Data successfully extracted and saved to gameInfo/Capture The Flag.json
Server listening on 127.0.0.1:5000
WHOAMI updated: Chinese

Game  1  Round  1   [MY_MOVE] purchase
Sending: [{'delegate': 'purchase', 'unit': 'armour', 'from': '', 'to': 'ChineseBase'}, {'delegate': 'purchase', 'unit': 'armour', 'from': '', 'to': 'ChineseBase'}, {'delegate': 'purchase', 'unit': 'armour', 'from': '', 'to': 'ChineseBase'}]

Game  1  Round  1   [MY_MOVE] combat
MCTS ran 202 iterations in 1.0s
Root node visits: 202
Best action visits: 69, value: -0.026
Selected action : combat delegate on ChineseStartLeft
	Move units: 1xarmour from ChineseBase
	strength=3
Sending: [{'delegate': 'combat', 'from': 'ChineseBase', 'to': 'ChineseStartLeft', 'unit': 'armour', 'count': 1}]

Game  1  Round  1   [MY_MOVE] noncombat
Sending: [{'delegate': 'noncombat', 'from': 'ChineseStart', 'to': 'ChineseStartLeft', 'unit': 'infantry'}]

Game  1  Round  2   [MY_MOVE] purchase
Sending: [{'delegate': 'purchase', 'unit': 'infantry', 'from': '', 'to': 'ChineseBase'}, {'delegate': 'purchase', 'unit': 'artillery', 'from': '', 'to': 'ChineseBase'}, {'delegate': 'purchase', 'unit': 'artillery', 'from': '', 'to': 'ChineseBase'}, {'delegate': 'purchase', 'unit': 'artillery', 'from': '', 'to': 'ChineseBase'}]

Game  1  Round  2   [MY_MOVE] combat
MCTS ran 164 iterations in 1.0s
Root node visits: 164
Best action visits: 42, value: 0.153
Selected action : combat delegate on ChineseStepOne
	Move units: 1xarmour from ChineseBase
	strength=9
Sending: [{'delegate': 'combat', 'from': 'ChineseBase', 'to': 'ChineseStepOne', 'unit': 'armour', 'count': 1}]

Game  1  Round  2   [MY_MOVE] noncombat
Sending: [{'delegate': 'noncombat', 'from': 'ChineseStepOne', 'to': 'ChineseBase', 'unit': 'armour'}]

Game  1  Round  3   [MY_MOVE] purchase
Sending: [{'delegate': 'purchase', 'unit': 'infantry', 'from': '', 'to': 'ChineseBase'}, {'delegate': 'purchase', 'unit': 'infantry', 'from': '', 'to': 'ChineseBase'}, {'delegate': 'purchase', 'unit': 'infantry', 'from': '', 'to': 'ChineseBase'}, {'delegate': 'purchase', 'unit': 'infantry', 'from': '', 'to': 'ChineseBase'}, {'delegate': 'purchase', 'unit': 'artillery', 'from': '', 'to': 'ChineseBase'}, {'delegate': 'purchase', 'unit': 'armour', 'from': '', 'to': 'ChineseBase'}]

Game  1  Round  3   [MY_MOVE] combat
MCTS ran 150 iterations in 1.0s
Root node visits: 150
Best action visits: 30, value: 0.308
Selected action : combat delegate on ChineseStartRight
	Move units: 1xarmour from ChineseBase
	strength=6
Sending: [{'delegate': 'combat', 'from': 'ChineseBase', 'to': 'ChineseStartRight', 'unit': 'armour', 'count': 1}]

Game  1  Round  3   [MY_MOVE] noncombat
Sending: [{'delegate': 'noncombat', 'from': 'ChineseStartLeft', 'to': 'ChineseBase', 'unit': 'armour'}]

Game  1  Round  4   [MY_MOVE] purchase
Sending: [{'delegate': 'purchase', 'unit': 'infantry', 'from': '', 'to': 'ChineseBase'}, {'delegate': 'purchase', 'unit': 'artillery', 'from': '', 'to': 'ChineseBase'}, {'delegate': 'purchase', 'unit': 'armour', 'from': '', 'to': 'ChineseBase'}, {'delegate': 'purchase', 'unit': 'armour', 'from': '', 'to': 'ChineseBase'}]

Game  1  Round  4   [MY_MOVE] combat
MCTS ran 155 iterations in 1.0s
Root node visits: 155
Best action visits: 53, value: 0.015
Selected action : combat delegate on ChineseStepTwo
	Move units: 1xarmour from ChineseStepOne
	strength=3
Sending: [{'delegate': 'combat', 'from': 'ChineseStepOne', 'to': 'ChineseStepTwo', 'unit': 'armour', 'count': 1}]

Game  1  Round  4   [MY_MOVE] noncombat
Sending: [{'delegate': 'noncombat', 'from': 'ChineseStepTwo', 'to': 'ChineseStart', 'unit': 'armour'}]

Game  1  Round  5   [MY_MOVE] purchase
Sending: [{'delegate': 'purchase', 'unit': 'infantry', 'from': '', 'to': 'ChineseBase'}, {'delegate': 'purchase', 'unit': 'armour', 'from': '', 'to': 'ChineseBase'}, {'delegate': 'purchase', 'unit': 'armour', 'from': '', 'to': 'ChineseBase'}, {'delegate': 'purchase', 'unit': 'armour', 'from': '', 'to': 'ChineseBase'}]

Game  1  Round  5   [MY_MOVE] combat
MCTS ran 142 iterations in 1.0s
Root node visits: 142
Best action visits: 29, value: 0.268
Selected action : combat delegate on ItalianStepTwo
	Move units: 1xarmour from ChineseStepTwo
	strength=3
Sending: [{'delegate': 'combat', 'from': 'ChineseStepTwo', 'to': 'ItalianStepTwo', 'unit': 'armour', 'count': 1}]

Game  1  Round  5   [MY_MOVE] noncombat
Sending: [{'delegate': 'noncombat', 'from': 'ChineseBase', 'to': 'ChineseStart', 'unit': 'armour'}]

Game  1  Round  6   [MY_MOVE] purchase
Sending: [{'delegate': 'purchase', 'unit': 'infantry', 'from': '', 'to': 'ChineseBase'}, {'delegate': 'purchase', 'unit': 'infantry', 'from': '', 'to': 'ChineseBase'}, {'delegate': 'purchase', 'unit': 'artillery', 'from': '', 'to': 'ChineseBase'}, {'delegate': 'purchase', 'unit': 'artillery', 'from': '', 'to': 'ChineseBase'}, {'delegate': 'purchase', 'unit': 'artillery', 'from': '', 'to': 'ChineseBase'}, {'delegate': 'purchase', 'unit': 'artillery', 'from': '', 'to': 'ChineseBase'}]

Game  1  Round  6   [MY_MOVE] combat
MCTS ran 133 iterations in 1.0s
Root node visits: 133
Best action visits: 9, value: 0.243
Selected action : combat delegate on ChineseStartLeft
	Move units: 3xarmour from ChineseBase
	strength=9
Sending: [{'delegate': 'combat', 'from': 'ChineseBase', 'to': 'ChineseStartLeft', 'unit': 'armour', 'count': 3}]

Game  1  Round  6   [MY_MOVE] noncombat
Sending: [{'delegate': 'noncombat', 'from': 'ChineseStartLeft', 'to': 'ChineseStepOne', 'unit': 'armour'}]

Game  1  Round  7   [MY_MOVE] purchase
Sending: [{'delegate': 'purchase', 'unit': 'infantry', 'from': '', 'to': 'ChineseBase'}, {'delegate': 'purchase', 'unit': 'infantry', 'from': '', 'to': 'ChineseBase'}, {'delegate': 'purchase', 'unit': 'artillery', 'from': '', 'to': 'ChineseBase'}, {'delegate': 'purchase', 'unit': 'armour', 'from': '', 'to': 'ChineseBase'}]

Game  1  Round  7   [MY_MOVE] combat
MCTS ran 144 iterations in 1.0s
Root node visits: 144
Best action visits: 9, value: 0.227
Selected action : combat delegate on ChineseStartLeft
	Move units: 3xarmour from ChineseBase
	strength=9
Sending: [{'delegate': 'combat', 'from': 'ChineseBase', 'to': 'ChineseStartLeft', 'unit': 'armour', 'count': 3}]

Game  1  Round  7   [MY_MOVE] noncombat
Sending: [{'delegate': 'noncombat', 'from': 'ChineseStartLeft', 'to': 'ChineseStepOne', 'unit': 'armour'}]

Game  1  Round  8   [MY_MOVE] purchase
Sending: [{'delegate': 'purchase', 'unit': 'artillery', 'from': '', 'to': 'ChineseBase'}, {'delegate': 'purchase', 'unit': 'artillery', 'from': '', 'to': 'ChineseBase'}, {'delegate': 'purchase', 'unit': 'artillery', 'from': '', 'to': 'ChineseBase'}, {'delegate': 'purchase', 'unit': 'artillery', 'from': '', 'to': 'ChineseBase'}]

Game  1  Round  8   [MY_MOVE] combat
MCTS ran 136 iterations in 1.0s
Root node visits: 136
Best action visits: 10, value: 0.236
Selected action : combat delegate on ChineseStartRight
	Move units: 2xarmour from ChineseBase
	Move units: 1xarmour from ChineseStart
	strength=9
Sending: [{'delegate': 'combat', 'from': 'ChineseBase', 'to': 'ChineseStartRight', 'unit': 'armour', 'count': 2}, {'delegate': 'combat', 'from': 'ChineseStart', 'to': 'ChineseStartRight', 'unit': 'armour', 'count': 1}]

Game  1  Round  8   [MY_MOVE] noncombat
Sending: [{'delegate': 'noncombat', 'from': 'ChineseStartLeft', 'to': 'ChineseStepOne', 'unit': 'armour'}]

Game  1  Round  9   [MY_MOVE] purchase
Sending: [{'delegate': 'purchase', 'unit': 'infantry', 'from': '', 'to': 'ChineseBase'}, {'delegate': 'purchase', 'unit': 'artillery', 'from': '', 'to': 'ChineseBase'}, {'delegate': 'purchase', 'unit': 'artillery', 'from': '', 'to': 'ChineseBase'}]

Game  1  Round  9   [MY_MOVE] combat
MCTS ran 134 iterations in 1.0s
Root node visits: 134
Best action visits: 11, value: 0.253
Selected action : combat delegate on Flag
	Move units: 1xarmour from ChineseStepOne
	Move units: 1xarmour from ChineseStepTwo
	strength=6
Sending: [{'delegate': 'combat', 'from': 'ChineseStepOne', 'to': 'Flag', 'unit': 'armour', 'count': 1}, {'delegate': 'combat', 'from': 'ChineseStepTwo', 'to': 'Flag', 'unit': 'armour', 'count': 1}]

Game  1  Round  9   [MY_MOVE] noncombat
Sending: [{'delegate': 'noncombat', 'from': 'ChineseBase', 'to': 'ChineseStart', 'unit': 'artillery'}]

Game  1  Round  10   [MY_MOVE] purchase
Sending: [{'delegate': 'purchase', 'unit': 'infantry', 'from': '', 'to': 'ChineseBase'}, {'delegate': 'purchase', 'unit': 'infantry', 'from': '', 'to': 'ChineseBase'}, {'delegate': 'purchase', 'unit': 'armour', 'from': '', 'to': 'ChineseBase'}, {'delegate': 'purchase', 'unit': 'armour', 'from': '', 'to': 'ChineseBase'}, {'delegate': 'purchase', 'unit': 'armour', 'from': '', 'to': 'ChineseBase'}]

Game  1  Round  10   [MY_MOVE] combat
MCTS ran 137 iterations in 1.0s
Root node visits: 137
Best action visits: 11, value: 0.270
Selected action : combat delegate on ChineseStart
	Move units: 5xartillery from ChineseBase
	strength=10
Sending: [{'delegate': 'combat', 'from': 'ChineseBase', 'to': 'ChineseStart', 'unit': 'artillery', 'count': 5}]

Game  1  Round  10   [MY_MOVE] noncombat
Sending: [{'delegate': 'noncombat', 'from': 'ChineseBase', 'to': 'ChineseStart', 'unit': 'infantry'}]

Game  1  Round  11   [MY_MOVE] purchase
Sending: [{'delegate': 'purchase', 'unit': 'infantry', 'from': '', 'to': 'ChineseBase'}, {'delegate': 'purchase', 'unit': 'infantry', 'from': '', 'to': 'ChineseBase'}, {'delegate': 'purchase', 'unit': 'infantry', 'from': '', 'to': 'ChineseBase'}, {'delegate': 'purchase', 'unit': 'infantry', 'from': '', 'to': 'ChineseBase'}, {'delegate': 'purchase', 'unit': 'infantry', 'from': '', 'to': 'ChineseBase'}, {'delegate': 'purchase', 'unit': 'artillery', 'from': '', 'to': 'ChineseBase'}, {'delegate': 'purchase', 'unit': 'artillery', 'from': '', 'to': 'ChineseBase'}, {'delegate': 'purchase', 'unit': 'artillery', 'from': '', 'to': 'ChineseBase'}, {'delegate': 'purchase', 'unit': 'armour', 'from': '', 'to': 'ChineseBase'}, {'delegate': 'purchase', 'unit': 'armour', 'from': '', 'to': 'ChineseBase'}, {'delegate': 'purchase', 'unit': 'armour', 'from': '', 'to': 'ChineseBase'}, {'delegate': 'purchase', 'unit': 'armour', 'from': '', 'to': 'ChineseBase'}, {'delegate': 'purchase', 'unit': 'armour', 'from': '', 'to': 'ChineseBase'}]

Game  1  Round  11   [MY_MOVE] combat
MCTS ran 124 iterations in 1.0s
Root node visits: 124
Best action visits: 9, value: 0.263
Selected action : combat delegate on ChineseStartLeft
	Move units: 3xarmour from ChineseBase
	Move units: 4xartillery from ChineseStart
	Move units: 1xinfantry from ChineseStart
	strength=19
Sending: [{'delegate': 'combat', 'from': 'ChineseBase', 'to': 'ChineseStartLeft', 'unit': 'armour', 'count': 3}, {'delegate': 'combat', 'from': 'ChineseStart', 'to': 'ChineseStartLeft', 'unit': 'artillery', 'count': 4}, {'delegate': 'combat', 'from': 'ChineseStart', 'to': 'ChineseStartLeft', 'unit': 'infantry', 'count': 1}]

Game  1  Round  11   [MY_MOVE] noncombat
Sending: [{'delegate': 'noncombat', 'from': 'ChineseBase', 'to': 'ChineseStart', 'unit': 'infantry'}]

Game  1  Round  12   [MY_MOVE] purchase
Sending: [{'delegate': 'purchase', 'unit': 'infantry', 'from': '', 'to': 'ChineseBase'}, {'delegate': 'purchase', 'unit': 'infantry', 'from': '', 'to': 'ChineseBase'}, {'delegate': 'purchase', 'unit': 'armour', 'from': '', 'to': 'ChineseBase'}]

Game  1  Round  12   [MY_MOVE] combat
MCTS ran 121 iterations in 1.0s
Root node visits: 121
Best action visits: 13, value: 0.283
Selected action : combat delegate on ChineseStartLeft
	Move units: 5xarmour from ChineseBase
	Move units: 1xinfantry from ChineseStart
	strength=16
Sending: [{'delegate': 'combat', 'from': 'ChineseBase', 'to': 'ChineseStartLeft', 'unit': 'armour', 'count': 5}, {'delegate': 'combat', 'from': 'ChineseStart', 'to': 'ChineseStartLeft', 'unit': 'infantry', 'count': 1}]

Game  1  Round  12   [MY_MOVE] noncombat
Sending: [{'delegate': 'noncombat', 'from': 'ChineseBase', 'to': 'ChineseStart', 'unit': 'infantry'}]

Game  1  Round  13   [MY_MOVE] purchase
Sending: [{'delegate': 'purchase', 'unit': 'infantry', 'from': '', 'to': 'ChineseBase'}, {'delegate': 'purchase', 'unit': 'infantry', 'from': '', 'to': 'ChineseBase'}]

Game  1  Round  13   [MY_MOVE] combat
MCTS ran 123 iterations in 1.0s
Root node visits: 123
Best action visits: 16, value: 0.298
Selected action : combat delegate on ChineseStartLeft
	Move units: 1xarmour from ChineseBase
	Move units: 3xarmour from ChineseStart
	Move units: 1xinfantry from ChineseStart
	strength=13
Sending: [{'delegate': 'combat', 'from': 'ChineseBase', 'to': 'ChineseStartLeft', 'unit': 'armour', 'count': 1}, {'delegate': 'combat', 'from': 'ChineseStart', 'to': 'ChineseStartLeft', 'unit': 'armour', 'count': 3}, {'delegate': 'combat', 'from': 'ChineseStart', 'to': 'ChineseStartLeft', 'unit': 'infantry', 'count': 1}]

Game  1  Round  13   [MY_MOVE] noncombat
Sending: [{'delegate': 'noncombat', 'from': 'ChineseStart', 'to': 'ChineseBase', 'unit': 'armour'}]

Game  1  Round  14   [MY_MOVE] purchase
Sending: [{'delegate': 'purchase', 'unit': 'infantry', 'from': '', 'to': 'ChineseBase'}, {'delegate': 'purchase', 'unit': 'infantry', 'from': '', 'to': 'ChineseBase'}, {'delegate': 'purchase', 'unit': 'infantry', 'from': '', 'to': 'ChineseBase'}, {'delegate': 'purchase', 'unit': 'artillery', 'from': '', 'to': 'ChineseBase'}, {'delegate': 'purchase', 'unit': 'armour', 'from': '', 'to': 'ChineseBase'}]

Game  1  Round  14   [MY_MOVE] combat
MCTS ran 126 iterations in 1.0s
Root node visits: 126
Best action visits: 21, value: 0.318
Selected action : combat delegate on ChineseStart
	Move units: 7xartillery from ChineseBase
	strength=14
Sending: [{'delegate': 'combat', 'from': 'ChineseBase', 'to': 'ChineseStart', 'unit': 'artillery', 'count': 7}]

Game  1  Round  14   [MY_MOVE] noncombat
Sending: [{'delegate': 'noncombat', 'from': 'ChineseBase', 'to': 'ChineseStart', 'unit': 'infantry'}]

Game  1  Round  15   [MY_MOVE] purchase
Sending: [{'delegate': 'purchase', 'unit': 'armour', 'from': '', 'to': 'ChineseBase'}, {'delegate': 'purchase', 'unit': 'armour', 'from': '', 'to': 'ChineseBase'}]

Game  1  Round  15   [MY_MOVE] combat
MCTS ran 116 iterations in 1.0s
Root node visits: 116
Best action visits: 8, value: 0.254
Selected action : combat delegate on ChineseStartLeft
	Move units: 1xarmour from ChineseBase
	Move units: 3xartillery from ChineseStart
	strength=9
Sending: [{'delegate': 'combat', 'from': 'ChineseBase', 'to': 'ChineseStartLeft', 'unit': 'armour', 'count': 1}, {'delegate': 'combat', 'from': 'ChineseStart', 'to': 'ChineseStartLeft', 'unit': 'artillery', 'count': 3}]

Game  1  Round  15   [MY_MOVE] noncombat
Sending: [{'delegate': 'noncombat', 'from': 'ChineseStartLeft', 'to': 'ChineseStart', 'unit': 'armour'}]

Game  1  Round  16   [MY_MOVE] purchase
Sending: [{'delegate': 'purchase', 'unit': 'artillery', 'from': '', 'to': 'ChineseBase'}, {'delegate': 'purchase', 'unit': 'artillery', 'from': '', 'to': 'ChineseBase'}, {'delegate': 'purchase', 'unit': 'artillery', 'from': '', 'to': 'ChineseBase'}]

Game  1  Round  16   [MY_MOVE] combat
MCTS ran 120 iterations in 1.0s
Root node visits: 120
Best action visits: 11, value: 0.290
Selected action : combat delegate on ChineseStartRight
	Move units: 2xarmour from ChineseBase
	Move units: 1xarmour from ChineseStartLeft
	Move units: 3xartillery from ChineseStart
	Move units: 1xinfantry from ChineseStart
	strength=17
Sending: [{'delegate': 'combat', 'from': 'ChineseBase', 'to': 'ChineseStartRight', 'unit': 'armour', 'count': 2}, {'delegate': 'combat', 'from': 'ChineseStartLeft', 'to': 'ChineseStartRight', 'unit': 'armour', 'count': 1}, {'delegate': 'combat', 'from': 'ChineseStart', 'to': 'ChineseStartRight', 'unit': 'artillery', 'count': 3}, {'delegate': 'combat', 'from': 'ChineseStart', 'to': 'ChineseStartRight', 'unit': 'infantry', 'count': 1}]

Game  1  Round  16   [MY_MOVE] noncombat
Sending: [{'delegate': 'noncombat', 'from': 'ChineseBase', 'to': 'ChineseStart', 'unit': 'infantry'}]

Game  1  Round  17   [MY_MOVE] purchase
Sending: [{'delegate': 'purchase', 'unit': 'artillery', 'from': '', 'to': 'ChineseBase'}, {'delegate': 'purchase', 'unit': 'artillery', 'from': '', 'to': 'ChineseBase'}, {'delegate': 'purchase', 'unit': 'armour', 'from': '', 'to': 'ChineseBase'}, {'delegate': 'purchase', 'unit': 'armour', 'from': '', 'to': 'ChineseBase'}, {'delegate': 'purchase', 'unit': 'armour', 'from': '', 'to': 'ChineseBase'}]

Game  1  Round  17   [MY_MOVE] combat
MCTS ran 123 iterations in 1.0s
Root node visits: 123
Best action visits: 13, value: 0.317
Selected action : combat delegate on ChineseStartRight
	Move units: 3xarmour from ChineseStart
	Move units: 2xartillery from ChineseStart
	Move units: 1xinfantry from ChineseStart
	strength=15
Sending: [{'delegate': 'combat', 'from': 'ChineseStart', 'to': 'ChineseStartRight', 'unit': 'armour', 'count': 3}, {'delegate': 'combat', 'from': 'ChineseStart', 'to': 'ChineseStartRight', 'unit': 'artillery', 'count': 2}, {'delegate': 'combat', 'from': 'ChineseStart', 'to': 'ChineseStartRight', 'unit': 'infantry', 'count': 1}]

Game  1  Round  17   [MY_MOVE] noncombat
Sending: [{'delegate': 'noncombat', 'from': 'ChineseBase', 'to': 'ChineseStart', 'unit': 'infantry'}]

Game  1  Round  18   [MY_MOVE] purchase
Sending: [{'delegate': 'purchase', 'unit': 'artillery', 'from': '', 'to': 'ChineseBase'}, {'delegate': 'purchase', 'unit': 'artillery', 'from': '', 'to': 'ChineseBase'}, {'delegate': 'purchase', 'unit': 'artillery', 'from': '', 'to': 'ChineseBase'}]

Game  1  Round  18   [MY_MOVE] combat
MCTS ran 128 iterations in 1.0s
Root node visits: 128
Best action visits: 10, value: 0.297
Selected action : combat delegate on ChineseStart
	Move units: 3xarmour from ChineseBase
	Move units: 8xartillery from ChineseBase
	strength=25
Sending: [{'delegate': 'combat', 'from': 'ChineseBase', 'to': 'ChineseStart', 'unit': 'armour', 'count': 3}, {'delegate': 'combat', 'from': 'ChineseBase', 'to': 'ChineseStart', 'unit': 'artillery', 'count': 8}]

Game  1  Round  18   [MY_MOVE] noncombat
Sending: [{'delegate': 'noncombat', 'from': 'ChineseBase', 'to': 'ChineseStart', 'unit': 'artillery'}]

Game  1  Round  19   [MY_MOVE] purchase
Sending: [{'delegate': 'purchase', 'unit': 'artillery', 'from': '', 'to': 'ChineseBase'}, {'delegate': 'purchase', 'unit': 'artillery', 'from': '', 'to': 'ChineseBase'}, {'delegate': 'purchase', 'unit': 'artillery', 'from': '', 'to': 'ChineseBase'}, {'delegate': 'purchase', 'unit': 'artillery', 'from': '', 'to': 'ChineseBase'}]

Game  1  Round  19   [MY_MOVE] combat
MCTS ran 121 iterations in 1.0s
Root node visits: 121
Best action visits: 11, value: 0.316
Selected action : combat delegate on ChineseStartLeft
	Move units: 3xarmour from ChineseStart
	strength=9
Sending: [{'delegate': 'combat', 'from': 'ChineseStart', 'to': 'ChineseStartLeft', 'unit': 'armour', 'count': 3}]

Game  1  Round  19   [MY_MOVE] noncombat
Sending: [{'delegate': 'noncombat', 'from': 'ChineseBase', 'to': 'ChineseStart', 'unit': 'infantry'}]

Game  1  Round  20   [MY_MOVE] purchase
Sending: [{'delegate': 'purchase', 'unit': 'infantry', 'from': '', 'to': 'ChineseBase'}, {'delegate': 'purchase', 'unit': 'armour', 'from': '', 'to': 'ChineseBase'}]

Game  1  Round  20   [MY_MOVE] combat
MCTS ran 125 iterations in 1.0s
Root node visits: 125
Best action visits: 13, value: 0.346
Selected action : combat delegate on ChineseStartRight
	Move units: 7xartillery from ChineseStart
	Move units: 1xinfantry from ChineseStart
	strength=16
Sending: [{'delegate': 'combat', 'from': 'ChineseStart', 'to': 'ChineseStartRight', 'unit': 'artillery', 'count': 7}, {'delegate': 'combat', 'from': 'ChineseStart', 'to': 'ChineseStartRight', 'unit': 'infantry', 'count': 1}]

Game  1  Round  20   [MY_MOVE] noncombat
Sending: [{'delegate': 'noncombat', 'from': 'ChineseStart', 'to': 'ChineseBase', 'unit': 'artillery'}]

Game  1  Round  21   [MY_MOVE] purchase
Sending: [{'delegate': 'purchase', 'unit': 'infantry', 'from': '', 'to': 'ChineseBase'}, {'delegate': 'purchase', 'unit': 'artillery', 'from': '', 'to': 'ChineseBase'}, {'delegate': 'purchase', 'unit': 'armour', 'from': '', 'to': 'ChineseBase'}, {'delegate': 'purchase', 'unit': 'armour', 'from': '', 'to': 'ChineseBase'}]

Game  1  Round  21   [MY_MOVE] combat
MCTS ran 125 iterations in 1.0s
Root node visits: 125
Best action visits: 14, value: 0.347
Selected action : combat delegate on ChineseStartLeft
	Move units: 1xarmour from ChineseBase
	Move units: 4xartillery from ChineseStart
	strength=11
Sending: [{'delegate': 'combat', 'from': 'ChineseBase', 'to': 'ChineseStartLeft', 'unit': 'armour', 'count': 1}, {'delegate': 'combat', 'from': 'ChineseStart', 'to': 'ChineseStartLeft', 'unit': 'artillery', 'count': 4}]

Game  1  Round  21   [MY_MOVE] noncombat
Sending: [{'delegate': 'noncombat', 'from': 'ChineseBase', 'to': 'ChineseStart', 'unit': 'infantry'}]

Game  1  Round  22   [MY_MOVE] purchase
Sending: [{'delegate': 'purchase', 'unit': 'artillery', 'from': '', 'to': 'ChineseBase'}]

Game  1  Round  22   [MY_MOVE] combat
MCTS ran 110 iterations in 1.0s
Root node visits: 110
Best action visits: 10, value: 0.320
Selected action : combat delegate on ChineseStartLeft
	Move units: 2xarmour from ChineseBase
	strength=6
Sending: [{'delegate': 'combat', 'from': 'ChineseBase', 'to': 'ChineseStartLeft', 'unit': 'armour', 'count': 2}]

Game  1  Round  22   [MY_MOVE] noncombat
Sending: [{'delegate': 'noncombat', 'from': 'ChineseBase', 'to': 'ChineseStart', 'unit': 'infantry'}]

Game  1  Round  23   [MY_MOVE] purchase
Sending: [{'delegate': 'purchase', 'unit': 'infantry', 'from': '', 'to': 'ChineseBase'}, {'delegate': 'purchase', 'unit': 'infantry', 'from': '', 'to': 'ChineseBase'}, {'delegate': 'purchase', 'unit': 'infantry', 'from': '', 'to': 'ChineseBase'}, {'delegate': 'purchase', 'unit': 'infantry', 'from': '', 'to': 'ChineseBase'}, {'delegate': 'purchase', 'unit': 'infantry', 'from': '', 'to': 'ChineseBase'}, {'delegate': 'purchase', 'unit': 'armour', 'from': '', 'to': 'ChineseBase'}]

Game  1  Round  23   [MY_MOVE] combat
MCTS ran 122 iterations in 1.0s
Root node visits: 122
Best action visits: 21, value: 0.372
Selected action : combat delegate on ChineseStartRight
	Move units: 1xarmour from ChineseStart
	Move units: 1xartillery from ChineseStart
	Move units: 2xinfantry from ChineseStart
	strength=11
Sending: [{'delegate': 'combat', 'from': 'ChineseStart', 'to': 'ChineseStartRight', 'unit': 'armour', 'count': 1}, {'delegate': 'combat', 'from': 'ChineseStart', 'to': 'ChineseStartRight', 'unit': 'artillery', 'count': 1}, {'delegate': 'combat', 'from': 'ChineseStart', 'to': 'ChineseStartRight', 'unit': 'infantry', 'count': 2}]

Game  1  Round  23   [MY_MOVE] noncombat
Sending: [{'delegate': 'noncombat', 'from': 'ChineseBase', 'to': 'ChineseStart', 'unit': 'artillery'}]

Game  1  Round  24   [MY_MOVE] purchase
Sending: [{'delegate': 'purchase', 'unit': 'infantry', 'from': '', 'to': 'ChineseBase'}, {'delegate': 'purchase', 'unit': 'infantry', 'from': '', 'to': 'ChineseBase'}, {'delegate': 'purchase', 'unit': 'infantry', 'from': '', 'to': 'ChineseBase'}, {'delegate': 'purchase', 'unit': 'armour', 'from': '', 'to': 'ChineseBase'}]

Game  1  Round  24   [MY_MOVE] combat
MCTS ran 127 iterations in 1.0s
Root node visits: 127
Best action visits: 19, value: 0.361
Selected action : combat delegate on ChineseStart
	Move units: 1xarmour from ChineseBase
	Move units: 6xartillery from ChineseBase
	strength=15
Sending: [{'delegate': 'combat', 'from': 'ChineseBase', 'to': 'ChineseStart', 'unit': 'armour', 'count': 1}, {'delegate': 'combat', 'from': 'ChineseBase', 'to': 'ChineseStart', 'unit': 'artillery', 'count': 6}]

Game  1  Round  24   [MY_MOVE] noncombat
Sending: [{'delegate': 'noncombat', 'from': 'ChineseBase', 'to': 'ChineseStart', 'unit': 'artillery'}]

Game  1  Round  25   [MY_MOVE] purchase
Sending: [{'delegate': 'purchase', 'unit': 'infantry', 'from': '', 'to': 'ChineseBase'}, {'delegate': 'purchase', 'unit': 'armour', 'from': '', 'to': 'ChineseBase'}]

Game  1  Round  25   [MY_MOVE] combat
MCTS ran 122 iterations in 1.0s
Root node visits: 122
Best action visits: 14, value: 0.358
Selected action : combat delegate on ChineseStartLeft
	Move units: 1xarmour from ChineseBase
	Move units: 1xarmour from ChineseStart
	Move units: 7xartillery from ChineseStart
	strength=20
Sending: [{'delegate': 'combat', 'from': 'ChineseBase', 'to': 'ChineseStartLeft', 'unit': 'armour', 'count': 1}, {'delegate': 'combat', 'from': 'ChineseStart', 'to': 'ChineseStartLeft', 'unit': 'armour', 'count': 1}, {'delegate': 'combat', 'from': 'ChineseStart', 'to': 'ChineseStartLeft', 'unit': 'artillery', 'count': 7}]

Game  1  Round  25   [MY_MOVE] noncombat
Sending: [{'delegate': 'noncombat', 'from': 'ChineseStart', 'to': 'ChineseBase', 'unit': 'armour'}]

Game  1  Round  26   [MY_MOVE] purchase
Sending: [{'delegate': 'purchase', 'unit': 'infantry', 'from': '', 'to': 'ChineseBase'}, {'delegate': 'purchase', 'unit': 'infantry', 'from': '', 'to': 'ChineseBase'}, {'delegate': 'purchase', 'unit': 'infantry', 'from': '', 'to': 'ChineseBase'}, {'delegate': 'purchase', 'unit': 'infantry', 'from': '', 'to': 'ChineseBase'}]

Game  1  Round  26   [MY_MOVE] combat
MCTS ran 132 iterations in 1.0s
Root node visits: 132
Best action visits: 17, value: 0.370
Selected action : combat delegate on ChineseStartLeft
	Move units: 1xarmour from ChineseBase
	Move units: 2xarmour from ChineseStart
	Move units: 2xartillery from ChineseStart
	strength=13
Sending: [{'delegate': 'combat', 'from': 'ChineseBase', 'to': 'ChineseStartLeft', 'unit': 'armour', 'count': 1}, {'delegate': 'combat', 'from': 'ChineseStart', 'to': 'ChineseStartLeft', 'unit': 'armour', 'count': 2}, {'delegate': 'combat', 'from': 'ChineseStart', 'to': 'ChineseStartLeft', 'unit': 'artillery', 'count': 2}]

Game  1  Round  26   [MY_MOVE] noncombat
Sending: [{'delegate': 'noncombat', 'from': 'ChineseBase', 'to': 'ChineseStart', 'unit': 'infantry'}]

Game  1  Round  27   [MY_MOVE] purchase
Sending: [{'delegate': 'purchase', 'unit': 'infantry', 'from': '', 'to': 'ChineseBase'}, {'delegate': 'purchase', 'unit': 'artillery', 'from': '', 'to': 'ChineseBase'}]

Game  1  Round  27   [MY_MOVE] combat
MCTS ran 125 iterations in 1.0s
Root node visits: 125
Best action visits: 25, value: 0.374
Selected action : combat delegate on ChineseStart
	Move units: 4xartillery from ChineseBase
	Move units: 2xinfantry from ChineseBase
	strength=16
Sending: [{'delegate': 'combat', 'from': 'ChineseBase', 'to': 'ChineseStart', 'unit': 'artillery', 'count': 4}, {'delegate': 'combat', 'from': 'ChineseBase', 'to': 'ChineseStart', 'unit': 'infantry', 'count': 2}]

Game  1  Round  27   [MY_MOVE] noncombat
Sending: [{'delegate': 'noncombat', 'from': 'ChineseBase', 'to': 'ChineseStart', 'unit': 'infantry'}]

Game  1  Round  28   [MY_MOVE] purchase
Sending: [{'delegate': 'purchase', 'unit': 'artillery', 'from': '', 'to': 'ChineseBase'}, {'delegate': 'purchase', 'unit': 'artillery', 'from': '', 'to': 'ChineseBase'}, {'delegate': 'purchase', 'unit': 'artillery', 'from': '', 'to': 'ChineseBase'}, {'delegate': 'purchase', 'unit': 'armour', 'from': '', 'to': 'ChineseBase'}]

Game  1  Round  28   [MY_MOVE] combat
MCTS ran 143 iterations in 1.0s
Root node visits: 143
Best action visits: 12, value: 0.350
Selected action : combat delegate on ChineseStartRight
	Move units: 4xartillery from ChineseStart
	Move units: 3xinfantry from ChineseStart
	strength=26
Sending: [{'delegate': 'combat', 'from': 'ChineseStart', 'to': 'ChineseStartRight', 'unit': 'artillery', 'count': 4}, {'delegate': 'combat', 'from': 'ChineseStart', 'to': 'ChineseStartRight', 'unit': 'infantry', 'count': 3}]

Game  1  Round  28   [MY_MOVE] noncombat
Sending: [{'delegate': 'noncombat', 'from': 'ChineseStart', 'to': 'ChineseBase', 'unit': 'artillery'}]

Game  1  Round  29   [MY_MOVE] purchase
Sending: [{'delegate': 'purchase', 'unit': 'infantry', 'from': '', 'to': 'ChineseBase'}, {'delegate': 'purchase', 'unit': 'artillery', 'from': '', 'to': 'ChineseBase'}]

Game  1  Round  29   [MY_MOVE] combat
MCTS ran 134 iterations in 1.0s
Root node visits: 134
Best action visits: 23, value: 0.381
Selected action : combat delegate on ChineseStart
	Move units: 1xarmour from ChineseBase
	Move units: 4xartillery from ChineseBase
	Move units: 2xinfantry from ChineseBase
	strength=19
Sending: [{'delegate': 'combat', 'from': 'ChineseBase', 'to': 'ChineseStart', 'unit': 'armour', 'count': 1}, {'delegate': 'combat', 'from': 'ChineseBase', 'to': 'ChineseStart', 'unit': 'artillery', 'count': 4}, {'delegate': 'combat', 'from': 'ChineseBase', 'to': 'ChineseStart', 'unit': 'infantry', 'count': 2}]

Game  1  Round  29   [MY_MOVE] noncombat
Sending: [{'delegate': 'noncombat', 'from': 'ChineseStart', 'to': 'ChineseBase', 'unit': 'infantry'}]

Game  1  Round  30   [MY_MOVE] purchase
Sending: [{'delegate': 'purchase', 'unit': 'infantry', 'from': '', 'to': 'ChineseBase'}, {'delegate': 'purchase', 'unit': 'artillery', 'from': '', 'to': 'ChineseBase'}, {'delegate': 'purchase', 'unit': 'artillery', 'from': '', 'to': 'ChineseBase'}, {'delegate': 'purchase', 'unit': 'armour', 'from': '', 'to': 'ChineseBase'}]

Game  1  Round  30   [MY_MOVE] combat
MCTS ran 138 iterations in 1.0s
Root node visits: 138
Best action visits: 16, value: 0.373
Selected action : combat delegate on ChineseStepOne
	Move units: 1xarmour from ChineseStart
	Move units: 4xartillery from ChineseStart
	Move units: 1xinfantry from ChineseStart
	strength=13
Sending: [{'delegate': 'combat', 'from': 'ChineseStart', 'to': 'ChineseStepOne', 'unit': 'armour', 'count': 1}, {'delegate': 'combat', 'from': 'ChineseStart', 'to': 'ChineseStepOne', 'unit': 'artillery', 'count': 4}, {'delegate': 'combat', 'from': 'ChineseStart', 'to': 'ChineseStepOne', 'unit': 'infantry', 'count': 1}]

Game  1  Round  30   [MY_MOVE] noncombat
Sending: [{'delegate': 'noncombat', 'from': 'ChineseStart', 'to': 'ChineseBase', 'unit': 'artillery'}]

Game  1  Round  31   [MY_MOVE] purchase
Sending: [{'delegate': 'purchase', 'unit': 'armour', 'from': '', 'to': 'ChineseBase'}, {'delegate': 'purchase', 'unit': 'armour', 'from': '', 'to': 'ChineseBase'}, {'delegate': 'purchase', 'unit': 'armour', 'from': '', 'to': 'ChineseBase'}]

Game  1  Round  31   [MY_MOVE] combat
MCTS ran 138 iterations in 1.0s
Root node visits: 138
Best action visits: 23, value: 0.383
Selected action : combat delegate on ChineseStartLeft
	Move units: 1xarmour from ChineseBase
	Move units: 1xarmour from ChineseStart
	Move units: 1xartillery from ChineseStart
	strength=8
Sending: [{'delegate': 'combat', 'from': 'ChineseBase', 'to': 'ChineseStartLeft', 'unit': 'armour', 'count': 1}, {'delegate': 'combat', 'from': 'ChineseStart', 'to': 'ChineseStartLeft', 'unit': 'armour', 'count': 1}, {'delegate': 'combat', 'from': 'ChineseStart', 'to': 'ChineseStartLeft', 'unit': 'artillery', 'count': 1}]

Game  1  Round  31   [MY_MOVE] noncombat
Sending: [{'delegate': 'noncombat', 'from': 'ChineseBase', 'to': 'ChineseStart', 'unit': 'infantry'}]

Game  1  Round  32   [MY_MOVE] purchase
Sending: [{'delegate': 'purchase', 'unit': 'infantry', 'from': '', 'to': 'ChineseBase'}, {'delegate': 'purchase', 'unit': 'infantry', 'from': '', 'to': 'ChineseBase'}, {'delegate': 'purchase', 'unit': 'infantry', 'from': '', 'to': 'ChineseBase'}]

Game  1  Round  32   [MY_MOVE] combat
MCTS ran 134 iterations in 1.0s
Root node visits: 134
Best action visits: 23, value: 0.386
Selected action : combat delegate on ChineseStart
	Move units: 3xarmour from ChineseBase
	Move units: 2xartillery from ChineseBase
	strength=13
Sending: [{'delegate': 'combat', 'from': 'ChineseBase', 'to': 'ChineseStart', 'unit': 'armour', 'count': 3}, {'delegate': 'combat', 'from': 'ChineseBase', 'to': 'ChineseStart', 'unit': 'artillery', 'count': 2}]

Game  1  Round  32   [MY_MOVE] noncombat
Sending: [{'delegate': 'noncombat', 'from': 'ChineseStart', 'to': 'ChineseBase', 'unit': 'armour'}]

Game  1  Round  33   [MY_MOVE] purchase
Sending: [{'delegate': 'purchase', 'unit': 'infantry', 'from': '', 'to': 'ChineseBase'}, {'delegate': 'purchase', 'unit': 'infantry', 'from': '', 'to': 'ChineseBase'}, {'delegate': 'purchase', 'unit': 'infantry', 'from': '', 'to': 'ChineseBase'}, {'delegate': 'purchase', 'unit': 'infantry', 'from': '', 'to': 'ChineseBase'}, {'delegate': 'purchase', 'unit': 'artillery', 'from': '', 'to': 'ChineseBase'}]

Game  1  Round  33   [MY_MOVE] combat
MCTS ran 135 iterations in 1.0s
Root node visits: 135
Best action visits: 23, value: 0.388
Selected action : combat delegate on ChineseStartLeft
	Move units: 3xarmour from ChineseStart
	Move units: 2xartillery from ChineseStart
	strength=13
Sending: [{'delegate': 'combat', 'from': 'ChineseStart', 'to': 'ChineseStartLeft', 'unit': 'armour', 'count': 3}, {'delegate': 'combat', 'from': 'ChineseStart', 'to': 'ChineseStartLeft', 'unit': 'artillery', 'count': 2}]

Game  1  Round  33   [MY_MOVE] noncombat
Sending: [{'delegate': 'noncombat', 'from': 'ChineseBase', 'to': 'ChineseStart', 'unit': 'infantry'}]

Game  1  Round  34   [MY_MOVE] purchase
Sending: [{'delegate': 'purchase', 'unit': 'infantry', 'from': '', 'to': 'ChineseBase'}, {'delegate': 'purchase', 'unit': 'infantry', 'from': '', 'to': 'ChineseBase'}, {'delegate': 'purchase', 'unit': 'infantry', 'from': '', 'to': 'ChineseBase'}, {'delegate': 'purchase', 'unit': 'infantry', 'from': '', 'to': 'ChineseBase'}]

Game  1  Round  34   [MY_MOVE] combat
MCTS ran 139 iterations in 1.0s
Root node visits: 139
Best action visits: 35, value: 0.352
Selected action : combat delegate on ChineseStart
	Move units: 2xartillery from ChineseBase
	Move units: 2xinfantry from ChineseBase
	strength=12
Sending: [{'delegate': 'combat', 'from': 'ChineseBase', 'to': 'ChineseStart', 'unit': 'artillery', 'count': 2}, {'delegate': 'combat', 'from': 'ChineseBase', 'to': 'ChineseStart', 'unit': 'infantry', 'count': 2}]

Game  1  Round  34   [MY_MOVE] noncombat
Sending: [{'delegate': 'noncombat', 'from': 'ChineseBase', 'to': 'ChineseStart', 'unit': 'infantry'}]

Game  1  Round  35   [MY_MOVE] purchase
Sending: [{'delegate': 'purchase', 'unit': 'infantry', 'from': '', 'to': 'ChineseBase'}, {'delegate': 'purchase', 'unit': 'infantry', 'from': '', 'to': 'ChineseBase'}, {'delegate': 'purchase', 'unit': 'infantry', 'from': '', 'to': 'ChineseBase'}, {'delegate': 'purchase', 'unit': 'infantry', 'from': '', 'to': 'ChineseBase'}]

Game  1  Round  35   [MY_MOVE] combat
MCTS ran 139 iterations in 1.0s
Root node visits: 139
Best action visits: 24, value: 0.387
Selected action : combat delegate on ChineseStartLeft
	Move units: 2xartillery from ChineseStart
	Move units: 2xinfantry from ChineseStart
	strength=12
Sending: [{'delegate': 'combat', 'from': 'ChineseStart', 'to': 'ChineseStartLeft', 'unit': 'artillery', 'count': 2}, {'delegate': 'combat', 'from': 'ChineseStart', 'to': 'ChineseStartLeft', 'unit': 'infantry', 'count': 2}]

Game  1  Round  35   [MY_MOVE] noncombat
Sending: [{'delegate': 'noncombat', 'from': 'ChineseBase', 'to': 'ChineseStart', 'unit': 'infantry'}]

Game  1  Round  36   [MY_MOVE] purchase
Sending: [{'delegate': 'purchase', 'unit': 'infantry', 'from': '', 'to': 'ChineseBase'}, {'delegate': 'purchase', 'unit': 'infantry', 'from': '', 'to': 'ChineseBase'}, {'delegate': 'purchase', 'unit': 'armour', 'from': '', 'to': 'ChineseBase'}, {'delegate': 'purchase', 'unit': 'armour', 'from': '', 'to': 'ChineseBase'}]

Game  1  Round  36   [MY_MOVE] combat
MCTS ran 147 iterations in 1.0s
Root node visits: 147
Best action visits: 37, value: 0.250
Selected action : combat delegate on ChineseStart
	Move units: 5xinfantry from ChineseBase
	strength=25
Sending: [{'delegate': 'combat', 'from': 'ChineseBase', 'to': 'ChineseStart', 'unit': 'infantry', 'count': 5}]

Game  1  Round  36   [MY_MOVE] noncombat
Sending: []

Game  1  Round  37   [MY_MOVE] purchase
Sending: [{'delegate': 'purchase', 'unit': 'artillery', 'from': '', 'to': 'ChineseBase'}, {'delegate': 'purchase', 'unit': 'armour', 'from': '', 'to': 'ChineseBase'}]

Game  1  Round  37   [MY_MOVE] combat
MCTS ran 135 iterations in 1.0s
Root node visits: 135
Best action visits: 27, value: 0.371
Selected action : combat delegate on ChineseStart
	Move units: 2xarmour from ChineseBase
	Move units: 2xinfantry from ChineseBase
	strength=10
Sending: [{'delegate': 'combat', 'from': 'ChineseBase', 'to': 'ChineseStart', 'unit': 'armour', 'count': 2}, {'delegate': 'combat', 'from': 'ChineseBase', 'to': 'ChineseStart', 'unit': 'infantry', 'count': 2}]

Game  1  Round  37   [MY_MOVE] noncombat
Sending: [{'delegate': 'noncombat', 'from': 'ChineseStart', 'to': 'ChineseBase', 'unit': 'armour'}]

Game  1  Round  38   [MY_MOVE] purchase
Sending: [{'delegate': 'purchase', 'unit': 'infantry', 'from': '', 'to': 'ChineseBase'}, {'delegate': 'purchase', 'unit': 'artillery', 'from': '', 'to': 'ChineseBase'}, {'delegate': 'purchase', 'unit': 'armour', 'from': '', 'to': 'ChineseBase'}]

Game  1  Round  38   [MY_MOVE] combat
MCTS ran 139 iterations in 1.0s
Root node visits: 139
Best action visits: 16, value: 0.336
Selected action : combat delegate on ChineseStart
	Move units: 1xarmour from ChineseBase
	Move units: 1xartillery from ChineseBase
	Move units: 17xinfantry from ChineseBase
	strength=311
Sending: [{'delegate': 'combat', 'from': 'ChineseBase', 'to': 'ChineseStart', 'unit': 'armour', 'count': 1}, {'delegate': 'combat', 'from': 'ChineseBase', 'to': 'ChineseStart', 'unit': 'artillery', 'count': 1}, {'delegate': 'combat', 'from': 'ChineseBase', 'to': 'ChineseStart', 'unit': 'infantry', 'count': 17}]

Game  1  Round  38   [MY_MOVE] noncombat
Sending: []
Graph reset complete.
Starting next game in 5s.
WHOAMI updated: Italians

Game  2  Round  1   [MY_MOVE] purchase
Sending: [{'delegate': 'purchase', 'unit': 'artillery', 'from': '', 'to': 'ItalianBase'}, {'delegate': 'purchase', 'unit': 'artillery', 'from': '', 'to': 'ItalianBase'}]

Game  2  Round  1   [MY_MOVE] combat
MCTS ran 242 iterations in 1.0s
Root node visits: 242
Best action visits: 81, value: -0.081
Selected action : combat delegate on ItalianStartRight
	Move units: 1xinfantry from ItalianStart
	strength=2
Sending: [{'delegate': 'combat', 'from': 'ItalianStart', 'to': 'ItalianStartRight', 'unit': 'infantry', 'count': 1}]

Game  2  Round  1   [MY_MOVE] noncombat
Sending: [{'delegate': 'noncombat', 'from': 'ItalianStart', 'to': 'ItalianBase', 'unit': 'infantry'}]

Game  2  Round  2   [MY_MOVE] purchase
Sending: [{'delegate': 'purchase', 'unit': 'infantry', 'from': '', 'to': 'ItalianBase'}, {'delegate': 'purchase', 'unit': 'artillery', 'from': '', 'to': 'ItalianBase'}]

Game  2  Round  2   [MY_MOVE] combat
MCTS ran 179 iterations in 1.0s
Root node visits: 179
Best action visits: 60, value: -0.006
Selected action : combat delegate on ItalianStartLeft
	Move units: 1xarmour from ItalianBase
	strength=3
Sending: [{'delegate': 'combat', 'from': 'ItalianBase', 'to': 'ItalianStartLeft', 'unit': 'armour', 'count': 1}]

Game  2  Round  2   [MY_MOVE] noncombat
Sending: [{'delegate': 'noncombat', 'from': 'ItalianStartLeft', 'to': 'ItalianStart', 'unit': 'armour'}]

Game  2  Round  3   [MY_MOVE] purchase
Sending: [{'delegate': 'purchase', 'unit': 'infantry', 'from': '', 'to': 'ItalianBase'}, {'delegate': 'purchase', 'unit': 'infantry', 'from': '', 'to': 'ItalianBase'}, {'delegate': 'purchase', 'unit': 'infantry', 'from': '', 'to': 'ItalianBase'}, {'delegate': 'purchase', 'unit': 'infantry', 'from': '', 'to': 'ItalianBase'}, {'delegate': 'purchase', 'unit': 'artillery', 'from': '', 'to': 'ItalianBase'}]

Game  2  Round  3   [MY_MOVE] combat
MCTS ran 157 iterations in 1.0s
Root node visits: 157
Best action visits: 40, value: 0.113
Selected action : combat delegate on ItalianStepOne
	Move units: 1xarmour from ItalianStartLeft
	strength=3
Sending: [{'delegate': 'combat', 'from': 'ItalianStartLeft', 'to': 'ItalianStepOne', 'unit': 'armour', 'count': 1}]

Game  2  Round  3   [MY_MOVE] noncombat
Sending: [{'delegate': 'noncombat', 'from': 'ItalianBase', 'to': 'ItalianStart', 'unit': 'infantry'}]

Game  2  Round  4   [MY_MOVE] purchase
Sending: [{'delegate': 'purchase', 'unit': 'infantry', 'from': '', 'to': 'ItalianBase'}, {'delegate': 'purchase', 'unit': 'infantry', 'from': '', 'to': 'ItalianBase'}, {'delegate': 'purchase', 'unit': 'infantry', 'from': '', 'to': 'ItalianBase'}, {'delegate': 'purchase', 'unit': 'infantry', 'from': '', 'to': 'ItalianBase'}, {'delegate': 'purchase', 'unit': 'infantry', 'from': '', 'to': 'ItalianBase'}, {'delegate': 'purchase', 'unit': 'infantry', 'from': '', 'to': 'ItalianBase'}, {'delegate': 'purchase', 'unit': 'artillery', 'from': '', 'to': 'ItalianBase'}]

Game  2  Round  4   [MY_MOVE] combat
MCTS ran 158 iterations in 1.0s
Root node visits: 158
Best action visits: 27, value: 0.255
Selected action : combat delegate on ItalianStart
	Move units: 1xarmour from ItalianStepOne
	strength=3
Sending: [{'delegate': 'combat', 'from': 'ItalianStepOne', 'to': 'ItalianStart', 'unit': 'armour', 'count': 1}]

Game  2  Round  4   [MY_MOVE] noncombat
Sending: [{'delegate': 'noncombat', 'from': 'ItalianStart', 'to': 'ItalianStepOne', 'unit': 'armour'}]

Game  2  Round  5   [MY_MOVE] purchase
Sending: [{'delegate': 'purchase', 'unit': 'artillery', 'from': '', 'to': 'ItalianBase'}, {'delegate': 'purchase', 'unit': 'artillery', 'from': '', 'to': 'ItalianBase'}, {'delegate': 'purchase', 'unit': 'artillery', 'from': '', 'to': 'ItalianBase'}, {'delegate': 'purchase', 'unit': 'armour', 'from': '', 'to': 'ItalianBase'}, {'delegate': 'purchase', 'unit': 'armour', 'from': '', 'to': 'ItalianBase'}]

Game  2  Round  5   [MY_MOVE] combat
MCTS ran 149 iterations in 1.0s
Root node visits: 149
Best action visits: 38, value: 0.143
Selected action : combat delegate on ItalianStart
	Move units: 5xartillery from ItalianBase
	strength=10
Sending: [{'delegate': 'combat', 'from': 'ItalianBase', 'to': 'ItalianStart', 'unit': 'artillery', 'count': 5}]

Game  2  Round  5   [MY_MOVE] noncombat
Sending: [{'delegate': 'noncombat', 'from': 'ItalianStart', 'to': 'ItalianBase', 'unit': 'artillery'}]

Game  2  Round  6   [MY_MOVE] purchase
Sending: [{'delegate': 'purchase', 'unit': 'infantry', 'from': '', 'to': 'ItalianBase'}, {'delegate': 'purchase', 'unit': 'infantry', 'from': '', 'to': 'ItalianBase'}, {'delegate': 'purchase', 'unit': 'infantry', 'from': '', 'to': 'ItalianBase'}, {'delegate': 'purchase', 'unit': 'infantry', 'from': '', 'to': 'ItalianBase'}, {'delegate': 'purchase', 'unit': 'artillery', 'from': '', 'to': 'ItalianBase'}]

Game  2  Round  6   [MY_MOVE] combat
MCTS ran 144 iterations in 1.0s
Root node visits: 144
Best action visits: 21, value: 0.247
Selected action : combat delegate on ItalianStartLeft
	Move units: 2xarmour from ItalianBase
	Move units: 2xartillery from ItalianStart
	strength=10
Sending: [{'delegate': 'combat', 'from': 'ItalianBase', 'to': 'ItalianStartLeft', 'unit': 'armour', 'count': 2}, {'delegate': 'combat', 'from': 'ItalianStart', 'to': 'ItalianStartLeft', 'unit': 'artillery', 'count': 2}]

Game  2  Round  6   [MY_MOVE] noncombat
Sending: [{'delegate': 'noncombat', 'from': 'ItalianBase', 'to': 'ItalianStart', 'unit': 'infantry'}]

Game  2  Round  7   [MY_MOVE] purchase
Sending: [{'delegate': 'purchase', 'unit': 'infantry', 'from': '', 'to': 'ItalianBase'}, {'delegate': 'purchase', 'unit': 'infantry', 'from': '', 'to': 'ItalianBase'}, {'delegate': 'purchase', 'unit': 'infantry', 'from': '', 'to': 'ItalianBase'}, {'delegate': 'purchase', 'unit': 'infantry', 'from': '', 'to': 'ItalianBase'}]

Game  2  Round  7   [MY_MOVE] combat
MCTS ran 140 iterations in 1.0s
Root node visits: 140
Best action visits: 20, value: 0.254
Selected action : combat delegate on RightBar
	Move units: 2xarmour from ItalianStartLeft
	Move units: 2xartillery from ItalianStartLeft
	strength=10
Sending: [{'delegate': 'combat', 'from': 'ItalianStartLeft', 'to': 'RightBar', 'unit': 'armour', 'count': 2}, {'delegate': 'combat', 'from': 'ItalianStartLeft', 'to': 'RightBar', 'unit': 'artillery', 'count': 2}]

Game  2  Round  7   [MY_MOVE] noncombat
Sending: [{'delegate': 'noncombat', 'from': 'ItalianStart', 'to': 'ItalianStartLeft', 'unit': 'artillery'}]

Game  2  Round  8   [MY_MOVE] purchase
Sending: [{'delegate': 'purchase', 'unit': 'artillery', 'from': '', 'to': 'ItalianBase'}, {'delegate': 'purchase', 'unit': 'artillery', 'from': '', 'to': 'ItalianBase'}, {'delegate': 'purchase', 'unit': 'armour', 'from': '', 'to': 'ItalianBase'}, {'delegate': 'purchase', 'unit': 'armour', 'from': '', 'to': 'ItalianBase'}]

Game  2  Round  8   [MY_MOVE] combat
MCTS ran 141 iterations in 1.0s
Root node visits: 141
Best action visits: 36, value: 0.141
Selected action : combat delegate on ItalianStartRight
	Move units: 1xartillery from ItalianStart
	strength=4
Sending: [{'delegate': 'combat', 'from': 'ItalianStart', 'to': 'ItalianStartRight', 'unit': 'artillery', 'count': 1}]

Game  2  Round  8   [MY_MOVE] noncombat
Sending: [{'delegate': 'noncombat', 'from': 'ItalianStart', 'to': 'ItalianStartLeft', 'unit': 'infantry'}]

Game  2  Round  9   [MY_MOVE] purchase
Sending: [{'delegate': 'purchase', 'unit': 'artillery', 'from': '', 'to': 'ItalianBase'}, {'delegate': 'purchase', 'unit': 'artillery', 'from': '', 'to': 'ItalianBase'}, {'delegate': 'purchase', 'unit': 'artillery', 'from': '', 'to': 'ItalianBase'}]

Game  2  Round  9   [MY_MOVE] combat
MCTS ran 138 iterations in 1.0s
Root node visits: 138
Best action visits: 35, value: 0.135
Selected action : combat delegate on RightBar
	Move units: 1xartillery from ItalianStartLeft
	Move units: 1xinfantry from ItalianStartLeft
	strength=4
Sending: [{'delegate': 'combat', 'from': 'ItalianStartLeft', 'to': 'RightBar', 'unit': 'artillery', 'count': 1}, {'delegate': 'combat', 'from': 'ItalianStartLeft', 'to': 'RightBar', 'unit': 'infantry', 'count': 1}]

Game  2  Round  9   [MY_MOVE] noncombat
Sending: [{'delegate': 'noncombat', 'from': 'ItalianStart', 'to': 'ItalianStepOne', 'unit': 'artillery'}]

Game  2  Round  10   [MY_MOVE] purchase
Sending: [{'delegate': 'purchase', 'unit': 'infantry', 'from': '', 'to': 'ItalianBase'}, {'delegate': 'purchase', 'unit': 'armour', 'from': '', 'to': 'ItalianBase'}, {'delegate': 'purchase', 'unit': 'armour', 'from': '', 'to': 'ItalianBase'}]

Game  2  Round  10   [MY_MOVE] combat
MCTS ran 134 iterations in 1.0s
Root node visits: 134
Best action visits: 15, value: 0.240
Selected action : combat delegate on ItalianStart
	Move units: 2xarmour from ItalianBase
	Move units: 2xartillery from ItalianBase
	strength=10
Sending: [{'delegate': 'combat', 'from': 'ItalianBase', 'to': 'ItalianStart', 'unit': 'armour', 'count': 2}, {'delegate': 'combat', 'from': 'ItalianBase', 'to': 'ItalianStart', 'unit': 'artillery', 'count': 2}]

Game  2  Round  10   [MY_MOVE] noncombat
Sending: [{'delegate': 'noncombat', 'from': 'ItalianStart', 'to': 'ItalianBase', 'unit': 'armour'}]

Game  2  Round  11   [MY_MOVE] purchase
Sending: [{'delegate': 'purchase', 'unit': 'artillery', 'from': '', 'to': 'ItalianBase'}]

Game  2  Round  11   [MY_MOVE] combat
MCTS ran 133 iterations in 1.0s
Root node visits: 133
Best action visits: 17, value: 0.242
Selected action : combat delegate on ItalianStartLeft
	Move units: 2xarmour from ItalianBase
	Move units: 1xarmour from ItalianStart
	strength=9
Sending: [{'delegate': 'combat', 'from': 'ItalianBase', 'to': 'ItalianStartLeft', 'unit': 'armour', 'count': 2}, {'delegate': 'combat', 'from': 'ItalianStart', 'to': 'ItalianStartLeft', 'unit': 'armour', 'count': 1}]

Game  2  Round  11   [MY_MOVE] noncombat
Sending: [{'delegate': 'noncombat', 'from': 'ItalianBase', 'to': 'ItalianStart', 'unit': 'infantry'}]

Game  2  Round  12   [MY_MOVE] purchase
Sending: [{'delegate': 'purchase', 'unit': 'infantry', 'from': '', 'to': 'ItalianBase'}, {'delegate': 'purchase', 'unit': 'infantry', 'from': '', 'to': 'ItalianBase'}, {'delegate': 'purchase', 'unit': 'infantry', 'from': '', 'to': 'ItalianBase'}, {'delegate': 'purchase', 'unit': 'infantry', 'from': '', 'to': 'ItalianBase'}, {'delegate': 'purchase', 'unit': 'infantry', 'from': '', 'to': 'ItalianBase'}, {'delegate': 'purchase', 'unit': 'infantry', 'from': '', 'to': 'ItalianBase'}, {'delegate': 'purchase', 'unit': 'infantry', 'from': '', 'to': 'ItalianBase'}, {'delegate': 'purchase', 'unit': 'infantry', 'from': '', 'to': 'ItalianBase'}, {'delegate': 'purchase', 'unit': 'infantry', 'from': '', 'to': 'ItalianBase'}, {'delegate': 'purchase', 'unit': 'infantry', 'from': '', 'to': 'ItalianBase'}, {'delegate': 'purchase', 'unit': 'armour', 'from': '', 'to': 'ItalianBase'}, {'delegate': 'purchase', 'unit': 'armour', 'from': '', 'to': 'ItalianBase'}]

Game  2  Round  12   [MY_MOVE] combat
MCTS ran 132 iterations in 1.0s
Root node visits: 132
Best action visits: 17, value: 0.245
Selected action : combat delegate on RightBar
	Move units: 1xarmour from ItalianStart
	Move units: 2xarmour from ItalianStartLeft
	strength=9
Sending: [{'delegate': 'combat', 'from': 'ItalianStart', 'to': 'RightBar', 'unit': 'armour', 'count': 1}, {'delegate': 'combat', 'from': 'ItalianStartLeft', 'to': 'RightBar', 'unit': 'armour', 'count': 2}]

Game  2  Round  12   [MY_MOVE] noncombat
Sending: [{'delegate': 'noncombat', 'from': 'ItalianStart', 'to': 'ItalianStepOne', 'unit': 'infantry'}]

Game  2  Round  13   [MY_MOVE] purchase
Sending: [{'delegate': 'purchase', 'unit': 'infantry', 'from': '', 'to': 'ItalianBase'}, {'delegate': 'purchase', 'unit': 'armour', 'from': '', 'to': 'ItalianBase'}]

Game  2  Round  13   [MY_MOVE] combat
MCTS ran 136 iterations in 1.0s
Root node visits: 136
Best action visits: 23, value: 0.253
Selected action : combat delegate on TopBar
	Move units: 1xartillery from ItalianStartRight
	strength=2
Sending: [{'delegate': 'combat', 'from': 'ItalianStartRight', 'to': 'TopBar', 'unit': 'artillery', 'count': 1}]

Game  2  Round  13   [MY_MOVE] noncombat
Sending: [{'delegate': 'noncombat', 'from': 'ItalianStart', 'to': 'ItalianStepOne', 'unit': 'artillery'}]

Game  2  Round  14   [MY_MOVE] purchase
Sending: [{'delegate': 'purchase', 'unit': 'infantry', 'from': '', 'to': 'ItalianBase'}, {'delegate': 'purchase', 'unit': 'infantry', 'from': '', 'to': 'ItalianBase'}, {'delegate': 'purchase', 'unit': 'infantry', 'from': '', 'to': 'ItalianBase'}, {'delegate': 'purchase', 'unit': 'infantry', 'from': '', 'to': 'ItalianBase'}, {'delegate': 'purchase', 'unit': 'infantry', 'from': '', 'to': 'ItalianBase'}, {'delegate': 'purchase', 'unit': 'artillery', 'from': '', 'to': 'ItalianBase'}, {'delegate': 'purchase', 'unit': 'artillery', 'from': '', 'to': 'ItalianBase'}, {'delegate': 'purchase', 'unit': 'armour', 'from': '', 'to': 'ItalianBase'}, {'delegate': 'purchase', 'unit': 'armour', 'from': '', 'to': 'ItalianBase'}, {'delegate': 'purchase', 'unit': 'armour', 'from': '', 'to': 'ItalianBase'}]

Game  2  Round  14   [MY_MOVE] combat
MCTS ran 136 iterations in 1.0s
Root node visits: 136
Best action visits: 23, value: 0.265
Selected action : combat delegate on ItalianStepTwo
	Move units: 1xartillery from ItalianStepOne
	strength=4
Sending: [{'delegate': 'combat', 'from': 'ItalianStepOne', 'to': 'ItalianStepTwo', 'unit': 'artillery', 'count': 1}]

Game  2  Round  14   [MY_MOVE] noncombat
Sending: [{'delegate': 'noncombat', 'from': 'ItalianStart', 'to': 'ItalianStepOne', 'unit': 'artillery'}]

Game  2  Round  15   [MY_MOVE] purchase
Sending: [{'delegate': 'purchase', 'unit': 'artillery', 'from': '', 'to': 'ItalianBase'}, {'delegate': 'purchase', 'unit': 'armour', 'from': '', 'to': 'ItalianBase'}, {'delegate': 'purchase', 'unit': 'armour', 'from': '', 'to': 'ItalianBase'}, {'delegate': 'purchase', 'unit': 'armour', 'from': '', 'to': 'ItalianBase'}]

Game  2  Round  15   [MY_MOVE] combat
MCTS ran 123 iterations in 1.0s
Root node visits: 123
Best action visits: 16, value: 0.242
Selected action : combat delegate on ItalianStart
	Move units: 1xarmour from ItalianBase
	strength=3
Sending: [{'delegate': 'combat', 'from': 'ItalianBase', 'to': 'ItalianStart', 'unit': 'armour', 'count': 1}]

Game  2  Round  15   [MY_MOVE] noncombat
Sending: []

Game  2  Round  16   [MY_MOVE] purchase
Sending: [{'delegate': 'purchase', 'unit': 'artillery', 'from': '', 'to': 'ItalianBase'}, {'delegate': 'purchase', 'unit': 'artillery', 'from': '', 'to': 'ItalianBase'}]

Game  2  Round  16   [MY_MOVE] combat
MCTS ran 129 iterations in 1.0s
Root node visits: 129
Best action visits: 33, value: 0.264
Selected action : combat delegate on ItalianStart
	Move units: 2xarmour from ItalianBase
	strength=6
Sending: [{'delegate': 'combat', 'from': 'ItalianBase', 'to': 'ItalianStart', 'unit': 'armour', 'count': 2}]

Game  2  Round  16   [MY_MOVE] noncombat
Sending: [{'delegate': 'noncombat', 'from': 'ItalianBase', 'to': 'ItalianStart', 'unit': 'armour'}]

Game  2  Round  17   [MY_MOVE] purchase
Sending: [{'delegate': 'purchase', 'unit': 'infantry', 'from': '', 'to': 'ItalianBase'}, {'delegate': 'purchase', 'unit': 'infantry', 'from': '', 'to': 'ItalianBase'}, {'delegate': 'purchase', 'unit': 'infantry', 'from': '', 'to': 'ItalianBase'}]

Game  2  Round  17   [MY_MOVE] combat
MCTS ran 132 iterations in 1.0s
Root node visits: 132
Best action visits: 17, value: 0.232
Selected action : combat delegate on ItalianStartLeft
	Move units: 5xarmour from ItalianBase
	Move units: 3xarmour from ItalianStart
	strength=24
Sending: [{'delegate': 'combat', 'from': 'ItalianBase', 'to': 'ItalianStartLeft', 'unit': 'armour', 'count': 5}, {'delegate': 'combat', 'from': 'ItalianStart', 'to': 'ItalianStartLeft', 'unit': 'armour', 'count': 3}]

Game  2  Round  17   [MY_MOVE] noncombat
Sending: [{'delegate': 'noncombat', 'from': 'ItalianStart', 'to': 'ItalianBase', 'unit': 'armour'}]

Game  2  Round  18   [MY_MOVE] purchase
Sending: [{'delegate': 'purchase', 'unit': 'infantry', 'from': '', 'to': 'ItalianBase'}, {'delegate': 'purchase', 'unit': 'infantry', 'from': '', 'to': 'ItalianBase'}, {'delegate': 'purchase', 'unit': 'armour', 'from': '', 'to': 'ItalianBase'}, {'delegate': 'purchase', 'unit': 'armour', 'from': '', 'to': 'ItalianBase'}]

Game  2  Round  18   [MY_MOVE] combat
MCTS ran 135 iterations in 1.0s
Root node visits: 135
Best action visits: 14, value: 0.226
Selected action : combat delegate on ItalianStartRight
	Move units: 3xarmour from ItalianStart
	strength=9
Sending: [{'delegate': 'combat', 'from': 'ItalianStart', 'to': 'ItalianStartRight', 'unit': 'armour', 'count': 3}]

Game  2  Round  18   [MY_MOVE] noncombat
Sending: [{'delegate': 'noncombat', 'from': 'ItalianBase', 'to': 'ItalianStart', 'unit': 'artillery'}]

Game  2  Round  19   [MY_MOVE] purchase
Sending: [{'delegate': 'purchase', 'unit': 'infantry', 'from': '', 'to': 'ItalianBase'}, {'delegate': 'purchase', 'unit': 'infantry', 'from': '', 'to': 'ItalianBase'}, {'delegate': 'purchase', 'unit': 'infantry', 'from': '', 'to': 'ItalianBase'}, {'delegate': 'purchase', 'unit': 'infantry', 'from': '', 'to': 'ItalianBase'}]

Game  2  Round  19   [MY_MOVE] combat
MCTS ran 136 iterations in 1.0s
Root node visits: 136
Best action visits: 17, value: 0.210
Selected action : combat delegate on ItalianStart
	Move units: 2xarmour from ItalianBase
	Move units: 7xartillery from ItalianBase
	strength=20
Sending: [{'delegate': 'combat', 'from': 'ItalianBase', 'to': 'ItalianStart', 'unit': 'armour', 'count': 2}, {'delegate': 'combat', 'from': 'ItalianBase', 'to': 'ItalianStart', 'unit': 'artillery', 'count': 7}]

Game  2  Round  19   [MY_MOVE] noncombat
Sending: [{'delegate': 'noncombat', 'from': 'ItalianStart', 'to': 'ItalianBase', 'unit': 'artillery'}]

Game  2  Round  20   [MY_MOVE] purchase
Sending: [{'delegate': 'purchase', 'unit': 'infantry', 'from': '', 'to': 'ItalianBase'}, {'delegate': 'purchase', 'unit': 'infantry', 'from': '', 'to': 'ItalianBase'}, {'delegate': 'purchase', 'unit': 'artillery', 'from': '', 'to': 'ItalianBase'}, {'delegate': 'purchase', 'unit': 'artillery', 'from': '', 'to': 'ItalianBase'}]

Game  2  Round  20   [MY_MOVE] combat
MCTS ran 136 iterations in 1.0s
Root node visits: 136
Best action visits: 16, value: 0.219
Selected action : combat delegate on ItalianStepOne
	Move units: 2xarmour from ItalianStart
	Move units: 2xartillery from ItalianStart
	strength=10
Sending: [{'delegate': 'combat', 'from': 'ItalianStart', 'to': 'ItalianStepOne', 'unit': 'armour', 'count': 2}, {'delegate': 'combat', 'from': 'ItalianStart', 'to': 'ItalianStepOne', 'unit': 'artillery', 'count': 2}]

Game  2  Round  20   [MY_MOVE] noncombat
Sending: [{'delegate': 'noncombat', 'from': 'ItalianStepOne', 'to': 'ItalianBase', 'unit': 'armour'}]

Game  2  Round  21   [MY_MOVE] purchase
Sending: [{'delegate': 'purchase', 'unit': 'armour', 'from': '', 'to': 'ItalianBase'}, {'delegate': 'purchase', 'unit': 'armour', 'from': '', 'to': 'ItalianBase'}, {'delegate': 'purchase', 'unit': 'armour', 'from': '', 'to': 'ItalianBase'}]

Game  2  Round  21   [MY_MOVE] combat
MCTS ran 133 iterations in 1.0s
Root node visits: 133
Best action visits: 15, value: 0.207
Selected action : combat delegate on ItalianStartLeft
	Move units: 2xarmour from ItalianStepOne
	Move units: 4xartillery from ItalianStart
	strength=14
Sending: [{'delegate': 'combat', 'from': 'ItalianStepOne', 'to': 'ItalianStartLeft', 'unit': 'armour', 'count': 2}, {'delegate': 'combat', 'from': 'ItalianStart', 'to': 'ItalianStartLeft', 'unit': 'artillery', 'count': 4}]

Game  2  Round  21   [MY_MOVE] noncombat
Sending: [{'delegate': 'noncombat', 'from': 'ItalianBase', 'to': 'ItalianStart', 'unit': 'artillery'}]

Game  2  Round  22   [MY_MOVE] purchase
Sending: [{'delegate': 'purchase', 'unit': 'artillery', 'from': '', 'to': 'ItalianBase'}, {'delegate': 'purchase', 'unit': 'artillery', 'from': '', 'to': 'ItalianBase'}, {'delegate': 'purchase', 'unit': 'artillery', 'from': '', 'to': 'ItalianBase'}, {'delegate': 'purchase', 'unit': 'artillery', 'from': '', 'to': 'ItalianBase'}]

Game  2  Round  22   [MY_MOVE] combat
MCTS ran 126 iterations in 1.0s
Root node visits: 126
Best action visits: 16, value: 0.211
Selected action : combat delegate on ItalianStart
	Move units: 3xarmour from ItalianBase
	Move units: 3xartillery from ItalianBase
	strength=15
Sending: [{'delegate': 'combat', 'from': 'ItalianBase', 'to': 'ItalianStart', 'unit': 'armour', 'count': 3}, {'delegate': 'combat', 'from': 'ItalianBase', 'to': 'ItalianStart', 'unit': 'artillery', 'count': 3}]

Game  2  Round  22   [MY_MOVE] noncombat
Sending: [{'delegate': 'noncombat', 'from': 'ItalianBase', 'to': 'ItalianStart', 'unit': 'infantry'}]

Game  2  Round  23   [MY_MOVE] purchase
Sending: [{'delegate': 'purchase', 'unit': 'infantry', 'from': '', 'to': 'ItalianBase'}, {'delegate': 'purchase', 'unit': 'infantry', 'from': '', 'to': 'ItalianBase'}, {'delegate': 'purchase', 'unit': 'armour', 'from': '', 'to': 'ItalianBase'}]

Game  2  Round  23   [MY_MOVE] combat
MCTS ran 138 iterations in 1.0s
Root node visits: 138
Best action visits: 18, value: 0.207
Selected action : combat delegate on ItalianStepTwo
	Move units: 3xarmour from ItalianStart
	strength=9
Sending: [{'delegate': 'combat', 'from': 'ItalianStart', 'to': 'ItalianStepTwo', 'unit': 'armour', 'count': 3}]

Game  2  Round  23   [MY_MOVE] noncombat
Sending: [{'delegate': 'noncombat', 'from': 'ItalianStepOne', 'to': 'ItalianStepTwo', 'unit': 'artillery'}]

Game  2  Round  24   [MY_MOVE] purchase
Sending: [{'delegate': 'purchase', 'unit': 'infantry', 'from': '', 'to': 'ItalianBase'}, {'delegate': 'purchase', 'unit': 'infantry', 'from': '', 'to': 'ItalianBase'}, {'delegate': 'purchase', 'unit': 'artillery', 'from': '', 'to': 'ItalianBase'}, {'delegate': 'purchase', 'unit': 'artillery', 'from': '', 'to': 'ItalianBase'}, {'delegate': 'purchase', 'unit': 'armour', 'from': '', 'to': 'ItalianBase'}]

Game  2  Round  24   [MY_MOVE] combat
MCTS ran 132 iterations in 1.0s
Root node visits: 132
Best action visits: 22, value: 0.215
Selected action : combat delegate on Flag
	Move units: 3xarmour from ItalianStepTwo
	Move units: 1xartillery from ItalianStepTwo
	strength=11
Sending: [{'delegate': 'combat', 'from': 'ItalianStepTwo', 'to': 'Flag', 'unit': 'armour', 'count': 3}, {'delegate': 'combat', 'from': 'ItalianStepTwo', 'to': 'Flag', 'unit': 'artillery', 'count': 1}]

Game  2  Round  24   [MY_MOVE] noncombat
Sending: [{'delegate': 'noncombat', 'from': 'ItalianBase', 'to': 'ItalianStart', 'unit': 'armour'}]

Game  2  Round  25   [MY_MOVE] purchase
Sending: [{'delegate': 'purchase', 'unit': 'artillery', 'from': '', 'to': 'ItalianBase'}, {'delegate': 'purchase', 'unit': 'artillery', 'from': '', 'to': 'ItalianBase'}, {'delegate': 'purchase', 'unit': 'artillery', 'from': '', 'to': 'ItalianBase'}, {'delegate': 'purchase', 'unit': 'artillery', 'from': '', 'to': 'ItalianBase'}, {'delegate': 'purchase', 'unit': 'armour', 'from': '', 'to': 'ItalianBase'}, {'delegate': 'purchase', 'unit': 'armour', 'from': '', 'to': 'ItalianBase'}]

Game  2  Round  25   [MY_MOVE] combat
MCTS ran 129 iterations in 1.0s
Root node visits: 129
Best action visits: 7, value: 0.174
Selected action : combat delegate on ItalianStartLeft
	Move units: 1xarmour from ItalianBase
	Move units: 1xarmour from ItalianStart
	Move units: 2xartillery from ItalianStart
	strength=10
Sending: [{'delegate': 'combat', 'from': 'ItalianBase', 'to': 'ItalianStartLeft', 'unit': 'armour', 'count': 1}, {'delegate': 'combat', 'from': 'ItalianStart', 'to': 'ItalianStartLeft', 'unit': 'armour', 'count': 1}, {'delegate': 'combat', 'from': 'ItalianStart', 'to': 'ItalianStartLeft', 'unit': 'artillery', 'count': 2}]

Game  2  Round  25   [MY_MOVE] noncombat
Sending: [{'delegate': 'noncombat', 'from': 'ItalianStepOne', 'to': 'ItalianStart', 'unit': 'artillery'}]

Game  2  Round  26   [MY_MOVE] purchase
Sending: [{'delegate': 'purchase', 'unit': 'artillery', 'from': '', 'to': 'ItalianBase'}, {'delegate': 'purchase', 'unit': 'artillery', 'from': '', 'to': 'ItalianBase'}, {'delegate': 'purchase', 'unit': 'artillery', 'from': '', 'to': 'ItalianBase'}]

Game  2  Round  26   [MY_MOVE] combat
MCTS ran 132 iterations in 1.0s
Root node visits: 132
Best action visits: 10, value: 0.189
Selected action : combat delegate on ItalianStartLeft
	Move units: 2xarmour from ItalianBase
	Move units: 2xartillery from ItalianStart
	Move units: 1xinfantry from ItalianStart
	strength=12
Sending: [{'delegate': 'combat', 'from': 'ItalianBase', 'to': 'ItalianStartLeft', 'unit': 'armour', 'count': 2}, {'delegate': 'combat', 'from': 'ItalianStart', 'to': 'ItalianStartLeft', 'unit': 'artillery', 'count': 2}, {'delegate': 'combat', 'from': 'ItalianStart', 'to': 'ItalianStartLeft', 'unit': 'infantry', 'count': 1}]

Game  2  Round  26   [MY_MOVE] noncombat
Sending: [{'delegate': 'noncombat', 'from': 'Flag', 'to': 'ItalianStepOne', 'unit': 'armour'}]

Game  2  Round  27   [MY_MOVE] purchase
Sending: [{'delegate': 'purchase', 'unit': 'infantry', 'from': '', 'to': 'ItalianBase'}, {'delegate': 'purchase', 'unit': 'infantry', 'from': '', 'to': 'ItalianBase'}, {'delegate': 'purchase', 'unit': 'infantry', 'from': '', 'to': 'ItalianBase'}, {'delegate': 'purchase', 'unit': 'infantry', 'from': '', 'to': 'ItalianBase'}, {'delegate': 'purchase', 'unit': 'infantry', 'from': '', 'to': 'ItalianBase'}, {'delegate': 'purchase', 'unit': 'infantry', 'from': '', 'to': 'ItalianBase'}, {'delegate': 'purchase', 'unit': 'infantry', 'from': '', 'to': 'ItalianBase'}, {'delegate': 'purchase', 'unit': 'infantry', 'from': '', 'to': 'ItalianBase'}, {'delegate': 'purchase', 'unit': 'armour', 'from': '', 'to': 'ItalianBase'}, {'delegate': 'purchase', 'unit': 'armour', 'from': '', 'to': 'ItalianBase'}, {'delegate': 'purchase', 'unit': 'armour', 'from': '', 'to': 'ItalianBase'}, {'delegate': 'purchase', 'unit': 'armour', 'from': '', 'to': 'ItalianBase'}]

Game  2  Round  27   [MY_MOVE] combat
MCTS ran 139 iterations in 1.0s
Root node visits: 139
Best action visits: 8, value: 0.175
Selected action : combat delegate on ItalianStart
	Move units: 9xartillery from ItalianBase
	strength=18
Sending: [{'delegate': 'combat', 'from': 'ItalianBase', 'to': 'ItalianStart', 'unit': 'artillery', 'count': 9}]

Game  2  Round  27   [MY_MOVE] noncombat
Sending: [{'delegate': 'noncombat', 'from': 'ItalianBase', 'to': 'ItalianStart', 'unit': 'artillery'}]

Game  2  Round  28   [MY_MOVE] purchase
Sending: [{'delegate': 'purchase', 'unit': 'artillery', 'from': '', 'to': 'ItalianBase'}, {'delegate': 'purchase', 'unit': 'artillery', 'from': '', 'to': 'ItalianBase'}, {'delegate': 'purchase', 'unit': 'artillery', 'from': '', 'to': 'ItalianBase'}, {'delegate': 'purchase', 'unit': 'armour', 'from': '', 'to': 'ItalianBase'}, {'delegate': 'purchase', 'unit': 'armour', 'from': '', 'to': 'ItalianBase'}, {'delegate': 'purchase', 'unit': 'armour', 'from': '', 'to': 'ItalianBase'}, {'delegate': 'purchase', 'unit': 'armour', 'from': '', 'to': 'ItalianBase'}, {'delegate': 'purchase', 'unit': 'armour', 'from': '', 'to': 'ItalianBase'}]

Game  2  Round  28   [MY_MOVE] combat
MCTS ran 137 iterations in 1.0s
Root node visits: 137
Best action visits: 23, value: 0.208
Selected action : combat delegate on ItalianStepOne
	Move units: 4xarmour from ItalianBase
	Move units: 10xartillery from ItalianStart
	strength=32
Sending: [{'delegate': 'combat', 'from': 'ItalianBase', 'to': 'ItalianStepOne', 'unit': 'armour', 'count': 4}, {'delegate': 'combat', 'from': 'ItalianStart', 'to': 'ItalianStepOne', 'unit': 'artillery', 'count': 10}]

Game  2  Round  28   [MY_MOVE] noncombat
Sending: [{'delegate': 'noncombat', 'from': 'ItalianStart', 'to': 'ItalianBase', 'unit': 'artillery'}]

Game  2  Round  29   [MY_MOVE] purchase
Sending: [{'delegate': 'purchase', 'unit': 'infantry', 'from': '', 'to': 'ItalianBase'}, {'delegate': 'purchase', 'unit': 'artillery', 'from': '', 'to': 'ItalianBase'}, {'delegate': 'purchase', 'unit': 'artillery', 'from': '', 'to': 'ItalianBase'}, {'delegate': 'purchase', 'unit': 'artillery', 'from': '', 'to': 'ItalianBase'}]

Game  2  Round  29   [MY_MOVE] combat
MCTS ran 136 iterations in 1.0s
Root node visits: 136
Best action visits: 17, value: 0.201
Selected action : combat delegate on ItalianStartRight
	Move units: 5xarmour from ItalianBase
	Move units: 4xarmour from ItalianStart
	Move units: 3xartillery from ItalianStart
	strength=33
Sending: [{'delegate': 'combat', 'from': 'ItalianBase', 'to': 'ItalianStartRight', 'unit': 'armour', 'count': 5}, {'delegate': 'combat', 'from': 'ItalianStart', 'to': 'ItalianStartRight', 'unit': 'armour', 'count': 4}, {'delegate': 'combat', 'from': 'ItalianStart', 'to': 'ItalianStartRight', 'unit': 'artillery', 'count': 3}]

Game  2  Round  29   [MY_MOVE] noncombat
Sending: [{'delegate': 'noncombat', 'from': 'ItalianStart', 'to': 'ItalianBase', 'unit': 'armour'}]

Game  2  Round  30   [MY_MOVE] purchase
Sending: [{'delegate': 'purchase', 'unit': 'infantry', 'from': '', 'to': 'ItalianBase'}, {'delegate': 'purchase', 'unit': 'infantry', 'from': '', 'to': 'ItalianBase'}, {'delegate': 'purchase', 'unit': 'infantry', 'from': '', 'to': 'ItalianBase'}, {'delegate': 'purchase', 'unit': 'armour', 'from': '', 'to': 'ItalianBase'}]

Game  2  Round  30   [MY_MOVE] combat
MCTS ran 138 iterations in 1.0s
Root node visits: 138
Best action visits: 18, value: 0.211
Selected action : combat delegate on ItalianStart
	Move units: 5xartillery from ItalianBase
	strength=10
Sending: [{'delegate': 'combat', 'from': 'ItalianBase', 'to': 'ItalianStart', 'unit': 'artillery', 'count': 5}]

Game  2  Round  30   [MY_MOVE] noncombat
Sending: [{'delegate': 'noncombat', 'from': 'ItalianBase', 'to': 'ItalianStart', 'unit': 'artillery'}]

Game  2  Round  31   [MY_MOVE] purchase
Sending: [{'delegate': 'purchase', 'unit': 'infantry', 'from': '', 'to': 'ItalianBase'}, {'delegate': 'purchase', 'unit': 'artillery', 'from': '', 'to': 'ItalianBase'}, {'delegate': 'purchase', 'unit': 'armour', 'from': '', 'to': 'ItalianBase'}]

Game  2  Round  31   [MY_MOVE] combat
MCTS ran 135 iterations in 1.0s
Root node visits: 135
Best action visits: 12, value: 0.196
Selected action : combat delegate on ItalianStartRight
	Move units: 1xarmour from ItalianBase
	Move units: 2xartillery from ItalianStart
	strength=7
Sending: [{'delegate': 'combat', 'from': 'ItalianBase', 'to': 'ItalianStartRight', 'unit': 'armour', 'count': 1}, {'delegate': 'combat', 'from': 'ItalianStart', 'to': 'ItalianStartRight', 'unit': 'artillery', 'count': 2}]

Game  2  Round  31   [MY_MOVE] noncombat
Sending: [{'delegate': 'noncombat', 'from': 'ItalianStart', 'to': 'ItalianBase', 'unit': 'artillery'}]

Game  2  Round  32   [MY_MOVE] purchase
Sending: [{'delegate': 'purchase', 'unit': 'armour', 'from': '', 'to': 'ItalianBase'}, {'delegate': 'purchase', 'unit': 'armour', 'from': '', 'to': 'ItalianBase'}]

Game  2  Round  32   [MY_MOVE] combat
MCTS ran 137 iterations in 1.0s
Root node visits: 137
Best action visits: 23, value: 0.217
Selected action : combat delegate on ItalianStartRight
	Move units: 1xarmour from ItalianBase
	Move units: 2xartillery from ItalianStart
	strength=7
Sending: [{'delegate': 'combat', 'from': 'ItalianBase', 'to': 'ItalianStartRight', 'unit': 'armour', 'count': 1}, {'delegate': 'combat', 'from': 'ItalianStart', 'to': 'ItalianStartRight', 'unit': 'artillery', 'count': 2}]

Game  2  Round  32   [MY_MOVE] noncombat
Sending: [{'delegate': 'noncombat', 'from': 'ItalianBase', 'to': 'ItalianStart', 'unit': 'infantry'}]

Game  2  Round  33   [MY_MOVE] purchase
Sending: [{'delegate': 'purchase', 'unit': 'artillery', 'from': '', 'to': 'ItalianBase'}, {'delegate': 'purchase', 'unit': 'armour', 'from': '', 'to': 'ItalianBase'}, {'delegate': 'purchase', 'unit': 'armour', 'from': '', 'to': 'ItalianBase'}]

Game  2  Round  33   [MY_MOVE] combat
MCTS ran 129 iterations in 1.0s
Root node visits: 129
Best action visits: 22, value: 0.214
Selected action : combat delegate on ItalianStart
	Move units: 2xarmour from ItalianBase
	Move units: 3xartillery from ItalianBase
	strength=12
Sending: [{'delegate': 'combat', 'from': 'ItalianBase', 'to': 'ItalianStart', 'unit': 'armour', 'count': 2}, {'delegate': 'combat', 'from': 'ItalianBase', 'to': 'ItalianStart', 'unit': 'artillery', 'count': 3}]

Game  2  Round  33   [MY_MOVE] noncombat
Sending: [{'delegate': 'noncombat', 'from': 'ItalianBase', 'to': 'ItalianStart', 'unit': 'artillery'}]

Game  2  Round  34   [MY_MOVE] purchase
Sending: [{'delegate': 'purchase', 'unit': 'artillery', 'from': '', 'to': 'ItalianBase'}, {'delegate': 'purchase', 'unit': 'armour', 'from': '', 'to': 'ItalianBase'}, {'delegate': 'purchase', 'unit': 'armour', 'from': '', 'to': 'ItalianBase'}]

Game  2  Round  34   [MY_MOVE] combat
MCTS ran 136 iterations in 1.0s
Root node visits: 136
Best action visits: 23, value: 0.226
Selected action : combat delegate on ItalianStartLeft
	Move units: 1xarmour from ItalianBase
	strength=6
Sending: [{'delegate': 'combat', 'from': 'ItalianBase', 'to': 'ItalianStartLeft', 'unit': 'armour', 'count': 1}]

Game  2  Round  34   [MY_MOVE] noncombat
Sending: [{'delegate': 'noncombat', 'from': 'ItalianBase', 'to': 'ItalianStartLeft', 'unit': 'armour'}]

Game  2  Round  35   [MY_MOVE] purchase
Sending: [{'delegate': 'purchase', 'unit': 'infantry', 'from': '', 'to': 'ItalianBase'}, {'delegate': 'purchase', 'unit': 'artillery', 'from': '', 'to': 'ItalianBase'}, {'delegate': 'purchase', 'unit': 'armour', 'from': '', 'to': 'ItalianBase'}]

Game  2  Round  35   [MY_MOVE] combat
MCTS ran 135 iterations in 1.0s
Root node visits: 135
Best action visits: 17, value: 0.212
Selected action : combat delegate on ItalianStartRight
	Move units: 2xarmour from ItalianBase
	Move units: 2xarmour from ItalianStart
	Move units: 2xarmour from ItalianStartLeft
	Move units: 4xartillery from ItalianStart
	strength=26
Sending: [{'delegate': 'combat', 'from': 'ItalianBase', 'to': 'ItalianStartRight', 'unit': 'armour', 'count': 2}, {'delegate': 'combat', 'from': 'ItalianStart', 'to': 'ItalianStartRight', 'unit': 'armour', 'count': 2}, {'delegate': 'combat', 'from': 'ItalianStartLeft', 'to': 'ItalianStartRight', 'unit': 'armour', 'count': 2}, {'delegate': 'combat', 'from': 'ItalianStart', 'to': 'ItalianStartRight', 'unit': 'artillery', 'count': 4}]

Game  2  Round  35   [MY_MOVE] noncombat
Sending: [{'delegate': 'noncombat', 'from': 'ItalianStart', 'to': 'ItalianStartLeft', 'unit': 'armour'}]

Game  2  Round  36   [MY_MOVE] purchase
Sending: [{'delegate': 'purchase', 'unit': 'infantry', 'from': '', 'to': 'ItalianBase'}, {'delegate': 'purchase', 'unit': 'infantry', 'from': '', 'to': 'ItalianBase'}, {'delegate': 'purchase', 'unit': 'artillery', 'from': '', 'to': 'ItalianBase'}, {'delegate': 'purchase', 'unit': 'armour', 'from': '', 'to': 'ItalianBase'}]

Game  2  Round  36   [MY_MOVE] combat
MCTS ran 134 iterations in 1.0s
Root node visits: 134
Best action visits: 23, value: 0.229
Selected action : combat delegate on ItalianStartRight
	Move units: 1xarmour from ItalianBase
	Move units: 3xarmour from ItalianStart
	strength=12
Sending: [{'delegate': 'combat', 'from': 'ItalianBase', 'to': 'ItalianStartRight', 'unit': 'armour', 'count': 1}, {'delegate': 'combat', 'from': 'ItalianStart', 'to': 'ItalianStartRight', 'unit': 'armour', 'count': 3}]

Game  2  Round  36   [MY_MOVE] noncombat
Sending: [{'delegate': 'noncombat', 'from': 'ItalianBase', 'to': 'ItalianStart', 'unit': 'infantry'}]

Game  2  Round  37   [MY_MOVE] purchase
Sending: [{'delegate': 'purchase', 'unit': 'artillery', 'from': '', 'to': 'ItalianBase'}, {'delegate': 'purchase', 'unit': 'artillery', 'from': '', 'to': 'ItalianBase'}, {'delegate': 'purchase', 'unit': 'artillery', 'from': '', 'to': 'ItalianBase'}]

Game  2  Round  37   [MY_MOVE] combat
MCTS ran 140 iterations in 1.0s
Root node visits: 140
Best action visits: 24, value: 0.260
Selected action : combat delegate on ItalianStartRight
	Move units: 1xarmour from ItalianBase
	Move units: 2xarmour from ItalianStart
	Move units: 1xinfantry from ItalianStart
	strength=10
Sending: [{'delegate': 'combat', 'from': 'ItalianBase', 'to': 'ItalianStartRight', 'unit': 'armour', 'count': 1}, {'delegate': 'combat', 'from': 'ItalianStart', 'to': 'ItalianStartRight', 'unit': 'armour', 'count': 2}, {'delegate': 'combat', 'from': 'ItalianStart', 'to': 'ItalianStartRight', 'unit': 'infantry', 'count': 1}]

Game  2  Round  37   [MY_MOVE] noncombat
Sending: [{'delegate': 'noncombat', 'from': 'ItalianBase', 'to': 'ItalianStart', 'unit': 'artillery'}]

Game  2  Round  38   [MY_MOVE] purchase
Sending: [{'delegate': 'purchase', 'unit': 'infantry', 'from': '', 'to': 'ItalianBase'}]

Game  2  Round  38   [MY_MOVE] combat
MCTS ran 134 iterations in 1.0s
Root node visits: 134
Best action visits: 23, value: 0.293
Selected action : combat delegate on ItalianStartRight
	Move units: 3xarmour from ItalianStart
	Move units: 1xartillery from ItalianStart
	strength=11
Sending: [{'delegate': 'combat', 'from': 'ItalianStart', 'to': 'ItalianStartRight', 'unit': 'armour', 'count': 3}, {'delegate': 'combat', 'from': 'ItalianStart', 'to': 'ItalianStartRight', 'unit': 'artillery', 'count': 1}]

Game  2  Round  38   [MY_MOVE] noncombat
Sending: [{'delegate': 'noncombat', 'from': 'ItalianBase', 'to': 'ItalianStart', 'unit': 'infantry'}]

Game  2  Round  39   [MY_MOVE] purchase
Sending: [{'delegate': 'purchase', 'unit': 'infantry', 'from': '', 'to': 'ItalianBase'}, {'delegate': 'purchase', 'unit': 'artillery', 'from': '', 'to': 'ItalianBase'}, {'delegate': 'purchase', 'unit': 'artillery', 'from': '', 'to': 'ItalianBase'}, {'delegate': 'purchase', 'unit': 'artillery', 'from': '', 'to': 'ItalianBase'}, {'delegate': 'purchase', 'unit': 'artillery', 'from': '', 'to': 'ItalianBase'}]

Game  2  Round  39   [MY_MOVE] combat
MCTS ran 130 iterations in 1.0s
Root node visits: 130
Best action visits: 22, value: 0.297
Selected action : combat delegate on ItalianStepOne
	Move units: 1xarmour from ItalianStart
	strength=3
Sending: [{'delegate': 'combat', 'from': 'ItalianStart', 'to': 'ItalianStepOne', 'unit': 'armour', 'count': 1}]

Game  2  Round  39   [MY_MOVE] noncombat
Sending: [{'delegate': 'noncombat', 'from': 'ItalianStart', 'to': 'ItalianBase', 'unit': 'infantry'}]

Game  2  Round  40   [MY_MOVE] purchase
Sending: [{'delegate': 'purchase', 'unit': 'infantry', 'from': '', 'to': 'ItalianBase'}, {'delegate': 'purchase', 'unit': 'infantry', 'from': '', 'to': 'ItalianBase'}, {'delegate': 'purchase', 'unit': 'artillery', 'from': '', 'to': 'ItalianBase'}, {'delegate': 'purchase', 'unit': 'artillery', 'from': '', 'to': 'ItalianBase'}]

Game  2  Round  40   [MY_MOVE] combat
MCTS ran 135 iterations in 1.0s
Root node visits: 135
Best action visits: 27, value: 0.463
Selected action : combat delegate on ItalianStart
	Move units: 5xartillery from ItalianBase
	strength=10
Sending: [{'delegate': 'combat', 'from': 'ItalianBase', 'to': 'ItalianStart', 'unit': 'artillery', 'count': 5}]

Game  2  Round  40   [MY_MOVE] noncombat
Sending: [{'delegate': 'noncombat', 'from': 'ItalianBase', 'to': 'ItalianStart', 'unit': 'artillery'}]

Game  2  Round  41   [MY_MOVE] purchase
Sending: [{'delegate': 'purchase', 'unit': 'infantry', 'from': '', 'to': 'ItalianBase'}, {'delegate': 'purchase', 'unit': 'infantry', 'from': '', 'to': 'ItalianBase'}, {'delegate': 'purchase', 'unit': 'infantry', 'from': '', 'to': 'ItalianBase'}, {'delegate': 'purchase', 'unit': 'infantry', 'from': '', 'to': 'ItalianBase'}]

Game  2  Round  41   [MY_MOVE] combat
MCTS ran 136 iterations in 1.0s
Root node visits: 136
Best action visits: 16, value: 0.438
Selected action : combat delegate on ItalianStartLeft
	Move units: 5xartillery from ItalianStart
	strength=10
Sending: [{'delegate': 'combat', 'from': 'ItalianStart', 'to': 'ItalianStartLeft', 'unit': 'artillery', 'count': 5}]

Game  2  Round  41   [MY_MOVE] noncombat
Sending: [{'delegate': 'noncombat', 'from': 'ItalianBase', 'to': 'ItalianStart', 'unit': 'infantry'}]

Game  2  Round  42   [MY_MOVE] purchase
Sending: [{'delegate': 'purchase', 'unit': 'infantry', 'from': '', 'to': 'ItalianBase'}]

Game  2  Round  42   [MY_MOVE] combat
MCTS ran 136 iterations in 1.0s
Root node visits: 136
Best action visits: 28, value: 0.464
Selected action : combat delegate on ItalianStart
	Move units: 5xartillery from ItalianBase
	strength=10
Sending: [{'delegate': 'combat', 'from': 'ItalianBase', 'to': 'ItalianStart', 'unit': 'artillery', 'count': 5}]

Game  2  Round  42   [MY_MOVE] noncombat
Sending: [{'delegate': 'noncombat', 'from': 'ItalianStart', 'to': 'ItalianBase', 'unit': 'artillery'}]

Game  2  Round  43   [MY_MOVE] purchase
Sending: [{'delegate': 'purchase', 'unit': 'artillery', 'from': '', 'to': 'ItalianBase'}, {'delegate': 'purchase', 'unit': 'artillery', 'from': '', 'to': 'ItalianBase'}, {'delegate': 'purchase', 'unit': 'artillery', 'from': '', 'to': 'ItalianBase'}, {'delegate': 'purchase', 'unit': 'armour', 'from': '', 'to': 'ItalianBase'}]

Game  2  Round  43   [MY_MOVE] combat
MCTS ran 140 iterations in 1.0s
Root node visits: 140
Best action visits: 16, value: 0.438
Selected action : combat delegate on ItalianStartLeft
	Move units: 5xartillery from ItalianStart
	strength=10
Sending: [{'delegate': 'combat', 'from': 'ItalianStart', 'to': 'ItalianStartLeft', 'unit': 'artillery', 'count': 5}]

Game  2  Round  43   [MY_MOVE] noncombat
Sending: [{'delegate': 'noncombat', 'from': 'ItalianBase', 'to': 'ItalianStart', 'unit': 'infantry'}]

Game  2  Round  44   [MY_MOVE] purchase
Sending: [{'delegate': 'purchase', 'unit': 'infantry', 'from': '', 'to': 'ItalianBase'}, {'delegate': 'purchase', 'unit': 'infantry', 'from': '', 'to': 'ItalianBase'}, {'delegate': 'purchase', 'unit': 'infantry', 'from': '', 'to': 'ItalianBase'}, {'delegate': 'purchase', 'unit': 'armour', 'from': '', 'to': 'ItalianBase'}]

Game  2  Round  44   [MY_MOVE] combat
MCTS ran 148 iterations in 1.0s
Root node visits: 148
Best action visits: 19, value: 0.447
Selected action : combat delegate on ItalianStart
	Move units: 1xarmour from ItalianBase
	Move units: 8xartillery from ItalianBase
	strength=19
Sending: [{'delegate': 'combat', 'from': 'ItalianBase', 'to': 'ItalianStart', 'unit': 'armour', 'count': 1}, {'delegate': 'combat', 'from': 'ItalianBase', 'to': 'ItalianStart', 'unit': 'artillery', 'count': 8}]

Game  2  Round  44   [MY_MOVE] noncombat
Sending: [{'delegate': 'noncombat', 'from': 'ItalianStart', 'to': 'ItalianBase', 'unit': 'armour'}]

Game  2  Round  45   [MY_MOVE] purchase
Sending: [{'delegate': 'purchase', 'unit': 'armour', 'from': '', 'to': 'ItalianBase'}, {'delegate': 'purchase', 'unit': 'armour', 'from': '', 'to': 'ItalianBase'}]

Game  2  Round  45   [MY_MOVE] combat
MCTS ran 146 iterations in 1.0s
Root node visits: 146
Best action visits: 19, value: 0.447
Selected action : combat delegate on ItalianStart
	Move units: 1xarmour from ItalianBase
	Move units: 17xinfantry from ItalianBase
	strength=292
Sending: [{'delegate': 'combat', 'from': 'ItalianBase', 'to': 'ItalianStart', 'unit': 'armour', 'count': 1}, {'delegate': 'combat', 'from': 'ItalianBase', 'to': 'ItalianStart', 'unit': 'infantry', 'count': 17}]

Game  2  Round  45   [MY_MOVE] noncombat
Sending: []

Game  2  Round  46   [MY_MOVE] purchase
Sending: [{'delegate': 'purchase', 'unit': 'artillery', 'from': '', 'to': 'ItalianBase'}, {'delegate': 'purchase', 'unit': 'armour', 'from': '', 'to': 'ItalianBase'}, {'delegate': 'purchase', 'unit': 'armour', 'from': '', 'to': 'ItalianBase'}]

Game  2  Round  46   [MY_MOVE] combat
MCTS ran 150 iterations in 1.0s
Root node visits: 150
Best action visits: 19, value: 0.447
Selected action : combat delegate on ItalianStart
	Move units: 3xarmour from ItalianBase
	Move units: 17xinfantry from ItalianBase
	strength=298
Sending: [{'delegate': 'combat', 'from': 'ItalianBase', 'to': 'ItalianStart', 'unit': 'armour', 'count': 3}, {'delegate': 'combat', 'from': 'ItalianBase', 'to': 'ItalianStart', 'unit': 'infantry', 'count': 17}]

Game  2  Round  46   [MY_MOVE] noncombat
Sending: []
Graph reset complete.
Starting next game in 5s.
WHOAMI updated: Italians

Game  3  Round  1   [MY_MOVE] purchase
Sending: [{'delegate': 'purchase', 'unit': 'infantry', 'from': '', 'to': 'ItalianBase'}, {'delegate': 'purchase', 'unit': 'infantry', 'from': '', 'to': 'ItalianBase'}, {'delegate': 'purchase', 'unit': 'infantry', 'from': '', 'to': 'ItalianBase'}, {'delegate': 'purchase', 'unit': 'artillery', 'from': '', 'to': 'ItalianBase'}]

Game  3  Round  1   [MY_MOVE] combat
MCTS ran 234 iterations in 1.0s
Root node visits: 234
Best action visits: 79, value: -0.068
Selected action : combat delegate on ItalianStartLeft
	Move units: 1xarmour from ItalianBase
	strength=3
Sending: [{'delegate': 'combat', 'from': 'ItalianBase', 'to': 'ItalianStartLeft', 'unit': 'armour', 'count': 1}]

Game  3  Round  1   [MY_MOVE] noncombat
Sending: [{'delegate': 'noncombat', 'from': 'ItalianStartLeft', 'to': 'ItalianBase', 'unit': 'armour'}]

Game  3  Round  2   [MY_MOVE] purchase
Sending: [{'delegate': 'purchase', 'unit': 'artillery', 'from': '', 'to': 'ItalianBase'}, {'delegate': 'purchase', 'unit': 'artillery', 'from': '', 'to': 'ItalianBase'}]

Game  3  Round  2   [MY_MOVE] combat
MCTS ran 174 iterations in 1.0s
Root node visits: 174
Best action visits: 44, value: 0.100
Selected action : combat delegate on GermanStartRight
	Move units: 1xarmour from ItalianStartLeft
	strength=3
Sending: [{'delegate': 'combat', 'from': 'ItalianStartLeft', 'to': 'GermanStartRight', 'unit': 'armour', 'count': 1}]

Game  3  Round  2   [MY_MOVE] noncombat
Sending: [{'delegate': 'noncombat', 'from': 'ItalianBase', 'to': 'ItalianStart', 'unit': 'infantry'}]

Game  3  Round  3   [MY_MOVE] purchase
Sending: [{'delegate': 'purchase', 'unit': 'infantry', 'from': '', 'to': 'ItalianBase'}, {'delegate': 'purchase', 'unit': 'infantry', 'from': '', 'to': 'ItalianBase'}, {'delegate': 'purchase', 'unit': 'armour', 'from': '', 'to': 'ItalianBase'}, {'delegate': 'purchase', 'unit': 'armour', 'from': '', 'to': 'ItalianBase'}, {'delegate': 'purchase', 'unit': 'armour', 'from': '', 'to': 'ItalianBase'}]

Game  3  Round  3   [MY_MOVE] combat
MCTS ran 158 iterations in 1.0s
Root node visits: 158
Best action visits: 40, value: 0.117
Selected action : combat delegate on ItalianStepOne
	Move units: 1xinfantry from ItalianStart
	strength=3
Sending: [{'delegate': 'combat', 'from': 'ItalianStart', 'to': 'ItalianStepOne', 'unit': 'infantry', 'count': 1}]

Game  3  Round  3   [MY_MOVE] noncombat
Sending: [{'delegate': 'noncombat', 'from': 'ItalianStepOne', 'to': 'ItalianStart', 'unit': 'infantry'}]

Game  3  Round  4   [MY_MOVE] purchase
Sending: [{'delegate': 'purchase', 'unit': 'artillery', 'from': '', 'to': 'ItalianBase'}]

Game  3  Round  4   [MY_MOVE] combat
MCTS ran 147 iterations in 1.0s
Root node visits: 147
Best action visits: 38, value: 0.147
Selected action : combat delegate on GermanStartRight
	Move units: 1xarmour from ItalianStartLeft
	strength=3
Sending: [{'delegate': 'combat', 'from': 'ItalianStartLeft', 'to': 'GermanStartRight', 'unit': 'armour', 'count': 1}]

Game  3  Round  4   [MY_MOVE] noncombat
Sending: [{'delegate': 'noncombat', 'from': 'ItalianStartLeft', 'to': 'ItalianStepOne', 'unit': 'armour'}]

Game  3  Round  5   [MY_MOVE] purchase
Sending: [{'delegate': 'purchase', 'unit': 'infantry', 'from': '', 'to': 'ItalianBase'}, {'delegate': 'purchase', 'unit': 'artillery', 'from': '', 'to': 'ItalianBase'}, {'delegate': 'purchase', 'unit': 'artillery', 'from': '', 'to': 'ItalianBase'}, {'delegate': 'purchase', 'unit': 'artillery', 'from': '', 'to': 'ItalianBase'}, {'delegate': 'purchase', 'unit': 'armour', 'from': '', 'to': 'ItalianBase'}, {'delegate': 'purchase', 'unit': 'armour', 'from': '', 'to': 'ItalianBase'}]

Game  3  Round  5   [MY_MOVE] combat
MCTS ran 145 iterations in 1.0s
Root node visits: 145
Best action visits: 49, value: 0.050
Selected action : combat delegate on Flag
	Move units: 1xarmour from ItalianStepOne
	strength=3
Sending: [{'delegate': 'combat', 'from': 'ItalianStepOne', 'to': 'Flag', 'unit': 'armour', 'count': 1}]

Game  3  Round  5   [MY_MOVE] noncombat
Sending: [{'delegate': 'noncombat', 'from': 'ItalianStart', 'to': 'ItalianStartLeft', 'unit': 'infantry'}]

Game  3  Round  6   [MY_MOVE] purchase
Sending: [{'delegate': 'purchase', 'unit': 'infantry', 'from': '', 'to': 'ItalianBase'}, {'delegate': 'purchase', 'unit': 'infantry', 'from': '', 'to': 'ItalianBase'}, {'delegate': 'purchase', 'unit': 'infantry', 'from': '', 'to': 'ItalianBase'}, {'delegate': 'purchase', 'unit': 'artillery', 'from': '', 'to': 'ItalianBase'}, {'delegate': 'purchase', 'unit': 'artillery', 'from': '', 'to': 'ItalianBase'}]

Game  3  Round  6   [MY_MOVE] combat
MCTS ran 142 iterations in 1.0s
Root node visits: 142
Best action visits: 18, value: 0.234
Selected action : combat delegate on ItalianStartRight
	Move units: 1xarmour from ItalianBase
	strength=15
Sending: [{'delegate': 'combat', 'from': 'ItalianBase', 'to': 'ItalianStartRight', 'unit': 'armour', 'count': 1}]

Game  3  Round  6   [MY_MOVE] noncombat
Sending: [{'delegate': 'noncombat', 'from': 'ItalianBase', 'to': 'ItalianStartLeft', 'unit': 'armour'}]

Game  3  Round  7   [MY_MOVE] purchase
Sending: [{'delegate': 'purchase', 'unit': 'infantry', 'from': '', 'to': 'ItalianBase'}, {'delegate': 'purchase', 'unit': 'infantry', 'from': '', 'to': 'ItalianBase'}, {'delegate': 'purchase', 'unit': 'infantry', 'from': '', 'to': 'ItalianBase'}, {'delegate': 'purchase', 'unit': 'infantry', 'from': '', 'to': 'ItalianBase'}, {'delegate': 'purchase', 'unit': 'infantry', 'from': '', 'to': 'ItalianBase'}, {'delegate': 'purchase', 'unit': 'infantry', 'from': '', 'to': 'ItalianBase'}]

Game  3  Round  7   [MY_MOVE] combat
MCTS ran 142 iterations in 1.0s
Root node visits: 142
Best action visits: 13, value: 0.232
Selected action : combat delegate on ItalianStartRight
	Move units: 3xarmour from ItalianBase
	strength=9
Sending: [{'delegate': 'combat', 'from': 'ItalianBase', 'to': 'ItalianStartRight', 'unit': 'armour', 'count': 3}]

Game  3  Round  7   [MY_MOVE] noncombat
Sending: [{'delegate': 'noncombat', 'from': 'ItalianStartRight', 'to': 'ItalianStart', 'unit': 'armour'}]

Game  3  Round  8   [MY_MOVE] purchase
Sending: [{'delegate': 'purchase', 'unit': 'infantry', 'from': '', 'to': 'ItalianBase'}, {'delegate': 'purchase', 'unit': 'infantry', 'from': '', 'to': 'ItalianBase'}, {'delegate': 'purchase', 'unit': 'artillery', 'from': '', 'to': 'ItalianBase'}, {'delegate': 'purchase', 'unit': 'armour', 'from': '', 'to': 'ItalianBase'}]

Game  3  Round  8   [MY_MOVE] combat
MCTS ran 146 iterations in 1.0s
Root node visits: 146
Best action visits: 15, value: 0.231
Selected action : combat delegate on ItalianStartLeft
	Move units: 2xarmour from ItalianStartRight
	Move units: 1xarmour from ItalianStepOne
	strength=9
Sending: [{'delegate': 'combat', 'from': 'ItalianStartRight', 'to': 'ItalianStartLeft', 'unit': 'armour', 'count': 2}, {'delegate': 'combat', 'from': 'ItalianStepOne', 'to': 'ItalianStartLeft', 'unit': 'armour', 'count': 1}]

Game  3  Round  8   [MY_MOVE] noncombat
Sending: [{'delegate': 'noncombat', 'from': 'ItalianBase', 'to': 'ItalianStart', 'unit': 'infantry'}]

Game  3  Round  9   [MY_MOVE] purchase
Sending: [{'delegate': 'purchase', 'unit': 'infantry', 'from': '', 'to': 'ItalianBase'}, {'delegate': 'purchase', 'unit': 'artillery', 'from': '', 'to': 'ItalianBase'}, {'delegate': 'purchase', 'unit': 'artillery', 'from': '', 'to': 'ItalianBase'}, {'delegate': 'purchase', 'unit': 'artillery', 'from': '', 'to': 'ItalianBase'}, {'delegate': 'purchase', 'unit': 'armour', 'from': '', 'to': 'ItalianBase'}]

Game  3  Round  9   [MY_MOVE] combat
MCTS ran 148 iterations in 1.0s
Root node visits: 148
Best action visits: 38, value: 0.134
Selected action : combat delegate on ItalianStepTwo
	strength=0
Sending: []

Game  3  Round  9   [MY_MOVE] noncombat
Sending: [{'delegate': 'noncombat', 'from': 'ItalianBase', 'to': 'ItalianStartRight', 'unit': 'armour'}]

Game  3  Round  10   [MY_MOVE] purchase
Sending: [{'delegate': 'purchase', 'unit': 'infantry', 'from': '', 'to': 'ItalianBase'}, {'delegate': 'purchase', 'unit': 'infantry', 'from': '', 'to': 'ItalianBase'}, {'delegate': 'purchase', 'unit': 'infantry', 'from': '', 'to': 'ItalianBase'}, {'delegate': 'purchase', 'unit': 'infantry', 'from': '', 'to': 'ItalianBase'}, {'delegate': 'purchase', 'unit': 'armour', 'from': '', 'to': 'ItalianBase'}, {'delegate': 'purchase', 'unit': 'armour', 'from': '', 'to': 'ItalianBase'}]

Game  3  Round  10   [MY_MOVE] combat
MCTS ran 138 iterations in 1.0s
Root node visits: 138
Best action visits: 23, value: 0.249
Selected action : combat delegate on ItalianStartLeft
	Move units: 1xarmour from ItalianBase
	Move units: 1xarmour from ItalianStartRight
	Move units: 2xinfantry from ItalianStart
	strength=10
Sending: [{'delegate': 'combat', 'from': 'ItalianBase', 'to': 'ItalianStartLeft', 'unit': 'armour', 'count': 1}, {'delegate': 'combat', 'from': 'ItalianStartRight', 'to': 'ItalianStartLeft', 'unit': 'armour', 'count': 1}, {'delegate': 'combat', 'from': 'ItalianStart', 'to': 'ItalianStartLeft', 'unit': 'infantry', 'count': 2}]

Game  3  Round  10   [MY_MOVE] noncombat
Sending: [{'delegate': 'noncombat', 'from': 'ItalianStepOne', 'to': 'ItalianStart', 'unit': 'infantry'}]

Game  3  Round  11   [MY_MOVE] purchase
Sending: [{'delegate': 'purchase', 'unit': 'infantry', 'from': '', 'to': 'ItalianBase'}, {'delegate': 'purchase', 'unit': 'infantry', 'from': '', 'to': 'ItalianBase'}, {'delegate': 'purchase', 'unit': 'armour', 'from': '', 'to': 'ItalianBase'}]

Game  3  Round  11   [MY_MOVE] combat
MCTS ran 143 iterations in 1.0s
Root node visits: 143
Best action visits: 38, value: 0.177
Selected action : combat delegate on ItalianStartLeft
	strength=0
Sending: []

Game  3  Round  11   [MY_MOVE] noncombat
Sending: [{'delegate': 'noncombat', 'from': 'ItalianBase', 'to': 'ItalianStart', 'unit': 'infantry'}]

Game  3  Round  12   [MY_MOVE] purchase
Sending: [{'delegate': 'purchase', 'unit': 'infantry', 'from': '', 'to': 'ItalianBase'}, {'delegate': 'purchase', 'unit': 'armour', 'from': '', 'to': 'ItalianBase'}]

Game  3  Round  12   [MY_MOVE] combat
MCTS ran 143 iterations in 1.0s
Root node visits: 143
Best action visits: 38, value: 0.149
Selected action : combat delegate on ItalianStartLeft
	strength=0
Sending: []

Game  3  Round  12   [MY_MOVE] noncombat
Sending: [{'delegate': 'noncombat', 'from': 'ItalianBase', 'to': 'ItalianStartRight', 'unit': 'armour'}]

Game  3  Round  13   [MY_MOVE] purchase
Sending: [{'delegate': 'purchase', 'unit': 'infantry', 'from': '', 'to': 'ItalianBase'}, {'delegate': 'purchase', 'unit': 'infantry', 'from': '', 'to': 'ItalianBase'}, {'delegate': 'purchase', 'unit': 'infantry', 'from': '', 'to': 'ItalianBase'}, {'delegate': 'purchase', 'unit': 'infantry', 'from': '', 'to': 'ItalianBase'}, {'delegate': 'purchase', 'unit': 'infantry', 'from': '', 'to': 'ItalianBase'}, {'delegate': 'purchase', 'unit': 'infantry', 'from': '', 'to': 'ItalianBase'}, {'delegate': 'purchase', 'unit': 'armour', 'from': '', 'to': 'ItalianBase'}]

Game  3  Round  13   [MY_MOVE] combat
MCTS ran 147 iterations in 1.0s
Root node visits: 147
Best action visits: 25, value: 0.246
Selected action : combat delegate on ItalianStartLeft
	Move units: 2xarmour from ItalianBase
	strength=6
Sending: [{'delegate': 'combat', 'from': 'ItalianBase', 'to': 'ItalianStartLeft', 'unit': 'armour', 'count': 2}]

Game  3  Round  13   [MY_MOVE] noncombat
Sending: [{'delegate': 'noncombat', 'from': 'ItalianStartLeft', 'to': 'ItalianStepOne', 'unit': 'armour'}]

Game  3  Round  14   [MY_MOVE] purchase
Sending: [{'delegate': 'purchase', 'unit': 'infantry', 'from': '', 'to': 'ItalianBase'}, {'delegate': 'purchase', 'unit': 'infantry', 'from': '', 'to': 'ItalianBase'}, {'delegate': 'purchase', 'unit': 'infantry', 'from': '', 'to': 'ItalianBase'}, {'delegate': 'purchase', 'unit': 'armour', 'from': '', 'to': 'ItalianBase'}]

Game  3  Round  14   [MY_MOVE] combat
MCTS ran 145 iterations in 1.0s
Root node visits: 145
Best action visits: 30, value: 0.287
Selected action : combat delegate on TopBar
	strength=0
Sending: []

Game  3  Round  14   [MY_MOVE] noncombat
Sending: [{'delegate': 'noncombat', 'from': 'ItalianStartRight', 'to': 'ItalianStartLeft', 'unit': 'armour'}]

Game  3  Round  15   [MY_MOVE] purchase
Sending: [{'delegate': 'purchase', 'unit': 'infantry', 'from': '', 'to': 'ItalianBase'}, {'delegate': 'purchase', 'unit': 'artillery', 'from': '', 'to': 'ItalianBase'}, {'delegate': 'purchase', 'unit': 'artillery', 'from': '', 'to': 'ItalianBase'}, {'delegate': 'purchase', 'unit': 'armour', 'from': '', 'to': 'ItalianBase'}, {'delegate': 'purchase', 'unit': 'armour', 'from': '', 'to': 'ItalianBase'}]

Game  3  Round  15   [MY_MOVE] combat
MCTS ran 148 iterations in 1.0s
Root node visits: 148
Best action visits: 40, value: 0.193
Selected action : combat delegate on ItalianStartLeft
	strength=0
Sending: []

Game  3  Round  15   [MY_MOVE] noncombat
Sending: [{'delegate': 'noncombat', 'from': 'ItalianStart', 'to': 'ItalianStepOne', 'unit': 'infantry'}]

Game  3  Round  16   [MY_MOVE] purchase
Sending: [{'delegate': 'purchase', 'unit': 'artillery', 'from': '', 'to': 'ItalianBase'}, {'delegate': 'purchase', 'unit': 'artillery', 'from': '', 'to': 'ItalianBase'}, {'delegate': 'purchase', 'unit': 'artillery', 'from': '', 'to': 'ItalianBase'}, {'delegate': 'purchase', 'unit': 'artillery', 'from': '', 'to': 'ItalianBase'}, {'delegate': 'purchase', 'unit': 'artillery', 'from': '', 'to': 'ItalianBase'}]

Game  3  Round  16   [MY_MOVE] combat
MCTS ran 148 iterations in 1.0s
Root node visits: 148
Best action visits: 22, value: 0.313
Selected action : combat delegate on ItalianStepTwo
	strength=0
Sending: []

Game  3  Round  16   [MY_MOVE] noncombat
Sending: []

Game  3  Round  17   [MY_MOVE] purchase
Sending: [{'delegate': 'purchase', 'unit': 'infantry', 'from': '', 'to': 'ItalianBase'}, {'delegate': 'purchase', 'unit': 'artillery', 'from': '', 'to': 'ItalianBase'}, {'delegate': 'purchase', 'unit': 'artillery', 'from': '', 'to': 'ItalianBase'}, {'delegate': 'purchase', 'unit': 'armour', 'from': '', 'to': 'ItalianBase'}]

Game  3  Round  17   [MY_MOVE] combat
MCTS ran 136 iterations in 1.0s
Root node visits: 136
Best action visits: 23, value: 0.317
Selected action : combat delegate on ItalianStart
	Move units: 3xarmour from ItalianBase
	strength=9
Sending: [{'delegate': 'combat', 'from': 'ItalianBase', 'to': 'ItalianStart', 'unit': 'armour', 'count': 3}]

Game  3  Round  17   [MY_MOVE] noncombat
Sending: [{'delegate': 'noncombat', 'from': 'ItalianStart', 'to': 'ItalianStepOne', 'unit': 'armour'}]

Game  3  Round  18   [MY_MOVE] purchase
Sending: [{'delegate': 'purchase', 'unit': 'armour', 'from': '', 'to': 'ItalianBase'}, {'delegate': 'purchase', 'unit': 'armour', 'from': '', 'to': 'ItalianBase'}, {'delegate': 'purchase', 'unit': 'armour', 'from': '', 'to': 'ItalianBase'}]

Game  3  Round  18   [MY_MOVE] combat
MCTS ran 137 iterations in 1.0s
Root node visits: 137
Best action visits: 18, value: 0.297
Selected action : combat delegate on ItalianStepTwo
	Move units: 1xinfantry from ItalianStepOne
	strength=1
Sending: [{'delegate': 'combat', 'from': 'ItalianStepOne', 'to': 'ItalianStepTwo', 'unit': 'infantry', 'count': 1}]

Game  3  Round  18   [MY_MOVE] noncombat
Sending: [{'delegate': 'noncombat', 'from': 'ItalianStepTwo', 'to': 'ItalianStepOne', 'unit': 'infantry'}]

Game  3  Round  19   [MY_MOVE] purchase
Sending: [{'delegate': 'purchase', 'unit': 'infantry', 'from': '', 'to': 'ItalianBase'}, {'delegate': 'purchase', 'unit': 'armour', 'from': '', 'to': 'ItalianBase'}]

Game  3  Round  19   [MY_MOVE] combat
MCTS ran 130 iterations in 1.0s
Root node visits: 130
Best action visits: 17, value: 0.316
Selected action : combat delegate on ItalianStart
	Move units: 1xarmour from ItalianBase
	strength=3
Sending: [{'delegate': 'combat', 'from': 'ItalianBase', 'to': 'ItalianStart', 'unit': 'armour', 'count': 1}]

Game  3  Round  19   [MY_MOVE] noncombat
Sending: [{'delegate': 'noncombat', 'from': 'ItalianBase', 'to': 'ItalianStart', 'unit': 'infantry'}]

Game  3  Round  20   [MY_MOVE] purchase
Sending: [{'delegate': 'purchase', 'unit': 'infantry', 'from': '', 'to': 'ItalianBase'}, {'delegate': 'purchase', 'unit': 'infantry', 'from': '', 'to': 'ItalianBase'}, {'delegate': 'purchase', 'unit': 'infantry', 'from': '', 'to': 'ItalianBase'}, {'delegate': 'purchase', 'unit': 'artillery', 'from': '', 'to': 'ItalianBase'}, {'delegate': 'purchase', 'unit': 'armour', 'from': '', 'to': 'ItalianBase'}]

Game  3  Round  20   [MY_MOVE] combat
MCTS ran 134 iterations in 1.0s
Root node visits: 134
Best action visits: 10, value: 0.309
Selected action : combat delegate on ItalianStartLeft
	Move units: 3xarmour from ItalianBase
	strength=9
Sending: [{'delegate': 'combat', 'from': 'ItalianBase', 'to': 'ItalianStartLeft', 'unit': 'armour', 'count': 3}]

Game  3  Round  20   [MY_MOVE] noncombat
Sending: [{'delegate': 'noncombat', 'from': 'ItalianBase', 'to': 'ItalianStart', 'unit': 'infantry'}]

Game  3  Round  21   [MY_MOVE] purchase
Sending: [{'delegate': 'purchase', 'unit': 'artillery', 'from': '', 'to': 'ItalianBase'}, {'delegate': 'purchase', 'unit': 'armour', 'from': '', 'to': 'ItalianBase'}, {'delegate': 'purchase', 'unit': 'armour', 'from': '', 'to': 'ItalianBase'}]

Game  3  Round  21   [MY_MOVE] combat
MCTS ran 123 iterations in 1.0s
Root node visits: 123
Best action visits: 9, value: 0.297
Selected action : combat delegate on ItalianStepOne
	Move units: 3xarmour from ItalianBase
	strength=9
Sending: [{'delegate': 'combat', 'from': 'ItalianBase', 'to': 'ItalianStepOne', 'unit': 'armour', 'count': 3}]

Game  3  Round  21   [MY_MOVE] noncombat
Sending: [{'delegate': 'noncombat', 'from': 'ItalianBase', 'to': 'ItalianStepOne', 'unit': 'armour'}]

Game  3  Round  22   [MY_MOVE] purchase
Sending: [{'delegate': 'purchase', 'unit': 'artillery', 'from': '', 'to': 'ItalianBase'}, {'delegate': 'purchase', 'unit': 'artillery', 'from': '', 'to': 'ItalianBase'}, {'delegate': 'purchase', 'unit': 'artillery', 'from': '', 'to': 'ItalianBase'}]

Game  3  Round  22   [MY_MOVE] combat
MCTS ran 127 iterations in 1.0s
Root node visits: 127
Best action visits: 15, value: 0.323
Selected action : combat delegate on ItalianStartRight
	Move units: 1xarmour from ItalianBase
	strength=3
Sending: [{'delegate': 'combat', 'from': 'ItalianBase', 'to': 'ItalianStartRight', 'unit': 'armour', 'count': 1}]

Game  3  Round  22   [MY_MOVE] noncombat
Sending: [{'delegate': 'noncombat', 'from': 'ItalianStart', 'to': 'ItalianBase', 'unit': 'armour'}]

Game  3  Round  23   [MY_MOVE] purchase
Sending: [{'delegate': 'purchase', 'unit': 'armour', 'from': '', 'to': 'ItalianBase'}]

Game  3  Round  23   [MY_MOVE] combat
MCTS ran 129 iterations in 1.0s
Root node visits: 129
Best action visits: 15, value: 0.338
Selected action : combat delegate on Flag
	Move units: 3xarmour from ItalianStepOne
	strength=9
Sending: [{'delegate': 'combat', 'from': 'ItalianStepOne', 'to': 'Flag', 'unit': 'armour', 'count': 3}]

Game  3  Round  23   [MY_MOVE] noncombat
Sending: [{'delegate': 'noncombat', 'from': 'ItalianBase', 'to': 'ItalianStart', 'unit': 'armour'}]

Game  3  Round  24   [MY_MOVE] purchase
Sending: [{'delegate': 'purchase', 'unit': 'infantry', 'from': '', 'to': 'ItalianBase'}, {'delegate': 'purchase', 'unit': 'infantry', 'from': '', 'to': 'ItalianBase'}, {'delegate': 'purchase', 'unit': 'infantry', 'from': '', 'to': 'ItalianBase'}, {'delegate': 'purchase', 'unit': 'infantry', 'from': '', 'to': 'ItalianBase'}, {'delegate': 'purchase', 'unit': 'infantry', 'from': '', 'to': 'ItalianBase'}, {'delegate': 'purchase', 'unit': 'infantry', 'from': '', 'to': 'ItalianBase'}, {'delegate': 'purchase', 'unit': 'artillery', 'from': '', 'to': 'ItalianBase'}, {'delegate': 'purchase', 'unit': 'artillery', 'from': '', 'to': 'ItalianBase'}, {'delegate': 'purchase', 'unit': 'artillery', 'from': '', 'to': 'ItalianBase'}, {'delegate': 'purchase', 'unit': 'armour', 'from': '', 'to': 'ItalianBase'}, {'delegate': 'purchase', 'unit': 'armour', 'from': '', 'to': 'ItalianBase'}, {'delegate': 'purchase', 'unit': 'armour', 'from': '', 'to': 'ItalianBase'}, {'delegate': 'purchase', 'unit': 'armour', 'from': '', 'to': 'ItalianBase'}]

Game  3  Round  24   [MY_MOVE] combat
MCTS ran 127 iterations in 1.0s
Root node visits: 127
Best action visits: 13, value: 0.423
Selected action : combat delegate on ItalianStartLeft
	Move units: 2xarmour from ItalianBase
	Move units: 1xarmour from ItalianStart
	Move units: 2xinfantry from ItalianStart
	strength=13
Sending: [{'delegate': 'combat', 'from': 'ItalianBase', 'to': 'ItalianStartLeft', 'unit': 'armour', 'count': 2}, {'delegate': 'combat', 'from': 'ItalianStart', 'to': 'ItalianStartLeft', 'unit': 'armour', 'count': 1}, {'delegate': 'combat', 'from': 'ItalianStart', 'to': 'ItalianStartLeft', 'unit': 'infantry', 'count': 2}]

Game  3  Round  24   [MY_MOVE] noncombat
Sending: [{'delegate': 'noncombat', 'from': 'Flag', 'to': 'ItalianStepOne', 'unit': 'armour'}]

Game  3  Round  25   [MY_MOVE] purchase
Sending: [{'delegate': 'purchase', 'unit': 'infantry', 'from': '', 'to': 'ItalianBase'}, {'delegate': 'purchase', 'unit': 'infantry', 'from': '', 'to': 'ItalianBase'}, {'delegate': 'purchase', 'unit': 'artillery', 'from': '', 'to': 'ItalianBase'}, {'delegate': 'purchase', 'unit': 'artillery', 'from': '', 'to': 'ItalianBase'}, {'delegate': 'purchase', 'unit': 'artillery', 'from': '', 'to': 'ItalianBase'}]

Game  3  Round  25   [MY_MOVE] combat
MCTS ran 128 iterations in 1.0s
Root node visits: 128
Best action visits: 16, value: 0.438
Selected action : combat delegate on ItalianStart
	Move units: 4xarmour from ItalianBase
	Move units: 1xarmour from ItalianStepOne
	Move units: 2xartillery from ItalianBase
	strength=19
Sending: [{'delegate': 'combat', 'from': 'ItalianBase', 'to': 'ItalianStart', 'unit': 'armour', 'count': 4}, {'delegate': 'combat', 'from': 'ItalianStepOne', 'to': 'ItalianStart', 'unit': 'armour', 'count': 1}, {'delegate': 'combat', 'from': 'ItalianBase', 'to': 'ItalianStart', 'unit': 'artillery', 'count': 2}]

Game  3  Round  25   [MY_MOVE] noncombat
Sending: [{'delegate': 'noncombat', 'from': 'ItalianStart', 'to': 'ItalianBase', 'unit': 'armour'}]

Game  3  Round  26   [MY_MOVE] purchase
Sending: [{'delegate': 'purchase', 'unit': 'infantry', 'from': '', 'to': 'ItalianBase'}, {'delegate': 'purchase', 'unit': 'infantry', 'from': '', 'to': 'ItalianBase'}, {'delegate': 'purchase', 'unit': 'infantry', 'from': '', 'to': 'ItalianBase'}, {'delegate': 'purchase', 'unit': 'infantry', 'from': '', 'to': 'ItalianBase'}, {'delegate': 'purchase', 'unit': 'infantry', 'from': '', 'to': 'ItalianBase'}, {'delegate': 'purchase', 'unit': 'artillery', 'from': '', 'to': 'ItalianBase'}, {'delegate': 'purchase', 'unit': 'artillery', 'from': '', 'to': 'ItalianBase'}]

Game  3  Round  26   [MY_MOVE] combat
MCTS ran 137 iterations in 1.0s
Root node visits: 137
Best action visits: 14, value: 0.429
Selected action : combat delegate on ItalianStartRight
	Move units: 5xarmour from ItalianStart
	strength=15
Sending: [{'delegate': 'combat', 'from': 'ItalianStart', 'to': 'ItalianStartRight', 'unit': 'armour', 'count': 5}]

Game  3  Round  26   [MY_MOVE] noncombat
Sending: [{'delegate': 'noncombat', 'from': 'ItalianBase', 'to': 'ItalianStart', 'unit': 'artillery'}]

Game  3  Round  27   [MY_MOVE] purchase
Sending: [{'delegate': 'purchase', 'unit': 'infantry', 'from': '', 'to': 'ItalianBase'}, {'delegate': 'purchase', 'unit': 'artillery', 'from': '', 'to': 'ItalianBase'}, {'delegate': 'purchase', 'unit': 'artillery', 'from': '', 'to': 'ItalianBase'}, {'delegate': 'purchase', 'unit': 'artillery', 'from': '', 'to': 'ItalianBase'}, {'delegate': 'purchase', 'unit': 'armour', 'from': '', 'to': 'ItalianBase'}]

Game  3  Round  27   [MY_MOVE] combat
MCTS ran 132 iterations in 1.0s
Root node visits: 132
Best action visits: 27, value: 0.463
Selected action : combat delegate on ItalianStart
	Move units: 5xartillery from ItalianBase
	strength=10
Sending: [{'delegate': 'combat', 'from': 'ItalianBase', 'to': 'ItalianStart', 'unit': 'artillery', 'count': 5}]

Game  3  Round  27   [MY_MOVE] noncombat
Sending: [{'delegate': 'noncombat', 'from': 'ItalianBase', 'to': 'ItalianStart', 'unit': 'infantry'}]

Game  3  Round  28   [MY_MOVE] purchase
Sending: [{'delegate': 'purchase', 'unit': 'infantry', 'from': '', 'to': 'ItalianBase'}, {'delegate': 'purchase', 'unit': 'infantry', 'from': '', 'to': 'ItalianBase'}]

Game  3  Round  28   [MY_MOVE] combat
MCTS ran 127 iterations in 1.0s
Root node visits: 127
Best action visits: 15, value: 0.433
Selected action : combat delegate on ItalianStartRight
	Move units: 1xarmour from ItalianBase
	Move units: 4xartillery from ItalianStart
	Move units: 1xinfantry from ItalianStart
	strength=13
Sending: [{'delegate': 'combat', 'from': 'ItalianBase', 'to': 'ItalianStartRight', 'unit': 'armour', 'count': 1}, {'delegate': 'combat', 'from': 'ItalianStart', 'to': 'ItalianStartRight', 'unit': 'artillery', 'count': 4}, {'delegate': 'combat', 'from': 'ItalianStart', 'to': 'ItalianStartRight', 'unit': 'infantry', 'count': 1}]

Game  3  Round  28   [MY_MOVE] noncombat
Sending: [{'delegate': 'noncombat', 'from': 'ItalianBase', 'to': 'ItalianStart', 'unit': 'infantry'}]

Game  3  Round  29   [MY_MOVE] purchase
Sending: [{'delegate': 'purchase', 'unit': 'infantry', 'from': '', 'to': 'ItalianBase'}, {'delegate': 'purchase', 'unit': 'infantry', 'from': '', 'to': 'ItalianBase'}, {'delegate': 'purchase', 'unit': 'armour', 'from': '', 'to': 'ItalianBase'}, {'delegate': 'purchase', 'unit': 'armour', 'from': '', 'to': 'ItalianBase'}]

Game  3  Round  29   [MY_MOVE] combat
MCTS ran 125 iterations in 1.0s
Root node visits: 125
Best action visits: 16, value: 0.438
Selected action : combat delegate on ItalianStartLeft
	Move units: 1xarmour from ItalianStart
	Move units: 1xartillery from ItalianStart
	Move units: 1xinfantry from ItalianStart
	strength=7
Sending: [{'delegate': 'combat', 'from': 'ItalianStart', 'to': 'ItalianStartLeft', 'unit': 'armour', 'count': 1}, {'delegate': 'combat', 'from': 'ItalianStart', 'to': 'ItalianStartLeft', 'unit': 'artillery', 'count': 1}, {'delegate': 'combat', 'from': 'ItalianStart', 'to': 'ItalianStartLeft', 'unit': 'infantry', 'count': 1}]

Game  3  Round  29   [MY_MOVE] noncombat
Sending: [{'delegate': 'noncombat', 'from': 'ItalianStartLeft', 'to': 'ItalianStart', 'unit': 'artillery'}]

Game  3  Round  30   [MY_MOVE] purchase
Sending: [{'delegate': 'purchase', 'unit': 'artillery', 'from': '', 'to': 'ItalianBase'}, {'delegate': 'purchase', 'unit': 'artillery', 'from': '', 'to': 'ItalianBase'}, {'delegate': 'purchase', 'unit': 'artillery', 'from': '', 'to': 'ItalianBase'}, {'delegate': 'purchase', 'unit': 'artillery', 'from': '', 'to': 'ItalianBase'}]

Game  3  Round  30   [MY_MOVE] combat
MCTS ran 124 iterations in 1.0s
Root node visits: 124
Best action visits: 21, value: 0.452
Selected action : combat delegate on ItalianStart
	Move units: 2xarmour from ItalianBase
	Move units: 1xarmour from ItalianStartLeft
	strength=9
Sending: [{'delegate': 'combat', 'from': 'ItalianBase', 'to': 'ItalianStart', 'unit': 'armour', 'count': 2}, {'delegate': 'combat', 'from': 'ItalianStartLeft', 'to': 'ItalianStart', 'unit': 'armour', 'count': 1}]

Game  3  Round  30   [MY_MOVE] noncombat
Sending: [{'delegate': 'noncombat', 'from': 'ItalianStart', 'to': 'ItalianStartLeft', 'unit': 'armour'}]

Game  3  Round  31   [MY_MOVE] purchase
Sending: [{'delegate': 'purchase', 'unit': 'infantry', 'from': '', 'to': 'ItalianBase'}, {'delegate': 'purchase', 'unit': 'infantry', 'from': '', 'to': 'ItalianBase'}, {'delegate': 'purchase', 'unit': 'infantry', 'from': '', 'to': 'ItalianBase'}, {'delegate': 'purchase', 'unit': 'infantry', 'from': '', 'to': 'ItalianBase'}]

Game  3  Round  31   [MY_MOVE] combat
MCTS ran 134 iterations in 1.0s
Root node visits: 134
Best action visits: 23, value: 0.457
Selected action : combat delegate on ItalianStartLeft
	Move units: 3xarmour from ItalianStart
	strength=9
Sending: [{'delegate': 'combat', 'from': 'ItalianStart', 'to': 'ItalianStartLeft', 'unit': 'armour', 'count': 3}]

Game  3  Round  31   [MY_MOVE] noncombat
Sending: [{'delegate': 'noncombat', 'from': 'ItalianBase', 'to': 'ItalianStart', 'unit': 'artillery'}]

Game  3  Round  32   [MY_MOVE] purchase
Sending: [{'delegate': 'purchase', 'unit': 'infantry', 'from': '', 'to': 'ItalianBase'}, {'delegate': 'purchase', 'unit': 'artillery', 'from': '', 'to': 'ItalianBase'}, {'delegate': 'purchase', 'unit': 'armour', 'from': '', 'to': 'ItalianBase'}]

Game  3  Round  32   [MY_MOVE] combat
MCTS ran 140 iterations in 1.0s
Root node visits: 140
Best action visits: 18, value: 0.444
Selected action : combat delegate on ItalianStart
	Move units: 10xartillery from ItalianBase
	strength=20
Sending: [{'delegate': 'combat', 'from': 'ItalianBase', 'to': 'ItalianStart', 'unit': 'artillery', 'count': 10}]

Game  3  Round  32   [MY_MOVE] noncombat
Sending: [{'delegate': 'noncombat', 'from': 'ItalianBase', 'to': 'ItalianStart', 'unit': 'infantry'}]

Game  3  Round  33   [MY_MOVE] purchase
Sending: [{'delegate': 'purchase', 'unit': 'infantry', 'from': '', 'to': 'ItalianBase'}, {'delegate': 'purchase', 'unit': 'infantry', 'from': '', 'to': 'ItalianBase'}, {'delegate': 'purchase', 'unit': 'artillery', 'from': '', 'to': 'ItalianBase'}, {'delegate': 'purchase', 'unit': 'artillery', 'from': '', 'to': 'ItalianBase'}]

Game  3  Round  33   [MY_MOVE] combat
MCTS ran 154 iterations in 1.0s
Root node visits: 154
Best action visits: 26, value: 0.462
Selected action : combat delegate on ItalianStartLeft
	Move units: 1xarmour from ItalianBase
	Move units: 9xartillery from ItalianStart
	Move units: 1xinfantry from ItalianStart
	strength=23
Sending: [{'delegate': 'combat', 'from': 'ItalianBase', 'to': 'ItalianStartLeft', 'unit': 'armour', 'count': 1}, {'delegate': 'combat', 'from': 'ItalianStart', 'to': 'ItalianStartLeft', 'unit': 'artillery', 'count': 9}, {'delegate': 'combat', 'from': 'ItalianStart', 'to': 'ItalianStartLeft', 'unit': 'infantry', 'count': 1}]

Game  3  Round  33   [MY_MOVE] noncombat
Sending: [{'delegate': 'noncombat', 'from': 'ItalianBase', 'to': 'ItalianStart', 'unit': 'infantry'}]

Game  3  Round  34   [MY_MOVE] purchase
Sending: [{'delegate': 'purchase', 'unit': 'infantry', 'from': '', 'to': 'ItalianBase'}, {'delegate': 'purchase', 'unit': 'armour', 'from': '', 'to': 'ItalianBase'}]

Game  3  Round  34   [MY_MOVE] combat
MCTS ran 164 iterations in 1.0s
Root node visits: 164
Best action visits: 24, value: 0.458
Selected action : combat delegate on ItalianStart
	Move units: 26xartillery from ItalianBase
	Move units: 14xinfantry from ItalianBase
	strength=444
Sending: [{'delegate': 'combat', 'from': 'ItalianBase', 'to': 'ItalianStart', 'unit': 'artillery', 'count': 26}, {'delegate': 'combat', 'from': 'ItalianBase', 'to': 'ItalianStart', 'unit': 'infantry', 'count': 14}]

Game  3  Round  34   [MY_MOVE] noncombat
Sending: []
Graph reset complete.
Starting next game in 5s.
WHOAMI updated: Russians

Game  4  Round  1   [MY_MOVE] purchase
Sending: [{'delegate': 'purchase', 'unit': 'artillery', 'from': '', 'to': 'RussianBase'}]

Game  4  Round  1   [MY_MOVE] combat
MCTS ran 255 iterations in 1.0s
Root node visits: 255
Best action visits: 86, value: -0.073
Selected action : combat delegate on RussianStartLeft
	Move units: 1xinfantry from RussianStart
	strength=2
Sending: [{'delegate': 'combat', 'from': 'RussianStart', 'to': 'RussianStartLeft', 'unit': 'infantry', 'count': 1}]

Game  4  Round  1   [MY_MOVE] noncombat
Sending: [{'delegate': 'noncombat', 'from': 'RussianStart', 'to': 'RussianBase', 'unit': 'infantry'}]

Game  4  Round  2   [MY_MOVE] purchase
Sending: [{'delegate': 'purchase', 'unit': 'infantry', 'from': '', 'to': 'RussianBase'}, {'delegate': 'purchase', 'unit': 'infantry', 'from': '', 'to': 'RussianBase'}, {'delegate': 'purchase', 'unit': 'infantry', 'from': '', 'to': 'RussianBase'}, {'delegate': 'purchase', 'unit': 'infantry', 'from': '', 'to': 'RussianBase'}, {'delegate': 'purchase', 'unit': 'infantry', 'from': '', 'to': 'RussianBase'}, {'delegate': 'purchase', 'unit': 'infantry', 'from': '', 'to': 'RussianBase'}]

Game  4  Round  2   [MY_MOVE] combat
MCTS ran 181 iterations in 1.0s
Root node visits: 181
Best action visits: 61, value: -0.001
Selected action : combat delegate on RussianStepOne
	Move units: 1xarmour from RussianBase
	strength=3
Sending: [{'delegate': 'combat', 'from': 'RussianBase', 'to': 'RussianStepOne', 'unit': 'armour', 'count': 1}]

Game  4  Round  2   [MY_MOVE] noncombat
Sending: [{'delegate': 'noncombat', 'from': 'RussianStepOne', 'to': 'RussianStartLeft', 'unit': 'armour'}]

Game  4  Round  3   [MY_MOVE] purchase
Sending: [{'delegate': 'purchase', 'unit': 'infantry', 'from': '', 'to': 'RussianBase'}, {'delegate': 'purchase', 'unit': 'artillery', 'from': '', 'to': 'RussianBase'}, {'delegate': 'purchase', 'unit': 'artillery', 'from': '', 'to': 'RussianBase'}, {'delegate': 'purchase', 'unit': 'armour', 'from': '', 'to': 'RussianBase'}]

Game  4  Round  3   [MY_MOVE] combat
MCTS ran 160 iterations in 1.0s
Root node visits: 160
Best action visits: 42, value: 0.097
Selected action : combat delegate on RussianStepTwo
	Move units: 1xarmour from RussianStepOne
	strength=3
Sending: [{'delegate': 'combat', 'from': 'RussianStepOne', 'to': 'RussianStepTwo', 'unit': 'armour', 'count': 1}]

Game  4  Round  3   [MY_MOVE] noncombat
Sending: [{'delegate': 'noncombat', 'from': 'RussianBase', 'to': 'RussianStart', 'unit': 'infantry'}]

Game  4  Round  4   [MY_MOVE] purchase
Sending: [{'delegate': 'purchase', 'unit': 'infantry', 'from': '', 'to': 'RussianBase'}, {'delegate': 'purchase', 'unit': 'artillery', 'from': '', 'to': 'RussianBase'}, {'delegate': 'purchase', 'unit': 'artillery', 'from': '', 'to': 'RussianBase'}, {'delegate': 'purchase', 'unit': 'artillery', 'from': '', 'to': 'RussianBase'}, {'delegate': 'purchase', 'unit': 'armour', 'from': '', 'to': 'RussianBase'}]

Game  4  Round  4   [MY_MOVE] combat
MCTS ran 147 iterations in 1.0s
Root node visits: 147
Best action visits: 25, value: 0.222
Selected action : combat delegate on RussianStartRight
	Move units: 1xarmour from RussianBase
	strength=3
Sending: [{'delegate': 'combat', 'from': 'RussianBase', 'to': 'RussianStartRight', 'unit': 'armour', 'count': 1}]

Game  4  Round  4   [MY_MOVE] noncombat
Sending: [{'delegate': 'noncombat', 'from': 'RussianStartRight', 'to': 'RussianStart', 'unit': 'armour'}]

Game  4  Round  5   [MY_MOVE] purchase
Sending: [{'delegate': 'purchase', 'unit': 'artillery', 'from': '', 'to': 'RussianBase'}, {'delegate': 'purchase', 'unit': 'artillery', 'from': '', 'to': 'RussianBase'}, {'delegate': 'purchase', 'unit': 'artillery', 'from': '', 'to': 'RussianBase'}, {'delegate': 'purchase', 'unit': 'artillery', 'from': '', 'to': 'RussianBase'}, {'delegate': 'purchase', 'unit': 'armour', 'from': '', 'to': 'RussianBase'}]

Game  4  Round  5   [MY_MOVE] combat
MCTS ran 145 iterations in 1.0s
Root node visits: 145
Best action visits: 30, value: 0.191
Selected action : combat delegate on ChineseStepTwo
	Move units: 1xarmour from RussianStepTwo
	strength=3
Sending: [{'delegate': 'combat', 'from': 'RussianStepTwo', 'to': 'ChineseStepTwo', 'unit': 'armour', 'count': 1}]

Game  4  Round  5   [MY_MOVE] noncombat
Sending: [{'delegate': 'noncombat', 'from': 'RussianBase', 'to': 'RussianStartRight', 'unit': 'armour'}]

Game  4  Round  6   [MY_MOVE] purchase
Sending: [{'delegate': 'purchase', 'unit': 'infantry', 'from': '', 'to': 'RussianBase'}, {'delegate': 'purchase', 'unit': 'infantry', 'from': '', 'to': 'RussianBase'}, {'delegate': 'purchase', 'unit': 'infantry', 'from': '', 'to': 'RussianBase'}, {'delegate': 'purchase', 'unit': 'infantry', 'from': '', 'to': 'RussianBase'}, {'delegate': 'purchase', 'unit': 'artillery', 'from': '', 'to': 'RussianBase'}, {'delegate': 'purchase', 'unit': 'artillery', 'from': '', 'to': 'RussianBase'}]

Game  4  Round  6   [MY_MOVE] combat
MCTS ran 143 iterations in 1.0s
Root node visits: 143
Best action visits: 12, value: 0.189
Selected action : combat delegate on Flag
	Move units: 1xarmour from RussianStepTwo
	strength=3
Sending: [{'delegate': 'combat', 'from': 'RussianStepTwo', 'to': 'Flag', 'unit': 'armour', 'count': 1}]

Game  4  Round  6   [MY_MOVE] noncombat
Sending: [{'delegate': 'noncombat', 'from': 'RussianStart', 'to': 'RussianBase', 'unit': 'infantry'}]

Game  4  Round  7   [MY_MOVE] purchase
Sending: [{'delegate': 'purchase', 'unit': 'armour', 'from': '', 'to': 'RussianBase'}, {'delegate': 'purchase', 'unit': 'armour', 'from': '', 'to': 'RussianBase'}, {'delegate': 'purchase', 'unit': 'armour', 'from': '', 'to': 'RussianBase'}]

Game  4  Round  7   [MY_MOVE] combat
MCTS ran 144 iterations in 1.0s
Root node visits: 144
Best action visits: 37, value: 0.130
Selected action : combat delegate on LeftBar
	strength=0
Sending: []

Game  4  Round  7   [MY_MOVE] noncombat
Sending: [{'delegate': 'noncombat', 'from': 'RussianStartRight', 'to': 'RussianStart', 'unit': 'armour'}]

Game  4  Round  8   [MY_MOVE] purchase
Sending: [{'delegate': 'purchase', 'unit': 'infantry', 'from': '', 'to': 'RussianBase'}, {'delegate': 'purchase', 'unit': 'infantry', 'from': '', 'to': 'RussianBase'}, {'delegate': 'purchase', 'unit': 'infantry', 'from': '', 'to': 'RussianBase'}, {'delegate': 'purchase', 'unit': 'artillery', 'from': '', 'to': 'RussianBase'}, {'delegate': 'purchase', 'unit': 'artillery', 'from': '', 'to': 'RussianBase'}, {'delegate': 'purchase', 'unit': 'armour', 'from': '', 'to': 'RussianBase'}]

Game  4  Round  8   [MY_MOVE] combat
MCTS ran 147 iterations in 1.0s
Root node visits: 147
Best action visits: 30, value: 0.255
Selected action : combat delegate on RussianStart
	Move units: 2xarmour from RussianBase
	strength=6
Sending: [{'delegate': 'combat', 'from': 'RussianBase', 'to': 'RussianStart', 'unit': 'armour', 'count': 2}]

Game  4  Round  8   [MY_MOVE] noncombat
Sending: []

Game  4  Round  9   [MY_MOVE] purchase
Sending: [{'delegate': 'purchase', 'unit': 'armour', 'from': '', 'to': 'RussianBase'}]

Game  4  Round  9   [MY_MOVE] combat
MCTS ran 138 iterations in 1.0s
Root node visits: 138
Best action visits: 20, value: 0.243
Selected action : combat delegate on RussianStart
	Move units: 3xarmour from RussianBase
	Move units: 5xartillery from RussianBase
	strength=19
Sending: [{'delegate': 'combat', 'from': 'RussianBase', 'to': 'RussianStart', 'unit': 'armour', 'count': 3}, {'delegate': 'combat', 'from': 'RussianBase', 'to': 'RussianStart', 'unit': 'artillery', 'count': 5}]

Game  4  Round  9   [MY_MOVE] noncombat
Sending: [{'delegate': 'noncombat', 'from': 'RussianBase', 'to': 'RussianStart', 'unit': 'artillery'}]

Game  4  Round  10   [MY_MOVE] purchase
Sending: [{'delegate': 'purchase', 'unit': 'infantry', 'from': '', 'to': 'RussianBase'}, {'delegate': 'purchase', 'unit': 'infantry', 'from': '', 'to': 'RussianBase'}, {'delegate': 'purchase', 'unit': 'infantry', 'from': '', 'to': 'RussianBase'}, {'delegate': 'purchase', 'unit': 'infantry', 'from': '', 'to': 'RussianBase'}, {'delegate': 'purchase', 'unit': 'artillery', 'from': '', 'to': 'RussianBase'}, {'delegate': 'purchase', 'unit': 'artillery', 'from': '', 'to': 'RussianBase'}, {'delegate': 'purchase', 'unit': 'artillery', 'from': '', 'to': 'RussianBase'}]

Game  4  Round  10   [MY_MOVE] combat
MCTS ran 134 iterations in 1.0s
Root node visits: 134
Best action visits: 12, value: 0.233
Selected action : combat delegate on RussianStartRight
	Move units: 1xarmour from RussianBase
	Move units: 2xarmour from RussianStart
	strength=9
Sending: [{'delegate': 'combat', 'from': 'RussianBase', 'to': 'RussianStartRight', 'unit': 'armour', 'count': 1}, {'delegate': 'combat', 'from': 'RussianStart', 'to': 'RussianStartRight', 'unit': 'armour', 'count': 2}]

Game  4  Round  10   [MY_MOVE] noncombat
Sending: [{'delegate': 'noncombat', 'from': 'RussianStartRight', 'to': 'RussianBase', 'unit': 'armour'}]

Game  4  Round  11   [MY_MOVE] purchase
Sending: [{'delegate': 'purchase', 'unit': 'infantry', 'from': '', 'to': 'RussianBase'}, {'delegate': 'purchase', 'unit': 'infantry', 'from': '', 'to': 'RussianBase'}, {'delegate': 'purchase', 'unit': 'infantry', 'from': '', 'to': 'RussianBase'}, {'delegate': 'purchase', 'unit': 'artillery', 'from': '', 'to': 'RussianBase'}]

Game  4  Round  11   [MY_MOVE] combat
MCTS ran 133 iterations in 1.0s
Root node visits: 133
Best action visits: 14, value: 0.206
Selected action : combat delegate on RussianStepOne
	Move units: 1xarmour from RussianStart
	Move units: 1xarmour from RussianStartRight
	strength=6
Sending: [{'delegate': 'combat', 'from': 'RussianStart', 'to': 'RussianStepOne', 'unit': 'armour', 'count': 1}, {'delegate': 'combat', 'from': 'RussianStartRight', 'to': 'RussianStepOne', 'unit': 'armour', 'count': 1}]

Game  4  Round  11   [MY_MOVE] noncombat
Sending: [{'delegate': 'noncombat', 'from': 'RussianStart', 'to': 'RussianStepOne', 'unit': 'artillery'}]

Game  4  Round  12   [MY_MOVE] purchase
Sending: [{'delegate': 'purchase', 'unit': 'infantry', 'from': '', 'to': 'RussianBase'}, {'delegate': 'purchase', 'unit': 'infantry', 'from': '', 'to': 'RussianBase'}, {'delegate': 'purchase', 'unit': 'infantry', 'from': '', 'to': 'RussianBase'}, {'delegate': 'purchase', 'unit': 'infantry', 'from': '', 'to': 'RussianBase'}, {'delegate': 'purchase', 'unit': 'artillery', 'from': '', 'to': 'RussianBase'}, {'delegate': 'purchase', 'unit': 'armour', 'from': '', 'to': 'RussianBase'}]

Game  4  Round  12   [MY_MOVE] combat
MCTS ran 134 iterations in 1.0s
Root node visits: 134
Best action visits: 17, value: 0.166
Selected action : combat delegate on RussianStartLeft
	Move units: 2xarmour from RussianStepOne
	Move units: 5xartillery from RussianStart
	strength=16
Sending: [{'delegate': 'combat', 'from': 'RussianStepOne', 'to': 'RussianStartLeft', 'unit': 'armour', 'count': 2}, {'delegate': 'combat', 'from': 'RussianStart', 'to': 'RussianStartLeft', 'unit': 'artillery', 'count': 5}]

Game  4  Round  12   [MY_MOVE] noncombat
Sending: [{'delegate': 'noncombat', 'from': 'RussianBase', 'to': 'RussianStart', 'unit': 'artillery'}]

Game  4  Round  13   [MY_MOVE] purchase
Sending: [{'delegate': 'purchase', 'unit': 'infantry', 'from': '', 'to': 'RussianBase'}, {'delegate': 'purchase', 'unit': 'artillery', 'from': '', 'to': 'RussianBase'}]

Game  4  Round  13   [MY_MOVE] combat
MCTS ran 129 iterations in 1.0s
Root node visits: 129
Best action visits: 13, value: 0.178
Selected action : combat delegate on RussianStartRight
	Move units: 1xarmour from RussianBase
	Move units: 2xarmour from RussianStart
	strength=9
Sending: [{'delegate': 'combat', 'from': 'RussianBase', 'to': 'RussianStartRight', 'unit': 'armour', 'count': 1}, {'delegate': 'combat', 'from': 'RussianStart', 'to': 'RussianStartRight', 'unit': 'armour', 'count': 2}]

Game  4  Round  13   [MY_MOVE] noncombat
Sending: [{'delegate': 'noncombat', 'from': 'RussianStart', 'to': 'RussianBase', 'unit': 'artillery'}]

Game  4  Round  14   [MY_MOVE] purchase
Sending: [{'delegate': 'purchase', 'unit': 'artillery', 'from': '', 'to': 'RussianBase'}, {'delegate': 'purchase', 'unit': 'artillery', 'from': '', 'to': 'RussianBase'}, {'delegate': 'purchase', 'unit': 'armour', 'from': '', 'to': 'RussianBase'}]

Game  4  Round  14   [MY_MOVE] combat
MCTS ran 126 iterations in 1.0s
Root node visits: 126
Best action visits: 21, value: 0.191
Selected action : combat delegate on RussianStartLeft
	Move units: 3xartillery from RussianStart
	strength=6
Sending: [{'delegate': 'combat', 'from': 'RussianStart', 'to': 'RussianStartLeft', 'unit': 'artillery', 'count': 3}]

Game  4  Round  14   [MY_MOVE] noncombat
Sending: [{'delegate': 'noncombat', 'from': 'RussianStepOne', 'to': 'RussianStart', 'unit': 'artillery'}]

Game  4  Round  15   [MY_MOVE] purchase
Sending: [{'delegate': 'purchase', 'unit': 'infantry', 'from': '', 'to': 'RussianBase'}, {'delegate': 'purchase', 'unit': 'infantry', 'from': '', 'to': 'RussianBase'}, {'delegate': 'purchase', 'unit': 'armour', 'from': '', 'to': 'RussianBase'}, {'delegate': 'purchase', 'unit': 'armour', 'from': '', 'to': 'RussianBase'}, {'delegate': 'purchase', 'unit': 'armour', 'from': '', 'to': 'RussianBase'}]

Game  4  Round  15   [MY_MOVE] combat
MCTS ran 123 iterations in 1.0s
Root node visits: 123
Best action visits: 16, value: 0.192
Selected action : combat delegate on RussianStart
	Move units: 1xarmour from RussianBase
	Move units: 5xartillery from RussianBase
	strength=13
Sending: [{'delegate': 'combat', 'from': 'RussianBase', 'to': 'RussianStart', 'unit': 'armour', 'count': 1}, {'delegate': 'combat', 'from': 'RussianBase', 'to': 'RussianStart', 'unit': 'artillery', 'count': 5}]

Game  4  Round  15   [MY_MOVE] noncombat
Sending: [{'delegate': 'noncombat', 'from': 'RussianStart', 'to': 'RussianBase', 'unit': 'artillery'}]

Game  4  Round  16   [MY_MOVE] purchase
Sending: [{'delegate': 'purchase', 'unit': 'artillery', 'from': '', 'to': 'RussianBase'}]

Game  4  Round  16   [MY_MOVE] combat
MCTS ran 124 iterations in 1.0s
Root node visits: 124
Best action visits: 13, value: 0.196
Selected action : combat delegate on RussianStartRight
	Move units: 3xarmour from RussianBase
	strength=9
Sending: [{'delegate': 'combat', 'from': 'RussianBase', 'to': 'RussianStartRight', 'unit': 'armour', 'count': 3}]

Game  4  Round  16   [MY_MOVE] noncombat
Sending: [{'delegate': 'noncombat', 'from': 'RussianBase', 'to': 'RussianStart', 'unit': 'infantry'}]

Game  4  Round  17   [MY_MOVE] purchase
Sending: [{'delegate': 'purchase', 'unit': 'infantry', 'from': '', 'to': 'RussianBase'}, {'delegate': 'purchase', 'unit': 'infantry', 'from': '', 'to': 'RussianBase'}, {'delegate': 'purchase', 'unit': 'infantry', 'from': '', 'to': 'RussianBase'}, {'delegate': 'purchase', 'unit': 'armour', 'from': '', 'to': 'RussianBase'}, {'delegate': 'purchase', 'unit': 'armour', 'from': '', 'to': 'RussianBase'}]

Game  4  Round  17   [MY_MOVE] combat
MCTS ran 130 iterations in 1.0s
Root node visits: 130
Best action visits: 10, value: 0.176
Selected action : combat delegate on RussianStartLeft
	Move units: 1xarmour from RussianStart
	Move units: 5xartillery from RussianStart
	Move units: 1xinfantry from RussianStart
	strength=15
Sending: [{'delegate': 'combat', 'from': 'RussianStart', 'to': 'RussianStartLeft', 'unit': 'armour', 'count': 1}, {'delegate': 'combat', 'from': 'RussianStart', 'to': 'RussianStartLeft', 'unit': 'artillery', 'count': 5}, {'delegate': 'combat', 'from': 'RussianStart', 'to': 'RussianStartLeft', 'unit': 'infantry', 'count': 1}]

Game  4  Round  17   [MY_MOVE] noncombat
Sending: [{'delegate': 'noncombat', 'from': 'RussianBase', 'to': 'RussianStart', 'unit': 'infantry'}]

Game  4  Round  18   [MY_MOVE] purchase
Sending: [{'delegate': 'purchase', 'unit': 'infantry', 'from': '', 'to': 'RussianBase'}, {'delegate': 'purchase', 'unit': 'artillery', 'from': '', 'to': 'RussianBase'}, {'delegate': 'purchase', 'unit': 'armour', 'from': '', 'to': 'RussianBase'}]

Game  4  Round  18   [MY_MOVE] combat
MCTS ran 127 iterations in 1.0s
Root node visits: 127
Best action visits: 16, value: 0.183
Selected action : combat delegate on RussianStart
	Move units: 2xarmour from RussianBase
	Move units: 7xartillery from RussianBase
	strength=20
Sending: [{'delegate': 'combat', 'from': 'RussianBase', 'to': 'RussianStart', 'unit': 'armour', 'count': 2}, {'delegate': 'combat', 'from': 'RussianBase', 'to': 'RussianStart', 'unit': 'artillery', 'count': 7}]

Game  4  Round  18   [MY_MOVE] noncombat
Sending: [{'delegate': 'noncombat', 'from': 'RussianBase', 'to': 'RussianStart', 'unit': 'artillery'}]

Game  4  Round  19   [MY_MOVE] purchase
Sending: [{'delegate': 'purchase', 'unit': 'artillery', 'from': '', 'to': 'RussianBase'}, {'delegate': 'purchase', 'unit': 'artillery', 'from': '', 'to': 'RussianBase'}, {'delegate': 'purchase', 'unit': 'armour', 'from': '', 'to': 'RussianBase'}, {'delegate': 'purchase', 'unit': 'armour', 'from': '', 'to': 'RussianBase'}]

Game  4  Round  19   [MY_MOVE] combat
MCTS ran 122 iterations in 1.0s
Root node visits: 122
Best action visits: 21, value: 0.153
Selected action : combat delegate on RussianStart
	Move units: 1xarmour from RussianBase
	Move units: 5xartillery from RussianBase
	Move units: 7xinfantry from RussianBase
	strength=97
Sending: [{'delegate': 'combat', 'from': 'RussianBase', 'to': 'RussianStart', 'unit': 'armour', 'count': 1}, {'delegate': 'combat', 'from': 'RussianBase', 'to': 'RussianStart', 'unit': 'artillery', 'count': 5}, {'delegate': 'combat', 'from': 'RussianBase', 'to': 'RussianStart', 'unit': 'infantry', 'count': 7}]

Game  4  Round  19   [MY_MOVE] noncombat
Sending: []

Game  4  Round  20   [MY_MOVE] purchase
Sending: [{'delegate': 'purchase', 'unit': 'artillery', 'from': '', 'to': 'RussianBase'}, {'delegate': 'purchase', 'unit': 'armour', 'from': '', 'to': 'RussianBase'}]

Game  4  Round  20   [MY_MOVE] combat
MCTS ran 131 iterations in 1.0s
Root node visits: 131
Best action visits: 20, value: 0.169
Selected action : combat delegate on RussianStart
	strength=0
Sending: []

Game  4  Round  20   [MY_MOVE] noncombat
Sending: []
Graph reset complete.
Starting next game in 5s.
WHOAMI updated: Italians

Game  5  Round  1   [MY_MOVE] purchase
Sending: [{'delegate': 'purchase', 'unit': 'infantry', 'from': '', 'to': 'ItalianBase'}, {'delegate': 'purchase', 'unit': 'artillery', 'from': '', 'to': 'ItalianBase'}]

Game  5  Round  1   [MY_MOVE] combat
MCTS ran 229 iterations in 1.0s
Root node visits: 229
Best action visits: 77, value: -0.061
Selected action : combat delegate on ItalianStartLeft
	Move units: 1xarmour from ItalianBase
	strength=3
Sending: [{'delegate': 'combat', 'from': 'ItalianBase', 'to': 'ItalianStartLeft', 'unit': 'armour', 'count': 1}]

Game  5  Round  1   [MY_MOVE] noncombat
Sending: [{'delegate': 'noncombat', 'from': 'ItalianStart', 'to': 'ItalianBase', 'unit': 'infantry'}]

Game  5  Round  2   [MY_MOVE] purchase
Sending: [{'delegate': 'purchase', 'unit': 'infantry', 'from': '', 'to': 'ItalianBase'}, {'delegate': 'purchase', 'unit': 'infantry', 'from': '', 'to': 'ItalianBase'}, {'delegate': 'purchase', 'unit': 'infantry', 'from': '', 'to': 'ItalianBase'}, {'delegate': 'purchase', 'unit': 'artillery', 'from': '', 'to': 'ItalianBase'}, {'delegate': 'purchase', 'unit': 'artillery', 'from': '', 'to': 'ItalianBase'}, {'delegate': 'purchase', 'unit': 'armour', 'from': '', 'to': 'ItalianBase'}]

Game  5  Round  2   [MY_MOVE] combat
MCTS ran 174 iterations in 1.0s
Root node visits: 174
Best action visits: 44, value: 0.084
Selected action : combat delegate on RightBar
	Move units: 1xarmour from ItalianStartLeft
	strength=3
Sending: [{'delegate': 'combat', 'from': 'ItalianStartLeft', 'to': 'RightBar', 'unit': 'armour', 'count': 1}]

Game  5  Round  2   [MY_MOVE] noncombat
Sending: [{'delegate': 'noncombat', 'from': 'ItalianStart', 'to': 'ItalianStartLeft', 'unit': 'infantry'}]

Game  5  Round  3   [MY_MOVE] purchase
Sending: [{'delegate': 'purchase', 'unit': 'infantry', 'from': '', 'to': 'ItalianBase'}, {'delegate': 'purchase', 'unit': 'artillery', 'from': '', 'to': 'ItalianBase'}, {'delegate': 'purchase', 'unit': 'artillery', 'from': '', 'to': 'ItalianBase'}, {'delegate': 'purchase', 'unit': 'armour', 'from': '', 'to': 'ItalianBase'}]

Game  5  Round  3   [MY_MOVE] combat
MCTS ran 156 iterations in 1.0s
Root node visits: 156
Best action visits: 53, value: 0.016
Selected action : combat delegate on ItalianStepOne
	Move units: 1xarmour from ItalianBase
	strength=3
Sending: [{'delegate': 'combat', 'from': 'ItalianBase', 'to': 'ItalianStepOne', 'unit': 'armour', 'count': 1}]

Game  5  Round  3   [MY_MOVE] noncombat
Sending: [{'delegate': 'noncombat', 'from': 'ItalianStartLeft', 'to': 'ItalianStart', 'unit': 'infantry'}]

Game  5  Round  4   [MY_MOVE] purchase
Sending: [{'delegate': 'purchase', 'unit': 'infantry', 'from': '', 'to': 'ItalianBase'}, {'delegate': 'purchase', 'unit': 'infantry', 'from': '', 'to': 'ItalianBase'}, {'delegate': 'purchase', 'unit': 'infantry', 'from': '', 'to': 'ItalianBase'}, {'delegate': 'purchase', 'unit': 'armour', 'from': '', 'to': 'ItalianBase'}]

Game  5  Round  4   [MY_MOVE] combat
MCTS ran 143 iterations in 1.0s
Root node visits: 143
Best action visits: 50, value: 0.062
Selected action : combat delegate on ItalianStepTwo
	Move units: 1xarmour from ItalianStepOne
	strength=3
Sending: [{'delegate': 'combat', 'from': 'ItalianStepOne', 'to': 'ItalianStepTwo', 'unit': 'armour', 'count': 1}]

Game  5  Round  4   [MY_MOVE] noncombat
Sending: [{'delegate': 'noncombat', 'from': 'ItalianBase', 'to': 'ItalianStart', 'unit': 'artillery'}]

Game  5  Round  5   [MY_MOVE] purchase
Sending: [{'delegate': 'purchase', 'unit': 'infantry', 'from': '', 'to': 'ItalianBase'}, {'delegate': 'purchase', 'unit': 'infantry', 'from': '', 'to': 'ItalianBase'}, {'delegate': 'purchase', 'unit': 'armour', 'from': '', 'to': 'ItalianBase'}, {'delegate': 'purchase', 'unit': 'armour', 'from': '', 'to': 'ItalianBase'}]

Game  5  Round  5   [MY_MOVE] combat
MCTS ran 143 iterations in 1.0s
Root node visits: 143
Best action visits: 16, value: 0.224
Selected action : combat delegate on ItalianStartLeft
	Move units: 2xarmour from ItalianBase
	Move units: 1xartillery from ItalianStart
	Move units: 1xinfantry from ItalianStart
	strength=10
Sending: [{'delegate': 'combat', 'from': 'ItalianBase', 'to': 'ItalianStartLeft', 'unit': 'armour', 'count': 2}, {'delegate': 'combat', 'from': 'ItalianStart', 'to': 'ItalianStartLeft', 'unit': 'artillery', 'count': 1}, {'delegate': 'combat', 'from': 'ItalianStart', 'to': 'ItalianStartLeft', 'unit': 'infantry', 'count': 1}]

Game  5  Round  5   [MY_MOVE] noncombat
Sending: [{'delegate': 'noncombat', 'from': 'ItalianBase', 'to': 'ItalianStart', 'unit': 'artillery'}]

Game  5  Round  6   [MY_MOVE] purchase
Sending: [{'delegate': 'purchase', 'unit': 'infantry', 'from': '', 'to': 'ItalianBase'}]

Game  5  Round  6   [MY_MOVE] combat
MCTS ran 136 iterations in 1.0s
Root node visits: 136
Best action visits: 10, value: 0.227
Selected action : combat delegate on RightBar
	strength=0
Sending: []

Game  5  Round  6   [MY_MOVE] noncombat
Sending: [{'delegate': 'noncombat', 'from': 'ItalianStepTwo', 'to': 'ItalianStepOne', 'unit': 'armour'}]

Game  5  Round  7   [MY_MOVE] purchase
Sending: [{'delegate': 'purchase', 'unit': 'infantry', 'from': '', 'to': 'ItalianBase'}, {'delegate': 'purchase', 'unit': 'infantry', 'from': '', 'to': 'ItalianBase'}, {'delegate': 'purchase', 'unit': 'artillery', 'from': '', 'to': 'ItalianBase'}, {'delegate': 'purchase', 'unit': 'artillery', 'from': '', 'to': 'ItalianBase'}, {'delegate': 'purchase', 'unit': 'artillery', 'from': '', 'to': 'ItalianBase'}, {'delegate': 'purchase', 'unit': 'artillery', 'from': '', 'to': 'ItalianBase'}, {'delegate': 'purchase', 'unit': 'armour', 'from': '', 'to': 'ItalianBase'}, {'delegate': 'purchase', 'unit': 'armour', 'from': '', 'to': 'ItalianBase'}]

Game  5  Round  7   [MY_MOVE] combat
MCTS ran 135 iterations in 1.0s
Root node visits: 135
Best action visits: 15, value: 0.219
Selected action : combat delegate on RightBar
	Move units: 2xarmour from ItalianStartLeft
	Move units: 1xartillery from ItalianStartLeft
	Move units: 1xinfantry from ItalianStartLeft
	strength=10
Sending: [{'delegate': 'combat', 'from': 'ItalianStartLeft', 'to': 'RightBar', 'unit': 'armour', 'count': 2}, {'delegate': 'combat', 'from': 'ItalianStartLeft', 'to': 'RightBar', 'unit': 'artillery', 'count': 1}, {'delegate': 'combat', 'from': 'ItalianStartLeft', 'to': 'RightBar', 'unit': 'infantry', 'count': 1}]

Game  5  Round  7   [MY_MOVE] noncombat
Sending: [{'delegate': 'noncombat', 'from': 'ItalianStepOne', 'to': 'ItalianStepTwo', 'unit': 'armour'}]

Game  5  Round  8   [MY_MOVE] purchase
Sending: [{'delegate': 'purchase', 'unit': 'infantry', 'from': '', 'to': 'ItalianBase'}, {'delegate': 'purchase', 'unit': 'artillery', 'from': '', 'to': 'ItalianBase'}, {'delegate': 'purchase', 'unit': 'artillery', 'from': '', 'to': 'ItalianBase'}, {'delegate': 'purchase', 'unit': 'armour', 'from': '', 'to': 'ItalianBase'}, {'delegate': 'purchase', 'unit': 'armour', 'from': '', 'to': 'ItalianBase'}]

Game  5  Round  8   [MY_MOVE] combat
MCTS ran 137 iterations in 1.0s
Root node visits: 137
Best action visits: 12, value: 0.212
Selected action : combat delegate on GermanStartRight
	Move units: 2xarmour from RightBar
	Move units: 1xartillery from RightBar
	Move units: 1xinfantry from RightBar
	strength=10
Sending: [{'delegate': 'combat', 'from': 'RightBar', 'to': 'GermanStartRight', 'unit': 'armour', 'count': 2}, {'delegate': 'combat', 'from': 'RightBar', 'to': 'GermanStartRight', 'unit': 'artillery', 'count': 1}, {'delegate': 'combat', 'from': 'RightBar', 'to': 'GermanStartRight', 'unit': 'infantry', 'count': 1}]

Game  5  Round  8   [MY_MOVE] noncombat
Sending: [{'delegate': 'noncombat', 'from': 'ItalianBase', 'to': 'ItalianStart', 'unit': 'artillery'}]

Game  5  Round  9   [MY_MOVE] purchase
Sending: [{'delegate': 'purchase', 'unit': 'infantry', 'from': '', 'to': 'ItalianBase'}, {'delegate': 'purchase', 'unit': 'infantry', 'from': '', 'to': 'ItalianBase'}, {'delegate': 'purchase', 'unit': 'infantry', 'from': '', 'to': 'ItalianBase'}, {'delegate': 'purchase', 'unit': 'infantry', 'from': '', 'to': 'ItalianBase'}, {'delegate': 'purchase', 'unit': 'artillery', 'from': '', 'to': 'ItalianBase'}, {'delegate': 'purchase', 'unit': 'artillery', 'from': '', 'to': 'ItalianBase'}, {'delegate': 'purchase', 'unit': 'artillery', 'from': '', 'to': 'ItalianBase'}, {'delegate': 'purchase', 'unit': 'artillery', 'from': '', 'to': 'ItalianBase'}]

Game  5  Round  9   [MY_MOVE] combat
MCTS ran 149 iterations in 1.0s
Root node visits: 149
Best action visits: 15, value: 0.204
Selected action : combat delegate on ItalianStartRight
	Move units: 1xarmour from ItalianBase
	strength=18
Sending: [{'delegate': 'combat', 'from': 'ItalianBase', 'to': 'ItalianStartRight', 'unit': 'armour', 'count': 1}]

Game  5  Round  9   [MY_MOVE] noncombat
Sending: [{'delegate': 'noncombat', 'from': 'ItalianStartRight', 'to': 'ItalianStartLeft', 'unit': 'armour'}]

Game  5  Round  10   [MY_MOVE] purchase
Sending: [{'delegate': 'purchase', 'unit': 'infantry', 'from': '', 'to': 'ItalianBase'}, {'delegate': 'purchase', 'unit': 'infantry', 'from': '', 'to': 'ItalianBase'}, {'delegate': 'purchase', 'unit': 'infantry', 'from': '', 'to': 'ItalianBase'}, {'delegate': 'purchase', 'unit': 'infantry', 'from': '', 'to': 'ItalianBase'}, {'delegate': 'purchase', 'unit': 'artillery', 'from': '', 'to': 'ItalianBase'}, {'delegate': 'purchase', 'unit': 'artillery', 'from': '', 'to': 'ItalianBase'}]

Game  5  Round  10   [MY_MOVE] combat
MCTS ran 144 iterations in 1.0s
Root node visits: 144
Best action visits: 9, value: 0.190
Selected action : combat delegate on ItalianStartLeft
	Move units: 3xarmour from ItalianBase
	strength=9
Sending: [{'delegate': 'combat', 'from': 'ItalianBase', 'to': 'ItalianStartLeft', 'unit': 'armour', 'count': 3}]

Game  5  Round  10   [MY_MOVE] noncombat
Sending: [{'delegate': 'noncombat', 'from': 'ItalianStart', 'to': 'ItalianStartLeft', 'unit': 'artillery'}]

Game  5  Round  11   [MY_MOVE] purchase
Sending: [{'delegate': 'purchase', 'unit': 'infantry', 'from': '', 'to': 'ItalianBase'}, {'delegate': 'purchase', 'unit': 'infantry', 'from': '', 'to': 'ItalianBase'}, {'delegate': 'purchase', 'unit': 'artillery', 'from': '', 'to': 'ItalianBase'}, {'delegate': 'purchase', 'unit': 'artillery', 'from': '', 'to': 'ItalianBase'}, {'delegate': 'purchase', 'unit': 'armour', 'from': '', 'to': 'ItalianBase'}]

Game  5  Round  11   [MY_MOVE] combat
MCTS ran 137 iterations in 1.0s
Root node visits: 137
Best action visits: 12, value: 0.212
Selected action : combat delegate on ItalianStartRight
	Move units: 1xarmour from ItalianStartLeft
	strength=9
Sending: [{'delegate': 'combat', 'from': 'ItalianStartLeft', 'to': 'ItalianStartRight', 'unit': 'armour', 'count': 1}]

Game  5  Round  11   [MY_MOVE] noncombat
Sending: [{'delegate': 'noncombat', 'from': 'ItalianBase', 'to': 'ItalianStart', 'unit': 'armour'}]

Game  5  Round  12   [MY_MOVE] purchase
Sending: [{'delegate': 'purchase', 'unit': 'infantry', 'from': '', 'to': 'ItalianBase'}, {'delegate': 'purchase', 'unit': 'infantry', 'from': '', 'to': 'ItalianBase'}, {'delegate': 'purchase', 'unit': 'infantry', 'from': '', 'to': 'ItalianBase'}, {'delegate': 'purchase', 'unit': 'infantry', 'from': '', 'to': 'ItalianBase'}, {'delegate': 'purchase', 'unit': 'infantry', 'from': '', 'to': 'ItalianBase'}, {'delegate': 'purchase', 'unit': 'infantry', 'from': '', 'to': 'ItalianBase'}, {'delegate': 'purchase', 'unit': 'infantry', 'from': '', 'to': 'ItalianBase'}]

Game  5  Round  12   [MY_MOVE] combat
MCTS ran 135 iterations in 1.0s
Root node visits: 135
Best action visits: 12, value: 0.219
Selected action : combat delegate on ItalianStartLeft
	Move units: 2xarmour from ItalianBase
	Move units: 1xarmour from ItalianStart
	Move units: 1xarmour from ItalianStartRight
	Move units: 1xartillery from ItalianStart
	strength=14
Sending: [{'delegate': 'combat', 'from': 'ItalianBase', 'to': 'ItalianStartLeft', 'unit': 'armour', 'count': 2}, {'delegate': 'combat', 'from': 'ItalianStart', 'to': 'ItalianStartLeft', 'unit': 'armour', 'count': 1}, {'delegate': 'combat', 'from': 'ItalianStartRight', 'to': 'ItalianStartLeft', 'unit': 'armour', 'count': 1}, {'delegate': 'combat', 'from': 'ItalianStart', 'to': 'ItalianStartLeft', 'unit': 'artillery', 'count': 1}]

Game  5  Round  12   [MY_MOVE] noncombat
Sending: [{'delegate': 'noncombat', 'from': 'ItalianStart', 'to': 'ItalianStepTwo', 'unit': 'armour'}]

Game  5  Round  13   [MY_MOVE] purchase
Sending: [{'delegate': 'purchase', 'unit': 'infantry', 'from': '', 'to': 'ItalianBase'}, {'delegate': 'purchase', 'unit': 'infantry', 'from': '', 'to': 'ItalianBase'}, {'delegate': 'purchase', 'unit': 'infantry', 'from': '', 'to': 'ItalianBase'}, {'delegate': 'purchase', 'unit': 'artillery', 'from': '', 'to': 'ItalianBase'}, {'delegate': 'purchase', 'unit': 'armour', 'from': '', 'to': 'ItalianBase'}]

Game  5  Round  13   [MY_MOVE] combat
MCTS ran 141 iterations in 1.0s
Root node visits: 141
Best action visits: 12, value: 0.218
Selected action : combat delegate on TopBar
	Move units: 1xarmour from ItalianStart
	strength=9
Sending: [{'delegate': 'combat', 'from': 'ItalianStart', 'to': 'TopBar', 'unit': 'armour', 'count': 1}]

Game  5  Round  13   [MY_MOVE] noncombat
Sending: [{'delegate': 'noncombat', 'from': 'ItalianStart', 'to': 'TopBar', 'unit': 'armour'}]

Game  5  Round  14   [MY_MOVE] purchase
Sending: [{'delegate': 'purchase', 'unit': 'infantry', 'from': '', 'to': 'ItalianBase'}, {'delegate': 'purchase', 'unit': 'infantry', 'from': '', 'to': 'ItalianBase'}, {'delegate': 'purchase', 'unit': 'infantry', 'from': '', 'to': 'ItalianBase'}, {'delegate': 'purchase', 'unit': 'infantry', 'from': '', 'to': 'ItalianBase'}, {'delegate': 'purchase', 'unit': 'infantry', 'from': '', 'to': 'ItalianBase'}, {'delegate': 'purchase', 'unit': 'artillery', 'from': '', 'to': 'ItalianBase'}]

Game  5  Round  14   [MY_MOVE] combat
MCTS ran 137 iterations in 1.0s
Root node visits: 137
Best action visits: 10, value: 0.197
Selected action : combat delegate on ItalianStart
	Move units: 1xarmour from ItalianBase
	Move units: 2xarmour from TopBar
	strength=9
Sending: [{'delegate': 'combat', 'from': 'ItalianBase', 'to': 'ItalianStart', 'unit': 'armour', 'count': 1}, {'delegate': 'combat', 'from': 'TopBar', 'to': 'ItalianStart', 'unit': 'armour', 'count': 2}]

Game  5  Round  14   [MY_MOVE] noncombat
Sending: [{'delegate': 'noncombat', 'from': 'ItalianStart', 'to': 'ItalianStepOne', 'unit': 'armour'}]

Game  5  Round  15   [MY_MOVE] purchase
Sending: [{'delegate': 'purchase', 'unit': 'infantry', 'from': '', 'to': 'ItalianBase'}, {'delegate': 'purchase', 'unit': 'infantry', 'from': '', 'to': 'ItalianBase'}, {'delegate': 'purchase', 'unit': 'armour', 'from': '', 'to': 'ItalianBase'}, {'delegate': 'purchase', 'unit': 'armour', 'from': '', 'to': 'ItalianBase'}]

Game  5  Round  15   [MY_MOVE] combat
MCTS ran 136 iterations in 1.0s
Root node visits: 136
Best action visits: 9, value: 0.210
Selected action : combat delegate on TopBar
	Move units: 3xarmour from ItalianStart
	strength=9
Sending: [{'delegate': 'combat', 'from': 'ItalianStart', 'to': 'TopBar', 'unit': 'armour', 'count': 3}]

Game  5  Round  15   [MY_MOVE] noncombat
Sending: [{'delegate': 'noncombat', 'from': 'ItalianStepTwo', 'to': 'ItalianStart', 'unit': 'armour'}]

Game  5  Round  16   [MY_MOVE] purchase
Sending: [{'delegate': 'purchase', 'unit': 'infantry', 'from': '', 'to': 'ItalianBase'}, {'delegate': 'purchase', 'unit': 'infantry', 'from': '', 'to': 'ItalianBase'}, {'delegate': 'purchase', 'unit': 'infantry', 'from': '', 'to': 'ItalianBase'}, {'delegate': 'purchase', 'unit': 'infantry', 'from': '', 'to': 'ItalianBase'}, {'delegate': 'purchase', 'unit': 'infantry', 'from': '', 'to': 'ItalianBase'}, {'delegate': 'purchase', 'unit': 'artillery', 'from': '', 'to': 'ItalianBase'}, {'delegate': 'purchase', 'unit': 'artillery', 'from': '', 'to': 'ItalianBase'}]

Game  5  Round  16   [MY_MOVE] combat
MCTS ran 142 iterations in 1.0s
Root node visits: 142
Best action visits: 24, value: 0.221
Selected action : combat delegate on ItalianStart
	Move units: 2xarmour from ItalianBase
	strength=6
Sending: [{'delegate': 'combat', 'from': 'ItalianBase', 'to': 'ItalianStart', 'unit': 'armour', 'count': 2}]

Game  5  Round  16   [MY_MOVE] noncombat
Sending: [{'delegate': 'noncombat', 'from': 'ItalianStart', 'to': 'ItalianBase', 'unit': 'armour'}]

Game  5  Round  17   [MY_MOVE] purchase
Sending: [{'delegate': 'purchase', 'unit': 'infantry', 'from': '', 'to': 'ItalianBase'}, {'delegate': 'purchase', 'unit': 'infantry', 'from': '', 'to': 'ItalianBase'}, {'delegate': 'purchase', 'unit': 'infantry', 'from': '', 'to': 'ItalianBase'}, {'delegate': 'purchase', 'unit': 'infantry', 'from': '', 'to': 'ItalianBase'}, {'delegate': 'purchase', 'unit': 'infantry', 'from': '', 'to': 'ItalianBase'}]

Game  5  Round  17   [MY_MOVE] combat
MCTS ran 141 iterations in 1.0s
Root node visits: 141
Best action visits: 37, value: 0.135
Selected action : combat delegate on RussianStartLeft
	strength=0
Sending: []

Game  5  Round  17   [MY_MOVE] noncombat
Sending: [{'delegate': 'noncombat', 'from': 'ItalianStart', 'to': 'ItalianStartRight', 'unit': 'armour'}]

Game  5  Round  18   [MY_MOVE] purchase
Sending: [{'delegate': 'purchase', 'unit': 'infantry', 'from': '', 'to': 'ItalianBase'}, {'delegate': 'purchase', 'unit': 'infantry', 'from': '', 'to': 'ItalianBase'}, {'delegate': 'purchase', 'unit': 'infantry', 'from': '', 'to': 'ItalianBase'}, {'delegate': 'purchase', 'unit': 'infantry', 'from': '', 'to': 'ItalianBase'}, {'delegate': 'purchase', 'unit': 'infantry', 'from': '', 'to': 'ItalianBase'}, {'delegate': 'purchase', 'unit': 'infantry', 'from': '', 'to': 'ItalianBase'}, {'delegate': 'purchase', 'unit': 'infantry', 'from': '', 'to': 'ItalianBase'}, {'delegate': 'purchase', 'unit': 'artillery', 'from': '', 'to': 'ItalianBase'}]

Game  5  Round  18   [MY_MOVE] combat
MCTS ran 135 iterations in 1.0s
Root node visits: 135
Best action visits: 34, value: 0.119
Selected action : combat delegate on ItalianStartLeft
	Move units: 1xarmour from ItalianStartRight
	strength=3
Sending: [{'delegate': 'combat', 'from': 'ItalianStartRight', 'to': 'ItalianStartLeft', 'unit': 'armour', 'count': 1}]

Game  5  Round  18   [MY_MOVE] noncombat
Sending: [{'delegate': 'noncombat', 'from': 'ItalianStartLeft', 'to': 'ItalianStepOne', 'unit': 'armour'}]

Game  5  Round  19   [MY_MOVE] purchase
Sending: [{'delegate': 'purchase', 'unit': 'artillery', 'from': '', 'to': 'ItalianBase'}, {'delegate': 'purchase', 'unit': 'armour', 'from': '', 'to': 'ItalianBase'}, {'delegate': 'purchase', 'unit': 'armour', 'from': '', 'to': 'ItalianBase'}, {'delegate': 'purchase', 'unit': 'armour', 'from': '', 'to': 'ItalianBase'}]

Game  5  Round  19   [MY_MOVE] combat
MCTS ran 129 iterations in 1.0s
Root node visits: 129
Best action visits: 19, value: 0.219
Selected action : combat delegate on ItalianStart
	Move units: 1xarmour from ItalianStartLeft
	Move units: 2xartillery from ItalianBase
	strength=7
Sending: [{'delegate': 'combat', 'from': 'ItalianStartLeft', 'to': 'ItalianStart', 'unit': 'armour', 'count': 1}, {'delegate': 'combat', 'from': 'ItalianBase', 'to': 'ItalianStart', 'unit': 'artillery', 'count': 2}]

Game  5  Round  19   [MY_MOVE] noncombat
Sending: [{'delegate': 'noncombat', 'from': 'ItalianStart', 'to': 'ItalianBase', 'unit': 'artillery'}]

Game  5  Round  20   [MY_MOVE] purchase
Sending: [{'delegate': 'purchase', 'unit': 'infantry', 'from': '', 'to': 'ItalianBase'}, {'delegate': 'purchase', 'unit': 'infantry', 'from': '', 'to': 'ItalianBase'}, {'delegate': 'purchase', 'unit': 'infantry', 'from': '', 'to': 'ItalianBase'}, {'delegate': 'purchase', 'unit': 'infantry', 'from': '', 'to': 'ItalianBase'}, {'delegate': 'purchase', 'unit': 'infantry', 'from': '', 'to': 'ItalianBase'}, {'delegate': 'purchase', 'unit': 'artillery', 'from': '', 'to': 'ItalianBase'}]

Game  5  Round  20   [MY_MOVE] combat
MCTS ran 130 iterations in 1.0s
Root node visits: 130
Best action visits: 22, value: 0.220
Selected action : combat delegate on ItalianStartRight
	Move units: 2xarmour from ItalianBase
	strength=6
Sending: [{'delegate': 'combat', 'from': 'ItalianBase', 'to': 'ItalianStartRight', 'unit': 'armour', 'count': 2}]

Game  5  Round  20   [MY_MOVE] noncombat
Sending: [{'delegate': 'noncombat', 'from': 'ItalianStartRight', 'to': 'ItalianStartLeft', 'unit': 'armour'}]

Game  5  Round  21   [MY_MOVE] purchase
Sending: [{'delegate': 'purchase', 'unit': 'infantry', 'from': '', 'to': 'ItalianBase'}, {'delegate': 'purchase', 'unit': 'infantry', 'from': '', 'to': 'ItalianBase'}, {'delegate': 'purchase', 'unit': 'artillery', 'from': '', 'to': 'ItalianBase'}, {'delegate': 'purchase', 'unit': 'artillery', 'from': '', 'to': 'ItalianBase'}, {'delegate': 'purchase', 'unit': 'artillery', 'from': '', 'to': 'ItalianBase'}, {'delegate': 'purchase', 'unit': 'artillery', 'from': '', 'to': 'ItalianBase'}]

Game  5  Round  21   [MY_MOVE] combat
MCTS ran 132 iterations in 1.0s
Root node visits: 132
Best action visits: 34, value: 0.173
Selected action : combat delegate on RightBar
	strength=0
Sending: []

Game  5  Round  21   [MY_MOVE] noncombat
Sending: [{'delegate': 'noncombat', 'from': 'ItalianBase', 'to': 'ItalianStart', 'unit': 'armour'}]

Game  5  Round  22   [MY_MOVE] purchase
Sending: [{'delegate': 'purchase', 'unit': 'artillery', 'from': '', 'to': 'ItalianBase'}, {'delegate': 'purchase', 'unit': 'artillery', 'from': '', 'to': 'ItalianBase'}, {'delegate': 'purchase', 'unit': 'artillery', 'from': '', 'to': 'ItalianBase'}, {'delegate': 'purchase', 'unit': 'armour', 'from': '', 'to': 'ItalianBase'}]

Game  5  Round  22   [MY_MOVE] combat
MCTS ran 146 iterations in 1.0s
Root node visits: 146
Best action visits: 38, value: 0.118
Selected action : combat delegate on ItalianStartRight
	strength=0
Sending: []

Game  5  Round  22   [MY_MOVE] noncombat
Sending: [{'delegate': 'noncombat', 'from': 'ItalianStart', 'to': 'ItalianStepTwo', 'unit': 'armour'}]

Game  5  Round  23   [MY_MOVE] purchase
Sending: [{'delegate': 'purchase', 'unit': 'infantry', 'from': '', 'to': 'ItalianBase'}, {'delegate': 'purchase', 'unit': 'infantry', 'from': '', 'to': 'ItalianBase'}, {'delegate': 'purchase', 'unit': 'infantry', 'from': '', 'to': 'ItalianBase'}, {'delegate': 'purchase', 'unit': 'armour', 'from': '', 'to': 'ItalianBase'}]

Game  5  Round  23   [MY_MOVE] combat
MCTS ran 135 iterations in 1.0s
Root node visits: 135
Best action visits: 9, value: 0.197
Selected action : combat delegate on ItalianStartLeft
	Move units: 1xarmour from ItalianBase
	Move units: 1xarmour from ItalianStart
	Move units: 2xartillery from ItalianStart
	strength=10
Sending: [{'delegate': 'combat', 'from': 'ItalianBase', 'to': 'ItalianStartLeft', 'unit': 'armour', 'count': 1}, {'delegate': 'combat', 'from': 'ItalianStart', 'to': 'ItalianStartLeft', 'unit': 'armour', 'count': 1}, {'delegate': 'combat', 'from': 'ItalianStart', 'to': 'ItalianStartLeft', 'unit': 'artillery', 'count': 2}]

Game  5  Round  23   [MY_MOVE] noncombat
Sending: [{'delegate': 'noncombat', 'from': 'ItalianStartLeft', 'to': 'ItalianStepOne', 'unit': 'armour'}]

Game  5  Round  24   [MY_MOVE] purchase
Sending: [{'delegate': 'purchase', 'unit': 'artillery', 'from': '', 'to': 'ItalianBase'}, {'delegate': 'purchase', 'unit': 'armour', 'from': '', 'to': 'ItalianBase'}]

Game  5  Round  24   [MY_MOVE] combat
MCTS ran 133 iterations in 1.0s
Root node visits: 133
Best action visits: 9, value: 0.196
Selected action : combat delegate on ItalianStart
	Move units: 1xarmour from ItalianBase
	Move units: 3xartillery from ItalianBase
	strength=9
Sending: [{'delegate': 'combat', 'from': 'ItalianBase', 'to': 'ItalianStart', 'unit': 'armour', 'count': 1}, {'delegate': 'combat', 'from': 'ItalianBase', 'to': 'ItalianStart', 'unit': 'artillery', 'count': 3}]

Game  5  Round  24   [MY_MOVE] noncombat
Sending: [{'delegate': 'noncombat', 'from': 'ItalianStart', 'to': 'ItalianBase', 'unit': 'artillery'}]

Game  5  Round  25   [MY_MOVE] purchase
Sending: [{'delegate': 'purchase', 'unit': 'infantry', 'from': '', 'to': 'ItalianBase'}, {'delegate': 'purchase', 'unit': 'armour', 'from': '', 'to': 'ItalianBase'}, {'delegate': 'purchase', 'unit': 'armour', 'from': '', 'to': 'ItalianBase'}, {'delegate': 'purchase', 'unit': 'armour', 'from': '', 'to': 'ItalianBase'}, {'delegate': 'purchase', 'unit': 'armour', 'from': '', 'to': 'ItalianBase'}]

Game  5  Round  25   [MY_MOVE] combat
MCTS ran 137 iterations in 1.0s
Root node visits: 137
Best action visits: 16, value: 0.220
Selected action : combat delegate on ItalianStartRight
	Move units: 1xarmour from ItalianBase
	Move units: 1xarmour from ItalianStart
	Move units: 1xartillery from ItalianStart
	strength=8
Sending: [{'delegate': 'combat', 'from': 'ItalianBase', 'to': 'ItalianStartRight', 'unit': 'armour', 'count': 1}, {'delegate': 'combat', 'from': 'ItalianStart', 'to': 'ItalianStartRight', 'unit': 'armour', 'count': 1}, {'delegate': 'combat', 'from': 'ItalianStart', 'to': 'ItalianStartRight', 'unit': 'artillery', 'count': 1}]

Game  5  Round  25   [MY_MOVE] noncombat
Sending: [{'delegate': 'noncombat', 'from': 'ItalianStart', 'to': 'ItalianStartRight', 'unit': 'artillery'}]

Game  5  Round  26   [MY_MOVE] purchase
Sending: [{'delegate': 'purchase', 'unit': 'infantry', 'from': '', 'to': 'ItalianBase'}, {'delegate': 'purchase', 'unit': 'artillery', 'from': '', 'to': 'ItalianBase'}, {'delegate': 'purchase', 'unit': 'artillery', 'from': '', 'to': 'ItalianBase'}, {'delegate': 'purchase', 'unit': 'artillery', 'from': '', 'to': 'ItalianBase'}, {'delegate': 'purchase', 'unit': 'artillery', 'from': '', 'to': 'ItalianBase'}]

Game  5  Round  26   [MY_MOVE] combat
MCTS ran 130 iterations in 1.0s
Root node visits: 130
Best action visits: 33, value: 0.234
Selected action : combat delegate on ItalianStart
	Move units: 2xarmour from ItalianBase
	strength=6
Sending: [{'delegate': 'combat', 'from': 'ItalianBase', 'to': 'ItalianStart', 'unit': 'armour', 'count': 2}]

Game  5  Round  26   [MY_MOVE] noncombat
Sending: [{'delegate': 'noncombat', 'from': 'ItalianBase', 'to': 'ItalianStart', 'unit': 'infantry'}]

Game  5  Round  27   [MY_MOVE] purchase
Sending: [{'delegate': 'purchase', 'unit': 'armour', 'from': '', 'to': 'ItalianBase'}]

Game  5  Round  27   [MY_MOVE] combat
MCTS ran 137 iterations in 1.0s
Root node visits: 137
Best action visits: 23, value: 0.224
Selected action : combat delegate on ItalianStartLeft
	Move units: 2xarmour from ItalianBase
	Move units: 2xarmour from ItalianStart
	Move units: 1xinfantry from ItalianStart
	strength=13
Sending: [{'delegate': 'combat', 'from': 'ItalianBase', 'to': 'ItalianStartLeft', 'unit': 'armour', 'count': 2}, {'delegate': 'combat', 'from': 'ItalianStart', 'to': 'ItalianStartLeft', 'unit': 'armour', 'count': 2}, {'delegate': 'combat', 'from': 'ItalianStart', 'to': 'ItalianStartLeft', 'unit': 'infantry', 'count': 1}]

Game  5  Round  27   [MY_MOVE] noncombat
Sending: [{'delegate': 'noncombat', 'from': 'ItalianStart', 'to': 'ItalianBase', 'unit': 'armour'}]

Game  5  Round  28   [MY_MOVE] purchase
Sending: [{'delegate': 'purchase', 'unit': 'infantry', 'from': '', 'to': 'ItalianBase'}, {'delegate': 'purchase', 'unit': 'armour', 'from': '', 'to': 'ItalianBase'}, {'delegate': 'purchase', 'unit': 'armour', 'from': '', 'to': 'ItalianBase'}]

Game  5  Round  28   [MY_MOVE] combat
MCTS ran 125 iterations in 1.0s
Root node visits: 125
Best action visits: 18, value: 0.211
Selected action : combat delegate on ItalianStart
	Move units: 1xarmour from ItalianBase
	Move units: 6xartillery from ItalianBase
	strength=15
Sending: [{'delegate': 'combat', 'from': 'ItalianBase', 'to': 'ItalianStart', 'unit': 'armour', 'count': 1}, {'delegate': 'combat', 'from': 'ItalianBase', 'to': 'ItalianStart', 'unit': 'artillery', 'count': 6}]

Game  5  Round  28   [MY_MOVE] noncombat
Sending: [{'delegate': 'noncombat', 'from': 'ItalianStart', 'to': 'ItalianBase', 'unit': 'artillery'}]

Game  5  Round  29   [MY_MOVE] purchase
Sending: [{'delegate': 'purchase', 'unit': 'infantry', 'from': '', 'to': 'ItalianBase'}, {'delegate': 'purchase', 'unit': 'infantry', 'from': '', 'to': 'ItalianBase'}]

Game  5  Round  29   [MY_MOVE] combat
MCTS ran 135 iterations in 1.0s
Root node visits: 135
Best action visits: 14, value: 0.253
Selected action : combat delegate on ItalianStartLeft
	Move units: 2xarmour from ItalianBase
	Move units: 1xarmour from ItalianStart
	Move units: 5xartillery from ItalianStart
	strength=19
Sending: [{'delegate': 'combat', 'from': 'ItalianBase', 'to': 'ItalianStartLeft', 'unit': 'armour', 'count': 2}, {'delegate': 'combat', 'from': 'ItalianStart', 'to': 'ItalianStartLeft', 'unit': 'armour', 'count': 1}, {'delegate': 'combat', 'from': 'ItalianStart', 'to': 'ItalianStartLeft', 'unit': 'artillery', 'count': 5}]

Game  5  Round  29   [MY_MOVE] noncombat
Sending: [{'delegate': 'noncombat', 'from': 'ItalianBase', 'to': 'ItalianStart', 'unit': 'infantry'}]

Game  5  Round  30   [MY_MOVE] purchase
Sending: [{'delegate': 'purchase', 'unit': 'infantry', 'from': '', 'to': 'ItalianBase'}, {'delegate': 'purchase', 'unit': 'infantry', 'from': '', 'to': 'ItalianBase'}, {'delegate': 'purchase', 'unit': 'infantry', 'from': '', 'to': 'ItalianBase'}, {'delegate': 'purchase', 'unit': 'artillery', 'from': '', 'to': 'ItalianBase'}]

Game  5  Round  30   [MY_MOVE] combat
MCTS ran 126 iterations in 1.0s
Root node visits: 126
Best action visits: 16, value: 0.267
Selected action : combat delegate on ItalianStart
	Move units: 10xartillery from ItalianBase
	strength=20
Sending: [{'delegate': 'combat', 'from': 'ItalianBase', 'to': 'ItalianStart', 'unit': 'artillery', 'count': 10}]

Game  5  Round  30   [MY_MOVE] noncombat
Sending: [{'delegate': 'noncombat', 'from': 'ItalianBase', 'to': 'ItalianStart', 'unit': 'infantry'}]

Game  5  Round  31   [MY_MOVE] purchase
Sending: [{'delegate': 'purchase', 'unit': 'infantry', 'from': '', 'to': 'ItalianBase'}, {'delegate': 'purchase', 'unit': 'infantry', 'from': '', 'to': 'ItalianBase'}, {'delegate': 'purchase', 'unit': 'artillery', 'from': '', 'to': 'ItalianBase'}, {'delegate': 'purchase', 'unit': 'artillery', 'from': '', 'to': 'ItalianBase'}, {'delegate': 'purchase', 'unit': 'armour', 'from': '', 'to': 'ItalianBase'}]

Game  5  Round  31   [MY_MOVE] combat
MCTS ran 132 iterations in 1.0s
Root node visits: 132
Best action visits: 11, value: 0.260
Selected action : combat delegate on ItalianStartLeft
	Move units: 9xartillery from ItalianStart
	Move units: 1xinfantry from ItalianStart
	strength=20
Sending: [{'delegate': 'combat', 'from': 'ItalianStart', 'to': 'ItalianStartLeft', 'unit': 'artillery', 'count': 9}, {'delegate': 'combat', 'from': 'ItalianStart', 'to': 'ItalianStartLeft', 'unit': 'infantry', 'count': 1}]

Game  5  Round  31   [MY_MOVE] noncombat
Sending: [{'delegate': 'noncombat', 'from': 'ItalianBase', 'to': 'ItalianStart', 'unit': 'artillery'}]

Game  5  Round  32   [MY_MOVE] purchase
Sending: [{'delegate': 'purchase', 'unit': 'artillery', 'from': '', 'to': 'ItalianBase'}, {'delegate': 'purchase', 'unit': 'artillery', 'from': '', 'to': 'ItalianBase'}]

Game  5  Round  32   [MY_MOVE] combat
MCTS ran 128 iterations in 1.0s
Root node visits: 128
Best action visits: 15, value: 0.265
Selected action : combat delegate on ItalianStepOne
	Move units: 1xarmour from ItalianBase
	Move units: 3xartillery from ItalianStart
	strength=9
Sending: [{'delegate': 'combat', 'from': 'ItalianBase', 'to': 'ItalianStepOne', 'unit': 'armour', 'count': 1}, {'delegate': 'combat', 'from': 'ItalianStart', 'to': 'ItalianStepOne', 'unit': 'artillery', 'count': 3}]

Game  5  Round  32   [MY_MOVE] noncombat
Sending: [{'delegate': 'noncombat', 'from': 'ItalianStart', 'to': 'ItalianStepOne', 'unit': 'artillery'}]

Game  5  Round  33   [MY_MOVE] purchase
Sending: [{'delegate': 'purchase', 'unit': 'armour', 'from': '', 'to': 'ItalianBase'}, {'delegate': 'purchase', 'unit': 'armour', 'from': '', 'to': 'ItalianBase'}, {'delegate': 'purchase', 'unit': 'armour', 'from': '', 'to': 'ItalianBase'}]

Game  5  Round  33   [MY_MOVE] combat
MCTS ran 126 iterations in 1.0s
Root node visits: 126
Best action visits: 14, value: 0.257
Selected action : combat delegate on ItalianStart
	Move units: 1xarmour from ItalianStepOne
	Move units: 6xartillery from ItalianBase
	strength=15
Sending: [{'delegate': 'combat', 'from': 'ItalianStepOne', 'to': 'ItalianStart', 'unit': 'armour', 'count': 1}, {'delegate': 'combat', 'from': 'ItalianBase', 'to': 'ItalianStart', 'unit': 'artillery', 'count': 6}]

Game  5  Round  33   [MY_MOVE] noncombat
Sending: [{'delegate': 'noncombat', 'from': 'ItalianStepOne', 'to': 'ItalianStart', 'unit': 'artillery'}]

Game  5  Round  34   [MY_MOVE] purchase
Sending: [{'delegate': 'purchase', 'unit': 'artillery', 'from': '', 'to': 'ItalianBase'}, {'delegate': 'purchase', 'unit': 'armour', 'from': '', 'to': 'ItalianBase'}, {'delegate': 'purchase', 'unit': 'armour', 'from': '', 'to': 'ItalianBase'}]

Game  5  Round  34   [MY_MOVE] combat
MCTS ran 124 iterations in 1.0s
Root node visits: 124
Best action visits: 9, value: 0.234
Selected action : combat delegate on ItalianStartLeft
	Move units: 3xarmour from ItalianBase
	Move units: 1xarmour from ItalianStart
	Move units: 5xartillery from ItalianStart
	strength=22
Sending: [{'delegate': 'combat', 'from': 'ItalianBase', 'to': 'ItalianStartLeft', 'unit': 'armour', 'count': 3}, {'delegate': 'combat', 'from': 'ItalianStart', 'to': 'ItalianStartLeft', 'unit': 'armour', 'count': 1}, {'delegate': 'combat', 'from': 'ItalianStart', 'to': 'ItalianStartLeft', 'unit': 'artillery', 'count': 5}]

Game  5  Round  34   [MY_MOVE] noncombat
Sending: [{'delegate': 'noncombat', 'from': 'ItalianStart', 'to': 'ItalianBase', 'unit': 'artillery'}]

Game  5  Round  35   [MY_MOVE] purchase
Sending: [{'delegate': 'purchase', 'unit': 'artillery', 'from': '', 'to': 'ItalianBase'}]

Game  5  Round  35   [MY_MOVE] combat
MCTS ran 124 iterations in 1.0s
Root node visits: 124
Best action visits: 16, value: 0.258
Selected action : combat delegate on ItalianStart
	Move units: 2xarmour from ItalianBase
	Move units: 6xartillery from ItalianBase
	strength=18
Sending: [{'delegate': 'combat', 'from': 'ItalianBase', 'to': 'ItalianStart', 'unit': 'armour', 'count': 2}, {'delegate': 'combat', 'from': 'ItalianBase', 'to': 'ItalianStart', 'unit': 'artillery', 'count': 6}]

Game  5  Round  35   [MY_MOVE] noncombat
Sending: [{'delegate': 'noncombat', 'from': 'ItalianStart', 'to': 'ItalianBase', 'unit': 'artillery'}]

Game  5  Round  36   [MY_MOVE] purchase
Sending: [{'delegate': 'purchase', 'unit': 'infantry', 'from': '', 'to': 'ItalianBase'}, {'delegate': 'purchase', 'unit': 'artillery', 'from': '', 'to': 'ItalianBase'}, {'delegate': 'purchase', 'unit': 'artillery', 'from': '', 'to': 'ItalianBase'}, {'delegate': 'purchase', 'unit': 'armour', 'from': '', 'to': 'ItalianBase'}]

Game  5  Round  36   [MY_MOVE] combat
MCTS ran 135 iterations in 1.0s
Root node visits: 135
Best action visits: 15, value: 0.253
Selected action : combat delegate on ItalianStartLeft
	Move units: 2xarmour from ItalianStart
	Move units: 4xartillery from ItalianStart
	strength=14
Sending: [{'delegate': 'combat', 'from': 'ItalianStart', 'to': 'ItalianStartLeft', 'unit': 'armour', 'count': 2}, {'delegate': 'combat', 'from': 'ItalianStart', 'to': 'ItalianStartLeft', 'unit': 'artillery', 'count': 4}]

Game  5  Round  36   [MY_MOVE] noncombat
Sending: [{'delegate': 'noncombat', 'from': 'ItalianBase', 'to': 'ItalianStart', 'unit': 'artillery'}]

Game  5  Round  37   [MY_MOVE] purchase
Sending: [{'delegate': 'purchase', 'unit': 'infantry', 'from': '', 'to': 'ItalianBase'}, {'delegate': 'purchase', 'unit': 'armour', 'from': '', 'to': 'ItalianBase'}, {'delegate': 'purchase', 'unit': 'armour', 'from': '', 'to': 'ItalianBase'}, {'delegate': 'purchase', 'unit': 'armour', 'from': '', 'to': 'ItalianBase'}]

Game  5  Round  37   [MY_MOVE] combat
MCTS ran 128 iterations in 1.0s
Root node visits: 128
Best action visits: 13, value: 0.252
Selected action : combat delegate on ItalianStartLeft
	Move units: 1xarmour from ItalianBase
	Move units: 2xarmour from ItalianStart
	strength=9
Sending: [{'delegate': 'combat', 'from': 'ItalianBase', 'to': 'ItalianStartLeft', 'unit': 'armour', 'count': 1}, {'delegate': 'combat', 'from': 'ItalianStart', 'to': 'ItalianStartLeft', 'unit': 'armour', 'count': 2}]

Game  5  Round  37   [MY_MOVE] noncombat
Sending: [{'delegate': 'noncombat', 'from': 'ItalianStart', 'to': 'ItalianBase', 'unit': 'artillery'}]

Game  5  Round  38   [MY_MOVE] purchase
Sending: [{'delegate': 'purchase', 'unit': 'artillery', 'from': '', 'to': 'ItalianBase'}, {'delegate': 'purchase', 'unit': 'artillery', 'from': '', 'to': 'ItalianBase'}, {'delegate': 'purchase', 'unit': 'armour', 'from': '', 'to': 'ItalianBase'}, {'delegate': 'purchase', 'unit': 'armour', 'from': '', 'to': 'ItalianBase'}]

Game  5  Round  38   [MY_MOVE] combat
MCTS ran 134 iterations in 1.0s
Root node visits: 134
Best action visits: 34, value: 0.259
Selected action : combat delegate on ItalianStart
	Move units: 2xarmour from ItalianBase
	strength=6
Sending: [{'delegate': 'combat', 'from': 'ItalianBase', 'to': 'ItalianStart', 'unit': 'armour', 'count': 2}]

Game  5  Round  38   [MY_MOVE] noncombat
Sending: [{'delegate': 'noncombat', 'from': 'ItalianStart', 'to': 'ItalianBase', 'unit': 'armour'}]

Game  5  Round  39   [MY_MOVE] purchase
Sending: [{'delegate': 'purchase', 'unit': 'infantry', 'from': '', 'to': 'ItalianBase'}]

Game  5  Round  39   [MY_MOVE] combat
MCTS ran 129 iterations in 1.0s
Root node visits: 129
Best action visits: 13, value: 0.254
Selected action : combat delegate on ItalianStepOne
	Move units: 3xarmour from ItalianBase
	strength=9
Sending: [{'delegate': 'combat', 'from': 'ItalianBase', 'to': 'ItalianStepOne', 'unit': 'armour', 'count': 3}]

Game  5  Round  39   [MY_MOVE] noncombat
Sending: [{'delegate': 'noncombat', 'from': 'ItalianStart', 'to': 'ItalianStepOne', 'unit': 'armour'}]

Game  5  Round  40   [MY_MOVE] purchase
Sending: [{'delegate': 'purchase', 'unit': 'infantry', 'from': '', 'to': 'ItalianBase'}, {'delegate': 'purchase', 'unit': 'infantry', 'from': '', 'to': 'ItalianBase'}, {'delegate': 'purchase', 'unit': 'infantry', 'from': '', 'to': 'ItalianBase'}, {'delegate': 'purchase', 'unit': 'artillery', 'from': '', 'to': 'ItalianBase'}, {'delegate': 'purchase', 'unit': 'artillery', 'from': '', 'to': 'ItalianBase'}, {'delegate': 'purchase', 'unit': 'armour', 'from': '', 'to': 'ItalianBase'}]

Game  5  Round  40   [MY_MOVE] combat
MCTS ran 126 iterations in 1.0s
Root node visits: 126
Best action visits: 26, value: 0.289
Selected action : combat delegate on ItalianStart
	strength=0
Sending: []

Game  5  Round  40   [MY_MOVE] noncombat
Sending: []

Game  5  Round  41   [MY_MOVE] purchase
Sending: [{'delegate': 'purchase', 'unit': 'infantry', 'from': '', 'to': 'ItalianBase'}, {'delegate': 'purchase', 'unit': 'infantry', 'from': '', 'to': 'ItalianBase'}, {'delegate': 'purchase', 'unit': 'armour', 'from': '', 'to': 'ItalianBase'}]

Game  5  Round  41   [MY_MOVE] combat
MCTS ran 129 iterations in 1.0s
Root node visits: 129
Best action visits: 26, value: 0.314
Selected action : combat delegate on ItalianStart
	Move units: 1xarmour from ItalianBase
	Move units: 2xartillery from ItalianBase
	strength=7
Sending: [{'delegate': 'combat', 'from': 'ItalianBase', 'to': 'ItalianStart', 'unit': 'armour', 'count': 1}, {'delegate': 'combat', 'from': 'ItalianBase', 'to': 'ItalianStart', 'unit': 'artillery', 'count': 2}]

Game  5  Round  41   [MY_MOVE] noncombat
Sending: [{'delegate': 'noncombat', 'from': 'ItalianBase', 'to': 'ItalianStart', 'unit': 'infantry'}]

Game  5  Round  42   [MY_MOVE] purchase
Sending: [{'delegate': 'purchase', 'unit': 'artillery', 'from': '', 'to': 'ItalianBase'}, {'delegate': 'purchase', 'unit': 'artillery', 'from': '', 'to': 'ItalianBase'}, {'delegate': 'purchase', 'unit': 'artillery', 'from': '', 'to': 'ItalianBase'}]

Game  5  Round  42   [MY_MOVE] combat
MCTS ran 132 iterations in 1.0s
Root node visits: 132
Best action visits: 22, value: 0.318
Selected action : combat delegate on ItalianStartLeft
	Move units: 1xarmour from ItalianBase
	Move units: 1xarmour from ItalianStart
	Move units: 2xartillery from ItalianStart
	Move units: 1xinfantry from ItalianStart
	strength=12
Sending: [{'delegate': 'combat', 'from': 'ItalianBase', 'to': 'ItalianStartLeft', 'unit': 'armour', 'count': 1}, {'delegate': 'combat', 'from': 'ItalianStart', 'to': 'ItalianStartLeft', 'unit': 'armour', 'count': 1}, {'delegate': 'combat', 'from': 'ItalianStart', 'to': 'ItalianStartLeft', 'unit': 'artillery', 'count': 2}, {'delegate': 'combat', 'from': 'ItalianStart', 'to': 'ItalianStartLeft', 'unit': 'infantry', 'count': 1}]

Game  5  Round  42   [MY_MOVE] noncombat
Sending: [{'delegate': 'noncombat', 'from': 'ItalianBase', 'to': 'ItalianStart', 'unit': 'infantry'}]

Game  5  Round  43   [MY_MOVE] purchase
Sending: [{'delegate': 'purchase', 'unit': 'armour', 'from': '', 'to': 'ItalianBase'}]

Game  5  Round  43   [MY_MOVE] combat
MCTS ran 132 iterations in 1.0s
Root node visits: 132
Best action visits: 22, value: 0.325
Selected action : combat delegate on ItalianStart
	Move units: 7xartillery from ItalianBase
	strength=14
Sending: [{'delegate': 'combat', 'from': 'ItalianBase', 'to': 'ItalianStart', 'unit': 'artillery', 'count': 7}]

Game  5  Round  43   [MY_MOVE] noncombat
Sending: [{'delegate': 'noncombat', 'from': 'ItalianStart', 'to': 'ItalianBase', 'unit': 'artillery'}]

Game  5  Round  44   [MY_MOVE] purchase
Sending: [{'delegate': 'purchase', 'unit': 'artillery', 'from': '', 'to': 'ItalianBase'}, {'delegate': 'purchase', 'unit': 'artillery', 'from': '', 'to': 'ItalianBase'}, {'delegate': 'purchase', 'unit': 'armour', 'from': '', 'to': 'ItalianBase'}]

Game  5  Round  44   [MY_MOVE] combat
MCTS ran 129 iterations in 1.0s
Root node visits: 129
Best action visits: 15, value: 0.315
Selected action : combat delegate on ItalianStartLeft
	Move units: 1xarmour from ItalianBase
	Move units: 7xartillery from ItalianStart
	strength=17
Sending: [{'delegate': 'combat', 'from': 'ItalianBase', 'to': 'ItalianStartLeft', 'unit': 'armour', 'count': 1}, {'delegate': 'combat', 'from': 'ItalianStart', 'to': 'ItalianStartLeft', 'unit': 'artillery', 'count': 7}]

Game  5  Round  44   [MY_MOVE] noncombat
Sending: [{'delegate': 'noncombat', 'from': 'ItalianBase', 'to': 'ItalianStart', 'unit': 'infantry'}]

Game  5  Round  45   [MY_MOVE] purchase
Sending: [{'delegate': 'purchase', 'unit': 'infantry', 'from': '', 'to': 'ItalianBase'}, {'delegate': 'purchase', 'unit': 'infantry', 'from': '', 'to': 'ItalianBase'}, {'delegate': 'purchase', 'unit': 'artillery', 'from': '', 'to': 'ItalianBase'}, {'delegate': 'purchase', 'unit': 'armour', 'from': '', 'to': 'ItalianBase'}, {'delegate': 'purchase', 'unit': 'armour', 'from': '', 'to': 'ItalianBase'}]

Game  5  Round  45   [MY_MOVE] combat
MCTS ran 132 iterations in 1.0s
Root node visits: 132
Best action visits: 27, value: 0.337
Selected action : combat delegate on ItalianStart
	Move units: 1xarmour from ItalianBase
	Move units: 2xartillery from ItalianBase
	strength=7
Sending: [{'delegate': 'combat', 'from': 'ItalianBase', 'to': 'ItalianStart', 'unit': 'armour', 'count': 1}, {'delegate': 'combat', 'from': 'ItalianBase', 'to': 'ItalianStart', 'unit': 'artillery', 'count': 2}]

Game  5  Round  45   [MY_MOVE] noncombat
Sending: [{'delegate': 'noncombat', 'from': 'ItalianStart', 'to': 'ItalianBase', 'unit': 'artillery'}]

Game  5  Round  46   [MY_MOVE] purchase
Sending: [{'delegate': 'purchase', 'unit': 'infantry', 'from': '', 'to': 'ItalianBase'}]

Game  5  Round  46   [MY_MOVE] combat
MCTS ran 134 iterations in 1.0s
Root node visits: 134
Best action visits: 17, value: 0.441
Selected action : combat delegate on ItalianStartLeft
	Move units: 2xarmour from ItalianBase
	Move units: 1xarmour from ItalianStart
	Move units: 2xartillery from ItalianStart
	strength=13
Sending: [{'delegate': 'combat', 'from': 'ItalianBase', 'to': 'ItalianStartLeft', 'unit': 'armour', 'count': 2}, {'delegate': 'combat', 'from': 'ItalianStart', 'to': 'ItalianStartLeft', 'unit': 'armour', 'count': 1}, {'delegate': 'combat', 'from': 'ItalianStart', 'to': 'ItalianStartLeft', 'unit': 'artillery', 'count': 2}]

Game  5  Round  46   [MY_MOVE] noncombat
Sending: [{'delegate': 'noncombat', 'from': 'ItalianBase', 'to': 'ItalianStart', 'unit': 'artillery'}]

Game  5  Round  47   [MY_MOVE] purchase
Sending: [{'delegate': 'purchase', 'unit': 'infantry', 'from': '', 'to': 'ItalianBase'}, {'delegate': 'purchase', 'unit': 'infantry', 'from': '', 'to': 'ItalianBase'}, {'delegate': 'purchase', 'unit': 'infantry', 'from': '', 'to': 'ItalianBase'}, {'delegate': 'purchase', 'unit': 'infantry', 'from': '', 'to': 'ItalianBase'}, {'delegate': 'purchase', 'unit': 'artillery', 'from': '', 'to': 'ItalianBase'}, {'delegate': 'purchase', 'unit': 'armour', 'from': '', 'to': 'ItalianBase'}]

Game  5  Round  47   [MY_MOVE] combat
MCTS ran 139 iterations in 1.0s
Root node visits: 139
Best action visits: 28, value: 0.464
Selected action : combat delegate on ItalianStart
	Move units: 5xartillery from ItalianBase
	strength=10
Sending: [{'delegate': 'combat', 'from': 'ItalianBase', 'to': 'ItalianStart', 'unit': 'artillery', 'count': 5}]

Game  5  Round  47   [MY_MOVE] noncombat
Sending: [{'delegate': 'noncombat', 'from': 'ItalianStart', 'to': 'ItalianBase', 'unit': 'artillery'}]

Game  5  Round  48   [MY_MOVE] purchase
Sending: [{'delegate': 'purchase', 'unit': 'infantry', 'from': '', 'to': 'ItalianBase'}, {'delegate': 'purchase', 'unit': 'infantry', 'from': '', 'to': 'ItalianBase'}, {'delegate': 'purchase', 'unit': 'armour', 'from': '', 'to': 'ItalianBase'}]

Game  5  Round  48   [MY_MOVE] combat
MCTS ran 133 iterations in 1.0s
Root node visits: 133
Best action visits: 12, value: 0.417
Selected action : combat delegate on ItalianStartLeft
	Move units: 1xarmour from ItalianBase
	Move units: 5xartillery from ItalianStart
	strength=13
Sending: [{'delegate': 'combat', 'from': 'ItalianBase', 'to': 'ItalianStartLeft', 'unit': 'armour', 'count': 1}, {'delegate': 'combat', 'from': 'ItalianStart', 'to': 'ItalianStartLeft', 'unit': 'artillery', 'count': 5}]

Game  5  Round  48   [MY_MOVE] noncombat
Sending: [{'delegate': 'noncombat', 'from': 'ItalianBase', 'to': 'ItalianStart', 'unit': 'infantry'}]

Game  5  Round  49   [MY_MOVE] purchase
Sending: [{'delegate': 'purchase', 'unit': 'infantry', 'from': '', 'to': 'ItalianBase'}]

Game  5  Round  49   [MY_MOVE] combat
MCTS ran 135 iterations in 1.0s
Root node visits: 135
Best action visits: 23, value: 0.457
Selected action : combat delegate on ItalianStart
	Move units: 1xarmour from ItalianBase
	Move units: 4xartillery from ItalianBase
	Move units: 2xinfantry from ItalianBase
	strength=19
Sending: [{'delegate': 'combat', 'from': 'ItalianBase', 'to': 'ItalianStart', 'unit': 'armour', 'count': 1}, {'delegate': 'combat', 'from': 'ItalianBase', 'to': 'ItalianStart', 'unit': 'artillery', 'count': 4}, {'delegate': 'combat', 'from': 'ItalianBase', 'to': 'ItalianStart', 'unit': 'infantry', 'count': 2}]

Game  5  Round  49   [MY_MOVE] noncombat
Sending: [{'delegate': 'noncombat', 'from': 'ItalianStart', 'to': 'ItalianBase', 'unit': 'armour'}]

Game  5  Round  50   [MY_MOVE] purchase
Sending: [{'delegate': 'purchase', 'unit': 'infantry', 'from': '', 'to': 'ItalianBase'}, {'delegate': 'purchase', 'unit': 'artillery', 'from': '', 'to': 'ItalianBase'}, {'delegate': 'purchase', 'unit': 'artillery', 'from': '', 'to': 'ItalianBase'}, {'delegate': 'purchase', 'unit': 'artillery', 'from': '', 'to': 'ItalianBase'}, {'delegate': 'purchase', 'unit': 'artillery', 'from': '', 'to': 'ItalianBase'}]

Game  5  Round  50   [MY_MOVE] combat
MCTS ran 146 iterations in 1.0s
Root node visits: 146
Best action visits: 19, value: 0.447
Selected action : combat delegate on ItalianStart
	Move units: 18xinfantry from ItalianBase
	strength=324
Sending: [{'delegate': 'combat', 'from': 'ItalianBase', 'to': 'ItalianStart', 'unit': 'infantry', 'count': 18}]

Game  5  Round  50   [MY_MOVE] noncombat
Sending: []

Game  5  Round  51   [MY_MOVE] purchase
Sending: [{'delegate': 'purchase', 'unit': 'infantry', 'from': '', 'to': 'ItalianBase'}, {'delegate': 'purchase', 'unit': 'artillery', 'from': '', 'to': 'ItalianBase'}, {'delegate': 'purchase', 'unit': 'armour', 'from': '', 'to': 'ItalianBase'}]

Game  5  Round  51   [MY_MOVE] combat
MCTS ran 136 iterations in 1.0s
Root node visits: 136
Best action visits: 17, value: 0.441
Selected action : combat delegate on ItalianStart
	Move units: 4xartillery from ItalianBase
	Move units: 16xinfantry from ItalianBase
	strength=328
Sending: [{'delegate': 'combat', 'from': 'ItalianBase', 'to': 'ItalianStart', 'unit': 'artillery', 'count': 4}, {'delegate': 'combat', 'from': 'ItalianBase', 'to': 'ItalianStart', 'unit': 'infantry', 'count': 16}]

Game  5  Round  51   [MY_MOVE] noncombat
Sending: []
Graph reset complete.
Starting next game in 5s.
WHOAMI updated: Germans

Game  6  Round  1   [MY_MOVE] purchase
Sending: [{'delegate': 'purchase', 'unit': 'infantry', 'from': '', 'to': 'GermanBase'}, {'delegate': 'purchase', 'unit': 'infantry', 'from': '', 'to': 'GermanBase'}, {'delegate': 'purchase', 'unit': 'infantry', 'from': '', 'to': 'GermanBase'}, {'delegate': 'purchase', 'unit': 'artillery', 'from': '', 'to': 'GermanBase'}, {'delegate': 'purchase', 'unit': 'artillery', 'from': '', 'to': 'GermanBase'}]

Game  6  Round  1   [MY_MOVE] combat
MCTS ran 214 iterations in 1.0s
Root node visits: 214
Best action visits: 72, value: -0.047
Selected action : combat delegate on GermanStepOne
	Move units: 1xarmour from GermanBase
	strength=3
Sending: [{'delegate': 'combat', 'from': 'GermanBase', 'to': 'GermanStepOne', 'unit': 'armour', 'count': 1}]

Game  6  Round  1   [MY_MOVE] noncombat
Sending: [{'delegate': 'noncombat', 'from': 'GermanStart', 'to': 'GermanStepOne', 'unit': 'infantry'}]

Game  6  Round  2   [MY_MOVE] purchase
Sending: [{'delegate': 'purchase', 'unit': 'infantry', 'from': '', 'to': 'GermanBase'}, {'delegate': 'purchase', 'unit': 'infantry', 'from': '', 'to': 'GermanBase'}, {'delegate': 'purchase', 'unit': 'infantry', 'from': '', 'to': 'GermanBase'}, {'delegate': 'purchase', 'unit': 'artillery', 'from': '', 'to': 'GermanBase'}]

Game  6  Round  2   [MY_MOVE] combat
MCTS ran 166 iterations in 1.0s
Root node visits: 166
Best action visits: 43, value: 0.158
Selected action : combat delegate on GermanStepTwo
	Move units: 1xarmour from GermanStepOne
	strength=3
Sending: [{'delegate': 'combat', 'from': 'GermanStepOne', 'to': 'GermanStepTwo', 'unit': 'armour', 'count': 1}]

Game  6  Round  2   [MY_MOVE] noncombat
Sending: [{'delegate': 'noncombat', 'from': 'GermanStart', 'to': 'GermanBase', 'unit': 'infantry'}]

Game  6  Round  3   [MY_MOVE] purchase
Sending: [{'delegate': 'purchase', 'unit': 'artillery', 'from': '', 'to': 'GermanBase'}, {'delegate': 'purchase', 'unit': 'artillery', 'from': '', 'to': 'GermanBase'}, {'delegate': 'purchase', 'unit': 'artillery', 'from': '', 'to': 'GermanBase'}, {'delegate': 'purchase', 'unit': 'armour', 'from': '', 'to': 'GermanBase'}]

Game  6  Round  3   [MY_MOVE] combat
MCTS ran 158 iterations in 1.0s
Root node visits: 158
Best action visits: 40, value: 0.133
Selected action : combat delegate on RussianStepTwo
	Move units: 1xarmour from GermanStepTwo
	strength=3
Sending: [{'delegate': 'combat', 'from': 'GermanStepTwo', 'to': 'RussianStepTwo', 'unit': 'armour', 'count': 1}]

Game  6  Round  3   [MY_MOVE] noncombat
Sending: [{'delegate': 'noncombat', 'from': 'GermanBase', 'to': 'GermanStart', 'unit': 'artillery'}]

Game  6  Round  4   [MY_MOVE] purchase
Sending: [{'delegate': 'purchase', 'unit': 'infantry', 'from': '', 'to': 'GermanBase'}, {'delegate': 'purchase', 'unit': 'infantry', 'from': '', 'to': 'GermanBase'}, {'delegate': 'purchase', 'unit': 'infantry', 'from': '', 'to': 'GermanBase'}, {'delegate': 'purchase', 'unit': 'artillery', 'from': '', 'to': 'GermanBase'}, {'delegate': 'purchase', 'unit': 'artillery', 'from': '', 'to': 'GermanBase'}]

Game  6  Round  4   [MY_MOVE] combat
MCTS ran 151 iterations in 1.0s
Root node visits: 151
Best action visits: 19, value: 0.237
Selected action : combat delegate on GermanStart
	Move units: 1xarmour from GermanBase
	Move units: 1xarmour from GermanStepTwo
	Move units: 2xartillery from GermanBase
	strength=10
Sending: [{'delegate': 'combat', 'from': 'GermanBase', 'to': 'GermanStart', 'unit': 'armour', 'count': 1}, {'delegate': 'combat', 'from': 'GermanStepTwo', 'to': 'GermanStart', 'unit': 'armour', 'count': 1}, {'delegate': 'combat', 'from': 'GermanBase', 'to': 'GermanStart', 'unit': 'artillery', 'count': 2}]

Game  6  Round  4   [MY_MOVE] noncombat
Sending: [{'delegate': 'noncombat', 'from': 'GermanStepOne', 'to': 'GermanStepTwo', 'unit': 'infantry'}]

Game  6  Round  5   [MY_MOVE] purchase
Sending: [{'delegate': 'purchase', 'unit': 'artillery', 'from': '', 'to': 'GermanBase'}, {'delegate': 'purchase', 'unit': 'armour', 'from': '', 'to': 'GermanBase'}]

Game  6  Round  5   [MY_MOVE] combat
MCTS ran 147 iterations in 1.0s
Root node visits: 147
Best action visits: 30, value: 0.225
Selected action : combat delegate on BottomBar
	Move units: 2xarmour from GermanStart
	strength=6
Sending: [{'delegate': 'combat', 'from': 'GermanStart', 'to': 'BottomBar', 'unit': 'armour', 'count': 2}]

Game  6  Round  5   [MY_MOVE] noncombat
Sending: [{'delegate': 'noncombat', 'from': 'GermanBase', 'to': 'GermanStart', 'unit': 'infantry'}]

Game  6  Round  6   [MY_MOVE] purchase
Sending: [{'delegate': 'purchase', 'unit': 'infantry', 'from': '', 'to': 'GermanBase'}, {'delegate': 'purchase', 'unit': 'infantry', 'from': '', 'to': 'GermanBase'}, {'delegate': 'purchase', 'unit': 'artillery', 'from': '', 'to': 'GermanBase'}, {'delegate': 'purchase', 'unit': 'armour', 'from': '', 'to': 'GermanBase'}]

Game  6  Round  6   [MY_MOVE] combat
MCTS ran 131 iterations in 1.0s
Root node visits: 131
Best action visits: 17, value: 0.232
Selected action : combat delegate on GermanStartLeft
	Move units: 1xarmour from GermanStart
	strength=6
Sending: [{'delegate': 'combat', 'from': 'GermanStart', 'to': 'GermanStartLeft', 'unit': 'armour', 'count': 1}]

Game  6  Round  6   [MY_MOVE] noncombat
Sending: [{'delegate': 'noncombat', 'from': 'GermanBase', 'to': 'GermanStepOne', 'unit': 'armour'}]

Game  6  Round  7   [MY_MOVE] purchase
Sending: [{'delegate': 'purchase', 'unit': 'infantry', 'from': '', 'to': 'GermanBase'}, {'delegate': 'purchase', 'unit': 'infantry', 'from': '', 'to': 'GermanBase'}, {'delegate': 'purchase', 'unit': 'infantry', 'from': '', 'to': 'GermanBase'}, {'delegate': 'purchase', 'unit': 'armour', 'from': '', 'to': 'GermanBase'}, {'delegate': 'purchase', 'unit': 'armour', 'from': '', 'to': 'GermanBase'}]

Game  6  Round  7   [MY_MOVE] combat
MCTS ran 137 iterations in 1.0s
Root node visits: 137
Best action visits: 14, value: 0.188
Selected action : combat delegate on GermanStartLeft
	Move units: 1xarmour from GermanBase
	Move units: 1xarmour from GermanStart
	Move units: 1xarmour from GermanStepOne
	Move units: 2xartillery from GermanStart
	Move units: 1xinfantry from GermanStart
	strength=15
Sending: [{'delegate': 'combat', 'from': 'GermanBase', 'to': 'GermanStartLeft', 'unit': 'armour', 'count': 1}, {'delegate': 'combat', 'from': 'GermanStart', 'to': 'GermanStartLeft', 'unit': 'armour', 'count': 1}, {'delegate': 'combat', 'from': 'GermanStepOne', 'to': 'GermanStartLeft', 'unit': 'armour', 'count': 1}, {'delegate': 'combat', 'from': 'GermanStart', 'to': 'GermanStartLeft', 'unit': 'artillery', 'count': 2}, {'delegate': 'combat', 'from': 'GermanStart', 'to': 'GermanStartLeft', 'unit': 'infantry', 'count': 1}]

Game  6  Round  7   [MY_MOVE] noncombat
Sending: [{'delegate': 'noncombat', 'from': 'GermanBase', 'to': 'GermanStart', 'unit': 'infantry'}]

Game  6  Round  8   [MY_MOVE] purchase
Sending: [{'delegate': 'purchase', 'unit': 'artillery', 'from': '', 'to': 'GermanBase'}, {'delegate': 'purchase', 'unit': 'armour', 'from': '', 'to': 'GermanBase'}, {'delegate': 'purchase', 'unit': 'armour', 'from': '', 'to': 'GermanBase'}, {'delegate': 'purchase', 'unit': 'armour', 'from': '', 'to': 'GermanBase'}]

Game  6  Round  8   [MY_MOVE] combat
MCTS ran 126 iterations in 1.0s
Root node visits: 126
Best action visits: 16, value: 0.182
Selected action : combat delegate on GermanStartRight
	Move units: 1xarmour from GermanStartLeft
	strength=9
Sending: [{'delegate': 'combat', 'from': 'GermanStartLeft', 'to': 'GermanStartRight', 'unit': 'armour', 'count': 1}]

Game  6  Round  8   [MY_MOVE] noncombat
Sending: [{'delegate': 'noncombat', 'from': 'GermanBase', 'to': 'GermanStart', 'unit': 'artillery'}]

Game  6  Round  9   [MY_MOVE] purchase
Sending: [{'delegate': 'purchase', 'unit': 'infantry', 'from': '', 'to': 'GermanBase'}, {'delegate': 'purchase', 'unit': 'infantry', 'from': '', 'to': 'GermanBase'}, {'delegate': 'purchase', 'unit': 'artillery', 'from': '', 'to': 'GermanBase'}, {'delegate': 'purchase', 'unit': 'artillery', 'from': '', 'to': 'GermanBase'}, {'delegate': 'purchase', 'unit': 'artillery', 'from': '', 'to': 'GermanBase'}]

Game  6  Round  9   [MY_MOVE] combat
MCTS ran 132 iterations in 1.0s
Root node visits: 132
Best action visits: 17, value: 0.183
Selected action : combat delegate on BottomBar
	Move units: 2xarmour from GermanStartLeft
	Move units: 2xartillery from GermanStartLeft
	Move units: 1xinfantry from GermanStartLeft
	strength=12
Sending: [{'delegate': 'combat', 'from': 'GermanStartLeft', 'to': 'BottomBar', 'unit': 'armour', 'count': 2}, {'delegate': 'combat', 'from': 'GermanStartLeft', 'to': 'BottomBar', 'unit': 'artillery', 'count': 2}, {'delegate': 'combat', 'from': 'GermanStartLeft', 'to': 'BottomBar', 'unit': 'infantry', 'count': 1}]

Game  6  Round  9   [MY_MOVE] noncombat
Sending: [{'delegate': 'noncombat', 'from': 'GermanBase', 'to': 'GermanStartLeft', 'unit': 'armour'}]

Game  6  Round  10   [MY_MOVE] purchase
Sending: [{'delegate': 'purchase', 'unit': 'infantry', 'from': '', 'to': 'GermanBase'}, {'delegate': 'purchase', 'unit': 'infantry', 'from': '', 'to': 'GermanBase'}, {'delegate': 'purchase', 'unit': 'artillery', 'from': '', 'to': 'GermanBase'}, {'delegate': 'purchase', 'unit': 'artillery', 'from': '', 'to': 'GermanBase'}, {'delegate': 'purchase', 'unit': 'artillery', 'from': '', 'to': 'GermanBase'}, {'delegate': 'purchase', 'unit': 'artillery', 'from': '', 'to': 'GermanBase'}]

Game  6  Round  10   [MY_MOVE] combat
MCTS ran 137 iterations in 1.0s
Root node visits: 137
Best action visits: 23, value: 0.163
Selected action : combat delegate on GermanStart
	Move units: 3xarmour from GermanBase
	strength=9
Sending: [{'delegate': 'combat', 'from': 'GermanBase', 'to': 'GermanStart', 'unit': 'armour', 'count': 3}]

Game  6  Round  10   [MY_MOVE] noncombat
Sending: [{'delegate': 'noncombat', 'from': 'GermanStart', 'to': 'GermanStepOne', 'unit': 'armour'}]

Game  6  Round  11   [MY_MOVE] purchase
Sending: [{'delegate': 'purchase', 'unit': 'infantry', 'from': '', 'to': 'GermanBase'}, {'delegate': 'purchase', 'unit': 'artillery', 'from': '', 'to': 'GermanBase'}, {'delegate': 'purchase', 'unit': 'armour', 'from': '', 'to': 'GermanBase'}, {'delegate': 'purchase', 'unit': 'armour', 'from': '', 'to': 'GermanBase'}]

Game  6  Round  11   [MY_MOVE] combat
MCTS ran 127 iterations in 1.0s
Root node visits: 127
Best action visits: 11, value: 0.156
Selected action : combat delegate on GermanStart
	Move units: 1xarmour from GermanBase
	Move units: 11xartillery from GermanBase
	strength=25
Sending: [{'delegate': 'combat', 'from': 'GermanBase', 'to': 'GermanStart', 'unit': 'armour', 'count': 1}, {'delegate': 'combat', 'from': 'GermanBase', 'to': 'GermanStart', 'unit': 'artillery', 'count': 11}]

Game  6  Round  11   [MY_MOVE] noncombat
Sending: [{'delegate': 'noncombat', 'from': 'GermanStart', 'to': 'GermanStepOne', 'unit': 'armour'}]

Game  6  Round  12   [MY_MOVE] purchase
Sending: [{'delegate': 'purchase', 'unit': 'infantry', 'from': '', 'to': 'GermanBase'}, {'delegate': 'purchase', 'unit': 'infantry', 'from': '', 'to': 'GermanBase'}, {'delegate': 'purchase', 'unit': 'artillery', 'from': '', 'to': 'GermanBase'}, {'delegate': 'purchase', 'unit': 'artillery', 'from': '', 'to': 'GermanBase'}, {'delegate': 'purchase', 'unit': 'armour', 'from': '', 'to': 'GermanBase'}]

Game  6  Round  12   [MY_MOVE] combat
MCTS ran 137 iterations in 1.0s
Root node visits: 137
Best action visits: 26, value: 0.244
Selected action : combat delegate on GermanStartLeft
	Move units: 2xarmour from GermanBase
	Move units: 1xarmour from GermanStart
	Move units: 10xartillery from GermanStart
	strength=29
Sending: [{'delegate': 'combat', 'from': 'GermanBase', 'to': 'GermanStartLeft', 'unit': 'armour', 'count': 2}, {'delegate': 'combat', 'from': 'GermanStart', 'to': 'GermanStartLeft', 'unit': 'armour', 'count': 1}, {'delegate': 'combat', 'from': 'GermanStart', 'to': 'GermanStartLeft', 'unit': 'artillery', 'count': 10}]

Game  6  Round  12   [MY_MOVE] noncombat
Sending: [{'delegate': 'noncombat', 'from': 'GermanStartLeft', 'to': 'GermanBase', 'unit': 'armour'}]

Game  6  Round  13   [MY_MOVE] purchase
Sending: [{'delegate': 'purchase', 'unit': 'infantry', 'from': '', 'to': 'GermanBase'}, {'delegate': 'purchase', 'unit': 'infantry', 'from': '', 'to': 'GermanBase'}, {'delegate': 'purchase', 'unit': 'artillery', 'from': '', 'to': 'GermanBase'}, {'delegate': 'purchase', 'unit': 'armour', 'from': '', 'to': 'GermanBase'}]

Game  6  Round  13   [MY_MOVE] combat
MCTS ran 136 iterations in 1.0s
Root node visits: 136
Best action visits: 12, value: 0.198
Selected action : combat delegate on GermanStart
	Move units: 1xarmour from GermanBase
	Move units: 1xarmour from GermanStartLeft
	strength=6
Sending: [{'delegate': 'combat', 'from': 'GermanBase', 'to': 'GermanStart', 'unit': 'armour', 'count': 1}, {'delegate': 'combat', 'from': 'GermanStartLeft', 'to': 'GermanStart', 'unit': 'armour', 'count': 1}]

Game  6  Round  13   [MY_MOVE] noncombat
Sending: [{'delegate': 'noncombat', 'from': 'GermanStart', 'to': 'GermanStartLeft', 'unit': 'armour'}]

Game  6  Round  14   [MY_MOVE] purchase
Sending: [{'delegate': 'purchase', 'unit': 'artillery', 'from': '', 'to': 'GermanBase'}, {'delegate': 'purchase', 'unit': 'artillery', 'from': '', 'to': 'GermanBase'}, {'delegate': 'purchase', 'unit': 'artillery', 'from': '', 'to': 'GermanBase'}, {'delegate': 'purchase', 'unit': 'armour', 'from': '', 'to': 'GermanBase'}]

Game  6  Round  14   [MY_MOVE] combat
MCTS ran 125 iterations in 1.0s
Root node visits: 125
Best action visits: 14, value: 0.202
Selected action : combat delegate on GermanStart
	Move units: 1xarmour from GermanBase
	Move units: 2xarmour from GermanStartLeft
	Move units: 5xartillery from GermanBase
	strength=19
Sending: [{'delegate': 'combat', 'from': 'GermanBase', 'to': 'GermanStart', 'unit': 'armour', 'count': 1}, {'delegate': 'combat', 'from': 'GermanStartLeft', 'to': 'GermanStart', 'unit': 'armour', 'count': 2}, {'delegate': 'combat', 'from': 'GermanBase', 'to': 'GermanStart', 'unit': 'artillery', 'count': 5}]

Game  6  Round  14   [MY_MOVE] noncombat
Sending: [{'delegate': 'noncombat', 'from': 'GermanStart', 'to': 'GermanBase', 'unit': 'artillery'}]

Game  6  Round  15   [MY_MOVE] purchase
Sending: [{'delegate': 'purchase', 'unit': 'armour', 'from': '', 'to': 'GermanBase'}]

Game  6  Round  15   [MY_MOVE] combat
MCTS ran 126 iterations in 1.0s
Root node visits: 126
Best action visits: 22, value: 0.183
Selected action : combat delegate on GermanStart
	strength=0
Sending: []

Game  6  Round  15   [MY_MOVE] noncombat
Sending: []

Game  6  Round  16   [MY_MOVE] purchase
Sending: [{'delegate': 'purchase', 'unit': 'armour', 'from': '', 'to': 'GermanBase'}, {'delegate': 'purchase', 'unit': 'armour', 'from': '', 'to': 'GermanBase'}, {'delegate': 'purchase', 'unit': 'armour', 'from': '', 'to': 'GermanBase'}, {'delegate': 'purchase', 'unit': 'armour', 'from': '', 'to': 'GermanBase'}]

Game  6  Round  16   [MY_MOVE] combat
MCTS ran 134 iterations in 1.0s
Root node visits: 134
Best action visits: 27, value: 0.203
Selected action : combat delegate on GermanStart
	Move units: 2xarmour from GermanBase
	Move units: 1xartillery from GermanBase
	strength=8
Sending: [{'delegate': 'combat', 'from': 'GermanBase', 'to': 'GermanStart', 'unit': 'armour', 'count': 2}, {'delegate': 'combat', 'from': 'GermanBase', 'to': 'GermanStart', 'unit': 'artillery', 'count': 1}]

Game  6  Round  16   [MY_MOVE] noncombat
Sending: [{'delegate': 'noncombat', 'from': 'GermanBase', 'to': 'GermanStart', 'unit': 'infantry'}]

Game  6  Round  17   [MY_MOVE] purchase
Sending: [{'delegate': 'purchase', 'unit': 'infantry', 'from': '', 'to': 'GermanBase'}, {'delegate': 'purchase', 'unit': 'artillery', 'from': '', 'to': 'GermanBase'}]

Game  6  Round  17   [MY_MOVE] combat
MCTS ran 133 iterations in 1.0s
Root node visits: 133
Best action visits: 17, value: 0.174
Selected action : combat delegate on GermanStepOne
	Move units: 1xarmour from GermanBase
	strength=12
Sending: [{'delegate': 'combat', 'from': 'GermanBase', 'to': 'GermanStepOne', 'unit': 'armour', 'count': 1}]

Game  6  Round  17   [MY_MOVE] noncombat
Sending: [{'delegate': 'noncombat', 'from': 'GermanStart', 'to': 'GermanBase', 'unit': 'artillery'}]

Game  6  Round  18   [MY_MOVE] purchase
Sending: [{'delegate': 'purchase', 'unit': 'artillery', 'from': '', 'to': 'GermanBase'}, {'delegate': 'purchase', 'unit': 'armour', 'from': '', 'to': 'GermanBase'}]

Game  6  Round  18   [MY_MOVE] combat
MCTS ran 126 iterations in 1.0s
Root node visits: 126
Best action visits: 16, value: 0.210
Selected action : combat delegate on GermanStartRight
	Move units: 3xarmour from GermanBase
	Move units: 2xarmour from GermanStart
	Move units: 1xarmour from GermanStepOne
	Move units: 1xinfantry from GermanStart
	strength=19
Sending: [{'delegate': 'combat', 'from': 'GermanBase', 'to': 'GermanStartRight', 'unit': 'armour', 'count': 3}, {'delegate': 'combat', 'from': 'GermanStart', 'to': 'GermanStartRight', 'unit': 'armour', 'count': 2}, {'delegate': 'combat', 'from': 'GermanStepOne', 'to': 'GermanStartRight', 'unit': 'armour', 'count': 1}, {'delegate': 'combat', 'from': 'GermanStart', 'to': 'GermanStartRight', 'unit': 'infantry', 'count': 1}]

Game  6  Round  18   [MY_MOVE] noncombat
Sending: [{'delegate': 'noncombat', 'from': 'GermanBase', 'to': 'GermanStart', 'unit': 'artillery'}]

Game  6  Round  19   [MY_MOVE] purchase
Sending: [{'delegate': 'purchase', 'unit': 'infantry', 'from': '', 'to': 'GermanBase'}, {'delegate': 'purchase', 'unit': 'infantry', 'from': '', 'to': 'GermanBase'}]

Game  6  Round  19   [MY_MOVE] combat
MCTS ran 129 iterations in 1.0s
Root node visits: 129
Best action visits: 17, value: 0.181
Selected action : combat delegate on GermanStepOne
	Move units: 1xarmour from GermanBase
	Move units: 1xarmour from GermanStart
	strength=6
Sending: [{'delegate': 'combat', 'from': 'GermanBase', 'to': 'GermanStepOne', 'unit': 'armour', 'count': 1}, {'delegate': 'combat', 'from': 'GermanStart', 'to': 'GermanStepOne', 'unit': 'armour', 'count': 1}]

Game  6  Round  19   [MY_MOVE] noncombat
Sending: [{'delegate': 'noncombat', 'from': 'GermanBase', 'to': 'GermanStart', 'unit': 'artillery'}]

Game  6  Round  20   [MY_MOVE] purchase
Sending: [{'delegate': 'purchase', 'unit': 'infantry', 'from': '', 'to': 'GermanBase'}, {'delegate': 'purchase', 'unit': 'armour', 'from': '', 'to': 'GermanBase'}, {'delegate': 'purchase', 'unit': 'armour', 'from': '', 'to': 'GermanBase'}, {'delegate': 'purchase', 'unit': 'armour', 'from': '', 'to': 'GermanBase'}]

Game  6  Round  20   [MY_MOVE] combat
MCTS ran 126 iterations in 1.0s
Root node visits: 126
Best action visits: 16, value: 0.163
Selected action : combat delegate on GermanStepTwo
	Move units: 3xarmour from GermanStart
	Move units: 2xarmour from GermanStepOne
	strength=15
Sending: [{'delegate': 'combat', 'from': 'GermanStart', 'to': 'GermanStepTwo', 'unit': 'armour', 'count': 3}, {'delegate': 'combat', 'from': 'GermanStepOne', 'to': 'GermanStepTwo', 'unit': 'armour', 'count': 2}]

Game  6  Round  20   [MY_MOVE] noncombat
Sending: [{'delegate': 'noncombat', 'from': 'GermanBase', 'to': 'GermanStart', 'unit': 'artillery'}]

Game  6  Round  21   [MY_MOVE] purchase
Sending: [{'delegate': 'purchase', 'unit': 'infantry', 'from': '', 'to': 'GermanBase'}, {'delegate': 'purchase', 'unit': 'infantry', 'from': '', 'to': 'GermanBase'}, {'delegate': 'purchase', 'unit': 'infantry', 'from': '', 'to': 'GermanBase'}, {'delegate': 'purchase', 'unit': 'armour', 'from': '', 'to': 'GermanBase'}, {'delegate': 'purchase', 'unit': 'armour', 'from': '', 'to': 'GermanBase'}, {'delegate': 'purchase', 'unit': 'armour', 'from': '', 'to': 'GermanBase'}]

Game  6  Round  21   [MY_MOVE] combat
MCTS ran 121 iterations in 1.0s
Root node visits: 121
Best action visits: 21, value: 0.160
Selected action : combat delegate on GermanStartLeft
	Move units: 3xarmour from GermanBase
	strength=9
Sending: [{'delegate': 'combat', 'from': 'GermanBase', 'to': 'GermanStartLeft', 'unit': 'armour', 'count': 3}]

Game  6  Round  21   [MY_MOVE] noncombat
Sending: [{'delegate': 'noncombat', 'from': 'GermanStart', 'to': 'GermanStepOne', 'unit': 'artillery'}]

Game  6  Round  22   [MY_MOVE] purchase
Sending: [{'delegate': 'purchase', 'unit': 'infantry', 'from': '', 'to': 'GermanBase'}, {'delegate': 'purchase', 'unit': 'artillery', 'from': '', 'to': 'GermanBase'}]

Game  6  Round  22   [MY_MOVE] combat
MCTS ran 134 iterations in 1.0s
Root node visits: 134
Best action visits: 20, value: 0.142
Selected action : combat delegate on GermanStart
	strength=0
Sending: []

Game  6  Round  22   [MY_MOVE] noncombat
Sending: []

Game  6  Round  23   [MY_MOVE] purchase
Sending: [{'delegate': 'purchase', 'unit': 'infantry', 'from': '', 'to': 'GermanBase'}, {'delegate': 'purchase', 'unit': 'infantry', 'from': '', 'to': 'GermanBase'}, {'delegate': 'purchase', 'unit': 'infantry', 'from': '', 'to': 'GermanBase'}, {'delegate': 'purchase', 'unit': 'infantry', 'from': '', 'to': 'GermanBase'}, {'delegate': 'purchase', 'unit': 'infantry', 'from': '', 'to': 'GermanBase'}, {'delegate': 'purchase', 'unit': 'infantry', 'from': '', 'to': 'GermanBase'}, {'delegate': 'purchase', 'unit': 'infantry', 'from': '', 'to': 'GermanBase'}, {'delegate': 'purchase', 'unit': 'artillery', 'from': '', 'to': 'GermanBase'}]

Game  6  Round  23   [MY_MOVE] combat
MCTS ran 120 iterations in 1.0s
Root node visits: 120
Best action visits: 30, value: 0.166
Selected action : combat delegate on GermanStart
	Move units: 3xarmour from GermanBase
	strength=9
Sending: [{'delegate': 'combat', 'from': 'GermanBase', 'to': 'GermanStart', 'unit': 'armour', 'count': 3}]

Game  6  Round  23   [MY_MOVE] noncombat
Sending: [{'delegate': 'noncombat', 'from': 'GermanStart', 'to': 'GermanBase', 'unit': 'armour'}]

Game  6  Round  24   [MY_MOVE] purchase
Sending: [{'delegate': 'purchase', 'unit': 'infantry', 'from': '', 'to': 'GermanBase'}, {'delegate': 'purchase', 'unit': 'armour', 'from': '', 'to': 'GermanBase'}]

Game  6  Round  24   [MY_MOVE] combat
MCTS ran 134 iterations in 1.0s
Root node visits: 134
Best action visits: 21, value: 0.168
Selected action : combat delegate on GermanStart
	strength=0
Sending: []

Game  6  Round  24   [MY_MOVE] noncombat
Sending: []
Graph reset complete.
Starting next game in 5s.
WHOAMI updated: Germans

Game  7  Round  1   [MY_MOVE] purchase
Sending: [{'delegate': 'purchase', 'unit': 'infantry', 'from': '', 'to': 'GermanBase'}, {'delegate': 'purchase', 'unit': 'artillery', 'from': '', 'to': 'GermanBase'}, {'delegate': 'purchase', 'unit': 'armour', 'from': '', 'to': 'GermanBase'}, {'delegate': 'purchase', 'unit': 'armour', 'from': '', 'to': 'GermanBase'}]

Game  7  Round  1   [MY_MOVE] combat
MCTS ran 215 iterations in 1.0s
Root node visits: 215
Best action visits: 72, value: -0.046
Selected action : combat delegate on GermanStartLeft
	Move units: 1xarmour from GermanBase
	strength=3
Sending: [{'delegate': 'combat', 'from': 'GermanBase', 'to': 'GermanStartLeft', 'unit': 'armour', 'count': 1}]

Game  7  Round  1   [MY_MOVE] noncombat
Sending: [{'delegate': 'noncombat', 'from': 'GermanStart', 'to': 'GermanBase', 'unit': 'infantry'}]

Game  7  Round  2   [MY_MOVE] purchase
Sending: [{'delegate': 'purchase', 'unit': 'infantry', 'from': '', 'to': 'GermanBase'}, {'delegate': 'purchase', 'unit': 'infantry', 'from': '', 'to': 'GermanBase'}, {'delegate': 'purchase', 'unit': 'infantry', 'from': '', 'to': 'GermanBase'}, {'delegate': 'purchase', 'unit': 'artillery', 'from': '', 'to': 'GermanBase'}]

Game  7  Round  2   [MY_MOVE] combat
MCTS ran 172 iterations in 1.0s
Root node visits: 172
Best action visits: 44, value: 0.113
Selected action : combat delegate on ChineseStartRight
	Move units: 1xarmour from GermanStartLeft
	strength=3
Sending: [{'delegate': 'combat', 'from': 'GermanStartLeft', 'to': 'ChineseStartRight', 'unit': 'armour', 'count': 1}]

Game  7  Round  2   [MY_MOVE] noncombat
Sending: [{'delegate': 'noncombat', 'from': 'GermanStartLeft', 'to': 'GermanStart', 'unit': 'armour'}]

Game  7  Round  3   [MY_MOVE] purchase
Sending: [{'delegate': 'purchase', 'unit': 'artillery', 'from': '', 'to': 'GermanBase'}, {'delegate': 'purchase', 'unit': 'armour', 'from': '', 'to': 'GermanBase'}, {'delegate': 'purchase', 'unit': 'armour', 'from': '', 'to': 'GermanBase'}]

Game  7  Round  3   [MY_MOVE] combat
MCTS ran 156 iterations in 1.0s
Root node visits: 156
Best action visits: 32, value: 0.272
Selected action : combat delegate on GermanStepTwo
	Move units: 1xarmour from GermanStart
	strength=3
Sending: [{'delegate': 'combat', 'from': 'GermanStart', 'to': 'GermanStepTwo', 'unit': 'armour', 'count': 1}]

Game  7  Round  3   [MY_MOVE] noncombat
Sending: [{'delegate': 'noncombat', 'from': 'GermanStart', 'to': 'GermanStartLeft', 'unit': 'armour'}]

Game  7  Round  4   [MY_MOVE] purchase
Sending: [{'delegate': 'purchase', 'unit': 'artillery', 'from': '', 'to': 'GermanBase'}, {'delegate': 'purchase', 'unit': 'artillery', 'from': '', 'to': 'GermanBase'}, {'delegate': 'purchase', 'unit': 'artillery', 'from': '', 'to': 'GermanBase'}]

Game  7  Round  4   [MY_MOVE] combat
MCTS ran 155 iterations in 1.0s
Root node visits: 155
Best action visits: 39, value: 0.132
Selected action : combat delegate on BottomBar
	Move units: 1xarmour from GermanStartLeft
	strength=3
Sending: [{'delegate': 'combat', 'from': 'GermanStartLeft', 'to': 'BottomBar', 'unit': 'armour', 'count': 1}]

Game  7  Round  4   [MY_MOVE] noncombat
Sending: [{'delegate': 'noncombat', 'from': 'GermanBase', 'to': 'GermanStart', 'unit': 'infantry'}]

Game  7  Round  5   [MY_MOVE] purchase
Sending: [{'delegate': 'purchase', 'unit': 'infantry', 'from': '', 'to': 'GermanBase'}, {'delegate': 'purchase', 'unit': 'infantry', 'from': '', 'to': 'GermanBase'}, {'delegate': 'purchase', 'unit': 'infantry', 'from': '', 'to': 'GermanBase'}, {'delegate': 'purchase', 'unit': 'artillery', 'from': '', 'to': 'GermanBase'}]

Game  7  Round  5   [MY_MOVE] combat
MCTS ran 142 iterations in 1.0s
Root node visits: 142
Best action visits: 72, value: -0.053
Selected action : combat delegate on GermanStepOne
	Move units: 1xinfantry from GermanStart
	strength=2
Sending: [{'delegate': 'combat', 'from': 'GermanStart', 'to': 'GermanStepOne', 'unit': 'infantry', 'count': 1}]

Game  7  Round  5   [MY_MOVE] noncombat
Sending: [{'delegate': 'noncombat', 'from': 'GermanBase', 'to': 'GermanStart', 'unit': 'artillery'}]

Game  7  Round  6   [MY_MOVE] purchase
Sending: [{'delegate': 'purchase', 'unit': 'infantry', 'from': '', 'to': 'GermanBase'}, {'delegate': 'purchase', 'unit': 'infantry', 'from': '', 'to': 'GermanBase'}, {'delegate': 'purchase', 'unit': 'artillery', 'from': '', 'to': 'GermanBase'}]

Game  7  Round  6   [MY_MOVE] combat
MCTS ran 136 iterations in 1.0s
Root node visits: 136
Best action visits: 17, value: 0.223
Selected action : combat delegate on GermanStartLeft
	Move units: 3xarmour from GermanBase
	strength=9
Sending: [{'delegate': 'combat', 'from': 'GermanBase', 'to': 'GermanStartLeft', 'unit': 'armour', 'count': 3}]

Game  7  Round  6   [MY_MOVE] noncombat
Sending: [{'delegate': 'noncombat', 'from': 'GermanBase', 'to': 'GermanStepOne', 'unit': 'armour'}]

Game  7  Round  7   [MY_MOVE] purchase
Sending: [{'delegate': 'purchase', 'unit': 'infantry', 'from': '', 'to': 'GermanBase'}, {'delegate': 'purchase', 'unit': 'infantry', 'from': '', 'to': 'GermanBase'}, {'delegate': 'purchase', 'unit': 'infantry', 'from': '', 'to': 'GermanBase'}, {'delegate': 'purchase', 'unit': 'artillery', 'from': '', 'to': 'GermanBase'}, {'delegate': 'purchase', 'unit': 'artillery', 'from': '', 'to': 'GermanBase'}, {'delegate': 'purchase', 'unit': 'artillery', 'from': '', 'to': 'GermanBase'}, {'delegate': 'purchase', 'unit': 'artillery', 'from': '', 'to': 'GermanBase'}, {'delegate': 'purchase', 'unit': 'artillery', 'from': '', 'to': 'GermanBase'}]

Game  7  Round  7   [MY_MOVE] combat
MCTS ran 141 iterations in 1.0s
Root node visits: 141
Best action visits: 18, value: 0.240
Selected action : combat delegate on GermanStartLeft
	Move units: 1xarmour from GermanStepOne
	Move units: 1xartillery from GermanStart
	Move units: 1xinfantry from GermanStart
	strength=7
Sending: [{'delegate': 'combat', 'from': 'GermanStepOne', 'to': 'GermanStartLeft', 'unit': 'armour', 'count': 1}, {'delegate': 'combat', 'from': 'GermanStart', 'to': 'GermanStartLeft', 'unit': 'artillery', 'count': 1}, {'delegate': 'combat', 'from': 'GermanStart', 'to': 'GermanStartLeft', 'unit': 'infantry', 'count': 1}]

Game  7  Round  7   [MY_MOVE] noncombat
Sending: [{'delegate': 'noncombat', 'from': 'GermanStart', 'to': 'GermanStepOne', 'unit': 'armour'}]

Game  7  Round  8   [MY_MOVE] purchase
Sending: [{'delegate': 'purchase', 'unit': 'armour', 'from': '', 'to': 'GermanBase'}, {'delegate': 'purchase', 'unit': 'armour', 'from': '', 'to': 'GermanBase'}]

Game  7  Round  8   [MY_MOVE] combat
MCTS ran 140 iterations in 1.0s
Root node visits: 140
Best action visits: 18, value: 0.237
Selected action : combat delegate on GermanStart
	Move units: 6xartillery from GermanBase
	strength=12
Sending: [{'delegate': 'combat', 'from': 'GermanBase', 'to': 'GermanStart', 'unit': 'artillery', 'count': 6}]

Game  7  Round  8   [MY_MOVE] noncombat
Sending: [{'delegate': 'noncombat', 'from': 'GermanStart', 'to': 'GermanBase', 'unit': 'artillery'}]

Game  7  Round  9   [MY_MOVE] purchase
Sending: [{'delegate': 'purchase', 'unit': 'artillery', 'from': '', 'to': 'GermanBase'}, {'delegate': 'purchase', 'unit': 'artillery', 'from': '', 'to': 'GermanBase'}, {'delegate': 'purchase', 'unit': 'armour', 'from': '', 'to': 'GermanBase'}]

Game  7  Round  9   [MY_MOVE] combat
MCTS ran 137 iterations in 1.0s
Root node visits: 137
Best action visits: 16, value: 0.208
Selected action : combat delegate on GermanStepTwo
	Move units: 1xinfantry from GermanStepOne
	strength=1
Sending: [{'delegate': 'combat', 'from': 'GermanStepOne', 'to': 'GermanStepTwo', 'unit': 'infantry', 'count': 1}]

Game  7  Round  9   [MY_MOVE] noncombat
Sending: [{'delegate': 'noncombat', 'from': 'GermanBase', 'to': 'GermanStart', 'unit': 'infantry'}]

Game  7  Round  10   [MY_MOVE] purchase
Sending: [{'delegate': 'purchase', 'unit': 'infantry', 'from': '', 'to': 'GermanBase'}, {'delegate': 'purchase', 'unit': 'infantry', 'from': '', 'to': 'GermanBase'}, {'delegate': 'purchase', 'unit': 'artillery', 'from': '', 'to': 'GermanBase'}, {'delegate': 'purchase', 'unit': 'armour', 'from': '', 'to': 'GermanBase'}]

Game  7  Round  10   [MY_MOVE] combat
MCTS ran 131 iterations in 1.0s
Root node visits: 131
Best action visits: 17, value: 0.218
Selected action : combat delegate on GermanStartLeft
	Move units: 1xarmour from GermanBase
	strength=3
Sending: [{'delegate': 'combat', 'from': 'GermanBase', 'to': 'GermanStartLeft', 'unit': 'armour', 'count': 1}]

Game  7  Round  10   [MY_MOVE] noncombat
Sending: [{'delegate': 'noncombat', 'from': 'GermanStart', 'to': 'GermanStepOne', 'unit': 'artillery'}]

Game  7  Round  11   [MY_MOVE] purchase
Sending: [{'delegate': 'purchase', 'unit': 'artillery', 'from': '', 'to': 'GermanBase'}, {'delegate': 'purchase', 'unit': 'artillery', 'from': '', 'to': 'GermanBase'}, {'delegate': 'purchase', 'unit': 'artillery', 'from': '', 'to': 'GermanBase'}, {'delegate': 'purchase', 'unit': 'armour', 'from': '', 'to': 'GermanBase'}, {'delegate': 'purchase', 'unit': 'armour', 'from': '', 'to': 'GermanBase'}]

Game  7  Round  11   [MY_MOVE] combat
MCTS ran 125 iterations in 1.0s
Root node visits: 125
Best action visits: 16, value: 0.207
Selected action : combat delegate on GermanStartLeft
	Move units: 3xarmour from GermanBase
	strength=9
Sending: [{'delegate': 'combat', 'from': 'GermanBase', 'to': 'GermanStartLeft', 'unit': 'armour', 'count': 3}]

Game  7  Round  11   [MY_MOVE] noncombat
Sending: [{'delegate': 'noncombat', 'from': 'GermanBase', 'to': 'GermanStart', 'unit': 'infantry'}]

Game  7  Round  12   [MY_MOVE] purchase
Sending: [{'delegate': 'purchase', 'unit': 'infantry', 'from': '', 'to': 'GermanBase'}]

Game  7  Round  12   [MY_MOVE] combat
MCTS ran 123 iterations in 1.0s
Root node visits: 123
Best action visits: 21, value: 0.214
Selected action : combat delegate on Flag
	strength=0
Sending: []

Game  7  Round  12   [MY_MOVE] noncombat
Sending: [{'delegate': 'noncombat', 'from': 'GermanStepTwo', 'to': 'GermanStepOne', 'unit': 'infantry'}]

Game  7  Round  13   [MY_MOVE] purchase
Sending: [{'delegate': 'purchase', 'unit': 'infantry', 'from': '', 'to': 'GermanBase'}, {'delegate': 'purchase', 'unit': 'infantry', 'from': '', 'to': 'GermanBase'}, {'delegate': 'purchase', 'unit': 'infantry', 'from': '', 'to': 'GermanBase'}, {'delegate': 'purchase', 'unit': 'infantry', 'from': '', 'to': 'GermanBase'}, {'delegate': 'purchase', 'unit': 'infantry', 'from': '', 'to': 'GermanBase'}, {'delegate': 'purchase', 'unit': 'infantry', 'from': '', 'to': 'GermanBase'}, {'delegate': 'purchase', 'unit': 'infantry', 'from': '', 'to': 'GermanBase'}, {'delegate': 'purchase', 'unit': 'infantry', 'from': '', 'to': 'GermanBase'}, {'delegate': 'purchase', 'unit': 'infantry', 'from': '', 'to': 'GermanBase'}, {'delegate': 'purchase', 'unit': 'infantry', 'from': '', 'to': 'GermanBase'}, {'delegate': 'purchase', 'unit': 'infantry', 'from': '', 'to': 'GermanBase'}]

Game  7  Round  13   [MY_MOVE] combat
MCTS ran 133 iterations in 1.0s
Root node visits: 133
Best action visits: 34, value: 0.118
Selected action : combat delegate on GermanStartLeft
	Move units: 2xarmour from GermanBase
	Move units: 5xartillery from GermanStart
	Move units: 2xinfantry from GermanStart
	strength=24
Sending: [{'delegate': 'combat', 'from': 'GermanBase', 'to': 'GermanStartLeft', 'unit': 'armour', 'count': 2}, {'delegate': 'combat', 'from': 'GermanStart', 'to': 'GermanStartLeft', 'unit': 'artillery', 'count': 5}, {'delegate': 'combat', 'from': 'GermanStart', 'to': 'GermanStartLeft', 'unit': 'infantry', 'count': 2}]

Game  7  Round  13   [MY_MOVE] noncombat
Sending: [{'delegate': 'noncombat', 'from': 'GermanStart', 'to': 'GermanBase', 'unit': 'armour'}]

Game  7  Round  14   [MY_MOVE] purchase
Sending: [{'delegate': 'purchase', 'unit': 'infantry', 'from': '', 'to': 'GermanBase'}, {'delegate': 'purchase', 'unit': 'infantry', 'from': '', 'to': 'GermanBase'}, {'delegate': 'purchase', 'unit': 'infantry', 'from': '', 'to': 'GermanBase'}, {'delegate': 'purchase', 'unit': 'artillery', 'from': '', 'to': 'GermanBase'}, {'delegate': 'purchase', 'unit': 'artillery', 'from': '', 'to': 'GermanBase'}]

Game  7  Round  14   [MY_MOVE] combat
MCTS ran 140 iterations in 1.0s
Root node visits: 140
Best action visits: 24, value: 0.147
Selected action : combat delegate on GermanStartLeft
	strength=0
Sending: []

Game  7  Round  14   [MY_MOVE] noncombat
Sending: [{'delegate': 'noncombat', 'from': 'GermanBase', 'to': 'GermanStart', 'unit': 'infantry'}]

Game  7  Round  15   [MY_MOVE] purchase
Sending: [{'delegate': 'purchase', 'unit': 'artillery', 'from': '', 'to': 'GermanBase'}, {'delegate': 'purchase', 'unit': 'artillery', 'from': '', 'to': 'GermanBase'}, {'delegate': 'purchase', 'unit': 'artillery', 'from': '', 'to': 'GermanBase'}, {'delegate': 'purchase', 'unit': 'artillery', 'from': '', 'to': 'GermanBase'}]

Game  7  Round  15   [MY_MOVE] combat
MCTS ran 138 iterations in 1.0s
Root node visits: 138
Best action visits: 23, value: 0.116
Selected action : combat delegate on GermanStartLeft
	Move units: 2xarmour from GermanStart
	Move units: 3xartillery from GermanStart
	Move units: 1xinfantry from GermanStart
	strength=14
Sending: [{'delegate': 'combat', 'from': 'GermanStart', 'to': 'GermanStartLeft', 'unit': 'armour', 'count': 2}, {'delegate': 'combat', 'from': 'GermanStart', 'to': 'GermanStartLeft', 'unit': 'artillery', 'count': 3}, {'delegate': 'combat', 'from': 'GermanStart', 'to': 'GermanStartLeft', 'unit': 'infantry', 'count': 1}]

Game  7  Round  15   [MY_MOVE] noncombat
Sending: [{'delegate': 'noncombat', 'from': 'GermanStart', 'to': 'GermanBase', 'unit': 'artillery'}]

Game  7  Round  16   [MY_MOVE] purchase
Sending: [{'delegate': 'purchase', 'unit': 'armour', 'from': '', 'to': 'GermanBase'}, {'delegate': 'purchase', 'unit': 'armour', 'from': '', 'to': 'GermanBase'}, {'delegate': 'purchase', 'unit': 'armour', 'from': '', 'to': 'GermanBase'}]

Game  7  Round  16   [MY_MOVE] combat
MCTS ran 136 iterations in 1.0s
Root node visits: 136
Best action visits: 23, value: 0.108
Selected action : combat delegate on GermanStartLeft
	Move units: 2xarmour from GermanStart
	Move units: 2xartillery from GermanStart
	strength=10
Sending: [{'delegate': 'combat', 'from': 'GermanStart', 'to': 'GermanStartLeft', 'unit': 'armour', 'count': 2}, {'delegate': 'combat', 'from': 'GermanStart', 'to': 'GermanStartLeft', 'unit': 'artillery', 'count': 2}]

Game  7  Round  16   [MY_MOVE] noncombat
Sending: [{'delegate': 'noncombat', 'from': 'GermanBase', 'to': 'GermanStart', 'unit': 'artillery'}]

Game  7  Round  17   [MY_MOVE] purchase
Sending: [{'delegate': 'purchase', 'unit': 'artillery', 'from': '', 'to': 'GermanBase'}, {'delegate': 'purchase', 'unit': 'armour', 'from': '', 'to': 'GermanBase'}]

Game  7  Round  17   [MY_MOVE] combat
MCTS ran 131 iterations in 1.0s
Root node visits: 131
Best action visits: 22, value: 0.111
Selected action : combat delegate on GermanStart
	Move units: 3xarmour from GermanBase
	Move units: 3xartillery from GermanBase
	strength=15
Sending: [{'delegate': 'combat', 'from': 'GermanBase', 'to': 'GermanStart', 'unit': 'armour', 'count': 3}, {'delegate': 'combat', 'from': 'GermanBase', 'to': 'GermanStart', 'unit': 'artillery', 'count': 3}]

Game  7  Round  17   [MY_MOVE] noncombat
Sending: [{'delegate': 'noncombat', 'from': 'GermanStart', 'to': 'GermanBase', 'unit': 'armour'}]

Game  7  Round  18   [MY_MOVE] purchase
Sending: [{'delegate': 'purchase', 'unit': 'infantry', 'from': '', 'to': 'GermanBase'}, {'delegate': 'purchase', 'unit': 'infantry', 'from': '', 'to': 'GermanBase'}, {'delegate': 'purchase', 'unit': 'infantry', 'from': '', 'to': 'GermanBase'}, {'delegate': 'purchase', 'unit': 'infantry', 'from': '', 'to': 'GermanBase'}, {'delegate': 'purchase', 'unit': 'infantry', 'from': '', 'to': 'GermanBase'}]

Game  7  Round  18   [MY_MOVE] combat
MCTS ran 131 iterations in 1.0s
Root node visits: 131
Best action visits: 15, value: 0.072
Selected action : combat delegate on GermanStepOne
	Move units: 1xarmour from GermanBase
	Move units: 3xarmour from GermanStart
	Move units: 2xartillery from GermanStart
	strength=16
Sending: [{'delegate': 'combat', 'from': 'GermanBase', 'to': 'GermanStepOne', 'unit': 'armour', 'count': 1}, {'delegate': 'combat', 'from': 'GermanStart', 'to': 'GermanStepOne', 'unit': 'armour', 'count': 3}, {'delegate': 'combat', 'from': 'GermanStart', 'to': 'GermanStepOne', 'unit': 'artillery', 'count': 2}]

Game  7  Round  18   [MY_MOVE] noncombat
Sending: [{'delegate': 'noncombat', 'from': 'GermanStepOne', 'to': 'GermanStart', 'unit': 'armour'}]

Game  7  Round  19   [MY_MOVE] purchase
Sending: [{'delegate': 'purchase', 'unit': 'artillery', 'from': '', 'to': 'GermanBase'}, {'delegate': 'purchase', 'unit': 'artillery', 'from': '', 'to': 'GermanBase'}]

Game  7  Round  19   [MY_MOVE] combat
MCTS ran 132 iterations in 1.0s
Root node visits: 132
Best action visits: 27, value: 0.070
Selected action : combat delegate on GermanStart
	Move units: 5xartillery from GermanBase
	strength=10
Sending: [{'delegate': 'combat', 'from': 'GermanBase', 'to': 'GermanStart', 'unit': 'artillery', 'count': 5}]

Game  7  Round  19   [MY_MOVE] noncombat
Sending: [{'delegate': 'noncombat', 'from': 'GermanBase', 'to': 'GermanStart', 'unit': 'artillery'}]

Game  7  Round  20   [MY_MOVE] purchase
Sending: [{'delegate': 'purchase', 'unit': 'armour', 'from': '', 'to': 'GermanBase'}, {'delegate': 'purchase', 'unit': 'armour', 'from': '', 'to': 'GermanBase'}, {'delegate': 'purchase', 'unit': 'armour', 'from': '', 'to': 'GermanBase'}, {'delegate': 'purchase', 'unit': 'armour', 'from': '', 'to': 'GermanBase'}]

Game  7  Round  20   [MY_MOVE] combat
MCTS ran 142 iterations in 1.0s
Root node visits: 142
Best action visits: 24, value: 0.023
Selected action : combat delegate on GermanStartRight
	Move units: 1xartillery from GermanStart
	strength=10
Sending: [{'delegate': 'combat', 'from': 'GermanStart', 'to': 'GermanStartRight', 'unit': 'artillery', 'count': 1}]

Game  7  Round  20   [MY_MOVE] noncombat
Sending: [{'delegate': 'noncombat', 'from': 'GermanBase', 'to': 'GermanStart', 'unit': 'artillery'}]

Game  7  Round  21   [MY_MOVE] purchase
Sending: [{'delegate': 'purchase', 'unit': 'infantry', 'from': '', 'to': 'GermanBase'}, {'delegate': 'purchase', 'unit': 'artillery', 'from': '', 'to': 'GermanBase'}, {'delegate': 'purchase', 'unit': 'artillery', 'from': '', 'to': 'GermanBase'}, {'delegate': 'purchase', 'unit': 'artillery', 'from': '', 'to': 'GermanBase'}, {'delegate': 'purchase', 'unit': 'armour', 'from': '', 'to': 'GermanBase'}]

Game  7  Round  21   [MY_MOVE] combat
MCTS ran 138 iterations in 1.0s
Root node visits: 138
Best action visits: 23, value: 0.000
Selected action : combat delegate on GermanStartLeft
	Move units: 4xarmour from GermanBase
	Move units: 5xartillery from GermanStart
	strength=22
Sending: [{'delegate': 'combat', 'from': 'GermanBase', 'to': 'GermanStartLeft', 'unit': 'armour', 'count': 4}, {'delegate': 'combat', 'from': 'GermanStart', 'to': 'GermanStartLeft', 'unit': 'artillery', 'count': 5}]

Game  7  Round  21   [MY_MOVE] noncombat
Sending: [{'delegate': 'noncombat', 'from': 'GermanBase', 'to': 'GermanStart', 'unit': 'artillery'}]

Game  7  Round  22   [MY_MOVE] purchase
Sending: [{'delegate': 'purchase', 'unit': 'infantry', 'from': '', 'to': 'GermanBase'}, {'delegate': 'purchase', 'unit': 'armour', 'from': '', 'to': 'GermanBase'}, {'delegate': 'purchase', 'unit': 'armour', 'from': '', 'to': 'GermanBase'}]

Game  7  Round  22   [MY_MOVE] combat
MCTS ran 137 iterations in 1.0s
Root node visits: 137
Best action visits: 20, value: 0.008
Selected action : combat delegate on GermanStart
	Move units: 1xarmour from GermanBase
	Move units: 6xartillery from GermanBase
	strength=15
Sending: [{'delegate': 'combat', 'from': 'GermanBase', 'to': 'GermanStart', 'unit': 'armour', 'count': 1}, {'delegate': 'combat', 'from': 'GermanBase', 'to': 'GermanStart', 'unit': 'artillery', 'count': 6}]

Game  7  Round  22   [MY_MOVE] noncombat
Sending: [{'delegate': 'noncombat', 'from': 'GermanStart', 'to': 'GermanBase', 'unit': 'armour'}]

Game  7  Round  23   [MY_MOVE] purchase
Sending: [{'delegate': 'purchase', 'unit': 'artillery', 'from': '', 'to': 'GermanBase'}, {'delegate': 'purchase', 'unit': 'artillery', 'from': '', 'to': 'GermanBase'}, {'delegate': 'purchase', 'unit': 'armour', 'from': '', 'to': 'GermanBase'}]

Game  7  Round  23   [MY_MOVE] combat
MCTS ran 139 iterations in 1.0s
Root node visits: 139
Best action visits: 21, value: 0.052
Selected action : combat delegate on GermanStart
	Move units: 2xarmour from GermanBase
	Move units: 6xartillery from GermanBase
	Move units: 9xinfantry from GermanBase
	strength=153
Sending: [{'delegate': 'combat', 'from': 'GermanBase', 'to': 'GermanStart', 'unit': 'armour', 'count': 2}, {'delegate': 'combat', 'from': 'GermanBase', 'to': 'GermanStart', 'unit': 'artillery', 'count': 6}, {'delegate': 'combat', 'from': 'GermanBase', 'to': 'GermanStart', 'unit': 'infantry', 'count': 9}]

Game  7  Round  23   [MY_MOVE] noncombat
Sending: []
Graph reset complete.
Starting next game in 5s.
WHOAMI updated: Italians

Game  8  Round  1   [MY_MOVE] purchase
Sending: [{'delegate': 'purchase', 'unit': 'infantry', 'from': '', 'to': 'ItalianBase'}, {'delegate': 'purchase', 'unit': 'infantry', 'from': '', 'to': 'ItalianBase'}, {'delegate': 'purchase', 'unit': 'infantry', 'from': '', 'to': 'ItalianBase'}]

Game  8  Round  1   [MY_MOVE] combat
MCTS ran 231 iterations in 1.0s
Root node visits: 231
Best action visits: 78, value: -0.064
Selected action : combat delegate on ItalianStartLeft
	Move units: 1xinfantry from ItalianStart
	strength=2
Sending: [{'delegate': 'combat', 'from': 'ItalianStart', 'to': 'ItalianStartLeft', 'unit': 'infantry', 'count': 1}]

Game  8  Round  1   [MY_MOVE] noncombat
Sending: [{'delegate': 'noncombat', 'from': 'ItalianStart', 'to': 'ItalianStartLeft', 'unit': 'infantry'}]

Game  8  Round  2   [MY_MOVE] purchase
Sending: [{'delegate': 'purchase', 'unit': 'infantry', 'from': '', 'to': 'ItalianBase'}, {'delegate': 'purchase', 'unit': 'infantry', 'from': '', 'to': 'ItalianBase'}, {'delegate': 'purchase', 'unit': 'artillery', 'from': '', 'to': 'ItalianBase'}, {'delegate': 'purchase', 'unit': 'artillery', 'from': '', 'to': 'ItalianBase'}, {'delegate': 'purchase', 'unit': 'artillery', 'from': '', 'to': 'ItalianBase'}]

Game  8  Round  2   [MY_MOVE] combat
MCTS ran 177 iterations in 1.0s
Root node visits: 177
Best action visits: 60, value: 0.001
Selected action : combat delegate on ItalianStepOne
	Move units: 1xarmour from ItalianBase
	strength=3
Sending: [{'delegate': 'combat', 'from': 'ItalianBase', 'to': 'ItalianStepOne', 'unit': 'armour', 'count': 1}]

Game  8  Round  2   [MY_MOVE] noncombat
Sending: [{'delegate': 'noncombat', 'from': 'ItalianStepOne', 'to': 'ItalianBase', 'unit': 'armour'}]

Game  8  Round  3   [MY_MOVE] purchase
Sending: [{'delegate': 'purchase', 'unit': 'artillery', 'from': '', 'to': 'ItalianBase'}, {'delegate': 'purchase', 'unit': 'armour', 'from': '', 'to': 'ItalianBase'}, {'delegate': 'purchase', 'unit': 'armour', 'from': '', 'to': 'ItalianBase'}]

Game  8  Round  3   [MY_MOVE] combat
MCTS ran 160 iterations in 1.0s
Root node visits: 160
Best action visits: 42, value: 0.134
Selected action : combat delegate on ItalianStepTwo
	Move units: 1xarmour from ItalianStepOne
	strength=3
Sending: [{'delegate': 'combat', 'from': 'ItalianStepOne', 'to': 'ItalianStepTwo', 'unit': 'armour', 'count': 1}]

Game  8  Round  3   [MY_MOVE] noncombat
Sending: [{'delegate': 'noncombat', 'from': 'ItalianStepTwo', 'to': 'ItalianStart', 'unit': 'armour'}]

Game  8  Round  4   [MY_MOVE] purchase
Sending: [{'delegate': 'purchase', 'unit': 'infantry', 'from': '', 'to': 'ItalianBase'}, {'delegate': 'purchase', 'unit': 'infantry', 'from': '', 'to': 'ItalianBase'}, {'delegate': 'purchase', 'unit': 'infantry', 'from': '', 'to': 'ItalianBase'}, {'delegate': 'purchase', 'unit': 'armour', 'from': '', 'to': 'ItalianBase'}]

Game  8  Round  4   [MY_MOVE] combat
MCTS ran 153 iterations in 1.0s
Root node visits: 153
Best action visits: 26, value: 0.272
Selected action : combat delegate on ItalianStartRight
	Move units: 1xarmour from ItalianBase
	strength=6
Sending: [{'delegate': 'combat', 'from': 'ItalianBase', 'to': 'ItalianStartRight', 'unit': 'armour', 'count': 1}]

Game  8  Round  4   [MY_MOVE] noncombat
Sending: [{'delegate': 'noncombat', 'from': 'ItalianBase', 'to': 'ItalianStartLeft', 'unit': 'armour'}]

Game  8  Round  5   [MY_MOVE] purchase
Sending: [{'delegate': 'purchase', 'unit': 'infantry', 'from': '', 'to': 'ItalianBase'}, {'delegate': 'purchase', 'unit': 'infantry', 'from': '', 'to': 'ItalianBase'}, {'delegate': 'purchase', 'unit': 'infantry', 'from': '', 'to': 'ItalianBase'}, {'delegate': 'purchase', 'unit': 'infantry', 'from': '', 'to': 'ItalianBase'}, {'delegate': 'purchase', 'unit': 'infantry', 'from': '', 'to': 'ItalianBase'}, {'delegate': 'purchase', 'unit': 'infantry', 'from': '', 'to': 'ItalianBase'}, {'delegate': 'purchase', 'unit': 'artillery', 'from': '', 'to': 'ItalianBase'}, {'delegate': 'purchase', 'unit': 'artillery', 'from': '', 'to': 'ItalianBase'}]

Game  8  Round  5   [MY_MOVE] combat
MCTS ran 151 iterations in 1.0s
Root node visits: 151
Best action visits: 19, value: 0.238
Selected action : combat delegate on ItalianStartRight
	Move units: 1xarmour from ItalianBase
	Move units: 1xarmour from ItalianStartLeft
	strength=6
Sending: [{'delegate': 'combat', 'from': 'ItalianBase', 'to': 'ItalianStartRight', 'unit': 'armour', 'count': 1}, {'delegate': 'combat', 'from': 'ItalianStartLeft', 'to': 'ItalianStartRight', 'unit': 'armour', 'count': 1}]

Game  8  Round  5   [MY_MOVE] noncombat
Sending: [{'delegate': 'noncombat', 'from': 'ItalianStepTwo', 'to': 'ItalianStepOne', 'unit': 'armour'}]

Game  8  Round  6   [MY_MOVE] purchase
Sending: [{'delegate': 'purchase', 'unit': 'infantry', 'from': '', 'to': 'ItalianBase'}, {'delegate': 'purchase', 'unit': 'infantry', 'from': '', 'to': 'ItalianBase'}, {'delegate': 'purchase', 'unit': 'infantry', 'from': '', 'to': 'ItalianBase'}, {'delegate': 'purchase', 'unit': 'infantry', 'from': '', 'to': 'ItalianBase'}, {'delegate': 'purchase', 'unit': 'armour', 'from': '', 'to': 'ItalianBase'}, {'delegate': 'purchase', 'unit': 'armour', 'from': '', 'to': 'ItalianBase'}]

Game  8  Round  6   [MY_MOVE] combat
MCTS ran 148 iterations in 1.0s
Root node visits: 148
Best action visits: 25, value: 0.265
Selected action : combat delegate on TopBar
	Move units: 1xarmour from ItalianStartRight
	strength=6
Sending: [{'delegate': 'combat', 'from': 'ItalianStartRight', 'to': 'TopBar', 'unit': 'armour', 'count': 1}]

Game  8  Round  6   [MY_MOVE] noncombat
Sending: [{'delegate': 'noncombat', 'from': 'ItalianBase', 'to': 'ItalianStart', 'unit': 'artillery'}]

Game  8  Round  7   [MY_MOVE] purchase
Sending: [{'delegate': 'purchase', 'unit': 'infantry', 'from': '', 'to': 'ItalianBase'}, {'delegate': 'purchase', 'unit': 'artillery', 'from': '', 'to': 'ItalianBase'}, {'delegate': 'purchase', 'unit': 'armour', 'from': '', 'to': 'ItalianBase'}]

Game  8  Round  7   [MY_MOVE] combat
MCTS ran 139 iterations in 1.0s
Root node visits: 139
Best action visits: 24, value: 0.266
Selected action : combat delegate on RussianStartLeft
	Move units: 1xarmour from TopBar
	Move units: 1xarmour from ItalianStartRight
	strength=6
Sending: [{'delegate': 'combat', 'from': 'TopBar', 'to': 'RussianStartLeft', 'unit': 'armour', 'count': 1}, {'delegate': 'combat', 'from': 'ItalianStartRight', 'to': 'RussianStartLeft', 'unit': 'armour', 'count': 1}]

Game  8  Round  7   [MY_MOVE] noncombat
Sending: [{'delegate': 'noncombat', 'from': 'ItalianStepOne', 'to': 'ItalianStartLeft', 'unit': 'armour'}]

Game  8  Round  8   [MY_MOVE] purchase
Sending: [{'delegate': 'purchase', 'unit': 'infantry', 'from': '', 'to': 'ItalianBase'}, {'delegate': 'purchase', 'unit': 'artillery', 'from': '', 'to': 'ItalianBase'}, {'delegate': 'purchase', 'unit': 'artillery', 'from': '', 'to': 'ItalianBase'}, {'delegate': 'purchase', 'unit': 'armour', 'from': '', 'to': 'ItalianBase'}, {'delegate': 'purchase', 'unit': 'armour', 'from': '', 'to': 'ItalianBase'}, {'delegate': 'purchase', 'unit': 'armour', 'from': '', 'to': 'ItalianBase'}, {'delegate': 'purchase', 'unit': 'armour', 'from': '', 'to': 'ItalianBase'}]

Game  8  Round  8   [MY_MOVE] combat
MCTS ran 136 iterations in 1.0s
Root node visits: 136
Best action visits: 23, value: 0.248
Selected action : combat delegate on ItalianStartRight
	Move units: 3xarmour from ItalianBase
	Move units: 1xarmour from ItalianStartLeft
	Move units: 1xartillery from ItalianStart
	strength=14
Sending: [{'delegate': 'combat', 'from': 'ItalianBase', 'to': 'ItalianStartRight', 'unit': 'armour', 'count': 3}, {'delegate': 'combat', 'from': 'ItalianStartLeft', 'to': 'ItalianStartRight', 'unit': 'armour', 'count': 1}, {'delegate': 'combat', 'from': 'ItalianStart', 'to': 'ItalianStartRight', 'unit': 'artillery', 'count': 1}]

Game  8  Round  8   [MY_MOVE] noncombat
Sending: [{'delegate': 'noncombat', 'from': 'ItalianBase', 'to': 'ItalianStart', 'unit': 'infantry'}]

Game  8  Round  9   [MY_MOVE] purchase
Sending: [{'delegate': 'purchase', 'unit': 'infantry', 'from': '', 'to': 'ItalianBase'}, {'delegate': 'purchase', 'unit': 'artillery', 'from': '', 'to': 'ItalianBase'}, {'delegate': 'purchase', 'unit': 'artillery', 'from': '', 'to': 'ItalianBase'}]

Game  8  Round  9   [MY_MOVE] combat
MCTS ran 136 iterations in 1.0s
Root node visits: 136
Best action visits: 20, value: 0.242
Selected action : combat delegate on ItalianStart
	Move units: 3xarmour from ItalianBase
	strength=9
Sending: [{'delegate': 'combat', 'from': 'ItalianBase', 'to': 'ItalianStart', 'unit': 'armour', 'count': 3}]

Game  8  Round  9   [MY_MOVE] noncombat
Sending: [{'delegate': 'noncombat', 'from': 'ItalianStartLeft', 'to': 'ItalianStart', 'unit': 'infantry'}]

Game  8  Round  10   [MY_MOVE] purchase
Sending: [{'delegate': 'purchase', 'unit': 'infantry', 'from': '', 'to': 'ItalianBase'}, {'delegate': 'purchase', 'unit': 'infantry', 'from': '', 'to': 'ItalianBase'}, {'delegate': 'purchase', 'unit': 'armour', 'from': '', 'to': 'ItalianBase'}, {'delegate': 'purchase', 'unit': 'armour', 'from': '', 'to': 'ItalianBase'}, {'delegate': 'purchase', 'unit': 'armour', 'from': '', 'to': 'ItalianBase'}]

Game  8  Round  10   [MY_MOVE] combat
MCTS ran 144 iterations in 1.0s
Root node visits: 144
Best action visits: 38, value: 0.157
Selected action : combat delegate on RightBar
	strength=0
Sending: []

Game  8  Round  10   [MY_MOVE] noncombat
Sending: [{'delegate': 'noncombat', 'from': 'ItalianBase', 'to': 'ItalianStart', 'unit': 'armour'}]

Game  8  Round  11   [MY_MOVE] purchase
Sending: [{'delegate': 'purchase', 'unit': 'infantry', 'from': '', 'to': 'ItalianBase'}]

Game  8  Round  11   [MY_MOVE] combat
MCTS ran 137 iterations in 1.0s
Root node visits: 137
Best action visits: 35, value: 0.175
Selected action : combat delegate on RightBar
	strength=0
Sending: []

Game  8  Round  11   [MY_MOVE] noncombat
Sending: [{'delegate': 'noncombat', 'from': 'ItalianStart', 'to': 'ItalianStartLeft', 'unit': 'armour'}]

Game  8  Round  12   [MY_MOVE] purchase
Sending: [{'delegate': 'purchase', 'unit': 'infantry', 'from': '', 'to': 'ItalianBase'}, {'delegate': 'purchase', 'unit': 'armour', 'from': '', 'to': 'ItalianBase'}, {'delegate': 'purchase', 'unit': 'armour', 'from': '', 'to': 'ItalianBase'}, {'delegate': 'purchase', 'unit': 'armour', 'from': '', 'to': 'ItalianBase'}, {'delegate': 'purchase', 'unit': 'armour', 'from': '', 'to': 'ItalianBase'}]

Game  8  Round  12   [MY_MOVE] combat
MCTS ran 142 iterations in 1.0s
Root node visits: 142
Best action visits: 24, value: 0.247
Selected action : combat delegate on RightBar
	Move units: 1xarmour from ItalianStart
	strength=6
Sending: [{'delegate': 'combat', 'from': 'ItalianStart', 'to': 'RightBar', 'unit': 'armour', 'count': 1}]

Game  8  Round  12   [MY_MOVE] noncombat
Sending: [{'delegate': 'noncombat', 'from': 'ItalianStartLeft', 'to': 'RightBar', 'unit': 'armour'}]

Game  8  Round  13   [MY_MOVE] purchase
Sending: [{'delegate': 'purchase', 'unit': 'infantry', 'from': '', 'to': 'ItalianBase'}, {'delegate': 'purchase', 'unit': 'infantry', 'from': '', 'to': 'ItalianBase'}, {'delegate': 'purchase', 'unit': 'infantry', 'from': '', 'to': 'ItalianBase'}, {'delegate': 'purchase', 'unit': 'infantry', 'from': '', 'to': 'ItalianBase'}, {'delegate': 'purchase', 'unit': 'infantry', 'from': '', 'to': 'ItalianBase'}, {'delegate': 'purchase', 'unit': 'artillery', 'from': '', 'to': 'ItalianBase'}, {'delegate': 'purchase', 'unit': 'artillery', 'from': '', 'to': 'ItalianBase'}, {'delegate': 'purchase', 'unit': 'artillery', 'from': '', 'to': 'ItalianBase'}]

Game  8  Round  13   [MY_MOVE] combat
MCTS ran 135 iterations in 1.0s
Root node visits: 135
Best action visits: 23, value: 0.251
Selected action : combat delegate on ItalianStartRight
	Move units: 2xarmour from ItalianBase
	strength=6
Sending: [{'delegate': 'combat', 'from': 'ItalianBase', 'to': 'ItalianStartRight', 'unit': 'armour', 'count': 2}]

Game  8  Round  13   [MY_MOVE] noncombat
Sending: [{'delegate': 'noncombat', 'from': 'ItalianStart', 'to': 'ItalianStartRight', 'unit': 'armour'}]

Game  8  Round  14   [MY_MOVE] purchase
Sending: [{'delegate': 'purchase', 'unit': 'infantry', 'from': '', 'to': 'ItalianBase'}, {'delegate': 'purchase', 'unit': 'infantry', 'from': '', 'to': 'ItalianBase'}, {'delegate': 'purchase', 'unit': 'artillery', 'from': '', 'to': 'ItalianBase'}]

Game  8  Round  14   [MY_MOVE] combat
MCTS ran 150 iterations in 1.0s
Root node visits: 150
Best action visits: 39, value: 0.146
Selected action : combat delegate on ItalianStartLeft
	strength=0
Sending: []

Game  8  Round  14   [MY_MOVE] noncombat
Sending: [{'delegate': 'noncombat', 'from': 'ItalianBase', 'to': 'ItalianStart', 'unit': 'infantry'}]

Game  8  Round  15   [MY_MOVE] purchase
Sending: [{'delegate': 'purchase', 'unit': 'infantry', 'from': '', 'to': 'ItalianBase'}, {'delegate': 'purchase', 'unit': 'infantry', 'from': '', 'to': 'ItalianBase'}, {'delegate': 'purchase', 'unit': 'armour', 'from': '', 'to': 'ItalianBase'}]

Game  8  Round  15   [MY_MOVE] combat
MCTS ran 138 iterations in 1.0s
Root node visits: 138
Best action visits: 18, value: 0.247
Selected action : combat delegate on ItalianStartLeft
	Move units: 2xarmour from ItalianBase
	strength=6
Sending: [{'delegate': 'combat', 'from': 'ItalianBase', 'to': 'ItalianStartLeft', 'unit': 'armour', 'count': 2}]

Game  8  Round  15   [MY_MOVE] noncombat
Sending: [{'delegate': 'noncombat', 'from': 'ItalianStartLeft', 'to': 'ItalianStart', 'unit': 'armour'}]

Game  8  Round  16   [MY_MOVE] purchase
Sending: [{'delegate': 'purchase', 'unit': 'infantry', 'from': '', 'to': 'ItalianBase'}, {'delegate': 'purchase', 'unit': 'artillery', 'from': '', 'to': 'ItalianBase'}, {'delegate': 'purchase', 'unit': 'artillery', 'from': '', 'to': 'ItalianBase'}, {'delegate': 'purchase', 'unit': 'artillery', 'from': '', 'to': 'ItalianBase'}, {'delegate': 'purchase', 'unit': 'artillery', 'from': '', 'to': 'ItalianBase'}, {'delegate': 'purchase', 'unit': 'armour', 'from': '', 'to': 'ItalianBase'}, {'delegate': 'purchase', 'unit': 'armour', 'from': '', 'to': 'ItalianBase'}]

Game  8  Round  16   [MY_MOVE] combat
MCTS ran 144 iterations in 1.0s
Root node visits: 144
Best action visits: 37, value: 0.165
Selected action : combat delegate on ItalianStartLeft
	strength=0
Sending: []

Game  8  Round  16   [MY_MOVE] noncombat
Sending: [{'delegate': 'noncombat', 'from': 'ItalianBase', 'to': 'ItalianStepOne', 'unit': 'armour'}]

Game  8  Round  17   [MY_MOVE] purchase
Sending: [{'delegate': 'purchase', 'unit': 'infantry', 'from': '', 'to': 'ItalianBase'}, {'delegate': 'purchase', 'unit': 'infantry', 'from': '', 'to': 'ItalianBase'}]

Game  8  Round  17   [MY_MOVE] combat
MCTS ran 133 iterations in 1.0s
Root node visits: 133
Best action visits: 17, value: 0.246
Selected action : combat delegate on ItalianStartRight
	Move units: 3xarmour from ItalianBase
	strength=9
Sending: [{'delegate': 'combat', 'from': 'ItalianBase', 'to': 'ItalianStartRight', 'unit': 'armour', 'count': 3}]

Game  8  Round  17   [MY_MOVE] noncombat
Sending: [{'delegate': 'noncombat', 'from': 'ItalianStepOne', 'to': 'ItalianStepTwo', 'unit': 'armour'}]

Game  8  Round  18   [MY_MOVE] purchase
Sending: [{'delegate': 'purchase', 'unit': 'infantry', 'from': '', 'to': 'ItalianBase'}, {'delegate': 'purchase', 'unit': 'infantry', 'from': '', 'to': 'ItalianBase'}, {'delegate': 'purchase', 'unit': 'infantry', 'from': '', 'to': 'ItalianBase'}, {'delegate': 'purchase', 'unit': 'armour', 'from': '', 'to': 'ItalianBase'}, {'delegate': 'purchase', 'unit': 'armour', 'from': '', 'to': 'ItalianBase'}, {'delegate': 'purchase', 'unit': 'armour', 'from': '', 'to': 'ItalianBase'}]

Game  8  Round  18   [MY_MOVE] combat
MCTS ran 135 iterations in 1.0s
Root node visits: 135
Best action visits: 12, value: 0.236
Selected action : combat delegate on ItalianStartLeft
	Move units: 2xarmour from ItalianBase
	Move units: 2xinfantry from ItalianStart
	strength=10
Sending: [{'delegate': 'combat', 'from': 'ItalianBase', 'to': 'ItalianStartLeft', 'unit': 'armour', 'count': 2}, {'delegate': 'combat', 'from': 'ItalianStart', 'to': 'ItalianStartLeft', 'unit': 'infantry', 'count': 2}]

Game  8  Round  18   [MY_MOVE] noncombat
Sending: [{'delegate': 'noncombat', 'from': 'ItalianStepTwo', 'to': 'ItalianStart', 'unit': 'armour'}]

Game  8  Round  19   [MY_MOVE] purchase
Sending: [{'delegate': 'purchase', 'unit': 'infantry', 'from': '', 'to': 'ItalianBase'}, {'delegate': 'purchase', 'unit': 'infantry', 'from': '', 'to': 'ItalianBase'}, {'delegate': 'purchase', 'unit': 'artillery', 'from': '', 'to': 'ItalianBase'}, {'delegate': 'purchase', 'unit': 'artillery', 'from': '', 'to': 'ItalianBase'}, {'delegate': 'purchase', 'unit': 'artillery', 'from': '', 'to': 'ItalianBase'}, {'delegate': 'purchase', 'unit': 'artillery', 'from': '', 'to': 'ItalianBase'}, {'delegate': 'purchase', 'unit': 'artillery', 'from': '', 'to': 'ItalianBase'}, {'delegate': 'purchase', 'unit': 'artillery', 'from': '', 'to': 'ItalianBase'}]

Game  8  Round  19   [MY_MOVE] combat
MCTS ran 135 iterations in 1.0s
Root node visits: 135
Best action visits: 20, value: 0.233
Selected action : combat delegate on ItalianStart
	Move units: 3xarmour from ItalianBase
	Move units: 3xartillery from ItalianBase
	strength=15
Sending: [{'delegate': 'combat', 'from': 'ItalianBase', 'to': 'ItalianStart', 'unit': 'armour', 'count': 3}, {'delegate': 'combat', 'from': 'ItalianBase', 'to': 'ItalianStart', 'unit': 'artillery', 'count': 3}]

Game  8  Round  19   [MY_MOVE] noncombat
Sending: [{'delegate': 'noncombat', 'from': 'ItalianStart', 'to': 'ItalianBase', 'unit': 'artillery'}]

Game  8  Round  20   [MY_MOVE] purchase
Sending: [{'delegate': 'purchase', 'unit': 'artillery', 'from': '', 'to': 'ItalianBase'}, {'delegate': 'purchase', 'unit': 'armour', 'from': '', 'to': 'ItalianBase'}, {'delegate': 'purchase', 'unit': 'armour', 'from': '', 'to': 'ItalianBase'}]

Game  8  Round  20   [MY_MOVE] combat
MCTS ran 139 iterations in 1.0s
Root node visits: 139
Best action visits: 36, value: 0.185
Selected action : combat delegate on ItalianStartLeft
	strength=0
Sending: []

Game  8  Round  20   [MY_MOVE] noncombat
Sending: [{'delegate': 'noncombat', 'from': 'ItalianStart', 'to': 'ItalianBase', 'unit': 'armour'}]

Game  8  Round  21   [MY_MOVE] purchase
Sending: [{'delegate': 'purchase', 'unit': 'infantry', 'from': '', 'to': 'ItalianBase'}, {'delegate': 'purchase', 'unit': 'infantry', 'from': '', 'to': 'ItalianBase'}]

Game  8  Round  21   [MY_MOVE] combat
MCTS ran 137 iterations in 1.0s
Root node visits: 137
Best action visits: 37, value: 0.218
Selected action : combat delegate on ItalianStartRight
	strength=0
Sending: []

Game  8  Round  21   [MY_MOVE] noncombat
Sending: [{'delegate': 'noncombat', 'from': 'ItalianBase', 'to': 'ItalianStart', 'unit': 'armour'}]

Game  8  Round  22   [MY_MOVE] purchase
Sending: [{'delegate': 'purchase', 'unit': 'infantry', 'from': '', 'to': 'ItalianBase'}, {'delegate': 'purchase', 'unit': 'infantry', 'from': '', 'to': 'ItalianBase'}, {'delegate': 'purchase', 'unit': 'infantry', 'from': '', 'to': 'ItalianBase'}, {'delegate': 'purchase', 'unit': 'infantry', 'from': '', 'to': 'ItalianBase'}, {'delegate': 'purchase', 'unit': 'infantry', 'from': '', 'to': 'ItalianBase'}, {'delegate': 'purchase', 'unit': 'artillery', 'from': '', 'to': 'ItalianBase'}, {'delegate': 'purchase', 'unit': 'artillery', 'from': '', 'to': 'ItalianBase'}, {'delegate': 'purchase', 'unit': 'artillery', 'from': '', 'to': 'ItalianBase'}]

Game  8  Round  22   [MY_MOVE] combat
MCTS ran 135 iterations in 1.0s
Root node visits: 135
Best action visits: 23, value: 0.266
Selected action : combat delegate on ItalianStartRight
	Move units: 2xarmour from ItalianBase
	Move units: 1xarmour from ItalianStart
	strength=9
Sending: [{'delegate': 'combat', 'from': 'ItalianBase', 'to': 'ItalianStartRight', 'unit': 'armour', 'count': 2}, {'delegate': 'combat', 'from': 'ItalianStart', 'to': 'ItalianStartRight', 'unit': 'armour', 'count': 1}]

Game  8  Round  22   [MY_MOVE] noncombat
Sending: [{'delegate': 'noncombat', 'from': 'ItalianStart', 'to': 'ItalianStepOne', 'unit': 'artillery'}]

Game  8  Round  23   [MY_MOVE] purchase
Sending: [{'delegate': 'purchase', 'unit': 'infantry', 'from': '', 'to': 'ItalianBase'}, {'delegate': 'purchase', 'unit': 'infantry', 'from': '', 'to': 'ItalianBase'}, {'delegate': 'purchase', 'unit': 'infantry', 'from': '', 'to': 'ItalianBase'}, {'delegate': 'purchase', 'unit': 'armour', 'from': '', 'to': 'ItalianBase'}]

Game  8  Round  23   [MY_MOVE] combat
MCTS ran 134 iterations in 1.0s
Root node visits: 134
Best action visits: 23, value: 0.277
Selected action : combat delegate on ItalianStart
	Move units: 7xartillery from ItalianBase
	strength=14
Sending: [{'delegate': 'combat', 'from': 'ItalianBase', 'to': 'ItalianStart', 'unit': 'artillery', 'count': 7}]

Game  8  Round  23   [MY_MOVE] noncombat
Sending: [{'delegate': 'noncombat', 'from': 'ItalianStepOne', 'to': 'ItalianStart', 'unit': 'artillery'}]

Game  8  Round  24   [MY_MOVE] purchase
Sending: [{'delegate': 'purchase', 'unit': 'infantry', 'from': '', 'to': 'ItalianBase'}, {'delegate': 'purchase', 'unit': 'artillery', 'from': '', 'to': 'ItalianBase'}, {'delegate': 'purchase', 'unit': 'artillery', 'from': '', 'to': 'ItalianBase'}, {'delegate': 'purchase', 'unit': 'artillery', 'from': '', 'to': 'ItalianBase'}, {'delegate': 'purchase', 'unit': 'artillery', 'from': '', 'to': 'ItalianBase'}, {'delegate': 'purchase', 'unit': 'artillery', 'from': '', 'to': 'ItalianBase'}]

Game  8  Round  24   [MY_MOVE] combat
MCTS ran 137 iterations in 1.0s
Root node visits: 137
Best action visits: 14, value: 0.245
Selected action : combat delegate on ItalianStartLeft
	Move units: 1xarmour from ItalianBase
	Move units: 3xartillery from ItalianStart
	strength=9
Sending: [{'delegate': 'combat', 'from': 'ItalianBase', 'to': 'ItalianStartLeft', 'unit': 'armour', 'count': 1}, {'delegate': 'combat', 'from': 'ItalianStart', 'to': 'ItalianStartLeft', 'unit': 'artillery', 'count': 3}]

Game  8  Round  24   [MY_MOVE] noncombat
Sending: [{'delegate': 'noncombat', 'from': 'ItalianStartLeft', 'to': 'ItalianStepOne', 'unit': 'armour'}]

Game  8  Round  25   [MY_MOVE] purchase
Sending: [{'delegate': 'purchase', 'unit': 'artillery', 'from': '', 'to': 'ItalianBase'}, {'delegate': 'purchase', 'unit': 'artillery', 'from': '', 'to': 'ItalianBase'}, {'delegate': 'purchase', 'unit': 'armour', 'from': '', 'to': 'ItalianBase'}, {'delegate': 'purchase', 'unit': 'armour', 'from': '', 'to': 'ItalianBase'}]

Game  8  Round  25   [MY_MOVE] combat
MCTS ran 136 iterations in 1.0s
Root node visits: 136
Best action visits: 35, value: 0.177
Selected action : combat delegate on ItalianStartLeft
	strength=0
Sending: []

Game  8  Round  25   [MY_MOVE] noncombat
Sending: [{'delegate': 'noncombat', 'from': 'ItalianStart', 'to': 'ItalianBase', 'unit': 'artillery'}]

Game  8  Round  26   [MY_MOVE] purchase
Sending: [{'delegate': 'purchase', 'unit': 'infantry', 'from': '', 'to': 'ItalianBase'}]

Game  8  Round  26   [MY_MOVE] combat
MCTS ran 141 iterations in 1.0s
Root node visits: 141
Best action visits: 21, value: 0.262
Selected action : combat delegate on ItalianStartRight
	strength=0
Sending: []

Game  8  Round  26   [MY_MOVE] noncombat
Sending: [{'delegate': 'noncombat', 'from': 'ItalianStart', 'to': 'ItalianStepOne', 'unit': 'artillery'}]

Game  8  Round  27   [MY_MOVE] purchase
Sending: [{'delegate': 'purchase', 'unit': 'infantry', 'from': '', 'to': 'ItalianBase'}, {'delegate': 'purchase', 'unit': 'artillery', 'from': '', 'to': 'ItalianBase'}, {'delegate': 'purchase', 'unit': 'artillery', 'from': '', 'to': 'ItalianBase'}]

Game  8  Round  27   [MY_MOVE] combat
MCTS ran 138 iterations in 1.0s
Root node visits: 138
Best action visits: 37, value: 0.212
Selected action : combat delegate on ItalianStartLeft
	strength=0
Sending: []

Game  8  Round  27   [MY_MOVE] noncombat
Sending: [{'delegate': 'noncombat', 'from': 'ItalianBase', 'to': 'ItalianStart', 'unit': 'artillery'}]

Game  8  Round  28   [MY_MOVE] purchase
Sending: [{'delegate': 'purchase', 'unit': 'infantry', 'from': '', 'to': 'ItalianBase'}, {'delegate': 'purchase', 'unit': 'infantry', 'from': '', 'to': 'ItalianBase'}, {'delegate': 'purchase', 'unit': 'infantry', 'from': '', 'to': 'ItalianBase'}, {'delegate': 'purchase', 'unit': 'infantry', 'from': '', 'to': 'ItalianBase'}, {'delegate': 'purchase', 'unit': 'infantry', 'from': '', 'to': 'ItalianBase'}, {'delegate': 'purchase', 'unit': 'infantry', 'from': '', 'to': 'ItalianBase'}, {'delegate': 'purchase', 'unit': 'infantry', 'from': '', 'to': 'ItalianBase'}, {'delegate': 'purchase', 'unit': 'armour', 'from': '', 'to': 'ItalianBase'}, {'delegate': 'purchase', 'unit': 'armour', 'from': '', 'to': 'ItalianBase'}]

Game  8  Round  28   [MY_MOVE] combat
MCTS ran 139 iterations in 1.0s
Root node visits: 139
Best action visits: 20, value: 0.256
Selected action : combat delegate on ItalianStartLeft
	Move units: 2xarmour from ItalianBase
	Move units: 4xartillery from ItalianStart
	strength=14
Sending: [{'delegate': 'combat', 'from': 'ItalianBase', 'to': 'ItalianStartLeft', 'unit': 'armour', 'count': 2}, {'delegate': 'combat', 'from': 'ItalianStart', 'to': 'ItalianStartLeft', 'unit': 'artillery', 'count': 4}]

Game  8  Round  28   [MY_MOVE] noncombat
Sending: [{'delegate': 'noncombat', 'from': 'ItalianStart', 'to': 'ItalianStepTwo', 'unit': 'armour'}]

Game  8  Round  29   [MY_MOVE] purchase
Sending: [{'delegate': 'purchase', 'unit': 'infantry', 'from': '', 'to': 'ItalianBase'}, {'delegate': 'purchase', 'unit': 'infantry', 'from': '', 'to': 'ItalianBase'}, {'delegate': 'purchase', 'unit': 'infantry', 'from': '', 'to': 'ItalianBase'}]

Game  8  Round  29   [MY_MOVE] combat
MCTS ran 137 iterations in 1.0s
Root node visits: 137
Best action visits: 23, value: 0.263
Selected action : combat delegate on ItalianStart
	Move units: 2xarmour from ItalianBase
	Move units: 4xartillery from ItalianBase
	strength=14
Sending: [{'delegate': 'combat', 'from': 'ItalianBase', 'to': 'ItalianStart', 'unit': 'armour', 'count': 2}, {'delegate': 'combat', 'from': 'ItalianBase', 'to': 'ItalianStart', 'unit': 'artillery', 'count': 4}]

Game  8  Round  29   [MY_MOVE] noncombat
Sending: [{'delegate': 'noncombat', 'from': 'ItalianStart', 'to': 'ItalianStepTwo', 'unit': 'armour'}]

Game  8  Round  30   [MY_MOVE] purchase
Sending: [{'delegate': 'purchase', 'unit': 'infantry', 'from': '', 'to': 'ItalianBase'}, {'delegate': 'purchase', 'unit': 'infantry', 'from': '', 'to': 'ItalianBase'}, {'delegate': 'purchase', 'unit': 'artillery', 'from': '', 'to': 'ItalianBase'}, {'delegate': 'purchase', 'unit': 'artillery', 'from': '', 'to': 'ItalianBase'}, {'delegate': 'purchase', 'unit': 'armour', 'from': '', 'to': 'ItalianBase'}]

Game  8  Round  30   [MY_MOVE] combat
MCTS ran 139 iterations in 1.0s
Root node visits: 139
Best action visits: 36, value: 0.189
Selected action : combat delegate on ItalianStartLeft
	strength=0
Sending: []

Game  8  Round  30   [MY_MOVE] noncombat
Sending: [{'delegate': 'noncombat', 'from': 'ItalianBase', 'to': 'ItalianStart', 'unit': 'artillery'}]

Game  8  Round  31   [MY_MOVE] purchase
Sending: [{'delegate': 'purchase', 'unit': 'infantry', 'from': '', 'to': 'ItalianBase'}]

Game  8  Round  31   [MY_MOVE] combat
MCTS ran 132 iterations in 1.0s
Root node visits: 132
Best action visits: 22, value: 0.253
Selected action : combat delegate on ItalianStartLeft
	Move units: 1xarmour from ItalianBase
	Move units: 2xarmour from ItalianStart
	Move units: 3xartillery from ItalianStart
	strength=15
Sending: [{'delegate': 'combat', 'from': 'ItalianBase', 'to': 'ItalianStartLeft', 'unit': 'armour', 'count': 1}, {'delegate': 'combat', 'from': 'ItalianStart', 'to': 'ItalianStartLeft', 'unit': 'armour', 'count': 2}, {'delegate': 'combat', 'from': 'ItalianStart', 'to': 'ItalianStartLeft', 'unit': 'artillery', 'count': 3}]

Game  8  Round  31   [MY_MOVE] noncombat
Sending: [{'delegate': 'noncombat', 'from': 'ItalianBase', 'to': 'ItalianStart', 'unit': 'artillery'}]

Game  8  Round  32   [MY_MOVE] purchase
Sending: [{'delegate': 'purchase', 'unit': 'infantry', 'from': '', 'to': 'ItalianBase'}, {'delegate': 'purchase', 'unit': 'infantry', 'from': '', 'to': 'ItalianBase'}, {'delegate': 'purchase', 'unit': 'infantry', 'from': '', 'to': 'ItalianBase'}, {'delegate': 'purchase', 'unit': 'infantry', 'from': '', 'to': 'ItalianBase'}, {'delegate': 'purchase', 'unit': 'infantry', 'from': '', 'to': 'ItalianBase'}, {'delegate': 'purchase', 'unit': 'infantry', 'from': '', 'to': 'ItalianBase'}, {'delegate': 'purchase', 'unit': 'infantry', 'from': '', 'to': 'ItalianBase'}, {'delegate': 'purchase', 'unit': 'infantry', 'from': '', 'to': 'ItalianBase'}]

Game  8  Round  32   [MY_MOVE] combat
MCTS ran 132 iterations in 1.0s
Root node visits: 132
Best action visits: 17, value: 0.245
Selected action : combat delegate on ItalianStart
	Move units: 10xartillery from ItalianBase
	strength=20
Sending: [{'delegate': 'combat', 'from': 'ItalianBase', 'to': 'ItalianStart', 'unit': 'artillery', 'count': 10}]

Game  8  Round  32   [MY_MOVE] noncombat
Sending: [{'delegate': 'noncombat', 'from': 'ItalianBase', 'to': 'ItalianStart', 'unit': 'artillery'}]

Game  8  Round  33   [MY_MOVE] purchase
Sending: [{'delegate': 'purchase', 'unit': 'infantry', 'from': '', 'to': 'ItalianBase'}, {'delegate': 'purchase', 'unit': 'infantry', 'from': '', 'to': 'ItalianBase'}, {'delegate': 'purchase', 'unit': 'infantry', 'from': '', 'to': 'ItalianBase'}, {'delegate': 'purchase', 'unit': 'artillery', 'from': '', 'to': 'ItalianBase'}, {'delegate': 'purchase', 'unit': 'artillery', 'from': '', 'to': 'ItalianBase'}]

Game  8  Round  33   [MY_MOVE] combat
MCTS ran 123 iterations in 1.0s
Root node visits: 123
Best action visits: 11, value: 0.234
Selected action : combat delegate on ItalianStartLeft
	Move units: 2xartillery from ItalianStart
	strength=4
Sending: [{'delegate': 'combat', 'from': 'ItalianStart', 'to': 'ItalianStartLeft', 'unit': 'artillery', 'count': 2}]

Game  8  Round  33   [MY_MOVE] noncombat
Sending: [{'delegate': 'noncombat', 'from': 'ItalianBase', 'to': 'ItalianStart', 'unit': 'artillery'}]

Game  8  Round  34   [MY_MOVE] purchase
Sending: [{'delegate': 'purchase', 'unit': 'infantry', 'from': '', 'to': 'ItalianBase'}, {'delegate': 'purchase', 'unit': 'infantry', 'from': '', 'to': 'ItalianBase'}, {'delegate': 'purchase', 'unit': 'infantry', 'from': '', 'to': 'ItalianBase'}]

Game  8  Round  34   [MY_MOVE] combat
MCTS ran 128 iterations in 1.0s
Root node visits: 128
Best action visits: 15, value: 0.382
Selected action : combat delegate on ItalianStartRight
	Move units: 3xartillery from ItalianStart
	strength=6
Sending: [{'delegate': 'combat', 'from': 'ItalianStart', 'to': 'ItalianStartRight', 'unit': 'artillery', 'count': 3}]

Game  8  Round  34   [MY_MOVE] noncombat
Sending: [{'delegate': 'noncombat', 'from': 'ItalianBase', 'to': 'ItalianStart', 'unit': 'infantry'}]

Game  8  Round  35   [MY_MOVE] purchase
Sending: [{'delegate': 'purchase', 'unit': 'infantry', 'from': '', 'to': 'ItalianBase'}, {'delegate': 'purchase', 'unit': 'artillery', 'from': '', 'to': 'ItalianBase'}, {'delegate': 'purchase', 'unit': 'artillery', 'from': '', 'to': 'ItalianBase'}, {'delegate': 'purchase', 'unit': 'artillery', 'from': '', 'to': 'ItalianBase'}, {'delegate': 'purchase', 'unit': 'artillery', 'from': '', 'to': 'ItalianBase'}, {'delegate': 'purchase', 'unit': 'armour', 'from': '', 'to': 'ItalianBase'}]

Game  8  Round  35   [MY_MOVE] combat
MCTS ran 127 iterations in 1.0s
Root node visits: 127
Best action visits: 15, value: 0.391
Selected action : combat delegate on ItalianStartRight
	strength=0
Sending: []

Game  8  Round  35   [MY_MOVE] noncombat
Sending: [{'delegate': 'noncombat', 'from': 'ItalianBase', 'to': 'ItalianStart', 'unit': 'infantry'}]

Game  8  Round  36   [MY_MOVE] purchase
Sending: [{'delegate': 'purchase', 'unit': 'infantry', 'from': '', 'to': 'ItalianBase'}, {'delegate': 'purchase', 'unit': 'infantry', 'from': '', 'to': 'ItalianBase'}, {'delegate': 'purchase', 'unit': 'infantry', 'from': '', 'to': 'ItalianBase'}, {'delegate': 'purchase', 'unit': 'infantry', 'from': '', 'to': 'ItalianBase'}, {'delegate': 'purchase', 'unit': 'artillery', 'from': '', 'to': 'ItalianBase'}]

Game  8  Round  36   [MY_MOVE] combat
MCTS ran 118 iterations in 1.0s
Root node visits: 118
Best action visits: 8, value: 0.344
Selected action : combat delegate on ItalianStartRight
	Move units: 1xarmour from ItalianBase
	Move units: 3xartillery from ItalianStart
	strength=9
Sending: [{'delegate': 'combat', 'from': 'ItalianBase', 'to': 'ItalianStartRight', 'unit': 'armour', 'count': 1}, {'delegate': 'combat', 'from': 'ItalianStart', 'to': 'ItalianStartRight', 'unit': 'artillery', 'count': 3}]

Game  8  Round  36   [MY_MOVE] noncombat
Sending: [{'delegate': 'noncombat', 'from': 'ItalianStart', 'to': 'ItalianBase', 'unit': 'infantry'}]

Game  8  Round  37   [MY_MOVE] purchase
Sending: [{'delegate': 'purchase', 'unit': 'infantry', 'from': '', 'to': 'ItalianBase'}, {'delegate': 'purchase', 'unit': 'infantry', 'from': '', 'to': 'ItalianBase'}, {'delegate': 'purchase', 'unit': 'infantry', 'from': '', 'to': 'ItalianBase'}, {'delegate': 'purchase', 'unit': 'infantry', 'from': '', 'to': 'ItalianBase'}]

Game  8  Round  37   [MY_MOVE] combat
MCTS ran 123 iterations in 1.0s
Root node visits: 123
Best action visits: 21, value: 0.419
Selected action : combat delegate on TopBar
	Move units: 1xarmour from ItalianStartRight
	Move units: 3xartillery from ItalianStartRight
	strength=9
Sending: [{'delegate': 'combat', 'from': 'ItalianStartRight', 'to': 'TopBar', 'unit': 'armour', 'count': 1}, {'delegate': 'combat', 'from': 'ItalianStartRight', 'to': 'TopBar', 'unit': 'artillery', 'count': 3}]

Game  8  Round  37   [MY_MOVE] noncombat
Sending: [{'delegate': 'noncombat', 'from': 'ItalianBase', 'to': 'ItalianStart', 'unit': 'artillery'}]

Game  8  Round  38   [MY_MOVE] purchase
Sending: [{'delegate': 'purchase', 'unit': 'armour', 'from': '', 'to': 'ItalianBase'}, {'delegate': 'purchase', 'unit': 'armour', 'from': '', 'to': 'ItalianBase'}]

Game  8  Round  38   [MY_MOVE] combat
MCTS ran 129 iterations in 1.0s
Root node visits: 129
Best action visits: 22, value: 0.455
Selected action : combat delegate on ItalianStartLeft
	Move units: 4xartillery from ItalianStart
	Move units: 1xinfantry from ItalianStart
	strength=10
Sending: [{'delegate': 'combat', 'from': 'ItalianStart', 'to': 'ItalianStartLeft', 'unit': 'artillery', 'count': 4}, {'delegate': 'combat', 'from': 'ItalianStart', 'to': 'ItalianStartLeft', 'unit': 'infantry', 'count': 1}]

Game  8  Round  38   [MY_MOVE] noncombat
Sending: [{'delegate': 'noncombat', 'from': 'ItalianBase', 'to': 'ItalianStart', 'unit': 'artillery'}]

Game  8  Round  39   [MY_MOVE] purchase
Sending: [{'delegate': 'purchase', 'unit': 'artillery', 'from': '', 'to': 'ItalianBase'}, {'delegate': 'purchase', 'unit': 'armour', 'from': '', 'to': 'ItalianBase'}]

Game  8  Round  39   [MY_MOVE] combat
MCTS ran 136 iterations in 1.0s
Root node visits: 136
Best action visits: 23, value: 0.457
Selected action : combat delegate on ItalianStartLeft
	Move units: 2xarmour from ItalianBase
	Move units: 4xartillery from ItalianStart
	strength=14
Sending: [{'delegate': 'combat', 'from': 'ItalianBase', 'to': 'ItalianStartLeft', 'unit': 'armour', 'count': 2}, {'delegate': 'combat', 'from': 'ItalianStart', 'to': 'ItalianStartLeft', 'unit': 'artillery', 'count': 4}]

Game  8  Round  39   [MY_MOVE] noncombat
Sending: [{'delegate': 'noncombat', 'from': 'ItalianBase', 'to': 'ItalianStart', 'unit': 'infantry'}]

Game  8  Round  40   [MY_MOVE] purchase
Sending: [{'delegate': 'purchase', 'unit': 'artillery', 'from': '', 'to': 'ItalianBase'}, {'delegate': 'purchase', 'unit': 'armour', 'from': '', 'to': 'ItalianBase'}, {'delegate': 'purchase', 'unit': 'armour', 'from': '', 'to': 'ItalianBase'}]

Game  8  Round  40   [MY_MOVE] combat
MCTS ran 141 iterations in 1.0s
Root node visits: 141
Best action visits: 21, value: 0.452
Selected action : combat delegate on ItalianStart
	Move units: 1xarmour from ItalianBase
	Move units: 6xartillery from ItalianBase
	strength=15
Sending: [{'delegate': 'combat', 'from': 'ItalianBase', 'to': 'ItalianStart', 'unit': 'armour', 'count': 1}, {'delegate': 'combat', 'from': 'ItalianBase', 'to': 'ItalianStart', 'unit': 'artillery', 'count': 6}]

Game  8  Round  40   [MY_MOVE] noncombat
Sending: [{'delegate': 'noncombat', 'from': 'ItalianBase', 'to': 'ItalianStart', 'unit': 'artillery'}]

Game  8  Round  41   [MY_MOVE] purchase
Sending: [{'delegate': 'purchase', 'unit': 'infantry', 'from': '', 'to': 'ItalianBase'}, {'delegate': 'purchase', 'unit': 'infantry', 'from': '', 'to': 'ItalianBase'}, {'delegate': 'purchase', 'unit': 'infantry', 'from': '', 'to': 'ItalianBase'}, {'delegate': 'purchase', 'unit': 'infantry', 'from': '', 'to': 'ItalianBase'}, {'delegate': 'purchase', 'unit': 'infantry', 'from': '', 'to': 'ItalianBase'}, {'delegate': 'purchase', 'unit': 'artillery', 'from': '', 'to': 'ItalianBase'}]

Game  8  Round  41   [MY_MOVE] combat
MCTS ran 148 iterations in 1.0s
Root node visits: 148
Best action visits: 19, value: 0.447
Selected action : combat delegate on ItalianStartLeft
	Move units: 2xarmour from ItalianBase
	Move units: 1xarmour from ItalianStart
	Move units: 6xartillery from ItalianStart
	strength=21
Sending: [{'delegate': 'combat', 'from': 'ItalianBase', 'to': 'ItalianStartLeft', 'unit': 'armour', 'count': 2}, {'delegate': 'combat', 'from': 'ItalianStart', 'to': 'ItalianStartLeft', 'unit': 'armour', 'count': 1}, {'delegate': 'combat', 'from': 'ItalianStart', 'to': 'ItalianStartLeft', 'unit': 'artillery', 'count': 6}]

Game  8  Round  41   [MY_MOVE] noncombat
Sending: [{'delegate': 'noncombat', 'from': 'ItalianStart', 'to': 'ItalianBase', 'unit': 'artillery'}]

Game  8  Round  42   [MY_MOVE] purchase
Sending: [{'delegate': 'purchase', 'unit': 'infantry', 'from': '', 'to': 'ItalianBase'}, {'delegate': 'purchase', 'unit': 'armour', 'from': '', 'to': 'ItalianBase'}, {'delegate': 'purchase', 'unit': 'armour', 'from': '', 'to': 'ItalianBase'}]

Game  8  Round  42   [MY_MOVE] combat
MCTS ran 153 iterations in 1.0s
Root node visits: 153
Best action visits: 20, value: 0.450
Selected action : combat delegate on ItalianStartLeft
	Move units: 3xarmour from ItalianStart
	Move units: 2xartillery from ItalianStart
	strength=13
Sending: [{'delegate': 'combat', 'from': 'ItalianStart', 'to': 'ItalianStartLeft', 'unit': 'armour', 'count': 3}, {'delegate': 'combat', 'from': 'ItalianStart', 'to': 'ItalianStartLeft', 'unit': 'artillery', 'count': 2}]

Game  8  Round  42   [MY_MOVE] noncombat
Sending: [{'delegate': 'noncombat', 'from': 'ItalianStart', 'to': 'ItalianBase', 'unit': 'armour'}]

Game  8  Round  43   [MY_MOVE] purchase
Sending: [{'delegate': 'purchase', 'unit': 'infantry', 'from': '', 'to': 'ItalianBase'}, {'delegate': 'purchase', 'unit': 'armour', 'from': '', 'to': 'ItalianBase'}]

Game  8  Round  43   [MY_MOVE] combat
MCTS ran 153 iterations in 1.0s
Root node visits: 153
Best action visits: 31, value: 0.468
Selected action : combat delegate on ItalianStart
	Move units: 2xarmour from ItalianBase
	Move units: 2xartillery from ItalianBase
	strength=10
Sending: [{'delegate': 'combat', 'from': 'ItalianBase', 'to': 'ItalianStart', 'unit': 'armour', 'count': 2}, {'delegate': 'combat', 'from': 'ItalianBase', 'to': 'ItalianStart', 'unit': 'artillery', 'count': 2}]

Game  8  Round  43   [MY_MOVE] noncombat
Sending: [{'delegate': 'noncombat', 'from': 'ItalianStart', 'to': 'ItalianBase', 'unit': 'artillery'}]

Game  8  Round  44   [MY_MOVE] purchase
Sending: [{'delegate': 'purchase', 'unit': 'infantry', 'from': '', 'to': 'ItalianBase'}, {'delegate': 'purchase', 'unit': 'armour', 'from': '', 'to': 'ItalianBase'}, {'delegate': 'purchase', 'unit': 'armour', 'from': '', 'to': 'ItalianBase'}]

Game  8  Round  44   [MY_MOVE] combat
MCTS ran 155 iterations in 1.0s
Root node visits: 155
Best action visits: 26, value: 0.462
Selected action : combat delegate on ItalianStartLeft
	Move units: 1xarmour from ItalianBase
	Move units: 2xarmour from ItalianStart
	Move units: 2xartillery from ItalianStart
	strength=13
Sending: [{'delegate': 'combat', 'from': 'ItalianBase', 'to': 'ItalianStartLeft', 'unit': 'armour', 'count': 1}, {'delegate': 'combat', 'from': 'ItalianStart', 'to': 'ItalianStartLeft', 'unit': 'armour', 'count': 2}, {'delegate': 'combat', 'from': 'ItalianStart', 'to': 'ItalianStartLeft', 'unit': 'artillery', 'count': 2}]

Game  8  Round  44   [MY_MOVE] noncombat
Sending: [{'delegate': 'noncombat', 'from': 'ItalianBase', 'to': 'ItalianStart', 'unit': 'infantry'}]

Game  8  Round  45   [MY_MOVE] purchase
Sending: [{'delegate': 'purchase', 'unit': 'artillery', 'from': '', 'to': 'ItalianBase'}, {'delegate': 'purchase', 'unit': 'armour', 'from': '', 'to': 'ItalianBase'}]

Game  8  Round  45   [MY_MOVE] combat
MCTS ran 156 iterations in 1.0s
Root node visits: 156
Best action visits: 20, value: 0.450
Selected action : combat delegate on ItalianStart
	Move units: 2xarmour from ItalianBase
	Move units: 7xartillery from ItalianBase
	strength=20
Sending: [{'delegate': 'combat', 'from': 'ItalianBase', 'to': 'ItalianStart', 'unit': 'armour', 'count': 2}, {'delegate': 'combat', 'from': 'ItalianBase', 'to': 'ItalianStart', 'unit': 'artillery', 'count': 7}]

Game  8  Round  45   [MY_MOVE] noncombat
Sending: [{'delegate': 'noncombat', 'from': 'ItalianStart', 'to': 'ItalianBase', 'unit': 'artillery'}]

Game  8  Round  46   [MY_MOVE] purchase
Sending: [{'delegate': 'purchase', 'unit': 'infantry', 'from': '', 'to': 'ItalianBase'}, {'delegate': 'purchase', 'unit': 'infantry', 'from': '', 'to': 'ItalianBase'}, {'delegate': 'purchase', 'unit': 'infantry', 'from': '', 'to': 'ItalianBase'}, {'delegate': 'purchase', 'unit': 'infantry', 'from': '', 'to': 'ItalianBase'}, {'delegate': 'purchase', 'unit': 'armour', 'from': '', 'to': 'ItalianBase'}]

Game  8  Round  46   [MY_MOVE] combat
MCTS ran 159 iterations in 1.0s
Root node visits: 159
Best action visits: 27, value: 0.463
Selected action : combat delegate on ItalianStartLeft
	Move units: 1xarmour from ItalianBase
	Move units: 2xarmour from ItalianStart
	Move units: 6xartillery from ItalianStart
	strength=21
Sending: [{'delegate': 'combat', 'from': 'ItalianBase', 'to': 'ItalianStartLeft', 'unit': 'armour', 'count': 1}, {'delegate': 'combat', 'from': 'ItalianStart', 'to': 'ItalianStartLeft', 'unit': 'armour', 'count': 2}, {'delegate': 'combat', 'from': 'ItalianStart', 'to': 'ItalianStartLeft', 'unit': 'artillery', 'count': 6}]

Game  8  Round  46   [MY_MOVE] noncombat
Sending: [{'delegate': 'noncombat', 'from': 'ItalianBase', 'to': 'ItalianStart', 'unit': 'infantry'}]

Game  8  Round  47   [MY_MOVE] purchase
Sending: [{'delegate': 'purchase', 'unit': 'artillery', 'from': '', 'to': 'ItalianBase'}, {'delegate': 'purchase', 'unit': 'armour', 'from': '', 'to': 'ItalianBase'}, {'delegate': 'purchase', 'unit': 'armour', 'from': '', 'to': 'ItalianBase'}]

Game  8  Round  47   [MY_MOVE] combat
MCTS ran 183 iterations in 1.0s
Root node visits: 183
Best action visits: 19, value: 0.447
Selected action : combat delegate on ItalianStart
	Move units: 1xarmour from ItalianBase
	Move units: 4xartillery from ItalianBase
	Move units: 23xinfantry from ItalianBase
	strength=632
Sending: [{'delegate': 'combat', 'from': 'ItalianBase', 'to': 'ItalianStart', 'unit': 'armour', 'count': 1}, {'delegate': 'combat', 'from': 'ItalianBase', 'to': 'ItalianStart', 'unit': 'artillery', 'count': 4}, {'delegate': 'combat', 'from': 'ItalianBase', 'to': 'ItalianStart', 'unit': 'infantry', 'count': 23}]

Game  8  Round  47   [MY_MOVE] noncombat
Sending: []
Graph reset complete.
Starting next game in 5s.
WHOAMI updated: Italians

Game  9  Round  1   [MY_MOVE] purchase
Sending: [{'delegate': 'purchase', 'unit': 'infantry', 'from': '', 'to': 'ItalianBase'}]

Game  9  Round  1   [MY_MOVE] combat
MCTS ran 233 iterations in 1.0s
Root node visits: 233
Best action visits: 79, value: -0.059
Selected action : combat delegate on ItalianStartLeft
	Move units: 1xinfantry from ItalianStart
	strength=2
Sending: [{'delegate': 'combat', 'from': 'ItalianStart', 'to': 'ItalianStartLeft', 'unit': 'infantry', 'count': 1}]

Game  9  Round  1   [MY_MOVE] noncombat
Sending: [{'delegate': 'noncombat', 'from': 'ItalianStart', 'to': 'ItalianBase', 'unit': 'infantry'}]

Game  9  Round  2   [MY_MOVE] purchase
Sending: [{'delegate': 'purchase', 'unit': 'infantry', 'from': '', 'to': 'ItalianBase'}, {'delegate': 'purchase', 'unit': 'artillery', 'from': '', 'to': 'ItalianBase'}, {'delegate': 'purchase', 'unit': 'artillery', 'from': '', 'to': 'ItalianBase'}, {'delegate': 'purchase', 'unit': 'armour', 'from': '', 'to': 'ItalianBase'}, {'delegate': 'purchase', 'unit': 'armour', 'from': '', 'to': 'ItalianBase'}, {'delegate': 'purchase', 'unit': 'armour', 'from': '', 'to': 'ItalianBase'}]

Game  9  Round  2   [MY_MOVE] combat
MCTS ran 174 iterations in 1.0s
Root node visits: 174
Best action visits: 59, value: 0.006
Selected action : combat delegate on ItalianStepOne
	Move units: 1xarmour from ItalianBase
	strength=3
Sending: [{'delegate': 'combat', 'from': 'ItalianBase', 'to': 'ItalianStepOne', 'unit': 'armour', 'count': 1}]

Game  9  Round  2   [MY_MOVE] noncombat
Sending: [{'delegate': 'noncombat', 'from': 'ItalianBase', 'to': 'ItalianStart', 'unit': 'infantry'}]

Game  9  Round  3   [MY_MOVE] purchase
Sending: [{'delegate': 'purchase', 'unit': 'infantry', 'from': '', 'to': 'ItalianBase'}, {'delegate': 'purchase', 'unit': 'infantry', 'from': '', 'to': 'ItalianBase'}, {'delegate': 'purchase', 'unit': 'infantry', 'from': '', 'to': 'ItalianBase'}, {'delegate': 'purchase', 'unit': 'infantry', 'from': '', 'to': 'ItalianBase'}, {'delegate': 'purchase', 'unit': 'artillery', 'from': '', 'to': 'ItalianBase'}]

Game  9  Round  3   [MY_MOVE] combat
MCTS ran 156 iterations in 1.0s
Root node visits: 156
Best action visits: 40, value: 0.141
Selected action : combat delegate on ItalianStepTwo
	Move units: 1xarmour from ItalianStepOne
	strength=3
Sending: [{'delegate': 'combat', 'from': 'ItalianStepOne', 'to': 'ItalianStepTwo', 'unit': 'armour', 'count': 1}]

Game  9  Round  3   [MY_MOVE] noncombat
Sending: [{'delegate': 'noncombat', 'from': 'ItalianStepTwo', 'to': 'ItalianStepOne', 'unit': 'armour'}]

Game  9  Round  4   [MY_MOVE] purchase
Sending: [{'delegate': 'purchase', 'unit': 'infantry', 'from': '', 'to': 'ItalianBase'}, {'delegate': 'purchase', 'unit': 'infantry', 'from': '', 'to': 'ItalianBase'}, {'delegate': 'purchase', 'unit': 'infantry', 'from': '', 'to': 'ItalianBase'}, {'delegate': 'purchase', 'unit': 'infantry', 'from': '', 'to': 'ItalianBase'}, {'delegate': 'purchase', 'unit': 'armour', 'from': '', 'to': 'ItalianBase'}]

Game  9  Round  4   [MY_MOVE] combat
MCTS ran 149 iterations in 1.0s
Root node visits: 149
Best action visits: 25, value: 0.271
Selected action : combat delegate on ItalianStartRight
	Move units: 1xarmour from ItalianBase
	strength=9
Sending: [{'delegate': 'combat', 'from': 'ItalianBase', 'to': 'ItalianStartRight', 'unit': 'armour', 'count': 1}]

Game  9  Round  4   [MY_MOVE] noncombat
Sending: [{'delegate': 'noncombat', 'from': 'ItalianStart', 'to': 'ItalianStartRight', 'unit': 'infantry'}]

Game  9  Round  5   [MY_MOVE] purchase
Sending: [{'delegate': 'purchase', 'unit': 'infantry', 'from': '', 'to': 'ItalianBase'}, {'delegate': 'purchase', 'unit': 'artillery', 'from': '', 'to': 'ItalianBase'}, {'delegate': 'purchase', 'unit': 'artillery', 'from': '', 'to': 'ItalianBase'}, {'delegate': 'purchase', 'unit': 'artillery', 'from': '', 'to': 'ItalianBase'}]

Game  9  Round  5   [MY_MOVE] combat
MCTS ran 139 iterations in 1.0s
Root node visits: 139
Best action visits: 20, value: 0.281
Selected action : combat delegate on TopBar
	Move units: 1xarmour from ItalianStartRight
	Move units: 1xinfantry from ItalianStartRight
	strength=4
Sending: [{'delegate': 'combat', 'from': 'ItalianStartRight', 'to': 'TopBar', 'unit': 'armour', 'count': 1}, {'delegate': 'combat', 'from': 'ItalianStartRight', 'to': 'TopBar', 'unit': 'infantry', 'count': 1}]

Game  9  Round  5   [MY_MOVE] noncombat
Sending: [{'delegate': 'noncombat', 'from': 'ItalianBase', 'to': 'ItalianStartLeft', 'unit': 'armour'}]

Game  9  Round  6   [MY_MOVE] purchase
Sending: [{'delegate': 'purchase', 'unit': 'infantry', 'from': '', 'to': 'ItalianBase'}, {'delegate': 'purchase', 'unit': 'infantry', 'from': '', 'to': 'ItalianBase'}, {'delegate': 'purchase', 'unit': 'armour', 'from': '', 'to': 'ItalianBase'}, {'delegate': 'purchase', 'unit': 'armour', 'from': '', 'to': 'ItalianBase'}, {'delegate': 'purchase', 'unit': 'armour', 'from': '', 'to': 'ItalianBase'}, {'delegate': 'purchase', 'unit': 'armour', 'from': '', 'to': 'ItalianBase'}]

Game  9  Round  6   [MY_MOVE] combat
MCTS ran 140 iterations in 1.0s
Root node visits: 140
Best action visits: 13, value: 0.251
Selected action : combat delegate on RightBar
	Move units: 1xarmour from ItalianStartLeft
	Move units: 1xinfantry from ItalianStartLeft
	strength=4
Sending: [{'delegate': 'combat', 'from': 'ItalianStartLeft', 'to': 'RightBar', 'unit': 'armour', 'count': 1}, {'delegate': 'combat', 'from': 'ItalianStartLeft', 'to': 'RightBar', 'unit': 'infantry', 'count': 1}]

Game  9  Round  6   [MY_MOVE] noncombat
Sending: [{'delegate': 'noncombat', 'from': 'ItalianBase', 'to': 'ItalianStartRight', 'unit': 'armour'}]

Game  9  Round  7   [MY_MOVE] purchase
Sending: [{'delegate': 'purchase', 'unit': 'infantry', 'from': '', 'to': 'ItalianBase'}, {'delegate': 'purchase', 'unit': 'infantry', 'from': '', 'to': 'ItalianBase'}, {'delegate': 'purchase', 'unit': 'infantry', 'from': '', 'to': 'ItalianBase'}, {'delegate': 'purchase', 'unit': 'infantry', 'from': '', 'to': 'ItalianBase'}, {'delegate': 'purchase', 'unit': 'infantry', 'from': '', 'to': 'ItalianBase'}, {'delegate': 'purchase', 'unit': 'infantry', 'from': '', 'to': 'ItalianBase'}, {'delegate': 'purchase', 'unit': 'armour', 'from': '', 'to': 'ItalianBase'}]

Game  9  Round  7   [MY_MOVE] combat
MCTS ran 137 iterations in 1.0s
Root node visits: 137
Best action visits: 14, value: 0.277
Selected action : combat delegate on ItalianStartRight
	Move units: 5xarmour from ItalianBase
	strength=15
Sending: [{'delegate': 'combat', 'from': 'ItalianBase', 'to': 'ItalianStartRight', 'unit': 'armour', 'count': 5}]

Game  9  Round  7   [MY_MOVE] noncombat
Sending: [{'delegate': 'noncombat', 'from': 'ItalianStart', 'to': 'ItalianStartLeft', 'unit': 'armour'}]

Game  9  Round  8   [MY_MOVE] purchase
Sending: [{'delegate': 'purchase', 'unit': 'armour', 'from': '', 'to': 'ItalianBase'}]

Game  9  Round  8   [MY_MOVE] combat
MCTS ran 132 iterations in 1.0s
Root node visits: 132
Best action visits: 9, value: 0.262
Selected action : combat delegate on ItalianStart
	Move units: 1xarmour from ItalianBase
	Move units: 2xartillery from ItalianBase
	strength=7
Sending: [{'delegate': 'combat', 'from': 'ItalianBase', 'to': 'ItalianStart', 'unit': 'armour', 'count': 1}, {'delegate': 'combat', 'from': 'ItalianBase', 'to': 'ItalianStart', 'unit': 'artillery', 'count': 2}]

Game  9  Round  8   [MY_MOVE] noncombat
Sending: [{'delegate': 'noncombat', 'from': 'ItalianBase', 'to': 'ItalianStart', 'unit': 'infantry'}]

Game  9  Round  9   [MY_MOVE] purchase
Sending: [{'delegate': 'purchase', 'unit': 'infantry', 'from': '', 'to': 'ItalianBase'}, {'delegate': 'purchase', 'unit': 'artillery', 'from': '', 'to': 'ItalianBase'}, {'delegate': 'purchase', 'unit': 'artillery', 'from': '', 'to': 'ItalianBase'}, {'delegate': 'purchase', 'unit': 'artillery', 'from': '', 'to': 'ItalianBase'}, {'delegate': 'purchase', 'unit': 'armour', 'from': '', 'to': 'ItalianBase'}]

Game  9  Round  9   [MY_MOVE] combat
MCTS ran 127 iterations in 1.0s
Root node visits: 127
Best action visits: 7, value: 0.206
Selected action : combat delegate on ItalianStartLeft
	Move units: 1xarmour from ItalianBase
	Move units: 1xarmour from ItalianStart
	Move units: 2xartillery from ItalianStart
	Move units: 1xinfantry from ItalianStart
	strength=12
Sending: [{'delegate': 'combat', 'from': 'ItalianBase', 'to': 'ItalianStartLeft', 'unit': 'armour', 'count': 1}, {'delegate': 'combat', 'from': 'ItalianStart', 'to': 'ItalianStartLeft', 'unit': 'armour', 'count': 1}, {'delegate': 'combat', 'from': 'ItalianStart', 'to': 'ItalianStartLeft', 'unit': 'artillery', 'count': 2}, {'delegate': 'combat', 'from': 'ItalianStart', 'to': 'ItalianStartLeft', 'unit': 'infantry', 'count': 1}]

Game  9  Round  9   [MY_MOVE] noncombat
Sending: [{'delegate': 'noncombat', 'from': 'ItalianStart', 'to': 'ItalianBase', 'unit': 'armour'}]

Game  9  Round  10   [MY_MOVE] purchase
Sending: [{'delegate': 'purchase', 'unit': 'infantry', 'from': '', 'to': 'ItalianBase'}, {'delegate': 'purchase', 'unit': 'infantry', 'from': '', 'to': 'ItalianBase'}, {'delegate': 'purchase', 'unit': 'infantry', 'from': '', 'to': 'ItalianBase'}, {'delegate': 'purchase', 'unit': 'infantry', 'from': '', 'to': 'ItalianBase'}, {'delegate': 'purchase', 'unit': 'infantry', 'from': '', 'to': 'ItalianBase'}, {'delegate': 'purchase', 'unit': 'infantry', 'from': '', 'to': 'ItalianBase'}, {'delegate': 'purchase', 'unit': 'artillery', 'from': '', 'to': 'ItalianBase'}]

Game  9  Round  10   [MY_MOVE] combat
MCTS ran 131 iterations in 1.0s
Root node visits: 131
Best action visits: 8, value: 0.221
Selected action : combat delegate on ItalianStart
	Move units: 1xarmour from ItalianBase
	Move units: 7xartillery from ItalianBase
	strength=17
Sending: [{'delegate': 'combat', 'from': 'ItalianBase', 'to': 'ItalianStart', 'unit': 'armour', 'count': 1}, {'delegate': 'combat', 'from': 'ItalianBase', 'to': 'ItalianStart', 'unit': 'artillery', 'count': 7}]

Game  9  Round  10   [MY_MOVE] noncombat
Sending: [{'delegate': 'noncombat', 'from': 'ItalianStart', 'to': 'ItalianBase', 'unit': 'armour'}]

Game  9  Round  11   [MY_MOVE] purchase
Sending: [{'delegate': 'purchase', 'unit': 'artillery', 'from': '', 'to': 'ItalianBase'}, {'delegate': 'purchase', 'unit': 'artillery', 'from': '', 'to': 'ItalianBase'}]

Game  9  Round  11   [MY_MOVE] combat
MCTS ran 124 iterations in 1.0s
Root node visits: 124
Best action visits: 21, value: 0.248
Selected action : combat delegate on ItalianStartLeft
	Move units: 1xarmour from ItalianStart
	Move units: 3xartillery from ItalianStart
	strength=9
Sending: [{'delegate': 'combat', 'from': 'ItalianStart', 'to': 'ItalianStartLeft', 'unit': 'armour', 'count': 1}, {'delegate': 'combat', 'from': 'ItalianStart', 'to': 'ItalianStartLeft', 'unit': 'artillery', 'count': 3}]

Game  9  Round  11   [MY_MOVE] noncombat
Sending: [{'delegate': 'noncombat', 'from': 'ItalianBase', 'to': 'ItalianStart', 'unit': 'infantry'}]

Game  9  Round  12   [MY_MOVE] purchase
Sending: [{'delegate': 'purchase', 'unit': 'infantry', 'from': '', 'to': 'ItalianBase'}, {'delegate': 'purchase', 'unit': 'armour', 'from': '', 'to': 'ItalianBase'}]

Game  9  Round  12   [MY_MOVE] combat
MCTS ran 128 iterations in 1.0s
Root node visits: 128
Best action visits: 16, value: 0.253
Selected action : combat delegate on ItalianStartLeft
	Move units: 1xarmour from ItalianStart
	Move units: 1xartillery from ItalianStart
	Move units: 1xinfantry from ItalianStart
	strength=7
Sending: [{'delegate': 'combat', 'from': 'ItalianStart', 'to': 'ItalianStartLeft', 'unit': 'armour', 'count': 1}, {'delegate': 'combat', 'from': 'ItalianStart', 'to': 'ItalianStartLeft', 'unit': 'artillery', 'count': 1}, {'delegate': 'combat', 'from': 'ItalianStart', 'to': 'ItalianStartLeft', 'unit': 'infantry', 'count': 1}]

Game  9  Round  12   [MY_MOVE] noncombat
Sending: [{'delegate': 'noncombat', 'from': 'ItalianStart', 'to': 'ItalianBase', 'unit': 'armour'}]

Game  9  Round  13   [MY_MOVE] purchase
Sending: [{'delegate': 'purchase', 'unit': 'artillery', 'from': '', 'to': 'ItalianBase'}, {'delegate': 'purchase', 'unit': 'armour', 'from': '', 'to': 'ItalianBase'}, {'delegate': 'purchase', 'unit': 'armour', 'from': '', 'to': 'ItalianBase'}, {'delegate': 'purchase', 'unit': 'armour', 'from': '', 'to': 'ItalianBase'}]

Game  9  Round  13   [MY_MOVE] combat
MCTS ran 126 iterations in 1.0s
Root node visits: 126
Best action visits: 21, value: 0.263
Selected action : combat delegate on ItalianStart
	Move units: 1xarmour from ItalianBase
	Move units: 3xartillery from ItalianBase
	Move units: 2xinfantry from ItalianBase
	strength=17
Sending: [{'delegate': 'combat', 'from': 'ItalianBase', 'to': 'ItalianStart', 'unit': 'armour', 'count': 1}, {'delegate': 'combat', 'from': 'ItalianBase', 'to': 'ItalianStart', 'unit': 'artillery', 'count': 3}, {'delegate': 'combat', 'from': 'ItalianBase', 'to': 'ItalianStart', 'unit': 'infantry', 'count': 2}]

Game  9  Round  13   [MY_MOVE] noncombat
Sending: [{'delegate': 'noncombat', 'from': 'ItalianStart', 'to': 'ItalianBase', 'unit': 'artillery'}]

Game  9  Round  14   [MY_MOVE] purchase
Sending: [{'delegate': 'purchase', 'unit': 'infantry', 'from': '', 'to': 'ItalianBase'}, {'delegate': 'purchase', 'unit': 'infantry', 'from': '', 'to': 'ItalianBase'}, {'delegate': 'purchase', 'unit': 'artillery', 'from': '', 'to': 'ItalianBase'}]

Game  9  Round  14   [MY_MOVE] combat
MCTS ran 124 iterations in 1.0s
Root node visits: 124
Best action visits: 13, value: 0.237
Selected action : combat delegate on ItalianStartLeft
	Move units: 3xarmour from ItalianBase
	strength=9
Sending: [{'delegate': 'combat', 'from': 'ItalianBase', 'to': 'ItalianStartLeft', 'unit': 'armour', 'count': 3}]

Game  9  Round  14   [MY_MOVE] noncombat
Sending: [{'delegate': 'noncombat', 'from': 'ItalianStart', 'to': 'ItalianStartLeft', 'unit': 'armour'}]

Game  9  Round  15   [MY_MOVE] purchase
Sending: [{'delegate': 'purchase', 'unit': 'armour', 'from': '', 'to': 'ItalianBase'}, {'delegate': 'purchase', 'unit': 'armour', 'from': '', 'to': 'ItalianBase'}, {'delegate': 'purchase', 'unit': 'armour', 'from': '', 'to': 'ItalianBase'}]

Game  9  Round  15   [MY_MOVE] combat
MCTS ran 121 iterations in 1.0s
Root node visits: 121
Best action visits: 13, value: 0.248
Selected action : combat delegate on RightBar
	strength=0
Sending: []

Game  9  Round  15   [MY_MOVE] noncombat
Sending: [{'delegate': 'noncombat', 'from': 'ItalianStart', 'to': 'ItalianBase', 'unit': 'artillery'}]

Game  9  Round  16   [MY_MOVE] purchase
Sending: [{'delegate': 'purchase', 'unit': 'infantry', 'from': '', 'to': 'ItalianBase'}, {'delegate': 'purchase', 'unit': 'infantry', 'from': '', 'to': 'ItalianBase'}, {'delegate': 'purchase', 'unit': 'infantry', 'from': '', 'to': 'ItalianBase'}, {'delegate': 'purchase', 'unit': 'armour', 'from': '', 'to': 'ItalianBase'}]

Game  9  Round  16   [MY_MOVE] combat
MCTS ran 131 iterations in 1.0s
Root node visits: 131
Best action visits: 11, value: 0.258
Selected action : combat delegate on ItalianStartRight
	Move units: 3xarmour from ItalianBase
	Move units: 4xarmour from ItalianStartLeft
	Move units: 2xartillery from ItalianStart
	strength=25
Sending: [{'delegate': 'combat', 'from': 'ItalianBase', 'to': 'ItalianStartRight', 'unit': 'armour', 'count': 3}, {'delegate': 'combat', 'from': 'ItalianStartLeft', 'to': 'ItalianStartRight', 'unit': 'armour', 'count': 4}, {'delegate': 'combat', 'from': 'ItalianStart', 'to': 'ItalianStartRight', 'unit': 'artillery', 'count': 2}]

Game  9  Round  16   [MY_MOVE] noncombat
Sending: [{'delegate': 'noncombat', 'from': 'ItalianBase', 'to': 'ItalianStart', 'unit': 'artillery'}]

Game  9  Round  17   [MY_MOVE] purchase
Sending: [{'delegate': 'purchase', 'unit': 'infantry', 'from': '', 'to': 'ItalianBase'}, {'delegate': 'purchase', 'unit': 'infantry', 'from': '', 'to': 'ItalianBase'}, {'delegate': 'purchase', 'unit': 'infantry', 'from': '', 'to': 'ItalianBase'}, {'delegate': 'purchase', 'unit': 'infantry', 'from': '', 'to': 'ItalianBase'}]

Game  9  Round  17   [MY_MOVE] combat
MCTS ran 116 iterations in 1.0s
Root node visits: 116
Best action visits: 10, value: 0.270
Selected action : combat delegate on ItalianStartRight
	Move units: 1xarmour from ItalianBase
	Move units: 2xarmour from ItalianStart
	strength=9
Sending: [{'delegate': 'combat', 'from': 'ItalianBase', 'to': 'ItalianStartRight', 'unit': 'armour', 'count': 1}, {'delegate': 'combat', 'from': 'ItalianStart', 'to': 'ItalianStartRight', 'unit': 'armour', 'count': 2}]

Game  9  Round  17   [MY_MOVE] noncombat
Sending: [{'delegate': 'noncombat', 'from': 'ItalianStart', 'to': 'ItalianStartRight', 'unit': 'artillery'}]

Game  9  Round  18   [MY_MOVE] purchase
Sending: [{'delegate': 'purchase', 'unit': 'infantry', 'from': '', 'to': 'ItalianBase'}, {'delegate': 'purchase', 'unit': 'infantry', 'from': '', 'to': 'ItalianBase'}, {'delegate': 'purchase', 'unit': 'artillery', 'from': '', 'to': 'ItalianBase'}, {'delegate': 'purchase', 'unit': 'artillery', 'from': '', 'to': 'ItalianBase'}, {'delegate': 'purchase', 'unit': 'artillery', 'from': '', 'to': 'ItalianBase'}]

Game  9  Round  18   [MY_MOVE] combat
MCTS ran 122 iterations in 1.0s
Root node visits: 122
Best action visits: 31, value: 0.374
Selected action : combat delegate on ItalianStart
	Move units: 2xartillery from ItalianBase
	Move units: 2xinfantry from ItalianBase
	strength=12
Sending: [{'delegate': 'combat', 'from': 'ItalianBase', 'to': 'ItalianStart', 'unit': 'artillery', 'count': 2}, {'delegate': 'combat', 'from': 'ItalianBase', 'to': 'ItalianStart', 'unit': 'infantry', 'count': 2}]

Game  9  Round  18   [MY_MOVE] noncombat
Sending: [{'delegate': 'noncombat', 'from': 'ItalianStart', 'to': 'ItalianBase', 'unit': 'artillery'}]

Game  9  Round  19   [MY_MOVE] purchase
Sending: [{'delegate': 'purchase', 'unit': 'infantry', 'from': '', 'to': 'ItalianBase'}, {'delegate': 'purchase', 'unit': 'infantry', 'from': '', 'to': 'ItalianBase'}]

Game  9  Round  19   [MY_MOVE] combat
MCTS ran 122 iterations in 1.0s
Root node visits: 122
Best action visits: 21, value: 0.381
Selected action : combat delegate on ItalianStartRight
	Move units: 2xartillery from ItalianStart
	Move units: 1xinfantry from ItalianStart
	strength=6
Sending: [{'delegate': 'combat', 'from': 'ItalianStart', 'to': 'ItalianStartRight', 'unit': 'artillery', 'count': 2}, {'delegate': 'combat', 'from': 'ItalianStart', 'to': 'ItalianStartRight', 'unit': 'infantry', 'count': 1}]

Game  9  Round  19   [MY_MOVE] noncombat
Sending: [{'delegate': 'noncombat', 'from': 'ItalianBase', 'to': 'ItalianStart', 'unit': 'artillery'}]

Game  9  Round  20   [MY_MOVE] purchase
Sending: [{'delegate': 'purchase', 'unit': 'artillery', 'from': '', 'to': 'ItalianBase'}, {'delegate': 'purchase', 'unit': 'artillery', 'from': '', 'to': 'ItalianBase'}, {'delegate': 'purchase', 'unit': 'artillery', 'from': '', 'to': 'ItalianBase'}, {'delegate': 'purchase', 'unit': 'artillery', 'from': '', 'to': 'ItalianBase'}]

Game  9  Round  20   [MY_MOVE] combat
MCTS ran 134 iterations in 1.0s
Root node visits: 134
Best action visits: 34, value: 0.379
Selected action : combat delegate on ItalianStart
	Move units: 2xartillery from ItalianBase
	Move units: 3xinfantry from ItalianBase
	strength=19
Sending: [{'delegate': 'combat', 'from': 'ItalianBase', 'to': 'ItalianStart', 'unit': 'artillery', 'count': 2}, {'delegate': 'combat', 'from': 'ItalianBase', 'to': 'ItalianStart', 'unit': 'infantry', 'count': 3}]

Game  9  Round  20   [MY_MOVE] noncombat
Sending: [{'delegate': 'noncombat', 'from': 'ItalianStart', 'to': 'ItalianBase', 'unit': 'infantry'}]

Game  9  Round  21   [MY_MOVE] purchase
Sending: [{'delegate': 'purchase', 'unit': 'infantry', 'from': '', 'to': 'ItalianBase'}, {'delegate': 'purchase', 'unit': 'infantry', 'from': '', 'to': 'ItalianBase'}, {'delegate': 'purchase', 'unit': 'infantry', 'from': '', 'to': 'ItalianBase'}, {'delegate': 'purchase', 'unit': 'armour', 'from': '', 'to': 'ItalianBase'}]

Game  9  Round  21   [MY_MOVE] combat
MCTS ran 134 iterations in 1.0s
Root node visits: 134
Best action visits: 17, value: 0.389
Selected action : combat delegate on ItalianStartRight
	Move units: 2xartillery from ItalianStart
	Move units: 3xinfantry from ItalianStart
	strength=19
Sending: [{'delegate': 'combat', 'from': 'ItalianStart', 'to': 'ItalianStartRight', 'unit': 'artillery', 'count': 2}, {'delegate': 'combat', 'from': 'ItalianStart', 'to': 'ItalianStartRight', 'unit': 'infantry', 'count': 3}]

Game  9  Round  21   [MY_MOVE] noncombat
Sending: [{'delegate': 'noncombat', 'from': 'ItalianBase', 'to': 'ItalianStart', 'unit': 'artillery'}]

Game  9  Round  22   [MY_MOVE] purchase
Sending: [{'delegate': 'purchase', 'unit': 'infantry', 'from': '', 'to': 'ItalianBase'}, {'delegate': 'purchase', 'unit': 'infantry', 'from': '', 'to': 'ItalianBase'}, {'delegate': 'purchase', 'unit': 'infantry', 'from': '', 'to': 'ItalianBase'}, {'delegate': 'purchase', 'unit': 'armour', 'from': '', 'to': 'ItalianBase'}]

Game  9  Round  22   [MY_MOVE] combat
MCTS ran 139 iterations in 1.0s
Root node visits: 139
Best action visits: 24, value: 0.430
Selected action : combat delegate on ItalianStart
	Move units: 1xarmour from ItalianBase
	Move units: 3xartillery from ItalianBase
	Move units: 10xinfantry from ItalianBase
	strength=139
Sending: [{'delegate': 'combat', 'from': 'ItalianBase', 'to': 'ItalianStart', 'unit': 'armour', 'count': 1}, {'delegate': 'combat', 'from': 'ItalianBase', 'to': 'ItalianStart', 'unit': 'artillery', 'count': 3}, {'delegate': 'combat', 'from': 'ItalianBase', 'to': 'ItalianStart', 'unit': 'infantry', 'count': 10}]

Game  9  Round  22   [MY_MOVE] noncombat
Sending: []

Game  9  Round  23   [MY_MOVE] purchase
Sending: [{'delegate': 'purchase', 'unit': 'infantry', 'from': '', 'to': 'ItalianBase'}, {'delegate': 'purchase', 'unit': 'artillery', 'from': '', 'to': 'ItalianBase'}]

Game  9  Round  23   [MY_MOVE] combat
MCTS ran 137 iterations in 1.0s
Root node visits: 137
Best action visits: 28, value: 0.464
Selected action : combat delegate on ItalianStart
	Move units: 2xarmour from ItalianBase
	Move units: 2xartillery from ItalianBase
	strength=10
Sending: [{'delegate': 'combat', 'from': 'ItalianBase', 'to': 'ItalianStart', 'unit': 'armour', 'count': 2}, {'delegate': 'combat', 'from': 'ItalianBase', 'to': 'ItalianStart', 'unit': 'artillery', 'count': 2}]

Game  9  Round  23   [MY_MOVE] noncombat
Sending: [{'delegate': 'noncombat', 'from': 'ItalianBase', 'to': 'ItalianStart', 'unit': 'artillery'}]

Game  9  Round  24   [MY_MOVE] purchase
Sending: [{'delegate': 'purchase', 'unit': 'infantry', 'from': '', 'to': 'ItalianBase'}, {'delegate': 'purchase', 'unit': 'artillery', 'from': '', 'to': 'ItalianBase'}, {'delegate': 'purchase', 'unit': 'artillery', 'from': '', 'to': 'ItalianBase'}]

Game  9  Round  24   [MY_MOVE] combat
MCTS ran 149 iterations in 1.0s
Root node visits: 149
Best action visits: 25, value: 0.460
Selected action : combat delegate on ItalianStart
	Move units: 1xartillery from ItalianBase
	Move units: 12xinfantry from ItalianBase
	strength=158
Sending: [{'delegate': 'combat', 'from': 'ItalianBase', 'to': 'ItalianStart', 'unit': 'artillery', 'count': 1}, {'delegate': 'combat', 'from': 'ItalianBase', 'to': 'ItalianStart', 'unit': 'infantry', 'count': 12}]

Game  9  Round  24   [MY_MOVE] noncombat
Sending: []

Game  9  Round  25   [MY_MOVE] purchase
Sending: [{'delegate': 'purchase', 'unit': 'artillery', 'from': '', 'to': 'ItalianBase'}, {'delegate': 'purchase', 'unit': 'armour', 'from': '', 'to': 'ItalianBase'}]

Game  9  Round  25   [MY_MOVE] combat
MCTS ran 152 iterations in 1.0s
Root node visits: 152
Best action visits: 22, value: 0.455
Selected action : combat delegate on ItalianStart
	Move units: 3xartillery from ItalianBase
	Move units: 12xinfantry from ItalianBase
	strength=186
Sending: [{'delegate': 'combat', 'from': 'ItalianBase', 'to': 'ItalianStart', 'unit': 'artillery', 'count': 3}, {'delegate': 'combat', 'from': 'ItalianBase', 'to': 'ItalianStart', 'unit': 'infantry', 'count': 12}]

Game  9  Round  25   [MY_MOVE] noncombat
Sending: []
Graph reset complete.
Starting next game in 5s.
WHOAMI updated: Italians

Game  10  Round  1   [MY_MOVE] purchase
Sending: [{'delegate': 'purchase', 'unit': 'artillery', 'from': '', 'to': 'ItalianBase'}, {'delegate': 'purchase', 'unit': 'armour', 'from': '', 'to': 'ItalianBase'}, {'delegate': 'purchase', 'unit': 'armour', 'from': '', 'to': 'ItalianBase'}]

Game  10  Round  1   [MY_MOVE] combat
MCTS ran 233 iterations in 1.0s
Root node visits: 233
Best action visits: 78, value: -0.072
Selected action : combat delegate on ItalianStartRight
	Move units: 1xarmour from ItalianBase
	strength=3
Sending: [{'delegate': 'combat', 'from': 'ItalianBase', 'to': 'ItalianStartRight', 'unit': 'armour', 'count': 1}]

Game  10  Round  1   [MY_MOVE] noncombat
Sending: [{'delegate': 'noncombat', 'from': 'ItalianStartRight', 'to': 'ItalianBase', 'unit': 'armour'}]

Game  10  Round  2   [MY_MOVE] purchase
Sending: [{'delegate': 'purchase', 'unit': 'infantry', 'from': '', 'to': 'ItalianBase'}, {'delegate': 'purchase', 'unit': 'infantry', 'from': '', 'to': 'ItalianBase'}, {'delegate': 'purchase', 'unit': 'infantry', 'from': '', 'to': 'ItalianBase'}, {'delegate': 'purchase', 'unit': 'armour', 'from': '', 'to': 'ItalianBase'}]

Game  10  Round  2   [MY_MOVE] combat
MCTS ran 178 iterations in 1.0s
Root node visits: 178
Best action visits: 45, value: 0.101
Selected action : combat delegate on ItalianStepOne
	Move units: 1xarmour from ItalianBase
	strength=6
Sending: [{'delegate': 'combat', 'from': 'ItalianBase', 'to': 'ItalianStepOne', 'unit': 'armour', 'count': 1}]

Game  10  Round  2   [MY_MOVE] noncombat
Sending: [{'delegate': 'noncombat', 'from': 'ItalianStepOne', 'to': 'ItalianStartRight', 'unit': 'armour'}]

Game  10  Round  3   [MY_MOVE] purchase
Sending: [{'delegate': 'purchase', 'unit': 'infantry', 'from': '', 'to': 'ItalianBase'}, {'delegate': 'purchase', 'unit': 'artillery', 'from': '', 'to': 'ItalianBase'}, {'delegate': 'purchase', 'unit': 'armour', 'from': '', 'to': 'ItalianBase'}]

Game  10  Round  3   [MY_MOVE] combat
MCTS ran 154 iterations in 1.0s
Root node visits: 154
Best action visits: 31, value: 0.244
Selected action : combat delegate on ItalianStepTwo
	Move units: 1xarmour from ItalianStepOne
	strength=3
Sending: [{'delegate': 'combat', 'from': 'ItalianStepOne', 'to': 'ItalianStepTwo', 'unit': 'armour', 'count': 1}]

Game  10  Round  3   [MY_MOVE] noncombat
Sending: [{'delegate': 'noncombat', 'from': 'ItalianStart', 'to': 'ItalianStepOne', 'unit': 'infantry'}]

Game  10  Round  4   [MY_MOVE] purchase
Sending: [{'delegate': 'purchase', 'unit': 'infantry', 'from': '', 'to': 'ItalianBase'}, {'delegate': 'purchase', 'unit': 'infantry', 'from': '', 'to': 'ItalianBase'}, {'delegate': 'purchase', 'unit': 'artillery', 'from': '', 'to': 'ItalianBase'}, {'delegate': 'purchase', 'unit': 'artillery', 'from': '', 'to': 'ItalianBase'}]

Game  10  Round  4   [MY_MOVE] combat
MCTS ran 139 iterations in 1.0s
Root node visits: 139
Best action visits: 20, value: 0.233
Selected action : combat delegate on TopBar
	Move units: 1xarmour from ItalianStartRight
	strength=3
Sending: [{'delegate': 'combat', 'from': 'ItalianStartRight', 'to': 'TopBar', 'unit': 'armour', 'count': 1}]

Game  10  Round  4   [MY_MOVE] noncombat
Sending: [{'delegate': 'noncombat', 'from': 'ItalianStart', 'to': 'ItalianStartRight', 'unit': 'infantry'}]

Game  10  Round  5   [MY_MOVE] purchase
Sending: [{'delegate': 'purchase', 'unit': 'infantry', 'from': '', 'to': 'ItalianBase'}, {'delegate': 'purchase', 'unit': 'infantry', 'from': '', 'to': 'ItalianBase'}, {'delegate': 'purchase', 'unit': 'infantry', 'from': '', 'to': 'ItalianBase'}, {'delegate': 'purchase', 'unit': 'armour', 'from': '', 'to': 'ItalianBase'}]

Game  10  Round  5   [MY_MOVE] combat
MCTS ran 141 iterations in 1.0s
Root node visits: 141
Best action visits: 24, value: 0.248
Selected action : combat delegate on ItalianStartLeft
	Move units: 1xarmour from ItalianBase
	strength=9
Sending: [{'delegate': 'combat', 'from': 'ItalianBase', 'to': 'ItalianStartLeft', 'unit': 'armour', 'count': 1}]

Game  10  Round  5   [MY_MOVE] noncombat
Sending: [{'delegate': 'noncombat', 'from': 'ItalianBase', 'to': 'ItalianStart', 'unit': 'armour'}]

Game  10  Round  6   [MY_MOVE] purchase
Sending: [{'delegate': 'purchase', 'unit': 'infantry', 'from': '', 'to': 'ItalianBase'}, {'delegate': 'purchase', 'unit': 'infantry', 'from': '', 'to': 'ItalianBase'}, {'delegate': 'purchase', 'unit': 'infantry', 'from': '', 'to': 'ItalianBase'}, {'delegate': 'purchase', 'unit': 'infantry', 'from': '', 'to': 'ItalianBase'}, {'delegate': 'purchase', 'unit': 'infantry', 'from': '', 'to': 'ItalianBase'}, {'delegate': 'purchase', 'unit': 'infantry', 'from': '', 'to': 'ItalianBase'}, {'delegate': 'purchase', 'unit': 'infantry', 'from': '', 'to': 'ItalianBase'}, {'delegate': 'purchase', 'unit': 'infantry', 'from': '', 'to': 'ItalianBase'}, {'delegate': 'purchase', 'unit': 'artillery', 'from': '', 'to': 'ItalianBase'}, {'delegate': 'purchase', 'unit': 'armour', 'from': '', 'to': 'ItalianBase'}]

Game  10  Round  6   [MY_MOVE] combat
MCTS ran 134 iterations in 1.0s
Root node visits: 134
Best action visits: 9, value: 0.226
Selected action : combat delegate on ItalianStartRight
	Move units: 2xarmour from ItalianBase
	Move units: 1xarmour from ItalianStart
	Move units: 1xarmour from ItalianStartLeft
	strength=12
Sending: [{'delegate': 'combat', 'from': 'ItalianBase', 'to': 'ItalianStartRight', 'unit': 'armour', 'count': 2}, {'delegate': 'combat', 'from': 'ItalianStart', 'to': 'ItalianStartRight', 'unit': 'armour', 'count': 1}, {'delegate': 'combat', 'from': 'ItalianStartLeft', 'to': 'ItalianStartRight', 'unit': 'armour', 'count': 1}]

Game  10  Round  6   [MY_MOVE] noncombat
Sending: [{'delegate': 'noncombat', 'from': 'ItalianStartRight', 'to': 'ItalianStart', 'unit': 'armour'}]

Game  10  Round  7   [MY_MOVE] purchase
Sending: [{'delegate': 'purchase', 'unit': 'infantry', 'from': '', 'to': 'ItalianBase'}, {'delegate': 'purchase', 'unit': 'infantry', 'from': '', 'to': 'ItalianBase'}, {'delegate': 'purchase', 'unit': 'infantry', 'from': '', 'to': 'ItalianBase'}, {'delegate': 'purchase', 'unit': 'artillery', 'from': '', 'to': 'ItalianBase'}, {'delegate': 'purchase', 'unit': 'artillery', 'from': '', 'to': 'ItalianBase'}]

Game  10  Round  7   [MY_MOVE] combat
MCTS ran 136 iterations in 1.0s
Root node visits: 136
Best action visits: 10, value: 0.237
Selected action : combat delegate on TopBar
	Move units: 1xarmour from ItalianStartRight
	strength=6
Sending: [{'delegate': 'combat', 'from': 'ItalianStartRight', 'to': 'TopBar', 'unit': 'armour', 'count': 1}]

Game  10  Round  7   [MY_MOVE] noncombat
Sending: [{'delegate': 'noncombat', 'from': 'ItalianStartRight', 'to': 'ItalianBase', 'unit': 'armour'}]

Game  10  Round  8   [MY_MOVE] purchase
Sending: [{'delegate': 'purchase', 'unit': 'infantry', 'from': '', 'to': 'ItalianBase'}, {'delegate': 'purchase', 'unit': 'infantry', 'from': '', 'to': 'ItalianBase'}, {'delegate': 'purchase', 'unit': 'infantry', 'from': '', 'to': 'ItalianBase'}, {'delegate': 'purchase', 'unit': 'infantry', 'from': '', 'to': 'ItalianBase'}, {'delegate': 'purchase', 'unit': 'infantry', 'from': '', 'to': 'ItalianBase'}, {'delegate': 'purchase', 'unit': 'armour', 'from': '', 'to': 'ItalianBase'}]

Game  10  Round  8   [MY_MOVE] combat
MCTS ran 129 iterations in 1.0s
Root node visits: 129
Best action visits: 10, value: 0.266
Selected action : combat delegate on RussianStartLeft
	strength=0
Sending: []

Game  10  Round  8   [MY_MOVE] noncombat
Sending: [{'delegate': 'noncombat', 'from': 'TopBar', 'to': 'ItalianStartRight', 'unit': 'armour'}]

Game  10  Round  9   [MY_MOVE] purchase
Sending: [{'delegate': 'purchase', 'unit': 'infantry', 'from': '', 'to': 'ItalianBase'}, {'delegate': 'purchase', 'unit': 'infantry', 'from': '', 'to': 'ItalianBase'}, {'delegate': 'purchase', 'unit': 'artillery', 'from': '', 'to': 'ItalianBase'}, {'delegate': 'purchase', 'unit': 'artillery', 'from': '', 'to': 'ItalianBase'}, {'delegate': 'purchase', 'unit': 'armour', 'from': '', 'to': 'ItalianBase'}]

Game  10  Round  9   [MY_MOVE] combat
MCTS ran 131 iterations in 1.0s
Root node visits: 131
Best action visits: 10, value: 0.292
Selected action : combat delegate on ItalianStart
	Move units: 3xarmour from ItalianBase
	strength=9
Sending: [{'delegate': 'combat', 'from': 'ItalianBase', 'to': 'ItalianStart', 'unit': 'armour', 'count': 3}]

Game  10  Round  9   [MY_MOVE] noncombat
Sending: [{'delegate': 'noncombat', 'from': 'ItalianBase', 'to': 'ItalianStart', 'unit': 'artillery'}]

Game  10  Round  10   [MY_MOVE] purchase
Sending: [{'delegate': 'purchase', 'unit': 'artillery', 'from': '', 'to': 'ItalianBase'}, {'delegate': 'purchase', 'unit': 'armour', 'from': '', 'to': 'ItalianBase'}]

Game  10  Round  10   [MY_MOVE] combat
MCTS ran 122 iterations in 1.0s
Root node visits: 122
Best action visits: 11, value: 0.258
Selected action : combat delegate on ItalianStartRight
	Move units: 1xarmour from ItalianBase
	Move units: 1xarmour from ItalianStart
	strength=6
Sending: [{'delegate': 'combat', 'from': 'ItalianBase', 'to': 'ItalianStartRight', 'unit': 'armour', 'count': 1}, {'delegate': 'combat', 'from': 'ItalianStart', 'to': 'ItalianStartRight', 'unit': 'armour', 'count': 1}]

Game  10  Round  10   [MY_MOVE] noncombat
Sending: [{'delegate': 'noncombat', 'from': 'ItalianStart', 'to': 'ItalianStartRight', 'unit': 'artillery'}]

Game  10  Round  11   [MY_MOVE] purchase
Sending: [{'delegate': 'purchase', 'unit': 'infantry', 'from': '', 'to': 'ItalianBase'}, {'delegate': 'purchase', 'unit': 'infantry', 'from': '', 'to': 'ItalianBase'}, {'delegate': 'purchase', 'unit': 'infantry', 'from': '', 'to': 'ItalianBase'}, {'delegate': 'purchase', 'unit': 'infantry', 'from': '', 'to': 'ItalianBase'}, {'delegate': 'purchase', 'unit': 'infantry', 'from': '', 'to': 'ItalianBase'}, {'delegate': 'purchase', 'unit': 'infantry', 'from': '', 'to': 'ItalianBase'}, {'delegate': 'purchase', 'unit': 'infantry', 'from': '', 'to': 'ItalianBase'}]

Game  10  Round  11   [MY_MOVE] combat
MCTS ran 128 iterations in 1.0s
Root node visits: 128
Best action visits: 12, value: 0.271
Selected action : combat delegate on ItalianStepOne
	Move units: 1xarmour from ItalianBase
	Move units: 2xarmour from ItalianStart
	strength=9
Sending: [{'delegate': 'combat', 'from': 'ItalianBase', 'to': 'ItalianStepOne', 'unit': 'armour', 'count': 1}, {'delegate': 'combat', 'from': 'ItalianStart', 'to': 'ItalianStepOne', 'unit': 'armour', 'count': 2}]

Game  10  Round  11   [MY_MOVE] noncombat
Sending: [{'delegate': 'noncombat', 'from': 'ItalianBase', 'to': 'ItalianStart', 'unit': 'artillery'}]

Game  10  Round  12   [MY_MOVE] purchase
Sending: [{'delegate': 'purchase', 'unit': 'infantry', 'from': '', 'to': 'ItalianBase'}, {'delegate': 'purchase', 'unit': 'infantry', 'from': '', 'to': 'ItalianBase'}, {'delegate': 'purchase', 'unit': 'infantry', 'from': '', 'to': 'ItalianBase'}, {'delegate': 'purchase', 'unit': 'infantry', 'from': '', 'to': 'ItalianBase'}, {'delegate': 'purchase', 'unit': 'infantry', 'from': '', 'to': 'ItalianBase'}, {'delegate': 'purchase', 'unit': 'artillery', 'from': '', 'to': 'ItalianBase'}]

Game  10  Round  12   [MY_MOVE] combat
MCTS ran 133 iterations in 1.0s
Root node visits: 133
Best action visits: 17, value: 0.279
Selected action : combat delegate on ItalianStart
	Move units: 3xarmour from ItalianStepOne
	Move units: 3xartillery from ItalianBase
	strength=15
Sending: [{'delegate': 'combat', 'from': 'ItalianStepOne', 'to': 'ItalianStart', 'unit': 'armour', 'count': 3}, {'delegate': 'combat', 'from': 'ItalianBase', 'to': 'ItalianStart', 'unit': 'artillery', 'count': 3}]

Game  10  Round  12   [MY_MOVE] noncombat
Sending: [{'delegate': 'noncombat', 'from': 'ItalianStart', 'to': 'ItalianStepTwo', 'unit': 'armour'}]

Game  10  Round  13   [MY_MOVE] purchase
Sending: [{'delegate': 'purchase', 'unit': 'infantry', 'from': '', 'to': 'ItalianBase'}, {'delegate': 'purchase', 'unit': 'infantry', 'from': '', 'to': 'ItalianBase'}, {'delegate': 'purchase', 'unit': 'infantry', 'from': '', 'to': 'ItalianBase'}, {'delegate': 'purchase', 'unit': 'artillery', 'from': '', 'to': 'ItalianBase'}, {'delegate': 'purchase', 'unit': 'artillery', 'from': '', 'to': 'ItalianBase'}]

Game  10  Round  13   [MY_MOVE] combat
MCTS ran 126 iterations in 1.0s
Root node visits: 126
Best action visits: 16, value: 0.275
Selected action : combat delegate on ItalianStepOne
	Move units: 3xarmour from ItalianStart
	strength=9
Sending: [{'delegate': 'combat', 'from': 'ItalianStart', 'to': 'ItalianStepOne', 'unit': 'armour', 'count': 3}]

Game  10  Round  13   [MY_MOVE] noncombat
Sending: [{'delegate': 'noncombat', 'from': 'ItalianBase', 'to': 'ItalianStart', 'unit': 'infantry'}]

Game  10  Round  14   [MY_MOVE] purchase
Sending: [{'delegate': 'purchase', 'unit': 'infantry', 'from': '', 'to': 'ItalianBase'}, {'delegate': 'purchase', 'unit': 'infantry', 'from': '', 'to': 'ItalianBase'}]

Game  10  Round  14   [MY_MOVE] combat
MCTS ran 125 iterations in 1.0s
Root node visits: 125
Best action visits: 18, value: 0.254
Selected action : combat delegate on ItalianStartLeft
	Move units: 3xarmour from ItalianStepOne
	Move units: 3xartillery from ItalianStart
	Move units: 1xinfantry from ItalianStart
	strength=17
Sending: [{'delegate': 'combat', 'from': 'ItalianStepOne', 'to': 'ItalianStartLeft', 'unit': 'armour', 'count': 3}, {'delegate': 'combat', 'from': 'ItalianStart', 'to': 'ItalianStartLeft', 'unit': 'artillery', 'count': 3}, {'delegate': 'combat', 'from': 'ItalianStart', 'to': 'ItalianStartLeft', 'unit': 'infantry', 'count': 1}]

Game  10  Round  14   [MY_MOVE] noncombat
Sending: [{'delegate': 'noncombat', 'from': 'ItalianBase', 'to': 'ItalianStart', 'unit': 'artillery'}]

Game  10  Round  15   [MY_MOVE] purchase
Sending: [{'delegate': 'purchase', 'unit': 'armour', 'from': '', 'to': 'ItalianBase'}, {'delegate': 'purchase', 'unit': 'armour', 'from': '', 'to': 'ItalianBase'}, {'delegate': 'purchase', 'unit': 'armour', 'from': '', 'to': 'ItalianBase'}]

Game  10  Round  15   [MY_MOVE] combat
MCTS ran 133 iterations in 1.0s
Root node visits: 133
Best action visits: 15, value: 0.255
Selected action : combat delegate on ItalianStartRight
	Move units: 3xarmour from ItalianStart
	strength=9
Sending: [{'delegate': 'combat', 'from': 'ItalianStart', 'to': 'ItalianStartRight', 'unit': 'armour', 'count': 3}]

Game  10  Round  15   [MY_MOVE] noncombat
Sending: [{'delegate': 'noncombat', 'from': 'ItalianStart', 'to': 'ItalianBase', 'unit': 'artillery'}]

Game  10  Round  16   [MY_MOVE] purchase
Sending: [{'delegate': 'purchase', 'unit': 'infantry', 'from': '', 'to': 'ItalianBase'}, {'delegate': 'purchase', 'unit': 'artillery', 'from': '', 'to': 'ItalianBase'}, {'delegate': 'purchase', 'unit': 'artillery', 'from': '', 'to': 'ItalianBase'}, {'delegate': 'purchase', 'unit': 'artillery', 'from': '', 'to': 'ItalianBase'}, {'delegate': 'purchase', 'unit': 'artillery', 'from': '', 'to': 'ItalianBase'}]

Game  10  Round  16   [MY_MOVE] combat
MCTS ran 129 iterations in 1.0s
Root node visits: 129
Best action visits: 33, value: 0.275
Selected action : combat delegate on ItalianStart
	strength=0
Sending: []

Game  10  Round  16   [MY_MOVE] noncombat
Sending: []

Game  10  Round  17   [MY_MOVE] purchase
Sending: [{'delegate': 'purchase', 'unit': 'infantry', 'from': '', 'to': 'ItalianBase'}, {'delegate': 'purchase', 'unit': 'infantry', 'from': '', 'to': 'ItalianBase'}, {'delegate': 'purchase', 'unit': 'infantry', 'from': '', 'to': 'ItalianBase'}, {'delegate': 'purchase', 'unit': 'infantry', 'from': '', 'to': 'ItalianBase'}]

Game  10  Round  17   [MY_MOVE] combat
MCTS ran 128 iterations in 1.0s
Root node visits: 128
Best action visits: 32, value: 0.288
Selected action : combat delegate on ItalianStart
	Move units: 3xarmour from ItalianBase
	strength=9
Sending: [{'delegate': 'combat', 'from': 'ItalianBase', 'to': 'ItalianStart', 'unit': 'armour', 'count': 3}]

Game  10  Round  17   [MY_MOVE] noncombat
Sending: [{'delegate': 'noncombat', 'from': 'ItalianBase', 'to': 'ItalianStart', 'unit': 'artillery'}]

Game  10  Round  18   [MY_MOVE] purchase
Sending: [{'delegate': 'purchase', 'unit': 'armour', 'from': '', 'to': 'ItalianBase'}]

Game  10  Round  18   [MY_MOVE] combat
MCTS ran 132 iterations in 1.0s
Root node visits: 132
Best action visits: 22, value: 0.315
Selected action : combat delegate on ItalianStartLeft
	Move units: 3xarmour from ItalianStart
	Move units: 1xartillery from ItalianStart
	strength=11
Sending: [{'delegate': 'combat', 'from': 'ItalianStart', 'to': 'ItalianStartLeft', 'unit': 'armour', 'count': 3}, {'delegate': 'combat', 'from': 'ItalianStart', 'to': 'ItalianStartLeft', 'unit': 'artillery', 'count': 1}]

Game  10  Round  18   [MY_MOVE] noncombat
Sending: [{'delegate': 'noncombat', 'from': 'ItalianStart', 'to': 'ItalianBase', 'unit': 'armour'}]

Game  10  Round  19   [MY_MOVE] purchase
Sending: [{'delegate': 'purchase', 'unit': 'artillery', 'from': '', 'to': 'ItalianBase'}, {'delegate': 'purchase', 'unit': 'artillery', 'from': '', 'to': 'ItalianBase'}, {'delegate': 'purchase', 'unit': 'artillery', 'from': '', 'to': 'ItalianBase'}, {'delegate': 'purchase', 'unit': 'artillery', 'from': '', 'to': 'ItalianBase'}]

Game  10  Round  19   [MY_MOVE] combat
MCTS ran 128 iterations in 1.0s
Root node visits: 128
Best action visits: 16, value: 0.302
Selected action : combat delegate on ItalianStart
	Move units: 1xarmour from ItalianBase
	Move units: 8xartillery from ItalianBase
	strength=19
Sending: [{'delegate': 'combat', 'from': 'ItalianBase', 'to': 'ItalianStart', 'unit': 'armour', 'count': 1}, {'delegate': 'combat', 'from': 'ItalianBase', 'to': 'ItalianStart', 'unit': 'artillery', 'count': 8}]

Game  10  Round  19   [MY_MOVE] noncombat
Sending: [{'delegate': 'noncombat', 'from': 'ItalianBase', 'to': 'ItalianStart', 'unit': 'artillery'}]

Game  10  Round  20   [MY_MOVE] purchase
Sending: [{'delegate': 'purchase', 'unit': 'artillery', 'from': '', 'to': 'ItalianBase'}, {'delegate': 'purchase', 'unit': 'artillery', 'from': '', 'to': 'ItalianBase'}, {'delegate': 'purchase', 'unit': 'armour', 'from': '', 'to': 'ItalianBase'}]

Game  10  Round  20   [MY_MOVE] combat
MCTS ran 129 iterations in 1.0s
Root node visits: 129
Best action visits: 19, value: 0.316
Selected action : combat delegate on ItalianStartRight
	Move units: 1xarmour from ItalianStart
	Move units: 6xartillery from ItalianStart
	strength=15
Sending: [{'delegate': 'combat', 'from': 'ItalianStart', 'to': 'ItalianStartRight', 'unit': 'armour', 'count': 1}, {'delegate': 'combat', 'from': 'ItalianStart', 'to': 'ItalianStartRight', 'unit': 'artillery', 'count': 6}]

Game  10  Round  20   [MY_MOVE] noncombat
Sending: [{'delegate': 'noncombat', 'from': 'ItalianBase', 'to': 'ItalianStart', 'unit': 'artillery'}]

Game  10  Round  21   [MY_MOVE] purchase
Sending: [{'delegate': 'purchase', 'unit': 'artillery', 'from': '', 'to': 'ItalianBase'}, {'delegate': 'purchase', 'unit': 'artillery', 'from': '', 'to': 'ItalianBase'}]

Game  10  Round  21   [MY_MOVE] combat
MCTS ran 136 iterations in 1.0s
Root node visits: 136
Best action visits: 17, value: 0.441
Selected action : combat delegate on ItalianStart
	Move units: 1xarmour from ItalianBase
	Move units: 7xartillery from ItalianBase
	Move units: 2xinfantry from ItalianBase
	strength=25
Sending: [{'delegate': 'combat', 'from': 'ItalianBase', 'to': 'ItalianStart', 'unit': 'armour', 'count': 1}, {'delegate': 'combat', 'from': 'ItalianBase', 'to': 'ItalianStart', 'unit': 'artillery', 'count': 7}, {'delegate': 'combat', 'from': 'ItalianBase', 'to': 'ItalianStart', 'unit': 'infantry', 'count': 2}]

Game  10  Round  21   [MY_MOVE] noncombat
Sending: [{'delegate': 'noncombat', 'from': 'ItalianBase', 'to': 'ItalianStart', 'unit': 'infantry'}]

Game  10  Round  22   [MY_MOVE] purchase
Sending: [{'delegate': 'purchase', 'unit': 'infantry', 'from': '', 'to': 'ItalianBase'}, {'delegate': 'purchase', 'unit': 'infantry', 'from': '', 'to': 'ItalianBase'}, {'delegate': 'purchase', 'unit': 'infantry', 'from': '', 'to': 'ItalianBase'}, {'delegate': 'purchase', 'unit': 'artillery', 'from': '', 'to': 'ItalianBase'}]

Game  10  Round  22   [MY_MOVE] combat
MCTS ran 127 iterations in 1.0s
Root node visits: 127
Best action visits: 11, value: 0.409
Selected action : combat delegate on ItalianStartLeft
	Move units: 1xarmour from ItalianStart
	Move units: 7xartillery from ItalianStart
	Move units: 2xinfantry from ItalianStart
	strength=25
Sending: [{'delegate': 'combat', 'from': 'ItalianStart', 'to': 'ItalianStartLeft', 'unit': 'armour', 'count': 1}, {'delegate': 'combat', 'from': 'ItalianStart', 'to': 'ItalianStartLeft', 'unit': 'artillery', 'count': 7}, {'delegate': 'combat', 'from': 'ItalianStart', 'to': 'ItalianStartLeft', 'unit': 'infantry', 'count': 2}]

Game  10  Round  22   [MY_MOVE] noncombat
Sending: [{'delegate': 'noncombat', 'from': 'ItalianBase', 'to': 'ItalianStart', 'unit': 'infantry'}]

Game  10  Round  23   [MY_MOVE] purchase
Sending: [{'delegate': 'purchase', 'unit': 'infantry', 'from': '', 'to': 'ItalianBase'}, {'delegate': 'purchase', 'unit': 'artillery', 'from': '', 'to': 'ItalianBase'}, {'delegate': 'purchase', 'unit': 'artillery', 'from': '', 'to': 'ItalianBase'}, {'delegate': 'purchase', 'unit': 'armour', 'from': '', 'to': 'ItalianBase'}]

Game  10  Round  23   [MY_MOVE] combat
MCTS ran 135 iterations in 1.0s
Root node visits: 135
Best action visits: 15, value: 0.433
Selected action : combat delegate on ItalianStartLeft
	Move units: 1xarmour from ItalianStart
	Move units: 3xartillery from ItalianStart
	Move units: 1xinfantry from ItalianStart
	strength=11
Sending: [{'delegate': 'combat', 'from': 'ItalianStart', 'to': 'ItalianStartLeft', 'unit': 'armour', 'count': 1}, {'delegate': 'combat', 'from': 'ItalianStart', 'to': 'ItalianStartLeft', 'unit': 'artillery', 'count': 3}, {'delegate': 'combat', 'from': 'ItalianStart', 'to': 'ItalianStartLeft', 'unit': 'infantry', 'count': 1}]

Game  10  Round  23   [MY_MOVE] noncombat
Sending: [{'delegate': 'noncombat', 'from': 'ItalianBase', 'to': 'ItalianStart', 'unit': 'infantry'}]

Game  10  Round  24   [MY_MOVE] purchase
Sending: [{'delegate': 'purchase', 'unit': 'armour', 'from': '', 'to': 'ItalianBase'}, {'delegate': 'purchase', 'unit': 'armour', 'from': '', 'to': 'ItalianBase'}, {'delegate': 'purchase', 'unit': 'armour', 'from': '', 'to': 'ItalianBase'}]

Game  10  Round  24   [MY_MOVE] combat
MCTS ran 130 iterations in 1.0s
Root node visits: 130
Best action visits: 19, value: 0.447
Selected action : combat delegate on ItalianStart
	Move units: 1xarmour from ItalianBase
	Move units: 5xartillery from ItalianBase
	Move units: 2xinfantry from ItalianBase
	strength=21
Sending: [{'delegate': 'combat', 'from': 'ItalianBase', 'to': 'ItalianStart', 'unit': 'armour', 'count': 1}, {'delegate': 'combat', 'from': 'ItalianBase', 'to': 'ItalianStart', 'unit': 'artillery', 'count': 5}, {'delegate': 'combat', 'from': 'ItalianBase', 'to': 'ItalianStart', 'unit': 'infantry', 'count': 2}]

Game  10  Round  24   [MY_MOVE] noncombat
Sending: [{'delegate': 'noncombat', 'from': 'ItalianBase', 'to': 'ItalianStart', 'unit': 'infantry'}]

Game  10  Round  25   [MY_MOVE] purchase
Sending: [{'delegate': 'purchase', 'unit': 'infantry', 'from': '', 'to': 'ItalianBase'}, {'delegate': 'purchase', 'unit': 'artillery', 'from': '', 'to': 'ItalianBase'}, {'delegate': 'purchase', 'unit': 'artillery', 'from': '', 'to': 'ItalianBase'}]

Game  10  Round  25   [MY_MOVE] combat
MCTS ran 132 iterations in 1.0s
Root node visits: 132
Best action visits: 14, value: 0.429
Selected action : combat delegate on ItalianStepOne
	Move units: 3xarmour from ItalianBase
	Move units: 1xarmour from ItalianStart
	Move units: 5xartillery from ItalianStart
	Move units: 1xinfantry from ItalianStart
	strength=24
Sending: [{'delegate': 'combat', 'from': 'ItalianBase', 'to': 'ItalianStepOne', 'unit': 'armour', 'count': 3}, {'delegate': 'combat', 'from': 'ItalianStart', 'to': 'ItalianStepOne', 'unit': 'armour', 'count': 1}, {'delegate': 'combat', 'from': 'ItalianStart', 'to': 'ItalianStepOne', 'unit': 'artillery', 'count': 5}, {'delegate': 'combat', 'from': 'ItalianStart', 'to': 'ItalianStepOne', 'unit': 'infantry', 'count': 1}]

Game  10  Round  25   [MY_MOVE] noncombat
Sending: [{'delegate': 'noncombat', 'from': 'ItalianStart', 'to': 'ItalianBase', 'unit': 'armour'}]

Game  10  Round  26   [MY_MOVE] purchase
Sending: [{'delegate': 'purchase', 'unit': 'infantry', 'from': '', 'to': 'ItalianBase'}, {'delegate': 'purchase', 'unit': 'infantry', 'from': '', 'to': 'ItalianBase'}, {'delegate': 'purchase', 'unit': 'artillery', 'from': '', 'to': 'ItalianBase'}]

Game  10  Round  26   [MY_MOVE] combat
MCTS ran 138 iterations in 1.0s
Root node visits: 138
Best action visits: 35, value: 0.443
Selected action : combat delegate on ItalianStart
	Move units: 2xartillery from ItalianBase
	Move units: 3xinfantry from ItalianBase
	strength=19
Sending: [{'delegate': 'combat', 'from': 'ItalianBase', 'to': 'ItalianStart', 'unit': 'artillery', 'count': 2}, {'delegate': 'combat', 'from': 'ItalianBase', 'to': 'ItalianStart', 'unit': 'infantry', 'count': 3}]

Game  10  Round  26   [MY_MOVE] noncombat
Sending: [{'delegate': 'noncombat', 'from': 'ItalianBase', 'to': 'ItalianStart', 'unit': 'infantry'}]

Game  10  Round  27   [MY_MOVE] purchase
Sending: [{'delegate': 'purchase', 'unit': 'artillery', 'from': '', 'to': 'ItalianBase'}, {'delegate': 'purchase', 'unit': 'artillery', 'from': '', 'to': 'ItalianBase'}, {'delegate': 'purchase', 'unit': 'artillery', 'from': '', 'to': 'ItalianBase'}]

Game  10  Round  27   [MY_MOVE] combat
MCTS ran 130 iterations in 1.0s
Root node visits: 130
Best action visits: 17, value: 0.441
Selected action : combat delegate on ItalianStartRight
	Move units: 2xartillery from ItalianStart
	Move units: 4xinfantry from ItalianStart
	strength=28
Sending: [{'delegate': 'combat', 'from': 'ItalianStart', 'to': 'ItalianStartRight', 'unit': 'artillery', 'count': 2}, {'delegate': 'combat', 'from': 'ItalianStart', 'to': 'ItalianStartRight', 'unit': 'infantry', 'count': 4}]

Game  10  Round  27   [MY_MOVE] noncombat
Sending: [{'delegate': 'noncombat', 'from': 'ItalianBase', 'to': 'ItalianStart', 'unit': 'infantry'}]

Game  10  Round  28   [MY_MOVE] purchase
Sending: [{'delegate': 'purchase', 'unit': 'infantry', 'from': '', 'to': 'ItalianBase'}, {'delegate': 'purchase', 'unit': 'infantry', 'from': '', 'to': 'ItalianBase'}, {'delegate': 'purchase', 'unit': 'infantry', 'from': '', 'to': 'ItalianBase'}, {'delegate': 'purchase', 'unit': 'artillery', 'from': '', 'to': 'ItalianBase'}]

Game  10  Round  28   [MY_MOVE] combat
MCTS ran 140 iterations in 1.0s
Root node visits: 140
Best action visits: 28, value: 0.464
Selected action : combat delegate on ItalianStart
	Move units: 4xartillery from ItalianBase
	Move units: 3xinfantry from ItalianBase
	strength=26
Sending: [{'delegate': 'combat', 'from': 'ItalianBase', 'to': 'ItalianStart', 'unit': 'artillery', 'count': 4}, {'delegate': 'combat', 'from': 'ItalianBase', 'to': 'ItalianStart', 'unit': 'infantry', 'count': 3}]

Game  10  Round  28   [MY_MOVE] noncombat
Sending: [{'delegate': 'noncombat', 'from': 'ItalianStart', 'to': 'ItalianBase', 'unit': 'artillery'}]

Game  10  Round  29   [MY_MOVE] purchase
Sending: [{'delegate': 'purchase', 'unit': 'infantry', 'from': '', 'to': 'ItalianBase'}, {'delegate': 'purchase', 'unit': 'artillery', 'from': '', 'to': 'ItalianBase'}, {'delegate': 'purchase', 'unit': 'armour', 'from': '', 'to': 'ItalianBase'}]

Game  10  Round  29   [MY_MOVE] combat
MCTS ran 151 iterations in 1.0s
Root node visits: 151
Best action visits: 26, value: 0.462
Selected action : combat delegate on ItalianStartLeft
	Move units: 4xartillery from ItalianStart
	Move units: 2xinfantry from ItalianStart
	strength=16
Sending: [{'delegate': 'combat', 'from': 'ItalianStart', 'to': 'ItalianStartLeft', 'unit': 'artillery', 'count': 4}, {'delegate': 'combat', 'from': 'ItalianStart', 'to': 'ItalianStartLeft', 'unit': 'infantry', 'count': 2}]

Game  10  Round  29   [MY_MOVE] noncombat
Sending: [{'delegate': 'noncombat', 'from': 'ItalianBase', 'to': 'ItalianStart', 'unit': 'artillery'}]

Game  10  Round  30   [MY_MOVE] purchase
Sending: [{'delegate': 'purchase', 'unit': 'infantry', 'from': '', 'to': 'ItalianBase'}, {'delegate': 'purchase', 'unit': 'infantry', 'from': '', 'to': 'ItalianBase'}, {'delegate': 'purchase', 'unit': 'infantry', 'from': '', 'to': 'ItalianBase'}, {'delegate': 'purchase', 'unit': 'infantry', 'from': '', 'to': 'ItalianBase'}]

Game  10  Round  30   [MY_MOVE] combat
MCTS ran 137 iterations in 1.0s
Root node visits: 137
Best action visits: 23, value: 0.457
Selected action : combat delegate on ItalianStart
	Move units: 1xarmour from ItalianBase
	Move units: 1xartillery from ItalianBase
	Move units: 12xinfantry from ItalianBase
	strength=161
Sending: [{'delegate': 'combat', 'from': 'ItalianBase', 'to': 'ItalianStart', 'unit': 'armour', 'count': 1}, {'delegate': 'combat', 'from': 'ItalianBase', 'to': 'ItalianStart', 'unit': 'artillery', 'count': 1}, {'delegate': 'combat', 'from': 'ItalianBase', 'to': 'ItalianStart', 'unit': 'infantry', 'count': 12}]

Game  10  Round  30   [MY_MOVE] noncombat
Sending: []

Game  10  Round  31   [MY_MOVE] purchase
Sending: [{'delegate': 'purchase', 'unit': 'infantry', 'from': '', 'to': 'ItalianBase'}, {'delegate': 'purchase', 'unit': 'artillery', 'from': '', 'to': 'ItalianBase'}, {'delegate': 'purchase', 'unit': 'armour', 'from': '', 'to': 'ItalianBase'}]

Game  10  Round  31   [MY_MOVE] combat
MCTS ran 140 iterations in 1.0s
Root node visits: 140
Best action visits: 28, value: 0.464
Selected action : combat delegate on ItalianStart
	Move units: 1xarmour from ItalianBase
	Move units: 1xartillery from ItalianBase
	Move units: 2xinfantry from ItalianBase
	strength=11
Sending: [{'delegate': 'combat', 'from': 'ItalianBase', 'to': 'ItalianStart', 'unit': 'armour', 'count': 1}, {'delegate': 'combat', 'from': 'ItalianBase', 'to': 'ItalianStart', 'unit': 'artillery', 'count': 1}, {'delegate': 'combat', 'from': 'ItalianBase', 'to': 'ItalianStart', 'unit': 'infantry', 'count': 2}]

Game  10  Round  31   [MY_MOVE] noncombat
Sending: [{'delegate': 'noncombat', 'from': 'ItalianBase', 'to': 'ItalianStart', 'unit': 'infantry'}]

Game  10  Round  32   [MY_MOVE] purchase
Sending: [{'delegate': 'purchase', 'unit': 'armour', 'from': '', 'to': 'ItalianBase'}]

Game  10  Round  32   [MY_MOVE] combat
MCTS ran 138 iterations in 1.0s
Root node visits: 138
Best action visits: 20, value: 0.450
Selected action : combat delegate on ItalianStart
	Move units: 1xarmour from ItalianBase
	Move units: 1xartillery from ItalianBase
	Move units: 14xinfantry from ItalianBase
	strength=215
Sending: [{'delegate': 'combat', 'from': 'ItalianBase', 'to': 'ItalianStart', 'unit': 'armour', 'count': 1}, {'delegate': 'combat', 'from': 'ItalianBase', 'to': 'ItalianStart', 'unit': 'artillery', 'count': 1}, {'delegate': 'combat', 'from': 'ItalianBase', 'to': 'ItalianStart', 'unit': 'infantry', 'count': 14}]

Game  10  Round  32   [MY_MOVE] noncombat
Sending: []
Graph reset complete.
Starting next game in 5s.
