Starting a Gradle Daemon (subsequent builds will be faster)
> Task :game-app:domain-data:compileJava UP-TO-DATE
> Task :lib:java-extras:compileJava UP-TO-DATE
> Task :lib:websocket-client:compileJava UP-TO-DATE
> Task :lib:feign-common:compileJava UP-TO-DATE
> Task :lib:websocket-server:compileJava UP-TO-DATE
> Task :lib:websocket-server:processResources NO-SOURCE
> Task :lib:websocket-server:classes UP-TO-DATE
> Task :lib:websocket-server:jar UP-TO-DATE
> Task :game-app:game-relay-server:compileJava UP-TO-DATE
> Task :game-app:game-relay-server:processResources NO-SOURCE
> Task :game-app:game-relay-server:classes UP-TO-DATE
> Task :game-app:game-relay-server:jar UP-TO-DATE
> Task :lib:xml-reader:compileJava UP-TO-DATE
> Task :lib:xml-reader:processResources NO-SOURCE
> Task :lib:xml-reader:classes UP-TO-DATE
> Task :lib:xml-reader:jar UP-TO-DATE
> Task :game-app:map-data:compileJava UP-TO-DATE
> Task :game-app:map-data:processResources NO-SOURCE
> Task :game-app:map-data:classes UP-TO-DATE
> Task :game-app:map-data:jar UP-TO-DATE
> Task :http-clients:lobby-client:compileJava UP-TO-DATE
> Task :lib:swing-lib:compileJava UP-TO-DATE
> Task :lib:swing-lib:processResources NO-SOURCE
> Task :lib:swing-lib:classes UP-TO-DATE
> Task :lib:swing-lib:jar UP-TO-DATE
> Task :game-app:game-core:compileJava UP-TO-DATE
> Task :game-app:game-core:processResources UP-TO-DATE
> Task :game-app:game-core:classes UP-TO-DATE
> Task :game-app:game-core:jar UP-TO-DATE
> Task :game-app:ai:compileJava UP-TO-DATE
> Task :game-app:ai:processResources NO-SOURCE
> Task :game-app:ai:classes UP-TO-DATE
> Task :game-app:ai:jar UP-TO-DATE
> Task :game-app:domain-data:processResources NO-SOURCE
> Task :game-app:domain-data:classes UP-TO-DATE
> Task :game-app:domain-data:jar UP-TO-DATE
> Task :game-app:game-headed:compileJava UP-TO-DATE
> Task :game-app:game-headed:processResources UP-TO-DATE
> Task :game-app:game-headed:classes UP-TO-DATE

> Task :game-app:game-headed:downloadAssets
Download https://github.com/triplea-game/assets/releases/download/47/game_headed_assets.zip

> Task :http-clients:lobby-client:processResources NO-SOURCE
> Task :http-clients:lobby-client:classes UP-TO-DATE
> Task :http-clients:lobby-client:jar UP-TO-DATE
> Task :lib:feign-common:processResources NO-SOURCE
> Task :lib:feign-common:classes UP-TO-DATE
> Task :lib:feign-common:jar UP-TO-DATE
> Task :lib:java-extras:processResources NO-SOURCE
> Task :lib:java-extras:classes UP-TO-DATE
> Task :lib:java-extras:jar UP-TO-DATE
> Task :lib:websocket-client:processResources NO-SOURCE
> Task :lib:websocket-client:classes UP-TO-DATE
> Task :lib:websocket-client:jar UP-TO-DATE

> Task :game-app:game-headed:run
11:34:24,701 |-INFO in ch.qos.logback.classic.LoggerContext[default] - This is logback-classic version 1.5.18
11:34:24,702 |-INFO in ch.qos.logback.classic.util.ContextInitializer@1afd44cb - No custom configurators were discovered as a service.
11:34:24,702 |-INFO in ch.qos.logback.classic.util.ContextInitializer@1afd44cb - Trying to configure with ch.qos.logback.classic.joran.SerializedModelConfigurator
11:34:24,702 |-INFO in ch.qos.logback.classic.util.ContextInitializer@1afd44cb - Constructed configurator of type class ch.qos.logback.classic.joran.SerializedModelConfigurator
11:34:24,706 |-INFO in ch.qos.logback.classic.LoggerContext[default] - Could NOT find resource [logback-test.scmo]
11:34:24,706 |-INFO in ch.qos.logback.classic.LoggerContext[default] - Could NOT find resource [logback.scmo]
11:34:24,711 |-INFO in ch.qos.logback.classic.util.ContextInitializer@1afd44cb - ch.qos.logback.classic.joran.SerializedModelConfigurator.configure() call lasted 4 milliseconds. ExecutionStatus=INVOKE_NEXT_IF_ANY
11:34:24,711 |-INFO in ch.qos.logback.classic.util.ContextInitializer@1afd44cb - Trying to configure with ch.qos.logback.classic.util.DefaultJoranConfigurator
11:34:24,712 |-INFO in ch.qos.logback.classic.util.ContextInitializer@1afd44cb - Constructed configurator of type class ch.qos.logback.classic.util.DefaultJoranConfigurator
11:34:24,712 |-INFO in ch.qos.logback.classic.LoggerContext[default] - Could NOT find resource [logback-test.xml]
11:34:24,714 |-INFO in ch.qos.logback.classic.LoggerContext[default] - Found resource [logback.xml] at [file:/home/sanjana/tripleMind/triplea/game-app/game-headed/build/resources/main/logback.xml]
11:34:24,762 |-INFO in ch.qos.logback.core.model.processor.AppenderModelHandler - Processing appender named [swingMessage]
11:34:24,762 |-INFO in ch.qos.logback.core.model.processor.AppenderModelHandler - About to instantiate appender of type [org.triplea.debug.Slf4jLogMessageUploader]
11:34:24,763 |-INFO in ch.qos.logback.core.model.processor.AppenderModelHandler - Processing appender named [FILE]
11:34:24,763 |-INFO in ch.qos.logback.core.model.processor.AppenderModelHandler - About to instantiate appender of type [ch.qos.logback.core.rolling.RollingFileAppender]
11:34:24,766 |-INFO in ch.qos.logback.core.model.processor.ModelInterpretationContext@6973b51b - value "/home/sanjana/triplea/triplea.log" substituted for "${user.home}/triplea/triplea.log"
11:34:24,768 |-INFO in ch.qos.logback.core.model.processor.ImplicitModelHandler - Assuming default type [ch.qos.logback.classic.encoder.PatternLayoutEncoder] for [encoder] property
11:34:24,789 |-INFO in c.q.l.core.rolling.SizeAndTimeBasedRollingPolicy@447981768 - setting totalSizeCap to 10 MB
11:34:24,789 |-INFO in c.q.l.core.rolling.SizeAndTimeBasedRollingPolicy@447981768 - Archive files will be limited to [1 MB] each.
11:34:24,789 |-INFO in c.q.l.core.rolling.SizeAndTimeBasedRollingPolicy@447981768 - No compression will be used
11:34:24,791 |-INFO in c.q.l.core.rolling.SizeAndTimeBasedRollingPolicy@447981768 - Will use the pattern triplea-%d{yyyy-MM-dd}.%i.log for the active file
11:34:24,799 |-INFO in ch.qos.logback.core.rolling.SizeAndTimeBasedFileNamingAndTriggeringPolicy@43195e57 - The date pattern is 'yyyy-MM-dd' from file name pattern 'triplea-%d{yyyy-MM-dd}.%i.log'.
11:34:24,799 |-INFO in ch.qos.logback.core.rolling.SizeAndTimeBasedFileNamingAndTriggeringPolicy@43195e57 - Roll-over at midnight.
11:34:24,801 |-INFO in ch.qos.logback.core.rolling.SizeAndTimeBasedFileNamingAndTriggeringPolicy@43195e57 - Setting initial period to 2026-01-27T21:37:19.275Z
11:34:24,803 |-INFO in ch.qos.logback.core.rolling.RollingFileAppender[FILE] - Active log file name: /home/sanjana/triplea/triplea.log
11:34:24,805 |-INFO in ch.qos.logback.core.rolling.RollingFileAppender[FILE] - Setting currentFileLength to 3881 for /home/sanjana/triplea/triplea.log
11:34:24,805 |-INFO in ch.qos.logback.core.rolling.RollingFileAppender[FILE] - File property is set to [/home/sanjana/triplea/triplea.log]
11:34:24,805 |-INFO in ch.qos.logback.core.model.processor.AppenderModelHandler - Processing appender named [console]
11:34:24,805 |-INFO in ch.qos.logback.core.model.processor.AppenderModelHandler - About to instantiate appender of type [ch.qos.logback.core.ConsoleAppender]
11:34:24,806 |-WARN in ch.qos.logback.core.ConsoleAppender[console] - This appender no longer admits a layout as a sub-component, set an encoder instead.
11:34:24,806 |-WARN in ch.qos.logback.core.ConsoleAppender[console] - To ensure compatibility, wrapping your layout in LayoutWrappingEncoder.
11:34:24,806 |-WARN in ch.qos.logback.core.ConsoleAppender[console] - See also https://logback.qos.ch/codes.html#layoutInsteadOfEncoder for details
11:34:24,806 |-INFO in ch.qos.logback.core.ConsoleAppender[console] - BEWARE: Writing to the console can be very slow. Avoid logging to the 
11:34:24,806 |-INFO in ch.qos.logback.core.ConsoleAppender[console] - console in production environments, especially in high volume systems.
11:34:24,806 |-INFO in ch.qos.logback.core.ConsoleAppender[console] - See also https://logback.qos.ch/codes.html#slowConsole
11:34:24,806 |-INFO in ch.qos.logback.classic.model.processor.RootLoggerModelHandler - Setting level of ROOT logger to DEBUG
11:34:24,806 |-INFO in ch.qos.logback.core.model.processor.AppenderRefModelHandler - Attaching appender named [swingMessage] to Logger[ROOT]
11:34:24,806 |-INFO in ch.qos.logback.core.model.processor.AppenderRefModelHandler - Attaching appender named [console] to Logger[ROOT]
11:34:24,806 |-INFO in ch.qos.logback.core.model.processor.AppenderRefModelHandler - Attaching appender named [FILE] to Logger[ROOT]
11:34:24,807 |-INFO in ch.qos.logback.classic.model.processor.LoggerModelHandler - Setting level of logger [org.apache.http] to INFO
11:34:24,807 |-INFO in ch.qos.logback.core.model.processor.DefaultProcessor@333291e3 - End of configuration.
11:34:24,807 |-INFO in ch.qos.logback.classic.joran.JoranConfigurator@479d31f3 - Registering current configuration as safe fallback point
11:34:24,807 |-INFO in ch.qos.logback.classic.util.ContextInitializer@1afd44cb - ch.qos.logback.classic.util.DefaultJoranConfigurator.configure() call lasted 95 milliseconds. ExecutionStatus=DO_NOT_INVOKE_NEXT_IF_ANY

11:34:24.928 [main] INFO  o.t.game.client.HeadedGameRunner - Launching game, version: 2.7+00000 
11:34:25.040 [Thread-5] DEBUG g.s.e.data.gameparser.GameParser - Parsing game XML: /home/sanjana/triplea/downloadedMaps/capture_the_flag/map/games/capture_the_flag.xml
Request sent: [MY_MOVE] purchase
Received move: [{"delegate": "purchase", "unit": "armour", "from": "", "to": "ChineseBase"}, {"delegate": "purchase", "unit": "armour", "from": "", "to": "ChineseBase"}, {"delegate": "purchase", "unit": "armour", "from": "", "to": "ChineseBase"}]
Request sent: [MY_MOVE] combat
Received move: [{"delegate": "combat", "from": "ChineseBase", "to": "ChineseStartLeft", "unit": "armour", "count": 1}]
UnitType{name=armour}
Request sent: [MY_MOVE] noncombat
Received move: [{"delegate": "noncombat", "from": "ChineseStart", "to": "ChineseStartLeft", "unit": "infantry"}]
UnitType{name=infantry}
Request sent: [MY_MOVE] purchase
Received move: [{"delegate": "purchase", "unit": "infantry", "from": "", "to": "ChineseBase"}, {"delegate": "purchase", "unit": "artillery", "from": "", "to": "ChineseBase"}, {"delegate": "purchase", "unit": "artillery", "from": "", "to": "ChineseBase"}, {"delegate": "purchase", "unit": "artillery", "from": "", "to": "ChineseBase"}]
Request sent: [MY_MOVE] combat
Received move: [{"delegate": "combat", "from": "ChineseBase", "to": "ChineseStepOne", "unit": "armour", "count": 1}]
UnitType{name=armour}
Request sent: [MY_MOVE] noncombat
Received move: [{"delegate": "noncombat", "from": "ChineseStepOne", "to": "ChineseBase", "unit": "armour"}]
UnitType{name=armour}
Request sent: [MY_MOVE] purchase
Received move: [{"delegate": "purchase", "unit": "infantry", "from": "", "to": "ChineseBase"}, {"delegate": "purchase", "unit": "infantry", "from": "", "to": "ChineseBase"}, {"delegate": "purchase", "unit": "infantry", "from": "", "to": "ChineseBase"}, {"delegate": "purchase", "unit": "infantry", "from": "", "to": "ChineseBase"}, {"delegate": "purchase", "unit": "artillery", "from": "", "to": "ChineseBase"}, {"delegate": "purchase", "unit": "armour", "from": "", "to": "ChineseBase"}]
Request sent: [MY_MOVE] combat
Received move: [{"delegate": "combat", "from": "ChineseBase", "to": "ChineseStartRight", "unit": "armour", "count": 1}]
UnitType{name=armour}
Request sent: [MY_MOVE] noncombat
Received move: [{"delegate": "noncombat", "from": "ChineseStartLeft", "to": "ChineseBase", "unit": "armour"}]
UnitType{name=armour}
Request sent: [MY_MOVE] purchase
Received move: [{"delegate": "purchase", "unit": "infantry", "from": "", "to": "ChineseBase"}, {"delegate": "purchase", "unit": "artillery", "from": "", "to": "ChineseBase"}, {"delegate": "purchase", "unit": "armour", "from": "", "to": "ChineseBase"}, {"delegate": "purchase", "unit": "armour", "from": "", "to": "ChineseBase"}]
Request sent: [MY_MOVE] combat
Received move: [{"delegate": "combat", "from": "ChineseStepOne", "to": "ChineseStepTwo", "unit": "armour", "count": 1}]
UnitType{name=armour}
Request sent: [MY_MOVE] noncombat
Received move: [{"delegate": "noncombat", "from": "ChineseStepTwo", "to": "ChineseStart", "unit": "armour"}]
UnitType{name=armour}
Request sent: [MY_MOVE] purchase
Received move: [{"delegate": "purchase", "unit": "infantry", "from": "", "to": "ChineseBase"}, {"delegate": "purchase", "unit": "armour", "from": "", "to": "ChineseBase"}, {"delegate": "purchase", "unit": "armour", "from": "", "to": "ChineseBase"}, {"delegate": "purchase", "unit": "armour", "from": "", "to": "ChineseBase"}]
Request sent: [MY_MOVE] combat
Received move: [{"delegate": "combat", "from": "ChineseStepTwo", "to": "ItalianStepTwo", "unit": "armour", "count": 1}]
UnitType{name=armour}
Request sent: [MY_MOVE] noncombat
Received move: [{"delegate": "noncombat", "from": "ChineseBase", "to": "ChineseStart", "unit": "armour"}]
UnitType{name=armour}
Request sent: [MY_MOVE] purchase
Received move: [{"delegate": "purchase", "unit": "infantry", "from": "", "to": "ChineseBase"}, {"delegate": "purchase", "unit": "infantry", "from": "", "to": "ChineseBase"}, {"delegate": "purchase", "unit": "artillery", "from": "", "to": "ChineseBase"}, {"delegate": "purchase", "unit": "artillery", "from": "", "to": "ChineseBase"}, {"delegate": "purchase", "unit": "artillery", "from": "", "to": "ChineseBase"}, {"delegate": "purchase", "unit": "artillery", "from": "", "to": "ChineseBase"}]
Request sent: [MY_MOVE] combat
Received move: [{"delegate": "combat", "from": "ChineseBase", "to": "ChineseStartLeft", "unit": "armour", "count": 3}]
UnitType{name=armour}
Request sent: [MY_MOVE] noncombat
Received move: [{"delegate": "noncombat", "from": "ChineseStartLeft", "to": "ChineseStepOne", "unit": "armour"}]
UnitType{name=armour}
Request sent: [MY_MOVE] purchase
Received move: [{"delegate": "purchase", "unit": "infantry", "from": "", "to": "ChineseBase"}, {"delegate": "purchase", "unit": "infantry", "from": "", "to": "ChineseBase"}, {"delegate": "purchase", "unit": "artillery", "from": "", "to": "ChineseBase"}, {"delegate": "purchase", "unit": "armour", "from": "", "to": "ChineseBase"}]
Request sent: [MY_MOVE] combat
Received move: [{"delegate": "combat", "from": "ChineseBase", "to": "ChineseStartLeft", "unit": "armour", "count": 3}]
UnitType{name=armour}
Request sent: [MY_MOVE] noncombat
Received move: [{"delegate": "noncombat", "from": "ChineseStartLeft", "to": "ChineseStepOne", "unit": "armour"}]
UnitType{name=armour}
Request sent: [MY_MOVE] purchase
Received move: [{"delegate": "purchase", "unit": "artillery", "from": "", "to": "ChineseBase"}, {"delegate": "purchase", "unit": "artillery", "from": "", "to": "ChineseBase"}, {"delegate": "purchase", "unit": "artillery", "from": "", "to": "ChineseBase"}, {"delegate": "purchase", "unit": "artillery", "from": "", "to": "ChineseBase"}]
Request sent: [MY_MOVE] combat
Received move: [{"delegate": "combat", "from": "ChineseBase", "to": "ChineseStartRight", "unit": "armour", "count": 2}, {"delegate": "combat", "from": "ChineseStart", "to": "ChineseStartRight", "unit": "armour", "count": 1}]
UnitType{name=armour}
UnitType{name=armour}
Request sent: [MY_MOVE] noncombat
Received move: [{"delegate": "noncombat", "from": "ChineseStartLeft", "to": "ChineseStepOne", "unit": "armour"}]
UnitType{name=armour}
Request sent: [MY_MOVE] purchase
Received move: [{"delegate": "purchase", "unit": "infantry", "from": "", "to": "ChineseBase"}, {"delegate": "purchase", "unit": "artillery", "from": "", "to": "ChineseBase"}, {"delegate": "purchase", "unit": "artillery", "from": "", "to": "ChineseBase"}]
Request sent: [MY_MOVE] combat
Received move: [{"delegate": "combat", "from": "ChineseStepOne", "to": "Flag", "unit": "armour", "count": 1}, {"delegate": "combat", "from": "ChineseStepTwo", "to": "Flag", "unit": "armour", "count": 1}]
UnitType{name=armour}
UnitType{name=armour}
Request sent: [MY_MOVE] noncombat
Received move: [{"delegate": "noncombat", "from": "ChineseBase", "to": "ChineseStart", "unit": "artillery"}]
UnitType{name=artillery}
Request sent: [MY_MOVE] purchase
Received move: [{"delegate": "purchase", "unit": "infantry", "from": "", "to": "ChineseBase"}, {"delegate": "purchase", "unit": "infantry", "from": "", "to": "ChineseBase"}, {"delegate": "purchase", "unit": "armour", "from": "", "to": "ChineseBase"}, {"delegate": "purchase", "unit": "armour", "from": "", "to": "ChineseBase"}, {"delegate": "purchase", "unit": "armour", "from": "", "to": "ChineseBase"}]
Request sent: [MY_MOVE] combat
Received move: [{"delegate": "combat", "from": "ChineseBase", "to": "ChineseStart", "unit": "artillery", "count": 5}]
UnitType{name=artillery}
Request sent: [MY_MOVE] noncombat
Received move: [{"delegate": "noncombat", "from": "ChineseBase", "to": "ChineseStart", "unit": "infantry"}]
UnitType{name=infantry}
Request sent: [MY_MOVE] purchase
Received move: [{"delegate": "purchase", "unit": "infantry", "from": "", "to": "ChineseBase"}, {"delegate": "purchase", "unit": "infantry", "from": "", "to": "ChineseBase"}, {"delegate": "purchase", "unit": "infantry", "from": "", "to": "ChineseBase"}, {"delegate": "purchase", "unit": "infantry", "from": "", "to": "ChineseBase"}, {"delegate": "purchase", "unit": "infantry", "from": "", "to": "ChineseBase"}, {"delegate": "purchase", "unit": "artillery", "from": "", "to": "ChineseBase"}, {"delegate": "purchase", "unit": "artillery", "from": "", "to": "ChineseBase"}, {"delegate": "purchase", "unit": "artillery", "from": "", "to": "ChineseBase"}, {"delegate": "purchase", "unit": "armour", "from": "", "to": "ChineseBase"}, {"delegate": "purchase", "unit": "armour", "from": "", "to": "ChineseBase"}, {"delegate": "purchase", "unit": "armour", "from": "", "to": "ChineseBase"}, {"delegate": "purchase", "unit": "armour", "from": "", "to": "ChineseBase"}, {"delegate": "purchase", "unit": "armour", "from": "", "to": "ChineseBase"}]
Request sent: [MY_MOVE] combat
Received move: [{"delegate": "combat", "from": "ChineseBase", "to": "ChineseStartLeft", "unit": "armour", "count": 3}, {"delegate": "combat", "from": "ChineseStart", "to": "ChineseStartLeft", "unit": "artillery", "count": 4}, {"delegate": "combat", "from": "ChineseStart", "to": "ChineseStartLeft", "unit": "infantry", "count": 1}]
UnitType{name=armour}
UnitType{name=artillery}
UnitType{name=infantry}
Request sent: [MY_MOVE] noncombat
Received move: [{"delegate": "noncombat", "from": "ChineseBase", "to": "ChineseStart", "unit": "infantry"}]
UnitType{name=infantry}
Request sent: [MY_MOVE] purchase
Received move: [{"delegate": "purchase", "unit": "infantry", "from": "", "to": "ChineseBase"}, {"delegate": "purchase", "unit": "infantry", "from": "", "to": "ChineseBase"}, {"delegate": "purchase", "unit": "armour", "from": "", "to": "ChineseBase"}]
Request sent: [MY_MOVE] combat
Received move: [{"delegate": "combat", "from": "ChineseBase", "to": "ChineseStartLeft", "unit": "armour", "count": 5}, {"delegate": "combat", "from": "ChineseStart", "to": "ChineseStartLeft", "unit": "infantry", "count": 1}]
UnitType{name=armour}
UnitType{name=infantry}
Request sent: [MY_MOVE] noncombat
Received move: [{"delegate": "noncombat", "from": "ChineseBase", "to": "ChineseStart", "unit": "infantry"}]
UnitType{name=infantry}
Request sent: [MY_MOVE] purchase
Received move: [{"delegate": "purchase", "unit": "infantry", "from": "", "to": "ChineseBase"}, {"delegate": "purchase", "unit": "infantry", "from": "", "to": "ChineseBase"}]
Request sent: [MY_MOVE] combat
Received move: [{"delegate": "combat", "from": "ChineseBase", "to": "ChineseStartLeft", "unit": "armour", "count": 1}, {"delegate": "combat", "from": "ChineseStart", "to": "ChineseStartLeft", "unit": "armour", "count": 3}, {"delegate": "combat", "from": "ChineseStart", "to": "ChineseStartLeft", "unit": "infantry", "count": 1}]
UnitType{name=armour}
UnitType{name=armour}
UnitType{name=infantry}
Request sent: [MY_MOVE] noncombat
Received move: [{"delegate": "noncombat", "from": "ChineseStart", "to": "ChineseBase", "unit": "armour"}]
UnitType{name=armour}
Request sent: [MY_MOVE] purchase
Received move: [{"delegate": "purchase", "unit": "infantry", "from": "", "to": "ChineseBase"}, {"delegate": "purchase", "unit": "infantry", "from": "", "to": "ChineseBase"}, {"delegate": "purchase", "unit": "infantry", "from": "", "to": "ChineseBase"}, {"delegate": "purchase", "unit": "artillery", "from": "", "to": "ChineseBase"}, {"delegate": "purchase", "unit": "armour", "from": "", "to": "ChineseBase"}]
Request sent: [MY_MOVE] combat
Received move: [{"delegate": "combat", "from": "ChineseBase", "to": "ChineseStart", "unit": "artillery", "count": 7}]
UnitType{name=artillery}
Request sent: [MY_MOVE] noncombat
Received move: [{"delegate": "noncombat", "from": "ChineseBase", "to": "ChineseStart", "unit": "infantry"}]
UnitType{name=infantry}
Request sent: [MY_MOVE] purchase
Received move: [{"delegate": "purchase", "unit": "armour", "from": "", "to": "ChineseBase"}, {"delegate": "purchase", "unit": "armour", "from": "", "to": "ChineseBase"}]
Request sent: [MY_MOVE] combat
Received move: [{"delegate": "combat", "from": "ChineseBase", "to": "ChineseStartLeft", "unit": "armour", "count": 1}, {"delegate": "combat", "from": "ChineseStart", "to": "ChineseStartLeft", "unit": "artillery", "count": 3}]
UnitType{name=armour}
UnitType{name=artillery}
Request sent: [MY_MOVE] noncombat
Received move: [{"delegate": "noncombat", "from": "ChineseStartLeft", "to": "ChineseStart", "unit": "armour"}]
UnitType{name=armour}
Request sent: [MY_MOVE] purchase
Received move: [{"delegate": "purchase", "unit": "artillery", "from": "", "to": "ChineseBase"}, {"delegate": "purchase", "unit": "artillery", "from": "", "to": "ChineseBase"}, {"delegate": "purchase", "unit": "artillery", "from": "", "to": "ChineseBase"}]
Request sent: [MY_MOVE] combat
Received move: [{"delegate": "combat", "from": "ChineseBase", "to": "ChineseStartRight", "unit": "armour", "count": 2}, {"delegate": "combat", "from": "ChineseStartLeft", "to": "ChineseStartRight", "unit": "armour", "count": 1}, {"delegate": "combat", "from": "ChineseStart", "to": "ChineseStartRight", "unit": "artillery", "count": 3}, {"delegate": "combat", "from": "ChineseStart", "to": "ChineseStartRight", "unit": "infantry", "count": 1}]
UnitType{name=armour}
UnitType{name=armour}
UnitType{name=artillery}
UnitType{name=infantry}
Request sent: [MY_MOVE] noncombat
Received move: [{"delegate": "noncombat", "from": "ChineseBase", "to": "ChineseStart", "unit": "infantry"}]
UnitType{name=infantry}
Request sent: [MY_MOVE] purchase
Received move: [{"delegate": "purchase", "unit": "artillery", "from": "", "to": "ChineseBase"}, {"delegate": "purchase", "unit": "artillery", "from": "", "to": "ChineseBase"}, {"delegate": "purchase", "unit": "armour", "from": "", "to": "ChineseBase"}, {"delegate": "purchase", "unit": "armour", "from": "", "to": "ChineseBase"}, {"delegate": "purchase", "unit": "armour", "from": "", "to": "ChineseBase"}]
Request sent: [MY_MOVE] combat
Received move: [{"delegate": "combat", "from": "ChineseStart", "to": "ChineseStartRight", "unit": "armour", "count": 3}, {"delegate": "combat", "from": "ChineseStart", "to": "ChineseStartRight", "unit": "artillery", "count": 2}, {"delegate": "combat", "from": "ChineseStart", "to": "ChineseStartRight", "unit": "infantry", "count": 1}]
UnitType{name=armour}
UnitType{name=artillery}
UnitType{name=infantry}
Request sent: [MY_MOVE] noncombat
Received move: [{"delegate": "noncombat", "from": "ChineseBase", "to": "ChineseStart", "unit": "infantry"}]
UnitType{name=infantry}
Request sent: [MY_MOVE] purchase
Received move: [{"delegate": "purchase", "unit": "artillery", "from": "", "to": "ChineseBase"}, {"delegate": "purchase", "unit": "artillery", "from": "", "to": "ChineseBase"}, {"delegate": "purchase", "unit": "artillery", "from": "", "to": "ChineseBase"}]
Request sent: [MY_MOVE] combat
Received move: [{"delegate": "combat", "from": "ChineseBase", "to": "ChineseStart", "unit": "armour", "count": 3}, {"delegate": "combat", "from": "ChineseBase", "to": "ChineseStart", "unit": "artillery", "count": 8}]
UnitType{name=armour}
UnitType{name=artillery}
Request sent: [MY_MOVE] noncombat
Received move: [{"delegate": "noncombat", "from": "ChineseBase", "to": "ChineseStart", "unit": "artillery"}]
UnitType{name=artillery}
Request sent: [MY_MOVE] purchase
Received move: [{"delegate": "purchase", "unit": "artillery", "from": "", "to": "ChineseBase"}, {"delegate": "purchase", "unit": "artillery", "from": "", "to": "ChineseBase"}, {"delegate": "purchase", "unit": "artillery", "from": "", "to": "ChineseBase"}, {"delegate": "purchase", "unit": "artillery", "from": "", "to": "ChineseBase"}]
Request sent: [MY_MOVE] combat
Received move: [{"delegate": "combat", "from": "ChineseStart", "to": "ChineseStartLeft", "unit": "armour", "count": 3}]
UnitType{name=armour}
Request sent: [MY_MOVE] noncombat
Received move: [{"delegate": "noncombat", "from": "ChineseBase", "to": "ChineseStart", "unit": "infantry"}]
UnitType{name=infantry}
Request sent: [MY_MOVE] purchase
Received move: [{"delegate": "purchase", "unit": "infantry", "from": "", "to": "ChineseBase"}, {"delegate": "purchase", "unit": "armour", "from": "", "to": "ChineseBase"}]
Request sent: [MY_MOVE] combat
Received move: [{"delegate": "combat", "from": "ChineseStart", "to": "ChineseStartRight", "unit": "artillery", "count": 7}, {"delegate": "combat", "from": "ChineseStart", "to": "ChineseStartRight", "unit": "infantry", "count": 1}]
UnitType{name=artillery}
UnitType{name=infantry}
Request sent: [MY_MOVE] noncombat
Received move: [{"delegate": "noncombat", "from": "ChineseStart", "to": "ChineseBase", "unit": "artillery"}]
UnitType{name=artillery}
Request sent: [MY_MOVE] purchase
Received move: [{"delegate": "purchase", "unit": "infantry", "from": "", "to": "ChineseBase"}, {"delegate": "purchase", "unit": "artillery", "from": "", "to": "ChineseBase"}, {"delegate": "purchase", "unit": "armour", "from": "", "to": "ChineseBase"}, {"delegate": "purchase", "unit": "armour", "from": "", "to": "ChineseBase"}]
Request sent: [MY_MOVE] combat
Received move: [{"delegate": "combat", "from": "ChineseBase", "to": "ChineseStartLeft", "unit": "armour", "count": 1}, {"delegate": "combat", "from": "ChineseStart", "to": "ChineseStartLeft", "unit": "artillery", "count": 4}]
UnitType{name=armour}
UnitType{name=artillery}
Request sent: [MY_MOVE] noncombat
Received move: [{"delegate": "noncombat", "from": "ChineseBase", "to": "ChineseStart", "unit": "infantry"}]
UnitType{name=infantry}
Request sent: [MY_MOVE] purchase
Received move: [{"delegate": "purchase", "unit": "artillery", "from": "", "to": "ChineseBase"}]
Request sent: [MY_MOVE] combat
Received move: [{"delegate": "combat", "from": "ChineseBase", "to": "ChineseStartLeft", "unit": "armour", "count": 2}]
UnitType{name=armour}
Request sent: [MY_MOVE] noncombat
Received move: [{"delegate": "noncombat", "from": "ChineseBase", "to": "ChineseStart", "unit": "infantry"}]
UnitType{name=infantry}
Request sent: [MY_MOVE] purchase
Received move: [{"delegate": "purchase", "unit": "infantry", "from": "", "to": "ChineseBase"}, {"delegate": "purchase", "unit": "infantry", "from": "", "to": "ChineseBase"}, {"delegate": "purchase", "unit": "infantry", "from": "", "to": "ChineseBase"}, {"delegate": "purchase", "unit": "infantry", "from": "", "to": "ChineseBase"}, {"delegate": "purchase", "unit": "infantry", "from": "", "to": "ChineseBase"}, {"delegate": "purchase", "unit": "armour", "from": "", "to": "ChineseBase"}]
Request sent: [MY_MOVE] combat
Received move: [{"delegate": "combat", "from": "ChineseStart", "to": "ChineseStartRight", "unit": "armour", "count": 1}, {"delegate": "combat", "from": "ChineseStart", "to": "ChineseStartRight", "unit": "artillery", "count": 1}, {"delegate": "combat", "from": "ChineseStart", "to": "ChineseStartRight", "unit": "infantry", "count": 2}]
UnitType{name=armour}
UnitType{name=artillery}
UnitType{name=infantry}
Request sent: [MY_MOVE] noncombat
Received move: [{"delegate": "noncombat", "from": "ChineseBase", "to": "ChineseStart", "unit": "artillery"}]
UnitType{name=artillery}
Request sent: [MY_MOVE] purchase
Received move: [{"delegate": "purchase", "unit": "infantry", "from": "", "to": "ChineseBase"}, {"delegate": "purchase", "unit": "infantry", "from": "", "to": "ChineseBase"}, {"delegate": "purchase", "unit": "infantry", "from": "", "to": "ChineseBase"}, {"delegate": "purchase", "unit": "armour", "from": "", "to": "ChineseBase"}]
Request sent: [MY_MOVE] combat
Received move: [{"delegate": "combat", "from": "ChineseBase", "to": "ChineseStart", "unit": "armour", "count": 1}, {"delegate": "combat", "from": "ChineseBase", "to": "ChineseStart", "unit": "artillery", "count": 6}]
UnitType{name=armour}
UnitType{name=artillery}
Request sent: [MY_MOVE] noncombat
Received move: [{"delegate": "noncombat", "from": "ChineseBase", "to": "ChineseStart", "unit": "artillery"}]
UnitType{name=artillery}
Request sent: [MY_MOVE] purchase
Received move: [{"delegate": "purchase", "unit": "infantry", "from": "", "to": "ChineseBase"}, {"delegate": "purchase", "unit": "armour", "from": "", "to": "ChineseBase"}]
Request sent: [MY_MOVE] combat
Received move: [{"delegate": "combat", "from": "ChineseBase", "to": "ChineseStartLeft", "unit": "armour", "count": 1}, {"delegate": "combat", "from": "ChineseStart", "to": "ChineseStartLeft", "unit": "armour", "count": 1}, {"delegate": "combat", "from": "ChineseStart", "to": "ChineseStartLeft", "unit": "artillery", "count": 7}]
UnitType{name=armour}
UnitType{name=armour}
UnitType{name=artillery}
Request sent: [MY_MOVE] noncombat
Received move: [{"delegate": "noncombat", "from": "ChineseStart", "to": "ChineseBase", "unit": "armour"}]
UnitType{name=armour}
Request sent: [MY_MOVE] purchase
Received move: [{"delegate": "purchase", "unit": "infantry", "from": "", "to": "ChineseBase"}, {"delegate": "purchase", "unit": "infantry", "from": "", "to": "ChineseBase"}, {"delegate": "purchase", "unit": "infantry", "from": "", "to": "ChineseBase"}, {"delegate": "purchase", "unit": "infantry", "from": "", "to": "ChineseBase"}]
Request sent: [MY_MOVE] combat
Received move: [{"delegate": "combat", "from": "ChineseBase", "to": "ChineseStartLeft", "unit": "armour", "count": 1}, {"delegate": "combat", "from": "ChineseStart", "to": "ChineseStartLeft", "unit": "armour", "count": 2}, {"delegate": "combat", "from": "ChineseStart", "to": "ChineseStartLeft", "unit": "artillery", "count": 2}]
UnitType{name=armour}
UnitType{name=armour}
UnitType{name=artillery}
Request sent: [MY_MOVE] noncombat
Received move: [{"delegate": "noncombat", "from": "ChineseBase", "to": "ChineseStart", "unit": "infantry"}]
UnitType{name=infantry}
Request sent: [MY_MOVE] purchase
Received move: [{"delegate": "purchase", "unit": "infantry", "from": "", "to": "ChineseBase"}, {"delegate": "purchase", "unit": "artillery", "from": "", "to": "ChineseBase"}]
Request sent: [MY_MOVE] combat
Received move: [{"delegate": "combat", "from": "ChineseBase", "to": "ChineseStart", "unit": "artillery", "count": 4}, {"delegate": "combat", "from": "ChineseBase", "to": "ChineseStart", "unit": "infantry", "count": 2}]
UnitType{name=artillery}
UnitType{name=infantry}
Request sent: [MY_MOVE] noncombat
Received move: [{"delegate": "noncombat", "from": "ChineseBase", "to": "ChineseStart", "unit": "infantry"}]
UnitType{name=infantry}
Request sent: [MY_MOVE] purchase
Received move: [{"delegate": "purchase", "unit": "artillery", "from": "", "to": "ChineseBase"}, {"delegate": "purchase", "unit": "artillery", "from": "", "to": "ChineseBase"}, {"delegate": "purchase", "unit": "artillery", "from": "", "to": "ChineseBase"}, {"delegate": "purchase", "unit": "armour", "from": "", "to": "ChineseBase"}]
Request sent: [MY_MOVE] combat
Received move: [{"delegate": "combat", "from": "ChineseStart", "to": "ChineseStartRight", "unit": "artillery", "count": 4}, {"delegate": "combat", "from": "ChineseStart", "to": "ChineseStartRight", "unit": "infantry", "count": 3}]
UnitType{name=artillery}
UnitType{name=infantry}
Request sent: [MY_MOVE] noncombat
Received move: [{"delegate": "noncombat", "from": "ChineseStart", "to": "ChineseBase", "unit": "artillery"}]
UnitType{name=artillery}
Request sent: [MY_MOVE] purchase
Received move: [{"delegate": "purchase", "unit": "infantry", "from": "", "to": "ChineseBase"}, {"delegate": "purchase", "unit": "artillery", "from": "", "to": "ChineseBase"}]
Request sent: [MY_MOVE] combat
Received move: [{"delegate": "combat", "from": "ChineseBase", "to": "ChineseStart", "unit": "armour", "count": 1}, {"delegate": "combat", "from": "ChineseBase", "to": "ChineseStart", "unit": "artillery", "count": 4}, {"delegate": "combat", "from": "ChineseBase", "to": "ChineseStart", "unit": "infantry", "count": 2}]
UnitType{name=armour}
UnitType{name=artillery}
UnitType{name=infantry}
Request sent: [MY_MOVE] noncombat
Received move: [{"delegate": "noncombat", "from": "ChineseStart", "to": "ChineseBase", "unit": "infantry"}]
UnitType{name=infantry}
Request sent: [MY_MOVE] purchase
Received move: [{"delegate": "purchase", "unit": "infantry", "from": "", "to": "ChineseBase"}, {"delegate": "purchase", "unit": "artillery", "from": "", "to": "ChineseBase"}, {"delegate": "purchase", "unit": "artillery", "from": "", "to": "ChineseBase"}, {"delegate": "purchase", "unit": "armour", "from": "", "to": "ChineseBase"}]
Request sent: [MY_MOVE] combat
Received move: [{"delegate": "combat", "from": "ChineseStart", "to": "ChineseStepOne", "unit": "armour", "count": 1}, {"delegate": "combat", "from": "ChineseStart", "to": "ChineseStepOne", "unit": "artillery", "count": 4}, {"delegate": "combat", "from": "ChineseStart", "to": "ChineseStepOne", "unit": "infantry", "count": 1}]
UnitType{name=armour}
UnitType{name=artillery}
UnitType{name=infantry}
Request sent: [MY_MOVE] noncombat
Received move: [{"delegate": "noncombat", "from": "ChineseStart", "to": "ChineseBase", "unit": "artillery"}]
UnitType{name=artillery}
Request sent: [MY_MOVE] purchase
Received move: [{"delegate": "purchase", "unit": "armour", "from": "", "to": "ChineseBase"}, {"delegate": "purchase", "unit": "armour", "from": "", "to": "ChineseBase"}, {"delegate": "purchase", "unit": "armour", "from": "", "to": "ChineseBase"}]
Request sent: [MY_MOVE] combat
Received move: [{"delegate": "combat", "from": "ChineseBase", "to": "ChineseStartLeft", "unit": "armour", "count": 1}, {"delegate": "combat", "from": "ChineseStart", "to": "ChineseStartLeft", "unit": "armour", "count": 1}, {"delegate": "combat", "from": "ChineseStart", "to": "ChineseStartLeft", "unit": "artillery", "count": 1}]
UnitType{name=armour}
UnitType{name=armour}
UnitType{name=artillery}
Request sent: [MY_MOVE] noncombat
Received move: [{"delegate": "noncombat", "from": "ChineseBase", "to": "ChineseStart", "unit": "infantry"}]
UnitType{name=infantry}
Request sent: [MY_MOVE] purchase
Received move: [{"delegate": "purchase", "unit": "infantry", "from": "", "to": "ChineseBase"}, {"delegate": "purchase", "unit": "infantry", "from": "", "to": "ChineseBase"}, {"delegate": "purchase", "unit": "infantry", "from": "", "to": "ChineseBase"}]
Request sent: [MY_MOVE] combat
Received move: [{"delegate": "combat", "from": "ChineseBase", "to": "ChineseStart", "unit": "armour", "count": 3}, {"delegate": "combat", "from": "ChineseBase", "to": "ChineseStart", "unit": "artillery", "count": 2}]
UnitType{name=armour}
UnitType{name=artillery}
Request sent: [MY_MOVE] noncombat
Received move: [{"delegate": "noncombat", "from": "ChineseStart", "to": "ChineseBase", "unit": "armour"}]
UnitType{name=armour}
Request sent: [MY_MOVE] purchase
Received move: [{"delegate": "purchase", "unit": "infantry", "from": "", "to": "ChineseBase"}, {"delegate": "purchase", "unit": "infantry", "from": "", "to": "ChineseBase"}, {"delegate": "purchase", "unit": "infantry", "from": "", "to": "ChineseBase"}, {"delegate": "purchase", "unit": "infantry", "from": "", "to": "ChineseBase"}, {"delegate": "purchase", "unit": "artillery", "from": "", "to": "ChineseBase"}]
Request sent: [MY_MOVE] combat
Received move: [{"delegate": "combat", "from": "ChineseStart", "to": "ChineseStartLeft", "unit": "armour", "count": 3}, {"delegate": "combat", "from": "ChineseStart", "to": "ChineseStartLeft", "unit": "artillery", "count": 2}]
UnitType{name=armour}
UnitType{name=artillery}
Request sent: [MY_MOVE] noncombat
Received move: [{"delegate": "noncombat", "from": "ChineseBase", "to": "ChineseStart", "unit": "infantry"}]
UnitType{name=infantry}
Request sent: [MY_MOVE] purchase
Received move: [{"delegate": "purchase", "unit": "infantry", "from": "", "to": "ChineseBase"}, {"delegate": "purchase", "unit": "infantry", "from": "", "to": "ChineseBase"}, {"delegate": "purchase", "unit": "infantry", "from": "", "to": "ChineseBase"}, {"delegate": "purchase", "unit": "infantry", "from": "", "to": "ChineseBase"}]
Request sent: [MY_MOVE] combat
Received move: [{"delegate": "combat", "from": "ChineseBase", "to": "ChineseStart", "unit": "artillery", "count": 2}, {"delegate": "combat", "from": "ChineseBase", "to": "ChineseStart", "unit": "infantry", "count": 2}]
UnitType{name=artillery}
UnitType{name=infantry}
Request sent: [MY_MOVE] noncombat
Received move: [{"delegate": "noncombat", "from": "ChineseBase", "to": "ChineseStart", "unit": "infantry"}]
UnitType{name=infantry}
Request sent: [MY_MOVE] purchase
Received move: [{"delegate": "purchase", "unit": "infantry", "from": "", "to": "ChineseBase"}, {"delegate": "purchase", "unit": "infantry", "from": "", "to": "ChineseBase"}, {"delegate": "purchase", "unit": "infantry", "from": "", "to": "ChineseBase"}, {"delegate": "purchase", "unit": "infantry", "from": "", "to": "ChineseBase"}]
Request sent: [MY_MOVE] combat
Received move: [{"delegate": "combat", "from": "ChineseStart", "to": "ChineseStartLeft", "unit": "artillery", "count": 2}, {"delegate": "combat", "from": "ChineseStart", "to": "ChineseStartLeft", "unit": "infantry", "count": 2}]
UnitType{name=artillery}
UnitType{name=infantry}
Request sent: [MY_MOVE] noncombat
Received move: [{"delegate": "noncombat", "from": "ChineseBase", "to": "ChineseStart", "unit": "infantry"}]
UnitType{name=infantry}
Request sent: [MY_MOVE] purchase
Received move: [{"delegate": "purchase", "unit": "infantry", "from": "", "to": "ChineseBase"}, {"delegate": "purchase", "unit": "infantry", "from": "", "to": "ChineseBase"}, {"delegate": "purchase", "unit": "armour", "from": "", "to": "ChineseBase"}, {"delegate": "purchase", "unit": "armour", "from": "", "to": "ChineseBase"}]
Request sent: [MY_MOVE] combat
Received move: [{"delegate": "combat", "from": "ChineseBase", "to": "ChineseStart", "unit": "infantry", "count": 5}]
UnitType{name=infantry}
Request sent: [MY_MOVE] noncombat
Received move: []
Request sent: [MY_MOVE] purchase
Received move: [{"delegate": "purchase", "unit": "artillery", "from": "", "to": "ChineseBase"}, {"delegate": "purchase", "unit": "armour", "from": "", "to": "ChineseBase"}]
Request sent: [MY_MOVE] combat
Received move: [{"delegate": "combat", "from": "ChineseBase", "to": "ChineseStart", "unit": "armour", "count": 2}, {"delegate": "combat", "from": "ChineseBase", "to": "ChineseStart", "unit": "infantry", "count": 2}]
UnitType{name=armour}
UnitType{name=infantry}
Request sent: [MY_MOVE] noncombat
Received move: [{"delegate": "noncombat", "from": "ChineseStart", "to": "ChineseBase", "unit": "armour"}]
UnitType{name=armour}
Request sent: [MY_MOVE] purchase
Received move: [{"delegate": "purchase", "unit": "infantry", "from": "", "to": "ChineseBase"}, {"delegate": "purchase", "unit": "artillery", "from": "", "to": "ChineseBase"}, {"delegate": "purchase", "unit": "armour", "from": "", "to": "ChineseBase"}]
Request sent: [MY_MOVE] combat
Received move: [{"delegate": "combat", "from": "ChineseBase", "to": "ChineseStart", "unit": "armour", "count": 1}, {"delegate": "combat", "from": "ChineseBase", "to": "ChineseStart", "unit": "artillery", "count": 1}, {"delegate": "combat", "from": "ChineseBase", "to": "ChineseStart", "unit": "infantry", "count": 17}]
UnitType{name=armour}
UnitType{name=artillery}
UnitType{name=infantry}
Request sent: [MY_MOVE] noncombat
Received move: []
> Task :game-app:domain-data:compileJava UP-TO-DATE
> Task :lib:java-extras:compileJava UP-TO-DATE
> Task :lib:websocket-client:compileJava UP-TO-DATE
> Task :lib:feign-common:compileJava UP-TO-DATE
> Task :lib:websocket-server:compileJava UP-TO-DATE
> Task :lib:websocket-server:processResources NO-SOURCE
> Task :lib:websocket-server:classes UP-TO-DATE
> Task :lib:websocket-server:jar UP-TO-DATE
> Task :game-app:game-relay-server:compileJava UP-TO-DATE
> Task :game-app:game-relay-server:processResources NO-SOURCE
> Task :game-app:game-relay-server:classes UP-TO-DATE
> Task :game-app:game-relay-server:jar UP-TO-DATE
> Task :lib:xml-reader:compileJava UP-TO-DATE
> Task :lib:xml-reader:processResources NO-SOURCE
> Task :lib:xml-reader:classes UP-TO-DATE
> Task :lib:xml-reader:jar UP-TO-DATE
> Task :game-app:map-data:compileJava UP-TO-DATE
> Task :game-app:map-data:processResources NO-SOURCE
> Task :game-app:map-data:classes UP-TO-DATE
> Task :game-app:map-data:jar UP-TO-DATE
> Task :http-clients:lobby-client:compileJava UP-TO-DATE
> Task :lib:swing-lib:compileJava UP-TO-DATE
> Task :lib:swing-lib:processResources NO-SOURCE
> Task :lib:swing-lib:classes UP-TO-DATE
> Task :lib:swing-lib:jar UP-TO-DATE
> Task :game-app:game-core:compileJava UP-TO-DATE
> Task :game-app:game-core:processResources UP-TO-DATE
> Task :game-app:game-core:classes UP-TO-DATE
> Task :game-app:game-core:jar UP-TO-DATE
> Task :game-app:ai:compileJava UP-TO-DATE
> Task :game-app:ai:processResources NO-SOURCE
> Task :game-app:ai:classes UP-TO-DATE
> Task :game-app:ai:jar UP-TO-DATE
> Task :game-app:domain-data:processResources NO-SOURCE
> Task :game-app:domain-data:classes UP-TO-DATE
> Task :game-app:domain-data:jar UP-TO-DATE
> Task :game-app:game-headed:compileJava UP-TO-DATE
> Task :game-app:game-headed:processResources UP-TO-DATE
> Task :game-app:game-headed:classes UP-TO-DATE

> Task :game-app:game-headed:downloadAssets
Download https://github.com/triplea-game/assets/releases/download/47/game_headed_assets.zip

> Task :http-clients:lobby-client:processResources NO-SOURCE
> Task :http-clients:lobby-client:classes UP-TO-DATE
> Task :http-clients:lobby-client:jar UP-TO-DATE
> Task :lib:feign-common:processResources NO-SOURCE
> Task :lib:feign-common:classes UP-TO-DATE
> Task :lib:feign-common:jar UP-TO-DATE
> Task :lib:java-extras:processResources NO-SOURCE
> Task :lib:java-extras:classes UP-TO-DATE
> Task :lib:java-extras:jar UP-TO-DATE
> Task :lib:websocket-client:processResources NO-SOURCE
> Task :lib:websocket-client:classes UP-TO-DATE
> Task :lib:websocket-client:jar UP-TO-DATE

> Task :game-app:game-headed:run
11:50:38,510 |-INFO in ch.qos.logback.classic.LoggerContext[default] - This is logback-classic version 1.5.18
11:50:38,511 |-INFO in ch.qos.logback.classic.util.ContextInitializer@1afd44cb - No custom configurators were discovered as a service.
11:50:38,511 |-INFO in ch.qos.logback.classic.util.ContextInitializer@1afd44cb - Trying to configure with ch.qos.logback.classic.joran.SerializedModelConfigurator
11:50:38,512 |-INFO in ch.qos.logback.classic.util.ContextInitializer@1afd44cb - Constructed configurator of type class ch.qos.logback.classic.joran.SerializedModelConfigurator
11:50:38,517 |-INFO in ch.qos.logback.classic.LoggerContext[default] - Could NOT find resource [logback-test.scmo]
11:50:38,517 |-INFO in ch.qos.logback.classic.LoggerContext[default] - Could NOT find resource [logback.scmo]
11:50:38,521 |-INFO in ch.qos.logback.classic.util.ContextInitializer@1afd44cb - ch.qos.logback.classic.joran.SerializedModelConfigurator.configure() call lasted 5 milliseconds. ExecutionStatus=INVOKE_NEXT_IF_ANY
11:50:38,521 |-INFO in ch.qos.logback.classic.util.ContextInitializer@1afd44cb - Trying to configure with ch.qos.logback.classic.util.DefaultJoranConfigurator
11:50:38,521 |-INFO in ch.qos.logback.classic.util.ContextInitializer@1afd44cb - Constructed configurator of type class ch.qos.logback.classic.util.DefaultJoranConfigurator
11:50:38,521 |-INFO in ch.qos.logback.classic.LoggerContext[default] - Could NOT find resource [logback-test.xml]
11:50:38,523 |-INFO in ch.qos.logback.classic.LoggerContext[default] - Found resource [logback.xml] at [file:/home/sanjana/tripleMind/triplea/game-app/game-headed/build/resources/main/logback.xml]
11:50:38,568 |-INFO in ch.qos.logback.core.model.processor.AppenderModelHandler - Processing appender named [swingMessage]
11:50:38,568 |-INFO in ch.qos.logback.core.model.processor.AppenderModelHandler - About to instantiate appender of type [org.triplea.debug.Slf4jLogMessageUploader]
11:50:38,569 |-INFO in ch.qos.logback.core.model.processor.AppenderModelHandler - Processing appender named [FILE]
11:50:38,569 |-INFO in ch.qos.logback.core.model.processor.AppenderModelHandler - About to instantiate appender of type [ch.qos.logback.core.rolling.RollingFileAppender]
11:50:38,571 |-INFO in ch.qos.logback.core.model.processor.ModelInterpretationContext@6973b51b - value "/home/sanjana/triplea/triplea.log" substituted for "${user.home}/triplea/triplea.log"
11:50:38,574 |-INFO in ch.qos.logback.core.model.processor.ImplicitModelHandler - Assuming default type [ch.qos.logback.classic.encoder.PatternLayoutEncoder] for [encoder] property
11:50:38,594 |-INFO in c.q.l.core.rolling.SizeAndTimeBasedRollingPolicy@447981768 - setting totalSizeCap to 10 MB
11:50:38,595 |-INFO in c.q.l.core.rolling.SizeAndTimeBasedRollingPolicy@447981768 - Archive files will be limited to [1 MB] each.
11:50:38,595 |-INFO in c.q.l.core.rolling.SizeAndTimeBasedRollingPolicy@447981768 - No compression will be used
11:50:38,596 |-INFO in c.q.l.core.rolling.SizeAndTimeBasedRollingPolicy@447981768 - Will use the pattern triplea-%d{yyyy-MM-dd}.%i.log for the active file
11:50:38,605 |-INFO in ch.qos.logback.core.rolling.SizeAndTimeBasedFileNamingAndTriggeringPolicy@43195e57 - The date pattern is 'yyyy-MM-dd' from file name pattern 'triplea-%d{yyyy-MM-dd}.%i.log'.
11:50:38,605 |-INFO in ch.qos.logback.core.rolling.SizeAndTimeBasedFileNamingAndTriggeringPolicy@43195e57 - Roll-over at midnight.
11:50:38,607 |-INFO in ch.qos.logback.core.rolling.SizeAndTimeBasedFileNamingAndTriggeringPolicy@43195e57 - Setting initial period to 2026-01-28T16:34:25.040Z
11:50:38,610 |-INFO in ch.qos.logback.core.rolling.RollingFileAppender[FILE] - Active log file name: /home/sanjana/triplea/triplea.log
11:50:38,611 |-INFO in ch.qos.logback.core.rolling.RollingFileAppender[FILE] - Setting currentFileLength to 275 for /home/sanjana/triplea/triplea.log
11:50:38,611 |-INFO in ch.qos.logback.core.rolling.RollingFileAppender[FILE] - File property is set to [/home/sanjana/triplea/triplea.log]
11:50:38,611 |-INFO in ch.qos.logback.core.model.processor.AppenderModelHandler - Processing appender named [console]
11:50:38,611 |-INFO in ch.qos.logback.core.model.processor.AppenderModelHandler - About to instantiate appender of type [ch.qos.logback.core.ConsoleAppender]
11:50:38,612 |-WARN in ch.qos.logback.core.ConsoleAppender[console] - This appender no longer admits a layout as a sub-component, set an encoder instead.
11:50:38,612 |-WARN in ch.qos.logback.core.ConsoleAppender[console] - To ensure compatibility, wrapping your layout in LayoutWrappingEncoder.
11:50:38,612 |-WARN in ch.qos.logback.core.ConsoleAppender[console] - See also https://logback.qos.ch/codes.html#layoutInsteadOfEncoder for details
11:50:38,612 |-INFO in ch.qos.logback.core.ConsoleAppender[console] - BEWARE: Writing to the console can be very slow. Avoid logging to the 
11:50:38,612 |-INFO in ch.qos.logback.core.ConsoleAppender[console] - console in production environments, especially in high volume systems.
11:50:38,612 |-INFO in ch.qos.logback.core.ConsoleAppender[console] - See also https://logback.qos.ch/codes.html#slowConsole
11:50:38,612 |-INFO in ch.qos.logback.classic.model.processor.RootLoggerModelHandler - Setting level of ROOT logger to DEBUG
11:50:38,613 |-INFO in ch.qos.logback.core.model.processor.AppenderRefModelHandler - Attaching appender named [swingMessage] to Logger[ROOT]
11:50:38,613 |-INFO in ch.qos.logback.core.model.processor.AppenderRefModelHandler - Attaching appender named [console] to Logger[ROOT]
11:50:38,613 |-INFO in ch.qos.logback.core.model.processor.AppenderRefModelHandler - Attaching appender named [FILE] to Logger[ROOT]
11:50:38,613 |-INFO in ch.qos.logback.classic.model.processor.LoggerModelHandler - Setting level of logger [org.apache.http] to INFO
11:50:38,613 |-INFO in ch.qos.logback.core.model.processor.DefaultProcessor@333291e3 - End of configuration.
11:50:38,613 |-INFO in ch.qos.logback.classic.joran.JoranConfigurator@479d31f3 - Registering current configuration as safe fallback point
11:50:38,613 |-INFO in ch.qos.logback.classic.util.ContextInitializer@1afd44cb - ch.qos.logback.classic.util.DefaultJoranConfigurator.configure() call lasted 92 milliseconds. ExecutionStatus=DO_NOT_INVOKE_NEXT_IF_ANY

11:50:38.731 [main] INFO  o.t.game.client.HeadedGameRunner - Launching game, version: 2.7+00000 
11:50:38.859 [Thread-5] DEBUG g.s.e.data.gameparser.GameParser - Parsing game XML: /home/sanjana/triplea/downloadedMaps/capture_the_flag/map/games/capture_the_flag.xml
Request sent: [MY_MOVE] purchase
Received move: [{"delegate": "purchase", "unit": "artillery", "from": "", "to": "ItalianBase"}, {"delegate": "purchase", "unit": "artillery", "from": "", "to": "ItalianBase"}]
Request sent: [MY_MOVE] combat
Received move: [{"delegate": "combat", "from": "ItalianStart", "to": "ItalianStartRight", "unit": "infantry", "count": 1}]
UnitType{name=infantry}
Request sent: [MY_MOVE] noncombat
Received move: [{"delegate": "noncombat", "from": "ItalianStart", "to": "ItalianBase", "unit": "infantry"}]
UnitType{name=infantry}
Request sent: [MY_MOVE] purchase
Received move: [{"delegate": "purchase", "unit": "infantry", "from": "", "to": "ItalianBase"}, {"delegate": "purchase", "unit": "artillery", "from": "", "to": "ItalianBase"}]
Request sent: [MY_MOVE] combat
Received move: [{"delegate": "combat", "from": "ItalianBase", "to": "ItalianStartLeft", "unit": "armour", "count": 1}]
UnitType{name=armour}
Request sent: [MY_MOVE] noncombat
Received move: [{"delegate": "noncombat", "from": "ItalianStartLeft", "to": "ItalianStart", "unit": "armour"}]
UnitType{name=armour}
Request sent: [MY_MOVE] purchase
Received move: [{"delegate": "purchase", "unit": "infantry", "from": "", "to": "ItalianBase"}, {"delegate": "purchase", "unit": "infantry", "from": "", "to": "ItalianBase"}, {"delegate": "purchase", "unit": "infantry", "from": "", "to": "ItalianBase"}, {"delegate": "purchase", "unit": "infantry", "from": "", "to": "ItalianBase"}, {"delegate": "purchase", "unit": "artillery", "from": "", "to": "ItalianBase"}]
Request sent: [MY_MOVE] combat
Received move: [{"delegate": "combat", "from": "ItalianStartLeft", "to": "ItalianStepOne", "unit": "armour", "count": 1}]
UnitType{name=armour}
Request sent: [MY_MOVE] noncombat
Received move: [{"delegate": "noncombat", "from": "ItalianBase", "to": "ItalianStart", "unit": "infantry"}]
UnitType{name=infantry}
Request sent: [MY_MOVE] purchase
Received move: [{"delegate": "purchase", "unit": "infantry", "from": "", "to": "ItalianBase"}, {"delegate": "purchase", "unit": "infantry", "from": "", "to": "ItalianBase"}, {"delegate": "purchase", "unit": "infantry", "from": "", "to": "ItalianBase"}, {"delegate": "purchase", "unit": "infantry", "from": "", "to": "ItalianBase"}, {"delegate": "purchase", "unit": "infantry", "from": "", "to": "ItalianBase"}, {"delegate": "purchase", "unit": "infantry", "from": "", "to": "ItalianBase"}, {"delegate": "purchase", "unit": "artillery", "from": "", "to": "ItalianBase"}]
Request sent: [MY_MOVE] combat
Received move: [{"delegate": "combat", "from": "ItalianStepOne", "to": "ItalianStart", "unit": "armour", "count": 1}]
UnitType{name=armour}
Request sent: [MY_MOVE] noncombat
Received move: [{"delegate": "noncombat", "from": "ItalianStart", "to": "ItalianStepOne", "unit": "armour"}]
UnitType{name=armour}
Request sent: [MY_MOVE] purchase
Received move: [{"delegate": "purchase", "unit": "artillery", "from": "", "to": "ItalianBase"}, {"delegate": "purchase", "unit": "artillery", "from": "", "to": "ItalianBase"}, {"delegate": "purchase", "unit": "artillery", "from": "", "to": "ItalianBase"}, {"delegate": "purchase", "unit": "armour", "from": "", "to": "ItalianBase"}, {"delegate": "purchase", "unit": "armour", "from": "", "to": "ItalianBase"}]
Request sent: [MY_MOVE] combat
Received move: [{"delegate": "combat", "from": "ItalianBase", "to": "ItalianStart", "unit": "artillery", "count": 5}]
UnitType{name=artillery}
Request sent: [MY_MOVE] noncombat
Received move: [{"delegate": "noncombat", "from": "ItalianStart", "to": "ItalianBase", "unit": "artillery"}]
UnitType{name=artillery}
Request sent: [MY_MOVE] purchase
Received move: [{"delegate": "purchase", "unit": "infantry", "from": "", "to": "ItalianBase"}, {"delegate": "purchase", "unit": "infantry", "from": "", "to": "ItalianBase"}, {"delegate": "purchase", "unit": "infantry", "from": "", "to": "ItalianBase"}, {"delegate": "purchase", "unit": "infantry", "from": "", "to": "ItalianBase"}, {"delegate": "purchase", "unit": "artillery", "from": "", "to": "ItalianBase"}]
Request sent: [MY_MOVE] combat
Received move: [{"delegate": "combat", "from": "ItalianBase", "to": "ItalianStartLeft", "unit": "armour", "count": 2}, {"delegate": "combat", "from": "ItalianStart", "to": "ItalianStartLeft", "unit": "artillery", "count": 2}]
UnitType{name=armour}
UnitType{name=artillery}
Request sent: [MY_MOVE] noncombat
Received move: [{"delegate": "noncombat", "from": "ItalianBase", "to": "ItalianStart", "unit": "infantry"}]
UnitType{name=infantry}
Request sent: [MY_MOVE] purchase
Received move: [{"delegate": "purchase", "unit": "infantry", "from": "", "to": "ItalianBase"}, {"delegate": "purchase", "unit": "infantry", "from": "", "to": "ItalianBase"}, {"delegate": "purchase", "unit": "infantry", "from": "", "to": "ItalianBase"}, {"delegate": "purchase", "unit": "infantry", "from": "", "to": "ItalianBase"}]
Request sent: [MY_MOVE] combat
Received move: [{"delegate": "combat", "from": "ItalianStartLeft", "to": "RightBar", "unit": "armour", "count": 2}, {"delegate": "combat", "from": "ItalianStartLeft", "to": "RightBar", "unit": "artillery", "count": 2}]
UnitType{name=armour}
UnitType{name=artillery}
Request sent: [MY_MOVE] noncombat
Received move: [{"delegate": "noncombat", "from": "ItalianStart", "to": "ItalianStartLeft", "unit": "artillery"}]
UnitType{name=artillery}
Request sent: [MY_MOVE] purchase
Received move: [{"delegate": "purchase", "unit": "artillery", "from": "", "to": "ItalianBase"}, {"delegate": "purchase", "unit": "artillery", "from": "", "to": "ItalianBase"}, {"delegate": "purchase", "unit": "armour", "from": "", "to": "ItalianBase"}, {"delegate": "purchase", "unit": "armour", "from": "", "to": "ItalianBase"}]
Request sent: [MY_MOVE] combat
Received move: [{"delegate": "combat", "from": "ItalianStart", "to": "ItalianStartRight", "unit": "artillery", "count": 1}]
UnitType{name=artillery}
Request sent: [MY_MOVE] noncombat
Received move: [{"delegate": "noncombat", "from": "ItalianStart", "to": "ItalianStartLeft", "unit": "infantry"}]
UnitType{name=infantry}
Request sent: [MY_MOVE] purchase
Received move: [{"delegate": "purchase", "unit": "artillery", "from": "", "to": "ItalianBase"}, {"delegate": "purchase", "unit": "artillery", "from": "", "to": "ItalianBase"}, {"delegate": "purchase", "unit": "artillery", "from": "", "to": "ItalianBase"}]
Request sent: [MY_MOVE] combat
Received move: [{"delegate": "combat", "from": "ItalianStartLeft", "to": "RightBar", "unit": "artillery", "count": 1}, {"delegate": "combat", "from": "ItalianStartLeft", "to": "RightBar", "unit": "infantry", "count": 1}]
UnitType{name=artillery}
UnitType{name=infantry}
Request sent: [MY_MOVE] noncombat
Received move: [{"delegate": "noncombat", "from": "ItalianStart", "to": "ItalianStepOne", "unit": "artillery"}]
UnitType{name=artillery}
Request sent: [MY_MOVE] purchase
Received move: [{"delegate": "purchase", "unit": "infantry", "from": "", "to": "ItalianBase"}, {"delegate": "purchase", "unit": "armour", "from": "", "to": "ItalianBase"}, {"delegate": "purchase", "unit": "armour", "from": "", "to": "ItalianBase"}]
Request sent: [MY_MOVE] combat
Received move: [{"delegate": "combat", "from": "ItalianBase", "to": "ItalianStart", "unit": "armour", "count": 2}, {"delegate": "combat", "from": "ItalianBase", "to": "ItalianStart", "unit": "artillery", "count": 2}]
UnitType{name=armour}
UnitType{name=artillery}
Request sent: [MY_MOVE] noncombat
Received move: [{"delegate": "noncombat", "from": "ItalianStart", "to": "ItalianBase", "unit": "armour"}]
UnitType{name=armour}
Request sent: [MY_MOVE] purchase
Received move: [{"delegate": "purchase", "unit": "artillery", "from": "", "to": "ItalianBase"}]
Request sent: [MY_MOVE] combat
Received move: [{"delegate": "combat", "from": "ItalianBase", "to": "ItalianStartLeft", "unit": "armour", "count": 2}, {"delegate": "combat", "from": "ItalianStart", "to": "ItalianStartLeft", "unit": "armour", "count": 1}]
UnitType{name=armour}
UnitType{name=armour}
Request sent: [MY_MOVE] noncombat
Received move: [{"delegate": "noncombat", "from": "ItalianBase", "to": "ItalianStart", "unit": "infantry"}]
UnitType{name=infantry}
Request sent: [MY_MOVE] purchase
Received move: [{"delegate": "purchase", "unit": "infantry", "from": "", "to": "ItalianBase"}, {"delegate": "purchase", "unit": "infantry", "from": "", "to": "ItalianBase"}, {"delegate": "purchase", "unit": "infantry", "from": "", "to": "ItalianBase"}, {"delegate": "purchase", "unit": "infantry", "from": "", "to": "ItalianBase"}, {"delegate": "purchase", "unit": "infantry", "from": "", "to": "ItalianBase"}, {"delegate": "purchase", "unit": "infantry", "from": "", "to": "ItalianBase"}, {"delegate": "purchase", "unit": "infantry", "from": "", "to": "ItalianBase"}, {"delegate": "purchase", "unit": "infantry", "from": "", "to": "ItalianBase"}, {"delegate": "purchase", "unit": "infantry", "from": "", "to": "ItalianBase"}, {"delegate": "purchase", "unit": "infantry", "from": "", "to": "ItalianBase"}, {"delegate": "purchase", "unit": "armour", "from": "", "to": "ItalianBase"}, {"delegate": "purchase", "unit": "armour", "from": "", "to": "ItalianBase"}]
Request sent: [MY_MOVE] combat
Received move: [{"delegate": "combat", "from": "ItalianStart", "to": "RightBar", "unit": "armour", "count": 1}, {"delegate": "combat", "from": "ItalianStartLeft", "to": "RightBar", "unit": "armour", "count": 2}]
UnitType{name=armour}
UnitType{name=armour}
Request sent: [MY_MOVE] noncombat
Received move: [{"delegate": "noncombat", "from": "ItalianStart", "to": "ItalianStepOne", "unit": "infantry"}]
UnitType{name=infantry}
Request sent: [MY_MOVE] purchase
Received move: [{"delegate": "purchase", "unit": "infantry", "from": "", "to": "ItalianBase"}, {"delegate": "purchase", "unit": "armour", "from": "", "to": "ItalianBase"}]
Request sent: [MY_MOVE] combat
Received move: [{"delegate": "combat", "from": "ItalianStartRight", "to": "TopBar", "unit": "artillery", "count": 1}]
UnitType{name=artillery}
Request sent: [MY_MOVE] noncombat
Received move: [{"delegate": "noncombat", "from": "ItalianStart", "to": "ItalianStepOne", "unit": "artillery"}]
UnitType{name=artillery}
Request sent: [MY_MOVE] purchase
Received move: [{"delegate": "purchase", "unit": "infantry", "from": "", "to": "ItalianBase"}, {"delegate": "purchase", "unit": "infantry", "from": "", "to": "ItalianBase"}, {"delegate": "purchase", "unit": "infantry", "from": "", "to": "ItalianBase"}, {"delegate": "purchase", "unit": "infantry", "from": "", "to": "ItalianBase"}, {"delegate": "purchase", "unit": "infantry", "from": "", "to": "ItalianBase"}, {"delegate": "purchase", "unit": "artillery", "from": "", "to": "ItalianBase"}, {"delegate": "purchase", "unit": "artillery", "from": "", "to": "ItalianBase"}, {"delegate": "purchase", "unit": "armour", "from": "", "to": "ItalianBase"}, {"delegate": "purchase", "unit": "armour", "from": "", "to": "ItalianBase"}, {"delegate": "purchase", "unit": "armour", "from": "", "to": "ItalianBase"}]
Request sent: [MY_MOVE] combat
Received move: [{"delegate": "combat", "from": "ItalianStepOne", "to": "ItalianStepTwo", "unit": "artillery", "count": 1}]
UnitType{name=artillery}
Request sent: [MY_MOVE] noncombat
Received move: [{"delegate": "noncombat", "from": "ItalianStart", "to": "ItalianStepOne", "unit": "artillery"}]
UnitType{name=artillery}
Request sent: [MY_MOVE] purchase
Received move: [{"delegate": "purchase", "unit": "artillery", "from": "", "to": "ItalianBase"}, {"delegate": "purchase", "unit": "armour", "from": "", "to": "ItalianBase"}, {"delegate": "purchase", "unit": "armour", "from": "", "to": "ItalianBase"}, {"delegate": "purchase", "unit": "armour", "from": "", "to": "ItalianBase"}]
Request sent: [MY_MOVE] combat
Received move: [{"delegate": "combat", "from": "ItalianBase", "to": "ItalianStart", "unit": "armour", "count": 1}]
UnitType{name=armour}
Request sent: [MY_MOVE] noncombat
Received move: []
Request sent: [MY_MOVE] purchase
Received move: [{"delegate": "purchase", "unit": "artillery", "from": "", "to": "ItalianBase"}, {"delegate": "purchase", "unit": "artillery", "from": "", "to": "ItalianBase"}]
Request sent: [MY_MOVE] combat
Received move: [{"delegate": "combat", "from": "ItalianBase", "to": "ItalianStart", "unit": "armour", "count": 2}]
UnitType{name=armour}
Request sent: [MY_MOVE] noncombat
Received move: [{"delegate": "noncombat", "from": "ItalianBase", "to": "ItalianStart", "unit": "armour"}]
UnitType{name=armour}
Request sent: [MY_MOVE] purchase
Received move: [{"delegate": "purchase", "unit": "infantry", "from": "", "to": "ItalianBase"}, {"delegate": "purchase", "unit": "infantry", "from": "", "to": "ItalianBase"}, {"delegate": "purchase", "unit": "infantry", "from": "", "to": "ItalianBase"}]
Request sent: [MY_MOVE] combat
Received move: [{"delegate": "combat", "from": "ItalianBase", "to": "ItalianStartLeft", "unit": "armour", "count": 5}, {"delegate": "combat", "from": "ItalianStart", "to": "ItalianStartLeft", "unit": "armour", "count": 3}]
UnitType{name=armour}
UnitType{name=armour}
Request sent: [MY_MOVE] noncombat
Received move: [{"delegate": "noncombat", "from": "ItalianStart", "to": "ItalianBase", "unit": "armour"}]
UnitType{name=armour}
Request sent: [MY_MOVE] purchase
Received move: [{"delegate": "purchase", "unit": "infantry", "from": "", "to": "ItalianBase"}, {"delegate": "purchase", "unit": "infantry", "from": "", "to": "ItalianBase"}, {"delegate": "purchase", "unit": "armour", "from": "", "to": "ItalianBase"}, {"delegate": "purchase", "unit": "armour", "from": "", "to": "ItalianBase"}]
Request sent: [MY_MOVE] combat
Received move: [{"delegate": "combat", "from": "ItalianStart", "to": "ItalianStartRight", "unit": "armour", "count": 3}]
UnitType{name=armour}
Request sent: [MY_MOVE] noncombat
Received move: [{"delegate": "noncombat", "from": "ItalianBase", "to": "ItalianStart", "unit": "artillery"}]
UnitType{name=artillery}
Request sent: [MY_MOVE] purchase
Received move: [{"delegate": "purchase", "unit": "infantry", "from": "", "to": "ItalianBase"}, {"delegate": "purchase", "unit": "infantry", "from": "", "to": "ItalianBase"}, {"delegate": "purchase", "unit": "infantry", "from": "", "to": "ItalianBase"}, {"delegate": "purchase", "unit": "infantry", "from": "", "to": "ItalianBase"}]
Request sent: [MY_MOVE] combat
Received move: [{"delegate": "combat", "from": "ItalianBase", "to": "ItalianStart", "unit": "armour", "count": 2}, {"delegate": "combat", "from": "ItalianBase", "to": "ItalianStart", "unit": "artillery", "count": 7}]
UnitType{name=armour}
UnitType{name=artillery}
Request sent: [MY_MOVE] noncombat
Received move: [{"delegate": "noncombat", "from": "ItalianStart", "to": "ItalianBase", "unit": "artillery"}]
UnitType{name=artillery}
Request sent: [MY_MOVE] purchase
Received move: [{"delegate": "purchase", "unit": "infantry", "from": "", "to": "ItalianBase"}, {"delegate": "purchase", "unit": "infantry", "from": "", "to": "ItalianBase"}, {"delegate": "purchase", "unit": "artillery", "from": "", "to": "ItalianBase"}, {"delegate": "purchase", "unit": "artillery", "from": "", "to": "ItalianBase"}]
Request sent: [MY_MOVE] combat
Received move: [{"delegate": "combat", "from": "ItalianStart", "to": "ItalianStepOne", "unit": "armour", "count": 2}, {"delegate": "combat", "from": "ItalianStart", "to": "ItalianStepOne", "unit": "artillery", "count": 2}]
UnitType{name=armour}
UnitType{name=artillery}
Request sent: [MY_MOVE] noncombat
Received move: [{"delegate": "noncombat", "from": "ItalianStepOne", "to": "ItalianBase", "unit": "armour"}]
UnitType{name=armour}
Request sent: [MY_MOVE] purchase
Received move: [{"delegate": "purchase", "unit": "armour", "from": "", "to": "ItalianBase"}, {"delegate": "purchase", "unit": "armour", "from": "", "to": "ItalianBase"}, {"delegate": "purchase", "unit": "armour", "from": "", "to": "ItalianBase"}]
Request sent: [MY_MOVE] combat
Received move: [{"delegate": "combat", "from": "ItalianStepOne", "to": "ItalianStartLeft", "unit": "armour", "count": 2}, {"delegate": "combat", "from": "ItalianStart", "to": "ItalianStartLeft", "unit": "artillery", "count": 4}]
UnitType{name=armour}
UnitType{name=artillery}
Request sent: [MY_MOVE] noncombat
Received move: [{"delegate": "noncombat", "from": "ItalianBase", "to": "ItalianStart", "unit": "artillery"}]
UnitType{name=artillery}
Request sent: [MY_MOVE] purchase
Received move: [{"delegate": "purchase", "unit": "artillery", "from": "", "to": "ItalianBase"}, {"delegate": "purchase", "unit": "artillery", "from": "", "to": "ItalianBase"}, {"delegate": "purchase", "unit": "artillery", "from": "", "to": "ItalianBase"}, {"delegate": "purchase", "unit": "artillery", "from": "", "to": "ItalianBase"}]
Request sent: [MY_MOVE] combat
Received move: [{"delegate": "combat", "from": "ItalianBase", "to": "ItalianStart", "unit": "armour", "count": 3}, {"delegate": "combat", "from": "ItalianBase", "to": "ItalianStart", "unit": "artillery", "count": 3}]
UnitType{name=armour}
UnitType{name=artillery}
Request sent: [MY_MOVE] noncombat
Received move: [{"delegate": "noncombat", "from": "ItalianBase", "to": "ItalianStart", "unit": "infantry"}]
UnitType{name=infantry}
Request sent: [MY_MOVE] purchase
Received move: [{"delegate": "purchase", "unit": "infantry", "from": "", "to": "ItalianBase"}, {"delegate": "purchase", "unit": "infantry", "from": "", "to": "ItalianBase"}, {"delegate": "purchase", "unit": "armour", "from": "", "to": "ItalianBase"}]
Request sent: [MY_MOVE] combat
Received move: [{"delegate": "combat", "from": "ItalianStart", "to": "ItalianStepTwo", "unit": "armour", "count": 3}]
UnitType{name=armour}
Request sent: [MY_MOVE] noncombat
Received move: [{"delegate": "noncombat", "from": "ItalianStepOne", "to": "ItalianStepTwo", "unit": "artillery"}]
UnitType{name=artillery}
Request sent: [MY_MOVE] purchase
Received move: [{"delegate": "purchase", "unit": "infantry", "from": "", "to": "ItalianBase"}, {"delegate": "purchase", "unit": "infantry", "from": "", "to": "ItalianBase"}, {"delegate": "purchase", "unit": "artillery", "from": "", "to": "ItalianBase"}, {"delegate": "purchase", "unit": "artillery", "from": "", "to": "ItalianBase"}, {"delegate": "purchase", "unit": "armour", "from": "", "to": "ItalianBase"}]
Request sent: [MY_MOVE] combat
Received move: [{"delegate": "combat", "from": "ItalianStepTwo", "to": "Flag", "unit": "armour", "count": 3}, {"delegate": "combat", "from": "ItalianStepTwo", "to": "Flag", "unit": "artillery", "count": 1}]
UnitType{name=armour}
UnitType{name=artillery}
Request sent: [MY_MOVE] noncombat
Received move: [{"delegate": "noncombat", "from": "ItalianBase", "to": "ItalianStart", "unit": "armour"}]
UnitType{name=armour}
Request sent: [MY_MOVE] purchase
Received move: [{"delegate": "purchase", "unit": "artillery", "from": "", "to": "ItalianBase"}, {"delegate": "purchase", "unit": "artillery", "from": "", "to": "ItalianBase"}, {"delegate": "purchase", "unit": "artillery", "from": "", "to": "ItalianBase"}, {"delegate": "purchase", "unit": "artillery", "from": "", "to": "ItalianBase"}, {"delegate": "purchase", "unit": "armour", "from": "", "to": "ItalianBase"}, {"delegate": "purchase", "unit": "armour", "from": "", "to": "ItalianBase"}]
Request sent: [MY_MOVE] combat
Received move: [{"delegate": "combat", "from": "ItalianBase", "to": "ItalianStartLeft", "unit": "armour", "count": 1}, {"delegate": "combat", "from": "ItalianStart", "to": "ItalianStartLeft", "unit": "armour", "count": 1}, {"delegate": "combat", "from": "ItalianStart", "to": "ItalianStartLeft", "unit": "artillery", "count": 2}]
UnitType{name=armour}
UnitType{name=armour}
UnitType{name=artillery}
Request sent: [MY_MOVE] noncombat
Received move: [{"delegate": "noncombat", "from": "ItalianStepOne", "to": "ItalianStart", "unit": "artillery"}]
UnitType{name=artillery}
Request sent: [MY_MOVE] purchase
Received move: [{"delegate": "purchase", "unit": "artillery", "from": "", "to": "ItalianBase"}, {"delegate": "purchase", "unit": "artillery", "from": "", "to": "ItalianBase"}, {"delegate": "purchase", "unit": "artillery", "from": "", "to": "ItalianBase"}]
Request sent: [MY_MOVE] combat
Received move: [{"delegate": "combat", "from": "ItalianBase", "to": "ItalianStartLeft", "unit": "armour", "count": 2}, {"delegate": "combat", "from": "ItalianStart", "to": "ItalianStartLeft", "unit": "artillery", "count": 2}, {"delegate": "combat", "from": "ItalianStart", "to": "ItalianStartLeft", "unit": "infantry", "count": 1}]
UnitType{name=armour}
UnitType{name=artillery}
UnitType{name=infantry}
Request sent: [MY_MOVE] noncombat
Received move: [{"delegate": "noncombat", "from": "Flag", "to": "ItalianStepOne", "unit": "armour"}]
UnitType{name=armour}
Request sent: [MY_MOVE] purchase
Received move: [{"delegate": "purchase", "unit": "infantry", "from": "", "to": "ItalianBase"}, {"delegate": "purchase", "unit": "infantry", "from": "", "to": "ItalianBase"}, {"delegate": "purchase", "unit": "infantry", "from": "", "to": "ItalianBase"}, {"delegate": "purchase", "unit": "infantry", "from": "", "to": "ItalianBase"}, {"delegate": "purchase", "unit": "infantry", "from": "", "to": "ItalianBase"}, {"delegate": "purchase", "unit": "infantry", "from": "", "to": "ItalianBase"}, {"delegate": "purchase", "unit": "infantry", "from": "", "to": "ItalianBase"}, {"delegate": "purchase", "unit": "infantry", "from": "", "to": "ItalianBase"}, {"delegate": "purchase", "unit": "armour", "from": "", "to": "ItalianBase"}, {"delegate": "purchase", "unit": "armour", "from": "", "to": "ItalianBase"}, {"delegate": "purchase", "unit": "armour", "from": "", "to": "ItalianBase"}, {"delegate": "purchase", "unit": "armour", "from": "", "to": "ItalianBase"}]
Request sent: [MY_MOVE] combat
Received move: [{"delegate": "combat", "from": "ItalianBase", "to": "ItalianStart", "unit": "artillery", "count": 9}]
UnitType{name=artillery}
Request sent: [MY_MOVE] noncombat
Received move: [{"delegate": "noncombat", "from": "ItalianBase", "to": "ItalianStart", "unit": "artillery"}]
UnitType{name=artillery}
Request sent: [MY_MOVE] purchase
Received move: [{"delegate": "purchase", "unit": "artillery", "from": "", "to": "ItalianBase"}, {"delegate": "purchase", "unit": "artillery", "from": "", "to": "ItalianBase"}, {"delegate": "purchase", "unit": "artillery", "from": "", "to": "ItalianBase"}, {"delegate": "purchase", "unit": "armour", "from": "", "to": "ItalianBase"}, {"delegate": "purchase", "unit": "armour", "from": "", "to": "ItalianBase"}, {"delegate": "purchase", "unit": "armour", "from": "", "to": "ItalianBase"}, {"delegate": "purchase", "unit": "armour", "from": "", "to": "ItalianBase"}, {"delegate": "purchase", "unit": "armour", "from": "", "to": "ItalianBase"}]
Request sent: [MY_MOVE] combat
Received move: [{"delegate": "combat", "from": "ItalianBase", "to": "ItalianStepOne", "unit": "armour", "count": 4}, {"delegate": "combat", "from": "ItalianStart", "to": "ItalianStepOne", "unit": "artillery", "count": 10}]
UnitType{name=armour}
UnitType{name=artillery}
Request sent: [MY_MOVE] noncombat
Received move: [{"delegate": "noncombat", "from": "ItalianStart", "to": "ItalianBase", "unit": "artillery"}]
UnitType{name=artillery}
Request sent: [MY_MOVE] purchase
Received move: [{"delegate": "purchase", "unit": "infantry", "from": "", "to": "ItalianBase"}, {"delegate": "purchase", "unit": "artillery", "from": "", "to": "ItalianBase"}, {"delegate": "purchase", "unit": "artillery", "from": "", "to": "ItalianBase"}, {"delegate": "purchase", "unit": "artillery", "from": "", "to": "ItalianBase"}]
Request sent: [MY_MOVE] combat
Received move: [{"delegate": "combat", "from": "ItalianBase", "to": "ItalianStartRight", "unit": "armour", "count": 5}, {"delegate": "combat", "from": "ItalianStart", "to": "ItalianStartRight", "unit": "armour", "count": 4}, {"delegate": "combat", "from": "ItalianStart", "to": "ItalianStartRight", "unit": "artillery", "count": 3}]
UnitType{name=armour}
UnitType{name=armour}
UnitType{name=artillery}
Request sent: [MY_MOVE] noncombat
Received move: [{"delegate": "noncombat", "from": "ItalianStart", "to": "ItalianBase", "unit": "armour"}]
UnitType{name=armour}
Request sent: [MY_MOVE] purchase
Received move: [{"delegate": "purchase", "unit": "infantry", "from": "", "to": "ItalianBase"}, {"delegate": "purchase", "unit": "infantry", "from": "", "to": "ItalianBase"}, {"delegate": "purchase", "unit": "infantry", "from": "", "to": "ItalianBase"}, {"delegate": "purchase", "unit": "armour", "from": "", "to": "ItalianBase"}]
Request sent: [MY_MOVE] combat
Received move: [{"delegate": "combat", "from": "ItalianBase", "to": "ItalianStart", "unit": "artillery", "count": 5}]
UnitType{name=artillery}
Request sent: [MY_MOVE] noncombat
Received move: [{"delegate": "noncombat", "from": "ItalianBase", "to": "ItalianStart", "unit": "artillery"}]
UnitType{name=artillery}
Request sent: [MY_MOVE] purchase
Received move: [{"delegate": "purchase", "unit": "infantry", "from": "", "to": "ItalianBase"}, {"delegate": "purchase", "unit": "artillery", "from": "", "to": "ItalianBase"}, {"delegate": "purchase", "unit": "armour", "from": "", "to": "ItalianBase"}]
Request sent: [MY_MOVE] combat
Received move: [{"delegate": "combat", "from": "ItalianBase", "to": "ItalianStartRight", "unit": "armour", "count": 1}, {"delegate": "combat", "from": "ItalianStart", "to": "ItalianStartRight", "unit": "artillery", "count": 2}]
UnitType{name=armour}
UnitType{name=artillery}
Request sent: [MY_MOVE] noncombat
Received move: [{"delegate": "noncombat", "from": "ItalianStart", "to": "ItalianBase", "unit": "artillery"}]
UnitType{name=artillery}
Request sent: [MY_MOVE] purchase
Received move: [{"delegate": "purchase", "unit": "armour", "from": "", "to": "ItalianBase"}, {"delegate": "purchase", "unit": "armour", "from": "", "to": "ItalianBase"}]
Request sent: [MY_MOVE] combat
Received move: [{"delegate": "combat", "from": "ItalianBase", "to": "ItalianStartRight", "unit": "armour", "count": 1}, {"delegate": "combat", "from": "ItalianStart", "to": "ItalianStartRight", "unit": "artillery", "count": 2}]
UnitType{name=armour}
UnitType{name=artillery}
Request sent: [MY_MOVE] noncombat
Received move: [{"delegate": "noncombat", "from": "ItalianBase", "to": "ItalianStart", "unit": "infantry"}]
UnitType{name=infantry}
Request sent: [MY_MOVE] purchase
Received move: [{"delegate": "purchase", "unit": "artillery", "from": "", "to": "ItalianBase"}, {"delegate": "purchase", "unit": "armour", "from": "", "to": "ItalianBase"}, {"delegate": "purchase", "unit": "armour", "from": "", "to": "ItalianBase"}]
Request sent: [MY_MOVE] combat
Received move: [{"delegate": "combat", "from": "ItalianBase", "to": "ItalianStart", "unit": "armour", "count": 2}, {"delegate": "combat", "from": "ItalianBase", "to": "ItalianStart", "unit": "artillery", "count": 3}]
UnitType{name=armour}
UnitType{name=artillery}
Request sent: [MY_MOVE] noncombat
Received move: [{"delegate": "noncombat", "from": "ItalianBase", "to": "ItalianStart", "unit": "artillery"}]
UnitType{name=artillery}
Request sent: [MY_MOVE] purchase
Received move: [{"delegate": "purchase", "unit": "artillery", "from": "", "to": "ItalianBase"}, {"delegate": "purchase", "unit": "armour", "from": "", "to": "ItalianBase"}, {"delegate": "purchase", "unit": "armour", "from": "", "to": "ItalianBase"}]
Request sent: [MY_MOVE] combat
Received move: [{"delegate": "combat", "from": "ItalianBase", "to": "ItalianStartLeft", "unit": "armour", "count": 1}]
UnitType{name=armour}
Request sent: [MY_MOVE] noncombat
Received move: [{"delegate": "noncombat", "from": "ItalianBase", "to": "ItalianStartLeft", "unit": "armour"}]
UnitType{name=armour}
Request sent: [MY_MOVE] purchase
Received move: [{"delegate": "purchase", "unit": "infantry", "from": "", "to": "ItalianBase"}, {"delegate": "purchase", "unit": "artillery", "from": "", "to": "ItalianBase"}, {"delegate": "purchase", "unit": "armour", "from": "", "to": "ItalianBase"}]
Request sent: [MY_MOVE] combat
Received move: [{"delegate": "combat", "from": "ItalianBase", "to": "ItalianStartRight", "unit": "armour", "count": 2}, {"delegate": "combat", "from": "ItalianStart", "to": "ItalianStartRight", "unit": "armour", "count": 2}, {"delegate": "combat", "from": "ItalianStartLeft", "to": "ItalianStartRight", "unit": "armour", "count": 2}, {"delegate": "combat", "from": "ItalianStart", "to": "ItalianStartRight", "unit": "artillery", "count": 4}]
UnitType{name=armour}
UnitType{name=armour}
UnitType{name=armour}
UnitType{name=artillery}
Request sent: [MY_MOVE] noncombat
Received move: [{"delegate": "noncombat", "from": "ItalianStart", "to": "ItalianStartLeft", "unit": "armour"}]
UnitType{name=armour}
Request sent: [MY_MOVE] purchase
Received move: [{"delegate": "purchase", "unit": "infantry", "from": "", "to": "ItalianBase"}, {"delegate": "purchase", "unit": "infantry", "from": "", "to": "ItalianBase"}, {"delegate": "purchase", "unit": "artillery", "from": "", "to": "ItalianBase"}, {"delegate": "purchase", "unit": "armour", "from": "", "to": "ItalianBase"}]
Request sent: [MY_MOVE] combat
Received move: [{"delegate": "combat", "from": "ItalianBase", "to": "ItalianStartRight", "unit": "armour", "count": 1}, {"delegate": "combat", "from": "ItalianStart", "to": "ItalianStartRight", "unit": "armour", "count": 3}]
UnitType{name=armour}
UnitType{name=armour}
Request sent: [MY_MOVE] noncombat
Received move: [{"delegate": "noncombat", "from": "ItalianBase", "to": "ItalianStart", "unit": "infantry"}]
UnitType{name=infantry}
Request sent: [MY_MOVE] purchase
Received move: [{"delegate": "purchase", "unit": "artillery", "from": "", "to": "ItalianBase"}, {"delegate": "purchase", "unit": "artillery", "from": "", "to": "ItalianBase"}, {"delegate": "purchase", "unit": "artillery", "from": "", "to": "ItalianBase"}]
Request sent: [MY_MOVE] combat
Received move: [{"delegate": "combat", "from": "ItalianBase", "to": "ItalianStartRight", "unit": "armour", "count": 1}, {"delegate": "combat", "from": "ItalianStart", "to": "ItalianStartRight", "unit": "armour", "count": 2}, {"delegate": "combat", "from": "ItalianStart", "to": "ItalianStartRight", "unit": "infantry", "count": 1}]
UnitType{name=armour}
UnitType{name=armour}
UnitType{name=infantry}
Request sent: [MY_MOVE] noncombat
Received move: [{"delegate": "noncombat", "from": "ItalianBase", "to": "ItalianStart", "unit": "artillery"}]
UnitType{name=artillery}
Request sent: [MY_MOVE] purchase
Received move: [{"delegate": "purchase", "unit": "infantry", "from": "", "to": "ItalianBase"}]
Request sent: [MY_MOVE] combat
Received move: [{"delegate": "combat", "from": "ItalianStart", "to": "ItalianStartRight", "unit": "armour", "count": 3}, {"delegate": "combat", "from": "ItalianStart", "to": "ItalianStartRight", "unit": "artillery", "count": 1}]
UnitType{name=armour}
UnitType{name=artillery}
Request sent: [MY_MOVE] noncombat
Received move: [{"delegate": "noncombat", "from": "ItalianBase", "to": "ItalianStart", "unit": "infantry"}]
UnitType{name=infantry}
Request sent: [MY_MOVE] purchase
Received move: [{"delegate": "purchase", "unit": "infantry", "from": "", "to": "ItalianBase"}, {"delegate": "purchase", "unit": "artillery", "from": "", "to": "ItalianBase"}, {"delegate": "purchase", "unit": "artillery", "from": "", "to": "ItalianBase"}, {"delegate": "purchase", "unit": "artillery", "from": "", "to": "ItalianBase"}, {"delegate": "purchase", "unit": "artillery", "from": "", "to": "ItalianBase"}]
Request sent: [MY_MOVE] combat
Received move: [{"delegate": "combat", "from": "ItalianStart", "to": "ItalianStepOne", "unit": "armour", "count": 1}]
UnitType{name=armour}
Request sent: [MY_MOVE] noncombat
Received move: [{"delegate": "noncombat", "from": "ItalianStart", "to": "ItalianBase", "unit": "infantry"}]
UnitType{name=infantry}
Request sent: [MY_MOVE] purchase
Received move: [{"delegate": "purchase", "unit": "infantry", "from": "", "to": "ItalianBase"}, {"delegate": "purchase", "unit": "infantry", "from": "", "to": "ItalianBase"}, {"delegate": "purchase", "unit": "artillery", "from": "", "to": "ItalianBase"}, {"delegate": "purchase", "unit": "artillery", "from": "", "to": "ItalianBase"}]
Request sent: [MY_MOVE] combat
Received move: [{"delegate": "combat", "from": "ItalianBase", "to": "ItalianStart", "unit": "artillery", "count": 5}]
UnitType{name=artillery}
Request sent: [MY_MOVE] noncombat
Received move: [{"delegate": "noncombat", "from": "ItalianBase", "to": "ItalianStart", "unit": "artillery"}]
UnitType{name=artillery}
Request sent: [MY_MOVE] purchase
Received move: [{"delegate": "purchase", "unit": "infantry", "from": "", "to": "ItalianBase"}, {"delegate": "purchase", "unit": "infantry", "from": "", "to": "ItalianBase"}, {"delegate": "purchase", "unit": "infantry", "from": "", "to": "ItalianBase"}, {"delegate": "purchase", "unit": "infantry", "from": "", "to": "ItalianBase"}]
Request sent: [MY_MOVE] combat
Received move: [{"delegate": "combat", "from": "ItalianStart", "to": "ItalianStartLeft", "unit": "artillery", "count": 5}]
UnitType{name=artillery}
Request sent: [MY_MOVE] noncombat
Received move: [{"delegate": "noncombat", "from": "ItalianBase", "to": "ItalianStart", "unit": "infantry"}]
UnitType{name=infantry}
Request sent: [MY_MOVE] purchase
Received move: [{"delegate": "purchase", "unit": "infantry", "from": "", "to": "ItalianBase"}]
Request sent: [MY_MOVE] combat
Received move: [{"delegate": "combat", "from": "ItalianBase", "to": "ItalianStart", "unit": "artillery", "count": 5}]
UnitType{name=artillery}
Request sent: [MY_MOVE] noncombat
Received move: [{"delegate": "noncombat", "from": "ItalianStart", "to": "ItalianBase", "unit": "artillery"}]
UnitType{name=artillery}
Request sent: [MY_MOVE] purchase
Received move: [{"delegate": "purchase", "unit": "artillery", "from": "", "to": "ItalianBase"}, {"delegate": "purchase", "unit": "artillery", "from": "", "to": "ItalianBase"}, {"delegate": "purchase", "unit": "artillery", "from": "", "to": "ItalianBase"}, {"delegate": "purchase", "unit": "armour", "from": "", "to": "ItalianBase"}]
Request sent: [MY_MOVE] combat
Received move: [{"delegate": "combat", "from": "ItalianStart", "to": "ItalianStartLeft", "unit": "artillery", "count": 5}]
UnitType{name=artillery}
Request sent: [MY_MOVE] noncombat
Received move: [{"delegate": "noncombat", "from": "ItalianBase", "to": "ItalianStart", "unit": "infantry"}]
UnitType{name=infantry}
Request sent: [MY_MOVE] purchase
Received move: [{"delegate": "purchase", "unit": "infantry", "from": "", "to": "ItalianBase"}, {"delegate": "purchase", "unit": "infantry", "from": "", "to": "ItalianBase"}, {"delegate": "purchase", "unit": "infantry", "from": "", "to": "ItalianBase"}, {"delegate": "purchase", "unit": "armour", "from": "", "to": "ItalianBase"}]
Request sent: [MY_MOVE] combat
Received move: [{"delegate": "combat", "from": "ItalianBase", "to": "ItalianStart", "unit": "armour", "count": 1}, {"delegate": "combat", "from": "ItalianBase", "to": "ItalianStart", "unit": "artillery", "count": 8}]
UnitType{name=armour}
UnitType{name=artillery}
Request sent: [MY_MOVE] noncombat
Received move: [{"delegate": "noncombat", "from": "ItalianStart", "to": "ItalianBase", "unit": "armour"}]
UnitType{name=armour}
Request sent: [MY_MOVE] purchase
Received move: [{"delegate": "purchase", "unit": "armour", "from": "", "to": "ItalianBase"}, {"delegate": "purchase", "unit": "armour", "from": "", "to": "ItalianBase"}]
Request sent: [MY_MOVE] combat
Received move: [{"delegate": "combat", "from": "ItalianBase", "to": "ItalianStart", "unit": "armour", "count": 1}, {"delegate": "combat", "from": "ItalianBase", "to": "ItalianStart", "unit": "infantry", "count": 17}]
UnitType{name=armour}
UnitType{name=infantry}
Request sent: [MY_MOVE] noncombat
Received move: []
Request sent: [MY_MOVE] purchase
Received move: [{"delegate": "purchase", "unit": "artillery", "from": "", "to": "ItalianBase"}, {"delegate": "purchase", "unit": "armour", "from": "", "to": "ItalianBase"}, {"delegate": "purchase", "unit": "armour", "from": "", "to": "ItalianBase"}]
Request sent: [MY_MOVE] combat
Received move: [{"delegate": "combat", "from": "ItalianBase", "to": "ItalianStart", "unit": "armour", "count": 3}, {"delegate": "combat", "from": "ItalianBase", "to": "ItalianStart", "unit": "infantry", "count": 17}]
UnitType{name=armour}
UnitType{name=infantry}
Request sent: [MY_MOVE] noncombat
Received move: []
> Task :game-app:domain-data:compileJava UP-TO-DATE
> Task :lib:java-extras:compileJava UP-TO-DATE
> Task :lib:websocket-client:compileJava UP-TO-DATE
> Task :lib:feign-common:compileJava UP-TO-DATE
> Task :lib:websocket-server:compileJava UP-TO-DATE
> Task :lib:websocket-server:processResources NO-SOURCE
> Task :lib:websocket-server:classes UP-TO-DATE
> Task :lib:websocket-server:jar UP-TO-DATE
> Task :game-app:game-relay-server:compileJava UP-TO-DATE
> Task :game-app:game-relay-server:processResources NO-SOURCE
> Task :game-app:game-relay-server:classes UP-TO-DATE
> Task :game-app:game-relay-server:jar UP-TO-DATE
> Task :lib:xml-reader:compileJava UP-TO-DATE
> Task :lib:xml-reader:processResources NO-SOURCE
> Task :lib:xml-reader:classes UP-TO-DATE
> Task :lib:xml-reader:jar UP-TO-DATE
> Task :game-app:map-data:compileJava UP-TO-DATE
> Task :game-app:map-data:processResources NO-SOURCE
> Task :game-app:map-data:classes UP-TO-DATE
> Task :game-app:map-data:jar UP-TO-DATE
> Task :http-clients:lobby-client:compileJava UP-TO-DATE
> Task :lib:swing-lib:compileJava UP-TO-DATE
> Task :lib:swing-lib:processResources NO-SOURCE
> Task :lib:swing-lib:classes UP-TO-DATE
> Task :lib:swing-lib:jar UP-TO-DATE
> Task :game-app:game-core:compileJava UP-TO-DATE
> Task :game-app:game-core:processResources UP-TO-DATE
> Task :game-app:game-core:classes UP-TO-DATE
> Task :game-app:game-core:jar UP-TO-DATE
> Task :game-app:ai:compileJava UP-TO-DATE
> Task :game-app:ai:processResources NO-SOURCE
> Task :game-app:ai:classes UP-TO-DATE
> Task :game-app:ai:jar UP-TO-DATE
> Task :game-app:domain-data:processResources NO-SOURCE
> Task :game-app:domain-data:classes UP-TO-DATE
> Task :game-app:domain-data:jar UP-TO-DATE
> Task :game-app:game-headed:compileJava UP-TO-DATE
> Task :game-app:game-headed:processResources UP-TO-DATE
> Task :game-app:game-headed:classes UP-TO-DATE

> Task :game-app:game-headed:downloadAssets
Download https://github.com/triplea-game/assets/releases/download/47/game_headed_assets.zip

> Task :http-clients:lobby-client:processResources NO-SOURCE
> Task :http-clients:lobby-client:classes UP-TO-DATE
> Task :http-clients:lobby-client:jar UP-TO-DATE
> Task :lib:feign-common:processResources NO-SOURCE
> Task :lib:feign-common:classes UP-TO-DATE
> Task :lib:feign-common:jar UP-TO-DATE
> Task :lib:java-extras:processResources NO-SOURCE
> Task :lib:java-extras:classes UP-TO-DATE
> Task :lib:java-extras:jar UP-TO-DATE
> Task :lib:websocket-client:processResources NO-SOURCE
> Task :lib:websocket-client:classes UP-TO-DATE
> Task :lib:websocket-client:jar UP-TO-DATE

> Task :game-app:game-headed:run
12:03:46,603 |-INFO in ch.qos.logback.classic.LoggerContext[default] - This is logback-classic version 1.5.18
12:03:46,603 |-INFO in ch.qos.logback.classic.util.ContextInitializer@1afd44cb - No custom configurators were discovered as a service.
12:03:46,604 |-INFO in ch.qos.logback.classic.util.ContextInitializer@1afd44cb - Trying to configure with ch.qos.logback.classic.joran.SerializedModelConfigurator
12:03:46,604 |-INFO in ch.qos.logback.classic.util.ContextInitializer@1afd44cb - Constructed configurator of type class ch.qos.logback.classic.joran.SerializedModelConfigurator
12:03:46,607 |-INFO in ch.qos.logback.classic.LoggerContext[default] - Could NOT find resource [logback-test.scmo]
12:03:46,607 |-INFO in ch.qos.logback.classic.LoggerContext[default] - Could NOT find resource [logback.scmo]
12:03:46,614 |-INFO in ch.qos.logback.classic.util.ContextInitializer@1afd44cb - ch.qos.logback.classic.joran.SerializedModelConfigurator.configure() call lasted 3 milliseconds. ExecutionStatus=INVOKE_NEXT_IF_ANY
12:03:46,614 |-INFO in ch.qos.logback.classic.util.ContextInitializer@1afd44cb - Trying to configure with ch.qos.logback.classic.util.DefaultJoranConfigurator
12:03:46,615 |-INFO in ch.qos.logback.classic.util.ContextInitializer@1afd44cb - Constructed configurator of type class ch.qos.logback.classic.util.DefaultJoranConfigurator
12:03:46,615 |-INFO in ch.qos.logback.classic.LoggerContext[default] - Could NOT find resource [logback-test.xml]
12:03:46,617 |-INFO in ch.qos.logback.classic.LoggerContext[default] - Found resource [logback.xml] at [file:/home/sanjana/tripleMind/triplea/game-app/game-headed/build/resources/main/logback.xml]
12:03:46,663 |-INFO in ch.qos.logback.core.model.processor.AppenderModelHandler - Processing appender named [swingMessage]
12:03:46,663 |-INFO in ch.qos.logback.core.model.processor.AppenderModelHandler - About to instantiate appender of type [org.triplea.debug.Slf4jLogMessageUploader]
12:03:46,665 |-INFO in ch.qos.logback.core.model.processor.AppenderModelHandler - Processing appender named [FILE]
12:03:46,665 |-INFO in ch.qos.logback.core.model.processor.AppenderModelHandler - About to instantiate appender of type [ch.qos.logback.core.rolling.RollingFileAppender]
12:03:46,667 |-INFO in ch.qos.logback.core.model.processor.ModelInterpretationContext@6973b51b - value "/home/sanjana/triplea/triplea.log" substituted for "${user.home}/triplea/triplea.log"
12:03:46,670 |-INFO in ch.qos.logback.core.model.processor.ImplicitModelHandler - Assuming default type [ch.qos.logback.classic.encoder.PatternLayoutEncoder] for [encoder] property
12:03:46,691 |-INFO in c.q.l.core.rolling.SizeAndTimeBasedRollingPolicy@447981768 - setting totalSizeCap to 10 MB
12:03:46,692 |-INFO in c.q.l.core.rolling.SizeAndTimeBasedRollingPolicy@447981768 - Archive files will be limited to [1 MB] each.
12:03:46,692 |-INFO in c.q.l.core.rolling.SizeAndTimeBasedRollingPolicy@447981768 - No compression will be used
12:03:46,693 |-INFO in c.q.l.core.rolling.SizeAndTimeBasedRollingPolicy@447981768 - Will use the pattern triplea-%d{yyyy-MM-dd}.%i.log for the active file
12:03:46,701 |-INFO in ch.qos.logback.core.rolling.SizeAndTimeBasedFileNamingAndTriggeringPolicy@43195e57 - The date pattern is 'yyyy-MM-dd' from file name pattern 'triplea-%d{yyyy-MM-dd}.%i.log'.
12:03:46,701 |-INFO in ch.qos.logback.core.rolling.SizeAndTimeBasedFileNamingAndTriggeringPolicy@43195e57 - Roll-over at midnight.
12:03:46,703 |-INFO in ch.qos.logback.core.rolling.SizeAndTimeBasedFileNamingAndTriggeringPolicy@43195e57 - Setting initial period to 2026-01-28T16:50:38.858Z
12:03:46,705 |-INFO in ch.qos.logback.core.rolling.RollingFileAppender[FILE] - Active log file name: /home/sanjana/triplea/triplea.log
12:03:46,706 |-INFO in ch.qos.logback.core.rolling.RollingFileAppender[FILE] - Setting currentFileLength to 550 for /home/sanjana/triplea/triplea.log
12:03:46,706 |-INFO in ch.qos.logback.core.rolling.RollingFileAppender[FILE] - File property is set to [/home/sanjana/triplea/triplea.log]
12:03:46,707 |-INFO in ch.qos.logback.core.model.processor.AppenderModelHandler - Processing appender named [console]
12:03:46,707 |-INFO in ch.qos.logback.core.model.processor.AppenderModelHandler - About to instantiate appender of type [ch.qos.logback.core.ConsoleAppender]
12:03:46,708 |-WARN in ch.qos.logback.core.ConsoleAppender[console] - This appender no longer admits a layout as a sub-component, set an encoder instead.
12:03:46,708 |-WARN in ch.qos.logback.core.ConsoleAppender[console] - To ensure compatibility, wrapping your layout in LayoutWrappingEncoder.
12:03:46,708 |-WARN in ch.qos.logback.core.ConsoleAppender[console] - See also https://logback.qos.ch/codes.html#layoutInsteadOfEncoder for details
12:03:46,708 |-INFO in ch.qos.logback.core.ConsoleAppender[console] - BEWARE: Writing to the console can be very slow. Avoid logging to the 
12:03:46,708 |-INFO in ch.qos.logback.core.ConsoleAppender[console] - console in production environments, especially in high volume systems.
12:03:46,708 |-INFO in ch.qos.logback.core.ConsoleAppender[console] - See also https://logback.qos.ch/codes.html#slowConsole
12:03:46,708 |-INFO in ch.qos.logback.classic.model.processor.RootLoggerModelHandler - Setting level of ROOT logger to DEBUG
12:03:46,708 |-INFO in ch.qos.logback.core.model.processor.AppenderRefModelHandler - Attaching appender named [swingMessage] to Logger[ROOT]
12:03:46,708 |-INFO in ch.qos.logback.core.model.processor.AppenderRefModelHandler - Attaching appender named [console] to Logger[ROOT]
12:03:46,708 |-INFO in ch.qos.logback.core.model.processor.AppenderRefModelHandler - Attaching appender named [FILE] to Logger[ROOT]
12:03:46,708 |-INFO in ch.qos.logback.classic.model.processor.LoggerModelHandler - Setting level of logger [org.apache.http] to INFO
12:03:46,708 |-INFO in ch.qos.logback.core.model.processor.DefaultProcessor@333291e3 - End of configuration.
12:03:46,709 |-INFO in ch.qos.logback.classic.joran.JoranConfigurator@479d31f3 - Registering current configuration as safe fallback point
12:03:46,709 |-INFO in ch.qos.logback.classic.util.ContextInitializer@1afd44cb - ch.qos.logback.classic.util.DefaultJoranConfigurator.configure() call lasted 94 milliseconds. ExecutionStatus=DO_NOT_INVOKE_NEXT_IF_ANY

12:03:46.836 [main] INFO  o.t.game.client.HeadedGameRunner - Launching game, version: 2.7+00000 
12:03:46.956 [Thread-5] DEBUG g.s.e.data.gameparser.GameParser - Parsing game XML: /home/sanjana/triplea/downloadedMaps/capture_the_flag/map/games/capture_the_flag.xml
Request sent: [MY_MOVE] purchase
Received move: [{"delegate": "purchase", "unit": "infantry", "from": "", "to": "ItalianBase"}, {"delegate": "purchase", "unit": "infantry", "from": "", "to": "ItalianBase"}, {"delegate": "purchase", "unit": "infantry", "from": "", "to": "ItalianBase"}, {"delegate": "purchase", "unit": "artillery", "from": "", "to": "ItalianBase"}]
Request sent: [MY_MOVE] combat
Received move: [{"delegate": "combat", "from": "ItalianBase", "to": "ItalianStartLeft", "unit": "armour", "count": 1}]
UnitType{name=armour}
Request sent: [MY_MOVE] noncombat
Received move: [{"delegate": "noncombat", "from": "ItalianStartLeft", "to": "ItalianBase", "unit": "armour"}]
UnitType{name=armour}
Request sent: [MY_MOVE] purchase
Received move: [{"delegate": "purchase", "unit": "artillery", "from": "", "to": "ItalianBase"}, {"delegate": "purchase", "unit": "artillery", "from": "", "to": "ItalianBase"}]
Request sent: [MY_MOVE] combat
Received move: [{"delegate": "combat", "from": "ItalianStartLeft", "to": "GermanStartRight", "unit": "armour", "count": 1}]
UnitType{name=armour}
Request sent: [MY_MOVE] noncombat
Received move: [{"delegate": "noncombat", "from": "ItalianBase", "to": "ItalianStart", "unit": "infantry"}]
UnitType{name=infantry}
Request sent: [MY_MOVE] purchase
Received move: [{"delegate": "purchase", "unit": "infantry", "from": "", "to": "ItalianBase"}, {"delegate": "purchase", "unit": "infantry", "from": "", "to": "ItalianBase"}, {"delegate": "purchase", "unit": "armour", "from": "", "to": "ItalianBase"}, {"delegate": "purchase", "unit": "armour", "from": "", "to": "ItalianBase"}, {"delegate": "purchase", "unit": "armour", "from": "", "to": "ItalianBase"}]
Request sent: [MY_MOVE] combat
Received move: [{"delegate": "combat", "from": "ItalianStart", "to": "ItalianStepOne", "unit": "infantry", "count": 1}]
UnitType{name=infantry}
Request sent: [MY_MOVE] noncombat
Received move: [{"delegate": "noncombat", "from": "ItalianStepOne", "to": "ItalianStart", "unit": "infantry"}]
UnitType{name=infantry}
Request sent: [MY_MOVE] purchase
Received move: [{"delegate": "purchase", "unit": "artillery", "from": "", "to": "ItalianBase"}]
Request sent: [MY_MOVE] combat
Received move: [{"delegate": "combat", "from": "ItalianStartLeft", "to": "GermanStartRight", "unit": "armour", "count": 1}]
UnitType{name=armour}
Request sent: [MY_MOVE] noncombat
Received move: [{"delegate": "noncombat", "from": "ItalianStartLeft", "to": "ItalianStepOne", "unit": "armour"}]
UnitType{name=armour}
Request sent: [MY_MOVE] purchase
Received move: [{"delegate": "purchase", "unit": "infantry", "from": "", "to": "ItalianBase"}, {"delegate": "purchase", "unit": "artillery", "from": "", "to": "ItalianBase"}, {"delegate": "purchase", "unit": "artillery", "from": "", "to": "ItalianBase"}, {"delegate": "purchase", "unit": "artillery", "from": "", "to": "ItalianBase"}, {"delegate": "purchase", "unit": "armour", "from": "", "to": "ItalianBase"}, {"delegate": "purchase", "unit": "armour", "from": "", "to": "ItalianBase"}]
Request sent: [MY_MOVE] combat
Received move: [{"delegate": "combat", "from": "ItalianStepOne", "to": "Flag", "unit": "armour", "count": 1}]
UnitType{name=armour}
Request sent: [MY_MOVE] noncombat
Received move: [{"delegate": "noncombat", "from": "ItalianStart", "to": "ItalianStartLeft", "unit": "infantry"}]
UnitType{name=infantry}
Request sent: [MY_MOVE] purchase
Received move: [{"delegate": "purchase", "unit": "infantry", "from": "", "to": "ItalianBase"}, {"delegate": "purchase", "unit": "infantry", "from": "", "to": "ItalianBase"}, {"delegate": "purchase", "unit": "infantry", "from": "", "to": "ItalianBase"}, {"delegate": "purchase", "unit": "artillery", "from": "", "to": "ItalianBase"}, {"delegate": "purchase", "unit": "artillery", "from": "", "to": "ItalianBase"}]
Request sent: [MY_MOVE] combat
Received move: [{"delegate": "combat", "from": "ItalianBase", "to": "ItalianStartRight", "unit": "armour", "count": 1}]
UnitType{name=armour}
Request sent: [MY_MOVE] noncombat
Received move: [{"delegate": "noncombat", "from": "ItalianBase", "to": "ItalianStartLeft", "unit": "armour"}]
UnitType{name=armour}
Request sent: [MY_MOVE] purchase
Received move: [{"delegate": "purchase", "unit": "infantry", "from": "", "to": "ItalianBase"}, {"delegate": "purchase", "unit": "infantry", "from": "", "to": "ItalianBase"}, {"delegate": "purchase", "unit": "infantry", "from": "", "to": "ItalianBase"}, {"delegate": "purchase", "unit": "infantry", "from": "", "to": "ItalianBase"}, {"delegate": "purchase", "unit": "infantry", "from": "", "to": "ItalianBase"}, {"delegate": "purchase", "unit": "infantry", "from": "", "to": "ItalianBase"}]
Request sent: [MY_MOVE] combat
Received move: [{"delegate": "combat", "from": "ItalianBase", "to": "ItalianStartRight", "unit": "armour", "count": 3}]
UnitType{name=armour}
Request sent: [MY_MOVE] noncombat
Received move: [{"delegate": "noncombat", "from": "ItalianStartRight", "to": "ItalianStart", "unit": "armour"}]
UnitType{name=armour}
Request sent: [MY_MOVE] purchase
Received move: [{"delegate": "purchase", "unit": "infantry", "from": "", "to": "ItalianBase"}, {"delegate": "purchase", "unit": "infantry", "from": "", "to": "ItalianBase"}, {"delegate": "purchase", "unit": "artillery", "from": "", "to": "ItalianBase"}, {"delegate": "purchase", "unit": "armour", "from": "", "to": "ItalianBase"}]
Request sent: [MY_MOVE] combat
Received move: [{"delegate": "combat", "from": "ItalianStartRight", "to": "ItalianStartLeft", "unit": "armour", "count": 2}, {"delegate": "combat", "from": "ItalianStepOne", "to": "ItalianStartLeft", "unit": "armour", "count": 1}]
UnitType{name=armour}
UnitType{name=armour}
Request sent: [MY_MOVE] noncombat
Received move: [{"delegate": "noncombat", "from": "ItalianBase", "to": "ItalianStart", "unit": "infantry"}]
UnitType{name=infantry}
Request sent: [MY_MOVE] purchase
Received move: [{"delegate": "purchase", "unit": "infantry", "from": "", "to": "ItalianBase"}, {"delegate": "purchase", "unit": "artillery", "from": "", "to": "ItalianBase"}, {"delegate": "purchase", "unit": "artillery", "from": "", "to": "ItalianBase"}, {"delegate": "purchase", "unit": "artillery", "from": "", "to": "ItalianBase"}, {"delegate": "purchase", "unit": "armour", "from": "", "to": "ItalianBase"}]
Request sent: [MY_MOVE] combat
Received move: []
Request sent: [MY_MOVE] noncombat
Received move: [{"delegate": "noncombat", "from": "ItalianBase", "to": "ItalianStartRight", "unit": "armour"}]
UnitType{name=armour}
Request sent: [MY_MOVE] purchase
Received move: [{"delegate": "purchase", "unit": "infantry", "from": "", "to": "ItalianBase"}, {"delegate": "purchase", "unit": "infantry", "from": "", "to": "ItalianBase"}, {"delegate": "purchase", "unit": "infantry", "from": "", "to": "ItalianBase"}, {"delegate": "purchase", "unit": "infantry", "from": "", "to": "ItalianBase"}, {"delegate": "purchase", "unit": "armour", "from": "", "to": "ItalianBase"}, {"delegate": "purchase", "unit": "armour", "from": "", "to": "ItalianBase"}]
Request sent: [MY_MOVE] combat
Received move: [{"delegate": "combat", "from": "ItalianBase", "to": "ItalianStartLeft", "unit": "armour", "count": 1}, {"delegate": "combat", "from": "ItalianStartRight", "to": "ItalianStartLeft", "unit": "armour", "count": 1}, {"delegate": "combat", "from": "ItalianStart", "to": "ItalianStartLeft", "unit": "infantry", "count": 2}]
UnitType{name=armour}
UnitType{name=armour}
UnitType{name=infantry}
Request sent: [MY_MOVE] noncombat
Received move: [{"delegate": "noncombat", "from": "ItalianStepOne", "to": "ItalianStart", "unit": "infantry"}]
UnitType{name=infantry}
Request sent: [MY_MOVE] purchase
Received move: [{"delegate": "purchase", "unit": "infantry", "from": "", "to": "ItalianBase"}, {"delegate": "purchase", "unit": "infantry", "from": "", "to": "ItalianBase"}, {"delegate": "purchase", "unit": "armour", "from": "", "to": "ItalianBase"}]
Request sent: [MY_MOVE] combat
Received move: []
Request sent: [MY_MOVE] noncombat
Received move: [{"delegate": "noncombat", "from": "ItalianBase", "to": "ItalianStart", "unit": "infantry"}]
UnitType{name=infantry}
Request sent: [MY_MOVE] purchase
Received move: [{"delegate": "purchase", "unit": "infantry", "from": "", "to": "ItalianBase"}, {"delegate": "purchase", "unit": "armour", "from": "", "to": "ItalianBase"}]
Request sent: [MY_MOVE] combat
Received move: []
Request sent: [MY_MOVE] noncombat
Received move: [{"delegate": "noncombat", "from": "ItalianBase", "to": "ItalianStartRight", "unit": "armour"}]
UnitType{name=armour}
Request sent: [MY_MOVE] purchase
Received move: [{"delegate": "purchase", "unit": "infantry", "from": "", "to": "ItalianBase"}, {"delegate": "purchase", "unit": "infantry", "from": "", "to": "ItalianBase"}, {"delegate": "purchase", "unit": "infantry", "from": "", "to": "ItalianBase"}, {"delegate": "purchase", "unit": "infantry", "from": "", "to": "ItalianBase"}, {"delegate": "purchase", "unit": "infantry", "from": "", "to": "ItalianBase"}, {"delegate": "purchase", "unit": "infantry", "from": "", "to": "ItalianBase"}, {"delegate": "purchase", "unit": "armour", "from": "", "to": "ItalianBase"}]
Request sent: [MY_MOVE] combat
Received move: [{"delegate": "combat", "from": "ItalianBase", "to": "ItalianStartLeft", "unit": "armour", "count": 2}]
UnitType{name=armour}
Request sent: [MY_MOVE] noncombat
Received move: [{"delegate": "noncombat", "from": "ItalianStartLeft", "to": "ItalianStepOne", "unit": "armour"}]
UnitType{name=armour}
Request sent: [MY_MOVE] purchase
Received move: [{"delegate": "purchase", "unit": "infantry", "from": "", "to": "ItalianBase"}, {"delegate": "purchase", "unit": "infantry", "from": "", "to": "ItalianBase"}, {"delegate": "purchase", "unit": "infantry", "from": "", "to": "ItalianBase"}, {"delegate": "purchase", "unit": "armour", "from": "", "to": "ItalianBase"}]
Request sent: [MY_MOVE] combat
Received move: []
Request sent: [MY_MOVE] noncombat
Received move: [{"delegate": "noncombat", "from": "ItalianStartRight", "to": "ItalianStartLeft", "unit": "armour"}]
UnitType{name=armour}
Request sent: [MY_MOVE] purchase
Received move: [{"delegate": "purchase", "unit": "infantry", "from": "", "to": "ItalianBase"}, {"delegate": "purchase", "unit": "artillery", "from": "", "to": "ItalianBase"}, {"delegate": "purchase", "unit": "artillery", "from": "", "to": "ItalianBase"}, {"delegate": "purchase", "unit": "armour", "from": "", "to": "ItalianBase"}, {"delegate": "purchase", "unit": "armour", "from": "", "to": "ItalianBase"}]
Request sent: [MY_MOVE] combat
Received move: []
Request sent: [MY_MOVE] noncombat
Received move: [{"delegate": "noncombat", "from": "ItalianStart", "to": "ItalianStepOne", "unit": "infantry"}]
UnitType{name=infantry}
Request sent: [MY_MOVE] purchase
Received move: [{"delegate": "purchase", "unit": "artillery", "from": "", "to": "ItalianBase"}, {"delegate": "purchase", "unit": "artillery", "from": "", "to": "ItalianBase"}, {"delegate": "purchase", "unit": "artillery", "from": "", "to": "ItalianBase"}, {"delegate": "purchase", "unit": "artillery", "from": "", "to": "ItalianBase"}, {"delegate": "purchase", "unit": "artillery", "from": "", "to": "ItalianBase"}]
Request sent: [MY_MOVE] combat
Received move: []
Request sent: [MY_MOVE] noncombat
Received move: []
Request sent: [MY_MOVE] purchase
Received move: [{"delegate": "purchase", "unit": "infantry", "from": "", "to": "ItalianBase"}, {"delegate": "purchase", "unit": "artillery", "from": "", "to": "ItalianBase"}, {"delegate": "purchase", "unit": "artillery", "from": "", "to": "ItalianBase"}, {"delegate": "purchase", "unit": "armour", "from": "", "to": "ItalianBase"}]
Request sent: [MY_MOVE] combat
Received move: [{"delegate": "combat", "from": "ItalianBase", "to": "ItalianStart", "unit": "armour", "count": 3}]
UnitType{name=armour}
Request sent: [MY_MOVE] noncombat
Received move: [{"delegate": "noncombat", "from": "ItalianStart", "to": "ItalianStepOne", "unit": "armour"}]
UnitType{name=armour}
Request sent: [MY_MOVE] purchase
Received move: [{"delegate": "purchase", "unit": "armour", "from": "", "to": "ItalianBase"}, {"delegate": "purchase", "unit": "armour", "from": "", "to": "ItalianBase"}, {"delegate": "purchase", "unit": "armour", "from": "", "to": "ItalianBase"}]
Request sent: [MY_MOVE] combat
Received move: [{"delegate": "combat", "from": "ItalianStepOne", "to": "ItalianStepTwo", "unit": "infantry", "count": 1}]
UnitType{name=infantry}
Request sent: [MY_MOVE] noncombat
Received move: [{"delegate": "noncombat", "from": "ItalianStepTwo", "to": "ItalianStepOne", "unit": "infantry"}]
UnitType{name=infantry}
Request sent: [MY_MOVE] purchase
Received move: [{"delegate": "purchase", "unit": "infantry", "from": "", "to": "ItalianBase"}, {"delegate": "purchase", "unit": "armour", "from": "", "to": "ItalianBase"}]
Request sent: [MY_MOVE] combat
Received move: [{"delegate": "combat", "from": "ItalianBase", "to": "ItalianStart", "unit": "armour", "count": 1}]
UnitType{name=armour}
Request sent: [MY_MOVE] noncombat
Received move: [{"delegate": "noncombat", "from": "ItalianBase", "to": "ItalianStart", "unit": "infantry"}]
UnitType{name=infantry}
Request sent: [MY_MOVE] purchase
Received move: [{"delegate": "purchase", "unit": "infantry", "from": "", "to": "ItalianBase"}, {"delegate": "purchase", "unit": "infantry", "from": "", "to": "ItalianBase"}, {"delegate": "purchase", "unit": "infantry", "from": "", "to": "ItalianBase"}, {"delegate": "purchase", "unit": "artillery", "from": "", "to": "ItalianBase"}, {"delegate": "purchase", "unit": "armour", "from": "", "to": "ItalianBase"}]
Request sent: [MY_MOVE] combat
Received move: [{"delegate": "combat", "from": "ItalianBase", "to": "ItalianStartLeft", "unit": "armour", "count": 3}]
UnitType{name=armour}
Request sent: [MY_MOVE] noncombat
Received move: [{"delegate": "noncombat", "from": "ItalianBase", "to": "ItalianStart", "unit": "infantry"}]
UnitType{name=infantry}
Request sent: [MY_MOVE] purchase
Received move: [{"delegate": "purchase", "unit": "artillery", "from": "", "to": "ItalianBase"}, {"delegate": "purchase", "unit": "armour", "from": "", "to": "ItalianBase"}, {"delegate": "purchase", "unit": "armour", "from": "", "to": "ItalianBase"}]
Request sent: [MY_MOVE] combat
Received move: [{"delegate": "combat", "from": "ItalianBase", "to": "ItalianStepOne", "unit": "armour", "count": 3}]
UnitType{name=armour}
Request sent: [MY_MOVE] noncombat
Received move: [{"delegate": "noncombat", "from": "ItalianBase", "to": "ItalianStepOne", "unit": "armour"}]
UnitType{name=armour}
Request sent: [MY_MOVE] purchase
Received move: [{"delegate": "purchase", "unit": "artillery", "from": "", "to": "ItalianBase"}, {"delegate": "purchase", "unit": "artillery", "from": "", "to": "ItalianBase"}, {"delegate": "purchase", "unit": "artillery", "from": "", "to": "ItalianBase"}]
Request sent: [MY_MOVE] combat
Received move: [{"delegate": "combat", "from": "ItalianBase", "to": "ItalianStartRight", "unit": "armour", "count": 1}]
UnitType{name=armour}
Request sent: [MY_MOVE] noncombat
Received move: [{"delegate": "noncombat", "from": "ItalianStart", "to": "ItalianBase", "unit": "armour"}]
UnitType{name=armour}
Request sent: [MY_MOVE] purchase
Received move: [{"delegate": "purchase", "unit": "armour", "from": "", "to": "ItalianBase"}]
Request sent: [MY_MOVE] combat
Received move: [{"delegate": "combat", "from": "ItalianStepOne", "to": "Flag", "unit": "armour", "count": 3}]
UnitType{name=armour}
Request sent: [MY_MOVE] noncombat
Received move: [{"delegate": "noncombat", "from": "ItalianBase", "to": "ItalianStart", "unit": "armour"}]
UnitType{name=armour}
Request sent: [MY_MOVE] purchase
Received move: [{"delegate": "purchase", "unit": "infantry", "from": "", "to": "ItalianBase"}, {"delegate": "purchase", "unit": "infantry", "from": "", "to": "ItalianBase"}, {"delegate": "purchase", "unit": "infantry", "from": "", "to": "ItalianBase"}, {"delegate": "purchase", "unit": "infantry", "from": "", "to": "ItalianBase"}, {"delegate": "purchase", "unit": "infantry", "from": "", "to": "ItalianBase"}, {"delegate": "purchase", "unit": "infantry", "from": "", "to": "ItalianBase"}, {"delegate": "purchase", "unit": "artillery", "from": "", "to": "ItalianBase"}, {"delegate": "purchase", "unit": "artillery", "from": "", "to": "ItalianBase"}, {"delegate": "purchase", "unit": "artillery", "from": "", "to": "ItalianBase"}, {"delegate": "purchase", "unit": "armour", "from": "", "to": "ItalianBase"}, {"delegate": "purchase", "unit": "armour", "from": "", "to": "ItalianBase"}, {"delegate": "purchase", "unit": "armour", "from": "", "to": "ItalianBase"}, {"delegate": "purchase", "unit": "armour", "from": "", "to": "ItalianBase"}]
Request sent: [MY_MOVE] combat
Received move: [{"delegate": "combat", "from": "ItalianBase", "to": "ItalianStartLeft", "unit": "armour", "count": 2}, {"delegate": "combat", "from": "ItalianStart", "to": "ItalianStartLeft", "unit": "armour", "count": 1}, {"delegate": "combat", "from": "ItalianStart", "to": "ItalianStartLeft", "unit": "infantry", "count": 2}]
UnitType{name=armour}
UnitType{name=armour}
UnitType{name=infantry}
Request sent: [MY_MOVE] noncombat
Received move: [{"delegate": "noncombat", "from": "Flag", "to": "ItalianStepOne", "unit": "armour"}]
UnitType{name=armour}
Request sent: [MY_MOVE] purchase
Received move: [{"delegate": "purchase", "unit": "infantry", "from": "", "to": "ItalianBase"}, {"delegate": "purchase", "unit": "infantry", "from": "", "to": "ItalianBase"}, {"delegate": "purchase", "unit": "artillery", "from": "", "to": "ItalianBase"}, {"delegate": "purchase", "unit": "artillery", "from": "", "to": "ItalianBase"}, {"delegate": "purchase", "unit": "artillery", "from": "", "to": "ItalianBase"}]
Request sent: [MY_MOVE] combat
Received move: [{"delegate": "combat", "from": "ItalianBase", "to": "ItalianStart", "unit": "armour", "count": 4}, {"delegate": "combat", "from": "ItalianStepOne", "to": "ItalianStart", "unit": "armour", "count": 1}, {"delegate": "combat", "from": "ItalianBase", "to": "ItalianStart", "unit": "artillery", "count": 2}]
UnitType{name=armour}
UnitType{name=armour}
UnitType{name=artillery}
Request sent: [MY_MOVE] noncombat
Received move: [{"delegate": "noncombat", "from": "ItalianStart", "to": "ItalianBase", "unit": "armour"}]
UnitType{name=armour}
Request sent: [MY_MOVE] purchase
Received move: [{"delegate": "purchase", "unit": "infantry", "from": "", "to": "ItalianBase"}, {"delegate": "purchase", "unit": "infantry", "from": "", "to": "ItalianBase"}, {"delegate": "purchase", "unit": "infantry", "from": "", "to": "ItalianBase"}, {"delegate": "purchase", "unit": "infantry", "from": "", "to": "ItalianBase"}, {"delegate": "purchase", "unit": "infantry", "from": "", "to": "ItalianBase"}, {"delegate": "purchase", "unit": "artillery", "from": "", "to": "ItalianBase"}, {"delegate": "purchase", "unit": "artillery", "from": "", "to": "ItalianBase"}]
Request sent: [MY_MOVE] combat
Received move: [{"delegate": "combat", "from": "ItalianStart", "to": "ItalianStartRight", "unit": "armour", "count": 5}]
UnitType{name=armour}
Request sent: [MY_MOVE] noncombat
Received move: [{"delegate": "noncombat", "from": "ItalianBase", "to": "ItalianStart", "unit": "artillery"}]
UnitType{name=artillery}
Request sent: [MY_MOVE] purchase
Received move: [{"delegate": "purchase", "unit": "infantry", "from": "", "to": "ItalianBase"}, {"delegate": "purchase", "unit": "artillery", "from": "", "to": "ItalianBase"}, {"delegate": "purchase", "unit": "artillery", "from": "", "to": "ItalianBase"}, {"delegate": "purchase", "unit": "artillery", "from": "", "to": "ItalianBase"}, {"delegate": "purchase", "unit": "armour", "from": "", "to": "ItalianBase"}]
Request sent: [MY_MOVE] combat
Received move: [{"delegate": "combat", "from": "ItalianBase", "to": "ItalianStart", "unit": "artillery", "count": 5}]
UnitType{name=artillery}
Request sent: [MY_MOVE] noncombat
Received move: [{"delegate": "noncombat", "from": "ItalianBase", "to": "ItalianStart", "unit": "infantry"}]
UnitType{name=infantry}
Request sent: [MY_MOVE] purchase
Received move: [{"delegate": "purchase", "unit": "infantry", "from": "", "to": "ItalianBase"}, {"delegate": "purchase", "unit": "infantry", "from": "", "to": "ItalianBase"}]
Request sent: [MY_MOVE] combat
Received move: [{"delegate": "combat", "from": "ItalianBase", "to": "ItalianStartRight", "unit": "armour", "count": 1}, {"delegate": "combat", "from": "ItalianStart", "to": "ItalianStartRight", "unit": "artillery", "count": 4}, {"delegate": "combat", "from": "ItalianStart", "to": "ItalianStartRight", "unit": "infantry", "count": 1}]
UnitType{name=armour}
UnitType{name=artillery}
UnitType{name=infantry}
Request sent: [MY_MOVE] noncombat
Received move: [{"delegate": "noncombat", "from": "ItalianBase", "to": "ItalianStart", "unit": "infantry"}]
UnitType{name=infantry}
Request sent: [MY_MOVE] purchase
Received move: [{"delegate": "purchase", "unit": "infantry", "from": "", "to": "ItalianBase"}, {"delegate": "purchase", "unit": "infantry", "from": "", "to": "ItalianBase"}, {"delegate": "purchase", "unit": "armour", "from": "", "to": "ItalianBase"}, {"delegate": "purchase", "unit": "armour", "from": "", "to": "ItalianBase"}]
Request sent: [MY_MOVE] combat
Received move: [{"delegate": "combat", "from": "ItalianStart", "to": "ItalianStartLeft", "unit": "armour", "count": 1}, {"delegate": "combat", "from": "ItalianStart", "to": "ItalianStartLeft", "unit": "artillery", "count": 1}, {"delegate": "combat", "from": "ItalianStart", "to": "ItalianStartLeft", "unit": "infantry", "count": 1}]
UnitType{name=armour}
UnitType{name=artillery}
UnitType{name=infantry}
Request sent: [MY_MOVE] noncombat
Received move: [{"delegate": "noncombat", "from": "ItalianStartLeft", "to": "ItalianStart", "unit": "artillery"}]
UnitType{name=artillery}
Request sent: [MY_MOVE] purchase
Received move: [{"delegate": "purchase", "unit": "artillery", "from": "", "to": "ItalianBase"}, {"delegate": "purchase", "unit": "artillery", "from": "", "to": "ItalianBase"}, {"delegate": "purchase", "unit": "artillery", "from": "", "to": "ItalianBase"}, {"delegate": "purchase", "unit": "artillery", "from": "", "to": "ItalianBase"}]
Request sent: [MY_MOVE] combat
Received move: [{"delegate": "combat", "from": "ItalianBase", "to": "ItalianStart", "unit": "armour", "count": 2}, {"delegate": "combat", "from": "ItalianStartLeft", "to": "ItalianStart", "unit": "armour", "count": 1}]
UnitType{name=armour}
UnitType{name=armour}
Request sent: [MY_MOVE] noncombat
Received move: [{"delegate": "noncombat", "from": "ItalianStart", "to": "ItalianStartLeft", "unit": "armour"}]
UnitType{name=armour}
Request sent: [MY_MOVE] purchase
Received move: [{"delegate": "purchase", "unit": "infantry", "from": "", "to": "ItalianBase"}, {"delegate": "purchase", "unit": "infantry", "from": "", "to": "ItalianBase"}, {"delegate": "purchase", "unit": "infantry", "from": "", "to": "ItalianBase"}, {"delegate": "purchase", "unit": "infantry", "from": "", "to": "ItalianBase"}]
Request sent: [MY_MOVE] combat
Received move: [{"delegate": "combat", "from": "ItalianStart", "to": "ItalianStartLeft", "unit": "armour", "count": 3}]
UnitType{name=armour}
Request sent: [MY_MOVE] noncombat
Received move: [{"delegate": "noncombat", "from": "ItalianBase", "to": "ItalianStart", "unit": "artillery"}]
UnitType{name=artillery}
Request sent: [MY_MOVE] purchase
Received move: [{"delegate": "purchase", "unit": "infantry", "from": "", "to": "ItalianBase"}, {"delegate": "purchase", "unit": "artillery", "from": "", "to": "ItalianBase"}, {"delegate": "purchase", "unit": "armour", "from": "", "to": "ItalianBase"}]
Request sent: [MY_MOVE] combat
Received move: [{"delegate": "combat", "from": "ItalianBase", "to": "ItalianStart", "unit": "artillery", "count": 10}]
UnitType{name=artillery}
Request sent: [MY_MOVE] noncombat
Received move: [{"delegate": "noncombat", "from": "ItalianBase", "to": "ItalianStart", "unit": "infantry"}]
UnitType{name=infantry}
Request sent: [MY_MOVE] purchase
Received move: [{"delegate": "purchase", "unit": "infantry", "from": "", "to": "ItalianBase"}, {"delegate": "purchase", "unit": "infantry", "from": "", "to": "ItalianBase"}, {"delegate": "purchase", "unit": "artillery", "from": "", "to": "ItalianBase"}, {"delegate": "purchase", "unit": "artillery", "from": "", "to": "ItalianBase"}]
Request sent: [MY_MOVE] combat
Received move: [{"delegate": "combat", "from": "ItalianBase", "to": "ItalianStartLeft", "unit": "armour", "count": 1}, {"delegate": "combat", "from": "ItalianStart", "to": "ItalianStartLeft", "unit": "artillery", "count": 9}, {"delegate": "combat", "from": "ItalianStart", "to": "ItalianStartLeft", "unit": "infantry", "count": 1}]
UnitType{name=armour}
UnitType{name=artillery}
UnitType{name=infantry}
Request sent: [MY_MOVE] noncombat
Received move: [{"delegate": "noncombat", "from": "ItalianBase", "to": "ItalianStart", "unit": "infantry"}]
UnitType{name=infantry}
Request sent: [MY_MOVE] purchase
Received move: [{"delegate": "purchase", "unit": "infantry", "from": "", "to": "ItalianBase"}, {"delegate": "purchase", "unit": "armour", "from": "", "to": "ItalianBase"}]
Request sent: [MY_MOVE] combat
Received move: [{"delegate": "combat", "from": "ItalianBase", "to": "ItalianStart", "unit": "artillery", "count": 26}, {"delegate": "combat", "from": "ItalianBase", "to": "ItalianStart", "unit": "infantry", "count": 14}]
UnitType{name=artillery}
UnitType{name=infantry}
Request sent: [MY_MOVE] noncombat
Received move: []
> Task :game-app:domain-data:compileJava UP-TO-DATE
> Task :lib:java-extras:compileJava UP-TO-DATE
> Task :lib:websocket-client:compileJava UP-TO-DATE
> Task :lib:feign-common:compileJava UP-TO-DATE
> Task :lib:websocket-server:compileJava UP-TO-DATE
> Task :lib:websocket-server:processResources NO-SOURCE
> Task :lib:websocket-server:classes UP-TO-DATE
> Task :lib:websocket-server:jar UP-TO-DATE
> Task :game-app:game-relay-server:compileJava UP-TO-DATE
> Task :game-app:game-relay-server:processResources NO-SOURCE
> Task :game-app:game-relay-server:classes UP-TO-DATE
> Task :game-app:game-relay-server:jar UP-TO-DATE
> Task :lib:xml-reader:compileJava UP-TO-DATE
> Task :lib:xml-reader:processResources NO-SOURCE
> Task :lib:xml-reader:classes UP-TO-DATE
> Task :lib:xml-reader:jar UP-TO-DATE
> Task :game-app:map-data:compileJava UP-TO-DATE
> Task :game-app:map-data:processResources NO-SOURCE
> Task :game-app:map-data:classes UP-TO-DATE
> Task :game-app:map-data:jar UP-TO-DATE
> Task :http-clients:lobby-client:compileJava UP-TO-DATE
> Task :lib:swing-lib:compileJava UP-TO-DATE
> Task :lib:swing-lib:processResources NO-SOURCE
> Task :lib:swing-lib:classes UP-TO-DATE
> Task :lib:swing-lib:jar UP-TO-DATE
> Task :game-app:game-core:compileJava UP-TO-DATE
> Task :game-app:game-core:processResources UP-TO-DATE
> Task :game-app:game-core:classes UP-TO-DATE
> Task :game-app:game-core:jar UP-TO-DATE
> Task :game-app:ai:compileJava UP-TO-DATE
> Task :game-app:ai:processResources NO-SOURCE
> Task :game-app:ai:classes UP-TO-DATE
> Task :game-app:ai:jar UP-TO-DATE
> Task :game-app:domain-data:processResources NO-SOURCE
> Task :game-app:domain-data:classes UP-TO-DATE
> Task :game-app:domain-data:jar UP-TO-DATE
> Task :game-app:game-headed:compileJava UP-TO-DATE
> Task :game-app:game-headed:processResources UP-TO-DATE
> Task :game-app:game-headed:classes UP-TO-DATE

> Task :game-app:game-headed:downloadAssets
Download https://github.com/triplea-game/assets/releases/download/47/game_headed_assets.zip

> Task :http-clients:lobby-client:processResources NO-SOURCE
> Task :http-clients:lobby-client:classes UP-TO-DATE
> Task :http-clients:lobby-client:jar UP-TO-DATE
> Task :lib:feign-common:processResources NO-SOURCE
> Task :lib:feign-common:classes UP-TO-DATE
> Task :lib:feign-common:jar UP-TO-DATE
> Task :lib:java-extras:processResources NO-SOURCE
> Task :lib:java-extras:classes UP-TO-DATE
> Task :lib:java-extras:jar UP-TO-DATE
> Task :lib:websocket-client:processResources NO-SOURCE
> Task :lib:websocket-client:classes UP-TO-DATE
> Task :lib:websocket-client:jar UP-TO-DATE

> Task :game-app:game-headed:run
12:14:09,548 |-INFO in ch.qos.logback.classic.LoggerContext[default] - This is logback-classic version 1.5.18
12:14:09,549 |-INFO in ch.qos.logback.classic.util.ContextInitializer@1afd44cb - No custom configurators were discovered as a service.
12:14:09,549 |-INFO in ch.qos.logback.classic.util.ContextInitializer@1afd44cb - Trying to configure with ch.qos.logback.classic.joran.SerializedModelConfigurator
12:14:09,549 |-INFO in ch.qos.logback.classic.util.ContextInitializer@1afd44cb - Constructed configurator of type class ch.qos.logback.classic.joran.SerializedModelConfigurator
12:14:09,553 |-INFO in ch.qos.logback.classic.LoggerContext[default] - Could NOT find resource [logback-test.scmo]
12:14:09,553 |-INFO in ch.qos.logback.classic.LoggerContext[default] - Could NOT find resource [logback.scmo]
12:14:09,560 |-INFO in ch.qos.logback.classic.util.ContextInitializer@1afd44cb - ch.qos.logback.classic.joran.SerializedModelConfigurator.configure() call lasted 4 milliseconds. ExecutionStatus=INVOKE_NEXT_IF_ANY
12:14:09,560 |-INFO in ch.qos.logback.classic.util.ContextInitializer@1afd44cb - Trying to configure with ch.qos.logback.classic.util.DefaultJoranConfigurator
12:14:09,561 |-INFO in ch.qos.logback.classic.util.ContextInitializer@1afd44cb - Constructed configurator of type class ch.qos.logback.classic.util.DefaultJoranConfigurator
12:14:09,561 |-INFO in ch.qos.logback.classic.LoggerContext[default] - Could NOT find resource [logback-test.xml]
12:14:09,563 |-INFO in ch.qos.logback.classic.LoggerContext[default] - Found resource [logback.xml] at [file:/home/sanjana/tripleMind/triplea/game-app/game-headed/build/resources/main/logback.xml]
12:14:09,617 |-INFO in ch.qos.logback.core.model.processor.AppenderModelHandler - Processing appender named [swingMessage]
12:14:09,617 |-INFO in ch.qos.logback.core.model.processor.AppenderModelHandler - About to instantiate appender of type [org.triplea.debug.Slf4jLogMessageUploader]
12:14:09,618 |-INFO in ch.qos.logback.core.model.processor.AppenderModelHandler - Processing appender named [FILE]
12:14:09,618 |-INFO in ch.qos.logback.core.model.processor.AppenderModelHandler - About to instantiate appender of type [ch.qos.logback.core.rolling.RollingFileAppender]
12:14:09,621 |-INFO in ch.qos.logback.core.model.processor.ModelInterpretationContext@6973b51b - value "/home/sanjana/triplea/triplea.log" substituted for "${user.home}/triplea/triplea.log"
12:14:09,623 |-INFO in ch.qos.logback.core.model.processor.ImplicitModelHandler - Assuming default type [ch.qos.logback.classic.encoder.PatternLayoutEncoder] for [encoder] property
12:14:09,645 |-INFO in c.q.l.core.rolling.SizeAndTimeBasedRollingPolicy@447981768 - setting totalSizeCap to 10 MB
12:14:09,646 |-INFO in c.q.l.core.rolling.SizeAndTimeBasedRollingPolicy@447981768 - Archive files will be limited to [1 MB] each.
12:14:09,646 |-INFO in c.q.l.core.rolling.SizeAndTimeBasedRollingPolicy@447981768 - No compression will be used
12:14:09,647 |-INFO in c.q.l.core.rolling.SizeAndTimeBasedRollingPolicy@447981768 - Will use the pattern triplea-%d{yyyy-MM-dd}.%i.log for the active file
12:14:09,655 |-INFO in ch.qos.logback.core.rolling.SizeAndTimeBasedFileNamingAndTriggeringPolicy@43195e57 - The date pattern is 'yyyy-MM-dd' from file name pattern 'triplea-%d{yyyy-MM-dd}.%i.log'.
12:14:09,655 |-INFO in ch.qos.logback.core.rolling.SizeAndTimeBasedFileNamingAndTriggeringPolicy@43195e57 - Roll-over at midnight.
12:14:09,657 |-INFO in ch.qos.logback.core.rolling.SizeAndTimeBasedFileNamingAndTriggeringPolicy@43195e57 - Setting initial period to 2026-01-28T17:03:46.955Z
12:14:09,660 |-INFO in ch.qos.logback.core.rolling.RollingFileAppender[FILE] - Active log file name: /home/sanjana/triplea/triplea.log
12:14:09,661 |-INFO in ch.qos.logback.core.rolling.RollingFileAppender[FILE] - Setting currentFileLength to 825 for /home/sanjana/triplea/triplea.log
12:14:09,661 |-INFO in ch.qos.logback.core.rolling.RollingFileAppender[FILE] - File property is set to [/home/sanjana/triplea/triplea.log]
12:14:09,661 |-INFO in ch.qos.logback.core.model.processor.AppenderModelHandler - Processing appender named [console]
12:14:09,661 |-INFO in ch.qos.logback.core.model.processor.AppenderModelHandler - About to instantiate appender of type [ch.qos.logback.core.ConsoleAppender]
12:14:09,662 |-WARN in ch.qos.logback.core.ConsoleAppender[console] - This appender no longer admits a layout as a sub-component, set an encoder instead.
12:14:09,662 |-WARN in ch.qos.logback.core.ConsoleAppender[console] - To ensure compatibility, wrapping your layout in LayoutWrappingEncoder.
12:14:09,662 |-WARN in ch.qos.logback.core.ConsoleAppender[console] - See also https://logback.qos.ch/codes.html#layoutInsteadOfEncoder for details
12:14:09,662 |-INFO in ch.qos.logback.core.ConsoleAppender[console] - BEWARE: Writing to the console can be very slow. Avoid logging to the 
12:14:09,662 |-INFO in ch.qos.logback.core.ConsoleAppender[console] - console in production environments, especially in high volume systems.
12:14:09,662 |-INFO in ch.qos.logback.core.ConsoleAppender[console] - See also https://logback.qos.ch/codes.html#slowConsole
12:14:09,663 |-INFO in ch.qos.logback.classic.model.processor.RootLoggerModelHandler - Setting level of ROOT logger to DEBUG
12:14:09,663 |-INFO in ch.qos.logback.core.model.processor.AppenderRefModelHandler - Attaching appender named [swingMessage] to Logger[ROOT]
12:14:09,663 |-INFO in ch.qos.logback.core.model.processor.AppenderRefModelHandler - Attaching appender named [console] to Logger[ROOT]
12:14:09,663 |-INFO in ch.qos.logback.core.model.processor.AppenderRefModelHandler - Attaching appender named [FILE] to Logger[ROOT]
12:14:09,663 |-INFO in ch.qos.logback.classic.model.processor.LoggerModelHandler - Setting level of logger [org.apache.http] to INFO
12:14:09,663 |-INFO in ch.qos.logback.core.model.processor.DefaultProcessor@333291e3 - End of configuration.
12:14:09,663 |-INFO in ch.qos.logback.classic.joran.JoranConfigurator@479d31f3 - Registering current configuration as safe fallback point
12:14:09,663 |-INFO in ch.qos.logback.classic.util.ContextInitializer@1afd44cb - ch.qos.logback.classic.util.DefaultJoranConfigurator.configure() call lasted 102 milliseconds. ExecutionStatus=DO_NOT_INVOKE_NEXT_IF_ANY

12:14:09.798 [main] INFO  o.t.game.client.HeadedGameRunner - Launching game, version: 2.7+00000 
12:14:09.912 [Thread-5] DEBUG g.s.e.data.gameparser.GameParser - Parsing game XML: /home/sanjana/triplea/downloadedMaps/capture_the_flag/map/games/capture_the_flag.xml
Request sent: [MY_MOVE] purchase
Received move: [{"delegate": "purchase", "unit": "artillery", "from": "", "to": "RussianBase"}]
Request sent: [MY_MOVE] combat
Received move: [{"delegate": "combat", "from": "RussianStart", "to": "RussianStartLeft", "unit": "infantry", "count": 1}]
UnitType{name=infantry}
Request sent: [MY_MOVE] noncombat
Received move: [{"delegate": "noncombat", "from": "RussianStart", "to": "RussianBase", "unit": "infantry"}]
UnitType{name=infantry}
Request sent: [MY_MOVE] purchase
Received move: [{"delegate": "purchase", "unit": "infantry", "from": "", "to": "RussianBase"}, {"delegate": "purchase", "unit": "infantry", "from": "", "to": "RussianBase"}, {"delegate": "purchase", "unit": "infantry", "from": "", "to": "RussianBase"}, {"delegate": "purchase", "unit": "infantry", "from": "", "to": "RussianBase"}, {"delegate": "purchase", "unit": "infantry", "from": "", "to": "RussianBase"}, {"delegate": "purchase", "unit": "infantry", "from": "", "to": "RussianBase"}]
Request sent: [MY_MOVE] combat
Received move: [{"delegate": "combat", "from": "RussianBase", "to": "RussianStepOne", "unit": "armour", "count": 1}]
UnitType{name=armour}
Request sent: [MY_MOVE] noncombat
Received move: [{"delegate": "noncombat", "from": "RussianStepOne", "to": "RussianStartLeft", "unit": "armour"}]
UnitType{name=armour}
Request sent: [MY_MOVE] purchase
Received move: [{"delegate": "purchase", "unit": "infantry", "from": "", "to": "RussianBase"}, {"delegate": "purchase", "unit": "artillery", "from": "", "to": "RussianBase"}, {"delegate": "purchase", "unit": "artillery", "from": "", "to": "RussianBase"}, {"delegate": "purchase", "unit": "armour", "from": "", "to": "RussianBase"}]
Request sent: [MY_MOVE] combat
Received move: [{"delegate": "combat", "from": "RussianStepOne", "to": "RussianStepTwo", "unit": "armour", "count": 1}]
UnitType{name=armour}
Request sent: [MY_MOVE] noncombat
Received move: [{"delegate": "noncombat", "from": "RussianBase", "to": "RussianStart", "unit": "infantry"}]
UnitType{name=infantry}
Request sent: [MY_MOVE] purchase
Received move: [{"delegate": "purchase", "unit": "infantry", "from": "", "to": "RussianBase"}, {"delegate": "purchase", "unit": "artillery", "from": "", "to": "RussianBase"}, {"delegate": "purchase", "unit": "artillery", "from": "", "to": "RussianBase"}, {"delegate": "purchase", "unit": "artillery", "from": "", "to": "RussianBase"}, {"delegate": "purchase", "unit": "armour", "from": "", "to": "RussianBase"}]
Request sent: [MY_MOVE] combat
Received move: [{"delegate": "combat", "from": "RussianBase", "to": "RussianStartRight", "unit": "armour", "count": 1}]
UnitType{name=armour}
Request sent: [MY_MOVE] noncombat
Received move: [{"delegate": "noncombat", "from": "RussianStartRight", "to": "RussianStart", "unit": "armour"}]
UnitType{name=armour}
Request sent: [MY_MOVE] purchase
Received move: [{"delegate": "purchase", "unit": "artillery", "from": "", "to": "RussianBase"}, {"delegate": "purchase", "unit": "artillery", "from": "", "to": "RussianBase"}, {"delegate": "purchase", "unit": "artillery", "from": "", "to": "RussianBase"}, {"delegate": "purchase", "unit": "artillery", "from": "", "to": "RussianBase"}, {"delegate": "purchase", "unit": "armour", "from": "", "to": "RussianBase"}]
Request sent: [MY_MOVE] combat
Received move: [{"delegate": "combat", "from": "RussianStepTwo", "to": "ChineseStepTwo", "unit": "armour", "count": 1}]
UnitType{name=armour}
Request sent: [MY_MOVE] noncombat
Received move: [{"delegate": "noncombat", "from": "RussianBase", "to": "RussianStartRight", "unit": "armour"}]
UnitType{name=armour}
Request sent: [MY_MOVE] purchase
Received move: [{"delegate": "purchase", "unit": "infantry", "from": "", "to": "RussianBase"}, {"delegate": "purchase", "unit": "infantry", "from": "", "to": "RussianBase"}, {"delegate": "purchase", "unit": "infantry", "from": "", "to": "RussianBase"}, {"delegate": "purchase", "unit": "infantry", "from": "", "to": "RussianBase"}, {"delegate": "purchase", "unit": "artillery", "from": "", "to": "RussianBase"}, {"delegate": "purchase", "unit": "artillery", "from": "", "to": "RussianBase"}]
Request sent: [MY_MOVE] combat
Received move: [{"delegate": "combat", "from": "RussianStepTwo", "to": "Flag", "unit": "armour", "count": 1}]
UnitType{name=armour}
Request sent: [MY_MOVE] noncombat
Received move: [{"delegate": "noncombat", "from": "RussianStart", "to": "RussianBase", "unit": "infantry"}]
UnitType{name=infantry}
Request sent: [MY_MOVE] purchase
Received move: [{"delegate": "purchase", "unit": "armour", "from": "", "to": "RussianBase"}, {"delegate": "purchase", "unit": "armour", "from": "", "to": "RussianBase"}, {"delegate": "purchase", "unit": "armour", "from": "", "to": "RussianBase"}]
Request sent: [MY_MOVE] combat
Received move: []
Request sent: [MY_MOVE] noncombat
Received move: [{"delegate": "noncombat", "from": "RussianStartRight", "to": "RussianStart", "unit": "armour"}]
UnitType{name=armour}
Request sent: [MY_MOVE] purchase
Received move: [{"delegate": "purchase", "unit": "infantry", "from": "", "to": "RussianBase"}, {"delegate": "purchase", "unit": "infantry", "from": "", "to": "RussianBase"}, {"delegate": "purchase", "unit": "infantry", "from": "", "to": "RussianBase"}, {"delegate": "purchase", "unit": "artillery", "from": "", "to": "RussianBase"}, {"delegate": "purchase", "unit": "artillery", "from": "", "to": "RussianBase"}, {"delegate": "purchase", "unit": "armour", "from": "", "to": "RussianBase"}]
Request sent: [MY_MOVE] combat
Received move: [{"delegate": "combat", "from": "RussianBase", "to": "RussianStart", "unit": "armour", "count": 2}]
UnitType{name=armour}
Request sent: [MY_MOVE] noncombat
Received move: []
Request sent: [MY_MOVE] purchase
Received move: [{"delegate": "purchase", "unit": "armour", "from": "", "to": "RussianBase"}]
Request sent: [MY_MOVE] combat
Received move: [{"delegate": "combat", "from": "RussianBase", "to": "RussianStart", "unit": "armour", "count": 3}, {"delegate": "combat", "from": "RussianBase", "to": "RussianStart", "unit": "artillery", "count": 5}]
UnitType{name=armour}
UnitType{name=artillery}
Request sent: [MY_MOVE] noncombat
Received move: [{"delegate": "noncombat", "from": "RussianBase", "to": "RussianStart", "unit": "artillery"}]
UnitType{name=artillery}
Request sent: [MY_MOVE] purchase
Received move: [{"delegate": "purchase", "unit": "infantry", "from": "", "to": "RussianBase"}, {"delegate": "purchase", "unit": "infantry", "from": "", "to": "RussianBase"}, {"delegate": "purchase", "unit": "infantry", "from": "", "to": "RussianBase"}, {"delegate": "purchase", "unit": "infantry", "from": "", "to": "RussianBase"}, {"delegate": "purchase", "unit": "artillery", "from": "", "to": "RussianBase"}, {"delegate": "purchase", "unit": "artillery", "from": "", "to": "RussianBase"}, {"delegate": "purchase", "unit": "artillery", "from": "", "to": "RussianBase"}]
Request sent: [MY_MOVE] combat
Received move: [{"delegate": "combat", "from": "RussianBase", "to": "RussianStartRight", "unit": "armour", "count": 1}, {"delegate": "combat", "from": "RussianStart", "to": "RussianStartRight", "unit": "armour", "count": 2}]
UnitType{name=armour}
UnitType{name=armour}
Request sent: [MY_MOVE] noncombat
Received move: [{"delegate": "noncombat", "from": "RussianStartRight", "to": "RussianBase", "unit": "armour"}]
UnitType{name=armour}
Request sent: [MY_MOVE] purchase
Received move: [{"delegate": "purchase", "unit": "infantry", "from": "", "to": "RussianBase"}, {"delegate": "purchase", "unit": "infantry", "from": "", "to": "RussianBase"}, {"delegate": "purchase", "unit": "infantry", "from": "", "to": "RussianBase"}, {"delegate": "purchase", "unit": "artillery", "from": "", "to": "RussianBase"}]
Request sent: [MY_MOVE] combat
Received move: [{"delegate": "combat", "from": "RussianStart", "to": "RussianStepOne", "unit": "armour", "count": 1}, {"delegate": "combat", "from": "RussianStartRight", "to": "RussianStepOne", "unit": "armour", "count": 1}]
UnitType{name=armour}
UnitType{name=armour}
Request sent: [MY_MOVE] noncombat
Received move: [{"delegate": "noncombat", "from": "RussianStart", "to": "RussianStepOne", "unit": "artillery"}]
UnitType{name=artillery}
Request sent: [MY_MOVE] purchase
Received move: [{"delegate": "purchase", "unit": "infantry", "from": "", "to": "RussianBase"}, {"delegate": "purchase", "unit": "infantry", "from": "", "to": "RussianBase"}, {"delegate": "purchase", "unit": "infantry", "from": "", "to": "RussianBase"}, {"delegate": "purchase", "unit": "infantry", "from": "", "to": "RussianBase"}, {"delegate": "purchase", "unit": "artillery", "from": "", "to": "RussianBase"}, {"delegate": "purchase", "unit": "armour", "from": "", "to": "RussianBase"}]
Request sent: [MY_MOVE] combat
Received move: [{"delegate": "combat", "from": "RussianStepOne", "to": "RussianStartLeft", "unit": "armour", "count": 2}, {"delegate": "combat", "from": "RussianStart", "to": "RussianStartLeft", "unit": "artillery", "count": 5}]
UnitType{name=armour}
UnitType{name=artillery}
Request sent: [MY_MOVE] noncombat
Received move: [{"delegate": "noncombat", "from": "RussianBase", "to": "RussianStart", "unit": "artillery"}]
UnitType{name=artillery}
Request sent: [MY_MOVE] purchase
Received move: [{"delegate": "purchase", "unit": "infantry", "from": "", "to": "RussianBase"}, {"delegate": "purchase", "unit": "artillery", "from": "", "to": "RussianBase"}]
Request sent: [MY_MOVE] combat
Received move: [{"delegate": "combat", "from": "RussianBase", "to": "RussianStartRight", "unit": "armour", "count": 1}, {"delegate": "combat", "from": "RussianStart", "to": "RussianStartRight", "unit": "armour", "count": 2}]
UnitType{name=armour}
UnitType{name=armour}
Request sent: [MY_MOVE] noncombat
Received move: [{"delegate": "noncombat", "from": "RussianStart", "to": "RussianBase", "unit": "artillery"}]
UnitType{name=artillery}
Request sent: [MY_MOVE] purchase
Received move: [{"delegate": "purchase", "unit": "artillery", "from": "", "to": "RussianBase"}, {"delegate": "purchase", "unit": "artillery", "from": "", "to": "RussianBase"}, {"delegate": "purchase", "unit": "armour", "from": "", "to": "RussianBase"}]
Request sent: [MY_MOVE] combat
Received move: [{"delegate": "combat", "from": "RussianStart", "to": "RussianStartLeft", "unit": "artillery", "count": 3}]
UnitType{name=artillery}
Request sent: [MY_MOVE] noncombat
Received move: [{"delegate": "noncombat", "from": "RussianStepOne", "to": "RussianStart", "unit": "artillery"}]
UnitType{name=artillery}
Request sent: [MY_MOVE] purchase
Received move: [{"delegate": "purchase", "unit": "infantry", "from": "", "to": "RussianBase"}, {"delegate": "purchase", "unit": "infantry", "from": "", "to": "RussianBase"}, {"delegate": "purchase", "unit": "armour", "from": "", "to": "RussianBase"}, {"delegate": "purchase", "unit": "armour", "from": "", "to": "RussianBase"}, {"delegate": "purchase", "unit": "armour", "from": "", "to": "RussianBase"}]
Request sent: [MY_MOVE] combat
Received move: [{"delegate": "combat", "from": "RussianBase", "to": "RussianStart", "unit": "armour", "count": 1}, {"delegate": "combat", "from": "RussianBase", "to": "RussianStart", "unit": "artillery", "count": 5}]
UnitType{name=armour}
UnitType{name=artillery}
Request sent: [MY_MOVE] noncombat
Received move: [{"delegate": "noncombat", "from": "RussianStart", "to": "RussianBase", "unit": "artillery"}]
UnitType{name=artillery}
Request sent: [MY_MOVE] purchase
Received move: [{"delegate": "purchase", "unit": "artillery", "from": "", "to": "RussianBase"}]
Request sent: [MY_MOVE] combat
Received move: [{"delegate": "combat", "from": "RussianBase", "to": "RussianStartRight", "unit": "armour", "count": 3}]
UnitType{name=armour}
Request sent: [MY_MOVE] noncombat
Received move: [{"delegate": "noncombat", "from": "RussianBase", "to": "RussianStart", "unit": "infantry"}]
UnitType{name=infantry}
Request sent: [MY_MOVE] purchase
Received move: [{"delegate": "purchase", "unit": "infantry", "from": "", "to": "RussianBase"}, {"delegate": "purchase", "unit": "infantry", "from": "", "to": "RussianBase"}, {"delegate": "purchase", "unit": "infantry", "from": "", "to": "RussianBase"}, {"delegate": "purchase", "unit": "armour", "from": "", "to": "RussianBase"}, {"delegate": "purchase", "unit": "armour", "from": "", "to": "RussianBase"}]
Request sent: [MY_MOVE] combat
Received move: [{"delegate": "combat", "from": "RussianStart", "to": "RussianStartLeft", "unit": "armour", "count": 1}, {"delegate": "combat", "from": "RussianStart", "to": "RussianStartLeft", "unit": "artillery", "count": 5}, {"delegate": "combat", "from": "RussianStart", "to": "RussianStartLeft", "unit": "infantry", "count": 1}]
UnitType{name=armour}
UnitType{name=artillery}
UnitType{name=infantry}
Request sent: [MY_MOVE] noncombat
Received move: [{"delegate": "noncombat", "from": "RussianBase", "to": "RussianStart", "unit": "infantry"}]
UnitType{name=infantry}
Request sent: [MY_MOVE] purchase
Received move: [{"delegate": "purchase", "unit": "infantry", "from": "", "to": "RussianBase"}, {"delegate": "purchase", "unit": "artillery", "from": "", "to": "RussianBase"}, {"delegate": "purchase", "unit": "armour", "from": "", "to": "RussianBase"}]
Request sent: [MY_MOVE] combat
Received move: [{"delegate": "combat", "from": "RussianBase", "to": "RussianStart", "unit": "armour", "count": 2}, {"delegate": "combat", "from": "RussianBase", "to": "RussianStart", "unit": "artillery", "count": 7}]
UnitType{name=armour}
UnitType{name=artillery}
Request sent: [MY_MOVE] noncombat
Received move: [{"delegate": "noncombat", "from": "RussianBase", "to": "RussianStart", "unit": "artillery"}]
UnitType{name=artillery}
Request sent: [MY_MOVE] purchase
Received move: [{"delegate": "purchase", "unit": "artillery", "from": "", "to": "RussianBase"}, {"delegate": "purchase", "unit": "artillery", "from": "", "to": "RussianBase"}, {"delegate": "purchase", "unit": "armour", "from": "", "to": "RussianBase"}, {"delegate": "purchase", "unit": "armour", "from": "", "to": "RussianBase"}]
Request sent: [MY_MOVE] combat
Received move: [{"delegate": "combat", "from": "RussianBase", "to": "RussianStart", "unit": "armour", "count": 1}, {"delegate": "combat", "from": "RussianBase", "to": "RussianStart", "unit": "artillery", "count": 5}, {"delegate": "combat", "from": "RussianBase", "to": "RussianStart", "unit": "infantry", "count": 7}]
UnitType{name=armour}
UnitType{name=artillery}
UnitType{name=infantry}
Request sent: [MY_MOVE] noncombat
Received move: []
Request sent: [MY_MOVE] purchase
Received move: [{"delegate": "purchase", "unit": "artillery", "from": "", "to": "RussianBase"}, {"delegate": "purchase", "unit": "armour", "from": "", "to": "RussianBase"}]
Request sent: [MY_MOVE] combat
Received move: []
Request sent: [MY_MOVE] noncombat
Received move: []
> Task :game-app:domain-data:compileJava UP-TO-DATE
> Task :lib:java-extras:compileJava UP-TO-DATE
> Task :lib:websocket-client:compileJava UP-TO-DATE
> Task :lib:feign-common:compileJava UP-TO-DATE
> Task :lib:websocket-server:compileJava UP-TO-DATE
> Task :lib:websocket-server:processResources NO-SOURCE
> Task :lib:websocket-server:classes UP-TO-DATE
> Task :lib:websocket-server:jar UP-TO-DATE
> Task :game-app:game-relay-server:compileJava UP-TO-DATE
> Task :game-app:game-relay-server:processResources NO-SOURCE
> Task :game-app:game-relay-server:classes UP-TO-DATE
> Task :game-app:game-relay-server:jar UP-TO-DATE
> Task :lib:xml-reader:compileJava UP-TO-DATE
> Task :lib:xml-reader:processResources NO-SOURCE
> Task :lib:xml-reader:classes UP-TO-DATE
> Task :lib:xml-reader:jar UP-TO-DATE
> Task :game-app:map-data:compileJava UP-TO-DATE
> Task :game-app:map-data:processResources NO-SOURCE
> Task :game-app:map-data:classes UP-TO-DATE
> Task :game-app:map-data:jar UP-TO-DATE
> Task :http-clients:lobby-client:compileJava UP-TO-DATE
> Task :lib:swing-lib:compileJava UP-TO-DATE
> Task :lib:swing-lib:processResources NO-SOURCE
> Task :lib:swing-lib:classes UP-TO-DATE
> Task :lib:swing-lib:jar UP-TO-DATE
> Task :game-app:game-core:compileJava UP-TO-DATE
> Task :game-app:game-core:processResources UP-TO-DATE
> Task :game-app:game-core:classes UP-TO-DATE
> Task :game-app:game-core:jar UP-TO-DATE
> Task :game-app:ai:compileJava UP-TO-DATE
> Task :game-app:ai:processResources NO-SOURCE
> Task :game-app:ai:classes UP-TO-DATE
> Task :game-app:ai:jar UP-TO-DATE
> Task :game-app:domain-data:processResources NO-SOURCE
> Task :game-app:domain-data:classes UP-TO-DATE
> Task :game-app:domain-data:jar UP-TO-DATE
> Task :game-app:game-headed:compileJava UP-TO-DATE
> Task :game-app:game-headed:processResources UP-TO-DATE
> Task :game-app:game-headed:classes UP-TO-DATE

> Task :game-app:game-headed:downloadAssets
Download https://github.com/triplea-game/assets/releases/download/47/game_headed_assets.zip

> Task :http-clients:lobby-client:processResources NO-SOURCE
> Task :http-clients:lobby-client:classes UP-TO-DATE
> Task :http-clients:lobby-client:jar UP-TO-DATE
> Task :lib:feign-common:processResources NO-SOURCE
> Task :lib:feign-common:classes UP-TO-DATE
> Task :lib:feign-common:jar UP-TO-DATE
> Task :lib:java-extras:processResources NO-SOURCE
> Task :lib:java-extras:classes UP-TO-DATE
> Task :lib:java-extras:jar UP-TO-DATE
> Task :lib:websocket-client:processResources NO-SOURCE
> Task :lib:websocket-client:classes UP-TO-DATE
> Task :lib:websocket-client:jar UP-TO-DATE

> Task :game-app:game-headed:run
12:20:33,531 |-INFO in ch.qos.logback.classic.LoggerContext[default] - This is logback-classic version 1.5.18
12:20:33,532 |-INFO in ch.qos.logback.classic.util.ContextInitializer@1afd44cb - No custom configurators were discovered as a service.
12:20:33,532 |-INFO in ch.qos.logback.classic.util.ContextInitializer@1afd44cb - Trying to configure with ch.qos.logback.classic.joran.SerializedModelConfigurator
12:20:33,533 |-INFO in ch.qos.logback.classic.util.ContextInitializer@1afd44cb - Constructed configurator of type class ch.qos.logback.classic.joran.SerializedModelConfigurator
12:20:33,537 |-INFO in ch.qos.logback.classic.LoggerContext[default] - Could NOT find resource [logback-test.scmo]
12:20:33,537 |-INFO in ch.qos.logback.classic.LoggerContext[default] - Could NOT find resource [logback.scmo]
12:20:33,542 |-INFO in ch.qos.logback.classic.util.ContextInitializer@1afd44cb - ch.qos.logback.classic.joran.SerializedModelConfigurator.configure() call lasted 5 milliseconds. ExecutionStatus=INVOKE_NEXT_IF_ANY
12:20:33,542 |-INFO in ch.qos.logback.classic.util.ContextInitializer@1afd44cb - Trying to configure with ch.qos.logback.classic.util.DefaultJoranConfigurator
12:20:33,542 |-INFO in ch.qos.logback.classic.util.ContextInitializer@1afd44cb - Constructed configurator of type class ch.qos.logback.classic.util.DefaultJoranConfigurator
12:20:33,542 |-INFO in ch.qos.logback.classic.LoggerContext[default] - Could NOT find resource [logback-test.xml]
12:20:33,544 |-INFO in ch.qos.logback.classic.LoggerContext[default] - Found resource [logback.xml] at [file:/home/sanjana/tripleMind/triplea/game-app/game-headed/build/resources/main/logback.xml]
12:20:33,589 |-INFO in ch.qos.logback.core.model.processor.AppenderModelHandler - Processing appender named [swingMessage]
12:20:33,589 |-INFO in ch.qos.logback.core.model.processor.AppenderModelHandler - About to instantiate appender of type [org.triplea.debug.Slf4jLogMessageUploader]
12:20:33,590 |-INFO in ch.qos.logback.core.model.processor.AppenderModelHandler - Processing appender named [FILE]
12:20:33,590 |-INFO in ch.qos.logback.core.model.processor.AppenderModelHandler - About to instantiate appender of type [ch.qos.logback.core.rolling.RollingFileAppender]
12:20:33,593 |-INFO in ch.qos.logback.core.model.processor.ModelInterpretationContext@6973b51b - value "/home/sanjana/triplea/triplea.log" substituted for "${user.home}/triplea/triplea.log"
12:20:33,595 |-INFO in ch.qos.logback.core.model.processor.ImplicitModelHandler - Assuming default type [ch.qos.logback.classic.encoder.PatternLayoutEncoder] for [encoder] property
12:20:33,618 |-INFO in c.q.l.core.rolling.SizeAndTimeBasedRollingPolicy@447981768 - setting totalSizeCap to 10 MB
12:20:33,619 |-INFO in c.q.l.core.rolling.SizeAndTimeBasedRollingPolicy@447981768 - Archive files will be limited to [1 MB] each.
12:20:33,619 |-INFO in c.q.l.core.rolling.SizeAndTimeBasedRollingPolicy@447981768 - No compression will be used
12:20:33,620 |-INFO in c.q.l.core.rolling.SizeAndTimeBasedRollingPolicy@447981768 - Will use the pattern triplea-%d{yyyy-MM-dd}.%i.log for the active file
12:20:33,628 |-INFO in ch.qos.logback.core.rolling.SizeAndTimeBasedFileNamingAndTriggeringPolicy@43195e57 - The date pattern is 'yyyy-MM-dd' from file name pattern 'triplea-%d{yyyy-MM-dd}.%i.log'.
12:20:33,628 |-INFO in ch.qos.logback.core.rolling.SizeAndTimeBasedFileNamingAndTriggeringPolicy@43195e57 - Roll-over at midnight.
12:20:33,630 |-INFO in ch.qos.logback.core.rolling.SizeAndTimeBasedFileNamingAndTriggeringPolicy@43195e57 - Setting initial period to 2026-01-28T17:14:09.912Z
12:20:33,633 |-INFO in ch.qos.logback.core.rolling.RollingFileAppender[FILE] - Active log file name: /home/sanjana/triplea/triplea.log
12:20:33,634 |-INFO in ch.qos.logback.core.rolling.RollingFileAppender[FILE] - Setting currentFileLength to 1100 for /home/sanjana/triplea/triplea.log
12:20:33,634 |-INFO in ch.qos.logback.core.rolling.RollingFileAppender[FILE] - File property is set to [/home/sanjana/triplea/triplea.log]
12:20:33,634 |-INFO in ch.qos.logback.core.model.processor.AppenderModelHandler - Processing appender named [console]
12:20:33,634 |-INFO in ch.qos.logback.core.model.processor.AppenderModelHandler - About to instantiate appender of type [ch.qos.logback.core.ConsoleAppender]
12:20:33,635 |-WARN in ch.qos.logback.core.ConsoleAppender[console] - This appender no longer admits a layout as a sub-component, set an encoder instead.
12:20:33,635 |-WARN in ch.qos.logback.core.ConsoleAppender[console] - To ensure compatibility, wrapping your layout in LayoutWrappingEncoder.
12:20:33,635 |-WARN in ch.qos.logback.core.ConsoleAppender[console] - See also https://logback.qos.ch/codes.html#layoutInsteadOfEncoder for details
12:20:33,635 |-INFO in ch.qos.logback.core.ConsoleAppender[console] - BEWARE: Writing to the console can be very slow. Avoid logging to the 
12:20:33,635 |-INFO in ch.qos.logback.core.ConsoleAppender[console] - console in production environments, especially in high volume systems.
12:20:33,635 |-INFO in ch.qos.logback.core.ConsoleAppender[console] - See also https://logback.qos.ch/codes.html#slowConsole
12:20:33,635 |-INFO in ch.qos.logback.classic.model.processor.RootLoggerModelHandler - Setting level of ROOT logger to DEBUG
12:20:33,635 |-INFO in ch.qos.logback.core.model.processor.AppenderRefModelHandler - Attaching appender named [swingMessage] to Logger[ROOT]
12:20:33,636 |-INFO in ch.qos.logback.core.model.processor.AppenderRefModelHandler - Attaching appender named [console] to Logger[ROOT]
12:20:33,636 |-INFO in ch.qos.logback.core.model.processor.AppenderRefModelHandler - Attaching appender named [FILE] to Logger[ROOT]
12:20:33,636 |-INFO in ch.qos.logback.classic.model.processor.LoggerModelHandler - Setting level of logger [org.apache.http] to INFO
12:20:33,636 |-INFO in ch.qos.logback.core.model.processor.DefaultProcessor@333291e3 - End of configuration.
12:20:33,636 |-INFO in ch.qos.logback.classic.joran.JoranConfigurator@479d31f3 - Registering current configuration as safe fallback point
12:20:33,636 |-INFO in ch.qos.logback.classic.util.ContextInitializer@1afd44cb - ch.qos.logback.classic.util.DefaultJoranConfigurator.configure() call lasted 94 milliseconds. ExecutionStatus=DO_NOT_INVOKE_NEXT_IF_ANY

12:20:33.757 [main] INFO  o.t.game.client.HeadedGameRunner - Launching game, version: 2.7+00000 
12:20:33.859 [Thread-5] DEBUG g.s.e.data.gameparser.GameParser - Parsing game XML: /home/sanjana/triplea/downloadedMaps/capture_the_flag/map/games/capture_the_flag.xml
Request sent: [MY_MOVE] purchase
Received move: [{"delegate": "purchase", "unit": "infantry", "from": "", "to": "ItalianBase"}, {"delegate": "purchase", "unit": "artillery", "from": "", "to": "ItalianBase"}]
Request sent: [MY_MOVE] combat
Received move: [{"delegate": "combat", "from": "ItalianBase", "to": "ItalianStartLeft", "unit": "armour", "count": 1}]
UnitType{name=armour}
Request sent: [MY_MOVE] noncombat
Received move: [{"delegate": "noncombat", "from": "ItalianStart", "to": "ItalianBase", "unit": "infantry"}]
UnitType{name=infantry}
Request sent: [MY_MOVE] purchase
Received move: [{"delegate": "purchase", "unit": "infantry", "from": "", "to": "ItalianBase"}, {"delegate": "purchase", "unit": "infantry", "from": "", "to": "ItalianBase"}, {"delegate": "purchase", "unit": "infantry", "from": "", "to": "ItalianBase"}, {"delegate": "purchase", "unit": "artillery", "from": "", "to": "ItalianBase"}, {"delegate": "purchase", "unit": "artillery", "from": "", "to": "ItalianBase"}, {"delegate": "purchase", "unit": "armour", "from": "", "to": "ItalianBase"}]
Request sent: [MY_MOVE] combat
Received move: [{"delegate": "combat", "from": "ItalianStartLeft", "to": "RightBar", "unit": "armour", "count": 1}]
UnitType{name=armour}
Request sent: [MY_MOVE] noncombat
Received move: [{"delegate": "noncombat", "from": "ItalianStart", "to": "ItalianStartLeft", "unit": "infantry"}]
UnitType{name=infantry}
Request sent: [MY_MOVE] purchase
Received move: [{"delegate": "purchase", "unit": "infantry", "from": "", "to": "ItalianBase"}, {"delegate": "purchase", "unit": "artillery", "from": "", "to": "ItalianBase"}, {"delegate": "purchase", "unit": "artillery", "from": "", "to": "ItalianBase"}, {"delegate": "purchase", "unit": "armour", "from": "", "to": "ItalianBase"}]
Request sent: [MY_MOVE] combat
Received move: [{"delegate": "combat", "from": "ItalianBase", "to": "ItalianStepOne", "unit": "armour", "count": 1}]
UnitType{name=armour}
Request sent: [MY_MOVE] noncombat
Received move: [{"delegate": "noncombat", "from": "ItalianStartLeft", "to": "ItalianStart", "unit": "infantry"}]
UnitType{name=infantry}
Request sent: [MY_MOVE] purchase
Received move: [{"delegate": "purchase", "unit": "infantry", "from": "", "to": "ItalianBase"}, {"delegate": "purchase", "unit": "infantry", "from": "", "to": "ItalianBase"}, {"delegate": "purchase", "unit": "infantry", "from": "", "to": "ItalianBase"}, {"delegate": "purchase", "unit": "armour", "from": "", "to": "ItalianBase"}]
Request sent: [MY_MOVE] combat
Received move: [{"delegate": "combat", "from": "ItalianStepOne", "to": "ItalianStepTwo", "unit": "armour", "count": 1}]
UnitType{name=armour}
Request sent: [MY_MOVE] noncombat
Received move: [{"delegate": "noncombat", "from": "ItalianBase", "to": "ItalianStart", "unit": "artillery"}]
UnitType{name=artillery}
Request sent: [MY_MOVE] purchase
Received move: [{"delegate": "purchase", "unit": "infantry", "from": "", "to": "ItalianBase"}, {"delegate": "purchase", "unit": "infantry", "from": "", "to": "ItalianBase"}, {"delegate": "purchase", "unit": "armour", "from": "", "to": "ItalianBase"}, {"delegate": "purchase", "unit": "armour", "from": "", "to": "ItalianBase"}]
Request sent: [MY_MOVE] combat
Received move: [{"delegate": "combat", "from": "ItalianBase", "to": "ItalianStartLeft", "unit": "armour", "count": 2}, {"delegate": "combat", "from": "ItalianStart", "to": "ItalianStartLeft", "unit": "artillery", "count": 1}, {"delegate": "combat", "from": "ItalianStart", "to": "ItalianStartLeft", "unit": "infantry", "count": 1}]
UnitType{name=armour}
UnitType{name=artillery}
UnitType{name=infantry}
Request sent: [MY_MOVE] noncombat
Received move: [{"delegate": "noncombat", "from": "ItalianBase", "to": "ItalianStart", "unit": "artillery"}]
UnitType{name=artillery}
Request sent: [MY_MOVE] purchase
Received move: [{"delegate": "purchase", "unit": "infantry", "from": "", "to": "ItalianBase"}]
Request sent: [MY_MOVE] combat
Received move: []
Request sent: [MY_MOVE] noncombat
Received move: [{"delegate": "noncombat", "from": "ItalianStepTwo", "to": "ItalianStepOne", "unit": "armour"}]
UnitType{name=armour}
Request sent: [MY_MOVE] purchase
Received move: [{"delegate": "purchase", "unit": "infantry", "from": "", "to": "ItalianBase"}, {"delegate": "purchase", "unit": "infantry", "from": "", "to": "ItalianBase"}, {"delegate": "purchase", "unit": "artillery", "from": "", "to": "ItalianBase"}, {"delegate": "purchase", "unit": "artillery", "from": "", "to": "ItalianBase"}, {"delegate": "purchase", "unit": "artillery", "from": "", "to": "ItalianBase"}, {"delegate": "purchase", "unit": "artillery", "from": "", "to": "ItalianBase"}, {"delegate": "purchase", "unit": "armour", "from": "", "to": "ItalianBase"}, {"delegate": "purchase", "unit": "armour", "from": "", "to": "ItalianBase"}]
Request sent: [MY_MOVE] combat
Received move: [{"delegate": "combat", "from": "ItalianStartLeft", "to": "RightBar", "unit": "armour", "count": 2}, {"delegate": "combat", "from": "ItalianStartLeft", "to": "RightBar", "unit": "artillery", "count": 1}, {"delegate": "combat", "from": "ItalianStartLeft", "to": "RightBar", "unit": "infantry", "count": 1}]
UnitType{name=armour}
UnitType{name=artillery}
UnitType{name=infantry}
Request sent: [MY_MOVE] noncombat
Received move: [{"delegate": "noncombat", "from": "ItalianStepOne", "to": "ItalianStepTwo", "unit": "armour"}]
UnitType{name=armour}
Request sent: [MY_MOVE] purchase
Received move: [{"delegate": "purchase", "unit": "infantry", "from": "", "to": "ItalianBase"}, {"delegate": "purchase", "unit": "artillery", "from": "", "to": "ItalianBase"}, {"delegate": "purchase", "unit": "artillery", "from": "", "to": "ItalianBase"}, {"delegate": "purchase", "unit": "armour", "from": "", "to": "ItalianBase"}, {"delegate": "purchase", "unit": "armour", "from": "", "to": "ItalianBase"}]
Request sent: [MY_MOVE] combat
Received move: [{"delegate": "combat", "from": "RightBar", "to": "GermanStartRight", "unit": "armour", "count": 2}, {"delegate": "combat", "from": "RightBar", "to": "GermanStartRight", "unit": "artillery", "count": 1}, {"delegate": "combat", "from": "RightBar", "to": "GermanStartRight", "unit": "infantry", "count": 1}]
UnitType{name=armour}
UnitType{name=artillery}
UnitType{name=infantry}
Request sent: [MY_MOVE] noncombat
Received move: [{"delegate": "noncombat", "from": "ItalianBase", "to": "ItalianStart", "unit": "artillery"}]
UnitType{name=artillery}
Request sent: [MY_MOVE] purchase
Received move: [{"delegate": "purchase", "unit": "infantry", "from": "", "to": "ItalianBase"}, {"delegate": "purchase", "unit": "infantry", "from": "", "to": "ItalianBase"}, {"delegate": "purchase", "unit": "infantry", "from": "", "to": "ItalianBase"}, {"delegate": "purchase", "unit": "infantry", "from": "", "to": "ItalianBase"}, {"delegate": "purchase", "unit": "artillery", "from": "", "to": "ItalianBase"}, {"delegate": "purchase", "unit": "artillery", "from": "", "to": "ItalianBase"}, {"delegate": "purchase", "unit": "artillery", "from": "", "to": "ItalianBase"}, {"delegate": "purchase", "unit": "artillery", "from": "", "to": "ItalianBase"}]
Request sent: [MY_MOVE] combat
Received move: [{"delegate": "combat", "from": "ItalianBase", "to": "ItalianStartRight", "unit": "armour", "count": 1}]
UnitType{name=armour}
Request sent: [MY_MOVE] noncombat
Received move: [{"delegate": "noncombat", "from": "ItalianStartRight", "to": "ItalianStartLeft", "unit": "armour"}]
UnitType{name=armour}
Request sent: [MY_MOVE] purchase
Received move: [{"delegate": "purchase", "unit": "infantry", "from": "", "to": "ItalianBase"}, {"delegate": "purchase", "unit": "infantry", "from": "", "to": "ItalianBase"}, {"delegate": "purchase", "unit": "infantry", "from": "", "to": "ItalianBase"}, {"delegate": "purchase", "unit": "infantry", "from": "", "to": "ItalianBase"}, {"delegate": "purchase", "unit": "artillery", "from": "", "to": "ItalianBase"}, {"delegate": "purchase", "unit": "artillery", "from": "", "to": "ItalianBase"}]
Request sent: [MY_MOVE] combat
Received move: [{"delegate": "combat", "from": "ItalianBase", "to": "ItalianStartLeft", "unit": "armour", "count": 3}]
UnitType{name=armour}
Request sent: [MY_MOVE] noncombat
Received move: [{"delegate": "noncombat", "from": "ItalianStart", "to": "ItalianStartLeft", "unit": "artillery"}]
UnitType{name=artillery}
Request sent: [MY_MOVE] purchase
Received move: [{"delegate": "purchase", "unit": "infantry", "from": "", "to": "ItalianBase"}, {"delegate": "purchase", "unit": "infantry", "from": "", "to": "ItalianBase"}, {"delegate": "purchase", "unit": "artillery", "from": "", "to": "ItalianBase"}, {"delegate": "purchase", "unit": "artillery", "from": "", "to": "ItalianBase"}, {"delegate": "purchase", "unit": "armour", "from": "", "to": "ItalianBase"}]
Request sent: [MY_MOVE] combat
Received move: [{"delegate": "combat", "from": "ItalianStartLeft", "to": "ItalianStartRight", "unit": "armour", "count": 1}]
UnitType{name=armour}
Request sent: [MY_MOVE] noncombat
Received move: [{"delegate": "noncombat", "from": "ItalianBase", "to": "ItalianStart", "unit": "armour"}]
UnitType{name=armour}
Request sent: [MY_MOVE] purchase
Received move: [{"delegate": "purchase", "unit": "infantry", "from": "", "to": "ItalianBase"}, {"delegate": "purchase", "unit": "infantry", "from": "", "to": "ItalianBase"}, {"delegate": "purchase", "unit": "infantry", "from": "", "to": "ItalianBase"}, {"delegate": "purchase", "unit": "infantry", "from": "", "to": "ItalianBase"}, {"delegate": "purchase", "unit": "infantry", "from": "", "to": "ItalianBase"}, {"delegate": "purchase", "unit": "infantry", "from": "", "to": "ItalianBase"}, {"delegate": "purchase", "unit": "infantry", "from": "", "to": "ItalianBase"}]
Request sent: [MY_MOVE] combat
Received move: [{"delegate": "combat", "from": "ItalianBase", "to": "ItalianStartLeft", "unit": "armour", "count": 2}, {"delegate": "combat", "from": "ItalianStart", "to": "ItalianStartLeft", "unit": "armour", "count": 1}, {"delegate": "combat", "from": "ItalianStartRight", "to": "ItalianStartLeft", "unit": "armour", "count": 1}, {"delegate": "combat", "from": "ItalianStart", "to": "ItalianStartLeft", "unit": "artillery", "count": 1}]
UnitType{name=armour}
UnitType{name=armour}
UnitType{name=armour}
UnitType{name=artillery}
Request sent: [MY_MOVE] noncombat
Received move: [{"delegate": "noncombat", "from": "ItalianStart", "to": "ItalianStepTwo", "unit": "armour"}]
UnitType{name=armour}
Request sent: [MY_MOVE] purchase
Received move: [{"delegate": "purchase", "unit": "infantry", "from": "", "to": "ItalianBase"}, {"delegate": "purchase", "unit": "infantry", "from": "", "to": "ItalianBase"}, {"delegate": "purchase", "unit": "infantry", "from": "", "to": "ItalianBase"}, {"delegate": "purchase", "unit": "artillery", "from": "", "to": "ItalianBase"}, {"delegate": "purchase", "unit": "armour", "from": "", "to": "ItalianBase"}]
Request sent: [MY_MOVE] combat
Received move: [{"delegate": "combat", "from": "ItalianStart", "to": "TopBar", "unit": "armour", "count": 1}]
UnitType{name=armour}
Request sent: [MY_MOVE] noncombat
Received move: [{"delegate": "noncombat", "from": "ItalianStart", "to": "TopBar", "unit": "armour"}]
UnitType{name=armour}
Request sent: [MY_MOVE] purchase
Received move: [{"delegate": "purchase", "unit": "infantry", "from": "", "to": "ItalianBase"}, {"delegate": "purchase", "unit": "infantry", "from": "", "to": "ItalianBase"}, {"delegate": "purchase", "unit": "infantry", "from": "", "to": "ItalianBase"}, {"delegate": "purchase", "unit": "infantry", "from": "", "to": "ItalianBase"}, {"delegate": "purchase", "unit": "infantry", "from": "", "to": "ItalianBase"}, {"delegate": "purchase", "unit": "artillery", "from": "", "to": "ItalianBase"}]
Request sent: [MY_MOVE] combat
Received move: [{"delegate": "combat", "from": "ItalianBase", "to": "ItalianStart", "unit": "armour", "count": 1}, {"delegate": "combat", "from": "TopBar", "to": "ItalianStart", "unit": "armour", "count": 2}]
UnitType{name=armour}
UnitType{name=armour}
Request sent: [MY_MOVE] noncombat
Received move: [{"delegate": "noncombat", "from": "ItalianStart", "to": "ItalianStepOne", "unit": "armour"}]
UnitType{name=armour}
Request sent: [MY_MOVE] purchase
Received move: [{"delegate": "purchase", "unit": "infantry", "from": "", "to": "ItalianBase"}, {"delegate": "purchase", "unit": "infantry", "from": "", "to": "ItalianBase"}, {"delegate": "purchase", "unit": "armour", "from": "", "to": "ItalianBase"}, {"delegate": "purchase", "unit": "armour", "from": "", "to": "ItalianBase"}]
Request sent: [MY_MOVE] combat
Received move: [{"delegate": "combat", "from": "ItalianStart", "to": "TopBar", "unit": "armour", "count": 3}]
UnitType{name=armour}
Request sent: [MY_MOVE] noncombat
Received move: [{"delegate": "noncombat", "from": "ItalianStepTwo", "to": "ItalianStart", "unit": "armour"}]
UnitType{name=armour}
Request sent: [MY_MOVE] purchase
Received move: [{"delegate": "purchase", "unit": "infantry", "from": "", "to": "ItalianBase"}, {"delegate": "purchase", "unit": "infantry", "from": "", "to": "ItalianBase"}, {"delegate": "purchase", "unit": "infantry", "from": "", "to": "ItalianBase"}, {"delegate": "purchase", "unit": "infantry", "from": "", "to": "ItalianBase"}, {"delegate": "purchase", "unit": "infantry", "from": "", "to": "ItalianBase"}, {"delegate": "purchase", "unit": "artillery", "from": "", "to": "ItalianBase"}, {"delegate": "purchase", "unit": "artillery", "from": "", "to": "ItalianBase"}]
Request sent: [MY_MOVE] combat
Received move: [{"delegate": "combat", "from": "ItalianBase", "to": "ItalianStart", "unit": "armour", "count": 2}]
UnitType{name=armour}
Request sent: [MY_MOVE] noncombat
Received move: [{"delegate": "noncombat", "from": "ItalianStart", "to": "ItalianBase", "unit": "armour"}]
UnitType{name=armour}
Request sent: [MY_MOVE] purchase
Received move: [{"delegate": "purchase", "unit": "infantry", "from": "", "to": "ItalianBase"}, {"delegate": "purchase", "unit": "infantry", "from": "", "to": "ItalianBase"}, {"delegate": "purchase", "unit": "infantry", "from": "", "to": "ItalianBase"}, {"delegate": "purchase", "unit": "infantry", "from": "", "to": "ItalianBase"}, {"delegate": "purchase", "unit": "infantry", "from": "", "to": "ItalianBase"}]
Request sent: [MY_MOVE] combat
Received move: []
Request sent: [MY_MOVE] noncombat
Received move: [{"delegate": "noncombat", "from": "ItalianStart", "to": "ItalianStartRight", "unit": "armour"}]
UnitType{name=armour}
Request sent: [MY_MOVE] purchase
Received move: [{"delegate": "purchase", "unit": "infantry", "from": "", "to": "ItalianBase"}, {"delegate": "purchase", "unit": "infantry", "from": "", "to": "ItalianBase"}, {"delegate": "purchase", "unit": "infantry", "from": "", "to": "ItalianBase"}, {"delegate": "purchase", "unit": "infantry", "from": "", "to": "ItalianBase"}, {"delegate": "purchase", "unit": "infantry", "from": "", "to": "ItalianBase"}, {"delegate": "purchase", "unit": "infantry", "from": "", "to": "ItalianBase"}, {"delegate": "purchase", "unit": "infantry", "from": "", "to": "ItalianBase"}, {"delegate": "purchase", "unit": "artillery", "from": "", "to": "ItalianBase"}]
Request sent: [MY_MOVE] combat
Received move: [{"delegate": "combat", "from": "ItalianStartRight", "to": "ItalianStartLeft", "unit": "armour", "count": 1}]
UnitType{name=armour}
Request sent: [MY_MOVE] noncombat
Received move: [{"delegate": "noncombat", "from": "ItalianStartLeft", "to": "ItalianStepOne", "unit": "armour"}]
UnitType{name=armour}
Request sent: [MY_MOVE] purchase
Received move: [{"delegate": "purchase", "unit": "artillery", "from": "", "to": "ItalianBase"}, {"delegate": "purchase", "unit": "armour", "from": "", "to": "ItalianBase"}, {"delegate": "purchase", "unit": "armour", "from": "", "to": "ItalianBase"}, {"delegate": "purchase", "unit": "armour", "from": "", "to": "ItalianBase"}]
Request sent: [MY_MOVE] combat
Received move: [{"delegate": "combat", "from": "ItalianStartLeft", "to": "ItalianStart", "unit": "armour", "count": 1}, {"delegate": "combat", "from": "ItalianBase", "to": "ItalianStart", "unit": "artillery", "count": 2}]
UnitType{name=armour}
UnitType{name=artillery}
Request sent: [MY_MOVE] noncombat
Received move: [{"delegate": "noncombat", "from": "ItalianStart", "to": "ItalianBase", "unit": "artillery"}]
UnitType{name=artillery}
Request sent: [MY_MOVE] purchase
Received move: [{"delegate": "purchase", "unit": "infantry", "from": "", "to": "ItalianBase"}, {"delegate": "purchase", "unit": "infantry", "from": "", "to": "ItalianBase"}, {"delegate": "purchase", "unit": "infantry", "from": "", "to": "ItalianBase"}, {"delegate": "purchase", "unit": "infantry", "from": "", "to": "ItalianBase"}, {"delegate": "purchase", "unit": "infantry", "from": "", "to": "ItalianBase"}, {"delegate": "purchase", "unit": "artillery", "from": "", "to": "ItalianBase"}]
Request sent: [MY_MOVE] combat
Received move: [{"delegate": "combat", "from": "ItalianBase", "to": "ItalianStartRight", "unit": "armour", "count": 2}]
UnitType{name=armour}
Request sent: [MY_MOVE] noncombat
Received move: [{"delegate": "noncombat", "from": "ItalianStartRight", "to": "ItalianStartLeft", "unit": "armour"}]
UnitType{name=armour}
Request sent: [MY_MOVE] purchase
Received move: [{"delegate": "purchase", "unit": "infantry", "from": "", "to": "ItalianBase"}, {"delegate": "purchase", "unit": "infantry", "from": "", "to": "ItalianBase"}, {"delegate": "purchase", "unit": "artillery", "from": "", "to": "ItalianBase"}, {"delegate": "purchase", "unit": "artillery", "from": "", "to": "ItalianBase"}, {"delegate": "purchase", "unit": "artillery", "from": "", "to": "ItalianBase"}, {"delegate": "purchase", "unit": "artillery", "from": "", "to": "ItalianBase"}]
Request sent: [MY_MOVE] combat
Received move: []
Request sent: [MY_MOVE] noncombat
Received move: [{"delegate": "noncombat", "from": "ItalianBase", "to": "ItalianStart", "unit": "armour"}]
UnitType{name=armour}
Request sent: [MY_MOVE] purchase
Received move: [{"delegate": "purchase", "unit": "artillery", "from": "", "to": "ItalianBase"}, {"delegate": "purchase", "unit": "artillery", "from": "", "to": "ItalianBase"}, {"delegate": "purchase", "unit": "artillery", "from": "", "to": "ItalianBase"}, {"delegate": "purchase", "unit": "armour", "from": "", "to": "ItalianBase"}]
Request sent: [MY_MOVE] combat
Received move: []
Request sent: [MY_MOVE] noncombat
Received move: [{"delegate": "noncombat", "from": "ItalianStart", "to": "ItalianStepTwo", "unit": "armour"}]
UnitType{name=armour}
Request sent: [MY_MOVE] purchase
Received move: [{"delegate": "purchase", "unit": "infantry", "from": "", "to": "ItalianBase"}, {"delegate": "purchase", "unit": "infantry", "from": "", "to": "ItalianBase"}, {"delegate": "purchase", "unit": "infantry", "from": "", "to": "ItalianBase"}, {"delegate": "purchase", "unit": "armour", "from": "", "to": "ItalianBase"}]
Request sent: [MY_MOVE] combat
Received move: [{"delegate": "combat", "from": "ItalianBase", "to": "ItalianStartLeft", "unit": "armour", "count": 1}, {"delegate": "combat", "from": "ItalianStart", "to": "ItalianStartLeft", "unit": "armour", "count": 1}, {"delegate": "combat", "from": "ItalianStart", "to": "ItalianStartLeft", "unit": "artillery", "count": 2}]
UnitType{name=armour}
UnitType{name=armour}
UnitType{name=artillery}
Request sent: [MY_MOVE] noncombat
Received move: [{"delegate": "noncombat", "from": "ItalianStartLeft", "to": "ItalianStepOne", "unit": "armour"}]
UnitType{name=armour}
Request sent: [MY_MOVE] purchase
Received move: [{"delegate": "purchase", "unit": "artillery", "from": "", "to": "ItalianBase"}, {"delegate": "purchase", "unit": "armour", "from": "", "to": "ItalianBase"}]
Request sent: [MY_MOVE] combat
Received move: [{"delegate": "combat", "from": "ItalianBase", "to": "ItalianStart", "unit": "armour", "count": 1}, {"delegate": "combat", "from": "ItalianBase", "to": "ItalianStart", "unit": "artillery", "count": 3}]
UnitType{name=armour}
UnitType{name=artillery}
Request sent: [MY_MOVE] noncombat
Received move: [{"delegate": "noncombat", "from": "ItalianStart", "to": "ItalianBase", "unit": "artillery"}]
UnitType{name=artillery}
Request sent: [MY_MOVE] purchase
Received move: [{"delegate": "purchase", "unit": "infantry", "from": "", "to": "ItalianBase"}, {"delegate": "purchase", "unit": "armour", "from": "", "to": "ItalianBase"}, {"delegate": "purchase", "unit": "armour", "from": "", "to": "ItalianBase"}, {"delegate": "purchase", "unit": "armour", "from": "", "to": "ItalianBase"}, {"delegate": "purchase", "unit": "armour", "from": "", "to": "ItalianBase"}]
Request sent: [MY_MOVE] combat
Received move: [{"delegate": "combat", "from": "ItalianBase", "to": "ItalianStartRight", "unit": "armour", "count": 1}, {"delegate": "combat", "from": "ItalianStart", "to": "ItalianStartRight", "unit": "armour", "count": 1}, {"delegate": "combat", "from": "ItalianStart", "to": "ItalianStartRight", "unit": "artillery", "count": 1}]
UnitType{name=armour}
UnitType{name=armour}
UnitType{name=artillery}
Request sent: [MY_MOVE] noncombat
Received move: [{"delegate": "noncombat", "from": "ItalianStart", "to": "ItalianStartRight", "unit": "artillery"}]
UnitType{name=artillery}
Request sent: [MY_MOVE] purchase
Received move: [{"delegate": "purchase", "unit": "infantry", "from": "", "to": "ItalianBase"}, {"delegate": "purchase", "unit": "artillery", "from": "", "to": "ItalianBase"}, {"delegate": "purchase", "unit": "artillery", "from": "", "to": "ItalianBase"}, {"delegate": "purchase", "unit": "artillery", "from": "", "to": "ItalianBase"}, {"delegate": "purchase", "unit": "artillery", "from": "", "to": "ItalianBase"}]
Request sent: [MY_MOVE] combat
Received move: [{"delegate": "combat", "from": "ItalianBase", "to": "ItalianStart", "unit": "armour", "count": 2}]
UnitType{name=armour}
Request sent: [MY_MOVE] noncombat
Received move: [{"delegate": "noncombat", "from": "ItalianBase", "to": "ItalianStart", "unit": "infantry"}]
UnitType{name=infantry}
Request sent: [MY_MOVE] purchase
Received move: [{"delegate": "purchase", "unit": "armour", "from": "", "to": "ItalianBase"}]
Request sent: [MY_MOVE] combat
Received move: [{"delegate": "combat", "from": "ItalianBase", "to": "ItalianStartLeft", "unit": "armour", "count": 2}, {"delegate": "combat", "from": "ItalianStart", "to": "ItalianStartLeft", "unit": "armour", "count": 2}, {"delegate": "combat", "from": "ItalianStart", "to": "ItalianStartLeft", "unit": "infantry", "count": 1}]
UnitType{name=armour}
UnitType{name=armour}
UnitType{name=infantry}
Request sent: [MY_MOVE] noncombat
Received move: [{"delegate": "noncombat", "from": "ItalianStart", "to": "ItalianBase", "unit": "armour"}]
UnitType{name=armour}
Request sent: [MY_MOVE] purchase
Received move: [{"delegate": "purchase", "unit": "infantry", "from": "", "to": "ItalianBase"}, {"delegate": "purchase", "unit": "armour", "from": "", "to": "ItalianBase"}, {"delegate": "purchase", "unit": "armour", "from": "", "to": "ItalianBase"}]
Request sent: [MY_MOVE] combat
Received move: [{"delegate": "combat", "from": "ItalianBase", "to": "ItalianStart", "unit": "armour", "count": 1}, {"delegate": "combat", "from": "ItalianBase", "to": "ItalianStart", "unit": "artillery", "count": 6}]
UnitType{name=armour}
UnitType{name=artillery}
Request sent: [MY_MOVE] noncombat
Received move: [{"delegate": "noncombat", "from": "ItalianStart", "to": "ItalianBase", "unit": "artillery"}]
UnitType{name=artillery}
Request sent: [MY_MOVE] purchase
Received move: [{"delegate": "purchase", "unit": "infantry", "from": "", "to": "ItalianBase"}, {"delegate": "purchase", "unit": "infantry", "from": "", "to": "ItalianBase"}]
Request sent: [MY_MOVE] combat
Received move: [{"delegate": "combat", "from": "ItalianBase", "to": "ItalianStartLeft", "unit": "armour", "count": 2}, {"delegate": "combat", "from": "ItalianStart", "to": "ItalianStartLeft", "unit": "armour", "count": 1}, {"delegate": "combat", "from": "ItalianStart", "to": "ItalianStartLeft", "unit": "artillery", "count": 5}]
UnitType{name=armour}
UnitType{name=armour}
UnitType{name=artillery}
Request sent: [MY_MOVE] noncombat
Received move: [{"delegate": "noncombat", "from": "ItalianBase", "to": "ItalianStart", "unit": "infantry"}]
UnitType{name=infantry}
Request sent: [MY_MOVE] purchase
Received move: [{"delegate": "purchase", "unit": "infantry", "from": "", "to": "ItalianBase"}, {"delegate": "purchase", "unit": "infantry", "from": "", "to": "ItalianBase"}, {"delegate": "purchase", "unit": "infantry", "from": "", "to": "ItalianBase"}, {"delegate": "purchase", "unit": "artillery", "from": "", "to": "ItalianBase"}]
Request sent: [MY_MOVE] combat
Received move: [{"delegate": "combat", "from": "ItalianBase", "to": "ItalianStart", "unit": "artillery", "count": 10}]
UnitType{name=artillery}
Request sent: [MY_MOVE] noncombat
Received move: [{"delegate": "noncombat", "from": "ItalianBase", "to": "ItalianStart", "unit": "infantry"}]
UnitType{name=infantry}
Request sent: [MY_MOVE] purchase
Received move: [{"delegate": "purchase", "unit": "infantry", "from": "", "to": "ItalianBase"}, {"delegate": "purchase", "unit": "infantry", "from": "", "to": "ItalianBase"}, {"delegate": "purchase", "unit": "artillery", "from": "", "to": "ItalianBase"}, {"delegate": "purchase", "unit": "artillery", "from": "", "to": "ItalianBase"}, {"delegate": "purchase", "unit": "armour", "from": "", "to": "ItalianBase"}]
Request sent: [MY_MOVE] combat
Received move: [{"delegate": "combat", "from": "ItalianStart", "to": "ItalianStartLeft", "unit": "artillery", "count": 9}, {"delegate": "combat", "from": "ItalianStart", "to": "ItalianStartLeft", "unit": "infantry", "count": 1}]
UnitType{name=artillery}
UnitType{name=infantry}
Request sent: [MY_MOVE] noncombat
Received move: [{"delegate": "noncombat", "from": "ItalianBase", "to": "ItalianStart", "unit": "artillery"}]
UnitType{name=artillery}
Request sent: [MY_MOVE] purchase
Received move: [{"delegate": "purchase", "unit": "artillery", "from": "", "to": "ItalianBase"}, {"delegate": "purchase", "unit": "artillery", "from": "", "to": "ItalianBase"}]
Request sent: [MY_MOVE] combat
Received move: [{"delegate": "combat", "from": "ItalianBase", "to": "ItalianStepOne", "unit": "armour", "count": 1}, {"delegate": "combat", "from": "ItalianStart", "to": "ItalianStepOne", "unit": "artillery", "count": 3}]
UnitType{name=armour}
UnitType{name=artillery}
Request sent: [MY_MOVE] noncombat
Received move: [{"delegate": "noncombat", "from": "ItalianStart", "to": "ItalianStepOne", "unit": "artillery"}]
UnitType{name=artillery}
Request sent: [MY_MOVE] purchase
Received move: [{"delegate": "purchase", "unit": "armour", "from": "", "to": "ItalianBase"}, {"delegate": "purchase", "unit": "armour", "from": "", "to": "ItalianBase"}, {"delegate": "purchase", "unit": "armour", "from": "", "to": "ItalianBase"}]
Request sent: [MY_MOVE] combat
Received move: [{"delegate": "combat", "from": "ItalianStepOne", "to": "ItalianStart", "unit": "armour", "count": 1}, {"delegate": "combat", "from": "ItalianBase", "to": "ItalianStart", "unit": "artillery", "count": 6}]
UnitType{name=armour}
UnitType{name=artillery}
Request sent: [MY_MOVE] noncombat
Received move: [{"delegate": "noncombat", "from": "ItalianStepOne", "to": "ItalianStart", "unit": "artillery"}]
UnitType{name=artillery}
Request sent: [MY_MOVE] purchase
Received move: [{"delegate": "purchase", "unit": "artillery", "from": "", "to": "ItalianBase"}, {"delegate": "purchase", "unit": "armour", "from": "", "to": "ItalianBase"}, {"delegate": "purchase", "unit": "armour", "from": "", "to": "ItalianBase"}]
Request sent: [MY_MOVE] combat
Received move: [{"delegate": "combat", "from": "ItalianBase", "to": "ItalianStartLeft", "unit": "armour", "count": 3}, {"delegate": "combat", "from": "ItalianStart", "to": "ItalianStartLeft", "unit": "armour", "count": 1}, {"delegate": "combat", "from": "ItalianStart", "to": "ItalianStartLeft", "unit": "artillery", "count": 5}]
UnitType{name=armour}
UnitType{name=armour}
UnitType{name=artillery}
Request sent: [MY_MOVE] noncombat
Received move: [{"delegate": "noncombat", "from": "ItalianStart", "to": "ItalianBase", "unit": "artillery"}]
UnitType{name=artillery}
Request sent: [MY_MOVE] purchase
Received move: [{"delegate": "purchase", "unit": "artillery", "from": "", "to": "ItalianBase"}]
Request sent: [MY_MOVE] combat
Received move: [{"delegate": "combat", "from": "ItalianBase", "to": "ItalianStart", "unit": "armour", "count": 2}, {"delegate": "combat", "from": "ItalianBase", "to": "ItalianStart", "unit": "artillery", "count": 6}]
UnitType{name=armour}
UnitType{name=artillery}
Request sent: [MY_MOVE] noncombat
Received move: [{"delegate": "noncombat", "from": "ItalianStart", "to": "ItalianBase", "unit": "artillery"}]
UnitType{name=artillery}
Request sent: [MY_MOVE] purchase
Received move: [{"delegate": "purchase", "unit": "infantry", "from": "", "to": "ItalianBase"}, {"delegate": "purchase", "unit": "artillery", "from": "", "to": "ItalianBase"}, {"delegate": "purchase", "unit": "artillery", "from": "", "to": "ItalianBase"}, {"delegate": "purchase", "unit": "armour", "from": "", "to": "ItalianBase"}]
Request sent: [MY_MOVE] combat
Received move: [{"delegate": "combat", "from": "ItalianStart", "to": "ItalianStartLeft", "unit": "armour", "count": 2}, {"delegate": "combat", "from": "ItalianStart", "to": "ItalianStartLeft", "unit": "artillery", "count": 4}]
UnitType{name=armour}
UnitType{name=artillery}
Request sent: [MY_MOVE] noncombat
Received move: [{"delegate": "noncombat", "from": "ItalianBase", "to": "ItalianStart", "unit": "artillery"}]
UnitType{name=artillery}
Request sent: [MY_MOVE] purchase
Received move: [{"delegate": "purchase", "unit": "infantry", "from": "", "to": "ItalianBase"}, {"delegate": "purchase", "unit": "armour", "from": "", "to": "ItalianBase"}, {"delegate": "purchase", "unit": "armour", "from": "", "to": "ItalianBase"}, {"delegate": "purchase", "unit": "armour", "from": "", "to": "ItalianBase"}]
Request sent: [MY_MOVE] combat
Received move: [{"delegate": "combat", "from": "ItalianBase", "to": "ItalianStartLeft", "unit": "armour", "count": 1}, {"delegate": "combat", "from": "ItalianStart", "to": "ItalianStartLeft", "unit": "armour", "count": 2}]
UnitType{name=armour}
UnitType{name=armour}
Request sent: [MY_MOVE] noncombat
Received move: [{"delegate": "noncombat", "from": "ItalianStart", "to": "ItalianBase", "unit": "artillery"}]
UnitType{name=artillery}
Request sent: [MY_MOVE] purchase
Received move: [{"delegate": "purchase", "unit": "artillery", "from": "", "to": "ItalianBase"}, {"delegate": "purchase", "unit": "artillery", "from": "", "to": "ItalianBase"}, {"delegate": "purchase", "unit": "armour", "from": "", "to": "ItalianBase"}, {"delegate": "purchase", "unit": "armour", "from": "", "to": "ItalianBase"}]
Request sent: [MY_MOVE] combat
Received move: [{"delegate": "combat", "from": "ItalianBase", "to": "ItalianStart", "unit": "armour", "count": 2}]
UnitType{name=armour}
Request sent: [MY_MOVE] noncombat
Received move: [{"delegate": "noncombat", "from": "ItalianStart", "to": "ItalianBase", "unit": "armour"}]
UnitType{name=armour}
Request sent: [MY_MOVE] purchase
Received move: [{"delegate": "purchase", "unit": "infantry", "from": "", "to": "ItalianBase"}]
Request sent: [MY_MOVE] combat
Received move: [{"delegate": "combat", "from": "ItalianBase", "to": "ItalianStepOne", "unit": "armour", "count": 3}]
UnitType{name=armour}
Request sent: [MY_MOVE] noncombat
Received move: [{"delegate": "noncombat", "from": "ItalianStart", "to": "ItalianStepOne", "unit": "armour"}]
UnitType{name=armour}
Request sent: [MY_MOVE] purchase
Received move: [{"delegate": "purchase", "unit": "infantry", "from": "", "to": "ItalianBase"}, {"delegate": "purchase", "unit": "infantry", "from": "", "to": "ItalianBase"}, {"delegate": "purchase", "unit": "infantry", "from": "", "to": "ItalianBase"}, {"delegate": "purchase", "unit": "artillery", "from": "", "to": "ItalianBase"}, {"delegate": "purchase", "unit": "artillery", "from": "", "to": "ItalianBase"}, {"delegate": "purchase", "unit": "armour", "from": "", "to": "ItalianBase"}]
Request sent: [MY_MOVE] combat
Received move: []
Request sent: [MY_MOVE] noncombat
Received move: []
Request sent: [MY_MOVE] purchase
Received move: [{"delegate": "purchase", "unit": "infantry", "from": "", "to": "ItalianBase"}, {"delegate": "purchase", "unit": "infantry", "from": "", "to": "ItalianBase"}, {"delegate": "purchase", "unit": "armour", "from": "", "to": "ItalianBase"}]
Request sent: [MY_MOVE] combat
Received move: [{"delegate": "combat", "from": "ItalianBase", "to": "ItalianStart", "unit": "armour", "count": 1}, {"delegate": "combat", "from": "ItalianBase", "to": "ItalianStart", "unit": "artillery", "count": 2}]
UnitType{name=armour}
UnitType{name=artillery}
Request sent: [MY_MOVE] noncombat
Received move: [{"delegate": "noncombat", "from": "ItalianBase", "to": "ItalianStart", "unit": "infantry"}]
UnitType{name=infantry}
Request sent: [MY_MOVE] purchase
Received move: [{"delegate": "purchase", "unit": "artillery", "from": "", "to": "ItalianBase"}, {"delegate": "purchase", "unit": "artillery", "from": "", "to": "ItalianBase"}, {"delegate": "purchase", "unit": "artillery", "from": "", "to": "ItalianBase"}]
Request sent: [MY_MOVE] combat
Received move: [{"delegate": "combat", "from": "ItalianBase", "to": "ItalianStartLeft", "unit": "armour", "count": 1}, {"delegate": "combat", "from": "ItalianStart", "to": "ItalianStartLeft", "unit": "armour", "count": 1}, {"delegate": "combat", "from": "ItalianStart", "to": "ItalianStartLeft", "unit": "artillery", "count": 2}, {"delegate": "combat", "from": "ItalianStart", "to": "ItalianStartLeft", "unit": "infantry", "count": 1}]
UnitType{name=armour}
UnitType{name=armour}
UnitType{name=artillery}
UnitType{name=infantry}
Request sent: [MY_MOVE] noncombat
Received move: [{"delegate": "noncombat", "from": "ItalianBase", "to": "ItalianStart", "unit": "infantry"}]
UnitType{name=infantry}
Request sent: [MY_MOVE] purchase
Received move: [{"delegate": "purchase", "unit": "armour", "from": "", "to": "ItalianBase"}]
Request sent: [MY_MOVE] combat
Received move: [{"delegate": "combat", "from": "ItalianBase", "to": "ItalianStart", "unit": "artillery", "count": 7}]
UnitType{name=artillery}
Request sent: [MY_MOVE] noncombat
Received move: [{"delegate": "noncombat", "from": "ItalianStart", "to": "ItalianBase", "unit": "artillery"}]
UnitType{name=artillery}
Request sent: [MY_MOVE] purchase
Received move: [{"delegate": "purchase", "unit": "artillery", "from": "", "to": "ItalianBase"}, {"delegate": "purchase", "unit": "artillery", "from": "", "to": "ItalianBase"}, {"delegate": "purchase", "unit": "armour", "from": "", "to": "ItalianBase"}]
Request sent: [MY_MOVE] combat
Received move: [{"delegate": "combat", "from": "ItalianBase", "to": "ItalianStartLeft", "unit": "armour", "count": 1}, {"delegate": "combat", "from": "ItalianStart", "to": "ItalianStartLeft", "unit": "artillery", "count": 7}]
UnitType{name=armour}
UnitType{name=artillery}
Request sent: [MY_MOVE] noncombat
Received move: [{"delegate": "noncombat", "from": "ItalianBase", "to": "ItalianStart", "unit": "infantry"}]
UnitType{name=infantry}
Request sent: [MY_MOVE] purchase
Received move: [{"delegate": "purchase", "unit": "infantry", "from": "", "to": "ItalianBase"}, {"delegate": "purchase", "unit": "infantry", "from": "", "to": "ItalianBase"}, {"delegate": "purchase", "unit": "artillery", "from": "", "to": "ItalianBase"}, {"delegate": "purchase", "unit": "armour", "from": "", "to": "ItalianBase"}, {"delegate": "purchase", "unit": "armour", "from": "", "to": "ItalianBase"}]
Request sent: [MY_MOVE] combat
Received move: [{"delegate": "combat", "from": "ItalianBase", "to": "ItalianStart", "unit": "armour", "count": 1}, {"delegate": "combat", "from": "ItalianBase", "to": "ItalianStart", "unit": "artillery", "count": 2}]
UnitType{name=armour}
UnitType{name=artillery}
Request sent: [MY_MOVE] noncombat
Received move: [{"delegate": "noncombat", "from": "ItalianStart", "to": "ItalianBase", "unit": "artillery"}]
UnitType{name=artillery}
Request sent: [MY_MOVE] purchase
Received move: [{"delegate": "purchase", "unit": "infantry", "from": "", "to": "ItalianBase"}]
Request sent: [MY_MOVE] combat
Received move: [{"delegate": "combat", "from": "ItalianBase", "to": "ItalianStartLeft", "unit": "armour", "count": 2}, {"delegate": "combat", "from": "ItalianStart", "to": "ItalianStartLeft", "unit": "armour", "count": 1}, {"delegate": "combat", "from": "ItalianStart", "to": "ItalianStartLeft", "unit": "artillery", "count": 2}]
UnitType{name=armour}
UnitType{name=armour}
UnitType{name=artillery}
Request sent: [MY_MOVE] noncombat
Received move: [{"delegate": "noncombat", "from": "ItalianBase", "to": "ItalianStart", "unit": "artillery"}]
UnitType{name=artillery}
Request sent: [MY_MOVE] purchase
Received move: [{"delegate": "purchase", "unit": "infantry", "from": "", "to": "ItalianBase"}, {"delegate": "purchase", "unit": "infantry", "from": "", "to": "ItalianBase"}, {"delegate": "purchase", "unit": "infantry", "from": "", "to": "ItalianBase"}, {"delegate": "purchase", "unit": "infantry", "from": "", "to": "ItalianBase"}, {"delegate": "purchase", "unit": "artillery", "from": "", "to": "ItalianBase"}, {"delegate": "purchase", "unit": "armour", "from": "", "to": "ItalianBase"}]
Request sent: [MY_MOVE] combat
Received move: [{"delegate": "combat", "from": "ItalianBase", "to": "ItalianStart", "unit": "artillery", "count": 5}]
UnitType{name=artillery}
Request sent: [MY_MOVE] noncombat
Received move: [{"delegate": "noncombat", "from": "ItalianStart", "to": "ItalianBase", "unit": "artillery"}]
UnitType{name=artillery}
Request sent: [MY_MOVE] purchase
Received move: [{"delegate": "purchase", "unit": "infantry", "from": "", "to": "ItalianBase"}, {"delegate": "purchase", "unit": "infantry", "from": "", "to": "ItalianBase"}, {"delegate": "purchase", "unit": "armour", "from": "", "to": "ItalianBase"}]
Request sent: [MY_MOVE] combat
Received move: [{"delegate": "combat", "from": "ItalianBase", "to": "ItalianStartLeft", "unit": "armour", "count": 1}, {"delegate": "combat", "from": "ItalianStart", "to": "ItalianStartLeft", "unit": "artillery", "count": 5}]
UnitType{name=armour}
UnitType{name=artillery}
Request sent: [MY_MOVE] noncombat
Received move: [{"delegate": "noncombat", "from": "ItalianBase", "to": "ItalianStart", "unit": "infantry"}]
UnitType{name=infantry}
Request sent: [MY_MOVE] purchase
Received move: [{"delegate": "purchase", "unit": "infantry", "from": "", "to": "ItalianBase"}]
Request sent: [MY_MOVE] combat
Received move: [{"delegate": "combat", "from": "ItalianBase", "to": "ItalianStart", "unit": "armour", "count": 1}, {"delegate": "combat", "from": "ItalianBase", "to": "ItalianStart", "unit": "artillery", "count": 4}, {"delegate": "combat", "from": "ItalianBase", "to": "ItalianStart", "unit": "infantry", "count": 2}]
UnitType{name=armour}
UnitType{name=artillery}
UnitType{name=infantry}
Request sent: [MY_MOVE] noncombat
Received move: [{"delegate": "noncombat", "from": "ItalianStart", "to": "ItalianBase", "unit": "armour"}]
UnitType{name=armour}
Request sent: [MY_MOVE] purchase
Received move: [{"delegate": "purchase", "unit": "infantry", "from": "", "to": "ItalianBase"}, {"delegate": "purchase", "unit": "artillery", "from": "", "to": "ItalianBase"}, {"delegate": "purchase", "unit": "artillery", "from": "", "to": "ItalianBase"}, {"delegate": "purchase", "unit": "artillery", "from": "", "to": "ItalianBase"}, {"delegate": "purchase", "unit": "artillery", "from": "", "to": "ItalianBase"}]
Request sent: [MY_MOVE] combat
Received move: [{"delegate": "combat", "from": "ItalianBase", "to": "ItalianStart", "unit": "infantry", "count": 18}]
UnitType{name=infantry}
Request sent: [MY_MOVE] noncombat
Received move: []
Request sent: [MY_MOVE] purchase
Received move: [{"delegate": "purchase", "unit": "infantry", "from": "", "to": "ItalianBase"}, {"delegate": "purchase", "unit": "artillery", "from": "", "to": "ItalianBase"}, {"delegate": "purchase", "unit": "armour", "from": "", "to": "ItalianBase"}]
Request sent: [MY_MOVE] combat
Received move: [{"delegate": "combat", "from": "ItalianBase", "to": "ItalianStart", "unit": "artillery", "count": 4}, {"delegate": "combat", "from": "ItalianBase", "to": "ItalianStart", "unit": "infantry", "count": 16}]
UnitType{name=artillery}
UnitType{name=infantry}
Request sent: [MY_MOVE] noncombat
Received move: []
> Task :game-app:domain-data:compileJava UP-TO-DATE
> Task :lib:java-extras:compileJava UP-TO-DATE
> Task :lib:websocket-client:compileJava UP-TO-DATE
> Task :lib:feign-common:compileJava UP-TO-DATE
> Task :lib:websocket-server:compileJava UP-TO-DATE
> Task :lib:websocket-server:processResources NO-SOURCE
> Task :lib:websocket-server:classes UP-TO-DATE
> Task :lib:websocket-server:jar UP-TO-DATE
> Task :game-app:game-relay-server:compileJava UP-TO-DATE
> Task :game-app:game-relay-server:processResources NO-SOURCE
> Task :game-app:game-relay-server:classes UP-TO-DATE
> Task :game-app:game-relay-server:jar UP-TO-DATE
> Task :lib:xml-reader:compileJava UP-TO-DATE
> Task :lib:xml-reader:processResources NO-SOURCE
> Task :lib:xml-reader:classes UP-TO-DATE
> Task :lib:xml-reader:jar UP-TO-DATE
> Task :game-app:map-data:compileJava UP-TO-DATE
> Task :game-app:map-data:processResources NO-SOURCE
> Task :game-app:map-data:classes UP-TO-DATE
> Task :game-app:map-data:jar UP-TO-DATE
> Task :http-clients:lobby-client:compileJava UP-TO-DATE
> Task :lib:swing-lib:compileJava UP-TO-DATE
> Task :lib:swing-lib:processResources NO-SOURCE
> Task :lib:swing-lib:classes UP-TO-DATE
> Task :lib:swing-lib:jar UP-TO-DATE
> Task :game-app:game-core:compileJava UP-TO-DATE
> Task :game-app:game-core:processResources UP-TO-DATE
> Task :game-app:game-core:classes UP-TO-DATE
> Task :game-app:game-core:jar UP-TO-DATE
> Task :game-app:ai:compileJava UP-TO-DATE
> Task :game-app:ai:processResources NO-SOURCE
> Task :game-app:ai:classes UP-TO-DATE
> Task :game-app:ai:jar UP-TO-DATE
> Task :game-app:domain-data:processResources NO-SOURCE
> Task :game-app:domain-data:classes UP-TO-DATE
> Task :game-app:domain-data:jar UP-TO-DATE
> Task :game-app:game-headed:compileJava UP-TO-DATE
> Task :game-app:game-headed:processResources UP-TO-DATE
> Task :game-app:game-headed:classes UP-TO-DATE

> Task :game-app:game-headed:downloadAssets
Download https://github.com/triplea-game/assets/releases/download/47/game_headed_assets.zip

> Task :http-clients:lobby-client:processResources NO-SOURCE
> Task :http-clients:lobby-client:classes UP-TO-DATE
> Task :http-clients:lobby-client:jar UP-TO-DATE
> Task :lib:feign-common:processResources NO-SOURCE
> Task :lib:feign-common:classes UP-TO-DATE
> Task :lib:feign-common:jar UP-TO-DATE
> Task :lib:java-extras:processResources NO-SOURCE
> Task :lib:java-extras:classes UP-TO-DATE
> Task :lib:java-extras:jar UP-TO-DATE
> Task :lib:websocket-client:processResources NO-SOURCE
> Task :lib:websocket-client:classes UP-TO-DATE
> Task :lib:websocket-client:jar UP-TO-DATE

> Task :game-app:game-headed:run
12:35:41,647 |-INFO in ch.qos.logback.classic.LoggerContext[default] - This is logback-classic version 1.5.18
12:35:41,648 |-INFO in ch.qos.logback.classic.util.ContextInitializer@1afd44cb - No custom configurators were discovered as a service.
12:35:41,648 |-INFO in ch.qos.logback.classic.util.ContextInitializer@1afd44cb - Trying to configure with ch.qos.logback.classic.joran.SerializedModelConfigurator
12:35:41,649 |-INFO in ch.qos.logback.classic.util.ContextInitializer@1afd44cb - Constructed configurator of type class ch.qos.logback.classic.joran.SerializedModelConfigurator
12:35:41,653 |-INFO in ch.qos.logback.classic.LoggerContext[default] - Could NOT find resource [logback-test.scmo]
12:35:41,653 |-INFO in ch.qos.logback.classic.LoggerContext[default] - Could NOT find resource [logback.scmo]
12:35:41,658 |-INFO in ch.qos.logback.classic.util.ContextInitializer@1afd44cb - ch.qos.logback.classic.joran.SerializedModelConfigurator.configure() call lasted 4 milliseconds. ExecutionStatus=INVOKE_NEXT_IF_ANY
12:35:41,658 |-INFO in ch.qos.logback.classic.util.ContextInitializer@1afd44cb - Trying to configure with ch.qos.logback.classic.util.DefaultJoranConfigurator
12:35:41,658 |-INFO in ch.qos.logback.classic.util.ContextInitializer@1afd44cb - Constructed configurator of type class ch.qos.logback.classic.util.DefaultJoranConfigurator
12:35:41,659 |-INFO in ch.qos.logback.classic.LoggerContext[default] - Could NOT find resource [logback-test.xml]
12:35:41,661 |-INFO in ch.qos.logback.classic.LoggerContext[default] - Found resource [logback.xml] at [file:/home/sanjana/tripleMind/triplea/game-app/game-headed/build/resources/main/logback.xml]
12:35:41,716 |-INFO in ch.qos.logback.core.model.processor.AppenderModelHandler - Processing appender named [swingMessage]
12:35:41,716 |-INFO in ch.qos.logback.core.model.processor.AppenderModelHandler - About to instantiate appender of type [org.triplea.debug.Slf4jLogMessageUploader]
12:35:41,717 |-INFO in ch.qos.logback.core.model.processor.AppenderModelHandler - Processing appender named [FILE]
12:35:41,717 |-INFO in ch.qos.logback.core.model.processor.AppenderModelHandler - About to instantiate appender of type [ch.qos.logback.core.rolling.RollingFileAppender]
12:35:41,720 |-INFO in ch.qos.logback.core.model.processor.ModelInterpretationContext@6973b51b - value "/home/sanjana/triplea/triplea.log" substituted for "${user.home}/triplea/triplea.log"
12:35:41,724 |-INFO in ch.qos.logback.core.model.processor.ImplicitModelHandler - Assuming default type [ch.qos.logback.classic.encoder.PatternLayoutEncoder] for [encoder] property
12:35:41,750 |-INFO in c.q.l.core.rolling.SizeAndTimeBasedRollingPolicy@447981768 - setting totalSizeCap to 10 MB
12:35:41,751 |-INFO in c.q.l.core.rolling.SizeAndTimeBasedRollingPolicy@447981768 - Archive files will be limited to [1 MB] each.
12:35:41,751 |-INFO in c.q.l.core.rolling.SizeAndTimeBasedRollingPolicy@447981768 - No compression will be used
12:35:41,753 |-INFO in c.q.l.core.rolling.SizeAndTimeBasedRollingPolicy@447981768 - Will use the pattern triplea-%d{yyyy-MM-dd}.%i.log for the active file
12:35:41,764 |-INFO in ch.qos.logback.core.rolling.SizeAndTimeBasedFileNamingAndTriggeringPolicy@43195e57 - The date pattern is 'yyyy-MM-dd' from file name pattern 'triplea-%d{yyyy-MM-dd}.%i.log'.
12:35:41,764 |-INFO in ch.qos.logback.core.rolling.SizeAndTimeBasedFileNamingAndTriggeringPolicy@43195e57 - Roll-over at midnight.
12:35:41,767 |-INFO in ch.qos.logback.core.rolling.SizeAndTimeBasedFileNamingAndTriggeringPolicy@43195e57 - Setting initial period to 2026-01-28T17:20:33.859Z
12:35:41,770 |-INFO in ch.qos.logback.core.rolling.RollingFileAppender[FILE] - Active log file name: /home/sanjana/triplea/triplea.log
12:35:41,771 |-INFO in ch.qos.logback.core.rolling.RollingFileAppender[FILE] - Setting currentFileLength to 1375 for /home/sanjana/triplea/triplea.log
12:35:41,771 |-INFO in ch.qos.logback.core.rolling.RollingFileAppender[FILE] - File property is set to [/home/sanjana/triplea/triplea.log]
12:35:41,772 |-INFO in ch.qos.logback.core.model.processor.AppenderModelHandler - Processing appender named [console]
12:35:41,772 |-INFO in ch.qos.logback.core.model.processor.AppenderModelHandler - About to instantiate appender of type [ch.qos.logback.core.ConsoleAppender]
12:35:41,773 |-WARN in ch.qos.logback.core.ConsoleAppender[console] - This appender no longer admits a layout as a sub-component, set an encoder instead.
12:35:41,773 |-WARN in ch.qos.logback.core.ConsoleAppender[console] - To ensure compatibility, wrapping your layout in LayoutWrappingEncoder.
12:35:41,773 |-WARN in ch.qos.logback.core.ConsoleAppender[console] - See also https://logback.qos.ch/codes.html#layoutInsteadOfEncoder for details
12:35:41,773 |-INFO in ch.qos.logback.core.ConsoleAppender[console] - BEWARE: Writing to the console can be very slow. Avoid logging to the 
12:35:41,773 |-INFO in ch.qos.logback.core.ConsoleAppender[console] - console in production environments, especially in high volume systems.
12:35:41,773 |-INFO in ch.qos.logback.core.ConsoleAppender[console] - See also https://logback.qos.ch/codes.html#slowConsole
12:35:41,773 |-INFO in ch.qos.logback.classic.model.processor.RootLoggerModelHandler - Setting level of ROOT logger to DEBUG
12:35:41,773 |-INFO in ch.qos.logback.core.model.processor.AppenderRefModelHandler - Attaching appender named [swingMessage] to Logger[ROOT]
12:35:41,773 |-INFO in ch.qos.logback.core.model.processor.AppenderRefModelHandler - Attaching appender named [console] to Logger[ROOT]
12:35:41,773 |-INFO in ch.qos.logback.core.model.processor.AppenderRefModelHandler - Attaching appender named [FILE] to Logger[ROOT]
12:35:41,774 |-INFO in ch.qos.logback.classic.model.processor.LoggerModelHandler - Setting level of logger [org.apache.http] to INFO
12:35:41,774 |-INFO in ch.qos.logback.core.model.processor.DefaultProcessor@333291e3 - End of configuration.
12:35:41,774 |-INFO in ch.qos.logback.classic.joran.JoranConfigurator@479d31f3 - Registering current configuration as safe fallback point
12:35:41,774 |-INFO in ch.qos.logback.classic.util.ContextInitializer@1afd44cb - ch.qos.logback.classic.util.DefaultJoranConfigurator.configure() call lasted 116 milliseconds. ExecutionStatus=DO_NOT_INVOKE_NEXT_IF_ANY

12:35:41.911 [main] INFO  o.t.game.client.HeadedGameRunner - Launching game, version: 2.7+00000 
12:35:42.024 [Thread-5] DEBUG g.s.e.data.gameparser.GameParser - Parsing game XML: /home/sanjana/triplea/downloadedMaps/capture_the_flag/map/games/capture_the_flag.xml
Request sent: [MY_MOVE] purchase
Received move: [{"delegate": "purchase", "unit": "infantry", "from": "", "to": "GermanBase"}, {"delegate": "purchase", "unit": "infantry", "from": "", "to": "GermanBase"}, {"delegate": "purchase", "unit": "infantry", "from": "", "to": "GermanBase"}, {"delegate": "purchase", "unit": "artillery", "from": "", "to": "GermanBase"}, {"delegate": "purchase", "unit": "artillery", "from": "", "to": "GermanBase"}]
Request sent: [MY_MOVE] combat
Received move: [{"delegate": "combat", "from": "GermanBase", "to": "GermanStepOne", "unit": "armour", "count": 1}]
UnitType{name=armour}
Request sent: [MY_MOVE] noncombat
Received move: [{"delegate": "noncombat", "from": "GermanStart", "to": "GermanStepOne", "unit": "infantry"}]
UnitType{name=infantry}
Request sent: [MY_MOVE] purchase
Received move: [{"delegate": "purchase", "unit": "infantry", "from": "", "to": "GermanBase"}, {"delegate": "purchase", "unit": "infantry", "from": "", "to": "GermanBase"}, {"delegate": "purchase", "unit": "infantry", "from": "", "to": "GermanBase"}, {"delegate": "purchase", "unit": "artillery", "from": "", "to": "GermanBase"}]
Request sent: [MY_MOVE] combat
Received move: [{"delegate": "combat", "from": "GermanStepOne", "to": "GermanStepTwo", "unit": "armour", "count": 1}]
UnitType{name=armour}
Request sent: [MY_MOVE] noncombat
Received move: [{"delegate": "noncombat", "from": "GermanStart", "to": "GermanBase", "unit": "infantry"}]
UnitType{name=infantry}
Request sent: [MY_MOVE] purchase
Received move: [{"delegate": "purchase", "unit": "artillery", "from": "", "to": "GermanBase"}, {"delegate": "purchase", "unit": "artillery", "from": "", "to": "GermanBase"}, {"delegate": "purchase", "unit": "artillery", "from": "", "to": "GermanBase"}, {"delegate": "purchase", "unit": "armour", "from": "", "to": "GermanBase"}]
Request sent: [MY_MOVE] combat
Received move: [{"delegate": "combat", "from": "GermanStepTwo", "to": "RussianStepTwo", "unit": "armour", "count": 1}]
UnitType{name=armour}
Request sent: [MY_MOVE] noncombat
Received move: [{"delegate": "noncombat", "from": "GermanBase", "to": "GermanStart", "unit": "artillery"}]
UnitType{name=artillery}
Request sent: [MY_MOVE] purchase
Received move: [{"delegate": "purchase", "unit": "infantry", "from": "", "to": "GermanBase"}, {"delegate": "purchase", "unit": "infantry", "from": "", "to": "GermanBase"}, {"delegate": "purchase", "unit": "infantry", "from": "", "to": "GermanBase"}, {"delegate": "purchase", "unit": "artillery", "from": "", "to": "GermanBase"}, {"delegate": "purchase", "unit": "artillery", "from": "", "to": "GermanBase"}]
Request sent: [MY_MOVE] combat
Received move: [{"delegate": "combat", "from": "GermanBase", "to": "GermanStart", "unit": "armour", "count": 1}, {"delegate": "combat", "from": "GermanStepTwo", "to": "GermanStart", "unit": "armour", "count": 1}, {"delegate": "combat", "from": "GermanBase", "to": "GermanStart", "unit": "artillery", "count": 2}]
UnitType{name=armour}
UnitType{name=armour}
UnitType{name=artillery}
Request sent: [MY_MOVE] noncombat
Received move: [{"delegate": "noncombat", "from": "GermanStepOne", "to": "GermanStepTwo", "unit": "infantry"}]
UnitType{name=infantry}
Request sent: [MY_MOVE] purchase
Received move: [{"delegate": "purchase", "unit": "artillery", "from": "", "to": "GermanBase"}, {"delegate": "purchase", "unit": "armour", "from": "", "to": "GermanBase"}]
Request sent: [MY_MOVE] combat
Received move: [{"delegate": "combat", "from": "GermanStart", "to": "BottomBar", "unit": "armour", "count": 2}]
UnitType{name=armour}
Request sent: [MY_MOVE] noncombat
Received move: [{"delegate": "noncombat", "from": "GermanBase", "to": "GermanStart", "unit": "infantry"}]
UnitType{name=infantry}
Request sent: [MY_MOVE] purchase
Received move: [{"delegate": "purchase", "unit": "infantry", "from": "", "to": "GermanBase"}, {"delegate": "purchase", "unit": "infantry", "from": "", "to": "GermanBase"}, {"delegate": "purchase", "unit": "artillery", "from": "", "to": "GermanBase"}, {"delegate": "purchase", "unit": "armour", "from": "", "to": "GermanBase"}]
Request sent: [MY_MOVE] combat
Received move: [{"delegate": "combat", "from": "GermanStart", "to": "GermanStartLeft", "unit": "armour", "count": 1}]
UnitType{name=armour}
Request sent: [MY_MOVE] noncombat
Received move: [{"delegate": "noncombat", "from": "GermanBase", "to": "GermanStepOne", "unit": "armour"}]
UnitType{name=armour}
Request sent: [MY_MOVE] purchase
Received move: [{"delegate": "purchase", "unit": "infantry", "from": "", "to": "GermanBase"}, {"delegate": "purchase", "unit": "infantry", "from": "", "to": "GermanBase"}, {"delegate": "purchase", "unit": "infantry", "from": "", "to": "GermanBase"}, {"delegate": "purchase", "unit": "armour", "from": "", "to": "GermanBase"}, {"delegate": "purchase", "unit": "armour", "from": "", "to": "GermanBase"}]
Request sent: [MY_MOVE] combat
Received move: [{"delegate": "combat", "from": "GermanBase", "to": "GermanStartLeft", "unit": "armour", "count": 1}, {"delegate": "combat", "from": "GermanStart", "to": "GermanStartLeft", "unit": "armour", "count": 1}, {"delegate": "combat", "from": "GermanStepOne", "to": "GermanStartLeft", "unit": "armour", "count": 1}, {"delegate": "combat", "from": "GermanStart", "to": "GermanStartLeft", "unit": "artillery", "count": 2}, {"delegate": "combat", "from": "GermanStart", "to": "GermanStartLeft", "unit": "infantry", "count": 1}]
UnitType{name=armour}
UnitType{name=armour}
UnitType{name=armour}
UnitType{name=artillery}
UnitType{name=infantry}
Request sent: [MY_MOVE] noncombat
Received move: [{"delegate": "noncombat", "from": "GermanBase", "to": "GermanStart", "unit": "infantry"}]
UnitType{name=infantry}
Request sent: [MY_MOVE] purchase
Received move: [{"delegate": "purchase", "unit": "artillery", "from": "", "to": "GermanBase"}, {"delegate": "purchase", "unit": "armour", "from": "", "to": "GermanBase"}, {"delegate": "purchase", "unit": "armour", "from": "", "to": "GermanBase"}, {"delegate": "purchase", "unit": "armour", "from": "", "to": "GermanBase"}]
Request sent: [MY_MOVE] combat
Received move: [{"delegate": "combat", "from": "GermanStartLeft", "to": "GermanStartRight", "unit": "armour", "count": 1}]
UnitType{name=armour}
Request sent: [MY_MOVE] noncombat
Received move: [{"delegate": "noncombat", "from": "GermanBase", "to": "GermanStart", "unit": "artillery"}]
UnitType{name=artillery}
Request sent: [MY_MOVE] purchase
Received move: [{"delegate": "purchase", "unit": "infantry", "from": "", "to": "GermanBase"}, {"delegate": "purchase", "unit": "infantry", "from": "", "to": "GermanBase"}, {"delegate": "purchase", "unit": "artillery", "from": "", "to": "GermanBase"}, {"delegate": "purchase", "unit": "artillery", "from": "", "to": "GermanBase"}, {"delegate": "purchase", "unit": "artillery", "from": "", "to": "GermanBase"}]
Request sent: [MY_MOVE] combat
Received move: [{"delegate": "combat", "from": "GermanStartLeft", "to": "BottomBar", "unit": "armour", "count": 2}, {"delegate": "combat", "from": "GermanStartLeft", "to": "BottomBar", "unit": "artillery", "count": 2}, {"delegate": "combat", "from": "GermanStartLeft", "to": "BottomBar", "unit": "infantry", "count": 1}]
UnitType{name=armour}
UnitType{name=artillery}
UnitType{name=infantry}
Request sent: [MY_MOVE] noncombat
Received move: [{"delegate": "noncombat", "from": "GermanBase", "to": "GermanStartLeft", "unit": "armour"}]
UnitType{name=armour}
Request sent: [MY_MOVE] purchase
Received move: [{"delegate": "purchase", "unit": "infantry", "from": "", "to": "GermanBase"}, {"delegate": "purchase", "unit": "infantry", "from": "", "to": "GermanBase"}, {"delegate": "purchase", "unit": "artillery", "from": "", "to": "GermanBase"}, {"delegate": "purchase", "unit": "artillery", "from": "", "to": "GermanBase"}, {"delegate": "purchase", "unit": "artillery", "from": "", "to": "GermanBase"}, {"delegate": "purchase", "unit": "artillery", "from": "", "to": "GermanBase"}]
Request sent: [MY_MOVE] combat
Received move: [{"delegate": "combat", "from": "GermanBase", "to": "GermanStart", "unit": "armour", "count": 3}]
UnitType{name=armour}
Request sent: [MY_MOVE] noncombat
Received move: [{"delegate": "noncombat", "from": "GermanStart", "to": "GermanStepOne", "unit": "armour"}]
UnitType{name=armour}
Request sent: [MY_MOVE] purchase
Received move: [{"delegate": "purchase", "unit": "infantry", "from": "", "to": "GermanBase"}, {"delegate": "purchase", "unit": "artillery", "from": "", "to": "GermanBase"}, {"delegate": "purchase", "unit": "armour", "from": "", "to": "GermanBase"}, {"delegate": "purchase", "unit": "armour", "from": "", "to": "GermanBase"}]
Request sent: [MY_MOVE] combat
Received move: [{"delegate": "combat", "from": "GermanBase", "to": "GermanStart", "unit": "armour", "count": 1}, {"delegate": "combat", "from": "GermanBase", "to": "GermanStart", "unit": "artillery", "count": 11}]
UnitType{name=armour}
UnitType{name=artillery}
Request sent: [MY_MOVE] noncombat
Received move: [{"delegate": "noncombat", "from": "GermanStart", "to": "GermanStepOne", "unit": "armour"}]
UnitType{name=armour}
Request sent: [MY_MOVE] purchase
Received move: [{"delegate": "purchase", "unit": "infantry", "from": "", "to": "GermanBase"}, {"delegate": "purchase", "unit": "infantry", "from": "", "to": "GermanBase"}, {"delegate": "purchase", "unit": "artillery", "from": "", "to": "GermanBase"}, {"delegate": "purchase", "unit": "artillery", "from": "", "to": "GermanBase"}, {"delegate": "purchase", "unit": "armour", "from": "", "to": "GermanBase"}]
Request sent: [MY_MOVE] combat
Received move: [{"delegate": "combat", "from": "GermanBase", "to": "GermanStartLeft", "unit": "armour", "count": 2}, {"delegate": "combat", "from": "GermanStart", "to": "GermanStartLeft", "unit": "armour", "count": 1}, {"delegate": "combat", "from": "GermanStart", "to": "GermanStartLeft", "unit": "artillery", "count": 10}]
UnitType{name=armour}
UnitType{name=armour}
UnitType{name=artillery}
Request sent: [MY_MOVE] noncombat
Received move: [{"delegate": "noncombat", "from": "GermanStartLeft", "to": "GermanBase", "unit": "armour"}]
UnitType{name=armour}
Request sent: [MY_MOVE] purchase
Received move: [{"delegate": "purchase", "unit": "infantry", "from": "", "to": "GermanBase"}, {"delegate": "purchase", "unit": "infantry", "from": "", "to": "GermanBase"}, {"delegate": "purchase", "unit": "artillery", "from": "", "to": "GermanBase"}, {"delegate": "purchase", "unit": "armour", "from": "", "to": "GermanBase"}]
Request sent: [MY_MOVE] combat
Received move: [{"delegate": "combat", "from": "GermanBase", "to": "GermanStart", "unit": "armour", "count": 1}, {"delegate": "combat", "from": "GermanStartLeft", "to": "GermanStart", "unit": "armour", "count": 1}]
UnitType{name=armour}
UnitType{name=armour}
Request sent: [MY_MOVE] noncombat
Received move: [{"delegate": "noncombat", "from": "GermanStart", "to": "GermanStartLeft", "unit": "armour"}]
UnitType{name=armour}
Request sent: [MY_MOVE] purchase
Received move: [{"delegate": "purchase", "unit": "artillery", "from": "", "to": "GermanBase"}, {"delegate": "purchase", "unit": "artillery", "from": "", "to": "GermanBase"}, {"delegate": "purchase", "unit": "artillery", "from": "", "to": "GermanBase"}, {"delegate": "purchase", "unit": "armour", "from": "", "to": "GermanBase"}]
Request sent: [MY_MOVE] combat
Received move: [{"delegate": "combat", "from": "GermanBase", "to": "GermanStart", "unit": "armour", "count": 1}, {"delegate": "combat", "from": "GermanStartLeft", "to": "GermanStart", "unit": "armour", "count": 2}, {"delegate": "combat", "from": "GermanBase", "to": "GermanStart", "unit": "artillery", "count": 5}]
UnitType{name=armour}
UnitType{name=armour}
UnitType{name=artillery}
Request sent: [MY_MOVE] noncombat
Received move: [{"delegate": "noncombat", "from": "GermanStart", "to": "GermanBase", "unit": "artillery"}]
UnitType{name=artillery}
Request sent: [MY_MOVE] purchase
Received move: [{"delegate": "purchase", "unit": "armour", "from": "", "to": "GermanBase"}]
Request sent: [MY_MOVE] combat
Received move: []
Request sent: [MY_MOVE] noncombat
Received move: []
Request sent: [MY_MOVE] purchase
Received move: [{"delegate": "purchase", "unit": "armour", "from": "", "to": "GermanBase"}, {"delegate": "purchase", "unit": "armour", "from": "", "to": "GermanBase"}, {"delegate": "purchase", "unit": "armour", "from": "", "to": "GermanBase"}, {"delegate": "purchase", "unit": "armour", "from": "", "to": "GermanBase"}]
Request sent: [MY_MOVE] combat
Received move: [{"delegate": "combat", "from": "GermanBase", "to": "GermanStart", "unit": "armour", "count": 2}, {"delegate": "combat", "from": "GermanBase", "to": "GermanStart", "unit": "artillery", "count": 1}]
UnitType{name=armour}
UnitType{name=artillery}
Request sent: [MY_MOVE] noncombat
Received move: [{"delegate": "noncombat", "from": "GermanBase", "to": "GermanStart", "unit": "infantry"}]
UnitType{name=infantry}
Request sent: [MY_MOVE] purchase
Received move: [{"delegate": "purchase", "unit": "infantry", "from": "", "to": "GermanBase"}, {"delegate": "purchase", "unit": "artillery", "from": "", "to": "GermanBase"}]
Request sent: [MY_MOVE] combat
Received move: [{"delegate": "combat", "from": "GermanBase", "to": "GermanStepOne", "unit": "armour", "count": 1}]
UnitType{name=armour}
Request sent: [MY_MOVE] noncombat
Received move: [{"delegate": "noncombat", "from": "GermanStart", "to": "GermanBase", "unit": "artillery"}]
UnitType{name=artillery}
Request sent: [MY_MOVE] purchase
Received move: [{"delegate": "purchase", "unit": "artillery", "from": "", "to": "GermanBase"}, {"delegate": "purchase", "unit": "armour", "from": "", "to": "GermanBase"}]
Request sent: [MY_MOVE] combat
Received move: [{"delegate": "combat", "from": "GermanBase", "to": "GermanStartRight", "unit": "armour", "count": 3}, {"delegate": "combat", "from": "GermanStart", "to": "GermanStartRight", "unit": "armour", "count": 2}, {"delegate": "combat", "from": "GermanStepOne", "to": "GermanStartRight", "unit": "armour", "count": 1}, {"delegate": "combat", "from": "GermanStart", "to": "GermanStartRight", "unit": "infantry", "count": 1}]
UnitType{name=armour}
UnitType{name=armour}
UnitType{name=armour}
UnitType{name=infantry}
Request sent: [MY_MOVE] noncombat
Received move: [{"delegate": "noncombat", "from": "GermanBase", "to": "GermanStart", "unit": "artillery"}]
UnitType{name=artillery}
Request sent: [MY_MOVE] purchase
Received move: [{"delegate": "purchase", "unit": "infantry", "from": "", "to": "GermanBase"}, {"delegate": "purchase", "unit": "infantry", "from": "", "to": "GermanBase"}]
Request sent: [MY_MOVE] combat
Received move: [{"delegate": "combat", "from": "GermanBase", "to": "GermanStepOne", "unit": "armour", "count": 1}, {"delegate": "combat", "from": "GermanStart", "to": "GermanStepOne", "unit": "armour", "count": 1}]
UnitType{name=armour}
UnitType{name=armour}
Request sent: [MY_MOVE] noncombat
Received move: [{"delegate": "noncombat", "from": "GermanBase", "to": "GermanStart", "unit": "artillery"}]
UnitType{name=artillery}
Request sent: [MY_MOVE] purchase
Received move: [{"delegate": "purchase", "unit": "infantry", "from": "", "to": "GermanBase"}, {"delegate": "purchase", "unit": "armour", "from": "", "to": "GermanBase"}, {"delegate": "purchase", "unit": "armour", "from": "", "to": "GermanBase"}, {"delegate": "purchase", "unit": "armour", "from": "", "to": "GermanBase"}]
Request sent: [MY_MOVE] combat
Received move: [{"delegate": "combat", "from": "GermanStart", "to": "GermanStepTwo", "unit": "armour", "count": 3}, {"delegate": "combat", "from": "GermanStepOne", "to": "GermanStepTwo", "unit": "armour", "count": 2}]
UnitType{name=armour}
UnitType{name=armour}
Request sent: [MY_MOVE] noncombat
Received move: [{"delegate": "noncombat", "from": "GermanBase", "to": "GermanStart", "unit": "artillery"}]
UnitType{name=artillery}
Request sent: [MY_MOVE] purchase
Received move: [{"delegate": "purchase", "unit": "infantry", "from": "", "to": "GermanBase"}, {"delegate": "purchase", "unit": "infantry", "from": "", "to": "GermanBase"}, {"delegate": "purchase", "unit": "infantry", "from": "", "to": "GermanBase"}, {"delegate": "purchase", "unit": "armour", "from": "", "to": "GermanBase"}, {"delegate": "purchase", "unit": "armour", "from": "", "to": "GermanBase"}, {"delegate": "purchase", "unit": "armour", "from": "", "to": "GermanBase"}]
Request sent: [MY_MOVE] combat
Received move: [{"delegate": "combat", "from": "GermanBase", "to": "GermanStartLeft", "unit": "armour", "count": 3}]
UnitType{name=armour}
Request sent: [MY_MOVE] noncombat
Received move: [{"delegate": "noncombat", "from": "GermanStart", "to": "GermanStepOne", "unit": "artillery"}]
UnitType{name=artillery}
Request sent: [MY_MOVE] purchase
Received move: [{"delegate": "purchase", "unit": "infantry", "from": "", "to": "GermanBase"}, {"delegate": "purchase", "unit": "artillery", "from": "", "to": "GermanBase"}]
Request sent: [MY_MOVE] combat
Received move: []
Request sent: [MY_MOVE] noncombat
Received move: []
Request sent: [MY_MOVE] purchase
Received move: [{"delegate": "purchase", "unit": "infantry", "from": "", "to": "GermanBase"}, {"delegate": "purchase", "unit": "infantry", "from": "", "to": "GermanBase"}, {"delegate": "purchase", "unit": "infantry", "from": "", "to": "GermanBase"}, {"delegate": "purchase", "unit": "infantry", "from": "", "to": "GermanBase"}, {"delegate": "purchase", "unit": "infantry", "from": "", "to": "GermanBase"}, {"delegate": "purchase", "unit": "infantry", "from": "", "to": "GermanBase"}, {"delegate": "purchase", "unit": "infantry", "from": "", "to": "GermanBase"}, {"delegate": "purchase", "unit": "artillery", "from": "", "to": "GermanBase"}]
Request sent: [MY_MOVE] combat
Received move: [{"delegate": "combat", "from": "GermanBase", "to": "GermanStart", "unit": "armour", "count": 3}]
UnitType{name=armour}
Request sent: [MY_MOVE] noncombat
Received move: [{"delegate": "noncombat", "from": "GermanStart", "to": "GermanBase", "unit": "armour"}]
UnitType{name=armour}
Request sent: [MY_MOVE] purchase
Received move: [{"delegate": "purchase", "unit": "infantry", "from": "", "to": "GermanBase"}, {"delegate": "purchase", "unit": "armour", "from": "", "to": "GermanBase"}]
Request sent: [MY_MOVE] combat
Received move: []
Request sent: [MY_MOVE] noncombat
Received move: []
> Task :game-app:domain-data:compileJava UP-TO-DATE
> Task :lib:java-extras:compileJava UP-TO-DATE
> Task :lib:websocket-client:compileJava UP-TO-DATE
> Task :lib:feign-common:compileJava UP-TO-DATE
> Task :lib:websocket-server:compileJava UP-TO-DATE
> Task :lib:websocket-server:processResources NO-SOURCE
> Task :lib:websocket-server:classes UP-TO-DATE
> Task :lib:websocket-server:jar UP-TO-DATE
> Task :game-app:game-relay-server:compileJava UP-TO-DATE
> Task :game-app:game-relay-server:processResources NO-SOURCE
> Task :game-app:game-relay-server:classes UP-TO-DATE
> Task :game-app:game-relay-server:jar UP-TO-DATE
> Task :lib:xml-reader:compileJava UP-TO-DATE
> Task :lib:xml-reader:processResources NO-SOURCE
> Task :lib:xml-reader:classes UP-TO-DATE
> Task :lib:xml-reader:jar UP-TO-DATE
> Task :game-app:map-data:compileJava UP-TO-DATE
> Task :game-app:map-data:processResources NO-SOURCE
> Task :game-app:map-data:classes UP-TO-DATE
> Task :game-app:map-data:jar UP-TO-DATE
> Task :http-clients:lobby-client:compileJava UP-TO-DATE
> Task :lib:swing-lib:compileJava UP-TO-DATE
> Task :lib:swing-lib:processResources NO-SOURCE
> Task :lib:swing-lib:classes UP-TO-DATE
> Task :lib:swing-lib:jar UP-TO-DATE
> Task :game-app:game-core:compileJava UP-TO-DATE
> Task :game-app:game-core:processResources UP-TO-DATE
> Task :game-app:game-core:classes UP-TO-DATE
> Task :game-app:game-core:jar UP-TO-DATE
> Task :game-app:ai:compileJava UP-TO-DATE
> Task :game-app:ai:processResources NO-SOURCE
> Task :game-app:ai:classes UP-TO-DATE
> Task :game-app:ai:jar UP-TO-DATE
> Task :game-app:domain-data:processResources NO-SOURCE
> Task :game-app:domain-data:classes UP-TO-DATE
> Task :game-app:domain-data:jar UP-TO-DATE
> Task :game-app:game-headed:compileJava UP-TO-DATE
> Task :game-app:game-headed:processResources UP-TO-DATE
> Task :game-app:game-headed:classes UP-TO-DATE

> Task :game-app:game-headed:downloadAssets
Download https://github.com/triplea-game/assets/releases/download/47/game_headed_assets.zip

> Task :http-clients:lobby-client:processResources NO-SOURCE
> Task :http-clients:lobby-client:classes UP-TO-DATE
> Task :http-clients:lobby-client:jar UP-TO-DATE
> Task :lib:feign-common:processResources NO-SOURCE
> Task :lib:feign-common:classes UP-TO-DATE
> Task :lib:feign-common:jar UP-TO-DATE
> Task :lib:java-extras:processResources NO-SOURCE
> Task :lib:java-extras:classes UP-TO-DATE
> Task :lib:java-extras:jar UP-TO-DATE
> Task :lib:websocket-client:processResources NO-SOURCE
> Task :lib:websocket-client:classes UP-TO-DATE
> Task :lib:websocket-client:jar UP-TO-DATE

> Task :game-app:game-headed:run
12:44:05,077 |-INFO in ch.qos.logback.classic.LoggerContext[default] - This is logback-classic version 1.5.18
12:44:05,077 |-INFO in ch.qos.logback.classic.util.ContextInitializer@1afd44cb - No custom configurators were discovered as a service.
12:44:05,077 |-INFO in ch.qos.logback.classic.util.ContextInitializer@1afd44cb - Trying to configure with ch.qos.logback.classic.joran.SerializedModelConfigurator
12:44:05,078 |-INFO in ch.qos.logback.classic.util.ContextInitializer@1afd44cb - Constructed configurator of type class ch.qos.logback.classic.joran.SerializedModelConfigurator
12:44:05,082 |-INFO in ch.qos.logback.classic.LoggerContext[default] - Could NOT find resource [logback-test.scmo]
12:44:05,082 |-INFO in ch.qos.logback.classic.LoggerContext[default] - Could NOT find resource [logback.scmo]
12:44:05,087 |-INFO in ch.qos.logback.classic.util.ContextInitializer@1afd44cb - ch.qos.logback.classic.joran.SerializedModelConfigurator.configure() call lasted 4 milliseconds. ExecutionStatus=INVOKE_NEXT_IF_ANY
12:44:05,087 |-INFO in ch.qos.logback.classic.util.ContextInitializer@1afd44cb - Trying to configure with ch.qos.logback.classic.util.DefaultJoranConfigurator
12:44:05,088 |-INFO in ch.qos.logback.classic.util.ContextInitializer@1afd44cb - Constructed configurator of type class ch.qos.logback.classic.util.DefaultJoranConfigurator
12:44:05,088 |-INFO in ch.qos.logback.classic.LoggerContext[default] - Could NOT find resource [logback-test.xml]
12:44:05,090 |-INFO in ch.qos.logback.classic.LoggerContext[default] - Found resource [logback.xml] at [file:/home/sanjana/tripleMind/triplea/game-app/game-headed/build/resources/main/logback.xml]
12:44:05,145 |-INFO in ch.qos.logback.core.model.processor.AppenderModelHandler - Processing appender named [swingMessage]
12:44:05,145 |-INFO in ch.qos.logback.core.model.processor.AppenderModelHandler - About to instantiate appender of type [org.triplea.debug.Slf4jLogMessageUploader]
12:44:05,146 |-INFO in ch.qos.logback.core.model.processor.AppenderModelHandler - Processing appender named [FILE]
12:44:05,146 |-INFO in ch.qos.logback.core.model.processor.AppenderModelHandler - About to instantiate appender of type [ch.qos.logback.core.rolling.RollingFileAppender]
12:44:05,150 |-INFO in ch.qos.logback.core.model.processor.ModelInterpretationContext@6973b51b - value "/home/sanjana/triplea/triplea.log" substituted for "${user.home}/triplea/triplea.log"
12:44:05,153 |-INFO in ch.qos.logback.core.model.processor.ImplicitModelHandler - Assuming default type [ch.qos.logback.classic.encoder.PatternLayoutEncoder] for [encoder] property
12:44:05,179 |-INFO in c.q.l.core.rolling.SizeAndTimeBasedRollingPolicy@447981768 - setting totalSizeCap to 10 MB
12:44:05,180 |-INFO in c.q.l.core.rolling.SizeAndTimeBasedRollingPolicy@447981768 - Archive files will be limited to [1 MB] each.
12:44:05,181 |-INFO in c.q.l.core.rolling.SizeAndTimeBasedRollingPolicy@447981768 - No compression will be used
12:44:05,182 |-INFO in c.q.l.core.rolling.SizeAndTimeBasedRollingPolicy@447981768 - Will use the pattern triplea-%d{yyyy-MM-dd}.%i.log for the active file
12:44:05,193 |-INFO in ch.qos.logback.core.rolling.SizeAndTimeBasedFileNamingAndTriggeringPolicy@43195e57 - The date pattern is 'yyyy-MM-dd' from file name pattern 'triplea-%d{yyyy-MM-dd}.%i.log'.
12:44:05,193 |-INFO in ch.qos.logback.core.rolling.SizeAndTimeBasedFileNamingAndTriggeringPolicy@43195e57 - Roll-over at midnight.
12:44:05,196 |-INFO in ch.qos.logback.core.rolling.SizeAndTimeBasedFileNamingAndTriggeringPolicy@43195e57 - Setting initial period to 2026-01-28T17:35:42.022Z
12:44:05,199 |-INFO in ch.qos.logback.core.rolling.RollingFileAppender[FILE] - Active log file name: /home/sanjana/triplea/triplea.log
12:44:05,200 |-INFO in ch.qos.logback.core.rolling.RollingFileAppender[FILE] - Setting currentFileLength to 1650 for /home/sanjana/triplea/triplea.log
12:44:05,200 |-INFO in ch.qos.logback.core.rolling.RollingFileAppender[FILE] - File property is set to [/home/sanjana/triplea/triplea.log]
12:44:05,201 |-INFO in ch.qos.logback.core.model.processor.AppenderModelHandler - Processing appender named [console]
12:44:05,201 |-INFO in ch.qos.logback.core.model.processor.AppenderModelHandler - About to instantiate appender of type [ch.qos.logback.core.ConsoleAppender]
12:44:05,202 |-WARN in ch.qos.logback.core.ConsoleAppender[console] - This appender no longer admits a layout as a sub-component, set an encoder instead.
12:44:05,202 |-WARN in ch.qos.logback.core.ConsoleAppender[console] - To ensure compatibility, wrapping your layout in LayoutWrappingEncoder.
12:44:05,202 |-WARN in ch.qos.logback.core.ConsoleAppender[console] - See also https://logback.qos.ch/codes.html#layoutInsteadOfEncoder for details
12:44:05,202 |-INFO in ch.qos.logback.core.ConsoleAppender[console] - BEWARE: Writing to the console can be very slow. Avoid logging to the 
12:44:05,202 |-INFO in ch.qos.logback.core.ConsoleAppender[console] - console in production environments, especially in high volume systems.
12:44:05,202 |-INFO in ch.qos.logback.core.ConsoleAppender[console] - See also https://logback.qos.ch/codes.html#slowConsole
12:44:05,202 |-INFO in ch.qos.logback.classic.model.processor.RootLoggerModelHandler - Setting level of ROOT logger to DEBUG
12:44:05,202 |-INFO in ch.qos.logback.core.model.processor.AppenderRefModelHandler - Attaching appender named [swingMessage] to Logger[ROOT]
12:44:05,202 |-INFO in ch.qos.logback.core.model.processor.AppenderRefModelHandler - Attaching appender named [console] to Logger[ROOT]
12:44:05,202 |-INFO in ch.qos.logback.core.model.processor.AppenderRefModelHandler - Attaching appender named [FILE] to Logger[ROOT]
12:44:05,203 |-INFO in ch.qos.logback.classic.model.processor.LoggerModelHandler - Setting level of logger [org.apache.http] to INFO
12:44:05,203 |-INFO in ch.qos.logback.core.model.processor.DefaultProcessor@333291e3 - End of configuration.
12:44:05,203 |-INFO in ch.qos.logback.classic.joran.JoranConfigurator@479d31f3 - Registering current configuration as safe fallback point
12:44:05,203 |-INFO in ch.qos.logback.classic.util.ContextInitializer@1afd44cb - ch.qos.logback.classic.util.DefaultJoranConfigurator.configure() call lasted 115 milliseconds. ExecutionStatus=DO_NOT_INVOKE_NEXT_IF_ANY

12:44:05.334 [main] INFO  o.t.game.client.HeadedGameRunner - Launching game, version: 2.7+00000 
12:44:05.450 [Thread-5] DEBUG g.s.e.data.gameparser.GameParser - Parsing game XML: /home/sanjana/triplea/downloadedMaps/capture_the_flag/map/games/capture_the_flag.xml
Request sent: [MY_MOVE] purchase
Received move: [{"delegate": "purchase", "unit": "infantry", "from": "", "to": "GermanBase"}, {"delegate": "purchase", "unit": "artillery", "from": "", "to": "GermanBase"}, {"delegate": "purchase", "unit": "armour", "from": "", "to": "GermanBase"}, {"delegate": "purchase", "unit": "armour", "from": "", "to": "GermanBase"}]
Request sent: [MY_MOVE] combat
Received move: [{"delegate": "combat", "from": "GermanBase", "to": "GermanStartLeft", "unit": "armour", "count": 1}]
UnitType{name=armour}
Request sent: [MY_MOVE] noncombat
Received move: [{"delegate": "noncombat", "from": "GermanStart", "to": "GermanBase", "unit": "infantry"}]
UnitType{name=infantry}
Request sent: [MY_MOVE] purchase
Received move: [{"delegate": "purchase", "unit": "infantry", "from": "", "to": "GermanBase"}, {"delegate": "purchase", "unit": "infantry", "from": "", "to": "GermanBase"}, {"delegate": "purchase", "unit": "infantry", "from": "", "to": "GermanBase"}, {"delegate": "purchase", "unit": "artillery", "from": "", "to": "GermanBase"}]
Request sent: [MY_MOVE] combat
Received move: [{"delegate": "combat", "from": "GermanStartLeft", "to": "ChineseStartRight", "unit": "armour", "count": 1}]
UnitType{name=armour}
Request sent: [MY_MOVE] noncombat
Received move: [{"delegate": "noncombat", "from": "GermanStartLeft", "to": "GermanStart", "unit": "armour"}]
UnitType{name=armour}
Request sent: [MY_MOVE] purchase
Received move: [{"delegate": "purchase", "unit": "artillery", "from": "", "to": "GermanBase"}, {"delegate": "purchase", "unit": "armour", "from": "", "to": "GermanBase"}, {"delegate": "purchase", "unit": "armour", "from": "", "to": "GermanBase"}]
Request sent: [MY_MOVE] combat
Received move: [{"delegate": "combat", "from": "GermanStart", "to": "GermanStepTwo", "unit": "armour", "count": 1}]
UnitType{name=armour}
Request sent: [MY_MOVE] noncombat
Received move: [{"delegate": "noncombat", "from": "GermanStart", "to": "GermanStartLeft", "unit": "armour"}]
UnitType{name=armour}
Request sent: [MY_MOVE] purchase
Received move: [{"delegate": "purchase", "unit": "artillery", "from": "", "to": "GermanBase"}, {"delegate": "purchase", "unit": "artillery", "from": "", "to": "GermanBase"}, {"delegate": "purchase", "unit": "artillery", "from": "", "to": "GermanBase"}]
Request sent: [MY_MOVE] combat
Received move: [{"delegate": "combat", "from": "GermanStartLeft", "to": "BottomBar", "unit": "armour", "count": 1}]
UnitType{name=armour}
Request sent: [MY_MOVE] noncombat
Received move: [{"delegate": "noncombat", "from": "GermanBase", "to": "GermanStart", "unit": "infantry"}]
UnitType{name=infantry}
Request sent: [MY_MOVE] purchase
Received move: [{"delegate": "purchase", "unit": "infantry", "from": "", "to": "GermanBase"}, {"delegate": "purchase", "unit": "infantry", "from": "", "to": "GermanBase"}, {"delegate": "purchase", "unit": "infantry", "from": "", "to": "GermanBase"}, {"delegate": "purchase", "unit": "artillery", "from": "", "to": "GermanBase"}]
Request sent: [MY_MOVE] combat
Received move: [{"delegate": "combat", "from": "GermanStart", "to": "GermanStepOne", "unit": "infantry", "count": 1}]
UnitType{name=infantry}
Request sent: [MY_MOVE] noncombat
Received move: [{"delegate": "noncombat", "from": "GermanBase", "to": "GermanStart", "unit": "artillery"}]
UnitType{name=artillery}
Request sent: [MY_MOVE] purchase
Received move: [{"delegate": "purchase", "unit": "infantry", "from": "", "to": "GermanBase"}, {"delegate": "purchase", "unit": "infantry", "from": "", "to": "GermanBase"}, {"delegate": "purchase", "unit": "artillery", "from": "", "to": "GermanBase"}]
Request sent: [MY_MOVE] combat
Received move: [{"delegate": "combat", "from": "GermanBase", "to": "GermanStartLeft", "unit": "armour", "count": 3}]
UnitType{name=armour}
Request sent: [MY_MOVE] noncombat
Received move: [{"delegate": "noncombat", "from": "GermanBase", "to": "GermanStepOne", "unit": "armour"}]
UnitType{name=armour}
Request sent: [MY_MOVE] purchase
Received move: [{"delegate": "purchase", "unit": "infantry", "from": "", "to": "GermanBase"}, {"delegate": "purchase", "unit": "infantry", "from": "", "to": "GermanBase"}, {"delegate": "purchase", "unit": "infantry", "from": "", "to": "GermanBase"}, {"delegate": "purchase", "unit": "artillery", "from": "", "to": "GermanBase"}, {"delegate": "purchase", "unit": "artillery", "from": "", "to": "GermanBase"}, {"delegate": "purchase", "unit": "artillery", "from": "", "to": "GermanBase"}, {"delegate": "purchase", "unit": "artillery", "from": "", "to": "GermanBase"}, {"delegate": "purchase", "unit": "artillery", "from": "", "to": "GermanBase"}]
Request sent: [MY_MOVE] combat
Received move: [{"delegate": "combat", "from": "GermanStepOne", "to": "GermanStartLeft", "unit": "armour", "count": 1}, {"delegate": "combat", "from": "GermanStart", "to": "GermanStartLeft", "unit": "artillery", "count": 1}, {"delegate": "combat", "from": "GermanStart", "to": "GermanStartLeft", "unit": "infantry", "count": 1}]
UnitType{name=armour}
UnitType{name=artillery}
UnitType{name=infantry}
Request sent: [MY_MOVE] noncombat
Received move: [{"delegate": "noncombat", "from": "GermanStart", "to": "GermanStepOne", "unit": "armour"}]
UnitType{name=armour}
Request sent: [MY_MOVE] purchase
Received move: [{"delegate": "purchase", "unit": "armour", "from": "", "to": "GermanBase"}, {"delegate": "purchase", "unit": "armour", "from": "", "to": "GermanBase"}]
Request sent: [MY_MOVE] combat
Received move: [{"delegate": "combat", "from": "GermanBase", "to": "GermanStart", "unit": "artillery", "count": 6}]
UnitType{name=artillery}
Request sent: [MY_MOVE] noncombat
Received move: [{"delegate": "noncombat", "from": "GermanStart", "to": "GermanBase", "unit": "artillery"}]
UnitType{name=artillery}
Request sent: [MY_MOVE] purchase
Received move: [{"delegate": "purchase", "unit": "artillery", "from": "", "to": "GermanBase"}, {"delegate": "purchase", "unit": "artillery", "from": "", "to": "GermanBase"}, {"delegate": "purchase", "unit": "armour", "from": "", "to": "GermanBase"}]
Request sent: [MY_MOVE] combat
Received move: [{"delegate": "combat", "from": "GermanStepOne", "to": "GermanStepTwo", "unit": "infantry", "count": 1}]
UnitType{name=infantry}
Request sent: [MY_MOVE] noncombat
Received move: [{"delegate": "noncombat", "from": "GermanBase", "to": "GermanStart", "unit": "infantry"}]
UnitType{name=infantry}
Request sent: [MY_MOVE] purchase
Received move: [{"delegate": "purchase", "unit": "infantry", "from": "", "to": "GermanBase"}, {"delegate": "purchase", "unit": "infantry", "from": "", "to": "GermanBase"}, {"delegate": "purchase", "unit": "artillery", "from": "", "to": "GermanBase"}, {"delegate": "purchase", "unit": "armour", "from": "", "to": "GermanBase"}]
Request sent: [MY_MOVE] combat
Received move: [{"delegate": "combat", "from": "GermanBase", "to": "GermanStartLeft", "unit": "armour", "count": 1}]
UnitType{name=armour}
Request sent: [MY_MOVE] noncombat
Received move: [{"delegate": "noncombat", "from": "GermanStart", "to": "GermanStepOne", "unit": "artillery"}]
UnitType{name=artillery}
Request sent: [MY_MOVE] purchase
Received move: [{"delegate": "purchase", "unit": "artillery", "from": "", "to": "GermanBase"}, {"delegate": "purchase", "unit": "artillery", "from": "", "to": "GermanBase"}, {"delegate": "purchase", "unit": "artillery", "from": "", "to": "GermanBase"}, {"delegate": "purchase", "unit": "armour", "from": "", "to": "GermanBase"}, {"delegate": "purchase", "unit": "armour", "from": "", "to": "GermanBase"}]
Request sent: [MY_MOVE] combat
Received move: [{"delegate": "combat", "from": "GermanBase", "to": "GermanStartLeft", "unit": "armour", "count": 3}]
UnitType{name=armour}
Request sent: [MY_MOVE] noncombat
Received move: [{"delegate": "noncombat", "from": "GermanBase", "to": "GermanStart", "unit": "infantry"}]
UnitType{name=infantry}
Request sent: [MY_MOVE] purchase
Received move: [{"delegate": "purchase", "unit": "infantry", "from": "", "to": "GermanBase"}]
Request sent: [MY_MOVE] combat
Received move: []
Request sent: [MY_MOVE] noncombat
Received move: [{"delegate": "noncombat", "from": "GermanStepTwo", "to": "GermanStepOne", "unit": "infantry"}]
UnitType{name=infantry}
Request sent: [MY_MOVE] purchase
Received move: [{"delegate": "purchase", "unit": "infantry", "from": "", "to": "GermanBase"}, {"delegate": "purchase", "unit": "infantry", "from": "", "to": "GermanBase"}, {"delegate": "purchase", "unit": "infantry", "from": "", "to": "GermanBase"}, {"delegate": "purchase", "unit": "infantry", "from": "", "to": "GermanBase"}, {"delegate": "purchase", "unit": "infantry", "from": "", "to": "GermanBase"}, {"delegate": "purchase", "unit": "infantry", "from": "", "to": "GermanBase"}, {"delegate": "purchase", "unit": "infantry", "from": "", "to": "GermanBase"}, {"delegate": "purchase", "unit": "infantry", "from": "", "to": "GermanBase"}, {"delegate": "purchase", "unit": "infantry", "from": "", "to": "GermanBase"}, {"delegate": "purchase", "unit": "infantry", "from": "", "to": "GermanBase"}, {"delegate": "purchase", "unit": "infantry", "from": "", "to": "GermanBase"}]
Request sent: [MY_MOVE] combat
Received move: [{"delegate": "combat", "from": "GermanBase", "to": "GermanStartLeft", "unit": "armour", "count": 2}, {"delegate": "combat", "from": "GermanStart", "to": "GermanStartLeft", "unit": "artillery", "count": 5}, {"delegate": "combat", "from": "GermanStart", "to": "GermanStartLeft", "unit": "infantry", "count": 2}]
UnitType{name=armour}
UnitType{name=artillery}
UnitType{name=infantry}
Request sent: [MY_MOVE] noncombat
Received move: [{"delegate": "noncombat", "from": "GermanStart", "to": "GermanBase", "unit": "armour"}]
UnitType{name=armour}
Request sent: [MY_MOVE] purchase
Received move: [{"delegate": "purchase", "unit": "infantry", "from": "", "to": "GermanBase"}, {"delegate": "purchase", "unit": "infantry", "from": "", "to": "GermanBase"}, {"delegate": "purchase", "unit": "infantry", "from": "", "to": "GermanBase"}, {"delegate": "purchase", "unit": "artillery", "from": "", "to": "GermanBase"}, {"delegate": "purchase", "unit": "artillery", "from": "", "to": "GermanBase"}]
Request sent: [MY_MOVE] combat
Received move: []
Request sent: [MY_MOVE] noncombat
Received move: [{"delegate": "noncombat", "from": "GermanBase", "to": "GermanStart", "unit": "infantry"}]
UnitType{name=infantry}
Request sent: [MY_MOVE] purchase
Received move: [{"delegate": "purchase", "unit": "artillery", "from": "", "to": "GermanBase"}, {"delegate": "purchase", "unit": "artillery", "from": "", "to": "GermanBase"}, {"delegate": "purchase", "unit": "artillery", "from": "", "to": "GermanBase"}, {"delegate": "purchase", "unit": "artillery", "from": "", "to": "GermanBase"}]
Request sent: [MY_MOVE] combat
Received move: [{"delegate": "combat", "from": "GermanStart", "to": "GermanStartLeft", "unit": "armour", "count": 2}, {"delegate": "combat", "from": "GermanStart", "to": "GermanStartLeft", "unit": "artillery", "count": 3}, {"delegate": "combat", "from": "GermanStart", "to": "GermanStartLeft", "unit": "infantry", "count": 1}]
UnitType{name=armour}
UnitType{name=artillery}
UnitType{name=infantry}
Request sent: [MY_MOVE] noncombat
Received move: [{"delegate": "noncombat", "from": "GermanStart", "to": "GermanBase", "unit": "artillery"}]
UnitType{name=artillery}
Request sent: [MY_MOVE] purchase
Received move: [{"delegate": "purchase", "unit": "armour", "from": "", "to": "GermanBase"}, {"delegate": "purchase", "unit": "armour", "from": "", "to": "GermanBase"}, {"delegate": "purchase", "unit": "armour", "from": "", "to": "GermanBase"}]
Request sent: [MY_MOVE] combat
Received move: [{"delegate": "combat", "from": "GermanStart", "to": "GermanStartLeft", "unit": "armour", "count": 2}, {"delegate": "combat", "from": "GermanStart", "to": "GermanStartLeft", "unit": "artillery", "count": 2}]
UnitType{name=armour}
UnitType{name=artillery}
Request sent: [MY_MOVE] noncombat
Received move: [{"delegate": "noncombat", "from": "GermanBase", "to": "GermanStart", "unit": "artillery"}]
UnitType{name=artillery}
Request sent: [MY_MOVE] purchase
Received move: [{"delegate": "purchase", "unit": "artillery", "from": "", "to": "GermanBase"}, {"delegate": "purchase", "unit": "armour", "from": "", "to": "GermanBase"}]
Request sent: [MY_MOVE] combat
Received move: [{"delegate": "combat", "from": "GermanBase", "to": "GermanStart", "unit": "armour", "count": 3}, {"delegate": "combat", "from": "GermanBase", "to": "GermanStart", "unit": "artillery", "count": 3}]
UnitType{name=armour}
UnitType{name=artillery}
Request sent: [MY_MOVE] noncombat
Received move: [{"delegate": "noncombat", "from": "GermanStart", "to": "GermanBase", "unit": "armour"}]
UnitType{name=armour}
Request sent: [MY_MOVE] purchase
Received move: [{"delegate": "purchase", "unit": "infantry", "from": "", "to": "GermanBase"}, {"delegate": "purchase", "unit": "infantry", "from": "", "to": "GermanBase"}, {"delegate": "purchase", "unit": "infantry", "from": "", "to": "GermanBase"}, {"delegate": "purchase", "unit": "infantry", "from": "", "to": "GermanBase"}, {"delegate": "purchase", "unit": "infantry", "from": "", "to": "GermanBase"}]
Request sent: [MY_MOVE] combat
Received move: [{"delegate": "combat", "from": "GermanBase", "to": "GermanStepOne", "unit": "armour", "count": 1}, {"delegate": "combat", "from": "GermanStart", "to": "GermanStepOne", "unit": "armour", "count": 3}, {"delegate": "combat", "from": "GermanStart", "to": "GermanStepOne", "unit": "artillery", "count": 2}]
UnitType{name=armour}
UnitType{name=armour}
UnitType{name=artillery}
Request sent: [MY_MOVE] noncombat
Received move: [{"delegate": "noncombat", "from": "GermanStepOne", "to": "GermanStart", "unit": "armour"}]
UnitType{name=armour}
Request sent: [MY_MOVE] purchase
Received move: [{"delegate": "purchase", "unit": "artillery", "from": "", "to": "GermanBase"}, {"delegate": "purchase", "unit": "artillery", "from": "", "to": "GermanBase"}]
Request sent: [MY_MOVE] combat
Received move: [{"delegate": "combat", "from": "GermanBase", "to": "GermanStart", "unit": "artillery", "count": 5}]
UnitType{name=artillery}
Request sent: [MY_MOVE] noncombat
Received move: [{"delegate": "noncombat", "from": "GermanBase", "to": "GermanStart", "unit": "artillery"}]
UnitType{name=artillery}
Request sent: [MY_MOVE] purchase
Received move: [{"delegate": "purchase", "unit": "armour", "from": "", "to": "GermanBase"}, {"delegate": "purchase", "unit": "armour", "from": "", "to": "GermanBase"}, {"delegate": "purchase", "unit": "armour", "from": "", "to": "GermanBase"}, {"delegate": "purchase", "unit": "armour", "from": "", "to": "GermanBase"}]
Request sent: [MY_MOVE] combat
Received move: [{"delegate": "combat", "from": "GermanStart", "to": "GermanStartRight", "unit": "artillery", "count": 1}]
UnitType{name=artillery}
Request sent: [MY_MOVE] noncombat
Received move: [{"delegate": "noncombat", "from": "GermanBase", "to": "GermanStart", "unit": "artillery"}]
UnitType{name=artillery}
Request sent: [MY_MOVE] purchase
Received move: [{"delegate": "purchase", "unit": "infantry", "from": "", "to": "GermanBase"}, {"delegate": "purchase", "unit": "artillery", "from": "", "to": "GermanBase"}, {"delegate": "purchase", "unit": "artillery", "from": "", "to": "GermanBase"}, {"delegate": "purchase", "unit": "artillery", "from": "", "to": "GermanBase"}, {"delegate": "purchase", "unit": "armour", "from": "", "to": "GermanBase"}]
Request sent: [MY_MOVE] combat
Received move: [{"delegate": "combat", "from": "GermanBase", "to": "GermanStartLeft", "unit": "armour", "count": 4}, {"delegate": "combat", "from": "GermanStart", "to": "GermanStartLeft", "unit": "artillery", "count": 5}]
UnitType{name=armour}
UnitType{name=artillery}
Request sent: [MY_MOVE] noncombat
Received move: [{"delegate": "noncombat", "from": "GermanBase", "to": "GermanStart", "unit": "artillery"}]
UnitType{name=artillery}
Request sent: [MY_MOVE] purchase
Received move: [{"delegate": "purchase", "unit": "infantry", "from": "", "to": "GermanBase"}, {"delegate": "purchase", "unit": "armour", "from": "", "to": "GermanBase"}, {"delegate": "purchase", "unit": "armour", "from": "", "to": "GermanBase"}]
Request sent: [MY_MOVE] combat
Received move: [{"delegate": "combat", "from": "GermanBase", "to": "GermanStart", "unit": "armour", "count": 1}, {"delegate": "combat", "from": "GermanBase", "to": "GermanStart", "unit": "artillery", "count": 6}]
UnitType{name=armour}
UnitType{name=artillery}
Request sent: [MY_MOVE] noncombat
Received move: [{"delegate": "noncombat", "from": "GermanStart", "to": "GermanBase", "unit": "armour"}]
UnitType{name=armour}
Request sent: [MY_MOVE] purchase
Received move: [{"delegate": "purchase", "unit": "artillery", "from": "", "to": "GermanBase"}, {"delegate": "purchase", "unit": "artillery", "from": "", "to": "GermanBase"}, {"delegate": "purchase", "unit": "armour", "from": "", "to": "GermanBase"}]
Request sent: [MY_MOVE] combat
Received move: [{"delegate": "combat", "from": "GermanBase", "to": "GermanStart", "unit": "armour", "count": 2}, {"delegate": "combat", "from": "GermanBase", "to": "GermanStart", "unit": "artillery", "count": 6}, {"delegate": "combat", "from": "GermanBase", "to": "GermanStart", "unit": "infantry", "count": 9}]
UnitType{name=armour}
UnitType{name=artillery}
UnitType{name=infantry}
Request sent: [MY_MOVE] noncombat
Received move: []
> Task :game-app:domain-data:compileJava UP-TO-DATE
> Task :lib:java-extras:compileJava UP-TO-DATE
> Task :lib:websocket-client:compileJava UP-TO-DATE
> Task :lib:feign-common:compileJava UP-TO-DATE
> Task :lib:websocket-server:compileJava UP-TO-DATE
> Task :lib:websocket-server:processResources NO-SOURCE
> Task :lib:websocket-server:classes UP-TO-DATE
> Task :lib:websocket-server:jar UP-TO-DATE
> Task :game-app:game-relay-server:compileJava UP-TO-DATE
> Task :game-app:game-relay-server:processResources NO-SOURCE
> Task :game-app:game-relay-server:classes UP-TO-DATE
> Task :game-app:game-relay-server:jar UP-TO-DATE
> Task :lib:xml-reader:compileJava UP-TO-DATE
> Task :lib:xml-reader:processResources NO-SOURCE
> Task :lib:xml-reader:classes UP-TO-DATE
> Task :lib:xml-reader:jar UP-TO-DATE
> Task :game-app:map-data:compileJava UP-TO-DATE
> Task :game-app:map-data:processResources NO-SOURCE
> Task :game-app:map-data:classes UP-TO-DATE
> Task :game-app:map-data:jar UP-TO-DATE
> Task :http-clients:lobby-client:compileJava UP-TO-DATE
> Task :lib:swing-lib:compileJava UP-TO-DATE
> Task :lib:swing-lib:processResources NO-SOURCE
> Task :lib:swing-lib:classes UP-TO-DATE
> Task :lib:swing-lib:jar UP-TO-DATE
> Task :game-app:game-core:compileJava UP-TO-DATE
> Task :game-app:game-core:processResources UP-TO-DATE
> Task :game-app:game-core:classes UP-TO-DATE
> Task :game-app:game-core:jar UP-TO-DATE
> Task :game-app:ai:compileJava UP-TO-DATE
> Task :game-app:ai:processResources NO-SOURCE
> Task :game-app:ai:classes UP-TO-DATE
> Task :game-app:ai:jar UP-TO-DATE
> Task :game-app:domain-data:processResources NO-SOURCE
> Task :game-app:domain-data:classes UP-TO-DATE
> Task :game-app:domain-data:jar UP-TO-DATE
> Task :game-app:game-headed:compileJava UP-TO-DATE
> Task :game-app:game-headed:processResources UP-TO-DATE
> Task :game-app:game-headed:classes UP-TO-DATE

> Task :game-app:game-headed:downloadAssets
Download https://github.com/triplea-game/assets/releases/download/47/game_headed_assets.zip

> Task :http-clients:lobby-client:processResources NO-SOURCE
> Task :http-clients:lobby-client:classes UP-TO-DATE
> Task :http-clients:lobby-client:jar UP-TO-DATE
> Task :lib:feign-common:processResources NO-SOURCE
> Task :lib:feign-common:classes UP-TO-DATE
> Task :lib:feign-common:jar UP-TO-DATE
> Task :lib:java-extras:processResources NO-SOURCE
> Task :lib:java-extras:classes UP-TO-DATE
> Task :lib:java-extras:jar UP-TO-DATE
> Task :lib:websocket-client:processResources NO-SOURCE
> Task :lib:websocket-client:classes UP-TO-DATE
> Task :lib:websocket-client:jar UP-TO-DATE

> Task :game-app:game-headed:run
12:50:50,237 |-INFO in ch.qos.logback.classic.LoggerContext[default] - This is logback-classic version 1.5.18
12:50:50,238 |-INFO in ch.qos.logback.classic.util.ContextInitializer@1afd44cb - No custom configurators were discovered as a service.
12:50:50,238 |-INFO in ch.qos.logback.classic.util.ContextInitializer@1afd44cb - Trying to configure with ch.qos.logback.classic.joran.SerializedModelConfigurator
12:50:50,239 |-INFO in ch.qos.logback.classic.util.ContextInitializer@1afd44cb - Constructed configurator of type class ch.qos.logback.classic.joran.SerializedModelConfigurator
12:50:50,243 |-INFO in ch.qos.logback.classic.LoggerContext[default] - Could NOT find resource [logback-test.scmo]
12:50:50,243 |-INFO in ch.qos.logback.classic.LoggerContext[default] - Could NOT find resource [logback.scmo]
12:50:50,253 |-INFO in ch.qos.logback.classic.util.ContextInitializer@1afd44cb - ch.qos.logback.classic.joran.SerializedModelConfigurator.configure() call lasted 4 milliseconds. ExecutionStatus=INVOKE_NEXT_IF_ANY
12:50:50,253 |-INFO in ch.qos.logback.classic.util.ContextInitializer@1afd44cb - Trying to configure with ch.qos.logback.classic.util.DefaultJoranConfigurator
12:50:50,253 |-INFO in ch.qos.logback.classic.util.ContextInitializer@1afd44cb - Constructed configurator of type class ch.qos.logback.classic.util.DefaultJoranConfigurator
12:50:50,254 |-INFO in ch.qos.logback.classic.LoggerContext[default] - Could NOT find resource [logback-test.xml]
12:50:50,256 |-INFO in ch.qos.logback.classic.LoggerContext[default] - Found resource [logback.xml] at [file:/home/sanjana/tripleMind/triplea/game-app/game-headed/build/resources/main/logback.xml]
12:50:50,304 |-INFO in ch.qos.logback.core.model.processor.AppenderModelHandler - Processing appender named [swingMessage]
12:50:50,304 |-INFO in ch.qos.logback.core.model.processor.AppenderModelHandler - About to instantiate appender of type [org.triplea.debug.Slf4jLogMessageUploader]
12:50:50,305 |-INFO in ch.qos.logback.core.model.processor.AppenderModelHandler - Processing appender named [FILE]
12:50:50,305 |-INFO in ch.qos.logback.core.model.processor.AppenderModelHandler - About to instantiate appender of type [ch.qos.logback.core.rolling.RollingFileAppender]
12:50:50,308 |-INFO in ch.qos.logback.core.model.processor.ModelInterpretationContext@6973b51b - value "/home/sanjana/triplea/triplea.log" substituted for "${user.home}/triplea/triplea.log"
12:50:50,310 |-INFO in ch.qos.logback.core.model.processor.ImplicitModelHandler - Assuming default type [ch.qos.logback.classic.encoder.PatternLayoutEncoder] for [encoder] property
12:50:50,330 |-INFO in c.q.l.core.rolling.SizeAndTimeBasedRollingPolicy@447981768 - setting totalSizeCap to 10 MB
12:50:50,331 |-INFO in c.q.l.core.rolling.SizeAndTimeBasedRollingPolicy@447981768 - Archive files will be limited to [1 MB] each.
12:50:50,331 |-INFO in c.q.l.core.rolling.SizeAndTimeBasedRollingPolicy@447981768 - No compression will be used
12:50:50,332 |-INFO in c.q.l.core.rolling.SizeAndTimeBasedRollingPolicy@447981768 - Will use the pattern triplea-%d{yyyy-MM-dd}.%i.log for the active file
12:50:50,340 |-INFO in ch.qos.logback.core.rolling.SizeAndTimeBasedFileNamingAndTriggeringPolicy@43195e57 - The date pattern is 'yyyy-MM-dd' from file name pattern 'triplea-%d{yyyy-MM-dd}.%i.log'.
12:50:50,340 |-INFO in ch.qos.logback.core.rolling.SizeAndTimeBasedFileNamingAndTriggeringPolicy@43195e57 - Roll-over at midnight.
12:50:50,343 |-INFO in ch.qos.logback.core.rolling.SizeAndTimeBasedFileNamingAndTriggeringPolicy@43195e57 - Setting initial period to 2026-01-28T17:44:05.449Z
12:50:50,345 |-INFO in ch.qos.logback.core.rolling.RollingFileAppender[FILE] - Active log file name: /home/sanjana/triplea/triplea.log
12:50:50,346 |-INFO in ch.qos.logback.core.rolling.RollingFileAppender[FILE] - Setting currentFileLength to 1925 for /home/sanjana/triplea/triplea.log
12:50:50,346 |-INFO in ch.qos.logback.core.rolling.RollingFileAppender[FILE] - File property is set to [/home/sanjana/triplea/triplea.log]
12:50:50,347 |-INFO in ch.qos.logback.core.model.processor.AppenderModelHandler - Processing appender named [console]
12:50:50,347 |-INFO in ch.qos.logback.core.model.processor.AppenderModelHandler - About to instantiate appender of type [ch.qos.logback.core.ConsoleAppender]
12:50:50,348 |-WARN in ch.qos.logback.core.ConsoleAppender[console] - This appender no longer admits a layout as a sub-component, set an encoder instead.
12:50:50,348 |-WARN in ch.qos.logback.core.ConsoleAppender[console] - To ensure compatibility, wrapping your layout in LayoutWrappingEncoder.
12:50:50,348 |-WARN in ch.qos.logback.core.ConsoleAppender[console] - See also https://logback.qos.ch/codes.html#layoutInsteadOfEncoder for details
12:50:50,348 |-INFO in ch.qos.logback.core.ConsoleAppender[console] - BEWARE: Writing to the console can be very slow. Avoid logging to the 
12:50:50,348 |-INFO in ch.qos.logback.core.ConsoleAppender[console] - console in production environments, especially in high volume systems.
12:50:50,348 |-INFO in ch.qos.logback.core.ConsoleAppender[console] - See also https://logback.qos.ch/codes.html#slowConsole
12:50:50,348 |-INFO in ch.qos.logback.classic.model.processor.RootLoggerModelHandler - Setting level of ROOT logger to DEBUG
12:50:50,348 |-INFO in ch.qos.logback.core.model.processor.AppenderRefModelHandler - Attaching appender named [swingMessage] to Logger[ROOT]
12:50:50,348 |-INFO in ch.qos.logback.core.model.processor.AppenderRefModelHandler - Attaching appender named [console] to Logger[ROOT]
12:50:50,348 |-INFO in ch.qos.logback.core.model.processor.AppenderRefModelHandler - Attaching appender named [FILE] to Logger[ROOT]
12:50:50,348 |-INFO in ch.qos.logback.classic.model.processor.LoggerModelHandler - Setting level of logger [org.apache.http] to INFO
12:50:50,348 |-INFO in ch.qos.logback.core.model.processor.DefaultProcessor@333291e3 - End of configuration.
12:50:50,348 |-INFO in ch.qos.logback.classic.joran.JoranConfigurator@479d31f3 - Registering current configuration as safe fallback point
12:50:50,348 |-INFO in ch.qos.logback.classic.util.ContextInitializer@1afd44cb - ch.qos.logback.classic.util.DefaultJoranConfigurator.configure() call lasted 95 milliseconds. ExecutionStatus=DO_NOT_INVOKE_NEXT_IF_ANY

12:50:50.474 [main] INFO  o.t.game.client.HeadedGameRunner - Launching game, version: 2.7+00000 
12:50:50.584 [Thread-5] DEBUG g.s.e.data.gameparser.GameParser - Parsing game XML: /home/sanjana/triplea/downloadedMaps/capture_the_flag/map/games/capture_the_flag.xml
Request sent: [MY_MOVE] purchase
Received move: [{"delegate": "purchase", "unit": "infantry", "from": "", "to": "ItalianBase"}, {"delegate": "purchase", "unit": "infantry", "from": "", "to": "ItalianBase"}, {"delegate": "purchase", "unit": "infantry", "from": "", "to": "ItalianBase"}]
Request sent: [MY_MOVE] combat
Received move: [{"delegate": "combat", "from": "ItalianStart", "to": "ItalianStartLeft", "unit": "infantry", "count": 1}]
UnitType{name=infantry}
Request sent: [MY_MOVE] noncombat
Received move: [{"delegate": "noncombat", "from": "ItalianStart", "to": "ItalianStartLeft", "unit": "infantry"}]
UnitType{name=infantry}
Request sent: [MY_MOVE] purchase
Received move: [{"delegate": "purchase", "unit": "infantry", "from": "", "to": "ItalianBase"}, {"delegate": "purchase", "unit": "infantry", "from": "", "to": "ItalianBase"}, {"delegate": "purchase", "unit": "artillery", "from": "", "to": "ItalianBase"}, {"delegate": "purchase", "unit": "artillery", "from": "", "to": "ItalianBase"}, {"delegate": "purchase", "unit": "artillery", "from": "", "to": "ItalianBase"}]
Request sent: [MY_MOVE] combat
Received move: [{"delegate": "combat", "from": "ItalianBase", "to": "ItalianStepOne", "unit": "armour", "count": 1}]
UnitType{name=armour}
Request sent: [MY_MOVE] noncombat
Received move: [{"delegate": "noncombat", "from": "ItalianStepOne", "to": "ItalianBase", "unit": "armour"}]
UnitType{name=armour}
Request sent: [MY_MOVE] purchase
Received move: [{"delegate": "purchase", "unit": "artillery", "from": "", "to": "ItalianBase"}, {"delegate": "purchase", "unit": "armour", "from": "", "to": "ItalianBase"}, {"delegate": "purchase", "unit": "armour", "from": "", "to": "ItalianBase"}]
Request sent: [MY_MOVE] combat
Received move: [{"delegate": "combat", "from": "ItalianStepOne", "to": "ItalianStepTwo", "unit": "armour", "count": 1}]
UnitType{name=armour}
Request sent: [MY_MOVE] noncombat
Received move: [{"delegate": "noncombat", "from": "ItalianStepTwo", "to": "ItalianStart", "unit": "armour"}]
UnitType{name=armour}
Request sent: [MY_MOVE] purchase
Received move: [{"delegate": "purchase", "unit": "infantry", "from": "", "to": "ItalianBase"}, {"delegate": "purchase", "unit": "infantry", "from": "", "to": "ItalianBase"}, {"delegate": "purchase", "unit": "infantry", "from": "", "to": "ItalianBase"}, {"delegate": "purchase", "unit": "armour", "from": "", "to": "ItalianBase"}]
Request sent: [MY_MOVE] combat
Received move: [{"delegate": "combat", "from": "ItalianBase", "to": "ItalianStartRight", "unit": "armour", "count": 1}]
UnitType{name=armour}
Request sent: [MY_MOVE] noncombat
Received move: [{"delegate": "noncombat", "from": "ItalianBase", "to": "ItalianStartLeft", "unit": "armour"}]
UnitType{name=armour}
Request sent: [MY_MOVE] purchase
Received move: [{"delegate": "purchase", "unit": "infantry", "from": "", "to": "ItalianBase"}, {"delegate": "purchase", "unit": "infantry", "from": "", "to": "ItalianBase"}, {"delegate": "purchase", "unit": "infantry", "from": "", "to": "ItalianBase"}, {"delegate": "purchase", "unit": "infantry", "from": "", "to": "ItalianBase"}, {"delegate": "purchase", "unit": "infantry", "from": "", "to": "ItalianBase"}, {"delegate": "purchase", "unit": "infantry", "from": "", "to": "ItalianBase"}, {"delegate": "purchase", "unit": "artillery", "from": "", "to": "ItalianBase"}, {"delegate": "purchase", "unit": "artillery", "from": "", "to": "ItalianBase"}]
Request sent: [MY_MOVE] combat
Received move: [{"delegate": "combat", "from": "ItalianBase", "to": "ItalianStartRight", "unit": "armour", "count": 1}, {"delegate": "combat", "from": "ItalianStartLeft", "to": "ItalianStartRight", "unit": "armour", "count": 1}]
UnitType{name=armour}
UnitType{name=armour}
Request sent: [MY_MOVE] noncombat
Received move: [{"delegate": "noncombat", "from": "ItalianStepTwo", "to": "ItalianStepOne", "unit": "armour"}]
UnitType{name=armour}
Request sent: [MY_MOVE] purchase
Received move: [{"delegate": "purchase", "unit": "infantry", "from": "", "to": "ItalianBase"}, {"delegate": "purchase", "unit": "infantry", "from": "", "to": "ItalianBase"}, {"delegate": "purchase", "unit": "infantry", "from": "", "to": "ItalianBase"}, {"delegate": "purchase", "unit": "infantry", "from": "", "to": "ItalianBase"}, {"delegate": "purchase", "unit": "armour", "from": "", "to": "ItalianBase"}, {"delegate": "purchase", "unit": "armour", "from": "", "to": "ItalianBase"}]
Request sent: [MY_MOVE] combat
Received move: [{"delegate": "combat", "from": "ItalianStartRight", "to": "TopBar", "unit": "armour", "count": 1}]
UnitType{name=armour}
Request sent: [MY_MOVE] noncombat
Received move: [{"delegate": "noncombat", "from": "ItalianBase", "to": "ItalianStart", "unit": "artillery"}]
UnitType{name=artillery}
Request sent: [MY_MOVE] purchase
Received move: [{"delegate": "purchase", "unit": "infantry", "from": "", "to": "ItalianBase"}, {"delegate": "purchase", "unit": "artillery", "from": "", "to": "ItalianBase"}, {"delegate": "purchase", "unit": "armour", "from": "", "to": "ItalianBase"}]
Request sent: [MY_MOVE] combat
Received move: [{"delegate": "combat", "from": "TopBar", "to": "RussianStartLeft", "unit": "armour", "count": 1}, {"delegate": "combat", "from": "ItalianStartRight", "to": "RussianStartLeft", "unit": "armour", "count": 1}]
UnitType{name=armour}
UnitType{name=armour}
Request sent: [MY_MOVE] noncombat
Received move: [{"delegate": "noncombat", "from": "ItalianStepOne", "to": "ItalianStartLeft", "unit": "armour"}]
UnitType{name=armour}
Request sent: [MY_MOVE] purchase
Received move: [{"delegate": "purchase", "unit": "infantry", "from": "", "to": "ItalianBase"}, {"delegate": "purchase", "unit": "artillery", "from": "", "to": "ItalianBase"}, {"delegate": "purchase", "unit": "artillery", "from": "", "to": "ItalianBase"}, {"delegate": "purchase", "unit": "armour", "from": "", "to": "ItalianBase"}, {"delegate": "purchase", "unit": "armour", "from": "", "to": "ItalianBase"}, {"delegate": "purchase", "unit": "armour", "from": "", "to": "ItalianBase"}, {"delegate": "purchase", "unit": "armour", "from": "", "to": "ItalianBase"}]
Request sent: [MY_MOVE] combat
Received move: [{"delegate": "combat", "from": "ItalianBase", "to": "ItalianStartRight", "unit": "armour", "count": 3}, {"delegate": "combat", "from": "ItalianStartLeft", "to": "ItalianStartRight", "unit": "armour", "count": 1}, {"delegate": "combat", "from": "ItalianStart", "to": "ItalianStartRight", "unit": "artillery", "count": 1}]
UnitType{name=armour}
UnitType{name=armour}
UnitType{name=artillery}
Request sent: [MY_MOVE] noncombat
Received move: [{"delegate": "noncombat", "from": "ItalianBase", "to": "ItalianStart", "unit": "infantry"}]
UnitType{name=infantry}
Request sent: [MY_MOVE] purchase
Received move: [{"delegate": "purchase", "unit": "infantry", "from": "", "to": "ItalianBase"}, {"delegate": "purchase", "unit": "artillery", "from": "", "to": "ItalianBase"}, {"delegate": "purchase", "unit": "artillery", "from": "", "to": "ItalianBase"}]
Request sent: [MY_MOVE] combat
Received move: [{"delegate": "combat", "from": "ItalianBase", "to": "ItalianStart", "unit": "armour", "count": 3}]
UnitType{name=armour}
Request sent: [MY_MOVE] noncombat
Received move: [{"delegate": "noncombat", "from": "ItalianStartLeft", "to": "ItalianStart", "unit": "infantry"}]
UnitType{name=infantry}
Request sent: [MY_MOVE] purchase
Received move: [{"delegate": "purchase", "unit": "infantry", "from": "", "to": "ItalianBase"}, {"delegate": "purchase", "unit": "infantry", "from": "", "to": "ItalianBase"}, {"delegate": "purchase", "unit": "armour", "from": "", "to": "ItalianBase"}, {"delegate": "purchase", "unit": "armour", "from": "", "to": "ItalianBase"}, {"delegate": "purchase", "unit": "armour", "from": "", "to": "ItalianBase"}]
Request sent: [MY_MOVE] combat
Received move: []
Request sent: [MY_MOVE] noncombat
Received move: [{"delegate": "noncombat", "from": "ItalianBase", "to": "ItalianStart", "unit": "armour"}]
UnitType{name=armour}
Request sent: [MY_MOVE] purchase
Received move: [{"delegate": "purchase", "unit": "infantry", "from": "", "to": "ItalianBase"}]
Request sent: [MY_MOVE] combat
Received move: []
Request sent: [MY_MOVE] noncombat
Received move: [{"delegate": "noncombat", "from": "ItalianStart", "to": "ItalianStartLeft", "unit": "armour"}]
UnitType{name=armour}
Request sent: [MY_MOVE] purchase
Received move: [{"delegate": "purchase", "unit": "infantry", "from": "", "to": "ItalianBase"}, {"delegate": "purchase", "unit": "armour", "from": "", "to": "ItalianBase"}, {"delegate": "purchase", "unit": "armour", "from": "", "to": "ItalianBase"}, {"delegate": "purchase", "unit": "armour", "from": "", "to": "ItalianBase"}, {"delegate": "purchase", "unit": "armour", "from": "", "to": "ItalianBase"}]
Request sent: [MY_MOVE] combat
Received move: [{"delegate": "combat", "from": "ItalianStart", "to": "RightBar", "unit": "armour", "count": 1}]
UnitType{name=armour}
Request sent: [MY_MOVE] noncombat
Received move: [{"delegate": "noncombat", "from": "ItalianStartLeft", "to": "RightBar", "unit": "armour"}]
UnitType{name=armour}
Request sent: [MY_MOVE] purchase
Received move: [{"delegate": "purchase", "unit": "infantry", "from": "", "to": "ItalianBase"}, {"delegate": "purchase", "unit": "infantry", "from": "", "to": "ItalianBase"}, {"delegate": "purchase", "unit": "infantry", "from": "", "to": "ItalianBase"}, {"delegate": "purchase", "unit": "infantry", "from": "", "to": "ItalianBase"}, {"delegate": "purchase", "unit": "infantry", "from": "", "to": "ItalianBase"}, {"delegate": "purchase", "unit": "artillery", "from": "", "to": "ItalianBase"}, {"delegate": "purchase", "unit": "artillery", "from": "", "to": "ItalianBase"}, {"delegate": "purchase", "unit": "artillery", "from": "", "to": "ItalianBase"}]
Request sent: [MY_MOVE] combat
Received move: [{"delegate": "combat", "from": "ItalianBase", "to": "ItalianStartRight", "unit": "armour", "count": 2}]
UnitType{name=armour}
Request sent: [MY_MOVE] noncombat
Received move: [{"delegate": "noncombat", "from": "ItalianStart", "to": "ItalianStartRight", "unit": "armour"}]
UnitType{name=armour}
Request sent: [MY_MOVE] purchase
Received move: [{"delegate": "purchase", "unit": "infantry", "from": "", "to": "ItalianBase"}, {"delegate": "purchase", "unit": "infantry", "from": "", "to": "ItalianBase"}, {"delegate": "purchase", "unit": "artillery", "from": "", "to": "ItalianBase"}]
Request sent: [MY_MOVE] combat
Received move: []
Request sent: [MY_MOVE] noncombat
Received move: [{"delegate": "noncombat", "from": "ItalianBase", "to": "ItalianStart", "unit": "infantry"}]
UnitType{name=infantry}
Request sent: [MY_MOVE] purchase
Received move: [{"delegate": "purchase", "unit": "infantry", "from": "", "to": "ItalianBase"}, {"delegate": "purchase", "unit": "infantry", "from": "", "to": "ItalianBase"}, {"delegate": "purchase", "unit": "armour", "from": "", "to": "ItalianBase"}]
Request sent: [MY_MOVE] combat
Received move: [{"delegate": "combat", "from": "ItalianBase", "to": "ItalianStartLeft", "unit": "armour", "count": 2}]
UnitType{name=armour}
Request sent: [MY_MOVE] noncombat
Received move: [{"delegate": "noncombat", "from": "ItalianStartLeft", "to": "ItalianStart", "unit": "armour"}]
UnitType{name=armour}
Request sent: [MY_MOVE] purchase
Received move: [{"delegate": "purchase", "unit": "infantry", "from": "", "to": "ItalianBase"}, {"delegate": "purchase", "unit": "artillery", "from": "", "to": "ItalianBase"}, {"delegate": "purchase", "unit": "artillery", "from": "", "to": "ItalianBase"}, {"delegate": "purchase", "unit": "artillery", "from": "", "to": "ItalianBase"}, {"delegate": "purchase", "unit": "artillery", "from": "", "to": "ItalianBase"}, {"delegate": "purchase", "unit": "armour", "from": "", "to": "ItalianBase"}, {"delegate": "purchase", "unit": "armour", "from": "", "to": "ItalianBase"}]
Request sent: [MY_MOVE] combat
Received move: []
Request sent: [MY_MOVE] noncombat
Received move: [{"delegate": "noncombat", "from": "ItalianBase", "to": "ItalianStepOne", "unit": "armour"}]
UnitType{name=armour}
Request sent: [MY_MOVE] purchase
Received move: [{"delegate": "purchase", "unit": "infantry", "from": "", "to": "ItalianBase"}, {"delegate": "purchase", "unit": "infantry", "from": "", "to": "ItalianBase"}]
Request sent: [MY_MOVE] combat
Received move: [{"delegate": "combat", "from": "ItalianBase", "to": "ItalianStartRight", "unit": "armour", "count": 3}]
UnitType{name=armour}
Request sent: [MY_MOVE] noncombat
Received move: [{"delegate": "noncombat", "from": "ItalianStepOne", "to": "ItalianStepTwo", "unit": "armour"}]
UnitType{name=armour}
Request sent: [MY_MOVE] purchase
Received move: [{"delegate": "purchase", "unit": "infantry", "from": "", "to": "ItalianBase"}, {"delegate": "purchase", "unit": "infantry", "from": "", "to": "ItalianBase"}, {"delegate": "purchase", "unit": "infantry", "from": "", "to": "ItalianBase"}, {"delegate": "purchase", "unit": "armour", "from": "", "to": "ItalianBase"}, {"delegate": "purchase", "unit": "armour", "from": "", "to": "ItalianBase"}, {"delegate": "purchase", "unit": "armour", "from": "", "to": "ItalianBase"}]
Request sent: [MY_MOVE] combat
Received move: [{"delegate": "combat", "from": "ItalianBase", "to": "ItalianStartLeft", "unit": "armour", "count": 2}, {"delegate": "combat", "from": "ItalianStart", "to": "ItalianStartLeft", "unit": "infantry", "count": 2}]
UnitType{name=armour}
UnitType{name=infantry}
Request sent: [MY_MOVE] noncombat
Received move: [{"delegate": "noncombat", "from": "ItalianStepTwo", "to": "ItalianStart", "unit": "armour"}]
UnitType{name=armour}
Request sent: [MY_MOVE] purchase
Received move: [{"delegate": "purchase", "unit": "infantry", "from": "", "to": "ItalianBase"}, {"delegate": "purchase", "unit": "infantry", "from": "", "to": "ItalianBase"}, {"delegate": "purchase", "unit": "artillery", "from": "", "to": "ItalianBase"}, {"delegate": "purchase", "unit": "artillery", "from": "", "to": "ItalianBase"}, {"delegate": "purchase", "unit": "artillery", "from": "", "to": "ItalianBase"}, {"delegate": "purchase", "unit": "artillery", "from": "", "to": "ItalianBase"}, {"delegate": "purchase", "unit": "artillery", "from": "", "to": "ItalianBase"}, {"delegate": "purchase", "unit": "artillery", "from": "", "to": "ItalianBase"}]
Request sent: [MY_MOVE] combat
Received move: [{"delegate": "combat", "from": "ItalianBase", "to": "ItalianStart", "unit": "armour", "count": 3}, {"delegate": "combat", "from": "ItalianBase", "to": "ItalianStart", "unit": "artillery", "count": 3}]
UnitType{name=armour}
UnitType{name=artillery}
Request sent: [MY_MOVE] noncombat
Received move: [{"delegate": "noncombat", "from": "ItalianStart", "to": "ItalianBase", "unit": "artillery"}]
UnitType{name=artillery}
Request sent: [MY_MOVE] purchase
Received move: [{"delegate": "purchase", "unit": "artillery", "from": "", "to": "ItalianBase"}, {"delegate": "purchase", "unit": "armour", "from": "", "to": "ItalianBase"}, {"delegate": "purchase", "unit": "armour", "from": "", "to": "ItalianBase"}]
Request sent: [MY_MOVE] combat
Received move: []
Request sent: [MY_MOVE] noncombat
Received move: [{"delegate": "noncombat", "from": "ItalianStart", "to": "ItalianBase", "unit": "armour"}]
UnitType{name=armour}
Request sent: [MY_MOVE] purchase
Received move: [{"delegate": "purchase", "unit": "infantry", "from": "", "to": "ItalianBase"}, {"delegate": "purchase", "unit": "infantry", "from": "", "to": "ItalianBase"}]
Request sent: [MY_MOVE] combat
Received move: []
Request sent: [MY_MOVE] noncombat
Received move: [{"delegate": "noncombat", "from": "ItalianBase", "to": "ItalianStart", "unit": "armour"}]
UnitType{name=armour}
Request sent: [MY_MOVE] purchase
Received move: [{"delegate": "purchase", "unit": "infantry", "from": "", "to": "ItalianBase"}, {"delegate": "purchase", "unit": "infantry", "from": "", "to": "ItalianBase"}, {"delegate": "purchase", "unit": "infantry", "from": "", "to": "ItalianBase"}, {"delegate": "purchase", "unit": "infantry", "from": "", "to": "ItalianBase"}, {"delegate": "purchase", "unit": "infantry", "from": "", "to": "ItalianBase"}, {"delegate": "purchase", "unit": "artillery", "from": "", "to": "ItalianBase"}, {"delegate": "purchase", "unit": "artillery", "from": "", "to": "ItalianBase"}, {"delegate": "purchase", "unit": "artillery", "from": "", "to": "ItalianBase"}]
Request sent: [MY_MOVE] combat
Received move: [{"delegate": "combat", "from": "ItalianBase", "to": "ItalianStartRight", "unit": "armour", "count": 2}, {"delegate": "combat", "from": "ItalianStart", "to": "ItalianStartRight", "unit": "armour", "count": 1}]
UnitType{name=armour}
UnitType{name=armour}
Request sent: [MY_MOVE] noncombat
Received move: [{"delegate": "noncombat", "from": "ItalianStart", "to": "ItalianStepOne", "unit": "artillery"}]
UnitType{name=artillery}
Request sent: [MY_MOVE] purchase
Received move: [{"delegate": "purchase", "unit": "infantry", "from": "", "to": "ItalianBase"}, {"delegate": "purchase", "unit": "infantry", "from": "", "to": "ItalianBase"}, {"delegate": "purchase", "unit": "infantry", "from": "", "to": "ItalianBase"}, {"delegate": "purchase", "unit": "armour", "from": "", "to": "ItalianBase"}]
Request sent: [MY_MOVE] combat
Received move: [{"delegate": "combat", "from": "ItalianBase", "to": "ItalianStart", "unit": "artillery", "count": 7}]
UnitType{name=artillery}
Request sent: [MY_MOVE] noncombat
Received move: [{"delegate": "noncombat", "from": "ItalianStepOne", "to": "ItalianStart", "unit": "artillery"}]
UnitType{name=artillery}
Request sent: [MY_MOVE] purchase
Received move: [{"delegate": "purchase", "unit": "infantry", "from": "", "to": "ItalianBase"}, {"delegate": "purchase", "unit": "artillery", "from": "", "to": "ItalianBase"}, {"delegate": "purchase", "unit": "artillery", "from": "", "to": "ItalianBase"}, {"delegate": "purchase", "unit": "artillery", "from": "", "to": "ItalianBase"}, {"delegate": "purchase", "unit": "artillery", "from": "", "to": "ItalianBase"}, {"delegate": "purchase", "unit": "artillery", "from": "", "to": "ItalianBase"}]
Request sent: [MY_MOVE] combat
Received move: [{"delegate": "combat", "from": "ItalianBase", "to": "ItalianStartLeft", "unit": "armour", "count": 1}, {"delegate": "combat", "from": "ItalianStart", "to": "ItalianStartLeft", "unit": "artillery", "count": 3}]
UnitType{name=armour}
UnitType{name=artillery}
Request sent: [MY_MOVE] noncombat
Received move: [{"delegate": "noncombat", "from": "ItalianStartLeft", "to": "ItalianStepOne", "unit": "armour"}]
UnitType{name=armour}
Request sent: [MY_MOVE] purchase
Received move: [{"delegate": "purchase", "unit": "artillery", "from": "", "to": "ItalianBase"}, {"delegate": "purchase", "unit": "artillery", "from": "", "to": "ItalianBase"}, {"delegate": "purchase", "unit": "armour", "from": "", "to": "ItalianBase"}, {"delegate": "purchase", "unit": "armour", "from": "", "to": "ItalianBase"}]
Request sent: [MY_MOVE] combat
Received move: []
Request sent: [MY_MOVE] noncombat
Received move: [{"delegate": "noncombat", "from": "ItalianStart", "to": "ItalianBase", "unit": "artillery"}]
UnitType{name=artillery}
Request sent: [MY_MOVE] purchase
Received move: [{"delegate": "purchase", "unit": "infantry", "from": "", "to": "ItalianBase"}]
Request sent: [MY_MOVE] combat
Received move: []
Request sent: [MY_MOVE] noncombat
Received move: [{"delegate": "noncombat", "from": "ItalianStart", "to": "ItalianStepOne", "unit": "artillery"}]
UnitType{name=artillery}
Request sent: [MY_MOVE] purchase
Received move: [{"delegate": "purchase", "unit": "infantry", "from": "", "to": "ItalianBase"}, {"delegate": "purchase", "unit": "artillery", "from": "", "to": "ItalianBase"}, {"delegate": "purchase", "unit": "artillery", "from": "", "to": "ItalianBase"}]
Request sent: [MY_MOVE] combat
Received move: []
Request sent: [MY_MOVE] noncombat
Received move: [{"delegate": "noncombat", "from": "ItalianBase", "to": "ItalianStart", "unit": "artillery"}]
UnitType{name=artillery}
Request sent: [MY_MOVE] purchase
Received move: [{"delegate": "purchase", "unit": "infantry", "from": "", "to": "ItalianBase"}, {"delegate": "purchase", "unit": "infantry", "from": "", "to": "ItalianBase"}, {"delegate": "purchase", "unit": "infantry", "from": "", "to": "ItalianBase"}, {"delegate": "purchase", "unit": "infantry", "from": "", "to": "ItalianBase"}, {"delegate": "purchase", "unit": "infantry", "from": "", "to": "ItalianBase"}, {"delegate": "purchase", "unit": "infantry", "from": "", "to": "ItalianBase"}, {"delegate": "purchase", "unit": "infantry", "from": "", "to": "ItalianBase"}, {"delegate": "purchase", "unit": "armour", "from": "", "to": "ItalianBase"}, {"delegate": "purchase", "unit": "armour", "from": "", "to": "ItalianBase"}]
Request sent: [MY_MOVE] combat
Received move: [{"delegate": "combat", "from": "ItalianBase", "to": "ItalianStartLeft", "unit": "armour", "count": 2}, {"delegate": "combat", "from": "ItalianStart", "to": "ItalianStartLeft", "unit": "artillery", "count": 4}]
UnitType{name=armour}
UnitType{name=artillery}
Request sent: [MY_MOVE] noncombat
Received move: [{"delegate": "noncombat", "from": "ItalianStart", "to": "ItalianStepTwo", "unit": "armour"}]
UnitType{name=armour}
Request sent: [MY_MOVE] purchase
Received move: [{"delegate": "purchase", "unit": "infantry", "from": "", "to": "ItalianBase"}, {"delegate": "purchase", "unit": "infantry", "from": "", "to": "ItalianBase"}, {"delegate": "purchase", "unit": "infantry", "from": "", "to": "ItalianBase"}]
Request sent: [MY_MOVE] combat
Received move: [{"delegate": "combat", "from": "ItalianBase", "to": "ItalianStart", "unit": "armour", "count": 2}, {"delegate": "combat", "from": "ItalianBase", "to": "ItalianStart", "unit": "artillery", "count": 4}]
UnitType{name=armour}
UnitType{name=artillery}
Request sent: [MY_MOVE] noncombat
Received move: [{"delegate": "noncombat", "from": "ItalianStart", "to": "ItalianStepTwo", "unit": "armour"}]
UnitType{name=armour}
Request sent: [MY_MOVE] purchase
Received move: [{"delegate": "purchase", "unit": "infantry", "from": "", "to": "ItalianBase"}, {"delegate": "purchase", "unit": "infantry", "from": "", "to": "ItalianBase"}, {"delegate": "purchase", "unit": "artillery", "from": "", "to": "ItalianBase"}, {"delegate": "purchase", "unit": "artillery", "from": "", "to": "ItalianBase"}, {"delegate": "purchase", "unit": "armour", "from": "", "to": "ItalianBase"}]
Request sent: [MY_MOVE] combat
Received move: []
Request sent: [MY_MOVE] noncombat
Received move: [{"delegate": "noncombat", "from": "ItalianBase", "to": "ItalianStart", "unit": "artillery"}]
UnitType{name=artillery}
Request sent: [MY_MOVE] purchase
Received move: [{"delegate": "purchase", "unit": "infantry", "from": "", "to": "ItalianBase"}]
Request sent: [MY_MOVE] combat
Received move: [{"delegate": "combat", "from": "ItalianBase", "to": "ItalianStartLeft", "unit": "armour", "count": 1}, {"delegate": "combat", "from": "ItalianStart", "to": "ItalianStartLeft", "unit": "armour", "count": 2}, {"delegate": "combat", "from": "ItalianStart", "to": "ItalianStartLeft", "unit": "artillery", "count": 3}]
UnitType{name=armour}
UnitType{name=armour}
UnitType{name=artillery}
Request sent: [MY_MOVE] noncombat
Received move: [{"delegate": "noncombat", "from": "ItalianBase", "to": "ItalianStart", "unit": "artillery"}]
UnitType{name=artillery}
Request sent: [MY_MOVE] purchase
Received move: [{"delegate": "purchase", "unit": "infantry", "from": "", "to": "ItalianBase"}, {"delegate": "purchase", "unit": "infantry", "from": "", "to": "ItalianBase"}, {"delegate": "purchase", "unit": "infantry", "from": "", "to": "ItalianBase"}, {"delegate": "purchase", "unit": "infantry", "from": "", "to": "ItalianBase"}, {"delegate": "purchase", "unit": "infantry", "from": "", "to": "ItalianBase"}, {"delegate": "purchase", "unit": "infantry", "from": "", "to": "ItalianBase"}, {"delegate": "purchase", "unit": "infantry", "from": "", "to": "ItalianBase"}, {"delegate": "purchase", "unit": "infantry", "from": "", "to": "ItalianBase"}]
Request sent: [MY_MOVE] combat
Received move: [{"delegate": "combat", "from": "ItalianBase", "to": "ItalianStart", "unit": "artillery", "count": 10}]
UnitType{name=artillery}
Request sent: [MY_MOVE] noncombat
Received move: [{"delegate": "noncombat", "from": "ItalianBase", "to": "ItalianStart", "unit": "artillery"}]
UnitType{name=artillery}
Request sent: [MY_MOVE] purchase
Received move: [{"delegate": "purchase", "unit": "infantry", "from": "", "to": "ItalianBase"}, {"delegate": "purchase", "unit": "infantry", "from": "", "to": "ItalianBase"}, {"delegate": "purchase", "unit": "infantry", "from": "", "to": "ItalianBase"}, {"delegate": "purchase", "unit": "artillery", "from": "", "to": "ItalianBase"}, {"delegate": "purchase", "unit": "artillery", "from": "", "to": "ItalianBase"}]
Request sent: [MY_MOVE] combat
Received move: [{"delegate": "combat", "from": "ItalianStart", "to": "ItalianStartLeft", "unit": "artillery", "count": 2}]
UnitType{name=artillery}
Request sent: [MY_MOVE] noncombat
Received move: [{"delegate": "noncombat", "from": "ItalianBase", "to": "ItalianStart", "unit": "artillery"}]
UnitType{name=artillery}
Request sent: [MY_MOVE] purchase
Received move: [{"delegate": "purchase", "unit": "infantry", "from": "", "to": "ItalianBase"}, {"delegate": "purchase", "unit": "infantry", "from": "", "to": "ItalianBase"}, {"delegate": "purchase", "unit": "infantry", "from": "", "to": "ItalianBase"}]
Request sent: [MY_MOVE] combat
Received move: [{"delegate": "combat", "from": "ItalianStart", "to": "ItalianStartRight", "unit": "artillery", "count": 3}]
UnitType{name=artillery}
Request sent: [MY_MOVE] noncombat
Received move: [{"delegate": "noncombat", "from": "ItalianBase", "to": "ItalianStart", "unit": "infantry"}]
UnitType{name=infantry}
Request sent: [MY_MOVE] purchase
Received move: [{"delegate": "purchase", "unit": "infantry", "from": "", "to": "ItalianBase"}, {"delegate": "purchase", "unit": "artillery", "from": "", "to": "ItalianBase"}, {"delegate": "purchase", "unit": "artillery", "from": "", "to": "ItalianBase"}, {"delegate": "purchase", "unit": "artillery", "from": "", "to": "ItalianBase"}, {"delegate": "purchase", "unit": "artillery", "from": "", "to": "ItalianBase"}, {"delegate": "purchase", "unit": "armour", "from": "", "to": "ItalianBase"}]
Request sent: [MY_MOVE] combat
Received move: []
Request sent: [MY_MOVE] noncombat
Received move: [{"delegate": "noncombat", "from": "ItalianBase", "to": "ItalianStart", "unit": "infantry"}]
UnitType{name=infantry}
Request sent: [MY_MOVE] purchase
Received move: [{"delegate": "purchase", "unit": "infantry", "from": "", "to": "ItalianBase"}, {"delegate": "purchase", "unit": "infantry", "from": "", "to": "ItalianBase"}, {"delegate": "purchase", "unit": "infantry", "from": "", "to": "ItalianBase"}, {"delegate": "purchase", "unit": "infantry", "from": "", "to": "ItalianBase"}, {"delegate": "purchase", "unit": "artillery", "from": "", "to": "ItalianBase"}]
Request sent: [MY_MOVE] combat
Received move: [{"delegate": "combat", "from": "ItalianBase", "to": "ItalianStartRight", "unit": "armour", "count": 1}, {"delegate": "combat", "from": "ItalianStart", "to": "ItalianStartRight", "unit": "artillery", "count": 3}]
UnitType{name=armour}
UnitType{name=artillery}
Request sent: [MY_MOVE] noncombat
Received move: [{"delegate": "noncombat", "from": "ItalianStart", "to": "ItalianBase", "unit": "infantry"}]
UnitType{name=infantry}
Request sent: [MY_MOVE] purchase
Received move: [{"delegate": "purchase", "unit": "infantry", "from": "", "to": "ItalianBase"}, {"delegate": "purchase", "unit": "infantry", "from": "", "to": "ItalianBase"}, {"delegate": "purchase", "unit": "infantry", "from": "", "to": "ItalianBase"}, {"delegate": "purchase", "unit": "infantry", "from": "", "to": "ItalianBase"}]
Request sent: [MY_MOVE] combat
Received move: [{"delegate": "combat", "from": "ItalianStartRight", "to": "TopBar", "unit": "armour", "count": 1}, {"delegate": "combat", "from": "ItalianStartRight", "to": "TopBar", "unit": "artillery", "count": 3}]
UnitType{name=armour}
UnitType{name=artillery}
Request sent: [MY_MOVE] noncombat
Received move: [{"delegate": "noncombat", "from": "ItalianBase", "to": "ItalianStart", "unit": "artillery"}]
UnitType{name=artillery}
Request sent: [MY_MOVE] purchase
Received move: [{"delegate": "purchase", "unit": "armour", "from": "", "to": "ItalianBase"}, {"delegate": "purchase", "unit": "armour", "from": "", "to": "ItalianBase"}]
Request sent: [MY_MOVE] combat
Received move: [{"delegate": "combat", "from": "ItalianStart", "to": "ItalianStartLeft", "unit": "artillery", "count": 4}, {"delegate": "combat", "from": "ItalianStart", "to": "ItalianStartLeft", "unit": "infantry", "count": 1}]
UnitType{name=artillery}
UnitType{name=infantry}
Request sent: [MY_MOVE] noncombat
Received move: [{"delegate": "noncombat", "from": "ItalianBase", "to": "ItalianStart", "unit": "artillery"}]
UnitType{name=artillery}
Request sent: [MY_MOVE] purchase
Received move: [{"delegate": "purchase", "unit": "artillery", "from": "", "to": "ItalianBase"}, {"delegate": "purchase", "unit": "armour", "from": "", "to": "ItalianBase"}]
Request sent: [MY_MOVE] combat
Received move: [{"delegate": "combat", "from": "ItalianBase", "to": "ItalianStartLeft", "unit": "armour", "count": 2}, {"delegate": "combat", "from": "ItalianStart", "to": "ItalianStartLeft", "unit": "artillery", "count": 4}]
UnitType{name=armour}
UnitType{name=artillery}
Request sent: [MY_MOVE] noncombat
Received move: [{"delegate": "noncombat", "from": "ItalianBase", "to": "ItalianStart", "unit": "infantry"}]
UnitType{name=infantry}
Request sent: [MY_MOVE] purchase
Received move: [{"delegate": "purchase", "unit": "artillery", "from": "", "to": "ItalianBase"}, {"delegate": "purchase", "unit": "armour", "from": "", "to": "ItalianBase"}, {"delegate": "purchase", "unit": "armour", "from": "", "to": "ItalianBase"}]
Request sent: [MY_MOVE] combat
Received move: [{"delegate": "combat", "from": "ItalianBase", "to": "ItalianStart", "unit": "armour", "count": 1}, {"delegate": "combat", "from": "ItalianBase", "to": "ItalianStart", "unit": "artillery", "count": 6}]
UnitType{name=armour}
UnitType{name=artillery}
Request sent: [MY_MOVE] noncombat
Received move: [{"delegate": "noncombat", "from": "ItalianBase", "to": "ItalianStart", "unit": "artillery"}]
UnitType{name=artillery}
Request sent: [MY_MOVE] purchase
Received move: [{"delegate": "purchase", "unit": "infantry", "from": "", "to": "ItalianBase"}, {"delegate": "purchase", "unit": "infantry", "from": "", "to": "ItalianBase"}, {"delegate": "purchase", "unit": "infantry", "from": "", "to": "ItalianBase"}, {"delegate": "purchase", "unit": "infantry", "from": "", "to": "ItalianBase"}, {"delegate": "purchase", "unit": "infantry", "from": "", "to": "ItalianBase"}, {"delegate": "purchase", "unit": "artillery", "from": "", "to": "ItalianBase"}]
Request sent: [MY_MOVE] combat
Received move: [{"delegate": "combat", "from": "ItalianBase", "to": "ItalianStartLeft", "unit": "armour", "count": 2}, {"delegate": "combat", "from": "ItalianStart", "to": "ItalianStartLeft", "unit": "armour", "count": 1}, {"delegate": "combat", "from": "ItalianStart", "to": "ItalianStartLeft", "unit": "artillery", "count": 6}]
UnitType{name=armour}
UnitType{name=armour}
UnitType{name=artillery}
Request sent: [MY_MOVE] noncombat
Received move: [{"delegate": "noncombat", "from": "ItalianStart", "to": "ItalianBase", "unit": "artillery"}]
UnitType{name=artillery}
Request sent: [MY_MOVE] purchase
Received move: [{"delegate": "purchase", "unit": "infantry", "from": "", "to": "ItalianBase"}, {"delegate": "purchase", "unit": "armour", "from": "", "to": "ItalianBase"}, {"delegate": "purchase", "unit": "armour", "from": "", "to": "ItalianBase"}]
Request sent: [MY_MOVE] combat
Received move: [{"delegate": "combat", "from": "ItalianStart", "to": "ItalianStartLeft", "unit": "armour", "count": 3}, {"delegate": "combat", "from": "ItalianStart", "to": "ItalianStartLeft", "unit": "artillery", "count": 2}]
UnitType{name=armour}
UnitType{name=artillery}
Request sent: [MY_MOVE] noncombat
Received move: [{"delegate": "noncombat", "from": "ItalianStart", "to": "ItalianBase", "unit": "armour"}]
UnitType{name=armour}
Request sent: [MY_MOVE] purchase
Received move: [{"delegate": "purchase", "unit": "infantry", "from": "", "to": "ItalianBase"}, {"delegate": "purchase", "unit": "armour", "from": "", "to": "ItalianBase"}]
Request sent: [MY_MOVE] combat
Received move: [{"delegate": "combat", "from": "ItalianBase", "to": "ItalianStart", "unit": "armour", "count": 2}, {"delegate": "combat", "from": "ItalianBase", "to": "ItalianStart", "unit": "artillery", "count": 2}]
UnitType{name=armour}
UnitType{name=artillery}
Request sent: [MY_MOVE] noncombat
Received move: [{"delegate": "noncombat", "from": "ItalianStart", "to": "ItalianBase", "unit": "artillery"}]
UnitType{name=artillery}
Request sent: [MY_MOVE] purchase
Received move: [{"delegate": "purchase", "unit": "infantry", "from": "", "to": "ItalianBase"}, {"delegate": "purchase", "unit": "armour", "from": "", "to": "ItalianBase"}, {"delegate": "purchase", "unit": "armour", "from": "", "to": "ItalianBase"}]
Request sent: [MY_MOVE] combat
Received move: [{"delegate": "combat", "from": "ItalianBase", "to": "ItalianStartLeft", "unit": "armour", "count": 1}, {"delegate": "combat", "from": "ItalianStart", "to": "ItalianStartLeft", "unit": "armour", "count": 2}, {"delegate": "combat", "from": "ItalianStart", "to": "ItalianStartLeft", "unit": "artillery", "count": 2}]
UnitType{name=armour}
UnitType{name=armour}
UnitType{name=artillery}
Request sent: [MY_MOVE] noncombat
Received move: [{"delegate": "noncombat", "from": "ItalianBase", "to": "ItalianStart", "unit": "infantry"}]
UnitType{name=infantry}
Request sent: [MY_MOVE] purchase
Received move: [{"delegate": "purchase", "unit": "artillery", "from": "", "to": "ItalianBase"}, {"delegate": "purchase", "unit": "armour", "from": "", "to": "ItalianBase"}]
Request sent: [MY_MOVE] combat
Received move: [{"delegate": "combat", "from": "ItalianBase", "to": "ItalianStart", "unit": "armour", "count": 2}, {"delegate": "combat", "from": "ItalianBase", "to": "ItalianStart", "unit": "artillery", "count": 7}]
UnitType{name=armour}
UnitType{name=artillery}
Request sent: [MY_MOVE] noncombat
Received move: [{"delegate": "noncombat", "from": "ItalianStart", "to": "ItalianBase", "unit": "artillery"}]
UnitType{name=artillery}
Request sent: [MY_MOVE] purchase
Received move: [{"delegate": "purchase", "unit": "infantry", "from": "", "to": "ItalianBase"}, {"delegate": "purchase", "unit": "infantry", "from": "", "to": "ItalianBase"}, {"delegate": "purchase", "unit": "infantry", "from": "", "to": "ItalianBase"}, {"delegate": "purchase", "unit": "infantry", "from": "", "to": "ItalianBase"}, {"delegate": "purchase", "unit": "armour", "from": "", "to": "ItalianBase"}]
Request sent: [MY_MOVE] combat
Received move: [{"delegate": "combat", "from": "ItalianBase", "to": "ItalianStartLeft", "unit": "armour", "count": 1}, {"delegate": "combat", "from": "ItalianStart", "to": "ItalianStartLeft", "unit": "armour", "count": 2}, {"delegate": "combat", "from": "ItalianStart", "to": "ItalianStartLeft", "unit": "artillery", "count": 6}]
UnitType{name=armour}
UnitType{name=armour}
UnitType{name=artillery}
Request sent: [MY_MOVE] noncombat
Received move: [{"delegate": "noncombat", "from": "ItalianBase", "to": "ItalianStart", "unit": "infantry"}]
UnitType{name=infantry}
Request sent: [MY_MOVE] purchase
Received move: [{"delegate": "purchase", "unit": "artillery", "from": "", "to": "ItalianBase"}, {"delegate": "purchase", "unit": "armour", "from": "", "to": "ItalianBase"}, {"delegate": "purchase", "unit": "armour", "from": "", "to": "ItalianBase"}]
Request sent: [MY_MOVE] combat
Received move: [{"delegate": "combat", "from": "ItalianBase", "to": "ItalianStart", "unit": "armour", "count": 1}, {"delegate": "combat", "from": "ItalianBase", "to": "ItalianStart", "unit": "artillery", "count": 4}, {"delegate": "combat", "from": "ItalianBase", "to": "ItalianStart", "unit": "infantry", "count": 23}]
UnitType{name=armour}
UnitType{name=artillery}
UnitType{name=infantry}
Request sent: [MY_MOVE] noncombat
Received move: []
> Task :game-app:domain-data:compileJava UP-TO-DATE
> Task :lib:java-extras:compileJava UP-TO-DATE
> Task :lib:websocket-client:compileJava UP-TO-DATE
> Task :lib:feign-common:compileJava UP-TO-DATE
> Task :lib:websocket-server:compileJava UP-TO-DATE
> Task :lib:websocket-server:processResources NO-SOURCE
> Task :lib:websocket-server:classes UP-TO-DATE
> Task :lib:websocket-server:jar UP-TO-DATE
> Task :game-app:game-relay-server:compileJava UP-TO-DATE
> Task :game-app:game-relay-server:processResources NO-SOURCE
> Task :game-app:game-relay-server:classes UP-TO-DATE
> Task :game-app:game-relay-server:jar UP-TO-DATE
> Task :lib:xml-reader:compileJava UP-TO-DATE
> Task :lib:xml-reader:processResources NO-SOURCE
> Task :lib:xml-reader:classes UP-TO-DATE
> Task :lib:xml-reader:jar UP-TO-DATE
> Task :game-app:map-data:compileJava UP-TO-DATE
> Task :game-app:map-data:processResources NO-SOURCE
> Task :game-app:map-data:classes UP-TO-DATE
> Task :game-app:map-data:jar UP-TO-DATE
> Task :http-clients:lobby-client:compileJava UP-TO-DATE
> Task :lib:swing-lib:compileJava UP-TO-DATE
> Task :lib:swing-lib:processResources NO-SOURCE
> Task :lib:swing-lib:classes UP-TO-DATE
> Task :lib:swing-lib:jar UP-TO-DATE
> Task :game-app:game-core:compileJava UP-TO-DATE
> Task :game-app:game-core:processResources UP-TO-DATE
> Task :game-app:game-core:classes UP-TO-DATE
> Task :game-app:game-core:jar UP-TO-DATE
> Task :game-app:ai:compileJava UP-TO-DATE
> Task :game-app:ai:processResources NO-SOURCE
> Task :game-app:ai:classes UP-TO-DATE
> Task :game-app:ai:jar UP-TO-DATE
> Task :game-app:domain-data:processResources NO-SOURCE
> Task :game-app:domain-data:classes UP-TO-DATE
> Task :game-app:domain-data:jar UP-TO-DATE
> Task :game-app:game-headed:compileJava UP-TO-DATE
> Task :game-app:game-headed:processResources UP-TO-DATE
> Task :game-app:game-headed:classes UP-TO-DATE

> Task :game-app:game-headed:downloadAssets
Download https://github.com/triplea-game/assets/releases/download/47/game_headed_assets.zip

> Task :http-clients:lobby-client:processResources NO-SOURCE
> Task :http-clients:lobby-client:classes UP-TO-DATE
> Task :http-clients:lobby-client:jar UP-TO-DATE
> Task :lib:feign-common:processResources NO-SOURCE
> Task :lib:feign-common:classes UP-TO-DATE
> Task :lib:feign-common:jar UP-TO-DATE
> Task :lib:java-extras:processResources NO-SOURCE
> Task :lib:java-extras:classes UP-TO-DATE
> Task :lib:java-extras:jar UP-TO-DATE
> Task :lib:websocket-client:processResources NO-SOURCE
> Task :lib:websocket-client:classes UP-TO-DATE
> Task :lib:websocket-client:jar UP-TO-DATE

> Task :game-app:game-headed:run
13:04:42,563 |-INFO in ch.qos.logback.classic.LoggerContext[default] - This is logback-classic version 1.5.18
13:04:42,563 |-INFO in ch.qos.logback.classic.util.ContextInitializer@1afd44cb - No custom configurators were discovered as a service.
13:04:42,564 |-INFO in ch.qos.logback.classic.util.ContextInitializer@1afd44cb - Trying to configure with ch.qos.logback.classic.joran.SerializedModelConfigurator
13:04:42,564 |-INFO in ch.qos.logback.classic.util.ContextInitializer@1afd44cb - Constructed configurator of type class ch.qos.logback.classic.joran.SerializedModelConfigurator
13:04:42,568 |-INFO in ch.qos.logback.classic.LoggerContext[default] - Could NOT find resource [logback-test.scmo]
13:04:42,568 |-INFO in ch.qos.logback.classic.LoggerContext[default] - Could NOT find resource [logback.scmo]
13:04:42,574 |-INFO in ch.qos.logback.classic.util.ContextInitializer@1afd44cb - ch.qos.logback.classic.joran.SerializedModelConfigurator.configure() call lasted 4 milliseconds. ExecutionStatus=INVOKE_NEXT_IF_ANY
13:04:42,574 |-INFO in ch.qos.logback.classic.util.ContextInitializer@1afd44cb - Trying to configure with ch.qos.logback.classic.util.DefaultJoranConfigurator
13:04:42,574 |-INFO in ch.qos.logback.classic.util.ContextInitializer@1afd44cb - Constructed configurator of type class ch.qos.logback.classic.util.DefaultJoranConfigurator
13:04:42,574 |-INFO in ch.qos.logback.classic.LoggerContext[default] - Could NOT find resource [logback-test.xml]
13:04:42,576 |-INFO in ch.qos.logback.classic.LoggerContext[default] - Found resource [logback.xml] at [file:/home/sanjana/tripleMind/triplea/game-app/game-headed/build/resources/main/logback.xml]
13:04:42,624 |-INFO in ch.qos.logback.core.model.processor.AppenderModelHandler - Processing appender named [swingMessage]
13:04:42,624 |-INFO in ch.qos.logback.core.model.processor.AppenderModelHandler - About to instantiate appender of type [org.triplea.debug.Slf4jLogMessageUploader]
13:04:42,624 |-INFO in ch.qos.logback.core.model.processor.AppenderModelHandler - Processing appender named [FILE]
13:04:42,624 |-INFO in ch.qos.logback.core.model.processor.AppenderModelHandler - About to instantiate appender of type [ch.qos.logback.core.rolling.RollingFileAppender]
13:04:42,627 |-INFO in ch.qos.logback.core.model.processor.ModelInterpretationContext@6973b51b - value "/home/sanjana/triplea/triplea.log" substituted for "${user.home}/triplea/triplea.log"
13:04:42,630 |-INFO in ch.qos.logback.core.model.processor.ImplicitModelHandler - Assuming default type [ch.qos.logback.classic.encoder.PatternLayoutEncoder] for [encoder] property
13:04:42,650 |-INFO in c.q.l.core.rolling.SizeAndTimeBasedRollingPolicy@447981768 - setting totalSizeCap to 10 MB
13:04:42,651 |-INFO in c.q.l.core.rolling.SizeAndTimeBasedRollingPolicy@447981768 - Archive files will be limited to [1 MB] each.
13:04:42,651 |-INFO in c.q.l.core.rolling.SizeAndTimeBasedRollingPolicy@447981768 - No compression will be used
13:04:42,652 |-INFO in c.q.l.core.rolling.SizeAndTimeBasedRollingPolicy@447981768 - Will use the pattern triplea-%d{yyyy-MM-dd}.%i.log for the active file
13:04:42,660 |-INFO in ch.qos.logback.core.rolling.SizeAndTimeBasedFileNamingAndTriggeringPolicy@43195e57 - The date pattern is 'yyyy-MM-dd' from file name pattern 'triplea-%d{yyyy-MM-dd}.%i.log'.
13:04:42,660 |-INFO in ch.qos.logback.core.rolling.SizeAndTimeBasedFileNamingAndTriggeringPolicy@43195e57 - Roll-over at midnight.
13:04:42,662 |-INFO in ch.qos.logback.core.rolling.SizeAndTimeBasedFileNamingAndTriggeringPolicy@43195e57 - Setting initial period to 2026-01-28T17:50:50.583Z
13:04:42,664 |-INFO in ch.qos.logback.core.rolling.RollingFileAppender[FILE] - Active log file name: /home/sanjana/triplea/triplea.log
13:04:42,666 |-INFO in ch.qos.logback.core.rolling.RollingFileAppender[FILE] - Setting currentFileLength to 2200 for /home/sanjana/triplea/triplea.log
13:04:42,666 |-INFO in ch.qos.logback.core.rolling.RollingFileAppender[FILE] - File property is set to [/home/sanjana/triplea/triplea.log]
13:04:42,666 |-INFO in ch.qos.logback.core.model.processor.AppenderModelHandler - Processing appender named [console]
13:04:42,666 |-INFO in ch.qos.logback.core.model.processor.AppenderModelHandler - About to instantiate appender of type [ch.qos.logback.core.ConsoleAppender]
13:04:42,667 |-WARN in ch.qos.logback.core.ConsoleAppender[console] - This appender no longer admits a layout as a sub-component, set an encoder instead.
13:04:42,667 |-WARN in ch.qos.logback.core.ConsoleAppender[console] - To ensure compatibility, wrapping your layout in LayoutWrappingEncoder.
13:04:42,667 |-WARN in ch.qos.logback.core.ConsoleAppender[console] - See also https://logback.qos.ch/codes.html#layoutInsteadOfEncoder for details
13:04:42,667 |-INFO in ch.qos.logback.core.ConsoleAppender[console] - BEWARE: Writing to the console can be very slow. Avoid logging to the 
13:04:42,667 |-INFO in ch.qos.logback.core.ConsoleAppender[console] - console in production environments, especially in high volume systems.
13:04:42,667 |-INFO in ch.qos.logback.core.ConsoleAppender[console] - See also https://logback.qos.ch/codes.html#slowConsole
13:04:42,667 |-INFO in ch.qos.logback.classic.model.processor.RootLoggerModelHandler - Setting level of ROOT logger to DEBUG
13:04:42,667 |-INFO in ch.qos.logback.core.model.processor.AppenderRefModelHandler - Attaching appender named [swingMessage] to Logger[ROOT]
13:04:42,667 |-INFO in ch.qos.logback.core.model.processor.AppenderRefModelHandler - Attaching appender named [console] to Logger[ROOT]
13:04:42,667 |-INFO in ch.qos.logback.core.model.processor.AppenderRefModelHandler - Attaching appender named [FILE] to Logger[ROOT]
13:04:42,668 |-INFO in ch.qos.logback.classic.model.processor.LoggerModelHandler - Setting level of logger [org.apache.http] to INFO
13:04:42,668 |-INFO in ch.qos.logback.core.model.processor.DefaultProcessor@333291e3 - End of configuration.
13:04:42,668 |-INFO in ch.qos.logback.classic.joran.JoranConfigurator@479d31f3 - Registering current configuration as safe fallback point
13:04:42,668 |-INFO in ch.qos.logback.classic.util.ContextInitializer@1afd44cb - ch.qos.logback.classic.util.DefaultJoranConfigurator.configure() call lasted 94 milliseconds. ExecutionStatus=DO_NOT_INVOKE_NEXT_IF_ANY

13:04:42.791 [main] INFO  o.t.game.client.HeadedGameRunner - Launching game, version: 2.7+00000 
13:04:42.907 [Thread-5] DEBUG g.s.e.data.gameparser.GameParser - Parsing game XML: /home/sanjana/triplea/downloadedMaps/capture_the_flag/map/games/capture_the_flag.xml
Request sent: [MY_MOVE] purchase
Received move: [{"delegate": "purchase", "unit": "infantry", "from": "", "to": "ItalianBase"}]
Request sent: [MY_MOVE] combat
Received move: [{"delegate": "combat", "from": "ItalianStart", "to": "ItalianStartLeft", "unit": "infantry", "count": 1}]
UnitType{name=infantry}
Request sent: [MY_MOVE] noncombat
Received move: [{"delegate": "noncombat", "from": "ItalianStart", "to": "ItalianBase", "unit": "infantry"}]
UnitType{name=infantry}
Request sent: [MY_MOVE] purchase
Received move: [{"delegate": "purchase", "unit": "infantry", "from": "", "to": "ItalianBase"}, {"delegate": "purchase", "unit": "artillery", "from": "", "to": "ItalianBase"}, {"delegate": "purchase", "unit": "artillery", "from": "", "to": "ItalianBase"}, {"delegate": "purchase", "unit": "armour", "from": "", "to": "ItalianBase"}, {"delegate": "purchase", "unit": "armour", "from": "", "to": "ItalianBase"}, {"delegate": "purchase", "unit": "armour", "from": "", "to": "ItalianBase"}]
Request sent: [MY_MOVE] combat
Received move: [{"delegate": "combat", "from": "ItalianBase", "to": "ItalianStepOne", "unit": "armour", "count": 1}]
UnitType{name=armour}
Request sent: [MY_MOVE] noncombat
Received move: [{"delegate": "noncombat", "from": "ItalianBase", "to": "ItalianStart", "unit": "infantry"}]
UnitType{name=infantry}
Request sent: [MY_MOVE] purchase
Received move: [{"delegate": "purchase", "unit": "infantry", "from": "", "to": "ItalianBase"}, {"delegate": "purchase", "unit": "infantry", "from": "", "to": "ItalianBase"}, {"delegate": "purchase", "unit": "infantry", "from": "", "to": "ItalianBase"}, {"delegate": "purchase", "unit": "infantry", "from": "", "to": "ItalianBase"}, {"delegate": "purchase", "unit": "artillery", "from": "", "to": "ItalianBase"}]
Request sent: [MY_MOVE] combat
Received move: [{"delegate": "combat", "from": "ItalianStepOne", "to": "ItalianStepTwo", "unit": "armour", "count": 1}]
UnitType{name=armour}
Request sent: [MY_MOVE] noncombat
Received move: [{"delegate": "noncombat", "from": "ItalianStepTwo", "to": "ItalianStepOne", "unit": "armour"}]
UnitType{name=armour}
Request sent: [MY_MOVE] purchase
Received move: [{"delegate": "purchase", "unit": "infantry", "from": "", "to": "ItalianBase"}, {"delegate": "purchase", "unit": "infantry", "from": "", "to": "ItalianBase"}, {"delegate": "purchase", "unit": "infantry", "from": "", "to": "ItalianBase"}, {"delegate": "purchase", "unit": "infantry", "from": "", "to": "ItalianBase"}, {"delegate": "purchase", "unit": "armour", "from": "", "to": "ItalianBase"}]
Request sent: [MY_MOVE] combat
Received move: [{"delegate": "combat", "from": "ItalianBase", "to": "ItalianStartRight", "unit": "armour", "count": 1}]
UnitType{name=armour}
Request sent: [MY_MOVE] noncombat
Received move: [{"delegate": "noncombat", "from": "ItalianStart", "to": "ItalianStartRight", "unit": "infantry"}]
UnitType{name=infantry}
Request sent: [MY_MOVE] purchase
Received move: [{"delegate": "purchase", "unit": "infantry", "from": "", "to": "ItalianBase"}, {"delegate": "purchase", "unit": "artillery", "from": "", "to": "ItalianBase"}, {"delegate": "purchase", "unit": "artillery", "from": "", "to": "ItalianBase"}, {"delegate": "purchase", "unit": "artillery", "from": "", "to": "ItalianBase"}]
Request sent: [MY_MOVE] combat
Received move: [{"delegate": "combat", "from": "ItalianStartRight", "to": "TopBar", "unit": "armour", "count": 1}, {"delegate": "combat", "from": "ItalianStartRight", "to": "TopBar", "unit": "infantry", "count": 1}]
UnitType{name=armour}
UnitType{name=infantry}
Request sent: [MY_MOVE] noncombat
Received move: [{"delegate": "noncombat", "from": "ItalianBase", "to": "ItalianStartLeft", "unit": "armour"}]
UnitType{name=armour}
Request sent: [MY_MOVE] purchase
Received move: [{"delegate": "purchase", "unit": "infantry", "from": "", "to": "ItalianBase"}, {"delegate": "purchase", "unit": "infantry", "from": "", "to": "ItalianBase"}, {"delegate": "purchase", "unit": "armour", "from": "", "to": "ItalianBase"}, {"delegate": "purchase", "unit": "armour", "from": "", "to": "ItalianBase"}, {"delegate": "purchase", "unit": "armour", "from": "", "to": "ItalianBase"}, {"delegate": "purchase", "unit": "armour", "from": "", "to": "ItalianBase"}]
Request sent: [MY_MOVE] combat
Received move: [{"delegate": "combat", "from": "ItalianStartLeft", "to": "RightBar", "unit": "armour", "count": 1}, {"delegate": "combat", "from": "ItalianStartLeft", "to": "RightBar", "unit": "infantry", "count": 1}]
UnitType{name=armour}
UnitType{name=infantry}
Request sent: [MY_MOVE] noncombat
Received move: [{"delegate": "noncombat", "from": "ItalianBase", "to": "ItalianStartRight", "unit": "armour"}]
UnitType{name=armour}
Request sent: [MY_MOVE] purchase
Received move: [{"delegate": "purchase", "unit": "infantry", "from": "", "to": "ItalianBase"}, {"delegate": "purchase", "unit": "infantry", "from": "", "to": "ItalianBase"}, {"delegate": "purchase", "unit": "infantry", "from": "", "to": "ItalianBase"}, {"delegate": "purchase", "unit": "infantry", "from": "", "to": "ItalianBase"}, {"delegate": "purchase", "unit": "infantry", "from": "", "to": "ItalianBase"}, {"delegate": "purchase", "unit": "infantry", "from": "", "to": "ItalianBase"}, {"delegate": "purchase", "unit": "armour", "from": "", "to": "ItalianBase"}]
Request sent: [MY_MOVE] combat
Received move: [{"delegate": "combat", "from": "ItalianBase", "to": "ItalianStartRight", "unit": "armour", "count": 5}]
UnitType{name=armour}
Request sent: [MY_MOVE] noncombat
Received move: [{"delegate": "noncombat", "from": "ItalianStart", "to": "ItalianStartLeft", "unit": "armour"}]
UnitType{name=armour}
Request sent: [MY_MOVE] purchase
Received move: [{"delegate": "purchase", "unit": "armour", "from": "", "to": "ItalianBase"}]
Request sent: [MY_MOVE] combat
Received move: [{"delegate": "combat", "from": "ItalianBase", "to": "ItalianStart", "unit": "armour", "count": 1}, {"delegate": "combat", "from": "ItalianBase", "to": "ItalianStart", "unit": "artillery", "count": 2}]
UnitType{name=armour}
UnitType{name=artillery}
Request sent: [MY_MOVE] noncombat
Received move: [{"delegate": "noncombat", "from": "ItalianBase", "to": "ItalianStart", "unit": "infantry"}]
UnitType{name=infantry}
Request sent: [MY_MOVE] purchase
Received move: [{"delegate": "purchase", "unit": "infantry", "from": "", "to": "ItalianBase"}, {"delegate": "purchase", "unit": "artillery", "from": "", "to": "ItalianBase"}, {"delegate": "purchase", "unit": "artillery", "from": "", "to": "ItalianBase"}, {"delegate": "purchase", "unit": "artillery", "from": "", "to": "ItalianBase"}, {"delegate": "purchase", "unit": "armour", "from": "", "to": "ItalianBase"}]
Request sent: [MY_MOVE] combat
Received move: [{"delegate": "combat", "from": "ItalianBase", "to": "ItalianStartLeft", "unit": "armour", "count": 1}, {"delegate": "combat", "from": "ItalianStart", "to": "ItalianStartLeft", "unit": "armour", "count": 1}, {"delegate": "combat", "from": "ItalianStart", "to": "ItalianStartLeft", "unit": "artillery", "count": 2}, {"delegate": "combat", "from": "ItalianStart", "to": "ItalianStartLeft", "unit": "infantry", "count": 1}]
UnitType{name=armour}
UnitType{name=armour}
UnitType{name=artillery}
UnitType{name=infantry}
Request sent: [MY_MOVE] noncombat
Received move: [{"delegate": "noncombat", "from": "ItalianStart", "to": "ItalianBase", "unit": "armour"}]
UnitType{name=armour}
Request sent: [MY_MOVE] purchase
Received move: [{"delegate": "purchase", "unit": "infantry", "from": "", "to": "ItalianBase"}, {"delegate": "purchase", "unit": "infantry", "from": "", "to": "ItalianBase"}, {"delegate": "purchase", "unit": "infantry", "from": "", "to": "ItalianBase"}, {"delegate": "purchase", "unit": "infantry", "from": "", "to": "ItalianBase"}, {"delegate": "purchase", "unit": "infantry", "from": "", "to": "ItalianBase"}, {"delegate": "purchase", "unit": "infantry", "from": "", "to": "ItalianBase"}, {"delegate": "purchase", "unit": "artillery", "from": "", "to": "ItalianBase"}]
Request sent: [MY_MOVE] combat
Received move: [{"delegate": "combat", "from": "ItalianBase", "to": "ItalianStart", "unit": "armour", "count": 1}, {"delegate": "combat", "from": "ItalianBase", "to": "ItalianStart", "unit": "artillery", "count": 7}]
UnitType{name=armour}
UnitType{name=artillery}
Request sent: [MY_MOVE] noncombat
Received move: [{"delegate": "noncombat", "from": "ItalianStart", "to": "ItalianBase", "unit": "armour"}]
UnitType{name=armour}
Request sent: [MY_MOVE] purchase
Received move: [{"delegate": "purchase", "unit": "artillery", "from": "", "to": "ItalianBase"}, {"delegate": "purchase", "unit": "artillery", "from": "", "to": "ItalianBase"}]
Request sent: [MY_MOVE] combat
Received move: [{"delegate": "combat", "from": "ItalianStart", "to": "ItalianStartLeft", "unit": "armour", "count": 1}, {"delegate": "combat", "from": "ItalianStart", "to": "ItalianStartLeft", "unit": "artillery", "count": 3}]
UnitType{name=armour}
UnitType{name=artillery}
Request sent: [MY_MOVE] noncombat
Received move: [{"delegate": "noncombat", "from": "ItalianBase", "to": "ItalianStart", "unit": "infantry"}]
UnitType{name=infantry}
Request sent: [MY_MOVE] purchase
Received move: [{"delegate": "purchase", "unit": "infantry", "from": "", "to": "ItalianBase"}, {"delegate": "purchase", "unit": "armour", "from": "", "to": "ItalianBase"}]
Request sent: [MY_MOVE] combat
Received move: [{"delegate": "combat", "from": "ItalianStart", "to": "ItalianStartLeft", "unit": "armour", "count": 1}, {"delegate": "combat", "from": "ItalianStart", "to": "ItalianStartLeft", "unit": "artillery", "count": 1}, {"delegate": "combat", "from": "ItalianStart", "to": "ItalianStartLeft", "unit": "infantry", "count": 1}]
UnitType{name=armour}
UnitType{name=artillery}
UnitType{name=infantry}
Request sent: [MY_MOVE] noncombat
Received move: [{"delegate": "noncombat", "from": "ItalianStart", "to": "ItalianBase", "unit": "armour"}]
UnitType{name=armour}
Request sent: [MY_MOVE] purchase
Received move: [{"delegate": "purchase", "unit": "artillery", "from": "", "to": "ItalianBase"}, {"delegate": "purchase", "unit": "armour", "from": "", "to": "ItalianBase"}, {"delegate": "purchase", "unit": "armour", "from": "", "to": "ItalianBase"}, {"delegate": "purchase", "unit": "armour", "from": "", "to": "ItalianBase"}]
Request sent: [MY_MOVE] combat
Received move: [{"delegate": "combat", "from": "ItalianBase", "to": "ItalianStart", "unit": "armour", "count": 1}, {"delegate": "combat", "from": "ItalianBase", "to": "ItalianStart", "unit": "artillery", "count": 3}, {"delegate": "combat", "from": "ItalianBase", "to": "ItalianStart", "unit": "infantry", "count": 2}]
UnitType{name=armour}
UnitType{name=artillery}
UnitType{name=infantry}
Request sent: [MY_MOVE] noncombat
Received move: [{"delegate": "noncombat", "from": "ItalianStart", "to": "ItalianBase", "unit": "artillery"}]
UnitType{name=artillery}
Request sent: [MY_MOVE] purchase
Received move: [{"delegate": "purchase", "unit": "infantry", "from": "", "to": "ItalianBase"}, {"delegate": "purchase", "unit": "infantry", "from": "", "to": "ItalianBase"}, {"delegate": "purchase", "unit": "artillery", "from": "", "to": "ItalianBase"}]
Request sent: [MY_MOVE] combat
Received move: [{"delegate": "combat", "from": "ItalianBase", "to": "ItalianStartLeft", "unit": "armour", "count": 3}]
UnitType{name=armour}
Request sent: [MY_MOVE] noncombat
Received move: [{"delegate": "noncombat", "from": "ItalianStart", "to": "ItalianStartLeft", "unit": "armour"}]
UnitType{name=armour}
Request sent: [MY_MOVE] purchase
Received move: [{"delegate": "purchase", "unit": "armour", "from": "", "to": "ItalianBase"}, {"delegate": "purchase", "unit": "armour", "from": "", "to": "ItalianBase"}, {"delegate": "purchase", "unit": "armour", "from": "", "to": "ItalianBase"}]
Request sent: [MY_MOVE] combat
Received move: []
Request sent: [MY_MOVE] noncombat
Received move: [{"delegate": "noncombat", "from": "ItalianStart", "to": "ItalianBase", "unit": "artillery"}]
UnitType{name=artillery}
Request sent: [MY_MOVE] purchase
Received move: [{"delegate": "purchase", "unit": "infantry", "from": "", "to": "ItalianBase"}, {"delegate": "purchase", "unit": "infantry", "from": "", "to": "ItalianBase"}, {"delegate": "purchase", "unit": "infantry", "from": "", "to": "ItalianBase"}, {"delegate": "purchase", "unit": "armour", "from": "", "to": "ItalianBase"}]
Request sent: [MY_MOVE] combat
Received move: [{"delegate": "combat", "from": "ItalianBase", "to": "ItalianStartRight", "unit": "armour", "count": 3}, {"delegate": "combat", "from": "ItalianStartLeft", "to": "ItalianStartRight", "unit": "armour", "count": 4}, {"delegate": "combat", "from": "ItalianStart", "to": "ItalianStartRight", "unit": "artillery", "count": 2}]
UnitType{name=armour}
UnitType{name=armour}
UnitType{name=artillery}
Request sent: [MY_MOVE] noncombat
Received move: [{"delegate": "noncombat", "from": "ItalianBase", "to": "ItalianStart", "unit": "artillery"}]
UnitType{name=artillery}
Request sent: [MY_MOVE] purchase
Received move: [{"delegate": "purchase", "unit": "infantry", "from": "", "to": "ItalianBase"}, {"delegate": "purchase", "unit": "infantry", "from": "", "to": "ItalianBase"}, {"delegate": "purchase", "unit": "infantry", "from": "", "to": "ItalianBase"}, {"delegate": "purchase", "unit": "infantry", "from": "", "to": "ItalianBase"}]
Request sent: [MY_MOVE] combat
Received move: [{"delegate": "combat", "from": "ItalianBase", "to": "ItalianStartRight", "unit": "armour", "count": 1}, {"delegate": "combat", "from": "ItalianStart", "to": "ItalianStartRight", "unit": "armour", "count": 2}]
UnitType{name=armour}
UnitType{name=armour}
Request sent: [MY_MOVE] noncombat
Received move: [{"delegate": "noncombat", "from": "ItalianStart", "to": "ItalianStartRight", "unit": "artillery"}]
UnitType{name=artillery}
Request sent: [MY_MOVE] purchase
Received move: [{"delegate": "purchase", "unit": "infantry", "from": "", "to": "ItalianBase"}, {"delegate": "purchase", "unit": "infantry", "from": "", "to": "ItalianBase"}, {"delegate": "purchase", "unit": "artillery", "from": "", "to": "ItalianBase"}, {"delegate": "purchase", "unit": "artillery", "from": "", "to": "ItalianBase"}, {"delegate": "purchase", "unit": "artillery", "from": "", "to": "ItalianBase"}]
Request sent: [MY_MOVE] combat
Received move: [{"delegate": "combat", "from": "ItalianBase", "to": "ItalianStart", "unit": "artillery", "count": 2}, {"delegate": "combat", "from": "ItalianBase", "to": "ItalianStart", "unit": "infantry", "count": 2}]
UnitType{name=artillery}
UnitType{name=infantry}
Request sent: [MY_MOVE] noncombat
Received move: [{"delegate": "noncombat", "from": "ItalianStart", "to": "ItalianBase", "unit": "artillery"}]
UnitType{name=artillery}
Request sent: [MY_MOVE] purchase
Received move: [{"delegate": "purchase", "unit": "infantry", "from": "", "to": "ItalianBase"}, {"delegate": "purchase", "unit": "infantry", "from": "", "to": "ItalianBase"}]
Request sent: [MY_MOVE] combat
Received move: [{"delegate": "combat", "from": "ItalianStart", "to": "ItalianStartRight", "unit": "artillery", "count": 2}, {"delegate": "combat", "from": "ItalianStart", "to": "ItalianStartRight", "unit": "infantry", "count": 1}]
UnitType{name=artillery}
UnitType{name=infantry}
Request sent: [MY_MOVE] noncombat
Received move: [{"delegate": "noncombat", "from": "ItalianBase", "to": "ItalianStart", "unit": "artillery"}]
UnitType{name=artillery}
Request sent: [MY_MOVE] purchase
Received move: [{"delegate": "purchase", "unit": "artillery", "from": "", "to": "ItalianBase"}, {"delegate": "purchase", "unit": "artillery", "from": "", "to": "ItalianBase"}, {"delegate": "purchase", "unit": "artillery", "from": "", "to": "ItalianBase"}, {"delegate": "purchase", "unit": "artillery", "from": "", "to": "ItalianBase"}]
Request sent: [MY_MOVE] combat
Received move: [{"delegate": "combat", "from": "ItalianBase", "to": "ItalianStart", "unit": "artillery", "count": 2}, {"delegate": "combat", "from": "ItalianBase", "to": "ItalianStart", "unit": "infantry", "count": 3}]
UnitType{name=artillery}
UnitType{name=infantry}
Request sent: [MY_MOVE] noncombat
Received move: [{"delegate": "noncombat", "from": "ItalianStart", "to": "ItalianBase", "unit": "infantry"}]
UnitType{name=infantry}
Request sent: [MY_MOVE] purchase
Received move: [{"delegate": "purchase", "unit": "infantry", "from": "", "to": "ItalianBase"}, {"delegate": "purchase", "unit": "infantry", "from": "", "to": "ItalianBase"}, {"delegate": "purchase", "unit": "infantry", "from": "", "to": "ItalianBase"}, {"delegate": "purchase", "unit": "armour", "from": "", "to": "ItalianBase"}]
Request sent: [MY_MOVE] combat
Received move: [{"delegate": "combat", "from": "ItalianStart", "to": "ItalianStartRight", "unit": "artillery", "count": 2}, {"delegate": "combat", "from": "ItalianStart", "to": "ItalianStartRight", "unit": "infantry", "count": 3}]
UnitType{name=artillery}
UnitType{name=infantry}
Request sent: [MY_MOVE] noncombat
Received move: [{"delegate": "noncombat", "from": "ItalianBase", "to": "ItalianStart", "unit": "artillery"}]
UnitType{name=artillery}
Request sent: [MY_MOVE] purchase
Received move: [{"delegate": "purchase", "unit": "infantry", "from": "", "to": "ItalianBase"}, {"delegate": "purchase", "unit": "infantry", "from": "", "to": "ItalianBase"}, {"delegate": "purchase", "unit": "infantry", "from": "", "to": "ItalianBase"}, {"delegate": "purchase", "unit": "armour", "from": "", "to": "ItalianBase"}]
Request sent: [MY_MOVE] combat
Received move: [{"delegate": "combat", "from": "ItalianBase", "to": "ItalianStart", "unit": "armour", "count": 1}, {"delegate": "combat", "from": "ItalianBase", "to": "ItalianStart", "unit": "artillery", "count": 3}, {"delegate": "combat", "from": "ItalianBase", "to": "ItalianStart", "unit": "infantry", "count": 10}]
UnitType{name=armour}
UnitType{name=artillery}
UnitType{name=infantry}
Request sent: [MY_MOVE] noncombat
Received move: []
Request sent: [MY_MOVE] purchase
Received move: [{"delegate": "purchase", "unit": "infantry", "from": "", "to": "ItalianBase"}, {"delegate": "purchase", "unit": "artillery", "from": "", "to": "ItalianBase"}]
Request sent: [MY_MOVE] combat
Received move: [{"delegate": "combat", "from": "ItalianBase", "to": "ItalianStart", "unit": "armour", "count": 2}, {"delegate": "combat", "from": "ItalianBase", "to": "ItalianStart", "unit": "artillery", "count": 2}]
UnitType{name=armour}
UnitType{name=artillery}
Request sent: [MY_MOVE] noncombat
Received move: [{"delegate": "noncombat", "from": "ItalianBase", "to": "ItalianStart", "unit": "artillery"}]
UnitType{name=artillery}
Request sent: [MY_MOVE] purchase
Received move: [{"delegate": "purchase", "unit": "infantry", "from": "", "to": "ItalianBase"}, {"delegate": "purchase", "unit": "artillery", "from": "", "to": "ItalianBase"}, {"delegate": "purchase", "unit": "artillery", "from": "", "to": "ItalianBase"}]
Request sent: [MY_MOVE] combat
Received move: [{"delegate": "combat", "from": "ItalianBase", "to": "ItalianStart", "unit": "artillery", "count": 1}, {"delegate": "combat", "from": "ItalianBase", "to": "ItalianStart", "unit": "infantry", "count": 12}]
UnitType{name=artillery}
UnitType{name=infantry}
Request sent: [MY_MOVE] noncombat
Received move: []
Request sent: [MY_MOVE] purchase
Received move: [{"delegate": "purchase", "unit": "artillery", "from": "", "to": "ItalianBase"}, {"delegate": "purchase", "unit": "armour", "from": "", "to": "ItalianBase"}]
Request sent: [MY_MOVE] combat
Received move: [{"delegate": "combat", "from": "ItalianBase", "to": "ItalianStart", "unit": "artillery", "count": 3}, {"delegate": "combat", "from": "ItalianBase", "to": "ItalianStart", "unit": "infantry", "count": 12}]
UnitType{name=artillery}
UnitType{name=infantry}
Request sent: [MY_MOVE] noncombat
Received move: []
> Task :game-app:domain-data:compileJava UP-TO-DATE
> Task :lib:java-extras:compileJava UP-TO-DATE
> Task :lib:websocket-client:compileJava UP-TO-DATE
> Task :lib:feign-common:compileJava UP-TO-DATE
> Task :lib:websocket-server:compileJava UP-TO-DATE
> Task :lib:websocket-server:processResources NO-SOURCE
> Task :lib:websocket-server:classes UP-TO-DATE
> Task :lib:websocket-server:jar UP-TO-DATE
> Task :game-app:game-relay-server:compileJava UP-TO-DATE
> Task :game-app:game-relay-server:processResources NO-SOURCE
> Task :game-app:game-relay-server:classes UP-TO-DATE
> Task :game-app:game-relay-server:jar UP-TO-DATE
> Task :lib:xml-reader:compileJava UP-TO-DATE
> Task :lib:xml-reader:processResources NO-SOURCE
> Task :lib:xml-reader:classes UP-TO-DATE
> Task :lib:xml-reader:jar UP-TO-DATE
> Task :game-app:map-data:compileJava UP-TO-DATE
> Task :game-app:map-data:processResources NO-SOURCE
> Task :game-app:map-data:classes UP-TO-DATE
> Task :game-app:map-data:jar UP-TO-DATE
> Task :http-clients:lobby-client:compileJava UP-TO-DATE
> Task :lib:swing-lib:compileJava UP-TO-DATE
> Task :lib:swing-lib:processResources NO-SOURCE
> Task :lib:swing-lib:classes UP-TO-DATE
> Task :lib:swing-lib:jar UP-TO-DATE
> Task :game-app:game-core:compileJava UP-TO-DATE
> Task :game-app:game-core:processResources UP-TO-DATE
> Task :game-app:game-core:classes UP-TO-DATE
> Task :game-app:game-core:jar UP-TO-DATE
> Task :game-app:ai:compileJava UP-TO-DATE
> Task :game-app:ai:processResources NO-SOURCE
> Task :game-app:ai:classes UP-TO-DATE
> Task :game-app:ai:jar UP-TO-DATE
> Task :game-app:domain-data:processResources NO-SOURCE
> Task :game-app:domain-data:classes UP-TO-DATE
> Task :game-app:domain-data:jar UP-TO-DATE
> Task :game-app:game-headed:compileJava UP-TO-DATE
> Task :game-app:game-headed:processResources UP-TO-DATE
> Task :game-app:game-headed:classes UP-TO-DATE

> Task :game-app:game-headed:downloadAssets
Download https://github.com/triplea-game/assets/releases/download/47/game_headed_assets.zip

> Task :http-clients:lobby-client:processResources NO-SOURCE
> Task :http-clients:lobby-client:classes UP-TO-DATE
> Task :http-clients:lobby-client:jar UP-TO-DATE
> Task :lib:feign-common:processResources NO-SOURCE
> Task :lib:feign-common:classes UP-TO-DATE
> Task :lib:feign-common:jar UP-TO-DATE
> Task :lib:java-extras:processResources NO-SOURCE
> Task :lib:java-extras:classes UP-TO-DATE
> Task :lib:java-extras:jar UP-TO-DATE
> Task :lib:websocket-client:processResources NO-SOURCE
> Task :lib:websocket-client:classes UP-TO-DATE
> Task :lib:websocket-client:jar UP-TO-DATE

> Task :game-app:game-headed:run
13:14:16,143 |-INFO in ch.qos.logback.classic.LoggerContext[default] - This is logback-classic version 1.5.18
13:14:16,144 |-INFO in ch.qos.logback.classic.util.ContextInitializer@1afd44cb - No custom configurators were discovered as a service.
13:14:16,144 |-INFO in ch.qos.logback.classic.util.ContextInitializer@1afd44cb - Trying to configure with ch.qos.logback.classic.joran.SerializedModelConfigurator
13:14:16,145 |-INFO in ch.qos.logback.classic.util.ContextInitializer@1afd44cb - Constructed configurator of type class ch.qos.logback.classic.joran.SerializedModelConfigurator
13:14:16,148 |-INFO in ch.qos.logback.classic.LoggerContext[default] - Could NOT find resource [logback-test.scmo]
13:14:16,148 |-INFO in ch.qos.logback.classic.LoggerContext[default] - Could NOT find resource [logback.scmo]
13:14:16,152 |-INFO in ch.qos.logback.classic.util.ContextInitializer@1afd44cb - ch.qos.logback.classic.joran.SerializedModelConfigurator.configure() call lasted 3 milliseconds. ExecutionStatus=INVOKE_NEXT_IF_ANY
13:14:16,152 |-INFO in ch.qos.logback.classic.util.ContextInitializer@1afd44cb - Trying to configure with ch.qos.logback.classic.util.DefaultJoranConfigurator
13:14:16,152 |-INFO in ch.qos.logback.classic.util.ContextInitializer@1afd44cb - Constructed configurator of type class ch.qos.logback.classic.util.DefaultJoranConfigurator
13:14:16,153 |-INFO in ch.qos.logback.classic.LoggerContext[default] - Could NOT find resource [logback-test.xml]
13:14:16,155 |-INFO in ch.qos.logback.classic.LoggerContext[default] - Found resource [logback.xml] at [file:/home/sanjana/tripleMind/triplea/game-app/game-headed/build/resources/main/logback.xml]
13:14:16,200 |-INFO in ch.qos.logback.core.model.processor.AppenderModelHandler - Processing appender named [swingMessage]
13:14:16,200 |-INFO in ch.qos.logback.core.model.processor.AppenderModelHandler - About to instantiate appender of type [org.triplea.debug.Slf4jLogMessageUploader]
13:14:16,201 |-INFO in ch.qos.logback.core.model.processor.AppenderModelHandler - Processing appender named [FILE]
13:14:16,201 |-INFO in ch.qos.logback.core.model.processor.AppenderModelHandler - About to instantiate appender of type [ch.qos.logback.core.rolling.RollingFileAppender]
13:14:16,204 |-INFO in ch.qos.logback.core.model.processor.ModelInterpretationContext@6973b51b - value "/home/sanjana/triplea/triplea.log" substituted for "${user.home}/triplea/triplea.log"
13:14:16,206 |-INFO in ch.qos.logback.core.model.processor.ImplicitModelHandler - Assuming default type [ch.qos.logback.classic.encoder.PatternLayoutEncoder] for [encoder] property
13:14:16,227 |-INFO in c.q.l.core.rolling.SizeAndTimeBasedRollingPolicy@447981768 - setting totalSizeCap to 10 MB
13:14:16,228 |-INFO in c.q.l.core.rolling.SizeAndTimeBasedRollingPolicy@447981768 - Archive files will be limited to [1 MB] each.
13:14:16,228 |-INFO in c.q.l.core.rolling.SizeAndTimeBasedRollingPolicy@447981768 - No compression will be used
13:14:16,229 |-INFO in c.q.l.core.rolling.SizeAndTimeBasedRollingPolicy@447981768 - Will use the pattern triplea-%d{yyyy-MM-dd}.%i.log for the active file
13:14:16,237 |-INFO in ch.qos.logback.core.rolling.SizeAndTimeBasedFileNamingAndTriggeringPolicy@43195e57 - The date pattern is 'yyyy-MM-dd' from file name pattern 'triplea-%d{yyyy-MM-dd}.%i.log'.
13:14:16,237 |-INFO in ch.qos.logback.core.rolling.SizeAndTimeBasedFileNamingAndTriggeringPolicy@43195e57 - Roll-over at midnight.
13:14:16,240 |-INFO in ch.qos.logback.core.rolling.SizeAndTimeBasedFileNamingAndTriggeringPolicy@43195e57 - Setting initial period to 2026-01-28T18:04:42.906Z
13:14:16,242 |-INFO in ch.qos.logback.core.rolling.RollingFileAppender[FILE] - Active log file name: /home/sanjana/triplea/triplea.log
13:14:16,243 |-INFO in ch.qos.logback.core.rolling.RollingFileAppender[FILE] - Setting currentFileLength to 2475 for /home/sanjana/triplea/triplea.log
13:14:16,243 |-INFO in ch.qos.logback.core.rolling.RollingFileAppender[FILE] - File property is set to [/home/sanjana/triplea/triplea.log]
13:14:16,243 |-INFO in ch.qos.logback.core.model.processor.AppenderModelHandler - Processing appender named [console]
13:14:16,243 |-INFO in ch.qos.logback.core.model.processor.AppenderModelHandler - About to instantiate appender of type [ch.qos.logback.core.ConsoleAppender]
13:14:16,244 |-WARN in ch.qos.logback.core.ConsoleAppender[console] - This appender no longer admits a layout as a sub-component, set an encoder instead.
13:14:16,244 |-WARN in ch.qos.logback.core.ConsoleAppender[console] - To ensure compatibility, wrapping your layout in LayoutWrappingEncoder.
13:14:16,244 |-WARN in ch.qos.logback.core.ConsoleAppender[console] - See also https://logback.qos.ch/codes.html#layoutInsteadOfEncoder for details
13:14:16,244 |-INFO in ch.qos.logback.core.ConsoleAppender[console] - BEWARE: Writing to the console can be very slow. Avoid logging to the 
13:14:16,244 |-INFO in ch.qos.logback.core.ConsoleAppender[console] - console in production environments, especially in high volume systems.
13:14:16,244 |-INFO in ch.qos.logback.core.ConsoleAppender[console] - See also https://logback.qos.ch/codes.html#slowConsole
13:14:16,245 |-INFO in ch.qos.logback.classic.model.processor.RootLoggerModelHandler - Setting level of ROOT logger to DEBUG
13:14:16,245 |-INFO in ch.qos.logback.core.model.processor.AppenderRefModelHandler - Attaching appender named [swingMessage] to Logger[ROOT]
13:14:16,245 |-INFO in ch.qos.logback.core.model.processor.AppenderRefModelHandler - Attaching appender named [console] to Logger[ROOT]
13:14:16,245 |-INFO in ch.qos.logback.core.model.processor.AppenderRefModelHandler - Attaching appender named [FILE] to Logger[ROOT]
13:14:16,245 |-INFO in ch.qos.logback.classic.model.processor.LoggerModelHandler - Setting level of logger [org.apache.http] to INFO
13:14:16,245 |-INFO in ch.qos.logback.core.model.processor.DefaultProcessor@333291e3 - End of configuration.
13:14:16,245 |-INFO in ch.qos.logback.classic.joran.JoranConfigurator@479d31f3 - Registering current configuration as safe fallback point
13:14:16,245 |-INFO in ch.qos.logback.classic.util.ContextInitializer@1afd44cb - ch.qos.logback.classic.util.DefaultJoranConfigurator.configure() call lasted 93 milliseconds. ExecutionStatus=DO_NOT_INVOKE_NEXT_IF_ANY

13:14:16.370 [main] INFO  o.t.game.client.HeadedGameRunner - Launching game, version: 2.7+00000 
13:14:16.485 [Thread-5] DEBUG g.s.e.data.gameparser.GameParser - Parsing game XML: /home/sanjana/triplea/downloadedMaps/capture_the_flag/map/games/capture_the_flag.xml
Request sent: [MY_MOVE] purchase
Received move: [{"delegate": "purchase", "unit": "artillery", "from": "", "to": "ItalianBase"}, {"delegate": "purchase", "unit": "armour", "from": "", "to": "ItalianBase"}, {"delegate": "purchase", "unit": "armour", "from": "", "to": "ItalianBase"}]
Request sent: [MY_MOVE] combat
Received move: [{"delegate": "combat", "from": "ItalianBase", "to": "ItalianStartRight", "unit": "armour", "count": 1}]
UnitType{name=armour}
Request sent: [MY_MOVE] noncombat
Received move: [{"delegate": "noncombat", "from": "ItalianStartRight", "to": "ItalianBase", "unit": "armour"}]
UnitType{name=armour}
Request sent: [MY_MOVE] purchase
Received move: [{"delegate": "purchase", "unit": "infantry", "from": "", "to": "ItalianBase"}, {"delegate": "purchase", "unit": "infantry", "from": "", "to": "ItalianBase"}, {"delegate": "purchase", "unit": "infantry", "from": "", "to": "ItalianBase"}, {"delegate": "purchase", "unit": "armour", "from": "", "to": "ItalianBase"}]
Request sent: [MY_MOVE] combat
Received move: [{"delegate": "combat", "from": "ItalianBase", "to": "ItalianStepOne", "unit": "armour", "count": 1}]
UnitType{name=armour}
Request sent: [MY_MOVE] noncombat
Received move: [{"delegate": "noncombat", "from": "ItalianStepOne", "to": "ItalianStartRight", "unit": "armour"}]
UnitType{name=armour}
Request sent: [MY_MOVE] purchase
Received move: [{"delegate": "purchase", "unit": "infantry", "from": "", "to": "ItalianBase"}, {"delegate": "purchase", "unit": "artillery", "from": "", "to": "ItalianBase"}, {"delegate": "purchase", "unit": "armour", "from": "", "to": "ItalianBase"}]
Request sent: [MY_MOVE] combat
Received move: [{"delegate": "combat", "from": "ItalianStepOne", "to": "ItalianStepTwo", "unit": "armour", "count": 1}]
UnitType{name=armour}
Request sent: [MY_MOVE] noncombat
Received move: [{"delegate": "noncombat", "from": "ItalianStart", "to": "ItalianStepOne", "unit": "infantry"}]
UnitType{name=infantry}
Request sent: [MY_MOVE] purchase
Received move: [{"delegate": "purchase", "unit": "infantry", "from": "", "to": "ItalianBase"}, {"delegate": "purchase", "unit": "infantry", "from": "", "to": "ItalianBase"}, {"delegate": "purchase", "unit": "artillery", "from": "", "to": "ItalianBase"}, {"delegate": "purchase", "unit": "artillery", "from": "", "to": "ItalianBase"}]
Request sent: [MY_MOVE] combat
Received move: [{"delegate": "combat", "from": "ItalianStartRight", "to": "TopBar", "unit": "armour", "count": 1}]
UnitType{name=armour}
Request sent: [MY_MOVE] noncombat
Received move: [{"delegate": "noncombat", "from": "ItalianStart", "to": "ItalianStartRight", "unit": "infantry"}]
UnitType{name=infantry}
Request sent: [MY_MOVE] purchase
Received move: [{"delegate": "purchase", "unit": "infantry", "from": "", "to": "ItalianBase"}, {"delegate": "purchase", "unit": "infantry", "from": "", "to": "ItalianBase"}, {"delegate": "purchase", "unit": "infantry", "from": "", "to": "ItalianBase"}, {"delegate": "purchase", "unit": "armour", "from": "", "to": "ItalianBase"}]
Request sent: [MY_MOVE] combat
Received move: [{"delegate": "combat", "from": "ItalianBase", "to": "ItalianStartLeft", "unit": "armour", "count": 1}]
UnitType{name=armour}
Request sent: [MY_MOVE] noncombat
Received move: [{"delegate": "noncombat", "from": "ItalianBase", "to": "ItalianStart", "unit": "armour"}]
UnitType{name=armour}
Request sent: [MY_MOVE] purchase
Received move: [{"delegate": "purchase", "unit": "infantry", "from": "", "to": "ItalianBase"}, {"delegate": "purchase", "unit": "infantry", "from": "", "to": "ItalianBase"}, {"delegate": "purchase", "unit": "infantry", "from": "", "to": "ItalianBase"}, {"delegate": "purchase", "unit": "infantry", "from": "", "to": "ItalianBase"}, {"delegate": "purchase", "unit": "infantry", "from": "", "to": "ItalianBase"}, {"delegate": "purchase", "unit": "infantry", "from": "", "to": "ItalianBase"}, {"delegate": "purchase", "unit": "infantry", "from": "", "to": "ItalianBase"}, {"delegate": "purchase", "unit": "infantry", "from": "", "to": "ItalianBase"}, {"delegate": "purchase", "unit": "artillery", "from": "", "to": "ItalianBase"}, {"delegate": "purchase", "unit": "armour", "from": "", "to": "ItalianBase"}]
Request sent: [MY_MOVE] combat
Received move: [{"delegate": "combat", "from": "ItalianBase", "to": "ItalianStartRight", "unit": "armour", "count": 2}, {"delegate": "combat", "from": "ItalianStart", "to": "ItalianStartRight", "unit": "armour", "count": 1}, {"delegate": "combat", "from": "ItalianStartLeft", "to": "ItalianStartRight", "unit": "armour", "count": 1}]
UnitType{name=armour}
UnitType{name=armour}
UnitType{name=armour}
Request sent: [MY_MOVE] noncombat
Received move: [{"delegate": "noncombat", "from": "ItalianStartRight", "to": "ItalianStart", "unit": "armour"}]
UnitType{name=armour}
Request sent: [MY_MOVE] purchase
Received move: [{"delegate": "purchase", "unit": "infantry", "from": "", "to": "ItalianBase"}, {"delegate": "purchase", "unit": "infantry", "from": "", "to": "ItalianBase"}, {"delegate": "purchase", "unit": "infantry", "from": "", "to": "ItalianBase"}, {"delegate": "purchase", "unit": "artillery", "from": "", "to": "ItalianBase"}, {"delegate": "purchase", "unit": "artillery", "from": "", "to": "ItalianBase"}]
Request sent: [MY_MOVE] combat
Received move: [{"delegate": "combat", "from": "ItalianStartRight", "to": "TopBar", "unit": "armour", "count": 1}]
UnitType{name=armour}
Request sent: [MY_MOVE] noncombat
Received move: [{"delegate": "noncombat", "from": "ItalianStartRight", "to": "ItalianBase", "unit": "armour"}]
UnitType{name=armour}
Request sent: [MY_MOVE] purchase
Received move: [{"delegate": "purchase", "unit": "infantry", "from": "", "to": "ItalianBase"}, {"delegate": "purchase", "unit": "infantry", "from": "", "to": "ItalianBase"}, {"delegate": "purchase", "unit": "infantry", "from": "", "to": "ItalianBase"}, {"delegate": "purchase", "unit": "infantry", "from": "", "to": "ItalianBase"}, {"delegate": "purchase", "unit": "infantry", "from": "", "to": "ItalianBase"}, {"delegate": "purchase", "unit": "armour", "from": "", "to": "ItalianBase"}]
Request sent: [MY_MOVE] combat
Received move: []
Request sent: [MY_MOVE] noncombat
Received move: [{"delegate": "noncombat", "from": "TopBar", "to": "ItalianStartRight", "unit": "armour"}]
UnitType{name=armour}
Request sent: [MY_MOVE] purchase
Received move: [{"delegate": "purchase", "unit": "infantry", "from": "", "to": "ItalianBase"}, {"delegate": "purchase", "unit": "infantry", "from": "", "to": "ItalianBase"}, {"delegate": "purchase", "unit": "artillery", "from": "", "to": "ItalianBase"}, {"delegate": "purchase", "unit": "artillery", "from": "", "to": "ItalianBase"}, {"delegate": "purchase", "unit": "armour", "from": "", "to": "ItalianBase"}]
Request sent: [MY_MOVE] combat
Received move: [{"delegate": "combat", "from": "ItalianBase", "to": "ItalianStart", "unit": "armour", "count": 3}]
UnitType{name=armour}
Request sent: [MY_MOVE] noncombat
Received move: [{"delegate": "noncombat", "from": "ItalianBase", "to": "ItalianStart", "unit": "artillery"}]
UnitType{name=artillery}
Request sent: [MY_MOVE] purchase
Received move: [{"delegate": "purchase", "unit": "artillery", "from": "", "to": "ItalianBase"}, {"delegate": "purchase", "unit": "armour", "from": "", "to": "ItalianBase"}]
Request sent: [MY_MOVE] combat
Received move: [{"delegate": "combat", "from": "ItalianBase", "to": "ItalianStartRight", "unit": "armour", "count": 1}, {"delegate": "combat", "from": "ItalianStart", "to": "ItalianStartRight", "unit": "armour", "count": 1}]
UnitType{name=armour}
UnitType{name=armour}
Request sent: [MY_MOVE] noncombat
Received move: [{"delegate": "noncombat", "from": "ItalianStart", "to": "ItalianStartRight", "unit": "artillery"}]
UnitType{name=artillery}
Request sent: [MY_MOVE] purchase
Received move: [{"delegate": "purchase", "unit": "infantry", "from": "", "to": "ItalianBase"}, {"delegate": "purchase", "unit": "infantry", "from": "", "to": "ItalianBase"}, {"delegate": "purchase", "unit": "infantry", "from": "", "to": "ItalianBase"}, {"delegate": "purchase", "unit": "infantry", "from": "", "to": "ItalianBase"}, {"delegate": "purchase", "unit": "infantry", "from": "", "to": "ItalianBase"}, {"delegate": "purchase", "unit": "infantry", "from": "", "to": "ItalianBase"}, {"delegate": "purchase", "unit": "infantry", "from": "", "to": "ItalianBase"}]
Request sent: [MY_MOVE] combat
Received move: [{"delegate": "combat", "from": "ItalianBase", "to": "ItalianStepOne", "unit": "armour", "count": 1}, {"delegate": "combat", "from": "ItalianStart", "to": "ItalianStepOne", "unit": "armour", "count": 2}]
UnitType{name=armour}
UnitType{name=armour}
Request sent: [MY_MOVE] noncombat
Received move: [{"delegate": "noncombat", "from": "ItalianBase", "to": "ItalianStart", "unit": "artillery"}]
UnitType{name=artillery}
Request sent: [MY_MOVE] purchase
Received move: [{"delegate": "purchase", "unit": "infantry", "from": "", "to": "ItalianBase"}, {"delegate": "purchase", "unit": "infantry", "from": "", "to": "ItalianBase"}, {"delegate": "purchase", "unit": "infantry", "from": "", "to": "ItalianBase"}, {"delegate": "purchase", "unit": "infantry", "from": "", "to": "ItalianBase"}, {"delegate": "purchase", "unit": "infantry", "from": "", "to": "ItalianBase"}, {"delegate": "purchase", "unit": "artillery", "from": "", "to": "ItalianBase"}]
Request sent: [MY_MOVE] combat
Received move: [{"delegate": "combat", "from": "ItalianStepOne", "to": "ItalianStart", "unit": "armour", "count": 3}, {"delegate": "combat", "from": "ItalianBase", "to": "ItalianStart", "unit": "artillery", "count": 3}]
UnitType{name=armour}
UnitType{name=artillery}
Request sent: [MY_MOVE] noncombat
Received move: [{"delegate": "noncombat", "from": "ItalianStart", "to": "ItalianStepTwo", "unit": "armour"}]
UnitType{name=armour}
Request sent: [MY_MOVE] purchase
Received move: [{"delegate": "purchase", "unit": "infantry", "from": "", "to": "ItalianBase"}, {"delegate": "purchase", "unit": "infantry", "from": "", "to": "ItalianBase"}, {"delegate": "purchase", "unit": "infantry", "from": "", "to": "ItalianBase"}, {"delegate": "purchase", "unit": "artillery", "from": "", "to": "ItalianBase"}, {"delegate": "purchase", "unit": "artillery", "from": "", "to": "ItalianBase"}]
Request sent: [MY_MOVE] combat
Received move: [{"delegate": "combat", "from": "ItalianStart", "to": "ItalianStepOne", "unit": "armour", "count": 3}]
UnitType{name=armour}
Request sent: [MY_MOVE] noncombat
Received move: [{"delegate": "noncombat", "from": "ItalianBase", "to": "ItalianStart", "unit": "infantry"}]
UnitType{name=infantry}
Request sent: [MY_MOVE] purchase
Received move: [{"delegate": "purchase", "unit": "infantry", "from": "", "to": "ItalianBase"}, {"delegate": "purchase", "unit": "infantry", "from": "", "to": "ItalianBase"}]
Request sent: [MY_MOVE] combat
Received move: [{"delegate": "combat", "from": "ItalianStepOne", "to": "ItalianStartLeft", "unit": "armour", "count": 3}, {"delegate": "combat", "from": "ItalianStart", "to": "ItalianStartLeft", "unit": "artillery", "count": 3}, {"delegate": "combat", "from": "ItalianStart", "to": "ItalianStartLeft", "unit": "infantry", "count": 1}]
UnitType{name=armour}
UnitType{name=artillery}
UnitType{name=infantry}
Request sent: [MY_MOVE] noncombat
Received move: [{"delegate": "noncombat", "from": "ItalianBase", "to": "ItalianStart", "unit": "artillery"}]
UnitType{name=artillery}
Request sent: [MY_MOVE] purchase
Received move: [{"delegate": "purchase", "unit": "armour", "from": "", "to": "ItalianBase"}, {"delegate": "purchase", "unit": "armour", "from": "", "to": "ItalianBase"}, {"delegate": "purchase", "unit": "armour", "from": "", "to": "ItalianBase"}]
Request sent: [MY_MOVE] combat
Received move: [{"delegate": "combat", "from": "ItalianStart", "to": "ItalianStartRight", "unit": "armour", "count": 3}]
UnitType{name=armour}
Request sent: [MY_MOVE] noncombat
Received move: [{"delegate": "noncombat", "from": "ItalianStart", "to": "ItalianBase", "unit": "artillery"}]
UnitType{name=artillery}
Request sent: [MY_MOVE] purchase
Received move: [{"delegate": "purchase", "unit": "infantry", "from": "", "to": "ItalianBase"}, {"delegate": "purchase", "unit": "artillery", "from": "", "to": "ItalianBase"}, {"delegate": "purchase", "unit": "artillery", "from": "", "to": "ItalianBase"}, {"delegate": "purchase", "unit": "artillery", "from": "", "to": "ItalianBase"}, {"delegate": "purchase", "unit": "artillery", "from": "", "to": "ItalianBase"}]
Request sent: [MY_MOVE] combat
Received move: []
Request sent: [MY_MOVE] noncombat
Received move: []
Request sent: [MY_MOVE] purchase
Received move: [{"delegate": "purchase", "unit": "infantry", "from": "", "to": "ItalianBase"}, {"delegate": "purchase", "unit": "infantry", "from": "", "to": "ItalianBase"}, {"delegate": "purchase", "unit": "infantry", "from": "", "to": "ItalianBase"}, {"delegate": "purchase", "unit": "infantry", "from": "", "to": "ItalianBase"}]
Request sent: [MY_MOVE] combat
Received move: [{"delegate": "combat", "from": "ItalianBase", "to": "ItalianStart", "unit": "armour", "count": 3}]
UnitType{name=armour}
Request sent: [MY_MOVE] noncombat
Received move: [{"delegate": "noncombat", "from": "ItalianBase", "to": "ItalianStart", "unit": "artillery"}]
UnitType{name=artillery}
Request sent: [MY_MOVE] purchase
Received move: [{"delegate": "purchase", "unit": "armour", "from": "", "to": "ItalianBase"}]
Request sent: [MY_MOVE] combat
Received move: [{"delegate": "combat", "from": "ItalianStart", "to": "ItalianStartLeft", "unit": "armour", "count": 3}, {"delegate": "combat", "from": "ItalianStart", "to": "ItalianStartLeft", "unit": "artillery", "count": 1}]
UnitType{name=armour}
UnitType{name=artillery}
Request sent: [MY_MOVE] noncombat
Received move: [{"delegate": "noncombat", "from": "ItalianStart", "to": "ItalianBase", "unit": "armour"}]
UnitType{name=armour}
Request sent: [MY_MOVE] purchase
Received move: [{"delegate": "purchase", "unit": "artillery", "from": "", "to": "ItalianBase"}, {"delegate": "purchase", "unit": "artillery", "from": "", "to": "ItalianBase"}, {"delegate": "purchase", "unit": "artillery", "from": "", "to": "ItalianBase"}, {"delegate": "purchase", "unit": "artillery", "from": "", "to": "ItalianBase"}]
Request sent: [MY_MOVE] combat
Received move: [{"delegate": "combat", "from": "ItalianBase", "to": "ItalianStart", "unit": "armour", "count": 1}, {"delegate": "combat", "from": "ItalianBase", "to": "ItalianStart", "unit": "artillery", "count": 8}]
UnitType{name=armour}
UnitType{name=artillery}
Request sent: [MY_MOVE] noncombat
Received move: [{"delegate": "noncombat", "from": "ItalianBase", "to": "ItalianStart", "unit": "artillery"}]
UnitType{name=artillery}
Request sent: [MY_MOVE] purchase
Received move: [{"delegate": "purchase", "unit": "artillery", "from": "", "to": "ItalianBase"}, {"delegate": "purchase", "unit": "artillery", "from": "", "to": "ItalianBase"}, {"delegate": "purchase", "unit": "armour", "from": "", "to": "ItalianBase"}]
Request sent: [MY_MOVE] combat
Received move: [{"delegate": "combat", "from": "ItalianStart", "to": "ItalianStartRight", "unit": "armour", "count": 1}, {"delegate": "combat", "from": "ItalianStart", "to": "ItalianStartRight", "unit": "artillery", "count": 6}]
UnitType{name=armour}
UnitType{name=artillery}
Request sent: [MY_MOVE] noncombat
Received move: [{"delegate": "noncombat", "from": "ItalianBase", "to": "ItalianStart", "unit": "artillery"}]
UnitType{name=artillery}
Request sent: [MY_MOVE] purchase
Received move: [{"delegate": "purchase", "unit": "artillery", "from": "", "to": "ItalianBase"}, {"delegate": "purchase", "unit": "artillery", "from": "", "to": "ItalianBase"}]
Request sent: [MY_MOVE] combat
Received move: [{"delegate": "combat", "from": "ItalianBase", "to": "ItalianStart", "unit": "armour", "count": 1}, {"delegate": "combat", "from": "ItalianBase", "to": "ItalianStart", "unit": "artillery", "count": 7}, {"delegate": "combat", "from": "ItalianBase", "to": "ItalianStart", "unit": "infantry", "count": 2}]
UnitType{name=armour}
UnitType{name=artillery}
UnitType{name=infantry}
Request sent: [MY_MOVE] noncombat
Received move: [{"delegate": "noncombat", "from": "ItalianBase", "to": "ItalianStart", "unit": "infantry"}]
UnitType{name=infantry}
Request sent: [MY_MOVE] purchase
Received move: [{"delegate": "purchase", "unit": "infantry", "from": "", "to": "ItalianBase"}, {"delegate": "purchase", "unit": "infantry", "from": "", "to": "ItalianBase"}, {"delegate": "purchase", "unit": "infantry", "from": "", "to": "ItalianBase"}, {"delegate": "purchase", "unit": "artillery", "from": "", "to": "ItalianBase"}]
Request sent: [MY_MOVE] combat
Received move: [{"delegate": "combat", "from": "ItalianStart", "to": "ItalianStartLeft", "unit": "armour", "count": 1}, {"delegate": "combat", "from": "ItalianStart", "to": "ItalianStartLeft", "unit": "artillery", "count": 7}, {"delegate": "combat", "from": "ItalianStart", "to": "ItalianStartLeft", "unit": "infantry", "count": 2}]
UnitType{name=armour}
UnitType{name=artillery}
UnitType{name=infantry}
Request sent: [MY_MOVE] noncombat
Received move: [{"delegate": "noncombat", "from": "ItalianBase", "to": "ItalianStart", "unit": "infantry"}]
UnitType{name=infantry}
Request sent: [MY_MOVE] purchase
Received move: [{"delegate": "purchase", "unit": "infantry", "from": "", "to": "ItalianBase"}, {"delegate": "purchase", "unit": "artillery", "from": "", "to": "ItalianBase"}, {"delegate": "purchase", "unit": "artillery", "from": "", "to": "ItalianBase"}, {"delegate": "purchase", "unit": "armour", "from": "", "to": "ItalianBase"}]
Request sent: [MY_MOVE] combat
Received move: [{"delegate": "combat", "from": "ItalianStart", "to": "ItalianStartLeft", "unit": "armour", "count": 1}, {"delegate": "combat", "from": "ItalianStart", "to": "ItalianStartLeft", "unit": "artillery", "count": 3}, {"delegate": "combat", "from": "ItalianStart", "to": "ItalianStartLeft", "unit": "infantry", "count": 1}]
UnitType{name=armour}
UnitType{name=artillery}
UnitType{name=infantry}
Request sent: [MY_MOVE] noncombat
Received move: [{"delegate": "noncombat", "from": "ItalianBase", "to": "ItalianStart", "unit": "infantry"}]
UnitType{name=infantry}
Request sent: [MY_MOVE] purchase
Received move: [{"delegate": "purchase", "unit": "armour", "from": "", "to": "ItalianBase"}, {"delegate": "purchase", "unit": "armour", "from": "", "to": "ItalianBase"}, {"delegate": "purchase", "unit": "armour", "from": "", "to": "ItalianBase"}]
Request sent: [MY_MOVE] combat
Received move: [{"delegate": "combat", "from": "ItalianBase", "to": "ItalianStart", "unit": "armour", "count": 1}, {"delegate": "combat", "from": "ItalianBase", "to": "ItalianStart", "unit": "artillery", "count": 5}, {"delegate": "combat", "from": "ItalianBase", "to": "ItalianStart", "unit": "infantry", "count": 2}]
UnitType{name=armour}
UnitType{name=artillery}
UnitType{name=infantry}
Request sent: [MY_MOVE] noncombat
Received move: [{"delegate": "noncombat", "from": "ItalianBase", "to": "ItalianStart", "unit": "infantry"}]
UnitType{name=infantry}
Request sent: [MY_MOVE] purchase
Received move: [{"delegate": "purchase", "unit": "infantry", "from": "", "to": "ItalianBase"}, {"delegate": "purchase", "unit": "artillery", "from": "", "to": "ItalianBase"}, {"delegate": "purchase", "unit": "artillery", "from": "", "to": "ItalianBase"}]
Request sent: [MY_MOVE] combat
Received move: [{"delegate": "combat", "from": "ItalianBase", "to": "ItalianStepOne", "unit": "armour", "count": 3}, {"delegate": "combat", "from": "ItalianStart", "to": "ItalianStepOne", "unit": "armour", "count": 1}, {"delegate": "combat", "from": "ItalianStart", "to": "ItalianStepOne", "unit": "artillery", "count": 5}, {"delegate": "combat", "from": "ItalianStart", "to": "ItalianStepOne", "unit": "infantry", "count": 1}]
UnitType{name=armour}
UnitType{name=armour}
UnitType{name=artillery}
UnitType{name=infantry}
Request sent: [MY_MOVE] noncombat
Received move: [{"delegate": "noncombat", "from": "ItalianStart", "to": "ItalianBase", "unit": "armour"}]
UnitType{name=armour}
Request sent: [MY_MOVE] purchase
Received move: [{"delegate": "purchase", "unit": "infantry", "from": "", "to": "ItalianBase"}, {"delegate": "purchase", "unit": "infantry", "from": "", "to": "ItalianBase"}, {"delegate": "purchase", "unit": "artillery", "from": "", "to": "ItalianBase"}]
Request sent: [MY_MOVE] combat
Received move: [{"delegate": "combat", "from": "ItalianBase", "to": "ItalianStart", "unit": "artillery", "count": 2}, {"delegate": "combat", "from": "ItalianBase", "to": "ItalianStart", "unit": "infantry", "count": 3}]
UnitType{name=artillery}
UnitType{name=infantry}
Request sent: [MY_MOVE] noncombat
Received move: [{"delegate": "noncombat", "from": "ItalianBase", "to": "ItalianStart", "unit": "infantry"}]
UnitType{name=infantry}
Request sent: [MY_MOVE] purchase
Received move: [{"delegate": "purchase", "unit": "artillery", "from": "", "to": "ItalianBase"}, {"delegate": "purchase", "unit": "artillery", "from": "", "to": "ItalianBase"}, {"delegate": "purchase", "unit": "artillery", "from": "", "to": "ItalianBase"}]
Request sent: [MY_MOVE] combat
Received move: [{"delegate": "combat", "from": "ItalianStart", "to": "ItalianStartRight", "unit": "artillery", "count": 2}, {"delegate": "combat", "from": "ItalianStart", "to": "ItalianStartRight", "unit": "infantry", "count": 4}]
UnitType{name=artillery}
UnitType{name=infantry}
Request sent: [MY_MOVE] noncombat
Received move: [{"delegate": "noncombat", "from": "ItalianBase", "to": "ItalianStart", "unit": "infantry"}]
UnitType{name=infantry}
Request sent: [MY_MOVE] purchase
Received move: [{"delegate": "purchase", "unit": "infantry", "from": "", "to": "ItalianBase"}, {"delegate": "purchase", "unit": "infantry", "from": "", "to": "ItalianBase"}, {"delegate": "purchase", "unit": "infantry", "from": "", "to": "ItalianBase"}, {"delegate": "purchase", "unit": "artillery", "from": "", "to": "ItalianBase"}]
Request sent: [MY_MOVE] combat
Received move: [{"delegate": "combat", "from": "ItalianBase", "to": "ItalianStart", "unit": "artillery", "count": 4}, {"delegate": "combat", "from": "ItalianBase", "to": "ItalianStart", "unit": "infantry", "count": 3}]
UnitType{name=artillery}
UnitType{name=infantry}
Request sent: [MY_MOVE] noncombat
Received move: [{"delegate": "noncombat", "from": "ItalianStart", "to": "ItalianBase", "unit": "artillery"}]
UnitType{name=artillery}
Request sent: [MY_MOVE] purchase
Received move: [{"delegate": "purchase", "unit": "infantry", "from": "", "to": "ItalianBase"}, {"delegate": "purchase", "unit": "artillery", "from": "", "to": "ItalianBase"}, {"delegate": "purchase", "unit": "armour", "from": "", "to": "ItalianBase"}]
Request sent: [MY_MOVE] combat
Received move: [{"delegate": "combat", "from": "ItalianStart", "to": "ItalianStartLeft", "unit": "artillery", "count": 4}, {"delegate": "combat", "from": "ItalianStart", "to": "ItalianStartLeft", "unit": "infantry", "count": 2}]
UnitType{name=artillery}
UnitType{name=infantry}
Request sent: [MY_MOVE] noncombat
Received move: [{"delegate": "noncombat", "from": "ItalianBase", "to": "ItalianStart", "unit": "artillery"}]
UnitType{name=artillery}
Request sent: [MY_MOVE] purchase
Received move: [{"delegate": "purchase", "unit": "infantry", "from": "", "to": "ItalianBase"}, {"delegate": "purchase", "unit": "infantry", "from": "", "to": "ItalianBase"}, {"delegate": "purchase", "unit": "infantry", "from": "", "to": "ItalianBase"}, {"delegate": "purchase", "unit": "infantry", "from": "", "to": "ItalianBase"}]
Request sent: [MY_MOVE] combat
Received move: [{"delegate": "combat", "from": "ItalianBase", "to": "ItalianStart", "unit": "armour", "count": 1}, {"delegate": "combat", "from": "ItalianBase", "to": "ItalianStart", "unit": "artillery", "count": 1}, {"delegate": "combat", "from": "ItalianBase", "to": "ItalianStart", "unit": "infantry", "count": 12}]
UnitType{name=armour}
UnitType{name=artillery}
UnitType{name=infantry}
Request sent: [MY_MOVE] noncombat
Received move: []
Request sent: [MY_MOVE] purchase
Received move: [{"delegate": "purchase", "unit": "infantry", "from": "", "to": "ItalianBase"}, {"delegate": "purchase", "unit": "artillery", "from": "", "to": "ItalianBase"}, {"delegate": "purchase", "unit": "armour", "from": "", "to": "ItalianBase"}]
Request sent: [MY_MOVE] combat
Received move: [{"delegate": "combat", "from": "ItalianBase", "to": "ItalianStart", "unit": "armour", "count": 1}, {"delegate": "combat", "from": "ItalianBase", "to": "ItalianStart", "unit": "artillery", "count": 1}, {"delegate": "combat", "from": "ItalianBase", "to": "ItalianStart", "unit": "infantry", "count": 2}]
UnitType{name=armour}
UnitType{name=artillery}
UnitType{name=infantry}
Request sent: [MY_MOVE] noncombat
Received move: [{"delegate": "noncombat", "from": "ItalianBase", "to": "ItalianStart", "unit": "infantry"}]
UnitType{name=infantry}
Request sent: [MY_MOVE] purchase
Received move: [{"delegate": "purchase", "unit": "armour", "from": "", "to": "ItalianBase"}]
Request sent: [MY_MOVE] combat
Received move: [{"delegate": "combat", "from": "ItalianBase", "to": "ItalianStart", "unit": "armour", "count": 1}, {"delegate": "combat", "from": "ItalianBase", "to": "ItalianStart", "unit": "artillery", "count": 1}, {"delegate": "combat", "from": "ItalianBase", "to": "ItalianStart", "unit": "infantry", "count": 14}]
UnitType{name=armour}
UnitType{name=artillery}
UnitType{name=infantry}
Request sent: [MY_MOVE] noncombat
Received move: []
Starting new game...
Playing round 0
Playing round 1
Playing round 2
Playing round 3
Playing round 4
Playing round 5
Playing round 6
Playing round 7
Playing round 8
Playing round 9
Playing round 10
Playing round 11
Playing round 12
Playing round 13
Playing round 14
Playing round 15
Playing round 16
Playing round 17
Playing round 18
Playing round 19
Playing round 20
Playing round 21
Playing round 22
Playing round 23
Playing round 24
Playing round 25
Playing round 26
Playing round 27
Playing round 28
Playing round 29
Playing round 30
Playing round 31
Playing round 32
Playing round 33
Playing round 34
Playing round 35
Playing round 36
Playing round 37
Playing round 38
Playing round 39
Game stopped (winner detected). 1 0
Stopping current game...
Completed game 1/10
Starting new game...
Playing round 0
Playing round 1
Playing round 2
Playing round 3
Playing round 4
Playing round 5
Playing round 6
Playing round 7
Playing round 8
Playing round 9
Playing round 10
Playing round 11
Playing round 12
Playing round 13
Playing round 14
Playing round 15
Playing round 16
Playing round 17
Playing round 18
Playing round 19
Playing round 20
Playing round 21
Playing round 22
Playing round 23
Playing round 24
Playing round 25
Playing round 26
Playing round 27
Playing round 28
Playing round 29
Playing round 30
Playing round 31
Playing round 32
Playing round 33
Playing round 34
Playing round 35
Playing round 36
Playing round 37
Playing round 38
Playing round 39
Playing round 40
Playing round 41
Playing round 42
Playing round 43
Playing round 44
Playing round 45
Playing round 46
Game stopped (winner detected). 1 0
Stopping current game...
Completed game 2/10
Starting new game...
Playing round 0
Playing round 1
Playing round 2
Playing round 3
Playing round 4
Playing round 5
Playing round 6
Playing round 7
Playing round 8
Playing round 9
Playing round 10
Playing round 11
Playing round 12
Playing round 13
Playing round 14
Playing round 15
Playing round 16
Playing round 17
Playing round 18
Playing round 19
Playing round 20
Playing round 21
Playing round 22
Playing round 23
Playing round 24
Playing round 25
Playing round 26
Playing round 27
Playing round 28
Playing round 29
Playing round 30
Playing round 31
Playing round 32
Playing round 33
Playing round 34
Playing round 35
Game stopped (winner detected). 1 0
Stopping current game...
Completed game 3/10
Starting new game...
Playing round 0
Playing round 1
Playing round 2
Playing round 3
Playing round 4
Playing round 5
Playing round 6
Playing round 7
Playing round 8
Playing round 9
Playing round 10
Playing round 11
Playing round 12
Playing round 13
Playing round 14
Playing round 15
Playing round 16
Playing round 17
Playing round 18
Playing round 19
Playing round 20
Game stopped (winner detected). 1 0
Stopping current game...
Completed game 4/10
Starting new game...
Playing round 0
Playing round 1
Playing round 2
Playing round 3
Playing round 4
Playing round 5
Playing round 6
Playing round 7
Playing round 8
Playing round 9
Playing round 10
Playing round 11
Playing round 12
Playing round 13
Playing round 14
Playing round 15
Playing round 16
Playing round 17
Playing round 18
Playing round 19
Playing round 20
Playing round 21
Playing round 22
Playing round 23
Playing round 24
Playing round 25
Playing round 26
Playing round 27
Playing round 28
Playing round 29
Playing round 30
Playing round 31
Playing round 32
Playing round 33
Playing round 34
Playing round 35
Playing round 36
Playing round 37
Playing round 38
Playing round 39
Playing round 40
Playing round 41
Playing round 42
Playing round 43
Playing round 44
Playing round 45
Playing round 46
Playing round 47
Playing round 48
Playing round 49
Playing round 50
Playing round 51
Game stopped (winner detected). 1 0
Stopping current game...
Completed game 5/10
Starting new game...
Playing round 0
Playing round 1
Playing round 2
Playing round 3
Playing round 4
Playing round 5
Playing round 6
Playing round 7
Playing round 8
Playing round 9
Playing round 10
Playing round 11
Playing round 12
Playing round 13
Playing round 14
Playing round 15
Playing round 16
Playing round 17
Playing round 18
Playing round 19
Playing round 20
Playing round 21
Playing round 22
Playing round 23
Playing round 24
Playing round 25
Game stopped (winner detected). 1 0
Stopping current game...
Completed game 6/10
Starting new game...
Playing round 0
Playing round 1
Playing round 2
Playing round 3
Playing round 4
Playing round 5
Playing round 6
Playing round 7
Playing round 8
Playing round 9
Playing round 10
Playing round 11
Playing round 12
Playing round 13
Playing round 14
Playing round 15
Playing round 16
Playing round 17
Playing round 18
Playing round 19
Playing round 20
Playing round 21
Playing round 22
Playing round 23
Game stopped (winner detected). 1 0
Stopping current game...
Completed game 7/10
Starting new game...
Playing round 0
Playing round 1
Playing round 2
Playing round 3
Playing round 4
Playing round 5
Playing round 6
Playing round 7
Playing round 8
Playing round 9
Playing round 10
Playing round 11
Playing round 12
Playing round 13
Playing round 14
Playing round 15
Playing round 16
Playing round 17
Playing round 18
Playing round 19
Playing round 20
Playing round 21
Playing round 22
Playing round 23
Playing round 24
Playing round 25
Playing round 26
Playing round 27
Playing round 28
Playing round 29
Playing round 30
Playing round 31
Playing round 32
Playing round 33
Playing round 34
Playing round 35
Playing round 36
Playing round 37
Playing round 38
Playing round 39
Playing round 40
Playing round 41
Playing round 42
Playing round 43
Playing round 44
Playing round 45
Playing round 46
Playing round 47
Game stopped (winner detected). 1 0
Stopping current game...
Completed game 8/10
Starting new game...
Playing round 0
Playing round 1
Playing round 2
Playing round 3
Playing round 4
Playing round 5
Playing round 6
Playing round 7
Playing round 8
Playing round 9
Playing round 10
Playing round 11
Playing round 12
Playing round 13
Playing round 14
Playing round 15
Playing round 16
Playing round 17
Playing round 18
Playing round 19
Playing round 20
Playing round 21
Playing round 22
Playing round 23
Playing round 24
Playing round 25
Playing round 26
Game stopped (winner detected). 1 0
Stopping current game...
Completed game 9/10
Starting new game...
Playing round 0
Playing round 1
Playing round 2
Playing round 3
Playing round 4
Playing round 5
Playing round 6
Playing round 7
Playing round 8
Playing round 9
Playing round 10
Playing round 11
Playing round 12
Playing round 13
Playing round 14
Playing round 15
Playing round 16
Playing round 17
Playing round 18
Playing round 19
Playing round 20
Playing round 21
Playing round 22
Playing round 23
Playing round 24
Playing round 25
Playing round 26
Playing round 27
Playing round 28
Playing round 29
Playing round 30
Playing round 31
Playing round 32
Playing round 33
Game stopped (winner detected). 1 0
Stopping current game...
Completed game 10/10
All games finished.
