Type: <class 'list'>
Length: 128
[SelfPlayExample(state_tensor=array([[[1. , 0. , 1. , 1. , 1. , 1. , 1. , 0. , 1. ],
        [0. , 1. , 0. , 0. , 0. , 0. , 0. , 1. , 0. ],
        [1. , 0. , 1. , 0. , 0. , 0. , 1. , 0. , 1. ],
        [1. , 0. , 0. , 1. , 0. , 1. , 0. , 0. , 1. ],
        [1. , 0. , 0. , 0. , 1. , 0. , 0. , 0. , 1. ],
        [1. , 0. , 0. , 1. , 0. , 1. , 0. , 0. , 1. ],
        [1. , 0. , 1. , 0. , 0. , 0. , 1. , 0. , 1. ],
        [0. , 1. , 0. , 0. , 0. , 0. , 0. , 1. , 0. ],
        [1. , 0. , 1. , 1. , 1. , 1. , 1. , 0. , 1. ]],

       [[1. , 0. , 0. , 0. , 0. , 0. , 0. , 0. , 0. ],
        [0. , 1. , 0. , 0. , 0. , 0. , 0. , 0. , 0. ],
        [0. , 0. , 0. , 0. , 0. , 0. , 0. , 0. , 0. ],
        [0. , 0. , 0. , 0. , 0. , 0. , 0. , 0. , 0. ],
        [0. , 0. , 0. , 0. , 0. , 0. , 0. , 0. , 0. ],
        [0. , 0. , 0. , 0. , 0. , 0. , 0. , 0. , 0. ],
        [0. , 0. , 0. , 0. , 0. , 0. , 0. , 0. , 0. ],
        [0. , 0. , 0. , 0. , 0. , 0. , 0. , 0. , 0. ],
        [0. , 0. , 0. , 0. , 0. , 0. , 0. , 0. , 0. ]],

       [[0. , 0. , 0. , 0. , 0. , 0. , 0. , 0. , 1. ],
        [0. , 0. , 0. , 0. , 0. , 0. , 0. , 1. , 0. ],
        [0. , 0. , 0. , 0. , 0. , 0. , 0. , 0. , 0. ],
        [0. , 0. , 0. , 0. , 0. , 0. , 0. , 0. , 0. ],
        [0. , 0. , 0. , 0. , 0. , 0. , 0. , 0. , 0. ],
        [0. , 0. , 0. , 0. , 0. , 0. , 0. , 0. , 0. ],
        [0. , 0. , 0. , 0. , 0. , 0. , 0. , 0. , 0. ],
        [0. , 0. , 0. , 0. , 0. , 0. , 0. , 0. , 0. ],
        [0. , 0. , 0. , 0. , 0. , 0. , 0. , 0. , 0. ]],

       [[0. , 0. , 0. , 0. , 0. , 0. , 0. , 0. , 0. ],
        [0. , 0. , 0. , 0. , 0. , 0. , 0. , 0. , 0. ],
        [0. , 0. , 0. , 0. , 0. , 0. , 0. , 0. , 0. ],
        [0. , 0. , 0. , 0. , 0. , 0. , 0. , 0. , 0. ],
        [0. , 0. , 0. , 0. , 0. , 0. , 0. , 0. , 0. ],
        [0. , 0. , 0. , 0. , 0. , 0. , 0. , 0. , 0. ],
        [0. , 0. , 0. , 0. , 0. , 0. , 0. , 0. , 0. ],
        [0. , 0. , 0. , 0. , 0. , 0. , 0. , 1. , 0. ],
        [0. , 0. , 0. , 0. , 0. , 0. , 0. , 0. , 1. ]],

       [[0. , 0. , 0. , 0. , 0. , 0. , 0. , 0. , 0. ],
        [0. , 0. , 0. , 0. , 0. , 0. , 0. , 0. , 0. ],
        [0. , 0. , 0. , 0. , 0. , 0. , 0. , 0. , 0. ],
        [0. , 0. , 0. , 0. , 0. , 0. , 0. , 0. , 0. ],
        [0. , 0. , 0. , 0. , 0. , 0. , 0. , 0. , 0. ],
        [0. , 0. , 0. , 0. , 0. , 0. , 0. , 0. , 0. ],
        [0. , 0. , 0. , 0. , 0. , 0. , 0. , 0. , 0. ],
        [0. , 1. , 0. , 0. , 0. , 0. , 0. , 0. , 0. ],
        [1. , 0. , 0. , 0. , 0. , 0. , 0. , 0. , 0. ]],

       [[1. , 0. , 0. , 0. , 0. , 0. , 0. , 0. , 1. ],
        [0. , 0. , 0. , 0. , 0. , 0. , 0. , 0. , 0. ],
        [0. , 0. , 0. , 0. , 0. , 0. , 0. , 0. , 0. ],
        [0. , 0. , 0. , 0. , 0. , 0. , 0. , 0. , 0. ],
        [0. , 0. , 0. , 0. , 0. , 0. , 0. , 0. , 0. ],
        [0. , 0. , 0. , 0. , 0. , 0. , 0. , 0. , 0. ],
        [0. , 0. , 0. , 0. , 0. , 0. , 0. , 0. , 0. ],
        [0. , 0. , 0. , 0. , 0. , 0. , 0. , 0. , 0. ],
        [1. , 0. , 0. , 0. , 0. , 0. , 0. , 0. , 1. ]],

       [[2. , 0. , 0.4, 0.4, 0.4, 0.4, 0.4, 0. , 2. ],
        [0. , 0.4, 0. , 0. , 0. , 0. , 0. , 0.4, 0. ],
        [0.4, 0. , 0.4, 0. , 0. , 0. , 0.4, 0. , 0.4],
        [0.4, 0. , 0. , 0.4, 0. , 0.4, 0. , 0. , 0.4],
        [0.4, 0. , 0. , 0. , 3. , 0. , 0. , 0. , 0.4],
        [0.4, 0. , 0. , 0.4, 0. , 0.4, 0. , 0. , 0.4],
        [0.4, 0. , 0.4, 0. , 0. , 0. , 0.4, 0. , 0.4],
        [0. , 0.4, 0. , 0. , 0. , 0. , 0. , 0.4, 0. ],
        [2. , 0. , 0.4, 0.4, 0.4, 0.4, 0.4, 0. , 2. ]],

       [[0.2, 0. , 0. , 0. , 0. , 0. , 0. , 0. , 0.2],
        [0. , 0.2, 0. , 0. , 0. , 0. , 0. , 0.2, 0. ],
        [0. , 0. , 0. , 0. , 0. , 0. , 0. , 0. , 0. ],
        [0. , 0. , 0. , 0. , 0. , 0. , 0. , 0. , 0. ],
        [0. , 0. , 0. , 0. , 0.3, 0. , 0. , 0. , 0. ],
        [0. , 0. , 0. , 0. , 0. , 0. , 0. , 0. , 0. ],
        [0. , 0. , 0. , 0. , 0. , 0. , 0. , 0. , 0. ],
        [0. , 0.2, 0. , 0. , 0. , 0. , 0. , 0.2, 0. ],
        [0.2, 0. , 0. , 0. , 0. , 0. , 0. , 0. , 0.2]],

       [[0. , 0. , 0. , 0. , 0. , 0. , 0. , 0. , 0. ],
        [0. , 0.2, 0. , 0. , 0. , 0. , 0. , 0.2, 0. ],
        [0. , 0. , 0. , 0. , 0. , 0. , 0. , 0. , 0. ],
        [0. , 0. , 0. , 0. , 0. , 0. , 0. , 0. , 0. ],
        [0. , 0. , 0. , 0. , 0.3, 0. , 0. , 0. , 0. ],
        [0. , 0. , 0. , 0. , 0. , 0. , 0. , 0. , 0. ],
        [0. , 0. , 0. , 0. , 0. , 0. , 0. , 0. , 0. ],
        [0. , 0.2, 0. , 0. , 0. , 0. , 0. , 0.2, 0. ],
        [0. , 0. , 0. , 0. , 0. , 0. , 0. , 0. , 0. ]],

       [[0. , 0. , 0. , 0. , 0. , 0. , 0. , 0. , 0. ],
        [0. , 0. , 0. , 0. , 0. , 0. , 0. , 0. , 0. ],
        [0. , 0. , 0. , 0. , 0. , 0. , 0. , 0. , 0. ],
        [0. , 0. , 0. , 0. , 0. , 0. , 0. , 0. , 0. ],
        [0. , 0. , 0. , 0. , 0. , 0. , 0. , 0. , 0. ],
        [0. , 0. , 0. , 0. , 0. , 0. , 0. , 0. , 0. ],
        [0. , 0. , 0. , 0. , 0. , 0. , 0. , 0. , 0. ],
        [0. , 0. , 0. , 0. , 0. , 0. , 0. , 0. , 0. ],
        [0. , 0. , 0. , 0. , 0. , 0. , 0. , 0. , 0. ]],

       [[0.1, 0. , 0. , 0. , 0. , 0. , 0. , 0. , 0.1],
        [0. , 0. , 0. , 0. , 0. , 0. , 0. , 0. , 0. ],
        [0. , 0. , 0. , 0. , 0. , 0. , 0. , 0. , 0. ],
        [0. , 0. , 0. , 0. , 0. , 0. , 0. , 0. , 0. ],
        [0. , 0. , 0. , 0. , 0. , 0. , 0. , 0. , 0. ],
        [0. , 0. , 0. , 0. , 0. , 0. , 0. , 0. , 0. ],
        [0. , 0. , 0. , 0. , 0. , 0. , 0. , 0. , 0. ],
        [0. , 0. , 0. , 0. , 0. , 0. , 0. , 0. , 0. ],
        [0.1, 0. , 0. , 0. , 0. , 0. , 0. , 0. , 0.1]],

       [[0. , 0. , 0. , 0. , 0. , 0. , 0. , 0. , 0. ],
        [0. , 0. , 0. , 0. , 0. , 0. , 0. , 0. , 0. ],
        [0. , 0. , 0. , 0. , 0. , 0. , 0. , 0. , 0. ],
        [0. , 0. , 0. , 0. , 0. , 0. , 0. , 0. , 0. ],
        [0. , 0. , 0. , 0. , 0. , 0. , 0. , 0. , 0. ],
        [0. , 0. , 0. , 0. , 0. , 0. , 0. , 0. , 0. ],
        [0. , 0. , 0. , 0. , 0. , 0. , 0. , 0. , 0. ],
        [0. , 0. , 0. , 0. , 0. , 0. , 0. , 0. , 0. ],
        [0. , 0. , 0. , 0. , 0. , 0. , 0. , 0. , 0. ]]], dtype=float32),
                 move_feats=[array([0.5, 0.3, 0. , 0.4, 0.4, 0. ], dtype=float32),
                             array([0.2, 0.2, 0. , 0.4, 0.2, 0. ], dtype=float32),
                             array([0. , 0. , 0. , 0.4, 0. , 1. ], dtype=float32)],
                 pi=[0.24869383490073146,
                     0.4054336468129572,
                     0.3458725182863114],
                 z=1.0),
 SelfPlayExample(state_tensor=array([[[1. , 0. , 1. , 1. , 1. , 1. , 1. , 0. , 1. ],
        [0. , 1. , 0. , 0. , 0. , 0. , 0. , 1. , 0. ],
        [1. , 0. , 1. , 0. , 0. , 0. , 1. , 0. , 1. ],
        [1. , 0. , 0. , 1. , 0. , 1. , 0. , 0. , 1. ],
        [1. , 0. , 0. , 0. , 1. , 0. , 0. , 0. , 1. ],
        [1. , 0. , 0. , 1. , 0. , 1. , 0. , 0. , 1. ],
        [1. , 0. , 1. , 0. , 0. , 0. , 1. , 0. , 1. ],
        [0. , 1. , 0. , 0. , 0. , 0. , 0. , 1. , 0. ],
        [1. , 0. , 1. , 1. , 1. , 1. , 1. , 0. , 1. ]],

       [[1. , 0. , 1. , 0. , 0. , 0. , 0. , 0. , 0. ],
        [0. , 1. , 0. , 0. , 0. , 0. , 0. , 0. , 0. ],
        [1. , 0. , 0. , 0. , 0. , 0. , 0. , 0. , 0. ],
        [0. , 0. , 0. , 0. , 0. , 0. , 0. , 0. , 0. ],
        [0. , 0. , 0. , 0. , 0. , 0. , 0. , 0. , 0. ],
        [0. , 0. , 0. , 0. , 0. , 0. , 0. , 0. , 0. ],
        [0. , 0. , 0. , 0. , 0. , 0. , 0. , 0. , 0. ],
        [0. , 0. , 0. , 0. , 0. , 0. , 0. , 0. , 0. ],
        [0. , 0. , 0. , 0. , 0. , 0. , 0. , 0. , 0. ]],

       [[0. , 0. , 0. , 0. , 0. , 0. , 0. , 0. , 1. ],
        [0. , 0. , 0. , 0. , 0. , 0. , 0. , 1. , 0. ],
        [0. , 0. , 0. , 0. , 0. , 0. , 0. , 0. , 0. ],
        [0. , 0. , 0. , 0. , 0. , 0. , 0. , 0. , 0. ],
        [0. , 0. , 0. , 0. , 0. , 0. , 0. , 0. , 0. ],
        [0. , 0. , 0. , 0. , 0. , 0. , 0. , 0. , 0. ],
        [0. , 0. , 0. , 0. , 0. , 0. , 0. , 0. , 0. ],
        [0. , 0. , 0. , 0. , 0. , 0. , 0. , 0. , 0. ],
        [0. , 0. , 0. , 0. , 0. , 0. , 0. , 0. , 0. ]],

       [[0. , 0. , 0. , 0. , 0. , 0. , 0. , 0. , 0. ],
        [0. , 0. , 0. , 0. , 0. , 0. , 0. , 0. , 0. ],
        [0. , 0. , 0. , 0. , 0. , 0. , 0. , 0. , 0. ],
        [0. , 0. , 0. , 0. , 0. , 0. , 0. , 0. , 0. ],
        [0. , 0. , 0. , 0. , 0. , 0. , 0. , 0. , 0. ],
        [0. , 0. , 0. , 0. , 0. , 0. , 0. , 0. , 0. ],
        [0. , 0. , 0. , 0. , 0. , 0. , 0. , 0. , 1. ],
        [0. , 0. , 0. , 0. , 0. , 0. , 0. , 1. , 0. ],
        [0. , 0. , 0. , 0. , 0. , 0. , 0. , 0. , 1. ]],

       [[0. , 0. , 0. , 0. , 0. , 0. , 0. , 0. , 0. ],
        [0. , 0. , 0. , 0. , 0. , 0. , 0. , 0. , 0. ],
        [0. , 0. , 0. , 0. , 0. , 0. , 0. , 0. , 0. ],
        [0. , 0. , 0. , 0. , 0. , 0. , 0. , 0. , 0. ],
        [0. , 0. , 0. , 0. , 0. , 0. , 0. , 0. , 0. ],
        [0. , 0. , 0. , 0. , 0. , 0. , 0. , 0. , 0. ],
        [1. , 0. , 0. , 0. , 0. , 0. , 0. , 0. , 0. ],
        [0. , 1. , 0. , 0. , 0. , 0. , 0. , 0. , 0. ],
        [1. , 0. , 0. , 0. , 0. , 0. , 0. , 0. , 0. ]],

       [[1. , 0. , 0. , 0. , 0. , 0. , 0. , 0. , 1. ],
        [0. , 0. , 0. , 0. , 0. , 0. , 0. , 0. , 0. ],
        [0. , 0. , 0. , 0. , 0. , 0. , 0. , 0. , 0. ],
        [0. , 0. , 0. , 0. , 0. , 0. , 0. , 0. , 0. ],
        [0. , 0. , 0. , 0. , 0. , 0. , 0. , 0. , 0. ],
        [0. , 0. , 0. , 0. , 0. , 0. , 0. , 0. , 0. ],
        [0. , 0. , 0. , 0. , 0. , 0. , 0. , 0. , 0. ],
        [0. , 0. , 0. , 0. , 0. , 0. , 0. , 0. , 0. ],
        [1. , 0. , 0. , 0. , 0. , 0. , 0. , 0. , 1. ]],

       [[2. , 0. , 0.4, 0.4, 0.4, 0.4, 0.4, 0. , 2. ],
        [0. , 0.4, 0. , 0. , 0. , 0. , 0. , 0.4, 0. ],
        [0.4, 0. , 0.4, 0. , 0. , 0. , 0.4, 0. , 0.4],
        [0.4, 0. , 0. , 0.4, 0. , 0.4, 0. , 0. , 0.4],
        [0.4, 0. , 0. , 0. , 3. , 0. , 0. , 0. , 0.4],
        [0.4, 0. , 0. , 0.4, 0. , 0.4, 0. , 0. , 0.4],
        [0.4, 0. , 0.4, 0. , 0. , 0. , 0.4, 0. , 0.4],
        [0. , 0.4, 0. , 0. , 0. , 0. , 0. , 0.4, 0. ],
        [2. , 0. , 0.4, 0.4, 0.4, 0.4, 0.4, 0. , 2. ]],

       [[0.4, 0. , 0.2, 0. , 0. , 0. , 0. , 0. , 0.5],
        [0. , 0. , 0. , 0. , 0. , 0. , 0. , 0.3, 0. ],
        [0.1, 0. , 0. , 0. , 0. , 0. , 0. , 0. , 0. ],
        [0. , 0. , 0. , 0. , 0. , 0. , 0. , 0. , 0. ],
        [0. , 0. , 0. , 0. , 0.3, 0. , 0. , 0. , 0. ],
        [0. , 0. , 0. , 0. , 0. , 0. , 0. , 0. , 0. ],
        [0.3, 0. , 0. , 0. , 0. , 0. , 0. , 0. , 0.3],
        [0. , 0. , 0. , 0. , 0. , 0. , 0. , 0. , 0. ],
        [0.7, 0. , 0. , 0. , 0. , 0. , 0. , 0. , 0.5]],

       [[0.1, 0. , 0.2, 0. , 0. , 0. , 0. , 0. , 0.2],
        [0. , 0. , 0. , 0. , 0. , 0. , 0. , 0.2, 0. ],
        [0. , 0. , 0. , 0. , 0. , 0. , 0. , 0. , 0. ],
        [0. , 0. , 0. , 0. , 0. , 0. , 0. , 0. , 0. ],
        [0. , 0. , 0. , 0. , 0.3, 0. , 0. , 0. , 0. ],
        [0. , 0. , 0. , 0. , 0. , 0. , 0. , 0. , 0. ],
        [0.2, 0. , 0. , 0. , 0. , 0. , 0. , 0. , 0.2],
        [0. , 0. , 0. , 0. , 0. , 0. , 0. , 0. , 0. ],
        [0.3, 0. , 0. , 0. , 0. , 0. , 0. , 0. , 0.1]],

       [[0.1, 0. , 0. , 0. , 0. , 0. , 0. , 0. , 0.1],
        [0. , 0. , 0. , 0. , 0. , 0. , 0. , 0. , 0. ],
        [0. , 0. , 0. , 0. , 0. , 0. , 0. , 0. , 0. ],
        [0. , 0. , 0. , 0. , 0. , 0. , 0. , 0. , 0. ],
        [0. , 0. , 0. , 0. , 0. , 0. , 0. , 0. , 0. ],
        [0. , 0. , 0. , 0. , 0. , 0. , 0. , 0. , 0. ],
        [0. , 0. , 0. , 0. , 0. , 0. , 0. , 0. , 0. ],
        [0. , 0. , 0. , 0. , 0. , 0. , 0. , 0. , 0. ],
        [0.3, 0. , 0. , 0. , 0. , 0. , 0. , 0. , 0. ]],

       [[0.1, 0. , 0. , 0. , 0. , 0. , 0. , 0. , 0.1],
        [0. , 0. , 0. , 0. , 0. , 0. , 0. , 0.1, 0. ],
        [0.1, 0. , 0. , 0. , 0. , 0. , 0. , 0. , 0. ],
        [0. , 0. , 0. , 0. , 0. , 0. , 0. , 0. , 0. ],
        [0. , 0. , 0. , 0. , 0. , 0. , 0. , 0. , 0. ],
        [0. , 0. , 0. , 0. , 0. , 0. , 0. , 0. , 0. ],
        [0.1, 0. , 0. , 0. , 0. , 0. , 0. , 0. , 0.1],
        [0. , 0. , 0. , 0. , 0. , 0. , 0. , 0. , 0. ],
        [0. , 0. , 0. , 0. , 0. , 0. , 0. , 0. , 0.3]],

       [[0. , 0. , 0. , 0. , 0. , 0. , 0. , 0. , 0. ],
        [0. , 0. , 0. , 0. , 0. , 0. , 0. , 0. , 0. ],
        [0. , 0. , 0. , 0. , 0. , 0. , 0. , 0. , 0. ],
        [0. , 0. , 0. , 0. , 0. , 0. , 0. , 0. , 0. ],
        [0. , 0. , 0. , 0. , 0. , 0. , 0. , 0. , 0. ],
        [0. , 0. , 0. , 0. , 0. , 0. , 0. , 0. , 0. ],
        [0. , 0. , 0. , 0. , 0. , 0. , 0. , 0. , 0. ],
        [0. , 0. , 0. , 0. , 0. , 0. , 0. , 0. , 0. ],
        [0. , 0. , 0. , 0. , 0. , 0. , 0. , 0. , 0. ]]], dtype=float32),
                 move_feats=[array([0.3, 0.1, 0. , 0.4, 0.2, 0. ], dtype=float32),
                             array([0. , 0. , 0. , 0.4, 0. , 1. ], dtype=float32)],
                 pi=[0.6206896551724138, 0.3793103448275862],
                 z=1.0),
 SelfPlayExample(state_tensor=array([[[1. , 0. , 1. , 1. , 1. , 1. , 1. , 0. , 1. ],
        [0. , 1. , 0. , 0. , 0. , 0. , 0. , 1. , 0. ],
        [1. , 0. , 1. , 0. , 0. , 0. , 1. , 0. , 1. ],
        [1. , 0. , 0. , 1. , 0. , 1. , 0. , 0. , 1. ],
        [1. , 0. , 0. , 0. , 1. , 0. , 0. , 0. , 1. ],
        [1. , 0. , 0. , 1. , 0. , 1. , 0. , 0. , 1. ],
        [1. , 0. , 1. , 0. , 0. , 0. , 1. , 0. , 1. ],
        [0. , 1. , 0. , 0. , 0. , 0. , 0. , 1. , 0. ],
        [1. , 0. , 1. , 1. , 1. , 1. , 1. , 0. , 1. ]],

       [[1. , 0. , 1. , 0. , 0. , 0. , 0. , 0. , 0. ],
        [0. , 1. , 0. , 0. , 0. , 0. , 0. , 0. , 0. ],
        [1. , 0. , 1. , 0. , 0. , 0. , 0. , 0. , 0. ],
        [1. , 0. , 0. , 0. , 0. , 0. , 0. , 0. , 0. ],
        [1. , 0. , 0. , 0. , 0. , 0. , 0. , 0. , 0. ],
        [1. , 0. , 0. , 0. , 0. , 0. , 0. , 0. , 0. ],
        [0. , 0. , 0. , 0. , 0. , 0. , 0. , 0. , 0. ],
        [0. , 0. , 0. , 0. , 0. , 0. , 0. , 0. , 0. ],
        [0. , 0. , 0. , 0. , 0. , 0. , 0. , 0. , 0. ]],

       [[0. , 0. , 0. , 0. , 0. , 0. , 0. , 0. , 1. ],
        [0. , 0. , 0. , 0. , 0. , 0. , 0. , 1. , 0. ],
        [0. , 0. , 0. , 0. , 0. , 0. , 0. , 0. , 1. ],
        [0. , 0. , 0. , 0. , 0. , 0. , 0. , 0. , 0. ],
        [0. , 0. , 0. , 0. , 0. , 0. , 0. , 0. , 0. ],
        [0. , 0. , 0. , 0. , 0. , 0. , 0. , 0. , 0. ],
        [0. , 0. , 0. , 0. , 0. , 0. , 0. , 0. , 0. ],
        [0. , 0. , 0. , 0. , 0. , 0. , 0. , 0. , 0. ],
        [0. , 0. , 0. , 0. , 0. , 0. , 0. , 0. , 0. ]],

       [[0. , 0. , 0. , 0. , 0. , 0. , 0. , 0. , 0. ],
        [0. , 0. , 0. , 0. , 0. , 0. , 0. , 0. , 0. ],
        [0. , 0. , 0. , 0. , 0. , 0. , 0. , 0. , 0. ],
        [0. , 0. , 0. , 0. , 0. , 0. , 0. , 0. , 1. ],
        [0. , 0. , 0. , 0. , 0. , 0. , 0. , 0. , 1. ],
        [0. , 0. , 0. , 0. , 0. , 0. , 0. , 0. , 1. ],
        [0. , 0. , 0. , 0. , 0. , 0. , 0. , 0. , 1. ],
        [0. , 0. , 0. , 0. , 0. , 0. , 0. , 1. , 0. ],
        [0. , 0. , 0. , 0. , 0. , 0. , 1. , 0. , 1. ]],

       [[0. , 0. , 0. , 0. , 0. , 0. , 0. , 0. , 0. ],
        [0. , 0. , 0. , 0. , 0. , 0. , 0. , 0. , 0. ],
        [0. , 0. , 0. , 0. , 0. , 0. , 0. , 0. , 0. ],
        [0. , 0. , 0. , 0. , 0. , 0. , 0. , 0. , 0. ],
        [0. , 0. , 0. , 0. , 0. , 0. , 0. , 0. , 0. ],
        [0. , 0. , 0. , 0. , 0. , 0. , 0. , 0. , 0. ],
        [1. , 0. , 0. , 0. , 0. , 0. , 0. , 0. , 0. ],
        [0. , 1. , 0. , 0. , 0. , 0. , 0. , 0. , 0. ],
        [1. , 0. , 0. , 0. , 0. , 0. , 0. , 0. , 0. ]],

       [[1. , 0. , 0. , 0. , 0. , 0. , 0. , 0. , 1. ],
        [0. , 0. , 0. , 0. , 0. , 0. , 0. , 0. , 0. ],
        [0. , 0. , 0. , 0. , 0. , 0. , 0. , 0. , 0. ],
        [0. , 0. , 0. , 0. , 0. , 0. , 0. , 0. , 0. ],
        [0. , 0. , 0. , 0. , 0. , 0. , 0. , 0. , 0. ],
        [0. , 0. , 0. , 0. , 0. , 0. , 0. , 0. , 0. ],
        [0. , 0. , 0. , 0. , 0. , 0. , 0. , 0. , 0. ],
        [0. , 0. , 0. , 0. , 0. , 0. , 0. , 0. , 0. ],
        [1. , 0. , 0. , 0. , 0. , 0. , 0. , 0. , 1. ]],

       [[2. , 0. , 0.4, 0.4, 0.4, 0.4, 0.4, 0. , 2. ],
        [0. , 0.4, 0. , 0. , 0. , 0. , 0. , 0.4, 0. ],
        [0.4, 0. , 0.4, 0. , 0. , 0. , 0.4, 0. , 0.4],
        [0.4, 0. , 0. , 0.4, 0. , 0.4, 0. , 0. , 0.4],
        [0.4, 0. , 0. , 0. , 3. , 0. , 0. , 0. , 0.4],
        [0.4, 0. , 0. , 0.4, 0. , 0.4, 0. , 0. , 0.4],
        [0.4, 0. , 0.4, 0. , 0. , 0. , 0.4, 0. , 0.4],
        [0. , 0.4, 0. , 0. , 0. , 0. , 0. , 0.4, 0. ],
        [2. , 0. , 0.4, 0.4, 0.4, 0.4, 0.4, 0. , 2. ]],

       [[0.5, 0. , 0.2, 0. , 0. , 0. , 0. , 0. , 0.4],
        [0. , 0.2, 0. , 0. , 0. , 0. , 0. , 0.6, 0. ],
        [0. , 0. , 0.1, 0. , 0. , 0. , 0. , 0. , 0.1],
        [0. , 0. , 0. , 0. , 0. , 0. , 0. , 0. , 0.1],
        [0. , 0. , 0. , 0. , 0.3, 0. , 0. , 0. , 0.1],
        [0. , 0. , 0. , 0. , 0. , 0. , 0. , 0. , 0.1],
        [0.2, 0. , 0. , 0. , 0. , 0. , 0. , 0. , 0. ],
        [0. , 0.6, 0. , 0. , 0. , 0. , 0. , 0.3, 0. ],
        [0.5, 0. , 0. , 0. , 0. , 0. , 0.3, 0. , 0.5]],

       [[0.2, 0. , 0.2, 0. , 0. , 0. , 0. , 0. , 0. ],
        [0. , 0.1, 0. , 0. , 0. , 0. , 0. , 0.4, 0. ],
        [0. , 0. , 0. , 0. , 0. , 0. , 0. , 0. , 0. ],
        [0. , 0. , 0. , 0. , 0. , 0. , 0. , 0. , 0. ],
        [0. , 0. , 0. , 0. , 0.3, 0. , 0. , 0. , 0. ],
        [0. , 0. , 0. , 0. , 0. , 0. , 0. , 0. , 0. ],
        [0.2, 0. , 0. , 0. , 0. , 0. , 0. , 0. , 0. ],
        [0. , 0.3, 0. , 0. , 0. , 0. , 0. , 0.3, 0. ],
        [0.2, 0. , 0. , 0. , 0. , 0. , 0. , 0. , 0.2]],

       [[0. , 0. , 0. , 0. , 0. , 0. , 0. , 0. , 0.3],
        [0. , 0.1, 0. , 0. , 0. , 0. , 0. , 0.1, 0. ],
        [0. , 0. , 0. , 0. , 0. , 0. , 0. , 0. , 0. ],
        [0. , 0. , 0. , 0. , 0. , 0. , 0. , 0. , 0. ],
        [0. , 0. , 0. , 0. , 0. , 0. , 0. , 0. , 0. ],
        [0. , 0. , 0. , 0. , 0. , 0. , 0. , 0. , 0. ],
        [0. , 0. , 0. , 0. , 0. , 0. , 0. , 0. , 0. ],
        [0. , 0.3, 0. , 0. , 0. , 0. , 0. , 0. , 0. ],
        [0.2, 0. , 0. , 0. , 0. , 0. , 0. , 0. , 0.2]],

       [[0.2, 0. , 0. , 0. , 0. , 0. , 0. , 0. , 0. ],
        [0. , 0. , 0. , 0. , 0. , 0. , 0. , 0.1, 0. ],
        [0. , 0. , 0.1, 0. , 0. , 0. , 0. , 0. , 0.1],
        [0. , 0. , 0. , 0. , 0. , 0. , 0. , 0. , 0.1],
        [0. , 0. , 0. , 0. , 0. , 0. , 0. , 0. , 0.1],
        [0. , 0. , 0. , 0. , 0. , 0. , 0. , 0. , 0.1],
        [0. , 0. , 0. , 0. , 0. , 0. , 0. , 0. , 0. ],
        [0. , 0. , 0. , 0. , 0. , 0. , 0. , 0. , 0. ],
        [0. , 0. , 0. , 0. , 0. , 0. , 0.3, 0. , 0. ]],

       [[0. , 0. , 0. , 0. , 0. , 0. , 0. , 0. , 0. ],
        [0. , 0. , 0. , 0. , 0. , 0. , 0. , 0. , 0. ],
        [0. , 0. , 0. , 0. , 0. , 0. , 0. , 0. , 0. ],
        [0. , 0. , 0. , 0. , 0. , 0. , 0. , 0. , 0. ],
        [0. , 0. , 0. , 0. , 0. , 0. , 0. , 0. , 0. ],
        [0. , 0. , 0. , 0. , 0. , 0. , 0. , 0. , 0. ],
        [0. , 0. , 0. , 0. , 0. , 0. , 0. , 0. , 0. ],
        [0. , 0. , 0. , 0. , 0. , 0. , 0. , 0. , 0. ],
        [0. , 0. , 0. , 0. , 0. , 0. , 0. , 0. , 0. ]]], dtype=float32),
                 move_feats=[array([0.2, 0.2, 0. , 0.4, 0.2, 0. ], dtype=float32),
                             array([0. , 0. , 0. , 0.4, 0. , 1. ], dtype=float32)],
                 pi=[0.4272251308900524, 0.5727748691099477],
                 z=1.0),
 SelfPlayExample(state_tensor=array([[[1. , 0. , 1. , 1. , 1. , 1. , 1. , 0. , 1. ],
        [0. , 1. , 0. , 0. , 0. , 0. , 0. , 1. , 0. ],
        [1. , 0. , 1. , 0. , 0. , 0. , 1. , 0. , 1. ],
        [1. , 0. , 0. , 1. , 0. , 1. , 0. , 0. , 1. ],
        [1. , 0. , 0. , 0. , 1. , 0. , 0. , 0. , 1. ],
        [1. , 0. , 0. , 1. , 0. , 1. , 0. , 0. , 1. ],
        [1. , 0. , 1. , 0. , 0. , 0. , 1. , 0. , 1. ],
        [0. , 1. , 0. , 0. , 0. , 0. , 0. , 1. , 0. ],
        [1. , 0. , 1. , 1. , 1. , 1. , 1. , 0. , 1. ]],

       [[1. , 0. , 1. , 0. , 0. , 0. , 0. , 0. , 0. ],
        [0. , 1. , 0. , 0. , 0. , 0. , 0. , 0. , 0. ],
        [1. , 0. , 1. , 0. , 0. , 0. , 0. , 0. , 0. ],
        [0. , 0. , 0. , 0. , 0. , 0. , 0. , 0. , 0. ],
        [0. , 0. , 0. , 0. , 0. , 0. , 0. , 0. , 0. ],
        [0. , 0. , 0. , 0. , 0. , 0. , 0. , 0. , 0. ],
        [0. , 0. , 0. , 0. , 0. , 0. , 0. , 0. , 0. ],
        [0. , 0. , 0. , 0. , 0. , 0. , 0. , 0. , 0. ],
        [0. , 0. , 0. , 0. , 0. , 0. , 0. , 0. , 0. ]],

       [[0. , 0. , 0. , 0. , 0. , 0. , 0. , 0. , 1. ],
        [0. , 0. , 0. , 0. , 0. , 0. , 0. , 1. , 0. ],
        [0. , 0. , 0. , 0. , 0. , 0. , 0. , 0. , 1. ],
        [0. , 0. , 0. , 0. , 0. , 0. , 0. , 0. , 1. ],
        [0. , 0. , 0. , 0. , 0. , 0. , 0. , 0. , 1. ],
        [0. , 0. , 0. , 0. , 0. , 0. , 0. , 0. , 1. ],
        [0. , 0. , 0. , 0. , 0. , 0. , 0. , 0. , 0. ],
        [0. , 0. , 0. , 0. , 0. , 0. , 0. , 0. , 0. ],
        [0. , 0. , 0. , 0. , 0. , 0. , 0. , 0. , 0. ]],

       [[0. , 0. , 0. , 0. , 0. , 0. , 0. , 0. , 0. ],
        [0. , 0. , 0. , 0. , 0. , 0. , 0. , 0. , 0. ],
        [0. , 0. , 0. , 0. , 0. , 0. , 0. , 0. , 0. ],
        [0. , 0. , 0. , 0. , 0. , 0. , 0. , 0. , 0. ],
        [0. , 0. , 0. , 0. , 0. , 0. , 0. , 0. , 0. ],
        [0. , 0. , 0. , 0. , 0. , 0. , 0. , 0. , 0. ],
        [0. , 0. , 0. , 0. , 0. , 0. , 1. , 0. , 1. ],
        [0. , 0. , 0. , 0. , 0. , 0. , 0. , 1. , 0. ],
        [0. , 0. , 0. , 1. , 1. , 1. , 1. , 0. , 1. ]],

       [[0. , 0. , 0. , 0. , 0. , 0. , 0. , 0. , 0. ],
        [0. , 0. , 0. , 0. , 0. , 0. , 0. , 0. , 0. ],
        [0. , 0. , 0. , 0. , 0. , 0. , 0. , 0. , 0. ],
        [1. , 0. , 0. , 0. , 0. , 0. , 0. , 0. , 0. ],
        [1. , 0. , 0. , 0. , 0. , 0. , 0. , 0. , 0. ],
        [1. , 0. , 0. , 0. , 0. , 0. , 0. , 0. , 0. ],
        [1. , 0. , 1. , 0. , 0. , 0. , 0. , 0. , 0. ],
        [0. , 1. , 0. , 0. , 0. , 0. , 0. , 0. , 0. ],
        [1. , 0. , 1. , 0. , 0. , 0. , 0. , 0. , 0. ]],

       [[1. , 0. , 0. , 0. , 0. , 0. , 0. , 0. , 1. ],
        [0. , 0. , 0. , 0. , 0. , 0. , 0. , 0. , 0. ],
        [0. , 0. , 0. , 0. , 0. , 0. , 0. , 0. , 0. ],
        [0. , 0. , 0. , 0. , 0. , 0. , 0. , 0. , 0. ],
        [0. , 0. , 0. , 0. , 0. , 0. , 0. , 0. , 0. ],
        [0. , 0. , 0. , 0. , 0. , 0. , 0. , 0. , 0. ],
        [0. , 0. , 0. , 0. , 0. , 0. , 0. , 0. , 0. ],
        [0. , 0. , 0. , 0. , 0. , 0. , 0. , 0. , 0. ],
        [1. , 0. , 0. , 0. , 0. , 0. , 0. , 0. , 1. ]],

       [[2. , 0. , 0.4, 0.4, 0.4, 0.4, 0.4, 0. , 2. ],
        [0. , 0.4, 0. , 0. , 0. , 0. , 0. , 0.4, 0. ],
        [0.4, 0. , 0.4, 0. , 0. , 0. , 0.4, 0. , 0.4],
        [0.4, 0. , 0. , 0.4, 0. , 0.4, 0. , 0. , 0.4],
        [0.4, 0. , 0. , 0. , 3. , 0. , 0. , 0. , 0.4],
        [0.4, 0. , 0. , 0.4, 0. , 0.4, 0. , 0. , 0.4],
        [0.4, 0. , 0.4, 0. , 0. , 0. , 0.4, 0. , 0.4],
        [0. , 0.4, 0. , 0. , 0. , 0. , 0. , 0.4, 0. ],
        [2. , 0. , 0.4, 0.4, 0.4, 0.4, 0.4, 0. , 2. ]],

       [[0.7, 0. , 0.6, 0. , 0. , 0. , 0. , 0. , 0.5],
        [0. , 0.2, 0. , 0. , 0. , 0. , 0. , 0.8, 0. ],
        [0. , 0. , 0.1, 0. , 0. , 0. , 0. , 0. , 0. ],
        [0.2, 0. , 0. , 0. , 0. , 0. , 0. , 0. , 0.2],
        [0.2, 0. , 0. , 0. , 0.3, 0. , 0. , 0. , 0.2],
        [0.2, 0. , 0. , 0. , 0. , 0. , 0. , 0. , 0.2],
        [0. , 0. , 0.3, 0. , 0. , 0. , 0.3, 0. , 0. ],
        [0. , 0.4, 0. , 0. , 0. , 0. , 0. , 0.4, 0. ],
        [0.4, 0. , 0.3, 0.3, 0.3, 0.3, 0. , 0. , 0.5]],

       [[0.4, 0. , 0.3, 0. , 0. , 0. , 0. , 0. , 0.3],
        [0. , 0.2, 0. , 0. , 0. , 0. , 0. , 0.4, 0. ],
        [0. , 0. , 0. , 0. , 0. , 0. , 0. , 0. , 0. ],
        [0.2, 0. , 0. , 0. , 0. , 0. , 0. , 0. , 0. ],
        [0.2, 0. , 0. , 0. , 0.3, 0. , 0. , 0. , 0. ],
        [0.2, 0. , 0. , 0. , 0. , 0. , 0. , 0. , 0. ],
        [0. , 0. , 0.3, 0. , 0. , 0. , 0.3, 0. , 0. ],
        [0. , 0.2, 0. , 0. , 0. , 0. , 0. , 0.2, 0. ],
        [0. , 0. , 0. , 0. , 0. , 0. , 0. , 0. , 0.1]],

       [[0.2, 0. , 0.1, 0. , 0. , 0. , 0. , 0. , 0. ],
        [0. , 0. , 0. , 0. , 0. , 0. , 0. , 0.4, 0. ],
        [0. , 0. , 0. , 0. , 0. , 0. , 0. , 0. , 0. ],
        [0. , 0. , 0. , 0. , 0. , 0. , 0. , 0. , 0. ],
        [0. , 0. , 0. , 0. , 0. , 0. , 0. , 0. , 0. ],
        [0. , 0. , 0. , 0. , 0. , 0. , 0. , 0. , 0. ],
        [0. , 0. , 0. , 0. , 0. , 0. , 0. , 0. , 0. ],
        [0. , 0.2, 0. , 0. , 0. , 0. , 0. , 0.2, 0. ],
        [0.1, 0. , 0.3, 0. , 0. , 0. , 0. , 0. , 0. ]],

       [[0. , 0. , 0.2, 0. , 0. , 0. , 0. , 0. , 0.1],
        [0. , 0. , 0. , 0. , 0. , 0. , 0. , 0. , 0. ],
        [0. , 0. , 0.1, 0. , 0. , 0. , 0. , 0. , 0. ],
        [0. , 0. , 0. , 0. , 0. , 0. , 0. , 0. , 0.2],
        [0. , 0. , 0. , 0. , 0. , 0. , 0. , 0. , 0.2],
        [0. , 0. , 0. , 0. , 0. , 0. , 0. , 0. , 0.2],
        [0. , 0. , 0. , 0. , 0. , 0. , 0. , 0. , 0. ],
        [0. , 0. , 0. , 0. , 0. , 0. , 0. , 0. , 0. ],
        [0.2, 0. , 0. , 0.3, 0.3, 0.3, 0. , 0. , 0.3]],

       [[0. , 0. , 0. , 0. , 0. , 0. , 0. , 0. , 0. ],
        [0. , 0. , 0. , 0. , 0. , 0. , 0. , 0. , 0. ],
        [0. , 0. , 0. , 0. , 0. , 0. , 0. , 0. , 0. ],
        [0. , 0. , 0. , 0. , 0. , 0. , 0. , 0. , 0. ],
        [0. , 0. , 0. , 0. , 0. , 0. , 0. , 0. , 0. ],
        [0. , 0. , 0. , 0. , 0. , 0. , 0. , 0. , 0. ],
        [0. , 0. , 0. , 0. , 0. , 0. , 0. , 0. , 0. ],
        [0. , 0. , 0. , 0. , 0. , 0. , 0. , 0. , 0. ],
        [0. , 0. , 0. , 0. , 0. , 0. , 0. , 0. , 0. ]]], dtype=float32),
                 move_feats=[array([0.6, 0.2, 0. , 0.4, 0.2, 0. ], dtype=float32),
                             array([0. , 0. , 0. , 0.4, 0. , 1. ], dtype=float32)],
                 pi=[0.3779128672745694, 0.6220871327254306],
                 z=1.0),
 SelfPlayExample(state_tensor=array([[[1. , 0. , 1. , 1. , 1. , 1. , 1. , 0. , 1. ],
        [0. , 1. , 0. , 0. , 0. , 0. , 0. , 1. , 0. ],
        [1. , 0. , 1. , 0. , 0. , 0. , 1. , 0. , 1. ],
        [1. , 0. , 0. , 1. , 0. , 1. , 0. , 0. , 1. ],
        [1. , 0. , 0. , 0. , 1. , 0. , 0. , 0. , 1. ],
        [1. , 0. , 0. , 1. , 0. , 1. , 0. , 0. , 1. ],
        [1. , 0. , 1. , 0. , 0. , 0. , 1. , 0. , 1. ],
        [0. , 1. , 0. , 0. , 0. , 0. , 0. , 1. , 0. ],
        [1. , 0. , 1. , 1. , 1. , 1. , 1. , 0. , 1. ]],

       [[1. , 0. , 1. , 0. , 0. , 0. , 0. , 0. , 0. ],
        [0. , 1. , 0. , 0. , 0. , 0. , 0. , 0. , 0. ],
        [0. , 0. , 1. , 0. , 0. , 0. , 0. , 0. , 0. ],
        [0. , 0. , 0. , 1. , 0. , 0. , 0. , 0. , 0. ],
        [0. , 0. , 0. , 0. , 0. , 0. , 0. , 0. , 0. ],
        [0. , 0. , 0. , 0. , 0. , 0. , 0. , 0. , 0. ],
        [0. , 0. , 0. , 0. , 0. , 0. , 0. , 0. , 0. ],
        [0. , 0. , 0. , 0. , 0. , 0. , 0. , 0. , 0. ],
        [0. , 0. , 0. , 0. , 0. , 0. , 0. , 0. , 0. ]],

       [[0. , 0. , 0. , 0. , 0. , 0. , 0. , 0. , 1. ],
        [0. , 0. , 0. , 0. , 0. , 0. , 0. , 1. , 0. ],
        [0. , 0. , 0. , 0. , 0. , 0. , 0. , 0. , 1. ],
        [0. , 0. , 0. , 0. , 0. , 0. , 0. , 0. , 1. ],
        [0. , 0. , 0. , 0. , 0. , 0. , 0. , 0. , 1. ],
        [0. , 0. , 0. , 0. , 0. , 0. , 0. , 0. , 1. ],
        [0. , 0. , 0. , 0. , 0. , 0. , 0. , 0. , 0. ],
        [0. , 0. , 0. , 0. , 0. , 0. , 0. , 0. , 0. ],
        [0. , 0. , 0. , 0. , 0. , 0. , 0. , 0. , 0. ]],

       [[0. , 0. , 0. , 0. , 0. , 0. , 0. , 0. , 0. ],
        [0. , 0. , 0. , 0. , 0. , 0. , 0. , 0. , 0. ],
        [0. , 0. , 0. , 0. , 0. , 0. , 0. , 0. , 0. ],
        [0. , 0. , 0. , 0. , 0. , 0. , 0. , 0. , 0. ],
        [0. , 0. , 0. , 0. , 0. , 0. , 0. , 0. , 0. ],
        [0. , 0. , 0. , 0. , 0. , 1. , 0. , 0. , 0. ],
        [0. , 0. , 0. , 0. , 0. , 0. , 1. , 0. , 1. ],
        [0. , 0. , 0. , 0. , 0. , 0. , 0. , 1. , 0. ],
        [0. , 0. , 0. , 1. , 1. , 1. , 1. , 0. , 1. ]],

       [[0. , 0. , 0. , 0. , 0. , 0. , 0. , 0. , 0. ],
        [0. , 0. , 0. , 0. , 0. , 0. , 0. , 0. , 0. ],
        [1. , 0. , 0. , 0. , 0. , 0. , 0. , 0. , 0. ],
        [1. , 0. , 0. , 0. , 0. , 0. , 0. , 0. , 0. ],
        [1. , 0. , 0. , 0. , 0. , 0. , 0. , 0. , 0. ],
        [1. , 0. , 0. , 1. , 0. , 0. , 0. , 0. , 0. ],
        [1. , 0. , 1. , 0. , 0. , 0. , 0. , 0. , 0. ],
        [0. , 1. , 0. , 0. , 0. , 0. , 0. , 0. , 0. ],
        [1. , 0. , 1. , 0. , 0. , 0. , 0. , 0. , 0. ]],

       [[1. , 0. , 0. , 0. , 0. , 0. , 0. , 0. , 1. ],
        [0. , 0. , 0. , 0. , 0. , 0. , 0. , 0. , 0. ],
        [0. , 0. , 0. , 0. , 0. , 0. , 0. , 0. , 0. ],
        [0. , 0. , 0. , 0. , 0. , 0. , 0. , 0. , 0. ],
        [0. , 0. , 0. , 0. , 0. , 0. , 0. , 0. , 0. ],
        [0. , 0. , 0. , 0. , 0. , 0. , 0. , 0. , 0. ],
        [0. , 0. , 0. , 0. , 0. , 0. , 0. , 0. , 0. ],
        [0. , 0. , 0. , 0. , 0. , 0. , 0. , 0. , 0. ],
        [1. , 0. , 0. , 0. , 0. , 0. , 0. , 0. , 1. ]],

       [[2. , 0. , 0.4, 0.4, 0.4, 0.4, 0.4, 0. , 2. ],
        [0. , 0.4, 0. , 0. , 0. , 0. , 0. , 0.4, 0. ],
        [0.4, 0. , 0.4, 0. , 0. , 0. , 0.4, 0. , 0.4],
        [0.4, 0. , 0. , 0.4, 0. , 0.4, 0. , 0. , 0.4],
        [0.4, 0. , 0. , 0. , 3. , 0. , 0. , 0. , 0.4],
        [0.4, 0. , 0. , 0.4, 0. , 0.4, 0. , 0. , 0.4],
        [0.4, 0. , 0.4, 0. , 0. , 0. , 0.4, 0. , 0.4],
        [0. , 0.4, 0. , 0. , 0. , 0. , 0. , 0.4, 0. ],
        [2. , 0. , 0.4, 0.4, 0.4, 0.4, 0.4, 0. , 2. ]],

       [[0.7, 0. , 0.6, 0. , 0. , 0. , 0. , 0. , 0.5],
        [0. , 0.6, 0. , 0. , 0. , 0. , 0. , 1.2, 0. ],
        [0.2, 0. , 0. , 0. , 0. , 0. , 0. , 0. , 0. ],
        [0. , 0. , 0. , 0.1, 0. , 0. , 0. , 0. , 0.2],
        [0. , 0. , 0. , 0. , 0.3, 0. , 0. , 0. , 0.2],
        [0. , 0. , 0. , 0.3, 0. , 0.3, 0. , 0. , 0.2],
        [0. , 0. , 0. , 0. , 0. , 0. , 0. , 0. , 0.7],
        [0. , 0.1, 0. , 0. , 0. , 0. , 0. , 0.1, 0. ],
        [0.5, 0. , 0.7, 0.3, 0.3, 0.3, 0. , 0. , 0.5]],

       [[0.5, 0. , 0.3, 0. , 0. , 0. , 0. , 0. , 0.1],
        [0. , 0.4, 0. , 0. , 0. , 0. , 0. , 0.7, 0. ],
        [0.2, 0. , 0. , 0. , 0. , 0. , 0. , 0. , 0. ],
        [0. , 0. , 0. , 0. , 0. , 0. , 0. , 0. , 0. ],
        [0. , 0. , 0. , 0. , 0.3, 0. , 0. , 0. , 0. ],
        [0. , 0. , 0. , 0.3, 0. , 0.3, 0. , 0. , 0. ],
        [0. , 0. , 0. , 0. , 0. , 0. , 0. , 0. , 0.2],
        [0. , 0. , 0. , 0. , 0. , 0. , 0. , 0.1, 0. ],
        [0. , 0. , 0.2, 0. , 0. , 0. , 0. , 0. , 0. ]],

       [[0. , 0. , 0.1, 0. , 0. , 0. , 0. , 0. , 0.2],
        [0. , 0.2, 0. , 0. , 0. , 0. , 0. , 0.4, 0. ],
        [0. , 0. , 0. , 0. , 0. , 0. , 0. , 0. , 0. ],
        [0. , 0. , 0. , 0. , 0. , 0. , 0. , 0. , 0. ],
        [0. , 0. , 0. , 0. , 0. , 0. , 0. , 0. , 0. ],
        [0. , 0. , 0. , 0. , 0. , 0. , 0. , 0. , 0. ],
        [0. , 0. , 0. , 0. , 0. , 0. , 0. , 0. , 0.2],
        [0. , 0.1, 0. , 0. , 0. , 0. , 0. , 0. , 0. ],
        [0. , 0. , 0.3, 0. , 0. , 0. , 0. , 0. , 0. ]],

       [[0.1, 0. , 0.2, 0. , 0. , 0. , 0. , 0. , 0.1],
        [0. , 0. , 0. , 0. , 0. , 0. , 0. , 0.1, 0. ],
        [0. , 0. , 0. , 0. , 0. , 0. , 0. , 0. , 0. ],
        [0. , 0. , 0. , 0.1, 0. , 0. , 0. , 0. , 0.2],
        [0. , 0. , 0. , 0. , 0. , 0. , 0. , 0. , 0.2],
        [0. , 0. , 0. , 0. , 0. , 0. , 0. , 0. , 0.2],
        [0. , 0. , 0. , 0. , 0. , 0. , 0. , 0. , 0.3],
        [0. , 0. , 0. , 0. , 0. , 0. , 0. , 0. , 0. ],
        [0.4, 0. , 0.2, 0.3, 0.3, 0.3, 0. , 0. , 0.4]],

       [[0. , 0. , 0. , 0. , 0. , 0. , 0. , 0. , 0. ],
        [0. , 0. , 0. , 0. , 0. , 0. , 0. , 0. , 0. ],
        [0. , 0. , 0. , 0. , 0. , 0. , 0. , 0. , 0. ],
        [0. , 0. , 0. , 0. , 0. , 0. , 0. , 0. , 0. ],
        [0. , 0. , 0. , 0. , 0. , 0. , 0. , 0. , 0. ],
        [0. , 0. , 0. , 0. , 0. , 0. , 0. , 0. , 0. ],
        [0. , 0. , 0. , 0. , 0. , 0. , 0. , 0. , 0. ],
        [0. , 0. , 0. , 0. , 0. , 0. , 0. , 0. , 0. ],
        [0. , 0. , 0. , 0. , 0. , 0. , 0. , 0. , 0. ]]], dtype=float32),
                 move_feats=[array([0.3, 0.1, 0. , 3. , 0.2, 0. ], dtype=float32),
                             array([0., 0., 0., 3., 0., 1.], dtype=float32)],
                 pi=[0.6281112737920937, 0.3718887262079063],
                 z=1.0),
 SelfPlayExample(state_tensor=array([[[1. , 0. , 1. , 1. , 1. , 1. , 1. , 0. , 1. ],
        [0. , 1. , 0. , 0. , 0. , 0. , 0. , 1. , 0. ],
        [1. , 0. , 1. , 0. , 0. , 0. , 1. , 0. , 1. ],
        [1. , 0. , 0. , 1. , 0. , 1. , 0. , 0. , 1. ],
        [1. , 0. , 0. , 0. , 1. , 0. , 0. , 0. , 1. ],
        [1. , 0. , 0. , 1. , 0. , 1. , 0. , 0. , 1. ],
        [1. , 0. , 1. , 0. , 0. , 0. , 1. , 0. , 1. ],
        [0. , 1. , 0. , 0. , 0. , 0. , 0. , 1. , 0. ],
        [1. , 0. , 1. , 1. , 1. , 1. , 1. , 0. , 1. ]],

       [[1. , 0. , 1. , 0. , 0. , 0. , 0. , 0. , 0. ],
        [0. , 1. , 0. , 0. , 0. , 0. , 0. , 0. , 0. ],
        [1. , 0. , 1. , 0. , 0. , 0. , 0. , 0. , 0. ],
        [0. , 0. , 0. , 1. , 0. , 0. , 0. , 0. , 0. ],
        [0. , 0. , 0. , 0. , 0. , 0. , 0. , 0. , 0. ],
        [0. , 0. , 0. , 0. , 0. , 0. , 0. , 0. , 0. ],
        [0. , 0. , 0. , 0. , 0. , 0. , 0. , 0. , 0. ],
        [0. , 0. , 0. , 0. , 0. , 0. , 0. , 0. , 0. ],
        [0. , 0. , 0. , 0. , 0. , 0. , 0. , 0. , 0. ]],

       [[0. , 0. , 0. , 0. , 0. , 0. , 0. , 0. , 1. ],
        [0. , 0. , 0. , 0. , 0. , 0. , 0. , 1. , 0. ],
        [0. , 0. , 0. , 0. , 0. , 0. , 0. , 0. , 1. ],
        [0. , 0. , 0. , 0. , 0. , 0. , 0. , 0. , 1. ],
        [0. , 0. , 0. , 0. , 0. , 0. , 0. , 0. , 1. ],
        [0. , 0. , 0. , 0. , 0. , 0. , 0. , 0. , 1. ],
        [0. , 0. , 0. , 0. , 0. , 0. , 0. , 0. , 0. ],
        [0. , 0. , 0. , 0. , 0. , 0. , 0. , 0. , 0. ],
        [0. , 0. , 0. , 0. , 0. , 0. , 0. , 0. , 0. ]],

       [[0. , 0. , 0. , 0. , 0. , 0. , 0. , 0. , 0. ],
        [0. , 0. , 0. , 0. , 0. , 0. , 0. , 0. , 0. ],
        [0. , 0. , 0. , 0. , 0. , 0. , 0. , 0. , 0. ],
        [0. , 0. , 0. , 0. , 0. , 0. , 0. , 0. , 0. ],
        [0. , 0. , 0. , 0. , 0. , 0. , 0. , 0. , 0. ],
        [0. , 0. , 0. , 0. , 0. , 1. , 0. , 0. , 0. ],
        [0. , 0. , 0. , 0. , 0. , 0. , 1. , 0. , 1. ],
        [0. , 0. , 0. , 0. , 0. , 0. , 0. , 1. , 0. ],
        [0. , 0. , 0. , 0. , 0. , 0. , 1. , 0. , 1. ]],

       [[0. , 0. , 0. , 0. , 0. , 0. , 0. , 0. , 0. ],
        [0. , 0. , 0. , 0. , 0. , 0. , 0. , 0. , 0. ],
        [0. , 0. , 0. , 0. , 0. , 0. , 0. , 0. , 0. ],
        [1. , 0. , 0. , 0. , 0. , 0. , 0. , 0. , 0. ],
        [1. , 0. , 0. , 0. , 0. , 0. , 0. , 0. , 0. ],
        [1. , 0. , 0. , 1. , 0. , 0. , 0. , 0. , 0. ],
        [1. , 0. , 1. , 0. , 0. , 0. , 0. , 0. , 0. ],
        [0. , 1. , 0. , 0. , 0. , 0. , 0. , 0. , 0. ],
        [1. , 0. , 1. , 1. , 1. , 1. , 0. , 0. , 0. ]],

       [[1. , 0. , 0. , 0. , 0. , 0. , 0. , 0. , 1. ],
        [0. , 0. , 0. , 0. , 0. , 0. , 0. , 0. , 0. ],
        [0. , 0. , 0. , 0. , 0. , 0. , 0. , 0. , 0. ],
        [0. , 0. , 0. , 0. , 0. , 0. , 0. , 0. , 0. ],
        [0. , 0. , 0. , 0. , 0. , 0. , 0. , 0. , 0. ],
        [0. , 0. , 0. , 0. , 0. , 0. , 0. , 0. , 0. ],
        [0. , 0. , 0. , 0. , 0. , 0. , 0. , 0. , 0. ],
        [0. , 0. , 0. , 0. , 0. , 0. , 0. , 0. , 0. ],
        [1. , 0. , 0. , 0. , 0. , 0. , 0. , 0. , 1. ]],

       [[2. , 0. , 0.4, 0.4, 0.4, 0.4, 0.4, 0. , 2. ],
        [0. , 0.4, 0. , 0. , 0. , 0. , 0. , 0.4, 0. ],
        [0.4, 0. , 0.4, 0. , 0. , 0. , 0.4, 0. , 0.4],
        [0.4, 0. , 0. , 0.4, 0. , 0.4, 0. , 0. , 0.4],
        [0.4, 0. , 0. , 0. , 3. , 0. , 0. , 0. , 0.4],
        [0.4, 0. , 0. , 0.4, 0. , 0.4, 0. , 0. , 0.4],
        [0.4, 0. , 0.4, 0. , 0. , 0. , 0.4, 0. , 0.4],
        [0. , 0.4, 0. , 0. , 0. , 0. , 0. , 0.4, 0. ],
        [2. , 0. , 0.4, 0.4, 0.4, 0.4, 0.4, 0. , 2. ]],

       [[0.7, 0. , 0.7, 0. , 0. , 0. , 0. , 0. , 0.5],
        [0. , 0.5, 0. , 0. , 0. , 0. , 0. , 1.6, 0. ],
        [0.5, 0. , 0. , 0. , 0. , 0. , 0. , 0. , 0. ],
        [0. , 0. , 0. , 0. , 0. , 0. , 0. , 0. , 0. ],
        [0. , 0. , 0. , 0. , 0.3, 0. , 0. , 0. , 0. ],
        [0. , 0. , 0. , 0.3, 0. , 0.3, 0. , 0. , 0. ],
        [0.5, 0. , 0. , 0. , 0. , 0. , 0. , 0. , 1.2],
        [0. , 0. , 0. , 0. , 0. , 0. , 0. , 0. , 0. ],
        [0.7, 0. , 0. , 0.5, 0.5, 0.5, 0. , 0. , 0.7]],

       [[0.5, 0. , 0.3, 0. , 0. , 0. , 0. , 0. , 0.2],
        [0. , 0.5, 0. , 0. , 0. , 0. , 0. , 0.8, 0. ],
        [0.3, 0. , 0. , 0. , 0. , 0. , 0. , 0. , 0. ],
        [0. , 0. , 0. , 0. , 0. , 0. , 0. , 0. , 0. ],
        [0. , 0. , 0. , 0. , 0.3, 0. , 0. , 0. , 0. ],
        [0. , 0. , 0. , 0.3, 0. , 0.3, 0. , 0. , 0. ],
        [0. , 0. , 0. , 0. , 0. , 0. , 0. , 0. , 0.3],
        [0. , 0. , 0. , 0. , 0. , 0. , 0. , 0. , 0. ],
        [0.3, 0. , 0. , 0. , 0. , 0. , 0. , 0. , 0.4]],

       [[0. , 0. , 0.1, 0. , 0. , 0. , 0. , 0. , 0. ],
        [0. , 0. , 0. , 0. , 0. , 0. , 0. , 0.6, 0. ],
        [0.2, 0. , 0. , 0. , 0. , 0. , 0. , 0. , 0. ],
        [0. , 0. , 0. , 0. , 0. , 0. , 0. , 0. , 0. ],
        [0. , 0. , 0. , 0. , 0. , 0. , 0. , 0. , 0. ],
        [0. , 0. , 0. , 0. , 0. , 0. , 0. , 0. , 0. ],
        [0.1, 0. , 0. , 0. , 0. , 0. , 0. , 0. , 0.2],
        [0. , 0. , 0. , 0. , 0. , 0. , 0. , 0. , 0. ],
        [0. , 0. , 0. , 0.3, 0.3, 0.3, 0. , 0. , 0. ]],

       [[0.1, 0. , 0.3, 0. , 0. , 0. , 0. , 0. , 0.2],
        [0. , 0. , 0. , 0. , 0. , 0. , 0. , 0.2, 0. ],
        [0. , 0. , 0. , 0. , 0. , 0. , 0. , 0. , 0. ],
        [0. , 0. , 0. , 0. , 0. , 0. , 0. , 0. , 0. ],
        [0. , 0. , 0. , 0. , 0. , 0. , 0. , 0. , 0. ],
        [0. , 0. , 0. , 0. , 0. , 0. , 0. , 0. , 0. ],
        [0.4, 0. , 0. , 0. , 0. , 0. , 0. , 0. , 0.7],
        [0. , 0. , 0. , 0. , 0. , 0. , 0. , 0. , 0. ],
        [0.3, 0. , 0. , 0.2, 0.2, 0.2, 0. , 0. , 0.2]],

       [[0. , 0. , 0. , 0. , 0. , 0. , 0. , 0. , 0. ],
        [0. , 0. , 0. , 0. , 0. , 0. , 0. , 0. , 0. ],
        [0. , 0. , 0. , 0. , 0. , 0. , 0. , 0. , 0. ],
        [0. , 0. , 0. , 0. , 0. , 0. , 0. , 0. , 0. ],
        [0. , 0. , 0. , 0. , 0. , 0. , 0. , 0. , 0. ],
        [0. , 0. , 0. , 0. , 0. , 0. , 0. , 0. , 0. ],
        [0. , 0. , 0. , 0. , 0. , 0. , 0. , 0. , 0. ],
        [0. , 0. , 0. , 0. , 0. , 0. , 0. , 0. , 0. ],
        [0. , 0. , 0. , 0. , 0. , 0. , 0. , 0. , 0. ]]], dtype=float32),
                 move_feats=[array([0.9, 0.3, 0. , 0.4, 0.2, 0. ], dtype=float32),
                             array([0. , 0. , 0. , 0.4, 0. , 1. ], dtype=float32)],
                 pi=[0.5286757038581856, 0.47132429614181437],
                 z=1.0),
 SelfPlayExample(state_tensor=array([[[1. , 0. , 1. , 1. , 1. , 1. , 1. , 0. , 1. ],
        [0. , 1. , 0. , 0. , 0. , 0. , 0. , 1. , 0. ],
        [1. , 0. , 1. , 0. , 0. , 0. , 1. , 0. , 1. ],
        [1. , 0. , 0. , 1. , 0. , 1. , 0. , 0. , 1. ],
        [1. , 0. , 0. , 0. , 1. , 0. , 0. , 0. , 1. ],
        [1. , 0. , 0. , 1. , 0. , 1. , 0. , 0. , 1. ],
        [1. , 0. , 1. , 0. , 0. , 0. , 1. , 0. , 1. ],
        [0. , 1. , 0. , 0. , 0. , 0. , 0. , 1. , 0. ],
        [1. , 0. , 1. , 1. , 1. , 1. , 1. , 0. , 1. ]],

       [[1. , 0. , 1. , 1. , 1. , 1. , 0. , 0. , 0. ],
        [0. , 1. , 0. , 0. , 0. , 0. , 0. , 0. , 0. ],
        [1. , 0. , 1. , 0. , 0. , 0. , 0. , 0. , 0. ],
        [0. , 0. , 0. , 1. , 0. , 0. , 0. , 0. , 0. ],
        [0. , 0. , 0. , 0. , 0. , 0. , 0. , 0. , 0. ],
        [0. , 0. , 0. , 0. , 0. , 0. , 0. , 0. , 0. ],
        [0. , 0. , 0. , 0. , 0. , 0. , 0. , 0. , 0. ],
        [0. , 0. , 0. , 0. , 0. , 0. , 0. , 0. , 0. ],
        [0. , 0. , 0. , 0. , 0. , 0. , 0. , 0. , 0. ]],

       [[0. , 0. , 0. , 0. , 0. , 0. , 1. , 0. , 1. ],
        [0. , 0. , 0. , 0. , 0. , 0. , 0. , 1. , 0. ],
        [0. , 0. , 0. , 0. , 0. , 0. , 0. , 0. , 1. ],
        [0. , 0. , 0. , 0. , 0. , 0. , 0. , 0. , 0. ],
        [0. , 0. , 0. , 0. , 0. , 0. , 0. , 0. , 0. ],
        [0. , 0. , 0. , 0. , 0. , 0. , 0. , 0. , 0. ],
        [0. , 0. , 0. , 0. , 0. , 0. , 0. , 0. , 0. ],
        [0. , 0. , 0. , 0. , 0. , 0. , 0. , 0. , 0. ],
        [0. , 0. , 0. , 0. , 0. , 0. , 0. , 0. , 0. ]],

       [[0. , 0. , 0. , 0. , 0. , 0. , 0. , 0. , 0. ],
        [0. , 0. , 0. , 0. , 0. , 0. , 0. , 0. , 0. ],
        [0. , 0. , 0. , 0. , 0. , 0. , 0. , 0. , 0. ],
        [0. , 0. , 0. , 0. , 0. , 0. , 0. , 0. , 1. ],
        [0. , 0. , 0. , 0. , 0. , 0. , 0. , 0. , 1. ],
        [0. , 0. , 0. , 0. , 0. , 1. , 0. , 0. , 1. ],
        [0. , 0. , 0. , 0. , 0. , 0. , 1. , 0. , 1. ],
        [0. , 0. , 0. , 0. , 0. , 0. , 0. , 1. , 0. ],
        [0. , 0. , 0. , 0. , 0. , 0. , 0. , 0. , 1. ]],

       [[0. , 0. , 0. , 0. , 0. , 0. , 0. , 0. , 0. ],
        [0. , 0. , 0. , 0. , 0. , 0. , 0. , 0. , 0. ],
        [0. , 0. , 0. , 0. , 0. , 0. , 0. , 0. , 0. ],
        [1. , 0. , 0. , 0. , 0. , 0. , 0. , 0. , 0. ],
        [1. , 0. , 0. , 0. , 0. , 0. , 0. , 0. , 0. ],
        [1. , 0. , 0. , 1. , 0. , 0. , 0. , 0. , 0. ],
        [1. , 0. , 1. , 0. , 0. , 0. , 0. , 0. , 0. ],
        [0. , 1. , 0. , 0. , 0. , 0. , 0. , 0. , 0. ],
        [1. , 0. , 1. , 1. , 1. , 1. , 1. , 0. , 0. ]],

       [[1. , 0. , 0. , 0. , 0. , 0. , 0. , 0. , 1. ],
        [0. , 0. , 0. , 0. , 0. , 0. , 0. , 0. , 0. ],
        [0. , 0. , 0. , 0. , 0. , 0. , 0. , 0. , 0. ],
        [0. , 0. , 0. , 0. , 0. , 0. , 0. , 0. , 0. ],
        [0. , 0. , 0. , 0. , 0. , 0. , 0. , 0. , 0. ],
        [0. , 0. , 0. , 0. , 0. , 0. , 0. , 0. , 0. ],
        [0. , 0. , 0. , 0. , 0. , 0. , 0. , 0. , 0. ],
        [0. , 0. , 0. , 0. , 0. , 0. , 0. , 0. , 0. ],
        [1. , 0. , 0. , 0. , 0. , 0. , 0. , 0. , 1. ]],

       [[2. , 0. , 0.4, 0.4, 0.4, 0.4, 0.4, 0. , 2. ],
        [0. , 0.4, 0. , 0. , 0. , 0. , 0. , 0.4, 0. ],
        [0.4, 0. , 0.4, 0. , 0. , 0. , 0.4, 0. , 0.4],
        [0.4, 0. , 0. , 0.4, 0. , 0.4, 0. , 0. , 0.4],
        [0.4, 0. , 0. , 0. , 3. , 0. , 0. , 0. , 0.4],
        [0.4, 0. , 0. , 0.4, 0. , 0.4, 0. , 0. , 0.4],
        [0.4, 0. , 0.4, 0. , 0. , 0. , 0.4, 0. , 0.4],
        [0. , 0.4, 0. , 0. , 0. , 0. , 0. , 0.4, 0. ],
        [2. , 0. , 0.4, 0.4, 0.4, 0.4, 0.4, 0. , 2. ]],

       [[0.7, 0. , 0. , 0.7, 0.7, 0.7, 0.2, 0. , 0.5],
        [0. , 0.5, 0. , 0. , 0. , 0. , 0. , 1.8, 0. ],
        [1.1, 0. , 0. , 0. , 0. , 0. , 0. , 0. , 0. ],
        [0.5, 0. , 0. , 0. , 0. , 0. , 0. , 0. , 1.2],
        [0.5, 0. , 0. , 0. , 0.3, 0. , 0. , 0. , 1.2],
        [0.5, 0. , 0. , 0.3, 0. , 0.1, 0. , 0. , 1.2],
        [0.3, 0. , 0. , 0. , 0. , 0. , 0. , 0. , 0. ],
        [0. , 0.3, 0. , 0. , 0. , 0. , 0. , 0.4, 0. ],
        [0.8, 0. , 0. , 0. , 0. , 0. , 0.4, 0. , 0.6]],

       [[0.4, 0. , 0. , 0.3, 0.3, 0.3, 0. , 0. , 0.2],
        [0. , 0.5, 0. , 0. , 0. , 0. , 0. , 1. , 0. ],
        [0.8, 0. , 0. , 0. , 0. , 0. , 0. , 0. , 0. ],
        [0. , 0. , 0. , 0. , 0. , 0. , 0. , 0. , 0.3],
        [0. , 0. , 0. , 0. , 0.3, 0. , 0. , 0. , 0.3],
        [0. , 0. , 0. , 0.3, 0. , 0.1, 0. , 0. , 0.3],
        [0. , 0. , 0. , 0. , 0. , 0. , 0. , 0. , 0. ],
        [0. , 0.3, 0. , 0. , 0. , 0. , 0. , 0.4, 0. ],
        [0.4, 0. , 0. , 0. , 0. , 0. , 0. , 0. , 0. ]],

       [[0.2, 0. , 0. , 0.1, 0.1, 0.1, 0. , 0. , 0. ],
        [0. , 0. , 0. , 0. , 0. , 0. , 0. , 0.6, 0. ],
        [0.2, 0. , 0. , 0. , 0. , 0. , 0. , 0. , 0. ],
        [0.1, 0. , 0. , 0. , 0. , 0. , 0. , 0. , 0.2],
        [0.1, 0. , 0. , 0. , 0. , 0. , 0. , 0. , 0.2],
        [0.1, 0. , 0. , 0. , 0. , 0. , 0. , 0. , 0.2],
        [0. , 0. , 0. , 0. , 0. , 0. , 0. , 0. , 0. ],
        [0. , 0. , 0. , 0. , 0. , 0. , 0. , 0. , 0. ],
        [0.3, 0. , 0. , 0. , 0. , 0. , 0.2, 0. , 0.3]],

       [[0. , 0. , 0. , 0.3, 0.3, 0.3, 0.2, 0. , 0.2],
        [0. , 0. , 0. , 0. , 0. , 0. , 0. , 0.2, 0. ],
        [0.1, 0. , 0. , 0. , 0. , 0. , 0. , 0. , 0. ],
        [0.4, 0. , 0. , 0. , 0. , 0. , 0. , 0. , 0.7],
        [0.4, 0. , 0. , 0. , 0. , 0. , 0. , 0. , 0.7],
        [0.4, 0. , 0. , 0. , 0. , 0. , 0. , 0. , 0.7],
        [0.3, 0. , 0. , 0. , 0. , 0. , 0. , 0. , 0. ],
        [0. , 0. , 0. , 0. , 0. , 0. , 0. , 0. , 0. ],
        [0. , 0. , 0. , 0. , 0. , 0. , 0.2, 0. , 0.2]],

       [[0. , 0. , 0. , 0. , 0. , 0. , 0. , 0. , 0. ],
        [0. , 0. , 0. , 0. , 0. , 0. , 0. , 0. , 0. ],
        [0. , 0. , 0. , 0. , 0. , 0. , 0. , 0. , 0. ],
        [0. , 0. , 0. , 0. , 0. , 0. , 0. , 0. , 0. ],
        [0. , 0. , 0. , 0. , 0. , 0. , 0. , 0. , 0. ],
        [0. , 0. , 0. , 0. , 0. , 0. , 0. , 0. , 0. ],
        [0. , 0. , 0. , 0. , 0. , 0. , 0. , 0. , 0. ],
        [0. , 0. , 0. , 0. , 0. , 0. , 0. , 0. , 0. ],
        [0. , 0. , 0. , 0. , 0. , 0. , 0. , 0. , 0. ]]], dtype=float32),
                 move_feats=[array([1.7, 1.1, 0. , 0.4, 0.6, 0. ], dtype=float32),
                             array([0. , 0. , 0. , 0.4, 0. , 1. ], dtype=float32)],
                 pi=[0.6239130434782608, 0.3760869565217391],
                 z=1.0),
 SelfPlayExample(state_tensor=array([[[1. , 0. , 1. , 1. , 1. , 1. , 1. , 0. , 1. ],
        [0. , 1. , 0. , 0. , 0. , 0. , 0. , 1. , 0. ],
        [1. , 0. , 1. , 0. , 0. , 0. , 1. , 0. , 1. ],
        [1. , 0. , 0. , 1. , 0. , 1. , 0. , 0. , 1. ],
        [1. , 0. , 0. , 0. , 1. , 0. , 0. , 0. , 1. ],
        [1. , 0. , 0. , 1. , 0. , 1. , 0. , 0. , 1. ],
        [1. , 0. , 1. , 0. , 0. , 0. , 1. , 0. , 1. ],
        [0. , 1. , 0. , 0. , 0. , 0. , 0. , 1. , 0. ],
        [1. , 0. , 1. , 1. , 1. , 1. , 1. , 0. , 1. ]],

       [[1. , 0. , 1. , 1. , 1. , 1. , 1. , 0. , 0. ],
        [0. , 1. , 0. , 0. , 0. , 0. , 0. , 0. , 0. ],
        [1. , 0. , 1. , 0. , 0. , 0. , 0. , 0. , 0. ],
        [1. , 0. , 0. , 1. , 0. , 0. , 0. , 0. , 0. ],
        [1. , 0. , 0. , 0. , 0. , 0. , 0. , 0. , 0. ],
        [1. , 0. , 0. , 0. , 0. , 0. , 0. , 0. , 0. ],
        [0. , 0. , 0. , 0. , 0. , 0. , 0. , 0. , 0. ],
        [0. , 0. , 0. , 0. , 0. , 0. , 0. , 0. , 0. ],
        [0. , 0. , 0. , 0. , 0. , 0. , 0. , 0. , 0. ]],

       [[0. , 0. , 0. , 0. , 0. , 0. , 0. , 0. , 1. ],
        [0. , 0. , 0. , 0. , 0. , 0. , 0. , 1. , 0. ],
        [0. , 0. , 0. , 0. , 0. , 0. , 0. , 0. , 0. ],
        [0. , 0. , 0. , 0. , 0. , 0. , 0. , 0. , 0. ],
        [0. , 0. , 0. , 0. , 0. , 0. , 0. , 0. , 0. ],
        [0. , 0. , 0. , 0. , 0. , 0. , 0. , 0. , 0. ],
        [0. , 0. , 0. , 0. , 0. , 0. , 0. , 0. , 0. ],
        [0. , 0. , 0. , 0. , 0. , 0. , 0. , 0. , 0. ],
        [0. , 0. , 0. , 0. , 0. , 0. , 0. , 0. , 0. ]],

       [[0. , 0. , 0. , 0. , 0. , 0. , 0. , 0. , 0. ],
        [0. , 0. , 0. , 0. , 0. , 0. , 0. , 0. , 0. ],
        [0. , 0. , 0. , 0. , 0. , 0. , 0. , 0. , 1. ],
        [0. , 0. , 0. , 0. , 0. , 0. , 0. , 0. , 1. ],
        [0. , 0. , 0. , 0. , 0. , 0. , 0. , 0. , 1. ],
        [0. , 0. , 0. , 0. , 0. , 1. , 0. , 0. , 1. ],
        [0. , 0. , 0. , 0. , 0. , 0. , 1. , 0. , 1. ],
        [0. , 0. , 0. , 0. , 0. , 0. , 0. , 1. , 0. ],
        [0. , 0. , 0. , 0. , 0. , 0. , 1. , 0. , 1. ]],

       [[0. , 0. , 0. , 0. , 0. , 0. , 0. , 0. , 0. ],
        [0. , 0. , 0. , 0. , 0. , 0. , 0. , 0. , 0. ],
        [0. , 0. , 0. , 0. , 0. , 0. , 0. , 0. , 0. ],
        [0. , 0. , 0. , 0. , 0. , 0. , 0. , 0. , 0. ],
        [0. , 0. , 0. , 0. , 0. , 0. , 0. , 0. , 0. ],
        [0. , 0. , 0. , 1. , 0. , 0. , 0. , 0. , 0. ],
        [1. , 0. , 1. , 0. , 0. , 0. , 0. , 0. , 0. ],
        [0. , 1. , 0. , 0. , 0. , 0. , 0. , 0. , 0. ],
        [1. , 0. , 1. , 1. , 1. , 1. , 0. , 0. , 0. ]],

       [[1. , 0. , 0. , 0. , 0. , 0. , 0. , 0. , 1. ],
        [0. , 0. , 0. , 0. , 0. , 0. , 0. , 0. , 0. ],
        [0. , 0. , 0. , 0. , 0. , 0. , 0. , 0. , 0. ],
        [0. , 0. , 0. , 0. , 0. , 0. , 0. , 0. , 0. ],
        [0. , 0. , 0. , 0. , 0. , 0. , 0. , 0. , 0. ],
        [0. , 0. , 0. , 0. , 0. , 0. , 0. , 0. , 0. ],
        [0. , 0. , 0. , 0. , 0. , 0. , 0. , 0. , 0. ],
        [0. , 0. , 0. , 0. , 0. , 0. , 0. , 0. , 0. ],
        [1. , 0. , 0. , 0. , 0. , 0. , 0. , 0. , 1. ]],

       [[2. , 0. , 0.4, 0.4, 0.4, 0.4, 0.4, 0. , 2. ],
        [0. , 0.4, 0. , 0. , 0. , 0. , 0. , 0.4, 0. ],
        [0.4, 0. , 0.4, 0. , 0. , 0. , 0.4, 0. , 0.4],
        [0.4, 0. , 0. , 0.4, 0. , 0.4, 0. , 0. , 0.4],
        [0.4, 0. , 0. , 0. , 3. , 0. , 0. , 0. , 0.4],
        [0.4, 0. , 0. , 0.4, 0. , 0.4, 0. , 0. , 0.4],
        [0.4, 0. , 0.4, 0. , 0. , 0. , 0.4, 0. , 0.4],
        [0. , 0.4, 0. , 0. , 0. , 0. , 0. , 0.4, 0. ],
        [2. , 0. , 0.4, 0.4, 0.4, 0.4, 0.4, 0. , 2. ]],

       [[0.7, 0. , 0. , 0. , 0. , 0. , 0.6, 0. , 0.7],
        [0. , 0.6, 0. , 0. , 0. , 0. , 0. , 2.2, 0. ],
        [0.5, 0. , 0. , 0. , 0. , 0. , 0. , 0. , 1.2],
        [0.9, 0. , 0. , 0. , 0. , 0. , 0. , 0. , 0. ],
        [0.9, 0. , 0. , 0. , 0.3, 0. , 0. , 0. , 0. ],
        [0.9, 0. , 0. , 0.1, 0. , 0.1, 0. , 0. , 0. ],
        [0.6, 0. , 0. , 0. , 0. , 0. , 0. , 0. , 0. ],
        [0. , 0.7, 0. , 0. , 0. , 0. , 0. , 0.3, 0. ],
        [0.7, 0. , 0. , 0. , 0. , 0. , 0.5, 0. , 0.7]],

       [[0.4, 0. , 0. , 0. , 0. , 0. , 0.2, 0. , 0.6],
        [0. , 0.4, 0. , 0. , 0. , 0. , 0. , 1.2, 0. ],
        [0.5, 0. , 0. , 0. , 0. , 0. , 0. , 0. , 0.3],
        [0.6, 0. , 0. , 0. , 0. , 0. , 0. , 0. , 0. ],
        [0.6, 0. , 0. , 0. , 0.3, 0. , 0. , 0. , 0. ],
        [0.6, 0. , 0. , 0.1, 0. , 0.1, 0. , 0. , 0. ],
        [0.3, 0. , 0. , 0. , 0. , 0. , 0. , 0. , 0. ],
        [0. , 0.4, 0. , 0. , 0. , 0. , 0. , 0. , 0. ],
        [0. , 0. , 0. , 0. , 0. , 0. , 0.3, 0. , 0.3]],

       [[0. , 0. , 0. , 0. , 0. , 0. , 0.1, 0. , 0. ],
        [0. , 0.2, 0. , 0. , 0. , 0. , 0. , 0.6, 0. ],
        [0. , 0. , 0. , 0. , 0. , 0. , 0. , 0. , 0.2],
        [0.2, 0. , 0. , 0. , 0. , 0. , 0. , 0. , 0. ],
        [0.2, 0. , 0. , 0. , 0. , 0. , 0. , 0. , 0. ],
        [0.2, 0. , 0. , 0. , 0. , 0. , 0. , 0. , 0. ],
        [0. , 0. , 0. , 0. , 0. , 0. , 0. , 0. , 0. ],
        [0. , 0.3, 0. , 0. , 0. , 0. , 0. , 0.3, 0. ],
        [0.4, 0. , 0. , 0. , 0. , 0. , 0. , 0. , 0.2]],

       [[0.2, 0. , 0. , 0. , 0. , 0. , 0.3, 0. , 0. ],
        [0. , 0. , 0. , 0. , 0. , 0. , 0. , 0.4, 0. ],
        [0. , 0. , 0. , 0. , 0. , 0. , 0. , 0. , 0.7],
        [0.1, 0. , 0. , 0. , 0. , 0. , 0. , 0. , 0. ],
        [0.1, 0. , 0. , 0. , 0. , 0. , 0. , 0. , 0. ],
        [0.1, 0. , 0. , 0. , 0. , 0. , 0. , 0. , 0. ],
        [0.3, 0. , 0. , 0. , 0. , 0. , 0. , 0. , 0. ],
        [0. , 0. , 0. , 0. , 0. , 0. , 0. , 0. , 0. ],
        [0.2, 0. , 0. , 0. , 0. , 0. , 0.2, 0. , 0.1]],

       [[0. , 0. , 0. , 0. , 0. , 0. , 0. , 0. , 0. ],
        [0. , 0. , 0. , 0. , 0. , 0. , 0. , 0. , 0. ],
        [0. , 0. , 0. , 0. , 0. , 0. , 0. , 0. , 0. ],
        [0. , 0. , 0. , 0. , 0. , 0. , 0. , 0. , 0. ],
        [0. , 0. , 0. , 0. , 0. , 0. , 0. , 0. , 0. ],
        [0. , 0. , 0. , 0. , 0. , 0. , 0. , 0. , 0. ],
        [0. , 0. , 0. , 0. , 0. , 0. , 0. , 0. , 0. ],
        [0. , 0. , 0. , 0. , 0. , 0. , 0. , 0. , 0. ],
        [0. , 0. , 0. , 0. , 0. , 0. , 0. , 0. , 0. ]]], dtype=float32),
                 move_feats=[array([0. , 0. , 0. , 0.4, 0. , 1. ], dtype=float32)],
                 pi=[1.0],
                 z=1.0),
 SelfPlayExample(state_tensor=array([[[1. , 0. , 1. , 1. , 1. , 1. , 1. , 0. , 1. ],
        [0. , 1. , 0. , 0. , 0. , 0. , 0. , 1. , 0. ],
        [1. , 0. , 1. , 0. , 0. , 0. , 1. , 0. , 1. ],
        [1. , 0. , 0. , 1. , 0. , 1. , 0. , 0. , 1. ],
        [1. , 0. , 0. , 0. , 1. , 0. , 0. , 0. , 1. ],
        [1. , 0. , 0. , 1. , 0. , 1. , 0. , 0. , 1. ],
        [1. , 0. , 1. , 0. , 0. , 0. , 1. , 0. , 1. ],
        [0. , 1. , 0. , 0. , 0. , 0. , 0. , 1. , 0. ],
        [1. , 0. , 1. , 1. , 1. , 1. , 1. , 0. , 1. ]],

       [[1. , 0. , 1. , 1. , 1. , 1. , 1. , 0. , 0. ],
        [0. , 1. , 0. , 0. , 0. , 0. , 0. , 0. , 0. ],
        [1. , 0. , 1. , 0. , 0. , 0. , 0. , 0. , 0. ],
        [1. , 0. , 0. , 1. , 0. , 0. , 0. , 0. , 0. ],
        [1. , 0. , 0. , 0. , 0. , 0. , 0. , 0. , 0. ],
        [1. , 0. , 0. , 0. , 0. , 0. , 0. , 0. , 0. ],
        [1. , 0. , 0. , 0. , 0. , 0. , 0. , 0. , 0. ],
        [0. , 0. , 0. , 0. , 0. , 0. , 0. , 0. , 0. ],
        [0. , 0. , 0. , 0. , 0. , 0. , 0. , 0. , 0. ]],

       [[0. , 0. , 0. , 0. , 0. , 0. , 0. , 0. , 1. ],
        [0. , 0. , 0. , 0. , 0. , 0. , 0. , 1. , 0. ],
        [0. , 0. , 0. , 0. , 0. , 0. , 1. , 0. , 0. ],
        [0. , 0. , 0. , 0. , 0. , 0. , 0. , 0. , 0. ],
        [0. , 0. , 0. , 0. , 0. , 0. , 0. , 0. , 0. ],
        [0. , 0. , 0. , 0. , 0. , 0. , 0. , 0. , 0. ],
        [0. , 0. , 0. , 0. , 0. , 0. , 0. , 0. , 0. ],
        [0. , 0. , 0. , 0. , 0. , 0. , 0. , 0. , 0. ],
        [0. , 0. , 0. , 0. , 0. , 0. , 0. , 0. , 0. ]],

       [[0. , 0. , 0. , 0. , 0. , 0. , 0. , 0. , 0. ],
        [0. , 0. , 0. , 0. , 0. , 0. , 0. , 0. , 0. ],
        [0. , 0. , 0. , 0. , 0. , 0. , 0. , 0. , 1. ],
        [0. , 0. , 0. , 0. , 0. , 0. , 0. , 0. , 1. ],
        [0. , 0. , 0. , 0. , 0. , 0. , 0. , 0. , 1. ],
        [0. , 0. , 0. , 0. , 0. , 1. , 0. , 0. , 1. ],
        [0. , 0. , 0. , 0. , 0. , 0. , 1. , 0. , 1. ],
        [0. , 0. , 0. , 0. , 0. , 0. , 0. , 1. , 0. ],
        [0. , 0. , 0. , 0. , 0. , 0. , 1. , 0. , 1. ]],

       [[0. , 0. , 0. , 0. , 0. , 0. , 0. , 0. , 0. ],
        [0. , 0. , 0. , 0. , 0. , 0. , 0. , 0. , 0. ],
        [0. , 0. , 0. , 0. , 0. , 0. , 0. , 0. , 0. ],
        [0. , 0. , 0. , 0. , 0. , 0. , 0. , 0. , 0. ],
        [0. , 0. , 0. , 0. , 0. , 0. , 0. , 0. , 0. ],
        [0. , 0. , 0. , 1. , 0. , 0. , 0. , 0. , 0. ],
        [0. , 0. , 1. , 0. , 0. , 0. , 0. , 0. , 0. ],
        [0. , 1. , 0. , 0. , 0. , 0. , 0. , 0. , 0. ],
        [1. , 0. , 1. , 1. , 1. , 1. , 0. , 0. , 0. ]],

       [[1. , 0. , 0. , 0. , 0. , 0. , 0. , 0. , 1. ],
        [0. , 0. , 0. , 0. , 0. , 0. , 0. , 0. , 0. ],
        [0. , 0. , 0. , 0. , 0. , 0. , 0. , 0. , 0. ],
        [0. , 0. , 0. , 0. , 0. , 0. , 0. , 0. , 0. ],
        [0. , 0. , 0. , 0. , 0. , 0. , 0. , 0. , 0. ],
        [0. , 0. , 0. , 0. , 0. , 0. , 0. , 0. , 0. ],
        [0. , 0. , 0. , 0. , 0. , 0. , 0. , 0. , 0. ],
        [0. , 0. , 0. , 0. , 0. , 0. , 0. , 0. , 0. ],
        [1. , 0. , 0. , 0. , 0. , 0. , 0. , 0. , 1. ]],

       [[2. , 0. , 0.4, 0.4, 0.4, 0.4, 0.4, 0. , 2. ],
        [0. , 0.4, 0. , 0. , 0. , 0. , 0. , 0.4, 0. ],
        [0.4, 0. , 0.4, 0. , 0. , 0. , 0.4, 0. , 0.4],
        [0.4, 0. , 0. , 0.4, 0. , 0.4, 0. , 0. , 0.4],
        [0.4, 0. , 0. , 0. , 3. , 0. , 0. , 0. , 0.4],
        [0.4, 0. , 0. , 0.4, 0. , 0.4, 0. , 0. , 0.4],
        [0.4, 0. , 0.4, 0. , 0. , 0. , 0.4, 0. , 0.4],
        [0. , 0.4, 0. , 0. , 0. , 0. , 0. , 0.4, 0. ],
        [2. , 0. , 0.4, 0.4, 0.4, 0.4, 0.4, 0. , 2. ]],

       [[0.8, 0. , 0. , 0. , 0. , 0. , 0.6, 0. , 0.5],
        [0. , 0.4, 0. , 0. , 0. , 0. , 0. , 2. , 0. ],
        [0. , 0. , 0.8, 0. , 0. , 0. , 0.4, 0. , 0.5],
        [0.5, 0. , 0. , 0. , 0. , 0. , 0. , 0. , 0. ],
        [0.5, 0. , 0. , 0. , 0.3, 0. , 0. , 0. , 0. ],
        [0.5, 0. , 0. , 0.1, 0. , 0.1, 0. , 0. , 0. ],
        [0.6, 0. , 0. , 0. , 0. , 0. , 0. , 0. , 0. ],
        [0. , 1.3, 0. , 0. , 0. , 0. , 0. , 0.5, 0. ],
        [0.7, 0. , 0. , 0. , 0. , 0. , 0.9, 0. , 0.7]],

       [[0.4, 0. , 0. , 0. , 0. , 0. , 0.2, 0. , 0.2],
        [0. , 0.4, 0. , 0. , 0. , 0. , 0. , 1.4, 0. ],
        [0. , 0. , 0.4, 0. , 0. , 0. , 0. , 0. , 0.3],
        [0.5, 0. , 0. , 0. , 0. , 0. , 0. , 0. , 0. ],
        [0.5, 0. , 0. , 0. , 0.3, 0. , 0. , 0. , 0. ],
        [0.5, 0. , 0. , 0.1, 0. , 0.1, 0. , 0. , 0. ],
        [0.3, 0. , 0. , 0. , 0. , 0. , 0. , 0. , 0. ],
        [0. , 0.4, 0. , 0. , 0. , 0. , 0. , 0.3, 0. ],
        [0.4, 0. , 0. , 0. , 0. , 0. , 0.3, 0. , 0.3]],

       [[0.1, 0. , 0. , 0. , 0. , 0. , 0.1, 0. , 0.2],
        [0. , 0. , 0. , 0. , 0. , 0. , 0. , 0.6, 0. ],
        [0. , 0. , 0.2, 0. , 0. , 0. , 0. , 0. , 0.2],
        [0. , 0. , 0. , 0. , 0. , 0. , 0. , 0. , 0. ],
        [0. , 0. , 0. , 0. , 0. , 0. , 0. , 0. , 0. ],
        [0. , 0. , 0. , 0. , 0. , 0. , 0. , 0. , 0. ],
        [0.2, 0. , 0. , 0. , 0. , 0. , 0. , 0. , 0. ],
        [0. , 0.7, 0. , 0. , 0. , 0. , 0. , 0.2, 0. ],
        [0. , 0. , 0. , 0. , 0. , 0. , 0.3, 0. , 0. ]],

       [[0.2, 0. , 0. , 0. , 0. , 0. , 0.3, 0. , 0. ],
        [0. , 0. , 0. , 0. , 0. , 0. , 0. , 0. , 0. ],
        [0. , 0. , 0.2, 0. , 0. , 0. , 0.4, 0. , 0. ],
        [0. , 0. , 0. , 0. , 0. , 0. , 0. , 0. , 0. ],
        [0. , 0. , 0. , 0. , 0. , 0. , 0. , 0. , 0. ],
        [0. , 0. , 0. , 0. , 0. , 0. , 0. , 0. , 0. ],
        [0.1, 0. , 0. , 0. , 0. , 0. , 0. , 0. , 0. ],
        [0. , 0.2, 0. , 0. , 0. , 0. , 0. , 0. , 0. ],
        [0.2, 0. , 0. , 0. , 0. , 0. , 0.3, 0. , 0.3]],

       [[0. , 0. , 0. , 0. , 0. , 0. , 0. , 0. , 0. ],
        [0. , 0. , 0. , 0. , 0. , 0. , 0. , 0. , 0. ],
        [0. , 0. , 0. , 0. , 0. , 0. , 0. , 0. , 0. ],
        [0. , 0. , 0. , 0. , 0. , 0. , 0. , 0. , 0. ],
        [0. , 0. , 0. , 0. , 0. , 0. , 0. , 0. , 0. ],
        [0. , 0. , 0. , 0. , 0. , 0. , 0. , 0. , 0. ],
        [0. , 0. , 0. , 0. , 0. , 0. , 0. , 0. , 0. ],
        [0. , 0. , 0. , 0. , 0. , 0. , 0. , 0. , 0. ],
        [0. , 0. , 0. , 0. , 0. , 0. , 0. , 0. , 0. ]]], dtype=float32),
                 move_feats=[array([0. , 0. , 0. , 0.4, 0. , 1. ], dtype=float32)],
                 pi=[1.0],
                 z=1.0),
 SelfPlayExample(state_tensor=array([[[1. , 0. , 1. , 1. , 1. , 1. , 1. , 0. , 1. ],
        [0. , 1. , 0. , 0. , 0. , 0. , 0. , 1. , 0. ],
        [1. , 0. , 1. , 0. , 0. , 0. , 1. , 0. , 1. ],
        [1. , 0. , 0. , 1. , 0. , 1. , 0. , 0. , 1. ],
        [1. , 0. , 0. , 0. , 1. , 0. , 0. , 0. , 1. ],
        [1. , 0. , 0. , 1. , 0. , 1. , 0. , 0. , 1. ],
        [1. , 0. , 1. , 0. , 0. , 0. , 1. , 0. , 1. ],
        [0. , 1. , 0. , 0. , 0. , 0. , 0. , 1. , 0. ],
        [1. , 0. , 1. , 1. , 1. , 1. , 1. , 0. , 1. ]],

       [[1. , 0. , 1. , 1. , 1. , 1. , 0. , 0. , 0. ],
        [0. , 1. , 0. , 0. , 0. , 0. , 0. , 0. , 0. ],
        [1. , 0. , 1. , 0. , 0. , 0. , 0. , 0. , 0. ],
        [1. , 0. , 0. , 1. , 0. , 0. , 0. , 0. , 0. ],
        [1. , 0. , 0. , 0. , 0. , 0. , 0. , 0. , 0. ],
        [1. , 0. , 0. , 0. , 0. , 0. , 0. , 0. , 0. ],
        [1. , 0. , 0. , 0. , 0. , 0. , 0. , 0. , 0. ],
        [0. , 0. , 0. , 0. , 0. , 0. , 0. , 0. , 0. ],
        [0. , 0. , 0. , 0. , 0. , 0. , 0. , 0. , 0. ]],

       [[0. , 0. , 0. , 0. , 0. , 0. , 1. , 0. , 1. ],
        [0. , 0. , 0. , 0. , 0. , 0. , 0. , 0. , 0. ],
        [0. , 0. , 0. , 0. , 0. , 0. , 1. , 0. , 0. ],
        [0. , 0. , 0. , 0. , 0. , 0. , 0. , 0. , 0. ],
        [0. , 0. , 0. , 0. , 0. , 0. , 0. , 0. , 0. ],
        [0. , 0. , 0. , 0. , 0. , 0. , 0. , 0. , 0. ],
        [0. , 0. , 0. , 0. , 0. , 0. , 0. , 0. , 0. ],
        [0. , 0. , 0. , 0. , 0. , 0. , 0. , 0. , 0. ],
        [0. , 0. , 0. , 0. , 0. , 0. , 0. , 0. , 0. ]],

       [[0. , 0. , 0. , 0. , 0. , 0. , 0. , 0. , 0. ],
        [0. , 0. , 0. , 0. , 0. , 0. , 0. , 1. , 0. ],
        [0. , 0. , 0. , 0. , 0. , 0. , 0. , 0. , 1. ],
        [0. , 0. , 0. , 0. , 0. , 0. , 0. , 0. , 1. ],
        [0. , 0. , 0. , 0. , 0. , 0. , 0. , 0. , 1. ],
        [0. , 0. , 0. , 0. , 0. , 1. , 0. , 0. , 1. ],
        [0. , 0. , 0. , 0. , 0. , 0. , 1. , 0. , 1. ],
        [0. , 0. , 0. , 0. , 0. , 0. , 0. , 1. , 0. ],
        [0. , 0. , 0. , 0. , 0. , 0. , 1. , 0. , 1. ]],

       [[0. , 0. , 0. , 0. , 0. , 0. , 0. , 0. , 0. ],
        [0. , 0. , 0. , 0. , 0. , 0. , 0. , 0. , 0. ],
        [0. , 0. , 0. , 0. , 0. , 0. , 0. , 0. , 0. ],
        [0. , 0. , 0. , 0. , 0. , 0. , 0. , 0. , 0. ],
        [0. , 0. , 0. , 0. , 0. , 0. , 0. , 0. , 0. ],
        [0. , 0. , 0. , 1. , 0. , 0. , 0. , 0. , 0. ],
        [0. , 0. , 1. , 0. , 0. , 0. , 0. , 0. , 0. ],
        [0. , 1. , 0. , 0. , 0. , 0. , 0. , 0. , 0. ],
        [1. , 0. , 1. , 1. , 1. , 1. , 0. , 0. , 0. ]],

       [[1. , 0. , 0. , 0. , 0. , 0. , 0. , 0. , 1. ],
        [0. , 0. , 0. , 0. , 0. , 0. , 0. , 0. , 0. ],
        [0. , 0. , 0. , 0. , 0. , 0. , 0. , 0. , 0. ],
        [0. , 0. , 0. , 0. , 0. , 0. , 0. , 0. , 0. ],
        [0. , 0. , 0. , 0. , 0. , 0. , 0. , 0. , 0. ],
        [0. , 0. , 0. , 0. , 0. , 0. , 0. , 0. , 0. ],
        [0. , 0. , 0. , 0. , 0. , 0. , 0. , 0. , 0. ],
        [0. , 0. , 0. , 0. , 0. , 0. , 0. , 0. , 0. ],
        [1. , 0. , 0. , 0. , 0. , 0. , 0. , 0. , 1. ]],

       [[2. , 0. , 0.4, 0.4, 0.4, 0.4, 0.4, 0. , 2. ],
        [0. , 0.4, 0. , 0. , 0. , 0. , 0. , 0.4, 0. ],
        [0.4, 0. , 0.4, 0. , 0. , 0. , 0.4, 0. , 0.4],
        [0.4, 0. , 0. , 0.4, 0. , 0.4, 0. , 0. , 0.4],
        [0.4, 0. , 0. , 0. , 3. , 0. , 0. , 0. , 0.4],
        [0.4, 0. , 0. , 0.4, 0. , 0.4, 0. , 0. , 0.4],
        [0.4, 0. , 0.4, 0. , 0. , 0. , 0.4, 0. , 0.4],
        [0. , 0.4, 0. , 0. , 0. , 0. , 0. , 0.4, 0. ],
        [2. , 0. , 0.4, 0.4, 0.4, 0.4, 0.4, 0. , 2. ]],

       [[1. , 0. , 0. , 0. , 0. , 0. , 2.2, 0. , 0.5],
        [0. , 0.5, 0. , 0. , 0. , 0. , 0. , 0.5, 0. ],
        [0. , 0. , 0.6, 0. , 0. , 0. , 0. , 0. , 0. ],
        [0. , 0. , 0. , 0.6, 0. , 0. , 0. , 0. , 0. ],
        [0. , 0. , 0. , 0. , 0.2, 0. , 0. , 0. , 0. ],
        [0. , 0. , 0. , 0.1, 0. , 0.1, 0. , 0. , 0. ],
        [0.5, 0. , 0. , 0. , 0. , 0. , 0. , 0. , 0. ],
        [0. , 1.5, 0. , 0. , 0. , 0. , 0. , 0.3, 0. ],
        [0.5, 0. , 0. , 0. , 0. , 0. , 1.7, 0. , 0.8]],

       [[0.8, 0. , 0. , 0. , 0. , 0. , 1.2, 0. , 0.2],
        [0. , 0.4, 0. , 0. , 0. , 0. , 0. , 0.3, 0. ],
        [0. , 0. , 0.4, 0. , 0. , 0. , 0. , 0. , 0. ],
        [0. , 0. , 0. , 0.4, 0. , 0. , 0. , 0. , 0. ],
        [0. , 0. , 0. , 0. , 0.2, 0. , 0. , 0. , 0. ],
        [0. , 0. , 0. , 0.1, 0. , 0.1, 0. , 0. , 0. ],
        [0.5, 0. , 0. , 0. , 0. , 0. , 0. , 0. , 0. ],
        [0. , 0.4, 0. , 0. , 0. , 0. , 0. , 0.3, 0. ],
        [0. , 0. , 0. , 0. , 0. , 0. , 0.6, 0. , 0.5]],

       [[0.1, 0. , 0. , 0. , 0. , 0. , 0.6, 0. , 0.2],
        [0. , 0.1, 0. , 0. , 0. , 0. , 0. , 0.2, 0. ],
        [0. , 0. , 0. , 0. , 0. , 0. , 0. , 0. , 0. ],
        [0. , 0. , 0. , 0.2, 0. , 0. , 0. , 0. , 0. ],
        [0. , 0. , 0. , 0. , 0. , 0. , 0. , 0. , 0. ],
        [0. , 0. , 0. , 0. , 0. , 0. , 0. , 0. , 0. ],
        [0. , 0. , 0. , 0. , 0. , 0. , 0. , 0. , 0. ],
        [0. , 0.7, 0. , 0. , 0. , 0. , 0. , 0. , 0. ],
        [0. , 0. , 0. , 0. , 0. , 0. , 0.5, 0. , 0.1]],

       [[0. , 0. , 0. , 0. , 0. , 0. , 0.4, 0. , 0. ],
        [0. , 0. , 0. , 0. , 0. , 0. , 0. , 0. , 0. ],
        [0. , 0. , 0.2, 0. , 0. , 0. , 0. , 0. , 0. ],
        [0. , 0. , 0. , 0. , 0. , 0. , 0. , 0. , 0. ],
        [0. , 0. , 0. , 0. , 0. , 0. , 0. , 0. , 0. ],
        [0. , 0. , 0. , 0. , 0. , 0. , 0. , 0. , 0. ],
        [0. , 0. , 0. , 0. , 0. , 0. , 0. , 0. , 0. ],
        [0. , 0.4, 0. , 0. , 0. , 0. , 0. , 0. , 0. ],
        [0.4, 0. , 0. , 0. , 0. , 0. , 0.6, 0. , 0.1]],

       [[0. , 0. , 0. , 0. , 0. , 0. , 0. , 0. , 0. ],
        [0. , 0. , 0. , 0. , 0. , 0. , 0. , 0. , 0. ],
        [0. , 0. , 0. , 0. , 0. , 0. , 0. , 0. , 0. ],
        [0. , 0. , 0. , 0. , 0. , 0. , 0. , 0. , 0. ],
        [0. , 0. , 0. , 0. , 0. , 0. , 0. , 0. , 0. ],
        [0. , 0. , 0. , 0. , 0. , 0. , 0. , 0. , 0. ],
        [0. , 0. , 0. , 0. , 0. , 0. , 0. , 0. , 0. ],
        [0. , 0. , 0. , 0. , 0. , 0. , 0. , 0. , 0. ],
        [0. , 0. , 0. , 0. , 0. , 0. , 0. , 0. , 0. ]]], dtype=float32),
                 move_feats=[array([0. , 0. , 0. , 0.4, 0. , 1. ], dtype=float32)],
                 pi=[1.0],
                 z=1.0),
 SelfPlayExample(state_tensor=array([[[1. , 0. , 1. , 1. , 1. , 1. , 1. , 0. , 1. ],
        [0. , 1. , 0. , 0. , 0. , 0. , 0. , 1. , 0. ],
        [1. , 0. , 1. , 0. , 0. , 0. , 1. , 0. , 1. ],
        [1. , 0. , 0. , 1. , 0. , 1. , 0. , 0. , 1. ],
        [1. , 0. , 0. , 0. , 1. , 0. , 0. , 0. , 1. ],
        [1. , 0. , 0. , 1. , 0. , 1. , 0. , 0. , 1. ],
        [1. , 0. , 1. , 0. , 0. , 0. , 1. , 0. , 1. ],
        [0. , 1. , 0. , 0. , 0. , 0. , 0. , 1. , 0. ],
        [1. , 0. , 1. , 1. , 1. , 1. , 1. , 0. , 1. ]],

       [[1. , 0. , 1. , 0. , 0. , 0. , 0. , 0. , 0. ],
        [0. , 1. , 0. , 0. , 0. , 0. , 0. , 0. , 0. ],
        [1. , 0. , 1. , 0. , 0. , 0. , 0. , 0. , 0. ],
        [1. , 0. , 0. , 1. , 0. , 0. , 0. , 0. , 0. ],
        [1. , 0. , 0. , 0. , 0. , 0. , 0. , 0. , 0. ],
        [1. , 0. , 0. , 0. , 0. , 0. , 0. , 0. , 0. ],
        [1. , 0. , 0. , 0. , 0. , 0. , 0. , 0. , 0. ],
        [0. , 0. , 0. , 0. , 0. , 0. , 0. , 0. , 0. ],
        [0. , 0. , 0. , 0. , 0. , 0. , 0. , 0. , 0. ]],

       [[0. , 0. , 0. , 1. , 1. , 1. , 1. , 0. , 1. ],
        [0. , 0. , 0. , 0. , 0. , 0. , 0. , 0. , 0. ],
        [0. , 0. , 0. , 0. , 0. , 0. , 0. , 0. , 0. ],
        [0. , 0. , 0. , 0. , 0. , 0. , 0. , 0. , 0. ],
        [0. , 0. , 0. , 0. , 0. , 0. , 0. , 0. , 0. ],
        [0. , 0. , 0. , 0. , 0. , 0. , 0. , 0. , 0. ],
        [0. , 0. , 0. , 0. , 0. , 0. , 0. , 0. , 0. ],
        [0. , 0. , 0. , 0. , 0. , 0. , 0. , 0. , 0. ],
        [0. , 0. , 0. , 0. , 0. , 0. , 0. , 0. , 0. ]],

       [[0. , 0. , 0. , 0. , 0. , 0. , 0. , 0. , 0. ],
        [0. , 0. , 0. , 0. , 0. , 0. , 0. , 1. , 0. ],
        [0. , 0. , 0. , 0. , 0. , 0. , 1. , 0. , 1. ],
        [0. , 0. , 0. , 0. , 0. , 0. , 0. , 0. , 1. ],
        [0. , 0. , 0. , 0. , 0. , 0. , 0. , 0. , 1. ],
        [0. , 0. , 0. , 0. , 0. , 1. , 0. , 0. , 1. ],
        [0. , 0. , 0. , 0. , 0. , 0. , 1. , 0. , 1. ],
        [0. , 0. , 0. , 0. , 0. , 0. , 0. , 1. , 0. ],
        [0. , 0. , 0. , 0. , 0. , 0. , 1. , 0. , 1. ]],

       [[0. , 0. , 0. , 0. , 0. , 0. , 0. , 0. , 0. ],
        [0. , 0. , 0. , 0. , 0. , 0. , 0. , 0. , 0. ],
        [0. , 0. , 0. , 0. , 0. , 0. , 0. , 0. , 0. ],
        [0. , 0. , 0. , 0. , 0. , 0. , 0. , 0. , 0. ],
        [0. , 0. , 0. , 0. , 0. , 0. , 0. , 0. , 0. ],
        [0. , 0. , 0. , 1. , 0. , 0. , 0. , 0. , 0. ],
        [0. , 0. , 1. , 0. , 0. , 0. , 0. , 0. , 0. ],
        [0. , 1. , 0. , 0. , 0. , 0. , 0. , 0. , 0. ],
        [1. , 0. , 1. , 1. , 1. , 1. , 0. , 0. , 0. ]],

       [[1. , 0. , 0. , 0. , 0. , 0. , 0. , 0. , 1. ],
        [0. , 0. , 0. , 0. , 0. , 0. , 0. , 0. , 0. ],
        [0. , 0. , 0. , 0. , 0. , 0. , 0. , 0. , 0. ],
        [0. , 0. , 0. , 0. , 0. , 0. , 0. , 0. , 0. ],
        [0. , 0. , 0. , 0. , 0. , 0. , 0. , 0. , 0. ],
        [0. , 0. , 0. , 0. , 0. , 0. , 0. , 0. , 0. ],
        [0. , 0. , 0. , 0. , 0. , 0. , 0. , 0. , 0. ],
        [0. , 0. , 0. , 0. , 0. , 0. , 0. , 0. , 0. ],
        [1. , 0. , 0. , 0. , 0. , 0. , 0. , 0. , 1. ]],

       [[2. , 0. , 0.4, 0.4, 0.4, 0.4, 0.4, 0. , 2. ],
        [0. , 0.4, 0. , 0. , 0. , 0. , 0. , 0.4, 0. ],
        [0.4, 0. , 0.4, 0. , 0. , 0. , 0.4, 0. , 0.4],
        [0.4, 0. , 0. , 0.4, 0. , 0.4, 0. , 0. , 0.4],
        [0.4, 0. , 0. , 0. , 3. , 0. , 0. , 0. , 0.4],
        [0.4, 0. , 0. , 0.4, 0. , 0.4, 0. , 0. , 0.4],
        [0.4, 0. , 0.4, 0. , 0. , 0. , 0.4, 0. , 0.4],
        [0. , 0.4, 0. , 0. , 0. , 0. , 0. , 0.4, 0. ],
        [2. , 0. , 0.4, 0.4, 0.4, 0.4, 0.4, 0. , 2. ]],

       [[0.8, 0. , 0.5, 0.6, 0.6, 0.6, 1.2, 0. , 1. ],
        [0. , 0.9, 0. , 0. , 0. , 0. , 0. , 0. , 0. ],
        [0. , 0. , 0. , 0. , 0. , 0. , 0.1, 0. , 0. ],
        [0. , 0. , 0. , 1.2, 0. , 0. , 0. , 0. , 0. ],
        [0. , 0. , 0. , 0. , 0.2, 0. , 0. , 0. , 0. ],
        [0. , 0. , 0. , 0.1, 0. , 0.1, 0. , 0. , 0. ],
        [0.5, 0. , 0. , 0. , 0. , 0. , 0. , 0. , 0. ],
        [0. , 1.9, 0. , 0. , 0. , 0. , 0. , 0.6, 0. ],
        [0.6, 0. , 0. , 0. , 0. , 0. , 2.1, 0. , 0.7]],

       [[0.2, 0. , 0.4, 0. , 0. , 0. , 1.2, 0. , 0.6],
        [0. , 0.8, 0. , 0. , 0. , 0. , 0. , 0. , 0. ],
        [0. , 0. , 0. , 0. , 0. , 0. , 0. , 0. , 0. ],
        [0. , 0. , 0. , 0.8, 0. , 0. , 0. , 0. , 0. ],
        [0. , 0. , 0. , 0. , 0.2, 0. , 0. , 0. , 0. ],
        [0. , 0. , 0. , 0.1, 0. , 0.1, 0. , 0. , 0. ],
        [0.5, 0. , 0. , 0. , 0. , 0. , 0. , 0. , 0. ],
        [0. , 0.4, 0. , 0. , 0. , 0. , 0. , 0.5, 0. ],
        [0.1, 0. , 0. , 0. , 0. , 0. , 0.9, 0. , 0.1]],

       [[0.3, 0. , 0.1, 0.6, 0.6, 0.6, 0. , 0. , 0.3],
        [0. , 0.1, 0. , 0. , 0. , 0. , 0. , 0. , 0. ],
        [0. , 0. , 0. , 0. , 0. , 0. , 0.1, 0. , 0. ],
        [0. , 0. , 0. , 0.2, 0. , 0. , 0. , 0. , 0. ],
        [0. , 0. , 0. , 0. , 0. , 0. , 0. , 0. , 0. ],
        [0. , 0. , 0. , 0. , 0. , 0. , 0. , 0. , 0. ],
        [0. , 0. , 0. , 0. , 0. , 0. , 0. , 0. , 0. ],
        [0. , 0.7, 0. , 0. , 0. , 0. , 0. , 0.1, 0. ],
        [0.3, 0. , 0. , 0. , 0. , 0. , 0.5, 0. , 0.2]],

       [[0.2, 0. , 0. , 0. , 0. , 0. , 0. , 0. , 0. ],
        [0. , 0. , 0. , 0. , 0. , 0. , 0. , 0. , 0. ],
        [0. , 0. , 0. , 0. , 0. , 0. , 0. , 0. , 0. ],
        [0. , 0. , 0. , 0.2, 0. , 0. , 0. , 0. , 0. ],
        [0. , 0. , 0. , 0. , 0. , 0. , 0. , 0. , 0. ],
        [0. , 0. , 0. , 0. , 0. , 0. , 0. , 0. , 0. ],
        [0. , 0. , 0. , 0. , 0. , 0. , 0. , 0. , 0. ],
        [0. , 0.8, 0. , 0. , 0. , 0. , 0. , 0. , 0. ],
        [0.1, 0. , 0. , 0. , 0. , 0. , 0.7, 0. , 0.3]],

       [[0. , 0. , 0. , 0. , 0. , 0. , 0. , 0. , 0. ],
        [0. , 0. , 0. , 0. , 0. , 0. , 0. , 0. , 0. ],
        [0. , 0. , 0. , 0. , 0. , 0. , 0. , 0. , 0. ],
        [0. , 0. , 0. , 0. , 0. , 0. , 0. , 0. , 0. ],
        [0. , 0. , 0. , 0. , 0. , 0. , 0. , 0. , 0. ],
        [0. , 0. , 0. , 0. , 0. , 0. , 0. , 0. , 0. ],
        [0. , 0. , 0. , 0. , 0. , 0. , 0. , 0. , 0. ],
        [0. , 0. , 0. , 0. , 0. , 0. , 0. , 0. , 0. ],
        [0. , 0. , 0. , 0. , 0. , 0. , 0. , 0. , 0. ]]], dtype=float32),
                 move_feats=[array([0. , 0. , 0. , 0.4, 0. , 1. ], dtype=float32)],
                 pi=[1.0],
                 z=1.0),
 SelfPlayExample(state_tensor=array([[[1. , 0. , 1. , 1. , 1. , 1. , 1. , 0. , 1. ],
        [0. , 1. , 0. , 0. , 0. , 0. , 0. , 1. , 0. ],
        [1. , 0. , 1. , 0. , 0. , 0. , 1. , 0. , 1. ],
        [1. , 0. , 0. , 1. , 0. , 1. , 0. , 0. , 1. ],
        [1. , 0. , 0. , 0. , 1. , 0. , 0. , 0. , 1. ],
        [1. , 0. , 0. , 1. , 0. , 1. , 0. , 0. , 1. ],
        [1. , 0. , 1. , 0. , 0. , 0. , 1. , 0. , 1. ],
        [0. , 1. , 0. , 0. , 0. , 0. , 0. , 1. , 0. ],
        [1. , 0. , 1. , 1. , 1. , 1. , 1. , 0. , 1. ]],

       [[1. , 0. , 1. , 0. , 0. , 0. , 0. , 0. , 0. ],
        [0. , 1. , 0. , 0. , 0. , 0. , 0. , 0. , 0. ],
        [1. , 0. , 1. , 0. , 0. , 0. , 0. , 0. , 0. ],
        [1. , 0. , 0. , 1. , 0. , 0. , 0. , 0. , 0. ],
        [1. , 0. , 0. , 0. , 1. , 0. , 0. , 0. , 0. ],
        [1. , 0. , 0. , 0. , 0. , 0. , 0. , 0. , 0. ],
        [1. , 0. , 0. , 0. , 0. , 0. , 0. , 0. , 0. ],
        [0. , 0. , 0. , 0. , 0. , 0. , 0. , 0. , 0. ],
        [0. , 0. , 0. , 0. , 0. , 0. , 0. , 0. , 0. ]],

       [[0. , 0. , 0. , 1. , 1. , 1. , 1. , 0. , 1. ],
        [0. , 0. , 0. , 0. , 0. , 0. , 0. , 0. , 0. ],
        [0. , 0. , 0. , 0. , 0. , 0. , 0. , 0. , 0. ],
        [0. , 0. , 0. , 0. , 0. , 0. , 0. , 0. , 0. ],
        [0. , 0. , 0. , 0. , 0. , 0. , 0. , 0. , 0. ],
        [0. , 0. , 0. , 0. , 0. , 0. , 0. , 0. , 0. ],
        [0. , 0. , 0. , 0. , 0. , 0. , 0. , 0. , 0. ],
        [0. , 0. , 0. , 0. , 0. , 0. , 0. , 0. , 0. ],
        [0. , 0. , 0. , 0. , 0. , 0. , 0. , 0. , 0. ]],

       [[0. , 0. , 0. , 0. , 0. , 0. , 0. , 0. , 0. ],
        [0. , 0. , 0. , 0. , 0. , 0. , 0. , 1. , 0. ],
        [0. , 0. , 0. , 0. , 0. , 0. , 1. , 0. , 1. ],
        [0. , 0. , 0. , 0. , 0. , 1. , 0. , 0. , 1. ],
        [0. , 0. , 0. , 0. , 0. , 0. , 0. , 0. , 1. ],
        [0. , 0. , 0. , 0. , 0. , 1. , 0. , 0. , 1. ],
        [0. , 0. , 0. , 0. , 0. , 0. , 1. , 0. , 1. ],
        [0. , 0. , 0. , 0. , 0. , 0. , 0. , 1. , 0. ],
        [0. , 0. , 0. , 0. , 0. , 0. , 1. , 0. , 1. ]],

       [[0. , 0. , 0. , 0. , 0. , 0. , 0. , 0. , 0. ],
        [0. , 0. , 0. , 0. , 0. , 0. , 0. , 0. , 0. ],
        [0. , 0. , 0. , 0. , 0. , 0. , 0. , 0. , 0. ],
        [0. , 0. , 0. , 0. , 0. , 0. , 0. , 0. , 0. ],
        [0. , 0. , 0. , 0. , 0. , 0. , 0. , 0. , 0. ],
        [0. , 0. , 0. , 1. , 0. , 0. , 0. , 0. , 0. ],
        [0. , 0. , 1. , 0. , 0. , 0. , 0. , 0. , 0. ],
        [0. , 1. , 0. , 0. , 0. , 0. , 0. , 0. , 0. ],
        [1. , 0. , 1. , 1. , 1. , 1. , 0. , 0. , 0. ]],

       [[1. , 0. , 0. , 0. , 0. , 0. , 0. , 0. , 1. ],
        [0. , 0. , 0. , 0. , 0. , 0. , 0. , 0. , 0. ],
        [0. , 0. , 0. , 0. , 0. , 0. , 0. , 0. , 0. ],
        [0. , 0. , 0. , 0. , 0. , 0. , 0. , 0. , 0. ],
        [0. , 0. , 0. , 0. , 0. , 0. , 0. , 0. , 0. ],
        [0. , 0. , 0. , 0. , 0. , 0. , 0. , 0. , 0. ],
        [0. , 0. , 0. , 0. , 0. , 0. , 0. , 0. , 0. ],
        [0. , 0. , 0. , 0. , 0. , 0. , 0. , 0. , 0. ],
        [1. , 0. , 0. , 0. , 0. , 0. , 0. , 0. , 1. ]],

       [[2. , 0. , 0.4, 0.4, 0.4, 0.4, 0.4, 0. , 2. ],
        [0. , 0.4, 0. , 0. , 0. , 0. , 0. , 0.4, 0. ],
        [0.4, 0. , 0.4, 0. , 0. , 0. , 0.4, 0. , 0.4],
        [0.4, 0. , 0. , 0.4, 0. , 0.4, 0. , 0. , 0.4],
        [0.4, 0. , 0. , 0. , 3. , 0. , 0. , 0. , 0.4],
        [0.4, 0. , 0. , 0.4, 0. , 0.4, 0. , 0. , 0.4],
        [0.4, 0. , 0.4, 0. , 0. , 0. , 0.4, 0. , 0.4],
        [0. , 0.4, 0. , 0. , 0. , 0. , 0. , 0.4, 0. ],
        [2. , 0. , 0.4, 0.4, 0.4, 0.4, 0.4, 0. , 2. ]],

       [[0.8, 0. , 1.4, 0.4, 0.4, 0.4, 1.2, 0. , 1.4],
        [0. , 0.5, 0. , 0. , 0. , 0. , 0. , 0. , 0. ],
        [0. , 0. , 0. , 0. , 0. , 0. , 0. , 0. , 0. ],
        [0. , 0. , 0. , 0. , 0. , 0.1, 0. , 0. , 0. ],
        [0. , 0. , 0. , 0. , 1.1, 0. , 0. , 0. , 0. ],
        [0. , 0. , 0. , 0.1, 0. , 0.1, 0. , 0. , 0. ],
        [0.5, 0. , 0. , 0. , 0. , 0. , 0. , 0. , 0. ],
        [0. , 2.4, 0. , 0. , 0. , 0. , 0. , 0.3, 0. ],
        [0.6, 0. , 0. , 0. , 0. , 0. , 3. , 0. , 0.9]],

       [[0.3, 0. , 1. , 0. , 0. , 0. , 1.2, 0. , 0.6],
        [0. , 0.2, 0. , 0. , 0. , 0. , 0. , 0. , 0. ],
        [0. , 0. , 0. , 0. , 0. , 0. , 0. , 0. , 0. ],
        [0. , 0. , 0. , 0. , 0. , 0. , 0. , 0. , 0. ],
        [0. , 0. , 0. , 0. , 0.7, 0. , 0. , 0. , 0. ],
        [0. , 0. , 0. , 0.1, 0. , 0.1, 0. , 0. , 0. ],
        [0.5, 0. , 0. , 0. , 0. , 0. , 0. , 0. , 0. ],
        [0. , 0.5, 0. , 0. , 0. , 0. , 0. , 0.1, 0. ],
        [0.1, 0. , 0. , 0. , 0. , 0. , 1.4, 0. , 0.5]],

       [[0.3, 0. , 0.2, 0.4, 0.4, 0.4, 0. , 0. , 0.7],
        [0. , 0.3, 0. , 0. , 0. , 0. , 0. , 0. , 0. ],
        [0. , 0. , 0. , 0. , 0. , 0. , 0. , 0. , 0. ],
        [0. , 0. , 0. , 0. , 0. , 0.1, 0. , 0. , 0. ],
        [0. , 0. , 0. , 0. , 0.2, 0. , 0. , 0. , 0. ],
        [0. , 0. , 0. , 0. , 0. , 0. , 0. , 0. , 0. ],
        [0. , 0. , 0. , 0. , 0. , 0. , 0. , 0. , 0. ],
        [0. , 1. , 0. , 0. , 0. , 0. , 0. , 0.2, 0. ],
        [0.3, 0. , 0. , 0. , 0. , 0. , 0.6, 0. , 0.2]],

       [[0.1, 0. , 0.2, 0. , 0. , 0. , 0. , 0. , 0. ],
        [0. , 0. , 0. , 0. , 0. , 0. , 0. , 0. , 0. ],
        [0. , 0. , 0. , 0. , 0. , 0. , 0. , 0. , 0. ],
        [0. , 0. , 0. , 0. , 0. , 0. , 0. , 0. , 0. ],
        [0. , 0. , 0. , 0. , 0.2, 0. , 0. , 0. , 0. ],
        [0. , 0. , 0. , 0. , 0. , 0. , 0. , 0. , 0. ],
        [0. , 0. , 0. , 0. , 0. , 0. , 0. , 0. , 0. ],
        [0. , 0.9, 0. , 0. , 0. , 0. , 0. , 0. , 0. ],
        [0.1, 0. , 0. , 0. , 0. , 0. , 1. , 0. , 0.1]],

       [[0. , 0. , 0. , 0. , 0. , 0. , 0. , 0. , 0. ],
        [0. , 0. , 0. , 0. , 0. , 0. , 0. , 0. , 0. ],
        [0. , 0. , 0. , 0. , 0. , 0. , 0. , 0. , 0. ],
        [0. , 0. , 0. , 0. , 0. , 0. , 0. , 0. , 0. ],
        [0. , 0. , 0. , 0. , 0. , 0. , 0. , 0. , 0. ],
        [0. , 0. , 0. , 0. , 0. , 0. , 0. , 0. , 0. ],
        [0. , 0. , 0. , 0. , 0. , 0. , 0. , 0. , 0. ],
        [0. , 0. , 0. , 0. , 0. , 0. , 0. , 0. , 0. ],
        [0. , 0. , 0. , 0. , 0. , 0. , 0. , 0. , 0. ]]], dtype=float32),
                 move_feats=[array([0. , 0. , 0. , 0.4, 0. , 1. ], dtype=float32)],
                 pi=[1.0],
                 z=1.0),
 SelfPlayExample(state_tensor=array([[[1. , 0. , 1. , 1. , 1. , 1. , 1. , 0. , 1. ],
        [0. , 1. , 0. , 0. , 0. , 0. , 0. , 1. , 0. ],
        [1. , 0. , 1. , 0. , 0. , 0. , 1. , 0. , 1. ],
        [1. , 0. , 0. , 1. , 0. , 1. , 0. , 0. , 1. ],
        [1. , 0. , 0. , 0. , 1. , 0. , 0. , 0. , 1. ],
        [1. , 0. , 0. , 1. , 0. , 1. , 0. , 0. , 1. ],
        [1. , 0. , 1. , 0. , 0. , 0. , 1. , 0. , 1. ],
        [0. , 1. , 0. , 0. , 0. , 0. , 0. , 1. , 0. ],
        [1. , 0. , 1. , 1. , 1. , 1. , 1. , 0. , 1. ]],

       [[1. , 0. , 1. , 1. , 1. , 1. , 0. , 0. , 0. ],
        [0. , 1. , 0. , 0. , 0. , 0. , 0. , 0. , 0. ],
        [1. , 0. , 1. , 0. , 0. , 0. , 0. , 0. , 0. ],
        [1. , 0. , 0. , 1. , 0. , 1. , 0. , 0. , 0. ],
        [1. , 0. , 0. , 0. , 0. , 0. , 0. , 0. , 0. ],
        [1. , 0. , 0. , 0. , 0. , 0. , 0. , 0. , 0. ],
        [1. , 0. , 0. , 0. , 0. , 0. , 0. , 0. , 0. ],
        [0. , 0. , 0. , 0. , 0. , 0. , 0. , 0. , 0. ],
        [0. , 0. , 0. , 0. , 0. , 0. , 0. , 0. , 0. ]],

       [[0. , 0. , 0. , 0. , 0. , 0. , 1. , 0. , 1. ],
        [0. , 0. , 0. , 0. , 0. , 0. , 0. , 0. , 0. ],
        [0. , 0. , 0. , 0. , 0. , 0. , 0. , 0. , 0. ],
        [0. , 0. , 0. , 0. , 0. , 0. , 0. , 0. , 0. ],
        [0. , 0. , 0. , 0. , 0. , 0. , 0. , 0. , 0. ],
        [0. , 0. , 0. , 0. , 0. , 0. , 0. , 0. , 0. ],
        [0. , 0. , 0. , 0. , 0. , 0. , 0. , 0. , 0. ],
        [0. , 0. , 0. , 0. , 0. , 0. , 0. , 0. , 0. ],
        [0. , 0. , 0. , 0. , 0. , 0. , 0. , 0. , 0. ]],

       [[0. , 0. , 0. , 0. , 0. , 0. , 0. , 0. , 0. ],
        [0. , 0. , 0. , 0. , 0. , 0. , 0. , 1. , 0. ],
        [0. , 0. , 0. , 0. , 0. , 0. , 1. , 0. , 1. ],
        [0. , 0. , 0. , 0. , 0. , 0. , 0. , 0. , 1. ],
        [0. , 0. , 0. , 0. , 1. , 0. , 0. , 0. , 1. ],
        [0. , 0. , 0. , 0. , 0. , 1. , 0. , 0. , 1. ],
        [0. , 0. , 0. , 0. , 0. , 0. , 1. , 0. , 1. ],
        [0. , 0. , 0. , 0. , 0. , 0. , 0. , 1. , 0. ],
        [0. , 0. , 0. , 0. , 0. , 0. , 1. , 0. , 1. ]],

       [[0. , 0. , 0. , 0. , 0. , 0. , 0. , 0. , 0. ],
        [0. , 0. , 0. , 0. , 0. , 0. , 0. , 0. , 0. ],
        [0. , 0. , 0. , 0. , 0. , 0. , 0. , 0. , 0. ],
        [0. , 0. , 0. , 0. , 0. , 0. , 0. , 0. , 0. ],
        [0. , 0. , 0. , 0. , 0. , 0. , 0. , 0. , 0. ],
        [0. , 0. , 0. , 1. , 0. , 0. , 0. , 0. , 0. ],
        [0. , 0. , 1. , 0. , 0. , 0. , 0. , 0. , 0. ],
        [0. , 1. , 0. , 0. , 0. , 0. , 0. , 0. , 0. ],
        [1. , 0. , 1. , 1. , 1. , 1. , 0. , 0. , 0. ]],

       [[1. , 0. , 0. , 0. , 0. , 0. , 0. , 0. , 1. ],
        [0. , 0. , 0. , 0. , 0. , 0. , 0. , 0. , 0. ],
        [0. , 0. , 0. , 0. , 0. , 0. , 0. , 0. , 0. ],
        [0. , 0. , 0. , 0. , 0. , 0. , 0. , 0. , 0. ],
        [0. , 0. , 0. , 0. , 0. , 0. , 0. , 0. , 0. ],
        [0. , 0. , 0. , 0. , 0. , 0. , 0. , 0. , 0. ],
        [0. , 0. , 0. , 0. , 0. , 0. , 0. , 0. , 0. ],
        [0. , 0. , 0. , 0. , 0. , 0. , 0. , 0. , 0. ],
        [1. , 0. , 0. , 0. , 0. , 0. , 0. , 0. , 1. ]],

       [[2. , 0. , 0.4, 0.4, 0.4, 0.4, 0.4, 0. , 2. ],
        [0. , 0.4, 0. , 0. , 0. , 0. , 0. , 0.4, 0. ],
        [0.4, 0. , 0.4, 0. , 0. , 0. , 0.4, 0. , 0.4],
        [0.4, 0. , 0. , 0.4, 0. , 0.4, 0. , 0. , 0.4],
        [0.4, 0. , 0. , 0. , 3. , 0. , 0. , 0. , 0.4],
        [0.4, 0. , 0. , 0.4, 0. , 0.4, 0. , 0. , 0.4],
        [0.4, 0. , 0.4, 0. , 0. , 0. , 0.4, 0. , 0.4],
        [0. , 0.4, 0. , 0. , 0. , 0. , 0. , 0.4, 0. ],
        [2. , 0. , 0.4, 0.4, 0.4, 0.4, 0.4, 0. , 2. ]],

       [[1.1, 0. , 0.6, 1.1, 1.1, 1.1, 0.8, 0. , 1.7],
        [0. , 0.6, 0. , 0. , 0. , 0. , 0. , 0. , 0. ],
        [0. , 0. , 0. , 0. , 0. , 0. , 0. , 0. , 0. ],
        [0. , 0. , 0. , 0. , 0. , 1.1, 0. , 0. , 0. ],
        [0. , 0. , 0. , 0. , 0.1, 0. , 0. , 0. , 0. ],
        [0. , 0. , 0. , 0.1, 0. , 0. , 0. , 0. , 0. ],
        [0.5, 0. , 0. , 0. , 0. , 0. , 0. , 0. , 0. ],
        [0. , 2.9, 0. , 0. , 0. , 0. , 0. , 0.7, 0. ],
        [0.6, 0. , 0. , 0. , 0. , 0. , 3.4, 0. , 0.9]],

       [[0.1, 0. , 0.2, 0.7, 0.7, 0.7, 0.8, 0. , 0.6],
        [0. , 0.3, 0. , 0. , 0. , 0. , 0. , 0. , 0. ],
        [0. , 0. , 0. , 0. , 0. , 0. , 0. , 0. , 0. ],
        [0. , 0. , 0. , 0. , 0. , 0.7, 0. , 0. , 0. ],
        [0. , 0. , 0. , 0. , 0.1, 0. , 0. , 0. , 0. ],
        [0. , 0. , 0. , 0.1, 0. , 0. , 0. , 0. , 0. ],
        [0.5, 0. , 0. , 0. , 0. , 0. , 0. , 0. , 0. ],
        [0. , 0.6, 0. , 0. , 0. , 0. , 0. , 0.5, 0. ],
        [0.1, 0. , 0. , 0. , 0. , 0. , 1.5, 0. , 0.5]],

       [[0.9, 0. , 0.3, 0.2, 0.2, 0.2, 0. , 0. , 0.8],
        [0. , 0.3, 0. , 0. , 0. , 0. , 0. , 0. , 0. ],
        [0. , 0. , 0. , 0. , 0. , 0. , 0. , 0. , 0. ],
        [0. , 0. , 0. , 0. , 0. , 0.2, 0. , 0. , 0. ],
        [0. , 0. , 0. , 0. , 0. , 0. , 0. , 0. , 0. ],
        [0. , 0. , 0. , 0. , 0. , 0. , 0. , 0. , 0. ],
        [0. , 0. , 0. , 0. , 0. , 0. , 0. , 0. , 0. ],
        [0. , 1.3, 0. , 0. , 0. , 0. , 0. , 0.2, 0. ],
        [0.3, 0. , 0. , 0. , 0. , 0. , 0.8, 0. , 0. ]],

       [[0. , 0. , 0.1, 0.2, 0.2, 0.2, 0. , 0. , 0.2],
        [0. , 0. , 0. , 0. , 0. , 0. , 0. , 0. , 0. ],
        [0. , 0. , 0. , 0. , 0. , 0. , 0. , 0. , 0. ],
        [0. , 0. , 0. , 0. , 0. , 0.2, 0. , 0. , 0. ],
        [0. , 0. , 0. , 0. , 0. , 0. , 0. , 0. , 0. ],
        [0. , 0. , 0. , 0. , 0. , 0. , 0. , 0. , 0. ],
        [0. , 0. , 0. , 0. , 0. , 0. , 0. , 0. , 0. ],
        [0. , 1. , 0. , 0. , 0. , 0. , 0. , 0. , 0. ],
        [0.1, 0. , 0. , 0. , 0. , 0. , 1.1, 0. , 0.3]],

       [[0. , 0. , 0. , 0. , 0. , 0. , 0. , 0. , 0. ],
        [0. , 0. , 0. , 0. , 0. , 0. , 0. , 0. , 0. ],
        [0. , 0. , 0. , 0. , 0. , 0. , 0. , 0. , 0. ],
        [0. , 0. , 0. , 0. , 0. , 0. , 0. , 0. , 0. ],
        [0. , 0. , 0. , 0. , 0. , 0. , 0. , 0. , 0. ],
        [0. , 0. , 0. , 0. , 0. , 0. , 0. , 0. , 0. ],
        [0. , 0. , 0. , 0. , 0. , 0. , 0. , 0. , 0. ],
        [0. , 0. , 0. , 0. , 0. , 0. , 0. , 0. , 0. ],
        [0. , 0. , 0. , 0. , 0. , 0. , 0. , 0. , 0. ]]], dtype=float32),
                 move_feats=[array([0. , 0. , 0. , 0.4, 0. , 1. ], dtype=float32)],
                 pi=[1.0],
                 z=1.0),
 SelfPlayExample(state_tensor=array([[[1. , 0. , 1. , 1. , 1. , 1. , 1. , 0. , 1. ],
        [0. , 1. , 0. , 0. , 0. , 0. , 0. , 1. , 0. ],
        [1. , 0. , 1. , 0. , 0. , 0. , 1. , 0. , 1. ],
        [1. , 0. , 0. , 1. , 0. , 1. , 0. , 0. , 1. ],
        [1. , 0. , 0. , 0. , 1. , 0. , 0. , 0. , 1. ],
        [1. , 0. , 0. , 1. , 0. , 1. , 0. , 0. , 1. ],
        [1. , 0. , 1. , 0. , 0. , 0. , 1. , 0. , 1. ],
        [0. , 1. , 0. , 0. , 0. , 0. , 0. , 1. , 0. ],
        [1. , 0. , 1. , 1. , 1. , 1. , 1. , 0. , 1. ]],

       [[1. , 0. , 1. , 1. , 1. , 1. , 1. , 0. , 0. ],
        [0. , 1. , 0. , 0. , 0. , 0. , 0. , 0. , 0. ],
        [1. , 0. , 1. , 0. , 0. , 0. , 0. , 0. , 0. ],
        [1. , 0. , 0. , 1. , 0. , 1. , 0. , 0. , 0. ],
        [1. , 0. , 0. , 0. , 1. , 0. , 0. , 0. , 0. ],
        [1. , 0. , 0. , 0. , 0. , 0. , 0. , 0. , 0. ],
        [1. , 0. , 0. , 0. , 0. , 0. , 0. , 0. , 0. ],
        [0. , 0. , 0. , 0. , 0. , 0. , 0. , 0. , 0. ],
        [0. , 0. , 0. , 0. , 0. , 0. , 0. , 0. , 0. ]],

       [[0. , 0. , 0. , 0. , 0. , 0. , 0. , 0. , 1. ],
        [0. , 0. , 0. , 0. , 0. , 0. , 0. , 0. , 0. ],
        [0. , 0. , 0. , 0. , 0. , 0. , 0. , 0. , 0. ],
        [0. , 0. , 0. , 0. , 0. , 0. , 0. , 0. , 0. ],
        [0. , 0. , 0. , 0. , 0. , 0. , 0. , 0. , 0. ],
        [0. , 0. , 0. , 0. , 0. , 0. , 0. , 0. , 0. ],
        [0. , 0. , 0. , 0. , 0. , 0. , 0. , 0. , 0. ],
        [0. , 0. , 0. , 0. , 0. , 0. , 0. , 0. , 0. ],
        [0. , 0. , 0. , 0. , 0. , 0. , 0. , 0. , 0. ]],

       [[0. , 0. , 0. , 0. , 0. , 0. , 0. , 0. , 0. ],
        [0. , 0. , 0. , 0. , 0. , 0. , 0. , 1. , 0. ],
        [0. , 0. , 0. , 0. , 0. , 0. , 1. , 0. , 1. ],
        [0. , 0. , 0. , 0. , 0. , 0. , 0. , 0. , 1. ],
        [0. , 0. , 0. , 0. , 0. , 0. , 0. , 0. , 1. ],
        [0. , 0. , 0. , 0. , 0. , 1. , 0. , 0. , 1. ],
        [0. , 0. , 0. , 0. , 0. , 0. , 1. , 0. , 1. ],
        [0. , 0. , 0. , 0. , 0. , 0. , 0. , 1. , 0. ],
        [0. , 0. , 0. , 0. , 0. , 0. , 1. , 0. , 1. ]],

       [[0. , 0. , 0. , 0. , 0. , 0. , 0. , 0. , 0. ],
        [0. , 0. , 0. , 0. , 0. , 0. , 0. , 0. , 0. ],
        [0. , 0. , 0. , 0. , 0. , 0. , 0. , 0. , 0. ],
        [0. , 0. , 0. , 0. , 0. , 0. , 0. , 0. , 0. ],
        [0. , 0. , 0. , 0. , 0. , 0. , 0. , 0. , 0. ],
        [0. , 0. , 0. , 1. , 0. , 0. , 0. , 0. , 0. ],
        [0. , 0. , 1. , 0. , 0. , 0. , 0. , 0. , 0. ],
        [0. , 1. , 0. , 0. , 0. , 0. , 0. , 0. , 0. ],
        [1. , 0. , 1. , 1. , 1. , 1. , 0. , 0. , 0. ]],

       [[1. , 0. , 0. , 0. , 0. , 0. , 0. , 0. , 1. ],
        [0. , 0. , 0. , 0. , 0. , 0. , 0. , 0. , 0. ],
        [0. , 0. , 0. , 0. , 0. , 0. , 0. , 0. , 0. ],
        [0. , 0. , 0. , 0. , 0. , 0. , 0. , 0. , 0. ],
        [0. , 0. , 0. , 0. , 0. , 0. , 0. , 0. , 0. ],
        [0. , 0. , 0. , 0. , 0. , 0. , 0. , 0. , 0. ],
        [0. , 0. , 0. , 0. , 0. , 0. , 0. , 0. , 0. ],
        [0. , 0. , 0. , 0. , 0. , 0. , 0. , 0. , 0. ],
        [1. , 0. , 0. , 0. , 0. , 0. , 0. , 0. , 1. ]],

       [[2. , 0. , 0.4, 0.4, 0.4, 0.4, 0.4, 0. , 2. ],
        [0. , 0.4, 0. , 0. , 0. , 0. , 0. , 0.4, 0. ],
        [0.4, 0. , 0.4, 0. , 0. , 0. , 0.4, 0. , 0.4],
        [0.4, 0. , 0. , 0.4, 0. , 0.4, 0. , 0. , 0.4],
        [0.4, 0. , 0. , 0. , 3. , 0. , 0. , 0. , 0.4],
        [0.4, 0. , 0. , 0.4, 0. , 0.4, 0. , 0. , 0.4],
        [0.4, 0. , 0.4, 0. , 0. , 0. , 0.4, 0. , 0.4],
        [0. , 0.4, 0. , 0. , 0. , 0. , 0. , 0.4, 0. ],
        [2. , 0. , 0.4, 0.4, 0.4, 0.4, 0.4, 0. , 2. ]],

       [[1. , 0. , 0.6, 0.5, 0.5, 0.5, 0.7, 0. , 2. ],
        [0. , 1. , 0. , 0. , 0. , 0. , 0. , 0. , 0. ],
        [0. , 0. , 0. , 0. , 0. , 0. , 0. , 0. , 0. ],
        [0. , 0. , 0. , 0. , 0. , 0. , 0. , 0. , 0. ],
        [0. , 0. , 0. , 0. , 1. , 0. , 0. , 0. , 0. ],
        [0. , 0. , 0. , 0.1, 0. , 0. , 0. , 0. , 0. ],
        [0.5, 0. , 0. , 0. , 0. , 0. , 0. , 0. , 0. ],
        [0. , 3.4, 0. , 0. , 0. , 0. , 0. , 0.5, 0. ],
        [0.7, 0. , 0. , 0. , 0. , 0. , 4.4, 0. , 1. ]],

       [[0. , 0. , 0.3, 0.2, 0.2, 0.2, 0.2, 0. , 0.6],
        [0. , 0.1, 0. , 0. , 0. , 0. , 0. , 0. , 0. ],
        [0. , 0. , 0. , 0. , 0. , 0. , 0. , 0. , 0. ],
        [0. , 0. , 0. , 0. , 0. , 0. , 0. , 0. , 0. ],
        [0. , 0. , 0. , 0. , 0.6, 0. , 0. , 0. , 0. ],
        [0. , 0. , 0. , 0.1, 0. , 0. , 0. , 0. , 0. ],
        [0.5, 0. , 0. , 0. , 0. , 0. , 0. , 0. , 0. ],
        [0. , 0.7, 0. , 0. , 0. , 0. , 0. , 0.5, 0. ],
        [0.4, 0. , 0. , 0. , 0. , 0. , 2. , 0. , 0.1]],

       [[0.2, 0. , 0.3, 0.3, 0.3, 0.3, 0.2, 0. , 1.1],
        [0. , 0.9, 0. , 0. , 0. , 0. , 0. , 0. , 0. ],
        [0. , 0. , 0. , 0. , 0. , 0. , 0. , 0. , 0. ],
        [0. , 0. , 0. , 0. , 0. , 0. , 0. , 0. , 0. ],
        [0. , 0. , 0. , 0. , 0.2, 0. , 0. , 0. , 0. ],
        [0. , 0. , 0. , 0. , 0. , 0. , 0. , 0. , 0. ],
        [0. , 0. , 0. , 0. , 0. , 0. , 0. , 0. , 0. ],
        [0. , 1.6, 0. , 0. , 0. , 0. , 0. , 0. , 0. ],
        [0.2, 0. , 0. , 0. , 0. , 0. , 1. , 0. , 0. ]],

       [[0.7, 0. , 0. , 0. , 0. , 0. , 0.3, 0. , 0.2],
        [0. , 0. , 0. , 0. , 0. , 0. , 0. , 0. , 0. ],
        [0. , 0. , 0. , 0. , 0. , 0. , 0. , 0. , 0. ],
        [0. , 0. , 0. , 0. , 0. , 0. , 0. , 0. , 0. ],
        [0. , 0. , 0. , 0. , 0.2, 0. , 0. , 0. , 0. ],
        [0. , 0. , 0. , 0. , 0. , 0. , 0. , 0. , 0. ],
        [0. , 0. , 0. , 0. , 0. , 0. , 0. , 0. , 0. ],
        [0. , 1.1, 0. , 0. , 0. , 0. , 0. , 0. , 0. ],
        [0. , 0. , 0. , 0. , 0. , 0. , 1.4, 0. , 0.8]],

       [[0. , 0. , 0. , 0. , 0. , 0. , 0. , 0. , 0. ],
        [0. , 0. , 0. , 0. , 0. , 0. , 0. , 0. , 0. ],
        [0. , 0. , 0. , 0. , 0. , 0. , 0. , 0. , 0. ],
        [0. , 0. , 0. , 0. , 0. , 0. , 0. , 0. , 0. ],
        [0. , 0. , 0. , 0. , 0. , 0. , 0. , 0. , 0. ],
        [0. , 0. , 0. , 0. , 0. , 0. , 0. , 0. , 0. ],
        [0. , 0. , 0. , 0. , 0. , 0. , 0. , 0. , 0. ],
        [0. , 0. , 0. , 0. , 0. , 0. , 0. , 0. , 0. ],
        [0. , 0. , 0. , 0. , 0. , 0. , 0. , 0. , 0. ]]], dtype=float32),
                 move_feats=[array([0. , 0. , 0. , 0.4, 0. , 1. ], dtype=float32)],
                 pi=[1.0],
                 z=1.0),
 SelfPlayExample(state_tensor=array([[[1. , 0. , 1. , 1. , 1. , 1. , 1. , 0. , 1. ],
        [0. , 1. , 0. , 0. , 0. , 0. , 0. , 1. , 0. ],
        [1. , 0. , 1. , 0. , 0. , 0. , 1. , 0. , 1. ],
        [1. , 0. , 0. , 1. , 0. , 1. , 0. , 0. , 1. ],
        [1. , 0. , 0. , 0. , 1. , 0. , 0. , 0. , 1. ],
        [1. , 0. , 0. , 1. , 0. , 1. , 0. , 0. , 1. ],
        [1. , 0. , 1. , 0. , 0. , 0. , 1. , 0. , 1. ],
        [0. , 1. , 0. , 0. , 0. , 0. , 0. , 1. , 0. ],
        [1. , 0. , 1. , 1. , 1. , 1. , 1. , 0. , 1. ]],

       [[1. , 0. , 1. , 1. , 1. , 1. , 1. , 0. , 0. ],
        [0. , 1. , 0. , 0. , 0. , 0. , 0. , 0. , 0. ],
        [1. , 0. , 1. , 0. , 0. , 0. , 1. , 0. , 0. ],
        [1. , 0. , 0. , 1. , 0. , 1. , 0. , 0. , 0. ],
        [1. , 0. , 0. , 0. , 1. , 0. , 0. , 0. , 0. ],
        [1. , 0. , 0. , 0. , 0. , 1. , 0. , 0. , 0. ],
        [1. , 0. , 0. , 0. , 0. , 0. , 0. , 0. , 0. ],
        [0. , 0. , 0. , 0. , 0. , 0. , 0. , 0. , 0. ],
        [0. , 0. , 0. , 0. , 0. , 0. , 0. , 0. , 0. ]],

       [[0. , 0. , 0. , 0. , 0. , 0. , 0. , 0. , 1. ],
        [0. , 0. , 0. , 0. , 0. , 0. , 0. , 1. , 0. ],
        [0. , 0. , 0. , 0. , 0. , 0. , 0. , 0. , 0. ],
        [0. , 0. , 0. , 0. , 0. , 0. , 0. , 0. , 0. ],
        [0. , 0. , 0. , 0. , 0. , 0. , 0. , 0. , 0. ],
        [0. , 0. , 0. , 0. , 0. , 0. , 0. , 0. , 0. ],
        [0. , 0. , 0. , 0. , 0. , 0. , 0. , 0. , 0. ],
        [0. , 0. , 0. , 0. , 0. , 0. , 0. , 0. , 0. ],
        [0. , 0. , 0. , 0. , 0. , 0. , 0. , 0. , 0. ]],

       [[0. , 0. , 0. , 0. , 0. , 0. , 0. , 0. , 0. ],
        [0. , 0. , 0. , 0. , 0. , 0. , 0. , 0. , 0. ],
        [0. , 0. , 0. , 0. , 0. , 0. , 0. , 0. , 1. ],
        [0. , 0. , 0. , 0. , 0. , 0. , 0. , 0. , 1. ],
        [0. , 0. , 0. , 0. , 0. , 0. , 0. , 0. , 1. ],
        [0. , 0. , 0. , 0. , 0. , 0. , 0. , 0. , 1. ],
        [0. , 0. , 0. , 0. , 0. , 0. , 1. , 0. , 1. ],
        [0. , 0. , 0. , 0. , 0. , 0. , 0. , 1. , 0. ],
        [0. , 0. , 0. , 0. , 0. , 0. , 1. , 0. , 1. ]],

       [[0. , 0. , 0. , 0. , 0. , 0. , 0. , 0. , 0. ],
        [0. , 0. , 0. , 0. , 0. , 0. , 0. , 0. , 0. ],
        [0. , 0. , 0. , 0. , 0. , 0. , 0. , 0. , 0. ],
        [0. , 0. , 0. , 0. , 0. , 0. , 0. , 0. , 0. ],
        [0. , 0. , 0. , 0. , 0. , 0. , 0. , 0. , 0. ],
        [0. , 0. , 0. , 1. , 0. , 0. , 0. , 0. , 0. ],
        [0. , 0. , 1. , 0. , 0. , 0. , 0. , 0. , 0. ],
        [0. , 1. , 0. , 0. , 0. , 0. , 0. , 0. , 0. ],
        [1. , 0. , 1. , 1. , 1. , 1. , 0. , 0. , 0. ]],

       [[1. , 0. , 0. , 0. , 0. , 0. , 0. , 0. , 1. ],
        [0. , 0. , 0. , 0. , 0. , 0. , 0. , 0. , 0. ],
        [0. , 0. , 0. , 0. , 0. , 0. , 0. , 0. , 0. ],
        [0. , 0. , 0. , 0. , 0. , 0. , 0. , 0. , 0. ],
        [0. , 0. , 0. , 0. , 0. , 0. , 0. , 0. , 0. ],
        [0. , 0. , 0. , 0. , 0. , 0. , 0. , 0. , 0. ],
        [0. , 0. , 0. , 0. , 0. , 0. , 0. , 0. , 0. ],
        [0. , 0. , 0. , 0. , 0. , 0. , 0. , 0. , 0. ],
        [1. , 0. , 0. , 0. , 0. , 0. , 0. , 0. , 1. ]],

       [[2. , 0. , 0.4, 0.4, 0.4, 0.4, 0.4, 0. , 2. ],
        [0. , 0.4, 0. , 0. , 0. , 0. , 0. , 0.4, 0. ],
        [0.4, 0. , 0.4, 0. , 0. , 0. , 0.4, 0. , 0.4],
        [0.4, 0. , 0. , 0.4, 0. , 0.4, 0. , 0. , 0.4],
        [0.4, 0. , 0. , 0. , 3. , 0. , 0. , 0. , 0.4],
        [0.4, 0. , 0. , 0.4, 0. , 0.4, 0. , 0. , 0.4],
        [0.4, 0. , 0.4, 0. , 0. , 0. , 0.4, 0. , 0.4],
        [0. , 0.4, 0. , 0. , 0. , 0. , 0. , 0.4, 0. ],
        [2. , 0. , 0.4, 0.4, 0.4, 0.4, 0.4, 0. , 2. ]],

       [[1.1, 0. , 0. , 0.6, 0.6, 0.6, 0.5, 0. , 0.3],
        [0. , 0.2, 0. , 0. , 0. , 0. , 0. , 1.6, 0. ],
        [1.7, 0. , 0. , 0. , 0. , 0. , 0.2, 0. , 0. ],
        [0. , 0. , 0. , 0. , 0. , 0. , 0. , 0. , 0. ],
        [0. , 0. , 0. , 0. , 0.6, 0. , 0. , 0. , 0. ],
        [0. , 0. , 0. , 0.1, 0. , 0.2, 0. , 0. , 0. ],
        [0.5, 0. , 0. , 0. , 0. , 0. , 1.3, 0. , 0. ],
        [0. , 4. , 0. , 0. , 0. , 0. , 0. , 0.1, 0. ],
        [0.6, 0. , 0. , 0. , 0. , 0. , 4.4, 0. , 0.8]],

       [[0.1, 0. , 0. , 0.3, 0.3, 0.3, 0.2, 0. , 0. ],
        [0. , 0. , 0. , 0. , 0. , 0. , 0. , 0.3, 0. ],
        [0.1, 0. , 0. , 0. , 0. , 0. , 0. , 0. , 0. ],
        [0. , 0. , 0. , 0. , 0. , 0. , 0. , 0. , 0. ],
        [0. , 0. , 0. , 0. , 0.6, 0. , 0. , 0. , 0. ],
        [0. , 0. , 0. , 0.1, 0. , 0. , 0. , 0. , 0. ],
        [0.5, 0. , 0. , 0. , 0. , 0. , 0.5, 0. , 0. ],
        [0. , 1.1, 0. , 0. , 0. , 0. , 0. , 0.1, 0. ],
        [0.1, 0. , 0. , 0. , 0. , 0. , 2. , 0. , 0.3]],

       [[0.3, 0. , 0. , 0.3, 0.3, 0.3, 0.3, 0. , 0. ],
        [0. , 0.2, 0. , 0. , 0. , 0. , 0. , 1.1, 0. ],
        [0.9, 0. , 0. , 0. , 0. , 0. , 0. , 0. , 0. ],
        [0. , 0. , 0. , 0. , 0. , 0. , 0. , 0. , 0. ],
        [0. , 0. , 0. , 0. , 0. , 0. , 0. , 0. , 0. ],
        [0. , 0. , 0. , 0. , 0. , 0.2, 0. , 0. , 0. ],
        [0. , 0. , 0. , 0. , 0. , 0. , 0. , 0. , 0. ],
        [0. , 1.8, 0. , 0. , 0. , 0. , 0. , 0. , 0. ],
        [0.3, 0. , 0. , 0. , 0. , 0. , 1. , 0. , 0.1]],

       [[0.6, 0. , 0. , 0. , 0. , 0. , 0. , 0. , 0.2],
        [0. , 0. , 0. , 0. , 0. , 0. , 0. , 0.2, 0. ],
        [0.7, 0. , 0. , 0. , 0. , 0. , 0.2, 0. , 0. ],
        [0. , 0. , 0. , 0. , 0. , 0. , 0. , 0. , 0. ],
        [0. , 0. , 0. , 0. , 0. , 0. , 0. , 0. , 0. ],
        [0. , 0. , 0. , 0. , 0. , 0. , 0. , 0. , 0. ],
        [0. , 0. , 0. , 0. , 0. , 0. , 0.8, 0. , 0. ],
        [0. , 1.1, 0. , 0. , 0. , 0. , 0. , 0. , 0. ],
        [0.1, 0. , 0. , 0. , 0. , 0. , 1.4, 0. , 0.3]],

       [[0. , 0. , 0. , 0. , 0. , 0. , 0. , 0. , 0. ],
        [0. , 0. , 0. , 0. , 0. , 0. , 0. , 0. , 0. ],
        [0. , 0. , 0. , 0. , 0. , 0. , 0. , 0. , 0. ],
        [0. , 0. , 0. , 0. , 0. , 0. , 0. , 0. , 0. ],
        [0. , 0. , 0. , 0. , 0. , 0. , 0. , 0. , 0. ],
        [0. , 0. , 0. , 0. , 0. , 0. , 0. , 0. , 0. ],
        [0. , 0. , 0. , 0. , 0. , 0. , 0. , 0. , 0. ],
        [0. , 0. , 0. , 0. , 0. , 0. , 0. , 0. , 0. ],
        [0. , 0. , 0. , 0. , 0. , 0. , 0. , 0. , 0. ]]], dtype=float32),
                 move_feats=[array([0. , 0. , 0. , 0.4, 0. , 1. ], dtype=float32)],
                 pi=[1.0],
                 z=1.0),
 SelfPlayExample(state_tensor=array([[[1. , 0. , 1. , 1. , 1. , 1. , 1. , 0. , 1. ],
        [0. , 1. , 0. , 0. , 0. , 0. , 0. , 1. , 0. ],
        [1. , 0. , 1. , 0. , 0. , 0. , 1. , 0. , 1. ],
        [1. , 0. , 0. , 1. , 0. , 1. , 0. , 0. , 1. ],
        [1. , 0. , 0. , 0. , 1. , 0. , 0. , 0. , 1. ],
        [1. , 0. , 0. , 1. , 0. , 1. , 0. , 0. , 1. ],
        [1. , 0. , 1. , 0. , 0. , 0. , 1. , 0. , 1. ],
        [0. , 1. , 0. , 0. , 0. , 0. , 0. , 1. , 0. ],
        [1. , 0. , 1. , 1. , 1. , 1. , 1. , 0. , 1. ]],

       [[1. , 0. , 1. , 1. , 1. , 1. , 0. , 0. , 0. ],
        [0. , 1. , 0. , 0. , 0. , 0. , 0. , 0. , 0. ],
        [1. , 0. , 1. , 0. , 0. , 0. , 1. , 0. , 0. ],
        [1. , 0. , 0. , 1. , 0. , 1. , 0. , 0. , 0. ],
        [1. , 0. , 0. , 0. , 1. , 0. , 0. , 0. , 0. ],
        [1. , 0. , 0. , 1. , 0. , 1. , 0. , 0. , 0. ],
        [0. , 0. , 0. , 0. , 0. , 0. , 0. , 0. , 0. ],
        [0. , 0. , 0. , 0. , 0. , 0. , 0. , 0. , 0. ],
        [0. , 0. , 0. , 0. , 0. , 0. , 0. , 0. , 0. ]],

       [[0. , 0. , 0. , 0. , 0. , 0. , 1. , 0. , 1. ],
        [0. , 0. , 0. , 0. , 0. , 0. , 0. , 1. , 0. ],
        [0. , 0. , 0. , 0. , 0. , 0. , 0. , 0. , 1. ],
        [0. , 0. , 0. , 0. , 0. , 0. , 0. , 0. , 0. ],
        [0. , 0. , 0. , 0. , 0. , 0. , 0. , 0. , 0. ],
        [0. , 0. , 0. , 0. , 0. , 0. , 0. , 0. , 0. ],
        [0. , 0. , 0. , 0. , 0. , 0. , 0. , 0. , 0. ],
        [0. , 0. , 0. , 0. , 0. , 0. , 0. , 0. , 0. ],
        [0. , 0. , 0. , 0. , 0. , 0. , 0. , 0. , 0. ]],

       [[0. , 0. , 0. , 0. , 0. , 0. , 0. , 0. , 0. ],
        [0. , 0. , 0. , 0. , 0. , 0. , 0. , 0. , 0. ],
        [0. , 0. , 0. , 0. , 0. , 0. , 0. , 0. , 0. ],
        [0. , 0. , 0. , 0. , 0. , 0. , 0. , 0. , 1. ],
        [0. , 0. , 0. , 0. , 0. , 0. , 0. , 0. , 1. ],
        [0. , 0. , 0. , 0. , 0. , 0. , 0. , 0. , 1. ],
        [0. , 0. , 0. , 0. , 0. , 0. , 1. , 0. , 1. ],
        [0. , 0. , 0. , 0. , 0. , 0. , 0. , 1. , 0. ],
        [0. , 0. , 0. , 0. , 0. , 0. , 1. , 0. , 1. ]],

       [[0. , 0. , 0. , 0. , 0. , 0. , 0. , 0. , 0. ],
        [0. , 0. , 0. , 0. , 0. , 0. , 0. , 0. , 0. ],
        [0. , 0. , 0. , 0. , 0. , 0. , 0. , 0. , 0. ],
        [0. , 0. , 0. , 0. , 0. , 0. , 0. , 0. , 0. ],
        [0. , 0. , 0. , 0. , 0. , 0. , 0. , 0. , 0. ],
        [0. , 0. , 0. , 0. , 0. , 0. , 0. , 0. , 0. ],
        [1. , 0. , 1. , 0. , 0. , 0. , 0. , 0. , 0. ],
        [0. , 1. , 0. , 0. , 0. , 0. , 0. , 0. , 0. ],
        [1. , 0. , 1. , 1. , 1. , 1. , 0. , 0. , 0. ]],

       [[1. , 0. , 0. , 0. , 0. , 0. , 0. , 0. , 1. ],
        [0. , 0. , 0. , 0. , 0. , 0. , 0. , 0. , 0. ],
        [0. , 0. , 0. , 0. , 0. , 0. , 0. , 0. , 0. ],
        [0. , 0. , 0. , 0. , 0. , 0. , 0. , 0. , 0. ],
        [0. , 0. , 0. , 0. , 0. , 0. , 0. , 0. , 0. ],
        [0. , 0. , 0. , 0. , 0. , 0. , 0. , 0. , 0. ],
        [0. , 0. , 0. , 0. , 0. , 0. , 0. , 0. , 0. ],
        [0. , 0. , 0. , 0. , 0. , 0. , 0. , 0. , 0. ],
        [1. , 0. , 0. , 0. , 0. , 0. , 0. , 0. , 1. ]],

       [[2. , 0. , 0.4, 0.4, 0.4, 0.4, 0.4, 0. , 2. ],
        [0. , 0.4, 0. , 0. , 0. , 0. , 0. , 0.4, 0. ],
        [0.4, 0. , 0.4, 0. , 0. , 0. , 0.4, 0. , 0.4],
        [0.4, 0. , 0. , 0.4, 0. , 0.4, 0. , 0. , 0.4],
        [0.4, 0. , 0. , 0. , 3. , 0. , 0. , 0. , 0.4],
        [0.4, 0. , 0. , 0.4, 0. , 0.4, 0. , 0. , 0.4],
        [0.4, 0. , 0.4, 0. , 0. , 0. , 0.4, 0. , 0.4],
        [0. , 0.4, 0. , 0. , 0. , 0. , 0. , 0.4, 0. ],
        [2. , 0. , 0.4, 0.4, 0.4, 0.4, 0.4, 0. , 2. ]],

       [[1.7, 0. , 0.8, 0. , 0. , 0. , 0.5, 0. , 0.4],
        [0. , 0.4, 0. , 0. , 0. , 0. , 0. , 0. , 0. ],
        [0. , 0. , 0. , 0. , 0. , 0. , 0.2, 0. , 0.2],
        [1. , 0. , 0. , 0. , 0. , 0. , 0. , 0. , 0. ],
        [1. , 0. , 0. , 0. , 0. , 0. , 0. , 0. , 0. ],
        [1. , 0. , 0. , 0.6, 0. , 0.2, 0. , 0. , 0. ],
        [3.4, 0. , 0.1, 0. , 0. , 0. , 1.3, 0. , 0. ],
        [0. , 0.4, 0. , 0. , 0. , 0. , 0. , 0.4, 0. ],
        [0.6, 0. , 0. , 0. , 0. , 0. , 4.8, 0. , 0.7]],

       [[1.3, 0. , 0. , 0. , 0. , 0. , 0. , 0. , 0. ],
        [0. , 0.1, 0. , 0. , 0. , 0. , 0. , 0. , 0. ],
        [0. , 0. , 0. , 0. , 0. , 0. , 0. , 0. , 0. ],
        [0.1, 0. , 0. , 0. , 0. , 0. , 0. , 0. , 0. ],
        [0.1, 0. , 0. , 0. , 0. , 0. , 0. , 0. , 0. ],
        [0.1, 0. , 0. , 0.6, 0. , 0. , 0. , 0. , 0. ],
        [0.5, 0. , 0. , 0. , 0. , 0. , 0.5, 0. , 0. ],
        [0. , 0.1, 0. , 0. , 0. , 0. , 0. , 0.3, 0. ],
        [0.2, 0. , 0. , 0. , 0. , 0. , 2.1, 0. , 0.3]],

       [[0.3, 0. , 0.2, 0. , 0. , 0. , 0.3, 0. , 0.3],
        [0. , 0.3, 0. , 0. , 0. , 0. , 0. , 0. , 0. ],
        [0. , 0. , 0. , 0. , 0. , 0. , 0. , 0. , 0. ],
        [0.9, 0. , 0. , 0. , 0. , 0. , 0. , 0. , 0. ],
        [0.9, 0. , 0. , 0. , 0. , 0. , 0. , 0. , 0. ],
        [0.9, 0. , 0. , 0. , 0. , 0.2, 0. , 0. , 0. ],
        [1.8, 0. , 0. , 0. , 0. , 0. , 0. , 0. , 0. ],
        [0. , 0.3, 0. , 0. , 0. , 0. , 0. , 0.1, 0. ],
        [0.1, 0. , 0. , 0. , 0. , 0. , 1. , 0. , 0.2]],

       [[0. , 0. , 0.6, 0. , 0. , 0. , 0.2, 0. , 0. ],
        [0. , 0. , 0. , 0. , 0. , 0. , 0. , 0. , 0. ],
        [0. , 0. , 0. , 0. , 0. , 0. , 0.2, 0. , 0.2],
        [0. , 0. , 0. , 0. , 0. , 0. , 0. , 0. , 0. ],
        [0. , 0. , 0. , 0. , 0. , 0. , 0. , 0. , 0. ],
        [0. , 0. , 0. , 0. , 0. , 0. , 0. , 0. , 0. ],
        [1.1, 0. , 0.1, 0. , 0. , 0. , 0.8, 0. , 0. ],
        [0. , 0. , 0. , 0. , 0. , 0. , 0. , 0. , 0. ],
        [0.2, 0. , 0. , 0. , 0. , 0. , 1.7, 0. , 0.1]],

       [[0. , 0. , 0. , 0. , 0. , 0. , 0. , 0. , 0. ],
        [0. , 0. , 0. , 0. , 0. , 0. , 0. , 0. , 0. ],
        [0. , 0. , 0. , 0. , 0. , 0. , 0. , 0. , 0. ],
        [0. , 0. , 0. , 0. , 0. , 0. , 0. , 0. , 0. ],
        [0. , 0. , 0. , 0. , 0. , 0. , 0. , 0. , 0. ],
        [0. , 0. , 0. , 0. , 0. , 0. , 0. , 0. , 0. ],
        [0. , 0. , 0. , 0. , 0. , 0. , 0. , 0. , 0. ],
        [0. , 0. , 0. , 0. , 0. , 0. , 0. , 0. , 0. ],
        [0. , 0. , 0. , 0. , 0. , 0. , 0. , 0. , 0. ]]], dtype=float32),
                 move_feats=[array([0.6, 0.2, 0. , 0.4, 0.2, 0. ], dtype=float32),
                             array([0. , 0. , 0. , 0.4, 0. , 1. ], dtype=float32)],
                 pi=[0.6230248306997742, 0.37697516930022573],
                 z=1.0),
 SelfPlayExample(state_tensor=array([[[1. , 0. , 1. , 1. , 1. , 1. , 1. , 0. , 1. ],
        [0. , 1. , 0. , 0. , 0. , 0. , 0. , 1. , 0. ],
        [1. , 0. , 1. , 0. , 0. , 0. , 1. , 0. , 1. ],
        [1. , 0. , 0. , 1. , 0. , 1. , 0. , 0. , 1. ],
        [1. , 0. , 0. , 0. , 1. , 0. , 0. , 0. , 1. ],
        [1. , 0. , 0. , 1. , 0. , 1. , 0. , 0. , 1. ],
        [1. , 0. , 1. , 0. , 0. , 0. , 1. , 0. , 1. ],
        [0. , 1. , 0. , 0. , 0. , 0. , 0. , 1. , 0. ],
        [1. , 0. , 1. , 1. , 1. , 1. , 1. , 0. , 1. ]],

       [[1. , 0. , 1. , 1. , 1. , 1. , 1. , 0. , 0. ],
        [0. , 1. , 0. , 0. , 0. , 0. , 0. , 0. , 0. ],
        [1. , 0. , 1. , 0. , 0. , 0. , 1. , 0. , 0. ],
        [0. , 0. , 0. , 1. , 0. , 1. , 0. , 0. , 0. ],
        [0. , 0. , 0. , 0. , 1. , 0. , 0. , 0. , 0. ],
        [0. , 0. , 0. , 1. , 0. , 1. , 0. , 0. , 0. ],
        [0. , 0. , 1. , 0. , 0. , 0. , 0. , 0. , 0. ],
        [0. , 0. , 0. , 0. , 0. , 0. , 0. , 0. , 0. ],
        [0. , 0. , 0. , 0. , 0. , 0. , 0. , 0. , 0. ]],

       [[0. , 0. , 0. , 0. , 0. , 0. , 0. , 0. , 1. ],
        [0. , 0. , 0. , 0. , 0. , 0. , 0. , 1. , 0. ],
        [0. , 0. , 0. , 0. , 0. , 0. , 0. , 0. , 1. ],
        [0. , 0. , 0. , 0. , 0. , 0. , 0. , 0. , 0. ],
        [0. , 0. , 0. , 0. , 0. , 0. , 0. , 0. , 0. ],
        [0. , 0. , 0. , 0. , 0. , 0. , 0. , 0. , 0. ],
        [0. , 0. , 0. , 0. , 0. , 0. , 0. , 0. , 0. ],
        [0. , 0. , 0. , 0. , 0. , 0. , 0. , 0. , 0. ],
        [0. , 0. , 0. , 0. , 0. , 0. , 0. , 0. , 0. ]],

       [[0. , 0. , 0. , 0. , 0. , 0. , 0. , 0. , 0. ],
        [0. , 0. , 0. , 0. , 0. , 0. , 0. , 0. , 0. ],
        [0. , 0. , 0. , 0. , 0. , 0. , 0. , 0. , 0. ],
        [0. , 0. , 0. , 0. , 0. , 0. , 0. , 0. , 1. ],
        [0. , 0. , 0. , 0. , 0. , 0. , 0. , 0. , 1. ],
        [0. , 0. , 0. , 0. , 0. , 0. , 0. , 0. , 1. ],
        [0. , 0. , 0. , 0. , 0. , 0. , 1. , 0. , 1. ],
        [0. , 0. , 0. , 0. , 0. , 0. , 0. , 1. , 0. ],
        [0. , 0. , 0. , 0. , 0. , 0. , 1. , 0. , 1. ]],

       [[0. , 0. , 0. , 0. , 0. , 0. , 0. , 0. , 0. ],
        [0. , 0. , 0. , 0. , 0. , 0. , 0. , 0. , 0. ],
        [0. , 0. , 0. , 0. , 0. , 0. , 0. , 0. , 0. ],
        [1. , 0. , 0. , 0. , 0. , 0. , 0. , 0. , 0. ],
        [1. , 0. , 0. , 0. , 0. , 0. , 0. , 0. , 0. ],
        [1. , 0. , 0. , 0. , 0. , 0. , 0. , 0. , 0. ],
        [1. , 0. , 0. , 0. , 0. , 0. , 0. , 0. , 0. ],
        [0. , 1. , 0. , 0. , 0. , 0. , 0. , 0. , 0. ],
        [1. , 0. , 1. , 1. , 1. , 1. , 0. , 0. , 0. ]],

       [[1. , 0. , 0. , 0. , 0. , 0. , 0. , 0. , 1. ],
        [0. , 0. , 0. , 0. , 0. , 0. , 0. , 0. , 0. ],
        [0. , 0. , 0. , 0. , 0. , 0. , 0. , 0. , 0. ],
        [0. , 0. , 0. , 0. , 0. , 0. , 0. , 0. , 0. ],
        [0. , 0. , 0. , 0. , 0. , 0. , 0. , 0. , 0. ],
        [0. , 0. , 0. , 0. , 0. , 0. , 0. , 0. , 0. ],
        [0. , 0. , 0. , 0. , 0. , 0. , 0. , 0. , 0. ],
        [0. , 0. , 0. , 0. , 0. , 0. , 0. , 0. , 0. ],
        [1. , 0. , 0. , 0. , 0. , 0. , 0. , 0. , 1. ]],

       [[2. , 0. , 0.4, 0.4, 0.4, 0.4, 0.4, 0. , 2. ],
        [0. , 0.4, 0. , 0. , 0. , 0. , 0. , 0.4, 0. ],
        [0.4, 0. , 0.4, 0. , 0. , 0. , 0.4, 0. , 0.4],
        [0.4, 0. , 0. , 0.4, 0. , 0.4, 0. , 0. , 0.4],
        [0.4, 0. , 0. , 0. , 3. , 0. , 0. , 0. , 0.4],
        [0.4, 0. , 0. , 0.4, 0. , 0.4, 0. , 0. , 0.4],
        [0.4, 0. , 0.4, 0. , 0. , 0. , 0.4, 0. , 0.4],
        [0. , 0.4, 0. , 0. , 0. , 0. , 0. , 0.4, 0. ],
        [2. , 0. , 0.4, 0.4, 0.4, 0.4, 0.4, 0. , 2. ]],

       [[1.4, 0. , 0. , 0. , 0. , 0. , 0.5, 0. , 0.5],
        [0. , 1.8, 0. , 0. , 0. , 0. , 0. , 0.5, 0. ],
        [0.4, 0. , 0. , 0. , 0. , 0. , 0. , 0. , 0. ],
        [0.6, 0. , 0. , 0. , 0. , 0. , 0. , 0. , 0. ],
        [0.6, 0. , 0. , 0. , 0. , 0. , 0. , 0. , 0. ],
        [0.6, 0. , 0. , 0. , 0. , 0.2, 0. , 0. , 0. ],
        [0. , 0. , 0.6, 0. , 0. , 0. , 1.3, 0. , 0. ],
        [0. , 3.2, 0. , 0. , 0. , 0. , 0. , 0.5, 0. ],
        [0.6, 0. , 0. , 0. , 0. , 0. , 5.3, 0. , 0.7]],

       [[0.5, 0. , 0. , 0. , 0. , 0. , 0. , 0. , 0.1],
        [0. , 1.3, 0. , 0. , 0. , 0. , 0. , 0. , 0. ],
        [0.1, 0. , 0. , 0. , 0. , 0. , 0. , 0. , 0. ],
        [0. , 0. , 0. , 0. , 0. , 0. , 0. , 0. , 0. ],
        [0. , 0. , 0. , 0. , 0. , 0. , 0. , 0. , 0. ],
        [0. , 0. , 0. , 0. , 0. , 0. , 0. , 0. , 0. ],
        [0. , 0. , 0.6, 0. , 0. , 0. , 0.5, 0. , 0. ],
        [0. , 0.8, 0. , 0. , 0. , 0. , 0. , 0.3, 0. ],
        [0.1, 0. , 0. , 0. , 0. , 0. , 2.4, 0. , 0.4]],

       [[0.4, 0. , 0. , 0. , 0. , 0. , 0. , 0. , 0.2],
        [0. , 0.5, 0. , 0. , 0. , 0. , 0. , 0.3, 0. ],
        [0.3, 0. , 0. , 0. , 0. , 0. , 0. , 0. , 0. ],
        [0. , 0. , 0. , 0. , 0. , 0. , 0. , 0. , 0. ],
        [0. , 0. , 0. , 0. , 0. , 0. , 0. , 0. , 0. ],
        [0. , 0. , 0. , 0. , 0. , 0.2, 0. , 0. , 0. ],
        [0. , 0. , 0. , 0. , 0. , 0. , 0. , 0. , 0. ],
        [0. , 2.2, 0. , 0. , 0. , 0. , 0. , 0.2, 0. ],
        [0.3, 0. , 0. , 0. , 0. , 0. , 1.1, 0. , 0.2]],

       [[0.4, 0. , 0. , 0. , 0. , 0. , 0.5, 0. , 0.1],
        [0. , 0. , 0. , 0. , 0. , 0. , 0. , 0.2, 0. ],
        [0. , 0. , 0. , 0. , 0. , 0. , 0. , 0. , 0. ],
        [0.6, 0. , 0. , 0. , 0. , 0. , 0. , 0. , 0. ],
        [0.6, 0. , 0. , 0. , 0. , 0. , 0. , 0. , 0. ],
        [0.6, 0. , 0. , 0. , 0. , 0. , 0. , 0. , 0. ],
        [0. , 0. , 0. , 0. , 0. , 0. , 0.8, 0. , 0. ],
        [0. , 0.2, 0. , 0. , 0. , 0. , 0. , 0. , 0. ],
        [0.1, 0. , 0. , 0. , 0. , 0. , 1.8, 0. , 0. ]],

       [[0. , 0. , 0. , 0. , 0. , 0. , 0. , 0. , 0. ],
        [0. , 0. , 0. , 0. , 0. , 0. , 0. , 0. , 0. ],
        [0. , 0. , 0. , 0. , 0. , 0. , 0. , 0. , 0. ],
        [0. , 0. , 0. , 0. , 0. , 0. , 0. , 0. , 0. ],
        [0. , 0. , 0. , 0. , 0. , 0. , 0. , 0. , 0. ],
        [0. , 0. , 0. , 0. , 0. , 0. , 0. , 0. , 0. ],
        [0. , 0. , 0. , 0. , 0. , 0. , 0. , 0. , 0. ],
        [0. , 0. , 0. , 0. , 0. , 0. , 0. , 0. , 0. ],
        [0. , 0. , 0. , 0. , 0. , 0. , 0. , 0. , 0. ]]], dtype=float32),
                 move_feats=[array([0. , 0. , 0. , 0.4, 0. , 1. ], dtype=float32)],
                 pi=[1.0],
                 z=1.0),
 SelfPlayExample(state_tensor=array([[[1. , 0. , 1. , 1. , 1. , 1. , 1. , 0. , 1. ],
        [0. , 1. , 0. , 0. , 0. , 0. , 0. , 1. , 0. ],
        [1. , 0. , 1. , 0. , 0. , 0. , 1. , 0. , 1. ],
        [1. , 0. , 0. , 1. , 0. , 1. , 0. , 0. , 1. ],
        [1. , 0. , 0. , 0. , 1. , 0. , 0. , 0. , 1. ],
        [1. , 0. , 0. , 1. , 0. , 1. , 0. , 0. , 1. ],
        [1. , 0. , 1. , 0. , 0. , 0. , 1. , 0. , 1. ],
        [0. , 1. , 0. , 0. , 0. , 0. , 0. , 1. , 0. ],
        [1. , 0. , 1. , 1. , 1. , 1. , 1. , 0. , 1. ]],

       [[1. , 0. , 1. , 1. , 1. , 1. , 1. , 0. , 0. ],
        [0. , 1. , 0. , 0. , 0. , 0. , 0. , 0. , 0. ],
        [1. , 0. , 1. , 0. , 0. , 0. , 1. , 0. , 0. ],
        [0. , 0. , 0. , 1. , 0. , 1. , 0. , 0. , 0. ],
        [0. , 0. , 0. , 0. , 1. , 0. , 0. , 0. , 0. ],
        [0. , 0. , 0. , 1. , 0. , 1. , 0. , 0. , 0. ],
        [0. , 0. , 0. , 0. , 0. , 0. , 0. , 0. , 0. ],
        [0. , 0. , 0. , 0. , 0. , 0. , 0. , 0. , 0. ],
        [0. , 0. , 0. , 0. , 0. , 0. , 0. , 0. , 0. ]],

       [[0. , 0. , 0. , 0. , 0. , 0. , 0. , 0. , 1. ],
        [0. , 0. , 0. , 0. , 0. , 0. , 0. , 1. , 0. ],
        [0. , 0. , 0. , 0. , 0. , 0. , 0. , 0. , 1. ],
        [0. , 0. , 0. , 0. , 0. , 0. , 0. , 0. , 0. ],
        [0. , 0. , 0. , 0. , 0. , 0. , 0. , 0. , 0. ],
        [0. , 0. , 0. , 0. , 0. , 0. , 0. , 0. , 0. ],
        [0. , 0. , 0. , 0. , 0. , 0. , 0. , 0. , 0. ],
        [0. , 0. , 0. , 0. , 0. , 0. , 0. , 0. , 0. ],
        [0. , 0. , 0. , 0. , 0. , 0. , 0. , 0. , 0. ]],

       [[0. , 0. , 0. , 0. , 0. , 0. , 0. , 0. , 0. ],
        [0. , 0. , 0. , 0. , 0. , 0. , 0. , 0. , 0. ],
        [0. , 0. , 0. , 0. , 0. , 0. , 0. , 0. , 0. ],
        [0. , 0. , 0. , 0. , 0. , 0. , 0. , 0. , 1. ],
        [0. , 0. , 0. , 0. , 0. , 0. , 0. , 0. , 1. ],
        [0. , 0. , 0. , 0. , 0. , 0. , 0. , 0. , 1. ],
        [0. , 0. , 0. , 0. , 0. , 0. , 1. , 0. , 1. ],
        [0. , 0. , 0. , 0. , 0. , 0. , 0. , 1. , 0. ],
        [0. , 0. , 0. , 1. , 1. , 1. , 1. , 0. , 1. ]],

       [[0. , 0. , 0. , 0. , 0. , 0. , 0. , 0. , 0. ],
        [0. , 0. , 0. , 0. , 0. , 0. , 0. , 0. , 0. ],
        [0. , 0. , 0. , 0. , 0. , 0. , 0. , 0. , 0. ],
        [1. , 0. , 0. , 0. , 0. , 0. , 0. , 0. , 0. ],
        [1. , 0. , 0. , 0. , 0. , 0. , 0. , 0. , 0. ],
        [1. , 0. , 0. , 0. , 0. , 0. , 0. , 0. , 0. ],
        [1. , 0. , 1. , 0. , 0. , 0. , 0. , 0. , 0. ],
        [0. , 1. , 0. , 0. , 0. , 0. , 0. , 0. , 0. ],
        [1. , 0. , 1. , 0. , 0. , 0. , 0. , 0. , 0. ]],

       [[1. , 0. , 0. , 0. , 0. , 0. , 0. , 0. , 1. ],
        [0. , 0. , 0. , 0. , 0. , 0. , 0. , 0. , 0. ],
        [0. , 0. , 0. , 0. , 0. , 0. , 0. , 0. , 0. ],
        [0. , 0. , 0. , 0. , 0. , 0. , 0. , 0. , 0. ],
        [0. , 0. , 0. , 0. , 0. , 0. , 0. , 0. , 0. ],
        [0. , 0. , 0. , 0. , 0. , 0. , 0. , 0. , 0. ],
        [0. , 0. , 0. , 0. , 0. , 0. , 0. , 0. , 0. ],
        [0. , 0. , 0. , 0. , 0. , 0. , 0. , 0. , 0. ],
        [1. , 0. , 0. , 0. , 0. , 0. , 0. , 0. , 1. ]],

       [[2. , 0. , 0.4, 0.4, 0.4, 0.4, 0.4, 0. , 2. ],
        [0. , 0.4, 0. , 0. , 0. , 0. , 0. , 0.4, 0. ],
        [0.4, 0. , 0.4, 0. , 0. , 0. , 0.4, 0. , 0.4],
        [0.4, 0. , 0. , 0.4, 0. , 0.4, 0. , 0. , 0.4],
        [0.4, 0. , 0. , 0. , 3. , 0. , 0. , 0. , 0.4],
        [0.4, 0. , 0. , 0.4, 0. , 0.4, 0. , 0. , 0.4],
        [0.4, 0. , 0.4, 0. , 0. , 0. , 0.4, 0. , 0.4],
        [0. , 0.4, 0. , 0. , 0. , 0. , 0. , 0.4, 0. ],
        [2. , 0. , 0.4, 0.4, 0.4, 0.4, 0.4, 0. , 2. ]],

       [[1.2, 0. , 0. , 0. , 0. , 0. , 0. , 0. , 0.4],
        [0. , 0.9, 0. , 0. , 0. , 0. , 0. , 0.2, 0. ],
        [2.2, 0. , 0. , 0. , 0. , 0. , 0. , 0. , 0. ],
        [0. , 0. , 0. , 0. , 0. , 0. , 0. , 0. , 0. ],
        [0. , 0. , 0. , 0. , 0. , 0. , 0. , 0. , 0. ],
        [0. , 0. , 0. , 0. , 0. , 0.2, 0. , 0. , 0. ],
        [0. , 0. , 2.1, 0. , 0. , 0. , 1.8, 0. , 0. ],
        [0. , 0.4, 0. , 0. , 0. , 0. , 0. , 0.6, 0. ],
        [0.6, 0. , 0.9, 5.3, 5.3, 5.3, 0. , 0. , 0.6]],

       [[0. , 0. , 0. , 0. , 0. , 0. , 0. , 0. , 0. ],
        [0. , 0.5, 0. , 0. , 0. , 0. , 0. , 0. , 0. ],
        [1.2, 0. , 0. , 0. , 0. , 0. , 0. , 0. , 0. ],
        [0. , 0. , 0. , 0. , 0. , 0. , 0. , 0. , 0. ],
        [0. , 0. , 0. , 0. , 0. , 0. , 0. , 0. , 0. ],
        [0. , 0. , 0. , 0. , 0. , 0. , 0. , 0. , 0. ],
        [0. , 0. , 0. , 0. , 0. , 0. , 0.8, 0. , 0. ],
        [0. , 0.1, 0. , 0. , 0. , 0. , 0. , 0.4, 0. ],
        [0. , 0. , 0.8, 2.4, 2.4, 2.4, 0. , 0. , 0.1]],

       [[0.2, 0. , 0. , 0. , 0. , 0. , 0. , 0. , 0.1],
        [0. , 0.4, 0. , 0. , 0. , 0. , 0. , 0.1, 0. ],
        [0.6, 0. , 0. , 0. , 0. , 0. , 0. , 0. , 0. ],
        [0. , 0. , 0. , 0. , 0. , 0. , 0. , 0. , 0. ],
        [0. , 0. , 0. , 0. , 0. , 0. , 0. , 0. , 0. ],
        [0. , 0. , 0. , 0. , 0. , 0.2, 0. , 0. , 0. ],
        [0. , 0. , 1.9, 0. , 0. , 0. , 0.2, 0. , 0. ],
        [0. , 0.3, 0. , 0. , 0. , 0. , 0. , 0.2, 0. ],
        [0.5, 0. , 0. , 1.1, 1.1, 1.1, 0. , 0. , 0.3]],

       [[0.9, 0. , 0. , 0. , 0. , 0. , 0. , 0. , 0.2],
        [0. , 0. , 0. , 0. , 0. , 0. , 0. , 0.1, 0. ],
        [0.4, 0. , 0. , 0. , 0. , 0. , 0. , 0. , 0. ],
        [0. , 0. , 0. , 0. , 0. , 0. , 0. , 0. , 0. ],
        [0. , 0. , 0. , 0. , 0. , 0. , 0. , 0. , 0. ],
        [0. , 0. , 0. , 0. , 0. , 0. , 0. , 0. , 0. ],
        [0. , 0. , 0.2, 0. , 0. , 0. , 0.8, 0. , 0. ],
        [0. , 0. , 0. , 0. , 0. , 0. , 0. , 0. , 0. ],
        [0. , 0. , 0.1, 1.8, 1.8, 1.8, 0. , 0. , 0.1]],

       [[0. , 0. , 0. , 0. , 0. , 0. , 0. , 0. , 0. ],
        [0. , 0. , 0. , 0. , 0. , 0. , 0. , 0. , 0. ],
        [0. , 0. , 0. , 0. , 0. , 0. , 0. , 0. , 0. ],
        [0. , 0. , 0. , 0. , 0. , 0. , 0. , 0. , 0. ],
        [0. , 0. , 0. , 0. , 0. , 0. , 0. , 0. , 0. ],
        [0. , 0. , 0. , 0. , 0. , 0. , 0. , 0. , 0. ],
        [0. , 0. , 0. , 0. , 0. , 0. , 0. , 0. , 0. ],
        [0. , 0. , 0. , 0. , 0. , 0. , 0. , 0. , 0. ],
        [0. , 0. , 0. , 0. , 0. , 0. , 0. , 0. , 0. ]]], dtype=float32),
                 move_feats=[array([0. , 0. , 0. , 0.4, 0. , 1. ], dtype=float32)],
                 pi=[1.0],
                 z=1.0),
 SelfPlayExample(state_tensor=array([[[1. , 0. , 1. , 1. , 1. , 1. , 1. , 0. , 1. ],
        [0. , 1. , 0. , 0. , 0. , 0. , 0. , 1. , 0. ],
        [1. , 0. , 1. , 0. , 0. , 0. , 1. , 0. , 1. ],
        [1. , 0. , 0. , 1. , 0. , 1. , 0. , 0. , 1. ],
        [1. , 0. , 0. , 0. , 1. , 0. , 0. , 0. , 1. ],
        [1. , 0. , 0. , 1. , 0. , 1. , 0. , 0. , 1. ],
        [1. , 0. , 1. , 0. , 0. , 0. , 1. , 0. , 1. ],
        [0. , 1. , 0. , 0. , 0. , 0. , 0. , 1. , 0. ],
        [1. , 0. , 1. , 1. , 1. , 1. , 1. , 0. , 1. ]],

       [[1. , 0. , 1. , 1. , 1. , 1. , 1. , 0. , 0. ],
        [0. , 1. , 0. , 0. , 0. , 0. , 0. , 0. , 0. ],
        [1. , 0. , 1. , 0. , 0. , 0. , 1. , 0. , 0. ],
        [1. , 0. , 0. , 1. , 0. , 1. , 0. , 0. , 0. ],
        [1. , 0. , 0. , 0. , 1. , 0. , 0. , 0. , 0. ],
        [1. , 0. , 0. , 0. , 0. , 0. , 0. , 0. , 0. ],
        [0. , 0. , 0. , 0. , 0. , 0. , 0. , 0. , 0. ],
        [0. , 0. , 0. , 0. , 0. , 0. , 0. , 0. , 0. ],
        [0. , 0. , 0. , 0. , 0. , 0. , 0. , 0. , 0. ]],

       [[0. , 0. , 0. , 0. , 0. , 0. , 0. , 0. , 1. ],
        [0. , 0. , 0. , 0. , 0. , 0. , 0. , 1. , 0. ],
        [0. , 0. , 0. , 0. , 0. , 0. , 0. , 0. , 1. ],
        [0. , 0. , 0. , 0. , 0. , 0. , 0. , 0. , 0. ],
        [0. , 0. , 0. , 0. , 0. , 0. , 0. , 0. , 0. ],
        [0. , 0. , 0. , 0. , 0. , 0. , 0. , 0. , 0. ],
        [0. , 0. , 0. , 0. , 0. , 0. , 0. , 0. , 0. ],
        [0. , 0. , 0. , 0. , 0. , 0. , 0. , 0. , 0. ],
        [0. , 0. , 0. , 0. , 0. , 0. , 0. , 0. , 0. ]],

       [[0. , 0. , 0. , 0. , 0. , 0. , 0. , 0. , 0. ],
        [0. , 0. , 0. , 0. , 0. , 0. , 0. , 0. , 0. ],
        [0. , 0. , 0. , 0. , 0. , 0. , 0. , 0. , 0. ],
        [0. , 0. , 0. , 0. , 0. , 0. , 0. , 0. , 1. ],
        [0. , 0. , 0. , 0. , 0. , 0. , 0. , 0. , 1. ],
        [0. , 0. , 0. , 0. , 0. , 1. , 0. , 0. , 1. ],
        [0. , 0. , 0. , 0. , 0. , 0. , 1. , 0. , 1. ],
        [0. , 0. , 0. , 0. , 0. , 0. , 0. , 1. , 0. ],
        [0. , 0. , 1. , 1. , 1. , 1. , 1. , 0. , 1. ]],

       [[0. , 0. , 0. , 0. , 0. , 0. , 0. , 0. , 0. ],
        [0. , 0. , 0. , 0. , 0. , 0. , 0. , 0. , 0. ],
        [0. , 0. , 0. , 0. , 0. , 0. , 0. , 0. , 0. ],
        [0. , 0. , 0. , 0. , 0. , 0. , 0. , 0. , 0. ],
        [0. , 0. , 0. , 0. , 0. , 0. , 0. , 0. , 0. ],
        [0. , 0. , 0. , 1. , 0. , 0. , 0. , 0. , 0. ],
        [1. , 0. , 1. , 0. , 0. , 0. , 0. , 0. , 0. ],
        [0. , 1. , 0. , 0. , 0. , 0. , 0. , 0. , 0. ],
        [1. , 0. , 0. , 0. , 0. , 0. , 0. , 0. , 0. ]],

       [[1. , 0. , 0. , 0. , 0. , 0. , 0. , 0. , 1. ],
        [0. , 0. , 0. , 0. , 0. , 0. , 0. , 0. , 0. ],
        [0. , 0. , 0. , 0. , 0. , 0. , 0. , 0. , 0. ],
        [0. , 0. , 0. , 0. , 0. , 0. , 0. , 0. , 0. ],
        [0. , 0. , 0. , 0. , 0. , 0. , 0. , 0. , 0. ],
        [0. , 0. , 0. , 0. , 0. , 0. , 0. , 0. , 0. ],
        [0. , 0. , 0. , 0. , 0. , 0. , 0. , 0. , 0. ],
        [0. , 0. , 0. , 0. , 0. , 0. , 0. , 0. , 0. ],
        [1. , 0. , 0. , 0. , 0. , 0. , 0. , 0. , 1. ]],

       [[2. , 0. , 0.4, 0.4, 0.4, 0.4, 0.4, 0. , 2. ],
        [0. , 0.4, 0. , 0. , 0. , 0. , 0. , 0.4, 0. ],
        [0.4, 0. , 0.4, 0. , 0. , 0. , 0.4, 0. , 0.4],
        [0.4, 0. , 0. , 0.4, 0. , 0.4, 0. , 0. , 0.4],
        [0.4, 0. , 0. , 0. , 3. , 0. , 0. , 0. , 0.4],
        [0.4, 0. , 0. , 0.4, 0. , 0.4, 0. , 0. , 0.4],
        [0.4, 0. , 0.4, 0. , 0. , 0. , 0.4, 0. , 0.4],
        [0. , 0.4, 0. , 0. , 0. , 0. , 0. , 0.4, 0. ],
        [2. , 0. , 0.4, 0.4, 0.4, 0.4, 0.4, 0. , 2. ]],

       [[1.7, 0. , 0. , 0. , 0. , 0. , 0. , 0. , 0.4],
        [0. , 0.2, 0. , 0. , 0. , 0. , 0. , 0.5, 0. ],
        [1.8, 0. , 0. , 0. , 0. , 0. , 0. , 0. , 0. ],
        [2.2, 0. , 0. , 0. , 0. , 0. , 0. , 0. , 0. ],
        [2.2, 0. , 0. , 0. , 0. , 0. , 0. , 0. , 0. ],
        [2.2, 0. , 0. , 0.2, 0. , 1.7, 0. , 0. , 0. ],
        [0. , 0. , 0. , 0. , 0. , 0. , 0. , 0. , 0.7],
        [0. , 2.8, 0. , 0. , 0. , 0. , 0. , 0.4, 0. ],
        [0.7, 0. , 5. , 0. , 0. , 0. , 0. , 0. , 0.6]],

       [[1.4, 0. , 0. , 0. , 0. , 0. , 0. , 0. , 0. ],
        [0. , 0. , 0. , 0. , 0. , 0. , 0. , 0. , 0. ],
        [0.5, 0. , 0. , 0. , 0. , 0. , 0. , 0. , 0. ],
        [1.2, 0. , 0. , 0. , 0. , 0. , 0. , 0. , 0. ],
        [1.2, 0. , 0. , 0. , 0. , 0. , 0. , 0. , 0. ],
        [1.2, 0. , 0. , 0. , 0. , 0.8, 0. , 0. , 0. ],
        [0. , 0. , 0. , 0. , 0. , 0. , 0. , 0. , 0.4],
        [0. , 0.1, 0. , 0. , 0. , 0. , 0. , 0.1, 0. ],
        [0.4, 0. , 2.4, 0. , 0. , 0. , 0. , 0. , 0. ]],

       [[0.1, 0. , 0. , 0. , 0. , 0. , 0. , 0. , 0.1],
        [0. , 0.2, 0. , 0. , 0. , 0. , 0. , 0.2, 0. ],
        [0.4, 0. , 0. , 0. , 0. , 0. , 0. , 0. , 0. ],
        [0.6, 0. , 0. , 0. , 0. , 0. , 0. , 0. , 0. ],
        [0.6, 0. , 0. , 0. , 0. , 0. , 0. , 0. , 0. ],
        [0.6, 0. , 0. , 0. , 0. , 0.2, 0. , 0. , 0. ],
        [0. , 0. , 0. , 0. , 0. , 0. , 0. , 0. , 0.2],
        [0. , 2.7, 0. , 0. , 0. , 0. , 0. , 0.3, 0. ],
        [0.2, 0. , 1.1, 0. , 0. , 0. , 0. , 0. , 0.3]],

       [[0.1, 0. , 0. , 0. , 0. , 0. , 0. , 0. , 0.2],
        [0. , 0. , 0. , 0. , 0. , 0. , 0. , 0.3, 0. ],
        [0.9, 0. , 0. , 0. , 0. , 0. , 0. , 0. , 0. ],
        [0.4, 0. , 0. , 0. , 0. , 0. , 0. , 0. , 0. ],
        [0.4, 0. , 0. , 0. , 0. , 0. , 0. , 0. , 0. ],
        [0.4, 0. , 0. , 0.2, 0. , 0.7, 0. , 0. , 0. ],
        [0. , 0. , 0. , 0. , 0. , 0. , 0. , 0. , 0.1],
        [0. , 0. , 0. , 0. , 0. , 0. , 0. , 0. , 0. ],
        [0. , 0. , 1.5, 0. , 0. , 0. , 0. , 0. , 0.2]],

       [[0. , 0. , 0. , 0. , 0. , 0. , 0. , 0. , 0. ],
        [0. , 0. , 0. , 0. , 0. , 0. , 0. , 0. , 0. ],
        [0. , 0. , 0. , 0. , 0. , 0. , 0. , 0. , 0. ],
        [0. , 0. , 0. , 0. , 0. , 0. , 0. , 0. , 0. ],
        [0. , 0. , 0. , 0. , 0. , 0. , 0. , 0. , 0. ],
        [0. , 0. , 0. , 0. , 0. , 0. , 0. , 0. , 0. ],
        [0. , 0. , 0. , 0. , 0. , 0. , 0. , 0. , 0. ],
        [0. , 0. , 0. , 0. , 0. , 0. , 0. , 0. , 0. ],
        [0. , 0. , 0. , 0. , 0. , 0. , 0. , 0. , 0. ]]], dtype=float32),
                 move_feats=[array([1.2, 0.4, 0. , 0.4, 0.2, 0. ], dtype=float32),
                             array([0. , 0. , 0. , 0.4, 0. , 1. ], dtype=float32)],
                 pi=[0.38469827586206895, 0.615301724137931],
                 z=1.0),
 SelfPlayExample(state_tensor=array([[[1. , 0. , 1. , 1. , 1. , 1. , 1. , 0. , 1. ],
        [0. , 1. , 0. , 0. , 0. , 0. , 0. , 1. , 0. ],
        [1. , 0. , 1. , 0. , 0. , 0. , 1. , 0. , 1. ],
        [1. , 0. , 0. , 1. , 0. , 1. , 0. , 0. , 1. ],
        [1. , 0. , 0. , 0. , 1. , 0. , 0. , 0. , 1. ],
        [1. , 0. , 0. , 1. , 0. , 1. , 0. , 0. , 1. ],
        [1. , 0. , 1. , 0. , 0. , 0. , 1. , 0. , 1. ],
        [0. , 1. , 0. , 0. , 0. , 0. , 0. , 1. , 0. ],
        [1. , 0. , 1. , 1. , 1. , 1. , 1. , 0. , 1. ]],

       [[1. , 0. , 1. , 1. , 1. , 1. , 1. , 0. , 0. ],
        [0. , 1. , 0. , 0. , 0. , 0. , 0. , 0. , 0. ],
        [1. , 0. , 1. , 0. , 0. , 0. , 1. , 0. , 0. ],
        [1. , 0. , 0. , 1. , 0. , 1. , 0. , 0. , 0. ],
        [1. , 0. , 0. , 0. , 1. , 0. , 0. , 0. , 0. ],
        [1. , 0. , 0. , 0. , 0. , 0. , 0. , 0. , 0. ],
        [0. , 0. , 0. , 0. , 0. , 0. , 0. , 0. , 0. ],
        [0. , 0. , 0. , 0. , 0. , 0. , 0. , 0. , 0. ],
        [0. , 0. , 0. , 0. , 0. , 0. , 0. , 0. , 0. ]],

       [[0. , 0. , 0. , 0. , 0. , 0. , 0. , 0. , 1. ],
        [0. , 0. , 0. , 0. , 0. , 0. , 0. , 1. , 0. ],
        [0. , 0. , 0. , 0. , 0. , 0. , 0. , 0. , 1. ],
        [0. , 0. , 0. , 0. , 0. , 0. , 0. , 0. , 0. ],
        [0. , 0. , 0. , 0. , 0. , 0. , 0. , 0. , 0. ],
        [0. , 0. , 0. , 0. , 0. , 0. , 0. , 0. , 0. ],
        [0. , 0. , 0. , 0. , 0. , 0. , 0. , 0. , 0. ],
        [0. , 0. , 0. , 0. , 0. , 0. , 0. , 0. , 0. ],
        [0. , 0. , 0. , 0. , 0. , 0. , 0. , 0. , 0. ]],

       [[0. , 0. , 0. , 0. , 0. , 0. , 0. , 0. , 0. ],
        [0. , 0. , 0. , 0. , 0. , 0. , 0. , 0. , 0. ],
        [0. , 0. , 0. , 0. , 0. , 0. , 0. , 0. , 0. ],
        [0. , 0. , 0. , 0. , 0. , 0. , 0. , 0. , 1. ],
        [0. , 0. , 0. , 0. , 0. , 0. , 0. , 0. , 1. ],
        [0. , 0. , 0. , 0. , 0. , 1. , 0. , 0. , 1. ],
        [0. , 0. , 0. , 0. , 0. , 0. , 1. , 0. , 1. ],
        [0. , 0. , 0. , 0. , 0. , 0. , 0. , 1. , 0. ],
        [0. , 0. , 1. , 1. , 1. , 1. , 1. , 0. , 1. ]],

       [[0. , 0. , 0. , 0. , 0. , 0. , 0. , 0. , 0. ],
        [0. , 0. , 0. , 0. , 0. , 0. , 0. , 0. , 0. ],
        [0. , 0. , 0. , 0. , 0. , 0. , 0. , 0. , 0. ],
        [0. , 0. , 0. , 0. , 0. , 0. , 0. , 0. , 0. ],
        [0. , 0. , 0. , 0. , 0. , 0. , 0. , 0. , 0. ],
        [0. , 0. , 0. , 1. , 0. , 0. , 0. , 0. , 0. ],
        [1. , 0. , 1. , 0. , 0. , 0. , 0. , 0. , 0. ],
        [0. , 1. , 0. , 0. , 0. , 0. , 0. , 0. , 0. ],
        [1. , 0. , 0. , 0. , 0. , 0. , 0. , 0. , 0. ]],

       [[1. , 0. , 0. , 0. , 0. , 0. , 0. , 0. , 1. ],
        [0. , 0. , 0. , 0. , 0. , 0. , 0. , 0. , 0. ],
        [0. , 0. , 0. , 0. , 0. , 0. , 0. , 0. , 0. ],
        [0. , 0. , 0. , 0. , 0. , 0. , 0. , 0. , 0. ],
        [0. , 0. , 0. , 0. , 0. , 0. , 0. , 0. , 0. ],
        [0. , 0. , 0. , 0. , 0. , 0. , 0. , 0. , 0. ],
        [0. , 0. , 0. , 0. , 0. , 0. , 0. , 0. , 0. ],
        [0. , 0. , 0. , 0. , 0. , 0. , 0. , 0. , 0. ],
        [1. , 0. , 0. , 0. , 0. , 0. , 0. , 0. , 1. ]],

       [[2. , 0. , 0.4, 0.4, 0.4, 0.4, 0.4, 0. , 2. ],
        [0. , 0.4, 0. , 0. , 0. , 0. , 0. , 0.4, 0. ],
        [0.4, 0. , 0.4, 0. , 0. , 0. , 0.4, 0. , 0.4],
        [0.4, 0. , 0. , 0.4, 0. , 0.4, 0. , 0. , 0.4],
        [0.4, 0. , 0. , 0. , 3. , 0. , 0. , 0. , 0.4],
        [0.4, 0. , 0. , 0.4, 0. , 0.4, 0. , 0. , 0.4],
        [0.4, 0. , 0.4, 0. , 0. , 0. , 0.4, 0. , 0.4],
        [0. , 0.4, 0. , 0. , 0. , 0. , 0. , 0.4, 0. ],
        [2. , 0. , 0.4, 0.4, 0.4, 0.4, 0.4, 0. , 2. ]],

       [[1.4, 0. , 0. , 0. , 0. , 0. , 0. , 0. , 0.4],
        [0. , 1.5, 0. , 0. , 0. , 0. , 0. , 0.8, 0. ],
        [0.3, 0. , 0. , 0. , 0. , 0. , 0. , 0. , 0. ],
        [4. , 0. , 0. , 0. , 0. , 0. , 0. , 0. , 0.7],
        [4. , 0. , 0. , 0. , 0. , 0. , 0. , 0. , 0.7],
        [4. , 0. , 0. , 0.2, 0. , 1.7, 0. , 0. , 0.7],
        [0. , 0. , 0. , 0. , 0. , 0. , 0. , 0. , 0.6],
        [0. , 1.8, 0. , 0. , 0. , 0. , 0. , 0.3, 0. ],
        [0.5, 0. , 2.8, 0. , 0. , 0. , 0. , 0. , 0.8]],

       [[0.7, 0. , 0. , 0. , 0. , 0. , 0. , 0. , 0. ],
        [0. , 1.4, 0. , 0. , 0. , 0. , 0. , 0. , 0. ],
        [0. , 0. , 0. , 0. , 0. , 0. , 0. , 0. , 0. ],
        [1.7, 0. , 0. , 0. , 0. , 0. , 0. , 0. , 0.4],
        [1.7, 0. , 0. , 0. , 0. , 0. , 0. , 0. , 0.4],
        [1.7, 0. , 0. , 0. , 0. , 0.8, 0. , 0. , 0.4],
        [0. , 0. , 0. , 0. , 0. , 0. , 0. , 0. , 0.1],
        [0. , 0.4, 0. , 0. , 0. , 0. , 0. , 0. , 0. ],
        [0. , 0. , 2.4, 0. , 0. , 0. , 0. , 0. , 0.2]],

       [[0.2, 0. , 0. , 0. , 0. , 0. , 0. , 0. , 0.1],
        [0. , 0.1, 0. , 0. , 0. , 0. , 0. , 0.3, 0. ],
        [0.2, 0. , 0. , 0. , 0. , 0. , 0. , 0. , 0. ],
        [1. , 0. , 0. , 0. , 0. , 0. , 0. , 0. , 0.2],
        [1. , 0. , 0. , 0. , 0. , 0. , 0. , 0. , 0.2],
        [1. , 0. , 0. , 0. , 0. , 0.2, 0. , 0. , 0.2],
        [0. , 0. , 0. , 0. , 0. , 0. , 0. , 0. , 0.3],
        [0. , 1.4, 0. , 0. , 0. , 0. , 0. , 0.3, 0. ],
        [0.2, 0. , 0. , 0. , 0. , 0. , 0. , 0. , 0.5]],

       [[0.4, 0. , 0. , 0. , 0. , 0. , 0. , 0. , 0.2],
        [0. , 0. , 0. , 0. , 0. , 0. , 0. , 0.5, 0. ],
        [0.1, 0. , 0. , 0. , 0. , 0. , 0. , 0. , 0. ],
        [1.3, 0. , 0. , 0. , 0. , 0. , 0. , 0. , 0.1],
        [1.3, 0. , 0. , 0. , 0. , 0. , 0. , 0. , 0.1],
        [1.3, 0. , 0. , 0.2, 0. , 0.7, 0. , 0. , 0.1],
        [0. , 0. , 0. , 0. , 0. , 0. , 0. , 0. , 0.2],
        [0. , 0. , 0. , 0. , 0. , 0. , 0. , 0. , 0. ],
        [0.2, 0. , 0.4, 0. , 0. , 0. , 0. , 0. , 0. ]],

       [[0. , 0. , 0. , 0. , 0. , 0. , 0. , 0. , 0. ],
        [0. , 0. , 0. , 0. , 0. , 0. , 0. , 0. , 0. ],
        [0. , 0. , 0. , 0. , 0. , 0. , 0. , 0. , 0. ],
        [0. , 0. , 0. , 0. , 0. , 0. , 0. , 0. , 0. ],
        [0. , 0. , 0. , 0. , 0. , 0. , 0. , 0. , 0. ],
        [0. , 0. , 0. , 0. , 0. , 0. , 0. , 0. , 0. ],
        [0. , 0. , 0. , 0. , 0. , 0. , 0. , 0. , 0. ],
        [0. , 0. , 0. , 0. , 0. , 0. , 0. , 0. , 0. ],
        [0. , 0. , 0. , 0. , 0. , 0. , 0. , 0. , 0. ]]], dtype=float32),
                 move_feats=[array([3.9, 1.3, 0. , 0.4, 0.2, 0. ], dtype=float32),
                             array([0. , 0. , 0. , 0.4, 0. , 1. ], dtype=float32)],
                 pi=[0.3674089068825911, 0.6325910931174089],
                 z=1.0),
 SelfPlayExample(state_tensor=array([[[1. , 0. , 1. , 1. , 1. , 1. , 1. , 0. , 1. ],
        [0. , 1. , 0. , 0. , 0. , 0. , 0. , 1. , 0. ],
        [1. , 0. , 1. , 0. , 0. , 0. , 1. , 0. , 1. ],
        [1. , 0. , 0. , 1. , 0. , 1. , 0. , 0. , 1. ],
        [1. , 0. , 0. , 0. , 1. , 0. , 0. , 0. , 1. ],
        [1. , 0. , 0. , 1. , 0. , 1. , 0. , 0. , 1. ],
        [1. , 0. , 1. , 0. , 0. , 0. , 1. , 0. , 1. ],
        [0. , 1. , 0. , 0. , 0. , 0. , 0. , 1. , 0. ],
        [1. , 0. , 1. , 1. , 1. , 1. , 1. , 0. , 1. ]],

       [[1. , 0. , 1. , 1. , 1. , 1. , 1. , 0. , 0. ],
        [0. , 1. , 0. , 0. , 0. , 0. , 0. , 0. , 0. ],
        [1. , 0. , 1. , 0. , 0. , 0. , 1. , 0. , 0. ],
        [1. , 0. , 0. , 1. , 0. , 1. , 0. , 0. , 0. ],
        [1. , 0. , 0. , 0. , 1. , 0. , 0. , 0. , 0. ],
        [1. , 0. , 0. , 0. , 0. , 0. , 0. , 0. , 0. ],
        [0. , 0. , 0. , 0. , 0. , 0. , 0. , 0. , 0. ],
        [0. , 0. , 0. , 0. , 0. , 0. , 0. , 0. , 0. ],
        [0. , 0. , 0. , 0. , 0. , 0. , 0. , 0. , 0. ]],

       [[0. , 0. , 0. , 0. , 0. , 0. , 0. , 0. , 1. ],
        [0. , 0. , 0. , 0. , 0. , 0. , 0. , 1. , 0. ],
        [0. , 0. , 0. , 0. , 0. , 0. , 0. , 0. , 0. ],
        [0. , 0. , 0. , 0. , 0. , 0. , 0. , 0. , 0. ],
        [0. , 0. , 0. , 0. , 0. , 0. , 0. , 0. , 0. ],
        [0. , 0. , 0. , 0. , 0. , 0. , 0. , 0. , 0. ],
        [0. , 0. , 0. , 0. , 0. , 0. , 0. , 0. , 0. ],
        [0. , 0. , 0. , 0. , 0. , 0. , 0. , 0. , 0. ],
        [0. , 0. , 0. , 0. , 0. , 0. , 0. , 0. , 0. ]],

       [[0. , 0. , 0. , 0. , 0. , 0. , 0. , 0. , 0. ],
        [0. , 0. , 0. , 0. , 0. , 0. , 0. , 0. , 0. ],
        [0. , 0. , 0. , 0. , 0. , 0. , 0. , 0. , 1. ],
        [0. , 0. , 0. , 0. , 0. , 0. , 0. , 0. , 1. ],
        [0. , 0. , 0. , 0. , 0. , 0. , 0. , 0. , 1. ],
        [0. , 0. , 0. , 0. , 0. , 1. , 0. , 0. , 1. ],
        [0. , 0. , 0. , 0. , 0. , 0. , 1. , 0. , 1. ],
        [0. , 1. , 0. , 0. , 0. , 0. , 0. , 1. , 0. ],
        [0. , 0. , 1. , 1. , 1. , 1. , 1. , 0. , 1. ]],

       [[0. , 0. , 0. , 0. , 0. , 0. , 0. , 0. , 0. ],
        [0. , 0. , 0. , 0. , 0. , 0. , 0. , 0. , 0. ],
        [0. , 0. , 0. , 0. , 0. , 0. , 0. , 0. , 0. ],
        [0. , 0. , 0. , 0. , 0. , 0. , 0. , 0. , 0. ],
        [0. , 0. , 0. , 0. , 0. , 0. , 0. , 0. , 0. ],
        [0. , 0. , 0. , 1. , 0. , 0. , 0. , 0. , 0. ],
        [1. , 0. , 1. , 0. , 0. , 0. , 0. , 0. , 0. ],
        [0. , 0. , 0. , 0. , 0. , 0. , 0. , 0. , 0. ],
        [1. , 0. , 0. , 0. , 0. , 0. , 0. , 0. , 0. ]],

       [[1. , 0. , 0. , 0. , 0. , 0. , 0. , 0. , 1. ],
        [0. , 0. , 0. , 0. , 0. , 0. , 0. , 0. , 0. ],
        [0. , 0. , 0. , 0. , 0. , 0. , 0. , 0. , 0. ],
        [0. , 0. , 0. , 0. , 0. , 0. , 0. , 0. , 0. ],
        [0. , 0. , 0. , 0. , 0. , 0. , 0. , 0. , 0. ],
        [0. , 0. , 0. , 0. , 0. , 0. , 0. , 0. , 0. ],
        [0. , 0. , 0. , 0. , 0. , 0. , 0. , 0. , 0. ],
        [0. , 0. , 0. , 0. , 0. , 0. , 0. , 0. , 0. ],
        [1. , 0. , 0. , 0. , 0. , 0. , 0. , 0. , 1. ]],

       [[2. , 0. , 0.4, 0.4, 0.4, 0.4, 0.4, 0. , 2. ],
        [0. , 0.4, 0. , 0. , 0. , 0. , 0. , 0.4, 0. ],
        [0.4, 0. , 0.4, 0. , 0. , 0. , 0.4, 0. , 0.4],
        [0.4, 0. , 0. , 0.4, 0. , 0.4, 0. , 0. , 0.4],
        [0.4, 0. , 0. , 0. , 3. , 0. , 0. , 0. , 0.4],
        [0.4, 0. , 0. , 0.4, 0. , 0.4, 0. , 0. , 0.4],
        [0.4, 0. , 0.4, 0. , 0. , 0. , 0.4, 0. , 0.4],
        [0. , 0.4, 0. , 0. , 0. , 0. , 0. , 0.4, 0. ],
        [2. , 0. , 0.4, 0.4, 0.4, 0.4, 0.4, 0. , 2. ]],

       [[1.1, 0. , 0. , 0. , 0. , 0. , 0. , 0. , 0.5],
        [0. , 0.9, 0. , 0. , 0. , 0. , 0. , 0.6, 0. ],
        [1.9, 0. , 0. , 0. , 0. , 0. , 0. , 0. , 0.4],
        [4.3, 0. , 0. , 0. , 0. , 0. , 0. , 0. , 0.4],
        [4.3, 0. , 0. , 0. , 0. , 0. , 0. , 0. , 0.4],
        [4.3, 0. , 0. , 0.2, 0. , 1.7, 0. , 0. , 0.4],
        [0. , 0. , 0. , 0. , 0. , 0. , 0.3, 0. , 0. ],
        [0. , 0.1, 0. , 0. , 0. , 0. , 0. , 0.7, 0. ],
        [1. , 0. , 0. , 0. , 0. , 0. , 0. , 0. , 0.8]],

       [[0.2, 0. , 0. , 0. , 0. , 0. , 0. , 0. , 0.3],
        [0. , 0.7, 0. , 0. , 0. , 0. , 0. , 0. , 0. ],
        [1.4, 0. , 0. , 0. , 0. , 0. , 0. , 0. , 0. ],
        [1.7, 0. , 0. , 0. , 0. , 0. , 0. , 0. , 0.1],
        [1.7, 0. , 0. , 0. , 0. , 0. , 0. , 0. , 0.1],
        [1.7, 0. , 0. , 0. , 0. , 0.8, 0. , 0. , 0.1],
        [0. , 0. , 0. , 0. , 0. , 0. , 0. , 0. , 0. ],
        [0. , 0. , 0. , 0. , 0. , 0. , 0. , 0.2, 0. ],
        [0.2, 0. , 0. , 0. , 0. , 0. , 0. , 0. , 0.2]],

       [[0.1, 0. , 0. , 0. , 0. , 0. , 0. , 0. , 0. ],
        [0. , 0.2, 0. , 0. , 0. , 0. , 0. , 0.4, 0. ],
        [0.1, 0. , 0. , 0. , 0. , 0. , 0. , 0. , 0.1],
        [1.2, 0. , 0. , 0. , 0. , 0. , 0. , 0. , 0.3],
        [1.2, 0. , 0. , 0. , 0. , 0. , 0. , 0. , 0.3],
        [1.2, 0. , 0. , 0. , 0. , 0.2, 0. , 0. , 0.3],
        [0. , 0. , 0. , 0. , 0. , 0. , 0.3, 0. , 0. ],
        [0. , 0. , 0. , 0. , 0. , 0. , 0. , 0.5, 0. ],
        [0.5, 0. , 0. , 0. , 0. , 0. , 0. , 0. , 0.5]],

       [[0.7, 0. , 0. , 0. , 0. , 0. , 0. , 0. , 0.1],
        [0. , 0. , 0. , 0. , 0. , 0. , 0. , 0.2, 0. ],
        [0.4, 0. , 0. , 0. , 0. , 0. , 0. , 0. , 0.3],
        [1.4, 0. , 0. , 0. , 0. , 0. , 0. , 0. , 0. ],
        [1.4, 0. , 0. , 0. , 0. , 0. , 0. , 0. , 0. ],
        [1.4, 0. , 0. , 0.2, 0. , 0.7, 0. , 0. , 0. ],
        [0. , 0. , 0. , 0. , 0. , 0. , 0. , 0. , 0. ],
        [0. , 0.1, 0. , 0. , 0. , 0. , 0. , 0. , 0. ],
        [0.2, 0. , 0. , 0. , 0. , 0. , 0. , 0. , 0. ]],

       [[0. , 0. , 0. , 0. , 0. , 0. , 0. , 0. , 0. ],
        [0. , 0. , 0. , 0. , 0. , 0. , 0. , 0. , 0. ],
        [0. , 0. , 0. , 0. , 0. , 0. , 0. , 0. , 0. ],
        [0. , 0. , 0. , 0. , 0. , 0. , 0. , 0. , 0. ],
        [0. , 0. , 0. , 0. , 0. , 0. , 0. , 0. , 0. ],
        [0. , 0. , 0. , 0. , 0. , 0. , 0. , 0. , 0. ],
        [0. , 0. , 0. , 0. , 0. , 0. , 0. , 0. , 0. ],
        [0. , 0. , 0. , 0. , 0. , 0. , 0. , 0. , 0. ],
        [0. , 0. , 0. , 0. , 0. , 0. , 0. , 0. , 0. ]]], dtype=float32),
                 move_feats=[array([4.2, 1.4, 0. , 0.4, 0.2, 0. ], dtype=float32),
                             array([0. , 0. , 0. , 0.4, 0. , 1. ], dtype=float32)],
                 pi=[0.3846949327817994, 0.6153050672182007],
                 z=1.0),
 SelfPlayExample(state_tensor=array([[[1. , 0. , 1. , 1. , 1. , 1. , 1. , 0. , 1. ],
        [0. , 1. , 0. , 0. , 0. , 0. , 0. , 1. , 0. ],
        [1. , 0. , 1. , 0. , 0. , 0. , 1. , 0. , 1. ],
        [1. , 0. , 0. , 1. , 0. , 1. , 0. , 0. , 1. ],
        [1. , 0. , 0. , 0. , 1. , 0. , 0. , 0. , 1. ],
        [1. , 0. , 0. , 1. , 0. , 1. , 0. , 0. , 1. ],
        [1. , 0. , 1. , 0. , 0. , 0. , 1. , 0. , 1. ],
        [0. , 1. , 0. , 0. , 0. , 0. , 0. , 1. , 0. ],
        [1. , 0. , 1. , 1. , 1. , 1. , 1. , 0. , 1. ]],

       [[1. , 0. , 1. , 1. , 1. , 1. , 1. , 0. , 0. ],
        [0. , 1. , 0. , 0. , 0. , 0. , 0. , 0. , 0. ],
        [1. , 0. , 1. , 0. , 0. , 0. , 1. , 0. , 0. ],
        [1. , 0. , 0. , 1. , 0. , 1. , 0. , 0. , 0. ],
        [1. , 0. , 0. , 0. , 1. , 0. , 0. , 0. , 0. ],
        [1. , 0. , 0. , 0. , 0. , 0. , 0. , 0. , 0. ],
        [0. , 0. , 0. , 0. , 0. , 0. , 0. , 0. , 0. ],
        [0. , 0. , 0. , 0. , 0. , 0. , 0. , 0. , 0. ],
        [0. , 0. , 0. , 0. , 0. , 0. , 0. , 0. , 0. ]],

       [[0. , 0. , 0. , 0. , 0. , 0. , 0. , 0. , 1. ],
        [0. , 0. , 0. , 0. , 0. , 0. , 0. , 1. , 0. ],
        [0. , 0. , 0. , 0. , 0. , 0. , 0. , 0. , 1. ],
        [0. , 0. , 0. , 0. , 0. , 0. , 0. , 0. , 0. ],
        [0. , 0. , 0. , 0. , 0. , 0. , 0. , 0. , 0. ],
        [0. , 0. , 0. , 0. , 0. , 0. , 0. , 0. , 0. ],
        [0. , 0. , 0. , 0. , 0. , 0. , 0. , 0. , 0. ],
        [0. , 0. , 0. , 0. , 0. , 0. , 0. , 0. , 0. ],
        [0. , 0. , 0. , 0. , 0. , 0. , 0. , 0. , 0. ]],

       [[0. , 0. , 0. , 0. , 0. , 0. , 0. , 0. , 0. ],
        [0. , 0. , 0. , 0. , 0. , 0. , 0. , 0. , 0. ],
        [0. , 0. , 0. , 0. , 0. , 0. , 0. , 0. , 0. ],
        [0. , 0. , 0. , 0. , 0. , 0. , 0. , 0. , 1. ],
        [0. , 0. , 0. , 0. , 0. , 0. , 0. , 0. , 1. ],
        [0. , 0. , 0. , 0. , 0. , 1. , 0. , 0. , 1. ],
        [1. , 0. , 0. , 0. , 0. , 0. , 1. , 0. , 1. ],
        [0. , 0. , 0. , 0. , 0. , 0. , 0. , 1. , 0. ],
        [0. , 0. , 1. , 1. , 1. , 1. , 1. , 0. , 1. ]],

       [[0. , 0. , 0. , 0. , 0. , 0. , 0. , 0. , 0. ],
        [0. , 0. , 0. , 0. , 0. , 0. , 0. , 0. , 0. ],
        [0. , 0. , 0. , 0. , 0. , 0. , 0. , 0. , 0. ],
        [0. , 0. , 0. , 0. , 0. , 0. , 0. , 0. , 0. ],
        [0. , 0. , 0. , 0. , 0. , 0. , 0. , 0. , 0. ],
        [0. , 0. , 0. , 1. , 0. , 0. , 0. , 0. , 0. ],
        [0. , 0. , 1. , 0. , 0. , 0. , 0. , 0. , 0. ],
        [0. , 1. , 0. , 0. , 0. , 0. , 0. , 0. , 0. ],
        [1. , 0. , 0. , 0. , 0. , 0. , 0. , 0. , 0. ]],

       [[1. , 0. , 0. , 0. , 0. , 0. , 0. , 0. , 1. ],
        [0. , 0. , 0. , 0. , 0. , 0. , 0. , 0. , 0. ],
        [0. , 0. , 0. , 0. , 0. , 0. , 0. , 0. , 0. ],
        [0. , 0. , 0. , 0. , 0. , 0. , 0. , 0. , 0. ],
        [0. , 0. , 0. , 0. , 0. , 0. , 0. , 0. , 0. ],
        [0. , 0. , 0. , 0. , 0. , 0. , 0. , 0. , 0. ],
        [0. , 0. , 0. , 0. , 0. , 0. , 0. , 0. , 0. ],
        [0. , 0. , 0. , 0. , 0. , 0. , 0. , 0. , 0. ],
        [1. , 0. , 0. , 0. , 0. , 0. , 0. , 0. , 1. ]],

       [[2. , 0. , 0.4, 0.4, 0.4, 0.4, 0.4, 0. , 2. ],
        [0. , 0.4, 0. , 0. , 0. , 0. , 0. , 0.4, 0. ],
        [0.4, 0. , 0.4, 0. , 0. , 0. , 0.4, 0. , 0.4],
        [0.4, 0. , 0. , 0.4, 0. , 0.4, 0. , 0. , 0.4],
        [0.4, 0. , 0. , 0. , 3. , 0. , 0. , 0. , 0.4],
        [0.4, 0. , 0. , 0.4, 0. , 0.4, 0. , 0. , 0.4],
        [0.4, 0. , 0.4, 0. , 0. , 0. , 0.4, 0. , 0.4],
        [0. , 0.4, 0. , 0. , 0. , 0. , 0. , 0.4, 0. ],
        [2. , 0. , 0.4, 0.4, 0.4, 0.4, 0.4, 0. , 2. ]],

       [[1.2, 0. , 0. , 0. , 0. , 0. , 0. , 0. , 0.4],
        [0. , 0.3, 0. , 0. , 0. , 0. , 0. , 0.3, 0. ],
        [1.6, 0. , 0. , 0. , 0. , 0. , 0. , 0. , 0.5],
        [6.2, 0. , 0. , 0. , 0. , 0. , 0. , 0. , 0.1],
        [6.2, 0. , 0. , 0. , 0. , 0. , 0. , 0. , 0.1],
        [6.2, 0. , 0. , 0.2, 0. , 2. , 0. , 0. , 0.1],
        [0.1, 0. , 0. , 0. , 0. , 0. , 0. , 0. , 0.7],
        [0. , 0.9, 0. , 0. , 0. , 0. , 0. , 0.7, 0. ],
        [0.6, 0. , 0. , 0. , 0. , 0. , 0. , 0. , 0.8]],

       [[0. , 0. , 0. , 0. , 0. , 0. , 0. , 0. , 0. ],
        [0. , 0.2, 0. , 0. , 0. , 0. , 0. , 0.3, 0. ],
        [0.7, 0. , 0. , 0. , 0. , 0. , 0. , 0. , 0. ],
        [3.1, 0. , 0. , 0. , 0. , 0. , 0. , 0. , 0.1],
        [3.1, 0. , 0. , 0. , 0. , 0. , 0. , 0. , 0.1],
        [3.1, 0. , 0. , 0. , 0. , 0.8, 0. , 0. , 0.1],
        [0. , 0. , 0. , 0. , 0. , 0. , 0. , 0. , 0.2],
        [0. , 0.2, 0. , 0. , 0. , 0. , 0. , 0.2, 0. ],
        [0.4, 0. , 0. , 0. , 0. , 0. , 0. , 0. , 0.1]],

       [[1. , 0. , 0. , 0. , 0. , 0. , 0. , 0. , 0.1],
        [0. , 0.1, 0. , 0. , 0. , 0. , 0. , 0. , 0. ],
        [0.2, 0. , 0. , 0. , 0. , 0. , 0. , 0. , 0.2],
        [1.3, 0. , 0. , 0. , 0. , 0. , 0. , 0. , 0. ],
        [1.3, 0. , 0. , 0. , 0. , 0. , 0. , 0. , 0. ],
        [1.3, 0. , 0. , 0. , 0. , 0.5, 0. , 0. , 0. ],
        [0. , 0. , 0. , 0. , 0. , 0. , 0. , 0. , 0.5],
        [0. , 0.5, 0. , 0. , 0. , 0. , 0. , 0.5, 0. ],
        [0.1, 0. , 0. , 0. , 0. , 0. , 0. , 0. , 0.3]],

       [[0.1, 0. , 0. , 0. , 0. , 0. , 0. , 0. , 0.2],
        [0. , 0. , 0. , 0. , 0. , 0. , 0. , 0. , 0. ],
        [0.7, 0. , 0. , 0. , 0. , 0. , 0. , 0. , 0.3],
        [1.8, 0. , 0. , 0. , 0. , 0. , 0. , 0. , 0. ],
        [1.8, 0. , 0. , 0. , 0. , 0. , 0. , 0. , 0. ],
        [1.8, 0. , 0. , 0.2, 0. , 0.7, 0. , 0. , 0. ],
        [0.1, 0. , 0. , 0. , 0. , 0. , 0. , 0. , 0. ],
        [0. , 0.2, 0. , 0. , 0. , 0. , 0. , 0. , 0. ],
        [0. , 0. , 0. , 0. , 0. , 0. , 0. , 0. , 0.3]],

       [[0. , 0. , 0. , 0. , 0. , 0. , 0. , 0. , 0. ],
        [0. , 0. , 0. , 0. , 0. , 0. , 0. , 0. , 0. ],
        [0. , 0. , 0. , 0. , 0. , 0. , 0. , 0. , 0. ],
        [0. , 0. , 0. , 0. , 0. , 0. , 0. , 0. , 0. ],
        [0. , 0. , 0. , 0. , 0. , 0. , 0. , 0. , 0. ],
        [0. , 0. , 0. , 0. , 0. , 0. , 0. , 0. , 0. ],
        [0. , 0. , 0. , 0. , 0. , 0. , 0. , 0. , 0. ],
        [0. , 0. , 0. , 0. , 0. , 0. , 0. , 0. , 0. ],
        [0. , 0. , 0. , 0. , 0. , 0. , 0. , 0. , 0. ]]], dtype=float32),
                 move_feats=[array([5.4, 1.8, 0. , 0.4, 0.2, 0. ], dtype=float32),
                             array([0. , 0. , 0. , 0.4, 0. , 1. ], dtype=float32)],
                 pi=[0.366, 0.634],
                 z=1.0),
 SelfPlayExample(state_tensor=array([[[1. , 0. , 1. , 1. , 1. , 1. , 1. , 0. , 1. ],
        [0. , 1. , 0. , 0. , 0. , 0. , 0. , 1. , 0. ],
        [1. , 0. , 1. , 0. , 0. , 0. , 1. , 0. , 1. ],
        [1. , 0. , 0. , 1. , 0. , 1. , 0. , 0. , 1. ],
        [1. , 0. , 0. , 0. , 1. , 0. , 0. , 0. , 1. ],
        [1. , 0. , 0. , 1. , 0. , 1. , 0. , 0. , 1. ],
        [1. , 0. , 1. , 0. , 0. , 0. , 1. , 0. , 1. ],
        [0. , 1. , 0. , 0. , 0. , 0. , 0. , 1. , 0. ],
        [1. , 0. , 1. , 1. , 1. , 1. , 1. , 0. , 1. ]],

       [[1. , 0. , 1. , 1. , 1. , 1. , 0. , 0. , 0. ],
        [0. , 1. , 0. , 0. , 0. , 0. , 0. , 0. , 0. ],
        [1. , 0. , 1. , 0. , 0. , 0. , 1. , 0. , 0. ],
        [1. , 0. , 0. , 1. , 0. , 1. , 0. , 0. , 0. ],
        [1. , 0. , 0. , 0. , 0. , 0. , 0. , 0. , 0. ],
        [1. , 0. , 0. , 0. , 0. , 0. , 0. , 0. , 0. ],
        [0. , 0. , 0. , 0. , 0. , 0. , 0. , 0. , 0. ],
        [0. , 0. , 0. , 0. , 0. , 0. , 0. , 0. , 0. ],
        [0. , 0. , 0. , 0. , 0. , 0. , 0. , 0. , 0. ]],

       [[0. , 0. , 0. , 0. , 0. , 0. , 1. , 0. , 1. ],
        [0. , 0. , 0. , 0. , 0. , 0. , 0. , 1. , 0. ],
        [0. , 0. , 0. , 0. , 0. , 0. , 0. , 0. , 1. ],
        [0. , 0. , 0. , 0. , 0. , 0. , 0. , 0. , 0. ],
        [0. , 0. , 0. , 0. , 0. , 0. , 0. , 0. , 0. ],
        [0. , 0. , 0. , 0. , 0. , 0. , 0. , 0. , 0. ],
        [0. , 0. , 0. , 0. , 0. , 0. , 0. , 0. , 0. ],
        [0. , 0. , 0. , 0. , 0. , 0. , 0. , 0. , 0. ],
        [0. , 0. , 0. , 0. , 0. , 0. , 0. , 0. , 0. ]],

       [[0. , 0. , 0. , 0. , 0. , 0. , 0. , 0. , 0. ],
        [0. , 0. , 0. , 0. , 0. , 0. , 0. , 0. , 0. ],
        [0. , 0. , 0. , 0. , 0. , 0. , 0. , 0. , 0. ],
        [0. , 0. , 0. , 0. , 0. , 0. , 0. , 0. , 1. ],
        [0. , 0. , 0. , 0. , 0. , 0. , 0. , 0. , 1. ],
        [0. , 0. , 0. , 0. , 0. , 1. , 0. , 0. , 1. ],
        [0. , 0. , 0. , 0. , 0. , 0. , 1. , 0. , 1. ],
        [0. , 0. , 0. , 0. , 0. , 0. , 0. , 1. , 0. ],
        [0. , 0. , 0. , 1. , 1. , 1. , 1. , 0. , 1. ]],

       [[0. , 0. , 0. , 0. , 0. , 0. , 0. , 0. , 0. ],
        [0. , 0. , 0. , 0. , 0. , 0. , 0. , 0. , 0. ],
        [0. , 0. , 0. , 0. , 0. , 0. , 0. , 0. , 0. ],
        [0. , 0. , 0. , 0. , 0. , 0. , 0. , 0. , 0. ],
        [0. , 0. , 0. , 0. , 1. , 0. , 0. , 0. , 0. ],
        [0. , 0. , 0. , 1. , 0. , 0. , 0. , 0. , 0. ],
        [1. , 0. , 1. , 0. , 0. , 0. , 0. , 0. , 0. ],
        [0. , 1. , 0. , 0. , 0. , 0. , 0. , 0. , 0. ],
        [1. , 0. , 1. , 0. , 0. , 0. , 0. , 0. , 0. ]],

       [[1. , 0. , 0. , 0. , 0. , 0. , 0. , 0. , 1. ],
        [0. , 0. , 0. , 0. , 0. , 0. , 0. , 0. , 0. ],
        [0. , 0. , 0. , 0. , 0. , 0. , 0. , 0. , 0. ],
        [0. , 0. , 0. , 0. , 0. , 0. , 0. , 0. , 0. ],
        [0. , 0. , 0. , 0. , 0. , 0. , 0. , 0. , 0. ],
        [0. , 0. , 0. , 0. , 0. , 0. , 0. , 0. , 0. ],
        [0. , 0. , 0. , 0. , 0. , 0. , 0. , 0. , 0. ],
        [0. , 0. , 0. , 0. , 0. , 0. , 0. , 0. , 0. ],
        [1. , 0. , 0. , 0. , 0. , 0. , 0. , 0. , 1. ]],

       [[2. , 0. , 0.4, 0.4, 0.4, 0.4, 0.4, 0. , 2. ],
        [0. , 0.4, 0. , 0. , 0. , 0. , 0. , 0.4, 0. ],
        [0.4, 0. , 0.4, 0. , 0. , 0. , 0.4, 0. , 0.4],
        [0.4, 0. , 0. , 0.4, 0. , 0.4, 0. , 0. , 0.4],
        [0.4, 0. , 0. , 0. , 3. , 0. , 0. , 0. , 0.4],
        [0.4, 0. , 0. , 0.4, 0. , 0.4, 0. , 0. , 0.4],
        [0.4, 0. , 0.4, 0. , 0. , 0. , 0.4, 0. , 0.4],
        [0. , 0.4, 0. , 0. , 0. , 0. , 0. , 0.4, 0. ],
        [2. , 0. , 0.4, 0.4, 0.4, 0.4, 0.4, 0. , 2. ]],

       [[1.4, 0. , 0. , 0. , 0. , 0. , 0.5, 0. , 0.4],
        [0. , 1. , 0. , 0. , 0. , 0. , 0. , 0.1, 0. ],
        [0.4, 0. , 0. , 0. , 0. , 0. , 0. , 0. , 0.5],
        [7.8, 0. , 0. , 0. , 0. , 0. , 0. , 0. , 0.8],
        [7.8, 0. , 0. , 0. , 0.2, 0. , 0. , 0. , 0.8],
        [7.8, 0. , 0. , 0. , 0. , 2. , 0. , 0. , 0.8],
        [0.4, 0. , 0. , 0. , 0. , 0. , 0. , 0. , 1. ],
        [0. , 0.5, 0. , 0. , 0. , 0. , 0. , 0.4, 0. ],
        [0.5, 0. , 0.5, 0. , 0. , 0. , 0. , 0. , 0.9]],

       [[1. , 0. , 0. , 0. , 0. , 0. , 0.3, 0. , 0. ],
        [0. , 0. , 0. , 0. , 0. , 0. , 0. , 0. , 0. ],
        [0.2, 0. , 0. , 0. , 0. , 0. , 0. , 0. , 0. ],
        [3.8, 0. , 0. , 0. , 0. , 0. , 0. , 0. , 0.3],
        [3.8, 0. , 0. , 0. , 0. , 0. , 0. , 0. , 0.3],
        [3.8, 0. , 0. , 0. , 0. , 0.8, 0. , 0. , 0.3],
        [0.2, 0. , 0. , 0. , 0. , 0. , 0. , 0. , 0.2],
        [0. , 0.4, 0. , 0. , 0. , 0. , 0. , 0.1, 0. ],
        [0. , 0. , 0. , 0. , 0. , 0. , 0. , 0. , 0.3]],

       [[0. , 0. , 0. , 0. , 0. , 0. , 0. , 0. , 0.1],
        [0. , 1. , 0. , 0. , 0. , 0. , 0. , 0.1, 0. ],
        [0.1, 0. , 0. , 0. , 0. , 0. , 0. , 0. , 0.2],
        [1.5, 0. , 0. , 0. , 0. , 0. , 0. , 0. , 0.5],
        [1.5, 0. , 0. , 0. , 0. , 0. , 0. , 0. , 0.5],
        [1.5, 0. , 0. , 0. , 0. , 0.5, 0. , 0. , 0.5],
        [0. , 0. , 0. , 0. , 0. , 0. , 0. , 0. , 0.5],
        [0. , 0.1, 0. , 0. , 0. , 0. , 0. , 0.3, 0. ],
        [0.4, 0. , 0.5, 0. , 0. , 0. , 0. , 0. , 0.4]],

       [[0.3, 0. , 0. , 0. , 0. , 0. , 0.2, 0. , 0.2],
        [0. , 0. , 0. , 0. , 0. , 0. , 0. , 0. , 0. ],
        [0.1, 0. , 0. , 0. , 0. , 0. , 0. , 0. , 0.3],
        [2.5, 0. , 0. , 0. , 0. , 0. , 0. , 0. , 0. ],
        [2.5, 0. , 0. , 0. , 0.2, 0. , 0. , 0. , 0. ],
        [2.5, 0. , 0. , 0. , 0. , 0.7, 0. , 0. , 0. ],
        [0.2, 0. , 0. , 0. , 0. , 0. , 0. , 0. , 0.3],
        [0. , 0. , 0. , 0. , 0. , 0. , 0. , 0. , 0. ],
        [0. , 0. , 0. , 0. , 0. , 0. , 0. , 0. , 0.1]],

       [[0. , 0. , 0. , 0. , 0. , 0. , 0. , 0. , 0. ],
        [0. , 0. , 0. , 0. , 0. , 0. , 0. , 0. , 0. ],
        [0. , 0. , 0. , 0. , 0. , 0. , 0. , 0. , 0. ],
        [0. , 0. , 0. , 0. , 0. , 0. , 0. , 0. , 0. ],
        [0. , 0. , 0. , 0. , 0. , 0. , 0. , 0. , 0. ],
        [0. , 0. , 0. , 0. , 0. , 0. , 0. , 0. , 0. ],
        [0. , 0. , 0. , 0. , 0. , 0. , 0. , 0. , 0. ],
        [0. , 0. , 0. , 0. , 0. , 0. , 0. , 0. , 0. ],
        [0. , 0. , 0. , 0. , 0. , 0. , 0. , 0. , 0. ]]], dtype=float32),
                 move_feats=[array([7.5, 2.5, 0. , 0.4, 0.2, 0. ], dtype=float32),
                             array([0. , 0. , 0. , 0.4, 0. , 1. ], dtype=float32)],
                 pi=[0.4323671497584541, 0.5676328502415459],
                 z=1.0),
 SelfPlayExample(state_tensor=array([[[1. , 0. , 1. , 1. , 1. , 1. , 1. , 0. , 1. ],
        [0. , 1. , 0. , 0. , 0. , 0. , 0. , 1. , 0. ],
        [1. , 0. , 1. , 0. , 0. , 0. , 1. , 0. , 1. ],
        [1. , 0. , 0. , 1. , 0. , 1. , 0. , 0. , 1. ],
        [1. , 0. , 0. , 0. , 1. , 0. , 0. , 0. , 1. ],
        [1. , 0. , 0. , 1. , 0. , 1. , 0. , 0. , 1. ],
        [1. , 0. , 1. , 0. , 0. , 0. , 1. , 0. , 1. ],
        [0. , 1. , 0. , 0. , 0. , 0. , 0. , 1. , 0. ],
        [1. , 0. , 1. , 1. , 1. , 1. , 1. , 0. , 1. ]],

       [[1. , 0. , 1. , 1. , 1. , 1. , 0. , 0. , 0. ],
        [0. , 1. , 0. , 0. , 0. , 0. , 0. , 0. , 0. ],
        [1. , 0. , 1. , 0. , 0. , 0. , 1. , 0. , 0. ],
        [1. , 0. , 0. , 1. , 0. , 0. , 0. , 0. , 0. ],
        [1. , 0. , 0. , 0. , 0. , 0. , 0. , 0. , 0. ],
        [1. , 0. , 0. , 0. , 0. , 0. , 0. , 0. , 0. ],
        [0. , 0. , 0. , 0. , 0. , 0. , 0. , 0. , 0. ],
        [0. , 0. , 0. , 0. , 0. , 0. , 0. , 0. , 0. ],
        [0. , 0. , 0. , 0. , 0. , 0. , 0. , 0. , 0. ]],

       [[0. , 0. , 0. , 0. , 0. , 0. , 1. , 0. , 1. ],
        [0. , 0. , 0. , 0. , 0. , 0. , 0. , 1. , 0. ],
        [0. , 0. , 0. , 0. , 0. , 0. , 0. , 0. , 0. ],
        [0. , 0. , 0. , 0. , 0. , 0. , 0. , 0. , 0. ],
        [0. , 0. , 0. , 0. , 0. , 0. , 0. , 0. , 0. ],
        [0. , 0. , 0. , 0. , 0. , 0. , 0. , 0. , 0. ],
        [0. , 0. , 0. , 0. , 0. , 0. , 0. , 0. , 0. ],
        [0. , 0. , 0. , 0. , 0. , 0. , 0. , 0. , 0. ],
        [0. , 0. , 0. , 0. , 0. , 0. , 0. , 0. , 0. ]],

       [[0. , 0. , 0. , 0. , 0. , 0. , 0. , 0. , 0. ],
        [0. , 0. , 0. , 0. , 0. , 0. , 0. , 0. , 0. ],
        [0. , 0. , 0. , 0. , 0. , 0. , 0. , 0. , 1. ],
        [0. , 0. , 0. , 0. , 0. , 0. , 0. , 0. , 1. ],
        [0. , 0. , 0. , 0. , 0. , 0. , 0. , 0. , 1. ],
        [0. , 0. , 0. , 0. , 0. , 1. , 0. , 0. , 1. ],
        [0. , 0. , 0. , 0. , 0. , 0. , 1. , 0. , 1. ],
        [0. , 0. , 0. , 0. , 0. , 0. , 0. , 1. , 0. ],
        [0. , 0. , 0. , 0. , 0. , 0. , 1. , 0. , 1. ]],

       [[0. , 0. , 0. , 0. , 0. , 0. , 0. , 0. , 0. ],
        [0. , 0. , 0. , 0. , 0. , 0. , 0. , 0. , 0. ],
        [0. , 0. , 0. , 0. , 0. , 0. , 0. , 0. , 0. ],
        [0. , 0. , 0. , 0. , 0. , 1. , 0. , 0. , 0. ],
        [0. , 0. , 0. , 0. , 1. , 0. , 0. , 0. , 0. ],
        [0. , 0. , 0. , 1. , 0. , 0. , 0. , 0. , 0. ],
        [1. , 0. , 1. , 0. , 0. , 0. , 0. , 0. , 0. ],
        [0. , 1. , 0. , 0. , 0. , 0. , 0. , 0. , 0. ],
        [1. , 0. , 1. , 1. , 1. , 1. , 0. , 0. , 0. ]],

       [[1. , 0. , 0. , 0. , 0. , 0. , 0. , 0. , 1. ],
        [0. , 0. , 0. , 0. , 0. , 0. , 0. , 0. , 0. ],
        [0. , 0. , 0. , 0. , 0. , 0. , 0. , 0. , 0. ],
        [0. , 0. , 0. , 0. , 0. , 0. , 0. , 0. , 0. ],
        [0. , 0. , 0. , 0. , 0. , 0. , 0. , 0. , 0. ],
        [0. , 0. , 0. , 0. , 0. , 0. , 0. , 0. , 0. ],
        [0. , 0. , 0. , 0. , 0. , 0. , 0. , 0. , 0. ],
        [0. , 0. , 0. , 0. , 0. , 0. , 0. , 0. , 0. ],
        [1. , 0. , 0. , 0. , 0. , 0. , 0. , 0. , 1. ]],

       [[2. , 0. , 0.4, 0.4, 0.4, 0.4, 0.4, 0. , 2. ],
        [0. , 0.4, 0. , 0. , 0. , 0. , 0. , 0.4, 0. ],
        [0.4, 0. , 0.4, 0. , 0. , 0. , 0.4, 0. , 0.4],
        [0.4, 0. , 0. , 0.4, 0. , 0.4, 0. , 0. , 0.4],
        [0.4, 0. , 0. , 0. , 3. , 0. , 0. , 0. , 0.4],
        [0.4, 0. , 0. , 0.4, 0. , 0.4, 0. , 0. , 0.4],
        [0.4, 0. , 0.4, 0. , 0. , 0. , 0.4, 0. , 0.4],
        [0. , 0.4, 0. , 0. , 0. , 0. , 0. , 0.4, 0. ],
        [2. , 0. , 0.4, 0.4, 0.4, 0.4, 0.4, 0. , 2. ]],

       [[1.4, 0. , 1.3, 0. , 0. , 0. , 0.5, 0. , 0.5],
        [0. , 1. , 0. , 0. , 0. , 0. , 0. , 0.4, 0. ],
        [0. , 0. , 0. , 0. , 0. , 0. , 0. , 0. , 0.6],
        [8.2, 0. , 0. , 0. , 0. , 0.2, 0. , 0. , 0.7],
        [8.2, 0. , 0. , 0. , 0. , 0. , 0. , 0. , 0.7],
        [8.2, 0. , 0. , 0. , 0. , 2. , 0. , 0. , 0.7],
        [0.9, 0. , 0. , 0. , 0. , 0. , 0. , 0. , 0. ],
        [0. , 0.4, 0. , 0. , 0. , 0. , 0. , 0.7, 0. ],
        [1. , 0. , 0. , 0.5, 0.5, 0.5, 0.5, 0. , 0.9]],

       [[1. , 0. , 0. , 0. , 0. , 0. , 0.3, 0. , 0.1],
        [0. , 1. , 0. , 0. , 0. , 0. , 0. , 0. , 0. ],
        [0. , 0. , 0. , 0. , 0. , 0. , 0. , 0. , 0. ],
        [4. , 0. , 0. , 0. , 0. , 0. , 0. , 0. , 0.2],
        [4. , 0. , 0. , 0. , 0. , 0. , 0. , 0. , 0.2],
        [4. , 0. , 0. , 0. , 0. , 0.8, 0. , 0. , 0.2],
        [0.6, 0. , 0. , 0. , 0. , 0. , 0. , 0. , 0. ],
        [0. , 0. , 0. , 0. , 0. , 0. , 0. , 0.3, 0. ],
        [0.5, 0. , 0. , 0. , 0. , 0. , 0.1, 0. , 0.4]],

       [[0. , 0. , 1. , 0. , 0. , 0. , 0. , 0. , 0.2],
        [0. , 0. , 0. , 0. , 0. , 0. , 0. , 0.2, 0. ],
        [0. , 0. , 0. , 0. , 0. , 0. , 0. , 0. , 0.3],
        [1.6, 0. , 0. , 0. , 0. , 0. , 0. , 0. , 0.5],
        [1.6, 0. , 0. , 0. , 0. , 0. , 0. , 0. , 0.5],
        [1.6, 0. , 0. , 0. , 0. , 0.5, 0. , 0. , 0.5],
        [0.1, 0. , 0. , 0. , 0. , 0. , 0. , 0. , 0. ],
        [0. , 0.4, 0. , 0. , 0. , 0. , 0. , 0.4, 0. ],
        [0. , 0. , 0. , 0.5, 0.5, 0.5, 0.3, 0. , 0.4]],

       [[0.3, 0. , 0.3, 0. , 0. , 0. , 0.2, 0. , 0.1],
        [0. , 0. , 0. , 0. , 0. , 0. , 0. , 0.2, 0. ],
        [0. , 0. , 0. , 0. , 0. , 0. , 0. , 0. , 0.3],
        [2.6, 0. , 0. , 0. , 0. , 0.2, 0. , 0. , 0. ],
        [2.6, 0. , 0. , 0. , 0. , 0. , 0. , 0. , 0. ],
        [2.6, 0. , 0. , 0. , 0. , 0.7, 0. , 0. , 0. ],
        [0.2, 0. , 0. , 0. , 0. , 0. , 0. , 0. , 0. ],
        [0. , 0. , 0. , 0. , 0. , 0. , 0. , 0. , 0. ],
        [0.4, 0. , 0. , 0. , 0. , 0. , 0.1, 0. , 0. ]],

       [[0. , 0. , 0. , 0. , 0. , 0. , 0. , 0. , 0. ],
        [0. , 0. , 0. , 0. , 0. , 0. , 0. , 0. , 0. ],
        [0. , 0. , 0. , 0. , 0. , 0. , 0. , 0. , 0. ],
        [0. , 0. , 0. , 0. , 0. , 0. , 0. , 0. , 0. ],
        [0. , 0. , 0. , 0. , 0. , 0. , 0. , 0. , 0. ],
        [0. , 0. , 0. , 0. , 0. , 0. , 0. , 0. , 0. ],
        [0. , 0. , 0. , 0. , 0. , 0. , 0. , 0. , 0. ],
        [0. , 0. , 0. , 0. , 0. , 0. , 0. , 0. , 0. ],
        [0. , 0. , 0. , 0. , 0. , 0. , 0. , 0. , 0. ]]], dtype=float32),
                 move_feats=[array([7.8, 2.6, 0. , 0.4, 0.2, 0. ], dtype=float32),
                             array([0. , 0. , 0. , 0.4, 0. , 1. ], dtype=float32)],
                 pi=[0.3519163763066202, 0.6480836236933798],
                 z=1.0),
 SelfPlayExample(state_tensor=array([[[1. , 0. , 1. , 1. , 1. , 1. , 1. , 0. , 1. ],
        [0. , 1. , 0. , 0. , 0. , 0. , 0. , 1. , 0. ],
        [1. , 0. , 1. , 0. , 0. , 0. , 1. , 0. , 1. ],
        [1. , 0. , 0. , 1. , 0. , 1. , 0. , 0. , 1. ],
        [1. , 0. , 0. , 0. , 1. , 0. , 0. , 0. , 1. ],
        [1. , 0. , 0. , 1. , 0. , 1. , 0. , 0. , 1. ],
        [1. , 0. , 1. , 0. , 0. , 0. , 1. , 0. , 1. ],
        [0. , 1. , 0. , 0. , 0. , 0. , 0. , 1. , 0. ],
        [1. , 0. , 1. , 1. , 1. , 1. , 1. , 0. , 1. ]],

       [[1. , 0. , 1. , 1. , 1. , 1. , 0. , 0. , 0. ],
        [0. , 1. , 0. , 0. , 0. , 0. , 0. , 0. , 0. ],
        [1. , 0. , 1. , 0. , 0. , 0. , 0. , 0. , 0. ],
        [1. , 0. , 0. , 1. , 0. , 0. , 0. , 0. , 0. ],
        [1. , 0. , 0. , 0. , 0. , 0. , 0. , 0. , 0. ],
        [1. , 0. , 0. , 0. , 0. , 0. , 0. , 0. , 0. ],
        [0. , 0. , 0. , 0. , 0. , 0. , 0. , 0. , 0. ],
        [0. , 0. , 0. , 0. , 0. , 0. , 0. , 0. , 0. ],
        [0. , 0. , 0. , 0. , 0. , 0. , 0. , 0. , 0. ]],

       [[0. , 0. , 0. , 0. , 0. , 0. , 1. , 0. , 1. ],
        [0. , 0. , 0. , 0. , 0. , 0. , 0. , 1. , 0. ],
        [0. , 0. , 0. , 0. , 0. , 0. , 0. , 0. , 0. ],
        [0. , 0. , 0. , 0. , 0. , 0. , 0. , 0. , 0. ],
        [0. , 0. , 0. , 0. , 0. , 0. , 0. , 0. , 0. ],
        [0. , 0. , 0. , 0. , 0. , 0. , 0. , 0. , 0. ],
        [0. , 0. , 0. , 0. , 0. , 0. , 0. , 0. , 0. ],
        [0. , 0. , 0. , 0. , 0. , 0. , 0. , 0. , 0. ],
        [0. , 0. , 0. , 0. , 0. , 0. , 0. , 0. , 0. ]],

       [[0. , 0. , 0. , 0. , 0. , 0. , 0. , 0. , 0. ],
        [0. , 0. , 0. , 0. , 0. , 0. , 0. , 0. , 0. ],
        [0. , 0. , 0. , 0. , 0. , 0. , 0. , 0. , 1. ],
        [0. , 0. , 0. , 0. , 0. , 0. , 0. , 0. , 1. ],
        [0. , 0. , 0. , 0. , 0. , 0. , 0. , 0. , 1. ],
        [0. , 0. , 0. , 0. , 0. , 1. , 0. , 0. , 1. ],
        [0. , 0. , 0. , 0. , 0. , 0. , 1. , 0. , 1. ],
        [0. , 0. , 0. , 0. , 0. , 0. , 0. , 1. , 0. ],
        [0. , 0. , 0. , 0. , 0. , 0. , 1. , 0. , 1. ]],

       [[0. , 0. , 0. , 0. , 0. , 0. , 0. , 0. , 0. ],
        [0. , 0. , 0. , 0. , 0. , 0. , 0. , 0. , 0. ],
        [0. , 0. , 0. , 0. , 0. , 0. , 1. , 0. , 0. ],
        [0. , 0. , 0. , 0. , 0. , 1. , 0. , 0. , 0. ],
        [0. , 0. , 0. , 0. , 1. , 0. , 0. , 0. , 0. ],
        [0. , 0. , 0. , 1. , 0. , 0. , 0. , 0. , 0. ],
        [1. , 0. , 1. , 0. , 0. , 0. , 0. , 0. , 0. ],
        [0. , 1. , 0. , 0. , 0. , 0. , 0. , 0. , 0. ],
        [1. , 0. , 1. , 1. , 1. , 1. , 0. , 0. , 0. ]],

       [[1. , 0. , 0. , 0. , 0. , 0. , 0. , 0. , 1. ],
        [0. , 0. , 0. , 0. , 0. , 0. , 0. , 0. , 0. ],
        [0. , 0. , 0. , 0. , 0. , 0. , 0. , 0. , 0. ],
        [0. , 0. , 0. , 0. , 0. , 0. , 0. , 0. , 0. ],
        [0. , 0. , 0. , 0. , 0. , 0. , 0. , 0. , 0. ],
        [0. , 0. , 0. , 0. , 0. , 0. , 0. , 0. , 0. ],
        [0. , 0. , 0. , 0. , 0. , 0. , 0. , 0. , 0. ],
        [0. , 0. , 0. , 0. , 0. , 0. , 0. , 0. , 0. ],
        [1. , 0. , 0. , 0. , 0. , 0. , 0. , 0. , 1. ]],

       [[2. , 0. , 0.4, 0.4, 0.4, 0.4, 0.4, 0. , 2. ],
        [0. , 0.4, 0. , 0. , 0. , 0. , 0. , 0.4, 0. ],
        [0.4, 0. , 0.4, 0. , 0. , 0. , 0.4, 0. , 0.4],
        [0.4, 0. , 0. , 0.4, 0. , 0.4, 0. , 0. , 0.4],
        [0.4, 0. , 0. , 0. , 3. , 0. , 0. , 0. , 0.4],
        [0.4, 0. , 0. , 0.4, 0. , 0.4, 0. , 0. , 0.4],
        [0.4, 0. , 0.4, 0. , 0. , 0. , 0.4, 0. , 0.4],
        [0. , 0.4, 0. , 0. , 0. , 0. , 0. , 0.4, 0. ],
        [2. , 0. , 0.4, 0.4, 0.4, 0.4, 0.4, 0. , 2. ]],

       [[0.9, 0. , 1.3, 1.1, 1.1, 1.1, 0. , 0. , 0.5],
        [0. , 1. , 0. , 0. , 0. , 0. , 0. , 0.3, 0. ],
        [0. , 0. , 0. , 0. , 0. , 0. , 0.2, 0. , 0.5],
        [8.2, 0. , 0. , 0. , 0. , 0. , 0. , 0. , 0. ],
        [8.2, 0. , 0. , 0. , 0. , 0. , 0. , 0. , 0. ],
        [8.2, 0. , 0. , 0. , 0. , 2. , 0. , 0. , 0. ],
        [1.7, 0. , 0. , 0. , 0. , 0. , 0. , 0. , 0. ],
        [0. , 0.5, 0. , 0. , 0. , 0. , 0. , 0.8, 0. ],
        [1.1, 0. , 0. , 0.5, 0.5, 0.5, 1.2, 0. , 0.7]],

       [[0.6, 0. , 1. , 0. , 0. , 0. , 0. , 0. , 0. ],
        [0. , 1. , 0. , 0. , 0. , 0. , 0. , 0.1, 0. ],
        [0. , 0. , 0. , 0. , 0. , 0. , 0. , 0. , 0. ],
        [4. , 0. , 0. , 0. , 0. , 0. , 0. , 0. , 0. ],
        [4. , 0. , 0. , 0. , 0. , 0. , 0. , 0. , 0. ],
        [4. , 0. , 0. , 0. , 0. , 0.8, 0. , 0. , 0. ],
        [0.6, 0. , 0. , 0. , 0. , 0. , 0. , 0. , 0. ],
        [0. , 0.5, 0. , 0. , 0. , 0. , 0. , 0.4, 0. ],
        [0.5, 0. , 0. , 0. , 0. , 0. , 0.4, 0. , 0.2]],

       [[0. , 0. , 0. , 0.9, 0.9, 0.9, 0. , 0. , 0.4],
        [0. , 0. , 0. , 0. , 0. , 0. , 0. , 0.2, 0. ],
        [0. , 0. , 0. , 0. , 0. , 0. , 0. , 0. , 0.5],
        [1.6, 0. , 0. , 0. , 0. , 0. , 0. , 0. , 0. ],
        [1.6, 0. , 0. , 0. , 0. , 0. , 0. , 0. , 0. ],
        [1.6, 0. , 0. , 0. , 0. , 0.5, 0. , 0. , 0. ],
        [0.5, 0. , 0. , 0. , 0. , 0. , 0. , 0. , 0. ],
        [0. , 0. , 0. , 0. , 0. , 0. , 0. , 0.4, 0. ],
        [0.1, 0. , 0. , 0.5, 0.5, 0.5, 0.7, 0. , 0. ]],

       [[0.2, 0. , 0.3, 0.2, 0.2, 0.2, 0. , 0. , 0. ],
        [0. , 0. , 0. , 0. , 0. , 0. , 0. , 0. , 0. ],
        [0. , 0. , 0. , 0. , 0. , 0. , 0.2, 0. , 0. ],
        [2.6, 0. , 0. , 0. , 0. , 0. , 0. , 0. , 0. ],
        [2.6, 0. , 0. , 0. , 0. , 0. , 0. , 0. , 0. ],
        [2.6, 0. , 0. , 0. , 0. , 0.7, 0. , 0. , 0. ],
        [0.6, 0. , 0. , 0. , 0. , 0. , 0. , 0. , 0. ],
        [0. , 0. , 0. , 0. , 0. , 0. , 0. , 0. , 0. ],
        [0.4, 0. , 0. , 0. , 0. , 0. , 0.1, 0. , 0.4]],

       [[0. , 0. , 0. , 0. , 0. , 0. , 0. , 0. , 0. ],
        [0. , 0. , 0. , 0. , 0. , 0. , 0. , 0. , 0. ],
        [0. , 0. , 0. , 0. , 0. , 0. , 0. , 0. , 0. ],
        [0. , 0. , 0. , 0. , 0. , 0. , 0. , 0. , 0. ],
        [0. , 0. , 0. , 0. , 0. , 0. , 0. , 0. , 0. ],
        [0. , 0. , 0. , 0. , 0. , 0. , 0. , 0. , 0. ],
        [0. , 0. , 0. , 0. , 0. , 0. , 0. , 0. , 0. ],
        [0. , 0. , 0. , 0. , 0. , 0. , 0. , 0. , 0. ],
        [0. , 0. , 0. , 0. , 0. , 0. , 0. , 0. , 0. ]]], dtype=float32),
                 move_feats=[array([16.6,  8.2,  0. ,  0.4,  0.6,  0. ], dtype=float32),
                             array([11. ,  4.2,  0. ,  0.4,  0.4,  0. ], dtype=float32),
                             array([7.8, 2.6, 0. , 0.4, 0.2, 0. ], dtype=float32),
                             array([0. , 0. , 0. , 0.4, 0. , 1. ], dtype=float32)],
                 pi=[0.28492849284928495,
                     0.26512651265126513,
                     0.19911991199119913,
                     0.2508250825082508],
                 z=1.0),
 SelfPlayExample(state_tensor=array([[[1. , 0. , 1. , 1. , 1. , 1. , 1. , 0. , 1. ],
        [0. , 1. , 0. , 0. , 0. , 0. , 0. , 1. , 0. ],
        [1. , 0. , 1. , 0. , 0. , 0. , 1. , 0. , 1. ],
        [1. , 0. , 0. , 1. , 0. , 1. , 0. , 0. , 1. ],
        [1. , 0. , 0. , 0. , 1. , 0. , 0. , 0. , 1. ],
        [1. , 0. , 0. , 1. , 0. , 1. , 0. , 0. , 1. ],
        [1. , 0. , 1. , 0. , 0. , 0. , 1. , 0. , 1. ],
        [0. , 1. , 0. , 0. , 0. , 0. , 0. , 1. , 0. ],
        [1. , 0. , 1. , 1. , 1. , 1. , 1. , 0. , 1. ]],

       [[1. , 0. , 1. , 1. , 1. , 1. , 0. , 0. , 0. ],
        [0. , 1. , 0. , 0. , 0. , 0. , 0. , 0. , 0. ],
        [1. , 0. , 1. , 0. , 0. , 0. , 0. , 0. , 0. ],
        [1. , 0. , 0. , 1. , 0. , 0. , 0. , 0. , 0. ],
        [1. , 0. , 0. , 0. , 0. , 0. , 0. , 0. , 0. ],
        [1. , 0. , 0. , 0. , 0. , 0. , 0. , 0. , 0. ],
        [1. , 0. , 0. , 0. , 0. , 0. , 0. , 0. , 0. ],
        [0. , 0. , 0. , 0. , 0. , 0. , 0. , 0. , 0. ],
        [0. , 0. , 0. , 0. , 0. , 0. , 0. , 0. , 0. ]],

       [[0. , 0. , 0. , 0. , 0. , 0. , 1. , 0. , 1. ],
        [0. , 0. , 0. , 0. , 0. , 0. , 0. , 1. , 0. ],
        [0. , 0. , 0. , 0. , 0. , 0. , 0. , 0. , 0. ],
        [0. , 0. , 0. , 0. , 0. , 0. , 0. , 0. , 0. ],
        [0. , 0. , 0. , 0. , 0. , 0. , 0. , 0. , 0. ],
        [0. , 0. , 0. , 0. , 0. , 0. , 0. , 0. , 0. ],
        [0. , 0. , 0. , 0. , 0. , 0. , 0. , 0. , 0. ],
        [0. , 0. , 0. , 0. , 0. , 0. , 0. , 0. , 0. ],
        [0. , 0. , 0. , 0. , 0. , 0. , 0. , 0. , 0. ]],

       [[0. , 0. , 0. , 0. , 0. , 0. , 0. , 0. , 0. ],
        [0. , 0. , 0. , 0. , 0. , 0. , 0. , 0. , 0. ],
        [0. , 0. , 0. , 0. , 0. , 0. , 0. , 0. , 1. ],
        [0. , 0. , 0. , 0. , 0. , 0. , 0. , 0. , 1. ],
        [0. , 0. , 0. , 0. , 0. , 0. , 0. , 0. , 1. ],
        [0. , 0. , 0. , 0. , 0. , 1. , 0. , 0. , 1. ],
        [0. , 0. , 0. , 0. , 0. , 0. , 1. , 0. , 1. ],
        [0. , 0. , 0. , 0. , 0. , 0. , 0. , 1. , 0. ],
        [0. , 0. , 0. , 1. , 1. , 1. , 1. , 0. , 1. ]],

       [[0. , 0. , 0. , 0. , 0. , 0. , 0. , 0. , 0. ],
        [0. , 0. , 0. , 0. , 0. , 0. , 0. , 0. , 0. ],
        [0. , 0. , 0. , 0. , 0. , 0. , 1. , 0. , 0. ],
        [0. , 0. , 0. , 0. , 0. , 1. , 0. , 0. , 0. ],
        [0. , 0. , 0. , 0. , 1. , 0. , 0. , 0. , 0. ],
        [0. , 0. , 0. , 1. , 0. , 0. , 0. , 0. , 0. ],
        [0. , 0. , 1. , 0. , 0. , 0. , 0. , 0. , 0. ],
        [0. , 1. , 0. , 0. , 0. , 0. , 0. , 0. , 0. ],
        [1. , 0. , 1. , 0. , 0. , 0. , 0. , 0. , 0. ]],

       [[1. , 0. , 0. , 0. , 0. , 0. , 0. , 0. , 1. ],
        [0. , 0. , 0. , 0. , 0. , 0. , 0. , 0. , 0. ],
        [0. , 0. , 0. , 0. , 0. , 0. , 0. , 0. , 0. ],
        [0. , 0. , 0. , 0. , 0. , 0. , 0. , 0. , 0. ],
        [0. , 0. , 0. , 0. , 0. , 0. , 0. , 0. , 0. ],
        [0. , 0. , 0. , 0. , 0. , 0. , 0. , 0. , 0. ],
        [0. , 0. , 0. , 0. , 0. , 0. , 0. , 0. , 0. ],
        [0. , 0. , 0. , 0. , 0. , 0. , 0. , 0. , 0. ],
        [1. , 0. , 0. , 0. , 0. , 0. , 0. , 0. , 1. ]],

       [[2. , 0. , 0.4, 0.4, 0.4, 0.4, 0.4, 0. , 2. ],
        [0. , 0.4, 0. , 0. , 0. , 0. , 0. , 0.4, 0. ],
        [0.4, 0. , 0.4, 0. , 0. , 0. , 0.4, 0. , 0.4],
        [0.4, 0. , 0. , 0.4, 0. , 0.4, 0. , 0. , 0.4],
        [0.4, 0. , 0. , 0. , 3. , 0. , 0. , 0. , 0.4],
        [0.4, 0. , 0. , 0.4, 0. , 0.4, 0. , 0. , 0.4],
        [0.4, 0. , 0.4, 0. , 0. , 0. , 0.4, 0. , 0.4],
        [0. , 0.4, 0. , 0. , 0. , 0. , 0. , 0.4, 0. ],
        [2. , 0. , 0.4, 0.4, 0.4, 0.4, 0.4, 0. , 2. ]],

       [[0.7, 0. , 1.2, 2.4, 2.4, 2.4, 0. , 0. , 0.5],
        [0. , 0.6, 0. , 0. , 0. , 0. , 0. , 0.4, 0. ],
        [0. , 0. , 0. , 0. , 0. , 0. , 0.2, 0. , 0.5],
        [0. , 0. , 0. , 0. , 0. , 0. , 0. , 0. , 0. ],
        [0. , 0. , 0. , 0. , 0. , 0. , 0. , 0. , 0. ],
        [0. , 0. , 0. , 0. , 0. , 2. , 0. , 0. , 0. ],
        [7.8, 0. , 0. , 0. , 0. , 0. , 0. , 0. , 0. ],
        [0. , 1.5, 0. , 0. , 0. , 0. , 0. , 0.2, 0. ],
        [1.1, 0. , 0. , 0.9, 0.9, 0.9, 1.2, 0. , 0.6]],

       [[0. , 0. , 1. , 1. , 1. , 1. , 0. , 0. , 0.2],
        [0. , 0.6, 0. , 0. , 0. , 0. , 0. , 0. , 0. ],
        [0. , 0. , 0. , 0. , 0. , 0. , 0. , 0. , 0. ],
        [0. , 0. , 0. , 0. , 0. , 0. , 0. , 0. , 0. ],
        [0. , 0. , 0. , 0. , 0. , 0. , 0. , 0. , 0. ],
        [0. , 0. , 0. , 0. , 0. , 0.8, 0. , 0. , 0. ],
        [3.6, 0. , 0. , 0. , 0. , 0. , 0. , 0. , 0. ],
        [0. , 1. , 0. , 0. , 0. , 0. , 0. , 0.2, 0. ],
        [0.4, 0. , 0. , 0.1, 0.1, 0.1, 0.4, 0. , 0. ]],

       [[0.4, 0. , 0. , 0.9, 0.9, 0.9, 0. , 0. , 0. ],
        [0. , 0. , 0. , 0. , 0. , 0. , 0. , 0.4, 0. ],
        [0. , 0. , 0. , 0. , 0. , 0. , 0. , 0. , 0.5],
        [0. , 0. , 0. , 0. , 0. , 0. , 0. , 0. , 0. ],
        [0. , 0. , 0. , 0. , 0. , 0. , 0. , 0. , 0. ],
        [0. , 0. , 0. , 0. , 0. , 0.5, 0. , 0. , 0. ],
        [1.6, 0. , 0. , 0. , 0. , 0. , 0. , 0. , 0. ],
        [0. , 0.1, 0. , 0. , 0. , 0. , 0. , 0. , 0. ],
        [0.1, 0. , 0. , 0.7, 0.7, 0.7, 0.4, 0. , 0.1]],

       [[0.2, 0. , 0.2, 0.5, 0.5, 0.5, 0. , 0. , 0.2],
        [0. , 0. , 0. , 0. , 0. , 0. , 0. , 0. , 0. ],
        [0. , 0. , 0. , 0. , 0. , 0. , 0.2, 0. , 0. ],
        [0. , 0. , 0. , 0. , 0. , 0. , 0. , 0. , 0. ],
        [0. , 0. , 0. , 0. , 0. , 0. , 0. , 0. , 0. ],
        [0. , 0. , 0. , 0. , 0. , 0.7, 0. , 0. , 0. ],
        [2.6, 0. , 0. , 0. , 0. , 0. , 0. , 0. , 0. ],
        [0. , 0.4, 0. , 0. , 0. , 0. , 0. , 0. , 0. ],
        [0.5, 0. , 0. , 0.1, 0.1, 0.1, 0.4, 0. , 0.4]],

       [[0. , 0. , 0. , 0. , 0. , 0. , 0. , 0. , 0. ],
        [0. , 0. , 0. , 0. , 0. , 0. , 0. , 0. , 0. ],
        [0. , 0. , 0. , 0. , 0. , 0. , 0. , 0. , 0. ],
        [0. , 0. , 0. , 0. , 0. , 0. , 0. , 0. , 0. ],
        [0. , 0. , 0. , 0. , 0. , 0. , 0. , 0. , 0. ],
        [0. , 0. , 0. , 0. , 0. , 0. , 0. , 0. , 0. ],
        [0. , 0. , 0. , 0. , 0. , 0. , 0. , 0. , 0. ],
        [0. , 0. , 0. , 0. , 0. , 0. , 0. , 0. , 0. ],
        [0. , 0. , 0. , 0. , 0. , 0. , 0. , 0. , 0. ]]], dtype=float32),
                 move_feats=[array([11. ,  4.2,  0. ,  0.4,  0.4,  0. ], dtype=float32),
                             array([7.8, 2.6, 0. , 0.4, 0.2, 0. ], dtype=float32),
                             array([0. , 0. , 0. , 0.4, 0. , 1. ], dtype=float32)],
                 pi=[0.25390218522372526,
                     0.2684703433922997,
                     0.47762747138397504],
                 z=1.0),
 SelfPlayExample(state_tensor=array([[[1. , 0. , 1. , 1. , 1. , 1. , 1. , 0. , 1. ],
        [0. , 1. , 0. , 0. , 0. , 0. , 0. , 1. , 0. ],
        [1. , 0. , 1. , 0. , 0. , 0. , 1. , 0. , 1. ],
        [1. , 0. , 0. , 1. , 0. , 1. , 0. , 0. , 1. ],
        [1. , 0. , 0. , 0. , 1. , 0. , 0. , 0. , 1. ],
        [1. , 0. , 0. , 1. , 0. , 1. , 0. , 0. , 1. ],
        [1. , 0. , 1. , 0. , 0. , 0. , 1. , 0. , 1. ],
        [0. , 1. , 0. , 0. , 0. , 0. , 0. , 1. , 0. ],
        [1. , 0. , 1. , 1. , 1. , 1. , 1. , 0. , 1. ]],

       [[1. , 0. , 1. , 1. , 1. , 1. , 0. , 0. , 0. ],
        [0. , 1. , 0. , 0. , 0. , 0. , 0. , 0. , 0. ],
        [1. , 0. , 1. , 0. , 0. , 0. , 0. , 0. , 0. ],
        [1. , 0. , 0. , 1. , 0. , 0. , 0. , 0. , 0. ],
        [1. , 0. , 0. , 0. , 0. , 0. , 0. , 0. , 0. ],
        [1. , 0. , 0. , 0. , 0. , 0. , 0. , 0. , 0. ],
        [1. , 0. , 0. , 0. , 0. , 0. , 0. , 0. , 0. ],
        [0. , 0. , 0. , 0. , 0. , 0. , 0. , 0. , 0. ],
        [0. , 0. , 0. , 0. , 0. , 0. , 0. , 0. , 0. ]],

       [[0. , 0. , 0. , 0. , 0. , 0. , 1. , 0. , 1. ],
        [0. , 0. , 0. , 0. , 0. , 0. , 0. , 1. , 0. ],
        [0. , 0. , 0. , 0. , 0. , 0. , 0. , 0. , 1. ],
        [0. , 0. , 0. , 0. , 0. , 0. , 0. , 0. , 0. ],
        [0. , 0. , 0. , 0. , 0. , 0. , 0. , 0. , 0. ],
        [0. , 0. , 0. , 0. , 0. , 0. , 0. , 0. , 0. ],
        [0. , 0. , 0. , 0. , 0. , 0. , 0. , 0. , 0. ],
        [0. , 0. , 0. , 0. , 0. , 0. , 0. , 0. , 0. ],
        [0. , 0. , 0. , 0. , 0. , 0. , 0. , 0. , 0. ]],

       [[0. , 0. , 0. , 0. , 0. , 0. , 0. , 0. , 0. ],
        [0. , 0. , 0. , 0. , 0. , 0. , 0. , 0. , 0. ],
        [0. , 0. , 0. , 0. , 0. , 0. , 0. , 0. , 0. ],
        [0. , 0. , 0. , 0. , 0. , 0. , 0. , 0. , 1. ],
        [0. , 0. , 0. , 0. , 0. , 0. , 0. , 0. , 1. ],
        [0. , 0. , 0. , 0. , 0. , 1. , 0. , 0. , 1. ],
        [0. , 0. , 0. , 0. , 0. , 0. , 1. , 0. , 1. ],
        [0. , 0. , 0. , 0. , 0. , 0. , 0. , 1. , 0. ],
        [0. , 0. , 0. , 1. , 1. , 1. , 1. , 0. , 1. ]],

       [[0. , 0. , 0. , 0. , 0. , 0. , 0. , 0. , 0. ],
        [0. , 0. , 0. , 0. , 0. , 0. , 0. , 0. , 0. ],
        [0. , 0. , 0. , 0. , 0. , 0. , 1. , 0. , 0. ],
        [0. , 0. , 0. , 0. , 0. , 1. , 0. , 0. , 0. ],
        [0. , 0. , 0. , 0. , 1. , 0. , 0. , 0. , 0. ],
        [0. , 0. , 0. , 1. , 0. , 0. , 0. , 0. , 0. ],
        [0. , 0. , 1. , 0. , 0. , 0. , 0. , 0. , 0. ],
        [0. , 1. , 0. , 0. , 0. , 0. , 0. , 0. , 0. ],
        [1. , 0. , 1. , 0. , 0. , 0. , 0. , 0. , 0. ]],

       [[1. , 0. , 0. , 0. , 0. , 0. , 0. , 0. , 1. ],
        [0. , 0. , 0. , 0. , 0. , 0. , 0. , 0. , 0. ],
        [0. , 0. , 0. , 0. , 0. , 0. , 0. , 0. , 0. ],
        [0. , 0. , 0. , 0. , 0. , 0. , 0. , 0. , 0. ],
        [0. , 0. , 0. , 0. , 0. , 0. , 0. , 0. , 0. ],
        [0. , 0. , 0. , 0. , 0. , 0. , 0. , 0. , 0. ],
        [0. , 0. , 0. , 0. , 0. , 0. , 0. , 0. , 0. ],
        [0. , 0. , 0. , 0. , 0. , 0. , 0. , 0. , 0. ],
        [1. , 0. , 0. , 0. , 0. , 0. , 0. , 0. , 1. ]],

       [[2. , 0. , 0.4, 0.4, 0.4, 0.4, 0.4, 0. , 2. ],
        [0. , 0.4, 0. , 0. , 0. , 0. , 0. , 0.4, 0. ],
        [0.4, 0. , 0.4, 0. , 0. , 0. , 0.4, 0. , 0.4],
        [0.4, 0. , 0. , 0.4, 0. , 0.4, 0. , 0. , 0.4],
        [0.4, 0. , 0. , 0. , 3. , 0. , 0. , 0. , 0.4],
        [0.4, 0. , 0. , 0.4, 0. , 0.4, 0. , 0. , 0.4],
        [0.4, 0. , 0.4, 0. , 0. , 0. , 0.4, 0. , 0.4],
        [0. , 0.4, 0. , 0. , 0. , 0. , 0. , 0.4, 0. ],
        [2. , 0. , 0.4, 0.4, 0.4, 0.4, 0.4, 0. , 2. ]],

       [[0.8, 0. , 0.8, 3.6, 3.6, 3.6, 0. , 0. , 0.5],
        [0. , 0.4, 0. , 0. , 0. , 0. , 0. , 0.2, 0. ],
        [0. , 0. , 0. , 0. , 0. , 0. , 0.2, 0. , 0.4],
        [0. , 0. , 0. , 0. , 0. , 0. , 0. , 0. , 0. ],
        [0. , 0. , 0. , 0. , 0. , 0. , 0. , 0. , 0. ],
        [0. , 0. , 0. , 0. , 0. , 2. , 0. , 0. , 0. ],
        [7.8, 0. , 0. , 0. , 0. , 0. , 0. , 0. , 0.6],
        [0. , 0.5, 0. , 0. , 0. , 0. , 0. , 0.1, 0. ],
        [1.2, 0. , 1.5, 0.8, 0.8, 0.8, 0. , 0. , 0.7]],

       [[0.4, 0. , 0.6, 2. , 2. , 2. , 0. , 0. , 0.3],
        [0. , 0. , 0. , 0. , 0. , 0. , 0. , 0.2, 0. ],
        [0. , 0. , 0. , 0. , 0. , 0. , 0. , 0. , 0. ],
        [0. , 0. , 0. , 0. , 0. , 0. , 0. , 0. , 0. ],
        [0. , 0. , 0. , 0. , 0. , 0. , 0. , 0. , 0. ],
        [0. , 0. , 0. , 0. , 0. , 0.8, 0. , 0. , 0. ],
        [3.6, 0. , 0. , 0. , 0. , 0. , 0. , 0. , 0.2],
        [0. , 0.4, 0. , 0. , 0. , 0. , 0. , 0. , 0. ],
        [0.8, 0. , 0.5, 0.4, 0.4, 0.4, 0. , 0. , 0.2]],

       [[0.1, 0. , 0. , 0.9, 0.9, 0.9, 0. , 0. , 0. ],
        [0. , 0.4, 0. , 0. , 0. , 0. , 0. , 0. , 0. ],
        [0. , 0. , 0. , 0. , 0. , 0. , 0. , 0. , 0.2],
        [0. , 0. , 0. , 0. , 0. , 0. , 0. , 0. , 0. ],
        [0. , 0. , 0. , 0. , 0. , 0. , 0. , 0. , 0. ],
        [0. , 0. , 0. , 0. , 0. , 0.5, 0. , 0. , 0. ],
        [1.6, 0. , 0. , 0. , 0. , 0. , 0. , 0. , 0. ],
        [0. , 0.1, 0. , 0. , 0. , 0. , 0. , 0.1, 0. ],
        [0.2, 0. , 0.1, 0.4, 0.4, 0.4, 0. , 0. , 0. ]],

       [[0.2, 0. , 0.2, 0.7, 0.7, 0.7, 0. , 0. , 0.1],
        [0. , 0. , 0. , 0. , 0. , 0. , 0. , 0. , 0. ],
        [0. , 0. , 0. , 0. , 0. , 0. , 0.2, 0. , 0.2],
        [0. , 0. , 0. , 0. , 0. , 0. , 0. , 0. , 0. ],
        [0. , 0. , 0. , 0. , 0. , 0. , 0. , 0. , 0. ],
        [0. , 0. , 0. , 0. , 0. , 0.7, 0. , 0. , 0. ],
        [2.6, 0. , 0. , 0. , 0. , 0. , 0. , 0. , 0.4],
        [0. , 0. , 0. , 0. , 0. , 0. , 0. , 0. , 0. ],
        [0.1, 0. , 0.9, 0. , 0. , 0. , 0. , 0. , 0.4]],

       [[0. , 0. , 0. , 0. , 0. , 0. , 0. , 0. , 0. ],
        [0. , 0. , 0. , 0. , 0. , 0. , 0. , 0. , 0. ],
        [0. , 0. , 0. , 0. , 0. , 0. , 0. , 0. , 0. ],
        [0. , 0. , 0. , 0. , 0. , 0. , 0. , 0. , 0. ],
        [0. , 0. , 0. , 0. , 0. , 0. , 0. , 0. , 0. ],
        [0. , 0. , 0. , 0. , 0. , 0. , 0. , 0. , 0. ],
        [0. , 0. , 0. , 0. , 0. , 0. , 0. , 0. , 0. ],
        [0. , 0. , 0. , 0. , 0. , 0. , 0. , 0. , 0. ],
        [0. , 0. , 0. , 0. , 0. , 0. , 0. , 0. , 0. ]]], dtype=float32),
                 move_feats=[array([7.8, 2.6, 0. , 0.4, 0.2, 0. ], dtype=float32),
                             array([0. , 0. , 0. , 0.4, 0. , 1. ], dtype=float32)],
                 pi=[0.6342794759825328, 0.36572052401746724],
                 z=1.0),
 SelfPlayExample(state_tensor=array([[[1. , 0. , 1. , 1. , 1. , 1. , 1. , 0. , 1. ],
        [0. , 1. , 0. , 0. , 0. , 0. , 0. , 1. , 0. ],
        [1. , 0. , 1. , 0. , 0. , 0. , 1. , 0. , 1. ],
        [1. , 0. , 0. , 1. , 0. , 1. , 0. , 0. , 1. ],
        [1. , 0. , 0. , 0. , 1. , 0. , 0. , 0. , 1. ],
        [1. , 0. , 0. , 1. , 0. , 1. , 0. , 0. , 1. ],
        [1. , 0. , 1. , 0. , 0. , 0. , 1. , 0. , 1. ],
        [0. , 1. , 0. , 0. , 0. , 0. , 0. , 1. , 0. ],
        [1. , 0. , 1. , 1. , 1. , 1. , 1. , 0. , 1. ]],

       [[1. , 0. , 1. , 1. , 1. , 1. , 0. , 0. , 0. ],
        [0. , 1. , 0. , 0. , 0. , 0. , 0. , 0. , 0. ],
        [1. , 0. , 1. , 0. , 0. , 0. , 0. , 0. , 0. ],
        [1. , 0. , 0. , 1. , 0. , 0. , 0. , 0. , 0. ],
        [1. , 0. , 0. , 0. , 0. , 0. , 0. , 0. , 0. ],
        [1. , 0. , 0. , 0. , 0. , 0. , 0. , 0. , 0. ],
        [1. , 0. , 0. , 0. , 0. , 0. , 0. , 0. , 0. ],
        [0. , 1. , 0. , 0. , 0. , 0. , 0. , 0. , 0. ],
        [0. , 0. , 0. , 0. , 0. , 0. , 0. , 0. , 0. ]],

       [[0. , 0. , 0. , 0. , 0. , 0. , 1. , 0. , 1. ],
        [0. , 0. , 0. , 0. , 0. , 0. , 0. , 1. , 0. ],
        [0. , 0. , 0. , 0. , 0. , 0. , 1. , 0. , 1. ],
        [0. , 0. , 0. , 0. , 0. , 0. , 0. , 0. , 0. ],
        [0. , 0. , 0. , 0. , 0. , 0. , 0. , 0. , 0. ],
        [0. , 0. , 0. , 0. , 0. , 0. , 0. , 0. , 0. ],
        [0. , 0. , 0. , 0. , 0. , 0. , 0. , 0. , 0. ],
        [0. , 0. , 0. , 0. , 0. , 0. , 0. , 0. , 0. ],
        [0. , 0. , 0. , 0. , 0. , 0. , 0. , 0. , 0. ]],

       [[0. , 0. , 0. , 0. , 0. , 0. , 0. , 0. , 0. ],
        [0. , 0. , 0. , 0. , 0. , 0. , 0. , 0. , 0. ],
        [0. , 0. , 0. , 0. , 0. , 0. , 0. , 0. , 0. ],
        [0. , 0. , 0. , 0. , 0. , 0. , 0. , 0. , 1. ],
        [0. , 0. , 0. , 0. , 0. , 0. , 0. , 0. , 1. ],
        [0. , 0. , 0. , 0. , 0. , 1. , 0. , 0. , 1. ],
        [0. , 0. , 0. , 0. , 0. , 0. , 1. , 0. , 1. ],
        [0. , 0. , 0. , 0. , 0. , 0. , 0. , 1. , 0. ],
        [0. , 0. , 0. , 0. , 0. , 0. , 1. , 0. , 1. ]],

       [[0. , 0. , 0. , 0. , 0. , 0. , 0. , 0. , 0. ],
        [0. , 0. , 0. , 0. , 0. , 0. , 0. , 0. , 0. ],
        [0. , 0. , 0. , 0. , 0. , 0. , 0. , 0. , 0. ],
        [0. , 0. , 0. , 0. , 0. , 1. , 0. , 0. , 0. ],
        [0. , 0. , 0. , 0. , 1. , 0. , 0. , 0. , 0. ],
        [0. , 0. , 0. , 1. , 0. , 0. , 0. , 0. , 0. ],
        [0. , 0. , 1. , 0. , 0. , 0. , 0. , 0. , 0. ],
        [0. , 0. , 0. , 0. , 0. , 0. , 0. , 0. , 0. ],
        [1. , 0. , 1. , 1. , 1. , 1. , 0. , 0. , 0. ]],

       [[1. , 0. , 0. , 0. , 0. , 0. , 0. , 0. , 1. ],
        [0. , 0. , 0. , 0. , 0. , 0. , 0. , 0. , 0. ],
        [0. , 0. , 0. , 0. , 0. , 0. , 0. , 0. , 0. ],
        [0. , 0. , 0. , 0. , 0. , 0. , 0. , 0. , 0. ],
        [0. , 0. , 0. , 0. , 0. , 0. , 0. , 0. , 0. ],
        [0. , 0. , 0. , 0. , 0. , 0. , 0. , 0. , 0. ],
        [0. , 0. , 0. , 0. , 0. , 0. , 0. , 0. , 0. ],
        [0. , 0. , 0. , 0. , 0. , 0. , 0. , 0. , 0. ],
        [1. , 0. , 0. , 0. , 0. , 0. , 0. , 0. , 1. ]],

       [[2. , 0. , 0.4, 0.4, 0.4, 0.4, 0.4, 0. , 2. ],
        [0. , 0.4, 0. , 0. , 0. , 0. , 0. , 0.4, 0. ],
        [0.4, 0. , 0.4, 0. , 0. , 0. , 0.4, 0. , 0.4],
        [0.4, 0. , 0. , 0.4, 0. , 0.4, 0. , 0. , 0.4],
        [0.4, 0. , 0. , 0. , 3. , 0. , 0. , 0. , 0.4],
        [0.4, 0. , 0. , 0.4, 0. , 0.4, 0. , 0. , 0.4],
        [0.4, 0. , 0.4, 0. , 0. , 0. , 0.4, 0. , 0.4],
        [0. , 0.4, 0. , 0. , 0. , 0. , 0. , 0.4, 0. ],
        [2. , 0. , 0.4, 0.4, 0.4, 0.4, 0.4, 0. , 2. ]],

       [[0.7, 0. , 0.6, 4.4, 4.4, 4.4, 0. , 0. , 0.5],
        [0. , 0.5, 0. , 0. , 0. , 0. , 0. , 0.3, 0. ],
        [0. , 0. , 0. , 0. , 0. , 0. , 0.5, 0. , 0. ],
        [0. , 0. , 0. , 0. , 0. , 0. , 0. , 0. , 0.6],
        [0. , 0. , 0. , 0. , 0. , 0. , 0. , 0. , 0.6],
        [0. , 0. , 0. , 0. , 0. , 2. , 0. , 0. , 0.6],
        [0. , 0. , 0. , 0. , 0. , 0. , 0. , 0. , 0. ],
        [0. , 7.7, 0. , 0. , 0. , 0. , 0. , 0.2, 0. ],
        [2. , 0. , 0.1, 0.7, 0.7, 0.7, 0.5, 0. , 0.7]],

       [[0.1, 0. , 0. , 2.6, 2.6, 2.6, 0. , 0. , 0.2],
        [0. , 0.4, 0. , 0. , 0. , 0. , 0. , 0.3, 0. ],
        [0. , 0. , 0. , 0. , 0. , 0. , 0.2, 0. , 0. ],
        [0. , 0. , 0. , 0. , 0. , 0. , 0. , 0. , 0.2],
        [0. , 0. , 0. , 0. , 0. , 0. , 0. , 0. , 0.2],
        [0. , 0. , 0. , 0. , 0. , 0.8, 0. , 0. , 0.2],
        [0. , 0. , 0. , 0. , 0. , 0. , 0. , 0. , 0. ],
        [0. , 3.6, 0. , 0. , 0. , 0. , 0. , 0.2, 0. ],
        [0.8, 0. , 0. , 0. , 0. , 0. , 0. , 0. , 0.1]],

       [[0.2, 0. , 0.4, 0.9, 0.9, 0.9, 0. , 0. , 0. ],
        [0. , 0.1, 0. , 0. , 0. , 0. , 0. , 0. , 0. ],
        [0. , 0. , 0. , 0. , 0. , 0. , 0. , 0. , 0. ],
        [0. , 0. , 0. , 0. , 0. , 0. , 0. , 0. , 0. ],
        [0. , 0. , 0. , 0. , 0. , 0. , 0. , 0. , 0. ],
        [0. , 0. , 0. , 0. , 0. , 0.5, 0. , 0. , 0. ],
        [0. , 0. , 0. , 0. , 0. , 0. , 0. , 0. , 0. ],
        [0. , 1.6, 0. , 0. , 0. , 0. , 0. , 0. , 0. ],
        [0.5, 0. , 0.1, 0. , 0. , 0. , 0.1, 0. , 0.2]],

       [[0.3, 0. , 0.2, 0.9, 0.9, 0.9, 0. , 0. , 0.2],
        [0. , 0. , 0. , 0. , 0. , 0. , 0. , 0. , 0. ],
        [0. , 0. , 0. , 0. , 0. , 0. , 0.3, 0. , 0. ],
        [0. , 0. , 0. , 0. , 0. , 0. , 0. , 0. , 0.4],
        [0. , 0. , 0. , 0. , 0. , 0. , 0. , 0. , 0.4],
        [0. , 0. , 0. , 0. , 0. , 0.7, 0. , 0. , 0.4],
        [0. , 0. , 0. , 0. , 0. , 0. , 0. , 0. , 0. ],
        [0. , 2.5, 0. , 0. , 0. , 0. , 0. , 0. , 0. ],
        [0.6, 0. , 0. , 0.7, 0.7, 0.7, 0.4, 0. , 0.3]],

       [[0. , 0. , 0. , 0. , 0. , 0. , 0. , 0. , 0. ],
        [0. , 0. , 0. , 0. , 0. , 0. , 0. , 0. , 0. ],
        [0. , 0. , 0. , 0. , 0. , 0. , 0. , 0. , 0. ],
        [0. , 0. , 0. , 0. , 0. , 0. , 0. , 0. , 0. ],
        [0. , 0. , 0. , 0. , 0. , 0. , 0. , 0. , 0. ],
        [0. , 0. , 0. , 0. , 0. , 0. , 0. , 0. , 0. ],
        [0. , 0. , 0. , 0. , 0. , 0. , 0. , 0. , 0. ],
        [0. , 0. , 0. , 0. , 0. , 0. , 0. , 0. , 0. ],
        [0. , 0. , 0. , 0. , 0. , 0. , 0. , 0. , 0. ]]], dtype=float32),
                 move_feats=[array([15.9,  7.7,  1. ,  2. ,  0.6,  0. ], dtype=float32),
                             array([10.7,  4.1,  1. ,  2. ,  0.4,  0. ], dtype=float32),
                             array([7.5, 2.5, 1. , 2. , 0.2, 0. ], dtype=float32),
                             array([0., 0., 1., 2., 0., 1.], dtype=float32)],
                 pi=[0.16150740242261102,
                     0.22072678331090176,
                     0.40242261103633914,
                     0.21534320323014805],
                 z=1.0),
 SelfPlayExample(state_tensor=array([[[1. , 0. , 1. , 1. , 1. , 1. , 1. , 0. , 1. ],
        [0. , 1. , 0. , 0. , 0. , 0. , 0. , 1. , 0. ],
        [1. , 0. , 1. , 0. , 0. , 0. , 1. , 0. , 1. ],
        [1. , 0. , 0. , 1. , 0. , 1. , 0. , 0. , 1. ],
        [1. , 0. , 0. , 0. , 1. , 0. , 0. , 0. , 1. ],
        [1. , 0. , 0. , 1. , 0. , 1. , 0. , 0. , 1. ],
        [1. , 0. , 1. , 0. , 0. , 0. , 1. , 0. , 1. ],
        [0. , 1. , 0. , 0. , 0. , 0. , 0. , 1. , 0. ],
        [1. , 0. , 1. , 1. , 1. , 1. , 1. , 0. , 1. ]],

       [[1. , 0. , 1. , 1. , 1. , 1. , 0. , 0. , 0. ],
        [0. , 1. , 0. , 0. , 0. , 0. , 0. , 0. , 0. ],
        [1. , 0. , 1. , 0. , 0. , 0. , 0. , 0. , 0. ],
        [1. , 0. , 0. , 1. , 0. , 0. , 0. , 0. , 0. ],
        [1. , 0. , 0. , 0. , 0. , 0. , 0. , 0. , 0. ],
        [1. , 0. , 0. , 0. , 0. , 0. , 0. , 0. , 0. ],
        [1. , 0. , 1. , 0. , 0. , 0. , 0. , 0. , 0. ],
        [0. , 1. , 0. , 0. , 0. , 0. , 0. , 0. , 0. ],
        [1. , 0. , 0. , 0. , 0. , 0. , 0. , 0. , 0. ]],

       [[0. , 0. , 0. , 0. , 0. , 0. , 1. , 0. , 1. ],
        [0. , 0. , 0. , 0. , 0. , 0. , 0. , 1. , 0. ],
        [0. , 0. , 0. , 0. , 0. , 0. , 1. , 0. , 1. ],
        [0. , 0. , 0. , 0. , 0. , 0. , 0. , 0. , 0. ],
        [0. , 0. , 0. , 0. , 0. , 0. , 0. , 0. , 0. ],
        [0. , 0. , 0. , 0. , 0. , 0. , 0. , 0. , 0. ],
        [0. , 0. , 0. , 0. , 0. , 0. , 0. , 0. , 0. ],
        [0. , 0. , 0. , 0. , 0. , 0. , 0. , 0. , 0. ],
        [0. , 0. , 0. , 0. , 0. , 0. , 0. , 0. , 0. ]],

       [[0. , 0. , 0. , 0. , 0. , 0. , 0. , 0. , 0. ],
        [0. , 0. , 0. , 0. , 0. , 0. , 0. , 0. , 0. ],
        [0. , 0. , 0. , 0. , 0. , 0. , 0. , 0. , 0. ],
        [0. , 0. , 0. , 0. , 0. , 0. , 0. , 0. , 1. ],
        [0. , 0. , 0. , 0. , 0. , 0. , 0. , 0. , 1. ],
        [0. , 0. , 0. , 0. , 0. , 1. , 0. , 0. , 1. ],
        [0. , 0. , 0. , 0. , 0. , 0. , 1. , 0. , 1. ],
        [0. , 0. , 0. , 0. , 0. , 0. , 0. , 1. , 0. ],
        [0. , 0. , 0. , 1. , 1. , 1. , 1. , 0. , 1. ]],

       [[0. , 0. , 0. , 0. , 0. , 0. , 0. , 0. , 0. ],
        [0. , 0. , 0. , 0. , 0. , 0. , 0. , 0. , 0. ],
        [0. , 0. , 0. , 0. , 0. , 0. , 0. , 0. , 0. ],
        [0. , 0. , 0. , 0. , 0. , 1. , 0. , 0. , 0. ],
        [0. , 0. , 0. , 0. , 1. , 0. , 0. , 0. , 0. ],
        [0. , 0. , 0. , 1. , 0. , 0. , 0. , 0. , 0. ],
        [0. , 0. , 0. , 0. , 0. , 0. , 0. , 0. , 0. ],
        [0. , 0. , 0. , 0. , 0. , 0. , 0. , 0. , 0. ],
        [0. , 0. , 1. , 0. , 0. , 0. , 0. , 0. , 0. ]],

       [[1. , 0. , 0. , 0. , 0. , 0. , 0. , 0. , 1. ],
        [0. , 0. , 0. , 0. , 0. , 0. , 0. , 0. , 0. ],
        [0. , 0. , 0. , 0. , 0. , 0. , 0. , 0. , 0. ],
        [0. , 0. , 0. , 0. , 0. , 0. , 0. , 0. , 0. ],
        [0. , 0. , 0. , 0. , 0. , 0. , 0. , 0. , 0. ],
        [0. , 0. , 0. , 0. , 0. , 0. , 0. , 0. , 0. ],
        [0. , 0. , 0. , 0. , 0. , 0. , 0. , 0. , 0. ],
        [0. , 0. , 0. , 0. , 0. , 0. , 0. , 0. , 0. ],
        [1. , 0. , 0. , 0. , 0. , 0. , 0. , 0. , 1. ]],

       [[2. , 0. , 0.4, 0.4, 0.4, 0.4, 0.4, 0. , 2. ],
        [0. , 0.4, 0. , 0. , 0. , 0. , 0. , 0.4, 0. ],
        [0.4, 0. , 0.4, 0. , 0. , 0. , 0.4, 0. , 0.4],
        [0.4, 0. , 0. , 0.4, 0. , 0.4, 0. , 0. , 0.4],
        [0.4, 0. , 0. , 0. , 3. , 0. , 0. , 0. , 0.4],
        [0.4, 0. , 0. , 0.4, 0. , 0.4, 0. , 0. , 0.4],
        [0.4, 0. , 0.4, 0. , 0. , 0. , 0.4, 0. , 0.4],
        [0. , 0.4, 0. , 0. , 0. , 0. , 0. , 0.4, 0. ],
        [2. , 0. , 0.4, 0.4, 0.4, 0.4, 0.4, 0. , 2. ]],

       [[0.9, 0. , 0.8, 5. , 5. , 5. , 0. , 0. , 0.7],
        [0. , 0.3, 0. , 0. , 0. , 0. , 0. , 0.2, 0. ],
        [0. , 0. , 0. , 0. , 0. , 0. , 0.5, 0. , 0.3],
        [0. , 0. , 0. , 0. , 0. , 0. , 0. , 0. , 0.1],
        [0. , 0. , 0. , 0. , 0. , 0. , 0. , 0. , 0.1],
        [0. , 0. , 0. , 0. , 0. , 2. , 0. , 0. , 0.1],
        [0. , 0. , 1.6, 0. , 0. , 0. , 0. , 0. , 0. ],
        [0. , 3.6, 0. , 0. , 0. , 0. , 0. , 0.3, 0. ],
        [1.7, 0. , 0. , 0.1, 0.1, 0.1, 0.5, 0. , 0.7]],

       [[0.4, 0. , 0.4, 2.6, 2.6, 2.6, 0. , 0. , 0.5],
        [0. , 0.1, 0. , 0. , 0. , 0. , 0. , 0.2, 0. ],
        [0. , 0. , 0. , 0. , 0. , 0. , 0.2, 0. , 0.1],
        [0. , 0. , 0. , 0. , 0. , 0. , 0. , 0. , 0. ],
        [0. , 0. , 0. , 0. , 0. , 0. , 0. , 0. , 0. ],
        [0. , 0. , 0. , 0. , 0. , 0.8, 0. , 0. , 0. ],
        [0. , 0. , 0. , 0. , 0. , 0. , 0. , 0. , 0. ],
        [0. , 3.6, 0. , 0. , 0. , 0. , 0. , 0.1, 0. ],
        [0. , 0. , 0. , 0. , 0. , 0. , 0.2, 0. , 0.1]],

       [[0.4, 0. , 0.1, 1.3, 1.3, 1.3, 0. , 0. , 0. ],
        [0. , 0.2, 0. , 0. , 0. , 0. , 0. , 0. , 0. ],
        [0. , 0. , 0. , 0. , 0. , 0. , 0. , 0. , 0. ],
        [0. , 0. , 0. , 0. , 0. , 0. , 0. , 0. , 0. ],
        [0. , 0. , 0. , 0. , 0. , 0. , 0. , 0. , 0. ],
        [0. , 0. , 0. , 0. , 0. , 0.5, 0. , 0. , 0. ],
        [0. , 0. , 1.6, 0. , 0. , 0. , 0. , 0. , 0. ],
        [0. , 0. , 0. , 0. , 0. , 0. , 0. , 0.2, 0. ],
        [0. , 0. , 0. , 0. , 0. , 0. , 0. , 0. , 0.4]],

       [[0. , 0. , 0.3, 1.1, 1.1, 1.1, 0. , 0. , 0.1],
        [0. , 0. , 0. , 0. , 0. , 0. , 0. , 0. , 0. ],
        [0. , 0. , 0. , 0. , 0. , 0. , 0.3, 0. , 0.2],
        [0. , 0. , 0. , 0. , 0. , 0. , 0. , 0. , 0.1],
        [0. , 0. , 0. , 0. , 0. , 0. , 0. , 0. , 0.1],
        [0. , 0. , 0. , 0. , 0. , 0.7, 0. , 0. , 0.1],
        [0. , 0. , 0. , 0. , 0. , 0. , 0. , 0. , 0. ],
        [0. , 0. , 0. , 0. , 0. , 0. , 0. , 0. , 0. ],
        [1.6, 0. , 0. , 0.1, 0.1, 0.1, 0.3, 0. , 0.1]],

       [[0. , 0. , 0. , 0. , 0. , 0. , 0. , 0. , 0. ],
        [0. , 0. , 0. , 0. , 0. , 0. , 0. , 0. , 0. ],
        [0. , 0. , 0. , 0. , 0. , 0. , 0. , 0. , 0. ],
        [0. , 0. , 0. , 0. , 0. , 0. , 0. , 0. , 0. ],
        [0. , 0. , 0. , 0. , 0. , 0. , 0. , 0. , 0. ],
        [0. , 0. , 0. , 0. , 0. , 0. , 0. , 0. , 0. ],
        [0. , 0. , 0. , 0. , 0. , 0. , 0. , 0. , 0. ],
        [0. , 0. , 0. , 0. , 0. , 0. , 0. , 0. , 0. ],
        [0. , 0. , 0. , 0. , 0. , 0. , 0. , 0. , 0. ]]], dtype=float32),
                 move_feats=[array([3.6, 3.6, 0. , 0.4, 0.2, 0. ], dtype=float32),
                             array([0. , 0. , 0. , 0.4, 0. , 1. ], dtype=float32)],
                 pi=[0.5169769989047097, 0.4830230010952902],
                 z=1.0),
 SelfPlayExample(state_tensor=array([[[1. , 0. , 1. , 1. , 1. , 1. , 1. , 0. , 1. ],
        [0. , 1. , 0. , 0. , 0. , 0. , 0. , 1. , 0. ],
        [1. , 0. , 1. , 0. , 0. , 0. , 1. , 0. , 1. ],
        [1. , 0. , 0. , 1. , 0. , 1. , 0. , 0. , 1. ],
        [1. , 0. , 0. , 0. , 1. , 0. , 0. , 0. , 1. ],
        [1. , 0. , 0. , 1. , 0. , 1. , 0. , 0. , 1. ],
        [1. , 0. , 1. , 0. , 0. , 0. , 1. , 0. , 1. ],
        [0. , 1. , 0. , 0. , 0. , 0. , 0. , 1. , 0. ],
        [1. , 0. , 1. , 1. , 1. , 1. , 1. , 0. , 1. ]],

       [[1. , 0. , 1. , 1. , 1. , 1. , 1. , 0. , 0. ],
        [0. , 1. , 0. , 0. , 0. , 0. , 0. , 0. , 0. ],
        [1. , 0. , 1. , 0. , 0. , 0. , 0. , 0. , 0. ],
        [1. , 0. , 0. , 1. , 0. , 0. , 0. , 0. , 0. ],
        [1. , 0. , 0. , 0. , 0. , 0. , 0. , 0. , 0. ],
        [1. , 0. , 0. , 0. , 0. , 0. , 0. , 0. , 0. ],
        [1. , 0. , 1. , 0. , 0. , 0. , 0. , 0. , 0. ],
        [0. , 1. , 0. , 0. , 0. , 0. , 0. , 0. , 0. ],
        [1. , 0. , 1. , 0. , 0. , 0. , 0. , 0. , 0. ]],

       [[0. , 0. , 0. , 0. , 0. , 0. , 0. , 0. , 1. ],
        [0. , 0. , 0. , 0. , 0. , 0. , 0. , 1. , 0. ],
        [0. , 0. , 0. , 0. , 0. , 0. , 1. , 0. , 1. ],
        [0. , 0. , 0. , 0. , 0. , 1. , 0. , 0. , 1. ],
        [0. , 0. , 0. , 0. , 0. , 0. , 0. , 0. , 1. ],
        [0. , 0. , 0. , 0. , 0. , 0. , 0. , 0. , 1. ],
        [0. , 0. , 0. , 0. , 0. , 0. , 0. , 0. , 0. ],
        [0. , 0. , 0. , 0. , 0. , 0. , 0. , 0. , 0. ],
        [0. , 0. , 0. , 0. , 0. , 0. , 0. , 0. , 0. ]],

       [[0. , 0. , 0. , 0. , 0. , 0. , 0. , 0. , 0. ],
        [0. , 0. , 0. , 0. , 0. , 0. , 0. , 0. , 0. ],
        [0. , 0. , 0. , 0. , 0. , 0. , 0. , 0. , 0. ],
        [0. , 0. , 0. , 0. , 0. , 0. , 0. , 0. , 0. ],
        [0. , 0. , 0. , 0. , 1. , 0. , 0. , 0. , 0. ],
        [0. , 0. , 0. , 0. , 0. , 1. , 0. , 0. , 0. ],
        [0. , 0. , 0. , 0. , 0. , 0. , 1. , 0. , 1. ],
        [0. , 0. , 0. , 0. , 0. , 0. , 0. , 1. , 0. ],
        [0. , 0. , 0. , 1. , 1. , 1. , 1. , 0. , 1. ]],

       [[0. , 0. , 0. , 0. , 0. , 0. , 0. , 0. , 0. ],
        [0. , 0. , 0. , 0. , 0. , 0. , 0. , 0. , 0. ],
        [0. , 0. , 0. , 0. , 0. , 0. , 0. , 0. , 0. ],
        [0. , 0. , 0. , 0. , 0. , 0. , 0. , 0. , 0. ],
        [0. , 0. , 0. , 0. , 0. , 0. , 0. , 0. , 0. ],
        [0. , 0. , 0. , 1. , 0. , 0. , 0. , 0. , 0. ],
        [0. , 0. , 0. , 0. , 0. , 0. , 0. , 0. , 0. ],
        [0. , 0. , 0. , 0. , 0. , 0. , 0. , 0. , 0. ],
        [0. , 0. , 0. , 0. , 0. , 0. , 0. , 0. , 0. ]],

       [[1. , 0. , 0. , 0. , 0. , 0. , 0. , 0. , 1. ],
        [0. , 0. , 0. , 0. , 0. , 0. , 0. , 0. , 0. ],
        [0. , 0. , 0. , 0. , 0. , 0. , 0. , 0. , 0. ],
        [0. , 0. , 0. , 0. , 0. , 0. , 0. , 0. , 0. ],
        [0. , 0. , 0. , 0. , 0. , 0. , 0. , 0. , 0. ],
        [0. , 0. , 0. , 0. , 0. , 0. , 0. , 0. , 0. ],
        [0. , 0. , 0. , 0. , 0. , 0. , 0. , 0. , 0. ],
        [0. , 0. , 0. , 0. , 0. , 0. , 0. , 0. , 0. ],
        [1. , 0. , 0. , 0. , 0. , 0. , 0. , 0. , 1. ]],

       [[2. , 0. , 0.4, 0.4, 0.4, 0.4, 0.4, 0. , 2. ],
        [0. , 0.4, 0. , 0. , 0. , 0. , 0. , 0.4, 0. ],
        [0.4, 0. , 0.4, 0. , 0. , 0. , 0.4, 0. , 0.4],
        [0.4, 0. , 0. , 0.4, 0. , 0.4, 0. , 0. , 0.4],
        [0.4, 0. , 0. , 0. , 3. , 0. , 0. , 0. , 0.4],
        [0.4, 0. , 0. , 0.4, 0. , 0.4, 0. , 0. , 0.4],
        [0.4, 0. , 0.4, 0. , 0. , 0. , 0.4, 0. , 0.4],
        [0. , 0.4, 0. , 0. , 0. , 0. , 0. , 0.4, 0. ],
        [2. , 0. , 0.4, 0.4, 0.4, 0.4, 0.4, 0. , 2. ]],

       [[1.1, 0. , 0. , 0.5, 0.5, 0.5, 5.3, 0. , 0.5],
        [0. , 0.8, 0. , 0. , 0. , 0. , 0. , 1. , 0. ],
        [0. , 0. , 0.3, 0. , 0. , 0. , 0. , 0. , 0. ],
        [0. , 0. , 0. , 0. , 0. , 0.3, 0. , 0. , 0.3],
        [0. , 0. , 0. , 0. , 2. , 0. , 0. , 0. , 0.3],
        [0. , 0. , 0. , 0. , 0. , 0. , 0. , 0. , 0.3],
        [0. , 0. , 1.6, 0. , 0. , 0. , 0. , 0. , 0.7],
        [0. , 0. , 0. , 0. , 0. , 0. , 0. , 0.5, 0. ],
        [1.1, 0. , 5.2, 0.3, 0.3, 0.3, 0. , 0. , 0.7]],

       [[0. , 0. , 0. , 0.4, 0.4, 0.4, 2.6, 0. , 0. ],
        [0. , 0.4, 0. , 0. , 0. , 0. , 0. , 0.9, 0. ],
        [0. , 0. , 0.1, 0. , 0. , 0. , 0. , 0. , 0. ],
        [0. , 0. , 0. , 0. , 0. , 0. , 0. , 0. , 0.1],
        [0. , 0. , 0. , 0. , 0.8, 0. , 0. , 0. , 0.1],
        [0. , 0. , 0. , 0. , 0. , 0. , 0. , 0. , 0.1],
        [0. , 0. , 0. , 0. , 0. , 0. , 0. , 0. , 0.1],
        [0. , 0. , 0. , 0. , 0. , 0. , 0. , 0.1, 0. ],
        [0.6, 0. , 3.6, 0.2, 0.2, 0.2, 0. , 0. , 0.2]],

       [[0.9, 0. , 0. , 0.1, 0.1, 0.1, 1.3, 0. , 0.2],
        [0. , 0.4, 0. , 0. , 0. , 0. , 0. , 0. , 0. ],
        [0. , 0. , 0.2, 0. , 0. , 0. , 0. , 0. , 0. ],
        [0. , 0. , 0. , 0. , 0. , 0. , 0. , 0. , 0. ],
        [0. , 0. , 0. , 0. , 0.5, 0. , 0. , 0. , 0. ],
        [0. , 0. , 0. , 0. , 0. , 0. , 0. , 0. , 0. ],
        [0. , 0. , 1.6, 0. , 0. , 0. , 0. , 0. , 0.2],
        [0. , 0. , 0. , 0. , 0. , 0. , 0. , 0.4, 0. ],
        [0.4, 0. , 0. , 0. , 0. , 0. , 0. , 0. , 0.2]],

       [[0.1, 0. , 0. , 0. , 0. , 0. , 1.4, 0. , 0.2],
        [0. , 0. , 0. , 0. , 0. , 0. , 0. , 0.1, 0. ],
        [0. , 0. , 0. , 0. , 0. , 0. , 0. , 0. , 0. ],
        [0. , 0. , 0. , 0. , 0. , 0.3, 0. , 0. , 0.2],
        [0. , 0. , 0. , 0. , 0.7, 0. , 0. , 0. , 0.2],
        [0. , 0. , 0. , 0. , 0. , 0. , 0. , 0. , 0.2],
        [0. , 0. , 0. , 0. , 0. , 0. , 0. , 0. , 0.4],
        [0. , 0. , 0. , 0. , 0. , 0. , 0. , 0. , 0. ],
        [0. , 0. , 1.6, 0.1, 0.1, 0.1, 0. , 0. , 0.2]],

       [[0. , 0. , 0. , 0. , 0. , 0. , 0. , 0. , 0. ],
        [0. , 0. , 0. , 0. , 0. , 0. , 0. , 0. , 0. ],
        [0. , 0. , 0. , 0. , 0. , 0. , 0. , 0. , 0. ],
        [0. , 0. , 0. , 0. , 0. , 0. , 0. , 0. , 0. ],
        [0. , 0. , 0. , 0. , 0. , 0. , 0. , 0. , 0. ],
        [0. , 0. , 0. , 0. , 0. , 0. , 0. , 0. , 0. ],
        [0. , 0. , 0. , 0. , 0. , 0. , 0. , 0. , 0. ],
        [0. , 0. , 0. , 0. , 0. , 0. , 0. , 0. , 0. ],
        [0. , 0. , 0. , 0. , 0. , 0. , 0. , 0. , 0. ]]], dtype=float32),
                 move_feats=[array([10.7,  5.3,  0. ,  0.4,  0.6,  0. ], dtype=float32),
                             array([6.8, 2.7, 0. , 0.4, 0.4, 0. ], dtype=float32),
                             array([4.2, 1.4, 0. , 0.4, 0.2, 0. ], dtype=float32),
                             array([0. , 0. , 0. , 0.4, 0. , 1. ], dtype=float32)],
                 pi=[0.24608501118568232,
                     0.23042505592841164,
                     0.22371364653243847,
                     0.29977628635346754],
                 z=1.0),
 SelfPlayExample(state_tensor=array([[[1. , 0. , 1. , 1. , 1. , 1. , 1. , 0. , 1. ],
        [0. , 1. , 0. , 0. , 0. , 0. , 0. , 1. , 0. ],
        [1. , 0. , 1. , 0. , 0. , 0. , 1. , 0. , 1. ],
        [1. , 0. , 0. , 1. , 0. , 1. , 0. , 0. , 1. ],
        [1. , 0. , 0. , 0. , 1. , 0. , 0. , 0. , 1. ],
        [1. , 0. , 0. , 1. , 0. , 1. , 0. , 0. , 1. ],
        [1. , 0. , 1. , 0. , 0. , 0. , 1. , 0. , 1. ],
        [0. , 1. , 0. , 0. , 0. , 0. , 0. , 1. , 0. ],
        [1. , 0. , 1. , 1. , 1. , 1. , 1. , 0. , 1. ]],

       [[1. , 0. , 1. , 1. , 1. , 1. , 1. , 0. , 0. ],
        [0. , 1. , 0. , 0. , 0. , 0. , 0. , 0. , 0. ],
        [1. , 0. , 1. , 0. , 0. , 0. , 0. , 0. , 0. ],
        [1. , 0. , 0. , 1. , 0. , 0. , 0. , 0. , 0. ],
        [1. , 0. , 0. , 0. , 0. , 0. , 0. , 0. , 0. ],
        [1. , 0. , 0. , 0. , 0. , 0. , 0. , 0. , 0. ],
        [1. , 0. , 1. , 0. , 0. , 0. , 0. , 0. , 0. ],
        [0. , 1. , 0. , 0. , 0. , 0. , 0. , 0. , 0. ],
        [1. , 0. , 1. , 1. , 1. , 1. , 0. , 0. , 0. ]],

       [[0. , 0. , 0. , 0. , 0. , 0. , 0. , 0. , 1. ],
        [0. , 0. , 0. , 0. , 0. , 0. , 0. , 1. , 0. ],
        [0. , 0. , 0. , 0. , 0. , 0. , 1. , 0. , 1. ],
        [0. , 0. , 0. , 0. , 0. , 1. , 0. , 0. , 0. ],
        [0. , 0. , 0. , 0. , 0. , 0. , 0. , 0. , 0. ],
        [0. , 0. , 0. , 0. , 0. , 0. , 0. , 0. , 0. ],
        [0. , 0. , 0. , 0. , 0. , 0. , 0. , 0. , 0. ],
        [0. , 0. , 0. , 0. , 0. , 0. , 0. , 0. , 0. ],
        [0. , 0. , 0. , 0. , 0. , 0. , 0. , 0. , 0. ]],

       [[0. , 0. , 0. , 0. , 0. , 0. , 0. , 0. , 0. ],
        [0. , 0. , 0. , 0. , 0. , 0. , 0. , 0. , 0. ],
        [0. , 0. , 0. , 0. , 0. , 0. , 0. , 0. , 0. ],
        [0. , 0. , 0. , 0. , 0. , 0. , 0. , 0. , 1. ],
        [0. , 0. , 0. , 0. , 1. , 0. , 0. , 0. , 1. ],
        [0. , 0. , 0. , 1. , 0. , 1. , 0. , 0. , 1. ],
        [0. , 0. , 0. , 0. , 0. , 0. , 1. , 0. , 1. ],
        [0. , 0. , 0. , 0. , 0. , 0. , 0. , 1. , 0. ],
        [0. , 0. , 0. , 0. , 0. , 0. , 1. , 0. , 1. ]],

       [[0. , 0. , 0. , 0. , 0. , 0. , 0. , 0. , 0. ],
        [0. , 0. , 0. , 0. , 0. , 0. , 0. , 0. , 0. ],
        [0. , 0. , 0. , 0. , 0. , 0. , 0. , 0. , 0. ],
        [0. , 0. , 0. , 0. , 0. , 0. , 0. , 0. , 0. ],
        [0. , 0. , 0. , 0. , 0. , 0. , 0. , 0. , 0. ],
        [0. , 0. , 0. , 0. , 0. , 0. , 0. , 0. , 0. ],
        [0. , 0. , 0. , 0. , 0. , 0. , 0. , 0. , 0. ],
        [0. , 0. , 0. , 0. , 0. , 0. , 0. , 0. , 0. ],
        [0. , 0. , 0. , 0. , 0. , 0. , 0. , 0. , 0. ]],

       [[1. , 0. , 0. , 0. , 0. , 0. , 0. , 0. , 1. ],
        [0. , 0. , 0. , 0. , 0. , 0. , 0. , 0. , 0. ],
        [0. , 0. , 0. , 0. , 0. , 0. , 0. , 0. , 0. ],
        [0. , 0. , 0. , 0. , 0. , 0. , 0. , 0. , 0. ],
        [0. , 0. , 0. , 0. , 0. , 0. , 0. , 0. , 0. ],
        [0. , 0. , 0. , 0. , 0. , 0. , 0. , 0. , 0. ],
        [0. , 0. , 0. , 0. , 0. , 0. , 0. , 0. , 0. ],
        [0. , 0. , 0. , 0. , 0. , 0. , 0. , 0. , 0. ],
        [1. , 0. , 0. , 0. , 0. , 0. , 0. , 0. , 1. ]],

       [[2. , 0. , 0.4, 0.4, 0.4, 0.4, 0.4, 0. , 2. ],
        [0. , 0.4, 0. , 0. , 0. , 0. , 0. , 0.4, 0. ],
        [0.4, 0. , 0.4, 0. , 0. , 0. , 0.4, 0. , 0.4],
        [0.4, 0. , 0. , 0.4, 0. , 0.4, 0. , 0. , 0.4],
        [0.4, 0. , 0. , 0. , 3. , 0. , 0. , 0. , 0.4],
        [0.4, 0. , 0. , 0.4, 0. , 0.4, 0. , 0. , 0.4],
        [0.4, 0. , 0.4, 0. , 0. , 0. , 0.4, 0. , 0.4],
        [0. , 0.4, 0. , 0. , 0. , 0. , 0. , 0.4, 0. ],
        [2. , 0. , 0.4, 0.4, 0.4, 0.4, 0.4, 0. , 2. ]],

       [[0.2, 0. , 0. , 0. , 0. , 0. , 5.8, 0. , 0.6],
        [0. , 0.9, 0. , 0. , 0. , 0. , 0. , 1.4, 0. ],
        [0. , 0. , 0.9, 0. , 0. , 0. , 0. , 0. , 0. ],
        [0. , 0. , 0. , 0.3, 0. , 0.3, 0. , 0. , 0.6],
        [0. , 0. , 0. , 0. , 0. , 0. , 0. , 0. , 0.6],
        [0. , 0. , 0. , 1.4, 0. , 0. , 0. , 0. , 0.6],
        [0. , 0. , 0. , 0. , 0. , 0. , 0. , 0. , 0. ],
        [0. , 1. , 0. , 0. , 0. , 0. , 0. , 0.4, 0. ],
        [1.1, 0. , 0. , 5.2, 5.2, 5.2, 0.7, 0. , 1.1]],

       [[0. , 0. , 0. , 0. , 0. , 0. , 3. , 0. , 0. ],
        [0. , 0. , 0. , 0. , 0. , 0. , 0. , 0.9, 0. ],
        [0. , 0. , 0.4, 0. , 0. , 0. , 0. , 0. , 0. ],
        [0. , 0. , 0. , 0.1, 0. , 0. , 0. , 0. , 0.1],
        [0. , 0. , 0. , 0. , 0. , 0. , 0. , 0. , 0.1],
        [0. , 0. , 0. , 0.2, 0. , 0. , 0. , 0. , 0.1],
        [0. , 0. , 0. , 0. , 0. , 0. , 0. , 0. , 0. ],
        [0. , 0.6, 0. , 0. , 0. , 0. , 0. , 0.2, 0. ],
        [0.4, 0. , 0. , 3.6, 3.6, 3.6, 0.1, 0. , 0.4]],

       [[0. , 0. , 0. , 0. , 0. , 0. , 1.4, 0. , 0.5],
        [0. , 0.9, 0. , 0. , 0. , 0. , 0. , 0.2, 0. ],
        [0. , 0. , 0.4, 0. , 0. , 0. , 0. , 0. , 0. ],
        [0. , 0. , 0. , 0.2, 0. , 0. , 0. , 0. , 0.1],
        [0. , 0. , 0. , 0. , 0. , 0. , 0. , 0. , 0.1],
        [0. , 0. , 0. , 0.5, 0. , 0. , 0. , 0. , 0.1],
        [0. , 0. , 0. , 0. , 0. , 0. , 0. , 0. , 0. ],
        [0. , 0.4, 0. , 0. , 0. , 0. , 0. , 0.2, 0. ],
        [0.3, 0. , 0. , 0. , 0. , 0. , 0.4, 0. , 0.5]],

       [[0.1, 0. , 0. , 0. , 0. , 0. , 1.4, 0. , 0. ],
        [0. , 0. , 0. , 0. , 0. , 0. , 0. , 0.3, 0. ],
        [0. , 0. , 0.1, 0. , 0. , 0. , 0. , 0. , 0. ],
        [0. , 0. , 0. , 0. , 0. , 0.3, 0. , 0. , 0.4],
        [0. , 0. , 0. , 0. , 0. , 0. , 0. , 0. , 0.4],
        [0. , 0. , 0. , 0.7, 0. , 0. , 0. , 0. , 0.4],
        [0. , 0. , 0. , 0. , 0. , 0. , 0. , 0. , 0. ],
        [0. , 0. , 0. , 0. , 0. , 0. , 0. , 0. , 0. ],
        [0.3, 0. , 0. , 1.6, 1.6, 1.6, 0.2, 0. , 0.1]],

       [[0. , 0. , 0. , 0. , 0. , 0. , 0. , 0. , 0. ],
        [0. , 0. , 0. , 0. , 0. , 0. , 0. , 0. , 0. ],
        [0. , 0. , 0. , 0. , 0. , 0. , 0. , 0. , 0. ],
        [0. , 0. , 0. , 0. , 0. , 0. , 0. , 0. , 0. ],
        [0. , 0. , 0. , 0. , 0. , 0. , 0. , 0. , 0. ],
        [0. , 0. , 0. , 0. , 0. , 0. , 0. , 0. , 0. ],
        [0. , 0. , 0. , 0. , 0. , 0. , 0. , 0. , 0. ],
        [0. , 0. , 0. , 0. , 0. , 0. , 0. , 0. , 0. ],
        [0. , 0. , 0. , 0. , 0. , 0. , 0. , 0. , 0. ]]], dtype=float32),
                 move_feats=[array([11.4,  5.8,  0. ,  0.4,  0.6,  0. ], dtype=float32),
                             array([7. , 2.8, 0. , 0.4, 0.4, 0. ], dtype=float32),
                             array([4.2, 1.4, 0. , 0.4, 0.2, 0. ], dtype=float32),
                             array([0. , 0. , 0. , 0.4, 0. , 1. ], dtype=float32)],
                 pi=[0.14814814814814814,
                     0.18518518518518517,
                     0.25925925925925924,
                     0.4074074074074074],
                 z=1.0),
 SelfPlayExample(state_tensor=array([[[1. , 0. , 1. , 1. , 1. , 1. , 1. , 0. , 1. ],
        [0. , 1. , 0. , 0. , 0. , 0. , 0. , 1. , 0. ],
        [1. , 0. , 1. , 0. , 0. , 0. , 1. , 0. , 1. ],
        [1. , 0. , 0. , 1. , 0. , 1. , 0. , 0. , 1. ],
        [1. , 0. , 0. , 0. , 1. , 0. , 0. , 0. , 1. ],
        [1. , 0. , 0. , 1. , 0. , 1. , 0. , 0. , 1. ],
        [1. , 0. , 1. , 0. , 0. , 0. , 1. , 0. , 1. ],
        [0. , 1. , 0. , 0. , 0. , 0. , 0. , 1. , 0. ],
        [1. , 0. , 1. , 1. , 1. , 1. , 1. , 0. , 1. ]],

       [[1. , 0. , 1. , 1. , 1. , 1. , 1. , 0. , 0. ],
        [0. , 1. , 0. , 0. , 0. , 0. , 0. , 0. , 0. ],
        [1. , 0. , 1. , 0. , 0. , 0. , 0. , 0. , 0. ],
        [1. , 0. , 0. , 1. , 0. , 0. , 0. , 0. , 0. ],
        [1. , 0. , 0. , 0. , 0. , 0. , 0. , 0. , 0. ],
        [1. , 0. , 0. , 0. , 0. , 0. , 0. , 0. , 0. ],
        [1. , 0. , 1. , 0. , 0. , 0. , 0. , 0. , 0. ],
        [0. , 1. , 0. , 0. , 0. , 0. , 0. , 0. , 0. ],
        [1. , 0. , 1. , 1. , 1. , 1. , 1. , 0. , 0. ]],

       [[0. , 0. , 0. , 0. , 0. , 0. , 0. , 0. , 1. ],
        [0. , 0. , 0. , 0. , 0. , 0. , 0. , 1. , 0. ],
        [0. , 0. , 0. , 0. , 0. , 0. , 1. , 0. , 0. ],
        [0. , 0. , 0. , 0. , 0. , 1. , 0. , 0. , 0. ],
        [0. , 0. , 0. , 0. , 0. , 0. , 0. , 0. , 0. ],
        [0. , 0. , 0. , 0. , 0. , 0. , 0. , 0. , 0. ],
        [0. , 0. , 0. , 0. , 0. , 0. , 0. , 0. , 0. ],
        [0. , 0. , 0. , 0. , 0. , 0. , 0. , 0. , 0. ],
        [0. , 0. , 0. , 0. , 0. , 0. , 0. , 0. , 0. ]],

       [[0. , 0. , 0. , 0. , 0. , 0. , 0. , 0. , 0. ],
        [0. , 0. , 0. , 0. , 0. , 0. , 0. , 0. , 0. ],
        [0. , 0. , 0. , 0. , 0. , 0. , 0. , 0. , 1. ],
        [0. , 0. , 0. , 0. , 0. , 0. , 0. , 0. , 1. ],
        [0. , 0. , 0. , 0. , 1. , 0. , 0. , 0. , 1. ],
        [0. , 0. , 0. , 1. , 0. , 1. , 0. , 0. , 1. ],
        [0. , 0. , 0. , 0. , 0. , 0. , 1. , 0. , 1. ],
        [0. , 0. , 0. , 0. , 0. , 0. , 0. , 1. , 0. ],
        [0. , 0. , 0. , 0. , 0. , 0. , 0. , 0. , 1. ]],

       [[0. , 0. , 0. , 0. , 0. , 0. , 0. , 0. , 0. ],
        [0. , 0. , 0. , 0. , 0. , 0. , 0. , 0. , 0. ],
        [0. , 0. , 0. , 0. , 0. , 0. , 0. , 0. , 0. ],
        [0. , 0. , 0. , 0. , 0. , 0. , 0. , 0. , 0. ],
        [0. , 0. , 0. , 0. , 0. , 0. , 0. , 0. , 0. ],
        [0. , 0. , 0. , 0. , 0. , 0. , 0. , 0. , 0. ],
        [0. , 0. , 0. , 0. , 0. , 0. , 0. , 0. , 0. ],
        [0. , 0. , 0. , 0. , 0. , 0. , 0. , 0. , 0. ],
        [0. , 0. , 0. , 0. , 0. , 0. , 0. , 0. , 0. ]],

       [[1. , 0. , 0. , 0. , 0. , 0. , 0. , 0. , 1. ],
        [0. , 0. , 0. , 0. , 0. , 0. , 0. , 0. , 0. ],
        [0. , 0. , 0. , 0. , 0. , 0. , 0. , 0. , 0. ],
        [0. , 0. , 0. , 0. , 0. , 0. , 0. , 0. , 0. ],
        [0. , 0. , 0. , 0. , 0. , 0. , 0. , 0. , 0. ],
        [0. , 0. , 0. , 0. , 0. , 0. , 0. , 0. , 0. ],
        [0. , 0. , 0. , 0. , 0. , 0. , 0. , 0. , 0. ],
        [0. , 0. , 0. , 0. , 0. , 0. , 0. , 0. , 0. ],
        [1. , 0. , 0. , 0. , 0. , 0. , 0. , 0. , 1. ]],

       [[2. , 0. , 0.4, 0.4, 0.4, 0.4, 0.4, 0. , 2. ],
        [0. , 0.4, 0. , 0. , 0. , 0. , 0. , 0.4, 0. ],
        [0.4, 0. , 0.4, 0. , 0. , 0. , 0.4, 0. , 0.4],
        [0.4, 0. , 0. , 0.4, 0. , 0.4, 0. , 0. , 0.4],
        [0.4, 0. , 0. , 0. , 3. , 0. , 0. , 0. , 0.4],
        [0.4, 0. , 0. , 0.4, 0. , 0.4, 0. , 0. , 0.4],
        [0.4, 0. , 0.4, 0. , 0. , 0. , 0.4, 0. , 0.4],
        [0. , 0.4, 0. , 0. , 0. , 0. , 0. , 0.4, 0. ],
        [2. , 0. , 0.4, 0.4, 0.4, 0.4, 0.4, 0. , 2. ]],

       [[0.4, 0. , 0. , 0. , 0. , 0. , 5.8, 0. , 0.6],
        [0. , 0. , 0. , 0. , 0. , 0. , 0. , 1.6, 0. ],
        [0. , 0. , 1. , 0. , 0. , 0. , 0. , 0. , 0.5],
        [0. , 0. , 0. , 1.2, 0. , 0. , 0. , 0. , 0. ],
        [0. , 0. , 0. , 0. , 0.7, 0. , 0. , 0. , 0. ],
        [0. , 0. , 0. , 0.4, 0. , 0. , 0. , 0. , 0. ],
        [0. , 0. , 1.2, 0. , 0. , 0. , 0. , 0. , 0. ],
        [0. , 0.7, 0. , 0. , 0. , 0. , 0. , 1.4, 0. ],
        [1.1, 0. , 0. , 0. , 0. , 0. , 5.1, 0. , 1.2]],

       [[0. , 0. , 0. , 0. , 0. , 0. , 3. , 0. , 0.2],
        [0. , 0. , 0. , 0. , 0. , 0. , 0. , 0.9, 0. ],
        [0. , 0. , 0. , 0. , 0. , 0. , 0. , 0. , 0. ],
        [0. , 0. , 0. , 0.5, 0. , 0. , 0. , 0. , 0. ],
        [0. , 0. , 0. , 0. , 0. , 0. , 0. , 0. , 0. ],
        [0. , 0. , 0. , 0. , 0. , 0. , 0. , 0. , 0. ],
        [0. , 0. , 0.5, 0. , 0. , 0. , 0. , 0. , 0. ],
        [0. , 0.4, 0. , 0. , 0. , 0. , 0. , 0.6, 0. ],
        [0.6, 0. , 0. , 0. , 0. , 0. , 3.6, 0. , 0.7]],

       [[0.1, 0. , 0. , 0. , 0. , 0. , 1.4, 0. , 0.1],
        [0. , 0. , 0. , 0. , 0. , 0. , 0. , 0.7, 0. ],
        [0. , 0. , 0.9, 0. , 0. , 0. , 0. , 0. , 0.1],
        [0. , 0. , 0. , 0.6, 0. , 0. , 0. , 0. , 0. ],
        [0. , 0. , 0. , 0. , 0. , 0. , 0. , 0. , 0. ],
        [0. , 0. , 0. , 0.4, 0. , 0. , 0. , 0. , 0. ],
        [0. , 0. , 0.4, 0. , 0. , 0. , 0. , 0. , 0. ],
        [0. , 0.3, 0. , 0. , 0. , 0. , 0. , 0.7, 0. ],
        [0.4, 0. , 0. , 0. , 0. , 0. , 0. , 0. , 0.2]],

       [[0.2, 0. , 0. , 0. , 0. , 0. , 1.4, 0. , 0.2],
        [0. , 0. , 0. , 0. , 0. , 0. , 0. , 0. , 0. ],
        [0. , 0. , 0.1, 0. , 0. , 0. , 0. , 0. , 0.4],
        [0. , 0. , 0. , 0.1, 0. , 0. , 0. , 0. , 0. ],
        [0. , 0. , 0. , 0. , 0.7, 0. , 0. , 0. , 0. ],
        [0. , 0. , 0. , 0. , 0. , 0. , 0. , 0. , 0. ],
        [0. , 0. , 0.3, 0. , 0. , 0. , 0. , 0. , 0. ],
        [0. , 0. , 0. , 0. , 0. , 0. , 0. , 0.1, 0. ],
        [0. , 0. , 0. , 0. , 0. , 0. , 1.5, 0. , 0.2]],

       [[0. , 0. , 0. , 0. , 0. , 0. , 0. , 0. , 0. ],
        [0. , 0. , 0. , 0. , 0. , 0. , 0. , 0. , 0. ],
        [0. , 0. , 0. , 0. , 0. , 0. , 0. , 0. , 0. ],
        [0. , 0. , 0. , 0. , 0. , 0. , 0. , 0. , 0. ],
        [0. , 0. , 0. , 0. , 0. , 0. , 0. , 0. , 0. ],
        [0. , 0. , 0. , 0. , 0. , 0. , 0. , 0. , 0. ],
        [0. , 0. , 0. , 0. , 0. , 0. , 0. , 0. , 0. ],
        [0. , 0. , 0. , 0. , 0. , 0. , 0. , 0. , 0. ],
        [0. , 0. , 0. , 0. , 0. , 0. , 0. , 0. , 0. ]]], dtype=float32),
                 move_feats=[array([11.4,  5.8,  0. ,  0.4,  0.6,  0. ], dtype=float32),
                             array([7. , 2.8, 0. , 0.4, 0.4, 0. ], dtype=float32),
                             array([4.2, 1.4, 0. , 0.4, 0.2, 0. ], dtype=float32),
                             array([0. , 0. , 0. , 0.4, 0. , 1. ], dtype=float32)],
                 pi=[0.16666666666666666,
                     0.1919191919191919,
                     0.1919191919191919,
                     0.4494949494949495],
                 z=1.0),
 SelfPlayExample(state_tensor=array([[[1. , 0. , 1. , 1. , 1. , 1. , 1. , 0. , 1. ],
        [0. , 1. , 0. , 0. , 0. , 0. , 0. , 1. , 0. ],
        [1. , 0. , 1. , 0. , 0. , 0. , 1. , 0. , 1. ],
        [1. , 0. , 0. , 1. , 0. , 1. , 0. , 0. , 1. ],
        [1. , 0. , 0. , 0. , 1. , 0. , 0. , 0. , 1. ],
        [1. , 0. , 0. , 1. , 0. , 1. , 0. , 0. , 1. ],
        [1. , 0. , 1. , 0. , 0. , 0. , 1. , 0. , 1. ],
        [0. , 1. , 0. , 0. , 0. , 0. , 0. , 1. , 0. ],
        [1. , 0. , 1. , 1. , 1. , 1. , 1. , 0. , 1. ]],

       [[1. , 0. , 1. , 1. , 1. , 1. , 1. , 0. , 0. ],
        [0. , 1. , 0. , 0. , 0. , 0. , 0. , 0. , 0. ],
        [1. , 0. , 1. , 0. , 0. , 0. , 0. , 0. , 0. ],
        [1. , 0. , 0. , 1. , 0. , 0. , 0. , 0. , 0. ],
        [1. , 0. , 0. , 0. , 1. , 0. , 0. , 0. , 0. ],
        [1. , 0. , 0. , 0. , 0. , 0. , 0. , 0. , 0. ],
        [1. , 0. , 1. , 0. , 0. , 0. , 0. , 0. , 0. ],
        [0. , 1. , 0. , 0. , 0. , 0. , 0. , 1. , 0. ],
        [1. , 0. , 1. , 1. , 1. , 1. , 1. , 0. , 0. ]],

       [[0. , 0. , 0. , 0. , 0. , 0. , 0. , 0. , 1. ],
        [0. , 0. , 0. , 0. , 0. , 0. , 0. , 1. , 0. ],
        [0. , 0. , 0. , 0. , 0. , 0. , 1. , 0. , 1. ],
        [0. , 0. , 0. , 0. , 0. , 1. , 0. , 0. , 0. ],
        [0. , 0. , 0. , 0. , 0. , 0. , 0. , 0. , 0. ],
        [0. , 0. , 0. , 0. , 0. , 0. , 0. , 0. , 0. ],
        [0. , 0. , 0. , 0. , 0. , 0. , 0. , 0. , 0. ],
        [0. , 0. , 0. , 0. , 0. , 0. , 0. , 0. , 0. ],
        [0. , 0. , 0. , 0. , 0. , 0. , 0. , 0. , 0. ]],

       [[0. , 0. , 0. , 0. , 0. , 0. , 0. , 0. , 0. ],
        [0. , 0. , 0. , 0. , 0. , 0. , 0. , 0. , 0. ],
        [0. , 0. , 0. , 0. , 0. , 0. , 0. , 0. , 0. ],
        [0. , 0. , 0. , 0. , 0. , 0. , 0. , 0. , 1. ],
        [0. , 0. , 0. , 0. , 0. , 0. , 0. , 0. , 1. ],
        [0. , 0. , 0. , 1. , 0. , 1. , 0. , 0. , 1. ],
        [0. , 0. , 0. , 0. , 0. , 0. , 1. , 0. , 1. ],
        [0. , 0. , 0. , 0. , 0. , 0. , 0. , 0. , 0. ],
        [0. , 0. , 0. , 0. , 0. , 0. , 0. , 0. , 1. ]],

       [[0. , 0. , 0. , 0. , 0. , 0. , 0. , 0. , 0. ],
        [0. , 0. , 0. , 0. , 0. , 0. , 0. , 0. , 0. ],
        [0. , 0. , 0. , 0. , 0. , 0. , 0. , 0. , 0. ],
        [0. , 0. , 0. , 0. , 0. , 0. , 0. , 0. , 0. ],
        [0. , 0. , 0. , 0. , 0. , 0. , 0. , 0. , 0. ],
        [0. , 0. , 0. , 0. , 0. , 0. , 0. , 0. , 0. ],
        [0. , 0. , 0. , 0. , 0. , 0. , 0. , 0. , 0. ],
        [0. , 0. , 0. , 0. , 0. , 0. , 0. , 0. , 0. ],
        [0. , 0. , 0. , 0. , 0. , 0. , 0. , 0. , 0. ]],

       [[1. , 0. , 0. , 0. , 0. , 0. , 0. , 0. , 1. ],
        [0. , 0. , 0. , 0. , 0. , 0. , 0. , 0. , 0. ],
        [0. , 0. , 0. , 0. , 0. , 0. , 0. , 0. , 0. ],
        [0. , 0. , 0. , 0. , 0. , 0. , 0. , 0. , 0. ],
        [0. , 0. , 0. , 0. , 0. , 0. , 0. , 0. , 0. ],
        [0. , 0. , 0. , 0. , 0. , 0. , 0. , 0. , 0. ],
        [0. , 0. , 0. , 0. , 0. , 0. , 0. , 0. , 0. ],
        [0. , 0. , 0. , 0. , 0. , 0. , 0. , 0. , 0. ],
        [1. , 0. , 0. , 0. , 0. , 0. , 0. , 0. , 1. ]],

       [[2. , 0. , 0.4, 0.4, 0.4, 0.4, 0.4, 0. , 2. ],
        [0. , 0.4, 0. , 0. , 0. , 0. , 0. , 0.4, 0. ],
        [0.4, 0. , 0.4, 0. , 0. , 0. , 0.4, 0. , 0.4],
        [0.4, 0. , 0. , 0.4, 0. , 0.4, 0. , 0. , 0.4],
        [0.4, 0. , 0. , 0. , 3. , 0. , 0. , 0. , 0.4],
        [0.4, 0. , 0. , 0.4, 0. , 0.4, 0. , 0. , 0.4],
        [0.4, 0. , 0.4, 0. , 0. , 0. , 0.4, 0. , 0.4],
        [0. , 0.4, 0. , 0. , 0. , 0. , 0. , 0.4, 0. ],
        [2. , 0. , 0.4, 0.4, 0.4, 0.4, 0.4, 0. , 2. ]],

       [[0.3, 0. , 0.2, 0. , 0. , 0. , 5.8, 0. , 0.8],
        [0. , 0.1, 0. , 0. , 0. , 0. , 0. , 0.3, 0. ],
        [0. , 0. , 0. , 0. , 0. , 0. , 0. , 0. , 1.7],
        [0. , 0. , 0. , 0.9, 0. , 0. , 0. , 0. , 0. ],
        [0. , 0. , 0. , 0. , 1.1, 0. , 0. , 0. , 0. ],
        [0. , 0. , 0. , 0.2, 0. , 0. , 0. , 0. , 0. ],
        [0. , 0. , 1.9, 0. , 0. , 0. , 0. , 0. , 0. ],
        [0. , 1. , 0. , 0. , 0. , 0. , 0. , 4.7, 0. ],
        [1.1, 0. , 0. , 0. , 0. , 0. , 0. , 0. , 2. ]],

       [[0. , 0. , 0. , 0. , 0. , 0. , 3. , 0. , 0.1],
        [0. , 0. , 0. , 0. , 0. , 0. , 0. , 0.2, 0. ],
        [0. , 0. , 0. , 0. , 0. , 0. , 0. , 0. , 0.8],
        [0. , 0. , 0. , 0. , 0. , 0. , 0. , 0. , 0. ],
        [0. , 0. , 0. , 0. , 0.3, 0. , 0. , 0. , 0. ],
        [0. , 0. , 0. , 0. , 0. , 0. , 0. , 0. , 0. ],
        [0. , 0. , 0.9, 0. , 0. , 0. , 0. , 0. , 0. ],
        [0. , 0.6, 0. , 0. , 0. , 0. , 0. , 3.2, 0. ],
        [0.6, 0. , 0. , 0. , 0. , 0. , 0. , 0. , 0.7]],

       [[0. , 0. , 0. , 0. , 0. , 0. , 1.4, 0. , 0. ],
        [0. , 0.1, 0. , 0. , 0. , 0. , 0. , 0.1, 0. ],
        [0. , 0. , 0. , 0. , 0. , 0. , 0. , 0. , 0.7],
        [0. , 0. , 0. , 0.9, 0. , 0. , 0. , 0. , 0. ],
        [0. , 0. , 0. , 0. , 0.6, 0. , 0. , 0. , 0. ],
        [0. , 0. , 0. , 0.2, 0. , 0. , 0. , 0. , 0. ],
        [0. , 0. , 0.7, 0. , 0. , 0. , 0. , 0. , 0. ],
        [0. , 0.4, 0. , 0. , 0. , 0. , 0. , 0. , 0. ],
        [0. , 0. , 0. , 0. , 0. , 0. , 0. , 0. , 0.3]],

       [[0.2, 0. , 0.2, 0. , 0. , 0. , 1.4, 0. , 0.6],
        [0. , 0. , 0. , 0. , 0. , 0. , 0. , 0. , 0. ],
        [0. , 0. , 0. , 0. , 0. , 0. , 0. , 0. , 0.2],
        [0. , 0. , 0. , 0. , 0. , 0. , 0. , 0. , 0. ],
        [0. , 0. , 0. , 0. , 0.2, 0. , 0. , 0. , 0. ],
        [0. , 0. , 0. , 0. , 0. , 0. , 0. , 0. , 0. ],
        [0. , 0. , 0.3, 0. , 0. , 0. , 0. , 0. , 0. ],
        [0. , 0. , 0. , 0. , 0. , 0. , 0. , 1.5, 0. ],
        [0.4, 0. , 0. , 0. , 0. , 0. , 0. , 0. , 0.9]],

       [[0. , 0. , 0. , 0. , 0. , 0. , 0. , 0. , 0. ],
        [0. , 0. , 0. , 0. , 0. , 0. , 0. , 0. , 0. ],
        [0. , 0. , 0. , 0. , 0. , 0. , 0. , 0. , 0. ],
        [0. , 0. , 0. , 0. , 0. , 0. , 0. , 0. , 0. ],
        [0. , 0. , 0. , 0. , 0. , 0. , 0. , 0. , 0. ],
        [0. , 0. , 0. , 0. , 0. , 0. , 0. , 0. , 0. ],
        [0. , 0. , 0. , 0. , 0. , 0. , 0. , 0. , 0. ],
        [0. , 0. , 0. , 0. , 0. , 0. , 0. , 0. , 0. ],
        [0. , 0. , 0. , 0. , 0. , 0. , 0. , 0. , 0. ]]], dtype=float32),
                 move_feats=[array([7.7, 4.7, 1. , 2. , 0.4, 0. ], dtype=float32),
                             array([4.5, 1.5, 1. , 2. , 0.2, 0. ], dtype=float32),
                             array([0., 0., 1., 2., 0., 1.], dtype=float32)],
                 pi=[0.4132231404958678,
                     0.24793388429752067,
                     0.33884297520661155],
                 z=1.0),
 SelfPlayExample(state_tensor=array([[[1. , 0. , 1. , 1. , 1. , 1. , 1. , 0. , 1. ],
        [0. , 1. , 0. , 0. , 0. , 0. , 0. , 1. , 0. ],
        [1. , 0. , 1. , 0. , 0. , 0. , 1. , 0. , 1. ],
        [1. , 0. , 0. , 1. , 0. , 1. , 0. , 0. , 1. ],
        [1. , 0. , 0. , 0. , 1. , 0. , 0. , 0. , 1. ],
        [1. , 0. , 0. , 1. , 0. , 1. , 0. , 0. , 1. ],
        [1. , 0. , 1. , 0. , 0. , 0. , 1. , 0. , 1. ],
        [0. , 1. , 0. , 0. , 0. , 0. , 0. , 1. , 0. ],
        [1. , 0. , 1. , 1. , 1. , 1. , 1. , 0. , 1. ]],

       [[1. , 0. , 1. , 1. , 1. , 1. , 1. , 0. , 0. ],
        [0. , 1. , 0. , 0. , 0. , 0. , 0. , 1. , 0. ],
        [1. , 0. , 1. , 0. , 0. , 0. , 0. , 0. , 0. ],
        [1. , 0. , 0. , 1. , 0. , 0. , 0. , 0. , 0. ],
        [1. , 0. , 0. , 0. , 1. , 0. , 0. , 0. , 0. ],
        [1. , 0. , 0. , 1. , 0. , 1. , 0. , 0. , 0. ],
        [1. , 0. , 1. , 0. , 0. , 0. , 0. , 0. , 0. ],
        [0. , 1. , 0. , 0. , 0. , 0. , 0. , 1. , 0. ],
        [1. , 0. , 1. , 1. , 1. , 1. , 1. , 0. , 1. ]],

       [[0. , 0. , 0. , 0. , 0. , 0. , 0. , 0. , 1. ],
        [0. , 0. , 0. , 0. , 0. , 0. , 0. , 0. , 0. ],
        [0. , 0. , 0. , 0. , 0. , 0. , 1. , 0. , 1. ],
        [0. , 0. , 0. , 0. , 0. , 1. , 0. , 0. , 1. ],
        [0. , 0. , 0. , 0. , 0. , 0. , 0. , 0. , 1. ],
        [0. , 0. , 0. , 0. , 0. , 0. , 0. , 0. , 1. ],
        [0. , 0. , 0. , 0. , 0. , 0. , 0. , 0. , 0. ],
        [0. , 0. , 0. , 0. , 0. , 0. , 0. , 0. , 0. ],
        [0. , 0. , 0. , 0. , 0. , 0. , 0. , 0. , 0. ]],

       [[0. , 0. , 0. , 0. , 0. , 0. , 0. , 0. , 0. ],
        [0. , 0. , 0. , 0. , 0. , 0. , 0. , 0. , 0. ],
        [0. , 0. , 0. , 0. , 0. , 0. , 0. , 0. , 0. ],
        [0. , 0. , 0. , 0. , 0. , 0. , 0. , 0. , 0. ],
        [0. , 0. , 0. , 0. , 0. , 0. , 0. , 0. , 0. ],
        [0. , 0. , 0. , 0. , 0. , 0. , 0. , 0. , 0. ],
        [0. , 0. , 0. , 0. , 0. , 0. , 1. , 0. , 1. ],
        [0. , 0. , 0. , 0. , 0. , 0. , 0. , 0. , 0. ],
        [0. , 0. , 0. , 0. , 0. , 0. , 0. , 0. , 0. ]],

       [[0. , 0. , 0. , 0. , 0. , 0. , 0. , 0. , 0. ],
        [0. , 0. , 0. , 0. , 0. , 0. , 0. , 0. , 0. ],
        [0. , 0. , 0. , 0. , 0. , 0. , 0. , 0. , 0. ],
        [0. , 0. , 0. , 0. , 0. , 0. , 0. , 0. , 0. ],
        [0. , 0. , 0. , 0. , 0. , 0. , 0. , 0. , 0. ],
        [0. , 0. , 0. , 0. , 0. , 0. , 0. , 0. , 0. ],
        [0. , 0. , 0. , 0. , 0. , 0. , 0. , 0. , 0. ],
        [0. , 0. , 0. , 0. , 0. , 0. , 0. , 0. , 0. ],
        [0. , 0. , 0. , 0. , 0. , 0. , 0. , 0. , 0. ]],

       [[1. , 0. , 0. , 0. , 0. , 0. , 0. , 0. , 1. ],
        [0. , 0. , 0. , 0. , 0. , 0. , 0. , 0. , 0. ],
        [0. , 0. , 0. , 0. , 0. , 0. , 0. , 0. , 0. ],
        [0. , 0. , 0. , 0. , 0. , 0. , 0. , 0. , 0. ],
        [0. , 0. , 0. , 0. , 0. , 0. , 0. , 0. , 0. ],
        [0. , 0. , 0. , 0. , 0. , 0. , 0. , 0. , 0. ],
        [0. , 0. , 0. , 0. , 0. , 0. , 0. , 0. , 0. ],
        [0. , 0. , 0. , 0. , 0. , 0. , 0. , 0. , 0. ],
        [1. , 0. , 0. , 0. , 0. , 0. , 0. , 0. , 1. ]],

       [[2. , 0. , 0.4, 0.4, 0.4, 0.4, 0.4, 0. , 2. ],
        [0. , 0.4, 0. , 0. , 0. , 0. , 0. , 0.4, 0. ],
        [0.4, 0. , 0.4, 0. , 0. , 0. , 0.4, 0. , 0.4],
        [0.4, 0. , 0. , 0.4, 0. , 0.4, 0. , 0. , 0.4],
        [0.4, 0. , 0. , 0. , 3. , 0. , 0. , 0. , 0.4],
        [0.4, 0. , 0. , 0.4, 0. , 0.4, 0. , 0. , 0.4],
        [0.4, 0. , 0.4, 0. , 0. , 0. , 0.4, 0. , 0.4],
        [0. , 0.4, 0. , 0. , 0. , 0. , 0. , 0.4, 0. ],
        [2. , 0. , 0.4, 0.4, 0.4, 0.4, 0.4, 0. , 2. ]],

       [[1.8, 0. , 0. , 0. , 0. , 0. , 0.2, 0. , 0.8],
        [0. , 0. , 0. , 0. , 0. , 0. , 0. , 5. , 0. ],
        [0. , 0. , 0.3, 0. , 0. , 0. , 0. , 0. , 0. ],
        [0. , 0. , 0. , 0. , 0. , 0. , 0. , 0. , 0.8],
        [0. , 0. , 0. , 0. , 0.9, 0. , 0. , 0. , 0.8],
        [0. , 0. , 0. , 2.7, 0. , 0.3, 0. , 0. , 0.8],
        [0. , 0. , 1.4, 0. , 0. , 0. , 0. , 0. , 0. ],
        [0. , 0.6, 0. , 0. , 0. , 0. , 0. , 0. , 0. ],
        [0.1, 0. , 0. , 0. , 0. , 0. , 0. , 0. , 4.4]],

       [[0.9, 0. , 0. , 0. , 0. , 0. , 0. , 0. , 0.2],
        [0. , 0. , 0. , 0. , 0. , 0. , 0. , 2.3, 0. ],
        [0. , 0. , 0. , 0. , 0. , 0. , 0. , 0. , 0. ],
        [0. , 0. , 0. , 0. , 0. , 0. , 0. , 0. , 0.8],
        [0. , 0. , 0. , 0. , 0. , 0. , 0. , 0. , 0.8],
        [0. , 0. , 0. , 0.9, 0. , 0.3, 0. , 0. , 0.8],
        [0. , 0. , 0.6, 0. , 0. , 0. , 0. , 0. , 0. ],
        [0. , 0.6, 0. , 0. , 0. , 0. , 0. , 0. , 0. ],
        [0. , 0. , 0. , 0. , 0. , 0. , 0. , 0. , 2.8]],

       [[0.2, 0. , 0. , 0. , 0. , 0. , 0. , 0. , 0.3],
        [0. , 0. , 0. , 0. , 0. , 0. , 0. , 1.4, 0. ],
        [0. , 0. , 0.1, 0. , 0. , 0. , 0. , 0. , 0. ],
        [0. , 0. , 0. , 0. , 0. , 0. , 0. , 0. , 0. ],
        [0. , 0. , 0. , 0. , 0.9, 0. , 0. , 0. , 0. ],
        [0. , 0. , 0. , 1.3, 0. , 0. , 0. , 0. , 0. ],
        [0. , 0. , 0.4, 0. , 0. , 0. , 0. , 0. , 0. ],
        [0. , 0. , 0. , 0. , 0. , 0. , 0. , 0. , 0. ],
        [0. , 0. , 0. , 0. , 0. , 0. , 0. , 0. , 0. ]],

       [[0.6, 0. , 0. , 0. , 0. , 0. , 0.2, 0. , 0.2],
        [0. , 0. , 0. , 0. , 0. , 0. , 0. , 1.3, 0. ],
        [0. , 0. , 0.2, 0. , 0. , 0. , 0. , 0. , 0. ],
        [0. , 0. , 0. , 0. , 0. , 0. , 0. , 0. , 0. ],
        [0. , 0. , 0. , 0. , 0. , 0. , 0. , 0. , 0. ],
        [0. , 0. , 0. , 0.5, 0. , 0. , 0. , 0. , 0. ],
        [0. , 0. , 0.4, 0. , 0. , 0. , 0. , 0. , 0. ],
        [0. , 0. , 0. , 0. , 0. , 0. , 0. , 0. , 0. ],
        [0. , 0. , 0. , 0. , 0. , 0. , 0. , 0. , 1.5]],

       [[0. , 0. , 0. , 0. , 0. , 0. , 0. , 0. , 0. ],
        [0. , 0. , 0. , 0. , 0. , 0. , 0. , 0. , 0. ],
        [0. , 0. , 0. , 0. , 0. , 0. , 0. , 0. , 0. ],
        [0. , 0. , 0. , 0. , 0. , 0. , 0. , 0. , 0. ],
        [0. , 0. , 0. , 0. , 0. , 0. , 0. , 0. , 0. ],
        [0. , 0. , 0. , 0. , 0. , 0. , 0. , 0. , 0. ],
        [0. , 0. , 0. , 0. , 0. , 0. , 0. , 0. , 0. ],
        [0. , 0. , 0. , 0. , 0. , 0. , 0. , 0. , 0. ],
        [0. , 0. , 0. , 0. , 0. , 0. , 0. , 0. , 0. ]]], dtype=float32),
                 move_feats=[array([6.7, 2.7, 1. , 2. , 0.4, 0. ], dtype=float32),
                             array([3.9, 1.3, 1. , 2. , 0.2, 0. ], dtype=float32),
                             array([0., 0., 1., 2., 0., 1.], dtype=float32)],
                 pi=[0.3783783783783784,
                     0.36486486486486486,
                     0.25675675675675674],
                 z=1.0),
 SelfPlayExample(state_tensor=array([[[1. , 0. , 1. , 1. , 1. , 1. , 1. , 0. , 1. ],
        [0. , 1. , 0. , 0. , 0. , 0. , 0. , 1. , 0. ],
        [1. , 0. , 1. , 0. , 0. , 0. , 1. , 0. , 1. ],
        [1. , 0. , 0. , 1. , 0. , 1. , 0. , 0. , 1. ],
        [1. , 0. , 0. , 0. , 1. , 0. , 0. , 0. , 1. ],
        [1. , 0. , 0. , 1. , 0. , 1. , 0. , 0. , 1. ],
        [1. , 0. , 1. , 0. , 0. , 0. , 1. , 0. , 1. ],
        [0. , 1. , 0. , 0. , 0. , 0. , 0. , 1. , 0. ],
        [1. , 0. , 1. , 1. , 1. , 1. , 1. , 0. , 1. ]],

       [[0. , 0. , 0. , 0. , 0. , 0. , 0. , 0. , 1. ],
        [0. , 0. , 0. , 0. , 0. , 0. , 0. , 1. , 0. ],
        [0. , 0. , 0. , 0. , 0. , 0. , 0. , 0. , 0. ],
        [0. , 0. , 0. , 0. , 0. , 0. , 0. , 0. , 0. ],
        [0. , 0. , 0. , 0. , 0. , 0. , 0. , 0. , 0. ],
        [0. , 0. , 0. , 0. , 0. , 0. , 0. , 0. , 0. ],
        [0. , 0. , 0. , 0. , 0. , 0. , 0. , 0. , 0. ],
        [0. , 0. , 0. , 0. , 0. , 0. , 0. , 0. , 0. ],
        [0. , 0. , 0. , 0. , 0. , 0. , 0. , 0. , 0. ]],

       [[0. , 0. , 0. , 0. , 0. , 0. , 0. , 0. , 0. ],
        [0. , 0. , 0. , 0. , 0. , 0. , 0. , 0. , 0. ],
        [0. , 0. , 0. , 0. , 0. , 0. , 0. , 0. , 0. ],
        [0. , 0. , 0. , 0. , 0. , 0. , 0. , 0. , 0. ],
        [0. , 0. , 0. , 0. , 0. , 0. , 0. , 0. , 0. ],
        [0. , 0. , 0. , 0. , 0. , 0. , 0. , 0. , 0. ],
        [0. , 0. , 0. , 0. , 0. , 0. , 0. , 0. , 0. ],
        [0. , 0. , 0. , 0. , 0. , 0. , 0. , 1. , 0. ],
        [0. , 0. , 0. , 0. , 0. , 0. , 0. , 0. , 1. ]],

       [[0. , 0. , 0. , 0. , 0. , 0. , 0. , 0. , 0. ],
        [0. , 0. , 0. , 0. , 0. , 0. , 0. , 0. , 0. ],
        [0. , 0. , 0. , 0. , 0. , 0. , 0. , 0. , 0. ],
        [0. , 0. , 0. , 0. , 0. , 0. , 0. , 0. , 0. ],
        [0. , 0. , 0. , 0. , 0. , 0. , 0. , 0. , 0. ],
        [0. , 0. , 0. , 0. , 0. , 0. , 0. , 0. , 0. ],
        [0. , 0. , 0. , 0. , 0. , 0. , 0. , 0. , 0. ],
        [0. , 1. , 0. , 0. , 0. , 0. , 0. , 0. , 0. ],
        [1. , 0. , 0. , 0. , 0. , 0. , 0. , 0. , 0. ]],

       [[1. , 0. , 1. , 0. , 0. , 0. , 0. , 0. , 0. ],
        [0. , 1. , 0. , 0. , 0. , 0. , 0. , 0. , 0. ],
        [1. , 0. , 0. , 0. , 0. , 0. , 0. , 0. , 0. ],
        [0. , 0. , 0. , 0. , 0. , 0. , 0. , 0. , 0. ],
        [0. , 0. , 0. , 0. , 0. , 0. , 0. , 0. , 0. ],
        [0. , 0. , 0. , 0. , 0. , 0. , 0. , 0. , 0. ],
        [0. , 0. , 0. , 0. , 0. , 0. , 0. , 0. , 0. ],
        [0. , 0. , 0. , 0. , 0. , 0. , 0. , 0. , 0. ],
        [0. , 0. , 0. , 0. , 0. , 0. , 0. , 0. , 0. ]],

       [[1. , 0. , 0. , 0. , 0. , 0. , 0. , 0. , 1. ],
        [0. , 0. , 0. , 0. , 0. , 0. , 0. , 0. , 0. ],
        [0. , 0. , 0. , 0. , 0. , 0. , 0. , 0. , 0. ],
        [0. , 0. , 0. , 0. , 0. , 0. , 0. , 0. , 0. ],
        [0. , 0. , 0. , 0. , 0. , 0. , 0. , 0. , 0. ],
        [0. , 0. , 0. , 0. , 0. , 0. , 0. , 0. , 0. ],
        [0. , 0. , 0. , 0. , 0. , 0. , 0. , 0. , 0. ],
        [0. , 0. , 0. , 0. , 0. , 0. , 0. , 0. , 0. ],
        [1. , 0. , 0. , 0. , 0. , 0. , 0. , 0. , 1. ]],

       [[2. , 0. , 0.4, 0.4, 0.4, 0.4, 0.4, 0. , 2. ],
        [0. , 0.4, 0. , 0. , 0. , 0. , 0. , 0.4, 0. ],
        [0.4, 0. , 0.4, 0. , 0. , 0. , 0.4, 0. , 0.4],
        [0.4, 0. , 0. , 0.4, 0. , 0.4, 0. , 0. , 0.4],
        [0.4, 0. , 0. , 0. , 3. , 0. , 0. , 0. , 0.4],
        [0.4, 0. , 0. , 0.4, 0. , 0.4, 0. , 0. , 0.4],
        [0.4, 0. , 0.4, 0. , 0. , 0. , 0.4, 0. , 0.4],
        [0. , 0.4, 0. , 0. , 0. , 0. , 0. , 0.4, 0. ],
        [2. , 0. , 0.4, 0.4, 0.4, 0.4, 0.4, 0. , 2. ]],

       [[0.4, 0. , 0.2, 0. , 0. , 0. , 0. , 0. , 0.2],
        [0. , 0. , 0. , 0. , 0. , 0. , 0. , 0.2, 0. ],
        [0.1, 0. , 0. , 0. , 0. , 0. , 0. , 0. , 0. ],
        [0. , 0. , 0. , 0. , 0. , 0. , 0. , 0. , 0. ],
        [0. , 0. , 0. , 0. , 0.3, 0. , 0. , 0. , 0. ],
        [0. , 0. , 0. , 0. , 0. , 0. , 0. , 0. , 0. ],
        [0. , 0. , 0. , 0. , 0. , 0. , 0. , 0. , 0. ],
        [0. , 0.2, 0. , 0. , 0. , 0. , 0. , 0.2, 0. ],
        [0.2, 0. , 0. , 0. , 0. , 0. , 0. , 0. , 0.2]],

       [[0.1, 0. , 0.2, 0. , 0. , 0. , 0. , 0. , 0. ],
        [0. , 0. , 0. , 0. , 0. , 0. , 0. , 0.2, 0. ],
        [0. , 0. , 0. , 0. , 0. , 0. , 0. , 0. , 0. ],
        [0. , 0. , 0. , 0. , 0. , 0. , 0. , 0. , 0. ],
        [0. , 0. , 0. , 0. , 0.3, 0. , 0. , 0. , 0. ],
        [0. , 0. , 0. , 0. , 0. , 0. , 0. , 0. , 0. ],
        [0. , 0. , 0. , 0. , 0. , 0. , 0. , 0. , 0. ],
        [0. , 0.2, 0. , 0. , 0. , 0. , 0. , 0.2, 0. ],
        [0. , 0. , 0. , 0. , 0. , 0. , 0. , 0. , 0. ]],

       [[0.1, 0. , 0. , 0. , 0. , 0. , 0. , 0. , 0. ],
        [0. , 0. , 0. , 0. , 0. , 0. , 0. , 0. , 0. ],
        [0. , 0. , 0. , 0. , 0. , 0. , 0. , 0. , 0. ],
        [0. , 0. , 0. , 0. , 0. , 0. , 0. , 0. , 0. ],
        [0. , 0. , 0. , 0. , 0. , 0. , 0. , 0. , 0. ],
        [0. , 0. , 0. , 0. , 0. , 0. , 0. , 0. , 0. ],
        [0. , 0. , 0. , 0. , 0. , 0. , 0. , 0. , 0. ],
        [0. , 0. , 0. , 0. , 0. , 0. , 0. , 0. , 0. ],
        [0. , 0. , 0. , 0. , 0. , 0. , 0. , 0. , 0. ]],

       [[0.1, 0. , 0. , 0. , 0. , 0. , 0. , 0. , 0.1],
        [0. , 0. , 0. , 0. , 0. , 0. , 0. , 0. , 0. ],
        [0.1, 0. , 0. , 0. , 0. , 0. , 0. , 0. , 0. ],
        [0. , 0. , 0. , 0. , 0. , 0. , 0. , 0. , 0. ],
        [0. , 0. , 0. , 0. , 0. , 0. , 0. , 0. , 0. ],
        [0. , 0. , 0. , 0. , 0. , 0. , 0. , 0. , 0. ],
        [0. , 0. , 0. , 0. , 0. , 0. , 0. , 0. , 0. ],
        [0. , 0. , 0. , 0. , 0. , 0. , 0. , 0. , 0. ],
        [0.1, 0. , 0. , 0. , 0. , 0. , 0. , 0. , 0.1]],

       [[0. , 0. , 0. , 0. , 0. , 0. , 0. , 0. , 0. ],
        [0. , 0. , 0. , 0. , 0. , 0. , 0. , 0. , 0. ],
        [0. , 0. , 0. , 0. , 0. , 0. , 0. , 0. , 0. ],
        [0. , 0. , 0. , 0. , 0. , 0. , 0. , 0. , 0. ],
        [0. , 0. , 0. , 0. , 0. , 0. , 0. , 0. , 0. ],
        [0. , 0. , 0. , 0. , 0. , 0. , 0. , 0. , 0. ],
        [0. , 0. , 0. , 0. , 0. , 0. , 0. , 0. , 0. ],
        [0. , 0. , 0. , 0. , 0. , 0. , 0. , 0. , 0. ],
        [0. , 0. , 0. , 0. , 0. , 0. , 0. , 0. , 0. ]]], dtype=float32),
                 move_feats=[array([0.5, 0.3, 0. , 0.4, 0.4, 0. ], dtype=float32),
                             array([0.2, 0.2, 0. , 0.4, 0.2, 0. ], dtype=float32),
                             array([0. , 0. , 0. , 0.4, 0. , 1. ], dtype=float32)],
                 pi=[0.3115423901940756,
                     0.3350357507660878,
                     0.3534218590398366],
                 z=-1.0),
 SelfPlayExample(state_tensor=array([[[1. , 0. , 1. , 1. , 1. , 1. , 1. , 0. , 1. ],
        [0. , 1. , 0. , 0. , 0. , 0. , 0. , 1. , 0. ],
        [1. , 0. , 1. , 0. , 0. , 0. , 1. , 0. , 1. ],
        [1. , 0. , 0. , 1. , 0. , 1. , 0. , 0. , 1. ],
        [1. , 0. , 0. , 0. , 1. , 0. , 0. , 0. , 1. ],
        [1. , 0. , 0. , 1. , 0. , 1. , 0. , 0. , 1. ],
        [1. , 0. , 1. , 0. , 0. , 0. , 1. , 0. , 1. ],
        [0. , 1. , 0. , 0. , 0. , 0. , 0. , 1. , 0. ],
        [1. , 0. , 1. , 1. , 1. , 1. , 1. , 0. , 1. ]],

       [[0. , 0. , 0. , 0. , 0. , 0. , 0. , 0. , 1. ],
        [0. , 0. , 0. , 0. , 0. , 0. , 0. , 1. , 0. ],
        [0. , 0. , 0. , 0. , 0. , 0. , 0. , 0. , 0. ],
        [0. , 0. , 0. , 0. , 0. , 0. , 0. , 0. , 0. ],
        [0. , 0. , 0. , 0. , 0. , 0. , 0. , 0. , 0. ],
        [0. , 0. , 0. , 0. , 0. , 0. , 0. , 0. , 0. ],
        [0. , 0. , 0. , 0. , 0. , 0. , 0. , 0. , 0. ],
        [0. , 0. , 0. , 0. , 0. , 0. , 0. , 0. , 0. ],
        [0. , 0. , 0. , 0. , 0. , 0. , 0. , 0. , 0. ]],

       [[0. , 0. , 0. , 0. , 0. , 0. , 0. , 0. , 0. ],
        [0. , 0. , 0. , 0. , 0. , 0. , 0. , 0. , 0. ],
        [0. , 0. , 0. , 0. , 0. , 0. , 0. , 0. , 0. ],
        [0. , 0. , 0. , 0. , 0. , 0. , 0. , 0. , 0. ],
        [0. , 0. , 0. , 0. , 0. , 0. , 0. , 0. , 0. ],
        [0. , 0. , 0. , 0. , 0. , 0. , 0. , 0. , 0. ],
        [0. , 0. , 0. , 0. , 0. , 0. , 0. , 0. , 1. ],
        [0. , 0. , 0. , 0. , 0. , 0. , 0. , 1. , 0. ],
        [0. , 0. , 0. , 0. , 0. , 0. , 0. , 0. , 1. ]],

       [[0. , 0. , 0. , 0. , 0. , 0. , 0. , 0. , 0. ],
        [0. , 0. , 0. , 0. , 0. , 0. , 0. , 0. , 0. ],
        [0. , 0. , 0. , 0. , 0. , 0. , 0. , 0. , 0. ],
        [0. , 0. , 0. , 0. , 0. , 0. , 0. , 0. , 0. ],
        [0. , 0. , 0. , 0. , 0. , 0. , 0. , 0. , 0. ],
        [0. , 0. , 0. , 0. , 0. , 0. , 0. , 0. , 0. ],
        [1. , 0. , 0. , 0. , 0. , 0. , 0. , 0. , 0. ],
        [0. , 1. , 0. , 0. , 0. , 0. , 0. , 0. , 0. ],
        [1. , 0. , 0. , 0. , 0. , 0. , 0. , 0. , 0. ]],

       [[1. , 0. , 1. , 0. , 0. , 0. , 0. , 0. , 0. ],
        [0. , 1. , 0. , 0. , 0. , 0. , 0. , 0. , 0. ],
        [1. , 0. , 1. , 0. , 0. , 0. , 0. , 0. , 0. ],
        [1. , 0. , 0. , 0. , 0. , 0. , 0. , 0. , 0. ],
        [1. , 0. , 0. , 0. , 0. , 0. , 0. , 0. , 0. ],
        [1. , 0. , 0. , 0. , 0. , 0. , 0. , 0. , 0. ],
        [0. , 0. , 0. , 0. , 0. , 0. , 0. , 0. , 0. ],
        [0. , 0. , 0. , 0. , 0. , 0. , 0. , 0. , 0. ],
        [0. , 0. , 0. , 0. , 0. , 0. , 0. , 0. , 0. ]],

       [[1. , 0. , 0. , 0. , 0. , 0. , 0. , 0. , 1. ],
        [0. , 0. , 0. , 0. , 0. , 0. , 0. , 0. , 0. ],
        [0. , 0. , 0. , 0. , 0. , 0. , 0. , 0. , 0. ],
        [0. , 0. , 0. , 0. , 0. , 0. , 0. , 0. , 0. ],
        [0. , 0. , 0. , 0. , 0. , 0. , 0. , 0. , 0. ],
        [0. , 0. , 0. , 0. , 0. , 0. , 0. , 0. , 0. ],
        [0. , 0. , 0. , 0. , 0. , 0. , 0. , 0. , 0. ],
        [0. , 0. , 0. , 0. , 0. , 0. , 0. , 0. , 0. ],
        [1. , 0. , 0. , 0. , 0. , 0. , 0. , 0. , 1. ]],

       [[2. , 0. , 0.4, 0.4, 0.4, 0.4, 0.4, 0. , 2. ],
        [0. , 0.4, 0. , 0. , 0. , 0. , 0. , 0.4, 0. ],
        [0.4, 0. , 0.4, 0. , 0. , 0. , 0.4, 0. , 0.4],
        [0.4, 0. , 0. , 0.4, 0. , 0.4, 0. , 0. , 0.4],
        [0.4, 0. , 0. , 0. , 3. , 0. , 0. , 0. , 0.4],
        [0.4, 0. , 0. , 0.4, 0. , 0.4, 0. , 0. , 0.4],
        [0.4, 0. , 0.4, 0. , 0. , 0. , 0.4, 0. , 0.4],
        [0. , 0.4, 0. , 0. , 0. , 0. , 0. , 0.4, 0. ],
        [2. , 0. , 0.4, 0.4, 0.4, 0.4, 0.4, 0. , 2. ]],

       [[0.5, 0. , 0.2, 0. , 0. , 0. , 0. , 0. , 0.5],
        [0. , 0.2, 0. , 0. , 0. , 0. , 0. , 0.3, 0. ],
        [0. , 0. , 0.1, 0. , 0. , 0. , 0. , 0. , 0. ],
        [0.1, 0. , 0. , 0. , 0. , 0. , 0. , 0. , 0. ],
        [0.1, 0. , 0. , 0. , 0.3, 0. , 0. , 0. , 0. ],
        [0.1, 0. , 0. , 0. , 0. , 0. , 0. , 0. , 0. ],
        [0.3, 0. , 0. , 0. , 0. , 0. , 0. , 0. , 0.3],
        [0. , 0. , 0. , 0. , 0. , 0. , 0. , 0. , 0. ],
        [0.7, 0. , 0. , 0. , 0. , 0. , 0. , 0. , 0.5]],

       [[0.2, 0. , 0.2, 0. , 0. , 0. , 0. , 0. , 0.2],
        [0. , 0.1, 0. , 0. , 0. , 0. , 0. , 0.2, 0. ],
        [0. , 0. , 0. , 0. , 0. , 0. , 0. , 0. , 0. ],
        [0. , 0. , 0. , 0. , 0. , 0. , 0. , 0. , 0. ],
        [0. , 0. , 0. , 0. , 0.3, 0. , 0. , 0. , 0. ],
        [0. , 0. , 0. , 0. , 0. , 0. , 0. , 0. , 0. ],
        [0.2, 0. , 0. , 0. , 0. , 0. , 0. , 0. , 0.2],
        [0. , 0. , 0. , 0. , 0. , 0. , 0. , 0. , 0. ],
        [0.3, 0. , 0. , 0. , 0. , 0. , 0. , 0. , 0.1]],

       [[0. , 0. , 0. , 0. , 0. , 0. , 0. , 0. , 0.1],
        [0. , 0.1, 0. , 0. , 0. , 0. , 0. , 0. , 0. ],
        [0. , 0. , 0. , 0. , 0. , 0. , 0. , 0. , 0. ],
        [0. , 0. , 0. , 0. , 0. , 0. , 0. , 0. , 0. ],
        [0. , 0. , 0. , 0. , 0. , 0. , 0. , 0. , 0. ],
        [0. , 0. , 0. , 0. , 0. , 0. , 0. , 0. , 0. ],
        [0. , 0. , 0. , 0. , 0. , 0. , 0. , 0. , 0. ],
        [0. , 0. , 0. , 0. , 0. , 0. , 0. , 0. , 0. ],
        [0.3, 0. , 0. , 0. , 0. , 0. , 0. , 0. , 0. ]],

       [[0.2, 0. , 0. , 0. , 0. , 0. , 0. , 0. , 0.1],
        [0. , 0. , 0. , 0. , 0. , 0. , 0. , 0.1, 0. ],
        [0. , 0. , 0.1, 0. , 0. , 0. , 0. , 0. , 0. ],
        [0.1, 0. , 0. , 0. , 0. , 0. , 0. , 0. , 0. ],
        [0.1, 0. , 0. , 0. , 0. , 0. , 0. , 0. , 0. ],
        [0.1, 0. , 0. , 0. , 0. , 0. , 0. , 0. , 0. ],
        [0.1, 0. , 0. , 0. , 0. , 0. , 0. , 0. , 0.1],
        [0. , 0. , 0. , 0. , 0. , 0. , 0. , 0. , 0. ],
        [0. , 0. , 0. , 0. , 0. , 0. , 0. , 0. , 0.3]],

       [[0. , 0. , 0. , 0. , 0. , 0. , 0. , 0. , 0. ],
        [0. , 0. , 0. , 0. , 0. , 0. , 0. , 0. , 0. ],
        [0. , 0. , 0. , 0. , 0. , 0. , 0. , 0. , 0. ],
        [0. , 0. , 0. , 0. , 0. , 0. , 0. , 0. , 0. ],
        [0. , 0. , 0. , 0. , 0. , 0. , 0. , 0. , 0. ],
        [0. , 0. , 0. , 0. , 0. , 0. , 0. , 0. , 0. ],
        [0. , 0. , 0. , 0. , 0. , 0. , 0. , 0. , 0. ],
        [0. , 0. , 0. , 0. , 0. , 0. , 0. , 0. , 0. ],
        [0. , 0. , 0. , 0. , 0. , 0. , 0. , 0. , 0. ]]], dtype=float32),
                 move_feats=[array([0.5, 0.3, 0. , 0.4, 0.4, 0. ], dtype=float32),
                             array([0.3, 0.1, 0. , 0.4, 0.2, 0. ], dtype=float32),
                             array([0. , 0. , 0. , 0.4, 0. , 1. ], dtype=float32)],
                 pi=[0.26107226107226106,
                     0.44522144522144524,
                     0.2937062937062937],
                 z=-1.0),
 SelfPlayExample(state_tensor=array([[[1. , 0. , 1. , 1. , 1. , 1. , 1. , 0. , 1. ],
        [0. , 1. , 0. , 0. , 0. , 0. , 0. , 1. , 0. ],
        [1. , 0. , 1. , 0. , 0. , 0. , 1. , 0. , 1. ],
        [1. , 0. , 0. , 1. , 0. , 1. , 0. , 0. , 1. ],
        [1. , 0. , 0. , 0. , 1. , 0. , 0. , 0. , 1. ],
        [1. , 0. , 0. , 1. , 0. , 1. , 0. , 0. , 1. ],
        [1. , 0. , 1. , 0. , 0. , 0. , 1. , 0. , 1. ],
        [0. , 1. , 0. , 0. , 0. , 0. , 0. , 1. , 0. ],
        [1. , 0. , 1. , 1. , 1. , 1. , 1. , 0. , 1. ]],

       [[0. , 0. , 0. , 0. , 0. , 0. , 0. , 0. , 1. ],
        [0. , 0. , 0. , 0. , 0. , 0. , 0. , 1. , 0. ],
        [0. , 0. , 0. , 0. , 0. , 0. , 0. , 0. , 1. ],
        [0. , 0. , 0. , 0. , 0. , 0. , 0. , 0. , 0. ],
        [0. , 0. , 0. , 0. , 0. , 0. , 0. , 0. , 0. ],
        [0. , 0. , 0. , 0. , 0. , 0. , 0. , 0. , 0. ],
        [0. , 0. , 0. , 0. , 0. , 0. , 0. , 0. , 0. ],
        [0. , 0. , 0. , 0. , 0. , 0. , 0. , 0. , 0. ],
        [0. , 0. , 0. , 0. , 0. , 0. , 0. , 0. , 0. ]],

       [[0. , 0. , 0. , 0. , 0. , 0. , 0. , 0. , 0. ],
        [0. , 0. , 0. , 0. , 0. , 0. , 0. , 0. , 0. ],
        [0. , 0. , 0. , 0. , 0. , 0. , 0. , 0. , 0. ],
        [0. , 0. , 0. , 0. , 0. , 0. , 0. , 0. , 1. ],
        [0. , 0. , 0. , 0. , 0. , 0. , 0. , 0. , 1. ],
        [0. , 0. , 0. , 0. , 0. , 0. , 0. , 0. , 1. ],
        [0. , 0. , 0. , 0. , 0. , 0. , 0. , 0. , 1. ],
        [0. , 0. , 0. , 0. , 0. , 0. , 0. , 1. , 0. ],
        [0. , 0. , 0. , 0. , 0. , 0. , 1. , 0. , 1. ]],

       [[0. , 0. , 0. , 0. , 0. , 0. , 0. , 0. , 0. ],
        [0. , 0. , 0. , 0. , 0. , 0. , 0. , 0. , 0. ],
        [0. , 0. , 0. , 0. , 0. , 0. , 0. , 0. , 0. ],
        [0. , 0. , 0. , 0. , 0. , 0. , 0. , 0. , 0. ],
        [0. , 0. , 0. , 0. , 0. , 0. , 0. , 0. , 0. ],
        [0. , 0. , 0. , 0. , 0. , 0. , 0. , 0. , 0. ],
        [1. , 0. , 0. , 0. , 0. , 0. , 0. , 0. , 0. ],
        [0. , 1. , 0. , 0. , 0. , 0. , 0. , 0. , 0. ],
        [1. , 0. , 0. , 0. , 0. , 0. , 0. , 0. , 0. ]],

       [[1. , 0. , 1. , 0. , 0. , 0. , 0. , 0. , 0. ],
        [0. , 1. , 0. , 0. , 0. , 0. , 0. , 0. , 0. ],
        [1. , 0. , 1. , 0. , 0. , 0. , 0. , 0. , 0. ],
        [1. , 0. , 0. , 0. , 0. , 0. , 0. , 0. , 0. ],
        [1. , 0. , 0. , 0. , 0. , 0. , 0. , 0. , 0. ],
        [1. , 0. , 0. , 0. , 0. , 0. , 0. , 0. , 0. ],
        [0. , 0. , 0. , 0. , 0. , 0. , 0. , 0. , 0. ],
        [0. , 0. , 0. , 0. , 0. , 0. , 0. , 0. , 0. ],
        [0. , 0. , 0. , 0. , 0. , 0. , 0. , 0. , 0. ]],

       [[1. , 0. , 0. , 0. , 0. , 0. , 0. , 0. , 1. ],
        [0. , 0. , 0. , 0. , 0. , 0. , 0. , 0. , 0. ],
        [0. , 0. , 0. , 0. , 0. , 0. , 0. , 0. , 0. ],
        [0. , 0. , 0. , 0. , 0. , 0. , 0. , 0. , 0. ],
        [0. , 0. , 0. , 0. , 0. , 0. , 0. , 0. , 0. ],
        [0. , 0. , 0. , 0. , 0. , 0. , 0. , 0. , 0. ],
        [0. , 0. , 0. , 0. , 0. , 0. , 0. , 0. , 0. ],
        [0. , 0. , 0. , 0. , 0. , 0. , 0. , 0. , 0. ],
        [1. , 0. , 0. , 0. , 0. , 0. , 0. , 0. , 1. ]],

       [[2. , 0. , 0.4, 0.4, 0.4, 0.4, 0.4, 0. , 2. ],
        [0. , 0.4, 0. , 0. , 0. , 0. , 0. , 0.4, 0. ],
        [0.4, 0. , 0.4, 0. , 0. , 0. , 0.4, 0. , 0.4],
        [0.4, 0. , 0. , 0.4, 0. , 0.4, 0. , 0. , 0.4],
        [0.4, 0. , 0. , 0. , 3. , 0. , 0. , 0. , 0.4],
        [0.4, 0. , 0. , 0.4, 0. , 0.4, 0. , 0. , 0.4],
        [0.4, 0. , 0.4, 0. , 0. , 0. , 0.4, 0. , 0.4],
        [0. , 0.4, 0. , 0. , 0. , 0. , 0. , 0.4, 0. ],
        [2. , 0. , 0.4, 0.4, 0.4, 0.4, 0.4, 0. , 2. ]],

       [[0.7, 0. , 0.6, 0. , 0. , 0. , 0. , 0. , 0.4],
        [0. , 0.2, 0. , 0. , 0. , 0. , 0. , 0.6, 0. ],
        [0. , 0. , 0.1, 0. , 0. , 0. , 0. , 0. , 0.1],
        [0. , 0. , 0. , 0. , 0. , 0. , 0. , 0. , 0.1],
        [0. , 0. , 0. , 0. , 0.3, 0. , 0. , 0. , 0.1],
        [0. , 0. , 0. , 0. , 0. , 0. , 0. , 0. , 0.1],
        [0.2, 0. , 0. , 0. , 0. , 0. , 0. , 0. , 0. ],
        [0. , 0.6, 0. , 0. , 0. , 0. , 0. , 0.3, 0. ],
        [0.5, 0. , 0. , 0. , 0. , 0. , 0.3, 0. , 0.5]],

       [[0.4, 0. , 0.3, 0. , 0. , 0. , 0. , 0. , 0. ],
        [0. , 0.2, 0. , 0. , 0. , 0. , 0. , 0.4, 0. ],
        [0. , 0. , 0. , 0. , 0. , 0. , 0. , 0. , 0. ],
        [0. , 0. , 0. , 0. , 0. , 0. , 0. , 0. , 0. ],
        [0. , 0. , 0. , 0. , 0.3, 0. , 0. , 0. , 0. ],
        [0. , 0. , 0. , 0. , 0. , 0. , 0. , 0. , 0. ],
        [0.2, 0. , 0. , 0. , 0. , 0. , 0. , 0. , 0. ],
        [0. , 0.3, 0. , 0. , 0. , 0. , 0. , 0.3, 0. ],
        [0.2, 0. , 0. , 0. , 0. , 0. , 0. , 0. , 0.2]],

       [[0.2, 0. , 0.1, 0. , 0. , 0. , 0. , 0. , 0.3],
        [0. , 0. , 0. , 0. , 0. , 0. , 0. , 0.1, 0. ],
        [0. , 0. , 0. , 0. , 0. , 0. , 0. , 0. , 0. ],
        [0. , 0. , 0. , 0. , 0. , 0. , 0. , 0. , 0. ],
        [0. , 0. , 0. , 0. , 0. , 0. , 0. , 0. , 0. ],
        [0. , 0. , 0. , 0. , 0. , 0. , 0. , 0. , 0. ],
        [0. , 0. , 0. , 0. , 0. , 0. , 0. , 0. , 0. ],
        [0. , 0.3, 0. , 0. , 0. , 0. , 0. , 0. , 0. ],
        [0.2, 0. , 0. , 0. , 0. , 0. , 0. , 0. , 0.2]],

       [[0. , 0. , 0.2, 0. , 0. , 0. , 0. , 0. , 0. ],
        [0. , 0. , 0. , 0. , 0. , 0. , 0. , 0.1, 0. ],
        [0. , 0. , 0.1, 0. , 0. , 0. , 0. , 0. , 0.1],
        [0. , 0. , 0. , 0. , 0. , 0. , 0. , 0. , 0.1],
        [0. , 0. , 0. , 0. , 0. , 0. , 0. , 0. , 0.1],
        [0. , 0. , 0. , 0. , 0. , 0. , 0. , 0. , 0.1],
        [0. , 0. , 0. , 0. , 0. , 0. , 0. , 0. , 0. ],
        [0. , 0. , 0. , 0. , 0. , 0. , 0. , 0. , 0. ],
        [0. , 0. , 0. , 0. , 0. , 0. , 0.3, 0. , 0. ]],

       [[0. , 0. , 0. , 0. , 0. , 0. , 0. , 0. , 0. ],
        [0. , 0. , 0. , 0. , 0. , 0. , 0. , 0. , 0. ],
        [0. , 0. , 0. , 0. , 0. , 0. , 0. , 0. , 0. ],
        [0. , 0. , 0. , 0. , 0. , 0. , 0. , 0. , 0. ],
        [0. , 0. , 0. , 0. , 0. , 0. , 0. , 0. , 0. ],
        [0. , 0. , 0. , 0. , 0. , 0. , 0. , 0. , 0. ],
        [0. , 0. , 0. , 0. , 0. , 0. , 0. , 0. , 0. ],
        [0. , 0. , 0. , 0. , 0. , 0. , 0. , 0. , 0. ],
        [0. , 0. , 0. , 0. , 0. , 0. , 0. , 0. , 0. ]]], dtype=float32),
                 move_feats=[array([0.6, 0.2, 0. , 0.4, 0.4, 0. ], dtype=float32),
                             array([0.3, 0.1, 0. , 0.4, 0.2, 0. ], dtype=float32),
                             array([0. , 0. , 0. , 0.4, 0. , 1. ], dtype=float32)],
                 pi=[0.4269005847953216,
                     0.2719298245614035,
                     0.30116959064327486],
                 z=-1.0),
 SelfPlayExample(state_tensor=array([[[1. , 0. , 1. , 1. , 1. , 1. , 1. , 0. , 1. ],
        [0. , 1. , 0. , 0. , 0. , 0. , 0. , 1. , 0. ],
        [1. , 0. , 1. , 0. , 0. , 0. , 1. , 0. , 1. ],
        [1. , 0. , 0. , 1. , 0. , 1. , 0. , 0. , 1. ],
        [1. , 0. , 0. , 0. , 1. , 0. , 0. , 0. , 1. ],
        [1. , 0. , 0. , 1. , 0. , 1. , 0. , 0. , 1. ],
        [1. , 0. , 1. , 0. , 0. , 0. , 1. , 0. , 1. ],
        [0. , 1. , 0. , 0. , 0. , 0. , 0. , 1. , 0. ],
        [1. , 0. , 1. , 1. , 1. , 1. , 1. , 0. , 1. ]],

       [[0. , 0. , 0. , 0. , 0. , 0. , 0. , 0. , 1. ],
        [0. , 0. , 0. , 0. , 0. , 0. , 0. , 1. , 0. ],
        [0. , 0. , 0. , 0. , 0. , 0. , 0. , 0. , 1. ],
        [0. , 0. , 0. , 0. , 0. , 0. , 0. , 0. , 1. ],
        [0. , 0. , 0. , 0. , 0. , 0. , 0. , 0. , 1. ],
        [0. , 0. , 0. , 0. , 0. , 0. , 0. , 0. , 1. ],
        [0. , 0. , 0. , 0. , 0. , 0. , 0. , 0. , 0. ],
        [0. , 0. , 0. , 0. , 0. , 0. , 0. , 0. , 0. ],
        [0. , 0. , 0. , 0. , 0. , 0. , 0. , 0. , 0. ]],

       [[0. , 0. , 0. , 0. , 0. , 0. , 0. , 0. , 0. ],
        [0. , 0. , 0. , 0. , 0. , 0. , 0. , 0. , 0. ],
        [0. , 0. , 0. , 0. , 0. , 0. , 0. , 0. , 0. ],
        [0. , 0. , 0. , 0. , 0. , 0. , 0. , 0. , 0. ],
        [0. , 0. , 0. , 0. , 0. , 0. , 0. , 0. , 0. ],
        [0. , 0. , 0. , 0. , 0. , 0. , 0. , 0. , 0. ],
        [0. , 0. , 0. , 0. , 0. , 0. , 1. , 0. , 1. ],
        [0. , 0. , 0. , 0. , 0. , 0. , 0. , 1. , 0. ],
        [0. , 0. , 0. , 1. , 1. , 1. , 1. , 0. , 1. ]],

       [[0. , 0. , 0. , 0. , 0. , 0. , 0. , 0. , 0. ],
        [0. , 0. , 0. , 0. , 0. , 0. , 0. , 0. , 0. ],
        [0. , 0. , 0. , 0. , 0. , 0. , 0. , 0. , 0. ],
        [1. , 0. , 0. , 0. , 0. , 0. , 0. , 0. , 0. ],
        [1. , 0. , 0. , 0. , 0. , 0. , 0. , 0. , 0. ],
        [1. , 0. , 0. , 0. , 0. , 0. , 0. , 0. , 0. ],
        [1. , 0. , 1. , 0. , 0. , 0. , 0. , 0. , 0. ],
        [0. , 1. , 0. , 0. , 0. , 0. , 0. , 0. , 0. ],
        [1. , 0. , 1. , 0. , 0. , 0. , 0. , 0. , 0. ]],

       [[1. , 0. , 1. , 0. , 0. , 0. , 0. , 0. , 0. ],
        [0. , 1. , 0. , 0. , 0. , 0. , 0. , 0. , 0. ],
        [1. , 0. , 1. , 0. , 0. , 0. , 0. , 0. , 0. ],
        [0. , 0. , 0. , 1. , 0. , 0. , 0. , 0. , 0. ],
        [0. , 0. , 0. , 0. , 0. , 0. , 0. , 0. , 0. ],
        [0. , 0. , 0. , 0. , 0. , 0. , 0. , 0. , 0. ],
        [0. , 0. , 0. , 0. , 0. , 0. , 0. , 0. , 0. ],
        [0. , 0. , 0. , 0. , 0. , 0. , 0. , 0. , 0. ],
        [0. , 0. , 0. , 0. , 0. , 0. , 0. , 0. , 0. ]],

       [[1. , 0. , 0. , 0. , 0. , 0. , 0. , 0. , 1. ],
        [0. , 0. , 0. , 0. , 0. , 0. , 0. , 0. , 0. ],
        [0. , 0. , 0. , 0. , 0. , 0. , 0. , 0. , 0. ],
        [0. , 0. , 0. , 0. , 0. , 0. , 0. , 0. , 0. ],
        [0. , 0. , 0. , 0. , 0. , 0. , 0. , 0. , 0. ],
        [0. , 0. , 0. , 0. , 0. , 0. , 0. , 0. , 0. ],
        [0. , 0. , 0. , 0. , 0. , 0. , 0. , 0. , 0. ],
        [0. , 0. , 0. , 0. , 0. , 0. , 0. , 0. , 0. ],
        [1. , 0. , 0. , 0. , 0. , 0. , 0. , 0. , 1. ]],

       [[2. , 0. , 0.4, 0.4, 0.4, 0.4, 0.4, 0. , 2. ],
        [0. , 0.4, 0. , 0. , 0. , 0. , 0. , 0.4, 0. ],
        [0.4, 0. , 0.4, 0. , 0. , 0. , 0.4, 0. , 0.4],
        [0.4, 0. , 0. , 0.4, 0. , 0.4, 0. , 0. , 0.4],
        [0.4, 0. , 0. , 0. , 3. , 0. , 0. , 0. , 0.4],
        [0.4, 0. , 0. , 0.4, 0. , 0.4, 0. , 0. , 0.4],
        [0.4, 0. , 0.4, 0. , 0. , 0. , 0.4, 0. , 0.4],
        [0. , 0.4, 0. , 0. , 0. , 0. , 0. , 0.4, 0. ],
        [2. , 0. , 0.4, 0.4, 0.4, 0.4, 0.4, 0. , 2. ]],

       [[0.7, 0. , 0.6, 0. , 0. , 0. , 0. , 0. , 0.5],
        [0. , 0.6, 0. , 0. , 0. , 0. , 0. , 0.8, 0. ],
        [0.2, 0. , 0. , 0. , 0. , 0. , 0. , 0. , 0. ],
        [0.2, 0. , 0. , 0.1, 0. , 0. , 0. , 0. , 0.2],
        [0.2, 0. , 0. , 0. , 0.3, 0. , 0. , 0. , 0.2],
        [0.2, 0. , 0. , 0. , 0. , 0. , 0. , 0. , 0.2],
        [0. , 0. , 0.3, 0. , 0. , 0. , 0.3, 0. , 0. ],
        [0. , 0.4, 0. , 0. , 0. , 0. , 0. , 0.4, 0. ],
        [0.4, 0. , 0.3, 0.3, 0.3, 0.3, 0. , 0. , 0.5]],

       [[0.5, 0. , 0.3, 0. , 0. , 0. , 0. , 0. , 0.3],
        [0. , 0.4, 0. , 0. , 0. , 0. , 0. , 0.4, 0. ],
        [0.2, 0. , 0. , 0. , 0. , 0. , 0. , 0. , 0. ],
        [0.2, 0. , 0. , 0. , 0. , 0. , 0. , 0. , 0. ],
        [0.2, 0. , 0. , 0. , 0.3, 0. , 0. , 0. , 0. ],
        [0.2, 0. , 0. , 0. , 0. , 0. , 0. , 0. , 0. ],
        [0. , 0. , 0.3, 0. , 0. , 0. , 0.3, 0. , 0. ],
        [0. , 0.2, 0. , 0. , 0. , 0. , 0. , 0.2, 0. ],
        [0. , 0. , 0. , 0. , 0. , 0. , 0. , 0. , 0.1]],

       [[0. , 0. , 0.1, 0. , 0. , 0. , 0. , 0. , 0. ],
        [0. , 0.2, 0. , 0. , 0. , 0. , 0. , 0.4, 0. ],
        [0. , 0. , 0. , 0. , 0. , 0. , 0. , 0. , 0. ],
        [0. , 0. , 0. , 0. , 0. , 0. , 0. , 0. , 0. ],
        [0. , 0. , 0. , 0. , 0. , 0. , 0. , 0. , 0. ],
        [0. , 0. , 0. , 0. , 0. , 0. , 0. , 0. , 0. ],
        [0. , 0. , 0. , 0. , 0. , 0. , 0. , 0. , 0. ],
        [0. , 0.2, 0. , 0. , 0. , 0. , 0. , 0.2, 0. ],
        [0.1, 0. , 0.3, 0. , 0. , 0. , 0. , 0. , 0. ]],

       [[0.1, 0. , 0.2, 0. , 0. , 0. , 0. , 0. , 0.1],
        [0. , 0. , 0. , 0. , 0. , 0. , 0. , 0. , 0. ],
        [0. , 0. , 0. , 0. , 0. , 0. , 0. , 0. , 0. ],
        [0. , 0. , 0. , 0.1, 0. , 0. , 0. , 0. , 0.2],
        [0. , 0. , 0. , 0. , 0. , 0. , 0. , 0. , 0.2],
        [0. , 0. , 0. , 0. , 0. , 0. , 0. , 0. , 0.2],
        [0. , 0. , 0. , 0. , 0. , 0. , 0. , 0. , 0. ],
        [0. , 0. , 0. , 0. , 0. , 0. , 0. , 0. , 0. ],
        [0.2, 0. , 0. , 0.3, 0.3, 0.3, 0. , 0. , 0.3]],

       [[0. , 0. , 0. , 0. , 0. , 0. , 0. , 0. , 0. ],
        [0. , 0. , 0. , 0. , 0. , 0. , 0. , 0. , 0. ],
        [0. , 0. , 0. , 0. , 0. , 0. , 0. , 0. , 0. ],
        [0. , 0. , 0. , 0. , 0. , 0. , 0. , 0. , 0. ],
        [0. , 0. , 0. , 0. , 0. , 0. , 0. , 0. , 0. ],
        [0. , 0. , 0. , 0. , 0. , 0. , 0. , 0. , 0. ],
        [0. , 0. , 0. , 0. , 0. , 0. , 0. , 0. , 0. ],
        [0. , 0. , 0. , 0. , 0. , 0. , 0. , 0. , 0. ],
        [0. , 0. , 0. , 0. , 0. , 0. , 0. , 0. , 0. ]]], dtype=float32),
                 move_feats=[array([0.8, 0.4, 0. , 0.4, 0.2, 0. ], dtype=float32),
                             array([0. , 0. , 0. , 0.4, 0. , 1. ], dtype=float32)],
                 pi=[0.4680511182108626, 0.5319488817891374],
                 z=-1.0),
 SelfPlayExample(state_tensor=array([[[1. , 0. , 1. , 1. , 1. , 1. , 1. , 0. , 1. ],
        [0. , 1. , 0. , 0. , 0. , 0. , 0. , 1. , 0. ],
        [1. , 0. , 1. , 0. , 0. , 0. , 1. , 0. , 1. ],
        [1. , 0. , 0. , 1. , 0. , 1. , 0. , 0. , 1. ],
        [1. , 0. , 0. , 0. , 1. , 0. , 0. , 0. , 1. ],
        [1. , 0. , 0. , 1. , 0. , 1. , 0. , 0. , 1. ],
        [1. , 0. , 1. , 0. , 0. , 0. , 1. , 0. , 1. ],
        [0. , 1. , 0. , 0. , 0. , 0. , 0. , 1. , 0. ],
        [1. , 0. , 1. , 1. , 1. , 1. , 1. , 0. , 1. ]],

       [[0. , 0. , 0. , 0. , 0. , 0. , 0. , 0. , 1. ],
        [0. , 0. , 0. , 0. , 0. , 0. , 0. , 1. , 0. ],
        [0. , 0. , 0. , 0. , 0. , 0. , 0. , 0. , 1. ],
        [0. , 0. , 0. , 0. , 0. , 0. , 0. , 0. , 1. ],
        [0. , 0. , 0. , 0. , 0. , 0. , 0. , 0. , 1. ],
        [0. , 0. , 0. , 0. , 0. , 0. , 0. , 0. , 1. ],
        [0. , 0. , 0. , 0. , 0. , 0. , 0. , 0. , 0. ],
        [0. , 0. , 0. , 0. , 0. , 0. , 0. , 0. , 0. ],
        [0. , 0. , 0. , 0. , 0. , 0. , 0. , 0. , 0. ]],

       [[0. , 0. , 0. , 0. , 0. , 0. , 0. , 0. , 0. ],
        [0. , 0. , 0. , 0. , 0. , 0. , 0. , 0. , 0. ],
        [0. , 0. , 0. , 0. , 0. , 0. , 0. , 0. , 0. ],
        [0. , 0. , 0. , 0. , 0. , 0. , 0. , 0. , 0. ],
        [0. , 0. , 0. , 0. , 0. , 0. , 0. , 0. , 0. ],
        [0. , 0. , 0. , 0. , 0. , 1. , 0. , 0. , 0. ],
        [0. , 0. , 0. , 0. , 0. , 0. , 1. , 0. , 1. ],
        [0. , 0. , 0. , 0. , 0. , 0. , 0. , 1. , 0. ],
        [0. , 0. , 0. , 1. , 1. , 1. , 1. , 0. , 1. ]],

       [[0. , 0. , 0. , 0. , 0. , 0. , 0. , 0. , 0. ],
        [0. , 0. , 0. , 0. , 0. , 0. , 0. , 0. , 0. ],
        [0. , 0. , 0. , 0. , 0. , 0. , 0. , 0. , 0. ],
        [1. , 0. , 0. , 0. , 0. , 0. , 0. , 0. , 0. ],
        [1. , 0. , 0. , 0. , 0. , 0. , 0. , 0. , 0. ],
        [1. , 0. , 0. , 1. , 0. , 0. , 0. , 0. , 0. ],
        [1. , 0. , 1. , 0. , 0. , 0. , 0. , 0. , 0. ],
        [0. , 1. , 0. , 0. , 0. , 0. , 0. , 0. , 0. ],
        [1. , 0. , 1. , 0. , 0. , 0. , 0. , 0. , 0. ]],

       [[1. , 0. , 1. , 0. , 0. , 0. , 0. , 0. , 0. ],
        [0. , 1. , 0. , 0. , 0. , 0. , 0. , 0. , 0. ],
        [1. , 0. , 1. , 0. , 0. , 0. , 0. , 0. , 0. ],
        [0. , 0. , 0. , 1. , 0. , 0. , 0. , 0. , 0. ],
        [0. , 0. , 0. , 0. , 0. , 0. , 0. , 0. , 0. ],
        [0. , 0. , 0. , 0. , 0. , 0. , 0. , 0. , 0. ],
        [0. , 0. , 0. , 0. , 0. , 0. , 0. , 0. , 0. ],
        [0. , 0. , 0. , 0. , 0. , 0. , 0. , 0. , 0. ],
        [0. , 0. , 0. , 0. , 0. , 0. , 0. , 0. , 0. ]],

       [[1. , 0. , 0. , 0. , 0. , 0. , 0. , 0. , 1. ],
        [0. , 0. , 0. , 0. , 0. , 0. , 0. , 0. , 0. ],
        [0. , 0. , 0. , 0. , 0. , 0. , 0. , 0. , 0. ],
        [0. , 0. , 0. , 0. , 0. , 0. , 0. , 0. , 0. ],
        [0. , 0. , 0. , 0. , 0. , 0. , 0. , 0. , 0. ],
        [0. , 0. , 0. , 0. , 0. , 0. , 0. , 0. , 0. ],
        [0. , 0. , 0. , 0. , 0. , 0. , 0. , 0. , 0. ],
        [0. , 0. , 0. , 0. , 0. , 0. , 0. , 0. , 0. ],
        [1. , 0. , 0. , 0. , 0. , 0. , 0. , 0. , 1. ]],

       [[2. , 0. , 0.4, 0.4, 0.4, 0.4, 0.4, 0. , 2. ],
        [0. , 0.4, 0. , 0. , 0. , 0. , 0. , 0.4, 0. ],
        [0.4, 0. , 0.4, 0. , 0. , 0. , 0.4, 0. , 0.4],
        [0.4, 0. , 0. , 0.4, 0. , 0.4, 0. , 0. , 0.4],
        [0.4, 0. , 0. , 0. , 3. , 0. , 0. , 0. , 0.4],
        [0.4, 0. , 0. , 0.4, 0. , 0.4, 0. , 0. , 0.4],
        [0.4, 0. , 0.4, 0. , 0. , 0. , 0.4, 0. , 0.4],
        [0. , 0.4, 0. , 0. , 0. , 0. , 0. , 0.4, 0. ],
        [2. , 0. , 0.4, 0.4, 0.4, 0.4, 0.4, 0. , 2. ]],

       [[0.7, 0. , 0.7, 0. , 0. , 0. , 0. , 0. , 0.5],
        [0. , 0.5, 0. , 0. , 0. , 0. , 0. , 1.2, 0. ],
        [0.5, 0. , 0. , 0. , 0. , 0. , 0. , 0. , 0. ],
        [0. , 0. , 0. , 0. , 0. , 0. , 0. , 0. , 0.2],
        [0. , 0. , 0. , 0. , 0.3, 0. , 0. , 0. , 0.2],
        [0. , 0. , 0. , 0.3, 0. , 0.3, 0. , 0. , 0.2],
        [0. , 0. , 0. , 0. , 0. , 0. , 0. , 0. , 0.7],
        [0. , 0.1, 0. , 0. , 0. , 0. , 0. , 0.1, 0. ],
        [0.5, 0. , 0.7, 0.3, 0.3, 0.3, 0. , 0. , 0.5]],

       [[0.5, 0. , 0.3, 0. , 0. , 0. , 0. , 0. , 0.1],
        [0. , 0.5, 0. , 0. , 0. , 0. , 0. , 0.7, 0. ],
        [0.3, 0. , 0. , 0. , 0. , 0. , 0. , 0. , 0. ],
        [0. , 0. , 0. , 0. , 0. , 0. , 0. , 0. , 0. ],
        [0. , 0. , 0. , 0. , 0.3, 0. , 0. , 0. , 0. ],
        [0. , 0. , 0. , 0.3, 0. , 0.3, 0. , 0. , 0. ],
        [0. , 0. , 0. , 0. , 0. , 0. , 0. , 0. , 0.2],
        [0. , 0. , 0. , 0. , 0. , 0. , 0. , 0.1, 0. ],
        [0. , 0. , 0.2, 0. , 0. , 0. , 0. , 0. , 0. ]],

       [[0. , 0. , 0.1, 0. , 0. , 0. , 0. , 0. , 0.2],
        [0. , 0. , 0. , 0. , 0. , 0. , 0. , 0.4, 0. ],
        [0.2, 0. , 0. , 0. , 0. , 0. , 0. , 0. , 0. ],
        [0. , 0. , 0. , 0. , 0. , 0. , 0. , 0. , 0. ],
        [0. , 0. , 0. , 0. , 0. , 0. , 0. , 0. , 0. ],
        [0. , 0. , 0. , 0. , 0. , 0. , 0. , 0. , 0. ],
        [0. , 0. , 0. , 0. , 0. , 0. , 0. , 0. , 0.2],
        [0. , 0.1, 0. , 0. , 0. , 0. , 0. , 0. , 0. ],
        [0. , 0. , 0.3, 0. , 0. , 0. , 0. , 0. , 0. ]],

       [[0.1, 0. , 0.3, 0. , 0. , 0. , 0. , 0. , 0.1],
        [0. , 0. , 0. , 0. , 0. , 0. , 0. , 0.1, 0. ],
        [0. , 0. , 0. , 0. , 0. , 0. , 0. , 0. , 0. ],
        [0. , 0. , 0. , 0. , 0. , 0. , 0. , 0. , 0.2],
        [0. , 0. , 0. , 0. , 0. , 0. , 0. , 0. , 0.2],
        [0. , 0. , 0. , 0. , 0. , 0. , 0. , 0. , 0.2],
        [0. , 0. , 0. , 0. , 0. , 0. , 0. , 0. , 0.3],
        [0. , 0. , 0. , 0. , 0. , 0. , 0. , 0. , 0. ],
        [0.4, 0. , 0.2, 0.3, 0.3, 0.3, 0. , 0. , 0.4]],

       [[0. , 0. , 0. , 0. , 0. , 0. , 0. , 0. , 0. ],
        [0. , 0. , 0. , 0. , 0. , 0. , 0. , 0. , 0. ],
        [0. , 0. , 0. , 0. , 0. , 0. , 0. , 0. , 0. ],
        [0. , 0. , 0. , 0. , 0. , 0. , 0. , 0. , 0. ],
        [0. , 0. , 0. , 0. , 0. , 0. , 0. , 0. , 0. ],
        [0. , 0. , 0. , 0. , 0. , 0. , 0. , 0. , 0. ],
        [0. , 0. , 0. , 0. , 0. , 0. , 0. , 0. , 0. ],
        [0. , 0. , 0. , 0. , 0. , 0. , 0. , 0. , 0. ],
        [0. , 0. , 0. , 0. , 0. , 0. , 0. , 0. , 0. ]]], dtype=float32),
                 move_feats=[array([0.6, 0.2, 0. , 0.4, 0.2, 0. ], dtype=float32),
                             array([0. , 0. , 0. , 0.4, 0. , 1. ], dtype=float32)],
                 pi=[0.6293706293706294, 0.3706293706293706],
                 z=-1.0),
 SelfPlayExample(state_tensor=array([[[1. , 0. , 1. , 1. , 1. , 1. , 1. , 0. , 1. ],
        [0. , 1. , 0. , 0. , 0. , 0. , 0. , 1. , 0. ],
        [1. , 0. , 1. , 0. , 0. , 0. , 1. , 0. , 1. ],
        [1. , 0. , 0. , 1. , 0. , 1. , 0. , 0. , 1. ],
        [1. , 0. , 0. , 0. , 1. , 0. , 0. , 0. , 1. ],
        [1. , 0. , 0. , 1. , 0. , 1. , 0. , 0. , 1. ],
        [1. , 0. , 1. , 0. , 0. , 0. , 1. , 0. , 1. ],
        [0. , 1. , 0. , 0. , 0. , 0. , 0. , 1. , 0. ],
        [1. , 0. , 1. , 1. , 1. , 1. , 1. , 0. , 1. ]],

       [[0. , 0. , 0. , 0. , 0. , 0. , 0. , 0. , 1. ],
        [0. , 0. , 0. , 0. , 0. , 0. , 0. , 1. , 0. ],
        [0. , 0. , 0. , 0. , 0. , 0. , 0. , 0. , 1. ],
        [0. , 0. , 0. , 0. , 0. , 0. , 0. , 0. , 1. ],
        [0. , 0. , 0. , 0. , 0. , 0. , 0. , 0. , 1. ],
        [0. , 0. , 0. , 0. , 0. , 0. , 0. , 0. , 1. ],
        [0. , 0. , 0. , 0. , 0. , 0. , 0. , 0. , 0. ],
        [0. , 0. , 0. , 0. , 0. , 0. , 0. , 0. , 0. ],
        [0. , 0. , 0. , 0. , 0. , 0. , 0. , 0. , 0. ]],

       [[0. , 0. , 0. , 0. , 0. , 0. , 0. , 0. , 0. ],
        [0. , 0. , 0. , 0. , 0. , 0. , 0. , 0. , 0. ],
        [0. , 0. , 0. , 0. , 0. , 0. , 0. , 0. , 0. ],
        [0. , 0. , 0. , 0. , 0. , 0. , 0. , 0. , 0. ],
        [0. , 0. , 0. , 0. , 0. , 0. , 0. , 0. , 0. ],
        [0. , 0. , 0. , 0. , 0. , 1. , 0. , 0. , 0. ],
        [0. , 0. , 0. , 0. , 0. , 0. , 1. , 0. , 1. ],
        [0. , 0. , 0. , 0. , 0. , 0. , 0. , 1. , 0. ],
        [0. , 0. , 0. , 0. , 0. , 0. , 1. , 0. , 1. ]],

       [[0. , 0. , 0. , 0. , 0. , 0. , 0. , 0. , 0. ],
        [0. , 0. , 0. , 0. , 0. , 0. , 0. , 0. , 0. ],
        [0. , 0. , 0. , 0. , 0. , 0. , 0. , 0. , 0. ],
        [1. , 0. , 0. , 0. , 0. , 0. , 0. , 0. , 0. ],
        [1. , 0. , 0. , 0. , 0. , 0. , 0. , 0. , 0. ],
        [1. , 0. , 0. , 1. , 0. , 0. , 0. , 0. , 0. ],
        [1. , 0. , 1. , 0. , 0. , 0. , 0. , 0. , 0. ],
        [0. , 1. , 0. , 0. , 0. , 0. , 0. , 0. , 0. ],
        [1. , 0. , 1. , 1. , 1. , 1. , 0. , 0. , 0. ]],

       [[1. , 0. , 1. , 1. , 1. , 1. , 0. , 0. , 0. ],
        [0. , 1. , 0. , 0. , 0. , 0. , 0. , 0. , 0. ],
        [1. , 0. , 1. , 0. , 0. , 0. , 0. , 0. , 0. ],
        [0. , 0. , 0. , 1. , 0. , 0. , 0. , 0. , 0. ],
        [0. , 0. , 0. , 0. , 0. , 0. , 0. , 0. , 0. ],
        [0. , 0. , 0. , 0. , 0. , 0. , 0. , 0. , 0. ],
        [0. , 0. , 0. , 0. , 0. , 0. , 0. , 0. , 0. ],
        [0. , 0. , 0. , 0. , 0. , 0. , 0. , 0. , 0. ],
        [0. , 0. , 0. , 0. , 0. , 0. , 0. , 0. , 0. ]],

       [[1. , 0. , 0. , 0. , 0. , 0. , 0. , 0. , 1. ],
        [0. , 0. , 0. , 0. , 0. , 0. , 0. , 0. , 0. ],
        [0. , 0. , 0. , 0. , 0. , 0. , 0. , 0. , 0. ],
        [0. , 0. , 0. , 0. , 0. , 0. , 0. , 0. , 0. ],
        [0. , 0. , 0. , 0. , 0. , 0. , 0. , 0. , 0. ],
        [0. , 0. , 0. , 0. , 0. , 0. , 0. , 0. , 0. ],
        [0. , 0. , 0. , 0. , 0. , 0. , 0. , 0. , 0. ],
        [0. , 0. , 0. , 0. , 0. , 0. , 0. , 0. , 0. ],
        [1. , 0. , 0. , 0. , 0. , 0. , 0. , 0. , 1. ]],

       [[2. , 0. , 0.4, 0.4, 0.4, 0.4, 0.4, 0. , 2. ],
        [0. , 0.4, 0. , 0. , 0. , 0. , 0. , 0.4, 0. ],
        [0.4, 0. , 0.4, 0. , 0. , 0. , 0.4, 0. , 0.4],
        [0.4, 0. , 0. , 0.4, 0. , 0.4, 0. , 0. , 0.4],
        [0.4, 0. , 0. , 0. , 3. , 0. , 0. , 0. , 0.4],
        [0.4, 0. , 0. , 0.4, 0. , 0.4, 0. , 0. , 0.4],
        [0.4, 0. , 0.4, 0. , 0. , 0. , 0.4, 0. , 0.4],
        [0. , 0.4, 0. , 0. , 0. , 0. , 0. , 0.4, 0. ],
        [2. , 0. , 0.4, 0.4, 0.4, 0.4, 0.4, 0. , 2. ]],

       [[0.7, 0. , 0. , 0.7, 0.7, 0.7, 0. , 0. , 0.5],
        [0. , 0.5, 0. , 0. , 0. , 0. , 0. , 1.6, 0. ],
        [1.1, 0. , 0. , 0. , 0. , 0. , 0. , 0. , 0. ],
        [0. , 0. , 0. , 0. , 0. , 0. , 0. , 0. , 0. ],
        [0. , 0. , 0. , 0. , 0.3, 0. , 0. , 0. , 0. ],
        [0. , 0. , 0. , 0.3, 0. , 0.3, 0. , 0. , 0. ],
        [0.5, 0. , 0. , 0. , 0. , 0. , 0. , 0. , 1.2],
        [0. , 0. , 0. , 0. , 0. , 0. , 0. , 0. , 0. ],
        [0.7, 0. , 0. , 0.5, 0.5, 0.5, 0. , 0. , 0.7]],

       [[0.4, 0. , 0. , 0.3, 0.3, 0.3, 0. , 0. , 0.2],
        [0. , 0.5, 0. , 0. , 0. , 0. , 0. , 0.8, 0. ],
        [0.8, 0. , 0. , 0. , 0. , 0. , 0. , 0. , 0. ],
        [0. , 0. , 0. , 0. , 0. , 0. , 0. , 0. , 0. ],
        [0. , 0. , 0. , 0. , 0.3, 0. , 0. , 0. , 0. ],
        [0. , 0. , 0. , 0.3, 0. , 0.3, 0. , 0. , 0. ],
        [0. , 0. , 0. , 0. , 0. , 0. , 0. , 0. , 0.3],
        [0. , 0. , 0. , 0. , 0. , 0. , 0. , 0. , 0. ],
        [0.3, 0. , 0. , 0. , 0. , 0. , 0. , 0. , 0.4]],

       [[0.2, 0. , 0. , 0.1, 0.1, 0.1, 0. , 0. , 0. ],
        [0. , 0. , 0. , 0. , 0. , 0. , 0. , 0.6, 0. ],
        [0.2, 0. , 0. , 0. , 0. , 0. , 0. , 0. , 0. ],
        [0. , 0. , 0. , 0. , 0. , 0. , 0. , 0. , 0. ],
        [0. , 0. , 0. , 0. , 0. , 0. , 0. , 0. , 0. ],
        [0. , 0. , 0. , 0. , 0. , 0. , 0. , 0. , 0. ],
        [0.1, 0. , 0. , 0. , 0. , 0. , 0. , 0. , 0.2],
        [0. , 0. , 0. , 0. , 0. , 0. , 0. , 0. , 0. ],
        [0. , 0. , 0. , 0.3, 0.3, 0.3, 0. , 0. , 0. ]],

       [[0. , 0. , 0. , 0.3, 0.3, 0.3, 0. , 0. , 0.2],
        [0. , 0. , 0. , 0. , 0. , 0. , 0. , 0.2, 0. ],
        [0.1, 0. , 0. , 0. , 0. , 0. , 0. , 0. , 0. ],
        [0. , 0. , 0. , 0. , 0. , 0. , 0. , 0. , 0. ],
        [0. , 0. , 0. , 0. , 0. , 0. , 0. , 0. , 0. ],
        [0. , 0. , 0. , 0. , 0. , 0. , 0. , 0. , 0. ],
        [0.4, 0. , 0. , 0. , 0. , 0. , 0. , 0. , 0.7],
        [0. , 0. , 0. , 0. , 0. , 0. , 0. , 0. , 0. ],
        [0.3, 0. , 0. , 0.2, 0.2, 0.2, 0. , 0. , 0.2]],

       [[0. , 0. , 0. , 0. , 0. , 0. , 0. , 0. , 0. ],
        [0. , 0. , 0. , 0. , 0. , 0. , 0. , 0. , 0. ],
        [0. , 0. , 0. , 0. , 0. , 0. , 0. , 0. , 0. ],
        [0. , 0. , 0. , 0. , 0. , 0. , 0. , 0. , 0. ],
        [0. , 0. , 0. , 0. , 0. , 0. , 0. , 0. , 0. ],
        [0. , 0. , 0. , 0. , 0. , 0. , 0. , 0. , 0. ],
        [0. , 0. , 0. , 0. , 0. , 0. , 0. , 0. , 0. ],
        [0. , 0. , 0. , 0. , 0. , 0. , 0. , 0. , 0. ],
        [0. , 0. , 0. , 0. , 0. , 0. , 0. , 0. , 0. ]]], dtype=float32),
                 move_feats=[array([0.6, 0.2, 0. , 0.4, 0.2, 0. ], dtype=float32),
                             array([0. , 0. , 0. , 0.4, 0. , 1. ], dtype=float32)],
                 pi=[0.6024973985431842, 0.3975026014568158],
                 z=-1.0),
 SelfPlayExample(state_tensor=array([[[1. , 0. , 1. , 1. , 1. , 1. , 1. , 0. , 1. ],
        [0. , 1. , 0. , 0. , 0. , 0. , 0. , 1. , 0. ],
        [1. , 0. , 1. , 0. , 0. , 0. , 1. , 0. , 1. ],
        [1. , 0. , 0. , 1. , 0. , 1. , 0. , 0. , 1. ],
        [1. , 0. , 0. , 0. , 1. , 0. , 0. , 0. , 1. ],
        [1. , 0. , 0. , 1. , 0. , 1. , 0. , 0. , 1. ],
        [1. , 0. , 1. , 0. , 0. , 0. , 1. , 0. , 1. ],
        [0. , 1. , 0. , 0. , 0. , 0. , 0. , 1. , 0. ],
        [1. , 0. , 1. , 1. , 1. , 1. , 1. , 0. , 1. ]],

       [[0. , 0. , 0. , 0. , 0. , 0. , 0. , 0. , 1. ],
        [0. , 0. , 0. , 0. , 0. , 0. , 0. , 1. , 0. ],
        [0. , 0. , 0. , 0. , 0. , 0. , 0. , 0. , 1. ],
        [0. , 0. , 0. , 0. , 0. , 0. , 0. , 0. , 0. ],
        [0. , 0. , 0. , 0. , 0. , 0. , 0. , 0. , 0. ],
        [0. , 0. , 0. , 0. , 0. , 0. , 0. , 0. , 0. ],
        [0. , 0. , 0. , 0. , 0. , 0. , 0. , 0. , 0. ],
        [0. , 0. , 0. , 0. , 0. , 0. , 0. , 0. , 0. ],
        [0. , 0. , 0. , 0. , 0. , 0. , 0. , 0. , 0. ]],

       [[0. , 0. , 0. , 0. , 0. , 0. , 0. , 0. , 0. ],
        [0. , 0. , 0. , 0. , 0. , 0. , 0. , 0. , 0. ],
        [0. , 0. , 0. , 0. , 0. , 0. , 0. , 0. , 0. ],
        [0. , 0. , 0. , 0. , 0. , 0. , 0. , 0. , 1. ],
        [0. , 0. , 0. , 0. , 0. , 0. , 0. , 0. , 1. ],
        [0. , 0. , 0. , 0. , 0. , 1. , 0. , 0. , 1. ],
        [0. , 0. , 0. , 0. , 0. , 0. , 1. , 0. , 1. ],
        [0. , 0. , 0. , 0. , 0. , 0. , 0. , 1. , 0. ],
        [0. , 0. , 0. , 0. , 0. , 0. , 0. , 0. , 1. ]],

       [[0. , 0. , 0. , 0. , 0. , 0. , 0. , 0. , 0. ],
        [0. , 0. , 0. , 0. , 0. , 0. , 0. , 0. , 0. ],
        [0. , 0. , 0. , 0. , 0. , 0. , 0. , 0. , 0. ],
        [0. , 0. , 0. , 0. , 0. , 0. , 0. , 0. , 0. ],
        [0. , 0. , 0. , 0. , 0. , 0. , 0. , 0. , 0. ],
        [0. , 0. , 0. , 1. , 0. , 0. , 0. , 0. , 0. ],
        [1. , 0. , 1. , 0. , 0. , 0. , 0. , 0. , 0. ],
        [0. , 1. , 0. , 0. , 0. , 0. , 0. , 0. , 0. ],
        [1. , 0. , 1. , 1. , 1. , 1. , 1. , 0. , 0. ]],

       [[1. , 0. , 1. , 1. , 1. , 1. , 1. , 0. , 0. ],
        [0. , 1. , 0. , 0. , 0. , 0. , 0. , 0. , 0. ],
        [1. , 0. , 1. , 0. , 0. , 0. , 0. , 0. , 0. ],
        [1. , 0. , 0. , 1. , 0. , 0. , 0. , 0. , 0. ],
        [1. , 0. , 0. , 0. , 0. , 0. , 0. , 0. , 0. ],
        [1. , 0. , 0. , 0. , 0. , 0. , 0. , 0. , 0. ],
        [0. , 0. , 0. , 0. , 0. , 0. , 0. , 0. , 0. ],
        [0. , 0. , 0. , 0. , 0. , 0. , 0. , 0. , 0. ],
        [0. , 0. , 0. , 0. , 0. , 0. , 0. , 0. , 0. ]],

       [[1. , 0. , 0. , 0. , 0. , 0. , 0. , 0. , 1. ],
        [0. , 0. , 0. , 0. , 0. , 0. , 0. , 0. , 0. ],
        [0. , 0. , 0. , 0. , 0. , 0. , 0. , 0. , 0. ],
        [0. , 0. , 0. , 0. , 0. , 0. , 0. , 0. , 0. ],
        [0. , 0. , 0. , 0. , 0. , 0. , 0. , 0. , 0. ],
        [0. , 0. , 0. , 0. , 0. , 0. , 0. , 0. , 0. ],
        [0. , 0. , 0. , 0. , 0. , 0. , 0. , 0. , 0. ],
        [0. , 0. , 0. , 0. , 0. , 0. , 0. , 0. , 0. ],
        [1. , 0. , 0. , 0. , 0. , 0. , 0. , 0. , 1. ]],

       [[2. , 0. , 0.4, 0.4, 0.4, 0.4, 0.4, 0. , 2. ],
        [0. , 0.4, 0. , 0. , 0. , 0. , 0. , 0.4, 0. ],
        [0.4, 0. , 0.4, 0. , 0. , 0. , 0.4, 0. , 0.4],
        [0.4, 0. , 0. , 0.4, 0. , 0.4, 0. , 0. , 0.4],
        [0.4, 0. , 0. , 0. , 3. , 0. , 0. , 0. , 0.4],
        [0.4, 0. , 0. , 0.4, 0. , 0.4, 0. , 0. , 0.4],
        [0.4, 0. , 0.4, 0. , 0. , 0. , 0.4, 0. , 0.4],
        [0. , 0.4, 0. , 0. , 0. , 0. , 0. , 0.4, 0. ],
        [2. , 0. , 0.4, 0.4, 0.4, 0.4, 0.4, 0. , 2. ]],

       [[0.7, 0. , 0. , 0. , 0. , 0. , 0.6, 0. , 0.5],
        [0. , 0.6, 0. , 0. , 0. , 0. , 0. , 1.8, 0. ],
        [0.5, 0. , 0. , 0. , 0. , 0. , 0. , 0. , 0. ],
        [0.9, 0. , 0. , 0. , 0. , 0. , 0. , 0. , 1.2],
        [0.9, 0. , 0. , 0. , 0.3, 0. , 0. , 0. , 1.2],
        [0.9, 0. , 0. , 0.3, 0. , 0.1, 0. , 0. , 1.2],
        [0.3, 0. , 0. , 0. , 0. , 0. , 0. , 0. , 0. ],
        [0. , 0.3, 0. , 0. , 0. , 0. , 0. , 0.4, 0. ],
        [0.8, 0. , 0. , 0. , 0. , 0. , 0.4, 0. , 0.6]],

       [[0.4, 0. , 0. , 0. , 0. , 0. , 0.2, 0. , 0.2],
        [0. , 0.4, 0. , 0. , 0. , 0. , 0. , 1. , 0. ],
        [0.5, 0. , 0. , 0. , 0. , 0. , 0. , 0. , 0. ],
        [0.6, 0. , 0. , 0. , 0. , 0. , 0. , 0. , 0.3],
        [0.6, 0. , 0. , 0. , 0.3, 0. , 0. , 0. , 0.3],
        [0.6, 0. , 0. , 0.3, 0. , 0.1, 0. , 0. , 0.3],
        [0. , 0. , 0. , 0. , 0. , 0. , 0. , 0. , 0. ],
        [0. , 0.3, 0. , 0. , 0. , 0. , 0. , 0.4, 0. ],
        [0.4, 0. , 0. , 0. , 0. , 0. , 0. , 0. , 0. ]],

       [[0. , 0. , 0. , 0. , 0. , 0. , 0.1, 0. , 0. ],
        [0. , 0.2, 0. , 0. , 0. , 0. , 0. , 0.6, 0. ],
        [0. , 0. , 0. , 0. , 0. , 0. , 0. , 0. , 0. ],
        [0.2, 0. , 0. , 0. , 0. , 0. , 0. , 0. , 0.2],
        [0.2, 0. , 0. , 0. , 0. , 0. , 0. , 0. , 0.2],
        [0.2, 0. , 0. , 0. , 0. , 0. , 0. , 0. , 0.2],
        [0. , 0. , 0. , 0. , 0. , 0. , 0. , 0. , 0. ],
        [0. , 0. , 0. , 0. , 0. , 0. , 0. , 0. , 0. ],
        [0.3, 0. , 0. , 0. , 0. , 0. , 0.2, 0. , 0.3]],

       [[0.2, 0. , 0. , 0. , 0. , 0. , 0.3, 0. , 0.2],
        [0. , 0. , 0. , 0. , 0. , 0. , 0. , 0.2, 0. ],
        [0. , 0. , 0. , 0. , 0. , 0. , 0. , 0. , 0. ],
        [0.1, 0. , 0. , 0. , 0. , 0. , 0. , 0. , 0.7],
        [0.1, 0. , 0. , 0. , 0. , 0. , 0. , 0. , 0.7],
        [0.1, 0. , 0. , 0. , 0. , 0. , 0. , 0. , 0.7],
        [0.3, 0. , 0. , 0. , 0. , 0. , 0. , 0. , 0. ],
        [0. , 0. , 0. , 0. , 0. , 0. , 0. , 0. , 0. ],
        [0. , 0. , 0. , 0. , 0. , 0. , 0.2, 0. , 0.2]],

       [[0. , 0. , 0. , 0. , 0. , 0. , 0. , 0. , 0. ],
        [0. , 0. , 0. , 0. , 0. , 0. , 0. , 0. , 0. ],
        [0. , 0. , 0. , 0. , 0. , 0. , 0. , 0. , 0. ],
        [0. , 0. , 0. , 0. , 0. , 0. , 0. , 0. , 0. ],
        [0. , 0. , 0. , 0. , 0. , 0. , 0. , 0. , 0. ],
        [0. , 0. , 0. , 0. , 0. , 0. , 0. , 0. , 0. ],
        [0. , 0. , 0. , 0. , 0. , 0. , 0. , 0. , 0. ],
        [0. , 0. , 0. , 0. , 0. , 0. , 0. , 0. , 0. ],
        [0. , 0. , 0. , 0. , 0. , 0. , 0. , 0. , 0. ]]], dtype=float32),
                 move_feats=[array([0. , 0. , 0. , 0.4, 0. , 1. ], dtype=float32)],
                 pi=[1.0],
                 z=-1.0),
 SelfPlayExample(state_tensor=array([[[1. , 0. , 1. , 1. , 1. , 1. , 1. , 0. , 1. ],
        [0. , 1. , 0. , 0. , 0. , 0. , 0. , 1. , 0. ],
        [1. , 0. , 1. , 0. , 0. , 0. , 1. , 0. , 1. ],
        [1. , 0. , 0. , 1. , 0. , 1. , 0. , 0. , 1. ],
        [1. , 0. , 0. , 0. , 1. , 0. , 0. , 0. , 1. ],
        [1. , 0. , 0. , 1. , 0. , 1. , 0. , 0. , 1. ],
        [1. , 0. , 1. , 0. , 0. , 0. , 1. , 0. , 1. ],
        [0. , 1. , 0. , 0. , 0. , 0. , 0. , 1. , 0. ],
        [1. , 0. , 1. , 1. , 1. , 1. , 1. , 0. , 1. ]],

       [[0. , 0. , 0. , 0. , 0. , 0. , 0. , 0. , 1. ],
        [0. , 0. , 0. , 0. , 0. , 0. , 0. , 1. , 0. ],
        [0. , 0. , 0. , 0. , 0. , 0. , 0. , 0. , 0. ],
        [0. , 0. , 0. , 0. , 0. , 0. , 0. , 0. , 0. ],
        [0. , 0. , 0. , 0. , 0. , 0. , 0. , 0. , 0. ],
        [0. , 0. , 0. , 0. , 0. , 0. , 0. , 0. , 0. ],
        [0. , 0. , 0. , 0. , 0. , 0. , 0. , 0. , 0. ],
        [0. , 0. , 0. , 0. , 0. , 0. , 0. , 0. , 0. ],
        [0. , 0. , 0. , 0. , 0. , 0. , 0. , 0. , 0. ]],

       [[0. , 0. , 0. , 0. , 0. , 0. , 0. , 0. , 0. ],
        [0. , 0. , 0. , 0. , 0. , 0. , 0. , 0. , 0. ],
        [0. , 0. , 0. , 0. , 0. , 0. , 0. , 0. , 1. ],
        [0. , 0. , 0. , 0. , 0. , 0. , 0. , 0. , 1. ],
        [0. , 0. , 0. , 0. , 0. , 0. , 0. , 0. , 1. ],
        [0. , 0. , 0. , 0. , 0. , 1. , 0. , 0. , 1. ],
        [0. , 0. , 0. , 0. , 0. , 0. , 1. , 0. , 1. ],
        [0. , 0. , 0. , 0. , 0. , 0. , 0. , 1. , 0. ],
        [0. , 0. , 0. , 0. , 0. , 0. , 1. , 0. , 1. ]],

       [[0. , 0. , 0. , 0. , 0. , 0. , 0. , 0. , 0. ],
        [0. , 0. , 0. , 0. , 0. , 0. , 0. , 0. , 0. ],
        [0. , 0. , 0. , 0. , 0. , 0. , 0. , 0. , 0. ],
        [0. , 0. , 0. , 0. , 0. , 0. , 0. , 0. , 0. ],
        [0. , 0. , 0. , 0. , 0. , 0. , 0. , 0. , 0. ],
        [0. , 0. , 0. , 1. , 0. , 0. , 0. , 0. , 0. ],
        [0. , 0. , 1. , 0. , 0. , 0. , 0. , 0. , 0. ],
        [0. , 1. , 0. , 0. , 0. , 0. , 0. , 0. , 0. ],
        [1. , 0. , 1. , 1. , 1. , 1. , 0. , 0. , 0. ]],

       [[1. , 0. , 1. , 1. , 1. , 1. , 1. , 0. , 0. ],
        [0. , 1. , 0. , 0. , 0. , 0. , 0. , 0. , 0. ],
        [1. , 0. , 1. , 0. , 0. , 0. , 0. , 0. , 0. ],
        [1. , 0. , 0. , 1. , 0. , 0. , 0. , 0. , 0. ],
        [1. , 0. , 0. , 0. , 0. , 0. , 0. , 0. , 0. ],
        [1. , 0. , 0. , 0. , 0. , 0. , 0. , 0. , 0. ],
        [1. , 0. , 0. , 0. , 0. , 0. , 0. , 0. , 0. ],
        [0. , 0. , 0. , 0. , 0. , 0. , 0. , 0. , 0. ],
        [0. , 0. , 0. , 0. , 0. , 0. , 0. , 0. , 0. ]],

       [[1. , 0. , 0. , 0. , 0. , 0. , 0. , 0. , 1. ],
        [0. , 0. , 0. , 0. , 0. , 0. , 0. , 0. , 0. ],
        [0. , 0. , 0. , 0. , 0. , 0. , 0. , 0. , 0. ],
        [0. , 0. , 0. , 0. , 0. , 0. , 0. , 0. , 0. ],
        [0. , 0. , 0. , 0. , 0. , 0. , 0. , 0. , 0. ],
        [0. , 0. , 0. , 0. , 0. , 0. , 0. , 0. , 0. ],
        [0. , 0. , 0. , 0. , 0. , 0. , 0. , 0. , 0. ],
        [0. , 0. , 0. , 0. , 0. , 0. , 0. , 0. , 0. ],
        [1. , 0. , 0. , 0. , 0. , 0. , 0. , 0. , 1. ]],

       [[2. , 0. , 0.4, 0.4, 0.4, 0.4, 0.4, 0. , 2. ],
        [0. , 0.4, 0. , 0. , 0. , 0. , 0. , 0.4, 0. ],
        [0.4, 0. , 0.4, 0. , 0. , 0. , 0.4, 0. , 0.4],
        [0.4, 0. , 0. , 0.4, 0. , 0.4, 0. , 0. , 0.4],
        [0.4, 0. , 0. , 0. , 3. , 0. , 0. , 0. , 0.4],
        [0.4, 0. , 0. , 0.4, 0. , 0.4, 0. , 0. , 0.4],
        [0.4, 0. , 0.4, 0. , 0. , 0. , 0.4, 0. , 0.4],
        [0. , 0.4, 0. , 0. , 0. , 0. , 0. , 0.4, 0. ],
        [2. , 0. , 0.4, 0.4, 0.4, 0.4, 0.4, 0. , 2. ]],

       [[0.8, 0. , 0. , 0. , 0. , 0. , 0.6, 0. , 0.7],
        [0. , 0.4, 0. , 0. , 0. , 0. , 0. , 2.2, 0. ],
        [0. , 0. , 0.8, 0. , 0. , 0. , 0. , 0. , 1.2],
        [0.5, 0. , 0. , 0. , 0. , 0. , 0. , 0. , 0. ],
        [0.5, 0. , 0. , 0. , 0.3, 0. , 0. , 0. , 0. ],
        [0.5, 0. , 0. , 0.1, 0. , 0.1, 0. , 0. , 0. ],
        [0.6, 0. , 0. , 0. , 0. , 0. , 0. , 0. , 0. ],
        [0. , 0.7, 0. , 0. , 0. , 0. , 0. , 0.3, 0. ],
        [0.7, 0. , 0. , 0. , 0. , 0. , 0.5, 0. , 0.7]],

       [[0.4, 0. , 0. , 0. , 0. , 0. , 0.2, 0. , 0.6],
        [0. , 0.4, 0. , 0. , 0. , 0. , 0. , 1.2, 0. ],
        [0. , 0. , 0.4, 0. , 0. , 0. , 0. , 0. , 0.3],
        [0.5, 0. , 0. , 0. , 0. , 0. , 0. , 0. , 0. ],
        [0.5, 0. , 0. , 0. , 0.3, 0. , 0. , 0. , 0. ],
        [0.5, 0. , 0. , 0.1, 0. , 0.1, 0. , 0. , 0. ],
        [0.3, 0. , 0. , 0. , 0. , 0. , 0. , 0. , 0. ],
        [0. , 0.4, 0. , 0. , 0. , 0. , 0. , 0. , 0. ],
        [0. , 0. , 0. , 0. , 0. , 0. , 0.3, 0. , 0.3]],

       [[0.1, 0. , 0. , 0. , 0. , 0. , 0.1, 0. , 0. ],
        [0. , 0. , 0. , 0. , 0. , 0. , 0. , 0.6, 0. ],
        [0. , 0. , 0.2, 0. , 0. , 0. , 0. , 0. , 0.2],
        [0. , 0. , 0. , 0. , 0. , 0. , 0. , 0. , 0. ],
        [0. , 0. , 0. , 0. , 0. , 0. , 0. , 0. , 0. ],
        [0. , 0. , 0. , 0. , 0. , 0. , 0. , 0. , 0. ],
        [0.2, 0. , 0. , 0. , 0. , 0. , 0. , 0. , 0. ],
        [0. , 0.3, 0. , 0. , 0. , 0. , 0. , 0.3, 0. ],
        [0.4, 0. , 0. , 0. , 0. , 0. , 0. , 0. , 0.2]],

       [[0.2, 0. , 0. , 0. , 0. , 0. , 0.3, 0. , 0. ],
        [0. , 0. , 0. , 0. , 0. , 0. , 0. , 0.4, 0. ],
        [0. , 0. , 0.2, 0. , 0. , 0. , 0. , 0. , 0.7],
        [0. , 0. , 0. , 0. , 0. , 0. , 0. , 0. , 0. ],
        [0. , 0. , 0. , 0. , 0. , 0. , 0. , 0. , 0. ],
        [0. , 0. , 0. , 0. , 0. , 0. , 0. , 0. , 0. ],
        [0.1, 0. , 0. , 0. , 0. , 0. , 0. , 0. , 0. ],
        [0. , 0. , 0. , 0. , 0. , 0. , 0. , 0. , 0. ],
        [0.2, 0. , 0. , 0. , 0. , 0. , 0.2, 0. , 0.1]],

       [[0. , 0. , 0. , 0. , 0. , 0. , 0. , 0. , 0. ],
        [0. , 0. , 0. , 0. , 0. , 0. , 0. , 0. , 0. ],
        [0. , 0. , 0. , 0. , 0. , 0. , 0. , 0. , 0. ],
        [0. , 0. , 0. , 0. , 0. , 0. , 0. , 0. , 0. ],
        [0. , 0. , 0. , 0. , 0. , 0. , 0. , 0. , 0. ],
        [0. , 0. , 0. , 0. , 0. , 0. , 0. , 0. , 0. ],
        [0. , 0. , 0. , 0. , 0. , 0. , 0. , 0. , 0. ],
        [0. , 0. , 0. , 0. , 0. , 0. , 0. , 0. , 0. ],
        [0. , 0. , 0. , 0. , 0. , 0. , 0. , 0. , 0. ]]], dtype=float32),
                 move_feats=[array([4.2, 2.2, 0. , 0.4, 0.6, 0. ], dtype=float32),
                             array([0. , 0. , 0. , 0.4, 0. , 1. ], dtype=float32)],
                 pi=[0.415061295971979, 0.5849387040280211],
                 z=-1.0),
 SelfPlayExample(state_tensor=array([[[1. , 0. , 1. , 1. , 1. , 1. , 1. , 0. , 1. ],
        [0. , 1. , 0. , 0. , 0. , 0. , 0. , 1. , 0. ],
        [1. , 0. , 1. , 0. , 0. , 0. , 1. , 0. , 1. ],
        [1. , 0. , 0. , 1. , 0. , 1. , 0. , 0. , 1. ],
        [1. , 0. , 0. , 0. , 1. , 0. , 0. , 0. , 1. ],
        [1. , 0. , 0. , 1. , 0. , 1. , 0. , 0. , 1. ],
        [1. , 0. , 1. , 0. , 0. , 0. , 1. , 0. , 1. ],
        [0. , 1. , 0. , 0. , 0. , 0. , 0. , 1. , 0. ],
        [1. , 0. , 1. , 1. , 1. , 1. , 1. , 0. , 1. ]],

       [[0. , 0. , 0. , 0. , 0. , 0. , 0. , 0. , 1. ],
        [0. , 0. , 0. , 0. , 0. , 0. , 0. , 1. , 0. ],
        [0. , 0. , 0. , 0. , 0. , 0. , 1. , 0. , 0. ],
        [0. , 0. , 0. , 0. , 0. , 0. , 0. , 0. , 0. ],
        [0. , 0. , 0. , 0. , 0. , 0. , 0. , 0. , 0. ],
        [0. , 0. , 0. , 0. , 0. , 0. , 0. , 0. , 0. ],
        [0. , 0. , 0. , 0. , 0. , 0. , 0. , 0. , 0. ],
        [0. , 0. , 0. , 0. , 0. , 0. , 0. , 0. , 0. ],
        [0. , 0. , 0. , 0. , 0. , 0. , 0. , 0. , 0. ]],

       [[0. , 0. , 0. , 0. , 0. , 0. , 0. , 0. , 0. ],
        [0. , 0. , 0. , 0. , 0. , 0. , 0. , 0. , 0. ],
        [0. , 0. , 0. , 0. , 0. , 0. , 0. , 0. , 1. ],
        [0. , 0. , 0. , 0. , 0. , 0. , 0. , 0. , 1. ],
        [0. , 0. , 0. , 0. , 0. , 0. , 0. , 0. , 1. ],
        [0. , 0. , 0. , 0. , 0. , 1. , 0. , 0. , 1. ],
        [0. , 0. , 0. , 0. , 0. , 0. , 1. , 0. , 1. ],
        [0. , 0. , 0. , 0. , 0. , 0. , 0. , 1. , 0. ],
        [0. , 0. , 0. , 0. , 0. , 0. , 1. , 0. , 1. ]],

       [[0. , 0. , 0. , 0. , 0. , 0. , 0. , 0. , 0. ],
        [0. , 0. , 0. , 0. , 0. , 0. , 0. , 0. , 0. ],
        [0. , 0. , 0. , 0. , 0. , 0. , 0. , 0. , 0. ],
        [0. , 0. , 0. , 0. , 0. , 0. , 0. , 0. , 0. ],
        [0. , 0. , 0. , 0. , 0. , 0. , 0. , 0. , 0. ],
        [0. , 0. , 0. , 1. , 0. , 0. , 0. , 0. , 0. ],
        [0. , 0. , 1. , 0. , 0. , 0. , 0. , 0. , 0. ],
        [0. , 1. , 0. , 0. , 0. , 0. , 0. , 0. , 0. ],
        [1. , 0. , 1. , 1. , 1. , 1. , 0. , 0. , 0. ]],

       [[1. , 0. , 1. , 1. , 1. , 1. , 1. , 0. , 0. ],
        [0. , 1. , 0. , 0. , 0. , 0. , 0. , 0. , 0. ],
        [1. , 0. , 1. , 0. , 0. , 0. , 0. , 0. , 0. ],
        [1. , 0. , 0. , 1. , 0. , 0. , 0. , 0. , 0. ],
        [1. , 0. , 0. , 0. , 0. , 0. , 0. , 0. , 0. ],
        [1. , 0. , 0. , 0. , 0. , 0. , 0. , 0. , 0. ],
        [1. , 0. , 0. , 0. , 0. , 0. , 0. , 0. , 0. ],
        [0. , 0. , 0. , 0. , 0. , 0. , 0. , 0. , 0. ],
        [0. , 0. , 0. , 0. , 0. , 0. , 0. , 0. , 0. ]],

       [[1. , 0. , 0. , 0. , 0. , 0. , 0. , 0. , 1. ],
        [0. , 0. , 0. , 0. , 0. , 0. , 0. , 0. , 0. ],
        [0. , 0. , 0. , 0. , 0. , 0. , 0. , 0. , 0. ],
        [0. , 0. , 0. , 0. , 0. , 0. , 0. , 0. , 0. ],
        [0. , 0. , 0. , 0. , 0. , 0. , 0. , 0. , 0. ],
        [0. , 0. , 0. , 0. , 0. , 0. , 0. , 0. , 0. ],
        [0. , 0. , 0. , 0. , 0. , 0. , 0. , 0. , 0. ],
        [0. , 0. , 0. , 0. , 0. , 0. , 0. , 0. , 0. ],
        [1. , 0. , 0. , 0. , 0. , 0. , 0. , 0. , 1. ]],

       [[2. , 0. , 0.4, 0.4, 0.4, 0.4, 0.4, 0. , 2. ],
        [0. , 0.4, 0. , 0. , 0. , 0. , 0. , 0.4, 0. ],
        [0.4, 0. , 0.4, 0. , 0. , 0. , 0.4, 0. , 0.4],
        [0.4, 0. , 0. , 0.4, 0. , 0.4, 0. , 0. , 0.4],
        [0.4, 0. , 0. , 0. , 3. , 0. , 0. , 0. , 0.4],
        [0.4, 0. , 0. , 0.4, 0. , 0.4, 0. , 0. , 0.4],
        [0.4, 0. , 0.4, 0. , 0. , 0. , 0.4, 0. , 0.4],
        [0. , 0.4, 0. , 0. , 0. , 0. , 0. , 0.4, 0. ],
        [2. , 0. , 0.4, 0.4, 0.4, 0.4, 0.4, 0. , 2. ]],

       [[1. , 0. , 0. , 0. , 0. , 0. , 0.6, 0. , 0.5],
        [0. , 0.5, 0. , 0. , 0. , 0. , 0. , 2. , 0. ],
        [0. , 0. , 0.6, 0. , 0. , 0. , 0.4, 0. , 0.5],
        [0. , 0. , 0. , 0.6, 0. , 0. , 0. , 0. , 0. ],
        [0. , 0. , 0. , 0. , 0.2, 0. , 0. , 0. , 0. ],
        [0. , 0. , 0. , 0.1, 0. , 0.1, 0. , 0. , 0. ],
        [0.5, 0. , 0. , 0. , 0. , 0. , 0. , 0. , 0. ],
        [0. , 0.9, 0. , 0. , 0. , 0. , 0. , 0.5, 0. ],
        [0.7, 0. , 0. , 0. , 0. , 0. , 0.9, 0. , 0.7]],

       [[0.8, 0. , 0. , 0. , 0. , 0. , 0.2, 0. , 0.2],
        [0. , 0.4, 0. , 0. , 0. , 0. , 0. , 1.4, 0. ],
        [0. , 0. , 0.4, 0. , 0. , 0. , 0. , 0. , 0.3],
        [0. , 0. , 0. , 0.4, 0. , 0. , 0. , 0. , 0. ],
        [0. , 0. , 0. , 0. , 0.2, 0. , 0. , 0. , 0. ],
        [0. , 0. , 0. , 0.1, 0. , 0.1, 0. , 0. , 0. ],
        [0.5, 0. , 0. , 0. , 0. , 0. , 0. , 0. , 0. ],
        [0. , 0. , 0. , 0. , 0. , 0. , 0. , 0.3, 0. ],
        [0.4, 0. , 0. , 0. , 0. , 0. , 0.3, 0. , 0.3]],

       [[0.1, 0. , 0. , 0. , 0. , 0. , 0.1, 0. , 0.2],
        [0. , 0.1, 0. , 0. , 0. , 0. , 0. , 0.6, 0. ],
        [0. , 0. , 0. , 0. , 0. , 0. , 0. , 0. , 0.2],
        [0. , 0. , 0. , 0.2, 0. , 0. , 0. , 0. , 0. ],
        [0. , 0. , 0. , 0. , 0. , 0. , 0. , 0. , 0. ],
        [0. , 0. , 0. , 0. , 0. , 0. , 0. , 0. , 0. ],
        [0. , 0. , 0. , 0. , 0. , 0. , 0. , 0. , 0. ],
        [0. , 0.7, 0. , 0. , 0. , 0. , 0. , 0.2, 0. ],
        [0. , 0. , 0. , 0. , 0. , 0. , 0.3, 0. , 0. ]],

       [[0. , 0. , 0. , 0. , 0. , 0. , 0.3, 0. , 0. ],
        [0. , 0. , 0. , 0. , 0. , 0. , 0. , 0. , 0. ],
        [0. , 0. , 0.2, 0. , 0. , 0. , 0.4, 0. , 0. ],
        [0. , 0. , 0. , 0. , 0. , 0. , 0. , 0. , 0. ],
        [0. , 0. , 0. , 0. , 0. , 0. , 0. , 0. , 0. ],
        [0. , 0. , 0. , 0. , 0. , 0. , 0. , 0. , 0. ],
        [0. , 0. , 0. , 0. , 0. , 0. , 0. , 0. , 0. ],
        [0. , 0.2, 0. , 0. , 0. , 0. , 0. , 0. , 0. ],
        [0.2, 0. , 0. , 0. , 0. , 0. , 0.3, 0. , 0.3]],

       [[0. , 0. , 0. , 0. , 0. , 0. , 0. , 0. , 0. ],
        [0. , 0. , 0. , 0. , 0. , 0. , 0. , 0. , 0. ],
        [0. , 0. , 0. , 0. , 0. , 0. , 0. , 0. , 0. ],
        [0. , 0. , 0. , 0. , 0. , 0. , 0. , 0. , 0. ],
        [0. , 0. , 0. , 0. , 0. , 0. , 0. , 0. , 0. ],
        [0. , 0. , 0. , 0. , 0. , 0. , 0. , 0. , 0. ],
        [0. , 0. , 0. , 0. , 0. , 0. , 0. , 0. , 0. ],
        [0. , 0. , 0. , 0. , 0. , 0. , 0. , 0. , 0. ],
        [0. , 0. , 0. , 0. , 0. , 0. , 0. , 0. , 0. ]]], dtype=float32),
                 move_feats=[array([4.4, 2.4, 0. , 0.4, 0.6, 0. ], dtype=float32),
                             array([3.2, 2. , 0. , 0.4, 0.4, 0. ], dtype=float32),
                             array([0. , 0. , 0. , 0.4, 0. , 1. ], dtype=float32)],
                 pi=[0.5034013605442177,
                     0.2585034013605442,
                     0.23809523809523808],
                 z=-1.0),
 SelfPlayExample(state_tensor=array([[[1. , 0. , 1. , 1. , 1. , 1. , 1. , 0. , 1. ],
        [0. , 1. , 0. , 0. , 0. , 0. , 0. , 1. , 0. ],
        [1. , 0. , 1. , 0. , 0. , 0. , 1. , 0. , 1. ],
        [1. , 0. , 0. , 1. , 0. , 1. , 0. , 0. , 1. ],
        [1. , 0. , 0. , 0. , 1. , 0. , 0. , 0. , 1. ],
        [1. , 0. , 0. , 1. , 0. , 1. , 0. , 0. , 1. ],
        [1. , 0. , 1. , 0. , 0. , 0. , 1. , 0. , 1. ],
        [0. , 1. , 0. , 0. , 0. , 0. , 0. , 1. , 0. ],
        [1. , 0. , 1. , 1. , 1. , 1. , 1. , 0. , 1. ]],

       [[0. , 0. , 0. , 0. , 0. , 0. , 1. , 0. , 1. ],
        [0. , 0. , 0. , 0. , 0. , 0. , 0. , 0. , 0. ],
        [0. , 0. , 0. , 0. , 0. , 0. , 1. , 0. , 0. ],
        [0. , 0. , 0. , 0. , 0. , 0. , 0. , 0. , 0. ],
        [0. , 0. , 0. , 0. , 0. , 0. , 0. , 0. , 0. ],
        [0. , 0. , 0. , 0. , 0. , 0. , 0. , 0. , 0. ],
        [0. , 0. , 0. , 0. , 0. , 0. , 0. , 0. , 0. ],
        [0. , 0. , 0. , 0. , 0. , 0. , 0. , 0. , 0. ],
        [0. , 0. , 0. , 0. , 0. , 0. , 0. , 0. , 0. ]],

       [[0. , 0. , 0. , 0. , 0. , 0. , 0. , 0. , 0. ],
        [0. , 0. , 0. , 0. , 0. , 0. , 0. , 1. , 0. ],
        [0. , 0. , 0. , 0. , 0. , 0. , 0. , 0. , 1. ],
        [0. , 0. , 0. , 0. , 0. , 0. , 0. , 0. , 1. ],
        [0. , 0. , 0. , 0. , 0. , 0. , 0. , 0. , 1. ],
        [0. , 0. , 0. , 0. , 0. , 1. , 0. , 0. , 1. ],
        [0. , 0. , 0. , 0. , 0. , 0. , 1. , 0. , 1. ],
        [0. , 0. , 0. , 0. , 0. , 0. , 0. , 1. , 0. ],
        [0. , 0. , 0. , 0. , 0. , 0. , 1. , 0. , 1. ]],

       [[0. , 0. , 0. , 0. , 0. , 0. , 0. , 0. , 0. ],
        [0. , 0. , 0. , 0. , 0. , 0. , 0. , 0. , 0. ],
        [0. , 0. , 0. , 0. , 0. , 0. , 0. , 0. , 0. ],
        [0. , 0. , 0. , 0. , 0. , 0. , 0. , 0. , 0. ],
        [0. , 0. , 0. , 0. , 0. , 0. , 0. , 0. , 0. ],
        [0. , 0. , 0. , 1. , 0. , 0. , 0. , 0. , 0. ],
        [0. , 0. , 1. , 0. , 0. , 0. , 0. , 0. , 0. ],
        [0. , 1. , 0. , 0. , 0. , 0. , 0. , 0. , 0. ],
        [1. , 0. , 1. , 1. , 1. , 1. , 0. , 0. , 0. ]],

       [[1. , 0. , 1. , 1. , 1. , 1. , 0. , 0. , 0. ],
        [0. , 1. , 0. , 0. , 0. , 0. , 0. , 0. , 0. ],
        [1. , 0. , 1. , 0. , 0. , 0. , 0. , 0. , 0. ],
        [1. , 0. , 0. , 1. , 0. , 0. , 0. , 0. , 0. ],
        [1. , 0. , 0. , 0. , 0. , 0. , 0. , 0. , 0. ],
        [1. , 0. , 0. , 0. , 0. , 0. , 0. , 0. , 0. ],
        [1. , 0. , 0. , 0. , 0. , 0. , 0. , 0. , 0. ],
        [0. , 0. , 0. , 0. , 0. , 0. , 0. , 0. , 0. ],
        [0. , 0. , 0. , 0. , 0. , 0. , 0. , 0. , 0. ]],

       [[1. , 0. , 0. , 0. , 0. , 0. , 0. , 0. , 1. ],
        [0. , 0. , 0. , 0. , 0. , 0. , 0. , 0. , 0. ],
        [0. , 0. , 0. , 0. , 0. , 0. , 0. , 0. , 0. ],
        [0. , 0. , 0. , 0. , 0. , 0. , 0. , 0. , 0. ],
        [0. , 0. , 0. , 0. , 0. , 0. , 0. , 0. , 0. ],
        [0. , 0. , 0. , 0. , 0. , 0. , 0. , 0. , 0. ],
        [0. , 0. , 0. , 0. , 0. , 0. , 0. , 0. , 0. ],
        [0. , 0. , 0. , 0. , 0. , 0. , 0. , 0. , 0. ],
        [1. , 0. , 0. , 0. , 0. , 0. , 0. , 0. , 1. ]],

       [[2. , 0. , 0.4, 0.4, 0.4, 0.4, 0.4, 0. , 2. ],
        [0. , 0.4, 0. , 0. , 0. , 0. , 0. , 0.4, 0. ],
        [0.4, 0. , 0.4, 0. , 0. , 0. , 0.4, 0. , 0.4],
        [0.4, 0. , 0. , 0.4, 0. , 0.4, 0. , 0. , 0.4],
        [0.4, 0. , 0. , 0. , 3. , 0. , 0. , 0. , 0.4],
        [0.4, 0. , 0. , 0.4, 0. , 0.4, 0. , 0. , 0.4],
        [0.4, 0. , 0.4, 0. , 0. , 0. , 0.4, 0. , 0.4],
        [0. , 0.4, 0. , 0. , 0. , 0. , 0. , 0.4, 0. ],
        [2. , 0. , 0.4, 0.4, 0.4, 0.4, 0.4, 0. , 2. ]],

       [[0.8, 0. , 0.5, 0. , 0. , 0. , 2.2, 0. , 0.5],
        [0. , 0.9, 0. , 0. , 0. , 0. , 0. , 0.5, 0. ],
        [0. , 0. , 0. , 0. , 0. , 0. , 0. , 0. , 0. ],
        [0. , 0. , 0. , 1.2, 0. , 0. , 0. , 0. , 0. ],
        [0. , 0. , 0. , 0. , 0.2, 0. , 0. , 0. , 0. ],
        [0. , 0. , 0. , 0.1, 0. , 0.1, 0. , 0. , 0. ],
        [0.5, 0. , 0. , 0. , 0. , 0. , 0. , 0. , 0. ],
        [0. , 1.5, 0. , 0. , 0. , 0. , 0. , 0.3, 0. ],
        [0.5, 0. , 0. , 0. , 0. , 0. , 1.7, 0. , 0.8]],

       [[0.2, 0. , 0.4, 0. , 0. , 0. , 1.2, 0. , 0.2],
        [0. , 0.8, 0. , 0. , 0. , 0. , 0. , 0.3, 0. ],
        [0. , 0. , 0. , 0. , 0. , 0. , 0. , 0. , 0. ],
        [0. , 0. , 0. , 0.8, 0. , 0. , 0. , 0. , 0. ],
        [0. , 0. , 0. , 0. , 0.2, 0. , 0. , 0. , 0. ],
        [0. , 0. , 0. , 0.1, 0. , 0.1, 0. , 0. , 0. ],
        [0.5, 0. , 0. , 0. , 0. , 0. , 0. , 0. , 0. ],
        [0. , 0.4, 0. , 0. , 0. , 0. , 0. , 0.3, 0. ],
        [0. , 0. , 0. , 0. , 0. , 0. , 0.6, 0. , 0.5]],

       [[0.3, 0. , 0.1, 0. , 0. , 0. , 0.6, 0. , 0.2],
        [0. , 0.1, 0. , 0. , 0. , 0. , 0. , 0.2, 0. ],
        [0. , 0. , 0. , 0. , 0. , 0. , 0. , 0. , 0. ],
        [0. , 0. , 0. , 0.2, 0. , 0. , 0. , 0. , 0. ],
        [0. , 0. , 0. , 0. , 0. , 0. , 0. , 0. , 0. ],
        [0. , 0. , 0. , 0. , 0. , 0. , 0. , 0. , 0. ],
        [0. , 0. , 0. , 0. , 0. , 0. , 0. , 0. , 0. ],
        [0. , 0.7, 0. , 0. , 0. , 0. , 0. , 0. , 0. ],
        [0. , 0. , 0. , 0. , 0. , 0. , 0.5, 0. , 0.1]],

       [[0.2, 0. , 0. , 0. , 0. , 0. , 0.4, 0. , 0. ],
        [0. , 0. , 0. , 0. , 0. , 0. , 0. , 0. , 0. ],
        [0. , 0. , 0. , 0. , 0. , 0. , 0. , 0. , 0. ],
        [0. , 0. , 0. , 0.2, 0. , 0. , 0. , 0. , 0. ],
        [0. , 0. , 0. , 0. , 0. , 0. , 0. , 0. , 0. ],
        [0. , 0. , 0. , 0. , 0. , 0. , 0. , 0. , 0. ],
        [0. , 0. , 0. , 0. , 0. , 0. , 0. , 0. , 0. ],
        [0. , 0.4, 0. , 0. , 0. , 0. , 0. , 0. , 0. ],
        [0.4, 0. , 0. , 0. , 0. , 0. , 0.6, 0. , 0.1]],

       [[0. , 0. , 0. , 0. , 0. , 0. , 0. , 0. , 0. ],
        [0. , 0. , 0. , 0. , 0. , 0. , 0. , 0. , 0. ],
        [0. , 0. , 0. , 0. , 0. , 0. , 0. , 0. , 0. ],
        [0. , 0. , 0. , 0. , 0. , 0. , 0. , 0. , 0. ],
        [0. , 0. , 0. , 0. , 0. , 0. , 0. , 0. , 0. ],
        [0. , 0. , 0. , 0. , 0. , 0. , 0. , 0. , 0. ],
        [0. , 0. , 0. , 0. , 0. , 0. , 0. , 0. , 0. ],
        [0. , 0. , 0. , 0. , 0. , 0. , 0. , 0. , 0. ],
        [0. , 0. , 0. , 0. , 0. , 0. , 0. , 0. , 0. ]]], dtype=float32),
                 move_feats=[array([7.2, 2.6, 0. , 0.4, 1. , 0. ], dtype=float32),
                             array([3.2, 1.4, 0. , 0.4, 0.8, 0. ], dtype=float32),
                             array([2.8, 1.2, 0. , 0.4, 0.6, 0. ], dtype=float32),
                             array([1.6, 0.6, 0. , 0.4, 0.4, 0. ], dtype=float32),
                             array([1.2, 0.4, 0. , 0.4, 0.2, 0. ], dtype=float32),
                             array([0. , 0. , 0. , 0.4, 0. , 1. ], dtype=float32)],
                 pi=[0.15718157181571815,
                     0.13008130081300814,
                     0.1856368563685637,
                     0.12466124661246612,
                     0.22493224932249323,
                     0.17750677506775067],
                 z=-1.0),
 SelfPlayExample(state_tensor=array([[[1. , 0. , 1. , 1. , 1. , 1. , 1. , 0. , 1. ],
        [0. , 1. , 0. , 0. , 0. , 0. , 0. , 1. , 0. ],
        [1. , 0. , 1. , 0. , 0. , 0. , 1. , 0. , 1. ],
        [1. , 0. , 0. , 1. , 0. , 1. , 0. , 0. , 1. ],
        [1. , 0. , 0. , 0. , 1. , 0. , 0. , 0. , 1. ],
        [1. , 0. , 0. , 1. , 0. , 1. , 0. , 0. , 1. ],
        [1. , 0. , 1. , 0. , 0. , 0. , 1. , 0. , 1. ],
        [0. , 1. , 0. , 0. , 0. , 0. , 0. , 1. , 0. ],
        [1. , 0. , 1. , 1. , 1. , 1. , 1. , 0. , 1. ]],

       [[0. , 0. , 0. , 1. , 1. , 1. , 1. , 0. , 1. ],
        [0. , 0. , 0. , 0. , 0. , 0. , 0. , 0. , 0. ],
        [0. , 0. , 0. , 0. , 0. , 0. , 0. , 0. , 0. ],
        [0. , 0. , 0. , 0. , 0. , 0. , 0. , 0. , 0. ],
        [0. , 0. , 0. , 0. , 0. , 0. , 0. , 0. , 0. ],
        [0. , 0. , 0. , 0. , 0. , 0. , 0. , 0. , 0. ],
        [0. , 0. , 0. , 0. , 0. , 0. , 0. , 0. , 0. ],
        [0. , 0. , 0. , 0. , 0. , 0. , 0. , 0. , 0. ],
        [0. , 0. , 0. , 0. , 0. , 0. , 0. , 0. , 0. ]],

       [[0. , 0. , 0. , 0. , 0. , 0. , 0. , 0. , 0. ],
        [0. , 0. , 0. , 0. , 0. , 0. , 0. , 1. , 0. ],
        [0. , 0. , 0. , 0. , 0. , 0. , 1. , 0. , 1. ],
        [0. , 0. , 0. , 0. , 0. , 0. , 0. , 0. , 1. ],
        [0. , 0. , 0. , 0. , 0. , 0. , 0. , 0. , 1. ],
        [0. , 0. , 0. , 0. , 0. , 1. , 0. , 0. , 1. ],
        [0. , 0. , 0. , 0. , 0. , 0. , 1. , 0. , 1. ],
        [0. , 0. , 0. , 0. , 0. , 0. , 0. , 1. , 0. ],
        [0. , 0. , 0. , 0. , 0. , 0. , 1. , 0. , 1. ]],

       [[0. , 0. , 0. , 0. , 0. , 0. , 0. , 0. , 0. ],
        [0. , 0. , 0. , 0. , 0. , 0. , 0. , 0. , 0. ],
        [0. , 0. , 0. , 0. , 0. , 0. , 0. , 0. , 0. ],
        [0. , 0. , 0. , 0. , 0. , 0. , 0. , 0. , 0. ],
        [0. , 0. , 0. , 0. , 0. , 0. , 0. , 0. , 0. ],
        [0. , 0. , 0. , 1. , 0. , 0. , 0. , 0. , 0. ],
        [0. , 0. , 1. , 0. , 0. , 0. , 0. , 0. , 0. ],
        [0. , 1. , 0. , 0. , 0. , 0. , 0. , 0. , 0. ],
        [1. , 0. , 1. , 1. , 1. , 1. , 0. , 0. , 0. ]],

       [[1. , 0. , 1. , 0. , 0. , 0. , 0. , 0. , 0. ],
        [0. , 1. , 0. , 0. , 0. , 0. , 0. , 0. , 0. ],
        [1. , 0. , 1. , 0. , 0. , 0. , 0. , 0. , 0. ],
        [1. , 0. , 0. , 1. , 0. , 0. , 0. , 0. , 0. ],
        [1. , 0. , 0. , 0. , 1. , 0. , 0. , 0. , 0. ],
        [1. , 0. , 0. , 0. , 0. , 0. , 0. , 0. , 0. ],
        [1. , 0. , 0. , 0. , 0. , 0. , 0. , 0. , 0. ],
        [0. , 0. , 0. , 0. , 0. , 0. , 0. , 0. , 0. ],
        [0. , 0. , 0. , 0. , 0. , 0. , 0. , 0. , 0. ]],

       [[1. , 0. , 0. , 0. , 0. , 0. , 0. , 0. , 1. ],
        [0. , 0. , 0. , 0. , 0. , 0. , 0. , 0. , 0. ],
        [0. , 0. , 0. , 0. , 0. , 0. , 0. , 0. , 0. ],
        [0. , 0. , 0. , 0. , 0. , 0. , 0. , 0. , 0. ],
        [0. , 0. , 0. , 0. , 0. , 0. , 0. , 0. , 0. ],
        [0. , 0. , 0. , 0. , 0. , 0. , 0. , 0. , 0. ],
        [0. , 0. , 0. , 0. , 0. , 0. , 0. , 0. , 0. ],
        [0. , 0. , 0. , 0. , 0. , 0. , 0. , 0. , 0. ],
        [1. , 0. , 0. , 0. , 0. , 0. , 0. , 0. , 1. ]],

       [[2. , 0. , 0.4, 0.4, 0.4, 0.4, 0.4, 0. , 2. ],
        [0. , 0.4, 0. , 0. , 0. , 0. , 0. , 0.4, 0. ],
        [0.4, 0. , 0.4, 0. , 0. , 0. , 0.4, 0. , 0.4],
        [0.4, 0. , 0. , 0.4, 0. , 0.4, 0. , 0. , 0.4],
        [0.4, 0. , 0. , 0. , 3. , 0. , 0. , 0. , 0.4],
        [0.4, 0. , 0. , 0.4, 0. , 0.4, 0. , 0. , 0.4],
        [0.4, 0. , 0.4, 0. , 0. , 0. , 0.4, 0. , 0.4],
        [0. , 0.4, 0. , 0. , 0. , 0. , 0. , 0.4, 0. ],
        [2. , 0. , 0.4, 0.4, 0.4, 0.4, 0.4, 0. , 2. ]],

       [[0.8, 0. , 1.4, 0.4, 0.4, 0.4, 1.2, 0. , 1. ],
        [0. , 0.5, 0. , 0. , 0. , 0. , 0. , 0. , 0. ],
        [0. , 0. , 0. , 0. , 0. , 0. , 0.1, 0. , 0. ],
        [0. , 0. , 0. , 0. , 0. , 0. , 0. , 0. , 0. ],
        [0. , 0. , 0. , 0. , 1.1, 0. , 0. , 0. , 0. ],
        [0. , 0. , 0. , 0.1, 0. , 0.1, 0. , 0. , 0. ],
        [0.5, 0. , 0. , 0. , 0. , 0. , 0. , 0. , 0. ],
        [0. , 1.9, 0. , 0. , 0. , 0. , 0. , 0.6, 0. ],
        [0.6, 0. , 0. , 0. , 0. , 0. , 2.1, 0. , 0.7]],

       [[0.3, 0. , 1. , 0. , 0. , 0. , 1.2, 0. , 0.6],
        [0. , 0.2, 0. , 0. , 0. , 0. , 0. , 0. , 0. ],
        [0. , 0. , 0. , 0. , 0. , 0. , 0. , 0. , 0. ],
        [0. , 0. , 0. , 0. , 0. , 0. , 0. , 0. , 0. ],
        [0. , 0. , 0. , 0. , 0.7, 0. , 0. , 0. , 0. ],
        [0. , 0. , 0. , 0.1, 0. , 0.1, 0. , 0. , 0. ],
        [0.5, 0. , 0. , 0. , 0. , 0. , 0. , 0. , 0. ],
        [0. , 0.4, 0. , 0. , 0. , 0. , 0. , 0.5, 0. ],
        [0.1, 0. , 0. , 0. , 0. , 0. , 0.9, 0. , 0.1]],

       [[0.3, 0. , 0.2, 0.4, 0.4, 0.4, 0. , 0. , 0.3],
        [0. , 0.3, 0. , 0. , 0. , 0. , 0. , 0. , 0. ],
        [0. , 0. , 0. , 0. , 0. , 0. , 0.1, 0. , 0. ],
        [0. , 0. , 0. , 0. , 0. , 0. , 0. , 0. , 0. ],
        [0. , 0. , 0. , 0. , 0.2, 0. , 0. , 0. , 0. ],
        [0. , 0. , 0. , 0. , 0. , 0. , 0. , 0. , 0. ],
        [0. , 0. , 0. , 0. , 0. , 0. , 0. , 0. , 0. ],
        [0. , 0.7, 0. , 0. , 0. , 0. , 0. , 0.1, 0. ],
        [0.3, 0. , 0. , 0. , 0. , 0. , 0.5, 0. , 0.2]],

       [[0.1, 0. , 0.2, 0. , 0. , 0. , 0. , 0. , 0. ],
        [0. , 0. , 0. , 0. , 0. , 0. , 0. , 0. , 0. ],
        [0. , 0. , 0. , 0. , 0. , 0. , 0. , 0. , 0. ],
        [0. , 0. , 0. , 0. , 0. , 0. , 0. , 0. , 0. ],
        [0. , 0. , 0. , 0. , 0.2, 0. , 0. , 0. , 0. ],
        [0. , 0. , 0. , 0. , 0. , 0. , 0. , 0. , 0. ],
        [0. , 0. , 0. , 0. , 0. , 0. , 0. , 0. , 0. ],
        [0. , 0.8, 0. , 0. , 0. , 0. , 0. , 0. , 0. ],
        [0.1, 0. , 0. , 0. , 0. , 0. , 0.7, 0. , 0.3]],

       [[0. , 0. , 0. , 0. , 0. , 0. , 0. , 0. , 0. ],
        [0. , 0. , 0. , 0. , 0. , 0. , 0. , 0. , 0. ],
        [0. , 0. , 0. , 0. , 0. , 0. , 0. , 0. , 0. ],
        [0. , 0. , 0. , 0. , 0. , 0. , 0. , 0. , 0. ],
        [0. , 0. , 0. , 0. , 0. , 0. , 0. , 0. , 0. ],
        [0. , 0. , 0. , 0. , 0. , 0. , 0. , 0. , 0. ],
        [0. , 0. , 0. , 0. , 0. , 0. , 0. , 0. , 0. ],
        [0. , 0. , 0. , 0. , 0. , 0. , 0. , 0. , 0. ],
        [0. , 0. , 0. , 0. , 0. , 0. , 0. , 0. , 0. ]]], dtype=float32),
                 move_feats=[array([0.6, 0.3, 0. , 0.4, 0.2, 0. ], dtype=float32),
                             array([0. , 0. , 0. , 0.4, 0. , 1. ], dtype=float32)],
                 pi=[0.429, 0.571],
                 z=-1.0),
 SelfPlayExample(state_tensor=array([[[1. , 0. , 1. , 1. , 1. , 1. , 1. , 0. , 1. ],
        [0. , 1. , 0. , 0. , 0. , 0. , 0. , 1. , 0. ],
        [1. , 0. , 1. , 0. , 0. , 0. , 1. , 0. , 1. ],
        [1. , 0. , 0. , 1. , 0. , 1. , 0. , 0. , 1. ],
        [1. , 0. , 0. , 0. , 1. , 0. , 0. , 0. , 1. ],
        [1. , 0. , 0. , 1. , 0. , 1. , 0. , 0. , 1. ],
        [1. , 0. , 1. , 0. , 0. , 0. , 1. , 0. , 1. ],
        [0. , 1. , 0. , 0. , 0. , 0. , 0. , 1. , 0. ],
        [1. , 0. , 1. , 1. , 1. , 1. , 1. , 0. , 1. ]],

       [[0. , 0. , 0. , 0. , 0. , 0. , 1. , 0. , 1. ],
        [0. , 0. , 0. , 0. , 0. , 0. , 0. , 0. , 0. ],
        [0. , 0. , 0. , 0. , 0. , 0. , 0. , 0. , 0. ],
        [0. , 0. , 0. , 0. , 0. , 0. , 0. , 0. , 0. ],
        [0. , 0. , 0. , 0. , 0. , 0. , 0. , 0. , 0. ],
        [0. , 0. , 0. , 0. , 0. , 0. , 0. , 0. , 0. ],
        [0. , 0. , 0. , 0. , 0. , 0. , 0. , 0. , 0. ],
        [0. , 0. , 0. , 0. , 0. , 0. , 0. , 0. , 0. ],
        [0. , 0. , 0. , 0. , 0. , 0. , 0. , 0. , 0. ]],

       [[0. , 0. , 0. , 0. , 0. , 0. , 0. , 0. , 0. ],
        [0. , 0. , 0. , 0. , 0. , 0. , 0. , 1. , 0. ],
        [0. , 0. , 0. , 0. , 0. , 0. , 1. , 0. , 1. ],
        [0. , 0. , 0. , 0. , 0. , 0. , 0. , 0. , 1. ],
        [0. , 0. , 0. , 0. , 0. , 0. , 0. , 0. , 1. ],
        [0. , 0. , 0. , 0. , 0. , 1. , 0. , 0. , 1. ],
        [0. , 0. , 0. , 0. , 0. , 0. , 1. , 0. , 1. ],
        [0. , 0. , 0. , 0. , 0. , 0. , 0. , 1. , 0. ],
        [0. , 0. , 0. , 0. , 0. , 0. , 1. , 0. , 1. ]],

       [[0. , 0. , 0. , 0. , 0. , 0. , 0. , 0. , 0. ],
        [0. , 0. , 0. , 0. , 0. , 0. , 0. , 0. , 0. ],
        [0. , 0. , 0. , 0. , 0. , 0. , 0. , 0. , 0. ],
        [0. , 0. , 0. , 0. , 0. , 0. , 0. , 0. , 0. ],
        [0. , 0. , 0. , 0. , 0. , 0. , 0. , 0. , 0. ],
        [0. , 0. , 0. , 1. , 0. , 0. , 0. , 0. , 0. ],
        [0. , 0. , 1. , 0. , 0. , 0. , 0. , 0. , 0. ],
        [0. , 1. , 0. , 0. , 0. , 0. , 0. , 0. , 0. ],
        [1. , 0. , 1. , 1. , 1. , 1. , 0. , 0. , 0. ]],

       [[1. , 0. , 1. , 1. , 1. , 1. , 0. , 0. , 0. ],
        [0. , 1. , 0. , 0. , 0. , 0. , 0. , 0. , 0. ],
        [1. , 0. , 1. , 0. , 0. , 0. , 0. , 0. , 0. ],
        [1. , 0. , 0. , 1. , 0. , 1. , 0. , 0. , 0. ],
        [1. , 0. , 0. , 0. , 1. , 0. , 0. , 0. , 0. ],
        [1. , 0. , 0. , 0. , 0. , 0. , 0. , 0. , 0. ],
        [1. , 0. , 0. , 0. , 0. , 0. , 0. , 0. , 0. ],
        [0. , 0. , 0. , 0. , 0. , 0. , 0. , 0. , 0. ],
        [0. , 0. , 0. , 0. , 0. , 0. , 0. , 0. , 0. ]],

       [[1. , 0. , 0. , 0. , 0. , 0. , 0. , 0. , 1. ],
        [0. , 0. , 0. , 0. , 0. , 0. , 0. , 0. , 0. ],
        [0. , 0. , 0. , 0. , 0. , 0. , 0. , 0. , 0. ],
        [0. , 0. , 0. , 0. , 0. , 0. , 0. , 0. , 0. ],
        [0. , 0. , 0. , 0. , 0. , 0. , 0. , 0. , 0. ],
        [0. , 0. , 0. , 0. , 0. , 0. , 0. , 0. , 0. ],
        [0. , 0. , 0. , 0. , 0. , 0. , 0. , 0. , 0. ],
        [0. , 0. , 0. , 0. , 0. , 0. , 0. , 0. , 0. ],
        [1. , 0. , 0. , 0. , 0. , 0. , 0. , 0. , 1. ]],

       [[2. , 0. , 0.4, 0.4, 0.4, 0.4, 0.4, 0. , 2. ],
        [0. , 0.4, 0. , 0. , 0. , 0. , 0. , 0.4, 0. ],
        [0.4, 0. , 0.4, 0. , 0. , 0. , 0.4, 0. , 0.4],
        [0.4, 0. , 0. , 0.4, 0. , 0.4, 0. , 0. , 0.4],
        [0.4, 0. , 0. , 0. , 3. , 0. , 0. , 0. , 0.4],
        [0.4, 0. , 0. , 0.4, 0. , 0.4, 0. , 0. , 0.4],
        [0.4, 0. , 0.4, 0. , 0. , 0. , 0.4, 0. , 0.4],
        [0. , 0.4, 0. , 0. , 0. , 0. , 0. , 0.4, 0. ],
        [2. , 0. , 0.4, 0.4, 0.4, 0.4, 0.4, 0. , 2. ]],

       [[1.1, 0. , 0.6, 1.4, 1.4, 1.4, 1.2, 0. , 1.4],
        [0. , 0.6, 0. , 0. , 0. , 0. , 0. , 0. , 0. ],
        [0. , 0. , 0. , 0. , 0. , 0. , 0. , 0. , 0. ],
        [0. , 0. , 0. , 0. , 0. , 1.1, 0. , 0. , 0. ],
        [0. , 0. , 0. , 0. , 0. , 0. , 0. , 0. , 0. ],
        [0. , 0. , 0. , 0.1, 0. , 0.1, 0. , 0. , 0. ],
        [0.5, 0. , 0. , 0. , 0. , 0. , 0. , 0. , 0. ],
        [0. , 2.4, 0. , 0. , 0. , 0. , 0. , 0.3, 0. ],
        [0.6, 0. , 0. , 0. , 0. , 0. , 3. , 0. , 0.9]],

       [[0.1, 0. , 0.2, 1. , 1. , 1. , 1.2, 0. , 0.6],
        [0. , 0.3, 0. , 0. , 0. , 0. , 0. , 0. , 0. ],
        [0. , 0. , 0. , 0. , 0. , 0. , 0. , 0. , 0. ],
        [0. , 0. , 0. , 0. , 0. , 0.7, 0. , 0. , 0. ],
        [0. , 0. , 0. , 0. , 0. , 0. , 0. , 0. , 0. ],
        [0. , 0. , 0. , 0.1, 0. , 0.1, 0. , 0. , 0. ],
        [0.5, 0. , 0. , 0. , 0. , 0. , 0. , 0. , 0. ],
        [0. , 0.5, 0. , 0. , 0. , 0. , 0. , 0.1, 0. ],
        [0.1, 0. , 0. , 0. , 0. , 0. , 1.4, 0. , 0.5]],

       [[0.9, 0. , 0.3, 0.2, 0.2, 0.2, 0. , 0. , 0.7],
        [0. , 0.3, 0. , 0. , 0. , 0. , 0. , 0. , 0. ],
        [0. , 0. , 0. , 0. , 0. , 0. , 0. , 0. , 0. ],
        [0. , 0. , 0. , 0. , 0. , 0.2, 0. , 0. , 0. ],
        [0. , 0. , 0. , 0. , 0. , 0. , 0. , 0. , 0. ],
        [0. , 0. , 0. , 0. , 0. , 0. , 0. , 0. , 0. ],
        [0. , 0. , 0. , 0. , 0. , 0. , 0. , 0. , 0. ],
        [0. , 1. , 0. , 0. , 0. , 0. , 0. , 0.2, 0. ],
        [0.3, 0. , 0. , 0. , 0. , 0. , 0.6, 0. , 0.2]],

       [[0. , 0. , 0.1, 0.2, 0.2, 0.2, 0. , 0. , 0. ],
        [0. , 0. , 0. , 0. , 0. , 0. , 0. , 0. , 0. ],
        [0. , 0. , 0. , 0. , 0. , 0. , 0. , 0. , 0. ],
        [0. , 0. , 0. , 0. , 0. , 0.2, 0. , 0. , 0. ],
        [0. , 0. , 0. , 0. , 0. , 0. , 0. , 0. , 0. ],
        [0. , 0. , 0. , 0. , 0. , 0. , 0. , 0. , 0. ],
        [0. , 0. , 0. , 0. , 0. , 0. , 0. , 0. , 0. ],
        [0. , 0.9, 0. , 0. , 0. , 0. , 0. , 0. , 0. ],
        [0.1, 0. , 0. , 0. , 0. , 0. , 1. , 0. , 0.1]],

       [[0. , 0. , 0. , 0. , 0. , 0. , 0. , 0. , 0. ],
        [0. , 0. , 0. , 0. , 0. , 0. , 0. , 0. , 0. ],
        [0. , 0. , 0. , 0. , 0. , 0. , 0. , 0. , 0. ],
        [0. , 0. , 0. , 0. , 0. , 0. , 0. , 0. , 0. ],
        [0. , 0. , 0. , 0. , 0. , 0. , 0. , 0. , 0. ],
        [0. , 0. , 0. , 0. , 0. , 0. , 0. , 0. , 0. ],
        [0. , 0. , 0. , 0. , 0. , 0. , 0. , 0. , 0. ],
        [0. , 0. , 0. , 0. , 0. , 0. , 0. , 0. , 0. ],
        [0. , 0. , 0. , 0. , 0. , 0. , 0. , 0. , 0. ]]], dtype=float32),
                 move_feats=[array([1.4, 0.7, 0. , 0.4, 0.2, 0. ], dtype=float32),
                             array([0. , 0. , 0. , 0.4, 0. , 1. ], dtype=float32)],
                 pi=[0.3835820895522388, 0.6164179104477612],
                 z=-1.0),
 SelfPlayExample(state_tensor=array([[[1. , 0. , 1. , 1. , 1. , 1. , 1. , 0. , 1. ],
        [0. , 1. , 0. , 0. , 0. , 0. , 0. , 1. , 0. ],
        [1. , 0. , 1. , 0. , 0. , 0. , 1. , 0. , 1. ],
        [1. , 0. , 0. , 1. , 0. , 1. , 0. , 0. , 1. ],
        [1. , 0. , 0. , 0. , 1. , 0. , 0. , 0. , 1. ],
        [1. , 0. , 0. , 1. , 0. , 1. , 0. , 0. , 1. ],
        [1. , 0. , 1. , 0. , 0. , 0. , 1. , 0. , 1. ],
        [0. , 1. , 0. , 0. , 0. , 0. , 0. , 1. , 0. ],
        [1. , 0. , 1. , 1. , 1. , 1. , 1. , 0. , 1. ]],

       [[0. , 0. , 0. , 0. , 0. , 0. , 0. , 0. , 1. ],
        [0. , 0. , 0. , 0. , 0. , 0. , 0. , 0. , 0. ],
        [0. , 0. , 0. , 0. , 0. , 0. , 0. , 0. , 0. ],
        [0. , 0. , 0. , 0. , 0. , 0. , 0. , 0. , 0. ],
        [0. , 0. , 0. , 0. , 0. , 0. , 0. , 0. , 0. ],
        [0. , 0. , 0. , 0. , 0. , 0. , 0. , 0. , 0. ],
        [0. , 0. , 0. , 0. , 0. , 0. , 0. , 0. , 0. ],
        [0. , 0. , 0. , 0. , 0. , 0. , 0. , 0. , 0. ],
        [0. , 0. , 0. , 0. , 0. , 0. , 0. , 0. , 0. ]],

       [[0. , 0. , 0. , 0. , 0. , 0. , 0. , 0. , 0. ],
        [0. , 0. , 0. , 0. , 0. , 0. , 0. , 1. , 0. ],
        [0. , 0. , 0. , 0. , 0. , 0. , 1. , 0. , 1. ],
        [0. , 0. , 0. , 0. , 0. , 0. , 0. , 0. , 1. ],
        [0. , 0. , 0. , 0. , 0. , 0. , 0. , 0. , 1. ],
        [0. , 0. , 0. , 0. , 0. , 1. , 0. , 0. , 1. ],
        [0. , 0. , 0. , 0. , 0. , 0. , 1. , 0. , 1. ],
        [0. , 0. , 0. , 0. , 0. , 0. , 0. , 1. , 0. ],
        [0. , 0. , 0. , 0. , 0. , 0. , 1. , 0. , 1. ]],

       [[0. , 0. , 0. , 0. , 0. , 0. , 0. , 0. , 0. ],
        [0. , 0. , 0. , 0. , 0. , 0. , 0. , 0. , 0. ],
        [0. , 0. , 0. , 0. , 0. , 0. , 0. , 0. , 0. ],
        [0. , 0. , 0. , 0. , 0. , 0. , 0. , 0. , 0. ],
        [0. , 0. , 0. , 0. , 0. , 0. , 0. , 0. , 0. ],
        [0. , 0. , 0. , 1. , 0. , 0. , 0. , 0. , 0. ],
        [0. , 0. , 1. , 0. , 0. , 0. , 0. , 0. , 0. ],
        [0. , 1. , 0. , 0. , 0. , 0. , 0. , 0. , 0. ],
        [1. , 0. , 1. , 1. , 1. , 1. , 0. , 0. , 0. ]],

       [[1. , 0. , 1. , 1. , 1. , 1. , 1. , 0. , 0. ],
        [0. , 1. , 0. , 0. , 0. , 0. , 0. , 0. , 0. ],
        [1. , 0. , 1. , 0. , 0. , 0. , 0. , 0. , 0. ],
        [1. , 0. , 0. , 1. , 0. , 1. , 0. , 0. , 0. ],
        [1. , 0. , 0. , 0. , 1. , 0. , 0. , 0. , 0. ],
        [1. , 0. , 0. , 0. , 0. , 0. , 0. , 0. , 0. ],
        [1. , 0. , 0. , 0. , 0. , 0. , 0. , 0. , 0. ],
        [0. , 0. , 0. , 0. , 0. , 0. , 0. , 0. , 0. ],
        [0. , 0. , 0. , 0. , 0. , 0. , 0. , 0. , 0. ]],

       [[1. , 0. , 0. , 0. , 0. , 0. , 0. , 0. , 1. ],
        [0. , 0. , 0. , 0. , 0. , 0. , 0. , 0. , 0. ],
        [0. , 0. , 0. , 0. , 0. , 0. , 0. , 0. , 0. ],
        [0. , 0. , 0. , 0. , 0. , 0. , 0. , 0. , 0. ],
        [0. , 0. , 0. , 0. , 0. , 0. , 0. , 0. , 0. ],
        [0. , 0. , 0. , 0. , 0. , 0. , 0. , 0. , 0. ],
        [0. , 0. , 0. , 0. , 0. , 0. , 0. , 0. , 0. ],
        [0. , 0. , 0. , 0. , 0. , 0. , 0. , 0. , 0. ],
        [1. , 0. , 0. , 0. , 0. , 0. , 0. , 0. , 1. ]],

       [[2. , 0. , 0.4, 0.4, 0.4, 0.4, 0.4, 0. , 2. ],
        [0. , 0.4, 0. , 0. , 0. , 0. , 0. , 0.4, 0. ],
        [0.4, 0. , 0.4, 0. , 0. , 0. , 0.4, 0. , 0.4],
        [0.4, 0. , 0. , 0.4, 0. , 0.4, 0. , 0. , 0.4],
        [0.4, 0. , 0. , 0. , 3. , 0. , 0. , 0. , 0.4],
        [0.4, 0. , 0. , 0.4, 0. , 0.4, 0. , 0. , 0.4],
        [0.4, 0. , 0.4, 0. , 0. , 0. , 0.4, 0. , 0.4],
        [0. , 0.4, 0. , 0. , 0. , 0. , 0. , 0.4, 0. ],
        [2. , 0. , 0.4, 0.4, 0.4, 0.4, 0.4, 0. , 2. ]],

       [[1. , 0. , 0.6, 0.5, 0.5, 0.5, 0.7, 0. , 1.7],
        [0. , 1. , 0. , 0. , 0. , 0. , 0. , 0. , 0. ],
        [0. , 0. , 0. , 0. , 0. , 0. , 0. , 0. , 0. ],
        [0. , 0. , 0. , 0. , 0. , 0. , 0. , 0. , 0. ],
        [0. , 0. , 0. , 0. , 1. , 0. , 0. , 0. , 0. ],
        [0. , 0. , 0. , 0.1, 0. , 0. , 0. , 0. , 0. ],
        [0.5, 0. , 0. , 0. , 0. , 0. , 0. , 0. , 0. ],
        [0. , 2.9, 0. , 0. , 0. , 0. , 0. , 0.7, 0. ],
        [0.6, 0. , 0. , 0. , 0. , 0. , 3.4, 0. , 0.9]],

       [[0. , 0. , 0.3, 0.2, 0.2, 0.2, 0.2, 0. , 0.6],
        [0. , 0.1, 0. , 0. , 0. , 0. , 0. , 0. , 0. ],
        [0. , 0. , 0. , 0. , 0. , 0. , 0. , 0. , 0. ],
        [0. , 0. , 0. , 0. , 0. , 0. , 0. , 0. , 0. ],
        [0. , 0. , 0. , 0. , 0.6, 0. , 0. , 0. , 0. ],
        [0. , 0. , 0. , 0.1, 0. , 0. , 0. , 0. , 0. ],
        [0.5, 0. , 0. , 0. , 0. , 0. , 0. , 0. , 0. ],
        [0. , 0.6, 0. , 0. , 0. , 0. , 0. , 0.5, 0. ],
        [0.1, 0. , 0. , 0. , 0. , 0. , 1.5, 0. , 0.5]],

       [[0.2, 0. , 0.3, 0.3, 0.3, 0.3, 0.2, 0. , 0.8],
        [0. , 0.9, 0. , 0. , 0. , 0. , 0. , 0. , 0. ],
        [0. , 0. , 0. , 0. , 0. , 0. , 0. , 0. , 0. ],
        [0. , 0. , 0. , 0. , 0. , 0. , 0. , 0. , 0. ],
        [0. , 0. , 0. , 0. , 0.2, 0. , 0. , 0. , 0. ],
        [0. , 0. , 0. , 0. , 0. , 0. , 0. , 0. , 0. ],
        [0. , 0. , 0. , 0. , 0. , 0. , 0. , 0. , 0. ],
        [0. , 1.3, 0. , 0. , 0. , 0. , 0. , 0.2, 0. ],
        [0.3, 0. , 0. , 0. , 0. , 0. , 0.8, 0. , 0. ]],

       [[0.7, 0. , 0. , 0. , 0. , 0. , 0.3, 0. , 0.2],
        [0. , 0. , 0. , 0. , 0. , 0. , 0. , 0. , 0. ],
        [0. , 0. , 0. , 0. , 0. , 0. , 0. , 0. , 0. ],
        [0. , 0. , 0. , 0. , 0. , 0. , 0. , 0. , 0. ],
        [0. , 0. , 0. , 0. , 0.2, 0. , 0. , 0. , 0. ],
        [0. , 0. , 0. , 0. , 0. , 0. , 0. , 0. , 0. ],
        [0. , 0. , 0. , 0. , 0. , 0. , 0. , 0. , 0. ],
        [0. , 1. , 0. , 0. , 0. , 0. , 0. , 0. , 0. ],
        [0.1, 0. , 0. , 0. , 0. , 0. , 1.1, 0. , 0.3]],

       [[0. , 0. , 0. , 0. , 0. , 0. , 0. , 0. , 0. ],
        [0. , 0. , 0. , 0. , 0. , 0. , 0. , 0. , 0. ],
        [0. , 0. , 0. , 0. , 0. , 0. , 0. , 0. , 0. ],
        [0. , 0. , 0. , 0. , 0. , 0. , 0. , 0. , 0. ],
        [0. , 0. , 0. , 0. , 0. , 0. , 0. , 0. , 0. ],
        [0. , 0. , 0. , 0. , 0. , 0. , 0. , 0. , 0. ],
        [0. , 0. , 0. , 0. , 0. , 0. , 0. , 0. , 0. ],
        [0. , 0. , 0. , 0. , 0. , 0. , 0. , 0. , 0. ],
        [0. , 0. , 0. , 0. , 0. , 0. , 0. , 0. , 0. ]]], dtype=float32),
                 move_feats=[array([0.6, 0.2, 0. , 0.4, 0.2, 0. ], dtype=float32),
                             array([0. , 0. , 0. , 0.4, 0. , 1. ], dtype=float32)],
                 pi=[0.43451776649746193, 0.5654822335025381],
                 z=-1.0),
 SelfPlayExample(state_tensor=array([[[1. , 0. , 1. , 1. , 1. , 1. , 1. , 0. , 1. ],
        [0. , 1. , 0. , 0. , 0. , 0. , 0. , 1. , 0. ],
        [1. , 0. , 1. , 0. , 0. , 0. , 1. , 0. , 1. ],
        [1. , 0. , 0. , 1. , 0. , 1. , 0. , 0. , 1. ],
        [1. , 0. , 0. , 0. , 1. , 0. , 0. , 0. , 1. ],
        [1. , 0. , 0. , 1. , 0. , 1. , 0. , 0. , 1. ],
        [1. , 0. , 1. , 0. , 0. , 0. , 1. , 0. , 1. ],
        [0. , 1. , 0. , 0. , 0. , 0. , 0. , 1. , 0. ],
        [1. , 0. , 1. , 1. , 1. , 1. , 1. , 0. , 1. ]],

       [[0. , 0. , 0. , 0. , 0. , 0. , 0. , 0. , 1. ],
        [0. , 0. , 0. , 0. , 0. , 0. , 0. , 0. , 0. ],
        [0. , 0. , 0. , 0. , 0. , 0. , 0. , 0. , 0. ],
        [0. , 0. , 0. , 0. , 0. , 0. , 0. , 0. , 0. ],
        [0. , 0. , 0. , 0. , 0. , 0. , 0. , 0. , 0. ],
        [0. , 0. , 0. , 0. , 0. , 0. , 0. , 0. , 0. ],
        [0. , 0. , 0. , 0. , 0. , 0. , 0. , 0. , 0. ],
        [0. , 0. , 0. , 0. , 0. , 0. , 0. , 0. , 0. ],
        [0. , 0. , 0. , 0. , 0. , 0. , 0. , 0. , 0. ]],

       [[0. , 0. , 0. , 0. , 0. , 0. , 0. , 0. , 0. ],
        [0. , 0. , 0. , 0. , 0. , 0. , 0. , 0. , 0. ],
        [0. , 0. , 0. , 0. , 0. , 0. , 0. , 0. , 1. ],
        [0. , 0. , 0. , 0. , 0. , 0. , 0. , 0. , 1. ],
        [0. , 0. , 0. , 0. , 0. , 0. , 0. , 0. , 1. ],
        [0. , 0. , 0. , 0. , 0. , 0. , 0. , 0. , 1. ],
        [0. , 0. , 0. , 0. , 0. , 0. , 1. , 0. , 1. ],
        [0. , 0. , 0. , 0. , 0. , 0. , 0. , 1. , 0. ],
        [0. , 0. , 0. , 0. , 0. , 0. , 1. , 0. , 1. ]],

       [[0. , 0. , 0. , 0. , 0. , 0. , 0. , 0. , 0. ],
        [0. , 0. , 0. , 0. , 0. , 0. , 0. , 0. , 0. ],
        [0. , 0. , 0. , 0. , 0. , 0. , 0. , 0. , 0. ],
        [0. , 0. , 0. , 0. , 0. , 0. , 0. , 0. , 0. ],
        [0. , 0. , 0. , 0. , 0. , 0. , 0. , 0. , 0. ],
        [0. , 0. , 0. , 1. , 0. , 0. , 0. , 0. , 0. ],
        [0. , 0. , 1. , 0. , 0. , 0. , 0. , 0. , 0. ],
        [0. , 1. , 0. , 0. , 0. , 0. , 0. , 0. , 0. ],
        [1. , 0. , 1. , 1. , 1. , 1. , 0. , 0. , 0. ]],

       [[1. , 0. , 1. , 1. , 1. , 1. , 1. , 0. , 0. ],
        [0. , 1. , 0. , 0. , 0. , 0. , 0. , 1. , 0. ],
        [1. , 0. , 1. , 0. , 0. , 0. , 1. , 0. , 0. ],
        [1. , 0. , 0. , 1. , 0. , 1. , 0. , 0. , 0. ],
        [1. , 0. , 0. , 0. , 1. , 0. , 0. , 0. , 0. ],
        [1. , 0. , 0. , 0. , 0. , 1. , 0. , 0. , 0. ],
        [1. , 0. , 0. , 0. , 0. , 0. , 0. , 0. , 0. ],
        [0. , 0. , 0. , 0. , 0. , 0. , 0. , 0. , 0. ],
        [0. , 0. , 0. , 0. , 0. , 0. , 0. , 0. , 0. ]],

       [[1. , 0. , 0. , 0. , 0. , 0. , 0. , 0. , 1. ],
        [0. , 0. , 0. , 0. , 0. , 0. , 0. , 0. , 0. ],
        [0. , 0. , 0. , 0. , 0. , 0. , 0. , 0. , 0. ],
        [0. , 0. , 0. , 0. , 0. , 0. , 0. , 0. , 0. ],
        [0. , 0. , 0. , 0. , 0. , 0. , 0. , 0. , 0. ],
        [0. , 0. , 0. , 0. , 0. , 0. , 0. , 0. , 0. ],
        [0. , 0. , 0. , 0. , 0. , 0. , 0. , 0. , 0. ],
        [0. , 0. , 0. , 0. , 0. , 0. , 0. , 0. , 0. ],
        [1. , 0. , 0. , 0. , 0. , 0. , 0. , 0. , 1. ]],

       [[2. , 0. , 0.4, 0.4, 0.4, 0.4, 0.4, 0. , 2. ],
        [0. , 0.4, 0. , 0. , 0. , 0. , 0. , 0.4, 0. ],
        [0.4, 0. , 0.4, 0. , 0. , 0. , 0.4, 0. , 0.4],
        [0.4, 0. , 0. , 0.4, 0. , 0.4, 0. , 0. , 0.4],
        [0.4, 0. , 0. , 0. , 3. , 0. , 0. , 0. , 0.4],
        [0.4, 0. , 0. , 0.4, 0. , 0.4, 0. , 0. , 0.4],
        [0.4, 0. , 0.4, 0. , 0. , 0. , 0.4, 0. , 0.4],
        [0. , 0.4, 0. , 0. , 0. , 0. , 0. , 0.4, 0. ],
        [2. , 0. , 0.4, 0.4, 0.4, 0.4, 0.4, 0. , 2. ]],

       [[1.1, 0. , 0. , 0.6, 0.6, 0.6, 0.5, 0. , 2. ],
        [0. , 0.2, 0. , 0. , 0. , 0. , 0. , 0.7, 0. ],
        [1.7, 0. , 0. , 0. , 0. , 0. , 0.2, 0. , 0. ],
        [0. , 0. , 0. , 0. , 0. , 0. , 0. , 0. , 0. ],
        [0. , 0. , 0. , 0. , 0.6, 0. , 0. , 0. , 0. ],
        [0. , 0. , 0. , 0.1, 0. , 0.2, 0. , 0. , 0. ],
        [0.5, 0. , 0. , 0. , 0. , 0. , 0. , 0. , 0. ],
        [0. , 3.4, 0. , 0. , 0. , 0. , 0. , 0.5, 0. ],
        [0.7, 0. , 0. , 0. , 0. , 0. , 4.4, 0. , 1. ]],

       [[0.1, 0. , 0. , 0.3, 0.3, 0.3, 0.2, 0. , 0.6],
        [0. , 0. , 0. , 0. , 0. , 0. , 0. , 0.2, 0. ],
        [0.1, 0. , 0. , 0. , 0. , 0. , 0. , 0. , 0. ],
        [0. , 0. , 0. , 0. , 0. , 0. , 0. , 0. , 0. ],
        [0. , 0. , 0. , 0. , 0.6, 0. , 0. , 0. , 0. ],
        [0. , 0. , 0. , 0.1, 0. , 0. , 0. , 0. , 0. ],
        [0.5, 0. , 0. , 0. , 0. , 0. , 0. , 0. , 0. ],
        [0. , 0.7, 0. , 0. , 0. , 0. , 0. , 0.5, 0. ],
        [0.4, 0. , 0. , 0. , 0. , 0. , 2. , 0. , 0.1]],

       [[0.3, 0. , 0. , 0.3, 0.3, 0.3, 0.3, 0. , 1.1],
        [0. , 0.2, 0. , 0. , 0. , 0. , 0. , 0.2, 0. ],
        [0.9, 0. , 0. , 0. , 0. , 0. , 0. , 0. , 0. ],
        [0. , 0. , 0. , 0. , 0. , 0. , 0. , 0. , 0. ],
        [0. , 0. , 0. , 0. , 0. , 0. , 0. , 0. , 0. ],
        [0. , 0. , 0. , 0. , 0. , 0.2, 0. , 0. , 0. ],
        [0. , 0. , 0. , 0. , 0. , 0. , 0. , 0. , 0. ],
        [0. , 1.6, 0. , 0. , 0. , 0. , 0. , 0. , 0. ],
        [0.2, 0. , 0. , 0. , 0. , 0. , 1. , 0. , 0. ]],

       [[0.6, 0. , 0. , 0. , 0. , 0. , 0. , 0. , 0.2],
        [0. , 0. , 0. , 0. , 0. , 0. , 0. , 0.3, 0. ],
        [0.7, 0. , 0. , 0. , 0. , 0. , 0.2, 0. , 0. ],
        [0. , 0. , 0. , 0. , 0. , 0. , 0. , 0. , 0. ],
        [0. , 0. , 0. , 0. , 0. , 0. , 0. , 0. , 0. ],
        [0. , 0. , 0. , 0. , 0. , 0. , 0. , 0. , 0. ],
        [0. , 0. , 0. , 0. , 0. , 0. , 0. , 0. , 0. ],
        [0. , 1.1, 0. , 0. , 0. , 0. , 0. , 0. , 0. ],
        [0. , 0. , 0. , 0. , 0. , 0. , 1.4, 0. , 0.8]],

       [[0. , 0. , 0. , 0. , 0. , 0. , 0. , 0. , 0. ],
        [0. , 0. , 0. , 0. , 0. , 0. , 0. , 0. , 0. ],
        [0. , 0. , 0. , 0. , 0. , 0. , 0. , 0. , 0. ],
        [0. , 0. , 0. , 0. , 0. , 0. , 0. , 0. , 0. ],
        [0. , 0. , 0. , 0. , 0. , 0. , 0. , 0. , 0. ],
        [0. , 0. , 0. , 0. , 0. , 0. , 0. , 0. , 0. ],
        [0. , 0. , 0. , 0. , 0. , 0. , 0. , 0. , 0. ],
        [0. , 0. , 0. , 0. , 0. , 0. , 0. , 0. , 0. ],
        [0. , 0. , 0. , 0. , 0. , 0. , 0. , 0. , 0. ]]], dtype=float32),
                 move_feats=[array([4. , 1.9, 0. , 0.4, 0.6, 0. ], dtype=float32),
                             array([2.8, 1.3, 0. , 0.4, 0.4, 0. ], dtype=float32),
                             array([0. , 0. , 0. , 0.4, 0. , 1. ], dtype=float32)],
                 pi=[0.5064935064935064,
                     0.25074925074925075,
                     0.24275724275724275],
                 z=-1.0),
 SelfPlayExample(state_tensor=array([[[1. , 0. , 1. , 1. , 1. , 1. , 1. , 0. , 1. ],
        [0. , 1. , 0. , 0. , 0. , 0. , 0. , 1. , 0. ],
        [1. , 0. , 1. , 0. , 0. , 0. , 1. , 0. , 1. ],
        [1. , 0. , 0. , 1. , 0. , 1. , 0. , 0. , 1. ],
        [1. , 0. , 0. , 0. , 1. , 0. , 0. , 0. , 1. ],
        [1. , 0. , 0. , 1. , 0. , 1. , 0. , 0. , 1. ],
        [1. , 0. , 1. , 0. , 0. , 0. , 1. , 0. , 1. ],
        [0. , 1. , 0. , 0. , 0. , 0. , 0. , 1. , 0. ],
        [1. , 0. , 1. , 1. , 1. , 1. , 1. , 0. , 1. ]],

       [[0. , 0. , 0. , 0. , 0. , 0. , 0. , 0. , 1. ],
        [0. , 0. , 0. , 0. , 0. , 0. , 0. , 1. , 0. ],
        [0. , 0. , 0. , 0. , 0. , 0. , 0. , 0. , 0. ],
        [0. , 0. , 0. , 0. , 0. , 0. , 0. , 0. , 0. ],
        [0. , 0. , 0. , 0. , 0. , 0. , 0. , 0. , 0. ],
        [0. , 0. , 0. , 0. , 0. , 0. , 0. , 0. , 0. ],
        [0. , 0. , 0. , 0. , 0. , 0. , 0. , 0. , 0. ],
        [0. , 0. , 0. , 0. , 0. , 0. , 0. , 0. , 0. ],
        [0. , 0. , 0. , 0. , 0. , 0. , 0. , 0. , 0. ]],

       [[0. , 0. , 0. , 0. , 0. , 0. , 0. , 0. , 0. ],
        [0. , 0. , 0. , 0. , 0. , 0. , 0. , 0. , 0. ],
        [0. , 0. , 0. , 0. , 0. , 0. , 0. , 0. , 1. ],
        [0. , 0. , 0. , 0. , 0. , 0. , 0. , 0. , 1. ],
        [0. , 0. , 0. , 0. , 0. , 0. , 0. , 0. , 1. ],
        [0. , 0. , 0. , 0. , 0. , 0. , 0. , 0. , 1. ],
        [0. , 0. , 0. , 0. , 0. , 0. , 1. , 0. , 1. ],
        [0. , 0. , 0. , 0. , 0. , 0. , 0. , 1. , 0. ],
        [0. , 0. , 0. , 0. , 0. , 0. , 1. , 0. , 1. ]],

       [[0. , 0. , 0. , 0. , 0. , 0. , 0. , 0. , 0. ],
        [0. , 0. , 0. , 0. , 0. , 0. , 0. , 0. , 0. ],
        [0. , 0. , 0. , 0. , 0. , 0. , 0. , 0. , 0. ],
        [0. , 0. , 0. , 0. , 0. , 0. , 0. , 0. , 0. ],
        [0. , 0. , 0. , 0. , 0. , 0. , 0. , 0. , 0. ],
        [0. , 0. , 0. , 0. , 0. , 0. , 0. , 0. , 0. ],
        [0. , 0. , 1. , 0. , 0. , 0. , 0. , 0. , 0. ],
        [0. , 1. , 0. , 0. , 0. , 0. , 0. , 0. , 0. ],
        [1. , 0. , 1. , 1. , 1. , 1. , 0. , 0. , 0. ]],

       [[1. , 0. , 1. , 1. , 1. , 1. , 1. , 0. , 0. ],
        [0. , 1. , 0. , 0. , 0. , 0. , 0. , 0. , 0. ],
        [1. , 0. , 1. , 0. , 0. , 0. , 1. , 0. , 0. ],
        [1. , 0. , 0. , 1. , 0. , 1. , 0. , 0. , 0. ],
        [1. , 0. , 0. , 0. , 1. , 0. , 0. , 0. , 0. ],
        [1. , 0. , 0. , 1. , 0. , 1. , 0. , 0. , 0. ],
        [1. , 0. , 0. , 0. , 0. , 0. , 0. , 0. , 0. ],
        [0. , 0. , 0. , 0. , 0. , 0. , 0. , 0. , 0. ],
        [0. , 0. , 0. , 0. , 0. , 0. , 0. , 0. , 0. ]],

       [[1. , 0. , 0. , 0. , 0. , 0. , 0. , 0. , 1. ],
        [0. , 0. , 0. , 0. , 0. , 0. , 0. , 0. , 0. ],
        [0. , 0. , 0. , 0. , 0. , 0. , 0. , 0. , 0. ],
        [0. , 0. , 0. , 0. , 0. , 0. , 0. , 0. , 0. ],
        [0. , 0. , 0. , 0. , 0. , 0. , 0. , 0. , 0. ],
        [0. , 0. , 0. , 0. , 0. , 0. , 0. , 0. , 0. ],
        [0. , 0. , 0. , 0. , 0. , 0. , 0. , 0. , 0. ],
        [0. , 0. , 0. , 0. , 0. , 0. , 0. , 0. , 0. ],
        [1. , 0. , 0. , 0. , 0. , 0. , 0. , 0. , 1. ]],

       [[2. , 0. , 0.4, 0.4, 0.4, 0.4, 0.4, 0. , 2. ],
        [0. , 0.4, 0. , 0. , 0. , 0. , 0. , 0.4, 0. ],
        [0.4, 0. , 0.4, 0. , 0. , 0. , 0.4, 0. , 0.4],
        [0.4, 0. , 0. , 0.4, 0. , 0.4, 0. , 0. , 0.4],
        [0.4, 0. , 0. , 0. , 3. , 0. , 0. , 0. , 0.4],
        [0.4, 0. , 0. , 0.4, 0. , 0.4, 0. , 0. , 0.4],
        [0.4, 0. , 0.4, 0. , 0. , 0. , 0.4, 0. , 0.4],
        [0. , 0.4, 0. , 0. , 0. , 0. , 0. , 0.4, 0. ],
        [2. , 0. , 0.4, 0.4, 0.4, 0.4, 0.4, 0. , 2. ]],

       [[1.7, 0. , 0.8, 0. , 0. , 0. , 1.1, 0. , 0.3],
        [0. , 0.4, 0. , 0. , 0. , 0. , 0. , 1.6, 0. ],
        [0. , 0. , 0. , 0. , 0. , 0. , 0.2, 0. , 0. ],
        [1. , 0. , 0. , 0. , 0. , 0. , 0. , 0. , 0. ],
        [1. , 0. , 0. , 0. , 0. , 0. , 0. , 0. , 0. ],
        [1. , 0. , 0. , 0.6, 0. , 0.2, 0. , 0. , 0. ],
        [1.2, 0. , 0. , 0. , 0. , 0. , 1.3, 0. , 0. ],
        [0. , 4. , 0. , 0. , 0. , 0. , 0. , 0.1, 0. ],
        [0.6, 0. , 0. , 0. , 0. , 0. , 4.4, 0. , 0.8]],

       [[1.3, 0. , 0. , 0. , 0. , 0. , 0.5, 0. , 0. ],
        [0. , 0.1, 0. , 0. , 0. , 0. , 0. , 0.3, 0. ],
        [0. , 0. , 0. , 0. , 0. , 0. , 0. , 0. , 0. ],
        [0.1, 0. , 0. , 0. , 0. , 0. , 0. , 0. , 0. ],
        [0.1, 0. , 0. , 0. , 0. , 0. , 0. , 0. , 0. ],
        [0.1, 0. , 0. , 0.6, 0. , 0. , 0. , 0. , 0. ],
        [0.5, 0. , 0. , 0. , 0. , 0. , 0.5, 0. , 0. ],
        [0. , 1.1, 0. , 0. , 0. , 0. , 0. , 0.1, 0. ],
        [0.1, 0. , 0. , 0. , 0. , 0. , 2. , 0. , 0.3]],

       [[0.3, 0. , 0.2, 0. , 0. , 0. , 0.6, 0. , 0. ],
        [0. , 0.3, 0. , 0. , 0. , 0. , 0. , 1.1, 0. ],
        [0. , 0. , 0. , 0. , 0. , 0. , 0. , 0. , 0. ],
        [0.9, 0. , 0. , 0. , 0. , 0. , 0. , 0. , 0. ],
        [0.9, 0. , 0. , 0. , 0. , 0. , 0. , 0. , 0. ],
        [0.9, 0. , 0. , 0. , 0. , 0.2, 0. , 0. , 0. ],
        [0. , 0. , 0. , 0. , 0. , 0. , 0. , 0. , 0. ],
        [0. , 1.8, 0. , 0. , 0. , 0. , 0. , 0. , 0. ],
        [0.3, 0. , 0. , 0. , 0. , 0. , 1. , 0. , 0.1]],

       [[0. , 0. , 0.6, 0. , 0. , 0. , 0. , 0. , 0.2],
        [0. , 0. , 0. , 0. , 0. , 0. , 0. , 0.2, 0. ],
        [0. , 0. , 0. , 0. , 0. , 0. , 0.2, 0. , 0. ],
        [0. , 0. , 0. , 0. , 0. , 0. , 0. , 0. , 0. ],
        [0. , 0. , 0. , 0. , 0. , 0. , 0. , 0. , 0. ],
        [0. , 0. , 0. , 0. , 0. , 0. , 0. , 0. , 0. ],
        [0.7, 0. , 0. , 0. , 0. , 0. , 0.8, 0. , 0. ],
        [0. , 1.1, 0. , 0. , 0. , 0. , 0. , 0. , 0. ],
        [0.1, 0. , 0. , 0. , 0. , 0. , 1.4, 0. , 0.3]],

       [[0. , 0. , 0. , 0. , 0. , 0. , 0. , 0. , 0. ],
        [0. , 0. , 0. , 0. , 0. , 0. , 0. , 0. , 0. ],
        [0. , 0. , 0. , 0. , 0. , 0. , 0. , 0. , 0. ],
        [0. , 0. , 0. , 0. , 0. , 0. , 0. , 0. , 0. ],
        [0. , 0. , 0. , 0. , 0. , 0. , 0. , 0. , 0. ],
        [0. , 0. , 0. , 0. , 0. , 0. , 0. , 0. , 0. ],
        [0. , 0. , 0. , 0. , 0. , 0. , 0. , 0. , 0. ],
        [0. , 0. , 0. , 0. , 0. , 0. , 0. , 0. , 0. ],
        [0. , 0. , 0. , 0. , 0. , 0. , 0. , 0. , 0. ]]], dtype=float32),
                 move_feats=[array([4. , 1.8, 0. , 0.4, 0.8, 0. ], dtype=float32),
                             array([3.4, 1.6, 0. , 0.4, 0.6, 0. ], dtype=float32),
                             array([2.8, 1.3, 0. , 0.4, 0.4, 0. ], dtype=float32),
                             array([0. , 0. , 0. , 0.4, 0. , 1. ], dtype=float32)],
                 pi=[0.25, 0.375, 0.25, 0.125],
                 z=-1.0),
 SelfPlayExample(state_tensor=array([[[1. , 0. , 1. , 1. , 1. , 1. , 1. , 0. , 1. ],
        [0. , 1. , 0. , 0. , 0. , 0. , 0. , 1. , 0. ],
        [1. , 0. , 1. , 0. , 0. , 0. , 1. , 0. , 1. ],
        [1. , 0. , 0. , 1. , 0. , 1. , 0. , 0. , 1. ],
        [1. , 0. , 0. , 0. , 1. , 0. , 0. , 0. , 1. ],
        [1. , 0. , 0. , 1. , 0. , 1. , 0. , 0. , 1. ],
        [1. , 0. , 1. , 0. , 0. , 0. , 1. , 0. , 1. ],
        [0. , 1. , 0. , 0. , 0. , 0. , 0. , 1. , 0. ],
        [1. , 0. , 1. , 1. , 1. , 1. , 1. , 0. , 1. ]],

       [[0. , 0. , 0. , 0. , 0. , 0. , 0. , 0. , 1. ],
        [0. , 0. , 0. , 0. , 0. , 0. , 0. , 0. , 0. ],
        [0. , 0. , 0. , 0. , 0. , 0. , 0. , 0. , 1. ],
        [0. , 0. , 0. , 0. , 0. , 0. , 0. , 0. , 0. ],
        [0. , 0. , 0. , 0. , 0. , 0. , 0. , 0. , 0. ],
        [0. , 0. , 0. , 0. , 0. , 0. , 0. , 0. , 0. ],
        [0. , 0. , 0. , 0. , 0. , 0. , 0. , 0. , 0. ],
        [0. , 0. , 0. , 0. , 0. , 0. , 0. , 0. , 0. ],
        [0. , 0. , 0. , 0. , 0. , 0. , 0. , 0. , 0. ]],

       [[0. , 0. , 0. , 0. , 0. , 0. , 0. , 0. , 0. ],
        [0. , 0. , 0. , 0. , 0. , 0. , 0. , 0. , 0. ],
        [0. , 0. , 0. , 0. , 0. , 0. , 0. , 0. , 0. ],
        [0. , 0. , 0. , 0. , 0. , 0. , 0. , 0. , 1. ],
        [0. , 0. , 0. , 0. , 0. , 0. , 0. , 0. , 1. ],
        [0. , 0. , 0. , 0. , 0. , 0. , 0. , 0. , 1. ],
        [0. , 0. , 0. , 0. , 0. , 0. , 1. , 0. , 1. ],
        [0. , 0. , 0. , 0. , 0. , 0. , 0. , 1. , 0. ],
        [0. , 0. , 0. , 0. , 0. , 0. , 1. , 0. , 1. ]],

       [[0. , 0. , 0. , 0. , 0. , 0. , 0. , 0. , 0. ],
        [0. , 0. , 0. , 0. , 0. , 0. , 0. , 0. , 0. ],
        [0. , 0. , 0. , 0. , 0. , 0. , 0. , 0. , 0. ],
        [0. , 0. , 0. , 0. , 0. , 0. , 0. , 0. , 0. ],
        [0. , 0. , 0. , 0. , 0. , 0. , 0. , 0. , 0. ],
        [0. , 0. , 0. , 0. , 0. , 0. , 0. , 0. , 0. ],
        [1. , 0. , 0. , 0. , 0. , 0. , 0. , 0. , 0. ],
        [0. , 1. , 0. , 0. , 0. , 0. , 0. , 0. , 0. ],
        [1. , 0. , 1. , 1. , 1. , 1. , 0. , 0. , 0. ]],

       [[1. , 0. , 1. , 1. , 1. , 1. , 1. , 0. , 0. ],
        [0. , 1. , 0. , 0. , 0. , 0. , 0. , 1. , 0. ],
        [1. , 0. , 1. , 0. , 0. , 0. , 1. , 0. , 0. ],
        [1. , 0. , 0. , 1. , 0. , 1. , 0. , 0. , 0. ],
        [1. , 0. , 0. , 0. , 1. , 0. , 0. , 0. , 0. ],
        [1. , 0. , 0. , 1. , 0. , 1. , 0. , 0. , 0. ],
        [0. , 0. , 1. , 0. , 0. , 0. , 0. , 0. , 0. ],
        [0. , 0. , 0. , 0. , 0. , 0. , 0. , 0. , 0. ],
        [0. , 0. , 0. , 0. , 0. , 0. , 0. , 0. , 0. ]],

       [[1. , 0. , 0. , 0. , 0. , 0. , 0. , 0. , 1. ],
        [0. , 0. , 0. , 0. , 0. , 0. , 0. , 0. , 0. ],
        [0. , 0. , 0. , 0. , 0. , 0. , 0. , 0. , 0. ],
        [0. , 0. , 0. , 0. , 0. , 0. , 0. , 0. , 0. ],
        [0. , 0. , 0. , 0. , 0. , 0. , 0. , 0. , 0. ],
        [0. , 0. , 0. , 0. , 0. , 0. , 0. , 0. , 0. ],
        [0. , 0. , 0. , 0. , 0. , 0. , 0. , 0. , 0. ],
        [0. , 0. , 0. , 0. , 0. , 0. , 0. , 0. , 0. ],
        [1. , 0. , 0. , 0. , 0. , 0. , 0. , 0. , 1. ]],

       [[2. , 0. , 0.4, 0.4, 0.4, 0.4, 0.4, 0. , 2. ],
        [0. , 0.4, 0. , 0. , 0. , 0. , 0. , 0.4, 0. ],
        [0.4, 0. , 0.4, 0. , 0. , 0. , 0.4, 0. , 0.4],
        [0.4, 0. , 0. , 0.4, 0. , 0.4, 0. , 0. , 0.4],
        [0.4, 0. , 0. , 0. , 3. , 0. , 0. , 0. , 0.4],
        [0.4, 0. , 0. , 0.4, 0. , 0.4, 0. , 0. , 0.4],
        [0.4, 0. , 0.4, 0. , 0. , 0. , 0.4, 0. , 0.4],
        [0. , 0.4, 0. , 0. , 0. , 0. , 0. , 0.4, 0. ],
        [2. , 0. , 0.4, 0.4, 0.4, 0.4, 0.4, 0. , 2. ]],

       [[1.4, 0. , 0. , 0. , 0. , 0. , 0.5, 0. , 0.4],
        [0. , 1.8, 0. , 0. , 0. , 0. , 0. , 0.2, 0. ],
        [0.4, 0. , 0. , 0. , 0. , 0. , 0. , 0. , 0.2],
        [1. , 0. , 0. , 0. , 0. , 0. , 0. , 0. , 0. ],
        [1. , 0. , 0. , 0. , 0. , 0. , 0. , 0. , 0. ],
        [1. , 0. , 0. , 0. , 0. , 0.2, 0. , 0. , 0. ],
        [3.4, 0. , 0.6, 0. , 0. , 0. , 1.3, 0. , 0. ],
        [0. , 0.4, 0. , 0. , 0. , 0. , 0. , 0.4, 0. ],
        [0.6, 0. , 0. , 0. , 0. , 0. , 4.8, 0. , 0.7]],

       [[0.5, 0. , 0. , 0. , 0. , 0. , 0. , 0. , 0. ],
        [0. , 1.3, 0. , 0. , 0. , 0. , 0. , 0. , 0. ],
        [0.1, 0. , 0. , 0. , 0. , 0. , 0. , 0. , 0. ],
        [0.1, 0. , 0. , 0. , 0. , 0. , 0. , 0. , 0. ],
        [0.1, 0. , 0. , 0. , 0. , 0. , 0. , 0. , 0. ],
        [0.1, 0. , 0. , 0. , 0. , 0. , 0. , 0. , 0. ],
        [0.5, 0. , 0.6, 0. , 0. , 0. , 0.5, 0. , 0. ],
        [0. , 0.1, 0. , 0. , 0. , 0. , 0. , 0.3, 0. ],
        [0.2, 0. , 0. , 0. , 0. , 0. , 2.1, 0. , 0.3]],

       [[0.4, 0. , 0. , 0. , 0. , 0. , 0. , 0. , 0.3],
        [0. , 0.5, 0. , 0. , 0. , 0. , 0. , 0. , 0. ],
        [0.3, 0. , 0. , 0. , 0. , 0. , 0. , 0. , 0. ],
        [0.9, 0. , 0. , 0. , 0. , 0. , 0. , 0. , 0. ],
        [0.9, 0. , 0. , 0. , 0. , 0. , 0. , 0. , 0. ],
        [0.9, 0. , 0. , 0. , 0. , 0.2, 0. , 0. , 0. ],
        [1.8, 0. , 0. , 0. , 0. , 0. , 0. , 0. , 0. ],
        [0. , 0.3, 0. , 0. , 0. , 0. , 0. , 0.1, 0. ],
        [0.1, 0. , 0. , 0. , 0. , 0. , 1. , 0. , 0.2]],

       [[0.4, 0. , 0. , 0. , 0. , 0. , 0.5, 0. , 0. ],
        [0. , 0. , 0. , 0. , 0. , 0. , 0. , 0.2, 0. ],
        [0. , 0. , 0. , 0. , 0. , 0. , 0. , 0. , 0.2],
        [0. , 0. , 0. , 0. , 0. , 0. , 0. , 0. , 0. ],
        [0. , 0. , 0. , 0. , 0. , 0. , 0. , 0. , 0. ],
        [0. , 0. , 0. , 0. , 0. , 0. , 0. , 0. , 0. ],
        [1.1, 0. , 0. , 0. , 0. , 0. , 0.8, 0. , 0. ],
        [0. , 0. , 0. , 0. , 0. , 0. , 0. , 0. , 0. ],
        [0.2, 0. , 0. , 0. , 0. , 0. , 1.7, 0. , 0.1]],

       [[0. , 0. , 0. , 0. , 0. , 0. , 0. , 0. , 0. ],
        [0. , 0. , 0. , 0. , 0. , 0. , 0. , 0. , 0. ],
        [0. , 0. , 0. , 0. , 0. , 0. , 0. , 0. , 0. ],
        [0. , 0. , 0. , 0. , 0. , 0. , 0. , 0. , 0. ],
        [0. , 0. , 0. , 0. , 0. , 0. , 0. , 0. , 0. ],
        [0. , 0. , 0. , 0. , 0. , 0. , 0. , 0. , 0. ],
        [0. , 0. , 0. , 0. , 0. , 0. , 0. , 0. , 0. ],
        [0. , 0. , 0. , 0. , 0. , 0. , 0. , 0. , 0. ],
        [0. , 0. , 0. , 0. , 0. , 0. , 0. , 0. , 0. ]]], dtype=float32),
                 move_feats=[array([1.2, 0.5, 0. , 0.4, 0.4, 0. ], dtype=float32),
                             array([0.6, 0.2, 0. , 0.4, 0.2, 0. ], dtype=float32),
                             array([0. , 0. , 0. , 0.4, 0. , 1. ], dtype=float32)],
                 pi=[0.2527693856998993,
                     0.48539778449144005,
                     0.2618328298086606],
                 z=-1.0),
 SelfPlayExample(state_tensor=array([[[1. , 0. , 1. , 1. , 1. , 1. , 1. , 0. , 1. ],
        [0. , 1. , 0. , 0. , 0. , 0. , 0. , 1. , 0. ],
        [1. , 0. , 1. , 0. , 0. , 0. , 1. , 0. , 1. ],
        [1. , 0. , 0. , 1. , 0. , 1. , 0. , 0. , 1. ],
        [1. , 0. , 0. , 0. , 1. , 0. , 0. , 0. , 1. ],
        [1. , 0. , 0. , 1. , 0. , 1. , 0. , 0. , 1. ],
        [1. , 0. , 1. , 0. , 0. , 0. , 1. , 0. , 1. ],
        [0. , 1. , 0. , 0. , 0. , 0. , 0. , 1. , 0. ],
        [1. , 0. , 1. , 1. , 1. , 1. , 1. , 0. , 1. ]],

       [[0. , 0. , 0. , 0. , 0. , 0. , 0. , 0. , 1. ],
        [0. , 0. , 0. , 0. , 0. , 0. , 0. , 0. , 0. ],
        [0. , 0. , 0. , 0. , 0. , 0. , 0. , 0. , 1. ],
        [0. , 0. , 0. , 0. , 0. , 0. , 0. , 0. , 0. ],
        [0. , 0. , 0. , 0. , 0. , 0. , 0. , 0. , 0. ],
        [0. , 0. , 0. , 0. , 0. , 0. , 0. , 0. , 0. ],
        [0. , 0. , 0. , 0. , 0. , 0. , 0. , 0. , 0. ],
        [0. , 0. , 0. , 0. , 0. , 0. , 0. , 0. , 0. ],
        [0. , 0. , 0. , 0. , 0. , 0. , 0. , 0. , 0. ]],

       [[0. , 0. , 0. , 0. , 0. , 0. , 0. , 0. , 0. ],
        [0. , 0. , 0. , 0. , 0. , 0. , 0. , 0. , 0. ],
        [0. , 0. , 0. , 0. , 0. , 0. , 0. , 0. , 0. ],
        [0. , 0. , 0. , 0. , 0. , 0. , 0. , 0. , 1. ],
        [0. , 0. , 0. , 0. , 0. , 0. , 0. , 0. , 1. ],
        [0. , 0. , 0. , 0. , 0. , 0. , 0. , 0. , 1. ],
        [0. , 0. , 0. , 0. , 0. , 0. , 1. , 0. , 1. ],
        [0. , 0. , 0. , 0. , 0. , 0. , 0. , 1. , 0. ],
        [0. , 0. , 0. , 0. , 0. , 0. , 1. , 0. , 1. ]],

       [[0. , 0. , 0. , 0. , 0. , 0. , 0. , 0. , 0. ],
        [0. , 0. , 0. , 0. , 0. , 0. , 0. , 0. , 0. ],
        [0. , 0. , 0. , 0. , 0. , 0. , 0. , 0. , 0. ],
        [1. , 0. , 0. , 0. , 0. , 0. , 0. , 0. , 0. ],
        [1. , 0. , 0. , 0. , 0. , 0. , 0. , 0. , 0. ],
        [1. , 0. , 0. , 0. , 0. , 0. , 0. , 0. , 0. ],
        [1. , 0. , 0. , 0. , 0. , 0. , 0. , 0. , 0. ],
        [0. , 1. , 0. , 0. , 0. , 0. , 0. , 0. , 0. ],
        [1. , 0. , 1. , 1. , 1. , 1. , 0. , 0. , 0. ]],

       [[1. , 0. , 1. , 1. , 1. , 1. , 1. , 0. , 0. ],
        [0. , 1. , 0. , 0. , 0. , 0. , 0. , 1. , 0. ],
        [1. , 0. , 1. , 0. , 0. , 0. , 1. , 0. , 0. ],
        [0. , 0. , 0. , 1. , 0. , 1. , 0. , 0. , 0. ],
        [0. , 0. , 0. , 0. , 1. , 0. , 0. , 0. , 0. ],
        [0. , 0. , 0. , 1. , 0. , 1. , 0. , 0. , 0. ],
        [0. , 0. , 1. , 0. , 0. , 0. , 0. , 0. , 0. ],
        [0. , 0. , 0. , 0. , 0. , 0. , 0. , 0. , 0. ],
        [0. , 0. , 0. , 0. , 0. , 0. , 0. , 0. , 0. ]],

       [[1. , 0. , 0. , 0. , 0. , 0. , 0. , 0. , 1. ],
        [0. , 0. , 0. , 0. , 0. , 0. , 0. , 0. , 0. ],
        [0. , 0. , 0. , 0. , 0. , 0. , 0. , 0. , 0. ],
        [0. , 0. , 0. , 0. , 0. , 0. , 0. , 0. , 0. ],
        [0. , 0. , 0. , 0. , 0. , 0. , 0. , 0. , 0. ],
        [0. , 0. , 0. , 0. , 0. , 0. , 0. , 0. , 0. ],
        [0. , 0. , 0. , 0. , 0. , 0. , 0. , 0. , 0. ],
        [0. , 0. , 0. , 0. , 0. , 0. , 0. , 0. , 0. ],
        [1. , 0. , 0. , 0. , 0. , 0. , 0. , 0. , 1. ]],

       [[2. , 0. , 0.4, 0.4, 0.4, 0.4, 0.4, 0. , 2. ],
        [0. , 0.4, 0. , 0. , 0. , 0. , 0. , 0.4, 0. ],
        [0.4, 0. , 0.4, 0. , 0. , 0. , 0.4, 0. , 0.4],
        [0.4, 0. , 0. , 0.4, 0. , 0.4, 0. , 0. , 0.4],
        [0.4, 0. , 0. , 0. , 3. , 0. , 0. , 0. , 0.4],
        [0.4, 0. , 0. , 0.4, 0. , 0.4, 0. , 0. , 0.4],
        [0.4, 0. , 0.4, 0. , 0. , 0. , 0.4, 0. , 0.4],
        [0. , 0.4, 0. , 0. , 0. , 0. , 0. , 0.4, 0. ],
        [2. , 0. , 0.4, 0.4, 0.4, 0.4, 0.4, 0. , 2. ]],

       [[1.2, 0. , 0. , 0. , 0. , 0. , 0. , 0. , 0.5],
        [0. , 0.9, 0. , 0. , 0. , 0. , 0. , 0.3, 0. ],
        [2.4, 0. , 0. , 0. , 0. , 0. , 0. , 0. , 0. ],
        [0.6, 0. , 0. , 0. , 0. , 0. , 0. , 0. , 0. ],
        [0.6, 0. , 0. , 0. , 0. , 0. , 0. , 0. , 0. ],
        [0.6, 0. , 0. , 0. , 0. , 0.2, 0. , 0. , 0. ],
        [0. , 0. , 0.6, 0. , 0. , 0. , 1.3, 0. , 0. ],
        [0. , 3.2, 0. , 0. , 0. , 0. , 0. , 0.5, 0. ],
        [0.6, 0. , 0. , 0. , 0. , 0. , 5.3, 0. , 0.7]],

       [[0. , 0. , 0. , 0. , 0. , 0. , 0. , 0. , 0.1],
        [0. , 0.5, 0. , 0. , 0. , 0. , 0. , 0. , 0. ],
        [1.4, 0. , 0. , 0. , 0. , 0. , 0. , 0. , 0. ],
        [0. , 0. , 0. , 0. , 0. , 0. , 0. , 0. , 0. ],
        [0. , 0. , 0. , 0. , 0. , 0. , 0. , 0. , 0. ],
        [0. , 0. , 0. , 0. , 0. , 0. , 0. , 0. , 0. ],
        [0. , 0. , 0.6, 0. , 0. , 0. , 0.5, 0. , 0. ],
        [0. , 0.8, 0. , 0. , 0. , 0. , 0. , 0.3, 0. ],
        [0.1, 0. , 0. , 0. , 0. , 0. , 2.4, 0. , 0.4]],

       [[0.2, 0. , 0. , 0. , 0. , 0. , 0. , 0. , 0.2],
        [0. , 0.4, 0. , 0. , 0. , 0. , 0. , 0. , 0. ],
        [0.6, 0. , 0. , 0. , 0. , 0. , 0. , 0. , 0. ],
        [0. , 0. , 0. , 0. , 0. , 0. , 0. , 0. , 0. ],
        [0. , 0. , 0. , 0. , 0. , 0. , 0. , 0. , 0. ],
        [0. , 0. , 0. , 0. , 0. , 0.2, 0. , 0. , 0. ],
        [0. , 0. , 0. , 0. , 0. , 0. , 0. , 0. , 0. ],
        [0. , 2.2, 0. , 0. , 0. , 0. , 0. , 0.2, 0. ],
        [0.3, 0. , 0. , 0. , 0. , 0. , 1.1, 0. , 0.2]],

       [[0.9, 0. , 0. , 0. , 0. , 0. , 0. , 0. , 0.1],
        [0. , 0. , 0. , 0. , 0. , 0. , 0. , 0.3, 0. ],
        [0.4, 0. , 0. , 0. , 0. , 0. , 0. , 0. , 0. ],
        [0.6, 0. , 0. , 0. , 0. , 0. , 0. , 0. , 0. ],
        [0.6, 0. , 0. , 0. , 0. , 0. , 0. , 0. , 0. ],
        [0.6, 0. , 0. , 0. , 0. , 0. , 0. , 0. , 0. ],
        [0. , 0. , 0. , 0. , 0. , 0. , 0.8, 0. , 0. ],
        [0. , 0.2, 0. , 0. , 0. , 0. , 0. , 0. , 0. ],
        [0.1, 0. , 0. , 0. , 0. , 0. , 1.8, 0. , 0. ]],

       [[0. , 0. , 0. , 0. , 0. , 0. , 0. , 0. , 0. ],
        [0. , 0. , 0. , 0. , 0. , 0. , 0. , 0. , 0. ],
        [0. , 0. , 0. , 0. , 0. , 0. , 0. , 0. , 0. ],
        [0. , 0. , 0. , 0. , 0. , 0. , 0. , 0. , 0. ],
        [0. , 0. , 0. , 0. , 0. , 0. , 0. , 0. , 0. ],
        [0. , 0. , 0. , 0. , 0. , 0. , 0. , 0. , 0. ],
        [0. , 0. , 0. , 0. , 0. , 0. , 0. , 0. , 0. ],
        [0. , 0. , 0. , 0. , 0. , 0. , 0. , 0. , 0. ],
        [0. , 0. , 0. , 0. , 0. , 0. , 0. , 0. , 0. ]]], dtype=float32),
                 move_feats=[array([0.9, 0.4, 0. , 0.4, 0.6, 0. ], dtype=float32),
                             array([0.7, 0.3, 0. , 0.4, 0.4, 0. ], dtype=float32),
                             array([0. , 0. , 0. , 0.4, 0. , 1. ], dtype=float32)],
                 pi=[0.487778958554729, 0.255047821466525, 0.25717321997874604],
                 z=-1.0),
 SelfPlayExample(state_tensor=array([[[1. , 0. , 1. , 1. , 1. , 1. , 1. , 0. , 1. ],
        [0. , 1. , 0. , 0. , 0. , 0. , 0. , 1. , 0. ],
        [1. , 0. , 1. , 0. , 0. , 0. , 1. , 0. , 1. ],
        [1. , 0. , 0. , 1. , 0. , 1. , 0. , 0. , 1. ],
        [1. , 0. , 0. , 0. , 1. , 0. , 0. , 0. , 1. ],
        [1. , 0. , 0. , 1. , 0. , 1. , 0. , 0. , 1. ],
        [1. , 0. , 1. , 0. , 0. , 0. , 1. , 0. , 1. ],
        [0. , 1. , 0. , 0. , 0. , 0. , 0. , 1. , 0. ],
        [1. , 0. , 1. , 1. , 1. , 1. , 1. , 0. , 1. ]],

       [[0. , 0. , 0. , 0. , 0. , 0. , 0. , 0. , 1. ],
        [0. , 0. , 0. , 0. , 0. , 0. , 0. , 1. , 0. ],
        [0. , 0. , 0. , 0. , 0. , 0. , 0. , 0. , 1. ],
        [0. , 0. , 0. , 0. , 0. , 0. , 0. , 0. , 0. ],
        [0. , 0. , 0. , 0. , 0. , 0. , 0. , 0. , 0. ],
        [0. , 0. , 0. , 0. , 0. , 0. , 0. , 0. , 0. ],
        [0. , 0. , 0. , 0. , 0. , 0. , 0. , 0. , 0. ],
        [0. , 0. , 0. , 0. , 0. , 0. , 0. , 0. , 0. ],
        [0. , 0. , 0. , 0. , 0. , 0. , 0. , 0. , 0. ]],

       [[0. , 0. , 0. , 0. , 0. , 0. , 0. , 0. , 0. ],
        [0. , 0. , 0. , 0. , 0. , 0. , 0. , 0. , 0. ],
        [0. , 0. , 0. , 0. , 0. , 0. , 0. , 0. , 0. ],
        [0. , 0. , 0. , 0. , 0. , 0. , 0. , 0. , 1. ],
        [0. , 0. , 0. , 0. , 0. , 0. , 0. , 0. , 1. ],
        [0. , 0. , 0. , 0. , 0. , 0. , 0. , 0. , 1. ],
        [0. , 0. , 0. , 0. , 0. , 0. , 1. , 0. , 1. ],
        [0. , 0. , 0. , 0. , 0. , 0. , 0. , 1. , 0. ],
        [0. , 0. , 0. , 1. , 1. , 1. , 1. , 0. , 1. ]],

       [[0. , 0. , 0. , 0. , 0. , 0. , 0. , 0. , 0. ],
        [0. , 0. , 0. , 0. , 0. , 0. , 0. , 0. , 0. ],
        [0. , 0. , 0. , 0. , 0. , 0. , 0. , 0. , 0. ],
        [0. , 0. , 0. , 0. , 0. , 0. , 0. , 0. , 0. ],
        [0. , 0. , 0. , 0. , 0. , 0. , 0. , 0. , 0. ],
        [0. , 0. , 0. , 0. , 0. , 0. , 0. , 0. , 0. ],
        [1. , 0. , 1. , 0. , 0. , 0. , 0. , 0. , 0. ],
        [0. , 1. , 0. , 0. , 0. , 0. , 0. , 0. , 0. ],
        [1. , 0. , 1. , 0. , 0. , 0. , 0. , 0. , 0. ]],

       [[1. , 0. , 1. , 1. , 1. , 1. , 1. , 0. , 0. ],
        [0. , 1. , 0. , 0. , 0. , 0. , 0. , 0. , 0. ],
        [1. , 0. , 1. , 0. , 0. , 0. , 1. , 0. , 0. ],
        [1. , 0. , 0. , 1. , 0. , 1. , 0. , 0. , 0. ],
        [1. , 0. , 0. , 0. , 1. , 0. , 0. , 0. , 0. ],
        [1. , 0. , 0. , 1. , 0. , 1. , 0. , 0. , 0. ],
        [0. , 0. , 0. , 0. , 0. , 0. , 0. , 0. , 0. ],
        [0. , 0. , 0. , 0. , 0. , 0. , 0. , 0. , 0. ],
        [0. , 0. , 0. , 0. , 0. , 0. , 0. , 0. , 0. ]],

       [[1. , 0. , 0. , 0. , 0. , 0. , 0. , 0. , 1. ],
        [0. , 0. , 0. , 0. , 0. , 0. , 0. , 0. , 0. ],
        [0. , 0. , 0. , 0. , 0. , 0. , 0. , 0. , 0. ],
        [0. , 0. , 0. , 0. , 0. , 0. , 0. , 0. , 0. ],
        [0. , 0. , 0. , 0. , 0. , 0. , 0. , 0. , 0. ],
        [0. , 0. , 0. , 0. , 0. , 0. , 0. , 0. , 0. ],
        [0. , 0. , 0. , 0. , 0. , 0. , 0. , 0. , 0. ],
        [0. , 0. , 0. , 0. , 0. , 0. , 0. , 0. , 0. ],
        [1. , 0. , 0. , 0. , 0. , 0. , 0. , 0. , 1. ]],

       [[2. , 0. , 0.4, 0.4, 0.4, 0.4, 0.4, 0. , 2. ],
        [0. , 0.4, 0. , 0. , 0. , 0. , 0. , 0.4, 0. ],
        [0.4, 0. , 0.4, 0. , 0. , 0. , 0.4, 0. , 0.4],
        [0.4, 0. , 0. , 0.4, 0. , 0.4, 0. , 0. , 0.4],
        [0.4, 0. , 0. , 0. , 3. , 0. , 0. , 0. , 0.4],
        [0.4, 0. , 0. , 0.4, 0. , 0.4, 0. , 0. , 0.4],
        [0.4, 0. , 0.4, 0. , 0. , 0. , 0.4, 0. , 0.4],
        [0. , 0.4, 0. , 0. , 0. , 0. , 0. , 0.4, 0. ],
        [2. , 0. , 0.4, 0.4, 0.4, 0.4, 0.4, 0. , 2. ]],

       [[1.7, 0. , 0. , 0. , 0. , 0. , 0. , 0. , 0.4],
        [0. , 0.2, 0. , 0. , 0. , 0. , 0. , 0.2, 0. ],
        [1.8, 0. , 0. , 0. , 0. , 0. , 0. , 0. , 0. ],
        [2.2, 0. , 0. , 0. , 0. , 0. , 0. , 0. , 0. ],
        [2.2, 0. , 0. , 0. , 0. , 0. , 0. , 0. , 0. ],
        [2.2, 0. , 0. , 0. , 0. , 0.2, 0. , 0. , 0. ],
        [0. , 0. , 2.1, 0. , 0. , 0. , 1.8, 0. , 0. ],
        [0. , 0.4, 0. , 0. , 0. , 0. , 0. , 0.6, 0. ],
        [0.6, 0. , 0.9, 5.3, 5.3, 5.3, 0. , 0. , 0.6]],

       [[1.4, 0. , 0. , 0. , 0. , 0. , 0. , 0. , 0. ],
        [0. , 0. , 0. , 0. , 0. , 0. , 0. , 0. , 0. ],
        [0.5, 0. , 0. , 0. , 0. , 0. , 0. , 0. , 0. ],
        [1.2, 0. , 0. , 0. , 0. , 0. , 0. , 0. , 0. ],
        [1.2, 0. , 0. , 0. , 0. , 0. , 0. , 0. , 0. ],
        [1.2, 0. , 0. , 0. , 0. , 0. , 0. , 0. , 0. ],
        [0. , 0. , 0. , 0. , 0. , 0. , 0.8, 0. , 0. ],
        [0. , 0.1, 0. , 0. , 0. , 0. , 0. , 0.4, 0. ],
        [0. , 0. , 0.8, 2.4, 2.4, 2.4, 0. , 0. , 0.1]],

       [[0.1, 0. , 0. , 0. , 0. , 0. , 0. , 0. , 0.1],
        [0. , 0.2, 0. , 0. , 0. , 0. , 0. , 0.1, 0. ],
        [0.4, 0. , 0. , 0. , 0. , 0. , 0. , 0. , 0. ],
        [0.6, 0. , 0. , 0. , 0. , 0. , 0. , 0. , 0. ],
        [0.6, 0. , 0. , 0. , 0. , 0. , 0. , 0. , 0. ],
        [0.6, 0. , 0. , 0. , 0. , 0.2, 0. , 0. , 0. ],
        [0. , 0. , 1.9, 0. , 0. , 0. , 0.2, 0. , 0. ],
        [0. , 0.3, 0. , 0. , 0. , 0. , 0. , 0.2, 0. ],
        [0.5, 0. , 0. , 1.1, 1.1, 1.1, 0. , 0. , 0.3]],

       [[0.1, 0. , 0. , 0. , 0. , 0. , 0. , 0. , 0.2],
        [0. , 0. , 0. , 0. , 0. , 0. , 0. , 0.1, 0. ],
        [0.9, 0. , 0. , 0. , 0. , 0. , 0. , 0. , 0. ],
        [0.4, 0. , 0. , 0. , 0. , 0. , 0. , 0. , 0. ],
        [0.4, 0. , 0. , 0. , 0. , 0. , 0. , 0. , 0. ],
        [0.4, 0. , 0. , 0. , 0. , 0. , 0. , 0. , 0. ],
        [0. , 0. , 0.2, 0. , 0. , 0. , 0.8, 0. , 0. ],
        [0. , 0. , 0. , 0. , 0. , 0. , 0. , 0. , 0. ],
        [0. , 0. , 0.1, 1.8, 1.8, 1.8, 0. , 0. , 0.1]],

       [[0. , 0. , 0. , 0. , 0. , 0. , 0. , 0. , 0. ],
        [0. , 0. , 0. , 0. , 0. , 0. , 0. , 0. , 0. ],
        [0. , 0. , 0. , 0. , 0. , 0. , 0. , 0. , 0. ],
        [0. , 0. , 0. , 0. , 0. , 0. , 0. , 0. , 0. ],
        [0. , 0. , 0. , 0. , 0. , 0. , 0. , 0. , 0. ],
        [0. , 0. , 0. , 0. , 0. , 0. , 0. , 0. , 0. ],
        [0. , 0. , 0. , 0. , 0. , 0. , 0. , 0. , 0. ],
        [0. , 0. , 0. , 0. , 0. , 0. , 0. , 0. , 0. ],
        [0. , 0. , 0. , 0. , 0. , 0. , 0. , 0. , 0. ]]], dtype=float32),
                 move_feats=[array([0.3, 0.1, 0. , 0.4, 0.2, 0. ], dtype=float32),
                             array([0. , 0. , 0. , 0.4, 0. , 1. ], dtype=float32)],
                 pi=[0.4342403628117914, 0.5657596371882087],
                 z=-1.0),
 SelfPlayExample(state_tensor=array([[[1. , 0. , 1. , 1. , 1. , 1. , 1. , 0. , 1. ],
        [0. , 1. , 0. , 0. , 0. , 0. , 0. , 1. , 0. ],
        [1. , 0. , 1. , 0. , 0. , 0. , 1. , 0. , 1. ],
        [1. , 0. , 0. , 1. , 0. , 1. , 0. , 0. , 1. ],
        [1. , 0. , 0. , 0. , 1. , 0. , 0. , 0. , 1. ],
        [1. , 0. , 0. , 1. , 0. , 1. , 0. , 0. , 1. ],
        [1. , 0. , 1. , 0. , 0. , 0. , 1. , 0. , 1. ],
        [0. , 1. , 0. , 0. , 0. , 0. , 0. , 1. , 0. ],
        [1. , 0. , 1. , 1. , 1. , 1. , 1. , 0. , 1. ]],

       [[0. , 0. , 0. , 0. , 0. , 0. , 0. , 0. , 1. ],
        [0. , 0. , 0. , 0. , 0. , 0. , 0. , 1. , 0. ],
        [0. , 0. , 0. , 0. , 0. , 0. , 0. , 0. , 1. ],
        [0. , 0. , 0. , 0. , 0. , 0. , 0. , 0. , 0. ],
        [0. , 0. , 0. , 0. , 0. , 0. , 0. , 0. , 0. ],
        [0. , 0. , 0. , 0. , 0. , 0. , 0. , 0. , 0. ],
        [0. , 0. , 0. , 0. , 0. , 0. , 0. , 0. , 0. ],
        [0. , 0. , 0. , 0. , 0. , 0. , 0. , 0. , 0. ],
        [0. , 0. , 0. , 0. , 0. , 0. , 0. , 0. , 0. ]],

       [[0. , 0. , 0. , 0. , 0. , 0. , 0. , 0. , 0. ],
        [0. , 0. , 0. , 0. , 0. , 0. , 0. , 0. , 0. ],
        [0. , 0. , 0. , 0. , 0. , 0. , 0. , 0. , 0. ],
        [0. , 0. , 0. , 0. , 0. , 0. , 0. , 0. , 1. ],
        [0. , 0. , 0. , 0. , 0. , 0. , 0. , 0. , 1. ],
        [0. , 0. , 0. , 0. , 0. , 1. , 0. , 0. , 1. ],
        [0. , 0. , 0. , 0. , 0. , 0. , 1. , 0. , 1. ],
        [0. , 0. , 0. , 0. , 0. , 0. , 0. , 1. , 0. ],
        [0. , 0. , 1. , 1. , 1. , 1. , 1. , 0. , 1. ]],

       [[0. , 0. , 0. , 0. , 0. , 0. , 0. , 0. , 0. ],
        [0. , 0. , 0. , 0. , 0. , 0. , 0. , 0. , 0. ],
        [0. , 0. , 0. , 0. , 0. , 0. , 0. , 0. , 0. ],
        [0. , 0. , 0. , 0. , 0. , 0. , 0. , 0. , 0. ],
        [0. , 0. , 0. , 0. , 0. , 0. , 0. , 0. , 0. ],
        [0. , 0. , 0. , 1. , 0. , 0. , 0. , 0. , 0. ],
        [1. , 0. , 1. , 0. , 0. , 0. , 0. , 0. , 0. ],
        [0. , 1. , 0. , 0. , 0. , 0. , 0. , 0. , 0. ],
        [1. , 0. , 0. , 0. , 0. , 0. , 0. , 0. , 0. ]],

       [[1. , 0. , 1. , 1. , 1. , 1. , 1. , 0. , 0. ],
        [0. , 1. , 0. , 0. , 0. , 0. , 0. , 0. , 0. ],
        [1. , 0. , 1. , 0. , 0. , 0. , 1. , 0. , 0. ],
        [1. , 0. , 0. , 1. , 0. , 1. , 0. , 0. , 0. ],
        [1. , 0. , 0. , 0. , 1. , 0. , 0. , 0. , 0. ],
        [1. , 0. , 0. , 0. , 0. , 0. , 0. , 0. , 0. ],
        [0. , 0. , 0. , 0. , 0. , 0. , 0. , 0. , 0. ],
        [0. , 0. , 0. , 0. , 0. , 0. , 0. , 0. , 0. ],
        [0. , 0. , 0. , 0. , 0. , 0. , 0. , 0. , 0. ]],

       [[1. , 0. , 0. , 0. , 0. , 0. , 0. , 0. , 1. ],
        [0. , 0. , 0. , 0. , 0. , 0. , 0. , 0. , 0. ],
        [0. , 0. , 0. , 0. , 0. , 0. , 0. , 0. , 0. ],
        [0. , 0. , 0. , 0. , 0. , 0. , 0. , 0. , 0. ],
        [0. , 0. , 0. , 0. , 0. , 0. , 0. , 0. , 0. ],
        [0. , 0. , 0. , 0. , 0. , 0. , 0. , 0. , 0. ],
        [0. , 0. , 0. , 0. , 0. , 0. , 0. , 0. , 0. ],
        [0. , 0. , 0. , 0. , 0. , 0. , 0. , 0. , 0. ],
        [1. , 0. , 0. , 0. , 0. , 0. , 0. , 0. , 1. ]],

       [[2. , 0. , 0.4, 0.4, 0.4, 0.4, 0.4, 0. , 2. ],
        [0. , 0.4, 0. , 0. , 0. , 0. , 0. , 0.4, 0. ],
        [0.4, 0. , 0.4, 0. , 0. , 0. , 0.4, 0. , 0.4],
        [0.4, 0. , 0. , 0.4, 0. , 0.4, 0. , 0. , 0.4],
        [0.4, 0. , 0. , 0. , 3. , 0. , 0. , 0. , 0.4],
        [0.4, 0. , 0. , 0.4, 0. , 0.4, 0. , 0. , 0.4],
        [0.4, 0. , 0.4, 0. , 0. , 0. , 0.4, 0. , 0.4],
        [0. , 0.4, 0. , 0. , 0. , 0. , 0. , 0.4, 0. ],
        [2. , 0. , 0.4, 0.4, 0.4, 0.4, 0.4, 0. , 2. ]],

       [[1.4, 0. , 0. , 0. , 0. , 0. , 0. , 0. , 0.4],
        [0. , 1.5, 0. , 0. , 0. , 0. , 0. , 0.5, 0. ],
        [0.3, 0. , 0. , 0. , 0. , 0. , 0. , 0. , 0. ],
        [4. , 0. , 0. , 0. , 0. , 0. , 0. , 0. , 0. ],
        [4. , 0. , 0. , 0. , 0. , 0. , 0. , 0. , 0. ],
        [4. , 0. , 0. , 0.2, 0. , 1.7, 0. , 0. , 0. ],
        [0. , 0. , 0. , 0. , 0. , 0. , 0. , 0. , 0.7],
        [0. , 2.8, 0. , 0. , 0. , 0. , 0. , 0.4, 0. ],
        [0.7, 0. , 5. , 0. , 0. , 0. , 0. , 0. , 0.6]],

       [[0.7, 0. , 0. , 0. , 0. , 0. , 0. , 0. , 0. ],
        [0. , 1.4, 0. , 0. , 0. , 0. , 0. , 0. , 0. ],
        [0. , 0. , 0. , 0. , 0. , 0. , 0. , 0. , 0. ],
        [1.7, 0. , 0. , 0. , 0. , 0. , 0. , 0. , 0. ],
        [1.7, 0. , 0. , 0. , 0. , 0. , 0. , 0. , 0. ],
        [1.7, 0. , 0. , 0. , 0. , 0.8, 0. , 0. , 0. ],
        [0. , 0. , 0. , 0. , 0. , 0. , 0. , 0. , 0.4],
        [0. , 0.1, 0. , 0. , 0. , 0. , 0. , 0.1, 0. ],
        [0.4, 0. , 2.4, 0. , 0. , 0. , 0. , 0. , 0. ]],

       [[0.2, 0. , 0. , 0. , 0. , 0. , 0. , 0. , 0.1],
        [0. , 0.1, 0. , 0. , 0. , 0. , 0. , 0.2, 0. ],
        [0.2, 0. , 0. , 0. , 0. , 0. , 0. , 0. , 0. ],
        [1. , 0. , 0. , 0. , 0. , 0. , 0. , 0. , 0. ],
        [1. , 0. , 0. , 0. , 0. , 0. , 0. , 0. , 0. ],
        [1. , 0. , 0. , 0. , 0. , 0.2, 0. , 0. , 0. ],
        [0. , 0. , 0. , 0. , 0. , 0. , 0. , 0. , 0.2],
        [0. , 2.7, 0. , 0. , 0. , 0. , 0. , 0.3, 0. ],
        [0.2, 0. , 1.1, 0. , 0. , 0. , 0. , 0. , 0.3]],

       [[0.4, 0. , 0. , 0. , 0. , 0. , 0. , 0. , 0.2],
        [0. , 0. , 0. , 0. , 0. , 0. , 0. , 0.3, 0. ],
        [0.1, 0. , 0. , 0. , 0. , 0. , 0. , 0. , 0. ],
        [1.3, 0. , 0. , 0. , 0. , 0. , 0. , 0. , 0. ],
        [1.3, 0. , 0. , 0. , 0. , 0. , 0. , 0. , 0. ],
        [1.3, 0. , 0. , 0.2, 0. , 0.7, 0. , 0. , 0. ],
        [0. , 0. , 0. , 0. , 0. , 0. , 0. , 0. , 0.1],
        [0. , 0. , 0. , 0. , 0. , 0. , 0. , 0. , 0. ],
        [0. , 0. , 1.5, 0. , 0. , 0. , 0. , 0. , 0.2]],

       [[0. , 0. , 0. , 0. , 0. , 0. , 0. , 0. , 0. ],
        [0. , 0. , 0. , 0. , 0. , 0. , 0. , 0. , 0. ],
        [0. , 0. , 0. , 0. , 0. , 0. , 0. , 0. , 0. ],
        [0. , 0. , 0. , 0. , 0. , 0. , 0. , 0. , 0. ],
        [0. , 0. , 0. , 0. , 0. , 0. , 0. , 0. , 0. ],
        [0. , 0. , 0. , 0. , 0. , 0. , 0. , 0. , 0. ],
        [0. , 0. , 0. , 0. , 0. , 0. , 0. , 0. , 0. ],
        [0. , 0. , 0. , 0. , 0. , 0. , 0. , 0. , 0. ],
        [0. , 0. , 0. , 0. , 0. , 0. , 0. , 0. , 0. ]]], dtype=float32),
                 move_feats=[array([0.9, 0.3, 0. , 0.4, 0.2, 0. ], dtype=float32),
                             array([0. , 0. , 0. , 0.4, 0. , 1. ], dtype=float32)],
                 pi=[0.4678800856531049, 0.5321199143468951],
                 z=-1.0),
 SelfPlayExample(state_tensor=array([[[1. , 0. , 1. , 1. , 1. , 1. , 1. , 0. , 1. ],
        [0. , 1. , 0. , 0. , 0. , 0. , 0. , 1. , 0. ],
        [1. , 0. , 1. , 0. , 0. , 0. , 1. , 0. , 1. ],
        [1. , 0. , 0. , 1. , 0. , 1. , 0. , 0. , 1. ],
        [1. , 0. , 0. , 0. , 1. , 0. , 0. , 0. , 1. ],
        [1. , 0. , 0. , 1. , 0. , 1. , 0. , 0. , 1. ],
        [1. , 0. , 1. , 0. , 0. , 0. , 1. , 0. , 1. ],
        [0. , 1. , 0. , 0. , 0. , 0. , 0. , 1. , 0. ],
        [1. , 0. , 1. , 1. , 1. , 1. , 1. , 0. , 1. ]],

       [[0. , 0. , 0. , 0. , 0. , 0. , 0. , 0. , 1. ],
        [0. , 0. , 0. , 0. , 0. , 0. , 0. , 1. , 0. ],
        [0. , 0. , 0. , 0. , 0. , 0. , 0. , 0. , 1. ],
        [0. , 0. , 0. , 0. , 0. , 0. , 0. , 0. , 0. ],
        [0. , 0. , 0. , 0. , 0. , 0. , 0. , 0. , 0. ],
        [0. , 0. , 0. , 0. , 0. , 0. , 0. , 0. , 0. ],
        [0. , 0. , 0. , 0. , 0. , 0. , 0. , 0. , 0. ],
        [0. , 0. , 0. , 0. , 0. , 0. , 0. , 0. , 0. ],
        [0. , 0. , 0. , 0. , 0. , 0. , 0. , 0. , 0. ]],

       [[0. , 0. , 0. , 0. , 0. , 0. , 0. , 0. , 0. ],
        [0. , 0. , 0. , 0. , 0. , 0. , 0. , 0. , 0. ],
        [0. , 0. , 0. , 0. , 0. , 0. , 0. , 0. , 0. ],
        [0. , 0. , 0. , 0. , 0. , 0. , 0. , 0. , 1. ],
        [0. , 0. , 0. , 0. , 0. , 0. , 0. , 0. , 1. ],
        [0. , 0. , 0. , 0. , 0. , 1. , 0. , 0. , 1. ],
        [0. , 0. , 0. , 0. , 0. , 0. , 1. , 0. , 1. ],
        [0. , 0. , 0. , 0. , 0. , 0. , 0. , 1. , 0. ],
        [0. , 0. , 1. , 1. , 1. , 1. , 1. , 0. , 1. ]],

       [[0. , 0. , 0. , 0. , 0. , 0. , 0. , 0. , 0. ],
        [0. , 0. , 0. , 0. , 0. , 0. , 0. , 0. , 0. ],
        [0. , 0. , 0. , 0. , 0. , 0. , 0. , 0. , 0. ],
        [0. , 0. , 0. , 0. , 0. , 0. , 0. , 0. , 0. ],
        [0. , 0. , 0. , 0. , 0. , 0. , 0. , 0. , 0. ],
        [0. , 0. , 0. , 1. , 0. , 0. , 0. , 0. , 0. ],
        [1. , 0. , 1. , 0. , 0. , 0. , 0. , 0. , 0. ],
        [0. , 1. , 0. , 0. , 0. , 0. , 0. , 0. , 0. ],
        [1. , 0. , 0. , 0. , 0. , 0. , 0. , 0. , 0. ]],

       [[1. , 0. , 1. , 1. , 1. , 1. , 1. , 0. , 0. ],
        [0. , 1. , 0. , 0. , 0. , 0. , 0. , 0. , 0. ],
        [1. , 0. , 1. , 0. , 0. , 0. , 1. , 0. , 0. ],
        [1. , 0. , 0. , 1. , 0. , 1. , 0. , 0. , 0. ],
        [1. , 0. , 0. , 0. , 1. , 0. , 0. , 0. , 0. ],
        [1. , 0. , 0. , 0. , 0. , 0. , 0. , 0. , 0. ],
        [0. , 0. , 0. , 0. , 0. , 0. , 0. , 0. , 0. ],
        [0. , 0. , 0. , 0. , 0. , 0. , 0. , 0. , 0. ],
        [0. , 0. , 0. , 0. , 0. , 0. , 0. , 0. , 0. ]],

       [[1. , 0. , 0. , 0. , 0. , 0. , 0. , 0. , 1. ],
        [0. , 0. , 0. , 0. , 0. , 0. , 0. , 0. , 0. ],
        [0. , 0. , 0. , 0. , 0. , 0. , 0. , 0. , 0. ],
        [0. , 0. , 0. , 0. , 0. , 0. , 0. , 0. , 0. ],
        [0. , 0. , 0. , 0. , 0. , 0. , 0. , 0. , 0. ],
        [0. , 0. , 0. , 0. , 0. , 0. , 0. , 0. , 0. ],
        [0. , 0. , 0. , 0. , 0. , 0. , 0. , 0. , 0. ],
        [0. , 0. , 0. , 0. , 0. , 0. , 0. , 0. , 0. ],
        [1. , 0. , 0. , 0. , 0. , 0. , 0. , 0. , 1. ]],

       [[2. , 0. , 0.4, 0.4, 0.4, 0.4, 0.4, 0. , 2. ],
        [0. , 0.4, 0. , 0. , 0. , 0. , 0. , 0.4, 0. ],
        [0.4, 0. , 0.4, 0. , 0. , 0. , 0.4, 0. , 0.4],
        [0.4, 0. , 0. , 0.4, 0. , 0.4, 0. , 0. , 0.4],
        [0.4, 0. , 0. , 0. , 3. , 0. , 0. , 0. , 0.4],
        [0.4, 0. , 0. , 0.4, 0. , 0.4, 0. , 0. , 0.4],
        [0.4, 0. , 0.4, 0. , 0. , 0. , 0.4, 0. , 0.4],
        [0. , 0.4, 0. , 0. , 0. , 0. , 0. , 0.4, 0. ],
        [2. , 0. , 0.4, 0.4, 0.4, 0.4, 0.4, 0. , 2. ]],

       [[1.1, 0. , 0. , 0. , 0. , 0. , 0. , 0. , 0.4],
        [0. , 0.9, 0. , 0. , 0. , 0. , 0. , 0.8, 0. ],
        [1.9, 0. , 0. , 0. , 0. , 0. , 0. , 0. , 0. ],
        [4.3, 0. , 0. , 0. , 0. , 0. , 0. , 0. , 0.7],
        [4.3, 0. , 0. , 0. , 0. , 0. , 0. , 0. , 0.7],
        [4.3, 0. , 0. , 0.2, 0. , 1.7, 0. , 0. , 0.7],
        [0. , 0. , 0. , 0. , 0. , 0. , 0. , 0. , 0.6],
        [0. , 1.8, 0. , 0. , 0. , 0. , 0. , 0.3, 0. ],
        [0.5, 0. , 2.8, 0. , 0. , 0. , 0. , 0. , 0.8]],

       [[0.2, 0. , 0. , 0. , 0. , 0. , 0. , 0. , 0. ],
        [0. , 0.7, 0. , 0. , 0. , 0. , 0. , 0. , 0. ],
        [1.4, 0. , 0. , 0. , 0. , 0. , 0. , 0. , 0. ],
        [1.7, 0. , 0. , 0. , 0. , 0. , 0. , 0. , 0.4],
        [1.7, 0. , 0. , 0. , 0. , 0. , 0. , 0. , 0.4],
        [1.7, 0. , 0. , 0. , 0. , 0.8, 0. , 0. , 0.4],
        [0. , 0. , 0. , 0. , 0. , 0. , 0. , 0. , 0.1],
        [0. , 0.4, 0. , 0. , 0. , 0. , 0. , 0. , 0. ],
        [0. , 0. , 2.4, 0. , 0. , 0. , 0. , 0. , 0.2]],

       [[0.1, 0. , 0. , 0. , 0. , 0. , 0. , 0. , 0.1],
        [0. , 0.2, 0. , 0. , 0. , 0. , 0. , 0.3, 0. ],
        [0.1, 0. , 0. , 0. , 0. , 0. , 0. , 0. , 0. ],
        [1.2, 0. , 0. , 0. , 0. , 0. , 0. , 0. , 0.2],
        [1.2, 0. , 0. , 0. , 0. , 0. , 0. , 0. , 0.2],
        [1.2, 0. , 0. , 0. , 0. , 0.2, 0. , 0. , 0.2],
        [0. , 0. , 0. , 0. , 0. , 0. , 0. , 0. , 0.3],
        [0. , 1.4, 0. , 0. , 0. , 0. , 0. , 0.3, 0. ],
        [0.2, 0. , 0. , 0. , 0. , 0. , 0. , 0. , 0.5]],

       [[0.7, 0. , 0. , 0. , 0. , 0. , 0. , 0. , 0.2],
        [0. , 0. , 0. , 0. , 0. , 0. , 0. , 0.5, 0. ],
        [0.4, 0. , 0. , 0. , 0. , 0. , 0. , 0. , 0. ],
        [1.4, 0. , 0. , 0. , 0. , 0. , 0. , 0. , 0.1],
        [1.4, 0. , 0. , 0. , 0. , 0. , 0. , 0. , 0.1],
        [1.4, 0. , 0. , 0.2, 0. , 0.7, 0. , 0. , 0.1],
        [0. , 0. , 0. , 0. , 0. , 0. , 0. , 0. , 0.2],
        [0. , 0. , 0. , 0. , 0. , 0. , 0. , 0. , 0. ],
        [0.2, 0. , 0.4, 0. , 0. , 0. , 0. , 0. , 0. ]],

       [[0. , 0. , 0. , 0. , 0. , 0. , 0. , 0. , 0. ],
        [0. , 0. , 0. , 0. , 0. , 0. , 0. , 0. , 0. ],
        [0. , 0. , 0. , 0. , 0. , 0. , 0. , 0. , 0. ],
        [0. , 0. , 0. , 0. , 0. , 0. , 0. , 0. , 0. ],
        [0. , 0. , 0. , 0. , 0. , 0. , 0. , 0. , 0. ],
        [0. , 0. , 0. , 0. , 0. , 0. , 0. , 0. , 0. ],
        [0. , 0. , 0. , 0. , 0. , 0. , 0. , 0. , 0. ],
        [0. , 0. , 0. , 0. , 0. , 0. , 0. , 0. , 0. ],
        [0. , 0. , 0. , 0. , 0. , 0. , 0. , 0. , 0. ]]], dtype=float32),
                 move_feats=[array([1.5, 0.5, 0. , 0.4, 0.2, 0. ], dtype=float32),
                             array([0. , 0. , 0. , 0.4, 0. , 1. ], dtype=float32)],
                 pi=[0.5231578947368422, 0.4768421052631579],
                 z=-1.0),
 SelfPlayExample(state_tensor=array([[[1. , 0. , 1. , 1. , 1. , 1. , 1. , 0. , 1. ],
        [0. , 1. , 0. , 0. , 0. , 0. , 0. , 1. , 0. ],
        [1. , 0. , 1. , 0. , 0. , 0. , 1. , 0. , 1. ],
        [1. , 0. , 0. , 1. , 0. , 1. , 0. , 0. , 1. ],
        [1. , 0. , 0. , 0. , 1. , 0. , 0. , 0. , 1. ],
        [1. , 0. , 0. , 1. , 0. , 1. , 0. , 0. , 1. ],
        [1. , 0. , 1. , 0. , 0. , 0. , 1. , 0. , 1. ],
        [0. , 1. , 0. , 0. , 0. , 0. , 0. , 1. , 0. ],
        [1. , 0. , 1. , 1. , 1. , 1. , 1. , 0. , 1. ]],

       [[0. , 0. , 0. , 0. , 0. , 0. , 0. , 0. , 1. ],
        [0. , 0. , 0. , 0. , 0. , 0. , 0. , 1. , 0. ],
        [0. , 0. , 0. , 0. , 0. , 0. , 0. , 0. , 0. ],
        [0. , 0. , 0. , 0. , 0. , 0. , 0. , 0. , 0. ],
        [0. , 0. , 0. , 0. , 0. , 0. , 0. , 0. , 0. ],
        [0. , 0. , 0. , 0. , 0. , 0. , 0. , 0. , 0. ],
        [0. , 0. , 0. , 0. , 0. , 0. , 0. , 0. , 0. ],
        [0. , 0. , 0. , 0. , 0. , 0. , 0. , 0. , 0. ],
        [0. , 0. , 0. , 0. , 0. , 0. , 0. , 0. , 0. ]],

       [[0. , 0. , 0. , 0. , 0. , 0. , 0. , 0. , 0. ],
        [0. , 0. , 0. , 0. , 0. , 0. , 0. , 0. , 0. ],
        [0. , 0. , 0. , 0. , 0. , 0. , 0. , 0. , 1. ],
        [0. , 0. , 0. , 0. , 0. , 0. , 0. , 0. , 1. ],
        [0. , 0. , 0. , 0. , 0. , 0. , 0. , 0. , 1. ],
        [0. , 0. , 0. , 0. , 0. , 1. , 0. , 0. , 1. ],
        [0. , 0. , 0. , 0. , 0. , 0. , 1. , 0. , 1. ],
        [0. , 1. , 0. , 0. , 0. , 0. , 0. , 1. , 0. ],
        [0. , 0. , 1. , 1. , 1. , 1. , 1. , 0. , 1. ]],

       [[0. , 0. , 0. , 0. , 0. , 0. , 0. , 0. , 0. ],
        [0. , 0. , 0. , 0. , 0. , 0. , 0. , 0. , 0. ],
        [0. , 0. , 0. , 0. , 0. , 0. , 0. , 0. , 0. ],
        [0. , 0. , 0. , 0. , 0. , 0. , 0. , 0. , 0. ],
        [0. , 0. , 0. , 0. , 0. , 0. , 0. , 0. , 0. ],
        [0. , 0. , 0. , 1. , 0. , 0. , 0. , 0. , 0. ],
        [1. , 0. , 1. , 0. , 0. , 0. , 0. , 0. , 0. ],
        [0. , 0. , 0. , 0. , 0. , 0. , 0. , 0. , 0. ],
        [1. , 0. , 0. , 0. , 0. , 0. , 0. , 0. , 0. ]],

       [[1. , 0. , 1. , 1. , 1. , 1. , 1. , 0. , 0. ],
        [0. , 1. , 0. , 0. , 0. , 0. , 0. , 0. , 0. ],
        [1. , 0. , 1. , 0. , 0. , 0. , 1. , 0. , 0. ],
        [1. , 0. , 0. , 1. , 0. , 1. , 0. , 0. , 0. ],
        [1. , 0. , 0. , 0. , 1. , 0. , 0. , 0. , 0. ],
        [1. , 0. , 0. , 0. , 0. , 0. , 0. , 0. , 0. ],
        [0. , 0. , 0. , 0. , 0. , 0. , 0. , 0. , 0. ],
        [0. , 0. , 0. , 0. , 0. , 0. , 0. , 0. , 0. ],
        [0. , 0. , 0. , 0. , 0. , 0. , 0. , 0. , 0. ]],

       [[1. , 0. , 0. , 0. , 0. , 0. , 0. , 0. , 1. ],
        [0. , 0. , 0. , 0. , 0. , 0. , 0. , 0. , 0. ],
        [0. , 0. , 0. , 0. , 0. , 0. , 0. , 0. , 0. ],
        [0. , 0. , 0. , 0. , 0. , 0. , 0. , 0. , 0. ],
        [0. , 0. , 0. , 0. , 0. , 0. , 0. , 0. , 0. ],
        [0. , 0. , 0. , 0. , 0. , 0. , 0. , 0. , 0. ],
        [0. , 0. , 0. , 0. , 0. , 0. , 0. , 0. , 0. ],
        [0. , 0. , 0. , 0. , 0. , 0. , 0. , 0. , 0. ],
        [1. , 0. , 0. , 0. , 0. , 0. , 0. , 0. , 1. ]],

       [[2. , 0. , 0.4, 0.4, 0.4, 0.4, 0.4, 0. , 2. ],
        [0. , 0.4, 0. , 0. , 0. , 0. , 0. , 0.4, 0. ],
        [0.4, 0. , 0.4, 0. , 0. , 0. , 0.4, 0. , 0.4],
        [0.4, 0. , 0. , 0.4, 0. , 0.4, 0. , 0. , 0.4],
        [0.4, 0. , 0. , 0. , 3. , 0. , 0. , 0. , 0.4],
        [0.4, 0. , 0. , 0.4, 0. , 0.4, 0. , 0. , 0.4],
        [0.4, 0. , 0.4, 0. , 0. , 0. , 0.4, 0. , 0.4],
        [0. , 0.4, 0. , 0. , 0. , 0. , 0. , 0.4, 0. ],
        [2. , 0. , 0.4, 0.4, 0.4, 0.4, 0.4, 0. , 2. ]],

       [[1.2, 0. , 0. , 0. , 0. , 0. , 0. , 0. , 0.5],
        [0. , 0.3, 0. , 0. , 0. , 0. , 0. , 0.6, 0. ],
        [1.6, 0. , 0. , 0. , 0. , 0. , 0. , 0. , 0.4],
        [6.2, 0. , 0. , 0. , 0. , 0. , 0. , 0. , 0.4],
        [6.2, 0. , 0. , 0. , 0. , 0. , 0. , 0. , 0.4],
        [6.2, 0. , 0. , 0.2, 0. , 1.7, 0. , 0. , 0.4],
        [0. , 0. , 0. , 0. , 0. , 0. , 0.3, 0. , 0. ],
        [0. , 0.1, 0. , 0. , 0. , 0. , 0. , 0.7, 0. ],
        [1. , 0. , 0. , 0. , 0. , 0. , 0. , 0. , 0.8]],

       [[0. , 0. , 0. , 0. , 0. , 0. , 0. , 0. , 0.3],
        [0. , 0.2, 0. , 0. , 0. , 0. , 0. , 0. , 0. ],
        [0.7, 0. , 0. , 0. , 0. , 0. , 0. , 0. , 0. ],
        [3.1, 0. , 0. , 0. , 0. , 0. , 0. , 0. , 0.1],
        [3.1, 0. , 0. , 0. , 0. , 0. , 0. , 0. , 0.1],
        [3.1, 0. , 0. , 0. , 0. , 0.8, 0. , 0. , 0.1],
        [0. , 0. , 0. , 0. , 0. , 0. , 0. , 0. , 0. ],
        [0. , 0. , 0. , 0. , 0. , 0. , 0. , 0.2, 0. ],
        [0.2, 0. , 0. , 0. , 0. , 0. , 0. , 0. , 0.2]],

       [[1. , 0. , 0. , 0. , 0. , 0. , 0. , 0. , 0. ],
        [0. , 0.1, 0. , 0. , 0. , 0. , 0. , 0.4, 0. ],
        [0.2, 0. , 0. , 0. , 0. , 0. , 0. , 0. , 0.1],
        [1.3, 0. , 0. , 0. , 0. , 0. , 0. , 0. , 0.3],
        [1.3, 0. , 0. , 0. , 0. , 0. , 0. , 0. , 0.3],
        [1.3, 0. , 0. , 0. , 0. , 0.2, 0. , 0. , 0.3],
        [0. , 0. , 0. , 0. , 0. , 0. , 0.3, 0. , 0. ],
        [0. , 0. , 0. , 0. , 0. , 0. , 0. , 0.5, 0. ],
        [0.5, 0. , 0. , 0. , 0. , 0. , 0. , 0. , 0.5]],

       [[0.1, 0. , 0. , 0. , 0. , 0. , 0. , 0. , 0.1],
        [0. , 0. , 0. , 0. , 0. , 0. , 0. , 0.2, 0. ],
        [0.7, 0. , 0. , 0. , 0. , 0. , 0. , 0. , 0.3],
        [1.8, 0. , 0. , 0. , 0. , 0. , 0. , 0. , 0. ],
        [1.8, 0. , 0. , 0. , 0. , 0. , 0. , 0. , 0. ],
        [1.8, 0. , 0. , 0.2, 0. , 0.7, 0. , 0. , 0. ],
        [0. , 0. , 0. , 0. , 0. , 0. , 0. , 0. , 0. ],
        [0. , 0.1, 0. , 0. , 0. , 0. , 0. , 0. , 0. ],
        [0.2, 0. , 0. , 0. , 0. , 0. , 0. , 0. , 0. ]],

       [[0. , 0. , 0. , 0. , 0. , 0. , 0. , 0. , 0. ],
        [0. , 0. , 0. , 0. , 0. , 0. , 0. , 0. , 0. ],
        [0. , 0. , 0. , 0. , 0. , 0. , 0. , 0. , 0. ],
        [0. , 0. , 0. , 0. , 0. , 0. , 0. , 0. , 0. ],
        [0. , 0. , 0. , 0. , 0. , 0. , 0. , 0. , 0. ],
        [0. , 0. , 0. , 0. , 0. , 0. , 0. , 0. , 0. ],
        [0. , 0. , 0. , 0. , 0. , 0. , 0. , 0. , 0. ],
        [0. , 0. , 0. , 0. , 0. , 0. , 0. , 0. , 0. ],
        [0. , 0. , 0. , 0. , 0. , 0. , 0. , 0. , 0. ]]], dtype=float32),
                 move_feats=[array([1.7, 0.7, 0. , 0.4, 0.6, 0. ], dtype=float32),
                             array([1.4, 0.6, 0. , 0.4, 0.4, 0. ], dtype=float32),
                             array([0. , 0. , 0. , 0.4, 0. , 1. ], dtype=float32)],
                 pi=[0.37013669821240797,
                     0.31650893796004204,
                     0.31335436382754994],
                 z=-1.0),
 SelfPlayExample(state_tensor=array([[[1. , 0. , 1. , 1. , 1. , 1. , 1. , 0. , 1. ],
        [0. , 1. , 0. , 0. , 0. , 0. , 0. , 1. , 0. ],
        [1. , 0. , 1. , 0. , 0. , 0. , 1. , 0. , 1. ],
        [1. , 0. , 0. , 1. , 0. , 1. , 0. , 0. , 1. ],
        [1. , 0. , 0. , 0. , 1. , 0. , 0. , 0. , 1. ],
        [1. , 0. , 0. , 1. , 0. , 1. , 0. , 0. , 1. ],
        [1. , 0. , 1. , 0. , 0. , 0. , 1. , 0. , 1. ],
        [0. , 1. , 0. , 0. , 0. , 0. , 0. , 1. , 0. ],
        [1. , 0. , 1. , 1. , 1. , 1. , 1. , 0. , 1. ]],

       [[0. , 0. , 0. , 0. , 0. , 0. , 0. , 0. , 1. ],
        [0. , 0. , 0. , 0. , 0. , 0. , 0. , 1. , 0. ],
        [0. , 0. , 0. , 0. , 0. , 0. , 0. , 0. , 1. ],
        [0. , 0. , 0. , 0. , 0. , 0. , 0. , 0. , 0. ],
        [0. , 0. , 0. , 0. , 0. , 0. , 0. , 0. , 0. ],
        [0. , 0. , 0. , 0. , 0. , 0. , 0. , 0. , 0. ],
        [0. , 0. , 0. , 0. , 0. , 0. , 0. , 0. , 0. ],
        [0. , 0. , 0. , 0. , 0. , 0. , 0. , 0. , 0. ],
        [0. , 0. , 0. , 0. , 0. , 0. , 0. , 0. , 0. ]],

       [[0. , 0. , 0. , 0. , 0. , 0. , 0. , 0. , 0. ],
        [0. , 0. , 0. , 0. , 0. , 0. , 0. , 0. , 0. ],
        [0. , 0. , 0. , 0. , 0. , 0. , 0. , 0. , 0. ],
        [0. , 0. , 0. , 0. , 0. , 0. , 0. , 0. , 1. ],
        [0. , 0. , 0. , 0. , 0. , 0. , 0. , 0. , 1. ],
        [0. , 0. , 0. , 0. , 0. , 1. , 0. , 0. , 1. ],
        [1. , 0. , 0. , 0. , 0. , 0. , 1. , 0. , 1. ],
        [0. , 0. , 0. , 0. , 0. , 0. , 0. , 1. , 0. ],
        [0. , 0. , 1. , 1. , 1. , 1. , 1. , 0. , 1. ]],

       [[0. , 0. , 0. , 0. , 0. , 0. , 0. , 0. , 0. ],
        [0. , 0. , 0. , 0. , 0. , 0. , 0. , 0. , 0. ],
        [0. , 0. , 0. , 0. , 0. , 0. , 0. , 0. , 0. ],
        [0. , 0. , 0. , 0. , 0. , 0. , 0. , 0. , 0. ],
        [0. , 0. , 0. , 0. , 0. , 0. , 0. , 0. , 0. ],
        [0. , 0. , 0. , 1. , 0. , 0. , 0. , 0. , 0. ],
        [0. , 0. , 1. , 0. , 0. , 0. , 0. , 0. , 0. ],
        [0. , 1. , 0. , 0. , 0. , 0. , 0. , 0. , 0. ],
        [1. , 0. , 0. , 0. , 0. , 0. , 0. , 0. , 0. ]],

       [[1. , 0. , 1. , 1. , 1. , 1. , 1. , 0. , 0. ],
        [0. , 1. , 0. , 0. , 0. , 0. , 0. , 0. , 0. ],
        [1. , 0. , 1. , 0. , 0. , 0. , 1. , 0. , 0. ],
        [1. , 0. , 0. , 1. , 0. , 1. , 0. , 0. , 0. ],
        [1. , 0. , 0. , 0. , 1. , 0. , 0. , 0. , 0. ],
        [1. , 0. , 0. , 0. , 0. , 0. , 0. , 0. , 0. ],
        [0. , 0. , 0. , 0. , 0. , 0. , 0. , 0. , 0. ],
        [0. , 0. , 0. , 0. , 0. , 0. , 0. , 0. , 0. ],
        [0. , 0. , 0. , 0. , 0. , 0. , 0. , 0. , 0. ]],

       [[1. , 0. , 0. , 0. , 0. , 0. , 0. , 0. , 1. ],
        [0. , 0. , 0. , 0. , 0. , 0. , 0. , 0. , 0. ],
        [0. , 0. , 0. , 0. , 0. , 0. , 0. , 0. , 0. ],
        [0. , 0. , 0. , 0. , 0. , 0. , 0. , 0. , 0. ],
        [0. , 0. , 0. , 0. , 0. , 0. , 0. , 0. , 0. ],
        [0. , 0. , 0. , 0. , 0. , 0. , 0. , 0. , 0. ],
        [0. , 0. , 0. , 0. , 0. , 0. , 0. , 0. , 0. ],
        [0. , 0. , 0. , 0. , 0. , 0. , 0. , 0. , 0. ],
        [1. , 0. , 0. , 0. , 0. , 0. , 0. , 0. , 1. ]],

       [[2. , 0. , 0.4, 0.4, 0.4, 0.4, 0.4, 0. , 2. ],
        [0. , 0.4, 0. , 0. , 0. , 0. , 0. , 0.4, 0. ],
        [0.4, 0. , 0.4, 0. , 0. , 0. , 0.4, 0. , 0.4],
        [0.4, 0. , 0. , 0.4, 0. , 0.4, 0. , 0. , 0.4],
        [0.4, 0. , 0. , 0. , 3. , 0. , 0. , 0. , 0.4],
        [0.4, 0. , 0. , 0.4, 0. , 0.4, 0. , 0. , 0.4],
        [0.4, 0. , 0.4, 0. , 0. , 0. , 0.4, 0. , 0.4],
        [0. , 0.4, 0. , 0. , 0. , 0. , 0. , 0.4, 0. ],
        [2. , 0. , 0.4, 0.4, 0.4, 0.4, 0.4, 0. , 2. ]],

       [[1.4, 0. , 0. , 0. , 0. , 0. , 0. , 0. , 0.4],
        [0. , 1. , 0. , 0. , 0. , 0. , 0. , 0.3, 0. ],
        [0.4, 0. , 0. , 0. , 0. , 0. , 0. , 0. , 0.5],
        [7.8, 0. , 0. , 0. , 0. , 0. , 0. , 0. , 0.1],
        [7.8, 0. , 0. , 0. , 0. , 0. , 0. , 0. , 0.1],
        [7.8, 0. , 0. , 0.2, 0. , 2. , 0. , 0. , 0.1],
        [0.1, 0. , 0. , 0. , 0. , 0. , 0. , 0. , 0.7],
        [0. , 0.9, 0. , 0. , 0. , 0. , 0. , 0.7, 0. ],
        [0.6, 0. , 0. , 0. , 0. , 0. , 0. , 0. , 0.8]],

       [[1. , 0. , 0. , 0. , 0. , 0. , 0. , 0. , 0. ],
        [0. , 0. , 0. , 0. , 0. , 0. , 0. , 0.3, 0. ],
        [0.2, 0. , 0. , 0. , 0. , 0. , 0. , 0. , 0. ],
        [3.8, 0. , 0. , 0. , 0. , 0. , 0. , 0. , 0.1],
        [3.8, 0. , 0. , 0. , 0. , 0. , 0. , 0. , 0.1],
        [3.8, 0. , 0. , 0. , 0. , 0.8, 0. , 0. , 0.1],
        [0. , 0. , 0. , 0. , 0. , 0. , 0. , 0. , 0.2],
        [0. , 0.2, 0. , 0. , 0. , 0. , 0. , 0.2, 0. ],
        [0.4, 0. , 0. , 0. , 0. , 0. , 0. , 0. , 0.1]],

       [[0. , 0. , 0. , 0. , 0. , 0. , 0. , 0. , 0.1],
        [0. , 1. , 0. , 0. , 0. , 0. , 0. , 0. , 0. ],
        [0.1, 0. , 0. , 0. , 0. , 0. , 0. , 0. , 0.2],
        [1.5, 0. , 0. , 0. , 0. , 0. , 0. , 0. , 0. ],
        [1.5, 0. , 0. , 0. , 0. , 0. , 0. , 0. , 0. ],
        [1.5, 0. , 0. , 0. , 0. , 0.5, 0. , 0. , 0. ],
        [0. , 0. , 0. , 0. , 0. , 0. , 0. , 0. , 0.5],
        [0. , 0.5, 0. , 0. , 0. , 0. , 0. , 0.5, 0. ],
        [0.1, 0. , 0. , 0. , 0. , 0. , 0. , 0. , 0.3]],

       [[0.3, 0. , 0. , 0. , 0. , 0. , 0. , 0. , 0.2],
        [0. , 0. , 0. , 0. , 0. , 0. , 0. , 0. , 0. ],
        [0.1, 0. , 0. , 0. , 0. , 0. , 0. , 0. , 0.3],
        [2.5, 0. , 0. , 0. , 0. , 0. , 0. , 0. , 0. ],
        [2.5, 0. , 0. , 0. , 0. , 0. , 0. , 0. , 0. ],
        [2.5, 0. , 0. , 0.2, 0. , 0.7, 0. , 0. , 0. ],
        [0.1, 0. , 0. , 0. , 0. , 0. , 0. , 0. , 0. ],
        [0. , 0.2, 0. , 0. , 0. , 0. , 0. , 0. , 0. ],
        [0. , 0. , 0. , 0. , 0. , 0. , 0. , 0. , 0.3]],

       [[0. , 0. , 0. , 0. , 0. , 0. , 0. , 0. , 0. ],
        [0. , 0. , 0. , 0. , 0. , 0. , 0. , 0. , 0. ],
        [0. , 0. , 0. , 0. , 0. , 0. , 0. , 0. , 0. ],
        [0. , 0. , 0. , 0. , 0. , 0. , 0. , 0. , 0. ],
        [0. , 0. , 0. , 0. , 0. , 0. , 0. , 0. , 0. ],
        [0. , 0. , 0. , 0. , 0. , 0. , 0. , 0. , 0. ],
        [0. , 0. , 0. , 0. , 0. , 0. , 0. , 0. , 0. ],
        [0. , 0. , 0. , 0. , 0. , 0. , 0. , 0. , 0. ],
        [0. , 0. , 0. , 0. , 0. , 0. , 0. , 0. , 0. ]]], dtype=float32),
                 move_feats=[array([1.3, 0.5, 0. , 0.4, 0.4, 0. ], dtype=float32),
                             array([0.9, 0.3, 0. , 0.4, 0.2, 0. ], dtype=float32),
                             array([0. , 0. , 0. , 0.4, 0. , 1. ], dtype=float32)],
                 pi=[0.30237154150197626,
                     0.3300395256916996,
                     0.3675889328063241],
                 z=-1.0),
 SelfPlayExample(state_tensor=array([[[1. , 0. , 1. , 1. , 1. , 1. , 1. , 0. , 1. ],
        [0. , 1. , 0. , 0. , 0. , 0. , 0. , 1. , 0. ],
        [1. , 0. , 1. , 0. , 0. , 0. , 1. , 0. , 1. ],
        [1. , 0. , 0. , 1. , 0. , 1. , 0. , 0. , 1. ],
        [1. , 0. , 0. , 0. , 1. , 0. , 0. , 0. , 1. ],
        [1. , 0. , 0. , 1. , 0. , 1. , 0. , 0. , 1. ],
        [1. , 0. , 1. , 0. , 0. , 0. , 1. , 0. , 1. ],
        [0. , 1. , 0. , 0. , 0. , 0. , 0. , 1. , 0. ],
        [1. , 0. , 1. , 1. , 1. , 1. , 1. , 0. , 1. ]],

       [[0. , 0. , 0. , 0. , 0. , 0. , 1. , 0. , 1. ],
        [0. , 0. , 0. , 0. , 0. , 0. , 0. , 1. , 0. ],
        [0. , 0. , 0. , 0. , 0. , 0. , 0. , 0. , 1. ],
        [0. , 0. , 0. , 0. , 0. , 0. , 0. , 0. , 0. ],
        [0. , 0. , 0. , 0. , 0. , 0. , 0. , 0. , 0. ],
        [0. , 0. , 0. , 0. , 0. , 0. , 0. , 0. , 0. ],
        [0. , 0. , 0. , 0. , 0. , 0. , 0. , 0. , 0. ],
        [0. , 0. , 0. , 0. , 0. , 0. , 0. , 0. , 0. ],
        [0. , 0. , 0. , 0. , 0. , 0. , 0. , 0. , 0. ]],

       [[0. , 0. , 0. , 0. , 0. , 0. , 0. , 0. , 0. ],
        [0. , 0. , 0. , 0. , 0. , 0. , 0. , 0. , 0. ],
        [0. , 0. , 0. , 0. , 0. , 0. , 0. , 0. , 0. ],
        [0. , 0. , 0. , 0. , 0. , 0. , 0. , 0. , 1. ],
        [0. , 0. , 0. , 0. , 0. , 0. , 0. , 0. , 1. ],
        [0. , 0. , 0. , 0. , 0. , 1. , 0. , 0. , 1. ],
        [0. , 0. , 0. , 0. , 0. , 0. , 1. , 0. , 1. ],
        [0. , 0. , 0. , 0. , 0. , 0. , 0. , 1. , 0. ],
        [0. , 0. , 0. , 1. , 1. , 1. , 1. , 0. , 1. ]],

       [[0. , 0. , 0. , 0. , 0. , 0. , 0. , 0. , 0. ],
        [0. , 0. , 0. , 0. , 0. , 0. , 0. , 0. , 0. ],
        [0. , 0. , 0. , 0. , 0. , 0. , 0. , 0. , 0. ],
        [0. , 0. , 0. , 0. , 0. , 0. , 0. , 0. , 0. ],
        [0. , 0. , 0. , 0. , 1. , 0. , 0. , 0. , 0. ],
        [0. , 0. , 0. , 1. , 0. , 0. , 0. , 0. , 0. ],
        [1. , 0. , 1. , 0. , 0. , 0. , 0. , 0. , 0. ],
        [0. , 1. , 0. , 0. , 0. , 0. , 0. , 0. , 0. ],
        [1. , 0. , 1. , 0. , 0. , 0. , 0. , 0. , 0. ]],

       [[1. , 0. , 1. , 1. , 1. , 1. , 0. , 0. , 0. ],
        [0. , 1. , 0. , 0. , 0. , 0. , 0. , 0. , 0. ],
        [1. , 0. , 1. , 0. , 0. , 0. , 1. , 0. , 0. ],
        [1. , 0. , 0. , 1. , 0. , 1. , 0. , 0. , 0. ],
        [1. , 0. , 0. , 0. , 0. , 0. , 0. , 0. , 0. ],
        [1. , 0. , 0. , 0. , 0. , 0. , 0. , 0. , 0. ],
        [0. , 0. , 0. , 0. , 0. , 0. , 0. , 0. , 0. ],
        [0. , 0. , 0. , 0. , 0. , 0. , 0. , 0. , 0. ],
        [0. , 0. , 0. , 0. , 0. , 0. , 0. , 0. , 0. ]],

       [[1. , 0. , 0. , 0. , 0. , 0. , 0. , 0. , 1. ],
        [0. , 0. , 0. , 0. , 0. , 0. , 0. , 0. , 0. ],
        [0. , 0. , 0. , 0. , 0. , 0. , 0. , 0. , 0. ],
        [0. , 0. , 0. , 0. , 0. , 0. , 0. , 0. , 0. ],
        [0. , 0. , 0. , 0. , 0. , 0. , 0. , 0. , 0. ],
        [0. , 0. , 0. , 0. , 0. , 0. , 0. , 0. , 0. ],
        [0. , 0. , 0. , 0. , 0. , 0. , 0. , 0. , 0. ],
        [0. , 0. , 0. , 0. , 0. , 0. , 0. , 0. , 0. ],
        [1. , 0. , 0. , 0. , 0. , 0. , 0. , 0. , 1. ]],

       [[2. , 0. , 0.4, 0.4, 0.4, 0.4, 0.4, 0. , 2. ],
        [0. , 0.4, 0. , 0. , 0. , 0. , 0. , 0.4, 0. ],
        [0.4, 0. , 0.4, 0. , 0. , 0. , 0.4, 0. , 0.4],
        [0.4, 0. , 0. , 0.4, 0. , 0.4, 0. , 0. , 0.4],
        [0.4, 0. , 0. , 0. , 3. , 0. , 0. , 0. , 0.4],
        [0.4, 0. , 0. , 0.4, 0. , 0.4, 0. , 0. , 0.4],
        [0.4, 0. , 0.4, 0. , 0. , 0. , 0.4, 0. , 0.4],
        [0. , 0.4, 0. , 0. , 0. , 0. , 0. , 0.4, 0. ],
        [2. , 0. , 0.4, 0.4, 0.4, 0.4, 0.4, 0. , 2. ]],

       [[1.4, 0. , 1.3, 0. , 0. , 0. , 0.5, 0. , 0.4],
        [0. , 1. , 0. , 0. , 0. , 0. , 0. , 0.1, 0. ],
        [0. , 0. , 0. , 0. , 0. , 0. , 0. , 0. , 0.5],
        [8.2, 0. , 0. , 0. , 0. , 0. , 0. , 0. , 0.8],
        [8.2, 0. , 0. , 0. , 0.2, 0. , 0. , 0. , 0.8],
        [8.2, 0. , 0. , 0. , 0. , 2. , 0. , 0. , 0.8],
        [0.4, 0. , 0. , 0. , 0. , 0. , 0. , 0. , 1. ],
        [0. , 0.5, 0. , 0. , 0. , 0. , 0. , 0.4, 0. ],
        [0.5, 0. , 0.5, 0. , 0. , 0. , 0. , 0. , 0.9]],

       [[1. , 0. , 0. , 0. , 0. , 0. , 0.3, 0. , 0. ],
        [0. , 1. , 0. , 0. , 0. , 0. , 0. , 0. , 0. ],
        [0. , 0. , 0. , 0. , 0. , 0. , 0. , 0. , 0. ],
        [4. , 0. , 0. , 0. , 0. , 0. , 0. , 0. , 0.3],
        [4. , 0. , 0. , 0. , 0. , 0. , 0. , 0. , 0.3],
        [4. , 0. , 0. , 0. , 0. , 0.8, 0. , 0. , 0.3],
        [0.2, 0. , 0. , 0. , 0. , 0. , 0. , 0. , 0.2],
        [0. , 0.4, 0. , 0. , 0. , 0. , 0. , 0.1, 0. ],
        [0. , 0. , 0. , 0. , 0. , 0. , 0. , 0. , 0.3]],

       [[0. , 0. , 1. , 0. , 0. , 0. , 0. , 0. , 0.1],
        [0. , 0. , 0. , 0. , 0. , 0. , 0. , 0.1, 0. ],
        [0. , 0. , 0. , 0. , 0. , 0. , 0. , 0. , 0.2],
        [1.6, 0. , 0. , 0. , 0. , 0. , 0. , 0. , 0.5],
        [1.6, 0. , 0. , 0. , 0. , 0. , 0. , 0. , 0.5],
        [1.6, 0. , 0. , 0. , 0. , 0.5, 0. , 0. , 0.5],
        [0. , 0. , 0. , 0. , 0. , 0. , 0. , 0. , 0.5],
        [0. , 0.1, 0. , 0. , 0. , 0. , 0. , 0.3, 0. ],
        [0.4, 0. , 0.5, 0. , 0. , 0. , 0. , 0. , 0.4]],

       [[0.3, 0. , 0.3, 0. , 0. , 0. , 0.2, 0. , 0.2],
        [0. , 0. , 0. , 0. , 0. , 0. , 0. , 0. , 0. ],
        [0. , 0. , 0. , 0. , 0. , 0. , 0. , 0. , 0.3],
        [2.6, 0. , 0. , 0. , 0. , 0. , 0. , 0. , 0. ],
        [2.6, 0. , 0. , 0. , 0.2, 0. , 0. , 0. , 0. ],
        [2.6, 0. , 0. , 0. , 0. , 0.7, 0. , 0. , 0. ],
        [0.2, 0. , 0. , 0. , 0. , 0. , 0. , 0. , 0.3],
        [0. , 0. , 0. , 0. , 0. , 0. , 0. , 0. , 0. ],
        [0. , 0. , 0. , 0. , 0. , 0. , 0. , 0. , 0.1]],

       [[0. , 0. , 0. , 0. , 0. , 0. , 0. , 0. , 0. ],
        [0. , 0. , 0. , 0. , 0. , 0. , 0. , 0. , 0. ],
        [0. , 0. , 0. , 0. , 0. , 0. , 0. , 0. , 0. ],
        [0. , 0. , 0. , 0. , 0. , 0. , 0. , 0. , 0. ],
        [0. , 0. , 0. , 0. , 0. , 0. , 0. , 0. , 0. ],
        [0. , 0. , 0. , 0. , 0. , 0. , 0. , 0. , 0. ],
        [0. , 0. , 0. , 0. , 0. , 0. , 0. , 0. , 0. ],
        [0. , 0. , 0. , 0. , 0. , 0. , 0. , 0. , 0. ],
        [0. , 0. , 0. , 0. , 0. , 0. , 0. , 0. , 0. ]]], dtype=float32),
                 move_feats=[array([1.3, 0.5, 0. , 0.4, 0.4, 0. ], dtype=float32),
                             array([0.9, 0.3, 0. , 0.4, 0.2, 0. ], dtype=float32),
                             array([0. , 0. , 0. , 0.4, 0. , 1. ], dtype=float32)],
                 pi=[0.2737226277372263,
                     0.48418491484184917,
                     0.24209245742092458],
                 z=-1.0),
 SelfPlayExample(state_tensor=array([[[1. , 0. , 1. , 1. , 1. , 1. , 1. , 0. , 1. ],
        [0. , 1. , 0. , 0. , 0. , 0. , 0. , 1. , 0. ],
        [1. , 0. , 1. , 0. , 0. , 0. , 1. , 0. , 1. ],
        [1. , 0. , 0. , 1. , 0. , 1. , 0. , 0. , 1. ],
        [1. , 0. , 0. , 0. , 1. , 0. , 0. , 0. , 1. ],
        [1. , 0. , 0. , 1. , 0. , 1. , 0. , 0. , 1. ],
        [1. , 0. , 1. , 0. , 0. , 0. , 1. , 0. , 1. ],
        [0. , 1. , 0. , 0. , 0. , 0. , 0. , 1. , 0. ],
        [1. , 0. , 1. , 1. , 1. , 1. , 1. , 0. , 1. ]],

       [[0. , 0. , 0. , 0. , 0. , 0. , 1. , 0. , 1. ],
        [0. , 0. , 0. , 0. , 0. , 0. , 0. , 1. , 0. ],
        [0. , 0. , 0. , 0. , 0. , 0. , 0. , 0. , 0. ],
        [0. , 0. , 0. , 0. , 0. , 0. , 0. , 0. , 0. ],
        [0. , 0. , 0. , 0. , 0. , 0. , 0. , 0. , 0. ],
        [0. , 0. , 0. , 0. , 0. , 0. , 0. , 0. , 0. ],
        [0. , 0. , 0. , 0. , 0. , 0. , 0. , 0. , 0. ],
        [0. , 0. , 0. , 0. , 0. , 0. , 0. , 0. , 0. ],
        [0. , 0. , 0. , 0. , 0. , 0. , 0. , 0. , 0. ]],

       [[0. , 0. , 0. , 0. , 0. , 0. , 0. , 0. , 0. ],
        [0. , 0. , 0. , 0. , 0. , 0. , 0. , 0. , 0. ],
        [0. , 0. , 0. , 0. , 0. , 0. , 0. , 0. , 1. ],
        [0. , 0. , 0. , 0. , 0. , 0. , 0. , 0. , 1. ],
        [0. , 0. , 0. , 0. , 0. , 0. , 0. , 0. , 1. ],
        [0. , 0. , 0. , 0. , 0. , 1. , 0. , 0. , 1. ],
        [0. , 0. , 0. , 0. , 0. , 0. , 1. , 0. , 1. ],
        [0. , 0. , 0. , 0. , 0. , 0. , 0. , 1. , 0. ],
        [0. , 0. , 0. , 0. , 0. , 0. , 1. , 0. , 1. ]],

       [[0. , 0. , 0. , 0. , 0. , 0. , 0. , 0. , 0. ],
        [0. , 0. , 0. , 0. , 0. , 0. , 0. , 0. , 0. ],
        [0. , 0. , 0. , 0. , 0. , 0. , 0. , 0. , 0. ],
        [0. , 0. , 0. , 0. , 0. , 1. , 0. , 0. , 0. ],
        [0. , 0. , 0. , 0. , 1. , 0. , 0. , 0. , 0. ],
        [0. , 0. , 0. , 1. , 0. , 0. , 0. , 0. , 0. ],
        [1. , 0. , 1. , 0. , 0. , 0. , 0. , 0. , 0. ],
        [0. , 1. , 0. , 0. , 0. , 0. , 0. , 0. , 0. ],
        [1. , 0. , 1. , 1. , 1. , 1. , 0. , 0. , 0. ]],

       [[1. , 0. , 1. , 1. , 1. , 1. , 0. , 0. , 0. ],
        [0. , 1. , 0. , 0. , 0. , 0. , 0. , 0. , 0. ],
        [1. , 0. , 1. , 0. , 0. , 0. , 1. , 0. , 0. ],
        [1. , 0. , 0. , 1. , 0. , 0. , 0. , 0. , 0. ],
        [1. , 0. , 0. , 0. , 0. , 0. , 0. , 0. , 0. ],
        [1. , 0. , 0. , 0. , 0. , 0. , 0. , 0. , 0. ],
        [0. , 0. , 0. , 0. , 0. , 0. , 0. , 0. , 0. ],
        [0. , 0. , 0. , 0. , 0. , 0. , 0. , 0. , 0. ],
        [0. , 0. , 0. , 0. , 0. , 0. , 0. , 0. , 0. ]],

       [[1. , 0. , 0. , 0. , 0. , 0. , 0. , 0. , 1. ],
        [0. , 0. , 0. , 0. , 0. , 0. , 0. , 0. , 0. ],
        [0. , 0. , 0. , 0. , 0. , 0. , 0. , 0. , 0. ],
        [0. , 0. , 0. , 0. , 0. , 0. , 0. , 0. , 0. ],
        [0. , 0. , 0. , 0. , 0. , 0. , 0. , 0. , 0. ],
        [0. , 0. , 0. , 0. , 0. , 0. , 0. , 0. , 0. ],
        [0. , 0. , 0. , 0. , 0. , 0. , 0. , 0. , 0. ],
        [0. , 0. , 0. , 0. , 0. , 0. , 0. , 0. , 0. ],
        [1. , 0. , 0. , 0. , 0. , 0. , 0. , 0. , 1. ]],

       [[2. , 0. , 0.4, 0.4, 0.4, 0.4, 0.4, 0. , 2. ],
        [0. , 0.4, 0. , 0. , 0. , 0. , 0. , 0.4, 0. ],
        [0.4, 0. , 0.4, 0. , 0. , 0. , 0.4, 0. , 0.4],
        [0.4, 0. , 0. , 0.4, 0. , 0.4, 0. , 0. , 0.4],
        [0.4, 0. , 0. , 0. , 3. , 0. , 0. , 0. , 0.4],
        [0.4, 0. , 0. , 0.4, 0. , 0.4, 0. , 0. , 0.4],
        [0.4, 0. , 0.4, 0. , 0. , 0. , 0.4, 0. , 0.4],
        [0. , 0.4, 0. , 0. , 0. , 0. , 0. , 0.4, 0. ],
        [2. , 0. , 0.4, 0.4, 0.4, 0.4, 0.4, 0. , 2. ]],

       [[0.9, 0. , 1.3, 1.2, 1.2, 1.2, 0.5, 0. , 0.5],
        [0. , 1. , 0. , 0. , 0. , 0. , 0. , 0.4, 0. ],
        [0. , 0. , 0. , 0. , 0. , 0. , 0. , 0. , 0.6],
        [8.2, 0. , 0. , 0. , 0. , 0.2, 0. , 0. , 0.7],
        [8.2, 0. , 0. , 0. , 0. , 0. , 0. , 0. , 0.7],
        [8.2, 0. , 0. , 0. , 0. , 2. , 0. , 0. , 0.7],
        [0.9, 0. , 0. , 0. , 0. , 0. , 0. , 0. , 0. ],
        [0. , 0.4, 0. , 0. , 0. , 0. , 0. , 0.7, 0. ],
        [1. , 0. , 0. , 0.5, 0.5, 0.5, 0.5, 0. , 0.9]],

       [[0.6, 0. , 1. , 0. , 0. , 0. , 0.3, 0. , 0.1],
        [0. , 1. , 0. , 0. , 0. , 0. , 0. , 0. , 0. ],
        [0. , 0. , 0. , 0. , 0. , 0. , 0. , 0. , 0. ],
        [4. , 0. , 0. , 0. , 0. , 0. , 0. , 0. , 0.2],
        [4. , 0. , 0. , 0. , 0. , 0. , 0. , 0. , 0.2],
        [4. , 0. , 0. , 0. , 0. , 0.8, 0. , 0. , 0.2],
        [0.6, 0. , 0. , 0. , 0. , 0. , 0. , 0. , 0. ],
        [0. , 0. , 0. , 0. , 0. , 0. , 0. , 0.3, 0. ],
        [0.5, 0. , 0. , 0. , 0. , 0. , 0.1, 0. , 0.4]],

       [[0. , 0. , 0. , 1. , 1. , 1. , 0. , 0. , 0.2],
        [0. , 0. , 0. , 0. , 0. , 0. , 0. , 0.2, 0. ],
        [0. , 0. , 0. , 0. , 0. , 0. , 0. , 0. , 0.3],
        [1.6, 0. , 0. , 0. , 0. , 0. , 0. , 0. , 0.5],
        [1.6, 0. , 0. , 0. , 0. , 0. , 0. , 0. , 0.5],
        [1.6, 0. , 0. , 0. , 0. , 0.5, 0. , 0. , 0.5],
        [0.1, 0. , 0. , 0. , 0. , 0. , 0. , 0. , 0. ],
        [0. , 0.4, 0. , 0. , 0. , 0. , 0. , 0.4, 0. ],
        [0. , 0. , 0. , 0.5, 0.5, 0.5, 0.3, 0. , 0.4]],

       [[0.2, 0. , 0.3, 0.2, 0.2, 0.2, 0.2, 0. , 0.1],
        [0. , 0. , 0. , 0. , 0. , 0. , 0. , 0.2, 0. ],
        [0. , 0. , 0. , 0. , 0. , 0. , 0. , 0. , 0.3],
        [2.6, 0. , 0. , 0. , 0. , 0.2, 0. , 0. , 0. ],
        [2.6, 0. , 0. , 0. , 0. , 0. , 0. , 0. , 0. ],
        [2.6, 0. , 0. , 0. , 0. , 0.7, 0. , 0. , 0. ],
        [0.2, 0. , 0. , 0. , 0. , 0. , 0. , 0. , 0. ],
        [0. , 0. , 0. , 0. , 0. , 0. , 0. , 0. , 0. ],
        [0.4, 0. , 0. , 0. , 0. , 0. , 0.1, 0. , 0. ]],

       [[0. , 0. , 0. , 0. , 0. , 0. , 0. , 0. , 0. ],
        [0. , 0. , 0. , 0. , 0. , 0. , 0. , 0. , 0. ],
        [0. , 0. , 0. , 0. , 0. , 0. , 0. , 0. , 0. ],
        [0. , 0. , 0. , 0. , 0. , 0. , 0. , 0. , 0. ],
        [0. , 0. , 0. , 0. , 0. , 0. , 0. , 0. , 0. ],
        [0. , 0. , 0. , 0. , 0. , 0. , 0. , 0. , 0. ],
        [0. , 0. , 0. , 0. , 0. , 0. , 0. , 0. , 0. ],
        [0. , 0. , 0. , 0. , 0. , 0. , 0. , 0. , 0. ],
        [0. , 0. , 0. , 0. , 0. , 0. , 0. , 0. , 0. ]]], dtype=float32),
                 move_feats=[array([1.5, 0.7, 0. , 0.4, 0.6, 0. ], dtype=float32),
                             array([0.9, 0.5, 0. , 0.4, 0.4, 0. ], dtype=float32),
                             array([0. , 0. , 0. , 0.4, 0. , 1. ], dtype=float32)],
                 pi=[0.2680628272251309,
                     0.4869109947643979,
                     0.2450261780104712],
                 z=-1.0),
 SelfPlayExample(state_tensor=array([[[1. , 0. , 1. , 1. , 1. , 1. , 1. , 0. , 1. ],
        [0. , 1. , 0. , 0. , 0. , 0. , 0. , 1. , 0. ],
        [1. , 0. , 1. , 0. , 0. , 0. , 1. , 0. , 1. ],
        [1. , 0. , 0. , 1. , 0. , 1. , 0. , 0. , 1. ],
        [1. , 0. , 0. , 0. , 1. , 0. , 0. , 0. , 1. ],
        [1. , 0. , 0. , 1. , 0. , 1. , 0. , 0. , 1. ],
        [1. , 0. , 1. , 0. , 0. , 0. , 1. , 0. , 1. ],
        [0. , 1. , 0. , 0. , 0. , 0. , 0. , 1. , 0. ],
        [1. , 0. , 1. , 1. , 1. , 1. , 1. , 0. , 1. ]],

       [[0. , 0. , 0. , 0. , 0. , 0. , 1. , 0. , 1. ],
        [0. , 0. , 0. , 0. , 0. , 0. , 0. , 1. , 0. ],
        [0. , 0. , 0. , 0. , 0. , 0. , 0. , 0. , 0. ],
        [0. , 0. , 0. , 0. , 0. , 0. , 0. , 0. , 0. ],
        [0. , 0. , 0. , 0. , 0. , 0. , 0. , 0. , 0. ],
        [0. , 0. , 0. , 0. , 0. , 0. , 0. , 0. , 0. ],
        [0. , 0. , 0. , 0. , 0. , 0. , 0. , 0. , 0. ],
        [0. , 0. , 0. , 0. , 0. , 0. , 0. , 0. , 0. ],
        [0. , 0. , 0. , 0. , 0. , 0. , 0. , 0. , 0. ]],

       [[0. , 0. , 0. , 0. , 0. , 0. , 0. , 0. , 0. ],
        [0. , 0. , 0. , 0. , 0. , 0. , 0. , 0. , 0. ],
        [0. , 0. , 0. , 0. , 0. , 0. , 0. , 0. , 1. ],
        [0. , 0. , 0. , 0. , 0. , 0. , 0. , 0. , 1. ],
        [0. , 0. , 0. , 0. , 0. , 0. , 0. , 0. , 1. ],
        [0. , 0. , 0. , 0. , 0. , 1. , 0. , 0. , 1. ],
        [0. , 0. , 0. , 0. , 0. , 0. , 1. , 0. , 1. ],
        [0. , 0. , 0. , 0. , 0. , 0. , 0. , 1. , 0. ],
        [0. , 0. , 0. , 0. , 0. , 0. , 1. , 0. , 1. ]],

       [[0. , 0. , 0. , 0. , 0. , 0. , 0. , 0. , 0. ],
        [0. , 0. , 0. , 0. , 0. , 0. , 0. , 0. , 0. ],
        [0. , 0. , 0. , 0. , 0. , 0. , 1. , 0. , 0. ],
        [0. , 0. , 0. , 0. , 0. , 1. , 0. , 0. , 0. ],
        [0. , 0. , 0. , 0. , 1. , 0. , 0. , 0. , 0. ],
        [0. , 0. , 0. , 1. , 0. , 0. , 0. , 0. , 0. ],
        [0. , 0. , 1. , 0. , 0. , 0. , 0. , 0. , 0. ],
        [0. , 1. , 0. , 0. , 0. , 0. , 0. , 0. , 0. ],
        [1. , 0. , 1. , 1. , 1. , 1. , 0. , 0. , 0. ]],

       [[1. , 0. , 1. , 1. , 1. , 1. , 0. , 0. , 0. ],
        [0. , 1. , 0. , 0. , 0. , 0. , 0. , 0. , 0. ],
        [1. , 0. , 1. , 0. , 0. , 0. , 0. , 0. , 0. ],
        [1. , 0. , 0. , 1. , 0. , 0. , 0. , 0. , 0. ],
        [1. , 0. , 0. , 0. , 0. , 0. , 0. , 0. , 0. ],
        [1. , 0. , 0. , 0. , 0. , 0. , 0. , 0. , 0. ],
        [1. , 0. , 0. , 0. , 0. , 0. , 0. , 0. , 0. ],
        [0. , 0. , 0. , 0. , 0. , 0. , 0. , 0. , 0. ],
        [0. , 0. , 0. , 0. , 0. , 0. , 0. , 0. , 0. ]],

       [[1. , 0. , 0. , 0. , 0. , 0. , 0. , 0. , 1. ],
        [0. , 0. , 0. , 0. , 0. , 0. , 0. , 0. , 0. ],
        [0. , 0. , 0. , 0. , 0. , 0. , 0. , 0. , 0. ],
        [0. , 0. , 0. , 0. , 0. , 0. , 0. , 0. , 0. ],
        [0. , 0. , 0. , 0. , 0. , 0. , 0. , 0. , 0. ],
        [0. , 0. , 0. , 0. , 0. , 0. , 0. , 0. , 0. ],
        [0. , 0. , 0. , 0. , 0. , 0. , 0. , 0. , 0. ],
        [0. , 0. , 0. , 0. , 0. , 0. , 0. , 0. , 0. ],
        [1. , 0. , 0. , 0. , 0. , 0. , 0. , 0. , 1. ]],

       [[2. , 0. , 0.4, 0.4, 0.4, 0.4, 0.4, 0. , 2. ],
        [0. , 0.4, 0. , 0. , 0. , 0. , 0. , 0.4, 0. ],
        [0.4, 0. , 0.4, 0. , 0. , 0. , 0.4, 0. , 0.4],
        [0.4, 0. , 0. , 0.4, 0. , 0.4, 0. , 0. , 0.4],
        [0.4, 0. , 0. , 0. , 3. , 0. , 0. , 0. , 0.4],
        [0.4, 0. , 0. , 0.4, 0. , 0.4, 0. , 0. , 0.4],
        [0.4, 0. , 0.4, 0. , 0. , 0. , 0.4, 0. , 0.4],
        [0. , 0.4, 0. , 0. , 0. , 0. , 0. , 0.4, 0. ],
        [2. , 0. , 0.4, 0.4, 0.4, 0.4, 0.4, 0. , 2. ]],

       [[0.7, 0. , 1.2, 2.4, 2.4, 2.4, 0. , 0. , 0.5],
        [0. , 0.6, 0. , 0. , 0. , 0. , 0. , 0.3, 0. ],
        [0. , 0. , 0. , 0. , 0. , 0. , 0.2, 0. , 0.5],
        [0. , 0. , 0. , 0. , 0. , 0. , 0. , 0. , 0. ],
        [0. , 0. , 0. , 0. , 0. , 0. , 0. , 0. , 0. ],
        [0. , 0. , 0. , 0. , 0. , 2. , 0. , 0. , 0. ],
        [7.8, 0. , 0. , 0. , 0. , 0. , 0. , 0. , 0. ],
        [0. , 0.5, 0. , 0. , 0. , 0. , 0. , 0.8, 0. ],
        [1.1, 0. , 0. , 0.5, 0.5, 0.5, 1.2, 0. , 0.7]],

       [[0. , 0. , 1. , 1. , 1. , 1. , 0. , 0. , 0. ],
        [0. , 0.6, 0. , 0. , 0. , 0. , 0. , 0.1, 0. ],
        [0. , 0. , 0. , 0. , 0. , 0. , 0. , 0. , 0. ],
        [0. , 0. , 0. , 0. , 0. , 0. , 0. , 0. , 0. ],
        [0. , 0. , 0. , 0. , 0. , 0. , 0. , 0. , 0. ],
        [0. , 0. , 0. , 0. , 0. , 0.8, 0. , 0. , 0. ],
        [3.6, 0. , 0. , 0. , 0. , 0. , 0. , 0. , 0. ],
        [0. , 0.5, 0. , 0. , 0. , 0. , 0. , 0.4, 0. ],
        [0.5, 0. , 0. , 0. , 0. , 0. , 0.4, 0. , 0.2]],

       [[0.4, 0. , 0. , 0.9, 0.9, 0.9, 0. , 0. , 0.4],
        [0. , 0. , 0. , 0. , 0. , 0. , 0. , 0.2, 0. ],
        [0. , 0. , 0. , 0. , 0. , 0. , 0. , 0. , 0.5],
        [0. , 0. , 0. , 0. , 0. , 0. , 0. , 0. , 0. ],
        [0. , 0. , 0. , 0. , 0. , 0. , 0. , 0. , 0. ],
        [0. , 0. , 0. , 0. , 0. , 0.5, 0. , 0. , 0. ],
        [1.6, 0. , 0. , 0. , 0. , 0. , 0. , 0. , 0. ],
        [0. , 0. , 0. , 0. , 0. , 0. , 0. , 0.4, 0. ],
        [0.1, 0. , 0. , 0.5, 0.5, 0.5, 0.7, 0. , 0. ]],

       [[0.2, 0. , 0.2, 0.5, 0.5, 0.5, 0. , 0. , 0. ],
        [0. , 0. , 0. , 0. , 0. , 0. , 0. , 0. , 0. ],
        [0. , 0. , 0. , 0. , 0. , 0. , 0.2, 0. , 0. ],
        [0. , 0. , 0. , 0. , 0. , 0. , 0. , 0. , 0. ],
        [0. , 0. , 0. , 0. , 0. , 0. , 0. , 0. , 0. ],
        [0. , 0. , 0. , 0. , 0. , 0.7, 0. , 0. , 0. ],
        [2.6, 0. , 0. , 0. , 0. , 0. , 0. , 0. , 0. ],
        [0. , 0. , 0. , 0. , 0. , 0. , 0. , 0. , 0. ],
        [0.4, 0. , 0. , 0. , 0. , 0. , 0.1, 0. , 0.4]],

       [[0. , 0. , 0. , 0. , 0. , 0. , 0. , 0. , 0. ],
        [0. , 0. , 0. , 0. , 0. , 0. , 0. , 0. , 0. ],
        [0. , 0. , 0. , 0. , 0. , 0. , 0. , 0. , 0. ],
        [0. , 0. , 0. , 0. , 0. , 0. , 0. , 0. , 0. ],
        [0. , 0. , 0. , 0. , 0. , 0. , 0. , 0. , 0. ],
        [0. , 0. , 0. , 0. , 0. , 0. , 0. , 0. , 0. ],
        [0. , 0. , 0. , 0. , 0. , 0. , 0. , 0. , 0. ],
        [0. , 0. , 0. , 0. , 0. , 0. , 0. , 0. , 0. ],
        [0. , 0. , 0. , 0. , 0. , 0. , 0. , 0. , 0. ]]], dtype=float32),
                 move_feats=[array([0.6, 0.3, 0. , 0.4, 0.4, 0. ], dtype=float32),
                             array([0.4, 0.2, 0. , 0.4, 0.2, 0. ], dtype=float32),
                             array([0. , 0. , 0. , 0.4, 0. , 1. ], dtype=float32)],
                 pi=[0.4845360824742268,
                     0.2670103092783505,
                     0.24845360824742269],
                 z=-1.0),
 SelfPlayExample(state_tensor=array([[[1. , 0. , 1. , 1. , 1. , 1. , 1. , 0. , 1. ],
        [0. , 1. , 0. , 0. , 0. , 0. , 0. , 1. , 0. ],
        [1. , 0. , 1. , 0. , 0. , 0. , 1. , 0. , 1. ],
        [1. , 0. , 0. , 1. , 0. , 1. , 0. , 0. , 1. ],
        [1. , 0. , 0. , 0. , 1. , 0. , 0. , 0. , 1. ],
        [1. , 0. , 0. , 1. , 0. , 1. , 0. , 0. , 1. ],
        [1. , 0. , 1. , 0. , 0. , 0. , 1. , 0. , 1. ],
        [0. , 1. , 0. , 0. , 0. , 0. , 0. , 1. , 0. ],
        [1. , 0. , 1. , 1. , 1. , 1. , 1. , 0. , 1. ]],

       [[0. , 0. , 0. , 0. , 0. , 0. , 1. , 0. , 1. ],
        [0. , 0. , 0. , 0. , 0. , 0. , 0. , 1. , 0. ],
        [0. , 0. , 0. , 0. , 0. , 0. , 0. , 0. , 0. ],
        [0. , 0. , 0. , 0. , 0. , 0. , 0. , 0. , 0. ],
        [0. , 0. , 0. , 0. , 0. , 0. , 0. , 0. , 0. ],
        [0. , 0. , 0. , 0. , 0. , 0. , 0. , 0. , 0. ],
        [0. , 0. , 0. , 0. , 0. , 0. , 0. , 0. , 0. ],
        [0. , 0. , 0. , 0. , 0. , 0. , 0. , 0. , 0. ],
        [0. , 0. , 0. , 0. , 0. , 0. , 0. , 0. , 0. ]],

       [[0. , 0. , 0. , 0. , 0. , 0. , 0. , 0. , 0. ],
        [0. , 0. , 0. , 0. , 0. , 0. , 0. , 0. , 0. ],
        [0. , 0. , 0. , 0. , 0. , 0. , 0. , 0. , 1. ],
        [0. , 0. , 0. , 0. , 0. , 0. , 0. , 0. , 1. ],
        [0. , 0. , 0. , 0. , 0. , 0. , 0. , 0. , 1. ],
        [0. , 0. , 0. , 0. , 0. , 1. , 0. , 0. , 1. ],
        [0. , 0. , 0. , 0. , 0. , 0. , 1. , 0. , 1. ],
        [0. , 0. , 0. , 0. , 0. , 0. , 0. , 1. , 0. ],
        [0. , 0. , 0. , 1. , 1. , 1. , 1. , 0. , 1. ]],

       [[0. , 0. , 0. , 0. , 0. , 0. , 0. , 0. , 0. ],
        [0. , 0. , 0. , 0. , 0. , 0. , 0. , 0. , 0. ],
        [0. , 0. , 0. , 0. , 0. , 0. , 1. , 0. , 0. ],
        [0. , 0. , 0. , 0. , 0. , 1. , 0. , 0. , 0. ],
        [0. , 0. , 0. , 0. , 1. , 0. , 0. , 0. , 0. ],
        [0. , 0. , 0. , 1. , 0. , 0. , 0. , 0. , 0. ],
        [0. , 0. , 1. , 0. , 0. , 0. , 0. , 0. , 0. ],
        [0. , 1. , 0. , 0. , 0. , 0. , 0. , 0. , 0. ],
        [1. , 0. , 1. , 0. , 0. , 0. , 0. , 0. , 0. ]],

       [[1. , 0. , 1. , 1. , 1. , 1. , 0. , 0. , 0. ],
        [0. , 1. , 0. , 0. , 0. , 0. , 0. , 0. , 0. ],
        [1. , 0. , 1. , 0. , 0. , 0. , 0. , 0. , 0. ],
        [1. , 0. , 0. , 1. , 0. , 0. , 0. , 0. , 0. ],
        [1. , 0. , 0. , 0. , 0. , 0. , 0. , 0. , 0. ],
        [1. , 0. , 0. , 0. , 0. , 0. , 0. , 0. , 0. ],
        [1. , 0. , 0. , 0. , 0. , 0. , 0. , 0. , 0. ],
        [0. , 0. , 0. , 0. , 0. , 0. , 0. , 0. , 0. ],
        [0. , 0. , 0. , 0. , 0. , 0. , 0. , 0. , 0. ]],

       [[1. , 0. , 0. , 0. , 0. , 0. , 0. , 0. , 1. ],
        [0. , 0. , 0. , 0. , 0. , 0. , 0. , 0. , 0. ],
        [0. , 0. , 0. , 0. , 0. , 0. , 0. , 0. , 0. ],
        [0. , 0. , 0. , 0. , 0. , 0. , 0. , 0. , 0. ],
        [0. , 0. , 0. , 0. , 0. , 0. , 0. , 0. , 0. ],
        [0. , 0. , 0. , 0. , 0. , 0. , 0. , 0. , 0. ],
        [0. , 0. , 0. , 0. , 0. , 0. , 0. , 0. , 0. ],
        [0. , 0. , 0. , 0. , 0. , 0. , 0. , 0. , 0. ],
        [1. , 0. , 0. , 0. , 0. , 0. , 0. , 0. , 1. ]],

       [[2. , 0. , 0.4, 0.4, 0.4, 0.4, 0.4, 0. , 2. ],
        [0. , 0.4, 0. , 0. , 0. , 0. , 0. , 0.4, 0. ],
        [0.4, 0. , 0.4, 0. , 0. , 0. , 0.4, 0. , 0.4],
        [0.4, 0. , 0. , 0.4, 0. , 0.4, 0. , 0. , 0.4],
        [0.4, 0. , 0. , 0. , 3. , 0. , 0. , 0. , 0.4],
        [0.4, 0. , 0. , 0.4, 0. , 0.4, 0. , 0. , 0.4],
        [0.4, 0. , 0.4, 0. , 0. , 0. , 0.4, 0. , 0.4],
        [0. , 0.4, 0. , 0. , 0. , 0. , 0. , 0.4, 0. ],
        [2. , 0. , 0.4, 0.4, 0.4, 0.4, 0.4, 0. , 2. ]],

       [[0.8, 0. , 0.8, 3.6, 3.6, 3.6, 0. , 0. , 0.5],
        [0. , 0.4, 0. , 0. , 0. , 0. , 0. , 0.4, 0. ],
        [0. , 0. , 0. , 0. , 0. , 0. , 0.2, 0. , 0.5],
        [0. , 0. , 0. , 0. , 0. , 0. , 0. , 0. , 0. ],
        [0. , 0. , 0. , 0. , 0. , 0. , 0. , 0. , 0. ],
        [0. , 0. , 0. , 0. , 0. , 2. , 0. , 0. , 0. ],
        [7.8, 0. , 0. , 0. , 0. , 0. , 0. , 0. , 0. ],
        [0. , 1.5, 0. , 0. , 0. , 0. , 0. , 0.2, 0. ],
        [1.1, 0. , 0. , 0.9, 0.9, 0.9, 1.2, 0. , 0.6]],

       [[0.4, 0. , 0.6, 2. , 2. , 2. , 0. , 0. , 0.2],
        [0. , 0. , 0. , 0. , 0. , 0. , 0. , 0. , 0. ],
        [0. , 0. , 0. , 0. , 0. , 0. , 0. , 0. , 0. ],
        [0. , 0. , 0. , 0. , 0. , 0. , 0. , 0. , 0. ],
        [0. , 0. , 0. , 0. , 0. , 0. , 0. , 0. , 0. ],
        [0. , 0. , 0. , 0. , 0. , 0.8, 0. , 0. , 0. ],
        [3.6, 0. , 0. , 0. , 0. , 0. , 0. , 0. , 0. ],
        [0. , 1. , 0. , 0. , 0. , 0. , 0. , 0.2, 0. ],
        [0.4, 0. , 0. , 0.1, 0.1, 0.1, 0.4, 0. , 0. ]],

       [[0.1, 0. , 0. , 0.9, 0.9, 0.9, 0. , 0. , 0. ],
        [0. , 0.4, 0. , 0. , 0. , 0. , 0. , 0.4, 0. ],
        [0. , 0. , 0. , 0. , 0. , 0. , 0. , 0. , 0.5],
        [0. , 0. , 0. , 0. , 0. , 0. , 0. , 0. , 0. ],
        [0. , 0. , 0. , 0. , 0. , 0. , 0. , 0. , 0. ],
        [0. , 0. , 0. , 0. , 0. , 0.5, 0. , 0. , 0. ],
        [1.6, 0. , 0. , 0. , 0. , 0. , 0. , 0. , 0. ],
        [0. , 0.1, 0. , 0. , 0. , 0. , 0. , 0. , 0. ],
        [0.1, 0. , 0. , 0.7, 0.7, 0.7, 0.4, 0. , 0.1]],

       [[0.2, 0. , 0.2, 0.7, 0.7, 0.7, 0. , 0. , 0.2],
        [0. , 0. , 0. , 0. , 0. , 0. , 0. , 0. , 0. ],
        [0. , 0. , 0. , 0. , 0. , 0. , 0.2, 0. , 0. ],
        [0. , 0. , 0. , 0. , 0. , 0. , 0. , 0. , 0. ],
        [0. , 0. , 0. , 0. , 0. , 0. , 0. , 0. , 0. ],
        [0. , 0. , 0. , 0. , 0. , 0.7, 0. , 0. , 0. ],
        [2.6, 0. , 0. , 0. , 0. , 0. , 0. , 0. , 0. ],
        [0. , 0.4, 0. , 0. , 0. , 0. , 0. , 0. , 0. ],
        [0.5, 0. , 0. , 0.1, 0.1, 0.1, 0.4, 0. , 0.4]],

       [[0. , 0. , 0. , 0. , 0. , 0. , 0. , 0. , 0. ],
        [0. , 0. , 0. , 0. , 0. , 0. , 0. , 0. , 0. ],
        [0. , 0. , 0. , 0. , 0. , 0. , 0. , 0. , 0. ],
        [0. , 0. , 0. , 0. , 0. , 0. , 0. , 0. , 0. ],
        [0. , 0. , 0. , 0. , 0. , 0. , 0. , 0. , 0. ],
        [0. , 0. , 0. , 0. , 0. , 0. , 0. , 0. , 0. ],
        [0. , 0. , 0. , 0. , 0. , 0. , 0. , 0. , 0. ],
        [0. , 0. , 0. , 0. , 0. , 0. , 0. , 0. , 0. ],
        [0. , 0. , 0. , 0. , 0. , 0. , 0. , 0. , 0. ]]], dtype=float32),
                 move_feats=[array([1.4, 0.6, 0. , 0.4, 0.4, 0. ], dtype=float32),
                             array([0. , 0. , 0. , 0.4, 0. , 1. ], dtype=float32)],
                 pi=[0.6666666666666666, 0.3333333333333333],
                 z=-1.0),
 SelfPlayExample(state_tensor=array([[[1. , 0. , 1. , 1. , 1. , 1. , 1. , 0. , 1. ],
        [0. , 1. , 0. , 0. , 0. , 0. , 0. , 1. , 0. ],
        [1. , 0. , 1. , 0. , 0. , 0. , 1. , 0. , 1. ],
        [1. , 0. , 0. , 1. , 0. , 1. , 0. , 0. , 1. ],
        [1. , 0. , 0. , 0. , 1. , 0. , 0. , 0. , 1. ],
        [1. , 0. , 0. , 1. , 0. , 1. , 0. , 0. , 1. ],
        [1. , 0. , 1. , 0. , 0. , 0. , 1. , 0. , 1. ],
        [0. , 1. , 0. , 0. , 0. , 0. , 0. , 1. , 0. ],
        [1. , 0. , 1. , 1. , 1. , 1. , 1. , 0. , 1. ]],

       [[0. , 0. , 0. , 0. , 0. , 0. , 1. , 0. , 1. ],
        [0. , 0. , 0. , 0. , 0. , 0. , 0. , 1. , 0. ],
        [0. , 0. , 0. , 0. , 0. , 0. , 0. , 0. , 1. ],
        [0. , 0. , 0. , 0. , 0. , 0. , 0. , 0. , 0. ],
        [0. , 0. , 0. , 0. , 0. , 0. , 0. , 0. , 0. ],
        [0. , 0. , 0. , 0. , 0. , 0. , 0. , 0. , 0. ],
        [0. , 0. , 0. , 0. , 0. , 0. , 0. , 0. , 0. ],
        [0. , 0. , 0. , 0. , 0. , 0. , 0. , 0. , 0. ],
        [0. , 0. , 0. , 0. , 0. , 0. , 0. , 0. , 0. ]],

       [[0. , 0. , 0. , 0. , 0. , 0. , 0. , 0. , 0. ],
        [0. , 0. , 0. , 0. , 0. , 0. , 0. , 0. , 0. ],
        [0. , 0. , 0. , 0. , 0. , 0. , 0. , 0. , 0. ],
        [0. , 0. , 0. , 0. , 0. , 0. , 0. , 0. , 1. ],
        [0. , 0. , 0. , 0. , 0. , 0. , 0. , 0. , 1. ],
        [0. , 0. , 0. , 0. , 0. , 1. , 0. , 0. , 1. ],
        [0. , 0. , 0. , 0. , 0. , 0. , 1. , 0. , 1. ],
        [0. , 0. , 0. , 0. , 0. , 0. , 0. , 1. , 0. ],
        [0. , 0. , 0. , 1. , 1. , 1. , 1. , 0. , 1. ]],

       [[0. , 0. , 0. , 0. , 0. , 0. , 0. , 0. , 0. ],
        [0. , 0. , 0. , 0. , 0. , 0. , 0. , 0. , 0. ],
        [0. , 0. , 0. , 0. , 0. , 0. , 1. , 0. , 0. ],
        [0. , 0. , 0. , 0. , 0. , 1. , 0. , 0. , 0. ],
        [0. , 0. , 0. , 0. , 1. , 0. , 0. , 0. , 0. ],
        [0. , 0. , 0. , 1. , 0. , 0. , 0. , 0. , 0. ],
        [0. , 0. , 1. , 0. , 0. , 0. , 0. , 0. , 0. ],
        [0. , 0. , 0. , 0. , 0. , 0. , 0. , 0. , 0. ],
        [1. , 0. , 1. , 0. , 0. , 0. , 0. , 0. , 0. ]],

       [[1. , 0. , 1. , 1. , 1. , 1. , 0. , 0. , 0. ],
        [0. , 1. , 0. , 0. , 0. , 0. , 0. , 0. , 0. ],
        [1. , 0. , 1. , 0. , 0. , 0. , 0. , 0. , 0. ],
        [1. , 0. , 0. , 1. , 0. , 0. , 0. , 0. , 0. ],
        [1. , 0. , 0. , 0. , 0. , 0. , 0. , 0. , 0. ],
        [1. , 0. , 0. , 0. , 0. , 0. , 0. , 0. , 0. ],
        [1. , 0. , 0. , 0. , 0. , 0. , 0. , 0. , 0. ],
        [0. , 1. , 0. , 0. , 0. , 0. , 0. , 0. , 0. ],
        [0. , 0. , 0. , 0. , 0. , 0. , 0. , 0. , 0. ]],

       [[1. , 0. , 0. , 0. , 0. , 0. , 0. , 0. , 1. ],
        [0. , 0. , 0. , 0. , 0. , 0. , 0. , 0. , 0. ],
        [0. , 0. , 0. , 0. , 0. , 0. , 0. , 0. , 0. ],
        [0. , 0. , 0. , 0. , 0. , 0. , 0. , 0. , 0. ],
        [0. , 0. , 0. , 0. , 0. , 0. , 0. , 0. , 0. ],
        [0. , 0. , 0. , 0. , 0. , 0. , 0. , 0. , 0. ],
        [0. , 0. , 0. , 0. , 0. , 0. , 0. , 0. , 0. ],
        [0. , 0. , 0. , 0. , 0. , 0. , 0. , 0. , 0. ],
        [1. , 0. , 0. , 0. , 0. , 0. , 0. , 0. , 1. ]],

       [[2. , 0. , 0.4, 0.4, 0.4, 0.4, 0.4, 0. , 2. ],
        [0. , 0.4, 0. , 0. , 0. , 0. , 0. , 0.4, 0. ],
        [0.4, 0. , 0.4, 0. , 0. , 0. , 0.4, 0. , 0.4],
        [0.4, 0. , 0. , 0.4, 0. , 0.4, 0. , 0. , 0.4],
        [0.4, 0. , 0. , 0. , 3. , 0. , 0. , 0. , 0.4],
        [0.4, 0. , 0. , 0.4, 0. , 0.4, 0. , 0. , 0.4],
        [0.4, 0. , 0.4, 0. , 0. , 0. , 0.4, 0. , 0.4],
        [0. , 0.4, 0. , 0. , 0. , 0. , 0. , 0.4, 0. ],
        [2. , 0. , 0.4, 0.4, 0.4, 0.4, 0.4, 0. , 2. ]],

       [[0.7, 0. , 0.6, 4.4, 4.4, 4.4, 0. , 0. , 0.5],
        [0. , 0.5, 0. , 0. , 0. , 0. , 0. , 0.2, 0. ],
        [0. , 0. , 0. , 0. , 0. , 0. , 0.2, 0. , 0.4],
        [0. , 0. , 0. , 0. , 0. , 0. , 0. , 0. , 0. ],
        [0. , 0. , 0. , 0. , 0. , 0. , 0. , 0. , 0. ],
        [0. , 0. , 0. , 0. , 0. , 2. , 0. , 0. , 0. ],
        [0. , 0. , 0. , 0. , 0. , 0. , 0. , 0. , 0.6],
        [0. , 7.7, 0. , 0. , 0. , 0. , 0. , 0.1, 0. ],
        [1.2, 0. , 1.5, 0.8, 0.8, 0.8, 0. , 0. , 0.7]],

       [[0.1, 0. , 0. , 2.6, 2.6, 2.6, 0. , 0. , 0.3],
        [0. , 0.4, 0. , 0. , 0. , 0. , 0. , 0.2, 0. ],
        [0. , 0. , 0. , 0. , 0. , 0. , 0. , 0. , 0. ],
        [0. , 0. , 0. , 0. , 0. , 0. , 0. , 0. , 0. ],
        [0. , 0. , 0. , 0. , 0. , 0. , 0. , 0. , 0. ],
        [0. , 0. , 0. , 0. , 0. , 0.8, 0. , 0. , 0. ],
        [0. , 0. , 0. , 0. , 0. , 0. , 0. , 0. , 0.2],
        [0. , 3.6, 0. , 0. , 0. , 0. , 0. , 0. , 0. ],
        [0.8, 0. , 0.5, 0.4, 0.4, 0.4, 0. , 0. , 0.2]],

       [[0.2, 0. , 0.4, 0.9, 0.9, 0.9, 0. , 0. , 0. ],
        [0. , 0.1, 0. , 0. , 0. , 0. , 0. , 0. , 0. ],
        [0. , 0. , 0. , 0. , 0. , 0. , 0. , 0. , 0.2],
        [0. , 0. , 0. , 0. , 0. , 0. , 0. , 0. , 0. ],
        [0. , 0. , 0. , 0. , 0. , 0. , 0. , 0. , 0. ],
        [0. , 0. , 0. , 0. , 0. , 0.5, 0. , 0. , 0. ],
        [0. , 0. , 0. , 0. , 0. , 0. , 0. , 0. , 0. ],
        [0. , 1.6, 0. , 0. , 0. , 0. , 0. , 0.1, 0. ],
        [0.2, 0. , 0.1, 0.4, 0.4, 0.4, 0. , 0. , 0. ]],

       [[0.3, 0. , 0.2, 0.9, 0.9, 0.9, 0. , 0. , 0.1],
        [0. , 0. , 0. , 0. , 0. , 0. , 0. , 0. , 0. ],
        [0. , 0. , 0. , 0. , 0. , 0. , 0.2, 0. , 0.2],
        [0. , 0. , 0. , 0. , 0. , 0. , 0. , 0. , 0. ],
        [0. , 0. , 0. , 0. , 0. , 0. , 0. , 0. , 0. ],
        [0. , 0. , 0. , 0. , 0. , 0.7, 0. , 0. , 0. ],
        [0. , 0. , 0. , 0. , 0. , 0. , 0. , 0. , 0.4],
        [0. , 2.5, 0. , 0. , 0. , 0. , 0. , 0. , 0. ],
        [0.1, 0. , 0.9, 0. , 0. , 0. , 0. , 0. , 0.4]],

       [[0. , 0. , 0. , 0. , 0. , 0. , 0. , 0. , 0. ],
        [0. , 0. , 0. , 0. , 0. , 0. , 0. , 0. , 0. ],
        [0. , 0. , 0. , 0. , 0. , 0. , 0. , 0. , 0. ],
        [0. , 0. , 0. , 0. , 0. , 0. , 0. , 0. , 0. ],
        [0. , 0. , 0. , 0. , 0. , 0. , 0. , 0. , 0. ],
        [0. , 0. , 0. , 0. , 0. , 0. , 0. , 0. , 0. ],
        [0. , 0. , 0. , 0. , 0. , 0. , 0. , 0. , 0. ],
        [0. , 0. , 0. , 0. , 0. , 0. , 0. , 0. , 0. ],
        [0. , 0. , 0. , 0. , 0. , 0. , 0. , 0. , 0. ]]], dtype=float32),
                 move_feats=[array([1.1, 0.5, 0. , 0.4, 0.6, 0. ], dtype=float32),
                             array([0.5, 0.3, 0. , 0.4, 0.4, 0. ], dtype=float32),
                             array([0. , 0. , 0. , 0.4, 0. , 1. ], dtype=float32)],
                 pi=[0.4876140808344198,
                     0.26988265971316816,
                     0.242503259452412],
                 z=-1.0),
 SelfPlayExample(state_tensor=array([[[1. , 0. , 1. , 1. , 1. , 1. , 1. , 0. , 1. ],
        [0. , 1. , 0. , 0. , 0. , 0. , 0. , 1. , 0. ],
        [1. , 0. , 1. , 0. , 0. , 0. , 1. , 0. , 1. ],
        [1. , 0. , 0. , 1. , 0. , 1. , 0. , 0. , 1. ],
        [1. , 0. , 0. , 0. , 1. , 0. , 0. , 0. , 1. ],
        [1. , 0. , 0. , 1. , 0. , 1. , 0. , 0. , 1. ],
        [1. , 0. , 1. , 0. , 0. , 0. , 1. , 0. , 1. ],
        [0. , 1. , 0. , 0. , 0. , 0. , 0. , 1. , 0. ],
        [1. , 0. , 1. , 1. , 1. , 1. , 1. , 0. , 1. ]],

       [[0. , 0. , 0. , 0. , 0. , 0. , 1. , 0. , 1. ],
        [0. , 0. , 0. , 0. , 0. , 0. , 0. , 1. , 0. ],
        [0. , 0. , 0. , 0. , 0. , 0. , 1. , 0. , 1. ],
        [0. , 0. , 0. , 0. , 0. , 0. , 0. , 0. , 0. ],
        [0. , 0. , 0. , 0. , 0. , 0. , 0. , 0. , 0. ],
        [0. , 0. , 0. , 0. , 0. , 0. , 0. , 0. , 0. ],
        [0. , 0. , 0. , 0. , 0. , 0. , 0. , 0. , 0. ],
        [0. , 0. , 0. , 0. , 0. , 0. , 0. , 0. , 0. ],
        [0. , 0. , 0. , 0. , 0. , 0. , 0. , 0. , 0. ]],

       [[0. , 0. , 0. , 0. , 0. , 0. , 0. , 0. , 0. ],
        [0. , 0. , 0. , 0. , 0. , 0. , 0. , 0. , 0. ],
        [0. , 0. , 0. , 0. , 0. , 0. , 0. , 0. , 0. ],
        [0. , 0. , 0. , 0. , 0. , 0. , 0. , 0. , 1. ],
        [0. , 0. , 0. , 0. , 0. , 0. , 0. , 0. , 1. ],
        [0. , 0. , 0. , 0. , 0. , 1. , 0. , 0. , 1. ],
        [0. , 0. , 0. , 0. , 0. , 0. , 1. , 0. , 1. ],
        [0. , 0. , 0. , 0. , 0. , 0. , 0. , 1. , 0. ],
        [0. , 0. , 0. , 0. , 0. , 0. , 1. , 0. , 1. ]],

       [[0. , 0. , 0. , 0. , 0. , 0. , 0. , 0. , 0. ],
        [0. , 0. , 0. , 0. , 0. , 0. , 0. , 0. , 0. ],
        [0. , 0. , 0. , 0. , 0. , 0. , 0. , 0. , 0. ],
        [0. , 0. , 0. , 0. , 0. , 1. , 0. , 0. , 0. ],
        [0. , 0. , 0. , 0. , 1. , 0. , 0. , 0. , 0. ],
        [0. , 0. , 0. , 1. , 0. , 0. , 0. , 0. , 0. ],
        [0. , 0. , 0. , 0. , 0. , 0. , 0. , 0. , 0. ],
        [0. , 0. , 0. , 0. , 0. , 0. , 0. , 0. , 0. ],
        [0. , 0. , 1. , 1. , 1. , 1. , 0. , 0. , 0. ]],

       [[1. , 0. , 1. , 1. , 1. , 1. , 0. , 0. , 0. ],
        [0. , 1. , 0. , 0. , 0. , 0. , 0. , 0. , 0. ],
        [1. , 0. , 1. , 0. , 0. , 0. , 0. , 0. , 0. ],
        [1. , 0. , 0. , 1. , 0. , 0. , 0. , 0. , 0. ],
        [1. , 0. , 0. , 0. , 0. , 0. , 0. , 0. , 0. ],
        [1. , 0. , 0. , 0. , 0. , 0. , 0. , 0. , 0. ],
        [1. , 0. , 1. , 0. , 0. , 0. , 0. , 0. , 0. ],
        [0. , 1. , 0. , 0. , 0. , 0. , 0. , 0. , 0. ],
        [1. , 0. , 0. , 0. , 0. , 0. , 0. , 0. , 0. ]],

       [[1. , 0. , 0. , 0. , 0. , 0. , 0. , 0. , 1. ],
        [0. , 0. , 0. , 0. , 0. , 0. , 0. , 0. , 0. ],
        [0. , 0. , 0. , 0. , 0. , 0. , 0. , 0. , 0. ],
        [0. , 0. , 0. , 0. , 0. , 0. , 0. , 0. , 0. ],
        [0. , 0. , 0. , 0. , 0. , 0. , 0. , 0. , 0. ],
        [0. , 0. , 0. , 0. , 0. , 0. , 0. , 0. , 0. ],
        [0. , 0. , 0. , 0. , 0. , 0. , 0. , 0. , 0. ],
        [0. , 0. , 0. , 0. , 0. , 0. , 0. , 0. , 0. ],
        [1. , 0. , 0. , 0. , 0. , 0. , 0. , 0. , 1. ]],

       [[2. , 0. , 0.4, 0.4, 0.4, 0.4, 0.4, 0. , 2. ],
        [0. , 0.4, 0. , 0. , 0. , 0. , 0. , 0.4, 0. ],
        [0.4, 0. , 0.4, 0. , 0. , 0. , 0.4, 0. , 0.4],
        [0.4, 0. , 0. , 0.4, 0. , 0.4, 0. , 0. , 0.4],
        [0.4, 0. , 0. , 0. , 3. , 0. , 0. , 0. , 0.4],
        [0.4, 0. , 0. , 0.4, 0. , 0.4, 0. , 0. , 0.4],
        [0.4, 0. , 0.4, 0. , 0. , 0. , 0.4, 0. , 0.4],
        [0. , 0.4, 0. , 0. , 0. , 0. , 0. , 0.4, 0. ],
        [2. , 0. , 0.4, 0.4, 0.4, 0.4, 0.4, 0. , 2. ]],

       [[0.9, 0. , 0.8, 5. , 5. , 5. , 0. , 0. , 0.5],
        [0. , 0.3, 0. , 0. , 0. , 0. , 0. , 0.3, 0. ],
        [0. , 0. , 0. , 0. , 0. , 0. , 0.5, 0. , 0. ],
        [0. , 0. , 0. , 0. , 0. , 0. , 0. , 0. , 0.6],
        [0. , 0. , 0. , 0. , 0. , 0. , 0. , 0. , 0.6],
        [0. , 0. , 0. , 0. , 0. , 2. , 0. , 0. , 0.6],
        [0. , 0. , 1.6, 0. , 0. , 0. , 0. , 0. , 0. ],
        [0. , 3.6, 0. , 0. , 0. , 0. , 0. , 0.2, 0. ],
        [1.7, 0. , 0.1, 0.7, 0.7, 0.7, 0.5, 0. , 0.7]],

       [[0.4, 0. , 0.4, 2.6, 2.6, 2.6, 0. , 0. , 0.2],
        [0. , 0.1, 0. , 0. , 0. , 0. , 0. , 0.3, 0. ],
        [0. , 0. , 0. , 0. , 0. , 0. , 0.2, 0. , 0. ],
        [0. , 0. , 0. , 0. , 0. , 0. , 0. , 0. , 0.2],
        [0. , 0. , 0. , 0. , 0. , 0. , 0. , 0. , 0.2],
        [0. , 0. , 0. , 0. , 0. , 0.8, 0. , 0. , 0.2],
        [0. , 0. , 0. , 0. , 0. , 0. , 0. , 0. , 0. ],
        [0. , 3.6, 0. , 0. , 0. , 0. , 0. , 0.2, 0. ],
        [0. , 0. , 0. , 0. , 0. , 0. , 0. , 0. , 0.1]],

       [[0.4, 0. , 0.1, 1.3, 1.3, 1.3, 0. , 0. , 0. ],
        [0. , 0.2, 0. , 0. , 0. , 0. , 0. , 0. , 0. ],
        [0. , 0. , 0. , 0. , 0. , 0. , 0. , 0. , 0. ],
        [0. , 0. , 0. , 0. , 0. , 0. , 0. , 0. , 0. ],
        [0. , 0. , 0. , 0. , 0. , 0. , 0. , 0. , 0. ],
        [0. , 0. , 0. , 0. , 0. , 0.5, 0. , 0. , 0. ],
        [0. , 0. , 1.6, 0. , 0. , 0. , 0. , 0. , 0. ],
        [0. , 0. , 0. , 0. , 0. , 0. , 0. , 0. , 0. ],
        [0. , 0. , 0.1, 0. , 0. , 0. , 0.1, 0. , 0.2]],

       [[0. , 0. , 0.3, 1.1, 1.1, 1.1, 0. , 0. , 0.2],
        [0. , 0. , 0. , 0. , 0. , 0. , 0. , 0. , 0. ],
        [0. , 0. , 0. , 0. , 0. , 0. , 0.3, 0. , 0. ],
        [0. , 0. , 0. , 0. , 0. , 0. , 0. , 0. , 0.4],
        [0. , 0. , 0. , 0. , 0. , 0. , 0. , 0. , 0.4],
        [0. , 0. , 0. , 0. , 0. , 0.7, 0. , 0. , 0.4],
        [0. , 0. , 0. , 0. , 0. , 0. , 0. , 0. , 0. ],
        [0. , 0. , 0. , 0. , 0. , 0. , 0. , 0. , 0. ],
        [1.6, 0. , 0. , 0.7, 0.7, 0.7, 0.4, 0. , 0.3]],

       [[0. , 0. , 0. , 0. , 0. , 0. , 0. , 0. , 0. ],
        [0. , 0. , 0. , 0. , 0. , 0. , 0. , 0. , 0. ],
        [0. , 0. , 0. , 0. , 0. , 0. , 0. , 0. , 0. ],
        [0. , 0. , 0. , 0. , 0. , 0. , 0. , 0. , 0. ],
        [0. , 0. , 0. , 0. , 0. , 0. , 0. , 0. , 0. ],
        [0. , 0. , 0. , 0. , 0. , 0. , 0. , 0. , 0. ],
        [0. , 0. , 0. , 0. , 0. , 0. , 0. , 0. , 0. ],
        [0. , 0. , 0. , 0. , 0. , 0. , 0. , 0. , 0. ],
        [0. , 0. , 0. , 0. , 0. , 0. , 0. , 0. , 0. ]]], dtype=float32),
                 move_feats=[array([0.9, 0.3, 0. , 0.4, 0.2, 0. ], dtype=float32),
                             array([0. , 0. , 0. , 0.4, 0. , 1. ], dtype=float32)],
                 pi=[0.4255533199195171, 0.5744466800804829],
                 z=-1.0),
 SelfPlayExample(state_tensor=array([[[1. , 0. , 1. , 1. , 1. , 1. , 1. , 0. , 1. ],
        [0. , 1. , 0. , 0. , 0. , 0. , 0. , 1. , 0. ],
        [1. , 0. , 1. , 0. , 0. , 0. , 1. , 0. , 1. ],
        [1. , 0. , 0. , 1. , 0. , 1. , 0. , 0. , 1. ],
        [1. , 0. , 0. , 0. , 1. , 0. , 0. , 0. , 1. ],
        [1. , 0. , 0. , 1. , 0. , 1. , 0. , 0. , 1. ],
        [1. , 0. , 1. , 0. , 0. , 0. , 1. , 0. , 1. ],
        [0. , 1. , 0. , 0. , 0. , 0. , 0. , 1. , 0. ],
        [1. , 0. , 1. , 1. , 1. , 1. , 1. , 0. , 1. ]],

       [[0. , 0. , 0. , 0. , 0. , 0. , 0. , 0. , 1. ],
        [0. , 0. , 0. , 0. , 0. , 0. , 0. , 1. , 0. ],
        [0. , 0. , 0. , 0. , 0. , 0. , 1. , 0. , 1. ],
        [0. , 0. , 0. , 0. , 0. , 0. , 0. , 0. , 0. ],
        [0. , 0. , 0. , 0. , 0. , 0. , 0. , 0. , 0. ],
        [0. , 0. , 0. , 0. , 0. , 0. , 0. , 0. , 0. ],
        [0. , 0. , 0. , 0. , 0. , 0. , 0. , 0. , 0. ],
        [0. , 0. , 0. , 0. , 0. , 0. , 0. , 0. , 0. ],
        [0. , 0. , 0. , 0. , 0. , 0. , 0. , 0. , 0. ]],

       [[0. , 0. , 0. , 0. , 0. , 0. , 0. , 0. , 0. ],
        [0. , 0. , 0. , 0. , 0. , 0. , 0. , 0. , 0. ],
        [0. , 0. , 0. , 0. , 0. , 0. , 0. , 0. , 0. ],
        [0. , 0. , 0. , 0. , 0. , 0. , 0. , 0. , 1. ],
        [0. , 0. , 0. , 0. , 0. , 0. , 0. , 0. , 1. ],
        [0. , 0. , 0. , 0. , 0. , 1. , 0. , 0. , 1. ],
        [0. , 0. , 0. , 0. , 0. , 0. , 1. , 0. , 1. ],
        [0. , 0. , 0. , 0. , 0. , 0. , 0. , 1. , 0. ],
        [0. , 0. , 0. , 1. , 1. , 1. , 1. , 0. , 1. ]],

       [[0. , 0. , 0. , 0. , 0. , 0. , 0. , 0. , 0. ],
        [0. , 0. , 0. , 0. , 0. , 0. , 0. , 0. , 0. ],
        [0. , 0. , 0. , 0. , 0. , 0. , 0. , 0. , 0. ],
        [0. , 0. , 0. , 0. , 0. , 1. , 0. , 0. , 0. ],
        [0. , 0. , 0. , 0. , 1. , 0. , 0. , 0. , 0. ],
        [0. , 0. , 0. , 1. , 0. , 0. , 0. , 0. , 0. ],
        [0. , 0. , 0. , 0. , 0. , 0. , 0. , 0. , 0. ],
        [0. , 0. , 0. , 0. , 0. , 0. , 0. , 0. , 0. ],
        [0. , 0. , 0. , 0. , 0. , 0. , 0. , 0. , 0. ]],

       [[1. , 0. , 1. , 1. , 1. , 1. , 1. , 0. , 0. ],
        [0. , 1. , 0. , 0. , 0. , 0. , 0. , 0. , 0. ],
        [1. , 0. , 1. , 0. , 0. , 0. , 0. , 0. , 0. ],
        [1. , 0. , 0. , 1. , 0. , 0. , 0. , 0. , 0. ],
        [1. , 0. , 0. , 0. , 0. , 0. , 0. , 0. , 0. ],
        [1. , 0. , 0. , 0. , 0. , 0. , 0. , 0. , 0. ],
        [1. , 0. , 1. , 0. , 0. , 0. , 0. , 0. , 0. ],
        [0. , 1. , 0. , 0. , 0. , 0. , 0. , 0. , 0. ],
        [1. , 0. , 1. , 0. , 0. , 0. , 0. , 0. , 0. ]],

       [[1. , 0. , 0. , 0. , 0. , 0. , 0. , 0. , 1. ],
        [0. , 0. , 0. , 0. , 0. , 0. , 0. , 0. , 0. ],
        [0. , 0. , 0. , 0. , 0. , 0. , 0. , 0. , 0. ],
        [0. , 0. , 0. , 0. , 0. , 0. , 0. , 0. , 0. ],
        [0. , 0. , 0. , 0. , 0. , 0. , 0. , 0. , 0. ],
        [0. , 0. , 0. , 0. , 0. , 0. , 0. , 0. , 0. ],
        [0. , 0. , 0. , 0. , 0. , 0. , 0. , 0. , 0. ],
        [0. , 0. , 0. , 0. , 0. , 0. , 0. , 0. , 0. ],
        [1. , 0. , 0. , 0. , 0. , 0. , 0. , 0. , 1. ]],

       [[2. , 0. , 0.4, 0.4, 0.4, 0.4, 0.4, 0. , 2. ],
        [0. , 0.4, 0. , 0. , 0. , 0. , 0. , 0.4, 0. ],
        [0.4, 0. , 0.4, 0. , 0. , 0. , 0.4, 0. , 0.4],
        [0.4, 0. , 0. , 0.4, 0. , 0.4, 0. , 0. , 0.4],
        [0.4, 0. , 0. , 0. , 3. , 0. , 0. , 0. , 0.4],
        [0.4, 0. , 0. , 0.4, 0. , 0.4, 0. , 0. , 0.4],
        [0.4, 0. , 0.4, 0. , 0. , 0. , 0.4, 0. , 0.4],
        [0. , 0.4, 0. , 0. , 0. , 0. , 0. , 0.4, 0. ],
        [2. , 0. , 0.4, 0.4, 0.4, 0.4, 0.4, 0. , 2. ]],

       [[1.1, 0. , 0. , 0.5, 0.5, 0.5, 5.3, 0. , 0.7],
        [0. , 0.8, 0. , 0. , 0. , 0. , 0. , 0.2, 0. ],
        [0. , 0. , 0.3, 0. , 0. , 0. , 0.5, 0. , 0.3],
        [0. , 0. , 0. , 0. , 0. , 0. , 0. , 0. , 0.1],
        [0. , 0. , 0. , 0. , 0. , 0. , 0. , 0. , 0.1],
        [0. , 0. , 0. , 0. , 0. , 2. , 0. , 0. , 0.1],
        [0. , 0. , 1.6, 0. , 0. , 0. , 0. , 0. , 0. ],
        [0. , 0. , 0. , 0. , 0. , 0. , 0. , 0.3, 0. ],
        [1.1, 0. , 5.2, 0.1, 0.1, 0.1, 0.5, 0. , 0.7]],

       [[0. , 0. , 0. , 0.4, 0.4, 0.4, 2.6, 0. , 0.5],
        [0. , 0.4, 0. , 0. , 0. , 0. , 0. , 0.2, 0. ],
        [0. , 0. , 0.1, 0. , 0. , 0. , 0.2, 0. , 0.1],
        [0. , 0. , 0. , 0. , 0. , 0. , 0. , 0. , 0. ],
        [0. , 0. , 0. , 0. , 0. , 0. , 0. , 0. , 0. ],
        [0. , 0. , 0. , 0. , 0. , 0.8, 0. , 0. , 0. ],
        [0. , 0. , 0. , 0. , 0. , 0. , 0. , 0. , 0. ],
        [0. , 0. , 0. , 0. , 0. , 0. , 0. , 0.1, 0. ],
        [0.6, 0. , 3.6, 0. , 0. , 0. , 0.2, 0. , 0.1]],

       [[0.9, 0. , 0. , 0.1, 0.1, 0.1, 1.3, 0. , 0. ],
        [0. , 0.4, 0. , 0. , 0. , 0. , 0. , 0. , 0. ],
        [0. , 0. , 0.2, 0. , 0. , 0. , 0. , 0. , 0. ],
        [0. , 0. , 0. , 0. , 0. , 0. , 0. , 0. , 0. ],
        [0. , 0. , 0. , 0. , 0. , 0. , 0. , 0. , 0. ],
        [0. , 0. , 0. , 0. , 0. , 0.5, 0. , 0. , 0. ],
        [0. , 0. , 1.6, 0. , 0. , 0. , 0. , 0. , 0. ],
        [0. , 0. , 0. , 0. , 0. , 0. , 0. , 0.2, 0. ],
        [0.4, 0. , 0. , 0. , 0. , 0. , 0. , 0. , 0.4]],

       [[0.1, 0. , 0. , 0. , 0. , 0. , 1.4, 0. , 0.1],
        [0. , 0. , 0. , 0. , 0. , 0. , 0. , 0. , 0. ],
        [0. , 0. , 0. , 0. , 0. , 0. , 0.3, 0. , 0.2],
        [0. , 0. , 0. , 0. , 0. , 0. , 0. , 0. , 0.1],
        [0. , 0. , 0. , 0. , 0. , 0. , 0. , 0. , 0.1],
        [0. , 0. , 0. , 0. , 0. , 0.7, 0. , 0. , 0.1],
        [0. , 0. , 0. , 0. , 0. , 0. , 0. , 0. , 0. ],
        [0. , 0. , 0. , 0. , 0. , 0. , 0. , 0. , 0. ],
        [0. , 0. , 1.6, 0.1, 0.1, 0.1, 0.3, 0. , 0.1]],

       [[0. , 0. , 0. , 0. , 0. , 0. , 0. , 0. , 0. ],
        [0. , 0. , 0. , 0. , 0. , 0. , 0. , 0. , 0. ],
        [0. , 0. , 0. , 0. , 0. , 0. , 0. , 0. , 0. ],
        [0. , 0. , 0. , 0. , 0. , 0. , 0. , 0. , 0. ],
        [0. , 0. , 0. , 0. , 0. , 0. , 0. , 0. , 0. ],
        [0. , 0. , 0. , 0. , 0. , 0. , 0. , 0. , 0. ],
        [0. , 0. , 0. , 0. , 0. , 0. , 0. , 0. , 0. ],
        [0. , 0. , 0. , 0. , 0. , 0. , 0. , 0. , 0. ],
        [0. , 0. , 0. , 0. , 0. , 0. , 0. , 0. , 0. ]]], dtype=float32),
                 move_feats=[array([0. , 0. , 0. , 0.4, 0. , 1. ], dtype=float32)],
                 pi=[1.0],
                 z=-1.0),
 SelfPlayExample(state_tensor=array([[[1. , 0. , 1. , 1. , 1. , 1. , 1. , 0. , 1. ],
        [0. , 1. , 0. , 0. , 0. , 0. , 0. , 1. , 0. ],
        [1. , 0. , 1. , 0. , 0. , 0. , 1. , 0. , 1. ],
        [1. , 0. , 0. , 1. , 0. , 1. , 0. , 0. , 1. ],
        [1. , 0. , 0. , 0. , 1. , 0. , 0. , 0. , 1. ],
        [1. , 0. , 0. , 1. , 0. , 1. , 0. , 0. , 1. ],
        [1. , 0. , 1. , 0. , 0. , 0. , 1. , 0. , 1. ],
        [0. , 1. , 0. , 0. , 0. , 0. , 0. , 1. , 0. ],
        [1. , 0. , 1. , 1. , 1. , 1. , 1. , 0. , 1. ]],

       [[0. , 0. , 0. , 0. , 0. , 0. , 0. , 0. , 1. ],
        [0. , 0. , 0. , 0. , 0. , 0. , 0. , 1. , 0. ],
        [0. , 0. , 0. , 0. , 0. , 0. , 1. , 0. , 1. ],
        [0. , 0. , 0. , 0. , 0. , 1. , 0. , 0. , 1. ],
        [0. , 0. , 0. , 0. , 0. , 0. , 0. , 0. , 1. ],
        [0. , 0. , 0. , 0. , 0. , 0. , 0. , 0. , 1. ],
        [0. , 0. , 0. , 0. , 0. , 0. , 0. , 0. , 0. ],
        [0. , 0. , 0. , 0. , 0. , 0. , 0. , 0. , 0. ],
        [0. , 0. , 0. , 0. , 0. , 0. , 0. , 0. , 0. ]],

       [[0. , 0. , 0. , 0. , 0. , 0. , 0. , 0. , 0. ],
        [0. , 0. , 0. , 0. , 0. , 0. , 0. , 0. , 0. ],
        [0. , 0. , 0. , 0. , 0. , 0. , 0. , 0. , 0. ],
        [0. , 0. , 0. , 0. , 0. , 0. , 0. , 0. , 0. ],
        [0. , 0. , 0. , 0. , 1. , 0. , 0. , 0. , 0. ],
        [0. , 0. , 0. , 0. , 0. , 1. , 0. , 0. , 0. ],
        [0. , 0. , 0. , 0. , 0. , 0. , 1. , 0. , 1. ],
        [0. , 0. , 0. , 0. , 0. , 0. , 0. , 1. , 0. ],
        [0. , 0. , 0. , 0. , 0. , 0. , 1. , 0. , 1. ]],

       [[0. , 0. , 0. , 0. , 0. , 0. , 0. , 0. , 0. ],
        [0. , 0. , 0. , 0. , 0. , 0. , 0. , 0. , 0. ],
        [0. , 0. , 0. , 0. , 0. , 0. , 0. , 0. , 0. ],
        [0. , 0. , 0. , 0. , 0. , 0. , 0. , 0. , 0. ],
        [0. , 0. , 0. , 0. , 0. , 0. , 0. , 0. , 0. ],
        [0. , 0. , 0. , 0. , 0. , 0. , 0. , 0. , 0. ],
        [0. , 0. , 0. , 0. , 0. , 0. , 0. , 0. , 0. ],
        [0. , 0. , 0. , 0. , 0. , 0. , 0. , 0. , 0. ],
        [0. , 0. , 0. , 0. , 0. , 0. , 0. , 0. , 0. ]],

       [[1. , 0. , 1. , 1. , 1. , 1. , 1. , 0. , 0. ],
        [0. , 1. , 0. , 0. , 0. , 0. , 0. , 0. , 0. ],
        [1. , 0. , 1. , 0. , 0. , 0. , 0. , 0. , 0. ],
        [1. , 0. , 0. , 1. , 0. , 0. , 0. , 0. , 0. ],
        [1. , 0. , 0. , 0. , 0. , 0. , 0. , 0. , 0. ],
        [1. , 0. , 0. , 1. , 0. , 0. , 0. , 0. , 0. ],
        [1. , 0. , 1. , 0. , 0. , 0. , 0. , 0. , 0. ],
        [0. , 1. , 0. , 0. , 0. , 0. , 0. , 0. , 0. ],
        [1. , 0. , 1. , 1. , 1. , 1. , 0. , 0. , 0. ]],

       [[1. , 0. , 0. , 0. , 0. , 0. , 0. , 0. , 1. ],
        [0. , 0. , 0. , 0. , 0. , 0. , 0. , 0. , 0. ],
        [0. , 0. , 0. , 0. , 0. , 0. , 0. , 0. , 0. ],
        [0. , 0. , 0. , 0. , 0. , 0. , 0. , 0. , 0. ],
        [0. , 0. , 0. , 0. , 0. , 0. , 0. , 0. , 0. ],
        [0. , 0. , 0. , 0. , 0. , 0. , 0. , 0. , 0. ],
        [0. , 0. , 0. , 0. , 0. , 0. , 0. , 0. , 0. ],
        [0. , 0. , 0. , 0. , 0. , 0. , 0. , 0. , 0. ],
        [1. , 0. , 0. , 0. , 0. , 0. , 0. , 0. , 1. ]],

       [[2. , 0. , 0.4, 0.4, 0.4, 0.4, 0.4, 0. , 2. ],
        [0. , 0.4, 0. , 0. , 0. , 0. , 0. , 0.4, 0. ],
        [0.4, 0. , 0.4, 0. , 0. , 0. , 0.4, 0. , 0.4],
        [0.4, 0. , 0. , 0.4, 0. , 0.4, 0. , 0. , 0.4],
        [0.4, 0. , 0. , 0. , 3. , 0. , 0. , 0. , 0.4],
        [0.4, 0. , 0. , 0.4, 0. , 0.4, 0. , 0. , 0.4],
        [0.4, 0. , 0.4, 0. , 0. , 0. , 0.4, 0. , 0.4],
        [0. , 0.4, 0. , 0. , 0. , 0. , 0. , 0.4, 0. ],
        [2. , 0. , 0.4, 0.4, 0.4, 0.4, 0.4, 0. , 2. ]],

       [[0.2, 0. , 0. , 0. , 0. , 0. , 5.8, 0. , 0.5],
        [0. , 0.9, 0. , 0. , 0. , 0. , 0. , 1. , 0. ],
        [0. , 0. , 0.9, 0. , 0. , 0. , 0. , 0. , 0. ],
        [0. , 0. , 0. , 0.3, 0. , 0.3, 0. , 0. , 0.3],
        [0. , 0. , 0. , 0. , 2. , 0. , 0. , 0. , 0.3],
        [0. , 0. , 0. , 1.6, 0. , 0. , 0. , 0. , 0.3],
        [0. , 0. , 0. , 0. , 0. , 0. , 0. , 0. , 0.7],
        [0. , 1. , 0. , 0. , 0. , 0. , 0. , 0.5, 0. ],
        [1.1, 0. , 0. , 5.2, 5.2, 5.2, 0. , 0. , 0.7]],

       [[0. , 0. , 0. , 0. , 0. , 0. , 3. , 0. , 0. ],
        [0. , 0. , 0. , 0. , 0. , 0. , 0. , 0.9, 0. ],
        [0. , 0. , 0.4, 0. , 0. , 0. , 0. , 0. , 0. ],
        [0. , 0. , 0. , 0.1, 0. , 0. , 0. , 0. , 0.1],
        [0. , 0. , 0. , 0. , 0.8, 0. , 0. , 0. , 0.1],
        [0. , 0. , 0. , 0. , 0. , 0. , 0. , 0. , 0.1],
        [0. , 0. , 0. , 0. , 0. , 0. , 0. , 0. , 0.1],
        [0. , 0.6, 0. , 0. , 0. , 0. , 0. , 0.1, 0. ],
        [0.4, 0. , 0. , 3.6, 3.6, 3.6, 0. , 0. , 0.2]],

       [[0. , 0. , 0. , 0. , 0. , 0. , 1.4, 0. , 0.2],
        [0. , 0.9, 0. , 0. , 0. , 0. , 0. , 0. , 0. ],
        [0. , 0. , 0.4, 0. , 0. , 0. , 0. , 0. , 0. ],
        [0. , 0. , 0. , 0.2, 0. , 0. , 0. , 0. , 0. ],
        [0. , 0. , 0. , 0. , 0.5, 0. , 0. , 0. , 0. ],
        [0. , 0. , 0. , 1.6, 0. , 0. , 0. , 0. , 0. ],
        [0. , 0. , 0. , 0. , 0. , 0. , 0. , 0. , 0.2],
        [0. , 0.4, 0. , 0. , 0. , 0. , 0. , 0.4, 0. ],
        [0.3, 0. , 0. , 0. , 0. , 0. , 0. , 0. , 0.2]],

       [[0.1, 0. , 0. , 0. , 0. , 0. , 1.4, 0. , 0.2],
        [0. , 0. , 0. , 0. , 0. , 0. , 0. , 0.1, 0. ],
        [0. , 0. , 0.1, 0. , 0. , 0. , 0. , 0. , 0. ],
        [0. , 0. , 0. , 0. , 0. , 0.3, 0. , 0. , 0.2],
        [0. , 0. , 0. , 0. , 0.7, 0. , 0. , 0. , 0.2],
        [0. , 0. , 0. , 0. , 0. , 0. , 0. , 0. , 0.2],
        [0. , 0. , 0. , 0. , 0. , 0. , 0. , 0. , 0.4],
        [0. , 0. , 0. , 0. , 0. , 0. , 0. , 0. , 0. ],
        [0.3, 0. , 0. , 1.6, 1.6, 1.6, 0. , 0. , 0.2]],

       [[0. , 0. , 0. , 0. , 0. , 0. , 0. , 0. , 0. ],
        [0. , 0. , 0. , 0. , 0. , 0. , 0. , 0. , 0. ],
        [0. , 0. , 0. , 0. , 0. , 0. , 0. , 0. , 0. ],
        [0. , 0. , 0. , 0. , 0. , 0. , 0. , 0. , 0. ],
        [0. , 0. , 0. , 0. , 0. , 0. , 0. , 0. , 0. ],
        [0. , 0. , 0. , 0. , 0. , 0. , 0. , 0. , 0. ],
        [0. , 0. , 0. , 0. , 0. , 0. , 0. , 0. , 0. ],
        [0. , 0. , 0. , 0. , 0. , 0. , 0. , 0. , 0. ],
        [0. , 0. , 0. , 0. , 0. , 0. , 0. , 0. , 0. ]]], dtype=float32),
                 move_feats=[array([0., 0., 0., 3., 0., 1.], dtype=float32)],
                 pi=[1.0],
                 z=-1.0),
 SelfPlayExample(state_tensor=array([[[1. , 0. , 1. , 1. , 1. , 1. , 1. , 0. , 1. ],
        [0. , 1. , 0. , 0. , 0. , 0. , 0. , 1. , 0. ],
        [1. , 0. , 1. , 0. , 0. , 0. , 1. , 0. , 1. ],
        [1. , 0. , 0. , 1. , 0. , 1. , 0. , 0. , 1. ],
        [1. , 0. , 0. , 0. , 1. , 0. , 0. , 0. , 1. ],
        [1. , 0. , 0. , 1. , 0. , 1. , 0. , 0. , 1. ],
        [1. , 0. , 1. , 0. , 0. , 0. , 1. , 0. , 1. ],
        [0. , 1. , 0. , 0. , 0. , 0. , 0. , 1. , 0. ],
        [1. , 0. , 1. , 1. , 1. , 1. , 1. , 0. , 1. ]],

       [[0. , 0. , 0. , 0. , 0. , 0. , 0. , 0. , 1. ],
        [0. , 0. , 0. , 0. , 0. , 0. , 0. , 1. , 0. ],
        [0. , 0. , 0. , 0. , 0. , 0. , 1. , 0. , 1. ],
        [0. , 0. , 0. , 0. , 0. , 1. , 0. , 0. , 0. ],
        [0. , 0. , 0. , 0. , 0. , 0. , 0. , 0. , 0. ],
        [0. , 0. , 0. , 0. , 0. , 0. , 0. , 0. , 0. ],
        [0. , 0. , 0. , 0. , 0. , 0. , 0. , 0. , 0. ],
        [0. , 0. , 0. , 0. , 0. , 0. , 0. , 0. , 0. ],
        [0. , 0. , 0. , 0. , 0. , 0. , 0. , 0. , 0. ]],

       [[0. , 0. , 0. , 0. , 0. , 0. , 0. , 0. , 0. ],
        [0. , 0. , 0. , 0. , 0. , 0. , 0. , 0. , 0. ],
        [0. , 0. , 0. , 0. , 0. , 0. , 0. , 0. , 0. ],
        [0. , 0. , 0. , 0. , 0. , 0. , 0. , 0. , 1. ],
        [0. , 0. , 0. , 0. , 1. , 0. , 0. , 0. , 1. ],
        [0. , 0. , 0. , 1. , 0. , 1. , 0. , 0. , 1. ],
        [0. , 0. , 0. , 0. , 0. , 0. , 1. , 0. , 1. ],
        [0. , 0. , 0. , 0. , 0. , 0. , 0. , 1. , 0. ],
        [0. , 0. , 0. , 0. , 0. , 0. , 0. , 0. , 1. ]],

       [[0. , 0. , 0. , 0. , 0. , 0. , 0. , 0. , 0. ],
        [0. , 0. , 0. , 0. , 0. , 0. , 0. , 0. , 0. ],
        [0. , 0. , 0. , 0. , 0. , 0. , 0. , 0. , 0. ],
        [0. , 0. , 0. , 0. , 0. , 0. , 0. , 0. , 0. ],
        [0. , 0. , 0. , 0. , 0. , 0. , 0. , 0. , 0. ],
        [0. , 0. , 0. , 0. , 0. , 0. , 0. , 0. , 0. ],
        [0. , 0. , 0. , 0. , 0. , 0. , 0. , 0. , 0. ],
        [0. , 0. , 0. , 0. , 0. , 0. , 0. , 0. , 0. ],
        [0. , 0. , 0. , 0. , 0. , 0. , 0. , 0. , 0. ]],

       [[1. , 0. , 1. , 1. , 1. , 1. , 1. , 0. , 0. ],
        [0. , 1. , 0. , 0. , 0. , 0. , 0. , 0. , 0. ],
        [1. , 0. , 1. , 0. , 0. , 0. , 0. , 0. , 0. ],
        [1. , 0. , 0. , 1. , 0. , 0. , 0. , 0. , 0. ],
        [1. , 0. , 0. , 0. , 0. , 0. , 0. , 0. , 0. ],
        [1. , 0. , 0. , 0. , 0. , 0. , 0. , 0. , 0. ],
        [1. , 0. , 1. , 0. , 0. , 0. , 0. , 0. , 0. ],
        [0. , 1. , 0. , 0. , 0. , 0. , 0. , 0. , 0. ],
        [1. , 0. , 1. , 1. , 1. , 1. , 1. , 0. , 0. ]],

       [[1. , 0. , 0. , 0. , 0. , 0. , 0. , 0. , 1. ],
        [0. , 0. , 0. , 0. , 0. , 0. , 0. , 0. , 0. ],
        [0. , 0. , 0. , 0. , 0. , 0. , 0. , 0. , 0. ],
        [0. , 0. , 0. , 0. , 0. , 0. , 0. , 0. , 0. ],
        [0. , 0. , 0. , 0. , 0. , 0. , 0. , 0. , 0. ],
        [0. , 0. , 0. , 0. , 0. , 0. , 0. , 0. , 0. ],
        [0. , 0. , 0. , 0. , 0. , 0. , 0. , 0. , 0. ],
        [0. , 0. , 0. , 0. , 0. , 0. , 0. , 0. , 0. ],
        [1. , 0. , 0. , 0. , 0. , 0. , 0. , 0. , 1. ]],

       [[2. , 0. , 0.4, 0.4, 0.4, 0.4, 0.4, 0. , 2. ],
        [0. , 0.4, 0. , 0. , 0. , 0. , 0. , 0.4, 0. ],
        [0.4, 0. , 0.4, 0. , 0. , 0. , 0.4, 0. , 0.4],
        [0.4, 0. , 0. , 0.4, 0. , 0.4, 0. , 0. , 0.4],
        [0.4, 0. , 0. , 0. , 3. , 0. , 0. , 0. , 0.4],
        [0.4, 0. , 0. , 0.4, 0. , 0.4, 0. , 0. , 0.4],
        [0.4, 0. , 0.4, 0. , 0. , 0. , 0.4, 0. , 0.4],
        [0. , 0.4, 0. , 0. , 0. , 0. , 0. , 0.4, 0. ],
        [2. , 0. , 0.4, 0.4, 0.4, 0.4, 0.4, 0. , 2. ]],

       [[0.4, 0. , 0. , 0. , 0. , 0. , 5.8, 0. , 0.6],
        [0. , 0. , 0. , 0. , 0. , 0. , 0. , 1.4, 0. ],
        [0. , 0. , 1. , 0. , 0. , 0. , 0. , 0. , 0. ],
        [0. , 0. , 0. , 1.2, 0. , 0.3, 0. , 0. , 0.6],
        [0. , 0. , 0. , 0. , 0. , 0. , 0. , 0. , 0.6],
        [0. , 0. , 0. , 1.4, 0. , 0. , 0. , 0. , 0.6],
        [0. , 0. , 1.3, 0. , 0. , 0. , 0. , 0. , 0. ],
        [0. , 0.7, 0. , 0. , 0. , 0. , 0. , 0.4, 0. ],
        [1.1, 0. , 0. , 0. , 0. , 0. , 5.1, 0. , 1.1]],

       [[0. , 0. , 0. , 0. , 0. , 0. , 3. , 0. , 0. ],
        [0. , 0. , 0. , 0. , 0. , 0. , 0. , 0.9, 0. ],
        [0. , 0. , 0. , 0. , 0. , 0. , 0. , 0. , 0. ],
        [0. , 0. , 0. , 0.5, 0. , 0. , 0. , 0. , 0.1],
        [0. , 0. , 0. , 0. , 0. , 0. , 0. , 0. , 0.1],
        [0. , 0. , 0. , 0.2, 0. , 0. , 0. , 0. , 0.1],
        [0. , 0. , 0.6, 0. , 0. , 0. , 0. , 0. , 0. ],
        [0. , 0.4, 0. , 0. , 0. , 0. , 0. , 0.2, 0. ],
        [0.6, 0. , 0. , 0. , 0. , 0. , 3.6, 0. , 0.4]],

       [[0.1, 0. , 0. , 0. , 0. , 0. , 1.4, 0. , 0.5],
        [0. , 0. , 0. , 0. , 0. , 0. , 0. , 0.2, 0. ],
        [0. , 0. , 0.9, 0. , 0. , 0. , 0. , 0. , 0. ],
        [0. , 0. , 0. , 0.6, 0. , 0. , 0. , 0. , 0.1],
        [0. , 0. , 0. , 0. , 0. , 0. , 0. , 0. , 0.1],
        [0. , 0. , 0. , 0.5, 0. , 0. , 0. , 0. , 0.1],
        [0. , 0. , 0.4, 0. , 0. , 0. , 0. , 0. , 0. ],
        [0. , 0.3, 0. , 0. , 0. , 0. , 0. , 0.2, 0. ],
        [0.4, 0. , 0. , 0. , 0. , 0. , 0. , 0. , 0.5]],

       [[0.2, 0. , 0. , 0. , 0. , 0. , 1.4, 0. , 0. ],
        [0. , 0. , 0. , 0. , 0. , 0. , 0. , 0.3, 0. ],
        [0. , 0. , 0.1, 0. , 0. , 0. , 0. , 0. , 0. ],
        [0. , 0. , 0. , 0.1, 0. , 0.3, 0. , 0. , 0.4],
        [0. , 0. , 0. , 0. , 0. , 0. , 0. , 0. , 0.4],
        [0. , 0. , 0. , 0.7, 0. , 0. , 0. , 0. , 0.4],
        [0. , 0. , 0.3, 0. , 0. , 0. , 0. , 0. , 0. ],
        [0. , 0. , 0. , 0. , 0. , 0. , 0. , 0. , 0. ],
        [0. , 0. , 0. , 0. , 0. , 0. , 1.5, 0. , 0.1]],

       [[0. , 0. , 0. , 0. , 0. , 0. , 0. , 0. , 0. ],
        [0. , 0. , 0. , 0. , 0. , 0. , 0. , 0. , 0. ],
        [0. , 0. , 0. , 0. , 0. , 0. , 0. , 0. , 0. ],
        [0. , 0. , 0. , 0. , 0. , 0. , 0. , 0. , 0. ],
        [0. , 0. , 0. , 0. , 0. , 0. , 0. , 0. , 0. ],
        [0. , 0. , 0. , 0. , 0. , 0. , 0. , 0. , 0. ],
        [0. , 0. , 0. , 0. , 0. , 0. , 0. , 0. , 0. ],
        [0. , 0. , 0. , 0. , 0. , 0. , 0. , 0. , 0. ],
        [0. , 0. , 0. , 0. , 0. , 0. , 0. , 0. , 0. ]]], dtype=float32),
                 move_feats=[array([0.9, 0.3, 0. , 3. , 0.2, 0. ], dtype=float32),
                             array([0., 0., 0., 3., 0., 1.], dtype=float32)],
                 pi=[0.631079478054567, 0.36892052194543296],
                 z=-1.0),
 SelfPlayExample(state_tensor=array([[[1. , 0. , 1. , 1. , 1. , 1. , 1. , 0. , 1. ],
        [0. , 1. , 0. , 0. , 0. , 0. , 0. , 1. , 0. ],
        [1. , 0. , 1. , 0. , 0. , 0. , 1. , 0. , 1. ],
        [1. , 0. , 0. , 1. , 0. , 1. , 0. , 0. , 1. ],
        [1. , 0. , 0. , 0. , 1. , 0. , 0. , 0. , 1. ],
        [1. , 0. , 0. , 1. , 0. , 1. , 0. , 0. , 1. ],
        [1. , 0. , 1. , 0. , 0. , 0. , 1. , 0. , 1. ],
        [0. , 1. , 0. , 0. , 0. , 0. , 0. , 1. , 0. ],
        [1. , 0. , 1. , 1. , 1. , 1. , 1. , 0. , 1. ]],

       [[0. , 0. , 0. , 0. , 0. , 0. , 0. , 0. , 1. ],
        [0. , 0. , 0. , 0. , 0. , 0. , 0. , 1. , 0. ],
        [0. , 0. , 0. , 0. , 0. , 0. , 1. , 0. , 0. ],
        [0. , 0. , 0. , 0. , 0. , 1. , 0. , 0. , 0. ],
        [0. , 0. , 0. , 0. , 0. , 0. , 0. , 0. , 0. ],
        [0. , 0. , 0. , 0. , 0. , 0. , 0. , 0. , 0. ],
        [0. , 0. , 0. , 0. , 0. , 0. , 0. , 0. , 0. ],
        [0. , 0. , 0. , 0. , 0. , 0. , 0. , 0. , 0. ],
        [0. , 0. , 0. , 0. , 0. , 0. , 0. , 0. , 0. ]],

       [[0. , 0. , 0. , 0. , 0. , 0. , 0. , 0. , 0. ],
        [0. , 0. , 0. , 0. , 0. , 0. , 0. , 0. , 0. ],
        [0. , 0. , 0. , 0. , 0. , 0. , 0. , 0. , 1. ],
        [0. , 0. , 0. , 0. , 0. , 0. , 0. , 0. , 1. ],
        [0. , 0. , 0. , 0. , 0. , 0. , 0. , 0. , 1. ],
        [0. , 0. , 0. , 1. , 0. , 1. , 0. , 0. , 1. ],
        [0. , 0. , 0. , 0. , 0. , 0. , 1. , 0. , 1. ],
        [0. , 0. , 0. , 0. , 0. , 0. , 0. , 0. , 0. ],
        [0. , 0. , 0. , 0. , 0. , 0. , 0. , 0. , 1. ]],

       [[0. , 0. , 0. , 0. , 0. , 0. , 0. , 0. , 0. ],
        [0. , 0. , 0. , 0. , 0. , 0. , 0. , 0. , 0. ],
        [0. , 0. , 0. , 0. , 0. , 0. , 0. , 0. , 0. ],
        [0. , 0. , 0. , 0. , 0. , 0. , 0. , 0. , 0. ],
        [0. , 0. , 0. , 0. , 0. , 0. , 0. , 0. , 0. ],
        [0. , 0. , 0. , 0. , 0. , 0. , 0. , 0. , 0. ],
        [0. , 0. , 0. , 0. , 0. , 0. , 0. , 0. , 0. ],
        [0. , 0. , 0. , 0. , 0. , 0. , 0. , 0. , 0. ],
        [0. , 0. , 0. , 0. , 0. , 0. , 0. , 0. , 0. ]],

       [[1. , 0. , 1. , 1. , 1. , 1. , 1. , 0. , 0. ],
        [0. , 1. , 0. , 0. , 0. , 0. , 0. , 0. , 0. ],
        [1. , 0. , 1. , 0. , 0. , 0. , 0. , 0. , 0. ],
        [1. , 0. , 0. , 1. , 0. , 0. , 0. , 0. , 0. ],
        [1. , 0. , 0. , 0. , 1. , 0. , 0. , 0. , 0. ],
        [1. , 0. , 0. , 0. , 0. , 0. , 0. , 0. , 0. ],
        [1. , 0. , 1. , 0. , 0. , 0. , 0. , 0. , 0. ],
        [0. , 1. , 0. , 0. , 0. , 0. , 0. , 1. , 0. ],
        [1. , 0. , 1. , 1. , 1. , 1. , 1. , 0. , 0. ]],

       [[1. , 0. , 0. , 0. , 0. , 0. , 0. , 0. , 1. ],
        [0. , 0. , 0. , 0. , 0. , 0. , 0. , 0. , 0. ],
        [0. , 0. , 0. , 0. , 0. , 0. , 0. , 0. , 0. ],
        [0. , 0. , 0. , 0. , 0. , 0. , 0. , 0. , 0. ],
        [0. , 0. , 0. , 0. , 0. , 0. , 0. , 0. , 0. ],
        [0. , 0. , 0. , 0. , 0. , 0. , 0. , 0. , 0. ],
        [0. , 0. , 0. , 0. , 0. , 0. , 0. , 0. , 0. ],
        [0. , 0. , 0. , 0. , 0. , 0. , 0. , 0. , 0. ],
        [1. , 0. , 0. , 0. , 0. , 0. , 0. , 0. , 1. ]],

       [[2. , 0. , 0.4, 0.4, 0.4, 0.4, 0.4, 0. , 2. ],
        [0. , 0.4, 0. , 0. , 0. , 0. , 0. , 0.4, 0. ],
        [0.4, 0. , 0.4, 0. , 0. , 0. , 0.4, 0. , 0.4],
        [0.4, 0. , 0. , 0.4, 0. , 0.4, 0. , 0. , 0.4],
        [0.4, 0. , 0. , 0. , 3. , 0. , 0. , 0. , 0.4],
        [0.4, 0. , 0. , 0.4, 0. , 0.4, 0. , 0. , 0.4],
        [0.4, 0. , 0.4, 0. , 0. , 0. , 0.4, 0. , 0.4],
        [0. , 0.4, 0. , 0. , 0. , 0. , 0. , 0.4, 0. ],
        [2. , 0. , 0.4, 0.4, 0.4, 0.4, 0.4, 0. , 2. ]],

       [[0.3, 0. , 0.2, 0. , 0. , 0. , 5.8, 0. , 0.6],
        [0. , 0.1, 0. , 0. , 0. , 0. , 0. , 1.6, 0. ],
        [0. , 0. , 0. , 0. , 0. , 0. , 0. , 0. , 0.5],
        [0. , 0. , 0. , 0.9, 0. , 0. , 0. , 0. , 0. ],
        [0. , 0. , 0. , 0. , 1.1, 0. , 0. , 0. , 0. ],
        [0. , 0. , 0. , 0.4, 0. , 0. , 0. , 0. , 0. ],
        [0. , 0. , 1.9, 0. , 0. , 0. , 0. , 0. , 0. ],
        [0. , 1. , 0. , 0. , 0. , 0. , 0. , 4.7, 0. ],
        [1.1, 0. , 0. , 0. , 0. , 0. , 0. , 0. , 1.2]],

       [[0. , 0. , 0. , 0. , 0. , 0. , 3. , 0. , 0.2],
        [0. , 0. , 0. , 0. , 0. , 0. , 0. , 0.9, 0. ],
        [0. , 0. , 0. , 0. , 0. , 0. , 0. , 0. , 0. ],
        [0. , 0. , 0. , 0. , 0. , 0. , 0. , 0. , 0. ],
        [0. , 0. , 0. , 0. , 0.3, 0. , 0. , 0. , 0. ],
        [0. , 0. , 0. , 0. , 0. , 0. , 0. , 0. , 0. ],
        [0. , 0. , 0.9, 0. , 0. , 0. , 0. , 0. , 0. ],
        [0. , 0.6, 0. , 0. , 0. , 0. , 0. , 3.2, 0. ],
        [0.6, 0. , 0. , 0. , 0. , 0. , 0. , 0. , 0.7]],

       [[0. , 0. , 0. , 0. , 0. , 0. , 1.4, 0. , 0.1],
        [0. , 0.1, 0. , 0. , 0. , 0. , 0. , 0.7, 0. ],
        [0. , 0. , 0. , 0. , 0. , 0. , 0. , 0. , 0.1],
        [0. , 0. , 0. , 0.9, 0. , 0. , 0. , 0. , 0. ],
        [0. , 0. , 0. , 0. , 0.6, 0. , 0. , 0. , 0. ],
        [0. , 0. , 0. , 0.4, 0. , 0. , 0. , 0. , 0. ],
        [0. , 0. , 0.7, 0. , 0. , 0. , 0. , 0. , 0. ],
        [0. , 0.4, 0. , 0. , 0. , 0. , 0. , 0. , 0. ],
        [0. , 0. , 0. , 0. , 0. , 0. , 0. , 0. , 0.2]],

       [[0.2, 0. , 0.2, 0. , 0. , 0. , 1.4, 0. , 0.2],
        [0. , 0. , 0. , 0. , 0. , 0. , 0. , 0. , 0. ],
        [0. , 0. , 0. , 0. , 0. , 0. , 0. , 0. , 0.4],
        [0. , 0. , 0. , 0. , 0. , 0. , 0. , 0. , 0. ],
        [0. , 0. , 0. , 0. , 0.2, 0. , 0. , 0. , 0. ],
        [0. , 0. , 0. , 0. , 0. , 0. , 0. , 0. , 0. ],
        [0. , 0. , 0.3, 0. , 0. , 0. , 0. , 0. , 0. ],
        [0. , 0. , 0. , 0. , 0. , 0. , 0. , 1.5, 0. ],
        [0.4, 0. , 0. , 0. , 0. , 0. , 0. , 0. , 0.2]],

       [[0. , 0. , 0. , 0. , 0. , 0. , 0. , 0. , 0. ],
        [0. , 0. , 0. , 0. , 0. , 0. , 0. , 0. , 0. ],
        [0. , 0. , 0. , 0. , 0. , 0. , 0. , 0. , 0. ],
        [0. , 0. , 0. , 0. , 0. , 0. , 0. , 0. , 0. ],
        [0. , 0. , 0. , 0. , 0. , 0. , 0. , 0. , 0. ],
        [0. , 0. , 0. , 0. , 0. , 0. , 0. , 0. , 0. ],
        [0. , 0. , 0. , 0. , 0. , 0. , 0. , 0. , 0. ],
        [0. , 0. , 0. , 0. , 0. , 0. , 0. , 0. , 0. ],
        [0. , 0. , 0. , 0. , 0. , 0. , 0. , 0. , 0. ]]], dtype=float32),
                 move_feats=[array([0. , 0. , 0. , 0.4, 0. , 1. ], dtype=float32)],
                 pi=[1.0],
                 z=-1.0),
 SelfPlayExample(state_tensor=array([[[1. , 0. , 1. , 1. , 1. , 1. , 1. , 0. , 1. ],
        [0. , 1. , 0. , 0. , 0. , 0. , 0. , 1. , 0. ],
        [1. , 0. , 1. , 0. , 0. , 0. , 1. , 0. , 1. ],
        [1. , 0. , 0. , 1. , 0. , 1. , 0. , 0. , 1. ],
        [1. , 0. , 0. , 0. , 1. , 0. , 0. , 0. , 1. ],
        [1. , 0. , 0. , 1. , 0. , 1. , 0. , 0. , 1. ],
        [1. , 0. , 1. , 0. , 0. , 0. , 1. , 0. , 1. ],
        [0. , 1. , 0. , 0. , 0. , 0. , 0. , 1. , 0. ],
        [1. , 0. , 1. , 1. , 1. , 1. , 1. , 0. , 1. ]],

       [[0. , 0. , 0. , 0. , 0. , 0. , 0. , 0. , 1. ],
        [0. , 0. , 0. , 0. , 0. , 0. , 0. , 0. , 0. ],
        [0. , 0. , 0. , 0. , 0. , 0. , 1. , 0. , 1. ],
        [0. , 0. , 0. , 0. , 0. , 1. , 0. , 0. , 0. ],
        [0. , 0. , 0. , 0. , 0. , 0. , 0. , 0. , 0. ],
        [0. , 0. , 0. , 0. , 0. , 0. , 0. , 0. , 0. ],
        [0. , 0. , 0. , 0. , 0. , 0. , 0. , 0. , 0. ],
        [0. , 0. , 0. , 0. , 0. , 0. , 0. , 0. , 0. ],
        [0. , 0. , 0. , 0. , 0. , 0. , 0. , 0. , 0. ]],

       [[0. , 0. , 0. , 0. , 0. , 0. , 0. , 0. , 0. ],
        [0. , 0. , 0. , 0. , 0. , 0. , 0. , 0. , 0. ],
        [0. , 0. , 0. , 0. , 0. , 0. , 0. , 0. , 0. ],
        [0. , 0. , 0. , 0. , 0. , 0. , 0. , 0. , 1. ],
        [0. , 0. , 0. , 0. , 0. , 0. , 0. , 0. , 1. ],
        [0. , 0. , 0. , 0. , 0. , 0. , 0. , 0. , 1. ],
        [0. , 0. , 0. , 0. , 0. , 0. , 1. , 0. , 1. ],
        [0. , 0. , 0. , 0. , 0. , 0. , 0. , 0. , 0. ],
        [0. , 0. , 0. , 0. , 0. , 0. , 0. , 0. , 0. ]],

       [[0. , 0. , 0. , 0. , 0. , 0. , 0. , 0. , 0. ],
        [0. , 0. , 0. , 0. , 0. , 0. , 0. , 0. , 0. ],
        [0. , 0. , 0. , 0. , 0. , 0. , 0. , 0. , 0. ],
        [0. , 0. , 0. , 0. , 0. , 0. , 0. , 0. , 0. ],
        [0. , 0. , 0. , 0. , 0. , 0. , 0. , 0. , 0. ],
        [0. , 0. , 0. , 0. , 0. , 0. , 0. , 0. , 0. ],
        [0. , 0. , 0. , 0. , 0. , 0. , 0. , 0. , 0. ],
        [0. , 0. , 0. , 0. , 0. , 0. , 0. , 0. , 0. ],
        [0. , 0. , 0. , 0. , 0. , 0. , 0. , 0. , 0. ]],

       [[1. , 0. , 1. , 1. , 1. , 1. , 1. , 0. , 0. ],
        [0. , 1. , 0. , 0. , 0. , 0. , 0. , 1. , 0. ],
        [1. , 0. , 1. , 0. , 0. , 0. , 0. , 0. , 0. ],
        [1. , 0. , 0. , 1. , 0. , 0. , 0. , 0. , 0. ],
        [1. , 0. , 0. , 0. , 1. , 0. , 0. , 0. , 0. ],
        [1. , 0. , 0. , 1. , 0. , 1. , 0. , 0. , 0. ],
        [1. , 0. , 1. , 0. , 0. , 0. , 0. , 0. , 0. ],
        [0. , 1. , 0. , 0. , 0. , 0. , 0. , 1. , 0. ],
        [1. , 0. , 1. , 1. , 1. , 1. , 1. , 0. , 1. ]],

       [[1. , 0. , 0. , 0. , 0. , 0. , 0. , 0. , 1. ],
        [0. , 0. , 0. , 0. , 0. , 0. , 0. , 0. , 0. ],
        [0. , 0. , 0. , 0. , 0. , 0. , 0. , 0. , 0. ],
        [0. , 0. , 0. , 0. , 0. , 0. , 0. , 0. , 0. ],
        [0. , 0. , 0. , 0. , 0. , 0. , 0. , 0. , 0. ],
        [0. , 0. , 0. , 0. , 0. , 0. , 0. , 0. , 0. ],
        [0. , 0. , 0. , 0. , 0. , 0. , 0. , 0. , 0. ],
        [0. , 0. , 0. , 0. , 0. , 0. , 0. , 0. , 0. ],
        [1. , 0. , 0. , 0. , 0. , 0. , 0. , 0. , 1. ]],

       [[2. , 0. , 0.4, 0.4, 0.4, 0.4, 0.4, 0. , 2. ],
        [0. , 0.4, 0. , 0. , 0. , 0. , 0. , 0.4, 0. ],
        [0.4, 0. , 0.4, 0. , 0. , 0. , 0.4, 0. , 0.4],
        [0.4, 0. , 0. , 0.4, 0. , 0.4, 0. , 0. , 0.4],
        [0.4, 0. , 0. , 0. , 3. , 0. , 0. , 0. , 0.4],
        [0.4, 0. , 0. , 0.4, 0. , 0.4, 0. , 0. , 0.4],
        [0.4, 0. , 0.4, 0. , 0. , 0. , 0.4, 0. , 0.4],
        [0. , 0.4, 0. , 0. , 0. , 0. , 0. , 0.4, 0. ],
        [2. , 0. , 0.4, 0.4, 0.4, 0.4, 0.4, 0. , 2. ]],

       [[1.8, 0. , 0. , 0. , 0. , 0. , 0.2, 0. , 0.8],
        [0. , 0. , 0. , 0. , 0. , 0. , 0. , 5.7, 0. ],
        [0. , 0. , 0.3, 0. , 0. , 0. , 0. , 0. , 1.7],
        [0. , 0. , 0. , 0. , 0. , 0. , 0. , 0. , 0. ],
        [0. , 0. , 0. , 0. , 0.9, 0. , 0. , 0. , 0. ],
        [0. , 0. , 0. , 2.7, 0. , 0.3, 0. , 0. , 0. ],
        [0. , 0. , 1.4, 0. , 0. , 0. , 0. , 0. , 0. ],
        [0. , 0.6, 0. , 0. , 0. , 0. , 0. , 0. , 0. ],
        [0.1, 0. , 0. , 0. , 0. , 0. , 0. , 0. , 4.4]],

       [[0.9, 0. , 0. , 0. , 0. , 0. , 0. , 0. , 0.1],
        [0. , 0. , 0. , 0. , 0. , 0. , 0. , 3. , 0. ],
        [0. , 0. , 0. , 0. , 0. , 0. , 0. , 0. , 0.8],
        [0. , 0. , 0. , 0. , 0. , 0. , 0. , 0. , 0. ],
        [0. , 0. , 0. , 0. , 0. , 0. , 0. , 0. , 0. ],
        [0. , 0. , 0. , 0.9, 0. , 0.3, 0. , 0. , 0. ],
        [0. , 0. , 0.6, 0. , 0. , 0. , 0. , 0. , 0. ],
        [0. , 0.6, 0. , 0. , 0. , 0. , 0. , 0. , 0. ],
        [0. , 0. , 0. , 0. , 0. , 0. , 0. , 0. , 2.8]],

       [[0.2, 0. , 0. , 0. , 0. , 0. , 0. , 0. , 0. ],
        [0. , 0. , 0. , 0. , 0. , 0. , 0. , 1.4, 0. ],
        [0. , 0. , 0.1, 0. , 0. , 0. , 0. , 0. , 0.7],
        [0. , 0. , 0. , 0. , 0. , 0. , 0. , 0. , 0. ],
        [0. , 0. , 0. , 0. , 0.9, 0. , 0. , 0. , 0. ],
        [0. , 0. , 0. , 1.3, 0. , 0. , 0. , 0. , 0. ],
        [0. , 0. , 0.4, 0. , 0. , 0. , 0. , 0. , 0. ],
        [0. , 0. , 0. , 0. , 0. , 0. , 0. , 0. , 0. ],
        [0. , 0. , 0. , 0. , 0. , 0. , 0. , 0. , 0. ]],

       [[0.6, 0. , 0. , 0. , 0. , 0. , 0.2, 0. , 0.6],
        [0. , 0. , 0. , 0. , 0. , 0. , 0. , 1.3, 0. ],
        [0. , 0. , 0.2, 0. , 0. , 0. , 0. , 0. , 0.2],
        [0. , 0. , 0. , 0. , 0. , 0. , 0. , 0. , 0. ],
        [0. , 0. , 0. , 0. , 0. , 0. , 0. , 0. , 0. ],
        [0. , 0. , 0. , 0.5, 0. , 0. , 0. , 0. , 0. ],
        [0. , 0. , 0.4, 0. , 0. , 0. , 0. , 0. , 0. ],
        [0. , 0. , 0. , 0. , 0. , 0. , 0. , 0. , 0. ],
        [0. , 0. , 0. , 0. , 0. , 0. , 0. , 0. , 1.5]],

       [[0. , 0. , 0. , 0. , 0. , 0. , 0. , 0. , 0. ],
        [0. , 0. , 0. , 0. , 0. , 0. , 0. , 0. , 0. ],
        [0. , 0. , 0. , 0. , 0. , 0. , 0. , 0. , 0. ],
        [0. , 0. , 0. , 0. , 0. , 0. , 0. , 0. , 0. ],
        [0. , 0. , 0. , 0. , 0. , 0. , 0. , 0. , 0. ],
        [0. , 0. , 0. , 0. , 0. , 0. , 0. , 0. , 0. ],
        [0. , 0. , 0. , 0. , 0. , 0. , 0. , 0. , 0. ],
        [0. , 0. , 0. , 0. , 0. , 0. , 0. , 0. , 0. ],
        [0. , 0. , 0. , 0. , 0. , 0. , 0. , 0. , 0. ]]], dtype=float32),
                 move_feats=[array([7. , 2.4, 0. , 0.4, 1. , 0. ], dtype=float32),
                             array([4. , 1.6, 0. , 0.4, 0.8, 0. ], dtype=float32),
                             array([0. , 0. , 0. , 0.4, 0. , 1. ], dtype=float32)],
                 pi=[0.23555070883315157,
                     0.5005452562704471,
                     0.2639040348964013],
                 z=-1.0),
 SelfPlayExample(state_tensor=array([[[1. , 0. , 1. , 1. , 1. , 1. , 1. , 0. , 1. ],
        [0. , 1. , 0. , 0. , 0. , 0. , 0. , 1. , 0. ],
        [1. , 0. , 1. , 0. , 0. , 0. , 1. , 0. , 1. ],
        [1. , 0. , 0. , 1. , 0. , 1. , 0. , 0. , 1. ],
        [1. , 0. , 0. , 0. , 1. , 0. , 0. , 0. , 1. ],
        [1. , 0. , 0. , 1. , 0. , 1. , 0. , 0. , 1. ],
        [1. , 0. , 1. , 0. , 0. , 0. , 1. , 0. , 1. ],
        [0. , 1. , 0. , 0. , 0. , 0. , 0. , 1. , 0. ],
        [1. , 0. , 1. , 1. , 1. , 1. , 1. , 0. , 1. ]],

       [[0. , 0. , 0. , 0. , 0. , 0. , 0. , 0. , 0. ],
        [0. , 0. , 0. , 0. , 0. , 0. , 0. , 0. , 0. ],
        [0. , 0. , 0. , 0. , 0. , 0. , 0. , 0. , 0. ],
        [0. , 0. , 0. , 0. , 0. , 0. , 0. , 0. , 0. ],
        [0. , 0. , 0. , 0. , 0. , 0. , 0. , 0. , 0. ],
        [0. , 0. , 0. , 0. , 0. , 0. , 0. , 0. , 0. ],
        [0. , 0. , 0. , 0. , 0. , 0. , 0. , 0. , 0. ],
        [0. , 0. , 0. , 0. , 0. , 0. , 0. , 1. , 0. ],
        [0. , 0. , 0. , 0. , 0. , 0. , 0. , 0. , 1. ]],

       [[0. , 0. , 0. , 0. , 0. , 0. , 0. , 0. , 0. ],
        [0. , 0. , 0. , 0. , 0. , 0. , 0. , 0. , 0. ],
        [0. , 0. , 0. , 0. , 0. , 0. , 0. , 0. , 0. ],
        [0. , 0. , 0. , 0. , 0. , 0. , 0. , 0. , 0. ],
        [0. , 0. , 0. , 0. , 0. , 0. , 0. , 0. , 0. ],
        [0. , 0. , 0. , 0. , 0. , 0. , 0. , 0. , 0. ],
        [0. , 0. , 0. , 0. , 0. , 0. , 0. , 0. , 0. ],
        [0. , 1. , 0. , 0. , 0. , 0. , 0. , 0. , 0. ],
        [1. , 0. , 0. , 0. , 0. , 0. , 0. , 0. , 0. ]],

       [[1. , 0. , 1. , 0. , 0. , 0. , 0. , 0. , 0. ],
        [0. , 1. , 0. , 0. , 0. , 0. , 0. , 0. , 0. ],
        [1. , 0. , 0. , 0. , 0. , 0. , 0. , 0. , 0. ],
        [0. , 0. , 0. , 0. , 0. , 0. , 0. , 0. , 0. ],
        [0. , 0. , 0. , 0. , 0. , 0. , 0. , 0. , 0. ],
        [0. , 0. , 0. , 0. , 0. , 0. , 0. , 0. , 0. ],
        [0. , 0. , 0. , 0. , 0. , 0. , 0. , 0. , 0. ],
        [0. , 0. , 0. , 0. , 0. , 0. , 0. , 0. , 0. ],
        [0. , 0. , 0. , 0. , 0. , 0. , 0. , 0. , 0. ]],

       [[0. , 0. , 0. , 0. , 0. , 0. , 0. , 0. , 1. ],
        [0. , 0. , 0. , 0. , 0. , 0. , 0. , 1. , 0. ],
        [0. , 0. , 0. , 0. , 0. , 0. , 0. , 0. , 0. ],
        [0. , 0. , 0. , 0. , 0. , 0. , 0. , 0. , 0. ],
        [0. , 0. , 0. , 0. , 0. , 0. , 0. , 0. , 0. ],
        [0. , 0. , 0. , 0. , 0. , 0. , 0. , 0. , 0. ],
        [0. , 0. , 0. , 0. , 0. , 0. , 0. , 0. , 0. ],
        [0. , 0. , 0. , 0. , 0. , 0. , 0. , 0. , 0. ],
        [0. , 0. , 0. , 0. , 0. , 0. , 0. , 0. , 0. ]],

       [[1. , 0. , 0. , 0. , 0. , 0. , 0. , 0. , 1. ],
        [0. , 0. , 0. , 0. , 0. , 0. , 0. , 0. , 0. ],
        [0. , 0. , 0. , 0. , 0. , 0. , 0. , 0. , 0. ],
        [0. , 0. , 0. , 0. , 0. , 0. , 0. , 0. , 0. ],
        [0. , 0. , 0. , 0. , 0. , 0. , 0. , 0. , 0. ],
        [0. , 0. , 0. , 0. , 0. , 0. , 0. , 0. , 0. ],
        [0. , 0. , 0. , 0. , 0. , 0. , 0. , 0. , 0. ],
        [0. , 0. , 0. , 0. , 0. , 0. , 0. , 0. , 0. ],
        [1. , 0. , 0. , 0. , 0. , 0. , 0. , 0. , 1. ]],

       [[2. , 0. , 0.4, 0.4, 0.4, 0.4, 0.4, 0. , 2. ],
        [0. , 0.4, 0. , 0. , 0. , 0. , 0. , 0.4, 0. ],
        [0.4, 0. , 0.4, 0. , 0. , 0. , 0.4, 0. , 0.4],
        [0.4, 0. , 0. , 0.4, 0. , 0.4, 0. , 0. , 0.4],
        [0.4, 0. , 0. , 0. , 3. , 0. , 0. , 0. , 0.4],
        [0.4, 0. , 0. , 0.4, 0. , 0.4, 0. , 0. , 0.4],
        [0.4, 0. , 0.4, 0. , 0. , 0. , 0.4, 0. , 0.4],
        [0. , 0.4, 0. , 0. , 0. , 0. , 0. , 0.4, 0. ],
        [2. , 0. , 0.4, 0.4, 0.4, 0.4, 0.4, 0. , 2. ]],

       [[0.4, 0. , 0.2, 0. , 0. , 0. , 0. , 0. , 0.5],
        [0. , 0. , 0. , 0. , 0. , 0. , 0. , 0.3, 0. ],
        [0.1, 0. , 0. , 0. , 0. , 0. , 0. , 0. , 0. ],
        [0. , 0. , 0. , 0. , 0. , 0. , 0. , 0. , 0. ],
        [0. , 0. , 0. , 0. , 0.3, 0. , 0. , 0. , 0. ],
        [0. , 0. , 0. , 0. , 0. , 0. , 0. , 0. , 0. ],
        [0. , 0. , 0. , 0. , 0. , 0. , 0. , 0. , 0. ],
        [0. , 0.2, 0. , 0. , 0. , 0. , 0. , 0.2, 0. ],
        [0.2, 0. , 0. , 0. , 0. , 0. , 0. , 0. , 0.2]],

       [[0.1, 0. , 0.2, 0. , 0. , 0. , 0. , 0. , 0.2],
        [0. , 0. , 0. , 0. , 0. , 0. , 0. , 0.2, 0. ],
        [0. , 0. , 0. , 0. , 0. , 0. , 0. , 0. , 0. ],
        [0. , 0. , 0. , 0. , 0. , 0. , 0. , 0. , 0. ],
        [0. , 0. , 0. , 0. , 0.3, 0. , 0. , 0. , 0. ],
        [0. , 0. , 0. , 0. , 0. , 0. , 0. , 0. , 0. ],
        [0. , 0. , 0. , 0. , 0. , 0. , 0. , 0. , 0. ],
        [0. , 0.2, 0. , 0. , 0. , 0. , 0. , 0.2, 0. ],
        [0. , 0. , 0. , 0. , 0. , 0. , 0. , 0. , 0. ]],

       [[0.1, 0. , 0. , 0. , 0. , 0. , 0. , 0. , 0.1],
        [0. , 0. , 0. , 0. , 0. , 0. , 0. , 0. , 0. ],
        [0. , 0. , 0. , 0. , 0. , 0. , 0. , 0. , 0. ],
        [0. , 0. , 0. , 0. , 0. , 0. , 0. , 0. , 0. ],
        [0. , 0. , 0. , 0. , 0. , 0. , 0. , 0. , 0. ],
        [0. , 0. , 0. , 0. , 0. , 0. , 0. , 0. , 0. ],
        [0. , 0. , 0. , 0. , 0. , 0. , 0. , 0. , 0. ],
        [0. , 0. , 0. , 0. , 0. , 0. , 0. , 0. , 0. ],
        [0. , 0. , 0. , 0. , 0. , 0. , 0. , 0. , 0. ]],

       [[0.1, 0. , 0. , 0. , 0. , 0. , 0. , 0. , 0.1],
        [0. , 0. , 0. , 0. , 0. , 0. , 0. , 0.1, 0. ],
        [0.1, 0. , 0. , 0. , 0. , 0. , 0. , 0. , 0. ],
        [0. , 0. , 0. , 0. , 0. , 0. , 0. , 0. , 0. ],
        [0. , 0. , 0. , 0. , 0. , 0. , 0. , 0. , 0. ],
        [0. , 0. , 0. , 0. , 0. , 0. , 0. , 0. , 0. ],
        [0. , 0. , 0. , 0. , 0. , 0. , 0. , 0. , 0. ],
        [0. , 0. , 0. , 0. , 0. , 0. , 0. , 0. , 0. ],
        [0.1, 0. , 0. , 0. , 0. , 0. , 0. , 0. , 0.1]],

       [[0. , 0. , 0. , 0. , 0. , 0. , 0. , 0. , 0. ],
        [0. , 0. , 0. , 0. , 0. , 0. , 0. , 0. , 0. ],
        [0. , 0. , 0. , 0. , 0. , 0. , 0. , 0. , 0. ],
        [0. , 0. , 0. , 0. , 0. , 0. , 0. , 0. , 0. ],
        [0. , 0. , 0. , 0. , 0. , 0. , 0. , 0. , 0. ],
        [0. , 0. , 0. , 0. , 0. , 0. , 0. , 0. , 0. ],
        [0. , 0. , 0. , 0. , 0. , 0. , 0. , 0. , 0. ],
        [0. , 0. , 0. , 0. , 0. , 0. , 0. , 0. , 0. ],
        [0. , 0. , 0. , 0. , 0. , 0. , 0. , 0. , 0. ]]], dtype=float32),
                 move_feats=[array([0.5, 0.3, 0. , 0.4, 0.4, 0. ], dtype=float32),
                             array([0.2, 0.2, 0. , 0.4, 0.2, 0. ], dtype=float32),
                             array([0. , 0. , 0. , 0.4, 0. , 1. ], dtype=float32)],
                 pi=[0.2790948275862069,
                     0.24892241379310345,
                     0.47198275862068967],
                 z=-1.0),
 SelfPlayExample(state_tensor=array([[[1. , 0. , 1. , 1. , 1. , 1. , 1. , 0. , 1. ],
        [0. , 1. , 0. , 0. , 0. , 0. , 0. , 1. , 0. ],
        [1. , 0. , 1. , 0. , 0. , 0. , 1. , 0. , 1. ],
        [1. , 0. , 0. , 1. , 0. , 1. , 0. , 0. , 1. ],
        [1. , 0. , 0. , 0. , 1. , 0. , 0. , 0. , 1. ],
        [1. , 0. , 0. , 1. , 0. , 1. , 0. , 0. , 1. ],
        [1. , 0. , 1. , 0. , 0. , 0. , 1. , 0. , 1. ],
        [0. , 1. , 0. , 0. , 0. , 0. , 0. , 1. , 0. ],
        [1. , 0. , 1. , 1. , 1. , 1. , 1. , 0. , 1. ]],

       [[0. , 0. , 0. , 0. , 0. , 0. , 0. , 0. , 0. ],
        [0. , 0. , 0. , 0. , 0. , 0. , 0. , 0. , 0. ],
        [0. , 0. , 0. , 0. , 0. , 0. , 0. , 0. , 0. ],
        [0. , 0. , 0. , 0. , 0. , 0. , 0. , 0. , 0. ],
        [0. , 0. , 0. , 0. , 0. , 0. , 0. , 0. , 0. ],
        [0. , 0. , 0. , 0. , 0. , 0. , 0. , 0. , 0. ],
        [0. , 0. , 0. , 0. , 0. , 0. , 0. , 0. , 1. ],
        [0. , 0. , 0. , 0. , 0. , 0. , 0. , 1. , 0. ],
        [0. , 0. , 0. , 0. , 0. , 0. , 0. , 0. , 1. ]],

       [[0. , 0. , 0. , 0. , 0. , 0. , 0. , 0. , 0. ],
        [0. , 0. , 0. , 0. , 0. , 0. , 0. , 0. , 0. ],
        [0. , 0. , 0. , 0. , 0. , 0. , 0. , 0. , 0. ],
        [0. , 0. , 0. , 0. , 0. , 0. , 0. , 0. , 0. ],
        [0. , 0. , 0. , 0. , 0. , 0. , 0. , 0. , 0. ],
        [0. , 0. , 0. , 0. , 0. , 0. , 0. , 0. , 0. ],
        [1. , 0. , 0. , 0. , 0. , 0. , 0. , 0. , 0. ],
        [0. , 1. , 0. , 0. , 0. , 0. , 0. , 0. , 0. ],
        [1. , 0. , 0. , 0. , 0. , 0. , 0. , 0. , 0. ]],

       [[1. , 0. , 1. , 0. , 0. , 0. , 0. , 0. , 0. ],
        [0. , 1. , 0. , 0. , 0. , 0. , 0. , 0. , 0. ],
        [1. , 0. , 1. , 0. , 0. , 0. , 0. , 0. , 0. ],
        [1. , 0. , 0. , 0. , 0. , 0. , 0. , 0. , 0. ],
        [1. , 0. , 0. , 0. , 0. , 0. , 0. , 0. , 0. ],
        [1. , 0. , 0. , 0. , 0. , 0. , 0. , 0. , 0. ],
        [0. , 0. , 0. , 0. , 0. , 0. , 0. , 0. , 0. ],
        [0. , 0. , 0. , 0. , 0. , 0. , 0. , 0. , 0. ],
        [0. , 0. , 0. , 0. , 0. , 0. , 0. , 0. , 0. ]],

       [[0. , 0. , 0. , 0. , 0. , 0. , 0. , 0. , 1. ],
        [0. , 0. , 0. , 0. , 0. , 0. , 0. , 1. , 0. ],
        [0. , 0. , 0. , 0. , 0. , 0. , 0. , 0. , 1. ],
        [0. , 0. , 0. , 0. , 0. , 0. , 0. , 0. , 0. ],
        [0. , 0. , 0. , 0. , 0. , 0. , 0. , 0. , 0. ],
        [0. , 0. , 0. , 0. , 0. , 0. , 0. , 0. , 0. ],
        [0. , 0. , 0. , 0. , 0. , 0. , 0. , 0. , 0. ],
        [0. , 0. , 0. , 0. , 0. , 0. , 0. , 0. , 0. ],
        [0. , 0. , 0. , 0. , 0. , 0. , 0. , 0. , 0. ]],

       [[1. , 0. , 0. , 0. , 0. , 0. , 0. , 0. , 1. ],
        [0. , 0. , 0. , 0. , 0. , 0. , 0. , 0. , 0. ],
        [0. , 0. , 0. , 0. , 0. , 0. , 0. , 0. , 0. ],
        [0. , 0. , 0. , 0. , 0. , 0. , 0. , 0. , 0. ],
        [0. , 0. , 0. , 0. , 0. , 0. , 0. , 0. , 0. ],
        [0. , 0. , 0. , 0. , 0. , 0. , 0. , 0. , 0. ],
        [0. , 0. , 0. , 0. , 0. , 0. , 0. , 0. , 0. ],
        [0. , 0. , 0. , 0. , 0. , 0. , 0. , 0. , 0. ],
        [1. , 0. , 0. , 0. , 0. , 0. , 0. , 0. , 1. ]],

       [[2. , 0. , 0.4, 0.4, 0.4, 0.4, 0.4, 0. , 2. ],
        [0. , 0.4, 0. , 0. , 0. , 0. , 0. , 0.4, 0. ],
        [0.4, 0. , 0.4, 0. , 0. , 0. , 0.4, 0. , 0.4],
        [0.4, 0. , 0. , 0.4, 0. , 0.4, 0. , 0. , 0.4],
        [0.4, 0. , 0. , 0. , 3. , 0. , 0. , 0. , 0.4],
        [0.4, 0. , 0. , 0.4, 0. , 0.4, 0. , 0. , 0.4],
        [0.4, 0. , 0.4, 0. , 0. , 0. , 0.4, 0. , 0.4],
        [0. , 0.4, 0. , 0. , 0. , 0. , 0. , 0.4, 0. ],
        [2. , 0. , 0.4, 0.4, 0.4, 0.4, 0.4, 0. , 2. ]],

       [[0.5, 0. , 0.2, 0. , 0. , 0. , 0. , 0. , 0.4],
        [0. , 0.2, 0. , 0. , 0. , 0. , 0. , 0.6, 0. ],
        [0. , 0. , 0.1, 0. , 0. , 0. , 0. , 0. , 0.1],
        [0.1, 0. , 0. , 0. , 0. , 0. , 0. , 0. , 0. ],
        [0.1, 0. , 0. , 0. , 0.3, 0. , 0. , 0. , 0. ],
        [0.1, 0. , 0. , 0. , 0. , 0. , 0. , 0. , 0. ],
        [0.3, 0. , 0. , 0. , 0. , 0. , 0. , 0. , 0.3],
        [0. , 0. , 0. , 0. , 0. , 0. , 0. , 0. , 0. ],
        [0.7, 0. , 0. , 0. , 0. , 0. , 0. , 0. , 0.5]],

       [[0.2, 0. , 0.2, 0. , 0. , 0. , 0. , 0. , 0. ],
        [0. , 0.1, 0. , 0. , 0. , 0. , 0. , 0.4, 0. ],
        [0. , 0. , 0. , 0. , 0. , 0. , 0. , 0. , 0. ],
        [0. , 0. , 0. , 0. , 0. , 0. , 0. , 0. , 0. ],
        [0. , 0. , 0. , 0. , 0.3, 0. , 0. , 0. , 0. ],
        [0. , 0. , 0. , 0. , 0. , 0. , 0. , 0. , 0. ],
        [0.2, 0. , 0. , 0. , 0. , 0. , 0. , 0. , 0.2],
        [0. , 0. , 0. , 0. , 0. , 0. , 0. , 0. , 0. ],
        [0.3, 0. , 0. , 0. , 0. , 0. , 0. , 0. , 0.1]],

       [[0. , 0. , 0. , 0. , 0. , 0. , 0. , 0. , 0.3],
        [0. , 0.1, 0. , 0. , 0. , 0. , 0. , 0.1, 0. ],
        [0. , 0. , 0. , 0. , 0. , 0. , 0. , 0. , 0. ],
        [0. , 0. , 0. , 0. , 0. , 0. , 0. , 0. , 0. ],
        [0. , 0. , 0. , 0. , 0. , 0. , 0. , 0. , 0. ],
        [0. , 0. , 0. , 0. , 0. , 0. , 0. , 0. , 0. ],
        [0. , 0. , 0. , 0. , 0. , 0. , 0. , 0. , 0. ],
        [0. , 0. , 0. , 0. , 0. , 0. , 0. , 0. , 0. ],
        [0.3, 0. , 0. , 0. , 0. , 0. , 0. , 0. , 0. ]],

       [[0.2, 0. , 0. , 0. , 0. , 0. , 0. , 0. , 0. ],
        [0. , 0. , 0. , 0. , 0. , 0. , 0. , 0.1, 0. ],
        [0. , 0. , 0.1, 0. , 0. , 0. , 0. , 0. , 0.1],
        [0.1, 0. , 0. , 0. , 0. , 0. , 0. , 0. , 0. ],
        [0.1, 0. , 0. , 0. , 0. , 0. , 0. , 0. , 0. ],
        [0.1, 0. , 0. , 0. , 0. , 0. , 0. , 0. , 0. ],
        [0.1, 0. , 0. , 0. , 0. , 0. , 0. , 0. , 0.1],
        [0. , 0. , 0. , 0. , 0. , 0. , 0. , 0. , 0. ],
        [0. , 0. , 0. , 0. , 0. , 0. , 0. , 0. , 0.3]],

       [[0. , 0. , 0. , 0. , 0. , 0. , 0. , 0. , 0. ],
        [0. , 0. , 0. , 0. , 0. , 0. , 0. , 0. , 0. ],
        [0. , 0. , 0. , 0. , 0. , 0. , 0. , 0. , 0. ],
        [0. , 0. , 0. , 0. , 0. , 0. , 0. , 0. , 0. ],
        [0. , 0. , 0. , 0. , 0. , 0. , 0. , 0. , 0. ],
        [0. , 0. , 0. , 0. , 0. , 0. , 0. , 0. , 0. ],
        [0. , 0. , 0. , 0. , 0. , 0. , 0. , 0. , 0. ],
        [0. , 0. , 0. , 0. , 0. , 0. , 0. , 0. , 0. ],
        [0. , 0. , 0. , 0. , 0. , 0. , 0. , 0. , 0. ]]], dtype=float32),
                 move_feats=[array([0.5, 0.3, 0. , 0.4, 0.4, 0. ], dtype=float32),
                             array([0.3, 0.1, 0. , 0.4, 0.2, 0. ], dtype=float32),
                             array([0. , 0. , 0. , 0.4, 0. , 1. ], dtype=float32)],
                 pi=[0.24895833333333334,
                     0.49583333333333335,
                     0.2552083333333333],
                 z=-1.0),
 SelfPlayExample(state_tensor=array([[[1. , 0. , 1. , 1. , 1. , 1. , 1. , 0. , 1. ],
        [0. , 1. , 0. , 0. , 0. , 0. , 0. , 1. , 0. ],
        [1. , 0. , 1. , 0. , 0. , 0. , 1. , 0. , 1. ],
        [1. , 0. , 0. , 1. , 0. , 1. , 0. , 0. , 1. ],
        [1. , 0. , 0. , 0. , 1. , 0. , 0. , 0. , 1. ],
        [1. , 0. , 0. , 1. , 0. , 1. , 0. , 0. , 1. ],
        [1. , 0. , 1. , 0. , 0. , 0. , 1. , 0. , 1. ],
        [0. , 1. , 0. , 0. , 0. , 0. , 0. , 1. , 0. ],
        [1. , 0. , 1. , 1. , 1. , 1. , 1. , 0. , 1. ]],

       [[0. , 0. , 0. , 0. , 0. , 0. , 0. , 0. , 0. ],
        [0. , 0. , 0. , 0. , 0. , 0. , 0. , 0. , 0. ],
        [0. , 0. , 0. , 0. , 0. , 0. , 0. , 0. , 0. ],
        [0. , 0. , 0. , 0. , 0. , 0. , 0. , 0. , 0. ],
        [0. , 0. , 0. , 0. , 0. , 0. , 0. , 0. , 0. ],
        [0. , 0. , 0. , 0. , 0. , 0. , 0. , 0. , 0. ],
        [0. , 0. , 0. , 0. , 0. , 0. , 0. , 0. , 1. ],
        [0. , 0. , 0. , 0. , 0. , 0. , 0. , 1. , 0. ],
        [0. , 0. , 0. , 0. , 0. , 0. , 1. , 0. , 1. ]],

       [[0. , 0. , 0. , 0. , 0. , 0. , 0. , 0. , 0. ],
        [0. , 0. , 0. , 0. , 0. , 0. , 0. , 0. , 0. ],
        [0. , 0. , 0. , 0. , 0. , 0. , 0. , 0. , 0. ],
        [0. , 0. , 0. , 0. , 0. , 0. , 0. , 0. , 0. ],
        [0. , 0. , 0. , 0. , 0. , 0. , 0. , 0. , 0. ],
        [0. , 0. , 0. , 0. , 0. , 0. , 0. , 0. , 0. ],
        [1. , 0. , 0. , 0. , 0. , 0. , 0. , 0. , 0. ],
        [0. , 1. , 0. , 0. , 0. , 0. , 0. , 0. , 0. ],
        [1. , 0. , 0. , 0. , 0. , 0. , 0. , 0. , 0. ]],

       [[1. , 0. , 1. , 0. , 0. , 0. , 0. , 0. , 0. ],
        [0. , 1. , 0. , 0. , 0. , 0. , 0. , 0. , 0. ],
        [1. , 0. , 1. , 0. , 0. , 0. , 0. , 0. , 0. ],
        [1. , 0. , 0. , 0. , 0. , 0. , 0. , 0. , 0. ],
        [1. , 0. , 0. , 0. , 0. , 0. , 0. , 0. , 0. ],
        [1. , 0. , 0. , 0. , 0. , 0. , 0. , 0. , 0. ],
        [0. , 0. , 0. , 0. , 0. , 0. , 0. , 0. , 0. ],
        [0. , 0. , 0. , 0. , 0. , 0. , 0. , 0. , 0. ],
        [0. , 0. , 0. , 0. , 0. , 0. , 0. , 0. , 0. ]],

       [[0. , 0. , 0. , 0. , 0. , 0. , 0. , 0. , 1. ],
        [0. , 0. , 0. , 0. , 0. , 0. , 0. , 1. , 0. ],
        [0. , 0. , 0. , 0. , 0. , 0. , 0. , 0. , 1. ],
        [0. , 0. , 0. , 0. , 0. , 0. , 0. , 0. , 1. ],
        [0. , 0. , 0. , 0. , 0. , 0. , 0. , 0. , 1. ],
        [0. , 0. , 0. , 0. , 0. , 0. , 0. , 0. , 1. ],
        [0. , 0. , 0. , 0. , 0. , 0. , 0. , 0. , 0. ],
        [0. , 0. , 0. , 0. , 0. , 0. , 0. , 0. , 0. ],
        [0. , 0. , 0. , 0. , 0. , 0. , 0. , 0. , 0. ]],

       [[1. , 0. , 0. , 0. , 0. , 0. , 0. , 0. , 1. ],
        [0. , 0. , 0. , 0. , 0. , 0. , 0. , 0. , 0. ],
        [0. , 0. , 0. , 0. , 0. , 0. , 0. , 0. , 0. ],
        [0. , 0. , 0. , 0. , 0. , 0. , 0. , 0. , 0. ],
        [0. , 0. , 0. , 0. , 0. , 0. , 0. , 0. , 0. ],
        [0. , 0. , 0. , 0. , 0. , 0. , 0. , 0. , 0. ],
        [0. , 0. , 0. , 0. , 0. , 0. , 0. , 0. , 0. ],
        [0. , 0. , 0. , 0. , 0. , 0. , 0. , 0. , 0. ],
        [1. , 0. , 0. , 0. , 0. , 0. , 0. , 0. , 1. ]],

       [[2. , 0. , 0.4, 0.4, 0.4, 0.4, 0.4, 0. , 2. ],
        [0. , 0.4, 0. , 0. , 0. , 0. , 0. , 0.4, 0. ],
        [0.4, 0. , 0.4, 0. , 0. , 0. , 0.4, 0. , 0.4],
        [0.4, 0. , 0. , 0.4, 0. , 0.4, 0. , 0. , 0.4],
        [0.4, 0. , 0. , 0. , 3. , 0. , 0. , 0. , 0.4],
        [0.4, 0. , 0. , 0.4, 0. , 0.4, 0. , 0. , 0.4],
        [0.4, 0. , 0.4, 0. , 0. , 0. , 0.4, 0. , 0.4],
        [0. , 0.4, 0. , 0. , 0. , 0. , 0. , 0.4, 0. ],
        [2. , 0. , 0.4, 0.4, 0.4, 0.4, 0.4, 0. , 2. ]],

       [[0.7, 0. , 0.6, 0. , 0. , 0. , 0. , 0. , 0.5],
        [0. , 0.2, 0. , 0. , 0. , 0. , 0. , 0.8, 0. ],
        [0. , 0. , 0.1, 0. , 0. , 0. , 0. , 0. , 0. ],
        [0. , 0. , 0. , 0. , 0. , 0. , 0. , 0. , 0.2],
        [0. , 0. , 0. , 0. , 0.3, 0. , 0. , 0. , 0.2],
        [0. , 0. , 0. , 0. , 0. , 0. , 0. , 0. , 0.2],
        [0.2, 0. , 0. , 0. , 0. , 0. , 0. , 0. , 0. ],
        [0. , 0.6, 0. , 0. , 0. , 0. , 0. , 0.3, 0. ],
        [0.5, 0. , 0. , 0. , 0. , 0. , 0.3, 0. , 0.5]],

       [[0.4, 0. , 0.3, 0. , 0. , 0. , 0. , 0. , 0.3],
        [0. , 0.2, 0. , 0. , 0. , 0. , 0. , 0.4, 0. ],
        [0. , 0. , 0. , 0. , 0. , 0. , 0. , 0. , 0. ],
        [0. , 0. , 0. , 0. , 0. , 0. , 0. , 0. , 0. ],
        [0. , 0. , 0. , 0. , 0.3, 0. , 0. , 0. , 0. ],
        [0. , 0. , 0. , 0. , 0. , 0. , 0. , 0. , 0. ],
        [0.2, 0. , 0. , 0. , 0. , 0. , 0. , 0. , 0. ],
        [0. , 0.3, 0. , 0. , 0. , 0. , 0. , 0.3, 0. ],
        [0.2, 0. , 0. , 0. , 0. , 0. , 0. , 0. , 0.2]],

       [[0.2, 0. , 0.1, 0. , 0. , 0. , 0. , 0. , 0. ],
        [0. , 0. , 0. , 0. , 0. , 0. , 0. , 0.4, 0. ],
        [0. , 0. , 0. , 0. , 0. , 0. , 0. , 0. , 0. ],
        [0. , 0. , 0. , 0. , 0. , 0. , 0. , 0. , 0. ],
        [0. , 0. , 0. , 0. , 0. , 0. , 0. , 0. , 0. ],
        [0. , 0. , 0. , 0. , 0. , 0. , 0. , 0. , 0. ],
        [0. , 0. , 0. , 0. , 0. , 0. , 0. , 0. , 0. ],
        [0. , 0.3, 0. , 0. , 0. , 0. , 0. , 0. , 0. ],
        [0.2, 0. , 0. , 0. , 0. , 0. , 0. , 0. , 0.2]],

       [[0. , 0. , 0.2, 0. , 0. , 0. , 0. , 0. , 0.1],
        [0. , 0. , 0. , 0. , 0. , 0. , 0. , 0. , 0. ],
        [0. , 0. , 0.1, 0. , 0. , 0. , 0. , 0. , 0. ],
        [0. , 0. , 0. , 0. , 0. , 0. , 0. , 0. , 0.2],
        [0. , 0. , 0. , 0. , 0. , 0. , 0. , 0. , 0.2],
        [0. , 0. , 0. , 0. , 0. , 0. , 0. , 0. , 0.2],
        [0. , 0. , 0. , 0. , 0. , 0. , 0. , 0. , 0. ],
        [0. , 0. , 0. , 0. , 0. , 0. , 0. , 0. , 0. ],
        [0. , 0. , 0. , 0. , 0. , 0. , 0.3, 0. , 0. ]],

       [[0. , 0. , 0. , 0. , 0. , 0. , 0. , 0. , 0. ],
        [0. , 0. , 0. , 0. , 0. , 0. , 0. , 0. , 0. ],
        [0. , 0. , 0. , 0. , 0. , 0. , 0. , 0. , 0. ],
        [0. , 0. , 0. , 0. , 0. , 0. , 0. , 0. , 0. ],
        [0. , 0. , 0. , 0. , 0. , 0. , 0. , 0. , 0. ],
        [0. , 0. , 0. , 0. , 0. , 0. , 0. , 0. , 0. ],
        [0. , 0. , 0. , 0. , 0. , 0. , 0. , 0. , 0. ],
        [0. , 0. , 0. , 0. , 0. , 0. , 0. , 0. , 0. ],
        [0. , 0. , 0. , 0. , 0. , 0. , 0. , 0. , 0. ]]], dtype=float32),
                 move_feats=[array([0.9, 0.3, 0. , 0.4, 0.2, 0. ], dtype=float32),
                             array([0. , 0. , 0. , 0.4, 0. , 1. ], dtype=float32)],
                 pi=[0.5957219251336898, 0.4042780748663102],
                 z=-1.0),
 SelfPlayExample(state_tensor=array([[[1. , 0. , 1. , 1. , 1. , 1. , 1. , 0. , 1. ],
        [0. , 1. , 0. , 0. , 0. , 0. , 0. , 1. , 0. ],
        [1. , 0. , 1. , 0. , 0. , 0. , 1. , 0. , 1. ],
        [1. , 0. , 0. , 1. , 0. , 1. , 0. , 0. , 1. ],
        [1. , 0. , 0. , 0. , 1. , 0. , 0. , 0. , 1. ],
        [1. , 0. , 0. , 1. , 0. , 1. , 0. , 0. , 1. ],
        [1. , 0. , 1. , 0. , 0. , 0. , 1. , 0. , 1. ],
        [0. , 1. , 0. , 0. , 0. , 0. , 0. , 1. , 0. ],
        [1. , 0. , 1. , 1. , 1. , 1. , 1. , 0. , 1. ]],

       [[0. , 0. , 0. , 0. , 0. , 0. , 0. , 0. , 0. ],
        [0. , 0. , 0. , 0. , 0. , 0. , 0. , 0. , 0. ],
        [0. , 0. , 0. , 0. , 0. , 0. , 0. , 0. , 0. ],
        [0. , 0. , 0. , 0. , 0. , 0. , 0. , 0. , 0. ],
        [0. , 0. , 0. , 0. , 0. , 0. , 0. , 0. , 0. ],
        [0. , 0. , 0. , 0. , 0. , 0. , 0. , 0. , 0. ],
        [0. , 0. , 0. , 0. , 0. , 0. , 1. , 0. , 1. ],
        [0. , 0. , 0. , 0. , 0. , 0. , 0. , 1. , 0. ],
        [0. , 0. , 0. , 1. , 1. , 1. , 1. , 0. , 1. ]],

       [[0. , 0. , 0. , 0. , 0. , 0. , 0. , 0. , 0. ],
        [0. , 0. , 0. , 0. , 0. , 0. , 0. , 0. , 0. ],
        [0. , 0. , 0. , 0. , 0. , 0. , 0. , 0. , 0. ],
        [1. , 0. , 0. , 0. , 0. , 0. , 0. , 0. , 0. ],
        [1. , 0. , 0. , 0. , 0. , 0. , 0. , 0. , 0. ],
        [1. , 0. , 0. , 0. , 0. , 0. , 0. , 0. , 0. ],
        [1. , 0. , 1. , 0. , 0. , 0. , 0. , 0. , 0. ],
        [0. , 1. , 0. , 0. , 0. , 0. , 0. , 0. , 0. ],
        [1. , 0. , 1. , 0. , 0. , 0. , 0. , 0. , 0. ]],

       [[1. , 0. , 1. , 0. , 0. , 0. , 0. , 0. , 0. ],
        [0. , 1. , 0. , 0. , 0. , 0. , 0. , 0. , 0. ],
        [1. , 0. , 1. , 0. , 0. , 0. , 0. , 0. , 0. ],
        [0. , 0. , 0. , 1. , 0. , 0. , 0. , 0. , 0. ],
        [0. , 0. , 0. , 0. , 0. , 0. , 0. , 0. , 0. ],
        [0. , 0. , 0. , 0. , 0. , 0. , 0. , 0. , 0. ],
        [0. , 0. , 0. , 0. , 0. , 0. , 0. , 0. , 0. ],
        [0. , 0. , 0. , 0. , 0. , 0. , 0. , 0. , 0. ],
        [0. , 0. , 0. , 0. , 0. , 0. , 0. , 0. , 0. ]],

       [[0. , 0. , 0. , 0. , 0. , 0. , 0. , 0. , 1. ],
        [0. , 0. , 0. , 0. , 0. , 0. , 0. , 1. , 0. ],
        [0. , 0. , 0. , 0. , 0. , 0. , 0. , 0. , 1. ],
        [0. , 0. , 0. , 0. , 0. , 0. , 0. , 0. , 1. ],
        [0. , 0. , 0. , 0. , 0. , 0. , 0. , 0. , 1. ],
        [0. , 0. , 0. , 0. , 0. , 0. , 0. , 0. , 1. ],
        [0. , 0. , 0. , 0. , 0. , 0. , 0. , 0. , 0. ],
        [0. , 0. , 0. , 0. , 0. , 0. , 0. , 0. , 0. ],
        [0. , 0. , 0. , 0. , 0. , 0. , 0. , 0. , 0. ]],

       [[1. , 0. , 0. , 0. , 0. , 0. , 0. , 0. , 1. ],
        [0. , 0. , 0. , 0. , 0. , 0. , 0. , 0. , 0. ],
        [0. , 0. , 0. , 0. , 0. , 0. , 0. , 0. , 0. ],
        [0. , 0. , 0. , 0. , 0. , 0. , 0. , 0. , 0. ],
        [0. , 0. , 0. , 0. , 0. , 0. , 0. , 0. , 0. ],
        [0. , 0. , 0. , 0. , 0. , 0. , 0. , 0. , 0. ],
        [0. , 0. , 0. , 0. , 0. , 0. , 0. , 0. , 0. ],
        [0. , 0. , 0. , 0. , 0. , 0. , 0. , 0. , 0. ],
        [1. , 0. , 0. , 0. , 0. , 0. , 0. , 0. , 1. ]],

       [[2. , 0. , 0.4, 0.4, 0.4, 0.4, 0.4, 0. , 2. ],
        [0. , 0.4, 0. , 0. , 0. , 0. , 0. , 0.4, 0. ],
        [0.4, 0. , 0.4, 0. , 0. , 0. , 0.4, 0. , 0.4],
        [0.4, 0. , 0. , 0.4, 0. , 0.4, 0. , 0. , 0.4],
        [0.4, 0. , 0. , 0. , 3. , 0. , 0. , 0. , 0.4],
        [0.4, 0. , 0. , 0.4, 0. , 0.4, 0. , 0. , 0.4],
        [0.4, 0. , 0.4, 0. , 0. , 0. , 0.4, 0. , 0.4],
        [0. , 0.4, 0. , 0. , 0. , 0. , 0. , 0.4, 0. ],
        [2. , 0. , 0.4, 0.4, 0.4, 0.4, 0.4, 0. , 2. ]],

       [[0.7, 0. , 0.6, 0. , 0. , 0. , 0. , 0. , 0.5],
        [0. , 0.6, 0. , 0. , 0. , 0. , 0. , 1.2, 0. ],
        [0.2, 0. , 0. , 0. , 0. , 0. , 0. , 0. , 0. ],
        [0.2, 0. , 0. , 0.1, 0. , 0. , 0. , 0. , 0.2],
        [0.2, 0. , 0. , 0. , 0.3, 0. , 0. , 0. , 0.2],
        [0.2, 0. , 0. , 0. , 0. , 0. , 0. , 0. , 0.2],
        [0. , 0. , 0.3, 0. , 0. , 0. , 0.3, 0. , 0. ],
        [0. , 0.4, 0. , 0. , 0. , 0. , 0. , 0.4, 0. ],
        [0.4, 0. , 0.3, 0.3, 0.3, 0.3, 0. , 0. , 0.5]],

       [[0.5, 0. , 0.3, 0. , 0. , 0. , 0. , 0. , 0.1],
        [0. , 0.4, 0. , 0. , 0. , 0. , 0. , 0.7, 0. ],
        [0.2, 0. , 0. , 0. , 0. , 0. , 0. , 0. , 0. ],
        [0.2, 0. , 0. , 0. , 0. , 0. , 0. , 0. , 0. ],
        [0.2, 0. , 0. , 0. , 0.3, 0. , 0. , 0. , 0. ],
        [0.2, 0. , 0. , 0. , 0. , 0. , 0. , 0. , 0. ],
        [0. , 0. , 0.3, 0. , 0. , 0. , 0.3, 0. , 0. ],
        [0. , 0.2, 0. , 0. , 0. , 0. , 0. , 0.2, 0. ],
        [0. , 0. , 0. , 0. , 0. , 0. , 0. , 0. , 0.1]],

       [[0. , 0. , 0.1, 0. , 0. , 0. , 0. , 0. , 0.2],
        [0. , 0.2, 0. , 0. , 0. , 0. , 0. , 0.4, 0. ],
        [0. , 0. , 0. , 0. , 0. , 0. , 0. , 0. , 0. ],
        [0. , 0. , 0. , 0. , 0. , 0. , 0. , 0. , 0. ],
        [0. , 0. , 0. , 0. , 0. , 0. , 0. , 0. , 0. ],
        [0. , 0. , 0. , 0. , 0. , 0. , 0. , 0. , 0. ],
        [0. , 0. , 0. , 0. , 0. , 0. , 0. , 0. , 0. ],
        [0. , 0.2, 0. , 0. , 0. , 0. , 0. , 0.2, 0. ],
        [0.1, 0. , 0.3, 0. , 0. , 0. , 0. , 0. , 0. ]],

       [[0.1, 0. , 0.2, 0. , 0. , 0. , 0. , 0. , 0.1],
        [0. , 0. , 0. , 0. , 0. , 0. , 0. , 0.1, 0. ],
        [0. , 0. , 0. , 0. , 0. , 0. , 0. , 0. , 0. ],
        [0. , 0. , 0. , 0.1, 0. , 0. , 0. , 0. , 0.2],
        [0. , 0. , 0. , 0. , 0. , 0. , 0. , 0. , 0.2],
        [0. , 0. , 0. , 0. , 0. , 0. , 0. , 0. , 0.2],
        [0. , 0. , 0. , 0. , 0. , 0. , 0. , 0. , 0. ],
        [0. , 0. , 0. , 0. , 0. , 0. , 0. , 0. , 0. ],
        [0.2, 0. , 0. , 0.3, 0.3, 0.3, 0. , 0. , 0.3]],

       [[0. , 0. , 0. , 0. , 0. , 0. , 0. , 0. , 0. ],
        [0. , 0. , 0. , 0. , 0. , 0. , 0. , 0. , 0. ],
        [0. , 0. , 0. , 0. , 0. , 0. , 0. , 0. , 0. ],
        [0. , 0. , 0. , 0. , 0. , 0. , 0. , 0. , 0. ],
        [0. , 0. , 0. , 0. , 0. , 0. , 0. , 0. , 0. ],
        [0. , 0. , 0. , 0. , 0. , 0. , 0. , 0. , 0. ],
        [0. , 0. , 0. , 0. , 0. , 0. , 0. , 0. , 0. ],
        [0. , 0. , 0. , 0. , 0. , 0. , 0. , 0. , 0. ],
        [0. , 0. , 0. , 0. , 0. , 0. , 0. , 0. , 0. ]]], dtype=float32),
                 move_feats=[array([0.9, 0.3, 0. , 0.4, 0.2, 0. ], dtype=float32),
                             array([0. , 0. , 0. , 0.4, 0. , 1. ], dtype=float32)],
                 pi=[0.43314285714285716, 0.5668571428571428],
                 z=-1.0),
 SelfPlayExample(state_tensor=array([[[1. , 0. , 1. , 1. , 1. , 1. , 1. , 0. , 1. ],
        [0. , 1. , 0. , 0. , 0. , 0. , 0. , 1. , 0. ],
        [1. , 0. , 1. , 0. , 0. , 0. , 1. , 0. , 1. ],
        [1. , 0. , 0. , 1. , 0. , 1. , 0. , 0. , 1. ],
        [1. , 0. , 0. , 0. , 1. , 0. , 0. , 0. , 1. ],
        [1. , 0. , 0. , 1. , 0. , 1. , 0. , 0. , 1. ],
        [1. , 0. , 1. , 0. , 0. , 0. , 1. , 0. , 1. ],
        [0. , 1. , 0. , 0. , 0. , 0. , 0. , 1. , 0. ],
        [1. , 0. , 1. , 1. , 1. , 1. , 1. , 0. , 1. ]],

       [[0. , 0. , 0. , 0. , 0. , 0. , 0. , 0. , 0. ],
        [0. , 0. , 0. , 0. , 0. , 0. , 0. , 0. , 0. ],
        [0. , 0. , 0. , 0. , 0. , 0. , 0. , 0. , 0. ],
        [0. , 0. , 0. , 0. , 0. , 0. , 0. , 0. , 0. ],
        [0. , 0. , 0. , 0. , 0. , 0. , 0. , 0. , 0. ],
        [0. , 0. , 0. , 0. , 0. , 1. , 0. , 0. , 0. ],
        [0. , 0. , 0. , 0. , 0. , 0. , 1. , 0. , 1. ],
        [0. , 0. , 0. , 0. , 0. , 0. , 0. , 1. , 0. ],
        [0. , 0. , 0. , 1. , 1. , 1. , 1. , 0. , 1. ]],

       [[0. , 0. , 0. , 0. , 0. , 0. , 0. , 0. , 0. ],
        [0. , 0. , 0. , 0. , 0. , 0. , 0. , 0. , 0. ],
        [0. , 0. , 0. , 0. , 0. , 0. , 0. , 0. , 0. ],
        [1. , 0. , 0. , 0. , 0. , 0. , 0. , 0. , 0. ],
        [1. , 0. , 0. , 0. , 0. , 0. , 0. , 0. , 0. ],
        [1. , 0. , 0. , 1. , 0. , 0. , 0. , 0. , 0. ],
        [1. , 0. , 1. , 0. , 0. , 0. , 0. , 0. , 0. ],
        [0. , 1. , 0. , 0. , 0. , 0. , 0. , 0. , 0. ],
        [1. , 0. , 1. , 0. , 0. , 0. , 0. , 0. , 0. ]],

       [[1. , 0. , 1. , 0. , 0. , 0. , 0. , 0. , 0. ],
        [0. , 1. , 0. , 0. , 0. , 0. , 0. , 0. , 0. ],
        [1. , 0. , 1. , 0. , 0. , 0. , 0. , 0. , 0. ],
        [0. , 0. , 0. , 1. , 0. , 0. , 0. , 0. , 0. ],
        [0. , 0. , 0. , 0. , 0. , 0. , 0. , 0. , 0. ],
        [0. , 0. , 0. , 0. , 0. , 0. , 0. , 0. , 0. ],
        [0. , 0. , 0. , 0. , 0. , 0. , 0. , 0. , 0. ],
        [0. , 0. , 0. , 0. , 0. , 0. , 0. , 0. , 0. ],
        [0. , 0. , 0. , 0. , 0. , 0. , 0. , 0. , 0. ]],

       [[0. , 0. , 0. , 0. , 0. , 0. , 0. , 0. , 1. ],
        [0. , 0. , 0. , 0. , 0. , 0. , 0. , 1. , 0. ],
        [0. , 0. , 0. , 0. , 0. , 0. , 0. , 0. , 1. ],
        [0. , 0. , 0. , 0. , 0. , 0. , 0. , 0. , 1. ],
        [0. , 0. , 0. , 0. , 0. , 0. , 0. , 0. , 1. ],
        [0. , 0. , 0. , 0. , 0. , 0. , 0. , 0. , 1. ],
        [0. , 0. , 0. , 0. , 0. , 0. , 0. , 0. , 0. ],
        [0. , 0. , 0. , 0. , 0. , 0. , 0. , 0. , 0. ],
        [0. , 0. , 0. , 0. , 0. , 0. , 0. , 0. , 0. ]],

       [[1. , 0. , 0. , 0. , 0. , 0. , 0. , 0. , 1. ],
        [0. , 0. , 0. , 0. , 0. , 0. , 0. , 0. , 0. ],
        [0. , 0. , 0. , 0. , 0. , 0. , 0. , 0. , 0. ],
        [0. , 0. , 0. , 0. , 0. , 0. , 0. , 0. , 0. ],
        [0. , 0. , 0. , 0. , 0. , 0. , 0. , 0. , 0. ],
        [0. , 0. , 0. , 0. , 0. , 0. , 0. , 0. , 0. ],
        [0. , 0. , 0. , 0. , 0. , 0. , 0. , 0. , 0. ],
        [0. , 0. , 0. , 0. , 0. , 0. , 0. , 0. , 0. ],
        [1. , 0. , 0. , 0. , 0. , 0. , 0. , 0. , 1. ]],

       [[2. , 0. , 0.4, 0.4, 0.4, 0.4, 0.4, 0. , 2. ],
        [0. , 0.4, 0. , 0. , 0. , 0. , 0. , 0.4, 0. ],
        [0.4, 0. , 0.4, 0. , 0. , 0. , 0.4, 0. , 0.4],
        [0.4, 0. , 0. , 0.4, 0. , 0.4, 0. , 0. , 0.4],
        [0.4, 0. , 0. , 0. , 3. , 0. , 0. , 0. , 0.4],
        [0.4, 0. , 0. , 0.4, 0. , 0.4, 0. , 0. , 0.4],
        [0.4, 0. , 0.4, 0. , 0. , 0. , 0.4, 0. , 0.4],
        [0. , 0.4, 0. , 0. , 0. , 0. , 0. , 0.4, 0. ],
        [2. , 0. , 0.4, 0.4, 0.4, 0.4, 0.4, 0. , 2. ]],

       [[0.7, 0. , 0.7, 0. , 0. , 0. , 0. , 0. , 0.5],
        [0. , 0.5, 0. , 0. , 0. , 0. , 0. , 1.6, 0. ],
        [0.5, 0. , 0. , 0. , 0. , 0. , 0. , 0. , 0. ],
        [0. , 0. , 0. , 0. , 0. , 0. , 0. , 0. , 0. ],
        [0. , 0. , 0. , 0. , 0.3, 0. , 0. , 0. , 0. ],
        [0. , 0. , 0. , 0.3, 0. , 0.3, 0. , 0. , 0. ],
        [0. , 0. , 0. , 0. , 0. , 0. , 0. , 0. , 0.7],
        [0. , 0.1, 0. , 0. , 0. , 0. , 0. , 0.1, 0. ],
        [0.5, 0. , 0.7, 0.3, 0.3, 0.3, 0. , 0. , 0.5]],

       [[0.5, 0. , 0.3, 0. , 0. , 0. , 0. , 0. , 0.2],
        [0. , 0.5, 0. , 0. , 0. , 0. , 0. , 0.8, 0. ],
        [0.3, 0. , 0. , 0. , 0. , 0. , 0. , 0. , 0. ],
        [0. , 0. , 0. , 0. , 0. , 0. , 0. , 0. , 0. ],
        [0. , 0. , 0. , 0. , 0.3, 0. , 0. , 0. , 0. ],
        [0. , 0. , 0. , 0.3, 0. , 0.3, 0. , 0. , 0. ],
        [0. , 0. , 0. , 0. , 0. , 0. , 0. , 0. , 0.2],
        [0. , 0. , 0. , 0. , 0. , 0. , 0. , 0.1, 0. ],
        [0. , 0. , 0.2, 0. , 0. , 0. , 0. , 0. , 0. ]],

       [[0. , 0. , 0.1, 0. , 0. , 0. , 0. , 0. , 0. ],
        [0. , 0. , 0. , 0. , 0. , 0. , 0. , 0.6, 0. ],
        [0.2, 0. , 0. , 0. , 0. , 0. , 0. , 0. , 0. ],
        [0. , 0. , 0. , 0. , 0. , 0. , 0. , 0. , 0. ],
        [0. , 0. , 0. , 0. , 0. , 0. , 0. , 0. , 0. ],
        [0. , 0. , 0. , 0. , 0. , 0. , 0. , 0. , 0. ],
        [0. , 0. , 0. , 0. , 0. , 0. , 0. , 0. , 0.2],
        [0. , 0.1, 0. , 0. , 0. , 0. , 0. , 0. , 0. ],
        [0. , 0. , 0.3, 0. , 0. , 0. , 0. , 0. , 0. ]],

       [[0.1, 0. , 0.3, 0. , 0. , 0. , 0. , 0. , 0.2],
        [0. , 0. , 0. , 0. , 0. , 0. , 0. , 0.2, 0. ],
        [0. , 0. , 0. , 0. , 0. , 0. , 0. , 0. , 0. ],
        [0. , 0. , 0. , 0. , 0. , 0. , 0. , 0. , 0. ],
        [0. , 0. , 0. , 0. , 0. , 0. , 0. , 0. , 0. ],
        [0. , 0. , 0. , 0. , 0. , 0. , 0. , 0. , 0. ],
        [0. , 0. , 0. , 0. , 0. , 0. , 0. , 0. , 0.3],
        [0. , 0. , 0. , 0. , 0. , 0. , 0. , 0. , 0. ],
        [0.4, 0. , 0.2, 0.3, 0.3, 0.3, 0. , 0. , 0.4]],

       [[0. , 0. , 0. , 0. , 0. , 0. , 0. , 0. , 0. ],
        [0. , 0. , 0. , 0. , 0. , 0. , 0. , 0. , 0. ],
        [0. , 0. , 0. , 0. , 0. , 0. , 0. , 0. , 0. ],
        [0. , 0. , 0. , 0. , 0. , 0. , 0. , 0. , 0. ],
        [0. , 0. , 0. , 0. , 0. , 0. , 0. , 0. , 0. ],
        [0. , 0. , 0. , 0. , 0. , 0. , 0. , 0. , 0. ],
        [0. , 0. , 0. , 0. , 0. , 0. , 0. , 0. , 0. ],
        [0. , 0. , 0. , 0. , 0. , 0. , 0. , 0. , 0. ],
        [0. , 0. , 0. , 0. , 0. , 0. , 0. , 0. , 0. ]]], dtype=float32),
                 move_feats=[array([0.3, 0.3, 0. , 3. , 0.2, 0. ], dtype=float32),
                             array([0., 0., 0., 3., 0., 1.], dtype=float32)],
                 pi=[0.4977924944812362, 0.5022075055187638],
                 z=-1.0),
 SelfPlayExample(state_tensor=array([[[1. , 0. , 1. , 1. , 1. , 1. , 1. , 0. , 1. ],
        [0. , 1. , 0. , 0. , 0. , 0. , 0. , 1. , 0. ],
        [1. , 0. , 1. , 0. , 0. , 0. , 1. , 0. , 1. ],
        [1. , 0. , 0. , 1. , 0. , 1. , 0. , 0. , 1. ],
        [1. , 0. , 0. , 0. , 1. , 0. , 0. , 0. , 1. ],
        [1. , 0. , 0. , 1. , 0. , 1. , 0. , 0. , 1. ],
        [1. , 0. , 1. , 0. , 0. , 0. , 1. , 0. , 1. ],
        [0. , 1. , 0. , 0. , 0. , 0. , 0. , 1. , 0. ],
        [1. , 0. , 1. , 1. , 1. , 1. , 1. , 0. , 1. ]],

       [[0. , 0. , 0. , 0. , 0. , 0. , 0. , 0. , 0. ],
        [0. , 0. , 0. , 0. , 0. , 0. , 0. , 0. , 0. ],
        [0. , 0. , 0. , 0. , 0. , 0. , 0. , 0. , 0. ],
        [0. , 0. , 0. , 0. , 0. , 0. , 0. , 0. , 0. ],
        [0. , 0. , 0. , 0. , 0. , 0. , 0. , 0. , 0. ],
        [0. , 0. , 0. , 0. , 0. , 1. , 0. , 0. , 0. ],
        [0. , 0. , 0. , 0. , 0. , 0. , 1. , 0. , 1. ],
        [0. , 0. , 0. , 0. , 0. , 0. , 0. , 1. , 0. ],
        [0. , 0. , 0. , 0. , 0. , 0. , 1. , 0. , 1. ]],

       [[0. , 0. , 0. , 0. , 0. , 0. , 0. , 0. , 0. ],
        [0. , 0. , 0. , 0. , 0. , 0. , 0. , 0. , 0. ],
        [0. , 0. , 0. , 0. , 0. , 0. , 0. , 0. , 0. ],
        [1. , 0. , 0. , 0. , 0. , 0. , 0. , 0. , 0. ],
        [1. , 0. , 0. , 0. , 0. , 0. , 0. , 0. , 0. ],
        [1. , 0. , 0. , 1. , 0. , 0. , 0. , 0. , 0. ],
        [1. , 0. , 1. , 0. , 0. , 0. , 0. , 0. , 0. ],
        [0. , 1. , 0. , 0. , 0. , 0. , 0. , 0. , 0. ],
        [1. , 0. , 1. , 1. , 1. , 1. , 0. , 0. , 0. ]],

       [[1. , 0. , 1. , 1. , 1. , 1. , 0. , 0. , 0. ],
        [0. , 1. , 0. , 0. , 0. , 0. , 0. , 0. , 0. ],
        [1. , 0. , 1. , 0. , 0. , 0. , 0. , 0. , 0. ],
        [0. , 0. , 0. , 1. , 0. , 0. , 0. , 0. , 0. ],
        [0. , 0. , 0. , 0. , 0. , 0. , 0. , 0. , 0. ],
        [0. , 0. , 0. , 0. , 0. , 0. , 0. , 0. , 0. ],
        [0. , 0. , 0. , 0. , 0. , 0. , 0. , 0. , 0. ],
        [0. , 0. , 0. , 0. , 0. , 0. , 0. , 0. , 0. ],
        [0. , 0. , 0. , 0. , 0. , 0. , 0. , 0. , 0. ]],

       [[0. , 0. , 0. , 0. , 0. , 0. , 1. , 0. , 1. ],
        [0. , 0. , 0. , 0. , 0. , 0. , 0. , 1. , 0. ],
        [0. , 0. , 0. , 0. , 0. , 0. , 0. , 0. , 1. ],
        [0. , 0. , 0. , 0. , 0. , 0. , 0. , 0. , 1. ],
        [0. , 0. , 0. , 0. , 0. , 0. , 0. , 0. , 1. ],
        [0. , 0. , 0. , 0. , 0. , 0. , 0. , 0. , 1. ],
        [0. , 0. , 0. , 0. , 0. , 0. , 0. , 0. , 0. ],
        [0. , 0. , 0. , 0. , 0. , 0. , 0. , 0. , 0. ],
        [0. , 0. , 0. , 0. , 0. , 0. , 0. , 0. , 0. ]],

       [[1. , 0. , 0. , 0. , 0. , 0. , 0. , 0. , 1. ],
        [0. , 0. , 0. , 0. , 0. , 0. , 0. , 0. , 0. ],
        [0. , 0. , 0. , 0. , 0. , 0. , 0. , 0. , 0. ],
        [0. , 0. , 0. , 0. , 0. , 0. , 0. , 0. , 0. ],
        [0. , 0. , 0. , 0. , 0. , 0. , 0. , 0. , 0. ],
        [0. , 0. , 0. , 0. , 0. , 0. , 0. , 0. , 0. ],
        [0. , 0. , 0. , 0. , 0. , 0. , 0. , 0. , 0. ],
        [0. , 0. , 0. , 0. , 0. , 0. , 0. , 0. , 0. ],
        [1. , 0. , 0. , 0. , 0. , 0. , 0. , 0. , 1. ]],

       [[2. , 0. , 0.4, 0.4, 0.4, 0.4, 0.4, 0. , 2. ],
        [0. , 0.4, 0. , 0. , 0. , 0. , 0. , 0.4, 0. ],
        [0.4, 0. , 0.4, 0. , 0. , 0. , 0.4, 0. , 0.4],
        [0.4, 0. , 0. , 0.4, 0. , 0.4, 0. , 0. , 0.4],
        [0.4, 0. , 0. , 0. , 3. , 0. , 0. , 0. , 0.4],
        [0.4, 0. , 0. , 0.4, 0. , 0.4, 0. , 0. , 0.4],
        [0.4, 0. , 0.4, 0. , 0. , 0. , 0.4, 0. , 0.4],
        [0. , 0.4, 0. , 0. , 0. , 0. , 0. , 0.4, 0. ],
        [2. , 0. , 0.4, 0.4, 0.4, 0.4, 0.4, 0. , 2. ]],

       [[0.7, 0. , 0. , 0.7, 0.7, 0.7, 0.2, 0. , 0.5],
        [0. , 0.5, 0. , 0. , 0. , 0. , 0. , 1.8, 0. ],
        [1.1, 0. , 0. , 0. , 0. , 0. , 0. , 0. , 0. ],
        [0. , 0. , 0. , 0. , 0. , 0. , 0. , 0. , 0. ],
        [0. , 0. , 0. , 0. , 0.3, 0. , 0. , 0. , 0. ],
        [0. , 0. , 0. , 0.3, 0. , 0.3, 0. , 0. , 0. ],
        [0.5, 0. , 0. , 0. , 0. , 0. , 0. , 0. , 1.2],
        [0. , 0. , 0. , 0. , 0. , 0. , 0. , 0. , 0. ],
        [0.7, 0. , 0. , 0.5, 0.5, 0.5, 0. , 0. , 0.7]],

       [[0.4, 0. , 0. , 0.3, 0.3, 0.3, 0. , 0. , 0.2],
        [0. , 0.5, 0. , 0. , 0. , 0. , 0. , 1. , 0. ],
        [0.8, 0. , 0. , 0. , 0. , 0. , 0. , 0. , 0. ],
        [0. , 0. , 0. , 0. , 0. , 0. , 0. , 0. , 0. ],
        [0. , 0. , 0. , 0. , 0.3, 0. , 0. , 0. , 0. ],
        [0. , 0. , 0. , 0.3, 0. , 0.3, 0. , 0. , 0. ],
        [0. , 0. , 0. , 0. , 0. , 0. , 0. , 0. , 0.3],
        [0. , 0. , 0. , 0. , 0. , 0. , 0. , 0. , 0. ],
        [0.3, 0. , 0. , 0. , 0. , 0. , 0. , 0. , 0.4]],

       [[0.2, 0. , 0. , 0.1, 0.1, 0.1, 0. , 0. , 0. ],
        [0. , 0. , 0. , 0. , 0. , 0. , 0. , 0.6, 0. ],
        [0.2, 0. , 0. , 0. , 0. , 0. , 0. , 0. , 0. ],
        [0. , 0. , 0. , 0. , 0. , 0. , 0. , 0. , 0. ],
        [0. , 0. , 0. , 0. , 0. , 0. , 0. , 0. , 0. ],
        [0. , 0. , 0. , 0. , 0. , 0. , 0. , 0. , 0. ],
        [0.1, 0. , 0. , 0. , 0. , 0. , 0. , 0. , 0.2],
        [0. , 0. , 0. , 0. , 0. , 0. , 0. , 0. , 0. ],
        [0. , 0. , 0. , 0.3, 0.3, 0.3, 0. , 0. , 0. ]],

       [[0. , 0. , 0. , 0.3, 0.3, 0.3, 0.2, 0. , 0.2],
        [0. , 0. , 0. , 0. , 0. , 0. , 0. , 0.2, 0. ],
        [0.1, 0. , 0. , 0. , 0. , 0. , 0. , 0. , 0. ],
        [0. , 0. , 0. , 0. , 0. , 0. , 0. , 0. , 0. ],
        [0. , 0. , 0. , 0. , 0. , 0. , 0. , 0. , 0. ],
        [0. , 0. , 0. , 0. , 0. , 0. , 0. , 0. , 0. ],
        [0.4, 0. , 0. , 0. , 0. , 0. , 0. , 0. , 0.7],
        [0. , 0. , 0. , 0. , 0. , 0. , 0. , 0. , 0. ],
        [0.3, 0. , 0. , 0.2, 0.2, 0.2, 0. , 0. , 0.2]],

       [[0. , 0. , 0. , 0. , 0. , 0. , 0. , 0. , 0. ],
        [0. , 0. , 0. , 0. , 0. , 0. , 0. , 0. , 0. ],
        [0. , 0. , 0. , 0. , 0. , 0. , 0. , 0. , 0. ],
        [0. , 0. , 0. , 0. , 0. , 0. , 0. , 0. , 0. ],
        [0. , 0. , 0. , 0. , 0. , 0. , 0. , 0. , 0. ],
        [0. , 0. , 0. , 0. , 0. , 0. , 0. , 0. , 0. ],
        [0. , 0. , 0. , 0. , 0. , 0. , 0. , 0. , 0. ],
        [0. , 0. , 0. , 0. , 0. , 0. , 0. , 0. , 0. ],
        [0. , 0. , 0. , 0. , 0. , 0. , 0. , 0. , 0. ]]], dtype=float32),
                 move_feats=[array([0.3, 0.3, 0. , 3. , 0.2, 0. ], dtype=float32),
                             array([0., 0., 0., 3., 0., 1.], dtype=float32)],
                 pi=[0.5255591054313099, 0.4744408945686901],
                 z=-1.0),
 SelfPlayExample(state_tensor=array([[[1. , 0. , 1. , 1. , 1. , 1. , 1. , 0. , 1. ],
        [0. , 1. , 0. , 0. , 0. , 0. , 0. , 1. , 0. ],
        [1. , 0. , 1. , 0. , 0. , 0. , 1. , 0. , 1. ],
        [1. , 0. , 0. , 1. , 0. , 1. , 0. , 0. , 1. ],
        [1. , 0. , 0. , 0. , 1. , 0. , 0. , 0. , 1. ],
        [1. , 0. , 0. , 1. , 0. , 1. , 0. , 0. , 1. ],
        [1. , 0. , 1. , 0. , 0. , 0. , 1. , 0. , 1. ],
        [0. , 1. , 0. , 0. , 0. , 0. , 0. , 1. , 0. ],
        [1. , 0. , 1. , 1. , 1. , 1. , 1. , 0. , 1. ]],

       [[0. , 0. , 0. , 0. , 0. , 0. , 0. , 0. , 0. ],
        [0. , 0. , 0. , 0. , 0. , 0. , 0. , 0. , 0. ],
        [0. , 0. , 0. , 0. , 0. , 0. , 0. , 0. , 0. ],
        [0. , 0. , 0. , 0. , 0. , 0. , 0. , 0. , 1. ],
        [0. , 0. , 0. , 0. , 0. , 0. , 0. , 0. , 1. ],
        [0. , 0. , 0. , 0. , 0. , 1. , 0. , 0. , 1. ],
        [0. , 0. , 0. , 0. , 0. , 0. , 1. , 0. , 1. ],
        [0. , 0. , 0. , 0. , 0. , 0. , 0. , 1. , 0. ],
        [0. , 0. , 0. , 0. , 0. , 0. , 0. , 0. , 1. ]],

       [[0. , 0. , 0. , 0. , 0. , 0. , 0. , 0. , 0. ],
        [0. , 0. , 0. , 0. , 0. , 0. , 0. , 0. , 0. ],
        [0. , 0. , 0. , 0. , 0. , 0. , 0. , 0. , 0. ],
        [0. , 0. , 0. , 0. , 0. , 0. , 0. , 0. , 0. ],
        [0. , 0. , 0. , 0. , 0. , 0. , 0. , 0. , 0. ],
        [0. , 0. , 0. , 1. , 0. , 0. , 0. , 0. , 0. ],
        [1. , 0. , 1. , 0. , 0. , 0. , 0. , 0. , 0. ],
        [0. , 1. , 0. , 0. , 0. , 0. , 0. , 0. , 0. ],
        [1. , 0. , 1. , 1. , 1. , 1. , 1. , 0. , 0. ]],

       [[1. , 0. , 1. , 1. , 1. , 1. , 1. , 0. , 0. ],
        [0. , 1. , 0. , 0. , 0. , 0. , 0. , 0. , 0. ],
        [1. , 0. , 1. , 0. , 0. , 0. , 0. , 0. , 0. ],
        [1. , 0. , 0. , 1. , 0. , 0. , 0. , 0. , 0. ],
        [1. , 0. , 0. , 0. , 0. , 0. , 0. , 0. , 0. ],
        [1. , 0. , 0. , 0. , 0. , 0. , 0. , 0. , 0. ],
        [0. , 0. , 0. , 0. , 0. , 0. , 0. , 0. , 0. ],
        [0. , 0. , 0. , 0. , 0. , 0. , 0. , 0. , 0. ],
        [0. , 0. , 0. , 0. , 0. , 0. , 0. , 0. , 0. ]],

       [[0. , 0. , 0. , 0. , 0. , 0. , 0. , 0. , 1. ],
        [0. , 0. , 0. , 0. , 0. , 0. , 0. , 1. , 0. ],
        [0. , 0. , 0. , 0. , 0. , 0. , 0. , 0. , 1. ],
        [0. , 0. , 0. , 0. , 0. , 0. , 0. , 0. , 0. ],
        [0. , 0. , 0. , 0. , 0. , 0. , 0. , 0. , 0. ],
        [0. , 0. , 0. , 0. , 0. , 0. , 0. , 0. , 0. ],
        [0. , 0. , 0. , 0. , 0. , 0. , 0. , 0. , 0. ],
        [0. , 0. , 0. , 0. , 0. , 0. , 0. , 0. , 0. ],
        [0. , 0. , 0. , 0. , 0. , 0. , 0. , 0. , 0. ]],

       [[1. , 0. , 0. , 0. , 0. , 0. , 0. , 0. , 1. ],
        [0. , 0. , 0. , 0. , 0. , 0. , 0. , 0. , 0. ],
        [0. , 0. , 0. , 0. , 0. , 0. , 0. , 0. , 0. ],
        [0. , 0. , 0. , 0. , 0. , 0. , 0. , 0. , 0. ],
        [0. , 0. , 0. , 0. , 0. , 0. , 0. , 0. , 0. ],
        [0. , 0. , 0. , 0. , 0. , 0. , 0. , 0. , 0. ],
        [0. , 0. , 0. , 0. , 0. , 0. , 0. , 0. , 0. ],
        [0. , 0. , 0. , 0. , 0. , 0. , 0. , 0. , 0. ],
        [1. , 0. , 0. , 0. , 0. , 0. , 0. , 0. , 1. ]],

       [[2. , 0. , 0.4, 0.4, 0.4, 0.4, 0.4, 0. , 2. ],
        [0. , 0.4, 0. , 0. , 0. , 0. , 0. , 0.4, 0. ],
        [0.4, 0. , 0.4, 0. , 0. , 0. , 0.4, 0. , 0.4],
        [0.4, 0. , 0. , 0.4, 0. , 0.4, 0. , 0. , 0.4],
        [0.4, 0. , 0. , 0. , 3. , 0. , 0. , 0. , 0.4],
        [0.4, 0. , 0. , 0.4, 0. , 0.4, 0. , 0. , 0.4],
        [0.4, 0. , 0.4, 0. , 0. , 0. , 0.4, 0. , 0.4],
        [0. , 0.4, 0. , 0. , 0. , 0. , 0. , 0.4, 0. ],
        [2. , 0. , 0.4, 0.4, 0.4, 0.4, 0.4, 0. , 2. ]],

       [[0.7, 0. , 0. , 0. , 0. , 0. , 0.6, 0. , 0.7],
        [0. , 0.6, 0. , 0. , 0. , 0. , 0. , 2.2, 0. ],
        [0.5, 0. , 0. , 0. , 0. , 0. , 0. , 0. , 0. ],
        [0.9, 0. , 0. , 0. , 0. , 0. , 0. , 0. , 1.2],
        [0.9, 0. , 0. , 0. , 0.3, 0. , 0. , 0. , 1.2],
        [0.9, 0. , 0. , 0.3, 0. , 0.1, 0. , 0. , 1.2],
        [0.3, 0. , 0. , 0. , 0. , 0. , 0. , 0. , 0. ],
        [0. , 0.3, 0. , 0. , 0. , 0. , 0. , 0.4, 0. ],
        [0.8, 0. , 0. , 0. , 0. , 0. , 0.4, 0. , 0.6]],

       [[0.4, 0. , 0. , 0. , 0. , 0. , 0.2, 0. , 0.6],
        [0. , 0.4, 0. , 0. , 0. , 0. , 0. , 1.2, 0. ],
        [0.5, 0. , 0. , 0. , 0. , 0. , 0. , 0. , 0. ],
        [0.6, 0. , 0. , 0. , 0. , 0. , 0. , 0. , 0.3],
        [0.6, 0. , 0. , 0. , 0.3, 0. , 0. , 0. , 0.3],
        [0.6, 0. , 0. , 0.3, 0. , 0.1, 0. , 0. , 0.3],
        [0. , 0. , 0. , 0. , 0. , 0. , 0. , 0. , 0. ],
        [0. , 0.3, 0. , 0. , 0. , 0. , 0. , 0.4, 0. ],
        [0.4, 0. , 0. , 0. , 0. , 0. , 0. , 0. , 0. ]],

       [[0. , 0. , 0. , 0. , 0. , 0. , 0.1, 0. , 0. ],
        [0. , 0.2, 0. , 0. , 0. , 0. , 0. , 0.6, 0. ],
        [0. , 0. , 0. , 0. , 0. , 0. , 0. , 0. , 0. ],
        [0.2, 0. , 0. , 0. , 0. , 0. , 0. , 0. , 0.2],
        [0.2, 0. , 0. , 0. , 0. , 0. , 0. , 0. , 0.2],
        [0.2, 0. , 0. , 0. , 0. , 0. , 0. , 0. , 0.2],
        [0. , 0. , 0. , 0. , 0. , 0. , 0. , 0. , 0. ],
        [0. , 0. , 0. , 0. , 0. , 0. , 0. , 0. , 0. ],
        [0.3, 0. , 0. , 0. , 0. , 0. , 0.2, 0. , 0.3]],

       [[0.2, 0. , 0. , 0. , 0. , 0. , 0.3, 0. , 0. ],
        [0. , 0. , 0. , 0. , 0. , 0. , 0. , 0.4, 0. ],
        [0. , 0. , 0. , 0. , 0. , 0. , 0. , 0. , 0. ],
        [0.1, 0. , 0. , 0. , 0. , 0. , 0. , 0. , 0.7],
        [0.1, 0. , 0. , 0. , 0. , 0. , 0. , 0. , 0.7],
        [0.1, 0. , 0. , 0. , 0. , 0. , 0. , 0. , 0.7],
        [0.3, 0. , 0. , 0. , 0. , 0. , 0. , 0. , 0. ],
        [0. , 0. , 0. , 0. , 0. , 0. , 0. , 0. , 0. ],
        [0. , 0. , 0. , 0. , 0. , 0. , 0.2, 0. , 0.2]],

       [[0. , 0. , 0. , 0. , 0. , 0. , 0. , 0. , 0. ],
        [0. , 0. , 0. , 0. , 0. , 0. , 0. , 0. , 0. ],
        [0. , 0. , 0. , 0. , 0. , 0. , 0. , 0. , 0. ],
        [0. , 0. , 0. , 0. , 0. , 0. , 0. , 0. , 0. ],
        [0. , 0. , 0. , 0. , 0. , 0. , 0. , 0. , 0. ],
        [0. , 0. , 0. , 0. , 0. , 0. , 0. , 0. , 0. ],
        [0. , 0. , 0. , 0. , 0. , 0. , 0. , 0. , 0. ],
        [0. , 0. , 0. , 0. , 0. , 0. , 0. , 0. , 0. ],
        [0. , 0. , 0. , 0. , 0. , 0. , 0. , 0. , 0. ]]], dtype=float32),
                 move_feats=[array([0., 0., 0., 3., 0., 1.], dtype=float32)],
                 pi=[1.0],
                 z=-1.0),
 SelfPlayExample(state_tensor=array([[[1. , 0. , 1. , 1. , 1. , 1. , 1. , 0. , 1. ],
        [0. , 1. , 0. , 0. , 0. , 0. , 0. , 1. , 0. ],
        [1. , 0. , 1. , 0. , 0. , 0. , 1. , 0. , 1. ],
        [1. , 0. , 0. , 1. , 0. , 1. , 0. , 0. , 1. ],
        [1. , 0. , 0. , 0. , 1. , 0. , 0. , 0. , 1. ],
        [1. , 0. , 0. , 1. , 0. , 1. , 0. , 0. , 1. ],
        [1. , 0. , 1. , 0. , 0. , 0. , 1. , 0. , 1. ],
        [0. , 1. , 0. , 0. , 0. , 0. , 0. , 1. , 0. ],
        [1. , 0. , 1. , 1. , 1. , 1. , 1. , 0. , 1. ]],

       [[0. , 0. , 0. , 0. , 0. , 0. , 0. , 0. , 0. ],
        [0. , 0. , 0. , 0. , 0. , 0. , 0. , 0. , 0. ],
        [0. , 0. , 0. , 0. , 0. , 0. , 0. , 0. , 1. ],
        [0. , 0. , 0. , 0. , 0. , 0. , 0. , 0. , 1. ],
        [0. , 0. , 0. , 0. , 0. , 0. , 0. , 0. , 1. ],
        [0. , 0. , 0. , 0. , 0. , 1. , 0. , 0. , 1. ],
        [0. , 0. , 0. , 0. , 0. , 0. , 1. , 0. , 1. ],
        [0. , 0. , 0. , 0. , 0. , 0. , 0. , 1. , 0. ],
        [0. , 0. , 0. , 0. , 0. , 0. , 1. , 0. , 1. ]],

       [[0. , 0. , 0. , 0. , 0. , 0. , 0. , 0. , 0. ],
        [0. , 0. , 0. , 0. , 0. , 0. , 0. , 0. , 0. ],
        [0. , 0. , 0. , 0. , 0. , 0. , 0. , 0. , 0. ],
        [0. , 0. , 0. , 0. , 0. , 0. , 0. , 0. , 0. ],
        [0. , 0. , 0. , 0. , 0. , 0. , 0. , 0. , 0. ],
        [0. , 0. , 0. , 1. , 0. , 0. , 0. , 0. , 0. ],
        [0. , 0. , 1. , 0. , 0. , 0. , 0. , 0. , 0. ],
        [0. , 1. , 0. , 0. , 0. , 0. , 0. , 0. , 0. ],
        [1. , 0. , 1. , 1. , 1. , 1. , 0. , 0. , 0. ]],

       [[1. , 0. , 1. , 1. , 1. , 1. , 1. , 0. , 0. ],
        [0. , 1. , 0. , 0. , 0. , 0. , 0. , 0. , 0. ],
        [1. , 0. , 1. , 0. , 0. , 0. , 0. , 0. , 0. ],
        [1. , 0. , 0. , 1. , 0. , 0. , 0. , 0. , 0. ],
        [1. , 0. , 0. , 0. , 0. , 0. , 0. , 0. , 0. ],
        [1. , 0. , 0. , 0. , 0. , 0. , 0. , 0. , 0. ],
        [1. , 0. , 0. , 0. , 0. , 0. , 0. , 0. , 0. ],
        [0. , 0. , 0. , 0. , 0. , 0. , 0. , 0. , 0. ],
        [0. , 0. , 0. , 0. , 0. , 0. , 0. , 0. , 0. ]],

       [[0. , 0. , 0. , 0. , 0. , 0. , 0. , 0. , 1. ],
        [0. , 0. , 0. , 0. , 0. , 0. , 0. , 1. , 0. ],
        [0. , 0. , 0. , 0. , 0. , 0. , 1. , 0. , 0. ],
        [0. , 0. , 0. , 0. , 0. , 0. , 0. , 0. , 0. ],
        [0. , 0. , 0. , 0. , 0. , 0. , 0. , 0. , 0. ],
        [0. , 0. , 0. , 0. , 0. , 0. , 0. , 0. , 0. ],
        [0. , 0. , 0. , 0. , 0. , 0. , 0. , 0. , 0. ],
        [0. , 0. , 0. , 0. , 0. , 0. , 0. , 0. , 0. ],
        [0. , 0. , 0. , 0. , 0. , 0. , 0. , 0. , 0. ]],

       [[1. , 0. , 0. , 0. , 0. , 0. , 0. , 0. , 1. ],
        [0. , 0. , 0. , 0. , 0. , 0. , 0. , 0. , 0. ],
        [0. , 0. , 0. , 0. , 0. , 0. , 0. , 0. , 0. ],
        [0. , 0. , 0. , 0. , 0. , 0. , 0. , 0. , 0. ],
        [0. , 0. , 0. , 0. , 0. , 0. , 0. , 0. , 0. ],
        [0. , 0. , 0. , 0. , 0. , 0. , 0. , 0. , 0. ],
        [0. , 0. , 0. , 0. , 0. , 0. , 0. , 0. , 0. ],
        [0. , 0. , 0. , 0. , 0. , 0. , 0. , 0. , 0. ],
        [1. , 0. , 0. , 0. , 0. , 0. , 0. , 0. , 1. ]],

       [[2. , 0. , 0.4, 0.4, 0.4, 0.4, 0.4, 0. , 2. ],
        [0. , 0.4, 0. , 0. , 0. , 0. , 0. , 0.4, 0. ],
        [0.4, 0. , 0.4, 0. , 0. , 0. , 0.4, 0. , 0.4],
        [0.4, 0. , 0. , 0.4, 0. , 0.4, 0. , 0. , 0.4],
        [0.4, 0. , 0. , 0. , 3. , 0. , 0. , 0. , 0.4],
        [0.4, 0. , 0. , 0.4, 0. , 0.4, 0. , 0. , 0.4],
        [0.4, 0. , 0.4, 0. , 0. , 0. , 0.4, 0. , 0.4],
        [0. , 0.4, 0. , 0. , 0. , 0. , 0. , 0.4, 0. ],
        [2. , 0. , 0.4, 0.4, 0.4, 0.4, 0.4, 0. , 2. ]],

       [[0.8, 0. , 0. , 0. , 0. , 0. , 0.6, 0. , 0.5],
        [0. , 0.4, 0. , 0. , 0. , 0. , 0. , 2.4, 0. ],
        [0. , 0. , 0.8, 0. , 0. , 0. , 0.4, 0. , 1.2],
        [0.5, 0. , 0. , 0. , 0. , 0. , 0. , 0. , 0. ],
        [0.5, 0. , 0. , 0. , 0.3, 0. , 0. , 0. , 0. ],
        [0.5, 0. , 0. , 0.1, 0. , 0.1, 0. , 0. , 0. ],
        [0.6, 0. , 0. , 0. , 0. , 0. , 0. , 0. , 0. ],
        [0. , 0.7, 0. , 0. , 0. , 0. , 0. , 0.3, 0. ],
        [0.7, 0. , 0. , 0. , 0. , 0. , 0.5, 0. , 0.7]],

       [[0.4, 0. , 0. , 0. , 0. , 0. , 0.2, 0. , 0.2],
        [0. , 0.4, 0. , 0. , 0. , 0. , 0. , 1.8, 0. ],
        [0. , 0. , 0.4, 0. , 0. , 0. , 0. , 0. , 0.3],
        [0.5, 0. , 0. , 0. , 0. , 0. , 0. , 0. , 0. ],
        [0.5, 0. , 0. , 0. , 0.3, 0. , 0. , 0. , 0. ],
        [0.5, 0. , 0. , 0.1, 0. , 0.1, 0. , 0. , 0. ],
        [0.3, 0. , 0. , 0. , 0. , 0. , 0. , 0. , 0. ],
        [0. , 0.4, 0. , 0. , 0. , 0. , 0. , 0. , 0. ],
        [0. , 0. , 0. , 0. , 0. , 0. , 0.3, 0. , 0.3]],

       [[0.1, 0. , 0. , 0. , 0. , 0. , 0.1, 0. , 0.2],
        [0. , 0. , 0. , 0. , 0. , 0. , 0. , 0.6, 0. ],
        [0. , 0. , 0.2, 0. , 0. , 0. , 0. , 0. , 0.2],
        [0. , 0. , 0. , 0. , 0. , 0. , 0. , 0. , 0. ],
        [0. , 0. , 0. , 0. , 0. , 0. , 0. , 0. , 0. ],
        [0. , 0. , 0. , 0. , 0. , 0. , 0. , 0. , 0. ],
        [0.2, 0. , 0. , 0. , 0. , 0. , 0. , 0. , 0. ],
        [0. , 0.3, 0. , 0. , 0. , 0. , 0. , 0.3, 0. ],
        [0.4, 0. , 0. , 0. , 0. , 0. , 0. , 0. , 0.2]],

       [[0.2, 0. , 0. , 0. , 0. , 0. , 0.3, 0. , 0. ],
        [0. , 0. , 0. , 0. , 0. , 0. , 0. , 0. , 0. ],
        [0. , 0. , 0.2, 0. , 0. , 0. , 0.4, 0. , 0.7],
        [0. , 0. , 0. , 0. , 0. , 0. , 0. , 0. , 0. ],
        [0. , 0. , 0. , 0. , 0. , 0. , 0. , 0. , 0. ],
        [0. , 0. , 0. , 0. , 0. , 0. , 0. , 0. , 0. ],
        [0.1, 0. , 0. , 0. , 0. , 0. , 0. , 0. , 0. ],
        [0. , 0. , 0. , 0. , 0. , 0. , 0. , 0. , 0. ],
        [0.2, 0. , 0. , 0. , 0. , 0. , 0.2, 0. , 0.1]],

       [[0. , 0. , 0. , 0. , 0. , 0. , 0. , 0. , 0. ],
        [0. , 0. , 0. , 0. , 0. , 0. , 0. , 0. , 0. ],
        [0. , 0. , 0. , 0. , 0. , 0. , 0. , 0. , 0. ],
        [0. , 0. , 0. , 0. , 0. , 0. , 0. , 0. , 0. ],
        [0. , 0. , 0. , 0. , 0. , 0. , 0. , 0. , 0. ],
        [0. , 0. , 0. , 0. , 0. , 0. , 0. , 0. , 0. ],
        [0. , 0. , 0. , 0. , 0. , 0. , 0. , 0. , 0. ],
        [0. , 0. , 0. , 0. , 0. , 0. , 0. , 0. , 0. ],
        [0. , 0. , 0. , 0. , 0. , 0. , 0. , 0. , 0. ]]], dtype=float32),
                 move_feats=[array([2.5, 0.9, 0. , 0.4, 0.4, 0. ], dtype=float32),
                             array([2.1, 0.7, 0. , 0.4, 0.2, 0. ], dtype=float32),
                             array([0. , 0. , 0. , 0.4, 0. , 1. ], dtype=float32)],
                 pi=[0.25686059275521406,
                     0.4654226125137212,
                     0.27771679473106475],
                 z=-1.0),
 SelfPlayExample(state_tensor=array([[[1. , 0. , 1. , 1. , 1. , 1. , 1. , 0. , 1. ],
        [0. , 1. , 0. , 0. , 0. , 0. , 0. , 1. , 0. ],
        [1. , 0. , 1. , 0. , 0. , 0. , 1. , 0. , 1. ],
        [1. , 0. , 0. , 1. , 0. , 1. , 0. , 0. , 1. ],
        [1. , 0. , 0. , 0. , 1. , 0. , 0. , 0. , 1. ],
        [1. , 0. , 0. , 1. , 0. , 1. , 0. , 0. , 1. ],
        [1. , 0. , 1. , 0. , 0. , 0. , 1. , 0. , 1. ],
        [0. , 1. , 0. , 0. , 0. , 0. , 0. , 1. , 0. ],
        [1. , 0. , 1. , 1. , 1. , 1. , 1. , 0. , 1. ]],

       [[0. , 0. , 0. , 0. , 0. , 0. , 0. , 0. , 0. ],
        [0. , 0. , 0. , 0. , 0. , 0. , 0. , 0. , 0. ],
        [0. , 0. , 0. , 0. , 0. , 0. , 0. , 0. , 1. ],
        [0. , 0. , 0. , 0. , 0. , 0. , 0. , 0. , 1. ],
        [0. , 0. , 0. , 0. , 0. , 0. , 0. , 0. , 1. ],
        [0. , 0. , 0. , 0. , 0. , 1. , 0. , 0. , 1. ],
        [0. , 0. , 0. , 0. , 0. , 0. , 1. , 0. , 1. ],
        [0. , 0. , 0. , 0. , 0. , 0. , 0. , 1. , 0. ],
        [0. , 0. , 0. , 0. , 0. , 0. , 1. , 0. , 1. ]],

       [[0. , 0. , 0. , 0. , 0. , 0. , 0. , 0. , 0. ],
        [0. , 0. , 0. , 0. , 0. , 0. , 0. , 0. , 0. ],
        [0. , 0. , 0. , 0. , 0. , 0. , 0. , 0. , 0. ],
        [0. , 0. , 0. , 0. , 0. , 0. , 0. , 0. , 0. ],
        [0. , 0. , 0. , 0. , 0. , 0. , 0. , 0. , 0. ],
        [0. , 0. , 0. , 1. , 0. , 0. , 0. , 0. , 0. ],
        [0. , 0. , 1. , 0. , 0. , 0. , 0. , 0. , 0. ],
        [0. , 1. , 0. , 0. , 0. , 0. , 0. , 0. , 0. ],
        [1. , 0. , 1. , 1. , 1. , 1. , 0. , 0. , 0. ]],

       [[1. , 0. , 1. , 1. , 1. , 1. , 0. , 0. , 0. ],
        [0. , 1. , 0. , 0. , 0. , 0. , 0. , 0. , 0. ],
        [1. , 0. , 1. , 0. , 0. , 0. , 0. , 0. , 0. ],
        [1. , 0. , 0. , 1. , 0. , 0. , 0. , 0. , 0. ],
        [1. , 0. , 0. , 0. , 0. , 0. , 0. , 0. , 0. ],
        [1. , 0. , 0. , 0. , 0. , 0. , 0. , 0. , 0. ],
        [1. , 0. , 0. , 0. , 0. , 0. , 0. , 0. , 0. ],
        [0. , 0. , 0. , 0. , 0. , 0. , 0. , 0. , 0. ],
        [0. , 0. , 0. , 0. , 0. , 0. , 0. , 0. , 0. ]],

       [[0. , 0. , 0. , 0. , 0. , 0. , 1. , 0. , 1. ],
        [0. , 0. , 0. , 0. , 0. , 0. , 0. , 1. , 0. ],
        [0. , 0. , 0. , 0. , 0. , 0. , 1. , 0. , 0. ],
        [0. , 0. , 0. , 0. , 0. , 0. , 0. , 0. , 0. ],
        [0. , 0. , 0. , 0. , 0. , 0. , 0. , 0. , 0. ],
        [0. , 0. , 0. , 0. , 0. , 0. , 0. , 0. , 0. ],
        [0. , 0. , 0. , 0. , 0. , 0. , 0. , 0. , 0. ],
        [0. , 0. , 0. , 0. , 0. , 0. , 0. , 0. , 0. ],
        [0. , 0. , 0. , 0. , 0. , 0. , 0. , 0. , 0. ]],

       [[1. , 0. , 0. , 0. , 0. , 0. , 0. , 0. , 1. ],
        [0. , 0. , 0. , 0. , 0. , 0. , 0. , 0. , 0. ],
        [0. , 0. , 0. , 0. , 0. , 0. , 0. , 0. , 0. ],
        [0. , 0. , 0. , 0. , 0. , 0. , 0. , 0. , 0. ],
        [0. , 0. , 0. , 0. , 0. , 0. , 0. , 0. , 0. ],
        [0. , 0. , 0. , 0. , 0. , 0. , 0. , 0. , 0. ],
        [0. , 0. , 0. , 0. , 0. , 0. , 0. , 0. , 0. ],
        [0. , 0. , 0. , 0. , 0. , 0. , 0. , 0. , 0. ],
        [1. , 0. , 0. , 0. , 0. , 0. , 0. , 0. , 1. ]],

       [[2. , 0. , 0.4, 0.4, 0.4, 0.4, 0.4, 0. , 2. ],
        [0. , 0.4, 0. , 0. , 0. , 0. , 0. , 0.4, 0. ],
        [0.4, 0. , 0.4, 0. , 0. , 0. , 0.4, 0. , 0.4],
        [0.4, 0. , 0. , 0.4, 0. , 0.4, 0. , 0. , 0.4],
        [0.4, 0. , 0. , 0. , 3. , 0. , 0. , 0. , 0.4],
        [0.4, 0. , 0. , 0.4, 0. , 0.4, 0. , 0. , 0.4],
        [0.4, 0. , 0.4, 0. , 0. , 0. , 0.4, 0. , 0.4],
        [0. , 0.4, 0. , 0. , 0. , 0. , 0. , 0.4, 0. ],
        [2. , 0. , 0.4, 0.4, 0.4, 0.4, 0.4, 0. , 2. ]],

       [[1. , 0. , 0. , 0. , 0. , 0. , 2.2, 0. , 0.5],
        [0. , 0.5, 0. , 0. , 0. , 0. , 0. , 0.4, 0. ],
        [0. , 0. , 0.6, 0. , 0. , 0. , 0. , 0. , 0.5],
        [0. , 0. , 0. , 0.6, 0. , 0. , 0. , 0. , 0. ],
        [0. , 0. , 0. , 0. , 0.2, 0. , 0. , 0. , 0. ],
        [0. , 0. , 0. , 0.1, 0. , 0.1, 0. , 0. , 0. ],
        [0.5, 0. , 0. , 0. , 0. , 0. , 0. , 0. , 0. ],
        [0. , 0.9, 0. , 0. , 0. , 0. , 0. , 0.5, 0. ],
        [0.7, 0. , 0. , 0. , 0. , 0. , 0.9, 0. , 0.7]],

       [[0.8, 0. , 0. , 0. , 0. , 0. , 1.2, 0. , 0.2],
        [0. , 0.4, 0. , 0. , 0. , 0. , 0. , 0.2, 0. ],
        [0. , 0. , 0.4, 0. , 0. , 0. , 0. , 0. , 0.3],
        [0. , 0. , 0. , 0.4, 0. , 0. , 0. , 0. , 0. ],
        [0. , 0. , 0. , 0. , 0.2, 0. , 0. , 0. , 0. ],
        [0. , 0. , 0. , 0.1, 0. , 0.1, 0. , 0. , 0. ],
        [0.5, 0. , 0. , 0. , 0. , 0. , 0. , 0. , 0. ],
        [0. , 0. , 0. , 0. , 0. , 0. , 0. , 0.3, 0. ],
        [0.4, 0. , 0. , 0. , 0. , 0. , 0.3, 0. , 0.3]],

       [[0.1, 0. , 0. , 0. , 0. , 0. , 0.6, 0. , 0.2],
        [0. , 0.1, 0. , 0. , 0. , 0. , 0. , 0.2, 0. ],
        [0. , 0. , 0. , 0. , 0. , 0. , 0. , 0. , 0.2],
        [0. , 0. , 0. , 0.2, 0. , 0. , 0. , 0. , 0. ],
        [0. , 0. , 0. , 0. , 0. , 0. , 0. , 0. , 0. ],
        [0. , 0. , 0. , 0. , 0. , 0. , 0. , 0. , 0. ],
        [0. , 0. , 0. , 0. , 0. , 0. , 0. , 0. , 0. ],
        [0. , 0.7, 0. , 0. , 0. , 0. , 0. , 0.2, 0. ],
        [0. , 0. , 0. , 0. , 0. , 0. , 0.3, 0. , 0. ]],

       [[0. , 0. , 0. , 0. , 0. , 0. , 0.4, 0. , 0. ],
        [0. , 0. , 0. , 0. , 0. , 0. , 0. , 0. , 0. ],
        [0. , 0. , 0.2, 0. , 0. , 0. , 0. , 0. , 0. ],
        [0. , 0. , 0. , 0. , 0. , 0. , 0. , 0. , 0. ],
        [0. , 0. , 0. , 0. , 0. , 0. , 0. , 0. , 0. ],
        [0. , 0. , 0. , 0. , 0. , 0. , 0. , 0. , 0. ],
        [0. , 0. , 0. , 0. , 0. , 0. , 0. , 0. , 0. ],
        [0. , 0.2, 0. , 0. , 0. , 0. , 0. , 0. , 0. ],
        [0.2, 0. , 0. , 0. , 0. , 0. , 0.3, 0. , 0.3]],

       [[0. , 0. , 0. , 0. , 0. , 0. , 0. , 0. , 0. ],
        [0. , 0. , 0. , 0. , 0. , 0. , 0. , 0. , 0. ],
        [0. , 0. , 0. , 0. , 0. , 0. , 0. , 0. , 0. ],
        [0. , 0. , 0. , 0. , 0. , 0. , 0. , 0. , 0. ],
        [0. , 0. , 0. , 0. , 0. , 0. , 0. , 0. , 0. ],
        [0. , 0. , 0. , 0. , 0. , 0. , 0. , 0. , 0. ],
        [0. , 0. , 0. , 0. , 0. , 0. , 0. , 0. , 0. ],
        [0. , 0. , 0. , 0. , 0. , 0. , 0. , 0. , 0. ],
        [0. , 0. , 0. , 0. , 0. , 0. , 0. , 0. , 0. ]]], dtype=float32),
                 move_feats=[array([0.9, 0.5, 0. , 0.4, 0.4, 0. ], dtype=float32),
                             array([0. , 0. , 0. , 0.4, 0. , 1. ], dtype=float32)],
                 pi=[0.5424769703172978, 0.45752302968270214],
                 z=-1.0),
 SelfPlayExample(state_tensor=array([[[1. , 0. , 1. , 1. , 1. , 1. , 1. , 0. , 1. ],
        [0. , 1. , 0. , 0. , 0. , 0. , 0. , 1. , 0. ],
        [1. , 0. , 1. , 0. , 0. , 0. , 1. , 0. , 1. ],
        [1. , 0. , 0. , 1. , 0. , 1. , 0. , 0. , 1. ],
        [1. , 0. , 0. , 0. , 1. , 0. , 0. , 0. , 1. ],
        [1. , 0. , 0. , 1. , 0. , 1. , 0. , 0. , 1. ],
        [1. , 0. , 1. , 0. , 0. , 0. , 1. , 0. , 1. ],
        [0. , 1. , 0. , 0. , 0. , 0. , 0. , 1. , 0. ],
        [1. , 0. , 1. , 1. , 1. , 1. , 1. , 0. , 1. ]],

       [[0. , 0. , 0. , 0. , 0. , 0. , 0. , 0. , 0. ],
        [0. , 0. , 0. , 0. , 0. , 0. , 0. , 1. , 0. ],
        [0. , 0. , 0. , 0. , 0. , 0. , 0. , 0. , 1. ],
        [0. , 0. , 0. , 0. , 0. , 0. , 0. , 0. , 1. ],
        [0. , 0. , 0. , 0. , 0. , 0. , 0. , 0. , 1. ],
        [0. , 0. , 0. , 0. , 0. , 1. , 0. , 0. , 1. ],
        [0. , 0. , 0. , 0. , 0. , 0. , 1. , 0. , 1. ],
        [0. , 0. , 0. , 0. , 0. , 0. , 0. , 1. , 0. ],
        [0. , 0. , 0. , 0. , 0. , 0. , 1. , 0. , 1. ]],

       [[0. , 0. , 0. , 0. , 0. , 0. , 0. , 0. , 0. ],
        [0. , 0. , 0. , 0. , 0. , 0. , 0. , 0. , 0. ],
        [0. , 0. , 0. , 0. , 0. , 0. , 0. , 0. , 0. ],
        [0. , 0. , 0. , 0. , 0. , 0. , 0. , 0. , 0. ],
        [0. , 0. , 0. , 0. , 0. , 0. , 0. , 0. , 0. ],
        [0. , 0. , 0. , 1. , 0. , 0. , 0. , 0. , 0. ],
        [0. , 0. , 1. , 0. , 0. , 0. , 0. , 0. , 0. ],
        [0. , 1. , 0. , 0. , 0. , 0. , 0. , 0. , 0. ],
        [1. , 0. , 1. , 1. , 1. , 1. , 0. , 0. , 0. ]],

       [[1. , 0. , 1. , 0. , 0. , 0. , 0. , 0. , 0. ],
        [0. , 1. , 0. , 0. , 0. , 0. , 0. , 0. , 0. ],
        [1. , 0. , 1. , 0. , 0. , 0. , 0. , 0. , 0. ],
        [1. , 0. , 0. , 1. , 0. , 0. , 0. , 0. , 0. ],
        [1. , 0. , 0. , 0. , 0. , 0. , 0. , 0. , 0. ],
        [1. , 0. , 0. , 0. , 0. , 0. , 0. , 0. , 0. ],
        [1. , 0. , 0. , 0. , 0. , 0. , 0. , 0. , 0. ],
        [0. , 0. , 0. , 0. , 0. , 0. , 0. , 0. , 0. ],
        [0. , 0. , 0. , 0. , 0. , 0. , 0. , 0. , 0. ]],

       [[0. , 0. , 0. , 1. , 1. , 1. , 1. , 0. , 1. ],
        [0. , 0. , 0. , 0. , 0. , 0. , 0. , 0. , 0. ],
        [0. , 0. , 0. , 0. , 0. , 0. , 1. , 0. , 0. ],
        [0. , 0. , 0. , 0. , 0. , 0. , 0. , 0. , 0. ],
        [0. , 0. , 0. , 0. , 0. , 0. , 0. , 0. , 0. ],
        [0. , 0. , 0. , 0. , 0. , 0. , 0. , 0. , 0. ],
        [0. , 0. , 0. , 0. , 0. , 0. , 0. , 0. , 0. ],
        [0. , 0. , 0. , 0. , 0. , 0. , 0. , 0. , 0. ],
        [0. , 0. , 0. , 0. , 0. , 0. , 0. , 0. , 0. ]],

       [[1. , 0. , 0. , 0. , 0. , 0. , 0. , 0. , 1. ],
        [0. , 0. , 0. , 0. , 0. , 0. , 0. , 0. , 0. ],
        [0. , 0. , 0. , 0. , 0. , 0. , 0. , 0. , 0. ],
        [0. , 0. , 0. , 0. , 0. , 0. , 0. , 0. , 0. ],
        [0. , 0. , 0. , 0. , 0. , 0. , 0. , 0. , 0. ],
        [0. , 0. , 0. , 0. , 0. , 0. , 0. , 0. , 0. ],
        [0. , 0. , 0. , 0. , 0. , 0. , 0. , 0. , 0. ],
        [0. , 0. , 0. , 0. , 0. , 0. , 0. , 0. , 0. ],
        [1. , 0. , 0. , 0. , 0. , 0. , 0. , 0. , 1. ]],

       [[2. , 0. , 0.4, 0.4, 0.4, 0.4, 0.4, 0. , 2. ],
        [0. , 0.4, 0. , 0. , 0. , 0. , 0. , 0.4, 0. ],
        [0.4, 0. , 0.4, 0. , 0. , 0. , 0.4, 0. , 0.4],
        [0.4, 0. , 0. , 0.4, 0. , 0.4, 0. , 0. , 0.4],
        [0.4, 0. , 0. , 0. , 3. , 0. , 0. , 0. , 0.4],
        [0.4, 0. , 0. , 0.4, 0. , 0.4, 0. , 0. , 0.4],
        [0.4, 0. , 0.4, 0. , 0. , 0. , 0.4, 0. , 0.4],
        [0. , 0.4, 0. , 0. , 0. , 0. , 0. , 0.4, 0. ],
        [2. , 0. , 0.4, 0.4, 0.4, 0.4, 0.4, 0. , 2. ]],

       [[0.8, 0. , 0.5, 0.6, 0.6, 0.6, 1.2, 0. , 1. ],
        [0. , 0.9, 0. , 0. , 0. , 0. , 0. , 0.1, 0. ],
        [0. , 0. , 0. , 0. , 0. , 0. , 0. , 0. , 0. ],
        [0. , 0. , 0. , 1.2, 0. , 0. , 0. , 0. , 0. ],
        [0. , 0. , 0. , 0. , 0.2, 0. , 0. , 0. , 0. ],
        [0. , 0. , 0. , 0.1, 0. , 0.1, 0. , 0. , 0. ],
        [0.5, 0. , 0. , 0. , 0. , 0. , 0. , 0. , 0. ],
        [0. , 1.5, 0. , 0. , 0. , 0. , 0. , 0.3, 0. ],
        [0.5, 0. , 0. , 0. , 0. , 0. , 1.7, 0. , 0.8]],

       [[0.2, 0. , 0.4, 0. , 0. , 0. , 1.2, 0. , 0.6],
        [0. , 0.8, 0. , 0. , 0. , 0. , 0. , 0. , 0. ],
        [0. , 0. , 0. , 0. , 0. , 0. , 0. , 0. , 0. ],
        [0. , 0. , 0. , 0.8, 0. , 0. , 0. , 0. , 0. ],
        [0. , 0. , 0. , 0. , 0.2, 0. , 0. , 0. , 0. ],
        [0. , 0. , 0. , 0.1, 0. , 0.1, 0. , 0. , 0. ],
        [0.5, 0. , 0. , 0. , 0. , 0. , 0. , 0. , 0. ],
        [0. , 0.4, 0. , 0. , 0. , 0. , 0. , 0.3, 0. ],
        [0. , 0. , 0. , 0. , 0. , 0. , 0.6, 0. , 0.5]],

       [[0.3, 0. , 0.1, 0.6, 0.6, 0.6, 0. , 0. , 0.3],
        [0. , 0.1, 0. , 0. , 0. , 0. , 0. , 0.1, 0. ],
        [0. , 0. , 0. , 0. , 0. , 0. , 0. , 0. , 0. ],
        [0. , 0. , 0. , 0.2, 0. , 0. , 0. , 0. , 0. ],
        [0. , 0. , 0. , 0. , 0. , 0. , 0. , 0. , 0. ],
        [0. , 0. , 0. , 0. , 0. , 0. , 0. , 0. , 0. ],
        [0. , 0. , 0. , 0. , 0. , 0. , 0. , 0. , 0. ],
        [0. , 0.7, 0. , 0. , 0. , 0. , 0. , 0. , 0. ],
        [0. , 0. , 0. , 0. , 0. , 0. , 0.5, 0. , 0.1]],

       [[0.2, 0. , 0. , 0. , 0. , 0. , 0. , 0. , 0. ],
        [0. , 0. , 0. , 0. , 0. , 0. , 0. , 0. , 0. ],
        [0. , 0. , 0. , 0. , 0. , 0. , 0. , 0. , 0. ],
        [0. , 0. , 0. , 0.2, 0. , 0. , 0. , 0. , 0. ],
        [0. , 0. , 0. , 0. , 0. , 0. , 0. , 0. , 0. ],
        [0. , 0. , 0. , 0. , 0. , 0. , 0. , 0. , 0. ],
        [0. , 0. , 0. , 0. , 0. , 0. , 0. , 0. , 0. ],
        [0. , 0.4, 0. , 0. , 0. , 0. , 0. , 0. , 0. ],
        [0.4, 0. , 0. , 0. , 0. , 0. , 0.6, 0. , 0.1]],

       [[0. , 0. , 0. , 0. , 0. , 0. , 0. , 0. , 0. ],
        [0. , 0. , 0. , 0. , 0. , 0. , 0. , 0. , 0. ],
        [0. , 0. , 0. , 0. , 0. , 0. , 0. , 0. , 0. ],
        [0. , 0. , 0. , 0. , 0. , 0. , 0. , 0. , 0. ],
        [0. , 0. , 0. , 0. , 0. , 0. , 0. , 0. , 0. ],
        [0. , 0. , 0. , 0. , 0. , 0. , 0. , 0. , 0. ],
        [0. , 0. , 0. , 0. , 0. , 0. , 0. , 0. , 0. ],
        [0. , 0. , 0. , 0. , 0. , 0. , 0. , 0. , 0. ],
        [0. , 0. , 0. , 0. , 0. , 0. , 0. , 0. , 0. ]]], dtype=float32),
                 move_feats=[array([0., 0., 1., 2., 0., 1.], dtype=float32)],
                 pi=[1.0],
                 z=-1.0),
 SelfPlayExample(state_tensor=array([[[1. , 0. , 1. , 1. , 1. , 1. , 1. , 0. , 1. ],
        [0. , 1. , 0. , 0. , 0. , 0. , 0. , 1. , 0. ],
        [1. , 0. , 1. , 0. , 0. , 0. , 1. , 0. , 1. ],
        [1. , 0. , 0. , 1. , 0. , 1. , 0. , 0. , 1. ],
        [1. , 0. , 0. , 0. , 1. , 0. , 0. , 0. , 1. ],
        [1. , 0. , 0. , 1. , 0. , 1. , 0. , 0. , 1. ],
        [1. , 0. , 1. , 0. , 0. , 0. , 1. , 0. , 1. ],
        [0. , 1. , 0. , 0. , 0. , 0. , 0. , 1. , 0. ],
        [1. , 0. , 1. , 1. , 1. , 1. , 1. , 0. , 1. ]],

       [[0. , 0. , 0. , 0. , 0. , 0. , 0. , 0. , 0. ],
        [0. , 0. , 0. , 0. , 0. , 0. , 0. , 1. , 0. ],
        [0. , 0. , 0. , 0. , 0. , 0. , 1. , 0. , 1. ],
        [0. , 0. , 0. , 0. , 0. , 0. , 0. , 0. , 1. ],
        [0. , 0. , 0. , 0. , 0. , 0. , 0. , 0. , 1. ],
        [0. , 0. , 0. , 0. , 0. , 1. , 0. , 0. , 1. ],
        [0. , 0. , 0. , 0. , 0. , 0. , 1. , 0. , 1. ],
        [0. , 0. , 0. , 0. , 0. , 0. , 0. , 1. , 0. ],
        [0. , 0. , 0. , 0. , 0. , 0. , 1. , 0. , 1. ]],

       [[0. , 0. , 0. , 0. , 0. , 0. , 0. , 0. , 0. ],
        [0. , 0. , 0. , 0. , 0. , 0. , 0. , 0. , 0. ],
        [0. , 0. , 0. , 0. , 0. , 0. , 0. , 0. , 0. ],
        [0. , 0. , 0. , 0. , 0. , 0. , 0. , 0. , 0. ],
        [0. , 0. , 0. , 0. , 0. , 0. , 0. , 0. , 0. ],
        [0. , 0. , 0. , 1. , 0. , 0. , 0. , 0. , 0. ],
        [0. , 0. , 1. , 0. , 0. , 0. , 0. , 0. , 0. ],
        [0. , 1. , 0. , 0. , 0. , 0. , 0. , 0. , 0. ],
        [1. , 0. , 1. , 1. , 1. , 1. , 0. , 0. , 0. ]],

       [[1. , 0. , 1. , 0. , 0. , 0. , 0. , 0. , 0. ],
        [0. , 1. , 0. , 0. , 0. , 0. , 0. , 0. , 0. ],
        [1. , 0. , 1. , 0. , 0. , 0. , 0. , 0. , 0. ],
        [1. , 0. , 0. , 1. , 0. , 0. , 0. , 0. , 0. ],
        [1. , 0. , 0. , 0. , 1. , 0. , 0. , 0. , 0. ],
        [1. , 0. , 0. , 0. , 0. , 0. , 0. , 0. , 0. ],
        [1. , 0. , 0. , 0. , 0. , 0. , 0. , 0. , 0. ],
        [0. , 0. , 0. , 0. , 0. , 0. , 0. , 0. , 0. ],
        [0. , 0. , 0. , 0. , 0. , 0. , 0. , 0. , 0. ]],

       [[0. , 0. , 0. , 1. , 1. , 1. , 1. , 0. , 1. ],
        [0. , 0. , 0. , 0. , 0. , 0. , 0. , 0. , 0. ],
        [0. , 0. , 0. , 0. , 0. , 0. , 0. , 0. , 0. ],
        [0. , 0. , 0. , 0. , 0. , 0. , 0. , 0. , 0. ],
        [0. , 0. , 0. , 0. , 0. , 0. , 0. , 0. , 0. ],
        [0. , 0. , 0. , 0. , 0. , 0. , 0. , 0. , 0. ],
        [0. , 0. , 0. , 0. , 0. , 0. , 0. , 0. , 0. ],
        [0. , 0. , 0. , 0. , 0. , 0. , 0. , 0. , 0. ],
        [0. , 0. , 0. , 0. , 0. , 0. , 0. , 0. , 0. ]],

       [[1. , 0. , 0. , 0. , 0. , 0. , 0. , 0. , 1. ],
        [0. , 0. , 0. , 0. , 0. , 0. , 0. , 0. , 0. ],
        [0. , 0. , 0. , 0. , 0. , 0. , 0. , 0. , 0. ],
        [0. , 0. , 0. , 0. , 0. , 0. , 0. , 0. , 0. ],
        [0. , 0. , 0. , 0. , 0. , 0. , 0. , 0. , 0. ],
        [0. , 0. , 0. , 0. , 0. , 0. , 0. , 0. , 0. ],
        [0. , 0. , 0. , 0. , 0. , 0. , 0. , 0. , 0. ],
        [0. , 0. , 0. , 0. , 0. , 0. , 0. , 0. , 0. ],
        [1. , 0. , 0. , 0. , 0. , 0. , 0. , 0. , 1. ]],

       [[2. , 0. , 0.4, 0.4, 0.4, 0.4, 0.4, 0. , 2. ],
        [0. , 0.4, 0. , 0. , 0. , 0. , 0. , 0.4, 0. ],
        [0.4, 0. , 0.4, 0. , 0. , 0. , 0.4, 0. , 0.4],
        [0.4, 0. , 0. , 0.4, 0. , 0.4, 0. , 0. , 0.4],
        [0.4, 0. , 0. , 0. , 3. , 0. , 0. , 0. , 0.4],
        [0.4, 0. , 0. , 0.4, 0. , 0.4, 0. , 0. , 0.4],
        [0.4, 0. , 0.4, 0. , 0. , 0. , 0.4, 0. , 0.4],
        [0. , 0.4, 0. , 0. , 0. , 0. , 0. , 0.4, 0. ],
        [2. , 0. , 0.4, 0.4, 0.4, 0.4, 0.4, 0. , 2. ]],

       [[0.8, 0. , 1.4, 0.4, 0.4, 0.4, 1.2, 0. , 1.4],
        [0. , 0.5, 0. , 0. , 0. , 0. , 0. , 0. , 0. ],
        [0. , 0. , 0. , 0. , 0. , 0. , 0.1, 0. , 0. ],
        [0. , 0. , 0. , 0. , 0. , 0. , 0. , 0. , 0. ],
        [0. , 0. , 0. , 0. , 1.1, 0. , 0. , 0. , 0. ],
        [0. , 0. , 0. , 0.1, 0. , 0.1, 0. , 0. , 0. ],
        [0.5, 0. , 0. , 0. , 0. , 0. , 0. , 0. , 0. ],
        [0. , 1.9, 0. , 0. , 0. , 0. , 0. , 0.6, 0. ],
        [0.6, 0. , 0. , 0. , 0. , 0. , 2.1, 0. , 0.7]],

       [[0.3, 0. , 1. , 0. , 0. , 0. , 1.2, 0. , 0.6],
        [0. , 0.2, 0. , 0. , 0. , 0. , 0. , 0. , 0. ],
        [0. , 0. , 0. , 0. , 0. , 0. , 0. , 0. , 0. ],
        [0. , 0. , 0. , 0. , 0. , 0. , 0. , 0. , 0. ],
        [0. , 0. , 0. , 0. , 0.7, 0. , 0. , 0. , 0. ],
        [0. , 0. , 0. , 0.1, 0. , 0.1, 0. , 0. , 0. ],
        [0.5, 0. , 0. , 0. , 0. , 0. , 0. , 0. , 0. ],
        [0. , 0.4, 0. , 0. , 0. , 0. , 0. , 0.5, 0. ],
        [0.1, 0. , 0. , 0. , 0. , 0. , 0.9, 0. , 0.1]],

       [[0.3, 0. , 0.2, 0.4, 0.4, 0.4, 0. , 0. , 0.7],
        [0. , 0.3, 0. , 0. , 0. , 0. , 0. , 0. , 0. ],
        [0. , 0. , 0. , 0. , 0. , 0. , 0.1, 0. , 0. ],
        [0. , 0. , 0. , 0. , 0. , 0. , 0. , 0. , 0. ],
        [0. , 0. , 0. , 0. , 0.2, 0. , 0. , 0. , 0. ],
        [0. , 0. , 0. , 0. , 0. , 0. , 0. , 0. , 0. ],
        [0. , 0. , 0. , 0. , 0. , 0. , 0. , 0. , 0. ],
        [0. , 0.7, 0. , 0. , 0. , 0. , 0. , 0.1, 0. ],
        [0.3, 0. , 0. , 0. , 0. , 0. , 0.5, 0. , 0.2]],

       [[0.1, 0. , 0.2, 0. , 0. , 0. , 0. , 0. , 0. ],
        [0. , 0. , 0. , 0. , 0. , 0. , 0. , 0. , 0. ],
        [0. , 0. , 0. , 0. , 0. , 0. , 0. , 0. , 0. ],
        [0. , 0. , 0. , 0. , 0. , 0. , 0. , 0. , 0. ],
        [0. , 0. , 0. , 0. , 0.2, 0. , 0. , 0. , 0. ],
        [0. , 0. , 0. , 0. , 0. , 0. , 0. , 0. , 0. ],
        [0. , 0. , 0. , 0. , 0. , 0. , 0. , 0. , 0. ],
        [0. , 0.8, 0. , 0. , 0. , 0. , 0. , 0. , 0. ],
        [0.1, 0. , 0. , 0. , 0. , 0. , 0.7, 0. , 0.3]],

       [[0. , 0. , 0. , 0. , 0. , 0. , 0. , 0. , 0. ],
        [0. , 0. , 0. , 0. , 0. , 0. , 0. , 0. , 0. ],
        [0. , 0. , 0. , 0. , 0. , 0. , 0. , 0. , 0. ],
        [0. , 0. , 0. , 0. , 0. , 0. , 0. , 0. , 0. ],
        [0. , 0. , 0. , 0. , 0. , 0. , 0. , 0. , 0. ],
        [0. , 0. , 0. , 0. , 0. , 0. , 0. , 0. , 0. ],
        [0. , 0. , 0. , 0. , 0. , 0. , 0. , 0. , 0. ],
        [0. , 0. , 0. , 0. , 0. , 0. , 0. , 0. , 0. ],
        [0. , 0. , 0. , 0. , 0. , 0. , 0. , 0. , 0. ]]], dtype=float32),
                 move_feats=[array([0., 0., 0., 3., 0., 1.], dtype=float32)],
                 pi=[1.0],
                 z=-1.0),
 SelfPlayExample(state_tensor=array([[[1. , 0. , 1. , 1. , 1. , 1. , 1. , 0. , 1. ],
        [0. , 1. , 0. , 0. , 0. , 0. , 0. , 1. , 0. ],
        [1. , 0. , 1. , 0. , 0. , 0. , 1. , 0. , 1. ],
        [1. , 0. , 0. , 1. , 0. , 1. , 0. , 0. , 1. ],
        [1. , 0. , 0. , 0. , 1. , 0. , 0. , 0. , 1. ],
        [1. , 0. , 0. , 1. , 0. , 1. , 0. , 0. , 1. ],
        [1. , 0. , 1. , 0. , 0. , 0. , 1. , 0. , 1. ],
        [0. , 1. , 0. , 0. , 0. , 0. , 0. , 1. , 0. ],
        [1. , 0. , 1. , 1. , 1. , 1. , 1. , 0. , 1. ]],

       [[0. , 0. , 0. , 0. , 0. , 0. , 0. , 0. , 0. ],
        [0. , 0. , 0. , 0. , 0. , 0. , 0. , 1. , 0. ],
        [0. , 0. , 0. , 0. , 0. , 0. , 1. , 0. , 1. ],
        [0. , 0. , 0. , 0. , 0. , 0. , 0. , 0. , 1. ],
        [0. , 0. , 0. , 0. , 0. , 0. , 0. , 0. , 1. ],
        [0. , 0. , 0. , 0. , 0. , 1. , 0. , 0. , 1. ],
        [0. , 0. , 0. , 0. , 0. , 0. , 1. , 0. , 1. ],
        [0. , 0. , 0. , 0. , 0. , 0. , 0. , 1. , 0. ],
        [0. , 0. , 0. , 0. , 0. , 0. , 1. , 0. , 1. ]],

       [[0. , 0. , 0. , 0. , 0. , 0. , 0. , 0. , 0. ],
        [0. , 0. , 0. , 0. , 0. , 0. , 0. , 0. , 0. ],
        [0. , 0. , 0. , 0. , 0. , 0. , 0. , 0. , 0. ],
        [0. , 0. , 0. , 0. , 0. , 0. , 0. , 0. , 0. ],
        [0. , 0. , 0. , 0. , 0. , 0. , 0. , 0. , 0. ],
        [0. , 0. , 0. , 1. , 0. , 0. , 0. , 0. , 0. ],
        [0. , 0. , 1. , 0. , 0. , 0. , 0. , 0. , 0. ],
        [0. , 1. , 0. , 0. , 0. , 0. , 0. , 0. , 0. ],
        [1. , 0. , 1. , 1. , 1. , 1. , 0. , 0. , 0. ]],

       [[1. , 0. , 1. , 1. , 1. , 1. , 0. , 0. , 0. ],
        [0. , 1. , 0. , 0. , 0. , 0. , 0. , 0. , 0. ],
        [1. , 0. , 1. , 0. , 0. , 0. , 0. , 0. , 0. ],
        [1. , 0. , 0. , 1. , 0. , 1. , 0. , 0. , 0. ],
        [1. , 0. , 0. , 0. , 1. , 0. , 0. , 0. , 0. ],
        [1. , 0. , 0. , 0. , 0. , 0. , 0. , 0. , 0. ],
        [1. , 0. , 0. , 0. , 0. , 0. , 0. , 0. , 0. ],
        [0. , 0. , 0. , 0. , 0. , 0. , 0. , 0. , 0. ],
        [0. , 0. , 0. , 0. , 0. , 0. , 0. , 0. , 0. ]],

       [[0. , 0. , 0. , 0. , 0. , 0. , 1. , 0. , 1. ],
        [0. , 0. , 0. , 0. , 0. , 0. , 0. , 0. , 0. ],
        [0. , 0. , 0. , 0. , 0. , 0. , 0. , 0. , 0. ],
        [0. , 0. , 0. , 0. , 0. , 0. , 0. , 0. , 0. ],
        [0. , 0. , 0. , 0. , 0. , 0. , 0. , 0. , 0. ],
        [0. , 0. , 0. , 0. , 0. , 0. , 0. , 0. , 0. ],
        [0. , 0. , 0. , 0. , 0. , 0. , 0. , 0. , 0. ],
        [0. , 0. , 0. , 0. , 0. , 0. , 0. , 0. , 0. ],
        [0. , 0. , 0. , 0. , 0. , 0. , 0. , 0. , 0. ]],

       [[1. , 0. , 0. , 0. , 0. , 0. , 0. , 0. , 1. ],
        [0. , 0. , 0. , 0. , 0. , 0. , 0. , 0. , 0. ],
        [0. , 0. , 0. , 0. , 0. , 0. , 0. , 0. , 0. ],
        [0. , 0. , 0. , 0. , 0. , 0. , 0. , 0. , 0. ],
        [0. , 0. , 0. , 0. , 0. , 0. , 0. , 0. , 0. ],
        [0. , 0. , 0. , 0. , 0. , 0. , 0. , 0. , 0. ],
        [0. , 0. , 0. , 0. , 0. , 0. , 0. , 0. , 0. ],
        [0. , 0. , 0. , 0. , 0. , 0. , 0. , 0. , 0. ],
        [1. , 0. , 0. , 0. , 0. , 0. , 0. , 0. , 1. ]],

       [[2. , 0. , 0.4, 0.4, 0.4, 0.4, 0.4, 0. , 2. ],
        [0. , 0.4, 0. , 0. , 0. , 0. , 0. , 0.4, 0. ],
        [0.4, 0. , 0.4, 0. , 0. , 0. , 0.4, 0. , 0.4],
        [0.4, 0. , 0. , 0.4, 0. , 0.4, 0. , 0. , 0.4],
        [0.4, 0. , 0. , 0. , 3. , 0. , 0. , 0. , 0.4],
        [0.4, 0. , 0. , 0.4, 0. , 0.4, 0. , 0. , 0.4],
        [0.4, 0. , 0.4, 0. , 0. , 0. , 0.4, 0. , 0.4],
        [0. , 0.4, 0. , 0. , 0. , 0. , 0. , 0.4, 0. ],
        [2. , 0. , 0.4, 0.4, 0.4, 0.4, 0.4, 0. , 2. ]],

       [[1.1, 0. , 0.6, 1.1, 1.1, 1.1, 0.8, 0. , 1.7],
        [0. , 0.6, 0. , 0. , 0. , 0. , 0. , 0. , 0. ],
        [0. , 0. , 0. , 0. , 0. , 0. , 0. , 0. , 0. ],
        [0. , 0. , 0. , 0. , 0. , 1.1, 0. , 0. , 0. ],
        [0. , 0. , 0. , 0. , 0. , 0. , 0. , 0. , 0. ],
        [0. , 0. , 0. , 0.1, 0. , 0.1, 0. , 0. , 0. ],
        [0.5, 0. , 0. , 0. , 0. , 0. , 0. , 0. , 0. ],
        [0. , 2.4, 0. , 0. , 0. , 0. , 0. , 0.3, 0. ],
        [0.6, 0. , 0. , 0. , 0. , 0. , 3. , 0. , 0.9]],

       [[0.1, 0. , 0.2, 0.7, 0.7, 0.7, 0.8, 0. , 0.6],
        [0. , 0.3, 0. , 0. , 0. , 0. , 0. , 0. , 0. ],
        [0. , 0. , 0. , 0. , 0. , 0. , 0. , 0. , 0. ],
        [0. , 0. , 0. , 0. , 0. , 0.7, 0. , 0. , 0. ],
        [0. , 0. , 0. , 0. , 0. , 0. , 0. , 0. , 0. ],
        [0. , 0. , 0. , 0.1, 0. , 0.1, 0. , 0. , 0. ],
        [0.5, 0. , 0. , 0. , 0. , 0. , 0. , 0. , 0. ],
        [0. , 0.5, 0. , 0. , 0. , 0. , 0. , 0.1, 0. ],
        [0.1, 0. , 0. , 0. , 0. , 0. , 1.4, 0. , 0.5]],

       [[0.9, 0. , 0.3, 0.2, 0.2, 0.2, 0. , 0. , 0.8],
        [0. , 0.3, 0. , 0. , 0. , 0. , 0. , 0. , 0. ],
        [0. , 0. , 0. , 0. , 0. , 0. , 0. , 0. , 0. ],
        [0. , 0. , 0. , 0. , 0. , 0.2, 0. , 0. , 0. ],
        [0. , 0. , 0. , 0. , 0. , 0. , 0. , 0. , 0. ],
        [0. , 0. , 0. , 0. , 0. , 0. , 0. , 0. , 0. ],
        [0. , 0. , 0. , 0. , 0. , 0. , 0. , 0. , 0. ],
        [0. , 1. , 0. , 0. , 0. , 0. , 0. , 0.2, 0. ],
        [0.3, 0. , 0. , 0. , 0. , 0. , 0.6, 0. , 0.2]],

       [[0. , 0. , 0.1, 0.2, 0.2, 0.2, 0. , 0. , 0.2],
        [0. , 0. , 0. , 0. , 0. , 0. , 0. , 0. , 0. ],
        [0. , 0. , 0. , 0. , 0. , 0. , 0. , 0. , 0. ],
        [0. , 0. , 0. , 0. , 0. , 0.2, 0. , 0. , 0. ],
        [0. , 0. , 0. , 0. , 0. , 0. , 0. , 0. , 0. ],
        [0. , 0. , 0. , 0. , 0. , 0. , 0. , 0. , 0. ],
        [0. , 0. , 0. , 0. , 0. , 0. , 0. , 0. , 0. ],
        [0. , 0.9, 0. , 0. , 0. , 0. , 0. , 0. , 0. ],
        [0.1, 0. , 0. , 0. , 0. , 0. , 1. , 0. , 0.1]],

       [[0. , 0. , 0. , 0. , 0. , 0. , 0. , 0. , 0. ],
        [0. , 0. , 0. , 0. , 0. , 0. , 0. , 0. , 0. ],
        [0. , 0. , 0. , 0. , 0. , 0. , 0. , 0. , 0. ],
        [0. , 0. , 0. , 0. , 0. , 0. , 0. , 0. , 0. ],
        [0. , 0. , 0. , 0. , 0. , 0. , 0. , 0. , 0. ],
        [0. , 0. , 0. , 0. , 0. , 0. , 0. , 0. , 0. ],
        [0. , 0. , 0. , 0. , 0. , 0. , 0. , 0. , 0. ],
        [0. , 0. , 0. , 0. , 0. , 0. , 0. , 0. , 0. ],
        [0. , 0. , 0. , 0. , 0. , 0. , 0. , 0. , 0. ]]], dtype=float32),
                 move_feats=[array([0.1, 0.1, 0. , 3. , 0.2, 0. ], dtype=float32),
                             array([0., 0., 0., 3., 0., 1.], dtype=float32)],
                 pi=[0.604989604989605, 0.39501039501039503],
                 z=-1.0),
 SelfPlayExample(state_tensor=array([[[1. , 0. , 1. , 1. , 1. , 1. , 1. , 0. , 1. ],
        [0. , 1. , 0. , 0. , 0. , 0. , 0. , 1. , 0. ],
        [1. , 0. , 1. , 0. , 0. , 0. , 1. , 0. , 1. ],
        [1. , 0. , 0. , 1. , 0. , 1. , 0. , 0. , 1. ],
        [1. , 0. , 0. , 0. , 1. , 0. , 0. , 0. , 1. ],
        [1. , 0. , 0. , 1. , 0. , 1. , 0. , 0. , 1. ],
        [1. , 0. , 1. , 0. , 0. , 0. , 1. , 0. , 1. ],
        [0. , 1. , 0. , 0. , 0. , 0. , 0. , 1. , 0. ],
        [1. , 0. , 1. , 1. , 1. , 1. , 1. , 0. , 1. ]],

       [[0. , 0. , 0. , 0. , 0. , 0. , 0. , 0. , 0. ],
        [0. , 0. , 0. , 0. , 0. , 0. , 0. , 1. , 0. ],
        [0. , 0. , 0. , 0. , 0. , 0. , 1. , 0. , 1. ],
        [0. , 0. , 0. , 0. , 0. , 0. , 0. , 0. , 1. ],
        [0. , 0. , 0. , 0. , 0. , 0. , 0. , 0. , 1. ],
        [0. , 0. , 0. , 0. , 0. , 1. , 0. , 0. , 1. ],
        [0. , 0. , 0. , 0. , 0. , 0. , 1. , 0. , 1. ],
        [0. , 0. , 0. , 0. , 0. , 0. , 0. , 1. , 0. ],
        [0. , 0. , 0. , 0. , 0. , 0. , 1. , 0. , 1. ]],

       [[0. , 0. , 0. , 0. , 0. , 0. , 0. , 0. , 0. ],
        [0. , 0. , 0. , 0. , 0. , 0. , 0. , 0. , 0. ],
        [0. , 0. , 0. , 0. , 0. , 0. , 0. , 0. , 0. ],
        [0. , 0. , 0. , 0. , 0. , 0. , 0. , 0. , 0. ],
        [0. , 0. , 0. , 0. , 0. , 0. , 0. , 0. , 0. ],
        [0. , 0. , 0. , 1. , 0. , 0. , 0. , 0. , 0. ],
        [0. , 0. , 1. , 0. , 0. , 0. , 0. , 0. , 0. ],
        [0. , 1. , 0. , 0. , 0. , 0. , 0. , 0. , 0. ],
        [1. , 0. , 1. , 1. , 1. , 1. , 0. , 0. , 0. ]],

       [[1. , 0. , 1. , 1. , 1. , 1. , 1. , 0. , 0. ],
        [0. , 1. , 0. , 0. , 0. , 0. , 0. , 0. , 0. ],
        [1. , 0. , 1. , 0. , 0. , 0. , 0. , 0. , 0. ],
        [1. , 0. , 0. , 1. , 0. , 1. , 0. , 0. , 0. ],
        [1. , 0. , 0. , 0. , 1. , 0. , 0. , 0. , 0. ],
        [1. , 0. , 0. , 0. , 0. , 0. , 0. , 0. , 0. ],
        [1. , 0. , 0. , 0. , 0. , 0. , 0. , 0. , 0. ],
        [0. , 0. , 0. , 0. , 0. , 0. , 0. , 0. , 0. ],
        [0. , 0. , 0. , 0. , 0. , 0. , 0. , 0. , 0. ]],

       [[0. , 0. , 0. , 0. , 0. , 0. , 0. , 0. , 1. ],
        [0. , 0. , 0. , 0. , 0. , 0. , 0. , 0. , 0. ],
        [0. , 0. , 0. , 0. , 0. , 0. , 0. , 0. , 0. ],
        [0. , 0. , 0. , 0. , 0. , 0. , 0. , 0. , 0. ],
        [0. , 0. , 0. , 0. , 0. , 0. , 0. , 0. , 0. ],
        [0. , 0. , 0. , 0. , 0. , 0. , 0. , 0. , 0. ],
        [0. , 0. , 0. , 0. , 0. , 0. , 0. , 0. , 0. ],
        [0. , 0. , 0. , 0. , 0. , 0. , 0. , 0. , 0. ],
        [0. , 0. , 0. , 0. , 0. , 0. , 0. , 0. , 0. ]],

       [[1. , 0. , 0. , 0. , 0. , 0. , 0. , 0. , 1. ],
        [0. , 0. , 0. , 0. , 0. , 0. , 0. , 0. , 0. ],
        [0. , 0. , 0. , 0. , 0. , 0. , 0. , 0. , 0. ],
        [0. , 0. , 0. , 0. , 0. , 0. , 0. , 0. , 0. ],
        [0. , 0. , 0. , 0. , 0. , 0. , 0. , 0. , 0. ],
        [0. , 0. , 0. , 0. , 0. , 0. , 0. , 0. , 0. ],
        [0. , 0. , 0. , 0. , 0. , 0. , 0. , 0. , 0. ],
        [0. , 0. , 0. , 0. , 0. , 0. , 0. , 0. , 0. ],
        [1. , 0. , 0. , 0. , 0. , 0. , 0. , 0. , 1. ]],

       [[2. , 0. , 0.4, 0.4, 0.4, 0.4, 0.4, 0. , 2. ],
        [0. , 0.4, 0. , 0. , 0. , 0. , 0. , 0.4, 0. ],
        [0.4, 0. , 0.4, 0. , 0. , 0. , 0.4, 0. , 0.4],
        [0.4, 0. , 0. , 0.4, 0. , 0.4, 0. , 0. , 0.4],
        [0.4, 0. , 0. , 0. , 3. , 0. , 0. , 0. , 0.4],
        [0.4, 0. , 0. , 0.4, 0. , 0.4, 0. , 0. , 0.4],
        [0.4, 0. , 0.4, 0. , 0. , 0. , 0.4, 0. , 0.4],
        [0. , 0.4, 0. , 0. , 0. , 0. , 0. , 0.4, 0. ],
        [2. , 0. , 0.4, 0.4, 0.4, 0.4, 0.4, 0. , 2. ]],

       [[1. , 0. , 0.6, 0.5, 0.5, 0.5, 0.7, 0. , 2. ],
        [0. , 1. , 0. , 0. , 0. , 0. , 0. , 0. , 0. ],
        [0. , 0. , 0. , 0. , 0. , 0. , 0. , 0. , 0. ],
        [0. , 0. , 0. , 0. , 0. , 0. , 0. , 0. , 0. ],
        [0. , 0. , 0. , 0. , 1. , 0. , 0. , 0. , 0. ],
        [0. , 0. , 0. , 0.1, 0. , 0. , 0. , 0. , 0. ],
        [0.5, 0. , 0. , 0. , 0. , 0. , 0. , 0. , 0. ],
        [0. , 2.9, 0. , 0. , 0. , 0. , 0. , 0.7, 0. ],
        [0.6, 0. , 0. , 0. , 0. , 0. , 3.4, 0. , 0.9]],

       [[0. , 0. , 0.3, 0.2, 0.2, 0.2, 0.2, 0. , 0.6],
        [0. , 0.1, 0. , 0. , 0. , 0. , 0. , 0. , 0. ],
        [0. , 0. , 0. , 0. , 0. , 0. , 0. , 0. , 0. ],
        [0. , 0. , 0. , 0. , 0. , 0. , 0. , 0. , 0. ],
        [0. , 0. , 0. , 0. , 0.6, 0. , 0. , 0. , 0. ],
        [0. , 0. , 0. , 0.1, 0. , 0. , 0. , 0. , 0. ],
        [0.5, 0. , 0. , 0. , 0. , 0. , 0. , 0. , 0. ],
        [0. , 0.6, 0. , 0. , 0. , 0. , 0. , 0.5, 0. ],
        [0.1, 0. , 0. , 0. , 0. , 0. , 1.5, 0. , 0.5]],

       [[0.2, 0. , 0.3, 0.3, 0.3, 0.3, 0.2, 0. , 1.1],
        [0. , 0.9, 0. , 0. , 0. , 0. , 0. , 0. , 0. ],
        [0. , 0. , 0. , 0. , 0. , 0. , 0. , 0. , 0. ],
        [0. , 0. , 0. , 0. , 0. , 0. , 0. , 0. , 0. ],
        [0. , 0. , 0. , 0. , 0.2, 0. , 0. , 0. , 0. ],
        [0. , 0. , 0. , 0. , 0. , 0. , 0. , 0. , 0. ],
        [0. , 0. , 0. , 0. , 0. , 0. , 0. , 0. , 0. ],
        [0. , 1.3, 0. , 0. , 0. , 0. , 0. , 0.2, 0. ],
        [0.3, 0. , 0. , 0. , 0. , 0. , 0.8, 0. , 0. ]],

       [[0.7, 0. , 0. , 0. , 0. , 0. , 0.3, 0. , 0.2],
        [0. , 0. , 0. , 0. , 0. , 0. , 0. , 0. , 0. ],
        [0. , 0. , 0. , 0. , 0. , 0. , 0. , 0. , 0. ],
        [0. , 0. , 0. , 0. , 0. , 0. , 0. , 0. , 0. ],
        [0. , 0. , 0. , 0. , 0.2, 0. , 0. , 0. , 0. ],
        [0. , 0. , 0. , 0. , 0. , 0. , 0. , 0. , 0. ],
        [0. , 0. , 0. , 0. , 0. , 0. , 0. , 0. , 0. ],
        [0. , 1. , 0. , 0. , 0. , 0. , 0. , 0. , 0. ],
        [0.1, 0. , 0. , 0. , 0. , 0. , 1.1, 0. , 0.3]],

       [[0. , 0. , 0. , 0. , 0. , 0. , 0. , 0. , 0. ],
        [0. , 0. , 0. , 0. , 0. , 0. , 0. , 0. , 0. ],
        [0. , 0. , 0. , 0. , 0. , 0. , 0. , 0. , 0. ],
        [0. , 0. , 0. , 0. , 0. , 0. , 0. , 0. , 0. ],
        [0. , 0. , 0. , 0. , 0. , 0. , 0. , 0. , 0. ],
        [0. , 0. , 0. , 0. , 0. , 0. , 0. , 0. , 0. ],
        [0. , 0. , 0. , 0. , 0. , 0. , 0. , 0. , 0. ],
        [0. , 0. , 0. , 0. , 0. , 0. , 0. , 0. , 0. ],
        [0. , 0. , 0. , 0. , 0. , 0. , 0. , 0. , 0. ]]], dtype=float32),
                 move_feats=[array([3.3, 1.1, 0. , 0.4, 0.2, 0. ], dtype=float32),
                             array([0. , 0. , 0. , 0.4, 0. , 1. ], dtype=float32)],
                 pi=[0.34587995930824006, 0.6541200406917599],
                 z=-1.0),
 SelfPlayExample(state_tensor=array([[[1. , 0. , 1. , 1. , 1. , 1. , 1. , 0. , 1. ],
        [0. , 1. , 0. , 0. , 0. , 0. , 0. , 1. , 0. ],
        [1. , 0. , 1. , 0. , 0. , 0. , 1. , 0. , 1. ],
        [1. , 0. , 0. , 1. , 0. , 1. , 0. , 0. , 1. ],
        [1. , 0. , 0. , 0. , 1. , 0. , 0. , 0. , 1. ],
        [1. , 0. , 0. , 1. , 0. , 1. , 0. , 0. , 1. ],
        [1. , 0. , 1. , 0. , 0. , 0. , 1. , 0. , 1. ],
        [0. , 1. , 0. , 0. , 0. , 0. , 0. , 1. , 0. ],
        [1. , 0. , 1. , 1. , 1. , 1. , 1. , 0. , 1. ]],

       [[0. , 0. , 0. , 0. , 0. , 0. , 0. , 0. , 0. ],
        [0. , 0. , 0. , 0. , 0. , 0. , 0. , 0. , 0. ],
        [0. , 0. , 0. , 0. , 0. , 0. , 0. , 0. , 1. ],
        [0. , 0. , 0. , 0. , 0. , 0. , 0. , 0. , 1. ],
        [0. , 0. , 0. , 0. , 0. , 0. , 0. , 0. , 1. ],
        [0. , 0. , 0. , 0. , 0. , 0. , 0. , 0. , 1. ],
        [0. , 0. , 0. , 0. , 0. , 0. , 1. , 0. , 1. ],
        [0. , 0. , 0. , 0. , 0. , 0. , 0. , 1. , 0. ],
        [0. , 0. , 0. , 0. , 0. , 0. , 1. , 0. , 1. ]],

       [[0. , 0. , 0. , 0. , 0. , 0. , 0. , 0. , 0. ],
        [0. , 0. , 0. , 0. , 0. , 0. , 0. , 0. , 0. ],
        [0. , 0. , 0. , 0. , 0. , 0. , 0. , 0. , 0. ],
        [0. , 0. , 0. , 0. , 0. , 0. , 0. , 0. , 0. ],
        [0. , 0. , 0. , 0. , 0. , 0. , 0. , 0. , 0. ],
        [0. , 0. , 0. , 1. , 0. , 0. , 0. , 0. , 0. ],
        [0. , 0. , 1. , 0. , 0. , 0. , 0. , 0. , 0. ],
        [0. , 1. , 0. , 0. , 0. , 0. , 0. , 0. , 0. ],
        [1. , 0. , 1. , 1. , 1. , 1. , 0. , 0. , 0. ]],

       [[1. , 0. , 1. , 1. , 1. , 1. , 1. , 0. , 0. ],
        [0. , 1. , 0. , 0. , 0. , 0. , 0. , 0. , 0. ],
        [1. , 0. , 1. , 0. , 0. , 0. , 1. , 0. , 0. ],
        [1. , 0. , 0. , 1. , 0. , 1. , 0. , 0. , 0. ],
        [1. , 0. , 0. , 0. , 1. , 0. , 0. , 0. , 0. ],
        [1. , 0. , 0. , 0. , 0. , 1. , 0. , 0. , 0. ],
        [1. , 0. , 0. , 0. , 0. , 0. , 0. , 0. , 0. ],
        [0. , 0. , 0. , 0. , 0. , 0. , 0. , 0. , 0. ],
        [0. , 0. , 0. , 0. , 0. , 0. , 0. , 0. , 0. ]],

       [[0. , 0. , 0. , 0. , 0. , 0. , 0. , 0. , 1. ],
        [0. , 0. , 0. , 0. , 0. , 0. , 0. , 1. , 0. ],
        [0. , 0. , 0. , 0. , 0. , 0. , 0. , 0. , 0. ],
        [0. , 0. , 0. , 0. , 0. , 0. , 0. , 0. , 0. ],
        [0. , 0. , 0. , 0. , 0. , 0. , 0. , 0. , 0. ],
        [0. , 0. , 0. , 0. , 0. , 0. , 0. , 0. , 0. ],
        [0. , 0. , 0. , 0. , 0. , 0. , 0. , 0. , 0. ],
        [0. , 0. , 0. , 0. , 0. , 0. , 0. , 0. , 0. ],
        [0. , 0. , 0. , 0. , 0. , 0. , 0. , 0. , 0. ]],

       [[1. , 0. , 0. , 0. , 0. , 0. , 0. , 0. , 1. ],
        [0. , 0. , 0. , 0. , 0. , 0. , 0. , 0. , 0. ],
        [0. , 0. , 0. , 0. , 0. , 0. , 0. , 0. , 0. ],
        [0. , 0. , 0. , 0. , 0. , 0. , 0. , 0. , 0. ],
        [0. , 0. , 0. , 0. , 0. , 0. , 0. , 0. , 0. ],
        [0. , 0. , 0. , 0. , 0. , 0. , 0. , 0. , 0. ],
        [0. , 0. , 0. , 0. , 0. , 0. , 0. , 0. , 0. ],
        [0. , 0. , 0. , 0. , 0. , 0. , 0. , 0. , 0. ],
        [1. , 0. , 0. , 0. , 0. , 0. , 0. , 0. , 1. ]],

       [[2. , 0. , 0.4, 0.4, 0.4, 0.4, 0.4, 0. , 2. ],
        [0. , 0.4, 0. , 0. , 0. , 0. , 0. , 0.4, 0. ],
        [0.4, 0. , 0.4, 0. , 0. , 0. , 0.4, 0. , 0.4],
        [0.4, 0. , 0. , 0.4, 0. , 0.4, 0. , 0. , 0.4],
        [0.4, 0. , 0. , 0. , 3. , 0. , 0. , 0. , 0.4],
        [0.4, 0. , 0. , 0.4, 0. , 0.4, 0. , 0. , 0.4],
        [0.4, 0. , 0.4, 0. , 0. , 0. , 0.4, 0. , 0.4],
        [0. , 0.4, 0. , 0. , 0. , 0. , 0. , 0.4, 0. ],
        [2. , 0. , 0.4, 0.4, 0.4, 0.4, 0.4, 0. , 2. ]],

       [[1.1, 0. , 0. , 0.6, 0.6, 0.6, 0.5, 0. , 0.3],
        [0. , 0.2, 0. , 0. , 0. , 0. , 0. , 1.6, 0. ],
        [1.7, 0. , 0. , 0. , 0. , 0. , 0.2, 0. , 0. ],
        [0. , 0. , 0. , 0. , 0. , 0. , 0. , 0. , 0. ],
        [0. , 0. , 0. , 0. , 0.6, 0. , 0. , 0. , 0. ],
        [0. , 0. , 0. , 0.1, 0. , 0.2, 0. , 0. , 0. ],
        [0.5, 0. , 0. , 0. , 0. , 0. , 0. , 0. , 0. ],
        [0. , 3.4, 0. , 0. , 0. , 0. , 0. , 0.5, 0. ],
        [0.7, 0. , 0. , 0. , 0. , 0. , 4.4, 0. , 1. ]],

       [[0.1, 0. , 0. , 0.3, 0.3, 0.3, 0.2, 0. , 0. ],
        [0. , 0. , 0. , 0. , 0. , 0. , 0. , 0.3, 0. ],
        [0.1, 0. , 0. , 0. , 0. , 0. , 0. , 0. , 0. ],
        [0. , 0. , 0. , 0. , 0. , 0. , 0. , 0. , 0. ],
        [0. , 0. , 0. , 0. , 0.6, 0. , 0. , 0. , 0. ],
        [0. , 0. , 0. , 0.1, 0. , 0. , 0. , 0. , 0. ],
        [0.5, 0. , 0. , 0. , 0. , 0. , 0. , 0. , 0. ],
        [0. , 0.7, 0. , 0. , 0. , 0. , 0. , 0.5, 0. ],
        [0.4, 0. , 0. , 0. , 0. , 0. , 2. , 0. , 0.1]],

       [[0.3, 0. , 0. , 0.3, 0.3, 0.3, 0.3, 0. , 0. ],
        [0. , 0.2, 0. , 0. , 0. , 0. , 0. , 1.1, 0. ],
        [0.9, 0. , 0. , 0. , 0. , 0. , 0. , 0. , 0. ],
        [0. , 0. , 0. , 0. , 0. , 0. , 0. , 0. , 0. ],
        [0. , 0. , 0. , 0. , 0. , 0. , 0. , 0. , 0. ],
        [0. , 0. , 0. , 0. , 0. , 0.2, 0. , 0. , 0. ],
        [0. , 0. , 0. , 0. , 0. , 0. , 0. , 0. , 0. ],
        [0. , 1.6, 0. , 0. , 0. , 0. , 0. , 0. , 0. ],
        [0.2, 0. , 0. , 0. , 0. , 0. , 1. , 0. , 0. ]],

       [[0.6, 0. , 0. , 0. , 0. , 0. , 0. , 0. , 0.2],
        [0. , 0. , 0. , 0. , 0. , 0. , 0. , 0.2, 0. ],
        [0.7, 0. , 0. , 0. , 0. , 0. , 0.2, 0. , 0. ],
        [0. , 0. , 0. , 0. , 0. , 0. , 0. , 0. , 0. ],
        [0. , 0. , 0. , 0. , 0. , 0. , 0. , 0. , 0. ],
        [0. , 0. , 0. , 0. , 0. , 0. , 0. , 0. , 0. ],
        [0. , 0. , 0. , 0. , 0. , 0. , 0. , 0. , 0. ],
        [0. , 1.1, 0. , 0. , 0. , 0. , 0. , 0. , 0. ],
        [0. , 0. , 0. , 0. , 0. , 0. , 1.4, 0. , 0.8]],

       [[0. , 0. , 0. , 0. , 0. , 0. , 0. , 0. , 0. ],
        [0. , 0. , 0. , 0. , 0. , 0. , 0. , 0. , 0. ],
        [0. , 0. , 0. , 0. , 0. , 0. , 0. , 0. , 0. ],
        [0. , 0. , 0. , 0. , 0. , 0. , 0. , 0. , 0. ],
        [0. , 0. , 0. , 0. , 0. , 0. , 0. , 0. , 0. ],
        [0. , 0. , 0. , 0. , 0. , 0. , 0. , 0. , 0. ],
        [0. , 0. , 0. , 0. , 0. , 0. , 0. , 0. , 0. ],
        [0. , 0. , 0. , 0. , 0. , 0. , 0. , 0. , 0. ],
        [0. , 0. , 0. , 0. , 0. , 0. , 0. , 0. , 0. ]]], dtype=float32),
                 move_feats=[array([4.2, 1.4, 0. , 0.4, 0.2, 0. ], dtype=float32),
                             array([0. , 0. , 0. , 0.4, 0. , 1. ], dtype=float32)],
                 pi=[0.4783047426841574, 0.5216952573158425],
                 z=-1.0),
 SelfPlayExample(state_tensor=array([[[1. , 0. , 1. , 1. , 1. , 1. , 1. , 0. , 1. ],
        [0. , 1. , 0. , 0. , 0. , 0. , 0. , 1. , 0. ],
        [1. , 0. , 1. , 0. , 0. , 0. , 1. , 0. , 1. ],
        [1. , 0. , 0. , 1. , 0. , 1. , 0. , 0. , 1. ],
        [1. , 0. , 0. , 0. , 1. , 0. , 0. , 0. , 1. ],
        [1. , 0. , 0. , 1. , 0. , 1. , 0. , 0. , 1. ],
        [1. , 0. , 1. , 0. , 0. , 0. , 1. , 0. , 1. ],
        [0. , 1. , 0. , 0. , 0. , 0. , 0. , 1. , 0. ],
        [1. , 0. , 1. , 1. , 1. , 1. , 1. , 0. , 1. ]],

       [[0. , 0. , 0. , 0. , 0. , 0. , 0. , 0. , 0. ],
        [0. , 0. , 0. , 0. , 0. , 0. , 0. , 0. , 0. ],
        [0. , 0. , 0. , 0. , 0. , 0. , 0. , 0. , 0. ],
        [0. , 0. , 0. , 0. , 0. , 0. , 0. , 0. , 1. ],
        [0. , 0. , 0. , 0. , 0. , 0. , 0. , 0. , 1. ],
        [0. , 0. , 0. , 0. , 0. , 0. , 0. , 0. , 1. ],
        [0. , 0. , 0. , 0. , 0. , 0. , 1. , 0. , 1. ],
        [0. , 0. , 0. , 0. , 0. , 0. , 0. , 1. , 0. ],
        [0. , 0. , 0. , 0. , 0. , 0. , 1. , 0. , 1. ]],

       [[0. , 0. , 0. , 0. , 0. , 0. , 0. , 0. , 0. ],
        [0. , 0. , 0. , 0. , 0. , 0. , 0. , 0. , 0. ],
        [0. , 0. , 0. , 0. , 0. , 0. , 0. , 0. , 0. ],
        [0. , 0. , 0. , 0. , 0. , 0. , 0. , 0. , 0. ],
        [0. , 0. , 0. , 0. , 0. , 0. , 0. , 0. , 0. ],
        [0. , 0. , 0. , 0. , 0. , 0. , 0. , 0. , 0. ],
        [0. , 0. , 1. , 0. , 0. , 0. , 0. , 0. , 0. ],
        [0. , 1. , 0. , 0. , 0. , 0. , 0. , 0. , 0. ],
        [1. , 0. , 1. , 1. , 1. , 1. , 0. , 0. , 0. ]],

       [[1. , 0. , 1. , 1. , 1. , 1. , 0. , 0. , 0. ],
        [0. , 1. , 0. , 0. , 0. , 0. , 0. , 0. , 0. ],
        [1. , 0. , 1. , 0. , 0. , 0. , 1. , 0. , 0. ],
        [1. , 0. , 0. , 1. , 0. , 1. , 0. , 0. , 0. ],
        [1. , 0. , 0. , 0. , 1. , 0. , 0. , 0. , 0. ],
        [1. , 0. , 0. , 1. , 0. , 1. , 0. , 0. , 0. ],
        [1. , 0. , 0. , 0. , 0. , 0. , 0. , 0. , 0. ],
        [0. , 0. , 0. , 0. , 0. , 0. , 0. , 0. , 0. ],
        [0. , 0. , 0. , 0. , 0. , 0. , 0. , 0. , 0. ]],

       [[0. , 0. , 0. , 0. , 0. , 0. , 1. , 0. , 1. ],
        [0. , 0. , 0. , 0. , 0. , 0. , 0. , 1. , 0. ],
        [0. , 0. , 0. , 0. , 0. , 0. , 0. , 0. , 1. ],
        [0. , 0. , 0. , 0. , 0. , 0. , 0. , 0. , 0. ],
        [0. , 0. , 0. , 0. , 0. , 0. , 0. , 0. , 0. ],
        [0. , 0. , 0. , 0. , 0. , 0. , 0. , 0. , 0. ],
        [0. , 0. , 0. , 0. , 0. , 0. , 0. , 0. , 0. ],
        [0. , 0. , 0. , 0. , 0. , 0. , 0. , 0. , 0. ],
        [0. , 0. , 0. , 0. , 0. , 0. , 0. , 0. , 0. ]],

       [[1. , 0. , 0. , 0. , 0. , 0. , 0. , 0. , 1. ],
        [0. , 0. , 0. , 0. , 0. , 0. , 0. , 0. , 0. ],
        [0. , 0. , 0. , 0. , 0. , 0. , 0. , 0. , 0. ],
        [0. , 0. , 0. , 0. , 0. , 0. , 0. , 0. , 0. ],
        [0. , 0. , 0. , 0. , 0. , 0. , 0. , 0. , 0. ],
        [0. , 0. , 0. , 0. , 0. , 0. , 0. , 0. , 0. ],
        [0. , 0. , 0. , 0. , 0. , 0. , 0. , 0. , 0. ],
        [0. , 0. , 0. , 0. , 0. , 0. , 0. , 0. , 0. ],
        [1. , 0. , 0. , 0. , 0. , 0. , 0. , 0. , 1. ]],

       [[2. , 0. , 0.4, 0.4, 0.4, 0.4, 0.4, 0. , 2. ],
        [0. , 0.4, 0. , 0. , 0. , 0. , 0. , 0.4, 0. ],
        [0.4, 0. , 0.4, 0. , 0. , 0. , 0.4, 0. , 0.4],
        [0.4, 0. , 0. , 0.4, 0. , 0.4, 0. , 0. , 0.4],
        [0.4, 0. , 0. , 0. , 3. , 0. , 0. , 0. , 0.4],
        [0.4, 0. , 0. , 0.4, 0. , 0.4, 0. , 0. , 0.4],
        [0.4, 0. , 0.4, 0. , 0. , 0. , 0.4, 0. , 0.4],
        [0. , 0.4, 0. , 0. , 0. , 0. , 0. , 0.4, 0. ],
        [2. , 0. , 0.4, 0.4, 0.4, 0.4, 0.4, 0. , 2. ]],

       [[1.7, 0. , 0.8, 0. , 0. , 0. , 0.5, 0. , 0.4],
        [0. , 0.4, 0. , 0. , 0. , 0. , 0. , 0. , 0. ],
        [0. , 0. , 0. , 0. , 0. , 0. , 0.2, 0. , 0.2],
        [1. , 0. , 0. , 0. , 0. , 0. , 0. , 0. , 0. ],
        [1. , 0. , 0. , 0. , 0. , 0. , 0. , 0. , 0. ],
        [1. , 0. , 0. , 0.6, 0. , 0.2, 0. , 0. , 0. ],
        [1.2, 0. , 0. , 0. , 0. , 0. , 1.3, 0. , 0. ],
        [0. , 4. , 0. , 0. , 0. , 0. , 0. , 0.1, 0. ],
        [0.6, 0. , 0. , 0. , 0. , 0. , 4.4, 0. , 0.8]],

       [[1.3, 0. , 0. , 0. , 0. , 0. , 0. , 0. , 0. ],
        [0. , 0.1, 0. , 0. , 0. , 0. , 0. , 0. , 0. ],
        [0. , 0. , 0. , 0. , 0. , 0. , 0. , 0. , 0. ],
        [0.1, 0. , 0. , 0. , 0. , 0. , 0. , 0. , 0. ],
        [0.1, 0. , 0. , 0. , 0. , 0. , 0. , 0. , 0. ],
        [0.1, 0. , 0. , 0.6, 0. , 0. , 0. , 0. , 0. ],
        [0.5, 0. , 0. , 0. , 0. , 0. , 0.5, 0. , 0. ],
        [0. , 1.1, 0. , 0. , 0. , 0. , 0. , 0.1, 0. ],
        [0.1, 0. , 0. , 0. , 0. , 0. , 2. , 0. , 0.3]],

       [[0.3, 0. , 0.2, 0. , 0. , 0. , 0.3, 0. , 0.3],
        [0. , 0.3, 0. , 0. , 0. , 0. , 0. , 0. , 0. ],
        [0. , 0. , 0. , 0. , 0. , 0. , 0. , 0. , 0. ],
        [0.9, 0. , 0. , 0. , 0. , 0. , 0. , 0. , 0. ],
        [0.9, 0. , 0. , 0. , 0. , 0. , 0. , 0. , 0. ],
        [0.9, 0. , 0. , 0. , 0. , 0.2, 0. , 0. , 0. ],
        [0. , 0. , 0. , 0. , 0. , 0. , 0. , 0. , 0. ],
        [0. , 1.8, 0. , 0. , 0. , 0. , 0. , 0. , 0. ],
        [0.3, 0. , 0. , 0. , 0. , 0. , 1. , 0. , 0.1]],

       [[0. , 0. , 0.6, 0. , 0. , 0. , 0.2, 0. , 0. ],
        [0. , 0. , 0. , 0. , 0. , 0. , 0. , 0. , 0. ],
        [0. , 0. , 0. , 0. , 0. , 0. , 0.2, 0. , 0.2],
        [0. , 0. , 0. , 0. , 0. , 0. , 0. , 0. , 0. ],
        [0. , 0. , 0. , 0. , 0. , 0. , 0. , 0. , 0. ],
        [0. , 0. , 0. , 0. , 0. , 0. , 0. , 0. , 0. ],
        [0.7, 0. , 0. , 0. , 0. , 0. , 0.8, 0. , 0. ],
        [0. , 1.1, 0. , 0. , 0. , 0. , 0. , 0. , 0. ],
        [0.1, 0. , 0. , 0. , 0. , 0. , 1.4, 0. , 0.3]],

       [[0. , 0. , 0. , 0. , 0. , 0. , 0. , 0. , 0. ],
        [0. , 0. , 0. , 0. , 0. , 0. , 0. , 0. , 0. ],
        [0. , 0. , 0. , 0. , 0. , 0. , 0. , 0. , 0. ],
        [0. , 0. , 0. , 0. , 0. , 0. , 0. , 0. , 0. ],
        [0. , 0. , 0. , 0. , 0. , 0. , 0. , 0. , 0. ],
        [0. , 0. , 0. , 0. , 0. , 0. , 0. , 0. , 0. ],
        [0. , 0. , 0. , 0. , 0. , 0. , 0. , 0. , 0. ],
        [0. , 0. , 0. , 0. , 0. , 0. , 0. , 0. , 0. ],
        [0. , 0. , 0. , 0. , 0. , 0. , 0. , 0. , 0. ]]], dtype=float32),
                 move_feats=[array([2.4, 0.8, 0. , 0.4, 0.2, 0. ], dtype=float32),
                             array([0. , 0. , 0. , 0.4, 0. , 1. ], dtype=float32)],
                 pi=[0.37613751263902934, 0.6238624873609707],
                 z=-1.0),
 SelfPlayExample(state_tensor=array([[[1. , 0. , 1. , 1. , 1. , 1. , 1. , 0. , 1. ],
        [0. , 1. , 0. , 0. , 0. , 0. , 0. , 1. , 0. ],
        [1. , 0. , 1. , 0. , 0. , 0. , 1. , 0. , 1. ],
        [1. , 0. , 0. , 1. , 0. , 1. , 0. , 0. , 1. ],
        [1. , 0. , 0. , 0. , 1. , 0. , 0. , 0. , 1. ],
        [1. , 0. , 0. , 1. , 0. , 1. , 0. , 0. , 1. ],
        [1. , 0. , 1. , 0. , 0. , 0. , 1. , 0. , 1. ],
        [0. , 1. , 0. , 0. , 0. , 0. , 0. , 1. , 0. ],
        [1. , 0. , 1. , 1. , 1. , 1. , 1. , 0. , 1. ]],

       [[0. , 0. , 0. , 0. , 0. , 0. , 0. , 0. , 0. ],
        [0. , 0. , 0. , 0. , 0. , 0. , 0. , 0. , 0. ],
        [0. , 0. , 0. , 0. , 0. , 0. , 0. , 0. , 0. ],
        [0. , 0. , 0. , 0. , 0. , 0. , 0. , 0. , 1. ],
        [0. , 0. , 0. , 0. , 0. , 0. , 0. , 0. , 1. ],
        [0. , 0. , 0. , 0. , 0. , 0. , 0. , 0. , 1. ],
        [0. , 0. , 0. , 0. , 0. , 0. , 1. , 0. , 1. ],
        [0. , 0. , 0. , 0. , 0. , 0. , 0. , 1. , 0. ],
        [0. , 0. , 0. , 0. , 0. , 0. , 1. , 0. , 1. ]],

       [[0. , 0. , 0. , 0. , 0. , 0. , 0. , 0. , 0. ],
        [0. , 0. , 0. , 0. , 0. , 0. , 0. , 0. , 0. ],
        [0. , 0. , 0. , 0. , 0. , 0. , 0. , 0. , 0. ],
        [0. , 0. , 0. , 0. , 0. , 0. , 0. , 0. , 0. ],
        [0. , 0. , 0. , 0. , 0. , 0. , 0. , 0. , 0. ],
        [0. , 0. , 0. , 0. , 0. , 0. , 0. , 0. , 0. ],
        [1. , 0. , 0. , 0. , 0. , 0. , 0. , 0. , 0. ],
        [0. , 1. , 0. , 0. , 0. , 0. , 0. , 0. , 0. ],
        [1. , 0. , 1. , 1. , 1. , 1. , 0. , 0. , 0. ]],

       [[1. , 0. , 1. , 1. , 1. , 1. , 1. , 0. , 0. ],
        [0. , 1. , 0. , 0. , 0. , 0. , 0. , 0. , 0. ],
        [1. , 0. , 1. , 0. , 0. , 0. , 1. , 0. , 0. ],
        [1. , 0. , 0. , 1. , 0. , 1. , 0. , 0. , 0. ],
        [1. , 0. , 0. , 0. , 1. , 0. , 0. , 0. , 0. ],
        [1. , 0. , 0. , 1. , 0. , 1. , 0. , 0. , 0. ],
        [0. , 0. , 1. , 0. , 0. , 0. , 0. , 0. , 0. ],
        [0. , 0. , 0. , 0. , 0. , 0. , 0. , 0. , 0. ],
        [0. , 0. , 0. , 0. , 0. , 0. , 0. , 0. , 0. ]],

       [[0. , 0. , 0. , 0. , 0. , 0. , 0. , 0. , 1. ],
        [0. , 0. , 0. , 0. , 0. , 0. , 0. , 1. , 0. ],
        [0. , 0. , 0. , 0. , 0. , 0. , 0. , 0. , 1. ],
        [0. , 0. , 0. , 0. , 0. , 0. , 0. , 0. , 0. ],
        [0. , 0. , 0. , 0. , 0. , 0. , 0. , 0. , 0. ],
        [0. , 0. , 0. , 0. , 0. , 0. , 0. , 0. , 0. ],
        [0. , 0. , 0. , 0. , 0. , 0. , 0. , 0. , 0. ],
        [0. , 0. , 0. , 0. , 0. , 0. , 0. , 0. , 0. ],
        [0. , 0. , 0. , 0. , 0. , 0. , 0. , 0. , 0. ]],

       [[1. , 0. , 0. , 0. , 0. , 0. , 0. , 0. , 1. ],
        [0. , 0. , 0. , 0. , 0. , 0. , 0. , 0. , 0. ],
        [0. , 0. , 0. , 0. , 0. , 0. , 0. , 0. , 0. ],
        [0. , 0. , 0. , 0. , 0. , 0. , 0. , 0. , 0. ],
        [0. , 0. , 0. , 0. , 0. , 0. , 0. , 0. , 0. ],
        [0. , 0. , 0. , 0. , 0. , 0. , 0. , 0. , 0. ],
        [0. , 0. , 0. , 0. , 0. , 0. , 0. , 0. , 0. ],
        [0. , 0. , 0. , 0. , 0. , 0. , 0. , 0. , 0. ],
        [1. , 0. , 0. , 0. , 0. , 0. , 0. , 0. , 1. ]],

       [[2. , 0. , 0.4, 0.4, 0.4, 0.4, 0.4, 0. , 2. ],
        [0. , 0.4, 0. , 0. , 0. , 0. , 0. , 0.4, 0. ],
        [0.4, 0. , 0.4, 0. , 0. , 0. , 0.4, 0. , 0.4],
        [0.4, 0. , 0. , 0.4, 0. , 0.4, 0. , 0. , 0.4],
        [0.4, 0. , 0. , 0. , 3. , 0. , 0. , 0. , 0.4],
        [0.4, 0. , 0. , 0.4, 0. , 0.4, 0. , 0. , 0.4],
        [0.4, 0. , 0.4, 0. , 0. , 0. , 0.4, 0. , 0.4],
        [0. , 0.4, 0. , 0. , 0. , 0. , 0. , 0.4, 0. ],
        [2. , 0. , 0.4, 0.4, 0.4, 0.4, 0.4, 0. , 2. ]],

       [[1.4, 0. , 0. , 0. , 0. , 0. , 0.5, 0. , 0.5],
        [0. , 1.8, 0. , 0. , 0. , 0. , 0. , 0.5, 0. ],
        [0.4, 0. , 0. , 0. , 0. , 0. , 0. , 0. , 0. ],
        [1. , 0. , 0. , 0. , 0. , 0. , 0. , 0. , 0. ],
        [1. , 0. , 0. , 0. , 0. , 0. , 0. , 0. , 0. ],
        [1. , 0. , 0. , 0. , 0. , 0.2, 0. , 0. , 0. ],
        [3.4, 0. , 0.6, 0. , 0. , 0. , 1.3, 0. , 0. ],
        [0. , 0.4, 0. , 0. , 0. , 0. , 0. , 0.4, 0. ],
        [0.6, 0. , 0. , 0. , 0. , 0. , 4.8, 0. , 0.7]],

       [[0.5, 0. , 0. , 0. , 0. , 0. , 0. , 0. , 0.1],
        [0. , 1.3, 0. , 0. , 0. , 0. , 0. , 0. , 0. ],
        [0.1, 0. , 0. , 0. , 0. , 0. , 0. , 0. , 0. ],
        [0.1, 0. , 0. , 0. , 0. , 0. , 0. , 0. , 0. ],
        [0.1, 0. , 0. , 0. , 0. , 0. , 0. , 0. , 0. ],
        [0.1, 0. , 0. , 0. , 0. , 0. , 0. , 0. , 0. ],
        [0.5, 0. , 0.6, 0. , 0. , 0. , 0.5, 0. , 0. ],
        [0. , 0.1, 0. , 0. , 0. , 0. , 0. , 0.3, 0. ],
        [0.2, 0. , 0. , 0. , 0. , 0. , 2.1, 0. , 0.3]],

       [[0.4, 0. , 0. , 0. , 0. , 0. , 0. , 0. , 0.2],
        [0. , 0.5, 0. , 0. , 0. , 0. , 0. , 0.3, 0. ],
        [0.3, 0. , 0. , 0. , 0. , 0. , 0. , 0. , 0. ],
        [0.9, 0. , 0. , 0. , 0. , 0. , 0. , 0. , 0. ],
        [0.9, 0. , 0. , 0. , 0. , 0. , 0. , 0. , 0. ],
        [0.9, 0. , 0. , 0. , 0. , 0.2, 0. , 0. , 0. ],
        [1.8, 0. , 0. , 0. , 0. , 0. , 0. , 0. , 0. ],
        [0. , 0.3, 0. , 0. , 0. , 0. , 0. , 0.1, 0. ],
        [0.1, 0. , 0. , 0. , 0. , 0. , 1. , 0. , 0.2]],

       [[0.4, 0. , 0. , 0. , 0. , 0. , 0.5, 0. , 0.1],
        [0. , 0. , 0. , 0. , 0. , 0. , 0. , 0.2, 0. ],
        [0. , 0. , 0. , 0. , 0. , 0. , 0. , 0. , 0. ],
        [0. , 0. , 0. , 0. , 0. , 0. , 0. , 0. , 0. ],
        [0. , 0. , 0. , 0. , 0. , 0. , 0. , 0. , 0. ],
        [0. , 0. , 0. , 0. , 0. , 0. , 0. , 0. , 0. ],
        [1.1, 0. , 0. , 0. , 0. , 0. , 0.8, 0. , 0. ],
        [0. , 0. , 0. , 0. , 0. , 0. , 0. , 0. , 0. ],
        [0.2, 0. , 0. , 0. , 0. , 0. , 1.7, 0. , 0.1]],

       [[0. , 0. , 0. , 0. , 0. , 0. , 0. , 0. , 0. ],
        [0. , 0. , 0. , 0. , 0. , 0. , 0. , 0. , 0. ],
        [0. , 0. , 0. , 0. , 0. , 0. , 0. , 0. , 0. ],
        [0. , 0. , 0. , 0. , 0. , 0. , 0. , 0. , 0. ],
        [0. , 0. , 0. , 0. , 0. , 0. , 0. , 0. , 0. ],
        [0. , 0. , 0. , 0. , 0. , 0. , 0. , 0. , 0. ],
        [0. , 0. , 0. , 0. , 0. , 0. , 0. , 0. , 0. ],
        [0. , 0. , 0. , 0. , 0. , 0. , 0. , 0. , 0. ],
        [0. , 0. , 0. , 0. , 0. , 0. , 0. , 0. , 0. ]]], dtype=float32),
                 move_feats=[array([2.4, 0.8, 0. , 0.4, 0.2, 0. ], dtype=float32),
                             array([0. , 0. , 0. , 0.4, 0. , 1. ], dtype=float32)],
                 pi=[0.3635116598079561, 0.6364883401920439],
                 z=-1.0),
 SelfPlayExample(state_tensor=array([[[1. , 0. , 1. , 1. , 1. , 1. , 1. , 0. , 1. ],
        [0. , 1. , 0. , 0. , 0. , 0. , 0. , 1. , 0. ],
        [1. , 0. , 1. , 0. , 0. , 0. , 1. , 0. , 1. ],
        [1. , 0. , 0. , 1. , 0. , 1. , 0. , 0. , 1. ],
        [1. , 0. , 0. , 0. , 1. , 0. , 0. , 0. , 1. ],
        [1. , 0. , 0. , 1. , 0. , 1. , 0. , 0. , 1. ],
        [1. , 0. , 1. , 0. , 0. , 0. , 1. , 0. , 1. ],
        [0. , 1. , 0. , 0. , 0. , 0. , 0. , 1. , 0. ],
        [1. , 0. , 1. , 1. , 1. , 1. , 1. , 0. , 1. ]],

       [[0. , 0. , 0. , 0. , 0. , 0. , 0. , 0. , 0. ],
        [0. , 0. , 0. , 0. , 0. , 0. , 0. , 0. , 0. ],
        [0. , 0. , 0. , 0. , 0. , 0. , 0. , 0. , 0. ],
        [0. , 0. , 0. , 0. , 0. , 0. , 0. , 0. , 1. ],
        [0. , 0. , 0. , 0. , 0. , 0. , 0. , 0. , 1. ],
        [0. , 0. , 0. , 0. , 0. , 0. , 0. , 0. , 1. ],
        [0. , 0. , 0. , 0. , 0. , 0. , 1. , 0. , 1. ],
        [0. , 0. , 0. , 0. , 0. , 0. , 0. , 1. , 0. ],
        [0. , 0. , 0. , 0. , 0. , 0. , 1. , 0. , 1. ]],

       [[0. , 0. , 0. , 0. , 0. , 0. , 0. , 0. , 0. ],
        [0. , 0. , 0. , 0. , 0. , 0. , 0. , 0. , 0. ],
        [0. , 0. , 0. , 0. , 0. , 0. , 0. , 0. , 0. ],
        [1. , 0. , 0. , 0. , 0. , 0. , 0. , 0. , 0. ],
        [1. , 0. , 0. , 0. , 0. , 0. , 0. , 0. , 0. ],
        [1. , 0. , 0. , 0. , 0. , 0. , 0. , 0. , 0. ],
        [1. , 0. , 0. , 0. , 0. , 0. , 0. , 0. , 0. ],
        [0. , 1. , 0. , 0. , 0. , 0. , 0. , 0. , 0. ],
        [1. , 0. , 1. , 1. , 1. , 1. , 0. , 0. , 0. ]],

       [[1. , 0. , 1. , 1. , 1. , 1. , 1. , 0. , 0. ],
        [0. , 1. , 0. , 0. , 0. , 0. , 0. , 0. , 0. ],
        [1. , 0. , 1. , 0. , 0. , 0. , 1. , 0. , 0. ],
        [0. , 0. , 0. , 1. , 0. , 1. , 0. , 0. , 0. ],
        [0. , 0. , 0. , 0. , 1. , 0. , 0. , 0. , 0. ],
        [0. , 0. , 0. , 1. , 0. , 1. , 0. , 0. , 0. ],
        [0. , 0. , 1. , 0. , 0. , 0. , 0. , 0. , 0. ],
        [0. , 0. , 0. , 0. , 0. , 0. , 0. , 0. , 0. ],
        [0. , 0. , 0. , 0. , 0. , 0. , 0. , 0. , 0. ]],

       [[0. , 0. , 0. , 0. , 0. , 0. , 0. , 0. , 1. ],
        [0. , 0. , 0. , 0. , 0. , 0. , 0. , 1. , 0. ],
        [0. , 0. , 0. , 0. , 0. , 0. , 0. , 0. , 1. ],
        [0. , 0. , 0. , 0. , 0. , 0. , 0. , 0. , 0. ],
        [0. , 0. , 0. , 0. , 0. , 0. , 0. , 0. , 0. ],
        [0. , 0. , 0. , 0. , 0. , 0. , 0. , 0. , 0. ],
        [0. , 0. , 0. , 0. , 0. , 0. , 0. , 0. , 0. ],
        [0. , 0. , 0. , 0. , 0. , 0. , 0. , 0. , 0. ],
        [0. , 0. , 0. , 0. , 0. , 0. , 0. , 0. , 0. ]],

       [[1. , 0. , 0. , 0. , 0. , 0. , 0. , 0. , 1. ],
        [0. , 0. , 0. , 0. , 0. , 0. , 0. , 0. , 0. ],
        [0. , 0. , 0. , 0. , 0. , 0. , 0. , 0. , 0. ],
        [0. , 0. , 0. , 0. , 0. , 0. , 0. , 0. , 0. ],
        [0. , 0. , 0. , 0. , 0. , 0. , 0. , 0. , 0. ],
        [0. , 0. , 0. , 0. , 0. , 0. , 0. , 0. , 0. ],
        [0. , 0. , 0. , 0. , 0. , 0. , 0. , 0. , 0. ],
        [0. , 0. , 0. , 0. , 0. , 0. , 0. , 0. , 0. ],
        [1. , 0. , 0. , 0. , 0. , 0. , 0. , 0. , 1. ]],

       [[2. , 0. , 0.4, 0.4, 0.4, 0.4, 0.4, 0. , 2. ],
        [0. , 0.4, 0. , 0. , 0. , 0. , 0. , 0.4, 0. ],
        [0.4, 0. , 0.4, 0. , 0. , 0. , 0.4, 0. , 0.4],
        [0.4, 0. , 0. , 0.4, 0. , 0.4, 0. , 0. , 0.4],
        [0.4, 0. , 0. , 0. , 3. , 0. , 0. , 0. , 0.4],
        [0.4, 0. , 0. , 0.4, 0. , 0.4, 0. , 0. , 0.4],
        [0.4, 0. , 0.4, 0. , 0. , 0. , 0.4, 0. , 0.4],
        [0. , 0.4, 0. , 0. , 0. , 0. , 0. , 0.4, 0. ],
        [2. , 0. , 0.4, 0.4, 0.4, 0.4, 0.4, 0. , 2. ]],

       [[1.2, 0. , 0. , 0. , 0. , 0. , 0. , 0. , 0.4],
        [0. , 0.9, 0. , 0. , 0. , 0. , 0. , 0.2, 0. ],
        [2.4, 0. , 0. , 0. , 0. , 0. , 0. , 0. , 0. ],
        [0.6, 0. , 0. , 0. , 0. , 0. , 0. , 0. , 0. ],
        [0.6, 0. , 0. , 0. , 0. , 0. , 0. , 0. , 0. ],
        [0.6, 0. , 0. , 0. , 0. , 0.2, 0. , 0. , 0. ],
        [0. , 0. , 0.6, 0. , 0. , 0. , 1.3, 0. , 0. ],
        [0. , 3.2, 0. , 0. , 0. , 0. , 0. , 0.5, 0. ],
        [0.6, 0. , 0. , 0. , 0. , 0. , 5.3, 0. , 0.7]],

       [[0. , 0. , 0. , 0. , 0. , 0. , 0. , 0. , 0. ],
        [0. , 0.5, 0. , 0. , 0. , 0. , 0. , 0. , 0. ],
        [1.4, 0. , 0. , 0. , 0. , 0. , 0. , 0. , 0. ],
        [0. , 0. , 0. , 0. , 0. , 0. , 0. , 0. , 0. ],
        [0. , 0. , 0. , 0. , 0. , 0. , 0. , 0. , 0. ],
        [0. , 0. , 0. , 0. , 0. , 0. , 0. , 0. , 0. ],
        [0. , 0. , 0.6, 0. , 0. , 0. , 0.5, 0. , 0. ],
        [0. , 0.8, 0. , 0. , 0. , 0. , 0. , 0.3, 0. ],
        [0.1, 0. , 0. , 0. , 0. , 0. , 2.4, 0. , 0.4]],

       [[0.2, 0. , 0. , 0. , 0. , 0. , 0. , 0. , 0.1],
        [0. , 0.4, 0. , 0. , 0. , 0. , 0. , 0.1, 0. ],
        [0.6, 0. , 0. , 0. , 0. , 0. , 0. , 0. , 0. ],
        [0. , 0. , 0. , 0. , 0. , 0. , 0. , 0. , 0. ],
        [0. , 0. , 0. , 0. , 0. , 0. , 0. , 0. , 0. ],
        [0. , 0. , 0. , 0. , 0. , 0.2, 0. , 0. , 0. ],
        [0. , 0. , 0. , 0. , 0. , 0. , 0. , 0. , 0. ],
        [0. , 2.2, 0. , 0. , 0. , 0. , 0. , 0.2, 0. ],
        [0.3, 0. , 0. , 0. , 0. , 0. , 1.1, 0. , 0.2]],

       [[0.9, 0. , 0. , 0. , 0. , 0. , 0. , 0. , 0.2],
        [0. , 0. , 0. , 0. , 0. , 0. , 0. , 0.1, 0. ],
        [0.4, 0. , 0. , 0. , 0. , 0. , 0. , 0. , 0. ],
        [0.6, 0. , 0. , 0. , 0. , 0. , 0. , 0. , 0. ],
        [0.6, 0. , 0. , 0. , 0. , 0. , 0. , 0. , 0. ],
        [0.6, 0. , 0. , 0. , 0. , 0. , 0. , 0. , 0. ],
        [0. , 0. , 0. , 0. , 0. , 0. , 0.8, 0. , 0. ],
        [0. , 0.2, 0. , 0. , 0. , 0. , 0. , 0. , 0. ],
        [0.1, 0. , 0. , 0. , 0. , 0. , 1.8, 0. , 0. ]],

       [[0. , 0. , 0. , 0. , 0. , 0. , 0. , 0. , 0. ],
        [0. , 0. , 0. , 0. , 0. , 0. , 0. , 0. , 0. ],
        [0. , 0. , 0. , 0. , 0. , 0. , 0. , 0. , 0. ],
        [0. , 0. , 0. , 0. , 0. , 0. , 0. , 0. , 0. ],
        [0. , 0. , 0. , 0. , 0. , 0. , 0. , 0. , 0. ],
        [0. , 0. , 0. , 0. , 0. , 0. , 0. , 0. , 0. ],
        [0. , 0. , 0. , 0. , 0. , 0. , 0. , 0. , 0. ],
        [0. , 0. , 0. , 0. , 0. , 0. , 0. , 0. , 0. ],
        [0. , 0. , 0. , 0. , 0. , 0. , 0. , 0. , 0. ]]], dtype=float32),
                 move_feats=[array([2.4, 0.8, 0. , 0.4, 0.2, 0. ], dtype=float32),
                             array([0. , 0. , 0. , 0.4, 0. , 1. ], dtype=float32)],
                 pi=[0.42857142857142855, 0.5714285714285714],
                 z=-1.0),
 SelfPlayExample(state_tensor=array([[[1. , 0. , 1. , 1. , 1. , 1. , 1. , 0. , 1. ],
        [0. , 1. , 0. , 0. , 0. , 0. , 0. , 1. , 0. ],
        [1. , 0. , 1. , 0. , 0. , 0. , 1. , 0. , 1. ],
        [1. , 0. , 0. , 1. , 0. , 1. , 0. , 0. , 1. ],
        [1. , 0. , 0. , 0. , 1. , 0. , 0. , 0. , 1. ],
        [1. , 0. , 0. , 1. , 0. , 1. , 0. , 0. , 1. ],
        [1. , 0. , 1. , 0. , 0. , 0. , 1. , 0. , 1. ],
        [0. , 1. , 0. , 0. , 0. , 0. , 0. , 1. , 0. ],
        [1. , 0. , 1. , 1. , 1. , 1. , 1. , 0. , 1. ]],

       [[0. , 0. , 0. , 0. , 0. , 0. , 0. , 0. , 0. ],
        [0. , 0. , 0. , 0. , 0. , 0. , 0. , 0. , 0. ],
        [0. , 0. , 0. , 0. , 0. , 0. , 0. , 0. , 0. ],
        [0. , 0. , 0. , 0. , 0. , 0. , 0. , 0. , 1. ],
        [0. , 0. , 0. , 0. , 0. , 0. , 0. , 0. , 1. ],
        [0. , 0. , 0. , 0. , 0. , 0. , 0. , 0. , 1. ],
        [0. , 0. , 0. , 0. , 0. , 0. , 1. , 0. , 1. ],
        [0. , 0. , 0. , 0. , 0. , 0. , 0. , 1. , 0. ],
        [0. , 0. , 0. , 1. , 1. , 1. , 1. , 0. , 1. ]],

       [[0. , 0. , 0. , 0. , 0. , 0. , 0. , 0. , 0. ],
        [0. , 0. , 0. , 0. , 0. , 0. , 0. , 0. , 0. ],
        [0. , 0. , 0. , 0. , 0. , 0. , 0. , 0. , 0. ],
        [0. , 0. , 0. , 0. , 0. , 0. , 0. , 0. , 0. ],
        [0. , 0. , 0. , 0. , 0. , 0. , 0. , 0. , 0. ],
        [0. , 0. , 0. , 0. , 0. , 0. , 0. , 0. , 0. ],
        [1. , 0. , 1. , 0. , 0. , 0. , 0. , 0. , 0. ],
        [0. , 1. , 0. , 0. , 0. , 0. , 0. , 0. , 0. ],
        [1. , 0. , 1. , 0. , 0. , 0. , 0. , 0. , 0. ]],

       [[1. , 0. , 1. , 1. , 1. , 1. , 1. , 0. , 0. ],
        [0. , 1. , 0. , 0. , 0. , 0. , 0. , 0. , 0. ],
        [1. , 0. , 1. , 0. , 0. , 0. , 1. , 0. , 0. ],
        [1. , 0. , 0. , 1. , 0. , 1. , 0. , 0. , 0. ],
        [1. , 0. , 0. , 0. , 1. , 0. , 0. , 0. , 0. ],
        [1. , 0. , 0. , 1. , 0. , 1. , 0. , 0. , 0. ],
        [0. , 0. , 0. , 0. , 0. , 0. , 0. , 0. , 0. ],
        [0. , 0. , 0. , 0. , 0. , 0. , 0. , 0. , 0. ],
        [0. , 0. , 0. , 0. , 0. , 0. , 0. , 0. , 0. ]],

       [[0. , 0. , 0. , 0. , 0. , 0. , 0. , 0. , 1. ],
        [0. , 0. , 0. , 0. , 0. , 0. , 0. , 1. , 0. ],
        [0. , 0. , 0. , 0. , 0. , 0. , 0. , 0. , 1. ],
        [0. , 0. , 0. , 0. , 0. , 0. , 0. , 0. , 0. ],
        [0. , 0. , 0. , 0. , 0. , 0. , 0. , 0. , 0. ],
        [0. , 0. , 0. , 0. , 0. , 0. , 0. , 0. , 0. ],
        [0. , 0. , 0. , 0. , 0. , 0. , 0. , 0. , 0. ],
        [0. , 0. , 0. , 0. , 0. , 0. , 0. , 0. , 0. ],
        [0. , 0. , 0. , 0. , 0. , 0. , 0. , 0. , 0. ]],

       [[1. , 0. , 0. , 0. , 0. , 0. , 0. , 0. , 1. ],
        [0. , 0. , 0. , 0. , 0. , 0. , 0. , 0. , 0. ],
        [0. , 0. , 0. , 0. , 0. , 0. , 0. , 0. , 0. ],
        [0. , 0. , 0. , 0. , 0. , 0. , 0. , 0. , 0. ],
        [0. , 0. , 0. , 0. , 0. , 0. , 0. , 0. , 0. ],
        [0. , 0. , 0. , 0. , 0. , 0. , 0. , 0. , 0. ],
        [0. , 0. , 0. , 0. , 0. , 0. , 0. , 0. , 0. ],
        [0. , 0. , 0. , 0. , 0. , 0. , 0. , 0. , 0. ],
        [1. , 0. , 0. , 0. , 0. , 0. , 0. , 0. , 1. ]],

       [[2. , 0. , 0.4, 0.4, 0.4, 0.4, 0.4, 0. , 2. ],
        [0. , 0.4, 0. , 0. , 0. , 0. , 0. , 0.4, 0. ],
        [0.4, 0. , 0.4, 0. , 0. , 0. , 0.4, 0. , 0.4],
        [0.4, 0. , 0. , 0.4, 0. , 0.4, 0. , 0. , 0.4],
        [0.4, 0. , 0. , 0. , 3. , 0. , 0. , 0. , 0.4],
        [0.4, 0. , 0. , 0.4, 0. , 0.4, 0. , 0. , 0.4],
        [0.4, 0. , 0.4, 0. , 0. , 0. , 0.4, 0. , 0.4],
        [0. , 0.4, 0. , 0. , 0. , 0. , 0. , 0.4, 0. ],
        [2. , 0. , 0.4, 0.4, 0.4, 0.4, 0.4, 0. , 2. ]],

       [[1.7, 0. , 0. , 0. , 0. , 0. , 0. , 0. , 0.4],
        [0. , 0.2, 0. , 0. , 0. , 0. , 0. , 0.5, 0. ],
        [1.8, 0. , 0. , 0. , 0. , 0. , 0. , 0. , 0. ],
        [2.2, 0. , 0. , 0. , 0. , 0. , 0. , 0. , 0. ],
        [2.2, 0. , 0. , 0. , 0. , 0. , 0. , 0. , 0. ],
        [2.2, 0. , 0. , 0. , 0. , 0.2, 0. , 0. , 0. ],
        [0. , 0. , 2.1, 0. , 0. , 0. , 1.8, 0. , 0. ],
        [0. , 0.4, 0. , 0. , 0. , 0. , 0. , 0.6, 0. ],
        [0.6, 0. , 0.9, 5.3, 5.3, 5.3, 0. , 0. , 0.6]],

       [[1.4, 0. , 0. , 0. , 0. , 0. , 0. , 0. , 0. ],
        [0. , 0. , 0. , 0. , 0. , 0. , 0. , 0. , 0. ],
        [0.5, 0. , 0. , 0. , 0. , 0. , 0. , 0. , 0. ],
        [1.2, 0. , 0. , 0. , 0. , 0. , 0. , 0. , 0. ],
        [1.2, 0. , 0. , 0. , 0. , 0. , 0. , 0. , 0. ],
        [1.2, 0. , 0. , 0. , 0. , 0. , 0. , 0. , 0. ],
        [0. , 0. , 0. , 0. , 0. , 0. , 0.8, 0. , 0. ],
        [0. , 0.1, 0. , 0. , 0. , 0. , 0. , 0.4, 0. ],
        [0. , 0. , 0.8, 2.4, 2.4, 2.4, 0. , 0. , 0.1]],

       [[0.1, 0. , 0. , 0. , 0. , 0. , 0. , 0. , 0.1],
        [0. , 0.2, 0. , 0. , 0. , 0. , 0. , 0.2, 0. ],
        [0.4, 0. , 0. , 0. , 0. , 0. , 0. , 0. , 0. ],
        [0.6, 0. , 0. , 0. , 0. , 0. , 0. , 0. , 0. ],
        [0.6, 0. , 0. , 0. , 0. , 0. , 0. , 0. , 0. ],
        [0.6, 0. , 0. , 0. , 0. , 0.2, 0. , 0. , 0. ],
        [0. , 0. , 1.9, 0. , 0. , 0. , 0.2, 0. , 0. ],
        [0. , 0.3, 0. , 0. , 0. , 0. , 0. , 0.2, 0. ],
        [0.5, 0. , 0. , 1.1, 1.1, 1.1, 0. , 0. , 0.3]],

       [[0.1, 0. , 0. , 0. , 0. , 0. , 0. , 0. , 0.2],
        [0. , 0. , 0. , 0. , 0. , 0. , 0. , 0.3, 0. ],
        [0.9, 0. , 0. , 0. , 0. , 0. , 0. , 0. , 0. ],
        [0.4, 0. , 0. , 0. , 0. , 0. , 0. , 0. , 0. ],
        [0.4, 0. , 0. , 0. , 0. , 0. , 0. , 0. , 0. ],
        [0.4, 0. , 0. , 0. , 0. , 0. , 0. , 0. , 0. ],
        [0. , 0. , 0.2, 0. , 0. , 0. , 0.8, 0. , 0. ],
        [0. , 0. , 0. , 0. , 0. , 0. , 0. , 0. , 0. ],
        [0. , 0. , 0.1, 1.8, 1.8, 1.8, 0. , 0. , 0.1]],

       [[0. , 0. , 0. , 0. , 0. , 0. , 0. , 0. , 0. ],
        [0. , 0. , 0. , 0. , 0. , 0. , 0. , 0. , 0. ],
        [0. , 0. , 0. , 0. , 0. , 0. , 0. , 0. , 0. ],
        [0. , 0. , 0. , 0. , 0. , 0. , 0. , 0. , 0. ],
        [0. , 0. , 0. , 0. , 0. , 0. , 0. , 0. , 0. ],
        [0. , 0. , 0. , 0. , 0. , 0. , 0. , 0. , 0. ],
        [0. , 0. , 0. , 0. , 0. , 0. , 0. , 0. , 0. ],
        [0. , 0. , 0. , 0. , 0. , 0. , 0. , 0. , 0. ],
        [0. , 0. , 0. , 0. , 0. , 0. , 0. , 0. , 0. ]]], dtype=float32),
                 move_feats=[array([7.6, 2.9, 0. , 0.4, 0.4, 0. ], dtype=float32),
                             array([5.4, 1.8, 0. , 0.4, 0.2, 0. ], dtype=float32),
                             array([0. , 0. , 0. , 0.4, 0. , 1. ], dtype=float32)],
                 pi=[0.23769338959212377,
                     0.4838255977496484,
                     0.27848101265822783],
                 z=-1.0),
 SelfPlayExample(state_tensor=array([[[1. , 0. , 1. , 1. , 1. , 1. , 1. , 0. , 1. ],
        [0. , 1. , 0. , 0. , 0. , 0. , 0. , 1. , 0. ],
        [1. , 0. , 1. , 0. , 0. , 0. , 1. , 0. , 1. ],
        [1. , 0. , 0. , 1. , 0. , 1. , 0. , 0. , 1. ],
        [1. , 0. , 0. , 0. , 1. , 0. , 0. , 0. , 1. ],
        [1. , 0. , 0. , 1. , 0. , 1. , 0. , 0. , 1. ],
        [1. , 0. , 1. , 0. , 0. , 0. , 1. , 0. , 1. ],
        [0. , 1. , 0. , 0. , 0. , 0. , 0. , 1. , 0. ],
        [1. , 0. , 1. , 1. , 1. , 1. , 1. , 0. , 1. ]],

       [[0. , 0. , 0. , 0. , 0. , 0. , 0. , 0. , 0. ],
        [0. , 0. , 0. , 0. , 0. , 0. , 0. , 0. , 0. ],
        [0. , 0. , 0. , 0. , 0. , 0. , 0. , 0. , 0. ],
        [0. , 0. , 0. , 0. , 0. , 0. , 0. , 0. , 1. ],
        [0. , 0. , 0. , 0. , 0. , 0. , 0. , 0. , 1. ],
        [0. , 0. , 0. , 0. , 0. , 1. , 0. , 0. , 1. ],
        [0. , 0. , 0. , 0. , 0. , 0. , 1. , 0. , 1. ],
        [0. , 0. , 0. , 0. , 0. , 0. , 0. , 1. , 0. ],
        [0. , 0. , 1. , 1. , 1. , 1. , 1. , 0. , 1. ]],

       [[0. , 0. , 0. , 0. , 0. , 0. , 0. , 0. , 0. ],
        [0. , 0. , 0. , 0. , 0. , 0. , 0. , 0. , 0. ],
        [0. , 0. , 0. , 0. , 0. , 0. , 0. , 0. , 0. ],
        [0. , 0. , 0. , 0. , 0. , 0. , 0. , 0. , 0. ],
        [0. , 0. , 0. , 0. , 0. , 0. , 0. , 0. , 0. ],
        [0. , 0. , 0. , 1. , 0. , 0. , 0. , 0. , 0. ],
        [1. , 0. , 1. , 0. , 0. , 0. , 0. , 0. , 0. ],
        [0. , 1. , 0. , 0. , 0. , 0. , 0. , 0. , 0. ],
        [1. , 0. , 0. , 0. , 0. , 0. , 0. , 0. , 0. ]],

       [[1. , 0. , 1. , 1. , 1. , 1. , 1. , 0. , 0. ],
        [0. , 1. , 0. , 0. , 0. , 0. , 0. , 0. , 0. ],
        [1. , 0. , 1. , 0. , 0. , 0. , 1. , 0. , 0. ],
        [1. , 0. , 0. , 1. , 0. , 1. , 0. , 0. , 0. ],
        [1. , 0. , 0. , 0. , 1. , 0. , 0. , 0. , 0. ],
        [1. , 0. , 0. , 0. , 0. , 0. , 0. , 0. , 0. ],
        [0. , 0. , 0. , 0. , 0. , 0. , 0. , 0. , 0. ],
        [0. , 0. , 0. , 0. , 0. , 0. , 0. , 0. , 0. ],
        [0. , 0. , 0. , 0. , 0. , 0. , 0. , 0. , 0. ]],

       [[0. , 0. , 0. , 0. , 0. , 0. , 0. , 0. , 1. ],
        [0. , 0. , 0. , 0. , 0. , 0. , 0. , 1. , 0. ],
        [0. , 0. , 0. , 0. , 0. , 0. , 0. , 0. , 1. ],
        [0. , 0. , 0. , 0. , 0. , 0. , 0. , 0. , 0. ],
        [0. , 0. , 0. , 0. , 0. , 0. , 0. , 0. , 0. ],
        [0. , 0. , 0. , 0. , 0. , 0. , 0. , 0. , 0. ],
        [0. , 0. , 0. , 0. , 0. , 0. , 0. , 0. , 0. ],
        [0. , 0. , 0. , 0. , 0. , 0. , 0. , 0. , 0. ],
        [0. , 0. , 0. , 0. , 0. , 0. , 0. , 0. , 0. ]],

       [[1. , 0. , 0. , 0. , 0. , 0. , 0. , 0. , 1. ],
        [0. , 0. , 0. , 0. , 0. , 0. , 0. , 0. , 0. ],
        [0. , 0. , 0. , 0. , 0. , 0. , 0. , 0. , 0. ],
        [0. , 0. , 0. , 0. , 0. , 0. , 0. , 0. , 0. ],
        [0. , 0. , 0. , 0. , 0. , 0. , 0. , 0. , 0. ],
        [0. , 0. , 0. , 0. , 0. , 0. , 0. , 0. , 0. ],
        [0. , 0. , 0. , 0. , 0. , 0. , 0. , 0. , 0. ],
        [0. , 0. , 0. , 0. , 0. , 0. , 0. , 0. , 0. ],
        [1. , 0. , 0. , 0. , 0. , 0. , 0. , 0. , 1. ]],

       [[2. , 0. , 0.4, 0.4, 0.4, 0.4, 0.4, 0. , 2. ],
        [0. , 0.4, 0. , 0. , 0. , 0. , 0. , 0.4, 0. ],
        [0.4, 0. , 0.4, 0. , 0. , 0. , 0.4, 0. , 0.4],
        [0.4, 0. , 0. , 0.4, 0. , 0.4, 0. , 0. , 0.4],
        [0.4, 0. , 0. , 0. , 3. , 0. , 0. , 0. , 0.4],
        [0.4, 0. , 0. , 0.4, 0. , 0.4, 0. , 0. , 0.4],
        [0.4, 0. , 0.4, 0. , 0. , 0. , 0.4, 0. , 0.4],
        [0. , 0.4, 0. , 0. , 0. , 0. , 0. , 0.4, 0. ],
        [2. , 0. , 0.4, 0.4, 0.4, 0.4, 0.4, 0. , 2. ]],

       [[1.4, 0. , 0. , 0. , 0. , 0. , 0. , 0. , 0.4],
        [0. , 1.5, 0. , 0. , 0. , 0. , 0. , 0.8, 0. ],
        [0.3, 0. , 0. , 0. , 0. , 0. , 0. , 0. , 0. ],
        [4. , 0. , 0. , 0. , 0. , 0. , 0. , 0. , 0. ],
        [4. , 0. , 0. , 0. , 0. , 0. , 0. , 0. , 0. ],
        [4. , 0. , 0. , 0.2, 0. , 1.7, 0. , 0. , 0. ],
        [0. , 0. , 0. , 0. , 0. , 0. , 0. , 0. , 0.7],
        [0. , 2.8, 0. , 0. , 0. , 0. , 0. , 0.4, 0. ],
        [0.7, 0. , 5. , 0. , 0. , 0. , 0. , 0. , 0.6]],

       [[0.7, 0. , 0. , 0. , 0. , 0. , 0. , 0. , 0. ],
        [0. , 1.4, 0. , 0. , 0. , 0. , 0. , 0. , 0. ],
        [0. , 0. , 0. , 0. , 0. , 0. , 0. , 0. , 0. ],
        [1.7, 0. , 0. , 0. , 0. , 0. , 0. , 0. , 0. ],
        [1.7, 0. , 0. , 0. , 0. , 0. , 0. , 0. , 0. ],
        [1.7, 0. , 0. , 0. , 0. , 0.8, 0. , 0. , 0. ],
        [0. , 0. , 0. , 0. , 0. , 0. , 0. , 0. , 0.4],
        [0. , 0.1, 0. , 0. , 0. , 0. , 0. , 0.1, 0. ],
        [0.4, 0. , 2.4, 0. , 0. , 0. , 0. , 0. , 0. ]],

       [[0.2, 0. , 0. , 0. , 0. , 0. , 0. , 0. , 0.1],
        [0. , 0.1, 0. , 0. , 0. , 0. , 0. , 0.3, 0. ],
        [0.2, 0. , 0. , 0. , 0. , 0. , 0. , 0. , 0. ],
        [1. , 0. , 0. , 0. , 0. , 0. , 0. , 0. , 0. ],
        [1. , 0. , 0. , 0. , 0. , 0. , 0. , 0. , 0. ],
        [1. , 0. , 0. , 0. , 0. , 0.2, 0. , 0. , 0. ],
        [0. , 0. , 0. , 0. , 0. , 0. , 0. , 0. , 0.2],
        [0. , 2.7, 0. , 0. , 0. , 0. , 0. , 0.3, 0. ],
        [0.2, 0. , 1.1, 0. , 0. , 0. , 0. , 0. , 0.3]],

       [[0.4, 0. , 0. , 0. , 0. , 0. , 0. , 0. , 0.2],
        [0. , 0. , 0. , 0. , 0. , 0. , 0. , 0.5, 0. ],
        [0.1, 0. , 0. , 0. , 0. , 0. , 0. , 0. , 0. ],
        [1.3, 0. , 0. , 0. , 0. , 0. , 0. , 0. , 0. ],
        [1.3, 0. , 0. , 0. , 0. , 0. , 0. , 0. , 0. ],
        [1.3, 0. , 0. , 0.2, 0. , 0.7, 0. , 0. , 0. ],
        [0. , 0. , 0. , 0. , 0. , 0. , 0. , 0. , 0.1],
        [0. , 0. , 0. , 0. , 0. , 0. , 0. , 0. , 0. ],
        [0. , 0. , 1.5, 0. , 0. , 0. , 0. , 0. , 0.2]],

       [[0. , 0. , 0. , 0. , 0. , 0. , 0. , 0. , 0. ],
        [0. , 0. , 0. , 0. , 0. , 0. , 0. , 0. , 0. ],
        [0. , 0. , 0. , 0. , 0. , 0. , 0. , 0. , 0. ],
        [0. , 0. , 0. , 0. , 0. , 0. , 0. , 0. , 0. ],
        [0. , 0. , 0. , 0. , 0. , 0. , 0. , 0. , 0. ],
        [0. , 0. , 0. , 0. , 0. , 0. , 0. , 0. , 0. ],
        [0. , 0. , 0. , 0. , 0. , 0. , 0. , 0. , 0. ],
        [0. , 0. , 0. , 0. , 0. , 0. , 0. , 0. , 0. ],
        [0. , 0. , 0. , 0. , 0. , 0. , 0. , 0. , 0. ]]], dtype=float32),
                 move_feats=[array([10.2,  5. ,  0. ,  0.4,  0.6,  0. ], dtype=float32),
                             array([6.7, 2.6, 0. , 0.4, 0.4, 0. ], dtype=float32),
                             array([0. , 0. , 0. , 0.4, 0. , 1. ], dtype=float32)],
                 pi=[0.21505376344086022,
                     0.46236559139784944,
                     0.3225806451612903],
                 z=-1.0),
 SelfPlayExample(state_tensor=array([[[1. , 0. , 1. , 1. , 1. , 1. , 1. , 0. , 1. ],
        [0. , 1. , 0. , 0. , 0. , 0. , 0. , 1. , 0. ],
        [1. , 0. , 1. , 0. , 0. , 0. , 1. , 0. , 1. ],
        [1. , 0. , 0. , 1. , 0. , 1. , 0. , 0. , 1. ],
        [1. , 0. , 0. , 0. , 1. , 0. , 0. , 0. , 1. ],
        [1. , 0. , 0. , 1. , 0. , 1. , 0. , 0. , 1. ],
        [1. , 0. , 1. , 0. , 0. , 0. , 1. , 0. , 1. ],
        [0. , 1. , 0. , 0. , 0. , 0. , 0. , 1. , 0. ],
        [1. , 0. , 1. , 1. , 1. , 1. , 1. , 0. , 1. ]],

       [[0. , 0. , 0. , 0. , 0. , 0. , 0. , 0. , 0. ],
        [0. , 0. , 0. , 0. , 0. , 0. , 0. , 0. , 0. ],
        [0. , 0. , 0. , 0. , 0. , 0. , 0. , 0. , 0. ],
        [0. , 0. , 0. , 0. , 0. , 0. , 0. , 0. , 1. ],
        [0. , 0. , 0. , 0. , 0. , 0. , 0. , 0. , 1. ],
        [0. , 0. , 0. , 0. , 0. , 1. , 0. , 0. , 1. ],
        [0. , 0. , 0. , 0. , 0. , 0. , 1. , 0. , 1. ],
        [0. , 0. , 0. , 0. , 0. , 0. , 0. , 1. , 0. ],
        [0. , 0. , 1. , 1. , 1. , 1. , 1. , 0. , 1. ]],

       [[0. , 0. , 0. , 0. , 0. , 0. , 0. , 0. , 0. ],
        [0. , 0. , 0. , 0. , 0. , 0. , 0. , 0. , 0. ],
        [0. , 0. , 0. , 0. , 0. , 0. , 0. , 0. , 0. ],
        [0. , 0. , 0. , 0. , 0. , 0. , 0. , 0. , 0. ],
        [0. , 0. , 0. , 0. , 0. , 0. , 0. , 0. , 0. ],
        [0. , 0. , 0. , 1. , 0. , 0. , 0. , 0. , 0. ],
        [1. , 0. , 1. , 0. , 0. , 0. , 0. , 0. , 0. ],
        [0. , 1. , 0. , 0. , 0. , 0. , 0. , 0. , 0. ],
        [1. , 0. , 0. , 0. , 0. , 0. , 0. , 0. , 0. ]],

       [[1. , 0. , 1. , 1. , 1. , 1. , 1. , 0. , 0. ],
        [0. , 1. , 0. , 0. , 0. , 0. , 0. , 0. , 0. ],
        [1. , 0. , 1. , 0. , 0. , 0. , 1. , 0. , 0. ],
        [1. , 0. , 0. , 1. , 0. , 1. , 0. , 0. , 0. ],
        [1. , 0. , 0. , 0. , 1. , 0. , 0. , 0. , 0. ],
        [1. , 0. , 0. , 0. , 0. , 0. , 0. , 0. , 0. ],
        [0. , 0. , 0. , 0. , 0. , 0. , 0. , 0. , 0. ],
        [0. , 0. , 0. , 0. , 0. , 0. , 0. , 0. , 0. ],
        [0. , 0. , 0. , 0. , 0. , 0. , 0. , 0. , 0. ]],

       [[0. , 0. , 0. , 0. , 0. , 0. , 0. , 0. , 1. ],
        [0. , 0. , 0. , 0. , 0. , 0. , 0. , 1. , 0. ],
        [0. , 0. , 0. , 0. , 0. , 0. , 0. , 0. , 1. ],
        [0. , 0. , 0. , 0. , 0. , 0. , 0. , 0. , 0. ],
        [0. , 0. , 0. , 0. , 0. , 0. , 0. , 0. , 0. ],
        [0. , 0. , 0. , 0. , 0. , 0. , 0. , 0. , 0. ],
        [0. , 0. , 0. , 0. , 0. , 0. , 0. , 0. , 0. ],
        [0. , 0. , 0. , 0. , 0. , 0. , 0. , 0. , 0. ],
        [0. , 0. , 0. , 0. , 0. , 0. , 0. , 0. , 0. ]],

       [[1. , 0. , 0. , 0. , 0. , 0. , 0. , 0. , 1. ],
        [0. , 0. , 0. , 0. , 0. , 0. , 0. , 0. , 0. ],
        [0. , 0. , 0. , 0. , 0. , 0. , 0. , 0. , 0. ],
        [0. , 0. , 0. , 0. , 0. , 0. , 0. , 0. , 0. ],
        [0. , 0. , 0. , 0. , 0. , 0. , 0. , 0. , 0. ],
        [0. , 0. , 0. , 0. , 0. , 0. , 0. , 0. , 0. ],
        [0. , 0. , 0. , 0. , 0. , 0. , 0. , 0. , 0. ],
        [0. , 0. , 0. , 0. , 0. , 0. , 0. , 0. , 0. ],
        [1. , 0. , 0. , 0. , 0. , 0. , 0. , 0. , 1. ]],

       [[2. , 0. , 0.4, 0.4, 0.4, 0.4, 0.4, 0. , 2. ],
        [0. , 0.4, 0. , 0. , 0. , 0. , 0. , 0.4, 0. ],
        [0.4, 0. , 0.4, 0. , 0. , 0. , 0.4, 0. , 0.4],
        [0.4, 0. , 0. , 0.4, 0. , 0.4, 0. , 0. , 0.4],
        [0.4, 0. , 0. , 0. , 3. , 0. , 0. , 0. , 0.4],
        [0.4, 0. , 0. , 0.4, 0. , 0.4, 0. , 0. , 0.4],
        [0.4, 0. , 0.4, 0. , 0. , 0. , 0.4, 0. , 0.4],
        [0. , 0.4, 0. , 0. , 0. , 0. , 0. , 0.4, 0. ],
        [2. , 0. , 0.4, 0.4, 0.4, 0.4, 0.4, 0. , 2. ]],

       [[1.1, 0. , 0. , 0. , 0. , 0. , 0. , 0. , 0.5],
        [0. , 0.9, 0. , 0. , 0. , 0. , 0. , 0.6, 0. ],
        [1.9, 0. , 0. , 0. , 0. , 0. , 0. , 0. , 0.2],
        [4.3, 0. , 0. , 0. , 0. , 0. , 0. , 0. , 0.3],
        [4.3, 0. , 0. , 0. , 0. , 0. , 0. , 0. , 0.3],
        [4.3, 0. , 0. , 0.2, 0. , 1.7, 0. , 0. , 0.3],
        [0. , 0. , 0. , 0. , 0. , 0. , 0. , 0. , 0.6],
        [0. , 1.8, 0. , 0. , 0. , 0. , 0. , 0.3, 0. ],
        [0.5, 0. , 2.8, 0. , 0. , 0. , 0. , 0. , 0.8]],

       [[0.2, 0. , 0. , 0. , 0. , 0. , 0. , 0. , 0.3],
        [0. , 0.7, 0. , 0. , 0. , 0. , 0. , 0. , 0. ],
        [1.4, 0. , 0. , 0. , 0. , 0. , 0. , 0. , 0. ],
        [1.7, 0. , 0. , 0. , 0. , 0. , 0. , 0. , 0. ],
        [1.7, 0. , 0. , 0. , 0. , 0. , 0. , 0. , 0. ],
        [1.7, 0. , 0. , 0. , 0. , 0.8, 0. , 0. , 0. ],
        [0. , 0. , 0. , 0. , 0. , 0. , 0. , 0. , 0.1],
        [0. , 0.4, 0. , 0. , 0. , 0. , 0. , 0. , 0. ],
        [0. , 0. , 2.4, 0. , 0. , 0. , 0. , 0. , 0.2]],

       [[0.1, 0. , 0. , 0. , 0. , 0. , 0. , 0. , 0. ],
        [0. , 0.2, 0. , 0. , 0. , 0. , 0. , 0.4, 0. ],
        [0.1, 0. , 0. , 0. , 0. , 0. , 0. , 0. , 0. ],
        [1.2, 0. , 0. , 0. , 0. , 0. , 0. , 0. , 0.2],
        [1.2, 0. , 0. , 0. , 0. , 0. , 0. , 0. , 0.2],
        [1.2, 0. , 0. , 0. , 0. , 0.2, 0. , 0. , 0.2],
        [0. , 0. , 0. , 0. , 0. , 0. , 0. , 0. , 0.3],
        [0. , 1.4, 0. , 0. , 0. , 0. , 0. , 0.3, 0. ],
        [0.2, 0. , 0. , 0. , 0. , 0. , 0. , 0. , 0.5]],

       [[0.7, 0. , 0. , 0. , 0. , 0. , 0. , 0. , 0.1],
        [0. , 0. , 0. , 0. , 0. , 0. , 0. , 0.2, 0. ],
        [0.4, 0. , 0. , 0. , 0. , 0. , 0. , 0. , 0.2],
        [1.4, 0. , 0. , 0. , 0. , 0. , 0. , 0. , 0.1],
        [1.4, 0. , 0. , 0. , 0. , 0. , 0. , 0. , 0.1],
        [1.4, 0. , 0. , 0.2, 0. , 0.7, 0. , 0. , 0.1],
        [0. , 0. , 0. , 0. , 0. , 0. , 0. , 0. , 0.2],
        [0. , 0. , 0. , 0. , 0. , 0. , 0. , 0. , 0. ],
        [0.2, 0. , 0.4, 0. , 0. , 0. , 0. , 0. , 0. ]],

       [[0. , 0. , 0. , 0. , 0. , 0. , 0. , 0. , 0. ],
        [0. , 0. , 0. , 0. , 0. , 0. , 0. , 0. , 0. ],
        [0. , 0. , 0. , 0. , 0. , 0. , 0. , 0. , 0. ],
        [0. , 0. , 0. , 0. , 0. , 0. , 0. , 0. , 0. ],
        [0. , 0. , 0. , 0. , 0. , 0. , 0. , 0. , 0. ],
        [0. , 0. , 0. , 0. , 0. , 0. , 0. , 0. , 0. ],
        [0. , 0. , 0. , 0. , 0. , 0. , 0. , 0. , 0. ],
        [0. , 0. , 0. , 0. , 0. , 0. , 0. , 0. , 0. ],
        [0. , 0. , 0. , 0. , 0. , 0. , 0. , 0. , 0. ]]], dtype=float32),
                 move_feats=[array([3.6, 2.8, 0. , 0.4, 0.4, 0. ], dtype=float32),
                             array([0. , 0. , 0. , 0.4, 0. , 1. ], dtype=float32)],
                 pi=[0.5532381997804611, 0.446761800219539],
                 z=-1.0),
 SelfPlayExample(state_tensor=array([[[1. , 0. , 1. , 1. , 1. , 1. , 1. , 0. , 1. ],
        [0. , 1. , 0. , 0. , 0. , 0. , 0. , 1. , 0. ],
        [1. , 0. , 1. , 0. , 0. , 0. , 1. , 0. , 1. ],
        [1. , 0. , 0. , 1. , 0. , 1. , 0. , 0. , 1. ],
        [1. , 0. , 0. , 0. , 1. , 0. , 0. , 0. , 1. ],
        [1. , 0. , 0. , 1. , 0. , 1. , 0. , 0. , 1. ],
        [1. , 0. , 1. , 0. , 0. , 0. , 1. , 0. , 1. ],
        [0. , 1. , 0. , 0. , 0. , 0. , 0. , 1. , 0. ],
        [1. , 0. , 1. , 1. , 1. , 1. , 1. , 0. , 1. ]],

       [[0. , 0. , 0. , 0. , 0. , 0. , 0. , 0. , 0. ],
        [0. , 0. , 0. , 0. , 0. , 0. , 0. , 0. , 0. ],
        [0. , 0. , 0. , 0. , 0. , 0. , 0. , 0. , 0. ],
        [0. , 0. , 0. , 0. , 0. , 0. , 0. , 0. , 1. ],
        [0. , 0. , 0. , 0. , 0. , 0. , 0. , 0. , 1. ],
        [0. , 0. , 0. , 0. , 0. , 1. , 0. , 0. , 1. ],
        [0. , 0. , 0. , 0. , 0. , 0. , 1. , 0. , 1. ],
        [0. , 1. , 0. , 0. , 0. , 0. , 0. , 1. , 0. ],
        [0. , 0. , 1. , 1. , 1. , 1. , 1. , 0. , 1. ]],

       [[0. , 0. , 0. , 0. , 0. , 0. , 0. , 0. , 0. ],
        [0. , 0. , 0. , 0. , 0. , 0. , 0. , 0. , 0. ],
        [0. , 0. , 0. , 0. , 0. , 0. , 0. , 0. , 0. ],
        [0. , 0. , 0. , 0. , 0. , 0. , 0. , 0. , 0. ],
        [0. , 0. , 0. , 0. , 0. , 0. , 0. , 0. , 0. ],
        [0. , 0. , 0. , 1. , 0. , 0. , 0. , 0. , 0. ],
        [1. , 0. , 1. , 0. , 0. , 0. , 0. , 0. , 0. ],
        [0. , 0. , 0. , 0. , 0. , 0. , 0. , 0. , 0. ],
        [1. , 0. , 0. , 0. , 0. , 0. , 0. , 0. , 0. ]],

       [[1. , 0. , 1. , 1. , 1. , 1. , 1. , 0. , 0. ],
        [0. , 1. , 0. , 0. , 0. , 0. , 0. , 0. , 0. ],
        [1. , 0. , 1. , 0. , 0. , 0. , 1. , 0. , 0. ],
        [1. , 0. , 0. , 1. , 0. , 1. , 0. , 0. , 0. ],
        [1. , 0. , 0. , 0. , 1. , 0. , 0. , 0. , 0. ],
        [1. , 0. , 0. , 0. , 0. , 0. , 0. , 0. , 0. ],
        [0. , 0. , 0. , 0. , 0. , 0. , 0. , 0. , 0. ],
        [0. , 0. , 0. , 0. , 0. , 0. , 0. , 0. , 0. ],
        [0. , 0. , 0. , 0. , 0. , 0. , 0. , 0. , 0. ]],

       [[0. , 0. , 0. , 0. , 0. , 0. , 0. , 0. , 1. ],
        [0. , 0. , 0. , 0. , 0. , 0. , 0. , 1. , 0. ],
        [0. , 0. , 0. , 0. , 0. , 0. , 0. , 0. , 1. ],
        [0. , 0. , 0. , 0. , 0. , 0. , 0. , 0. , 0. ],
        [0. , 0. , 0. , 0. , 0. , 0. , 0. , 0. , 0. ],
        [0. , 0. , 0. , 0. , 0. , 0. , 0. , 0. , 0. ],
        [0. , 0. , 0. , 0. , 0. , 0. , 0. , 0. , 0. ],
        [0. , 0. , 0. , 0. , 0. , 0. , 0. , 0. , 0. ],
        [0. , 0. , 0. , 0. , 0. , 0. , 0. , 0. , 0. ]],

       [[1. , 0. , 0. , 0. , 0. , 0. , 0. , 0. , 1. ],
        [0. , 0. , 0. , 0. , 0. , 0. , 0. , 0. , 0. ],
        [0. , 0. , 0. , 0. , 0. , 0. , 0. , 0. , 0. ],
        [0. , 0. , 0. , 0. , 0. , 0. , 0. , 0. , 0. ],
        [0. , 0. , 0. , 0. , 0. , 0. , 0. , 0. , 0. ],
        [0. , 0. , 0. , 0. , 0. , 0. , 0. , 0. , 0. ],
        [0. , 0. , 0. , 0. , 0. , 0. , 0. , 0. , 0. ],
        [0. , 0. , 0. , 0. , 0. , 0. , 0. , 0. , 0. ],
        [1. , 0. , 0. , 0. , 0. , 0. , 0. , 0. , 1. ]],

       [[2. , 0. , 0.4, 0.4, 0.4, 0.4, 0.4, 0. , 2. ],
        [0. , 0.4, 0. , 0. , 0. , 0. , 0. , 0.4, 0. ],
        [0.4, 0. , 0.4, 0. , 0. , 0. , 0.4, 0. , 0.4],
        [0.4, 0. , 0. , 0.4, 0. , 0.4, 0. , 0. , 0.4],
        [0.4, 0. , 0. , 0. , 3. , 0. , 0. , 0. , 0.4],
        [0.4, 0. , 0. , 0.4, 0. , 0.4, 0. , 0. , 0.4],
        [0.4, 0. , 0.4, 0. , 0. , 0. , 0.4, 0. , 0.4],
        [0. , 0.4, 0. , 0. , 0. , 0. , 0. , 0.4, 0. ],
        [2. , 0. , 0.4, 0.4, 0.4, 0.4, 0.4, 0. , 2. ]],

       [[1.2, 0. , 0. , 0. , 0. , 0. , 0. , 0. , 0.4],
        [0. , 0.3, 0. , 0. , 0. , 0. , 0. , 0.3, 0. ],
        [1.6, 0. , 0. , 0. , 0. , 0. , 0. , 0. , 0.6],
        [6.2, 0. , 0. , 0. , 0. , 0. , 0. , 0. , 0.4],
        [6.2, 0. , 0. , 0. , 0. , 0. , 0. , 0. , 0.4],
        [6.2, 0. , 0. , 0.2, 0. , 1.7, 0. , 0. , 0.4],
        [0. , 0. , 0. , 0. , 0. , 0. , 0.3, 0. , 0. ],
        [0. , 0.1, 0. , 0. , 0. , 0. , 0. , 0.7, 0. ],
        [1. , 0. , 0. , 0. , 0. , 0. , 0. , 0. , 0.8]],

       [[0. , 0. , 0. , 0. , 0. , 0. , 0. , 0. , 0. ],
        [0. , 0.2, 0. , 0. , 0. , 0. , 0. , 0.3, 0. ],
        [0.7, 0. , 0. , 0. , 0. , 0. , 0. , 0. , 0. ],
        [3.1, 0. , 0. , 0. , 0. , 0. , 0. , 0. , 0.1],
        [3.1, 0. , 0. , 0. , 0. , 0. , 0. , 0. , 0.1],
        [3.1, 0. , 0. , 0. , 0. , 0.8, 0. , 0. , 0.1],
        [0. , 0. , 0. , 0. , 0. , 0. , 0. , 0. , 0. ],
        [0. , 0. , 0. , 0. , 0. , 0. , 0. , 0.2, 0. ],
        [0.2, 0. , 0. , 0. , 0. , 0. , 0. , 0. , 0.2]],

       [[1. , 0. , 0. , 0. , 0. , 0. , 0. , 0. , 0.1],
        [0. , 0.1, 0. , 0. , 0. , 0. , 0. , 0. , 0. ],
        [0.2, 0. , 0. , 0. , 0. , 0. , 0. , 0. , 0.3],
        [1.3, 0. , 0. , 0. , 0. , 0. , 0. , 0. , 0.3],
        [1.3, 0. , 0. , 0. , 0. , 0. , 0. , 0. , 0.3],
        [1.3, 0. , 0. , 0. , 0. , 0.2, 0. , 0. , 0.3],
        [0. , 0. , 0. , 0. , 0. , 0. , 0.3, 0. , 0. ],
        [0. , 0. , 0. , 0. , 0. , 0. , 0. , 0.5, 0. ],
        [0.5, 0. , 0. , 0. , 0. , 0. , 0. , 0. , 0.5]],

       [[0.1, 0. , 0. , 0. , 0. , 0. , 0. , 0. , 0.2],
        [0. , 0. , 0. , 0. , 0. , 0. , 0. , 0. , 0. ],
        [0.7, 0. , 0. , 0. , 0. , 0. , 0. , 0. , 0.3],
        [1.8, 0. , 0. , 0. , 0. , 0. , 0. , 0. , 0. ],
        [1.8, 0. , 0. , 0. , 0. , 0. , 0. , 0. , 0. ],
        [1.8, 0. , 0. , 0.2, 0. , 0.7, 0. , 0. , 0. ],
        [0. , 0. , 0. , 0. , 0. , 0. , 0. , 0. , 0. ],
        [0. , 0.1, 0. , 0. , 0. , 0. , 0. , 0. , 0. ],
        [0.2, 0. , 0. , 0. , 0. , 0. , 0. , 0. , 0. ]],

       [[0. , 0. , 0. , 0. , 0. , 0. , 0. , 0. , 0. ],
        [0. , 0. , 0. , 0. , 0. , 0. , 0. , 0. , 0. ],
        [0. , 0. , 0. , 0. , 0. , 0. , 0. , 0. , 0. ],
        [0. , 0. , 0. , 0. , 0. , 0. , 0. , 0. , 0. ],
        [0. , 0. , 0. , 0. , 0. , 0. , 0. , 0. , 0. ],
        [0. , 0. , 0. , 0. , 0. , 0. , 0. , 0. , 0. ],
        [0. , 0. , 0. , 0. , 0. , 0. , 0. , 0. , 0. ],
        [0. , 0. , 0. , 0. , 0. , 0. , 0. , 0. , 0. ],
        [0. , 0. , 0. , 0. , 0. , 0. , 0. , 0. , 0. ]]], dtype=float32),
                 move_feats=[array([0., 0., 1., 2., 0., 1.], dtype=float32)],
                 pi=[1.0],
                 z=-1.0),
 SelfPlayExample(state_tensor=array([[[1. , 0. , 1. , 1. , 1. , 1. , 1. , 0. , 1. ],
        [0. , 1. , 0. , 0. , 0. , 0. , 0. , 1. , 0. ],
        [1. , 0. , 1. , 0. , 0. , 0. , 1. , 0. , 1. ],
        [1. , 0. , 0. , 1. , 0. , 1. , 0. , 0. , 1. ],
        [1. , 0. , 0. , 0. , 1. , 0. , 0. , 0. , 1. ],
        [1. , 0. , 0. , 1. , 0. , 1. , 0. , 0. , 1. ],
        [1. , 0. , 1. , 0. , 0. , 0. , 1. , 0. , 1. ],
        [0. , 1. , 0. , 0. , 0. , 0. , 0. , 1. , 0. ],
        [1. , 0. , 1. , 1. , 1. , 1. , 1. , 0. , 1. ]],

       [[0. , 0. , 0. , 0. , 0. , 0. , 0. , 0. , 0. ],
        [0. , 0. , 0. , 0. , 0. , 0. , 0. , 0. , 0. ],
        [0. , 0. , 0. , 0. , 0. , 0. , 0. , 0. , 0. ],
        [0. , 0. , 0. , 0. , 0. , 0. , 0. , 0. , 1. ],
        [0. , 0. , 0. , 0. , 0. , 0. , 0. , 0. , 1. ],
        [0. , 0. , 0. , 0. , 0. , 1. , 0. , 0. , 1. ],
        [1. , 0. , 0. , 0. , 0. , 0. , 1. , 0. , 1. ],
        [0. , 0. , 0. , 0. , 0. , 0. , 0. , 1. , 0. ],
        [0. , 0. , 1. , 1. , 1. , 1. , 1. , 0. , 1. ]],

       [[0. , 0. , 0. , 0. , 0. , 0. , 0. , 0. , 0. ],
        [0. , 0. , 0. , 0. , 0. , 0. , 0. , 0. , 0. ],
        [0. , 0. , 0. , 0. , 0. , 0. , 0. , 0. , 0. ],
        [0. , 0. , 0. , 0. , 0. , 0. , 0. , 0. , 0. ],
        [0. , 0. , 0. , 0. , 0. , 0. , 0. , 0. , 0. ],
        [0. , 0. , 0. , 1. , 0. , 0. , 0. , 0. , 0. ],
        [0. , 0. , 1. , 0. , 0. , 0. , 0. , 0. , 0. ],
        [0. , 1. , 0. , 0. , 0. , 0. , 0. , 0. , 0. ],
        [1. , 0. , 0. , 0. , 0. , 0. , 0. , 0. , 0. ]],

       [[1. , 0. , 1. , 1. , 1. , 1. , 0. , 0. , 0. ],
        [0. , 1. , 0. , 0. , 0. , 0. , 0. , 0. , 0. ],
        [1. , 0. , 1. , 0. , 0. , 0. , 1. , 0. , 0. ],
        [1. , 0. , 0. , 1. , 0. , 1. , 0. , 0. , 0. ],
        [1. , 0. , 0. , 0. , 1. , 0. , 0. , 0. , 0. ],
        [1. , 0. , 0. , 0. , 0. , 0. , 0. , 0. , 0. ],
        [0. , 0. , 0. , 0. , 0. , 0. , 0. , 0. , 0. ],
        [0. , 0. , 0. , 0. , 0. , 0. , 0. , 0. , 0. ],
        [0. , 0. , 0. , 0. , 0. , 0. , 0. , 0. , 0. ]],

       [[0. , 0. , 0. , 0. , 0. , 0. , 1. , 0. , 1. ],
        [0. , 0. , 0. , 0. , 0. , 0. , 0. , 1. , 0. ],
        [0. , 0. , 0. , 0. , 0. , 0. , 0. , 0. , 1. ],
        [0. , 0. , 0. , 0. , 0. , 0. , 0. , 0. , 0. ],
        [0. , 0. , 0. , 0. , 0. , 0. , 0. , 0. , 0. ],
        [0. , 0. , 0. , 0. , 0. , 0. , 0. , 0. , 0. ],
        [0. , 0. , 0. , 0. , 0. , 0. , 0. , 0. , 0. ],
        [0. , 0. , 0. , 0. , 0. , 0. , 0. , 0. , 0. ],
        [0. , 0. , 0. , 0. , 0. , 0. , 0. , 0. , 0. ]],

       [[1. , 0. , 0. , 0. , 0. , 0. , 0. , 0. , 1. ],
        [0. , 0. , 0. , 0. , 0. , 0. , 0. , 0. , 0. ],
        [0. , 0. , 0. , 0. , 0. , 0. , 0. , 0. , 0. ],
        [0. , 0. , 0. , 0. , 0. , 0. , 0. , 0. , 0. ],
        [0. , 0. , 0. , 0. , 0. , 0. , 0. , 0. , 0. ],
        [0. , 0. , 0. , 0. , 0. , 0. , 0. , 0. , 0. ],
        [0. , 0. , 0. , 0. , 0. , 0. , 0. , 0. , 0. ],
        [0. , 0. , 0. , 0. , 0. , 0. , 0. , 0. , 0. ],
        [1. , 0. , 0. , 0. , 0. , 0. , 0. , 0. , 1. ]],

       [[2. , 0. , 0.4, 0.4, 0.4, 0.4, 0.4, 0. , 2. ],
        [0. , 0.4, 0. , 0. , 0. , 0. , 0. , 0.4, 0. ],
        [0.4, 0. , 0.4, 0. , 0. , 0. , 0.4, 0. , 0.4],
        [0.4, 0. , 0. , 0.4, 0. , 0.4, 0. , 0. , 0.4],
        [0.4, 0. , 0. , 0. , 3. , 0. , 0. , 0. , 0.4],
        [0.4, 0. , 0. , 0.4, 0. , 0.4, 0. , 0. , 0.4],
        [0.4, 0. , 0.4, 0. , 0. , 0. , 0.4, 0. , 0.4],
        [0. , 0.4, 0. , 0. , 0. , 0. , 0. , 0.4, 0. ],
        [2. , 0. , 0.4, 0.4, 0.4, 0.4, 0.4, 0. , 2. ]],

       [[1.4, 0. , 0. , 0. , 0. , 0. , 0.5, 0. , 0.4],
        [0. , 1. , 0. , 0. , 0. , 0. , 0. , 0.1, 0. ],
        [0.4, 0. , 0. , 0. , 0. , 0. , 0. , 0. , 0.5],
        [7.8, 0. , 0. , 0. , 0. , 0. , 0. , 0. , 0.1],
        [7.8, 0. , 0. , 0. , 0. , 0. , 0. , 0. , 0.1],
        [7.8, 0. , 0. , 0.2, 0. , 2. , 0. , 0. , 0.1],
        [0.1, 0. , 0. , 0. , 0. , 0. , 0. , 0. , 0.7],
        [0. , 0.9, 0. , 0. , 0. , 0. , 0. , 0.7, 0. ],
        [0.6, 0. , 0. , 0. , 0. , 0. , 0. , 0. , 0.8]],

       [[1. , 0. , 0. , 0. , 0. , 0. , 0.3, 0. , 0. ],
        [0. , 0. , 0. , 0. , 0. , 0. , 0. , 0. , 0. ],
        [0.2, 0. , 0. , 0. , 0. , 0. , 0. , 0. , 0. ],
        [3.8, 0. , 0. , 0. , 0. , 0. , 0. , 0. , 0.1],
        [3.8, 0. , 0. , 0. , 0. , 0. , 0. , 0. , 0.1],
        [3.8, 0. , 0. , 0. , 0. , 0.8, 0. , 0. , 0.1],
        [0. , 0. , 0. , 0. , 0. , 0. , 0. , 0. , 0.2],
        [0. , 0.2, 0. , 0. , 0. , 0. , 0. , 0.2, 0. ],
        [0.4, 0. , 0. , 0. , 0. , 0. , 0. , 0. , 0.1]],

       [[0. , 0. , 0. , 0. , 0. , 0. , 0. , 0. , 0.1],
        [0. , 1. , 0. , 0. , 0. , 0. , 0. , 0.1, 0. ],
        [0.1, 0. , 0. , 0. , 0. , 0. , 0. , 0. , 0.2],
        [1.5, 0. , 0. , 0. , 0. , 0. , 0. , 0. , 0. ],
        [1.5, 0. , 0. , 0. , 0. , 0. , 0. , 0. , 0. ],
        [1.5, 0. , 0. , 0. , 0. , 0.5, 0. , 0. , 0. ],
        [0. , 0. , 0. , 0. , 0. , 0. , 0. , 0. , 0.5],
        [0. , 0.5, 0. , 0. , 0. , 0. , 0. , 0.5, 0. ],
        [0.1, 0. , 0. , 0. , 0. , 0. , 0. , 0. , 0.3]],

       [[0.3, 0. , 0. , 0. , 0. , 0. , 0.2, 0. , 0.2],
        [0. , 0. , 0. , 0. , 0. , 0. , 0. , 0. , 0. ],
        [0.1, 0. , 0. , 0. , 0. , 0. , 0. , 0. , 0.3],
        [2.5, 0. , 0. , 0. , 0. , 0. , 0. , 0. , 0. ],
        [2.5, 0. , 0. , 0. , 0. , 0. , 0. , 0. , 0. ],
        [2.5, 0. , 0. , 0.2, 0. , 0.7, 0. , 0. , 0. ],
        [0.1, 0. , 0. , 0. , 0. , 0. , 0. , 0. , 0. ],
        [0. , 0.2, 0. , 0. , 0. , 0. , 0. , 0. , 0. ],
        [0. , 0. , 0. , 0. , 0. , 0. , 0. , 0. , 0.3]],

       [[0. , 0. , 0. , 0. , 0. , 0. , 0. , 0. , 0. ],
        [0. , 0. , 0. , 0. , 0. , 0. , 0. , 0. , 0. ],
        [0. , 0. , 0. , 0. , 0. , 0. , 0. , 0. , 0. ],
        [0. , 0. , 0. , 0. , 0. , 0. , 0. , 0. , 0. ],
        [0. , 0. , 0. , 0. , 0. , 0. , 0. , 0. , 0. ],
        [0. , 0. , 0. , 0. , 0. , 0. , 0. , 0. , 0. ],
        [0. , 0. , 0. , 0. , 0. , 0. , 0. , 0. , 0. ],
        [0. , 0. , 0. , 0. , 0. , 0. , 0. , 0. , 0. ],
        [0. , 0. , 0. , 0. , 0. , 0. , 0. , 0. , 0. ]]], dtype=float32),
                 move_feats=[array([0. , 0. , 0. , 0.4, 0. , 1. ], dtype=float32)],
                 pi=[1.0],
                 z=-1.0),
 SelfPlayExample(state_tensor=array([[[1. , 0. , 1. , 1. , 1. , 1. , 1. , 0. , 1. ],
        [0. , 1. , 0. , 0. , 0. , 0. , 0. , 1. , 0. ],
        [1. , 0. , 1. , 0. , 0. , 0. , 1. , 0. , 1. ],
        [1. , 0. , 0. , 1. , 0. , 1. , 0. , 0. , 1. ],
        [1. , 0. , 0. , 0. , 1. , 0. , 0. , 0. , 1. ],
        [1. , 0. , 0. , 1. , 0. , 1. , 0. , 0. , 1. ],
        [1. , 0. , 1. , 0. , 0. , 0. , 1. , 0. , 1. ],
        [0. , 1. , 0. , 0. , 0. , 0. , 0. , 1. , 0. ],
        [1. , 0. , 1. , 1. , 1. , 1. , 1. , 0. , 1. ]],

       [[0. , 0. , 0. , 0. , 0. , 0. , 0. , 0. , 0. ],
        [0. , 0. , 0. , 0. , 0. , 0. , 0. , 0. , 0. ],
        [0. , 0. , 0. , 0. , 0. , 0. , 0. , 0. , 0. ],
        [0. , 0. , 0. , 0. , 0. , 0. , 0. , 0. , 1. ],
        [0. , 0. , 0. , 0. , 0. , 0. , 0. , 0. , 1. ],
        [0. , 0. , 0. , 0. , 0. , 1. , 0. , 0. , 1. ],
        [0. , 0. , 0. , 0. , 0. , 0. , 1. , 0. , 1. ],
        [0. , 0. , 0. , 0. , 0. , 0. , 0. , 1. , 0. ],
        [0. , 0. , 0. , 1. , 1. , 1. , 1. , 0. , 1. ]],

       [[0. , 0. , 0. , 0. , 0. , 0. , 0. , 0. , 0. ],
        [0. , 0. , 0. , 0. , 0. , 0. , 0. , 0. , 0. ],
        [0. , 0. , 0. , 0. , 0. , 0. , 0. , 0. , 0. ],
        [0. , 0. , 0. , 0. , 0. , 0. , 0. , 0. , 0. ],
        [0. , 0. , 0. , 0. , 1. , 0. , 0. , 0. , 0. ],
        [0. , 0. , 0. , 1. , 0. , 0. , 0. , 0. , 0. ],
        [1. , 0. , 1. , 0. , 0. , 0. , 0. , 0. , 0. ],
        [0. , 1. , 0. , 0. , 0. , 0. , 0. , 0. , 0. ],
        [1. , 0. , 1. , 0. , 0. , 0. , 0. , 0. , 0. ]],

       [[1. , 0. , 1. , 1. , 1. , 1. , 0. , 0. , 0. ],
        [0. , 1. , 0. , 0. , 0. , 0. , 0. , 0. , 0. ],
        [1. , 0. , 1. , 0. , 0. , 0. , 1. , 0. , 0. ],
        [1. , 0. , 0. , 1. , 0. , 1. , 0. , 0. , 0. ],
        [1. , 0. , 0. , 0. , 0. , 0. , 0. , 0. , 0. ],
        [1. , 0. , 0. , 0. , 0. , 0. , 0. , 0. , 0. ],
        [0. , 0. , 0. , 0. , 0. , 0. , 0. , 0. , 0. ],
        [0. , 0. , 0. , 0. , 0. , 0. , 0. , 0. , 0. ],
        [0. , 0. , 0. , 0. , 0. , 0. , 0. , 0. , 0. ]],

       [[0. , 0. , 0. , 0. , 0. , 0. , 1. , 0. , 1. ],
        [0. , 0. , 0. , 0. , 0. , 0. , 0. , 1. , 0. ],
        [0. , 0. , 0. , 0. , 0. , 0. , 0. , 0. , 1. ],
        [0. , 0. , 0. , 0. , 0. , 0. , 0. , 0. , 0. ],
        [0. , 0. , 0. , 0. , 0. , 0. , 0. , 0. , 0. ],
        [0. , 0. , 0. , 0. , 0. , 0. , 0. , 0. , 0. ],
        [0. , 0. , 0. , 0. , 0. , 0. , 0. , 0. , 0. ],
        [0. , 0. , 0. , 0. , 0. , 0. , 0. , 0. , 0. ],
        [0. , 0. , 0. , 0. , 0. , 0. , 0. , 0. , 0. ]],

       [[1. , 0. , 0. , 0. , 0. , 0. , 0. , 0. , 1. ],
        [0. , 0. , 0. , 0. , 0. , 0. , 0. , 0. , 0. ],
        [0. , 0. , 0. , 0. , 0. , 0. , 0. , 0. , 0. ],
        [0. , 0. , 0. , 0. , 0. , 0. , 0. , 0. , 0. ],
        [0. , 0. , 0. , 0. , 0. , 0. , 0. , 0. , 0. ],
        [0. , 0. , 0. , 0. , 0. , 0. , 0. , 0. , 0. ],
        [0. , 0. , 0. , 0. , 0. , 0. , 0. , 0. , 0. ],
        [0. , 0. , 0. , 0. , 0. , 0. , 0. , 0. , 0. ],
        [1. , 0. , 0. , 0. , 0. , 0. , 0. , 0. , 1. ]],

       [[2. , 0. , 0.4, 0.4, 0.4, 0.4, 0.4, 0. , 2. ],
        [0. , 0.4, 0. , 0. , 0. , 0. , 0. , 0.4, 0. ],
        [0.4, 0. , 0.4, 0. , 0. , 0. , 0.4, 0. , 0.4],
        [0.4, 0. , 0. , 0.4, 0. , 0.4, 0. , 0. , 0.4],
        [0.4, 0. , 0. , 0. , 3. , 0. , 0. , 0. , 0.4],
        [0.4, 0. , 0. , 0.4, 0. , 0.4, 0. , 0. , 0.4],
        [0.4, 0. , 0.4, 0. , 0. , 0. , 0.4, 0. , 0.4],
        [0. , 0.4, 0. , 0. , 0. , 0. , 0. , 0.4, 0. ],
        [2. , 0. , 0.4, 0.4, 0.4, 0.4, 0.4, 0. , 2. ]],

       [[1.4, 0. , 1.3, 0. , 0. , 0. , 0.5, 0. , 0.5],
        [0. , 1. , 0. , 0. , 0. , 0. , 0. , 0.4, 0. ],
        [0. , 0. , 0. , 0. , 0. , 0. , 0. , 0. , 0.3],
        [8.2, 0. , 0. , 0. , 0. , 0. , 0. , 0. , 0.5],
        [8.2, 0. , 0. , 0. , 0.2, 0. , 0. , 0. , 0.5],
        [8.2, 0. , 0. , 0. , 0. , 2. , 0. , 0. , 0.5],
        [0.4, 0. , 0. , 0. , 0. , 0. , 0. , 0. , 1. ],
        [0. , 0.5, 0. , 0. , 0. , 0. , 0. , 0.4, 0. ],
        [0.5, 0. , 0.5, 0. , 0. , 0. , 0. , 0. , 0.9]],

       [[1. , 0. , 0. , 0. , 0. , 0. , 0.3, 0. , 0.1],
        [0. , 1. , 0. , 0. , 0. , 0. , 0. , 0. , 0. ],
        [0. , 0. , 0. , 0. , 0. , 0. , 0. , 0. , 0. ],
        [4. , 0. , 0. , 0. , 0. , 0. , 0. , 0. , 0. ],
        [4. , 0. , 0. , 0. , 0. , 0. , 0. , 0. , 0. ],
        [4. , 0. , 0. , 0. , 0. , 0.8, 0. , 0. , 0. ],
        [0.2, 0. , 0. , 0. , 0. , 0. , 0. , 0. , 0.2],
        [0. , 0.4, 0. , 0. , 0. , 0. , 0. , 0.1, 0. ],
        [0. , 0. , 0. , 0. , 0. , 0. , 0. , 0. , 0.3]],

       [[0. , 0. , 1. , 0. , 0. , 0. , 0. , 0. , 0.2],
        [0. , 0. , 0. , 0. , 0. , 0. , 0. , 0.2, 0. ],
        [0. , 0. , 0. , 0. , 0. , 0. , 0. , 0. , 0.2],
        [1.6, 0. , 0. , 0. , 0. , 0. , 0. , 0. , 0.5],
        [1.6, 0. , 0. , 0. , 0. , 0. , 0. , 0. , 0.5],
        [1.6, 0. , 0. , 0. , 0. , 0.5, 0. , 0. , 0.5],
        [0. , 0. , 0. , 0. , 0. , 0. , 0. , 0. , 0.5],
        [0. , 0.1, 0. , 0. , 0. , 0. , 0. , 0.3, 0. ],
        [0.4, 0. , 0.5, 0. , 0. , 0. , 0. , 0. , 0.4]],

       [[0.3, 0. , 0.3, 0. , 0. , 0. , 0.2, 0. , 0.1],
        [0. , 0. , 0. , 0. , 0. , 0. , 0. , 0.2, 0. ],
        [0. , 0. , 0. , 0. , 0. , 0. , 0. , 0. , 0.1],
        [2.6, 0. , 0. , 0. , 0. , 0. , 0. , 0. , 0. ],
        [2.6, 0. , 0. , 0. , 0.2, 0. , 0. , 0. , 0. ],
        [2.6, 0. , 0. , 0. , 0. , 0.7, 0. , 0. , 0. ],
        [0.2, 0. , 0. , 0. , 0. , 0. , 0. , 0. , 0.3],
        [0. , 0. , 0. , 0. , 0. , 0. , 0. , 0. , 0. ],
        [0. , 0. , 0. , 0. , 0. , 0. , 0. , 0. , 0.1]],

       [[0. , 0. , 0. , 0. , 0. , 0. , 0. , 0. , 0. ],
        [0. , 0. , 0. , 0. , 0. , 0. , 0. , 0. , 0. ],
        [0. , 0. , 0. , 0. , 0. , 0. , 0. , 0. , 0. ],
        [0. , 0. , 0. , 0. , 0. , 0. , 0. , 0. , 0. ],
        [0. , 0. , 0. , 0. , 0. , 0. , 0. , 0. , 0. ],
        [0. , 0. , 0. , 0. , 0. , 0. , 0. , 0. , 0. ],
        [0. , 0. , 0. , 0. , 0. , 0. , 0. , 0. , 0. ],
        [0. , 0. , 0. , 0. , 0. , 0. , 0. , 0. , 0. ],
        [0. , 0. , 0. , 0. , 0. , 0. , 0. , 0. , 0. ]]], dtype=float32),
                 move_feats=[array([2.1, 0.7, 0. , 3. , 0.2, 0. ], dtype=float32),
                             array([0., 0., 0., 3., 0., 1.], dtype=float32)],
                 pi=[0.3882978723404255, 0.6117021276595744],
                 z=-1.0),
 SelfPlayExample(state_tensor=array([[[1. , 0. , 1. , 1. , 1. , 1. , 1. , 0. , 1. ],
        [0. , 1. , 0. , 0. , 0. , 0. , 0. , 1. , 0. ],
        [1. , 0. , 1. , 0. , 0. , 0. , 1. , 0. , 1. ],
        [1. , 0. , 0. , 1. , 0. , 1. , 0. , 0. , 1. ],
        [1. , 0. , 0. , 0. , 1. , 0. , 0. , 0. , 1. ],
        [1. , 0. , 0. , 1. , 0. , 1. , 0. , 0. , 1. ],
        [1. , 0. , 1. , 0. , 0. , 0. , 1. , 0. , 1. ],
        [0. , 1. , 0. , 0. , 0. , 0. , 0. , 1. , 0. ],
        [1. , 0. , 1. , 1. , 1. , 1. , 1. , 0. , 1. ]],

       [[0. , 0. , 0. , 0. , 0. , 0. , 0. , 0. , 0. ],
        [0. , 0. , 0. , 0. , 0. , 0. , 0. , 0. , 0. ],
        [0. , 0. , 0. , 0. , 0. , 0. , 0. , 0. , 0. ],
        [0. , 0. , 0. , 0. , 0. , 0. , 0. , 0. , 1. ],
        [0. , 0. , 0. , 0. , 0. , 0. , 0. , 0. , 1. ],
        [0. , 0. , 0. , 0. , 0. , 1. , 0. , 0. , 1. ],
        [0. , 0. , 0. , 0. , 0. , 0. , 1. , 0. , 1. ],
        [0. , 0. , 0. , 0. , 0. , 0. , 0. , 1. , 0. ],
        [0. , 0. , 0. , 0. , 0. , 0. , 1. , 0. , 1. ]],

       [[0. , 0. , 0. , 0. , 0. , 0. , 0. , 0. , 0. ],
        [0. , 0. , 0. , 0. , 0. , 0. , 0. , 0. , 0. ],
        [0. , 0. , 0. , 0. , 0. , 0. , 0. , 0. , 0. ],
        [0. , 0. , 0. , 0. , 0. , 1. , 0. , 0. , 0. ],
        [0. , 0. , 0. , 0. , 1. , 0. , 0. , 0. , 0. ],
        [0. , 0. , 0. , 1. , 0. , 0. , 0. , 0. , 0. ],
        [1. , 0. , 1. , 0. , 0. , 0. , 0. , 0. , 0. ],
        [0. , 1. , 0. , 0. , 0. , 0. , 0. , 0. , 0. ],
        [1. , 0. , 1. , 1. , 1. , 1. , 0. , 0. , 0. ]],

       [[1. , 0. , 1. , 1. , 1. , 1. , 0. , 0. , 0. ],
        [0. , 1. , 0. , 0. , 0. , 0. , 0. , 0. , 0. ],
        [1. , 0. , 1. , 0. , 0. , 0. , 1. , 0. , 0. ],
        [1. , 0. , 0. , 1. , 0. , 0. , 0. , 0. , 0. ],
        [1. , 0. , 0. , 0. , 0. , 0. , 0. , 0. , 0. ],
        [1. , 0. , 0. , 0. , 0. , 0. , 0. , 0. , 0. ],
        [0. , 0. , 0. , 0. , 0. , 0. , 0. , 0. , 0. ],
        [0. , 0. , 0. , 0. , 0. , 0. , 0. , 0. , 0. ],
        [0. , 0. , 0. , 0. , 0. , 0. , 0. , 0. , 0. ]],

       [[0. , 0. , 0. , 0. , 0. , 0. , 1. , 0. , 1. ],
        [0. , 0. , 0. , 0. , 0. , 0. , 0. , 1. , 0. ],
        [0. , 0. , 0. , 0. , 0. , 0. , 0. , 0. , 1. ],
        [0. , 0. , 0. , 0. , 0. , 0. , 0. , 0. , 0. ],
        [0. , 0. , 0. , 0. , 0. , 0. , 0. , 0. , 0. ],
        [0. , 0. , 0. , 0. , 0. , 0. , 0. , 0. , 0. ],
        [0. , 0. , 0. , 0. , 0. , 0. , 0. , 0. , 0. ],
        [0. , 0. , 0. , 0. , 0. , 0. , 0. , 0. , 0. ],
        [0. , 0. , 0. , 0. , 0. , 0. , 0. , 0. , 0. ]],

       [[1. , 0. , 0. , 0. , 0. , 0. , 0. , 0. , 1. ],
        [0. , 0. , 0. , 0. , 0. , 0. , 0. , 0. , 0. ],
        [0. , 0. , 0. , 0. , 0. , 0. , 0. , 0. , 0. ],
        [0. , 0. , 0. , 0. , 0. , 0. , 0. , 0. , 0. ],
        [0. , 0. , 0. , 0. , 0. , 0. , 0. , 0. , 0. ],
        [0. , 0. , 0. , 0. , 0. , 0. , 0. , 0. , 0. ],
        [0. , 0. , 0. , 0. , 0. , 0. , 0. , 0. , 0. ],
        [0. , 0. , 0. , 0. , 0. , 0. , 0. , 0. , 0. ],
        [1. , 0. , 0. , 0. , 0. , 0. , 0. , 0. , 1. ]],

       [[2. , 0. , 0.4, 0.4, 0.4, 0.4, 0.4, 0. , 2. ],
        [0. , 0.4, 0. , 0. , 0. , 0. , 0. , 0.4, 0. ],
        [0.4, 0. , 0.4, 0. , 0. , 0. , 0.4, 0. , 0.4],
        [0.4, 0. , 0. , 0.4, 0. , 0.4, 0. , 0. , 0.4],
        [0.4, 0. , 0. , 0. , 3. , 0. , 0. , 0. , 0.4],
        [0.4, 0. , 0. , 0.4, 0. , 0.4, 0. , 0. , 0.4],
        [0.4, 0. , 0.4, 0. , 0. , 0. , 0.4, 0. , 0.4],
        [0. , 0.4, 0. , 0. , 0. , 0. , 0. , 0.4, 0. ],
        [2. , 0. , 0.4, 0.4, 0.4, 0.4, 0.4, 0. , 2. ]],

       [[0.9, 0. , 1.3, 1.1, 1.1, 1.1, 0. , 0. , 0.5],
        [0. , 1. , 0. , 0. , 0. , 0. , 0. , 0.3, 0. ],
        [0. , 0. , 0. , 0. , 0. , 0. , 0. , 0. , 0.2],
        [8.2, 0. , 0. , 0. , 0. , 0.2, 0. , 0. , 0.7],
        [8.2, 0. , 0. , 0. , 0. , 0. , 0. , 0. , 0.7],
        [8.2, 0. , 0. , 0. , 0. , 2. , 0. , 0. , 0.7],
        [0.9, 0. , 0. , 0. , 0. , 0. , 0. , 0. , 0. ],
        [0. , 0.4, 0. , 0. , 0. , 0. , 0. , 0.7, 0. ],
        [1. , 0. , 0. , 0.5, 0.5, 0.5, 0.5, 0. , 0.9]],

       [[0.6, 0. , 1. , 0. , 0. , 0. , 0. , 0. , 0. ],
        [0. , 1. , 0. , 0. , 0. , 0. , 0. , 0.1, 0. ],
        [0. , 0. , 0. , 0. , 0. , 0. , 0. , 0. , 0. ],
        [4. , 0. , 0. , 0. , 0. , 0. , 0. , 0. , 0.2],
        [4. , 0. , 0. , 0. , 0. , 0. , 0. , 0. , 0.2],
        [4. , 0. , 0. , 0. , 0. , 0.8, 0. , 0. , 0.2],
        [0.6, 0. , 0. , 0. , 0. , 0. , 0. , 0. , 0. ],
        [0. , 0. , 0. , 0. , 0. , 0. , 0. , 0.3, 0. ],
        [0.5, 0. , 0. , 0. , 0. , 0. , 0.1, 0. , 0.4]],

       [[0. , 0. , 0. , 0.9, 0.9, 0.9, 0. , 0. , 0.4],
        [0. , 0. , 0. , 0. , 0. , 0. , 0. , 0.2, 0. ],
        [0. , 0. , 0. , 0. , 0. , 0. , 0. , 0. , 0. ],
        [1.6, 0. , 0. , 0. , 0. , 0. , 0. , 0. , 0.5],
        [1.6, 0. , 0. , 0. , 0. , 0. , 0. , 0. , 0.5],
        [1.6, 0. , 0. , 0. , 0. , 0.5, 0. , 0. , 0.5],
        [0.1, 0. , 0. , 0. , 0. , 0. , 0. , 0. , 0. ],
        [0. , 0.4, 0. , 0. , 0. , 0. , 0. , 0.4, 0. ],
        [0. , 0. , 0. , 0.5, 0.5, 0.5, 0.3, 0. , 0.4]],

       [[0.2, 0. , 0.3, 0.2, 0.2, 0.2, 0. , 0. , 0. ],
        [0. , 0. , 0. , 0. , 0. , 0. , 0. , 0. , 0. ],
        [0. , 0. , 0. , 0. , 0. , 0. , 0. , 0. , 0.2],
        [2.6, 0. , 0. , 0. , 0. , 0.2, 0. , 0. , 0. ],
        [2.6, 0. , 0. , 0. , 0. , 0. , 0. , 0. , 0. ],
        [2.6, 0. , 0. , 0. , 0. , 0.7, 0. , 0. , 0. ],
        [0.2, 0. , 0. , 0. , 0. , 0. , 0. , 0. , 0. ],
        [0. , 0. , 0. , 0. , 0. , 0. , 0. , 0. , 0. ],
        [0.4, 0. , 0. , 0. , 0. , 0. , 0.1, 0. , 0. ]],

       [[0. , 0. , 0. , 0. , 0. , 0. , 0. , 0. , 0. ],
        [0. , 0. , 0. , 0. , 0. , 0. , 0. , 0. , 0. ],
        [0. , 0. , 0. , 0. , 0. , 0. , 0. , 0. , 0. ],
        [0. , 0. , 0. , 0. , 0. , 0. , 0. , 0. , 0. ],
        [0. , 0. , 0. , 0. , 0. , 0. , 0. , 0. , 0. ],
        [0. , 0. , 0. , 0. , 0. , 0. , 0. , 0. , 0. ],
        [0. , 0. , 0. , 0. , 0. , 0. , 0. , 0. , 0. ],
        [0. , 0. , 0. , 0. , 0. , 0. , 0. , 0. , 0. ],
        [0. , 0. , 0. , 0. , 0. , 0. , 0. , 0. , 0. ]]], dtype=float32),
                 move_feats=[array([2.1, 0.7, 0. , 3. , 0.2, 0. ], dtype=float32),
                             array([0., 0., 0., 3., 0., 1.], dtype=float32)],
                 pi=[0.4149286498353458, 0.5850713501646543],
                 z=-1.0),
 SelfPlayExample(state_tensor=array([[[1. , 0. , 1. , 1. , 1. , 1. , 1. , 0. , 1. ],
        [0. , 1. , 0. , 0. , 0. , 0. , 0. , 1. , 0. ],
        [1. , 0. , 1. , 0. , 0. , 0. , 1. , 0. , 1. ],
        [1. , 0. , 0. , 1. , 0. , 1. , 0. , 0. , 1. ],
        [1. , 0. , 0. , 0. , 1. , 0. , 0. , 0. , 1. ],
        [1. , 0. , 0. , 1. , 0. , 1. , 0. , 0. , 1. ],
        [1. , 0. , 1. , 0. , 0. , 0. , 1. , 0. , 1. ],
        [0. , 1. , 0. , 0. , 0. , 0. , 0. , 1. , 0. ],
        [1. , 0. , 1. , 1. , 1. , 1. , 1. , 0. , 1. ]],

       [[0. , 0. , 0. , 0. , 0. , 0. , 0. , 0. , 0. ],
        [0. , 0. , 0. , 0. , 0. , 0. , 0. , 0. , 0. ],
        [0. , 0. , 0. , 0. , 0. , 0. , 0. , 0. , 1. ],
        [0. , 0. , 0. , 0. , 0. , 0. , 0. , 0. , 1. ],
        [0. , 0. , 0. , 0. , 0. , 0. , 0. , 0. , 1. ],
        [0. , 0. , 0. , 0. , 0. , 1. , 0. , 0. , 1. ],
        [0. , 0. , 0. , 0. , 0. , 0. , 1. , 0. , 1. ],
        [0. , 0. , 0. , 0. , 0. , 0. , 0. , 1. , 0. ],
        [0. , 0. , 0. , 0. , 0. , 0. , 1. , 0. , 1. ]],

       [[0. , 0. , 0. , 0. , 0. , 0. , 0. , 0. , 0. ],
        [0. , 0. , 0. , 0. , 0. , 0. , 0. , 0. , 0. ],
        [0. , 0. , 0. , 0. , 0. , 0. , 1. , 0. , 0. ],
        [0. , 0. , 0. , 0. , 0. , 1. , 0. , 0. , 0. ],
        [0. , 0. , 0. , 0. , 1. , 0. , 0. , 0. , 0. ],
        [0. , 0. , 0. , 1. , 0. , 0. , 0. , 0. , 0. ],
        [0. , 0. , 1. , 0. , 0. , 0. , 0. , 0. , 0. ],
        [0. , 1. , 0. , 0. , 0. , 0. , 0. , 0. , 0. ],
        [1. , 0. , 1. , 1. , 1. , 1. , 0. , 0. , 0. ]],

       [[1. , 0. , 1. , 1. , 1. , 1. , 0. , 0. , 0. ],
        [0. , 1. , 0. , 0. , 0. , 0. , 0. , 0. , 0. ],
        [1. , 0. , 1. , 0. , 0. , 0. , 0. , 0. , 0. ],
        [1. , 0. , 0. , 1. , 0. , 0. , 0. , 0. , 0. ],
        [1. , 0. , 0. , 0. , 0. , 0. , 0. , 0. , 0. ],
        [1. , 0. , 0. , 0. , 0. , 0. , 0. , 0. , 0. ],
        [1. , 0. , 0. , 0. , 0. , 0. , 0. , 0. , 0. ],
        [0. , 0. , 0. , 0. , 0. , 0. , 0. , 0. , 0. ],
        [0. , 0. , 0. , 0. , 0. , 0. , 0. , 0. , 0. ]],

       [[0. , 0. , 0. , 0. , 0. , 0. , 1. , 0. , 1. ],
        [0. , 0. , 0. , 0. , 0. , 0. , 0. , 1. , 0. ],
        [0. , 0. , 0. , 0. , 0. , 0. , 0. , 0. , 0. ],
        [0. , 0. , 0. , 0. , 0. , 0. , 0. , 0. , 0. ],
        [0. , 0. , 0. , 0. , 0. , 0. , 0. , 0. , 0. ],
        [0. , 0. , 0. , 0. , 0. , 0. , 0. , 0. , 0. ],
        [0. , 0. , 0. , 0. , 0. , 0. , 0. , 0. , 0. ],
        [0. , 0. , 0. , 0. , 0. , 0. , 0. , 0. , 0. ],
        [0. , 0. , 0. , 0. , 0. , 0. , 0. , 0. , 0. ]],

       [[1. , 0. , 0. , 0. , 0. , 0. , 0. , 0. , 1. ],
        [0. , 0. , 0. , 0. , 0. , 0. , 0. , 0. , 0. ],
        [0. , 0. , 0. , 0. , 0. , 0. , 0. , 0. , 0. ],
        [0. , 0. , 0. , 0. , 0. , 0. , 0. , 0. , 0. ],
        [0. , 0. , 0. , 0. , 0. , 0. , 0. , 0. , 0. ],
        [0. , 0. , 0. , 0. , 0. , 0. , 0. , 0. , 0. ],
        [0. , 0. , 0. , 0. , 0. , 0. , 0. , 0. , 0. ],
        [0. , 0. , 0. , 0. , 0. , 0. , 0. , 0. , 0. ],
        [1. , 0. , 0. , 0. , 0. , 0. , 0. , 0. , 1. ]],

       [[2. , 0. , 0.4, 0.4, 0.4, 0.4, 0.4, 0. , 2. ],
        [0. , 0.4, 0. , 0. , 0. , 0. , 0. , 0.4, 0. ],
        [0.4, 0. , 0.4, 0. , 0. , 0. , 0.4, 0. , 0.4],
        [0.4, 0. , 0. , 0.4, 0. , 0.4, 0. , 0. , 0.4],
        [0.4, 0. , 0. , 0. , 3. , 0. , 0. , 0. , 0.4],
        [0.4, 0. , 0. , 0.4, 0. , 0.4, 0. , 0. , 0.4],
        [0.4, 0. , 0.4, 0. , 0. , 0. , 0.4, 0. , 0.4],
        [0. , 0.4, 0. , 0. , 0. , 0. , 0. , 0.4, 0. ],
        [2. , 0. , 0.4, 0.4, 0.4, 0.4, 0.4, 0. , 2. ]],

       [[0.7, 0. , 1.2, 2.4, 2.4, 2.4, 0. , 0. , 0.5],
        [0. , 0.6, 0. , 0. , 0. , 0. , 0. , 0.4, 0. ],
        [0. , 0. , 0. , 0. , 0. , 0. , 0.2, 0. , 0.5],
        [0. , 0. , 0. , 0. , 0. , 0. , 0. , 0. , 0. ],
        [0. , 0. , 0. , 0. , 0. , 0. , 0. , 0. , 0. ],
        [0. , 0. , 0. , 0. , 0. , 2. , 0. , 0. , 0. ],
        [7.8, 0. , 0. , 0. , 0. , 0. , 0. , 0. , 0. ],
        [0. , 0.5, 0. , 0. , 0. , 0. , 0. , 0.8, 0. ],
        [1.1, 0. , 0. , 0.5, 0.5, 0.5, 1.2, 0. , 0.7]],

       [[0. , 0. , 1. , 1. , 1. , 1. , 0. , 0. , 0.2],
        [0. , 0.6, 0. , 0. , 0. , 0. , 0. , 0. , 0. ],
        [0. , 0. , 0. , 0. , 0. , 0. , 0. , 0. , 0. ],
        [0. , 0. , 0. , 0. , 0. , 0. , 0. , 0. , 0. ],
        [0. , 0. , 0. , 0. , 0. , 0. , 0. , 0. , 0. ],
        [0. , 0. , 0. , 0. , 0. , 0.8, 0. , 0. , 0. ],
        [3.6, 0. , 0. , 0. , 0. , 0. , 0. , 0. , 0. ],
        [0. , 0.5, 0. , 0. , 0. , 0. , 0. , 0.4, 0. ],
        [0.5, 0. , 0. , 0. , 0. , 0. , 0.4, 0. , 0.2]],

       [[0.4, 0. , 0. , 0.9, 0.9, 0.9, 0. , 0. , 0. ],
        [0. , 0. , 0. , 0. , 0. , 0. , 0. , 0.4, 0. ],
        [0. , 0. , 0. , 0. , 0. , 0. , 0. , 0. , 0.5],
        [0. , 0. , 0. , 0. , 0. , 0. , 0. , 0. , 0. ],
        [0. , 0. , 0. , 0. , 0. , 0. , 0. , 0. , 0. ],
        [0. , 0. , 0. , 0. , 0. , 0.5, 0. , 0. , 0. ],
        [1.6, 0. , 0. , 0. , 0. , 0. , 0. , 0. , 0. ],
        [0. , 0. , 0. , 0. , 0. , 0. , 0. , 0.4, 0. ],
        [0.1, 0. , 0. , 0.5, 0.5, 0.5, 0.7, 0. , 0. ]],

       [[0.2, 0. , 0.2, 0.5, 0.5, 0.5, 0. , 0. , 0.2],
        [0. , 0. , 0. , 0. , 0. , 0. , 0. , 0. , 0. ],
        [0. , 0. , 0. , 0. , 0. , 0. , 0.2, 0. , 0. ],
        [0. , 0. , 0. , 0. , 0. , 0. , 0. , 0. , 0. ],
        [0. , 0. , 0. , 0. , 0. , 0. , 0. , 0. , 0. ],
        [0. , 0. , 0. , 0. , 0. , 0.7, 0. , 0. , 0. ],
        [2.6, 0. , 0. , 0. , 0. , 0. , 0. , 0. , 0. ],
        [0. , 0. , 0. , 0. , 0. , 0. , 0. , 0. , 0. ],
        [0.4, 0. , 0. , 0. , 0. , 0. , 0.1, 0. , 0.4]],

       [[0. , 0. , 0. , 0. , 0. , 0. , 0. , 0. , 0. ],
        [0. , 0. , 0. , 0. , 0. , 0. , 0. , 0. , 0. ],
        [0. , 0. , 0. , 0. , 0. , 0. , 0. , 0. , 0. ],
        [0. , 0. , 0. , 0. , 0. , 0. , 0. , 0. , 0. ],
        [0. , 0. , 0. , 0. , 0. , 0. , 0. , 0. , 0. ],
        [0. , 0. , 0. , 0. , 0. , 0. , 0. , 0. , 0. ],
        [0. , 0. , 0. , 0. , 0. , 0. , 0. , 0. , 0. ],
        [0. , 0. , 0. , 0. , 0. , 0. , 0. , 0. , 0. ],
        [0. , 0. , 0. , 0. , 0. , 0. , 0. , 0. , 0. ]]], dtype=float32),
                 move_feats=[array([1. , 0.5, 0. , 0.4, 0.2, 0. ], dtype=float32),
                             array([0. , 0. , 0. , 0.4, 0. , 1. ], dtype=float32)],
                 pi=[0.44495944380069524, 0.5550405561993047],
                 z=-1.0),
 SelfPlayExample(state_tensor=array([[[1. , 0. , 1. , 1. , 1. , 1. , 1. , 0. , 1. ],
        [0. , 1. , 0. , 0. , 0. , 0. , 0. , 1. , 0. ],
        [1. , 0. , 1. , 0. , 0. , 0. , 1. , 0. , 1. ],
        [1. , 0. , 0. , 1. , 0. , 1. , 0. , 0. , 1. ],
        [1. , 0. , 0. , 0. , 1. , 0. , 0. , 0. , 1. ],
        [1. , 0. , 0. , 1. , 0. , 1. , 0. , 0. , 1. ],
        [1. , 0. , 1. , 0. , 0. , 0. , 1. , 0. , 1. ],
        [0. , 1. , 0. , 0. , 0. , 0. , 0. , 1. , 0. ],
        [1. , 0. , 1. , 1. , 1. , 1. , 1. , 0. , 1. ]],

       [[0. , 0. , 0. , 0. , 0. , 0. , 0. , 0. , 0. ],
        [0. , 0. , 0. , 0. , 0. , 0. , 0. , 0. , 0. ],
        [0. , 0. , 0. , 0. , 0. , 0. , 0. , 0. , 0. ],
        [0. , 0. , 0. , 0. , 0. , 0. , 0. , 0. , 1. ],
        [0. , 0. , 0. , 0. , 0. , 0. , 0. , 0. , 1. ],
        [0. , 0. , 0. , 0. , 0. , 1. , 0. , 0. , 1. ],
        [0. , 0. , 0. , 0. , 0. , 0. , 1. , 0. , 1. ],
        [0. , 0. , 0. , 0. , 0. , 0. , 0. , 1. , 0. ],
        [0. , 0. , 0. , 1. , 1. , 1. , 1. , 0. , 1. ]],

       [[0. , 0. , 0. , 0. , 0. , 0. , 0. , 0. , 0. ],
        [0. , 0. , 0. , 0. , 0. , 0. , 0. , 0. , 0. ],
        [0. , 0. , 0. , 0. , 0. , 0. , 1. , 0. , 0. ],
        [0. , 0. , 0. , 0. , 0. , 1. , 0. , 0. , 0. ],
        [0. , 0. , 0. , 0. , 1. , 0. , 0. , 0. , 0. ],
        [0. , 0. , 0. , 1. , 0. , 0. , 0. , 0. , 0. ],
        [0. , 0. , 1. , 0. , 0. , 0. , 0. , 0. , 0. ],
        [0. , 1. , 0. , 0. , 0. , 0. , 0. , 0. , 0. ],
        [1. , 0. , 1. , 0. , 0. , 0. , 0. , 0. , 0. ]],

       [[1. , 0. , 1. , 1. , 1. , 1. , 0. , 0. , 0. ],
        [0. , 1. , 0. , 0. , 0. , 0. , 0. , 0. , 0. ],
        [1. , 0. , 1. , 0. , 0. , 0. , 0. , 0. , 0. ],
        [1. , 0. , 0. , 1. , 0. , 0. , 0. , 0. , 0. ],
        [1. , 0. , 0. , 0. , 0. , 0. , 0. , 0. , 0. ],
        [1. , 0. , 0. , 0. , 0. , 0. , 0. , 0. , 0. ],
        [1. , 0. , 0. , 0. , 0. , 0. , 0. , 0. , 0. ],
        [0. , 0. , 0. , 0. , 0. , 0. , 0. , 0. , 0. ],
        [0. , 0. , 0. , 0. , 0. , 0. , 0. , 0. , 0. ]],

       [[0. , 0. , 0. , 0. , 0. , 0. , 1. , 0. , 1. ],
        [0. , 0. , 0. , 0. , 0. , 0. , 0. , 1. , 0. ],
        [0. , 0. , 0. , 0. , 0. , 0. , 0. , 0. , 1. ],
        [0. , 0. , 0. , 0. , 0. , 0. , 0. , 0. , 0. ],
        [0. , 0. , 0. , 0. , 0. , 0. , 0. , 0. , 0. ],
        [0. , 0. , 0. , 0. , 0. , 0. , 0. , 0. , 0. ],
        [0. , 0. , 0. , 0. , 0. , 0. , 0. , 0. , 0. ],
        [0. , 0. , 0. , 0. , 0. , 0. , 0. , 0. , 0. ],
        [0. , 0. , 0. , 0. , 0. , 0. , 0. , 0. , 0. ]],

       [[1. , 0. , 0. , 0. , 0. , 0. , 0. , 0. , 1. ],
        [0. , 0. , 0. , 0. , 0. , 0. , 0. , 0. , 0. ],
        [0. , 0. , 0. , 0. , 0. , 0. , 0. , 0. , 0. ],
        [0. , 0. , 0. , 0. , 0. , 0. , 0. , 0. , 0. ],
        [0. , 0. , 0. , 0. , 0. , 0. , 0. , 0. , 0. ],
        [0. , 0. , 0. , 0. , 0. , 0. , 0. , 0. , 0. ],
        [0. , 0. , 0. , 0. , 0. , 0. , 0. , 0. , 0. ],
        [0. , 0. , 0. , 0. , 0. , 0. , 0. , 0. , 0. ],
        [1. , 0. , 0. , 0. , 0. , 0. , 0. , 0. , 1. ]],

       [[2. , 0. , 0.4, 0.4, 0.4, 0.4, 0.4, 0. , 2. ],
        [0. , 0.4, 0. , 0. , 0. , 0. , 0. , 0.4, 0. ],
        [0.4, 0. , 0.4, 0. , 0. , 0. , 0.4, 0. , 0.4],
        [0.4, 0. , 0. , 0.4, 0. , 0.4, 0. , 0. , 0.4],
        [0.4, 0. , 0. , 0. , 3. , 0. , 0. , 0. , 0.4],
        [0.4, 0. , 0. , 0.4, 0. , 0.4, 0. , 0. , 0.4],
        [0.4, 0. , 0.4, 0. , 0. , 0. , 0.4, 0. , 0.4],
        [0. , 0.4, 0. , 0. , 0. , 0. , 0. , 0.4, 0. ],
        [2. , 0. , 0.4, 0.4, 0.4, 0.4, 0.4, 0. , 2. ]],

       [[0.8, 0. , 0.8, 3.6, 3.6, 3.6, 0. , 0. , 0.5],
        [0. , 0.4, 0. , 0. , 0. , 0. , 0. , 0.2, 0. ],
        [0. , 0. , 0. , 0. , 0. , 0. , 0.2, 0. , 0.4],
        [0. , 0. , 0. , 0. , 0. , 0. , 0. , 0. , 0. ],
        [0. , 0. , 0. , 0. , 0. , 0. , 0. , 0. , 0. ],
        [0. , 0. , 0. , 0. , 0. , 2. , 0. , 0. , 0. ],
        [7.8, 0. , 0. , 0. , 0. , 0. , 0. , 0. , 0. ],
        [0. , 1.5, 0. , 0. , 0. , 0. , 0. , 0.2, 0. ],
        [1.1, 0. , 0. , 0.9, 0.9, 0.9, 1.2, 0. , 0.6]],

       [[0.4, 0. , 0.6, 2. , 2. , 2. , 0. , 0. , 0.3],
        [0. , 0. , 0. , 0. , 0. , 0. , 0. , 0.2, 0. ],
        [0. , 0. , 0. , 0. , 0. , 0. , 0. , 0. , 0. ],
        [0. , 0. , 0. , 0. , 0. , 0. , 0. , 0. , 0. ],
        [0. , 0. , 0. , 0. , 0. , 0. , 0. , 0. , 0. ],
        [0. , 0. , 0. , 0. , 0. , 0.8, 0. , 0. , 0. ],
        [3.6, 0. , 0. , 0. , 0. , 0. , 0. , 0. , 0. ],
        [0. , 1. , 0. , 0. , 0. , 0. , 0. , 0.2, 0. ],
        [0.4, 0. , 0. , 0.1, 0.1, 0.1, 0.4, 0. , 0. ]],

       [[0.1, 0. , 0. , 0.9, 0.9, 0.9, 0. , 0. , 0. ],
        [0. , 0.4, 0. , 0. , 0. , 0. , 0. , 0. , 0. ],
        [0. , 0. , 0. , 0. , 0. , 0. , 0. , 0. , 0.2],
        [0. , 0. , 0. , 0. , 0. , 0. , 0. , 0. , 0. ],
        [0. , 0. , 0. , 0. , 0. , 0. , 0. , 0. , 0. ],
        [0. , 0. , 0. , 0. , 0. , 0.5, 0. , 0. , 0. ],
        [1.6, 0. , 0. , 0. , 0. , 0. , 0. , 0. , 0. ],
        [0. , 0.1, 0. , 0. , 0. , 0. , 0. , 0. , 0. ],
        [0.1, 0. , 0. , 0.7, 0.7, 0.7, 0.4, 0. , 0.1]],

       [[0.2, 0. , 0.2, 0.7, 0.7, 0.7, 0. , 0. , 0.1],
        [0. , 0. , 0. , 0. , 0. , 0. , 0. , 0. , 0. ],
        [0. , 0. , 0. , 0. , 0. , 0. , 0.2, 0. , 0.2],
        [0. , 0. , 0. , 0. , 0. , 0. , 0. , 0. , 0. ],
        [0. , 0. , 0. , 0. , 0. , 0. , 0. , 0. , 0. ],
        [0. , 0. , 0. , 0. , 0. , 0.7, 0. , 0. , 0. ],
        [2.6, 0. , 0. , 0. , 0. , 0. , 0. , 0. , 0. ],
        [0. , 0.4, 0. , 0. , 0. , 0. , 0. , 0. , 0. ],
        [0.5, 0. , 0. , 0.1, 0.1, 0.1, 0.4, 0. , 0.4]],

       [[0. , 0. , 0. , 0. , 0. , 0. , 0. , 0. , 0. ],
        [0. , 0. , 0. , 0. , 0. , 0. , 0. , 0. , 0. ],
        [0. , 0. , 0. , 0. , 0. , 0. , 0. , 0. , 0. ],
        [0. , 0. , 0. , 0. , 0. , 0. , 0. , 0. , 0. ],
        [0. , 0. , 0. , 0. , 0. , 0. , 0. , 0. , 0. ],
        [0. , 0. , 0. , 0. , 0. , 0. , 0. , 0. , 0. ],
        [0. , 0. , 0. , 0. , 0. , 0. , 0. , 0. , 0. ],
        [0. , 0. , 0. , 0. , 0. , 0. , 0. , 0. , 0. ],
        [0. , 0. , 0. , 0. , 0. , 0. , 0. , 0. , 0. ]]], dtype=float32),
                 move_feats=[array([2.1, 0.7, 0. , 3. , 0.2, 0. ], dtype=float32),
                             array([0., 0., 0., 3., 0., 1.], dtype=float32)],
                 pi=[0.3923900118906064, 0.6076099881093936],
                 z=-1.0),
 SelfPlayExample(state_tensor=array([[[1. , 0. , 1. , 1. , 1. , 1. , 1. , 0. , 1. ],
        [0. , 1. , 0. , 0. , 0. , 0. , 0. , 1. , 0. ],
        [1. , 0. , 1. , 0. , 0. , 0. , 1. , 0. , 1. ],
        [1. , 0. , 0. , 1. , 0. , 1. , 0. , 0. , 1. ],
        [1. , 0. , 0. , 0. , 1. , 0. , 0. , 0. , 1. ],
        [1. , 0. , 0. , 1. , 0. , 1. , 0. , 0. , 1. ],
        [1. , 0. , 1. , 0. , 0. , 0. , 1. , 0. , 1. ],
        [0. , 1. , 0. , 0. , 0. , 0. , 0. , 1. , 0. ],
        [1. , 0. , 1. , 1. , 1. , 1. , 1. , 0. , 1. ]],

       [[0. , 0. , 0. , 0. , 0. , 0. , 0. , 0. , 0. ],
        [0. , 0. , 0. , 0. , 0. , 0. , 0. , 0. , 0. ],
        [0. , 0. , 0. , 0. , 0. , 0. , 0. , 0. , 0. ],
        [0. , 0. , 0. , 0. , 0. , 0. , 0. , 0. , 0. ],
        [0. , 0. , 0. , 0. , 0. , 0. , 0. , 0. , 0. ],
        [0. , 0. , 0. , 0. , 0. , 1. , 0. , 0. , 0. ],
        [0. , 0. , 0. , 0. , 0. , 0. , 1. , 0. , 1. ],
        [0. , 0. , 0. , 0. , 0. , 0. , 0. , 1. , 0. ],
        [0. , 0. , 0. , 1. , 1. , 1. , 1. , 0. , 1. ]],

       [[0. , 0. , 0. , 0. , 0. , 0. , 0. , 0. , 0. ],
        [0. , 0. , 0. , 0. , 0. , 0. , 0. , 0. , 0. ],
        [0. , 0. , 0. , 0. , 0. , 0. , 0. , 0. , 0. ],
        [0. , 0. , 0. , 0. , 0. , 1. , 0. , 0. , 0. ],
        [0. , 0. , 0. , 0. , 1. , 0. , 0. , 0. , 0. ],
        [0. , 0. , 0. , 1. , 0. , 0. , 0. , 0. , 0. ],
        [0. , 0. , 1. , 0. , 0. , 0. , 0. , 0. , 0. ],
        [0. , 0. , 0. , 0. , 0. , 0. , 0. , 0. , 0. ],
        [1. , 0. , 1. , 0. , 0. , 0. , 0. , 0. , 0. ]],

       [[1. , 0. , 1. , 1. , 1. , 1. , 0. , 0. , 0. ],
        [0. , 1. , 0. , 0. , 0. , 0. , 0. , 0. , 0. ],
        [1. , 0. , 1. , 0. , 0. , 0. , 0. , 0. , 0. ],
        [1. , 0. , 0. , 1. , 0. , 0. , 0. , 0. , 0. ],
        [1. , 0. , 0. , 0. , 0. , 0. , 0. , 0. , 0. ],
        [1. , 0. , 0. , 0. , 0. , 0. , 0. , 0. , 0. ],
        [1. , 0. , 0. , 0. , 0. , 0. , 0. , 0. , 0. ],
        [0. , 1. , 0. , 0. , 0. , 0. , 0. , 0. , 0. ],
        [0. , 0. , 0. , 0. , 0. , 0. , 0. , 0. , 0. ]],

       [[0. , 0. , 0. , 0. , 0. , 0. , 1. , 0. , 1. ],
        [0. , 0. , 0. , 0. , 0. , 0. , 0. , 1. , 0. ],
        [0. , 0. , 0. , 0. , 0. , 0. , 1. , 0. , 1. ],
        [0. , 0. , 0. , 0. , 0. , 0. , 0. , 0. , 1. ],
        [0. , 0. , 0. , 0. , 0. , 0. , 0. , 0. , 1. ],
        [0. , 0. , 0. , 0. , 0. , 0. , 0. , 0. , 1. ],
        [0. , 0. , 0. , 0. , 0. , 0. , 0. , 0. , 0. ],
        [0. , 0. , 0. , 0. , 0. , 0. , 0. , 0. , 0. ],
        [0. , 0. , 0. , 0. , 0. , 0. , 0. , 0. , 0. ]],

       [[1. , 0. , 0. , 0. , 0. , 0. , 0. , 0. , 1. ],
        [0. , 0. , 0. , 0. , 0. , 0. , 0. , 0. , 0. ],
        [0. , 0. , 0. , 0. , 0. , 0. , 0. , 0. , 0. ],
        [0. , 0. , 0. , 0. , 0. , 0. , 0. , 0. , 0. ],
        [0. , 0. , 0. , 0. , 0. , 0. , 0. , 0. , 0. ],
        [0. , 0. , 0. , 0. , 0. , 0. , 0. , 0. , 0. ],
        [0. , 0. , 0. , 0. , 0. , 0. , 0. , 0. , 0. ],
        [0. , 0. , 0. , 0. , 0. , 0. , 0. , 0. , 0. ],
        [1. , 0. , 0. , 0. , 0. , 0. , 0. , 0. , 1. ]],

       [[2. , 0. , 0.4, 0.4, 0.4, 0.4, 0.4, 0. , 2. ],
        [0. , 0.4, 0. , 0. , 0. , 0. , 0. , 0.4, 0. ],
        [0.4, 0. , 0.4, 0. , 0. , 0. , 0.4, 0. , 0.4],
        [0.4, 0. , 0. , 0.4, 0. , 0.4, 0. , 0. , 0.4],
        [0.4, 0. , 0. , 0. , 3. , 0. , 0. , 0. , 0.4],
        [0.4, 0. , 0. , 0.4, 0. , 0.4, 0. , 0. , 0.4],
        [0.4, 0. , 0.4, 0. , 0. , 0. , 0.4, 0. , 0.4],
        [0. , 0.4, 0. , 0. , 0. , 0. , 0. , 0.4, 0. ],
        [2. , 0. , 0.4, 0.4, 0.4, 0.4, 0.4, 0. , 2. ]],

       [[0.7, 0. , 0.6, 4.4, 4.4, 4.4, 0. , 0. , 0.5],
        [0. , 0.5, 0. , 0. , 0. , 0. , 0. , 0.3, 0. ],
        [0. , 0. , 0. , 0. , 0. , 0. , 0.5, 0. , 0. ],
        [0. , 0. , 0. , 0. , 0. , 0. , 0. , 0. , 0.2],
        [0. , 0. , 0. , 0. , 0. , 0. , 0. , 0. , 0.2],
        [0. , 0. , 0. , 0. , 0. , 2. , 0. , 0. , 0.2],
        [0. , 0. , 0. , 0. , 0. , 0. , 0. , 0. , 0.6],
        [0. , 7.7, 0. , 0. , 0. , 0. , 0. , 0.1, 0. ],
        [1.2, 0. , 1.5, 0.8, 0.8, 0.8, 0. , 0. , 0.7]],

       [[0.1, 0. , 0. , 2.6, 2.6, 2.6, 0. , 0. , 0.2],
        [0. , 0.4, 0. , 0. , 0. , 0. , 0. , 0.3, 0. ],
        [0. , 0. , 0. , 0. , 0. , 0. , 0.2, 0. , 0. ],
        [0. , 0. , 0. , 0. , 0. , 0. , 0. , 0. , 0. ],
        [0. , 0. , 0. , 0. , 0. , 0. , 0. , 0. , 0. ],
        [0. , 0. , 0. , 0. , 0. , 0.8, 0. , 0. , 0. ],
        [0. , 0. , 0. , 0. , 0. , 0. , 0. , 0. , 0.2],
        [0. , 3.6, 0. , 0. , 0. , 0. , 0. , 0. , 0. ],
        [0.8, 0. , 0.5, 0.4, 0.4, 0.4, 0. , 0. , 0.2]],

       [[0.2, 0. , 0.4, 0.9, 0.9, 0.9, 0. , 0. , 0. ],
        [0. , 0.1, 0. , 0. , 0. , 0. , 0. , 0. , 0. ],
        [0. , 0. , 0. , 0. , 0. , 0. , 0. , 0. , 0. ],
        [0. , 0. , 0. , 0. , 0. , 0. , 0. , 0. , 0.2],
        [0. , 0. , 0. , 0. , 0. , 0. , 0. , 0. , 0.2],
        [0. , 0. , 0. , 0. , 0. , 0.5, 0. , 0. , 0.2],
        [0. , 0. , 0. , 0. , 0. , 0. , 0. , 0. , 0. ],
        [0. , 1.6, 0. , 0. , 0. , 0. , 0. , 0.1, 0. ],
        [0.2, 0. , 0.1, 0.4, 0.4, 0.4, 0. , 0. , 0. ]],

       [[0.3, 0. , 0.2, 0.9, 0.9, 0.9, 0. , 0. , 0.2],
        [0. , 0. , 0. , 0. , 0. , 0. , 0. , 0. , 0. ],
        [0. , 0. , 0. , 0. , 0. , 0. , 0.3, 0. , 0. ],
        [0. , 0. , 0. , 0. , 0. , 0. , 0. , 0. , 0. ],
        [0. , 0. , 0. , 0. , 0. , 0. , 0. , 0. , 0. ],
        [0. , 0. , 0. , 0. , 0. , 0.7, 0. , 0. , 0. ],
        [0. , 0. , 0. , 0. , 0. , 0. , 0. , 0. , 0.4],
        [0. , 2.5, 0. , 0. , 0. , 0. , 0. , 0. , 0. ],
        [0.1, 0. , 0.9, 0. , 0. , 0. , 0. , 0. , 0.4]],

       [[0. , 0. , 0. , 0. , 0. , 0. , 0. , 0. , 0. ],
        [0. , 0. , 0. , 0. , 0. , 0. , 0. , 0. , 0. ],
        [0. , 0. , 0. , 0. , 0. , 0. , 0. , 0. , 0. ],
        [0. , 0. , 0. , 0. , 0. , 0. , 0. , 0. , 0. ],
        [0. , 0. , 0. , 0. , 0. , 0. , 0. , 0. , 0. ],
        [0. , 0. , 0. , 0. , 0. , 0. , 0. , 0. , 0. ],
        [0. , 0. , 0. , 0. , 0. , 0. , 0. , 0. , 0. ],
        [0. , 0. , 0. , 0. , 0. , 0. , 0. , 0. , 0. ],
        [0. , 0. , 0. , 0. , 0. , 0. , 0. , 0. , 0. ]]], dtype=float32),
                 move_feats=[array([2.1, 0.7, 0. , 3. , 0.2, 0. ], dtype=float32),
                             array([0., 0., 0., 3., 0., 1.], dtype=float32)],
                 pi=[0.36128236744759556, 0.6387176325524044],
                 z=-1.0),
 SelfPlayExample(state_tensor=array([[[1. , 0. , 1. , 1. , 1. , 1. , 1. , 0. , 1. ],
        [0. , 1. , 0. , 0. , 0. , 0. , 0. , 1. , 0. ],
        [1. , 0. , 1. , 0. , 0. , 0. , 1. , 0. , 1. ],
        [1. , 0. , 0. , 1. , 0. , 1. , 0. , 0. , 1. ],
        [1. , 0. , 0. , 0. , 1. , 0. , 0. , 0. , 1. ],
        [1. , 0. , 0. , 1. , 0. , 1. , 0. , 0. , 1. ],
        [1. , 0. , 1. , 0. , 0. , 0. , 1. , 0. , 1. ],
        [0. , 1. , 0. , 0. , 0. , 0. , 0. , 1. , 0. ],
        [1. , 0. , 1. , 1. , 1. , 1. , 1. , 0. , 1. ]],

       [[0. , 0. , 0. , 0. , 0. , 0. , 0. , 0. , 0. ],
        [0. , 0. , 0. , 0. , 0. , 0. , 0. , 0. , 0. ],
        [0. , 0. , 0. , 0. , 0. , 0. , 0. , 0. , 0. ],
        [0. , 0. , 0. , 0. , 0. , 0. , 0. , 0. , 1. ],
        [0. , 0. , 0. , 0. , 0. , 0. , 0. , 0. , 1. ],
        [0. , 0. , 0. , 0. , 0. , 1. , 0. , 0. , 1. ],
        [0. , 0. , 0. , 0. , 0. , 0. , 1. , 0. , 1. ],
        [0. , 0. , 0. , 0. , 0. , 0. , 0. , 1. , 0. ],
        [0. , 0. , 0. , 0. , 0. , 0. , 1. , 0. , 1. ]],

       [[0. , 0. , 0. , 0. , 0. , 0. , 0. , 0. , 0. ],
        [0. , 0. , 0. , 0. , 0. , 0. , 0. , 0. , 0. ],
        [0. , 0. , 0. , 0. , 0. , 0. , 0. , 0. , 0. ],
        [0. , 0. , 0. , 0. , 0. , 1. , 0. , 0. , 0. ],
        [0. , 0. , 0. , 0. , 1. , 0. , 0. , 0. , 0. ],
        [0. , 0. , 0. , 1. , 0. , 0. , 0. , 0. , 0. ],
        [0. , 0. , 0. , 0. , 0. , 0. , 0. , 0. , 0. ],
        [0. , 0. , 0. , 0. , 0. , 0. , 0. , 0. , 0. ],
        [0. , 0. , 1. , 1. , 1. , 1. , 0. , 0. , 0. ]],

       [[1. , 0. , 1. , 1. , 1. , 1. , 0. , 0. , 0. ],
        [0. , 1. , 0. , 0. , 0. , 0. , 0. , 0. , 0. ],
        [1. , 0. , 1. , 0. , 0. , 0. , 0. , 0. , 0. ],
        [1. , 0. , 0. , 1. , 0. , 0. , 0. , 0. , 0. ],
        [1. , 0. , 0. , 0. , 0. , 0. , 0. , 0. , 0. ],
        [1. , 0. , 0. , 0. , 0. , 0. , 0. , 0. , 0. ],
        [1. , 0. , 1. , 0. , 0. , 0. , 0. , 0. , 0. ],
        [0. , 1. , 0. , 0. , 0. , 0. , 0. , 0. , 0. ],
        [1. , 0. , 0. , 0. , 0. , 0. , 0. , 0. , 0. ]],

       [[0. , 0. , 0. , 0. , 0. , 0. , 1. , 0. , 1. ],
        [0. , 0. , 0. , 0. , 0. , 0. , 0. , 1. , 0. ],
        [0. , 0. , 0. , 0. , 0. , 0. , 1. , 0. , 1. ],
        [0. , 0. , 0. , 0. , 0. , 0. , 0. , 0. , 0. ],
        [0. , 0. , 0. , 0. , 0. , 0. , 0. , 0. , 0. ],
        [0. , 0. , 0. , 0. , 0. , 0. , 0. , 0. , 0. ],
        [0. , 0. , 0. , 0. , 0. , 0. , 0. , 0. , 0. ],
        [0. , 0. , 0. , 0. , 0. , 0. , 0. , 0. , 0. ],
        [0. , 0. , 0. , 0. , 0. , 0. , 0. , 0. , 0. ]],

       [[1. , 0. , 0. , 0. , 0. , 0. , 0. , 0. , 1. ],
        [0. , 0. , 0. , 0. , 0. , 0. , 0. , 0. , 0. ],
        [0. , 0. , 0. , 0. , 0. , 0. , 0. , 0. , 0. ],
        [0. , 0. , 0. , 0. , 0. , 0. , 0. , 0. , 0. ],
        [0. , 0. , 0. , 0. , 0. , 0. , 0. , 0. , 0. ],
        [0. , 0. , 0. , 0. , 0. , 0. , 0. , 0. , 0. ],
        [0. , 0. , 0. , 0. , 0. , 0. , 0. , 0. , 0. ],
        [0. , 0. , 0. , 0. , 0. , 0. , 0. , 0. , 0. ],
        [1. , 0. , 0. , 0. , 0. , 0. , 0. , 0. , 1. ]],

       [[2. , 0. , 0.4, 0.4, 0.4, 0.4, 0.4, 0. , 2. ],
        [0. , 0.4, 0. , 0. , 0. , 0. , 0. , 0.4, 0. ],
        [0.4, 0. , 0.4, 0. , 0. , 0. , 0.4, 0. , 0.4],
        [0.4, 0. , 0. , 0.4, 0. , 0.4, 0. , 0. , 0.4],
        [0.4, 0. , 0. , 0. , 3. , 0. , 0. , 0. , 0.4],
        [0.4, 0. , 0. , 0.4, 0. , 0.4, 0. , 0. , 0.4],
        [0.4, 0. , 0.4, 0. , 0. , 0. , 0.4, 0. , 0.4],
        [0. , 0.4, 0. , 0. , 0. , 0. , 0. , 0.4, 0. ],
        [2. , 0. , 0.4, 0.4, 0.4, 0.4, 0.4, 0. , 2. ]],

       [[0.9, 0. , 0.8, 5. , 5. , 5. , 0. , 0. , 0.7],
        [0. , 0.3, 0. , 0. , 0. , 0. , 0. , 0.2, 0. ],
        [0. , 0. , 0. , 0. , 0. , 0. , 0.5, 0. , 0.5],
        [0. , 0. , 0. , 0. , 0. , 0. , 0. , 0. , 0.6],
        [0. , 0. , 0. , 0. , 0. , 0. , 0. , 0. , 0.6],
        [0. , 0. , 0. , 0. , 0. , 2. , 0. , 0. , 0.6],
        [0. , 0. , 1.6, 0. , 0. , 0. , 0. , 0. , 0. ],
        [0. , 3.6, 0. , 0. , 0. , 0. , 0. , 0.2, 0. ],
        [1.7, 0. , 0.1, 0.7, 0.7, 0.7, 0.5, 0. , 0.7]],

       [[0.4, 0. , 0.4, 2.6, 2.6, 2.6, 0. , 0. , 0.5],
        [0. , 0.1, 0. , 0. , 0. , 0. , 0. , 0.2, 0. ],
        [0. , 0. , 0. , 0. , 0. , 0. , 0.2, 0. , 0.3],
        [0. , 0. , 0. , 0. , 0. , 0. , 0. , 0. , 0.2],
        [0. , 0. , 0. , 0. , 0. , 0. , 0. , 0. , 0.2],
        [0. , 0. , 0. , 0. , 0. , 0.8, 0. , 0. , 0.2],
        [0. , 0. , 0. , 0. , 0. , 0. , 0. , 0. , 0. ],
        [0. , 3.6, 0. , 0. , 0. , 0. , 0. , 0.2, 0. ],
        [0. , 0. , 0. , 0. , 0. , 0. , 0. , 0. , 0.1]],

       [[0.4, 0. , 0.1, 1.3, 1.3, 1.3, 0. , 0. , 0. ],
        [0. , 0.2, 0. , 0. , 0. , 0. , 0. , 0. , 0. ],
        [0. , 0. , 0. , 0. , 0. , 0. , 0. , 0. , 0. ],
        [0. , 0. , 0. , 0. , 0. , 0. , 0. , 0. , 0. ],
        [0. , 0. , 0. , 0. , 0. , 0. , 0. , 0. , 0. ],
        [0. , 0. , 0. , 0. , 0. , 0.5, 0. , 0. , 0. ],
        [0. , 0. , 1.6, 0. , 0. , 0. , 0. , 0. , 0. ],
        [0. , 0. , 0. , 0. , 0. , 0. , 0. , 0. , 0. ],
        [0. , 0. , 0.1, 0. , 0. , 0. , 0.1, 0. , 0.2]],

       [[0. , 0. , 0.3, 1.1, 1.1, 1.1, 0. , 0. , 0.1],
        [0. , 0. , 0. , 0. , 0. , 0. , 0. , 0. , 0. ],
        [0. , 0. , 0. , 0. , 0. , 0. , 0.3, 0. , 0.2],
        [0. , 0. , 0. , 0. , 0. , 0. , 0. , 0. , 0.4],
        [0. , 0. , 0. , 0. , 0. , 0. , 0. , 0. , 0.4],
        [0. , 0. , 0. , 0. , 0. , 0.7, 0. , 0. , 0.4],
        [0. , 0. , 0. , 0. , 0. , 0. , 0. , 0. , 0. ],
        [0. , 0. , 0. , 0. , 0. , 0. , 0. , 0. , 0. ],
        [1.6, 0. , 0. , 0.7, 0.7, 0.7, 0.4, 0. , 0.3]],

       [[0. , 0. , 0. , 0. , 0. , 0. , 0. , 0. , 0. ],
        [0. , 0. , 0. , 0. , 0. , 0. , 0. , 0. , 0. ],
        [0. , 0. , 0. , 0. , 0. , 0. , 0. , 0. , 0. ],
        [0. , 0. , 0. , 0. , 0. , 0. , 0. , 0. , 0. ],
        [0. , 0. , 0. , 0. , 0. , 0. , 0. , 0. , 0. ],
        [0. , 0. , 0. , 0. , 0. , 0. , 0. , 0. , 0. ],
        [0. , 0. , 0. , 0. , 0. , 0. , 0. , 0. , 0. ],
        [0. , 0. , 0. , 0. , 0. , 0. , 0. , 0. , 0. ],
        [0. , 0. , 0. , 0. , 0. , 0. , 0. , 0. , 0. ]]], dtype=float32),
                 move_feats=[array([2.1, 0.7, 0. , 3. , 0.2, 0. ], dtype=float32),
                             array([0., 0., 0., 3., 0., 1.], dtype=float32)],
                 pi=[0.35769828926905134, 0.6423017107309487],
                 z=-1.0),
 SelfPlayExample(state_tensor=array([[[1. , 0. , 1. , 1. , 1. , 1. , 1. , 0. , 1. ],
        [0. , 1. , 0. , 0. , 0. , 0. , 0. , 1. , 0. ],
        [1. , 0. , 1. , 0. , 0. , 0. , 1. , 0. , 1. ],
        [1. , 0. , 0. , 1. , 0. , 1. , 0. , 0. , 1. ],
        [1. , 0. , 0. , 0. , 1. , 0. , 0. , 0. , 1. ],
        [1. , 0. , 0. , 1. , 0. , 1. , 0. , 0. , 1. ],
        [1. , 0. , 1. , 0. , 0. , 0. , 1. , 0. , 1. ],
        [0. , 1. , 0. , 0. , 0. , 0. , 0. , 1. , 0. ],
        [1. , 0. , 1. , 1. , 1. , 1. , 1. , 0. , 1. ]],

       [[0. , 0. , 0. , 0. , 0. , 0. , 0. , 0. , 0. ],
        [0. , 0. , 0. , 0. , 0. , 0. , 0. , 0. , 0. ],
        [0. , 0. , 0. , 0. , 0. , 0. , 0. , 0. , 0. ],
        [0. , 0. , 0. , 0. , 0. , 0. , 0. , 0. , 0. ],
        [0. , 0. , 0. , 0. , 0. , 0. , 0. , 0. , 0. ],
        [0. , 0. , 0. , 0. , 0. , 1. , 0. , 0. , 0. ],
        [0. , 0. , 0. , 0. , 0. , 0. , 1. , 0. , 1. ],
        [0. , 0. , 0. , 0. , 0. , 0. , 0. , 1. , 0. ],
        [0. , 0. , 0. , 1. , 1. , 1. , 1. , 0. , 1. ]],

       [[0. , 0. , 0. , 0. , 0. , 0. , 0. , 0. , 0. ],
        [0. , 0. , 0. , 0. , 0. , 0. , 0. , 0. , 0. ],
        [0. , 0. , 0. , 0. , 0. , 0. , 0. , 0. , 0. ],
        [0. , 0. , 0. , 0. , 0. , 0. , 0. , 0. , 0. ],
        [0. , 0. , 0. , 0. , 1. , 0. , 0. , 0. , 0. ],
        [0. , 0. , 0. , 1. , 0. , 0. , 0. , 0. , 0. ],
        [0. , 0. , 0. , 0. , 0. , 0. , 0. , 0. , 0. ],
        [0. , 0. , 0. , 0. , 0. , 0. , 0. , 0. , 0. ],
        [0. , 0. , 0. , 0. , 0. , 0. , 0. , 0. , 0. ]],

       [[1. , 0. , 1. , 1. , 1. , 1. , 1. , 0. , 0. ],
        [0. , 1. , 0. , 0. , 0. , 0. , 0. , 0. , 0. ],
        [1. , 0. , 1. , 0. , 0. , 0. , 0. , 0. , 0. ],
        [1. , 0. , 0. , 1. , 0. , 0. , 0. , 0. , 0. ],
        [1. , 0. , 0. , 0. , 0. , 0. , 0. , 0. , 0. ],
        [1. , 0. , 0. , 0. , 0. , 0. , 0. , 0. , 0. ],
        [1. , 0. , 1. , 0. , 0. , 0. , 0. , 0. , 0. ],
        [0. , 1. , 0. , 0. , 0. , 0. , 0. , 0. , 0. ],
        [1. , 0. , 1. , 0. , 0. , 0. , 0. , 0. , 0. ]],

       [[0. , 0. , 0. , 0. , 0. , 0. , 0. , 0. , 1. ],
        [0. , 0. , 0. , 0. , 0. , 0. , 0. , 1. , 0. ],
        [0. , 0. , 0. , 0. , 0. , 0. , 1. , 0. , 1. ],
        [0. , 0. , 0. , 0. , 0. , 1. , 0. , 0. , 1. ],
        [0. , 0. , 0. , 0. , 0. , 0. , 0. , 0. , 1. ],
        [0. , 0. , 0. , 0. , 0. , 0. , 0. , 0. , 1. ],
        [0. , 0. , 0. , 0. , 0. , 0. , 0. , 0. , 0. ],
        [0. , 0. , 0. , 0. , 0. , 0. , 0. , 0. , 0. ],
        [0. , 0. , 0. , 0. , 0. , 0. , 0. , 0. , 0. ]],

       [[1. , 0. , 0. , 0. , 0. , 0. , 0. , 0. , 1. ],
        [0. , 0. , 0. , 0. , 0. , 0. , 0. , 0. , 0. ],
        [0. , 0. , 0. , 0. , 0. , 0. , 0. , 0. , 0. ],
        [0. , 0. , 0. , 0. , 0. , 0. , 0. , 0. , 0. ],
        [0. , 0. , 0. , 0. , 0. , 0. , 0. , 0. , 0. ],
        [0. , 0. , 0. , 0. , 0. , 0. , 0. , 0. , 0. ],
        [0. , 0. , 0. , 0. , 0. , 0. , 0. , 0. , 0. ],
        [0. , 0. , 0. , 0. , 0. , 0. , 0. , 0. , 0. ],
        [1. , 0. , 0. , 0. , 0. , 0. , 0. , 0. , 1. ]],

       [[2. , 0. , 0.4, 0.4, 0.4, 0.4, 0.4, 0. , 2. ],
        [0. , 0.4, 0. , 0. , 0. , 0. , 0. , 0.4, 0. ],
        [0.4, 0. , 0.4, 0. , 0. , 0. , 0.4, 0. , 0.4],
        [0.4, 0. , 0. , 0.4, 0. , 0.4, 0. , 0. , 0.4],
        [0.4, 0. , 0. , 0. , 3. , 0. , 0. , 0. , 0.4],
        [0.4, 0. , 0. , 0.4, 0. , 0.4, 0. , 0. , 0.4],
        [0.4, 0. , 0.4, 0. , 0. , 0. , 0.4, 0. , 0.4],
        [0. , 0.4, 0. , 0. , 0. , 0. , 0. , 0.4, 0. ],
        [2. , 0. , 0.4, 0.4, 0.4, 0.4, 0.4, 0. , 2. ]],

       [[1.1, 0. , 0. , 0.5, 0.5, 0.5, 5.3, 0. , 0.5],
        [0. , 0.8, 0. , 0. , 0. , 0. , 0. , 1. , 0. ],
        [0. , 0. , 0.3, 0. , 0. , 0. , 0. , 0. , 0. ],
        [0. , 0. , 0. , 0. , 0. , 0.3, 0. , 0. , 0.3],
        [0. , 0. , 0. , 0. , 0. , 0. , 0. , 0. , 0.3],
        [0. , 0. , 0. , 0. , 0. , 2. , 0. , 0. , 0.3],
        [0. , 0. , 1.6, 0. , 0. , 0. , 0. , 0. , 0. ],
        [0. , 0. , 0. , 0. , 0. , 0. , 0. , 0.3, 0. ],
        [1.1, 0. , 5.2, 0.1, 0.1, 0.1, 0.5, 0. , 0.7]],

       [[0. , 0. , 0. , 0.4, 0.4, 0.4, 2.6, 0. , 0. ],
        [0. , 0.4, 0. , 0. , 0. , 0. , 0. , 0.9, 0. ],
        [0. , 0. , 0.1, 0. , 0. , 0. , 0. , 0. , 0. ],
        [0. , 0. , 0. , 0. , 0. , 0. , 0. , 0. , 0.1],
        [0. , 0. , 0. , 0. , 0. , 0. , 0. , 0. , 0.1],
        [0. , 0. , 0. , 0. , 0. , 0.8, 0. , 0. , 0.1],
        [0. , 0. , 0. , 0. , 0. , 0. , 0. , 0. , 0. ],
        [0. , 0. , 0. , 0. , 0. , 0. , 0. , 0.1, 0. ],
        [0.6, 0. , 3.6, 0. , 0. , 0. , 0.2, 0. , 0.1]],

       [[0.9, 0. , 0. , 0.1, 0.1, 0.1, 1.3, 0. , 0.2],
        [0. , 0.4, 0. , 0. , 0. , 0. , 0. , 0. , 0. ],
        [0. , 0. , 0.2, 0. , 0. , 0. , 0. , 0. , 0. ],
        [0. , 0. , 0. , 0. , 0. , 0. , 0. , 0. , 0. ],
        [0. , 0. , 0. , 0. , 0. , 0. , 0. , 0. , 0. ],
        [0. , 0. , 0. , 0. , 0. , 0.5, 0. , 0. , 0. ],
        [0. , 0. , 1.6, 0. , 0. , 0. , 0. , 0. , 0. ],
        [0. , 0. , 0. , 0. , 0. , 0. , 0. , 0.2, 0. ],
        [0.4, 0. , 0. , 0. , 0. , 0. , 0. , 0. , 0.4]],

       [[0.1, 0. , 0. , 0. , 0. , 0. , 1.4, 0. , 0.2],
        [0. , 0. , 0. , 0. , 0. , 0. , 0. , 0.1, 0. ],
        [0. , 0. , 0. , 0. , 0. , 0. , 0. , 0. , 0. ],
        [0. , 0. , 0. , 0. , 0. , 0.3, 0. , 0. , 0.2],
        [0. , 0. , 0. , 0. , 0. , 0. , 0. , 0. , 0.2],
        [0. , 0. , 0. , 0. , 0. , 0.7, 0. , 0. , 0.2],
        [0. , 0. , 0. , 0. , 0. , 0. , 0. , 0. , 0. ],
        [0. , 0. , 0. , 0. , 0. , 0. , 0. , 0. , 0. ],
        [0. , 0. , 1.6, 0.1, 0.1, 0.1, 0.3, 0. , 0.1]],

       [[0. , 0. , 0. , 0. , 0. , 0. , 0. , 0. , 0. ],
        [0. , 0. , 0. , 0. , 0. , 0. , 0. , 0. , 0. ],
        [0. , 0. , 0. , 0. , 0. , 0. , 0. , 0. , 0. ],
        [0. , 0. , 0. , 0. , 0. , 0. , 0. , 0. , 0. ],
        [0. , 0. , 0. , 0. , 0. , 0. , 0. , 0. , 0. ],
        [0. , 0. , 0. , 0. , 0. , 0. , 0. , 0. , 0. ],
        [0. , 0. , 0. , 0. , 0. , 0. , 0. , 0. , 0. ],
        [0. , 0. , 0. , 0. , 0. , 0. , 0. , 0. , 0. ],
        [0. , 0. , 0. , 0. , 0. , 0. , 0. , 0. , 0. ]]], dtype=float32),
                 move_feats=[array([2.1, 0.7, 0. , 3. , 0.2, 0. ], dtype=float32),
                             array([0., 0., 0., 3., 0., 1.], dtype=float32)],
                 pi=[0.5981112277019937, 0.4018887722980063],
                 z=-1.0),
 SelfPlayExample(state_tensor=array([[[1. , 0. , 1. , 1. , 1. , 1. , 1. , 0. , 1. ],
        [0. , 1. , 0. , 0. , 0. , 0. , 0. , 1. , 0. ],
        [1. , 0. , 1. , 0. , 0. , 0. , 1. , 0. , 1. ],
        [1. , 0. , 0. , 1. , 0. , 1. , 0. , 0. , 1. ],
        [1. , 0. , 0. , 0. , 1. , 0. , 0. , 0. , 1. ],
        [1. , 0. , 0. , 1. , 0. , 1. , 0. , 0. , 1. ],
        [1. , 0. , 1. , 0. , 0. , 0. , 1. , 0. , 1. ],
        [0. , 1. , 0. , 0. , 0. , 0. , 0. , 1. , 0. ],
        [1. , 0. , 1. , 1. , 1. , 1. , 1. , 0. , 1. ]],

       [[0. , 0. , 0. , 0. , 0. , 0. , 0. , 0. , 0. ],
        [0. , 0. , 0. , 0. , 0. , 0. , 0. , 0. , 0. ],
        [0. , 0. , 0. , 0. , 0. , 0. , 0. , 0. , 0. ],
        [0. , 0. , 0. , 0. , 0. , 0. , 0. , 0. , 0. ],
        [0. , 0. , 0. , 0. , 1. , 0. , 0. , 0. , 0. ],
        [0. , 0. , 0. , 0. , 0. , 1. , 0. , 0. , 0. ],
        [0. , 0. , 0. , 0. , 0. , 0. , 1. , 0. , 1. ],
        [0. , 0. , 0. , 0. , 0. , 0. , 0. , 1. , 0. ],
        [0. , 0. , 0. , 0. , 0. , 0. , 1. , 0. , 1. ]],

       [[0. , 0. , 0. , 0. , 0. , 0. , 0. , 0. , 0. ],
        [0. , 0. , 0. , 0. , 0. , 0. , 0. , 0. , 0. ],
        [0. , 0. , 0. , 0. , 0. , 0. , 0. , 0. , 0. ],
        [0. , 0. , 0. , 0. , 0. , 0. , 0. , 0. , 0. ],
        [0. , 0. , 0. , 0. , 0. , 0. , 0. , 0. , 0. ],
        [0. , 0. , 0. , 0. , 0. , 0. , 0. , 0. , 0. ],
        [0. , 0. , 0. , 0. , 0. , 0. , 0. , 0. , 0. ],
        [0. , 0. , 0. , 0. , 0. , 0. , 0. , 0. , 0. ],
        [0. , 0. , 0. , 0. , 0. , 0. , 0. , 0. , 0. ]],

       [[1. , 0. , 1. , 1. , 1. , 1. , 1. , 0. , 0. ],
        [0. , 1. , 0. , 0. , 0. , 0. , 0. , 0. , 0. ],
        [1. , 0. , 1. , 0. , 0. , 0. , 0. , 0. , 0. ],
        [1. , 0. , 0. , 1. , 0. , 0. , 0. , 0. , 0. ],
        [1. , 0. , 0. , 0. , 0. , 0. , 0. , 0. , 0. ],
        [1. , 0. , 0. , 1. , 0. , 0. , 0. , 0. , 0. ],
        [1. , 0. , 1. , 0. , 0. , 0. , 0. , 0. , 0. ],
        [0. , 1. , 0. , 0. , 0. , 0. , 0. , 0. , 0. ],
        [1. , 0. , 1. , 1. , 1. , 1. , 0. , 0. , 0. ]],

       [[0. , 0. , 0. , 0. , 0. , 0. , 0. , 0. , 1. ],
        [0. , 0. , 0. , 0. , 0. , 0. , 0. , 1. , 0. ],
        [0. , 0. , 0. , 0. , 0. , 0. , 1. , 0. , 1. ],
        [0. , 0. , 0. , 0. , 0. , 1. , 0. , 0. , 1. ],
        [0. , 0. , 0. , 0. , 0. , 0. , 0. , 0. , 1. ],
        [0. , 0. , 0. , 0. , 0. , 0. , 0. , 0. , 1. ],
        [0. , 0. , 0. , 0. , 0. , 0. , 0. , 0. , 0. ],
        [0. , 0. , 0. , 0. , 0. , 0. , 0. , 0. , 0. ],
        [0. , 0. , 0. , 0. , 0. , 0. , 0. , 0. , 0. ]],

       [[1. , 0. , 0. , 0. , 0. , 0. , 0. , 0. , 1. ],
        [0. , 0. , 0. , 0. , 0. , 0. , 0. , 0. , 0. ],
        [0. , 0. , 0. , 0. , 0. , 0. , 0. , 0. , 0. ],
        [0. , 0. , 0. , 0. , 0. , 0. , 0. , 0. , 0. ],
        [0. , 0. , 0. , 0. , 0. , 0. , 0. , 0. , 0. ],
        [0. , 0. , 0. , 0. , 0. , 0. , 0. , 0. , 0. ],
        [0. , 0. , 0. , 0. , 0. , 0. , 0. , 0. , 0. ],
        [0. , 0. , 0. , 0. , 0. , 0. , 0. , 0. , 0. ],
        [1. , 0. , 0. , 0. , 0. , 0. , 0. , 0. , 1. ]],

       [[2. , 0. , 0.4, 0.4, 0.4, 0.4, 0.4, 0. , 2. ],
        [0. , 0.4, 0. , 0. , 0. , 0. , 0. , 0.4, 0. ],
        [0.4, 0. , 0.4, 0. , 0. , 0. , 0.4, 0. , 0.4],
        [0.4, 0. , 0. , 0.4, 0. , 0.4, 0. , 0. , 0.4],
        [0.4, 0. , 0. , 0. , 3. , 0. , 0. , 0. , 0.4],
        [0.4, 0. , 0. , 0.4, 0. , 0.4, 0. , 0. , 0.4],
        [0.4, 0. , 0.4, 0. , 0. , 0. , 0.4, 0. , 0.4],
        [0. , 0.4, 0. , 0. , 0. , 0. , 0. , 0.4, 0. ],
        [2. , 0. , 0.4, 0.4, 0.4, 0.4, 0.4, 0. , 2. ]],

       [[0.2, 0. , 0. , 0. , 0. , 0. , 5.8, 0. , 0.6],
        [0. , 0.9, 0. , 0. , 0. , 0. , 0. , 1.4, 0. ],
        [0. , 0. , 0.9, 0. , 0. , 0. , 0. , 0. , 0. ],
        [0. , 0. , 0. , 0.3, 0. , 0.3, 0. , 0. , 0.2],
        [0. , 0. , 0. , 0. , 2. , 0. , 0. , 0. , 0.2],
        [0. , 0. , 0. , 1.6, 0. , 0. , 0. , 0. , 0.2],
        [0. , 0. , 0. , 0. , 0. , 0. , 0. , 0. , 0.7],
        [0. , 1. , 0. , 0. , 0. , 0. , 0. , 0.5, 0. ],
        [1.1, 0. , 0. , 5.2, 5.2, 5.2, 0. , 0. , 0.7]],

       [[0. , 0. , 0. , 0. , 0. , 0. , 3. , 0. , 0. ],
        [0. , 0. , 0. , 0. , 0. , 0. , 0. , 0.9, 0. ],
        [0. , 0. , 0.4, 0. , 0. , 0. , 0. , 0. , 0. ],
        [0. , 0. , 0. , 0.1, 0. , 0. , 0. , 0. , 0.1],
        [0. , 0. , 0. , 0. , 0.8, 0. , 0. , 0. , 0.1],
        [0. , 0. , 0. , 0. , 0. , 0. , 0. , 0. , 0.1],
        [0. , 0. , 0. , 0. , 0. , 0. , 0. , 0. , 0.1],
        [0. , 0.6, 0. , 0. , 0. , 0. , 0. , 0.1, 0. ],
        [0.4, 0. , 0. , 3.6, 3.6, 3.6, 0. , 0. , 0.2]],

       [[0. , 0. , 0. , 0. , 0. , 0. , 1.4, 0. , 0.5],
        [0. , 0.9, 0. , 0. , 0. , 0. , 0. , 0.2, 0. ],
        [0. , 0. , 0.4, 0. , 0. , 0. , 0. , 0. , 0. ],
        [0. , 0. , 0. , 0.2, 0. , 0. , 0. , 0. , 0. ],
        [0. , 0. , 0. , 0. , 0.5, 0. , 0. , 0. , 0. ],
        [0. , 0. , 0. , 1.6, 0. , 0. , 0. , 0. , 0. ],
        [0. , 0. , 0. , 0. , 0. , 0. , 0. , 0. , 0.2],
        [0. , 0.4, 0. , 0. , 0. , 0. , 0. , 0.4, 0. ],
        [0.3, 0. , 0. , 0. , 0. , 0. , 0. , 0. , 0.2]],

       [[0.1, 0. , 0. , 0. , 0. , 0. , 1.4, 0. , 0. ],
        [0. , 0. , 0. , 0. , 0. , 0. , 0. , 0.3, 0. ],
        [0. , 0. , 0.1, 0. , 0. , 0. , 0. , 0. , 0. ],
        [0. , 0. , 0. , 0. , 0. , 0.3, 0. , 0. , 0.1],
        [0. , 0. , 0. , 0. , 0.7, 0. , 0. , 0. , 0.1],
        [0. , 0. , 0. , 0. , 0. , 0. , 0. , 0. , 0.1],
        [0. , 0. , 0. , 0. , 0. , 0. , 0. , 0. , 0.4],
        [0. , 0. , 0. , 0. , 0. , 0. , 0. , 0. , 0. ],
        [0.3, 0. , 0. , 1.6, 1.6, 1.6, 0. , 0. , 0.2]],

       [[0. , 0. , 0. , 0. , 0. , 0. , 0. , 0. , 0. ],
        [0. , 0. , 0. , 0. , 0. , 0. , 0. , 0. , 0. ],
        [0. , 0. , 0. , 0. , 0. , 0. , 0. , 0. , 0. ],
        [0. , 0. , 0. , 0. , 0. , 0. , 0. , 0. , 0. ],
        [0. , 0. , 0. , 0. , 0. , 0. , 0. , 0. , 0. ],
        [0. , 0. , 0. , 0. , 0. , 0. , 0. , 0. , 0. ],
        [0. , 0. , 0. , 0. , 0. , 0. , 0. , 0. , 0. ],
        [0. , 0. , 0. , 0. , 0. , 0. , 0. , 0. , 0. ],
        [0. , 0. , 0. , 0. , 0. , 0. , 0. , 0. , 0. ]]], dtype=float32),
                 move_feats=[array([4.4, 2. , 0. , 0.4, 0.6, 0. ], dtype=float32),
                             array([0. , 0. , 0. , 0.4, 0. , 1. ], dtype=float32)],
                 pi=[0.5150442477876106, 0.4849557522123894],
                 z=-1.0),
 SelfPlayExample(state_tensor=array([[[1. , 0. , 1. , 1. , 1. , 1. , 1. , 0. , 1. ],
        [0. , 1. , 0. , 0. , 0. , 0. , 0. , 1. , 0. ],
        [1. , 0. , 1. , 0. , 0. , 0. , 1. , 0. , 1. ],
        [1. , 0. , 0. , 1. , 0. , 1. , 0. , 0. , 1. ],
        [1. , 0. , 0. , 0. , 1. , 0. , 0. , 0. , 1. ],
        [1. , 0. , 0. , 1. , 0. , 1. , 0. , 0. , 1. ],
        [1. , 0. , 1. , 0. , 0. , 0. , 1. , 0. , 1. ],
        [0. , 1. , 0. , 0. , 0. , 0. , 0. , 1. , 0. ],
        [1. , 0. , 1. , 1. , 1. , 1. , 1. , 0. , 1. ]],

       [[0. , 0. , 0. , 0. , 0. , 0. , 0. , 0. , 0. ],
        [0. , 0. , 0. , 0. , 0. , 0. , 0. , 0. , 0. ],
        [0. , 0. , 0. , 0. , 0. , 0. , 0. , 0. , 0. ],
        [0. , 0. , 0. , 0. , 0. , 0. , 0. , 0. , 1. ],
        [0. , 0. , 0. , 0. , 0. , 0. , 0. , 0. , 1. ],
        [0. , 0. , 0. , 1. , 0. , 1. , 0. , 0. , 1. ],
        [0. , 0. , 0. , 0. , 0. , 0. , 1. , 0. , 1. ],
        [0. , 0. , 0. , 0. , 0. , 0. , 0. , 1. , 0. ],
        [0. , 0. , 0. , 0. , 0. , 0. , 0. , 0. , 1. ]],

       [[0. , 0. , 0. , 0. , 0. , 0. , 0. , 0. , 0. ],
        [0. , 0. , 0. , 0. , 0. , 0. , 0. , 0. , 0. ],
        [0. , 0. , 0. , 0. , 0. , 0. , 0. , 0. , 0. ],
        [0. , 0. , 0. , 0. , 0. , 0. , 0. , 0. , 0. ],
        [0. , 0. , 0. , 0. , 0. , 0. , 0. , 0. , 0. ],
        [0. , 0. , 0. , 0. , 0. , 0. , 0. , 0. , 0. ],
        [0. , 0. , 0. , 0. , 0. , 0. , 0. , 0. , 0. ],
        [0. , 0. , 0. , 0. , 0. , 0. , 0. , 0. , 0. ],
        [0. , 0. , 0. , 0. , 0. , 0. , 0. , 0. , 0. ]],

       [[1. , 0. , 1. , 1. , 1. , 1. , 1. , 0. , 0. ],
        [0. , 1. , 0. , 0. , 0. , 0. , 0. , 0. , 0. ],
        [1. , 0. , 1. , 0. , 0. , 0. , 0. , 0. , 0. ],
        [1. , 0. , 0. , 1. , 0. , 0. , 0. , 0. , 0. ],
        [1. , 0. , 0. , 0. , 0. , 0. , 0. , 0. , 0. ],
        [1. , 0. , 0. , 0. , 0. , 0. , 0. , 0. , 0. ],
        [1. , 0. , 1. , 0. , 0. , 0. , 0. , 0. , 0. ],
        [0. , 1. , 0. , 0. , 0. , 0. , 0. , 0. , 0. ],
        [1. , 0. , 1. , 1. , 1. , 1. , 1. , 0. , 0. ]],

       [[0. , 0. , 0. , 0. , 0. , 0. , 0. , 0. , 1. ],
        [0. , 0. , 0. , 0. , 0. , 0. , 0. , 1. , 0. ],
        [0. , 0. , 0. , 0. , 0. , 0. , 1. , 0. , 1. ],
        [0. , 0. , 0. , 0. , 0. , 1. , 0. , 0. , 0. ],
        [0. , 0. , 0. , 0. , 1. , 0. , 0. , 0. , 0. ],
        [0. , 0. , 0. , 0. , 0. , 0. , 0. , 0. , 0. ],
        [0. , 0. , 0. , 0. , 0. , 0. , 0. , 0. , 0. ],
        [0. , 0. , 0. , 0. , 0. , 0. , 0. , 0. , 0. ],
        [0. , 0. , 0. , 0. , 0. , 0. , 0. , 0. , 0. ]],

       [[1. , 0. , 0. , 0. , 0. , 0. , 0. , 0. , 1. ],
        [0. , 0. , 0. , 0. , 0. , 0. , 0. , 0. , 0. ],
        [0. , 0. , 0. , 0. , 0. , 0. , 0. , 0. , 0. ],
        [0. , 0. , 0. , 0. , 0. , 0. , 0. , 0. , 0. ],
        [0. , 0. , 0. , 0. , 0. , 0. , 0. , 0. , 0. ],
        [0. , 0. , 0. , 0. , 0. , 0. , 0. , 0. , 0. ],
        [0. , 0. , 0. , 0. , 0. , 0. , 0. , 0. , 0. ],
        [0. , 0. , 0. , 0. , 0. , 0. , 0. , 0. , 0. ],
        [1. , 0. , 0. , 0. , 0. , 0. , 0. , 0. , 1. ]],

       [[2. , 0. , 0.4, 0.4, 0.4, 0.4, 0.4, 0. , 2. ],
        [0. , 0.4, 0. , 0. , 0. , 0. , 0. , 0.4, 0. ],
        [0.4, 0. , 0.4, 0. , 0. , 0. , 0.4, 0. , 0.4],
        [0.4, 0. , 0. , 0.4, 0. , 0.4, 0. , 0. , 0.4],
        [0.4, 0. , 0. , 0. , 3. , 0. , 0. , 0. , 0.4],
        [0.4, 0. , 0. , 0.4, 0. , 0.4, 0. , 0. , 0.4],
        [0.4, 0. , 0.4, 0. , 0. , 0. , 0.4, 0. , 0.4],
        [0. , 0.4, 0. , 0. , 0. , 0. , 0. , 0.4, 0. ],
        [2. , 0. , 0.4, 0.4, 0.4, 0.4, 0.4, 0. , 2. ]],

       [[0.4, 0. , 0. , 0. , 0. , 0. , 5.8, 0. , 0.6],
        [0. , 0. , 0. , 0. , 0. , 0. , 0. , 1.6, 0. ],
        [0. , 0. , 1. , 0. , 0. , 0. , 0. , 0. , 0.1],
        [0. , 0. , 0. , 1.2, 0. , 0. , 0. , 0. , 0.5],
        [0. , 0. , 0. , 0. , 0.3, 0. , 0. , 0. , 0.5],
        [0. , 0. , 0. , 1.4, 0. , 0. , 0. , 0. , 0.5],
        [0. , 0. , 1.3, 0. , 0. , 0. , 0. , 0. , 0. ],
        [0. , 0.7, 0. , 0. , 0. , 0. , 0. , 0.4, 0. ],
        [1.1, 0. , 0. , 0. , 0. , 0. , 5.1, 0. , 1.1]],

       [[0. , 0. , 0. , 0. , 0. , 0. , 3. , 0. , 0.2],
        [0. , 0. , 0. , 0. , 0. , 0. , 0. , 0.9, 0. ],
        [0. , 0. , 0. , 0. , 0. , 0. , 0. , 0. , 0. ],
        [0. , 0. , 0. , 0.5, 0. , 0. , 0. , 0. , 0. ],
        [0. , 0. , 0. , 0. , 0. , 0. , 0. , 0. , 0. ],
        [0. , 0. , 0. , 0.2, 0. , 0. , 0. , 0. , 0. ],
        [0. , 0. , 0.6, 0. , 0. , 0. , 0. , 0. , 0. ],
        [0. , 0.4, 0. , 0. , 0. , 0. , 0. , 0.2, 0. ],
        [0.6, 0. , 0. , 0. , 0. , 0. , 3.6, 0. , 0.4]],

       [[0.1, 0. , 0. , 0. , 0. , 0. , 1.4, 0. , 0.1],
        [0. , 0. , 0. , 0. , 0. , 0. , 0. , 0.7, 0. ],
        [0. , 0. , 0.9, 0. , 0. , 0. , 0. , 0. , 0. ],
        [0. , 0. , 0. , 0.6, 0. , 0. , 0. , 0. , 0.1],
        [0. , 0. , 0. , 0. , 0. , 0. , 0. , 0. , 0.1],
        [0. , 0. , 0. , 0.5, 0. , 0. , 0. , 0. , 0.1],
        [0. , 0. , 0.4, 0. , 0. , 0. , 0. , 0. , 0. ],
        [0. , 0.3, 0. , 0. , 0. , 0. , 0. , 0.2, 0. ],
        [0.4, 0. , 0. , 0. , 0. , 0. , 0. , 0. , 0.5]],

       [[0.2, 0. , 0. , 0. , 0. , 0. , 1.4, 0. , 0.2],
        [0. , 0. , 0. , 0. , 0. , 0. , 0. , 0. , 0. ],
        [0. , 0. , 0.1, 0. , 0. , 0. , 0. , 0. , 0.1],
        [0. , 0. , 0. , 0.1, 0. , 0. , 0. , 0. , 0.4],
        [0. , 0. , 0. , 0. , 0.3, 0. , 0. , 0. , 0.4],
        [0. , 0. , 0. , 0.7, 0. , 0. , 0. , 0. , 0.4],
        [0. , 0. , 0.3, 0. , 0. , 0. , 0. , 0. , 0. ],
        [0. , 0. , 0. , 0. , 0. , 0. , 0. , 0. , 0. ],
        [0. , 0. , 0. , 0. , 0. , 0. , 1.5, 0. , 0.1]],

       [[0. , 0. , 0. , 0. , 0. , 0. , 0. , 0. , 0. ],
        [0. , 0. , 0. , 0. , 0. , 0. , 0. , 0. , 0. ],
        [0. , 0. , 0. , 0. , 0. , 0. , 0. , 0. , 0. ],
        [0. , 0. , 0. , 0. , 0. , 0. , 0. , 0. , 0. ],
        [0. , 0. , 0. , 0. , 0. , 0. , 0. , 0. , 0. ],
        [0. , 0. , 0. , 0. , 0. , 0. , 0. , 0. , 0. ],
        [0. , 0. , 0. , 0. , 0. , 0. , 0. , 0. , 0. ],
        [0. , 0. , 0. , 0. , 0. , 0. , 0. , 0. , 0. ],
        [0. , 0. , 0. , 0. , 0. , 0. , 0. , 0. , 0. ]]], dtype=float32),
                 move_feats=[array([3.1, 1.2, 0. , 3. , 0.4, 0. ], dtype=float32),
                             array([2.1, 0.7, 0. , 3. , 0.2, 0. ], dtype=float32),
                             array([0., 0., 0., 3., 0., 1.], dtype=float32)],
                 pi=[0.2578397212543554,
                     0.42044134727061555,
                     0.32171893147502906],
                 z=-1.0),
 SelfPlayExample(state_tensor=array([[[1. , 0. , 1. , 1. , 1. , 1. , 1. , 0. , 1. ],
        [0. , 1. , 0. , 0. , 0. , 0. , 0. , 1. , 0. ],
        [1. , 0. , 1. , 0. , 0. , 0. , 1. , 0. , 1. ],
        [1. , 0. , 0. , 1. , 0. , 1. , 0. , 0. , 1. ],
        [1. , 0. , 0. , 0. , 1. , 0. , 0. , 0. , 1. ],
        [1. , 0. , 0. , 1. , 0. , 1. , 0. , 0. , 1. ],
        [1. , 0. , 1. , 0. , 0. , 0. , 1. , 0. , 1. ],
        [0. , 1. , 0. , 0. , 0. , 0. , 0. , 1. , 0. ],
        [1. , 0. , 1. , 1. , 1. , 1. , 1. , 0. , 1. ]],

       [[0. , 0. , 0. , 0. , 0. , 0. , 0. , 0. , 0. ],
        [0. , 0. , 0. , 0. , 0. , 0. , 0. , 0. , 0. ],
        [0. , 0. , 0. , 0. , 0. , 0. , 0. , 0. , 0. ],
        [0. , 0. , 0. , 0. , 0. , 0. , 0. , 0. , 1. ],
        [0. , 0. , 0. , 0. , 0. , 0. , 0. , 0. , 1. ],
        [0. , 0. , 0. , 1. , 0. , 1. , 0. , 0. , 1. ],
        [0. , 0. , 0. , 0. , 0. , 0. , 1. , 0. , 1. ],
        [0. , 0. , 0. , 0. , 0. , 0. , 0. , 0. , 0. ],
        [0. , 0. , 0. , 0. , 0. , 0. , 0. , 0. , 1. ]],

       [[0. , 0. , 0. , 0. , 0. , 0. , 0. , 0. , 0. ],
        [0. , 0. , 0. , 0. , 0. , 0. , 0. , 0. , 0. ],
        [0. , 0. , 0. , 0. , 0. , 0. , 0. , 0. , 0. ],
        [0. , 0. , 0. , 0. , 0. , 0. , 0. , 0. , 0. ],
        [0. , 0. , 0. , 0. , 0. , 0. , 0. , 0. , 0. ],
        [0. , 0. , 0. , 0. , 0. , 0. , 0. , 0. , 0. ],
        [0. , 0. , 0. , 0. , 0. , 0. , 0. , 0. , 0. ],
        [0. , 0. , 0. , 0. , 0. , 0. , 0. , 0. , 0. ],
        [0. , 0. , 0. , 0. , 0. , 0. , 0. , 0. , 0. ]],

       [[1. , 0. , 1. , 1. , 1. , 1. , 1. , 0. , 0. ],
        [0. , 1. , 0. , 0. , 0. , 0. , 0. , 0. , 0. ],
        [1. , 0. , 1. , 0. , 0. , 0. , 0. , 0. , 0. ],
        [1. , 0. , 0. , 1. , 0. , 0. , 0. , 0. , 0. ],
        [1. , 0. , 0. , 0. , 1. , 0. , 0. , 0. , 0. ],
        [1. , 0. , 0. , 0. , 0. , 0. , 0. , 0. , 0. ],
        [1. , 0. , 1. , 0. , 0. , 0. , 0. , 0. , 0. ],
        [0. , 1. , 0. , 0. , 0. , 0. , 0. , 1. , 0. ],
        [1. , 0. , 1. , 1. , 1. , 1. , 1. , 0. , 0. ]],

       [[0. , 0. , 0. , 0. , 0. , 0. , 0. , 0. , 1. ],
        [0. , 0. , 0. , 0. , 0. , 0. , 0. , 1. , 0. ],
        [0. , 0. , 0. , 0. , 0. , 0. , 1. , 0. , 1. ],
        [0. , 0. , 0. , 0. , 0. , 1. , 0. , 0. , 0. ],
        [0. , 0. , 0. , 0. , 0. , 0. , 0. , 0. , 0. ],
        [0. , 0. , 0. , 0. , 0. , 0. , 0. , 0. , 0. ],
        [0. , 0. , 0. , 0. , 0. , 0. , 0. , 0. , 0. ],
        [0. , 0. , 0. , 0. , 0. , 0. , 0. , 0. , 0. ],
        [0. , 0. , 0. , 0. , 0. , 0. , 0. , 0. , 0. ]],

       [[1. , 0. , 0. , 0. , 0. , 0. , 0. , 0. , 1. ],
        [0. , 0. , 0. , 0. , 0. , 0. , 0. , 0. , 0. ],
        [0. , 0. , 0. , 0. , 0. , 0. , 0. , 0. , 0. ],
        [0. , 0. , 0. , 0. , 0. , 0. , 0. , 0. , 0. ],
        [0. , 0. , 0. , 0. , 0. , 0. , 0. , 0. , 0. ],
        [0. , 0. , 0. , 0. , 0. , 0. , 0. , 0. , 0. ],
        [0. , 0. , 0. , 0. , 0. , 0. , 0. , 0. , 0. ],
        [0. , 0. , 0. , 0. , 0. , 0. , 0. , 0. , 0. ],
        [1. , 0. , 0. , 0. , 0. , 0. , 0. , 0. , 1. ]],

       [[2. , 0. , 0.4, 0.4, 0.4, 0.4, 0.4, 0. , 2. ],
        [0. , 0.4, 0. , 0. , 0. , 0. , 0. , 0.4, 0. ],
        [0.4, 0. , 0.4, 0. , 0. , 0. , 0.4, 0. , 0.4],
        [0.4, 0. , 0. , 0.4, 0. , 0.4, 0. , 0. , 0.4],
        [0.4, 0. , 0. , 0. , 3. , 0. , 0. , 0. , 0.4],
        [0.4, 0. , 0. , 0.4, 0. , 0.4, 0. , 0. , 0.4],
        [0.4, 0. , 0.4, 0. , 0. , 0. , 0.4, 0. , 0.4],
        [0. , 0.4, 0. , 0. , 0. , 0. , 0. , 0.4, 0. ],
        [2. , 0. , 0.4, 0.4, 0.4, 0.4, 0.4, 0. , 2. ]],

       [[0.3, 0. , 0.2, 0. , 0. , 0. , 5.8, 0. , 0.8],
        [0. , 0.1, 0. , 0. , 0. , 0. , 0. , 0.3, 0. ],
        [0. , 0. , 0. , 0. , 0. , 0. , 0. , 0. , 1.7],
        [0. , 0. , 0. , 0.9, 0. , 0. , 0. , 0. , 0. ],
        [0. , 0. , 0. , 0. , 1.1, 0. , 0. , 0. , 0. ],
        [0. , 0. , 0. , 0.4, 0. , 0. , 0. , 0. , 0. ],
        [0. , 0. , 1.9, 0. , 0. , 0. , 0. , 0. , 0. ],
        [0. , 1. , 0. , 0. , 0. , 0. , 0. , 4.7, 0. ],
        [1.1, 0. , 0. , 0. , 0. , 0. , 0. , 0. , 1.2]],

       [[0. , 0. , 0. , 0. , 0. , 0. , 3. , 0. , 0.1],
        [0. , 0. , 0. , 0. , 0. , 0. , 0. , 0.2, 0. ],
        [0. , 0. , 0. , 0. , 0. , 0. , 0. , 0. , 0.8],
        [0. , 0. , 0. , 0. , 0. , 0. , 0. , 0. , 0. ],
        [0. , 0. , 0. , 0. , 0.3, 0. , 0. , 0. , 0. ],
        [0. , 0. , 0. , 0. , 0. , 0. , 0. , 0. , 0. ],
        [0. , 0. , 0.9, 0. , 0. , 0. , 0. , 0. , 0. ],
        [0. , 0.6, 0. , 0. , 0. , 0. , 0. , 3.2, 0. ],
        [0.6, 0. , 0. , 0. , 0. , 0. , 0. , 0. , 0.7]],

       [[0. , 0. , 0. , 0. , 0. , 0. , 1.4, 0. , 0. ],
        [0. , 0.1, 0. , 0. , 0. , 0. , 0. , 0.1, 0. ],
        [0. , 0. , 0. , 0. , 0. , 0. , 0. , 0. , 0.7],
        [0. , 0. , 0. , 0.9, 0. , 0. , 0. , 0. , 0. ],
        [0. , 0. , 0. , 0. , 0.6, 0. , 0. , 0. , 0. ],
        [0. , 0. , 0. , 0.4, 0. , 0. , 0. , 0. , 0. ],
        [0. , 0. , 0.7, 0. , 0. , 0. , 0. , 0. , 0. ],
        [0. , 0.4, 0. , 0. , 0. , 0. , 0. , 0. , 0. ],
        [0. , 0. , 0. , 0. , 0. , 0. , 0. , 0. , 0.2]],

       [[0.2, 0. , 0.2, 0. , 0. , 0. , 1.4, 0. , 0.6],
        [0. , 0. , 0. , 0. , 0. , 0. , 0. , 0. , 0. ],
        [0. , 0. , 0. , 0. , 0. , 0. , 0. , 0. , 0.2],
        [0. , 0. , 0. , 0. , 0. , 0. , 0. , 0. , 0. ],
        [0. , 0. , 0. , 0. , 0.2, 0. , 0. , 0. , 0. ],
        [0. , 0. , 0. , 0. , 0. , 0. , 0. , 0. , 0. ],
        [0. , 0. , 0.3, 0. , 0. , 0. , 0. , 0. , 0. ],
        [0. , 0. , 0. , 0. , 0. , 0. , 0. , 1.5, 0. ],
        [0.4, 0. , 0. , 0. , 0. , 0. , 0. , 0. , 0.2]],

       [[0. , 0. , 0. , 0. , 0. , 0. , 0. , 0. , 0. ],
        [0. , 0. , 0. , 0. , 0. , 0. , 0. , 0. , 0. ],
        [0. , 0. , 0. , 0. , 0. , 0. , 0. , 0. , 0. ],
        [0. , 0. , 0. , 0. , 0. , 0. , 0. , 0. , 0. ],
        [0. , 0. , 0. , 0. , 0. , 0. , 0. , 0. , 0. ],
        [0. , 0. , 0. , 0. , 0. , 0. , 0. , 0. , 0. ],
        [0. , 0. , 0. , 0. , 0. , 0. , 0. , 0. , 0. ],
        [0. , 0. , 0. , 0. , 0. , 0. , 0. , 0. , 0. ],
        [0. , 0. , 0. , 0. , 0. , 0. , 0. , 0. , 0. ]]], dtype=float32),
                 move_feats=[array([0. , 0. , 0. , 0.4, 0. , 1. ], dtype=float32)],
                 pi=[1.0],
                 z=-1.0),
 SelfPlayExample(state_tensor=array([[[1. , 0. , 1. , 1. , 1. , 1. , 1. , 0. , 1. ],
        [0. , 1. , 0. , 0. , 0. , 0. , 0. , 1. , 0. ],
        [1. , 0. , 1. , 0. , 0. , 0. , 1. , 0. , 1. ],
        [1. , 0. , 0. , 1. , 0. , 1. , 0. , 0. , 1. ],
        [1. , 0. , 0. , 0. , 1. , 0. , 0. , 0. , 1. ],
        [1. , 0. , 0. , 1. , 0. , 1. , 0. , 0. , 1. ],
        [1. , 0. , 1. , 0. , 0. , 0. , 1. , 0. , 1. ],
        [0. , 1. , 0. , 0. , 0. , 0. , 0. , 1. , 0. ],
        [1. , 0. , 1. , 1. , 1. , 1. , 1. , 0. , 1. ]],

       [[1. , 0. , 0. , 0. , 0. , 0. , 0. , 0. , 0. ],
        [0. , 1. , 0. , 0. , 0. , 0. , 0. , 0. , 0. ],
        [0. , 0. , 0. , 0. , 0. , 0. , 0. , 0. , 0. ],
        [0. , 0. , 0. , 0. , 0. , 0. , 0. , 0. , 0. ],
        [0. , 0. , 0. , 0. , 0. , 0. , 0. , 0. , 0. ],
        [0. , 0. , 0. , 0. , 0. , 0. , 0. , 0. , 0. ],
        [0. , 0. , 0. , 0. , 0. , 0. , 0. , 0. , 0. ],
        [0. , 0. , 0. , 0. , 0. , 0. , 0. , 0. , 0. ],
        [0. , 0. , 0. , 0. , 0. , 0. , 0. , 0. , 0. ]],

       [[0. , 0. , 0. , 0. , 0. , 0. , 0. , 0. , 1. ],
        [0. , 0. , 0. , 0. , 0. , 0. , 0. , 1. , 0. ],
        [0. , 0. , 0. , 0. , 0. , 0. , 0. , 0. , 0. ],
        [0. , 0. , 0. , 0. , 0. , 0. , 0. , 0. , 0. ],
        [0. , 0. , 0. , 0. , 0. , 0. , 0. , 0. , 0. ],
        [0. , 0. , 0. , 0. , 0. , 0. , 0. , 0. , 0. ],
        [0. , 0. , 0. , 0. , 0. , 0. , 0. , 0. , 0. ],
        [0. , 0. , 0. , 0. , 0. , 0. , 0. , 0. , 0. ],
        [0. , 0. , 0. , 0. , 0. , 0. , 0. , 0. , 0. ]],

       [[0. , 0. , 0. , 0. , 0. , 0. , 0. , 0. , 0. ],
        [0. , 0. , 0. , 0. , 0. , 0. , 0. , 0. , 0. ],
        [0. , 0. , 0. , 0. , 0. , 0. , 0. , 0. , 0. ],
        [0. , 0. , 0. , 0. , 0. , 0. , 0. , 0. , 0. ],
        [0. , 0. , 0. , 0. , 0. , 0. , 0. , 0. , 0. ],
        [0. , 0. , 0. , 0. , 0. , 0. , 0. , 0. , 0. ],
        [0. , 0. , 0. , 0. , 0. , 0. , 0. , 0. , 0. ],
        [0. , 0. , 0. , 0. , 0. , 0. , 0. , 1. , 0. ],
        [0. , 0. , 0. , 0. , 0. , 0. , 0. , 0. , 1. ]],

       [[0. , 0. , 0. , 0. , 0. , 0. , 0. , 0. , 0. ],
        [0. , 0. , 0. , 0. , 0. , 0. , 0. , 0. , 0. ],
        [0. , 0. , 0. , 0. , 0. , 0. , 0. , 0. , 0. ],
        [0. , 0. , 0. , 0. , 0. , 0. , 0. , 0. , 0. ],
        [0. , 0. , 0. , 0. , 0. , 0. , 0. , 0. , 0. ],
        [0. , 0. , 0. , 0. , 0. , 0. , 0. , 0. , 0. ],
        [0. , 0. , 0. , 0. , 0. , 0. , 0. , 0. , 0. ],
        [0. , 1. , 0. , 0. , 0. , 0. , 0. , 0. , 0. ],
        [1. , 0. , 0. , 0. , 0. , 0. , 0. , 0. , 0. ]],

       [[1. , 0. , 0. , 0. , 0. , 0. , 0. , 0. , 1. ],
        [0. , 0. , 0. , 0. , 0. , 0. , 0. , 0. , 0. ],
        [0. , 0. , 0. , 0. , 0. , 0. , 0. , 0. , 0. ],
        [0. , 0. , 0. , 0. , 0. , 0. , 0. , 0. , 0. ],
        [0. , 0. , 0. , 0. , 0. , 0. , 0. , 0. , 0. ],
        [0. , 0. , 0. , 0. , 0. , 0. , 0. , 0. , 0. ],
        [0. , 0. , 0. , 0. , 0. , 0. , 0. , 0. , 0. ],
        [0. , 0. , 0. , 0. , 0. , 0. , 0. , 0. , 0. ],
        [1. , 0. , 0. , 0. , 0. , 0. , 0. , 0. , 1. ]],

       [[2. , 0. , 0.4, 0.4, 0.4, 0.4, 0.4, 0. , 2. ],
        [0. , 0.4, 0. , 0. , 0. , 0. , 0. , 0.4, 0. ],
        [0.4, 0. , 0.4, 0. , 0. , 0. , 0.4, 0. , 0.4],
        [0.4, 0. , 0. , 0.4, 0. , 0.4, 0. , 0. , 0.4],
        [0.4, 0. , 0. , 0. , 3. , 0. , 0. , 0. , 0.4],
        [0.4, 0. , 0. , 0.4, 0. , 0.4, 0. , 0. , 0.4],
        [0.4, 0. , 0.4, 0. , 0. , 0. , 0.4, 0. , 0.4],
        [0. , 0.4, 0. , 0. , 0. , 0. , 0. , 0.4, 0. ],
        [2. , 0. , 0.4, 0.4, 0.4, 0.4, 0.4, 0. , 2. ]],

       [[0.2, 0. , 0. , 0. , 0. , 0. , 0. , 0. , 0.2],
        [0. , 0.2, 0. , 0. , 0. , 0. , 0. , 0.2, 0. ],
        [0. , 0. , 0. , 0. , 0. , 0. , 0. , 0. , 0. ],
        [0. , 0. , 0. , 0. , 0. , 0. , 0. , 0. , 0. ],
        [0. , 0. , 0. , 0. , 0.3, 0. , 0. , 0. , 0. ],
        [0. , 0. , 0. , 0. , 0. , 0. , 0. , 0. , 0. ],
        [0. , 0. , 0. , 0. , 0. , 0. , 0. , 0. , 0. ],
        [0. , 0.2, 0. , 0. , 0. , 0. , 0. , 0.2, 0. ],
        [0.2, 0. , 0. , 0. , 0. , 0. , 0. , 0. , 0.2]],

       [[0. , 0. , 0. , 0. , 0. , 0. , 0. , 0. , 0. ],
        [0. , 0.2, 0. , 0. , 0. , 0. , 0. , 0.2, 0. ],
        [0. , 0. , 0. , 0. , 0. , 0. , 0. , 0. , 0. ],
        [0. , 0. , 0. , 0. , 0. , 0. , 0. , 0. , 0. ],
        [0. , 0. , 0. , 0. , 0.3, 0. , 0. , 0. , 0. ],
        [0. , 0. , 0. , 0. , 0. , 0. , 0. , 0. , 0. ],
        [0. , 0. , 0. , 0. , 0. , 0. , 0. , 0. , 0. ],
        [0. , 0.2, 0. , 0. , 0. , 0. , 0. , 0.2, 0. ],
        [0. , 0. , 0. , 0. , 0. , 0. , 0. , 0. , 0. ]],

       [[0. , 0. , 0. , 0. , 0. , 0. , 0. , 0. , 0. ],
        [0. , 0. , 0. , 0. , 0. , 0. , 0. , 0. , 0. ],
        [0. , 0. , 0. , 0. , 0. , 0. , 0. , 0. , 0. ],
        [0. , 0. , 0. , 0. , 0. , 0. , 0. , 0. , 0. ],
        [0. , 0. , 0. , 0. , 0. , 0. , 0. , 0. , 0. ],
        [0. , 0. , 0. , 0. , 0. , 0. , 0. , 0. , 0. ],
        [0. , 0. , 0. , 0. , 0. , 0. , 0. , 0. , 0. ],
        [0. , 0. , 0. , 0. , 0. , 0. , 0. , 0. , 0. ],
        [0. , 0. , 0. , 0. , 0. , 0. , 0. , 0. , 0. ]],

       [[0.1, 0. , 0. , 0. , 0. , 0. , 0. , 0. , 0.1],
        [0. , 0. , 0. , 0. , 0. , 0. , 0. , 0. , 0. ],
        [0. , 0. , 0. , 0. , 0. , 0. , 0. , 0. , 0. ],
        [0. , 0. , 0. , 0. , 0. , 0. , 0. , 0. , 0. ],
        [0. , 0. , 0. , 0. , 0. , 0. , 0. , 0. , 0. ],
        [0. , 0. , 0. , 0. , 0. , 0. , 0. , 0. , 0. ],
        [0. , 0. , 0. , 0. , 0. , 0. , 0. , 0. , 0. ],
        [0. , 0. , 0. , 0. , 0. , 0. , 0. , 0. , 0. ],
        [0.1, 0. , 0. , 0. , 0. , 0. , 0. , 0. , 0.1]],

       [[0. , 0. , 0. , 0. , 0. , 0. , 0. , 0. , 0. ],
        [0. , 0. , 0. , 0. , 0. , 0. , 0. , 0. , 0. ],
        [0. , 0. , 0. , 0. , 0. , 0. , 0. , 0. , 0. ],
        [0. , 0. , 0. , 0. , 0. , 0. , 0. , 0. , 0. ],
        [0. , 0. , 0. , 0. , 0. , 0. , 0. , 0. , 0. ],
        [0. , 0. , 0. , 0. , 0. , 0. , 0. , 0. , 0. ],
        [0. , 0. , 0. , 0. , 0. , 0. , 0. , 0. , 0. ],
        [0. , 0. , 0. , 0. , 0. , 0. , 0. , 0. , 0. ],
        [0. , 0. , 0. , 0. , 0. , 0. , 0. , 0. , 0. ]]], dtype=float32),
                 move_feats=[array([0.5, 0.3, 0. , 0.4, 0.4, 0. ], dtype=float32),
                             array([0.2, 0.2, 0. , 0.4, 0.2, 0. ], dtype=float32),
                             array([0. , 0. , 0. , 0.4, 0. , 1. ], dtype=float32)],
                 pi=[0.323869610935857,
                     0.2513144058885384,
                     0.42481598317560465],
                 z=-1.0),
 SelfPlayExample(state_tensor=array([[[1. , 0. , 1. , 1. , 1. , 1. , 1. , 0. , 1. ],
        [0. , 1. , 0. , 0. , 0. , 0. , 0. , 1. , 0. ],
        [1. , 0. , 1. , 0. , 0. , 0. , 1. , 0. , 1. ],
        [1. , 0. , 0. , 1. , 0. , 1. , 0. , 0. , 1. ],
        [1. , 0. , 0. , 0. , 1. , 0. , 0. , 0. , 1. ],
        [1. , 0. , 0. , 1. , 0. , 1. , 0. , 0. , 1. ],
        [1. , 0. , 1. , 0. , 0. , 0. , 1. , 0. , 1. ],
        [0. , 1. , 0. , 0. , 0. , 0. , 0. , 1. , 0. ],
        [1. , 0. , 1. , 1. , 1. , 1. , 1. , 0. , 1. ]],

       [[1. , 0. , 0. , 0. , 0. , 0. , 0. , 0. , 0. ],
        [0. , 1. , 0. , 0. , 0. , 0. , 0. , 0. , 0. ],
        [1. , 0. , 0. , 0. , 0. , 0. , 0. , 0. , 0. ],
        [0. , 0. , 0. , 0. , 0. , 0. , 0. , 0. , 0. ],
        [0. , 0. , 0. , 0. , 0. , 0. , 0. , 0. , 0. ],
        [0. , 0. , 0. , 0. , 0. , 0. , 0. , 0. , 0. ],
        [0. , 0. , 0. , 0. , 0. , 0. , 0. , 0. , 0. ],
        [0. , 0. , 0. , 0. , 0. , 0. , 0. , 0. , 0. ],
        [0. , 0. , 0. , 0. , 0. , 0. , 0. , 0. , 0. ]],

       [[0. , 0. , 0. , 0. , 0. , 0. , 1. , 0. , 1. ],
        [0. , 0. , 0. , 0. , 0. , 0. , 0. , 1. , 0. ],
        [0. , 0. , 0. , 0. , 0. , 0. , 0. , 0. , 1. ],
        [0. , 0. , 0. , 0. , 0. , 0. , 0. , 0. , 0. ],
        [0. , 0. , 0. , 0. , 0. , 0. , 0. , 0. , 0. ],
        [0. , 0. , 0. , 0. , 0. , 0. , 0. , 0. , 0. ],
        [0. , 0. , 0. , 0. , 0. , 0. , 0. , 0. , 0. ],
        [0. , 0. , 0. , 0. , 0. , 0. , 0. , 0. , 0. ],
        [0. , 0. , 0. , 0. , 0. , 0. , 0. , 0. , 0. ]],

       [[0. , 0. , 0. , 0. , 0. , 0. , 0. , 0. , 0. ],
        [0. , 0. , 0. , 0. , 0. , 0. , 0. , 0. , 0. ],
        [0. , 0. , 0. , 0. , 0. , 0. , 0. , 0. , 0. ],
        [0. , 0. , 0. , 0. , 0. , 0. , 0. , 0. , 0. ],
        [0. , 0. , 0. , 0. , 0. , 0. , 0. , 0. , 0. ],
        [0. , 0. , 0. , 0. , 0. , 0. , 0. , 0. , 0. ],
        [0. , 0. , 0. , 0. , 0. , 0. , 0. , 0. , 1. ],
        [0. , 0. , 0. , 0. , 0. , 0. , 0. , 1. , 0. ],
        [0. , 0. , 0. , 0. , 0. , 0. , 1. , 0. , 1. ]],

       [[0. , 0. , 0. , 0. , 0. , 0. , 0. , 0. , 0. ],
        [0. , 0. , 0. , 0. , 0. , 0. , 0. , 0. , 0. ],
        [0. , 0. , 0. , 0. , 0. , 0. , 0. , 0. , 0. ],
        [0. , 0. , 0. , 0. , 0. , 0. , 0. , 0. , 0. ],
        [0. , 0. , 0. , 0. , 0. , 0. , 0. , 0. , 0. ],
        [0. , 0. , 0. , 0. , 0. , 0. , 0. , 0. , 0. ],
        [1. , 0. , 0. , 0. , 0. , 0. , 0. , 0. , 0. ],
        [0. , 1. , 0. , 0. , 0. , 0. , 0. , 0. , 0. ],
        [1. , 0. , 0. , 0. , 0. , 0. , 0. , 0. , 0. ]],

       [[1. , 0. , 0. , 0. , 0. , 0. , 0. , 0. , 1. ],
        [0. , 0. , 0. , 0. , 0. , 0. , 0. , 0. , 0. ],
        [0. , 0. , 0. , 0. , 0. , 0. , 0. , 0. , 0. ],
        [0. , 0. , 0. , 0. , 0. , 0. , 0. , 0. , 0. ],
        [0. , 0. , 0. , 0. , 0. , 0. , 0. , 0. , 0. ],
        [0. , 0. , 0. , 0. , 0. , 0. , 0. , 0. , 0. ],
        [0. , 0. , 0. , 0. , 0. , 0. , 0. , 0. , 0. ],
        [0. , 0. , 0. , 0. , 0. , 0. , 0. , 0. , 0. ],
        [1. , 0. , 0. , 0. , 0. , 0. , 0. , 0. , 1. ]],

       [[2. , 0. , 0.4, 0.4, 0.4, 0.4, 0.4, 0. , 2. ],
        [0. , 0.4, 0. , 0. , 0. , 0. , 0. , 0.4, 0. ],
        [0.4, 0. , 0.4, 0. , 0. , 0. , 0.4, 0. , 0.4],
        [0.4, 0. , 0. , 0.4, 0. , 0.4, 0. , 0. , 0.4],
        [0.4, 0. , 0. , 0. , 3. , 0. , 0. , 0. , 0.4],
        [0.4, 0. , 0. , 0.4, 0. , 0.4, 0. , 0. , 0.4],
        [0.4, 0. , 0.4, 0. , 0. , 0. , 0.4, 0. , 0.4],
        [0. , 0.4, 0. , 0. , 0. , 0. , 0. , 0.4, 0. ],
        [2. , 0. , 0.4, 0.4, 0.4, 0.4, 0.4, 0. , 2. ]],

       [[0.4, 0. , 0. , 0. , 0. , 0. , 0.1, 0. , 0.5],
        [0. , 0. , 0. , 0. , 0. , 0. , 0. , 0. , 0. ],
        [0.3, 0. , 0. , 0. , 0. , 0. , 0. , 0. , 0.2],
        [0. , 0. , 0. , 0. , 0. , 0. , 0. , 0. , 0. ],
        [0. , 0. , 0. , 0. , 0.3, 0. , 0. , 0. , 0. ],
        [0. , 0. , 0. , 0. , 0. , 0. , 0. , 0. , 0. ],
        [0.3, 0. , 0. , 0. , 0. , 0. , 0. , 0. , 0.1],
        [0. , 0. , 0. , 0. , 0. , 0. , 0. , 0. , 0. ],
        [0.8, 0. , 0. , 0. , 0. , 0. , 0.2, 0. , 0.5]],

       [[0. , 0. , 0. , 0. , 0. , 0. , 0. , 0. , 0.1],
        [0. , 0. , 0. , 0. , 0. , 0. , 0. , 0. , 0. ],
        [0.2, 0. , 0. , 0. , 0. , 0. , 0. , 0. , 0.2],
        [0. , 0. , 0. , 0. , 0. , 0. , 0. , 0. , 0. ],
        [0. , 0. , 0. , 0. , 0.3, 0. , 0. , 0. , 0. ],
        [0. , 0. , 0. , 0. , 0. , 0. , 0. , 0. , 0. ],
        [0.2, 0. , 0. , 0. , 0. , 0. , 0. , 0. , 0. ],
        [0. , 0. , 0. , 0. , 0. , 0. , 0. , 0. , 0. ],
        [0.7, 0. , 0. , 0. , 0. , 0. , 0.2, 0. , 0.1]],

       [[0.3, 0. , 0. , 0. , 0. , 0. , 0. , 0. , 0.3],
        [0. , 0. , 0. , 0. , 0. , 0. , 0. , 0. , 0. ],
        [0. , 0. , 0. , 0. , 0. , 0. , 0. , 0. , 0. ],
        [0. , 0. , 0. , 0. , 0. , 0. , 0. , 0. , 0. ],
        [0. , 0. , 0. , 0. , 0. , 0. , 0. , 0. , 0. ],
        [0. , 0. , 0. , 0. , 0. , 0. , 0. , 0. , 0. ],
        [0. , 0. , 0. , 0. , 0. , 0. , 0. , 0. , 0. ],
        [0. , 0. , 0. , 0. , 0. , 0. , 0. , 0. , 0. ],
        [0. , 0. , 0. , 0. , 0. , 0. , 0. , 0. , 0. ]],

       [[0. , 0. , 0. , 0. , 0. , 0. , 0.1, 0. , 0. ],
        [0. , 0. , 0. , 0. , 0. , 0. , 0. , 0. , 0. ],
        [0.1, 0. , 0. , 0. , 0. , 0. , 0. , 0. , 0. ],
        [0. , 0. , 0. , 0. , 0. , 0. , 0. , 0. , 0. ],
        [0. , 0. , 0. , 0. , 0. , 0. , 0. , 0. , 0. ],
        [0. , 0. , 0. , 0. , 0. , 0. , 0. , 0. , 0. ],
        [0.1, 0. , 0. , 0. , 0. , 0. , 0. , 0. , 0.1],
        [0. , 0. , 0. , 0. , 0. , 0. , 0. , 0. , 0. ],
        [0. , 0. , 0. , 0. , 0. , 0. , 0. , 0. , 0.3]],

       [[0. , 0. , 0. , 0. , 0. , 0. , 0. , 0. , 0. ],
        [0. , 0. , 0. , 0. , 0. , 0. , 0. , 0. , 0. ],
        [0. , 0. , 0. , 0. , 0. , 0. , 0. , 0. , 0. ],
        [0. , 0. , 0. , 0. , 0. , 0. , 0. , 0. , 0. ],
        [0. , 0. , 0. , 0. , 0. , 0. , 0. , 0. , 0. ],
        [0. , 0. , 0. , 0. , 0. , 0. , 0. , 0. , 0. ],
        [0. , 0. , 0. , 0. , 0. , 0. , 0. , 0. , 0. ],
        [0. , 0. , 0. , 0. , 0. , 0. , 0. , 0. , 0. ],
        [0. , 0. , 0. , 0. , 0. , 0. , 0. , 0. , 0. ]]], dtype=float32),
                 move_feats=[array([0.5, 0.3, 0. , 0.4, 0.4, 0. ], dtype=float32),
                             array([0.3, 0.1, 0. , 0.4, 0.2, 0. ], dtype=float32),
                             array([0. , 0. , 0. , 0.4, 0. , 1. ], dtype=float32)],
                 pi=[0.25487465181058494,
                     0.4568245125348189,
                     0.2883008356545961],
                 z=-1.0),
 SelfPlayExample(state_tensor=array([[[1. , 0. , 1. , 1. , 1. , 1. , 1. , 0. , 1. ],
        [0. , 1. , 0. , 0. , 0. , 0. , 0. , 1. , 0. ],
        [1. , 0. , 1. , 0. , 0. , 0. , 1. , 0. , 1. ],
        [1. , 0. , 0. , 1. , 0. , 1. , 0. , 0. , 1. ],
        [1. , 0. , 0. , 0. , 1. , 0. , 0. , 0. , 1. ],
        [1. , 0. , 0. , 1. , 0. , 1. , 0. , 0. , 1. ],
        [1. , 0. , 1. , 0. , 0. , 0. , 1. , 0. , 1. ],
        [0. , 1. , 0. , 0. , 0. , 0. , 0. , 1. , 0. ],
        [1. , 0. , 1. , 1. , 1. , 1. , 1. , 0. , 1. ]],

       [[1. , 0. , 0. , 0. , 0. , 0. , 0. , 0. , 0. ],
        [0. , 1. , 0. , 0. , 0. , 0. , 0. , 0. , 0. ],
        [1. , 0. , 0. , 0. , 0. , 0. , 0. , 0. , 0. ],
        [1. , 0. , 0. , 0. , 0. , 0. , 0. , 0. , 0. ],
        [1. , 0. , 0. , 0. , 0. , 0. , 0. , 0. , 0. ],
        [1. , 0. , 0. , 0. , 0. , 0. , 0. , 0. , 0. ],
        [0. , 0. , 0. , 0. , 0. , 0. , 0. , 0. , 0. ],
        [0. , 0. , 0. , 0. , 0. , 0. , 0. , 0. , 0. ],
        [0. , 0. , 0. , 0. , 0. , 0. , 0. , 0. , 0. ]],

       [[0. , 0. , 0. , 0. , 0. , 0. , 1. , 0. , 1. ],
        [0. , 0. , 0. , 0. , 0. , 0. , 0. , 1. , 0. ],
        [0. , 0. , 0. , 0. , 0. , 0. , 1. , 0. , 1. ],
        [0. , 0. , 0. , 0. , 0. , 0. , 0. , 0. , 1. ],
        [0. , 0. , 0. , 0. , 0. , 0. , 0. , 0. , 1. ],
        [0. , 0. , 0. , 0. , 0. , 0. , 0. , 0. , 1. ],
        [0. , 0. , 0. , 0. , 0. , 0. , 0. , 0. , 0. ],
        [0. , 0. , 0. , 0. , 0. , 0. , 0. , 0. , 0. ],
        [0. , 0. , 0. , 0. , 0. , 0. , 0. , 0. , 0. ]],

       [[0. , 0. , 0. , 0. , 0. , 0. , 0. , 0. , 0. ],
        [0. , 0. , 0. , 0. , 0. , 0. , 0. , 0. , 0. ],
        [0. , 0. , 0. , 0. , 0. , 0. , 0. , 0. , 0. ],
        [0. , 0. , 0. , 0. , 0. , 0. , 0. , 0. , 0. ],
        [0. , 0. , 0. , 0. , 0. , 0. , 0. , 0. , 0. ],
        [0. , 0. , 0. , 0. , 0. , 0. , 0. , 0. , 0. ],
        [0. , 0. , 0. , 0. , 0. , 0. , 1. , 0. , 1. ],
        [0. , 0. , 0. , 0. , 0. , 0. , 0. , 1. , 0. ],
        [0. , 0. , 0. , 1. , 1. , 1. , 1. , 0. , 1. ]],

       [[0. , 0. , 0. , 0. , 0. , 0. , 0. , 0. , 0. ],
        [0. , 0. , 0. , 0. , 0. , 0. , 0. , 0. , 0. ],
        [0. , 0. , 0. , 0. , 0. , 0. , 0. , 0. , 0. ],
        [0. , 0. , 0. , 0. , 0. , 0. , 0. , 0. , 0. ],
        [0. , 0. , 0. , 0. , 0. , 0. , 0. , 0. , 0. ],
        [0. , 0. , 0. , 0. , 0. , 0. , 0. , 0. , 0. ],
        [1. , 0. , 1. , 0. , 0. , 0. , 0. , 0. , 0. ],
        [0. , 1. , 0. , 0. , 0. , 0. , 0. , 0. , 0. ],
        [1. , 0. , 0. , 0. , 0. , 0. , 0. , 0. , 0. ]],

       [[1. , 0. , 0. , 0. , 0. , 0. , 0. , 0. , 1. ],
        [0. , 0. , 0. , 0. , 0. , 0. , 0. , 0. , 0. ],
        [0. , 0. , 0. , 0. , 0. , 0. , 0. , 0. , 0. ],
        [0. , 0. , 0. , 0. , 0. , 0. , 0. , 0. , 0. ],
        [0. , 0. , 0. , 0. , 0. , 0. , 0. , 0. , 0. ],
        [0. , 0. , 0. , 0. , 0. , 0. , 0. , 0. , 0. ],
        [0. , 0. , 0. , 0. , 0. , 0. , 0. , 0. , 0. ],
        [0. , 0. , 0. , 0. , 0. , 0. , 0. , 0. , 0. ],
        [1. , 0. , 0. , 0. , 0. , 0. , 0. , 0. , 1. ]],

       [[2. , 0. , 0.4, 0.4, 0.4, 0.4, 0.4, 0. , 2. ],
        [0. , 0.4, 0. , 0. , 0. , 0. , 0. , 0.4, 0. ],
        [0.4, 0. , 0.4, 0. , 0. , 0. , 0.4, 0. , 0.4],
        [0.4, 0. , 0. , 0.4, 0. , 0.4, 0. , 0. , 0.4],
        [0.4, 0. , 0. , 0. , 3. , 0. , 0. , 0. , 0.4],
        [0.4, 0. , 0. , 0.4, 0. , 0.4, 0. , 0. , 0.4],
        [0.4, 0. , 0.4, 0. , 0. , 0. , 0.4, 0. , 0.4],
        [0. , 0.4, 0. , 0. , 0. , 0. , 0. , 0.4, 0. ],
        [2. , 0. , 0.4, 0.4, 0.4, 0.4, 0.4, 0. , 2. ]],

       [[0.5, 0. , 0. , 0. , 0. , 0. , 0. , 0. , 0.6],
        [0. , 0.5, 0. , 0. , 0. , 0. , 0. , 0.4, 0. ],
        [0. , 0. , 0. , 0. , 0. , 0. , 0.1, 0. , 0. ],
        [0.1, 0. , 0. , 0. , 0. , 0. , 0. , 0. , 0.2],
        [0.1, 0. , 0. , 0. , 0.3, 0. , 0. , 0. , 0.2],
        [0.1, 0. , 0. , 0. , 0. , 0. , 0. , 0. , 0.2],
        [0.2, 0. , 0.1, 0. , 0. , 0. , 0.3, 0. , 0.1],
        [0. , 0.7, 0. , 0. , 0. , 0. , 0. , 0.1, 0. ],
        [0.4, 0. , 0. , 0.2, 0.2, 0.2, 0. , 0. , 0.5]],

       [[0.2, 0. , 0. , 0. , 0. , 0. , 0. , 0. , 0.4],
        [0. , 0.2, 0. , 0. , 0. , 0. , 0. , 0.1, 0. ],
        [0. , 0. , 0. , 0. , 0. , 0. , 0. , 0. , 0. ],
        [0. , 0. , 0. , 0. , 0. , 0. , 0. , 0. , 0.2],
        [0. , 0. , 0. , 0. , 0.3, 0. , 0. , 0. , 0.2],
        [0. , 0. , 0. , 0. , 0. , 0. , 0. , 0. , 0.2],
        [0.2, 0. , 0. , 0. , 0. , 0. , 0. , 0. , 0. ],
        [0. , 0.7, 0. , 0. , 0. , 0. , 0. , 0.1, 0. ],
        [0. , 0. , 0. , 0.2, 0.2, 0.2, 0. , 0. , 0.1]],

       [[0.2, 0. , 0. , 0. , 0. , 0. , 0. , 0. , 0.1],
        [0. , 0.3, 0. , 0. , 0. , 0. , 0. , 0.3, 0. ],
        [0. , 0. , 0. , 0. , 0. , 0. , 0. , 0. , 0. ],
        [0. , 0. , 0. , 0. , 0. , 0. , 0. , 0. , 0. ],
        [0. , 0. , 0. , 0. , 0. , 0. , 0. , 0. , 0. ],
        [0. , 0. , 0. , 0. , 0. , 0. , 0. , 0. , 0. ],
        [0. , 0. , 0. , 0. , 0. , 0. , 0. , 0. , 0. ],
        [0. , 0. , 0. , 0. , 0. , 0. , 0. , 0. , 0. ],
        [0.1, 0. , 0. , 0. , 0. , 0. , 0. , 0. , 0.2]],

       [[0. , 0. , 0. , 0. , 0. , 0. , 0. , 0. , 0. ],
        [0. , 0. , 0. , 0. , 0. , 0. , 0. , 0. , 0. ],
        [0. , 0. , 0. , 0. , 0. , 0. , 0.1, 0. , 0. ],
        [0.1, 0. , 0. , 0. , 0. , 0. , 0. , 0. , 0. ],
        [0.1, 0. , 0. , 0. , 0. , 0. , 0. , 0. , 0. ],
        [0.1, 0. , 0. , 0. , 0. , 0. , 0. , 0. , 0. ],
        [0. , 0. , 0.1, 0. , 0. , 0. , 0.3, 0. , 0.1],
        [0. , 0. , 0. , 0. , 0. , 0. , 0. , 0. , 0. ],
        [0.2, 0. , 0. , 0. , 0. , 0. , 0. , 0. , 0.1]],

       [[0. , 0. , 0. , 0. , 0. , 0. , 0. , 0. , 0. ],
        [0. , 0. , 0. , 0. , 0. , 0. , 0. , 0. , 0. ],
        [0. , 0. , 0. , 0. , 0. , 0. , 0. , 0. , 0. ],
        [0. , 0. , 0. , 0. , 0. , 0. , 0. , 0. , 0. ],
        [0. , 0. , 0. , 0. , 0. , 0. , 0. , 0. , 0. ],
        [0. , 0. , 0. , 0. , 0. , 0. , 0. , 0. , 0. ],
        [0. , 0. , 0. , 0. , 0. , 0. , 0. , 0. , 0. ],
        [0. , 0. , 0. , 0. , 0. , 0. , 0. , 0. , 0. ],
        [0. , 0. , 0. , 0. , 0. , 0. , 0. , 0. , 0. ]]], dtype=float32),
                 move_feats=[array([0.3, 0.1, 0. , 0.4, 0.2, 0. ], dtype=float32),
                             array([0. , 0. , 0. , 0.4, 0. , 1. ], dtype=float32)],
                 pi=[0.6238805970149254, 0.3761194029850746],
                 z=-1.0),
 SelfPlayExample(state_tensor=array([[[1. , 0. , 1. , 1. , 1. , 1. , 1. , 0. , 1. ],
        [0. , 1. , 0. , 0. , 0. , 0. , 0. , 1. , 0. ],
        [1. , 0. , 1. , 0. , 0. , 0. , 1. , 0. , 1. ],
        [1. , 0. , 0. , 1. , 0. , 1. , 0. , 0. , 1. ],
        [1. , 0. , 0. , 0. , 1. , 0. , 0. , 0. , 1. ],
        [1. , 0. , 0. , 1. , 0. , 1. , 0. , 0. , 1. ],
        [1. , 0. , 1. , 0. , 0. , 0. , 1. , 0. , 1. ],
        [0. , 1. , 0. , 0. , 0. , 0. , 0. , 1. , 0. ],
        [1. , 0. , 1. , 1. , 1. , 1. , 1. , 0. , 1. ]],

       [[1. , 0. , 1. , 0. , 0. , 0. , 0. , 0. , 0. ],
        [0. , 1. , 0. , 0. , 0. , 0. , 0. , 0. , 0. ],
        [1. , 0. , 1. , 0. , 0. , 0. , 0. , 0. , 0. ],
        [1. , 0. , 0. , 0. , 0. , 0. , 0. , 0. , 0. ],
        [1. , 0. , 0. , 0. , 0. , 0. , 0. , 0. , 0. ],
        [1. , 0. , 0. , 0. , 0. , 0. , 0. , 0. , 0. ],
        [0. , 0. , 0. , 0. , 0. , 0. , 0. , 0. , 0. ],
        [0. , 0. , 0. , 0. , 0. , 0. , 0. , 0. , 0. ],
        [0. , 0. , 0. , 0. , 0. , 0. , 0. , 0. , 0. ]],

       [[0. , 0. , 0. , 0. , 0. , 0. , 1. , 0. , 1. ],
        [0. , 0. , 0. , 0. , 0. , 0. , 0. , 1. , 0. ],
        [0. , 0. , 0. , 0. , 0. , 0. , 1. , 0. , 1. ],
        [0. , 0. , 0. , 0. , 0. , 0. , 0. , 0. , 1. ],
        [0. , 0. , 0. , 0. , 0. , 0. , 0. , 0. , 1. ],
        [0. , 0. , 0. , 0. , 0. , 0. , 0. , 0. , 1. ],
        [0. , 0. , 0. , 0. , 0. , 0. , 0. , 0. , 0. ],
        [0. , 0. , 0. , 0. , 0. , 0. , 0. , 0. , 0. ],
        [0. , 0. , 0. , 0. , 0. , 0. , 0. , 0. , 0. ]],

       [[0. , 0. , 0. , 0. , 0. , 0. , 0. , 0. , 0. ],
        [0. , 0. , 0. , 0. , 0. , 0. , 0. , 0. , 0. ],
        [0. , 0. , 0. , 0. , 0. , 0. , 0. , 0. , 0. ],
        [0. , 0. , 0. , 0. , 0. , 0. , 0. , 0. , 0. ],
        [0. , 0. , 0. , 0. , 0. , 0. , 0. , 0. , 0. ],
        [0. , 0. , 0. , 0. , 0. , 0. , 0. , 0. , 0. ],
        [0. , 0. , 0. , 0. , 0. , 0. , 1. , 0. , 1. ],
        [0. , 0. , 0. , 0. , 0. , 0. , 0. , 1. , 0. ],
        [0. , 0. , 0. , 1. , 1. , 1. , 1. , 0. , 1. ]],

       [[0. , 0. , 0. , 0. , 0. , 0. , 0. , 0. , 0. ],
        [0. , 0. , 0. , 0. , 0. , 0. , 0. , 0. , 0. ],
        [0. , 0. , 0. , 0. , 0. , 0. , 0. , 0. , 0. ],
        [0. , 0. , 0. , 0. , 0. , 0. , 0. , 0. , 0. ],
        [0. , 0. , 0. , 0. , 0. , 0. , 0. , 0. , 0. ],
        [0. , 0. , 0. , 1. , 0. , 0. , 0. , 0. , 0. ],
        [1. , 0. , 1. , 0. , 0. , 0. , 0. , 0. , 0. ],
        [0. , 1. , 0. , 0. , 0. , 0. , 0. , 0. , 0. ],
        [1. , 0. , 0. , 0. , 0. , 0. , 0. , 0. , 0. ]],

       [[1. , 0. , 0. , 0. , 0. , 0. , 0. , 0. , 1. ],
        [0. , 0. , 0. , 0. , 0. , 0. , 0. , 0. , 0. ],
        [0. , 0. , 0. , 0. , 0. , 0. , 0. , 0. , 0. ],
        [0. , 0. , 0. , 0. , 0. , 0. , 0. , 0. , 0. ],
        [0. , 0. , 0. , 0. , 0. , 0. , 0. , 0. , 0. ],
        [0. , 0. , 0. , 0. , 0. , 0. , 0. , 0. , 0. ],
        [0. , 0. , 0. , 0. , 0. , 0. , 0. , 0. , 0. ],
        [0. , 0. , 0. , 0. , 0. , 0. , 0. , 0. , 0. ],
        [1. , 0. , 0. , 0. , 0. , 0. , 0. , 0. , 1. ]],

       [[2. , 0. , 0.4, 0.4, 0.4, 0.4, 0.4, 0. , 2. ],
        [0. , 0.4, 0. , 0. , 0. , 0. , 0. , 0.4, 0. ],
        [0.4, 0. , 0.4, 0. , 0. , 0. , 0.4, 0. , 0.4],
        [0.4, 0. , 0. , 0.4, 0. , 0.4, 0. , 0. , 0.4],
        [0.4, 0. , 0. , 0. , 3. , 0. , 0. , 0. , 0.4],
        [0.4, 0. , 0. , 0.4, 0. , 0.4, 0. , 0. , 0.4],
        [0.4, 0. , 0.4, 0. , 0. , 0. , 0.4, 0. , 0.4],
        [0. , 0.4, 0. , 0. , 0. , 0. , 0. , 0.4, 0. ],
        [2. , 0. , 0.4, 0.4, 0.4, 0.4, 0.4, 0. , 2. ]],

       [[0.5, 0. , 0.3, 0. , 0. , 0. , 0.4, 0. , 0.6],
        [0. , 0.4, 0. , 0. , 0. , 0. , 0. , 0.5, 0. ],
        [0. , 0. , 0.2, 0. , 0. , 0. , 0.1, 0. , 0. ],
        [0. , 0. , 0. , 0. , 0. , 0. , 0. , 0. , 0. ],
        [0. , 0. , 0. , 0. , 0.3, 0. , 0. , 0. , 0. ],
        [0. , 0. , 0. , 0.1, 0. , 0. , 0. , 0. , 0. ],
        [0.1, 0. , 0. , 0. , 0. , 0. , 0. , 0. , 0.5],
        [0. , 1. , 0. , 0. , 0. , 0. , 0. , 0.3, 0. ],
        [0.6, 0. , 0. , 0.2, 0.2, 0.2, 0. , 0. , 0.5]],

       [[0. , 0. , 0. , 0. , 0. , 0. , 0.1, 0. , 0. ],
        [0. , 0.2, 0. , 0. , 0. , 0. , 0. , 0.4, 0. ],
        [0. , 0. , 0.2, 0. , 0. , 0. , 0. , 0. , 0. ],
        [0. , 0. , 0. , 0. , 0. , 0. , 0. , 0. , 0. ],
        [0. , 0. , 0. , 0. , 0.3, 0. , 0. , 0. , 0. ],
        [0. , 0. , 0. , 0. , 0. , 0. , 0. , 0. , 0. ],
        [0.1, 0. , 0. , 0. , 0. , 0. , 0. , 0. , 0.1],
        [0. , 0.7, 0. , 0. , 0. , 0. , 0. , 0.1, 0. ],
        [0.4, 0. , 0. , 0.2, 0.2, 0.2, 0. , 0. , 0. ]],

       [[0.4, 0. , 0.3, 0. , 0. , 0. , 0.3, 0. , 0.5],
        [0. , 0.2, 0. , 0. , 0. , 0. , 0. , 0.1, 0. ],
        [0. , 0. , 0. , 0. , 0. , 0. , 0. , 0. , 0. ],
        [0. , 0. , 0. , 0. , 0. , 0. , 0. , 0. , 0. ],
        [0. , 0. , 0. , 0. , 0. , 0. , 0. , 0. , 0. ],
        [0. , 0. , 0. , 0. , 0. , 0. , 0. , 0. , 0. ],
        [0. , 0. , 0. , 0. , 0. , 0. , 0. , 0. , 0. ],
        [0. , 0.1, 0. , 0. , 0. , 0. , 0. , 0.2, 0. ],
        [0.1, 0. , 0. , 0. , 0. , 0. , 0. , 0. , 0. ]],

       [[0. , 0. , 0. , 0. , 0. , 0. , 0. , 0. , 0. ],
        [0. , 0. , 0. , 0. , 0. , 0. , 0. , 0. , 0. ],
        [0. , 0. , 0. , 0. , 0. , 0. , 0.1, 0. , 0. ],
        [0. , 0. , 0. , 0. , 0. , 0. , 0. , 0. , 0. ],
        [0. , 0. , 0. , 0. , 0. , 0. , 0. , 0. , 0. ],
        [0. , 0. , 0. , 0.1, 0. , 0. , 0. , 0. , 0. ],
        [0. , 0. , 0. , 0. , 0. , 0. , 0. , 0. , 0.4],
        [0. , 0.2, 0. , 0. , 0. , 0. , 0. , 0. , 0. ],
        [0. , 0. , 0. , 0. , 0. , 0. , 0. , 0. , 0.4]],

       [[0. , 0. , 0. , 0. , 0. , 0. , 0. , 0. , 0. ],
        [0. , 0. , 0. , 0. , 0. , 0. , 0. , 0. , 0. ],
        [0. , 0. , 0. , 0. , 0. , 0. , 0. , 0. , 0. ],
        [0. , 0. , 0. , 0. , 0. , 0. , 0. , 0. , 0. ],
        [0. , 0. , 0. , 0. , 0. , 0. , 0. , 0. , 0. ],
        [0. , 0. , 0. , 0. , 0. , 0. , 0. , 0. , 0. ],
        [0. , 0. , 0. , 0. , 0. , 0. , 0. , 0. , 0. ],
        [0. , 0. , 0. , 0. , 0. , 0. , 0. , 0. , 0. ],
        [0. , 0. , 0. , 0. , 0. , 0. , 0. , 0. , 0. ]]], dtype=float32),
                 move_feats=[array([0.6, 0.3, 0. , 0.4, 0.2, 0. ], dtype=float32),
                             array([0. , 0. , 0. , 0.4, 0. , 1. ], dtype=float32)],
                 pi=[0.37713675213675213, 0.6228632478632479],
                 z=-1.0),
 SelfPlayExample(state_tensor=array([[[1. , 0. , 1. , 1. , 1. , 1. , 1. , 0. , 1. ],
        [0. , 1. , 0. , 0. , 0. , 0. , 0. , 1. , 0. ],
        [1. , 0. , 1. , 0. , 0. , 0. , 1. , 0. , 1. ],
        [1. , 0. , 0. , 1. , 0. , 1. , 0. , 0. , 1. ],
        [1. , 0. , 0. , 0. , 1. , 0. , 0. , 0. , 1. ],
        [1. , 0. , 0. , 1. , 0. , 1. , 0. , 0. , 1. ],
        [1. , 0. , 1. , 0. , 0. , 0. , 1. , 0. , 1. ],
        [0. , 1. , 0. , 0. , 0. , 0. , 0. , 1. , 0. ],
        [1. , 0. , 1. , 1. , 1. , 1. , 1. , 0. , 1. ]],

       [[1. , 0. , 1. , 0. , 0. , 0. , 0. , 0. , 0. ],
        [0. , 1. , 0. , 0. , 0. , 0. , 0. , 0. , 0. ],
        [1. , 0. , 1. , 0. , 0. , 0. , 0. , 0. , 0. ],
        [1. , 0. , 0. , 0. , 0. , 0. , 0. , 0. , 0. ],
        [1. , 0. , 0. , 0. , 0. , 0. , 0. , 0. , 0. ],
        [1. , 0. , 0. , 0. , 0. , 0. , 0. , 0. , 0. ],
        [0. , 0. , 0. , 0. , 0. , 0. , 0. , 0. , 0. ],
        [0. , 0. , 0. , 0. , 0. , 0. , 0. , 0. , 0. ],
        [0. , 0. , 0. , 0. , 0. , 0. , 0. , 0. , 0. ]],

       [[0. , 0. , 0. , 1. , 1. , 1. , 1. , 0. , 1. ],
        [0. , 0. , 0. , 0. , 0. , 0. , 0. , 1. , 0. ],
        [0. , 0. , 0. , 0. , 0. , 0. , 1. , 0. , 1. ],
        [0. , 0. , 0. , 0. , 0. , 0. , 0. , 0. , 0. ],
        [0. , 0. , 0. , 0. , 0. , 0. , 0. , 0. , 0. ],
        [0. , 0. , 0. , 0. , 0. , 0. , 0. , 0. , 0. ],
        [0. , 0. , 0. , 0. , 0. , 0. , 0. , 0. , 0. ],
        [0. , 0. , 0. , 0. , 0. , 0. , 0. , 0. , 0. ],
        [0. , 0. , 0. , 0. , 0. , 0. , 0. , 0. , 0. ]],

       [[0. , 0. , 0. , 0. , 0. , 0. , 0. , 0. , 0. ],
        [0. , 0. , 0. , 0. , 0. , 0. , 0. , 0. , 0. ],
        [0. , 0. , 0. , 0. , 0. , 0. , 0. , 0. , 0. ],
        [0. , 0. , 0. , 0. , 0. , 0. , 0. , 0. , 1. ],
        [0. , 0. , 0. , 0. , 0. , 0. , 0. , 0. , 1. ],
        [0. , 0. , 0. , 0. , 0. , 0. , 0. , 0. , 1. ],
        [0. , 0. , 0. , 0. , 0. , 0. , 1. , 0. , 1. ],
        [0. , 0. , 0. , 0. , 0. , 0. , 0. , 1. , 0. ],
        [0. , 0. , 0. , 1. , 1. , 1. , 1. , 0. , 1. ]],

       [[0. , 0. , 0. , 0. , 0. , 0. , 0. , 0. , 0. ],
        [0. , 0. , 0. , 0. , 0. , 0. , 0. , 0. , 0. ],
        [0. , 0. , 0. , 0. , 0. , 0. , 0. , 0. , 0. ],
        [0. , 0. , 0. , 0. , 0. , 0. , 0. , 0. , 0. ],
        [0. , 0. , 0. , 0. , 0. , 0. , 0. , 0. , 0. ],
        [0. , 0. , 0. , 1. , 0. , 0. , 0. , 0. , 0. ],
        [1. , 0. , 1. , 0. , 0. , 0. , 0. , 0. , 0. ],
        [0. , 1. , 0. , 0. , 0. , 0. , 0. , 0. , 0. ],
        [1. , 0. , 1. , 0. , 0. , 0. , 0. , 0. , 0. ]],

       [[1. , 0. , 0. , 0. , 0. , 0. , 0. , 0. , 1. ],
        [0. , 0. , 0. , 0. , 0. , 0. , 0. , 0. , 0. ],
        [0. , 0. , 0. , 0. , 0. , 0. , 0. , 0. , 0. ],
        [0. , 0. , 0. , 0. , 0. , 0. , 0. , 0. , 0. ],
        [0. , 0. , 0. , 0. , 0. , 0. , 0. , 0. , 0. ],
        [0. , 0. , 0. , 0. , 0. , 0. , 0. , 0. , 0. ],
        [0. , 0. , 0. , 0. , 0. , 0. , 0. , 0. , 0. ],
        [0. , 0. , 0. , 0. , 0. , 0. , 0. , 0. , 0. ],
        [1. , 0. , 0. , 0. , 0. , 0. , 0. , 0. , 1. ]],

       [[2. , 0. , 0.4, 0.4, 0.4, 0.4, 0.4, 0. , 2. ],
        [0. , 0.4, 0. , 0. , 0. , 0. , 0. , 0.4, 0. ],
        [0.4, 0. , 0.4, 0. , 0. , 0. , 0.4, 0. , 0.4],
        [0.4, 0. , 0. , 0.4, 0. , 0.4, 0. , 0. , 0.4],
        [0.4, 0. , 0. , 0. , 3. , 0. , 0. , 0. , 0.4],
        [0.4, 0. , 0. , 0.4, 0. , 0.4, 0. , 0. , 0.4],
        [0.4, 0. , 0.4, 0. , 0. , 0. , 0.4, 0. , 0.4],
        [0. , 0.4, 0. , 0. , 0. , 0. , 0. , 0.4, 0. ],
        [2. , 0. , 0.4, 0.4, 0.4, 0.4, 0.4, 0. , 2. ]],

       [[0.5, 0. , 0.7, 0.4, 0.4, 0.4, 0. , 0. , 0.7],
        [0. , 0.4, 0. , 0. , 0. , 0. , 0. , 0.5, 0. ],
        [0. , 0. , 0.2, 0. , 0. , 0. , 0.6, 0. , 0. ],
        [0. , 0. , 0. , 0. , 0. , 0. , 0. , 0. , 0.5],
        [0. , 0. , 0. , 0. , 0.3, 0. , 0. , 0. , 0.5],
        [0. , 0. , 0. , 0.1, 0. , 0. , 0. , 0. , 0.5],
        [0.1, 0. , 0. , 0. , 0. , 0. , 0.7, 0. , 0. ],
        [0. , 0.5, 0. , 0. , 0. , 0. , 0. , 0. , 0. ],
        [0.6, 0. , 0.9, 0. , 0. , 0. , 0. , 0. , 0.7]],

       [[0. , 0. , 0.2, 0.1, 0.1, 0.1, 0. , 0. , 0.3],
        [0. , 0. , 0. , 0. , 0. , 0. , 0. , 0. , 0. ],
        [0. , 0. , 0.2, 0. , 0. , 0. , 0.4, 0. , 0. ],
        [0. , 0. , 0. , 0. , 0. , 0. , 0. , 0. , 0.1],
        [0. , 0. , 0. , 0. , 0.3, 0. , 0. , 0. , 0.1],
        [0. , 0. , 0. , 0. , 0. , 0. , 0. , 0. , 0.1],
        [0.1, 0. , 0. , 0. , 0. , 0. , 0.1, 0. , 0. ],
        [0. , 0.4, 0. , 0. , 0. , 0. , 0. , 0. , 0. ],
        [0.2, 0. , 0.6, 0. , 0. , 0. , 0. , 0. , 0.4]],

       [[0. , 0. , 0.5, 0.3, 0.3, 0.3, 0. , 0. , 0.2],
        [0. , 0.4, 0. , 0. , 0. , 0. , 0. , 0.5, 0. ],
        [0. , 0. , 0. , 0. , 0. , 0. , 0.1, 0. , 0. ],
        [0. , 0. , 0. , 0. , 0. , 0. , 0. , 0. , 0. ],
        [0. , 0. , 0. , 0. , 0. , 0. , 0. , 0. , 0. ],
        [0. , 0. , 0. , 0. , 0. , 0. , 0. , 0. , 0. ],
        [0. , 0. , 0. , 0. , 0. , 0. , 0.2, 0. , 0. ],
        [0. , 0.1, 0. , 0. , 0. , 0. , 0. , 0. , 0. ],
        [0.3, 0. , 0.1, 0. , 0. , 0. , 0. , 0. , 0.2]],

       [[0.4, 0. , 0. , 0. , 0. , 0. , 0. , 0. , 0.1],
        [0. , 0. , 0. , 0. , 0. , 0. , 0. , 0. , 0. ],
        [0. , 0. , 0. , 0. , 0. , 0. , 0.1, 0. , 0. ],
        [0. , 0. , 0. , 0. , 0. , 0. , 0. , 0. , 0.4],
        [0. , 0. , 0. , 0. , 0. , 0. , 0. , 0. , 0.4],
        [0. , 0. , 0. , 0.1, 0. , 0. , 0. , 0. , 0.4],
        [0. , 0. , 0. , 0. , 0. , 0. , 0.4, 0. , 0. ],
        [0. , 0. , 0. , 0. , 0. , 0. , 0. , 0. , 0. ],
        [0. , 0. , 0.2, 0. , 0. , 0. , 0. , 0. , 0. ]],

       [[0. , 0. , 0. , 0. , 0. , 0. , 0. , 0. , 0. ],
        [0. , 0. , 0. , 0. , 0. , 0. , 0. , 0. , 0. ],
        [0. , 0. , 0. , 0. , 0. , 0. , 0. , 0. , 0. ],
        [0. , 0. , 0. , 0. , 0. , 0. , 0. , 0. , 0. ],
        [0. , 0. , 0. , 0. , 0. , 0. , 0. , 0. , 0. ],
        [0. , 0. , 0. , 0. , 0. , 0. , 0. , 0. , 0. ],
        [0. , 0. , 0. , 0. , 0. , 0. , 0. , 0. , 0. ],
        [0. , 0. , 0. , 0. , 0. , 0. , 0. , 0. , 0. ],
        [0. , 0. , 0. , 0. , 0. , 0. , 0. , 0. , 0. ]]], dtype=float32),
                 move_feats=[array([1.4, 0.7, 0. , 0.4, 0.4, 0. ], dtype=float32),
                             array([1. , 0.5, 0. , 0.4, 0.2, 0. ], dtype=float32),
                             array([0. , 0. , 0. , 0.4, 0. , 1. ], dtype=float32)],
                 pi=[0.2529348986125934,
                     0.33404482390608325,
                     0.41302027748132336],
                 z=-1.0),
 SelfPlayExample(state_tensor=array([[[1. , 0. , 1. , 1. , 1. , 1. , 1. , 0. , 1. ],
        [0. , 1. , 0. , 0. , 0. , 0. , 0. , 1. , 0. ],
        [1. , 0. , 1. , 0. , 0. , 0. , 1. , 0. , 1. ],
        [1. , 0. , 0. , 1. , 0. , 1. , 0. , 0. , 1. ],
        [1. , 0. , 0. , 0. , 1. , 0. , 0. , 0. , 1. ],
        [1. , 0. , 0. , 1. , 0. , 1. , 0. , 0. , 1. ],
        [1. , 0. , 1. , 0. , 0. , 0. , 1. , 0. , 1. ],
        [0. , 1. , 0. , 0. , 0. , 0. , 0. , 1. , 0. ],
        [1. , 0. , 1. , 1. , 1. , 1. , 1. , 0. , 1. ]],

       [[1. , 0. , 1. , 0. , 0. , 0. , 0. , 0. , 0. ],
        [0. , 1. , 0. , 0. , 0. , 0. , 0. , 0. , 0. ],
        [1. , 0. , 1. , 0. , 0. , 0. , 0. , 0. , 0. ],
        [1. , 0. , 0. , 0. , 0. , 0. , 0. , 0. , 0. ],
        [1. , 0. , 0. , 0. , 0. , 0. , 0. , 0. , 0. ],
        [1. , 0. , 0. , 0. , 0. , 0. , 0. , 0. , 0. ],
        [0. , 0. , 0. , 0. , 0. , 0. , 0. , 0. , 0. ],
        [0. , 0. , 0. , 0. , 0. , 0. , 0. , 0. , 0. ],
        [0. , 0. , 0. , 0. , 0. , 0. , 0. , 0. , 0. ]],

       [[0. , 0. , 0. , 1. , 1. , 1. , 1. , 0. , 1. ],
        [0. , 0. , 0. , 0. , 0. , 0. , 0. , 1. , 0. ],
        [0. , 0. , 0. , 0. , 0. , 0. , 1. , 0. , 0. ],
        [0. , 0. , 0. , 0. , 0. , 1. , 0. , 0. , 0. ],
        [0. , 0. , 0. , 0. , 0. , 0. , 0. , 0. , 0. ],
        [0. , 0. , 0. , 0. , 0. , 0. , 0. , 0. , 0. ],
        [0. , 0. , 0. , 0. , 0. , 0. , 0. , 0. , 0. ],
        [0. , 0. , 0. , 0. , 0. , 0. , 0. , 0. , 0. ],
        [0. , 0. , 0. , 0. , 0. , 0. , 0. , 0. , 0. ]],

       [[0. , 0. , 0. , 0. , 0. , 0. , 0. , 0. , 0. ],
        [0. , 0. , 0. , 0. , 0. , 0. , 0. , 0. , 0. ],
        [0. , 0. , 0. , 0. , 0. , 0. , 0. , 0. , 1. ],
        [0. , 0. , 0. , 0. , 0. , 0. , 0. , 0. , 1. ],
        [0. , 0. , 0. , 0. , 0. , 0. , 0. , 0. , 1. ],
        [0. , 0. , 0. , 0. , 0. , 0. , 0. , 0. , 1. ],
        [0. , 0. , 0. , 0. , 0. , 0. , 1. , 0. , 1. ],
        [0. , 0. , 0. , 0. , 0. , 0. , 0. , 1. , 0. ],
        [0. , 0. , 0. , 0. , 0. , 0. , 1. , 0. , 1. ]],

       [[0. , 0. , 0. , 0. , 0. , 0. , 0. , 0. , 0. ],
        [0. , 0. , 0. , 0. , 0. , 0. , 0. , 0. , 0. ],
        [0. , 0. , 0. , 0. , 0. , 0. , 0. , 0. , 0. ],
        [0. , 0. , 0. , 0. , 0. , 0. , 0. , 0. , 0. ],
        [0. , 0. , 0. , 0. , 0. , 0. , 0. , 0. , 0. ],
        [0. , 0. , 0. , 1. , 0. , 0. , 0. , 0. , 0. ],
        [1. , 0. , 1. , 0. , 0. , 0. , 0. , 0. , 0. ],
        [0. , 1. , 0. , 0. , 0. , 0. , 0. , 0. , 0. ],
        [1. , 0. , 1. , 1. , 1. , 1. , 0. , 0. , 0. ]],

       [[1. , 0. , 0. , 0. , 0. , 0. , 0. , 0. , 1. ],
        [0. , 0. , 0. , 0. , 0. , 0. , 0. , 0. , 0. ],
        [0. , 0. , 0. , 0. , 0. , 0. , 0. , 0. , 0. ],
        [0. , 0. , 0. , 0. , 0. , 0. , 0. , 0. , 0. ],
        [0. , 0. , 0. , 0. , 0. , 0. , 0. , 0. , 0. ],
        [0. , 0. , 0. , 0. , 0. , 0. , 0. , 0. , 0. ],
        [0. , 0. , 0. , 0. , 0. , 0. , 0. , 0. , 0. ],
        [0. , 0. , 0. , 0. , 0. , 0. , 0. , 0. , 0. ],
        [1. , 0. , 0. , 0. , 0. , 0. , 0. , 0. , 1. ]],

       [[2. , 0. , 0.4, 0.4, 0.4, 0.4, 0.4, 0. , 2. ],
        [0. , 0.4, 0. , 0. , 0. , 0. , 0. , 0.4, 0. ],
        [0.4, 0. , 0.4, 0. , 0. , 0. , 0.4, 0. , 0.4],
        [0.4, 0. , 0. , 0.4, 0. , 0.4, 0. , 0. , 0.4],
        [0.4, 0. , 0. , 0. , 3. , 0. , 0. , 0. , 0.4],
        [0.4, 0. , 0. , 0.4, 0. , 0.4, 0. , 0. , 0.4],
        [0.4, 0. , 0.4, 0. , 0. , 0. , 0.4, 0. , 0.4],
        [0. , 0.4, 0. , 0. , 0. , 0. , 0. , 0.4, 0. ],
        [2. , 0. , 0.4, 0.4, 0.4, 0.4, 0.4, 0. , 2. ]],

       [[0.5, 0. , 1.5, 0.4, 0.4, 0.4, 0. , 0. , 0.6],
        [0. , 0. , 0. , 0. , 0. , 0. , 0. , 0.5, 0. ],
        [0. , 0. , 0.2, 0. , 0. , 0. , 0. , 0. , 0.2],
        [0. , 0. , 0. , 0. , 0. , 0.6, 0. , 0. , 0. ],
        [0. , 0. , 0. , 0. , 0.3, 0. , 0. , 0. , 0. ],
        [0. , 0. , 0. , 0.1, 0. , 0. , 0. , 0. , 0. ],
        [0.6, 0. , 0. , 0. , 0. , 0. , 0.7, 0. , 0. ],
        [0. , 0.5, 0. , 0. , 0. , 0. , 0. , 0.6, 0. ],
        [0.6, 0. , 0. , 0.9, 0.9, 0.9, 0. , 0. , 0.8]],

       [[0. , 0. , 0.2, 0.1, 0.1, 0.1, 0. , 0. , 0.1],
        [0. , 0. , 0. , 0. , 0. , 0. , 0. , 0.3, 0. ],
        [0. , 0. , 0.2, 0. , 0. , 0. , 0. , 0. , 0. ],
        [0. , 0. , 0. , 0. , 0. , 0.4, 0. , 0. , 0. ],
        [0. , 0. , 0. , 0. , 0.3, 0. , 0. , 0. , 0. ],
        [0. , 0. , 0. , 0. , 0. , 0. , 0. , 0. , 0. ],
        [0.5, 0. , 0. , 0. , 0. , 0. , 0.1, 0. , 0. ],
        [0. , 0.2, 0. , 0. , 0. , 0. , 0. , 0.4, 0. ],
        [0.2, 0. , 0. , 0.6, 0.6, 0.6, 0. , 0. , 0.5]],

       [[0. , 0. , 0.9, 0.3, 0.3, 0.3, 0. , 0. , 0.1],
        [0. , 0. , 0. , 0. , 0. , 0. , 0. , 0.2, 0. ],
        [0. , 0. , 0. , 0. , 0. , 0. , 0. , 0. , 0. ],
        [0. , 0. , 0. , 0. , 0. , 0.1, 0. , 0. , 0. ],
        [0. , 0. , 0. , 0. , 0. , 0. , 0. , 0. , 0. ],
        [0. , 0. , 0. , 0. , 0. , 0. , 0. , 0. , 0. ],
        [0.1, 0. , 0. , 0. , 0. , 0. , 0.2, 0. , 0. ],
        [0. , 0.3, 0. , 0. , 0. , 0. , 0. , 0.2, 0. ],
        [0.1, 0. , 0. , 0.1, 0.1, 0.1, 0. , 0. , 0.1]],

       [[0.4, 0. , 0.4, 0. , 0. , 0. , 0. , 0. , 0.3],
        [0. , 0. , 0. , 0. , 0. , 0. , 0. , 0. , 0. ],
        [0. , 0. , 0. , 0. , 0. , 0. , 0. , 0. , 0.2],
        [0. , 0. , 0. , 0. , 0. , 0.1, 0. , 0. , 0. ],
        [0. , 0. , 0. , 0. , 0. , 0. , 0. , 0. , 0. ],
        [0. , 0. , 0. , 0.1, 0. , 0. , 0. , 0. , 0. ],
        [0. , 0. , 0. , 0. , 0. , 0. , 0.4, 0. , 0. ],
        [0. , 0. , 0. , 0. , 0. , 0. , 0. , 0. , 0. ],
        [0.2, 0. , 0. , 0.2, 0.2, 0.2, 0. , 0. , 0.1]],

       [[0. , 0. , 0. , 0. , 0. , 0. , 0. , 0. , 0. ],
        [0. , 0. , 0. , 0. , 0. , 0. , 0. , 0. , 0. ],
        [0. , 0. , 0. , 0. , 0. , 0. , 0. , 0. , 0. ],
        [0. , 0. , 0. , 0. , 0. , 0. , 0. , 0. , 0. ],
        [0. , 0. , 0. , 0. , 0. , 0. , 0. , 0. , 0. ],
        [0. , 0. , 0. , 0. , 0. , 0. , 0. , 0. , 0. ],
        [0. , 0. , 0. , 0. , 0. , 0. , 0. , 0. , 0. ],
        [0. , 0. , 0. , 0. , 0. , 0. , 0. , 0. , 0. ],
        [0. , 0. , 0. , 0. , 0. , 0. , 0. , 0. , 0. ]]], dtype=float32),
                 move_feats=[array([3.4, 1.5, 0. , 0.4, 0.6, 0. ], dtype=float32),
                             array([3. , 1.3, 0. , 0.4, 0.4, 0. ], dtype=float32),
                             array([1.2, 0.4, 0. , 0.4, 0.2, 0. ], dtype=float32),
                             array([0. , 0. , 0. , 0.4, 0. , 1. ], dtype=float32)],
                 pi=[0.1893491124260355,
                     0.1992110453648915,
                     0.1893491124260355,
                     0.42209072978303747],
                 z=-1.0),
 SelfPlayExample(state_tensor=array([[[1. , 0. , 1. , 1. , 1. , 1. , 1. , 0. , 1. ],
        [0. , 1. , 0. , 0. , 0. , 0. , 0. , 1. , 0. ],
        [1. , 0. , 1. , 0. , 0. , 0. , 1. , 0. , 1. ],
        [1. , 0. , 0. , 1. , 0. , 1. , 0. , 0. , 1. ],
        [1. , 0. , 0. , 0. , 1. , 0. , 0. , 0. , 1. ],
        [1. , 0. , 0. , 1. , 0. , 1. , 0. , 0. , 1. ],
        [1. , 0. , 1. , 0. , 0. , 0. , 1. , 0. , 1. ],
        [0. , 1. , 0. , 0. , 0. , 0. , 0. , 1. , 0. ],
        [1. , 0. , 1. , 1. , 1. , 1. , 1. , 0. , 1. ]],

       [[1. , 0. , 1. , 0. , 0. , 0. , 0. , 0. , 0. ],
        [0. , 1. , 0. , 0. , 0. , 0. , 0. , 0. , 0. ],
        [1. , 0. , 1. , 0. , 0. , 0. , 0. , 0. , 0. ],
        [1. , 0. , 0. , 0. , 0. , 0. , 0. , 0. , 0. ],
        [1. , 0. , 0. , 0. , 0. , 0. , 0. , 0. , 0. ],
        [1. , 0. , 0. , 0. , 0. , 0. , 0. , 0. , 0. ],
        [0. , 0. , 0. , 0. , 0. , 0. , 0. , 0. , 0. ],
        [0. , 0. , 0. , 0. , 0. , 0. , 0. , 0. , 0. ],
        [0. , 0. , 0. , 0. , 0. , 0. , 0. , 0. , 0. ]],

       [[0. , 0. , 0. , 1. , 1. , 1. , 1. , 0. , 1. ],
        [0. , 0. , 0. , 0. , 0. , 0. , 0. , 1. , 0. ],
        [0. , 0. , 0. , 0. , 0. , 0. , 1. , 0. , 1. ],
        [0. , 0. , 0. , 0. , 0. , 1. , 0. , 0. , 0. ],
        [0. , 0. , 0. , 0. , 1. , 0. , 0. , 0. , 0. ],
        [0. , 0. , 0. , 0. , 0. , 0. , 0. , 0. , 0. ],
        [0. , 0. , 0. , 0. , 0. , 0. , 0. , 0. , 0. ],
        [0. , 0. , 0. , 0. , 0. , 0. , 0. , 0. , 0. ],
        [0. , 0. , 0. , 0. , 0. , 0. , 0. , 0. , 0. ]],

       [[0. , 0. , 0. , 0. , 0. , 0. , 0. , 0. , 0. ],
        [0. , 0. , 0. , 0. , 0. , 0. , 0. , 0. , 0. ],
        [0. , 0. , 0. , 0. , 0. , 0. , 0. , 0. , 0. ],
        [0. , 0. , 0. , 0. , 0. , 0. , 0. , 0. , 1. ],
        [0. , 0. , 0. , 0. , 0. , 0. , 0. , 0. , 1. ],
        [0. , 0. , 0. , 0. , 0. , 1. , 0. , 0. , 1. ],
        [0. , 0. , 0. , 0. , 0. , 0. , 1. , 0. , 1. ],
        [0. , 0. , 0. , 0. , 0. , 0. , 0. , 1. , 0. ],
        [0. , 0. , 0. , 0. , 0. , 0. , 1. , 0. , 1. ]],

       [[0. , 0. , 0. , 0. , 0. , 0. , 0. , 0. , 0. ],
        [0. , 0. , 0. , 0. , 0. , 0. , 0. , 0. , 0. ],
        [0. , 0. , 0. , 0. , 0. , 0. , 0. , 0. , 0. ],
        [0. , 0. , 0. , 0. , 0. , 0. , 0. , 0. , 0. ],
        [0. , 0. , 0. , 0. , 0. , 0. , 0. , 0. , 0. ],
        [0. , 0. , 0. , 1. , 0. , 0. , 0. , 0. , 0. ],
        [1. , 0. , 1. , 0. , 0. , 0. , 0. , 0. , 0. ],
        [0. , 1. , 0. , 0. , 0. , 0. , 0. , 0. , 0. ],
        [1. , 0. , 1. , 1. , 1. , 1. , 0. , 0. , 0. ]],

       [[1. , 0. , 0. , 0. , 0. , 0. , 0. , 0. , 1. ],
        [0. , 0. , 0. , 0. , 0. , 0. , 0. , 0. , 0. ],
        [0. , 0. , 0. , 0. , 0. , 0. , 0. , 0. , 0. ],
        [0. , 0. , 0. , 0. , 0. , 0. , 0. , 0. , 0. ],
        [0. , 0. , 0. , 0. , 0. , 0. , 0. , 0. , 0. ],
        [0. , 0. , 0. , 0. , 0. , 0. , 0. , 0. , 0. ],
        [0. , 0. , 0. , 0. , 0. , 0. , 0. , 0. , 0. ],
        [0. , 0. , 0. , 0. , 0. , 0. , 0. , 0. , 0. ],
        [1. , 0. , 0. , 0. , 0. , 0. , 0. , 0. , 1. ]],

       [[2. , 0. , 0.4, 0.4, 0.4, 0.4, 0.4, 0. , 2. ],
        [0. , 0.4, 0. , 0. , 0. , 0. , 0. , 0.4, 0. ],
        [0.4, 0. , 0.4, 0. , 0. , 0. , 0.4, 0. , 0.4],
        [0.4, 0. , 0. , 0.4, 0. , 0.4, 0. , 0. , 0.4],
        [0.4, 0. , 0. , 0. , 3. , 0. , 0. , 0. , 0.4],
        [0.4, 0. , 0. , 0.4, 0. , 0.4, 0. , 0. , 0.4],
        [0.4, 0. , 0.4, 0. , 0. , 0. , 0.4, 0. , 0.4],
        [0. , 0.4, 0. , 0. , 0. , 0. , 0. , 0.4, 0. ],
        [2. , 0. , 0.4, 0.4, 0.4, 0.4, 0.4, 0. , 2. ]],

       [[0.7, 0. , 1.9, 0.4, 0.4, 0.4, 0. , 0. , 0.8],
        [0. , 0. , 0. , 0. , 0. , 0. , 0. , 0.2, 0. ],
        [0. , 0. , 0.2, 0. , 0. , 0. , 0. , 0. , 0.8],
        [0. , 0. , 0. , 0. , 0. , 0. , 0. , 0. , 0. ],
        [0. , 0. , 0. , 0. , 0.5, 0. , 0. , 0. , 0. ],
        [0. , 0. , 0. , 0.1, 0. , 0.7, 0. , 0. , 0. ],
        [1.3, 0. , 0. , 0. , 0. , 0. , 0. , 0. , 0. ],
        [0. , 0.3, 0. , 0. , 0. , 0. , 0. , 0.6, 0. ],
        [0.7, 0. , 0. , 0.9, 0.9, 0.9, 0.7, 0. , 0.8]],

       [[0.4, 0. , 0.2, 0.1, 0.1, 0.1, 0. , 0. , 0.6],
        [0. , 0. , 0. , 0. , 0. , 0. , 0. , 0.1, 0. ],
        [0. , 0. , 0.2, 0. , 0. , 0. , 0. , 0. , 0.3],
        [0. , 0. , 0. , 0. , 0. , 0. , 0. , 0. , 0. ],
        [0. , 0. , 0. , 0. , 0.3, 0. , 0. , 0. , 0. ],
        [0. , 0. , 0. , 0. , 0. , 0.1, 0. , 0. , 0. ],
        [0.7, 0. , 0. , 0. , 0. , 0. , 0. , 0. , 0. ],
        [0. , 0.2, 0. , 0. , 0. , 0. , 0. , 0.5, 0. ],
        [0.2, 0. , 0. , 0.6, 0.6, 0.6, 0.4, 0. , 0.5]],

       [[0.2, 0. , 0.9, 0.3, 0.3, 0.3, 0. , 0. , 0.1],
        [0. , 0. , 0. , 0. , 0. , 0. , 0. , 0.1, 0. ],
        [0. , 0. , 0. , 0. , 0. , 0. , 0. , 0. , 0.2],
        [0. , 0. , 0. , 0. , 0. , 0. , 0. , 0. , 0. ],
        [0. , 0. , 0. , 0. , 0.1, 0. , 0. , 0. , 0. ],
        [0. , 0. , 0. , 0. , 0. , 0.2, 0. , 0. , 0. ],
        [0.4, 0. , 0. , 0. , 0. , 0. , 0. , 0. , 0. ],
        [0. , 0.1, 0. , 0. , 0. , 0. , 0. , 0.1, 0. ],
        [0.4, 0. , 0. , 0.1, 0.1, 0.1, 0.2, 0. , 0.1]],

       [[0. , 0. , 0.8, 0. , 0. , 0. , 0. , 0. , 0. ],
        [0. , 0. , 0. , 0. , 0. , 0. , 0. , 0. , 0. ],
        [0. , 0. , 0. , 0. , 0. , 0. , 0. , 0. , 0.3],
        [0. , 0. , 0. , 0. , 0. , 0. , 0. , 0. , 0. ],
        [0. , 0. , 0. , 0. , 0.1, 0. , 0. , 0. , 0. ],
        [0. , 0. , 0. , 0.1, 0. , 0.4, 0. , 0. , 0. ],
        [0.2, 0. , 0. , 0. , 0. , 0. , 0. , 0. , 0. ],
        [0. , 0. , 0. , 0. , 0. , 0. , 0. , 0. , 0. ],
        [0. , 0. , 0. , 0.2, 0.2, 0.2, 0.1, 0. , 0.1]],

       [[0. , 0. , 0. , 0. , 0. , 0. , 0. , 0. , 0. ],
        [0. , 0. , 0. , 0. , 0. , 0. , 0. , 0. , 0. ],
        [0. , 0. , 0. , 0. , 0. , 0. , 0. , 0. , 0. ],
        [0. , 0. , 0. , 0. , 0. , 0. , 0. , 0. , 0. ],
        [0. , 0. , 0. , 0. , 0. , 0. , 0. , 0. , 0. ],
        [0. , 0. , 0. , 0. , 0. , 0. , 0. , 0. , 0. ],
        [0. , 0. , 0. , 0. , 0. , 0. , 0. , 0. , 0. ],
        [0. , 0. , 0. , 0. , 0. , 0. , 0. , 0. , 0. ],
        [0. , 0. , 0. , 0. , 0. , 0. , 0. , 0. , 0. ]]], dtype=float32),
                 move_feats=[array([4.2, 1.7, 0. , 0.4, 0.4, 0. ], dtype=float32),
                             array([2.4, 0.8, 0. , 0.4, 0.2, 0. ], dtype=float32),
                             array([0. , 0. , 0. , 0.4, 0. , 1. ], dtype=float32)],
                 pi=[0.25068493150684934,
                     0.3726027397260274,
                     0.3767123287671233],
                 z=-1.0),
 SelfPlayExample(state_tensor=array([[[1. , 0. , 1. , 1. , 1. , 1. , 1. , 0. , 1. ],
        [0. , 1. , 0. , 0. , 0. , 0. , 0. , 1. , 0. ],
        [1. , 0. , 1. , 0. , 0. , 0. , 1. , 0. , 1. ],
        [1. , 0. , 0. , 1. , 0. , 1. , 0. , 0. , 1. ],
        [1. , 0. , 0. , 0. , 1. , 0. , 0. , 0. , 1. ],
        [1. , 0. , 0. , 1. , 0. , 1. , 0. , 0. , 1. ],
        [1. , 0. , 1. , 0. , 0. , 0. , 1. , 0. , 1. ],
        [0. , 1. , 0. , 0. , 0. , 0. , 0. , 1. , 0. ],
        [1. , 0. , 1. , 1. , 1. , 1. , 1. , 0. , 1. ]],

       [[1. , 0. , 1. , 0. , 0. , 0. , 0. , 0. , 0. ],
        [0. , 1. , 0. , 0. , 0. , 0. , 0. , 0. , 0. ],
        [1. , 0. , 1. , 0. , 0. , 0. , 0. , 0. , 0. ],
        [0. , 0. , 0. , 0. , 0. , 0. , 0. , 0. , 0. ],
        [0. , 0. , 0. , 0. , 0. , 0. , 0. , 0. , 0. ],
        [0. , 0. , 0. , 0. , 0. , 0. , 0. , 0. , 0. ],
        [0. , 0. , 0. , 0. , 0. , 0. , 0. , 0. , 0. ],
        [0. , 0. , 0. , 0. , 0. , 0. , 0. , 0. , 0. ],
        [0. , 0. , 0. , 0. , 0. , 0. , 0. , 0. , 0. ]],

       [[0. , 0. , 0. , 1. , 1. , 1. , 1. , 0. , 1. ],
        [0. , 0. , 0. , 0. , 0. , 0. , 0. , 1. , 0. ],
        [0. , 0. , 0. , 0. , 0. , 0. , 1. , 0. , 1. ],
        [0. , 0. , 0. , 0. , 0. , 1. , 0. , 0. , 1. ],
        [0. , 0. , 0. , 0. , 1. , 0. , 0. , 0. , 1. ],
        [0. , 0. , 0. , 0. , 0. , 1. , 0. , 0. , 1. ],
        [0. , 0. , 0. , 0. , 0. , 0. , 0. , 0. , 0. ],
        [0. , 0. , 0. , 0. , 0. , 0. , 0. , 0. , 0. ],
        [0. , 0. , 0. , 0. , 0. , 0. , 0. , 0. , 0. ]],

       [[0. , 0. , 0. , 0. , 0. , 0. , 0. , 0. , 0. ],
        [0. , 0. , 0. , 0. , 0. , 0. , 0. , 0. , 0. ],
        [0. , 0. , 0. , 0. , 0. , 0. , 0. , 0. , 0. ],
        [0. , 0. , 0. , 0. , 0. , 0. , 0. , 0. , 0. ],
        [0. , 0. , 0. , 0. , 0. , 0. , 0. , 0. , 0. ],
        [0. , 0. , 0. , 0. , 0. , 0. , 0. , 0. , 0. ],
        [0. , 0. , 0. , 0. , 0. , 0. , 1. , 0. , 1. ],
        [0. , 0. , 0. , 0. , 0. , 0. , 0. , 1. , 0. ],
        [0. , 0. , 0. , 0. , 0. , 0. , 1. , 0. , 1. ]],

       [[0. , 0. , 0. , 0. , 0. , 0. , 0. , 0. , 0. ],
        [0. , 0. , 0. , 0. , 0. , 0. , 0. , 0. , 0. ],
        [0. , 0. , 0. , 0. , 0. , 0. , 0. , 0. , 0. ],
        [1. , 0. , 0. , 0. , 0. , 0. , 0. , 0. , 0. ],
        [1. , 0. , 0. , 0. , 0. , 0. , 0. , 0. , 0. ],
        [1. , 0. , 0. , 1. , 0. , 0. , 0. , 0. , 0. ],
        [1. , 0. , 1. , 0. , 0. , 0. , 0. , 0. , 0. ],
        [0. , 1. , 0. , 0. , 0. , 0. , 0. , 0. , 0. ],
        [1. , 0. , 1. , 1. , 1. , 1. , 0. , 0. , 0. ]],

       [[1. , 0. , 0. , 0. , 0. , 0. , 0. , 0. , 1. ],
        [0. , 0. , 0. , 0. , 0. , 0. , 0. , 0. , 0. ],
        [0. , 0. , 0. , 0. , 0. , 0. , 0. , 0. , 0. ],
        [0. , 0. , 0. , 0. , 0. , 0. , 0. , 0. , 0. ],
        [0. , 0. , 0. , 0. , 0. , 0. , 0. , 0. , 0. ],
        [0. , 0. , 0. , 0. , 0. , 0. , 0. , 0. , 0. ],
        [0. , 0. , 0. , 0. , 0. , 0. , 0. , 0. , 0. ],
        [0. , 0. , 0. , 0. , 0. , 0. , 0. , 0. , 0. ],
        [1. , 0. , 0. , 0. , 0. , 0. , 0. , 0. , 1. ]],

       [[2. , 0. , 0.4, 0.4, 0.4, 0.4, 0.4, 0. , 2. ],
        [0. , 0.4, 0. , 0. , 0. , 0. , 0. , 0.4, 0. ],
        [0.4, 0. , 0.4, 0. , 0. , 0. , 0.4, 0. , 0.4],
        [0.4, 0. , 0. , 0.4, 0. , 0.4, 0. , 0. , 0.4],
        [0.4, 0. , 0. , 0. , 3. , 0. , 0. , 0. , 0.4],
        [0.4, 0. , 0. , 0.4, 0. , 0.4, 0. , 0. , 0.4],
        [0.4, 0. , 0.4, 0. , 0. , 0. , 0.4, 0. , 0.4],
        [0. , 0.4, 0. , 0. , 0. , 0. , 0. , 0.4, 0. ],
        [2. , 0. , 0.4, 0.4, 0.4, 0.4, 0.4, 0. , 2. ]],

       [[0.6, 0. , 1.9, 0.4, 0.4, 0.4, 0. , 0. , 0.9],
        [0. , 0.6, 0. , 0. , 0. , 0. , 0. , 0.7, 0. ],
        [0. , 0. , 0.2, 0. , 0. , 0. , 0. , 0. , 0.2],
        [1.3, 0. , 0. , 0. , 0. , 0. , 0. , 0. , 0.8],
        [1.3, 0. , 0. , 0. , 0. , 0. , 0. , 0. , 0.8],
        [1.3, 0. , 0. , 0.1, 0. , 0.1, 0. , 0. , 0.8],
        [0.3, 0. , 0. , 0. , 0. , 0. , 0. , 0. , 0.7],
        [0. , 0.6, 0. , 0. , 0. , 0. , 0. , 0.6, 0. ],
        [0.7, 0. , 0. , 0.9, 0.9, 0.9, 0.7, 0. , 0.6]],

       [[0.2, 0. , 0.2, 0.1, 0.1, 0.1, 0. , 0. , 0.1],
        [0. , 0.4, 0. , 0. , 0. , 0. , 0. , 0.6, 0. ],
        [0. , 0. , 0.2, 0. , 0. , 0. , 0. , 0. , 0.1],
        [0.7, 0. , 0. , 0. , 0. , 0. , 0. , 0. , 0.3],
        [0.7, 0. , 0. , 0. , 0. , 0. , 0. , 0. , 0.3],
        [0.7, 0. , 0. , 0. , 0. , 0. , 0. , 0. , 0.3],
        [0.2, 0. , 0. , 0. , 0. , 0. , 0. , 0. , 0.5],
        [0. , 0.2, 0. , 0. , 0. , 0. , 0. , 0.5, 0. ],
        [0.2, 0. , 0. , 0.6, 0.6, 0.6, 0.4, 0. , 0. ]],

       [[0.1, 0. , 0.9, 0.3, 0.3, 0.3, 0. , 0. , 0.1],
        [0. , 0.2, 0. , 0. , 0. , 0. , 0. , 0.1, 0. ],
        [0. , 0. , 0. , 0. , 0. , 0. , 0. , 0. , 0.1],
        [0.4, 0. , 0. , 0. , 0. , 0. , 0. , 0. , 0.2],
        [0.4, 0. , 0. , 0. , 0. , 0. , 0. , 0. , 0.2],
        [0.4, 0. , 0. , 0. , 0. , 0. , 0. , 0. , 0.2],
        [0.1, 0. , 0. , 0. , 0. , 0. , 0. , 0. , 0.1],
        [0. , 0.4, 0. , 0. , 0. , 0. , 0. , 0.1, 0. ],
        [0.4, 0. , 0. , 0.1, 0.1, 0.1, 0.2, 0. , 0.3]],

       [[0.2, 0. , 0.8, 0. , 0. , 0. , 0. , 0. , 0.6],
        [0. , 0. , 0. , 0. , 0. , 0. , 0. , 0. , 0. ],
        [0. , 0. , 0. , 0. , 0. , 0. , 0. , 0. , 0. ],
        [0.2, 0. , 0. , 0. , 0. , 0. , 0. , 0. , 0.3],
        [0.2, 0. , 0. , 0. , 0. , 0. , 0. , 0. , 0.3],
        [0.2, 0. , 0. , 0.1, 0. , 0.1, 0. , 0. , 0.3],
        [0. , 0. , 0. , 0. , 0. , 0. , 0. , 0. , 0.1],
        [0. , 0. , 0. , 0. , 0. , 0. , 0. , 0. , 0. ],
        [0. , 0. , 0. , 0.2, 0.2, 0.2, 0.1, 0. , 0.2]],

       [[0. , 0. , 0. , 0. , 0. , 0. , 0. , 0. , 0. ],
        [0. , 0. , 0. , 0. , 0. , 0. , 0. , 0. , 0. ],
        [0. , 0. , 0. , 0. , 0. , 0. , 0. , 0. , 0. ],
        [0. , 0. , 0. , 0. , 0. , 0. , 0. , 0. , 0. ],
        [0. , 0. , 0. , 0. , 0. , 0. , 0. , 0. , 0. ],
        [0. , 0. , 0. , 0. , 0. , 0. , 0. , 0. , 0. ],
        [0. , 0. , 0. , 0. , 0. , 0. , 0. , 0. , 0. ],
        [0. , 0. , 0. , 0. , 0. , 0. , 0. , 0. , 0. ],
        [0. , 0. , 0. , 0. , 0. , 0. , 0. , 0. , 0. ]]], dtype=float32),
                 move_feats=[array([4.2, 1.7, 0. , 0.4, 0.4, 0. ], dtype=float32),
                             array([2.4, 0.8, 0. , 0.4, 0.2, 0. ], dtype=float32),
                             array([0. , 0. , 0. , 0.4, 0. , 1. ], dtype=float32)],
                 pi=[0.24839400428265523, 0.5, 0.25160599571734477],
                 z=-1.0),
 SelfPlayExample(state_tensor=array([[[1. , 0. , 1. , 1. , 1. , 1. , 1. , 0. , 1. ],
        [0. , 1. , 0. , 0. , 0. , 0. , 0. , 1. , 0. ],
        [1. , 0. , 1. , 0. , 0. , 0. , 1. , 0. , 1. ],
        [1. , 0. , 0. , 1. , 0. , 1. , 0. , 0. , 1. ],
        [1. , 0. , 0. , 0. , 1. , 0. , 0. , 0. , 1. ],
        [1. , 0. , 0. , 1. , 0. , 1. , 0. , 0. , 1. ],
        [1. , 0. , 1. , 0. , 0. , 0. , 1. , 0. , 1. ],
        [0. , 1. , 0. , 0. , 0. , 0. , 0. , 1. , 0. ],
        [1. , 0. , 1. , 1. , 1. , 1. , 1. , 0. , 1. ]],

       [[1. , 0. , 1. , 1. , 1. , 1. , 0. , 0. , 0. ],
        [0. , 1. , 0. , 0. , 0. , 0. , 0. , 0. , 0. ],
        [0. , 0. , 1. , 0. , 0. , 0. , 0. , 0. , 0. ],
        [0. , 0. , 0. , 0. , 0. , 0. , 0. , 0. , 0. ],
        [0. , 0. , 0. , 0. , 0. , 0. , 0. , 0. , 0. ],
        [0. , 0. , 0. , 0. , 0. , 0. , 0. , 0. , 0. ],
        [0. , 0. , 0. , 0. , 0. , 0. , 0. , 0. , 0. ],
        [0. , 0. , 0. , 0. , 0. , 0. , 0. , 0. , 0. ],
        [0. , 0. , 0. , 0. , 0. , 0. , 0. , 0. , 0. ]],

       [[0. , 0. , 0. , 0. , 0. , 0. , 1. , 0. , 1. ],
        [0. , 0. , 0. , 0. , 0. , 0. , 0. , 1. , 0. ],
        [0. , 0. , 0. , 0. , 0. , 0. , 1. , 0. , 1. ],
        [0. , 0. , 0. , 1. , 0. , 1. , 0. , 0. , 1. ],
        [0. , 0. , 0. , 0. , 1. , 0. , 0. , 0. , 1. ],
        [0. , 0. , 0. , 0. , 0. , 1. , 0. , 0. , 1. ],
        [0. , 0. , 0. , 0. , 0. , 0. , 0. , 0. , 0. ],
        [0. , 0. , 0. , 0. , 0. , 0. , 0. , 0. , 0. ],
        [0. , 0. , 0. , 0. , 0. , 0. , 0. , 0. , 0. ]],

       [[0. , 0. , 0. , 0. , 0. , 0. , 0. , 0. , 0. ],
        [0. , 0. , 0. , 0. , 0. , 0. , 0. , 0. , 0. ],
        [0. , 0. , 0. , 0. , 0. , 0. , 0. , 0. , 0. ],
        [0. , 0. , 0. , 0. , 0. , 0. , 0. , 0. , 0. ],
        [0. , 0. , 0. , 0. , 0. , 0. , 0. , 0. , 0. ],
        [0. , 0. , 0. , 0. , 0. , 0. , 0. , 0. , 0. ],
        [0. , 0. , 0. , 0. , 0. , 0. , 1. , 0. , 1. ],
        [0. , 0. , 0. , 0. , 0. , 0. , 0. , 1. , 0. ],
        [0. , 0. , 0. , 0. , 0. , 0. , 0. , 0. , 1. ]],

       [[0. , 0. , 0. , 0. , 0. , 0. , 0. , 0. , 0. ],
        [0. , 0. , 0. , 0. , 0. , 0. , 0. , 0. , 0. ],
        [1. , 0. , 0. , 0. , 0. , 0. , 0. , 0. , 0. ],
        [1. , 0. , 0. , 0. , 0. , 0. , 0. , 0. , 0. ],
        [1. , 0. , 0. , 0. , 0. , 0. , 0. , 0. , 0. ],
        [1. , 0. , 0. , 1. , 0. , 0. , 0. , 0. , 0. ],
        [1. , 0. , 1. , 0. , 0. , 0. , 0. , 0. , 0. ],
        [0. , 1. , 0. , 0. , 0. , 0. , 0. , 0. , 0. ],
        [1. , 0. , 1. , 1. , 1. , 1. , 1. , 0. , 0. ]],

       [[1. , 0. , 0. , 0. , 0. , 0. , 0. , 0. , 1. ],
        [0. , 0. , 0. , 0. , 0. , 0. , 0. , 0. , 0. ],
        [0. , 0. , 0. , 0. , 0. , 0. , 0. , 0. , 0. ],
        [0. , 0. , 0. , 0. , 0. , 0. , 0. , 0. , 0. ],
        [0. , 0. , 0. , 0. , 0. , 0. , 0. , 0. , 0. ],
        [0. , 0. , 0. , 0. , 0. , 0. , 0. , 0. , 0. ],
        [0. , 0. , 0. , 0. , 0. , 0. , 0. , 0. , 0. ],
        [0. , 0. , 0. , 0. , 0. , 0. , 0. , 0. , 0. ],
        [1. , 0. , 0. , 0. , 0. , 0. , 0. , 0. , 1. ]],

       [[2. , 0. , 0.4, 0.4, 0.4, 0.4, 0.4, 0. , 2. ],
        [0. , 0.4, 0. , 0. , 0. , 0. , 0. , 0.4, 0. ],
        [0.4, 0. , 0.4, 0. , 0. , 0. , 0.4, 0. , 0.4],
        [0.4, 0. , 0. , 0.4, 0. , 0.4, 0. , 0. , 0.4],
        [0.4, 0. , 0. , 0. , 3. , 0. , 0. , 0. , 0.4],
        [0.4, 0. , 0. , 0.4, 0. , 0.4, 0. , 0. , 0.4],
        [0.4, 0. , 0.4, 0. , 0. , 0. , 0.4, 0. , 0.4],
        [0. , 0.4, 0. , 0. , 0. , 0. , 0. , 0.4, 0. ],
        [2. , 0. , 0.4, 0.4, 0.4, 0.4, 0.4, 0. , 2. ]],

       [[0.7, 0. , 0. , 1.7, 1.7, 1.7, 1.3, 0. , 1.2],
        [0. , 0.3, 0. , 0. , 0. , 0. , 0. , 0.4, 0. ],
        [0.7, 0. , 0.2, 0. , 0. , 0. , 0. , 0. , 0. ],
        [0.3, 0. , 0. , 0.1, 0. , 0. , 0. , 0. , 0. ],
        [0.3, 0. , 0. , 0. , 0. , 0. , 0. , 0. , 0. ],
        [0.3, 0. , 0. , 0.1, 0. , 0. , 0. , 0. , 0. ],
        [0. , 0. , 0.6, 0. , 0. , 0. , 0. , 0. , 0.3],
        [0. , 0.6, 0. , 0. , 0. , 0. , 0. , 0.3, 0. ],
        [0.7, 0. , 0. , 0. , 0. , 0. , 0.7, 0. , 0.6]],

       [[0.5, 0. , 0. , 0.2, 0.2, 0.2, 0.6, 0. , 0.6],
        [0. , 0.2, 0. , 0. , 0. , 0. , 0. , 0.2, 0. ],
        [0.1, 0. , 0.2, 0. , 0. , 0. , 0. , 0. , 0. ],
        [0.2, 0. , 0. , 0. , 0. , 0. , 0. , 0. , 0. ],
        [0.2, 0. , 0. , 0. , 0. , 0. , 0. , 0. , 0. ],
        [0.2, 0. , 0. , 0. , 0. , 0. , 0. , 0. , 0. ],
        [0. , 0. , 0.2, 0. , 0. , 0. , 0. , 0. , 0. ],
        [0. , 0.2, 0. , 0. , 0. , 0. , 0. , 0. , 0. ],
        [0.3, 0. , 0. , 0. , 0. , 0. , 0.4, 0. , 0.3]],

       [[0. , 0. , 0. , 0.9, 0.9, 0.9, 0.1, 0. , 0.2],
        [0. , 0.1, 0. , 0. , 0. , 0. , 0. , 0.2, 0. ],
        [0.4, 0. , 0. , 0. , 0. , 0. , 0. , 0. , 0. ],
        [0.1, 0. , 0. , 0. , 0. , 0. , 0. , 0. , 0. ],
        [0.1, 0. , 0. , 0. , 0. , 0. , 0. , 0. , 0. ],
        [0.1, 0. , 0. , 0. , 0. , 0. , 0. , 0. , 0. ],
        [0. , 0. , 0.4, 0. , 0. , 0. , 0. , 0. , 0.1],
        [0. , 0.4, 0. , 0. , 0. , 0. , 0. , 0.3, 0. ],
        [0. , 0. , 0. , 0. , 0. , 0. , 0.1, 0. , 0.1]],

       [[0.1, 0. , 0. , 0.6, 0.6, 0.6, 0.6, 0. , 0.3],
        [0. , 0. , 0. , 0. , 0. , 0. , 0. , 0. , 0. ],
        [0.2, 0. , 0. , 0. , 0. , 0. , 0. , 0. , 0. ],
        [0. , 0. , 0. , 0.1, 0. , 0. , 0. , 0. , 0. ],
        [0. , 0. , 0. , 0. , 0. , 0. , 0. , 0. , 0. ],
        [0. , 0. , 0. , 0.1, 0. , 0. , 0. , 0. , 0. ],
        [0. , 0. , 0. , 0. , 0. , 0. , 0. , 0. , 0.2],
        [0. , 0. , 0. , 0. , 0. , 0. , 0. , 0. , 0. ],
        [0.3, 0. , 0. , 0. , 0. , 0. , 0.2, 0. , 0.1]],

       [[0. , 0. , 0. , 0. , 0. , 0. , 0. , 0. , 0. ],
        [0. , 0. , 0. , 0. , 0. , 0. , 0. , 0. , 0. ],
        [0. , 0. , 0. , 0. , 0. , 0. , 0. , 0. , 0. ],
        [0. , 0. , 0. , 0. , 0. , 0. , 0. , 0. , 0. ],
        [0. , 0. , 0. , 0. , 0. , 0. , 0. , 0. , 0. ],
        [0. , 0. , 0. , 0. , 0. , 0. , 0. , 0. , 0. ],
        [0. , 0. , 0. , 0. , 0. , 0. , 0. , 0. , 0. ],
        [0. , 0. , 0. , 0. , 0. , 0. , 0. , 0. , 0. ],
        [0. , 0. , 0. , 0. , 0. , 0. , 0. , 0. , 0. ]]], dtype=float32),
                 move_feats=[array([4. , 1.7, 0. , 0.4, 0.6, 0. ], dtype=float32),
                             array([3.6, 1.5, 0. , 0.4, 0.4, 0. ], dtype=float32),
                             array([0. , 0. , 0. , 0.4, 0. , 1. ], dtype=float32)],
                 pi=[0.24912689173457508,
                     0.25029103608847497,
                     0.5005820721769499],
                 z=-1.0),
 SelfPlayExample(state_tensor=array([[[1. , 0. , 1. , 1. , 1. , 1. , 1. , 0. , 1. ],
        [0. , 1. , 0. , 0. , 0. , 0. , 0. , 1. , 0. ],
        [1. , 0. , 1. , 0. , 0. , 0. , 1. , 0. , 1. ],
        [1. , 0. , 0. , 1. , 0. , 1. , 0. , 0. , 1. ],
        [1. , 0. , 0. , 0. , 1. , 0. , 0. , 0. , 1. ],
        [1. , 0. , 0. , 1. , 0. , 1. , 0. , 0. , 1. ],
        [1. , 0. , 1. , 0. , 0. , 0. , 1. , 0. , 1. ],
        [0. , 1. , 0. , 0. , 0. , 0. , 0. , 1. , 0. ],
        [1. , 0. , 1. , 1. , 1. , 1. , 1. , 0. , 1. ]],

       [[1. , 0. , 1. , 1. , 1. , 1. , 0. , 0. , 0. ],
        [0. , 1. , 0. , 0. , 0. , 0. , 0. , 0. , 0. ],
        [0. , 0. , 1. , 0. , 0. , 0. , 0. , 0. , 0. ],
        [0. , 0. , 0. , 1. , 0. , 0. , 0. , 0. , 0. ],
        [0. , 0. , 0. , 0. , 0. , 0. , 0. , 0. , 0. ],
        [0. , 0. , 0. , 0. , 0. , 0. , 0. , 0. , 0. ],
        [0. , 0. , 0. , 0. , 0. , 0. , 0. , 0. , 0. ],
        [0. , 0. , 0. , 0. , 0. , 0. , 0. , 0. , 0. ],
        [0. , 0. , 0. , 0. , 0. , 0. , 0. , 0. , 0. ]],

       [[0. , 0. , 0. , 0. , 0. , 0. , 1. , 0. , 1. ],
        [0. , 0. , 0. , 0. , 0. , 0. , 0. , 1. , 0. ],
        [0. , 0. , 0. , 0. , 0. , 0. , 1. , 0. , 1. ],
        [0. , 0. , 0. , 0. , 0. , 1. , 0. , 0. , 0. ],
        [0. , 0. , 0. , 0. , 1. , 0. , 0. , 0. , 0. ],
        [0. , 0. , 0. , 0. , 0. , 1. , 0. , 0. , 0. ],
        [0. , 0. , 0. , 0. , 0. , 0. , 0. , 0. , 0. ],
        [0. , 0. , 0. , 0. , 0. , 0. , 0. , 0. , 0. ],
        [0. , 0. , 0. , 0. , 0. , 0. , 0. , 0. , 0. ]],

       [[0. , 0. , 0. , 0. , 0. , 0. , 0. , 0. , 0. ],
        [0. , 0. , 0. , 0. , 0. , 0. , 0. , 0. , 0. ],
        [0. , 0. , 0. , 0. , 0. , 0. , 0. , 0. , 0. ],
        [0. , 0. , 0. , 0. , 0. , 0. , 0. , 0. , 1. ],
        [0. , 0. , 0. , 0. , 0. , 0. , 0. , 0. , 1. ],
        [0. , 0. , 0. , 0. , 0. , 0. , 0. , 0. , 1. ],
        [0. , 0. , 0. , 0. , 0. , 0. , 1. , 0. , 1. ],
        [0. , 0. , 0. , 0. , 0. , 0. , 0. , 1. , 0. ],
        [0. , 0. , 0. , 0. , 0. , 0. , 0. , 0. , 1. ]],

       [[0. , 0. , 0. , 0. , 0. , 0. , 0. , 0. , 0. ],
        [0. , 0. , 0. , 0. , 0. , 0. , 0. , 0. , 0. ],
        [1. , 0. , 0. , 0. , 0. , 0. , 0. , 0. , 0. ],
        [1. , 0. , 0. , 0. , 0. , 0. , 0. , 0. , 0. ],
        [1. , 0. , 0. , 0. , 0. , 0. , 0. , 0. , 0. ],
        [1. , 0. , 0. , 1. , 0. , 0. , 0. , 0. , 0. ],
        [1. , 0. , 1. , 0. , 0. , 0. , 0. , 0. , 0. ],
        [0. , 1. , 0. , 0. , 0. , 0. , 0. , 0. , 0. ],
        [1. , 0. , 1. , 1. , 1. , 1. , 1. , 0. , 0. ]],

       [[1. , 0. , 0. , 0. , 0. , 0. , 0. , 0. , 1. ],
        [0. , 0. , 0. , 0. , 0. , 0. , 0. , 0. , 0. ],
        [0. , 0. , 0. , 0. , 0. , 0. , 0. , 0. , 0. ],
        [0. , 0. , 0. , 0. , 0. , 0. , 0. , 0. , 0. ],
        [0. , 0. , 0. , 0. , 0. , 0. , 0. , 0. , 0. ],
        [0. , 0. , 0. , 0. , 0. , 0. , 0. , 0. , 0. ],
        [0. , 0. , 0. , 0. , 0. , 0. , 0. , 0. , 0. ],
        [0. , 0. , 0. , 0. , 0. , 0. , 0. , 0. , 0. ],
        [1. , 0. , 0. , 0. , 0. , 0. , 0. , 0. , 1. ]],

       [[2. , 0. , 0.4, 0.4, 0.4, 0.4, 0.4, 0. , 2. ],
        [0. , 0.4, 0. , 0. , 0. , 0. , 0. , 0.4, 0. ],
        [0.4, 0. , 0.4, 0. , 0. , 0. , 0.4, 0. , 0.4],
        [0.4, 0. , 0. , 0.4, 0. , 0.4, 0. , 0. , 0.4],
        [0.4, 0. , 0. , 0. , 3. , 0. , 0. , 0. , 0.4],
        [0.4, 0. , 0. , 0.4, 0. , 0.4, 0. , 0. , 0.4],
        [0.4, 0. , 0.4, 0. , 0. , 0. , 0.4, 0. , 0.4],
        [0. , 0.4, 0. , 0. , 0. , 0. , 0. , 0.4, 0. ],
        [2. , 0. , 0.4, 0.4, 0.4, 0.4, 0.4, 0. , 2. ]],

       [[0.6, 0. , 0. , 1.7, 1.7, 1.7, 2. , 0. , 1.4],
        [0. , 0.5, 0. , 0. , 0. , 0. , 0. , 0.8, 0. ],
        [0.7, 0. , 0. , 0. , 0. , 0. , 0. , 0. , 0. ],
        [0. , 0. , 0. , 0.2, 0. , 0. , 0. , 0. , 0.2],
        [0. , 0. , 0. , 0. , 0. , 0. , 0. , 0. , 0.2],
        [0. , 0. , 0. , 0.7, 0. , 0. , 0. , 0. , 0.2],
        [0. , 0. , 0.9, 0. , 0. , 0. , 0. , 0. , 0. ],
        [0. , 0.3, 0. , 0. , 0. , 0. , 0. , 0.8, 0. ],
        [0.8, 0. , 0. , 0. , 0. , 0. , 0.5, 0. , 0.7]],

       [[0. , 0. , 0. , 0.2, 0.2, 0.2, 0.8, 0. , 1.1],
        [0. , 0.3, 0. , 0. , 0. , 0. , 0. , 0.6, 0. ],
        [0.2, 0. , 0. , 0. , 0. , 0. , 0. , 0. , 0. ],
        [0. , 0. , 0. , 0.2, 0. , 0. , 0. , 0. , 0. ],
        [0. , 0. , 0. , 0. , 0. , 0. , 0. , 0. , 0. ],
        [0. , 0. , 0. , 0.2, 0. , 0. , 0. , 0. , 0. ],
        [0. , 0. , 0.2, 0. , 0. , 0. , 0. , 0. , 0. ],
        [0. , 0.3, 0. , 0. , 0. , 0. , 0. , 0.2, 0. ],
        [0.3, 0. , 0. , 0. , 0. , 0. , 0.2, 0. , 0.6]],

       [[0.5, 0. , 0. , 0.9, 0.9, 0.9, 0.3, 0. , 0. ],
        [0. , 0.1, 0. , 0. , 0. , 0. , 0. , 0.2, 0. ],
        [0.3, 0. , 0. , 0. , 0. , 0. , 0. , 0. , 0. ],
        [0. , 0. , 0. , 0. , 0. , 0. , 0. , 0. , 0. ],
        [0. , 0. , 0. , 0. , 0. , 0. , 0. , 0. , 0. ],
        [0. , 0. , 0. , 0.4, 0. , 0. , 0. , 0. , 0. ],
        [0. , 0. , 0.4, 0. , 0. , 0. , 0. , 0. , 0. ],
        [0. , 0. , 0. , 0. , 0. , 0. , 0. , 0.5, 0. ],
        [0.1, 0. , 0. , 0. , 0. , 0. , 0.1, 0. , 0. ]],

       [[0. , 0. , 0. , 0.6, 0.6, 0.6, 0.9, 0. , 0.2],
        [0. , 0.1, 0. , 0. , 0. , 0. , 0. , 0. , 0. ],
        [0.2, 0. , 0. , 0. , 0. , 0. , 0. , 0. , 0. ],
        [0. , 0. , 0. , 0. , 0. , 0. , 0. , 0. , 0.2],
        [0. , 0. , 0. , 0. , 0. , 0. , 0. , 0. , 0.2],
        [0. , 0. , 0. , 0.1, 0. , 0. , 0. , 0. , 0.2],
        [0. , 0. , 0.3, 0. , 0. , 0. , 0. , 0. , 0. ],
        [0. , 0. , 0. , 0. , 0. , 0. , 0. , 0.1, 0. ],
        [0.3, 0. , 0. , 0. , 0. , 0. , 0.2, 0. , 0. ]],

       [[0. , 0. , 0. , 0. , 0. , 0. , 0. , 0. , 0. ],
        [0. , 0. , 0. , 0. , 0. , 0. , 0. , 0. , 0. ],
        [0. , 0. , 0. , 0. , 0. , 0. , 0. , 0. , 0. ],
        [0. , 0. , 0. , 0. , 0. , 0. , 0. , 0. , 0. ],
        [0. , 0. , 0. , 0. , 0. , 0. , 0. , 0. , 0. ],
        [0. , 0. , 0. , 0. , 0. , 0. , 0. , 0. , 0. ],
        [0. , 0. , 0. , 0. , 0. , 0. , 0. , 0. , 0. ],
        [0. , 0. , 0. , 0. , 0. , 0. , 0. , 0. , 0. ],
        [0. , 0. , 0. , 0. , 0. , 0. , 0. , 0. , 0. ]]], dtype=float32),
                 move_feats=[array([0.2, 0.2, 0. , 3. , 0.2, 0. ], dtype=float32),
                             array([0., 0., 0., 3., 0., 1.], dtype=float32)],
                 pi=[0.3684210526315789, 0.631578947368421],
                 z=-1.0),
 SelfPlayExample(state_tensor=array([[[1. , 0. , 1. , 1. , 1. , 1. , 1. , 0. , 1. ],
        [0. , 1. , 0. , 0. , 0. , 0. , 0. , 1. , 0. ],
        [1. , 0. , 1. , 0. , 0. , 0. , 1. , 0. , 1. ],
        [1. , 0. , 0. , 1. , 0. , 1. , 0. , 0. , 1. ],
        [1. , 0. , 0. , 0. , 1. , 0. , 0. , 0. , 1. ],
        [1. , 0. , 0. , 1. , 0. , 1. , 0. , 0. , 1. ],
        [1. , 0. , 1. , 0. , 0. , 0. , 1. , 0. , 1. ],
        [0. , 1. , 0. , 0. , 0. , 0. , 0. , 1. , 0. ],
        [1. , 0. , 1. , 1. , 1. , 1. , 1. , 0. , 1. ]],

       [[1. , 0. , 1. , 1. , 1. , 1. , 0. , 0. , 0. ],
        [0. , 1. , 0. , 0. , 0. , 0. , 0. , 0. , 0. ],
        [0. , 0. , 1. , 0. , 0. , 0. , 0. , 0. , 0. ],
        [0. , 0. , 0. , 1. , 0. , 0. , 0. , 0. , 0. ],
        [0. , 0. , 0. , 0. , 0. , 0. , 0. , 0. , 0. ],
        [0. , 0. , 0. , 0. , 0. , 0. , 0. , 0. , 0. ],
        [0. , 0. , 0. , 0. , 0. , 0. , 0. , 0. , 0. ],
        [0. , 0. , 0. , 0. , 0. , 0. , 0. , 0. , 0. ],
        [0. , 0. , 0. , 0. , 0. , 0. , 0. , 0. , 0. ]],

       [[0. , 0. , 0. , 0. , 0. , 0. , 1. , 0. , 1. ],
        [0. , 0. , 0. , 0. , 0. , 0. , 0. , 1. , 0. ],
        [0. , 0. , 0. , 0. , 0. , 0. , 1. , 0. , 0. ],
        [0. , 0. , 0. , 0. , 0. , 1. , 0. , 0. , 0. ],
        [0. , 0. , 0. , 0. , 1. , 0. , 0. , 0. , 0. ],
        [0. , 0. , 0. , 0. , 0. , 1. , 0. , 0. , 0. ],
        [0. , 0. , 0. , 0. , 0. , 0. , 0. , 0. , 0. ],
        [0. , 0. , 0. , 0. , 0. , 0. , 0. , 0. , 0. ],
        [0. , 0. , 0. , 0. , 0. , 0. , 0. , 0. , 0. ]],

       [[0. , 0. , 0. , 0. , 0. , 0. , 0. , 0. , 0. ],
        [0. , 0. , 0. , 0. , 0. , 0. , 0. , 0. , 0. ],
        [0. , 0. , 0. , 0. , 0. , 0. , 0. , 0. , 1. ],
        [0. , 0. , 0. , 0. , 0. , 0. , 0. , 0. , 1. ],
        [0. , 0. , 0. , 0. , 0. , 0. , 0. , 0. , 1. ],
        [0. , 0. , 0. , 0. , 0. , 0. , 0. , 0. , 1. ],
        [0. , 0. , 0. , 0. , 0. , 0. , 1. , 0. , 1. ],
        [0. , 0. , 0. , 0. , 0. , 0. , 0. , 1. , 0. ],
        [0. , 0. , 0. , 0. , 0. , 0. , 1. , 0. , 1. ]],

       [[0. , 0. , 0. , 0. , 0. , 0. , 0. , 0. , 0. ],
        [0. , 0. , 0. , 0. , 0. , 0. , 0. , 0. , 0. ],
        [1. , 0. , 0. , 0. , 0. , 0. , 0. , 0. , 0. ],
        [1. , 0. , 0. , 0. , 0. , 0. , 0. , 0. , 0. ],
        [1. , 0. , 0. , 0. , 0. , 0. , 0. , 0. , 0. ],
        [1. , 0. , 0. , 1. , 0. , 0. , 0. , 0. , 0. ],
        [1. , 0. , 1. , 0. , 0. , 0. , 0. , 0. , 0. ],
        [0. , 1. , 0. , 0. , 0. , 0. , 0. , 0. , 0. ],
        [1. , 0. , 1. , 1. , 1. , 1. , 0. , 0. , 0. ]],

       [[1. , 0. , 0. , 0. , 0. , 0. , 0. , 0. , 1. ],
        [0. , 0. , 0. , 0. , 0. , 0. , 0. , 0. , 0. ],
        [0. , 0. , 0. , 0. , 0. , 0. , 0. , 0. , 0. ],
        [0. , 0. , 0. , 0. , 0. , 0. , 0. , 0. , 0. ],
        [0. , 0. , 0. , 0. , 0. , 0. , 0. , 0. , 0. ],
        [0. , 0. , 0. , 0. , 0. , 0. , 0. , 0. , 0. ],
        [0. , 0. , 0. , 0. , 0. , 0. , 0. , 0. , 0. ],
        [0. , 0. , 0. , 0. , 0. , 0. , 0. , 0. , 0. ],
        [1. , 0. , 0. , 0. , 0. , 0. , 0. , 0. , 1. ]],

       [[2. , 0. , 0.4, 0.4, 0.4, 0.4, 0.4, 0. , 2. ],
        [0. , 0.4, 0. , 0. , 0. , 0. , 0. , 0.4, 0. ],
        [0.4, 0. , 0.4, 0. , 0. , 0. , 0.4, 0. , 0.4],
        [0.4, 0. , 0. , 0.4, 0. , 0.4, 0. , 0. , 0.4],
        [0.4, 0. , 0. , 0. , 3. , 0. , 0. , 0. , 0.4],
        [0.4, 0. , 0. , 0.4, 0. , 0.4, 0. , 0. , 0.4],
        [0.4, 0. , 0.4, 0. , 0. , 0. , 0.4, 0. , 0.4],
        [0. , 0.4, 0. , 0. , 0. , 0. , 0. , 0.4, 0. ],
        [2. , 0. , 0.4, 0.4, 0.4, 0.4, 0.4, 0. , 2. ]],

       [[0.7, 0. , 0. , 0. , 0. , 0. , 0.3, 0. , 1.1],
        [0. , 0.2, 0. , 0. , 0. , 0. , 0. , 1.1, 0. ],
        [0.2, 0. , 0. , 0. , 0. , 0. , 0. , 0. , 0.2],
        [0. , 0. , 0. , 0.2, 0. , 0. , 0. , 0. , 0. ],
        [0. , 0. , 0. , 0. , 0. , 0. , 0. , 0. , 0. ],
        [0. , 0. , 0. , 1.6, 0. , 0. , 0. , 0. , 0. ],
        [0. , 0. , 0. , 0. , 0. , 0. , 0.2, 0. , 0. ],
        [0. , 0.4, 0. , 0. , 0. , 0. , 0. , 0.6, 0. ],
        [0.8, 0. , 0.6, 0. , 0. , 0. , 0.1, 0. , 0.7]],

       [[0.5, 0. , 0. , 0. , 0. , 0. , 0. , 0. , 0.3],
        [0. , 0. , 0. , 0. , 0. , 0. , 0. , 1.1, 0. ],
        [0. , 0. , 0. , 0. , 0. , 0. , 0. , 0. , 0. ],
        [0. , 0. , 0. , 0.2, 0. , 0. , 0. , 0. , 0. ],
        [0. , 0. , 0. , 0. , 0. , 0. , 0. , 0. , 0. ],
        [0. , 0. , 0. , 0.4, 0. , 0. , 0. , 0. , 0. ],
        [0. , 0. , 0. , 0. , 0. , 0. , 0.2, 0. , 0. ],
        [0. , 0.3, 0. , 0. , 0. , 0. , 0. , 0.6, 0. ],
        [0.3, 0. , 0.3, 0. , 0. , 0. , 0. , 0. , 0.6]],

       [[0. , 0. , 0. , 0. , 0. , 0. , 0.1, 0. , 0.5],
        [0. , 0.2, 0. , 0. , 0. , 0. , 0. , 0. , 0. ],
        [0.1, 0. , 0. , 0. , 0. , 0. , 0. , 0. , 0. ],
        [0. , 0. , 0. , 0. , 0. , 0. , 0. , 0. , 0. ],
        [0. , 0. , 0. , 0. , 0. , 0. , 0. , 0. , 0. ],
        [0. , 0. , 0. , 0.8, 0. , 0. , 0. , 0. , 0. ],
        [0. , 0. , 0. , 0. , 0. , 0. , 0. , 0. , 0. ],
        [0. , 0.1, 0. , 0. , 0. , 0. , 0. , 0. , 0. ],
        [0.1, 0. , 0. , 0. , 0. , 0. , 0. , 0. , 0. ]],

       [[0.1, 0. , 0. , 0. , 0. , 0. , 0.2, 0. , 0.2],
        [0. , 0. , 0. , 0. , 0. , 0. , 0. , 0. , 0. ],
        [0.1, 0. , 0. , 0. , 0. , 0. , 0. , 0. , 0.2],
        [0. , 0. , 0. , 0. , 0. , 0. , 0. , 0. , 0. ],
        [0. , 0. , 0. , 0. , 0. , 0. , 0. , 0. , 0. ],
        [0. , 0. , 0. , 0.4, 0. , 0. , 0. , 0. , 0. ],
        [0. , 0. , 0. , 0. , 0. , 0. , 0. , 0. , 0. ],
        [0. , 0. , 0. , 0. , 0. , 0. , 0. , 0. , 0. ],
        [0.3, 0. , 0.3, 0. , 0. , 0. , 0.1, 0. , 0. ]],

       [[0. , 0. , 0. , 0. , 0. , 0. , 0. , 0. , 0. ],
        [0. , 0. , 0. , 0. , 0. , 0. , 0. , 0. , 0. ],
        [0. , 0. , 0. , 0. , 0. , 0. , 0. , 0. , 0. ],
        [0. , 0. , 0. , 0. , 0. , 0. , 0. , 0. , 0. ],
        [0. , 0. , 0. , 0. , 0. , 0. , 0. , 0. , 0. ],
        [0. , 0. , 0. , 0. , 0. , 0. , 0. , 0. , 0. ],
        [0. , 0. , 0. , 0. , 0. , 0. , 0. , 0. , 0. ],
        [0. , 0. , 0. , 0. , 0. , 0. , 0. , 0. , 0. ],
        [0. , 0. , 0. , 0. , 0. , 0. , 0. , 0. , 0. ]]], dtype=float32),
                 move_feats=[array([0.2, 0.2, 0. , 3. , 0.2, 0. ], dtype=float32),
                             array([0., 0., 0., 3., 0., 1.], dtype=float32)],
                 pi=[0.3743718592964824, 0.6256281407035176],
                 z=-1.0),
 SelfPlayExample(state_tensor=array([[[1. , 0. , 1. , 1. , 1. , 1. , 1. , 0. , 1. ],
        [0. , 1. , 0. , 0. , 0. , 0. , 0. , 1. , 0. ],
        [1. , 0. , 1. , 0. , 0. , 0. , 1. , 0. , 1. ],
        [1. , 0. , 0. , 1. , 0. , 1. , 0. , 0. , 1. ],
        [1. , 0. , 0. , 0. , 1. , 0. , 0. , 0. , 1. ],
        [1. , 0. , 0. , 1. , 0. , 1. , 0. , 0. , 1. ],
        [1. , 0. , 1. , 0. , 0. , 0. , 1. , 0. , 1. ],
        [0. , 1. , 0. , 0. , 0. , 0. , 0. , 1. , 0. ],
        [1. , 0. , 1. , 1. , 1. , 1. , 1. , 0. , 1. ]],

       [[1. , 0. , 1. , 1. , 1. , 1. , 0. , 0. , 0. ],
        [0. , 1. , 0. , 0. , 0. , 0. , 0. , 0. , 0. ],
        [1. , 0. , 1. , 0. , 0. , 0. , 0. , 0. , 0. ],
        [0. , 0. , 0. , 1. , 0. , 0. , 0. , 0. , 0. ],
        [0. , 0. , 0. , 0. , 0. , 0. , 0. , 0. , 0. ],
        [0. , 0. , 0. , 0. , 0. , 0. , 0. , 0. , 0. ],
        [0. , 0. , 0. , 0. , 0. , 0. , 0. , 0. , 0. ],
        [0. , 0. , 0. , 0. , 0. , 0. , 0. , 0. , 0. ],
        [0. , 0. , 0. , 0. , 0. , 0. , 0. , 0. , 0. ]],

       [[0. , 0. , 0. , 0. , 0. , 0. , 1. , 0. , 1. ],
        [0. , 0. , 0. , 0. , 0. , 0. , 0. , 1. , 0. ],
        [0. , 0. , 0. , 0. , 0. , 0. , 1. , 0. , 1. ],
        [0. , 0. , 0. , 0. , 0. , 1. , 0. , 0. , 0. ],
        [0. , 0. , 0. , 0. , 0. , 0. , 0. , 0. , 0. ],
        [0. , 0. , 0. , 0. , 0. , 1. , 0. , 0. , 0. ],
        [0. , 0. , 0. , 0. , 0. , 0. , 0. , 0. , 0. ],
        [0. , 0. , 0. , 0. , 0. , 0. , 0. , 0. , 0. ],
        [0. , 0. , 0. , 0. , 0. , 0. , 0. , 0. , 0. ]],

       [[0. , 0. , 0. , 0. , 0. , 0. , 0. , 0. , 0. ],
        [0. , 0. , 0. , 0. , 0. , 0. , 0. , 0. , 0. ],
        [0. , 0. , 0. , 0. , 0. , 0. , 0. , 0. , 0. ],
        [0. , 0. , 0. , 0. , 0. , 0. , 0. , 0. , 1. ],
        [0. , 0. , 0. , 0. , 0. , 0. , 0. , 0. , 1. ],
        [0. , 0. , 0. , 0. , 0. , 0. , 0. , 0. , 1. ],
        [0. , 0. , 0. , 0. , 0. , 0. , 1. , 0. , 1. ],
        [0. , 0. , 0. , 0. , 0. , 0. , 0. , 1. , 0. ],
        [0. , 0. , 0. , 0. , 0. , 0. , 1. , 0. , 1. ]],

       [[0. , 0. , 0. , 0. , 0. , 0. , 0. , 0. , 0. ],
        [0. , 0. , 0. , 0. , 0. , 0. , 0. , 0. , 0. ],
        [0. , 0. , 0. , 0. , 0. , 0. , 0. , 0. , 0. ],
        [1. , 0. , 0. , 0. , 0. , 0. , 0. , 0. , 0. ],
        [1. , 0. , 0. , 0. , 1. , 0. , 0. , 0. , 0. ],
        [1. , 0. , 0. , 1. , 0. , 0. , 0. , 0. , 0. ],
        [1. , 0. , 1. , 0. , 0. , 0. , 0. , 0. , 0. ],
        [0. , 1. , 0. , 0. , 0. , 0. , 0. , 0. , 0. ],
        [1. , 0. , 1. , 1. , 1. , 1. , 0. , 0. , 0. ]],

       [[1. , 0. , 0. , 0. , 0. , 0. , 0. , 0. , 1. ],
        [0. , 0. , 0. , 0. , 0. , 0. , 0. , 0. , 0. ],
        [0. , 0. , 0. , 0. , 0. , 0. , 0. , 0. , 0. ],
        [0. , 0. , 0. , 0. , 0. , 0. , 0. , 0. , 0. ],
        [0. , 0. , 0. , 0. , 0. , 0. , 0. , 0. , 0. ],
        [0. , 0. , 0. , 0. , 0. , 0. , 0. , 0. , 0. ],
        [0. , 0. , 0. , 0. , 0. , 0. , 0. , 0. , 0. ],
        [0. , 0. , 0. , 0. , 0. , 0. , 0. , 0. , 0. ],
        [1. , 0. , 0. , 0. , 0. , 0. , 0. , 0. , 1. ]],

       [[2. , 0. , 0.4, 0.4, 0.4, 0.4, 0.4, 0. , 2. ],
        [0. , 0.4, 0. , 0. , 0. , 0. , 0. , 0.4, 0. ],
        [0.4, 0. , 0.4, 0. , 0. , 0. , 0.4, 0. , 0.4],
        [0.4, 0. , 0. , 0.4, 0. , 0.4, 0. , 0. , 0.4],
        [0.4, 0. , 0. , 0. , 3. , 0. , 0. , 0. , 0.4],
        [0.4, 0. , 0. , 0.4, 0. , 0.4, 0. , 0. , 0.4],
        [0.4, 0. , 0.4, 0. , 0. , 0. , 0.4, 0. , 0.4],
        [0. , 0.4, 0. , 0. , 0. , 0. , 0. , 0.4, 0. ],
        [2. , 0. , 0.4, 0.4, 0.4, 0.4, 0.4, 0. , 2. ]],

       [[0.7, 0. , 0. , 0. , 0. , 0. , 0.3, 0. , 1. ],
        [0. , 0.5, 0. , 0. , 0. , 0. , 0. , 0.8, 0. ],
        [0.3, 0. , 0. , 0. , 0. , 0. , 0. , 0. , 1.1],
        [0. , 0. , 0. , 0.2, 0. , 0. , 0. , 0. , 0. ],
        [0. , 0. , 0. , 0. , 1.6, 0. , 0. , 0. , 0. ],
        [0. , 0. , 0. , 0. , 0. , 0. , 0. , 0. , 0. ],
        [0.7, 0. , 0. , 0. , 0. , 0. , 0.8, 0. , 0. ],
        [0. , 0.4, 0. , 0. , 0. , 0. , 0. , 0.6, 0. ],
        [0.9, 0. , 0. , 0.6, 0.6, 0.6, 0. , 0. , 0.7]],

       [[0.2, 0. , 0. , 0. , 0. , 0. , 0. , 0. , 0.2],
        [0. , 0.5, 0. , 0. , 0. , 0. , 0. , 0.3, 0. ],
        [0. , 0. , 0. , 0. , 0. , 0. , 0. , 0. , 0.9],
        [0. , 0. , 0. , 0.2, 0. , 0. , 0. , 0. , 0. ],
        [0. , 0. , 0. , 0. , 0.4, 0. , 0. , 0. , 0. ],
        [0. , 0. , 0. , 0. , 0. , 0. , 0. , 0. , 0. ],
        [0.3, 0. , 0. , 0. , 0. , 0. , 0.8, 0. , 0. ],
        [0. , 0.3, 0. , 0. , 0. , 0. , 0. , 0.6, 0. ],
        [0.6, 0. , 0. , 0.3, 0.3, 0.3, 0. , 0. , 0.4]],

       [[0.4, 0. , 0. , 0. , 0. , 0. , 0.1, 0. , 0.4],
        [0. , 0. , 0. , 0. , 0. , 0. , 0. , 0.5, 0. ],
        [0.2, 0. , 0. , 0. , 0. , 0. , 0. , 0. , 0. ],
        [0. , 0. , 0. , 0. , 0. , 0. , 0. , 0. , 0. ],
        [0. , 0. , 0. , 0. , 0.8, 0. , 0. , 0. , 0. ],
        [0. , 0. , 0. , 0. , 0. , 0. , 0. , 0. , 0. ],
        [0.1, 0. , 0. , 0. , 0. , 0. , 0. , 0. , 0. ],
        [0. , 0.1, 0. , 0. , 0. , 0. , 0. , 0. , 0. ],
        [0.2, 0. , 0. , 0. , 0. , 0. , 0. , 0. , 0. ]],

       [[0. , 0. , 0. , 0. , 0. , 0. , 0.2, 0. , 0.3],
        [0. , 0. , 0. , 0. , 0. , 0. , 0. , 0. , 0. ],
        [0.1, 0. , 0. , 0. , 0. , 0. , 0. , 0. , 0.2],
        [0. , 0. , 0. , 0. , 0. , 0. , 0. , 0. , 0. ],
        [0. , 0. , 0. , 0. , 0.4, 0. , 0. , 0. , 0. ],
        [0. , 0. , 0. , 0. , 0. , 0. , 0. , 0. , 0. ],
        [0.3, 0. , 0. , 0. , 0. , 0. , 0. , 0. , 0. ],
        [0. , 0. , 0. , 0. , 0. , 0. , 0. , 0. , 0. ],
        [0. , 0. , 0. , 0.3, 0.3, 0.3, 0. , 0. , 0.2]],

       [[0. , 0. , 0. , 0. , 0. , 0. , 0. , 0. , 0. ],
        [0. , 0. , 0. , 0. , 0. , 0. , 0. , 0. , 0. ],
        [0. , 0. , 0. , 0. , 0. , 0. , 0. , 0. , 0. ],
        [0. , 0. , 0. , 0. , 0. , 0. , 0. , 0. , 0. ],
        [0. , 0. , 0. , 0. , 0. , 0. , 0. , 0. , 0. ],
        [0. , 0. , 0. , 0. , 0. , 0. , 0. , 0. , 0. ],
        [0. , 0. , 0. , 0. , 0. , 0. , 0. , 0. , 0. ],
        [0. , 0. , 0. , 0. , 0. , 0. , 0. , 0. , 0. ],
        [0. , 0. , 0. , 0. , 0. , 0. , 0. , 0. , 0. ]]], dtype=float32),
                 move_feats=[array([0., 0., 0., 3., 0., 1.], dtype=float32)],
                 pi=[1.0],
                 z=-1.0),
 SelfPlayExample(state_tensor=array([[[1. , 0. , 1. , 1. , 1. , 1. , 1. , 0. , 1. ],
        [0. , 1. , 0. , 0. , 0. , 0. , 0. , 1. , 0. ],
        [1. , 0. , 1. , 0. , 0. , 0. , 1. , 0. , 1. ],
        [1. , 0. , 0. , 1. , 0. , 1. , 0. , 0. , 1. ],
        [1. , 0. , 0. , 0. , 1. , 0. , 0. , 0. , 1. ],
        [1. , 0. , 0. , 1. , 0. , 1. , 0. , 0. , 1. ],
        [1. , 0. , 1. , 0. , 0. , 0. , 1. , 0. , 1. ],
        [0. , 1. , 0. , 0. , 0. , 0. , 0. , 1. , 0. ],
        [1. , 0. , 1. , 1. , 1. , 1. , 1. , 0. , 1. ]],

       [[1. , 0. , 1. , 0. , 0. , 0. , 0. , 0. , 0. ],
        [0. , 1. , 0. , 0. , 0. , 0. , 0. , 0. , 0. ],
        [1. , 0. , 1. , 0. , 0. , 0. , 0. , 0. , 0. ],
        [0. , 0. , 0. , 1. , 0. , 0. , 0. , 0. , 0. ],
        [0. , 0. , 0. , 0. , 0. , 0. , 0. , 0. , 0. ],
        [0. , 0. , 0. , 0. , 0. , 0. , 0. , 0. , 0. ],
        [0. , 0. , 0. , 0. , 0. , 0. , 0. , 0. , 0. ],
        [0. , 0. , 0. , 0. , 0. , 0. , 0. , 0. , 0. ],
        [0. , 0. , 0. , 0. , 0. , 0. , 0. , 0. , 0. ]],

       [[0. , 0. , 0. , 1. , 1. , 1. , 1. , 0. , 1. ],
        [0. , 0. , 0. , 0. , 0. , 0. , 0. , 1. , 0. ],
        [0. , 0. , 0. , 0. , 0. , 0. , 1. , 0. , 1. ],
        [0. , 0. , 0. , 0. , 0. , 1. , 0. , 0. , 1. ],
        [0. , 0. , 0. , 0. , 0. , 0. , 0. , 0. , 1. ],
        [0. , 0. , 0. , 0. , 0. , 0. , 0. , 0. , 1. ],
        [0. , 0. , 0. , 0. , 0. , 0. , 0. , 0. , 0. ],
        [0. , 0. , 0. , 0. , 0. , 0. , 0. , 0. , 0. ],
        [0. , 0. , 0. , 0. , 0. , 0. , 0. , 0. , 0. ]],

       [[0. , 0. , 0. , 0. , 0. , 0. , 0. , 0. , 0. ],
        [0. , 0. , 0. , 0. , 0. , 0. , 0. , 0. , 0. ],
        [0. , 0. , 0. , 0. , 0. , 0. , 0. , 0. , 0. ],
        [0. , 0. , 0. , 0. , 0. , 0. , 0. , 0. , 0. ],
        [0. , 0. , 0. , 0. , 0. , 0. , 0. , 0. , 0. ],
        [0. , 0. , 0. , 0. , 0. , 0. , 0. , 0. , 0. ],
        [0. , 0. , 0. , 0. , 0. , 0. , 1. , 0. , 1. ],
        [0. , 0. , 0. , 0. , 0. , 0. , 0. , 1. , 0. ],
        [0. , 0. , 0. , 0. , 0. , 0. , 1. , 0. , 1. ]],

       [[0. , 0. , 0. , 0. , 0. , 0. , 0. , 0. , 0. ],
        [0. , 0. , 0. , 0. , 0. , 0. , 0. , 0. , 0. ],
        [0. , 0. , 0. , 0. , 0. , 0. , 0. , 0. , 0. ],
        [1. , 0. , 0. , 0. , 0. , 0. , 0. , 0. , 0. ],
        [1. , 0. , 0. , 0. , 1. , 0. , 0. , 0. , 0. ],
        [1. , 0. , 0. , 1. , 0. , 1. , 0. , 0. , 0. ],
        [1. , 0. , 1. , 0. , 0. , 0. , 0. , 0. , 0. ],
        [0. , 1. , 0. , 0. , 0. , 0. , 0. , 0. , 0. ],
        [1. , 0. , 1. , 1. , 1. , 1. , 0. , 0. , 0. ]],

       [[1. , 0. , 0. , 0. , 0. , 0. , 0. , 0. , 1. ],
        [0. , 0. , 0. , 0. , 0. , 0. , 0. , 0. , 0. ],
        [0. , 0. , 0. , 0. , 0. , 0. , 0. , 0. , 0. ],
        [0. , 0. , 0. , 0. , 0. , 0. , 0. , 0. , 0. ],
        [0. , 0. , 0. , 0. , 0. , 0. , 0. , 0. , 0. ],
        [0. , 0. , 0. , 0. , 0. , 0. , 0. , 0. , 0. ],
        [0. , 0. , 0. , 0. , 0. , 0. , 0. , 0. , 0. ],
        [0. , 0. , 0. , 0. , 0. , 0. , 0. , 0. , 0. ],
        [1. , 0. , 0. , 0. , 0. , 0. , 0. , 0. , 1. ]],

       [[2. , 0. , 0.4, 0.4, 0.4, 0.4, 0.4, 0. , 2. ],
        [0. , 0.4, 0. , 0. , 0. , 0. , 0. , 0.4, 0. ],
        [0.4, 0. , 0.4, 0. , 0. , 0. , 0.4, 0. , 0.4],
        [0.4, 0. , 0. , 0.4, 0. , 0.4, 0. , 0. , 0.4],
        [0.4, 0. , 0. , 0. , 3. , 0. , 0. , 0. , 0.4],
        [0.4, 0. , 0. , 0.4, 0. , 0.4, 0. , 0. , 0.4],
        [0.4, 0. , 0.4, 0. , 0. , 0. , 0.4, 0. , 0.4],
        [0. , 0.4, 0. , 0. , 0. , 0. , 0. , 0.4, 0. ],
        [2. , 0. , 0.4, 0.4, 0.4, 0.4, 0.4, 0. , 2. ]],

       [[0.6, 0. , 0. , 0.3, 0.3, 0.3, 0. , 0. , 1.1],
        [0. , 0.6, 0. , 0. , 0. , 0. , 0. , 0.6, 0. ],
        [0.8, 0. , 0. , 0. , 0. , 0. , 0. , 0. , 1.1],
        [0.7, 0. , 0. , 0.1, 0. , 0. , 0. , 0. , 1.1],
        [0.7, 0. , 0. , 0. , 0.1, 0. , 0. , 0. , 1.1],
        [0.7, 0. , 0. , 0. , 0. , 0.6, 0. , 0. , 1.1],
        [0.4, 0. , 0. , 0. , 0. , 0. , 0. , 0. , 0. ],
        [0. , 0.8, 0. , 0. , 0. , 0. , 0. , 0.4, 0. ],
        [1.1, 0. , 0. , 0.2, 0.2, 0.2, 0.5, 0. , 0.6]],

       [[0.1, 0. , 0. , 0. , 0. , 0. , 0. , 0. , 0.4],
        [0. , 0.2, 0. , 0. , 0. , 0. , 0. , 0.2, 0. ],
        [0.5, 0. , 0. , 0. , 0. , 0. , 0. , 0. , 0.3],
        [0.3, 0. , 0. , 0.1, 0. , 0. , 0. , 0. , 0.9],
        [0.3, 0. , 0. , 0. , 0.1, 0. , 0. , 0. , 0.9],
        [0.3, 0. , 0. , 0. , 0. , 0. , 0. , 0. , 0.9],
        [0.3, 0. , 0. , 0. , 0. , 0. , 0. , 0. , 0. ],
        [0. , 0.6, 0. , 0. , 0. , 0. , 0. , 0.4, 0. ],
        [0.4, 0. , 0. , 0. , 0. , 0. , 0.3, 0. , 0.1]],

       [[0.1, 0. , 0. , 0.1, 0.1, 0.1, 0. , 0. , 0.5],
        [0. , 0.4, 0. , 0. , 0. , 0. , 0. , 0.4, 0. ],
        [0.2, 0. , 0. , 0. , 0. , 0. , 0. , 0. , 0.5],
        [0.1, 0. , 0. , 0. , 0. , 0. , 0. , 0. , 0. ],
        [0.1, 0. , 0. , 0. , 0. , 0. , 0. , 0. , 0. ],
        [0.1, 0. , 0. , 0. , 0. , 0.2, 0. , 0. , 0. ],
        [0.1, 0. , 0. , 0. , 0. , 0. , 0. , 0. , 0. ],
        [0. , 0.2, 0. , 0. , 0. , 0. , 0. , 0. , 0. ],
        [0.3, 0. , 0. , 0. , 0. , 0. , 0. , 0. , 0.1]],

       [[0.3, 0. , 0. , 0.2, 0.2, 0.2, 0. , 0. , 0.1],
        [0. , 0. , 0. , 0. , 0. , 0. , 0. , 0. , 0. ],
        [0.1, 0. , 0. , 0. , 0. , 0. , 0. , 0. , 0.3],
        [0.3, 0. , 0. , 0. , 0. , 0. , 0. , 0. , 0.2],
        [0.3, 0. , 0. , 0. , 0. , 0. , 0. , 0. , 0.2],
        [0.3, 0. , 0. , 0. , 0. , 0.4, 0. , 0. , 0.2],
        [0. , 0. , 0. , 0. , 0. , 0. , 0. , 0. , 0. ],
        [0. , 0. , 0. , 0. , 0. , 0. , 0. , 0. , 0. ],
        [0.3, 0. , 0. , 0.2, 0.2, 0.2, 0.2, 0. , 0.3]],

       [[0. , 0. , 0. , 0. , 0. , 0. , 0. , 0. , 0. ],
        [0. , 0. , 0. , 0. , 0. , 0. , 0. , 0. , 0. ],
        [0. , 0. , 0. , 0. , 0. , 0. , 0. , 0. , 0. ],
        [0. , 0. , 0. , 0. , 0. , 0. , 0. , 0. , 0. ],
        [0. , 0. , 0. , 0. , 0. , 0. , 0. , 0. , 0. ],
        [0. , 0. , 0. , 0. , 0. , 0. , 0. , 0. , 0. ],
        [0. , 0. , 0. , 0. , 0. , 0. , 0. , 0. , 0. ],
        [0. , 0. , 0. , 0. , 0. , 0. , 0. , 0. , 0. ],
        [0. , 0. , 0. , 0. , 0. , 0. , 0. , 0. , 0. ]]], dtype=float32),
                 move_feats=[array([0.1, 0.1, 0. , 3. , 0.2, 0. ], dtype=float32),
                             array([0., 0., 0., 3., 0., 1.], dtype=float32)],
                 pi=[0.500542888165038, 0.499457111834962],
                 z=-1.0),
 SelfPlayExample(state_tensor=array([[[1. , 0. , 1. , 1. , 1. , 1. , 1. , 0. , 1. ],
        [0. , 1. , 0. , 0. , 0. , 0. , 0. , 1. , 0. ],
        [1. , 0. , 1. , 0. , 0. , 0. , 1. , 0. , 1. ],
        [1. , 0. , 0. , 1. , 0. , 1. , 0. , 0. , 1. ],
        [1. , 0. , 0. , 0. , 1. , 0. , 0. , 0. , 1. ],
        [1. , 0. , 0. , 1. , 0. , 1. , 0. , 0. , 1. ],
        [1. , 0. , 1. , 0. , 0. , 0. , 1. , 0. , 1. ],
        [0. , 1. , 0. , 0. , 0. , 0. , 0. , 1. , 0. ],
        [1. , 0. , 1. , 1. , 1. , 1. , 1. , 0. , 1. ]],

       [[1. , 0. , 1. , 0. , 0. , 0. , 0. , 0. , 0. ],
        [0. , 1. , 0. , 0. , 0. , 0. , 0. , 0. , 0. ],
        [1. , 0. , 1. , 0. , 0. , 0. , 0. , 0. , 0. ],
        [0. , 0. , 0. , 0. , 0. , 0. , 0. , 0. , 0. ],
        [0. , 0. , 0. , 0. , 0. , 0. , 0. , 0. , 0. ],
        [0. , 0. , 0. , 0. , 0. , 0. , 0. , 0. , 0. ],
        [0. , 0. , 0. , 0. , 0. , 0. , 0. , 0. , 0. ],
        [0. , 0. , 0. , 0. , 0. , 0. , 0. , 0. , 0. ],
        [0. , 0. , 0. , 0. , 0. , 0. , 0. , 0. , 0. ]],

       [[0. , 0. , 0. , 1. , 1. , 1. , 1. , 0. , 1. ],
        [0. , 0. , 0. , 0. , 0. , 0. , 0. , 1. , 0. ],
        [0. , 0. , 0. , 0. , 0. , 0. , 1. , 0. , 1. ],
        [0. , 0. , 0. , 0. , 0. , 1. , 0. , 0. , 1. ],
        [0. , 0. , 0. , 0. , 0. , 0. , 0. , 0. , 1. ],
        [0. , 0. , 0. , 0. , 0. , 0. , 0. , 0. , 1. ],
        [0. , 0. , 0. , 0. , 0. , 0. , 0. , 0. , 1. ],
        [0. , 0. , 0. , 0. , 0. , 0. , 0. , 0. , 0. ],
        [0. , 0. , 0. , 0. , 0. , 0. , 0. , 0. , 0. ]],

       [[0. , 0. , 0. , 0. , 0. , 0. , 0. , 0. , 0. ],
        [0. , 0. , 0. , 0. , 0. , 0. , 0. , 0. , 0. ],
        [0. , 0. , 0. , 0. , 0. , 0. , 0. , 0. , 0. ],
        [0. , 0. , 0. , 0. , 0. , 0. , 0. , 0. , 0. ],
        [0. , 0. , 0. , 0. , 0. , 0. , 0. , 0. , 0. ],
        [0. , 0. , 0. , 0. , 0. , 0. , 0. , 0. , 0. ],
        [0. , 0. , 0. , 0. , 0. , 0. , 0. , 0. , 0. ],
        [0. , 0. , 0. , 0. , 0. , 0. , 0. , 1. , 0. ],
        [0. , 0. , 0. , 1. , 1. , 1. , 1. , 0. , 1. ]],

       [[0. , 0. , 0. , 0. , 0. , 0. , 0. , 0. , 0. ],
        [0. , 0. , 0. , 0. , 0. , 0. , 0. , 0. , 0. ],
        [0. , 0. , 0. , 0. , 0. , 0. , 0. , 0. , 0. ],
        [1. , 0. , 0. , 1. , 0. , 0. , 0. , 0. , 0. ],
        [1. , 0. , 0. , 0. , 1. , 0. , 0. , 0. , 0. ],
        [1. , 0. , 0. , 1. , 0. , 1. , 0. , 0. , 0. ],
        [1. , 0. , 1. , 0. , 0. , 0. , 1. , 0. , 0. ],
        [0. , 1. , 0. , 0. , 0. , 0. , 0. , 0. , 0. ],
        [1. , 0. , 1. , 0. , 0. , 0. , 0. , 0. , 0. ]],

       [[1. , 0. , 0. , 0. , 0. , 0. , 0. , 0. , 1. ],
        [0. , 0. , 0. , 0. , 0. , 0. , 0. , 0. , 0. ],
        [0. , 0. , 0. , 0. , 0. , 0. , 0. , 0. , 0. ],
        [0. , 0. , 0. , 0. , 0. , 0. , 0. , 0. , 0. ],
        [0. , 0. , 0. , 0. , 0. , 0. , 0. , 0. , 0. ],
        [0. , 0. , 0. , 0. , 0. , 0. , 0. , 0. , 0. ],
        [0. , 0. , 0. , 0. , 0. , 0. , 0. , 0. , 0. ],
        [0. , 0. , 0. , 0. , 0. , 0. , 0. , 0. , 0. ],
        [1. , 0. , 0. , 0. , 0. , 0. , 0. , 0. , 1. ]],

       [[2. , 0. , 0.4, 0.4, 0.4, 0.4, 0.4, 0. , 2. ],
        [0. , 0.4, 0. , 0. , 0. , 0. , 0. , 0.4, 0. ],
        [0.4, 0. , 0.4, 0. , 0. , 0. , 0.4, 0. , 0.4],
        [0.4, 0. , 0. , 0.4, 0. , 0.4, 0. , 0. , 0.4],
        [0.4, 0. , 0. , 0. , 3. , 0. , 0. , 0. , 0.4],
        [0.4, 0. , 0. , 0.4, 0. , 0.4, 0. , 0. , 0.4],
        [0.4, 0. , 0.4, 0. , 0. , 0. , 0.4, 0. , 0.4],
        [0. , 0.4, 0. , 0. , 0. , 0. , 0. , 0.4, 0. ],
        [2. , 0. , 0.4, 0.4, 0.4, 0.4, 0.4, 0. , 2. ]],

       [[0.6, 0. , 0.9, 0.3, 0.3, 0.3, 0.7, 0. , 0.8],
        [0. , 0.2, 0. , 0. , 0. , 0. , 0. , 0.9, 0. ],
        [0.5, 0. , 0. , 0. , 0. , 0. , 0. , 0. , 0. ],
        [1. , 0. , 0. , 0.5, 0. , 0. , 0. , 0. , 0.8],
        [1. , 0. , 0. , 0. , 0. , 0. , 0. , 0. , 0.8],
        [1. , 0. , 0. , 0. , 0. , 0. , 0. , 0. , 0.8],
        [0. , 0. , 0. , 0. , 0. , 0. , 0.2, 0. , 1.2],
        [0. , 0.7, 0. , 0. , 0. , 0. , 0. , 0.8, 0. ],
        [1.3, 0. , 1.1, 0.5, 0.5, 0.5, 0. , 0. , 0.5]],

       [[0. , 0. , 0.2, 0. , 0. , 0. , 0.2, 0. , 0.3],
        [0. , 0.1, 0. , 0. , 0. , 0. , 0. , 0.4, 0. ],
        [0.5, 0. , 0. , 0. , 0. , 0. , 0. , 0. , 0. ],
        [0.5, 0. , 0. , 0.1, 0. , 0. , 0. , 0. , 0.3],
        [0.5, 0. , 0. , 0. , 0. , 0. , 0. , 0. , 0.3],
        [0.5, 0. , 0. , 0. , 0. , 0. , 0. , 0. , 0.3],
        [0. , 0. , 0. , 0. , 0. , 0. , 0. , 0. , 0.7],
        [0. , 0.4, 0. , 0. , 0. , 0. , 0. , 0.4, 0. ],
        [0.9, 0. , 0.6, 0.3, 0.3, 0.3, 0. , 0. , 0. ]],

       [[0.3, 0. , 0.4, 0.1, 0.1, 0.1, 0.4, 0. , 0.3],
        [0. , 0.1, 0. , 0. , 0. , 0. , 0. , 0.5, 0. ],
        [0. , 0. , 0. , 0. , 0. , 0. , 0. , 0. , 0. ],
        [0.2, 0. , 0. , 0. , 0. , 0. , 0. , 0. , 0.5],
        [0.2, 0. , 0. , 0. , 0. , 0. , 0. , 0. , 0.5],
        [0.2, 0. , 0. , 0. , 0. , 0. , 0. , 0. , 0.5],
        [0. , 0. , 0. , 0. , 0. , 0. , 0.2, 0. , 0. ],
        [0. , 0.3, 0. , 0. , 0. , 0. , 0. , 0.1, 0. ],
        [0.1, 0. , 0.2, 0. , 0. , 0. , 0. , 0. , 0. ]],

       [[0.2, 0. , 0.3, 0.2, 0.2, 0.2, 0.1, 0. , 0.1],
        [0. , 0. , 0. , 0. , 0. , 0. , 0. , 0. , 0. ],
        [0. , 0. , 0. , 0. , 0. , 0. , 0. , 0. , 0. ],
        [0.3, 0. , 0. , 0.4, 0. , 0. , 0. , 0. , 0. ],
        [0.3, 0. , 0. , 0. , 0. , 0. , 0. , 0. , 0. ],
        [0.3, 0. , 0. , 0. , 0. , 0. , 0. , 0. , 0. ],
        [0. , 0. , 0. , 0. , 0. , 0. , 0. , 0. , 0.5],
        [0. , 0. , 0. , 0. , 0. , 0. , 0. , 0.3, 0. ],
        [0.2, 0. , 0.3, 0.2, 0.2, 0.2, 0. , 0. , 0.4]],

       [[0. , 0. , 0. , 0. , 0. , 0. , 0. , 0. , 0. ],
        [0. , 0. , 0. , 0. , 0. , 0. , 0. , 0. , 0. ],
        [0. , 0. , 0. , 0. , 0. , 0. , 0. , 0. , 0. ],
        [0. , 0. , 0. , 0. , 0. , 0. , 0. , 0. , 0. ],
        [0. , 0. , 0. , 0. , 0. , 0. , 0. , 0. , 0. ],
        [0. , 0. , 0. , 0. , 0. , 0. , 0. , 0. , 0. ],
        [0. , 0. , 0. , 0. , 0. , 0. , 0. , 0. , 0. ],
        [0. , 0. , 0. , 0. , 0. , 0. , 0. , 0. , 0. ],
        [0. , 0. , 0. , 0. , 0. , 0. , 0. , 0. , 0. ]]], dtype=float32),
                 move_feats=[array([0. , 0. , 0. , 0.4, 0. , 1. ], dtype=float32)],
                 pi=[1.0],
                 z=-1.0),
 SelfPlayExample(state_tensor=array([[[1. , 0. , 1. , 1. , 1. , 1. , 1. , 0. , 1. ],
        [0. , 1. , 0. , 0. , 0. , 0. , 0. , 1. , 0. ],
        [1. , 0. , 1. , 0. , 0. , 0. , 1. , 0. , 1. ],
        [1. , 0. , 0. , 1. , 0. , 1. , 0. , 0. , 1. ],
        [1. , 0. , 0. , 0. , 1. , 0. , 0. , 0. , 1. ],
        [1. , 0. , 0. , 1. , 0. , 1. , 0. , 0. , 1. ],
        [1. , 0. , 1. , 0. , 0. , 0. , 1. , 0. , 1. ],
        [0. , 1. , 0. , 0. , 0. , 0. , 0. , 1. , 0. ],
        [1. , 0. , 1. , 1. , 1. , 1. , 1. , 0. , 1. ]],

       [[1. , 0. , 1. , 0. , 0. , 0. , 0. , 0. , 0. ],
        [0. , 1. , 0. , 0. , 0. , 0. , 0. , 0. , 0. ],
        [0. , 0. , 1. , 0. , 0. , 0. , 0. , 0. , 0. ],
        [0. , 0. , 0. , 0. , 0. , 0. , 0. , 0. , 0. ],
        [0. , 0. , 0. , 0. , 0. , 0. , 0. , 0. , 0. ],
        [0. , 0. , 0. , 0. , 0. , 0. , 0. , 0. , 0. ],
        [0. , 0. , 0. , 0. , 0. , 0. , 0. , 0. , 0. ],
        [0. , 0. , 0. , 0. , 0. , 0. , 0. , 0. , 0. ],
        [0. , 0. , 0. , 0. , 0. , 0. , 0. , 0. , 0. ]],

       [[0. , 0. , 0. , 1. , 1. , 1. , 1. , 0. , 1. ],
        [0. , 0. , 0. , 0. , 0. , 0. , 0. , 1. , 0. ],
        [0. , 0. , 0. , 0. , 0. , 0. , 1. , 0. , 1. ],
        [0. , 0. , 0. , 0. , 0. , 0. , 0. , 0. , 1. ],
        [0. , 0. , 0. , 0. , 0. , 0. , 0. , 0. , 1. ],
        [0. , 0. , 0. , 0. , 0. , 0. , 0. , 0. , 1. ],
        [0. , 0. , 0. , 0. , 0. , 0. , 0. , 0. , 1. ],
        [0. , 0. , 0. , 0. , 0. , 0. , 0. , 1. , 0. ],
        [0. , 0. , 0. , 0. , 0. , 0. , 0. , 0. , 0. ]],

       [[0. , 0. , 0. , 0. , 0. , 0. , 0. , 0. , 0. ],
        [0. , 0. , 0. , 0. , 0. , 0. , 0. , 0. , 0. ],
        [0. , 0. , 0. , 0. , 0. , 0. , 0. , 0. , 0. ],
        [0. , 0. , 0. , 0. , 0. , 0. , 0. , 0. , 0. ],
        [0. , 0. , 0. , 0. , 0. , 0. , 0. , 0. , 0. ],
        [0. , 0. , 0. , 0. , 0. , 0. , 0. , 0. , 0. ],
        [0. , 0. , 0. , 0. , 0. , 0. , 0. , 0. , 0. ],
        [0. , 0. , 0. , 0. , 0. , 0. , 0. , 0. , 0. ],
        [0. , 0. , 0. , 0. , 0. , 0. , 1. , 0. , 1. ]],

       [[0. , 0. , 0. , 0. , 0. , 0. , 0. , 0. , 0. ],
        [0. , 0. , 0. , 0. , 0. , 0. , 0. , 0. , 0. ],
        [1. , 0. , 0. , 0. , 0. , 0. , 0. , 0. , 0. ],
        [1. , 0. , 0. , 1. , 0. , 1. , 0. , 0. , 0. ],
        [1. , 0. , 0. , 0. , 1. , 0. , 0. , 0. , 0. ],
        [1. , 0. , 0. , 1. , 0. , 1. , 0. , 0. , 0. ],
        [1. , 0. , 1. , 0. , 0. , 0. , 1. , 0. , 0. ],
        [0. , 1. , 0. , 0. , 0. , 0. , 0. , 0. , 0. ],
        [1. , 0. , 1. , 1. , 1. , 1. , 0. , 0. , 0. ]],

       [[1. , 0. , 0. , 0. , 0. , 0. , 0. , 0. , 1. ],
        [0. , 0. , 0. , 0. , 0. , 0. , 0. , 0. , 0. ],
        [0. , 0. , 0. , 0. , 0. , 0. , 0. , 0. , 0. ],
        [0. , 0. , 0. , 0. , 0. , 0. , 0. , 0. , 0. ],
        [0. , 0. , 0. , 0. , 0. , 0. , 0. , 0. , 0. ],
        [0. , 0. , 0. , 0. , 0. , 0. , 0. , 0. , 0. ],
        [0. , 0. , 0. , 0. , 0. , 0. , 0. , 0. , 0. ],
        [0. , 0. , 0. , 0. , 0. , 0. , 0. , 0. , 0. ],
        [1. , 0. , 0. , 0. , 0. , 0. , 0. , 0. , 1. ]],

       [[2. , 0. , 0.4, 0.4, 0.4, 0.4, 0.4, 0. , 2. ],
        [0. , 0.4, 0. , 0. , 0. , 0. , 0. , 0.4, 0. ],
        [0.4, 0. , 0.4, 0. , 0. , 0. , 0.4, 0. , 0.4],
        [0.4, 0. , 0. , 0.4, 0. , 0.4, 0. , 0. , 0.4],
        [0.4, 0. , 0. , 0. , 3. , 0. , 0. , 0. , 0.4],
        [0.4, 0. , 0. , 0.4, 0. , 0.4, 0. , 0. , 0.4],
        [0.4, 0. , 0.4, 0. , 0. , 0. , 0.4, 0. , 0.4],
        [0. , 0.4, 0. , 0. , 0. , 0. , 0. , 0.4, 0. ],
        [2. , 0. , 0.4, 0.4, 0.4, 0.4, 0.4, 0. , 2. ]],

       [[0.7, 0. , 0.6, 0.8, 0.8, 0.8, 1. , 0. , 0.7],
        [0. , 0.3, 0. , 0. , 0. , 0. , 0. , 0.6, 0. ],
        [0.7, 0. , 0.4, 0. , 0. , 0. , 0. , 0. , 0. ],
        [0. , 0. , 0. , 0.1, 0. , 0.4, 0. , 0. , 0. ],
        [0. , 0. , 0. , 0. , 0. , 0. , 0. , 0. , 0. ],
        [0. , 0. , 0. , 0. , 0. , 0. , 0. , 0. , 0. ],
        [0. , 0. , 0. , 0. , 0. , 0. , 0.2, 0. , 0.8],
        [0. , 1. , 0. , 0. , 0. , 0. , 0. , 0.9, 0. ],
        [1.3, 0. , 0.9, 0.9, 0.9, 0.9, 0. , 0. , 1. ]],

       [[0.5, 0. , 0. , 0.2, 0.2, 0.2, 0.4, 0. , 0.2],
        [0. , 0. , 0. , 0. , 0. , 0. , 0. , 0.3, 0. ],
        [0.2, 0. , 0.1, 0. , 0. , 0. , 0. , 0. , 0. ],
        [0. , 0. , 0. , 0.1, 0. , 0. , 0. , 0. , 0. ],
        [0. , 0. , 0. , 0. , 0. , 0. , 0. , 0. , 0. ],
        [0. , 0. , 0. , 0. , 0. , 0. , 0. , 0. , 0. ],
        [0. , 0. , 0. , 0. , 0. , 0. , 0. , 0. , 0.3],
        [0. , 0.9, 0. , 0. , 0. , 0. , 0. , 0.4, 0. ],
        [0.6, 0. , 0.4, 0.4, 0.4, 0.4, 0. , 0. , 0.2]],

       [[0. , 0. , 0.3, 0.4, 0.4, 0.4, 0.5, 0. , 0. ],
        [0. , 0.3, 0. , 0. , 0. , 0. , 0. , 0.3, 0. ],
        [0.2, 0. , 0.1, 0. , 0. , 0. , 0. , 0. , 0. ],
        [0. , 0. , 0. , 0. , 0. , 0. , 0. , 0. , 0. ],
        [0. , 0. , 0. , 0. , 0. , 0. , 0. , 0. , 0. ],
        [0. , 0. , 0. , 0. , 0. , 0. , 0. , 0. , 0. ],
        [0. , 0. , 0. , 0. , 0. , 0. , 0.2, 0. , 0.5],
        [0. , 0.1, 0. , 0. , 0. , 0. , 0. , 0. , 0. ],
        [0.5, 0. , 0.3, 0.2, 0.2, 0.2, 0. , 0. , 0.3]],

       [[0.1, 0. , 0.3, 0.2, 0.2, 0.2, 0.1, 0. , 0.4],
        [0. , 0. , 0. , 0. , 0. , 0. , 0. , 0. , 0. ],
        [0.3, 0. , 0.2, 0. , 0. , 0. , 0. , 0. , 0. ],
        [0. , 0. , 0. , 0. , 0. , 0.4, 0. , 0. , 0. ],
        [0. , 0. , 0. , 0. , 0. , 0. , 0. , 0. , 0. ],
        [0. , 0. , 0. , 0. , 0. , 0. , 0. , 0. , 0. ],
        [0. , 0. , 0. , 0. , 0. , 0. , 0. , 0. , 0. ],
        [0. , 0. , 0. , 0. , 0. , 0. , 0. , 0.5, 0. ],
        [0.1, 0. , 0.2, 0.3, 0.3, 0.3, 0. , 0. , 0.4]],

       [[0. , 0. , 0. , 0. , 0. , 0. , 0. , 0. , 0. ],
        [0. , 0. , 0. , 0. , 0. , 0. , 0. , 0. , 0. ],
        [0. , 0. , 0. , 0. , 0. , 0. , 0. , 0. , 0. ],
        [0. , 0. , 0. , 0. , 0. , 0. , 0. , 0. , 0. ],
        [0. , 0. , 0. , 0. , 0. , 0. , 0. , 0. , 0. ],
        [0. , 0. , 0. , 0. , 0. , 0. , 0. , 0. , 0. ],
        [0. , 0. , 0. , 0. , 0. , 0. , 0. , 0. , 0. ],
        [0. , 0. , 0. , 0. , 0. , 0. , 0. , 0. , 0. ],
        [0. , 0. , 0. , 0. , 0. , 0. , 0. , 0. , 0. ]]], dtype=float32),
                 move_feats=[array([1.5, 0.6, 0. , 0.4, 0.4, 0. ], dtype=float32),
                             array([0.9, 0.3, 0. , 0.4, 0.2, 0. ], dtype=float32),
                             array([0. , 0. , 0. , 0.4, 0. , 1. ], dtype=float32)],
                 pi=[0.3273231622746186,
                     0.42302357836338417,
                     0.24965325936199723],
                 z=-1.0),
 SelfPlayExample(state_tensor=array([[[1. , 0. , 1. , 1. , 1. , 1. , 1. , 0. , 1. ],
        [0. , 1. , 0. , 0. , 0. , 0. , 0. , 1. , 0. ],
        [1. , 0. , 1. , 0. , 0. , 0. , 1. , 0. , 1. ],
        [1. , 0. , 0. , 1. , 0. , 1. , 0. , 0. , 1. ],
        [1. , 0. , 0. , 0. , 1. , 0. , 0. , 0. , 1. ],
        [1. , 0. , 0. , 1. , 0. , 1. , 0. , 0. , 1. ],
        [1. , 0. , 1. , 0. , 0. , 0. , 1. , 0. , 1. ],
        [0. , 1. , 0. , 0. , 0. , 0. , 0. , 1. , 0. ],
        [1. , 0. , 1. , 1. , 1. , 1. , 1. , 0. , 1. ]],

       [[1. , 0. , 0. , 0. , 0. , 0. , 0. , 0. , 0. ],
        [0. , 1. , 0. , 0. , 0. , 0. , 0. , 0. , 0. ],
        [0. , 0. , 1. , 0. , 0. , 0. , 0. , 0. , 0. ],
        [0. , 0. , 0. , 1. , 0. , 0. , 0. , 0. , 0. ],
        [0. , 0. , 0. , 0. , 0. , 0. , 0. , 0. , 0. ],
        [0. , 0. , 0. , 0. , 0. , 0. , 0. , 0. , 0. ],
        [0. , 0. , 0. , 0. , 0. , 0. , 0. , 0. , 0. ],
        [0. , 0. , 0. , 0. , 0. , 0. , 0. , 0. , 0. ],
        [0. , 0. , 0. , 0. , 0. , 0. , 0. , 0. , 0. ]],

       [[0. , 0. , 1. , 1. , 1. , 1. , 1. , 0. , 1. ],
        [0. , 0. , 0. , 0. , 0. , 0. , 0. , 1. , 0. ],
        [0. , 0. , 0. , 0. , 0. , 0. , 1. , 0. , 1. ],
        [0. , 0. , 0. , 0. , 0. , 0. , 0. , 0. , 1. ],
        [0. , 0. , 0. , 0. , 0. , 0. , 0. , 0. , 1. ],
        [0. , 0. , 0. , 0. , 0. , 0. , 0. , 0. , 1. ],
        [0. , 0. , 0. , 0. , 0. , 0. , 0. , 0. , 1. ],
        [0. , 0. , 0. , 0. , 0. , 0. , 0. , 1. , 0. ],
        [0. , 0. , 0. , 0. , 0. , 0. , 0. , 0. , 0. ]],

       [[0. , 0. , 0. , 0. , 0. , 0. , 0. , 0. , 0. ],
        [0. , 0. , 0. , 0. , 0. , 0. , 0. , 0. , 0. ],
        [0. , 0. , 0. , 0. , 0. , 0. , 0. , 0. , 0. ],
        [0. , 0. , 0. , 0. , 0. , 0. , 0. , 0. , 0. ],
        [0. , 0. , 0. , 0. , 0. , 0. , 0. , 0. , 0. ],
        [0. , 0. , 0. , 0. , 0. , 0. , 0. , 0. , 0. ],
        [0. , 0. , 0. , 0. , 0. , 0. , 0. , 0. , 0. ],
        [0. , 0. , 0. , 0. , 0. , 0. , 0. , 0. , 0. ],
        [0. , 0. , 0. , 0. , 0. , 0. , 1. , 0. , 1. ]],

       [[0. , 0. , 0. , 0. , 0. , 0. , 0. , 0. , 0. ],
        [0. , 0. , 0. , 0. , 0. , 0. , 0. , 0. , 0. ],
        [1. , 0. , 0. , 0. , 0. , 0. , 0. , 0. , 0. ],
        [1. , 0. , 0. , 0. , 0. , 1. , 0. , 0. , 0. ],
        [1. , 0. , 0. , 0. , 1. , 0. , 0. , 0. , 0. ],
        [1. , 0. , 0. , 1. , 0. , 1. , 0. , 0. , 0. ],
        [1. , 0. , 1. , 0. , 0. , 0. , 1. , 0. , 0. ],
        [0. , 1. , 0. , 0. , 0. , 0. , 0. , 0. , 0. ],
        [1. , 0. , 1. , 1. , 1. , 1. , 0. , 0. , 0. ]],

       [[1. , 0. , 0. , 0. , 0. , 0. , 0. , 0. , 1. ],
        [0. , 0. , 0. , 0. , 0. , 0. , 0. , 0. , 0. ],
        [0. , 0. , 0. , 0. , 0. , 0. , 0. , 0. , 0. ],
        [0. , 0. , 0. , 0. , 0. , 0. , 0. , 0. , 0. ],
        [0. , 0. , 0. , 0. , 0. , 0. , 0. , 0. , 0. ],
        [0. , 0. , 0. , 0. , 0. , 0. , 0. , 0. , 0. ],
        [0. , 0. , 0. , 0. , 0. , 0. , 0. , 0. , 0. ],
        [0. , 0. , 0. , 0. , 0. , 0. , 0. , 0. , 0. ],
        [1. , 0. , 0. , 0. , 0. , 0. , 0. , 0. , 1. ]],

       [[2. , 0. , 0.4, 0.4, 0.4, 0.4, 0.4, 0. , 2. ],
        [0. , 0.4, 0. , 0. , 0. , 0. , 0. , 0.4, 0. ],
        [0.4, 0. , 0.4, 0. , 0. , 0. , 0.4, 0. , 0.4],
        [0.4, 0. , 0. , 0.4, 0. , 0.4, 0. , 0. , 0.4],
        [0.4, 0. , 0. , 0. , 3. , 0. , 0. , 0. , 0.4],
        [0.4, 0. , 0. , 0.4, 0. , 0.4, 0. , 0. , 0.4],
        [0.4, 0. , 0.4, 0. , 0. , 0. , 0.4, 0. , 0.4],
        [0. , 0.4, 0. , 0. , 0. , 0. , 0. , 0.4, 0. ],
        [2. , 0. , 0.4, 0.4, 0.4, 0.4, 0.4, 0. , 2. ]],

       [[0.6, 0. , 0.2, 0. , 0. , 0. , 0. , 0. , 0.9],
        [0. , 0.8, 0. , 0. , 0. , 0. , 0. , 1.1, 0. ],
        [0.2, 0. , 0. , 0. , 0. , 0. , 1. , 0. , 0. ],
        [0. , 0. , 0. , 0.1, 0. , 0.4, 0. , 0. , 0. ],
        [0. , 0. , 0. , 0. , 0. , 0. , 0. , 0. , 0. ],
        [0. , 0. , 0. , 0. , 0. , 0. , 0. , 0. , 0. ],
        [0. , 0. , 0. , 0. , 0. , 0. , 0.2, 0. , 0. ],
        [0. , 1.1, 0. , 0. , 0. , 0. , 0. , 1. , 0. ],
        [1.2, 0. , 1.1, 1.8, 1.8, 1.8, 0. , 0. , 0.9]],

       [[0.2, 0. , 0. , 0. , 0. , 0. , 0. , 0. , 0.4],
        [0. , 0.5, 0. , 0. , 0. , 0. , 0. , 0.6, 0. ],
        [0. , 0. , 0. , 0. , 0. , 0. , 0.3, 0. , 0. ],
        [0. , 0. , 0. , 0. , 0. , 0. , 0. , 0. , 0. ],
        [0. , 0. , 0. , 0. , 0. , 0. , 0. , 0. , 0. ],
        [0. , 0. , 0. , 0. , 0. , 0. , 0. , 0. , 0. ],
        [0. , 0. , 0. , 0. , 0. , 0. , 0. , 0. , 0. ],
        [0. , 0.6, 0. , 0. , 0. , 0. , 0. , 0.3, 0. ],
        [0. , 0. , 0.9, 0.8, 0.8, 0.8, 0. , 0. , 0. ]],

       [[0.3, 0. , 0. , 0. , 0. , 0. , 0. , 0. , 0.4],
        [0. , 0. , 0. , 0. , 0. , 0. , 0. , 0.5, 0. ],
        [0. , 0. , 0. , 0. , 0. , 0. , 0.3, 0. , 0. ],
        [0. , 0. , 0. , 0.1, 0. , 0. , 0. , 0. , 0. ],
        [0. , 0. , 0. , 0. , 0. , 0. , 0. , 0. , 0. ],
        [0. , 0. , 0. , 0. , 0. , 0. , 0. , 0. , 0. ],
        [0. , 0. , 0. , 0. , 0. , 0. , 0.2, 0. , 0. ],
        [0. , 0.5, 0. , 0. , 0. , 0. , 0. , 0.5, 0. ],
        [0.6, 0. , 0.1, 0.5, 0.5, 0.5, 0. , 0. , 0.2]],

       [[0. , 0. , 0.2, 0. , 0. , 0. , 0. , 0. , 0. ],
        [0. , 0.3, 0. , 0. , 0. , 0. , 0. , 0. , 0. ],
        [0.2, 0. , 0. , 0. , 0. , 0. , 0.4, 0. , 0. ],
        [0. , 0. , 0. , 0. , 0. , 0.4, 0. , 0. , 0. ],
        [0. , 0. , 0. , 0. , 0. , 0. , 0. , 0. , 0. ],
        [0. , 0. , 0. , 0. , 0. , 0. , 0. , 0. , 0. ],
        [0. , 0. , 0. , 0. , 0. , 0. , 0. , 0. , 0. ],
        [0. , 0. , 0. , 0. , 0. , 0. , 0. , 0.2, 0. ],
        [0.5, 0. , 0.1, 0.5, 0.5, 0.5, 0. , 0. , 0.6]],

       [[0. , 0. , 0. , 0. , 0. , 0. , 0. , 0. , 0. ],
        [0. , 0. , 0. , 0. , 0. , 0. , 0. , 0. , 0. ],
        [0. , 0. , 0. , 0. , 0. , 0. , 0. , 0. , 0. ],
        [0. , 0. , 0. , 0. , 0. , 0. , 0. , 0. , 0. ],
        [0. , 0. , 0. , 0. , 0. , 0. , 0. , 0. , 0. ],
        [0. , 0. , 0. , 0. , 0. , 0. , 0. , 0. , 0. ],
        [0. , 0. , 0. , 0. , 0. , 0. , 0. , 0. , 0. ],
        [0. , 0. , 0. , 0. , 0. , 0. , 0. , 0. , 0. ],
        [0. , 0. , 0. , 0. , 0. , 0. , 0. , 0. , 0. ]]], dtype=float32),
                 move_feats=[array([0.2, 0.1, 0. , 3. , 0.2, 0. ], dtype=float32),
                             array([0., 0., 0., 3., 0., 1.], dtype=float32)],
                 pi=[0.5823817292006526, 0.4176182707993475],
                 z=-1.0),
 SelfPlayExample(state_tensor=array([[[1. , 0. , 1. , 1. , 1. , 1. , 1. , 0. , 1. ],
        [0. , 1. , 0. , 0. , 0. , 0. , 0. , 1. , 0. ],
        [1. , 0. , 1. , 0. , 0. , 0. , 1. , 0. , 1. ],
        [1. , 0. , 0. , 1. , 0. , 1. , 0. , 0. , 1. ],
        [1. , 0. , 0. , 0. , 1. , 0. , 0. , 0. , 1. ],
        [1. , 0. , 0. , 1. , 0. , 1. , 0. , 0. , 1. ],
        [1. , 0. , 1. , 0. , 0. , 0. , 1. , 0. , 1. ],
        [0. , 1. , 0. , 0. , 0. , 0. , 0. , 1. , 0. ],
        [1. , 0. , 1. , 1. , 1. , 1. , 1. , 0. , 1. ]],

       [[1. , 0. , 1. , 0. , 0. , 0. , 0. , 0. , 0. ],
        [0. , 1. , 0. , 0. , 0. , 0. , 0. , 0. , 0. ],
        [0. , 0. , 1. , 0. , 0. , 0. , 0. , 0. , 0. ],
        [0. , 0. , 0. , 1. , 0. , 0. , 0. , 0. , 0. ],
        [0. , 0. , 0. , 0. , 1. , 0. , 0. , 0. , 0. ],
        [0. , 0. , 0. , 0. , 0. , 0. , 0. , 0. , 0. ],
        [0. , 0. , 0. , 0. , 0. , 0. , 0. , 0. , 0. ],
        [0. , 0. , 0. , 0. , 0. , 0. , 0. , 0. , 0. ],
        [0. , 0. , 0. , 0. , 0. , 0. , 0. , 0. , 0. ]],

       [[0. , 0. , 0. , 1. , 1. , 1. , 1. , 0. , 1. ],
        [0. , 0. , 0. , 0. , 0. , 0. , 0. , 1. , 0. ],
        [0. , 0. , 0. , 0. , 0. , 0. , 1. , 0. , 1. ],
        [0. , 0. , 0. , 0. , 0. , 1. , 0. , 0. , 1. ],
        [0. , 0. , 0. , 0. , 0. , 0. , 0. , 0. , 1. ],
        [0. , 0. , 0. , 0. , 0. , 0. , 0. , 0. , 1. ],
        [0. , 0. , 0. , 0. , 0. , 0. , 1. , 0. , 1. ],
        [0. , 0. , 0. , 0. , 0. , 0. , 0. , 1. , 0. ],
        [0. , 0. , 0. , 0. , 0. , 0. , 0. , 0. , 0. ]],

       [[0. , 0. , 0. , 0. , 0. , 0. , 0. , 0. , 0. ],
        [0. , 0. , 0. , 0. , 0. , 0. , 0. , 0. , 0. ],
        [0. , 0. , 0. , 0. , 0. , 0. , 0. , 0. , 0. ],
        [0. , 0. , 0. , 0. , 0. , 0. , 0. , 0. , 0. ],
        [0. , 0. , 0. , 0. , 0. , 0. , 0. , 0. , 0. ],
        [0. , 0. , 0. , 0. , 0. , 0. , 0. , 0. , 0. ],
        [0. , 0. , 0. , 0. , 0. , 0. , 0. , 0. , 0. ],
        [0. , 0. , 0. , 0. , 0. , 0. , 0. , 0. , 0. ],
        [0. , 0. , 0. , 0. , 0. , 0. , 0. , 0. , 1. ]],

       [[0. , 0. , 0. , 0. , 0. , 0. , 0. , 0. , 0. ],
        [0. , 0. , 0. , 0. , 0. , 0. , 0. , 0. , 0. ],
        [1. , 0. , 0. , 0. , 0. , 0. , 0. , 0. , 0. ],
        [1. , 0. , 0. , 0. , 0. , 0. , 0. , 0. , 0. ],
        [1. , 0. , 0. , 0. , 0. , 0. , 0. , 0. , 0. ],
        [1. , 0. , 0. , 1. , 0. , 1. , 0. , 0. , 0. ],
        [1. , 0. , 1. , 0. , 0. , 0. , 0. , 0. , 0. ],
        [0. , 1. , 0. , 0. , 0. , 0. , 0. , 0. , 0. ],
        [1. , 0. , 1. , 1. , 1. , 1. , 1. , 0. , 0. ]],

       [[1. , 0. , 0. , 0. , 0. , 0. , 0. , 0. , 1. ],
        [0. , 0. , 0. , 0. , 0. , 0. , 0. , 0. , 0. ],
        [0. , 0. , 0. , 0. , 0. , 0. , 0. , 0. , 0. ],
        [0. , 0. , 0. , 0. , 0. , 0. , 0. , 0. , 0. ],
        [0. , 0. , 0. , 0. , 0. , 0. , 0. , 0. , 0. ],
        [0. , 0. , 0. , 0. , 0. , 0. , 0. , 0. , 0. ],
        [0. , 0. , 0. , 0. , 0. , 0. , 0. , 0. , 0. ],
        [0. , 0. , 0. , 0. , 0. , 0. , 0. , 0. , 0. ],
        [1. , 0. , 0. , 0. , 0. , 0. , 0. , 0. , 1. ]],

       [[2. , 0. , 0.4, 0.4, 0.4, 0.4, 0.4, 0. , 2. ],
        [0. , 0.4, 0. , 0. , 0. , 0. , 0. , 0.4, 0. ],
        [0.4, 0. , 0.4, 0. , 0. , 0. , 0.4, 0. , 0.4],
        [0.4, 0. , 0. , 0.4, 0. , 0.4, 0. , 0. , 0.4],
        [0.4, 0. , 0. , 0. , 3. , 0. , 0. , 0. , 0.4],
        [0.4, 0. , 0. , 0.4, 0. , 0.4, 0. , 0. , 0.4],
        [0.4, 0. , 0.4, 0. , 0. , 0. , 0.4, 0. , 0.4],
        [0. , 0.4, 0. , 0. , 0. , 0. , 0. , 0.4, 0. ],
        [2. , 0. , 0.4, 0.4, 0.4, 0.4, 0.4, 0. , 2. ]],

       [[0.6, 0. , 0.7, 0. , 0. , 0. , 1.1, 0. , 0.8],
        [0. , 0.4, 0. , 0. , 0. , 0. , 0. , 0.8, 0. ],
        [0. , 0. , 0. , 0. , 0. , 0. , 0. , 0. , 0. ],
        [0. , 0. , 0. , 0. , 0. , 0.9, 0. , 0. , 0. ],
        [0. , 0. , 0. , 0. , 0.1, 0. , 0. , 0. , 0. ],
        [0. , 0. , 0. , 0. , 0. , 0. , 0. , 0. , 0. ],
        [0. , 0. , 1.6, 0. , 0. , 0. , 0.9, 0. , 0. ],
        [0. , 0.6, 0. , 0. , 0. , 0. , 0. , 0. , 0. ],
        [1.5, 0. , 0. , 1. , 1. , 1. , 1.9, 0. , 1.2]],

       [[0.2, 0. , 0.4, 0. , 0. , 0. , 0.6, 0. , 0.2],
        [0. , 0.1, 0. , 0. , 0. , 0. , 0. , 0.4, 0. ],
        [0. , 0. , 0. , 0. , 0. , 0. , 0. , 0. , 0. ],
        [0. , 0. , 0. , 0. , 0. , 0.3, 0. , 0. , 0. ],
        [0. , 0. , 0. , 0. , 0. , 0. , 0. , 0. , 0. ],
        [0. , 0. , 0. , 0. , 0. , 0. , 0. , 0. , 0. ],
        [0. , 0. , 0.6, 0. , 0. , 0. , 0.2, 0. , 0. ],
        [0. , 0. , 0. , 0. , 0. , 0. , 0. , 0. , 0. ],
        [1. , 0. , 0. , 0.9, 0.9, 0.9, 0.8, 0. , 0.1]],

       [[0.3, 0. , 0. , 0. , 0. , 0. , 0.5, 0. , 0.3],
        [0. , 0.3, 0. , 0. , 0. , 0. , 0. , 0.4, 0. ],
        [0. , 0. , 0. , 0. , 0. , 0. , 0. , 0. , 0. ],
        [0. , 0. , 0. , 0. , 0. , 0.2, 0. , 0. , 0. ],
        [0. , 0. , 0. , 0. , 0.1, 0. , 0. , 0. , 0. ],
        [0. , 0. , 0. , 0. , 0. , 0. , 0. , 0. , 0. ],
        [0. , 0. , 0.5, 0. , 0. , 0. , 0.5, 0. , 0. ],
        [0. , 0.6, 0. , 0. , 0. , 0. , 0. , 0. , 0. ],
        [0.3, 0. , 0. , 0.1, 0.1, 0.1, 0.5, 0. , 0.3]],

       [[0. , 0. , 0.3, 0. , 0. , 0. , 0. , 0. , 0.2],
        [0. , 0. , 0. , 0. , 0. , 0. , 0. , 0. , 0. ],
        [0. , 0. , 0. , 0. , 0. , 0. , 0. , 0. , 0. ],
        [0. , 0. , 0. , 0. , 0. , 0.4, 0. , 0. , 0. ],
        [0. , 0. , 0. , 0. , 0. , 0. , 0. , 0. , 0. ],
        [0. , 0. , 0. , 0. , 0. , 0. , 0. , 0. , 0. ],
        [0. , 0. , 0.5, 0. , 0. , 0. , 0.2, 0. , 0. ],
        [0. , 0. , 0. , 0. , 0. , 0. , 0. , 0. , 0. ],
        [0.1, 0. , 0. , 0. , 0. , 0. , 0.6, 0. , 0.7]],

       [[0. , 0. , 0. , 0. , 0. , 0. , 0. , 0. , 0. ],
        [0. , 0. , 0. , 0. , 0. , 0. , 0. , 0. , 0. ],
        [0. , 0. , 0. , 0. , 0. , 0. , 0. , 0. , 0. ],
        [0. , 0. , 0. , 0. , 0. , 0. , 0. , 0. , 0. ],
        [0. , 0. , 0. , 0. , 0. , 0. , 0. , 0. , 0. ],
        [0. , 0. , 0. , 0. , 0. , 0. , 0. , 0. , 0. ],
        [0. , 0. , 0. , 0. , 0. , 0. , 0. , 0. , 0. ],
        [0. , 0. , 0. , 0. , 0. , 0. , 0. , 0. , 0. ],
        [0. , 0. , 0. , 0. , 0. , 0. , 0. , 0. , 0. ]]], dtype=float32),
                 move_feats=[array([0. , 0. , 0. , 0.4, 0. , 1. ], dtype=float32)],
                 pi=[1.0],
                 z=-1.0),
 SelfPlayExample(state_tensor=array([[[1. , 0. , 1. , 1. , 1. , 1. , 1. , 0. , 1. ],
        [0. , 1. , 0. , 0. , 0. , 0. , 0. , 1. , 0. ],
        [1. , 0. , 1. , 0. , 0. , 0. , 1. , 0. , 1. ],
        [1. , 0. , 0. , 1. , 0. , 1. , 0. , 0. , 1. ],
        [1. , 0. , 0. , 0. , 1. , 0. , 0. , 0. , 1. ],
        [1. , 0. , 0. , 1. , 0. , 1. , 0. , 0. , 1. ],
        [1. , 0. , 1. , 0. , 0. , 0. , 1. , 0. , 1. ],
        [0. , 1. , 0. , 0. , 0. , 0. , 0. , 1. , 0. ],
        [1. , 0. , 1. , 1. , 1. , 1. , 1. , 0. , 1. ]],

       [[1. , 0. , 1. , 1. , 1. , 1. , 0. , 0. , 0. ],
        [0. , 1. , 0. , 0. , 0. , 0. , 0. , 0. , 0. ],
        [1. , 0. , 1. , 0. , 0. , 0. , 0. , 0. , 0. ],
        [0. , 0. , 0. , 1. , 0. , 0. , 0. , 0. , 0. ],
        [0. , 0. , 0. , 0. , 0. , 0. , 0. , 0. , 0. ],
        [0. , 0. , 0. , 0. , 0. , 0. , 0. , 0. , 0. ],
        [0. , 0. , 0. , 0. , 0. , 0. , 0. , 0. , 0. ],
        [0. , 0. , 0. , 0. , 0. , 0. , 0. , 0. , 0. ],
        [0. , 0. , 0. , 0. , 0. , 0. , 0. , 0. , 0. ]],

       [[0. , 0. , 0. , 0. , 0. , 0. , 1. , 0. , 1. ],
        [0. , 0. , 0. , 0. , 0. , 0. , 0. , 1. , 0. ],
        [0. , 0. , 0. , 0. , 0. , 0. , 1. , 0. , 1. ],
        [0. , 0. , 0. , 0. , 0. , 1. , 0. , 0. , 1. ],
        [0. , 0. , 0. , 0. , 1. , 0. , 0. , 0. , 1. ],
        [0. , 0. , 0. , 0. , 0. , 1. , 0. , 0. , 1. ],
        [0. , 0. , 0. , 0. , 0. , 0. , 1. , 0. , 1. ],
        [0. , 0. , 0. , 0. , 0. , 0. , 0. , 0. , 0. ],
        [0. , 0. , 0. , 0. , 0. , 0. , 0. , 0. , 0. ]],

       [[0. , 0. , 0. , 0. , 0. , 0. , 0. , 0. , 0. ],
        [0. , 0. , 0. , 0. , 0. , 0. , 0. , 0. , 0. ],
        [0. , 0. , 0. , 0. , 0. , 0. , 0. , 0. , 0. ],
        [0. , 0. , 0. , 0. , 0. , 0. , 0. , 0. , 0. ],
        [0. , 0. , 0. , 0. , 0. , 0. , 0. , 0. , 0. ],
        [0. , 0. , 0. , 0. , 0. , 0. , 0. , 0. , 0. ],
        [0. , 0. , 0. , 0. , 0. , 0. , 0. , 0. , 0. ],
        [0. , 0. , 0. , 0. , 0. , 0. , 0. , 0. , 0. ],
        [0. , 0. , 0. , 0. , 0. , 0. , 0. , 0. , 1. ]],

       [[0. , 0. , 0. , 0. , 0. , 0. , 0. , 0. , 0. ],
        [0. , 0. , 0. , 0. , 0. , 0. , 0. , 0. , 0. ],
        [0. , 0. , 0. , 0. , 0. , 0. , 0. , 0. , 0. ],
        [1. , 0. , 0. , 0. , 0. , 0. , 0. , 0. , 0. ],
        [1. , 0. , 0. , 0. , 0. , 0. , 0. , 0. , 0. ],
        [1. , 0. , 0. , 1. , 0. , 0. , 0. , 0. , 0. ],
        [1. , 0. , 1. , 0. , 0. , 0. , 0. , 0. , 0. ],
        [0. , 1. , 0. , 0. , 0. , 0. , 0. , 1. , 0. ],
        [1. , 0. , 1. , 1. , 1. , 1. , 1. , 0. , 0. ]],

       [[1. , 0. , 0. , 0. , 0. , 0. , 0. , 0. , 1. ],
        [0. , 0. , 0. , 0. , 0. , 0. , 0. , 0. , 0. ],
        [0. , 0. , 0. , 0. , 0. , 0. , 0. , 0. , 0. ],
        [0. , 0. , 0. , 0. , 0. , 0. , 0. , 0. , 0. ],
        [0. , 0. , 0. , 0. , 0. , 0. , 0. , 0. , 0. ],
        [0. , 0. , 0. , 0. , 0. , 0. , 0. , 0. , 0. ],
        [0. , 0. , 0. , 0. , 0. , 0. , 0. , 0. , 0. ],
        [0. , 0. , 0. , 0. , 0. , 0. , 0. , 0. , 0. ],
        [1. , 0. , 0. , 0. , 0. , 0. , 0. , 0. , 1. ]],

       [[2. , 0. , 0.4, 0.4, 0.4, 0.4, 0.4, 0. , 2. ],
        [0. , 0.4, 0. , 0. , 0. , 0. , 0. , 0.4, 0. ],
        [0.4, 0. , 0.4, 0. , 0. , 0. , 0.4, 0. , 0.4],
        [0.4, 0. , 0. , 0.4, 0. , 0.4, 0. , 0. , 0.4],
        [0.4, 0. , 0. , 0. , 3. , 0. , 0. , 0. , 0.4],
        [0.4, 0. , 0. , 0.4, 0. , 0.4, 0. , 0. , 0.4],
        [0.4, 0. , 0.4, 0. , 0. , 0. , 0.4, 0. , 0.4],
        [0. , 0.4, 0. , 0. , 0. , 0. , 0. , 0.4, 0. ],
        [2. , 0. , 0.4, 0.4, 0.4, 0.4, 0.4, 0. , 2. ]],

       [[1. , 0. , 0. , 0.7, 0.7, 0.7, 2.1, 0. , 0.8],
        [0. , 0.5, 0. , 0. , 0. , 0. , 0. , 0.5, 0. ],
        [0.4, 0. , 0. , 0. , 0. , 0. , 0. , 0. , 0. ],
        [0. , 0. , 0. , 0. , 0. , 0. , 0. , 0. , 0. ],
        [0. , 0. , 0. , 0. , 0.9, 0. , 0. , 0. , 0. ],
        [0. , 0. , 0. , 1.6, 0. , 0.7, 0. , 0. , 0. ],
        [0.7, 0. , 0. , 0. , 0. , 0. , 0. , 0. , 0. ],
        [0. , 1.3, 0. , 0. , 0. , 0. , 0. , 1.8, 0. ],
        [1. , 0. , 0. , 0. , 0. , 0. , 1. , 0. , 1.5]],

       [[0.5, 0. , 0. , 0.4, 0.4, 0.4, 1. , 0. , 0. ],
        [0. , 0.2, 0. , 0. , 0. , 0. , 0. , 0.2, 0. ],
        [0.1, 0. , 0. , 0. , 0. , 0. , 0. , 0. , 0. ],
        [0. , 0. , 0. , 0. , 0. , 0. , 0. , 0. , 0. ],
        [0. , 0. , 0. , 0. , 0.3, 0. , 0. , 0. , 0. ],
        [0. , 0. , 0. , 0.6, 0. , 0. , 0. , 0. , 0. ],
        [0. , 0. , 0. , 0. , 0. , 0. , 0. , 0. , 0. ],
        [0. , 1. , 0. , 0. , 0. , 0. , 0. , 0.8, 0. ],
        [0.7, 0. , 0. , 0. , 0. , 0. , 0.9, 0. , 0.2]],

       [[0.2, 0. , 0. , 0. , 0. , 0. , 0.9, 0. , 0.5],
        [0. , 0.3, 0. , 0. , 0. , 0. , 0. , 0.3, 0. ],
        [0.3, 0. , 0. , 0. , 0. , 0. , 0. , 0. , 0. ],
        [0. , 0. , 0. , 0. , 0. , 0. , 0. , 0. , 0. ],
        [0. , 0. , 0. , 0. , 0.2, 0. , 0. , 0. , 0. ],
        [0. , 0. , 0. , 0.5, 0. , 0.5, 0. , 0. , 0. ],
        [0.6, 0. , 0. , 0. , 0. , 0. , 0. , 0. , 0. ],
        [0. , 0.3, 0. , 0. , 0. , 0. , 0. , 0.5, 0. ],
        [0.1, 0. , 0. , 0. , 0. , 0. , 0.1, 0. , 0.4]],

       [[0.2, 0. , 0. , 0.3, 0.3, 0.3, 0.2, 0. , 0.2],
        [0. , 0. , 0. , 0. , 0. , 0. , 0. , 0. , 0. ],
        [0. , 0. , 0. , 0. , 0. , 0. , 0. , 0. , 0. ],
        [0. , 0. , 0. , 0. , 0. , 0. , 0. , 0. , 0. ],
        [0. , 0. , 0. , 0. , 0.4, 0. , 0. , 0. , 0. ],
        [0. , 0. , 0. , 0.5, 0. , 0.2, 0. , 0. , 0. ],
        [0.1, 0. , 0. , 0. , 0. , 0. , 0. , 0. , 0. ],
        [0. , 0. , 0. , 0. , 0. , 0. , 0. , 0.5, 0. ],
        [0.1, 0. , 0. , 0. , 0. , 0. , 0. , 0. , 0.8]],

       [[0. , 0. , 0. , 0. , 0. , 0. , 0. , 0. , 0. ],
        [0. , 0. , 0. , 0. , 0. , 0. , 0. , 0. , 0. ],
        [0. , 0. , 0. , 0. , 0. , 0. , 0. , 0. , 0. ],
        [0. , 0. , 0. , 0. , 0. , 0. , 0. , 0. , 0. ],
        [0. , 0. , 0. , 0. , 0. , 0. , 0. , 0. , 0. ],
        [0. , 0. , 0. , 0. , 0. , 0. , 0. , 0. , 0. ],
        [0. , 0. , 0. , 0. , 0. , 0. , 0. , 0. , 0. ],
        [0. , 0. , 0. , 0. , 0. , 0. , 0. , 0. , 0. ],
        [0. , 0. , 0. , 0. , 0. , 0. , 0. , 0. , 0. ]]], dtype=float32),
                 move_feats=[array([0. , 0. , 0. , 0.4, 0. , 1. ], dtype=float32)],
                 pi=[1.0],
                 z=-1.0),
 SelfPlayExample(state_tensor=array([[[1. , 0. , 1. , 1. , 1. , 1. , 1. , 0. , 1. ],
        [0. , 1. , 0. , 0. , 0. , 0. , 0. , 1. , 0. ],
        [1. , 0. , 1. , 0. , 0. , 0. , 1. , 0. , 1. ],
        [1. , 0. , 0. , 1. , 0. , 1. , 0. , 0. , 1. ],
        [1. , 0. , 0. , 0. , 1. , 0. , 0. , 0. , 1. ],
        [1. , 0. , 0. , 1. , 0. , 1. , 0. , 0. , 1. ],
        [1. , 0. , 1. , 0. , 0. , 0. , 1. , 0. , 1. ],
        [0. , 1. , 0. , 0. , 0. , 0. , 0. , 1. , 0. ],
        [1. , 0. , 1. , 1. , 1. , 1. , 1. , 0. , 1. ]],

       [[1. , 0. , 1. , 0. , 0. , 0. , 0. , 0. , 0. ],
        [0. , 1. , 0. , 0. , 0. , 0. , 0. , 0. , 0. ],
        [1. , 0. , 1. , 0. , 0. , 0. , 0. , 0. , 0. ],
        [0. , 0. , 0. , 1. , 0. , 0. , 0. , 0. , 0. ],
        [0. , 0. , 0. , 0. , 0. , 0. , 0. , 0. , 0. ],
        [0. , 0. , 0. , 0. , 0. , 0. , 0. , 0. , 0. ],
        [0. , 0. , 0. , 0. , 0. , 0. , 0. , 0. , 0. ],
        [0. , 0. , 0. , 0. , 0. , 0. , 0. , 0. , 0. ],
        [0. , 0. , 0. , 0. , 0. , 0. , 0. , 0. , 0. ]],

       [[0. , 0. , 0. , 1. , 1. , 1. , 1. , 0. , 1. ],
        [0. , 0. , 0. , 0. , 0. , 0. , 0. , 1. , 0. ],
        [0. , 0. , 0. , 0. , 0. , 0. , 1. , 0. , 1. ],
        [0. , 0. , 0. , 0. , 0. , 1. , 0. , 0. , 1. ],
        [0. , 0. , 0. , 0. , 1. , 0. , 0. , 0. , 1. ],
        [0. , 0. , 0. , 0. , 0. , 1. , 0. , 0. , 1. ],
        [0. , 0. , 0. , 0. , 0. , 0. , 1. , 0. , 1. ],
        [0. , 0. , 0. , 0. , 0. , 0. , 0. , 0. , 0. ],
        [0. , 0. , 0. , 0. , 0. , 0. , 0. , 0. , 0. ]],

       [[0. , 0. , 0. , 0. , 0. , 0. , 0. , 0. , 0. ],
        [0. , 0. , 0. , 0. , 0. , 0. , 0. , 0. , 0. ],
        [0. , 0. , 0. , 0. , 0. , 0. , 0. , 0. , 0. ],
        [0. , 0. , 0. , 0. , 0. , 0. , 0. , 0. , 0. ],
        [0. , 0. , 0. , 0. , 0. , 0. , 0. , 0. , 0. ],
        [0. , 0. , 0. , 0. , 0. , 0. , 0. , 0. , 0. ],
        [0. , 0. , 0. , 0. , 0. , 0. , 0. , 0. , 0. ],
        [0. , 0. , 0. , 0. , 0. , 0. , 0. , 0. , 0. ],
        [0. , 0. , 0. , 0. , 0. , 0. , 0. , 0. , 0. ]],

       [[0. , 0. , 0. , 0. , 0. , 0. , 0. , 0. , 0. ],
        [0. , 0. , 0. , 0. , 0. , 0. , 0. , 0. , 0. ],
        [0. , 0. , 0. , 0. , 0. , 0. , 0. , 0. , 0. ],
        [1. , 0. , 0. , 0. , 0. , 0. , 0. , 0. , 0. ],
        [1. , 0. , 0. , 0. , 0. , 0. , 0. , 0. , 0. ],
        [1. , 0. , 0. , 1. , 0. , 0. , 0. , 0. , 0. ],
        [1. , 0. , 1. , 0. , 0. , 0. , 0. , 0. , 0. ],
        [0. , 1. , 0. , 0. , 0. , 0. , 0. , 1. , 0. ],
        [1. , 0. , 1. , 1. , 1. , 1. , 1. , 0. , 1. ]],

       [[1. , 0. , 0. , 0. , 0. , 0. , 0. , 0. , 1. ],
        [0. , 0. , 0. , 0. , 0. , 0. , 0. , 0. , 0. ],
        [0. , 0. , 0. , 0. , 0. , 0. , 0. , 0. , 0. ],
        [0. , 0. , 0. , 0. , 0. , 0. , 0. , 0. , 0. ],
        [0. , 0. , 0. , 0. , 0. , 0. , 0. , 0. , 0. ],
        [0. , 0. , 0. , 0. , 0. , 0. , 0. , 0. , 0. ],
        [0. , 0. , 0. , 0. , 0. , 0. , 0. , 0. , 0. ],
        [0. , 0. , 0. , 0. , 0. , 0. , 0. , 0. , 0. ],
        [1. , 0. , 0. , 0. , 0. , 0. , 0. , 0. , 1. ]],

       [[2. , 0. , 0.4, 0.4, 0.4, 0.4, 0.4, 0. , 2. ],
        [0. , 0.4, 0. , 0. , 0. , 0. , 0. , 0.4, 0. ],
        [0.4, 0. , 0.4, 0. , 0. , 0. , 0.4, 0. , 0.4],
        [0.4, 0. , 0. , 0.4, 0. , 0.4, 0. , 0. , 0.4],
        [0.4, 0. , 0. , 0. , 3. , 0. , 0. , 0. , 0.4],
        [0.4, 0. , 0. , 0.4, 0. , 0.4, 0. , 0. , 0.4],
        [0.4, 0. , 0.4, 0. , 0. , 0. , 0.4, 0. , 0.4],
        [0. , 0.4, 0. , 0. , 0. , 0. , 0. , 0.4, 0. ],
        [2. , 0. , 0.4, 0.4, 0.4, 0.4, 0.4, 0. , 2. ]],

       [[1. , 0. , 0. , 2. , 2. , 2. , 0.7, 0. , 1.4],
        [0. , 0.7, 0. , 0. , 0. , 0. , 0. , 0.5, 0. ],
        [1.1, 0. , 0. , 0. , 0. , 0. , 0. , 0. , 0. ],
        [0.7, 0. , 0. , 0. , 0. , 0. , 0. , 0. , 0. ],
        [0.7, 0. , 0. , 0. , 0. , 0. , 0. , 0. , 0. ],
        [0.7, 0. , 0. , 0.8, 0. , 0. , 0. , 0. , 0. ],
        [1.4, 0. , 0. , 0. , 0. , 0. , 0.7, 0. , 0. ],
        [0. , 0.8, 0. , 0. , 0. , 0. , 0. , 1. , 0. ],
        [0.7, 0. , 0. , 0. , 0. , 0. , 0. , 0. , 1. ]],

       [[0.1, 0. , 0. , 0.9, 0.9, 0.9, 0.2, 0. , 0.8],
        [0. , 0.5, 0. , 0. , 0. , 0. , 0. , 0. , 0. ],
        [0.3, 0. , 0. , 0. , 0. , 0. , 0. , 0. , 0. ],
        [0. , 0. , 0. , 0. , 0. , 0. , 0. , 0. , 0. ],
        [0. , 0. , 0. , 0. , 0. , 0. , 0. , 0. , 0. ],
        [0. , 0. , 0. , 0.3, 0. , 0. , 0. , 0. , 0. ],
        [1. , 0. , 0. , 0. , 0. , 0. , 0. , 0. , 0. ],
        [0. , 0.7, 0. , 0. , 0. , 0. , 0. , 0.9, 0. ],
        [0. , 0. , 0. , 0. , 0. , 0. , 0. , 0. , 0. ]],

       [[0.4, 0. , 0. , 0.9, 0.9, 0.9, 0.3, 0. , 0.4],
        [0. , 0.2, 0. , 0. , 0. , 0. , 0. , 0.5, 0. ],
        [0.6, 0. , 0. , 0. , 0. , 0. , 0. , 0. , 0. ],
        [0.6, 0. , 0. , 0. , 0. , 0. , 0. , 0. , 0. ],
        [0.6, 0. , 0. , 0. , 0. , 0. , 0. , 0. , 0. ],
        [0.6, 0. , 0. , 0.5, 0. , 0. , 0. , 0. , 0. ],
        [0.3, 0. , 0. , 0. , 0. , 0. , 0.5, 0. , 0. ],
        [0. , 0.1, 0. , 0. , 0. , 0. , 0. , 0.1, 0. ],
        [0.2, 0. , 0. , 0. , 0. , 0. , 0. , 0. , 0.4]],

       [[0.4, 0. , 0. , 0.2, 0.2, 0.2, 0.2, 0. , 0.1],
        [0. , 0. , 0. , 0. , 0. , 0. , 0. , 0. , 0. ],
        [0.2, 0. , 0. , 0. , 0. , 0. , 0. , 0. , 0. ],
        [0.1, 0. , 0. , 0. , 0. , 0. , 0. , 0. , 0. ],
        [0.1, 0. , 0. , 0. , 0. , 0. , 0. , 0. , 0. ],
        [0.1, 0. , 0. , 0. , 0. , 0. , 0. , 0. , 0. ],
        [0.1, 0. , 0. , 0. , 0. , 0. , 0.2, 0. , 0. ],
        [0. , 0. , 0. , 0. , 0. , 0. , 0. , 0. , 0. ],
        [0.4, 0. , 0. , 0. , 0. , 0. , 0. , 0. , 0.5]],

       [[0. , 0. , 0. , 0. , 0. , 0. , 0. , 0. , 0. ],
        [0. , 0. , 0. , 0. , 0. , 0. , 0. , 0. , 0. ],
        [0. , 0. , 0. , 0. , 0. , 0. , 0. , 0. , 0. ],
        [0. , 0. , 0. , 0. , 0. , 0. , 0. , 0. , 0. ],
        [0. , 0. , 0. , 0. , 0. , 0. , 0. , 0. , 0. ],
        [0. , 0. , 0. , 0. , 0. , 0. , 0. , 0. , 0. ],
        [0. , 0. , 0. , 0. , 0. , 0. , 0. , 0. , 0. ],
        [0. , 0. , 0. , 0. , 0. , 0. , 0. , 0. , 0. ],
        [0. , 0. , 0. , 0. , 0. , 0. , 0. , 0. , 0. ]]], dtype=float32),
                 move_feats=[array([2.4, 1.1, 0. , 0.4, 0.6, 0. ], dtype=float32),
                             array([1.8, 0.8, 0. , 0.4, 0.4, 0. ], dtype=float32),
                             array([0. , 0. , 0. , 0.4, 0. , 1. ], dtype=float32)],
                 pi=[0.42616033755274263,
                     0.29535864978902954,
                     0.27848101265822783],
                 z=-1.0),
 SelfPlayExample(state_tensor=array([[[1. , 0. , 1. , 1. , 1. , 1. , 1. , 0. , 1. ],
        [0. , 1. , 0. , 0. , 0. , 0. , 0. , 1. , 0. ],
        [1. , 0. , 1. , 0. , 0. , 0. , 1. , 0. , 1. ],
        [1. , 0. , 0. , 1. , 0. , 1. , 0. , 0. , 1. ],
        [1. , 0. , 0. , 0. , 1. , 0. , 0. , 0. , 1. ],
        [1. , 0. , 0. , 1. , 0. , 1. , 0. , 0. , 1. ],
        [1. , 0. , 1. , 0. , 0. , 0. , 1. , 0. , 1. ],
        [0. , 1. , 0. , 0. , 0. , 0. , 0. , 1. , 0. ],
        [1. , 0. , 1. , 1. , 1. , 1. , 1. , 0. , 1. ]],

       [[1. , 0. , 1. , 0. , 0. , 0. , 0. , 0. , 0. ],
        [0. , 1. , 0. , 0. , 0. , 0. , 0. , 0. , 0. ],
        [1. , 0. , 1. , 0. , 0. , 0. , 0. , 0. , 0. ],
        [0. , 0. , 0. , 1. , 0. , 0. , 0. , 0. , 0. ],
        [0. , 0. , 0. , 0. , 0. , 0. , 0. , 0. , 0. ],
        [0. , 0. , 0. , 0. , 0. , 0. , 0. , 0. , 0. ],
        [0. , 0. , 0. , 0. , 0. , 0. , 0. , 0. , 0. ],
        [0. , 0. , 0. , 0. , 0. , 0. , 0. , 0. , 0. ],
        [0. , 0. , 0. , 0. , 0. , 0. , 0. , 0. , 0. ]],

       [[0. , 0. , 0. , 1. , 1. , 1. , 1. , 0. , 1. ],
        [0. , 0. , 0. , 0. , 0. , 0. , 0. , 1. , 0. ],
        [0. , 0. , 0. , 0. , 0. , 0. , 1. , 0. , 1. ],
        [0. , 0. , 0. , 0. , 0. , 1. , 0. , 0. , 1. ],
        [0. , 0. , 0. , 0. , 0. , 0. , 0. , 0. , 1. ],
        [0. , 0. , 0. , 0. , 0. , 1. , 0. , 0. , 1. ],
        [0. , 0. , 0. , 0. , 0. , 0. , 1. , 0. , 0. ],
        [0. , 0. , 0. , 0. , 0. , 0. , 0. , 0. , 0. ],
        [0. , 0. , 0. , 0. , 0. , 0. , 0. , 0. , 0. ]],

       [[0. , 0. , 0. , 0. , 0. , 0. , 0. , 0. , 0. ],
        [0. , 0. , 0. , 0. , 0. , 0. , 0. , 0. , 0. ],
        [0. , 0. , 0. , 0. , 0. , 0. , 0. , 0. , 0. ],
        [0. , 0. , 0. , 0. , 0. , 0. , 0. , 0. , 0. ],
        [0. , 0. , 0. , 0. , 0. , 0. , 0. , 0. , 0. ],
        [0. , 0. , 0. , 0. , 0. , 0. , 0. , 0. , 0. ],
        [0. , 0. , 0. , 0. , 0. , 0. , 0. , 0. , 0. ],
        [0. , 0. , 0. , 0. , 0. , 0. , 0. , 0. , 0. ],
        [0. , 0. , 0. , 0. , 0. , 0. , 0. , 0. , 0. ]],

       [[0. , 0. , 0. , 0. , 0. , 0. , 0. , 0. , 0. ],
        [0. , 0. , 0. , 0. , 0. , 0. , 0. , 0. , 0. ],
        [0. , 0. , 0. , 0. , 0. , 0. , 0. , 0. , 0. ],
        [1. , 0. , 0. , 0. , 0. , 0. , 0. , 0. , 0. ],
        [1. , 0. , 0. , 0. , 1. , 0. , 0. , 0. , 0. ],
        [1. , 0. , 0. , 1. , 0. , 0. , 0. , 0. , 0. ],
        [1. , 0. , 1. , 0. , 0. , 0. , 0. , 0. , 1. ],
        [0. , 1. , 0. , 0. , 0. , 0. , 0. , 1. , 0. ],
        [1. , 0. , 1. , 1. , 1. , 1. , 1. , 0. , 1. ]],

       [[1. , 0. , 0. , 0. , 0. , 0. , 0. , 0. , 1. ],
        [0. , 0. , 0. , 0. , 0. , 0. , 0. , 0. , 0. ],
        [0. , 0. , 0. , 0. , 0. , 0. , 0. , 0. , 0. ],
        [0. , 0. , 0. , 0. , 0. , 0. , 0. , 0. , 0. ],
        [0. , 0. , 0. , 0. , 0. , 0. , 0. , 0. , 0. ],
        [0. , 0. , 0. , 0. , 0. , 0. , 0. , 0. , 0. ],
        [0. , 0. , 0. , 0. , 0. , 0. , 0. , 0. , 0. ],
        [0. , 0. , 0. , 0. , 0. , 0. , 0. , 0. , 0. ],
        [1. , 0. , 0. , 0. , 0. , 0. , 0. , 0. , 1. ]],

       [[2. , 0. , 0.4, 0.4, 0.4, 0.4, 0.4, 0. , 2. ],
        [0. , 0.4, 0. , 0. , 0. , 0. , 0. , 0.4, 0. ],
        [0.4, 0. , 0.4, 0. , 0. , 0. , 0.4, 0. , 0.4],
        [0.4, 0. , 0. , 0.4, 0. , 0.4, 0. , 0. , 0.4],
        [0.4, 0. , 0. , 0. , 3. , 0. , 0. , 0. , 0.4],
        [0.4, 0. , 0. , 0.4, 0. , 0.4, 0. , 0. , 0.4],
        [0.4, 0. , 0.4, 0. , 0. , 0. , 0.4, 0. , 0.4],
        [0. , 0.4, 0. , 0. , 0. , 0. , 0. , 0.4, 0. ],
        [2. , 0. , 0.4, 0.4, 0.4, 0.4, 0.4, 0. , 2. ]],

       [[0.7, 0. , 1.1, 2.7, 2.7, 2.7, 0.6, 0. , 1.3],
        [0. , 0.5, 0. , 0. , 0. , 0. , 0. , 1.2, 0. ],
        [0. , 0. , 0. , 0. , 0. , 0. , 0. , 0. , 0. ],
        [1. , 0. , 0. , 0. , 0. , 0. , 0. , 0. , 0. ],
        [1. , 0. , 0. , 0. , 0.8, 0. , 0. , 0. , 0. ],
        [1. , 0. , 0. , 0. , 0. , 0. , 0. , 0. , 0. ],
        [1.2, 0. , 0. , 0. , 0. , 0. , 0.4, 0. , 0.6],
        [0. , 0.2, 0. , 0. , 0. , 0. , 0. , 0.9, 0. ],
        [0.1, 0. , 0. , 0. , 0. , 0. , 0. , 0. , 1.1]],

       [[0.3, 0. , 0.5, 1.1, 1.1, 1.1, 0. , 0. , 0.5],
        [0. , 0.1, 0. , 0. , 0. , 0. , 0. , 0.8, 0. ],
        [0. , 0. , 0. , 0. , 0. , 0. , 0. , 0. , 0. ],
        [0.6, 0. , 0. , 0. , 0. , 0. , 0. , 0. , 0. ],
        [0.6, 0. , 0. , 0. , 0.3, 0. , 0. , 0. , 0. ],
        [0.6, 0. , 0. , 0. , 0. , 0. , 0. , 0. , 0. ],
        [0.7, 0. , 0. , 0. , 0. , 0. , 0. , 0. , 0.5],
        [0. , 0. , 0. , 0. , 0. , 0. , 0. , 0. , 0. ],
        [0. , 0. , 0. , 0. , 0. , 0. , 0. , 0. , 0. ]],

       [[0.2, 0. , 0.2, 1.2, 1.2, 1.2, 0.5, 0. , 0.5],
        [0. , 0.4, 0. , 0. , 0. , 0. , 0. , 0.4, 0. ],
        [0. , 0. , 0. , 0. , 0. , 0. , 0. , 0. , 0. ],
        [0.3, 0. , 0. , 0. , 0. , 0. , 0. , 0. , 0. ],
        [0.3, 0. , 0. , 0. , 0.5, 0. , 0. , 0. , 0. ],
        [0.3, 0. , 0. , 0. , 0. , 0. , 0. , 0. , 0. ],
        [0.1, 0. , 0. , 0. , 0. , 0. , 0.2, 0. , 0.1],
        [0. , 0.2, 0. , 0. , 0. , 0. , 0. , 0.4, 0. ],
        [0. , 0. , 0. , 0. , 0. , 0. , 0. , 0. , 0.2]],

       [[0.1, 0. , 0.4, 0.4, 0.4, 0.4, 0.1, 0. , 0.2],
        [0. , 0. , 0. , 0. , 0. , 0. , 0. , 0. , 0. ],
        [0. , 0. , 0. , 0. , 0. , 0. , 0. , 0. , 0. ],
        [0.1, 0. , 0. , 0. , 0. , 0. , 0. , 0. , 0. ],
        [0.1, 0. , 0. , 0. , 0. , 0. , 0. , 0. , 0. ],
        [0.1, 0. , 0. , 0. , 0. , 0. , 0. , 0. , 0. ],
        [0.4, 0. , 0. , 0. , 0. , 0. , 0.2, 0. , 0. ],
        [0. , 0. , 0. , 0. , 0. , 0. , 0. , 0.5, 0. ],
        [0. , 0. , 0. , 0. , 0. , 0. , 0. , 0. , 0.8]],

       [[0. , 0. , 0. , 0. , 0. , 0. , 0. , 0. , 0. ],
        [0. , 0. , 0. , 0. , 0. , 0. , 0. , 0. , 0. ],
        [0. , 0. , 0. , 0. , 0. , 0. , 0. , 0. , 0. ],
        [0. , 0. , 0. , 0. , 0. , 0. , 0. , 0. , 0. ],
        [0. , 0. , 0. , 0. , 0. , 0. , 0. , 0. , 0. ],
        [0. , 0. , 0. , 0. , 0. , 0. , 0. , 0. , 0. ],
        [0. , 0. , 0. , 0. , 0. , 0. , 0. , 0. , 0. ],
        [0. , 0. , 0. , 0. , 0. , 0. , 0. , 0. , 0. ],
        [0. , 0. , 0. , 0. , 0. , 0. , 0. , 0. , 0. ]]], dtype=float32),
                 move_feats=[array([2.3, 1.1, 0. , 0.4, 0.6, 0. ], dtype=float32),
                             array([0. , 0. , 0. , 0.4, 0. , 1. ], dtype=float32)],
                 pi=[0.4741100323624595, 0.5258899676375405],
                 z=-1.0),
 SelfPlayExample(state_tensor=array([[[1. , 0. , 1. , 1. , 1. , 1. , 1. , 0. , 1. ],
        [0. , 1. , 0. , 0. , 0. , 0. , 0. , 1. , 0. ],
        [1. , 0. , 1. , 0. , 0. , 0. , 1. , 0. , 1. ],
        [1. , 0. , 0. , 1. , 0. , 1. , 0. , 0. , 1. ],
        [1. , 0. , 0. , 0. , 1. , 0. , 0. , 0. , 1. ],
        [1. , 0. , 0. , 1. , 0. , 1. , 0. , 0. , 1. ],
        [1. , 0. , 1. , 0. , 0. , 0. , 1. , 0. , 1. ],
        [0. , 1. , 0. , 0. , 0. , 0. , 0. , 1. , 0. ],
        [1. , 0. , 1. , 1. , 1. , 1. , 1. , 0. , 1. ]],

       [[1. , 0. , 0. , 0. , 0. , 0. , 0. , 0. , 0. ],
        [0. , 1. , 0. , 0. , 0. , 0. , 0. , 0. , 0. ],
        [0. , 0. , 1. , 0. , 0. , 0. , 0. , 0. , 0. ],
        [0. , 0. , 0. , 1. , 0. , 0. , 0. , 0. , 0. ],
        [0. , 0. , 0. , 0. , 0. , 0. , 0. , 0. , 0. ],
        [0. , 0. , 0. , 0. , 0. , 0. , 0. , 0. , 0. ],
        [0. , 0. , 0. , 0. , 0. , 0. , 0. , 0. , 0. ],
        [0. , 0. , 0. , 0. , 0. , 0. , 0. , 0. , 0. ],
        [0. , 0. , 0. , 0. , 0. , 0. , 0. , 0. , 0. ]],

       [[0. , 0. , 1. , 1. , 1. , 1. , 1. , 0. , 1. ],
        [0. , 0. , 0. , 0. , 0. , 0. , 0. , 1. , 0. ],
        [0. , 0. , 0. , 0. , 0. , 0. , 1. , 0. , 1. ],
        [0. , 0. , 0. , 0. , 0. , 1. , 0. , 0. , 0. ],
        [0. , 0. , 0. , 0. , 0. , 0. , 0. , 0. , 0. ],
        [0. , 0. , 0. , 0. , 0. , 1. , 0. , 0. , 0. ],
        [0. , 0. , 0. , 0. , 0. , 0. , 0. , 0. , 0. ],
        [0. , 0. , 0. , 0. , 0. , 0. , 0. , 0. , 0. ],
        [0. , 0. , 0. , 0. , 0. , 0. , 0. , 0. , 0. ]],

       [[0. , 0. , 0. , 0. , 0. , 0. , 0. , 0. , 0. ],
        [0. , 0. , 0. , 0. , 0. , 0. , 0. , 0. , 0. ],
        [0. , 0. , 0. , 0. , 0. , 0. , 0. , 0. , 0. ],
        [0. , 0. , 0. , 0. , 0. , 0. , 0. , 0. , 0. ],
        [0. , 0. , 0. , 0. , 0. , 0. , 0. , 0. , 0. ],
        [0. , 0. , 0. , 0. , 0. , 0. , 0. , 0. , 0. ],
        [0. , 0. , 0. , 0. , 0. , 0. , 0. , 0. , 0. ],
        [0. , 0. , 0. , 0. , 0. , 0. , 0. , 0. , 0. ],
        [0. , 0. , 0. , 0. , 0. , 0. , 0. , 0. , 0. ]],

       [[0. , 0. , 0. , 0. , 0. , 0. , 0. , 0. , 0. ],
        [0. , 0. , 0. , 0. , 0. , 0. , 0. , 0. , 0. ],
        [1. , 0. , 0. , 0. , 0. , 0. , 0. , 0. , 0. ],
        [1. , 0. , 0. , 0. , 0. , 0. , 0. , 0. , 1. ],
        [1. , 0. , 0. , 0. , 1. , 0. , 0. , 0. , 1. ],
        [1. , 0. , 0. , 1. , 0. , 0. , 0. , 0. , 1. ],
        [1. , 0. , 1. , 0. , 0. , 0. , 1. , 0. , 1. ],
        [0. , 1. , 0. , 0. , 0. , 0. , 0. , 1. , 0. ],
        [1. , 0. , 1. , 1. , 1. , 1. , 1. , 0. , 1. ]],

       [[1. , 0. , 0. , 0. , 0. , 0. , 0. , 0. , 1. ],
        [0. , 0. , 0. , 0. , 0. , 0. , 0. , 0. , 0. ],
        [0. , 0. , 0. , 0. , 0. , 0. , 0. , 0. , 0. ],
        [0. , 0. , 0. , 0. , 0. , 0. , 0. , 0. , 0. ],
        [0. , 0. , 0. , 0. , 0. , 0. , 0. , 0. , 0. ],
        [0. , 0. , 0. , 0. , 0. , 0. , 0. , 0. , 0. ],
        [0. , 0. , 0. , 0. , 0. , 0. , 0. , 0. , 0. ],
        [0. , 0. , 0. , 0. , 0. , 0. , 0. , 0. , 0. ],
        [1. , 0. , 0. , 0. , 0. , 0. , 0. , 0. , 1. ]],

       [[2. , 0. , 0.4, 0.4, 0.4, 0.4, 0.4, 0. , 2. ],
        [0. , 0.4, 0. , 0. , 0. , 0. , 0. , 0.4, 0. ],
        [0.4, 0. , 0.4, 0. , 0. , 0. , 0.4, 0. , 0.4],
        [0.4, 0. , 0. , 0.4, 0. , 0.4, 0. , 0. , 0.4],
        [0.4, 0. , 0. , 0. , 3. , 0. , 0. , 0. , 0.4],
        [0.4, 0. , 0. , 0.4, 0. , 0.4, 0. , 0. , 0.4],
        [0.4, 0. , 0.4, 0. , 0. , 0. , 0.4, 0. , 0.4],
        [0. , 0.4, 0. , 0. , 0. , 0. , 0. , 0.4, 0. ],
        [2. , 0. , 0.4, 0.4, 0.4, 0.4, 0.4, 0. , 2. ]],

       [[0.7, 0. , 1.9, 0.5, 0.5, 0.5, 0. , 0. , 1.4],
        [0. , 0.5, 0. , 0. , 0. , 0. , 0. , 1. , 0. ],
        [1.3, 0. , 0. , 0. , 0. , 0. , 0. , 0. , 1.4],
        [0.8, 0. , 0. , 0. , 0. , 0. , 0. , 0. , 0.6],
        [0.8, 0. , 0. , 0. , 0.8, 0. , 0. , 0. , 0.6],
        [0.8, 0. , 0. , 0. , 0. , 0. , 0. , 0. , 0.6],
        [0.2, 0. , 0. , 0. , 0. , 0. , 1.3, 0. , 0. ],
        [0. , 0. , 0. , 0. , 0. , 0. , 0. , 0.2, 0. ],
        [0.4, 0. , 0. , 0. , 0. , 0. , 0. , 0. , 1.1]],

       [[0.3, 0. , 1.1, 0. , 0. , 0. , 0. , 0. , 0.7],
        [0. , 0.3, 0. , 0. , 0. , 0. , 0. , 0.5, 0. ],
        [0.5, 0. , 0. , 0. , 0. , 0. , 0. , 0. , 0.8],
        [0.7, 0. , 0. , 0. , 0. , 0. , 0. , 0. , 0.5],
        [0.7, 0. , 0. , 0. , 0.3, 0. , 0. , 0. , 0.5],
        [0.7, 0. , 0. , 0. , 0. , 0. , 0. , 0. , 0.5],
        [0. , 0. , 0. , 0. , 0. , 0. , 0. , 0. , 0. ],
        [0. , 0. , 0. , 0. , 0. , 0. , 0. , 0. , 0. ],
        [0. , 0. , 0. , 0. , 0. , 0. , 0. , 0. , 0.2]],

       [[0.2, 0. , 0.3, 0.5, 0.5, 0.5, 0. , 0. , 0.6],
        [0. , 0.2, 0. , 0. , 0. , 0. , 0. , 0.5, 0. ],
        [0.3, 0. , 0. , 0. , 0. , 0. , 0. , 0. , 0.4],
        [0.1, 0. , 0. , 0. , 0. , 0. , 0. , 0. , 0.1],
        [0.1, 0. , 0. , 0. , 0.5, 0. , 0. , 0. , 0.1],
        [0.1, 0. , 0. , 0. , 0. , 0. , 0. , 0. , 0.1],
        [0.2, 0. , 0. , 0. , 0. , 0. , 0. , 0. , 0. ],
        [0. , 0. , 0. , 0. , 0. , 0. , 0. , 0.2, 0. ],
        [0. , 0. , 0. , 0. , 0. , 0. , 0. , 0. , 0.6]],

       [[0.1, 0. , 0.5, 0. , 0. , 0. , 0. , 0. , 0. ],
        [0. , 0. , 0. , 0. , 0. , 0. , 0. , 0. , 0. ],
        [0.5, 0. , 0. , 0. , 0. , 0. , 0. , 0. , 0.2],
        [0. , 0. , 0. , 0. , 0. , 0. , 0. , 0. , 0. ],
        [0. , 0. , 0. , 0. , 0. , 0. , 0. , 0. , 0. ],
        [0. , 0. , 0. , 0. , 0. , 0. , 0. , 0. , 0. ],
        [0. , 0. , 0. , 0. , 0. , 0. , 1.3, 0. , 0. ],
        [0. , 0. , 0. , 0. , 0. , 0. , 0. , 0. , 0. ],
        [0.3, 0. , 0. , 0. , 0. , 0. , 0. , 0. , 0.2]],

       [[0. , 0. , 0. , 0. , 0. , 0. , 0. , 0. , 0. ],
        [0. , 0. , 0. , 0. , 0. , 0. , 0. , 0. , 0. ],
        [0. , 0. , 0. , 0. , 0. , 0. , 0. , 0. , 0. ],
        [0. , 0. , 0. , 0. , 0. , 0. , 0. , 0. , 0. ],
        [0. , 0. , 0. , 0. , 0. , 0. , 0. , 0. , 0. ],
        [0. , 0. , 0. , 0. , 0. , 0. , 0. , 0. , 0. ],
        [0. , 0. , 0. , 0. , 0. , 0. , 0. , 0. , 0. ],
        [0. , 0. , 0. , 0. , 0. , 0. , 0. , 0. , 0. ],
        [0. , 0. , 0. , 0. , 0. , 0. , 0. , 0. , 0. ]]], dtype=float32),
                 move_feats=[array([0. , 0. , 0. , 0.4, 0. , 1. ], dtype=float32)],
                 pi=[1.0],
                 z=-1.0),
 SelfPlayExample(state_tensor=array([[[1. , 0. , 1. , 1. , 1. , 1. , 1. , 0. , 1. ],
        [0. , 1. , 0. , 0. , 0. , 0. , 0. , 1. , 0. ],
        [1. , 0. , 1. , 0. , 0. , 0. , 1. , 0. , 1. ],
        [1. , 0. , 0. , 1. , 0. , 1. , 0. , 0. , 1. ],
        [1. , 0. , 0. , 0. , 1. , 0. , 0. , 0. , 1. ],
        [1. , 0. , 0. , 1. , 0. , 1. , 0. , 0. , 1. ],
        [1. , 0. , 1. , 0. , 0. , 0. , 1. , 0. , 1. ],
        [0. , 1. , 0. , 0. , 0. , 0. , 0. , 1. , 0. ],
        [1. , 0. , 1. , 1. , 1. , 1. , 1. , 0. , 1. ]],

       [[1. , 0. , 0. , 0. , 0. , 0. , 0. , 0. , 0. ],
        [0. , 0. , 0. , 0. , 0. , 0. , 0. , 0. , 0. ],
        [0. , 0. , 1. , 0. , 0. , 0. , 0. , 0. , 0. ],
        [0. , 0. , 0. , 1. , 0. , 0. , 0. , 0. , 0. ],
        [0. , 0. , 0. , 0. , 0. , 0. , 0. , 0. , 0. ],
        [0. , 0. , 0. , 0. , 0. , 0. , 0. , 0. , 0. ],
        [0. , 0. , 0. , 0. , 0. , 0. , 0. , 0. , 0. ],
        [0. , 0. , 0. , 0. , 0. , 0. , 0. , 0. , 0. ],
        [0. , 0. , 0. , 0. , 0. , 0. , 0. , 0. , 0. ]],

       [[0. , 0. , 1. , 1. , 1. , 1. , 1. , 0. , 1. ],
        [0. , 1. , 0. , 0. , 0. , 0. , 0. , 1. , 0. ],
        [0. , 0. , 0. , 0. , 0. , 0. , 1. , 0. , 1. ],
        [0. , 0. , 0. , 0. , 0. , 0. , 0. , 0. , 1. ],
        [0. , 0. , 0. , 0. , 0. , 0. , 0. , 0. , 1. ],
        [0. , 0. , 0. , 0. , 0. , 1. , 0. , 0. , 1. ],
        [0. , 0. , 0. , 0. , 0. , 0. , 0. , 0. , 0. ],
        [0. , 0. , 0. , 0. , 0. , 0. , 0. , 0. , 0. ],
        [0. , 0. , 0. , 0. , 0. , 0. , 0. , 0. , 0. ]],

       [[0. , 0. , 0. , 0. , 0. , 0. , 0. , 0. , 0. ],
        [0. , 0. , 0. , 0. , 0. , 0. , 0. , 0. , 0. ],
        [0. , 0. , 0. , 0. , 0. , 0. , 0. , 0. , 0. ],
        [0. , 0. , 0. , 0. , 0. , 0. , 0. , 0. , 0. ],
        [0. , 0. , 0. , 0. , 0. , 0. , 0. , 0. , 0. ],
        [0. , 0. , 0. , 0. , 0. , 0. , 0. , 0. , 0. ],
        [0. , 0. , 0. , 0. , 0. , 0. , 0. , 0. , 0. ],
        [0. , 0. , 0. , 0. , 0. , 0. , 0. , 0. , 0. ],
        [0. , 0. , 0. , 0. , 0. , 0. , 0. , 0. , 0. ]],

       [[0. , 0. , 0. , 0. , 0. , 0. , 0. , 0. , 0. ],
        [0. , 0. , 0. , 0. , 0. , 0. , 0. , 0. , 0. ],
        [1. , 0. , 0. , 0. , 0. , 0. , 0. , 0. , 0. ],
        [1. , 0. , 0. , 0. , 0. , 1. , 0. , 0. , 0. ],
        [1. , 0. , 0. , 0. , 1. , 0. , 0. , 0. , 0. ],
        [1. , 0. , 0. , 1. , 0. , 0. , 0. , 0. , 0. ],
        [1. , 0. , 1. , 0. , 0. , 0. , 1. , 0. , 1. ],
        [0. , 1. , 0. , 0. , 0. , 0. , 0. , 1. , 0. ],
        [1. , 0. , 1. , 1. , 1. , 1. , 1. , 0. , 1. ]],

       [[1. , 0. , 0. , 0. , 0. , 0. , 0. , 0. , 1. ],
        [0. , 0. , 0. , 0. , 0. , 0. , 0. , 0. , 0. ],
        [0. , 0. , 0. , 0. , 0. , 0. , 0. , 0. , 0. ],
        [0. , 0. , 0. , 0. , 0. , 0. , 0. , 0. , 0. ],
        [0. , 0. , 0. , 0. , 0. , 0. , 0. , 0. , 0. ],
        [0. , 0. , 0. , 0. , 0. , 0. , 0. , 0. , 0. ],
        [0. , 0. , 0. , 0. , 0. , 0. , 0. , 0. , 0. ],
        [0. , 0. , 0. , 0. , 0. , 0. , 0. , 0. , 0. ],
        [1. , 0. , 0. , 0. , 0. , 0. , 0. , 0. , 1. ]],

       [[2. , 0. , 0.4, 0.4, 0.4, 0.4, 0.4, 0. , 2. ],
        [0. , 0.4, 0. , 0. , 0. , 0. , 0. , 0.4, 0. ],
        [0.4, 0. , 0.4, 0. , 0. , 0. , 0.4, 0. , 0.4],
        [0.4, 0. , 0. , 0.4, 0. , 0.4, 0. , 0. , 0.4],
        [0.4, 0. , 0. , 0. , 3. , 0. , 0. , 0. , 0.4],
        [0.4, 0. , 0. , 0.4, 0. , 0.4, 0. , 0. , 0.4],
        [0.4, 0. , 0.4, 0. , 0. , 0. , 0.4, 0. , 0.4],
        [0. , 0.4, 0. , 0. , 0. , 0. , 0. , 0.4, 0. ],
        [2. , 0. , 0.4, 0.4, 0.4, 0.4, 0.4, 0. , 2. ]],

       [[0.6, 0. , 0.5, 0. , 0. , 0. , 0. , 0. , 0.7],
        [0. , 1.1, 0. , 0. , 0. , 0. , 0. , 1.3, 0. ],
        [2.1, 0. , 0. , 0. , 0. , 0. , 0. , 0. , 1. ],
        [0.2, 0. , 0. , 0. , 0. , 0.5, 0. , 0. , 1.2],
        [0.2, 0. , 0. , 0. , 0.3, 0. , 0. , 0. , 1.2],
        [0.2, 0. , 0. , 0. , 0. , 0. , 0. , 0. , 1.2],
        [0.3, 0. , 0. , 0. , 0. , 0. , 1.3, 0. , 0.4],
        [0. , 0. , 0. , 0. , 0. , 0. , 0. , 0.8, 0. ],
        [0.6, 0. , 0. , 0. , 0. , 0. , 0. , 0. , 1.1]],

       [[0.2, 0. , 0. , 0. , 0. , 0. , 0. , 0. , 0. ],
        [0. , 0.3, 0. , 0. , 0. , 0. , 0. , 0.7, 0. ],
        [1.2, 0. , 0. , 0. , 0. , 0. , 0. , 0. , 0.5],
        [0. , 0. , 0. , 0. , 0. , 0. , 0. , 0. , 0.8],
        [0. , 0. , 0. , 0. , 0.3, 0. , 0. , 0. , 0.8],
        [0. , 0. , 0. , 0. , 0. , 0. , 0. , 0. , 0.8],
        [0. , 0. , 0. , 0. , 0. , 0. , 0. , 0. , 0. ],
        [0. , 0. , 0. , 0. , 0. , 0. , 0. , 0.2, 0. ],
        [0. , 0. , 0. , 0. , 0. , 0. , 0. , 0. , 0.5]],

       [[0.1, 0. , 0.5, 0. , 0. , 0. , 0. , 0. , 0. ],
        [0. , 0.3, 0. , 0. , 0. , 0. , 0. , 0.6, 0. ],
        [0.4, 0. , 0. , 0. , 0. , 0. , 0. , 0. , 0.5],
        [0.2, 0. , 0. , 0. , 0. , 0.5, 0. , 0. , 0.2],
        [0.2, 0. , 0. , 0. , 0. , 0. , 0. , 0. , 0.2],
        [0.2, 0. , 0. , 0. , 0. , 0. , 0. , 0. , 0.2],
        [0. , 0. , 0. , 0. , 0. , 0. , 0. , 0. , 0.2],
        [0. , 0. , 0. , 0. , 0. , 0. , 0. , 0.6, 0. ],
        [0. , 0. , 0. , 0. , 0. , 0. , 0. , 0. , 0.4]],

       [[0.2, 0. , 0. , 0. , 0. , 0. , 0. , 0. , 0.6],
        [0. , 0.5, 0. , 0. , 0. , 0. , 0. , 0. , 0. ],
        [0.5, 0. , 0. , 0. , 0. , 0. , 0. , 0. , 0. ],
        [0. , 0. , 0. , 0. , 0. , 0. , 0. , 0. , 0.2],
        [0. , 0. , 0. , 0. , 0. , 0. , 0. , 0. , 0.2],
        [0. , 0. , 0. , 0. , 0. , 0. , 0. , 0. , 0.2],
        [0.3, 0. , 0. , 0. , 0. , 0. , 1.3, 0. , 0.2],
        [0. , 0. , 0. , 0. , 0. , 0. , 0. , 0. , 0. ],
        [0.5, 0. , 0. , 0. , 0. , 0. , 0. , 0. , 0.1]],

       [[0. , 0. , 0. , 0. , 0. , 0. , 0. , 0. , 0. ],
        [0. , 0. , 0. , 0. , 0. , 0. , 0. , 0. , 0. ],
        [0. , 0. , 0. , 0. , 0. , 0. , 0. , 0. , 0. ],
        [0. , 0. , 0. , 0. , 0. , 0. , 0. , 0. , 0. ],
        [0. , 0. , 0. , 0. , 0. , 0. , 0. , 0. , 0. ],
        [0. , 0. , 0. , 0. , 0. , 0. , 0. , 0. , 0. ],
        [0. , 0. , 0. , 0. , 0. , 0. , 0. , 0. , 0. ],
        [0. , 0. , 0. , 0. , 0. , 0. , 0. , 0. , 0. ],
        [0. , 0. , 0. , 0. , 0. , 0. , 0. , 0. , 0. ]]], dtype=float32),
                 move_feats=[array([0.8, 0.3, 0. , 0.4, 0.4, 0. ], dtype=float32),
                             array([0. , 0. , 0. , 0.4, 0. , 1. ], dtype=float32)],
                 pi=[0.4745222929936306, 0.5254777070063694],
                 z=-1.0),
 SelfPlayExample(state_tensor=array([[[1. , 0. , 1. , 1. , 1. , 1. , 1. , 0. , 1. ],
        [0. , 1. , 0. , 0. , 0. , 0. , 0. , 1. , 0. ],
        [1. , 0. , 1. , 0. , 0. , 0. , 1. , 0. , 1. ],
        [1. , 0. , 0. , 1. , 0. , 1. , 0. , 0. , 1. ],
        [1. , 0. , 0. , 0. , 1. , 0. , 0. , 0. , 1. ],
        [1. , 0. , 0. , 1. , 0. , 1. , 0. , 0. , 1. ],
        [1. , 0. , 1. , 0. , 0. , 0. , 1. , 0. , 1. ],
        [0. , 1. , 0. , 0. , 0. , 0. , 0. , 1. , 0. ],
        [1. , 0. , 1. , 1. , 1. , 1. , 1. , 0. , 1. ]],

       [[1. , 0. , 0. , 0. , 0. , 0. , 0. , 0. , 0. ],
        [0. , 0. , 0. , 0. , 0. , 0. , 0. , 0. , 0. ],
        [0. , 0. , 1. , 0. , 0. , 0. , 0. , 0. , 0. ],
        [0. , 0. , 0. , 0. , 0. , 0. , 0. , 0. , 0. ],
        [0. , 0. , 0. , 0. , 0. , 0. , 0. , 0. , 0. ],
        [0. , 0. , 0. , 0. , 0. , 0. , 0. , 0. , 0. ],
        [0. , 0. , 0. , 0. , 0. , 0. , 0. , 0. , 0. ],
        [0. , 0. , 0. , 0. , 0. , 0. , 0. , 0. , 0. ],
        [0. , 0. , 0. , 0. , 0. , 0. , 0. , 0. , 0. ]],

       [[0. , 0. , 1. , 1. , 1. , 1. , 1. , 0. , 1. ],
        [0. , 1. , 0. , 0. , 0. , 0. , 0. , 1. , 0. ],
        [0. , 0. , 0. , 0. , 0. , 0. , 1. , 0. , 1. ],
        [0. , 0. , 0. , 0. , 0. , 0. , 0. , 0. , 1. ],
        [0. , 0. , 0. , 0. , 0. , 0. , 0. , 0. , 1. ],
        [0. , 0. , 0. , 0. , 0. , 1. , 0. , 0. , 1. ],
        [0. , 0. , 0. , 0. , 0. , 0. , 0. , 0. , 0. ],
        [0. , 0. , 0. , 0. , 0. , 0. , 0. , 0. , 0. ],
        [0. , 0. , 0. , 0. , 0. , 0. , 0. , 0. , 0. ]],

       [[0. , 0. , 0. , 0. , 0. , 0. , 0. , 0. , 0. ],
        [0. , 0. , 0. , 0. , 0. , 0. , 0. , 0. , 0. ],
        [0. , 0. , 0. , 0. , 0. , 0. , 0. , 0. , 0. ],
        [0. , 0. , 0. , 0. , 0. , 0. , 0. , 0. , 0. ],
        [0. , 0. , 0. , 0. , 0. , 0. , 0. , 0. , 0. ],
        [0. , 0. , 0. , 0. , 0. , 0. , 0. , 0. , 0. ],
        [0. , 0. , 0. , 0. , 0. , 0. , 0. , 0. , 0. ],
        [0. , 0. , 0. , 0. , 0. , 0. , 0. , 0. , 0. ],
        [0. , 0. , 0. , 0. , 0. , 0. , 0. , 0. , 0. ]],

       [[0. , 0. , 0. , 0. , 0. , 0. , 0. , 0. , 0. ],
        [0. , 0. , 0. , 0. , 0. , 0. , 0. , 0. , 0. ],
        [1. , 0. , 0. , 0. , 0. , 0. , 0. , 0. , 0. ],
        [1. , 0. , 0. , 1. , 0. , 1. , 0. , 0. , 0. ],
        [1. , 0. , 0. , 0. , 1. , 0. , 0. , 0. , 0. ],
        [1. , 0. , 0. , 1. , 0. , 0. , 0. , 0. , 0. ],
        [1. , 0. , 1. , 0. , 0. , 0. , 1. , 0. , 1. ],
        [0. , 1. , 0. , 0. , 0. , 0. , 0. , 1. , 0. ],
        [1. , 0. , 1. , 1. , 1. , 1. , 1. , 0. , 1. ]],

       [[1. , 0. , 0. , 0. , 0. , 0. , 0. , 0. , 1. ],
        [0. , 0. , 0. , 0. , 0. , 0. , 0. , 0. , 0. ],
        [0. , 0. , 0. , 0. , 0. , 0. , 0. , 0. , 0. ],
        [0. , 0. , 0. , 0. , 0. , 0. , 0. , 0. , 0. ],
        [0. , 0. , 0. , 0. , 0. , 0. , 0. , 0. , 0. ],
        [0. , 0. , 0. , 0. , 0. , 0. , 0. , 0. , 0. ],
        [0. , 0. , 0. , 0. , 0. , 0. , 0. , 0. , 0. ],
        [0. , 0. , 0. , 0. , 0. , 0. , 0. , 0. , 0. ],
        [1. , 0. , 0. , 0. , 0. , 0. , 0. , 0. , 1. ]],

       [[2. , 0. , 0.4, 0.4, 0.4, 0.4, 0.4, 0. , 2. ],
        [0. , 0.4, 0. , 0. , 0. , 0. , 0. , 0.4, 0. ],
        [0.4, 0. , 0.4, 0. , 0. , 0. , 0.4, 0. , 0.4],
        [0.4, 0. , 0. , 0.4, 0. , 0.4, 0. , 0. , 0.4],
        [0.4, 0. , 0. , 0. , 3. , 0. , 0. , 0. , 0.4],
        [0.4, 0. , 0. , 0.4, 0. , 0.4, 0. , 0. , 0.4],
        [0.4, 0. , 0.4, 0. , 0. , 0. , 0.4, 0. , 0.4],
        [0. , 0.4, 0. , 0. , 0. , 0. , 0. , 0.4, 0. ],
        [2. , 0. , 0.4, 0.4, 0.4, 0.4, 0.4, 0. , 2. ]],

       [[1. , 0. , 0. , 0. , 0. , 0. , 0. , 0. , 0.9],
        [0. , 0.5, 0. , 0. , 0. , 0. , 0. , 1. , 0. ],
        [2. , 0. , 0. , 0. , 0. , 0. , 1.9, 0. , 0. ],
        [0. , 0. , 0. , 0.3, 0. , 0.5, 0. , 0. , 0. ],
        [0. , 0. , 0. , 0. , 0. , 0. , 0. , 0. , 0. ],
        [0. , 0. , 0. , 0. , 0. , 0. , 0. , 0. , 0. ],
        [0.5, 0. , 0. , 0. , 0. , 0. , 0. , 0. , 1.7],
        [0. , 0. , 0. , 0. , 0. , 0. , 0. , 0.9, 0. ],
        [0.6, 0. , 0. , 0. , 0. , 0. , 0. , 0. , 1.1]],

       [[0.3, 0. , 0. , 0. , 0. , 0. , 0. , 0. , 0.2],
        [0. , 0. , 0. , 0. , 0. , 0. , 0. , 0.5, 0. ],
        [0.6, 0. , 0. , 0. , 0. , 0. , 0.7, 0. , 0. ],
        [0. , 0. , 0. , 0.3, 0. , 0. , 0. , 0. , 0. ],
        [0. , 0. , 0. , 0. , 0. , 0. , 0. , 0. , 0. ],
        [0. , 0. , 0. , 0. , 0. , 0. , 0. , 0. , 0. ],
        [0. , 0. , 0. , 0. , 0. , 0. , 0. , 0. , 0. ],
        [0. , 0. , 0. , 0. , 0. , 0. , 0. , 0.5, 0. ],
        [0. , 0. , 0. , 0. , 0. , 0. , 0. , 0. , 0. ]],

       [[0.3, 0. , 0. , 0. , 0. , 0. , 0. , 0. , 0.6],
        [0. , 0.5, 0. , 0. , 0. , 0. , 0. , 0.5, 0. ],
        [0.6, 0. , 0. , 0. , 0. , 0. , 0.6, 0. , 0. ],
        [0. , 0. , 0. , 0. , 0. , 0.5, 0. , 0. , 0. ],
        [0. , 0. , 0. , 0. , 0. , 0. , 0. , 0. , 0. ],
        [0. , 0. , 0. , 0. , 0. , 0. , 0. , 0. , 0. ],
        [0. , 0. , 0. , 0. , 0. , 0. , 0. , 0. , 0.3],
        [0. , 0. , 0. , 0. , 0. , 0. , 0. , 0.4, 0. ],
        [0.4, 0. , 0. , 0. , 0. , 0. , 0. , 0. , 1. ]],

       [[0.3, 0. , 0. , 0. , 0. , 0. , 0. , 0. , 0. ],
        [0. , 0. , 0. , 0. , 0. , 0. , 0. , 0. , 0. ],
        [0.8, 0. , 0. , 0. , 0. , 0. , 0.6, 0. , 0. ],
        [0. , 0. , 0. , 0. , 0. , 0. , 0. , 0. , 0. ],
        [0. , 0. , 0. , 0. , 0. , 0. , 0. , 0. , 0. ],
        [0. , 0. , 0. , 0. , 0. , 0. , 0. , 0. , 0. ],
        [0.5, 0. , 0. , 0. , 0. , 0. , 0. , 0. , 1.4],
        [0. , 0. , 0. , 0. , 0. , 0. , 0. , 0. , 0. ],
        [0.1, 0. , 0. , 0. , 0. , 0. , 0. , 0. , 0. ]],

       [[0. , 0. , 0. , 0. , 0. , 0. , 0. , 0. , 0. ],
        [0. , 0. , 0. , 0. , 0. , 0. , 0. , 0. , 0. ],
        [0. , 0. , 0. , 0. , 0. , 0. , 0. , 0. , 0. ],
        [0. , 0. , 0. , 0. , 0. , 0. , 0. , 0. , 0. ],
        [0. , 0. , 0. , 0. , 0. , 0. , 0. , 0. , 0. ],
        [0. , 0. , 0. , 0. , 0. , 0. , 0. , 0. , 0. ],
        [0. , 0. , 0. , 0. , 0. , 0. , 0. , 0. , 0. ],
        [0. , 0. , 0. , 0. , 0. , 0. , 0. , 0. , 0. ],
        [0. , 0. , 0. , 0. , 0. , 0. , 0. , 0. , 0. ]]], dtype=float32),
                 move_feats=[array([2.1, 0.9, 0. , 0.4, 0.6, 0. ], dtype=float32),
                             array([1.5, 0.6, 0. , 0.4, 0.4, 0. ], dtype=float32),
                             array([0. , 0. , 0. , 0.4, 0. , 1. ], dtype=float32)],
                 pi=[0.25, 0.5, 0.25],
                 z=-1.0),
 SelfPlayExample(state_tensor=array([[[1. , 0. , 1. , 1. , 1. , 1. , 1. , 0. , 1. ],
        [0. , 1. , 0. , 0. , 0. , 0. , 0. , 1. , 0. ],
        [1. , 0. , 1. , 0. , 0. , 0. , 1. , 0. , 1. ],
        [1. , 0. , 0. , 1. , 0. , 1. , 0. , 0. , 1. ],
        [1. , 0. , 0. , 0. , 1. , 0. , 0. , 0. , 1. ],
        [1. , 0. , 0. , 1. , 0. , 1. , 0. , 0. , 1. ],
        [1. , 0. , 1. , 0. , 0. , 0. , 1. , 0. , 1. ],
        [0. , 1. , 0. , 0. , 0. , 0. , 0. , 1. , 0. ],
        [1. , 0. , 1. , 1. , 1. , 1. , 1. , 0. , 1. ]],

       [[1. , 0. , 0. , 0. , 0. , 0. , 0. , 0. , 0. ],
        [0. , 1. , 0. , 0. , 0. , 0. , 0. , 0. , 0. ],
        [0. , 0. , 0. , 0. , 0. , 0. , 0. , 0. , 0. ],
        [0. , 0. , 0. , 0. , 0. , 0. , 0. , 0. , 0. ],
        [0. , 0. , 0. , 0. , 0. , 0. , 0. , 0. , 0. ],
        [0. , 0. , 0. , 0. , 0. , 0. , 0. , 0. , 0. ],
        [0. , 0. , 0. , 0. , 0. , 0. , 0. , 0. , 0. ],
        [0. , 0. , 0. , 0. , 0. , 0. , 0. , 0. , 0. ],
        [0. , 0. , 0. , 0. , 0. , 0. , 0. , 0. , 0. ]],

       [[0. , 0. , 1. , 1. , 1. , 1. , 1. , 0. , 1. ],
        [0. , 0. , 0. , 0. , 0. , 0. , 0. , 1. , 0. ],
        [0. , 0. , 0. , 0. , 0. , 0. , 1. , 0. , 1. ],
        [0. , 0. , 0. , 0. , 0. , 0. , 0. , 0. , 0. ],
        [0. , 0. , 0. , 0. , 0. , 0. , 0. , 0. , 0. ],
        [0. , 0. , 0. , 0. , 0. , 1. , 0. , 0. , 0. ],
        [0. , 0. , 0. , 0. , 0. , 0. , 0. , 0. , 0. ],
        [0. , 0. , 0. , 0. , 0. , 0. , 0. , 0. , 0. ],
        [0. , 0. , 0. , 0. , 0. , 0. , 0. , 0. , 0. ]],

       [[0. , 0. , 0. , 0. , 0. , 0. , 0. , 0. , 0. ],
        [0. , 0. , 0. , 0. , 0. , 0. , 0. , 0. , 0. ],
        [0. , 0. , 0. , 0. , 0. , 0. , 0. , 0. , 0. ],
        [0. , 0. , 0. , 0. , 0. , 0. , 0. , 0. , 0. ],
        [0. , 0. , 0. , 0. , 0. , 0. , 0. , 0. , 0. ],
        [0. , 0. , 0. , 0. , 0. , 0. , 0. , 0. , 0. ],
        [0. , 0. , 0. , 0. , 0. , 0. , 0. , 0. , 0. ],
        [0. , 0. , 0. , 0. , 0. , 0. , 0. , 0. , 0. ],
        [0. , 0. , 0. , 0. , 0. , 0. , 0. , 0. , 0. ]],

       [[0. , 0. , 0. , 0. , 0. , 0. , 0. , 0. , 0. ],
        [0. , 0. , 0. , 0. , 0. , 0. , 0. , 0. , 0. ],
        [1. , 0. , 1. , 0. , 0. , 0. , 0. , 0. , 0. ],
        [1. , 0. , 0. , 1. , 0. , 1. , 0. , 0. , 1. ],
        [1. , 0. , 0. , 0. , 1. , 0. , 0. , 0. , 1. ],
        [1. , 0. , 0. , 1. , 0. , 0. , 0. , 0. , 1. ],
        [1. , 0. , 1. , 0. , 0. , 0. , 1. , 0. , 1. ],
        [0. , 1. , 0. , 0. , 0. , 0. , 0. , 1. , 0. ],
        [1. , 0. , 1. , 1. , 1. , 1. , 1. , 0. , 1. ]],

       [[1. , 0. , 0. , 0. , 0. , 0. , 0. , 0. , 1. ],
        [0. , 0. , 0. , 0. , 0. , 0. , 0. , 0. , 0. ],
        [0. , 0. , 0. , 0. , 0. , 0. , 0. , 0. , 0. ],
        [0. , 0. , 0. , 0. , 0. , 0. , 0. , 0. , 0. ],
        [0. , 0. , 0. , 0. , 0. , 0. , 0. , 0. , 0. ],
        [0. , 0. , 0. , 0. , 0. , 0. , 0. , 0. , 0. ],
        [0. , 0. , 0. , 0. , 0. , 0. , 0. , 0. , 0. ],
        [0. , 0. , 0. , 0. , 0. , 0. , 0. , 0. , 0. ],
        [1. , 0. , 0. , 0. , 0. , 0. , 0. , 0. , 1. ]],

       [[2. , 0. , 0.4, 0.4, 0.4, 0.4, 0.4, 0. , 2. ],
        [0. , 0.4, 0. , 0. , 0. , 0. , 0. , 0.4, 0. ],
        [0.4, 0. , 0.4, 0. , 0. , 0. , 0.4, 0. , 0.4],
        [0.4, 0. , 0. , 0.4, 0. , 0.4, 0. , 0. , 0.4],
        [0.4, 0. , 0. , 0. , 3. , 0. , 0. , 0. , 0.4],
        [0.4, 0. , 0. , 0.4, 0. , 0.4, 0. , 0. , 0.4],
        [0.4, 0. , 0.4, 0. , 0. , 0. , 0.4, 0. , 0.4],
        [0. , 0.4, 0. , 0. , 0. , 0. , 0. , 0.4, 0. ],
        [2. , 0. , 0.4, 0.4, 0.4, 0.4, 0.4, 0. , 2. ]],

       [[0.4, 0. , 0. , 0. , 0. , 0. , 0. , 0. , 0.9],
        [0. , 0.7, 0. , 0. , 0. , 0. , 0. , 0.8, 0. ],
        [2.5, 0. , 0.3, 0. , 0. , 0. , 2.3, 0. , 0. ],
        [0. , 0. , 0. , 0. , 0. , 0.1, 0. , 0. , 1.7],
        [0. , 0. , 0. , 0. , 0. , 0. , 0. , 0. , 1.7],
        [0. , 0. , 0. , 0. , 0. , 0. , 0. , 0. , 1.7],
        [0.1, 0. , 0. , 0. , 0. , 0. , 0.9, 0. , 0. ],
        [0. , 0.4, 0. , 0. , 0. , 0. , 0. , 1. , 0. ],
        [0.6, 0. , 0. , 0. , 0. , 0. , 0. , 0. , 1.1]],

       [[0. , 0. , 0. , 0. , 0. , 0. , 0. , 0. , 0.5],
        [0. , 0.3, 0. , 0. , 0. , 0. , 0. , 0.2, 0. ],
        [0.6, 0. , 0.3, 0. , 0. , 0. , 1.2, 0. , 0. ],
        [0. , 0. , 0. , 0. , 0. , 0. , 0. , 0. , 0. ],
        [0. , 0. , 0. , 0. , 0. , 0. , 0. , 0. , 0. ],
        [0. , 0. , 0. , 0. , 0. , 0. , 0. , 0. , 0. ],
        [0. , 0. , 0. , 0. , 0. , 0. , 0.5, 0. , 0. ],
        [0. , 0. , 0. , 0. , 0. , 0. , 0. , 0. , 0. ],
        [0. , 0. , 0. , 0. , 0. , 0. , 0. , 0. , 0.4]],

       [[0.1, 0. , 0. , 0. , 0. , 0. , 0. , 0. , 0. ],
        [0. , 0.1, 0. , 0. , 0. , 0. , 0. , 0.6, 0. ],
        [0.6, 0. , 0. , 0. , 0. , 0. , 1.1, 0. , 0. ],
        [0. , 0. , 0. , 0. , 0. , 0.1, 0. , 0. , 0.3],
        [0. , 0. , 0. , 0. , 0. , 0. , 0. , 0. , 0.3],
        [0. , 0. , 0. , 0. , 0. , 0. , 0. , 0. , 0.3],
        [0. , 0. , 0. , 0. , 0. , 0. , 0.4, 0. , 0. ],
        [0. , 0.4, 0. , 0. , 0. , 0. , 0. , 1. , 0. ],
        [0. , 0. , 0. , 0. , 0. , 0. , 0. , 0. , 0.4]],

       [[0.2, 0. , 0. , 0. , 0. , 0. , 0. , 0. , 0.3],
        [0. , 0.3, 0. , 0. , 0. , 0. , 0. , 0. , 0. ],
        [1.3, 0. , 0. , 0. , 0. , 0. , 0. , 0. , 0. ],
        [0. , 0. , 0. , 0. , 0. , 0. , 0. , 0. , 1.4],
        [0. , 0. , 0. , 0. , 0. , 0. , 0. , 0. , 1.4],
        [0. , 0. , 0. , 0. , 0. , 0. , 0. , 0. , 1.4],
        [0.1, 0. , 0. , 0. , 0. , 0. , 0. , 0. , 0. ],
        [0. , 0. , 0. , 0. , 0. , 0. , 0. , 0. , 0. ],
        [0.5, 0. , 0. , 0. , 0. , 0. , 0. , 0. , 0.2]],

       [[0. , 0. , 0. , 0. , 0. , 0. , 0. , 0. , 0. ],
        [0. , 0. , 0. , 0. , 0. , 0. , 0. , 0. , 0. ],
        [0. , 0. , 0. , 0. , 0. , 0. , 0. , 0. , 0. ],
        [0. , 0. , 0. , 0. , 0. , 0. , 0. , 0. , 0. ],
        [0. , 0. , 0. , 0. , 0. , 0. , 0. , 0. , 0. ],
        [0. , 0. , 0. , 0. , 0. , 0. , 0. , 0. , 0. ],
        [0. , 0. , 0. , 0. , 0. , 0. , 0. , 0. , 0. ],
        [0. , 0. , 0. , 0. , 0. , 0. , 0. , 0. , 0. ],
        [0. , 0. , 0. , 0. , 0. , 0. , 0. , 0. , 0. ]]], dtype=float32),
                 move_feats=[array([2.1, 0.9, 0. , 0.4, 0.8, 0. ], dtype=float32),
                             array([0. , 0. , 0. , 0.4, 0. , 1. ], dtype=float32)],
                 pi=[0.3782668500687758, 0.6217331499312242],
                 z=-1.0),
 SelfPlayExample(state_tensor=array([[[1. , 0. , 1. , 1. , 1. , 1. , 1. , 0. , 1. ],
        [0. , 1. , 0. , 0. , 0. , 0. , 0. , 1. , 0. ],
        [1. , 0. , 1. , 0. , 0. , 0. , 1. , 0. , 1. ],
        [1. , 0. , 0. , 1. , 0. , 1. , 0. , 0. , 1. ],
        [1. , 0. , 0. , 0. , 1. , 0. , 0. , 0. , 1. ],
        [1. , 0. , 0. , 1. , 0. , 1. , 0. , 0. , 1. ],
        [1. , 0. , 1. , 0. , 0. , 0. , 1. , 0. , 1. ],
        [0. , 1. , 0. , 0. , 0. , 0. , 0. , 1. , 0. ],
        [1. , 0. , 1. , 1. , 1. , 1. , 1. , 0. , 1. ]],

       [[1. , 0. , 1. , 0. , 0. , 0. , 0. , 0. , 0. ],
        [0. , 0. , 0. , 0. , 0. , 0. , 0. , 0. , 0. ],
        [0. , 0. , 0. , 0. , 0. , 0. , 0. , 0. , 0. ],
        [0. , 0. , 0. , 0. , 0. , 0. , 0. , 0. , 0. ],
        [0. , 0. , 0. , 0. , 0. , 0. , 0. , 0. , 0. ],
        [0. , 0. , 0. , 0. , 0. , 0. , 0. , 0. , 0. ],
        [0. , 0. , 0. , 0. , 0. , 0. , 0. , 0. , 0. ],
        [0. , 0. , 0. , 0. , 0. , 0. , 0. , 0. , 0. ],
        [0. , 0. , 0. , 0. , 0. , 0. , 0. , 0. , 0. ]],

       [[0. , 0. , 0. , 1. , 1. , 1. , 1. , 0. , 1. ],
        [0. , 0. , 0. , 0. , 0. , 0. , 0. , 1. , 0. ],
        [0. , 0. , 0. , 0. , 0. , 0. , 1. , 0. , 0. ],
        [0. , 0. , 0. , 0. , 0. , 0. , 0. , 0. , 0. ],
        [0. , 0. , 0. , 0. , 0. , 0. , 0. , 0. , 0. ],
        [0. , 0. , 0. , 0. , 0. , 0. , 0. , 0. , 0. ],
        [0. , 0. , 0. , 0. , 0. , 0. , 0. , 0. , 0. ],
        [0. , 0. , 0. , 0. , 0. , 0. , 0. , 0. , 0. ],
        [0. , 0. , 0. , 0. , 0. , 0. , 0. , 0. , 0. ]],

       [[0. , 0. , 0. , 0. , 0. , 0. , 0. , 0. , 0. ],
        [0. , 0. , 0. , 0. , 0. , 0. , 0. , 0. , 0. ],
        [0. , 0. , 0. , 0. , 0. , 0. , 0. , 0. , 0. ],
        [0. , 0. , 0. , 0. , 0. , 0. , 0. , 0. , 0. ],
        [0. , 0. , 0. , 0. , 0. , 0. , 0. , 0. , 0. ],
        [0. , 0. , 0. , 0. , 0. , 0. , 0. , 0. , 0. ],
        [0. , 0. , 0. , 0. , 0. , 0. , 0. , 0. , 0. ],
        [0. , 0. , 0. , 0. , 0. , 0. , 0. , 0. , 0. ],
        [0. , 0. , 0. , 0. , 0. , 0. , 0. , 0. , 0. ]],

       [[0. , 0. , 0. , 0. , 0. , 0. , 0. , 0. , 0. ],
        [0. , 1. , 0. , 0. , 0. , 0. , 0. , 0. , 0. ],
        [1. , 0. , 1. , 0. , 0. , 0. , 0. , 0. , 1. ],
        [1. , 0. , 0. , 1. , 0. , 1. , 0. , 0. , 1. ],
        [1. , 0. , 0. , 0. , 1. , 0. , 0. , 0. , 1. ],
        [1. , 0. , 0. , 1. , 0. , 1. , 0. , 0. , 1. ],
        [1. , 0. , 1. , 0. , 0. , 0. , 1. , 0. , 1. ],
        [0. , 1. , 0. , 0. , 0. , 0. , 0. , 1. , 0. ],
        [1. , 0. , 1. , 1. , 1. , 1. , 1. , 0. , 1. ]],

       [[1. , 0. , 0. , 0. , 0. , 0. , 0. , 0. , 1. ],
        [0. , 0. , 0. , 0. , 0. , 0. , 0. , 0. , 0. ],
        [0. , 0. , 0. , 0. , 0. , 0. , 0. , 0. , 0. ],
        [0. , 0. , 0. , 0. , 0. , 0. , 0. , 0. , 0. ],
        [0. , 0. , 0. , 0. , 0. , 0. , 0. , 0. , 0. ],
        [0. , 0. , 0. , 0. , 0. , 0. , 0. , 0. , 0. ],
        [0. , 0. , 0. , 0. , 0. , 0. , 0. , 0. , 0. ],
        [0. , 0. , 0. , 0. , 0. , 0. , 0. , 0. , 0. ],
        [1. , 0. , 0. , 0. , 0. , 0. , 0. , 0. , 1. ]],

       [[2. , 0. , 0.4, 0.4, 0.4, 0.4, 0.4, 0. , 2. ],
        [0. , 0.4, 0. , 0. , 0. , 0. , 0. , 0.4, 0. ],
        [0.4, 0. , 0.4, 0. , 0. , 0. , 0.4, 0. , 0.4],
        [0.4, 0. , 0. , 0.4, 0. , 0.4, 0. , 0. , 0.4],
        [0.4, 0. , 0. , 0. , 3. , 0. , 0. , 0. , 0.4],
        [0.4, 0. , 0. , 0.4, 0. , 0.4, 0. , 0. , 0.4],
        [0.4, 0. , 0.4, 0. , 0. , 0. , 0.4, 0. , 0.4],
        [0. , 0.4, 0. , 0. , 0. , 0. , 0. , 0.4, 0. ],
        [2. , 0. , 0.4, 0.4, 0.4, 0.4, 0.4, 0. , 2. ]],

       [[0.4, 0. , 0.4, 0. , 0. , 0. , 0. , 0. , 0.7],
        [0. , 2.4, 0. , 0. , 0. , 0. , 0. , 0.5, 0. ],
        [0.1, 0. , 0. , 0. , 0. , 0. , 2.3, 0. , 1.2],
        [0. , 0. , 0. , 0. , 0. , 0.1, 0. , 0. , 0. ],
        [0. , 0. , 0. , 0. , 0. , 0. , 0. , 0. , 0. ],
        [0. , 0. , 0. , 0. , 0. , 0.9, 0. , 0. , 0. ],
        [0.9, 0. , 0. , 0. , 0. , 0. , 0. , 0. , 1.2],
        [0. , 0. , 0. , 0. , 0. , 0. , 0. , 0.8, 0. ],
        [0.6, 0. , 0. , 0. , 0. , 0. , 0. , 0. , 1.1]],

       [[0. , 0. , 0.3, 0. , 0. , 0. , 0. , 0. , 0.1],
        [0. , 0.6, 0. , 0. , 0. , 0. , 0. , 0.5, 0. ],
        [0. , 0. , 0. , 0. , 0. , 0. , 1.2, 0. , 0. ],
        [0. , 0. , 0. , 0. , 0. , 0. , 0. , 0. , 0. ],
        [0. , 0. , 0. , 0. , 0. , 0. , 0. , 0. , 0. ],
        [0. , 0. , 0. , 0. , 0. , 0.5, 0. , 0. , 0. ],
        [0. , 0. , 0. , 0. , 0. , 0. , 0. , 0. , 0. ],
        [0. , 0. , 0. , 0. , 0. , 0. , 0. , 0.4, 0. ],
        [0. , 0. , 0. , 0. , 0. , 0. , 0. , 0. , 0.4]],

       [[0.1, 0. , 0.1, 0. , 0. , 0. , 0. , 0. , 0.2],
        [0. , 0.6, 0. , 0. , 0. , 0. , 0. , 0. , 0. ],
        [0. , 0. , 0. , 0. , 0. , 0. , 1.1, 0. , 0.3],
        [0. , 0. , 0. , 0. , 0. , 0.1, 0. , 0. , 0. ],
        [0. , 0. , 0. , 0. , 0. , 0. , 0. , 0. , 0. ],
        [0. , 0. , 0. , 0. , 0. , 0.4, 0. , 0. , 0. ],
        [0.4, 0. , 0. , 0. , 0. , 0. , 0. , 0. , 1. ],
        [0. , 0. , 0. , 0. , 0. , 0. , 0. , 0.4, 0. ],
        [0. , 0. , 0. , 0. , 0. , 0. , 0. , 0. , 0. ]],

       [[0.2, 0. , 0. , 0. , 0. , 0. , 0. , 0. , 0.3],
        [0. , 1.2, 0. , 0. , 0. , 0. , 0. , 0. , 0. ],
        [0.1, 0. , 0. , 0. , 0. , 0. , 0. , 0. , 0.9],
        [0. , 0. , 0. , 0. , 0. , 0. , 0. , 0. , 0. ],
        [0. , 0. , 0. , 0. , 0. , 0. , 0. , 0. , 0. ],
        [0. , 0. , 0. , 0. , 0. , 0. , 0. , 0. , 0. ],
        [0.5, 0. , 0. , 0. , 0. , 0. , 0. , 0. , 0.2],
        [0. , 0. , 0. , 0. , 0. , 0. , 0. , 0. , 0. ],
        [0.5, 0. , 0. , 0. , 0. , 0. , 0. , 0. , 0.6]],

       [[0. , 0. , 0. , 0. , 0. , 0. , 0. , 0. , 0. ],
        [0. , 0. , 0. , 0. , 0. , 0. , 0. , 0. , 0. ],
        [0. , 0. , 0. , 0. , 0. , 0. , 0. , 0. , 0. ],
        [0. , 0. , 0. , 0. , 0. , 0. , 0. , 0. , 0. ],
        [0. , 0. , 0. , 0. , 0. , 0. , 0. , 0. , 0. ],
        [0. , 0. , 0. , 0. , 0. , 0. , 0. , 0. , 0. ],
        [0. , 0. , 0. , 0. , 0. , 0. , 0. , 0. , 0. ],
        [0. , 0. , 0. , 0. , 0. , 0. , 0. , 0. , 0. ],
        [0. , 0. , 0. , 0. , 0. , 0. , 0. , 0. , 0. ]]], dtype=float32),
                 move_feats=[array([0. , 0. , 0. , 0.4, 0. , 1. ], dtype=float32)],
                 pi=[1.0],
                 z=-1.0),
 SelfPlayExample(state_tensor=array([[[1. , 0. , 1. , 1. , 1. , 1. , 1. , 0. , 1. ],
        [0. , 1. , 0. , 0. , 0. , 0. , 0. , 1. , 0. ],
        [1. , 0. , 1. , 0. , 0. , 0. , 1. , 0. , 1. ],
        [1. , 0. , 0. , 1. , 0. , 1. , 0. , 0. , 1. ],
        [1. , 0. , 0. , 0. , 1. , 0. , 0. , 0. , 1. ],
        [1. , 0. , 0. , 1. , 0. , 1. , 0. , 0. , 1. ],
        [1. , 0. , 1. , 0. , 0. , 0. , 1. , 0. , 1. ],
        [0. , 1. , 0. , 0. , 0. , 0. , 0. , 1. , 0. ],
        [1. , 0. , 1. , 1. , 1. , 1. , 1. , 0. , 1. ]],

       [[0. , 0. , 0. , 1. , 1. , 1. , 0. , 0. , 0. ],
        [0. , 0. , 0. , 0. , 0. , 0. , 0. , 0. , 0. ],
        [0. , 0. , 0. , 0. , 0. , 0. , 0. , 0. , 0. ],
        [0. , 0. , 0. , 0. , 0. , 0. , 0. , 0. , 0. ],
        [0. , 0. , 0. , 0. , 0. , 0. , 0. , 0. , 0. ],
        [0. , 0. , 0. , 0. , 0. , 0. , 0. , 0. , 0. ],
        [0. , 0. , 0. , 0. , 0. , 0. , 0. , 0. , 0. ],
        [0. , 0. , 0. , 0. , 0. , 0. , 0. , 0. , 0. ],
        [0. , 0. , 0. , 0. , 0. , 0. , 0. , 0. , 0. ]],

       [[0. , 0. , 0. , 0. , 0. , 0. , 1. , 0. , 1. ],
        [0. , 0. , 0. , 0. , 0. , 0. , 0. , 1. , 0. ],
        [0. , 0. , 0. , 0. , 0. , 0. , 1. , 0. , 0. ],
        [0. , 0. , 0. , 0. , 0. , 1. , 0. , 0. , 0. ],
        [0. , 0. , 0. , 0. , 0. , 0. , 0. , 0. , 0. ],
        [0. , 0. , 0. , 0. , 0. , 0. , 0. , 0. , 0. ],
        [0. , 0. , 0. , 0. , 0. , 0. , 0. , 0. , 0. ],
        [0. , 0. , 0. , 0. , 0. , 0. , 0. , 0. , 0. ],
        [0. , 0. , 0. , 0. , 0. , 0. , 0. , 0. , 0. ]],

       [[0. , 0. , 0. , 0. , 0. , 0. , 0. , 0. , 0. ],
        [0. , 0. , 0. , 0. , 0. , 0. , 0. , 0. , 0. ],
        [0. , 0. , 0. , 0. , 0. , 0. , 0. , 0. , 0. ],
        [0. , 0. , 0. , 0. , 0. , 0. , 0. , 0. , 0. ],
        [0. , 0. , 0. , 0. , 0. , 0. , 0. , 0. , 0. ],
        [0. , 0. , 0. , 0. , 0. , 0. , 0. , 0. , 0. ],
        [0. , 0. , 0. , 0. , 0. , 0. , 0. , 0. , 0. ],
        [0. , 0. , 0. , 0. , 0. , 0. , 0. , 0. , 0. ],
        [0. , 0. , 0. , 0. , 0. , 0. , 0. , 0. , 0. ]],

       [[1. , 0. , 1. , 0. , 0. , 0. , 0. , 0. , 0. ],
        [0. , 1. , 0. , 0. , 0. , 0. , 0. , 0. , 0. ],
        [1. , 0. , 1. , 0. , 0. , 0. , 0. , 0. , 1. ],
        [1. , 0. , 0. , 1. , 0. , 0. , 0. , 0. , 1. ],
        [1. , 0. , 0. , 0. , 1. , 0. , 0. , 0. , 1. ],
        [1. , 0. , 0. , 1. , 0. , 1. , 0. , 0. , 1. ],
        [1. , 0. , 1. , 0. , 0. , 0. , 1. , 0. , 1. ],
        [0. , 1. , 0. , 0. , 0. , 0. , 0. , 1. , 0. ],
        [1. , 0. , 1. , 1. , 1. , 1. , 1. , 0. , 1. ]],

       [[1. , 0. , 0. , 0. , 0. , 0. , 0. , 0. , 1. ],
        [0. , 0. , 0. , 0. , 0. , 0. , 0. , 0. , 0. ],
        [0. , 0. , 0. , 0. , 0. , 0. , 0. , 0. , 0. ],
        [0. , 0. , 0. , 0. , 0. , 0. , 0. , 0. , 0. ],
        [0. , 0. , 0. , 0. , 0. , 0. , 0. , 0. , 0. ],
        [0. , 0. , 0. , 0. , 0. , 0. , 0. , 0. , 0. ],
        [0. , 0. , 0. , 0. , 0. , 0. , 0. , 0. , 0. ],
        [0. , 0. , 0. , 0. , 0. , 0. , 0. , 0. , 0. ],
        [1. , 0. , 0. , 0. , 0. , 0. , 0. , 0. , 1. ]],

       [[2. , 0. , 0.4, 0.4, 0.4, 0.4, 0.4, 0. , 2. ],
        [0. , 0.4, 0. , 0. , 0. , 0. , 0. , 0.4, 0. ],
        [0.4, 0. , 0.4, 0. , 0. , 0. , 0.4, 0. , 0.4],
        [0.4, 0. , 0. , 0.4, 0. , 0.4, 0. , 0. , 0.4],
        [0.4, 0. , 0. , 0. , 3. , 0. , 0. , 0. , 0.4],
        [0.4, 0. , 0. , 0.4, 0. , 0.4, 0. , 0. , 0.4],
        [0.4, 0. , 0.4, 0. , 0. , 0. , 0.4, 0. , 0.4],
        [0. , 0.4, 0. , 0. , 0. , 0. , 0. , 0.4, 0. ],
        [2. , 0. , 0.4, 0.4, 0.4, 0.4, 0.4, 0. , 2. ]],

       [[1.7, 0. , 0.7, 0.4, 0.4, 0.4, 0. , 0. , 0.7],
        [0. , 0. , 0. , 0. , 0. , 0. , 0. , 1.7, 0. ],
        [0.5, 0. , 0. , 0. , 0. , 0. , 0. , 0. , 1.1],
        [0. , 0. , 0. , 0. , 0. , 1. , 0. , 0. , 1. ],
        [0. , 0. , 0. , 0. , 0.9, 0. , 0. , 0. , 1. ],
        [0. , 0. , 0. , 0. , 0. , 0. , 0. , 0. , 1. ],
        [0. , 0. , 0.5, 0. , 0. , 0. , 0. , 0. , 1.4],
        [0. , 0.4, 0. , 0. , 0. , 0. , 0. , 0.4, 0. ],
        [1.4, 0. , 0. , 0. , 0. , 0. , 0. , 0. , 1.1]],

       [[0. , 0. , 0.6, 0.3, 0.3, 0.3, 0. , 0. , 0.4],
        [0. , 0. , 0. , 0. , 0. , 0. , 0. , 1.2, 0. ],
        [0. , 0. , 0. , 0. , 0. , 0. , 0. , 0. , 0. ],
        [0. , 0. , 0. , 0. , 0. , 0. , 0. , 0. , 0. ],
        [0. , 0. , 0. , 0. , 0.5, 0. , 0. , 0. , 0. ],
        [0. , 0. , 0. , 0. , 0. , 0. , 0. , 0. , 0. ],
        [0. , 0. , 0. , 0. , 0. , 0. , 0. , 0. , 0.4],
        [0. , 0. , 0. , 0. , 0. , 0. , 0. , 0.4, 0. ],
        [0.9, 0. , 0. , 0. , 0. , 0. , 0. , 0. , 1. ]],

       [[0.4, 0. , 0. , 0.1, 0.1, 0.1, 0. , 0. , 0. ],
        [0. , 0. , 0. , 0. , 0. , 0. , 0. , 0.2, 0. ],
        [0. , 0. , 0. , 0. , 0. , 0. , 0. , 0. , 0. ],
        [0. , 0. , 0. , 0. , 0. , 1. , 0. , 0. , 1. ],
        [0. , 0. , 0. , 0. , 0.4, 0. , 0. , 0. , 1. ],
        [0. , 0. , 0. , 0. , 0. , 0. , 0. , 0. , 1. ],
        [0. , 0. , 0. , 0. , 0. , 0. , 0. , 0. , 0.4],
        [0. , 0.4, 0. , 0. , 0. , 0. , 0. , 0. , 0. ],
        [0.4, 0. , 0. , 0. , 0. , 0. , 0. , 0. , 0. ]],

       [[1.2, 0. , 0.1, 0. , 0. , 0. , 0. , 0. , 0.2],
        [0. , 0. , 0. , 0. , 0. , 0. , 0. , 0.3, 0. ],
        [0.5, 0. , 0. , 0. , 0. , 0. , 0. , 0. , 1.1],
        [0. , 0. , 0. , 0. , 0. , 0. , 0. , 0. , 0. ],
        [0. , 0. , 0. , 0. , 0. , 0. , 0. , 0. , 0. ],
        [0. , 0. , 0. , 0. , 0. , 0. , 0. , 0. , 0. ],
        [0. , 0. , 0.5, 0. , 0. , 0. , 0. , 0. , 0.6],
        [0. , 0. , 0. , 0. , 0. , 0. , 0. , 0. , 0. ],
        [0. , 0. , 0. , 0. , 0. , 0. , 0. , 0. , 0. ]],

       [[0. , 0. , 0. , 0. , 0. , 0. , 0. , 0. , 0. ],
        [0. , 0. , 0. , 0. , 0. , 0. , 0. , 0. , 0. ],
        [0. , 0. , 0. , 0. , 0. , 0. , 0. , 0. , 0. ],
        [0. , 0. , 0. , 0. , 0. , 0. , 0. , 0. , 0. ],
        [0. , 0. , 0. , 0. , 0. , 0. , 0. , 0. , 0. ],
        [0. , 0. , 0. , 0. , 0. , 0. , 0. , 0. , 0. ],
        [0. , 0. , 0. , 0. , 0. , 0. , 0. , 0. , 0. ],
        [0. , 0. , 0. , 0. , 0. , 0. , 0. , 0. , 0. ],
        [0. , 0. , 0. , 0. , 0. , 0. , 0. , 0. , 0. ]]], dtype=float32),
                 move_feats=[array([0.6, 0.4, 0. , 0.4, 0.4, 0. ], dtype=float32),
                             array([0. , 0. , 0. , 0.4, 0. , 1. ], dtype=float32)],
                 pi=[0.43790149892933616, 0.5620985010706638],
                 z=-1.0),
 SelfPlayExample(state_tensor=array([[[1. , 0. , 1. , 1. , 1. , 1. , 1. , 0. , 1. ],
        [0. , 1. , 0. , 0. , 0. , 0. , 0. , 1. , 0. ],
        [1. , 0. , 1. , 0. , 0. , 0. , 1. , 0. , 1. ],
        [1. , 0. , 0. , 1. , 0. , 1. , 0. , 0. , 1. ],
        [1. , 0. , 0. , 0. , 1. , 0. , 0. , 0. , 1. ],
        [1. , 0. , 0. , 1. , 0. , 1. , 0. , 0. , 1. ],
        [1. , 0. , 1. , 0. , 0. , 0. , 1. , 0. , 1. ],
        [0. , 1. , 0. , 0. , 0. , 0. , 0. , 1. , 0. ],
        [1. , 0. , 1. , 1. , 1. , 1. , 1. , 0. , 1. ]],

       [[0. , 0. , 0. , 0. , 0. , 0. , 1. , 0. , 0. ],
        [0. , 0. , 0. , 0. , 0. , 0. , 0. , 0. , 0. ],
        [0. , 0. , 0. , 0. , 0. , 0. , 0. , 0. , 0. ],
        [0. , 0. , 0. , 0. , 0. , 0. , 0. , 0. , 0. ],
        [0. , 0. , 0. , 0. , 0. , 0. , 0. , 0. , 0. ],
        [0. , 0. , 0. , 0. , 0. , 0. , 0. , 0. , 0. ],
        [0. , 0. , 0. , 0. , 0. , 0. , 0. , 0. , 0. ],
        [0. , 0. , 0. , 0. , 0. , 0. , 0. , 0. , 0. ],
        [0. , 0. , 0. , 0. , 0. , 0. , 0. , 0. , 0. ]],

       [[0. , 0. , 0. , 0. , 0. , 0. , 0. , 0. , 1. ],
        [0. , 0. , 0. , 0. , 0. , 0. , 0. , 1. , 0. ],
        [0. , 0. , 0. , 0. , 0. , 0. , 1. , 0. , 1. ],
        [0. , 0. , 0. , 0. , 0. , 1. , 0. , 0. , 0. ],
        [0. , 0. , 0. , 0. , 0. , 0. , 0. , 0. , 0. ],
        [0. , 0. , 0. , 0. , 0. , 0. , 0. , 0. , 0. ],
        [0. , 0. , 0. , 0. , 0. , 0. , 0. , 0. , 0. ],
        [0. , 0. , 0. , 0. , 0. , 0. , 0. , 0. , 0. ],
        [0. , 0. , 0. , 0. , 0. , 0. , 0. , 0. , 0. ]],

       [[0. , 0. , 0. , 0. , 0. , 0. , 0. , 0. , 0. ],
        [0. , 0. , 0. , 0. , 0. , 0. , 0. , 0. , 0. ],
        [0. , 0. , 0. , 0. , 0. , 0. , 0. , 0. , 0. ],
        [0. , 0. , 0. , 0. , 0. , 0. , 0. , 0. , 0. ],
        [0. , 0. , 0. , 0. , 0. , 0. , 0. , 0. , 0. ],
        [0. , 0. , 0. , 0. , 0. , 0. , 0. , 0. , 0. ],
        [0. , 0. , 0. , 0. , 0. , 0. , 0. , 0. , 0. ],
        [0. , 0. , 0. , 0. , 0. , 0. , 0. , 0. , 0. ],
        [0. , 0. , 0. , 0. , 0. , 0. , 0. , 0. , 0. ]],

       [[1. , 0. , 1. , 1. , 1. , 1. , 0. , 0. , 0. ],
        [0. , 1. , 0. , 0. , 0. , 0. , 0. , 0. , 0. ],
        [1. , 0. , 1. , 0. , 0. , 0. , 0. , 0. , 0. ],
        [1. , 0. , 0. , 1. , 0. , 0. , 0. , 0. , 1. ],
        [1. , 0. , 0. , 0. , 1. , 0. , 0. , 0. , 1. ],
        [1. , 0. , 0. , 1. , 0. , 1. , 0. , 0. , 1. ],
        [1. , 0. , 1. , 0. , 0. , 0. , 1. , 0. , 1. ],
        [0. , 1. , 0. , 0. , 0. , 0. , 0. , 1. , 0. ],
        [1. , 0. , 1. , 1. , 1. , 1. , 1. , 0. , 1. ]],

       [[1. , 0. , 0. , 0. , 0. , 0. , 0. , 0. , 1. ],
        [0. , 0. , 0. , 0. , 0. , 0. , 0. , 0. , 0. ],
        [0. , 0. , 0. , 0. , 0. , 0. , 0. , 0. , 0. ],
        [0. , 0. , 0. , 0. , 0. , 0. , 0. , 0. , 0. ],
        [0. , 0. , 0. , 0. , 0. , 0. , 0. , 0. , 0. ],
        [0. , 0. , 0. , 0. , 0. , 0. , 0. , 0. , 0. ],
        [0. , 0. , 0. , 0. , 0. , 0. , 0. , 0. , 0. ],
        [0. , 0. , 0. , 0. , 0. , 0. , 0. , 0. , 0. ],
        [1. , 0. , 0. , 0. , 0. , 0. , 0. , 0. , 1. ]],

       [[2. , 0. , 0.4, 0.4, 0.4, 0.4, 0.4, 0. , 2. ],
        [0. , 0.4, 0. , 0. , 0. , 0. , 0. , 0.4, 0. ],
        [0.4, 0. , 0.4, 0. , 0. , 0. , 0.4, 0. , 0.4],
        [0.4, 0. , 0. , 0.4, 0. , 0.4, 0. , 0. , 0.4],
        [0.4, 0. , 0. , 0. , 3. , 0. , 0. , 0. , 0.4],
        [0.4, 0. , 0. , 0.4, 0. , 0.4, 0. , 0. , 0.4],
        [0.4, 0. , 0.4, 0. , 0. , 0. , 0.4, 0. , 0.4],
        [0. , 0.4, 0. , 0. , 0. , 0. , 0. , 0.4, 0. ],
        [2. , 0. , 0.4, 0.4, 0.4, 0.4, 0.4, 0. , 2. ]],

       [[1.1, 0. , 1.7, 0.7, 0.7, 0.7, 0.4, 0. , 0.5],
        [0. , 0.4, 0. , 0. , 0. , 0. , 0. , 0.4, 0. ],
        [0. , 0. , 0. , 0. , 0. , 0. , 0. , 0. , 1.2],
        [0. , 0. , 0. , 0. , 0. , 0. , 0. , 0. , 2.4],
        [0. , 0. , 0. , 0. , 0.3, 0. , 0. , 0. , 2.4],
        [0. , 0. , 0. , 0. , 0. , 0. , 0. , 0. , 2.4],
        [0. , 0. , 0.4, 0. , 0. , 0. , 0. , 0. , 0.4],
        [0. , 1.3, 0. , 0. , 0. , 0. , 0. , 1. , 0. ],
        [0.5, 0. , 0. , 0. , 0. , 0. , 0. , 0. , 1.1]],

       [[0. , 0. , 0. , 0.6, 0.6, 0.6, 0.3, 0. , 0.1],
        [0. , 0. , 0. , 0. , 0. , 0. , 0. , 0.4, 0. ],
        [0. , 0. , 0. , 0. , 0. , 0. , 0. , 0. , 0.5],
        [0. , 0. , 0. , 0. , 0. , 0. , 0. , 0. , 0.4],
        [0. , 0. , 0. , 0. , 0. , 0. , 0. , 0. , 0.4],
        [0. , 0. , 0. , 0. , 0. , 0. , 0. , 0. , 0.4],
        [0. , 0. , 0. , 0. , 0. , 0. , 0. , 0. , 0.4],
        [0. , 0.9, 0. , 0. , 0. , 0. , 0. , 1. , 0. ],
        [0. , 0. , 0. , 0. , 0. , 0. , 0. , 0. , 0.7]],

       [[0.6, 0. , 0. , 0. , 0. , 0. , 0.1, 0. , 0. ],
        [0. , 0.4, 0. , 0. , 0. , 0. , 0. , 0. , 0. ],
        [0. , 0. , 0. , 0. , 0. , 0. , 0. , 0. , 0.2],
        [0. , 0. , 0. , 0. , 0. , 0. , 0. , 0. , 1.4],
        [0. , 0. , 0. , 0. , 0. , 0. , 0. , 0. , 1.4],
        [0. , 0. , 0. , 0. , 0. , 0. , 0. , 0. , 1.4],
        [0. , 0. , 0.4, 0. , 0. , 0. , 0. , 0. , 0. ],
        [0. , 0.4, 0. , 0. , 0. , 0. , 0. , 0. , 0. ],
        [0. , 0. , 0. , 0. , 0. , 0. , 0. , 0. , 0.3]],

       [[0.4, 0. , 1.7, 0.1, 0.1, 0.1, 0. , 0. , 0.3],
        [0. , 0. , 0. , 0. , 0. , 0. , 0. , 0. , 0. ],
        [0. , 0. , 0. , 0. , 0. , 0. , 0. , 0. , 0.5],
        [0. , 0. , 0. , 0. , 0. , 0. , 0. , 0. , 0.6],
        [0. , 0. , 0. , 0. , 0.3, 0. , 0. , 0. , 0.6],
        [0. , 0. , 0. , 0. , 0. , 0. , 0. , 0. , 0.6],
        [0. , 0. , 0. , 0. , 0. , 0. , 0. , 0. , 0. ],
        [0. , 0. , 0. , 0. , 0. , 0. , 0. , 0. , 0. ],
        [0.4, 0. , 0. , 0. , 0. , 0. , 0. , 0. , 0. ]],

       [[0. , 0. , 0. , 0. , 0. , 0. , 0. , 0. , 0. ],
        [0. , 0. , 0. , 0. , 0. , 0. , 0. , 0. , 0. ],
        [0. , 0. , 0. , 0. , 0. , 0. , 0. , 0. , 0. ],
        [0. , 0. , 0. , 0. , 0. , 0. , 0. , 0. , 0. ],
        [0. , 0. , 0. , 0. , 0. , 0. , 0. , 0. , 0. ],
        [0. , 0. , 0. , 0. , 0. , 0. , 0. , 0. , 0. ],
        [0. , 0. , 0. , 0. , 0. , 0. , 0. , 0. , 0. ],
        [0. , 0. , 0. , 0. , 0. , 0. , 0. , 0. , 0. ],
        [0. , 0. , 0. , 0. , 0. , 0. , 0. , 0. , 0. ]]], dtype=float32),
                 move_feats=[array([0.6, 0.4, 0. , 0.4, 0.4, 0. ], dtype=float32),
                             array([0. , 0. , 0. , 0.4, 0. , 1. ], dtype=float32)],
                 pi=[0.5963718820861678, 0.4036281179138322],
                 z=-1.0),
 SelfPlayExample(state_tensor=array([[[1. , 0. , 1. , 1. , 1. , 1. , 1. , 0. , 1. ],
        [0. , 1. , 0. , 0. , 0. , 0. , 0. , 1. , 0. ],
        [1. , 0. , 1. , 0. , 0. , 0. , 1. , 0. , 1. ],
        [1. , 0. , 0. , 1. , 0. , 1. , 0. , 0. , 1. ],
        [1. , 0. , 0. , 0. , 1. , 0. , 0. , 0. , 1. ],
        [1. , 0. , 0. , 1. , 0. , 1. , 0. , 0. , 1. ],
        [1. , 0. , 1. , 0. , 0. , 0. , 1. , 0. , 1. ],
        [0. , 1. , 0. , 0. , 0. , 0. , 0. , 1. , 0. ],
        [1. , 0. , 1. , 1. , 1. , 1. , 1. , 0. , 1. ]],

       [[0. , 0. , 0. , 0. , 0. , 0. , 0. , 0. , 0. ],
        [0. , 0. , 0. , 0. , 0. , 0. , 0. , 1. , 0. ],
        [0. , 0. , 0. , 0. , 0. , 0. , 0. , 0. , 0. ],
        [0. , 0. , 0. , 0. , 0. , 0. , 0. , 0. , 0. ],
        [0. , 0. , 0. , 0. , 0. , 0. , 0. , 0. , 0. ],
        [0. , 0. , 0. , 0. , 0. , 0. , 0. , 0. , 0. ],
        [0. , 0. , 0. , 0. , 0. , 0. , 0. , 0. , 0. ],
        [0. , 0. , 0. , 0. , 0. , 0. , 0. , 0. , 0. ],
        [0. , 0. , 0. , 0. , 0. , 0. , 0. , 0. , 0. ]],

       [[0. , 0. , 0. , 0. , 0. , 0. , 0. , 0. , 1. ],
        [0. , 0. , 0. , 0. , 0. , 0. , 0. , 0. , 0. ],
        [0. , 0. , 0. , 0. , 0. , 0. , 1. , 0. , 1. ],
        [0. , 0. , 0. , 0. , 0. , 0. , 0. , 0. , 0. ],
        [0. , 0. , 0. , 0. , 0. , 0. , 0. , 0. , 0. ],
        [0. , 0. , 0. , 0. , 0. , 0. , 0. , 0. , 0. ],
        [0. , 0. , 0. , 0. , 0. , 0. , 0. , 0. , 0. ],
        [0. , 0. , 0. , 0. , 0. , 0. , 0. , 0. , 0. ],
        [0. , 0. , 0. , 0. , 0. , 0. , 0. , 0. , 0. ]],

       [[0. , 0. , 0. , 0. , 0. , 0. , 0. , 0. , 0. ],
        [0. , 0. , 0. , 0. , 0. , 0. , 0. , 0. , 0. ],
        [0. , 0. , 0. , 0. , 0. , 0. , 0. , 0. , 0. ],
        [0. , 0. , 0. , 0. , 0. , 0. , 0. , 0. , 0. ],
        [0. , 0. , 0. , 0. , 0. , 0. , 0. , 0. , 0. ],
        [0. , 0. , 0. , 0. , 0. , 0. , 0. , 0. , 0. ],
        [0. , 0. , 0. , 0. , 0. , 0. , 0. , 0. , 0. ],
        [0. , 0. , 0. , 0. , 0. , 0. , 0. , 0. , 0. ],
        [0. , 0. , 0. , 0. , 0. , 0. , 0. , 0. , 0. ]],

       [[1. , 0. , 1. , 1. , 1. , 1. , 1. , 0. , 0. ],
        [0. , 1. , 0. , 0. , 0. , 0. , 0. , 0. , 0. ],
        [1. , 0. , 1. , 0. , 0. , 0. , 0. , 0. , 0. ],
        [1. , 0. , 0. , 1. , 0. , 1. , 0. , 0. , 1. ],
        [1. , 0. , 0. , 0. , 1. , 0. , 0. , 0. , 1. ],
        [1. , 0. , 0. , 1. , 0. , 1. , 0. , 0. , 1. ],
        [1. , 0. , 1. , 0. , 0. , 0. , 1. , 0. , 1. ],
        [0. , 1. , 0. , 0. , 0. , 0. , 0. , 1. , 0. ],
        [1. , 0. , 1. , 1. , 1. , 1. , 1. , 0. , 1. ]],

       [[1. , 0. , 0. , 0. , 0. , 0. , 0. , 0. , 1. ],
        [0. , 0. , 0. , 0. , 0. , 0. , 0. , 0. , 0. ],
        [0. , 0. , 0. , 0. , 0. , 0. , 0. , 0. , 0. ],
        [0. , 0. , 0. , 0. , 0. , 0. , 0. , 0. , 0. ],
        [0. , 0. , 0. , 0. , 0. , 0. , 0. , 0. , 0. ],
        [0. , 0. , 0. , 0. , 0. , 0. , 0. , 0. , 0. ],
        [0. , 0. , 0. , 0. , 0. , 0. , 0. , 0. , 0. ],
        [0. , 0. , 0. , 0. , 0. , 0. , 0. , 0. , 0. ],
        [1. , 0. , 0. , 0. , 0. , 0. , 0. , 0. , 1. ]],

       [[2. , 0. , 0.4, 0.4, 0.4, 0.4, 0.4, 0. , 2. ],
        [0. , 0.4, 0. , 0. , 0. , 0. , 0. , 0.4, 0. ],
        [0.4, 0. , 0.4, 0. , 0. , 0. , 0.4, 0. , 0.4],
        [0.4, 0. , 0. , 0.4, 0. , 0.4, 0. , 0. , 0.4],
        [0.4, 0. , 0. , 0. , 3. , 0. , 0. , 0. , 0.4],
        [0.4, 0. , 0. , 0.4, 0. , 0.4, 0. , 0. , 0.4],
        [0.4, 0. , 0.4, 0. , 0. , 0. , 0.4, 0. , 0.4],
        [0. , 0.4, 0. , 0. , 0. , 0. , 0. , 0.4, 0. ],
        [2. , 0. , 0.4, 0.4, 0.4, 0.4, 0.4, 0. , 2. ]],

       [[1.1, 0. , 0.8, 0. , 0. , 0. , 2.4, 0. , 1.3],
        [0. , 0.6, 0. , 0. , 0. , 0. , 0. , 0.3, 0. ],
        [0. , 0. , 0. , 0. , 0. , 0. , 0. , 0. , 0.3],
        [0. , 0. , 0. , 0. , 0. , 0.3, 0. , 0. , 2.4],
        [0. , 0. , 0. , 0. , 0. , 0. , 0. , 0. , 2.4],
        [0. , 0. , 0. , 0.4, 0. , 0. , 0. , 0. , 2.4],
        [0. , 0. , 1.7, 0. , 0. , 0. , 0. , 0. , 1. ],
        [0. , 0. , 0. , 0. , 0. , 0. , 0. , 1. , 0. ],
        [0.7, 0. , 0. , 0. , 0. , 0. , 0. , 0. , 1.1]],

       [[1. , 0. , 0. , 0. , 0. , 0. , 0.6, 0. , 0.1],
        [0. , 0. , 0. , 0. , 0. , 0. , 0. , 0.2, 0. ],
        [0. , 0. , 0. , 0. , 0. , 0. , 0. , 0. , 0. ],
        [0. , 0. , 0. , 0. , 0. , 0. , 0. , 0. , 0.4],
        [0. , 0. , 0. , 0. , 0. , 0. , 0. , 0. , 0.4],
        [0. , 0. , 0. , 0. , 0. , 0. , 0. , 0. , 0.4],
        [0. , 0. , 0.9, 0. , 0. , 0. , 0. , 0. , 1. ],
        [0. , 0. , 0. , 0. , 0. , 0. , 0. , 0.7, 0. ],
        [0.1, 0. , 0. , 0. , 0. , 0. , 0. , 0. , 1. ]],

       [[0. , 0. , 0.4, 0. , 0. , 0. , 0. , 0. , 0.7],
        [0. , 0.6, 0. , 0. , 0. , 0. , 0. , 0.1, 0. ],
        [0. , 0. , 0. , 0. , 0. , 0. , 0. , 0. , 0. ],
        [0. , 0. , 0. , 0. , 0. , 0. , 0. , 0. , 1.4],
        [0. , 0. , 0. , 0. , 0. , 0. , 0. , 0. , 1.4],
        [0. , 0. , 0. , 0.4, 0. , 0. , 0. , 0. , 1.4],
        [0. , 0. , 0.4, 0. , 0. , 0. , 0. , 0. , 0. ],
        [0. , 0. , 0. , 0. , 0. , 0. , 0. , 0.3, 0. ],
        [0.5, 0. , 0. , 0. , 0. , 0. , 0. , 0. , 0. ]],

       [[0. , 0. , 0.4, 0. , 0. , 0. , 1.8, 0. , 0.4],
        [0. , 0. , 0. , 0. , 0. , 0. , 0. , 0. , 0. ],
        [0. , 0. , 0. , 0. , 0. , 0. , 0. , 0. , 0.3],
        [0. , 0. , 0. , 0. , 0. , 0.3, 0. , 0. , 0.6],
        [0. , 0. , 0. , 0. , 0. , 0. , 0. , 0. , 0.6],
        [0. , 0. , 0. , 0. , 0. , 0. , 0. , 0. , 0.6],
        [0. , 0. , 0.4, 0. , 0. , 0. , 0. , 0. , 0. ],
        [0. , 0. , 0. , 0. , 0. , 0. , 0. , 0. , 0. ],
        [0. , 0. , 0. , 0. , 0. , 0. , 0. , 0. , 0. ]],

       [[0. , 0. , 0. , 0. , 0. , 0. , 0. , 0. , 0. ],
        [0. , 0. , 0. , 0. , 0. , 0. , 0. , 0. , 0. ],
        [0. , 0. , 0. , 0. , 0. , 0. , 0. , 0. , 0. ],
        [0. , 0. , 0. , 0. , 0. , 0. , 0. , 0. , 0. ],
        [0. , 0. , 0. , 0. , 0. , 0. , 0. , 0. , 0. ],
        [0. , 0. , 0. , 0. , 0. , 0. , 0. , 0. , 0. ],
        [0. , 0. , 0. , 0. , 0. , 0. , 0. , 0. , 0. ],
        [0. , 0. , 0. , 0. , 0. , 0. , 0. , 0. , 0. ],
        [0. , 0. , 0. , 0. , 0. , 0. , 0. , 0. , 0. ]]], dtype=float32),
                 move_feats=[array([0., 0., 1., 2., 0., 1.], dtype=float32)],
                 pi=[1.0],
                 z=-1.0),
 SelfPlayExample(state_tensor=array([[[1. , 0. , 1. , 1. , 1. , 1. , 1. , 0. , 1. ],
        [0. , 1. , 0. , 0. , 0. , 0. , 0. , 1. , 0. ],
        [1. , 0. , 1. , 0. , 0. , 0. , 1. , 0. , 1. ],
        [1. , 0. , 0. , 1. , 0. , 1. , 0. , 0. , 1. ],
        [1. , 0. , 0. , 0. , 1. , 0. , 0. , 0. , 1. ],
        [1. , 0. , 0. , 1. , 0. , 1. , 0. , 0. , 1. ],
        [1. , 0. , 1. , 0. , 0. , 0. , 1. , 0. , 1. ],
        [0. , 1. , 0. , 0. , 0. , 0. , 0. , 1. , 0. ],
        [1. , 0. , 1. , 1. , 1. , 1. , 1. , 0. , 1. ]],

       [[0. , 0. , 0. , 0. , 0. , 0. , 0. , 0. , 0. ],
        [0. , 0. , 0. , 0. , 0. , 0. , 0. , 1. , 0. ],
        [0. , 0. , 0. , 0. , 0. , 0. , 0. , 0. , 0. ],
        [0. , 0. , 0. , 0. , 0. , 0. , 0. , 0. , 0. ],
        [0. , 0. , 0. , 0. , 0. , 0. , 0. , 0. , 0. ],
        [0. , 0. , 0. , 0. , 0. , 0. , 0. , 0. , 0. ],
        [0. , 0. , 0. , 0. , 0. , 0. , 0. , 0. , 0. ],
        [0. , 0. , 0. , 0. , 0. , 0. , 0. , 0. , 0. ],
        [0. , 0. , 0. , 0. , 0. , 0. , 0. , 0. , 0. ]],

       [[0. , 0. , 0. , 0. , 0. , 0. , 0. , 0. , 1. ],
        [0. , 0. , 0. , 0. , 0. , 0. , 0. , 0. , 0. ],
        [0. , 0. , 0. , 0. , 0. , 0. , 1. , 0. , 0. ],
        [0. , 0. , 0. , 0. , 0. , 0. , 0. , 0. , 0. ],
        [0. , 0. , 0. , 0. , 0. , 0. , 0. , 0. , 0. ],
        [0. , 0. , 0. , 0. , 0. , 0. , 0. , 0. , 0. ],
        [0. , 0. , 0. , 0. , 0. , 0. , 0. , 0. , 0. ],
        [0. , 0. , 0. , 0. , 0. , 0. , 0. , 0. , 0. ],
        [0. , 0. , 0. , 0. , 0. , 0. , 0. , 0. , 0. ]],

       [[0. , 0. , 0. , 0. , 0. , 0. , 0. , 0. , 0. ],
        [0. , 0. , 0. , 0. , 0. , 0. , 0. , 0. , 0. ],
        [0. , 0. , 0. , 0. , 0. , 0. , 0. , 0. , 0. ],
        [0. , 0. , 0. , 0. , 0. , 0. , 0. , 0. , 0. ],
        [0. , 0. , 0. , 0. , 0. , 0. , 0. , 0. , 0. ],
        [0. , 0. , 0. , 0. , 0. , 0. , 0. , 0. , 0. ],
        [0. , 0. , 0. , 0. , 0. , 0. , 0. , 0. , 0. ],
        [0. , 0. , 0. , 0. , 0. , 0. , 0. , 0. , 0. ],
        [0. , 0. , 0. , 0. , 0. , 0. , 0. , 0. , 0. ]],

       [[1. , 0. , 1. , 1. , 1. , 1. , 1. , 0. , 0. ],
        [0. , 1. , 0. , 0. , 0. , 0. , 0. , 0. , 0. ],
        [1. , 0. , 1. , 0. , 0. , 0. , 0. , 0. , 1. ],
        [1. , 0. , 0. , 1. , 0. , 1. , 0. , 0. , 1. ],
        [1. , 0. , 0. , 0. , 1. , 0. , 0. , 0. , 1. ],
        [1. , 0. , 0. , 1. , 0. , 1. , 0. , 0. , 1. ],
        [1. , 0. , 1. , 0. , 0. , 0. , 1. , 0. , 1. ],
        [0. , 1. , 0. , 0. , 0. , 0. , 0. , 1. , 0. ],
        [1. , 0. , 1. , 1. , 1. , 1. , 1. , 0. , 1. ]],

       [[1. , 0. , 0. , 0. , 0. , 0. , 0. , 0. , 1. ],
        [0. , 0. , 0. , 0. , 0. , 0. , 0. , 0. , 0. ],
        [0. , 0. , 0. , 0. , 0. , 0. , 0. , 0. , 0. ],
        [0. , 0. , 0. , 0. , 0. , 0. , 0. , 0. , 0. ],
        [0. , 0. , 0. , 0. , 0. , 0. , 0. , 0. , 0. ],
        [0. , 0. , 0. , 0. , 0. , 0. , 0. , 0. , 0. ],
        [0. , 0. , 0. , 0. , 0. , 0. , 0. , 0. , 0. ],
        [0. , 0. , 0. , 0. , 0. , 0. , 0. , 0. , 0. ],
        [1. , 0. , 0. , 0. , 0. , 0. , 0. , 0. , 1. ]],

       [[2. , 0. , 0.4, 0.4, 0.4, 0.4, 0.4, 0. , 2. ],
        [0. , 0.4, 0. , 0. , 0. , 0. , 0. , 0.4, 0. ],
        [0.4, 0. , 0.4, 0. , 0. , 0. , 0.4, 0. , 0.4],
        [0.4, 0. , 0. , 0.4, 0. , 0.4, 0. , 0. , 0.4],
        [0.4, 0. , 0. , 0. , 3. , 0. , 0. , 0. , 0.4],
        [0.4, 0. , 0. , 0.4, 0. , 0.4, 0. , 0. , 0.4],
        [0.4, 0. , 0.4, 0. , 0. , 0. , 0.4, 0. , 0.4],
        [0. , 0.4, 0. , 0. , 0. , 0. , 0. , 0.4, 0. ],
        [2. , 0. , 0.4, 0.4, 0.4, 0.4, 0.4, 0. , 2. ]],

       [[1.1, 0. , 0.6, 0.4, 0.4, 0.4, 2.8, 0. , 1.7],
        [0. , 1. , 0. , 0. , 0. , 0. , 0. , 0.1, 0. ],
        [0. , 0. , 0. , 0. , 0. , 0. , 0. , 0. , 2.2],
        [0. , 0. , 0. , 0. , 0. , 0.3, 0. , 0. , 1. ],
        [0. , 0. , 0. , 0. , 0.8, 0. , 0. , 0. , 1. ],
        [0. , 0. , 0. , 1.3, 0. , 0. , 0. , 0. , 1. ],
        [0. , 0. , 0. , 0. , 0. , 0. , 0. , 0. , 1. ],
        [0. , 0.6, 0. , 0. , 0. , 0. , 0. , 1. , 0. ],
        [0.1, 0. , 0. , 0. , 0. , 0. , 0. , 0. , 1.1]],

       [[0. , 0. , 0. , 0. , 0. , 0. , 0.6, 0. , 0.1],
        [0. , 1. , 0. , 0. , 0. , 0. , 0. , 0. , 0. ],
        [0. , 0. , 0. , 0. , 0. , 0. , 0. , 0. , 0.4],
        [0. , 0. , 0. , 0. , 0. , 0. , 0. , 0. , 1. ],
        [0. , 0. , 0. , 0. , 0. , 0. , 0. , 0. , 1. ],
        [0. , 0. , 0. , 0.9, 0. , 0. , 0. , 0. , 1. ],
        [0. , 0. , 0. , 0. , 0. , 0. , 0. , 0. , 0.7],
        [0. , 0.1, 0. , 0. , 0. , 0. , 0. , 1. , 0. ],
        [0. , 0. , 0. , 0. , 0. , 0. , 0. , 0. , 0.3]],

       [[0. , 0. , 0.6, 0.4, 0.4, 0.4, 0. , 0. , 1.1],
        [0. , 0. , 0. , 0. , 0. , 0. , 0. , 0.1, 0. ],
        [0. , 0. , 0. , 0. , 0. , 0. , 0. , 0. , 1.4],
        [0. , 0. , 0. , 0. , 0. , 0. , 0. , 0. , 0. ],
        [0. , 0. , 0. , 0. , 0.4, 0. , 0. , 0. , 0. ],
        [0. , 0. , 0. , 0.4, 0. , 0. , 0. , 0. , 0. ],
        [0. , 0. , 0. , 0. , 0. , 0. , 0. , 0. , 0.3],
        [0. , 0.5, 0. , 0. , 0. , 0. , 0. , 0. , 0. ],
        [0. , 0. , 0. , 0. , 0. , 0. , 0. , 0. , 0.7]],

       [[1. , 0. , 0. , 0. , 0. , 0. , 2.2, 0. , 0.4],
        [0. , 0. , 0. , 0. , 0. , 0. , 0. , 0. , 0. ],
        [0. , 0. , 0. , 0. , 0. , 0. , 0. , 0. , 0.4],
        [0. , 0. , 0. , 0. , 0. , 0.3, 0. , 0. , 0. ],
        [0. , 0. , 0. , 0. , 0.4, 0. , 0. , 0. , 0. ],
        [0. , 0. , 0. , 0. , 0. , 0. , 0. , 0. , 0. ],
        [0. , 0. , 0. , 0. , 0. , 0. , 0. , 0. , 0. ],
        [0. , 0. , 0. , 0. , 0. , 0. , 0. , 0. , 0. ],
        [0. , 0. , 0. , 0. , 0. , 0. , 0. , 0. , 0. ]],

       [[0. , 0. , 0. , 0. , 0. , 0. , 0. , 0. , 0. ],
        [0. , 0. , 0. , 0. , 0. , 0. , 0. , 0. , 0. ],
        [0. , 0. , 0. , 0. , 0. , 0. , 0. , 0. , 0. ],
        [0. , 0. , 0. , 0. , 0. , 0. , 0. , 0. , 0. ],
        [0. , 0. , 0. , 0. , 0. , 0. , 0. , 0. , 0. ],
        [0. , 0. , 0. , 0. , 0. , 0. , 0. , 0. , 0. ],
        [0. , 0. , 0. , 0. , 0. , 0. , 0. , 0. , 0. ],
        [0. , 0. , 0. , 0. , 0. , 0. , 0. , 0. , 0. ],
        [0. , 0. , 0. , 0. , 0. , 0. , 0. , 0. , 0. ]]], dtype=float32),
                 move_feats=[array([0., 0., 1., 2., 0., 1.], dtype=float32)],
                 pi=[1.0],
                 z=-1.0)]
