game,round,pu_after,territories_after
1,1,14,3
1,2,16,4
1,3,14,3
1,4,14,3
1,5,14,3
1,6,14,3
1,7,14,3
1,8,14,3
1,9,16,4
1,10,16,4
1,11,16,4
1,12,18,5
1,13,18,5
1,14,16,4
1,15,20,6
1,16,22,6
1,17,20,4
1,18,18,5
1,19,18,5
1,20,16,4
1,21,18,5
1,22,20,6
1,23,18,5
1,24,18,5
1,25,20,6
1,26,26,9
1,27,26,9
1,28,28,9
1,29,41,9
1,30,43,11
1,31,43,11
1,32,43,10
1,33,43,9
1,34,30,10
1,35,52,11
1,36,40,12
1,37,44,13
1,38,42,12
1,39,38,11
1,40,40,12
1,41,57,14
1,42,61,16
1,43,63,16
1,44,61,15
1,45,63,16
1,46,65,18
1,47,67,18
1,48,67,18
1,49,54,18
1,50,56,19
1,51,54,18
1,52,52,15
1,53,52,15
1,54,50,16
1,55,50,14
1,56,44,12
1,57,42,11
1,58,42,13
1,59,59,15
1,60,61,16
1,61,63,17
1,62,63,17
1,63,63,17
1,64,63,17
1,65,63,16
1,66,63,15
1,67,50,15
1,68,50,15
1,69,63,17
1,70,113,18
1,71,77,20
1,72,79,21
1,73,85,24
1,74,87,25
1,75,87,25
1,76,87,25
1,77,89,26
1,78,91,27
1,79,91,27
1,80,101,28
2,1,16,4
2,2,20,6
2,3,22,7
2,4,26,8
2,5,26,9
2,6,24,7
2,7,22,7
2,8,24,7
2,9,26,8
2,10,24,8
2,11,22,7
2,12,22,7
2,13,24,7
2,14,22,6
2,15,24,8
2,16,22,7
2,17,22,7
2,18,24,7
2,19,22,6
2,20,18,4
2,21,16,4
2,22,16,4
2,23,22,6
2,24,20,5
2,25,33,5
2,26,33,5
2,27,16,4
2,28,12,2
2,29,12,2
2,30,16,4
2,31,37,8
2,32,39,9
2,33,41,10
2,34,43,11
2,35,45,12
2,36,47,13
2,37,47,13
2,38,51,15
2,39,59,18
2,40,61,19
2,41,59,18
2,42,77,18
2,43,67,18
2,44,69,20
2,45,71,21
2,46,75,22
2,47,75,22
2,48,75,22
2,49,71,21
2,50,69,20
2,51,67,19
2,52,93,21
2,53,85,24
2,54,111,25
3,1,16,4
3,2,20,6
3,3,22,7
3,4,20,5
3,5,16,3
3,6,16,4
3,7,18,5
3,8,18,5
3,9,18,5
3,10,20,6
3,11,24,7
3,12,20,6
3,13,20,6
3,14,20,5
3,15,14,2
3,16,10,1
3,17,12,2
3,18,16,4
3,19,16,3
3,20,14,3
3,21,14,3
3,22,16,4
3,23,20,5
3,24,20,6
3,25,16,3
3,26,14,3
3,27,12,1
3,28,10,1
3,29,10,1
3,30,0,0
3,31,0,0
4,1,12,2
4,2,14,3
4,3,16,4
4,4,18,5
4,5,20,5
4,6,18,3
4,7,16,4
4,8,18,5
4,9,18,4
4,10,14,2
4,11,16,4
4,12,18,4
4,13,16,3
4,14,16,3
4,15,16,3
4,16,14,2
4,17,14,3
4,18,16,4
4,19,14,2
4,20,12,1
4,21,12,2
4,22,14,3
4,23,16,4
4,24,14,3
4,25,14,3
4,26,16,4
4,27,18,3
4,28,12,1
4,29,10,1
4,30,10,1
4,31,12,2
4,32,12,2
4,33,12,1
4,34,10,1
4,35,10,1
4,36,10,1
4,37,10,1
4,38,12,1
4,39,10,1
4,40,12,2
4,41,12,2
4,42,14,2
4,43,14,3
4,44,14,1
4,45,0,0
5,1,16,4
5,2,22,7
5,3,24,7
5,4,20,6
5,5,18,4
5,6,14,2
5,7,16,4
5,8,20,6
5,9,22,7
5,10,26,8
5,11,39,9
5,12,41,10
5,13,43,11
5,14,41,10
5,15,30,11
5,16,26,9
5,17,30,11
5,18,65,12
5,19,57,14
5,20,57,14
5,21,61,16
5,22,48,16
5,23,48,16
5,24,50,17
5,25,52,17
5,26,69,18
5,27,69,19
5,28,69,20
5,29,75,23
5,30,107,25
5,31,91,26
5,32,91,26
5,33,91,26
5,34,115,28
6,1,16,4
6,2,20,6
6,3,20,6
6,4,37,7
6,5,41,10
6,6,41,10
6,7,43,11
6,8,28,9
6,9,22,7
6,10,24,7
6,11,39,8
6,12,41,9
6,13,39,9
6,14,39,8
6,15,39,8
6,16,39,9
6,17,45,11
6,18,41,9
6,19,24,8
6,20,26,9
6,21,26,9
6,22,28,9
6,23,24,7
6,24,37,7
6,25,37,8
6,26,41,10
6,27,45,12
6,28,45,12
6,29,22,7
6,30,20,6
6,31,20,6
6,32,18,5
6,33,18,5
6,34,18,5
6,35,18,5
6,36,22,7
6,37,41,10
6,38,41,10
6,39,41,10
6,40,41,10
6,41,41,10
6,42,28,10
6,43,24,7
6,44,26,9
6,45,24,8
6,46,22,6
6,47,18,4
6,48,16,4
6,49,29,4
6,50,31,5
6,51,35,7
6,52,31,5
6,53,37,8
6,54,35,7
6,55,33,6
6,56,29,4
6,57,16,4
6,58,14,3
6,59,14,3
6,60,10,1
6,61,0,0
6,62,0,0
6,63,0,0
6,64,0,0
6,65,0,0
7,1,14,3
7,2,16,4
7,3,14,3
7,4,14,3
7,5,16,4
7,6,14,3
7,7,14,3
7,8,14,3
7,9,16,4
7,10,16,4
7,11,18,5
7,12,18,5
7,13,18,4
7,14,14,2
7,15,12,2
7,16,16,4
7,17,16,4
7,18,18,5
7,19,18,5
7,20,18,5
7,21,18,4
7,22,14,2
7,23,12,2
7,24,12,1
7,25,0,0
7,26,0,0
7,27,0,0
7,28,0,0
7,29,0,0
7,30,0,0
7,31,0,0
7,32,0,0
7,33,0,0
7,34,0,0
7,35,0,0
7,36,0,0
7,37,0,0
7,38,0,0
7,39,0,0
7,40,0,0
7,41,0,0
7,42,0,0
8,1,12,2
8,2,12,2
8,3,16,4
8,4,18,5
8,5,18,4
8,6,31,5
8,7,37,7
8,8,24,8
8,9,26,8
8,10,22,7
8,11,20,6
8,12,18,5
8,13,18,4
8,14,16,3
8,15,14,2
8,16,14,3
8,17,18,5
8,18,22,7
8,19,24,7
8,20,22,6
8,21,20,6
8,22,18,5
8,23,18,5
8,24,18,5
8,25,20,5
8,26,18,5
8,27,22,7
8,28,35,6
8,29,31,4
8,30,33,6
8,31,33,5
8,32,20,5
8,33,18,4
8,34,18,5
8,35,20,5
8,36,20,6
8,37,20,6
8,38,22,6
8,39,22,6
8,40,20,5
8,41,0,3
8,42,0,3
8,43,0,3
8,44,0,2
8,45,0,1
8,46,0,0
8,47,0,0
8,48,0,0
8,49,0,0
8,50,0,0
8,51,0,0
8,52,0,0
8,53,0,0
8,54,0,0
8,55,0,0
8,56,0,0
8,57,0,0
9,1,14,3
9,2,14,3
9,3,16,4
9,4,18,5
9,5,18,5
9,6,18,5
9,7,20,6
9,8,20,5
9,9,16,4
9,10,16,3
9,11,16,4
9,12,16,4
9,13,18,5
9,14,18,5
9,15,33,6
9,16,33,6
9,17,33,6
9,18,18,5
9,19,16,4
9,20,16,4
9,21,16,4
9,22,16,4
9,23,18,5
9,24,18,5
9,25,22,7
9,26,37,8
9,27,39,9
9,28,39,9
9,29,24,8
9,30,22,7
9,31,18,5
9,32,14,3
9,33,14,3
9,34,12,2
9,35,10,1
9,36,0,0
10,1,12,2
10,2,12,2
10,3,12,2
10,4,14,3
10,5,18,5
10,6,18,5
10,7,20,6
10,8,22,7
10,9,24,7
10,10,26,9
10,11,28,10
10,12,45,12
10,13,49,14
10,14,47,12
10,15,41,10
10,16,26,9
10,17,22,7
10,18,26,9
10,19,43,11
10,20,49,14
10,21,51,15
10,22,36,14
10,23,32,12
10,24,30,10
10,25,43,11
10,26,49,14
10,27,53,16
10,28,59,19
10,29,65,22
10,30,123,21
10,31,79,21
10,32,68,22
10,33,68,22
10,34,93,24
11,1,16,4
11,2,20,6
11,3,22,7
11,4,26,9
11,5,26,9
11,6,28,10
11,7,41,10
11,8,43,11
11,9,47,13
11,10,47,12
11,11,47,13
11,12,49,13
11,13,51,15
11,14,51,14
11,15,45,11
11,16,32,11
11,17,32,12
11,18,45,12
11,19,77,14
11,20,59,14
11,21,46,15
11,22,61,16
11,23,48,16
11,24,50,17
11,25,93,20
11,26,81,22
11,27,81,22
11,28,81,22
11,29,81,22
11,30,85,24
11,31,87,25
11,32,89,26
11,33,91,27
11,34,91,27
11,35,113,28
12,1,16,4
12,2,20,6
12,3,24,8
12,4,26,9
12,5,24,8
12,6,24,8
12,7,26,9
12,8,28,10
12,9,30,10
12,10,32,11
12,11,30,10
12,12,43,11
12,13,49,14
12,14,55,17
12,15,53,16
12,16,51,15
12,17,49,14
12,18,43,11
12,19,26,9
12,20,24,8
12,21,28,10
12,22,39,9
12,23,41,10
12,24,43,11
12,25,41,10
12,26,0,8
12,27,0,7
12,28,0,4
12,29,0,2
12,30,0,1
12,31,0,1
12,32,0,1
13,1,16,4
13,2,20,6
13,3,26,9
13,4,24,8
13,5,22,6
13,6,22,6
13,7,18,5
13,8,16,4
13,9,18,5
13,10,22,7
13,11,24,8
13,12,24,8
13,13,22,7
13,14,20,5
13,15,20,5
13,16,18,5
13,17,16,3
13,18,14,3
13,19,14,3
13,20,14,3
13,21,12,2
13,22,0,1
13,23,0,1
13,24,0,1
13,25,0,0
13,26,0,0
13,27,0,0
13,28,0,0
13,29,0,0
13,30,0,0
13,31,0,0
13,32,0,0
13,33,0,0
13,34,0,0
13,35,0,0
13,36,0,0
13,37,0,0
13,38,0,0
13,39,0,0
13,40,0,0
13,41,0,0
13,42,0,0
13,43,0,0
13,44,0,0
13,45,0,0
13,46,0,0
14,1,14,3
14,2,14,3
14,3,16,4
14,4,16,4
14,5,16,4
14,6,16,4
14,7,16,4
14,8,16,4
14,9,16,4
14,10,16,4
14,11,16,3
14,12,18,5
14,13,33,6
14,14,33,6
14,15,18,5
14,16,16,4
14,17,14,3
14,18,20,6
14,19,20,6
14,20,18,4
14,21,16,4
14,22,18,5
14,23,20,6
14,24,33,6
14,25,33,6
14,26,29,4
14,27,29,4
14,28,27,3
14,29,27,3
14,30,29,4
14,31,27,3
14,32,35,7
14,33,35,7
14,34,20,6
14,35,20,6
14,36,18,5
14,37,14,3
14,38,12,2
14,39,0,1
15,1,14,3
15,2,16,4
15,3,16,4
15,4,16,4
15,5,18,5
15,6,16,4
15,7,18,5
15,8,18,4
15,9,16,3
15,10,16,4
15,11,16,4
15,12,16,4
15,13,16,4
15,14,16,3
15,15,14,2
15,16,16,4
15,17,18,5
15,18,18,5
15,19,20,5
15,20,18,4
15,21,31,5
15,22,31,5
15,23,35,6
15,24,37,7
15,25,37,7
15,26,22,7
15,27,22,6
15,28,20,6
15,29,18,5
15,30,16,3
15,31,16,4
15,32,18,4
15,33,18,5
15,34,20,6
15,35,20,6
15,36,20,5
15,37,18,4
15,38,12,2
15,39,0,1
15,40,0,0
15,41,0,0
15,42,0,0
15,43,0,0
15,44,0,0
15,45,0,0
15,46,0,0
15,47,0,0
15,48,0,0
15,49,0,0
15,50,0,0
15,51,0,0
15,52,0,0
16,1,14,3
16,2,16,3
16,3,14,3
16,4,16,4
16,5,16,4
16,6,18,5
16,7,18,5
16,8,20,6
16,9,22,7
16,10,22,7
16,11,22,7
16,12,22,6
16,13,22,7
16,14,24,7
16,15,22,6
16,16,20,6
16,17,20,6
16,18,20,6
16,19,22,7
16,20,22,7
16,21,22,7
16,22,22,7
16,23,20,6
16,24,18,4
16,25,16,4
16,26,18,4
16,27,18,5
16,28,18,5
16,29,18,5
16,30,18,5
16,31,20,6
16,32,22,7
16,33,20,6
16,34,20,6
16,35,20,6
16,36,18,5
16,37,14,3
16,38,14,3
16,39,14,3
16,40,10,1
16,41,0,0
16,42,0,0
16,43,0,0
16,44,0,0
16,45,0,0
17,1,16,4
17,2,20,6
17,3,22,7
17,4,24,7
17,5,22,7
17,6,22,7
17,7,22,7
17,8,22,7
17,9,20,6
17,10,20,6
17,11,24,7
17,12,20,5
17,13,16,4
17,14,16,3
17,15,14,2
17,16,12,1
17,17,12,2
17,18,16,4
17,19,20,6
17,20,37,8
17,21,22,6
17,22,18,4
17,23,16,3
17,24,14,2
17,25,12,1
17,26,12,2
17,27,14,3
17,28,16,3
17,29,16,3
17,30,18,5
17,31,22,6
17,32,16,3
17,33,10,1
17,34,10,1
17,35,10,1
17,36,12,2
17,37,18,5
17,38,22,6
17,39,37,7
17,40,20,5
17,41,16,3
17,42,0,0
17,43,0,0
17,44,0,0
17,45,0,0
17,46,0,0
17,47,0,0
17,48,0,0
17,49,0,0
17,50,0,0
17,51,0,0
17,52,0,0
17,53,0,0
17,54,0,0
17,55,0,0
17,56,0,0
17,57,0,0
17,58,0,0
17,59,0,0
18,1,14,3
18,2,16,4
18,3,16,4
18,4,16,4
18,5,18,5
18,6,18,5
18,7,18,4
18,8,16,3
18,9,14,3
18,10,16,4
18,11,18,4
18,12,14,3
18,13,14,2
18,14,16,4
18,15,18,5
18,16,18,4
18,17,16,4
18,18,16,4
18,19,16,4
18,20,16,4
18,21,16,3
18,22,16,4
18,23,18,5
18,24,20,6
18,25,20,6
18,26,20,6
18,27,20,5
18,28,14,3
18,29,0,2
18,30,0,2
18,31,0,0
18,32,0,0
18,33,0,0
18,34,0,0
18,35,0,0
18,36,0,0
18,37,0,0
18,38,0,0
18,39,0,0
18,40,0,0
18,41,0,0
19,1,14,3
19,2,16,4
19,3,18,5
19,4,18,4
19,5,16,3
19,6,16,4
19,7,16,4
19,8,16,4
19,9,16,4
19,10,16,4
19,11,18,5
19,12,22,7
19,13,37,8
19,14,22,7
19,15,20,5
19,16,16,3
19,17,14,3
19,18,16,4
19,19,16,4
19,20,12,2
19,21,10,1
19,22,12,2
19,23,12,2
19,24,10,1
19,25,0,0
19,26,0,0
19,27,0,0
19,28,0,0
19,29,0,0
19,30,0,0
20,1,14,3
20,2,18,5
20,3,18,5
20,4,18,5
20,5,18,5
20,6,18,5
20,7,18,5
20,8,18,5
20,9,18,5
20,10,20,5
20,11,20,6
20,12,20,6
20,13,18,4
20,14,14,3
20,15,14,3
20,16,14,3
20,17,14,3
20,18,14,3
20,19,14,3
20,20,14,2
20,21,14,3
20,22,16,4
20,23,14,3
20,24,0,1
20,25,0,0
20,26,0,0
20,27,0,0
21,1,16,4
21,2,22,7
21,3,41,9
21,4,41,9
21,5,39,9
21,6,39,9
21,7,39,9
21,8,41,9
21,9,41,9
21,10,41,10
21,11,45,11
21,12,28,9
21,13,28,10
21,14,28,10
21,15,43,10
21,16,43,11
21,17,47,13
21,18,55,17
21,19,75,17
21,20,65,18
21,21,54,19
21,22,67,19
21,23,59,19
21,24,53,16
21,25,51,15
21,26,53,16
21,27,53,16
21,28,53,16
21,29,55,17
21,30,75,18
21,31,67,19
21,32,65,18
21,33,67,19
21,34,69,20
21,35,79,21
21,36,85,24
21,37,87,25
21,38,87,25
21,39,91,27
21,40,113,28
22,1,12,2
22,2,12,2
22,3,16,4
22,4,16,4
22,5,18,5
22,6,18,5
22,7,18,4
22,8,20,6
22,9,20,6
22,10,26,9
22,11,28,10
22,12,43,11
22,13,45,11
22,14,45,11
22,15,43,9
22,16,39,7
22,17,24,8
22,18,24,7
22,19,24,8
22,20,24,8
22,21,28,10
22,22,88,12
22,23,59,15
22,24,61,16
22,25,61,16
22,26,63,17
22,27,61,16
22,28,59,15
22,29,61,16
22,30,63,17
22,31,65,18
22,32,67,19
22,33,69,20
22,34,97,20
22,35,75,19
22,36,79,21
22,37,81,22
22,38,83,23
22,39,83,23
22,40,81,22
22,41,81,22
22,42,79,21
22,43,83,23
22,44,83,23
22,45,85,24
22,46,85,24
22,47,87,25
22,48,111,27
23,1,16,4
23,2,18,5
23,3,18,5
23,4,22,7
23,5,24,8
23,6,22,6
23,7,16,2
23,8,14,3
23,9,16,3
23,10,16,4
23,11,14,2
23,12,10,1
23,13,10,1
23,14,10,1
23,15,0,0
23,16,0,0
23,17,0,0
23,18,0,0
23,19,0,0
23,20,0,0
23,21,0,0
23,22,0,0
23,23,0,0
23,24,0,0
23,25,0,0
23,26,0,0
23,27,0,0
24,1,16,4
24,2,20,6
24,3,20,5
24,4,22,7
24,5,24,8
24,6,22,7
24,7,24,8
24,8,24,7
24,9,22,6
24,10,22,7
24,11,24,8
24,12,26,8
24,13,22,7
24,14,22,6
24,15,22,7
24,16,26,8
24,17,39,8
24,18,24,7
24,19,24,8
24,20,22,6
24,21,18,5
24,22,20,6
24,23,24,8
24,24,24,7
24,25,22,6
24,26,22,6
24,27,35,6
24,28,35,7
24,29,37,7
24,30,22,7
24,31,20,5
24,32,20,6
24,33,20,5
24,34,16,4
24,35,16,3
24,36,0,1
24,37,0,0
24,38,0,0
24,39,0,0
24,40,0,0
24,41,0,0
24,42,0,0
24,43,0,0
24,44,0,0
24,45,0,0
24,46,0,0
24,47,0,0
24,48,0,0
24,49,0,0
24,50,0,0
24,51,0,0
24,52,0,0
24,53,0,0
24,54,0,0
24,55,0,0
24,56,0,0
24,57,0,0
24,58,0,0
24,59,0,0
24,60,0,0
25,1,16,4
25,2,20,6
25,3,22,7
25,4,24,7
25,5,24,8
25,6,26,9
25,7,24,8
25,8,24,8
25,9,39,8
25,10,26,9
25,11,24,8
25,12,26,9
25,13,26,9
25,14,24,8
25,15,20,6
25,16,16,4
25,17,16,4
25,18,18,5
25,19,20,6
25,20,22,7
25,21,37,8
25,22,45,11
25,23,28,9
25,24,22,6
25,25,18,5
25,26,20,6
25,27,37,7
25,28,43,10
25,29,24,8
25,30,24,8
25,31,22,7
25,32,22,6
25,33,20,5
25,34,20,6
25,35,22,7
25,36,28,9
25,37,43,9
25,38,43,11
25,39,45,11
25,40,30,10
25,41,26,9
25,42,26,8
25,43,24,6
25,44,22,7
25,45,22,7
25,46,22,7
25,47,24,8
25,48,26,9
25,49,43,11
25,50,47,12
25,51,45,11
25,52,41,8
25,53,24,6
25,54,22,7
25,55,26,9
25,56,41,10
25,57,45,12
25,58,26,9
25,59,22,7
25,60,16,4
25,61,14,3
25,62,0,2
26,1,16,4
26,2,22,7
26,3,26,8
26,4,24,7
26,5,24,8
26,6,20,6
26,7,20,6
26,8,24,7
26,9,24,7
26,10,39,9
26,11,39,9
26,12,24,8
26,13,24,8
26,14,24,8
26,15,26,8
26,16,26,8
26,17,24,7
26,18,22,6
26,19,26,8
26,20,24,7
26,21,20,5
26,22,16,3
26,23,14,3
26,24,16,3
26,25,18,4
26,26,20,5
26,27,16,3
26,28,12,2
26,29,10,1
26,30,0,0
26,31,0,0
26,32,0,0
26,33,0,0
26,34,0,0
26,35,0,0
26,36,0,0
26,37,0,0
26,38,0,0
26,39,0,0
26,40,0,0
26,41,0,0
26,42,0,0
26,43,0,0
26,44,0,0
26,45,0,0
26,46,0,0
26,47,0,0
26,48,0,0
26,49,0,0
26,50,0,0
26,51,0,0
26,52,0,0
26,53,0,0
26,54,0,0
26,55,0,0
27,1,16,4
27,2,16,4
27,3,18,5
27,4,22,7
27,5,22,7
27,6,20,6
27,7,22,7
27,8,24,8
27,9,26,9
27,10,26,9
27,11,39,9
27,12,37,8
27,13,37,8
27,14,41,10
27,15,43,11
27,16,28,10
27,17,30,11
27,18,26,8
27,19,26,9
27,20,28,10
27,21,28,10
27,22,38,11
27,23,36,10
27,24,36,10
27,25,34,9
27,26,30,7
27,27,26,5
27,28,26,5
27,29,24,4
27,30,24,4
27,31,18,5
27,32,16,4
27,33,16,4
27,34,16,4
27,35,14,3
27,36,12,2
27,37,10,1
27,38,0,0
28,1,16,4
28,2,16,4
28,3,18,5
28,4,18,4
28,5,20,6
28,6,22,6
28,7,20,5
28,8,20,6
28,9,20,6
28,10,37,7
28,11,39,9
28,12,43,11
28,13,43,10
28,14,41,9
28,15,24,8
28,16,22,7
28,17,24,7
28,18,22,6
28,19,20,6
28,20,22,7
28,21,24,7
28,22,22,6
28,23,35,7
28,24,39,9
28,25,41,10
28,26,41,10
28,27,43,11
28,28,43,11
28,29,41,10
28,30,22,7
28,31,22,7
28,32,20,6
28,33,16,4
28,34,14,3
28,35,0,1
28,36,0,1
28,37,0,1
28,38,0,1
28,39,0,1
29,1,14,3
29,2,16,4
29,3,16,4
29,4,20,6
29,5,20,6
29,6,18,5
29,7,20,6
29,8,35,6
29,9,20,5
29,10,18,5
29,11,20,6
29,12,35,7
29,13,37,8
29,14,35,7
29,15,20,6
29,16,20,6
29,17,37,8
29,18,43,11
29,19,43,10
29,20,30,11
29,21,32,11
29,22,32,12
29,23,50,12
29,24,57,14
29,25,59,15
29,26,61,16
29,27,57,14
29,28,51,11
29,29,51,11
29,30,36,10
29,31,34,9
29,32,38,11
29,33,34,9
29,34,30,7
29,35,28,6
29,36,16,4
29,37,18,5
29,38,20,6
29,39,24,8
29,40,24,8
29,41,20,6
29,42,20,6
29,43,0,3
30,1,16,4
30,2,20,6
30,3,22,7
30,4,24,8
30,5,24,8
30,6,26,9
30,7,26,9
30,8,26,9
30,9,28,10
30,10,28,10
30,11,41,10
30,12,45,12
30,13,51,15
30,14,51,15
30,15,45,11
30,16,28,9
30,17,24,8
30,18,28,10
30,19,43,11
30,20,51,15
30,21,75,17
30,22,65,17
30,23,65,18
30,24,56,20
30,25,64,20
30,26,77,20
30,27,79,21
30,28,85,24
30,29,87,25
30,30,91,27
30,31,93,28
30,32,113,29
31,1,14,3
31,2,16,4
31,3,16,4
31,4,16,4
31,5,14,3
31,6,14,3
31,7,16,4
31,8,18,5
31,9,20,6
31,10,18,5
31,11,18,5
31,12,18,5
31,13,18,5
31,14,18,4
31,15,18,5
31,16,18,5
31,17,18,5
31,18,18,5
31,19,18,5
31,20,18,5
31,21,20,6
31,22,16,4
31,23,14,3
31,24,16,4
31,25,18,5
31,26,16,4
31,27,14,3
31,28,14,3
31,29,12,2
31,30,10,1
31,31,0,0
32,1,12,2
32,2,12,2
32,3,14,3
32,4,16,4
32,5,18,5
32,6,18,5
32,7,20,6
32,8,18,5
32,9,18,5
32,10,18,5
32,11,18,5
32,12,18,5
32,13,20,6
32,14,22,6
32,15,22,6
32,16,20,6
32,17,22,7
32,18,22,7
32,19,24,8
32,20,24,8
32,21,24,8
32,22,26,9
32,23,26,9
32,24,26,8
32,25,24,8
32,26,24,7
32,27,22,7
32,28,22,7
32,29,22,7
32,30,22,7
32,31,22,7
32,32,20,6
32,33,18,5
32,34,14,3
32,35,16,3
32,36,14,3
32,37,14,3
32,38,14,3
32,39,14,3
32,40,14,3
32,41,14,2
32,42,12,2
32,43,12,2
32,44,12,1
32,45,12,2
32,46,14,3
32,47,14,2
32,48,0,1
32,49,0,1
32,50,0,0
32,51,0,0
32,52,0,0
32,53,0,0
33,1,16,4
33,2,22,7
33,3,22,7
33,4,20,6
33,5,22,7
33,6,20,6
33,7,22,7
33,8,37,8
33,9,39,9
33,10,28,10
33,11,28,10
33,12,28,10
33,13,30,11
33,14,43,11
33,15,43,10
33,16,41,9
33,17,24,7
33,18,24,8
33,19,28,10
33,20,30,11
33,21,28,10
33,22,26,9
33,23,28,10
33,24,28,10
33,25,43,11
33,26,49,14
33,27,53,15
33,28,49,14
33,29,49,14
33,30,49,14
33,31,47,13
33,32,43,11
33,33,43,11
33,34,24,8
33,35,24,8
33,36,28,10
33,37,32,12
33,38,34,13
33,39,30,11
33,40,28,10
33,41,45,12
33,42,49,13
33,43,45,12
33,44,43,11
33,45,39,8
33,46,20,6
33,47,0,5
33,48,0,5
33,49,0,4
33,50,0,4
33,51,0,3
33,52,0,2
33,53,0,2
33,54,0,1
34,1,14,3
34,2,14,3
34,3,16,4
34,4,18,5
34,5,20,6
34,6,22,7
34,7,24,8
34,8,22,7
34,9,26,9
34,10,26,9
34,11,26,9
34,12,28,9
34,13,28,9
34,14,24,8
34,15,24,8
34,16,24,8
34,17,24,8
34,18,24,8
34,19,26,9
34,20,30,11
34,21,34,13
34,22,47,13
34,23,49,14
34,24,47,13
34,25,49,14
34,26,32,12
34,27,28,10
34,28,30,11
34,29,26,9
34,30,22,7
34,31,22,7
34,32,22,7
34,33,24,8
34,34,24,8
34,35,24,8
34,36,22,7
34,37,20,6
34,38,18,5
34,39,18,5
34,40,20,6
34,41,22,7
34,42,24,7
34,43,22,7
34,44,24,8
34,45,22,7
34,46,18,5
34,47,18,5
34,48,16,4
34,49,16,4
34,50,14,3
34,51,0,2
35,1,16,4
35,2,18,5
35,3,18,4
35,4,18,4
35,5,16,4
35,6,16,4
35,7,20,6
35,8,20,6
35,9,20,6
35,10,18,5
35,11,18,5
35,12,20,6
35,13,22,7
35,14,22,7
35,15,35,7
35,16,35,7
35,17,31,5
35,18,31,5
35,19,20,6
35,20,18,4
35,21,16,3
35,22,10,1
35,23,0,0
35,24,0,0
35,25,0,0
36,1,12,2
36,2,12,2
36,3,16,4
36,4,16,4
36,5,16,3
36,6,14,3
36,7,16,4
36,8,18,5
36,9,18,5
36,10,18,3
36,11,16,3
36,12,18,5
36,13,20,5
36,14,18,5
36,15,18,4
36,16,16,4
36,17,18,5
36,18,18,4
36,19,16,3
36,20,18,5
36,21,20,4
36,22,16,2
36,23,14,3
36,24,18,4
36,25,20,6
36,26,22,7
36,27,24,8
36,28,24,8
36,29,26,9
36,30,30,11
36,31,47,13
36,32,49,13
36,33,32,9
36,34,26,6
36,35,20,4
36,36,16,4
36,37,16,4
36,38,18,5
36,39,20,5
36,40,18,4
36,41,16,4
36,42,16,4
36,43,14,2
36,44,14,3
36,45,14,3
36,46,12,2
36,47,10,1
36,48,12,2
36,49,12,2
36,50,16,4
36,51,16,4
36,52,18,5
36,53,31,5
36,54,14,3
36,55,12,2
36,56,0,0
36,57,0,0
36,58,0,0
37,1,14,3
37,2,16,4
37,3,16,4
37,4,18,5
37,5,20,6
37,6,22,7
37,7,22,7
37,8,37,8
37,9,37,8
37,10,37,8
37,11,37,8
37,12,20,6
37,13,20,6
37,14,20,6
37,15,24,7
37,16,24,8
37,17,24,7
37,18,24,8
37,19,28,10
37,20,49,14
37,21,55,16
37,22,62,16
37,23,50,17
37,24,67,18
37,25,69,19
37,26,67,17
37,27,65,18
37,28,67,19
37,29,69,20
37,30,75,22
37,31,75,23
37,32,99,25
37,33,85,24
37,34,83,23
37,35,89,26
37,36,91,27
37,37,113,28
38,1,12,2
38,2,16,4
38,3,18,5
38,4,20,6
38,5,22,7
38,6,24,8
38,7,26,9
38,8,28,10
38,9,26,9
38,10,41,10
38,11,49,14
38,12,43,10
38,13,26,9
38,14,26,9
38,15,26,9
38,16,28,10
38,17,48,11
38,18,34,9
38,19,34,9
38,20,30,7
38,21,30,7
38,22,30,7
38,23,32,8
38,24,30,7
38,25,26,5
38,26,14,3
38,27,0,1
39,1,14,3
39,2,16,4
39,3,16,4
39,4,18,5
39,5,20,6
39,6,20,6
39,7,35,7
39,8,37,8
39,9,37,8
39,10,37,7
39,11,24,7
39,12,24,7
39,13,20,6
39,14,20,6
39,15,20,6
39,16,20,6
39,17,22,7
39,18,24,8
39,19,24,8
39,20,24,8
39,21,39,9
39,22,43,11
39,23,39,9
39,24,24,8
39,25,18,5
39,26,18,5
39,27,10,1
39,28,0,0
40,1,14,3
40,2,16,4
40,3,16,4
40,4,18,5
40,5,16,4
40,6,18,5
40,7,16,4
40,8,18,5
40,9,20,5
40,10,20,6
40,11,33,6
40,12,35,7
40,13,35,7
40,14,33,6
40,15,33,6
40,16,20,6
40,17,22,7
40,18,20,6
40,19,22,7
40,20,39,8
40,21,24,8
40,22,24,8
40,23,24,7
40,24,20,5
40,25,0,3
40,26,0,0
40,27,0,0
40,28,0,0
40,29,0,0
40,30,0,0
40,31,0,0
40,32,0,0
40,33,0,0
40,34,0,0
40,35,0,0
40,36,0,0
40,37,0,0
40,38,0,0
40,39,0,0
40,40,0,0
40,41,0,0
40,42,0,0
40,43,0,0
40,44,0,0
40,45,0,0
41,1,16,4
41,2,20,6
41,3,24,8
41,4,26,8
41,5,22,7
41,6,22,7
41,7,22,6
41,8,22,6
41,9,20,5
41,10,22,7
41,11,26,9
41,12,30,11
41,13,28,9
41,14,39,8
41,15,37,7
41,16,41,10
41,17,41,10
41,18,24,7
41,19,22,7
41,20,24,7
41,21,26,8
41,22,28,9
41,23,45,11
41,24,49,14
41,25,32,12
41,26,30,11
41,27,34,12
41,28,47,10
41,29,47,13
41,30,73,17
41,31,65,17
41,32,48,15
41,33,46,15
41,34,63,17
41,35,91,19
41,36,79,21
41,37,83,23
41,38,85,24
41,39,85,24
41,40,89,26
41,41,91,27
41,42,115,29
42,1,16,4
42,2,20,6
42,3,24,8
42,4,24,7
42,5,24,8
42,6,24,8
42,7,24,8
42,8,20,6
42,9,24,7
42,10,24,7
42,11,37,7
42,12,33,6
42,13,16,4
42,14,16,4
42,15,18,5
42,16,18,5
42,17,33,6
42,18,39,9
42,19,39,8
42,20,24,8
42,21,26,8
42,22,24,8
42,23,24,7
42,24,22,6
42,25,18,4
42,26,16,4
42,27,14,3
42,28,0,1
42,29,0,1
42,30,0,1
42,31,0,0
42,32,0,0
42,33,0,0
42,34,0,0
42,35,0,0
42,36,0,0
42,37,0,0
42,38,0,0
42,39,0,0
42,40,0,0
42,41,0,0
42,42,0,0
42,43,0,0
42,44,0,0
42,45,0,0
42,46,0,0
42,47,0,0
42,48,0,0
42,49,0,0
42,50,0,0
42,51,0,0
42,52,0,0
42,53,0,0
42,54,0,0
42,55,0,0
42,56,0,0
42,57,0,0
42,58,0,0
42,59,0,0
42,60,0,0
42,61,0,0
43,1,16,4
43,2,20,6
43,3,24,8
43,4,26,9
43,5,28,10
43,6,43,9
43,7,41,10
43,8,47,13
43,9,49,12
43,10,45,11
43,11,30,11
43,12,30,11
43,13,45,12
43,14,51,15
43,15,81,19
43,16,65,18
43,17,50,17
43,18,50,17
43,19,54,19
43,20,75,23
43,21,75,23
43,22,77,24
43,23,79,25
43,24,105,26
43,25,91,27
43,26,91,27
43,27,91,27
43,28,93,28
43,29,113,29
44,1,18,5
44,2,24,8
44,3,26,9
44,4,24,8
44,5,26,9
44,6,28,10
44,7,30,11
44,8,45,12
44,9,51,15
44,10,55,17
44,11,55,15
44,12,45,10
44,13,28,10
44,14,30,11
44,15,28,10
44,16,47,13
44,17,51,15
44,18,49,13
44,19,38,15
44,20,36,13
44,21,30,11
44,22,43,11
44,23,45,12
44,24,28,10
44,25,26,9
44,26,24,8
44,27,18,5
44,28,16,4
44,29,0,1
44,30,0,1
45,1,14,3
45,2,16,4
45,3,18,5
45,4,20,6
45,5,22,7
45,6,24,8
45,7,26,9
45,8,26,8
45,9,24,7
45,10,24,7
45,11,39,9
45,12,45,11
45,13,49,13
45,14,49,13
45,15,47,12
45,16,47,13
45,17,34,13
45,18,50,12
45,19,57,14
45,20,61,16
45,21,61,16
45,22,63,17
45,23,65,18
45,24,50,17
45,25,46,15
45,26,46,15
45,27,130,17
45,28,73,18
45,29,79,21
45,30,79,21
45,31,85,24
45,32,95,25
46,1,16,4
46,2,18,5
46,3,22,7
46,4,22,7
46,5,22,6
46,6,20,6
46,7,20,6
46,8,22,6
46,9,22,7
46,10,22,7
46,11,24,7
46,12,22,6
46,13,22,7
46,14,24,8
46,15,30,11
46,16,26,8
46,17,22,6
46,18,22,6
46,19,22,6
46,20,20,6
46,21,20,6
46,22,24,7
46,23,18,4
46,24,22,6
46,25,24,7
46,26,24,8
46,27,22,6
46,28,20,5
46,29,31,4
46,30,16,4
46,31,16,4
46,32,18,4
46,33,16,4
46,34,16,4
46,35,16,4
46,36,16,3
46,37,0,1
46,38,0,0
46,39,0,0
46,40,0,0
46,41,0,0
46,42,0,0
46,43,0,0
46,44,0,0
46,45,0,0
46,46,0,0
46,47,0,0
46,48,0,0
47,1,16,4
47,2,22,7
47,3,28,9
47,4,39,8
47,5,37,7
47,6,24,8
47,7,24,8
47,8,24,7
47,9,20,5
47,10,18,4
47,11,35,7
47,12,39,9
47,13,39,9
47,14,37,8
47,15,33,4
47,16,20,5
47,17,22,6
47,18,26,9
47,19,32,11
47,20,49,14
47,21,49,13
47,22,53,15
47,23,53,16
47,24,49,13
47,25,60,12
47,26,36,10
47,27,40,12
47,28,57,14
47,29,61,16
47,30,61,16
47,31,65,18
47,32,54,19
47,33,56,20
47,34,73,22
47,35,73,22
47,36,67,19
47,37,63,17
47,38,46,15
47,39,42,13
47,40,48,16
47,41,65,18
47,42,75,23
47,43,75,23
47,44,75,23
47,45,75,23
47,46,77,24
47,47,71,21
47,48,79,21
47,49,85,24
47,50,87,25
47,51,87,25
47,52,91,27
47,53,93,28
47,54,93,28
47,55,113,29
48,1,14,3
48,2,16,4
48,3,18,5
48,4,18,5
48,5,18,5
48,6,18,5
48,7,18,5
48,8,18,4
48,9,18,5
48,10,18,5
48,11,18,5
48,12,18,5
48,13,18,4
48,14,18,4
48,15,16,3
48,16,14,3
48,17,16,4
48,18,16,4
48,19,18,5
48,20,18,4
48,21,14,2
48,22,12,2
48,23,14,3
48,24,16,4
48,25,18,5
48,26,18,5
48,27,16,4
48,28,16,4
48,29,18,5
48,30,14,3
48,31,14,3
48,32,14,3
48,33,12,2
48,34,14,3
48,35,16,4
48,36,18,5
48,37,18,5
48,38,16,4
48,39,16,4
48,40,12,2
48,41,0,0
49,1,16,4
49,2,18,5
49,3,20,5
49,4,22,6
49,5,24,8
49,6,39,9
49,7,41,9
49,8,41,9
49,9,43,10
49,10,39,8
49,11,26,8
49,12,24,7
49,13,22,6
49,14,24,7
49,15,39,9
49,16,45,11
49,17,47,12
49,18,28,10
49,19,24,8
49,20,26,9
49,21,28,10
49,22,45,12
49,23,43,10
49,24,41,10
49,25,28,10
49,26,30,11
49,27,32,11
49,28,34,12
49,29,49,12
49,30,73,17
49,31,61,15
49,32,61,15
49,33,48,16
49,34,46,15
49,35,48,16
49,36,63,17
49,37,63,17
49,38,63,17
49,39,65,18
49,40,52,18
49,41,62,19
49,42,62,19
49,43,64,20
49,44,77,20
49,45,77,20
49,46,81,22
49,47,85,24
49,48,89,26
49,49,93,28
49,50,113,29
50,1,16,4
50,2,20,6
50,3,24,8
50,4,26,9
50,5,28,10
50,6,43,11
50,7,49,14
50,8,51,15
50,9,51,15
50,10,53,15
50,11,53,16
50,12,73,17
50,13,61,16
50,14,61,16
50,15,59,15
50,16,46,15
50,17,48,16
50,18,67,19
50,19,73,22
50,20,77,24
50,21,77,24
50,22,105,25
50,23,87,25
50,24,89,26
50,25,89,26
50,26,117,29
51,1,16,4
51,2,20,6
51,3,22,7
51,4,22,7
51,5,22,7
51,6,22,6
51,7,20,5
51,8,18,5
51,9,20,6
51,10,20,6
51,11,22,7
51,12,22,6
51,13,20,6
51,14,20,6
51,15,22,7
51,16,22,6
51,17,20,5
51,18,18,4
51,19,16,4
51,20,16,4
51,21,18,5
51,22,22,7
51,23,22,6
51,24,35,7
51,25,37,7
51,26,35,6
51,27,20,6
51,28,20,6
51,29,20,6
51,30,20,5
51,31,18,5
51,32,18,5
51,33,18,5
51,34,18,5
51,35,18,5
51,36,33,5
51,37,20,6
51,38,20,5
51,39,18,4
51,40,18,4
51,41,16,2
51,42,0,1
51,43,0,0
51,44,0,0
51,45,0,0
51,46,0,0
51,47,0,0
52,1,14,3
52,2,16,4
52,3,18,5
52,4,20,6
52,5,18,5
52,6,18,5
52,7,20,6
52,8,20,6
52,9,18,5
52,10,18,5
52,11,18,5
52,12,18,5
52,13,20,6
52,14,22,7
52,15,22,7
52,16,20,6
52,17,22,7
52,18,24,8
52,19,24,8
52,20,24,8
52,21,24,8
52,22,24,8
52,23,24,8
52,24,24,8
52,25,22,7
52,26,24,8
52,27,26,9
52,28,24,8
52,29,26,9
52,30,26,9
52,31,24,8
52,32,26,9
52,33,24,7
52,34,22,6
52,35,22,7
52,36,24,8
52,37,24,8
52,38,26,9
52,39,26,9
52,40,24,8
52,41,26,9
52,42,24,8
52,43,26,9
52,44,26,9
52,45,26,9
52,46,28,10
52,47,28,9
52,48,41,10
52,49,47,12
52,50,49,14
52,51,47,13
52,52,43,11
52,53,45,12
52,54,49,14
52,55,47,13
52,56,47,12
52,57,56,13
52,58,42,13
52,59,46,15
52,60,70,17
52,61,58,17
52,62,60,18
52,63,60,18
52,64,77,20
52,65,75,19
52,66,75,19
52,67,79,21
52,68,83,23
52,69,89,26
52,70,113,27
53,1,14,3
53,2,16,4
53,3,16,4
53,4,16,4
53,5,16,4
53,6,16,4
53,7,16,4
53,8,16,4
53,9,31,5
53,10,33,6
53,11,20,6
53,12,20,6
53,13,16,4
53,14,18,5
53,15,20,6
53,16,18,5
53,17,18,5
53,18,14,3
53,19,14,3
53,20,18,5
53,21,24,8
53,22,24,7
53,23,22,7
53,24,37,8
53,25,35,7
53,26,29,3
53,27,10,1
53,28,12,2
53,29,14,3
53,30,14,3
53,31,16,3
53,32,16,4
53,33,18,3
53,34,12,2
53,35,12,2
53,36,12,2
53,37,10,1
53,38,0,0
53,39,0,0
53,40,0,0
53,41,0,0
53,42,0,0
53,43,0,0
53,44,0,0
53,45,0,0
53,46,0,0
53,47,0,0
53,48,0,0
53,49,0,0
53,50,0,0
53,51,0,0
53,52,0,0
54,1,12,2
54,2,14,3
54,3,16,4
54,4,18,5
54,5,16,4
54,6,16,4
54,7,18,5
54,8,18,5
54,9,20,6
54,10,18,5
54,11,18,5
54,12,16,4
54,13,16,4
54,14,18,5
54,15,20,6
54,16,18,5
54,17,18,5
54,18,18,5
54,19,20,6
54,20,20,6
54,21,35,7
54,22,37,8
54,23,37,8
54,24,37,8
54,25,37,8
54,26,37,8
54,27,37,8
54,28,37,8
54,29,37,8
54,30,22,7
54,31,20,6
54,32,18,5
54,33,16,4
54,34,18,5
54,35,20,6
54,36,35,6
54,37,20,5
54,38,20,6
54,39,20,5
54,40,18,5
54,41,18,5
54,42,18,5
54,43,18,5
54,44,18,5
54,45,18,5
54,46,18,4
54,47,18,5
54,48,18,5
54,49,18,4
54,50,18,5
54,51,18,5
54,52,20,6
54,53,18,5
54,54,18,5
54,55,20,6
54,56,20,6
54,57,20,6
54,58,20,6
54,59,35,7
54,60,35,7
54,61,35,7
54,62,37,8
54,63,37,8
54,64,37,8
54,65,37,8
54,66,35,7
54,67,20,6
54,68,20,6
54,69,20,6
54,70,20,6
54,71,18,5
54,72,18,5
54,73,16,4
54,74,16,4
54,75,18,5
54,76,20,6
54,77,35,7
54,78,33,6
54,79,18,5
54,80,18,5
54,81,20,6
54,82,22,7
54,83,28,10
54,84,45,11
54,85,32,12
54,86,32,11
54,87,30,10
54,88,28,9
54,89,24,8
54,90,24,7
54,91,20,6
54,92,16,4
54,93,14,2
54,94,14,2
54,95,12,2
54,96,10,1
54,97,10,1
54,98,10,1
54,99,10,1
54,100,10,1
54,101,10,1
54,102,0,0
55,1,16,4
55,2,22,7
55,3,22,6
55,4,22,7
55,5,22,7
55,6,22,7
55,7,26,9
55,8,26,8
55,9,26,9
55,10,26,9
55,11,24,8
55,12,22,7
55,13,20,5
55,14,18,5
55,15,14,2
55,16,10,1
55,17,12,2
55,18,16,4
55,19,20,6
55,20,22,6
55,21,18,5
55,22,16,3
55,23,10,1
55,24,10,1
55,25,10,1
55,26,16,4
55,27,20,5
55,28,16,3
55,29,16,4
55,30,14,3
55,31,12,2
55,32,10,1
55,33,12,2
55,34,16,3
55,35,16,3
55,36,0,1
55,37,0,0
55,38,0,0
55,39,0,0
55,40,0,0
55,41,0,0
55,42,0,0
55,43,0,0
55,44,0,0
55,45,0,0
55,46,0,0
55,47,0,0
55,48,0,0
55,49,0,0
55,50,0,0
55,51,0,0
55,52,0,0
55,53,0,0
55,54,0,0
55,55,0,0
55,56,0,0
55,57,0,0
55,58,0,0
55,59,0,0
55,60,0,0
55,61,0,0
55,62,0,0
55,63,0,0
55,64,0,0
55,65,0,0
55,66,0,0
56,1,16,4
56,2,18,5
56,3,20,6
56,4,22,7
56,5,22,6
56,6,22,6
56,7,24,8
56,8,26,9
56,9,26,8
56,10,26,9
56,11,28,9
56,12,26,8
56,13,41,10
56,14,43,10
56,15,41,9
56,16,41,9
56,17,41,8
56,18,22,7
56,19,24,8
56,20,24,8
56,21,30,11
56,22,69,12
56,23,57,14
56,24,61,15
56,25,63,17
56,26,65,17
56,27,63,16
56,28,48,16
56,29,46,15
56,30,46,15
56,31,63,17
56,32,67,19
56,33,71,20
56,34,71,20
56,35,71,21
56,36,75,22
56,37,79,25
56,38,83,26
56,39,81,25
56,40,101,27
56,41,115,29
57,1,14,3
57,2,18,5
57,3,18,5
57,4,22,7
57,5,20,5
57,6,20,6
57,7,20,6
57,8,24,8
57,9,22,7
57,10,37,8
57,11,35,7
57,12,37,8
57,13,37,6
57,14,22,6
57,15,22,7
57,16,22,7
57,17,39,9
57,18,47,13
57,19,51,13
57,20,51,14
57,21,49,13
57,22,36,14
57,23,38,15
57,24,51,12
57,25,49,13
57,26,55,16
57,27,79,18
57,28,63,17
57,29,63,17
57,30,50,16
57,31,48,16
57,32,65,18
57,33,69,20
57,34,69,20
57,35,69,20
57,36,69,20
57,37,71,20
57,38,69,20
57,39,71,20
57,40,69,18
57,41,54,17
57,42,54,17
57,43,76,18
57,44,79,21
57,45,83,20
57,46,83,21
57,47,85,24
57,48,87,22
57,49,87,24
57,50,87,24
57,51,89,26
57,52,89,26
57,53,91,26
57,54,91,27
57,55,93,28
57,56,113,29
58,1,14,3
58,2,18,5
58,3,22,7
58,4,24,8
58,5,26,8
58,6,24,8
58,7,24,8
58,8,24,8
58,9,24,8
58,10,24,8
58,11,24,8
58,12,24,8
58,13,22,7
58,14,22,7
58,15,20,6
58,16,22,7
58,17,24,8
58,18,26,9
58,19,26,9
58,20,26,9
58,21,26,9
58,22,26,9
58,23,26,9
58,24,26,9
58,25,26,9
58,26,26,9
58,27,26,9
58,28,26,9
58,29,26,9
58,30,26,9
58,31,26,9
58,32,26,9
58,33,26,9
58,34,26,9
58,35,28,10
58,36,30,11
58,37,52,12
58,38,44,14
58,39,46,15
58,40,46,15
58,41,63,17
58,42,63,17
58,43,63,17
58,44,59,15
58,45,59,15
58,46,63,17
58,47,65,18
58,48,69,20
58,49,71,21
58,50,105,25
58,51,85,24
58,52,85,24
58,53,85,24
58,54,70,23
58,55,68,22
58,56,68,22
58,57,66,21
58,58,66,21
58,59,83,23
58,60,113,24
59,1,16,4
59,2,20,6
59,3,24,7
59,4,22,6
59,5,35,6
59,6,39,9
59,7,43,10
59,8,26,8
59,9,24,8
59,10,24,8
59,11,26,8
59,12,39,8
59,13,39,8
59,14,47,13
59,15,49,13
59,16,43,11
59,17,41,9
59,18,26,7
59,19,24,8
59,20,28,9
59,21,52,11
59,22,44,14
59,23,63,17
59,24,65,17
59,25,67,16
59,26,65,17
59,27,63,17
59,28,65,18
59,29,69,19
59,30,73,22
59,31,99,26
59,32,89,26
59,33,113,27
60,1,16,4
60,2,20,6
60,3,22,7
60,4,24,8
60,5,24,8
60,6,24,8
60,7,39,9
60,8,43,10
60,9,41,9
60,10,24,6
60,11,22,6
60,12,22,7
60,13,39,9
60,14,43,11
60,15,45,12
60,16,47,11
60,17,43,11
60,18,45,12
60,19,47,13
60,20,30,11
60,21,30,11
60,22,30,10
60,23,26,8
60,24,28,10
60,25,30,10
60,26,47,13
60,27,53,15
60,28,36,14
60,29,34,12
60,30,34,13
60,31,49,13
60,32,45,11
60,33,45,12
60,34,34,12
60,35,32,10
60,36,28,9
60,37,45,12
60,38,51,15
60,39,55,16
60,40,77,18
60,41,67,19
60,42,93,22
60,43,79,21
60,44,77,20
60,45,67,19
60,46,67,19
60,47,71,21
60,48,73,22
60,49,75,23
60,50,117,26
60,51,91,27
60,52,93,28
60,53,103,29
61,1,14,3
61,2,16,4
61,3,18,5
61,4,18,5
61,5,16,4
61,6,16,4
61,7,16,3
61,8,16,4
61,9,16,4
61,10,14,3
61,11,12,2
61,12,12,2
61,13,12,2
61,14,12,2
61,15,14,3
61,16,16,3
61,17,14,3
61,18,14,2
61,19,16,4
61,20,16,4
61,21,16,2
61,22,14,3
61,23,14,3
61,24,16,4
61,25,16,3
61,26,16,4
61,27,16,4
61,28,14,3
61,29,14,3
61,30,14,3
61,31,16,4
61,32,14,2
61,33,12,2
61,34,16,4
61,35,18,5
61,36,16,4
61,37,14,2
61,38,14,2
61,39,14,3
61,40,12,2
61,41,10,1
61,42,0,0
61,43,0,0
61,44,0,0
61,45,0,0
61,46,0,0
62,1,16,4
62,2,20,6
62,3,24,8
62,4,26,9
62,5,43,11
62,6,49,14
62,7,43,11
62,8,43,11
62,9,28,9
62,10,24,8
62,11,26,9
62,12,43,11
62,13,51,15
62,14,51,15
62,15,47,13
62,16,30,11
62,17,28,10
62,18,32,12
62,19,47,13
62,20,49,14
62,21,51,14
62,22,49,13
62,23,32,12
62,24,47,13
62,25,53,16
62,26,59,19
62,27,57,17
62,28,57,17
62,29,55,16
62,30,51,15
62,31,49,13
62,32,51,14
62,33,60,17
62,34,67,19
62,35,73,22
62,36,95,23
62,37,87,25
62,38,89,26
62,39,113,27
63,1,16,4
63,2,20,6
63,3,22,7
63,4,26,8
63,5,26,8
63,6,24,8
63,7,28,10
63,8,24,8
63,9,24,8
63,10,43,10
63,11,41,10
63,12,41,9
63,13,22,7
63,14,22,6
63,15,24,8
63,16,41,10
63,17,43,11
63,18,41,9
63,19,30,11
63,20,24,8
63,21,26,9
63,22,43,10
63,23,47,12
63,24,51,14
63,25,49,14
63,26,30,10
63,27,26,9
63,28,41,10
63,29,43,11
63,30,28,10
63,31,28,10
63,32,26,9
63,33,22,7
63,34,24,8
63,35,22,7
63,36,20,6
63,37,16,4
63,38,14,3
63,39,0,2
64,1,14,3
64,2,16,3
64,3,16,4
64,4,18,4
64,5,18,5
64,6,18,5
64,7,18,5
64,8,20,6
64,9,18,5
64,10,20,6
64,11,20,6
64,12,20,5
64,13,18,5
64,14,20,6
64,15,22,6
64,16,35,7
64,17,37,8
64,18,37,7
64,19,35,7
64,20,33,5
64,21,0,3
64,22,0,1
64,23,0,1
64,24,0,1
64,25,0,1
64,26,0,1
64,27,0,0
64,28,0,0
64,29,0,0
64,30,0,0
64,31,0,0
64,32,0,0
64,33,0,0
64,34,0,0
65,1,16,4
65,2,22,7
65,3,24,8
65,4,26,8
65,5,24,7
65,6,22,7
65,7,24,8
65,8,24,7
65,9,22,6
65,10,20,6
65,11,24,8
65,12,26,9
65,13,24,8
65,14,24,8
65,15,24,8
65,16,26,9
65,17,30,11
65,18,56,14
65,19,44,14
65,20,46,15
65,21,42,13
65,22,42,13
65,23,42,13
65,24,40,12
65,25,42,13
65,26,57,14
65,27,49,14
65,28,49,14
65,29,51,15
65,30,38,15
65,31,34,13
65,32,26,9
65,33,20,6
65,34,18,5
65,35,16,4
65,36,12,2
65,37,0,1
65,38,0,0
66,1,16,4
66,2,20,6
66,3,22,6
66,4,22,7
66,5,37,8
66,6,39,8
66,7,41,10
66,8,45,11
66,9,43,10
66,10,41,9
66,11,28,10
66,12,26,8
66,13,24,8
66,14,26,8
66,15,24,6
66,16,39,8
66,17,43,10
66,18,28,10
66,19,56,12
66,20,42,12
66,21,42,13
66,22,59,14
66,23,63,16
66,24,65,17
66,25,67,18
66,26,71,19
66,27,76,18
66,28,62,18
66,29,79,19
66,30,81,20
66,31,85,21
66,32,87,24
66,33,91,27
66,34,93,28
66,35,113,29
67,1,16,4
67,2,18,5
67,3,20,6
67,4,22,7
67,5,37,8
67,6,41,10
67,7,24,8
67,8,20,5
67,9,20,6
67,10,22,7
67,11,24,8
67,12,24,8
67,13,39,9
67,14,43,11
67,15,28,9
67,16,24,8
67,17,26,9
67,18,39,9
67,19,43,11
67,20,45,11
67,21,49,14
67,22,73,14
67,23,59,14
67,24,61,16
67,25,50,16
67,26,44,14
67,27,48,15
67,28,65,16
67,29,61,16
67,30,65,17
67,31,50,16
67,32,48,16
67,33,52,17
67,34,67,19
67,35,71,20
67,36,67,18
67,37,65,18
67,38,67,18
67,39,54,18
67,40,50,17
67,41,58,20
67,42,67,19
67,43,69,19
67,44,67,18
67,45,69,20
67,46,73,22
67,47,103,26
67,48,111,27
68,1,16,4
68,2,20,6
68,3,24,8
68,4,26,9
68,5,41,10
68,6,26,8
68,7,26,9
68,8,22,6
68,9,20,6
68,10,35,7
68,11,45,12
68,12,51,14
68,13,47,12
68,14,30,11
68,15,24,8
68,16,18,5
68,17,22,7
68,18,24,8
68,19,22,6
68,20,18,5
68,21,20,6
68,22,16,4
68,23,0,3
69,1,14,3
69,2,14,3
69,3,16,4
69,4,16,4
69,5,16,4
69,6,16,4
69,7,14,3
69,8,14,3
69,9,14,3
69,10,14,3
69,11,18,5
69,12,16,4
69,13,14,3
69,14,16,4
69,15,18,5
69,16,20,6
69,17,22,7
69,18,24,8
69,19,24,8
69,20,22,7
69,21,22,7
69,22,22,7
69,23,20,6
69,24,20,6
69,25,20,6
69,26,20,6
69,27,22,7
69,28,24,8
69,29,24,7
69,30,22,7
69,31,24,8
69,32,22,7
69,33,22,7
69,34,22,7
69,35,22,7
69,36,20,6
69,37,16,4
69,38,16,4
69,39,10,1
69,40,0,0
70,1,12,2
70,2,14,3
70,3,14,3
70,4,14,3
70,5,16,4
70,6,18,5
70,7,18,5
70,8,18,5
70,9,20,6
70,10,22,7
70,11,20,5
70,12,16,4
70,13,18,5
70,14,18,5
70,15,16,4
70,16,14,3
70,17,14,2
70,18,14,2
70,19,0,0
70,20,0,0
70,21,0,0
70,22,0,0
70,23,0,0
70,24,0,0
70,25,0,0
70,26,0,0
70,27,0,0
70,28,0,0
70,29,0,0
70,30,0,0
70,31,0,0
70,32,0,0
70,33,0,0
70,34,0,0
70,35,0,0
70,36,0,0
70,37,0,0
70,38,0,0
70,39,0,0
70,40,0,0
70,41,0,0
70,42,0,0
70,43,0,0
70,44,0,0
70,45,0,0
70,46,0,0
70,47,0,0
70,48,0,0
70,49,0,0
70,50,0,0
70,51,0,0
70,52,0,0
70,53,0,0
70,54,0,0
70,55,0,0
70,56,0,0
70,57,0,0
70,58,0,0
70,59,0,0
70,60,0,0
70,61,0,0
70,62,0,0
70,63,0,0
71,1,14,3
71,2,14,3
71,3,14,3
71,4,14,3
71,5,14,3
71,6,16,4
71,7,16,4
71,8,18,5
71,9,16,4
71,10,16,4
71,11,16,4
71,12,16,4
71,13,16,4
71,14,16,4
71,15,16,4
71,16,16,4
71,17,16,4
71,18,14,3
71,19,0,1
71,20,0,0
71,21,0,0
71,22,0,0
71,23,0,0
71,24,0,0
71,25,0,0
71,26,0,0
71,27,0,0
72,1,16,4
72,2,20,6
72,3,20,6
72,4,24,8
72,5,26,9
72,6,24,7
72,7,22,7
72,8,24,8
72,9,24,7
72,10,22,6
72,11,22,7
72,12,26,9
72,13,26,9
72,14,26,9
72,15,28,10
72,16,28,9
72,17,26,9
72,18,26,9
72,19,50,11
72,20,38,11
72,21,44,14
72,22,46,14
72,23,59,15
72,24,59,14
72,25,55,13
72,26,59,15
72,27,61,16
72,28,67,18
72,29,52,15
72,30,46,14
72,31,44,13
72,32,46,14
72,33,61,16
72,34,63,17
72,35,67,19
72,36,91,20
72,37,79,21
72,38,81,22
72,39,85,24
72,40,85,24
72,41,87,25
72,42,89,26
72,43,91,27
72,44,93,28
72,45,93,27
72,46,91,27
72,47,91,27
72,48,93,28
72,49,113,29
73,1,16,4
73,2,22,7
73,3,26,9
73,4,26,9
73,5,26,9
73,6,24,8
73,7,22,7
73,8,24,8
73,9,26,9
73,10,26,9
73,11,24,8
73,12,26,9
73,13,24,8
73,14,24,8
73,15,26,9
73,16,26,9
73,17,26,9
73,18,26,9
73,19,26,9
73,20,26,9
73,21,26,9
73,22,26,9
73,23,28,10
73,24,28,10
73,25,43,11
73,26,47,12
73,27,53,15
73,28,53,15
73,29,71,15
73,30,0,15
73,31,0,11
73,32,0,10
73,33,0,8
73,34,0,8
73,35,0,7
73,36,0,7
73,37,0,4
73,38,0,2
73,39,0,2
73,40,0,0
73,41,0,0
73,42,0,0
74,1,16,4
74,2,22,7
74,3,22,6
74,4,22,6
74,5,22,7
74,6,22,7
74,7,22,7
74,8,22,7
74,9,20,6
74,10,22,7
74,11,24,8
74,12,24,8
74,13,24,7
74,14,20,5
74,15,18,4
74,16,16,2
74,17,14,2
74,18,16,4
74,19,22,7
74,20,37,6
74,21,20,6
74,22,20,4
74,23,16,4
74,24,20,5
74,25,18,5
74,26,18,5
74,27,18,5
74,28,18,5
74,29,22,6
74,30,20,5
74,31,18,4
74,32,0,2
74,33,0,1
74,34,0,1
74,35,0,0
74,36,0,0
74,37,0,0
74,38,0,0
74,39,0,0
74,40,0,0
74,41,0,0
74,42,0,0
74,43,0,0
74,44,0,0
75,1,14,3
75,2,16,4
75,3,18,5
75,4,18,4
75,5,16,4
75,6,18,5
75,7,18,4
75,8,14,3
75,9,14,3
75,10,14,3
75,11,14,3
75,12,14,2
75,13,12,1
75,14,0,0
75,15,0,0
75,16,0,0
75,17,0,0
75,18,0,0
75,19,0,0
75,20,0,0
75,21,0,0
75,22,0,0
75,23,0,0
75,24,0,0
75,25,0,0
75,26,0,0
75,27,0,0
75,28,0,0
75,29,0,0
75,30,0,0
75,31,0,0
75,32,0,0
75,33,0,0
75,34,0,0
75,35,0,0
75,36,0,0
75,37,0,0
75,38,0,0
75,39,0,0
75,40,0,0
75,41,0,0
75,42,0,0
75,43,0,0
75,44,0,0
75,45,0,0
75,46,0,0
75,47,0,0
75,48,0,0
75,49,0,0
75,50,0,0
75,51,0,0
75,52,0,0
75,53,0,0
75,54,0,0
75,55,0,0
75,56,0,0
75,57,0,0
75,58,0,0
75,59,0,0
75,60,0,0
75,61,0,0
75,62,0,0
76,1,14,3
76,2,14,3
76,3,16,4
76,4,18,5
76,5,20,6
76,6,22,7
76,7,24,8
76,8,24,8
76,9,37,8
76,10,39,8
76,11,37,8
76,12,35,7
76,13,35,7
76,14,18,5
76,15,16,4
76,16,16,4
76,17,18,5
76,18,20,6
76,19,22,7
76,20,22,7
76,21,24,8
76,22,39,9
76,23,39,9
76,24,43,11
76,25,32,12
76,26,28,10
76,27,26,7
76,28,20,5
76,29,20,6
76,30,22,7
76,31,22,7
76,32,24,8
76,33,24,8
76,34,22,7
76,35,20,6
76,36,18,5
76,37,14,3
76,38,12,2
76,39,12,2
76,40,10,1
76,41,0,0
77,1,16,4
77,2,20,6
77,3,24,8
77,4,26,8
77,5,26,8
77,6,26,9
77,7,28,9
77,8,26,9
77,9,28,9
77,10,26,9
77,11,26,9
77,12,24,7
77,13,20,6
77,14,20,5
77,15,20,6
77,16,22,7
77,17,39,9
77,18,26,9
77,19,28,10
77,20,26,9
77,21,39,9
77,22,41,10
77,23,45,11
77,24,47,12
77,25,45,11
77,26,26,9
77,27,30,10
77,28,24,8
77,29,26,8
77,30,28,10
77,31,54,12
77,32,53,12
77,33,49,10
77,34,51,10
77,35,53,11
77,36,57,14
77,37,59,15
77,38,63,17
77,39,67,19
77,40,81,22
77,41,83,23
77,42,83,23
77,43,83,23
77,44,87,25
77,45,119,29
78,1,14,3
78,2,16,4
78,3,18,4
78,4,16,4
78,5,16,4
78,6,16,3
78,7,14,3
78,8,16,4
78,9,16,4
78,10,18,5
78,11,18,5
78,12,18,5
78,13,18,4
78,14,16,4
78,15,16,3
78,16,16,4
78,17,18,4
78,18,16,3
78,19,16,4
78,20,18,5
78,21,18,5
78,22,18,5
78,23,20,5
78,24,20,5
78,25,18,4
78,26,20,6
78,27,20,6
78,28,18,5
78,29,20,6
78,30,24,8
78,31,26,8
78,32,28,9
78,33,24,8
78,34,24,8
78,35,26,9
78,36,26,9
78,37,24,7
78,38,22,6
78,39,20,6
78,40,22,7
78,41,20,5
78,42,16,3
78,43,0,1
78,44,0,1
78,45,0,1
78,46,0,1
78,47,0,1
78,48,0,1
78,49,0,1
78,50,0,1
78,51,0,1
78,52,0,1
78,53,0,1
78,54,0,1
78,55,0,1
78,56,0,1
78,57,0,1
78,58,0,1
78,59,0,1
78,60,0,1
78,61,0,1
78,62,0,1
78,63,0,1
78,64,0,1
78,65,0,1
78,66,0,1
78,67,0,1
78,68,0,1
78,69,0,1
78,70,0,1
78,71,0,1
78,72,0,1
78,73,0,1
78,74,0,1
78,75,0,1
78,76,0,1
78,77,0,1
78,78,0,1
78,79,0,1
78,80,0,1
78,81,0,1
78,82,0,1
78,83,0,1
78,84,0,1
78,85,0,1
78,86,0,1
78,87,0,1
78,88,0,1
78,89,0,1
78,90,0,1
78,91,0,1
78,92,0,1
78,93,0,1
78,94,0,1
78,95,0,1
78,96,0,1
78,97,0,1
78,98,0,1
78,99,0,1
78,100,0,1
78,101,0,1
78,102,0,1
78,103,0,1
78,104,0,1
78,105,0,1
78,106,0,1
78,107,0,1
78,108,0,1
78,109,0,1
78,110,0,1
78,111,0,1
78,112,0,1
78,113,0,1
78,114,0,1
78,115,0,1
78,116,0,1
78,117,0,1
78,118,0,1
78,119,0,1
78,120,0,1
78,121,0,1
78,122,0,1
78,123,0,1
78,124,0,1
78,125,0,1
78,126,0,1
78,127,0,1
78,128,0,1
78,129,0,1
78,130,0,1
78,131,0,1
78,132,0,1
78,133,0,1
78,134,0,1
78,135,0,1
78,136,0,1
78,137,0,1
78,138,0,1
78,139,0,1
78,140,0,1
78,141,0,1
78,142,0,1
78,143,0,1
78,144,0,1
78,145,0,1
78,146,0,1
78,147,0,1
78,148,0,1
78,149,0,1
78,150,0,1
78,151,0,1
78,152,0,1
78,153,0,1
78,154,0,1
78,155,0,1
78,156,0,1
78,157,0,1
78,158,0,1
78,159,0,1
78,160,0,1
78,161,0,1
78,162,0,1
78,163,0,1
78,164,0,1
78,165,0,1
78,166,0,1
78,167,0,1
78,168,0,1
78,169,0,1
78,170,0,1
78,171,0,1
79,1,16,4
79,2,20,6
79,3,24,8
79,4,24,7
79,5,22,7
79,6,22,7
79,7,20,5
79,8,18,5
79,9,20,5
79,10,20,6
79,11,22,7
79,12,22,6
79,13,20,5
79,14,31,4
79,15,10,1
79,16,12,2
79,17,18,5
79,18,18,3
79,19,12,1
79,20,14,2
79,21,0,1
79,22,0,0
79,23,0,0
79,24,0,0
79,25,0,0
79,26,0,0
79,27,0,0
79,28,0,0
79,29,0,0
79,30,0,0
79,31,0,0
79,32,0,0
79,33,0,0
80,1,14,3
80,2,14,3
80,3,14,3
80,4,16,4
80,5,18,5
80,6,18,5
80,7,16,4
80,8,18,5
80,9,18,5
80,10,16,3
80,11,16,4
80,12,18,5
80,13,20,6
80,14,22,7
80,15,22,7
80,16,20,6
80,17,18,4
80,18,16,3
80,19,16,4
80,20,18,5
80,21,16,4
80,22,16,4
80,23,14,3
80,24,14,3
80,25,16,4
80,26,16,3
80,27,14,2
80,28,10,1
80,29,10,1
80,30,12,1
80,31,10,1
80,32,12,2
80,33,12,1
80,34,0,0
80,35,0,0
80,36,0,0
80,37,0,0
80,38,0,0
80,39,0,0
80,40,0,0
80,41,0,0
80,42,0,0
80,43,0,0
80,44,0,0
80,45,0,0
80,46,0,0
80,47,0,0
80,48,0,0
80,49,0,0
80,50,0,0
81,1,16,4
81,2,20,6
81,3,22,6
81,4,22,7
81,5,24,8
81,6,22,7
81,7,24,7
81,8,24,7
81,9,24,8
81,10,26,9
81,11,39,8
81,12,45,10
81,13,43,10
81,14,39,7
81,15,20,4
81,16,18,5
81,17,18,5
81,18,20,6
81,19,20,6
81,20,18,4
81,21,16,4
81,22,14,3
81,23,14,3
81,24,14,3
81,25,14,2
81,26,16,3
81,27,12,1
81,28,10,1
81,29,12,2
81,30,16,4
81,31,20,5
81,32,18,3
81,33,16,3
81,34,14,3
81,35,18,4
81,36,20,5
81,37,18,4
81,38,18,4
81,39,0,3
82,1,16,4
82,2,22,7
82,3,24,8
82,4,24,8
82,5,26,9
82,6,26,9
82,7,43,11
82,8,28,10
82,9,30,11
82,10,69,13
82,11,57,14
82,12,63,17
82,13,61,16
82,14,48,16
82,15,46,15
82,16,59,15
82,17,63,17
82,18,71,21
82,19,69,20
82,20,71,21
82,21,73,22
82,22,89,26
82,23,87,25
82,24,85,24
82,25,87,25
82,26,93,28
82,27,113,29
83,1,14,3
83,2,16,4
83,3,16,4
83,4,18,5
83,5,20,6
83,6,20,6
83,7,20,6
83,8,20,6
83,9,18,5
83,10,20,6
83,11,22,7
83,12,37,8
83,13,41,10
83,14,45,12
83,15,45,12
83,16,47,13
83,17,49,14
83,18,49,14
83,19,51,15
83,20,51,15
83,21,60,16
83,22,42,13
83,23,44,14
83,24,48,16
83,25,50,17
83,26,50,16
83,27,63,17
83,28,63,17
83,29,61,16
83,30,61,16
83,31,63,16
83,32,63,17
83,33,63,17
83,34,65,18
83,35,65,18
83,36,65,17
83,37,61,16
83,38,61,15
83,39,57,14
83,40,59,15
83,41,59,15
83,42,83,17
83,43,69,16
83,44,71,17
83,45,73,18
83,46,75,19
83,47,75,19
83,48,79,21
83,49,83,23
83,50,89,26
83,51,115,28
84,1,18,5
84,2,22,7
84,3,22,7
84,4,24,8
84,5,26,9
84,6,26,8
84,7,22,7
84,8,24,7
84,9,24,8
84,10,24,8
84,11,22,7
84,12,24,7
84,13,22,6
84,14,20,6
84,15,22,7
84,16,24,7
84,17,22,6
84,18,20,5
84,19,16,3
84,20,0,2
84,21,0,2
84,22,0,1
84,23,0,1
84,24,0,1
84,25,0,0
84,26,0,0
84,27,0,0
84,28,0,0
84,29,0,0
84,30,0,0
84,31,0,0
84,32,0,0
84,33,0,0
84,34,0,0
84,35,0,0
84,36,0,0
84,37,0,0
84,38,0,0
84,39,0,0
84,40,0,0
84,41,0,0
84,42,0,0
84,43,0,0
84,44,0,0
84,45,0,0
84,46,0,0
84,47,0,0
84,48,0,0
85,1,12,2
85,2,14,3
85,3,16,4
85,4,18,5
85,5,18,5
85,6,18,5
85,7,18,5
85,8,16,4
85,9,16,4
85,10,16,4
85,11,16,4
85,12,18,5
85,13,18,5
85,14,16,4
85,15,18,5
85,16,18,5
85,17,20,6
85,18,20,6
85,19,18,5
85,20,18,5
85,21,20,6
85,22,20,5
85,23,20,5
85,24,20,6
85,25,18,4
85,26,0,2
85,27,0,0
85,28,0,0
85,29,0,0
85,30,0,0
85,31,0,0
85,32,0,0
85,33,0,0
85,34,0,0
85,35,0,0
85,36,0,0
85,37,0,0
86,1,16,4
86,2,20,6
86,3,24,8
86,4,24,7
86,5,22,7
86,6,22,7
86,7,22,7
86,8,20,6
86,9,20,4
86,10,20,6
86,11,24,8
86,12,24,8
86,13,26,8
86,14,26,8
86,15,24,7
86,16,22,7
86,17,24,8
86,18,28,9
86,19,26,8
86,20,37,6
86,21,39,9
86,22,43,10
86,23,41,10
86,24,41,9
86,25,28,8
86,26,28,9
86,27,41,10
86,28,67,12
86,29,61,15
86,30,63,16
86,31,65,17
86,32,65,17
86,33,56,19
86,34,69,19
86,35,69,19
86,36,73,21
86,37,56,20
86,38,69,19
86,39,71,19
86,40,69,20
86,41,73,22
86,42,77,24
86,43,99,25
86,44,89,26
86,45,89,26
86,46,89,26
86,47,111,27
87,1,16,4
87,2,22,6
87,3,22,7
87,4,22,7
87,5,22,6
87,6,22,6
87,7,22,7
87,8,20,6
87,9,22,7
87,10,20,5
87,11,20,4
87,12,14,1
87,13,10,1
87,14,12,2
87,15,10,1
87,16,12,2
87,17,14,3
87,18,18,5
87,19,18,5
87,20,18,5
87,21,18,5
87,22,20,6
87,23,22,5
87,24,18,4
87,25,16,4
87,26,18,5
87,27,20,6
87,28,18,4
87,29,16,2
87,30,0,0
87,31,0,0
87,32,0,0
87,33,0,0
87,34,0,0
87,35,0,0
87,36,0,0
87,37,0,0
87,38,0,0
87,39,0,0
87,40,0,0
87,41,0,0
87,42,0,0
87,43,0,0
87,44,0,0
87,45,0,0
87,46,0,0
87,47,0,0
87,48,0,0
87,49,0,0
88,1,12,2
88,2,12,2
88,3,14,3
88,4,14,3
88,5,14,3
88,6,14,3
88,7,14,3
88,8,14,3
88,9,14,3
88,10,16,4
88,11,14,3
88,12,14,3
88,13,14,3
88,14,16,4
88,15,16,4
88,16,14,3
88,17,14,3
88,18,16,4
88,19,16,4
88,20,16,4
88,21,14,3
88,22,14,3
88,23,14,3
88,24,16,4
88,25,18,5
88,26,18,5
88,27,16,4
88,28,18,5
88,29,18,5
88,30,20,6
88,31,20,6
88,32,22,7
88,33,24,8
88,34,26,8
88,35,54,10
88,36,38,11
88,37,38,11
88,38,40,12
88,39,42,12
88,40,55,13
88,41,42,13
88,42,42,12
88,43,44,14
88,44,46,14
88,45,46,14
88,46,44,14
88,47,44,14
88,48,46,14
88,49,44,14
88,50,50,16
88,51,63,15
88,52,61,16
88,53,65,16
88,54,61,16
88,55,61,16
88,56,63,17
88,57,65,17
88,58,63,16
88,59,61,16
88,60,61,16
88,61,61,16
88,62,61,16
88,63,61,16
88,64,61,16
88,65,61,16
88,66,61,16
88,67,61,16
88,68,61,16
88,69,61,16
88,70,61,16
88,71,61,16
88,72,61,16
88,73,61,16
88,74,61,16
88,75,61,16
88,76,61,16
88,77,61,16
88,78,61,16
88,79,61,16
88,80,61,16
88,81,61,16
88,82,61,16
88,83,61,16
88,84,61,16
88,85,61,16
88,86,61,16
88,87,61,16
88,88,61,16
88,89,61,16
88,90,61,16
88,91,61,16
88,92,61,16
88,93,61,16
88,94,61,16
88,95,61,16
88,96,61,16
88,97,61,16
88,98,61,16
88,99,61,16
88,100,61,16
88,101,61,16
88,102,61,16
88,103,61,16
88,104,61,16
88,105,61,16
88,106,61,16
88,107,61,16
88,108,61,16
88,109,61,16
88,110,61,16
88,111,61,16
88,112,61,16
88,113,61,16
88,114,61,16
88,115,61,16
88,116,61,16
88,117,61,16
88,118,61,16
88,119,61,16
88,120,61,16
88,121,61,16
88,122,61,16
88,123,61,16
88,124,61,16
88,125,61,16
88,126,61,16
88,127,61,16
88,128,61,16
88,129,61,16
88,130,61,16
88,131,61,16
88,132,61,16
88,133,61,16
88,134,61,16
88,135,61,16
88,136,61,16
88,137,61,16
88,138,61,16
88,139,61,16
88,140,61,16
88,141,61,16
88,142,61,16
88,143,61,16
88,144,61,16
88,145,61,16
88,146,61,16
88,147,61,16
88,148,61,16
88,149,61,16
88,150,61,16
88,151,61,16
88,152,61,16
88,153,61,16
88,154,61,16
88,155,61,16
88,156,61,16
88,157,61,16
88,158,61,16
88,159,61,16
88,160,61,16
88,161,61,16
88,162,61,16
88,163,61,16
88,164,61,16
88,165,61,16
88,166,61,16
88,167,61,16
88,168,61,16
88,169,61,16
88,170,61,16
88,171,61,16
88,172,61,16
88,173,61,16
88,174,61,16
88,175,61,16
88,176,61,16
88,177,61,16
88,178,61,16
88,179,61,16
88,180,61,16
88,181,61,16
88,182,61,16
88,183,61,16
88,184,61,16
88,185,61,16
88,186,61,16
88,187,61,16
88,188,61,16
88,189,61,16
88,190,61,16
88,191,61,16
88,192,61,16
88,193,61,16
88,194,61,16
88,195,61,16
88,196,61,16
88,197,61,16
88,198,61,16
88,199,61,16
88,200,61,16
89,1,14,3
89,2,14,3
89,3,16,4
89,4,18,5
89,5,18,5
89,6,20,6
89,7,20,6
89,8,22,7
89,9,24,8
89,10,26,9
89,11,26,9
89,12,26,9
89,13,26,9
89,14,24,8
89,15,24,8
89,16,22,7
89,17,20,6
89,18,20,6
89,19,16,4
89,20,14,3
89,21,12,2
89,22,12,2
89,23,14,3
89,24,14,3
89,25,16,4
89,26,14,3
89,27,16,4
89,28,16,4
89,29,16,4
89,30,16,4
89,31,16,4
89,32,18,5
89,33,18,3
89,34,12,2
89,35,12,2
89,36,0,1
89,37,0,1
89,38,0,0
89,39,0,0
89,40,0,0
89,41,0,0
89,42,0,0
89,43,0,0
89,44,0,0
89,45,0,0
89,46,0,0
89,47,0,0
89,48,0,0
89,49,0,0
89,50,0,0
89,51,0,0
89,52,0,0
89,53,0,0
89,54,0,0
89,55,0,0
89,56,0,0
89,57,0,0
90,1,16,4
90,2,20,6
90,3,20,6
90,4,22,6
90,5,22,7
90,6,22,7
90,7,20,6
90,8,20,5
90,9,20,6
90,10,24,7
90,11,20,4
90,12,16,3
90,13,16,3
90,14,16,3
90,15,33,6
90,16,35,7
90,17,35,7
90,18,33,6
90,19,20,6
90,20,24,8
90,21,22,7
90,22,20,6
90,23,22,7
90,24,20,5
90,25,20,5
90,26,20,5
90,27,22,7
90,28,22,7
90,29,24,8
90,30,24,7
90,31,24,7
90,32,39,9
90,33,43,11
90,34,45,12
90,35,43,11
90,36,45,12
90,37,47,13
90,38,43,11
90,39,32,12
90,40,44,14
90,41,53,12
90,42,38,11
90,43,26,9
90,44,24,8
90,45,24,8
90,46,0,6
91,1,14,3
91,2,16,4
91,3,18,5
91,4,18,5
91,5,18,5
91,6,20,6
91,7,20,6
91,8,20,6
91,9,20,6
91,10,20,6
91,11,20,5
91,12,20,6
91,13,20,6
91,14,20,6
91,15,20,6
91,16,18,4
91,17,16,4
91,18,18,5
91,19,16,4
91,20,33,6
91,21,35,7
91,22,20,6
91,23,20,6
91,24,18,5
91,25,16,4
91,26,12,2
91,27,0,2
91,28,0,2
92,1,14,3
92,2,14,3
92,3,14,3
92,4,14,3
92,5,14,3
92,6,14,3
92,7,16,4
92,8,18,5
92,9,18,5
92,10,18,4
92,11,18,5
92,12,16,3
92,13,12,2
92,14,12,2
92,15,12,2
92,16,10,1
92,17,0,0
92,18,0,0
92,19,0,0
92,20,0,0
92,21,0,0
92,22,0,0
92,23,0,0
92,24,0,0
92,25,0,0
92,26,0,0
92,27,0,0
92,28,0,0
92,29,0,0
92,30,0,0
92,31,0,0
92,32,0,0
93,1,16,4
93,2,20,6
93,3,22,6
93,4,24,7
93,5,22,7
93,6,20,6
93,7,22,7
93,8,24,7
93,9,20,5
93,10,20,6
93,11,20,6
93,12,35,6
93,13,20,6
93,14,18,5
93,15,20,6
93,16,22,7
93,17,20,6
93,18,20,4
93,19,33,5
93,20,33,6
93,21,33,5
93,22,20,6
93,23,24,7
93,24,22,7
93,25,22,7
93,26,24,8
93,27,24,8
93,28,22,6
93,29,18,4
93,30,16,4
93,31,20,6
93,32,24,6
93,33,18,4
93,34,14,3
93,35,12,1
93,36,10,1
93,37,10,1
93,38,12,2
93,39,16,4
93,40,14,3
93,41,12,2
93,42,10,1
93,43,10,1
93,44,12,2
93,45,10,1
93,46,10,1
93,47,10,1
93,48,12,2
93,49,14,3
93,50,12,2
93,51,0,1
94,1,16,4
94,2,18,5
94,3,18,5
94,4,18,5
94,5,35,6
94,6,20,6
94,7,16,4
94,8,16,4
94,9,18,5
94,10,20,4
94,11,16,2
94,12,14,3
94,13,18,4
94,14,16,2
94,15,16,4
94,16,20,6
94,17,18,4
94,18,16,4
94,19,16,3
94,20,29,4
94,21,31,4
94,22,14,3
94,23,16,3
94,24,20,6
94,25,24,7
94,26,20,4
94,27,18,4
94,28,14,2
94,29,0,1
94,30,0,0
94,31,0,0
94,32,0,0
94,33,0,0
94,34,0,0
94,35,0,0
94,36,0,0
94,37,0,0
94,38,0,0
94,39,0,0
94,40,0,0
94,41,0,0
94,42,0,0
94,43,0,0
94,44,0,0
94,45,0,0
94,46,0,0
94,47,0,0
94,48,0,0
94,49,0,0
94,50,0,0
94,51,0,0
94,52,0,0
94,53,0,0
94,54,0,0
94,55,0,0
94,56,0,0
94,57,0,0
94,58,0,0
94,59,0,0
94,60,0,0
94,61,0,0
94,62,0,0
94,63,0,0
94,64,0,0
94,65,0,0
95,1,16,4
95,2,22,7
95,3,26,9
95,4,28,9
95,5,41,9
95,6,43,11
95,7,47,13
95,8,49,14
95,9,47,12
95,10,47,12
95,11,49,13
95,12,47,13
95,13,47,13
95,14,32,12
95,15,34,13
95,16,38,15
95,17,57,17
95,18,57,17
95,19,57,17
95,20,57,17
95,21,55,17
95,22,53,16
95,23,55,17
95,24,77,19
95,25,65,18
95,26,63,17
95,27,51,15
95,28,51,15
95,29,36,14
95,30,34,13
95,31,34,13
95,32,30,11
95,33,28,10
95,34,0,8
96,1,14,3
96,2,16,4
96,3,16,4
96,4,14,3
96,5,14,3
96,6,16,4
96,7,16,4
96,8,18,5
96,9,18,5
96,10,16,4
96,11,16,4
96,12,18,5
96,13,18,5
96,14,20,6
96,15,35,7
96,16,37,7
96,17,35,5
96,18,20,6
96,19,22,6
96,20,20,5
96,21,18,4
96,22,18,4
96,23,18,4
96,24,16,3
96,25,16,2
96,26,14,1
96,27,0,0
97,1,14,3
97,2,16,4
97,3,16,4
97,4,16,4
97,5,16,4
97,6,16,4
97,7,18,5
97,8,20,5
97,9,20,6
97,10,18,5
97,11,18,5
97,12,18,4
97,13,18,5
97,14,33,5
97,15,18,5
97,16,18,4
97,17,16,4
97,18,18,5
97,19,20,5
97,20,16,3
97,21,18,5
97,22,26,9
97,23,24,7
97,24,22,7
97,25,22,7
97,26,22,6
97,27,20,5
97,28,20,6
97,29,37,8
97,30,37,6
97,31,35,6
97,32,35,6
97,33,31,4
97,34,16,3
97,35,14,3
97,36,14,1
97,37,10,1
97,38,12,2
97,39,16,4
97,40,16,2
97,41,0,1
98,1,14,3
98,2,16,4
98,3,18,5
98,4,18,5
98,5,20,6
98,6,22,7
98,7,22,7
98,8,22,7
98,9,22,7
98,10,22,7
98,11,22,7
98,12,22,7
98,13,22,7
98,14,22,7
98,15,22,7
98,16,22,7
98,17,22,7
98,18,22,6
98,19,22,6
98,20,22,6
98,21,20,5
98,22,0,5
98,23,0,5
98,24,0,6
98,25,0,5
98,26,0,3
98,27,0,2
98,28,0,1
98,29,0,0
98,30,0,0
98,31,0,0
98,32,0,0
98,33,0,0
98,34,0,0
98,35,0,0
98,36,0,0
98,37,0,0
98,38,0,0
98,39,0,0
98,40,0,0
98,41,0,0
98,42,0,0
98,43,0,0
98,44,0,0
98,45,0,0
98,46,0,0
98,47,0,0
98,48,0,0
98,49,0,0
98,50,0,0
98,51,0,0
98,52,0,0
98,53,0,0
98,54,0,0
98,55,0,0
99,1,12,2
99,2,12,2
99,3,14,3
99,4,14,3
99,5,16,4
99,6,18,5
99,7,20,6
99,8,20,6
99,9,18,5
99,10,18,5
99,11,18,5
99,12,18,5
99,13,20,6
99,14,20,6
99,15,20,6
99,16,35,7
99,17,33,6
99,18,33,6
99,19,33,6
99,20,35,7
99,21,37,8
99,22,35,7
99,23,37,8
99,24,35,7
99,25,37,8
99,26,39,9
99,27,37,8
99,28,37,8
99,29,37,8
99,30,37,8
99,31,37,8
99,32,33,5
99,33,18,4
99,34,16,3
99,35,16,3
99,36,16,4
99,37,16,3
99,38,18,5
99,39,20,6
99,40,22,6
99,41,22,6
99,42,22,7
99,43,22,7
99,44,24,8
99,45,22,7
99,46,22,7
99,47,22,7
99,48,22,7
99,49,22,7
99,50,24,8
99,51,26,9
99,52,26,9
99,53,28,10
99,54,26,9
99,55,28,9
99,56,24,8
99,57,24,7
99,58,24,7
99,59,22,7
99,60,20,5
99,61,0,3
99,62,0,2
99,63,0,0
99,64,0,0
99,65,0,0
99,66,0,0
99,67,0,0
99,68,0,0
99,69,0,0
99,70,0,0
100,1,12,2
100,2,12,2
100,3,14,3
100,4,16,4
100,5,16,4
100,6,20,6
100,7,20,6
100,8,20,6
100,9,18,5
100,10,18,5
100,11,16,4
100,12,16,4
100,13,16,4
100,14,18,5
100,15,20,6
100,16,22,6
100,17,22,6
100,18,20,5
100,19,20,5
100,20,18,4
100,21,14,2
100,22,14,2
100,23,12,2
100,24,14,2
100,25,0,0
100,26,0,0
100,27,0,0
100,28,0,0
100,29,0,0
100,30,0,0
100,31,0,0
101,1,14,3
101,2,14,3
101,3,16,4
101,4,18,5
101,5,20,6
101,6,20,5
101,7,18,4
101,8,20,6
101,9,24,8
101,10,26,9
101,11,26,8
101,12,24,8
101,13,22,6
101,14,22,7
101,15,35,7
101,16,37,8
101,17,39,8
101,18,37,7
101,19,0,3
101,20,0,3
101,21,0,1
101,22,0,0
101,23,0,0
101,24,0,0
101,25,0,0
101,26,0,0
101,27,0,0
101,28,0,0
101,29,0,0
101,30,0,0
101,31,0,0
101,32,0,0
101,33,0,0
101,34,0,0
101,35,0,0
101,36,0,0
101,37,0,0
101,38,0,0
101,39,0,0
101,40,0,0
101,41,0,0
101,42,0,0
101,43,0,0
101,44,0,0
101,45,0,0
101,46,0,0
101,47,0,0
101,48,0,0
101,49,0,0
101,50,0,0
102,1,16,4
102,2,18,5
102,3,18,5
102,4,18,5
102,5,31,5
102,6,35,7
102,7,35,6
102,8,33,5
102,9,16,3
102,10,16,3
102,11,18,5
102,12,20,6
102,13,22,7
102,14,22,7
102,15,22,7
102,16,22,6
102,17,20,5
102,18,18,5
102,19,18,5
102,20,20,5
102,21,16,3
102,22,12,1
102,23,0,0
102,24,0,0
102,25,0,0
102,26,0,0
102,27,0,0
102,28,0,0
102,29,0,0
103,1,14,3
103,2,14,3
103,3,18,5
103,4,20,5
103,5,20,5
103,6,20,6
103,7,24,8
103,8,26,9
103,9,26,9
103,10,41,10
103,11,43,11
103,12,45,12
103,13,32,12
103,14,34,13
103,15,50,12
103,16,40,12
103,17,40,12
103,18,55,13
103,19,53,12
103,20,43,11
103,21,26,9
103,22,18,5
103,23,18,5
103,24,18,5
103,25,14,3
103,26,10,1
103,27,12,2
103,28,10,1
103,29,12,2
103,30,12,2
103,31,12,2
103,32,10,1
103,33,0,0
104,1,16,4
104,2,20,6
104,3,22,7
104,4,24,7
104,5,24,8
104,6,22,7
104,7,20,5
104,8,16,3
104,9,14,3
104,10,14,2
104,11,12,1
104,12,12,2
104,13,16,4
104,14,20,6
104,15,16,4
104,16,14,3
104,17,10,1
104,18,0,0
104,19,0,0
104,20,0,0
104,21,0,0
104,22,0,0
104,23,0,0
104,24,0,0
104,25,0,0
104,26,0,0
104,27,0,0
104,28,0,0
104,29,0,0
104,30,0,0
104,31,0,0
105,1,16,4
105,2,16,4
105,3,18,5
105,4,18,5
105,5,20,6
105,6,35,7
105,7,37,8
105,8,37,8
105,9,22,7
105,10,22,7
105,11,26,9
105,12,39,9
105,13,43,10
105,14,41,10
105,15,45,12
105,16,45,11
105,17,43,10
105,18,26,9
105,19,22,7
105,20,22,7
105,21,39,9
105,22,45,11
105,23,69,14
105,24,42,13
105,25,40,12
105,26,40,12
105,27,40,12
105,28,55,13
105,29,55,13
105,30,57,14
105,31,59,15
105,32,63,17
105,33,65,18
105,34,69,20
105,35,71,21
105,36,75,23
105,37,75,23
105,38,77,24
105,39,107,26
105,40,91,26
105,41,91,27
105,42,93,28
105,43,113,29
106,1,14,3
106,2,16,4
106,3,18,5
106,4,20,5
106,5,20,6
106,6,20,6
106,7,20,6
106,8,20,6
106,9,18,5
106,10,18,4
106,11,20,5
106,12,18,5
106,13,35,6
106,14,33,6
106,15,33,6
106,16,20,6
106,17,20,5
106,18,18,4
106,19,20,6
106,20,26,9
106,21,45,11
106,22,43,11
106,23,45,12
106,24,30,11
106,25,32,12
106,26,36,14
106,27,38,15
106,28,49,14
106,29,30,11
106,30,24,8
106,31,39,9
106,32,41,10
106,33,39,9
106,34,41,10
106,35,39,9
106,36,41,10
106,37,45,12
106,38,34,13
106,39,45,12
106,40,47,13
106,41,43,11
106,42,26,9
106,43,28,10
106,44,41,10
106,45,45,12
106,46,43,11
106,47,41,10
106,48,45,12
106,49,45,12
106,50,49,14
106,51,34,13
106,52,52,13
106,53,40,12
106,54,38,11
106,55,38,11
106,56,34,9
106,57,0,7
106,58,0,7
106,59,0,9
106,60,0,9
106,61,0,7
106,62,0,6
106,63,0,6
106,64,0,6
106,65,0,3
106,66,0,1
107,1,14,3
107,2,14,3
107,3,16,4
107,4,18,5
107,5,16,4
107,6,14,3
107,7,16,4
107,8,16,4
107,9,18,5
107,10,20,6
107,11,18,5
107,12,18,5
107,13,20,6
107,14,18,5
107,15,18,5
107,16,20,6
107,17,18,5
107,18,18,4
107,19,18,4
107,20,16,4
107,21,16,4
107,22,16,4
107,23,18,5
107,24,16,4
107,25,20,6
107,26,20,6
107,27,18,5
107,28,18,5
107,29,18,5
107,30,18,5
107,31,18,5
107,32,33,6
107,33,35,5
107,34,16,4
107,35,18,5
107,36,18,5
107,37,16,4
107,38,14,3
107,39,16,4
107,40,31,5
107,41,35,7
107,42,33,6
107,43,16,4
107,44,16,4
107,45,14,3
107,46,12,2
107,47,0,0
107,48,0,0
107,49,0,0
107,50,0,0
107,51,0,0
108,1,14,3
108,2,16,4
108,3,22,7
108,4,24,8
108,5,24,8
108,6,26,8
108,7,26,8
108,8,26,9
108,9,26,9
108,10,28,10
108,11,28,9
108,12,41,10
108,13,24,7
108,14,20,5
108,15,18,5
108,16,20,6
108,17,22,7
108,18,41,10
108,19,41,10
108,20,41,10
108,21,45,12
108,22,32,12
108,23,32,11
108,24,34,13
108,25,58,14
108,26,65,17
108,27,69,20
108,28,71,20
108,29,67,19
108,30,65,18
108,31,107,21
108,32,69,20
108,33,73,22
108,34,101,26
108,35,99,27
109,1,16,4
109,2,22,7
109,3,22,7
109,4,26,8
109,5,26,9
109,6,24,7
109,7,20,6
109,8,22,7
109,9,24,7
109,10,22,7
109,11,22,7
109,12,24,7
109,13,24,8
109,14,26,8
109,15,26,8
109,16,22,7
109,17,24,8
109,18,22,7
109,19,24,8
109,20,28,10
109,21,28,9
109,22,41,10
109,23,43,11
109,24,43,10
109,25,28,9
109,26,24,7
109,27,24,8
109,28,22,6
109,29,22,7
109,30,20,5
109,31,22,7
109,32,37,8
109,33,43,11
109,34,49,14
109,35,45,12
109,36,47,13
109,37,47,13
109,38,43,11
109,39,45,12
109,40,45,12
109,41,28,10
109,42,24,8
109,43,28,10
109,44,43,11
109,45,20,6
109,46,0,1
109,47,0,0
109,48,0,0
109,49,0,0
109,50,0,0
110,1,14,3
110,2,16,4
110,3,18,5
110,4,18,5
110,5,18,4
110,6,16,3
110,7,16,4
110,8,18,5
110,9,18,5
110,10,22,6
110,11,22,6
110,12,20,5
110,13,18,5
110,14,18,4
110,15,0,2
110,16,0,2
110,17,0,2
110,18,0,0
110,19,0,0
110,20,0,0
110,21,0,0
110,22,0,0
110,23,0,0
110,24,0,0
110,25,0,0
110,26,0,0
110,27,0,0
110,28,0,0
110,29,0,0
110,30,0,0
110,31,0,0
110,32,0,0
110,33,0,0
110,34,0,0
110,35,0,0
110,36,0,0
111,1,14,3
111,2,16,4
111,3,16,3
111,4,14,3
111,5,14,3
111,6,14,3
111,7,14,3
111,8,16,4
111,9,16,4
111,10,18,4
111,11,16,3
111,12,14,3
111,13,14,3
111,14,16,4
111,15,18,5
111,16,18,4
111,17,16,3
111,18,14,2
111,19,14,3
111,20,16,4
111,21,14,3
111,22,12,2
111,23,0,0
111,24,0,0
111,25,0,0
111,26,0,0
111,27,0,0
111,28,0,0
111,29,0,0
111,30,0,0
111,31,0,0
111,32,0,0
111,33,0,0
111,34,0,0
111,35,0,0
111,36,0,0
111,37,0,0
111,38,0,0
111,39,0,0
111,40,0,0
111,41,0,0
111,42,0,0
112,1,16,4
112,2,20,6
112,3,22,7
112,4,24,8
112,5,26,8
112,6,24,8
112,7,22,7
112,8,26,8
112,9,26,9
112,10,24,8
112,11,26,8
112,12,22,7
112,13,24,7
112,14,22,7
112,15,22,7
112,16,24,8
112,17,26,8
112,18,24,8
112,19,24,7
112,20,22,7
112,21,20,6
112,22,22,7
112,23,22,6
112,24,20,6
112,25,20,6
112,26,24,8
112,27,26,8
112,28,24,8
112,29,39,8
112,30,39,8
112,31,37,8
112,32,39,9
112,33,41,10
112,34,41,10
112,35,45,12
112,36,43,11
112,37,43,11
112,38,43,11
112,39,43,11
112,40,43,11
112,41,28,10
112,42,26,9
112,43,30,11
112,44,26,9
112,45,26,9
112,46,24,8
112,47,22,7
112,48,22,7
112,49,24,8
112,50,22,7
112,51,20,6
112,52,16,4
112,53,14,3
112,54,0,2
112,55,0,2
113,1,16,4
113,2,20,6
113,3,22,7
113,4,20,6
113,5,22,7
113,6,22,7
113,7,20,6
113,8,22,7
113,9,24,8
113,10,26,9
113,11,28,10
113,12,32,12
113,13,34,13
113,14,34,13
113,15,47,13
113,16,49,14
113,17,51,15
113,18,49,14
113,19,49,14
113,20,34,13
113,21,28,10
113,22,24,8
113,23,33,6
113,24,35,7
113,25,35,7
113,26,18,5
113,27,16,4
113,28,16,4
113,29,14,3
113,30,12,2
113,31,10,1
113,32,0,0
114,1,16,4
114,2,20,5
114,3,20,6
114,4,22,7
114,5,22,7
114,6,20,5
114,7,18,4
114,8,18,5
114,9,20,6
114,10,22,6
114,11,22,6
114,12,20,5
114,13,16,2
114,14,12,2
114,15,16,4
114,16,14,2
114,17,12,1
114,18,12,1
114,19,10,1
114,20,0,0
114,21,0,0
114,22,0,0
114,23,0,0
114,24,0,0
114,25,0,0
114,26,0,0
114,27,0,0
114,28,0,0
114,29,0,0
114,30,0,0
114,31,0,0
114,32,0,0
114,33,0,0
114,34,0,0
114,35,0,0
114,36,0,0
114,37,0,0
114,38,0,0
114,39,0,0
114,40,0,0
114,41,0,0
114,42,0,0
114,43,0,0
114,44,0,0
114,45,0,0
114,46,0,0
114,47,0,0
114,48,0,0
114,49,0,0
114,50,0,0
114,51,0,0
114,52,0,0
115,1,14,3
115,2,16,4
115,3,16,4
115,4,18,4
115,5,16,3
115,6,16,4
115,7,18,4
115,8,16,3
115,9,14,3
115,10,16,3
115,11,16,4
115,12,18,5
115,13,18,5
115,14,18,4
115,15,16,4
115,16,16,3
115,17,14,3
115,18,16,4
115,19,16,4
115,20,16,3
115,21,14,3
115,22,14,3
115,23,12,2
115,24,14,3
115,25,14,3
115,26,14,3
115,27,12,2
115,28,0,0
115,29,0,0
115,30,0,0
115,31,0,0
115,32,0,0
115,33,0,0
115,34,0,0
115,35,0,0
115,36,0,0
115,37,0,0
115,38,0,0
116,1,18,5
116,2,24,8
116,3,24,8
116,4,26,9
116,5,26,9
116,6,26,9
116,7,26,8
116,8,24,7
116,9,26,9
116,10,26,9
116,11,26,9
116,12,26,9
116,13,30,11
116,14,55,12
116,15,59,14
116,16,63,17
116,17,65,17
116,18,61,16
116,19,63,16
116,20,46,15
116,21,46,15
116,22,61,16
116,23,61,16
116,24,65,18
116,25,73,22
116,26,71,21
116,27,73,22
116,28,73,22
116,29,75,23
116,30,73,22
116,31,73,22
116,32,73,22
116,33,73,22
116,34,75,23
116,35,60,22
116,36,85,24
116,37,89,26
116,38,91,27
116,39,87,25
116,40,91,27
116,41,93,28
116,42,113,29
117,1,16,4
117,2,20,6
117,3,24,7
117,4,24,8
117,5,22,7
117,6,37,8
117,7,45,11
117,8,45,12
117,9,43,11
117,10,30,10
117,11,26,8
117,12,41,10
117,13,47,12
117,14,45,12
117,15,32,12
117,16,32,11
117,17,26,9
117,18,39,8
117,19,45,12
117,20,41,10
117,21,22,7
117,22,16,4
117,23,14,3
117,24,14,3
117,25,16,4
117,26,14,2
117,27,0,1
117,28,0,0
117,29,0,0
117,30,0,0
117,31,0,0
118,1,16,4
118,2,20,6
118,3,22,7
118,4,26,8
118,5,41,10
118,6,47,12
118,7,49,14
118,8,47,12
118,9,43,10
118,10,41,10
118,11,30,11
118,12,34,12
118,13,34,13
118,14,36,14
118,15,40,15
118,16,57,18
118,17,79,20
118,18,67,19
118,19,67,19
118,20,67,19
118,21,58,21
118,22,60,22
118,23,79,25
118,24,81,26
118,25,81,26
118,26,97,25
118,27,87,25
118,28,119,29
119,1,12,2
119,2,14,3
119,3,16,4
119,4,16,3
119,5,14,3
119,6,14,3
119,7,18,5
119,8,20,5
119,9,18,5
119,10,20,6
119,11,22,6
119,12,20,6
119,13,20,6
119,14,18,5
119,15,18,5
119,16,16,4
119,17,0,2
119,18,0,1
119,19,0,0
119,20,0,0
119,21,0,0
119,22,0,0
119,23,0,0
119,24,0,0
119,25,0,0
119,26,0,0
119,27,0,0
119,28,0,0
119,29,0,0
119,30,0,0
119,31,0,0
119,32,0,0
119,33,0,0
119,34,0,0
119,35,0,0
119,36,0,0
119,37,0,0
119,38,0,0
119,39,0,0
119,40,0,0
119,41,0,0
119,42,0,0
119,43,0,0
119,44,0,0
119,45,0,0
119,46,0,0
119,47,0,0
119,48,0,0
119,49,0,0
119,50,0,0
119,51,0,0
119,52,0,0
119,53,0,0
119,54,0,0
119,55,0,0
119,56,0,0
119,57,0,0
119,58,0,0
119,59,0,0
119,60,0,0
119,61,0,0
119,62,0,0
119,63,0,0
119,64,0,0
119,65,0,0
119,66,0,0
119,67,0,0
119,68,0,0
119,69,0,0
119,70,0,0
119,71,0,0
119,72,0,0
119,73,0,0
119,74,0,0
119,75,0,0
119,76,0,0
119,77,0,0
119,78,0,0
119,79,0,0
120,1,16,4
120,2,20,6
120,3,18,5
120,4,18,5
120,5,20,6
120,6,20,6
120,7,20,6
120,8,18,5
120,9,18,5
120,10,20,6
120,11,22,7
120,12,22,7
120,13,24,8
120,14,26,8
120,15,24,7
120,16,22,7
120,17,22,6
120,18,20,6
120,19,20,6
120,20,22,7
120,21,24,7
120,22,24,8
120,23,26,9
120,24,28,10
120,25,28,10
120,26,28,10
120,27,28,9
120,28,22,7
120,29,22,7
120,30,24,8
120,31,24,8
120,32,39,8
120,33,41,9
120,34,39,9
120,35,37,8
120,36,39,9
120,37,24,8
120,38,22,7
120,39,22,7
120,40,22,7
120,41,22,7
120,42,22,7
120,43,20,6
120,44,22,7
120,45,41,10
120,46,41,10
120,47,41,10
120,48,43,11
120,49,41,10
120,50,43,11
120,51,43,11
120,52,43,11
120,53,43,10
120,54,43,11
120,55,45,12
120,56,45,11
120,57,43,11
120,58,43,11
120,59,30,10
120,60,28,8
120,61,26,8
120,62,24,8
120,63,26,8
120,64,30,11
120,65,34,13
120,66,40,16
120,67,40,15
120,68,38,14
120,69,36,13
120,70,34,13
120,71,34,11
120,72,30,9
120,73,26,9
120,74,0,8
120,75,0,11
120,76,0,10
120,77,0,9
120,78,0,9
120,79,0,8
120,80,0,7
120,81,0,7
120,82,0,7
120,83,0,7
120,84,0,7
120,85,0,6
120,86,0,6
120,87,0,5
120,88,0,4
120,89,0,3
120,90,0,3
120,91,0,4
120,92,0,4
121,1,12,2
121,2,12,2
121,3,14,3
121,4,14,3
121,5,16,4
121,6,16,4
121,7,18,5
121,8,18,5
121,9,18,5
121,10,20,5
121,11,18,5
121,12,20,5
121,13,18,5
121,14,20,6
121,15,20,6
121,16,20,6
121,17,20,6
121,18,18,5
121,19,16,4
121,20,16,4
121,21,14,3
121,22,12,2
121,23,0,0
121,24,0,0
122,1,14,3
122,2,16,4
122,3,18,5
122,4,20,6
122,5,20,6
122,6,20,5
122,7,20,6
122,8,20,5
122,9,18,5
122,10,20,6
122,11,18,5
122,12,18,5
122,13,16,4
122,14,14,3
122,15,14,3
122,16,12,2
122,17,14,2
122,18,12,2
122,19,16,3
122,20,14,2
122,21,12,2
122,22,12,2
122,23,14,2
122,24,14,3
122,25,16,4
122,26,14,3
122,27,14,3
122,28,16,4
122,29,18,3
122,30,16,2
122,31,14,1
122,32,12,1
122,33,10,1
122,34,12,1
122,35,10,1
122,36,10,1
122,37,12,2
122,38,12,1
122,39,0,0
123,1,16,4
123,2,20,6
123,3,39,9
123,4,41,10
123,5,41,10
123,6,39,8
123,7,24,7
123,8,22,7
123,9,22,7
123,10,24,8
123,11,24,8
123,12,26,9
123,13,26,8
123,14,22,6
123,15,20,5
123,16,16,3
123,17,14,3
123,18,0,1
123,19,0,1
123,20,0,0
123,21,0,0
123,22,0,0
123,23,0,0
123,24,0,0
123,25,0,0
123,26,0,0
123,27,0,0
123,28,0,0
123,29,0,0
123,30,0,0
123,31,0,0
123,32,0,0
123,33,0,0
124,1,14,3
124,2,16,4
124,3,16,4
124,4,16,4
124,5,16,4
124,6,16,4
124,7,16,4
124,8,16,4
124,9,16,4
124,10,16,4
124,11,14,3
124,12,20,6
124,13,20,5
124,14,22,6
124,15,22,7
124,16,26,9
124,17,24,7
124,18,22,7
124,19,24,8
124,20,24,7
124,21,26,9
124,22,41,10
124,23,26,8
124,24,20,6
124,25,20,5
124,26,18,5
124,27,22,7
124,28,20,6
124,29,16,4
124,30,16,4
124,31,14,3
124,32,0,1
124,33,0,0
124,34,0,0
124,35,0,0
124,36,0,0
124,37,0,0
124,38,0,0
125,1,14,3
125,2,14,3
125,3,16,4
125,4,18,5
125,5,18,5
125,6,16,4
125,7,14,3
125,8,16,4
125,9,20,6
125,10,22,7
125,11,22,7
125,12,24,8
125,13,24,7
125,14,20,5
125,15,18,5
125,16,20,6
125,17,35,7
125,18,37,8
125,19,35,7
125,20,37,8
125,21,41,10
125,22,41,10
125,23,28,10
125,24,22,7
125,25,22,7
125,26,20,6
125,27,18,5
125,28,12,2
125,29,12,2
125,30,12,2
125,31,12,2
125,32,10,1
125,33,12,2
125,34,10,1
125,35,12,2
125,36,12,2
125,37,10,1
125,38,12,2
125,39,10,1
125,40,12,2
125,41,14,3
125,42,10,1
125,43,0,0
126,1,16,4
126,2,20,6
126,3,22,7
126,4,37,7
126,5,24,6
126,6,22,6
126,7,22,7
126,8,35,7
126,9,39,9
126,10,39,8
126,11,39,8
126,12,39,8
126,13,24,6
126,14,20,6
126,15,20,6
126,16,37,8
126,17,22,7
126,18,20,5
126,19,16,3
126,20,10,1
126,21,12,2
126,22,16,4
126,23,20,4
126,24,18,4
126,25,18,4
126,26,14,1
126,27,10,1
126,28,10,1
126,29,0,0
126,30,0,0
126,31,0,0
126,32,0,0
126,33,0,0
126,34,0,0
126,35,0,0
126,36,0,0
126,37,0,0
126,38,0,0
126,39,0,0
126,40,0,0
126,41,0,0
126,42,0,0
126,43,0,0
127,1,14,3
127,2,14,3
127,3,20,6
127,4,37,8
127,5,24,8
127,6,22,7
127,7,24,7
127,8,22,7
127,9,39,8
127,10,41,8
127,11,43,11
127,12,41,9
127,13,45,12
127,14,47,11
127,15,28,10
127,16,26,6
127,17,20,5
127,18,22,7
127,19,41,10
127,20,47,12
127,21,45,11
127,22,43,10
127,23,28,8
127,24,28,8
127,25,26,9
127,26,32,10
127,27,45,11
127,28,47,12
127,29,41,7
127,30,31,3
127,31,14,2
127,32,18,5
127,33,20,5
127,34,22,6
127,35,22,5
127,36,16,1
127,37,12,1
127,38,10,1
127,39,0,0
128,1,16,4
128,2,20,6
128,3,22,6
128,4,37,7
128,5,22,7
128,6,20,6
128,7,22,6
128,8,24,7
128,9,39,9
128,10,22,7
128,11,22,6
128,12,20,4
128,13,20,6
128,14,33,6
128,15,37,7
128,16,33,6
128,17,35,6
128,18,41,9
128,19,28,7
128,20,22,7
128,21,39,8
128,22,39,8
128,23,37,8
128,24,22,7
128,25,22,7
128,26,18,3
128,27,14,3
128,28,16,4
128,29,14,3
128,30,14,2
128,31,0,1
128,32,0,0
128,33,0,0
128,34,0,0
128,35,0,0
128,36,0,0
128,37,0,0
128,38,0,0
129,1,14,3
129,2,14,3
129,3,16,4
129,4,18,4
129,5,16,3
129,6,16,4
129,7,18,5
129,8,18,4
129,9,16,3
129,10,14,3
129,11,16,4
129,12,18,5
129,13,20,6
129,14,22,7
129,15,22,6
129,16,18,4
129,17,18,4
129,18,16,3
129,19,14,3
129,20,14,2
129,21,14,3
129,22,12,2
129,23,10,1
129,24,0,0
129,25,0,0
130,1,16,4
130,2,18,5
130,3,20,6
130,4,24,7
130,5,26,8
130,6,22,7
130,7,39,9
130,8,45,12
130,9,45,12
130,10,41,10
130,11,41,9
130,12,22,7
130,13,24,7
130,14,22,6
130,15,20,5
130,16,22,7
130,17,37,8
130,18,39,8
130,19,26,7
130,20,24,8
130,21,26,8
130,22,24,8
130,23,26,8
130,24,22,6
130,25,20,5
130,26,33,6
130,27,37,8
130,28,39,9
130,29,39,9
130,30,39,9
130,31,24,8
130,32,22,7
130,33,20,5
130,34,16,4
130,35,0,2
130,36,0,1
130,37,0,1
130,38,0,0
130,39,0,0
130,40,0,0
130,41,0,0
130,42,0,0
130,43,0,0
130,44,0,0
130,45,0,0
130,46,0,0
130,47,0,0
130,48,0,0
130,49,0,0
130,50,0,0
130,51,0,0
130,52,0,0
130,53,0,0
131,1,14,3
131,2,14,3
131,3,16,4
131,4,18,5
131,5,20,6
131,6,20,6
131,7,20,6
131,8,18,5
131,9,18,5
131,10,31,5
131,11,33,5
131,12,18,3
131,13,18,4
131,14,16,3
131,15,18,4
131,16,16,3
131,17,16,3
131,18,14,2
131,19,12,2
131,20,14,3
131,21,16,3
131,22,14,2
131,23,16,4
131,24,18,5
131,25,18,4
131,26,16,4
131,27,14,3
131,28,14,3
131,29,16,4
131,30,16,4
131,31,14,3
131,32,14,3
131,33,14,3
131,34,14,3
131,35,14,3
131,36,14,3
131,37,0,2
132,1,16,4
132,2,18,5
132,3,18,5
132,4,20,6
132,5,22,7
132,6,22,7
132,7,20,6
132,8,22,7
132,9,24,8
132,10,26,9
132,11,28,10
132,12,28,10
132,13,43,11
132,14,47,13
132,15,32,12
132,16,28,10
132,17,26,9
132,18,41,10
132,19,45,12
132,20,41,10
132,21,37,8
132,22,22,7
132,23,22,7
132,24,22,7
132,25,16,4
132,26,0,0
132,27,0,0
132,28,0,0
132,29,0,0
132,30,0,0
132,31,0,0
132,32,0,0
132,33,0,0
133,1,14,3
133,2,16,4
133,3,16,4
133,4,16,4
133,5,14,3
133,6,16,4
133,7,18,4
133,8,18,5
133,9,20,6
133,10,20,6
133,11,20,6
133,12,22,6
133,13,20,5
133,14,16,3
133,15,14,3
133,16,14,3
133,17,14,3
133,18,16,4
133,19,16,4
133,20,14,3
133,21,16,4
133,22,18,4
133,23,18,4
133,24,14,2
133,25,10,1
133,26,10,1
133,27,0,0
133,28,0,0
133,29,0,0
133,30,0,0
134,1,16,4
134,2,20,6
134,3,24,8
134,4,24,7
134,5,22,7
134,6,26,8
134,7,24,7
134,8,39,9
134,9,43,11
134,10,43,10
134,11,41,9
134,12,30,9
134,13,28,10
134,14,28,9
134,15,43,10
134,16,49,14
134,17,77,17
134,18,67,17
134,19,69,19
134,20,56,18
134,21,67,18
134,22,97,20
134,23,81,22
134,24,85,24
134,25,91,27
134,26,115,29
135,1,16,4
135,2,18,5
135,3,20,5
135,4,18,4
135,5,20,6
135,6,18,5
135,7,18,5
135,8,22,7
135,9,22,6
135,10,18,4
135,11,16,2
135,12,14,3
135,13,16,4
135,14,18,5
135,15,14,3
135,16,12,2
135,17,10,1
135,18,10,1
135,19,0,0
135,20,0,0
135,21,0,0
135,22,0,0
135,23,0,0
135,24,0,0
135,25,0,0
135,26,0,0
135,27,0,0
135,28,0,0
135,29,0,0
135,30,0,0
135,31,0,0
135,32,0,0
135,33,0,0
136,1,16,4
136,2,20,6
136,3,20,5
136,4,20,5
136,5,22,7
136,6,24,8
136,7,37,8
136,8,39,9
136,9,41,9
136,10,41,8
136,11,24,7
136,12,24,8
136,13,28,10
136,14,41,9
136,15,39,7
136,16,39,9
136,17,41,9
136,18,24,8
136,19,26,8
136,20,26,9
136,21,81,13
136,22,61,16
136,23,65,18
136,24,63,17
136,25,65,18
136,26,48,16
136,27,44,14
136,28,57,14
136,29,63,17
136,30,67,19
136,31,73,22
136,32,77,24
136,33,101,26
136,34,89,26
136,35,117,29
137,1,16,4
137,2,22,7
137,3,26,9
137,4,24,8
137,5,26,8
137,6,24,8
137,7,26,9
137,8,26,8
137,9,24,7
137,10,24,8
137,11,22,6
137,12,18,4
137,13,20,6
137,14,20,6
137,15,24,8
137,16,26,8
137,17,24,8
137,18,24,8
137,19,26,9
137,20,26,9
137,21,24,8
137,22,26,9
137,23,26,9
137,24,26,9
137,25,24,8
137,26,22,7
137,27,22,7
137,28,20,6
137,29,0,5
138,1,16,4
138,2,22,6
138,3,20,6
138,4,22,6
138,5,18,5
138,6,20,6
138,7,22,6
138,8,24,7
138,9,37,8
138,10,39,9
138,11,39,9
138,12,30,10
138,13,30,10
138,14,30,11
138,15,32,11
138,16,41,9
138,17,41,10
138,18,47,12
138,19,45,12
138,20,45,11
138,21,28,10
138,22,28,9
138,23,45,11
138,24,49,14
138,25,51,14
138,26,45,11
138,27,43,11
138,28,30,11
138,29,28,10
138,30,30,11
138,31,28,10
138,32,26,8
138,33,26,9
138,34,26,9
138,35,26,9
138,36,43,11
138,37,47,12
138,38,43,10
138,39,41,10
138,40,45,12
138,41,47,13
138,42,43,11
138,43,45,12
138,44,30,11
138,45,34,13
138,46,30,11
138,47,26,9
138,48,39,9
138,49,35,7
138,50,33,6
138,51,0,5
138,52,0,6
138,53,0,4
138,54,0,3
138,55,0,2
138,56,0,1
139,1,16,4
139,2,18,5
139,3,20,6
139,4,22,7
139,5,24,7
139,6,22,7
139,7,22,6
139,8,22,6
139,9,20,6
139,10,20,6
139,11,20,6
139,12,18,3
139,13,10,1
139,14,12,2
139,15,14,2
139,16,0,1
139,17,0,3
139,18,0,3
139,19,0,1
139,20,0,1
139,21,0,0
139,22,0,0
139,23,0,0
139,24,0,0
139,25,0,0
139,26,0,0
139,27,0,0
139,28,0,0
139,29,0,0
139,30,0,0
139,31,0,0
139,32,0,0
139,33,0,0
139,34,0,0
139,35,0,0
139,36,0,0
140,1,16,4
140,2,20,6
140,3,22,6
140,4,22,7
140,5,24,8
140,6,26,9
140,7,26,9
140,8,26,9
140,9,26,8
140,10,24,8
140,11,24,7
140,12,24,8
140,13,26,9
140,14,26,9
140,15,26,8
140,16,24,8
140,17,24,7
140,18,22,7
140,19,24,8
140,20,26,9
140,21,26,9
140,22,26,8
140,23,24,8
140,24,24,8
140,25,24,8
140,26,24,8
140,27,26,9
140,28,28,9
140,29,26,8
140,30,24,7
140,31,24,8
140,32,26,9
140,33,26,9
140,34,24,8
140,35,24,8
140,36,26,9
140,37,30,11
140,38,32,12
140,39,36,13
140,40,47,11
140,41,47,12
140,42,51,14
140,43,51,14
140,44,49,13
140,45,36,13
140,46,34,12
140,47,32,11
140,48,30,10
140,49,28,10
140,50,28,10
140,51,24,8
140,52,22,7
140,53,20,6
140,54,18,5
140,55,18,5
140,56,18,5
140,57,16,4
140,58,16,4
140,59,16,4
140,60,20,6
140,61,22,7
140,62,18,5
140,63,16,4
140,64,14,3
140,65,12,2
140,66,12,2
140,67,0,1
141,1,16,4
141,2,20,6
141,3,24,8
141,4,24,8
141,5,24,8
141,6,24,7
141,7,24,7
141,8,26,9
141,9,24,8
141,10,26,9
141,11,26,9
141,12,54,12
141,13,44,14
141,14,42,13
141,15,55,13
141,16,61,16
141,17,61,16
141,18,48,16
141,19,44,14
141,20,48,16
141,21,63,17
141,22,67,19
141,23,69,20
141,24,71,21
141,25,73,22
141,26,73,22
141,27,138,24
142,1,16,4
142,2,22,7
142,3,22,6
142,4,22,7
142,5,24,8
142,6,26,8
142,7,24,7
142,8,22,7
142,9,22,7
142,10,24,8
142,11,24,7
142,12,20,5
142,13,20,6
142,14,35,7
142,15,39,9
142,16,41,10
142,17,26,9
142,18,18,5
142,19,14,3
142,20,10,1
142,21,0,0
143,1,14,3
143,2,14,3
143,3,14,3
143,4,18,5
143,5,18,5
143,6,18,5
143,7,20,6
143,8,20,6
143,9,20,6
143,10,20,6
143,11,20,6
143,12,20,6
143,13,20,6
143,14,20,5
143,15,16,4
143,16,0,1
143,17,0,0
143,18,0,0
143,19,0,0
143,20,0,0
143,21,0,0
143,22,0,0
143,23,0,0
143,24,0,0
143,25,0,0
143,26,0,0
143,27,0,0
143,28,0,0
143,29,0,0
143,30,0,0
143,31,0,0
143,32,0,0
143,33,0,0
143,34,0,0
143,35,0,0
143,36,0,0
143,37,0,0
143,38,0,0
143,39,0,0
143,40,0,0
143,41,0,0
143,42,0,0
143,43,0,0
143,44,0,0
143,45,0,0
143,46,0,0
143,47,0,0
143,48,0,0
143,49,0,0
143,50,0,0
143,51,0,0
143,52,0,0
143,53,0,0
143,54,0,0
143,55,0,0
143,56,0,0
143,57,0,0
143,58,0,0
143,59,0,0
143,60,0,0
143,61,0,0
143,62,0,0
143,63,0,0
143,64,0,0
143,65,0,0
143,66,0,0
143,67,0,0
143,68,0,0
143,69,0,0
143,70,0,0
143,71,0,0
143,72,0,0
143,73,0,0
143,74,0,0
143,75,0,0
143,76,0,0
143,77,0,0
143,78,0,0
143,79,0,0
143,80,0,0
143,81,0,0
143,82,0,0
143,83,0,0
143,84,0,0
143,85,0,0
143,86,0,0
143,87,0,0
143,88,0,0
143,89,0,0
143,90,0,0
143,91,0,0
143,92,0,0
143,93,0,0
143,94,0,0
143,95,0,0
143,96,0,0
143,97,0,0
143,98,0,0
143,99,0,0
143,100,0,0
143,101,0,0
143,102,0,0
143,103,0,0
143,104,0,0
143,105,0,0
143,106,0,0
143,107,0,0
143,108,0,0
143,109,0,0
143,110,0,0
143,111,0,0
143,112,0,0
143,113,0,0
143,114,0,0
143,115,0,0
143,116,0,0
143,117,0,0
143,118,0,0
143,119,0,0
143,120,0,0
143,121,0,0
143,122,0,0
143,123,0,0
143,124,0,0
143,125,0,0
143,126,0,0
143,127,0,0
143,128,0,0
143,129,0,0
143,130,0,0
143,131,0,0
143,132,0,0
143,133,0,0
143,134,0,0
143,135,0,0
143,136,0,0
143,137,0,0
143,138,0,0
143,139,0,0
143,140,0,0
143,141,0,0
143,142,0,0
143,143,0,0
143,144,0,0
143,145,0,0
143,146,0,0
143,147,0,0
143,148,0,0
143,149,0,0
143,150,0,0
143,151,0,0
143,152,0,0
143,153,0,0
143,154,0,0
143,155,0,0
143,156,0,0
143,157,0,0
143,158,0,0
143,159,0,0
143,160,0,0
143,161,0,0
143,162,0,0
143,163,0,0
143,164,0,0
143,165,0,0
143,166,0,0
143,167,0,0
143,168,0,0
143,169,0,0
143,170,0,0
143,171,0,0
143,172,0,0
143,173,0,0
143,174,0,0
143,175,0,0
143,176,0,0
143,177,0,0
143,178,0,0
143,179,0,0
143,180,0,0
143,181,0,0
143,182,0,0
143,183,0,0
143,184,0,0
143,185,0,0
143,186,0,0
143,187,0,0
143,188,0,0
144,1,14,3
144,2,16,4
144,3,18,5
144,4,20,6
144,5,18,5
144,6,18,5
144,7,18,5
144,8,18,5
144,9,18,5
144,10,20,6
144,11,20,5
144,12,20,5
144,13,24,8
144,14,22,7
144,15,22,7
144,16,24,8
144,17,39,9
144,18,41,9
144,19,26,8
144,20,24,7
144,21,24,8
144,22,28,10
144,23,28,10
144,24,30,11
144,25,54,12
144,26,38,11
144,27,34,9
144,28,34,9
144,29,45,8
144,30,33,6
144,31,33,6
144,32,18,5
144,33,18,5
144,34,14,3
144,35,12,2
144,36,0,0
145,1,16,4
145,2,20,6
145,3,20,5
145,4,18,5
145,5,20,6
145,6,37,8
145,7,24,8
145,8,24,7
145,9,24,7
145,10,39,9
145,11,43,11
145,12,37,8
145,13,24,8
145,14,22,7
145,15,22,7
145,16,26,9
145,17,43,11
145,18,45,11
145,19,45,11
145,20,26,9
145,21,24,8
145,22,22,7
145,23,22,7
145,24,20,6
145,25,20,6
145,26,20,6
145,27,20,6
145,28,24,8
145,29,24,8
145,30,22,7
145,31,18,5
145,32,16,4
145,33,14,3
145,34,12,2
145,35,0,1
146,1,16,4
146,2,18,5
146,3,20,6
146,4,24,7
146,5,24,8
146,6,26,9
146,7,26,8
146,8,24,8
146,9,28,9
146,10,26,9
146,11,43,10
146,12,45,12
146,13,32,12
146,14,26,8
146,15,26,8
146,16,43,11
146,17,47,12
146,18,49,13
146,19,69,12
146,20,46,15
146,21,46,14
146,22,48,14
146,23,63,15
146,24,59,14
146,25,65,18
146,26,69,19
146,27,69,19
146,28,50,17
146,29,50,16
146,30,63,16
146,31,61,16
146,32,67,19
146,33,73,22
146,34,75,23
146,35,123,24
147,1,16,4
147,2,16,4
147,3,16,3
147,4,14,3
147,5,16,4
147,6,20,6
147,7,24,8
147,8,26,9
147,9,28,10
147,10,30,11
147,11,30,11
147,12,32,12
147,13,32,11
147,14,30,10
147,15,28,9
147,16,28,10
147,17,43,11
147,18,45,12
147,19,47,12
147,20,45,12
147,21,45,12
147,22,45,12
147,23,45,12
147,24,45,12
147,25,49,14
147,26,49,14
147,27,49,14
147,28,51,15
147,29,79,17
147,30,63,17
147,31,65,18
147,32,67,19
147,33,69,20
147,34,73,22
147,35,101,24
147,36,87,25
147,37,89,26
147,38,87,25
147,39,87,25
147,40,85,24
147,41,83,23
147,42,70,23
147,43,70,23
147,44,115,25
148,1,16,4
148,2,20,6
148,3,22,7
148,4,22,7
148,5,37,8
148,6,37,8
148,7,22,7
148,8,24,8
148,9,24,8
148,10,39,9
148,11,41,9
148,12,24,8
148,13,22,7
148,14,22,7
148,15,37,7
148,16,22,7
148,17,22,6
148,18,20,6
148,19,20,6
148,20,22,7
148,21,22,7
148,22,37,8
148,23,24,8
148,24,22,7
148,25,24,8
148,26,24,8
148,27,54,10
148,28,34,9
148,29,36,10
148,30,36,10
148,31,40,12
148,32,57,14
148,33,61,16
148,34,101,19
148,35,81,22
148,36,85,24
148,37,87,25
148,38,87,25
148,39,85,24
148,40,89,26
148,41,93,28
148,42,93,28
148,43,93,28
148,44,93,28
148,45,113,29
149,1,16,4
149,2,18,5
149,3,24,8
149,4,22,7
149,5,24,8
149,6,26,8
149,7,24,7
149,8,24,8
149,9,45,12
149,10,47,10
149,11,30,11
149,12,32,12
149,13,28,10
149,14,24,8
149,15,24,7
149,16,22,7
149,17,20,4
149,18,14,3
149,19,0,3
149,20,0,3
149,21,0,1
149,22,0,0
149,23,0,0
149,24,0,0
149,25,0,0
149,26,0,0
150,1,16,4
150,2,20,6
150,3,22,7
150,4,22,7
150,5,26,8
150,6,24,8
150,7,24,7
150,8,24,8
150,9,20,6
150,10,22,6
150,11,22,7
150,12,22,7
150,13,39,9
150,14,22,7
150,15,20,6
150,16,22,7
150,17,26,9
150,18,41,10
150,19,43,11
150,20,28,10
150,21,26,9
150,22,28,10
150,23,30,11
150,24,45,12
150,25,49,14
150,26,45,11
150,27,43,11
150,28,39,9
150,29,37,7
150,30,22,7
150,31,20,6
150,32,18,5
150,33,18,5
150,34,20,6
150,35,24,8
150,36,41,10
150,37,39,9
150,38,45,12
150,39,43,11
150,40,41,10
150,41,41,9
150,42,26,9
150,43,24,8
150,44,24,8
150,45,22,7
150,46,16,4
150,47,12,2
150,48,0,0
150,49,0,0
150,50,0,0
150,51,0,0
150,52,0,0
151,1,12,2
151,2,14,3
151,3,14,3
151,4,14,3
151,5,14,3
151,6,16,3
151,7,16,4
151,8,16,4
151,9,16,4
151,10,18,5
151,11,18,5
151,12,18,5
151,13,16,4
151,14,16,4
151,15,18,5
151,16,16,4
151,17,16,4
151,18,14,3
151,19,14,3
151,20,12,2
151,21,0,1
151,22,0,0
151,23,0,0
151,24,0,0
151,25,0,0
151,26,0,0
151,27,0,0
151,28,0,0
151,29,0,0
151,30,0,0
151,31,0,0
151,32,0,0
151,33,0,0
151,34,0,0
151,35,0,0
151,36,0,0
151,37,0,0
151,38,0,0
151,39,0,0
151,40,0,0
151,41,0,0
151,42,0,0
151,43,0,0
151,44,0,0
151,45,0,0
151,46,0,0
151,47,0,0
151,48,0,0
151,49,0,0
151,50,0,0
152,1,16,4
152,2,20,6
152,3,22,6
152,4,22,7
152,5,24,8
152,6,24,7
152,7,24,8
152,8,20,6
152,9,22,6
152,10,22,6
152,11,35,6
152,12,35,7
152,13,37,7
152,14,24,7
152,15,20,5
152,16,22,7
152,17,24,8
152,18,22,7
152,19,24,7
152,20,24,7
152,21,20,5
152,22,33,6
152,23,43,11
152,24,47,11
152,25,45,11
152,26,26,8
152,27,24,8
152,28,28,9
152,29,24,7
152,30,26,8
152,31,24,8
152,32,37,8
152,33,43,11
152,34,45,12
152,35,28,9
152,36,28,10
152,37,26,9
152,38,28,10
152,39,28,10
152,40,36,10
152,41,38,11
152,42,57,14
152,43,61,16
152,44,65,18
152,45,61,16
152,46,44,14
152,47,42,13
152,48,26,9
152,49,24,8
152,50,37,8
152,51,41,10
152,52,37,8
152,53,33,6
152,54,33,6
152,55,20,6
152,56,16,4
152,57,12,2
152,58,10,1
152,59,0,0
153,1,14,3
153,2,16,4
153,3,16,4
153,4,16,4
153,5,18,5
153,6,20,6
153,7,20,6
153,8,22,7
153,9,37,8
153,10,39,9
153,11,41,10
153,12,43,10
153,13,41,9
153,14,26,9
153,15,26,8
153,16,39,9
153,17,43,11
153,18,45,12
153,19,49,13
153,20,45,12
153,21,77,15
153,22,59,15
153,23,57,14
153,24,55,13
153,25,42,13
153,26,40,12
153,27,40,12
153,28,36,10
153,29,36,10
153,30,38,11
153,31,38,11
153,32,36,10
153,33,36,10
153,34,59,15
153,35,61,16
153,36,65,18
153,37,65,18
153,38,65,18
153,39,65,18
153,40,67,19
153,41,71,21
153,42,75,23
153,43,77,24
153,44,97,25
153,45,87,25
153,46,87,25
153,47,113,25
154,1,14,3
154,2,18,5
154,3,22,7
154,4,24,8
154,5,26,9
154,6,26,9
154,7,24,8
154,8,24,8
154,9,24,7
154,10,22,6
154,11,20,6
154,12,35,7
154,13,37,8
154,14,37,8
154,15,37,8
154,16,41,10
154,17,41,10
154,18,41,10
154,19,41,10
154,20,43,11
154,21,43,11
154,22,43,11
154,23,28,10
154,24,28,10
154,25,30,11
154,26,45,12
154,27,51,15
154,28,55,17
154,29,53,15
154,30,53,16
154,31,55,17
154,32,57,18
154,33,77,18
154,34,65,17
154,35,65,17
154,36,69,20
154,37,71,21
154,38,71,20
154,39,71,21
154,40,95,23
154,41,111,24
155,1,16,4
155,2,18,5
155,3,20,6
155,4,24,7
155,5,24,8
155,6,22,7
155,7,22,7
155,8,22,6
155,9,22,6
155,10,22,7
155,11,22,7
155,12,22,7
155,13,22,7
155,14,22,7
155,15,22,6
155,16,22,6
155,17,20,6
155,18,24,8
155,19,22,6
155,20,18,5
155,21,18,4
155,22,18,5
155,23,20,6
155,24,20,5
155,25,18,4
155,26,33,5
155,27,18,4
155,28,14,2
155,29,10,1
155,30,12,2
155,31,16,3
155,32,16,2
155,33,16,3
155,34,12,2
155,35,10,1
155,36,10,1
155,37,10,1
155,38,12,2
155,39,16,3
155,40,18,5
155,41,35,5
155,42,18,3
155,43,14,1
155,44,0,0
155,45,0,0
155,46,0,0
155,47,0,0
155,48,0,0
156,1,12,2
156,2,14,3
156,3,16,4
156,4,20,6
156,5,22,7
156,6,24,7
156,7,24,6
156,8,35,7
156,9,39,9
156,10,39,9
156,11,24,7
156,12,33,5
156,13,16,3
156,14,18,5
156,15,20,6
156,16,35,7
156,17,37,8
156,18,37,8
156,19,37,7
156,20,33,5
156,21,18,5
156,22,20,6
156,23,22,7
156,24,20,6
156,25,22,5
156,26,24,7
156,27,22,6
156,28,20,6
156,29,22,7
156,30,22,5
156,31,33,5
156,32,35,6
156,33,35,6
156,34,35,5
156,35,36,5
156,36,30,6
156,37,34,8
156,38,36,9
156,39,36,8
156,40,32,7
156,41,32,7
156,42,32,8
156,43,36,10
156,44,36,8
156,45,34,7
156,46,32,7
156,47,32,7
156,48,34,9
156,49,38,10
156,50,38,10
156,51,36,9
156,52,36,9
156,53,34,9
156,54,32,7
156,55,32,8
156,56,36,9
156,57,38,10
156,58,38,10
156,59,36,10
156,60,34,8
156,61,30,7
156,62,32,7
156,63,32,8
156,64,30,7
156,65,0,7
156,66,0,9
156,67,0,7
156,68,0,5
156,69,0,4
156,70,0,2
156,71,0,0
156,72,0,0
156,73,0,0
156,74,0,0
156,75,0,0
156,76,0,0
156,77,0,0
157,1,16,4
157,2,20,5
157,3,20,6
157,4,24,8
157,5,22,7
157,6,20,6
157,7,22,6
157,8,20,6
157,9,20,6
157,10,22,6
157,11,20,5
157,12,18,5
157,13,20,5
157,14,20,6
157,15,22,6
157,16,37,7
157,17,33,6
157,18,18,5
157,19,16,3
157,20,18,5
157,21,22,6
157,22,20,5
157,23,18,4
157,24,18,5
157,25,16,2
157,26,12,1
157,27,0,0
157,28,0,0
157,29,0,0
157,30,0,0
157,31,0,0
157,32,0,0
157,33,0,0
157,34,0,0
157,35,0,0
157,36,0,0
157,37,0,0
157,38,0,0
157,39,0,0
158,1,16,4
158,2,18,5
158,3,20,6
158,4,22,7
158,5,24,8
158,6,22,7
158,7,24,8
158,8,24,8
158,9,24,8
158,10,24,8
158,11,24,8
158,12,24,7
158,13,24,8
158,14,26,9
158,15,26,9
158,16,28,10
158,17,56,12
158,18,40,12
158,19,42,12
158,20,42,13
158,21,61,16
158,22,67,18
158,23,67,18
158,24,67,19
158,25,67,19
158,26,97,20
158,27,64,20
158,28,81,22
158,29,83,23
158,30,85,24
158,31,87,25
158,32,89,26
158,33,93,27
158,34,91,27
158,35,93,28
158,36,113,29
159,1,12,2
159,2,14,3
159,3,16,3
159,4,16,4
159,5,18,5
159,6,20,6
159,7,20,6
159,8,20,6
159,9,20,6
159,10,22,7
159,11,22,7
159,12,24,8
159,13,24,8
159,14,24,8
159,15,24,7
159,16,22,6
159,17,22,6
159,18,20,6
159,19,20,6
159,20,20,6
159,21,20,6
159,22,22,7
159,23,20,6
159,24,22,7
159,25,22,6
159,26,20,5
159,27,20,6
159,28,18,5
159,29,22,7
159,30,24,8
159,31,41,10
159,32,41,10
159,33,41,9
159,34,39,8
159,35,24,6
159,36,22,7
159,37,20,6
159,38,20,6
159,39,20,6
159,40,20,6
159,41,20,6
159,42,22,7
159,43,24,8
159,44,24,8
159,45,26,8
159,46,24,8
159,47,42,8
159,48,0,8
159,49,0,7
159,50,0,6
159,51,0,6
159,52,0,3
159,53,0,1
160,1,14,3
160,2,16,4
160,3,18,5
160,4,20,6
160,5,20,6
160,6,22,7
160,7,20,6
160,8,22,7
160,9,24,7
160,10,22,6
160,11,20,5
160,12,20,6
160,13,20,6
160,14,20,6
160,15,22,7
160,16,22,7
160,17,22,7
160,18,24,8
160,19,24,8
160,20,24,7
160,21,22,6
160,22,20,6
160,23,33,6
160,24,35,5
160,25,37,6
160,26,20,5
160,27,20,6
160,28,22,6
160,29,22,7
160,30,24,8
160,31,28,10
160,32,28,10
160,33,24,8
160,34,39,9
160,35,41,10
160,36,24,8
160,37,20,6
160,38,12,2
160,39,0,1
161,1,12,2
161,2,14,3
161,3,14,3
161,4,16,4
161,5,16,4
161,6,16,4
161,7,16,4
161,8,16,4
161,9,31,5
161,10,33,6
161,11,35,7
161,12,35,6
161,13,16,4
161,14,18,5
161,15,12,2
161,16,16,4
161,17,20,6
161,18,22,5
161,19,18,5
161,20,20,5
161,21,18,3
161,22,16,4
161,23,16,4
161,24,20,6
161,25,22,7
161,26,22,7
161,27,35,7
161,28,37,8
161,29,33,6
161,30,16,4
161,31,18,5
161,32,18,5
161,33,16,3
161,34,12,1
161,35,10,1
161,36,12,2
161,37,14,3
161,38,14,3
161,39,0,2
161,40,0,2
161,41,0,1
161,42,0,0
161,43,0,0
161,44,0,0
161,45,0,0
161,46,0,0
161,47,0,0
161,48,0,0
162,1,16,4
162,2,20,6
162,3,22,7
162,4,24,8
162,5,22,7
162,6,24,8
162,7,26,9
162,8,24,8
162,9,24,8
162,10,24,7
162,11,24,8
162,12,24,8
162,13,26,9
162,14,26,9
162,15,26,9
162,16,28,10
162,17,43,10
162,18,41,10
162,19,45,12
162,20,43,11
162,21,45,11
162,22,26,9
162,23,22,7
162,24,20,6
162,25,22,7
162,26,37,8
162,27,39,9
162,28,41,10
162,29,37,8
162,30,37,8
162,31,35,7
162,32,20,6
162,33,18,5
162,34,16,4
162,35,14,3
162,36,0,2
163,1,16,4
163,2,20,6
163,3,24,7
163,4,20,5
163,5,20,6
163,6,39,9
163,7,43,11
163,8,43,11
163,9,39,8
163,10,22,7
163,11,24,7
163,12,24,7
163,13,24,8
163,14,24,8
163,15,22,7
163,16,35,7
163,17,41,10
163,18,41,9
163,19,39,8
163,20,26,9
163,21,22,7
163,22,22,7
163,23,22,7
163,24,46,7
163,25,32,8
163,26,34,9
163,27,51,11
163,28,55,13
163,29,48,16
163,30,46,15
163,31,44,14
163,32,40,12
163,33,42,13
163,34,115,13
163,35,52,14
163,36,50,13
163,37,65,14
163,38,71,17
163,39,75,19
163,40,81,22
163,41,93,24
164,1,14,3
164,2,14,3
164,3,16,4
164,4,16,4
164,5,16,4
164,6,16,4
164,7,16,4
164,8,16,4
164,9,18,5
164,10,18,4
164,11,18,5
164,12,18,5
164,13,18,5
164,14,37,8
164,15,39,9
164,16,24,8
164,17,37,8
164,18,35,6
164,19,20,6
164,20,20,6
164,21,20,6
164,22,20,5
164,23,20,6
164,24,39,9
164,25,43,10
164,26,43,10
164,27,28,10
164,28,71,12
164,29,40,12
164,30,42,13
164,31,46,15
164,32,42,13
164,33,42,13
164,34,36,10
164,35,30,7
164,36,28,6
164,37,32,8
164,38,30,7
164,39,0,7
164,40,0,8
164,41,0,8
164,42,0,8
164,43,0,8
164,44,0,9
164,45,0,10
164,46,12,11
164,47,12,10
164,48,12,9
164,49,12,7
164,50,12,6
165,1,16,4
165,2,18,5
165,3,20,6
165,4,24,8
165,5,22,6
165,6,20,5
165,7,20,6
165,8,20,6
165,9,22,6
165,10,22,7
165,11,24,6
165,12,20,6
165,13,18,5
165,14,16,4
165,15,18,5
165,16,22,6
165,17,20,6
165,18,18,5
165,19,18,4
165,20,14,3
165,21,14,3
165,22,14,3
165,23,12,2
165,24,14,3
165,25,14,2
165,26,14,3
165,27,16,2
165,28,12,1
165,29,10,1
165,30,10,1
165,31,10,1
165,32,10,1
165,33,10,1
165,34,10,1
165,35,10,1
165,36,18,5
165,37,20,6
165,38,20,6
165,39,16,4
165,40,14,3
165,41,0,2
166,1,16,4
166,2,20,6
166,3,22,7
166,4,35,7
166,5,37,8
166,6,22,6
166,7,22,7
166,8,22,6
166,9,37,8
166,10,39,9
166,11,24,7
166,12,20,6
166,13,20,5
166,14,20,6
166,15,20,6
166,16,22,6
166,17,16,4
166,18,12,2
166,19,10,1
166,20,12,2
166,21,10,1
166,22,10,1
166,23,12,2
166,24,18,5
166,25,18,5
166,26,20,6
166,27,35,7
166,28,35,7
166,29,33,5
166,30,16,3
166,31,14,3
166,32,12,2
166,33,14,3
166,34,14,3
166,35,12,2
166,36,16,4
166,37,16,4
166,38,16,4
166,39,20,6
166,40,20,6
166,41,33,6
166,42,31,5
166,43,0,1
167,1,14,3
167,2,16,4
167,3,16,4
167,4,16,4
167,5,16,4
167,6,16,4
167,7,14,3
167,8,16,4
167,9,16,4
167,10,18,5
167,11,18,5
167,12,18,5
167,13,18,5
167,14,18,5
167,15,33,6
167,16,35,7
167,17,20,6
167,18,20,6
167,19,22,7
167,20,24,8
167,21,24,8
167,22,24,8
167,23,24,8
167,24,24,8
167,25,22,6
167,26,20,6
167,27,20,4
167,28,18,5
167,29,35,6
167,30,20,6
167,31,20,5
167,32,18,5
167,33,20,6
167,34,33,6
167,35,39,8
167,36,35,5
167,37,16,4
167,38,20,6
167,39,20,5
167,40,18,4
167,41,16,4
167,42,20,6
167,43,20,6
167,44,20,4
167,45,0,0
167,46,0,0
168,1,16,4
168,2,20,6
168,3,22,7
168,4,22,7
168,5,26,9
168,6,26,8
168,7,24,8
168,8,22,7
168,9,22,7
168,10,35,7
168,11,41,10
168,12,41,9
168,13,22,7
168,14,26,9
168,15,24,7
168,16,24,8
168,17,22,7
168,18,24,8
168,19,39,9
168,20,47,12
168,21,53,15
168,22,57,17
168,23,53,15
168,24,57,18
168,25,57,18
168,26,57,17
168,27,79,17
168,28,50,17
168,29,69,20
168,30,67,19
168,31,54,19
168,32,69,20
168,33,73,22
168,34,81,26
168,35,79,25
168,36,77,24
168,37,81,26
168,38,81,26
168,39,83,27
168,40,81,26
168,41,83,27
168,42,103,28
168,43,93,28
168,44,113,29
169,1,14,3
169,2,16,4
169,3,16,4
169,4,18,5
169,5,20,5
169,6,18,4
169,7,16,4
169,8,18,5
169,9,24,8
169,10,26,9
169,11,24,8
169,12,22,7
169,13,22,7
169,14,26,8
169,15,24,8
169,16,24,7
169,17,24,8
169,18,24,8
169,19,24,8
169,20,22,7
169,21,24,8
169,22,28,10
169,23,28,9
169,24,28,9
169,25,26,9
169,26,24,8
169,27,22,6
169,28,16,4
169,29,0,1
169,30,0,0
169,31,0,0
169,32,0,0
169,33,0,0
169,34,0,0
169,35,0,0
169,36,0,0
169,37,0,0
169,38,0,0
169,39,0,0
169,40,0,0
169,41,0,0
169,42,0,0
169,43,0,0
170,1,16,4
170,2,22,7
170,3,26,9
170,4,24,8
170,5,24,7
170,6,24,8
170,7,24,8
170,8,22,7
170,9,22,6
170,10,22,6
170,11,20,5
170,12,16,2
170,13,12,1
170,14,12,2
170,15,14,3
170,16,16,3
170,17,18,5
170,18,22,6
170,19,33,6
170,20,20,6
170,21,20,5
170,22,18,4
170,23,18,4
170,24,16,4
170,25,16,4
170,26,20,5
170,27,20,5
170,28,0,4
170,29,0,0
170,30,0,0
170,31,0,0
170,32,0,0
170,33,0,0
171,1,14,3
171,2,14,3
171,3,16,4
171,4,16,4
171,5,20,6
171,6,20,6
171,7,37,8
171,8,37,8
171,9,37,8
171,10,41,10
171,11,37,8
171,12,24,7
171,13,22,7
171,14,24,8
171,15,37,8
171,16,39,8
171,17,20,4
171,18,16,4
171,19,16,4
171,20,18,5
171,21,20,6
171,22,20,6
171,23,20,6
171,24,22,5
171,25,37,7
171,26,33,5
171,27,31,5
171,28,31,4
171,29,12,2
171,30,10,1
171,31,12,2
171,32,12,2
171,33,12,1
171,34,0,0
171,35,0,0
171,36,0,0
171,37,0,0
171,38,0,0
172,1,14,3
172,2,16,4
172,3,16,4
172,4,18,5
172,5,18,5
172,6,18,5
172,7,18,5
172,8,18,5
172,9,20,6
172,10,20,6
172,11,22,7
172,12,35,7
172,13,39,9
172,14,39,8
172,15,26,8
172,16,24,8
172,17,28,8
172,18,26,9
172,19,26,8
172,20,24,7
172,21,22,6
172,22,20,6
172,23,18,5
172,24,16,4
172,25,20,6
172,26,20,6
172,27,33,6
172,28,35,7
172,29,20,5
172,30,18,5
172,31,18,5
172,32,18,5
172,33,18,5
172,34,20,6
172,35,20,6
172,36,20,6
172,37,20,6
172,38,20,6
172,39,20,6
172,40,20,6
172,41,20,6
172,42,20,6
172,43,20,6
172,44,20,6
172,45,20,6
172,46,20,6
172,47,20,6
172,48,20,5
172,49,18,4
172,50,18,5
172,51,16,4
172,52,16,4
172,53,0,2
172,54,0,1
172,55,0,0
172,56,0,0
172,57,0,0
172,58,0,0
172,59,0,0
172,60,0,0
172,61,0,0
172,62,0,0
172,63,0,0
172,64,0,0
173,1,16,4
173,2,20,6
173,3,22,6
173,4,18,5
173,5,22,7
173,6,39,8
173,7,37,8
173,8,20,5
173,9,16,3
173,10,14,2
173,11,14,2
173,12,12,2
173,13,18,5
173,14,18,5
173,15,20,5
173,16,18,4
173,17,14,2
173,18,0,0
173,19,0,0
173,20,0,0
173,21,0,0
173,22,0,0
173,23,0,0
173,24,0,0
173,25,0,0
173,26,0,0
173,27,0,0
173,28,0,0
174,1,16,4
174,2,22,7
174,3,26,9
174,4,28,10
174,5,43,10
174,6,41,10
174,7,43,11
174,8,45,11
174,9,45,11
174,10,43,10
174,11,28,8
174,12,26,9
174,13,41,10
174,14,45,12
174,15,49,13
174,16,49,14
174,17,45,12
174,18,47,13
174,19,45,11
174,20,43,10
174,21,45,11
174,22,47,12
174,23,49,13
174,24,47,11
174,25,30,11
174,26,32,11
174,27,79,10
174,28,42,13
174,29,46,15
174,30,57,14
174,31,57,14
174,32,61,16
174,33,65,18
174,34,69,20
174,35,71,21
174,36,93,23
174,37,87,25
174,38,89,26
174,39,89,26
174,40,89,26
174,41,89,26
174,42,91,27
174,43,113,27
175,1,12,2
175,2,14,3
175,3,14,3
175,4,14,3
175,5,16,4
175,6,18,5
175,7,20,6
175,8,22,7
175,9,22,7
175,10,20,6
175,11,22,7
175,12,22,7
175,13,20,6
175,14,20,6
175,15,18,5
175,16,0,5
175,17,0,3
175,18,0,2
175,19,0,0
175,20,0,0
175,21,0,0
175,22,0,0
175,23,0,0
175,24,0,0
175,25,0,0
175,26,0,0
175,27,0,0
175,28,0,0
175,29,0,0
175,30,0,0
175,31,0,0
175,32,0,0
175,33,0,0
175,34,0,0
175,35,0,0
175,36,0,0
175,37,0,0
175,38,0,0
175,39,0,0
175,40,0,0
175,41,0,0
175,42,0,0
176,1,16,4
176,2,18,5
176,3,20,5
176,4,22,6
176,5,22,7
176,6,37,8
176,7,41,10
176,8,39,7
176,9,37,6
176,10,24,6
176,11,22,7
176,12,28,10
176,13,43,11
176,14,53,14
176,15,49,13
176,16,45,12
176,17,43,10
176,18,30,10
176,19,32,11
176,20,34,11
176,21,26,8
176,22,39,8
176,23,41,10
176,24,47,13
176,25,53,15
176,26,51,13
176,27,49,12
176,28,49,14
176,29,71,16
176,30,63,16
176,31,48,15
176,32,50,17
176,33,54,19
176,34,69,20
176,35,75,23
176,36,75,23
176,37,81,26
176,38,81,26
176,39,87,25
176,40,87,25
176,41,89,26
176,42,93,28
176,43,113,29
177,1,16,4
177,2,22,7
177,3,24,8
177,4,24,8
177,5,24,8
177,6,24,8
177,7,24,8
177,8,26,9
177,9,28,9
177,10,24,7
177,11,39,9
177,12,43,10
177,13,39,9
177,14,43,10
177,15,41,9
177,16,24,8
177,17,26,9
177,18,28,10
177,19,30,11
177,20,30,11
177,21,47,12
177,22,49,14
177,23,34,12
177,24,32,10
177,25,30,9
177,26,24,7
177,27,35,7
177,28,37,8
177,29,41,9
177,30,28,9
177,31,28,10
177,32,20,6
177,33,20,6
177,34,18,4
177,35,0,2
177,36,0,0
177,37,0,0
177,38,0,0
177,39,0,0
177,40,0,0
177,41,0,0
177,42,0,0
177,43,0,0
177,44,0,0
177,45,0,0
177,46,0,0
177,47,0,0
177,48,0,0
177,49,0,0
178,1,16,4
178,2,20,6
178,3,24,7
178,4,24,8
178,5,26,8
178,6,22,6
178,7,20,6
178,8,24,8
178,9,26,8
178,10,24,8
178,11,24,8
178,12,24,8
178,13,26,8
178,14,26,8
178,15,26,9
178,16,24,8
178,17,22,7
178,18,24,7
178,19,22,7
178,20,20,6
178,21,22,7
178,22,24,8
178,23,22,7
178,24,24,8
178,25,37,8
178,26,37,8
178,27,24,8
178,28,24,8
178,29,24,8
178,30,26,9
178,31,26,9
178,32,22,7
178,33,20,6
178,34,0,5
178,35,0,4
178,36,0,4
178,37,0,4
178,38,0,4
178,39,0,2
178,40,0,1
178,41,0,1
178,42,0,0
178,43,0,0
178,44,0,0
178,45,0,0
178,46,0,0
179,1,16,4
179,2,22,7
179,3,26,8
179,4,22,6
179,5,35,7
179,6,41,10
179,7,30,10
179,8,28,10
179,9,26,8
179,10,24,7
179,11,26,9
179,12,26,9
179,13,24,8
179,14,26,9
179,15,28,10
179,16,28,10
179,17,28,10
179,18,41,10
179,19,47,13
179,20,47,13
179,21,45,12
179,22,45,12
179,23,45,12
179,24,28,10
179,25,22,7
179,26,20,6
179,27,18,5
179,28,18,5
179,29,16,4
179,30,0,2
180,1,16,4
180,2,20,6
180,3,22,7
180,4,22,6
180,5,20,6
180,6,24,7
180,7,37,8
180,8,45,12
180,9,47,12
180,10,43,10
180,11,41,9
180,12,39,9
180,13,37,8
180,14,20,6
180,15,18,5
180,16,12,2
180,17,12,2
180,18,16,4
180,19,22,7
180,20,37,8
180,21,37,8
180,22,22,7
180,23,18,5
180,24,0,4
180,25,0,1
180,26,0,1
180,27,0,1
180,28,0,0
180,29,0,0
180,30,0,0
180,31,0,0
180,32,0,0
180,33,0,0
180,34,0,0
180,35,0,0
180,36,0,0
180,37,0,0
180,38,0,0
180,39,0,0
180,40,0,0
180,41,0,0
180,42,0,0
180,43,0,0
180,44,0,0
180,45,0,0
180,46,0,0
180,47,0,0
180,48,0,0
180,49,0,0
180,50,0,0
180,51,0,0
180,52,0,0
180,53,0,0
180,54,0,0
180,55,0,0
180,56,0,0
180,57,0,0
180,58,0,0
180,59,0,0
180,60,0,0
181,1,14,3
181,2,18,5
181,3,22,7
181,4,24,7
181,5,22,7
181,6,22,6
181,7,22,6
181,8,20,6
181,9,22,7
181,10,26,8
181,11,37,8
181,12,43,11
181,13,47,12
181,14,43,11
181,15,30,10
181,16,26,9
181,17,26,8
181,18,24,6
181,19,20,5
181,20,20,6
181,21,24,8
181,22,28,10
181,23,41,10
181,24,43,10
181,25,26,8
181,26,26,9
181,27,26,8
181,28,22,7
181,29,22,7
181,30,22,6
181,31,0,4
181,32,0,1
181,33,0,0
181,34,0,0
181,35,0,0
181,36,0,0
181,37,0,0
181,38,0,0
181,39,0,0
181,40,0,0
181,41,0,0
181,42,0,0
181,43,0,0
181,44,0,0
181,45,0,0
181,46,0,0
181,47,0,0
182,1,14,3
182,2,14,3
182,3,16,4
182,4,16,4
182,5,16,4
182,6,16,4
182,7,18,5
182,8,20,6
182,9,20,5
182,10,16,4
182,11,16,4
182,12,16,3
182,13,14,2
182,14,12,2
182,15,12,2
182,16,12,2
182,17,14,3
182,18,16,4
182,19,16,3
182,20,0,2
182,21,0,1
182,22,0,0
182,23,0,0
182,24,0,0
182,25,0,0
182,26,0,0
182,27,0,0
182,28,0,0
182,29,0,0
182,30,0,0
182,31,0,0
182,32,0,0
182,33,0,0
182,34,0,0
182,35,0,0
182,36,0,0
183,1,14,3
183,2,14,3
183,3,18,5
183,4,18,5
183,5,18,5
183,6,20,6
183,7,22,7
183,8,22,7
183,9,22,6
183,10,20,5
183,11,16,4
183,12,14,3
183,13,12,2
183,14,14,2
183,15,14,3
183,16,16,4
183,17,14,3
183,18,12,1
183,19,10,1
183,20,12,2
183,21,14,2
183,22,12,1
183,23,12,1
183,24,10,1
183,25,10,1
183,26,10,1
183,27,0,0
183,28,0,0
183,29,0,0
183,30,0,0
183,31,0,0
183,32,0,0
183,33,0,0
183,34,0,0
183,35,0,0
183,36,0,0
183,37,0,0
183,38,0,0
183,39,0,0
183,40,0,0
183,41,0,0
183,42,0,0
183,43,0,0
184,1,16,4
184,2,18,5
184,3,20,6
184,4,24,7
184,5,26,9
184,6,24,7
184,7,35,6
184,8,35,6
184,9,22,6
184,10,24,8
184,11,20,5
184,12,20,6
184,13,24,8
184,14,24,8
184,15,22,5
184,16,16,3
184,17,12,1
184,18,10,1
184,19,0,0
184,20,0,0
184,21,0,0
184,22,0,0
184,23,0,0
184,24,0,0
184,25,0,0
184,26,0,0
184,27,0,0
184,28,0,0
184,29,0,0
184,30,0,0
185,1,16,4
185,2,22,7
185,3,20,6
185,4,22,7
185,5,24,8
185,6,22,7
185,7,37,8
185,8,22,7
185,9,18,4
185,10,16,3
185,11,29,4
185,12,33,5
185,13,14,3
185,14,14,3
185,15,16,4
185,16,22,6
185,17,20,5
185,18,16,4
185,19,29,3
185,20,16,3
185,21,14,2
185,22,14,3
185,23,16,4
185,24,14,3
185,25,14,3
185,26,12,2
185,27,14,3
185,28,14,3
185,29,20,5
185,30,20,5
185,31,18,5
185,32,16,4
185,33,12,1
185,34,10,1
185,35,10,1
185,36,10,1
185,37,10,1
185,38,10,1
185,39,16,4
185,40,18,5
185,41,18,5
185,42,18,5
185,43,20,6
185,44,31,5
185,45,0,2
186,1,16,4
186,2,22,6
186,3,22,7
186,4,24,8
186,5,28,9
186,6,26,8
186,7,39,9
186,8,45,12
186,9,49,14
186,10,34,13
186,11,34,13
186,12,51,14
186,13,53,15
186,14,51,14
186,15,51,15
186,16,53,16
186,17,51,15
186,18,50,12
186,19,42,13
186,20,63,17
186,21,67,19
186,22,67,19
186,23,71,21
186,24,69,20
186,25,71,21
186,26,73,22
186,27,101,25
186,28,117,28
187,1,16,4
187,2,20,6
187,3,26,9
187,4,26,8
187,5,39,9
187,6,43,11
187,7,43,11
187,8,45,11
187,9,41,9
187,10,41,10
187,11,30,11
187,12,34,12
187,13,28,10
187,14,24,8
187,15,22,7
187,16,26,8
187,17,39,8
187,18,45,12
187,19,45,12
187,20,45,12
187,21,28,10
187,22,24,8
187,23,24,8
187,24,20,6
187,25,16,4
187,26,0,0
188,1,16,4
188,2,22,7
188,3,26,8
188,4,24,7
188,5,24,8
188,6,24,8
188,7,24,8
188,8,24,7
188,9,22,6
188,10,22,7
188,11,24,8
188,12,26,8
188,13,26,9
188,14,26,8
188,15,24,7
188,16,22,7
188,17,26,8
188,18,24,7
188,19,24,7
188,20,20,6
188,21,22,7
188,22,22,6
188,23,22,6
188,24,24,8
188,25,26,9
188,26,26,9
188,27,24,8
188,28,24,8
188,29,26,9
188,30,28,10
188,31,28,9
188,32,28,10
188,33,43,11
188,34,45,11
188,35,47,13
188,36,51,14
188,37,38,14
188,38,34,12
188,39,43,11
188,40,43,11
188,41,47,12
188,42,51,14
188,43,94,16
188,44,65,18
188,45,76,20
188,46,60,18
188,47,77,20
188,48,81,22
188,49,85,24
188,50,89,26
188,51,93,28
188,52,113,29
189,1,16,4
189,2,20,6
189,3,24,8
189,4,26,8
189,5,39,9
189,6,41,10
189,7,43,11
189,8,45,12
189,9,32,12
189,10,32,12
189,11,34,13
189,12,34,13
189,13,53,16
189,14,55,17
189,15,55,16
189,16,55,16
189,17,55,16
189,18,53,14
189,19,51,15
189,20,47,12
189,21,45,12
189,22,47,12
189,23,34,13
189,24,36,13
189,25,47,12
189,26,45,12
189,27,47,12
189,28,43,10
189,29,41,9
189,30,39,8
189,31,22,7
189,32,20,5
189,33,16,4
189,34,0,2
189,35,0,1
189,36,0,0
189,37,0,0
189,38,0,0
189,39,0,0
189,40,0,0
189,41,0,0
189,42,0,0
189,43,0,0
189,44,0,0
189,45,0,0
189,46,0,0
189,47,0,0
189,48,0,0
190,1,14,3
190,2,16,4
190,3,16,4
190,4,18,5
190,5,20,6
190,6,22,7
190,7,22,7
190,8,20,6
190,9,22,7
190,10,24,8
190,11,26,8
190,12,26,8
190,13,24,8
190,14,24,8
190,15,22,7
190,16,35,7
190,17,39,9
190,18,41,10
190,19,41,10
190,20,0,6
190,21,0,3
190,22,0,1
190,23,0,0
190,24,0,0
190,25,0,0
190,26,0,0
190,27,0,0
191,1,14,3
191,2,14,3
191,3,14,3
191,4,14,3
191,5,20,6
191,6,22,6
191,7,20,5
191,8,18,5
191,9,20,6
191,10,35,6
191,11,22,6
191,12,20,6
191,13,18,5
191,14,20,6
191,15,20,6
191,16,20,6
191,17,24,8
191,18,39,9
191,19,41,10
191,20,41,9
191,21,37,7
191,22,22,7
191,23,22,7
191,24,26,9
191,25,28,9
191,26,26,8
191,27,43,11
191,28,47,13
191,29,49,13
191,30,30,9
191,31,24,7
191,32,22,7
191,33,26,9
191,34,30,11
191,35,34,12
191,36,71,13
191,37,61,16
191,38,63,16
191,39,61,16
191,40,46,15
191,41,44,14
191,42,40,12
191,43,36,10
191,44,32,8
191,45,22,7
191,46,35,7
191,47,35,7
191,48,35,7
191,49,18,5
191,50,16,4
191,51,10,1
191,52,10,1
191,53,10,1
191,54,10,1
191,55,10,1
191,56,10,1
191,57,10,1
191,58,10,1
191,59,0,0
192,1,16,4
192,2,20,6
192,3,20,6
192,4,20,6
192,5,20,6
192,6,16,4
192,7,16,4
192,8,22,6
192,9,22,7
192,10,37,8
192,11,45,11
192,12,47,11
192,13,41,10
192,14,39,9
192,15,24,8
192,16,24,7
192,17,24,8
192,18,24,8
192,19,24,7
192,20,22,6
192,21,20,5
192,22,0,3
192,23,0,1
192,24,0,1
192,25,0,0
192,26,0,0
192,27,0,0
192,28,0,0
192,29,0,0
192,30,0,0
192,31,0,0
192,32,0,0
192,33,0,0
192,34,0,0
193,1,14,3
193,2,16,4
193,3,16,4
193,4,18,5
193,5,18,5
193,6,16,4
193,7,16,4
193,8,18,5
193,9,18,5
193,10,20,6
193,11,18,5
193,12,16,4
193,13,20,6
193,14,22,7
193,15,22,7
193,16,22,7
193,17,26,9
193,18,26,9
193,19,24,8
193,20,26,9
193,21,28,10
193,22,30,10
193,23,28,10
193,24,41,10
193,25,41,9
193,26,39,9
193,27,37,8
193,28,22,7
193,29,18,5
193,30,16,4
193,31,14,3
193,32,14,3
193,33,0,1
193,34,0,0
193,35,0,0
194,1,16,4
194,2,20,6
194,3,22,7
194,4,24,7
194,5,37,8
194,6,39,8
194,7,39,7
194,8,35,7
194,9,20,6
194,10,22,7
194,11,22,6
194,12,22,6
194,13,22,6
194,14,24,8
194,15,28,10
194,16,32,11
194,17,45,11
194,18,43,10
194,19,43,10
194,20,37,6
194,21,24,5
194,22,22,7
194,23,26,8
194,24,43,11
194,25,47,12
194,26,43,11
194,27,45,11
194,28,43,9
194,29,39,7
194,30,24,8
194,31,24,8
194,32,24,8
194,33,24,8
194,34,32,11
194,35,49,13
194,36,51,13
194,37,49,13
194,38,47,11
194,39,28,8
194,40,28,10
194,41,30,11
194,42,41,9
194,43,43,10
194,44,41,9
194,45,45,11
194,46,47,11
194,47,45,10
194,48,28,9
194,49,41,10
194,50,47,13
194,51,53,15
194,52,51,14
194,53,49,13
194,54,32,10
194,55,32,11
194,56,28,9
194,57,39,9
194,58,26,8
194,59,26,9
194,60,54,11
194,61,36,10
194,62,38,11
194,63,51,11
194,64,49,13
194,65,49,14
194,66,51,15
194,67,71,15
194,68,40,12
194,69,40,12
194,70,26,9
194,71,24,8
194,72,39,9
194,73,41,10
194,74,24,8
194,75,18,5
194,76,0,3
195,1,16,4
195,2,20,6
195,3,22,7
195,4,24,8
195,5,26,9
195,6,26,8
195,7,26,9
195,8,26,9
195,9,26,9
195,10,30,11
195,11,45,12
195,12,45,12
195,13,43,10
195,14,28,10
195,15,28,10
195,16,41,10
195,17,43,10
195,18,43,11
195,19,28,10
195,20,30,11
195,21,34,13
195,22,30,11
195,23,26,9
195,24,39,9
195,25,47,12
195,26,47,13
195,27,47,13
195,28,28,10
195,29,22,7
195,30,24,8
195,31,39,9
195,32,37,8
195,33,35,7
195,34,37,8
195,35,39,9
195,36,28,10
195,37,30,11
195,38,28,10
195,39,24,8
195,40,22,7
195,41,20,6
195,42,29,4
195,43,14,3
195,44,12,2
195,45,14,3
195,46,14,3
195,47,12,2
195,48,0,1
196,1,16,4
196,2,22,7
196,3,26,9
196,4,26,9
196,5,26,9
196,6,26,9
196,7,26,8
196,8,22,7
196,9,20,6
196,10,20,6
196,11,22,7
196,12,37,8
196,13,37,8
196,14,35,6
196,15,33,6
196,16,35,7
196,17,22,7
196,18,20,6
196,19,16,4
196,20,0,2
196,21,0,1
196,22,0,1
196,23,0,1
196,24,0,0
196,25,0,0
196,26,0,0
196,27,0,0
196,28,0,0
196,29,0,0
196,30,0,0
196,31,0,0
196,32,0,0
196,33,0,0
196,34,0,0
196,35,0,0
196,36,0,0
196,37,0,0
196,38,0,0
196,39,0,0
196,40,0,0
197,1,16,4
197,2,20,6
197,3,26,8
197,4,24,7
197,5,37,8
197,6,41,10
197,7,45,11
197,8,41,9
197,9,26,9
197,10,28,9
197,11,41,10
197,12,45,12
197,13,51,15
197,14,53,16
197,15,53,16
197,16,53,16
197,17,55,16
197,18,34,10
197,19,30,9
197,20,54,11
197,21,40,12
197,22,44,14
197,23,59,15
197,24,63,16
197,25,65,17
197,26,69,19
197,27,69,19
197,28,97,20
197,29,68,18
197,30,66,21
197,31,85,24
197,32,93,27
197,33,93,28
197,34,113,29
198,1,16,4
198,2,20,6
198,3,20,6
198,4,20,5
198,5,20,6
198,6,37,8
198,7,41,10
198,8,45,11
198,9,43,9
198,10,24,8
198,11,22,7
198,12,37,7
198,13,37,8
198,14,41,8
198,15,41,9
198,16,41,9
198,17,28,10
198,18,30,9
198,19,45,10
198,20,28,8
198,21,41,9
198,22,41,10
198,23,32,12
198,24,49,14
198,25,53,15
198,26,47,12
198,27,30,9
198,28,30,11
198,29,51,12
198,30,51,13
198,31,49,13
198,32,53,16
198,33,77,18
198,34,69,20
198,35,71,21
198,36,73,22
198,37,71,20
198,38,73,21
198,39,73,22
198,40,99,25
198,41,111,26
199,1,16,4
199,2,22,7
199,3,28,10
199,4,43,11
199,5,45,12
199,6,51,14
199,7,51,15
199,8,49,14
199,9,47,12
199,10,45,11
199,11,43,11
199,12,43,11
199,13,45,12
199,14,47,12
199,15,36,14
199,16,47,12
199,17,32,10
199,18,30,10
199,19,45,12
199,20,69,14
199,21,57,14
199,22,49,13
199,23,45,12
199,24,47,13
199,25,51,15
199,26,71,16
199,27,63,17
199,28,67,19
199,29,56,20
199,30,54,19
199,31,69,20
199,32,71,21
199,33,71,21
199,34,67,19
199,35,65,18
199,36,63,17
199,37,67,19
199,38,81,22
199,39,83,23
199,40,87,25
199,41,74,25
199,42,113,26
200,1,14,3
200,2,16,4
200,3,16,4
200,4,18,5
200,5,20,6
200,6,20,5
200,7,18,4
200,8,18,4
200,9,18,5
200,10,18,5
200,11,18,5
200,12,18,5
200,13,33,5
200,14,18,5
200,15,18,5
200,16,18,5
200,17,16,4
200,18,16,3
200,19,16,4
200,20,33,6
200,21,37,8
200,22,37,7
200,23,20,6
200,24,16,4
200,25,20,6
200,26,18,4
200,27,16,4
200,28,20,6
200,29,20,6
200,30,24,8
200,31,26,9
200,32,26,9
200,33,30,11
200,34,34,13
200,35,34,13
200,36,36,14
200,37,34,13
200,38,34,11
200,39,28,10
200,40,39,9
200,41,43,11
200,42,45,11
200,43,41,10
200,44,0,9
200,45,0,9
200,46,0,9
200,47,0,7
200,48,0,5
200,49,0,4
201,1,12,2
201,2,14,3
201,3,16,4
201,4,18,5
201,5,18,4
201,6,18,5
201,7,18,4
201,8,16,4
201,9,16,4
201,10,16,3
201,11,14,3
201,12,14,3
201,13,16,4
201,14,14,3
201,15,16,4
201,16,16,3
201,17,14,2
201,18,16,4
201,19,18,5
201,20,18,5
201,21,20,6
201,22,22,7
201,23,22,5
201,24,18,3
201,25,16,4
201,26,18,5
201,27,18,5
201,28,20,6
201,29,20,5
201,30,20,6
201,31,20,6
201,32,20,4
201,33,18,5
201,34,18,4
201,35,18,5
201,36,18,5
201,37,18,5
201,38,18,4
201,39,16,4
201,40,16,4
201,41,18,5
201,42,20,5
201,43,18,4
201,44,18,4
201,45,16,4
201,46,18,4
201,47,16,3
201,48,14,3
201,49,12,2
201,50,14,2
201,51,12,2
201,52,12,2
201,53,12,2
201,54,12,2
201,55,12,2
201,56,12,2
201,57,14,2
201,58,12,2
201,59,12,1
201,60,0,0
201,61,0,0
201,62,0,0
201,63,0,0
202,1,16,4
202,2,18,5
202,3,18,4
202,4,16,4
202,5,16,4
202,6,18,5
202,7,20,6
202,8,20,6
202,9,18,5
202,10,18,5
202,11,18,5
202,12,20,5
202,13,18,5
202,14,18,5
202,15,18,4
202,16,12,1
202,17,10,1
202,18,10,1
202,19,10,1
202,20,12,1
202,21,10,1
202,22,10,1
202,23,10,1
202,24,12,2
202,25,14,3
202,26,14,3
202,27,12,2
202,28,14,2
202,29,14,2
202,30,12,1
202,31,12,1
202,32,10,1
202,33,10,1
202,34,0,0
203,1,16,4
203,2,18,5
203,3,18,5
203,4,20,6
203,5,22,7
203,6,24,8
203,7,26,9
203,8,26,9
203,9,26,9
203,10,26,9
203,11,26,9
203,12,26,9
203,13,26,9
203,14,26,9
203,15,26,9
203,16,26,9
203,17,26,9
203,18,26,9
203,19,26,9
203,20,26,9
203,21,26,9
203,22,26,9
203,23,26,9
203,24,26,9
203,25,26,9
203,26,26,9
203,27,26,9
203,28,26,9
203,29,26,9
203,30,26,9
203,31,26,9
203,32,26,9
203,33,26,9
203,34,26,9
203,35,26,9
203,36,26,9
203,37,26,9
203,38,26,9
203,39,26,9
203,40,26,9
203,41,26,9
203,42,26,9
203,43,26,9
203,44,26,9
203,45,26,9
203,46,26,9
203,47,26,9
203,48,26,9
203,49,26,9
203,50,26,9
203,51,26,9
203,52,26,9
203,53,26,9
203,54,26,9
203,55,26,9
203,56,26,9
203,57,26,9
203,58,26,9
203,59,26,9
203,60,26,9
203,61,26,9
203,62,26,9
203,63,26,9
203,64,26,9
203,65,26,9
203,66,26,9
203,67,26,9
203,68,26,9
203,69,26,9
203,70,26,9
203,71,26,9
203,72,26,9
203,73,26,9
203,74,26,9
203,75,26,9
203,76,26,9
203,77,26,9
203,78,26,9
203,79,26,9
203,80,26,9
203,81,26,9
203,82,26,9
203,83,26,9
203,84,26,9
203,85,26,9
203,86,26,9
203,87,26,9
203,88,26,9
203,89,26,9
203,90,26,9
203,91,26,9
203,92,26,9
203,93,26,9
203,94,26,9
203,95,26,9
203,96,26,9
203,97,26,9
203,98,26,9
203,99,26,9
203,100,26,9
203,101,26,9
203,102,26,9
203,103,26,9
203,104,26,9
203,105,26,9
203,106,26,9
203,107,26,9
203,108,26,9
203,109,26,9
203,110,26,9
203,111,26,9
203,112,26,9
203,113,26,9
203,114,26,9
203,115,26,9
203,116,26,9
203,117,26,9
203,118,26,9
203,119,26,9
203,120,26,9
203,121,26,9
203,122,26,9
203,123,26,9
203,124,26,9
203,125,26,9
203,126,26,9
203,127,26,9
203,128,26,9
203,129,26,9
203,130,26,9
203,131,26,9
203,132,26,9
203,133,26,9
203,134,26,9
203,135,26,9
203,136,26,9
203,137,26,9
203,138,26,9
203,139,26,9
203,140,26,9
203,141,26,9
203,142,26,9
203,143,26,9
203,144,26,9
203,145,26,9
203,146,26,9
203,147,26,9
203,148,26,9
203,149,26,9
203,150,26,9
203,151,26,9
203,152,26,9
203,153,26,9
203,154,26,9
203,155,26,9
203,156,26,9
203,157,26,9
203,158,26,9
203,159,26,9
203,160,26,9
203,161,26,9
203,162,26,9
203,163,26,9
203,164,26,9
203,165,26,9
203,166,26,9
203,167,26,9
203,168,26,9
203,169,26,9
203,170,26,9
203,171,26,9
203,172,26,9
203,173,26,9
203,174,26,9
203,175,26,9
203,176,26,9
203,177,26,9
203,178,26,9
203,179,26,9
203,180,26,9
203,181,26,9
203,182,26,9
203,183,26,9
203,184,26,9
203,185,26,9
203,186,26,9
203,187,26,9
203,188,26,9
203,189,26,9
203,190,26,9
203,191,26,9
203,192,26,9
203,193,26,9
203,194,26,9
203,195,26,9
203,196,26,9
203,197,26,9
203,198,26,9
203,199,26,9
203,200,26,9
204,1,16,4
204,2,20,6
204,3,20,6
204,4,22,7
204,5,22,6
204,6,22,7
204,7,24,8
204,8,24,8
204,9,22,6
204,10,18,5
204,11,20,6
204,12,22,6
204,13,24,6
204,14,20,6
204,15,20,5
204,16,16,4
204,17,14,2
204,18,14,2
204,19,16,4
204,20,14,3
204,21,18,5
204,22,22,5
204,23,18,3
204,24,16,3
204,25,14,2
204,26,12,2
204,27,0,0
204,28,0,0
204,29,0,0
204,30,0,0
204,31,0,0
204,32,0,0
204,33,0,0
204,34,0,0
204,35,0,0
204,36,0,0
204,37,0,0
204,38,0,0
204,39,0,0
205,1,16,4
205,2,20,6
205,3,22,7
205,4,26,9
205,5,24,8
205,6,39,9
205,7,43,9
205,8,26,9
205,9,26,9
205,10,26,9
205,11,28,10
205,12,41,10
205,13,45,12
205,14,51,14
205,15,49,14
205,16,47,13
205,17,47,13
205,18,45,11
205,19,34,13
205,20,71,14
205,21,52,18
205,22,67,19
205,23,97,22
205,24,87,25
205,25,87,25
205,26,89,26
205,27,91,27
205,28,91,27
205,29,93,28
205,30,113,29
206,1,16,4
206,2,22,6
206,3,22,7
206,4,24,8
206,5,24,8
206,6,41,10
206,7,28,9
206,8,26,8
206,9,26,9
206,10,24,8
206,11,26,9
206,12,45,11
206,13,47,12
206,14,45,11
206,15,41,9
206,16,24,8
206,17,22,7
206,18,20,6
206,19,18,5
206,20,16,4
206,21,0,3
206,22,0,2
206,23,0,0
206,24,0,0
206,25,0,0
206,26,0,0
207,1,16,4
207,2,22,7
207,3,26,8
207,4,26,8
207,5,26,9
207,6,41,9
207,7,37,7
207,8,35,7
207,9,37,8
207,10,39,9
207,11,43,10
207,12,39,9
207,13,39,9
207,14,41,10
207,15,41,10
207,16,43,11
207,17,69,15
207,18,59,15
207,19,65,18
207,20,67,19
207,21,67,19
207,22,63,17
207,23,59,15
207,24,42,13
207,25,42,13
207,26,44,14
207,27,63,17
207,28,63,17
207,29,69,20
207,30,67,19
207,31,50,17
207,32,46,15
207,33,67,19
207,34,69,20
207,35,69,20
207,36,69,20
207,37,67,19
207,38,69,20
207,39,95,24
207,40,83,23
207,41,89,26
207,42,93,28
207,43,113,29
208,1,16,4
208,2,18,5
208,3,22,7
208,4,20,5
208,5,18,4
208,6,18,5
208,7,18,5
208,8,16,4
208,9,18,5
208,10,18,4
208,11,16,3
208,12,18,4
208,13,33,5
208,14,33,3
208,15,14,3
208,16,12,2
208,17,12,2
208,18,16,4
208,19,18,4
208,20,16,3
208,21,16,4
208,22,16,3
208,23,14,2
208,24,12,1
208,25,12,2
208,26,12,2
208,27,14,3
208,28,16,4
208,29,16,2
208,30,0,0
208,31,0,0
208,32,0,0
208,33,0,0
208,34,0,0
209,1,16,4
209,2,18,5
209,3,18,4
209,4,18,5
209,5,18,5
209,6,18,5
209,7,20,6
209,8,37,7
209,9,22,5
209,10,18,5
209,11,18,5
209,12,33,6
209,13,37,8
209,14,24,7
209,15,22,7
209,16,22,7
209,17,20,6
209,18,20,6
209,19,18,5
209,20,18,5
209,21,22,6
209,22,24,7
209,23,22,7
209,24,20,6
209,25,20,5
209,26,18,4
209,27,16,4
209,28,18,4
209,29,16,4
209,30,0,2
209,31,0,0
209,32,0,0
209,33,0,0
209,34,0,0
209,35,0,0
209,36,0,0
209,37,0,0
209,38,0,0
209,39,0,0
209,40,0,0
209,41,0,0
209,42,0,0
209,43,0,0
209,44,0,0
209,45,0,0
209,46,0,0
209,47,0,0
209,48,0,0
209,49,0,0
210,1,16,4
210,2,20,6
210,3,22,6
210,4,22,7
210,5,24,8
210,6,26,8
210,7,22,7
210,8,22,6
210,9,20,5
210,10,16,3
210,11,14,1
210,12,12,2
210,13,10,1
210,14,10,1
210,15,14,3
210,16,18,5
210,17,18,5
210,18,18,5
210,19,14,3
210,20,10,1
210,21,10,1
210,22,10,1
210,23,10,1
210,24,10,1
210,25,0,0
210,26,0,0
210,27,0,0
210,28,0,0
210,29,0,0
210,30,0,0
210,31,0,0
210,32,0,0
210,33,0,0
210,34,0,0
210,35,0,0
210,36,0,0
210,37,0,0
210,38,0,0
210,39,0,0
210,40,0,0
210,41,0,0
210,42,0,0
210,43,0,0
210,44,0,0
210,45,0,0
210,46,0,0
210,47,0,0
210,48,0,0
210,49,0,0
211,1,14,3
211,2,16,4
211,3,16,3
211,4,16,4
211,5,18,5
211,6,16,4
211,7,18,5
211,8,18,5
211,9,18,5
211,10,20,6
211,11,20,5
211,12,18,4
211,13,16,4
211,14,16,4
211,15,16,4
211,16,16,4
211,17,16,3
211,18,16,4
211,19,18,4
211,20,18,4
211,21,16,4
211,22,16,3
211,23,14,2
211,24,12,2
211,25,12,2
211,26,12,2
211,27,14,2
211,28,12,1
211,29,10,1
211,30,10,1
211,31,10,1
211,32,10,1
211,33,10,1
211,34,0,0
211,35,0,0
211,36,0,0
211,37,0,0
211,38,0,0
211,39,0,0
211,40,0,0
211,41,0,0
211,42,0,0
211,43,0,0
211,44,0,0
211,45,0,0
212,1,16,4
212,2,18,5
212,3,18,5
212,4,20,6
212,5,20,6
212,6,20,4
212,7,18,5
212,8,16,4
212,9,16,4
212,10,18,5
212,11,20,6
212,12,20,4
212,13,16,4
212,14,18,5
212,15,18,5
212,16,18,4
212,17,0,3
212,18,0,2
212,19,0,1
212,20,0,0
212,21,0,0
212,22,0,0
212,23,0,0
212,24,0,0
212,25,0,0
212,26,0,0
213,1,16,4
213,2,22,7
213,3,22,7
213,4,24,7
213,5,22,7
213,6,22,7
213,7,20,5
213,8,16,3
213,9,16,4
213,10,20,6
213,11,22,6
213,12,20,5
213,13,20,5
213,14,20,6
213,15,22,7
213,16,41,9
213,17,39,8
213,18,35,5
213,19,20,5
213,20,18,3
213,21,16,3
213,22,16,3
213,23,18,4
213,24,22,6
213,25,24,6
213,26,20,4
213,27,16,1
213,28,12,2
213,29,12,2
213,30,12,1
213,31,10,1
213,32,12,2
213,33,14,2
213,34,0,0
214,1,16,4
214,2,20,6
214,3,24,8
214,4,26,8
214,5,24,7
214,6,22,7
214,7,26,9
214,8,26,8
214,9,22,6
214,10,20,6
214,11,24,8
214,12,22,6
214,13,18,4
214,14,16,3
214,15,14,3
214,16,14,2
214,17,12,2
214,18,14,2
214,19,16,4
214,20,20,6
214,21,35,6
214,22,35,6
214,23,35,7
214,24,0,6
214,25,0,5
214,26,0,2
214,27,0,1
214,28,0,1
214,29,0,0
214,30,0,0
214,31,0,0
214,32,0,0
214,33,0,0
214,34,0,0
214,35,0,0
214,36,0,0
214,37,0,0
214,38,0,0
214,39,0,0
214,40,0,0
214,41,0,0
214,42,0,0
214,43,0,0
214,44,0,0
214,45,0,0
214,46,0,0
215,1,12,2
215,2,12,2
215,3,14,3
215,4,16,4
215,5,18,5
215,6,18,5
215,7,18,5
215,8,18,5
215,9,18,5
215,10,18,5
215,11,18,4
215,12,14,2
215,13,14,3
215,14,16,4
215,15,18,5
215,16,16,4
215,17,16,4
215,18,14,3
215,19,14,2
215,20,10,1
215,21,10,1
215,22,0,0
216,1,12,2
216,2,14,3
216,3,14,3
216,4,18,5
216,5,16,4
216,6,16,4
216,7,16,4
216,8,18,5
216,9,16,4
216,10,16,4
216,11,18,5
216,12,18,5
216,13,18,5
216,14,18,5
216,15,18,5
216,16,16,4
216,17,16,4
216,18,16,4
216,19,16,4
216,20,14,3
216,21,16,4
216,22,16,3
216,23,14,2
216,24,16,4
216,25,22,6
216,26,20,5
216,27,16,4
216,28,16,4
216,29,16,4
216,30,16,4
216,31,14,3
216,32,10,1
216,33,0,0
216,34,0,0
216,35,0,0
216,36,0,0
216,37,0,0
216,38,0,0
216,39,0,0
216,40,0,0
216,41,0,0
216,42,0,0
216,43,0,0
216,44,0,0
216,45,0,0
216,46,0,0
216,47,0,0
216,48,0,0
216,49,0,0
216,50,0,0
216,51,0,0
217,1,16,4
217,2,20,6
217,3,24,8
217,4,22,6
217,5,24,7
217,6,22,7
217,7,24,8
217,8,26,9
217,9,28,10
217,10,30,11
217,11,32,10
217,12,30,9
217,13,28,9
217,14,26,9
217,15,28,10
217,16,30,11
217,17,28,10
217,18,28,10
217,19,41,10
217,20,49,13
217,21,49,14
217,22,49,13
217,23,47,12
217,24,30,10
217,25,28,9
217,26,24,8
217,27,26,9
217,28,41,10
217,29,43,11
217,30,45,12
217,31,47,11
217,32,41,10
217,33,0,8
217,34,0,7
217,35,0,6
217,36,0,5
217,37,0,4
217,38,0,4
217,39,0,2
217,40,0,1
217,41,0,0
217,42,0,0
217,43,0,0
217,44,0,0
217,45,0,0
217,46,0,0
217,47,0,0
217,48,0,0
217,49,0,0
217,50,0,0
217,51,0,0
217,52,0,0
218,1,16,4
218,2,20,6
218,3,24,8
218,4,39,9
218,5,41,9
218,6,26,8
218,7,24,8
218,8,26,9
218,9,26,8
218,10,24,8
218,11,26,9
218,12,26,8
218,13,39,8
218,14,41,9
218,15,37,7
218,16,35,6
218,17,20,6
218,18,22,6
218,19,24,7
218,20,24,6
218,21,20,6
218,22,20,4
218,23,18,5
218,24,18,5
218,25,18,5
218,26,18,4
218,27,18,5
218,28,20,5
218,29,18,2
218,30,12,2
218,31,12,2
218,32,12,2
218,33,14,2
218,34,18,5
218,35,20,6
218,36,20,6
218,37,18,5
218,38,18,4
218,39,18,4
218,40,16,3
218,41,14,3
218,42,14,3
218,43,0,1
219,1,14,3
219,2,16,4
219,3,16,4
219,4,20,5
219,5,18,5
219,6,20,6
219,7,20,6
219,8,22,7
219,9,22,7
219,10,22,7
219,11,22,7
219,12,24,8
219,13,26,9
219,14,26,9
219,15,28,10
219,16,28,10
219,17,30,10
219,18,41,10
219,19,45,11
219,20,39,9
219,21,39,8
219,22,37,8
219,23,37,7
219,24,24,8
219,25,24,7
219,26,22,6
219,27,24,8
219,28,28,10
219,29,75,12
219,30,42,13
219,31,44,14
219,32,59,15
219,33,57,14
219,34,55,13
219,35,57,14
219,36,59,15
219,37,46,15
219,38,46,15
219,39,46,15
219,40,50,17
219,41,50,17
219,42,52,18
219,43,48,16
219,44,42,13
219,45,53,12
219,46,53,12
219,47,41,10
219,48,43,11
219,49,43,11
219,50,24,8
219,51,26,9
219,52,24,8
219,53,22,7
219,54,24,8
219,55,20,6
219,56,18,5
219,57,0,4
220,1,14,3
220,2,16,4
220,3,16,4
220,4,16,4
220,5,18,5
220,6,18,5
220,7,18,5
220,8,18,5
220,9,18,5
220,10,18,5
220,11,18,5
220,12,18,5
220,13,16,3
220,14,16,4
220,15,16,4
220,16,16,3
220,17,18,5
220,18,18,5
220,19,18,5
220,20,16,4
220,21,18,5
220,22,16,4
220,23,0,4
220,24,0,4
220,25,0,3
220,26,0,0
220,27,0,0
220,28,0,0
220,29,0,0
220,30,0,0
220,31,0,0
220,32,0,0
220,33,0,0
220,34,0,0
221,1,16,4
221,2,20,6
221,3,24,8
221,4,24,8
221,5,24,8
221,6,22,7
221,7,22,7
221,8,22,7
221,9,22,7
221,10,22,6
221,11,22,7
221,12,39,9
221,13,39,8
221,14,26,9
221,15,32,12
221,16,32,12
221,17,32,12
221,18,24,7
221,19,22,6
221,20,37,8
221,21,39,8
221,22,43,11
221,23,32,11
221,24,24,6
221,25,20,5
221,26,20,6
221,27,18,5
221,28,16,4
221,29,16,4
221,30,12,2
221,31,10,1
221,32,0,0
222,1,16,4
222,2,20,6
222,3,22,7
222,4,22,7
222,5,22,7
222,6,22,7
222,7,22,7
222,8,24,8
222,9,24,8
222,10,26,9
222,11,26,9
222,12,24,8
222,13,24,8
222,14,22,7
222,15,24,8
222,16,24,8
222,17,22,7
222,18,22,7
222,19,22,7
222,20,24,8
222,21,24,8
222,22,24,8
222,23,22,7
222,24,22,7
222,25,22,7
222,26,20,6
222,27,20,6
222,28,20,6
222,29,20,6
222,30,20,6
222,31,20,6
222,32,20,6
222,33,20,6
222,34,20,6
222,35,20,6
222,36,20,6
222,37,24,7
222,38,41,10
222,39,45,11
222,40,45,11
222,41,45,11
222,42,58,11
222,43,38,10
222,44,40,11
222,45,40,12
222,46,40,12
222,47,44,14
222,48,46,15
222,49,44,14
222,50,46,15
222,51,44,13
222,52,42,12
222,53,40,12
222,54,40,11
222,55,40,11
222,56,53,10
222,57,53,12
222,58,59,13
222,59,44,13
222,60,44,12
222,61,40,10
222,62,36,9
222,63,36,8
222,64,34,7
222,65,24,7
222,66,22,6
222,67,20,6
222,68,22,5
222,69,18,3
222,70,16,3
222,71,0,3
223,1,16,4
223,2,22,7
223,3,26,8
223,4,24,7
223,5,20,5
223,6,18,5
223,7,20,6
223,8,22,7
223,9,22,5
223,10,16,3
223,11,14,1
223,12,10,1
223,13,12,2
223,14,16,4
223,15,18,5
223,16,18,4
223,17,14,1
223,18,10,1
223,19,10,1
223,20,12,2
223,21,16,4
223,22,16,4
223,23,14,2
223,24,12,1
223,25,12,2
223,26,18,5
223,27,20,5
223,28,18,5
223,29,22,6
223,30,18,4
223,31,14,3
223,32,0,1
223,33,0,1
223,34,0,1
223,35,0,0
223,36,0,0
223,37,0,0
223,38,0,0
223,39,0,0
223,40,0,0
223,41,0,0
223,42,0,0
223,43,0,0
223,44,0,0
223,45,0,0
223,46,0,0
223,47,0,0
223,48,0,0
223,49,0,0
223,50,0,0
223,51,0,0
223,52,0,0
223,53,0,0
223,54,0,0
223,55,0,0
223,56,0,0
223,57,0,0
223,58,0,0
224,1,16,4
224,2,20,6
224,3,20,5
224,4,18,5
224,5,18,4
224,6,18,4
224,7,14,3
224,8,14,3
224,9,16,4
224,10,18,4
224,11,20,5
224,12,20,5
224,13,18,4
224,14,18,4
224,15,16,3
224,16,14,3
224,17,16,4
224,18,22,7
224,19,22,6
224,20,18,5
224,21,33,5
224,22,33,5
224,23,31,4
224,24,18,5
224,25,24,6
224,26,16,4
224,27,18,5
224,28,20,6
224,29,18,4
224,30,14,3
224,31,16,3
224,32,16,3
224,33,20,5
224,34,20,4
224,35,16,3
224,36,16,3
224,37,0,2
225,1,16,4
225,2,20,6
225,3,22,6
225,4,22,7
225,5,37,8
225,6,39,9
225,7,45,12
225,8,47,12
225,9,45,12
225,10,45,12
225,11,45,12
225,12,45,11
225,13,28,8
225,14,24,7
225,15,24,8
225,16,43,11
225,17,47,13
225,18,43,11
225,19,47,13
225,20,28,10
225,21,24,8
225,22,24,8
225,23,24,8
225,24,24,8
225,25,24,8
225,26,24,8
225,27,22,7
225,28,24,8
225,29,37,8
225,30,35,7
225,31,37,8
225,32,37,8
225,33,22,7
225,34,22,7
225,35,24,8
225,36,44,8
225,37,28,6
225,38,0,5
225,39,0,6
225,40,0,4
225,41,0,4
225,42,0,2
226,1,16,4
226,2,20,6
226,3,22,7
226,4,22,6
226,5,35,7
226,6,39,9
226,7,45,10
226,8,45,11
226,9,43,9
226,10,24,8
226,11,24,8
226,12,28,10
226,13,28,9
226,14,37,7
226,15,41,10
226,16,41,9
226,17,37,7
226,18,20,6
226,19,14,2
226,20,0,1
226,21,0,0
226,22,0,0
226,23,0,0
226,24,0,0
226,25,0,0
227,1,14,3
227,2,16,4
227,3,18,4
227,4,18,4
227,5,18,4
227,6,20,6
227,7,22,7
227,8,24,8
227,9,24,8
227,10,22,7
227,11,22,6
227,12,22,7
227,13,22,7
227,14,41,10
227,15,45,11
227,16,43,11
227,17,43,10
227,18,41,10
227,19,41,10
227,20,41,9
227,21,24,7
227,22,35,7
227,23,33,6
227,24,0,5
227,25,0,4
227,26,0,1
227,27,0,0
227,28,0,0
227,29,0,0
227,30,0,0
227,31,0,0
227,32,0,0
227,33,0,0
227,34,0,0
227,35,0,0
227,36,0,0
227,37,0,0
227,38,0,0
227,39,0,0
228,1,14,3
228,2,18,5
228,3,22,6
228,4,18,4
228,5,16,4
228,6,20,6
228,7,22,6
228,8,20,6
228,9,22,7
228,10,39,8
228,11,41,9
228,12,37,7
228,13,35,7
228,14,37,7
228,15,22,7
228,16,20,6
228,17,20,5
228,18,20,5
228,19,35,6
228,20,35,5
228,21,16,4
228,22,16,4
228,23,18,4
228,24,18,5
228,25,20,6
228,26,24,7
228,27,20,5
228,28,16,3
228,29,14,3
228,30,18,4
228,31,18,3
228,32,14,2
228,33,14,2
228,34,0,0
228,35,0,0
228,36,0,0
228,37,0,0
228,38,0,0
229,1,16,4
229,2,20,6
229,3,22,6
229,4,20,6
229,5,20,5
229,6,18,4
229,7,22,6
229,8,22,6
229,9,20,6
229,10,20,5
229,11,16,4
229,12,20,6
229,13,18,5
229,14,16,4
229,15,16,3
229,16,14,2
229,17,0,1
229,18,0,0
229,19,0,0
229,20,0,0
229,21,0,0
229,22,0,0
229,23,0,0
229,24,0,0
230,1,12,2
230,2,14,3
230,3,16,4
230,4,16,4
230,5,20,6
230,6,22,7
230,7,24,7
230,8,22,7
230,9,26,9
230,10,43,11
230,11,26,8
230,12,22,7
230,13,22,7
230,14,22,7
230,15,39,9
230,16,43,11
230,17,47,13
230,18,47,13
230,19,47,12
230,20,30,11
230,21,32,12
230,22,43,10
230,23,45,12
230,24,47,13
230,25,32,11
230,26,24,8
230,27,26,9
230,28,41,10
230,29,45,11
230,30,45,12
230,31,45,12
230,32,30,10
230,33,28,10
230,34,38,11
230,35,57,14
230,36,59,15
230,37,63,16
230,38,48,16
230,39,48,15
230,40,93,17
230,41,60,18
230,42,77,20
230,43,83,23
230,44,85,24
230,45,91,27
230,46,89,26
230,47,87,25
230,48,93,28
230,49,93,28
230,50,93,28
230,51,93,28
230,52,93,28
230,53,93,28
230,54,113,29
231,1,16,4
231,2,22,7
231,3,20,5
231,4,18,5
231,5,20,6
231,6,20,6
231,7,20,6
231,8,20,6
231,9,20,6
231,10,22,7
231,11,22,7
231,12,37,8
231,13,39,9
231,14,37,8
231,15,37,8
231,16,39,8
231,17,37,7
231,18,37,7
231,19,22,6
231,20,26,7
231,21,26,9
231,22,26,9
231,23,26,8
231,24,26,7
231,25,24,6
231,26,0,7
231,27,0,7
231,28,0,7
231,29,0,7
231,30,0,5
232,1,16,4
232,2,22,7
232,3,26,9
232,4,28,10
232,5,28,10
232,6,43,11
232,7,47,13
232,8,51,14
232,9,47,13
232,10,45,12
232,11,30,11
232,12,28,10
232,13,58,12
232,14,57,14
232,15,65,18
232,16,65,18
232,17,67,19
232,18,69,20
232,19,54,19
232,20,54,19
232,21,60,22
232,22,77,24
232,23,79,25
232,24,75,23
232,25,75,23
232,26,99,25
232,27,91,27
232,28,93,28
232,29,113,29
233,1,14,3
233,2,16,4
233,3,18,5
233,4,16,4
233,5,16,4
233,6,18,5
233,7,20,6
233,8,18,5
233,9,20,6
233,10,20,6
233,11,18,5
233,12,20,6
233,13,22,7
233,14,24,8
233,15,28,9
233,16,45,12
233,17,45,12
233,18,43,11
233,19,45,12
233,20,49,14
233,21,47,13
233,22,30,11
233,23,22,7
233,24,22,7
233,25,26,9
233,26,26,9
233,27,43,11
233,28,69,13
233,29,57,14
233,30,61,16
233,31,61,16
233,32,65,18
233,33,63,17
233,34,59,15
233,35,40,12
233,36,42,13
233,37,44,14
233,38,48,16
233,39,67,19
233,40,95,20
233,41,79,21
233,42,79,21
233,43,81,22
233,44,85,24
233,45,91,27
233,46,85,24
233,47,85,24
233,48,91,27
233,49,93,28
233,50,93,28
233,51,93,28
233,52,113,29
234,1,16,4
234,2,20,6
234,3,22,7
234,4,26,9
234,5,28,9
234,6,26,9
234,7,39,9
234,8,24,7
234,9,20,5
234,10,20,6
234,11,37,8
234,12,43,11
234,13,47,13
234,14,49,13
234,15,32,11
234,16,28,9
234,17,26,8
234,18,28,10
234,19,45,11
234,20,51,14
234,21,49,13
234,22,45,12
234,23,26,9
234,24,26,9
234,25,24,7
234,26,20,5
234,27,16,4
234,28,12,2
234,29,0,0
234,30,0,0
234,31,0,0
235,1,16,4
235,2,22,7
235,3,22,7
235,4,22,7
235,5,24,7
235,6,22,7
235,7,26,8
235,8,24,7
235,9,22,7
235,10,24,8
235,11,26,9
235,12,24,8
235,13,26,9
235,14,30,10
235,15,34,11
235,16,30,9
235,17,26,8
235,18,41,10
235,19,43,11
235,20,43,11
235,21,32,12
235,22,34,12
235,23,34,11
235,24,28,9
235,25,55,13
235,26,61,16
235,27,61,16
235,28,65,18
235,29,50,17
235,30,50,17
235,31,74,20
235,32,83,23
235,33,85,24
235,34,87,25
235,35,93,28
235,36,113,29
236,1,14,3
236,2,14,3
236,3,14,3
236,4,16,4
236,5,18,5
236,6,18,4
236,7,18,5
236,8,18,5
236,9,18,4
236,10,14,3
236,11,16,4
236,12,18,5
236,13,18,4
236,14,16,3
236,15,16,4
236,16,16,4
236,17,0,0
236,18,0,0
236,19,0,0
236,20,0,0
236,21,0,0
236,22,0,0
236,23,0,0
236,24,0,0
236,25,0,0
236,26,0,0
236,27,0,0
236,28,0,0
236,29,0,0
237,1,16,4
237,2,20,6
237,3,24,7
237,4,24,7
237,5,20,6
237,6,22,7
237,7,22,5
237,8,18,3
237,9,18,5
237,10,22,7
237,11,22,6
237,12,20,5
237,13,18,5
237,14,18,4
237,15,0,2
237,16,0,0
237,17,0,0
237,18,0,0
237,19,0,0
237,20,0,0
237,21,0,0
237,22,0,0
237,23,0,0
237,24,0,0
237,25,0,0
237,26,0,0
237,27,0,0
237,28,0,0
237,29,0,0
237,30,0,0
237,31,0,0
237,32,0,0
237,33,0,0
237,34,0,0
237,35,0,0
237,36,0,0
237,37,0,0
237,38,0,0
237,39,0,0
237,40,0,0
237,41,0,0
237,42,0,0
237,43,0,0
237,44,0,0
237,45,0,0
237,46,0,0
237,47,0,0
237,48,0,0
237,49,0,0
237,50,0,0
237,51,0,0
237,52,0,0
237,53,0,0
237,54,0,0
237,55,0,0
237,56,0,0
237,57,0,0
237,58,0,0
238,1,16,4
238,2,20,6
238,3,22,6
238,4,22,7
238,5,24,8
238,6,22,7
238,7,24,8
238,8,24,8
238,9,24,7
238,10,22,6
238,11,37,7
238,12,35,5
238,13,16,3
238,14,12,1
238,15,10,1
238,16,0,0
238,17,0,0
238,18,0,0
238,19,0,0
238,20,0,0
238,21,0,0
238,22,0,0
238,23,0,0
238,24,0,0
238,25,0,0
238,26,0,0
238,27,0,0
239,1,14,3
239,2,16,4
239,3,16,4
239,4,18,5
239,5,18,5
239,6,18,5
239,7,18,5
239,8,18,5
239,9,18,5
239,10,20,6
239,11,18,5
239,12,18,4
239,13,18,5
239,14,20,6
239,15,22,6
239,16,22,7
239,17,26,8
239,18,26,9
239,19,28,10
239,20,62,12
239,21,42,13
239,22,44,14
239,23,44,14
239,24,59,15
239,25,61,16
239,26,61,16
239,27,63,17
239,28,63,16
239,29,61,15
239,30,57,14
239,31,57,13
239,32,55,13
239,33,42,13
239,34,40,12
239,35,42,13
239,36,42,13
239,37,44,12
239,38,42,12
239,39,55,11
239,40,51,10
239,41,49,7
239,42,49,8
239,43,49,10
239,44,51,10
239,45,44,11
239,46,40,10
239,47,38,10
239,48,42,13
239,49,42,12
239,50,55,12
239,51,59,11
239,52,55,11
239,53,53,10
239,54,63,12
239,55,65,14
239,56,65,14
239,57,67,14
239,58,67,15
239,59,71,17
239,60,71,15
239,61,69,16
239,62,73,15
239,63,60,16
239,64,75,19
239,65,81,21
239,66,79,20
239,67,77,19
239,68,77,19
239,69,77,20
239,70,77,20
239,71,79,21
239,72,81,22
239,73,81,21
239,74,79,20
239,75,81,21
239,76,66,21
239,77,70,23
239,78,130,26
240,1,16,4
240,2,20,6
240,3,24,7
240,4,24,7
240,5,24,8
240,6,22,6
240,7,18,5
240,8,20,6
240,9,22,6
240,10,18,4
240,11,33,5
240,12,20,6
240,13,20,6
240,14,24,8
240,15,39,9
240,16,43,10
240,17,45,10
240,18,43,9
240,19,28,9
240,20,30,11
240,21,36,13
240,22,45,11
240,23,43,11
240,24,43,11
240,25,32,10
240,26,24,7
240,27,37,8
240,28,43,11
240,29,26,9
240,30,22,7
240,31,18,5
240,32,12,2
240,33,0,1
241,1,14,3
241,2,14,3
241,3,16,4
241,4,18,5
241,5,18,5
241,6,18,5
241,7,18,5
241,8,20,6
241,9,20,5
241,10,35,6
241,11,20,4
241,12,16,3
241,13,16,3
241,14,18,5
241,15,22,7
241,16,20,6
241,17,18,5
241,18,20,5
241,19,20,5
241,20,18,5
241,21,18,5
241,22,20,6
241,23,22,7
241,24,22,7
241,25,18,5
241,26,18,5
241,27,22,6
241,28,20,6
241,29,20,5
241,30,18,5
241,31,22,7
241,32,41,10
241,33,26,9
241,34,26,8
241,35,48,10
241,36,55,13
241,37,61,16
241,38,63,17
241,39,63,17
241,40,48,16
241,41,44,14
241,42,42,13
241,43,46,14
241,44,63,16
241,45,59,15
241,46,55,12
241,47,49,10
241,48,53,11
241,49,42,13
241,50,44,14
241,51,44,14
241,52,42,13
241,53,40,11
241,54,38,10
241,55,36,10
241,56,36,9
241,57,30,6
241,58,24,4
241,59,18,5
241,60,22,7
241,61,26,9
241,62,24,8
241,63,22,7
241,64,20,6
241,65,18,5
241,66,18,5
241,67,18,5
241,68,18,5
241,69,18,5
241,70,18,5
241,71,16,4
241,72,16,4
241,73,12,2
241,74,10,1
241,75,0,0
242,1,12,2
242,2,14,3
242,3,16,4
242,4,18,5
242,5,35,7
242,6,35,6
242,7,35,6
242,8,35,6
242,9,37,7
242,10,22,7
242,11,24,6
242,12,22,6
242,13,22,7
242,14,37,7
242,15,35,6
242,16,16,4
242,17,10,1
242,18,10,1
242,19,0,0
242,20,0,0
242,21,0,0
242,22,0,0
242,23,0,0
242,24,0,0
242,25,0,0
243,1,12,2
243,2,12,2
243,3,14,3
243,4,14,3
243,5,14,3
243,6,14,3
243,7,16,4
243,8,18,5
243,9,16,4
243,10,14,3
243,11,14,3
243,12,14,3
243,13,14,3
243,14,14,3
243,15,12,2
243,16,10,1
243,17,12,2
243,18,14,3
243,19,16,4
243,20,18,5
243,21,16,4
243,22,16,4
243,23,16,4
243,24,14,3
243,25,14,3
243,26,12,2
243,27,10,1
243,28,0,0
243,29,0,0
243,30,0,0
243,31,0,0
243,32,0,0
243,33,0,0
243,34,0,0
243,35,0,0
243,36,0,0
243,37,0,0
243,38,0,0
243,39,0,0
243,40,0,0
243,41,0,0
243,42,0,0
243,43,0,0
243,44,0,0
243,45,0,0
243,46,0,0
243,47,0,0
243,48,0,0
243,49,0,0
243,50,0,0
243,51,0,0
244,1,16,4
244,2,20,6
244,3,20,6
244,4,24,8
244,5,26,9
244,6,24,8
244,7,24,8
244,8,26,9
244,9,26,9
244,10,24,8
244,11,24,8
244,12,37,8
244,13,39,9
244,14,24,8
244,15,24,8
244,16,26,9
244,17,24,8
244,18,24,8
244,19,39,8
244,20,39,8
244,21,26,8
244,22,41,10
244,23,43,11
244,24,41,8
244,25,22,6
244,26,20,6
244,27,24,8
244,28,41,10
244,29,45,12
244,30,45,11
244,31,45,11
244,32,45,12
244,33,47,12
244,34,32,10
244,35,28,10
244,36,30,9
244,37,26,8
244,38,22,5
244,39,20,5
244,40,20,6
244,41,20,5
244,42,18,4
244,43,0,2
244,44,0,1
244,45,0,1
244,46,0,0
244,47,0,0
244,48,0,0
244,49,0,0
245,1,16,4
245,2,20,6
245,3,22,6
245,4,22,6
245,5,20,6
245,6,22,7
245,7,20,6
245,8,20,6
245,9,37,8
245,10,39,8
245,11,39,6
245,12,35,6
245,13,31,5
245,14,18,5
245,15,18,5
245,16,22,7
245,17,24,8
245,18,26,9
245,19,28,10
245,20,28,10
245,21,28,10
245,22,28,10
245,23,30,9
245,24,43,8
245,25,35,4
245,26,0,0
245,27,0,0
245,28,0,0
245,29,0,0
245,30,0,0
245,31,0,0
246,1,14,3
246,2,16,4
246,3,18,5
246,4,18,5
246,5,20,6
246,6,20,5
246,7,20,6
246,8,22,6
246,9,35,6
246,10,35,7
246,11,35,7
246,12,35,7
246,13,37,7
246,14,20,6
246,15,22,7
246,16,24,7
246,17,22,7
246,18,24,8
246,19,24,8
246,20,26,8
246,21,73,10
246,22,38,11
246,23,38,11
246,24,40,12
246,25,44,14
246,26,44,14
246,27,44,14
246,28,46,15
246,29,46,15
246,30,46,15
246,31,46,15
246,32,46,15
246,33,44,14
246,34,46,15
246,35,46,15
246,36,44,14
246,37,59,15
246,38,59,15
246,39,57,14
246,40,55,13
246,41,57,14
246,42,61,16
246,43,67,19
246,44,71,21
246,45,73,22
246,46,103,23
246,47,87,25
246,48,113,27
247,1,12,2
247,2,12,2
247,3,14,3
247,4,16,4
247,5,16,4
247,6,18,5
247,7,20,5
247,8,20,6
247,9,22,7
247,10,22,7
247,11,24,7
247,12,22,7
247,13,22,7
247,14,22,7
247,15,26,9
247,16,43,11
247,17,47,13
247,18,49,14
247,19,34,13
247,20,32,12
247,21,52,13
247,22,40,12
247,23,42,13
247,24,44,14
247,25,46,15
247,26,59,15
247,27,57,14
247,28,57,14
247,29,55,13
247,30,36,10
247,31,34,9
247,32,32,8
247,33,32,8
247,34,0,6
247,35,0,5
247,36,0,4
247,37,0,5
247,38,0,4
247,39,0,2
247,40,0,0
248,1,12,2
248,2,12,2
248,3,12,2
248,4,14,3
248,5,16,4
248,6,16,4
248,7,14,3
248,8,16,4
248,9,16,4
248,10,16,4
248,11,16,4
248,12,16,3
248,13,14,3
248,14,14,3
248,15,14,3
248,16,14,3
248,17,16,4
248,18,16,4
248,19,16,4
248,20,16,4
248,21,16,4
248,22,16,4
248,23,16,4
248,24,16,4
248,25,18,5
248,26,18,5
248,27,16,4
248,28,16,4
248,29,14,3
248,30,14,3
248,31,14,3
248,32,14,3
248,33,14,3
248,34,14,3
248,35,14,3
248,36,14,3
248,37,14,3
248,38,14,3
248,39,16,4
248,40,16,4
248,41,16,4
248,42,16,4
248,43,16,3
248,44,14,2
248,45,0,1
249,1,16,4
249,2,22,7
249,3,24,7
249,4,22,7
249,5,24,8
249,6,24,7
249,7,24,7
249,8,24,8
249,9,24,7
249,10,22,7
249,11,22,6
249,12,18,4
249,13,18,5
249,14,20,6
249,15,26,8
249,16,24,7
249,17,24,8
249,18,26,8
249,19,24,8
249,20,22,6
249,21,22,6
249,22,22,7
249,23,41,10
249,24,45,12
249,25,49,14
249,26,45,12
249,27,41,10
249,28,26,9
249,29,26,9
249,30,30,11
249,31,28,10
249,32,52,10
249,33,49,10
249,34,51,11
249,35,55,13
249,36,57,14
249,37,55,13
249,38,53,12
249,39,38,11
249,40,38,11
249,41,57,14
249,42,40,12
249,43,38,11
249,44,38,11
249,45,36,10
249,46,41,10
249,47,39,9
249,48,43,11
249,49,43,11
249,50,37,8
249,51,33,6
249,52,31,5
249,53,0,3
250,1,16,4
250,2,22,7
250,3,24,8
250,4,26,9
250,5,28,10
250,6,43,11
250,7,47,13
250,8,47,12
250,9,47,13
250,10,30,10
250,11,28,10
250,12,45,12
250,13,49,14
250,14,57,14
250,15,44,14
250,16,44,14
250,17,46,15
250,18,61,16
250,19,63,17
250,20,85,19
250,21,79,21
250,22,83,23
250,23,85,24
250,24,87,25
250,25,89,26
250,26,113,27
251,1,16,4
251,2,20,6
251,3,24,8
251,4,26,9
251,5,28,10
251,6,28,9
251,7,41,9
251,8,26,9
251,9,26,9
251,10,26,9
251,11,41,10
251,12,43,11
251,13,28,10
251,14,26,9
251,15,28,10
251,16,52,12
251,17,59,15
251,18,61,16
251,19,63,17
251,20,91,19
251,21,66,21
251,22,81,22
251,23,83,23
251,24,87,25
251,25,93,28
251,26,113,29
252,1,16,4
252,2,20,6
252,3,18,5
252,4,22,7
252,5,26,8
252,6,41,9
252,7,43,10
252,8,41,10
252,9,45,11
252,10,47,12
252,11,47,12
252,12,45,12
252,13,45,12
252,14,45,12
252,15,32,12
252,16,54,11
252,17,44,14
252,18,59,15
252,19,63,17
252,20,63,17
252,21,61,16
252,22,65,18
252,23,67,19
252,24,71,21
252,25,73,22
252,26,87,23
252,27,75,23
252,28,75,23
252,29,77,24
252,30,81,26
252,31,93,28
252,32,91,27
252,33,89,26
252,34,89,26
252,35,93,28
252,36,113,29
253,1,14,3
253,2,16,4
253,3,18,5
253,4,18,5
253,5,20,6
253,6,18,5
253,7,20,6
253,8,22,7
253,9,22,7
253,10,22,7
253,11,22,7
253,12,22,7
253,13,20,6
253,14,20,6
253,15,20,6
253,16,20,6
253,17,20,6
253,18,20,6
253,19,20,6
253,20,20,6
253,21,20,6
253,22,20,6
253,23,20,6
253,24,20,6
253,25,20,6
253,26,20,6
253,27,20,6
253,28,20,6
253,29,20,6
253,30,20,6
253,31,20,6
253,32,20,6
253,33,20,6
253,34,20,6
253,35,20,6
253,36,20,6
253,37,20,6
253,38,20,6
253,39,20,6
253,40,20,6
253,41,20,6
253,42,20,6
253,43,20,6
253,44,20,6
253,45,20,6
253,46,20,6
253,47,20,6
253,48,20,6
253,49,20,6
253,50,20,6
253,51,20,6
253,52,20,6
253,53,20,6
253,54,20,6
253,55,20,6
253,56,20,6
253,57,20,6
253,58,20,6
253,59,20,6
253,60,20,6
253,61,20,6
253,62,20,6
253,63,20,6
253,64,20,6
253,65,20,6
253,66,20,6
253,67,20,6
253,68,20,6
253,69,20,6
253,70,20,6
253,71,20,6
253,72,20,6
253,73,20,6
253,74,20,6
253,75,20,6
253,76,20,6
253,77,20,6
253,78,20,6
253,79,20,6
253,80,20,6
253,81,20,6
253,82,20,6
253,83,20,6
253,84,20,6
253,85,20,6
253,86,20,6
253,87,20,6
253,88,20,6
253,89,20,6
253,90,20,6
253,91,20,6
253,92,20,6
253,93,20,6
253,94,20,6
253,95,20,6
253,96,20,6
253,97,20,6
253,98,20,6
253,99,20,6
253,100,20,6
253,101,20,6
253,102,20,6
253,103,20,6
253,104,20,6
253,105,20,6
253,106,20,6
253,107,20,6
253,108,20,6
253,109,20,6
253,110,20,6
253,111,20,6
253,112,20,6
253,113,20,6
253,114,20,6
253,115,20,6
253,116,20,6
253,117,20,6
253,118,20,6
253,119,20,6
253,120,20,6
253,121,20,6
253,122,20,6
253,123,20,6
253,124,20,6
253,125,20,6
253,126,20,6
253,127,20,6
253,128,20,6
253,129,20,6
253,130,20,6
253,131,20,6
253,132,20,6
253,133,20,6
253,134,20,6
253,135,20,6
253,136,20,6
253,137,20,6
253,138,20,6
253,139,20,6
253,140,20,6
253,141,20,6
253,142,20,6
253,143,20,6
253,144,20,6
253,145,20,6
253,146,20,6
253,147,20,6
253,148,20,6
253,149,20,6
253,150,20,6
253,151,20,6
253,152,20,6
253,153,20,6
253,154,20,6
253,155,20,6
253,156,20,6
253,157,20,6
253,158,20,6
253,159,20,6
253,160,20,6
253,161,20,6
253,162,20,6
253,163,20,6
253,164,20,6
253,165,20,6
253,166,20,6
253,167,20,6
253,168,20,6
253,169,20,6
253,170,20,6
253,171,20,6
253,172,20,6
253,173,20,6
253,174,20,6
253,175,20,6
253,176,20,6
253,177,20,6
253,178,20,6
253,179,20,6
253,180,20,6
253,181,20,6
253,182,20,6
253,183,20,6
253,184,20,6
253,185,20,6
253,186,20,6
253,187,20,6
253,188,20,6
253,189,20,6
253,190,20,6
253,191,20,6
253,192,20,6
253,193,20,6
253,194,20,6
253,195,20,6
253,196,20,6
253,197,20,6
253,198,20,6
253,199,20,6
254,1,16,4
254,2,20,6
254,3,20,6
254,4,22,6
254,5,20,6
254,6,22,6
254,7,22,7
254,8,39,9
254,9,41,9
254,10,41,10
254,11,41,9
254,12,39,9
254,13,41,10
254,14,45,11
254,15,45,11
254,16,45,12
254,17,47,13
254,18,51,14
254,19,51,14
254,20,51,15
254,21,47,13
254,22,30,11
254,23,32,12
254,24,75,15
254,25,63,17
254,26,67,19
254,27,69,20
254,28,69,20
254,29,73,22
254,30,95,23
254,31,85,24
254,32,85,24
254,33,87,25
254,34,89,26
254,35,89,26
254,36,91,27
254,37,93,28
254,38,113,29
255,1,16,4
255,2,22,7
255,3,26,9
255,4,28,9
255,5,26,9
255,6,41,10
255,7,45,12
255,8,47,12
255,9,34,13
255,10,45,11
255,11,43,11
255,12,51,14
255,13,51,15
255,14,49,14
255,15,49,14
255,16,32,12
255,17,30,11
255,18,54,13
255,19,44,14
255,20,61,16
255,21,69,20
255,22,73,22
255,23,75,23
255,24,103,25
255,25,89,26
255,26,93,28
255,27,113,29
256,1,16,4
256,2,18,5
256,3,22,7
256,4,24,8
256,5,26,9
256,6,28,10
256,7,43,11
256,8,43,10
256,9,28,10
256,10,28,10
256,11,43,11
256,12,45,12
256,13,47,13
256,14,45,12
256,15,34,13
256,16,56,14
256,17,57,14
256,18,61,16
256,19,59,15
256,20,46,15
256,21,44,14
256,22,42,13
256,23,55,13
256,24,59,15
256,25,57,14
256,26,48,16
256,27,44,14
256,28,44,14
256,29,53,12
256,30,55,13
256,31,55,13
256,32,59,15
256,33,63,17
256,34,50,17
256,35,61,16
256,36,59,15
256,37,61,16
256,38,67,19
256,39,69,20
256,40,71,21
256,41,75,23
256,42,101,26
256,43,89,26
256,44,91,27
256,45,115,29
257,1,14,3
257,2,14,3
257,3,16,4
257,4,16,4
257,5,18,5
257,6,18,5
257,7,20,6
257,8,20,6
257,9,20,6
257,10,22,7
257,11,22,7
257,12,22,7
257,13,24,8
257,14,52,10
257,15,36,10
257,16,36,10
257,17,36,10
257,18,38,11
257,19,38,11
257,20,38,11
257,21,55,13
257,22,57,14
257,23,57,14
257,24,55,13
257,25,55,13
257,26,57,14
257,27,44,14
257,28,42,13
257,29,40,12
257,30,40,12
257,31,40,12
257,32,40,12
257,33,40,12
257,34,40,12
257,35,40,12
257,36,40,12
257,37,42,13
257,38,42,13
257,39,42,13
257,40,42,13
257,41,42,13
257,42,40,12
257,43,42,13
257,44,44,14
257,45,115,16
257,46,73,18
257,47,60,18
257,48,56,16
257,49,75,19
257,50,75,19
257,51,77,20
257,52,79,21
257,53,79,21
257,54,81,22
257,55,79,21
257,56,79,21
257,57,79,21
257,58,81,22
257,59,83,23
257,60,85,24
257,61,83,23
257,62,66,21
257,63,62,19
257,64,62,19
257,65,62,19
257,66,74,21
258,1,14,3
258,2,14,3
258,3,16,4
258,4,18,4
258,5,16,3
258,6,16,4
258,7,20,6
258,8,22,7
258,9,24,8
258,10,22,7
258,11,20,6
258,12,22,7
258,13,22,7
258,14,24,8
258,15,24,8
258,16,24,8
258,17,22,7
258,18,22,7
258,19,20,5
258,20,20,6
258,21,20,5
258,22,18,5
258,23,14,2
258,24,12,1
258,25,10,1
258,26,0,0
258,27,0,0
258,28,0,0
258,29,0,0
258,30,0,0
258,31,0,0
258,32,0,0
258,33,0,0
258,34,0,0
258,35,0,0
258,36,0,0
258,37,0,0
258,38,0,0
259,1,12,2
259,2,12,2
259,3,14,3
259,4,14,3
259,5,14,3
259,6,16,4
259,7,31,5
259,8,31,5
259,9,35,7
259,10,35,7
259,11,35,7
259,12,20,6
259,13,18,5
259,14,20,6
259,15,20,6
259,16,35,7
259,17,41,10
259,18,45,12
259,19,47,13
259,20,51,15
259,21,69,15
259,22,61,16
259,23,57,14
259,24,42,13
259,25,42,13
259,26,46,15
259,27,44,14
259,28,61,16
259,29,63,17
259,30,67,19
259,31,67,19
259,32,67,19
259,33,67,19
259,34,67,19
259,35,69,20
259,36,69,20
259,37,69,20
259,38,67,19
259,39,65,18
259,40,65,18
259,41,63,17
259,42,63,17
259,43,63,17
259,44,71,17
259,45,56,16
259,46,58,17
259,47,56,16
259,48,58,17
259,49,73,18
259,50,58,17
259,51,58,17
259,52,54,15
259,53,0,13
259,54,0,13
259,55,0,12
259,56,0,10
259,57,0,10
259,58,0,8
259,59,0,7
259,60,0,7
259,61,0,6
259,62,0,4
259,63,0,4
259,64,0,4
259,65,0,4
259,66,0,4
259,67,0,4
259,68,0,4
259,69,0,4
259,70,0,4
259,71,0,4
259,72,0,4
259,73,0,4
259,74,0,4
259,75,0,4
259,76,0,4
259,77,0,4
259,78,0,4
259,79,0,3
259,80,0,2
260,1,14,3
260,2,16,4
260,3,16,4
260,4,18,5
260,5,18,5
260,6,18,5
260,7,16,4
260,8,18,5
260,9,33,6
260,10,37,8
260,11,43,11
260,12,45,10
260,13,39,8
260,14,24,8
260,15,24,8
260,16,28,9
260,17,26,8
260,18,28,10
260,19,24,8
260,20,37,8
260,21,43,11
260,22,45,12
260,23,52,13
260,24,38,11
260,25,44,14
260,26,48,16
260,27,46,15
260,28,44,14
260,29,42,13
260,30,40,12
260,31,40,12
260,32,30,11
260,33,26,9
260,34,37,8
260,35,37,8
260,36,22,7
260,37,24,8
260,38,24,8
260,39,22,7
260,40,20,6
260,41,18,5
260,42,16,4
260,43,14,3
260,44,14,3
260,45,12,2
260,46,10,1
260,47,0,0
261,1,12,2
261,2,14,3
261,3,16,4
261,4,18,5
261,5,18,5
261,6,18,5
261,7,18,4
261,8,16,4
261,9,14,3
261,10,16,4
261,11,22,7
261,12,24,8
261,13,24,7
261,14,37,6
261,15,20,5
261,16,20,5
261,17,18,5
261,18,18,4
261,19,18,5
261,20,16,3
261,21,12,2
261,22,12,2
261,23,0,1
261,24,0,0
261,25,0,0
261,26,0,0
261,27,0,0
261,28,0,0
261,29,0,0
261,30,0,0
261,31,0,0
261,32,0,0
261,33,0,0
261,34,0,0
261,35,0,0
261,36,0,0
262,1,14,3
262,2,16,4
262,3,16,4
262,4,16,4
262,5,18,5
262,6,18,5
262,7,18,5
262,8,18,5
262,9,16,4
262,10,18,4
262,11,16,3
262,12,12,1
262,13,12,2
262,14,12,2
262,15,14,3
262,16,16,4
262,17,14,3
262,18,14,3
262,19,12,2
262,20,0,0
262,21,0,0
262,22,0,0
262,23,0,0
262,24,0,0
262,25,0,0
262,26,0,0
262,27,0,0
262,28,0,0
262,29,0,0
262,30,0,0
262,31,0,0
262,32,0,0
262,33,0,0
262,34,0,0
262,35,0,0
262,36,0,0
262,37,0,0
262,38,0,0
262,39,0,0
262,40,0,0
262,41,0,0
262,42,0,0
262,43,0,0
262,44,0,0
263,1,12,2
263,2,12,2
263,3,14,3
263,4,16,4
263,5,16,4
263,6,14,3
263,7,16,4
263,8,18,5
263,9,20,6
263,10,20,6
263,11,20,6
263,12,20,6
263,13,18,5
263,14,20,6
263,15,20,6
263,16,22,7
263,17,24,7
263,18,22,6
263,19,35,6
263,20,33,5
263,21,35,7
263,22,31,4
263,23,16,4
263,24,18,5
263,25,20,4
263,26,16,3
263,27,14,2
263,28,12,2
263,29,12,2
263,30,14,3
263,31,14,3
263,32,16,4
263,33,18,5
263,34,16,4
263,35,14,3
263,36,16,4
263,37,16,4
263,38,16,4
263,39,18,5
263,40,20,6
263,41,22,7
263,42,22,6
263,43,18,5
263,44,18,4
263,45,18,5
263,46,20,6
263,47,22,7
263,48,20,6
263,49,16,4
263,50,14,2
263,51,0,0
263,52,0,0
263,53,0,0
264,1,14,3
264,2,16,4
264,3,18,5
264,4,18,4
264,5,18,5
264,6,20,6
264,7,18,5
264,8,18,5
264,9,20,5
264,10,20,6
264,11,20,5
264,12,20,5
264,13,18,4
264,14,20,6
264,15,24,8
264,16,28,10
264,17,34,13
264,18,34,13
264,19,47,12
264,20,45,12
264,21,49,14
264,22,55,17
264,23,55,16
264,24,36,14
264,25,32,12
264,26,30,11
264,27,56,14
264,28,44,14
264,29,46,15
264,30,48,16
264,31,48,16
264,32,67,19
264,33,67,19
264,34,67,19
264,35,67,19
264,36,65,18
264,37,71,21
264,38,89,21
264,39,79,21
264,40,79,21
264,41,66,21
264,42,66,21
264,43,81,22
264,44,81,22
264,45,79,21
264,46,77,20
264,47,75,19
264,48,77,20
264,49,79,21
264,50,83,23
264,51,113,24
265,1,16,4
265,2,20,6
265,3,20,6
265,4,22,7
265,5,26,8
265,6,39,8
265,7,39,9
265,8,39,9
265,9,39,9
265,10,39,9
265,11,41,10
265,12,41,10
265,13,45,12
265,14,49,13
265,15,45,10
265,16,43,10
265,17,56,11
265,18,42,13
265,19,48,15
265,20,63,17
265,21,69,19
265,22,67,19
265,23,69,19
265,24,67,18
265,25,67,19
265,26,87,18
265,27,77,20
265,28,62,19
265,29,79,21
265,30,85,24
265,31,89,26
265,32,91,27
265,33,93,28
265,34,93,28
265,35,93,28
265,36,91,27
265,37,93,28
265,38,113,29
266,1,14,3
266,2,14,3
266,3,18,5
266,4,18,5
266,5,20,6
266,6,37,8
266,7,41,9
266,8,28,9
266,9,26,8
266,10,26,9
266,11,24,8
266,12,28,10
266,13,45,11
266,14,63,12
266,15,57,13
266,16,57,14
266,17,59,14
266,18,63,17
266,19,65,18
266,20,67,19
266,21,73,21
266,22,56,20
266,23,66,21
266,24,83,23
266,25,81,22
266,26,81,22
266,27,83,23
266,28,87,25
266,29,93,28
266,30,113,29
267,1,18,5
267,2,22,7
267,3,24,8
267,4,22,7
267,5,24,7
267,6,22,7
267,7,22,7
267,8,24,8
267,9,26,9
267,10,24,8
267,11,28,9
267,12,45,11
267,13,49,13
267,14,49,13
267,15,32,12
267,16,28,9
267,17,26,9
267,18,24,8
267,19,24,8
267,20,24,8
267,21,26,9
267,22,43,10
267,23,43,11
267,24,32,12
267,25,34,12
267,26,34,13
267,27,49,14
267,28,49,14
267,29,49,14
267,30,51,15
267,31,55,17
267,32,55,16
267,33,38,14
267,34,62,14
267,35,44,13
267,36,55,13
267,37,59,15
267,38,65,18
267,39,71,21
267,40,77,24
267,41,97,25
267,42,91,27
267,43,89,26
267,44,91,27
267,45,93,28
267,46,113,29
268,1,16,4
268,2,22,7
268,3,20,6
268,4,20,6
268,5,20,6
268,6,16,4
268,7,16,3
268,8,14,3
268,9,18,5
268,10,20,5
268,11,18,4
268,12,16,4
268,13,16,4
268,14,14,2
268,15,0,0
268,16,0,0
268,17,0,0
268,18,0,0
268,19,0,0
268,20,0,0
268,21,0,0
268,22,0,0
268,23,0,0
268,24,0,0
268,25,0,0
268,26,0,0
268,27,0,0
268,28,0,0
268,29,0,0
269,1,16,4
269,2,18,5
269,3,22,7
269,4,24,7
269,5,24,7
269,6,22,7
269,7,35,7
269,8,43,10
269,9,43,10
269,10,41,9
269,11,28,7
269,12,24,8
269,13,26,8
269,14,39,9
269,15,45,12
269,16,47,13
269,17,45,11
269,18,43,10
269,19,26,9
269,20,24,8
269,21,26,8
269,22,37,8
269,23,39,9
269,24,39,8
269,25,35,7
269,26,35,6
269,27,35,7
269,28,37,8
269,29,26,9
269,30,28,10
269,31,28,10
269,32,26,9
269,33,24,8
269,34,24,8
269,35,22,7
269,36,22,7
269,37,18,5
269,38,0,4
270,1,12,2
270,2,14,3
270,3,16,4
270,4,16,4
270,5,16,4
270,6,16,4
270,7,16,4
270,8,16,4
270,9,14,3
270,10,16,4
270,11,16,4
270,12,31,5
270,13,33,6
270,14,33,6
270,15,35,7
270,16,37,7
270,17,35,7
270,18,37,7
270,19,33,6
270,20,20,6
270,21,20,6
270,22,20,6
270,23,22,7
270,24,22,7
270,25,22,7
270,26,22,7
270,27,22,7
270,28,22,7
270,29,22,6
270,30,20,6
270,31,22,7
270,32,26,9
270,33,30,11
270,34,60,12
270,35,42,13
270,36,40,12
270,37,40,12
270,38,40,12
270,39,40,12
270,40,57,14
270,41,59,15
270,42,61,16
270,43,59,15
270,44,57,14
270,45,59,15
270,46,61,16
270,47,63,17
270,48,61,16
270,49,59,15
270,50,61,16
270,51,63,17
270,52,59,15
270,53,44,14
270,54,42,13
270,55,40,12
270,56,38,11
270,57,38,11
270,58,28,10
270,59,30,11
270,60,40,12
270,61,38,11
270,62,38,11
270,63,38,11
270,64,36,10
270,65,36,10
270,66,34,9
270,67,0,8
270,68,0,9
270,69,0,8
270,70,0,7
270,71,0,6
270,72,0,6
270,73,0,6
270,74,0,5
270,75,0,5
270,76,0,4
270,77,0,3
270,78,0,2
270,79,0,1
270,80,0,0
271,1,16,4
271,2,20,6
271,3,20,6
271,4,22,7
271,5,26,9
271,6,26,9
271,7,28,10
271,8,30,11
271,9,47,13
271,10,51,15
271,11,53,15
271,12,51,15
271,13,49,13
271,14,45,11
271,15,30,11
271,16,28,10
271,17,45,12
271,18,49,14
271,19,51,14
271,20,49,14
271,21,45,12
271,22,45,12
271,23,32,12
271,24,30,11
271,25,26,9
271,26,30,11
271,27,28,10
271,28,41,10
271,29,47,13
271,30,41,10
271,31,41,10
271,32,39,9
271,33,37,8
271,34,37,8
271,35,37,8
271,36,37,8
271,37,37,8
271,38,22,7
271,39,18,5
271,40,14,3
271,41,0,0
272,1,18,5
272,2,22,7
272,3,24,8
272,4,24,8
272,5,24,7
272,6,22,6
272,7,22,6
272,8,20,6
272,9,24,8
272,10,43,11
272,11,26,8
272,12,20,5
272,13,20,6
272,14,37,8
272,15,41,10
272,16,47,11
272,17,45,11
272,18,45,11
272,19,26,9
272,20,24,7
272,21,18,4
272,22,16,3
272,23,18,4
272,24,16,4
272,25,16,3
272,26,12,1
272,27,0,0
272,28,0,0
272,29,0,0
272,30,0,0
272,31,0,0
272,32,0,0
272,33,0,0
272,34,0,0
272,35,0,0
272,36,0,0
272,37,0,0
272,38,0,0
272,39,0,0
272,40,0,0
272,41,0,0
272,42,0,0
272,43,0,0
272,44,0,0
272,45,0,0
272,46,0,0
272,47,0,0
272,48,0,0
272,49,0,0
273,1,12,2
273,2,14,3
273,3,16,4
273,4,18,5
273,5,20,6
273,6,22,7
273,7,22,7
273,8,22,7
273,9,22,7
273,10,22,7
273,11,22,7
273,12,22,7
273,13,22,7
273,14,22,7
273,15,22,7
273,16,22,7
273,17,20,6
273,18,18,5
273,19,18,5
273,20,18,5
273,21,18,5
273,22,18,5
273,23,18,5
273,24,18,5
273,25,18,5
273,26,20,5
273,27,18,4
273,28,20,6
273,29,20,6
273,30,22,6
273,31,22,6
273,32,24,8
273,33,28,9
273,34,75,11
273,35,55,13
273,36,59,15
273,37,63,17
273,38,63,17
273,39,61,16
273,40,50,17
273,41,50,17
273,42,67,18
273,43,97,19
273,44,75,18
273,45,75,19
273,46,77,20
273,47,81,22
273,48,83,22
273,49,85,24
273,50,111,25
274,1,12,2
274,2,14,3
274,3,16,4
274,4,18,5
274,5,18,5
274,6,18,5
274,7,16,4
274,8,18,4
274,9,16,3
274,10,16,4
274,11,20,6
274,12,35,7
274,13,37,8
274,14,37,8
274,15,37,7
274,16,22,7
274,17,24,8
274,18,24,8
274,19,24,8
274,20,58,10
274,21,34,9
274,22,34,9
274,23,34,9
274,24,38,11
274,25,44,14
274,26,44,14
274,27,59,15
274,28,59,15
274,29,57,14
274,30,40,12
274,31,40,12
274,32,44,14
274,33,48,16
274,34,52,18
274,35,58,21
274,36,58,21
274,37,56,20
274,38,50,17
274,39,50,17
274,40,65,18
274,41,67,19
274,42,65,18
274,43,69,20
274,44,71,21
274,45,75,23
274,46,77,24
274,47,123,26
275,1,14,3
275,2,16,4
275,3,16,4
275,4,18,5
275,5,20,6
275,6,22,7
275,7,22,7
275,8,24,8
275,9,24,8
275,10,24,7
275,11,22,7
275,12,24,8
275,13,39,9
275,14,43,10
275,15,43,10
275,16,43,11
275,17,41,9
275,18,37,7
275,19,24,8
275,20,24,7
275,21,24,7
275,22,20,6
275,23,20,6
275,24,24,8
275,25,39,9
275,26,45,12
275,27,47,12
275,28,28,10
275,29,28,8
275,30,24,8
275,31,24,8
275,32,28,10
275,33,32,12
275,34,36,14
275,35,40,16
275,36,42,17
275,37,46,18
275,38,42,15
275,39,53,16
275,40,57,18
275,41,63,20
275,42,61,18
275,43,61,19
275,44,69,20
275,45,71,20
275,46,69,19
275,47,69,19
275,48,69,20
275,49,69,19
275,50,67,18
275,51,65,17
275,52,61,15
275,53,61,14
275,54,57,13
275,55,42,10
275,56,0,9
275,57,0,9
275,58,0,8
275,59,0,7
275,60,0,5
275,61,0,4
275,62,0,3
276,1,14,3
276,2,14,3
276,3,14,3
276,4,14,3
276,5,16,4
276,6,16,4
276,7,18,4
276,8,16,3
276,9,18,5
276,10,20,6
276,11,20,6
276,12,20,5
276,13,18,4
276,14,18,5
276,15,18,5
276,16,16,4
276,17,18,5
276,18,18,5
276,19,33,5
276,20,18,3
276,21,14,3
276,22,14,3
276,23,14,3
276,24,14,3
276,25,14,3
276,26,16,3
276,27,14,3
276,28,16,4
276,29,18,4
276,30,31,5
276,31,29,4
276,32,29,3
276,33,0,0
276,34,0,0
276,35,0,0
276,36,0,0
276,37,0,0
276,38,0,0
276,39,0,0
276,40,0,0
276,41,0,0
276,42,0,0
276,43,0,0
276,44,0,0
276,45,0,0
276,46,0,0
276,47,0,0
276,48,0,0
276,49,0,0
276,50,0,0
276,51,0,0
276,52,0,0
276,53,0,0
276,54,0,0
276,55,0,0
276,56,0,0
276,57,0,0
276,58,0,0
276,59,0,0
276,60,0,0
276,61,0,0
276,62,0,0
276,63,0,0
276,64,0,0
276,65,0,0
276,66,0,0
276,67,0,0
276,68,0,0
276,69,0,0
276,70,0,0
276,71,0,0
276,72,0,0
276,73,0,0
276,74,0,0
276,75,0,0
276,76,0,0
276,77,0,0
276,78,0,0
276,79,0,0
276,80,0,0
276,81,0,0
276,82,0,0
276,83,0,0
276,84,0,0
276,85,0,0
276,86,0,0
276,87,0,0
276,88,0,0
277,1,16,4
277,2,22,7
277,3,24,8
277,4,24,8
277,5,26,8
277,6,24,8
277,7,24,8
277,8,24,7
277,9,20,6
277,10,22,7
277,11,22,6
277,12,18,4
277,13,18,5
277,14,20,5
277,15,20,6
277,16,18,3
277,17,12,1
277,18,12,2
277,19,18,4
277,20,20,6
277,21,37,7
277,22,22,6
277,23,18,4
277,24,18,5
277,25,33,5
277,26,31,4
277,27,31,4
277,28,14,2
277,29,0,0
277,30,0,0
277,31,0,0
277,32,0,0
277,33,0,0
277,34,0,0
277,35,0,0
277,36,0,0
277,37,0,0
277,38,0,0
277,39,0,0
277,40,0,0
277,41,0,0
277,42,0,0
277,43,0,0
277,44,0,0
277,45,0,0
277,46,0,0
277,47,0,0
277,48,0,0
277,49,0,0
277,50,0,0
277,51,0,0
277,52,0,0
278,1,16,4
278,2,18,5
278,3,20,6
278,4,22,7
278,5,24,8
278,6,39,9
278,7,41,9
278,8,41,9
278,9,39,9
278,10,39,9
278,11,37,8
278,12,26,9
278,13,28,10
278,14,28,10
278,15,43,11
278,16,47,13
278,17,49,14
278,18,51,15
278,19,49,14
278,20,30,11
278,21,26,9
278,22,28,10
278,23,26,9
278,24,41,10
278,25,45,12
278,26,26,9
278,27,22,7
278,28,18,5
278,29,16,4
278,30,14,3
278,31,0,2
279,1,14,3
279,2,16,4
279,3,18,5
279,4,20,6
279,5,22,7
279,6,22,7
279,7,22,7
279,8,22,7
279,9,22,7
279,10,18,5
279,11,20,6
279,12,22,6
279,13,22,7
279,14,20,6
279,15,20,6
279,16,20,6
279,17,20,6
279,18,20,6
279,19,20,6
279,20,20,6
279,21,18,5
279,22,16,4
279,23,14,3
279,24,0,2
279,25,0,1
279,26,0,0
279,27,0,0
279,28,0,0
279,29,0,0
279,30,0,0
279,31,0,0
279,32,0,0
279,33,0,0
279,34,0,0
279,35,0,0
279,36,0,0
279,37,0,0
279,38,0,0
280,1,14,3
280,2,18,5
280,3,20,6
280,4,37,8
280,5,41,10
280,6,41,9
280,7,24,8
280,8,24,7
280,9,22,7
280,10,24,8
280,11,41,10
280,12,43,11
280,13,47,12
280,14,47,13
280,15,81,17
280,16,65,18
280,17,50,17
280,18,67,19
280,19,65,18
280,20,61,16
280,21,59,15
280,22,61,16
280,23,50,17
280,24,44,14
280,25,48,16
280,26,63,17
280,27,61,16
280,28,59,15
280,29,46,15
280,30,61,16
280,31,65,18
280,32,67,19
280,33,65,18
280,34,69,20
280,35,105,22
280,36,83,23
280,37,81,22
280,38,83,23
280,39,87,25
280,40,111,26
281,1,14,3
281,2,16,4
281,3,18,5
281,4,20,6
281,5,18,5
281,6,20,6
281,7,20,6
281,8,20,5
281,9,18,5
281,10,18,4
281,11,16,4
281,12,14,2
281,13,14,3
281,14,12,2
281,15,12,2
281,16,14,3
281,17,12,2
281,18,12,2
281,19,10,1
281,20,0,0
282,1,14,3
282,2,16,4
282,3,16,4
282,4,14,3
282,5,16,4
282,6,16,4
282,7,14,3
282,8,16,4
282,9,18,5
282,10,18,5
282,11,24,8
282,12,20,6
282,13,22,7
282,14,22,5
282,15,37,7
282,16,37,7
282,17,33,5
282,18,14,3
282,19,16,4
282,20,16,4
282,21,18,5
282,22,16,4
282,23,16,3
282,24,16,4
282,25,20,6
282,26,22,7
282,27,22,6
282,28,18,4
282,29,0,0
282,30,0,0
282,31,0,0
282,32,0,0
282,33,0,0
282,34,0,0
282,35,0,0
282,36,0,0
282,37,0,0
282,38,0,0
282,39,0,0
282,40,0,0
282,41,0,0
283,1,16,4
283,2,20,6
283,3,22,7
283,4,24,7
283,5,24,8
283,6,24,8
283,7,24,8
283,8,24,8
283,9,24,8
283,10,24,7
283,11,20,5
283,12,18,5
283,13,16,4
283,14,0,2
283,15,0,2
283,16,0,2
283,17,0,2
283,18,0,1
283,19,0,1
283,20,0,1
283,21,0,1
283,22,0,1
283,23,0,0
283,24,0,0
283,25,0,0
283,26,0,0
283,27,0,0
283,28,0,0
283,29,0,0
283,30,0,0
283,31,0,0
284,1,16,4
284,2,20,6
284,3,22,7
284,4,22,7
284,5,22,7
284,6,22,7
284,7,24,8
284,8,22,7
284,9,20,6
284,10,20,6
284,11,22,7
284,12,24,8
284,13,22,6
284,14,22,6
284,15,16,4
284,16,16,4
284,17,18,5
284,18,33,5
284,19,31,4
284,20,16,2
284,21,12,1
284,22,0,0
284,23,0,0
284,24,0,0
284,25,0,0
284,26,0,0
284,27,0,0
284,28,0,0
284,29,0,0
284,30,0,0
284,31,0,0
284,32,0,0
284,33,0,0
284,34,0,0
284,35,0,0
284,36,0,0
284,37,0,0
284,38,0,0
285,1,12,2
285,2,12,2
285,3,12,2
285,4,14,3
285,5,16,4
285,6,16,4
285,7,16,4
285,8,18,5
285,9,20,6
285,10,20,6
285,11,22,7
285,12,22,6
285,13,20,5
285,14,20,6
285,15,20,6
285,16,22,7
285,17,24,8
285,18,22,6
285,19,18,5
285,20,0,2
285,21,0,1
285,22,0,2
285,23,0,1
285,24,0,1
285,25,0,0
285,26,0,0
285,27,0,0
285,28,0,0
285,29,0,0
285,30,0,0
285,31,0,0
285,32,0,0
285,33,0,0
286,1,14,3
286,2,14,3
286,3,14,3
286,4,16,4
286,5,14,3
286,6,14,3
286,7,14,3
286,8,14,3
286,9,18,5
286,10,18,5
286,11,22,7
286,12,24,8
286,13,37,8
286,14,20,6
286,15,22,6
286,16,20,6
286,17,18,5
286,18,20,6
286,19,22,7
286,20,20,6
286,21,22,7
286,22,22,7
286,23,22,7
286,24,24,8
286,25,24,7
286,26,22,5
286,27,20,6
286,28,20,6
286,29,18,5
286,30,18,5
286,31,18,5
286,32,18,3
286,33,16,3
286,34,16,3
286,35,18,5
286,36,20,5
286,37,18,3
286,38,14,2
286,39,14,2
286,40,14,3
286,41,14,3
286,42,14,2
286,43,12,2
286,44,12,1
286,45,0,0
287,1,14,3
287,2,14,3
287,3,18,5
287,4,20,6
287,5,22,7
287,6,22,6
287,7,22,7
287,8,39,9
287,9,45,11
287,10,45,12
287,11,30,11
287,12,22,6
287,13,22,7
287,14,24,8
287,15,39,9
287,16,39,8
287,17,39,8
287,18,41,9
287,19,41,10
287,20,41,9
287,21,26,7
287,22,22,6
287,23,22,7
287,24,24,8
287,25,24,7
287,26,22,7
287,27,37,8
287,28,41,10
287,29,47,13
287,30,49,14
287,31,49,13
287,32,47,13
287,33,45,12
287,34,43,11
287,35,28,10
287,36,28,10
287,37,56,12
287,38,42,13
287,39,61,16
287,40,61,16
287,41,61,16
287,42,59,15
287,43,59,15
287,44,61,16
287,45,59,15
287,46,44,14
287,47,46,15
287,48,52,18
287,49,76,21
287,50,70,23
287,51,89,26
287,52,89,26
287,53,87,25
287,54,89,26
287,55,91,27
287,56,93,28
287,57,93,28
287,58,113,29
288,1,16,4
288,2,20,6
288,3,22,7
288,4,26,8
288,5,22,6
288,6,20,6
288,7,20,6
288,8,22,6
288,9,22,7
288,10,22,6
288,11,33,6
288,12,33,6
288,13,18,3
288,14,14,3
288,15,16,4
288,16,20,5
288,17,20,6
288,18,24,6
288,19,18,4
288,20,18,4
288,21,16,4
288,22,29,4
288,23,0,2
288,24,0,1
288,25,0,0
288,26,0,0
288,27,0,0
288,28,0,0
288,29,0,0
288,30,0,0
288,31,0,0
288,32,0,0
288,33,0,0
288,34,0,0
288,35,0,0
288,36,0,0
289,1,16,4
289,2,22,7
289,3,39,9
289,4,39,8
289,5,39,9
289,6,41,9
289,7,41,9
289,8,39,8
289,9,39,9
289,10,43,11
289,11,77,15
289,12,61,16
289,13,65,18
289,14,89,21
289,15,81,22
289,16,81,22
289,17,83,23
289,18,83,23
289,19,89,26
289,20,115,28
290,1,16,4
290,2,22,7
290,3,26,9
290,4,28,9
290,5,24,8
290,6,22,7
290,7,22,7
290,8,22,7
290,9,22,6
290,10,20,5
290,11,18,5
290,12,18,5
290,13,18,5
290,14,20,6
290,15,22,7
290,16,24,8
290,17,24,8
290,18,24,8
290,19,24,8
290,20,26,9
290,21,28,10
290,22,32,12
290,23,38,15
290,24,46,15
290,25,46,15
290,26,57,14
290,27,61,16
290,28,65,18
290,29,69,20
290,30,67,19
290,31,63,17
290,32,46,15
290,33,42,13
290,34,44,14
290,35,48,16
290,36,58,17
290,37,73,18
290,38,81,22
290,39,85,24
290,40,87,25
290,41,91,27
290,42,91,27
290,43,91,27
290,44,93,28
290,45,91,27
290,46,89,26
290,47,91,27
290,48,113,28
291,1,12,2
291,2,14,3
291,3,16,4
291,4,16,4
291,5,16,4
291,6,18,5
291,7,20,6
291,8,22,7
291,9,37,8
291,10,39,8
291,11,39,8
291,12,37,7
291,13,33,4
291,14,20,6
291,15,20,6
291,16,18,5
291,17,20,6
291,18,24,8
291,19,22,7
291,20,24,8
291,21,28,9
291,22,26,8
291,23,24,8
291,24,24,8
291,25,26,9
291,26,24,8
291,27,24,8
291,28,24,8
291,29,41,9
291,30,45,11
291,31,45,11
291,32,43,11
291,33,43,11
291,34,43,11
291,35,30,11
291,36,28,10
291,37,32,12
291,38,56,13
291,39,42,13
291,40,55,13
291,41,57,14
291,42,61,16
291,43,63,17
291,44,59,15
291,45,48,16
291,46,48,16
291,47,52,18
291,48,48,16
291,49,44,14
291,50,59,15
291,51,65,18
291,52,65,18
291,53,67,19
291,54,65,18
291,55,61,16
291,56,61,16
291,57,73,18
291,58,62,19
291,59,58,17
291,60,56,16
291,61,48,16
291,62,46,15
291,63,46,15
291,64,61,16
291,65,57,14
291,66,57,14
291,67,59,15
291,68,61,16
291,69,67,19
291,70,69,20
291,71,69,20
291,72,81,22
291,73,79,21
291,74,77,20
291,75,69,20
291,76,71,21
291,77,73,22
291,78,75,23
291,79,77,24
291,80,117,27
291,81,89,26
291,82,91,27
291,83,103,29
292,1,16,4
292,2,20,6
292,3,22,7
292,4,24,8
292,5,39,8
292,6,41,10
292,7,43,10
292,8,41,9
292,9,28,10
292,10,26,8
292,11,26,8
292,12,39,9
292,13,47,13
292,14,51,14
292,15,36,13
292,16,32,12
292,17,30,11
292,18,32,12
292,19,45,12
292,20,47,13
292,21,51,15
292,22,55,16
292,23,51,14
292,24,30,10
292,25,28,10
292,26,52,13
292,27,42,12
292,28,42,12
292,29,55,13
292,30,55,13
292,31,57,14
292,32,59,15
292,33,53,12
292,34,53,11
292,35,42,12
292,36,38,11
292,37,40,11
292,38,42,11
292,39,57,13
292,40,59,15
292,41,67,18
292,42,86,18
292,43,77,20
292,44,81,22
292,45,87,25
292,46,93,28
292,47,113,29
293,1,16,4
293,2,22,7
293,3,24,8
293,4,22,7
293,5,37,8
293,6,41,9
293,7,41,10
293,8,24,7
293,9,26,9
293,10,26,7
293,11,20,5
293,12,22,7
293,13,26,9
293,14,28,10
293,15,28,9
293,16,26,8
293,17,20,5
293,18,18,5
293,19,33,6
293,20,41,9
293,21,39,8
293,22,26,8
293,23,26,9
293,24,26,9
293,25,26,9
293,26,24,8
293,27,20,6
293,28,18,5
293,29,16,4
293,30,0,1
294,1,16,4
294,2,22,7
294,3,26,9
294,4,26,9
294,5,24,8
294,6,24,8
294,7,26,8
294,8,45,12
294,9,49,12
294,10,43,11
294,11,22,7
294,12,20,6
294,13,26,9
294,14,43,11
294,15,47,13
294,16,41,10
294,17,22,7
294,18,22,7
294,19,22,7
294,20,37,8
294,21,35,7
294,22,37,8
294,23,26,8
294,24,22,7
294,25,18,5
294,26,16,4
294,27,0,2
294,28,0,0
295,1,14,3
295,2,16,4
295,3,16,4
295,4,16,4
295,5,16,4
295,6,16,4
295,7,18,5
295,8,18,5
295,9,18,5
295,10,20,4
295,11,16,2
295,12,14,3
295,13,14,3
295,14,12,2
295,15,10,1
295,16,10,1
295,17,0,0
295,18,0,0
295,19,0,0
295,20,0,0
295,21,0,0
295,22,0,0
295,23,0,0
295,24,0,0
296,1,16,4
296,2,18,5
296,3,22,6
296,4,22,6
296,5,22,7
296,6,24,8
296,7,26,9
296,8,24,7
296,9,24,8
296,10,26,9
296,11,24,8
296,12,24,8
296,13,26,9
296,14,43,10
296,15,43,10
296,16,43,10
296,17,43,11
296,18,28,10
296,19,26,9
296,20,26,9
296,21,56,12
296,22,40,12
296,23,44,14
296,24,61,16
296,25,67,19
296,26,65,18
296,27,69,20
296,28,71,21
296,29,67,19
296,30,105,17
296,31,62,19
296,32,75,19
296,33,79,21
296,34,83,23
296,35,87,25
296,36,91,27
296,37,93,28
296,38,113,29
297,1,14,3
297,2,14,3
297,3,16,4
297,4,16,4
297,5,18,5
297,6,18,5
297,7,20,6
297,8,22,7
297,9,22,7
297,10,22,7
297,11,22,7
297,12,22,7
297,13,22,7
297,14,20,5
297,15,18,5
297,16,18,5
297,17,20,6
297,18,22,6
297,19,20,6
297,20,20,6
297,21,22,7
297,22,24,8
297,23,24,8
297,24,26,9
297,25,26,9
297,26,43,11
297,27,30,11
297,28,30,11
297,29,28,10
297,30,43,11
297,31,43,11
297,32,28,10
297,33,52,10
297,34,32,8
297,35,34,9
297,36,38,11
297,37,38,11
297,38,34,9
297,39,28,6
297,40,28,6
297,41,16,4
297,42,12,2
297,43,16,4
297,44,16,4
297,45,14,3
297,46,14,3
297,47,12,2
297,48,0,1
298,1,16,4
298,2,22,7
298,3,26,8
298,4,24,8
298,5,28,9
298,6,39,9
298,7,41,10
298,8,43,10
298,9,39,9
298,10,22,7
298,11,39,8
298,12,26,9
298,13,26,8
298,14,26,9
298,15,39,9
298,16,41,10
298,17,28,10
298,18,26,9
298,19,32,12
298,20,51,14
298,21,49,13
298,22,51,15
298,23,47,12
298,24,49,13
298,25,49,14
298,26,55,17
298,27,55,16
298,28,36,14
298,29,36,13
298,30,49,14
298,31,49,14
298,32,51,15
298,33,55,16
298,34,49,14
298,35,53,16
298,36,57,17
298,37,69,20
298,38,71,21
298,39,71,21
298,40,69,20
298,41,71,21
298,42,71,21
298,43,69,20
298,44,73,22
298,45,58,21
298,46,54,19
298,47,63,17
298,48,71,21
298,49,71,21
298,50,75,23
298,51,77,24
298,52,83,27
298,53,93,28
298,54,93,28
298,55,113,29
299,1,16,4
299,2,20,6
299,3,24,7
299,4,24,8
299,5,24,8
299,6,24,8
299,7,24,7
299,8,22,7
299,9,24,7
299,10,24,8
299,11,24,8
299,12,24,8
299,13,22,6
299,14,22,7
299,15,39,8
299,16,39,8
299,17,39,9
299,18,41,10
299,19,28,10
299,20,26,8
299,21,24,8
299,22,28,10
299,23,28,9
299,24,24,5
299,25,18,5
299,26,20,6
299,27,20,6
299,28,24,7
299,29,24,7
299,30,22,7
299,31,20,6
299,32,20,6
299,33,20,6
299,34,20,6
299,35,20,6
299,36,18,5
299,37,0,3
299,38,0,2
299,39,0,1
299,40,0,1
299,41,0,1
299,42,0,1
299,43,0,1
299,44,0,0
299,45,0,0
299,46,0,0
299,47,0,0
299,48,0,0
299,49,0,0
299,50,0,0
299,51,0,0
299,52,0,0
299,53,0,0
299,54,0,0
299,55,0,0
299,56,0,0
299,57,0,0
299,58,0,0
299,59,0,0
299,60,0,0
299,61,0,0
299,62,0,0
299,63,0,0
299,64,0,0
299,65,0,0
299,66,0,0
299,67,0,0
299,68,0,0
299,69,0,0
299,70,0,0
299,71,0,0
299,72,0,0
299,73,0,0
299,74,0,0
299,75,0,0
299,76,0,0
299,77,0,0
299,78,0,0
299,79,0,0
299,80,0,0
300,1,16,4
300,2,18,5
300,3,22,7
300,4,37,8
300,5,20,6
300,6,20,6
300,7,22,7
300,8,22,7
300,9,20,6
300,10,20,5
300,11,20,5
300,12,18,5
300,13,20,6
300,14,20,6
300,15,18,5
300,16,18,5
300,17,16,3
300,18,10,1
300,19,10,1
300,20,12,2
300,21,12,2
300,22,18,5
300,23,20,5
300,24,31,5
300,25,31,5
300,26,27,3
300,27,14,3
300,28,14,3
300,29,10,1
300,30,0,0
300,31,0,0
300,32,0,0
300,33,0,0
300,34,0,0
300,35,0,0
300,36,0,0
300,37,0,0
301,1,18,5
301,2,22,6
301,3,22,7
301,4,24,8
301,5,26,9
301,6,26,8
301,7,26,9
301,8,26,9
301,9,26,9
301,10,28,10
301,11,45,11
301,12,49,13
301,13,47,13
301,14,32,12
301,15,28,10
301,16,43,11
301,17,47,12
301,18,47,13
301,19,49,14
301,20,34,13
301,21,30,10
301,22,30,10
301,23,30,11
301,24,30,11
301,25,34,12
301,26,47,13
301,27,47,13
301,28,51,15
301,29,49,14
301,30,32,12
301,31,32,11
301,32,30,11
301,33,32,11
301,34,28,9
301,35,41,10
301,36,47,13
301,37,49,13
301,38,45,11
301,39,45,12
301,40,49,14
301,41,47,13
301,42,26,9
301,43,20,6
301,44,16,4
301,45,12,2
301,46,0,0
302,1,14,3
302,2,14,3
302,3,14,3
302,4,14,3
302,5,16,4
302,6,16,4
302,7,14,3
302,8,16,4
302,9,14,3
302,10,16,4
302,11,14,2
302,12,0,0
302,13,0,0
302,14,0,0
302,15,0,0
302,16,0,0
302,17,0,0
302,18,0,0
302,19,0,0
302,20,0,0
302,21,0,0
302,22,0,0
302,23,0,0
302,24,0,0
302,25,0,0
302,26,0,0
302,27,0,0
302,28,0,0
302,29,0,0
302,30,0,0
302,31,0,0
302,32,0,0
302,33,0,0
302,34,0,0
302,35,0,0
302,36,0,0
302,37,0,0
302,38,0,0
302,39,0,0
302,40,0,0
302,41,0,0
303,1,16,4
303,2,22,7
303,3,26,8
303,4,22,7
303,5,22,7
303,6,22,6
303,7,24,8
303,8,24,8
303,9,24,7
303,10,22,7
303,11,24,7
303,12,26,9
303,13,28,9
303,14,30,11
303,15,30,11
303,16,28,8
303,17,24,8
303,18,22,6
303,19,22,7
303,20,24,8
303,21,39,8
303,22,41,9
303,23,28,8
303,24,26,9
303,25,28,9
303,26,26,9
303,27,24,7
303,28,22,7
303,29,20,6
303,30,22,6
303,31,24,8
303,32,41,10
303,33,47,13
303,34,45,12
303,35,32,12
303,36,32,12
303,37,30,11
303,38,28,10
303,39,24,8
303,40,20,6
303,41,22,7
303,42,16,4
303,43,0,2
304,1,14,3
304,2,18,5
304,3,24,8
304,4,28,10
304,5,26,9
304,6,24,8
304,7,26,9
304,8,26,9
304,9,26,9
304,10,26,9
304,11,26,9
304,12,26,9
304,13,28,10
304,14,28,10
304,15,28,10
304,16,28,9
304,17,26,9
304,18,24,8
304,19,22,7
304,20,24,7
304,21,22,7
304,22,37,7
304,23,37,7
304,24,39,7
304,25,20,4
304,26,18,4
304,27,20,6
304,28,22,6
304,29,20,5
304,30,16,3
304,31,16,4
304,32,14,3
304,33,16,4
304,34,18,5
304,35,18,5
304,36,22,7
304,37,20,5
304,38,18,4
304,39,16,3
304,40,14,2
304,41,12,2
304,42,0,1
304,43,0,1
304,44,0,1
304,45,0,1
304,46,0,0
304,47,0,0
304,48,0,0
304,49,0,0
304,50,0,0
304,51,0,0
304,52,0,0
304,53,0,0
304,54,0,0
304,55,0,0
304,56,0,0
304,57,0,0
304,58,0,0
304,59,0,0
305,1,16,4
305,2,18,5
305,3,20,6
305,4,24,8
305,5,26,8
305,6,26,8
305,7,26,9
305,8,28,10
305,9,28,10
305,10,43,11
305,11,49,14
305,12,51,14
305,13,53,16
305,14,51,13
305,15,47,13
305,16,47,13
305,17,47,13
305,18,52,12
305,19,44,14
305,20,48,16
305,21,48,16
305,22,59,15
305,23,61,16
305,24,65,18
305,25,63,17
305,26,54,19
305,27,54,19
305,28,67,19
305,29,69,20
305,30,73,22
305,31,67,19
305,32,69,20
305,33,69,20
305,34,71,21
305,35,95,22
305,36,85,24
305,37,113,25
306,1,14,3
306,2,14,3
306,3,16,4
306,4,18,5
306,5,20,6
306,6,20,5
306,7,20,6
306,8,35,7
306,9,37,8
306,10,39,9
306,11,39,9
306,12,24,8
306,13,26,8
306,14,26,8
306,15,22,7
306,16,26,9
306,17,28,9
306,18,26,9
306,19,26,9
306,20,26,9
306,21,28,10
306,22,28,10
306,23,32,12
306,24,52,13
306,25,46,15
306,26,44,13
306,27,44,14
306,28,44,14
306,29,42,13
306,30,44,13
306,31,42,12
306,32,42,13
306,33,42,13
306,34,42,13
306,35,44,14
306,36,42,13
306,37,55,13
306,38,53,12
306,39,51,11
306,40,55,13
306,41,44,14
306,42,62,14
306,43,46,11
306,44,44,10
306,45,40,8
306,46,26,5
306,47,26,5
306,48,24,4
306,49,0,2
306,50,0,4
306,51,0,5
306,52,0,5
306,53,0,4
306,54,0,2
306,55,0,0
307,1,16,4
307,2,20,6
307,3,24,8
307,4,26,9
307,5,28,10
307,6,28,10
307,7,28,10
307,8,43,11
307,9,47,13
307,10,49,13
307,11,43,11
307,12,45,12
307,13,45,11
307,14,45,12
307,15,47,13
307,16,43,11
307,17,28,10
307,18,45,11
307,19,45,12
307,20,47,12
307,21,43,11
307,22,43,11
307,23,45,12
307,24,30,11
307,25,30,11
307,26,48,11
307,27,38,11
307,28,38,11
307,29,40,12
307,30,55,13
307,31,59,15
307,32,61,16
307,33,61,16
307,34,53,16
307,35,34,13
307,36,32,12
307,37,36,14
307,38,32,12
307,39,30,11
307,40,30,11
307,41,24,8
307,42,22,7
307,43,18,5
307,44,0,4
308,1,16,4
308,2,18,5
308,3,18,4
308,4,18,5
308,5,20,6
308,6,22,6
308,7,22,7
308,8,20,6
308,9,20,6
308,10,22,6
308,11,20,4
308,12,16,3
308,13,16,4
308,14,16,4
308,15,14,3
308,16,16,4
308,17,16,4
308,18,18,5
308,19,16,4
308,20,16,4
308,21,18,5
308,22,18,5
308,23,16,4
308,24,16,4
308,25,16,3
308,26,16,3
308,27,14,2
308,28,0,0
309,1,16,4
309,2,20,6
309,3,22,7
309,4,24,8
309,5,26,9
309,6,26,9
309,7,26,8
309,8,24,8
309,9,26,9
309,10,26,9
309,11,26,9
309,12,28,10
309,13,41,9
309,14,41,10
309,15,43,11
309,16,45,12
309,17,47,13
309,18,43,11
309,19,41,9
309,20,41,9
309,21,41,10
309,22,43,11
309,23,41,10
309,24,43,11
309,25,50,10
309,26,32,8
309,27,30,7
309,28,28,6
309,29,26,5
309,30,18,5
309,31,16,4
309,32,14,3
309,33,0,2
310,1,16,4
310,2,20,6
310,3,24,8
310,4,24,8
310,5,26,8
310,6,22,6
310,7,22,6
310,8,18,5
310,9,24,8
310,10,22,7
310,11,28,10
310,12,45,12
310,13,47,12
310,14,45,12
310,15,30,11
310,16,24,8
310,17,26,9
310,18,28,10
310,19,30,11
310,20,26,9
310,21,22,7
310,22,18,5
310,23,14,3
310,24,12,2
310,25,10,1
310,26,12,2
310,27,10,1
310,28,0,0
311,1,14,3
311,2,16,4
311,3,16,4
311,4,16,4
311,5,16,4
311,6,16,4
311,7,16,4
311,8,16,4
311,9,18,5
311,10,20,5
311,11,20,6
311,12,20,5
311,13,20,6
311,14,18,4
311,15,18,5
311,16,20,5
311,17,20,6
311,18,22,6
311,19,18,5
311,20,16,4
311,21,18,4
311,22,16,4
311,23,16,4
311,24,16,4
311,25,16,4
311,26,16,4
311,27,16,4
311,28,16,2
311,29,14,3
311,30,16,3
311,31,16,4
311,32,16,4
311,33,16,4
311,34,16,3
311,35,16,4
311,36,31,5
311,37,33,6
311,38,33,5
311,39,18,4
311,40,16,4
311,41,18,5
311,42,20,5
311,43,18,4
311,44,16,3
311,45,16,4
311,46,18,5
311,47,18,4
311,48,16,3
311,49,16,2
311,50,12,1
311,51,0,0
312,1,16,4
312,2,22,7
312,3,26,8
312,4,26,8
312,5,26,9
312,6,24,8
312,7,39,9
312,8,47,12
312,9,43,10
312,10,28,10
312,11,24,8
312,12,28,9
312,13,26,9
312,14,43,10
312,15,49,14
312,16,51,14
312,17,32,11
312,18,28,8
312,19,24,8
312,20,30,10
312,21,47,13
312,22,49,14
312,23,49,14
312,24,32,12
312,25,24,8
312,26,20,6
312,27,22,7
312,28,37,8
312,29,41,10
312,30,22,7
312,31,14,3
312,32,12,2
312,33,10,1
312,34,0,0
312,35,0,0
312,36,0,0
312,37,0,0
312,38,0,0
312,39,0,0
312,40,0,0
313,1,16,4
313,2,22,7
313,3,26,8
313,4,22,6
313,5,22,7
313,6,24,8
313,7,26,9
313,8,24,8
313,9,24,7
313,10,24,8
313,11,24,7
313,12,24,8
313,13,22,7
313,14,24,7
313,15,24,8
313,16,26,8
313,17,22,6
313,18,18,5
313,19,16,4
313,20,20,6
313,21,22,7
313,22,24,8
313,23,26,8
313,24,24,7
313,25,41,10
313,26,43,11
313,27,45,11
313,28,45,11
313,29,24,8
313,30,26,9
313,31,28,10
313,32,30,11
313,33,32,11
313,34,32,11
313,35,43,9
313,36,47,13
313,37,34,12
313,38,36,14
313,39,32,12
313,40,30,11
313,41,28,10
313,42,26,9
313,43,20,6
313,44,20,6
313,45,18,5
313,46,0,2
314,1,12,2
314,2,14,3
314,3,16,4
314,4,16,4
314,5,16,4
314,6,18,5
314,7,20,6
314,8,22,7
314,9,22,7
314,10,24,8
314,11,24,8
314,12,24,8
314,13,24,8
314,14,24,8
314,15,24,8
314,16,24,8
314,17,24,8
314,18,24,8
314,19,24,8
314,20,24,8
314,21,24,8
314,22,24,8
314,23,24,8
314,24,24,8
314,25,24,8
314,26,24,8
314,27,24,8
314,28,24,8
314,29,24,8
314,30,24,8
314,31,24,8
314,32,24,8
314,33,24,8
314,34,24,8
314,35,24,8
314,36,24,8
314,37,24,8
314,38,24,8
314,39,24,8
314,40,24,8
314,41,24,8
314,42,24,8
314,43,24,8
314,44,24,8
314,45,24,8
314,46,24,8
314,47,24,8
314,48,24,8
314,49,24,8
314,50,24,8
314,51,24,8
314,52,24,8
314,53,24,8
314,54,24,8
314,55,24,8
314,56,24,8
314,57,24,8
314,58,24,8
314,59,24,8
314,60,24,8
314,61,24,8
314,62,24,8
314,63,24,8
314,64,24,8
314,65,24,8
314,66,24,8
314,67,24,8
314,68,24,8
314,69,24,8
314,70,24,8
314,71,24,8
314,72,24,8
314,73,24,8
314,74,24,8
314,75,24,8
314,76,24,8
314,77,24,8
314,78,24,8
314,79,24,8
314,80,24,8
314,81,24,8
314,82,24,8
314,83,24,8
314,84,24,8
314,85,24,8
314,86,24,8
314,87,24,8
314,88,24,8
314,89,24,8
314,90,24,8
314,91,24,8
314,92,24,8
314,93,24,8
314,94,24,8
314,95,24,8
314,96,24,8
314,97,24,8
314,98,24,8
314,99,24,8
314,100,24,8
314,101,24,8
314,102,24,8
314,103,24,8
314,104,24,8
314,105,24,8
314,106,24,8
314,107,24,8
314,108,24,8
314,109,24,8
314,110,24,8
314,111,24,8
314,112,24,8
314,113,24,8
314,114,24,8
314,115,24,8
314,116,24,8
314,117,24,8
314,118,24,8
314,119,24,8
314,120,24,8
314,121,24,8
314,122,24,8
314,123,24,8
314,124,24,8
314,125,24,8
314,126,24,8
314,127,24,8
314,128,24,8
314,129,24,8
314,130,24,8
314,131,24,8
314,132,24,8
314,133,24,8
314,134,24,8
314,135,24,8
314,136,24,8
314,137,24,8
314,138,24,8
314,139,24,8
314,140,24,8
314,141,24,8
314,142,24,8
314,143,24,8
314,144,24,8
314,145,24,8
314,146,24,8
314,147,24,8
314,148,24,8
314,149,24,8
314,150,24,8
314,151,24,8
314,152,24,8
314,153,24,8
314,154,24,8
314,155,24,8
314,156,24,8
314,157,24,8
314,158,24,8
314,159,24,8
314,160,24,8
314,161,24,8
314,162,24,8
314,163,24,8
314,164,24,8
314,165,24,8
314,166,24,8
314,167,24,8
314,168,24,8
314,169,24,8
314,170,24,8
314,171,24,8
314,172,24,8
314,173,24,8
314,174,24,8
314,175,24,8
314,176,24,8
314,177,24,8
314,178,24,8
314,179,24,8
314,180,24,8
314,181,24,8
314,182,24,8
314,183,24,8
314,184,24,8
314,185,24,8
314,186,24,8
314,187,24,8
314,188,24,8
314,189,24,8
314,190,24,8
314,191,24,8
314,192,24,8
314,193,24,8
314,194,24,8
314,195,24,8
314,196,24,8
315,1,14,3
315,2,14,3
315,3,16,4
315,4,33,6
315,5,33,6
315,6,35,7
315,7,20,6
315,8,20,6
315,9,18,5
315,10,33,6
315,11,35,7
315,12,39,9
315,13,43,10
315,14,28,10
315,15,62,13
315,16,44,14
315,17,59,15
315,18,63,17
315,19,78,18
315,20,62,19
315,21,79,21
315,22,83,23
315,23,81,22
315,24,81,22
315,25,83,23
315,26,83,23
315,27,85,24
315,28,87,25
315,29,107,26
316,1,16,4
316,2,20,6
316,3,24,8
316,4,26,9
316,5,28,10
316,6,28,9
316,7,26,8
316,8,39,9
316,9,45,12
316,10,45,11
316,11,41,8
316,12,39,8
316,13,28,10
316,14,28,10
316,15,43,11
316,16,26,9
316,17,26,8
316,18,26,9
316,19,39,9
316,20,43,11
316,21,24,7
316,22,22,7
316,23,20,6
316,24,20,6
316,25,24,7
316,26,24,8
316,27,39,9
316,28,45,12
316,29,47,13
316,30,49,14
316,31,45,12
316,32,43,11
316,33,45,12
316,34,43,11
316,35,26,9
316,36,26,9
316,37,22,7
316,38,18,5
316,39,16,4
316,40,0,2
317,1,18,5
317,2,22,7
317,3,26,8
317,4,26,8
317,5,24,8
317,6,22,7
317,7,20,4
317,8,18,3
317,9,18,4
317,10,16,4
317,11,16,4
317,12,20,5
317,13,18,4
317,14,18,4
317,15,14,2
317,16,0,0
317,17,0,0
317,18,0,0
317,19,0,0
317,20,0,0
317,21,0,0
317,22,0,0
317,23,0,0
317,24,0,0
317,25,0,0
317,26,0,0
318,1,14,3
318,2,14,3
318,3,16,4
318,4,18,5
318,5,18,5
318,6,20,6
318,7,20,6
318,8,20,6
318,9,20,6
318,10,18,5
318,11,16,4
318,12,33,6
318,13,33,6
318,14,18,4
318,15,18,4
318,16,18,5
318,17,18,4
318,18,18,5
318,19,20,6
318,20,22,7
318,21,20,6
318,22,18,5
318,23,16,3
318,24,0,2
318,25,0,2
318,26,0,1
318,27,0,1
318,28,0,1
318,29,0,0
318,30,0,0
318,31,0,0
318,32,0,0
318,33,0,0
318,34,0,0
318,35,0,0
318,36,0,0
318,37,0,0
318,38,0,0
318,39,0,0
319,1,16,4
319,2,20,6
319,3,22,7
319,4,22,7
319,5,24,7
319,6,22,7
319,7,20,6
319,8,20,6
319,9,22,7
319,10,37,8
319,11,43,11
319,12,43,11
319,13,37,8
319,14,0,4
319,15,0,2
319,16,0,1
319,17,0,0
319,18,0,0
319,19,0,0
319,20,0,0
319,21,0,0
319,22,0,0
319,23,0,0
319,24,0,0
319,25,0,0
320,1,16,4
320,2,20,6
320,3,22,7
320,4,24,7
320,5,24,7
320,6,20,6
320,7,20,5
320,8,20,6
320,9,24,8
320,10,26,8
320,11,22,6
320,12,20,6
320,13,24,7
320,14,24,8
320,15,22,7
320,16,26,8
320,17,37,7
320,18,39,9
320,19,24,8
320,20,26,9
320,21,26,9
320,22,20,6
320,23,22,7
320,24,37,8
320,25,43,11
320,26,45,12
320,27,47,13
320,28,41,10
320,29,37,8
320,30,20,6
320,31,16,4
320,32,14,3
320,33,14,3
320,34,0,2
321,1,14,3
321,2,16,4
321,3,18,5
321,4,18,5
321,5,18,5
321,6,18,5
321,7,18,5
321,8,16,4
321,9,20,6
321,10,35,7
321,11,20,6
321,12,22,7
321,13,20,6
321,14,20,6
321,15,20,6
321,16,22,7
321,17,22,6
321,18,22,7
321,19,39,8
321,20,37,8
321,21,37,7
321,22,37,8
321,23,22,6
321,24,22,7
321,25,24,8
321,26,26,8
321,27,24,8
321,28,22,6
321,29,22,6
321,30,20,6
321,31,22,7
321,32,24,8
321,33,48,10
321,34,32,8
321,35,20,6
321,36,16,4
321,37,18,5
321,38,22,7
321,39,22,7
321,40,18,5
321,41,16,4
321,42,14,3
321,43,0,2
322,1,16,4
322,2,20,6
322,3,24,8
322,4,26,9
322,5,26,9
322,6,26,8
322,7,28,9
322,8,41,9
322,9,43,11
322,10,47,12
322,11,45,10
322,12,26,9
322,13,24,8
322,14,26,9
322,15,28,9
322,16,26,8
322,17,41,10
322,18,65,13
322,19,59,15
322,20,61,16
322,21,63,17
322,22,52,18
322,23,52,17
322,24,52,15
322,25,67,18
322,26,69,20
322,27,69,19
322,28,71,20
322,29,75,23
322,30,75,22
322,31,75,23
322,32,105,26
322,33,111,28
323,1,12,2
323,2,14,3
323,3,16,4
323,4,18,5
323,5,18,4
323,6,16,4
323,7,16,4
323,8,16,3
323,9,20,6
323,10,20,6
323,11,22,7
323,12,24,8
323,13,24,8
323,14,24,8
323,15,22,7
323,16,24,8
323,17,24,8
323,18,24,8
323,19,28,10
323,20,34,12
323,21,32,12
323,22,32,12
323,23,30,10
323,24,28,10
323,25,26,9
323,26,28,10
323,27,28,10
323,28,28,10
323,29,28,10
323,30,28,10
323,31,28,10
323,32,28,10
323,33,28,10
323,34,28,10
323,35,28,10
323,36,28,10
323,37,28,10
323,38,28,10
323,39,28,10
323,40,28,10
323,41,28,10
323,42,28,10
323,43,28,10
323,44,28,10
323,45,28,10
323,46,28,10
323,47,28,10
323,48,28,10
323,49,28,10
323,50,28,10
323,51,28,10
323,52,28,10
323,53,28,10
323,54,28,10
323,55,28,10
323,56,28,10
323,57,28,10
323,58,28,10
323,59,28,10
323,60,28,10
323,61,28,10
323,62,28,10
323,63,28,10
323,64,28,10
323,65,28,10
323,66,28,10
323,67,28,10
323,68,28,10
323,69,28,10
323,70,28,10
323,71,28,10
323,72,28,10
323,73,28,10
323,74,28,10
323,75,28,10
323,76,28,10
323,77,28,10
323,78,28,10
323,79,28,10
323,80,28,10
323,81,28,10
323,82,28,10
323,83,28,10
323,84,28,10
323,85,28,10
323,86,28,10
323,87,28,10
323,88,28,10
323,89,28,10
323,90,28,10
323,91,28,10
323,92,28,10
323,93,28,10
323,94,28,10
323,95,28,10
323,96,28,10
323,97,28,10
323,98,28,10
323,99,28,10
323,100,28,10
323,101,28,10
323,102,28,10
323,103,28,10
323,104,28,10
323,105,28,10
323,106,28,10
323,107,28,10
323,108,28,10
323,109,28,10
323,110,28,10
323,111,28,10
323,112,28,10
323,113,28,10
323,114,28,10
323,115,28,10
323,116,28,10
323,117,28,10
323,118,28,10
323,119,28,10
323,120,28,10
323,121,28,10
323,122,28,10
323,123,28,10
323,124,28,10
323,125,28,10
323,126,28,10
323,127,28,10
323,128,28,10
323,129,28,10
323,130,28,10
323,131,28,10
323,132,28,10
323,133,28,10
323,134,28,10
323,135,28,10
323,136,28,10
323,137,28,10
323,138,28,10
323,139,28,10
323,140,28,10
323,141,28,10
323,142,28,10
323,143,28,10
323,144,28,10
323,145,28,10
323,146,28,10
323,147,28,10
323,148,28,10
323,149,28,10
323,150,28,10
323,151,28,10
323,152,28,10
323,153,28,10
323,154,28,10
323,155,28,10
323,156,28,10
323,157,28,10
323,158,28,10
323,159,28,10
323,160,28,10
323,161,28,10
323,162,28,10
323,163,28,10
323,164,28,10
323,165,28,10
323,166,28,10
323,167,28,10
323,168,28,10
323,169,28,10
323,170,28,10
323,171,28,10
323,172,28,10
323,173,28,10
323,174,28,10
323,175,28,10
323,176,28,10
323,177,28,10
323,178,28,10
323,179,28,10
323,180,28,10
323,181,28,10
323,182,28,10
323,183,28,10
323,184,28,10
323,185,28,10
323,186,28,10
323,187,28,10
323,188,28,10
323,189,28,10
324,1,16,4
324,2,20,6
324,3,22,6
324,4,22,7
324,5,24,8
324,6,24,7
324,7,22,5
324,8,18,4
324,9,16,4
324,10,14,3
324,11,12,2
324,12,10,1
324,13,12,2
324,14,16,4
324,15,18,5
324,16,18,4
324,17,16,3
324,18,16,3
324,19,14,3
324,20,12,2
324,21,12,2
324,22,14,3
324,23,18,4
324,24,18,3
324,25,18,5
324,26,20,6
324,27,24,7
324,28,20,6
324,29,18,4
324,30,0,2
324,31,0,2
324,32,0,1
324,33,0,0
324,34,0,0
324,35,0,0
325,1,16,4
325,2,16,4
325,3,18,5
325,4,18,5
325,5,20,6
325,6,18,4
325,7,16,4
325,8,16,4
325,9,16,3
325,10,12,2
325,11,16,4
325,12,16,4
325,13,18,5
325,14,18,4
325,15,14,2
325,16,10,1
325,17,14,3
325,18,12,2
325,19,12,2
325,20,12,2
325,21,12,2
325,22,16,3
325,23,14,3
325,24,14,3
325,25,14,3
325,26,14,3
325,27,0,1
325,28,0,0
325,29,0,0
325,30,0,0
325,31,0,0
325,32,0,0
325,33,0,0
325,34,0,0
325,35,0,0
325,36,0,0
326,1,14,3
326,2,16,4
326,3,18,5
326,4,18,5
326,5,18,5
326,6,18,5
326,7,18,5
326,8,18,5
326,9,18,5
326,10,18,4
326,11,16,4
326,12,18,5
326,13,18,5
326,14,20,5
326,15,20,6
326,16,18,4
326,17,14,2
326,18,12,2
326,19,12,2
326,20,14,3
326,21,18,5
326,22,18,5
326,23,18,5
326,24,18,5
326,25,18,5
326,26,18,4
326,27,16,4
326,28,16,3
326,29,16,4
326,30,16,4
326,31,18,5
326,32,18,4
326,33,16,3
326,34,16,4
326,35,18,4
326,36,18,4
326,37,18,5
326,38,16,3
326,39,14,3
326,40,16,4
326,41,20,6
326,42,18,5
326,43,14,3
326,44,12,2
326,45,0,1
327,1,16,4
327,2,20,6
327,3,22,7
327,4,24,8
327,5,24,7
327,6,39,9
327,7,43,10
327,8,39,9
327,9,37,8
327,10,24,8
327,11,26,8
327,12,22,7
327,13,22,7
327,14,33,6
327,15,41,10
327,16,43,11
327,17,26,9
327,18,39,9
327,19,41,10
327,20,43,11
327,21,39,8
327,22,39,8
327,23,24,7
327,24,24,8
327,25,24,8
327,26,26,9
327,27,26,9
327,28,24,7
327,29,20,6
327,30,18,5
327,31,18,4
327,32,16,3
327,33,0,2
327,34,0,1
327,35,0,0
327,36,0,0
327,37,0,0
327,38,0,0
327,39,0,0
327,40,0,0
327,41,0,0
327,42,0,0
327,43,0,0
327,44,0,0
327,45,0,0
328,1,14,3
328,2,16,4
328,3,18,5
328,4,20,5
328,5,18,4
328,6,18,5
328,7,20,6
328,8,20,5
328,9,18,4
328,10,18,5
328,11,18,5
328,12,20,6
328,13,20,5
328,14,18,4
328,15,18,5
328,16,18,5
328,17,18,5
328,18,18,5
328,19,18,5
328,20,18,5
328,21,18,5
328,22,18,5
328,23,18,5
328,24,20,6
328,25,18,5
328,26,16,3
328,27,12,2
328,28,14,3
328,29,14,3
328,30,16,4
328,31,16,4
328,32,16,4
328,33,18,4
328,34,14,3
328,35,12,2
328,36,10,1
328,37,0,0
329,1,14,3
329,2,14,3
329,3,16,4
329,4,18,5
329,5,16,4
329,6,16,4
329,7,18,5
329,8,18,5
329,9,18,5
329,10,18,5
329,11,20,5
329,12,16,3
329,13,14,2
329,14,14,3
329,15,16,4
329,16,16,4
329,17,18,5
329,18,18,5
329,19,18,5
329,20,18,4
329,21,18,4
329,22,14,3
329,23,14,3
329,24,12,2
329,25,0,1
329,26,0,0
329,27,0,0
329,28,0,0
329,29,0,0
329,30,0,0
329,31,0,0
329,32,0,0
329,33,0,0
330,1,16,4
330,2,20,6
330,3,20,6
330,4,22,7
330,5,22,6
330,6,22,6
330,7,18,5
330,8,18,5
330,9,20,6
330,10,22,6
330,11,22,7
330,12,22,7
330,13,20,5
