game,round,pu_after,territories_after
1,1,16,4
1,2,20,6
1,3,24,8
1,4,26,8
1,5,41,9
1,6,43,9
1,7,30,10
1,8,43,10
1,9,28,10
1,10,30,10
1,11,43,11
1,12,49,14
1,13,51,12
1,14,47,12
1,15,34,11
1,16,47,13
1,17,49,13
1,18,47,12
1,19,45,10
1,20,30,10
1,21,30,10
1,22,30,11
1,23,32,11
1,24,36,12
1,25,49,12
1,26,47,8
1,27,39,8
1,28,26,7
1,29,22,7
1,30,24,5
1,31,22,7
1,32,22,6
1,33,22,6
1,34,20,6
1,35,22,6
1,36,22,7
1,37,24,7
1,38,22,7
1,39,26,8
1,40,26,7
1,41,37,6
1,42,20,4
1,43,0,3
1,44,0,2
1,45,0,0
1,46,0,0
1,47,0,0
1,48,0,0
1,49,0,0
1,50,0,0
1,51,0,0
1,52,0,0
1,53,0,0
1,54,0,0
1,55,0,0
1,56,0,0
1,57,0,0
1,58,0,0
1,59,0,0
1,60,0,0
1,61,0,0
1,62,0,0
1,63,0,0
1,64,0,0
1,65,0,0
1,66,0,0
1,67,0,0
1,68,0,0
1,69,0,0
1,70,0,0
1,71,0,0
1,72,0,0
1,73,0,0
1,74,0,0
1,75,0,0
1,76,0,0
1,77,0,0
1,78,0,0
1,79,0,0
1,80,0,0
2,1,14,3
2,2,16,4
2,3,18,5
2,4,20,6
2,5,20,4
2,6,18,5
2,7,20,6
2,8,20,6
2,9,20,6
2,10,20,6
2,11,20,5
2,12,18,5
2,13,20,6
2,14,22,6
2,15,20,6
2,16,35,7
2,17,37,6
2,18,33,5
2,19,31,5
2,20,31,4
2,21,18,5
2,22,18,5
2,23,18,3
2,24,16,4
2,25,20,6
2,26,22,7
2,27,26,9
2,28,26,9
2,29,43,11
2,30,45,10
2,31,43,9
2,32,28,9
2,33,28,8
2,34,24,6
2,35,20,4
2,36,18,5
2,37,20,6
2,38,22,4
2,39,16,3
2,40,16,4
2,41,20,6
2,42,22,7
2,43,26,8
2,44,26,8
2,45,26,7
2,46,24,5
2,47,18,4
2,48,18,3
2,49,16,4
2,50,18,5
2,51,22,7
2,52,22,6
2,53,20,4
2,54,0,3
3,1,14,3
3,2,16,4
3,3,16,3
3,4,14,2
3,5,16,4
3,6,18,4
3,7,16,3
3,8,16,4
3,9,16,3
3,10,16,4
3,11,18,4
3,12,18,3
3,13,14,3
3,14,14,2
3,15,14,3
3,16,18,4
3,17,16,2
3,18,14,3
3,19,18,4
3,20,16,3
3,21,14,2
3,22,14,2
3,23,0,0
3,24,0,0
3,25,0,0
3,26,0,0
3,27,0,0
3,28,0,0
3,29,0,0
3,30,0,0
3,31,0,0
4,1,14,3
4,2,14,3
4,3,16,4
4,4,16,4
4,5,16,4
4,6,18,4
4,7,18,4
4,8,16,3
4,9,14,2
4,10,16,4
4,11,18,5
4,12,18,4
4,13,16,4
4,14,16,2
4,15,14,2
4,16,12,2
4,17,12,1
4,18,10,1
4,19,10,1
4,20,12,2
4,21,14,3
4,22,16,4
4,23,16,4
4,24,16,2
4,25,12,1
4,26,10,1
4,27,12,2
4,28,14,3
4,29,14,1
4,30,10,1
4,31,10,1
4,32,0,0
4,33,0,0
4,34,0,0
4,35,0,0
4,36,0,0
4,37,0,0
4,38,0,0
4,39,0,0
4,40,0,0
4,41,0,0
4,42,0,0
4,43,0,0
4,44,0,0
4,45,0,0
5,1,16,4
5,2,20,6
5,3,22,6
5,4,37,8
5,5,43,10
5,6,45,10
5,7,43,9
5,8,39,9
5,9,41,9
5,10,39,8
5,11,37,7
5,12,26,7
5,13,24,7
5,14,24,8
5,15,43,11
5,16,51,14
5,17,51,11
5,18,45,10
5,19,32,10
5,20,34,12
5,21,38,12
5,22,49,12
5,23,49,12
5,24,49,11
5,25,47,10
5,26,41,7
5,27,24,5
5,28,22,6
5,29,20,5
5,30,0,3
5,31,0,1
5,32,0,0
5,33,0,0
5,34,0,0
6,1,16,4
6,2,20,6
6,3,24,8
6,4,26,9
6,5,26,7
6,6,22,6
6,7,22,7
6,8,37,8
6,9,41,9
6,10,26,6
6,11,20,4
6,12,18,4
6,13,18,5
6,14,18,5
6,15,20,5
6,16,20,6
6,17,20,6
6,18,35,5
6,19,18,5
6,20,18,5
6,21,18,4
6,22,16,3
6,23,18,5
6,24,39,8
6,25,26,8
6,26,24,8
6,27,26,9
6,28,30,11
6,29,49,13
6,30,51,15
6,31,55,15
6,32,55,17
6,33,55,14
6,34,49,13
6,35,34,10
6,36,30,11
6,37,34,12
6,38,38,11
6,39,34,12
6,40,36,13
6,41,38,13
6,42,49,12
6,43,53,15
6,44,57,15
6,45,55,16
6,46,55,16
6,47,57,17
6,48,63,19
6,49,61,18
6,50,74,18
6,51,60,18
6,52,58,20
6,53,62,19
6,54,58,18
6,55,56,17
6,56,56,19
6,57,56,18
6,58,56,20
6,59,58,19
6,60,60,22
6,61,97,24
6,62,87,25
6,63,89,26
6,64,91,27
6,65,115,29
7,1,16,4
7,2,20,6
7,3,24,7
7,4,26,7
7,5,22,6
7,6,22,7
7,7,22,6
7,8,22,7
7,9,22,6
7,10,20,5
7,11,18,4
7,12,18,3
7,13,16,4
7,14,18,4
7,15,16,3
7,16,16,2
7,17,12,1
7,18,10,1
7,19,10,1
7,20,12,1
7,21,10,1
7,22,12,1
7,23,10,1
7,24,10,1
7,25,16,4
7,26,20,4
7,27,16,2
7,28,12,2
7,29,14,2
7,30,0,0
7,31,0,0
7,32,0,0
7,33,0,0
7,34,0,0
7,35,0,0
7,36,0,0
7,37,0,0
7,38,0,0
7,39,0,0
7,40,0,0
7,41,0,0
7,42,0,0
8,1,16,4
8,2,20,5
8,3,22,6
8,4,24,7
8,5,37,8
8,6,41,8
8,7,26,6
8,8,22,6
8,9,20,5
8,10,20,4
8,11,16,4
8,12,18,5
8,13,33,6
8,14,35,5
8,15,33,5
8,16,20,4
8,17,24,8
8,18,26,8
8,19,26,9
8,20,41,8
8,21,45,11
8,22,45,9
8,23,39,5
8,24,22,4
8,25,18,3
8,26,18,5
8,27,35,6
8,28,24,6
8,29,22,5
8,30,20,6
8,31,22,7
8,32,22,6
8,33,22,6
8,34,20,6
8,35,22,6
8,36,22,6
8,37,26,8
8,38,30,9
8,39,28,6
8,40,22,6
8,41,20,4
8,42,18,5
8,43,20,5
8,44,22,6
8,45,35,6
8,46,37,4
8,47,33,3
8,48,29,3
8,49,20,3
8,50,18,4
8,51,18,4
8,52,18,3
8,53,0,1
8,54,0,0
8,55,0,0
8,56,0,0
8,57,0,0
9,1,16,4
9,2,20,6
9,3,24,7
9,4,26,8
9,5,26,8
9,6,24,7
9,7,24,8
9,8,39,9
9,9,41,10
9,10,43,10
9,11,43,11
9,12,45,11
9,13,45,10
9,14,73,12
9,15,57,13
9,16,48,15
9,17,50,16
9,18,63,17
9,19,69,18
9,20,67,19
9,21,71,20
9,22,75,23
9,23,77,23
9,24,95,24
9,25,85,22
9,26,81,21
9,27,68,20
9,28,68,20
9,29,81,21
9,30,85,22
9,31,87,24
9,32,89,26
9,33,91,26
9,34,91,27
9,35,93,28
9,36,113,29
10,1,16,4
10,2,18,5
10,3,20,6
10,4,24,7
10,5,24,8
10,6,26,9
10,7,28,8
10,8,26,8
10,9,39,9
10,10,43,8
10,11,37,7
10,12,37,6
10,13,24,5
10,14,20,5
10,15,22,7
10,16,41,9
10,17,47,12
10,18,47,11
10,19,49,12
10,20,34,10
10,21,30,10
10,22,45,12
10,23,49,14
10,24,53,16
10,25,73,16
10,26,48,12
10,27,40,10
10,28,38,8
10,29,32,6
10,30,0,8
10,31,0,8
10,32,0,7
10,33,0,7
10,34,0,5
11,1,14,3
11,2,14,3
11,3,16,4
11,4,18,5
11,5,20,6
11,6,20,5
11,7,18,4
11,8,16,3
11,9,16,3
11,10,18,5
11,11,18,5
11,12,18,5
11,13,20,6
11,14,20,6
11,15,24,8
11,16,24,7
11,17,22,7
11,18,26,8
11,19,24,7
11,20,22,7
11,21,22,7
11,22,22,7
11,23,37,8
11,24,37,8
11,25,37,7
11,26,24,7
11,27,24,7
11,28,24,7
11,29,24,7
11,30,22,5
11,31,20,4
11,32,18,3
11,33,14,2
11,34,14,2
11,35,0,1
12,1,16,4
12,2,20,6
12,3,20,6
12,4,22,7
12,5,22,6
12,6,22,6
12,7,22,7
12,8,24,8
12,9,26,9
12,10,28,9
12,11,26,9
12,12,28,10
12,13,54,11
12,14,40,11
12,15,40,12
12,16,42,13
12,17,44,13
12,18,48,15
12,19,61,16
12,20,65,17
12,21,65,16
12,22,63,16
12,23,54,15
12,24,52,15
12,25,50,16
12,26,103,17
12,27,60,18
12,28,79,21
12,29,85,23
12,30,87,25
12,31,91,27
12,32,111,28
13,1,14,3
13,2,14,3
13,3,14,3
13,4,14,2
13,5,14,3
13,6,16,4
13,7,18,5
13,8,18,4
13,9,18,4
13,10,16,3
13,11,16,4
13,12,18,5
13,13,18,4
13,14,16,3
13,15,16,4
13,16,18,5
13,17,20,5
13,18,20,5
13,19,20,6
13,20,20,5
13,21,18,4
13,22,18,4
13,23,18,4
13,24,16,3
13,25,16,3
13,26,18,5
13,27,18,4
13,28,16,3
13,29,14,3
13,30,14,3
13,31,14,3
13,32,14,2
13,33,0,0
13,34,0,0
13,35,0,0
13,36,0,0
13,37,0,0
13,38,0,0
13,39,0,0
13,40,0,0
13,41,0,0
13,42,0,0
13,43,0,0
13,44,0,0
13,45,0,0
13,46,0,0
14,1,14,3
14,2,16,4
14,3,16,4
14,4,18,4
14,5,16,3
14,6,16,4
14,7,16,4
14,8,18,4
14,9,18,5
14,10,20,5
14,11,18,5
14,12,18,4
14,13,16,3
14,14,14,3
14,15,16,4
14,16,18,5
14,17,18,3
14,18,14,3
14,19,14,2
14,20,12,2
14,21,12,2
14,22,12,2
14,23,14,3
14,24,16,4
14,25,16,4
14,26,16,3
14,27,14,2
14,28,12,1
14,29,10,1
14,30,12,1
14,31,10,1
14,32,0,0
14,33,0,0
14,34,0,0
14,35,0,0
14,36,0,0
14,37,0,0
14,38,0,0
14,39,0,0
15,1,16,4
15,2,20,6
15,3,22,6
15,4,22,6
15,5,20,4
15,6,20,6
15,7,24,6
15,8,22,5
15,9,20,3
15,10,16,2
15,11,14,2
15,12,12,1
15,13,10,1
15,14,10,1
15,15,12,2
15,16,16,3
15,17,14,1
15,18,10,1
15,19,12,2
15,20,18,5
15,21,22,5
15,22,20,3
15,23,18,3
15,24,14,2
15,25,12,1
15,26,10,1
15,27,12,2
15,28,18,4
15,29,18,4
15,30,18,3
15,31,16,3
15,32,16,2
15,33,12,1
15,34,10,1
15,35,14,3
15,36,16,3
15,37,16,2
15,38,14,2
15,39,14,2
15,40,16,2
15,41,12,2
15,42,12,1
15,43,12,1
15,44,0,0
15,45,0,0
15,46,0,0
15,47,0,0
15,48,0,0
15,49,0,0
15,50,0,0
15,51,0,0
15,52,0,0
16,1,16,4
16,2,20,6
16,3,22,7
16,4,24,8
16,5,24,8
16,6,26,9
16,7,26,7
16,8,22,5
16,9,18,5
16,10,18,5
16,11,18,4
16,12,20,6
16,13,22,7
16,14,26,8
16,15,26,7
16,16,22,6
16,17,20,4
16,18,0,2
16,19,0,2
16,20,0,2
16,21,0,2
16,22,0,1
16,23,0,1
16,24,0,0
16,25,0,0
16,26,0,0
16,27,0,0
16,28,0,0
16,29,0,0
16,30,0,0
16,31,0,0
16,32,0,0
16,33,0,0
16,34,0,0
16,35,0,0
16,36,0,0
16,37,0,0
16,38,0,0
16,39,0,0
16,40,0,0
16,41,0,0
16,42,0,0
16,43,0,0
16,44,0,0
16,45,0,0
17,1,14,3
17,2,16,4
17,3,18,5
17,4,20,4
17,5,18,4
17,6,16,3
17,7,16,4
17,8,20,6
17,9,22,7
17,10,37,8
17,11,37,8
17,12,37,8
17,13,37,8
17,14,37,8
17,15,37,8
17,16,37,8
17,17,37,7
17,18,22,6
17,19,20,6
17,20,22,6
17,21,35,6
17,22,35,6
17,23,35,6
17,24,35,4
17,25,16,4
17,26,20,5
17,27,18,5
17,28,18,4
17,29,31,5
17,30,35,7
17,31,39,7
17,32,24,7
17,33,22,6
17,34,22,5
17,35,18,5
17,36,20,6
17,37,20,5
17,38,18,4
17,39,18,3
17,40,16,3
17,41,16,2
17,42,18,5
17,43,20,6
17,44,35,7
17,45,43,9
17,46,26,5
17,47,20,6
17,48,20,5
17,49,18,5
17,50,18,4
17,51,16,4
17,52,16,3
17,53,16,3
17,54,0,1
17,55,0,0
17,56,0,0
17,57,0,0
17,58,0,0
17,59,0,0
18,1,16,4
18,2,20,6
18,3,24,8
18,4,26,8
18,5,24,8
18,6,24,6
18,7,22,7
18,8,39,8
18,9,39,8
18,10,39,6
18,11,22,6
18,12,20,4
18,13,16,3
18,14,18,5
18,15,22,6
18,16,20,4
18,17,16,3
18,18,14,2
18,19,12,1
18,20,12,1
18,21,10,1
18,22,12,2
18,23,16,4
18,24,18,4
18,25,18,3
18,26,14,1
18,27,12,1
18,28,12,2
18,29,16,4
18,30,18,3
18,31,0,2
18,32,0,2
18,33,0,1
18,34,0,1
18,35,0,0
18,36,0,0
18,37,0,0
18,38,0,0
18,39,0,0
18,40,0,0
18,41,0,0
19,1,16,4
19,2,20,6
19,3,24,7
19,4,24,7
19,5,24,7
19,6,22,7
19,7,24,5
19,8,18,3
19,9,18,5
19,10,22,5
19,11,22,6
19,12,20,6
19,13,22,5
19,14,35,4
19,15,16,3
19,16,0,1
19,17,0,0
19,18,0,0
19,19,0,0
19,20,0,0
19,21,0,0
19,22,0,0
19,23,0,0
19,24,0,0
19,25,0,0
19,26,0,0
19,27,0,0
19,28,0,0
19,29,0,0
19,30,0,0
20,1,14,3
20,2,14,3
20,3,14,3
20,4,16,4
20,5,16,4
20,6,18,5
20,7,20,5
20,8,18,4
20,9,16,4
20,10,16,4
20,11,18,4
20,12,18,5
20,13,18,5
20,14,18,3
20,15,14,2
20,16,0,0
20,17,0,0
20,18,0,0
20,19,0,0
20,20,0,0
20,21,0,0
20,22,0,0
20,23,0,0
20,24,0,0
20,25,0,0
20,26,0,0
20,27,0,0
21,1,14,3
21,2,16,4
21,3,18,4
21,4,18,4
21,5,18,4
21,6,16,4
21,7,18,5
21,8,18,5
21,9,18,5
21,10,18,5
21,11,22,7
21,12,24,8
21,13,24,8
21,14,24,7
21,15,37,6
21,16,22,7
21,17,24,8
21,18,26,8
21,19,24,8
21,20,26,8
21,21,26,7
21,22,24,8
21,23,34,9
21,24,38,11
21,25,38,10
21,26,38,10
21,27,40,12
21,28,42,12
21,29,40,11
21,30,40,11
21,31,38,10
21,32,38,11
21,33,38,10
21,34,38,9
21,35,34,8
21,36,24,5
21,37,20,4
21,38,18,4
21,39,16,2
21,40,0,1
22,1,14,3
22,2,16,3
22,3,14,2
22,4,12,2
22,5,14,3
22,6,16,4
22,7,20,6
22,8,24,8
22,9,24,8
22,10,24,8
22,11,24,8
22,12,24,8
22,13,24,8
22,14,24,8
22,15,24,8
22,16,24,8
22,17,24,7
22,18,24,8
22,19,26,9
22,20,26,9
22,21,26,9
22,22,26,9
22,23,26,9
22,24,28,10
22,25,28,10
22,26,28,10
22,27,28,9
22,28,26,9
22,29,26,9
22,30,26,8
22,31,24,7
22,32,22,7
22,33,22,6
22,34,0,5
22,35,0,5
22,36,0,3
22,37,0,3
22,38,0,3
22,39,0,3
22,40,0,3
22,41,0,4
22,42,0,4
22,43,0,3
22,44,0,3
22,45,0,2
22,46,0,2
22,47,0,2
22,48,0,1
23,1,16,4
23,2,20,6
23,3,20,5
23,4,18,5
23,5,22,6
23,6,20,5
23,7,18,4
23,8,18,5
23,9,22,6
23,10,37,6
23,11,35,4
23,12,18,3
23,13,16,4
23,14,20,5
23,15,18,4
23,16,16,2
23,17,14,3
23,18,14,2
23,19,0,0
23,20,0,0
23,21,0,0
23,22,0,0
23,23,0,0
23,24,0,0
23,25,0,0
23,26,0,0
23,27,0,0
24,1,16,4
24,2,22,6
24,3,24,8
24,4,24,7
24,5,22,6
24,6,22,6
24,7,24,7
24,8,22,7
24,9,24,7
24,10,22,7
24,11,22,7
24,12,22,6
24,13,22,6
24,14,22,7
24,15,22,6
24,16,22,7
24,17,24,6
24,18,22,7
24,19,22,7
24,20,24,7
24,21,24,8
24,22,24,7
24,23,37,6
24,24,35,6
24,25,37,6
24,26,37,5
24,27,22,5
24,28,20,6
24,29,20,5
24,30,20,4
24,31,31,4
24,32,29,3
24,33,27,3
24,34,31,3
24,35,18,5
24,36,20,5
24,37,20,5
24,38,18,5
24,39,20,5
24,40,20,5
24,41,20,5
24,42,18,5
24,43,18,2
24,44,14,2
24,45,12,1
24,46,10,1
24,47,10,1
24,48,10,1
24,49,12,2
24,50,18,3
24,51,14,2
24,52,12,1
24,53,10,1
24,54,10,1
24,55,12,2
24,56,12,1
24,57,10,1
24,58,12,2
24,59,16,1
24,60,0,0
25,1,16,4
25,2,20,6
25,3,22,6
25,4,22,5
25,5,20,5
25,6,35,7
25,7,41,9
25,8,41,8
25,9,43,7
25,10,24,8
25,11,26,7
25,12,24,7
25,13,24,7
25,14,39,8
25,15,43,11
25,16,47,11
25,17,45,9
25,18,41,9
25,19,30,7
25,20,24,7
25,21,22,5
25,22,18,5
25,23,18,5
25,24,22,7
25,25,22,7
25,26,24,7
25,27,24,7
25,28,26,9
25,29,45,11
25,30,47,8
25,31,37,7
25,32,24,8
25,33,24,7
25,34,24,7
25,35,26,8
25,36,41,10
25,37,75,11
25,38,44,11
25,39,42,11
25,40,55,13
25,41,59,14
25,42,61,15
25,43,65,17
25,44,63,16
25,45,63,16
25,46,61,15
25,47,46,12
25,48,44,13
25,49,44,14
25,50,46,13
25,51,44,12
25,52,44,14
25,53,63,16
25,54,67,16
25,55,65,17
25,56,65,16
25,57,50,14
25,58,65,18
25,59,73,21
25,60,77,24
25,61,99,26
25,62,113,27
26,1,16,4
26,2,18,5
26,3,24,8
26,4,24,7
26,5,24,7
26,6,24,7
26,7,24,7
26,8,22,7
26,9,24,7
26,10,24,7
26,11,22,6
26,12,20,5
26,13,20,5
26,14,20,6
26,15,22,7
26,16,39,8
26,17,26,7
26,18,24,7
26,19,26,7
26,20,24,5
26,21,20,4
26,22,22,5
26,23,35,5
26,24,18,3
26,25,16,3
26,26,18,4
26,27,18,4
26,28,16,3
26,29,16,3
26,30,29,2
26,31,14,3
26,32,16,3
26,33,16,4
26,34,22,6
26,35,22,5
26,36,18,3
26,37,18,4
26,38,33,5
26,39,37,8
26,40,41,7
26,41,37,5
26,42,20,5
26,43,20,5
26,44,35,5
26,45,35,6
26,46,22,5
26,47,39,7
26,48,26,6
26,49,22,4
26,50,18,3
26,51,0,0
26,52,0,0
26,53,0,0
26,54,0,0
26,55,0,0
27,1,16,4
27,2,20,6
27,3,24,7
27,4,26,8
27,5,39,9
27,6,41,10
27,7,43,10
27,8,41,10
27,9,43,11
27,10,45,12
27,11,49,12
27,12,36,14
27,13,38,15
27,14,38,13
27,15,36,12
27,16,47,13
27,17,49,12
27,18,51,15
27,19,57,16
27,20,75,18
27,21,89,19
27,22,77,18
27,23,67,19
27,24,67,19
27,25,69,20
27,26,73,22
27,27,79,24
27,28,79,24
27,29,81,25
27,30,81,25
27,31,89,24
27,32,87,25
27,33,87,25
27,34,87,25
27,35,89,26
27,36,91,27
27,37,93,28
27,38,113,29
28,1,16,4
28,2,20,6
28,3,24,7
28,4,22,7
28,5,22,7
28,6,26,8
28,7,41,10
28,8,45,11
28,9,45,11
28,10,45,10
28,11,28,8
28,12,24,8
28,13,26,9
28,14,26,8
28,15,39,9
28,16,47,13
28,17,53,16
28,18,53,15
28,19,53,15
28,20,51,14
28,21,40,15
28,22,42,16
28,23,59,17
28,24,68,16
28,25,52,17
28,26,52,15
28,27,48,15
28,28,46,14
28,29,48,16
28,30,67,19
28,31,67,19
28,32,69,20
28,33,73,21
28,34,73,21
28,35,99,23
28,36,85,24
28,37,89,25
28,38,89,26
28,39,111,27
29,1,16,4
29,2,18,5
29,3,22,7
29,4,26,9
29,5,41,8
29,6,41,10
29,7,43,9
29,8,39,8
29,9,24,7
29,10,24,7
29,11,26,9
29,12,49,12
29,13,36,13
29,14,36,13
29,15,51,15
29,16,55,16
29,17,55,14
29,18,38,12
29,19,36,11
29,20,45,11
29,21,47,11
29,22,47,13
29,23,53,15
29,24,55,14
29,25,58,14
29,26,46,13
29,27,46,15
29,28,52,18
29,29,52,18
29,30,67,19
29,31,71,20
29,32,71,18
29,33,69,20
29,34,73,22
29,35,75,23
29,36,89,25
29,37,89,24
29,38,87,23
29,39,85,21
29,40,81,21
29,41,83,23
29,42,85,23
29,43,117,26
30,1,16,4
30,2,20,6
30,3,22,6
30,4,22,7
30,5,37,7
30,6,41,10
30,7,41,8
30,8,39,7
30,9,26,8
30,10,26,8
30,11,26,8
30,12,26,8
30,13,26,6
30,14,20,5
30,15,22,7
30,16,39,9
30,17,45,11
30,18,49,11
30,19,45,10
30,20,30,7
30,21,24,8
30,22,26,9
30,23,30,9
30,24,63,9
30,25,51,9
30,26,43,9
30,27,28,8
30,28,26,5
30,29,20,4
30,30,16,2
30,31,14,1
30,32,0,0
31,1,16,4
31,2,22,7
31,3,24,6
31,4,20,5
31,5,22,7
31,6,39,8
31,7,39,8
31,8,39,8
31,9,41,10
31,10,43,10
31,11,43,10
31,12,43,10
31,13,43,10
31,14,43,11
31,15,47,13
31,16,49,13
31,17,49,11
31,18,73,13
31,19,57,13
31,20,59,15
31,21,63,16
31,22,67,19
31,23,95,21
31,24,85,23
31,25,83,22
31,26,85,24
31,27,89,25
31,28,87,25
31,29,89,26
31,30,93,28
31,31,113,29
32,1,14,3
32,2,14,3
32,3,16,4
32,4,18,5
32,5,18,4
32,6,16,4
32,7,18,5
32,8,20,6
32,9,24,8
32,10,26,9
32,11,26,9
32,12,26,9
32,13,26,9
32,14,26,9
32,15,26,9
32,16,26,8
32,17,24,7
32,18,22,6
32,19,22,6
32,20,20,6
32,21,22,7
32,22,22,7
32,23,22,7
32,24,22,7
32,25,22,7
32,26,22,7
32,27,22,6
32,28,20,5
32,29,18,4
32,30,0,3
32,31,0,2
32,32,0,2
32,33,0,2
32,34,0,2
32,35,0,1
32,36,0,1
32,37,0,0
32,38,0,0
32,39,0,0
32,40,0,0
32,41,0,0
32,42,0,0
32,43,0,0
32,44,0,0
32,45,0,0
32,46,0,0
32,47,0,0
32,48,0,0
32,49,0,0
32,50,0,0
32,51,0,0
32,52,0,0
32,53,0,0
33,1,14,3
33,2,16,4
33,3,16,3
33,4,18,5
33,5,20,5
33,6,18,5
33,7,20,5
33,8,20,6
33,9,22,6
33,10,35,6
33,11,35,6
33,12,35,5
33,13,18,5
33,14,20,6
33,15,20,6
33,16,20,6
33,17,20,6
33,18,37,8
33,19,39,8
33,20,41,8
33,21,41,10
33,22,47,12
33,23,49,13
33,24,67,14
33,25,59,13
33,26,42,11
33,27,38,10
33,28,40,11
33,29,38,11
33,30,40,12
33,31,42,12
33,32,44,13
33,33,42,13
33,34,61,16
33,35,65,16
33,36,61,14
33,37,57,12
33,38,57,12
33,39,57,14
33,40,61,14
33,41,59,12
33,42,40,10
33,43,38,11
33,44,42,13
33,45,46,15
33,46,65,18
33,47,97,19
33,48,79,21
33,49,81,22
33,50,81,22
33,51,81,22
33,52,83,23
33,53,85,24
33,54,111,26
34,1,16,4
34,2,20,6
34,3,24,8
34,4,26,9
34,5,28,9
34,6,41,9
34,7,43,11
34,8,49,12
34,9,47,10
34,10,30,10
34,11,43,11
34,12,45,11
34,13,45,12
34,14,45,12
34,15,45,11
34,16,43,11
34,17,45,11
34,18,43,11
34,19,43,10
34,20,28,10
34,21,43,11
34,22,45,11
34,23,32,11
34,24,30,9
34,25,26,9
34,26,43,11
34,27,49,13
34,28,51,13
34,29,51,13
34,30,40,14
34,31,51,15
34,32,55,16
34,33,57,15
34,34,53,15
34,35,55,17
34,36,57,17
34,37,59,17
34,38,57,16
34,39,57,15
34,40,81,16
34,41,48,14
34,42,46,14
34,43,61,15
34,44,61,16
34,45,67,19
34,46,71,21
34,47,71,21
34,48,73,22
34,49,75,23
34,50,101,26
34,51,113,27
35,1,16,4
35,2,18,4
35,3,18,4
35,4,22,6
35,5,22,6
35,6,20,5
35,7,35,5
35,8,22,6
35,9,22,7
35,10,22,7
35,11,22,5
35,12,20,6
35,13,20,4
35,14,18,4
35,15,0,3
35,16,0,2
35,17,0,1
35,18,0,0
35,19,0,0
35,20,0,0
35,21,0,0
35,22,0,0
35,23,0,0
35,24,0,0
35,25,0,0
36,1,16,4
36,2,20,6
36,3,22,7
36,4,24,8
36,5,24,7
36,6,22,6
36,7,20,6
36,8,20,6
36,9,22,7
36,10,26,8
36,11,24,6
36,12,20,4
36,13,18,5
36,14,22,7
36,15,39,8
36,16,39,7
36,17,35,7
36,18,35,6
36,19,22,6
36,20,20,6
36,21,24,7
36,22,24,8
36,23,28,9
36,24,41,9
36,25,39,7
36,26,39,8
36,27,41,8
36,28,37,6
36,29,20,3
36,30,16,3
36,31,0,2
36,32,0,1
36,33,0,1
36,34,0,0
36,35,0,0
36,36,0,0
36,37,0,0
36,38,0,0
36,39,0,0
36,40,0,0
36,41,0,0
36,42,0,0
36,43,0,0
36,44,0,0
36,45,0,0
36,46,0,0
36,47,0,0
36,48,0,0
36,49,0,0
36,50,0,0
36,51,0,0
36,52,0,0
36,53,0,0
36,54,0,0
36,55,0,0
36,56,0,0
36,57,0,0
36,58,0,0
37,1,16,4
37,2,20,6
37,3,24,7
37,4,24,8
37,5,28,10
37,6,43,10
37,7,43,9
37,8,28,8
37,9,26,9
37,10,26,8
37,11,24,8
37,12,26,7
37,13,22,6
37,14,22,7
37,15,26,9
37,16,41,8
37,17,41,9
37,18,43,9
37,19,41,9
37,20,41,7
37,21,24,7
37,22,24,7
37,23,24,7
37,24,24,7
37,25,22,7
37,26,24,7
37,27,24,7
37,28,24,7
37,29,24,7
37,30,24,4
37,31,20,4
37,32,18,4
37,33,22,5
37,34,22,6
37,35,20,3
37,36,14,2
37,37,0,1
38,1,16,4
38,2,18,5
38,3,24,8
38,4,28,8
38,5,24,6
38,6,37,8
38,7,43,11
38,8,47,12
38,9,47,13
38,10,51,12
38,11,34,9
38,12,32,11
38,13,49,13
38,14,49,14
38,15,55,16
38,16,55,17
38,17,57,17
38,18,79,20
38,19,71,20
38,20,73,22
38,21,75,22
38,22,77,22
38,23,75,21
38,24,75,22
38,25,79,24
38,26,91,26
38,27,115,28
39,1,16,4
39,2,22,6
39,3,22,7
39,4,26,8
39,5,39,9
39,6,43,11
39,7,45,10
39,8,28,8
39,9,26,8
39,10,28,10
39,11,28,9
39,12,41,9
39,13,47,12
39,14,49,12
39,15,47,11
39,16,45,12
39,17,47,13
39,18,51,15
39,19,55,14
39,20,73,15
39,21,61,15
39,22,48,15
39,23,54,18
39,24,69,20
39,25,95,24
39,26,87,24
39,27,93,28
39,28,113,29
40,1,16,4
40,2,20,6
40,3,24,8
40,4,24,7
40,5,24,7
40,6,22,7
40,7,24,8
40,8,24,8
40,9,24,8
40,10,24,7
40,11,24,7
40,12,22,5
40,13,18,3
40,14,0,2
40,15,0,2
40,16,0,2
40,17,0,0
40,18,0,0
40,19,0,0
40,20,0,0
40,21,0,0
40,22,0,0
40,23,0,0
40,24,0,0
40,25,0,0
40,26,0,0
40,27,0,0
40,28,0,0
40,29,0,0
40,30,0,0
40,31,0,0
40,32,0,0
40,33,0,0
40,34,0,0
40,35,0,0
40,36,0,0
40,37,0,0
40,38,0,0
40,39,0,0
40,40,0,0
40,41,0,0
40,42,0,0
40,43,0,0
40,44,0,0
40,45,0,0
41,1,18,5
41,2,22,6
41,3,20,5
41,4,20,6
41,5,22,6
41,6,22,6
41,7,24,8
41,8,26,8
41,9,24,8
41,10,26,9
41,11,26,9
41,12,28,9
41,13,26,7
41,14,22,6
41,15,22,7
41,16,22,6
41,17,22,7
41,18,22,6
41,19,22,6
41,20,20,6
41,21,22,7
41,22,26,8
41,23,26,8
41,24,24,7
41,25,39,8
41,26,43,11
41,27,47,11
41,28,47,11
41,29,30,8
41,30,28,9
41,31,28,9
41,32,45,11
41,33,47,11
41,34,43,9
41,35,28,8
41,36,26,7
41,37,22,6
41,38,22,5
41,39,22,5
41,40,18,3
41,41,16,2
41,42,0,0
42,1,16,4
42,2,20,6
42,3,20,5
42,4,18,5
42,5,18,5
42,6,22,7
42,7,24,8
42,8,24,8
42,9,24,7
42,10,24,7
42,11,24,8
42,12,26,9
42,13,30,10
42,14,28,7
42,15,24,7
42,16,24,7
42,17,24,6
42,18,20,4
42,19,16,3
42,20,18,4
42,21,16,1
42,22,12,2
42,23,12,1
42,24,10,1
42,25,12,2
42,26,14,3
42,27,16,3
42,28,16,3
42,29,16,3
42,30,16,3
42,31,14,1
42,32,12,1
42,33,0,0
42,34,0,0
42,35,0,0
42,36,0,0
42,37,0,0
42,38,0,0
42,39,0,0
42,40,0,0
42,41,0,0
42,42,0,0
42,43,0,0
42,44,0,0
42,45,0,0
42,46,0,0
42,47,0,0
42,48,0,0
42,49,0,0
42,50,0,0
42,51,0,0
42,52,0,0
42,53,0,0
42,54,0,0
42,55,0,0
42,56,0,0
42,57,0,0
42,58,0,0
42,59,0,0
42,60,0,0
42,61,0,0
43,1,14,3
43,2,18,4
43,3,20,6
43,4,20,5
43,5,22,7
43,6,26,8
43,7,26,7
43,8,24,7
43,9,26,7
43,10,24,6
43,11,37,8
43,12,43,11
43,13,47,11
43,14,32,8
43,15,26,6
43,16,24,7
43,17,39,7
43,18,39,7
43,19,37,7
43,20,35,4
43,21,18,3
43,22,16,3
43,23,18,3
43,24,0,1
43,25,0,0
43,26,0,0
43,27,0,0
43,28,0,0
43,29,0,0
44,1,16,4
44,2,20,6
44,3,24,8
44,4,26,8
44,5,24,8
44,6,24,8
44,7,26,8
44,8,26,8
44,9,24,7
44,10,22,5
44,11,18,4
44,12,22,6
44,13,39,9
44,14,45,12
44,15,51,13
44,16,51,11
44,17,32,11
44,18,36,13
44,19,69,13
44,20,61,14
44,21,63,15
44,22,63,15
44,23,52,16
44,24,65,17
44,25,67,17
44,26,69,20
44,27,75,23
44,28,77,24
44,29,107,27
44,30,111,28
45,1,18,5
45,2,22,7
45,3,26,9
45,4,26,9
45,5,28,9
45,6,26,8
45,7,39,8
45,8,41,10
45,9,45,12
45,10,47,12
45,11,47,10
45,12,28,9
45,13,26,8
45,14,26,8
45,15,24,8
45,16,45,11
45,17,49,13
45,18,55,15
45,19,55,14
45,20,56,13
45,21,44,13
45,22,44,12
45,23,42,11
45,24,55,12
45,25,59,14
45,26,61,14
45,27,0,12
45,28,0,11
45,29,0,8
45,30,0,8
45,31,0,5
45,32,0,4
46,1,14,3
46,2,14,3
46,3,14,3
46,4,16,4
46,5,18,5
46,6,20,6
46,7,22,7
46,8,22,5
46,9,20,5
46,10,20,6
46,11,20,6
46,12,22,6
46,13,20,5
46,14,18,5
46,15,18,5
46,16,20,6
46,17,37,7
46,18,39,8
46,19,41,9
46,20,26,7
46,21,24,7
46,22,24,8
46,23,26,8
46,24,24,8
46,25,24,7
46,26,24,8
46,27,26,8
46,28,24,7
46,29,22,6
46,30,20,3
46,31,16,2
46,32,14,3
46,33,16,4
46,34,18,5
46,35,18,5
46,36,20,6
46,37,20,5
46,38,20,5
46,39,20,4
46,40,16,4
46,41,16,2
46,42,12,2
46,43,12,1
46,44,12,2
46,45,14,3
46,46,14,3
46,47,14,2
46,48,0,0
47,1,16,4
47,2,20,6
47,3,20,6
47,4,22,7
47,5,26,6
47,6,20,4
47,7,18,4
47,8,35,7
47,9,41,10
47,10,45,10
47,11,43,8
47,12,24,5
47,13,20,5
47,14,20,6
47,15,24,8
47,16,24,8
47,17,39,9
47,18,45,12
47,19,47,12
47,20,47,10
47,21,32,11
47,22,34,10
47,23,30,10
47,24,36,11
47,25,47,12
47,26,51,15
47,27,79,16
47,28,65,15
47,29,46,13
47,30,44,13
47,31,46,11
47,32,55,10
47,33,53,9
47,34,49,7
47,35,38,7
47,36,38,10
47,37,42,12
47,38,59,14
47,39,63,16
47,40,61,13
47,41,57,11
47,42,38,6
47,43,30,6
47,44,34,6
47,45,32,6
47,46,32,5
47,47,34,8
47,48,36,8
47,49,39,5
47,50,20,4
47,51,20,4
47,52,16,2
47,53,12,1
47,54,12,1
47,55,0,0
48,1,14,3
48,2,14,3
48,3,16,4
48,4,16,4
48,5,18,5
48,6,20,6
48,7,20,5
48,8,18,4
48,9,18,4
48,10,0,3
48,11,0,3
48,12,0,2
48,13,0,1
48,14,0,0
48,15,0,0
48,16,0,0
48,17,0,0
48,18,0,0
48,19,0,0
48,20,0,0
48,21,0,0
48,22,0,0
48,23,0,0
48,24,0,0
48,25,0,0
48,26,0,0
48,27,0,0
48,28,0,0
48,29,0,0
48,30,0,0
48,31,0,0
48,32,0,0
48,33,0,0
48,34,0,0
48,35,0,0
48,36,0,0
48,37,0,0
48,38,0,0
48,39,0,0
48,40,0,0
48,41,0,0
49,1,16,4
49,2,22,6
49,3,20,6
49,4,22,7
49,5,24,7
49,6,22,6
49,7,22,7
49,8,22,6
49,9,22,6
49,10,24,7
49,11,24,6
49,12,22,6
49,13,22,6
49,14,22,6
49,15,20,5
49,16,22,6
49,17,22,6
49,18,37,7
49,19,39,9
49,20,43,8
49,21,26,7
49,22,24,7
49,23,26,8
49,24,26,9
49,25,43,10
49,26,45,12
49,27,49,13
49,28,51,13
49,29,49,11
49,30,30,9
49,31,30,11
49,32,32,11
49,33,71,11
49,34,59,14
49,35,59,13
49,36,61,12
49,37,48,12
49,38,42,12
49,39,42,11
49,40,55,11
49,41,55,10
49,42,45,10
49,43,41,9
49,44,41,9
49,45,30,9
49,46,30,7
49,47,22,5
49,48,18,3
49,49,14,1
49,50,0,0
50,1,16,4
50,2,22,7
50,3,26,8
50,4,26,8
50,5,41,9
50,6,45,11
50,7,32,8
50,8,26,5
50,9,20,6
50,10,37,7
50,11,22,6
50,12,20,5
50,13,20,6
50,14,24,8
50,15,28,10
50,16,45,11
50,17,47,10
50,18,43,9
50,19,26,5
50,20,20,4
50,21,18,4
50,22,0,3
50,23,0,2
50,24,0,0
50,25,0,0
50,26,0,0
51,1,12,2
51,2,12,2
51,3,14,2
51,4,14,3
51,5,14,3
51,6,16,4
51,7,18,4
51,8,16,3
51,9,16,4
51,10,18,5
51,11,20,5
51,12,18,4
51,13,16,4
51,14,16,4
51,15,18,5
51,16,20,6
51,17,20,5
51,18,18,4
51,19,16,4
51,20,18,5
51,21,20,5
51,22,18,3
51,23,16,3
51,24,16,4
51,25,18,5
51,26,20,5
51,27,18,4
51,28,18,4
51,29,16,4
51,30,18,4
51,31,18,4
51,32,16,3
51,33,18,4
51,34,0,1
51,35,0,1
51,36,0,2
51,37,0,2
51,38,0,1
51,39,0,0
51,40,0,0
51,41,0,0
51,42,0,0
51,43,0,0
51,44,0,0
51,45,0,0
51,46,0,0
51,47,0,0
52,1,14,3
52,2,16,4
52,3,16,3
52,4,20,6
52,5,24,8
52,6,24,7
52,7,22,7
52,8,22,7
52,9,22,7
52,10,24,8
52,11,26,9
52,12,28,10
52,13,32,12
52,14,32,9
52,15,26,9
52,16,30,10
52,17,28,7
52,18,22,6
52,19,20,4
52,20,16,3
52,21,14,3
52,22,14,2
52,23,16,3
52,24,14,3
52,25,14,3
52,26,16,4
52,27,18,5
52,28,20,6
52,29,22,6
52,30,20,6
52,31,20,6
52,32,22,7
52,33,26,9
52,34,26,9
52,35,26,8
52,36,24,7
52,37,22,6
52,38,22,6
52,39,22,6
52,40,20,5
52,41,20,5
52,42,22,6
52,43,22,7
52,44,26,8
52,45,24,8
52,46,26,9
52,47,26,9
52,48,26,8
52,49,24,7
52,50,24,8
52,51,26,9
52,52,28,10
52,53,30,10
52,54,28,10
52,55,28,10
52,56,28,9
52,57,41,10
52,58,45,12
52,59,47,11
52,60,47,12
52,61,47,12
52,62,47,11
52,63,45,11
52,64,43,9
52,65,28,10
52,66,34,10
52,67,28,8
52,68,24,6
52,69,20,3
52,70,0,2
53,1,14,3
53,2,14,3
53,3,14,3
53,4,14,3
53,5,16,3
53,6,14,3
53,7,14,2
53,8,14,3
53,9,16,3
53,10,16,4
53,11,31,4
53,12,18,4
53,13,16,3
53,14,16,3
53,15,16,4
53,16,31,5
53,17,33,5
53,18,18,4
53,19,16,3
53,20,16,4
53,21,18,4
53,22,16,4
53,23,16,4
53,24,16,4
53,25,16,4
53,26,16,4
53,27,16,3
53,28,16,3
53,29,16,3
53,30,14,2
53,31,14,2
53,32,12,1
53,33,10,1
53,34,10,1
53,35,12,2
53,36,12,2
53,37,14,2
53,38,12,1
53,39,0,0
53,40,0,0
53,41,0,0
53,42,0,0
53,43,0,0
53,44,0,0
53,45,0,0
53,46,0,0
53,47,0,0
53,48,0,0
53,49,0,0
53,50,0,0
53,51,0,0
53,52,0,0
54,1,16,4
54,2,20,6
54,3,24,8
54,4,26,8
54,5,24,8
54,6,24,8
54,7,24,8
54,8,26,9
54,9,26,8
54,10,24,8
54,11,26,9
54,12,26,9
54,13,28,9
54,14,26,9
54,15,41,9
54,16,45,10
54,17,45,11
54,18,43,9
54,19,41,9
54,20,41,10
54,21,41,9
54,22,26,8
54,23,24,8
54,24,24,8
54,25,24,8
54,26,24,8
54,27,24,8
54,28,26,9
54,29,28,10
54,30,28,9
54,31,26,8
54,32,24,7
54,33,0,5
54,34,0,5
54,35,0,6
54,36,0,5
54,37,0,5
54,38,0,5
54,39,0,3
54,40,0,3
54,41,0,3
54,42,0,2
54,43,0,2
54,44,0,2
54,45,0,2
54,46,0,0
54,47,0,0
54,48,0,0
54,49,0,0
54,50,0,0
54,51,0,0
54,52,0,0
54,53,0,0
54,54,0,0
54,55,0,0
54,56,0,0
54,57,0,0
54,58,0,0
54,59,0,0
54,60,0,0
54,61,0,0
54,62,0,0
54,63,0,0
54,64,0,0
54,65,0,0
54,66,0,0
54,67,0,0
54,68,0,0
54,69,0,0
54,70,0,0
54,71,0,0
54,72,0,0
54,73,0,0
54,74,0,0
54,75,0,0
54,76,0,0
54,77,0,0
54,78,0,0
54,79,0,0
54,80,0,0
54,81,0,0
54,82,0,0
54,83,0,0
54,84,0,0
54,85,0,0
54,86,0,0
54,87,0,0
54,88,0,0
54,89,0,0
54,90,0,0
54,91,0,0
54,92,0,0
54,93,0,0
54,94,0,0
54,95,0,0
54,96,0,0
54,97,0,0
54,98,0,0
54,99,0,0
54,100,0,0
54,101,0,0
54,102,0,0
55,1,14,3
55,2,16,4
55,3,18,5
55,4,20,6
55,5,22,7
55,6,22,7
55,7,24,8
55,8,24,8
55,9,24,6
55,10,22,6
55,11,20,6
55,12,20,5
55,13,20,6
55,14,20,6
55,15,35,7
55,16,37,8
55,17,41,7
55,18,37,7
55,19,35,5
55,20,20,5
55,21,20,5
55,22,20,5
55,23,20,4
55,24,18,4
55,25,20,6
55,26,20,5
55,27,18,4
55,28,33,6
55,29,33,6
55,30,35,6
55,31,33,5
55,32,33,6
55,33,33,5
55,34,33,5
55,35,18,4
55,36,18,4
55,37,16,3
55,38,16,3
55,39,16,4
55,40,18,5
55,41,18,5
55,42,18,5
55,43,20,6
55,44,24,8
55,45,39,9
55,46,39,9
55,47,41,10
55,48,43,11
55,49,43,11
55,50,43,10
55,51,43,9
55,52,26,8
55,53,24,7
55,54,24,7
55,55,37,8
55,56,41,8
55,57,41,8
55,58,37,6
55,59,33,2
55,60,12,2
55,61,14,2
55,62,14,3
55,63,18,3
55,64,14,2
55,65,12,1
55,66,0,0
56,1,16,4
56,2,20,6
56,3,22,7
56,4,22,6
56,5,22,7
56,6,24,8
56,7,24,8
56,8,24,7
56,9,24,7
56,10,24,8
56,11,26,7
56,12,22,6
56,13,22,7
56,14,24,8
56,15,26,9
56,16,26,8
56,17,26,8
56,18,26,7
56,19,37,7
56,20,39,8
56,21,41,9
56,22,45,9
56,23,30,9
56,24,30,7
56,25,24,7
56,26,24,7
56,27,26,9
56,28,41,8
56,29,43,8
56,30,39,8
56,31,37,6
56,32,22,5
56,33,20,4
56,34,20,4
56,35,20,3
56,36,14,2
56,37,14,1
56,38,10,1
56,39,12,1
56,40,0,0
56,41,0,0
57,1,14,3
57,2,16,4
57,3,16,3
57,4,14,2
57,5,16,4
57,6,22,6
57,7,20,5
57,8,18,5
57,9,20,6
57,10,20,6
57,11,22,6
57,12,20,6
57,13,35,5
57,14,20,6
57,15,22,5
57,16,18,3
57,17,20,6
57,18,28,9
57,19,26,8
57,20,24,7
57,21,24,8
57,22,39,9
57,23,41,8
57,24,41,9
57,25,26,8
57,26,26,8
57,27,26,9
57,28,30,11
57,29,32,10
57,30,43,9
57,31,41,8
57,32,39,6
57,33,22,4
57,34,20,6
57,35,24,6
57,36,22,5
57,37,18,4
57,38,18,3
57,39,16,3
57,40,16,4
57,41,18,4
57,42,16,2
57,43,0,0
57,44,0,0
57,45,0,0
57,46,0,0
57,47,0,0
57,48,0,0
57,49,0,0
57,50,0,0
57,51,0,0
57,52,0,0
57,53,0,0
57,54,0,0
57,55,0,0
57,56,0,0
58,1,12,2
58,2,14,3
58,3,16,4
58,4,18,5
58,5,20,5
58,6,18,5
58,7,18,5
58,8,18,5
58,9,20,6
58,10,22,6
58,11,20,5
58,12,18,5
58,13,20,6
58,14,22,6
58,15,20,5
58,16,20,6
58,17,20,5
58,18,18,5
58,19,18,5
58,20,20,6
58,21,20,6
58,22,22,7
58,23,22,6
58,24,20,6
58,25,22,7
58,26,24,8
58,27,28,9
58,28,26,8
58,29,24,8
58,30,39,9
58,31,45,10
58,32,45,11
58,33,43,9
58,34,45,12
58,35,47,13
58,36,49,13
58,37,49,14
58,38,49,12
58,39,45,11
58,40,45,11
58,41,43,9
58,42,26,9
58,43,28,10
58,44,28,10
58,45,28,9
58,46,26,7
58,47,22,7
58,48,22,6
58,49,20,5
58,50,0,2
58,51,0,2
58,52,0,2
58,53,0,1
58,54,0,1
58,55,0,1
58,56,0,0
58,57,0,0
58,58,0,0
58,59,0,0
58,60,0,0
59,1,16,4
59,2,22,7
59,3,26,8
59,4,39,8
59,5,41,8
59,6,26,7
59,7,24,5
59,8,22,6
59,9,39,8
59,10,47,10
59,11,41,6
59,12,22,7
59,13,24,8
59,14,28,8
59,15,24,6
59,16,22,7
59,17,24,7
59,18,26,7
59,19,41,9
59,20,28,9
59,21,28,9
59,22,28,10
59,23,30,10
59,24,47,10
59,25,28,8
59,26,24,6
59,27,22,5
59,28,18,4
59,29,16,3
59,30,14,1
59,31,0,0
59,32,0,0
59,33,0,0
60,1,14,3
60,2,14,3
60,3,14,2
60,4,14,3
60,5,16,4
60,6,16,4
60,7,16,4
60,8,16,3
60,9,16,4
60,10,20,5
60,11,20,5
60,12,20,5
60,13,18,5
60,14,18,4
60,15,16,3
60,16,14,3
60,17,14,3
60,18,14,3
60,19,16,4
60,20,16,4
60,21,16,4
60,22,16,4
60,23,16,4
60,24,16,4
60,25,16,3
60,26,14,3
60,27,16,4
60,28,18,5
60,29,20,6
60,30,22,7
60,31,26,9
60,32,26,9
60,33,28,10
60,34,43,10
60,35,41,8
60,36,37,8
60,37,39,8
60,38,24,8
60,39,26,8
60,40,26,9
60,41,26,8
60,42,26,7
60,43,24,8
60,44,43,9
60,45,36,10
60,46,36,10
60,47,36,8
60,48,34,7
60,49,30,6
60,50,0,3
60,51,0,2
60,52,0,1
60,53,0,0
61,1,16,4
61,2,20,6
61,3,20,5
61,4,22,7
61,5,24,8
61,6,24,7
61,7,22,5
61,8,18,5
61,9,18,4
61,10,18,5
61,11,18,5
61,12,33,5
61,13,33,4
61,14,18,4
61,15,20,5
61,16,20,5
61,17,33,6
61,18,37,4
61,19,16,1
61,20,10,1
61,21,12,2
61,22,16,4
61,23,18,4
61,24,18,5
61,25,20,5
61,26,18,4
61,27,18,3
61,28,16,3
61,29,16,1
61,30,0,0
61,31,0,0
61,32,0,0
61,33,0,0
61,34,0,0
61,35,0,0
61,36,0,0
61,37,0,0
61,38,0,0
61,39,0,0
61,40,0,0
61,41,0,0
61,42,0,0
61,43,0,0
61,44,0,0
61,45,0,0
61,46,0,0
62,1,16,4
62,2,20,6
62,3,26,9
62,4,28,9
62,5,26,9
62,6,28,7
62,7,26,7
62,8,24,7
62,9,39,9
62,10,43,11
62,11,49,11
62,12,45,10
62,13,30,8
62,14,26,9
62,15,28,9
62,16,43,10
62,17,47,13
62,18,53,13
62,19,49,10
62,20,28,7
62,21,22,6
62,22,24,8
62,23,28,10
62,24,43,9
62,25,41,7
62,26,22,6
62,27,22,5
62,28,18,4
62,29,20,5
62,30,20,5
62,31,37,7
62,32,26,8
62,33,26,8
62,34,26,7
62,35,22,5
62,36,18,5
62,37,18,4
62,38,18,3
62,39,0,2
63,1,16,4
63,2,18,5
63,3,22,6
63,4,22,6
63,5,22,7
63,6,26,8
63,7,24,7
63,8,24,8
63,9,24,7
63,10,24,7
63,11,24,8
63,12,24,7
63,13,37,8
63,14,43,11
63,15,45,7
63,16,22,5
63,17,20,5
63,18,22,7
63,19,37,8
63,20,47,11
63,21,47,10
63,22,28,6
63,23,20,5
63,24,24,8
63,25,30,11
63,26,51,15
63,27,59,18
63,28,79,18
63,29,54,14
63,30,63,15
63,31,61,16
63,32,67,18
63,33,71,20
63,34,95,21
63,35,81,22
63,36,87,23
63,37,87,25
63,38,89,26
63,39,113,27
64,1,14,3
64,2,14,3
64,3,16,4
64,4,20,6
64,5,20,6
64,6,20,6
64,7,20,6
64,8,20,6
64,9,20,5
64,10,20,6
64,11,20,6
64,12,20,6
64,13,20,6
64,14,20,5
64,15,20,6
64,16,22,7
64,17,22,6
64,18,22,7
64,19,22,6
64,20,22,7
64,21,24,7
64,22,24,7
64,23,52,7
64,24,32,6
64,25,30,6
64,26,30,7
64,27,34,8
64,28,34,7
64,29,30,5
64,30,28,4
64,31,26,3
64,32,0,2
64,33,0,2
64,34,0,1
65,1,16,4
65,2,22,7
65,3,26,9
65,4,28,9
65,5,26,8
65,6,24,7
65,7,22,7
65,8,24,7
65,9,24,7
65,10,24,8
65,11,30,10
65,12,30,10
65,13,30,10
65,14,28,10
65,15,28,10
65,16,28,10
65,17,28,10
65,18,28,10
65,19,30,10
65,20,43,9
65,21,45,12
65,22,47,13
65,23,51,12
65,24,47,12
65,25,49,13
65,26,51,12
65,27,42,12
65,28,44,13
65,29,46,13
65,30,57,13
65,31,59,15
65,32,67,18
65,33,71,20
65,34,75,21
65,35,71,21
65,36,75,22
65,37,97,24
65,38,113,26
66,1,16,4
66,2,22,6
66,3,20,6
66,4,24,7
66,5,39,7
66,6,22,6
66,7,22,7
66,8,26,8
66,9,24,7
66,10,24,8
66,11,28,9
66,12,28,8
66,13,26,7
66,14,24,6
66,15,37,8
66,16,45,9
66,17,26,8
66,18,43,8
66,19,26,9
66,20,30,10
66,21,30,10
66,22,43,8
66,23,24,6
66,24,22,5
66,25,18,3
66,26,14,1
66,27,0,0
66,28,0,0
66,29,0,0
66,30,0,0
66,31,0,0
66,32,0,0
66,33,0,0
66,34,0,0
66,35,0,0
67,1,16,4
67,2,20,6
67,3,22,7
67,4,24,8
67,5,24,7
67,6,22,6
67,7,37,7
67,8,41,10
67,9,45,11
67,10,45,10
67,11,28,5
67,12,18,3
67,13,16,4
67,14,20,6
67,15,37,8
67,16,43,10
67,17,45,8
67,18,37,6
67,19,22,7
67,20,26,8
67,21,24,6
67,22,22,6
67,23,26,8
67,24,28,8
67,25,39,8
67,26,43,11
67,27,45,11
67,28,43,8
67,29,28,8
67,30,26,7
67,31,37,8
67,32,39,9
67,33,43,9
67,34,39,7
67,35,24,5
67,36,20,6
67,37,22,6
67,38,22,6
67,39,35,6
67,40,39,7
67,41,35,4
67,42,35,5
67,43,22,5
67,44,20,5
67,45,18,4
67,46,16,3
67,47,0,1
67,48,0,2
68,1,16,4
68,2,18,5
68,3,20,6
68,4,24,8
68,5,28,9
68,6,41,10
68,7,45,11
68,8,47,13
68,9,49,13
68,10,47,12
68,11,34,9
68,12,28,9
68,13,54,11
68,14,57,14
68,15,65,18
68,16,71,21
68,17,71,19
68,18,67,19
68,19,69,20
68,20,73,22
68,21,75,22
68,22,97,25
68,23,113,26
69,1,12,2
69,2,14,3
69,3,14,3
69,4,16,4
69,5,16,4
69,6,18,5
69,7,18,5
69,8,18,5
69,9,18,5
69,10,18,5
69,11,18,4
69,12,16,3
69,13,14,2
69,14,12,2
69,15,16,4
69,16,18,5
69,17,24,8
69,18,24,7
69,19,22,7
69,20,24,8
69,21,39,9
69,22,43,11
69,23,45,11
69,24,43,10
69,25,43,10
69,26,45,12
69,27,47,13
69,28,75,15
69,29,61,16
69,30,91,18
69,31,75,18
69,32,75,19
69,33,75,19
69,34,83,22
69,35,83,22
69,36,83,23
69,37,87,25
69,38,87,25
69,39,93,28
69,40,113,29
70,1,14,3
70,2,20,6
70,3,22,6
70,4,22,7
70,5,24,7
70,6,22,6
70,7,22,6
70,8,20,5
70,9,18,4
70,10,16,3
70,11,14,2
70,12,12,1
70,13,12,2
70,14,16,4
70,15,20,6
70,16,24,7
70,17,22,5
70,18,18,4
70,19,18,3
70,20,14,1
70,21,10,1
70,22,12,1
70,23,10,1
70,24,0,0
70,25,0,0
70,26,0,0
70,27,0,0
70,28,0,0
70,29,0,0
70,30,0,0
70,31,0,0
70,32,0,0
70,33,0,0
70,34,0,0
70,35,0,0
70,36,0,0
70,37,0,0
70,38,0,0
70,39,0,0
70,40,0,0
70,41,0,0
70,42,0,0
70,43,0,0
70,44,0,0
70,45,0,0
70,46,0,0
70,47,0,0
70,48,0,0
70,49,0,0
70,50,0,0
70,51,0,0
70,52,0,0
70,53,0,0
70,54,0,0
70,55,0,0
70,56,0,0
70,57,0,0
70,58,0,0
70,59,0,0
70,60,0,0
70,61,0,0
70,62,0,0
70,63,0,0
71,1,14,3
71,2,16,4
71,3,18,5
71,4,18,4
71,5,16,4
71,6,18,5
71,7,20,6
71,8,20,5
71,9,18,4
71,10,18,5
71,11,20,6
71,12,20,6
71,13,20,5
71,14,18,4
71,15,16,4
71,16,16,4
71,17,16,4
71,18,33,5
71,19,20,4
71,20,16,3
71,21,16,3
71,22,16,4
71,23,18,5
71,24,20,5
71,25,18,4
71,26,16,3
71,27,0,3
72,1,16,4
72,2,22,7
72,3,24,8
72,4,28,9
72,5,26,8
72,6,26,9
72,7,28,10
72,8,43,11
72,9,47,11
72,10,45,10
72,11,45,10
72,12,30,7
72,13,24,7
72,14,22,6
72,15,22,7
72,16,26,9
72,17,43,11
72,18,47,11
72,19,47,11
72,20,45,10
72,21,41,7
72,22,37,7
72,23,39,7
72,24,26,8
72,25,26,8
72,26,24,7
72,27,24,6
72,28,20,4
72,29,18,4
72,30,18,5
72,31,20,6
72,32,22,6
72,33,20,5
72,34,18,4
72,35,16,2
72,36,0,0
72,37,0,0
72,38,0,0
72,39,0,0
72,40,0,0
72,41,0,0
72,42,0,0
72,43,0,0
72,44,0,0
72,45,0,0
72,46,0,0
72,47,0,0
72,48,0,0
72,49,0,0
73,1,12,2
73,2,12,2
73,3,14,3
73,4,14,3
73,5,14,3
73,6,14,3
73,7,16,4
73,8,18,5
73,9,18,4
73,10,16,3
73,11,14,3
73,12,14,3
73,13,16,4
73,14,16,4
73,15,16,4
73,16,16,4
73,17,18,5
73,18,18,4
73,19,16,3
73,20,16,4
73,21,18,5
73,22,18,4
73,23,16,3
73,24,18,5
73,25,20,6
73,26,22,7
73,27,22,6
73,28,20,5
73,29,22,6
73,30,22,6
73,31,24,8
73,32,24,8
73,33,28,10
73,34,91,12
73,35,44,14
73,36,46,15
73,37,50,17
73,38,64,20
73,39,66,21
73,40,70,23
73,41,74,24
73,42,82,25
74,1,12,2
74,2,12,2
74,3,14,3
74,4,16,4
74,5,18,5
74,6,20,6
74,7,20,6
74,8,20,5
74,9,18,5
74,10,20,6
74,11,22,7
74,12,22,7
74,13,22,6
74,14,22,7
74,15,24,8
74,16,24,7
74,17,22,6
74,18,20,5
74,19,18,3
74,20,14,2
74,21,12,1
74,22,12,2
74,23,12,2
74,24,16,3
74,25,14,2
74,26,14,3
74,27,16,4
74,28,16,3
74,29,0,3
74,30,0,2
74,31,0,1
74,32,0,0
74,33,0,0
74,34,0,0
74,35,0,0
74,36,0,0
74,37,0,0
74,38,0,0
74,39,0,0
74,40,0,0
74,41,0,0
74,42,0,0
74,43,0,0
74,44,0,0
75,1,12,2
75,2,12,2
75,3,12,2
75,4,14,2
75,5,12,2
75,6,14,3
75,7,16,4
75,8,16,3
75,9,14,2
75,10,14,2
75,11,14,3
75,12,14,2
75,13,12,2
75,14,12,2
75,15,14,3
75,16,16,3
75,17,14,2
75,18,12,2
75,19,12,2
75,20,12,2
75,21,14,3
75,22,16,3
75,23,14,2
75,24,12,1
75,25,12,1
75,26,10,1
75,27,10,1
75,28,12,2
75,29,14,3
75,30,16,4
75,31,16,3
75,32,14,2
75,33,14,1
75,34,10,1
75,35,10,1
75,36,10,1
75,37,10,1
75,38,12,2
75,39,16,3
75,40,16,3
75,41,14,1
75,42,10,1
75,43,10,1
75,44,10,1
75,45,10,1
75,46,12,2
75,47,12,2
75,48,14,2
75,49,12,1
75,50,10,1
75,51,10,1
75,52,0,0
75,53,0,0
75,54,0,0
75,55,0,0
75,56,0,0
75,57,0,0
75,58,0,0
75,59,0,0
75,60,0,0
75,61,0,0
75,62,0,0
76,1,16,4
76,2,22,7
76,3,24,7
76,4,22,7
76,5,39,8
76,6,37,8
76,7,37,8
76,8,39,9
76,9,39,7
76,10,24,6
76,11,22,7
76,12,24,6
76,13,20,6
76,14,37,8
76,15,43,11
76,16,47,12
76,17,47,11
76,18,34,9
76,19,32,11
76,20,51,13
76,21,53,11
76,22,45,10
76,23,30,10
76,24,30,11
76,25,45,12
76,26,53,14
76,27,53,15
76,28,53,15
76,29,55,15
76,30,55,16
76,31,75,17
76,32,67,17
76,33,63,17
76,34,67,19
76,35,93,20
76,36,85,24
76,37,89,26
76,38,93,27
76,39,91,27
76,40,93,28
76,41,113,29
77,1,14,3
77,2,16,4
77,3,18,5
77,4,18,5
77,5,18,4
77,6,18,5
77,7,20,6
77,8,20,6
77,9,22,7
77,10,24,8
77,11,39,9
77,12,45,11
77,13,47,12
77,14,47,12
77,15,53,14
77,16,40,13
77,17,36,12
77,18,47,11
77,19,45,12
77,20,49,12
77,21,47,11
77,22,30,11
77,23,32,11
77,24,32,11
77,25,30,11
77,26,51,14
77,27,49,11
77,28,47,13
77,29,51,13
77,30,49,11
77,31,43,10
77,32,47,12
77,33,38,15
77,34,38,14
77,35,36,12
77,36,34,11
77,37,34,10
77,38,30,10
77,39,50,8
77,40,34,7
77,41,24,6
77,42,20,6
77,43,24,6
77,44,20,4
77,45,0,0
78,1,14,3
78,2,16,4
78,3,16,3
78,4,14,3
78,5,16,4
78,6,18,5
78,7,20,5
78,8,18,4
78,9,18,5
78,10,18,5
78,11,20,6
78,12,20,5
78,13,20,6
78,14,20,6
78,15,20,5
78,16,18,4
78,17,18,5
78,18,20,6
78,19,20,5
78,20,18,4
78,21,18,5
78,22,18,5
78,23,18,5
78,24,18,5
78,25,20,6
78,26,20,5
78,27,20,6
78,28,20,6
78,29,20,5
78,30,18,5
78,31,18,4
78,32,18,5
78,33,18,5
78,34,20,6
78,35,20,6
78,36,20,5
78,37,18,5
78,38,18,4
78,39,18,5
78,40,18,5
78,41,20,6
78,42,20,5
78,43,18,4
78,44,18,5
78,45,18,5
78,46,20,6
78,47,20,6
78,48,20,5
78,49,18,5
78,50,18,4
78,51,18,5
78,52,18,5
78,53,20,6
78,54,20,6
78,55,20,5
78,56,18,4
78,57,18,5
78,58,20,5
78,59,18,4
78,60,18,5
78,61,18,5
78,62,18,5
78,63,18,4
78,64,16,4
78,65,16,4
78,66,16,4
78,67,16,4
78,68,16,4
78,69,16,4
78,70,16,4
78,71,16,4
78,72,16,4
78,73,16,4
78,74,16,4
78,75,16,4
78,76,16,4
78,77,16,4
78,78,16,4
78,79,16,4
78,80,16,4
78,81,16,4
78,82,16,4
78,83,16,4
78,84,16,4
78,85,16,4
78,86,16,4
78,87,16,4
78,88,16,4
78,89,16,4
78,90,16,4
78,91,16,4
78,92,16,4
78,93,16,4
78,94,16,4
78,95,16,4
78,96,16,4
78,97,16,4
78,98,16,4
78,99,16,4
78,100,16,4
78,101,16,4
78,102,16,4
78,103,16,4
78,104,16,4
78,105,16,4
78,106,16,4
78,107,16,4
78,108,16,4
78,109,16,4
78,110,16,4
78,111,16,4
78,112,16,4
78,113,16,4
78,114,16,4
78,115,16,4
78,116,16,4
78,117,16,4
78,118,16,4
78,119,16,4
78,120,16,4
78,121,16,4
78,122,16,4
78,123,16,4
78,124,16,4
78,125,16,4
78,126,16,4
78,127,16,4
78,128,16,4
78,129,16,4
78,130,16,4
78,131,16,4
78,132,16,4
78,133,16,4
78,134,16,4
78,135,16,4
78,136,16,4
78,137,16,4
78,138,16,4
78,139,16,4
78,140,16,4
78,141,16,4
78,142,16,4
78,143,16,4
78,144,16,4
78,145,16,4
78,146,16,4
78,147,16,4
78,148,16,4
78,149,16,4
78,150,16,4
78,151,16,4
78,152,16,4
78,153,16,4
78,154,16,4
78,155,16,4
78,156,16,4
78,157,16,4
78,158,16,4
78,159,16,4
78,160,16,4
78,161,16,4
78,162,16,4
78,163,16,4
78,164,16,4
78,165,16,4
78,166,16,4
78,167,16,4
78,168,16,4
78,169,16,3
78,170,16,3
78,171,0,1
79,1,14,3
79,2,16,4
79,3,16,3
79,4,16,3
79,5,14,3
79,6,16,3
79,7,16,4
79,8,16,4
79,9,16,2
79,10,12,2
79,11,14,3
79,12,14,3
79,13,14,2
79,14,14,2
79,15,12,2
79,16,12,2
79,17,14,2
79,18,14,3
79,19,16,3
79,20,16,2
79,21,14,1
79,22,10,1
79,23,12,1
79,24,10,1
79,25,12,1
79,26,10,1
79,27,10,1
79,28,0,0
79,29,0,0
79,30,0,0
79,31,0,0
79,32,0,0
79,33,0,0
80,1,16,4
80,2,20,6
80,3,22,7
80,4,24,7
80,5,24,8
80,6,39,9
80,7,45,11
80,8,47,10
80,9,41,9
80,10,30,9
80,11,26,5
80,12,20,6
80,13,22,6
80,14,24,6
80,15,20,5
80,16,33,5
80,17,18,3
80,18,16,3
80,19,20,5
80,20,20,6
80,21,20,5
80,22,18,3
80,23,16,3
80,24,16,1
80,25,10,1
80,26,12,2
80,27,14,2
80,28,16,2
80,29,14,3
80,30,16,3
80,31,0,1
80,32,0,1
80,33,0,0
80,34,0,0
80,35,0,0
80,36,0,0
80,37,0,0
80,38,0,0
80,39,0,0
80,40,0,0
80,41,0,0
80,42,0,0
80,43,0,0
80,44,0,0
80,45,0,0
80,46,0,0
80,47,0,0
80,48,0,0
80,49,0,0
80,50,0,0
81,1,16,4
81,2,20,6
81,3,20,6
81,4,22,7
81,5,26,7
81,6,24,7
81,7,26,8
81,8,24,6
81,9,20,4
81,10,18,5
81,11,20,5
81,12,20,2
81,13,14,2
81,14,18,5
81,15,22,5
81,16,20,5
81,17,37,6
81,18,20,4
81,19,16,1
81,20,10,1
81,21,10,1
81,22,10,1
81,23,14,3
81,24,18,5
81,25,22,5
81,26,18,3
81,27,16,3
81,28,16,2
81,29,12,1
81,30,10,1
81,31,0,0
81,32,0,0
81,33,0,0
81,34,0,0
81,35,0,0
81,36,0,0
81,37,0,0
81,38,0,0
81,39,0,0
82,1,16,4
82,2,18,5
82,3,20,6
82,4,24,8
82,5,26,7
82,6,39,9
82,7,43,10
82,8,45,10
82,9,45,11
82,10,45,10
82,11,34,11
82,12,34,9
82,13,30,10
82,14,47,10
82,15,47,12
82,16,51,13
82,17,54,12
82,18,40,8
82,19,36,9
82,20,36,8
82,21,36,7
82,22,30,3
82,23,20,4
82,24,18,5
82,25,22,4
82,26,16,1
82,27,0,0
83,1,16,4
83,2,22,6
83,3,22,7
83,4,26,8
83,5,26,8
83,6,28,8
83,7,39,7
83,8,39,8
83,9,43,11
83,10,51,13
83,11,49,10
83,12,28,8
83,13,24,6
83,14,22,7
83,15,26,8
83,16,26,8
83,17,24,5
83,18,18,4
83,19,20,6
83,20,26,9
83,21,43,10
83,22,47,12
83,23,47,11
83,24,45,10
83,25,43,9
83,26,39,8
83,27,37,7
83,28,22,7
83,29,24,8
83,30,28,9
83,31,26,9
83,32,26,7
83,33,22,7
83,34,24,6
83,35,20,6
83,36,22,7
83,37,24,7
83,38,24,8
83,39,26,9
83,40,32,10
83,41,32,12
83,42,34,11
83,43,47,12
83,44,32,11
83,45,32,10
83,46,30,9
83,47,28,10
83,48,28,8
83,49,24,6
83,50,20,3
83,51,0,1
84,1,12,2
84,2,14,3
84,3,14,3
84,4,16,4
84,5,16,4
84,6,16,4
84,7,16,4
84,8,16,4
84,9,18,4
84,10,16,4
84,11,18,5
84,12,20,6
84,13,20,5
84,14,18,4
84,15,18,5
84,16,20,6
84,17,20,5
84,18,18,4
84,19,18,5
84,20,20,6
84,21,20,6
84,22,20,6
84,23,20,5
84,24,18,4
84,25,18,5
84,26,20,6
84,27,20,4
84,28,18,4
84,29,16,3
84,30,14,3
84,31,16,4
84,32,18,5
84,33,18,5
84,34,18,3
84,35,14,2
84,36,14,3
84,37,18,5
84,38,33,6
84,39,33,6
84,40,35,7
84,41,35,4
84,42,16,1
84,43,12,1
84,44,0,0
84,45,0,0
84,46,0,0
84,47,0,0
84,48,0,0
85,1,14,3
85,2,16,4
85,3,18,5
85,4,18,5
85,5,18,4
85,6,18,5
85,7,20,5
85,8,18,4
85,9,18,5
85,10,20,5
85,11,18,4
85,12,16,2
85,13,16,4
85,14,18,5
85,15,20,6
85,16,20,6
85,17,20,6
85,18,20,6
85,19,20,6
85,20,20,6
85,21,20,6
85,22,20,6
85,23,20,6
85,24,20,6
85,25,20,5
85,26,20,6
85,27,20,6
85,28,20,4
85,29,0,1
85,30,0,0
85,31,0,0
85,32,0,0
85,33,0,0
85,34,0,0
85,35,0,0
85,36,0,0
85,37,0,0
86,1,14,3
86,2,14,3
86,3,16,4
86,4,20,6
86,5,20,5
86,6,20,6
86,7,22,7
86,8,24,8
86,9,26,7
86,10,22,6
86,11,20,6
86,12,22,6
86,13,22,7
86,14,22,6
86,15,22,6
86,16,22,7
86,17,24,8
86,18,26,8
86,19,24,7
86,20,24,8
86,21,26,7
86,22,24,7
86,23,24,7
86,24,24,8
86,25,26,9
86,26,26,8
86,27,26,9
86,28,26,9
86,29,26,9
86,30,28,9
86,31,26,8
86,32,24,8
86,33,24,7
86,34,24,7
86,35,22,7
86,36,22,6
86,37,37,8
86,38,39,8
86,39,26,5
86,40,20,4
86,41,16,4
86,42,16,3
86,43,16,3
86,44,14,2
86,45,12,2
86,46,12,2
86,47,0,1
87,1,16,4
87,2,20,6
87,3,22,7
87,4,24,7
87,5,24,6
87,6,20,4
87,7,18,5
87,8,18,5
87,9,18,4
87,10,33,5
87,11,18,4
87,12,20,6
87,13,20,5
87,14,20,4
87,15,33,5
87,16,31,4
87,17,18,4
87,18,16,2
87,19,14,3
87,20,20,5
87,21,35,5
87,22,18,3
87,23,14,3
87,24,14,2
87,25,16,4
87,26,20,5
87,27,18,4
87,28,16,4
87,29,16,3
87,30,14,3
87,31,16,3
87,32,14,1
87,33,0,0
87,34,0,0
87,35,0,0
87,36,0,0
87,37,0,0
87,38,0,0
87,39,0,0
87,40,0,0
87,41,0,0
87,42,0,0
87,43,0,0
87,44,0,0
87,45,0,0
87,46,0,0
87,47,0,0
87,48,0,0
87,49,0,0
88,1,12,2
88,2,14,3
88,3,14,3
88,4,16,4
88,5,18,5
88,6,20,6
88,7,22,7
88,8,24,7
88,9,24,7
88,10,22,6
88,11,20,5
88,12,20,6
88,13,22,7
88,14,24,8
88,15,24,7
88,16,22,7
88,17,22,7
88,18,22,7
88,19,22,7
88,20,24,8
88,21,26,9
88,22,26,9
88,23,26,9
88,24,26,8
88,25,24,7
88,26,22,6
88,27,22,7
88,28,24,8
88,29,26,9
88,30,26,8
88,31,24,8
88,32,24,8
88,33,24,7
88,34,22,6
88,35,22,7
88,36,24,7
88,37,22,7
88,38,22,7
88,39,24,7
88,40,24,8
88,41,39,9
88,42,41,10
88,43,41,8
88,44,41,9
88,45,39,7
88,46,39,7
88,47,35,7
88,48,37,6
88,49,33,5
88,50,18,2
88,51,0,1
88,52,0,1
88,53,0,0
88,54,0,0
88,55,0,0
88,56,0,0
88,57,0,0
88,58,0,0
88,59,0,0
88,60,0,0
88,61,0,0
88,62,0,0
88,63,0,0
88,64,0,0
88,65,0,0
88,66,0,0
88,67,0,0
88,68,0,0
88,69,0,0
88,70,0,0
88,71,0,0
88,72,0,0
88,73,0,0
88,74,0,0
88,75,0,0
88,76,0,0
88,77,0,0
88,78,0,0
88,79,0,0
88,80,0,0
88,81,0,0
88,82,0,0
88,83,0,0
88,84,0,0
88,85,0,0
88,86,0,0
88,87,0,0
88,88,0,0
88,89,0,0
88,90,0,0
88,91,0,0
88,92,0,0
88,93,0,0
88,94,0,0
88,95,0,0
88,96,0,0
88,97,0,0
88,98,0,0
88,99,0,0
88,100,0,0
88,101,0,0
88,102,0,0
88,103,0,0
88,104,0,0
88,105,0,0
88,106,0,0
88,107,0,0
88,108,0,0
88,109,0,0
88,110,0,0
88,111,0,0
88,112,0,0
88,113,0,0
88,114,0,0
88,115,0,0
88,116,0,0
88,117,0,0
88,118,0,0
88,119,0,0
88,120,0,0
88,121,0,0
88,122,0,0
88,123,0,0
88,124,0,0
88,125,0,0
88,126,0,0
88,127,0,0
88,128,0,0
88,129,0,0
88,130,0,0
88,131,0,0
88,132,0,0
88,133,0,0
88,134,0,0
88,135,0,0
88,136,0,0
88,137,0,0
88,138,0,0
88,139,0,0
88,140,0,0
88,141,0,0
88,142,0,0
88,143,0,0
88,144,0,0
88,145,0,0
88,146,0,0
88,147,0,0
88,148,0,0
88,149,0,0
88,150,0,0
88,151,0,0
88,152,0,0
88,153,0,0
88,154,0,0
88,155,0,0
88,156,0,0
88,157,0,0
88,158,0,0
88,159,0,0
88,160,0,0
88,161,0,0
88,162,0,0
88,163,0,0
88,164,0,0
88,165,0,0
88,166,0,0
88,167,0,0
88,168,0,0
88,169,0,0
88,170,0,0
88,171,0,0
88,172,0,0
88,173,0,0
88,174,0,0
88,175,0,0
88,176,0,0
88,177,0,0
88,178,0,0
88,179,0,0
88,180,0,0
88,181,0,0
88,182,0,0
88,183,0,0
88,184,0,0
88,185,0,0
88,186,0,0
88,187,0,0
88,188,0,0
88,189,0,0
88,190,0,0
88,191,0,0
88,192,0,0
88,193,0,0
88,194,0,0
88,195,0,0
88,196,0,0
88,197,0,0
88,198,0,0
88,199,0,0
88,200,0,0
89,1,14,3
89,2,16,4
89,3,16,4
89,4,16,3
89,5,14,2
89,6,14,3
89,7,16,4
89,8,18,5
89,9,18,5
89,10,18,4
89,11,18,5
89,12,18,4
89,13,16,3
89,14,14,3
89,15,16,4
89,16,16,4
89,17,16,4
89,18,16,4
89,19,18,4
89,20,16,4
89,21,16,3
89,22,14,3
89,23,14,2
89,24,12,2
89,25,12,2
89,26,14,3
89,27,16,4
89,28,16,3
89,29,14,3
89,30,14,3
89,31,14,2
89,32,12,1
89,33,0,0
89,34,0,0
89,35,0,0
89,36,0,0
89,37,0,0
89,38,0,0
89,39,0,0
89,40,0,0
89,41,0,0
89,42,0,0
89,43,0,0
89,44,0,0
89,45,0,0
89,46,0,0
89,47,0,0
89,48,0,0
89,49,0,0
89,50,0,0
89,51,0,0
89,52,0,0
89,53,0,0
89,54,0,0
89,55,0,0
89,56,0,0
89,57,0,0
90,1,14,3
90,2,18,5
90,3,18,5
90,4,20,5
90,5,20,6
90,6,22,7
90,7,22,7
90,8,22,7
90,9,22,7
90,10,22,7
90,11,22,7
90,12,22,6
90,13,20,6
90,14,37,5
90,15,22,7
90,16,26,9
90,17,30,10
90,18,32,12
90,19,51,11
90,20,30,7
90,21,22,6
90,22,20,5
90,23,20,6
90,24,22,6
90,25,20,6
90,26,22,7
90,27,24,8
90,28,26,9
90,29,41,9
90,30,41,9
90,31,43,9
90,32,41,8
90,33,50,8
90,34,0,6
90,35,0,7
90,36,0,6
90,37,0,5
90,38,0,5
90,39,0,3
90,40,0,0
90,41,0,0
90,42,0,0
90,43,0,0
90,44,0,0
90,45,0,0
90,46,0,0
91,1,14,3
91,2,18,5
91,3,18,5
91,4,18,5
91,5,18,4
91,6,18,4
91,7,16,4
91,8,20,6
91,9,20,6
91,10,22,6
91,11,20,5
91,12,20,6
91,13,22,7
91,14,22,7
91,15,24,7
91,16,22,6
91,17,20,4
91,18,0,1
91,19,0,0
91,20,0,0
91,21,0,0
91,22,0,0
91,23,0,0
91,24,0,0
91,25,0,0
91,26,0,0
91,27,0,0
91,28,0,0
92,1,16,4
92,2,20,6
92,3,22,7
92,4,22,6
92,5,20,6
92,6,20,5
92,7,20,5
92,8,20,4
92,9,18,3
92,10,14,2
92,11,14,2
92,12,14,2
92,13,12,1
92,14,14,3
92,15,18,3
92,16,16,3
92,17,16,1
92,18,12,1
92,19,10,1
92,20,12,2
92,21,14,2
92,22,12,1
92,23,10,1
92,24,10,1
92,25,0,0
92,26,0,0
92,27,0,0
92,28,0,0
92,29,0,0
92,30,0,0
92,31,0,0
92,32,0,0
93,1,16,4
93,2,20,6
93,3,24,7
93,4,24,7
93,5,37,8
93,6,41,8
93,7,24,7
93,8,22,7
93,9,26,7
93,10,22,6
93,11,20,5
93,12,22,7
93,13,41,8
93,14,43,9
93,15,41,7
93,16,37,5
93,17,31,3
93,18,16,2
93,19,20,6
93,20,22,7
93,21,26,8
93,22,39,9
93,23,39,7
93,24,22,6
93,25,20,5
93,26,18,2
93,27,12,1
93,28,12,2
93,29,20,6
93,30,22,6
93,31,20,4
93,32,16,3
93,33,0,1
93,34,0,0
93,35,0,0
93,36,0,0
93,37,0,0
93,38,0,0
93,39,0,0
93,40,0,0
93,41,0,0
93,42,0,0
93,43,0,0
93,44,0,0
93,45,0,0
93,46,0,0
93,47,0,0
93,48,0,0
93,49,0,0
93,50,0,0
93,51,0,0
94,1,12,2
94,2,14,3
94,3,16,4
94,4,16,4
94,5,16,4
94,6,16,4
94,7,16,3
94,8,18,4
94,9,16,3
94,10,14,3
94,11,16,3
94,12,16,4
94,13,16,3
94,14,14,2
94,15,12,2
94,16,14,3
94,17,16,4
94,18,18,3
94,19,14,2
94,20,14,3
94,21,14,3
94,22,14,3
94,23,16,3
94,24,14,2
94,25,14,3
94,26,14,3
94,27,14,3
94,28,18,4
94,29,16,3
94,30,16,3
94,31,14,3
94,32,16,3
94,33,14,2
94,34,14,3
94,35,16,4
94,36,35,6
94,37,20,4
94,38,16,4
94,39,16,3
94,40,18,5
94,41,18,5
94,42,18,4
94,43,16,4
94,44,20,5
94,45,18,3
94,46,16,2
94,47,14,3
94,48,16,4
94,49,18,5
94,50,18,4
94,51,18,3
94,52,16,3
94,53,14,2
94,54,14,3
94,55,16,3
94,56,14,3
94,57,0,1
94,58,0,0
94,59,0,0
94,60,0,0
94,61,0,0
94,62,0,0
94,63,0,0
94,64,0,0
94,65,0,0
95,1,14,3
95,2,16,4
95,3,16,4
95,4,16,4
95,5,18,5
95,6,20,5
95,7,20,4
95,8,18,4
95,9,35,6
95,10,20,6
95,11,20,5
95,12,20,6
95,13,20,5
95,14,33,6
95,15,35,7
95,16,35,7
95,17,35,5
95,18,18,5
95,19,22,6
95,20,20,6
95,21,24,8
95,22,41,9
95,23,28,10
95,24,50,10
95,25,40,11
95,26,44,12
95,27,52,14
95,28,54,14
95,29,71,15
95,30,71,16
95,31,73,16
95,32,75,18
95,33,75,19
95,34,115,21
96,1,14,3
96,2,16,4
96,3,20,5
96,4,20,6
96,5,20,6
96,6,22,6
96,7,20,5
96,8,20,6
96,9,20,6
96,10,22,6
96,11,22,6
96,12,20,4
96,13,0,2
96,14,0,2
96,15,0,1
96,16,0,0
96,17,0,0
96,18,0,0
96,19,0,0
96,20,0,0
96,21,0,0
96,22,0,0
96,23,0,0
96,24,0,0
96,25,0,0
96,26,0,0
96,27,0,0
97,1,14,3
97,2,18,5
97,3,20,6
97,4,20,6
97,5,20,5
97,6,20,5
97,7,22,7
97,8,22,6
97,9,22,7
97,10,22,6
97,11,22,7
97,12,26,8
97,13,24,8
97,14,24,7
97,15,22,7
97,16,22,7
97,17,22,7
97,18,22,6
97,19,35,7
97,20,37,8
97,21,39,8
97,22,37,5
97,23,18,5
97,24,0,2
97,25,0,0
97,26,0,0
97,27,0,0
97,28,0,0
97,29,0,0
97,30,0,0
97,31,0,0
97,32,0,0
97,33,0,0
97,34,0,0
97,35,0,0
97,36,0,0
97,37,0,0
97,38,0,0
97,39,0,0
97,40,0,0
97,41,0,0
98,1,14,3
98,2,16,4
98,3,16,4
98,4,16,4
98,5,16,4
98,6,16,4
98,7,16,4
98,8,16,4
98,9,16,4
98,10,16,4
98,11,31,5
98,12,31,5
98,13,33,6
98,14,33,6
98,15,33,6
98,16,33,6
98,17,35,6
98,18,35,7
98,19,37,8
98,20,39,8
98,21,37,7
98,22,35,7
98,23,35,6
98,24,35,6
98,25,0,5
98,26,0,5
98,27,0,5
98,28,0,4
98,29,0,3
98,30,0,3
98,31,0,2
98,32,0,2
98,33,0,2
98,34,0,1
98,35,0,1
98,36,0,0
98,37,0,0
98,38,0,0
98,39,0,0
98,40,0,0
98,41,0,0
98,42,0,0
98,43,0,0
98,44,0,0
98,45,0,0
98,46,0,0
98,47,0,0
98,48,0,0
98,49,0,0
98,50,0,0
98,51,0,0
98,52,0,0
98,53,0,0
98,54,0,0
98,55,0,0
99,1,14,3
99,2,16,4
99,3,18,5
99,4,18,5
99,5,18,4
99,6,18,5
99,7,20,5
99,8,18,5
99,9,18,4
99,10,18,4
99,11,18,5
99,12,18,4
99,13,16,2
99,14,14,3
99,15,14,2
99,16,14,2
99,17,12,1
99,18,12,1
99,19,12,2
99,20,14,2
99,21,12,2
99,22,14,3
99,23,16,4
99,24,18,4
99,25,16,4
99,26,16,4
99,27,16,3
99,28,16,4
99,29,16,3
99,30,16,3
99,31,14,3
99,32,16,4
99,33,20,5
99,34,20,4
99,35,16,3
99,36,0,2
99,37,0,1
99,38,0,0
99,39,0,0
99,40,0,0
99,41,0,0
99,42,0,0
99,43,0,0
99,44,0,0
99,45,0,0
99,46,0,0
99,47,0,0
99,48,0,0
99,49,0,0
99,50,0,0
99,51,0,0
99,52,0,0
99,53,0,0
99,54,0,0
99,55,0,0
99,56,0,0
99,57,0,0
99,58,0,0
99,59,0,0
99,60,0,0
99,61,0,0
99,62,0,0
99,63,0,0
99,64,0,0
99,65,0,0
99,66,0,0
99,67,0,0
99,68,0,0
99,69,0,0
99,70,0,0
100,1,16,4
100,2,18,5
100,3,20,6
100,4,22,7
100,5,24,7
100,6,22,7
100,7,22,6
100,8,22,6
100,9,22,6
100,10,22,6
100,11,22,6
100,12,20,6
100,13,20,5
100,14,18,4
100,15,20,6
100,16,22,7
100,17,22,7
100,18,24,7
100,19,22,6
100,20,20,4
100,21,16,3
100,22,14,2
100,23,14,1
100,24,0,0
100,25,0,0
100,26,0,0
100,27,0,0
100,28,0,0
100,29,0,0
100,30,0,0
100,31,0,0
101,1,16,4
101,2,18,5
101,3,22,6
101,4,22,7
101,5,22,7
101,6,24,7
101,7,22,6
101,8,20,5
101,9,18,4
101,10,18,4
101,11,0,1
101,12,0,1
101,13,0,1
101,14,0,1
101,15,0,0
101,16,0,0
101,17,0,0
101,18,0,0
101,19,0,0
101,20,0,0
101,21,0,0
101,22,0,0
101,23,0,0
101,24,0,0
101,25,0,0
101,26,0,0
101,27,0,0
101,28,0,0
101,29,0,0
101,30,0,0
101,31,0,0
101,32,0,0
101,33,0,0
101,34,0,0
101,35,0,0
101,36,0,0
101,37,0,0
101,38,0,0
101,39,0,0
101,40,0,0
101,41,0,0
101,42,0,0
101,43,0,0
101,44,0,0
101,45,0,0
101,46,0,0
101,47,0,0
101,48,0,0
101,49,0,0
101,50,0,0
102,1,14,3
102,2,18,5
102,3,18,5
102,4,20,5
102,5,18,5
102,6,20,5
102,7,20,5
102,8,18,4
102,9,16,3
102,10,14,2
102,11,14,3
102,12,16,3
102,13,0,0
102,14,0,0
102,15,0,0
102,16,0,0
102,17,0,0
102,18,0,0
102,19,0,0
102,20,0,0
102,21,0,0
102,22,0,0
102,23,0,0
102,24,0,0
102,25,0,0
102,26,0,0
102,27,0,0
102,28,0,0
102,29,0,0
103,1,16,4
103,2,20,6
103,3,22,7
103,4,39,9
103,5,41,9
103,6,39,9
103,7,41,10
103,8,43,10
103,9,41,10
103,10,43,10
103,11,30,10
103,12,58,13
103,13,59,14
103,14,57,13
103,15,61,16
103,16,67,17
103,17,65,17
103,18,65,16
103,19,52,17
103,20,66,18
103,21,77,20
103,22,87,24
103,23,89,24
103,24,87,24
103,25,89,26
103,26,93,28
103,27,93,27
103,28,93,28
103,29,93,27
103,30,91,27
103,31,91,27
103,32,93,28
103,33,113,29
104,1,14,3
104,2,14,3
104,3,16,3
104,4,14,2
104,5,14,3
104,6,14,3
104,7,14,3
104,8,16,3
104,9,16,3
104,10,16,4
104,11,16,3
104,12,14,3
104,13,16,4
104,14,31,3
104,15,0,0
104,16,0,0
104,17,0,0
104,18,0,0
104,19,0,0
104,20,0,0
104,21,0,0
104,22,0,0
104,23,0,0
104,24,0,0
104,25,0,0
104,26,0,0
104,27,0,0
104,28,0,0
104,29,0,0
104,30,0,0
104,31,0,0
105,1,16,4
105,2,20,6
105,3,22,7
105,4,22,6
105,5,22,6
105,6,22,7
105,7,24,8
105,8,26,8
105,9,39,7
105,10,43,10
105,11,43,8
105,12,37,5
105,13,20,4
105,14,22,6
105,15,20,5
105,16,22,7
105,17,26,8
105,18,41,10
105,19,49,12
105,20,51,12
105,21,47,10
105,22,30,11
105,23,30,11
105,24,45,11
105,25,49,11
105,26,47,12
105,27,47,10
105,28,28,9
105,29,26,9
105,30,30,9
105,31,30,9
105,32,28,9
105,33,32,10
105,34,28,8
105,35,24,6
105,36,22,5
105,37,20,5
105,38,18,4
105,39,0,1
105,40,0,0
105,41,0,0
105,42,0,0
105,43,0,0
106,1,16,4
106,2,20,6
106,3,24,8
106,4,24,8
106,5,26,9
106,6,28,10
106,7,43,11
106,8,45,12
106,9,51,14
106,10,53,15
106,11,53,13
106,12,49,13
106,13,47,11
106,14,32,11
106,15,30,11
106,16,45,11
106,17,47,12
106,18,49,13
106,19,47,13
106,20,49,12
106,21,49,11
106,22,32,12
106,23,38,12
106,24,51,14
106,25,73,14
106,26,59,14
106,27,57,13
106,28,57,13
106,29,63,16
106,30,65,18
106,31,69,17
106,32,50,16
106,33,52,18
106,34,54,17
106,35,52,17
106,36,52,16
106,37,52,16
106,38,63,15
106,39,63,15
106,40,48,15
106,41,65,17
106,42,67,19
106,43,69,18
106,44,67,17
106,45,52,16
106,46,52,17
106,47,52,17
106,48,50,14
106,49,44,14
106,50,44,13
106,51,59,15
106,52,63,16
106,53,63,17
106,54,67,18
106,55,67,18
106,56,71,20
106,57,119,22
106,58,85,22
106,59,68,20
106,60,66,20
106,61,81,22
106,62,85,23
106,63,87,23
106,64,85,23
106,65,89,26
106,66,101,28
107,1,14,3
107,2,16,4
107,3,18,5
107,4,18,5
107,5,20,5
107,6,20,6
107,7,20,6
107,8,22,7
107,9,22,7
107,10,22,7
107,11,22,5
107,12,18,5
107,13,18,4
107,14,16,4
107,15,16,4
107,16,16,4
107,17,18,5
107,18,18,5
107,19,18,5
107,20,20,6
107,21,22,7
107,22,22,6
107,23,20,4
107,24,16,3
107,25,14,2
107,26,12,2
107,27,14,3
107,28,16,3
107,29,16,3
107,30,14,3
107,31,14,3
107,32,16,3
107,33,14,2
107,34,12,2
107,35,14,2
107,36,14,2
107,37,12,2
107,38,12,1
107,39,0,0
107,40,0,0
107,41,0,0
107,42,0,0
107,43,0,0
107,44,0,0
107,45,0,0
107,46,0,0
107,47,0,0
107,48,0,0
107,49,0,0
107,50,0,0
107,51,0,0
108,1,14,3
108,2,16,4
108,3,20,6
108,4,20,6
108,5,20,5
108,6,18,5
108,7,20,6
108,8,22,7
108,9,24,8
108,10,30,10
108,11,30,10
108,12,30,10
108,13,43,11
108,14,47,13
108,15,51,14
108,16,51,14
108,17,49,13
108,18,49,13
108,19,38,13
108,20,38,13
108,21,34,10
108,22,43,11
108,23,51,12
108,24,47,12
108,25,47,12
108,26,45,10
108,27,28,8
108,28,26,7
108,29,26,8
108,30,28,9
108,31,0,5
108,32,0,6
108,33,0,5
108,34,0,3
108,35,0,2
109,1,12,2
109,2,14,3
109,3,16,4
109,4,16,4
109,5,16,4
109,6,16,3
109,7,14,3
109,8,14,2
109,9,14,3
109,10,14,3
109,11,14,3
109,12,16,4
109,13,18,4
109,14,16,3
109,15,16,4
109,16,18,5
109,17,18,5
109,18,18,5
109,19,18,4
109,20,16,3
109,21,14,2
109,22,18,5
109,23,18,5
109,24,22,7
109,25,39,9
109,26,39,9
109,27,39,9
109,28,41,9
109,29,26,9
109,30,26,8
109,31,26,8
109,32,26,8
109,33,26,8
109,34,48,9
109,35,36,10
109,36,36,10
109,37,36,10
109,38,40,12
109,39,57,12
109,40,42,12
109,41,44,14
109,42,46,14
109,43,48,15
109,44,46,15
109,45,65,18
109,46,99,21
109,47,81,22
109,48,85,24
109,49,87,25
109,50,113,26
110,1,16,4
110,2,20,6
110,3,20,5
110,4,20,6
110,5,24,8
110,6,24,7
110,7,24,7
110,8,22,6
110,9,22,7
110,10,24,7
110,11,22,6
110,12,20,5
110,13,22,7
110,14,22,5
110,15,18,3
110,16,14,3
110,17,14,2
110,18,14,3
110,19,20,5
110,20,24,7
110,21,22,4
110,22,16,2
110,23,12,2
110,24,14,3
110,25,20,6
110,26,26,7
110,27,22,6
110,28,20,4
110,29,16,2
110,30,12,2
110,31,12,2
110,32,12,2
110,33,12,2
110,34,12,1
110,35,10,1
110,36,0,0
111,1,16,4
111,2,22,7
111,3,24,7
111,4,24,7
111,5,24,7
111,6,24,7
111,7,24,6
111,8,20,5
111,9,35,5
111,10,20,4
111,11,18,4
111,12,20,5
111,13,20,5
111,14,22,5
111,15,33,4
111,16,29,1
111,17,10,1
111,18,12,2
111,19,16,4
111,20,22,5
111,21,18,3
111,22,16,3
111,23,16,2
111,24,12,1
111,25,12,1
111,26,10,1
111,27,10,1
111,28,10,1
111,29,10,1
111,30,10,1
111,31,10,1
111,32,12,2
111,33,16,2
111,34,0,0
111,35,0,0
111,36,0,0
111,37,0,0
111,38,0,0
111,39,0,0
111,40,0,0
111,41,0,0
111,42,0,0
112,1,14,3
112,2,16,4
112,3,16,4
112,4,18,5
112,5,20,6
112,6,24,8
112,7,24,8
112,8,24,8
112,9,24,8
112,10,24,8
112,11,24,8
112,12,24,7
112,13,22,7
112,14,22,6
112,15,22,7
112,16,24,7
112,17,24,8
112,18,39,8
112,19,37,8
112,20,39,8
112,21,41,9
112,22,41,9
112,23,39,9
112,24,39,8
112,25,41,10
112,26,45,10
112,27,43,10
112,28,28,9
112,29,28,10
112,30,30,9
112,31,28,10
112,32,56,11
112,33,40,12
112,34,42,13
112,35,44,13
112,36,42,13
112,37,42,13
112,38,42,12
112,39,42,13
112,40,44,14
112,41,44,12
112,42,42,12
112,43,55,11
112,44,53,12
112,45,55,13
112,46,59,14
112,47,63,17
112,48,65,17
112,49,63,16
112,50,65,18
112,51,67,19
112,52,73,22
112,53,77,24
112,54,101,25
112,55,111,27
113,1,16,4
113,2,20,6
113,3,22,7
113,4,24,7
113,5,41,10
113,6,43,11
113,7,45,10
113,8,41,8
113,9,39,9
113,10,41,8
113,11,39,9
113,12,39,9
113,13,41,9
113,14,41,9
113,15,47,12
113,16,60,14
113,17,46,13
113,18,44,14
113,19,46,14
113,20,81,16
113,21,77,19
113,22,81,21
113,23,85,23
113,24,72,22
113,25,70,22
113,26,87,24
113,27,87,25
113,28,87,25
113,29,89,26
113,30,93,27
113,31,93,28
113,32,113,29
114,1,14,3
114,2,16,4
114,3,16,4
114,4,16,3
114,5,14,2
114,6,14,3
114,7,16,4
114,8,16,3
114,9,14,2
114,10,12,2
114,11,16,4
114,12,18,4
114,13,18,5
114,14,18,4
114,15,16,3
114,16,16,4
114,17,16,4
114,18,18,5
114,19,20,5
114,20,18,4
114,21,18,4
114,22,16,4
114,23,16,3
114,24,16,3
114,25,14,2
114,26,12,2
114,27,12,2
114,28,14,3
114,29,20,6
114,30,20,5
114,31,18,4
114,32,18,4
114,33,16,4
114,34,16,2
114,35,12,2
114,36,12,1
114,37,10,1
114,38,10,1
114,39,10,1
114,40,10,1
114,41,12,2
114,42,16,4
114,43,18,3
114,44,0,1
114,45,0,0
114,46,0,0
114,47,0,0
114,48,0,0
114,49,0,0
114,50,0,0
114,51,0,0
114,52,0,0
115,1,12,2
115,2,14,3
115,3,14,3
115,4,16,4
115,5,18,5
115,6,33,5
115,7,20,5
115,8,20,5
115,9,18,5
115,10,20,5
115,11,18,5
115,12,18,4
115,13,18,3
115,14,14,2
115,15,14,3
115,16,16,3
115,17,16,3
115,18,16,4
115,19,16,2
115,20,12,2
115,21,14,2
115,22,14,3
115,23,14,3
115,24,14,2
115,25,12,1
115,26,12,2
115,27,14,3
115,28,14,3
115,29,16,3
115,30,16,4
115,31,18,3
115,32,14,1
115,33,10,1
115,34,10,1
115,35,10,1
115,36,12,2
115,37,14,1
115,38,0,0
116,1,14,3
116,2,18,4
116,3,18,4
116,4,18,5
116,5,20,5
116,6,20,6
116,7,22,6
116,8,20,6
116,9,22,7
116,10,24,7
116,11,24,8
116,12,26,9
116,13,52,9
116,14,34,8
116,15,24,7
116,16,22,5
116,17,20,5
116,18,22,7
116,19,24,8
116,20,69,11
116,21,55,13
116,22,57,12
116,23,44,12
116,24,40,9
116,25,34,7
116,26,34,8
116,27,36,7
116,28,34,7
116,29,32,6
116,30,30,7
116,31,32,7
116,32,32,7
116,33,32,7
116,34,30,6
116,35,43,7
116,36,45,5
116,37,20,3
116,38,16,2
116,39,16,4
116,40,16,2
116,41,12,1
116,42,0,0
117,1,16,4
117,2,20,6
117,3,24,8
117,4,26,9
117,5,26,8
117,6,24,8
117,7,26,8
117,8,24,8
117,9,26,9
117,10,43,11
117,11,49,13
117,12,49,11
117,13,30,10
117,14,28,10
117,15,43,11
117,16,47,12
117,17,51,14
117,18,55,16
117,19,60,13
117,20,48,16
117,21,67,18
117,22,73,21
117,23,77,21
117,24,73,21
117,25,73,21
117,26,75,23
117,27,103,26
117,28,91,27
117,29,93,27
117,30,93,28
117,31,113,29
118,1,16,4
118,2,20,6
118,3,22,7
118,4,24,7
118,5,22,7
118,6,24,8
118,7,24,8
118,8,26,9
118,9,26,9
118,10,28,10
118,11,43,9
118,12,41,9
118,13,43,10
118,14,47,12
118,15,47,10
118,16,43,9
118,17,30,7
118,18,24,8
118,19,24,8
118,20,26,7
118,21,37,6
118,22,35,6
118,23,33,3
118,24,14,1
118,25,14,2
118,26,16,4
118,27,18,4
118,28,0,0
119,1,14,3
119,2,16,4
119,3,16,4
119,4,18,5
119,5,18,5
119,6,18,5
119,7,18,5
119,8,18,4
119,9,16,4
119,10,18,5
119,11,20,6
119,12,20,5
119,13,18,4
119,14,18,5
119,15,20,5
119,16,20,6
119,17,20,5
119,18,20,6
119,19,20,6
119,20,22,7
119,21,24,8
119,22,24,8
119,23,26,9
119,24,28,10
119,25,28,10
119,26,28,10
119,27,43,10
119,28,43,11
119,29,45,11
119,30,43,10
119,31,45,10
119,32,28,9
119,33,26,8
119,34,24,7
119,35,22,6
119,36,20,5
119,37,18,5
119,38,20,6
119,39,20,5
119,40,20,6
119,41,35,6
119,42,22,6
119,43,22,7
119,44,37,8
119,45,39,8
119,46,37,8
119,47,37,7
119,48,0,4
119,49,0,2
119,50,0,2
119,51,0,2
119,52,0,1
119,53,0,0
119,54,0,0
119,55,0,0
119,56,0,0
119,57,0,0
119,58,0,0
119,59,0,0
119,60,0,0
119,61,0,0
119,62,0,0
119,63,0,0
119,64,0,0
119,65,0,0
119,66,0,0
119,67,0,0
119,68,0,0
119,69,0,0
119,70,0,0
119,71,0,0
119,72,0,0
119,73,0,0
119,74,0,0
119,75,0,0
119,76,0,0
119,77,0,0
119,78,0,0
119,79,0,0
120,1,14,3
120,2,16,4
120,3,18,5
120,4,18,5
120,5,18,3
120,6,16,4
120,7,18,5
120,8,20,6
120,9,20,6
120,10,20,5
120,11,18,4
120,12,18,5
120,13,20,6
120,14,20,5
120,15,20,6
120,16,20,6
120,17,22,7
120,18,22,7
120,19,22,7
120,20,22,7
120,21,22,6
120,22,22,6
120,23,22,6
120,24,22,7
120,25,24,8
120,26,24,7
120,27,24,8
120,28,24,7
120,29,24,7
120,30,22,7
120,31,24,8
120,32,28,8
120,33,24,8
120,34,24,7
120,35,22,6
120,36,22,6
120,37,35,7
120,38,39,7
120,39,22,6
120,40,37,8
120,41,39,9
120,42,41,10
120,43,45,11
120,44,47,12
120,45,49,12
120,46,58,13
120,47,42,13
120,48,42,12
120,49,44,14
120,50,44,13
120,51,42,12
120,52,42,12
120,53,40,12
120,54,42,11
120,55,38,10
120,56,0,9
120,57,0,9
120,58,0,8
120,59,0,8
120,60,0,8
120,61,0,6
120,62,0,5
120,63,0,5
120,64,0,3
120,65,0,1
120,66,0,1
120,67,0,1
120,68,0,1
120,69,0,1
120,70,0,1
120,71,0,1
120,72,0,1
120,73,0,1
120,74,0,1
120,75,0,1
120,76,0,1
120,77,0,1
120,78,0,1
120,79,0,1
120,80,0,1
120,81,0,1
120,82,0,1
120,83,0,1
120,84,0,0
120,85,0,0
120,86,0,0
120,87,0,0
120,88,0,0
120,89,0,0
120,90,0,0
120,91,0,0
120,92,0,0
121,1,16,4
121,2,20,6
121,3,26,8
121,4,26,8
121,5,41,10
121,6,43,11
121,7,45,12
121,8,49,13
121,9,49,13
121,10,47,12
121,11,47,13
121,12,77,15
121,13,61,16
121,14,65,17
121,15,67,19
121,16,73,21
121,17,73,21
121,18,75,22
121,19,75,23
121,20,79,24
121,21,79,24
121,22,79,25
121,23,105,28
121,24,113,29
122,1,16,4
122,2,20,6
122,3,24,8
122,4,24,6
122,5,22,7
122,6,22,5
122,7,18,3
122,8,16,3
122,9,18,5
122,10,22,5
122,11,20,4
122,12,18,3
122,13,16,3
122,14,14,2
122,15,0,0
122,16,0,0
122,17,0,0
122,18,0,0
122,19,0,0
122,20,0,0
122,21,0,0
122,22,0,0
122,23,0,0
122,24,0,0
122,25,0,0
122,26,0,0
122,27,0,0
122,28,0,0
122,29,0,0
122,30,0,0
122,31,0,0
122,32,0,0
122,33,0,0
122,34,0,0
122,35,0,0
122,36,0,0
122,37,0,0
122,38,0,0
122,39,0,0
123,1,14,3
123,2,16,4
123,3,18,5
123,4,20,6
123,5,22,6
123,6,22,5
123,7,20,5
123,8,18,5
123,9,20,6
123,10,20,4
123,11,16,3
123,12,14,3
123,13,16,4
123,14,18,5
123,15,20,6
123,16,22,7
123,17,22,6
123,18,35,7
123,19,37,6
123,20,33,4
123,21,0,1
123,22,0,0
123,23,0,0
123,24,0,0
123,25,0,0
123,26,0,0
123,27,0,0
123,28,0,0
123,29,0,0
123,30,0,0
123,31,0,0
123,32,0,0
123,33,0,0
124,1,16,4
124,2,18,5
124,3,22,7
124,4,26,9
124,5,26,9
124,6,26,9
124,7,28,10
124,8,30,11
124,9,47,13
124,10,51,14
124,11,49,13
124,12,49,13
124,13,36,13
124,14,34,12
124,15,34,12
124,16,32,10
124,17,30,10
124,18,28,10
124,19,43,11
124,20,47,13
124,21,49,13
124,22,49,12
124,23,47,13
124,24,51,13
124,25,51,15
124,26,53,16
124,27,59,17
124,28,59,19
124,29,67,21
124,30,63,20
124,31,65,22
124,32,93,24
124,33,103,27
124,34,93,28
124,35,93,28
124,36,93,27
124,37,93,28
124,38,113,29
125,1,16,4
125,2,20,6
125,3,26,9
125,4,28,8
125,5,39,7
125,6,39,8
125,7,43,11
125,8,47,12
125,9,47,11
125,10,47,12
125,11,47,11
125,12,43,9
125,13,43,11
125,14,49,14
125,15,51,15
125,16,51,15
125,17,53,14
125,18,64,15
125,19,50,17
125,20,52,18
125,21,76,18
125,22,64,19
125,23,77,19
125,24,81,22
125,25,81,22
125,26,83,23
125,27,85,24
125,28,91,27
125,29,91,27
125,30,91,27
125,31,93,27
125,32,93,28
125,33,93,27
125,34,93,28
125,35,93,27
125,36,91,27
125,37,93,28
125,38,93,27
125,39,93,28
125,40,93,27
125,41,91,26
125,42,93,28
125,43,113,29
126,1,14,3
126,2,16,4
126,3,18,5
126,4,18,5
126,5,18,5
126,6,18,5
126,7,20,6
126,8,20,5
126,9,20,6
126,10,20,5
126,11,18,4
126,12,18,4
126,13,18,5
126,14,18,4
126,15,18,4
126,16,18,4
126,17,18,4
126,18,16,4
126,19,16,4
126,20,16,3
126,21,16,3
126,22,14,3
126,23,14,3
126,24,14,2
126,25,12,2
126,26,14,2
126,27,14,1
126,28,12,2
126,29,14,2
126,30,12,2
126,31,12,1
126,32,10,1
126,33,10,1
126,34,10,1
126,35,10,1
126,36,10,1
126,37,12,1
126,38,10,1
126,39,12,2
126,40,14,2
126,41,12,2
126,42,12,1
126,43,0,0
127,1,16,4
127,2,20,6
127,3,22,7
127,4,24,8
127,5,24,8
127,6,24,7
127,7,22,7
127,8,24,7
127,9,24,7
127,10,22,7
127,11,22,5
127,12,20,5
127,13,20,5
127,14,20,4
127,15,22,6
127,16,24,5
127,17,24,6
127,18,22,7
127,19,39,8
127,20,26,8
127,21,24,7
127,22,22,6
127,23,22,6
127,24,0,3
127,25,0,0
127,26,0,0
127,27,0,0
127,28,0,0
127,29,0,0
127,30,0,0
127,31,0,0
127,32,0,0
127,33,0,0
127,34,0,0
127,35,0,0
127,36,0,0
127,37,0,0
127,38,0,0
127,39,0,0
128,1,14,3
128,2,16,4
128,3,16,4
128,4,20,6
128,5,37,6
128,6,20,5
128,7,20,5
128,8,22,6
128,9,22,6
128,10,37,6
128,11,22,5
128,12,20,4
128,13,18,5
128,14,20,5
128,15,20,4
128,16,18,3
128,17,0,1
128,18,0,1
128,19,0,0
128,20,0,0
128,21,0,0
128,22,0,0
128,23,0,0
128,24,0,0
128,25,0,0
128,26,0,0
128,27,0,0
128,28,0,0
128,29,0,0
128,30,0,0
128,31,0,0
128,32,0,0
128,33,0,0
128,34,0,0
128,35,0,0
128,36,0,0
128,37,0,0
128,38,0,0
129,1,16,4
129,2,20,6
129,3,22,7
129,4,22,7
129,5,22,7
129,6,22,6
129,7,22,6
129,8,20,6
129,9,22,7
129,10,24,7
129,11,22,5
129,12,18,3
129,13,14,3
129,14,0,0
129,15,0,0
129,16,0,0
129,17,0,0
129,18,0,0
129,19,0,0
129,20,0,0
129,21,0,0
129,22,0,0
129,23,0,0
129,24,0,0
129,25,0,0
130,1,12,2
130,2,14,3
130,3,14,3
130,4,14,3
130,5,14,3
130,6,14,3
130,7,14,3
130,8,16,4
130,9,16,4
130,10,18,4
130,11,18,4
130,12,20,5
130,13,20,6
130,14,22,7
130,15,24,7
130,16,24,8
130,17,26,8
130,18,24,7
130,19,22,6
130,20,20,6
130,21,20,6
130,22,20,6
130,23,20,6
130,24,20,4
130,25,18,4
130,26,16,4
130,27,16,4
130,28,16,3
130,29,16,4
130,30,16,4
130,31,18,5
130,32,18,5
130,33,18,5
130,34,24,7
130,35,24,8
130,36,24,7
130,37,24,8
130,38,39,9
130,39,41,9
130,40,43,8
130,41,37,7
130,42,24,7
130,43,22,6
130,44,20,4
130,45,16,2
130,46,14,2
130,47,16,2
130,48,0,1
130,49,0,1
130,50,0,0
130,51,0,0
130,52,0,0
130,53,0,0
131,1,14,3
131,2,16,4
131,3,16,4
131,4,16,3
131,5,16,2
131,6,14,3
131,7,16,3
131,8,16,3
131,9,16,4
131,10,18,4
131,11,16,3
131,12,14,1
131,13,10,1
131,14,12,2
131,15,14,3
131,16,16,4
131,17,20,5
131,18,18,3
131,19,14,2
131,20,0,0
131,21,0,0
131,22,0,0
131,23,0,0
131,24,0,0
131,25,0,0
131,26,0,0
131,27,0,0
131,28,0,0
131,29,0,0
131,30,0,0
131,31,0,0
131,32,0,0
131,33,0,0
131,34,0,0
131,35,0,0
131,36,0,0
131,37,0,0
132,1,16,4
132,2,22,7
132,3,26,9
132,4,28,9
132,5,41,9
132,6,41,10
132,7,45,12
132,8,49,13
132,9,47,12
132,10,45,10
132,11,43,11
132,12,45,11
132,13,71,13
132,14,42,12
132,15,57,12
132,16,59,15
132,17,63,16
132,18,65,16
132,19,48,13
132,20,46,15
132,21,50,17
132,22,65,18
132,23,67,18
132,24,65,18
132,25,69,20
132,26,101,23
132,27,87,25
132,28,89,26
132,29,89,26
132,30,89,26
132,31,91,27
132,32,93,28
132,33,113,29
133,1,16,4
133,2,20,6
133,3,22,7
133,4,22,6
133,5,22,7
133,6,22,6
133,7,20,5
133,8,18,4
133,9,16,4
133,10,18,5
133,11,20,6
133,12,20,5
133,13,20,6
133,14,22,6
133,15,22,5
133,16,18,4
133,17,18,3
133,18,16,4
133,19,18,3
133,20,14,1
133,21,10,1
133,22,0,0
133,23,0,0
133,24,0,0
133,25,0,0
133,26,0,0
133,27,0,0
133,28,0,0
133,29,0,0
133,30,0,0
134,1,16,4
134,2,20,6
134,3,24,7
134,4,24,7
134,5,26,8
134,6,24,7
134,7,22,7
134,8,22,7
134,9,24,7
134,10,22,6
134,11,22,6
134,12,22,5
134,13,22,7
134,14,39,8
134,15,37,6
134,16,24,7
134,17,22,6
134,18,24,6
134,19,22,5
134,20,18,4
134,21,20,5
134,22,20,6
134,23,24,7
134,24,24,5
134,25,18,2
134,26,0,0
135,1,14,3
135,2,16,4
135,3,16,3
135,4,16,4
135,5,18,4
135,6,18,5
135,7,22,6
135,8,35,6
135,9,22,6
135,10,22,6
135,11,24,5
135,12,18,2
135,13,12,1
135,14,12,1
135,15,0,0
135,16,0,0
135,17,0,0
135,18,0,0
135,19,0,0
135,20,0,0
135,21,0,0
135,22,0,0
135,23,0,0
135,24,0,0
135,25,0,0
135,26,0,0
135,27,0,0
135,28,0,0
135,29,0,0
135,30,0,0
135,31,0,0
135,32,0,0
135,33,0,0
136,1,16,4
136,2,18,5
136,3,20,6
136,4,22,6
136,5,20,6
136,6,20,5
136,7,20,6
136,8,22,7
136,9,22,6
136,10,22,6
136,11,22,7
136,12,24,7
136,13,24,6
136,14,20,5
136,15,20,6
136,16,24,8
136,17,28,9
136,18,43,9
136,19,26,6
136,20,22,5
136,21,20,5
136,22,20,5
136,23,22,6
136,24,20,6
136,25,20,5
136,26,18,4
136,27,20,5
136,28,20,6
136,29,22,6
136,30,20,5
136,31,18,5
136,32,20,3
136,33,16,3
136,34,16,3
136,35,0,0
137,1,16,4
137,2,22,7
137,3,22,7
137,4,26,9
137,5,26,9
137,6,28,10
137,7,30,11
137,8,32,11
137,9,32,9
137,10,41,9
137,11,41,10
137,12,45,11
137,13,47,11
137,14,45,12
137,15,51,14
137,16,75,16
137,17,61,16
137,18,63,17
137,19,67,18
137,20,67,19
137,21,89,21
137,22,79,20
137,23,77,20
137,24,77,20
137,25,79,21
137,26,81,22
137,27,81,22
137,28,83,23
137,29,113,24
138,1,12,2
138,2,14,3
138,3,16,4
138,4,18,5
138,5,20,6
138,6,20,5
138,7,18,5
138,8,18,5
138,9,20,6
138,10,20,5
138,11,20,6
138,12,35,6
138,13,33,6
138,14,33,5
138,15,31,5
138,16,35,6
138,17,20,5
138,18,20,5
138,19,18,5
138,20,18,5
138,21,20,6
138,22,22,7
138,23,22,7
138,24,22,7
138,25,22,7
138,26,24,8
138,27,24,8
138,28,24,8
138,29,24,7
138,30,37,8
138,31,41,10
138,32,43,10
138,33,41,8
138,34,39,8
138,35,39,9
138,36,41,8
138,37,24,7
138,38,24,7
138,39,24,8
138,40,26,9
138,41,48,9
138,42,38,11
138,43,40,12
138,44,57,13
138,45,59,14
138,46,61,15
138,47,61,16
138,48,63,16
138,49,52,17
138,50,67,18
138,51,97,19
138,52,62,19
138,53,79,20
138,54,81,22
138,55,87,25
138,56,111,27
139,1,12,2
139,2,12,2
139,3,14,3
139,4,14,3
139,5,16,3
139,6,16,4
139,7,18,5
139,8,18,4
139,9,16,3
139,10,16,4
139,11,18,4
139,12,16,2
139,13,16,4
139,14,16,3
139,15,18,3
139,16,16,2
139,17,12,2
139,18,12,2
139,19,16,4
139,20,16,3
139,21,14,2
139,22,12,2
139,23,12,2
139,24,12,1
139,25,12,2
139,26,14,3
139,27,16,4
139,28,16,3
139,29,14,2
139,30,12,1
139,31,12,2
139,32,14,3
139,33,16,2
139,34,14,2
139,35,12,1
139,36,0,0
140,1,16,4
140,2,20,6
140,3,22,6
140,4,20,6
140,5,22,7
140,6,22,7
140,7,24,7
140,8,24,8
140,9,24,8
140,10,24,8
140,11,24,8
140,12,24,7
140,13,22,6
140,14,20,6
140,15,20,6
140,16,22,7
140,17,22,7
140,18,22,7
140,19,26,9
140,20,26,8
140,21,24,7
140,22,22,7
140,23,24,8
140,24,24,8
140,25,24,8
140,26,24,8
140,27,24,8
140,28,28,10
140,29,30,10
140,30,28,9
140,31,41,10
140,32,45,12
140,33,51,14
140,34,53,15
140,35,55,16
140,36,57,16
140,37,73,14
140,38,57,14
140,39,59,13
140,40,57,13
140,41,44,12
140,42,40,9
140,43,38,10
140,44,38,11
140,45,40,11
140,46,40,12
140,47,42,13
140,48,44,14
140,49,46,15
140,50,50,16
140,51,52,18
140,52,56,20
140,53,93,22
140,54,70,23
140,55,85,24
140,56,87,24
140,57,87,25
140,58,87,25
140,59,89,25
140,60,87,23
140,61,83,22
140,62,85,24
140,63,89,25
140,64,89,26
140,65,91,27
140,66,91,27
140,67,113,28
141,1,16,4
141,2,20,6
141,3,20,6
141,4,24,7
141,5,24,7
141,6,22,7
141,7,24,8
141,8,26,9
141,9,30,11
141,10,32,10
141,11,43,11
141,12,49,13
141,13,49,12
141,14,49,13
141,15,49,13
141,16,34,9
141,17,28,9
141,18,41,9
141,19,45,12
141,20,47,10
141,21,41,8
141,22,26,6
141,23,22,7
141,24,24,7
141,25,22,6
141,26,22,6
141,27,0,5
142,1,16,4
142,2,20,6
142,3,22,7
142,4,24,7
142,5,24,8
142,6,26,9
142,7,28,10
142,8,28,10
142,9,45,12
142,10,75,15
142,11,65,18
142,12,67,19
142,13,69,19
142,14,67,18
142,15,56,18
142,16,91,19
142,17,79,20
142,18,87,24
142,19,89,26
142,20,93,28
142,21,113,29
143,1,12,2
143,2,12,2
143,3,14,3
143,4,14,3
143,5,16,3
143,6,16,4
143,7,18,5
143,8,18,5
143,9,18,5
143,10,20,6
143,11,20,5
143,12,18,4
143,13,16,4
143,14,18,5
143,15,20,6
143,16,37,7
143,17,37,8
143,18,37,7
143,19,22,7
143,20,24,7
143,21,24,7
143,22,24,7
143,23,85,9
143,24,38,11
143,25,42,12
143,26,42,12
143,27,40,12
143,28,40,11
143,29,40,12
143,30,44,14
143,31,46,15
143,32,46,15
143,33,46,15
143,34,61,15
143,35,59,15
143,36,61,16
143,37,61,15
143,38,59,13
143,39,57,14
143,40,59,14
143,41,57,12
143,42,42,11
143,43,38,9
143,44,36,8
143,45,36,10
143,46,115,12
143,47,54,15
143,48,56,15
143,49,0,15
143,50,0,15
143,51,0,15
143,52,0,14
143,53,0,14
143,54,0,13
143,55,0,13
143,56,0,15
143,57,0,17
143,58,0,17
143,59,0,18
143,60,0,18
143,61,0,19
143,62,0,20
143,63,0,20
143,64,0,20
143,65,0,20
143,66,0,21
143,67,0,21
143,68,0,22
143,69,0,22
143,70,75,23
143,71,75,23
143,72,75,23
143,73,75,23
143,74,75,23
143,75,77,24
143,76,79,25
143,77,81,26
143,78,83,27
143,79,93,28
143,80,93,28
143,81,93,28
143,82,93,28
143,83,93,28
143,84,93,28
143,85,93,28
143,86,93,28
143,87,93,28
143,88,93,28
143,89,93,28
143,90,93,28
143,91,93,28
143,92,93,28
143,93,93,28
143,94,93,28
143,95,93,28
143,96,93,28
143,97,93,28
143,98,93,28
143,99,93,28
143,100,93,28
143,101,93,28
143,102,93,28
143,103,93,28
143,104,93,28
143,105,93,28
143,106,93,28
143,107,93,28
143,108,93,28
143,109,93,28
143,110,93,28
143,111,93,28
143,112,93,28
143,113,93,28
143,114,93,28
143,115,93,28
143,116,93,28
143,117,93,28
143,118,93,28
143,119,93,28
143,120,93,28
143,121,93,28
143,122,93,28
143,123,93,28
143,124,93,28
143,125,93,28
143,126,93,28
143,127,93,28
143,128,93,28
143,129,93,28
143,130,93,28
143,131,93,28
143,132,93,28
143,133,93,28
143,134,93,28
143,135,93,28
143,136,93,28
143,137,93,28
143,138,93,28
143,139,93,28
143,140,93,28
143,141,93,28
143,142,93,28
143,143,93,28
143,144,93,28
143,145,93,28
143,146,93,28
143,147,93,28
143,148,93,28
143,149,93,28
143,150,93,28
143,151,93,28
143,152,93,28
143,153,93,28
143,154,93,28
143,155,93,28
143,156,93,28
143,157,93,28
143,158,93,28
143,159,93,28
143,160,93,28
143,161,93,28
143,162,93,28
143,163,93,28
143,164,93,28
143,165,93,28
143,166,93,28
143,167,93,28
143,168,93,28
143,169,93,28
143,170,93,28
143,171,93,28
143,172,93,28
143,173,93,28
143,174,93,28
143,175,93,28
143,176,93,28
143,177,93,28
143,178,93,28
143,179,93,28
143,180,93,28
143,181,93,28
143,182,93,28
143,183,93,28
143,184,93,28
143,185,93,28
143,186,93,28
143,187,93,28
143,188,93,28
144,1,16,4
144,2,18,5
144,3,20,6
144,4,20,6
144,5,20,6
144,6,20,6
144,7,22,7
144,8,26,9
144,9,41,9
144,10,43,10
144,11,43,10
144,12,41,9
144,13,41,7
144,14,24,7
144,15,24,8
144,16,26,8
144,17,28,10
144,18,36,13
144,19,49,13
144,20,51,11
144,21,45,10
144,22,47,13
144,23,49,13
144,24,49,13
144,25,71,14
144,26,63,15
144,27,65,18
144,28,71,20
144,29,73,21
144,30,70,23
144,31,72,23
144,32,87,24
144,33,89,24
144,34,89,26
144,35,91,27
144,36,115,29
145,1,16,4
145,2,20,6
145,3,24,8
145,4,26,8
145,5,39,8
145,6,39,8
145,7,41,9
145,8,43,10
145,9,28,9
145,10,28,9
145,11,26,8
145,12,24,8
145,13,41,9
145,14,43,10
145,15,41,9
145,16,26,7
145,17,24,8
145,18,28,9
145,19,26,8
145,20,41,10
145,21,43,11
145,22,47,13
145,23,51,15
145,24,75,16
145,25,65,17
145,26,63,17
145,27,65,18
145,28,67,19
145,29,67,19
145,30,71,21
145,31,75,23
145,32,97,25
145,33,89,26
145,34,91,27
145,35,113,28
146,1,16,4
146,2,20,6
146,3,24,8
146,4,26,8
146,5,24,7
146,6,24,8
146,7,24,7
146,8,24,7
146,9,24,7
146,10,26,9
146,11,28,9
146,12,28,9
146,13,45,11
146,14,49,13
146,15,51,13
146,16,49,9
146,17,28,7
146,18,26,8
146,19,28,10
146,20,45,10
146,21,49,12
146,22,49,11
146,23,45,8
146,24,30,8
146,25,24,6
146,26,20,5
146,27,20,5
146,28,35,6
146,29,20,4
146,30,16,4
146,31,18,4
146,32,20,4
146,33,18,4
146,34,20,5
146,35,0,5
147,1,14,3
147,2,16,4
147,3,16,4
147,4,16,4
147,5,16,4
147,6,16,4
147,7,16,4
147,8,16,4
147,9,16,4
147,10,16,4
147,11,16,4
147,12,16,3
147,13,14,3
147,14,16,4
147,15,18,4
147,16,16,4
147,17,18,5
147,18,18,4
147,19,16,4
147,20,18,5
147,21,18,4
147,22,18,5
147,23,18,5
147,24,18,4
147,25,16,4
147,26,16,4
147,27,16,3
147,28,14,3
147,29,16,4
147,30,18,5
147,31,18,4
147,32,18,4
147,33,16,4
147,34,16,3
147,35,14,3
147,36,14,3
147,37,14,3
147,38,16,4
147,39,18,4
147,40,18,5
147,41,20,6
147,42,35,6
147,43,35,6
147,44,0,4
148,1,16,4
148,2,20,6
148,3,22,6
148,4,37,8
148,5,43,8
148,6,26,8
148,7,26,8
148,8,24,8
148,9,26,7
148,10,24,7
148,11,24,7
148,12,39,9
148,13,47,12
148,14,47,9
148,15,39,8
148,16,24,5
148,17,20,6
148,18,22,7
148,19,24,8
148,20,39,8
148,21,43,9
148,22,39,8
148,23,41,10
148,24,45,10
148,25,43,9
148,26,39,7
148,27,26,9
148,28,30,11
148,29,34,11
148,30,34,13
148,31,34,11
148,32,32,10
148,33,28,9
148,34,0,6
148,35,0,3
148,36,0,2
148,37,0,2
148,38,0,0
148,39,0,0
148,40,0,0
148,41,0,0
148,42,0,0
148,43,0,0
148,44,0,0
148,45,0,0
149,1,16,4
149,2,20,6
149,3,24,8
149,4,26,9
149,5,28,8
149,6,26,8
149,7,41,10
149,8,47,11
149,9,47,10
149,10,28,9
149,11,30,11
149,12,67,12
149,13,59,14
149,14,65,18
149,15,67,18
149,16,67,17
149,17,65,16
149,18,50,15
149,19,72,15
149,20,58,17
149,21,62,19
149,22,66,21
149,23,83,23
149,24,91,26
149,25,91,27
149,26,115,29
150,1,16,4
150,2,18,5
150,3,20,6
150,4,22,7
150,5,22,7
150,6,22,6
150,7,22,6
150,8,37,8
150,9,45,11
150,10,45,11
150,11,45,11
150,12,43,10
150,13,45,9
150,14,30,10
150,15,28,9
150,16,41,10
150,17,45,10
150,18,45,10
150,19,30,10
150,20,43,11
150,21,45,11
150,22,47,13
150,23,75,13
150,24,57,13
150,25,48,12
150,26,46,14
150,27,48,15
150,28,52,18
150,29,54,18
150,30,67,19
150,31,69,19
150,32,71,20
150,33,71,18
150,34,69,19
150,35,69,19
150,36,71,18
150,37,58,18
150,38,54,16
150,39,52,17
150,40,52,17
150,41,50,17
150,42,65,16
150,43,65,17
150,44,67,19
150,45,71,21
150,46,77,23
150,47,79,25
150,48,105,28
150,49,93,28
150,50,93,28
150,51,93,28
150,52,113,29
151,1,14,3
151,2,14,3
151,3,16,4
151,4,16,4
151,5,18,5
151,6,18,5
151,7,18,5
151,8,18,5
151,9,18,5
151,10,18,5
151,11,18,5
151,12,18,5
151,13,18,5
151,14,18,5
151,15,18,4
151,16,18,4
151,17,18,4
151,18,18,4
151,19,18,3
151,20,14,3
151,21,29,4
151,22,31,5
151,23,31,2
151,24,14,2
151,25,14,3
151,26,14,2
151,27,12,2
151,28,16,4
151,29,18,5
151,30,20,5
151,31,18,4
151,32,16,3
151,33,14,2
151,34,16,4
151,35,18,5
151,36,18,4
151,37,16,4
151,38,18,5
151,39,18,4
151,40,18,5
151,41,33,5
151,42,20,6
151,43,20,4
151,44,20,5
151,45,20,5
151,46,18,4
151,47,16,3
151,48,0,1
151,49,0,1
151,50,0,1
152,1,16,4
152,2,18,5
152,3,20,6
152,4,22,6
152,5,22,6
152,6,35,6
152,7,39,8
152,8,28,8
152,9,26,7
152,10,24,7
152,11,26,8
152,12,24,7
152,13,24,6
152,14,37,7
152,15,41,8
152,16,28,7
152,17,26,7
152,18,24,8
152,19,28,9
152,20,26,7
152,21,39,8
152,22,39,7
152,23,22,5
152,24,20,6
152,25,22,6
152,26,22,7
152,27,24,8
152,28,26,7
152,29,26,7
152,30,24,7
152,31,39,8
152,32,43,10
152,33,32,9
152,34,28,8
152,35,26,9
152,36,32,11
152,37,34,11
152,38,49,12
152,39,67,12
152,40,59,13
152,41,51,13
152,42,49,11
152,43,32,10
152,44,56,11
152,45,42,13
152,46,61,15
152,47,63,16
152,48,79,20
152,49,83,21
152,50,83,21
152,51,68,19
152,52,68,21
152,53,72,23
152,54,72,23
152,55,87,23
152,56,91,25
152,57,91,27
152,58,93,28
152,59,113,29
153,1,14,3
153,2,16,4
153,3,18,4
153,4,16,3
153,5,14,3
153,6,16,4
153,7,18,5
153,8,20,5
153,9,20,5
153,10,18,5
153,11,20,5
153,12,18,5
153,13,20,6
153,14,22,6
153,15,22,7
153,16,39,7
153,17,22,6
153,18,20,6
153,19,22,7
153,20,22,7
153,21,22,6
153,22,22,6
153,23,24,8
153,24,26,9
153,25,28,9
153,26,28,9
153,27,41,9
153,28,45,11
153,29,43,10
153,30,41,8
153,31,39,8
153,32,39,7
153,33,37,7
153,34,37,7
153,35,24,8
153,36,26,8
153,37,26,9
153,38,28,9
153,39,28,9
153,40,30,8
153,41,26,7
153,42,22,4
153,43,18,4
153,44,18,4
153,45,18,4
153,46,18,4
153,47,0,4
154,1,14,3
154,2,16,4
154,3,16,4
154,4,18,5
154,5,20,5
154,6,18,5
154,7,20,5
154,8,18,3
154,9,18,5
154,10,20,5
154,11,20,5
154,12,20,5
154,13,18,3
154,14,18,5
154,15,20,6
154,16,22,7
154,17,22,7
154,18,22,7
154,19,22,7
154,20,22,7
154,21,22,7
154,22,24,7
154,23,37,7
154,24,37,7
154,25,35,7
154,26,35,6
154,27,20,5
154,28,20,5
154,29,24,8
154,30,24,7
154,31,24,7
154,32,22,7
154,33,24,8
154,34,24,8
154,35,24,8
154,36,24,7
154,37,22,6
154,38,22,6
154,39,22,6
154,40,20,5
154,41,0,4
155,1,16,4
155,2,22,7
155,3,24,8
155,4,24,7
155,5,22,7
155,6,22,6
155,7,22,7
155,8,24,7
155,9,24,7
155,10,24,6
155,11,20,5
155,12,20,5
155,13,22,7
155,14,24,8
155,15,26,7
155,16,24,6
155,17,20,4
155,18,18,5
155,19,20,5
155,20,20,5
155,21,20,5
155,22,18,4
155,23,18,4
155,24,18,4
155,25,20,6
155,26,22,6
155,27,22,5
155,28,18,4
155,29,33,4
155,30,18,3
155,31,16,2
155,32,14,1
155,33,12,1
155,34,10,1
155,35,10,1
155,36,0,0
155,37,0,0
155,38,0,0
155,39,0,0
155,40,0,0
155,41,0,0
155,42,0,0
155,43,0,0
155,44,0,0
155,45,0,0
155,46,0,0
155,47,0,0
155,48,0,0
156,1,16,4
156,2,20,6
156,3,24,7
156,4,24,7
156,5,22,7
156,6,24,7
156,7,24,7
156,8,22,7
156,9,24,7
156,10,24,7
156,11,39,8
156,12,41,8
156,13,26,8
156,14,24,7
156,15,24,7
156,16,24,6
156,17,24,8
156,18,26,8
156,19,26,8
156,20,26,7
156,21,37,8
156,22,41,9
156,23,39,7
156,24,35,6
156,25,22,6
156,26,22,6
156,27,22,6
156,28,20,5
156,29,18,3
156,30,16,3
156,31,16,4
156,32,16,3
156,33,14,1
156,34,10,1
156,35,0,0
156,36,0,0
156,37,0,0
156,38,0,0
156,39,0,0
156,40,0,0
156,41,0,0
156,42,0,0
156,43,0,0
156,44,0,0
156,45,0,0
156,46,0,0
156,47,0,0
156,48,0,0
156,49,0,0
156,50,0,0
156,51,0,0
156,52,0,0
156,53,0,0
156,54,0,0
156,55,0,0
156,56,0,0
156,57,0,0
156,58,0,0
156,59,0,0
156,60,0,0
156,61,0,0
156,62,0,0
156,63,0,0
156,64,0,0
156,65,0,0
156,66,0,0
156,67,0,0
156,68,0,0
156,69,0,0
156,70,0,0
156,71,0,0
156,72,0,0
156,73,0,0
156,74,0,0
156,75,0,0
156,76,0,0
156,77,0,0
157,1,16,4
157,2,20,6
157,3,20,5
157,4,20,6
157,5,24,7
157,6,24,6
157,7,37,8
157,8,43,9
157,9,28,8
157,10,26,7
157,11,41,8
157,12,37,6
157,13,22,5
157,14,20,4
157,15,20,5
157,16,35,5
157,17,20,5
157,18,22,6
157,19,22,4
157,20,16,2
157,21,14,2
157,22,0,2
157,23,0,1
157,24,0,1
157,25,0,1
157,26,0,0
157,27,0,0
157,28,0,0
157,29,0,0
157,30,0,0
157,31,0,0
157,32,0,0
157,33,0,0
157,34,0,0
157,35,0,0
157,36,0,0
157,37,0,0
157,38,0,0
157,39,0,0
158,1,16,4
158,2,20,6
158,3,22,7
158,4,26,7
158,5,24,7
158,6,24,8
158,7,26,8
158,8,26,7
158,9,22,7
158,10,22,7
158,11,24,8
158,12,26,9
158,13,26,8
158,14,24,8
158,15,24,7
158,16,24,7
158,17,24,8
158,18,26,9
158,19,26,9
158,20,26,9
158,21,26,8
158,22,24,6
158,23,22,5
158,24,20,5
158,25,20,5
158,26,0,4
158,27,0,4
158,28,0,2
158,29,0,2
158,30,0,2
158,31,0,1
158,32,0,1
158,33,0,0
158,34,0,0
158,35,0,0
158,36,0,0
159,1,16,4
159,2,20,6
159,3,22,7
159,4,26,9
159,5,26,9
159,6,28,10
159,7,28,10
159,8,43,11
159,9,47,12
159,10,47,10
159,11,45,10
159,12,30,9
159,13,28,10
159,14,43,10
159,15,47,12
159,16,47,10
159,17,41,7
159,18,22,7
159,19,22,6
159,20,22,7
159,21,24,7
159,22,26,9
159,23,43,10
159,24,47,10
159,25,41,10
159,26,43,6
159,27,20,5
159,28,18,4
159,29,20,6
159,30,20,5
159,31,20,5
159,32,18,5
159,33,18,4
159,34,16,3
159,35,18,4
159,36,0,4
159,37,0,4
159,38,0,3
159,39,0,1
159,40,0,0
159,41,0,0
159,42,0,0
159,43,0,0
159,44,0,0
159,45,0,0
159,46,0,0
159,47,0,0
159,48,0,0
159,49,0,0
159,50,0,0
159,51,0,0
159,52,0,0
159,53,0,0
160,1,16,4
160,2,22,7
160,3,26,9
160,4,28,9
160,5,26,7
160,6,39,9
160,7,45,11
160,8,45,10
160,9,43,9
160,10,26,8
160,11,26,9
160,12,30,11
160,13,49,13
160,14,51,13
160,15,53,15
160,16,55,15
160,17,51,12
160,18,47,10
160,19,30,8
160,20,26,8
160,21,26,8
160,22,43,11
160,23,43,7
160,24,26,7
160,25,24,8
160,26,58,12
160,27,46,15
160,28,63,16
160,29,63,16
160,30,61,14
160,31,59,13
160,32,57,14
160,33,63,17
160,34,69,19
160,35,74,19
160,36,79,21
160,37,83,23
160,38,91,27
160,39,113,28
161,1,12,2
161,2,14,3
161,3,16,4
161,4,16,3
161,5,18,5
161,6,20,6
161,7,24,7
161,8,24,7
161,9,22,7
161,10,22,7
161,11,22,7
161,12,22,6
161,13,35,7
161,14,35,5
161,15,20,4
161,16,20,5
161,17,18,2
161,18,12,1
161,19,0,0
161,20,0,0
161,21,0,0
161,22,0,0
161,23,0,0
161,24,0,0
161,25,0,0
161,26,0,0
161,27,0,0
161,28,0,0
161,29,0,0
161,30,0,0
161,31,0,0
161,32,0,0
161,33,0,0
161,34,0,0
161,35,0,0
161,36,0,0
161,37,0,0
161,38,0,0
161,39,0,0
161,40,0,0
161,41,0,0
161,42,0,0
161,43,0,0
161,44,0,0
161,45,0,0
161,46,0,0
161,47,0,0
161,48,0,0
162,1,14,3
162,2,14,3
162,3,14,3
162,4,16,4
162,5,18,5
162,6,18,5
162,7,18,5
162,8,18,5
162,9,18,5
162,10,18,5
162,11,18,5
162,12,20,6
162,13,20,6
162,14,22,7
162,15,24,8
162,16,26,9
162,17,28,10
162,18,52,11
162,19,38,11
162,20,44,14
162,21,46,15
162,22,65,18
162,23,91,21
162,24,81,22
162,25,83,22
162,26,81,21
162,27,68,20
162,28,66,19
162,29,66,21
162,30,66,21
162,31,68,22
162,32,85,23
162,33,87,24
162,34,87,25
162,35,89,26
162,36,113,27
163,1,16,4
163,2,20,6
163,3,20,6
163,4,22,7
163,5,26,8
163,6,24,8
163,7,24,6
163,8,20,5
163,9,22,7
163,10,24,7
163,11,24,8
163,12,39,7
163,13,22,6
163,14,22,7
163,15,26,9
163,16,26,9
163,17,26,7
163,18,22,6
163,19,20,5
163,20,18,3
163,21,14,2
163,22,12,1
163,23,10,1
163,24,12,1
163,25,0,0
163,26,0,0
163,27,0,0
163,28,0,0
163,29,0,0
163,30,0,0
163,31,0,0
163,32,0,0
163,33,0,0
163,34,0,0
163,35,0,0
163,36,0,0
163,37,0,0
163,38,0,0
163,39,0,0
163,40,0,0
163,41,0,0
164,1,16,4
164,2,20,6
164,3,24,8
164,4,24,8
164,5,24,8
164,6,24,8
164,7,26,9
164,8,28,10
164,9,28,9
164,10,26,9
164,11,26,8
164,12,26,9
164,13,43,10
164,14,43,8
164,15,26,7
164,16,39,9
164,17,43,9
164,18,28,10
164,19,32,11
164,20,30,10
164,21,43,10
164,22,47,11
164,23,47,11
164,24,43,9
164,25,32,10
164,26,28,7
164,27,24,8
164,28,26,8
164,29,24,7
164,30,24,6
164,31,22,5
164,32,22,7
164,33,37,7
164,34,24,8
164,35,26,9
164,36,28,9
164,37,26,8
164,38,24,8
164,39,24,7
164,40,22,7
164,41,22,6
164,42,20,6
164,43,22,5
164,44,18,4
164,45,16,2
164,46,0,1
164,47,0,0
164,48,0,0
164,49,0,0
164,50,0,0
165,1,12,2
165,2,16,4
165,3,18,4
165,4,18,5
165,5,20,6
165,6,20,5
165,7,18,4
165,8,18,4
165,9,18,4
165,10,16,4
165,11,16,3
165,12,16,3
165,13,16,3
165,14,16,4
165,15,18,5
165,16,22,5
165,17,20,4
165,18,18,5
165,19,18,4
165,20,18,4
165,21,16,3
165,22,18,3
165,23,18,4
165,24,18,4
165,25,18,4
165,26,18,3
165,27,14,1
165,28,10,1
165,29,10,1
165,30,12,1
165,31,10,1
165,32,12,2
165,33,14,2
165,34,0,0
165,35,0,0
165,36,0,0
165,37,0,0
165,38,0,0
165,39,0,0
165,40,0,0
165,41,0,0
166,1,14,3
166,2,14,3
166,3,14,3
166,4,16,4
166,5,18,4
166,6,18,5
166,7,18,4
166,8,16,3
166,9,16,3
166,10,16,4
166,11,18,5
166,12,18,4
166,13,16,3
166,14,18,4
166,15,16,3
166,16,14,1
166,17,14,3
166,18,16,4
166,19,18,4
166,20,16,3
166,21,14,2
166,22,0,1
166,23,0,0
166,24,0,0
166,25,0,0
166,26,0,0
166,27,0,0
166,28,0,0
166,29,0,0
166,30,0,0
166,31,0,0
166,32,0,0
166,33,0,0
166,34,0,0
166,35,0,0
166,36,0,0
166,37,0,0
166,38,0,0
166,39,0,0
166,40,0,0
166,41,0,0
166,42,0,0
166,43,0,0
167,1,16,4
167,2,18,4
167,3,18,5
167,4,20,6
167,5,22,7
167,6,24,7
167,7,22,7
167,8,26,9
167,9,26,7
167,10,22,6
167,11,20,6
167,12,20,6
167,13,22,6
167,14,22,5
167,15,18,3
167,16,18,4
167,17,31,4
167,18,33,6
167,19,37,7
167,20,37,6
167,21,35,4
167,22,18,4
167,23,22,5
167,24,20,4
167,25,33,6
167,26,39,8
167,27,26,5
167,28,20,6
167,29,20,4
167,30,16,3
167,31,14,2
167,32,0,0
167,33,0,0
167,34,0,0
167,35,0,0
167,36,0,0
167,37,0,0
167,38,0,0
167,39,0,0
167,40,0,0
167,41,0,0
167,42,0,0
167,43,0,0
167,44,0,0
167,45,0,0
167,46,0,0
168,1,14,3
168,2,16,4
168,3,16,4
168,4,18,5
168,5,18,5
168,6,20,6
168,7,20,4
168,8,33,5
168,9,20,6
168,10,20,5
168,11,18,3
168,12,18,5
168,13,22,7
168,14,37,8
168,15,39,8
168,16,39,9
168,17,43,9
168,18,39,7
168,19,26,7
168,20,24,6
168,21,20,5
168,22,20,5
168,23,22,7
168,24,24,7
168,25,22,6
168,26,22,7
168,27,24,8
168,28,26,8
168,29,24,5
168,30,20,5
168,31,37,8
168,32,39,8
168,33,26,6
168,34,20,2
168,35,14,3
168,36,16,3
168,37,14,1
168,38,10,1
168,39,10,1
168,40,12,2
168,41,12,1
168,42,0,0
168,43,0,0
168,44,0,0
169,1,14,3
169,2,16,4
169,3,18,5
169,4,20,6
169,5,22,6
169,6,20,5
169,7,20,6
169,8,22,7
169,9,22,6
169,10,22,6
169,11,22,7
169,12,22,7
169,13,26,9
169,14,28,10
169,15,28,9
169,16,26,8
169,17,24,8
169,18,24,8
169,19,26,9
169,20,28,10
169,21,30,11
169,22,32,11
169,23,45,12
169,24,49,13
169,25,49,14
169,26,51,15
169,27,55,15
169,28,53,15
169,29,79,17
169,30,95,17
169,31,62,18
169,32,62,18
169,33,64,20
169,34,68,22
169,35,72,24
169,36,74,24
169,37,91,27
169,38,93,27
169,39,91,27
169,40,91,27
169,41,91,27
169,42,93,28
169,43,113,29
170,1,16,4
170,2,18,5
170,3,20,5
170,4,18,5
170,5,20,6
170,6,20,6
170,7,20,5
170,8,20,6
170,9,22,7
170,10,22,7
170,11,22,6
170,12,20,5
170,13,20,5
170,14,18,5
170,15,18,4
170,16,20,6
170,17,24,7
170,18,22,5
170,19,18,3
170,20,16,3
170,21,0,2
170,22,0,1
170,23,0,1
170,24,0,0
170,25,0,0
170,26,0,0
170,27,0,0
170,28,0,0
170,29,0,0
170,30,0,0
170,31,0,0
170,32,0,0
170,33,0,0
171,1,12,2
171,2,12,2
171,3,14,3
171,4,16,4
171,5,18,5
171,6,20,5
171,7,18,4
171,8,18,4
171,9,18,5
171,10,20,4
171,11,20,5
171,12,20,6
171,13,22,6
171,14,35,7
171,15,37,6
171,16,22,7
171,17,24,6
171,18,22,6
171,19,20,4
171,20,16,3
171,21,16,4
171,22,20,5
171,23,20,4
171,24,16,2
171,25,14,2
171,26,0,0
171,27,0,0
171,28,0,0
171,29,0,0
171,30,0,0
171,31,0,0
171,32,0,0
171,33,0,0
171,34,0,0
171,35,0,0
171,36,0,0
171,37,0,0
171,38,0,0
172,1,14,3
172,2,16,4
172,3,18,4
172,4,16,4
172,5,18,5
172,6,18,5
172,7,18,5
172,8,18,5
172,9,18,5
172,10,18,5
172,11,18,5
172,12,20,6
172,13,20,6
172,14,20,5
172,15,18,5
172,16,18,5
172,17,18,4
172,18,16,3
172,19,16,3
172,20,18,5
172,21,20,5
172,22,18,5
172,23,18,4
172,24,16,4
172,25,16,2
172,26,14,2
172,27,14,3
172,28,16,3
172,29,16,3
172,30,16,4
172,31,18,4
172,32,18,5
172,33,20,5
172,34,18,5
172,35,20,6
172,36,20,5
172,37,18,2
172,38,12,1
172,39,12,2
172,40,12,2
172,41,14,3
172,42,14,3
172,43,16,4
172,44,18,5
172,45,20,5
172,46,20,6
172,47,20,5
172,48,20,5
172,49,18,4
172,50,16,4
172,51,16,4
172,52,16,3
172,53,16,4
172,54,16,4
172,55,16,4
172,56,16,3
172,57,14,2
172,58,12,2
172,59,12,2
172,60,12,1
172,61,12,2
172,62,12,2
172,63,12,1
172,64,0,0
173,1,12,2
173,2,12,2
173,3,12,2
173,4,12,2
173,5,14,3
173,6,14,3
173,7,14,3
173,8,14,3
173,9,16,4
173,10,16,4
173,11,16,3
173,12,16,4
173,13,16,3
173,14,16,4
173,15,16,3
173,16,16,4
173,17,16,3
173,18,16,4
173,19,16,4
173,20,16,4
173,21,16,3
173,22,16,2
173,23,12,1
173,24,0,0
173,25,0,0
173,26,0,0
173,27,0,0
173,28,0,0
174,1,14,3
174,2,16,4
174,3,16,4
174,4,16,4
174,5,18,4
174,6,18,4
174,7,18,5
174,8,20,6
174,9,22,6
174,10,20,5
174,11,18,5
174,12,18,4
174,13,16,4
174,14,16,3
174,15,14,3
174,16,18,5
174,17,22,6
174,18,20,4
174,19,16,3
174,20,16,4
174,21,16,4
174,22,18,5
174,23,20,6
174,24,20,6
174,25,20,5
174,26,18,4
174,27,16,4
174,28,16,4
174,29,18,5
174,30,22,7
174,31,22,7
174,32,24,7
174,33,22,7
174,34,24,8
174,35,24,7
174,36,22,6
174,37,20,4
174,38,16,3
174,39,14,3
174,40,14,3
174,41,14,3
174,42,14,2
174,43,0,2
175,1,14,3
175,2,16,4
175,3,18,5
175,4,18,4
175,5,16,3
175,6,16,4
175,7,18,4
175,8,18,5
175,9,20,5
175,10,20,5
175,11,18,5
175,12,18,4
175,13,18,5
175,14,22,6
175,15,20,6
175,16,22,6
175,17,35,7
175,18,37,8
175,19,39,9
175,20,39,8
175,21,24,7
175,22,24,8
175,23,26,9
175,24,28,9
175,25,28,9
175,26,26,8
175,27,24,5
175,28,33,4
175,29,31,2
175,30,14,1
175,31,12,2
175,32,16,4
175,33,18,4
175,34,16,3
175,35,16,3
175,36,0,1
175,37,0,0
175,38,0,0
175,39,0,0
175,40,0,0
175,41,0,0
175,42,0,0
176,1,14,3
176,2,14,3
176,3,16,4
176,4,18,5
176,5,18,5
176,6,18,5
176,7,20,6
176,8,35,6
176,9,22,6
176,10,20,5
176,11,20,6
176,12,37,8
176,13,43,10
176,14,30,7
176,15,24,8
176,16,28,8
176,17,26,8
176,18,39,9
176,19,45,11
176,20,43,9
176,21,43,10
176,22,43,8
176,23,26,6
176,24,24,8
176,25,26,9
176,26,28,10
176,27,30,10
176,28,30,10
176,29,58,12
176,30,40,11
176,31,42,12
176,32,40,11
176,33,55,10
176,34,53,9
176,35,36,6
176,36,32,6
176,37,28,3
176,38,24,3
176,39,26,4
176,40,18,4
176,41,18,3
176,42,16,1
176,43,0,0
177,1,16,4
177,2,22,7
177,3,24,8
177,4,24,6
177,5,20,5
177,6,22,7
177,7,24,7
177,8,24,7
177,9,22,5
177,10,20,6
177,11,24,7
177,12,24,7
177,13,24,7
177,14,22,6
177,15,22,7
177,16,24,7
177,17,24,7
177,18,26,9
177,19,30,10
177,20,32,8
177,21,24,7
177,22,24,6
177,23,24,6
177,24,20,6
177,25,22,6
177,26,22,7
177,27,22,6
177,28,20,4
177,29,16,2
177,30,12,1
177,31,12,2
177,32,14,3
177,33,18,5
177,34,22,7
177,35,22,5
177,36,20,4
177,37,31,4
177,38,33,3
177,39,14,2
177,40,16,4
177,41,20,3
177,42,16,3
177,43,18,4
177,44,18,4
177,45,20,5
177,46,22,6
177,47,20,5
177,48,18,3
177,49,0,1
178,1,12,2
178,2,14,3
178,3,14,3
178,4,16,4
178,5,18,5
178,6,20,6
178,7,22,7
178,8,22,7
178,9,22,7
178,10,22,7
178,11,22,7
178,12,22,7
178,13,22,7
178,14,22,7
178,15,22,7
178,16,22,7
178,17,22,7
178,18,22,6
178,19,22,6
178,20,22,7
178,21,39,8
178,22,26,8
178,23,48,9
178,24,34,7
178,25,30,6
178,26,30,6
178,27,30,6
178,28,30,7
178,29,36,9
178,30,38,10
178,31,38,11
178,32,42,13
178,33,42,12
178,34,40,11
178,35,40,11
178,36,38,10
178,37,36,8
178,38,0,6
178,39,0,7
178,40,0,8
178,41,0,8
178,42,0,8
178,43,0,7
178,44,0,7
178,45,0,4
178,46,0,3
179,1,14,3
179,2,18,5
179,3,22,7
179,4,22,7
179,5,24,8
179,6,24,8
179,7,41,10
179,8,45,11
179,9,45,12
179,10,47,13
179,11,49,14
179,12,49,14
179,13,51,14
179,14,49,12
179,15,47,13
179,16,49,14
179,17,69,15
179,18,61,15
179,19,48,14
179,20,46,15
179,21,48,16
179,22,70,17
179,23,60,17
179,24,75,19
179,25,81,22
179,26,85,23
179,27,85,24
179,28,87,24
179,29,87,25
179,30,115,27
180,1,14,3
180,2,14,3
180,3,16,4
180,4,16,4
180,5,18,5
180,6,18,5
180,7,18,5
180,8,18,4
180,9,16,3
180,10,16,4
180,11,18,4
180,12,16,4
180,13,18,4
180,14,16,4
180,15,16,4
180,16,16,4
180,17,16,3
180,18,16,4
180,19,18,5
180,20,18,5
180,21,18,5
180,22,33,6
180,23,35,5
180,24,18,4
180,25,18,5
180,26,18,4
180,27,16,3
180,28,16,3
180,29,16,4
180,30,18,5
180,31,35,7
180,32,39,6
180,33,33,4
180,34,16,2
180,35,14,2
180,36,16,3
180,37,16,4
180,38,16,3
180,39,14,3
180,40,16,3
180,41,14,1
180,42,10,1
180,43,10,1
180,44,10,1
180,45,10,1
180,46,10,1
180,47,12,1
180,48,0,0
180,49,0,0
180,50,0,0
180,51,0,0
180,52,0,0
180,53,0,0
180,54,0,0
180,55,0,0
180,56,0,0
180,57,0,0
180,58,0,0
180,59,0,0
180,60,0,0
181,1,12,2
181,2,14,3
181,3,14,3
181,4,14,3
181,5,14,2
181,6,14,3
181,7,16,4
181,8,16,3
181,9,14,2
181,10,14,3
181,11,16,4
181,12,16,3
181,13,14,3
181,14,14,3
181,15,14,2
181,16,14,3
181,17,16,4
181,18,16,4
181,19,18,5
181,20,18,4
181,21,18,5
181,22,18,5
181,23,22,6
181,24,20,5
181,25,18,4
181,26,16,4
181,27,18,5
181,28,20,6
181,29,20,5
181,30,18,5
181,31,20,6
181,32,20,5
181,33,18,4
181,34,16,4
181,35,16,4
181,36,20,6
181,37,20,6
181,38,35,5
181,39,0,3
181,40,0,1
181,41,0,1
181,42,0,0
181,43,0,0
181,44,0,0
181,45,0,0
181,46,0,0
181,47,0,0
182,1,12,2
182,2,12,2
182,3,14,3
182,4,16,3
182,5,14,3
182,6,16,3
182,7,16,3
182,8,16,3
182,9,16,4
182,10,18,5
182,11,20,4
182,12,16,4
182,13,31,4
182,14,16,4
182,15,18,5
182,16,20,5
182,17,18,5
182,18,18,5
182,19,20,5
182,20,18,4
182,21,16,2
182,22,12,2
182,23,12,2
182,24,12,1
182,25,0,0
182,26,0,0
182,27,0,0
182,28,0,0
182,29,0,0
182,30,0,0
182,31,0,0
182,32,0,0
182,33,0,0
182,34,0,0
182,35,0,0
182,36,0,0
183,1,16,4
183,2,20,6
183,3,22,6
183,4,22,7
183,5,24,7
183,6,24,7
183,7,22,5
183,8,18,4
183,9,16,3
183,10,16,4
183,11,18,5
183,12,22,7
183,13,24,6
183,14,20,3
183,15,14,3
183,16,14,2
183,17,12,1
183,18,10,1
183,19,12,2
183,20,18,5
183,21,22,5
183,22,18,3
183,23,0,2
183,24,0,2
183,25,0,0
183,26,0,0
183,27,0,0
183,28,0,0
183,29,0,0
183,30,0,0
183,31,0,0
183,32,0,0
183,33,0,0
183,34,0,0
183,35,0,0
183,36,0,0
183,37,0,0
183,38,0,0
183,39,0,0
183,40,0,0
183,41,0,0
183,42,0,0
183,43,0,0
184,1,14,3
184,2,16,4
184,3,16,3
184,4,14,2
184,5,14,3
184,6,14,3
184,7,16,3
184,8,14,3
184,9,14,2
184,10,12,2
184,11,18,5
184,12,20,5
184,13,18,4
184,14,16,3
184,15,14,2
184,16,12,1
184,17,12,2
184,18,14,2
184,19,12,2
184,20,12,1
184,21,0,0
184,22,0,0
184,23,0,0
184,24,0,0
184,25,0,0
184,26,0,0
184,27,0,0
184,28,0,0
184,29,0,0
184,30,0,0
185,1,12,2
185,2,16,4
185,3,18,5
185,4,18,4
185,5,16,4
185,6,16,4
185,7,16,3
185,8,16,3
185,9,16,4
185,10,18,5
185,11,33,5
185,12,18,5
185,13,20,6
185,14,35,5
185,15,18,3
185,16,16,2
185,17,16,3
185,18,16,3
185,19,16,3
185,20,14,3
185,21,14,3
185,22,14,1
185,23,10,1
185,24,12,2
185,25,12,2
185,26,14,3
185,27,14,3
185,28,14,2
185,29,0,0
185,30,0,0
185,31,0,0
185,32,0,0
185,33,0,0
185,34,0,0
185,35,0,0
185,36,0,0
185,37,0,0
185,38,0,0
185,39,0,0
185,40,0,0
185,41,0,0
185,42,0,0
185,43,0,0
185,44,0,0
185,45,0,0
186,1,18,5
186,2,18,5
186,3,20,6
186,4,20,6
186,5,22,7
186,6,24,8
186,7,26,9
186,8,28,9
186,9,26,7
186,10,39,9
186,11,45,10
186,12,43,8
186,13,28,8
186,14,26,8
186,15,24,7
186,16,24,8
186,17,30,10
186,18,49,13
186,19,49,11
186,20,43,7
186,21,24,5
186,22,20,6
186,23,22,6
186,24,20,6
186,25,20,5
186,26,18,4
186,27,18,4
186,28,0,1
187,1,14,3
187,2,16,4
187,3,22,6
187,4,20,5
187,5,20,6
187,6,24,8
187,7,28,9
187,8,26,8
187,9,24,8
187,10,24,8
187,11,26,9
187,12,43,11
187,13,49,14
187,14,53,16
187,15,57,17
187,16,57,17
187,17,77,18
187,18,76,16
187,19,58,17
187,20,60,17
187,21,77,19
187,22,79,21
187,23,81,21
187,24,83,23
187,25,87,25
187,26,119,29
188,1,16,4
188,2,20,5
188,3,22,7
188,4,26,9
188,5,26,7
188,6,22,6
188,7,20,6
188,8,24,8
188,9,26,9
188,10,26,7
188,11,22,6
188,12,22,6
188,13,20,6
188,14,22,6
188,15,22,7
188,16,24,7
188,17,22,7
188,18,24,7
188,19,24,7
188,20,22,6
188,21,20,5
188,22,22,7
188,23,26,9
188,24,26,7
188,25,24,8
188,26,26,9
188,27,26,8
188,28,26,8
188,29,26,9
188,30,30,10
188,31,32,10
188,32,43,10
188,33,43,9
188,34,30,8
188,35,26,7
188,36,28,8
188,37,39,8
188,38,43,10
188,39,49,12
188,40,38,11
188,41,32,9
188,42,28,7
188,43,22,6
188,44,22,7
188,45,39,9
188,46,43,11
188,47,45,9
188,48,28,7
188,49,22,5
188,50,20,3
188,51,14,1
188,52,0,0
189,1,14,3
189,2,14,3
189,3,14,3
189,4,16,4
189,5,16,4
189,6,16,4
189,7,16,4
189,8,16,3
189,9,14,3
189,10,14,3
189,11,14,3
189,12,14,3
189,13,14,3
189,14,14,3
189,15,16,3
189,16,16,4
189,17,16,3
189,18,14,3
189,19,16,4
189,20,18,4
189,21,16,3
189,22,14,3
189,23,18,5
189,24,20,5
189,25,18,5
189,26,20,6
189,27,20,5
189,28,18,5
189,29,22,7
189,30,24,8
189,31,43,11
189,32,49,13
189,33,77,12
189,34,57,13
189,35,46,13
189,36,42,12
189,37,44,14
189,38,46,15
189,39,72,16
189,40,58,17
189,41,77,20
189,42,79,21
189,43,85,24
189,44,87,25
189,45,87,25
189,46,89,26
189,47,91,27
189,48,101,28
190,1,16,4
190,2,20,6
190,3,24,8
190,4,28,9
190,5,41,9
190,6,43,11
190,7,49,14
190,8,53,15
190,9,53,15
190,10,51,14
190,11,51,15
190,12,51,14
190,13,49,13
190,14,49,13
190,15,69,15
190,16,61,15
190,17,48,14
190,18,46,15
190,19,50,16
190,20,103,19
190,21,68,21
190,22,85,24
190,23,89,26
190,24,91,27
190,25,93,27
190,26,93,28
190,27,113,29
191,1,16,4
191,2,20,6
191,3,24,7
191,4,37,8
191,5,41,8
191,6,37,7
191,7,39,8
191,8,24,7
191,9,22,7
191,10,24,8
191,11,28,7
191,12,26,7
191,13,24,6
191,14,22,7
191,15,37,6
191,16,37,6
191,17,37,6
191,18,22,5
191,19,20,5
191,20,24,8
191,21,28,8
191,22,39,8
191,23,43,10
191,24,45,12
191,25,47,12
191,26,47,10
191,27,45,8
191,28,28,10
191,29,32,10
191,30,43,9
191,31,43,9
191,32,45,11
191,33,47,11
191,34,45,11
191,35,49,12
191,36,47,12
191,37,32,10
191,38,30,10
191,39,54,12
191,40,59,14
191,41,61,15
191,42,63,17
191,43,67,19
191,44,73,21
191,45,83,22
191,46,83,22
191,47,70,22
191,48,70,22
191,49,85,24
191,50,87,25
191,51,93,28
191,52,93,28
191,53,93,28
191,54,93,28
191,55,93,28
191,56,93,28
191,57,93,28
191,58,93,28
191,59,113,29
192,1,14,3
192,2,16,4
192,3,16,4
192,4,20,5
192,5,20,6
192,6,35,6
192,7,22,6
192,8,22,7
192,9,24,6
192,10,22,6
192,11,20,4
192,12,16,1
192,13,12,2
192,14,16,4
192,15,18,4
192,16,18,4
192,17,18,3
192,18,14,2
192,19,14,2
192,20,16,4
192,21,20,5
192,22,18,4
192,23,16,2
192,24,12,1
192,25,12,1
192,26,10,1
192,27,10,1
192,28,10,1
192,29,10,1
192,30,12,1
192,31,0,0
192,32,0,0
192,33,0,0
192,34,0,0
193,1,16,4
193,2,20,6
193,3,26,9
193,4,28,10
193,5,43,11
193,6,47,12
193,7,47,13
193,8,47,12
193,9,47,13
193,10,47,12
193,11,45,12
193,12,47,12
193,13,45,12
193,14,47,13
193,15,49,14
193,16,73,14
193,17,61,14
193,18,57,14
193,19,63,16
193,20,65,18
193,21,71,18
193,22,65,17
193,23,63,17
193,24,67,17
193,25,52,17
193,26,52,18
193,27,54,19
193,28,71,20
193,29,75,22
193,30,77,24
193,31,79,24
193,32,79,24
193,33,103,26
193,34,93,28
193,35,113,29
194,1,16,4
194,2,20,6
194,3,22,6
194,4,22,6
194,5,20,6
194,6,22,7
194,7,24,7
194,8,24,8
194,9,28,8
194,10,24,6
194,11,35,6
194,12,37,6
194,13,24,6
194,14,22,6
194,15,20,5
194,16,22,7
194,17,24,8
194,18,24,7
194,19,24,6
194,20,22,7
194,21,26,8
194,22,24,7
194,23,24,7
194,24,22,6
194,25,20,6
194,26,22,6
194,27,22,5
194,28,18,3
194,29,16,4
194,30,20,6
194,31,22,7
194,32,24,7
194,33,24,8
194,34,26,9
194,35,26,8
194,36,24,6
194,37,24,7
194,38,22,6
194,39,20,5
194,40,18,4
194,41,16,3
194,42,16,2
194,43,14,2
194,44,12,1
194,45,14,3
194,46,18,5
194,47,18,4
194,48,16,3
194,49,18,5
194,50,18,4
194,51,18,4
194,52,20,6
194,53,24,6
194,54,22,7
194,55,24,7
194,56,24,7
194,57,24,7
194,58,37,7
194,59,41,10
194,60,45,12
194,61,47,12
194,62,47,10
194,63,32,12
194,64,42,12
194,65,40,11
194,66,40,12
194,67,44,14
194,68,63,17
194,69,65,17
194,70,79,20
194,71,81,21
194,72,79,20
194,73,66,19
194,74,79,21
194,75,85,24
194,76,115,26
195,1,18,5
195,2,24,8
195,3,26,8
195,4,26,8
195,5,26,9
195,6,28,10
195,7,28,10
195,8,45,12
195,9,53,14
195,10,51,14
195,11,51,13
195,12,38,13
195,13,36,14
195,14,51,15
195,15,53,15
195,16,51,14
195,17,36,13
195,18,34,12
195,19,49,13
195,20,71,13
195,21,59,13
195,22,59,15
195,23,65,18
195,24,67,18
195,25,52,14
195,26,48,14
195,27,68,15
195,28,73,18
195,29,81,21
195,30,81,21
195,31,81,20
195,32,68,21
195,33,70,22
195,34,68,21
195,35,72,20
195,36,83,19
195,37,81,18
195,38,79,19
195,39,83,21
195,40,83,22
195,41,85,23
195,42,89,25
195,43,91,26
195,44,91,27
195,45,93,26
195,46,89,26
195,47,91,27
195,48,113,28
196,1,14,3
196,2,14,3
196,3,16,4
196,4,16,4
196,5,16,4
196,6,31,5
196,7,33,6
196,8,37,8
196,9,37,7
196,10,37,8
196,11,37,6
196,12,35,6
196,13,22,6
196,14,20,6
196,15,22,7
196,16,22,6
196,17,22,7
196,18,24,8
196,19,28,10
196,20,81,12
196,21,40,11
196,22,40,11
196,23,38,11
196,24,38,10
196,25,36,9
196,26,36,10
196,27,38,11
196,28,40,12
196,29,40,12
196,30,40,12
196,31,42,13
196,32,42,13
196,33,44,14
196,34,58,16
196,35,58,17
196,36,73,18
196,37,73,18
196,38,75,19
196,39,77,20
196,40,89,22
197,1,16,4
197,2,20,6
197,3,22,7
197,4,24,7
197,5,22,7
197,6,22,6
197,7,22,6
197,8,22,7
197,9,24,7
197,10,22,6
197,11,22,6
197,12,24,8
197,13,26,8
197,14,24,8
197,15,24,7
197,16,22,6
197,17,20,6
197,18,24,8
197,19,41,8
197,20,39,9
197,21,47,13
197,22,51,11
197,23,45,8
197,24,26,8
197,25,26,8
197,26,24,4
197,27,18,4
197,28,0,1
197,29,0,0
197,30,0,0
197,31,0,0
197,32,0,0
197,33,0,0
197,34,0,0
198,1,14,3
198,2,14,3
198,3,16,4
198,4,18,5
198,5,20,5
198,6,20,6
198,7,20,4
198,8,16,3
198,9,16,4
198,10,16,4
198,11,18,5
198,12,20,6
198,13,22,6
198,14,20,6
198,15,20,5
198,16,18,4
198,17,16,3
198,18,16,2
198,19,14,3
198,20,16,4
198,21,16,4
198,22,16,4
198,23,16,3
198,24,16,4
198,25,18,5
198,26,20,5
198,27,20,6
198,28,22,6
198,29,22,7
198,30,24,6
198,31,22,6
198,32,22,6
198,33,20,5
198,34,18,4
198,35,18,5
198,36,18,5
198,37,20,6
198,38,20,5
198,39,18,5
198,40,18,3
198,41,0,2
199,1,12,2
199,2,12,2
199,3,14,3
199,4,14,3
199,5,16,4
199,6,16,4
199,7,16,4
199,8,18,5
199,9,20,5
199,10,18,5
199,11,18,5
199,12,18,5
199,13,18,5
199,14,18,5
199,15,20,6
199,16,26,9
199,17,41,10
199,18,45,12
199,19,49,12
199,20,34,12
199,21,36,11
199,22,44,13
199,23,46,15
199,24,46,14
199,25,44,13
199,26,44,13
199,27,42,12
199,28,40,10
199,29,51,9
199,30,51,10
199,31,49,9
199,32,38,8
199,33,34,8
199,34,38,10
199,35,40,11
199,36,40,12
199,37,40,10
199,38,38,7
199,39,22,6
199,40,22,4
199,41,31,4
199,42,0,3
200,1,16,4
200,2,20,5
200,3,22,7
200,4,26,8
200,5,26,8
200,6,24,7
200,7,22,6
200,8,22,7
200,9,41,9
200,10,43,10
200,11,43,10
200,12,45,11
200,13,45,10
200,14,30,9
200,15,41,9
200,16,41,10
200,17,47,13
200,18,53,14
200,19,49,12
200,20,45,10
200,21,28,7
200,22,24,8
200,23,24,6
200,24,22,6
200,25,35,6
200,26,39,8
200,27,39,9
200,28,43,10
200,29,41,7
200,30,35,6
200,31,20,4
200,32,16,3
200,33,14,2
200,34,0,1
200,35,0,1
200,36,0,1
200,37,0,1
200,38,0,1
200,39,0,0
200,40,0,0
200,41,0,0
200,42,0,0
200,43,0,0
200,44,0,0
200,45,0,0
200,46,0,0
200,47,0,0
200,48,0,0
200,49,0,0
201,1,16,4
201,2,22,7
201,3,26,8
201,4,26,8
201,5,24,7
201,6,22,7
201,7,22,7
201,8,24,8
201,9,26,6
201,10,20,5
201,11,18,5
201,12,18,5
201,13,18,5
201,14,20,6
201,15,24,7
201,16,24,7
201,17,24,6
201,18,37,8
201,19,41,8
201,20,24,6
201,21,22,7
201,22,22,6
201,23,22,4
201,24,18,5
201,25,20,6
201,26,26,8
201,27,24,6
201,28,35,6
201,29,39,8
201,30,41,6
201,31,35,5
201,32,20,5
201,33,20,4
201,34,18,4
201,35,20,5
201,36,20,4
201,37,18,5
201,38,33,5
201,39,33,5
201,40,35,4
201,41,20,5
201,42,22,7
201,43,22,5
201,44,20,4
201,45,33,6
201,46,37,6
201,47,20,3
201,48,16,4
201,49,18,4
201,50,20,5
201,51,18,3
201,52,14,2
201,53,14,2
201,54,14,1
201,55,0,0
201,56,0,0
201,57,0,0
201,58,0,0
201,59,0,0
201,60,0,0
201,61,0,0
201,62,0,0
201,63,0,0
202,1,14,3
202,2,16,4
202,3,22,6
202,4,20,5
202,5,20,5
202,6,18,4
202,7,31,5
202,8,35,6
202,9,22,6
202,10,20,5
202,11,20,3
202,12,16,3
202,13,16,3
202,14,16,4
202,15,16,3
202,16,16,4
202,17,18,4
202,18,18,4
202,19,16,3
202,20,14,2
202,21,12,2
202,22,12,1
202,23,0,0
202,24,0,0
202,25,0,0
202,26,0,0
202,27,0,0
202,28,0,0
202,29,0,0
202,30,0,0
202,31,0,0
202,32,0,0
202,33,0,0
202,34,0,0
203,1,14,3
203,2,18,5
203,3,18,5
203,4,18,5
203,5,18,5
203,6,18,4
203,7,18,5
203,8,20,6
203,9,20,6
203,10,20,6
203,11,20,6
203,12,20,6
203,13,20,6
203,14,20,6
203,15,20,6
203,16,20,6
203,17,20,6
203,18,20,6
203,19,20,6
203,20,20,6
203,21,20,6
203,22,20,6
203,23,20,6
203,24,20,6
203,25,20,6
203,26,20,6
203,27,20,6
203,28,20,6
203,29,20,6
203,30,20,6
203,31,20,6
203,32,20,6
203,33,20,6
203,34,20,6
203,35,20,6
203,36,20,6
203,37,20,6
203,38,20,6
203,39,20,6
203,40,20,6
203,41,20,6
203,42,20,6
203,43,20,6
203,44,20,6
203,45,20,6
203,46,20,6
203,47,20,6
203,48,20,6
203,49,20,6
203,50,20,6
203,51,20,6
203,52,20,6
203,53,20,6
203,54,20,6
203,55,20,6
203,56,20,6
203,57,20,6
203,58,20,6
203,59,20,6
203,60,20,6
203,61,20,6
203,62,20,6
203,63,20,6
203,64,20,6
203,65,20,6
203,66,20,6
203,67,20,6
203,68,20,6
203,69,20,6
203,70,20,6
203,71,20,6
203,72,20,6
203,73,20,6
203,74,20,6
203,75,20,6
203,76,20,6
203,77,20,6
203,78,20,6
203,79,20,6
203,80,20,6
203,81,20,6
203,82,20,6
203,83,20,6
203,84,20,6
203,85,20,6
203,86,20,6
203,87,20,6
203,88,20,6
203,89,20,6
203,90,20,6
203,91,20,6
203,92,20,6
203,93,20,6
203,94,20,6
203,95,20,6
203,96,20,6
203,97,20,6
203,98,20,6
203,99,20,6
203,100,20,6
203,101,20,6
203,102,20,6
203,103,20,6
203,104,20,6
203,105,20,6
203,106,20,6
203,107,20,6
203,108,20,6
203,109,20,6
203,110,20,6
203,111,20,6
203,112,20,6
203,113,20,6
203,114,20,6
203,115,20,6
203,116,20,6
203,117,20,6
203,118,20,6
203,119,20,6
203,120,20,6
203,121,20,6
203,122,20,6
203,123,20,6
203,124,20,6
203,125,20,6
203,126,20,6
203,127,20,6
203,128,20,6
203,129,20,6
203,130,20,6
203,131,20,6
203,132,20,6
203,133,20,6
203,134,20,6
203,135,20,6
203,136,20,6
203,137,20,6
203,138,20,6
203,139,20,6
203,140,20,6
203,141,20,6
203,142,20,6
203,143,20,6
203,144,20,6
203,145,20,6
203,146,20,6
203,147,20,6
203,148,20,6
203,149,20,6
203,150,20,6
203,151,20,6
203,152,20,6
203,153,20,6
203,154,20,6
203,155,20,6
203,156,20,6
203,157,20,6
203,158,20,6
203,159,20,6
203,160,20,6
203,161,20,6
203,162,20,6
203,163,20,6
203,164,20,6
203,165,20,6
203,166,20,6
203,167,20,6
203,168,20,6
203,169,20,6
203,170,20,6
203,171,20,6
203,172,20,6
203,173,20,6
203,174,20,6
203,175,20,6
203,176,20,6
203,177,20,6
203,178,20,6
203,179,20,6
203,180,20,6
203,181,20,6
203,182,20,6
203,183,20,6
203,184,20,6
203,185,20,6
203,186,20,6
203,187,20,6
203,188,20,6
203,189,20,6
203,190,20,6
203,191,20,6
203,192,20,6
203,193,20,6
203,194,20,6
203,195,20,6
203,196,20,6
203,197,20,6
203,198,20,6
203,199,20,6
203,200,20,6
204,1,16,4
204,2,20,6
204,3,24,8
204,4,24,7
204,5,24,6
204,6,20,6
204,7,20,5
204,8,20,6
204,9,39,9
204,10,41,9
204,11,39,7
204,12,37,7
204,13,22,5
204,14,20,5
204,15,22,7
204,16,41,9
204,17,41,8
204,18,26,6
204,19,20,4
204,20,16,2
204,21,12,1
204,22,12,2
204,23,14,2
204,24,12,1
204,25,10,1
204,26,10,1
204,27,12,2
204,28,16,4
204,29,20,5
204,30,20,4
204,31,18,4
204,32,18,4
204,33,18,3
204,34,20,5
204,35,24,7
204,36,22,6
204,37,22,4
204,38,16,2
204,39,0,0
205,1,16,4
205,2,20,6
205,3,26,7
205,4,24,7
205,5,37,8
205,6,39,8
205,7,24,8
205,8,24,8
205,9,26,9
205,10,26,9
205,11,28,9
205,12,30,9
205,13,30,8
205,14,26,7
205,15,24,6
205,16,20,5
205,17,20,6
205,18,24,8
205,19,24,7
205,20,39,8
205,21,41,7
205,22,39,6
205,23,22,5
205,24,20,4
205,25,20,4
205,26,16,3
205,27,16,2
205,28,12,2
205,29,12,1
205,30,0,0
206,1,16,4
206,2,20,5
206,3,22,7
206,4,26,9
206,5,28,9
206,6,28,9
206,7,41,9
206,8,45,11
206,9,47,13
206,10,51,14
206,11,51,14
206,12,73,14
206,13,46,13
206,14,44,14
206,15,46,15
206,16,65,17
206,17,67,19
206,18,69,20
206,19,73,22
206,20,75,22
206,21,99,22
206,22,83,23
206,23,87,24
206,24,89,26
206,25,93,28
206,26,113,29
207,1,14,3
207,2,16,4
207,3,16,4
207,4,16,4
207,5,16,4
207,6,16,4
207,7,16,4
207,8,16,4
207,9,18,5
207,10,18,5
207,11,18,5
207,12,20,6
207,13,22,7
207,14,22,7
207,15,22,7
207,16,22,7
207,17,22,6
207,18,22,7
207,19,24,7
207,20,24,8
207,21,26,9
207,22,30,11
207,23,34,12
207,24,49,13
207,25,53,13
207,26,47,12
207,27,45,8
207,28,26,9
207,29,26,7
207,30,24,8
207,31,39,9
207,32,47,12
207,33,47,9
207,34,26,8
207,35,26,7
207,36,24,8
207,37,28,9
207,38,28,8
207,39,24,5
207,40,20,6
207,41,20,3
207,42,14,1
207,43,0,0
208,1,14,3
208,2,16,4
208,3,16,4
208,4,18,5
208,5,18,4
208,6,16,3
208,7,16,4
208,8,18,4
208,9,16,3
208,10,16,4
208,11,18,4
208,12,16,4
208,13,16,2
208,14,14,3
208,15,16,3
208,16,16,3
208,17,22,7
208,18,22,6
208,19,20,5
208,20,0,4
208,21,0,2
208,22,0,2
208,23,0,0
208,24,0,0
208,25,0,0
208,26,0,0
208,27,0,0
208,28,0,0
208,29,0,0
208,30,0,0
208,31,0,0
208,32,0,0
208,33,0,0
208,34,0,0
209,1,16,4
209,2,20,6
209,3,22,6
209,4,20,6
209,5,20,5
209,6,20,6
209,7,20,6
209,8,22,6
209,9,20,5
209,10,20,6
209,11,20,6
209,12,20,6
209,13,22,7
209,14,24,8
209,15,24,6
209,16,22,4
209,17,16,2
209,18,16,3
209,19,0,0
209,20,0,0
209,21,0,0
209,22,0,0
209,23,0,0
209,24,0,0
209,25,0,0
209,26,0,0
209,27,0,0
209,28,0,0
209,29,0,0
209,30,0,0
209,31,0,0
209,32,0,0
209,33,0,0
209,34,0,0
209,35,0,0
209,36,0,0
209,37,0,0
209,38,0,0
209,39,0,0
209,40,0,0
209,41,0,0
209,42,0,0
209,43,0,0
209,44,0,0
209,45,0,0
209,46,0,0
209,47,0,0
209,48,0,0
209,49,0,0
210,1,12,2
210,2,14,3
210,3,14,3
210,4,16,3
210,5,16,3
210,6,14,2
210,7,14,3
210,8,14,3
210,9,14,3
210,10,16,4
210,11,16,3
210,12,16,3
210,13,16,4
210,14,16,3
210,15,16,4
210,16,18,4
210,17,16,2
210,18,12,2
210,19,14,3
210,20,16,4
210,21,16,2
210,22,12,1
210,23,10,1
210,24,10,1
210,25,12,2
210,26,14,3
210,27,14,2
210,28,12,1
210,29,0,0
210,30,0,0
210,31,0,0
210,32,0,0
210,33,0,0
210,34,0,0
210,35,0,0
210,36,0,0
210,37,0,0
210,38,0,0
210,39,0,0
210,40,0,0
210,41,0,0
210,42,0,0
210,43,0,0
210,44,0,0
210,45,0,0
210,46,0,0
210,47,0,0
210,48,0,0
210,49,0,0
211,1,14,3
211,2,14,3
211,3,16,4
211,4,18,5
211,5,35,6
211,6,22,6
211,7,20,6
211,8,22,6
211,9,20,6
211,10,20,6
211,11,20,5
211,12,18,4
211,13,16,4
211,14,16,4
211,15,20,6
211,16,20,5
211,17,20,6
211,18,20,5
211,19,18,4
211,20,16,4
211,21,16,4
211,22,18,5
211,23,20,4
211,24,16,3
211,25,14,2
211,26,12,2
211,27,0,1
211,28,0,1
211,29,0,1
211,30,0,1
211,31,0,1
211,32,0,1
211,33,0,1
211,34,0,0
211,35,0,0
211,36,0,0
211,37,0,0
211,38,0,0
211,39,0,0
211,40,0,0
211,41,0,0
211,42,0,0
211,43,0,0
211,44,0,0
211,45,0,0
212,1,14,3
212,2,16,4
212,3,18,5
212,4,20,5
212,5,18,5
212,6,18,5
212,7,20,6
212,8,22,6
212,9,22,5
212,10,20,5
212,11,20,4
212,12,16,2
212,13,12,2
212,14,0,1
212,15,0,1
212,16,0,1
212,17,0,1
212,18,0,0
212,19,0,0
212,20,0,0
212,21,0,0
212,22,0,0
212,23,0,0
212,24,0,0
212,25,0,0
212,26,0,0
213,1,12,2
213,2,12,2
213,3,16,4
213,4,20,6
213,5,22,7
213,6,22,7
213,7,22,6
213,8,22,6
213,9,20,6
213,10,22,7
213,11,24,7
213,12,24,7
213,13,24,8
213,14,24,6
213,15,20,4
213,16,16,3
213,17,0,0
213,18,0,0
213,19,0,0
213,20,0,0
213,21,0,0
213,22,0,0
213,23,0,0
213,24,0,0
213,25,0,0
213,26,0,0
213,27,0,0
213,28,0,0
213,29,0,0
213,30,0,0
213,31,0,0
213,32,0,0
213,33,0,0
213,34,0,0
214,1,12,2
214,2,14,3
214,3,14,3
214,4,16,4
214,5,16,4
214,6,16,4
214,7,18,4
214,8,16,4
214,9,18,5
214,10,20,6
214,11,20,6
214,12,22,5
214,13,20,5
214,14,18,4
214,15,20,6
214,16,20,6
214,17,20,6
214,18,20,5
214,19,18,4
214,20,18,5
214,21,18,5
214,22,18,4
214,23,18,4
214,24,16,4
214,25,16,4
214,26,16,4
214,27,16,3
214,28,14,3
214,29,16,4
214,30,16,4
214,31,18,4
214,32,16,4
214,33,16,4
214,34,16,4
214,35,16,4
214,36,16,3
214,37,14,3
214,38,14,3
214,39,14,3
214,40,14,3
214,41,14,3
214,42,14,2
214,43,12,1
214,44,10,1
214,45,12,1
214,46,0,0
215,1,16,4
215,2,20,6
215,3,24,7
215,4,22,6
215,5,22,7
215,6,26,7
215,7,22,7
215,8,22,6
215,9,20,5
215,10,18,2
215,11,14,2
215,12,16,3
215,13,18,4
215,14,18,4
215,15,16,1
215,16,0,0
215,17,0,0
215,18,0,0
215,19,0,0
215,20,0,0
215,21,0,0
215,22,0,0
216,1,16,4
216,2,18,5
216,3,22,7
216,4,24,8
216,5,26,8
216,6,24,8
216,7,39,9
216,8,43,10
216,9,45,11
216,10,47,11
216,11,45,11
216,12,32,8
216,13,28,8
216,14,24,7
216,15,37,8
216,16,43,11
216,17,45,8
216,18,37,6
216,19,22,5
216,20,18,5
216,21,18,4
216,22,16,3
216,23,16,3
216,24,16,2
216,25,14,2
216,26,14,1
216,27,10,1
216,28,12,2
216,29,14,2
216,30,12,1
216,31,10,1
216,32,12,2
216,33,16,4
216,34,20,4
216,35,18,2
216,36,12,1
216,37,0,0
216,38,0,0
216,39,0,0
216,40,0,0
216,41,0,0
216,42,0,0
216,43,0,0
216,44,0,0
216,45,0,0
216,46,0,0
216,47,0,0
216,48,0,0
216,49,0,0
216,50,0,0
216,51,0,0
217,1,14,3
217,2,16,4
217,3,16,4
217,4,18,5
217,5,20,6
217,6,20,6
217,7,20,6
217,8,20,6
217,9,22,6
217,10,20,6
217,11,22,7
217,12,22,7
217,13,22,7
217,14,24,7
217,15,37,8
217,16,41,9
217,17,39,9
217,18,39,9
217,19,39,7
217,20,24,7
217,21,24,8
217,22,28,10
217,23,50,12
217,24,57,14
217,25,59,14
217,26,59,14
217,27,59,13
217,28,57,12
217,29,42,12
217,30,44,12
217,31,42,12
217,32,44,14
217,33,99,17
217,34,75,18
217,35,75,17
217,36,73,18
217,37,75,18
217,38,75,18
217,39,64,18
217,40,64,19
217,41,64,18
217,42,75,18
217,43,67,19
217,44,69,20
217,45,71,21
217,46,115,22
217,47,85,24
217,48,89,26
217,49,89,26
217,50,89,26
217,51,91,27
217,52,101,28
218,1,16,4
218,2,18,5
218,3,33,5
218,4,33,5
218,5,20,6
218,6,35,7
218,7,37,7
218,8,35,6
218,9,22,5
218,10,18,4
218,11,18,4
218,12,33,6
218,13,39,8
218,14,24,6
218,15,20,6
218,16,20,6
218,17,22,5
218,18,20,4
218,19,18,4
218,20,16,3
218,21,16,3
218,22,16,4
218,23,16,4
218,24,18,5
218,25,20,6
218,26,35,7
218,27,37,7
218,28,22,5
218,29,22,7
218,30,26,9
218,31,52,10
218,32,36,9
218,33,38,11
218,34,40,11
218,35,42,12
218,36,0,12
218,37,0,11
218,38,0,11
218,39,0,9
218,40,0,9
218,41,0,7
218,42,0,2
218,43,0,1
219,1,12,2
219,2,12,2
219,3,14,3
219,4,16,3
219,5,16,4
219,6,18,5
219,7,18,5
219,8,18,5
219,9,18,5
219,10,18,5
219,11,18,5
219,12,18,4
219,13,16,3
219,14,16,4
219,15,22,6
219,16,20,6
219,17,20,6
219,18,22,6
219,19,20,6
219,20,24,8
219,21,26,9
219,22,28,10
219,23,52,11
219,24,38,10
219,25,38,10
219,26,40,12
219,27,42,12
219,28,40,12
219,29,55,12
219,30,57,14
219,31,61,14
219,32,59,13
219,33,46,14
219,34,48,15
219,35,50,15
219,36,46,14
219,37,59,14
219,38,59,14
219,39,61,14
219,40,59,12
219,41,53,12
219,42,53,11
219,43,55,13
219,44,61,16
219,45,67,17
219,46,52,17
219,47,62,19
219,48,64,18
219,49,62,18
219,50,79,21
219,51,79,20
219,52,79,21
219,53,81,22
219,54,81,21
219,55,83,23
219,56,85,24
219,57,113,25
220,1,16,4
220,2,18,5
220,3,18,5
220,4,20,6
220,5,22,6
220,6,22,7
220,7,22,6
220,8,20,6
220,9,20,4
220,10,16,3
220,11,14,1
220,12,12,1
220,13,10,1
220,14,10,1
220,15,12,2
220,16,16,3
220,17,18,3
220,18,14,1
220,19,0,0
220,20,0,0
220,21,0,0
220,22,0,0
220,23,0,0
220,24,0,0
220,25,0,0
220,26,0,0
220,27,0,0
220,28,0,0
220,29,0,0
220,30,0,0
220,31,0,0
220,32,0,0
220,33,0,0
220,34,0,0
221,1,16,4
221,2,22,7
221,3,24,7
221,4,22,7
221,5,22,6
221,6,22,7
221,7,26,9
221,8,26,7
221,9,22,7
221,10,24,7
221,11,24,7
221,12,24,7
221,13,22,7
221,14,22,5
221,15,20,5
221,16,33,6
221,17,37,8
221,18,43,11
221,19,47,12
221,20,47,10
221,21,32,11
221,22,60,13
221,23,63,16
221,24,67,19
221,25,69,19
221,26,71,20
221,27,73,22
221,28,99,25
221,29,89,25
221,30,91,27
221,31,93,28
221,32,113,29
222,1,14,3
222,2,16,4
222,3,18,4
222,4,18,5
222,5,18,4
222,6,18,4
222,7,18,5
222,8,20,6
222,9,20,5
222,10,18,4
222,11,18,5
222,12,20,6
222,13,20,5
222,14,20,6
222,15,20,5
222,16,18,4
222,17,18,5
222,18,18,5
222,19,20,6
222,20,20,5
222,21,20,6
222,22,20,5
222,23,18,4
222,24,16,4
222,25,18,5
222,26,20,6
222,27,20,6
222,28,20,5
222,29,18,5
222,30,18,5
222,31,18,5
222,32,18,5
222,33,18,4
222,34,16,4
222,35,16,4
222,36,18,5
222,37,18,5
222,38,20,4
222,39,16,4
222,40,16,3
222,41,16,4
222,42,18,5
222,43,18,4
222,44,18,4
222,45,16,3
222,46,14,2
222,47,12,2
222,48,12,2
222,49,14,3
222,50,14,3
222,51,18,4
222,52,0,2
222,53,0,2
222,54,0,2
222,55,0,2
222,56,0,1
222,57,0,1
222,58,0,1
222,59,0,1
222,60,0,0
222,61,0,0
222,62,0,0
222,63,0,0
222,64,0,0
222,65,0,0
222,66,0,0
222,67,0,0
222,68,0,0
222,69,0,0
222,70,0,0
222,71,0,0
223,1,14,3
223,2,16,4
223,3,16,3
223,4,14,2
223,5,12,2
223,6,14,3
223,7,16,4
223,8,16,3
223,9,14,2
223,10,14,3
223,11,14,3
223,12,14,3
223,13,14,2
223,14,14,2
223,15,12,2
223,16,12,2
223,17,14,3
223,18,16,3
223,19,14,1
223,20,0,0
223,21,0,0
223,22,0,0
223,23,0,0
223,24,0,0
223,25,0,0
223,26,0,0
223,27,0,0
223,28,0,0
223,29,0,0
223,30,0,0
223,31,0,0
223,32,0,0
223,33,0,0
223,34,0,0
223,35,0,0
223,36,0,0
223,37,0,0
223,38,0,0
223,39,0,0
223,40,0,0
223,41,0,0
223,42,0,0
223,43,0,0
223,44,0,0
223,45,0,0
223,46,0,0
223,47,0,0
223,48,0,0
223,49,0,0
223,50,0,0
223,51,0,0
223,52,0,0
223,53,0,0
223,54,0,0
223,55,0,0
223,56,0,0
223,57,0,0
223,58,0,0
224,1,16,4
224,2,20,6
224,3,20,5
224,4,18,3
224,5,16,4
224,6,16,3
224,7,14,2
224,8,14,3
224,9,16,3
224,10,14,2
224,11,12,2
224,12,16,4
224,13,18,5
224,14,18,5
224,15,18,4
224,16,16,3
224,17,14,1
224,18,10,1
224,19,10,1
224,20,12,2
224,21,14,2
224,22,12,1
224,23,0,0
224,24,0,0
224,25,0,0
224,26,0,0
224,27,0,0
224,28,0,0
224,29,0,0
224,30,0,0
224,31,0,0
224,32,0,0
224,33,0,0
224,34,0,0
224,35,0,0
224,36,0,0
224,37,0,0
225,1,14,3
225,2,16,4
225,3,16,4
225,4,16,4
225,5,16,4
225,6,16,4
225,7,16,4
225,8,16,4
225,9,16,4
225,10,16,3
225,11,14,2
225,12,14,3
225,13,16,4
225,14,16,4
225,15,18,5
225,16,20,6
225,17,24,8
225,18,28,10
225,19,50,10
225,20,51,11
225,21,53,12
225,22,57,14
225,23,61,15
225,24,46,15
225,25,48,16
225,26,50,17
225,27,52,18
225,28,52,17
225,29,52,18
225,30,56,20
225,31,56,19
225,32,56,17
225,33,67,18
225,34,69,18
225,35,67,19
225,36,69,20
225,37,73,22
225,38,113,23
225,39,85,23
225,40,87,25
225,41,89,25
225,42,99,27
226,1,16,4
226,2,20,5
226,3,22,6
226,4,22,6
226,5,37,7
226,6,22,5
226,7,18,4
226,8,20,5
226,9,20,6
226,10,22,5
226,11,20,3
226,12,0,2
226,13,0,0
226,14,0,0
226,15,0,0
226,16,0,0
226,17,0,0
226,18,0,0
226,19,0,0
226,20,0,0
226,21,0,0
226,22,0,0
226,23,0,0
226,24,0,0
226,25,0,0
227,1,12,2
227,2,12,2
227,3,16,4
227,4,18,4
227,5,16,4
227,6,18,5
227,7,20,5
227,8,18,3
227,9,16,3
227,10,16,4
227,11,18,5
227,12,18,4
227,13,16,3
227,14,16,4
227,15,16,3
227,16,16,4
227,17,18,5
227,18,18,4
227,19,16,4
227,20,16,3
227,21,18,5
227,22,20,6
227,23,24,7
227,24,24,8
227,25,24,6
227,26,20,5
227,27,35,5
227,28,35,5
227,29,33,5
227,30,20,4
227,31,16,4
227,32,18,3
227,33,14,3
227,34,18,5
227,35,18,4
227,36,16,2
227,37,0,0
227,38,0,0
227,39,0,0
228,1,12,2
228,2,12,2
228,3,14,3
228,4,16,4
228,5,16,4
228,6,16,4
228,7,16,2
228,8,14,2
228,9,0,1
228,10,0,0
228,11,0,0
228,12,0,0
228,13,0,0
228,14,0,0
228,15,0,0
228,16,0,0
228,17,0,0
228,18,0,0
228,19,0,0
228,20,0,0
228,21,0,0
228,22,0,0
228,23,0,0
228,24,0,0
228,25,0,0
228,26,0,0
228,27,0,0
228,28,0,0
228,29,0,0
228,30,0,0
228,31,0,0
228,32,0,0
228,33,0,0
228,34,0,0
228,35,0,0
228,36,0,0
228,37,0,0
228,38,0,0
229,1,14,3
229,2,14,3
229,3,16,3
229,4,14,2
229,5,14,3
229,6,16,4
229,7,16,4
229,8,18,4
229,9,16,3
229,10,14,3
229,11,16,3
229,12,14,3
229,13,16,4
229,14,18,4
229,15,16,3
229,16,16,3
229,17,14,1
229,18,0,0
229,19,0,0
229,20,0,0
229,21,0,0
229,22,0,0
229,23,0,0
229,24,0,0
230,1,16,4
230,2,22,7
230,3,28,9
230,4,41,10
230,5,43,9
230,6,41,9
230,7,28,9
230,8,26,9
230,9,28,10
230,10,30,10
230,11,47,12
230,12,51,13
230,13,47,12
230,14,47,10
230,15,41,8
230,16,26,9
230,17,26,8
230,18,24,8
230,19,28,10
230,20,45,12
230,21,49,13
230,22,55,15
230,23,40,13
230,24,36,12
230,25,67,14
230,26,63,16
230,27,65,17
230,28,65,16
230,29,48,14
230,30,44,14
230,31,44,14
230,32,59,15
230,33,63,16
230,34,65,16
230,35,53,12
230,36,34,10
230,37,28,8
230,38,26,7
230,39,24,7
230,40,37,7
230,41,39,8
230,42,39,8
230,43,24,6
230,44,20,5
230,45,18,2
230,46,14,3
230,47,18,4
230,48,16,1
230,49,12,1
230,50,10,1
230,51,12,1
230,52,10,1
230,53,12,1
230,54,0,0
231,1,16,4
231,2,20,5
231,3,20,6
231,4,22,7
231,5,26,9
231,6,28,10
231,7,43,9
231,8,41,9
231,9,43,11
231,10,43,10
231,11,43,11
231,12,43,8
231,13,24,5
231,14,20,6
231,15,22,6
231,16,20,6
231,17,20,5
231,18,18,3
231,19,16,3
231,20,0,2
231,21,0,1
231,22,0,1
231,23,0,0
231,24,0,0
231,25,0,0
231,26,0,0
231,27,0,0
231,28,0,0
231,29,0,0
231,30,0,0
232,1,16,4
232,2,20,6
232,3,22,7
232,4,24,8
232,5,26,7
232,6,24,6
232,7,20,5
232,8,22,6
232,9,22,7
232,10,26,7
232,11,37,7
232,12,41,9
232,13,41,10
232,14,41,8
232,15,26,7
232,16,22,6
232,17,20,5
232,18,20,5
232,19,33,5
232,20,33,4
232,21,29,3
232,22,27,1
232,23,12,2
232,24,14,3
232,25,16,4
232,26,16,4
232,27,16,2
232,28,12,1
232,29,0,0
233,1,16,4
233,2,20,6
233,3,24,8
233,4,28,8
233,5,39,7
233,6,43,11
233,7,47,13
233,8,53,14
233,9,49,12
233,10,49,12
233,11,32,10
233,12,30,7
233,13,26,9
233,14,30,10
233,15,47,11
233,16,45,9
233,17,28,8
233,18,26,6
233,19,22,6
233,20,24,7
233,21,26,7
233,22,39,9
233,23,45,12
233,24,51,14
233,25,53,14
233,26,51,14
233,27,51,13
233,28,38,10
233,29,32,10
233,30,30,9
233,31,28,10
233,32,28,10
233,33,28,10
233,34,30,10
233,35,45,10
233,36,47,10
233,37,45,9
233,38,43,8
233,39,24,5
233,40,0,2
233,41,0,1
233,42,0,1
233,43,0,1
233,44,0,1
233,45,0,1
233,46,0,1
233,47,0,0
233,48,0,0
233,49,0,0
233,50,0,0
233,51,0,0
233,52,0,0
234,1,16,4
234,2,18,5
234,3,24,8
234,4,26,9
234,5,26,9
234,6,28,9
234,7,41,9
234,8,41,10
234,9,43,10
234,10,41,9
234,11,41,9
234,12,28,10
234,13,28,10
234,14,28,9
234,15,41,10
234,16,47,12
234,17,51,14
234,18,51,14
234,19,49,13
234,20,54,11
234,21,42,12
234,22,42,13
234,23,63,17
234,24,65,17
234,25,67,18
234,26,67,19
234,27,73,21
234,28,77,23
234,29,101,25
234,30,91,27
234,31,113,28
235,1,16,4
235,2,22,7
235,3,22,7
235,4,24,8
235,5,24,6
235,6,22,7
235,7,39,8
235,8,41,10
235,9,43,10
235,10,41,8
235,11,41,9
235,12,28,9
235,13,30,10
235,14,43,9
235,15,43,8
235,16,39,7
235,17,35,6
235,18,26,8
235,19,28,9
235,20,30,10
235,21,43,8
235,22,41,10
235,23,71,13
235,24,61,13
235,25,57,11
235,26,32,11
235,27,34,11
235,28,32,10
235,29,47,10
235,30,45,11
235,31,45,9
235,32,39,6
235,33,22,5
235,34,20,4
235,35,16,1
235,36,0,0
236,1,12,2
236,2,14,3
236,3,18,5
236,4,22,6
236,5,22,5
236,6,20,5
236,7,18,4
236,8,16,4
236,9,18,4
236,10,20,5
236,11,20,4
236,12,18,3
236,13,16,3
236,14,16,4
236,15,18,3
236,16,18,5
236,17,18,4
236,18,16,1
236,19,12,2
236,20,14,2
236,21,14,2
236,22,12,1
236,23,0,0
236,24,0,0
236,25,0,0
236,26,0,0
236,27,0,0
236,28,0,0
236,29,0,0
237,1,14,3
237,2,14,3
237,3,14,3
237,4,14,3
237,5,14,3
237,6,14,3
237,7,16,4
237,8,16,3
237,9,14,2
237,10,14,3
237,11,16,4
237,12,16,4
237,13,18,4
237,14,18,3
237,15,14,3
237,16,14,3
237,17,14,2
237,18,12,2
237,19,14,3
237,20,16,4
237,21,16,4
237,22,16,3
237,23,16,3
237,24,16,4
237,25,20,5
237,26,20,6
237,27,20,5
237,28,18,3
237,29,16,4
237,30,18,4
237,31,16,2
237,32,0,0
237,33,0,0
237,34,0,0
237,35,0,0
237,36,0,0
237,37,0,0
237,38,0,0
237,39,0,0
237,40,0,0
237,41,0,0
237,42,0,0
237,43,0,0
237,44,0,0
237,45,0,0
237,46,0,0
237,47,0,0
237,48,0,0
237,49,0,0
237,50,0,0
237,51,0,0
237,52,0,0
237,53,0,0
237,54,0,0
237,55,0,0
237,56,0,0
237,57,0,0
237,58,0,0
238,1,14,3
238,2,16,4
238,3,16,4
238,4,16,3
238,5,16,4
238,6,16,4
238,7,16,4
238,8,16,3
238,9,14,2
238,10,16,4
238,11,18,4
238,12,16,4
238,13,16,3
238,14,14,2
238,15,14,2
238,16,12,2
238,17,14,2
238,18,12,2
238,19,12,2
238,20,12,1
238,21,0,0
238,22,0,0
238,23,0,0
238,24,0,0
238,25,0,0
238,26,0,0
238,27,0,0
239,1,16,4
239,2,20,5
239,3,20,6
239,4,20,5
239,5,22,7
239,6,22,7
239,7,26,8
239,8,26,8
239,9,24,6
239,10,20,5
239,11,18,5
239,12,20,6
239,13,24,7
239,14,22,7
239,15,22,7
239,16,22,7
239,17,22,7
239,18,22,7
239,19,22,6
239,20,20,5
239,21,18,3
239,22,0,1
239,23,0,0
239,24,0,0
239,25,0,0
239,26,0,0
239,27,0,0
239,28,0,0
239,29,0,0
239,30,0,0
239,31,0,0
239,32,0,0
239,33,0,0
239,34,0,0
239,35,0,0
239,36,0,0
239,37,0,0
239,38,0,0
239,39,0,0
239,40,0,0
239,41,0,0
239,42,0,0
239,43,0,0
239,44,0,0
239,45,0,0
239,46,0,0
239,47,0,0
239,48,0,0
239,49,0,0
239,50,0,0
239,51,0,0
239,52,0,0
239,53,0,0
239,54,0,0
239,55,0,0
239,56,0,0
239,57,0,0
239,58,0,0
239,59,0,0
239,60,0,0
239,61,0,0
239,62,0,0
239,63,0,0
239,64,0,0
239,65,0,0
239,66,0,0
239,67,0,0
239,68,0,0
239,69,0,0
239,70,0,0
239,71,0,0
239,72,0,0
239,73,0,0
239,74,0,0
239,75,0,0
239,76,0,0
239,77,0,0
239,78,0,0
240,1,16,4
240,2,20,6
240,3,22,6
240,4,22,6
240,5,22,6
240,6,37,8
240,7,45,11
240,8,45,8
240,9,39,7
240,10,28,8
240,11,28,9
240,12,41,8
240,13,43,9
240,14,43,9
240,15,43,10
240,16,32,7
240,17,24,6
240,18,26,8
240,19,28,10
240,20,45,11
240,21,51,13
240,22,49,12
240,23,34,10
240,24,32,11
240,25,71,14
240,26,63,17
240,27,67,18
240,28,80,18
240,29,79,20
240,30,83,22
240,31,87,24
240,32,91,27
240,33,113,28
241,1,16,4
241,2,22,7
241,3,26,9
241,4,28,9
241,5,26,8
241,6,39,8
241,7,41,9
241,8,41,10
241,9,43,10
241,10,45,10
241,11,28,9
241,12,30,10
241,13,30,9
241,14,41,9
241,15,43,8
241,16,41,8
241,17,41,10
241,18,45,9
241,19,43,9
241,20,45,11
241,21,36,14
241,22,38,14
241,23,51,13
241,24,51,14
241,25,53,15
241,26,55,14
241,27,49,12
241,28,47,10
241,29,30,8
241,30,30,11
241,31,34,11
241,32,47,11
241,33,47,13
241,34,53,15
241,35,53,14
241,36,51,12
241,37,38,11
241,38,34,11
241,39,32,10
241,40,45,10
241,41,51,14
241,42,51,15
241,43,53,13
241,44,47,9
241,45,28,10
241,46,34,12
241,47,36,14
241,48,36,12
241,49,47,11
241,50,45,11
241,51,45,12
241,52,47,12
241,53,49,14
241,54,51,15
241,55,55,15
241,56,51,13
241,57,51,14
241,58,53,15
241,59,50,14
241,60,46,12
241,61,57,12
241,62,59,13
241,63,59,14
241,64,61,15
241,65,61,15
241,66,65,17
241,67,65,18
241,68,69,19
241,69,71,20
241,70,97,22
241,71,85,24
241,72,89,25
241,73,91,27
241,74,93,28
241,75,113,29
242,1,16,4
242,2,20,6
242,3,22,6
242,4,22,6
242,5,22,7
242,6,22,7
242,7,24,6
242,8,20,3
242,9,14,1
242,10,10,1
242,11,0,0
242,12,0,0
242,13,0,0
242,14,0,0
242,15,0,0
242,16,0,0
242,17,0,0
242,18,0,0
242,19,0,0
242,20,0,0
242,21,0,0
242,22,0,0
242,23,0,0
242,24,0,0
242,25,0,0
243,1,12,2
243,2,14,3
243,3,14,3
243,4,14,3
243,5,14,3
243,6,14,3
243,7,16,4
243,8,22,6
243,9,20,5
243,10,20,5
243,11,20,5
243,12,18,5
243,13,18,5
243,14,18,5
243,15,18,4
243,16,20,6
243,17,20,6
243,18,20,6
243,19,20,5
243,20,18,4
243,21,18,5
243,22,18,4
243,23,16,3
243,24,16,3
243,25,33,6
243,26,41,9
243,27,41,9
243,28,39,7
243,29,22,4
243,30,0,1
243,31,0,1
243,32,0,1
243,33,0,0
243,34,0,0
243,35,0,0
243,36,0,0
243,37,0,0
243,38,0,0
243,39,0,0
243,40,0,0
243,41,0,0
243,42,0,0
243,43,0,0
243,44,0,0
243,45,0,0
243,46,0,0
243,47,0,0
243,48,0,0
243,49,0,0
243,50,0,0
243,51,0,0
244,1,14,3
244,2,16,4
244,3,16,4
244,4,16,4
244,5,16,4
244,6,16,4
244,7,16,4
244,8,16,4
244,9,16,4
244,10,16,4
244,11,16,4
244,12,31,4
244,13,18,5
244,14,18,5
244,15,20,5
244,16,20,5
244,17,20,5
244,18,18,5
244,19,20,6
244,20,20,6
244,21,20,6
244,22,22,7
244,23,24,7
244,24,22,6
244,25,22,6
244,26,22,6
244,27,0,6
244,28,0,5
244,29,0,4
244,30,0,4
244,31,0,4
244,32,0,3
244,33,0,3
244,34,0,4
244,35,0,4
244,36,0,4
244,37,0,5
244,38,0,6
244,39,0,4
244,40,0,3
244,41,0,1
244,42,0,1
244,43,0,1
244,44,0,1
244,45,0,1
244,46,0,1
244,47,0,1
244,48,0,1
244,49,0,0
245,1,16,4
245,2,20,6
245,3,22,6
245,4,22,7
245,5,24,8
245,6,24,6
245,7,20,4
245,8,16,3
245,9,18,4
245,10,20,4
245,11,16,1
245,12,10,1
245,13,12,1
245,14,0,0
245,15,0,0
245,16,0,0
245,17,0,0
245,18,0,0
245,19,0,0
245,20,0,0
245,21,0,0
245,22,0,0
245,23,0,0
245,24,0,0
245,25,0,0
245,26,0,0
245,27,0,0
245,28,0,0
245,29,0,0
245,30,0,0
245,31,0,0
246,1,16,4
246,2,20,6
246,3,26,8
246,4,26,8
246,5,24,8
246,6,26,8
246,7,26,8
246,8,24,7
246,9,24,8
246,10,24,7
246,11,22,6
246,12,20,5
246,13,20,5
246,14,20,4
246,15,16,2
246,16,12,1
246,17,10,1
246,18,14,3
246,19,16,4
246,20,18,5
246,21,24,8
246,22,24,5
246,23,18,4
246,24,18,4
246,25,18,3
246,26,18,4
246,27,35,7
246,28,39,7
246,29,24,6
246,30,22,6
246,31,20,6
246,32,22,5
246,33,22,6
246,34,22,6
246,35,24,8
246,36,30,11
246,37,49,12
246,38,36,13
246,39,40,13
246,40,38,11
246,41,30,9
246,42,28,8
246,43,26,7
246,44,24,6
246,45,22,6
246,46,0,3
246,47,0,1
246,48,0,1
247,1,16,4
247,2,20,6
247,3,24,8
247,4,26,8
247,5,39,9
247,6,43,11
247,7,47,12
247,8,45,10
247,9,41,10
247,10,43,10
247,11,43,9
247,12,41,10
247,13,43,11
247,14,45,12
247,15,51,15
247,16,73,15
247,17,50,15
247,18,46,14
247,19,61,15
247,20,65,16
247,21,63,16
247,22,67,17
247,23,65,16
247,24,61,15
247,25,59,14
247,26,59,14
247,27,48,15
247,28,48,15
247,29,50,16
247,30,67,19
247,31,71,20
247,32,71,21
247,33,73,21
247,34,115,23
247,35,87,24
247,36,89,25
247,37,87,24
247,38,74,25
247,39,78,27
247,40,103,29
248,1,16,4
248,2,22,7
248,3,26,8
248,4,26,7
248,5,24,8
248,6,24,7
248,7,24,8
248,8,26,9
248,9,28,8
248,10,24,7
248,11,22,7
248,12,24,7
248,13,22,6
248,14,22,6
248,15,24,8
248,16,24,7
248,17,24,5
248,18,20,5
248,19,20,5
248,20,18,2
248,21,14,3
248,22,18,5
248,23,20,5
248,24,18,4
248,25,16,4
248,26,16,4
248,27,16,4
248,28,18,4
248,29,18,4
248,30,0,2
248,31,0,0
248,32,0,0
248,33,0,0
248,34,0,0
248,35,0,0
248,36,0,0
248,37,0,0
248,38,0,0
248,39,0,0
248,40,0,0
248,41,0,0
248,42,0,0
248,43,0,0
248,44,0,0
248,45,0,0
249,1,14,3
249,2,14,3
249,3,16,4
249,4,18,4
249,5,18,4
249,6,18,5
249,7,18,5
249,8,20,6
249,9,22,7
249,10,24,8
249,11,26,9
249,12,26,8
249,13,26,8
249,14,26,9
249,15,28,10
249,16,28,10
249,17,30,10
249,18,28,7
249,19,24,7
249,20,24,8
249,21,26,8
249,22,26,9
249,23,52,9
249,24,36,10
249,25,36,10
249,26,40,12
249,27,44,13
249,28,57,13
249,29,59,15
249,30,61,15
249,31,61,15
249,32,61,16
249,33,63,15
249,34,50,14
249,35,44,13
249,36,46,14
249,37,46,15
249,38,50,17
249,39,67,18
249,40,67,18
249,41,65,15
249,42,65,17
249,43,67,18
249,44,65,18
249,45,69,19
249,46,79,19
249,47,66,20
249,48,64,18
249,49,60,18
249,50,66,21
249,51,70,23
249,52,72,24
249,53,115,26
250,1,16,4
250,2,22,7
250,3,24,7
250,4,22,7
250,5,26,8
250,6,26,9
250,7,26,6
250,8,24,8
250,9,26,8
250,10,41,10
250,11,47,12
250,12,49,12
250,13,34,11
250,14,54,12
250,15,47,11
250,16,47,12
250,17,47,12
250,18,47,11
250,19,32,11
250,20,30,10
250,21,28,8
250,22,24,6
250,23,22,5
250,24,18,4
250,25,18,3
250,26,0,2
251,1,16,4
251,2,18,5
251,3,20,5
251,4,18,4
251,5,18,5
251,6,22,6
251,7,24,8
251,8,39,8
251,9,41,10
251,10,45,10
251,11,43,9
251,12,28,8
251,13,26,8
251,14,28,8
251,15,26,9
251,16,43,11
251,17,45,10
251,18,28,9
251,19,28,9
251,20,26,7
251,21,37,6
251,22,37,5
251,23,20,5
251,24,18,4
251,25,16,1
251,26,0,0
252,1,12,2
252,2,12,2
252,3,12,2
252,4,14,3
252,5,16,4
252,6,16,4
252,7,18,5
252,8,20,6
252,9,35,6
252,10,20,6
252,11,22,6
252,12,22,6
252,13,20,6
252,14,20,6
252,15,20,6
252,16,22,7
252,17,24,8
252,18,26,8
252,19,24,6
252,20,20,6
252,21,22,6
252,22,20,4
252,23,16,4
252,24,16,4
252,25,18,5
252,26,30,6
252,27,30,6
252,28,30,6
252,29,28,5
252,30,26,3
252,31,22,1
252,32,12,2
252,33,14,3
252,34,16,3
252,35,14,1
252,36,0,0
253,1,14,3
253,2,16,4
253,3,16,4
253,4,16,4
253,5,16,4
253,6,16,4
253,7,16,4
253,8,16,4
253,9,16,4
253,10,16,4
253,11,16,4
253,12,16,4
253,13,16,4
253,14,16,4
253,15,16,4
253,16,16,4
253,17,16,4
253,18,16,4
253,19,16,4
253,20,16,4
253,21,16,4
253,22,16,4
253,23,16,4
253,24,16,4
253,25,16,4
253,26,16,4
253,27,16,4
253,28,16,4
253,29,16,4
253,30,16,4
253,31,16,4
253,32,16,4
253,33,16,4
253,34,16,4
253,35,16,4
253,36,16,4
253,37,16,4
253,38,16,4
253,39,16,4
253,40,16,4
253,41,16,4
253,42,16,4
253,43,16,4
253,44,16,4
253,45,16,4
253,46,16,4
253,47,16,4
253,48,16,4
253,49,16,4
253,50,16,4
253,51,16,4
253,52,16,4
253,53,16,4
253,54,16,4
253,55,16,4
253,56,16,4
253,57,16,4
253,58,16,4
253,59,16,4
253,60,16,4
253,61,16,4
253,62,16,4
253,63,16,4
253,64,16,4
253,65,16,4
253,66,16,4
253,67,16,4
253,68,16,4
253,69,16,4
253,70,16,4
253,71,16,4
253,72,16,4
253,73,16,4
253,74,16,4
253,75,16,4
253,76,16,4
253,77,16,4
253,78,16,4
253,79,16,4
253,80,16,4
253,81,16,4
253,82,16,4
253,83,16,4
253,84,16,4
253,85,16,4
253,86,16,4
253,87,16,4
253,88,16,4
253,89,16,4
253,90,16,4
253,91,16,4
253,92,16,4
253,93,16,4
253,94,16,4
253,95,16,4
253,96,16,4
253,97,16,4
253,98,16,4
253,99,16,4
253,100,16,4
253,101,16,4
253,102,16,4
253,103,16,4
253,104,16,4
253,105,16,4
253,106,16,4
253,107,16,4
253,108,16,4
253,109,16,4
253,110,16,4
253,111,16,4
253,112,16,4
253,113,16,4
253,114,16,4
253,115,16,4
253,116,16,4
253,117,16,4
253,118,16,4
253,119,16,4
253,120,16,4
253,121,16,4
253,122,16,4
253,123,16,4
253,124,16,4
253,125,16,4
253,126,16,4
253,127,16,4
253,128,16,4
253,129,16,4
253,130,16,4
253,131,16,4
253,132,16,4
253,133,16,4
253,134,16,4
253,135,16,4
253,136,16,4
253,137,16,4
253,138,16,4
253,139,16,4
253,140,16,4
253,141,16,4
253,142,16,4
253,143,16,4
253,144,16,4
253,145,16,4
253,146,16,4
253,147,16,4
253,148,16,4
253,149,16,4
253,150,16,4
253,151,16,4
253,152,16,4
253,153,16,4
253,154,16,4
253,155,16,4
253,156,16,4
253,157,16,4
253,158,16,4
253,159,16,4
253,160,16,4
253,161,16,4
253,162,16,4
253,163,16,4
253,164,16,4
253,165,16,4
253,166,16,4
253,167,16,4
253,168,16,4
253,169,16,4
253,170,16,4
253,171,16,4
253,172,16,4
253,173,16,4
253,174,16,4
253,175,16,4
253,176,16,4
253,177,16,4
253,178,16,4
253,179,16,4
253,180,16,4
253,181,16,4
253,182,16,4
253,183,16,4
253,184,16,4
253,185,16,4
253,186,16,4
253,187,16,4
253,188,16,4
253,189,16,4
253,190,16,4
253,191,16,4
253,192,16,4
253,193,16,4
253,194,16,4
253,195,16,4
253,196,16,4
253,197,16,4
253,198,16,4
253,199,16,4
254,1,14,3
254,2,16,4
254,3,16,4
254,4,16,3
254,5,14,2
254,6,14,3
254,7,16,4
254,8,16,3
254,9,14,2
254,10,12,2
254,11,14,3
254,12,18,5
254,13,18,4
254,14,16,3
254,15,16,4
254,16,18,5
254,17,18,5
254,18,18,5
254,19,20,6
254,20,22,6
254,21,20,6
254,22,22,6
254,23,20,4
254,24,18,4
254,25,18,4
254,26,18,5
254,27,18,3
254,28,18,5
254,29,18,4
254,30,18,5
254,31,18,5
254,32,18,5
254,33,18,4
254,34,16,3
254,35,14,3
254,36,14,2
254,37,12,1
254,38,0,0
255,1,16,4
255,2,22,7
255,3,26,8
255,4,24,8
255,5,26,9
255,6,28,9
255,7,28,7
255,8,24,8
255,9,39,9
255,10,45,10
255,11,30,10
255,12,30,7
255,13,24,6
255,14,22,7
255,15,24,8
255,16,43,11
255,17,47,13
255,18,49,12
255,19,47,12
255,20,47,11
255,21,32,7
255,22,22,5
255,23,18,4
255,24,0,2
255,25,0,1
255,26,0,0
255,27,0,0
256,1,16,4
256,2,20,6
256,3,22,7
256,4,26,8
256,5,26,9
256,6,26,9
256,7,28,9
256,8,41,8
256,9,41,10
256,10,47,11
256,11,45,11
256,12,30,9
256,13,28,9
256,14,30,9
256,15,41,9
256,16,45,11
256,17,49,11
256,18,30,9
256,19,28,9
256,20,41,10
256,21,43,11
256,22,49,13
256,23,51,12
256,24,36,10
256,25,32,10
256,26,43,9
256,27,45,11
256,28,45,10
256,29,45,10
256,30,30,9
256,31,30,9
256,32,28,7
256,33,24,6
256,34,26,6
256,35,26,8
256,36,39,8
256,37,26,7
256,38,24,7
256,39,22,6
256,40,22,6
256,41,20,4
256,42,18,3
256,43,18,3
256,44,16,2
256,45,0,0
257,1,16,4
257,2,20,6
257,3,22,7
257,4,22,7
257,5,22,7
257,6,24,8
257,7,24,7
257,8,22,6
257,9,24,8
257,10,26,8
257,11,26,9
257,12,26,9
257,13,26,8
257,14,24,7
257,15,37,8
257,16,41,10
257,17,43,10
257,18,41,10
257,19,41,10
257,20,43,11
257,21,43,10
257,22,28,8
257,23,26,9
257,24,26,9
257,25,28,10
257,26,28,10
257,27,43,11
257,28,45,12
257,29,49,14
257,30,49,14
257,31,49,14
257,32,49,14
257,33,49,14
257,34,49,14
257,35,49,14
257,36,49,14
257,37,49,13
257,38,47,13
257,39,49,14
257,40,51,15
257,41,73,16
257,42,65,17
257,43,63,16
257,44,61,15
257,45,0,13
257,46,0,11
257,47,0,11
257,48,0,13
257,49,0,10
257,50,0,10
257,51,0,9
257,52,0,8
257,53,0,8
257,54,0,7
257,55,0,8
257,56,0,8
257,57,0,8
257,58,0,7
257,59,0,6
257,60,0,5
257,61,0,6
257,62,0,8
257,63,0,10
257,64,0,10
257,65,0,10
257,66,0,8
258,1,14,3
258,2,16,4
258,3,20,5
258,4,20,5
258,5,20,5
258,6,18,5
258,7,18,5
258,8,20,6
258,9,20,5
258,10,18,5
258,11,20,6
258,12,20,6
258,13,20,5
258,14,20,5
258,15,18,5
258,16,18,4
258,17,16,3
258,18,16,4
258,19,20,5
258,20,20,4
258,21,16,3
258,22,0,1
258,23,0,0
258,24,0,0
258,25,0,0
258,26,0,0
258,27,0,0
258,28,0,0
258,29,0,0
258,30,0,0
258,31,0,0
258,32,0,0
258,33,0,0
258,34,0,0
258,35,0,0
258,36,0,0
258,37,0,0
258,38,0,0
259,1,16,4
259,2,20,6
259,3,24,8
259,4,26,9
259,5,26,8
259,6,39,9
259,7,39,8
259,8,24,8
259,9,24,8
259,10,26,9
259,11,26,8
259,12,24,7
259,13,24,8
259,14,26,9
259,15,41,9
259,16,43,8
259,17,24,6
259,18,20,4
259,19,18,5
259,20,22,5
259,21,22,7
259,22,22,6
259,23,22,7
259,24,37,8
259,25,41,9
259,26,43,9
259,27,43,11
259,28,73,12
259,29,42,12
259,30,40,10
259,31,36,10
259,32,36,10
259,33,36,10
259,34,36,10
259,35,36,9
259,36,34,9
259,37,34,9
259,38,36,10
259,39,38,11
259,40,40,11
259,41,40,12
259,42,40,12
259,43,42,12
259,44,42,12
259,45,47,13
259,46,47,12
259,47,49,13
259,48,47,12
259,49,45,11
259,50,47,12
259,51,45,12
259,52,49,14
259,53,115,16
259,54,63,16
259,55,65,17
259,56,69,19
259,57,69,19
259,58,79,21
259,59,83,22
259,60,83,22
259,61,83,23
259,62,87,25
259,63,87,25
259,64,87,25
259,65,87,25
259,66,87,25
259,67,87,25
259,68,87,25
259,69,87,25
259,70,87,25
259,71,87,25
259,72,87,25
259,73,87,25
259,74,87,25
259,75,87,25
259,76,87,25
259,77,87,25
259,78,87,25
259,79,89,26
259,80,99,27
260,1,16,4
260,2,20,6
260,3,20,5
260,4,22,6
260,5,35,6
260,6,35,7
260,7,41,9
260,8,45,10
260,9,43,9
260,10,26,8
260,11,26,8
260,12,26,9
260,13,34,13
260,14,49,12
260,15,49,14
260,16,51,13
260,17,49,14
260,18,49,13
260,19,49,14
260,20,51,13
260,21,36,12
260,22,36,14
260,23,53,13
260,24,53,15
260,25,55,14
260,26,49,12
260,27,47,13
260,28,49,13
260,29,49,11
260,30,45,10
260,31,45,12
260,32,59,14
260,33,63,16
260,34,56,19
260,35,56,17
260,36,65,17
260,37,65,17
260,38,69,19
260,39,69,20
260,40,73,21
260,41,75,23
260,42,97,25
260,43,89,26
260,44,89,26
260,45,91,27
260,46,93,28
260,47,113,29
261,1,14,3
261,2,14,3
261,3,16,4
261,4,18,4
261,5,18,5
261,6,37,7
261,7,22,6
261,8,22,7
261,9,24,7
261,10,37,8
261,11,39,7
261,12,35,6
261,13,33,6
261,14,33,4
261,15,18,3
261,16,14,2
261,17,14,3
261,18,14,2
261,19,0,0
261,20,0,0
261,21,0,0
261,22,0,0
261,23,0,0
261,24,0,0
261,25,0,0
261,26,0,0
261,27,0,0
261,28,0,0
261,29,0,0
261,30,0,0
261,31,0,0
261,32,0,0
261,33,0,0
261,34,0,0
261,35,0,0
261,36,0,0
262,1,14,3
262,2,16,4
262,3,16,4
262,4,16,4
262,5,16,4
262,6,31,4
262,7,18,5
262,8,20,6
262,9,20,5
262,10,18,4
262,11,18,5
262,12,20,6
262,13,20,5
262,14,18,4
262,15,16,3
262,16,14,3
262,17,16,3
262,18,14,3
262,19,14,3
262,20,16,3
262,21,16,3
262,22,14,2
262,23,12,1
262,24,10,1
262,25,12,2
262,26,14,1
262,27,0,0
262,28,0,0
262,29,0,0
262,30,0,0
262,31,0,0
262,32,0,0
262,33,0,0
262,34,0,0
262,35,0,0
262,36,0,0
262,37,0,0
262,38,0,0
262,39,0,0
262,40,0,0
262,41,0,0
262,42,0,0
262,43,0,0
262,44,0,0
263,1,12,2
263,2,12,2
263,3,12,2
263,4,16,4
263,5,18,5
263,6,18,5
263,7,20,5
263,8,18,4
263,9,18,5
263,10,20,6
263,11,20,5
263,12,20,6
263,13,20,5
263,14,18,4
263,15,18,5
263,16,20,6
263,17,20,5
263,18,18,3
263,19,18,4
263,20,16,4
263,21,16,2
263,22,14,3
263,23,16,4
263,24,18,4
263,25,16,3
263,26,14,3
263,27,16,3
263,28,14,2
263,29,16,3
263,30,16,3
263,31,14,1
263,32,10,1
263,33,10,1
263,34,0,0
263,35,0,0
263,36,0,0
263,37,0,0
263,38,0,0
263,39,0,0
263,40,0,0
263,41,0,0
263,42,0,0
263,43,0,0
263,44,0,0
263,45,0,0
263,46,0,0
263,47,0,0
263,48,0,0
263,49,0,0
263,50,0,0
263,51,0,0
263,52,0,0
263,53,0,0
264,1,16,4
264,2,22,6
264,3,22,6
264,4,22,7
264,5,24,7
264,6,24,7
264,7,24,7
264,8,24,8
264,9,26,8
264,10,24,7
264,11,24,7
264,12,22,6
264,13,22,7
264,14,22,7
264,15,24,7
264,16,24,7
264,17,22,6
264,18,22,7
264,19,24,8
264,20,26,8
264,21,24,8
264,22,26,9
264,23,28,9
264,24,41,10
264,25,47,11
264,26,49,14
264,27,51,14
264,28,51,13
264,29,49,10
264,30,41,8
264,31,39,8
264,32,39,7
264,33,24,8
264,34,24,8
264,35,26,9
264,36,28,10
264,37,28,7
264,38,24,8
264,39,24,8
264,40,26,8
264,41,41,8
264,42,39,8
264,43,41,7
264,44,22,7
264,45,24,8
264,46,26,9
264,47,28,10
264,48,28,9
264,49,26,8
264,50,24,6
264,51,0,5
265,1,12,2
265,2,14,3
265,3,16,4
265,4,16,4
265,5,16,4
265,6,18,4
265,7,16,4
265,8,16,4
265,9,16,4
265,10,16,4
265,11,16,4
265,12,16,4
265,13,16,4
265,14,16,4
265,15,16,3
265,16,20,6
265,17,35,7
265,18,37,8
265,19,37,7
265,20,35,6
265,21,20,4
265,22,20,6
265,23,22,6
265,24,20,6
265,25,22,7
265,26,26,9
265,27,28,9
265,28,41,10
265,29,43,8
265,30,24,5
265,31,18,3
265,32,14,2
265,33,12,1
265,34,12,1
265,35,10,1
265,36,12,2
265,37,12,1
265,38,0,0
266,1,16,4
266,2,20,6
266,3,22,7
266,4,24,8
266,5,41,9
266,6,43,9
266,7,26,7
266,8,22,7
266,9,24,7
266,10,39,9
266,11,45,11
266,12,47,10
266,13,43,9
266,14,26,9
266,15,26,8
266,16,26,8
266,17,28,10
266,18,28,8
266,19,26,8
266,20,50,9
266,21,34,6
266,22,30,7
266,23,32,5
266,24,20,5
266,25,22,6
266,26,22,6
266,27,22,6
266,28,20,4
266,29,16,1
266,30,0,0
267,1,16,4
267,2,20,6
267,3,20,6
267,4,22,7
267,5,24,7
267,6,24,8
267,7,26,9
267,8,28,10
267,9,43,10
267,10,43,11
267,11,45,11
267,12,43,8
267,13,24,6
267,14,22,7
267,15,39,9
267,16,43,10
267,17,45,12
267,18,49,12
267,19,36,12
267,20,51,14
267,21,51,11
267,22,45,10
267,23,30,9
267,24,43,11
267,25,45,10
267,26,43,9
267,27,39,8
267,28,26,9
267,29,28,9
267,30,30,11
267,31,32,9
267,32,26,7
267,33,37,7
267,34,39,9
267,35,45,11
267,36,47,12
267,37,36,10
267,38,28,8
267,39,24,6
267,40,20,4
267,41,18,4
267,42,16,2
267,43,14,3
267,44,16,2
267,45,12,1
267,46,0,0
268,1,14,3
268,2,16,4
268,3,16,3
268,4,16,4
268,5,31,4
268,6,18,5
268,7,20,5
268,8,20,5
268,9,20,5
268,10,18,3
268,11,16,4
268,12,16,4
268,13,18,5
268,14,22,7
268,15,22,6
268,16,20,6
268,17,20,3
268,18,14,1
268,19,10,1
268,20,12,2
268,21,14,3
268,22,14,2
268,23,12,2
268,24,14,2
268,25,0,0
268,26,0,0
268,27,0,0
268,28,0,0
268,29,0,0
269,1,14,3
269,2,14,3
269,3,16,4
269,4,16,4
269,5,18,4
269,6,16,4
269,7,16,4
269,8,18,5
269,9,18,4
269,10,16,4
269,11,18,5
269,12,20,6
269,13,20,6
269,14,37,7
269,15,22,6
269,16,20,6
269,17,24,8
269,18,24,7
269,19,37,7
269,20,39,8
269,21,37,7
269,22,35,6
269,23,20,5
269,24,20,6
269,25,24,8
269,26,28,10
269,27,30,10
269,28,60,13
269,29,59,14
269,30,83,14
269,31,69,16
269,32,73,18
269,33,77,20
269,34,77,20
269,35,79,21
269,36,79,21
269,37,83,23
269,38,111,24
270,1,12,2
270,2,16,4
270,3,18,5
270,4,18,5
270,5,18,5
270,6,20,6
270,7,35,7
270,8,39,9
270,9,43,11
270,10,49,13
270,11,49,12
270,12,45,10
270,13,28,9
270,14,26,9
270,15,26,9
270,16,28,9
270,17,26,9
270,18,26,9
270,19,28,10
270,20,43,11
270,21,45,11
270,22,45,11
270,23,45,12
270,24,45,12
270,25,45,12
270,26,45,12
270,27,45,12
270,28,45,12
270,29,47,13
270,30,47,12
270,31,45,11
270,32,43,10
270,33,41,10
270,34,41,10
270,35,41,10
270,36,41,10
270,37,41,10
270,38,41,10
270,39,45,12
270,40,71,13
270,41,44,13
270,42,42,12
270,43,44,13
270,44,44,14
270,45,44,13
270,46,42,12
270,47,40,11
270,48,40,12
270,49,42,13
270,50,42,12
270,51,40,12
270,52,44,14
270,53,59,15
270,54,61,16
270,55,63,17
270,56,65,18
270,57,67,18
270,58,77,19
270,59,75,18
270,60,75,17
270,61,65,18
270,62,67,18
270,63,65,18
270,64,67,19
270,65,67,19
270,66,69,20
270,67,117,21
270,68,68,20
270,69,66,21
270,70,81,22
270,71,83,23
270,72,83,23
270,73,83,23
270,74,85,24
270,75,85,24
270,76,87,25
270,77,89,26
270,78,91,27
270,79,93,28
270,80,103,29
271,1,16,4
271,2,22,7
271,3,26,8
271,4,24,8
271,5,26,8
271,6,24,8
271,7,26,8
271,8,28,9
271,9,26,8
271,10,24,7
271,11,24,7
271,12,22,6
271,13,24,8
271,14,28,9
271,15,41,9
271,16,43,10
271,17,43,9
271,18,26,9
271,19,30,11
271,20,32,11
271,21,54,13
271,22,44,14
271,23,63,16
271,24,63,16
271,25,65,18
271,26,65,16
271,27,63,17
271,28,67,18
271,29,74,16
271,30,64,19
271,31,66,19
271,32,64,20
271,33,68,21
271,34,68,21
271,35,66,21
271,36,66,21
271,37,68,21
271,38,81,22
271,39,87,24
271,40,89,26
271,41,117,29
272,1,16,4
272,2,20,6
272,3,24,7
272,4,24,7
272,5,24,7
272,6,22,7
272,7,24,7
272,8,24,7
272,9,24,7
272,10,24,7
272,11,22,6
272,12,20,6
272,13,24,8
272,14,26,7
272,15,22,5
272,16,18,4
272,17,18,3
272,18,14,2
272,19,16,4
272,20,18,4
272,21,18,4
272,22,20,6
272,23,24,7
272,24,22,5
272,25,18,2
272,26,12,1
272,27,12,1
272,28,0,0
272,29,0,0
272,30,0,0
272,31,0,0
272,32,0,0
272,33,0,0
272,34,0,0
272,35,0,0
272,36,0,0
272,37,0,0
272,38,0,0
272,39,0,0
272,40,0,0
272,41,0,0
272,42,0,0
272,43,0,0
272,44,0,0
272,45,0,0
272,46,0,0
272,47,0,0
272,48,0,0
272,49,0,0
273,1,16,4
273,2,20,6
273,3,22,7
273,4,24,7
273,5,24,8
273,6,26,9
273,7,26,8
273,8,26,7
273,9,22,7
273,10,22,6
273,11,22,7
273,12,26,7
273,13,22,7
273,14,22,6
273,15,22,6
273,16,22,6
273,17,22,7
273,18,24,8
273,19,24,8
273,20,24,6
273,21,20,5
273,22,18,4
273,23,18,4
273,24,20,6
273,25,22,7
273,26,24,7
273,27,24,8
273,28,24,7
273,29,22,6
273,30,22,6
273,31,37,8
273,32,41,7
273,33,37,5
273,34,35,6
273,35,22,5
273,36,24,7
273,37,24,7
273,38,24,8
273,39,26,9
273,40,41,9
273,41,43,9
273,42,41,7
273,43,0,6
273,44,0,5
273,45,0,3
273,46,0,2
273,47,0,1
273,48,0,1
273,49,0,1
273,50,0,1
274,1,12,2
274,2,16,4
274,3,18,5
274,4,18,5
274,5,18,4
274,6,18,5
274,7,20,6
274,8,20,3
274,9,16,2
274,10,14,2
274,11,14,3
274,12,18,5
274,13,18,4
274,14,16,2
274,15,14,2
274,16,14,3
274,17,14,2
274,18,14,2
274,19,12,2
274,20,12,2
274,21,14,3
274,22,16,4
274,23,35,7
274,24,43,10
274,25,41,6
274,26,33,5
274,27,31,4
274,28,18,4
274,29,18,4
274,30,18,4
274,31,16,4
274,32,16,2
274,33,16,3
274,34,16,4
274,35,18,4
274,36,18,5
274,37,33,6
274,38,33,6
274,39,33,5
274,40,35,6
274,41,20,6
274,42,22,7
274,43,22,5
274,44,20,5
274,45,20,4
274,46,16,4
274,47,0,3
275,1,12,2
275,2,14,3
275,3,16,4
275,4,18,5
275,5,18,4
275,6,18,5
275,7,18,5
275,8,18,4
275,9,18,5
275,10,20,6
275,11,20,6
275,12,20,6
275,13,20,6
275,14,20,6
275,15,20,5
275,16,20,6
275,17,20,6
275,18,22,7
275,19,24,8
275,20,26,9
275,21,43,11
275,22,47,13
275,23,77,15
275,24,59,13
275,25,55,11
275,26,40,10
275,27,38,11
275,28,42,13
275,29,42,13
275,30,42,13
275,31,46,14
275,32,44,13
275,33,42,12
275,34,42,11
275,35,38,9
275,36,36,8
275,37,32,6
275,38,32,7
275,39,34,8
275,40,32,8
275,41,32,6
275,42,28,6
275,43,28,5
275,44,26,4
275,45,31,3
275,46,14,3
275,47,14,2
275,48,14,3
275,49,14,3
275,50,14,3
275,51,14,3
275,52,18,4
275,53,18,3
275,54,16,3
275,55,14,3
275,56,16,4
275,57,16,2
275,58,12,2
275,59,12,1
275,60,10,1
275,61,10,1
275,62,0,0
276,1,14,3
276,2,16,4
276,3,16,4
276,4,16,4
276,5,16,4
276,6,18,4
276,7,18,3
276,8,14,2
276,9,14,3
276,10,16,4
276,11,18,5
276,12,20,6
276,13,20,5
276,14,18,4
276,15,18,3
276,16,16,4
276,17,16,4
276,18,16,4
276,19,16,4
276,20,16,3
276,21,16,3
276,22,14,2
276,23,12,1
276,24,10,1
276,25,10,1
276,26,10,1
276,27,10,1
276,28,12,2
276,29,14,3
276,30,14,3
276,31,16,4
276,32,16,4
276,33,16,3
276,34,16,4
276,35,16,3
276,36,16,2
276,37,0,0
276,38,0,0
276,39,0,0
276,40,0,0
276,41,0,0
276,42,0,0
276,43,0,0
276,44,0,0
276,45,0,0
276,46,0,0
276,47,0,0
276,48,0,0
276,49,0,0
276,50,0,0
276,51,0,0
276,52,0,0
276,53,0,0
276,54,0,0
276,55,0,0
276,56,0,0
276,57,0,0
276,58,0,0
276,59,0,0
276,60,0,0
276,61,0,0
276,62,0,0
276,63,0,0
276,64,0,0
276,65,0,0
276,66,0,0
276,67,0,0
276,68,0,0
276,69,0,0
276,70,0,0
276,71,0,0
276,72,0,0
276,73,0,0
276,74,0,0
276,75,0,0
276,76,0,0
276,77,0,0
276,78,0,0
276,79,0,0
276,80,0,0
276,81,0,0
276,82,0,0
276,83,0,0
276,84,0,0
276,85,0,0
276,86,0,0
276,87,0,0
276,88,0,0
277,1,14,3
277,2,16,4
277,3,16,4
277,4,16,3
277,5,16,4
277,6,16,4
277,7,18,5
277,8,20,5
277,9,18,5
277,10,18,4
277,11,18,5
277,12,18,5
277,13,20,6
277,14,20,6
277,15,35,5
277,16,18,4
277,17,16,3
277,18,16,4
277,19,16,4
277,20,18,5
277,21,18,5
277,22,18,5
277,23,18,4
277,24,16,3
277,25,14,3
277,26,14,3
277,27,14,3
277,28,14,3
277,29,14,2
277,30,12,2
277,31,14,3
277,32,16,4
277,33,18,4
277,34,16,3
277,35,16,4
277,36,18,5
277,37,18,4
277,38,18,4
277,39,18,5
277,40,20,5
277,41,20,6
277,42,20,4
277,43,18,5
277,44,20,5
277,45,18,4
277,46,16,3
277,47,29,4
277,48,0,2
277,49,0,1
277,50,0,0
277,51,0,0
277,52,0,0
278,1,16,4
278,2,22,7
278,3,24,7
278,4,24,7
278,5,39,9
278,6,43,9
278,7,28,9
278,8,28,10
278,9,32,11
278,10,34,11
278,11,32,10
278,12,47,11
278,13,47,11
278,14,34,10
278,15,45,9
278,16,30,9
278,17,28,7
278,18,26,9
278,19,48,10
278,20,55,13
278,21,63,17
278,22,67,18
278,23,67,18
278,24,67,18
278,25,72,17
278,26,79,20
278,27,83,22
278,28,85,24
278,29,89,25
278,30,89,26
278,31,113,27
279,1,14,3
279,2,16,4
279,3,16,4
279,4,18,5
279,5,18,4
279,6,18,5
279,7,20,6
279,8,20,6
279,9,20,6
279,10,20,6
279,11,20,6
279,12,20,5
279,13,18,4
279,14,18,5
279,15,20,5
279,16,20,5
279,17,18,4
279,18,33,6
279,19,33,6
279,20,33,5
279,21,18,5
279,22,20,6
279,23,24,7
279,24,24,7
279,25,24,6
279,26,20,5
279,27,18,5
279,28,20,5
279,29,20,5
279,30,18,4
279,31,0,1
279,32,0,2
279,33,0,1
279,34,0,0
279,35,0,0
279,36,0,0
279,37,0,0
279,38,0,0
280,1,16,4
280,2,20,6
280,3,24,8
280,4,24,7
280,5,22,6
280,6,24,7
280,7,39,7
280,8,24,7
280,9,22,5
280,10,18,3
280,11,18,4
280,12,20,6
280,13,20,6
280,14,22,6
280,15,22,5
280,16,20,5
280,17,35,7
280,18,39,7
280,19,26,9
280,20,28,10
280,21,28,10
280,22,28,9
280,23,41,9
280,24,47,11
280,25,47,10
280,26,41,8
280,27,26,9
280,28,28,9
280,29,43,10
280,30,45,9
280,31,26,8
280,32,26,8
280,33,26,9
280,34,30,8
280,35,0,6
280,36,0,4
280,37,0,4
280,38,0,3
280,39,0,1
280,40,0,1
281,1,16,4
281,2,22,6
281,3,20,6
281,4,22,7
281,5,26,8
281,6,24,7
281,7,22,7
281,8,22,6
281,9,22,6
281,10,22,6
281,11,0,3
281,12,0,1
281,13,0,0
281,14,0,0
281,15,0,0
281,16,0,0
281,17,0,0
281,18,0,0
281,19,0,0
281,20,0,0
282,1,16,4
282,2,20,6
282,3,22,4
282,4,20,4
282,5,33,6
282,6,39,8
282,7,26,5
282,8,20,4
282,9,20,6
282,10,24,7
282,11,37,8
282,12,41,8
282,13,37,5
282,14,33,4
282,15,18,3
282,16,16,2
282,17,20,6
282,18,37,8
282,19,39,7
282,20,37,4
282,21,16,4
282,22,16,3
282,23,16,2
282,24,12,2
282,25,12,1
282,26,12,1
282,27,10,1
282,28,12,2
282,29,16,4
282,30,20,6
282,31,22,6
282,32,20,4
282,33,16,2
282,34,0,0
282,35,0,0
282,36,0,0
282,37,0,0
282,38,0,0
282,39,0,0
282,40,0,0
282,41,0,0
283,1,12,2
283,2,12,2
283,3,14,3
283,4,16,4
283,5,18,5
283,6,18,4
283,7,16,4
283,8,16,3
283,9,16,4
283,10,18,5
283,11,18,5
283,12,20,6
283,13,20,6
283,14,20,6
283,15,20,5
283,16,18,4
283,17,16,3
283,18,16,4
283,19,16,3
283,20,16,4
283,21,16,3
283,22,14,3
283,23,16,4
283,24,18,5
283,25,18,4
283,26,18,3
283,27,0,0
283,28,0,0
283,29,0,0
283,30,0,0
283,31,0,0
284,1,14,3
284,2,16,4
284,3,18,5
284,4,18,5
284,5,18,5
284,6,18,5
284,7,20,6
284,8,35,6
284,9,35,5
284,10,20,5
284,11,20,6
284,12,20,5
284,13,18,5
284,14,20,6
284,15,22,6
284,16,22,7
284,17,24,8
284,18,26,9
284,19,28,9
284,20,60,11
284,21,55,12
284,22,57,13
284,23,59,14
284,24,44,11
284,25,38,9
284,26,36,8
284,27,34,8
284,28,0,7
284,29,0,8
284,30,0,8
284,31,0,8
284,32,0,9
284,33,0,8
284,34,0,6
284,35,0,2
284,36,0,2
284,37,0,2
284,38,0,1
285,1,16,4
285,2,18,5
285,3,22,7
285,4,26,9
285,5,26,9
285,6,26,9
285,7,28,9
285,8,26,8
285,9,39,8
285,10,41,8
285,11,24,7
285,12,24,8
285,13,28,9
285,14,26,7
285,15,22,6
285,16,20,6
285,17,24,7
285,18,22,6
285,19,22,6
285,20,22,6
285,21,22,6
285,22,20,5
285,23,20,6
285,24,22,6
285,25,22,5
285,26,20,4
285,27,18,4
285,28,16,2
285,29,0,0
285,30,0,0
285,31,0,0
285,32,0,0
285,33,0,0
286,1,18,5
286,2,24,8
286,3,26,7
286,4,24,7
286,5,24,7
286,6,24,6
286,7,22,6
286,8,20,5
286,9,20,5
286,10,35,6
286,11,35,3
286,12,33,4
286,13,18,3
286,14,18,5
286,15,22,7
286,16,39,7
286,17,24,8
286,18,24,8
286,19,26,9
286,20,30,9
286,21,28,9
286,22,26,7
286,23,22,6
286,24,20,5
286,25,18,4
286,26,20,4
286,27,0,0
286,28,0,0
286,29,0,0
286,30,0,0
286,31,0,0
286,32,0,0
286,33,0,0
286,34,0,0
286,35,0,0
286,36,0,0
286,37,0,0
286,38,0,0
286,39,0,0
286,40,0,0
286,41,0,0
286,42,0,0
286,43,0,0
286,44,0,0
286,45,0,0
287,1,12,2
287,2,14,3
287,3,18,5
287,4,22,7
287,5,24,8
287,6,26,9
287,7,26,8
287,8,24,8
287,9,26,8
287,10,24,8
287,11,41,10
287,12,47,12
287,13,49,13
287,14,47,11
287,15,30,10
287,16,28,9
287,17,26,8
287,18,26,9
287,19,26,8
287,20,26,9
287,21,30,11
287,22,34,10
287,23,30,8
287,24,26,8
287,25,24,8
287,26,24,7
287,27,24,7
287,28,22,6
287,29,22,6
287,30,20,5
287,31,20,6
287,32,20,6
287,33,22,7
287,34,24,8
287,35,39,9
287,36,43,11
287,37,45,10
287,38,43,10
287,39,45,10
287,40,34,11
287,41,32,9
287,42,26,8
287,43,24,7
287,44,22,7
287,45,26,8
287,46,41,10
287,47,45,10
287,48,43,9
287,49,41,8
287,50,37,6
287,51,35,3
287,52,16,3
287,53,16,4
287,54,18,3
287,55,16,2
287,56,12,1
287,57,10,1
287,58,0,0
288,1,14,3
288,2,16,4
288,3,16,3
288,4,18,5
288,5,18,5
288,6,18,4
288,7,16,3
288,8,18,5
288,9,20,6
288,10,24,7
288,11,24,7
288,12,24,7
288,13,37,8
288,14,37,5
288,15,22,5
288,16,20,4
288,17,16,3
288,18,16,3
288,19,16,3
288,20,16,2
288,21,14,3
288,22,14,3
288,23,14,2
288,24,14,2
288,25,14,2
288,26,0,0
288,27,0,0
288,28,0,0
288,29,0,0
288,30,0,0
288,31,0,0
288,32,0,0
288,33,0,0
288,34,0,0
288,35,0,0
288,36,0,0
289,1,14,3
289,2,18,5
289,3,22,7
289,4,24,8
289,5,26,8
289,6,24,8
289,7,26,9
289,8,26,9
289,9,28,10
289,10,28,9
289,11,26,8
289,12,24,8
289,13,24,8
289,14,26,8
289,15,39,7
289,16,24,7
289,17,24,6
289,18,24,6
289,19,20,3
289,20,0,1
290,1,16,4
290,2,18,5
290,3,22,7
290,4,26,9
290,5,28,9
290,6,43,11
290,7,45,12
290,8,47,11
290,9,43,11
290,10,45,12
290,11,49,12
290,12,45,12
290,13,47,12
290,14,45,11
290,15,43,11
290,16,43,10
290,17,43,11
290,18,45,12
290,19,47,13
290,20,49,14
290,21,53,15
290,22,77,15
290,23,63,13
290,24,57,12
290,25,49,11
290,26,49,12
290,27,34,11
290,28,56,11
290,29,40,9
290,30,38,10
290,31,40,12
290,32,57,14
290,33,61,16
290,34,63,15
290,35,63,13
290,36,57,12
290,37,47,11
290,38,30,7
290,39,22,5
290,40,18,4
290,41,16,2
290,42,12,2
290,43,12,2
290,44,12,1
290,45,12,2
290,46,14,3
290,47,14,2
290,48,0,1
291,1,12,2
291,2,14,3
291,3,16,4
291,4,16,4
291,5,16,4
291,6,16,4
291,7,16,4
291,8,18,4
291,9,16,3
291,10,16,4
291,11,16,4
291,12,16,4
291,13,16,4
291,14,16,4
291,15,18,4
291,16,18,5
291,17,20,6
291,18,35,6
291,19,39,9
291,20,43,9
291,21,39,6
291,22,22,7
291,23,24,7
291,24,37,8
291,25,41,9
291,26,45,12
291,27,49,13
291,28,47,11
291,29,43,8
291,30,26,7
291,31,24,7
291,32,28,10
291,33,32,11
291,34,36,12
291,35,47,11
291,36,49,11
291,37,47,12
291,38,45,12
291,39,47,13
291,40,49,12
291,41,32,12
291,42,36,12
291,43,32,11
291,44,54,14
291,45,59,13
291,46,57,13
291,47,55,11
291,48,55,13
291,49,59,15
291,50,61,14
291,51,44,11
291,52,40,11
291,53,38,10
291,54,38,11
291,55,44,13
291,56,44,13
291,57,42,11
291,58,45,10
291,59,45,12
291,60,49,13
291,61,57,13
291,62,57,14
291,63,57,14
291,64,57,13
291,65,48,15
291,66,46,15
291,67,46,14
291,68,44,13
291,69,42,10
291,70,36,9
291,71,34,9
291,72,34,7
291,73,24,8
291,74,26,9
291,75,36,9
291,76,34,8
291,77,32,7
291,78,32,6
291,79,30,5
291,80,0,2
291,81,0,3
291,82,0,2
291,83,0,0
292,1,16,4
292,2,22,7
292,3,24,8
292,4,24,6
292,5,20,6
292,6,24,6
292,7,22,7
292,8,26,8
292,9,41,9
292,10,47,12
292,11,49,11
292,12,47,11
292,13,32,8
292,14,28,9
292,15,43,10
292,16,49,11
292,17,47,10
292,18,45,12
292,19,51,12
292,20,36,12
292,21,36,11
292,22,30,9
292,23,30,10
292,24,47,12
292,25,51,14
292,26,53,13
292,27,49,11
292,28,45,11
292,29,47,10
292,30,30,8
292,31,28,9
292,32,30,10
292,33,36,13
292,34,36,13
292,35,51,11
292,36,51,12
292,37,49,12
292,38,45,9
292,39,41,7
292,40,26,7
292,41,24,6
292,42,0,5
292,43,0,2
292,44,0,0
292,45,0,0
292,46,0,0
292,47,0,0
293,1,16,4
293,2,20,6
293,3,22,5
293,4,20,6
293,5,20,6
293,6,22,7
293,7,24,7
293,8,39,8
293,9,39,8
293,10,39,7
293,11,24,6
293,12,24,8
293,13,28,9
293,14,41,9
293,15,43,9
293,16,45,10
293,17,49,13
293,18,49,12
293,19,49,10
293,20,30,9
293,21,56,11
293,22,44,14
293,23,46,15
293,24,91,17
293,25,75,18
293,26,77,20
293,27,81,22
293,28,85,23
293,29,87,24
293,30,115,27
294,1,16,4
294,2,20,6
294,3,24,8
294,4,26,9
294,5,43,10
294,6,45,12
294,7,47,12
294,8,47,10
294,9,28,7
294,10,24,6
294,11,37,8
294,12,45,11
294,13,45,11
294,14,47,12
294,15,58,14
294,16,50,17
294,17,71,19
294,18,69,20
294,19,71,20
294,20,73,20
294,21,62,20
294,22,58,19
294,23,69,18
294,24,69,19
294,25,71,21
294,26,75,23
294,27,105,26
294,28,113,29
295,1,12,2
295,2,14,3
295,3,14,3
295,4,16,3
295,5,16,4
295,6,20,6
295,7,20,5
295,8,18,5
295,9,33,4
295,10,16,4
295,11,16,4
295,12,18,4
295,13,16,3
295,14,20,6
295,15,20,5
295,16,18,4
295,17,16,3
295,18,14,2
295,19,14,3
295,20,0,2
295,21,0,1
295,22,0,0
295,23,0,0
295,24,0,0
296,1,16,4
296,2,20,6
296,3,22,7
296,4,24,8
296,5,24,8
296,6,24,7
296,7,24,8
296,8,26,9
296,9,30,11
296,10,49,13
296,11,53,14
296,12,53,10
296,13,43,9
296,14,43,9
296,15,30,11
296,16,30,10
296,17,30,10
296,18,47,11
296,19,47,10
296,20,47,11
296,21,47,11
296,22,51,15
296,23,51,13
296,24,49,12
296,25,32,8
296,26,24,8
296,27,26,7
296,28,24,7
296,29,28,9
296,30,0,9
296,31,0,5
296,32,0,4
296,33,0,2
296,34,0,0
296,35,0,0
296,36,0,0
296,37,0,0
296,38,0,0
297,1,16,4
297,2,20,6
297,3,22,7
297,4,26,9
297,5,28,9
297,6,41,10
297,7,45,10
297,8,45,12
297,9,47,11
297,10,43,8
297,11,24,5
297,12,20,5
297,13,24,8
297,14,41,9
297,15,43,9
297,16,39,5
297,17,33,6
297,18,37,8
297,19,39,8
297,20,39,9
297,21,39,9
297,22,41,10
297,23,43,11
297,24,43,10
297,25,41,10
297,26,43,9
297,27,26,9
297,28,26,8
297,29,28,10
297,30,75,12
297,31,42,12
297,32,57,14
297,33,65,17
297,34,69,20
297,35,73,20
297,36,69,18
297,37,69,18
297,38,69,20
297,39,75,23
297,40,77,23
297,41,87,25
297,42,93,27
297,43,91,25
297,44,87,25
297,45,89,26
297,46,91,26
297,47,91,27
297,48,113,28
298,1,16,4
298,2,20,5
298,3,20,6
298,4,24,8
298,5,39,7
298,6,24,7
298,7,22,5
298,8,18,4
298,9,22,7
298,10,26,8
298,11,26,8
298,12,24,8
298,13,26,8
298,14,41,9
298,15,43,10
298,16,30,9
298,17,45,10
298,18,30,10
298,19,30,9
298,20,26,6
298,21,22,7
298,22,24,7
298,23,24,6
298,24,22,6
298,25,24,7
298,26,22,5
298,27,20,5
298,28,20,6
298,29,37,8
298,30,43,9
298,31,28,8
298,32,26,9
298,33,28,9
298,34,50,12
298,35,44,12
298,36,40,10
298,37,38,8
298,38,48,8
298,39,36,8
298,40,38,9
298,41,38,8
298,42,36,8
298,43,36,9
298,44,36,7
298,45,47,8
298,46,53,10
298,47,57,12
298,48,42,8
298,49,36,8
298,50,32,6
298,51,28,5
298,52,26,2
298,53,20,1
298,54,12,1
298,55,0,0
299,1,14,3
299,2,16,4
299,3,16,4
299,4,18,5
299,5,20,6
299,6,20,6
299,7,26,8
299,8,26,7
299,9,22,6
299,10,22,6
299,11,20,5
299,12,18,4
299,13,16,4
299,14,18,4
299,15,18,5
299,16,20,6
299,17,22,7
299,18,24,7
299,19,39,6
299,20,20,5
299,21,18,4
299,22,18,5
299,23,20,6
299,24,20,6
299,25,22,7
299,26,37,8
299,27,39,9
299,28,39,9
299,29,39,9
299,30,39,8
299,31,37,8
299,32,37,7
299,33,35,7
299,34,37,8
299,35,37,7
299,36,35,6
299,37,22,7
299,38,26,8
299,39,26,7
299,40,22,5
299,41,0,4
299,42,0,4
299,43,0,0
299,44,0,0
299,45,0,0
299,46,0,0
299,47,0,0
299,48,0,0
299,49,0,0
299,50,0,0
299,51,0,0
299,52,0,0
299,53,0,0
299,54,0,0
299,55,0,0
299,56,0,0
299,57,0,0
299,58,0,0
299,59,0,0
299,60,0,0
299,61,0,0
299,62,0,0
299,63,0,0
299,64,0,0
299,65,0,0
299,66,0,0
299,67,0,0
299,68,0,0
299,69,0,0
299,70,0,0
299,71,0,0
299,72,0,0
299,73,0,0
299,74,0,0
299,75,0,0
299,76,0,0
299,77,0,0
299,78,0,0
299,79,0,0
299,80,0,0
300,1,14,3
300,2,14,3
300,3,16,4
300,4,16,4
300,5,16,4
300,6,18,3
300,7,20,5
300,8,18,5
300,9,20,6
300,10,20,6
300,11,24,8
300,12,26,7
300,13,22,5
300,14,18,5
300,15,18,5
300,16,20,6
300,17,20,6
300,18,20,6
300,19,20,4
300,20,16,3
300,21,14,1
300,22,12,1
300,23,0,0
300,24,0,0
300,25,0,0
300,26,0,0
300,27,0,0
300,28,0,0
300,29,0,0
300,30,0,0
300,31,0,0
300,32,0,0
300,33,0,0
300,34,0,0
300,35,0,0
300,36,0,0
300,37,0,0
301,1,16,4
301,2,20,6
301,3,26,9
301,4,26,9
301,5,28,10
301,6,28,8
301,7,24,6
301,8,35,7
301,9,41,9
301,10,43,10
301,11,43,9
301,12,30,8
301,13,26,9
301,14,41,10
301,15,47,13
301,16,49,13
301,17,34,11
301,18,30,11
301,19,30,9
301,20,41,9
301,21,45,11
301,22,45,11
301,23,45,12
301,24,47,12
301,25,47,13
301,26,49,13
301,27,38,13
301,28,38,12
301,29,38,12
301,30,49,12
301,31,49,12
301,32,51,14
301,33,51,14
301,34,51,15
301,35,75,15
301,36,48,13
301,37,42,13
301,38,44,14
301,39,48,15
301,40,68,15
301,41,58,16
301,42,77,20
301,43,83,23
301,44,87,25
301,45,91,27
301,46,115,29
302,1,12,2
302,2,12,2
302,3,12,2
302,4,14,3
302,5,16,4
302,6,18,4
302,7,18,5
302,8,22,7
302,9,22,7
302,10,37,7
302,11,35,6
302,12,37,7
302,13,37,6
302,14,35,5
302,15,18,4
302,16,18,3
302,17,16,3
302,18,14,3
302,19,16,4
302,20,18,4
302,21,18,4
302,22,16,3
302,23,14,3
302,24,16,4
302,25,20,5
302,26,20,6
302,27,20,5
302,28,18,4
302,29,16,4
302,30,16,2
302,31,14,2
302,32,14,2
302,33,12,1
302,34,0,0
302,35,0,0
302,36,0,0
302,37,0,0
302,38,0,0
302,39,0,0
302,40,0,0
302,41,0,0
303,1,12,2
303,2,14,3
303,3,16,4
303,4,18,5
303,5,20,6
303,6,22,6
303,7,22,7
303,8,22,6
303,9,22,6
303,10,22,5
303,11,18,5
303,12,20,5
303,13,20,6
303,14,22,7
303,15,24,8
303,16,24,8
303,17,24,7
303,18,24,8
303,19,24,8
303,20,24,7
303,21,24,7
303,22,22,6
303,23,22,7
303,24,39,9
303,25,39,8
303,26,39,8
303,27,41,10
303,28,43,9
303,29,45,12
303,30,45,12
303,31,47,12
303,32,49,13
303,33,36,12
303,34,34,13
303,35,73,15
303,36,63,16
303,37,83,18
303,38,75,19
303,39,79,21
303,40,83,23
303,41,83,22
303,42,87,25
303,43,115,27
304,1,12,2
304,2,16,4
304,3,16,4
304,4,18,5
304,5,20,6
304,6,20,6
304,7,20,6
304,8,20,6
304,9,22,7
304,10,22,7
304,11,24,8
304,12,28,10
304,13,28,9
304,14,41,10
304,15,43,11
304,16,43,9
304,17,28,9
304,18,28,9
304,19,30,9
304,20,28,9
304,21,28,10
304,22,30,9
304,23,26,6
304,24,20,4
304,25,18,3
304,26,18,5
304,27,18,3
304,28,14,3
304,29,16,4
304,30,16,4
304,31,16,4
304,32,18,4
304,33,18,1
304,34,12,2
304,35,14,3
304,36,16,3
304,37,16,4
304,38,16,4
304,39,16,4
304,40,31,5
304,41,33,5
304,42,18,5
304,43,20,5
304,44,18,4
304,45,16,4
304,46,16,4
304,47,16,2
304,48,14,2
304,49,12,1
304,50,12,2
304,51,12,2
304,52,14,2
304,53,14,3
304,54,14,2
304,55,12,1
304,56,12,2
304,57,12,2
304,58,12,1
304,59,0,0
305,1,16,4
305,2,20,6
305,3,24,7
305,4,24,8
305,5,26,9
305,6,26,9
305,7,26,8
305,8,24,7
305,9,26,8
305,10,26,8
305,11,24,7
305,12,24,8
305,13,24,7
305,14,24,8
305,15,28,10
305,16,28,9
305,17,26,9
305,18,43,10
305,19,41,9
305,20,43,8
305,21,39,9
305,22,43,10
305,23,32,10
305,24,30,10
305,25,30,10
305,26,43,7
305,27,35,7
305,28,39,6
305,29,35,5
305,30,20,3
305,31,18,5
305,32,20,5
305,33,18,5
305,34,18,3
305,35,0,2
305,36,0,1
305,37,0,1
306,1,18,5
306,2,24,8
306,3,24,7
306,4,22,7
306,5,22,6
306,6,22,7
306,7,24,8
306,8,28,9
306,9,26,8
306,10,26,7
306,11,22,7
306,12,24,7
306,13,39,8
306,14,39,8
306,15,41,9
306,16,43,10
306,17,45,11
306,18,47,12
306,19,47,12
306,20,34,9
306,21,28,7
306,22,24,8
306,23,41,9
306,24,43,11
306,25,47,11
306,26,45,12
306,27,51,12
306,28,45,10
306,29,43,10
306,30,41,9
306,31,41,9
306,32,28,8
306,33,26,9
306,34,32,9
306,35,41,9
306,36,41,10
306,37,45,11
306,38,36,13
306,39,38,15
306,40,38,14
306,41,51,14
306,42,51,15
306,43,57,18
306,44,61,19
306,45,63,21
306,46,79,24
306,47,77,24
306,48,79,25
306,49,117,27
306,50,91,25
306,51,87,24
306,52,85,24
306,53,87,25
306,54,91,27
306,55,103,29
307,1,12,2
307,2,12,2
307,3,14,3
307,4,16,4
307,5,18,5
307,6,18,5
307,7,18,5
307,8,18,5
307,9,20,5
307,10,20,6
307,11,20,6
307,12,22,7
307,13,26,9
307,14,26,8
307,15,24,7
307,16,24,7
307,17,37,8
307,18,39,8
307,19,28,8
307,20,24,7
307,21,26,9
307,22,30,10
307,23,54,11
307,24,59,15
307,25,63,17
307,26,65,18
307,27,69,18
307,28,67,18
307,29,65,17
307,30,65,16
307,31,48,14
307,32,46,13
307,33,46,13
307,34,52,13
307,35,69,16
307,36,75,17
307,37,73,15
307,38,73,17
307,39,75,18
307,40,75,18
307,41,79,21
307,42,83,22
307,43,85,24
307,44,113,25
308,1,12,2
308,2,14,3
308,3,14,3
308,4,14,2
308,5,16,4
308,6,18,5
308,7,18,4
308,8,16,3
308,9,16,4
308,10,16,3
308,11,18,5
308,12,18,4
308,13,16,3
308,14,16,3
308,15,16,2
308,16,12,1
308,17,12,2
308,18,12,1
308,19,0,0
308,20,0,0
308,21,0,0
308,22,0,0
308,23,0,0
308,24,0,0
308,25,0,0
308,26,0,0
308,27,0,0
308,28,0,0
309,1,16,4
309,2,18,5
309,3,22,7
309,4,24,8
309,5,26,9
309,6,26,9
309,7,43,11
309,8,43,11
309,9,43,11
309,10,45,12
309,11,49,13
309,12,49,13
309,13,51,14
309,14,56,15
309,15,48,15
309,16,48,15
309,17,50,14
309,18,48,15
309,19,50,17
309,20,50,16
309,21,50,15
309,22,46,14
309,23,46,15
309,24,46,15
309,25,67,19
309,26,71,21
309,27,73,22
309,28,75,23
309,29,77,24
309,30,87,24
309,31,89,25
309,32,89,26
309,33,113,27
310,1,16,4
310,2,20,6
310,3,24,8
310,4,26,9
310,5,28,9
310,6,43,11
310,7,45,10
310,8,45,12
310,9,49,12
310,10,51,14
310,11,53,13
310,12,49,11
310,13,30,10
310,14,34,13
310,15,73,15
310,16,65,18
310,17,67,18
310,18,89,19
310,19,77,18
310,20,79,20
310,21,81,22
310,22,85,24
310,23,89,26
310,24,91,27
310,25,93,28
310,26,93,27
310,27,93,28
310,28,113,29
311,1,16,4
311,2,20,6
311,3,22,7
311,4,24,8
311,5,26,8
311,6,26,9
311,7,26,7
311,8,22,5
311,9,18,3
311,10,16,3
311,11,14,3
311,12,16,4
311,13,20,6
311,14,22,6
311,15,22,5
311,16,18,5
311,17,18,4
311,18,20,5
311,19,0,4
311,20,0,2
311,21,0,0
311,22,0,0
311,23,0,0
311,24,0,0
311,25,0,0
311,26,0,0
311,27,0,0
311,28,0,0
311,29,0,0
311,30,0,0
311,31,0,0
311,32,0,0
311,33,0,0
311,34,0,0
311,35,0,0
311,36,0,0
311,37,0,0
311,38,0,0
311,39,0,0
311,40,0,0
311,41,0,0
311,42,0,0
311,43,0,0
311,44,0,0
311,45,0,0
311,46,0,0
311,47,0,0
311,48,0,0
311,49,0,0
311,50,0,0
311,51,0,0
312,1,16,4
312,2,22,7
312,3,26,9
312,4,28,9
312,5,41,10
312,6,45,11
312,7,47,11
312,8,34,10
312,9,30,10
312,10,43,10
312,11,49,13
312,12,51,14
312,13,51,14
312,14,49,11
312,15,30,9
312,16,30,11
312,17,49,13
312,18,55,15
312,19,55,16
312,20,57,15
312,21,75,14
312,22,46,13
312,23,46,14
312,24,63,16
312,25,69,19
312,26,71,20
312,27,73,20
312,28,73,20
312,29,58,18
312,30,71,21
312,31,79,25
312,32,83,26
312,33,83,26
312,34,103,28
312,35,93,28
312,36,93,28
312,37,93,27
312,38,91,26
312,39,93,28
312,40,113,29
313,1,12,2
313,2,14,3
313,3,18,5
313,4,22,7
313,5,24,7
313,6,26,9
313,7,26,8
313,8,26,8
313,9,26,8
313,10,24,7
313,11,22,7
313,12,24,8
313,13,26,9
313,14,26,8
313,15,26,9
313,16,32,10
313,17,32,12
313,18,32,10
313,19,28,7
313,20,37,8
313,21,41,9
313,22,45,12
313,23,47,12
313,24,47,12
313,25,47,12
313,26,34,11
313,27,32,11
313,28,34,13
313,29,55,15
313,30,51,11
313,31,45,11
313,32,47,13
313,33,51,15
313,34,51,13
313,35,49,13
313,36,36,10
313,37,65,13
313,38,55,12
313,39,59,15
313,40,63,16
313,41,67,18
313,42,67,19
313,43,93,23
313,44,87,23
313,45,87,24
313,46,117,27
314,1,16,4
314,2,18,5
314,3,22,7
314,4,24,8
314,5,26,8
314,6,24,8
314,7,24,7
314,8,22,7
314,9,24,8
314,10,26,9
314,11,26,9
314,12,26,9
314,13,26,9
314,14,26,9
314,15,26,9
314,16,26,9
314,17,26,9
314,18,26,9
314,19,26,9
314,20,26,9
314,21,26,9
314,22,26,9
314,23,26,9
314,24,26,9
314,25,26,9
314,26,26,9
314,27,26,9
314,28,26,9
314,29,26,9
314,30,26,9
314,31,26,9
314,32,26,9
314,33,26,9
314,34,26,9
314,35,26,9
314,36,26,9
314,37,26,9
314,38,26,9
314,39,26,9
314,40,26,9
314,41,26,9
314,42,26,9
314,43,26,9
314,44,26,9
314,45,26,9
314,46,26,9
314,47,26,9
314,48,26,9
314,49,26,9
314,50,26,9
314,51,26,9
314,52,26,9
314,53,26,9
314,54,26,9
314,55,26,9
314,56,26,9
314,57,26,9
314,58,26,9
314,59,26,9
314,60,26,9
314,61,26,9
314,62,26,9
314,63,26,9
314,64,26,9
314,65,26,9
314,66,26,9
314,67,26,9
314,68,26,9
314,69,26,9
314,70,26,9
314,71,26,9
314,72,26,9
314,73,26,9
314,74,26,9
314,75,26,9
314,76,26,9
314,77,26,9
314,78,26,9
314,79,26,9
314,80,26,9
314,81,26,9
314,82,26,9
314,83,26,9
314,84,26,9
314,85,26,9
314,86,26,9
314,87,26,9
314,88,26,9
314,89,26,9
314,90,26,9
314,91,26,9
314,92,26,9
314,93,26,9
314,94,26,9
314,95,26,9
314,96,26,9
314,97,26,9
314,98,26,9
314,99,26,9
314,100,26,9
314,101,26,9
314,102,26,9
314,103,26,9
314,104,26,9
314,105,26,9
314,106,26,9
314,107,26,9
314,108,26,9
314,109,26,9
314,110,26,9
314,111,26,9
314,112,26,9
314,113,26,9
314,114,26,9
314,115,26,9
314,116,26,9
314,117,26,9
314,118,26,9
314,119,26,9
314,120,26,9
314,121,26,9
314,122,26,9
314,123,26,9
314,124,26,9
314,125,26,9
314,126,26,9
314,127,26,9
314,128,26,9
314,129,26,9
314,130,26,9
314,131,26,9
314,132,26,9
314,133,26,9
314,134,26,9
314,135,26,9
314,136,26,9
314,137,26,9
314,138,26,9
314,139,26,9
314,140,26,9
314,141,26,9
314,142,26,9
314,143,26,9
314,144,26,9
314,145,26,9
314,146,26,9
314,147,26,9
314,148,26,9
314,149,26,9
314,150,26,9
314,151,26,9
314,152,26,9
314,153,26,9
314,154,26,9
314,155,26,9
314,156,26,9
314,157,26,9
314,158,26,9
314,159,26,9
314,160,26,9
314,161,26,9
314,162,26,9
314,163,26,9
314,164,26,9
314,165,26,9
314,166,26,9
314,167,26,9
314,168,26,9
314,169,26,9
314,170,26,9
314,171,26,9
314,172,26,9
314,173,26,9
314,174,26,9
314,175,26,9
314,176,26,9
314,177,26,9
314,178,26,9
314,179,26,9
314,180,26,9
314,181,26,9
314,182,26,9
314,183,26,9
314,184,26,9
314,185,26,9
314,186,26,9
314,187,26,9
314,188,26,9
314,189,26,9
314,190,26,9
314,191,26,9
314,192,26,9
314,193,26,9
314,194,26,9
314,195,26,9
314,196,26,9
315,1,14,3
315,2,16,4
315,3,20,6
315,4,20,6
315,5,22,7
315,6,24,6
315,7,22,7
315,8,24,8
315,9,24,8
315,10,24,8
315,11,26,9
315,12,26,8
315,13,24,6
315,14,35,6
315,15,33,2
315,16,27,3
315,17,31,3
315,18,18,5
315,19,35,6
315,20,33,5
315,21,31,4
315,22,16,3
315,23,16,4
315,24,16,4
315,25,16,3
315,26,16,3
315,27,16,3
315,28,14,1
315,29,0,0
316,1,18,5
316,2,24,7
316,3,24,7
316,4,24,8
316,5,24,7
316,6,22,7
316,7,26,8
316,8,39,8
316,9,24,7
316,10,22,7
316,11,24,8
316,12,24,7
316,13,24,8
316,14,24,8
316,15,24,7
316,16,24,8
316,17,24,5
316,18,20,6
316,19,24,8
316,20,26,8
316,21,45,12
316,22,49,12
316,23,49,13
316,24,49,11
316,25,47,10
316,26,45,10
316,27,30,11
316,28,54,11
316,29,44,13
316,30,44,14
316,31,48,16
316,32,50,17
316,33,70,17
316,34,60,18
316,35,77,20
316,36,79,20
316,37,81,22
316,38,85,24
316,39,87,25
316,40,115,27
317,1,16,4
317,2,18,5
317,3,20,6
317,4,22,5
317,5,20,4
317,6,18,5
317,7,22,7
317,8,24,7
317,9,22,5
317,10,33,4
317,11,29,3
317,12,14,3
317,13,14,3
317,14,16,3
317,15,18,5
317,16,22,6
317,17,35,4
317,18,16,3
317,19,16,3
317,20,0,0
317,21,0,0
317,22,0,0
317,23,0,0
317,24,0,0
317,25,0,0
317,26,0,0
318,1,14,3
318,2,16,4
318,3,18,5
318,4,20,6
318,5,20,5
318,6,18,5
318,7,18,4
318,8,18,5
318,9,20,5
318,10,18,4
318,11,16,3
318,12,16,4
318,13,18,4
318,14,16,3
318,15,14,3
318,16,14,3
318,17,14,2
318,18,14,2
318,19,0,1
318,20,0,0
318,21,0,0
318,22,0,0
318,23,0,0
318,24,0,0
318,25,0,0
318,26,0,0
318,27,0,0
318,28,0,0
318,29,0,0
318,30,0,0
318,31,0,0
318,32,0,0
318,33,0,0
318,34,0,0
318,35,0,0
318,36,0,0
318,37,0,0
318,38,0,0
318,39,0,0
319,1,14,3
319,2,14,3
319,3,14,3
319,4,14,3
319,5,16,4
319,6,18,4
319,7,18,4
319,8,18,4
319,9,16,4
319,10,18,5
319,11,20,6
319,12,20,4
319,13,18,4
319,14,16,4
319,15,16,3
319,16,20,5
319,17,22,7
319,18,24,6
319,19,20,5
319,20,18,3
319,21,0,1
319,22,0,0
319,23,0,0
319,24,0,0
319,25,0,0
320,1,12,2
320,2,14,3
320,3,16,4
320,4,16,4
320,5,16,4
320,6,16,4
320,7,16,4
320,8,16,4
320,9,18,5
320,10,20,5
320,11,20,6
320,12,20,5
320,13,20,6
320,14,22,6
320,15,22,6
320,16,22,7
320,17,26,9
320,18,56,9
320,19,49,9
320,20,51,10
320,21,38,11
320,22,42,12
320,23,44,14
320,24,48,16
320,25,48,14
320,26,44,14
320,27,46,14
320,28,48,15
320,29,48,15
320,30,63,17
320,31,71,20
320,32,75,23
320,33,81,25
320,34,123,27
321,1,16,4
321,2,20,6
321,3,24,6
321,4,22,7
321,5,39,8
321,6,24,7
321,7,22,7
321,8,26,8
321,9,43,9
321,10,43,9
321,11,43,9
321,12,28,8
321,13,24,7
321,14,24,8
321,15,26,8
321,16,43,8
321,17,41,8
321,18,39,6
321,19,35,5
321,20,20,5
321,21,28,10
321,22,30,10
321,23,45,12
321,24,49,14
321,25,53,15
321,26,51,14
321,27,51,12
321,28,34,11
321,29,49,14
321,30,51,13
321,31,53,12
321,32,49,12
321,33,51,15
321,34,59,18
321,35,71,20
321,36,77,21
321,37,75,20
321,38,71,20
321,39,95,22
321,40,85,24
321,41,87,25
321,42,89,26
321,43,113,27
322,1,16,4
322,2,18,5
322,3,22,6
322,4,24,8
322,5,26,8
322,6,24,8
322,7,24,7
322,8,24,7
322,9,24,8
322,10,24,6
322,11,20,6
322,12,22,7
322,13,26,9
322,14,26,8
322,15,39,8
322,16,43,9
322,17,47,11
322,18,30,9
322,19,28,8
322,20,28,9
322,21,32,9
322,22,43,9
322,23,43,10
322,24,43,9
322,25,41,5
322,26,20,5
322,27,22,6
322,28,22,6
322,29,24,5
322,30,20,5
322,31,20,4
322,32,0,2
322,33,0,1
323,1,16,4
323,2,20,6
323,3,22,7
323,4,24,8
323,5,26,9
323,6,26,9
323,7,26,9
323,8,26,8
323,9,24,7
323,10,22,6
323,11,20,4
323,12,0,3
323,13,0,2
323,14,0,0
323,15,0,0
323,16,0,0
323,17,0,0
323,18,0,0
323,19,0,0
323,20,0,0
323,21,0,0
323,22,0,0
323,23,0,0
323,24,0,0
323,25,0,0
323,26,0,0
323,27,0,0
323,28,0,0
323,29,0,0
323,30,0,0
323,31,0,0
323,32,0,0
323,33,0,0
323,34,0,0
323,35,0,0
323,36,0,0
323,37,0,0
323,38,0,0
323,39,0,0
323,40,0,0
323,41,0,0
323,42,0,0
323,43,0,0
323,44,0,0
323,45,0,0
323,46,0,0
323,47,0,0
323,48,0,0
323,49,0,0
323,50,0,0
323,51,0,0
323,52,0,0
323,53,0,0
323,54,0,0
323,55,0,0
323,56,0,0
323,57,0,0
323,58,0,0
323,59,0,0
323,60,0,0
323,61,0,0
323,62,0,0
323,63,0,0
323,64,0,0
323,65,0,0
323,66,0,0
323,67,0,0
323,68,0,0
323,69,0,0
323,70,0,0
323,71,0,0
323,72,0,0
323,73,0,0
323,74,0,0
323,75,0,0
323,76,0,0
323,77,0,0
323,78,0,0
323,79,0,0
323,80,0,0
323,81,0,0
323,82,0,0
323,83,0,0
323,84,0,0
323,85,0,0
323,86,0,0
323,87,0,0
323,88,0,0
323,89,0,0
323,90,0,0
323,91,0,0
323,92,0,0
323,93,0,0
323,94,0,0
323,95,0,0
323,96,0,0
323,97,0,0
323,98,0,0
323,99,0,0
323,100,0,0
323,101,0,0
323,102,0,0
323,103,0,0
323,104,0,0
323,105,0,0
323,106,0,0
323,107,0,0
323,108,0,0
323,109,0,0
323,110,0,0
323,111,0,0
323,112,0,0
323,113,0,0
323,114,0,0
323,115,0,0
323,116,0,0
323,117,0,0
323,118,0,0
323,119,0,0
323,120,0,0
323,121,0,0
323,122,0,0
323,123,0,0
323,124,0,0
323,125,0,0
323,126,0,0
323,127,0,0
323,128,0,0
323,129,0,0
323,130,0,0
323,131,0,0
323,132,0,0
323,133,0,0
323,134,0,0
323,135,0,0
323,136,0,0
323,137,0,0
323,138,0,0
323,139,0,0
323,140,0,0
323,141,0,0
323,142,0,0
323,143,0,0
323,144,0,0
323,145,0,0
323,146,0,0
323,147,0,0
323,148,0,0
323,149,0,0
323,150,0,0
323,151,0,0
323,152,0,0
323,153,0,0
323,154,0,0
323,155,0,0
323,156,0,0
323,157,0,0
323,158,0,0
323,159,0,0
323,160,0,0
323,161,0,0
323,162,0,0
323,163,0,0
323,164,0,0
323,165,0,0
323,166,0,0
323,167,0,0
323,168,0,0
323,169,0,0
323,170,0,0
323,171,0,0
323,172,0,0
323,173,0,0
323,174,0,0
323,175,0,0
323,176,0,0
323,177,0,0
323,178,0,0
323,179,0,0
323,180,0,0
323,181,0,0
323,182,0,0
323,183,0,0
323,184,0,0
323,185,0,0
323,186,0,0
323,187,0,0
323,188,0,0
323,189,0,0
324,1,14,3
324,2,16,4
324,3,16,4
324,4,16,4
324,5,16,4
324,6,16,4
324,7,18,5
324,8,18,4
324,9,16,4
324,10,22,6
324,11,22,7
324,12,22,6
324,13,22,6
324,14,20,4
324,15,16,3
324,16,0,1
324,17,0,0
324,18,0,0
324,19,0,0
324,20,0,0
324,21,0,0
324,22,0,0
324,23,0,0
324,24,0,0
324,25,0,0
324,26,0,0
324,27,0,0
324,28,0,0
324,29,0,0
324,30,0,0
324,31,0,0
324,32,0,0
324,33,0,0
324,34,0,0
324,35,0,0
325,1,14,3
325,2,16,4
325,3,16,4
325,4,18,5
325,5,20,5
325,6,18,3
325,7,16,4
325,8,18,3
325,9,16,3
325,10,14,3
325,11,16,3
325,12,16,3
325,13,14,3
325,14,14,3
325,15,16,4
325,16,18,5
325,17,18,4
325,18,16,3
325,19,14,1
325,20,10,1
325,21,0,0
325,22,0,0
325,23,0,0
325,24,0,0
325,25,0,0
325,26,0,0
325,27,0,0
325,28,0,0
325,29,0,0
325,30,0,0
325,31,0,0
325,32,0,0
325,33,0,0
325,34,0,0
325,35,0,0
325,36,0,0
326,1,16,4
326,2,22,6
326,3,22,7
326,4,26,9
326,5,26,7
326,6,24,6
326,7,22,7
326,8,24,8
326,9,26,7
326,10,24,8
326,11,24,8
326,12,26,9
326,13,28,10
326,14,28,8
326,15,26,7
326,16,22,6
326,17,37,8
326,18,41,9
326,19,41,10
326,20,45,10
326,21,30,7
326,22,22,6
326,23,22,5
326,24,33,5
326,25,35,2
326,26,12,2
326,27,16,2
326,28,18,5
326,29,20,4
326,30,16,2
326,31,12,1
326,32,12,1
326,33,0,0
326,34,0,0
326,35,0,0
326,36,0,0
326,37,0,0
326,38,0,0
326,39,0,0
326,40,0,0
326,41,0,0
326,42,0,0
326,43,0,0
326,44,0,0
326,45,0,0
327,1,14,3
327,2,16,4
327,3,20,5
327,4,20,6
327,5,22,7
327,6,22,7
327,7,22,6
327,8,22,7
327,9,22,5
327,10,18,5
327,11,22,6
327,12,22,7
327,13,24,8
327,14,24,6
327,15,22,5
327,16,18,4
327,17,18,5
327,18,22,6
327,19,20,4
327,20,16,3
327,21,20,6
327,22,20,5
327,23,20,5
327,24,20,4
327,25,18,4
327,26,0,2
327,27,0,1
327,28,0,0
327,29,0,0
327,30,0,0
327,31,0,0
327,32,0,0
327,33,0,0
327,34,0,0
327,35,0,0
327,36,0,0
327,37,0,0
327,38,0,0
327,39,0,0
327,40,0,0
327,41,0,0
327,42,0,0
327,43,0,0
327,44,0,0
327,45,0,0
328,1,16,4
328,2,20,6
328,3,22,6
328,4,24,7
328,5,24,7
328,6,22,7
328,7,22,6
328,8,20,5
328,9,18,5
328,10,18,5
328,11,18,4
328,12,16,3
328,13,14,3
328,14,16,4
328,15,18,5
328,16,37,6
328,17,20,4
328,18,16,3
328,19,14,2
328,20,12,2
328,21,14,2
328,22,0,0
328,23,0,0
328,24,0,0
328,25,0,0
328,26,0,0
328,27,0,0
328,28,0,0
328,29,0,0
328,30,0,0
328,31,0,0
328,32,0,0
328,33,0,0
328,34,0,0
328,35,0,0
328,36,0,0
328,37,0,0
329,1,16,4
329,2,20,6
329,3,22,6
329,4,22,7
329,5,26,8
329,6,24,7
329,7,22,7
329,8,22,6
329,9,20,5
329,10,24,8
329,11,26,8
329,12,24,8
329,13,24,8
329,14,26,9
329,15,26,8
329,16,24,6
329,17,20,4
329,18,16,3
329,19,16,3
329,20,0,2
329,21,0,2
329,22,0,1
329,23,0,0
329,24,0,0
329,25,0,0
329,26,0,0
329,27,0,0
329,28,0,0
329,29,0,0
329,30,0,0
329,31,0,0
329,32,0,0
329,33,0,0
330,1,14,3
330,2,14,3
330,3,14,3
330,4,16,3
330,5,14,2
330,6,14,3
330,7,14,3
330,8,14,3
330,9,14,2
330,10,14,3
330,11,16,3
330,12,14,2
330,13,12,2
