game,round,pu_after,territories_after
1,1,14,3
1,2,14,3
1,3,16,4
1,4,18,4
1,5,18,5
1,6,20,6
1,7,20,6
1,8,35,7
1,9,37,7
1,10,35,6
1,11,18,5
1,12,16,4
1,13,18,5
1,14,20,6
1,15,22,6
1,16,20,5
1,17,18,5
1,18,20,6
1,19,35,7
1,20,37,8
1,21,39,7
1,22,35,5
1,23,20,5
1,24,20,6
1,25,20,5
1,26,20,6
1,27,20,5
1,28,18,5
1,29,18,5
1,30,18,5
1,31,16,4
1,32,16,4
1,33,18,4
1,34,16,3
1,35,0,1
1,36,0,0
1,37,0,0
1,38,0,0
1,39,0,0
1,40,0,0
1,41,0,0
1,42,0,0
1,43,0,0
1,44,0,0
1,45,0,0
1,46,0,0
1,47,0,0
1,48,0,0
1,49,0,0
1,50,0,0
1,51,0,0
1,52,0,0
1,53,0,0
1,54,0,0
1,55,0,0
1,56,0,0
1,57,0,0
1,58,0,0
1,59,0,0
1,60,0,0
1,61,0,0
1,62,0,0
1,63,0,0
1,64,0,0
1,65,0,0
1,66,0,0
1,67,0,0
1,68,0,0
1,69,0,0
1,70,0,0
1,71,0,0
1,72,0,0
1,73,0,0
1,74,0,0
1,75,0,0
1,76,0,0
1,77,0,0
1,78,0,0
1,79,0,0
1,80,0,0
2,1,16,4
2,2,20,6
2,3,20,6
2,4,22,6
2,5,24,7
2,6,22,7
2,7,22,7
2,8,24,7
2,9,22,5
2,10,20,5
2,11,22,7
2,12,24,8
2,13,24,7
2,14,22,7
2,15,22,5
2,16,20,6
2,17,24,8
2,18,26,9
2,19,26,9
2,20,43,11
2,21,45,11
2,22,45,12
2,23,49,12
2,24,45,11
2,25,41,9
2,26,26,9
2,27,26,9
2,28,30,11
2,29,32,10
2,30,28,8
2,31,37,4
2,32,14,2
2,33,10,1
2,34,10,1
2,35,10,1
2,36,10,1
2,37,10,1
2,38,14,3
2,39,16,3
2,40,14,2
2,41,12,1
2,42,0,0
2,43,0,0
2,44,0,0
2,45,0,0
2,46,0,0
2,47,0,0
2,48,0,0
2,49,0,0
2,50,0,0
2,51,0,0
2,52,0,0
2,53,0,0
2,54,0,0
3,1,16,4
3,2,20,6
3,3,24,7
3,4,26,9
3,5,26,9
3,6,26,8
3,7,26,8
3,8,24,8
3,9,24,8
3,10,24,7
3,11,24,7
3,12,26,9
3,13,28,10
3,14,43,11
3,15,45,12
3,16,51,13
3,17,51,14
3,18,34,8
3,19,26,8
3,20,28,9
3,21,28,10
3,22,26,9
3,23,43,9
3,24,45,10
3,25,47,11
3,26,32,8
3,27,26,7
3,28,24,6
3,29,20,4
3,30,16,1
3,31,0,0
4,1,16,4
4,2,20,6
4,3,22,7
4,4,26,9
4,5,28,10
4,6,28,10
4,7,43,11
4,8,45,12
4,9,51,15
4,10,49,13
4,11,45,9
4,12,26,7
4,13,24,8
4,14,28,10
4,15,45,12
4,16,51,14
4,17,53,14
4,18,49,12
4,19,38,14
4,20,36,13
4,21,34,10
4,22,32,11
4,23,47,12
4,24,49,13
4,25,51,12
4,26,45,8
4,27,26,8
4,28,28,9
4,29,30,9
4,30,30,10
4,31,32,10
4,32,45,11
4,33,47,11
4,34,49,12
4,35,47,9
4,36,45,9
4,37,28,7
4,38,22,7
4,39,22,6
4,40,22,5
4,41,22,6
4,42,22,6
4,43,0,3
4,44,0,3
4,45,0,1
5,1,16,4
5,2,20,6
5,3,24,8
5,4,26,9
5,5,24,8
5,6,24,8
5,7,26,9
5,8,26,8
5,9,22,6
5,10,20,5
5,11,20,6
5,12,22,7
5,13,26,8
5,14,24,8
5,15,22,6
5,16,18,4
5,17,14,2
5,18,0,0
5,19,0,0
5,20,0,0
5,21,0,0
5,22,0,0
5,23,0,0
5,24,0,0
5,25,0,0
5,26,0,0
5,27,0,0
5,28,0,0
5,29,0,0
5,30,0,0
5,31,0,0
5,32,0,0
5,33,0,0
5,34,0,0
6,1,16,4
6,2,20,6
6,3,24,8
6,4,24,7
6,5,24,6
6,6,24,7
6,7,22,7
6,8,26,9
6,9,41,10
6,10,47,12
6,11,47,11
6,12,28,8
6,13,26,8
6,14,26,9
6,15,28,9
6,16,26,8
6,17,24,6
6,18,22,7
6,19,26,9
6,20,41,9
6,21,45,12
6,22,49,13
6,23,45,12
6,24,26,9
6,25,28,9
6,26,28,8
6,27,26,7
6,28,22,5
6,29,22,7
6,30,20,6
6,31,20,6
6,32,20,6
6,33,24,8
6,34,39,9
6,35,45,11
6,36,41,8
6,37,35,4
6,38,22,5
6,39,20,4
6,40,14,3
6,41,14,3
6,42,16,4
6,43,16,4
6,44,12,2
6,45,10,1
6,46,10,1
6,47,12,2
6,48,10,1
6,49,12,2
6,50,14,3
6,51,14,3
6,52,16,3
6,53,14,2
6,54,16,4
6,55,20,6
6,56,20,6
6,57,35,7
6,58,33,6
6,59,35,7
6,60,33,6
6,61,18,5
6,62,16,4
6,63,14,3
6,64,12,2
6,65,0,0
7,1,16,4
7,2,20,6
7,3,22,7
7,4,26,8
7,5,24,7
7,6,22,7
7,7,26,8
7,8,24,8
7,9,24,8
7,10,28,9
7,11,43,10
7,12,45,11
7,13,47,13
7,14,49,14
7,15,51,14
7,16,51,12
7,17,34,9
7,18,30,10
7,19,45,10
7,20,49,13
7,21,55,17
7,22,57,18
7,23,57,17
7,24,55,16
7,25,34,13
7,26,32,11
7,27,32,11
7,28,30,10
7,29,45,12
7,30,77,15
7,31,63,15
7,32,71,17
7,33,77,20
7,34,83,22
7,35,83,22
7,36,70,22
7,37,85,24
7,38,89,26
7,39,91,26
7,40,89,26
7,41,93,28
7,42,113,29
8,1,16,4
8,2,20,6
8,3,22,7
8,4,24,8
8,5,26,9
8,6,22,7
8,7,24,7
8,8,24,7
8,9,39,8
8,10,41,10
8,11,45,12
8,12,47,13
8,13,34,12
8,14,32,12
8,15,47,13
8,16,53,15
8,17,47,11
8,18,41,8
8,19,37,6
8,20,22,7
8,21,22,6
8,22,24,8
8,23,43,10
8,24,30,10
8,25,28,8
8,26,24,8
8,27,39,8
8,28,39,8
8,29,26,9
8,30,24,7
8,31,22,6
8,32,20,5
8,33,20,5
8,34,20,4
8,35,18,4
8,36,16,3
8,37,29,4
8,38,31,5
8,39,35,7
8,40,35,7
8,41,39,8
8,42,41,9
8,43,28,9
8,44,26,8
8,45,24,7
8,46,22,6
8,47,24,7
8,48,37,6
8,49,18,4
8,50,14,1
8,51,14,3
8,52,18,5
8,53,22,5
8,54,18,4
8,55,16,2
8,56,14,2
8,57,0,1
9,1,16,4
9,2,20,6
9,3,24,8
9,4,26,9
9,5,26,9
9,6,26,9
9,7,24,8
9,8,24,8
9,9,24,8
9,10,24,8
9,11,22,7
9,12,22,7
9,13,20,6
9,14,0,4
9,15,0,3
9,16,0,1
9,17,0,0
9,18,0,0
9,19,0,0
9,20,0,0
9,21,0,0
9,22,0,0
9,23,0,0
9,24,0,0
9,25,0,0
9,26,0,0
9,27,0,0
9,28,0,0
9,29,0,0
9,30,0,0
9,31,0,0
9,32,0,0
9,33,0,0
9,34,0,0
9,35,0,0
9,36,0,0
10,1,16,4
10,2,22,7
10,3,22,7
10,4,20,6
10,5,20,5
10,6,18,5
10,7,20,6
10,8,22,7
10,9,22,7
10,10,22,6
10,11,22,6
10,12,22,6
10,13,18,5
10,14,18,5
10,15,18,5
10,16,20,6
10,17,20,6
10,18,22,6
10,19,18,5
10,20,18,4
10,21,16,3
10,22,14,2
10,23,12,2
10,24,10,1
10,25,0,0
10,26,0,0
10,27,0,0
10,28,0,0
10,29,0,0
10,30,0,0
10,31,0,0
10,32,0,0
10,33,0,0
10,34,0,0
11,1,16,4
11,2,22,7
11,3,24,8
11,4,24,7
11,5,22,6
11,6,22,6
11,7,24,8
11,8,26,8
11,9,22,7
11,10,24,7
11,11,22,6
11,12,20,5
11,13,18,3
11,14,16,3
11,15,16,4
11,16,18,3
11,17,14,2
11,18,16,3
11,19,0,1
11,20,0,0
11,21,0,0
11,22,0,0
11,23,0,0
11,24,0,0
11,25,0,0
11,26,0,0
11,27,0,0
11,28,0,0
11,29,0,0
11,30,0,0
11,31,0,0
11,32,0,0
11,33,0,0
11,34,0,0
11,35,0,0
12,1,12,2
12,2,12,2
12,3,14,3
12,4,14,3
12,5,16,4
12,6,16,4
12,7,14,3
12,8,14,3
12,9,14,3
12,10,16,3
12,11,14,3
12,12,14,3
12,13,12,2
12,14,12,1
12,15,10,1
12,16,10,1
12,17,12,2
12,18,14,3
12,19,16,4
12,20,18,4
12,21,16,3
12,22,16,4
12,23,16,4
12,24,14,3
12,25,14,3
12,26,16,4
12,27,16,4
12,28,16,4
12,29,16,4
12,30,14,3
12,31,10,1
12,32,0,0
13,1,14,3
13,2,16,4
13,3,18,5
13,4,22,7
13,5,24,8
13,6,24,7
13,7,24,8
13,8,26,9
13,9,26,9
13,10,26,8
13,11,26,8
13,12,24,8
13,13,26,9
13,14,28,10
13,15,28,9
13,16,41,10
13,17,43,11
13,18,47,13
13,19,49,13
13,20,47,13
13,21,49,13
13,22,73,15
13,23,59,14
13,24,44,11
13,25,42,13
13,26,44,14
13,27,44,14
13,28,44,14
13,29,44,14
13,30,44,14
13,31,44,14
13,32,59,15
13,33,59,15
13,34,61,15
13,35,61,15
13,36,59,12
13,37,42,11
13,38,55,12
13,39,59,13
13,40,61,15
13,41,67,19
13,42,73,22
13,43,81,26
13,44,83,27
13,45,113,28
13,46,103,29
14,1,12,2
14,2,14,3
14,3,16,4
14,4,18,5
14,5,22,7
14,6,22,7
14,7,22,7
14,8,24,8
14,9,22,7
14,10,24,8
14,11,24,8
14,12,24,7
14,13,24,8
14,14,26,9
14,15,39,9
14,16,39,9
14,17,45,12
14,18,45,9
14,19,43,11
14,20,47,13
14,21,47,13
14,22,51,14
14,23,49,13
14,24,49,13
14,25,68,15
14,26,52,18
14,27,54,18
14,28,56,20
14,29,62,22
14,30,64,23
14,31,64,24
14,32,86,22
14,33,68,22
14,34,83,23
14,35,85,23
14,36,87,24
14,37,89,26
14,38,91,27
14,39,113,28
15,1,16,4
15,2,22,7
15,3,26,9
15,4,26,9
15,5,43,10
15,6,43,10
15,7,41,8
15,8,22,6
15,9,22,7
15,10,26,9
15,11,47,12
15,12,49,11
15,13,45,8
15,14,26,8
15,15,26,9
15,16,28,9
15,17,30,9
15,18,28,7
15,19,41,9
15,20,41,10
15,21,43,10
15,22,28,10
15,23,28,10
15,24,30,11
15,25,36,14
15,26,53,14
15,27,51,14
15,28,43,10
15,29,45,12
15,30,51,15
15,31,51,13
15,32,34,11
15,33,36,12
15,34,47,12
15,35,49,14
15,36,53,14
15,37,53,13
15,38,51,14
15,39,49,12
15,40,32,10
15,41,32,10
15,42,32,11
15,43,43,10
15,44,49,11
15,45,47,11
15,46,45,9
15,47,28,7
15,48,24,6
15,49,20,4
15,50,18,4
15,51,18,2
15,52,0,0
16,1,14,3
16,2,14,3
16,3,16,4
16,4,18,5
16,5,18,5
16,6,16,4
16,7,18,5
16,8,20,6
16,9,20,6
16,10,20,6
16,11,22,7
16,12,20,6
16,13,18,5
16,14,18,5
16,15,20,6
16,16,22,7
16,17,26,9
16,18,52,10
16,19,36,10
16,20,40,12
16,21,44,14
16,22,50,17
16,23,54,18
16,24,56,20
16,25,56,19
16,26,54,18
16,27,52,16
16,28,50,17
16,29,65,17
16,30,67,17
16,31,63,17
16,32,65,16
16,33,65,18
16,34,67,19
16,35,69,19
16,36,71,21
16,37,77,23
16,38,75,23
16,39,75,23
16,40,79,24
16,41,97,24
16,42,85,24
16,43,85,24
16,44,91,27
16,45,113,28
17,1,16,4
17,2,22,7
17,3,24,8
17,4,26,8
17,5,24,8
17,6,24,8
17,7,24,8
17,8,39,9
17,9,43,10
17,10,28,9
17,11,26,7
17,12,24,8
17,13,26,9
17,14,28,9
17,15,26,8
17,16,24,7
17,17,24,8
17,18,26,8
17,19,24,8
17,20,24,8
17,21,24,8
17,22,26,9
17,23,24,8
17,24,28,10
17,25,43,10
17,26,26,8
17,27,24,8
17,28,26,9
17,29,26,9
17,30,24,7
17,31,39,8
17,32,41,10
17,33,45,10
17,34,28,10
17,35,30,9
17,36,26,7
17,37,24,6
17,38,20,6
17,39,20,5
17,40,37,8
17,41,43,10
17,42,30,10
17,43,28,9
17,44,30,11
17,45,43,10
17,46,43,9
17,47,39,8
17,48,39,9
17,49,43,9
17,50,43,8
17,51,24,5
17,52,20,5
17,53,18,4
17,54,18,4
17,55,18,3
17,56,14,2
17,57,12,1
17,58,14,2
17,59,0,0
18,1,16,4
18,2,20,6
18,3,20,6
18,4,20,6
18,5,20,6
18,6,22,7
18,7,20,6
18,8,22,7
18,9,22,7
18,10,41,10
18,11,45,12
18,12,51,14
18,13,51,15
18,14,47,11
18,15,28,9
18,16,28,10
18,17,43,11
18,18,49,14
18,19,57,17
18,20,57,16
18,21,53,15
18,22,36,13
18,23,30,11
18,24,45,12
18,25,49,13
18,26,53,16
18,27,55,17
18,28,57,17
18,29,75,15
18,30,59,15
18,31,61,16
18,32,46,15
18,33,48,15
18,34,56,15
18,35,56,16
18,36,62,18
18,37,66,21
18,38,89,26
18,39,91,26
18,40,91,27
18,41,113,28
19,1,16,4
19,2,18,5
19,3,20,6
19,4,22,7
19,5,24,7
19,6,37,8
19,7,41,10
19,8,47,13
19,9,49,12
19,10,45,10
19,11,26,7
19,12,22,5
19,13,22,7
19,14,41,10
19,15,49,13
19,16,75,14
19,17,63,15
19,18,48,13
19,19,59,14
19,20,65,16
19,21,67,17
19,22,69,18
19,23,67,17
19,24,67,19
19,25,95,23
19,26,87,24
19,27,89,26
19,28,89,25
19,29,91,27
19,30,113,28
20,1,16,4
20,2,22,7
20,3,26,9
20,4,28,10
20,5,28,10
20,6,41,10
20,7,45,11
20,8,45,12
20,9,47,12
20,10,32,11
20,11,43,10
20,12,43,11
20,13,47,13
20,14,53,15
20,15,53,16
20,16,75,17
20,17,65,16
20,18,50,15
20,19,65,18
20,20,73,22
20,21,73,21
20,22,71,21
20,23,73,21
20,24,99,24
20,25,87,25
20,26,93,28
20,27,113,29
21,1,14,3
21,2,18,5
21,3,20,6
21,4,22,7
21,5,24,8
21,6,26,9
21,7,24,8
21,8,24,7
21,9,22,6
21,10,20,5
21,11,16,2
21,12,14,2
21,13,14,2
21,14,16,4
21,15,20,6
21,16,22,6
21,17,20,4
21,18,14,2
21,19,14,3
21,20,14,3
21,21,29,3
21,22,31,2
21,23,12,1
21,24,12,2
21,25,16,4
21,26,14,3
21,27,12,1
21,28,10,1
21,29,10,1
21,30,0,0
21,31,0,0
21,32,0,0
21,33,0,0
21,34,0,0
21,35,0,0
21,36,0,0
21,37,0,0
21,38,0,0
21,39,0,0
21,40,0,0
22,1,14,3
22,2,16,4
22,3,18,4
22,4,18,5
22,5,20,5
22,6,18,5
22,7,16,4
22,8,14,3
22,9,18,5
22,10,18,4
22,11,16,4
22,12,16,4
22,13,16,4
22,14,18,5
22,15,18,5
22,16,18,5
22,17,18,4
22,18,16,3
22,19,14,3
22,20,14,3
22,21,14,3
22,22,14,3
22,23,14,3
22,24,14,3
22,25,14,3
22,26,14,2
22,27,16,4
22,28,18,5
22,29,18,4
22,30,16,4
22,31,16,4
22,32,16,3
22,33,14,3
22,34,16,4
22,35,18,5
22,36,18,5
22,37,18,4
22,38,16,3
22,39,14,3
22,40,16,4
22,41,16,3
22,42,16,4
22,43,16,3
22,44,14,3
22,45,14,3
22,46,16,3
22,47,14,2
22,48,0,1
23,1,16,4
23,2,20,6
23,3,24,7
23,4,24,7
23,5,35,7
23,6,41,10
23,7,49,14
23,8,47,12
23,9,45,11
23,10,32,10
23,11,30,11
23,12,32,11
23,13,45,12
23,14,47,13
23,15,71,16
23,16,65,17
23,17,48,12
23,18,42,12
23,19,66,15
23,20,73,17
23,21,79,20
23,22,79,20
23,23,83,23
23,24,87,25
23,25,91,26
23,26,93,28
23,27,113,29
24,1,16,4
24,2,20,6
24,3,20,6
24,4,22,6
24,5,22,7
24,6,26,9
24,7,24,8
24,8,24,8
24,9,22,7
24,10,22,6
24,11,20,6
24,12,22,7
24,13,26,9
24,14,28,9
24,15,26,8
24,16,37,8
24,17,39,8
24,18,37,7
24,19,39,8
24,20,41,9
24,21,41,9
24,22,41,8
24,23,26,8
24,24,24,8
24,25,28,9
24,26,41,9
24,27,41,8
24,28,24,7
24,29,26,8
24,30,26,9
24,31,30,10
24,32,28,8
24,33,24,7
24,34,39,8
24,35,43,10
24,36,43,10
24,37,47,12
24,38,45,10
24,39,43,7
24,40,39,8
24,41,24,7
24,42,24,7
24,43,41,10
24,44,43,10
24,45,30,10
24,46,28,8
24,47,24,5
24,48,18,4
24,49,16,1
24,50,0,0
24,51,0,0
24,52,0,0
24,53,0,0
24,54,0,0
24,55,0,0
24,56,0,0
24,57,0,0
24,58,0,0
24,59,0,0
24,60,0,0
25,1,18,5
25,2,20,6
25,3,20,6
25,4,22,7
25,5,24,7
25,6,20,5
25,7,20,6
25,8,20,6
25,9,22,7
25,10,37,7
25,11,41,9
25,12,37,6
25,13,33,5
25,14,22,7
25,15,26,8
25,16,26,9
25,17,26,9
25,18,24,7
25,19,22,7
25,20,22,6
25,21,24,8
25,22,26,8
25,23,39,9
25,24,41,9
25,25,43,11
25,26,45,11
25,27,41,8
25,28,20,2
25,29,12,2
25,30,20,6
25,31,22,7
25,32,24,7
25,33,24,8
25,34,24,7
25,35,37,8
25,36,20,3
25,37,0,2
25,38,0,2
25,39,0,1
25,40,0,0
25,41,0,0
25,42,0,0
25,43,0,0
25,44,0,0
25,45,0,0
25,46,0,0
25,47,0,0
25,48,0,0
25,49,0,0
25,50,0,0
25,51,0,0
25,52,0,0
25,53,0,0
25,54,0,0
25,55,0,0
25,56,0,0
25,57,0,0
25,58,0,0
25,59,0,0
25,60,0,0
25,61,0,0
25,62,0,0
26,1,16,4
26,2,18,5
26,3,18,4
26,4,20,6
26,5,37,8
26,6,41,10
26,7,43,10
26,8,41,7
26,9,24,6
26,10,22,6
26,11,22,7
26,12,39,9
26,13,43,11
26,14,43,10
26,15,39,7
26,16,20,5
26,17,22,6
26,18,24,8
26,19,28,9
26,20,45,12
26,21,49,13
26,22,45,11
26,23,30,10
26,24,30,9
26,25,26,8
26,26,39,8
26,27,45,11
26,28,49,13
26,29,51,14
26,30,69,13
26,31,44,11
26,32,40,12
26,33,40,12
26,34,42,13
26,35,61,15
26,36,61,15
26,37,59,15
26,38,46,14
26,39,42,13
26,40,46,15
26,41,63,16
26,42,61,16
26,43,65,18
26,44,50,16
26,45,46,15
26,46,46,15
26,47,61,15
26,48,65,18
26,49,69,20
26,50,71,20
26,51,97,21
26,52,81,21
26,53,81,21
26,54,70,21
26,55,117,24
27,1,14,3
27,2,16,4
27,3,20,6
27,4,20,6
27,5,22,7
27,6,22,7
27,7,22,7
27,8,22,6
27,9,18,4
27,10,14,3
27,11,14,3
27,12,12,2
27,13,10,1
27,14,12,2
27,15,14,3
27,16,14,3
27,17,18,5
27,18,16,4
27,19,14,3
27,20,12,1
27,21,0,0
27,22,0,0
27,23,0,0
27,24,0,0
27,25,0,0
27,26,0,0
27,27,0,0
27,28,0,0
27,29,0,0
27,30,0,0
27,31,0,0
27,32,0,0
27,33,0,0
27,34,0,0
27,35,0,0
27,36,0,0
27,37,0,0
27,38,0,0
28,1,14,3
28,2,14,3
28,3,18,5
28,4,18,5
28,5,18,5
28,6,18,5
28,7,16,4
28,8,18,5
28,9,20,6
28,10,18,5
28,11,20,5
28,12,18,4
28,13,16,4
28,14,18,5
28,15,18,5
28,16,16,4
28,17,14,3
28,18,16,4
28,19,16,4
28,20,31,5
28,21,29,4
28,22,29,3
28,23,12,2
28,24,14,3
28,25,12,2
28,26,16,4
28,27,14,3
28,28,16,4
28,29,14,3
28,30,14,3
28,31,14,3
28,32,14,3
28,33,16,4
28,34,18,5
28,35,18,5
28,36,16,4
28,37,14,3
28,38,12,2
28,39,0,1
29,1,14,3
29,2,16,4
29,3,31,4
29,4,16,4
29,5,18,5
29,6,20,6
29,7,22,7
29,8,22,7
29,9,22,7
29,10,20,5
29,11,16,3
29,12,14,3
29,13,12,2
29,14,14,3
29,15,12,2
29,16,12,2
29,17,14,3
29,18,14,3
29,19,16,4
29,20,18,5
29,21,20,5
29,22,14,3
29,23,12,2
29,24,10,1
29,25,0,0
29,26,0,0
29,27,0,0
29,28,0,0
29,29,0,0
29,30,0,0
29,31,0,0
29,32,0,0
29,33,0,0
29,34,0,0
29,35,0,0
29,36,0,0
29,37,0,0
29,38,0,0
29,39,0,0
29,40,0,0
29,41,0,0
29,42,0,0
29,43,0,0
30,1,18,5
30,2,22,7
30,3,26,8
30,4,24,7
30,5,24,8
30,6,20,5
30,7,20,6
30,8,37,8
30,9,37,7
30,10,33,6
30,11,33,5
30,12,22,5
30,13,20,5
30,14,20,5
30,15,20,6
30,16,20,5
30,17,20,6
30,18,20,5
30,19,16,4
30,20,16,2
30,21,0,0
30,22,0,0
30,23,0,0
30,24,0,0
30,25,0,0
30,26,0,0
30,27,0,0
30,28,0,0
30,29,0,0
30,30,0,0
30,31,0,0
30,32,0,0
31,1,16,4
31,2,20,5
31,3,20,6
31,4,22,7
31,5,24,8
31,6,24,7
31,7,20,5
31,8,20,6
31,9,20,6
31,10,24,8
31,11,26,8
31,12,22,7
31,13,20,6
31,14,20,6
31,15,18,4
31,16,16,4
31,17,22,7
31,18,20,6
31,19,20,6
31,20,18,5
31,21,16,4
31,22,14,3
31,23,0,2
31,24,0,1
31,25,0,1
31,26,0,0
31,27,0,0
31,28,0,0
31,29,0,0
31,30,0,0
31,31,0,0
32,1,16,4
32,2,22,7
32,3,26,8
32,4,24,8
32,5,26,9
32,6,26,9
32,7,24,8
32,8,26,9
32,9,24,8
32,10,24,8
32,11,24,8
32,12,24,8
32,13,24,7
32,14,22,7
32,15,22,6
32,16,22,7
32,17,37,8
32,18,39,9
32,19,37,8
32,20,37,8
32,21,35,7
32,22,35,7
32,23,35,7
32,24,35,7
32,25,35,7
32,26,35,7
32,27,35,7
32,28,35,7
32,29,37,8
32,30,37,7
32,31,37,8
32,32,39,9
32,33,41,8
32,34,28,10
32,35,30,10
32,36,30,8
32,37,26,7
32,38,24,8
32,39,28,10
32,40,49,14
32,41,63,17
32,42,69,20
32,43,71,20
32,44,69,19
32,45,54,16
32,46,48,11
32,47,42,12
32,48,42,12
32,49,131,16
32,50,64,20
32,51,83,22
32,52,87,25
32,53,97,26
33,1,16,4
33,2,20,6
33,3,20,6
33,4,22,7
33,5,39,8
33,6,39,9
33,7,41,9
33,8,39,8
33,9,24,7
33,10,24,7
33,11,24,7
33,12,37,8
33,13,39,7
33,14,35,6
33,15,22,7
33,16,24,7
33,17,24,8
33,18,24,7
33,19,22,6
33,20,18,4
33,21,14,3
33,22,12,2
33,23,10,1
33,24,0,0
33,25,0,0
33,26,0,0
33,27,0,0
33,28,0,0
33,29,0,0
33,30,0,0
33,31,0,0
33,32,0,0
33,33,0,0
33,34,0,0
33,35,0,0
33,36,0,0
33,37,0,0
33,38,0,0
33,39,0,0
33,40,0,0
33,41,0,0
33,42,0,0
33,43,0,0
33,44,0,0
33,45,0,0
33,46,0,0
33,47,0,0
33,48,0,0
33,49,0,0
33,50,0,0
33,51,0,0
33,52,0,0
33,53,0,0
33,54,0,0
34,1,12,2
34,2,14,3
34,3,16,4
34,4,16,4
34,5,31,5
34,6,18,5
34,7,18,4
34,8,16,4
34,9,14,2
34,10,14,3
34,11,14,3
34,12,16,4
34,13,14,3
34,14,16,4
34,15,18,5
34,16,18,5
34,17,18,5
34,18,18,5
34,19,18,5
34,20,18,4
34,21,16,4
34,22,16,4
34,23,16,3
34,24,20,6
34,25,20,5
34,26,20,5
34,27,18,4
34,28,16,2
34,29,27,3
34,30,29,3
34,31,14,3
34,32,14,2
34,33,14,3
34,34,16,4
34,35,14,3
34,36,16,4
34,37,16,4
34,38,16,4
34,39,29,4
34,40,0,1
34,41,0,0
34,42,0,0
34,43,0,0
34,44,0,0
34,45,0,0
34,46,0,0
34,47,0,0
34,48,0,0
34,49,0,0
34,50,0,0
34,51,0,0
35,1,16,4
35,2,20,6
35,3,24,8
35,4,26,9
35,5,41,10
35,6,43,11
35,7,45,10
35,8,39,9
35,9,37,8
35,10,39,9
35,11,43,10
35,12,41,9
35,13,41,9
35,14,41,10
35,15,71,11
35,16,42,12
35,17,48,16
35,18,50,16
35,19,63,16
35,20,65,18
35,21,71,19
35,22,73,22
35,23,97,24
35,24,89,26
35,25,117,29
36,1,16,4
36,2,22,7
36,3,24,8
36,4,24,8
36,5,24,8
36,6,24,8
36,7,24,8
36,8,24,8
36,9,24,8
36,10,24,7
36,11,22,7
36,12,22,7
36,13,22,7
36,14,22,7
36,15,22,7
36,16,24,8
36,17,24,8
36,18,24,8
36,19,24,8
36,20,24,8
36,21,24,8
36,22,24,8
36,23,24,8
36,24,24,8
36,25,24,7
36,26,24,8
36,27,26,9
36,28,26,9
36,29,26,9
36,30,41,10
36,31,71,12
36,32,44,13
36,33,46,14
36,34,59,15
36,35,59,15
36,36,61,15
36,37,59,14
36,38,44,13
36,39,59,15
36,40,61,16
36,41,67,18
36,42,67,18
36,43,67,19
36,44,67,19
36,45,71,21
36,46,75,22
36,47,77,24
36,48,79,24
36,49,79,25
36,50,79,22
36,51,75,22
36,52,75,21
36,53,62,22
36,54,77,23
36,55,77,23
36,56,101,26
36,57,91,27
36,58,113,28
37,1,14,3
37,2,16,4
37,3,16,4
37,4,18,5
37,5,16,4
37,6,16,4
37,7,31,5
37,8,33,5
37,9,18,4
37,10,18,5
37,11,20,6
37,12,39,9
37,13,41,10
37,14,41,9
37,15,37,6
37,16,22,6
37,17,20,5
37,18,18,4
37,19,18,3
37,20,29,2
37,21,14,1
37,22,0,0
37,23,0,0
37,24,0,0
37,25,0,0
37,26,0,0
37,27,0,0
37,28,0,0
37,29,0,0
37,30,0,0
37,31,0,0
37,32,0,0
37,33,0,0
37,34,0,0
37,35,0,0
37,36,0,0
37,37,0,0
38,1,12,2
38,2,12,2
38,3,12,2
38,4,16,4
38,5,18,5
38,6,18,5
38,7,18,4
38,8,16,4
38,9,18,5
38,10,16,4
38,11,14,2
38,12,16,4
38,13,18,4
38,14,16,4
38,15,14,2
38,16,10,1
38,17,10,1
38,18,0,0
38,19,0,0
38,20,0,0
38,21,0,0
38,22,0,0
38,23,0,0
38,24,0,0
38,25,0,0
38,26,0,0
38,27,0,0
39,1,12,2
39,2,12,2
39,3,14,3
39,4,16,3
39,5,16,3
39,6,16,4
39,7,18,5
39,8,18,5
39,9,20,6
39,10,20,6
39,11,20,4
39,12,16,2
39,13,14,3
39,14,14,3
39,15,18,5
39,16,16,4
39,17,16,3
39,18,14,2
39,19,18,5
39,20,20,6
39,21,33,5
39,22,16,3
39,23,12,2
39,24,10,1
39,25,0,0
39,26,0,0
39,27,0,0
39,28,0,0
40,1,16,4
40,2,20,5
40,3,18,5
40,4,20,6
40,5,24,8
40,6,24,8
40,7,24,8
40,8,24,7
40,9,22,6
40,10,20,6
40,11,37,7
40,12,24,7
40,13,24,8
40,14,28,8
40,15,24,8
40,16,39,7
40,17,39,8
40,18,41,10
40,19,47,12
40,20,45,10
40,21,28,9
40,22,30,10
40,23,28,9
40,24,28,10
40,25,60,10
40,26,40,10
40,27,38,10
40,28,53,10
40,29,55,12
40,30,63,15
40,31,65,18
40,32,69,20
40,33,71,21
40,34,71,19
40,35,67,17
40,36,63,15
40,37,61,14
40,38,49,12
40,39,45,11
40,40,32,10
40,41,28,8
40,42,24,7
40,43,22,5
40,44,18,4
40,45,0,3
41,1,16,4
41,2,18,5
41,3,18,5
41,4,18,4
41,5,22,7
41,6,26,9
41,7,26,9
41,8,26,8
41,9,24,8
41,10,22,6
41,11,20,5
41,12,18,4
41,13,20,6
41,14,22,7
41,15,22,6
41,16,20,5
41,17,18,4
41,18,35,7
41,19,39,8
41,20,24,7
41,21,20,4
41,22,16,2
41,23,14,2
41,24,14,2
41,25,16,4
41,26,18,4
41,27,18,4
41,28,14,2
41,29,12,2
41,30,0,0
41,31,0,0
41,32,0,0
41,33,0,0
41,34,0,0
41,35,0,0
41,36,0,0
41,37,0,0
41,38,0,0
41,39,0,0
41,40,0,0
41,41,0,0
41,42,0,0
42,1,14,3
42,2,16,4
42,3,20,6
42,4,20,6
42,5,20,6
42,6,20,6
42,7,33,6
42,8,37,8
42,9,41,8
42,10,39,8
42,11,39,7
42,12,24,8
42,13,43,10
42,14,43,10
42,15,43,9
42,16,43,11
42,17,45,11
42,18,32,8
42,19,26,9
42,20,43,11
42,21,49,14
42,22,47,13
42,23,49,14
42,24,49,14
42,25,51,15
42,26,49,13
42,27,47,12
42,28,58,12
42,29,40,12
42,30,42,13
42,31,46,14
42,32,44,13
42,33,48,16
42,34,48,15
42,35,48,14
42,36,59,14
42,37,57,13
42,38,57,13
42,39,55,11
42,40,53,11
42,41,51,8
42,42,51,7
42,43,35,5
42,44,22,6
42,45,37,8
42,46,43,11
42,47,49,14
42,48,61,16
42,49,65,16
42,50,65,17
42,51,71,20
42,52,71,20
42,53,73,21
42,54,73,21
42,55,77,23
42,56,115,23
42,57,87,25
42,58,89,26
42,59,91,27
42,60,93,28
42,61,103,29
43,1,12,2
43,2,14,3
43,3,16,4
43,4,16,4
43,5,16,4
43,6,16,4
43,7,18,5
43,8,16,4
43,9,16,4
43,10,18,5
43,11,16,4
43,12,14,3
43,13,14,3
43,14,14,3
43,15,16,4
43,16,18,4
43,17,18,5
43,18,20,5
43,19,18,3
43,20,14,2
43,21,14,3
43,22,12,2
43,23,10,1
43,24,12,2
43,25,12,2
43,26,12,2
43,27,14,2
43,28,12,1
43,29,0,0
44,1,16,4
44,2,20,6
44,3,22,7
44,4,22,7
44,5,22,6
44,6,20,5
44,7,18,4
44,8,14,3
44,9,14,2
44,10,14,3
44,11,18,4
44,12,22,6
44,13,20,5
44,14,16,3
44,15,14,3
44,16,12,2
44,17,10,1
44,18,10,1
44,19,0,0
44,20,0,0
44,21,0,0
44,22,0,0
44,23,0,0
44,24,0,0
44,25,0,0
44,26,0,0
44,27,0,0
44,28,0,0
44,29,0,0
44,30,0,0
45,1,12,2
45,2,12,2
45,3,14,3
45,4,14,3
45,5,16,3
45,6,16,4
45,7,18,5
45,8,18,5
45,9,16,4
45,10,16,4
45,11,16,4
45,12,16,4
45,13,16,4
45,14,14,3
45,15,14,3
45,16,12,1
45,17,12,1
45,18,0,0
45,19,0,0
45,20,0,0
45,21,0,0
45,22,0,0
45,23,0,0
45,24,0,0
45,25,0,0
45,26,0,0
45,27,0,0
45,28,0,0
45,29,0,0
45,30,0,0
45,31,0,0
45,32,0,0
46,1,16,4
46,2,20,6
46,3,24,8
46,4,24,8
46,5,24,8
46,6,24,8
46,7,24,8
46,8,26,9
46,9,26,8
46,10,24,8
46,11,24,7
46,12,22,7
46,13,22,6
46,14,20,5
46,15,18,3
46,16,20,5
46,17,22,7
46,18,22,6
46,19,33,6
46,20,37,7
46,21,41,7
46,22,20,4
46,23,22,7
46,24,24,7
46,25,37,7
46,26,37,8
46,27,39,8
46,28,39,7
46,29,37,7
46,30,24,8
46,31,28,10
46,32,45,12
46,33,45,11
46,34,45,12
46,35,47,12
46,36,47,12
46,37,58,12
46,38,40,11
46,39,42,13
46,40,61,16
46,41,67,19
46,42,71,20
46,43,73,22
46,44,75,23
46,45,77,24
46,46,77,23
46,47,79,24
46,48,127,28
47,1,16,4
47,2,20,6
47,3,22,6
47,4,20,6
47,5,22,7
47,6,26,8
47,7,26,8
47,8,24,8
47,9,24,8
47,10,24,8
47,11,24,7
47,12,24,7
47,13,24,8
47,14,24,8
47,15,24,8
47,16,24,7
47,17,22,6
47,18,20,5
47,19,18,4
47,20,16,3
47,21,14,2
47,22,10,1
47,23,10,1
47,24,14,3
47,25,0,1
47,26,0,1
47,27,0,0
47,28,0,0
47,29,0,0
47,30,0,0
47,31,0,0
47,32,0,0
47,33,0,0
47,34,0,0
47,35,0,0
47,36,0,0
47,37,0,0
47,38,0,0
47,39,0,0
47,40,0,0
47,41,0,0
47,42,0,0
47,43,0,0
47,44,0,0
47,45,0,0
47,46,0,0
47,47,0,0
47,48,0,0
47,49,0,0
47,50,0,0
47,51,0,0
47,52,0,0
47,53,0,0
47,54,0,0
47,55,0,0
48,1,16,4
48,2,18,5
48,3,20,6
48,4,22,7
48,5,22,7
48,6,22,7
48,7,22,6
48,8,22,6
48,9,22,6
48,10,35,7
48,11,39,8
48,12,37,7
48,13,24,6
48,14,22,7
48,15,26,9
48,16,28,10
48,17,55,13
48,18,61,15
48,19,59,13
48,20,46,15
48,21,48,15
48,22,48,15
48,23,46,14
48,24,46,14
48,25,46,14
48,26,61,16
48,27,65,17
48,28,67,17
48,29,63,16
48,30,67,19
48,31,67,19
48,32,69,19
48,33,71,21
48,34,103,23
48,35,83,23
48,36,83,23
48,37,87,24
48,38,87,25
48,39,87,25
48,40,91,27
48,41,115,29
49,1,16,4
49,2,22,7
49,3,26,8
49,4,22,6
49,5,22,6
49,6,37,7
49,7,22,7
49,8,24,7
49,9,24,6
49,10,24,8
49,11,24,7
49,12,22,7
49,13,41,9
49,14,43,10
49,15,43,8
49,16,20,4
49,17,16,3
49,18,20,6
49,19,24,7
49,20,37,8
49,21,39,7
49,22,37,5
49,23,20,6
49,24,22,7
49,25,22,7
49,26,20,5
49,27,16,3
49,28,12,1
49,29,10,1
49,30,0,0
49,31,0,0
49,32,0,0
49,33,0,0
49,34,0,0
49,35,0,0
49,36,0,0
49,37,0,0
49,38,0,0
49,39,0,0
49,40,0,0
49,41,0,0
49,42,0,0
49,43,0,0
49,44,0,0
49,45,0,0
49,46,0,0
49,47,0,0
49,48,0,0
49,49,0,0
49,50,0,0
50,1,14,3
50,2,14,3
50,3,14,3
50,4,18,5
50,5,18,5
50,6,14,3
50,7,16,4
50,8,22,6
50,9,20,6
50,10,18,5
50,11,20,6
50,12,22,7
50,13,22,7
50,14,20,5
50,15,18,4
50,16,16,3
50,17,14,3
50,18,12,1
50,19,12,2
50,20,12,1
50,21,10,1
50,22,10,1
50,23,12,2
50,24,14,3
50,25,16,3
50,26,0,0
51,1,18,5
51,2,22,7
51,3,24,8
51,4,24,8
51,5,24,8
51,6,22,7
51,7,24,8
51,8,26,9
51,9,24,8
51,10,22,7
51,11,24,8
51,12,26,9
51,13,26,9
51,14,26,9
51,15,24,8
51,16,24,8
51,17,26,9
51,18,28,10
51,19,43,11
51,20,41,10
51,21,45,11
51,22,47,11
51,23,43,11
51,24,41,9
51,25,24,7
51,26,22,7
51,27,24,7
51,28,20,6
51,29,20,6
51,30,20,5
51,31,20,6
51,32,22,7
51,33,22,7
51,34,22,7
51,35,22,7
51,36,24,6
51,37,20,5
51,38,18,5
51,39,20,5
51,40,20,4
51,41,18,5
51,42,18,5
51,43,18,3
51,44,14,2
51,45,12,1
51,46,10,1
51,47,0,0
52,1,16,4
52,2,22,6
52,3,22,7
52,4,20,6
52,5,22,7
52,6,26,8
52,7,24,7
52,8,22,7
52,9,24,8
52,10,24,7
52,11,20,6
52,12,18,5
52,13,14,2
52,14,16,4
52,15,18,5
52,16,18,5
52,17,22,6
52,18,20,5
52,19,20,6
52,20,22,7
52,21,26,8
52,22,26,8
52,23,24,8
52,24,24,8
52,25,26,9
52,26,26,8
52,27,24,7
52,28,24,8
52,29,26,8
52,30,24,8
52,31,26,9
52,32,24,7
52,33,20,6
52,34,20,6
52,35,22,6
52,36,22,6
52,37,20,6
52,38,18,4
52,39,16,4
52,40,18,5
52,41,20,6
52,42,24,8
52,43,24,7
52,44,20,6
52,45,20,6
52,46,18,4
52,47,16,4
52,48,18,5
52,49,20,4
52,50,16,3
52,51,14,3
52,52,16,4
52,53,18,4
52,54,16,2
52,55,16,4
52,56,20,5
52,57,18,4
52,58,18,3
52,59,14,2
52,60,0,0
52,61,0,0
52,62,0,0
52,63,0,0
52,64,0,0
52,65,0,0
52,66,0,0
52,67,0,0
52,68,0,0
52,69,0,0
52,70,0,0
53,1,16,4
53,2,20,6
53,3,24,8
53,4,26,9
53,5,43,11
53,6,45,12
53,7,47,13
53,8,45,12
53,9,45,11
53,10,28,10
53,11,43,11
53,12,45,11
53,13,49,14
53,14,51,13
53,15,45,12
53,16,32,11
53,17,47,12
53,18,51,15
53,19,57,17
53,20,55,15
53,21,55,15
53,22,53,15
53,23,51,15
53,24,51,14
53,25,38,15
53,26,46,17
53,27,59,18
53,28,57,17
53,29,57,16
53,30,55,15
53,31,51,14
53,32,51,14
53,33,49,13
53,34,49,14
53,35,49,14
53,36,51,15
53,37,55,15
53,38,60,15
53,39,68,16
53,40,60,17
53,41,60,17
53,42,62,18
53,43,68,22
53,44,83,21
53,45,68,21
53,46,83,23
53,47,91,27
53,48,93,27
53,49,91,26
53,50,91,26
53,51,91,27
53,52,113,28
54,1,14,3
54,2,14,3
54,3,16,4
54,4,16,4
54,5,18,5
54,6,20,5
54,7,20,5
54,8,18,5
54,9,18,5
54,10,20,6
54,11,20,6
54,12,22,7
54,13,22,7
54,14,22,6
54,15,22,6
54,16,20,6
54,17,18,5
54,18,20,6
54,19,20,6
54,20,20,6
54,21,20,6
54,22,20,6
54,23,20,6
54,24,20,6
54,25,20,6
54,26,20,6
54,27,20,6
54,28,20,5
54,29,18,4
54,30,31,5
54,31,35,6
54,32,35,7
54,33,39,9
54,34,39,7
54,35,29,4
54,36,29,3
54,37,12,1
54,38,10,1
54,39,12,2
54,40,12,2
54,41,14,3
54,42,16,4
54,43,16,4
54,44,16,4
54,45,16,4
54,46,16,4
54,47,16,4
54,48,16,4
54,49,16,4
54,50,16,4
54,51,16,4
54,52,16,4
54,53,18,5
54,54,18,5
54,55,18,4
54,56,18,4
54,57,16,4
54,58,16,4
54,59,16,4
54,60,18,4
54,61,16,4
54,62,16,4
54,63,16,4
54,64,16,4
54,65,18,4
54,66,18,5
54,67,33,6
54,68,35,6
54,69,37,7
54,70,35,7
54,71,39,9
54,72,43,11
54,73,47,13
54,74,49,13
54,75,59,14
54,76,59,14
54,77,59,14
54,78,46,15
54,79,61,16
54,80,63,16
54,81,61,15
54,82,61,15
54,83,61,14
54,84,57,12
54,85,40,12
54,86,42,13
54,87,83,14
54,88,54,15
54,89,58,17
54,90,60,18
54,91,62,18
54,92,64,19
54,93,68,22
54,94,70,22
54,95,70,22
54,96,87,25
54,97,89,26
54,98,89,26
54,99,89,26
54,100,89,26
54,101,91,27
54,102,111,28
55,1,16,4
55,2,20,6
55,3,22,7
55,4,24,7
55,5,22,7
55,6,24,7
55,7,35,5
55,8,35,7
55,9,39,9
55,10,41,10
55,11,43,10
55,12,45,11
55,13,45,12
55,14,45,11
55,15,34,13
55,16,34,12
55,17,34,12
55,18,32,11
55,19,45,10
55,20,47,11
55,21,47,12
55,22,32,10
55,23,34,13
55,24,36,13
55,25,49,14
55,26,55,12
55,27,45,9
55,28,24,8
55,29,26,9
55,30,28,10
55,31,34,13
55,32,36,14
55,33,38,13
55,34,47,11
55,35,45,11
55,36,47,12
55,37,36,11
55,38,32,9
55,39,26,9
55,40,24,8
55,41,24,7
55,42,24,8
55,43,39,9
55,44,39,9
55,45,24,7
55,46,22,6
55,47,20,6
55,48,18,5
55,49,18,5
55,50,18,5
55,51,16,3
55,52,14,2
55,53,0,0
55,54,0,0
55,55,0,0
55,56,0,0
55,57,0,0
55,58,0,0
55,59,0,0
55,60,0,0
55,61,0,0
55,62,0,0
55,63,0,0
55,64,0,0
55,65,0,0
55,66,0,0
56,1,14,3
56,2,14,3
56,3,16,4
56,4,20,6
56,5,20,6
56,6,20,5
56,7,20,5
56,8,20,6
56,9,20,6
56,10,18,5
56,11,18,5
56,12,20,6
56,13,35,6
56,14,22,7
56,15,22,7
56,16,24,8
56,17,22,6
56,18,37,8
56,19,24,7
56,20,22,6
56,21,18,4
56,22,0,2
56,23,0,1
56,24,0,0
56,25,0,0
56,26,0,0
56,27,0,0
56,28,0,0
56,29,0,0
56,30,0,0
56,31,0,0
56,32,0,0
56,33,0,0
56,34,0,0
56,35,0,0
56,36,0,0
56,37,0,0
56,38,0,0
56,39,0,0
56,40,0,0
56,41,0,0
57,1,12,2
57,2,14,3
57,3,14,3
57,4,16,4
57,5,18,5
57,6,18,4
57,7,16,4
57,8,16,3
57,9,16,4
57,10,16,4
57,11,18,5
57,12,18,5
57,13,18,5
57,14,18,4
57,15,16,4
57,16,18,5
57,17,18,5
57,18,16,3
57,19,14,3
57,20,14,3
57,21,14,3
57,22,14,2
57,23,16,4
57,24,16,4
57,25,18,4
57,26,16,3
57,27,0,1
57,28,0,0
57,29,0,0
57,30,0,0
57,31,0,0
57,32,0,0
57,33,0,0
57,34,0,0
57,35,0,0
57,36,0,0
57,37,0,0
57,38,0,0
57,39,0,0
57,40,0,0
57,41,0,0
57,42,0,0
57,43,0,0
57,44,0,0
57,45,0,0
57,46,0,0
57,47,0,0
57,48,0,0
57,49,0,0
57,50,0,0
57,51,0,0
57,52,0,0
57,53,0,0
57,54,0,0
57,55,0,0
57,56,0,0
58,1,16,4
58,2,20,6
58,3,20,6
58,4,18,5
58,5,16,4
58,6,16,4
58,7,16,4
58,8,16,4
58,9,16,4
58,10,16,4
58,11,16,4
58,12,16,4
58,13,18,5
58,14,18,5
58,15,20,6
58,16,20,5
58,17,18,4
58,18,16,4
58,19,16,4
58,20,16,4
58,21,16,4
58,22,16,4
58,23,16,4
58,24,16,4
58,25,16,4
58,26,16,4
58,27,16,4
58,28,16,4
58,29,16,4
58,30,16,4
58,31,16,4
58,32,14,3
58,33,16,4
58,34,14,3
58,35,14,3
58,36,14,3
58,37,14,3
58,38,14,3
58,39,14,3
58,40,14,3
58,41,14,3
58,42,14,3
58,43,14,2
58,44,16,4
58,45,18,5
58,46,18,5
58,47,18,4
58,48,16,3
58,49,14,3
58,50,14,2
58,51,14,3
58,52,14,3
58,53,16,4
58,54,31,5
58,55,33,6
58,56,35,7
58,57,37,8
58,58,39,8
58,59,37,6
58,60,0,5
59,1,16,4
59,2,22,6
59,3,22,7
59,4,24,8
59,5,22,6
59,6,20,5
59,7,20,5
59,8,37,7
59,9,24,8
59,10,20,5
59,11,22,7
59,12,39,7
59,13,24,7
59,14,18,3
59,15,16,3
59,16,18,5
59,17,22,7
59,18,39,8
59,19,20,5
59,20,20,4
59,21,0,1
59,22,0,0
59,23,0,0
59,24,0,0
59,25,0,0
59,26,0,0
59,27,0,0
59,28,0,0
59,29,0,0
59,30,0,0
59,31,0,0
59,32,0,0
59,33,0,0
60,1,16,4
60,2,20,6
60,3,22,7
60,4,24,7
60,5,37,8
60,6,41,10
60,7,47,10
60,8,32,10
60,9,28,9
60,10,26,8
60,11,24,7
60,12,24,7
60,13,22,6
60,14,22,7
60,15,24,8
60,16,26,8
60,17,24,8
60,18,24,7
60,19,20,5
60,20,35,7
60,21,37,7
60,22,22,7
60,23,24,8
60,24,26,9
60,25,28,10
60,26,28,9
60,27,24,7
60,28,37,8
60,29,39,8
60,30,37,6
60,31,31,3
60,32,18,5
60,33,18,4
60,34,18,4
60,35,20,6
60,36,20,6
60,37,18,4
60,38,16,3
60,39,14,2
60,40,0,0
60,41,0,0
60,42,0,0
60,43,0,0
60,44,0,0
60,45,0,0
60,46,0,0
60,47,0,0
60,48,0,0
60,49,0,0
60,50,0,0
60,51,0,0
60,52,0,0
60,53,0,0
61,1,16,4
61,2,18,5
61,3,20,5
61,4,18,5
61,5,22,7
61,6,26,8
61,7,26,9
61,8,26,8
61,9,24,8
61,10,26,9
61,11,28,10
61,12,28,10
61,13,43,11
61,14,45,11
61,15,32,9
61,16,24,8
61,17,26,9
61,18,41,10
61,19,47,12
61,20,34,11
61,21,28,9
61,22,26,9
61,23,28,10
61,24,41,9
61,25,45,12
61,26,47,11
61,27,43,10
61,28,32,7
61,29,28,10
61,30,50,11
61,31,55,11
61,32,57,13
61,33,59,13
61,34,61,15
61,35,63,15
61,36,50,15
61,37,50,17
61,38,54,17
61,39,65,17
61,40,69,19
61,41,69,20
61,42,93,22
61,43,85,24
61,44,89,25
61,45,91,27
61,46,113,28
62,1,14,3
62,2,16,4
62,3,18,5
62,4,18,5
62,5,18,4
62,6,18,4
62,7,22,7
62,8,20,6
62,9,20,5
62,10,18,5
62,11,18,5
62,12,18,4
62,13,16,3
62,14,14,2
62,15,14,3
62,16,14,3
62,17,14,2
62,18,10,1
62,19,12,2
62,20,14,3
62,21,14,3
62,22,14,2
62,23,14,3
62,24,16,4
62,25,16,4
62,26,18,3
62,27,18,5
62,28,18,5
62,29,18,4
62,30,16,4
62,31,14,3
62,32,12,1
62,33,0,0
62,34,0,0
62,35,0,0
62,36,0,0
62,37,0,0
62,38,0,0
62,39,0,0
63,1,16,4
63,2,20,6
63,3,22,7
63,4,22,6
63,5,20,5
63,6,31,5
63,7,35,6
63,8,39,8
63,9,43,10
63,10,43,8
63,11,24,6
63,12,22,6
63,13,22,7
63,14,22,6
63,15,37,7
63,16,37,6
63,17,24,7
63,18,26,8
63,19,24,7
63,20,22,7
63,21,35,7
63,22,39,7
63,23,26,6
63,24,16,2
63,25,10,1
63,26,10,1
63,27,10,1
63,28,10,1
63,29,16,4
63,30,18,4
63,31,16,3
63,32,12,2
63,33,12,2
63,34,0,0
63,35,0,0
63,36,0,0
63,37,0,0
63,38,0,0
63,39,0,0
64,1,18,5
64,2,22,7
64,3,24,8
64,4,26,9
64,5,28,10
64,6,28,10
64,7,43,11
64,8,43,10
64,9,45,12
64,10,43,11
64,11,43,11
64,12,43,11
64,13,43,11
64,14,43,11
64,15,43,10
64,16,39,8
64,17,26,9
64,18,28,9
64,19,30,10
64,20,30,11
64,21,77,13
64,22,48,16
64,23,50,17
64,24,54,19
64,25,58,21
64,26,56,20
64,27,71,21
64,28,73,22
64,29,77,24
64,30,79,25
64,31,81,26
64,32,113,27
64,33,91,27
64,34,101,28
65,1,14,3
65,2,16,4
65,3,18,5
65,4,20,5
65,5,20,6
65,6,22,7
65,7,22,7
65,8,22,7
65,9,22,6
65,10,18,5
65,11,14,2
65,12,12,2
65,13,16,4
65,14,18,5
65,15,20,6
65,16,20,6
65,17,20,5
65,18,18,4
65,19,18,4
65,20,18,5
65,21,18,4
65,22,16,3
65,23,16,4
65,24,18,5
65,25,16,3
65,26,14,3
65,27,14,3
65,28,12,2
65,29,12,1
65,30,10,1
65,31,10,1
65,32,12,2
65,33,14,3
65,34,14,3
65,35,16,4
65,36,18,5
65,37,16,4
65,38,0,3
66,1,16,4
66,2,20,6
66,3,22,6
66,4,22,7
66,5,22,7
66,6,24,7
66,7,22,6
66,8,20,5
66,9,20,5
66,10,18,4
66,11,29,3
66,12,16,2
66,13,18,5
66,14,24,8
66,15,22,7
66,16,18,4
66,17,16,3
66,18,16,3
66,19,0,1
66,20,0,1
66,21,0,0
66,22,0,0
66,23,0,0
66,24,0,0
66,25,0,0
66,26,0,0
66,27,0,0
66,28,0,0
66,29,0,0
66,30,0,0
66,31,0,0
66,32,0,0
66,33,0,0
66,34,0,0
66,35,0,0
67,1,16,4
67,2,22,7
67,3,26,8
67,4,37,8
67,5,39,8
67,6,26,7
67,7,24,8
67,8,22,7
67,9,22,6
67,10,35,6
67,11,39,9
67,12,43,11
67,13,41,9
67,14,22,6
67,15,20,6
67,16,24,7
67,17,24,8
67,18,26,9
67,19,24,7
67,20,35,5
67,21,18,3
67,22,0,1
67,23,0,0
67,24,0,0
67,25,0,0
67,26,0,0
67,27,0,0
67,28,0,0
67,29,0,0
67,30,0,0
67,31,0,0
67,32,0,0
67,33,0,0
67,34,0,0
67,35,0,0
67,36,0,0
67,37,0,0
67,38,0,0
67,39,0,0
67,40,0,0
67,41,0,0
67,42,0,0
67,43,0,0
67,44,0,0
67,45,0,0
67,46,0,0
67,47,0,0
67,48,0,0
68,1,12,2
68,2,14,3
68,3,14,3
68,4,14,3
68,5,16,4
68,6,16,4
68,7,18,4
68,8,18,5
68,9,20,6
68,10,22,7
68,11,20,5
68,12,16,2
68,13,0,1
68,14,0,0
68,15,0,0
68,16,0,0
68,17,0,0
68,18,0,0
68,19,0,0
68,20,0,0
68,21,0,0
68,22,0,0
68,23,0,0
69,1,12,2
69,2,12,2
69,3,12,2
69,4,14,3
69,5,16,4
69,6,18,4
69,7,18,5
69,8,18,5
69,9,20,5
69,10,20,6
69,11,20,5
69,12,20,6
69,13,22,7
69,14,22,7
69,15,22,7
69,16,22,6
69,17,35,6
69,18,33,5
69,19,31,5
69,20,33,6
69,21,20,6
69,22,20,5
69,23,20,6
69,24,22,7
69,25,24,8
69,26,22,7
69,27,22,6
69,28,18,5
69,29,16,4
69,30,0,2
69,31,0,1
69,32,0,1
69,33,0,1
69,34,0,0
69,35,0,0
69,36,0,0
69,37,0,0
69,38,0,0
69,39,0,0
69,40,0,0
70,1,16,4
70,2,20,6
70,3,24,8
70,4,26,9
70,5,26,9
70,6,26,8
70,7,22,7
70,8,24,8
70,9,26,8
70,10,26,9
70,11,30,11
70,12,34,12
70,13,47,12
70,14,41,10
70,15,43,10
70,16,30,11
70,17,32,11
70,18,45,11
70,19,49,13
70,20,53,16
70,21,55,16
70,22,51,15
70,23,53,15
70,24,51,14
70,25,49,12
70,26,45,11
70,27,45,11
70,28,45,10
70,29,43,11
70,30,45,11
70,31,43,10
70,32,30,9
70,33,28,9
70,34,30,11
70,35,51,14
70,36,53,15
70,37,53,15
70,38,55,15
70,39,51,14
70,40,51,14
70,41,51,13
70,42,49,12
70,43,57,12
70,44,42,11
70,45,40,11
70,46,40,10
70,47,36,9
70,48,26,9
70,49,26,8
70,50,24,7
70,51,22,7
70,52,22,7
70,53,24,8
70,54,24,7
70,55,24,8
70,56,26,9
70,57,26,8
70,58,24,6
70,59,20,5
70,60,20,5
70,61,18,3
70,62,14,2
70,63,0,1
71,1,14,3
71,2,20,6
71,3,22,7
71,4,26,9
71,5,43,10
71,6,43,11
71,7,43,11
71,8,43,10
71,9,43,11
71,10,43,11
71,11,43,11
71,12,43,11
71,13,43,11
71,14,43,11
71,15,43,11
71,16,43,11
71,17,43,11
71,18,30,11
71,19,58,13
71,20,48,15
71,21,48,16
71,22,48,16
71,23,63,17
71,24,69,20
71,25,75,23
71,26,101,26
71,27,113,26
72,1,18,5
72,2,20,6
72,3,22,7
72,4,22,6
72,5,22,7
72,6,22,7
72,7,20,6
72,8,20,5
72,9,20,5
72,10,16,4
72,11,14,3
72,12,18,4
72,13,18,5
72,14,18,5
72,15,16,4
72,16,14,3
72,17,12,2
72,18,14,2
72,19,0,0
72,20,0,0
72,21,0,0
72,22,0,0
72,23,0,0
72,24,0,0
72,25,0,0
72,26,0,0
72,27,0,0
72,28,0,0
72,29,0,0
72,30,0,0
72,31,0,0
72,32,0,0
72,33,0,0
72,34,0,0
72,35,0,0
72,36,0,0
72,37,0,0
72,38,0,0
72,39,0,0
72,40,0,0
72,41,0,0
72,42,0,0
72,43,0,0
72,44,0,0
72,45,0,0
72,46,0,0
72,47,0,0
72,48,0,0
72,49,0,0
73,1,16,4
73,2,20,5
73,3,18,4
73,4,20,6
73,5,22,7
73,6,24,8
73,7,26,9
73,8,24,7
73,9,24,7
73,10,24,8
73,11,26,9
73,12,26,8
73,13,24,8
73,14,26,8
73,15,24,7
73,16,22,7
73,17,20,6
73,18,22,7
73,19,24,8
73,20,22,7
73,21,20,6
73,22,22,7
73,23,24,7
73,24,20,6
73,25,18,5
73,26,16,2
73,27,12,1
73,28,12,1
73,29,0,0
73,30,0,0
73,31,0,0
73,32,0,0
73,33,0,0
73,34,0,0
73,35,0,0
73,36,0,0
73,37,0,0
73,38,0,0
73,39,0,0
73,40,0,0
73,41,0,0
73,42,0,0
74,1,16,4
74,2,20,6
74,3,24,8
74,4,26,8
74,5,24,7
74,6,22,7
74,7,24,8
74,8,26,8
74,9,26,9
74,10,26,8
74,11,24,7
74,12,22,7
74,13,22,7
74,14,22,7
74,15,20,6
74,16,20,6
74,17,22,7
74,18,22,6
74,19,20,5
74,20,20,6
74,21,20,5
74,22,18,5
74,23,20,4
74,24,18,4
74,25,18,5
74,26,18,5
74,27,18,5
74,28,20,6
74,29,22,6
74,30,22,7
74,31,22,7
74,32,24,8
74,33,26,9
74,34,26,7
74,35,22,5
74,36,20,5
74,37,18,5
74,38,18,5
74,39,18,5
74,40,18,5
74,41,18,4
74,42,16,2
74,43,12,1
74,44,0,0
75,1,16,4
75,2,22,7
75,3,24,8
75,4,28,9
75,5,26,9
75,6,24,8
75,7,37,8
75,8,43,11
75,9,45,11
75,10,43,11
75,11,41,10
75,12,43,11
75,13,43,10
75,14,28,9
75,15,28,10
75,16,47,12
75,17,51,14
75,18,51,14
75,19,49,13
75,20,51,14
75,21,34,11
75,22,28,9
75,23,28,9
75,24,30,11
75,25,47,13
75,26,53,15
75,27,57,16
75,28,38,13
75,29,34,11
75,30,32,12
75,31,34,11
75,32,32,11
75,33,30,11
75,34,45,10
75,35,41,9
75,36,28,8
75,37,24,6
75,38,24,7
75,39,24,8
75,40,28,9
75,41,28,10
75,42,30,11
75,43,30,10
75,44,43,9
75,45,39,9
75,46,43,10
75,47,30,10
75,48,28,8
75,49,28,10
75,50,30,9
75,51,26,8
75,52,26,8
75,53,41,7
75,54,35,5
75,55,18,5
75,56,20,6
75,57,20,4
75,58,16,4
75,59,16,2
75,60,12,1
75,61,12,1
75,62,0,0
76,1,14,3
76,2,16,4
76,3,16,4
76,4,20,6
76,5,20,6
76,6,20,5
76,7,20,6
76,8,20,6
76,9,22,7
76,10,22,7
76,11,22,7
76,12,24,8
76,13,24,8
76,14,24,8
76,15,22,7
76,16,20,5
76,17,20,6
76,18,18,5
76,19,18,4
76,20,16,4
76,21,16,4
76,22,16,4
76,23,16,4
76,24,16,3
76,25,16,4
76,26,16,4
76,27,16,4
76,28,16,4
76,29,16,4
76,30,18,4
76,31,16,4
76,32,16,4
76,33,16,4
76,34,14,3
76,35,0,3
76,36,0,0
76,37,0,0
76,38,0,0
76,39,0,0
76,40,0,0
76,41,0,0
77,1,16,4
77,2,20,6
77,3,22,7
77,4,22,6
77,5,22,6
77,6,20,6
77,7,18,5
77,8,18,5
77,9,18,5
77,10,18,5
77,11,18,5
77,12,20,6
77,13,22,7
77,14,24,8
77,15,37,7
77,16,37,6
77,17,31,4
77,18,18,5
77,19,18,5
77,20,20,6
77,21,22,7
77,22,22,6
77,23,18,4
77,24,14,2
77,25,12,2
77,26,12,2
77,27,16,4
77,28,16,4
77,29,14,3
77,30,14,2
77,31,0,2
77,32,0,1
77,33,0,0
77,34,0,0
77,35,0,0
77,36,0,0
77,37,0,0
77,38,0,0
77,39,0,0
77,40,0,0
77,41,0,0
77,42,0,0
77,43,0,0
77,44,0,0
77,45,0,0
78,1,14,3
78,2,16,4
78,3,16,4
78,4,18,5
78,5,20,6
78,6,20,6
78,7,20,6
78,8,20,6
78,9,22,7
78,10,22,7
78,11,22,7
78,12,22,7
78,13,22,7
78,14,22,7
78,15,22,7
78,16,22,7
78,17,22,7
78,18,22,7
78,19,22,7
78,20,22,7
78,21,22,7
78,22,22,7
78,23,22,7
78,24,22,7
78,25,22,7
78,26,22,6
78,27,20,6
78,28,22,7
78,29,22,7
78,30,22,6
78,31,20,5
78,32,18,4
78,33,18,5
78,34,18,5
78,35,18,5
78,36,20,6
78,37,22,7
78,38,22,7
78,39,22,7
78,40,22,7
78,41,24,8
78,42,26,9
78,43,56,12
78,44,40,12
78,45,40,12
78,46,40,12
78,47,40,12
78,48,40,12
78,49,40,12
78,50,40,12
78,51,40,12
78,52,40,12
78,53,40,12
78,54,40,12
78,55,40,12
78,56,40,12
78,57,40,12
78,58,42,13
78,59,42,13
78,60,44,14
78,61,44,14
78,62,46,15
78,63,76,17
78,64,58,17
78,65,58,17
78,66,58,17
78,67,58,17
78,68,58,17
78,69,58,17
78,70,58,17
78,71,58,17
78,72,58,17
78,73,58,17
78,74,58,17
78,75,58,17
78,76,58,17
78,77,58,17
78,78,58,17
78,79,58,17
78,80,58,17
78,81,58,17
78,82,58,17
78,83,58,17
78,84,58,17
78,85,58,17
78,86,58,17
78,87,58,17
78,88,58,17
78,89,58,17
78,90,58,17
78,91,58,17
78,92,58,17
78,93,58,17
78,94,58,17
78,95,58,17
78,96,58,17
78,97,58,17
78,98,58,17
78,99,58,17
78,100,58,17
78,101,58,17
78,102,58,17
78,103,58,17
78,104,58,17
78,105,58,17
78,106,58,17
78,107,58,17
78,108,58,17
78,109,58,17
78,110,58,17
78,111,58,17
78,112,58,17
78,113,58,17
78,114,58,17
78,115,58,17
78,116,58,17
78,117,58,17
78,118,58,17
78,119,58,17
78,120,58,17
78,121,58,17
78,122,58,17
78,123,58,17
78,124,58,17
78,125,58,17
78,126,58,17
78,127,58,17
78,128,58,17
78,129,58,17
78,130,58,17
78,131,58,17
78,132,58,17
78,133,58,17
78,134,58,17
78,135,58,17
78,136,58,17
78,137,58,17
78,138,58,17
78,139,58,17
78,140,58,17
78,141,58,17
78,142,58,17
78,143,58,17
78,144,58,17
78,145,58,17
78,146,58,17
78,147,58,17
78,148,58,17
78,149,58,17
78,150,58,17
78,151,58,17
78,152,58,17
78,153,58,17
78,154,58,17
78,155,58,17
78,156,58,17
78,157,58,17
78,158,58,17
78,159,58,17
78,160,58,17
78,161,58,17
78,162,58,17
78,163,58,17
78,164,58,17
78,165,58,17
78,166,58,17
78,167,58,17
78,168,58,17
78,169,60,18
78,170,64,20
78,171,90,22
79,1,16,4
79,2,20,5
79,3,22,6
79,4,24,8
79,5,24,8
79,6,24,8
79,7,26,9
79,8,26,9
79,9,28,9
79,10,26,9
79,11,39,9
79,12,43,10
79,13,32,10
79,14,34,13
79,15,53,15
79,16,51,14
79,17,36,11
79,18,30,11
79,19,34,12
79,20,49,11
79,21,49,12
79,22,47,11
79,23,43,11
79,24,47,13
79,25,49,10
79,26,32,10
79,27,30,8
79,28,30,10
79,29,32,9
79,30,28,6
79,31,22,5
79,32,33,4
79,33,0,5
80,1,16,4
80,2,18,5
80,3,18,5
80,4,18,4
80,5,16,3
80,6,18,5
80,7,22,6
80,8,20,5
80,9,18,5
80,10,20,6
80,11,26,9
80,12,41,10
80,13,39,8
80,14,39,8
80,15,39,8
80,16,24,8
80,17,28,9
80,18,28,9
80,19,26,8
80,20,39,8
80,21,45,12
80,22,51,13
80,23,47,13
80,24,51,13
80,25,36,10
80,26,28,9
80,27,26,9
80,28,26,8
80,29,24,7
80,30,24,8
80,31,24,8
80,32,39,7
80,33,22,6
80,34,22,6
80,35,20,4
80,36,16,1
80,37,10,1
80,38,10,1
80,39,10,1
80,40,10,1
80,41,12,2
80,42,16,1
80,43,10,1
80,44,10,1
80,45,12,1
80,46,10,1
80,47,10,1
80,48,12,2
80,49,16,2
80,50,0,1
81,1,16,4
81,2,22,7
81,3,24,8
81,4,22,6
81,5,20,6
81,6,24,8
81,7,22,5
81,8,18,3
81,9,16,4
81,10,20,6
81,11,35,6
81,12,22,5
81,13,20,6
81,14,22,7
81,15,26,8
81,16,22,7
81,17,37,7
81,18,37,7
81,19,28,8
81,20,26,8
81,21,24,7
81,22,26,7
81,23,37,7
81,24,37,6
81,25,20,6
81,26,22,6
81,27,24,8
81,28,28,8
81,29,26,8
81,30,24,7
81,31,24,6
81,32,22,7
81,33,22,6
81,34,20,5
81,35,18,3
81,36,16,3
81,37,33,4
81,38,0,2
81,39,0,2
82,1,16,4
82,2,20,5
82,3,20,6
82,4,22,7
82,5,24,7
82,6,20,6
82,7,18,4
82,8,16,4
82,9,16,3
82,10,0,2
82,11,0,1
82,12,0,0
82,13,0,0
82,14,0,0
82,15,0,0
82,16,0,0
82,17,0,0
82,18,0,0
82,19,0,0
82,20,0,0
82,21,0,0
82,22,0,0
82,23,0,0
82,24,0,0
82,25,0,0
82,26,0,0
82,27,0,0
83,1,16,4
83,2,20,6
83,3,24,8
83,4,22,7
83,5,24,8
83,6,24,8
83,7,26,9
83,8,26,9
83,9,24,8
83,10,22,6
83,11,37,8
83,12,41,9
83,13,28,8
83,14,22,5
83,15,18,5
83,16,18,4
83,17,20,6
83,18,22,7
83,19,20,4
83,20,14,2
83,21,0,0
83,22,0,0
83,23,0,0
83,24,0,0
83,25,0,0
83,26,0,0
83,27,0,0
83,28,0,0
83,29,0,0
83,30,0,0
83,31,0,0
83,32,0,0
83,33,0,0
83,34,0,0
83,35,0,0
83,36,0,0
83,37,0,0
83,38,0,0
83,39,0,0
83,40,0,0
83,41,0,0
83,42,0,0
83,43,0,0
83,44,0,0
83,45,0,0
83,46,0,0
83,47,0,0
83,48,0,0
83,49,0,0
83,50,0,0
83,51,0,0
84,1,16,4
84,2,20,6
84,3,20,6
84,4,20,5
84,5,18,4
84,6,20,6
84,7,24,8
84,8,24,8
84,9,26,8
84,10,24,8
84,11,24,8
84,12,22,7
84,13,24,8
84,14,26,9
84,15,24,8
84,16,22,7
84,17,24,8
84,18,26,9
84,19,26,9
84,20,24,8
84,21,26,9
84,22,40,12
84,23,42,13
84,24,46,15
84,25,48,15
84,26,59,15
84,27,65,17
84,28,65,18
84,29,67,19
84,30,69,20
84,31,69,19
84,32,65,17
84,33,65,18
84,34,69,20
84,35,71,20
84,36,67,18
84,37,65,18
84,38,52,18
84,39,52,18
84,40,50,16
84,41,67,18
84,42,73,22
84,43,73,22
84,44,93,23
84,45,85,24
84,46,89,26
84,47,93,28
84,48,113,29
85,1,12,2
85,2,12,2
85,3,14,3
85,4,16,4
85,5,16,4
85,6,18,5
85,7,20,6
85,8,22,7
85,9,24,7
85,10,22,7
85,11,22,7
85,12,22,6
85,13,20,5
85,14,20,6
85,15,20,5
85,16,20,6
85,17,20,6
85,18,22,7
85,19,24,8
85,20,24,8
85,21,24,7
85,22,22,7
85,23,22,6
85,24,35,6
85,25,37,7
85,26,20,5
85,27,22,6
85,28,22,5
85,29,20,5
85,30,20,6
85,31,22,7
85,32,22,5
85,33,20,4
85,34,16,4
85,35,16,3
85,36,14,1
85,37,0,0
86,1,16,4
86,2,18,5
86,3,22,7
86,4,24,8
86,5,24,8
86,6,24,8
86,7,24,8
86,8,24,8
86,9,24,8
86,10,26,8
86,11,24,7
86,12,22,7
86,13,20,5
86,14,20,5
86,15,22,7
86,16,24,8
86,17,22,6
86,18,20,5
86,19,22,7
86,20,22,7
86,21,22,7
86,22,37,6
86,23,22,7
86,24,22,6
86,25,18,3
86,26,16,2
86,27,12,2
86,28,0,1
86,29,0,1
86,30,0,0
86,31,0,0
86,32,0,0
86,33,0,0
86,34,0,0
86,35,0,0
86,36,0,0
86,37,0,0
86,38,0,0
86,39,0,0
86,40,0,0
86,41,0,0
86,42,0,0
86,43,0,0
86,44,0,0
86,45,0,0
86,46,0,0
86,47,0,0
87,1,16,4
87,2,18,5
87,3,22,7
87,4,22,7
87,5,24,8
87,6,28,9
87,7,41,9
87,8,43,11
87,9,45,10
87,10,26,9
87,11,26,8
87,12,22,7
87,13,26,9
87,14,32,11
87,15,34,13
87,16,49,13
87,17,47,13
87,18,51,13
87,19,45,12
87,20,43,10
87,21,26,9
87,22,28,8
87,23,26,8
87,24,39,9
87,25,41,9
87,26,26,7
87,27,24,7
87,28,24,8
87,29,26,9
87,30,28,10
87,31,30,11
87,32,49,14
87,33,53,16
87,34,55,16
87,35,53,14
87,36,49,14
87,37,49,13
87,38,51,13
87,39,46,12
87,40,42,12
87,41,55,11
87,42,40,10
87,43,36,10
87,44,0,10
87,45,0,9
87,46,0,10
87,47,0,7
87,48,0,4
87,49,0,3
88,1,14,3
88,2,16,4
88,3,16,4
88,4,18,5
88,5,20,6
88,6,20,6
88,7,20,6
88,8,24,7
88,9,24,8
88,10,26,8
88,11,28,10
88,12,26,9
88,13,26,8
88,14,22,6
88,15,22,7
88,16,24,8
88,17,26,8
88,18,24,7
88,19,22,7
88,20,20,6
88,21,20,6
88,22,20,6
88,23,22,6
88,24,22,6
88,25,22,6
88,26,22,7
88,27,22,7
88,28,20,6
88,29,20,6
88,30,22,7
88,31,22,7
88,32,22,6
88,33,22,6
88,34,22,6
88,35,0,3
88,36,0,2
88,37,0,2
88,38,0,2
88,39,0,2
88,40,0,2
88,41,0,1
88,42,0,1
88,43,0,1
88,44,0,0
88,45,0,0
88,46,0,0
88,47,0,0
88,48,0,0
88,49,0,0
88,50,0,0
88,51,0,0
88,52,0,0
88,53,0,0
88,54,0,0
88,55,0,0
88,56,0,0
88,57,0,0
88,58,0,0
88,59,0,0
88,60,0,0
88,61,0,0
88,62,0,0
88,63,0,0
88,64,0,0
88,65,0,0
88,66,0,0
88,67,0,0
88,68,0,0
88,69,0,0
88,70,0,0
88,71,0,0
88,72,0,0
88,73,0,0
88,74,0,0
88,75,0,0
88,76,0,0
88,77,0,0
88,78,0,0
88,79,0,0
88,80,0,0
88,81,0,0
88,82,0,0
88,83,0,0
88,84,0,0
88,85,0,0
88,86,0,0
88,87,0,0
88,88,0,0
88,89,0,0
88,90,0,0
88,91,0,0
88,92,0,0
88,93,0,0
88,94,0,0
88,95,0,0
88,96,0,0
88,97,0,0
88,98,0,0
88,99,0,0
88,100,0,0
88,101,0,0
88,102,0,0
88,103,0,0
88,104,0,0
88,105,0,0
88,106,0,0
88,107,0,0
88,108,0,0
88,109,0,0
88,110,0,0
88,111,0,0
88,112,0,0
88,113,0,0
88,114,0,0
88,115,0,0
88,116,0,0
88,117,0,0
88,118,0,0
88,119,0,0
88,120,0,0
88,121,0,0
88,122,0,0
88,123,0,0
88,124,0,0
88,125,0,0
88,126,0,0
88,127,0,0
88,128,0,0
88,129,0,0
88,130,0,0
88,131,0,0
88,132,0,0
88,133,0,0
88,134,0,0
88,135,0,0
88,136,0,0
88,137,0,0
88,138,0,0
88,139,0,0
88,140,0,0
88,141,0,0
88,142,0,0
88,143,0,0
88,144,0,0
88,145,0,0
88,146,0,0
88,147,0,0
88,148,0,0
88,149,0,0
88,150,0,0
88,151,0,0
88,152,0,0
88,153,0,0
88,154,0,0
88,155,0,0
88,156,0,0
88,157,0,0
88,158,0,0
88,159,0,0
88,160,0,0
88,161,0,0
88,162,0,0
88,163,0,0
88,164,0,0
88,165,0,0
88,166,0,0
88,167,0,0
88,168,0,0
88,169,0,0
88,170,0,0
88,171,0,0
88,172,0,0
88,173,0,0
88,174,0,0
88,175,0,0
88,176,0,0
88,177,0,0
88,178,0,0
88,179,0,0
88,180,0,0
88,181,0,0
88,182,0,0
88,183,0,0
88,184,0,0
88,185,0,0
88,186,0,0
88,187,0,0
88,188,0,0
88,189,0,0
88,190,0,0
88,191,0,0
88,192,0,0
88,193,0,0
88,194,0,0
88,195,0,0
88,196,0,0
88,197,0,0
88,198,0,0
88,199,0,0
88,200,0,0
89,1,16,4
89,2,18,5
89,3,22,7
89,4,24,8
89,5,28,9
89,6,24,7
89,7,22,7
89,8,22,7
89,9,22,7
89,10,22,7
89,11,22,7
89,12,22,7
89,13,22,6
89,14,22,7
89,15,22,7
89,16,39,9
89,17,43,11
89,18,45,12
89,19,51,15
89,20,55,17
89,21,59,19
89,22,61,18
89,23,59,18
89,24,57,18
89,25,57,17
89,26,55,17
89,27,53,14
89,28,51,14
89,29,49,14
89,30,49,13
89,31,49,13
89,32,49,12
89,33,54,13
89,34,44,13
89,35,46,14
89,36,59,14
89,37,63,17
89,38,65,18
89,39,69,19
89,40,67,19
89,41,69,19
89,42,73,22
89,43,115,23
89,44,85,24
89,45,87,23
89,46,85,24
89,47,87,25
89,48,89,26
89,49,91,26
89,50,89,26
89,51,89,26
89,52,89,26
89,53,89,26
89,54,89,26
89,55,91,27
89,56,93,28
89,57,103,29
90,1,14,3
90,2,16,4
90,3,18,5
90,4,20,5
90,5,18,5
90,6,16,4
90,7,20,6
90,8,20,6
90,9,20,6
90,10,20,5
90,11,20,5
90,12,20,6
90,13,20,6
90,14,24,8
90,15,24,8
90,16,24,8
90,17,26,9
90,18,30,9
90,19,41,9
90,20,41,8
90,21,43,11
90,22,47,12
90,23,45,11
90,24,45,12
90,25,45,11
90,26,41,9
90,27,37,6
90,28,35,7
90,29,22,7
90,30,37,7
90,31,22,7
90,32,24,8
90,33,28,9
90,34,74,11
90,35,38,11
90,36,40,11
90,37,38,11
90,38,42,13
90,39,59,14
90,40,61,15
90,41,65,17
90,42,67,18
90,43,77,20
90,44,81,21
90,45,81,21
90,46,115,23
91,1,14,3
91,2,16,4
91,3,16,4
91,4,16,4
91,5,16,4
91,6,16,4
91,7,16,4
91,8,18,5
91,9,18,5
91,10,18,4
91,11,18,5
91,12,33,6
91,13,37,6
91,14,33,6
91,15,35,5
91,16,20,6
91,17,24,7
91,18,24,8
91,19,28,10
91,20,30,10
91,21,44,14
91,22,59,14
91,23,61,16
91,24,63,17
91,25,67,18
91,26,71,20
91,27,80,18
91,28,109,19
92,1,16,4
92,2,20,6
92,3,20,6
92,4,37,8
92,5,41,10
92,6,45,11
92,7,41,9
92,8,41,8
92,9,28,9
92,10,28,9
92,11,43,9
92,12,45,11
92,13,49,12
92,14,47,11
92,15,30,10
92,16,32,10
92,17,50,11
92,18,42,13
92,19,59,15
92,20,65,17
92,21,67,19
92,22,69,20
92,23,73,21
92,24,73,20
92,25,93,23
92,26,87,24
92,27,89,25
92,28,91,26
92,29,91,27
92,30,93,27
92,31,93,28
92,32,113,29
93,1,16,4
93,2,18,5
93,3,22,6
93,4,22,6
93,5,22,7
93,6,37,8
93,7,39,8
93,8,37,6
93,9,22,7
93,10,24,7
93,11,26,9
93,12,24,8
93,13,22,7
93,14,26,9
93,15,26,8
93,16,26,8
93,17,43,10
93,18,47,11
93,19,26,9
93,20,28,8
93,21,26,9
93,22,26,8
93,23,26,8
93,24,26,9
93,25,30,11
93,26,51,14
93,27,55,16
93,28,53,16
93,29,47,11
93,30,45,10
93,31,30,9
93,32,28,9
93,33,54,12
93,34,46,13
93,35,48,15
93,36,63,17
93,37,71,20
93,38,75,20
93,39,73,19
93,40,73,20
93,41,77,21
93,42,73,21
93,43,73,21
93,44,62,20
93,45,75,23
93,46,79,24
93,47,81,25
93,48,81,24
93,49,103,25
93,50,89,26
93,51,111,27
94,1,18,5
94,2,22,7
94,3,26,9
94,4,28,10
94,5,28,9
94,6,41,9
94,7,45,12
94,8,47,11
94,9,32,11
94,10,30,11
94,11,43,11
94,12,47,11
94,13,45,11
94,14,32,10
94,15,28,9
94,16,26,9
94,17,45,12
94,18,47,13
94,19,51,14
94,20,51,11
94,21,47,11
94,22,45,11
94,23,30,9
94,24,28,9
94,25,26,8
94,26,41,10
94,27,45,12
94,28,47,12
94,29,47,13
94,30,47,13
94,31,47,10
94,32,26,8
94,33,24,8
94,34,24,8
94,35,26,9
94,36,39,9
94,37,45,11
94,38,43,8
94,39,39,9
94,40,41,9
94,41,28,8
94,42,26,7
94,43,22,5
94,44,18,4
94,45,22,7
94,46,39,8
94,47,39,8
94,48,37,7
94,49,37,7
94,50,39,8
94,51,28,10
94,52,28,9
94,53,26,9
94,54,28,10
94,55,43,10
94,56,45,11
94,57,45,10
94,58,43,8
94,59,39,6
94,60,22,6
94,61,22,7
94,62,24,7
94,63,22,3
94,64,14,2
94,65,0,1
95,1,14,3
95,2,14,3
95,3,16,4
95,4,18,4
95,5,18,4
95,6,16,4
95,7,16,4
95,8,18,5
95,9,18,5
95,10,18,4
95,11,16,3
95,12,14,3
95,13,16,4
95,14,18,5
95,15,16,4
95,16,16,4
95,17,18,4
95,18,16,4
95,19,14,2
95,20,12,2
95,21,12,1
95,22,12,2
95,23,10,1
95,24,0,0
95,25,0,0
95,26,0,0
95,27,0,0
95,28,0,0
95,29,0,0
95,30,0,0
95,31,0,0
95,32,0,0
95,33,0,0
95,34,0,0
96,1,14,3
96,2,14,3
96,3,18,5
96,4,20,6
96,5,20,6
96,6,20,5
96,7,18,5
96,8,18,4
96,9,18,5
96,10,18,5
96,11,20,6
96,12,22,6
96,13,24,8
96,14,26,8
96,15,28,8
96,16,26,7
96,17,24,6
96,18,22,5
96,19,18,4
96,20,31,4
96,21,0,2
96,22,0,1
96,23,0,0
96,24,0,0
96,25,0,0
96,26,0,0
96,27,0,0
97,1,14,3
97,2,16,4
97,3,16,4
97,4,16,4
97,5,18,5
97,6,18,5
97,7,16,4
97,8,18,5
97,9,20,6
97,10,22,7
97,11,20,6
97,12,18,5
97,13,18,5
97,14,20,6
97,15,20,6
97,16,20,6
97,17,22,7
97,18,22,7
97,19,22,7
97,20,22,7
97,21,22,6
97,22,20,4
97,23,18,5
97,24,18,5
97,25,20,6
97,26,20,6
97,27,20,6
97,28,20,6
97,29,20,6
97,30,20,6
97,31,20,4
97,32,16,4
97,33,18,5
97,34,18,4
97,35,16,2
97,36,12,1
97,37,12,2
97,38,12,1
97,39,0,0
97,40,0,0
97,41,0,0
98,1,16,4
98,2,20,6
98,3,24,8
98,4,24,8
98,5,24,8
98,6,24,8
98,7,39,9
98,8,41,10
98,9,43,10
98,10,41,10
98,11,26,9
98,12,26,9
98,13,24,8
98,14,24,8
98,15,24,8
98,16,24,8
98,17,24,8
98,18,24,8
98,19,24,7
98,20,24,7
98,21,24,8
98,22,24,7
98,23,22,6
98,24,22,6
98,25,69,9
98,26,40,12
98,27,42,13
98,28,46,14
98,29,44,13
98,30,42,12
98,31,42,12
98,32,40,10
98,33,36,9
98,34,53,10
98,35,51,10
98,36,51,9
98,37,49,10
98,38,53,11
98,39,57,12
98,40,53,10
98,41,41,6
98,42,22,5
98,43,20,5
98,44,18,5
98,45,20,6
98,46,35,5
98,47,18,5
98,48,20,6
98,49,20,5
98,50,18,4
98,51,16,2
98,52,12,2
98,53,12,2
98,54,12,1
98,55,0,0
99,1,16,4
99,2,16,4
99,3,18,5
99,4,20,6
99,5,20,6
99,6,20,5
99,7,20,5
99,8,18,5
99,9,20,6
99,10,22,6
99,11,22,7
99,12,24,8
99,13,26,8
99,14,24,8
99,15,26,8
99,16,22,6
99,17,22,7
99,18,22,6
99,19,22,6
99,20,20,5
99,21,18,4
99,22,18,5
99,23,18,5
99,24,20,6
99,25,20,5
99,26,20,5
99,27,20,6
99,28,22,6
99,29,22,7
99,30,22,7
99,31,22,7
99,32,26,9
99,33,24,8
99,34,22,7
99,35,22,6
99,36,22,7
99,37,22,7
99,38,22,7
99,39,22,6
99,40,22,6
99,41,20,4
99,42,16,3
99,43,14,3
99,44,14,3
99,45,16,3
99,46,18,5
99,47,20,5
99,48,18,5
99,49,18,5
99,50,18,4
99,51,16,3
99,52,14,3
99,53,14,2
99,54,14,3
99,55,14,2
99,56,14,3
99,57,14,3
99,58,14,2
99,59,12,2
99,60,14,3
99,61,14,3
99,62,14,3
99,63,16,3
99,64,14,3
99,65,14,3
99,66,14,2
99,67,12,1
99,68,10,1
99,69,10,1
99,70,0,0
100,1,12,2
100,2,14,3
100,3,14,3
100,4,16,4
100,5,16,4
100,6,16,4
100,7,18,5
100,8,22,7
100,9,22,7
100,10,20,6
100,11,24,8
100,12,24,8
100,13,24,8
100,14,24,7
100,15,20,6
100,16,20,5
100,17,18,4
100,18,18,5
100,19,18,4
100,20,20,6
100,21,22,7
100,22,22,6
100,23,22,6
100,24,22,7
100,25,22,7
100,26,22,6
100,27,22,5
100,28,20,5
100,29,18,3
100,30,14,1
100,31,0,0
101,1,18,5
101,2,22,7
101,3,26,9
101,4,26,9
101,5,26,9
101,6,26,9
101,7,26,9
101,8,26,8
101,9,26,9
101,10,24,7
101,11,22,7
101,12,22,7
101,13,22,6
101,14,20,6
101,15,22,6
101,16,22,6
101,17,22,6
101,18,24,7
101,19,26,9
101,20,30,10
101,21,45,11
101,22,49,12
101,23,47,12
101,24,36,14
101,25,38,15
101,26,42,17
101,27,44,18
101,28,46,18
101,29,48,18
101,30,44,17
101,31,44,18
101,32,48,18
101,33,48,19
101,34,46,17
101,35,57,16
101,36,55,16
101,37,59,18
101,38,63,20
101,39,61,20
101,40,63,20
101,41,65,20
101,42,61,17
101,43,57,16
101,44,42,15
101,45,38,14
101,46,38,13
101,47,34,11
101,48,30,9
101,49,26,8
101,50,0,7
102,1,16,4
102,2,20,6
102,3,24,8
102,4,24,8
102,5,26,9
102,6,26,8
102,7,24,8
102,8,26,9
102,9,28,10
102,10,28,9
102,11,24,8
102,12,37,7
102,13,41,9
102,14,41,8
102,15,37,5
102,16,20,4
102,17,16,3
102,18,16,3
102,19,16,4
102,20,20,6
102,21,26,9
102,22,45,11
102,23,32,10
102,24,28,7
102,25,22,5
102,26,20,5
102,27,20,4
102,28,16,3
102,29,0,0
103,1,16,4
103,2,20,6
103,3,22,7
103,4,22,7
103,5,24,7
103,6,22,6
103,7,20,6
103,8,18,4
103,9,18,5
103,10,16,4
103,11,16,3
103,12,0,1
103,13,0,1
103,14,0,1
103,15,0,1
103,16,0,0
103,17,0,0
103,18,0,0
103,19,0,0
103,20,0,0
103,21,0,0
103,22,0,0
103,23,0,0
103,24,0,0
103,25,0,0
103,26,0,0
103,27,0,0
103,28,0,0
103,29,0,0
103,30,0,0
103,31,0,0
103,32,0,0
103,33,0,0
104,1,16,4
104,2,18,5
104,3,22,7
104,4,26,8
104,5,37,8
104,6,41,10
104,7,45,12
104,8,47,13
104,9,49,13
104,10,47,11
104,11,32,9
104,12,28,8
104,13,26,9
104,14,41,10
104,15,49,13
104,16,51,12
104,17,51,13
104,18,56,13
104,19,44,12
104,20,42,12
104,21,40,10
104,22,53,11
104,23,53,9
104,24,43,8
104,25,39,8
104,26,39,6
104,27,26,6
104,28,20,4
104,29,16,2
104,30,12,1
104,31,0,0
105,1,16,4
105,2,20,6
105,3,24,7
105,4,24,8
105,5,22,7
105,6,20,6
105,7,20,5
105,8,20,6
105,9,24,8
105,10,20,5
105,11,18,4
105,12,22,7
105,13,24,8
105,14,26,8
105,15,24,8
105,16,22,7
105,17,24,7
105,18,22,7
105,19,22,6
105,20,16,4
105,21,20,5
105,22,16,2
105,23,0,0
105,24,0,0
105,25,0,0
105,26,0,0
105,27,0,0
105,28,0,0
105,29,0,0
105,30,0,0
105,31,0,0
105,32,0,0
105,33,0,0
105,34,0,0
105,35,0,0
105,36,0,0
105,37,0,0
105,38,0,0
105,39,0,0
105,40,0,0
105,41,0,0
105,42,0,0
105,43,0,0
106,1,14,3
106,2,16,4
106,3,16,4
106,4,18,5
106,5,18,5
106,6,18,5
106,7,18,5
106,8,18,5
106,9,18,5
106,10,18,5
106,11,20,6
106,12,20,6
106,13,20,6
106,14,18,5
106,15,18,5
106,16,18,5
106,17,20,6
106,18,20,6
106,19,20,5
106,20,20,5
106,21,16,3
106,22,14,3
106,23,16,3
106,24,16,3
106,25,14,3
106,26,12,1
106,27,10,1
106,28,12,2
106,29,14,2
106,30,14,3
106,31,14,3
106,32,14,3
106,33,14,2
106,34,14,2
106,35,14,3
106,36,14,3
106,37,12,1
106,38,10,1
106,39,12,2
106,40,12,1
106,41,10,1
106,42,10,1
106,43,10,1
106,44,12,2
106,45,10,1
106,46,10,1
106,47,12,2
106,48,14,3
106,49,14,3
106,50,14,2
106,51,12,1
106,52,0,0
106,53,0,0
106,54,0,0
106,55,0,0
106,56,0,0
106,57,0,0
106,58,0,0
106,59,0,0
106,60,0,0
106,61,0,0
106,62,0,0
106,63,0,0
106,64,0,0
106,65,0,0
106,66,0,0
107,1,16,4
107,2,22,7
107,3,24,7
107,4,22,7
107,5,24,8
107,6,24,8
107,7,24,7
107,8,22,7
107,9,22,6
107,10,20,6
107,11,24,8
107,12,26,8
107,13,26,8
107,14,26,9
107,15,28,9
107,16,41,9
107,17,43,11
107,18,49,13
107,19,47,12
107,20,47,12
107,21,45,11
107,22,43,11
107,23,45,11
107,24,47,13
107,25,51,12
107,26,47,12
107,27,36,13
107,28,36,13
107,29,47,12
107,30,47,13
107,31,53,14
107,32,51,13
107,33,36,13
107,34,36,14
107,35,51,14
107,36,55,16
107,37,57,18
107,38,63,20
107,39,81,20
107,40,69,19
107,41,54,17
107,42,54,18
107,43,69,19
107,44,71,19
107,45,69,19
107,46,71,21
107,47,95,22
107,48,81,21
107,49,70,22
107,50,72,23
107,51,113,24
108,1,14,3
108,2,14,3
108,3,16,4
108,4,18,5
108,5,20,6
108,6,20,5
108,7,18,4
108,8,14,3
108,9,12,2
108,10,12,2
108,11,14,3
108,12,16,4
108,13,18,5
108,14,18,5
108,15,18,4
108,16,16,4
108,17,16,4
108,18,14,2
108,19,14,3
108,20,14,3
108,21,16,4
108,22,16,4
108,23,16,4
108,24,16,3
108,25,0,2
108,26,0,0
108,27,0,0
108,28,0,0
108,29,0,0
108,30,0,0
108,31,0,0
108,32,0,0
108,33,0,0
108,34,0,0
108,35,0,0
109,1,18,5
109,2,24,7
109,3,22,7
109,4,22,6
109,5,20,5
109,6,22,7
109,7,24,8
109,8,26,9
109,9,24,8
109,10,24,8
109,11,24,8
109,12,22,6
109,13,20,5
109,14,20,6
109,15,18,5
109,16,18,5
109,17,18,5
109,18,20,6
109,19,22,6
109,20,22,6
109,21,39,9
109,22,41,8
109,23,26,7
109,24,20,5
109,25,16,4
109,26,18,5
109,27,18,5
109,28,20,6
109,29,20,5
109,30,20,6
109,31,22,6
109,32,22,7
109,33,22,7
109,34,22,6
109,35,22,7
109,36,22,6
109,37,20,6
109,38,20,6
109,39,20,5
109,40,20,5
109,41,33,5
109,42,37,7
109,43,35,4
109,44,31,3
109,45,18,5
109,46,22,7
109,47,22,7
109,48,18,5
109,49,16,4
109,50,0,3
110,1,16,4
110,2,20,6
110,3,24,8
110,4,26,8
110,5,22,7
110,6,24,8
110,7,22,7
110,8,24,8
110,9,26,8
110,10,22,6
110,11,20,6
110,12,24,8
110,13,24,7
110,14,24,8
110,15,28,10
110,16,32,11
110,17,47,12
110,18,34,11
110,19,30,9
110,20,39,7
110,21,43,10
110,22,45,11
110,23,43,10
110,24,39,8
110,25,0,5
110,26,0,1
110,27,0,0
110,28,0,0
110,29,0,0
110,30,0,0
110,31,0,0
110,32,0,0
110,33,0,0
110,34,0,0
110,35,0,0
110,36,0,0
111,1,16,4
111,2,18,5
111,3,20,6
111,4,20,6
111,5,20,5
111,6,20,6
111,7,22,7
111,8,24,8
111,9,37,8
111,10,45,11
111,11,45,11
111,12,45,9
111,13,26,7
111,14,26,8
111,15,28,10
111,16,47,12
111,17,51,13
111,18,51,12
111,19,45,9
111,20,24,7
111,21,26,9
111,22,43,11
111,23,71,14
111,24,65,16
111,25,65,15
111,26,63,16
111,27,52,15
111,28,52,18
111,29,56,19
111,30,69,18
111,31,73,19
111,32,71,20
111,33,69,18
111,34,89,19
111,35,81,20
111,36,85,21
111,37,70,21
111,38,85,23
111,39,89,25
111,40,91,27
111,41,93,28
111,42,113,29
112,1,14,3
112,2,16,4
112,3,18,5
112,4,18,4
112,5,16,3
112,6,16,4
112,7,18,5
112,8,20,5
112,9,18,4
112,10,18,5
112,11,18,5
112,12,20,6
112,13,35,6
112,14,37,7
112,15,24,8
112,16,24,8
112,17,22,7
112,18,24,8
112,19,24,8
112,20,24,8
112,21,24,8
112,22,26,8
112,23,24,8
112,24,24,8
112,25,24,7
112,26,22,6
112,27,33,5
112,28,33,6
112,29,33,5
112,30,20,5
112,31,20,6
112,32,20,6
112,33,20,6
112,34,20,5
112,35,18,4
112,36,18,5
112,37,18,5
112,38,22,6
112,39,20,5
112,40,18,4
112,41,35,7
112,42,39,8
112,43,24,7
112,44,24,8
112,45,22,7
112,46,22,7
112,47,18,5
112,48,18,5
112,49,20,5
112,50,18,4
112,51,16,4
112,52,14,3
112,53,12,2
112,54,12,2
112,55,0,0
113,1,16,4
113,2,18,5
113,3,20,6
113,4,39,9
113,5,22,6
113,6,20,6
113,7,22,6
113,8,22,6
113,9,20,6
113,10,20,6
113,11,20,5
113,12,18,5
113,13,20,5
113,14,20,5
113,15,16,2
113,16,10,1
113,17,10,1
113,18,10,1
113,19,10,1
113,20,0,0
113,21,0,0
113,22,0,0
113,23,0,0
113,24,0,0
113,25,0,0
113,26,0,0
113,27,0,0
113,28,0,0
113,29,0,0
113,30,0,0
113,31,0,0
113,32,0,0
114,1,16,4
114,2,20,6
114,3,24,7
114,4,24,7
114,5,26,9
114,6,26,9
114,7,24,8
114,8,26,9
114,9,28,10
114,10,28,9
114,11,39,8
114,12,41,9
114,13,39,9
114,14,43,10
114,15,34,12
114,16,32,11
114,17,32,11
114,18,47,12
114,19,49,12
114,20,47,12
114,21,43,9
114,22,39,9
114,23,41,10
114,24,43,11
114,25,45,12
114,26,47,13
114,27,51,15
114,28,51,14
114,29,57,13
114,30,59,15
114,31,63,15
114,32,44,13
114,33,44,13
114,34,44,12
114,35,42,12
114,36,46,14
114,37,48,13
114,38,50,14
114,39,63,15
114,40,67,18
114,41,65,17
114,42,67,19
114,43,69,20
114,44,97,21
114,45,85,24
114,46,91,27
114,47,93,27
114,48,93,28
114,49,93,27
114,50,91,27
114,51,93,28
114,52,113,29
115,1,16,4
115,2,22,7
115,3,28,10
115,4,26,9
115,5,26,9
115,6,41,10
115,7,41,9
115,8,26,8
115,9,24,8
115,10,26,9
115,11,43,11
115,12,47,12
115,13,47,12
115,14,34,11
115,15,30,10
115,16,45,12
115,17,49,13
115,18,45,11
115,19,34,10
115,20,30,10
115,21,45,12
115,22,49,14
115,23,53,15
115,24,55,16
115,25,55,16
115,26,53,13
115,27,34,11
115,28,56,13
115,29,46,15
115,30,63,17
115,31,69,19
115,32,71,20
115,33,75,23
115,34,79,24
115,35,81,26
115,36,103,27
115,37,93,28
115,38,113,29
116,1,16,4
116,2,20,6
116,3,22,7
116,4,24,7
116,5,24,7
116,6,24,8
116,7,26,8
116,8,24,8
116,9,22,6
116,10,20,6
116,11,20,5
116,12,16,4
116,13,0,2
116,14,0,2
116,15,0,0
116,16,0,0
116,17,0,0
116,18,0,0
116,19,0,0
116,20,0,0
116,21,0,0
116,22,0,0
116,23,0,0
116,24,0,0
116,25,0,0
116,26,0,0
116,27,0,0
116,28,0,0
116,29,0,0
116,30,0,0
116,31,0,0
116,32,0,0
116,33,0,0
116,34,0,0
116,35,0,0
116,36,0,0
116,37,0,0
116,38,0,0
116,39,0,0
116,40,0,0
116,41,0,0
116,42,0,0
117,1,16,4
117,2,22,7
117,3,24,7
117,4,20,6
117,5,24,8
117,6,26,8
117,7,22,5
117,8,18,4
117,9,16,4
117,10,16,3
117,11,14,3
117,12,14,3
117,13,14,3
117,14,18,4
117,15,18,3
117,16,12,1
117,17,12,2
117,18,10,1
117,19,0,0
117,20,0,0
117,21,0,0
117,22,0,0
117,23,0,0
117,24,0,0
117,25,0,0
117,26,0,0
117,27,0,0
117,28,0,0
117,29,0,0
117,30,0,0
117,31,0,0
118,1,14,3
118,2,16,4
118,3,18,5
118,4,20,6
118,5,20,6
118,6,18,4
118,7,16,3
118,8,16,4
118,9,18,5
118,10,20,5
118,11,33,5
118,12,18,4
118,13,16,3
118,14,12,2
118,15,12,2
118,16,10,1
118,17,12,2
118,18,14,2
118,19,14,2
118,20,14,3
118,21,14,2
118,22,12,1
118,23,10,1
118,24,12,2
118,25,12,1
118,26,0,0
118,27,0,0
118,28,0,0
119,1,14,3
119,2,14,3
119,3,18,5
119,4,20,6
119,5,22,7
119,6,24,8
119,7,26,8
119,8,26,9
119,9,26,9
119,10,26,9
119,11,26,9
119,12,26,9
119,13,26,9
119,14,26,9
119,15,26,9
119,16,26,9
119,17,56,12
119,18,42,13
119,19,44,14
119,20,44,14
119,21,59,15
119,22,61,16
119,23,63,17
119,24,63,16
119,25,61,16
119,26,61,15
119,27,46,15
119,28,44,14
119,29,44,12
119,30,42,13
119,31,55,13
119,32,57,13
119,33,57,13
119,34,42,11
119,35,40,12
119,36,44,12
119,37,42,12
119,38,38,11
119,39,38,10
119,40,38,9
119,41,36,10
119,42,34,7
119,43,32,6
119,44,32,7
119,45,38,11
119,46,38,10
119,47,38,11
119,48,42,12
119,49,57,14
119,50,57,14
119,51,57,14
119,52,59,15
119,53,61,15
119,54,61,16
119,55,61,12
119,56,55,11
119,57,57,13
119,58,42,11
119,59,44,14
119,60,46,14
119,61,44,14
119,62,46,13
119,63,42,11
119,64,40,12
119,65,44,12
119,66,42,11
119,67,117,11
119,68,46,9
119,69,48,11
119,70,46,14
119,71,61,16
119,72,63,16
119,73,63,17
119,74,65,18
119,75,79,21
119,76,85,23
119,77,87,25
119,78,91,27
119,79,101,28
120,1,16,4
120,2,18,5
120,3,22,7
120,4,24,7
120,5,26,9
120,6,26,9
120,7,24,8
120,8,24,8
120,9,24,8
120,10,26,8
120,11,26,8
120,12,24,8
120,13,22,7
120,14,24,7
120,15,22,7
120,16,24,8
120,17,24,8
120,18,24,8
120,19,24,8
120,20,24,7
120,21,24,7
120,22,24,7
120,23,22,6
120,24,18,5
120,25,16,4
120,26,16,4
120,27,16,4
120,28,22,7
120,29,24,8
120,30,24,7
120,31,20,6
120,32,20,6
120,33,20,4
120,34,18,5
120,35,20,6
120,36,22,6
120,37,22,7
120,38,39,9
120,39,41,10
120,40,24,8
120,41,26,8
120,42,24,7
120,43,20,6
120,44,18,5
120,45,16,4
120,46,0,3
120,47,0,3
120,48,0,3
120,49,0,3
120,50,0,2
120,51,0,2
120,52,0,1
120,53,0,1
120,54,0,0
120,55,0,0
120,56,0,0
120,57,0,0
120,58,0,0
120,59,0,0
120,60,0,0
120,61,0,0
120,62,0,0
120,63,0,0
120,64,0,0
120,65,0,0
120,66,0,0
120,67,0,0
120,68,0,0
120,69,0,0
120,70,0,0
120,71,0,0
120,72,0,0
120,73,0,0
120,74,0,0
120,75,0,0
120,76,0,0
120,77,0,0
120,78,0,0
120,79,0,0
120,80,0,0
120,81,0,0
120,82,0,0
120,83,0,0
120,84,0,0
120,85,0,0
120,86,0,0
120,87,0,0
120,88,0,0
120,89,0,0
120,90,0,0
120,91,0,0
120,92,0,0
121,1,16,4
121,2,18,5
121,3,20,6
121,4,20,6
121,5,20,6
121,6,22,6
121,7,18,5
121,8,18,5
121,9,20,6
121,10,20,5
121,11,18,5
121,12,16,3
121,13,14,3
121,14,16,3
121,15,12,2
121,16,10,1
121,17,10,1
121,18,10,1
121,19,10,1
121,20,10,1
121,21,12,2
121,22,12,2
121,23,10,1
121,24,0,0
122,1,16,4
122,2,20,6
122,3,20,5
122,4,20,6
122,5,20,6
122,6,22,7
122,7,24,7
122,8,22,7
122,9,37,8
122,10,41,10
122,11,47,12
122,12,47,12
122,13,32,10
122,14,30,10
122,15,32,11
122,16,34,12
122,17,47,9
122,18,47,12
122,19,47,11
122,20,30,10
122,21,28,9
122,22,26,8
122,23,26,8
122,24,39,8
122,25,43,9
122,26,41,7
122,27,0,5
122,28,0,2
122,29,0,1
122,30,0,1
122,31,0,0
122,32,0,0
122,33,0,0
122,34,0,0
122,35,0,0
122,36,0,0
122,37,0,0
122,38,0,0
122,39,0,0
123,1,16,4
123,2,18,5
123,3,22,7
123,4,20,6
123,5,24,7
123,6,26,9
123,7,39,8
123,8,39,9
123,9,39,9
123,10,43,10
123,11,43,11
123,12,43,10
123,13,41,9
123,14,39,9
123,15,39,9
123,16,39,9
123,17,43,11
123,18,56,13
123,19,46,15
123,20,65,18
123,21,95,21
123,22,85,24
123,23,91,26
123,24,93,27
123,25,93,28
123,26,93,28
123,27,93,28
123,28,93,28
123,29,93,27
123,30,91,25
123,31,91,26
123,32,93,28
123,33,113,29
124,1,14,3
124,2,18,4
124,3,20,6
124,4,20,6
124,5,20,6
124,6,20,6
124,7,18,5
124,8,16,4
124,9,14,3
124,10,14,3
124,11,16,4
124,12,14,2
124,13,10,1
124,14,10,1
124,15,12,2
124,16,12,2
124,17,16,4
124,18,18,5
124,19,18,5
124,20,18,4
124,21,16,3
124,22,14,3
124,23,16,4
124,24,18,5
124,25,18,4
124,26,14,3
124,27,12,2
124,28,10,1
124,29,12,2
124,30,14,3
124,31,14,3
124,32,12,2
124,33,0,1
124,34,0,0
124,35,0,0
124,36,0,0
124,37,0,0
124,38,0,0
125,1,14,3
125,2,16,4
125,3,18,5
125,4,20,5
125,5,20,6
125,6,18,5
125,7,18,5
125,8,18,4
125,9,18,5
125,10,18,5
125,11,18,5
125,12,18,4
125,13,14,3
125,14,16,4
125,15,16,4
125,16,16,3
125,17,16,4
125,18,16,4
125,19,16,4
125,20,14,3
125,21,0,1
125,22,0,0
125,23,0,0
125,24,0,0
125,25,0,0
125,26,0,0
125,27,0,0
125,28,0,0
125,29,0,0
125,30,0,0
125,31,0,0
125,32,0,0
125,33,0,0
125,34,0,0
125,35,0,0
125,36,0,0
125,37,0,0
125,38,0,0
125,39,0,0
125,40,0,0
125,41,0,0
125,42,0,0
125,43,0,0
126,1,16,4
126,2,20,5
126,3,20,6
126,4,39,8
126,5,24,8
126,6,24,7
126,7,22,7
126,8,24,8
126,9,22,7
126,10,24,7
126,11,22,7
126,12,24,7
126,13,22,5
126,14,20,5
126,15,24,8
126,16,24,7
126,17,37,8
126,18,43,11
126,19,45,11
126,20,49,12
126,21,34,8
126,22,26,8
126,23,28,9
126,24,26,8
126,25,39,8
126,26,43,10
126,27,49,13
126,28,51,12
126,29,56,14
126,30,48,14
126,31,46,14
126,32,46,14
126,33,61,15
126,34,65,17
126,35,65,17
126,36,67,19
126,37,67,19
126,38,71,21
126,39,71,20
126,40,60,19
126,41,105,22
126,42,89,26
126,43,109,27
127,1,16,4
127,2,20,6
127,3,22,6
127,4,22,7
127,5,37,8
127,6,39,8
127,7,24,6
127,8,22,7
127,9,24,8
127,10,24,6
127,11,20,5
127,12,33,5
127,13,16,2
127,14,12,2
127,15,12,2
127,16,18,5
127,17,22,6
127,18,20,4
127,19,14,2
127,20,12,2
127,21,14,3
127,22,16,4
127,23,16,4
127,24,16,3
127,25,18,5
127,26,22,6
127,27,35,4
127,28,18,3
127,29,18,4
127,30,20,6
127,31,22,6
127,32,22,5
127,33,20,5
127,34,18,2
127,35,14,3
127,36,18,4
127,37,0,3
127,38,0,1
127,39,0,1
128,1,16,4
128,2,20,6
128,3,26,9
128,4,26,8
128,5,39,8
128,6,45,12
128,7,49,11
128,8,43,9
128,9,41,7
128,10,22,7
128,11,22,7
128,12,39,9
128,13,43,10
128,14,41,9
128,15,26,8
128,16,30,9
128,17,30,10
128,18,28,8
128,19,28,9
128,20,30,9
128,21,38,9
128,22,38,10
128,23,44,13
128,24,59,14
128,25,63,15
128,26,63,17
128,27,65,16
128,28,65,14
128,29,50,15
128,30,48,16
128,31,76,19
128,32,77,19
128,33,77,19
128,34,79,20
128,35,83,22
128,36,85,23
128,37,87,25
128,38,113,26
129,1,16,4
129,2,16,4
129,3,18,5
129,4,20,6
129,5,22,7
129,6,24,8
129,7,26,9
129,8,28,10
129,9,26,9
129,10,24,8
129,11,26,8
129,12,26,8
129,13,26,9
129,14,54,12
129,15,44,14
129,16,48,15
129,17,61,16
129,18,67,18
129,19,67,18
129,20,67,18
129,21,69,20
129,22,73,22
129,23,77,24
129,24,97,25
129,25,113,26
130,1,16,4
130,2,20,6
130,3,20,6
130,4,20,6
130,5,20,6
130,6,22,7
130,7,22,7
130,8,22,6
130,9,22,7
130,10,26,9
130,11,28,10
130,12,43,11
130,13,43,10
130,14,43,10
130,15,43,10
130,16,39,7
130,17,37,6
130,18,22,6
130,19,20,5
130,20,20,6
130,21,20,6
130,22,20,6
130,23,20,4
130,24,20,6
130,25,37,8
130,26,39,8
130,27,24,7
130,28,24,8
130,29,24,8
130,30,24,7
130,31,37,7
130,32,24,7
130,33,24,8
130,34,26,9
130,35,54,11
130,36,40,12
130,37,53,11
130,38,38,11
130,39,40,12
130,40,44,14
130,41,59,14
130,42,59,15
130,43,61,15
130,44,63,17
130,45,67,19
130,46,69,19
130,47,67,19
130,48,91,20
130,49,64,20
130,50,66,21
130,51,85,24
130,52,87,25
130,53,113,26
131,1,14,3
131,2,14,3
131,3,20,6
131,4,26,8
131,5,41,9
131,6,41,9
131,7,26,8
131,8,24,8
131,9,24,8
131,10,26,9
131,11,26,8
131,12,26,9
131,13,26,8
131,14,41,8
131,15,26,9
131,16,41,10
131,17,47,13
131,18,49,13
131,19,49,14
131,20,73,14
131,21,46,12
131,22,42,13
131,23,42,12
131,24,42,12
131,25,57,14
131,26,63,16
131,27,65,18
131,28,69,20
131,29,71,20
131,30,71,21
131,31,101,24
131,32,87,24
131,33,87,25
131,34,89,26
131,35,91,26
131,36,89,26
131,37,113,27
132,1,14,3
132,2,16,4
132,3,16,4
132,4,16,4
132,5,16,4
132,6,16,4
132,7,14,3
132,8,12,2
132,9,14,3
132,10,16,4
132,11,16,4
132,12,16,4
132,13,14,3
132,14,16,3
132,15,16,4
132,16,16,4
132,17,16,4
132,18,14,3
132,19,16,4
132,20,16,4
132,21,16,4
132,22,16,4
132,23,16,4
132,24,16,4
132,25,18,5
132,26,20,6
132,27,16,4
132,28,14,3
132,29,14,3
132,30,14,3
132,31,12,2
132,32,10,1
132,33,0,0
133,1,16,4
133,2,20,6
133,3,22,7
133,4,24,8
133,5,24,8
133,6,26,9
133,7,26,8
133,8,26,9
133,9,26,9
133,10,28,10
133,11,28,10
133,12,43,10
133,13,43,10
133,14,45,10
133,15,47,11
133,16,34,11
133,17,30,11
133,18,47,12
133,19,53,15
133,20,55,16
133,21,55,16
133,22,77,16
133,23,48,13
133,24,46,15
133,25,63,17
133,26,69,20
133,27,93,23
133,28,87,25
133,29,91,27
133,30,113,28
134,1,16,4
134,2,18,5
134,3,18,5
134,4,22,7
134,5,22,7
134,6,22,6
134,7,20,6
134,8,20,5
134,9,16,4
134,10,18,5
134,11,22,7
134,12,26,6
134,13,20,5
134,14,18,5
134,15,18,4
134,16,12,2
134,17,0,0
134,18,0,0
134,19,0,0
134,20,0,0
134,21,0,0
134,22,0,0
134,23,0,0
134,24,0,0
134,25,0,0
134,26,0,0
135,1,16,4
135,2,18,5
135,3,24,8
135,4,26,9
135,5,41,9
135,6,43,11
135,7,43,10
135,8,26,8
135,9,22,7
135,10,26,8
135,11,26,9
135,12,30,10
135,13,28,9
135,14,43,11
135,15,51,14
135,16,51,13
135,17,49,12
135,18,51,13
135,19,58,13
135,20,46,14
135,21,44,12
135,22,42,12
135,23,59,14
135,24,61,13
135,25,59,11
135,26,55,8
135,27,39,6
135,28,22,6
135,29,22,6
135,30,22,5
135,31,22,6
135,32,20,4
135,33,0,1
136,1,16,4
136,2,18,5
136,3,22,7
136,4,24,7
136,5,24,7
136,6,37,8
136,7,39,8
136,8,22,6
136,9,22,6
136,10,22,6
136,11,20,5
136,12,18,4
136,13,16,4
136,14,20,6
136,15,22,7
136,16,20,5
136,17,16,3
136,18,16,4
136,19,20,5
136,20,22,6
136,21,24,7
136,22,35,6
136,23,20,5
136,24,20,6
136,25,22,6
136,26,39,9
136,27,43,10
136,28,41,9
136,29,26,6
136,30,22,5
136,31,18,2
136,32,12,2
136,33,0,0
136,34,0,0
136,35,0,0
137,1,16,4
137,2,22,6
137,3,20,5
137,4,20,6
137,5,20,6
137,6,20,5
137,7,16,3
137,8,16,4
137,9,20,6
137,10,22,7
137,11,24,8
137,12,24,8
137,13,20,5
137,14,18,4
137,15,14,2
137,16,0,1
137,17,0,1
137,18,0,0
137,19,0,0
137,20,0,0
137,21,0,0
137,22,0,0
137,23,0,0
137,24,0,0
137,25,0,0
137,26,0,0
137,27,0,0
137,28,0,0
137,29,0,0
138,1,16,4
138,2,18,4
138,3,16,4
138,4,18,5
138,5,20,6
138,6,22,7
138,7,22,7
138,8,22,6
138,9,20,6
138,10,22,7
138,11,22,7
138,12,24,7
138,13,22,6
138,14,22,7
138,15,22,7
138,16,22,7
138,17,24,8
138,18,24,7
138,19,24,7
138,20,24,7
138,21,37,8
138,22,39,8
138,23,37,5
138,24,18,3
138,25,16,3
138,26,18,4
138,27,18,4
138,28,31,5
138,29,35,7
138,30,22,6
138,31,18,5
138,32,20,6
138,33,22,7
138,34,22,7
138,35,20,6
138,36,18,5
138,37,18,4
138,38,20,6
138,39,22,7
138,40,22,6
138,41,22,7
138,42,22,7
138,43,20,5
138,44,20,5
138,45,14,2
138,46,14,3
138,47,16,4
138,48,16,4
138,49,18,5
138,50,18,5
138,51,18,5
138,52,18,4
138,53,18,5
138,54,16,4
138,55,12,2
138,56,0,1
139,1,16,4
139,2,18,5
139,3,20,6
139,4,24,8
139,5,24,8
139,6,24,8
139,7,39,9
139,8,41,9
139,9,41,10
139,10,43,11
139,11,47,11
139,12,34,11
139,13,34,12
139,14,51,14
139,15,53,15
139,16,51,13
139,17,49,11
139,18,32,9
139,19,26,9
139,20,28,9
139,21,41,9
139,22,43,11
139,23,47,12
139,24,47,11
139,25,28,8
139,26,22,6
139,27,22,7
139,28,22,6
139,29,37,8
139,30,41,8
139,31,37,5
139,32,20,6
139,33,20,6
139,34,20,5
139,35,18,3
139,36,0,1
140,1,14,3
140,2,14,3
140,3,20,6
140,4,22,7
140,5,20,6
140,6,20,6
140,7,22,7
140,8,20,6
140,9,20,6
140,10,20,6
140,11,20,6
140,12,20,6
140,13,20,6
140,14,20,6
140,15,20,6
140,16,20,6
140,17,20,6
140,18,20,6
140,19,18,5
140,20,20,6
140,21,22,7
140,22,22,7
140,23,20,6
140,24,20,6
140,25,20,6
140,26,20,6
140,27,20,6
140,28,18,5
140,29,18,5
140,30,20,6
140,31,20,6
140,32,20,6
140,33,18,5
140,34,16,4
140,35,14,2
140,36,10,1
140,37,0,0
140,38,0,0
140,39,0,0
140,40,0,0
140,41,0,0
140,42,0,0
140,43,0,0
140,44,0,0
140,45,0,0
140,46,0,0
140,47,0,0
140,48,0,0
140,49,0,0
140,50,0,0
140,51,0,0
140,52,0,0
140,53,0,0
140,54,0,0
140,55,0,0
140,56,0,0
140,57,0,0
140,58,0,0
140,59,0,0
140,60,0,0
140,61,0,0
140,62,0,0
140,63,0,0
140,64,0,0
140,65,0,0
140,66,0,0
140,67,0,0
141,1,12,2
141,2,12,2
141,3,12,2
141,4,14,3
141,5,16,4
141,6,18,5
141,7,18,4
141,8,16,3
141,9,14,3
141,10,14,3
141,11,16,4
141,12,18,4
141,13,16,3
141,14,14,3
141,15,14,3
141,16,16,4
141,17,16,4
141,18,18,4
141,19,16,3
141,20,14,3
141,21,16,4
141,22,18,4
141,23,16,2
141,24,12,1
141,25,12,1
141,26,12,1
141,27,0,0
142,1,16,4
142,2,20,6
142,3,22,7
142,4,24,7
142,5,22,7
142,6,20,6
142,7,20,5
142,8,18,5
142,9,16,4
142,10,0,1
142,11,0,0
142,12,0,0
142,13,0,0
142,14,0,0
142,15,0,0
142,16,0,0
142,17,0,0
142,18,0,0
142,19,0,0
142,20,0,0
142,21,0,0
143,1,16,4
143,2,22,7
143,3,24,8
143,4,26,9
143,5,28,10
143,6,28,10
143,7,43,11
143,8,47,12
143,9,47,12
143,10,43,11
143,11,43,11
143,12,43,11
143,13,43,11
143,14,43,11
143,15,45,12
143,16,60,14
143,17,46,14
143,18,59,15
143,19,61,15
143,20,59,14
143,21,55,12
143,22,51,11
143,23,0,10
143,24,0,7
143,25,0,7
143,26,0,7
143,27,0,7
143,28,0,7
143,29,0,5
143,30,0,4
143,31,0,4
143,32,0,4
143,33,0,4
143,34,0,3
143,35,0,2
143,36,0,1
143,37,0,1
143,38,0,1
143,39,0,1
143,40,0,0
143,41,0,0
143,42,0,0
143,43,0,0
143,44,0,0
143,45,0,0
143,46,0,0
143,47,0,0
143,48,0,0
143,49,0,0
143,50,0,0
143,51,0,0
143,52,0,0
143,53,0,0
143,54,0,0
143,55,0,0
143,56,0,0
143,57,0,0
143,58,0,0
143,59,0,0
143,60,0,0
143,61,0,0
143,62,0,0
143,63,0,0
143,64,0,0
143,65,0,0
143,66,0,0
143,67,0,0
143,68,0,0
143,69,0,0
143,70,0,0
143,71,0,0
143,72,0,0
143,73,0,0
143,74,0,0
143,75,0,0
143,76,0,0
143,77,0,0
143,78,0,0
143,79,0,0
143,80,0,0
143,81,0,0
143,82,0,0
143,83,0,0
143,84,0,0
143,85,0,0
143,86,0,0
143,87,0,0
143,88,0,0
143,89,0,0
143,90,0,0
143,91,0,0
143,92,0,0
143,93,0,0
143,94,0,0
143,95,0,0
143,96,0,0
143,97,0,0
143,98,0,0
143,99,0,0
143,100,0,0
143,101,0,0
143,102,0,0
143,103,0,0
143,104,0,0
143,105,0,0
143,106,0,0
143,107,0,0
143,108,0,0
143,109,0,0
143,110,0,0
143,111,0,0
143,112,0,0
143,113,0,0
143,114,0,0
143,115,0,0
143,116,0,0
143,117,0,0
143,118,0,0
143,119,0,0
143,120,0,0
143,121,0,0
143,122,0,0
143,123,0,0
143,124,0,0
143,125,0,0
143,126,0,0
143,127,0,0
143,128,0,0
143,129,0,0
143,130,0,0
143,131,0,0
143,132,0,0
143,133,0,0
143,134,0,0
143,135,0,0
143,136,0,0
143,137,0,0
143,138,0,0
143,139,0,0
143,140,0,0
143,141,0,0
143,142,0,0
143,143,0,0
143,144,0,0
143,145,0,0
143,146,0,0
143,147,0,0
143,148,0,0
143,149,0,0
143,150,0,0
143,151,0,0
143,152,0,0
143,153,0,0
143,154,0,0
143,155,0,0
143,156,0,0
143,157,0,0
143,158,0,0
143,159,0,0
143,160,0,0
143,161,0,0
143,162,0,0
143,163,0,0
143,164,0,0
143,165,0,0
143,166,0,0
143,167,0,0
143,168,0,0
143,169,0,0
143,170,0,0
143,171,0,0
143,172,0,0
143,173,0,0
143,174,0,0
143,175,0,0
143,176,0,0
143,177,0,0
143,178,0,0
143,179,0,0
143,180,0,0
143,181,0,0
143,182,0,0
143,183,0,0
143,184,0,0
143,185,0,0
143,186,0,0
143,187,0,0
143,188,0,0
144,1,14,3
144,2,14,3
144,3,16,4
144,4,16,4
144,5,18,5
144,6,20,6
144,7,20,6
144,8,24,8
144,9,24,8
144,10,24,7
144,11,24,8
144,12,24,7
144,13,22,6
144,14,37,8
144,15,39,9
144,16,37,8
144,17,35,6
144,18,16,3
144,19,14,2
144,20,16,4
144,21,20,5
144,22,16,3
144,23,14,3
144,24,12,2
144,25,0,1
144,26,0,0
144,27,0,0
144,28,0,0
144,29,0,0
144,30,0,0
144,31,0,0
144,32,0,0
144,33,0,0
144,34,0,0
144,35,0,0
144,36,0,0
145,1,16,4
145,2,20,6
145,3,20,6
145,4,22,7
145,5,24,7
145,6,20,6
145,7,22,6
145,8,35,7
145,9,37,8
145,10,35,5
145,11,20,4
145,12,22,7
145,13,22,7
145,14,22,7
145,15,39,9
145,16,41,9
145,17,39,7
145,18,24,6
145,19,22,6
145,20,20,6
145,21,20,6
145,22,20,6
145,23,18,5
145,24,20,6
145,25,20,6
145,26,20,6
145,27,18,5
145,28,16,2
145,29,12,2
145,30,10,1
145,31,10,1
145,32,0,0
145,33,0,0
145,34,0,0
145,35,0,0
146,1,16,4
146,2,20,6
146,3,24,7
146,4,20,5
146,5,18,5
146,6,18,4
146,7,35,7
146,8,41,9
146,9,39,7
146,10,33,6
146,11,33,5
146,12,22,6
146,13,20,5
146,14,22,6
146,15,18,4
146,16,18,4
146,17,16,4
146,18,14,3
146,19,0,2
146,20,0,1
146,21,0,0
146,22,0,0
146,23,0,0
146,24,0,0
146,25,0,0
146,26,0,0
146,27,0,0
146,28,0,0
146,29,0,0
146,30,0,0
146,31,0,0
146,32,0,0
146,33,0,0
146,34,0,0
146,35,0,0
147,1,12,2
147,2,12,2
147,3,12,2
147,4,12,2
147,5,12,2
147,6,12,2
147,7,14,3
147,8,14,3
147,9,14,3
147,10,16,4
147,11,18,5
147,12,20,6
147,13,22,7
147,14,22,7
147,15,22,7
147,16,22,7
147,17,20,6
147,18,20,6
147,19,20,6
147,20,20,6
147,21,20,6
147,22,18,5
147,23,18,5
147,24,20,6
147,25,20,6
147,26,20,6
147,27,22,7
147,28,22,7
147,29,22,7
147,30,22,7
147,31,22,7
147,32,20,6
147,33,20,5
147,34,18,4
147,35,0,2
147,36,0,1
147,37,0,0
147,38,0,0
147,39,0,0
147,40,0,0
147,41,0,0
147,42,0,0
147,43,0,0
147,44,0,0
148,1,12,2
148,2,12,2
148,3,14,3
148,4,16,4
148,5,35,6
148,6,20,6
148,7,33,5
148,8,33,4
148,9,18,4
148,10,18,5
148,11,18,5
148,12,16,4
148,13,14,3
148,14,18,5
148,15,18,5
148,16,20,6
148,17,20,6
148,18,18,5
148,19,18,5
148,20,18,5
148,21,18,5
148,22,18,5
148,23,18,5
148,24,22,7
148,25,22,7
148,26,39,9
148,27,39,8
148,28,39,9
148,29,37,8
148,30,33,6
148,31,35,6
148,32,33,5
148,33,18,4
148,34,16,4
148,35,16,4
148,36,16,3
148,37,14,2
148,38,16,4
148,39,18,5
148,40,18,3
148,41,14,1
148,42,10,1
148,43,10,1
148,44,12,1
148,45,0,0
149,1,16,4
149,2,18,5
149,3,22,7
149,4,22,7
149,5,22,7
149,6,24,7
149,7,22,6
149,8,16,4
149,9,14,2
149,10,16,3
149,11,12,1
149,12,0,0
149,13,0,0
149,14,0,0
149,15,0,0
149,16,0,0
149,17,0,0
149,18,0,0
149,19,0,0
149,20,0,0
149,21,0,0
149,22,0,0
149,23,0,0
149,24,0,0
149,25,0,0
149,26,0,0
150,1,14,3
150,2,18,5
150,3,18,5
150,4,22,7
150,5,22,6
150,6,22,7
150,7,24,8
150,8,22,7
150,9,20,6
150,10,22,6
150,11,20,5
150,12,20,6
150,13,20,6
150,14,35,7
150,15,39,8
150,16,24,6
150,17,20,4
150,18,18,5
150,19,18,5
150,20,20,5
150,21,18,5
150,22,14,2
150,23,0,0
150,24,0,0
150,25,0,0
150,26,0,0
150,27,0,0
150,28,0,0
150,29,0,0
150,30,0,0
150,31,0,0
150,32,0,0
150,33,0,0
150,34,0,0
150,35,0,0
150,36,0,0
150,37,0,0
150,38,0,0
150,39,0,0
150,40,0,0
150,41,0,0
150,42,0,0
150,43,0,0
150,44,0,0
150,45,0,0
150,46,0,0
150,47,0,0
150,48,0,0
150,49,0,0
150,50,0,0
150,51,0,0
150,52,0,0
151,1,16,4
151,2,22,7
151,3,26,9
151,4,28,10
151,5,28,10
151,6,28,9
151,7,26,9
151,8,26,9
151,9,43,10
151,10,45,11
151,11,49,13
151,12,51,14
151,13,53,14
151,14,51,13
151,15,49,13
151,16,47,13
151,17,45,12
151,18,47,13
151,19,47,13
151,20,49,14
151,21,56,14
151,22,46,14
151,23,67,17
151,24,65,16
151,25,53,15
151,26,55,14
151,27,49,13
151,28,45,11
151,29,41,10
151,30,43,11
151,31,45,11
151,32,30,8
151,33,24,7
151,34,24,8
151,35,39,8
151,36,43,11
151,37,43,8
151,38,35,5
151,39,35,5
151,40,33,5
151,41,18,5
151,42,24,8
151,43,24,7
151,44,20,5
151,45,16,2
151,46,12,2
151,47,12,1
151,48,10,1
151,49,10,1
151,50,0,0
152,1,16,4
152,2,20,6
152,3,22,7
152,4,22,6
152,5,22,7
152,6,26,9
152,7,39,8
152,8,39,9
152,9,41,9
152,10,41,9
152,11,39,8
152,12,26,9
152,13,28,9
152,14,26,8
152,15,24,8
152,16,24,7
152,17,35,7
152,18,41,10
152,19,43,9
152,20,41,8
152,21,22,7
152,22,24,8
152,23,26,7
152,24,22,6
152,25,24,7
152,26,41,10
152,27,45,12
152,28,45,11
152,29,45,10
152,30,41,7
152,31,20,6
152,32,18,5
152,33,20,5
152,34,22,6
152,35,35,7
152,36,35,6
152,37,35,7
152,38,20,6
152,39,22,7
152,40,20,6
152,41,18,5
152,42,16,4
152,43,16,3
152,44,0,0
152,45,0,0
152,46,0,0
152,47,0,0
152,48,0,0
152,49,0,0
152,50,0,0
152,51,0,0
152,52,0,0
152,53,0,0
152,54,0,0
152,55,0,0
152,56,0,0
152,57,0,0
152,58,0,0
152,59,0,0
153,1,14,3
153,2,14,3
153,3,16,4
153,4,18,5
153,5,18,5
153,6,16,4
153,7,14,3
153,8,16,4
153,9,20,6
153,10,20,5
153,11,18,5
153,12,18,5
153,13,16,4
153,14,16,4
153,15,16,4
153,16,18,5
153,17,20,5
153,18,18,5
153,19,16,3
153,20,18,5
153,21,20,5
153,22,20,6
153,23,20,6
153,24,20,6
153,25,35,7
153,26,37,8
153,27,26,8
153,28,24,8
153,29,26,9
153,30,28,10
153,31,28,10
153,32,32,12
153,33,34,12
153,34,30,7
153,35,35,5
153,36,16,3
153,37,12,2
153,38,12,2
153,39,12,2
153,40,12,2
153,41,10,1
153,42,12,2
153,43,14,1
153,44,0,0
153,45,0,0
153,46,0,0
153,47,0,0
154,1,12,2
154,2,12,2
154,3,14,3
154,4,16,4
154,5,16,4
154,6,16,4
154,7,18,5
154,8,20,6
154,9,18,5
154,10,18,5
154,11,20,6
154,12,20,6
154,13,22,7
154,14,20,6
154,15,20,6
154,16,20,6
154,17,22,7
154,18,22,7
154,19,22,7
154,20,22,7
154,21,22,7
154,22,22,7
154,23,22,7
154,24,22,6
154,25,20,5
154,26,18,5
154,27,18,4
154,28,14,2
154,29,10,1
154,30,10,1
154,31,10,1
154,32,10,1
154,33,0,0
154,34,0,0
154,35,0,0
154,36,0,0
154,37,0,0
154,38,0,0
154,39,0,0
154,40,0,0
154,41,0,0
155,1,16,4
155,2,18,5
155,3,20,6
155,4,22,6
155,5,20,6
155,6,24,8
155,7,24,8
155,8,24,7
155,9,22,6
155,10,22,6
155,11,24,8
155,12,22,7
155,13,22,7
155,14,24,8
155,15,28,9
155,16,26,8
155,17,26,9
155,18,24,7
155,19,26,9
155,20,28,10
155,21,26,9
155,22,26,9
155,23,43,11
155,24,47,11
155,25,30,10
155,26,41,8
155,27,39,8
155,28,43,9
155,29,24,8
155,30,24,7
155,31,24,8
155,32,26,8
155,33,28,9
155,34,45,11
155,35,51,14
155,36,53,14
155,37,51,12
155,38,34,9
155,39,26,8
155,40,24,6
155,41,20,4
155,42,16,3
155,43,14,2
155,44,12,1
155,45,12,1
155,46,10,1
155,47,10,1
155,48,0,0
156,1,14,3
156,2,16,4
156,3,18,5
156,4,18,5
156,5,18,5
156,6,16,4
156,7,18,5
156,8,18,5
156,9,20,6
156,10,22,6
156,11,20,5
156,12,18,5
156,13,20,6
156,14,20,5
156,15,18,5
156,16,22,7
156,17,22,7
156,18,22,7
156,19,20,6
156,20,22,7
156,21,24,7
156,22,22,5
156,23,18,5
156,24,35,6
156,25,20,5
156,26,20,6
156,27,20,6
156,28,20,6
156,29,39,8
156,30,26,8
156,31,24,8
156,32,28,9
156,33,30,10
156,34,30,11
156,35,32,12
156,36,32,10
156,37,30,8
156,38,24,8
156,39,39,9
156,40,41,10
156,41,49,14
156,42,49,12
156,43,45,10
156,44,28,9
156,45,41,8
156,46,24,8
156,47,26,8
156,48,24,8
156,49,24,8
156,50,41,9
156,51,45,12
156,52,45,11
156,53,47,11
156,54,49,13
156,55,47,13
156,56,47,11
156,57,45,11
156,58,43,10
156,59,43,11
156,60,45,11
156,61,47,11
156,62,30,10
156,63,30,9
156,64,30,10
156,65,85,12
156,66,57,12
156,67,59,15
156,68,61,16
156,69,65,18
156,70,67,18
156,71,79,20
156,72,66,20
156,73,81,22
156,74,81,22
156,75,83,23
156,76,87,25
156,77,115,27
157,1,14,3
157,2,16,4
157,3,20,6
157,4,20,6
157,5,22,7
157,6,26,9
157,7,24,7
157,8,39,8
157,9,39,9
157,10,37,8
157,11,24,7
157,12,24,8
157,13,28,8
157,14,22,7
157,15,22,7
157,16,24,7
157,17,26,9
157,18,41,8
157,19,26,8
157,20,26,8
157,21,28,9
157,22,41,10
157,23,47,11
157,24,43,8
157,25,24,7
157,26,26,9
157,27,50,10
157,28,38,10
157,29,53,10
157,30,40,9
157,31,36,7
157,32,47,7
157,33,49,7
157,34,45,11
157,35,43,9
157,36,28,6
157,37,22,5
157,38,18,3
157,39,0,0
158,1,16,4
158,2,22,7
158,3,22,7
158,4,22,6
158,5,22,7
158,6,24,8
158,7,22,7
158,8,22,7
158,9,22,7
158,10,22,7
158,11,22,7
158,12,22,7
158,13,22,6
158,14,20,5
158,15,20,6
158,16,20,5
158,17,0,2
158,18,0,2
158,19,0,2
158,20,0,1
158,21,0,0
158,22,0,0
158,23,0,0
158,24,0,0
158,25,0,0
158,26,0,0
158,27,0,0
158,28,0,0
158,29,0,0
158,30,0,0
158,31,0,0
158,32,0,0
158,33,0,0
158,34,0,0
158,35,0,0
158,36,0,0
159,1,12,2
159,2,14,3
159,3,14,3
159,4,16,4
159,5,16,4
159,6,16,4
159,7,16,4
159,8,20,6
159,9,18,5
159,10,18,5
159,11,20,6
159,12,20,6
159,13,20,6
159,14,20,6
159,15,20,6
159,16,22,7
159,17,37,8
159,18,39,9
159,19,45,11
159,20,43,10
159,21,45,11
159,22,28,7
159,23,22,7
159,24,24,8
159,25,24,8
159,26,41,10
159,27,43,10
159,28,45,11
159,29,28,7
159,30,22,6
159,31,18,4
159,32,18,4
159,33,20,6
159,34,22,7
159,35,24,8
159,36,67,9
159,37,38,10
159,38,42,13
159,39,61,16
159,40,63,17
159,41,65,18
159,42,69,19
159,43,67,19
159,44,71,20
159,45,71,19
159,46,69,20
159,47,71,21
159,48,123,21
159,49,81,22
159,50,83,23
159,51,83,23
159,52,89,26
159,53,101,28
160,1,14,3
160,2,14,3
160,3,16,4
160,4,16,4
160,5,18,5
160,6,20,6
160,7,20,6
160,8,18,5
160,9,20,6
160,10,22,7
160,11,22,7
160,12,22,6
160,13,20,6
160,14,18,4
160,15,16,3
160,16,16,3
160,17,16,4
160,18,16,4
160,19,18,5
160,20,20,6
160,21,22,7
160,22,20,6
160,23,22,7
160,24,22,6
160,25,18,3
160,26,0,1
160,27,0,0
160,28,0,0
160,29,0,0
160,30,0,0
160,31,0,0
160,32,0,0
160,33,0,0
160,34,0,0
160,35,0,0
160,36,0,0
160,37,0,0
160,38,0,0
160,39,0,0
161,1,16,4
161,2,22,7
161,3,26,9
161,4,28,10
161,5,26,9
161,6,26,9
161,7,41,10
161,8,41,10
161,9,41,9
161,10,26,9
161,11,26,8
161,12,26,9
161,13,28,10
161,14,45,11
161,15,51,15
161,16,49,13
161,17,51,11
161,18,32,11
161,19,52,12
161,20,42,11
161,21,32,11
161,22,47,12
161,23,53,16
161,24,55,15
161,25,53,15
161,26,55,17
161,27,59,17
161,28,44,16
161,29,46,17
161,30,61,19
161,31,61,16
161,32,53,15
161,33,55,16
161,34,55,16
161,35,55,16
161,36,57,16
161,37,53,14
161,38,53,15
161,39,79,17
161,40,73,17
161,41,75,17
161,42,64,19
161,43,77,20
161,44,83,23
161,45,87,25
161,46,93,27
161,47,93,28
161,48,113,29
162,1,14,3
162,2,14,3
162,3,16,4
162,4,16,4
162,5,18,5
162,6,18,4
162,7,16,3
162,8,16,4
162,9,16,4
162,10,18,5
162,11,18,4
162,12,16,4
162,13,16,3
162,14,16,4
162,15,18,4
162,16,18,4
162,17,14,3
162,18,0,2
162,19,0,2
162,20,0,1
162,21,0,0
162,22,0,0
162,23,0,0
162,24,0,0
162,25,0,0
162,26,0,0
162,27,0,0
162,28,0,0
162,29,0,0
162,30,0,0
162,31,0,0
162,32,0,0
162,33,0,0
162,34,0,0
162,35,0,0
162,36,0,0
163,1,16,4
163,2,20,6
163,3,37,8
163,4,39,8
163,5,39,7
163,6,22,6
163,7,22,6
163,8,22,7
163,9,24,8
163,10,41,9
163,11,41,9
163,12,43,9
163,13,41,9
163,14,37,7
163,15,33,5
163,16,20,6
163,17,22,6
163,18,22,7
163,19,26,8
163,20,41,10
163,21,49,14
163,22,53,16
163,23,55,17
163,24,55,17
163,25,55,14
163,26,51,13
163,27,51,12
163,28,32,11
163,29,47,10
163,30,47,12
163,31,59,14
163,32,61,16
163,33,65,16
163,34,0,16
163,35,0,15
163,36,0,16
163,37,0,15
163,38,0,12
163,39,0,10
163,40,0,7
163,41,0,5
164,1,14,3
164,2,14,3
164,3,16,4
164,4,16,4
164,5,18,5
164,6,18,5
164,7,20,6
164,8,22,7
164,9,22,6
164,10,20,6
164,11,20,6
164,12,20,6
164,13,20,6
164,14,20,6
164,15,18,5
164,16,18,5
164,17,18,5
164,18,18,5
164,19,18,5
164,20,18,5
164,21,18,5
164,22,18,5
164,23,20,5
164,24,18,5
164,25,18,4
164,26,20,6
164,27,20,6
164,28,20,6
164,29,22,6
164,30,20,6
164,31,18,5
164,32,22,7
164,33,37,8
164,34,41,10
164,35,45,12
164,36,49,14
164,37,49,13
164,38,49,14
164,39,91,15
164,40,59,14
164,41,46,15
164,42,46,15
164,43,48,16
164,44,48,16
164,45,50,17
164,46,50,17
164,47,54,19
164,48,56,20
164,49,68,22
164,50,78,23
165,1,16,4
165,2,22,7
165,3,26,9
165,4,24,7
165,5,22,7
165,6,26,8
165,7,26,8
165,8,24,8
165,9,24,7
165,10,22,6
165,11,24,7
165,12,39,9
165,13,41,10
165,14,47,11
165,15,43,10
165,16,43,10
165,17,47,11
165,18,30,10
165,19,30,9
165,20,28,10
165,21,49,12
165,22,53,14
165,23,53,13
165,24,36,11
165,25,30,11
165,26,34,11
165,27,49,12
165,28,51,13
165,29,51,13
165,30,51,13
165,31,51,14
165,32,53,16
165,33,55,17
165,34,79,19
165,35,73,22
165,36,77,20
165,37,77,22
165,38,75,22
165,39,97,25
165,40,89,26
165,41,113,27
166,1,16,4
166,2,18,5
166,3,20,6
166,4,24,8
166,5,24,8
166,6,39,8
166,7,41,8
166,8,28,8
166,9,22,6
166,10,20,6
166,11,35,7
166,12,41,9
166,13,45,11
166,14,45,11
166,15,47,13
166,16,53,15
166,17,53,15
166,18,40,14
166,19,36,13
166,20,51,14
166,21,55,17
166,22,81,19
166,23,71,19
166,24,67,16
166,25,65,15
166,26,61,14
166,27,61,14
166,28,44,13
166,29,44,14
166,30,50,16
166,31,65,18
166,32,67,18
166,33,71,18
166,34,69,19
166,35,73,22
166,36,77,21
166,37,101,23
166,38,85,23
166,39,85,22
166,40,87,23
166,41,85,23
166,42,74,24
166,43,132,28
167,1,16,4
167,2,20,6
167,3,20,6
167,4,20,6
167,5,18,5
167,6,20,6
167,7,22,7
167,8,20,6
167,9,22,7
167,10,22,7
167,11,22,7
167,12,22,6
167,13,20,6
167,14,24,8
167,15,26,9
167,16,28,9
167,17,28,10
167,18,26,7
167,19,22,7
167,20,20,6
167,21,20,6
167,22,20,6
167,23,22,7
167,24,24,8
167,25,26,9
167,26,43,10
167,27,47,12
167,28,45,9
167,29,41,9
167,30,28,7
167,31,22,7
167,32,22,7
167,33,24,8
167,34,26,8
167,35,24,6
167,36,22,6
167,37,35,7
167,38,39,6
167,39,24,5
167,40,20,5
167,41,18,3
167,42,16,1
167,43,10,1
167,44,10,1
167,45,10,1
167,46,0,0
168,1,16,4
168,2,18,5
168,3,20,6
168,4,22,7
168,5,24,7
168,6,37,7
168,7,43,10
168,8,41,9
168,9,39,8
168,10,41,9
168,11,30,9
168,12,26,8
168,13,37,8
168,14,22,5
168,15,22,7
168,16,20,5
168,17,18,5
168,18,20,6
168,19,24,8
168,20,26,8
168,21,24,6
168,22,18,3
168,23,16,3
168,24,12,1
168,25,12,2
168,26,14,2
168,27,14,2
168,28,16,3
168,29,18,4
168,30,22,5
168,31,16,2
168,32,12,1
168,33,12,1
168,34,10,1
168,35,12,1
168,36,12,2
168,37,14,2
168,38,14,2
168,39,12,1
168,40,10,1
168,41,12,1
168,42,10,1
168,43,12,1
168,44,0,0
169,1,16,4
169,2,20,6
169,3,18,5
169,4,18,5
169,5,18,5
169,6,22,7
169,7,22,7
169,8,20,6
169,9,22,6
169,10,22,6
169,11,22,7
169,12,24,8
169,13,22,7
169,14,20,5
169,15,20,6
169,16,22,7
169,17,22,6
169,18,20,6
169,19,20,6
169,20,20,6
169,21,18,4
169,22,14,3
169,23,14,3
169,24,14,2
169,25,12,2
169,26,12,2
169,27,16,4
169,28,20,6
169,29,20,6
169,30,0,6
169,31,0,6
169,32,0,5
169,33,0,4
169,34,0,3
169,35,0,1
169,36,0,1
169,37,0,0
169,38,0,0
169,39,0,0
169,40,0,0
169,41,0,0
169,42,0,0
169,43,0,0
170,1,14,3
170,2,16,4
170,3,16,3
170,4,16,4
170,5,18,5
170,6,20,6
170,7,22,7
170,8,22,7
170,9,20,6
170,10,20,5
170,11,20,6
170,12,24,7
170,13,20,5
170,14,20,6
170,15,22,7
170,16,24,7
170,17,24,7
170,18,26,8
170,19,28,10
170,20,41,10
170,21,43,10
170,22,28,9
170,23,28,9
170,24,43,11
170,25,45,11
170,26,45,8
170,27,41,8
170,28,24,7
170,29,24,6
170,30,22,5
170,31,22,6
170,32,24,5
170,33,0,3
171,1,16,4
171,2,18,5
171,3,20,6
171,4,26,9
171,5,26,8
171,6,24,8
171,7,41,8
171,8,26,9
171,9,26,8
171,10,24,7
171,11,26,9
171,12,41,9
171,13,41,9
171,14,24,7
171,15,24,7
171,16,22,6
171,17,22,7
171,18,22,7
171,19,24,8
171,20,28,10
171,21,43,11
171,22,45,12
171,23,49,12
171,24,49,12
171,25,32,11
171,26,54,13
171,27,46,13
171,28,46,14
171,29,52,15
171,30,54,18
171,31,67,17
171,32,67,18
171,33,69,20
171,34,73,22
171,35,89,26
171,36,93,27
171,37,93,28
171,38,113,29
172,1,12,2
172,2,14,3
172,3,16,4
172,4,16,4
172,5,16,4
172,6,16,4
172,7,16,4
172,8,18,5
172,9,20,6
172,10,20,6
172,11,20,5
172,12,20,6
172,13,20,5
172,14,20,6
172,15,20,6
172,16,20,6
172,17,20,5
172,18,18,4
172,19,16,4
172,20,16,4
172,21,16,4
172,22,16,3
172,23,18,5
172,24,24,7
172,25,22,6
172,26,22,7
172,27,22,7
172,28,22,7
172,29,37,8
172,30,39,9
172,31,43,11
172,32,43,11
172,33,45,12
172,34,45,11
172,35,43,11
172,36,45,12
172,37,49,14
172,38,51,15
172,39,51,15
172,40,51,15
172,41,51,14
172,42,49,14
172,43,47,13
172,44,45,12
172,45,45,12
172,46,43,11
172,47,45,12
172,48,43,11
172,49,45,12
172,50,45,12
172,51,47,13
172,52,49,14
172,53,75,15
172,54,61,15
172,55,48,16
172,56,63,17
172,57,65,18
172,58,69,20
172,59,71,21
172,60,75,23
172,61,75,23
172,62,103,25
172,63,93,28
172,64,113,29
173,1,16,4
173,2,18,5
173,3,20,6
173,4,24,8
173,5,28,9
173,6,26,8
173,7,24,8
173,8,43,10
173,9,45,11
173,10,30,10
173,11,30,11
173,12,47,12
173,13,49,13
173,14,49,13
173,15,49,13
173,16,45,11
173,17,32,10
173,18,30,11
173,19,47,13
173,20,61,16
173,21,67,19
173,22,73,20
173,23,71,19
173,24,89,19
173,25,66,21
173,26,83,23
173,27,91,27
173,28,115,29
174,1,14,3
174,2,14,3
174,3,16,4
174,4,16,4
174,5,16,4
174,6,18,5
174,7,18,5
174,8,18,4
174,9,16,3
174,10,16,4
174,11,16,4
174,12,18,5
174,13,18,5
174,14,18,5
174,15,18,5
174,16,16,4
174,17,20,6
174,18,22,7
174,19,24,8
174,20,26,9
174,21,26,9
174,22,24,7
174,23,20,5
174,24,18,5
174,25,35,7
174,26,39,7
174,27,0,7
174,28,0,4
174,29,0,2
174,30,0,1
174,31,0,1
174,32,0,0
174,33,0,0
174,34,0,0
174,35,0,0
174,36,0,0
174,37,0,0
174,38,0,0
174,39,0,0
174,40,0,0
174,41,0,0
174,42,0,0
174,43,0,0
175,1,16,4
175,2,20,6
175,3,24,8
175,4,24,8
175,5,26,9
175,6,28,9
175,7,26,9
175,8,26,8
175,9,41,10
175,10,45,12
175,11,45,11
175,12,43,11
175,13,45,12
175,14,43,11
175,15,45,12
175,16,73,13
175,17,44,14
175,18,46,15
175,19,48,16
175,20,63,17
175,21,65,18
175,22,63,17
175,23,61,16
175,24,61,16
175,25,61,16
175,26,63,17
175,27,67,19
175,28,54,19
175,29,71,21
175,30,75,23
175,31,77,23
175,32,73,21
175,33,71,21
175,34,73,21
175,35,73,22
175,36,101,23
175,37,87,25
175,38,89,26
175,39,91,26
175,40,89,25
175,41,91,27
175,42,115,29
176,1,16,4
176,2,20,6
176,3,24,7
176,4,24,7
176,5,22,7
176,6,39,8
176,7,24,7
176,8,24,8
176,9,26,8
176,10,24,7
176,11,37,8
176,12,20,5
176,13,14,3
176,14,12,2
176,15,14,2
176,16,18,5
176,17,24,8
176,18,24,7
176,19,20,5
176,20,18,5
176,21,18,5
176,22,20,6
176,23,22,7
176,24,20,5
176,25,16,2
176,26,12,1
176,27,10,1
176,28,10,1
176,29,0,0
176,30,0,0
176,31,0,0
176,32,0,0
176,33,0,0
176,34,0,0
176,35,0,0
176,36,0,0
176,37,0,0
176,38,0,0
176,39,0,0
176,40,0,0
176,41,0,0
176,42,0,0
176,43,0,0
177,1,16,4
177,2,18,5
177,3,20,6
177,4,22,7
177,5,22,7
177,6,22,7
177,7,26,8
177,8,24,7
177,9,24,7
177,10,22,7
177,11,20,6
177,12,20,5
177,13,22,7
177,14,22,6
177,15,20,5
177,16,35,6
177,17,35,7
177,18,31,5
177,19,33,6
177,20,39,9
177,21,43,8
177,22,24,8
177,23,39,9
177,24,43,9
177,25,41,8
177,26,37,7
177,27,28,10
177,28,30,10
177,29,30,9
177,30,43,10
177,31,41,10
177,32,49,13
177,33,49,12
177,34,45,11
177,35,60,12
177,36,42,12
177,37,46,15
177,38,65,18
177,39,69,19
177,40,67,19
177,41,69,18
177,42,67,19
177,43,69,19
177,44,69,19
177,45,69,19
177,46,69,19
177,47,112,23
177,48,89,26
177,49,115,28
178,1,12,2
178,2,14,3
178,3,16,4
178,4,16,4
178,5,16,3
178,6,16,4
178,7,18,5
178,8,20,5
178,9,18,4
178,10,16,4
178,11,18,5
178,12,20,6
178,13,20,5
178,14,18,4
178,15,18,4
178,16,18,5
178,17,20,6
178,18,22,6
178,19,22,7
178,20,24,8
178,21,39,9
178,22,41,10
178,23,45,10
178,24,30,10
178,25,32,12
178,26,34,13
178,27,51,14
178,28,49,14
178,29,45,12
178,30,41,10
178,31,39,9
178,32,39,9
178,33,43,11
178,34,75,13
178,35,57,14
178,36,59,15
178,37,63,17
178,38,107,19
178,39,77,20
178,40,77,20
178,41,77,20
178,42,79,21
178,43,81,22
178,44,81,22
178,45,87,25
178,46,97,26
179,1,16,4
179,2,22,7
179,3,22,7
179,4,24,8
179,5,22,7
179,6,22,6
179,7,18,4
179,8,18,5
179,9,22,6
179,10,20,5
179,11,16,3
179,12,14,3
179,13,16,4
179,14,20,6
179,15,20,5
179,16,18,4
179,17,18,4
179,18,16,4
179,19,14,2
179,20,12,1
179,21,10,1
179,22,0,0
179,23,0,0
179,24,0,0
179,25,0,0
179,26,0,0
179,27,0,0
179,28,0,0
179,29,0,0
179,30,0,0
180,1,14,3
180,2,14,3
180,3,16,4
180,4,18,5
180,5,18,5
180,6,18,5
180,7,18,5
180,8,20,6
180,9,22,7
180,10,26,9
180,11,26,9
180,12,43,9
180,13,28,10
180,14,45,12
180,15,47,13
180,16,53,15
180,17,57,17
180,18,53,14
180,19,47,11
180,20,45,10
180,21,30,10
180,22,28,10
180,23,45,12
180,24,75,14
180,25,65,18
180,26,69,20
180,27,69,20
180,28,69,19
180,29,65,18
180,30,65,17
180,31,46,15
180,32,50,17
180,33,67,19
180,34,71,20
180,35,69,20
180,36,67,19
180,37,67,18
180,38,67,18
180,39,65,16
180,40,61,13
180,41,51,12
180,42,32,12
180,43,34,12
180,44,32,10
180,45,28,8
180,46,24,7
180,47,22,7
180,48,22,7
180,49,24,8
180,50,39,9
180,51,43,7
180,52,22,5
180,53,18,3
180,54,14,3
180,55,14,3
180,56,14,3
180,57,14,3
180,58,14,2
180,59,12,1
180,60,0,0
181,1,14,3
181,2,16,4
181,3,16,4
181,4,18,4
181,5,18,5
181,6,20,6
181,7,20,5
181,8,20,5
181,9,18,3
181,10,16,3
181,11,18,5
181,12,20,6
181,13,22,7
181,14,24,8
181,15,39,9
181,16,45,10
181,17,28,8
181,18,26,8
181,19,22,7
181,20,24,7
181,21,22,6
181,22,20,5
181,23,18,5
181,24,20,6
181,25,39,8
181,26,39,8
181,27,37,8
181,28,37,7
181,29,37,7
181,30,22,6
181,31,18,4
181,32,20,6
181,33,20,6
181,34,20,6
181,35,20,5
181,36,18,5
181,37,18,5
181,38,20,6
181,39,20,6
181,40,20,6
181,41,20,5
181,42,20,5
181,43,18,3
181,44,16,3
181,45,16,2
181,46,14,1
181,47,0,0
182,1,16,4
182,2,20,6
182,3,24,8
182,4,24,8
182,5,26,8
182,6,24,7
182,7,24,8
182,8,24,8
182,9,39,9
182,10,43,11
182,11,47,13
182,12,47,12
182,13,30,11
182,14,32,11
182,15,34,12
182,16,34,11
182,17,30,10
182,18,43,9
182,19,45,11
182,20,45,11
182,21,34,12
182,22,32,11
182,23,45,11
182,24,47,12
182,25,47,12
182,26,47,10
182,27,30,9
182,28,26,9
182,29,28,8
182,30,26,9
182,31,32,9
182,32,26,7
182,33,22,6
182,34,20,5
182,35,18,5
182,36,0,2
183,1,16,4
183,2,18,5
183,3,20,6
183,4,20,6
183,5,22,7
183,6,20,6
183,7,24,8
183,8,26,9
183,9,28,9
183,10,26,9
183,11,28,10
183,12,43,10
183,13,30,11
183,14,32,11
183,15,45,12
183,16,47,12
183,17,49,12
183,18,34,10
183,19,32,10
183,20,28,9
183,21,28,9
183,22,28,10
183,23,82,12
183,24,59,14
183,25,65,17
183,26,67,17
183,27,77,16
183,28,48,14
183,29,44,12
183,30,40,11
183,31,53,11
183,32,57,11
183,33,55,10
183,34,53,10
183,35,53,9
183,36,42,10
183,37,38,9
183,38,38,8
183,39,32,5
183,40,26,1
183,41,16,4
183,42,20,4
183,43,0,0
184,1,16,4
184,2,20,6
184,3,22,6
184,4,20,5
184,5,18,4
184,6,20,6
184,7,24,8
184,8,28,10
184,9,45,11
184,10,45,10
184,11,43,10
184,12,28,9
184,13,28,9
184,14,26,8
184,15,26,8
184,16,26,8
184,17,28,8
184,18,41,10
184,19,49,13
184,20,53,13
184,21,75,14
184,22,44,14
184,23,44,13
184,24,44,13
184,25,42,10
184,26,28,7
184,27,22,4
184,28,16,2
184,29,14,2
184,30,0,0
185,1,16,4
185,2,20,6
185,3,22,7
185,4,24,7
185,5,24,8
185,6,41,10
185,7,45,10
185,8,45,12
185,9,49,14
185,10,49,13
185,11,49,10
185,12,28,9
185,13,28,10
185,14,45,11
185,15,49,12
185,16,49,12
185,17,49,13
185,18,49,13
185,19,47,12
185,20,34,11
185,21,47,12
185,22,51,13
185,23,49,11
185,24,49,12
185,25,49,11
185,26,30,9
185,27,34,11
185,28,49,12
185,29,54,11
185,30,55,11
185,31,55,12
185,32,59,15
185,33,65,17
185,34,52,14
185,35,50,17
185,36,56,18
185,37,56,19
185,38,69,18
185,39,69,17
185,40,67,19
185,41,75,23
185,42,77,23
185,43,95,23
185,44,87,24
185,45,117,27
186,1,14,3
186,2,16,4
186,3,16,4
186,4,18,5
186,5,16,4
186,6,16,4
186,7,16,4
186,8,16,4
186,9,18,4
186,10,16,4
186,11,16,4
186,12,18,5
186,13,16,3
186,14,16,4
186,15,18,4
186,16,16,4
186,17,14,3
186,18,16,4
186,19,18,5
186,20,18,5
186,21,18,5
186,22,18,4
186,23,16,2
186,24,14,3
186,25,16,3
186,26,16,3
186,27,0,0
186,28,0,0
187,1,16,4
187,2,20,5
187,3,20,5
187,4,22,7
187,5,22,7
187,6,22,6
187,7,22,7
187,8,24,7
187,9,24,8
187,10,24,7
187,11,35,6
187,12,16,3
187,13,12,2
187,14,12,2
187,15,12,2
187,16,10,1
187,17,0,0
187,18,0,0
187,19,0,0
187,20,0,0
187,21,0,0
187,22,0,0
187,23,0,0
187,24,0,0
187,25,0,0
187,26,0,0
188,1,16,4
188,2,18,5
188,3,18,5
188,4,18,5
188,5,20,6
188,6,22,7
188,7,22,7
188,8,22,7
188,9,24,7
188,10,24,7
188,11,22,7
188,12,20,6
188,13,20,6
188,14,22,7
188,15,22,7
188,16,22,7
188,17,22,6
188,18,22,7
188,19,22,6
188,20,22,7
188,21,22,7
188,22,22,7
188,23,20,5
188,24,20,5
188,25,18,5
188,26,18,5
188,27,20,6
188,28,18,5
188,29,16,4
188,30,16,4
188,31,18,5
188,32,18,5
188,33,16,4
188,34,14,3
188,35,12,2
188,36,12,1
188,37,10,1
188,38,12,2
188,39,14,3
188,40,14,3
188,41,14,3
188,42,14,2
188,43,14,3
188,44,14,2
188,45,0,0
188,46,0,0
188,47,0,0
188,48,0,0
188,49,0,0
188,50,0,0
188,51,0,0
188,52,0,0
189,1,14,3
189,2,16,4
189,3,16,4
189,4,18,5
189,5,18,5
189,6,18,4
189,7,18,4
189,8,18,5
189,9,37,8
189,10,39,9
189,11,45,10
189,12,41,10
189,13,41,7
189,14,24,7
189,15,22,7
189,16,22,6
189,17,22,6
189,18,22,6
189,19,20,5
189,20,22,7
189,21,24,8
189,22,26,9
189,23,39,9
189,24,39,9
189,25,41,9
189,26,26,8
189,27,24,8
189,28,26,9
189,29,24,8
189,30,24,8
189,31,22,7
189,32,20,6
189,33,0,6
189,34,16,7
189,35,16,9
189,36,16,11
189,37,16,10
189,38,16,11
189,39,16,11
189,40,16,10
189,41,16,9
189,42,16,8
189,43,16,5
189,44,16,4
189,45,16,4
189,46,16,3
189,47,16,2
189,48,16,1
190,1,12,2
190,2,14,3
190,3,16,4
190,4,16,4
190,5,18,5
190,6,18,5
190,7,16,4
190,8,16,4
190,9,16,4
190,10,16,3
190,11,12,2
190,12,12,2
190,13,12,2
190,14,10,1
190,15,0,0
190,16,0,0
190,17,0,0
190,18,0,0
190,19,0,0
190,20,0,0
190,21,0,0
190,22,0,0
190,23,0,0
190,24,0,0
190,25,0,0
190,26,0,0
190,27,0,0
191,1,18,5
191,2,22,7
191,3,22,7
191,4,24,8
191,5,24,7
191,6,24,8
191,7,37,8
191,8,41,10
191,9,41,8
191,10,37,7
191,11,22,6
191,12,20,5
191,13,22,7
191,14,20,6
191,15,22,7
191,16,24,7
191,17,37,8
191,18,41,8
191,19,28,9
191,20,24,7
191,21,22,7
191,22,22,6
191,23,18,5
191,24,16,3
191,25,16,3
191,26,18,5
191,27,20,6
191,28,20,5
191,29,18,4
191,30,20,6
191,31,22,6
191,32,16,4
191,33,16,4
191,34,18,4
191,35,16,3
191,36,0,1
191,37,0,0
191,38,0,0
191,39,0,0
191,40,0,0
191,41,0,0
191,42,0,0
191,43,0,0
191,44,0,0
191,45,0,0
191,46,0,0
191,47,0,0
191,48,0,0
191,49,0,0
191,50,0,0
191,51,0,0
191,52,0,0
191,53,0,0
191,54,0,0
191,55,0,0
191,56,0,0
191,57,0,0
191,58,0,0
191,59,0,0
192,1,16,4
192,2,20,6
192,3,22,7
192,4,22,7
192,5,37,8
192,6,26,9
192,7,26,9
192,8,24,7
192,9,22,7
192,10,22,7
192,11,22,5
192,12,22,4
192,13,18,4
192,14,18,5
192,15,33,5
192,16,18,4
192,17,20,5
192,18,18,5
192,19,20,5
192,20,18,5
192,21,20,6
192,22,24,8
192,23,43,10
192,24,41,10
192,25,47,12
192,26,34,9
192,27,26,8
192,28,24,6
192,29,22,7
192,30,22,7
192,31,22,5
192,32,18,2
192,33,12,2
192,34,0,1
193,1,14,3
193,2,14,3
193,3,16,4
193,4,16,3
193,5,16,4
193,6,18,5
193,7,20,5
193,8,20,5
193,9,18,5
193,10,18,5
193,11,20,6
193,12,22,7
193,13,22,6
193,14,18,4
193,15,14,3
193,16,0,2
193,17,0,0
193,18,0,0
193,19,0,0
193,20,0,0
193,21,0,0
193,22,0,0
193,23,0,0
193,24,0,0
193,25,0,0
193,26,0,0
193,27,0,0
193,28,0,0
193,29,0,0
193,30,0,0
193,31,0,0
193,32,0,0
193,33,0,0
193,34,0,0
193,35,0,0
194,1,16,4
194,2,20,5
194,3,18,5
194,4,22,7
194,5,24,8
194,6,24,7
194,7,22,7
194,8,24,8
194,9,39,9
194,10,43,10
194,11,28,9
194,12,22,6
194,13,20,6
194,14,20,5
194,15,18,4
194,16,16,3
194,17,16,3
194,18,18,5
194,19,18,4
194,20,20,6
194,21,20,5
194,22,22,5
194,23,20,5
194,24,18,3
194,25,14,3
194,26,14,3
194,27,18,5
194,28,22,7
194,29,24,7
194,30,37,8
194,31,41,9
194,32,41,9
194,33,39,8
194,34,37,4
194,35,18,3
194,36,18,5
194,37,20,5
194,38,22,6
194,39,24,8
194,40,26,8
194,41,43,11
194,42,49,13
194,43,36,12
194,44,34,13
194,45,30,8
194,46,22,6
194,47,22,7
194,48,26,7
194,49,20,5
194,50,20,4
194,51,14,2
194,52,10,1
194,53,12,2
194,54,16,4
194,55,20,5
194,56,20,6
194,57,22,6
194,58,22,6
194,59,20,5
194,60,0,0
194,61,0,0
194,62,0,0
194,63,0,0
194,64,0,0
194,65,0,0
194,66,0,0
194,67,0,0
194,68,0,0
194,69,0,0
194,70,0,0
194,71,0,0
194,72,0,0
194,73,0,0
194,74,0,0
194,75,0,0
194,76,0,0
195,1,14,3
195,2,16,4
195,3,16,4
195,4,16,3
195,5,14,2
195,6,16,4
195,7,16,3
195,8,18,5
195,9,18,5
195,10,16,3
195,11,16,3
195,12,14,2
195,13,12,2
195,14,12,2
195,15,12,2
195,16,14,3
195,17,16,3
195,18,14,2
195,19,10,1
195,20,0,0
195,21,0,0
195,22,0,0
195,23,0,0
195,24,0,0
195,25,0,0
195,26,0,0
195,27,0,0
195,28,0,0
195,29,0,0
195,30,0,0
195,31,0,0
195,32,0,0
195,33,0,0
195,34,0,0
195,35,0,0
195,36,0,0
195,37,0,0
195,38,0,0
195,39,0,0
195,40,0,0
195,41,0,0
195,42,0,0
195,43,0,0
195,44,0,0
195,45,0,0
195,46,0,0
195,47,0,0
195,48,0,0
196,1,12,2
196,2,14,3
196,3,16,4
196,4,16,4
196,5,18,5
196,6,18,5
196,7,18,5
196,8,18,5
196,9,20,6
196,10,22,6
196,11,20,6
196,12,20,6
196,13,22,7
196,14,24,8
196,15,24,8
196,16,24,8
196,17,37,8
196,18,39,9
196,19,41,10
196,20,16,12
196,21,16,14
196,22,16,13
196,23,16,12
196,24,16,11
196,25,16,13
196,26,16,13
196,27,36,15
196,28,36,16
196,29,36,16
196,30,36,16
196,31,36,15
196,32,36,15
196,33,36,14
196,34,36,12
196,35,36,11
196,36,36,10
196,37,36,10
196,38,36,9
196,39,36,8
196,40,36,6
197,1,14,3
197,2,14,3
197,3,18,5
197,4,18,5
197,5,22,7
197,6,26,7
197,7,24,6
197,8,20,6
197,9,35,6
197,10,37,8
197,11,37,7
197,12,22,6
197,13,20,3
197,14,18,4
197,15,18,5
197,16,37,6
197,17,20,5
197,18,33,6
197,19,18,4
197,20,0,3
197,21,0,1
197,22,0,0
197,23,0,0
197,24,0,0
197,25,0,0
197,26,0,0
197,27,0,0
197,28,0,0
197,29,0,0
197,30,0,0
197,31,0,0
197,32,0,0
197,33,0,0
197,34,0,0
198,1,18,5
198,2,24,8
198,3,26,9
198,4,26,9
198,5,24,8
198,6,22,7
198,7,26,8
198,8,26,8
198,9,26,8
198,10,41,10
198,11,47,12
198,12,45,10
198,13,26,9
198,14,26,8
198,15,26,7
198,16,24,8
198,17,26,8
198,18,24,8
198,19,24,7
198,20,24,8
198,21,24,7
198,22,22,6
198,23,35,5
198,24,33,4
198,25,18,3
198,26,18,5
198,27,20,6
198,28,20,4
198,29,14,3
198,30,12,2
198,31,12,2
198,32,12,1
198,33,0,0
198,34,0,0
198,35,0,0
198,36,0,0
198,37,0,0
198,38,0,0
198,39,0,0
198,40,0,0
198,41,0,0
199,1,14,3
199,2,14,3
199,3,16,4
199,4,18,5
199,5,20,6
199,6,20,5
199,7,20,5
199,8,20,6
199,9,20,6
199,10,20,6
199,11,20,6
199,12,20,6
199,13,20,6
199,14,20,6
199,15,20,6
199,16,20,6
199,17,20,5
199,18,16,3
199,19,14,2
199,20,0,1
199,21,0,1
199,22,0,0
199,23,0,0
199,24,0,0
199,25,0,0
199,26,0,0
199,27,0,0
199,28,0,0
199,29,0,0
199,30,0,0
199,31,0,0
199,32,0,0
199,33,0,0
199,34,0,0
199,35,0,0
199,36,0,0
199,37,0,0
199,38,0,0
199,39,0,0
199,40,0,0
199,41,0,0
199,42,0,0
200,1,14,3
200,2,16,4
200,3,18,5
200,4,20,6
200,5,20,6
200,6,20,6
200,7,20,6
200,8,20,6
200,9,20,6
200,10,20,6
200,11,20,6
200,12,20,6
200,13,20,6
200,14,20,6
200,15,22,7
200,16,22,7
200,17,20,6
200,18,20,6
200,19,20,6
200,20,20,5
200,21,20,6
200,22,20,6
200,23,37,8
200,24,41,9
200,25,26,8
200,26,24,8
200,27,24,8
200,28,24,7
200,29,24,8
200,30,24,7
200,31,39,8
200,32,41,10
200,33,45,11
200,34,67,12
200,35,55,13
200,36,55,13
200,37,57,14
200,38,57,14
200,39,61,15
200,40,63,16
200,41,48,15
200,42,46,15
200,43,50,17
200,44,103,19
200,45,62,19
200,46,62,19
200,47,66,21
200,48,83,23
200,49,105,25
201,1,14,3
201,2,14,3
201,3,14,3
201,4,16,4
201,5,18,5
201,6,18,5
201,7,18,5
201,8,16,4
201,9,18,5
201,10,22,7
201,11,24,8
201,12,24,8
201,13,24,7
201,14,24,8
201,15,24,7
201,16,24,8
201,17,26,9
201,18,28,9
201,19,39,9
201,20,41,9
201,21,37,8
201,22,39,8
201,23,26,9
201,24,26,9
201,25,24,8
201,26,22,7
201,27,24,8
201,28,24,8
201,29,20,6
201,30,22,7
201,31,24,7
201,32,24,8
201,33,26,8
201,34,22,7
201,35,20,6
201,36,22,7
201,37,22,7
201,38,24,8
201,39,24,7
201,40,41,9
201,41,43,10
201,42,26,6
201,43,22,7
201,44,26,8
201,45,24,8
201,46,37,8
201,47,41,10
201,48,43,10
201,49,32,10
201,50,26,8
201,51,26,9
201,52,41,9
201,53,26,9
201,54,28,9
201,55,26,9
201,56,26,8
201,57,24,6
201,58,20,6
201,59,22,6
201,60,22,6
201,61,20,3
201,62,14,2
201,63,0,0
202,1,16,4
202,2,20,6
202,3,22,7
202,4,24,8
202,5,26,9
202,6,28,9
202,7,26,9
202,8,39,9
202,9,41,9
202,10,41,9
202,11,26,8
202,12,24,7
202,13,41,10
202,14,45,12
202,15,47,12
202,16,47,12
202,17,32,9
202,18,28,10
202,19,30,11
202,20,30,11
202,21,32,11
202,22,30,9
202,23,26,8
202,24,39,7
202,25,37,7
202,26,24,7
202,27,26,8
202,28,24,7
202,29,24,5
202,30,18,3
202,31,0,0
202,32,0,0
202,33,0,0
202,34,0,0
203,1,14,3
203,2,14,3
203,3,16,4
203,4,20,6
203,5,20,6
203,6,20,5
203,7,18,4
203,8,16,4
203,9,16,4
203,10,16,4
203,11,16,4
203,12,16,4
203,13,16,4
203,14,16,4
203,15,16,4
203,16,16,4
203,17,16,4
203,18,16,4
203,19,16,4
203,20,16,4
203,21,16,4
203,22,16,4
203,23,16,4
203,24,16,4
203,25,16,4
203,26,16,4
203,27,16,4
203,28,16,4
203,29,16,4
203,30,16,4
203,31,16,4
203,32,16,4
203,33,16,4
203,34,16,4
203,35,16,4
203,36,16,4
203,37,16,4
203,38,16,4
203,39,16,4
203,40,16,4
203,41,16,4
203,42,16,4
203,43,16,4
203,44,16,4
203,45,16,4
203,46,16,4
203,47,16,4
203,48,16,4
203,49,16,4
203,50,16,4
203,51,16,4
203,52,16,4
203,53,16,4
203,54,16,4
203,55,16,4
203,56,16,4
203,57,16,4
203,58,16,4
203,59,16,4
203,60,16,4
203,61,16,4
203,62,16,4
203,63,16,4
203,64,16,4
203,65,16,4
203,66,16,4
203,67,16,4
203,68,16,4
203,69,16,4
203,70,16,4
203,71,16,4
203,72,16,4
203,73,16,4
203,74,16,4
203,75,16,4
203,76,16,4
203,77,16,4
203,78,16,4
203,79,16,4
203,80,16,4
203,81,16,4
203,82,16,4
203,83,16,4
203,84,16,4
203,85,16,4
203,86,16,4
203,87,16,4
203,88,16,4
203,89,16,4
203,90,16,4
203,91,16,4
203,92,16,4
203,93,16,4
203,94,16,4
203,95,16,4
203,96,16,4
203,97,16,4
203,98,16,4
203,99,16,4
203,100,16,4
203,101,16,4
203,102,16,4
203,103,16,4
203,104,16,4
203,105,16,4
203,106,16,4
203,107,16,4
203,108,16,4
203,109,16,4
203,110,16,4
203,111,16,4
203,112,16,4
203,113,16,4
203,114,16,4
203,115,16,4
203,116,16,4
203,117,16,4
203,118,16,4
203,119,16,4
203,120,16,4
203,121,16,4
203,122,16,4
203,123,16,4
203,124,16,4
203,125,16,4
203,126,16,4
203,127,16,4
203,128,16,4
203,129,16,4
203,130,16,4
203,131,16,4
203,132,16,4
203,133,16,4
203,134,16,4
203,135,16,4
203,136,16,4
203,137,16,4
203,138,16,4
203,139,16,4
203,140,16,4
203,141,16,4
203,142,16,4
203,143,16,4
203,144,16,4
203,145,16,4
203,146,16,4
203,147,16,4
203,148,16,4
203,149,16,4
203,150,16,4
203,151,16,4
203,152,16,4
203,153,16,4
203,154,16,4
203,155,16,4
203,156,16,4
203,157,16,4
203,158,16,4
203,159,16,4
203,160,16,4
203,161,16,4
203,162,16,4
203,163,16,4
203,164,16,4
203,165,16,4
203,166,16,4
203,167,16,4
203,168,16,4
203,169,16,4
203,170,16,4
203,171,16,4
203,172,16,4
203,173,16,4
203,174,16,4
203,175,16,4
203,176,16,4
203,177,16,4
203,178,16,4
203,179,16,4
203,180,16,4
203,181,16,4
203,182,16,4
203,183,16,4
203,184,16,4
203,185,16,4
203,186,16,4
203,187,16,4
203,188,16,4
203,189,16,4
203,190,16,4
203,191,16,4
203,192,16,4
203,193,16,4
203,194,16,4
203,195,16,4
203,196,16,4
203,197,16,4
203,198,16,4
203,199,16,4
203,200,16,4
204,1,16,4
204,2,20,6
204,3,18,5
204,4,20,6
204,5,24,8
204,6,24,6
204,7,20,6
204,8,22,7
204,9,22,7
204,10,24,8
204,11,24,7
204,12,20,6
204,13,22,5
204,14,20,5
204,15,20,6
204,16,24,8
204,17,41,10
204,18,45,11
204,19,45,12
204,20,51,13
204,21,49,12
204,22,34,9
204,23,30,10
204,24,28,9
204,25,28,9
204,26,43,9
204,27,50,10
204,28,38,10
204,29,40,11
204,30,44,12
204,31,0,10
204,32,0,11
204,33,0,10
204,34,0,8
204,35,0,3
204,36,0,1
204,37,0,1
204,38,0,1
204,39,0,1
205,1,16,4
205,2,20,6
205,3,24,7
205,4,24,7
205,5,24,8
205,6,22,7
205,7,22,6
205,8,35,6
205,9,31,5
205,10,31,5
205,11,29,4
205,12,33,5
205,13,20,5
205,14,18,3
205,15,20,5
205,16,22,7
205,17,20,6
205,18,20,6
205,19,22,6
205,20,22,6
205,21,18,4
205,22,16,4
205,23,0,2
205,24,0,0
205,25,0,0
205,26,0,0
205,27,0,0
205,28,0,0
205,29,0,0
205,30,0,0
206,1,16,4
206,2,20,6
206,3,20,5
206,4,18,5
206,5,22,7
206,6,37,6
206,7,22,6
206,8,18,5
206,9,14,3
206,10,14,3
206,11,12,2
206,12,0,0
206,13,0,0
206,14,0,0
206,15,0,0
206,16,0,0
206,17,0,0
206,18,0,0
206,19,0,0
206,20,0,0
206,21,0,0
206,22,0,0
206,23,0,0
206,24,0,0
206,25,0,0
206,26,0,0
207,1,12,2
207,2,12,2
207,3,14,3
207,4,16,4
207,5,16,4
207,6,18,5
207,7,20,6
207,8,20,6
207,9,20,5
207,10,18,5
207,11,18,4
207,12,18,5
207,13,18,5
207,14,18,5
207,15,20,5
207,16,20,5
207,17,18,4
207,18,18,5
207,19,18,3
207,20,14,2
207,21,10,1
207,22,10,1
207,23,12,2
207,24,14,3
207,25,14,3
207,26,14,3
207,27,16,4
207,28,16,3
207,29,14,2
207,30,12,2
207,31,14,3
207,32,14,2
207,33,10,1
207,34,10,1
207,35,12,2
207,36,12,1
207,37,10,1
207,38,12,1
207,39,0,0
207,40,0,0
207,41,0,0
207,42,0,0
207,43,0,0
208,1,12,2
208,2,14,3
208,3,16,4
208,4,18,5
208,5,18,5
208,6,20,6
208,7,22,7
208,8,24,8
208,9,26,9
208,10,26,9
208,11,26,9
208,12,26,8
208,13,26,8
208,14,24,8
208,15,24,8
208,16,24,8
208,17,22,6
208,18,22,7
208,19,37,8
208,20,39,9
208,21,39,8
208,22,24,6
208,23,24,8
208,24,28,8
208,25,24,8
208,26,24,8
208,27,24,7
208,28,22,6
208,29,20,6
208,30,20,6
208,31,22,6
208,32,20,4
208,33,16,2
208,34,0,0
209,1,16,4
209,2,20,6
209,3,26,9
209,4,26,9
209,5,28,10
209,6,41,10
209,7,45,9
209,8,39,7
209,9,24,8
209,10,24,7
209,11,24,8
209,12,26,8
209,13,24,7
209,14,35,6
209,15,41,9
209,16,45,11
209,17,49,13
209,18,45,11
209,19,45,11
209,20,43,10
209,21,30,9
209,22,28,8
209,23,39,8
209,24,43,11
209,25,49,13
209,26,51,13
209,27,51,11
209,28,30,9
209,29,30,10
209,30,47,12
209,31,47,12
209,32,34,11
209,33,42,12
209,34,46,15
209,35,63,16
209,36,69,18
209,37,67,17
209,38,65,15
209,39,63,17
209,40,77,18
209,41,77,19
209,42,77,20
209,43,81,21
209,44,83,22
209,45,83,22
209,46,83,22
209,47,83,23
209,48,89,26
209,49,115,28
210,1,16,4
210,2,20,6
210,3,26,8
210,4,26,8
210,5,24,8
210,6,24,8
210,7,26,9
210,8,26,9
210,9,26,9
210,10,28,10
210,11,28,10
210,12,26,9
210,13,43,11
210,14,49,14
210,15,51,13
210,16,51,12
210,17,49,12
210,18,49,13
210,19,38,12
210,20,34,13
210,21,38,14
210,22,53,15
210,23,53,15
210,24,53,14
210,25,69,14
210,26,44,12
210,27,42,12
210,28,44,14
210,29,46,15
210,30,48,15
210,31,63,16
210,32,65,17
210,33,63,17
210,34,75,18
210,35,64,18
210,36,64,18
210,37,64,18
210,38,79,20
210,39,79,19
210,40,77,19
210,41,75,16
210,42,75,18
210,43,75,18
210,44,77,18
210,45,79,21
210,46,87,25
210,47,87,25
210,48,93,28
210,49,113,29
211,1,16,4
211,2,18,5
211,3,20,6
211,4,20,6
211,5,20,5
211,6,20,6
211,7,20,4
211,8,18,5
211,9,20,6
211,10,22,7
211,11,37,8
211,12,41,10
211,13,43,11
211,14,43,10
211,15,41,10
211,16,43,11
211,17,43,11
211,18,45,9
211,19,26,9
211,20,26,8
211,21,24,8
211,22,26,9
211,23,45,12
211,24,49,13
211,25,51,13
211,26,40,13
211,27,62,15
211,28,63,16
211,29,65,16
211,30,61,15
211,31,63,14
211,32,65,16
211,33,52,16
211,34,72,18
211,35,62,18
211,36,64,18
211,37,79,20
211,38,81,21
211,39,81,22
211,40,85,22
211,41,83,22
211,42,83,23
211,43,89,26
211,44,93,28
211,45,113,29
212,1,16,4
212,2,20,6
212,3,22,7
212,4,24,8
212,5,24,8
212,6,24,8
212,7,24,8
212,8,24,8
212,9,24,8
212,10,26,8
212,11,26,9
212,12,28,10
212,13,28,10
212,14,50,11
212,15,40,11
212,16,55,13
212,17,87,16
212,18,73,17
212,19,75,17
212,20,71,15
212,21,60,16
212,22,60,17
212,23,64,20
212,24,68,22
212,25,74,25
212,26,113,26
213,1,16,4
213,2,18,5
213,3,22,7
213,4,24,7
213,5,22,7
213,6,24,8
213,7,26,9
213,8,26,9
213,9,28,9
213,10,26,6
213,11,20,6
213,12,22,7
213,13,22,7
213,14,24,7
213,15,24,8
213,16,26,8
213,17,26,8
213,18,26,8
213,19,24,7
213,20,24,8
213,21,24,7
213,22,24,6
213,23,20,4
213,24,16,2
213,25,0,0
213,26,0,0
213,27,0,0
213,28,0,0
213,29,0,0
213,30,0,0
213,31,0,0
213,32,0,0
213,33,0,0
213,34,0,0
214,1,18,5
214,2,22,7
214,3,24,7
214,4,22,6
214,5,20,6
214,6,22,7
214,7,22,7
214,8,24,8
214,9,26,9
214,10,26,9
214,11,41,10
214,12,41,10
214,13,45,12
214,14,47,13
214,15,45,12
214,16,47,12
214,17,45,10
214,18,43,11
214,19,45,12
214,20,45,12
214,21,45,11
214,22,32,11
214,23,45,11
214,24,77,12
214,25,44,14
214,26,65,17
214,27,65,17
214,28,65,18
214,29,65,18
214,30,65,18
214,31,67,19
214,32,69,20
214,33,69,20
214,34,69,20
214,35,69,20
214,36,73,22
214,37,75,23
214,38,75,23
214,39,77,24
214,40,79,24
214,41,77,24
214,42,79,25
214,43,83,27
214,44,103,28
214,45,93,28
214,46,113,29
215,1,16,4
215,2,18,5
215,3,20,6
215,4,20,6
215,5,18,5
215,6,20,6
215,7,20,6
215,8,20,6
215,9,20,6
215,10,22,6
215,11,22,7
215,12,26,9
215,13,43,10
215,14,45,12
215,15,51,14
215,16,71,14
215,17,59,11
215,18,32,9
215,19,26,7
215,20,24,5
215,21,18,4
215,22,0,2
216,1,16,4
216,2,20,6
216,3,20,6
216,4,20,5
216,5,20,6
216,6,22,6
216,7,20,6
216,8,18,4
216,9,18,5
216,10,20,6
216,11,35,6
216,12,41,9
216,13,41,9
216,14,41,9
216,15,28,9
216,16,24,8
216,17,26,9
216,18,43,11
216,19,43,11
216,20,45,12
216,21,49,12
216,22,34,11
216,23,30,9
216,24,28,9
216,25,45,11
216,26,47,12
216,27,51,15
216,28,51,15
216,29,53,15
216,30,55,16
216,31,55,16
216,32,42,15
216,33,56,13
216,34,61,16
216,35,69,19
216,36,71,21
216,37,93,22
216,38,70,21
216,39,87,25
216,40,93,27
216,41,91,26
216,42,91,27
216,43,93,28
216,44,93,27
216,45,93,28
216,46,93,28
216,47,93,28
216,48,93,27
216,49,91,27
216,50,93,28
216,51,113,29
217,1,16,4
217,2,18,5
217,3,18,5
217,4,20,6
217,5,20,5
217,6,20,6
217,7,22,7
217,8,37,7
217,9,22,6
217,10,20,6
217,11,22,7
217,12,22,7
217,13,22,6
217,14,20,6
217,15,20,5
217,16,16,3
217,17,16,4
217,18,16,4
217,19,20,6
217,20,18,3
217,21,12,2
217,22,10,1
217,23,0,0
217,24,0,0
217,25,0,0
217,26,0,0
217,27,0,0
217,28,0,0
217,29,0,0
217,30,0,0
217,31,0,0
217,32,0,0
217,33,0,0
217,34,0,0
217,35,0,0
217,36,0,0
217,37,0,0
217,38,0,0
217,39,0,0
217,40,0,0
217,41,0,0
217,42,0,0
217,43,0,0
217,44,0,0
217,45,0,0
217,46,0,0
217,47,0,0
217,48,0,0
217,49,0,0
217,50,0,0
217,51,0,0
217,52,0,0
218,1,12,2
218,2,14,3
218,3,14,2
218,4,14,3
218,5,14,3
218,6,14,3
218,7,14,3
218,8,14,3
218,9,16,4
218,10,20,6
218,11,35,7
218,12,22,7
218,13,18,5
218,14,18,5
218,15,20,6
218,16,20,6
218,17,20,6
218,18,20,6
218,19,20,6
218,20,20,6
218,21,20,6
218,22,20,6
218,23,20,5
218,24,18,5
218,25,18,5
218,26,18,5
218,27,18,5
218,28,18,5
218,29,16,4
218,30,14,1
218,31,0,0
218,32,0,0
218,33,0,0
218,34,0,0
218,35,0,0
218,36,0,0
218,37,0,0
218,38,0,0
218,39,0,0
218,40,0,0
218,41,0,0
218,42,0,0
218,43,0,0
219,1,16,4
219,2,20,6
219,3,24,8
219,4,26,8
219,5,26,9
219,6,24,7
219,7,22,7
219,8,22,7
219,9,22,7
219,10,24,8
219,11,26,9
219,12,26,8
219,13,24,7
219,14,22,7
219,15,22,6
219,16,20,6
219,17,20,5
219,18,18,5
219,19,20,5
219,20,18,5
219,21,16,4
219,22,14,3
219,23,0,2
219,24,0,1
219,25,0,0
219,26,0,0
219,27,0,0
219,28,0,0
219,29,0,0
219,30,0,0
219,31,0,0
219,32,0,0
219,33,0,0
219,34,0,0
219,35,0,0
219,36,0,0
219,37,0,0
219,38,0,0
219,39,0,0
219,40,0,0
219,41,0,0
219,42,0,0
219,43,0,0
219,44,0,0
219,45,0,0
219,46,0,0
219,47,0,0
219,48,0,0
219,49,0,0
219,50,0,0
219,51,0,0
219,52,0,0
219,53,0,0
219,54,0,0
219,55,0,0
219,56,0,0
219,57,0,0
220,1,16,4
220,2,20,6
220,3,22,7
220,4,22,7
220,5,26,9
220,6,26,9
220,7,26,9
220,8,26,9
220,9,28,10
220,10,45,11
220,11,45,11
220,12,47,12
220,13,47,11
220,14,47,11
220,15,43,11
220,16,45,12
220,17,45,10
220,18,45,11
220,19,65,13
220,20,57,13
220,21,59,13
220,22,46,15
220,23,76,16
220,24,60,18
220,25,77,19
220,26,83,23
220,27,85,23
220,28,85,24
220,29,93,28
220,30,93,28
220,31,93,27
220,32,91,26
220,33,93,28
220,34,113,29
221,1,16,4
221,2,20,6
221,3,18,5
221,4,18,5
221,5,20,6
221,6,24,8
221,7,22,7
221,8,24,8
221,9,24,8
221,10,22,7
221,11,20,5
221,12,18,4
221,13,16,4
221,14,18,4
221,15,18,3
221,16,14,3
221,17,14,2
221,18,18,5
221,19,18,5
221,20,18,5
221,21,16,4
221,22,0,2
221,23,0,0
221,24,0,0
221,25,0,0
221,26,0,0
221,27,0,0
221,28,0,0
221,29,0,0
221,30,0,0
221,31,0,0
221,32,0,0
222,1,16,4
222,2,20,6
222,3,22,7
222,4,20,6
222,5,24,8
222,6,26,9
222,7,24,8
222,8,22,6
222,9,22,7
222,10,24,7
222,11,20,6
222,12,20,6
222,13,22,7
222,14,22,7
222,15,24,7
222,16,24,8
222,17,24,8
222,18,26,8
222,19,22,7
222,20,24,7
222,21,20,6
222,22,22,7
222,23,26,9
222,24,26,9
222,25,24,8
222,26,24,8
222,27,24,8
222,28,26,9
222,29,26,9
222,30,26,9
222,31,26,9
222,32,26,9
222,33,28,10
222,34,28,10
222,35,28,10
222,36,41,10
222,37,45,9
222,38,43,8
222,39,24,6
222,40,22,6
222,41,18,4
222,42,0,1
222,43,0,1
222,44,0,0
222,45,0,0
222,46,0,0
222,47,0,0
222,48,0,0
222,49,0,0
222,50,0,0
222,51,0,0
222,52,0,0
222,53,0,0
222,54,0,0
222,55,0,0
222,56,0,0
222,57,0,0
222,58,0,0
222,59,0,0
222,60,0,0
222,61,0,0
222,62,0,0
222,63,0,0
222,64,0,0
222,65,0,0
222,66,0,0
222,67,0,0
222,68,0,0
222,69,0,0
222,70,0,0
222,71,0,0
223,1,16,4
223,2,20,6
223,3,24,8
223,4,24,8
223,5,26,9
223,6,28,9
223,7,26,9
223,8,26,9
223,9,26,9
223,10,28,10
223,11,28,10
223,12,45,11
223,13,47,13
223,14,53,15
223,15,53,14
223,16,51,12
223,17,34,11
223,18,32,10
223,19,32,11
223,20,45,11
223,21,49,12
223,22,51,13
223,23,53,16
223,24,53,15
223,25,53,14
223,26,36,8
223,27,24,7
223,28,26,8
223,29,24,7
223,30,24,7
223,31,39,9
223,32,67,10
223,33,51,9
223,34,38,9
223,35,38,9
223,36,38,9
223,37,36,8
223,38,34,7
223,39,24,6
223,40,22,6
223,41,20,4
223,42,18,2
223,43,12,1
223,44,10,1
223,45,10,1
223,46,10,1
223,47,12,1
223,48,10,1
223,49,10,1
223,50,10,1
223,51,10,1
223,52,10,1
223,53,12,2
223,54,16,1
223,55,10,1
223,56,12,2
223,57,12,1
223,58,0,0
224,1,16,4
224,2,20,6
224,3,20,6
224,4,24,8
224,5,24,7
224,6,24,7
224,7,26,9
224,8,26,9
224,9,26,8
224,10,26,8
224,11,24,7
224,12,20,6
224,13,22,7
224,14,39,9
224,15,47,11
224,16,47,12
224,17,36,10
224,18,32,10
224,19,34,13
224,20,36,12
224,21,32,11
224,22,32,10
224,23,32,11
224,24,36,11
224,25,34,9
224,26,30,11
224,27,34,9
224,28,41,7
224,29,39,9
224,30,43,8
224,31,37,5
224,32,31,3
224,33,16,2
224,34,16,3
224,35,14,2
224,36,0,0
224,37,0,0
225,1,16,4
225,2,20,6
225,3,20,5
225,4,18,5
225,5,20,6
225,6,20,6
225,7,20,5
225,8,33,4
225,9,18,4
225,10,18,5
225,11,22,7
225,12,22,7
225,13,24,8
225,14,39,9
225,15,45,11
225,16,43,9
225,17,26,7
225,18,22,7
225,19,20,6
225,20,24,8
225,21,26,9
225,22,24,7
225,23,35,6
225,24,33,6
225,25,33,5
225,26,29,4
225,27,29,4
225,28,29,4
225,29,29,3
225,30,12,2
225,31,12,2
225,32,16,4
225,33,16,4
225,34,16,4
225,35,14,2
225,36,0,1
225,37,0,1
225,38,0,1
225,39,0,0
225,40,0,0
225,41,0,0
225,42,0,0
226,1,16,4
226,2,20,6
226,3,22,7
226,4,24,8
226,5,22,7
226,6,24,8
226,7,26,8
226,8,26,6
226,9,20,5
226,10,24,8
226,11,28,9
226,12,67,11
226,13,55,12
226,14,59,14
226,15,46,12
226,16,40,11
226,17,40,12
226,18,59,14
226,19,65,18
226,20,93,21
226,21,79,21
226,22,83,22
226,23,83,22
226,24,72,21
226,25,113,22
227,1,14,3
227,2,16,4
227,3,18,5
227,4,20,6
227,5,20,6
227,6,20,6
227,7,20,6
227,8,20,6
227,9,20,5
227,10,22,7
227,11,22,7
227,12,22,7
227,13,22,7
227,14,22,7
227,15,22,7
227,16,22,7
227,17,22,7
227,18,22,7
227,19,22,7
227,20,22,7
227,21,22,7
227,22,22,7
227,23,24,8
227,24,69,10
227,25,40,12
227,26,44,14
227,27,50,17
227,28,52,18
227,29,67,19
227,30,71,20
227,31,71,21
227,32,73,22
227,33,77,24
227,34,75,22
227,35,77,24
227,36,81,26
227,37,105,28
227,38,93,28
227,39,113,29
228,1,16,4
228,2,20,6
228,3,20,6
228,4,22,7
228,5,26,8
228,6,39,8
228,7,43,11
228,8,47,12
228,9,49,11
228,10,45,9
228,11,28,8
228,12,28,9
228,13,28,8
228,14,24,5
228,15,37,8
228,16,43,10
228,17,45,10
228,18,49,11
228,19,45,8
228,20,26,7
228,21,39,7
228,22,28,8
228,23,24,7
228,24,24,8
228,25,24,7
228,26,24,5
228,27,35,7
228,28,39,8
228,29,39,6
228,30,20,2
228,31,12,1
228,32,10,1
228,33,10,1
228,34,14,3
228,35,20,5
228,36,22,5
228,37,18,3
228,38,0,2
229,1,16,4
229,2,22,6
229,3,22,6
229,4,24,8
229,5,24,8
229,6,24,8
229,7,24,7
229,8,24,7
229,9,39,8
229,10,24,8
229,11,24,8
229,12,24,8
229,13,24,8
229,14,28,10
229,15,30,11
229,16,30,10
229,17,45,10
229,18,43,10
229,19,41,7
229,20,24,7
229,21,24,6
229,22,20,4
229,23,16,2
229,24,0,1
230,1,16,4
230,2,20,6
230,3,20,6
230,4,24,8
230,5,26,9
230,6,24,7
230,7,22,6
230,8,35,7
230,9,37,6
230,10,33,4
230,11,16,4
230,12,16,4
230,13,18,5
230,14,20,6
230,15,22,6
230,16,18,3
230,17,14,3
230,18,14,3
230,19,12,2
230,20,12,2
230,21,12,2
230,22,12,2
230,23,12,2
230,24,10,1
230,25,0,0
230,26,0,0
230,27,0,0
230,28,0,0
230,29,0,0
230,30,0,0
230,31,0,0
230,32,0,0
230,33,0,0
230,34,0,0
230,35,0,0
230,36,0,0
230,37,0,0
230,38,0,0
230,39,0,0
230,40,0,0
230,41,0,0
230,42,0,0
230,43,0,0
230,44,0,0
230,45,0,0
230,46,0,0
230,47,0,0
230,48,0,0
230,49,0,0
230,50,0,0
230,51,0,0
230,52,0,0
230,53,0,0
230,54,0,0
231,1,16,4
231,2,22,7
231,3,24,8
231,4,24,8
231,5,24,7
231,6,20,6
231,7,37,8
231,8,22,7
231,9,22,6
231,10,20,6
231,11,18,5
231,12,20,6
231,13,24,8
231,14,24,8
231,15,24,8
231,16,24,7
231,17,24,8
231,18,26,9
231,19,24,8
231,20,22,5
231,21,22,6
231,22,20,5
231,23,22,6
231,24,22,5
231,25,18,2
231,26,0,0
231,27,0,0
231,28,0,0
231,29,0,0
231,30,0,0
232,1,14,3
232,2,16,4
232,3,18,5
232,4,18,5
232,5,35,7
232,6,35,6
232,7,22,5
232,8,16,3
232,9,16,4
232,10,18,5
232,11,18,5
232,12,18,5
232,13,18,4
232,14,18,5
232,15,18,4
232,16,18,5
232,17,33,5
232,18,18,4
232,19,18,5
232,20,20,6
232,21,20,4
232,22,18,4
232,23,16,2
232,24,14,3
232,25,16,2
232,26,0,0
232,27,0,0
232,28,0,0
232,29,0,0
233,1,16,4
233,2,20,5
233,3,18,4
233,4,20,6
233,5,24,8
233,6,20,6
233,7,20,5
233,8,20,6
233,9,24,7
233,10,37,8
233,11,41,10
233,12,45,11
233,13,41,9
233,14,35,7
233,15,18,4
233,16,16,3
233,17,18,4
233,18,22,7
233,19,22,6
233,20,22,4
233,21,18,5
233,22,20,5
233,23,20,6
233,24,16,3
233,25,12,1
233,26,10,1
233,27,12,2
233,28,18,5
233,29,18,4
233,30,18,3
233,31,14,2
233,32,12,1
233,33,12,2
233,34,16,4
233,35,22,7
233,36,22,6
233,37,20,6
233,38,33,5
233,39,35,5
233,40,22,7
233,41,26,7
233,42,26,7
233,43,24,6
233,44,20,4
233,45,16,1
233,46,16,4
233,47,18,5
233,48,18,2
233,49,12,1
233,50,10,1
233,51,12,1
233,52,0,0
234,1,12,2
234,2,14,3
234,3,16,4
234,4,16,3
234,5,14,3
234,6,14,3
234,7,18,5
234,8,20,6
234,9,22,7
234,10,22,7
234,11,22,7
234,12,20,5
234,13,18,4
234,14,18,4
234,15,18,5
234,16,18,5
234,17,16,3
234,18,12,1
234,19,10,1
234,20,0,0
234,21,0,0
234,22,0,0
234,23,0,0
234,24,0,0
234,25,0,0
234,26,0,0
234,27,0,0
234,28,0,0
234,29,0,0
234,30,0,0
234,31,0,0
235,1,16,4
235,2,20,6
235,3,24,8
235,4,24,7
235,5,22,6
235,6,18,5
235,7,18,4
235,8,16,4
235,9,18,5
235,10,22,7
235,11,35,7
235,12,39,9
235,13,41,9
235,14,26,8
235,15,22,6
235,16,24,7
235,17,39,8
235,18,37,7
235,19,20,6
235,20,20,5
235,21,20,5
235,22,16,4
235,23,0,1
235,24,0,0
235,25,0,0
235,26,0,0
235,27,0,0
235,28,0,0
235,29,0,0
235,30,0,0
235,31,0,0
235,32,0,0
235,33,0,0
235,34,0,0
235,35,0,0
235,36,0,0
236,1,16,4
236,2,20,6
236,3,26,9
236,4,26,9
236,5,26,9
236,6,28,10
236,7,28,10
236,8,43,11
236,9,49,13
236,10,49,13
236,11,47,13
236,12,47,13
236,13,49,13
236,14,34,11
236,15,28,10
236,16,43,10
236,17,73,14
236,18,61,16
236,19,63,15
236,20,63,14
236,21,48,16
236,22,52,17
236,23,74,20
236,24,70,22
236,25,87,23
236,26,89,24
236,27,89,26
236,28,93,28
236,29,113,29
237,1,16,4
237,2,20,6
237,3,26,8
237,4,26,8
237,5,26,9
237,6,41,9
237,7,26,8
237,8,24,8
237,9,24,7
237,10,22,7
237,11,37,8
237,12,39,8
237,13,41,9
237,14,43,10
237,15,45,11
237,16,51,15
237,17,53,14
237,18,51,14
237,19,36,9
237,20,28,10
237,21,43,10
237,22,47,12
237,23,49,13
237,24,49,12
237,25,43,11
237,26,41,9
237,27,28,8
237,28,28,9
237,29,30,9
237,30,45,10
237,31,49,14
237,32,73,14
237,33,59,12
237,34,44,12
237,35,40,11
237,36,38,10
237,37,55,13
237,38,59,14
237,39,63,15
237,40,61,12
237,41,55,12
237,42,55,11
237,43,40,11
237,44,42,12
237,45,42,11
237,46,40,9
237,47,51,10
237,48,55,10
237,49,38,7
237,50,30,6
237,51,28,5
237,52,30,4
237,53,28,5
237,54,30,5
237,55,0,4
237,56,0,2
237,57,0,1
237,58,0,0
238,1,16,4
238,2,20,6
238,3,24,7
238,4,24,7
238,5,24,7
238,6,24,8
238,7,26,8
238,8,26,9
238,9,43,10
238,10,47,12
238,11,47,11
238,12,45,10
238,13,30,10
238,14,30,10
238,15,32,11
238,16,52,13
238,17,61,16
238,18,67,18
238,19,69,19
238,20,69,17
238,21,70,17
238,22,60,17
238,23,64,20
238,24,81,22
238,25,85,23
238,26,91,27
238,27,113,28
239,1,16,4
239,2,22,7
239,3,24,8
239,4,26,8
239,5,22,7
239,6,22,7
239,7,22,7
239,8,22,7
239,9,24,8
239,10,24,8
239,11,26,9
239,12,26,9
239,13,26,8
239,14,24,8
239,15,24,8
239,16,24,7
239,17,22,6
239,18,20,6
239,19,22,6
239,20,0,5
239,21,0,5
239,22,14,6
239,23,14,7
239,24,14,7
239,25,14,6
239,26,14,6
239,27,14,6
239,28,14,6
239,29,14,7
239,30,14,8
239,31,14,9
239,32,14,8
239,33,14,9
239,34,14,10
239,35,14,10
239,36,14,9
239,37,14,8
239,38,14,7
239,39,14,6
239,40,14,6
239,41,14,6
239,42,14,3
239,43,14,2
239,44,14,2
239,45,14,2
239,46,14,2
239,47,14,2
239,48,14,2
239,49,14,2
239,50,14,2
239,51,14,2
239,52,14,2
239,53,14,2
239,54,14,1
239,55,14,1
239,56,14,1
239,57,14,1
239,58,14,1
239,59,14,1
239,60,14,1
239,61,14,1
239,62,14,1
239,63,14,1
239,64,14,1
239,65,14,1
239,66,14,1
239,67,14,1
239,68,14,1
239,69,14,1
239,70,14,1
239,71,14,0
239,72,14,0
239,73,14,0
239,74,14,0
239,75,14,0
239,76,14,0
239,77,14,0
239,78,14,0
240,1,16,4
240,2,20,6
240,3,24,7
240,4,24,7
240,5,22,7
240,6,22,7
240,7,20,6
240,8,24,8
240,9,41,8
240,10,24,7
240,11,20,5
240,12,20,5
240,13,22,7
240,14,22,7
240,15,22,7
240,16,22,6
240,17,20,5
240,18,18,4
240,19,16,3
240,20,14,3
240,21,12,1
240,22,12,2
240,23,14,3
240,24,14,2
240,25,0,0
240,26,0,0
240,27,0,0
240,28,0,0
240,29,0,0
240,30,0,0
240,31,0,0
240,32,0,0
240,33,0,0
241,1,12,2
241,2,12,2
241,3,14,3
241,4,16,4
241,5,16,4
241,6,18,5
241,7,20,6
241,8,18,5
241,9,16,4
241,10,16,4
241,11,16,4
241,12,18,5
241,13,20,5
241,14,20,5
241,15,20,6
241,16,22,7
241,17,22,7
241,18,26,9
241,19,26,9
241,20,39,9
241,21,37,8
241,22,37,7
241,23,22,6
241,24,20,6
241,25,20,6
241,26,20,6
241,27,20,6
241,28,18,5
241,29,16,4
241,30,12,2
241,31,10,1
241,32,10,1
241,33,10,1
241,34,12,1
241,35,0,0
241,36,0,0
241,37,0,0
241,38,0,0
241,39,0,0
241,40,0,0
241,41,0,0
241,42,0,0
241,43,0,0
241,44,0,0
241,45,0,0
241,46,0,0
241,47,0,0
241,48,0,0
241,49,0,0
241,50,0,0
241,51,0,0
241,52,0,0
241,53,0,0
241,54,0,0
241,55,0,0
241,56,0,0
241,57,0,0
241,58,0,0
241,59,0,0
241,60,0,0
241,61,0,0
241,62,0,0
241,63,0,0
241,64,0,0
241,65,0,0
241,66,0,0
241,67,0,0
241,68,0,0
241,69,0,0
241,70,0,0
241,71,0,0
241,72,0,0
241,73,0,0
241,74,0,0
241,75,0,0
242,1,16,4
242,2,20,6
242,3,24,8
242,4,24,8
242,5,22,7
242,6,24,8
242,7,26,9
242,8,28,10
242,9,28,10
242,10,45,11
242,11,50,11
242,12,38,11
242,13,40,12
242,14,44,14
242,15,46,14
242,16,61,16
242,17,69,19
242,18,69,19
242,19,89,20
242,20,77,19
242,21,77,19
242,22,79,20
242,23,81,20
242,24,81,21
242,25,117,24
243,1,16,4
243,2,22,7
243,3,28,9
243,4,26,9
243,5,26,9
243,6,28,10
243,7,43,10
243,8,43,10
243,9,49,13
243,10,49,13
243,11,45,12
243,12,45,12
243,13,47,11
243,14,32,11
243,15,32,12
243,16,47,13
243,17,53,14
243,18,51,14
243,19,51,14
243,20,51,13
243,21,49,13
243,22,51,14
243,23,51,15
243,24,53,15
243,25,34,12
243,26,28,10
243,27,30,11
243,28,67,14
243,29,63,16
243,30,65,16
243,31,61,15
243,32,63,16
243,33,52,15
243,34,48,14
243,35,61,16
243,36,65,16
243,37,65,17
243,38,67,18
243,39,71,19
243,40,71,21
243,41,73,21
243,42,73,21
243,43,75,22
243,44,79,22
243,45,77,22
243,46,81,26
243,47,91,25
243,48,91,26
243,49,89,26
243,50,93,28
243,51,113,29
244,1,16,4
244,2,22,7
244,3,26,8
244,4,24,7
244,5,24,8
244,6,26,9
244,7,28,9
244,8,26,8
244,9,39,9
244,10,43,10
244,11,43,10
244,12,28,10
244,13,28,9
244,14,41,10
244,15,47,11
244,16,47,11
244,17,43,11
244,18,47,9
244,19,28,9
244,20,26,8
244,21,24,7
244,22,20,5
244,23,18,5
244,24,22,7
244,25,37,7
244,26,35,5
244,27,0,2
244,28,0,2
244,29,0,1
244,30,0,0
244,31,0,0
244,32,0,0
244,33,0,0
244,34,0,0
244,35,0,0
244,36,0,0
244,37,0,0
244,38,0,0
244,39,0,0
244,40,0,0
244,41,0,0
244,42,0,0
244,43,0,0
244,44,0,0
244,45,0,0
244,46,0,0
244,47,0,0
244,48,0,0
244,49,0,0
245,1,16,4
245,2,20,6
245,3,24,7
245,4,20,6
245,5,22,7
245,6,39,8
245,7,43,10
245,8,47,12
245,9,43,10
245,10,28,8
245,11,26,9
245,12,28,9
245,13,30,11
245,14,69,15
245,15,67,16
245,16,50,14
245,17,48,15
245,18,63,16
245,19,67,17
245,20,65,18
245,21,67,18
245,22,69,18
245,23,67,17
245,24,63,15
245,25,50,16
245,26,97,19
245,27,79,21
245,28,85,24
245,29,87,25
245,30,93,28
245,31,113,29
246,1,16,4
246,2,18,5
246,3,20,6
246,4,22,7
246,5,24,8
246,6,24,7
246,7,22,7
246,8,22,7
246,9,20,6
246,10,20,6
246,11,22,7
246,12,24,8
246,13,26,8
246,14,43,9
246,15,30,9
246,16,28,8
246,17,26,9
246,18,26,9
246,19,41,9
246,20,26,8
246,21,20,6
246,22,24,8
246,23,28,10
246,24,45,11
246,25,49,12
246,26,45,11
246,27,26,8
246,28,37,7
246,29,37,8
246,30,39,8
246,31,37,8
246,32,39,9
246,33,39,9
246,34,39,8
246,35,35,6
246,36,31,4
246,37,12,2
246,38,10,1
246,39,12,2
246,40,18,5
246,41,22,6
246,42,20,5
246,43,16,3
246,44,12,2
246,45,10,1
246,46,14,3
246,47,16,3
246,48,0,1
247,1,14,3
247,2,16,4
247,3,16,4
247,4,16,4
247,5,16,4
247,6,16,4
247,7,18,5
247,8,20,6
247,9,20,6
247,10,18,5
247,11,18,4
247,12,16,4
247,13,16,4
247,14,16,4
247,15,16,4
247,16,14,3
247,17,10,1
247,18,10,1
247,19,12,1
247,20,10,1
247,21,0,0
247,22,0,0
247,23,0,0
247,24,0,0
247,25,0,0
247,26,0,0
247,27,0,0
247,28,0,0
247,29,0,0
247,30,0,0
247,31,0,0
247,32,0,0
247,33,0,0
247,34,0,0
247,35,0,0
247,36,0,0
247,37,0,0
247,38,0,0
247,39,0,0
247,40,0,0
248,1,16,4
248,2,22,7
248,3,24,8
248,4,26,8
248,5,22,6
248,6,22,7
248,7,22,7
248,8,20,6
248,9,20,6
248,10,22,7
248,11,22,7
248,12,24,8
248,13,24,8
248,14,22,7
248,15,20,6
248,16,22,7
248,17,24,7
248,18,20,6
248,19,22,7
248,20,24,8
248,21,22,7
248,22,22,7
248,23,26,8
248,24,26,9
248,25,26,8
248,26,24,8
248,27,41,10
248,28,43,11
248,29,43,10
248,30,43,10
248,31,30,10
248,32,28,10
248,33,28,9
248,34,26,7
248,35,22,4
248,36,18,3
248,37,14,2
248,38,0,1
248,39,0,1
248,40,0,1
248,41,0,1
248,42,0,0
248,43,0,0
248,44,0,0
248,45,0,0
249,1,16,4
249,2,20,6
249,3,22,7
249,4,24,8
249,5,26,8
249,6,24,8
249,7,24,7
249,8,22,7
249,9,22,7
249,10,22,7
249,11,22,7
249,12,24,8
249,13,22,6
249,14,18,5
249,15,16,3
249,16,14,3
249,17,14,3
249,18,20,6
249,19,39,9
249,20,43,11
249,21,47,11
249,22,43,10
249,23,43,10
249,24,28,7
249,25,22,5
249,26,20,5
249,27,20,6
249,28,22,7
249,29,20,5
249,30,18,3
249,31,16,4
249,32,0,3
249,33,0,4
249,34,0,4
249,35,0,3
249,36,0,1
249,37,0,1
249,38,0,0
249,39,0,0
249,40,0,0
249,41,0,0
249,42,0,0
249,43,0,0
249,44,0,0
249,45,0,0
249,46,0,0
249,47,0,0
249,48,0,0
249,49,0,0
249,50,0,0
249,51,0,0
249,52,0,0
249,53,0,0
250,1,14,3
250,2,14,3
250,3,16,4
250,4,18,4
250,5,16,3
250,6,14,3
250,7,14,3
250,8,16,4
250,9,16,3
250,10,16,4
250,11,18,4
250,12,16,4
250,13,14,3
250,14,14,3
250,15,16,4
250,16,16,3
250,17,12,2
250,18,12,2
250,19,12,1
250,20,0,0
250,21,0,0
250,22,0,0
250,23,0,0
250,24,0,0
250,25,0,0
250,26,0,0
251,1,16,4
251,2,20,6
251,3,22,7
251,4,22,7
251,5,20,6
251,6,20,6
251,7,20,6
251,8,20,6
251,9,18,5
251,10,18,5
251,11,20,6
251,12,22,7
251,13,37,8
251,14,39,9
251,15,37,8
251,16,20,5
251,17,18,4
251,18,16,4
251,19,18,3
251,20,0,3
251,21,0,2
251,22,0,2
251,23,0,1
251,24,0,0
251,25,0,0
251,26,0,0
252,1,14,3
252,2,16,3
252,3,16,4
252,4,18,4
252,5,16,4
252,6,16,3
252,7,18,4
252,8,18,4
252,9,16,3
252,10,14,2
252,11,16,4
252,12,18,5
252,13,18,5
252,14,20,6
252,15,35,7
252,16,39,9
252,17,37,7
252,18,35,6
252,19,24,6
252,20,20,6
252,21,24,7
252,22,24,7
252,23,22,6
252,24,20,4
252,25,16,2
252,26,0,0
252,27,0,0
252,28,0,0
252,29,0,0
252,30,0,0
252,31,0,0
252,32,0,0
252,33,0,0
252,34,0,0
252,35,0,0
252,36,0,0
253,1,16,4
253,2,18,5
253,3,22,7
253,4,24,7
253,5,22,6
253,6,22,7
253,7,22,6
253,8,20,5
253,9,18,5
253,10,18,5
253,11,18,5
253,12,18,5
253,13,20,6
253,14,20,6
253,15,20,6
253,16,20,6
253,17,20,6
253,18,20,6
253,19,20,6
253,20,20,6
253,21,20,6
253,22,20,6
253,23,20,6
253,24,20,6
253,25,20,6
253,26,20,6
253,27,20,6
253,28,20,6
253,29,20,6
253,30,20,6
253,31,20,6
253,32,20,6
253,33,20,6
253,34,20,6
253,35,20,6
253,36,20,6
253,37,20,6
253,38,20,6
253,39,20,6
253,40,20,6
253,41,20,6
253,42,20,6
253,43,20,6
253,44,20,6
253,45,20,6
253,46,20,6
253,47,20,6
253,48,20,6
253,49,20,6
253,50,20,6
253,51,20,6
253,52,20,6
253,53,20,6
253,54,20,6
253,55,20,6
253,56,20,6
253,57,20,6
253,58,20,6
253,59,20,6
253,60,20,6
253,61,20,6
253,62,20,6
253,63,20,6
253,64,20,6
253,65,20,6
253,66,20,6
253,67,20,6
253,68,20,6
253,69,20,6
253,70,20,6
253,71,20,6
253,72,20,6
253,73,20,6
253,74,20,6
253,75,20,6
253,76,20,6
253,77,20,6
253,78,20,6
253,79,20,6
253,80,20,6
253,81,20,6
253,82,20,6
253,83,20,6
253,84,20,6
253,85,20,6
253,86,20,6
253,87,20,6
253,88,20,6
253,89,20,6
253,90,20,6
253,91,20,6
253,92,20,6
253,93,20,6
253,94,20,6
253,95,20,6
253,96,20,6
253,97,20,6
253,98,20,6
253,99,20,6
253,100,20,6
253,101,20,6
253,102,20,6
253,103,20,6
253,104,20,6
253,105,20,6
253,106,20,6
253,107,20,6
253,108,20,6
253,109,20,6
253,110,20,6
253,111,20,6
253,112,20,6
253,113,20,6
253,114,20,6
253,115,20,6
253,116,20,6
253,117,20,6
253,118,20,6
253,119,20,6
253,120,20,6
253,121,20,6
253,122,20,6
253,123,20,6
253,124,20,6
253,125,20,6
253,126,20,6
253,127,20,6
253,128,20,6
253,129,20,6
253,130,20,6
253,131,20,6
253,132,20,6
253,133,20,6
253,134,20,6
253,135,20,6
253,136,20,6
253,137,20,6
253,138,20,6
253,139,20,6
253,140,20,6
253,141,20,6
253,142,20,6
253,143,20,6
253,144,20,6
253,145,20,6
253,146,20,6
253,147,20,6
253,148,20,6
253,149,20,6
253,150,20,6
253,151,20,6
253,152,20,6
253,153,20,6
253,154,20,6
253,155,20,6
253,156,20,6
253,157,20,6
253,158,20,6
253,159,20,6
253,160,20,6
253,161,20,6
253,162,20,6
253,163,20,6
253,164,20,6
253,165,20,6
253,166,20,6
253,167,20,6
253,168,20,6
253,169,20,6
253,170,20,6
253,171,20,6
253,172,20,6
253,173,20,6
253,174,20,6
253,175,20,6
253,176,20,6
253,177,20,6
253,178,20,6
253,179,20,6
253,180,20,6
253,181,20,6
253,182,20,6
253,183,20,6
253,184,20,6
253,185,20,6
253,186,20,6
253,187,20,6
253,188,20,6
253,189,20,6
253,190,20,6
253,191,20,6
253,192,20,6
253,193,20,6
253,194,20,6
253,195,20,6
253,196,20,6
253,197,20,6
253,198,20,6
253,199,20,6
254,1,18,5
254,2,22,7
254,3,22,7
254,4,24,7
254,5,26,9
254,6,26,8
254,7,37,7
254,8,39,8
254,9,30,10
254,10,28,9
254,11,24,8
254,12,22,7
254,13,26,8
254,14,26,8
254,15,22,6
254,16,18,4
254,17,18,4
254,18,16,3
254,19,12,2
254,20,14,2
254,21,16,4
254,22,35,7
254,23,43,9
254,24,39,7
254,25,22,6
254,26,20,5
254,27,20,6
254,28,18,4
254,29,18,3
254,30,0,1
254,31,0,0
254,32,0,0
254,33,0,0
254,34,0,0
254,35,0,0
254,36,0,0
254,37,0,0
254,38,0,0
255,1,12,2
255,2,12,2
255,3,14,3
255,4,14,3
255,5,14,3
255,6,14,3
255,7,14,3
255,8,14,3
255,9,14,3
255,10,14,3
255,11,14,3
255,12,14,3
255,13,16,4
255,14,16,4
255,15,16,4
255,16,14,3
255,17,14,3
255,18,16,4
255,19,14,3
255,20,12,2
255,21,12,2
255,22,12,2
255,23,12,2
255,24,12,2
255,25,12,2
255,26,14,1
255,27,0,0
256,1,14,3
256,2,14,3
256,3,16,4
256,4,16,4
256,5,16,4
256,6,16,4
256,7,16,4
256,8,16,4
256,9,16,4
256,10,16,4
256,11,16,4
256,12,16,4
256,13,16,3
256,14,18,5
256,15,18,5
256,16,16,4
256,17,16,4
256,18,16,4
256,19,18,5
256,20,18,4
256,21,16,4
256,22,14,3
256,23,16,4
256,24,16,4
256,25,20,5
256,26,18,4
256,27,18,4
256,28,18,5
256,29,22,7
256,30,24,7
256,31,22,7
256,32,24,7
256,33,22,6
256,34,35,6
256,35,35,5
256,36,20,6
256,37,20,6
256,38,18,3
256,39,16,3
256,40,14,2
256,41,12,2
256,42,0,0
256,43,0,0
256,44,0,0
256,45,0,0
257,1,12,2
257,2,14,3
257,3,16,4
257,4,16,4
257,5,16,4
257,6,16,4
257,7,18,5
257,8,20,6
257,9,18,5
257,10,18,5
257,11,20,6
257,12,35,7
257,13,37,8
257,14,41,10
257,15,26,9
257,16,22,7
257,17,22,7
257,18,22,6
257,19,20,6
257,20,18,5
257,21,18,4
257,22,18,5
257,23,18,5
257,24,20,6
257,25,18,5
257,26,18,4
257,27,16,3
257,28,14,3
257,29,14,3
257,30,14,3
257,31,14,3
257,32,14,3
257,33,14,3
257,34,14,3
257,35,14,3
257,36,14,3
257,37,14,3
257,38,14,3
257,39,12,2
257,40,10,1
257,41,0,0
257,42,0,0
257,43,0,0
257,44,0,0
257,45,0,0
257,46,0,0
257,47,0,0
257,48,0,0
257,49,0,0
257,50,0,0
257,51,0,0
257,52,0,0
257,53,0,0
257,54,0,0
257,55,0,0
257,56,0,0
257,57,0,0
257,58,0,0
257,59,0,0
257,60,0,0
257,61,0,0
257,62,0,0
257,63,0,0
257,64,0,0
257,65,0,0
257,66,0,0
258,1,14,3
258,2,16,4
258,3,18,5
258,4,20,6
258,5,22,7
258,6,22,7
258,7,22,7
258,8,20,6
258,9,22,7
258,10,24,8
258,11,24,8
258,12,24,7
258,13,24,8
258,14,26,8
258,15,24,8
258,16,26,9
258,17,30,11
258,18,30,10
258,19,41,10
258,20,41,9
258,21,41,10
258,22,41,10
258,23,49,12
258,24,45,11
258,25,45,9
258,26,46,10
258,27,42,11
258,28,40,10
258,29,36,7
258,30,0,5
258,31,0,4
258,32,0,4
258,33,0,3
258,34,0,3
258,35,0,2
258,36,0,1
258,37,0,1
258,38,0,0
259,1,16,4
259,2,20,6
259,3,24,8
259,4,24,8
259,5,26,9
259,6,26,9
259,7,26,9
259,8,26,9
259,9,26,7
259,10,20,6
259,11,22,7
259,12,39,9
259,13,41,10
259,14,41,9
259,15,24,8
259,16,24,8
259,17,24,7
259,18,24,8
259,19,24,7
259,20,26,8
259,21,22,7
259,22,22,7
259,23,24,8
259,24,24,8
259,25,22,7
259,26,20,5
259,27,16,4
259,28,0,1
259,29,0,0
259,30,0,0
259,31,0,0
259,32,0,0
259,33,0,0
259,34,0,0
259,35,0,0
259,36,0,0
259,37,0,0
259,38,0,0
259,39,0,0
259,40,0,0
259,41,0,0
259,42,0,0
259,43,0,0
259,44,0,0
259,45,0,0
259,46,0,0
259,47,0,0
259,48,0,0
259,49,0,0
259,50,0,0
259,51,0,0
259,52,0,0
259,53,0,0
259,54,0,0
259,55,0,0
259,56,0,0
259,57,0,0
259,58,0,0
259,59,0,0
259,60,0,0
259,61,0,0
259,62,0,0
259,63,0,0
259,64,0,0
259,65,0,0
259,66,0,0
259,67,0,0
259,68,0,0
259,69,0,0
259,70,0,0
259,71,0,0
259,72,0,0
259,73,0,0
259,74,0,0
259,75,0,0
259,76,0,0
259,77,0,0
259,78,0,0
259,79,0,0
259,80,0,0
260,1,16,4
260,2,20,6
260,3,24,8
260,4,41,8
260,5,26,9
260,6,26,9
260,7,24,8
260,8,24,7
260,9,22,7
260,10,22,7
260,11,20,5
260,12,16,4
260,13,10,1
260,14,12,2
260,15,12,2
260,16,16,3
260,17,14,3
260,18,14,2
260,19,14,3
260,20,18,5
260,21,16,4
260,22,14,2
260,23,14,3
260,24,16,3
260,25,12,1
260,26,10,1
260,27,10,1
260,28,12,2
260,29,18,5
260,30,22,7
260,31,20,5
260,32,18,4
260,33,29,4
260,34,27,2
260,35,16,4
260,36,18,5
260,37,18,4
260,38,12,2
260,39,12,2
260,40,12,2
260,41,10,1
260,42,0,0
260,43,0,0
260,44,0,0
260,45,0,0
260,46,0,0
260,47,0,0
261,1,16,4
261,2,22,7
261,3,26,9
261,4,28,10
261,5,28,10
261,6,41,10
261,7,47,12
261,8,45,12
261,9,45,12
261,10,30,9
261,11,26,8
261,12,26,8
261,13,24,8
261,14,26,9
261,15,24,8
261,16,24,8
261,17,26,8
261,18,26,9
261,19,28,9
261,20,28,9
261,21,45,12
261,22,49,12
261,23,47,11
261,24,47,11
261,25,45,10
261,26,41,8
261,27,26,7
261,28,22,5
261,29,20,6
261,30,22,7
261,31,22,6
261,32,22,7
261,33,24,5
261,34,35,5
261,35,37,7
261,36,0,5
262,1,16,4
262,2,20,6
262,3,24,8
262,4,26,9
262,5,26,9
262,6,41,10
262,7,41,9
262,8,28,9
262,9,28,10
262,10,43,10
262,11,47,11
262,12,45,12
262,13,47,10
262,14,28,9
262,15,28,9
262,16,41,10
262,17,49,13
262,18,49,12
262,19,34,11
262,20,54,13
262,21,44,12
262,22,44,14
262,23,61,16
262,24,65,16
262,25,63,17
262,26,67,18
262,27,87,20
262,28,81,21
262,29,70,21
262,30,70,22
262,31,72,22
262,32,70,22
262,33,83,23
262,34,83,23
262,35,87,24
262,36,89,25
262,37,93,28
262,38,93,27
262,39,91,24
262,40,91,27
262,41,93,27
262,42,93,28
262,43,93,28
262,44,113,29
263,1,16,4
263,2,20,6
263,3,24,8
263,4,22,7
263,5,24,8
263,6,26,9
263,7,26,8
263,8,26,8
263,9,22,7
263,10,20,6
263,11,24,8
263,12,22,7
263,13,26,9
263,14,28,9
263,15,24,8
263,16,37,8
263,17,39,7
263,18,26,9
263,19,24,8
263,20,26,8
263,21,26,8
263,22,28,10
263,23,47,11
263,24,30,10
263,25,28,9
263,26,28,9
263,27,28,9
263,28,28,10
263,29,43,11
263,30,45,11
263,31,45,10
263,32,30,10
263,33,30,9
263,34,50,10
263,35,42,13
263,36,42,10
263,37,38,10
263,38,55,12
263,39,59,13
263,40,57,14
263,41,61,15
263,42,48,15
263,43,50,15
263,44,50,15
263,45,48,14
263,46,61,15
263,47,63,17
263,48,67,19
263,49,71,20
263,50,73,22
263,51,99,24
263,52,89,26
263,53,113,27
264,1,16,4
264,2,20,6
264,3,22,7
264,4,22,7
264,5,24,7
264,6,24,7
264,7,24,8
264,8,24,7
264,9,22,6
264,10,20,6
264,11,22,7
264,12,26,8
264,13,24,8
264,14,24,7
264,15,20,5
264,16,16,3
264,17,14,2
264,18,14,2
264,19,14,3
264,20,20,5
264,21,18,3
264,22,12,1
264,23,10,1
264,24,12,2
264,25,14,3
264,26,12,2
264,27,10,1
264,28,12,2
264,29,16,4
264,30,20,5
264,31,20,5
264,32,31,3
264,33,14,2
264,34,14,2
264,35,10,1
264,36,10,1
264,37,12,1
264,38,0,0
264,39,0,0
264,40,0,0
264,41,0,0
264,42,0,0
264,43,0,0
264,44,0,0
264,45,0,0
264,46,0,0
264,47,0,0
264,48,0,0
264,49,0,0
264,50,0,0
264,51,0,0
265,1,14,3
265,2,16,4
265,3,18,5
265,4,22,6
265,5,20,5
265,6,20,6
265,7,20,6
265,8,20,6
265,9,20,6
265,10,20,6
265,11,20,6
265,12,22,7
265,13,22,6
265,14,20,5
265,15,24,7
265,16,20,5
265,17,0,4
265,18,0,2
265,19,0,1
265,20,0,0
265,21,0,0
265,22,0,0
265,23,0,0
265,24,0,0
265,25,0,0
265,26,0,0
265,27,0,0
265,28,0,0
265,29,0,0
265,30,0,0
265,31,0,0
265,32,0,0
265,33,0,0
265,34,0,0
265,35,0,0
265,36,0,0
265,37,0,0
265,38,0,0
266,1,16,4
266,2,20,6
266,3,24,8
266,4,26,8
266,5,24,8
266,6,37,7
266,7,22,7
266,8,22,6
266,9,22,7
266,10,20,5
266,11,16,4
266,12,12,2
266,13,10,1
266,14,0,0
266,15,0,0
266,16,0,0
266,17,0,0
266,18,0,0
266,19,0,0
266,20,0,0
266,21,0,0
266,22,0,0
266,23,0,0
266,24,0,0
266,25,0,0
266,26,0,0
266,27,0,0
266,28,0,0
266,29,0,0
266,30,0,0
267,1,16,4
267,2,22,7
267,3,24,7
267,4,22,7
267,5,24,8
267,6,24,8
267,7,22,7
267,8,20,5
267,9,18,4
267,10,16,4
267,11,16,4
267,12,18,4
267,13,18,3
267,14,14,2
267,15,14,3
267,16,16,4
267,17,16,3
267,18,27,3
267,19,29,4
267,20,14,3
267,21,18,5
267,22,18,4
267,23,16,3
267,24,12,1
267,25,10,1
267,26,10,1
267,27,10,1
267,28,14,2
267,29,16,4
267,30,16,2
267,31,12,2
267,32,16,4
267,33,20,5
267,34,0,2
267,35,0,0
267,36,0,0
267,37,0,0
267,38,0,0
267,39,0,0
267,40,0,0
267,41,0,0
267,42,0,0
267,43,0,0
267,44,0,0
267,45,0,0
267,46,0,0
268,1,16,4
268,2,20,6
268,3,26,9
268,4,26,9
268,5,43,10
268,6,45,11
268,7,30,8
268,8,22,7
268,9,24,6
268,10,39,9
268,11,39,9
268,12,45,11
268,13,47,13
268,14,49,13
268,15,71,13
268,16,44,13
268,17,46,14
268,18,48,14
268,19,46,15
268,20,46,14
268,21,61,15
268,22,65,18
268,23,69,19
268,24,69,18
268,25,76,19
268,26,79,20
268,27,85,24
268,28,91,27
268,29,115,29
269,1,14,3
269,2,16,4
269,3,16,4
269,4,16,4
269,5,16,4
269,6,18,5
269,7,20,6
269,8,20,5
269,9,20,6
269,10,22,7
269,11,22,6
269,12,22,5
269,13,18,5
269,14,18,5
269,15,18,5
269,16,18,5
269,17,18,4
269,18,20,5
269,19,20,6
269,20,20,6
269,21,20,6
269,22,22,7
269,23,24,8
269,24,24,8
269,25,24,8
269,26,22,7
269,27,22,7
269,28,20,5
269,29,16,3
269,30,0,2
269,31,0,2
269,32,0,1
269,33,0,1
269,34,0,1
269,35,0,1
269,36,0,1
269,37,0,1
269,38,0,1
270,1,14,3
270,2,14,3
270,3,16,4
270,4,16,4
270,5,18,5
270,6,18,5
270,7,20,6
270,8,20,6
270,9,20,6
270,10,18,5
270,11,18,5
270,12,18,5
270,13,18,5
270,14,18,5
270,15,18,5
270,16,18,5
270,17,18,5
270,18,18,5
270,19,18,5
270,20,18,5
270,21,18,5
270,22,18,5
270,23,16,4
270,24,16,4
270,25,16,4
270,26,16,4
270,27,16,4
270,28,16,4
270,29,16,4
270,30,16,4
270,31,16,4
270,32,16,3
270,33,14,2
270,34,12,2
270,35,12,2
270,36,14,3
270,37,14,3
270,38,14,3
270,39,14,3
270,40,0,1
270,41,0,0
270,42,0,0
270,43,0,0
270,44,0,0
270,45,0,0
270,46,0,0
270,47,0,0
270,48,0,0
270,49,0,0
270,50,0,0
270,51,0,0
270,52,0,0
270,53,0,0
270,54,0,0
270,55,0,0
270,56,0,0
270,57,0,0
270,58,0,0
270,59,0,0
270,60,0,0
270,61,0,0
270,62,0,0
270,63,0,0
270,64,0,0
270,65,0,0
270,66,0,0
270,67,0,0
270,68,0,0
270,69,0,0
270,70,0,0
270,71,0,0
270,72,0,0
270,73,0,0
270,74,0,0
270,75,0,0
270,76,0,0
270,77,0,0
270,78,0,0
270,79,0,0
270,80,0,0
271,1,16,4
271,2,16,4
271,3,16,4
271,4,16,4
271,5,18,5
271,6,18,5
271,7,16,3
271,8,14,2
271,9,12,2
271,10,14,3
271,11,16,3
271,12,16,4
271,13,14,3
271,14,14,3
271,15,16,4
271,16,18,5
271,17,16,4
271,18,16,4
271,19,14,2
271,20,14,3
271,21,16,4
271,22,16,3
271,23,12,1
271,24,12,2
271,25,12,2
271,26,12,2
271,27,12,2
271,28,10,1
271,29,0,0
271,30,0,0
271,31,0,0
271,32,0,0
271,33,0,0
271,34,0,0
271,35,0,0
271,36,0,0
271,37,0,0
271,38,0,0
271,39,0,0
271,40,0,0
271,41,0,0
272,1,16,4
272,2,20,6
272,3,20,5
272,4,20,6
272,5,24,8
272,6,24,8
272,7,22,6
272,8,20,6
272,9,20,5
272,10,18,4
272,11,35,7
272,12,39,9
272,13,41,8
272,14,37,6
272,15,22,7
272,16,24,7
272,17,26,8
272,18,26,8
272,19,41,10
272,20,43,11
272,21,47,13
272,22,45,10
272,23,39,6
272,24,22,7
272,25,28,10
272,26,32,10
272,27,50,11
272,28,42,13
272,29,57,13
272,30,59,13
272,31,61,16
272,32,63,16
272,33,50,13
272,34,42,13
272,35,42,12
272,36,42,12
272,37,40,12
272,38,40,10
272,39,38,10
272,40,51,10
272,41,53,9
272,42,36,9
272,43,30,10
272,44,32,9
272,45,26,6
272,46,20,6
272,47,20,5
272,48,18,4
272,49,0,3
273,1,14,3
273,2,14,3
273,3,16,4
273,4,16,4
273,5,14,3
273,6,14,3
273,7,16,4
273,8,20,6
273,9,20,6
273,10,20,6
273,11,18,5
273,12,18,5
273,13,20,6
273,14,22,7
273,15,24,8
273,16,24,8
273,17,24,8
273,18,24,8
273,19,24,8
273,20,26,9
273,21,28,10
273,22,28,10
273,23,30,11
273,24,45,12
273,25,45,12
273,26,45,11
273,27,43,11
273,28,45,11
273,29,49,13
273,30,47,13
273,31,30,10
273,32,28,9
273,33,28,9
273,34,0,7
273,35,0,5
273,36,0,1
273,37,0,1
273,38,0,1
273,39,0,1
273,40,0,1
273,41,0,1
273,42,0,0
273,43,0,0
273,44,0,0
273,45,0,0
273,46,0,0
273,47,0,0
273,48,0,0
273,49,0,0
273,50,0,0
274,1,16,4
274,2,20,6
274,3,22,7
274,4,24,8
274,5,26,9
274,6,24,8
274,7,24,8
274,8,26,7
274,9,24,7
274,10,22,7
274,11,24,8
274,12,22,7
274,13,22,7
274,14,22,7
274,15,24,8
274,16,41,8
274,17,39,9
274,18,41,10
274,19,45,12
274,20,49,14
274,21,51,14
274,22,49,14
274,23,34,12
274,24,26,8
274,25,26,9
274,26,28,10
274,27,28,10
274,28,30,10
274,29,30,11
274,30,47,13
274,31,49,13
274,32,51,13
274,33,45,10
274,34,39,7
274,35,33,4
274,36,31,3
274,37,14,3
274,38,20,6
274,39,22,7
274,40,20,5
274,41,18,4
274,42,16,4
274,43,16,4
274,44,14,3
274,45,14,2
274,46,12,1
274,47,0,0
275,1,14,3
275,2,16,4
275,3,18,5
275,4,18,5
275,5,18,4
275,6,18,5
275,7,18,5
275,8,18,5
275,9,18,5
275,10,18,5
275,11,18,5
275,12,18,5
275,13,18,5
275,14,20,6
275,15,24,8
275,16,22,7
275,17,26,9
275,18,26,9
275,19,41,9
275,20,37,8
275,21,20,5
275,22,16,4
275,23,0,3
275,24,0,2
275,25,0,2
275,26,0,1
275,27,0,0
275,28,0,0
275,29,0,0
275,30,0,0
275,31,0,0
275,32,0,0
275,33,0,0
275,34,0,0
275,35,0,0
275,36,0,0
275,37,0,0
275,38,0,0
275,39,0,0
275,40,0,0
275,41,0,0
275,42,0,0
275,43,0,0
275,44,0,0
275,45,0,0
275,46,0,0
275,47,0,0
275,48,0,0
275,49,0,0
275,50,0,0
275,51,0,0
275,52,0,0
275,53,0,0
275,54,0,0
275,55,0,0
275,56,0,0
275,57,0,0
275,58,0,0
275,59,0,0
275,60,0,0
275,61,0,0
275,62,0,0
276,1,16,4
276,2,18,5
276,3,18,5
276,4,18,5
276,5,20,6
276,6,22,7
276,7,22,6
276,8,20,6
276,9,22,6
276,10,20,6
276,11,20,6
276,12,35,7
276,13,37,8
276,14,39,9
276,15,37,8
276,16,39,9
276,17,41,9
276,18,39,9
276,19,39,8
276,20,24,8
276,21,26,7
276,22,22,7
276,23,24,7
276,24,22,5
276,25,18,4
276,26,16,4
276,27,20,6
276,28,20,6
276,29,20,6
276,30,20,6
276,31,22,7
276,32,24,8
276,33,65,10
276,34,36,9
276,35,36,10
276,36,38,11
276,37,55,13
276,38,59,14
276,39,61,14
276,40,57,11
276,41,53,11
276,42,53,9
276,43,36,10
276,44,38,11
276,45,38,10
276,46,40,11
276,47,42,10
276,48,48,11
276,49,50,12
276,50,50,10
276,51,50,9
276,52,44,8
276,53,44,8
276,54,42,7
276,55,42,9
276,56,44,9
276,57,42,8
276,58,42,8
276,59,44,9
276,60,46,11
276,61,48,12
276,62,50,12
276,63,50,12
276,64,50,12
276,65,52,14
276,66,67,13
276,67,65,14
276,68,69,15
276,69,67,14
276,70,67,15
276,71,67,15
276,72,67,14
276,73,67,15
276,74,69,16
276,75,73,17
276,76,60,15
276,77,56,13
276,78,52,12
276,79,52,13
276,80,52,14
276,81,56,16
276,82,60,18
276,83,64,20
276,84,68,22
276,85,87,25
276,86,89,26
276,87,91,27
276,88,113,28
277,1,12,2
277,2,16,4
277,3,18,5
277,4,18,5
277,5,20,6
277,6,20,6
277,7,20,6
277,8,20,6
277,9,22,7
277,10,22,7
277,11,22,7
277,12,24,8
277,13,24,8
277,14,24,7
277,15,24,7
277,16,24,8
277,17,26,7
277,18,22,6
277,19,20,6
277,20,20,6
277,21,22,7
277,22,37,7
277,23,24,8
277,24,24,8
277,25,24,8
277,26,26,9
277,27,26,8
277,28,26,9
277,29,54,12
277,30,44,14
277,31,46,14
277,32,46,15
277,33,63,16
277,34,63,16
277,35,63,15
277,36,51,14
277,37,49,13
277,38,47,10
277,39,39,7
277,40,24,6
277,41,20,4
277,42,18,5
277,43,20,6
277,44,20,6
277,45,22,6
277,46,20,5
277,47,20,6
277,48,22,7
277,49,24,7
277,50,22,6
277,51,22,6
277,52,0,4
278,1,16,4
278,2,20,6
278,3,22,7
278,4,39,9
278,5,24,8
278,6,20,6
278,7,18,4
278,8,14,2
278,9,12,2
278,10,16,4
278,11,20,6
278,12,20,6
278,13,33,5
278,14,33,5
278,15,31,4
278,16,18,4
278,17,22,6
278,18,20,4
278,19,20,5
278,20,18,5
278,21,16,3
278,22,10,1
278,23,12,2
278,24,10,1
278,25,0,0
278,26,0,0
278,27,0,0
278,28,0,0
278,29,0,0
278,30,0,0
278,31,0,0
279,1,14,3
279,2,16,3
279,3,14,2
279,4,12,2
279,5,16,4
279,6,16,4
279,7,18,5
279,8,35,7
279,9,39,9
279,10,43,11
279,11,43,10
279,12,43,11
279,13,45,11
279,14,43,11
279,15,45,11
279,16,45,12
279,17,47,13
279,18,30,11
279,19,32,11
279,20,45,12
279,21,47,13
279,22,47,13
279,23,49,14
279,24,73,15
279,25,63,17
279,26,65,17
279,27,63,16
279,28,63,16
279,29,61,15
279,30,61,15
279,31,89,18
279,32,60,17
279,33,77,19
279,34,81,21
279,35,66,21
279,36,68,21
279,37,68,20
279,38,117,23
280,1,14,3
280,2,16,4
280,3,31,5
280,4,33,5
280,5,18,5
280,6,18,5
280,7,20,6
280,8,18,4
280,9,18,4
280,10,18,5
280,11,16,4
280,12,18,5
280,13,18,4
280,14,20,5
280,15,20,6
280,16,20,5
280,17,16,4
280,18,16,3
280,19,12,2
280,20,14,3
280,21,16,4
280,22,18,4
280,23,16,3
280,24,16,4
280,25,16,3
280,26,16,4
280,27,16,4
280,28,18,5
280,29,16,4
280,30,16,4
280,31,16,3
280,32,12,2
280,33,12,2
280,34,10,1
280,35,10,1
280,36,12,2
280,37,14,3
280,38,14,3
280,39,16,3
280,40,0,2
281,1,16,4
281,2,20,6
281,3,22,7
281,4,39,9
281,5,41,9
281,6,39,9
281,7,39,9
281,8,41,10
281,9,43,11
281,10,45,12
281,11,79,14
281,12,50,16
281,13,54,17
281,14,56,19
281,15,73,20
281,16,71,20
281,17,73,22
281,18,79,23
281,19,105,26
281,20,113,29
282,1,16,4
282,2,22,6
282,3,24,8
282,4,26,9
282,5,24,8
282,6,22,7
282,7,26,8
282,8,22,6
282,9,18,5
282,10,20,6
282,11,22,5
282,12,22,7
282,13,26,9
282,14,28,10
282,15,30,10
282,16,30,10
282,17,24,7
282,18,22,6
282,19,22,7
282,20,26,9
282,21,43,10
282,22,45,11
282,23,30,9
282,24,28,9
282,25,28,9
282,26,41,9
282,27,43,11
282,28,47,12
282,29,47,12
282,30,43,8
282,31,24,8
282,32,26,8
282,33,26,8
282,34,50,8
282,35,34,6
282,36,35,6
282,37,41,8
282,38,39,5
282,39,20,4
282,40,16,1
282,41,0,0
283,1,14,3
283,2,14,3
283,3,18,5
283,4,18,5
283,5,20,6
283,6,20,6
283,7,24,8
283,8,24,8
283,9,22,7
283,10,22,7
283,11,24,8
283,12,26,9
283,13,28,10
283,14,56,12
283,15,42,13
283,16,42,13
283,17,59,15
283,18,63,16
283,19,63,17
283,20,61,16
283,21,63,17
283,22,67,19
283,23,71,20
283,24,69,18
283,25,69,20
283,26,73,22
283,27,99,24
283,28,85,24
283,29,87,25
283,30,91,27
283,31,115,29
284,1,16,4
284,2,20,6
284,3,24,8
284,4,26,9
284,5,26,9
284,6,26,9
284,7,26,9
284,8,28,10
284,9,43,11
284,10,45,11
284,11,43,9
284,12,28,9
284,13,43,11
284,14,45,11
284,15,49,14
284,16,49,12
284,17,43,10
284,18,39,7
284,19,22,5
284,20,0,3
284,21,0,2
284,22,0,0
284,23,0,0
284,24,0,0
284,25,0,0
284,26,0,0
284,27,0,0
284,28,0,0
284,29,0,0
284,30,0,0
284,31,0,0
284,32,0,0
284,33,0,0
284,34,0,0
284,35,0,0
284,36,0,0
284,37,0,0
284,38,0,0
285,1,16,4
285,2,20,6
285,3,24,8
285,4,24,8
285,5,24,7
285,6,22,7
285,7,20,6
285,8,22,7
285,9,22,7
285,10,39,9
285,11,41,10
285,12,39,9
285,13,37,8
285,14,39,9
285,15,39,9
285,16,39,9
285,17,37,8
285,18,41,10
285,19,45,12
285,20,75,13
285,21,48,15
285,22,52,17
285,23,65,18
285,24,65,17
285,25,65,18
285,26,65,18
285,27,67,18
285,28,71,21
285,29,95,23
285,30,87,25
285,31,89,26
285,32,93,28
285,33,113,29
286,1,16,4
286,2,18,5
286,3,22,6
286,4,24,7
286,5,24,8
286,6,24,6
286,7,20,5
286,8,22,7
286,9,39,9
286,10,22,7
286,11,22,6
286,12,20,5
286,13,22,6
286,14,37,6
286,15,22,6
286,16,20,6
286,17,20,6
286,18,20,5
286,19,16,3
286,20,16,4
286,21,16,4
286,22,22,7
286,23,39,9
286,24,43,10
286,25,45,12
286,26,45,10
286,27,43,10
286,28,43,9
286,29,41,8
286,30,24,7
286,31,24,7
286,32,24,6
286,33,22,6
286,34,20,6
286,35,20,4
286,36,31,3
286,37,0,2
286,38,0,1
286,39,0,1
286,40,0,1
286,41,0,1
286,42,0,1
286,43,0,0
286,44,0,0
286,45,0,0
287,1,16,4
287,2,20,6
287,3,26,9
287,4,26,9
287,5,24,8
287,6,39,8
287,7,24,7
287,8,22,6
287,9,22,6
287,10,20,5
287,11,18,5
287,12,22,7
287,13,20,5
287,14,33,5
287,15,33,5
287,16,20,6
287,17,20,5
287,18,18,3
287,19,16,3
287,20,12,2
287,21,10,1
287,22,16,4
287,23,22,6
287,24,22,6
287,25,20,6
287,26,22,7
287,27,24,7
287,28,22,6
287,29,20,5
287,30,18,5
287,31,18,4
287,32,16,4
287,33,16,4
287,34,18,5
287,35,20,5
287,36,18,4
287,37,16,4
287,38,20,5
287,39,16,3
287,40,14,2
287,41,16,4
287,42,20,6
287,43,24,7
287,44,22,6
287,45,20,6
287,46,18,5
287,47,18,4
287,48,14,2
287,49,0,0
287,50,0,0
287,51,0,0
287,52,0,0
287,53,0,0
287,54,0,0
287,55,0,0
287,56,0,0
287,57,0,0
287,58,0,0
288,1,16,4
288,2,20,6
288,3,26,8
288,4,24,7
288,5,39,9
288,6,41,10
288,7,45,10
288,8,26,7
288,9,20,6
288,10,24,8
288,11,28,10
288,12,26,9
288,13,28,9
288,14,41,9
288,15,41,8
288,16,37,6
288,17,24,7
288,18,24,7
288,19,26,8
288,20,22,7
288,21,26,9
288,22,28,10
288,23,84,12
288,24,53,10
288,25,40,10
288,26,64,11
288,27,48,10
288,28,46,8
288,29,44,9
288,30,42,8
288,31,38,9
288,32,53,10
288,33,43,8
288,34,41,7
288,35,24,5
288,36,0,4
289,1,14,3
289,2,16,4
289,3,20,6
289,4,20,6
289,5,20,6
289,6,20,6
289,7,18,5
289,8,18,5
289,9,18,4
289,10,18,4
289,11,0,2
289,12,0,1
289,13,0,1
289,14,0,0
289,15,0,0
289,16,0,0
289,17,0,0
289,18,0,0
289,19,0,0
289,20,0,0
290,1,14,3
290,2,14,3
290,3,14,3
290,4,14,2
290,5,16,4
290,6,16,4
290,7,20,6
290,8,20,6
290,9,20,6
290,10,18,5
290,11,18,5
290,12,18,5
290,13,18,5
290,14,20,5
290,15,18,4
290,16,18,4
290,17,16,4
290,18,16,4
290,19,14,3
290,20,14,2
290,21,10,1
290,22,10,1
290,23,10,1
290,24,12,2
290,25,14,3
290,26,14,3
290,27,14,2
290,28,0,0
290,29,0,0
290,30,0,0
290,31,0,0
290,32,0,0
290,33,0,0
290,34,0,0
290,35,0,0
290,36,0,0
290,37,0,0
290,38,0,0
290,39,0,0
290,40,0,0
290,41,0,0
290,42,0,0
290,43,0,0
290,44,0,0
290,45,0,0
290,46,0,0
290,47,0,0
290,48,0,0
291,1,14,3
291,2,16,4
291,3,16,4
291,4,16,4
291,5,16,4
291,6,31,4
291,7,16,3
291,8,18,5
291,9,33,5
291,10,20,5
291,11,18,5
291,12,20,6
291,13,24,8
291,14,39,8
291,15,41,10
291,16,45,10
291,17,39,9
291,18,24,7
291,19,20,6
291,20,20,6
291,21,20,5
291,22,18,5
291,23,33,6
291,24,18,5
291,25,16,4
291,26,14,3
291,27,14,3
291,28,18,5
291,29,20,6
291,30,22,6
291,31,20,6
291,32,18,4
291,33,14,3
291,34,12,2
291,35,12,2
291,36,12,2
291,37,12,2
291,38,12,2
291,39,12,2
291,40,14,3
291,41,14,3
291,42,10,1
291,43,10,1
291,44,0,0
291,45,0,0
291,46,0,0
291,47,0,0
291,48,0,0
291,49,0,0
291,50,0,0
291,51,0,0
291,52,0,0
291,53,0,0
291,54,0,0
291,55,0,0
291,56,0,0
291,57,0,0
291,58,0,0
291,59,0,0
291,60,0,0
291,61,0,0
291,62,0,0
291,63,0,0
291,64,0,0
291,65,0,0
291,66,0,0
291,67,0,0
291,68,0,0
291,69,0,0
291,70,0,0
291,71,0,0
291,72,0,0
291,73,0,0
291,74,0,0
291,75,0,0
291,76,0,0
291,77,0,0
291,78,0,0
291,79,0,0
291,80,0,0
291,81,0,0
291,82,0,0
291,83,0,0
292,1,14,3
292,2,16,4
292,3,16,4
292,4,18,5
292,5,18,5
292,6,18,5
292,7,18,5
292,8,18,5
292,9,16,4
292,10,18,5
292,11,18,5
292,12,16,4
292,13,16,3
292,14,12,1
292,15,10,1
292,16,12,2
292,17,14,3
292,18,12,2
292,19,14,3
292,20,14,3
292,21,12,2
292,22,12,2
292,23,10,1
292,24,10,1
292,25,12,1
292,26,0,0
292,27,0,0
292,28,0,0
292,29,0,0
292,30,0,0
292,31,0,0
292,32,0,0
292,33,0,0
292,34,0,0
292,35,0,0
292,36,0,0
292,37,0,0
292,38,0,0
292,39,0,0
292,40,0,0
292,41,0,0
292,42,0,0
292,43,0,0
292,44,0,0
292,45,0,0
292,46,0,0
292,47,0,0
293,1,16,4
293,2,20,5
293,3,22,7
293,4,24,8
293,5,24,8
293,6,24,6
293,7,18,5
293,8,18,5
293,9,18,3
293,10,18,5
293,11,24,8
293,12,24,7
293,13,35,6
293,14,18,4
293,15,16,4
293,16,18,5
293,17,18,5
293,18,20,6
293,19,22,6
293,20,18,3
293,21,0,2
293,22,0,0
293,23,0,0
293,24,0,0
293,25,0,0
293,26,0,0
293,27,0,0
293,28,0,0
293,29,0,0
293,30,0,0
294,1,14,3
294,2,14,3
294,3,14,3
294,4,14,3
294,5,18,5
294,6,18,5
294,7,16,4
294,8,14,3
294,9,16,4
294,10,18,5
294,11,22,7
294,12,20,5
294,13,16,3
294,14,12,2
294,15,0,0
294,16,0,0
294,17,0,0
294,18,0,0
294,19,0,0
294,20,0,0
294,21,0,0
294,22,0,0
294,23,0,0
294,24,0,0
294,25,0,0
294,26,0,0
294,27,0,0
294,28,0,0
295,1,16,4
295,2,20,6
295,3,24,8
295,4,26,9
295,5,24,8
295,6,26,9
295,7,28,9
295,8,26,8
295,9,24,8
295,10,28,10
295,11,28,10
295,12,47,13
295,13,51,14
295,14,47,13
295,15,51,15
295,16,53,15
295,17,71,15
295,18,46,15
295,19,61,16
295,20,91,19
295,21,79,21
295,22,85,24
295,23,91,27
295,24,115,29
296,1,16,4
296,2,22,7
296,3,24,8
296,4,22,7
296,5,22,6
296,6,20,6
296,7,18,4
296,8,18,5
296,9,16,4
296,10,14,3
296,11,16,4
296,12,20,6
296,13,33,4
296,14,16,4
296,15,14,3
296,16,16,4
296,17,20,4
296,18,20,6
296,19,20,6
296,20,20,5
296,21,18,5
296,22,14,2
296,23,12,2
296,24,12,1
296,25,12,2
296,26,14,3
296,27,14,2
296,28,12,1
296,29,10,1
296,30,14,3
296,31,18,5
296,32,20,6
296,33,22,6
296,34,22,6
296,35,20,4
296,36,16,2
296,37,12,1
296,38,0,0
297,1,12,2
297,2,14,3
297,3,16,4
297,4,31,5
297,5,35,7
297,6,20,6
297,7,18,5
297,8,16,4
297,9,20,6
297,10,37,8
297,11,41,10
297,12,41,10
297,13,37,8
297,14,24,8
297,15,22,7
297,16,28,10
297,17,26,9
297,18,24,7
297,19,24,8
297,20,24,8
297,21,24,8
297,22,22,6
297,23,18,5
297,24,20,5
297,25,18,5
297,26,16,4
297,27,31,4
297,28,33,6
297,29,35,6
297,30,0,2
297,31,0,1
297,32,0,1
297,33,0,0
297,34,0,0
297,35,0,0
297,36,0,0
297,37,0,0
297,38,0,0
297,39,0,0
297,40,0,0
297,41,0,0
297,42,0,0
297,43,0,0
297,44,0,0
297,45,0,0
297,46,0,0
297,47,0,0
297,48,0,0
298,1,16,4
298,2,22,7
298,3,24,7
298,4,22,6
298,5,35,6
298,6,35,6
298,7,24,7
298,8,22,7
298,9,22,7
298,10,39,9
298,11,39,8
298,12,39,8
298,13,39,8
298,14,22,6
298,15,20,6
298,16,24,8
298,17,37,7
298,18,39,9
298,19,39,7
298,20,39,7
298,21,22,6
298,22,22,5
298,23,24,8
298,24,37,7
298,25,22,6
298,26,22,6
298,27,22,6
298,28,35,7
298,29,20,5
298,30,16,2
298,31,12,2
298,32,14,2
298,33,10,1
298,34,0,0
298,35,0,0
298,36,0,0
298,37,0,0
298,38,0,0
298,39,0,0
298,40,0,0
298,41,0,0
298,42,0,0
298,43,0,0
298,44,0,0
298,45,0,0
298,46,0,0
298,47,0,0
298,48,0,0
298,49,0,0
298,50,0,0
298,51,0,0
298,52,0,0
298,53,0,0
298,54,0,0
298,55,0,0
299,1,14,3
299,2,16,4
299,3,18,5
299,4,18,5
299,5,18,5
299,6,20,6
299,7,18,5
299,8,18,5
299,9,18,4
299,10,16,3
299,11,18,5
299,12,37,8
299,13,41,10
299,14,43,10
299,15,41,8
299,16,22,6
299,17,20,6
299,18,18,5
299,19,18,5
299,20,20,5
299,21,20,5
299,22,22,7
299,23,26,9
299,24,43,11
299,25,43,11
299,26,28,9
299,27,28,9
299,28,26,7
299,29,22,6
299,30,22,7
299,31,24,8
299,32,26,9
299,33,26,9
299,34,24,8
299,35,26,9
299,36,28,10
299,37,58,11
299,38,36,9
299,39,36,9
299,40,34,9
299,41,36,9
299,42,34,9
299,43,36,10
299,44,40,12
299,45,59,14
299,46,59,13
299,47,55,10
299,48,43,10
299,49,28,9
299,50,26,8
299,51,26,8
299,52,26,9
299,53,28,10
299,54,42,13
299,55,44,13
299,56,57,14
299,57,61,15
299,58,59,14
299,59,57,13
299,60,55,13
299,61,55,11
299,62,40,12
299,63,42,13
299,64,44,13
299,65,44,12
299,66,42,12
299,67,40,9
299,68,36,8
299,69,34,9
299,70,34,9
299,71,34,8
299,72,32,8
299,73,34,8
299,74,32,8
299,75,32,6
299,76,22,6
299,77,20,5
299,78,18,4
299,79,18,3
299,80,0,2
300,1,16,4
300,2,20,6
300,3,22,6
300,4,20,6
300,5,37,8
300,6,45,11
300,7,43,10
300,8,43,11
300,9,45,11
300,10,43,11
300,11,41,9
300,12,41,10
300,13,43,11
300,14,43,11
300,15,45,11
300,16,43,11
300,17,45,12
300,18,49,14
300,19,53,16
300,20,55,16
300,21,59,19
300,22,61,16
300,23,73,15
300,24,65,17
300,25,56,19
300,26,60,22
300,27,81,23
300,28,79,25
300,29,83,27
300,30,103,28
300,31,93,28
300,32,93,28
300,33,93,27
300,34,91,27
300,35,91,27
300,36,93,28
300,37,113,29
301,1,12,2
301,2,14,3
301,3,16,4
301,4,16,4
301,5,14,3
301,6,16,4
301,7,18,5
301,8,18,5
301,9,18,5
301,10,16,4
301,11,16,4
301,12,16,3
301,13,16,4
301,14,16,4
301,15,16,4
301,16,14,3
301,17,14,3
301,18,14,3
301,19,18,5
301,20,20,6
301,21,20,6
301,22,18,5
301,23,16,4
301,24,18,4
301,25,14,2
301,26,12,2
301,27,12,2
301,28,10,1
301,29,12,2
301,30,16,4
301,31,16,4
301,32,12,2
301,33,12,1
301,34,10,1
301,35,0,0
301,36,0,0
301,37,0,0
301,38,0,0
301,39,0,0
301,40,0,0
301,41,0,0
301,42,0,0
301,43,0,0
301,44,0,0
301,45,0,0
301,46,0,0
302,1,16,4
302,2,22,7
302,3,28,9
302,4,26,9
302,5,41,10
302,6,45,11
302,7,47,12
302,8,43,11
302,9,45,12
302,10,30,11
302,11,32,12
302,12,54,12
302,13,44,14
302,14,59,14
302,15,46,14
302,16,46,13
302,17,46,15
302,18,50,16
302,19,63,16
302,20,65,16
302,21,63,17
302,22,67,18
302,23,67,19
302,24,67,19
302,25,69,19
302,26,67,18
302,27,69,19
302,28,75,23
302,29,77,23
302,30,79,23
302,31,77,21
302,32,73,21
302,33,77,24
302,34,99,25
302,35,93,28
302,36,93,28
302,37,93,27
302,38,91,24
302,39,89,25
302,40,91,27
302,41,113,28
303,1,16,4
303,2,20,6
303,3,22,7
303,4,24,8
303,5,24,7
303,6,22,7
303,7,20,4
303,8,20,6
303,9,24,8
303,10,26,9
303,11,26,8
303,12,22,6
303,13,18,4
303,14,16,3
303,15,16,4
303,16,20,6
303,17,20,6
303,18,20,6
303,19,20,6
303,20,20,6
303,21,22,7
303,22,24,6
303,23,20,5
303,24,18,3
303,25,14,3
303,26,16,4
303,27,16,4
303,28,18,5
303,29,20,6
303,30,20,5
303,31,16,3
303,32,12,2
303,33,12,2
303,34,12,2
303,35,12,2
303,36,10,1
303,37,0,0
303,38,0,0
303,39,0,0
303,40,0,0
303,41,0,0
303,42,0,0
303,43,0,0
304,1,16,4
304,2,20,6
304,3,20,5
304,4,18,4
304,5,20,6
304,6,24,8
304,7,26,8
304,8,24,8
304,9,22,7
304,10,22,7
304,11,20,6
304,12,18,5
304,13,18,4
304,14,16,4
304,15,16,4
304,16,31,5
304,17,31,4
304,18,16,4
304,19,16,3
304,20,14,3
304,21,12,2
304,22,16,4
304,23,20,6
304,24,22,6
304,25,26,9
304,26,26,8
304,27,26,8
304,28,39,8
304,29,26,8
304,30,26,9
304,31,28,10
304,32,43,11
304,33,49,11
304,34,45,9
304,35,41,9
304,36,26,7
304,37,26,9
304,38,28,9
304,39,28,8
304,40,24,8
304,41,24,7
304,42,22,7
304,43,22,7
304,44,22,6
304,45,37,8
304,46,43,11
304,47,47,11
304,48,28,9
304,49,26,6
304,50,24,7
304,51,24,6
304,52,22,5
304,53,20,6
304,54,0,6
304,55,0,5
304,56,0,3
304,57,0,1
304,58,0,0
304,59,0,0
305,1,14,3
305,2,16,4
305,3,18,5
305,4,18,5
305,5,16,4
305,6,16,4
305,7,18,5
305,8,20,6
305,9,18,5
305,10,18,5
305,11,20,4
305,12,16,4
305,13,18,4
305,14,16,4
305,15,14,3
305,16,16,4
305,17,18,5
305,18,20,6
305,19,20,6
305,20,18,5
305,21,16,4
305,22,16,4
305,23,16,3
305,24,14,1
305,25,12,2
305,26,14,3
305,27,14,3
305,28,16,4
305,29,16,4
305,30,16,4
305,31,20,5
305,32,18,4
305,33,18,4
305,34,18,5
305,35,20,5
305,36,18,4
305,37,0,3
306,1,16,4
306,2,20,6
306,3,22,7
306,4,24,7
306,5,24,8
306,6,24,8
306,7,24,8
306,8,22,7
306,9,24,6
306,10,18,5
306,11,20,6
306,12,37,8
306,13,24,7
306,14,20,5
306,15,16,4
306,16,16,4
306,17,14,3
306,18,14,3
306,19,12,2
306,20,12,2
306,21,10,1
306,22,10,1
306,23,10,1
306,24,0,0
306,25,0,0
306,26,0,0
306,27,0,0
306,28,0,0
306,29,0,0
306,30,0,0
306,31,0,0
306,32,0,0
306,33,0,0
306,34,0,0
306,35,0,0
306,36,0,0
306,37,0,0
306,38,0,0
306,39,0,0
306,40,0,0
306,41,0,0
306,42,0,0
306,43,0,0
306,44,0,0
306,45,0,0
306,46,0,0
306,47,0,0
306,48,0,0
306,49,0,0
306,50,0,0
306,51,0,0
306,52,0,0
306,53,0,0
306,54,0,0
306,55,0,0
307,1,16,4
307,2,20,6
307,3,20,6
307,4,22,7
307,5,22,7
307,6,22,7
307,7,22,7
307,8,37,7
307,9,22,6
307,10,20,5
307,11,22,7
307,12,20,5
307,13,18,4
307,14,18,4
307,15,18,4
307,16,20,6
307,17,20,6
307,18,35,6
307,19,18,5
307,20,20,5
307,21,16,4
307,22,14,3
307,23,0,1
307,24,0,0
307,25,0,0
307,26,0,0
307,27,0,0
307,28,0,0
307,29,0,0
307,30,0,0
307,31,0,0
307,32,0,0
307,33,0,0
307,34,0,0
307,35,0,0
307,36,0,0
307,37,0,0
307,38,0,0
307,39,0,0
307,40,0,0
307,41,0,0
307,42,0,0
307,43,0,0
307,44,0,0
308,1,16,4
308,2,22,7
308,3,26,9
308,4,26,9
308,5,28,10
308,6,28,9
308,7,41,9
308,8,43,11
308,9,47,13
308,10,51,13
308,11,47,11
308,12,34,11
308,13,45,10
308,14,30,9
308,15,47,12
308,16,34,11
308,17,28,8
308,18,26,8
308,19,45,11
308,20,47,11
308,21,43,8
308,22,26,7
308,23,28,7
308,24,24,6
308,25,20,4
308,26,0,1
308,27,0,0
308,28,0,0
309,1,14,3
309,2,16,4
309,3,16,4
309,4,18,4
309,5,16,3
309,6,16,4
309,7,16,4
309,8,16,4
309,9,16,3
309,10,16,4
309,11,16,3
309,12,12,1
309,13,10,1
309,14,0,0
309,15,0,0
309,16,0,0
309,17,0,0
309,18,0,0
309,19,0,0
309,20,0,0
309,21,0,0
309,22,0,0
309,23,0,0
309,24,0,0
309,25,0,0
309,26,0,0
309,27,0,0
309,28,0,0
309,29,0,0
309,30,0,0
309,31,0,0
309,32,0,0
309,33,0,0
310,1,12,2
310,2,14,3
310,3,16,3
310,4,16,4
310,5,16,4
310,6,20,6
310,7,20,5
310,8,16,4
310,9,16,3
310,10,12,2
310,11,14,3
310,12,14,3
310,13,16,3
310,14,12,2
310,15,12,2
310,16,14,3
310,17,12,2
310,18,0,0
310,19,0,0
310,20,0,0
310,21,0,0
310,22,0,0
310,23,0,0
310,24,0,0
310,25,0,0
310,26,0,0
310,27,0,0
310,28,0,0
311,1,14,3
311,2,14,3
311,3,14,3
311,4,14,3
311,5,14,3
311,6,14,3
311,7,16,4
311,8,20,6
311,9,37,8
311,10,43,11
311,11,47,11
311,12,41,9
311,13,24,6
311,14,20,5
311,15,20,6
311,16,22,6
311,17,20,5
311,18,16,4
311,19,20,6
311,20,41,10
311,21,45,11
311,22,45,11
311,23,43,10
311,24,43,11
311,25,45,10
311,26,30,10
311,27,28,8
311,28,26,8
311,29,26,7
311,30,24,7
311,31,24,7
311,32,22,6
311,33,20,6
311,34,20,5
311,35,20,6
311,36,22,7
311,37,24,7
311,38,22,7
311,39,22,6
311,40,22,7
311,41,22,7
311,42,24,7
311,43,22,7
311,44,22,5
311,45,18,3
311,46,0,0
311,47,0,0
311,48,0,0
311,49,0,0
311,50,0,0
311,51,0,0
312,1,16,4
312,2,18,5
312,3,18,5
312,4,18,5
312,5,18,5
312,6,18,5
312,7,18,5
312,8,18,4
312,9,20,5
312,10,20,5
312,11,18,5
312,12,14,3
312,13,14,3
312,14,16,4
312,15,16,3
312,16,12,1
312,17,12,2
312,18,12,2
312,19,10,1
312,20,10,1
312,21,10,1
312,22,12,2
312,23,10,1
312,24,10,1
312,25,12,2
312,26,14,3
312,27,12,2
312,28,10,1
312,29,10,1
312,30,10,1
312,31,10,1
312,32,10,1
312,33,12,2
312,34,10,1
312,35,10,1
312,36,10,1
312,37,12,2
312,38,14,3
312,39,10,1
312,40,0,0
313,1,16,4
313,2,20,6
313,3,22,7
313,4,22,7
313,5,24,7
313,6,20,6
313,7,22,7
313,8,22,7
313,9,22,7
313,10,24,7
313,11,22,7
313,12,20,6
313,13,20,6
313,14,22,6
313,15,18,4
313,16,14,3
313,17,14,3
313,18,20,6
313,19,26,9
313,20,26,8
313,21,22,6
313,22,16,3
313,23,16,4
313,24,20,5
313,25,16,3
313,26,16,4
313,27,18,4
313,28,14,2
313,29,14,3
313,30,20,6
313,31,18,5
313,32,14,2
313,33,10,1
313,34,10,1
313,35,12,2
313,36,10,1
313,37,0,0
313,38,0,0
313,39,0,0
313,40,0,0
313,41,0,0
313,42,0,0
313,43,0,0
313,44,0,0
313,45,0,0
313,46,0,0
314,1,12,2
314,2,14,3
314,3,16,4
314,4,16,4
314,5,18,5
314,6,20,6
314,7,22,7
314,8,22,7
314,9,22,7
314,10,22,7
314,11,22,7
314,12,22,7
314,13,22,7
314,14,22,7
314,15,22,7
314,16,22,7
314,17,22,7
314,18,22,7
314,19,22,7
314,20,22,7
314,21,22,7
314,22,22,7
314,23,22,7
314,24,22,7
314,25,22,7
314,26,22,7
314,27,22,7
314,28,22,7
314,29,22,7
314,30,22,7
314,31,22,7
314,32,22,7
314,33,22,7
314,34,22,7
314,35,22,7
314,36,22,7
314,37,22,7
314,38,22,7
314,39,22,7
314,40,22,7
314,41,22,7
314,42,22,7
314,43,22,7
314,44,22,7
314,45,22,7
314,46,22,7
314,47,22,7
314,48,22,7
314,49,22,7
314,50,22,7
314,51,22,7
314,52,22,7
314,53,22,7
314,54,22,7
314,55,22,7
314,56,22,7
314,57,22,7
314,58,22,7
314,59,22,7
314,60,22,7
314,61,22,7
314,62,22,7
314,63,22,7
314,64,22,7
314,65,22,7
314,66,22,7
314,67,22,7
314,68,22,7
314,69,22,7
314,70,22,7
314,71,22,7
314,72,22,7
314,73,22,7
314,74,22,7
314,75,22,7
314,76,22,7
314,77,22,7
314,78,22,7
314,79,22,7
314,80,22,7
314,81,22,7
314,82,22,7
314,83,22,7
314,84,22,7
314,85,22,7
314,86,22,7
314,87,22,7
314,88,22,7
314,89,22,7
314,90,22,7
314,91,22,7
314,92,22,7
314,93,22,7
314,94,22,7
314,95,22,7
314,96,22,7
314,97,22,7
314,98,22,7
314,99,22,7
314,100,22,7
314,101,22,7
314,102,22,7
314,103,22,7
314,104,22,7
314,105,22,7
314,106,22,7
314,107,22,7
314,108,22,7
314,109,22,7
314,110,22,7
314,111,22,7
314,112,22,7
314,113,22,7
314,114,22,7
314,115,22,7
314,116,22,7
314,117,22,7
314,118,22,7
314,119,22,7
314,120,22,7
314,121,22,7
314,122,22,7
314,123,22,7
314,124,22,7
314,125,22,7
314,126,22,7
314,127,22,7
314,128,22,7
314,129,22,7
314,130,22,7
314,131,22,7
314,132,22,7
314,133,22,7
314,134,22,7
314,135,22,7
314,136,22,7
314,137,22,7
314,138,22,7
314,139,22,7
314,140,22,7
314,141,22,7
314,142,22,7
314,143,22,7
314,144,22,7
314,145,22,7
314,146,22,7
314,147,22,7
314,148,22,7
314,149,22,7
314,150,22,7
314,151,22,7
314,152,22,7
314,153,22,7
314,154,22,7
314,155,22,7
314,156,22,7
314,157,22,7
314,158,22,7
314,159,22,7
314,160,22,7
314,161,22,7
314,162,22,7
314,163,22,7
314,164,22,7
314,165,22,7
314,166,22,7
314,167,22,7
314,168,22,7
314,169,22,7
314,170,22,7
314,171,22,7
314,172,22,7
314,173,22,7
314,174,22,7
314,175,22,7
314,176,22,7
314,177,22,7
314,178,22,7
314,179,22,7
314,180,22,7
314,181,22,7
314,182,22,7
314,183,22,7
314,184,22,7
314,185,22,7
314,186,22,7
314,187,22,7
314,188,22,7
314,189,22,7
314,190,22,7
314,191,22,7
314,192,22,7
314,193,22,7
314,194,22,7
314,195,22,7
314,196,22,7
315,1,16,4
315,2,20,6
315,3,20,6
315,4,20,6
315,5,20,6
315,6,20,6
315,7,35,6
315,8,20,6
315,9,22,7
315,10,22,7
315,11,22,6
315,12,20,6
315,13,22,7
315,14,22,7
315,15,24,8
315,16,22,6
315,17,22,6
315,18,20,5
315,19,0,4
315,20,0,4
315,21,0,3
315,22,0,3
315,23,0,3
315,24,0,3
315,25,0,3
315,26,0,3
315,27,0,2
315,28,0,3
315,29,0,3
316,1,14,3
316,2,14,3
316,3,16,4
316,4,18,5
316,5,18,5
316,6,18,5
316,7,18,5
316,8,20,6
316,9,20,5
316,10,20,6
316,11,22,6
316,12,22,6
316,13,20,4
316,14,18,5
316,15,20,6
316,16,35,7
316,17,39,8
316,18,35,6
316,19,33,5
316,20,20,5
316,21,20,6
316,22,22,7
316,23,20,6
316,24,20,5
316,25,18,4
316,26,14,3
316,27,12,2
316,28,0,0
316,29,0,0
316,30,0,0
316,31,0,0
316,32,0,0
316,33,0,0
316,34,0,0
316,35,0,0
316,36,0,0
316,37,0,0
316,38,0,0
316,39,0,0
316,40,0,0
317,1,16,4
317,2,20,6
317,3,22,6
317,4,22,6
317,5,24,8
317,6,26,8
317,7,24,8
317,8,24,7
317,9,39,8
317,10,26,9
317,11,28,10
317,12,28,10
317,13,43,10
317,14,47,11
317,15,47,12
317,16,45,11
317,17,34,12
317,18,36,13
317,19,47,12
317,20,51,13
317,21,51,12
317,22,49,11
317,23,30,8
317,24,24,4
317,25,16,1
317,26,0,0
318,1,16,4
318,2,18,5
318,3,18,5
318,4,20,6
318,5,26,8
318,6,24,8
318,7,26,9
318,8,24,8
318,9,22,7
318,10,26,9
318,11,30,11
318,12,43,10
318,13,28,10
318,14,45,12
318,15,47,12
318,16,45,10
318,17,32,10
318,18,30,9
318,19,63,10
318,20,55,11
318,21,55,12
318,22,59,14
318,23,48,14
318,24,74,14
318,25,56,14
318,26,71,15
318,27,71,16
318,28,73,17
318,29,66,18
318,30,64,19
318,31,66,18
318,32,81,20
318,33,83,20
318,34,83,21
318,35,81,21
318,36,83,23
318,37,87,25
318,38,93,28
318,39,113,29
319,1,16,4
319,2,22,7
319,3,26,9
319,4,28,10
319,5,43,10
319,6,43,11
319,7,47,13
319,8,49,13
319,9,47,11
319,10,43,10
319,11,28,8
319,12,26,9
319,13,30,11
319,14,94,14
319,15,63,17
319,16,65,18
319,17,65,16
319,18,65,18
319,19,67,18
319,20,67,18
319,21,91,20
319,22,81,21
319,23,85,24
319,24,91,27
319,25,115,29
320,1,14,3
320,2,16,4
320,3,16,4
320,4,16,4
320,5,16,4
320,6,18,5
320,7,18,5
320,8,18,4
320,9,16,3
320,10,16,4
320,11,18,5
320,12,18,5
320,13,18,4
320,14,16,3
320,15,20,6
320,16,20,5
320,17,20,6
320,18,20,6
320,19,24,8
320,20,41,9
320,21,41,9
320,22,43,11
320,23,39,8
320,24,33,5
320,25,18,4
320,26,16,3
320,27,16,2
320,28,16,4
320,29,20,6
320,30,20,6
320,31,18,5
320,32,14,3
320,33,10,1
320,34,0,0
321,1,16,4
321,2,20,6
321,3,22,7
321,4,24,8
321,5,39,8
321,6,43,10
321,7,45,11
321,8,43,11
321,9,28,8
321,10,24,8
321,11,39,9
321,12,41,10
321,13,47,12
321,14,45,11
321,15,43,11
321,16,28,10
321,17,26,9
321,18,26,9
321,19,28,9
321,20,26,9
321,21,22,7
321,22,24,7
321,23,22,7
321,24,18,4
321,25,14,3
321,26,16,4
321,27,33,6
321,28,35,7
321,29,18,4
321,30,16,4
321,31,18,5
321,32,18,4
321,33,0,0
321,34,0,0
321,35,0,0
321,36,0,0
321,37,0,0
321,38,0,0
321,39,0,0
321,40,0,0
321,41,0,0
321,42,0,0
321,43,0,0
322,1,12,2
322,2,14,3
322,3,14,3
322,4,14,3
322,5,14,3
322,6,16,4
322,7,16,3
322,8,16,4
322,9,18,5
322,10,20,6
322,11,20,6
322,12,35,6
322,13,22,7
322,14,22,6
322,15,20,5
322,16,14,3
322,17,10,1
322,18,0,0
322,19,0,0
322,20,0,0
322,21,0,0
322,22,0,0
322,23,0,0
322,24,0,0
322,25,0,0
322,26,0,0
322,27,0,0
322,28,0,0
322,29,0,0
322,30,0,0
322,31,0,0
322,32,0,0
322,33,0,0
323,1,14,3
323,2,16,4
323,3,18,5
323,4,20,6
323,5,22,7
323,6,22,7
323,7,22,7
323,8,22,7
323,9,22,6
323,10,20,6
323,11,22,6
323,12,20,5
323,13,18,5
323,14,20,6
323,15,22,7
323,16,22,6
323,17,22,6
323,18,22,7
323,19,22,6
323,20,20,4
323,21,16,3
323,22,14,3
323,23,16,4
323,24,16,4
323,25,18,5
323,26,20,6
323,27,20,6
323,28,20,6
323,29,20,6
323,30,20,6
323,31,20,6
323,32,20,6
323,33,20,6
323,34,20,6
323,35,20,6
323,36,20,6
323,37,20,6
323,38,20,6
323,39,20,6
323,40,20,6
323,41,20,6
323,42,20,6
323,43,20,6
323,44,20,6
323,45,20,6
323,46,20,6
323,47,20,6
323,48,20,6
323,49,20,6
323,50,20,6
323,51,20,6
323,52,20,6
323,53,20,6
323,54,20,6
323,55,20,6
323,56,20,6
323,57,20,6
323,58,20,6
323,59,20,6
323,60,20,6
323,61,20,6
323,62,20,6
323,63,20,6
323,64,20,6
323,65,20,6
323,66,20,6
323,67,20,6
323,68,20,6
323,69,20,6
323,70,20,6
323,71,20,6
323,72,20,6
323,73,20,6
323,74,20,6
323,75,20,6
323,76,20,6
323,77,20,6
323,78,20,6
323,79,20,6
323,80,20,6
323,81,20,6
323,82,20,6
323,83,20,6
323,84,20,6
323,85,20,6
323,86,20,6
323,87,20,6
323,88,20,6
323,89,20,6
323,90,20,6
323,91,20,6
323,92,20,6
323,93,20,6
323,94,20,6
323,95,20,6
323,96,20,6
323,97,20,6
323,98,20,6
323,99,20,6
323,100,20,6
323,101,20,6
323,102,20,6
323,103,20,6
323,104,20,6
323,105,20,6
323,106,20,6
323,107,20,6
323,108,20,6
323,109,20,6
323,110,20,6
323,111,20,6
323,112,20,6
323,113,20,6
323,114,20,6
323,115,20,6
323,116,20,6
323,117,20,6
323,118,20,6
323,119,20,6
323,120,20,6
323,121,20,6
323,122,20,6
323,123,20,6
323,124,20,6
323,125,20,6
323,126,20,6
323,127,20,6
323,128,20,6
323,129,20,6
323,130,20,6
323,131,20,6
323,132,20,6
323,133,20,6
323,134,20,6
323,135,20,6
323,136,20,6
323,137,20,6
323,138,20,6
323,139,20,6
323,140,20,6
323,141,20,6
323,142,20,6
323,143,20,6
323,144,20,6
323,145,20,6
323,146,20,6
323,147,20,6
323,148,20,6
323,149,20,6
323,150,20,6
323,151,20,6
323,152,20,6
323,153,20,6
323,154,20,6
323,155,20,6
323,156,20,6
323,157,20,6
323,158,20,6
323,159,20,6
323,160,20,6
323,161,20,6
323,162,20,6
323,163,20,6
323,164,20,6
323,165,20,6
323,166,20,6
323,167,20,6
323,168,20,6
323,169,20,6
323,170,20,6
323,171,20,6
323,172,20,6
323,173,20,6
323,174,20,6
323,175,20,6
323,176,20,6
323,177,20,6
323,178,20,6
323,179,20,6
323,180,20,6
323,181,20,6
323,182,20,6
323,183,20,6
323,184,20,6
323,185,20,6
323,186,20,6
323,187,20,6
323,188,20,6
323,189,20,6
324,1,16,4
324,2,22,7
324,3,24,8
324,4,24,7
324,5,22,7
324,6,26,9
324,7,41,10
324,8,47,11
324,9,47,12
324,10,47,13
324,11,49,13
324,12,51,15
324,13,49,13
324,14,47,10
324,15,30,10
324,16,56,12
324,17,44,13
324,18,42,10
324,19,43,9
324,20,43,11
324,21,45,11
324,22,30,8
324,23,26,8
324,24,26,8
324,25,26,7
324,26,26,5
324,27,22,4
324,28,20,6
324,29,28,8
324,30,30,10
324,31,30,8
324,32,26,7
324,33,22,6
324,34,35,3
324,35,0,1
325,1,16,4
325,2,20,6
325,3,22,7
325,4,26,9
325,5,41,10
325,6,47,13
325,7,49,13
325,8,49,14
325,9,49,14
325,10,51,15
325,11,51,14
325,12,51,14
325,13,49,14
325,14,49,14
325,15,49,14
325,16,51,15
325,17,53,14
325,18,55,16
325,19,44,16
325,20,40,15
325,21,60,17
325,22,50,14
325,23,48,15
325,24,63,16
325,25,65,16
325,26,63,15
325,27,61,16
325,28,65,17
325,29,63,17
325,30,65,17
325,31,65,17
325,32,67,18
325,33,69,20
325,34,119,22
325,35,85,24
325,36,97,26
326,1,16,4
326,2,20,6
326,3,20,6
326,4,22,7
326,5,26,9
326,6,26,9
326,7,24,8
326,8,22,7
326,9,26,8
326,10,24,8
326,11,26,9
326,12,24,7
326,13,35,7
326,14,41,8
326,15,37,8
326,16,39,9
326,17,24,8
326,18,24,8
326,19,24,8
326,20,39,9
326,21,45,11
326,22,45,12
326,23,45,12
326,24,32,12
326,25,34,13
326,26,51,15
326,27,57,16
326,28,47,13
326,29,49,14
326,30,53,15
326,31,53,15
326,32,40,14
326,33,60,16
326,34,48,15
326,35,50,16
326,36,48,15
326,37,61,15
326,38,65,18
326,39,67,19
326,40,71,21
326,41,101,23
326,42,85,24
326,43,89,26
326,44,91,27
326,45,113,28
327,1,16,4
327,2,20,6
327,3,22,7
327,4,24,7
327,5,22,7
327,6,22,6
327,7,22,5
327,8,20,6
327,9,24,8
327,10,39,8
327,11,37,7
327,12,35,6
327,13,35,6
327,14,41,9
327,15,30,8
327,16,26,9
327,17,41,10
327,18,41,9
327,19,28,9
327,20,26,8
327,21,24,8
327,22,26,8
327,23,24,6
327,24,22,6
327,25,24,8
327,26,67,10
327,27,51,10
327,28,53,11
327,29,55,12
327,30,59,15
327,31,61,15
327,32,48,15
327,33,63,17
327,34,69,20
327,35,75,23
327,36,77,24
327,37,83,26
327,38,113,26
327,39,89,24
327,40,87,25
327,41,91,26
327,42,89,25
327,43,91,27
327,44,93,28
327,45,103,29
328,1,16,4
328,2,22,7
328,3,24,8
328,4,24,8
328,5,24,8
328,6,24,8
328,7,26,9
328,8,28,10
328,9,28,10
328,10,28,10
328,11,28,10
328,12,28,10
328,13,28,9
328,14,26,9
328,15,26,9
328,16,41,10
328,17,45,12
328,18,51,13
328,19,49,13
328,20,49,12
328,21,34,12
328,22,54,12
328,23,42,13
328,24,59,14
328,25,59,15
328,26,65,18
328,27,69,18
328,28,67,17
328,29,52,17
328,30,54,17
328,31,54,17
328,32,67,17
328,33,65,17
328,34,69,20
328,35,75,23
328,36,103,25
328,37,107,26
329,1,16,4
329,2,20,6
329,3,22,7
329,4,22,7
329,5,22,7
329,6,24,8
329,7,24,7
329,8,24,8
329,9,26,9
329,10,24,8
329,11,22,7
329,12,24,8
329,13,26,8
329,14,22,7
329,15,22,6
329,16,22,7
329,17,24,8
329,18,26,9
329,19,30,10
329,20,52,11
329,21,55,13
329,22,61,15
329,23,48,15
329,24,63,16
329,25,89,19
329,26,77,20
329,27,81,21
329,28,83,23
329,29,89,26
329,30,93,28
329,31,93,27
329,32,93,28
329,33,113,29
330,1,16,4
330,2,20,6
330,3,22,7
330,4,26,8
330,5,24,8
330,6,26,8
330,7,26,9
330,8,28,10
330,9,28,10
330,10,43,10
330,11,47,11
330,12,49,13
330,13,49,13
