game,round,pu_after,territories_after
1,1,16,4
1,2,22,7
1,3,24,8
1,4,26,9
1,5,26,9
1,6,41,10
1,7,41,10
1,8,26,9
1,9,24,8
1,10,26,9
1,11,26,9
1,12,20,6
1,13,22,7
1,14,35,7
1,15,33,6
1,16,18,5
1,17,22,7
1,18,20,6
1,19,22,7
1,20,22,7
1,21,22,7
1,22,35,7
1,23,37,8
1,24,33,6
1,25,20,6
1,26,20,6
1,27,35,7
1,28,37,8
1,29,24,8
1,30,24,8
1,31,22,7
1,32,26,9
1,33,41,10
1,34,41,10
1,35,43,11
1,36,41,10
1,37,39,9
1,38,41,10
1,39,41,10
1,40,41,10
1,41,26,9
1,42,26,9
1,43,52,10
1,44,40,12
1,45,42,13
1,46,38,11
1,47,38,11
1,48,51,11
1,49,51,11
1,50,49,10
1,51,51,11
1,52,57,14
1,53,57,14
1,54,55,13
1,55,59,15
1,56,63,17
1,57,65,18
1,58,61,16
1,59,44,14
1,60,42,13
1,61,40,12
1,62,40,12
1,63,40,12
1,64,40,12
1,65,42,13
1,66,57,14
1,67,57,14
1,68,57,14
1,69,40,12
1,70,0,11
1,71,0,9
1,72,0,8
1,73,0,5
1,74,0,4
1,75,0,4
1,76,0,4
1,77,0,3
1,78,0,2
1,79,0,2
1,80,0,1
2,1,14,3
2,2,14,3
2,3,16,4
2,4,18,5
2,5,18,5
2,6,20,6
2,7,18,5
2,8,18,5
2,9,20,6
2,10,20,6
2,11,20,6
2,12,18,5
2,13,18,5
2,14,20,6
2,15,20,6
2,16,20,6
2,17,18,5
2,18,18,5
2,19,20,6
2,20,22,7
2,21,20,6
2,22,18,5
2,23,18,5
2,24,20,6
2,25,22,7
2,26,35,7
2,27,35,7
2,28,35,7
2,29,20,6
2,30,22,7
2,31,24,8
2,32,26,9
2,33,28,10
2,34,30,11
2,35,32,12
2,36,28,10
2,37,26,9
2,38,22,7
2,39,18,5
2,40,16,4
2,41,16,4
2,42,16,4
2,43,14,3
2,44,10,1
2,45,10,1
2,46,12,2
2,47,14,3
2,48,16,4
2,49,16,4
2,50,16,4
2,51,14,3
2,52,0,2
2,53,0,1
2,54,0,1
3,1,16,4
3,2,20,6
3,3,24,8
3,4,26,9
3,5,26,9
3,6,26,9
3,7,26,9
3,8,24,8
3,9,26,9
3,10,26,9
3,11,24,8
3,12,24,8
3,13,22,7
3,14,26,9
3,15,28,10
3,16,30,11
3,17,43,11
3,18,49,14
3,19,49,14
3,20,49,14
3,21,49,14
3,22,49,14
3,23,58,15
3,24,42,13
3,25,59,15
3,26,65,18
3,27,71,21
3,28,73,22
3,29,77,24
3,30,103,28
3,31,113,29
4,1,16,4
4,2,20,6
4,3,22,7
4,4,26,9
4,5,41,10
4,6,45,12
4,7,28,10
4,8,26,9
4,9,24,8
4,10,28,10
4,11,43,11
4,12,49,14
4,13,49,14
4,14,49,14
4,15,32,12
4,16,30,11
4,17,30,11
4,18,45,12
4,19,45,12
4,20,47,13
4,21,49,14
4,22,43,11
4,23,26,9
4,24,30,11
4,25,34,13
4,26,53,16
4,27,53,16
4,28,53,16
4,29,57,18
4,30,55,17
4,31,53,16
4,32,58,16
4,33,50,17
4,34,48,16
4,35,67,19
4,36,67,19
4,37,71,21
4,38,71,21
4,39,73,22
4,40,73,22
4,41,71,21
4,42,71,21
4,43,103,23
4,44,87,25
4,45,111,28
5,1,16,4
5,2,20,6
5,3,22,7
5,4,20,6
5,5,22,7
5,6,26,9
5,7,22,7
5,8,20,6
5,9,22,7
5,10,24,8
5,11,22,7
5,12,18,5
5,13,14,3
5,14,14,3
5,15,10,1
5,16,12,2
5,17,18,5
5,18,22,7
5,19,18,5
5,20,14,3
5,21,10,1
5,22,10,1
5,23,10,1
5,24,10,1
5,25,12,2
5,26,16,4
5,27,18,5
5,28,14,3
5,29,10,1
5,30,10,1
5,31,12,2
5,32,14,3
5,33,14,3
5,34,0,1
6,1,14,3
6,2,16,4
6,3,16,4
6,4,16,4
6,5,16,4
6,6,16,4
6,7,14,3
6,8,14,3
6,9,14,3
6,10,16,4
6,11,20,6
6,12,24,8
6,13,22,7
6,14,22,7
6,15,22,7
6,16,20,6
6,17,20,6
6,18,37,8
6,19,35,7
6,20,20,6
6,21,16,4
6,22,16,4
6,23,18,5
6,24,18,5
6,25,16,4
6,26,14,3
6,27,10,1
6,28,10,1
6,29,12,2
6,30,12,2
6,31,12,2
6,32,10,1
6,33,12,2
6,34,12,2
6,35,14,3
6,36,14,3
6,37,14,3
6,38,14,3
6,39,14,3
6,40,14,3
6,41,14,3
6,42,14,3
6,43,14,3
6,44,14,3
6,45,16,4
6,46,20,6
6,47,20,6
6,48,18,5
6,49,18,5
6,50,0,3
6,51,0,1
6,52,0,1
6,53,0,0
6,54,0,0
6,55,0,0
6,56,0,0
6,57,0,0
6,58,0,0
6,59,0,0
6,60,0,0
6,61,0,0
6,62,0,0
6,63,0,0
6,64,0,0
6,65,0,0
7,1,16,4
7,2,18,5
7,3,18,5
7,4,20,6
7,5,22,7
7,6,24,8
7,7,26,9
7,8,24,8
7,9,24,8
7,10,24,8
7,11,24,8
7,12,26,9
7,13,24,8
7,14,26,9
7,15,28,10
7,16,43,11
7,17,51,15
7,18,47,13
7,19,34,13
7,20,28,10
7,21,22,7
7,22,24,8
7,23,26,9
7,24,43,11
7,25,63,12
7,26,57,14
7,27,61,16
7,28,63,17
7,29,46,15
7,30,44,14
7,31,44,14
7,32,32,12
7,33,26,9
7,34,22,7
7,35,35,7
7,36,35,7
7,37,18,5
7,38,14,3
7,39,14,3
7,40,14,3
7,41,10,1
7,42,0,0
8,1,16,4
8,2,20,6
8,3,22,7
8,4,22,7
8,5,24,8
8,6,26,9
8,7,39,9
8,8,37,8
8,9,24,8
8,10,24,8
8,11,22,7
8,12,20,6
8,13,22,7
8,14,26,9
8,15,26,9
8,16,22,7
8,17,18,5
8,18,20,6
8,19,35,7
8,20,24,8
8,21,20,6
8,22,22,7
8,23,39,9
8,24,41,10
8,25,47,13
8,26,43,11
8,27,24,8
8,28,26,9
8,29,30,11
8,30,28,10
8,31,43,11
8,32,47,13
8,33,49,14
8,34,49,14
8,35,49,14
8,36,49,14
8,37,30,11
8,38,26,9
8,39,28,10
8,40,30,11
8,41,77,14
8,42,53,12
8,43,53,12
8,44,55,13
8,45,46,15
8,46,54,19
8,47,54,19
8,48,69,20
8,49,73,22
8,50,77,24
8,51,73,22
8,52,71,21
8,53,97,23
8,54,87,25
8,55,91,27
8,56,91,27
8,57,113,28
9,1,14,3
9,2,18,5
9,3,18,5
9,4,16,4
9,5,16,4
9,6,18,5
9,7,16,4
9,8,18,5
9,9,18,5
9,10,20,6
9,11,18,5
9,12,18,5
9,13,20,6
9,14,20,6
9,15,18,5
9,16,18,5
9,17,20,6
9,18,22,7
9,19,22,7
9,20,20,6
9,21,18,5
9,22,12,2
9,23,10,1
9,24,0,0
9,25,0,0
9,26,0,0
9,27,0,0
9,28,0,0
9,29,0,0
9,30,0,0
9,31,0,0
9,32,0,0
9,33,0,0
9,34,0,0
9,35,0,0
9,36,0,0
10,1,12,2
10,2,12,2
10,3,14,3
10,4,16,4
10,5,16,4
10,6,14,3
10,7,14,3
10,8,14,3
10,9,14,3
10,10,16,4
10,11,16,4
10,12,14,3
10,13,14,3
10,14,18,5
10,15,18,5
10,16,14,3
10,17,12,2
10,18,12,2
10,19,10,1
10,20,10,1
10,21,10,1
10,22,10,1
10,23,10,1
10,24,12,2
10,25,12,2
10,26,14,3
10,27,14,3
10,28,12,2
10,29,10,1
10,30,0,0
10,31,0,0
10,32,0,0
10,33,0,0
10,34,0,0
11,1,14,3
11,2,16,4
11,3,18,5
11,4,18,5
11,5,18,5
11,6,18,5
11,7,18,5
11,8,18,5
11,9,16,4
11,10,16,4
11,11,16,4
11,12,18,5
11,13,18,5
11,14,20,6
11,15,33,6
11,16,37,8
11,17,37,8
11,18,20,6
11,19,22,7
11,20,37,8
11,21,35,7
11,22,20,6
11,23,18,5
11,24,16,4
11,25,0,2
11,26,0,0
11,27,0,0
11,28,0,0
11,29,0,0
11,30,0,0
11,31,0,0
11,32,0,0
11,33,0,0
11,34,0,0
11,35,0,0
12,1,16,4
12,2,20,6
12,3,22,7
12,4,20,6
12,5,22,7
12,6,24,8
12,7,22,7
12,8,18,5
12,9,16,4
12,10,14,3
12,11,16,4
12,12,14,3
12,13,0,1
12,14,0,0
12,15,0,0
12,16,0,0
12,17,0,0
12,18,0,0
12,19,0,0
12,20,0,0
12,21,0,0
12,22,0,0
12,23,0,0
12,24,0,0
12,25,0,0
12,26,0,0
12,27,0,0
12,28,0,0
12,29,0,0
12,30,0,0
12,31,0,0
12,32,0,0
13,1,16,4
13,2,20,6
13,3,22,7
13,4,24,8
13,5,24,8
13,6,24,8
13,7,22,7
13,8,24,8
13,9,24,8
13,10,24,8
13,11,22,7
13,12,20,6
13,13,22,7
13,14,26,9
13,15,26,9
13,16,24,8
13,17,26,9
13,18,24,8
13,19,22,7
13,20,24,8
13,21,28,10
13,22,26,9
13,23,41,10
13,24,49,14
13,25,47,13
13,26,41,10
13,27,43,11
13,28,45,12
13,29,45,12
13,30,45,12
13,31,45,12
13,32,32,12
13,33,56,14
13,34,44,14
13,35,44,14
13,36,63,17
13,37,65,18
13,38,50,17
13,39,48,16
13,40,44,14
13,41,36,10
13,42,30,7
13,43,22,3
13,44,20,2
13,45,0,1
13,46,0,0
14,1,14,3
14,2,14,3
14,3,16,4
14,4,18,5
14,5,20,6
14,6,22,7
14,7,22,7
14,8,24,8
14,9,39,9
14,10,39,9
14,11,43,11
14,12,43,11
14,13,28,10
14,14,28,10
14,15,28,10
14,16,28,10
14,17,28,10
14,18,28,10
14,19,26,9
14,20,26,9
14,21,26,9
14,22,24,8
14,23,22,7
14,24,20,6
14,25,0,4
14,26,0,4
14,27,0,5
14,28,0,5
14,29,0,3
14,30,0,1
14,31,0,1
14,32,0,0
14,33,0,0
14,34,0,0
14,35,0,0
14,36,0,0
14,37,0,0
14,38,0,0
14,39,0,0
15,1,16,4
15,2,22,7
15,3,26,9
15,4,26,9
15,5,28,10
15,6,26,9
15,7,41,10
15,8,49,14
15,9,53,16
15,10,49,14
15,11,30,11
15,12,34,13
15,13,53,16
15,14,55,17
15,15,53,16
15,16,47,13
15,17,49,14
15,18,53,16
15,19,34,13
15,20,28,10
15,21,26,9
15,22,30,11
15,23,28,10
15,24,26,9
15,25,35,7
15,26,22,7
15,27,22,7
15,28,26,9
15,29,24,8
15,30,24,8
15,31,39,9
15,32,45,12
15,33,43,11
15,34,28,10
15,35,20,6
15,36,22,7
15,37,28,10
15,38,30,11
15,39,69,14
15,40,63,17
15,41,63,17
15,42,63,17
15,43,52,18
15,44,70,18
15,45,60,18
15,46,77,20
15,47,81,22
15,48,83,23
15,49,87,25
15,50,87,25
15,51,91,27
15,52,115,29
16,1,16,4
16,2,20,6
16,3,20,6
16,4,22,7
16,5,22,7
16,6,22,7
16,7,24,8
16,8,24,8
16,9,22,7
16,10,22,7
16,11,22,7
16,12,22,7
16,13,22,7
16,14,22,7
16,15,24,8
16,16,24,8
16,17,26,9
16,18,28,10
16,19,26,9
16,20,22,7
16,21,18,5
16,22,14,3
16,23,14,3
16,24,16,4
16,25,33,6
16,26,35,7
16,27,37,8
16,28,35,7
16,29,22,7
16,30,22,7
16,31,20,6
16,32,20,6
16,33,18,5
16,34,16,4
16,35,16,4
16,36,14,3
16,37,14,3
16,38,14,3
16,39,14,3
16,40,16,4
16,41,18,5
16,42,18,5
16,43,18,5
16,44,12,2
16,45,0,1
17,1,16,4
17,2,18,5
17,3,18,5
17,4,22,7
17,5,22,7
17,6,39,9
17,7,39,9
17,8,22,7
17,9,20,6
17,10,20,6
17,11,22,7
17,12,24,8
17,13,24,8
17,14,26,9
17,15,30,11
17,16,34,13
17,17,45,12
17,18,43,11
17,19,39,9
17,20,22,7
17,21,26,9
17,22,28,10
17,23,32,12
17,24,47,13
17,25,49,14
17,26,49,14
17,27,47,13
17,28,47,13
17,29,32,12
17,30,28,10
17,31,24,8
17,32,26,9
17,33,45,12
17,34,47,13
17,35,49,14
17,36,49,14
17,37,47,13
17,38,47,13
17,39,36,14
17,40,34,13
17,41,49,14
17,42,71,14
17,43,57,14
17,44,38,11
17,45,36,10
17,46,46,15
17,47,59,15
17,48,46,15
17,49,46,15
17,50,63,17
17,51,69,20
17,52,71,21
17,53,73,22
17,54,99,24
17,55,89,26
17,56,91,27
17,57,93,28
17,58,91,27
17,59,115,29
18,1,14,3
18,2,16,4
18,3,20,6
18,4,22,7
18,5,20,6
18,6,22,7
18,7,24,8
18,8,26,9
18,9,26,9
18,10,26,9
18,11,22,7
18,12,24,8
18,13,26,9
18,14,39,9
18,15,39,9
18,16,43,11
18,17,30,11
18,18,26,9
18,19,22,7
18,20,24,8
18,21,41,10
18,22,41,10
18,23,39,9
18,24,22,7
18,25,22,7
18,26,20,6
18,27,20,6
18,28,22,7
18,29,24,8
18,30,26,9
18,31,52,11
18,32,53,12
18,33,55,13
18,34,47,13
18,35,47,13
18,36,43,11
18,37,37,8
18,38,14,3
18,39,14,3
18,40,12,2
18,41,0,1
19,1,16,4
19,2,20,6
19,3,22,7
19,4,22,7
19,5,26,9
19,6,24,8
19,7,24,8
19,8,22,7
19,9,22,7
19,10,41,10
19,11,43,11
19,12,43,11
19,13,26,9
19,14,24,8
19,15,24,8
19,16,30,11
19,17,43,11
19,18,45,12
19,19,30,11
19,20,30,11
19,21,30,11
19,22,26,9
19,23,41,10
19,24,26,9
19,25,20,6
19,26,18,5
19,27,14,3
19,28,16,4
19,29,12,2
19,30,0,1
20,1,16,4
20,2,18,5
20,3,20,6
20,4,20,6
20,5,20,6
20,6,20,6
20,7,20,6
20,8,20,6
20,9,35,7
20,10,39,9
20,11,26,9
20,12,22,7
20,13,22,7
20,14,24,8
20,15,24,8
20,16,26,9
20,17,41,10
20,18,43,11
20,19,24,8
20,20,18,5
20,21,18,5
20,22,16,4
20,23,18,5
20,24,16,4
20,25,16,4
20,26,10,1
20,27,0,0
21,1,14,3
21,2,16,4
21,3,22,7
21,4,24,8
21,5,22,7
21,6,22,7
21,7,22,7
21,8,24,8
21,9,26,9
21,10,26,9
21,11,39,9
21,12,41,10
21,13,39,9
21,14,37,8
21,15,22,7
21,16,18,5
21,17,16,4
21,18,12,2
21,19,0,1
21,20,0,0
21,21,0,0
21,22,0,0
21,23,0,0
21,24,0,0
21,25,0,0
21,26,0,0
21,27,0,0
21,28,0,0
21,29,0,0
21,30,0,0
21,31,0,0
21,32,0,0
21,33,0,0
21,34,0,0
21,35,0,0
21,36,0,0
21,37,0,0
21,38,0,0
21,39,0,0
21,40,0,0
22,1,14,3
22,2,18,5
22,3,24,8
22,4,26,9
22,5,24,8
22,6,24,8
22,7,26,9
22,8,24,8
22,9,22,7
22,10,20,6
22,11,18,5
22,12,18,5
22,13,18,5
22,14,18,5
22,15,22,7
22,16,39,9
22,17,41,10
22,18,43,11
22,19,39,9
22,20,39,9
22,21,35,7
22,22,0,5
22,23,0,2
22,24,0,0
22,25,0,0
22,26,0,0
22,27,0,0
22,28,0,0
22,29,0,0
22,30,0,0
22,31,0,0
22,32,0,0
22,33,0,0
22,34,0,0
22,35,0,0
22,36,0,0
22,37,0,0
22,38,0,0
22,39,0,0
22,40,0,0
22,41,0,0
22,42,0,0
22,43,0,0
22,44,0,0
22,45,0,0
22,46,0,0
22,47,0,0
22,48,0,0
23,1,16,4
23,2,20,6
23,3,24,8
23,4,24,8
23,5,24,8
23,6,24,8
23,7,26,9
23,8,26,9
23,9,26,9
23,10,26,9
23,11,45,12
23,12,49,14
23,13,32,12
23,14,28,10
23,15,26,9
23,16,41,10
23,17,49,14
23,18,51,15
23,19,49,14
23,20,32,12
23,21,26,9
23,22,26,9
23,23,20,6
23,24,16,4
23,25,14,3
23,26,10,1
23,27,0,0
24,1,16,4
24,2,22,7
24,3,26,9
24,4,24,8
24,5,22,7
24,6,20,6
24,7,18,5
24,8,20,6
24,9,24,8
24,10,24,8
24,11,22,7
24,12,22,7
24,13,20,6
24,14,20,6
24,15,22,7
24,16,20,6
24,17,22,7
24,18,24,8
24,19,20,6
24,20,22,7
24,21,22,7
24,22,37,8
24,23,22,7
24,24,24,8
24,25,24,8
24,26,26,9
24,27,28,10
24,28,26,9
24,29,39,9
24,30,39,9
24,31,28,10
24,32,32,12
24,33,36,14
24,34,36,14
24,35,30,11
24,36,56,13
24,37,40,12
24,38,44,14
24,39,63,17
24,40,61,16
24,41,63,17
24,42,63,17
24,43,50,17
24,44,63,17
24,45,65,18
24,46,69,20
24,47,75,23
24,48,77,24
24,49,81,26
24,50,99,26
24,51,91,27
24,52,93,28
24,53,93,28
24,54,93,28
24,55,91,27
24,56,93,28
24,57,93,28
24,58,91,27
24,59,93,28
24,60,113,29
25,1,16,4
25,2,18,5
25,3,20,6
25,4,22,7
25,5,24,8
25,6,24,8
25,7,20,6
25,8,22,7
25,9,35,7
25,10,18,5
25,11,18,5
25,12,22,7
25,13,37,8
25,14,20,6
25,15,16,4
25,16,18,5
25,17,22,7
25,18,37,8
25,19,39,9
25,20,39,9
25,21,24,8
25,22,18,5
25,23,20,6
25,24,35,7
25,25,20,6
25,26,18,5
25,27,22,7
25,28,24,8
25,29,24,8
25,30,22,7
25,31,37,8
25,32,37,8
25,33,39,9
25,34,39,9
25,35,20,6
25,36,22,7
25,37,22,7
25,38,18,5
25,39,20,6
25,40,20,6
25,41,33,6
25,42,20,6
25,43,20,6
25,44,20,6
25,45,20,6
25,46,35,7
25,47,39,9
25,48,35,7
25,49,16,4
25,50,16,4
25,51,20,6
25,52,35,7
25,53,22,7
25,54,20,6
25,55,14,3
25,56,14,3
25,57,14,3
25,58,12,2
25,59,10,1
25,60,10,1
25,61,0,0
25,62,0,0
26,1,16,4
26,2,20,6
26,3,20,6
26,4,22,7
26,5,20,6
26,6,20,6
26,7,20,6
26,8,37,8
26,9,39,9
26,10,22,7
26,11,22,7
26,12,22,7
26,13,18,5
26,14,18,5
26,15,22,7
26,16,37,8
26,17,39,9
26,18,37,8
26,19,31,5
26,20,18,5
26,21,22,7
26,22,28,10
26,23,43,11
26,24,49,14
26,25,49,14
26,26,32,12
26,27,30,11
26,28,30,11
26,29,30,11
26,30,49,14
26,31,51,15
26,32,49,14
26,33,47,13
26,34,41,10
26,35,26,9
26,36,30,11
26,37,28,10
26,38,28,10
26,39,24,8
26,40,22,7
26,41,24,8
26,42,24,8
26,43,20,6
26,44,24,8
26,45,37,8
26,46,39,9
26,47,22,7
26,48,18,5
26,49,18,5
26,50,20,6
26,51,24,8
26,52,24,8
26,53,37,8
26,54,37,8
26,55,0,5
27,1,14,3
27,2,14,3
27,3,14,3
27,4,16,4
27,5,16,4
27,6,16,4
27,7,16,4
27,8,16,4
27,9,16,4
27,10,16,4
27,11,16,4
27,12,16,4
27,13,16,4
27,14,14,3
27,15,12,2
27,16,12,2
27,17,10,1
27,18,12,2
27,19,10,1
27,20,0,0
27,21,0,0
27,22,0,0
27,23,0,0
27,24,0,0
27,25,0,0
27,26,0,0
27,27,0,0
27,28,0,0
27,29,0,0
27,30,0,0
27,31,0,0
27,32,0,0
27,33,0,0
27,34,0,0
27,35,0,0
27,36,0,0
27,37,0,0
27,38,0,0
28,1,14,3
28,2,14,3
28,3,14,3
28,4,16,4
28,5,14,3
28,6,14,3
28,7,16,4
28,8,14,3
28,9,14,3
28,10,16,4
28,11,16,4
28,12,14,3
28,13,14,3
28,14,16,4
28,15,16,4
28,16,14,3
28,17,14,3
28,18,16,4
28,19,16,4
28,20,14,3
28,21,14,3
28,22,16,4
28,23,14,3
28,24,0,1
28,25,0,0
28,26,0,0
28,27,0,0
28,28,0,0
28,29,0,0
28,30,0,0
28,31,0,0
28,32,0,0
28,33,0,0
28,34,0,0
28,35,0,0
28,36,0,0
28,37,0,0
28,38,0,0
28,39,0,0
29,1,16,4
29,2,22,7
29,3,41,10
29,4,37,8
29,5,24,8
29,6,22,7
29,7,22,7
29,8,37,8
29,9,41,10
29,10,45,12
29,11,43,11
29,12,22,7
29,13,20,6
29,14,20,6
29,15,20,6
29,16,18,5
29,17,16,4
29,18,14,3
29,19,29,4
29,20,12,2
29,21,12,2
29,22,10,1
29,23,0,0
29,24,0,0
29,25,0,0
29,26,0,0
29,27,0,0
29,28,0,0
29,29,0,0
29,30,0,0
29,31,0,0
29,32,0,0
29,33,0,0
29,34,0,0
29,35,0,0
29,36,0,0
29,37,0,0
29,38,0,0
29,39,0,0
29,40,0,0
29,41,0,0
29,42,0,0
29,43,0,0
30,1,12,2
30,2,12,2
30,3,14,3
30,4,14,3
30,5,16,4
30,6,18,5
30,7,20,6
30,8,18,5
30,9,16,4
30,10,18,5
30,11,20,6
30,12,16,4
30,13,14,3
30,14,16,4
30,15,18,5
30,16,20,6
30,17,16,4
30,18,14,3
30,19,16,4
30,20,18,5
30,21,16,4
30,22,14,3
30,23,12,2
30,24,0,0
30,25,0,0
30,26,0,0
30,27,0,0
30,28,0,0
30,29,0,0
30,30,0,0
30,31,0,0
30,32,0,0
31,1,14,3
31,2,16,4
31,3,18,5
31,4,18,5
31,5,18,5
31,6,20,6
31,7,22,7
31,8,24,8
31,9,20,6
31,10,18,5
31,11,18,5
31,12,20,6
31,13,22,7
31,14,22,7
31,15,20,6
31,16,20,6
31,17,18,5
31,18,0,4
31,19,0,4
31,20,0,3
31,21,0,2
31,22,0,2
31,23,0,2
31,24,0,0
31,25,0,0
31,26,0,0
31,27,0,0
31,28,0,0
31,29,0,0
31,30,0,0
31,31,0,0
32,1,12,2
32,2,14,3
32,3,16,4
32,4,18,5
32,5,20,6
32,6,20,6
32,7,20,6
32,8,20,6
32,9,20,6
32,10,20,6
32,11,20,6
32,12,20,6
32,13,20,6
32,14,20,6
32,15,22,7
32,16,22,7
32,17,22,7
32,18,22,7
32,19,22,7
32,20,22,7
32,21,22,7
32,22,20,6
32,23,20,6
32,24,22,7
32,25,22,7
32,26,24,8
32,27,26,9
32,28,28,10
32,29,28,10
32,30,56,12
32,31,40,12
32,32,40,12
32,33,57,14
32,34,57,14
32,35,59,15
32,36,63,17
32,37,67,19
32,38,65,18
32,39,61,16
32,40,40,12
32,41,28,10
32,42,22,7
32,43,22,7
32,44,39,9
32,45,43,11
32,46,51,15
32,47,51,15
32,48,75,16
32,49,0,12
32,50,0,9
32,51,0,7
32,52,0,4
32,53,0,3
33,1,14,3
33,2,16,4
33,3,18,5
33,4,16,4
33,5,18,5
33,6,20,6
33,7,20,6
33,8,20,6
33,9,20,6
33,10,20,6
33,11,20,6
33,12,20,6
33,13,20,6
33,14,20,6
33,15,20,6
33,16,35,7
33,17,37,8
33,18,20,6
33,19,18,5
33,20,20,6
33,21,20,6
33,22,20,6
33,23,18,5
33,24,18,5
33,25,18,5
33,26,16,4
33,27,16,4
33,28,16,4
33,29,16,4
33,30,14,3
33,31,16,4
33,32,18,5
33,33,18,5
33,34,18,5
33,35,18,5
33,36,18,5
33,37,18,5
33,38,16,4
33,39,16,4
33,40,18,5
33,41,18,5
33,42,20,6
33,43,20,6
33,44,18,5
33,45,33,6
33,46,18,5
33,47,18,5
33,48,14,3
33,49,14,3
33,50,14,3
33,51,16,4
33,52,16,4
33,53,14,3
33,54,0,2
34,1,14,3
34,2,14,3
34,3,16,4
34,4,16,4
34,5,18,5
34,6,20,6
34,7,18,5
34,8,18,5
34,9,37,8
34,10,35,7
34,11,20,6
34,12,18,5
34,13,18,5
34,14,18,5
34,15,18,5
34,16,18,5
34,17,18,5
34,18,18,5
34,19,31,5
34,20,29,4
34,21,10,1
34,22,10,1
34,23,10,1
34,24,10,1
34,25,10,1
34,26,10,1
34,27,12,2
34,28,14,3
34,29,16,4
34,30,31,5
34,31,16,4
34,32,16,4
34,33,14,3
34,34,12,2
34,35,10,1
34,36,10,1
34,37,12,2
34,38,16,4
34,39,18,5
34,40,20,6
34,41,37,8
34,42,37,8
34,43,22,7
34,44,18,5
34,45,14,3
34,46,14,3
34,47,14,3
34,48,14,3
34,49,12,2
34,50,0,0
34,51,0,0
35,1,16,4
35,2,20,6
35,3,24,8
35,4,26,9
35,5,26,9
35,6,26,9
35,7,24,8
35,8,24,8
35,9,24,8
35,10,24,8
35,11,26,9
35,12,24,8
35,13,26,9
35,14,24,8
35,15,24,8
35,16,24,8
35,17,22,7
35,18,24,8
35,19,22,7
35,20,22,7
35,21,22,7
35,22,20,6
35,23,18,5
35,24,14,3
35,25,0,0
36,1,16,4
36,2,20,6
36,3,24,8
36,4,22,7
36,5,26,9
36,6,28,10
36,7,28,10
36,8,26,9
36,9,39,9
36,10,43,11
36,11,47,13
36,12,47,13
36,13,45,12
36,14,41,10
36,15,28,10
36,16,28,10
36,17,26,9
36,18,43,11
36,19,45,12
36,20,41,10
36,21,41,10
36,22,43,11
36,23,39,9
36,24,24,8
36,25,26,9
36,26,20,6
36,27,16,4
36,28,33,6
36,29,37,8
36,30,18,5
36,31,12,2
36,32,12,2
36,33,18,5
36,34,24,8
36,35,28,10
36,36,28,10
36,37,43,11
36,38,43,11
36,39,26,9
36,40,26,9
36,41,22,7
36,42,22,7
36,43,24,8
36,44,22,7
36,45,18,5
36,46,18,5
36,47,16,4
36,48,14,3
36,49,12,2
36,50,14,3
36,51,14,3
36,52,27,3
36,53,12,2
36,54,14,3
36,55,16,4
36,56,14,3
36,57,12,2
36,58,0,1
37,1,14,3
37,2,16,4
37,3,31,5
37,4,31,5
37,5,31,5
37,6,18,5
37,7,18,5
37,8,18,5
37,9,18,5
37,10,18,5
37,11,18,5
37,12,18,5
37,13,18,5
37,14,20,6
37,15,35,7
37,16,22,7
37,17,24,8
37,18,24,8
37,19,22,7
37,20,20,6
37,21,31,5
37,22,33,6
37,23,31,5
37,24,16,4
37,25,14,3
37,26,18,5
37,27,16,4
37,28,14,3
37,29,12,2
37,30,14,3
37,31,12,2
37,32,0,0
37,33,0,0
37,34,0,0
37,35,0,0
37,36,0,0
37,37,0,0
38,1,14,3
38,2,16,4
38,3,14,3
38,4,14,3
38,5,16,4
38,6,16,4
38,7,16,4
38,8,14,3
38,9,12,2
38,10,14,3
38,11,16,4
38,12,16,4
38,13,14,3
38,14,12,2
38,15,12,2
38,16,10,1
38,17,0,0
38,18,0,0
38,19,0,0
38,20,0,0
38,21,0,0
38,22,0,0
38,23,0,0
38,24,0,0
38,25,0,0
38,26,0,0
38,27,0,0
39,1,16,4
39,2,22,7
39,3,26,9
39,4,26,9
39,5,26,9
39,6,22,7
39,7,22,7
39,8,24,8
39,9,22,7
39,10,33,6
39,11,39,9
39,12,30,11
39,13,24,8
39,14,24,8
39,15,22,7
39,16,22,7
39,17,20,6
39,18,16,4
39,19,12,2
39,20,0,0
39,21,0,0
39,22,0,0
39,23,0,0
39,24,0,0
39,25,0,0
39,26,0,0
39,27,0,0
39,28,0,0
40,1,14,3
40,2,16,4
40,3,18,5
40,4,18,5
40,5,20,6
40,6,20,6
40,7,22,7
40,8,37,8
40,9,39,9
40,10,39,9
40,11,24,8
40,12,26,9
40,13,28,10
40,14,56,13
40,15,42,13
40,16,44,14
40,17,44,14
40,18,42,13
40,19,36,10
40,20,51,11
40,21,53,12
40,22,51,11
40,23,55,13
40,24,57,14
40,25,61,16
40,26,67,19
40,27,67,19
40,28,54,19
40,29,50,17
40,30,44,14
40,31,38,11
40,32,34,9
40,33,32,8
40,34,36,10
40,35,40,12
40,36,44,14
40,37,54,15
40,38,58,17
40,39,73,18
40,40,75,19
40,41,79,21
40,42,81,22
40,43,85,24
40,44,87,25
40,45,113,26
41,1,16,4
41,2,18,5
41,3,22,7
41,4,24,8
41,5,22,7
41,6,18,5
41,7,18,5
41,8,20,6
41,9,22,7
41,10,20,6
41,11,18,5
41,12,16,4
41,13,20,6
41,14,24,8
41,15,26,9
41,16,24,8
41,17,24,8
41,18,26,9
41,19,37,8
41,20,39,9
41,21,41,10
41,22,41,10
41,23,24,8
41,24,20,6
41,25,18,5
41,26,14,3
41,27,12,2
41,28,20,6
41,29,20,6
41,30,14,3
41,31,14,3
41,32,14,3
41,33,14,3
41,34,14,3
41,35,0,2
41,36,0,1
41,37,0,0
41,38,0,0
41,39,0,0
41,40,0,0
41,41,0,0
41,42,0,0
42,1,14,3
42,2,16,4
42,3,20,6
42,4,24,8
42,5,22,7
42,6,22,7
42,7,22,7
42,8,22,7
42,9,22,7
42,10,22,7
42,11,22,7
42,12,20,6
42,13,18,5
42,14,24,8
42,15,24,8
42,16,20,6
42,17,20,6
42,18,24,8
42,19,39,9
42,20,20,6
42,21,20,6
42,22,20,6
42,23,22,7
42,24,24,8
42,25,24,8
42,26,26,9
42,27,43,11
42,28,47,13
42,29,47,13
42,30,45,12
42,31,49,14
42,32,51,15
42,33,65,13
42,34,57,14
42,35,59,15
42,36,46,15
42,37,48,16
42,38,48,16
42,39,52,18
42,40,52,18
42,41,58,21
42,42,68,22
42,43,85,24
42,44,83,23
42,45,66,21
42,46,60,18
42,47,54,15
42,48,42,13
42,49,42,13
42,50,40,12
42,51,34,9
42,52,34,9
42,53,32,8
42,54,32,8
42,55,28,6
42,56,0,6
42,57,0,4
42,58,0,3
42,59,0,2
42,60,0,1
42,61,0,0
43,1,16,4
43,2,18,5
43,3,20,6
43,4,24,8
43,5,20,6
43,6,35,7
43,7,20,6
43,8,18,5
43,9,20,6
43,10,22,7
43,11,20,6
43,12,16,4
43,13,14,3
43,14,14,3
43,15,0,0
43,16,0,0
43,17,0,0
43,18,0,0
43,19,0,0
43,20,0,0
43,21,0,0
43,22,0,0
43,23,0,0
43,24,0,0
43,25,0,0
43,26,0,0
43,27,0,0
43,28,0,0
43,29,0,0
44,1,14,3
44,2,16,4
44,3,16,4
44,4,18,5
44,5,18,5
44,6,18,5
44,7,18,5
44,8,20,6
44,9,18,5
44,10,16,4
44,11,20,6
44,12,22,7
44,13,18,5
44,14,14,3
44,15,14,3
44,16,14,3
44,17,12,2
44,18,12,2
44,19,10,1
44,20,12,2
44,21,14,3
44,22,14,3
44,23,10,1
44,24,12,2
44,25,14,3
44,26,10,1
44,27,10,1
44,28,10,1
44,29,10,1
44,30,0,0
45,1,14,3
45,2,14,3
45,3,14,3
45,4,14,3
45,5,16,4
45,6,18,5
45,7,16,4
45,8,16,4
45,9,18,5
45,10,20,6
45,11,20,6
45,12,18,5
45,13,16,4
45,14,18,5
45,15,20,6
45,16,16,4
45,17,12,2
45,18,12,2
45,19,10,1
45,20,0,0
45,21,0,0
45,22,0,0
45,23,0,0
45,24,0,0
45,25,0,0
45,26,0,0
45,27,0,0
45,28,0,0
45,29,0,0
45,30,0,0
45,31,0,0
45,32,0,0
46,1,16,4
46,2,18,5
46,3,20,6
46,4,20,6
46,5,24,8
46,6,22,7
46,7,20,6
46,8,22,7
46,9,24,8
46,10,22,7
46,11,24,8
46,12,26,9
46,13,28,10
46,14,43,11
46,15,41,10
46,16,41,10
46,17,26,9
46,18,26,9
46,19,24,8
46,20,26,9
46,21,39,9
46,22,41,10
46,23,41,10
46,24,37,8
46,25,24,8
46,26,18,5
46,27,22,7
46,28,28,10
46,29,45,12
46,30,49,14
46,31,47,13
46,32,28,10
46,33,28,10
46,34,24,8
46,35,24,8
46,36,37,8
46,37,43,11
46,38,47,13
46,39,45,12
46,40,26,9
46,41,24,8
46,42,22,7
46,43,20,6
46,44,16,4
46,45,12,2
46,46,14,3
46,47,14,3
46,48,0,1
47,1,16,4
47,2,16,4
47,3,18,5
47,4,22,7
47,5,39,9
47,6,39,9
47,7,39,9
47,8,22,7
47,9,20,6
47,10,22,7
47,11,22,7
47,12,24,8
47,13,22,7
47,14,22,7
47,15,39,9
47,16,39,9
47,17,24,8
47,18,14,3
47,19,12,2
47,20,12,2
47,21,14,3
47,22,14,3
47,23,12,2
47,24,12,2
47,25,16,4
47,26,14,3
47,27,0,1
47,28,0,0
47,29,0,0
47,30,0,0
47,31,0,0
47,32,0,0
47,33,0,0
47,34,0,0
47,35,0,0
47,36,0,0
47,37,0,0
47,38,0,0
47,39,0,0
47,40,0,0
47,41,0,0
47,42,0,0
47,43,0,0
47,44,0,0
47,45,0,0
47,46,0,0
47,47,0,0
47,48,0,0
47,49,0,0
47,50,0,0
47,51,0,0
47,52,0,0
47,53,0,0
47,54,0,0
47,55,0,0
48,1,16,4
48,2,22,7
48,3,24,8
48,4,28,10
48,5,28,10
48,6,41,10
48,7,45,12
48,8,49,14
48,9,47,13
48,10,58,13
48,11,40,12
48,12,57,14
48,13,65,18
48,14,65,18
48,15,63,17
48,16,61,16
48,17,32,12
48,18,28,10
48,19,43,11
48,20,41,10
48,21,45,12
48,22,45,12
48,23,45,12
48,24,43,11
48,25,41,10
48,26,24,8
48,27,24,8
48,28,24,8
48,29,24,8
48,30,22,7
48,31,22,7
48,32,22,7
48,33,20,6
48,34,0,3
48,35,0,2
48,36,0,1
48,37,0,0
48,38,0,0
48,39,0,0
48,40,0,0
48,41,0,0
49,1,16,4
49,2,20,6
49,3,20,6
49,4,24,8
49,5,22,7
49,6,22,7
49,7,20,6
49,8,22,7
49,9,22,7
49,10,33,6
49,11,37,8
49,12,39,9
49,13,24,8
49,14,20,6
49,15,22,7
49,16,24,8
49,17,37,8
49,18,20,6
49,19,18,5
49,20,16,4
49,21,18,5
49,22,18,5
49,23,18,5
49,24,14,3
49,25,12,2
49,26,10,1
49,27,12,2
49,28,14,3
49,29,18,5
49,30,14,3
49,31,14,3
49,32,14,3
49,33,0,2
49,34,0,0
49,35,0,0
49,36,0,0
49,37,0,0
49,38,0,0
49,39,0,0
49,40,0,0
49,41,0,0
49,42,0,0
49,43,0,0
49,44,0,0
49,45,0,0
49,46,0,0
49,47,0,0
49,48,0,0
49,49,0,0
49,50,0,0
50,1,12,2
50,2,14,3
50,3,12,2
50,4,12,2
50,5,16,4
50,6,16,4
50,7,14,3
50,8,14,3
50,9,12,2
50,10,12,2
50,11,10,1
50,12,0,0
50,13,0,0
50,14,0,0
50,15,0,0
50,16,0,0
50,17,0,0
50,18,0,0
50,19,0,0
50,20,0,0
50,21,0,0
50,22,0,0
50,23,0,0
50,24,0,0
50,25,0,0
50,26,0,0
51,1,16,4
51,2,18,5
51,3,20,6
51,4,20,6
51,5,20,6
51,6,22,7
51,7,24,8
51,8,24,8
51,9,22,7
51,10,22,7
51,11,20,6
51,12,22,7
51,13,22,7
51,14,22,7
51,15,20,6
51,16,20,6
51,17,22,7
51,18,24,8
51,19,24,8
51,20,24,8
51,21,24,8
51,22,24,8
51,23,26,9
51,24,26,9
51,25,28,10
51,26,43,11
51,27,45,12
51,28,47,13
51,29,47,13
51,30,51,15
51,31,49,14
51,32,49,14
51,33,47,13
51,34,77,16
51,35,61,16
51,36,61,16
51,37,61,16
51,38,65,18
51,39,69,20
51,40,71,21
51,41,73,22
51,42,95,23
51,43,89,26
51,44,91,27
51,45,93,28
51,46,93,28
51,47,113,29
52,1,14,3
52,2,16,4
52,3,18,5
52,4,18,5
52,5,16,4
52,6,18,5
52,7,20,6
52,8,22,7
52,9,22,7
52,10,22,7
52,11,22,7
52,12,22,7
52,13,22,7
52,14,22,7
52,15,20,6
52,16,22,7
52,17,24,8
52,18,26,9
52,19,28,10
52,20,28,10
52,21,26,9
52,22,28,10
52,23,26,9
52,24,26,9
52,25,26,9
52,26,24,8
52,27,22,7
52,28,20,6
52,29,18,5
52,30,18,5
52,31,18,5
52,32,18,5
52,33,20,6
52,34,22,7
52,35,22,7
52,36,22,7
52,37,24,8
52,38,26,9
52,39,26,9
52,40,28,10
52,41,24,8
52,42,20,6
52,43,18,5
52,44,18,5
52,45,18,5
52,46,18,5
52,47,20,6
52,48,20,6
52,49,20,6
52,50,16,4
52,51,16,4
52,52,16,4
52,53,14,3
52,54,14,3
52,55,12,2
52,56,14,3
52,57,0,2
52,58,0,1
52,59,0,1
52,60,0,0
52,61,0,0
52,62,0,0
52,63,0,0
52,64,0,0
52,65,0,0
52,66,0,0
52,67,0,0
52,68,0,0
52,69,0,0
52,70,0,0
53,1,12,2
53,2,12,2
53,3,12,2
53,4,14,3
53,5,16,4
53,6,18,5
53,7,18,5
53,8,18,5
53,9,18,5
53,10,18,5
53,11,18,5
53,12,18,5
53,13,18,5
53,14,20,6
53,15,18,5
53,16,20,6
53,17,20,6
53,18,20,6
53,19,18,5
53,20,16,4
53,21,12,2
53,22,14,3
53,23,14,3
53,24,14,3
53,25,14,3
53,26,18,5
53,27,22,7
53,28,22,7
53,29,22,7
53,30,26,9
53,31,28,10
53,32,28,10
53,33,32,12
53,34,32,12
53,35,30,11
53,36,28,10
53,37,43,11
53,38,47,13
53,39,47,13
53,40,45,12
53,41,45,12
53,42,43,11
53,43,35,7
53,44,37,8
53,45,37,8
53,46,20,6
53,47,12,2
53,48,12,2
53,49,14,3
53,50,14,3
53,51,12,2
53,52,0,1
54,1,12,2
54,2,14,3
54,3,12,2
54,4,14,3
54,5,16,4
54,6,16,4
54,7,16,4
54,8,16,4
54,9,18,5
54,10,18,5
54,11,16,4
54,12,16,4
54,13,16,4
54,14,18,5
54,15,20,6
54,16,24,8
54,17,24,8
54,18,26,9
54,19,24,8
54,20,22,7
54,21,22,7
54,22,22,7
54,23,22,7
54,24,22,7
54,25,22,7
54,26,22,7
54,27,22,7
54,28,22,7
54,29,22,7
54,30,24,8
54,31,26,9
54,32,28,10
54,33,60,11
54,34,40,12
54,35,42,13
54,36,59,15
54,37,65,18
54,38,63,17
54,39,67,19
54,40,67,19
54,41,65,18
54,42,65,18
54,43,65,18
54,44,65,18
54,45,65,18
54,46,71,21
54,47,69,20
54,48,69,20
54,49,71,21
54,50,69,20
54,51,69,20
54,52,67,19
54,53,67,19
54,54,67,19
54,55,67,19
54,56,67,19
54,57,67,19
54,58,67,19
54,59,52,18
54,60,52,18
54,61,52,18
54,62,50,17
54,63,50,17
54,64,50,17
54,65,50,17
54,66,50,17
54,67,50,17
54,68,50,17
54,69,48,16
54,70,48,16
54,71,46,15
54,72,42,13
54,73,40,12
54,74,40,12
54,75,28,10
54,76,26,9
54,77,24,8
54,78,24,8
54,79,24,8
54,80,24,8
54,81,24,8
54,82,22,7
54,83,18,5
54,84,33,6
54,85,31,5
54,86,31,5
54,87,0,5
54,88,0,5
54,89,0,4
54,90,0,4
54,91,0,5
54,92,0,6
54,93,0,5
54,94,0,5
54,95,0,5
54,96,0,3
54,97,0,2
54,98,0,2
54,99,0,2
54,100,0,2
54,101,0,1
54,102,0,1
55,1,14,3
55,2,16,4
55,3,20,6
55,4,20,6
55,5,20,6
55,6,20,6
55,7,20,6
55,8,20,6
55,9,18,5
55,10,16,4
55,11,18,5
55,12,20,6
55,13,20,6
55,14,35,7
55,15,22,7
55,16,24,8
55,17,24,8
55,18,22,7
55,19,24,8
55,20,22,7
55,21,35,7
55,22,43,11
55,23,43,11
55,24,43,11
55,25,24,8
55,26,24,8
55,27,30,11
55,28,32,12
55,29,28,10
55,30,28,10
55,31,26,9
55,32,24,8
55,33,26,9
55,34,28,10
55,35,30,11
55,36,65,12
55,37,59,15
55,38,63,17
55,39,61,16
55,40,61,16
55,41,63,17
55,42,61,16
55,43,44,14
55,44,40,12
55,45,42,13
55,46,44,14
55,47,42,13
55,48,42,13
55,49,42,13
55,50,44,14
55,51,63,17
55,52,67,19
55,53,93,22
55,54,81,22
55,55,66,21
55,56,66,21
55,57,66,21
55,58,70,23
55,59,91,27
55,60,91,27
55,61,91,27
55,62,89,26
55,63,89,26
55,64,91,27
55,65,93,28
55,66,113,29
56,1,16,4
56,2,22,7
56,3,24,8
56,4,22,7
56,5,24,8
56,6,24,8
56,7,22,7
56,8,20,6
56,9,22,7
56,10,20,6
56,11,37,8
56,12,39,9
56,13,20,6
56,14,16,4
56,15,16,4
56,16,16,4
56,17,35,7
56,18,22,7
56,19,22,7
56,20,22,7
56,21,18,5
56,22,20,6
56,23,18,5
56,24,22,7
56,25,18,5
56,26,31,5
56,27,16,4
56,28,18,5
56,29,20,6
56,30,20,6
56,31,20,6
56,32,18,5
56,33,18,5
56,34,18,5
56,35,18,5
56,36,18,5
56,37,14,3
56,38,12,2
56,39,14,3
56,40,12,2
56,41,0,0
57,1,16,4
57,2,20,6
57,3,24,8
57,4,24,8
57,5,24,8
57,6,24,8
57,7,26,9
57,8,26,9
57,9,24,8
57,10,24,8
57,11,24,8
57,12,22,7
57,13,41,10
57,14,43,11
57,15,43,11
57,16,45,12
57,17,24,8
57,18,14,3
57,19,16,4
57,20,16,4
57,21,16,4
57,22,14,3
57,23,12,2
57,24,16,4
57,25,16,4
57,26,12,2
57,27,10,1
57,28,10,1
57,29,12,2
57,30,16,4
57,31,18,5
57,32,18,5
57,33,18,5
57,34,14,3
57,35,14,3
57,36,16,4
57,37,18,5
57,38,20,6
57,39,20,6
57,40,35,7
57,41,37,8
57,42,41,10
57,43,43,11
57,44,24,8
57,45,26,9
57,46,24,8
57,47,18,5
57,48,22,7
57,49,18,5
57,50,18,5
57,51,14,3
57,52,14,3
57,53,14,3
57,54,12,2
57,55,10,1
57,56,0,0
58,1,16,4
58,2,20,6
58,3,20,6
58,4,22,7
58,5,26,9
58,6,26,9
58,7,26,9
58,8,26,9
58,9,24,8
58,10,24,8
58,11,26,9
58,12,26,9
58,13,24,8
58,14,24,8
58,15,26,9
58,16,24,8
58,17,26,9
58,18,24,8
58,19,24,8
58,20,22,7
58,21,22,7
58,22,20,6
58,23,22,7
58,24,22,7
58,25,20,6
58,26,20,6
58,27,20,6
58,28,22,7
58,29,22,7
58,30,22,7
58,31,20,6
58,32,20,6
58,33,22,7
58,34,18,5
58,35,14,3
58,36,12,2
58,37,0,0
58,38,0,0
58,39,0,0
58,40,0,0
58,41,0,0
58,42,0,0
58,43,0,0
58,44,0,0
58,45,0,0
58,46,0,0
58,47,0,0
58,48,0,0
58,49,0,0
58,50,0,0
58,51,0,0
58,52,0,0
58,53,0,0
58,54,0,0
58,55,0,0
58,56,0,0
58,57,0,0
58,58,0,0
58,59,0,0
58,60,0,0
59,1,16,4
59,2,18,5
59,3,18,5
59,4,22,7
59,5,26,9
59,6,24,8
59,7,26,9
59,8,37,8
59,9,18,5
59,10,20,6
59,11,37,8
59,12,22,7
59,13,20,6
59,14,18,5
59,15,22,7
59,16,20,6
59,17,20,6
59,18,22,7
59,19,35,7
59,20,35,7
59,21,37,8
59,22,31,5
59,23,12,2
59,24,12,2
59,25,18,5
59,26,20,6
59,27,22,7
59,28,22,7
59,29,22,7
59,30,20,6
59,31,14,3
59,32,14,3
59,33,0,2
60,1,14,3
60,2,14,3
60,3,14,3
60,4,16,4
60,5,18,5
60,6,18,5
60,7,18,5
60,8,20,6
60,9,35,7
60,10,41,10
60,11,43,11
60,12,41,10
60,13,26,9
60,14,22,7
60,15,20,6
60,16,22,7
60,17,22,7
60,18,22,7
60,19,22,7
60,20,22,7
60,21,35,7
60,22,37,8
60,23,39,9
60,24,33,6
60,25,33,6
60,26,16,4
60,27,14,3
60,28,12,2
60,29,14,3
60,30,14,3
60,31,16,4
60,32,16,4
60,33,14,3
60,34,14,3
60,35,18,5
60,36,20,6
60,37,18,5
60,38,14,3
60,39,14,3
60,40,12,2
60,41,12,2
60,42,0,0
60,43,0,0
60,44,0,0
60,45,0,0
60,46,0,0
60,47,0,0
60,48,0,0
60,49,0,0
60,50,0,0
60,51,0,0
60,52,0,0
60,53,0,0
61,1,16,4
61,2,20,6
61,3,24,8
61,4,22,7
61,5,20,6
61,6,22,7
61,7,26,9
61,8,26,9
61,9,28,10
61,10,26,9
61,11,41,10
61,12,28,10
61,13,28,10
61,14,43,11
61,15,45,12
61,16,47,13
61,17,30,11
61,18,34,13
61,19,45,12
61,20,47,13
61,21,53,16
61,22,47,13
61,23,45,12
61,24,30,11
61,25,26,9
61,26,28,10
61,27,45,12
61,28,53,16
61,29,51,15
61,30,51,15
61,31,36,14
61,32,36,14
61,33,36,14
61,34,28,10
61,35,39,9
61,36,41,10
61,37,41,10
61,38,41,10
61,39,26,9
61,40,24,8
61,41,24,8
61,42,22,7
61,43,18,5
61,44,16,4
61,45,12,2
61,46,0,1
62,1,14,3
62,2,16,4
62,3,16,4
62,4,16,4
62,5,16,4
62,6,16,4
62,7,16,4
62,8,18,5
62,9,20,6
62,10,18,5
62,11,16,4
62,12,16,4
62,13,14,3
62,14,14,3
62,15,16,4
62,16,18,5
62,17,16,4
62,18,14,3
62,19,16,4
62,20,18,5
62,21,20,6
62,22,33,6
62,23,29,4
62,24,14,3
62,25,12,2
62,26,10,1
62,27,12,2
62,28,14,3
62,29,16,4
62,30,18,5
62,31,20,6
62,32,33,6
62,33,29,4
62,34,14,3
62,35,12,2
62,36,0,1
62,37,0,0
62,38,0,0
62,39,0,0
63,1,18,5
63,2,20,6
63,3,18,5
63,4,22,7
63,5,39,9
63,6,24,8
63,7,20,6
63,8,18,5
63,9,16,4
63,10,16,4
63,11,18,5
63,12,22,7
63,13,22,7
63,14,20,6
63,15,22,7
63,16,24,8
63,17,20,6
63,18,31,5
63,19,14,3
63,20,14,3
63,21,14,3
63,22,20,6
63,23,20,6
63,24,18,5
63,25,14,3
63,26,14,3
63,27,10,1
63,28,0,0
63,29,0,0
63,30,0,0
63,31,0,0
63,32,0,0
63,33,0,0
63,34,0,0
63,35,0,0
63,36,0,0
63,37,0,0
63,38,0,0
63,39,0,0
64,1,16,4
64,2,18,5
64,3,18,5
64,4,22,7
64,5,22,7
64,6,22,7
64,7,22,7
64,8,22,7
64,9,22,7
64,10,20,6
64,11,20,6
64,12,22,7
64,13,22,7
64,14,22,7
64,15,22,7
64,16,22,7
64,17,20,6
64,18,20,6
64,19,20,6
64,20,20,6
64,21,20,6
64,22,18,5
64,23,0,4
64,24,0,3
64,25,0,1
64,26,0,1
64,27,0,0
64,28,0,0
64,29,0,0
64,30,0,0
64,31,0,0
64,32,0,0
64,33,0,0
64,34,0,0
65,1,14,3
65,2,16,4
65,3,16,4
65,4,18,5
65,5,22,7
65,6,22,7
65,7,20,6
65,8,22,7
65,9,26,9
65,10,26,9
65,11,24,8
65,12,22,7
65,13,20,6
65,14,18,5
65,15,16,4
65,16,14,3
65,17,12,2
65,18,0,0
65,19,0,0
65,20,0,0
65,21,0,0
65,22,0,0
65,23,0,0
65,24,0,0
65,25,0,0
65,26,0,0
65,27,0,0
65,28,0,0
65,29,0,0
65,30,0,0
65,31,0,0
65,32,0,0
65,33,0,0
65,34,0,0
65,35,0,0
65,36,0,0
65,37,0,0
65,38,0,0
66,1,16,4
66,2,20,6
66,3,22,7
66,4,22,7
66,5,22,7
66,6,24,8
66,7,20,6
66,8,18,5
66,9,22,7
66,10,24,8
66,11,35,7
66,12,43,11
66,13,39,9
66,14,35,7
66,15,24,8
66,16,24,8
66,17,24,8
66,18,37,8
66,19,35,7
66,20,33,6
66,21,33,6
66,22,22,7
66,23,22,7
66,24,22,7
66,25,24,8
66,26,39,9
66,27,43,11
66,28,43,11
66,29,28,10
66,30,26,9
66,31,24,8
66,32,18,5
66,33,12,2
66,34,10,1
66,35,0,0
67,1,14,3
67,2,16,4
67,3,16,4
67,4,16,4
67,5,18,5
67,6,18,5
67,7,20,6
67,8,22,7
67,9,20,6
67,10,20,6
67,11,22,7
67,12,22,7
67,13,22,7
67,14,20,6
67,15,20,6
67,16,16,4
67,17,16,4
67,18,18,5
67,19,16,4
67,20,18,5
67,21,20,6
67,22,37,8
67,23,22,7
67,24,18,5
67,25,18,5
67,26,16,4
67,27,14,3
67,28,18,5
67,29,18,5
67,30,18,5
67,31,18,5
67,32,16,4
67,33,14,3
67,34,14,3
67,35,16,4
67,36,18,5
67,37,18,5
67,38,18,5
67,39,18,5
67,40,18,5
67,41,18,5
67,42,18,5
67,43,18,5
67,44,20,6
67,45,18,5
67,46,16,4
67,47,12,2
67,48,0,0
68,1,14,3
68,2,14,3
68,3,14,3
68,4,14,3
68,5,14,3
68,6,16,4
68,7,16,4
68,8,18,5
68,9,16,4
68,10,14,3
68,11,14,3
68,12,16,4
68,13,18,5
68,14,16,4
68,15,14,3
68,16,14,3
68,17,14,3
68,18,12,2
68,19,14,3
68,20,12,2
68,21,10,1
68,22,0,0
68,23,0,0
69,1,14,3
69,2,14,3
69,3,16,4
69,4,18,5
69,5,20,6
69,6,20,6
69,7,20,6
69,8,20,6
69,9,20,6
69,10,20,6
69,11,22,7
69,12,24,8
69,13,26,9
69,14,26,9
69,15,24,8
69,16,24,8
69,17,22,7
69,18,24,8
69,19,24,8
69,20,24,8
69,21,22,7
69,22,20,6
69,23,20,6
69,24,20,6
69,25,18,5
69,26,16,4
69,27,14,3
69,28,0,1
69,29,0,2
69,30,0,2
69,31,0,2
69,32,0,2
69,33,0,2
69,34,0,0
69,35,0,0
69,36,0,0
69,37,0,0
69,38,0,0
69,39,0,0
69,40,0,0
70,1,16,4
70,2,20,6
70,3,24,8
70,4,24,8
70,5,22,7
70,6,24,8
70,7,26,9
70,8,26,9
70,9,26,9
70,10,24,8
70,11,26,9
70,12,28,10
70,13,26,9
70,14,26,9
70,15,39,9
70,16,37,8
70,17,43,11
70,18,32,12
70,19,54,13
70,20,40,12
70,21,40,12
70,22,42,13
70,23,42,13
70,24,64,15
70,25,58,17
70,26,60,18
70,27,60,18
70,28,62,19
70,29,60,18
70,30,60,18
70,31,75,19
70,32,77,20
70,33,77,20
70,34,73,18
70,35,54,15
70,36,52,14
70,37,52,14
70,38,52,14
70,39,54,15
70,40,54,15
70,41,56,16
70,42,58,17
70,43,63,17
70,44,65,18
70,45,65,18
70,46,67,19
70,47,77,20
70,48,77,20
70,49,79,21
70,50,81,22
70,51,81,22
70,52,81,22
70,53,79,21
70,54,81,22
70,55,79,21
70,56,77,20
70,57,79,21
70,58,83,23
70,59,85,24
70,60,85,24
70,61,89,26
70,62,91,27
70,63,113,28
71,1,16,4
71,2,22,7
71,3,24,8
71,4,28,10
71,5,28,10
71,6,26,9
71,7,24,8
71,8,26,9
71,9,28,10
71,10,26,9
71,11,24,8
71,12,24,8
71,13,26,9
71,14,28,10
71,15,28,10
71,16,28,10
71,17,28,10
71,18,41,10
71,19,43,11
71,20,43,11
71,21,41,10
71,22,39,9
71,23,22,7
71,24,16,4
71,25,12,2
71,26,0,0
71,27,0,0
72,1,14,3
72,2,16,4
72,3,16,4
72,4,16,4
72,5,16,4
72,6,18,5
72,7,18,5
72,8,18,5
72,9,20,6
72,10,26,9
72,11,39,9
72,12,39,9
72,13,37,8
72,14,39,9
72,15,37,8
72,16,37,8
72,17,22,7
72,18,22,7
72,19,22,7
72,20,24,8
72,21,24,8
72,22,24,8
72,23,22,7
72,24,22,7
72,25,24,8
72,26,22,7
72,27,22,7
72,28,35,7
72,29,41,10
72,30,41,10
72,31,41,10
72,32,39,9
72,33,24,8
72,34,24,8
72,35,24,8
72,36,26,9
72,37,24,8
72,38,22,7
72,39,18,5
72,40,18,5
72,41,16,4
72,42,14,3
72,43,12,2
72,44,10,1
72,45,12,2
72,46,12,2
72,47,12,2
72,48,10,1
72,49,0,0
73,1,16,4
73,2,18,5
73,3,20,6
73,4,20,6
73,5,20,6
73,6,22,7
73,7,20,6
73,8,20,6
73,9,20,6
73,10,20,6
73,11,20,6
73,12,20,6
73,13,20,6
73,14,20,6
73,15,20,6
73,16,20,6
73,17,20,6
73,18,20,6
73,19,20,6
73,20,20,6
73,21,20,6
73,22,20,6
73,23,20,6
73,24,20,6
73,25,20,6
73,26,22,7
73,27,22,7
73,28,24,8
73,29,24,8
73,30,93,8
73,31,36,10
73,32,38,11
73,33,51,11
73,34,0,9
73,35,0,8
73,36,0,7
73,37,0,8
73,38,0,7
73,39,0,6
73,40,0,6
73,41,0,5
73,42,0,4
74,1,16,4
74,2,22,7
74,3,24,8
74,4,26,9
74,5,26,9
74,6,24,8
74,7,22,7
74,8,24,8
74,9,24,8
74,10,22,7
74,11,20,6
74,12,20,6
74,13,24,8
74,14,26,9
74,15,28,10
74,16,34,13
74,17,34,13
74,18,34,13
74,19,34,13
74,20,51,15
74,21,55,17
74,22,57,18
74,23,59,19
74,24,55,17
74,25,55,17
74,26,53,16
74,27,51,15
74,28,51,15
74,29,73,14
74,30,59,15
74,31,63,17
74,32,91,19
74,33,75,19
74,34,79,21
74,35,85,24
74,36,85,24
74,37,85,24
74,38,85,24
74,39,85,24
74,40,85,24
74,41,87,25
74,42,91,27
74,43,93,28
74,44,113,29
75,1,16,4
75,2,18,5
75,3,20,6
75,4,22,7
75,5,24,8
75,6,24,8
75,7,26,9
75,8,24,8
75,9,26,9
75,10,26,9
75,11,26,9
75,12,28,10
75,13,45,12
75,14,71,16
75,15,59,15
75,16,42,13
75,17,42,13
75,18,42,13
75,19,44,14
75,20,55,13
75,21,59,15
75,22,63,17
75,23,65,18
75,24,63,17
75,25,46,15
75,26,42,13
75,27,53,12
75,28,57,14
75,29,59,15
75,30,55,13
75,31,59,15
75,32,61,16
75,33,63,17
75,34,52,18
75,35,67,19
75,36,69,20
75,37,73,22
75,38,69,20
75,39,65,18
75,40,63,17
75,41,65,18
75,42,63,17
75,43,65,18
75,44,54,19
75,45,54,19
75,46,63,17
75,47,63,17
75,48,67,19
75,49,65,18
75,50,67,19
75,51,69,20
75,52,89,21
75,53,68,22
75,54,85,24
75,55,85,24
75,56,83,23
75,57,87,25
75,58,87,25
75,59,91,27
75,60,93,28
75,61,93,28
75,62,113,29
76,1,16,4
76,2,20,6
76,3,37,8
76,4,41,10
76,5,24,8
76,6,24,8
76,7,22,7
76,8,20,6
76,9,22,7
76,10,24,8
76,11,22,7
76,12,24,8
76,13,24,8
76,14,24,8
76,15,22,7
76,16,24,8
76,17,35,7
76,18,39,9
76,19,35,7
76,20,18,5
76,21,20,6
76,22,20,6
76,23,20,6
76,24,16,4
76,25,10,1
76,26,10,1
76,27,14,3
76,28,18,5
76,29,16,4
76,30,12,2
76,31,0,1
76,32,0,0
76,33,0,0
76,34,0,0
76,35,0,0
76,36,0,0
76,37,0,0
76,38,0,0
76,39,0,0
76,40,0,0
76,41,0,0
77,1,14,3
77,2,16,4
77,3,14,3
77,4,16,4
77,5,18,5
77,6,16,4
77,7,16,4
77,8,16,4
77,9,16,4
77,10,16,4
77,11,16,4
77,12,16,4
77,13,16,4
77,14,16,4
77,15,12,2
77,16,14,3
77,17,16,4
77,18,16,4
77,19,12,2
77,20,12,2
77,21,12,2
77,22,12,2
77,23,14,3
77,24,16,4
77,25,18,5
77,26,16,4
77,27,16,4
77,28,16,4
77,29,18,5
77,30,20,6
77,31,18,5
77,32,16,4
77,33,16,4
77,34,18,5
77,35,20,6
77,36,16,4
77,37,16,4
77,38,12,2
77,39,0,2
77,40,0,0
77,41,0,0
77,42,0,0
77,43,0,0
77,44,0,0
77,45,0,0
78,1,16,4
78,2,20,6
78,3,26,9
78,4,26,9
78,5,24,8
78,6,26,9
78,7,26,9
78,8,26,9
78,9,24,8
78,10,22,7
78,11,20,6
78,12,22,7
78,13,22,7
78,14,22,7
78,15,26,9
78,16,26,9
78,17,24,8
78,18,24,8
78,19,24,8
78,20,24,8
78,21,22,7
78,22,22,7
78,23,24,8
78,24,26,9
78,25,26,9
78,26,26,9
78,27,24,8
78,28,24,8
78,29,24,8
78,30,22,7
78,31,26,9
78,32,24,8
78,33,24,8
78,34,22,7
78,35,20,6
78,36,20,6
78,37,22,7
78,38,26,9
78,39,24,8
78,40,22,7
78,41,22,7
78,42,26,9
78,43,26,9
78,44,24,8
78,45,24,8
78,46,22,7
78,47,22,7
78,48,24,8
78,49,24,8
78,50,26,9
78,51,24,8
78,52,24,8
78,53,22,7
78,54,22,7
78,55,24,8
78,56,26,9
78,57,24,8
78,58,22,7
78,59,24,8
78,60,20,6
78,61,20,6
78,62,18,5
78,63,0,4
78,64,0,4
78,65,0,4
78,66,0,4
78,67,0,4
78,68,0,4
78,69,0,4
78,70,0,4
78,71,0,4
78,72,0,4
78,73,0,4
78,74,0,4
78,75,0,4
78,76,0,4
78,77,0,4
78,78,0,4
78,79,0,4
78,80,0,4
78,81,0,4
78,82,0,4
78,83,0,4
78,84,0,4
78,85,0,4
78,86,0,4
78,87,0,4
78,88,0,4
78,89,0,4
78,90,0,4
78,91,0,4
78,92,0,4
78,93,0,4
78,94,0,4
78,95,0,4
78,96,0,4
78,97,0,4
78,98,0,4
78,99,0,4
78,100,0,4
78,101,0,4
78,102,0,4
78,103,0,4
78,104,0,4
78,105,0,4
78,106,0,4
78,107,0,4
78,108,0,4
78,109,0,4
78,110,0,4
78,111,0,4
78,112,0,4
78,113,0,4
78,114,0,4
78,115,0,4
78,116,0,4
78,117,0,4
78,118,0,4
78,119,0,4
78,120,0,4
78,121,0,4
78,122,0,4
78,123,0,4
78,124,0,4
78,125,0,4
78,126,0,4
78,127,0,4
78,128,0,4
78,129,0,4
78,130,0,4
78,131,0,4
78,132,0,4
78,133,0,4
78,134,0,4
78,135,0,4
78,136,0,4
78,137,0,4
78,138,0,4
78,139,0,4
78,140,0,4
78,141,0,4
78,142,0,4
78,143,0,4
78,144,0,4
78,145,0,4
78,146,0,4
78,147,0,4
78,148,0,4
78,149,0,4
78,150,0,4
78,151,0,4
78,152,0,4
78,153,0,4
78,154,0,4
78,155,0,4
78,156,0,4
78,157,0,4
78,158,0,4
78,159,0,4
78,160,0,4
78,161,0,4
78,162,0,4
78,163,0,4
78,164,0,4
78,165,0,4
78,166,0,4
78,167,0,4
78,168,0,4
78,169,0,4
78,170,0,2
78,171,0,2
79,1,16,4
79,2,22,7
79,3,26,9
79,4,24,8
79,5,24,8
79,6,24,8
79,7,24,8
79,8,24,8
79,9,28,10
79,10,41,10
79,11,24,8
79,12,39,9
79,13,45,12
79,14,28,10
79,15,30,11
79,16,43,11
79,17,43,11
79,18,45,12
79,19,47,13
79,20,36,14
79,21,58,15
79,22,50,17
79,23,50,17
79,24,46,15
79,25,65,18
79,26,65,18
79,27,69,20
79,28,85,19
79,29,77,20
79,30,83,23
79,31,85,24
79,32,74,25
79,33,113,24
80,1,14,3
80,2,18,5
80,3,20,6
80,4,22,7
80,5,22,7
80,6,22,7
80,7,22,7
80,8,26,9
80,9,41,10
80,10,43,11
80,11,43,11
80,12,24,8
80,13,26,9
80,14,24,8
80,15,26,9
80,16,41,10
80,17,47,13
80,18,49,14
80,19,45,12
80,20,28,10
80,21,24,8
80,22,26,9
80,23,28,10
80,24,45,12
80,25,49,14
80,26,51,15
80,27,53,16
80,28,57,18
80,29,57,18
80,30,55,17
80,31,83,19
80,32,67,19
80,33,73,22
80,34,93,23
80,35,87,25
80,36,93,28
80,37,93,28
80,38,93,28
80,39,93,28
80,40,93,28
80,41,91,27
80,42,93,28
80,43,93,28
80,44,93,28
80,45,93,28
80,46,93,28
80,47,93,28
80,48,91,27
80,49,91,27
80,50,113,28
81,1,16,4
81,2,20,6
81,3,22,7
81,4,24,8
81,5,22,7
81,6,35,7
81,7,39,9
81,8,47,13
81,9,47,13
81,10,39,9
81,11,28,10
81,12,32,12
81,13,30,11
81,14,41,10
81,15,45,12
81,16,45,12
81,17,30,11
81,18,45,12
81,19,49,14
81,20,53,16
81,21,55,17
81,22,57,18
81,23,40,16
81,24,51,15
81,25,53,16
81,26,55,17
81,27,55,17
81,28,57,18
81,29,57,18
81,30,55,17
81,31,75,18
81,32,67,19
81,33,69,20
81,34,71,21
81,35,73,22
81,36,71,21
81,37,58,21
81,38,114,23
81,39,109,24
82,1,14,3
82,2,14,3
82,3,14,3
82,4,12,2
82,5,14,3
82,6,14,3
82,7,14,3
82,8,16,4
82,9,14,3
82,10,14,3
82,11,12,2
82,12,14,3
82,13,14,3
82,14,14,3
82,15,12,2
82,16,10,1
82,17,0,0
82,18,0,0
82,19,0,0
82,20,0,0
82,21,0,0
82,22,0,0
82,23,0,0
82,24,0,0
82,25,0,0
82,26,0,0
82,27,0,0
83,1,14,3
83,2,16,4
83,3,14,3
83,4,14,3
83,5,14,3
83,6,14,3
83,7,16,4
83,8,16,4
83,9,16,4
83,10,14,3
83,11,16,4
83,12,16,4
83,13,18,5
83,14,18,5
83,15,16,4
83,16,16,4
83,17,16,4
83,18,16,4
83,19,16,4
83,20,14,3
83,21,14,3
83,22,16,4
83,23,16,4
83,24,14,3
83,25,14,3
83,26,18,5
83,27,18,5
83,28,18,5
83,29,18,5
83,30,16,4
83,31,16,4
83,32,18,5
83,33,18,5
83,34,18,5
83,35,18,5
83,36,18,5
83,37,20,6
83,38,20,6
83,39,20,6
83,40,16,4
83,41,12,2
83,42,0,1
83,43,0,1
83,44,0,1
83,45,0,1
83,46,0,1
83,47,0,0
83,48,0,0
83,49,0,0
83,50,0,0
83,51,0,0
84,1,12,2
84,2,14,3
84,3,14,3
84,4,14,3
84,5,14,3
84,6,14,3
84,7,14,3
84,8,14,3
84,9,16,4
84,10,16,4
84,11,16,4
84,12,16,4
84,13,18,5
84,14,18,5
84,15,18,5
84,16,18,5
84,17,20,6
84,18,22,7
84,19,24,8
84,20,48,9
84,21,32,8
84,22,20,6
84,23,20,6
84,24,18,5
84,25,18,5
84,26,18,5
84,27,18,5
84,28,16,4
84,29,16,4
84,30,14,3
84,31,14,3
84,32,16,4
84,33,14,3
84,34,14,3
84,35,16,4
84,36,18,5
84,37,16,4
84,38,14,3
84,39,14,3
84,40,16,4
84,41,18,5
84,42,16,4
84,43,16,4
84,44,16,4
84,45,14,3
84,46,12,2
84,47,10,1
84,48,0,0
85,1,16,4
85,2,18,5
85,3,22,7
85,4,26,9
85,5,28,10
85,6,26,9
85,7,26,9
85,8,28,10
85,9,41,10
85,10,41,10
85,11,45,12
85,12,49,14
85,13,49,14
85,14,49,14
85,15,47,13
85,16,45,12
85,17,43,11
85,18,41,10
85,19,41,10
85,20,41,10
85,21,41,10
85,22,43,11
85,23,45,12
85,24,30,11
85,25,47,13
85,26,77,16
85,27,63,17
85,28,69,20
85,29,99,23
85,30,83,23
85,31,81,22
85,32,85,24
85,33,87,25
85,34,87,25
85,35,89,26
85,36,93,28
85,37,113,29
86,1,16,4
86,2,20,6
86,3,20,6
86,4,22,7
86,5,24,8
86,6,22,7
86,7,20,6
86,8,20,6
86,9,26,9
86,10,24,8
86,11,22,7
86,12,22,7
86,13,24,8
86,14,26,9
86,15,24,8
86,16,20,6
86,17,20,6
86,18,20,6
86,19,20,6
86,20,24,8
86,21,20,6
86,22,20,6
86,23,18,5
86,24,33,6
86,25,39,9
86,26,41,10
86,27,24,8
86,28,22,7
86,29,16,4
86,30,16,4
86,31,16,4
86,32,29,4
86,33,27,3
86,34,14,3
86,35,14,3
86,36,12,2
86,37,10,1
86,38,12,2
86,39,18,5
86,40,18,5
86,41,14,3
86,42,12,2
86,43,0,1
86,44,0,1
86,45,0,1
86,46,0,1
86,47,0,1
87,1,16,4
87,2,20,6
87,3,22,7
87,4,37,8
87,5,39,9
87,6,41,10
87,7,24,8
87,8,22,7
87,9,24,8
87,10,41,10
87,11,47,13
87,12,51,15
87,13,49,14
87,14,45,12
87,15,28,10
87,16,28,10
87,17,26,9
87,18,26,9
87,19,26,9
87,20,26,9
87,21,41,10
87,22,45,12
87,23,47,13
87,24,36,14
87,25,45,12
87,26,45,12
87,27,45,12
87,28,47,13
87,29,51,15
87,30,71,16
87,31,59,15
87,32,44,14
87,33,60,13
87,34,50,13
87,35,54,15
87,36,54,15
87,37,56,16
87,38,69,16
87,39,63,17
87,40,63,17
87,41,65,18
87,42,67,19
87,43,67,19
87,44,113,19
87,45,64,20
87,46,62,19
87,47,81,22
87,48,87,25
87,49,97,26
88,1,14,3
88,2,16,4
88,3,18,5
88,4,20,6
88,5,22,7
88,6,22,7
88,7,22,7
88,8,22,7
88,9,22,7
88,10,22,7
88,11,22,7
88,12,22,7
88,13,22,7
88,14,22,7
88,15,22,7
88,16,22,7
88,17,22,7
88,18,22,7
88,19,22,7
88,20,22,7
88,21,22,7
88,22,22,7
88,23,22,7
88,24,22,7
88,25,22,7
88,26,22,7
88,27,22,7
88,28,20,6
88,29,20,6
88,30,20,6
88,31,20,6
88,32,20,6
88,33,35,7
88,34,37,8
88,35,37,8
88,36,37,8
88,37,37,8
88,38,35,7
88,39,35,7
88,40,20,6
88,41,20,6
88,42,20,6
88,43,20,6
88,44,20,6
88,45,24,8
88,46,24,8
88,47,24,8
88,48,26,9
88,49,41,10
88,50,43,11
88,51,54,13
88,52,40,12
88,53,42,13
88,54,42,13
88,55,42,13
88,56,40,12
88,57,40,12
88,58,42,13
88,59,42,13
88,60,42,13
88,61,42,13
88,62,42,13
88,63,42,13
88,64,42,13
88,65,42,13
88,66,42,13
88,67,42,13
88,68,42,13
88,69,42,13
88,70,42,13
88,71,42,13
88,72,42,13
88,73,42,13
88,74,42,13
88,75,42,13
88,76,42,13
88,77,42,13
88,78,42,13
88,79,42,13
88,80,42,13
88,81,42,13
88,82,42,13
88,83,42,13
88,84,42,13
88,85,42,13
88,86,42,13
88,87,42,13
88,88,42,13
88,89,42,13
88,90,42,13
88,91,42,13
88,92,42,13
88,93,42,13
88,94,42,13
88,95,42,13
88,96,42,13
88,97,42,13
88,98,42,13
88,99,42,13
88,100,42,13
88,101,42,13
88,102,42,13
88,103,42,13
88,104,42,13
88,105,42,13
88,106,42,13
88,107,42,13
88,108,42,13
88,109,42,13
88,110,42,13
88,111,42,13
88,112,42,13
88,113,42,13
88,114,42,13
88,115,42,13
88,116,42,13
88,117,42,13
88,118,42,13
88,119,42,13
88,120,42,13
88,121,42,13
88,122,42,13
88,123,42,13
88,124,42,13
88,125,42,13
88,126,42,13
88,127,42,13
88,128,42,13
88,129,42,13
88,130,42,13
88,131,42,13
88,132,42,13
88,133,42,13
88,134,42,13
88,135,42,13
88,136,42,13
88,137,42,13
88,138,42,13
88,139,42,13
88,140,42,13
88,141,42,13
88,142,42,13
88,143,42,13
88,144,42,13
88,145,42,13
88,146,42,13
88,147,42,13
88,148,42,13
88,149,42,13
88,150,42,13
88,151,42,13
88,152,42,13
88,153,42,13
88,154,42,13
88,155,42,13
88,156,42,13
88,157,42,13
88,158,42,13
88,159,42,13
88,160,42,13
88,161,42,13
88,162,42,13
88,163,42,13
88,164,42,13
88,165,42,13
88,166,42,13
88,167,42,13
88,168,42,13
88,169,42,13
88,170,42,13
88,171,42,13
88,172,42,13
88,173,42,13
88,174,42,13
88,175,42,13
88,176,42,13
88,177,42,13
88,178,42,13
88,179,42,13
88,180,42,13
88,181,42,13
88,182,42,13
88,183,42,13
88,184,42,13
88,185,42,13
88,186,42,13
88,187,42,13
88,188,42,13
88,189,42,13
88,190,42,13
88,191,42,13
88,192,42,13
88,193,42,13
88,194,42,13
88,195,42,13
88,196,42,13
88,197,42,13
88,198,42,13
88,199,42,13
88,200,42,13
89,1,14,3
89,2,16,4
89,3,18,5
89,4,20,6
89,5,22,7
89,6,24,8
89,7,22,7
89,8,22,7
89,9,20,6
89,10,20,6
89,11,18,5
89,12,35,7
89,13,41,10
89,14,41,10
89,15,39,9
89,16,24,8
89,17,22,7
89,18,22,7
89,19,20,6
89,20,18,5
89,21,18,5
89,22,20,6
89,23,20,6
89,24,20,6
89,25,20,6
89,26,20,6
89,27,22,7
89,28,24,8
89,29,24,8
89,30,26,9
89,31,28,10
89,32,43,11
89,33,47,13
89,34,49,14
89,35,47,13
89,36,56,14
89,37,38,11
89,38,38,11
89,39,36,10
89,40,36,10
89,41,36,10
89,42,30,7
89,43,0,6
89,44,0,5
89,45,0,6
89,46,0,5
89,47,0,4
89,48,0,3
89,49,0,3
89,50,0,3
89,51,0,3
89,52,0,3
89,53,0,3
89,54,0,3
89,55,0,2
89,56,0,1
89,57,0,0
90,1,16,4
90,2,18,5
90,3,22,7
90,4,26,9
90,5,26,9
90,6,26,9
90,7,26,9
90,8,28,10
90,9,26,9
90,10,41,10
90,11,47,13
90,12,49,14
90,13,49,14
90,14,47,13
90,15,24,8
90,16,18,5
90,17,14,3
90,18,12,2
90,19,14,3
90,20,20,6
90,21,18,5
90,22,20,6
90,23,18,5
90,24,20,6
90,25,22,7
90,26,24,8
90,27,24,8
90,28,20,6
90,29,18,5
90,30,20,6
90,31,20,6
90,32,16,4
90,33,0,1
90,34,0,0
90,35,0,0
90,36,0,0
90,37,0,0
90,38,0,0
90,39,0,0
90,40,0,0
90,41,0,0
90,42,0,0
90,43,0,0
90,44,0,0
90,45,0,0
90,46,0,0
91,1,16,4
91,2,18,5
91,3,20,6
91,4,20,6
91,5,22,7
91,6,26,9
91,7,28,10
91,8,26,9
91,9,41,10
91,10,45,12
91,11,49,14
91,12,30,11
91,13,28,10
91,14,28,10
91,15,43,11
91,16,47,13
91,17,49,14
91,18,75,15
91,19,59,15
91,20,42,13
91,21,24,8
91,22,26,9
91,23,22,7
91,24,22,7
91,25,22,7
91,26,35,7
91,27,39,9
91,28,0,8
92,1,16,4
92,2,22,7
92,3,41,10
92,4,26,9
92,5,26,9
92,6,28,10
92,7,30,11
92,8,45,12
92,9,45,12
92,10,49,14
92,11,34,13
92,12,34,13
92,13,36,14
92,14,47,13
92,15,49,14
92,16,51,15
92,17,55,17
92,18,51,15
92,19,34,13
92,20,28,10
92,21,24,8
92,22,24,8
92,23,22,7
92,24,37,8
92,25,20,6
92,26,18,5
92,27,16,4
92,28,14,3
92,29,12,2
92,30,12,2
92,31,10,1
92,32,0,0
93,1,14,3
93,2,18,5
93,3,20,6
93,4,22,7
93,5,22,7
93,6,22,7
93,7,22,7
93,8,39,9
93,9,41,10
93,10,41,10
93,11,39,9
93,12,24,8
93,13,24,8
93,14,20,6
93,15,24,8
93,16,26,9
93,17,28,10
93,18,45,12
93,19,26,9
93,20,24,8
93,21,22,7
93,22,20,6
93,23,35,7
93,24,35,7
93,25,33,6
93,26,18,5
93,27,16,4
93,28,18,5
93,29,24,8
93,30,39,9
93,31,41,10
93,32,43,11
93,33,45,12
93,34,47,13
93,35,47,13
93,36,30,11
93,37,24,8
93,38,22,7
93,39,20,6
93,40,20,6
93,41,20,6
93,42,22,7
93,43,35,7
93,44,35,7
93,45,18,5
93,46,16,4
93,47,14,3
93,48,14,3
93,49,0,1
93,50,0,1
93,51,0,1
94,1,16,4
94,2,20,6
94,3,26,9
94,4,26,9
94,5,28,10
94,6,28,10
94,7,28,10
94,8,41,10
94,9,41,10
94,10,43,11
94,11,34,13
94,12,30,11
94,13,43,11
94,14,51,15
94,15,49,14
94,16,43,11
94,17,26,9
94,18,26,9
94,19,28,10
94,20,30,11
94,21,30,11
94,22,45,12
94,23,49,14
94,24,45,12
94,25,43,11
94,26,32,12
94,27,28,10
94,28,30,11
94,29,52,12
94,30,42,13
94,31,61,16
94,32,65,18
94,33,67,19
94,34,65,18
94,35,61,16
94,36,44,14
94,37,44,14
94,38,50,17
94,39,50,17
94,40,59,15
94,41,61,16
94,42,65,18
94,43,69,20
94,44,69,20
94,45,67,19
94,46,54,19
94,47,52,18
94,48,52,18
94,49,50,17
94,50,63,17
94,51,61,16
94,52,63,17
94,53,65,18
94,54,61,16
94,55,48,16
94,56,46,15
94,57,74,18
94,58,66,21
94,59,83,23
94,60,83,23
94,61,81,22
94,62,81,22
94,63,89,26
94,64,91,27
94,65,113,28
95,1,14,3
95,2,14,3
95,3,16,4
95,4,18,5
95,5,20,6
95,6,20,6
95,7,18,5
95,8,16,4
95,9,16,4
95,10,18,5
95,11,20,6
95,12,18,5
95,13,18,5
95,14,16,4
95,15,14,3
95,16,10,1
95,17,12,2
95,18,14,3
95,19,16,4
95,20,16,4
95,21,14,3
95,22,12,2
95,23,10,1
95,24,0,0
95,25,0,0
95,26,0,0
95,27,0,0
95,28,0,0
95,29,0,0
95,30,0,0
95,31,0,0
95,32,0,0
95,33,0,0
95,34,0,0
96,1,16,4
96,2,20,6
96,3,22,7
96,4,24,8
96,5,26,9
96,6,26,9
96,7,28,10
96,8,26,9
96,9,41,10
96,10,47,13
96,11,47,13
96,12,49,14
96,13,73,14
96,14,55,13
96,15,42,13
96,16,46,15
96,17,65,18
96,18,65,18
96,19,67,19
96,20,56,20
96,21,112,23
96,22,85,24
96,23,87,25
96,24,89,26
96,25,91,27
96,26,93,28
96,27,113,29
97,1,16,4
97,2,20,6
97,3,22,7
97,4,26,9
97,5,28,10
97,6,28,10
97,7,41,10
97,8,45,12
97,9,41,10
97,10,43,11
97,11,43,11
97,12,45,12
97,13,43,11
97,14,43,11
97,15,43,11
97,16,45,12
97,17,43,11
97,18,43,11
97,19,28,10
97,20,30,11
97,21,28,10
97,22,43,11
97,23,45,12
97,24,77,15
97,25,61,16
97,26,63,17
97,27,65,18
97,28,63,17
97,29,46,15
97,30,50,17
97,31,54,19
97,32,54,19
97,33,69,20
97,34,73,22
97,35,77,24
97,36,83,27
97,37,81,26
97,38,81,26
97,39,97,25
97,40,91,27
97,41,113,28
98,1,12,2
98,2,12,2
98,3,12,2
98,4,14,3
98,5,16,4
98,6,18,5
98,7,18,5
98,8,20,6
98,9,20,6
98,10,20,6
98,11,20,6
98,12,20,6
98,13,20,6
98,14,20,6
98,15,20,6
98,16,20,6
98,17,20,6
98,18,20,6
98,19,20,6
98,20,22,7
98,21,26,9
98,22,56,10
98,23,40,12
98,24,38,11
98,25,36,10
98,26,34,9
98,27,34,9
98,28,36,10
98,29,42,13
98,30,44,14
98,31,46,15
98,32,50,17
98,33,52,18
98,34,52,18
98,35,52,18
98,36,56,20
98,37,54,19
98,38,52,18
98,39,50,17
98,40,62,19
98,41,83,23
98,42,85,24
98,43,85,24
98,44,85,24
98,45,83,23
98,46,85,24
98,47,85,24
98,48,83,23
98,49,85,24
98,50,87,25
98,51,91,27
98,52,91,27
98,53,91,27
98,54,93,28
98,55,113,29
99,1,16,4
99,2,22,7
99,3,24,8
99,4,26,9
99,5,28,10
99,6,26,9
99,7,26,9
99,8,26,9
99,9,43,11
99,10,47,13
99,11,45,12
99,12,45,12
99,13,47,13
99,14,45,12
99,15,47,13
99,16,36,14
99,17,38,15
99,18,40,16
99,19,38,15
99,20,38,15
99,21,38,15
99,22,36,14
99,23,32,12
99,24,32,12
99,25,32,12
99,26,30,11
99,27,32,12
99,28,30,11
99,29,30,11
99,30,30,11
99,31,30,11
99,32,43,11
99,33,45,12
99,34,51,15
99,35,55,17
99,36,75,16
99,37,65,18
99,38,63,17
99,39,63,17
99,40,63,17
99,41,67,19
99,42,67,19
99,43,67,19
99,44,65,18
99,45,67,19
99,46,63,17
99,47,63,17
99,48,63,17
99,49,63,17
99,50,63,17
99,51,63,17
99,52,63,17
99,53,63,17
99,54,63,17
99,55,65,18
99,56,65,18
99,57,67,19
99,58,69,20
99,59,69,20
99,60,71,21
99,61,101,23
99,62,85,24
99,63,89,26
99,64,89,26
99,65,89,26
99,66,91,27
99,67,93,28
99,68,93,28
99,69,93,28
99,70,113,29
100,1,16,4
100,2,20,6
100,3,22,7
100,4,39,9
100,5,41,10
100,6,39,9
100,7,39,9
100,8,37,8
100,9,39,9
100,10,41,10
100,11,39,9
100,12,39,9
100,13,41,10
100,14,43,11
100,15,39,9
100,16,39,9
100,17,41,10
100,18,41,10
100,19,45,12
100,20,49,14
100,21,55,17
100,22,59,19
100,23,61,20
100,24,79,20
100,25,93,22
100,26,83,23
100,27,85,24
100,28,85,24
100,29,89,26
100,30,93,28
100,31,113,29
101,1,16,4
101,2,20,6
101,3,22,7
101,4,22,7
101,5,20,6
101,6,22,7
101,7,26,9
101,8,26,9
101,9,22,7
101,10,24,8
101,11,56,12
101,12,42,13
101,13,61,16
101,14,46,15
101,15,48,16
101,16,46,15
101,17,46,15
101,18,46,15
101,19,91,17
101,20,56,16
101,21,58,17
101,22,58,17
101,23,71,17
101,24,67,15
101,25,65,14
101,26,61,12
101,27,59,11
101,28,59,11
101,29,59,11
101,30,61,12
101,31,59,11
101,32,59,11
101,33,57,10
101,34,61,12
101,35,50,13
101,36,50,13
101,37,46,11
101,38,42,9
101,39,42,9
101,40,42,9
101,41,42,9
101,42,48,12
101,43,63,13
101,44,65,14
101,45,67,15
101,46,69,16
101,47,73,18
101,48,77,20
101,49,79,21
101,50,113,22
102,1,16,4
102,2,20,6
102,3,24,8
102,4,41,10
102,5,26,9
102,6,24,8
102,7,28,10
102,8,43,11
102,9,47,13
102,10,51,15
102,11,47,13
102,12,34,13
102,13,56,13
102,14,44,14
102,15,63,17
102,16,67,19
102,17,71,21
102,18,71,21
102,19,69,20
102,20,65,18
102,21,63,17
102,22,63,17
102,23,85,19
102,24,81,22
102,25,85,24
102,26,85,24
102,27,87,25
102,28,89,26
102,29,117,29
103,1,12,2
103,2,14,3
103,3,14,3
103,4,16,4
103,5,18,5
103,6,18,5
103,7,14,3
103,8,16,4
103,9,14,3
103,10,14,3
103,11,14,3
103,12,12,2
103,13,10,1
103,14,10,1
103,15,0,0
103,16,0,0
103,17,0,0
103,18,0,0
103,19,0,0
103,20,0,0
103,21,0,0
103,22,0,0
103,23,0,0
103,24,0,0
103,25,0,0
103,26,0,0
103,27,0,0
103,28,0,0
103,29,0,0
103,30,0,0
103,31,0,0
103,32,0,0
103,33,0,0
104,1,16,4
104,2,20,6
104,3,24,8
104,4,41,10
104,5,24,8
104,6,24,8
104,7,26,9
104,8,28,10
104,9,28,10
104,10,45,12
104,11,53,16
104,12,53,16
104,13,45,12
104,14,28,10
104,15,54,12
104,16,44,14
104,17,59,15
104,18,61,16
104,19,63,17
104,20,63,17
104,21,67,19
104,22,52,18
104,23,64,20
104,24,66,21
104,25,66,21
104,26,83,23
104,27,83,23
104,28,87,25
104,29,91,27
104,30,93,28
104,31,113,29
105,1,16,4
105,2,20,6
105,3,20,6
105,4,37,8
105,5,39,9
105,6,26,9
105,7,24,8
105,8,22,7
105,9,22,7
105,10,22,7
105,11,24,8
105,12,24,8
105,13,22,7
105,14,18,5
105,15,16,4
105,16,16,4
105,17,16,4
105,18,14,3
105,19,16,4
105,20,33,6
105,21,18,5
105,22,18,5
105,23,16,4
105,24,18,5
105,25,20,6
105,26,18,5
105,27,35,7
105,28,22,7
105,29,22,7
105,30,20,6
105,31,18,5
105,32,14,3
105,33,10,1
105,34,10,1
105,35,12,2
105,36,10,1
105,37,10,1
105,38,10,1
105,39,12,2
105,40,14,3
105,41,12,2
105,42,10,1
105,43,0,0
106,1,14,3
106,2,16,4
106,3,14,3
106,4,14,3
106,5,14,3
106,6,14,3
106,7,14,3
106,8,14,3
106,9,16,4
106,10,18,5
106,11,18,5
106,12,18,5
106,13,20,6
106,14,22,7
106,15,22,7
106,16,22,7
106,17,20,6
106,18,20,6
106,19,18,5
106,20,14,3
106,21,16,4
106,22,14,3
106,23,12,2
106,24,10,1
106,25,0,0
106,26,0,0
106,27,0,0
106,28,0,0
106,29,0,0
106,30,0,0
106,31,0,0
106,32,0,0
106,33,0,0
106,34,0,0
106,35,0,0
106,36,0,0
106,37,0,0
106,38,0,0
106,39,0,0
106,40,0,0
106,41,0,0
106,42,0,0
106,43,0,0
106,44,0,0
106,45,0,0
106,46,0,0
106,47,0,0
106,48,0,0
106,49,0,0
106,50,0,0
106,51,0,0
106,52,0,0
106,53,0,0
106,54,0,0
106,55,0,0
106,56,0,0
106,57,0,0
106,58,0,0
106,59,0,0
106,60,0,0
106,61,0,0
106,62,0,0
106,63,0,0
106,64,0,0
106,65,0,0
106,66,0,0
107,1,12,2
107,2,14,3
107,3,14,3
107,4,16,4
107,5,16,4
107,6,18,5
107,7,18,5
107,8,16,4
107,9,16,4
107,10,16,4
107,11,18,5
107,12,20,6
107,13,20,6
107,14,20,6
107,15,35,7
107,16,22,7
107,17,22,7
107,18,22,7
107,19,24,8
107,20,22,7
107,21,22,7
107,22,24,8
107,23,26,9
107,24,26,9
107,25,26,9
107,26,39,9
107,27,37,8
107,28,37,8
107,29,39,9
107,30,24,8
107,31,22,7
107,32,22,7
107,33,39,9
107,34,39,9
107,35,24,8
107,36,20,6
107,37,18,5
107,38,18,5
107,39,18,5
107,40,18,5
107,41,18,5
107,42,18,5
107,43,20,6
107,44,20,6
107,45,22,7
107,46,20,6
107,47,22,7
107,48,37,8
107,49,35,7
107,50,33,6
107,51,0,5
108,1,12,2
108,2,12,2
108,3,12,2
108,4,14,3
108,5,16,4
108,6,18,5
108,7,20,6
108,8,18,5
108,9,18,5
108,10,14,3
108,11,16,4
108,12,14,3
108,13,16,4
108,14,18,5
108,15,20,6
108,16,18,5
108,17,18,5
108,18,16,4
108,19,14,3
108,20,14,3
108,21,14,3
108,22,12,2
108,23,12,2
108,24,10,1
108,25,10,1
108,26,12,2
108,27,10,1
108,28,12,2
108,29,12,2
108,30,12,2
108,31,14,3
108,32,14,3
108,33,12,2
108,34,0,0
108,35,0,0
109,1,14,3
109,2,16,4
109,3,14,3
109,4,14,3
109,5,14,3
109,6,16,4
109,7,16,4
109,8,14,3
109,9,14,3
109,10,14,3
109,11,14,3
109,12,16,4
109,13,18,5
109,14,18,5
109,15,18,5
109,16,20,6
109,17,18,5
109,18,18,5
109,19,18,5
109,20,16,4
109,21,16,4
109,22,16,4
109,23,16,4
109,24,18,5
109,25,18,5
109,26,20,6
109,27,20,6
109,28,35,7
109,29,35,7
109,30,39,9
109,31,37,8
109,32,20,6
109,33,14,3
109,34,0,0
109,35,0,0
109,36,0,0
109,37,0,0
109,38,0,0
109,39,0,0
109,40,0,0
109,41,0,0
109,42,0,0
109,43,0,0
109,44,0,0
109,45,0,0
109,46,0,0
109,47,0,0
109,48,0,0
109,49,0,0
109,50,0,0
110,1,16,4
110,2,20,6
110,3,20,6
110,4,20,6
110,5,22,7
110,6,39,9
110,7,41,10
110,8,41,10
110,9,39,9
110,10,41,10
110,11,43,11
110,12,43,11
110,13,41,10
110,14,45,12
110,15,71,14
110,16,55,13
110,17,55,13
110,18,59,15
110,19,59,15
110,20,46,15
110,21,46,15
110,22,48,16
110,23,50,17
110,24,52,18
110,25,93,18
110,26,79,21
110,27,83,23
110,28,87,25
110,29,91,27
110,30,91,27
110,31,91,27
110,32,91,27
110,33,91,27
110,34,93,28
110,35,93,28
110,36,113,29
111,1,16,4
111,2,22,7
111,3,24,8
111,4,26,9
111,5,28,10
111,6,26,9
111,7,41,10
111,8,43,11
111,9,32,12
111,10,28,10
111,11,30,11
111,12,45,12
111,13,49,14
111,14,45,12
111,15,28,10
111,16,32,12
111,17,32,12
111,18,34,13
111,19,47,13
111,20,47,13
111,21,49,14
111,22,34,13
111,23,34,13
111,24,32,12
111,25,34,13
111,26,45,12
111,27,47,13
111,28,41,10
111,29,39,9
111,30,28,10
111,31,26,9
111,32,22,7
111,33,26,9
111,34,28,10
111,35,26,9
111,36,37,8
111,37,37,8
111,38,20,6
111,39,16,4
111,40,12,2
111,41,10,1
111,42,0,0
112,1,14,3
112,2,18,5
112,3,20,6
112,4,22,7
112,5,24,8
112,6,20,6
112,7,20,6
112,8,20,6
112,9,20,6
112,10,20,6
112,11,20,6
112,12,22,7
112,13,24,8
112,14,39,9
112,15,35,7
112,16,33,6
112,17,33,6
112,18,18,5
112,19,20,6
112,20,20,6
112,21,20,6
112,22,18,5
112,23,20,6
112,24,22,7
112,25,20,6
112,26,18,5
112,27,20,6
112,28,20,6
112,29,20,6
112,30,22,7
112,31,18,5
112,32,0,3
112,33,0,1
112,34,0,1
112,35,0,0
112,36,0,0
112,37,0,0
112,38,0,0
112,39,0,0
112,40,0,0
112,41,0,0
112,42,0,0
112,43,0,0
112,44,0,0
112,45,0,0
112,46,0,0
112,47,0,0
112,48,0,0
112,49,0,0
112,50,0,0
112,51,0,0
112,52,0,0
112,53,0,0
112,54,0,0
112,55,0,0
113,1,12,2
113,2,12,2
113,3,14,3
113,4,14,3
113,5,14,3
113,6,14,3
113,7,18,5
113,8,20,6
113,9,20,6
113,10,20,6
113,11,18,5
113,12,14,3
113,13,12,2
113,14,12,2
113,15,12,2
113,16,0,0
113,17,0,0
113,18,0,0
113,19,0,0
113,20,0,0
113,21,0,0
113,22,0,0
113,23,0,0
113,24,0,0
113,25,0,0
113,26,0,0
113,27,0,0
113,28,0,0
113,29,0,0
113,30,0,0
113,31,0,0
113,32,0,0
114,1,16,4
114,2,20,6
114,3,24,8
114,4,26,9
114,5,24,8
114,6,26,9
114,7,28,10
114,8,26,9
114,9,24,8
114,10,26,9
114,11,28,10
114,12,30,11
114,13,34,13
114,14,47,13
114,15,41,10
114,16,45,12
114,17,47,13
114,18,30,11
114,19,30,11
114,20,52,13
114,21,48,16
114,22,48,16
114,23,48,16
114,24,46,15
114,25,46,15
114,26,44,14
114,27,40,12
114,28,40,12
114,29,28,10
114,30,26,9
114,31,41,10
114,32,45,12
114,33,45,12
114,34,51,15
114,35,51,15
114,36,49,14
114,37,51,15
114,38,49,14
114,39,34,13
114,40,28,10
114,41,28,10
114,42,20,6
114,43,20,6
114,44,35,7
114,45,18,5
114,46,12,2
114,47,12,2
114,48,10,1
114,49,12,2
114,50,12,2
114,51,10,1
114,52,0,0
115,1,14,3
115,2,16,4
115,3,22,7
115,4,26,9
115,5,28,10
115,6,26,9
115,7,41,10
115,8,47,13
115,9,47,13
115,10,45,12
115,11,26,9
115,12,24,8
115,13,39,9
115,14,45,12
115,15,45,12
115,16,30,11
115,17,28,10
115,18,41,10
115,19,47,13
115,20,49,14
115,21,32,12
115,22,26,9
115,23,26,9
115,24,24,8
115,25,26,9
115,26,43,11
115,27,47,13
115,28,47,13
115,29,43,11
115,30,24,8
115,31,22,7
115,32,24,8
115,33,18,5
115,34,16,4
115,35,12,2
115,36,0,0
115,37,0,0
115,38,0,0
116,1,14,3
116,2,16,4
116,3,18,5
116,4,18,5
116,5,18,5
116,6,16,4
116,7,18,5
116,8,20,6
116,9,18,5
116,10,18,5
116,11,18,5
116,12,20,6
116,13,35,7
116,14,22,7
116,15,24,8
116,16,22,7
116,17,22,7
116,18,20,6
116,19,18,5
116,20,0,3
116,21,0,1
116,22,0,1
116,23,0,1
116,24,0,2
116,25,0,0
116,26,0,0
116,27,0,0
116,28,0,0
116,29,0,0
116,30,0,0
116,31,0,0
116,32,0,0
116,33,0,0
116,34,0,0
116,35,0,0
116,36,0,0
116,37,0,0
116,38,0,0
116,39,0,0
116,40,0,0
116,41,0,0
116,42,0,0
117,1,12,2
117,2,12,2
117,3,14,3
117,4,14,3
117,5,16,4
117,6,18,5
117,7,18,5
117,8,18,5
117,9,18,5
117,10,18,5
117,11,18,5
117,12,18,5
117,13,16,4
117,14,14,3
117,15,14,3
117,16,18,5
117,17,16,4
117,18,16,4
117,19,16,4
117,20,14,3
117,21,16,4
117,22,16,4
117,23,18,5
117,24,18,5
117,25,16,4
117,26,16,4
117,27,12,2
117,28,12,2
117,29,12,2
117,30,10,1
117,31,0,0
118,1,14,3
118,2,20,6
118,3,20,6
118,4,22,7
118,5,20,6
118,6,18,5
118,7,16,4
118,8,16,4
118,9,18,5
118,10,16,4
118,11,16,4
118,12,16,4
118,13,14,3
118,14,10,1
118,15,12,2
118,16,10,1
118,17,0,0
118,18,0,0
118,19,0,0
118,20,0,0
118,21,0,0
118,22,0,0
118,23,0,0
118,24,0,0
118,25,0,0
118,26,0,0
118,27,0,0
118,28,0,0
119,1,14,3
119,2,16,4
119,3,16,4
119,4,18,5
119,5,20,6
119,6,22,7
119,7,22,7
119,8,22,7
119,9,22,7
119,10,20,6
119,11,20,6
119,12,22,7
119,13,24,8
119,14,24,8
119,15,24,8
119,16,24,8
119,17,24,8
119,18,22,7
119,19,22,7
119,20,20,6
119,21,18,5
119,22,16,4
119,23,14,3
119,24,14,3
119,25,14,3
119,26,16,4
119,27,16,4
119,28,16,4
119,29,20,6
119,30,20,6
119,31,20,6
119,32,22,7
119,33,37,8
119,34,43,11
119,35,43,11
119,36,45,12
119,37,45,12
119,38,45,12
119,39,49,14
119,40,49,14
119,41,47,13
119,42,53,16
119,43,53,16
119,44,36,14
119,45,28,10
119,46,30,11
119,47,30,11
119,48,77,13
119,49,42,13
119,50,42,13
119,51,42,13
119,52,42,13
119,53,44,14
119,54,42,13
119,55,50,17
119,56,60,18
119,57,61,16
119,58,65,18
119,59,59,15
119,60,59,15
119,61,59,15
119,62,61,16
119,63,65,18
119,64,63,17
119,65,63,17
119,66,65,18
119,67,0,18
119,68,0,20
119,69,0,18
119,70,0,15
119,71,0,13
119,72,0,13
119,73,0,12
119,74,0,11
119,75,0,8
119,76,0,6
119,77,0,4
119,78,0,2
119,79,0,1
120,1,14,3
120,2,16,4
120,3,16,4
120,4,18,5
120,5,20,6
120,6,20,6
120,7,20,6
120,8,20,6
120,9,20,6
120,10,20,6
120,11,20,6
120,12,20,6
120,13,18,5
120,14,20,6
120,15,20,6
120,16,18,5
120,17,18,5
120,18,18,5
120,19,18,5
120,20,18,5
120,21,20,6
120,22,18,5
120,23,18,5
120,24,16,4
120,25,16,4
120,26,18,5
120,27,18,5
120,28,18,5
120,29,16,4
120,30,16,4
120,31,16,4
120,32,18,5
120,33,20,6
120,34,20,6
120,35,22,7
120,36,22,7
120,37,22,7
120,38,20,6
120,39,20,6
120,40,20,6
120,41,18,5
120,42,18,5
120,43,20,6
120,44,18,5
120,45,14,3
120,46,14,3
120,47,14,3
120,48,14,3
120,49,12,2
120,50,14,3
120,51,16,4
120,52,18,5
120,53,20,6
120,54,22,7
120,55,22,7
120,56,70,9
120,57,34,9
120,58,36,10
120,59,38,11
120,60,42,13
120,61,46,15
120,62,48,16
120,63,48,16
120,64,59,15
120,65,59,15
120,66,53,12
120,67,55,13
120,68,57,14
120,69,59,15
120,70,59,15
120,71,63,17
120,72,67,19
120,73,67,19
120,74,105,20
120,75,63,17
120,76,65,18
120,77,67,19
120,78,67,19
120,79,69,20
120,80,71,21
120,81,71,21
120,82,71,21
120,83,71,21
120,84,81,22
120,85,83,23
120,86,83,23
120,87,85,24
120,88,87,25
120,89,89,26
120,90,89,26
120,91,74,25
120,92,82,25
121,1,12,2
121,2,12,2
121,3,16,4
121,4,18,5
121,5,18,5
121,6,18,5
121,7,18,5
121,8,18,5
121,9,16,4
121,10,20,6
121,11,18,5
121,12,0,5
121,13,0,4
121,14,0,2
121,15,0,1
121,16,0,0
121,17,0,0
121,18,0,0
121,19,0,0
121,20,0,0
121,21,0,0
121,22,0,0
121,23,0,0
121,24,0,0
122,1,16,4
122,2,20,6
122,3,24,8
122,4,24,8
122,5,22,7
122,6,41,10
122,7,43,11
122,8,47,13
122,9,28,10
122,10,24,8
122,11,24,8
122,12,39,9
122,13,45,12
122,14,49,14
122,15,71,15
122,16,59,15
122,17,52,18
122,18,46,15
122,19,59,15
122,20,63,17
122,21,65,18
122,22,67,19
122,23,67,19
122,24,52,18
122,25,48,16
122,26,54,19
122,27,114,21
122,28,83,23
122,29,87,25
122,30,89,26
122,31,93,28
122,32,93,28
122,33,93,28
122,34,93,28
122,35,93,28
122,36,93,28
122,37,91,27
122,38,93,28
122,39,113,29
123,1,14,3
123,2,16,4
123,3,18,5
123,4,20,6
123,5,18,5
123,6,20,6
123,7,24,8
123,8,24,8
123,9,22,7
123,10,22,7
123,11,22,7
123,12,22,7
123,13,24,8
123,14,26,9
123,15,26,9
123,16,28,10
123,17,26,9
123,18,24,8
123,19,22,7
123,20,22,7
123,21,22,7
123,22,18,5
123,23,14,3
123,24,12,2
123,25,10,1
123,26,10,1
123,27,10,1
123,28,10,1
123,29,12,2
123,30,16,4
123,31,14,3
123,32,10,1
123,33,0,0
124,1,14,3
124,2,16,4
124,3,18,5
124,4,18,5
124,5,18,5
124,6,18,5
124,7,18,5
124,8,18,5
124,9,18,5
124,10,18,5
124,11,20,6
124,12,35,7
124,13,41,10
124,14,41,10
124,15,37,8
124,16,37,8
124,17,37,8
124,18,35,7
124,19,18,5
124,20,18,5
124,21,16,4
124,22,16,4
124,23,16,4
124,24,18,5
124,25,18,5
124,26,18,5
124,27,14,3
124,28,14,3
124,29,12,2
124,30,12,2
124,31,10,1
124,32,12,2
124,33,10,1
124,34,10,1
124,35,10,1
124,36,12,2
124,37,10,1
124,38,0,0
125,1,16,4
125,2,20,6
125,3,22,7
125,4,24,8
125,5,26,9
125,6,28,10
125,7,26,9
125,8,26,9
125,9,22,7
125,10,18,5
125,11,20,6
125,12,37,8
125,13,24,8
125,14,20,6
125,15,18,5
125,16,18,5
125,17,16,4
125,18,0,2
125,19,0,1
125,20,0,0
125,21,0,0
125,22,0,0
125,23,0,0
125,24,0,0
125,25,0,0
125,26,0,0
125,27,0,0
125,28,0,0
125,29,0,0
125,30,0,0
125,31,0,0
125,32,0,0
125,33,0,0
125,34,0,0
125,35,0,0
125,36,0,0
125,37,0,0
125,38,0,0
125,39,0,0
125,40,0,0
125,41,0,0
125,42,0,0
125,43,0,0
126,1,16,4
126,2,22,7
126,3,24,8
126,4,37,8
126,5,39,9
126,6,41,10
126,7,37,8
126,8,24,8
126,9,20,6
126,10,24,8
126,11,28,10
126,12,41,10
126,13,47,13
126,14,49,14
126,15,43,11
126,16,28,10
126,17,28,10
126,18,26,9
126,19,30,11
126,20,47,13
126,21,53,16
126,22,49,14
126,23,47,13
126,24,51,15
126,25,38,15
126,26,40,16
126,27,36,14
126,28,49,14
126,29,47,13
126,30,47,13
126,31,49,14
126,32,49,14
126,33,34,13
126,34,30,11
126,35,30,11
126,36,26,9
126,37,26,9
126,38,22,7
126,39,35,7
126,40,37,8
126,41,0,5
126,42,0,2
126,43,0,2
127,1,16,4
127,2,18,5
127,3,18,5
127,4,18,5
127,5,18,5
127,6,35,7
127,7,39,9
127,8,37,8
127,9,20,6
127,10,24,8
127,11,24,8
127,12,28,10
127,13,28,10
127,14,45,12
127,15,43,11
127,16,47,13
127,17,45,12
127,18,43,11
127,19,26,9
127,20,22,7
127,21,24,8
127,22,39,9
127,23,43,11
127,24,83,15
127,25,59,15
127,26,55,13
127,27,44,14
127,28,44,14
127,29,52,18
127,30,69,20
127,31,71,21
127,32,67,19
127,33,67,19
127,34,71,21
127,35,71,21
127,36,77,24
127,37,105,25
127,38,91,27
127,39,111,28
128,1,16,4
128,2,20,6
128,3,24,8
128,4,24,8
128,5,24,8
128,6,20,6
128,7,22,7
128,8,22,7
128,9,22,7
128,10,39,9
128,11,43,11
128,12,32,12
128,13,24,8
128,14,26,9
128,15,28,10
128,16,30,11
128,17,67,12
128,18,51,11
128,19,55,13
128,20,55,13
128,21,32,12
128,22,30,11
128,23,24,8
128,24,24,8
128,25,22,7
128,26,26,9
128,27,28,10
128,28,43,11
128,29,43,11
128,30,43,11
128,31,39,9
128,32,28,10
128,33,28,10
128,34,26,9
128,35,22,7
128,36,20,6
128,37,16,4
128,38,0,3
129,1,16,4
129,2,18,5
129,3,20,6
129,4,24,8
129,5,26,9
129,6,24,8
129,7,20,6
129,8,22,7
129,9,24,8
129,10,26,9
129,11,28,10
129,12,30,11
129,13,41,10
129,14,39,9
129,15,39,9
129,16,41,10
129,17,26,9
129,18,24,8
129,19,24,8
129,20,26,9
129,21,20,6
129,22,18,5
129,23,16,4
129,24,16,4
129,25,0,3
130,1,14,3
130,2,16,4
130,3,18,5
130,4,20,6
130,5,22,7
130,6,22,7
130,7,20,6
130,8,16,4
130,9,16,4
130,10,16,4
130,11,18,5
130,12,18,5
130,13,18,5
130,14,20,6
130,15,22,7
130,16,22,7
130,17,22,7
130,18,37,8
130,19,43,11
130,20,39,9
130,21,39,9
130,22,39,9
130,23,43,11
130,24,47,13
130,25,32,12
130,26,30,11
130,27,28,10
130,28,26,9
130,29,24,8
130,30,26,9
130,31,39,9
130,32,41,10
130,33,43,11
130,34,39,9
130,35,37,8
130,36,39,9
130,37,26,9
130,38,26,9
130,39,24,8
130,40,22,7
130,41,24,8
130,42,22,7
130,43,24,8
130,44,24,8
130,45,24,8
130,46,24,8
130,47,24,8
130,48,37,8
130,49,37,8
130,50,37,8
130,51,18,5
130,52,16,4
130,53,0,3
131,1,16,4
131,2,20,6
131,3,24,8
131,4,26,9
131,5,28,10
131,6,41,10
131,7,43,11
131,8,47,13
131,9,45,12
131,10,30,11
131,11,47,13
131,12,53,16
131,13,53,16
131,14,53,16
131,15,47,13
131,16,32,12
131,17,24,8
131,18,30,11
131,19,30,11
131,20,45,12
131,21,49,14
131,22,49,14
131,23,47,13
131,24,45,12
131,25,30,11
131,26,26,9
131,27,24,8
131,28,20,6
131,29,18,5
131,30,16,4
131,31,0,2
131,32,0,2
131,33,0,1
131,34,0,0
131,35,0,0
131,36,0,0
131,37,0,0
132,1,14,3
132,2,14,3
132,3,16,4
132,4,18,5
132,5,20,6
132,6,20,6
132,7,20,6
132,8,20,6
132,9,20,6
132,10,20,6
132,11,16,4
132,12,29,4
132,13,0,2
132,14,0,1
132,15,0,1
132,16,0,0
132,17,0,0
132,18,0,0
132,19,0,0
132,20,0,0
132,21,0,0
132,22,0,0
132,23,0,0
132,24,0,0
132,25,0,0
132,26,0,0
132,27,0,0
132,28,0,0
132,29,0,0
132,30,0,0
132,31,0,0
132,32,0,0
132,33,0,0
133,1,16,4
133,2,20,6
133,3,22,7
133,4,24,8
133,5,24,8
133,6,22,7
133,7,26,9
133,8,26,9
133,9,24,8
133,10,22,7
133,11,20,6
133,12,24,8
133,13,24,8
133,14,28,10
133,15,41,10
133,16,43,11
133,17,45,12
133,18,26,9
133,19,22,7
133,20,26,9
133,21,24,8
133,22,39,9
133,23,45,12
133,24,45,12
133,25,30,11
133,26,24,8
133,27,20,6
133,28,16,4
133,29,12,2
133,30,0,1
134,1,16,4
134,2,20,6
134,3,22,7
134,4,22,7
134,5,20,6
134,6,22,7
134,7,39,9
134,8,24,8
134,9,22,7
134,10,24,8
134,11,35,7
134,12,39,9
134,13,35,7
134,14,22,7
134,15,26,9
134,16,20,6
134,17,20,6
134,18,20,6
134,19,31,5
134,20,35,7
134,21,20,6
134,22,0,3
134,23,0,0
134,24,0,0
134,25,0,0
134,26,0,0
135,1,16,4
135,2,22,7
135,3,26,9
135,4,26,9
135,5,26,9
135,6,24,8
135,7,24,8
135,8,37,8
135,9,41,10
135,10,43,11
135,11,47,13
135,12,49,14
135,13,51,15
135,14,32,12
135,15,50,12
135,16,44,14
135,17,48,16
135,18,59,15
135,19,61,16
135,20,59,15
135,21,63,17
135,22,63,17
135,23,46,15
135,24,48,16
135,25,52,18
135,26,66,21
135,27,83,23
135,28,83,23
135,29,83,23
135,30,85,24
135,31,83,23
135,32,87,25
135,33,117,28
136,1,16,4
136,2,18,5
136,3,20,6
136,4,24,8
136,5,24,8
136,6,24,8
136,7,22,7
136,8,22,7
136,9,24,8
136,10,39,9
136,11,41,10
136,12,41,10
136,13,39,9
136,14,26,9
136,15,26,9
136,16,22,7
136,17,24,8
136,18,37,8
136,19,41,10
136,20,39,9
136,21,0,4
136,22,0,2
136,23,0,0
136,24,0,0
136,25,0,0
136,26,0,0
136,27,0,0
136,28,0,0
136,29,0,0
136,30,0,0
136,31,0,0
136,32,0,0
136,33,0,0
136,34,0,0
136,35,0,0
137,1,12,2
137,2,14,3
137,3,14,3
137,4,14,3
137,5,14,3
137,6,14,3
137,7,14,3
137,8,14,3
137,9,16,4
137,10,14,3
137,11,14,3
137,12,16,4
137,13,18,5
137,14,18,5
137,15,14,3
137,16,14,3
137,17,14,3
137,18,14,3
137,19,12,2
137,20,10,1
137,21,0,0
137,22,0,0
137,23,0,0
137,24,0,0
137,25,0,0
137,26,0,0
137,27,0,0
137,28,0,0
137,29,0,0
138,1,14,3
138,2,16,4
138,3,18,5
138,4,18,5
138,5,18,5
138,6,16,4
138,7,16,4
138,8,18,5
138,9,18,5
138,10,18,5
138,11,16,4
138,12,16,4
138,13,18,5
138,14,16,4
138,15,16,4
138,16,18,5
138,17,16,4
138,18,16,4
138,19,16,4
138,20,18,5
138,21,16,4
138,22,16,4
138,23,18,5
138,24,16,4
138,25,16,4
138,26,18,5
138,27,18,5
138,28,16,4
138,29,16,4
138,30,14,3
138,31,14,3
138,32,16,4
138,33,16,4
138,34,16,4
138,35,16,4
138,36,16,4
138,37,18,5
138,38,20,6
138,39,16,4
138,40,12,2
138,41,0,0
138,42,0,0
138,43,0,0
138,44,0,0
138,45,0,0
138,46,0,0
138,47,0,0
138,48,0,0
138,49,0,0
138,50,0,0
138,51,0,0
138,52,0,0
138,53,0,0
138,54,0,0
138,55,0,0
138,56,0,0
139,1,16,4
139,2,22,7
139,3,22,7
139,4,22,7
139,5,24,8
139,6,22,7
139,7,22,7
139,8,26,9
139,9,28,10
139,10,24,8
139,11,37,8
139,12,47,13
139,13,45,12
139,14,28,10
139,15,26,9
139,16,56,13
139,17,55,13
139,18,59,15
139,19,59,15
139,20,61,16
139,21,52,18
139,22,48,16
139,23,46,15
139,24,63,17
139,25,67,19
139,26,69,20
139,27,65,18
139,28,69,20
139,29,54,19
139,30,56,20
139,31,73,22
139,32,69,20
139,33,71,21
139,34,73,22
139,35,79,25
139,36,125,28
140,1,16,4
140,2,18,5
140,3,22,7
140,4,24,8
140,5,22,7
140,6,20,6
140,7,18,5
140,8,18,5
140,9,20,6
140,10,20,6
140,11,22,7
140,12,22,7
140,13,22,7
140,14,22,7
140,15,24,8
140,16,22,7
140,17,24,8
140,18,24,8
140,19,20,6
140,20,18,5
140,21,18,5
140,22,20,6
140,23,20,6
140,24,20,6
140,25,20,6
140,26,20,6
140,27,18,5
140,28,16,4
140,29,18,5
140,30,20,6
140,31,18,5
140,32,12,2
140,33,10,1
140,34,12,2
140,35,14,3
140,36,14,3
140,37,16,4
140,38,14,3
140,39,14,3
140,40,18,5
140,41,18,5
140,42,20,6
140,43,18,5
140,44,31,5
140,45,31,5
140,46,31,5
140,47,31,5
140,48,31,5
140,49,29,4
140,50,27,3
140,51,27,3
140,52,25,2
140,53,0,1
140,54,0,1
140,55,0,0
140,56,0,0
140,57,0,0
140,58,0,0
140,59,0,0
140,60,0,0
140,61,0,0
140,62,0,0
140,63,0,0
140,64,0,0
140,65,0,0
140,66,0,0
140,67,0,0
141,1,16,4
141,2,22,7
141,3,24,8
141,4,22,7
141,5,22,7
141,6,22,7
141,7,22,7
141,8,18,5
141,9,16,4
141,10,16,4
141,11,14,3
141,12,0,0
141,13,0,0
141,14,0,0
141,15,0,0
141,16,0,0
141,17,0,0
141,18,0,0
141,19,0,0
141,20,0,0
141,21,0,0
141,22,0,0
141,23,0,0
141,24,0,0
141,25,0,0
141,26,0,0
141,27,0,0
142,1,12,2
142,2,14,3
142,3,16,4
142,4,16,4
142,5,14,3
142,6,14,3
142,7,16,4
142,8,16,4
142,9,16,4
142,10,14,3
142,11,14,3
142,12,16,4
142,13,16,4
142,14,16,4
142,15,12,2
142,16,0,0
142,17,0,0
142,18,0,0
142,19,0,0
142,20,0,0
142,21,0,0
143,1,14,3
143,2,16,4
143,3,18,5
143,4,20,6
143,5,22,7
143,6,20,6
143,7,18,5
143,8,18,5
143,9,18,5
143,10,18,5
143,11,20,6
143,12,22,7
143,13,22,7
143,14,22,7
143,15,20,6
143,16,20,6
143,17,22,7
143,18,22,7
143,19,22,7
143,20,24,8
143,21,28,10
143,22,30,11
143,23,28,10
143,24,30,11
143,25,28,10
143,26,28,10
143,27,28,10
143,28,30,11
143,29,40,12
143,30,38,11
143,31,36,10
143,32,36,10
143,33,36,10
143,34,38,11
143,35,40,12
143,36,40,12
143,37,42,13
143,38,46,15
143,39,44,14
143,40,46,15
143,41,63,17
143,42,65,18
143,43,69,20
143,44,71,21
143,45,67,19
143,46,0,17
143,47,0,14
143,48,0,14
143,49,58,14
143,50,58,14
143,51,58,14
143,52,58,15
143,53,58,15
143,54,58,16
143,55,58,16
143,56,58,14
143,57,58,12
143,58,58,12
143,59,58,11
143,60,58,11
143,61,58,10
143,62,58,9
143,63,58,9
143,64,58,9
143,65,58,9
143,66,58,8
143,67,58,8
143,68,58,7
143,69,58,7
143,70,58,6
143,71,58,6
143,72,58,6
143,73,58,6
143,74,58,6
143,75,58,5
143,76,58,4
143,77,58,3
143,78,58,2
143,79,58,1
143,80,58,1
143,81,58,1
143,82,58,1
143,83,58,1
143,84,58,1
143,85,58,1
143,86,58,1
143,87,58,1
143,88,58,1
143,89,58,1
143,90,58,1
143,91,58,1
143,92,58,1
143,93,58,1
143,94,58,1
143,95,58,1
143,96,58,1
143,97,58,1
143,98,58,1
143,99,58,1
143,100,58,1
143,101,58,1
143,102,58,1
143,103,58,1
143,104,58,1
143,105,58,1
143,106,58,1
143,107,58,1
143,108,58,1
143,109,58,1
143,110,58,1
143,111,58,1
143,112,58,1
143,113,58,1
143,114,58,1
143,115,58,1
143,116,58,1
143,117,58,1
143,118,58,1
143,119,58,1
143,120,58,1
143,121,58,1
143,122,58,1
143,123,58,1
143,124,58,1
143,125,58,1
143,126,58,1
143,127,58,1
143,128,58,1
143,129,58,1
143,130,58,1
143,131,58,1
143,132,58,1
143,133,58,1
143,134,58,1
143,135,58,1
143,136,58,1
143,137,58,1
143,138,58,1
143,139,58,1
143,140,58,1
143,141,58,1
143,142,58,1
143,143,58,1
143,144,58,1
143,145,58,1
143,146,58,1
143,147,58,1
143,148,58,1
143,149,58,1
143,150,58,1
143,151,58,1
143,152,58,1
143,153,58,1
143,154,58,1
143,155,58,1
143,156,58,1
143,157,58,1
143,158,58,1
143,159,58,1
143,160,58,1
143,161,58,1
143,162,58,1
143,163,58,1
143,164,58,1
143,165,58,1
143,166,58,1
143,167,58,1
143,168,58,1
143,169,58,1
143,170,58,1
143,171,58,1
143,172,58,1
143,173,58,1
143,174,58,1
143,175,58,1
143,176,58,1
143,177,58,1
143,178,58,1
143,179,58,1
143,180,58,1
143,181,58,1
143,182,58,1
143,183,58,1
143,184,58,1
143,185,58,1
143,186,58,1
143,187,58,1
143,188,58,1
144,1,16,4
144,2,20,6
144,3,24,8
144,4,26,9
144,5,26,9
144,6,26,9
144,7,24,8
144,8,35,7
144,9,22,7
144,10,20,6
144,11,20,6
144,12,24,8
144,13,37,8
144,14,22,7
144,15,18,5
144,16,18,5
144,17,16,4
144,18,16,4
144,19,20,6
144,20,22,7
144,21,20,6
144,22,14,3
144,23,14,3
144,24,14,3
144,25,0,2
144,26,0,3
144,27,0,2
144,28,0,0
144,29,0,0
144,30,0,0
144,31,0,0
144,32,0,0
144,33,0,0
144,34,0,0
144,35,0,0
144,36,0,0
145,1,12,2
145,2,14,3
145,3,16,4
145,4,18,5
145,5,20,6
145,6,18,5
145,7,16,4
145,8,14,3
145,9,16,4
145,10,18,5
145,11,20,6
145,12,20,6
145,13,18,5
145,14,18,5
145,15,16,4
145,16,16,4
145,17,14,3
145,18,14,3
145,19,16,4
145,20,16,4
145,21,16,4
145,22,14,3
145,23,12,2
145,24,0,1
145,25,0,0
145,26,0,0
145,27,0,0
145,28,0,0
145,29,0,0
145,30,0,0
145,31,0,0
145,32,0,0
145,33,0,0
145,34,0,0
145,35,0,0
146,1,16,4
146,2,20,6
146,3,20,6
146,4,22,7
146,5,22,7
146,6,22,7
146,7,22,7
146,8,18,5
146,9,20,6
146,10,18,5
146,11,18,5
146,12,12,2
146,13,10,1
146,14,12,2
146,15,16,4
146,16,18,5
146,17,20,6
146,18,18,5
146,19,31,5
146,20,14,3
146,21,14,3
146,22,16,4
146,23,20,6
146,24,22,7
146,25,18,5
146,26,18,5
146,27,18,5
146,28,33,6
146,29,39,9
146,30,26,9
146,31,26,9
146,32,20,6
146,33,14,3
146,34,10,1
146,35,0,0
147,1,16,4
147,2,18,5
147,3,24,8
147,4,24,8
147,5,24,8
147,6,22,7
147,7,20,6
147,8,18,5
147,9,16,4
147,10,14,3
147,11,14,3
147,12,14,3
147,13,16,4
147,14,16,4
147,15,18,5
147,16,16,4
147,17,16,4
147,18,18,5
147,19,20,6
147,20,18,5
147,21,20,6
147,22,20,6
147,23,20,6
147,24,20,6
147,25,18,5
147,26,18,5
147,27,18,5
147,28,16,4
147,29,0,1
147,30,0,0
147,31,0,0
147,32,0,0
147,33,0,0
147,34,0,0
147,35,0,0
147,36,0,0
147,37,0,0
147,38,0,0
147,39,0,0
147,40,0,0
147,41,0,0
147,42,0,0
147,43,0,0
147,44,0,0
148,1,16,4
148,2,22,7
148,3,26,9
148,4,26,9
148,5,22,7
148,6,22,7
148,7,26,9
148,8,39,9
148,9,41,10
148,10,24,8
148,11,24,8
148,12,24,8
148,13,22,7
148,14,24,8
148,15,39,9
148,16,43,11
148,17,43,11
148,18,43,11
148,19,41,10
148,20,26,9
148,21,24,8
148,22,24,8
148,23,20,6
148,24,18,5
148,25,18,5
148,26,18,5
148,27,0,2
148,28,0,0
148,29,0,0
148,30,0,0
148,31,0,0
148,32,0,0
148,33,0,0
148,34,0,0
148,35,0,0
148,36,0,0
148,37,0,0
148,38,0,0
148,39,0,0
148,40,0,0
148,41,0,0
148,42,0,0
148,43,0,0
148,44,0,0
148,45,0,0
149,1,14,3
149,2,16,4
149,3,18,5
149,4,33,6
149,5,33,6
149,6,33,6
149,7,20,6
149,8,20,6
149,9,18,5
149,10,35,7
149,11,33,6
149,12,18,5
149,13,18,5
149,14,14,3
149,15,16,4
149,16,18,5
149,17,39,9
149,18,43,11
149,19,30,11
149,20,26,9
149,21,39,9
149,22,37,8
149,23,20,6
149,24,14,3
149,25,12,2
149,26,0,0
150,1,14,3
150,2,14,3
150,3,16,4
150,4,18,5
150,5,20,6
150,6,20,6
150,7,22,7
150,8,20,6
150,9,20,6
150,10,20,6
150,11,20,6
150,12,20,6
150,13,18,5
150,14,18,5
150,15,20,6
150,16,20,6
150,17,20,6
150,18,16,4
150,19,14,3
150,20,14,3
150,21,16,4
150,22,16,4
150,23,18,5
150,24,16,4
150,25,14,3
150,26,16,4
150,27,14,3
150,28,12,2
150,29,29,4
150,30,14,3
150,31,16,4
150,32,16,4
150,33,20,6
150,34,16,4
150,35,12,2
150,36,10,1
150,37,12,2
150,38,10,1
150,39,10,1
150,40,12,2
150,41,14,3
150,42,16,4
150,43,16,4
150,44,12,2
150,45,10,1
150,46,12,2
150,47,12,2
150,48,10,1
150,49,10,1
150,50,10,1
150,51,10,1
150,52,0,0
151,1,14,3
151,2,16,4
151,3,16,4
151,4,16,4
151,5,16,4
151,6,18,5
151,7,18,5
151,8,20,6
151,9,20,6
151,10,18,5
151,11,18,5
151,12,18,5
151,13,20,6
151,14,35,7
151,15,22,7
151,16,24,8
151,17,26,9
151,18,26,9
151,19,28,10
151,20,28,10
151,21,28,10
151,22,28,10
151,23,28,10
151,24,38,11
151,25,38,11
151,26,42,13
151,27,44,14
151,28,44,14
151,29,44,14
151,30,42,13
151,31,57,14
151,32,65,18
151,33,69,20
151,34,63,17
151,35,48,16
151,36,44,14
151,37,50,17
151,38,54,19
151,39,56,20
151,40,54,19
151,41,67,19
151,42,59,15
151,43,65,18
151,44,67,19
151,45,73,22
151,46,75,23
151,47,79,25
151,48,105,27
151,49,91,27
151,50,111,28
152,1,16,4
152,2,20,6
152,3,22,7
152,4,24,8
152,5,22,7
152,6,22,7
152,7,18,5
152,8,20,6
152,9,22,7
152,10,22,7
152,11,22,7
152,12,20,6
152,13,22,7
152,14,22,7
152,15,37,8
152,16,37,8
152,17,22,7
152,18,16,4
152,19,16,4
152,20,22,7
152,21,26,9
152,22,24,8
152,23,20,6
152,24,20,6
152,25,18,5
152,26,16,4
152,27,10,1
152,28,12,2
152,29,18,5
152,30,22,7
152,31,22,7
152,32,20,6
152,33,16,4
152,34,14,3
152,35,16,4
152,36,12,2
152,37,12,2
152,38,10,1
152,39,0,0
152,40,0,0
152,41,0,0
152,42,0,0
152,43,0,0
152,44,0,0
152,45,0,0
152,46,0,0
152,47,0,0
152,48,0,0
152,49,0,0
152,50,0,0
152,51,0,0
152,52,0,0
152,53,0,0
152,54,0,0
152,55,0,0
152,56,0,0
152,57,0,0
152,58,0,0
152,59,0,0
153,1,14,3
153,2,16,4
153,3,18,5
153,4,20,6
153,5,22,7
153,6,22,7
153,7,22,7
153,8,22,7
153,9,22,7
153,10,22,7
153,11,20,6
153,12,22,7
153,13,37,8
153,14,37,8
153,15,37,8
153,16,22,7
153,17,22,7
153,18,20,6
153,19,20,6
153,20,18,5
153,21,0,3
153,22,0,2
153,23,0,1
153,24,0,1
153,25,0,0
153,26,0,0
153,27,0,0
153,28,0,0
153,29,0,0
153,30,0,0
153,31,0,0
153,32,0,0
153,33,0,0
153,34,0,0
153,35,0,0
153,36,0,0
153,37,0,0
153,38,0,0
153,39,0,0
153,40,0,0
153,41,0,0
153,42,0,0
153,43,0,0
153,44,0,0
153,45,0,0
153,46,0,0
153,47,0,0
154,1,14,3
154,2,16,4
154,3,16,4
154,4,14,3
154,5,14,3
154,6,14,3
154,7,16,4
154,8,18,5
154,9,18,5
154,10,20,6
154,11,18,5
154,12,18,5
154,13,18,5
154,14,18,5
154,15,18,5
154,16,14,3
154,17,14,3
154,18,14,3
154,19,14,3
154,20,14,3
154,21,14,3
154,22,14,3
154,23,16,4
154,24,18,5
154,25,18,5
154,26,18,5
154,27,18,5
154,28,18,5
154,29,18,5
154,30,18,5
154,31,16,4
154,32,14,3
154,33,14,3
154,34,16,4
154,35,29,4
154,36,12,2
154,37,12,2
154,38,14,3
154,39,12,2
154,40,0,1
154,41,0,1
155,1,16,4
155,2,22,7
155,3,20,6
155,4,24,8
155,5,22,7
155,6,22,7
155,7,20,6
155,8,24,8
155,9,26,9
155,10,26,9
155,11,24,8
155,12,26,9
155,13,22,7
155,14,18,5
155,15,20,6
155,16,24,8
155,17,26,9
155,18,24,8
155,19,24,8
155,20,24,8
155,21,28,10
155,22,28,10
155,23,24,8
155,24,39,9
155,25,39,9
155,26,28,10
155,27,32,12
155,28,36,14
155,29,53,16
155,30,55,17
155,31,53,16
155,32,57,18
155,33,53,16
155,34,38,15
155,35,34,13
155,36,54,14
155,37,61,16
155,38,65,18
155,39,65,18
155,40,65,18
155,41,69,20
155,42,75,23
155,43,81,26
155,44,103,28
155,45,93,28
155,46,93,28
155,47,93,28
155,48,113,29
156,1,16,4
156,2,22,7
156,3,24,8
156,4,24,8
156,5,22,7
156,6,24,8
156,7,26,9
156,8,26,9
156,9,22,7
156,10,22,7
156,11,26,9
156,12,43,11
156,13,45,12
156,14,45,12
156,15,43,11
156,16,26,9
156,17,20,6
156,18,20,6
156,19,24,8
156,20,41,10
156,21,26,9
156,22,26,9
156,23,28,10
156,24,43,11
156,25,47,13
156,26,41,10
156,27,43,11
156,28,45,12
156,29,43,11
156,30,47,13
156,31,32,12
156,32,30,11
156,33,32,12
156,34,45,12
156,35,45,12
156,36,47,13
156,37,47,13
156,38,45,12
156,39,32,12
156,40,32,12
156,41,24,8
156,42,26,9
156,43,39,9
156,44,45,12
156,45,49,14
156,46,49,14
156,47,49,14
156,48,45,12
156,49,43,11
156,50,28,10
156,51,24,8
156,52,26,9
156,53,26,9
156,54,26,9
156,55,24,8
156,56,39,9
156,57,24,8
156,58,26,9
156,59,24,8
156,60,28,10
156,61,43,11
156,62,45,12
156,63,45,12
156,64,45,12
156,65,28,10
156,66,24,8
156,67,22,7
156,68,24,8
156,69,22,7
156,70,26,9
156,71,39,9
156,72,39,9
156,73,22,7
156,74,22,7
156,75,20,6
156,76,16,4
156,77,0,2
157,1,16,4
157,2,20,6
157,3,24,8
157,4,22,7
157,5,20,6
157,6,22,7
157,7,24,8
157,8,20,6
157,9,20,6
157,10,24,8
157,11,26,9
157,12,41,10
157,13,43,11
157,14,45,12
157,15,43,11
157,16,28,10
157,17,26,9
157,18,41,10
157,19,49,14
157,20,49,14
157,21,45,12
157,22,69,12
157,23,42,13
157,24,59,15
157,25,67,19
157,26,67,19
157,27,67,19
157,28,67,19
157,29,67,19
157,30,69,20
157,31,73,22
157,32,60,22
157,33,68,22
157,34,60,18
157,35,77,20
157,36,83,23
157,37,85,24
157,38,89,26
157,39,117,29
158,1,12,2
158,2,14,3
158,3,14,3
158,4,16,4
158,5,14,3
158,6,14,3
158,7,14,3
158,8,16,4
158,9,18,5
158,10,20,6
158,11,18,5
158,12,18,5
158,13,20,6
158,14,20,6
158,15,20,6
158,16,20,6
158,17,20,6
158,18,18,5
158,19,18,5
158,20,18,5
158,21,18,5
158,22,18,5
158,23,20,6
158,24,18,5
158,25,18,5
158,26,18,5
158,27,18,5
158,28,18,5
158,29,16,4
158,30,14,3
158,31,14,3
158,32,12,2
158,33,12,2
158,34,12,2
158,35,10,1
158,36,0,0
159,1,16,4
159,2,22,7
159,3,26,9
159,4,22,7
159,5,22,7
159,6,20,6
159,7,20,6
159,8,20,6
159,9,20,6
159,10,22,7
159,11,33,6
159,12,33,6
159,13,31,5
159,14,18,5
159,15,16,4
159,16,20,6
159,17,24,8
159,18,22,7
159,19,20,6
159,20,20,6
159,21,31,5
159,22,33,6
159,23,20,6
159,24,16,4
159,25,18,5
159,26,24,8
159,27,24,8
159,28,39,9
159,29,39,9
159,30,41,10
159,31,28,10
159,32,28,10
159,33,28,10
159,34,43,11
159,35,43,11
159,36,26,9
159,37,26,9
159,38,22,7
159,39,20,6
159,40,20,6
159,41,18,5
159,42,14,3
159,43,12,2
159,44,10,1
159,45,12,2
159,46,10,1
159,47,0,0
159,48,0,0
159,49,0,0
159,50,0,0
159,51,0,0
159,52,0,0
159,53,0,0
160,1,16,4
160,2,20,6
160,3,20,6
160,4,22,7
160,5,26,9
160,6,22,7
160,7,20,6
160,8,22,7
160,9,35,7
160,10,37,8
160,11,37,8
160,12,33,6
160,13,16,4
160,14,20,6
160,15,16,4
160,16,16,4
160,17,20,6
160,18,35,7
160,19,37,8
160,20,37,8
160,21,37,8
160,22,20,6
160,23,26,9
160,24,43,11
160,25,45,12
160,26,43,11
160,27,37,8
160,28,22,7
160,29,20,6
160,30,22,7
160,31,20,6
160,32,18,5
160,33,16,4
160,34,10,1
160,35,0,0
160,36,0,0
160,37,0,0
160,38,0,0
160,39,0,0
161,1,14,3
161,2,16,4
161,3,18,5
161,4,18,5
161,5,20,6
161,6,20,6
161,7,18,5
161,8,20,6
161,9,20,6
161,10,22,7
161,11,22,7
161,12,24,8
161,13,24,8
161,14,24,8
161,15,24,8
161,16,22,7
161,17,41,10
161,18,45,12
161,19,45,12
161,20,55,13
161,21,59,15
161,22,42,13
161,23,34,9
161,24,32,8
161,25,30,7
161,26,26,5
161,27,26,5
161,28,26,5
161,29,28,6
161,30,28,6
161,31,32,8
161,32,34,9
161,33,36,10
161,34,40,12
161,35,40,12
161,36,38,11
161,37,40,12
161,38,38,11
161,39,36,10
161,40,28,10
161,41,43,11
161,42,41,10
161,43,26,9
161,44,20,6
161,45,16,4
161,46,12,2
161,47,10,1
161,48,0,0
162,1,14,3
162,2,16,4
162,3,16,4
162,4,18,5
162,5,18,5
162,6,20,6
162,7,20,6
162,8,20,6
162,9,22,7
162,10,22,7
162,11,22,7
162,12,20,6
162,13,20,6
162,14,18,5
162,15,18,5
162,16,18,5
162,17,20,6
162,18,20,6
162,19,16,4
162,20,14,3
162,21,14,3
162,22,12,2
162,23,0,1
162,24,0,1
162,25,0,0
162,26,0,0
162,27,0,0
162,28,0,0
162,29,0,0
162,30,0,0
162,31,0,0
162,32,0,0
162,33,0,0
162,34,0,0
162,35,0,0
162,36,0,0
163,1,16,4
163,2,20,6
163,3,20,6
163,4,24,8
163,5,37,8
163,6,20,6
163,7,20,6
163,8,20,6
163,9,20,6
163,10,20,6
163,11,18,5
163,12,20,6
163,13,20,6
163,14,22,7
163,15,37,8
163,16,22,7
163,17,20,6
163,18,22,7
163,19,37,8
163,20,22,7
163,21,20,6
163,22,18,5
163,23,16,4
163,24,0,4
163,25,10,7
163,26,10,7
163,27,10,6
163,28,10,5
163,29,10,3
163,30,10,2
163,31,10,1
163,32,10,1
163,33,10,0
163,34,10,0
163,35,10,0
163,36,10,0
163,37,10,0
163,38,10,0
163,39,10,0
163,40,10,0
163,41,10,0
164,1,16,4
164,2,22,7
164,3,22,7
164,4,22,7
164,5,22,7
164,6,24,8
164,7,24,8
164,8,37,8
164,9,39,9
164,10,41,10
164,11,41,10
164,12,39,9
164,13,24,8
164,14,22,7
164,15,24,8
164,16,22,7
164,17,22,7
164,18,37,8
164,19,35,7
164,20,37,8
164,21,24,8
164,22,24,8
164,23,22,7
164,24,20,6
164,25,18,5
164,26,33,6
164,27,31,5
164,28,0,3
164,29,0,4
164,30,0,4
164,31,0,4
164,32,0,2
164,33,0,1
164,34,0,1
164,35,0,1
164,36,0,0
164,37,0,0
164,38,0,0
164,39,0,0
164,40,0,0
164,41,0,0
164,42,0,0
164,43,0,0
164,44,0,0
164,45,0,0
164,46,0,0
164,47,0,0
164,48,0,0
164,49,0,0
164,50,0,0
165,1,16,4
165,2,20,6
165,3,24,8
165,4,24,8
165,5,26,9
165,6,28,10
165,7,43,11
165,8,43,11
165,9,45,12
165,10,45,12
165,11,47,13
165,12,30,11
165,13,30,11
165,14,28,10
165,15,26,9
165,16,24,8
165,17,37,8
165,18,39,9
165,19,45,12
165,20,45,12
165,21,30,11
165,22,26,9
165,23,41,10
165,24,43,11
165,25,45,12
165,26,45,12
165,27,36,14
165,28,36,14
165,29,36,14
165,30,36,14
165,31,34,13
165,32,28,10
165,33,26,9
165,34,26,9
165,35,20,6
165,36,16,4
165,37,10,1
165,38,10,1
165,39,0,0
165,40,0,0
165,41,0,0
166,1,16,4
166,2,20,6
166,3,35,7
166,4,22,7
166,5,22,7
166,6,24,8
166,7,37,8
166,8,43,11
166,9,32,12
166,10,28,10
166,11,28,10
166,12,28,10
166,13,28,10
166,14,24,8
166,15,22,7
166,16,22,7
166,17,35,7
166,18,39,9
166,19,43,11
166,20,28,10
166,21,26,9
166,22,24,8
166,23,24,8
166,24,24,8
166,25,26,9
166,26,26,9
166,27,24,8
166,28,26,9
166,29,41,10
166,30,41,10
166,31,24,8
166,32,26,9
166,33,24,8
166,34,22,7
166,35,18,5
166,36,16,4
166,37,0,2
166,38,0,2
166,39,0,1
166,40,0,0
166,41,0,0
166,42,0,0
166,43,0,0
167,1,16,4
167,2,20,6
167,3,22,7
167,4,24,8
167,5,26,9
167,6,26,9
167,7,26,9
167,8,24,8
167,9,26,9
167,10,28,10
167,11,43,11
167,12,45,12
167,13,45,12
167,14,43,11
167,15,30,11
167,16,26,9
167,17,26,9
167,18,28,10
167,19,24,8
167,20,26,9
167,21,43,11
167,22,43,11
167,23,39,9
167,24,39,9
167,25,24,8
167,26,18,5
167,27,24,8
167,28,26,9
167,29,41,10
167,30,47,13
167,31,51,15
167,32,75,17
167,33,59,15
167,34,46,15
167,35,46,15
167,36,52,18
167,37,52,18
167,38,63,17
167,39,67,19
167,40,69,20
167,41,73,22
167,42,73,22
167,43,73,22
167,44,77,24
167,45,109,28
167,46,113,29
168,1,14,3
168,2,18,5
168,3,18,5
168,4,16,4
168,5,14,3
168,6,16,4
168,7,18,5
168,8,20,6
168,9,20,6
168,10,20,6
168,11,20,6
168,12,22,7
168,13,22,7
168,14,22,7
168,15,22,7
168,16,22,7
168,17,24,8
168,18,37,8
168,19,18,5
168,20,14,3
168,21,14,3
168,22,16,4
168,23,16,4
168,24,14,3
168,25,14,3
168,26,14,3
168,27,0,2
168,28,0,1
168,29,0,0
168,30,0,0
168,31,0,0
168,32,0,0
168,33,0,0
168,34,0,0
168,35,0,0
168,36,0,0
168,37,0,0
168,38,0,0
168,39,0,0
168,40,0,0
168,41,0,0
168,42,0,0
168,43,0,0
168,44,0,0
169,1,14,3
169,2,16,4
169,3,16,4
169,4,16,4
169,5,16,4
169,6,18,5
169,7,18,5
169,8,18,5
169,9,16,4
169,10,16,4
169,11,16,4
169,12,16,4
169,13,14,3
169,14,14,3
169,15,14,3
169,16,16,4
169,17,16,4
169,18,16,4
169,19,14,3
169,20,14,3
169,21,14,3
169,22,14,3
169,23,18,5
169,24,18,5
169,25,16,4
169,26,16,4
169,27,16,4
169,28,16,4
169,29,18,5
169,30,20,6
169,31,18,5
169,32,20,6
169,33,18,5
169,34,16,4
169,35,16,4
169,36,16,4
169,37,12,2
169,38,12,2
169,39,12,2
169,40,12,2
169,41,12,2
169,42,10,1
169,43,0,0
170,1,16,4
170,2,20,6
170,3,24,8
170,4,24,8
170,5,26,9
170,6,24,8
170,7,24,8
170,8,24,8
170,9,26,9
170,10,28,10
170,11,45,12
170,12,51,15
170,13,57,18
170,14,53,16
170,15,51,15
170,16,47,13
170,17,41,10
170,18,41,10
170,19,28,10
170,20,28,10
170,21,67,12
170,22,59,15
170,23,59,15
170,24,44,14
170,25,44,14
170,26,48,16
170,27,61,16
170,28,91,18
170,29,83,23
170,30,85,24
170,31,83,23
170,32,85,24
170,33,115,26
171,1,12,2
171,2,16,4
171,3,18,5
171,4,20,6
171,5,24,8
171,6,24,8
171,7,26,9
171,8,24,8
171,9,24,8
171,10,24,8
171,11,22,7
171,12,22,7
171,13,22,7
171,14,22,7
171,15,24,8
171,16,37,8
171,17,45,12
171,18,45,12
171,19,47,13
171,20,43,11
171,21,24,8
171,22,20,6
171,23,22,7
171,24,41,10
171,25,26,9
171,26,30,11
171,27,30,11
171,28,43,11
171,29,45,12
171,30,41,10
171,31,28,10
171,32,26,9
171,33,24,8
171,34,40,7
171,35,14,3
171,36,12,2
171,37,10,1
171,38,0,0
172,1,14,3
172,2,16,4
172,3,20,6
172,4,20,6
172,5,20,6
172,6,20,6
172,7,20,6
172,8,22,7
172,9,22,7
172,10,22,7
172,11,22,7
172,12,20,6
172,13,20,6
172,14,35,7
172,15,35,7
172,16,35,7
172,17,39,9
172,18,41,10
172,19,43,11
172,20,43,11
172,21,45,12
172,22,47,13
172,23,49,14
172,24,47,13
172,25,49,14
172,26,49,14
172,27,34,13
172,28,32,12
172,29,34,13
172,30,30,11
172,31,26,9
172,32,24,8
172,33,22,7
172,34,22,7
172,35,20,6
172,36,20,6
172,37,22,7
172,38,22,7
172,39,20,6
172,40,20,6
172,41,20,6
172,42,20,6
172,43,20,6
172,44,20,6
172,45,20,6
172,46,20,6
172,47,20,6
172,48,24,8
172,49,26,9
172,50,24,8
172,51,24,8
172,52,24,8
172,53,24,8
172,54,39,9
172,55,39,9
172,56,26,9
172,57,26,9
172,58,22,7
172,59,20,6
172,60,18,5
172,61,16,4
172,62,0,2
172,63,0,0
172,64,0,0
173,1,16,4
173,2,20,6
173,3,24,8
173,4,24,8
173,5,24,8
173,6,26,9
173,7,26,9
173,8,28,10
173,9,43,11
173,10,47,13
173,11,47,13
173,12,30,11
173,13,24,8
173,14,22,7
173,15,24,8
173,16,41,10
173,17,49,14
173,18,69,14
173,19,40,12
173,20,26,9
173,21,22,7
173,22,22,7
173,23,26,9
173,24,41,10
173,25,37,8
173,26,20,6
173,27,12,2
173,28,0,0
174,1,14,3
174,2,20,6
174,3,22,7
174,4,22,7
174,5,24,8
174,6,24,8
174,7,20,6
174,8,20,6
174,9,22,7
174,10,37,8
174,11,41,10
174,12,39,9
174,13,24,8
174,14,24,8
174,15,24,8
174,16,20,6
174,17,18,5
174,18,18,5
174,19,22,7
174,20,33,6
174,21,18,5
174,22,18,5
174,23,18,5
174,24,35,7
174,25,20,6
174,26,22,7
174,27,24,8
174,28,24,8
174,29,22,7
174,30,22,7
174,31,22,7
174,32,20,6
174,33,16,4
174,34,10,1
174,35,10,1
174,36,0,0
174,37,0,0
174,38,0,0
174,39,0,0
174,40,0,0
174,41,0,0
174,42,0,0
174,43,0,0
175,1,14,3
175,2,16,4
175,3,16,4
175,4,18,5
175,5,20,6
175,6,18,5
175,7,18,5
175,8,16,4
175,9,16,4
175,10,18,5
175,11,18,5
175,12,20,6
175,13,18,5
175,14,18,5
175,15,18,5
175,16,18,5
175,17,18,5
175,18,16,4
175,19,16,4
175,20,16,4
175,21,16,4
175,22,16,4
175,23,16,4
175,24,16,4
175,25,16,4
175,26,16,4
175,27,18,5
175,28,20,6
175,29,20,6
175,30,18,5
175,31,16,4
175,32,16,4
175,33,16,4
175,34,18,5
175,35,16,4
175,36,18,5
175,37,16,4
175,38,14,3
175,39,14,3
175,40,16,4
175,41,12,2
175,42,0,0
176,1,16,4
176,2,20,6
176,3,20,6
176,4,22,7
176,5,24,8
176,6,24,8
176,7,20,6
176,8,24,8
176,9,39,9
176,10,43,11
176,11,24,8
176,12,20,6
176,13,18,5
176,14,20,6
176,15,20,6
176,16,16,4
176,17,14,3
176,18,14,3
176,19,12,2
176,20,16,4
176,21,20,6
176,22,22,7
176,23,20,6
176,24,14,3
176,25,14,3
176,26,18,5
176,27,20,6
176,28,16,4
176,29,0,1
176,30,0,2
176,31,0,2
176,32,0,1
176,33,0,0
176,34,0,0
176,35,0,0
176,36,0,0
176,37,0,0
176,38,0,0
176,39,0,0
176,40,0,0
176,41,0,0
176,42,0,0
176,43,0,0
177,1,16,4
177,2,20,6
177,3,20,6
177,4,22,7
177,5,24,8
177,6,20,6
177,7,18,5
177,8,18,5
177,9,22,7
177,10,24,8
177,11,22,7
177,12,22,7
177,13,20,6
177,14,22,7
177,15,24,8
177,16,24,8
177,17,20,6
177,18,18,5
177,19,12,2
177,20,10,1
177,21,12,2
177,22,10,1
177,23,12,2
177,24,16,4
177,25,20,6
177,26,37,8
177,27,20,6
177,28,22,7
177,29,26,9
177,30,26,9
177,31,22,7
177,32,22,7
177,33,20,6
177,34,35,7
177,35,41,10
177,36,47,13
177,37,28,10
177,38,24,8
177,39,24,8
177,40,20,6
177,41,24,8
177,42,22,7
177,43,20,6
177,44,20,6
177,45,18,5
177,46,29,4
177,47,0,1
177,48,0,0
177,49,0,0
178,1,16,4
178,2,20,6
178,3,22,7
178,4,24,8
178,5,24,8
178,6,26,9
178,7,24,8
178,8,22,7
178,9,24,8
178,10,24,8
178,11,22,7
178,12,20,6
178,13,22,7
178,14,24,8
178,15,22,7
178,16,22,7
178,17,22,7
178,18,24,8
178,19,24,8
178,20,22,7
178,21,18,5
178,22,14,3
178,23,0,3
178,24,0,4
178,25,0,3
178,26,0,2
178,27,0,1
178,28,0,0
178,29,0,0
178,30,0,0
178,31,0,0
178,32,0,0
178,33,0,0
178,34,0,0
178,35,0,0
178,36,0,0
178,37,0,0
178,38,0,0
178,39,0,0
178,40,0,0
178,41,0,0
178,42,0,0
178,43,0,0
178,44,0,0
178,45,0,0
178,46,0,0
179,1,14,3
179,2,14,3
179,3,16,4
179,4,18,5
179,5,18,5
179,6,18,5
179,7,18,5
179,8,14,3
179,9,14,3
179,10,16,4
179,11,14,3
179,12,14,3
179,13,14,3
179,14,12,2
179,15,10,1
179,16,10,1
179,17,0,0
179,18,0,0
179,19,0,0
179,20,0,0
179,21,0,0
179,22,0,0
179,23,0,0
179,24,0,0
179,25,0,0
179,26,0,0
179,27,0,0
179,28,0,0
179,29,0,0
179,30,0,0
180,1,12,2
180,2,14,3
180,3,14,3
180,4,16,4
180,5,16,4
180,6,16,4
180,7,16,4
180,8,14,3
180,9,14,3
180,10,16,4
180,11,18,5
180,12,18,5
180,13,18,5
180,14,18,5
180,15,18,5
180,16,20,6
180,17,20,6
180,18,20,6
180,19,20,6
180,20,20,6
180,21,20,6
180,22,20,6
180,23,22,7
180,24,22,7
180,25,18,5
180,26,16,4
180,27,18,5
180,28,22,7
180,29,22,7
180,30,22,7
180,31,22,7
180,32,20,6
180,33,20,6
180,34,22,7
180,35,22,7
180,36,22,7
180,37,22,7
180,38,24,8
180,39,28,10
180,40,42,13
180,41,61,16
180,42,61,16
180,43,61,16
180,44,65,18
180,45,69,20
180,46,71,21
180,47,71,21
180,48,91,22
180,49,79,21
180,50,64,20
180,51,81,22
180,52,85,24
180,53,89,26
180,54,89,26
180,55,89,26
180,56,89,26
180,57,89,26
180,58,91,27
180,59,93,28
180,60,113,29
181,1,16,4
181,2,18,5
181,3,18,5
181,4,22,7
181,5,26,9
181,6,39,9
181,7,39,9
181,8,41,10
181,9,45,12
181,10,41,10
181,11,24,8
181,12,22,7
181,13,22,7
181,14,22,7
181,15,24,8
181,16,35,7
181,17,39,9
181,18,43,11
181,19,45,12
181,20,45,12
181,21,41,10
181,22,39,9
181,23,24,8
181,24,24,8
181,25,26,9
181,26,24,8
181,27,24,8
181,28,26,9
181,29,41,10
181,30,45,12
181,31,79,15
181,32,63,17
181,33,67,19
181,34,67,19
181,35,69,20
181,36,65,18
181,37,65,18
181,38,52,18
181,39,95,20
181,40,81,22
181,41,83,23
181,42,85,24
181,43,89,26
181,44,89,26
181,45,91,27
181,46,93,28
181,47,113,29
182,1,16,4
182,2,20,6
182,3,24,8
182,4,28,10
182,5,43,11
182,6,47,13
182,7,45,12
182,8,45,12
182,9,30,11
182,10,26,9
182,11,24,8
182,12,28,10
182,13,45,12
182,14,45,12
182,15,41,10
182,16,43,11
182,17,43,11
182,18,30,11
182,19,28,10
182,20,67,12
182,21,57,14
182,22,61,16
182,23,48,16
182,24,48,16
182,25,68,17
182,26,75,19
182,27,77,20
182,28,77,20
182,29,79,21
182,30,77,20
182,31,77,20
182,32,81,22
182,33,83,23
182,34,85,24
182,35,85,24
182,36,117,27
183,1,16,4
183,2,22,7
183,3,24,8
183,4,24,8
183,5,22,7
183,6,24,8
183,7,24,8
183,8,24,8
183,9,28,10
183,10,28,10
183,11,41,10
183,12,39,9
183,13,41,10
183,14,47,13
183,15,30,11
183,16,30,11
183,17,47,13
183,18,55,17
183,19,53,16
183,20,47,13
183,21,47,13
183,22,51,15
183,23,36,14
183,24,32,12
183,25,30,11
183,26,38,11
183,27,55,13
183,28,59,15
183,29,63,17
183,30,65,18
183,31,52,18
183,32,52,18
183,33,54,19
183,34,54,19
183,35,69,20
183,36,67,19
183,37,69,20
183,38,71,21
183,39,77,24
183,40,93,28
183,41,87,25
183,42,87,25
183,43,119,29
184,1,16,4
184,2,16,4
184,3,18,5
184,4,22,7
184,5,22,7
184,6,24,8
184,7,26,9
184,8,26,9
184,9,28,10
184,10,26,9
184,11,39,9
184,12,39,9
184,13,37,8
184,14,41,10
184,15,49,14
184,16,55,17
184,17,57,18
184,18,40,16
184,19,54,14
184,20,59,15
184,21,59,15
184,22,59,15
184,23,61,16
184,24,61,16
184,25,75,19
184,26,81,22
184,27,87,25
184,28,91,27
184,29,91,27
184,30,115,29
185,1,16,4
185,2,18,5
185,3,22,7
185,4,24,8
185,5,24,8
185,6,24,8
185,7,24,8
185,8,22,7
185,9,22,7
185,10,24,8
185,11,28,10
185,12,41,10
185,13,41,10
185,14,28,10
185,15,28,10
185,16,26,9
185,17,24,8
185,18,26,9
185,19,43,11
185,20,45,12
185,21,32,12
185,22,32,12
185,23,34,13
185,24,32,12
185,25,47,13
185,26,51,15
185,27,45,12
185,28,45,12
185,29,47,13
185,30,34,13
185,31,32,12
185,32,28,10
185,33,43,11
185,34,49,14
185,35,43,11
185,36,41,10
185,37,39,9
185,38,28,10
185,39,24,8
185,40,18,5
185,41,10,1
185,42,10,1
185,43,0,0
185,44,0,0
185,45,0,0
186,1,16,4
186,2,20,6
186,3,20,6
186,4,18,5
186,5,18,5
186,6,20,6
186,7,20,6
186,8,16,4
186,9,16,4
186,10,14,3
186,11,12,2
186,12,12,2
186,13,14,3
186,14,14,3
186,15,14,3
186,16,10,1
186,17,10,1
186,18,0,0
186,19,0,0
186,20,0,0
186,21,0,0
186,22,0,0
186,23,0,0
186,24,0,0
186,25,0,0
186,26,0,0
186,27,0,0
186,28,0,0
187,1,12,2
187,2,12,2
187,3,12,2
187,4,14,3
187,5,14,3
187,6,14,3
187,7,12,2
187,8,14,3
187,9,16,4
187,10,16,4
187,11,14,3
187,12,14,3
187,13,14,3
187,14,14,3
187,15,14,3
187,16,14,3
187,17,14,3
187,18,0,1
187,19,0,0
187,20,0,0
187,21,0,0
187,22,0,0
187,23,0,0
187,24,0,0
187,25,0,0
187,26,0,0
188,1,16,4
188,2,20,6
188,3,22,7
188,4,22,7
188,5,22,7
188,6,22,7
188,7,22,7
188,8,20,6
188,9,20,6
188,10,22,7
188,11,22,7
188,12,24,8
188,13,22,7
188,14,22,7
188,15,22,7
188,16,22,7
188,17,22,7
188,18,22,7
188,19,24,8
188,20,26,9
188,21,26,9
188,22,24,8
188,23,24,8
188,24,24,8
188,25,20,6
188,26,18,5
188,27,20,6
188,28,22,7
188,29,20,6
188,30,16,4
188,31,16,4
188,32,16,4
188,33,18,5
188,34,22,7
188,35,22,7
188,36,20,6
188,37,20,6
188,38,18,5
188,39,14,3
188,40,16,4
188,41,18,5
188,42,33,6
188,43,0,4
188,44,0,2
188,45,0,0
188,46,0,0
188,47,0,0
188,48,0,0
188,49,0,0
188,50,0,0
188,51,0,0
188,52,0,0
189,1,16,4
189,2,22,7
189,3,22,7
189,4,22,7
189,5,22,7
189,6,22,7
189,7,22,7
189,8,22,7
189,9,20,6
189,10,18,5
189,11,14,3
189,12,14,3
189,13,14,3
189,14,12,2
189,15,14,3
189,16,14,3
189,17,16,4
189,18,20,6
189,19,18,5
189,20,20,6
189,21,20,6
189,22,31,5
189,23,12,2
189,24,12,2
189,25,14,3
189,26,14,3
189,27,16,4
189,28,18,5
189,29,18,5
189,30,18,5
189,31,16,4
189,32,18,5
189,33,22,7
189,34,22,7
189,35,20,6
189,36,20,6
189,37,18,5
189,38,14,3
189,39,0,2
189,40,0,2
189,41,0,0
189,42,0,0
189,43,0,0
189,44,0,0
189,45,0,0
189,46,0,0
189,47,0,0
189,48,0,0
190,1,14,3
190,2,16,4
190,3,16,4
190,4,18,5
190,5,18,5
190,6,18,5
190,7,16,4
190,8,16,4
190,9,14,3
190,10,16,4
190,11,16,4
190,12,18,5
190,13,20,6
190,14,22,7
190,15,22,7
190,16,22,7
190,17,20,6
190,18,16,4
190,19,14,3
190,20,16,4
190,21,18,5
190,22,16,4
190,23,14,3
190,24,12,2
190,25,12,2
190,26,10,1
190,27,0,0
191,1,16,4
191,2,22,7
191,3,24,8
191,4,24,8
191,5,22,7
191,6,24,8
191,7,24,8
191,8,22,7
191,9,24,8
191,10,37,8
191,11,41,10
191,12,43,11
191,13,43,11
191,14,41,10
191,15,28,10
191,16,28,10
191,17,22,7
191,18,22,7
191,19,18,5
191,20,18,5
191,21,22,7
191,22,24,8
191,23,22,7
191,24,18,5
191,25,18,5
191,26,20,6
191,27,16,4
191,28,10,1
191,29,12,2
191,30,18,5
191,31,22,7
191,32,22,7
191,33,18,5
191,34,14,3
191,35,12,2
191,36,14,3
191,37,14,3
191,38,14,3
191,39,0,1
191,40,0,0
191,41,0,0
191,42,0,0
191,43,0,0
191,44,0,0
191,45,0,0
191,46,0,0
191,47,0,0
191,48,0,0
191,49,0,0
191,50,0,0
191,51,0,0
191,52,0,0
191,53,0,0
191,54,0,0
191,55,0,0
191,56,0,0
191,57,0,0
191,58,0,0
191,59,0,0
192,1,14,3
192,2,16,4
192,3,18,5
192,4,20,6
192,5,20,6
192,6,35,7
192,7,35,7
192,8,37,8
192,9,39,9
192,10,24,8
192,11,26,9
192,12,34,13
192,13,34,13
192,14,30,11
192,15,45,12
192,16,49,14
192,17,47,13
192,18,49,14
192,19,51,15
192,20,49,14
192,21,47,13
192,22,75,14
192,23,48,16
192,24,50,17
192,25,61,16
192,26,67,19
192,27,69,20
192,28,73,22
192,29,71,21
192,30,71,21
192,31,95,24
192,32,91,27
192,33,91,27
192,34,113,28
193,1,12,2
193,2,12,2
193,3,14,3
193,4,14,3
193,5,16,4
193,6,18,5
193,7,16,4
193,8,16,4
193,9,14,3
193,10,14,3
193,11,14,3
193,12,16,4
193,13,16,4
193,14,16,4
193,15,16,4
193,16,20,6
193,17,20,6
193,18,20,6
193,19,18,5
193,20,12,2
193,21,10,1
193,22,12,2
193,23,12,2
193,24,12,2
193,25,14,3
193,26,12,2
193,27,12,2
193,28,12,2
193,29,12,2
193,30,10,1
193,31,12,2
193,32,12,2
193,33,12,2
193,34,10,1
193,35,0,0
194,1,16,4
194,2,18,5
194,3,22,7
194,4,24,8
194,5,22,7
194,6,22,7
194,7,37,8
194,8,20,6
194,9,20,6
194,10,20,6
194,11,24,8
194,12,43,11
194,13,43,11
194,14,41,10
194,15,41,10
194,16,37,8
194,17,22,7
194,18,22,7
194,19,26,9
194,20,41,10
194,21,43,11
194,22,41,10
194,23,39,9
194,24,26,9
194,25,24,8
194,26,26,9
194,27,24,8
194,28,28,10
194,29,43,11
194,30,22,7
194,31,18,5
194,32,18,5
194,33,18,5
194,34,31,5
194,35,18,5
194,36,18,5
194,37,16,4
194,38,33,6
194,39,37,8
194,40,35,7
194,41,16,4
194,42,18,5
194,43,18,5
194,44,20,6
194,45,22,7
194,46,22,7
194,47,37,8
194,48,41,10
194,49,26,9
194,50,24,8
194,51,24,8
194,52,24,8
194,53,37,8
194,54,37,8
194,55,33,6
194,56,35,7
194,57,22,7
194,58,24,8
194,59,18,5
194,60,20,6
194,61,22,7
194,62,37,8
194,63,20,6
194,64,16,4
194,65,16,4
194,66,12,2
194,67,0,0
194,68,0,0
194,69,0,0
194,70,0,0
194,71,0,0
194,72,0,0
194,73,0,0
194,74,0,0
194,75,0,0
194,76,0,0
195,1,14,3
195,2,16,4
195,3,18,5
195,4,18,5
195,5,16,4
195,6,14,3
195,7,14,3
195,8,10,1
195,9,10,1
195,10,10,1
195,11,10,1
195,12,12,2
195,13,14,3
195,14,12,2
195,15,12,2
195,16,12,2
195,17,14,3
195,18,16,4
195,19,18,5
195,20,18,5
195,21,14,3
195,22,14,3
195,23,12,2
195,24,12,2
195,25,14,3
195,26,12,2
195,27,0,1
195,28,0,1
195,29,0,1
195,30,0,0
195,31,0,0
195,32,0,0
195,33,0,0
195,34,0,0
195,35,0,0
195,36,0,0
195,37,0,0
195,38,0,0
195,39,0,0
195,40,0,0
195,41,0,0
195,42,0,0
195,43,0,0
195,44,0,0
195,45,0,0
195,46,0,0
195,47,0,0
195,48,0,0
196,1,16,4
196,2,20,6
196,3,22,7
196,4,24,8
196,5,24,8
196,6,24,8
196,7,24,8
196,8,22,7
196,9,24,8
196,10,24,8
196,11,26,9
196,12,26,9
196,13,24,8
196,14,26,9
196,15,24,8
196,16,24,8
196,17,22,7
196,18,20,6
196,19,18,5
196,20,14,3
196,21,14,3
196,22,16,4
196,23,18,5
196,24,37,8
196,25,22,7
196,26,20,6
196,27,0,3
196,28,0,1
196,29,0,1
196,30,0,1
196,31,0,1
196,32,0,1
196,33,0,1
196,34,0,1
196,35,0,1
196,36,0,1
196,37,0,1
196,38,0,1
196,39,0,1
196,40,0,1
197,1,18,5
197,2,20,6
197,3,20,6
197,4,24,8
197,5,22,7
197,6,20,6
197,7,20,6
197,8,22,7
197,9,22,7
197,10,20,6
197,11,20,6
197,12,14,3
197,13,14,3
197,14,10,1
197,15,10,1
197,16,10,1
197,17,12,2
197,18,18,5
197,19,24,8
197,20,20,6
197,21,14,3
197,22,16,4
197,23,20,6
197,24,18,5
197,25,16,4
197,26,20,6
197,27,20,6
197,28,37,8
197,29,43,11
197,30,37,8
197,31,18,5
197,32,12,2
197,33,10,1
197,34,0,0
198,1,16,4
198,2,18,5
198,3,20,6
198,4,22,7
198,5,24,8
198,6,22,7
198,7,20,6
198,8,20,6
198,9,22,7
198,10,20,6
198,11,18,5
198,12,33,6
198,13,20,6
198,14,22,7
198,15,24,8
198,16,37,8
198,17,37,8
198,18,41,10
198,19,39,9
198,20,39,9
198,21,26,9
198,22,26,9
198,23,26,9
198,24,22,7
198,25,20,6
198,26,35,7
198,27,37,8
198,28,37,8
198,29,35,7
198,30,24,8
198,31,24,8
198,32,20,6
198,33,20,6
198,34,18,5
198,35,14,3
198,36,12,2
198,37,14,3
198,38,14,3
198,39,12,2
198,40,0,1
198,41,0,1
199,1,14,3
199,2,16,4
199,3,16,4
199,4,16,4
199,5,14,3
199,6,16,4
199,7,16,4
199,8,16,4
199,9,20,6
199,10,22,7
199,11,22,7
199,12,22,7
199,13,20,6
199,14,33,6
199,15,27,3
199,16,12,2
199,17,16,4
199,18,16,4
199,19,14,3
199,20,12,2
199,21,14,3
199,22,14,3
199,23,12,2
199,24,12,2
199,25,10,1
199,26,0,0
199,27,0,0
199,28,0,0
199,29,0,0
199,30,0,0
199,31,0,0
199,32,0,0
199,33,0,0
199,34,0,0
199,35,0,0
199,36,0,0
199,37,0,0
199,38,0,0
199,39,0,0
199,40,0,0
199,41,0,0
199,42,0,0
200,1,16,4
200,2,22,7
200,3,24,8
200,4,39,9
200,5,37,8
200,6,41,10
200,7,45,12
200,8,43,11
200,9,24,8
200,10,24,8
200,11,24,8
200,12,22,7
200,13,37,8
200,14,39,9
200,15,24,8
200,16,22,7
200,17,20,6
200,18,20,6
200,19,22,7
200,20,24,8
200,21,24,8
200,22,24,8
200,23,26,9
200,24,41,10
200,25,26,9
200,26,26,9
200,27,24,8
200,28,20,6
200,29,24,8
200,30,37,8
200,31,24,8
200,32,22,7
200,33,18,5
200,34,14,3
200,35,12,2
200,36,10,1
200,37,10,1
200,38,14,3
200,39,16,4
200,40,16,4
200,41,14,3
200,42,14,3
200,43,12,2
200,44,10,1
200,45,10,1
200,46,10,1
200,47,10,1
200,48,10,1
200,49,0,0
201,1,16,4
201,2,20,6
201,3,22,7
201,4,20,6
201,5,22,7
201,6,20,6
201,7,22,7
201,8,22,7
201,9,26,9
201,10,28,10
201,11,28,10
201,12,43,11
201,13,43,11
201,14,43,11
201,15,41,10
201,16,41,10
201,17,45,12
201,18,24,8
201,19,22,7
201,20,26,9
201,21,24,8
201,22,37,8
201,23,43,11
201,24,45,12
201,25,43,11
201,26,39,9
201,27,41,10
201,28,26,9
201,29,28,10
201,30,28,10
201,31,43,11
201,32,45,12
201,33,45,12
201,34,49,14
201,35,47,13
201,36,47,13
201,37,45,12
201,38,32,12
201,39,34,13
201,40,32,12
201,41,39,9
201,42,43,11
201,43,47,13
201,44,47,13
201,45,30,11
201,46,30,11
201,47,34,13
201,48,45,12
201,49,47,13
201,50,49,14
201,51,51,15
201,52,53,16
201,53,53,16
201,54,55,17
201,55,75,18
201,56,67,19
201,57,71,21
201,58,71,21
201,59,73,22
201,60,93,23
201,61,89,26
201,62,91,27
201,63,115,29
202,1,16,4
202,2,22,7
202,3,24,8
202,4,24,8
202,5,24,8
202,6,26,9
202,7,26,9
202,8,24,8
202,9,26,9
202,10,41,10
202,11,47,13
202,12,49,14
202,13,30,11
202,14,24,8
202,15,28,10
202,16,45,12
202,17,51,15
202,18,49,14
202,19,49,14
202,20,51,15
202,21,51,15
202,22,57,18
202,23,79,20
202,24,56,20
202,25,67,19
202,26,67,19
202,27,67,19
202,28,69,20
202,29,73,22
202,30,79,25
202,31,107,28
202,32,93,28
202,33,93,28
202,34,113,29
203,1,16,4
203,2,20,6
203,3,24,8
203,4,24,8
203,5,22,7
203,6,24,8
203,7,24,8
203,8,24,8
203,9,24,8
203,10,24,8
203,11,24,8
203,12,24,8
203,13,24,8
203,14,24,8
203,15,24,8
203,16,24,8
203,17,24,8
203,18,24,8
203,19,24,8
203,20,24,8
203,21,24,8
203,22,24,8
203,23,24,8
203,24,24,8
203,25,24,8
203,26,24,8
203,27,24,8
203,28,24,8
203,29,24,8
203,30,24,8
203,31,24,8
203,32,24,8
203,33,24,8
203,34,24,8
203,35,24,8
203,36,24,8
203,37,24,8
203,38,24,8
203,39,24,8
203,40,24,8
203,41,24,8
203,42,24,8
203,43,24,8
203,44,24,8
203,45,24,8
203,46,24,8
203,47,24,8
203,48,24,8
203,49,24,8
203,50,24,8
203,51,24,8
203,52,24,8
203,53,24,8
203,54,24,8
203,55,24,8
203,56,24,8
203,57,24,8
203,58,24,8
203,59,24,8
203,60,24,8
203,61,24,8
203,62,24,8
203,63,24,8
203,64,24,8
203,65,24,8
203,66,24,8
203,67,24,8
203,68,24,8
203,69,24,8
203,70,24,8
203,71,24,8
203,72,24,8
203,73,24,8
203,74,24,8
203,75,24,8
203,76,24,8
203,77,24,8
203,78,24,8
203,79,24,8
203,80,24,8
203,81,24,8
203,82,24,8
203,83,24,8
203,84,24,8
203,85,24,8
203,86,24,8
203,87,24,8
203,88,24,8
203,89,24,8
203,90,24,8
203,91,24,8
203,92,24,8
203,93,24,8
203,94,24,8
203,95,24,8
203,96,24,8
203,97,24,8
203,98,24,8
203,99,24,8
203,100,24,8
203,101,24,8
203,102,24,8
203,103,24,8
203,104,24,8
203,105,24,8
203,106,24,8
203,107,24,8
203,108,24,8
203,109,24,8
203,110,24,8
203,111,24,8
203,112,24,8
203,113,24,8
203,114,24,8
203,115,24,8
203,116,24,8
203,117,24,8
203,118,24,8
203,119,24,8
203,120,24,8
203,121,24,8
203,122,24,8
203,123,24,8
203,124,24,8
203,125,24,8
203,126,24,8
203,127,24,8
203,128,24,8
203,129,24,8
203,130,24,8
203,131,24,8
203,132,24,8
203,133,24,8
203,134,24,8
203,135,24,8
203,136,24,8
203,137,24,8
203,138,24,8
203,139,24,8
203,140,24,8
203,141,24,8
203,142,24,8
203,143,24,8
203,144,24,8
203,145,24,8
203,146,24,8
203,147,24,8
203,148,24,8
203,149,24,8
203,150,24,8
203,151,24,8
203,152,24,8
203,153,24,8
203,154,24,8
203,155,24,8
203,156,24,8
203,157,24,8
203,158,24,8
203,159,24,8
203,160,24,8
203,161,24,8
203,162,24,8
203,163,24,8
203,164,24,8
203,165,24,8
203,166,24,8
203,167,24,8
203,168,24,8
203,169,24,8
203,170,24,8
203,171,24,8
203,172,24,8
203,173,24,8
203,174,24,8
203,175,24,8
203,176,24,8
203,177,24,8
203,178,24,8
203,179,24,8
203,180,24,8
203,181,24,8
203,182,24,8
203,183,24,8
203,184,24,8
203,185,24,8
203,186,24,8
203,187,24,8
203,188,24,8
203,189,24,8
203,190,24,8
203,191,24,8
203,192,24,8
203,193,24,8
203,194,24,8
203,195,24,8
203,196,24,8
203,197,24,8
203,198,24,8
203,199,24,8
203,200,24,8
204,1,16,4
204,2,20,6
204,3,24,8
204,4,37,8
204,5,39,9
204,6,41,10
204,7,41,10
204,8,37,8
204,9,22,7
204,10,22,7
204,11,26,9
204,12,41,10
204,13,47,13
204,14,47,13
204,15,43,11
204,16,24,8
204,17,26,9
204,18,28,10
204,19,26,9
204,20,30,11
204,21,43,11
204,22,47,13
204,23,49,14
204,24,53,16
204,25,55,17
204,26,55,17
204,27,55,17
204,28,51,15
204,29,47,13
204,30,47,13
204,31,99,15
204,32,44,14
204,33,48,16
204,34,61,16
204,35,67,19
204,36,81,22
204,37,85,24
204,38,89,26
204,39,113,28
205,1,14,3
205,2,16,4
205,3,16,4
205,4,18,5
205,5,18,5
205,6,18,5
205,7,20,6
205,8,20,6
205,9,20,6
205,10,20,6
205,11,20,6
205,12,18,5
205,13,16,4
205,14,18,5
205,15,16,4
205,16,16,4
205,17,16,4
205,18,29,4
205,19,27,3
205,20,0,1
205,21,0,0
205,22,0,0
205,23,0,0
205,24,0,0
205,25,0,0
205,26,0,0
205,27,0,0
205,28,0,0
205,29,0,0
205,30,0,0
206,1,16,4
206,2,20,6
206,3,20,6
206,4,18,5
206,5,16,4
206,6,16,4
206,7,18,5
206,8,18,5
206,9,16,4
206,10,16,4
206,11,16,4
206,12,16,4
206,13,16,4
206,14,16,4
206,15,18,5
206,16,16,4
206,17,14,3
206,18,14,3
206,19,12,2
206,20,14,3
206,21,16,4
206,22,16,4
206,23,31,5
206,24,14,3
206,25,10,1
206,26,0,0
207,1,12,2
207,2,14,3
207,3,14,3
207,4,16,4
207,5,14,3
207,6,14,3
207,7,16,4
207,8,16,4
207,9,16,4
207,10,14,3
207,11,14,3
207,12,14,3
207,13,14,3
207,14,12,2
207,15,12,2
207,16,10,1
207,17,0,0
207,18,0,0
207,19,0,0
207,20,0,0
207,21,0,0
207,22,0,0
207,23,0,0
207,24,0,0
207,25,0,0
207,26,0,0
207,27,0,0
207,28,0,0
207,29,0,0
207,30,0,0
207,31,0,0
207,32,0,0
207,33,0,0
207,34,0,0
207,35,0,0
207,36,0,0
207,37,0,0
207,38,0,0
207,39,0,0
207,40,0,0
207,41,0,0
207,42,0,0
207,43,0,0
208,1,16,4
208,2,20,6
208,3,22,7
208,4,22,7
208,5,26,9
208,6,26,9
208,7,24,8
208,8,24,8
208,9,24,8
208,10,24,8
208,11,26,9
208,12,28,10
208,13,32,12
208,14,47,13
208,15,49,14
208,16,53,16
208,17,49,14
208,18,45,12
208,19,32,12
208,20,60,13
208,21,59,15
208,22,65,18
208,23,67,19
208,24,69,20
208,25,67,19
208,26,67,19
208,27,67,19
208,28,67,19
208,29,71,21
208,30,95,23
208,31,83,23
208,32,87,25
208,33,91,27
208,34,115,29
209,1,14,3
209,2,16,4
209,3,18,5
209,4,18,5
209,5,20,6
209,6,20,6
209,7,20,6
209,8,35,7
209,9,39,9
209,10,39,9
209,11,37,8
209,12,24,8
209,13,20,6
209,14,22,7
209,15,20,6
209,16,22,7
209,17,24,8
209,18,26,9
209,19,56,13
209,20,57,14
209,21,57,14
209,22,57,14
209,23,44,14
209,24,40,12
209,25,38,11
209,26,40,12
209,27,57,14
209,28,61,16
209,29,59,15
209,30,68,15
209,31,71,17
209,32,73,18
209,33,63,17
209,34,57,14
209,35,42,13
209,36,38,11
209,37,40,12
209,38,44,14
209,39,40,12
209,40,30,11
209,41,28,10
209,42,26,9
209,43,24,8
209,44,35,7
209,45,22,7
209,46,22,7
209,47,20,6
209,48,14,3
209,49,0,1
210,1,16,4
210,2,20,6
210,3,22,7
210,4,24,8
210,5,22,7
210,6,24,8
210,7,22,7
210,8,24,8
210,9,26,9
210,10,26,9
210,11,32,12
210,12,32,12
210,13,30,11
210,14,28,10
210,15,24,8
210,16,22,7
210,17,26,9
210,18,39,9
210,19,43,11
210,20,43,11
210,21,45,12
210,22,32,12
210,23,32,12
210,24,34,13
210,25,47,13
210,26,49,14
210,27,51,15
210,28,49,14
210,29,67,14
210,30,57,14
210,31,42,13
210,32,40,12
210,33,40,12
210,34,43,11
210,35,43,11
210,36,43,11
210,37,43,11
210,38,26,9
210,39,28,10
210,40,28,10
210,41,34,13
210,42,30,11
210,43,30,11
210,44,30,11
210,45,24,8
210,46,16,4
210,47,16,4
210,48,10,1
210,49,0,0
211,1,16,4
211,2,22,7
211,3,28,10
211,4,26,9
211,5,39,9
211,6,41,10
211,7,45,12
211,8,45,12
211,9,45,12
211,10,41,10
211,11,30,11
211,12,30,11
211,13,28,10
211,14,30,11
211,15,26,9
211,16,26,9
211,17,26,9
211,18,43,11
211,19,45,12
211,20,47,13
211,21,47,13
211,22,45,12
211,23,30,11
211,24,43,11
211,25,45,12
211,26,45,12
211,27,43,11
211,28,30,11
211,29,30,11
211,30,32,12
211,31,47,13
211,32,43,11
211,33,43,11
211,34,43,11
211,35,43,11
211,36,43,11
211,37,26,9
211,38,24,8
211,39,22,7
211,40,22,7
211,41,22,7
211,42,20,6
211,43,14,3
211,44,10,1
211,45,0,0
212,1,16,4
212,2,22,7
212,3,22,7
212,4,22,7
212,5,22,7
212,6,26,9
212,7,22,7
212,8,24,8
212,9,26,9
212,10,24,8
212,11,22,7
212,12,28,10
212,13,43,11
212,14,43,11
212,15,45,12
212,16,30,11
212,17,26,9
212,18,28,10
212,19,30,11
212,20,49,14
212,21,47,13
212,22,45,12
212,23,39,9
212,24,35,7
212,25,29,4
212,26,0,3
213,1,16,4
213,2,18,5
213,3,20,6
213,4,22,7
213,5,22,7
213,6,20,6
213,7,24,8
213,8,28,10
213,9,26,9
213,10,41,10
213,11,41,10
213,12,41,10
213,13,39,9
213,14,41,10
213,15,41,10
213,16,26,9
213,17,56,13
213,18,61,16
213,19,63,17
213,20,65,18
213,21,67,19
213,22,69,20
213,23,71,21
213,24,71,21
213,25,95,23
213,26,87,25
213,27,93,28
213,28,91,27
213,29,91,27
213,30,93,28
213,31,93,28
213,32,91,27
213,33,91,27
213,34,115,29
214,1,12,2
214,2,12,2
214,3,12,2
214,4,14,3
214,5,16,4
214,6,16,4
214,7,16,4
214,8,18,5
214,9,20,6
214,10,20,6
214,11,16,4
214,12,22,7
214,13,24,8
214,14,26,9
214,15,24,8
214,16,26,9
214,17,30,11
214,18,30,11
214,19,26,9
214,20,20,6
214,21,22,7
214,22,24,8
214,23,22,7
214,24,22,7
214,25,20,6
214,26,20,6
214,27,24,8
214,28,22,7
214,29,22,7
214,30,22,7
214,31,20,6
214,32,18,5
214,33,18,5
214,34,18,5
214,35,18,5
214,36,16,4
214,37,14,3
214,38,14,3
214,39,12,2
214,40,12,2
214,41,12,2
214,42,12,2
214,43,10,1
214,44,0,0
214,45,0,0
214,46,0,0
215,1,16,4
215,2,22,7
215,3,24,8
215,4,26,9
215,5,26,9
215,6,26,9
215,7,26,9
215,8,28,10
215,9,45,12
215,10,53,16
215,11,53,16
215,12,51,15
215,13,32,12
215,14,26,9
215,15,26,9
215,16,30,11
215,17,57,14
215,18,63,17
215,19,69,20
215,20,75,23
215,21,77,24
215,22,125,27
216,1,16,4
216,2,18,5
216,3,24,8
216,4,22,7
216,5,24,8
216,6,24,8
216,7,24,8
216,8,39,9
216,9,24,8
216,10,22,7
216,11,20,6
216,12,20,6
216,13,20,6
216,14,37,8
216,15,22,7
216,16,20,6
216,17,24,8
216,18,24,8
216,19,26,9
216,20,26,9
216,21,39,9
216,22,45,12
216,23,51,15
216,24,49,14
216,25,28,10
216,26,30,11
216,27,26,9
216,28,24,8
216,29,24,8
216,30,24,8
216,31,39,9
216,32,43,11
216,33,45,12
216,34,26,9
216,35,24,8
216,36,22,7
216,37,35,7
216,38,37,8
216,39,16,4
216,40,12,2
216,41,14,3
216,42,12,2
216,43,10,1
216,44,12,2
216,45,10,1
216,46,10,1
216,47,10,1
216,48,12,2
216,49,12,2
216,50,10,1
216,51,0,0
217,1,12,2
217,2,14,3
217,3,16,4
217,4,18,5
217,5,20,6
217,6,22,7
217,7,22,7
217,8,35,7
217,9,35,7
217,10,33,6
217,11,31,5
217,12,33,6
217,13,35,7
217,14,35,7
217,15,20,6
217,16,20,6
217,17,20,6
217,18,20,6
217,19,20,6
217,20,20,6
217,21,18,5
217,22,18,5
217,23,18,5
217,24,18,5
217,25,20,6
217,26,22,7
217,27,22,7
217,28,22,7
217,29,20,6
217,30,18,5
217,31,20,6
217,32,18,5
217,33,16,4
217,34,16,4
217,35,20,6
217,36,20,6
217,37,22,7
217,38,35,7
217,39,39,9
217,40,39,9
217,41,43,11
217,42,38,11
217,43,36,10
217,44,34,9
217,45,32,8
217,46,0,7
217,47,0,5
217,48,0,3
217,49,0,3
217,50,0,3
217,51,0,2
217,52,0,1
218,1,16,4
218,2,20,6
218,3,24,8
218,4,24,8
218,5,22,7
218,6,22,7
218,7,22,7
218,8,35,7
218,9,39,9
218,10,39,9
218,11,22,7
218,12,22,7
218,13,24,8
218,14,26,9
218,15,28,10
218,16,43,11
218,17,45,12
218,18,47,13
218,19,45,12
218,20,49,14
218,21,49,14
218,22,51,15
218,23,51,15
218,24,49,14
218,25,47,13
218,26,34,13
218,27,45,12
218,28,49,14
218,29,53,16
218,30,55,17
218,31,55,17
218,32,57,18
218,33,53,16
218,34,47,13
218,35,43,11
218,36,93,11
218,37,42,13
218,38,44,14
218,39,48,16
218,40,50,17
218,41,54,19
218,42,77,24
218,43,113,27
219,1,14,3
219,2,14,3
219,3,18,5
219,4,24,8
219,5,22,7
219,6,22,7
219,7,22,7
219,8,20,6
219,9,20,6
219,10,18,5
219,11,18,5
219,12,20,6
219,13,22,7
219,14,20,6
219,15,18,5
219,16,18,5
219,17,35,7
219,18,22,7
219,19,22,7
219,20,22,7
219,21,24,8
219,22,24,8
219,23,39,9
219,24,41,10
219,25,45,12
219,26,43,11
219,27,39,9
219,28,35,7
219,29,0,5
219,30,0,2
219,31,0,1
219,32,0,1
219,33,0,1
219,34,0,1
219,35,0,0
219,36,0,0
219,37,0,0
219,38,0,0
219,39,0,0
219,40,0,0
219,41,0,0
219,42,0,0
219,43,0,0
219,44,0,0
219,45,0,0
219,46,0,0
219,47,0,0
219,48,0,0
219,49,0,0
219,50,0,0
219,51,0,0
219,52,0,0
219,53,0,0
219,54,0,0
219,55,0,0
219,56,0,0
219,57,0,0
220,1,16,4
220,2,22,7
220,3,24,8
220,4,26,9
220,5,24,8
220,6,22,7
220,7,24,8
220,8,24,8
220,9,26,9
220,10,28,10
220,11,32,12
220,12,30,11
220,13,36,14
220,14,34,13
220,15,32,12
220,16,30,11
220,17,30,11
220,18,32,12
220,19,30,11
220,20,32,12
220,21,43,11
220,22,41,10
220,23,39,9
220,24,35,7
220,25,22,7
220,26,20,6
220,27,20,6
220,28,18,5
220,29,10,1
220,30,10,1
220,31,12,2
220,32,14,3
220,33,10,1
220,34,0,0
221,1,16,4
221,2,20,6
221,3,22,7
221,4,22,7
221,5,22,7
221,6,20,6
221,7,18,5
221,8,20,6
221,9,20,6
221,10,24,8
221,11,26,9
221,12,26,9
221,13,41,10
221,14,43,11
221,15,39,9
221,16,24,8
221,17,22,7
221,18,20,6
221,19,20,6
221,20,20,6
221,21,20,6
221,22,14,3
221,23,12,2
221,24,16,4
221,25,18,5
221,26,14,3
221,27,12,2
221,28,0,0
221,29,0,0
221,30,0,0
221,31,0,0
221,32,0,0
222,1,14,3
222,2,16,4
222,3,16,4
222,4,16,4
222,5,16,4
222,6,16,4
222,7,16,4
222,8,16,4
222,9,16,4
222,10,16,4
222,11,16,4
222,12,16,4
222,13,16,4
222,14,16,4
222,15,16,4
222,16,16,4
222,17,16,4
222,18,16,4
222,19,16,4
222,20,16,4
222,21,16,4
222,22,16,4
222,23,16,4
222,24,16,4
222,25,16,4
222,26,16,4
222,27,16,4
222,28,16,4
222,29,16,4
222,30,16,4
222,31,16,4
222,32,16,4
222,33,16,4
222,34,16,4
222,35,16,4
222,36,16,4
222,37,18,5
222,38,18,5
222,39,20,6
222,40,22,7
222,41,39,9
222,42,43,11
222,43,47,13
222,44,49,14
222,45,49,14
222,46,51,15
222,47,47,13
222,48,45,12
222,49,45,12
222,50,43,11
222,51,45,12
222,52,75,15
222,53,59,15
222,54,61,16
222,55,61,16
222,56,65,18
222,57,48,16
222,58,59,15
222,59,59,15
222,60,63,17
222,61,67,19
222,62,69,20
222,63,71,21
222,64,81,22
222,65,81,22
222,66,83,23
222,67,83,23
222,68,85,24
222,69,89,26
222,70,89,26
222,71,113,26
223,1,16,4
223,2,20,6
223,3,22,7
223,4,26,9
223,5,28,10
223,6,26,9
223,7,22,7
223,8,37,8
223,9,43,11
223,10,45,12
223,11,49,14
223,12,34,13
223,13,30,11
223,14,24,8
223,15,24,8
223,16,43,11
223,17,49,14
223,18,51,15
223,19,53,16
223,20,58,16
223,21,42,13
223,22,40,12
223,23,38,11
223,24,42,13
223,25,55,13
223,26,61,16
223,27,63,17
223,28,61,16
223,29,61,16
223,30,65,18
223,31,50,17
223,32,52,18
223,33,67,19
223,34,67,19
223,35,69,20
223,36,69,20
223,37,71,21
223,38,81,22
223,39,83,23
223,40,83,23
223,41,87,25
223,42,91,27
223,43,93,28
223,44,93,28
223,45,93,28
223,46,93,28
223,47,93,28
223,48,93,28
223,49,93,28
223,50,93,28
223,51,93,28
223,52,93,28
223,53,91,27
223,54,93,28
223,55,93,28
223,56,91,27
223,57,93,28
223,58,113,29
224,1,18,5
224,2,20,6
224,3,24,8
224,4,24,8
224,5,26,9
224,6,28,10
224,7,28,10
224,8,43,11
224,9,47,13
224,10,51,15
224,11,51,15
224,12,49,14
224,13,47,13
224,14,30,11
224,15,30,11
224,16,43,11
224,17,49,14
224,18,43,11
224,19,39,9
224,20,41,10
224,21,30,11
224,22,34,13
224,23,67,14
224,24,55,13
224,25,57,14
224,26,57,14
224,27,59,15
224,28,48,16
224,29,48,16
224,30,52,18
224,31,58,21
224,32,75,23
224,33,73,22
224,34,73,22
224,35,77,24
224,36,101,26
224,37,115,27
225,1,16,4
225,2,18,5
225,3,22,7
225,4,22,7
225,5,20,6
225,6,20,6
225,7,18,5
225,8,20,6
225,9,20,6
225,10,22,7
225,11,22,7
225,12,35,7
225,13,37,8
225,14,24,8
225,15,16,4
225,16,12,2
225,17,10,1
225,18,10,1
225,19,0,0
225,20,0,0
225,21,0,0
225,22,0,0
225,23,0,0
225,24,0,0
225,25,0,0
225,26,0,0
225,27,0,0
225,28,0,0
225,29,0,0
225,30,0,0
225,31,0,0
225,32,0,0
225,33,0,0
225,34,0,0
225,35,0,0
225,36,0,0
225,37,0,0
225,38,0,0
225,39,0,0
225,40,0,0
225,41,0,0
225,42,0,0
226,1,16,4
226,2,20,6
226,3,20,6
226,4,24,8
226,5,24,8
226,6,22,7
226,7,22,7
226,8,22,7
226,9,39,9
226,10,37,8
226,11,39,9
226,12,20,6
226,13,24,8
226,14,24,8
226,15,22,7
226,16,26,9
226,17,41,10
226,18,26,9
226,19,26,9
226,20,22,7
226,21,24,8
226,22,22,7
226,23,35,7
226,24,37,8
226,25,0,7
227,1,16,4
227,2,20,6
227,3,22,7
227,4,26,9
227,5,28,10
227,6,41,10
227,7,41,10
227,8,45,12
227,9,47,13
227,10,43,11
227,11,43,11
227,12,43,11
227,13,45,12
227,14,24,8
227,15,24,8
227,16,22,7
227,17,22,7
227,18,24,8
227,19,24,8
227,20,41,10
227,21,41,10
227,22,26,9
227,23,24,8
227,24,20,6
227,25,22,7
227,26,39,9
227,27,22,7
227,28,20,6
227,29,18,5
227,30,18,5
227,31,16,4
227,32,16,4
227,33,12,2
227,34,12,2
227,35,10,1
227,36,10,1
227,37,10,1
227,38,10,1
227,39,0,0
228,1,16,4
228,2,22,7
228,3,26,9
228,4,26,9
228,5,26,9
228,6,24,8
228,7,24,8
228,8,26,9
228,9,48,10
228,10,40,12
228,11,40,12
228,12,42,13
228,13,44,14
228,14,63,17
228,15,44,14
228,16,42,13
228,17,44,14
228,18,42,13
228,19,46,15
228,20,50,17
228,21,65,18
228,22,63,17
228,23,65,18
228,24,61,16
228,25,61,16
228,26,63,17
228,27,50,17
228,28,52,18
228,29,69,20
228,30,75,23
228,31,79,25
228,32,81,26
228,33,81,26
228,34,101,26
228,35,85,24
228,36,85,24
228,37,89,26
228,38,113,27
229,1,16,4
229,2,22,7
229,3,24,8
229,4,22,7
229,5,24,8
229,6,26,9
229,7,26,9
229,8,26,9
229,9,41,10
229,10,43,11
229,11,45,12
229,12,41,10
229,13,41,10
229,14,39,9
229,15,41,10
229,16,45,12
229,17,58,15
229,18,70,18
229,19,81,22
229,20,81,22
229,21,83,23
229,22,87,25
229,23,91,27
229,24,113,28
230,1,14,3
230,2,14,3
230,3,16,4
230,4,16,4
230,5,16,4
230,6,31,5
230,7,33,6
230,8,18,5
230,9,14,3
230,10,16,4
230,11,18,5
230,12,18,5
230,13,18,5
230,14,20,6
230,15,20,6
230,16,20,6
230,17,18,5
230,18,18,5
230,19,18,5
230,20,16,4
230,21,12,2
230,22,12,2
230,23,12,2
230,24,14,3
230,25,16,4
230,26,18,5
230,27,14,3
230,28,14,3
230,29,16,4
230,30,14,3
230,31,14,3
230,32,16,4
230,33,14,3
230,34,12,2
230,35,14,3
230,36,16,4
230,37,31,5
230,38,33,6
230,39,35,7
230,40,0,5
230,41,0,3
230,42,0,1
230,43,0,0
230,44,0,0
230,45,0,0
230,46,0,0
230,47,0,0
230,48,0,0
230,49,0,0
230,50,0,0
230,51,0,0
230,52,0,0
230,53,0,0
230,54,0,0
231,1,14,3
231,2,16,4
231,3,18,5
231,4,18,5
231,5,18,5
231,6,18,5
231,7,18,5
231,8,20,6
231,9,20,6
231,10,20,6
231,11,20,6
231,12,22,7
231,13,22,7
231,14,22,7
231,15,22,7
231,16,24,8
231,17,26,9
231,18,41,10
231,19,45,12
231,20,75,15
231,21,55,13
231,22,57,14
231,23,59,15
231,24,63,17
231,25,71,21
231,26,125,22
231,27,81,22
231,28,81,22
231,29,68,22
231,30,80,24
232,1,14,3
232,2,14,3
232,3,14,3
232,4,16,4
232,5,18,5
232,6,20,6
232,7,20,6
232,8,20,6
232,9,18,5
232,10,18,5
232,11,20,6
232,12,18,5
232,13,0,3
232,14,0,2
232,15,0,0
232,16,0,0
232,17,0,0
232,18,0,0
232,19,0,0
232,20,0,0
232,21,0,0
232,22,0,0
232,23,0,0
232,24,0,0
232,25,0,0
232,26,0,0
232,27,0,0
232,28,0,0
232,29,0,0
233,1,12,2
233,2,12,2
233,3,14,3
233,4,16,4
233,5,18,5
233,6,18,5
233,7,18,5
233,8,16,4
233,9,16,4
233,10,14,3
233,11,16,4
233,12,18,5
233,13,16,4
233,14,16,4
233,15,18,5
233,16,18,5
233,17,18,5
233,18,18,5
233,19,18,5
233,20,16,4
233,21,16,4
233,22,16,4
233,23,16,4
233,24,18,5
233,25,18,5
233,26,18,5
233,27,14,3
233,28,0,1
233,29,0,1
233,30,0,1
233,31,0,1
233,32,0,0
233,33,0,0
233,34,0,0
233,35,0,0
233,36,0,0
233,37,0,0
233,38,0,0
233,39,0,0
233,40,0,0
233,41,0,0
233,42,0,0
233,43,0,0
233,44,0,0
233,45,0,0
233,46,0,0
233,47,0,0
233,48,0,0
233,49,0,0
233,50,0,0
233,51,0,0
233,52,0,0
234,1,14,3
234,2,16,4
234,3,16,4
234,4,14,3
234,5,14,3
234,6,14,3
234,7,14,3
234,8,14,3
234,9,16,4
234,10,16,4
234,11,14,3
234,12,12,2
234,13,12,2
234,14,14,3
234,15,14,3
234,16,14,3
234,17,16,4
234,18,16,4
234,19,16,4
234,20,16,4
234,21,16,4
234,22,16,4
234,23,14,3
234,24,14,3
234,25,16,4
234,26,18,5
234,27,16,4
234,28,16,4
234,29,16,4
234,30,12,2
234,31,0,1
235,1,16,4
235,2,20,6
235,3,20,6
235,4,20,6
235,5,41,10
235,6,41,10
235,7,26,9
235,8,24,8
235,9,22,7
235,10,20,6
235,11,16,4
235,12,14,3
235,13,10,1
235,14,12,2
235,15,16,4
235,16,20,6
235,17,22,7
235,18,16,4
235,19,14,3
235,20,14,3
235,21,29,4
235,22,14,3
235,23,16,4
235,24,22,7
235,25,18,5
235,26,12,2
235,27,12,2
235,28,10,1
235,29,12,2
235,30,10,1
235,31,0,0
235,32,0,0
235,33,0,0
235,34,0,0
235,35,0,0
235,36,0,0
236,1,14,3
236,2,18,5
236,3,22,7
236,4,24,8
236,5,26,9
236,6,26,9
236,7,26,9
236,8,26,9
236,9,24,8
236,10,24,8
236,11,24,8
236,12,24,8
236,13,39,9
236,14,43,11
236,15,45,12
236,16,28,10
236,17,30,11
236,18,32,12
236,19,32,12
236,20,47,13
236,21,43,11
236,22,43,11
236,23,39,9
236,24,35,7
236,25,20,6
236,26,18,5
236,27,14,3
236,28,10,1
236,29,0,0
237,1,14,3
237,2,18,5
237,3,20,6
237,4,22,7
237,5,24,8
237,6,37,8
237,7,41,10
237,8,47,13
237,9,49,14
237,10,45,12
237,11,30,11
237,12,32,12
237,13,30,11
237,14,32,12
237,15,58,13
237,16,38,11
237,17,42,13
237,18,55,13
237,19,63,17
237,20,59,15
237,21,46,15
237,22,44,14
237,23,42,13
237,24,42,13
237,25,42,13
237,26,57,14
237,27,61,16
237,28,63,17
237,29,61,16
237,30,46,15
237,31,42,13
237,32,46,15
237,33,63,17
237,34,63,17
237,35,65,18
237,36,67,19
237,37,48,16
237,38,46,15
237,39,44,14
237,40,63,17
237,41,50,17
237,42,65,18
237,43,65,18
237,44,63,17
237,45,65,18
237,46,69,20
237,47,54,19
237,48,67,19
237,49,73,22
237,50,75,23
237,51,77,24
237,52,79,25
237,53,77,24
237,54,77,24
237,55,115,25
237,56,91,27
237,57,93,28
237,58,103,29
238,1,16,4
238,2,20,6
238,3,22,7
238,4,39,9
238,5,37,8
238,6,37,8
238,7,35,7
238,8,35,7
238,9,24,8
238,10,22,7
238,11,22,7
238,12,41,10
238,13,47,13
238,14,53,16
238,15,51,15
238,16,49,14
238,17,30,11
238,18,26,9
238,19,24,8
238,20,43,11
238,21,45,12
238,22,45,12
238,23,39,9
238,24,22,7
238,25,20,6
238,26,12,2
238,27,0,1
239,1,14,3
239,2,16,4
239,3,16,4
239,4,18,5
239,5,16,4
239,6,16,4
239,7,14,3
239,8,14,3
239,9,16,4
239,10,18,5
239,11,18,5
239,12,18,5
239,13,16,4
239,14,16,4
239,15,18,5
239,16,18,5
239,17,18,5
239,18,16,4
239,19,16,4
239,20,16,4
239,21,18,5
239,22,18,5
239,23,18,5
239,24,18,5
239,25,18,5
239,26,18,5
239,27,16,4
239,28,18,5
239,29,18,5
239,30,18,5
239,31,18,5
239,32,20,6
239,33,18,5
239,34,20,6
239,35,18,5
239,36,20,6
239,37,26,9
239,38,28,10
239,39,32,12
239,40,34,13
239,41,40,16
239,42,44,18
239,43,42,17
239,44,55,17
239,45,53,16
239,46,55,17
239,47,55,17
239,48,49,14
239,49,51,15
239,50,38,15
239,51,40,16
239,52,40,16
239,53,42,17
239,54,40,16
239,55,36,14
239,56,36,14
239,57,36,14
239,58,34,13
239,59,30,11
239,60,34,13
239,61,32,12
239,62,47,13
239,63,45,12
239,64,26,9
239,65,22,7
239,66,24,8
239,67,26,9
239,68,26,9
239,69,24,8
239,70,24,8
239,71,24,8
239,72,22,7
239,73,24,8
239,74,26,9
239,75,37,8
239,76,37,8
239,77,33,6
239,78,0,3
240,1,16,4
240,2,18,5
240,3,22,7
240,4,24,8
240,5,22,7
240,6,24,8
240,7,22,7
240,8,22,7
240,9,37,8
240,10,41,10
240,11,28,10
240,12,28,10
240,13,22,7
240,14,18,5
240,15,14,3
240,16,20,6
240,17,24,8
240,18,37,8
240,19,35,7
240,20,16,4
240,21,12,2
240,22,16,4
240,23,18,5
240,24,18,5
240,25,18,5
240,26,18,5
240,27,14,3
240,28,0,0
240,29,0,0
240,30,0,0
240,31,0,0
240,32,0,0
240,33,0,0
241,1,14,3
241,2,16,4
241,3,16,4
241,4,18,5
241,5,20,6
241,6,22,7
241,7,24,8
241,8,22,7
241,9,26,9
241,10,37,8
241,11,43,11
241,12,41,10
241,13,45,12
241,14,28,10
241,15,24,8
241,16,24,8
241,17,22,7
241,18,20,6
241,19,20,6
241,20,16,4
241,21,12,2
241,22,12,2
241,23,14,3
241,24,12,2
241,25,14,3
241,26,16,4
241,27,18,5
241,28,37,8
241,29,45,12
241,30,43,11
241,31,41,10
241,32,22,7
241,33,20,6
241,34,18,5
241,35,18,5
241,36,16,4
241,37,12,2
241,38,10,1
241,39,12,2
241,40,14,3
241,41,10,1
241,42,10,1
241,43,12,2
241,44,16,4
241,45,16,4
241,46,18,5
241,47,18,5
241,48,20,6
241,49,18,5
241,50,16,4
241,51,14,3
241,52,16,4
241,53,16,4
241,54,16,4
241,55,16,4
241,56,22,7
241,57,26,9
241,58,41,10
241,59,41,10
241,60,41,10
241,61,24,8
241,62,24,8
241,63,24,8
241,64,24,8
241,65,39,9
241,66,22,7
241,67,20,6
241,68,18,5
241,69,16,4
241,70,0,2
241,71,0,1
241,72,0,0
241,73,0,0
241,74,0,0
241,75,0,0
242,1,16,4
242,2,20,6
242,3,20,6
242,4,24,8
242,5,22,7
242,6,24,8
242,7,24,8
242,8,28,10
242,9,43,11
242,10,41,10
242,11,45,12
242,12,45,12
242,13,41,10
242,14,24,8
242,15,26,9
242,16,26,9
242,17,26,9
242,18,26,9
242,19,26,9
242,20,28,10
242,21,28,10
242,22,26,9
242,23,26,9
242,24,24,8
242,25,0,5
243,1,14,3
243,2,16,4
243,3,20,6
243,4,20,6
243,5,20,6
243,6,20,6
243,7,18,5
243,8,16,4
243,9,16,4
243,10,18,5
243,11,20,6
243,12,20,6
243,13,35,7
243,14,35,7
243,15,37,8
243,16,20,6
243,17,18,5
243,18,16,4
243,19,16,4
243,20,18,5
243,21,18,5
243,22,20,6
243,23,22,7
243,24,24,8
243,25,24,8
243,26,24,8
243,27,24,8
243,28,24,8
243,29,26,9
243,30,56,12
243,31,42,13
243,32,53,12
243,33,57,14
243,34,59,15
243,35,42,13
243,36,42,13
243,37,40,12
243,38,38,11
243,39,36,10
243,40,32,8
243,41,32,8
243,42,32,8
243,43,30,7
243,44,30,7
243,45,30,7
243,46,22,3
243,47,16,4
243,48,14,3
243,49,14,3
243,50,10,1
243,51,0,0
244,1,16,4
244,2,18,5
244,3,22,7
244,4,22,7
244,5,22,7
244,6,22,7
244,7,22,7
244,8,22,7
244,9,22,7
244,10,22,7
244,11,22,7
244,12,22,7
244,13,20,6
244,14,20,6
244,15,18,5
244,16,16,4
244,17,18,5
244,18,35,7
244,19,20,6
244,20,35,7
244,21,37,8
244,22,22,7
244,23,20,6
244,24,24,8
244,25,28,10
244,26,45,12
244,27,120,13
244,28,40,12
244,29,40,12
244,30,44,14
244,31,44,14
244,32,44,14
244,33,57,14
244,34,59,15
244,35,59,15
244,36,61,16
244,37,61,16
244,38,65,18
244,39,69,20
244,40,69,20
244,41,75,23
244,42,77,24
244,43,105,26
244,44,91,27
244,45,91,27
244,46,93,28
244,47,93,28
244,48,93,28
244,49,103,29
245,1,16,4
245,2,20,6
245,3,22,7
245,4,24,8
245,5,22,7
245,6,24,8
245,7,39,9
245,8,24,8
245,9,22,7
245,10,26,9
245,11,34,13
245,12,34,13
245,13,32,12
245,14,26,9
245,15,37,8
245,16,37,8
245,17,33,6
245,18,16,4
245,19,12,2
245,20,10,1
245,21,10,1
245,22,10,1
245,23,14,3
245,24,20,6
245,25,26,9
245,26,41,10
245,27,24,8
245,28,18,5
245,29,16,4
245,30,10,1
245,31,0,0
246,1,14,3
246,2,16,4
246,3,16,4
246,4,16,4
246,5,31,5
246,6,35,7
246,7,37,8
246,8,39,9
246,9,26,9
246,10,26,9
246,11,26,9
246,12,26,9
246,13,26,9
246,14,41,10
246,15,43,11
246,16,47,13
246,17,45,12
246,18,39,9
246,19,37,8
246,20,37,8
246,21,0,5
246,22,0,5
246,23,0,4
246,24,0,2
246,25,0,0
246,26,0,0
246,27,0,0
246,28,0,0
246,29,0,0
246,30,0,0
246,31,0,0
246,32,0,0
246,33,0,0
246,34,0,0
246,35,0,0
246,36,0,0
246,37,0,0
246,38,0,0
246,39,0,0
246,40,0,0
246,41,0,0
246,42,0,0
246,43,0,0
246,44,0,0
246,45,0,0
246,46,0,0
246,47,0,0
246,48,0,0
247,1,16,4
247,2,20,6
247,3,22,7
247,4,24,8
247,5,24,8
247,6,18,5
247,7,16,4
247,8,18,5
247,9,18,5
247,10,20,6
247,11,24,8
247,12,22,7
247,13,20,6
247,14,18,5
247,15,10,1
247,16,0,0
247,17,0,0
247,18,0,0
247,19,0,0
247,20,0,0
247,21,0,0
247,22,0,0
247,23,0,0
247,24,0,0
247,25,0,0
247,26,0,0
247,27,0,0
247,28,0,0
247,29,0,0
247,30,0,0
247,31,0,0
247,32,0,0
247,33,0,0
247,34,0,0
247,35,0,0
247,36,0,0
247,37,0,0
247,38,0,0
247,39,0,0
247,40,0,0
248,1,14,3
248,2,16,4
248,3,16,4
248,4,16,4
248,5,16,4
248,6,18,5
248,7,20,6
248,8,20,6
248,9,22,7
248,10,22,7
248,11,24,8
248,12,24,8
248,13,26,9
248,14,28,10
248,15,41,10
248,16,43,11
248,17,47,13
248,18,49,14
248,19,47,13
248,20,51,15
248,21,51,15
248,22,47,13
248,23,45,12
248,24,45,12
248,25,45,12
248,26,45,12
248,27,30,11
248,28,28,10
248,29,32,12
248,30,73,14
248,31,61,16
248,32,61,16
248,33,63,17
248,34,67,19
248,35,73,22
248,36,75,23
248,37,77,24
248,38,101,25
248,39,85,24
248,40,85,24
248,41,85,24
248,42,87,25
248,43,89,26
248,44,91,27
248,45,113,28
249,1,16,4
249,2,20,6
249,3,24,8
249,4,22,7
249,5,22,7
249,6,22,7
249,7,24,8
249,8,20,6
249,9,22,7
249,10,20,6
249,11,20,6
249,12,24,8
249,13,26,9
249,14,24,8
249,15,22,7
249,16,24,8
249,17,22,7
249,18,22,7
249,19,18,5
249,20,16,4
249,21,16,4
249,22,14,3
249,23,0,0
249,24,0,0
249,25,0,0
249,26,0,0
249,27,0,0
249,28,0,0
249,29,0,0
249,30,0,0
249,31,0,0
249,32,0,0
249,33,0,0
249,34,0,0
249,35,0,0
249,36,0,0
249,37,0,0
249,38,0,0
249,39,0,0
249,40,0,0
249,41,0,0
249,42,0,0
249,43,0,0
249,44,0,0
249,45,0,0
249,46,0,0
249,47,0,0
249,48,0,0
249,49,0,0
249,50,0,0
249,51,0,0
249,52,0,0
249,53,0,0
250,1,14,3
250,2,14,3
250,3,16,4
250,4,16,4
250,5,14,3
250,6,12,2
250,7,14,3
250,8,16,4
250,9,18,5
250,10,18,5
250,11,14,3
250,12,10,1
250,13,10,1
250,14,0,0
250,15,0,0
250,16,0,0
250,17,0,0
250,18,0,0
250,19,0,0
250,20,0,0
250,21,0,0
250,22,0,0
250,23,0,0
250,24,0,0
250,25,0,0
250,26,0,0
251,1,16,4
251,2,18,5
251,3,22,7
251,4,22,7
251,5,20,6
251,6,20,6
251,7,20,6
251,8,20,6
251,9,18,5
251,10,18,5
251,11,16,4
251,12,14,3
251,13,14,3
251,14,14,3
251,15,12,2
251,16,0,1
251,17,0,0
251,18,0,0
251,19,0,0
251,20,0,0
251,21,0,0
251,22,0,0
251,23,0,0
251,24,0,0
251,25,0,0
251,26,0,0
252,1,14,3
252,2,14,3
252,3,16,4
252,4,18,5
252,5,20,6
252,6,22,7
252,7,22,7
252,8,20,6
252,9,20,6
252,10,22,7
252,11,22,7
252,12,20,6
252,13,20,6
252,14,18,5
252,15,16,4
252,16,0,2
252,17,0,0
252,18,0,0
252,19,0,0
252,20,0,0
252,21,0,0
252,22,0,0
252,23,0,0
252,24,0,0
252,25,0,0
252,26,0,0
252,27,0,0
252,28,0,0
252,29,0,0
252,30,0,0
252,31,0,0
252,32,0,0
252,33,0,0
252,34,0,0
252,35,0,0
252,36,0,0
253,1,12,2
253,2,14,3
253,3,16,4
253,4,18,5
253,5,18,5
253,6,18,5
253,7,18,5
253,8,18,5
253,9,18,5
253,10,18,5
253,11,18,5
253,12,18,5
253,13,18,5
253,14,20,6
253,15,20,6
253,16,20,6
253,17,20,6
253,18,20,6
253,19,20,6
253,20,20,6
253,21,20,6
253,22,20,6
253,23,20,6
253,24,20,6
253,25,20,6
253,26,20,6
253,27,20,6
253,28,20,6
253,29,20,6
253,30,20,6
253,31,20,6
253,32,20,6
253,33,20,6
253,34,20,6
253,35,20,6
253,36,20,6
253,37,20,6
253,38,20,6
253,39,20,6
253,40,20,6
253,41,20,6
253,42,20,6
253,43,20,6
253,44,20,6
253,45,20,6
253,46,20,6
253,47,20,6
253,48,20,6
253,49,20,6
253,50,20,6
253,51,20,6
253,52,20,6
253,53,20,6
253,54,20,6
253,55,20,6
253,56,20,6
253,57,20,6
253,58,20,6
253,59,20,6
253,60,20,6
253,61,20,6
253,62,20,6
253,63,20,6
253,64,20,6
253,65,20,6
253,66,20,6
253,67,20,6
253,68,20,6
253,69,20,6
253,70,20,6
253,71,20,6
253,72,20,6
253,73,20,6
253,74,20,6
253,75,20,6
253,76,20,6
253,77,20,6
253,78,20,6
253,79,20,6
253,80,20,6
253,81,20,6
253,82,20,6
253,83,20,6
253,84,20,6
253,85,20,6
253,86,20,6
253,87,20,6
253,88,20,6
253,89,20,6
253,90,20,6
253,91,20,6
253,92,20,6
253,93,20,6
253,94,20,6
253,95,20,6
253,96,20,6
253,97,20,6
253,98,20,6
253,99,20,6
253,100,20,6
253,101,20,6
253,102,20,6
253,103,20,6
253,104,20,6
253,105,20,6
253,106,20,6
253,107,20,6
253,108,20,6
253,109,20,6
253,110,20,6
253,111,20,6
253,112,20,6
253,113,20,6
253,114,20,6
253,115,20,6
253,116,20,6
253,117,20,6
253,118,20,6
253,119,20,6
253,120,20,6
253,121,20,6
253,122,20,6
253,123,20,6
253,124,20,6
253,125,20,6
253,126,20,6
253,127,20,6
253,128,20,6
253,129,20,6
253,130,20,6
253,131,20,6
253,132,20,6
253,133,20,6
253,134,20,6
253,135,20,6
253,136,20,6
253,137,20,6
253,138,20,6
253,139,20,6
253,140,20,6
253,141,20,6
253,142,20,6
253,143,20,6
253,144,20,6
253,145,20,6
253,146,20,6
253,147,20,6
253,148,20,6
253,149,20,6
253,150,20,6
253,151,20,6
253,152,20,6
253,153,20,6
253,154,20,6
253,155,20,6
253,156,20,6
253,157,20,6
253,158,20,6
253,159,20,6
253,160,20,6
253,161,20,6
253,162,20,6
253,163,20,6
253,164,20,6
253,165,20,6
253,166,20,6
253,167,20,6
253,168,20,6
253,169,20,6
253,170,20,6
253,171,20,6
253,172,20,6
253,173,20,6
253,174,20,6
253,175,20,6
253,176,20,6
253,177,20,6
253,178,20,6
253,179,20,6
253,180,20,6
253,181,20,6
253,182,20,6
253,183,20,6
253,184,20,6
253,185,20,6
253,186,20,6
253,187,20,6
253,188,20,6
253,189,20,6
253,190,20,6
253,191,20,6
253,192,20,6
253,193,20,6
253,194,20,6
253,195,20,6
253,196,20,6
253,197,20,6
253,198,20,6
253,199,20,6
254,1,14,3
254,2,16,4
254,3,16,4
254,4,18,5
254,5,18,5
254,6,18,5
254,7,18,5
254,8,16,4
254,9,16,4
254,10,16,4
254,11,18,5
254,12,20,6
254,13,20,6
254,14,20,6
254,15,22,7
254,16,22,7
254,17,20,6
254,18,20,6
254,19,20,6
254,20,18,5
254,21,18,5
254,22,18,5
254,23,16,4
254,24,0,3
254,25,0,2
254,26,0,0
254,27,0,0
254,28,0,0
254,29,0,0
254,30,0,0
254,31,0,0
254,32,0,0
254,33,0,0
254,34,0,0
254,35,0,0
254,36,0,0
254,37,0,0
254,38,0,0
255,1,14,3
255,2,14,3
255,3,16,4
255,4,16,4
255,5,14,3
255,6,14,3
255,7,16,4
255,8,16,4
255,9,14,3
255,10,16,4
255,11,16,4
255,12,16,4
255,13,16,4
255,14,16,4
255,15,14,3
255,16,14,3
255,17,12,2
255,18,0,0
255,19,0,0
255,20,0,0
255,21,0,0
255,22,0,0
255,23,0,0
255,24,0,0
255,25,0,0
255,26,0,0
255,27,0,0
256,1,16,4
256,2,22,7
256,3,20,6
256,4,22,7
256,5,20,6
256,6,18,5
256,7,18,5
256,8,22,7
256,9,18,5
256,10,16,4
256,11,14,3
256,12,16,4
256,13,16,4
256,14,14,3
256,15,12,2
256,16,0,0
256,17,0,0
256,18,0,0
256,19,0,0
256,20,0,0
256,21,0,0
256,22,0,0
256,23,0,0
256,24,0,0
256,25,0,0
256,26,0,0
256,27,0,0
256,28,0,0
256,29,0,0
256,30,0,0
256,31,0,0
256,32,0,0
256,33,0,0
256,34,0,0
256,35,0,0
256,36,0,0
256,37,0,0
256,38,0,0
256,39,0,0
256,40,0,0
256,41,0,0
256,42,0,0
256,43,0,0
256,44,0,0
256,45,0,0
257,1,16,4
257,2,22,7
257,3,24,8
257,4,26,9
257,5,26,9
257,6,24,8
257,7,24,8
257,8,26,9
257,9,24,8
257,10,22,7
257,11,18,5
257,12,18,5
257,13,16,4
257,14,0,2
257,15,0,2
257,16,0,2
257,17,0,2
257,18,0,2
257,19,0,2
257,20,0,2
257,21,0,2
257,22,0,2
257,23,0,1
257,24,0,1
257,25,0,1
257,26,0,1
257,27,0,1
257,28,0,1
257,29,0,0
257,30,0,0
257,31,0,0
257,32,0,0
257,33,0,0
257,34,0,0
257,35,0,0
257,36,0,0
257,37,0,0
257,38,0,0
257,39,0,0
257,40,0,0
257,41,0,0
257,42,0,0
257,43,0,0
257,44,0,0
257,45,0,0
257,46,0,0
257,47,0,0
257,48,0,0
257,49,0,0
257,50,0,0
257,51,0,0
257,52,0,0
257,53,0,0
257,54,0,0
257,55,0,0
257,56,0,0
257,57,0,0
257,58,0,0
257,59,0,0
257,60,0,0
257,61,0,0
257,62,0,0
257,63,0,0
257,64,0,0
257,65,0,0
257,66,0,0
258,1,16,4
258,2,20,6
258,3,22,7
258,4,24,8
258,5,26,9
258,6,24,8
258,7,22,7
258,8,22,7
258,9,22,7
258,10,37,8
258,11,39,9
258,12,39,9
258,13,39,9
258,14,37,8
258,15,37,8
258,16,37,8
258,17,37,8
258,18,37,8
258,19,26,9
258,20,28,10
258,21,30,11
258,22,56,13
258,23,46,15
258,24,50,17
258,25,67,19
258,26,67,19
258,27,65,18
258,28,67,19
258,29,73,22
258,30,117,24
258,31,87,25
258,32,87,25
258,33,89,26
258,34,89,26
258,35,91,27
258,36,93,28
258,37,93,28
258,38,103,29
259,1,14,3
259,2,16,4
259,3,18,5
259,4,18,5
259,5,18,5
259,6,18,5
259,7,18,5
259,8,18,5
259,9,18,5
259,10,18,5
259,11,18,5
259,12,18,5
259,13,18,5
259,14,18,5
259,15,20,6
259,16,20,6
259,17,20,6
259,18,18,5
259,19,16,4
259,20,10,1
259,21,0,0
259,22,0,0
259,23,0,0
259,24,0,0
259,25,0,0
259,26,0,0
259,27,0,0
259,28,0,0
259,29,0,0
259,30,0,0
259,31,0,0
259,32,0,0
259,33,0,0
259,34,0,0
259,35,0,0
259,36,0,0
259,37,0,0
259,38,0,0
259,39,0,0
259,40,0,0
259,41,0,0
259,42,0,0
259,43,0,0
259,44,0,0
259,45,0,0
259,46,0,0
259,47,0,0
259,48,0,0
259,49,0,0
259,50,0,0
259,51,0,0
259,52,0,0
259,53,0,0
259,54,0,0
259,55,0,0
259,56,0,0
259,57,0,0
259,58,0,0
259,59,0,0
259,60,0,0
259,61,0,0
259,62,0,0
259,63,0,0
259,64,0,0
259,65,0,0
259,66,0,0
259,67,0,0
259,68,0,0
259,69,0,0
259,70,0,0
259,71,0,0
259,72,0,0
259,73,0,0
259,74,0,0
259,75,0,0
259,76,0,0
259,77,0,0
259,78,0,0
259,79,0,0
259,80,0,0
260,1,14,3
260,2,16,4
260,3,20,6
260,4,35,7
260,5,20,6
260,6,18,5
260,7,18,5
260,8,16,4
260,9,16,4
260,10,16,4
260,11,16,4
260,12,20,6
260,13,22,7
260,14,22,7
260,15,18,5
260,16,16,4
260,17,16,4
260,18,16,4
260,19,16,4
260,20,14,3
260,21,12,2
260,22,10,1
260,23,0,0
260,24,0,0
260,25,0,0
260,26,0,0
260,27,0,0
260,28,0,0
260,29,0,0
260,30,0,0
260,31,0,0
260,32,0,0
260,33,0,0
260,34,0,0
260,35,0,0
260,36,0,0
260,37,0,0
260,38,0,0
260,39,0,0
260,40,0,0
260,41,0,0
260,42,0,0
260,43,0,0
260,44,0,0
260,45,0,0
260,46,0,0
260,47,0,0
261,1,14,3
261,2,14,3
261,3,18,5
261,4,20,6
261,5,22,7
261,6,22,7
261,7,22,7
261,8,20,6
261,9,22,7
261,10,24,8
261,11,22,7
261,12,22,7
261,13,24,8
261,14,41,10
261,15,47,13
261,16,49,14
261,17,47,13
261,18,49,14
261,19,71,15
261,20,63,17
261,21,46,15
261,22,46,15
261,23,70,17
261,24,60,18
261,25,62,19
261,26,79,21
261,27,81,22
261,28,85,24
261,29,83,23
261,30,81,22
261,31,83,23
261,32,81,22
261,33,85,24
261,34,72,24
261,35,68,22
261,36,115,24
262,1,16,4
262,2,22,7
262,3,26,9
262,4,28,10
262,5,26,9
262,6,26,9
262,7,39,9
262,8,39,9
262,9,41,10
262,10,30,11
262,11,28,10
262,12,28,10
262,13,45,12
262,14,49,14
262,15,49,14
262,16,32,12
262,17,28,10
262,18,43,11
262,19,47,13
262,20,47,13
262,21,49,14
262,22,47,13
262,23,32,12
262,24,32,12
262,25,28,10
262,26,28,10
262,27,26,9
262,28,37,8
262,29,37,8
262,30,35,7
262,31,35,7
262,32,35,7
262,33,20,6
262,34,20,6
262,35,18,5
262,36,16,4
262,37,10,1
262,38,12,2
262,39,18,5
262,40,12,2
262,41,12,2
262,42,10,1
262,43,10,1
262,44,0,0
263,1,16,4
263,2,20,6
263,3,22,7
263,4,22,7
263,5,22,7
263,6,22,7
263,7,22,7
263,8,22,7
263,9,20,6
263,10,20,6
263,11,18,5
263,12,20,6
263,13,20,6
263,14,20,6
263,15,20,6
263,16,20,6
263,17,37,8
263,18,43,11
263,19,30,11
263,20,32,12
263,21,32,12
263,22,32,12
263,23,41,10
263,24,41,10
263,25,47,13
263,26,49,14
263,27,51,15
263,28,51,15
263,29,34,13
263,30,32,12
263,31,51,15
263,32,49,14
263,33,49,14
263,34,51,15
263,35,47,13
263,36,51,15
263,37,51,15
263,38,34,13
263,39,30,11
263,40,26,9
263,41,35,7
263,42,37,8
263,43,39,9
263,44,41,10
263,45,41,10
263,46,24,8
263,47,18,5
263,48,16,4
263,49,18,5
263,50,18,5
263,51,18,5
263,52,14,3
263,53,0,2
264,1,12,2
264,2,14,3
264,3,16,4
264,4,18,5
264,5,18,5
264,6,16,4
264,7,16,4
264,8,16,4
264,9,18,5
264,10,18,5
264,11,18,5
264,12,20,6
264,13,22,7
264,14,24,8
264,15,24,8
264,16,24,8
264,17,22,7
264,18,20,6
264,19,20,6
264,20,16,4
264,21,16,4
264,22,12,2
264,23,14,3
264,24,14,3
264,25,14,3
264,26,12,2
264,27,0,0
264,28,0,0
264,29,0,0
264,30,0,0
264,31,0,0
264,32,0,0
264,33,0,0
264,34,0,0
264,35,0,0
264,36,0,0
264,37,0,0
264,38,0,0
264,39,0,0
264,40,0,0
264,41,0,0
264,42,0,0
264,43,0,0
264,44,0,0
264,45,0,0
264,46,0,0
264,47,0,0
264,48,0,0
264,49,0,0
264,50,0,0
264,51,0,0
265,1,16,4
265,2,20,6
265,3,22,7
265,4,22,7
265,5,24,8
265,6,26,9
265,7,26,9
265,8,26,9
265,9,26,9
265,10,26,9
265,11,24,8
265,12,22,7
265,13,20,6
265,14,20,6
265,15,24,8
265,16,24,8
265,17,22,7
265,18,20,6
265,19,20,6
265,20,20,6
265,21,20,6
265,22,16,4
265,23,16,4
265,24,18,5
265,25,14,3
265,26,0,2
265,27,0,0
265,28,0,0
265,29,0,0
265,30,0,0
265,31,0,0
265,32,0,0
265,33,0,0
265,34,0,0
265,35,0,0
265,36,0,0
265,37,0,0
265,38,0,0
266,1,12,2
266,2,14,3
266,3,16,4
266,4,16,4
266,5,18,5
266,6,18,5
266,7,33,6
266,8,35,7
266,9,35,7
266,10,20,6
266,11,20,6
266,12,22,7
266,13,24,8
266,14,24,8
266,15,24,8
266,16,22,7
266,17,18,5
266,18,16,4
266,19,14,3
266,20,0,1
266,21,0,2
266,22,0,2
266,23,0,3
266,24,0,1
266,25,0,1
266,26,0,1
266,27,0,0
266,28,0,0
266,29,0,0
266,30,0,0
267,1,12,2
267,2,14,3
267,3,16,4
267,4,16,4
267,5,16,4
267,6,16,4
267,7,16,4
267,8,18,5
267,9,20,6
267,10,20,6
267,11,18,5
267,12,20,6
267,13,22,7
267,14,35,7
267,15,18,5
267,16,20,6
267,17,18,5
267,18,20,6
267,19,18,5
267,20,16,4
267,21,16,4
267,22,18,5
267,23,20,6
267,24,18,5
267,25,20,6
267,26,20,6
267,27,20,6
267,28,16,4
267,29,12,2
267,30,10,1
267,31,10,1
267,32,12,2
267,33,14,3
267,34,16,4
267,35,18,5
267,36,16,4
267,37,16,4
267,38,14,3
267,39,12,2
267,40,10,1
267,41,0,0
267,42,0,0
267,43,0,0
267,44,0,0
267,45,0,0
267,46,0,0
268,1,16,4
268,2,20,6
268,3,22,7
268,4,24,8
268,5,26,9
268,6,39,9
268,7,47,13
268,8,49,14
268,9,47,13
268,10,32,12
268,11,32,12
268,12,28,10
268,13,22,7
268,14,22,7
268,15,41,10
268,16,41,10
268,17,45,12
268,18,49,14
268,19,47,13
268,20,47,13
268,21,30,11
268,22,26,9
268,23,24,8
268,24,39,9
268,25,41,10
268,26,26,9
268,27,18,5
268,28,12,2
268,29,0,0
269,1,16,4
269,2,18,5
269,3,18,5
269,4,22,7
269,5,26,9
269,6,26,9
269,7,26,9
269,8,24,8
269,9,26,9
269,10,39,9
269,11,43,11
269,12,41,10
269,13,41,10
269,14,24,8
269,15,20,6
269,16,18,5
269,17,20,6
269,18,22,7
269,19,22,7
269,20,22,7
269,21,24,8
269,22,24,8
269,23,22,7
269,24,22,7
269,25,20,6
269,26,20,6
269,27,18,5
269,28,0,3
269,29,0,3
269,30,0,3
269,31,0,1
269,32,0,1
269,33,0,0
269,34,0,0
269,35,0,0
269,36,0,0
269,37,0,0
269,38,0,0
270,1,14,3
270,2,14,3
270,3,14,3
270,4,16,4
270,5,16,4
270,6,16,4
270,7,16,4
270,8,16,4
270,9,16,4
270,10,14,3
270,11,16,4
270,12,18,5
270,13,18,5
270,14,18,5
270,15,16,4
270,16,16,4
270,17,16,4
270,18,18,5
270,19,18,5
270,20,18,5
270,21,18,5
270,22,18,5
270,23,18,5
270,24,18,5
270,25,18,5
270,26,18,5
270,27,18,5
270,28,18,5
270,29,18,5
270,30,20,6
270,31,22,7
270,32,22,7
270,33,20,6
270,34,0,5
270,35,0,4
270,36,0,4
270,37,0,4
270,38,0,4
270,39,0,2
270,40,0,1
270,41,0,1
270,42,0,1
270,43,0,1
270,44,0,1
270,45,0,1
270,46,0,1
270,47,0,1
270,48,0,1
270,49,0,1
270,50,0,1
270,51,0,0
270,52,0,0
270,53,0,0
270,54,0,0
270,55,0,0
270,56,0,0
270,57,0,0
270,58,0,0
270,59,0,0
270,60,0,0
270,61,0,0
270,62,0,0
270,63,0,0
270,64,0,0
270,65,0,0
270,66,0,0
270,67,0,0
270,68,0,0
270,69,0,0
270,70,0,0
270,71,0,0
270,72,0,0
270,73,0,0
270,74,0,0
270,75,0,0
270,76,0,0
270,77,0,0
270,78,0,0
270,79,0,0
270,80,0,0
271,1,16,4
271,2,22,7
271,3,22,7
271,4,20,6
271,5,18,5
271,6,18,5
271,7,20,6
271,8,18,5
271,9,18,5
271,10,16,4
271,11,16,4
271,12,16,4
271,13,18,5
271,14,33,6
271,15,18,5
271,16,16,4
271,17,16,4
271,18,12,2
271,19,12,2
271,20,10,1
271,21,0,0
271,22,0,0
271,23,0,0
271,24,0,0
271,25,0,0
271,26,0,0
271,27,0,0
271,28,0,0
271,29,0,0
271,30,0,0
271,31,0,0
271,32,0,0
271,33,0,0
271,34,0,0
271,35,0,0
271,36,0,0
271,37,0,0
271,38,0,0
271,39,0,0
271,40,0,0
271,41,0,0
272,1,14,3
272,2,14,3
272,3,16,4
272,4,16,4
272,5,18,5
272,6,20,6
272,7,24,8
272,8,26,9
272,9,24,8
272,10,22,7
272,11,24,8
272,12,26,9
272,13,22,7
272,14,24,8
272,15,22,7
272,16,22,7
272,17,22,7
272,18,37,8
272,19,20,6
272,20,22,7
272,21,24,8
272,22,28,10
272,23,45,12
272,24,47,13
272,25,49,14
272,26,55,17
272,27,55,17
272,28,71,16
272,29,48,16
272,30,48,16
272,31,42,13
272,32,55,13
272,33,61,16
272,34,61,16
272,35,63,17
272,36,63,17
272,37,63,17
272,38,67,19
272,39,67,19
272,40,54,19
272,41,69,20
272,42,77,20
272,43,75,19
272,44,77,20
272,45,83,23
272,46,83,23
272,47,85,24
272,48,87,25
272,49,113,26
273,1,12,2
273,2,14,3
273,3,14,3
273,4,16,4
273,5,16,4
273,6,14,3
273,7,14,3
273,8,14,3
273,9,14,3
273,10,16,4
273,11,16,4
273,12,16,4
273,13,16,4
273,14,16,4
273,15,14,3
273,16,14,3
273,17,14,3
273,18,14,3
273,19,14,3
273,20,16,4
273,21,16,4
273,22,18,5
273,23,16,4
273,24,12,2
273,25,12,2
273,26,16,4
273,27,18,5
273,28,16,4
273,29,16,4
273,30,16,4
273,31,18,5
273,32,18,5
273,33,20,6
273,34,18,5
273,35,20,6
273,36,20,6
273,37,16,4
273,38,14,3
273,39,14,3
273,40,12,2
273,41,12,2
273,42,16,4
273,43,16,4
273,44,20,6
273,45,22,7
273,46,22,7
273,47,20,6
273,48,20,6
273,49,16,4
273,50,0,3
274,1,16,4
274,2,22,7
274,3,26,9
274,4,26,9
274,5,26,9
274,6,28,10
274,7,43,11
274,8,51,15
274,9,55,17
274,10,53,16
274,11,45,12
274,12,28,10
274,13,28,10
274,14,32,12
274,15,32,12
274,16,30,11
274,17,28,10
274,18,26,9
274,19,22,7
274,20,0,3
274,21,0,3
274,22,0,2
274,23,0,1
274,24,0,0
274,25,0,0
274,26,0,0
274,27,0,0
274,28,0,0
274,29,0,0
274,30,0,0
274,31,0,0
274,32,0,0
274,33,0,0
274,34,0,0
274,35,0,0
274,36,0,0
274,37,0,0
274,38,0,0
274,39,0,0
274,40,0,0
274,41,0,0
274,42,0,0
274,43,0,0
274,44,0,0
274,45,0,0
274,46,0,0
274,47,0,0
275,1,14,3
275,2,16,4
275,3,18,5
275,4,18,5
275,5,20,6
275,6,16,4
275,7,18,5
275,8,18,5
275,9,16,4
275,10,16,4
275,11,16,4
275,12,16,4
275,13,16,4
275,14,18,5
275,15,18,5
275,16,18,5
275,17,18,5
275,18,33,6
275,19,16,4
275,20,18,5
275,21,20,6
275,22,20,6
275,23,18,5
275,24,20,6
275,25,22,7
275,26,20,6
275,27,33,6
275,28,33,6
275,29,37,8
275,30,37,8
275,31,35,7
275,32,33,6
275,33,31,5
275,34,29,4
275,35,29,4
275,36,29,4
275,37,31,5
275,38,35,7
275,39,18,5
275,40,14,3
275,41,14,3
275,42,18,5
275,43,18,5
275,44,18,5
275,45,20,6
275,46,22,7
275,47,24,8
275,48,20,6
275,49,22,7
275,50,24,8
275,51,26,9
275,52,28,10
275,53,32,12
275,54,47,13
275,55,53,16
275,56,97,16
275,57,65,18
275,58,67,19
275,59,71,21
275,60,75,23
275,61,77,24
275,62,107,26
276,1,16,4
276,2,20,6
276,3,26,9
276,4,28,10
276,5,43,11
276,6,43,11
276,7,49,14
276,8,53,16
276,9,47,13
276,10,43,11
276,11,41,10
276,12,26,9
276,13,28,10
276,14,26,9
276,15,30,11
276,16,30,11
276,17,28,10
276,18,28,10
276,19,43,11
276,20,49,14
276,21,53,16
276,22,55,17
276,23,57,18
276,24,61,20
276,25,63,21
276,26,63,21
276,27,59,19
276,28,55,17
276,29,53,16
276,30,38,15
276,31,36,14
276,32,49,14
276,33,53,16
276,34,53,16
276,35,53,16
276,36,53,16
276,37,60,16
276,38,46,15
276,39,46,15
276,40,52,18
276,41,52,18
276,42,69,20
276,43,67,19
276,44,65,18
276,45,67,19
276,46,65,18
276,47,67,19
276,48,57,18
276,49,55,17
276,50,59,19
276,51,61,20
276,52,63,21
276,53,63,21
276,54,65,22
276,55,61,20
276,56,61,20
276,57,63,21
276,58,63,21
276,59,61,20
276,60,57,18
276,61,55,17
276,62,55,17
276,63,55,17
276,64,55,17
276,65,51,15
276,66,40,16
276,67,38,15
276,68,36,14
276,69,38,15
276,70,36,14
276,71,36,14
276,72,38,15
276,73,36,14
276,74,34,13
276,75,45,12
276,76,49,14
276,77,53,16
276,78,55,17
276,79,53,16
276,80,51,15
276,81,47,13
276,82,43,11
276,83,39,9
276,84,35,7
276,85,16,4
276,86,14,3
276,87,12,2
276,88,0,1
277,1,16,4
277,2,22,7
277,3,22,7
277,4,24,8
277,5,22,7
277,6,22,7
277,7,20,6
277,8,24,8
277,9,24,8
277,10,24,8
277,11,26,9
277,12,28,10
277,13,26,9
277,14,28,10
277,15,43,11
277,16,49,14
277,17,57,18
277,18,55,17
277,19,51,15
277,20,45,12
277,21,28,10
277,22,43,11
277,23,47,13
277,24,47,13
277,25,34,13
277,26,34,13
277,27,49,14
277,28,51,15
277,29,51,15
277,30,47,13
277,31,45,12
277,32,41,10
277,33,26,9
277,34,28,10
277,35,36,10
277,36,36,10
277,37,40,12
277,38,46,15
277,39,63,17
277,40,65,18
277,41,67,19
277,42,69,20
277,43,65,18
277,44,65,18
277,45,67,19
277,46,71,21
277,47,54,19
277,48,106,20
277,49,79,21
277,50,83,23
277,51,83,23
277,52,115,25
278,1,16,4
278,2,22,7
278,3,24,8
278,4,20,6
278,5,16,4
278,6,18,5
278,7,22,7
278,8,24,8
278,9,22,7
278,10,18,5
278,11,18,5
278,12,14,3
278,13,14,3
278,14,16,4
278,15,18,5
278,16,14,3
278,17,12,2
278,18,10,1
278,19,0,0
278,20,0,0
278,21,0,0
278,22,0,0
278,23,0,0
278,24,0,0
278,25,0,0
278,26,0,0
278,27,0,0
278,28,0,0
278,29,0,0
278,30,0,0
278,31,0,0
279,1,14,3
279,2,14,3
279,3,16,4
279,4,16,4
279,5,16,4
279,6,18,5
279,7,18,5
279,8,18,5
279,9,18,5
279,10,18,5
279,11,18,5
279,12,18,5
279,13,18,5
279,14,18,5
279,15,18,5
279,16,18,5
279,17,18,5
279,18,18,5
279,19,18,5
279,20,18,5
279,21,18,5
279,22,18,5
279,23,16,4
279,24,16,4
279,25,18,5
279,26,22,7
279,27,24,8
279,28,24,8
279,29,26,9
279,30,28,10
279,31,28,10
279,32,28,10
279,33,26,9
279,34,37,8
279,35,37,8
279,36,37,8
279,37,39,9
279,38,0,6
280,1,16,4
280,2,22,7
280,3,26,9
280,4,24,8
280,5,24,8
280,6,24,8
280,7,37,8
280,8,43,11
280,9,47,13
280,10,47,13
280,11,30,11
280,12,22,7
280,13,22,7
280,14,18,5
280,15,0,1
280,16,0,1
280,17,0,1
280,18,0,0
280,19,0,0
280,20,0,0
280,21,0,0
280,22,0,0
280,23,0,0
280,24,0,0
280,25,0,0
280,26,0,0
280,27,0,0
280,28,0,0
280,29,0,0
280,30,0,0
280,31,0,0
280,32,0,0
280,33,0,0
280,34,0,0
280,35,0,0
280,36,0,0
280,37,0,0
280,38,0,0
280,39,0,0
280,40,0,0
281,1,14,3
281,2,14,3
281,3,14,3
281,4,16,4
281,5,18,5
281,6,20,6
281,7,22,7
281,8,24,8
281,9,22,7
281,10,22,7
281,11,37,8
281,12,41,10
281,13,39,9
281,14,37,8
281,15,22,7
281,16,20,6
281,17,18,5
281,18,16,4
281,19,0,2
281,20,0,0
282,1,16,4
282,2,22,7
282,3,26,9
282,4,28,10
282,5,28,10
282,6,41,10
282,7,47,13
282,8,51,15
282,9,47,13
282,10,43,11
282,11,24,8
282,12,24,8
282,13,24,8
282,14,41,10
282,15,26,9
282,16,28,10
282,17,30,11
282,18,32,12
282,19,30,11
282,20,45,12
282,21,28,10
282,22,43,11
282,23,51,15
282,24,49,14
282,25,47,13
282,26,32,12
282,27,30,11
282,28,30,11
282,29,54,13
282,30,59,15
282,31,59,15
282,32,63,17
282,33,67,19
282,34,71,21
282,35,83,23
282,36,70,23
282,37,66,21
282,38,85,24
282,39,87,25
282,40,93,28
282,41,113,29
283,1,16,4
283,2,22,7
283,3,26,9
283,4,24,8
283,5,20,6
283,6,22,7
283,7,22,7
283,8,24,8
283,9,24,8
283,10,24,8
283,11,26,9
283,12,22,7
283,13,22,7
283,14,22,7
283,15,22,7
283,16,24,8
283,17,24,8
283,18,24,8
283,19,24,8
283,20,24,8
283,21,24,8
283,22,20,6
283,23,18,5
283,24,20,6
283,25,18,5
283,26,16,4
283,27,18,5
283,28,18,5
283,29,16,4
283,30,12,2
283,31,0,0
284,1,14,3
284,2,16,4
284,3,16,4
284,4,16,4
284,5,16,4
284,6,18,5
284,7,18,5
284,8,20,6
284,9,22,7
284,10,22,7
284,11,35,7
284,12,35,7
284,13,22,7
284,14,20,6
284,15,18,5
284,16,20,6
284,17,20,6
284,18,24,8
284,19,43,11
284,20,47,13
284,21,36,14
284,22,58,16
284,23,59,15
284,24,65,18
284,25,69,20
284,26,71,21
284,27,71,21
284,28,115,22
284,29,66,21
284,30,79,21
284,31,79,21
284,32,77,20
284,33,79,21
284,34,83,23
284,35,91,27
284,36,91,27
284,37,91,27
284,38,101,28
285,1,12,2
285,2,14,3
285,3,14,3
285,4,14,3
285,5,14,3
285,6,16,4
285,7,18,5
285,8,18,5
285,9,20,6
285,10,20,6
285,11,18,5
285,12,20,6
285,13,22,7
285,14,22,7
285,15,24,8
285,16,22,7
285,17,20,6
285,18,22,7
285,19,20,6
285,20,37,8
285,21,35,7
285,22,31,5
285,23,16,4
285,24,18,5
285,25,20,6
285,26,22,7
285,27,22,7
285,28,20,6
285,29,20,6
285,30,16,4
285,31,14,3
285,32,10,1
285,33,0,0
286,1,16,4
286,2,20,6
286,3,24,8
286,4,24,8
286,5,39,9
286,6,45,12
286,7,49,14
286,8,49,14
286,9,28,10
286,10,30,11
286,11,34,13
286,12,45,12
286,13,32,12
286,14,45,12
286,15,41,10
286,16,41,10
286,17,41,10
286,18,41,10
286,19,41,10
286,20,41,10
286,21,39,9
286,22,37,8
286,23,22,7
286,24,20,6
286,25,20,6
286,26,28,10
286,27,60,13
286,28,44,14
286,29,61,16
286,30,63,17
286,31,63,17
286,32,69,20
286,33,69,20
286,34,69,20
286,35,69,20
286,36,58,21
286,37,114,24
286,38,89,26
286,39,89,26
286,40,87,25
286,41,87,25
286,42,89,26
286,43,91,27
286,44,93,28
286,45,113,29
287,1,14,3
287,2,16,4
287,3,16,4
287,4,18,5
287,5,16,4
287,6,33,6
287,7,35,7
287,8,20,6
287,9,16,4
287,10,16,4
287,11,14,3
287,12,16,4
287,13,16,4
287,14,18,5
287,15,18,5
287,16,20,6
287,17,24,8
287,18,24,8
287,19,24,8
287,20,39,9
287,21,41,10
287,22,39,9
287,23,37,8
287,24,35,7
287,25,37,8
287,26,37,8
287,27,22,7
287,28,22,7
287,29,18,5
287,30,18,5
287,31,20,6
287,32,20,6
287,33,20,6
287,34,18,5
287,35,18,5
287,36,16,4
287,37,0,3
287,38,0,1
287,39,0,0
287,40,0,0
287,41,0,0
287,42,0,0
287,43,0,0
287,44,0,0
287,45,0,0
287,46,0,0
287,47,0,0
287,48,0,0
287,49,0,0
287,50,0,0
287,51,0,0
287,52,0,0
287,53,0,0
287,54,0,0
287,55,0,0
287,56,0,0
287,57,0,0
287,58,0,0
288,1,16,4
288,2,20,6
288,3,18,5
288,4,16,4
288,5,20,6
288,6,24,8
288,7,41,10
288,8,43,11
288,9,41,10
288,10,37,8
288,11,20,6
288,12,22,7
288,13,26,9
288,14,32,12
288,15,32,12
288,16,49,14
288,17,47,13
288,18,47,13
288,19,49,14
288,20,53,16
288,21,47,13
288,22,32,12
288,23,34,13
288,24,53,16
288,25,55,17
288,26,57,18
288,27,59,19
288,28,63,21
288,29,61,20
288,30,71,21
288,31,69,20
288,32,62,19
288,33,66,21
288,34,81,22
288,35,85,24
288,36,113,25
289,1,12,2
289,2,14,3
289,3,14,3
289,4,16,4
289,5,16,4
289,6,16,4
289,7,16,4
289,8,18,5
289,9,16,4
289,10,14,3
289,11,12,2
289,12,12,2
289,13,10,1
289,14,0,0
289,15,0,0
289,16,0,0
289,17,0,0
289,18,0,0
289,19,0,0
289,20,0,0
290,1,12,2
290,2,14,3
290,3,16,4
290,4,18,5
290,5,18,5
290,6,18,5
290,7,16,4
290,8,18,5
290,9,20,6
290,10,22,7
290,11,22,7
290,12,22,7
290,13,22,7
290,14,22,7
290,15,22,7
290,16,22,7
290,17,20,6
290,18,18,5
290,19,18,5
290,20,16,4
290,21,14,3
290,22,0,1
290,23,0,0
290,24,0,0
290,25,0,0
290,26,0,0
290,27,0,0
290,28,0,0
290,29,0,0
290,30,0,0
290,31,0,0
290,32,0,0
290,33,0,0
290,34,0,0
290,35,0,0
290,36,0,0
290,37,0,0
290,38,0,0
290,39,0,0
290,40,0,0
290,41,0,0
290,42,0,0
290,43,0,0
290,44,0,0
290,45,0,0
290,46,0,0
290,47,0,0
290,48,0,0
291,1,16,4
291,2,22,7
291,3,26,9
291,4,28,10
291,5,43,11
291,6,43,11
291,7,43,11
291,8,41,10
291,9,28,10
291,10,28,10
291,11,28,10
291,12,30,11
291,13,47,13
291,14,30,11
291,15,26,9
291,16,26,9
291,17,24,8
291,18,24,8
291,19,22,7
291,20,20,6
291,21,39,9
291,22,39,9
291,23,24,8
291,24,24,8
291,25,22,7
291,26,20,6
291,27,18,5
291,28,18,5
291,29,20,6
291,30,18,5
291,31,18,5
291,32,16,4
291,33,16,4
291,34,16,4
291,35,18,5
291,36,20,6
291,37,14,3
291,38,0,2
291,39,0,1
291,40,0,1
291,41,0,0
291,42,0,0
291,43,0,0
291,44,0,0
291,45,0,0
291,46,0,0
291,47,0,0
291,48,0,0
291,49,0,0
291,50,0,0
291,51,0,0
291,52,0,0
291,53,0,0
291,54,0,0
291,55,0,0
291,56,0,0
291,57,0,0
291,58,0,0
291,59,0,0
291,60,0,0
291,61,0,0
291,62,0,0
291,63,0,0
291,64,0,0
291,65,0,0
291,66,0,0
291,67,0,0
291,68,0,0
291,69,0,0
291,70,0,0
291,71,0,0
291,72,0,0
291,73,0,0
291,74,0,0
291,75,0,0
291,76,0,0
291,77,0,0
291,78,0,0
291,79,0,0
291,80,0,0
291,81,0,0
291,82,0,0
291,83,0,0
292,1,16,4
292,2,20,6
292,3,20,6
292,4,22,7
292,5,24,8
292,6,20,6
292,7,18,5
292,8,33,6
292,9,18,5
292,10,16,4
292,11,18,5
292,12,18,5
292,13,18,5
292,14,18,5
292,15,18,5
292,16,16,4
292,17,31,5
292,18,14,3
292,19,12,2
292,20,10,1
292,21,10,1
292,22,12,2
292,23,16,4
292,24,20,6
292,25,16,4
292,26,14,3
292,27,33,6
292,28,20,6
292,29,20,6
292,30,24,8
292,31,20,6
292,32,16,4
292,33,16,4
292,34,18,5
292,35,20,6
292,36,20,6
292,37,20,6
292,38,26,9
292,39,26,9
292,40,22,7
292,41,31,5
292,42,33,6
292,43,22,7
292,44,22,7
292,45,16,4
292,46,10,1
292,47,0,0
293,1,16,4
293,2,18,5
293,3,22,7
293,4,22,7
293,5,22,7
293,6,22,7
293,7,22,7
293,8,26,9
293,9,26,9
293,10,41,10
293,11,41,10
293,12,35,7
293,13,18,5
293,14,20,6
293,15,22,7
293,16,20,6
293,17,20,6
293,18,20,6
293,19,22,7
293,20,24,8
293,21,37,8
293,22,35,7
293,23,31,5
293,24,0,3
293,25,0,2
293,26,0,1
293,27,0,1
293,28,0,1
293,29,0,1
293,30,0,1
294,1,14,3
294,2,14,3
294,3,12,2
294,4,12,2
294,5,12,2
294,6,14,3
294,7,16,4
294,8,16,4
294,9,20,6
294,10,22,7
294,11,22,7
294,12,22,7
294,13,20,6
294,14,16,4
294,15,12,2
294,16,12,2
294,17,14,3
294,18,12,2
294,19,12,2
294,20,10,1
294,21,12,2
294,22,12,2
294,23,14,3
294,24,14,3
294,25,14,3
294,26,12,2
294,27,10,1
294,28,0,0
295,1,16,4
295,2,20,6
295,3,24,8
295,4,28,10
295,5,28,10
295,6,24,8
295,7,39,9
295,8,43,11
295,9,45,12
295,10,43,11
295,11,47,13
295,12,26,9
295,13,26,9
295,14,24,8
295,15,24,8
295,16,26,9
295,17,43,11
295,18,45,12
295,19,28,10
295,20,24,8
295,21,22,7
295,22,18,5
295,23,12,2
295,24,0,0
296,1,16,4
296,2,18,5
296,3,20,6
296,4,22,7
296,5,22,7
296,6,22,7
296,7,22,7
296,8,22,7
296,9,18,5
296,10,16,4
296,11,14,3
296,12,18,5
296,13,35,7
296,14,20,6
296,15,18,5
296,16,18,5
296,17,16,4
296,18,12,2
296,19,16,4
296,20,16,4
296,21,0,1
296,22,0,0
296,23,0,0
296,24,0,0
296,25,0,0
296,26,0,0
296,27,0,0
296,28,0,0
296,29,0,0
296,30,0,0
296,31,0,0
296,32,0,0
296,33,0,0
296,34,0,0
296,35,0,0
296,36,0,0
296,37,0,0
296,38,0,0
297,1,16,4
297,2,18,5
297,3,20,6
297,4,20,6
297,5,22,7
297,6,22,7
297,7,22,7
297,8,18,5
297,9,18,5
297,10,20,6
297,11,22,7
297,12,22,7
297,13,20,6
297,14,22,7
297,15,24,8
297,16,26,9
297,17,24,8
297,18,24,8
297,19,22,7
297,20,20,6
297,21,18,5
297,22,18,5
297,23,18,5
297,24,18,5
297,25,18,5
297,26,18,5
297,27,18,5
297,28,16,4
297,29,14,3
297,30,16,4
297,31,18,5
297,32,16,4
297,33,0,2
297,34,0,1
297,35,0,0
297,36,0,0
297,37,0,0
297,38,0,0
297,39,0,0
297,40,0,0
297,41,0,0
297,42,0,0
297,43,0,0
297,44,0,0
297,45,0,0
297,46,0,0
297,47,0,0
297,48,0,0
298,1,16,4
298,2,18,5
298,3,20,6
298,4,20,6
298,5,22,7
298,6,22,7
298,7,22,7
298,8,24,8
298,9,20,6
298,10,18,5
298,11,18,5
298,12,16,4
298,13,18,5
298,14,18,5
298,15,16,4
298,16,12,2
298,17,12,2
298,18,10,1
298,19,10,1
298,20,12,2
298,21,14,3
298,22,12,2
298,23,14,3
298,24,14,3
298,25,12,2
298,26,10,1
298,27,12,2
298,28,12,2
298,29,14,3
298,30,16,4
298,31,18,5
298,32,14,3
298,33,14,3
298,34,14,3
298,35,10,1
298,36,12,2
298,37,10,1
298,38,0,0
298,39,0,0
298,40,0,0
298,41,0,0
298,42,0,0
298,43,0,0
298,44,0,0
298,45,0,0
298,46,0,0
298,47,0,0
298,48,0,0
298,49,0,0
298,50,0,0
298,51,0,0
298,52,0,0
298,53,0,0
298,54,0,0
298,55,0,0
299,1,14,3
299,2,14,3
299,3,16,4
299,4,18,5
299,5,16,4
299,6,16,4
299,7,35,7
299,8,37,8
299,9,43,11
299,10,45,12
299,11,43,11
299,12,26,9
299,13,26,9
299,14,24,8
299,15,24,8
299,16,26,9
299,17,22,7
299,18,22,7
299,19,37,8
299,20,43,11
299,21,45,12
299,22,35,7
299,23,31,5
299,24,22,7
299,25,20,6
299,26,20,6
299,27,18,5
299,28,20,6
299,29,22,7
299,30,22,7
299,31,22,7
299,32,22,7
299,33,22,7
299,34,22,7
299,35,22,7
299,36,37,8
299,37,37,8
299,38,41,10
299,39,45,12
299,40,49,14
299,41,77,15
299,42,59,15
299,43,65,18
299,44,63,17
299,45,46,15
299,46,48,16
299,47,62,19
299,48,75,19
299,49,77,20
299,50,79,21
299,51,79,21
299,52,77,20
299,53,75,19
299,54,61,16
299,55,61,16
299,56,46,15
299,57,44,14
299,58,46,15
299,59,48,16
299,60,48,16
299,61,65,18
299,62,63,17
299,63,61,16
299,64,61,16
299,65,63,17
299,66,63,17
299,67,69,20
299,68,71,21
299,69,69,20
299,70,69,20
299,71,71,21
299,72,71,21
299,73,71,21
299,74,71,21
299,75,83,23
299,76,83,23
299,77,85,24
299,78,87,25
299,79,89,26
299,80,113,27
300,1,14,3
300,2,16,4
300,3,16,4
300,4,16,4
300,5,18,5
300,6,18,5
300,7,18,5
300,8,18,5
300,9,20,6
300,10,22,7
300,11,22,7
300,12,22,7
300,13,22,7
300,14,22,7
300,15,24,8
300,16,22,7
300,17,24,8
300,18,24,8
300,19,24,8
300,20,24,8
300,21,22,7
300,22,22,7
300,23,26,9
300,24,22,7
300,25,18,5
300,26,16,4
300,27,14,3
300,28,10,1
300,29,10,1
300,30,10,1
300,31,10,1
300,32,10,1
300,33,12,2
300,34,12,2
300,35,12,2
300,36,10,1
300,37,0,0
301,1,14,3
301,2,16,4
301,3,16,4
301,4,14,3
301,5,12,2
301,6,16,4
301,7,18,5
301,8,18,5
301,9,16,4
301,10,16,4
301,11,16,4
301,12,16,4
301,13,14,3
301,14,14,3
301,15,12,2
301,16,12,2
301,17,14,3
301,18,12,2
301,19,10,1
301,20,10,1
301,21,12,2
301,22,14,3
301,23,12,2
301,24,12,2
301,25,12,2
301,26,10,1
301,27,10,1
301,28,10,1
301,29,10,1
301,30,10,1
301,31,12,2
301,32,12,2
301,33,14,3
301,34,16,4
301,35,16,4
301,36,14,3
301,37,14,3
301,38,16,4
301,39,12,2
301,40,0,0
301,41,0,0
301,42,0,0
301,43,0,0
301,44,0,0
301,45,0,0
301,46,0,0
302,1,16,4
302,2,18,5
302,3,20,6
302,4,24,8
302,5,26,9
302,6,28,10
302,7,26,9
302,8,22,7
302,9,22,7
302,10,22,7
302,11,26,9
302,12,28,10
302,13,26,9
302,14,41,10
302,15,43,11
302,16,47,13
302,17,43,11
302,18,41,10
302,19,26,9
302,20,26,9
302,21,24,8
302,22,24,8
302,23,22,7
302,24,20,6
302,25,18,5
302,26,18,5
302,27,31,5
302,28,12,2
302,29,12,2
302,30,16,4
302,31,20,6
302,32,20,6
302,33,16,4
302,34,16,4
302,35,10,1
302,36,10,1
302,37,12,2
302,38,18,5
302,39,16,4
302,40,12,2
302,41,0,1
303,1,14,3
303,2,16,4
303,3,16,4
303,4,16,4
303,5,18,5
303,6,22,7
303,7,22,7
303,8,20,6
303,9,18,5
303,10,18,5
303,11,20,6
303,12,20,6
303,13,22,7
303,14,20,6
303,15,31,5
303,16,35,7
303,17,37,8
303,18,39,9
303,19,37,8
303,20,37,8
303,21,22,7
303,22,37,8
303,23,39,9
303,24,24,8
303,25,26,9
303,26,24,8
303,27,24,8
303,28,24,8
303,29,18,5
303,30,20,6
303,31,20,6
303,32,16,4
303,33,12,2
303,34,12,2
303,35,0,0
303,36,0,0
303,37,0,0
303,38,0,0
303,39,0,0
303,40,0,0
303,41,0,0
303,42,0,0
303,43,0,0
304,1,14,3
304,2,14,3
304,3,16,4
304,4,16,4
304,5,16,4
304,6,16,4
304,7,16,4
304,8,16,4
304,9,16,4
304,10,16,4
304,11,16,4
304,12,16,4
304,13,18,5
304,14,18,5
304,15,16,4
304,16,20,6
304,17,35,7
304,18,37,8
304,19,41,10
304,20,41,10
304,21,41,10
304,22,26,9
304,23,28,10
304,24,45,12
304,25,47,13
304,26,45,12
304,27,45,12
304,28,45,12
304,29,45,12
304,30,47,13
304,31,43,11
304,32,30,11
304,33,34,13
304,34,34,13
304,35,45,12
304,36,45,12
304,37,43,11
304,38,45,12
304,39,49,14
304,40,36,14
304,41,51,15
304,42,73,16
304,43,61,16
304,44,65,18
304,45,48,16
304,46,44,14
304,47,61,16
304,48,65,18
304,49,73,22
304,50,69,20
304,51,71,21
304,52,73,22
304,53,69,20
304,54,101,21
304,55,83,23
304,56,85,24
304,57,89,26
304,58,93,28
304,59,113,29
305,1,14,3
305,2,14,3
305,3,14,3
305,4,16,4
305,5,18,5
305,6,22,7
305,7,20,6
305,8,18,5
305,9,18,5
305,10,18,5
305,11,16,4
305,12,14,3
305,13,12,2
305,14,16,4
305,15,14,3
305,16,14,3
305,17,12,2
305,18,0,1
305,19,0,0
305,20,0,0
305,21,0,0
305,22,0,0
305,23,0,0
305,24,0,0
305,25,0,0
305,26,0,0
305,27,0,0
305,28,0,0
305,29,0,0
305,30,0,0
305,31,0,0
305,32,0,0
305,33,0,0
305,34,0,0
305,35,0,0
305,36,0,0
305,37,0,0
306,1,16,4
306,2,20,6
306,3,24,8
306,4,24,8
306,5,22,7
306,6,22,7
306,7,20,6
306,8,20,6
306,9,22,7
306,10,24,8
306,11,22,7
306,12,20,6
306,13,20,6
306,14,24,8
306,15,26,9
306,16,20,6
306,17,20,6
306,18,18,5
306,19,33,6
306,20,39,9
306,21,43,11
306,22,41,10
306,23,22,7
306,24,18,5
306,25,14,3
306,26,16,4
306,27,14,3
306,28,18,5
306,29,20,6
306,30,22,7
306,31,37,8
306,32,37,8
306,33,35,7
306,34,35,7
306,35,20,6
306,36,20,6
306,37,18,5
306,38,16,4
306,39,14,3
306,40,12,2
306,41,10,1
306,42,0,0
306,43,0,0
306,44,0,0
306,45,0,0
306,46,0,0
306,47,0,0
306,48,0,0
306,49,0,0
306,50,0,0
306,51,0,0
306,52,0,0
306,53,0,0
306,54,0,0
306,55,0,0
307,1,14,3
307,2,14,3
307,3,14,3
307,4,16,4
307,5,16,4
307,6,18,5
307,7,20,6
307,8,20,6
307,9,18,5
307,10,18,5
307,11,18,5
307,12,18,5
307,13,18,5
307,14,18,5
307,15,18,5
307,16,18,5
307,17,18,5
307,18,16,4
307,19,16,4
307,20,18,5
307,21,18,5
307,22,18,5
307,23,18,5
307,24,14,3
307,25,10,1
307,26,0,0
307,27,0,0
307,28,0,0
307,29,0,0
307,30,0,0
307,31,0,0
307,32,0,0
307,33,0,0
307,34,0,0
307,35,0,0
307,36,0,0
307,37,0,0
307,38,0,0
307,39,0,0
307,40,0,0
307,41,0,0
307,42,0,0
307,43,0,0
307,44,0,0
308,1,16,4
308,2,20,6
308,3,24,8
308,4,26,9
308,5,22,7
308,6,22,7
308,7,24,8
308,8,26,9
308,9,20,6
308,10,22,7
308,11,39,9
308,12,43,11
308,13,45,12
308,14,47,13
308,15,45,12
308,16,47,13
308,17,51,15
308,18,51,15
308,19,54,14
308,20,44,14
308,21,61,16
308,22,63,17
308,23,65,18
308,24,67,19
308,25,73,22
308,26,103,25
308,27,91,27
308,28,115,29
309,1,12,2
309,2,12,2
309,3,14,3
309,4,14,3
309,5,14,3
309,6,14,3
309,7,18,5
309,8,18,5
309,9,18,5
309,10,16,4
309,11,16,4
309,12,18,5
309,13,31,5
309,14,16,4
309,15,14,3
309,16,12,2
309,17,12,2
309,18,14,3
309,19,14,3
309,20,16,4
309,21,16,4
309,22,16,4
309,23,16,4
309,24,14,3
309,25,0,0
309,26,0,0
309,27,0,0
309,28,0,0
309,29,0,0
309,30,0,0
309,31,0,0
309,32,0,0
309,33,0,0
310,1,14,3
310,2,16,4
310,3,18,5
310,4,16,4
310,5,16,4
310,6,16,4
310,7,20,6
310,8,20,6
310,9,20,6
310,10,20,6
310,11,14,3
310,12,14,3
310,13,16,4
310,14,12,2
310,15,0,1
310,16,0,0
310,17,0,0
310,18,0,0
310,19,0,0
310,20,0,0
310,21,0,0
310,22,0,0
310,23,0,0
310,24,0,0
310,25,0,0
310,26,0,0
310,27,0,0
310,28,0,0
311,1,12,2
311,2,14,3
311,3,16,4
311,4,18,5
311,5,20,6
311,6,20,6
311,7,22,7
311,8,24,8
311,9,24,8
311,10,24,8
311,11,26,9
311,12,43,11
311,13,43,11
311,14,49,14
311,15,47,13
311,16,47,13
311,17,49,14
311,18,49,14
311,19,79,14
311,20,42,13
311,21,44,14
311,22,44,14
311,23,46,15
311,24,44,14
311,25,59,15
311,26,59,15
311,27,63,17
311,28,67,19
311,29,67,19
311,30,67,19
311,31,65,18
311,32,67,19
311,33,67,19
311,34,71,21
311,35,67,19
311,36,50,17
311,37,48,16
311,38,63,17
311,39,67,19
311,40,65,18
311,41,63,17
311,42,63,17
311,43,65,18
311,44,71,21
311,45,73,22
311,46,99,24
311,47,87,25
311,48,89,26
311,49,91,27
311,50,93,28
311,51,113,29
312,1,12,2
312,2,12,2
312,3,14,3
312,4,18,5
312,5,16,4
312,6,16,4
312,7,16,4
312,8,14,3
312,9,16,4
312,10,16,4
312,11,14,3
312,12,14,3
312,13,14,3
312,14,16,4
312,15,14,3
312,16,14,3
312,17,14,3
312,18,16,4
312,19,16,4
312,20,14,3
312,21,0,1
312,22,0,0
312,23,0,0
312,24,0,0
312,25,0,0
312,26,0,0
312,27,0,0
312,28,0,0
312,29,0,0
312,30,0,0
312,31,0,0
312,32,0,0
312,33,0,0
312,34,0,0
312,35,0,0
312,36,0,0
312,37,0,0
312,38,0,0
312,39,0,0
312,40,0,0
313,1,14,3
313,2,16,4
313,3,16,4
313,4,18,5
313,5,18,5
313,6,14,3
313,7,14,3
313,8,18,5
313,9,20,6
313,10,20,6
313,11,22,7
313,12,20,6
313,13,20,6
313,14,22,7
313,15,22,7
313,16,22,7
313,17,22,7
313,18,22,7
313,19,24,8
313,20,22,7
313,21,22,7
313,22,20,6
313,23,18,5
313,24,18,5
313,25,16,4
313,26,14,3
313,27,14,3
313,28,14,3
313,29,14,3
313,30,14,3
313,31,14,3
313,32,14,3
313,33,12,2
313,34,16,4
313,35,18,5
313,36,18,5
313,37,16,4
313,38,14,3
313,39,12,2
313,40,12,2
313,41,10,1
313,42,10,1
313,43,0,0
313,44,0,0
313,45,0,0
313,46,0,0
314,1,14,3
314,2,14,3
314,3,14,3
314,4,16,4
314,5,16,4
314,6,16,4
314,7,18,5
314,8,20,6
314,9,18,5
314,10,16,4
314,11,16,4
314,12,16,4
314,13,16,4
314,14,16,4
314,15,16,4
314,16,16,4
314,17,16,4
314,18,16,4
314,19,16,4
314,20,16,4
314,21,16,4
314,22,16,4
314,23,16,4
314,24,16,4
314,25,16,4
314,26,16,4
314,27,16,4
314,28,16,4
314,29,16,4
314,30,16,4
314,31,16,4
314,32,16,4
314,33,16,4
314,34,16,4
314,35,16,4
314,36,16,4
314,37,16,4
314,38,16,4
314,39,16,4
314,40,16,4
314,41,16,4
314,42,16,4
314,43,16,4
314,44,16,4
314,45,16,4
314,46,16,4
314,47,16,4
314,48,16,4
314,49,16,4
314,50,16,4
314,51,16,4
314,52,16,4
314,53,16,4
314,54,16,4
314,55,16,4
314,56,16,4
314,57,16,4
314,58,16,4
314,59,16,4
314,60,16,4
314,61,16,4
314,62,16,4
314,63,16,4
314,64,16,4
314,65,16,4
314,66,16,4
314,67,16,4
314,68,16,4
314,69,16,4
314,70,16,4
314,71,16,4
314,72,16,4
314,73,16,4
314,74,16,4
314,75,16,4
314,76,16,4
314,77,16,4
314,78,16,4
314,79,16,4
314,80,16,4
314,81,16,4
314,82,16,4
314,83,16,4
314,84,16,4
314,85,16,4
314,86,16,4
314,87,16,4
314,88,16,4
314,89,16,4
314,90,16,4
314,91,16,4
314,92,16,4
314,93,16,4
314,94,16,4
314,95,16,4
314,96,16,4
314,97,16,4
314,98,16,4
314,99,16,4
314,100,16,4
314,101,16,4
314,102,16,4
314,103,16,4
314,104,16,4
314,105,16,4
314,106,16,4
314,107,16,4
314,108,16,4
314,109,16,4
314,110,16,4
314,111,16,4
314,112,16,4
314,113,16,4
314,114,16,4
314,115,16,4
314,116,16,4
314,117,16,4
314,118,16,4
314,119,16,4
314,120,16,4
314,121,16,4
314,122,16,4
314,123,16,4
314,124,16,4
314,125,16,4
314,126,16,4
314,127,16,4
314,128,16,4
314,129,16,4
314,130,16,4
314,131,16,4
314,132,16,4
314,133,16,4
314,134,16,4
314,135,16,4
314,136,16,4
314,137,16,4
314,138,16,4
314,139,16,4
314,140,16,4
314,141,16,4
314,142,16,4
314,143,16,4
314,144,16,4
314,145,16,4
314,146,16,4
314,147,16,4
314,148,16,4
314,149,16,4
314,150,16,4
314,151,16,4
314,152,16,4
314,153,16,4
314,154,16,4
314,155,16,4
314,156,16,4
314,157,16,4
314,158,16,4
314,159,16,4
314,160,16,4
314,161,16,4
314,162,16,4
314,163,16,4
314,164,16,4
314,165,16,4
314,166,16,4
314,167,16,4
314,168,16,4
314,169,16,4
314,170,16,4
314,171,16,4
314,172,16,4
314,173,16,4
314,174,16,4
314,175,16,4
314,176,16,4
314,177,16,4
314,178,16,4
314,179,16,4
314,180,16,4
314,181,16,4
314,182,16,4
314,183,16,4
314,184,16,4
314,185,16,4
314,186,16,4
314,187,16,4
314,188,16,4
314,189,16,4
314,190,16,4
314,191,16,4
314,192,16,4
314,193,16,4
314,194,16,4
314,195,16,4
314,196,16,4
315,1,14,3
315,2,16,4
315,3,16,4
315,4,16,4
315,5,16,4
315,6,20,6
315,7,35,7
315,8,35,7
315,9,35,7
315,10,22,7
315,11,22,7
315,12,20,6
315,13,20,6
315,14,20,6
315,15,0,6
315,16,0,6
315,17,0,5
315,18,0,2
315,19,0,1
315,20,0,1
315,21,0,1
315,22,0,0
315,23,0,0
315,24,0,0
315,25,0,0
315,26,0,0
315,27,0,0
315,28,0,0
315,29,0,0
316,1,16,4
316,2,20,6
316,3,22,7
316,4,20,6
316,5,20,6
316,6,22,7
316,7,37,8
316,8,20,6
316,9,18,5
316,10,18,5
316,11,22,7
316,12,37,8
316,13,35,7
316,14,33,6
316,15,18,5
316,16,18,5
316,17,24,8
316,18,24,8
316,19,22,7
316,20,18,5
316,21,16,4
316,22,14,3
316,23,16,4
316,24,22,7
316,25,24,8
316,26,37,8
316,27,22,7
316,28,20,6
316,29,14,3
316,30,10,1
316,31,10,1
316,32,10,1
316,33,0,0
316,34,0,0
316,35,0,0
316,36,0,0
316,37,0,0
316,38,0,0
316,39,0,0
316,40,0,0
317,1,16,4
317,2,18,5
317,3,20,6
317,4,24,8
317,5,39,9
317,6,39,9
317,7,41,10
317,8,45,12
317,9,32,12
317,10,32,12
317,11,45,12
317,12,43,11
317,13,32,12
317,14,30,11
317,15,28,10
317,16,50,12
317,17,55,13
317,18,55,13
317,19,44,14
317,20,70,16
317,21,58,17
317,22,73,18
317,23,79,21
317,24,87,25
317,25,93,28
317,26,113,29
318,1,16,4
318,2,18,5
318,3,20,6
318,4,22,7
318,5,24,8
318,6,24,8
318,7,24,8
318,8,24,8
318,9,26,9
318,10,26,9
318,11,26,9
318,12,24,8
318,13,24,8
318,14,26,9
318,15,28,10
318,16,43,11
318,17,47,13
318,18,47,13
318,19,32,12
318,20,30,11
318,21,30,11
318,22,41,10
318,23,45,12
318,24,47,13
318,25,47,13
318,26,34,13
318,27,32,12
318,28,43,11
318,29,43,11
318,30,41,10
318,31,43,11
318,32,26,9
318,33,26,9
318,34,24,8
318,35,24,8
318,36,20,6
318,37,16,4
318,38,10,1
318,39,0,0
319,1,14,3
319,2,16,4
319,3,16,4
319,4,16,4
319,5,16,4
319,6,16,4
319,7,18,5
319,8,18,5
319,9,20,6
319,10,18,5
319,11,16,4
319,12,18,5
319,13,20,6
319,14,22,7
319,15,22,7
319,16,18,5
319,17,20,6
319,18,18,5
319,19,20,6
319,20,24,8
319,21,24,8
319,22,24,8
319,23,18,5
319,24,12,2
319,25,0,0
320,1,16,4
320,2,18,5
320,3,22,7
320,4,26,9
320,5,26,9
320,6,26,9
320,7,28,10
320,8,28,10
320,9,24,8
320,10,22,7
320,11,22,7
320,12,39,9
320,13,41,10
320,14,41,10
320,15,39,9
320,16,37,8
320,17,20,6
320,18,0,4
320,19,0,3
320,20,0,1
320,21,0,0
320,22,0,0
320,23,0,0
320,24,0,0
320,25,0,0
320,26,0,0
320,27,0,0
320,28,0,0
320,29,0,0
320,30,0,0
320,31,0,0
320,32,0,0
320,33,0,0
320,34,0,0
321,1,12,2
321,2,14,3
321,3,18,5
321,4,20,6
321,5,20,6
321,6,20,6
321,7,20,6
321,8,20,6
321,9,20,6
321,10,18,5
321,11,18,5
321,12,16,4
321,13,16,4
321,14,16,4
321,15,16,4
321,16,16,4
321,17,20,6
321,18,22,7
321,19,22,7
321,20,22,7
321,21,18,5
321,22,16,4
321,23,16,4
321,24,16,4
321,25,14,3
321,26,14,3
321,27,14,3
321,28,18,5
321,29,18,5
321,30,20,6
321,31,18,5
321,32,18,5
321,33,16,4
321,34,14,3
321,35,14,3
321,36,16,4
321,37,16,4
321,38,12,2
321,39,0,0
321,40,0,0
321,41,0,0
321,42,0,0
321,43,0,0
322,1,16,4
322,2,20,6
322,3,22,7
322,4,20,6
322,5,20,6
322,6,20,6
322,7,22,7
322,8,24,8
322,9,18,5
322,10,18,5
322,11,22,7
322,12,35,7
322,13,31,5
322,14,33,6
322,15,22,7
322,16,39,9
322,17,22,7
322,18,22,7
322,19,20,6
322,20,16,4
322,21,14,3
322,22,12,2
322,23,12,2
322,24,18,5
322,25,20,6
322,26,16,4
322,27,16,4
322,28,14,3
322,29,10,1
322,30,12,2
322,31,12,2
322,32,10,1
322,33,0,0
323,1,14,3
323,2,14,3
323,3,14,3
323,4,16,4
323,5,18,5
323,6,18,5
323,7,18,5
323,8,22,7
323,9,22,7
323,10,24,8
323,11,26,9
323,12,52,10
323,13,38,11
323,14,40,12
323,15,40,12
323,16,40,12
323,17,40,12
323,18,40,12
323,19,53,12
323,20,55,13
323,21,57,14
323,22,57,14
323,23,59,15
323,24,59,15
323,25,59,15
323,26,55,13
323,27,55,13
323,28,55,13
323,29,55,13
323,30,55,13
323,31,55,13
323,32,55,13
323,33,55,13
323,34,55,13
323,35,55,13
323,36,55,13
323,37,55,13
323,38,55,13
323,39,55,13
323,40,55,13
323,41,55,13
323,42,55,13
323,43,55,13
323,44,55,13
323,45,55,13
323,46,55,13
323,47,55,13
323,48,55,13
323,49,55,13
323,50,55,13
323,51,55,13
323,52,55,13
323,53,55,13
323,54,55,13
323,55,55,13
323,56,55,13
323,57,55,13
323,58,55,13
323,59,55,13
323,60,55,13
323,61,55,13
323,62,55,13
323,63,55,13
323,64,55,13
323,65,55,13
323,66,55,13
323,67,55,13
323,68,55,13
323,69,55,13
323,70,55,13
323,71,55,13
323,72,55,13
323,73,55,13
323,74,55,13
323,75,55,13
323,76,55,13
323,77,55,13
323,78,55,13
323,79,55,13
323,80,55,13
323,81,55,13
323,82,55,13
323,83,55,13
323,84,55,13
323,85,55,13
323,86,55,13
323,87,55,13
323,88,55,13
323,89,55,13
323,90,55,13
323,91,55,13
323,92,55,13
323,93,55,13
323,94,55,13
323,95,55,13
323,96,55,13
323,97,55,13
323,98,55,13
323,99,55,13
323,100,55,13
323,101,55,13
323,102,55,13
323,103,55,13
323,104,55,13
323,105,55,13
323,106,55,13
323,107,55,13
323,108,55,13
323,109,55,13
323,110,55,13
323,111,55,13
323,112,55,13
323,113,55,13
323,114,55,13
323,115,55,13
323,116,55,13
323,117,55,13
323,118,55,13
323,119,55,13
323,120,55,13
323,121,55,13
323,122,55,13
323,123,55,13
323,124,55,13
323,125,55,13
323,126,55,13
323,127,55,13
323,128,55,13
323,129,55,13
323,130,55,13
323,131,55,13
323,132,55,13
323,133,55,13
323,134,55,13
323,135,55,13
323,136,55,13
323,137,55,13
323,138,55,13
323,139,55,13
323,140,55,13
323,141,55,13
323,142,55,13
323,143,55,13
323,144,55,13
323,145,55,13
323,146,55,13
323,147,55,13
323,148,55,13
323,149,55,13
323,150,55,13
323,151,55,13
323,152,55,13
323,153,55,13
323,154,55,13
323,155,55,13
323,156,55,13
323,157,55,13
323,158,55,13
323,159,55,13
323,160,55,13
323,161,55,13
323,162,55,13
323,163,55,13
323,164,55,13
323,165,55,13
323,166,55,13
323,167,55,13
323,168,55,13
323,169,55,13
323,170,55,13
323,171,55,13
323,172,55,13
323,173,55,13
323,174,55,13
323,175,55,13
323,176,55,13
323,177,55,13
323,178,55,13
323,179,55,13
323,180,55,13
323,181,55,13
323,182,55,13
323,183,55,13
323,184,55,13
323,185,55,13
323,186,55,13
323,187,55,13
323,188,55,13
323,189,55,13
324,1,16,4
324,2,20,6
324,3,20,6
324,4,22,7
324,5,22,7
324,6,24,8
324,7,26,9
324,8,41,10
324,9,26,9
324,10,22,7
324,11,22,7
324,12,22,7
324,13,24,8
324,14,43,11
324,15,43,11
324,16,45,12
324,17,47,13
324,18,61,16
324,19,50,17
324,20,48,16
324,21,61,16
324,22,65,18
324,23,63,17
324,24,65,18
324,25,63,17
324,26,65,18
324,27,65,18
324,28,63,17
324,29,63,17
324,30,85,17
324,31,75,19
324,32,79,21
324,33,83,23
324,34,89,26
324,35,115,28
325,1,16,4
325,2,20,6
325,3,20,6
325,4,20,6
325,5,20,6
325,6,22,7
325,7,22,7
325,8,22,7
325,9,24,8
325,10,24,8
325,11,24,8
325,12,24,8
325,13,22,7
325,14,24,8
325,15,26,9
325,16,24,8
325,17,24,8
325,18,37,8
325,19,41,10
325,20,43,11
325,21,41,10
325,22,45,12
325,23,43,11
325,24,28,10
325,25,28,10
325,26,30,11
325,27,52,12
325,28,40,12
325,29,40,12
325,30,40,12
325,31,53,12
325,32,38,11
325,33,34,9
325,34,0,7
325,35,0,5
325,36,0,3
326,1,12,2
326,2,14,3
326,3,14,3
326,4,14,3
326,5,16,4
326,6,18,5
326,7,20,6
326,8,35,7
326,9,35,7
326,10,37,8
326,11,35,7
326,12,35,7
326,13,20,6
326,14,22,7
326,15,22,7
326,16,26,9
326,17,28,10
326,18,26,9
326,19,24,8
326,20,22,7
326,21,20,6
326,22,20,6
326,23,22,7
326,24,22,7
326,25,39,9
326,26,24,8
326,27,22,7
326,28,24,8
326,29,22,7
326,30,24,8
326,31,37,8
326,32,41,10
326,33,41,10
326,34,41,10
326,35,39,9
326,36,41,10
326,37,26,9
326,38,24,8
326,39,22,7
326,40,16,4
326,41,0,0
326,42,0,0
326,43,0,0
326,44,0,0
326,45,0,0
327,1,12,2
327,2,14,3
327,3,16,4
327,4,16,4
327,5,18,5
327,6,18,5
327,7,20,6
327,8,20,6
327,9,22,7
327,10,22,7
327,11,24,8
327,12,39,9
327,13,24,8
327,14,24,8
327,15,20,6
327,16,18,5
327,17,18,5
327,18,18,5
327,19,20,6
327,20,22,7
327,21,22,7
327,22,37,8
327,23,43,11
327,24,43,11
327,25,39,9
327,26,24,8
327,27,26,9
327,28,30,11
327,29,30,11
327,30,26,9
327,31,41,10
327,32,43,11
327,33,50,10
327,34,32,8
327,35,28,6
327,36,26,5
327,37,22,3
327,38,0,3
327,39,0,5
327,40,0,4
327,41,0,3
327,42,0,4
327,43,0,2
327,44,0,1
327,45,0,0
328,1,16,4
328,2,20,6
328,3,22,7
328,4,22,7
328,5,26,9
328,6,24,8
328,7,22,7
328,8,24,8
328,9,26,9
328,10,24,8
328,11,26,9
328,12,26,9
328,13,30,11
328,14,30,11
328,15,26,9
328,16,24,8
328,17,24,8
328,18,24,8
328,19,26,9
328,20,41,10
328,21,41,10
328,22,45,12
328,23,43,11
328,24,26,9
328,25,26,9
328,26,24,8
328,27,26,9
328,28,39,9
328,29,39,9
328,30,37,8
328,31,37,8
328,32,24,8
328,33,24,8
328,34,20,6
328,35,16,4
328,36,0,3
328,37,0,3
329,1,12,2
329,2,14,3
329,3,16,4
329,4,16,4
329,5,16,4
329,6,16,4
329,7,18,5
329,8,20,6
329,9,20,6
329,10,16,4
329,11,20,6
329,12,22,7
329,13,26,9
329,14,24,8
329,15,26,9
329,16,28,10
329,17,28,10
329,18,28,10
329,19,26,9
329,20,28,10
329,21,26,9
329,22,39,9
329,23,41,10
329,24,28,10
329,25,26,9
329,26,26,9
329,27,24,8
329,28,20,6
329,29,14,3
329,30,10,1
329,31,12,2
329,32,10,1
329,33,0,0
330,1,16,4
330,2,22,7
330,3,24,8
330,4,22,7
330,5,26,9
330,6,26,9
330,7,26,9
330,8,24,8
330,9,24,8
330,10,24,8
330,11,22,7
330,12,22,7
330,13,26,9
