game,round,pu_after,territories_after
1,1,16,4
1,2,18,5
1,3,20,6
1,4,20,6
1,5,20,6
1,6,20,5
1,7,18,4
1,8,20,6
1,9,20,6
1,10,20,5
1,11,22,6
1,12,35,7
1,13,20,6
1,14,24,7
1,15,24,7
1,16,24,8
1,17,26,9
1,18,26,8
1,19,26,9
1,20,26,9
1,21,37,8
1,22,41,10
1,23,37,8
1,24,35,7
1,25,39,9
1,26,41,10
1,27,24,7
1,28,24,7
1,29,26,9
1,30,28,10
1,31,26,9
1,32,26,9
1,33,22,6
1,34,22,6
1,35,20,5
1,36,0,3
1,37,0,2
1,38,0,0
1,39,0,0
1,40,0,0
1,41,0,0
1,42,0,0
1,43,0,0
1,44,0,0
1,45,0,0
1,46,0,0
1,47,0,0
1,48,0,0
1,49,0,0
1,50,0,0
1,51,0,0
1,52,0,0
1,53,0,0
1,54,0,0
1,55,0,0
1,56,0,0
1,57,0,0
1,58,0,0
1,59,0,0
1,60,0,0
1,61,0,0
1,62,0,0
1,63,0,0
1,64,0,0
1,65,0,0
1,66,0,0
1,67,0,0
1,68,0,0
1,69,0,0
1,70,0,0
1,71,0,0
1,72,0,0
1,73,0,0
1,74,0,0
1,75,0,0
1,76,0,0
1,77,0,0
1,78,0,0
1,79,0,0
1,80,0,0
1,81,0,0
1,82,0,0
1,83,0,0
1,84,0,0
1,85,0,0
1,86,0,0
2,1,16,4
2,2,22,7
2,3,26,8
2,4,24,7
2,5,22,7
2,6,24,8
2,7,26,9
2,8,26,9
2,9,26,8
2,10,24,7
2,11,24,7
2,12,22,7
2,13,24,8
2,14,22,7
2,15,22,7
2,16,41,10
2,17,43,10
2,18,47,11
2,19,45,10
2,20,43,10
2,21,54,12
2,22,40,12
2,23,42,13
2,24,59,14
2,25,61,16
2,26,67,18
2,27,69,20
2,28,75,23
2,29,77,24
2,30,79,25
2,31,93,28
2,32,91,27
2,33,115,28
3,1,16,4
3,2,22,7
3,3,28,9
3,4,26,9
3,5,41,10
3,6,47,12
3,7,49,14
3,8,49,12
3,9,45,12
3,10,43,10
3,11,43,11
3,12,67,13
3,13,40,12
3,14,44,14
3,15,59,15
3,16,61,16
3,17,61,16
3,18,48,16
3,19,48,16
3,20,46,15
3,21,46,15
3,22,63,17
3,23,67,19
3,24,71,21
3,25,73,22
3,26,97,24
3,27,89,26
3,28,93,28
3,29,93,28
3,30,93,28
3,31,113,29
4,1,14,3
4,2,18,5
4,3,18,5
4,4,18,5
4,5,18,5
4,6,18,5
4,7,18,5
4,8,18,5
4,9,18,5
4,10,18,5
4,11,18,4
4,12,18,5
4,13,20,6
4,14,20,6
4,15,18,5
4,16,18,5
4,17,33,6
4,18,39,8
4,19,20,6
4,20,20,6
4,21,20,6
4,22,20,6
4,23,18,5
4,24,18,5
4,25,16,4
4,26,16,4
4,27,16,3
4,28,14,3
4,29,16,4
4,30,16,4
4,31,16,4
4,32,20,6
4,33,22,7
4,34,22,7
4,35,20,5
4,36,18,5
4,37,20,6
4,38,41,9
4,39,43,11
4,40,43,10
4,41,41,8
4,42,37,5
4,43,31,3
4,44,0,2
5,1,16,4
5,2,16,4
5,3,20,6
5,4,18,5
5,5,35,7
5,6,39,8
5,7,37,7
5,8,20,4
5,9,18,5
5,10,22,6
5,11,22,5
5,12,20,4
5,13,20,6
5,14,24,8
5,15,26,9
5,16,26,8
5,17,20,4
5,18,14,3
5,19,14,2
5,20,12,1
5,21,10,1
5,22,10,1
5,23,10,1
5,24,12,2
5,25,16,4
5,26,18,4
5,27,18,5
5,28,16,4
5,29,18,4
5,30,16,3
5,31,16,3
5,32,0,1
6,1,16,4
6,2,18,5
6,3,20,6
6,4,22,7
6,5,22,7
6,6,26,9
6,7,28,10
6,8,43,10
6,9,45,12
6,10,51,15
6,11,53,16
6,12,53,16
6,13,49,14
6,14,34,13
6,15,34,13
6,16,49,14
6,17,51,15
6,18,47,12
6,19,47,13
6,20,51,15
6,21,57,18
6,22,59,19
6,23,79,20
6,24,71,20
6,25,52,18
6,26,52,18
6,27,54,19
6,28,73,22
6,29,71,20
6,30,71,21
6,31,73,22
6,32,77,24
6,33,125,27
7,1,18,5
7,2,18,5
7,3,18,5
7,4,20,6
7,5,20,5
7,6,18,5
7,7,18,5
7,8,18,4
7,9,20,6
7,10,22,7
7,11,22,6
7,12,20,6
7,13,18,5
7,14,18,4
7,15,18,5
7,16,18,5
7,17,20,6
7,18,20,5
7,19,14,2
7,20,14,3
7,21,12,2
7,22,10,1
7,23,12,2
7,24,10,1
7,25,10,1
7,26,10,1
7,27,12,2
7,28,12,1
7,29,10,1
7,30,10,1
7,31,0,0
7,32,0,0
7,33,0,0
7,34,0,0
7,35,0,0
7,36,0,0
8,1,12,2
8,2,14,3
8,3,16,4
8,4,16,3
8,5,18,5
8,6,18,5
8,7,18,4
8,8,16,3
8,9,16,4
8,10,18,5
8,11,20,6
8,12,20,6
8,13,20,5
8,14,20,5
8,15,16,4
8,16,16,4
8,17,14,3
8,18,16,4
8,19,16,3
8,20,12,1
8,21,0,0
8,22,0,0
8,23,0,0
8,24,0,0
8,25,0,0
8,26,0,0
8,27,0,0
8,28,0,0
8,29,0,0
8,30,0,0
8,31,0,0
9,1,14,3
9,2,14,3
9,3,14,3
9,4,18,4
9,5,20,6
9,6,24,8
9,7,24,8
9,8,24,8
9,9,26,8
9,10,24,8
9,11,22,6
9,12,18,4
9,13,18,4
9,14,0,3
9,15,0,2
9,16,0,0
9,17,0,0
9,18,0,0
9,19,0,0
9,20,0,0
9,21,0,0
9,22,0,0
9,23,0,0
9,24,0,0
9,25,0,0
9,26,0,0
9,27,0,0
9,28,0,0
9,29,0,0
9,30,0,0
9,31,0,0
9,32,0,0
9,33,0,0
9,34,0,0
9,35,0,0
9,36,0,0
10,1,16,4
10,2,20,6
10,3,22,7
10,4,24,8
10,5,26,9
10,6,39,9
10,7,43,11
10,8,45,12
10,9,47,12
10,10,43,11
10,11,30,9
10,12,28,10
10,13,41,10
10,14,45,12
10,15,49,13
10,16,49,13
10,17,49,12
10,18,38,14
10,19,36,14
10,20,51,13
10,21,49,12
10,22,49,13
10,23,49,14
10,24,47,12
10,25,28,9
10,26,28,10
10,27,30,11
10,28,47,12
10,29,51,15
10,30,55,16
10,31,53,14
10,32,45,11
10,33,45,11
10,34,47,13
10,35,38,15
10,36,38,14
10,37,53,16
10,38,55,17
10,39,55,17
10,40,59,19
10,41,83,22
10,42,77,24
10,43,75,23
10,44,73,22
10,45,75,23
10,46,85,24
10,47,85,24
10,48,91,27
10,49,93,28
10,50,113,29
11,1,16,4
11,2,18,5
11,3,18,5
11,4,22,7
11,5,22,7
11,6,35,7
11,7,37,7
11,8,22,7
11,9,22,7
11,10,22,7
11,11,22,7
11,12,20,5
11,13,18,5
11,14,16,2
11,15,14,3
11,16,18,5
11,17,20,6
11,18,22,7
11,19,35,6
11,20,16,3
11,21,14,2
11,22,10,1
11,23,0,0
11,24,0,0
11,25,0,0
11,26,0,0
11,27,0,0
11,28,0,0
11,29,0,0
11,30,0,0
11,31,0,0
11,32,0,0
11,33,0,0
11,34,0,0
11,35,0,0
11,36,0,0
11,37,0,0
11,38,0,0
11,39,0,0
11,40,0,0
11,41,0,0
11,42,0,0
11,43,0,0
11,44,0,0
11,45,0,0
11,46,0,0
11,47,0,0
11,48,0,0
11,49,0,0
11,50,0,0
11,51,0,0
11,52,0,0
11,53,0,0
11,54,0,0
11,55,0,0
11,56,0,0
11,57,0,0
11,58,0,0
12,1,16,4
12,2,18,5
12,3,22,7
12,4,26,8
12,5,24,7
12,6,24,8
12,7,26,9
12,8,24,8
12,9,26,8
12,10,24,7
12,11,26,9
12,12,28,9
12,13,24,7
12,14,22,7
12,15,37,8
12,16,22,7
12,17,20,6
12,18,20,6
12,19,24,8
12,20,43,11
12,21,47,13
12,22,47,13
12,23,49,14
12,24,49,14
12,25,47,13
12,26,45,12
12,27,36,14
12,28,40,16
12,29,56,15
12,30,44,14
12,31,48,16
12,32,65,18
12,33,61,16
12,34,63,17
12,35,61,16
12,36,44,14
12,37,44,14
12,38,48,16
12,39,52,18
12,40,50,17
12,41,63,17
12,42,67,19
12,43,65,18
12,44,61,16
12,45,46,15
12,46,46,15
12,47,46,15
12,48,42,13
12,49,42,13
12,50,44,14
12,51,44,14
12,52,61,16
12,53,65,18
12,54,65,18
12,55,69,20
12,56,65,18
12,57,48,16
12,58,42,13
12,59,38,11
12,60,34,9
12,61,39,9
12,62,41,10
12,63,36,10
12,64,36,10
12,65,40,12
12,66,42,13
12,67,40,12
12,68,55,13
12,69,57,14
12,70,53,12
12,71,59,15
12,72,44,14
12,73,40,12
12,74,42,13
12,75,55,13
12,76,59,15
12,77,59,15
12,78,55,13
12,79,57,14
12,80,42,13
12,81,40,12
12,82,40,12
12,83,40,12
12,84,38,11
12,85,43,11
12,86,49,14
12,87,47,13
12,88,45,12
12,89,41,10
12,90,39,9
12,91,22,7
12,92,20,6
12,93,18,5
12,94,12,2
12,95,10,1
12,96,0,0
13,1,18,5
13,2,24,8
13,3,24,8
13,4,24,8
13,5,24,7
13,6,22,7
13,7,22,7
13,8,22,6
13,9,20,6
13,10,22,7
13,11,22,6
13,12,20,6
13,13,22,7
13,14,24,8
13,15,24,8
13,16,26,9
13,17,26,8
13,18,22,7
13,19,20,5
13,20,18,5
13,21,20,6
13,22,24,7
13,23,20,5
13,24,18,5
13,25,18,5
13,26,18,4
13,27,20,6
13,28,22,7
13,29,20,5
13,30,16,3
13,31,14,3
13,32,14,2
13,33,10,1
13,34,10,1
13,35,0,0
13,36,0,0
13,37,0,0
13,38,0,0
13,39,0,0
13,40,0,0
13,41,0,0
13,42,0,0
13,43,0,0
13,44,0,0
13,45,0,0
13,46,0,0
13,47,0,0
13,48,0,0
13,49,0,0
13,50,0,0
13,51,0,0
13,52,0,0
13,53,0,0
14,1,14,3
14,2,18,5
14,3,20,6
14,4,20,6
14,5,18,5
14,6,16,4
14,7,16,4
14,8,16,4
14,9,16,4
14,10,14,3
14,11,14,2
14,12,12,2
14,13,16,4
14,14,20,6
14,15,18,5
14,16,20,5
14,17,20,6
14,18,18,4
14,19,18,4
14,20,16,4
14,21,18,5
14,22,20,5
14,23,20,5
14,24,18,5
14,25,18,4
14,26,16,4
14,27,14,2
14,28,12,2
14,29,0,1
14,30,0,1
14,31,0,1
14,32,0,0
14,33,0,0
14,34,0,0
14,35,0,0
14,36,0,0
15,1,12,2
15,2,12,2
15,3,14,3
15,4,16,4
15,5,16,4
15,6,16,4
15,7,18,5
15,8,18,5
15,9,18,5
15,10,18,5
15,11,18,5
15,12,18,5
15,13,20,6
15,14,18,5
15,15,16,4
15,16,16,4
15,17,18,5
15,18,18,5
15,19,20,6
15,20,22,7
15,21,22,7
15,22,22,7
15,23,22,7
15,24,24,8
15,25,24,7
15,26,20,6
15,27,18,4
15,28,16,4
15,29,16,4
15,30,14,3
15,31,14,3
15,32,14,3
15,33,14,2
15,34,10,1
15,35,0,0
15,36,0,0
15,37,0,0
15,38,0,0
15,39,0,0
15,40,0,0
15,41,0,0
16,1,16,4
16,2,20,5
16,3,18,4
16,4,18,5
16,5,18,5
16,6,20,6
16,7,20,5
16,8,18,4
16,9,18,5
16,10,20,5
16,11,18,4
16,12,18,4
16,13,18,5
16,14,18,4
16,15,18,5
16,16,18,3
16,17,18,5
16,18,24,8
16,19,24,8
16,20,24,7
16,21,20,5
16,22,18,4
16,23,14,3
16,24,14,3
16,25,12,2
16,26,14,3
16,27,12,2
16,28,0,2
16,29,0,1
16,30,0,1
16,31,0,1
16,32,0,0
16,33,0,0
16,34,0,0
16,35,0,0
16,36,0,0
16,37,0,0
16,38,0,0
16,39,0,0
16,40,0,0
16,41,0,0
17,1,16,4
17,2,20,6
17,3,20,6
17,4,18,5
17,5,18,5
17,6,16,3
17,7,16,3
17,8,18,5
17,9,18,5
17,10,18,5
17,11,18,4
17,12,16,3
17,13,18,5
17,14,16,4
17,15,18,5
17,16,20,6
17,17,22,7
17,18,39,9
17,19,22,6
17,20,16,3
17,21,14,2
17,22,12,1
17,23,12,2
17,24,14,3
17,25,16,4
17,26,18,4
17,27,16,3
17,28,0,3
18,1,16,4
18,2,18,5
18,3,18,5
18,4,20,6
18,5,22,7
18,6,22,7
18,7,24,8
18,8,22,6
18,9,20,6
18,10,22,7
18,11,24,7
18,12,24,8
18,13,26,8
18,14,22,7
18,15,22,7
18,16,24,8
18,17,24,8
18,18,26,9
18,19,28,10
18,20,28,9
18,21,41,10
18,22,45,12
18,23,43,11
18,24,45,12
18,25,47,13
18,26,49,14
18,27,36,14
18,28,54,14
18,29,42,13
18,30,40,11
18,31,40,12
18,32,42,13
18,33,46,15
18,34,59,15
18,35,61,16
18,36,44,14
18,37,42,13
18,38,36,10
18,39,34,9
18,40,30,7
18,41,26,5
18,42,0,3
18,43,0,1
19,1,16,4
19,2,18,5
19,3,20,6
19,4,22,7
19,5,24,8
19,6,20,6
19,7,20,5
19,8,18,4
19,9,33,6
19,10,37,8
19,11,39,8
19,12,22,6
19,13,20,5
19,14,16,3
19,15,14,1
19,16,0,0
19,17,0,0
19,18,0,0
19,19,0,0
19,20,0,0
19,21,0,0
20,1,16,4
20,2,20,6
20,3,20,6
20,4,20,6
20,5,22,7
20,6,26,8
20,7,24,7
20,8,37,8
20,9,35,7
20,10,39,9
20,11,39,8
20,12,24,7
20,13,24,7
20,14,24,8
20,15,26,9
20,16,24,8
20,17,22,7
20,18,22,6
20,19,20,6
20,20,0,3
20,21,0,1
20,22,0,0
20,23,0,0
20,24,0,0
20,25,0,0
20,26,0,0
20,27,0,0
20,28,0,0
20,29,0,0
20,30,0,0
20,31,0,0
20,32,0,0
21,1,16,4
21,2,22,7
21,3,24,8
21,4,24,7
21,5,22,7
21,6,24,8
21,7,26,8
21,8,24,8
21,9,24,8
21,10,26,9
21,11,28,10
21,12,28,10
21,13,26,9
21,14,41,10
21,15,45,11
21,16,49,13
21,17,41,10
21,18,39,9
21,19,26,8
21,20,26,9
21,21,26,9
21,22,30,11
21,23,58,13
21,24,57,14
21,25,63,17
21,26,65,17
21,27,63,17
21,28,63,17
21,29,83,17
21,30,75,19
21,31,77,20
21,32,83,23
21,33,83,23
21,34,85,24
21,35,89,26
21,36,113,27
22,1,16,4
22,2,18,5
22,3,20,6
22,4,22,7
22,5,22,7
22,6,22,7
22,7,22,7
22,8,22,7
22,9,22,6
22,10,20,6
22,11,22,6
22,12,22,7
22,13,39,9
22,14,43,11
22,15,41,10
22,16,43,11
22,17,43,11
22,18,43,11
22,19,47,12
22,20,49,14
22,21,79,17
22,22,63,17
22,23,65,18
22,24,67,19
22,25,79,21
22,26,79,21
22,27,81,22
22,28,85,24
22,29,87,25
22,30,91,27
22,31,113,28
23,1,16,4
23,2,18,5
23,3,20,6
23,4,18,5
23,5,18,5
23,6,20,5
23,7,16,3
23,8,12,2
23,9,16,4
23,10,20,6
23,11,24,7
23,12,24,8
23,13,24,7
23,14,24,8
23,15,26,9
23,16,32,12
23,17,30,11
23,18,26,9
23,19,22,7
23,20,20,5
23,21,20,5
23,22,0,2
23,23,0,1
23,24,0,0
23,25,0,0
23,26,0,0
23,27,0,0
23,28,0,0
23,29,0,0
23,30,0,0
23,31,0,0
23,32,0,0
23,33,0,0
24,1,16,4
24,2,20,6
24,3,24,8
24,4,26,8
24,5,24,8
24,6,37,8
24,7,41,10
24,8,43,9
24,9,39,7
24,10,37,8
24,11,41,9
24,12,28,10
24,13,30,11
24,14,30,11
24,15,30,10
24,16,30,9
24,17,22,6
24,18,18,4
24,19,16,4
24,20,31,4
24,21,16,4
24,22,33,6
24,23,37,8
24,24,39,8
24,25,39,8
24,26,37,6
24,27,22,7
24,28,22,7
24,29,18,5
24,30,18,5
24,31,20,6
24,32,35,7
24,33,39,8
24,34,24,6
24,35,22,5
24,36,18,4
24,37,18,5
24,38,18,5
24,39,18,5
24,40,18,4
24,41,18,5
24,42,31,4
24,43,14,2
24,44,12,2
24,45,14,3
24,46,16,4
24,47,20,5
24,48,14,2
24,49,10,1
24,50,0,0
24,51,0,0
24,52,0,0
24,53,0,0
24,54,0,0
24,55,0,0
24,56,0,0
24,57,0,0
25,1,16,4
25,2,18,5
25,3,18,5
25,4,18,5
25,5,18,5
25,6,20,6
25,7,20,6
25,8,20,6
25,9,20,6
25,10,20,6
25,11,20,6
25,12,20,6
25,13,20,6
25,14,20,6
25,15,20,6
25,16,20,6
25,17,18,5
25,18,20,6
25,19,37,8
25,20,41,9
25,21,28,10
25,22,26,9
25,23,30,11
25,24,34,10
25,25,32,11
25,26,58,14
25,27,44,14
25,28,46,15
25,29,48,16
25,30,52,17
25,31,67,18
25,32,69,20
25,33,67,18
25,34,67,18
25,35,67,19
25,36,67,19
25,37,71,20
25,38,71,21
25,39,75,23
25,40,79,25
25,41,123,27
26,1,16,4
26,2,18,5
26,3,20,6
26,4,22,6
26,5,20,5
26,6,18,5
26,7,20,6
26,8,20,6
26,9,18,3
26,10,16,4
26,11,20,6
26,12,20,5
26,13,18,5
26,14,20,6
26,15,18,5
26,16,18,3
26,17,12,2
26,18,14,2
26,19,12,1
26,20,10,1
26,21,12,2
26,22,14,3
26,23,14,3
26,24,14,3
26,25,14,2
26,26,14,3
26,27,14,2
26,28,10,1
26,29,0,0
26,30,0,0
26,31,0,0
26,32,0,0
26,33,0,0
26,34,0,0
26,35,0,0
26,36,0,0
26,37,0,0
26,38,0,0
26,39,0,0
26,40,0,0
26,41,0,0
26,42,0,0
26,43,0,0
27,1,16,4
27,2,20,6
27,3,22,7
27,4,24,7
27,5,22,6
27,6,20,6
27,7,22,7
27,8,24,7
27,9,22,6
27,10,22,7
27,11,24,8
27,12,28,9
27,13,26,9
27,14,24,8
27,15,24,7
27,16,22,7
27,17,37,8
27,18,43,11
27,19,41,9
27,20,41,10
27,21,43,11
27,22,39,9
27,23,39,9
27,24,41,10
27,25,28,10
27,26,26,9
27,27,39,9
27,28,24,8
27,29,24,8
27,30,28,10
27,31,30,11
27,32,30,11
27,33,34,12
27,34,34,13
27,35,32,12
27,36,34,13
27,37,71,16
27,38,63,17
27,39,67,19
27,40,67,19
27,41,73,22
27,42,73,22
27,43,75,23
27,44,66,25
27,45,89,26
27,46,91,27
27,47,89,26
27,48,87,25
27,49,83,23
27,50,79,21
27,51,71,21
27,52,71,21
27,53,69,20
27,54,69,20
27,55,56,20
27,56,56,20
27,57,54,19
27,58,71,21
27,59,73,22
27,60,85,24
27,61,87,25
27,62,89,26
27,63,91,27
27,64,113,27
28,1,16,4
28,2,20,5
28,3,18,4
28,4,20,6
28,5,24,8
28,6,24,8
28,7,26,7
28,8,22,6
28,9,20,6
28,10,20,5
28,11,22,7
28,12,22,6
28,13,20,6
28,14,20,5
28,15,18,4
28,16,18,4
28,17,16,4
28,18,16,3
28,19,14,3
28,20,16,4
28,21,18,5
28,22,18,5
28,23,33,6
28,24,35,5
28,25,18,5
28,26,33,4
28,27,0,2
28,28,0,0
28,29,0,0
28,30,0,0
28,31,0,0
28,32,0,0
28,33,0,0
28,34,0,0
28,35,0,0
28,36,0,0
28,37,0,0
28,38,0,0
28,39,0,0
28,40,0,0
28,41,0,0
28,42,0,0
28,43,0,0
28,44,0,0
28,45,0,0
29,1,14,3
29,2,16,4
29,3,16,4
29,4,20,6
29,5,26,9
29,6,26,9
29,7,24,7
29,8,22,6
29,9,35,7
29,10,37,7
29,11,20,3
29,12,16,4
29,13,18,5
29,14,20,6
29,15,20,6
29,16,20,6
29,17,22,6
29,18,18,5
29,19,18,5
29,20,18,3
29,21,18,4
29,22,18,4
29,23,16,4
29,24,16,4
29,25,14,2
29,26,10,1
29,27,12,2
29,28,16,4
29,29,18,5
29,30,20,6
29,31,18,4
29,32,14,2
29,33,14,2
29,34,10,1
29,35,10,1
29,36,12,2
29,37,14,3
29,38,16,4
29,39,12,2
29,40,12,2
29,41,12,2
29,42,10,1
29,43,10,1
29,44,0,0
30,1,16,4
30,2,18,5
30,3,20,6
30,4,24,7
30,5,24,8
30,6,24,7
30,7,22,6
30,8,20,6
30,9,22,7
30,10,26,9
30,11,28,10
30,12,28,10
30,13,41,10
30,14,43,11
30,15,47,13
30,16,53,15
30,17,49,13
30,18,45,12
30,19,43,11
30,20,45,10
30,21,43,10
30,22,39,8
30,23,22,6
30,24,22,6
30,25,18,5
30,26,20,6
30,27,24,7
30,28,35,6
30,29,39,8
30,30,41,8
30,31,24,7
30,32,20,6
30,33,22,7
30,34,20,6
30,35,18,4
30,36,16,3
30,37,18,5
30,38,24,8
30,39,26,9
30,40,24,8
30,41,22,7
30,42,22,6
30,43,16,3
30,44,16,3
30,45,14,2
30,46,10,1
30,47,10,1
30,48,10,1
30,49,12,2
30,50,10,1
30,51,10,1
30,52,10,1
30,53,10,1
30,54,10,1
30,55,10,1
30,56,10,1
30,57,10,1
30,58,10,1
30,59,10,1
30,60,10,1
30,61,10,1
30,62,10,1
30,63,10,1
30,64,12,2
30,65,14,3
30,66,16,4
30,67,18,4
30,68,18,5
30,69,16,4
30,70,14,2
30,71,0,0
30,72,0,0
30,73,0,0
30,74,0,0
30,75,0,0
30,76,0,0
31,1,18,5
31,2,22,7
31,3,24,8
31,4,24,7
31,5,22,7
31,6,22,7
31,7,24,8
31,8,26,9
31,9,28,9
31,10,26,9
31,11,24,8
31,12,37,8
31,13,43,11
31,14,43,11
31,15,43,11
31,16,43,11
31,17,26,9
31,18,28,10
31,19,28,10
31,20,48,11
31,21,38,11
31,22,38,11
31,23,36,10
31,24,32,8
31,25,32,8
31,26,28,6
31,27,16,4
31,28,0,3
32,1,16,4
32,2,22,7
32,3,22,7
32,4,22,7
32,5,24,8
32,6,22,7
32,7,22,7
32,8,22,6
32,9,22,7
32,10,24,8
32,11,37,7
32,12,20,5
32,13,14,2
32,14,10,1
32,15,10,1
32,16,12,2
32,17,10,1
32,18,0,0
32,19,0,0
32,20,0,0
32,21,0,0
32,22,0,0
32,23,0,0
32,24,0,0
32,25,0,0
32,26,0,0
32,27,0,0
32,28,0,0
32,29,0,0
32,30,0,0
32,31,0,0
32,32,0,0
32,33,0,0
32,34,0,0
32,35,0,0
32,36,0,0
32,37,0,0
32,38,0,0
32,39,0,0
32,40,0,0
32,41,0,0
32,42,0,0
33,1,16,4
33,2,18,5
33,3,22,7
33,4,20,6
33,5,22,7
33,6,24,8
33,7,26,9
33,8,26,8
33,9,24,8
33,10,26,9
33,11,28,10
33,12,41,9
33,13,41,10
33,14,45,12
33,15,49,14
33,16,51,14
33,17,49,14
33,18,49,13
33,19,58,12
33,20,46,15
33,21,46,15
33,22,50,17
33,23,48,15
33,24,61,14
33,25,61,16
33,26,65,18
33,27,69,19
33,28,71,21
33,29,75,23
33,30,73,22
33,31,71,21
33,32,69,20
33,33,69,20
33,34,69,20
33,35,56,20
33,36,113,20
33,37,66,21
33,38,87,25
33,39,99,27
34,1,16,4
34,2,20,6
34,3,20,6
34,4,22,7
34,5,24,8
34,6,24,8
34,7,24,7
34,8,22,6
34,9,22,6
34,10,20,5
34,11,18,4
34,12,16,4
34,13,20,6
34,14,22,7
34,15,41,10
34,16,28,10
34,17,28,9
34,18,22,6
34,19,20,6
34,20,35,6
34,21,39,9
34,22,43,11
34,23,45,10
34,24,41,10
34,25,22,7
34,26,22,7
34,27,22,7
34,28,26,9
34,29,30,11
34,30,71,14
34,31,61,16
34,32,57,14
34,33,40,12
34,34,26,9
34,35,22,7
34,36,20,6
34,37,16,4
34,38,10,1
34,39,0,0
35,1,16,4
35,2,22,7
35,3,26,9
35,4,26,9
35,5,26,9
35,6,26,9
35,7,26,8
35,8,24,8
35,9,26,9
35,10,24,8
35,11,24,7
35,12,26,9
35,13,26,9
35,14,24,6
35,15,18,4
35,16,12,2
35,17,12,2
35,18,12,2
35,19,18,5
35,20,20,6
35,21,22,7
35,22,20,6
35,23,22,7
35,24,20,5
35,25,18,4
35,26,31,4
35,27,14,3
35,28,16,4
35,29,16,4
35,30,14,3
35,31,12,2
35,32,12,2
35,33,12,2
35,34,10,1
35,35,12,2
35,36,16,4
35,37,14,3
35,38,12,2
35,39,10,1
35,40,0,0
36,1,16,4
36,2,20,6
36,3,22,6
36,4,22,6
36,5,22,7
36,6,22,7
36,7,22,7
36,8,22,7
36,9,22,7
36,10,22,7
36,11,24,8
36,12,24,8
36,13,24,8
36,14,52,10
36,15,40,11
36,16,40,10
36,17,38,10
36,18,38,11
36,19,40,12
36,20,42,13
36,21,42,13
36,22,42,13
36,23,44,14
36,24,59,15
36,25,61,16
36,26,48,16
36,27,63,17
36,28,71,21
36,29,77,24
36,30,73,22
36,31,73,22
36,32,77,24
36,33,114,24
36,34,87,25
36,35,87,25
36,36,89,26
36,37,91,27
36,38,93,28
36,39,113,29
37,1,14,3
37,2,16,4
37,3,18,5
37,4,22,7
37,5,24,8
37,6,28,10
37,7,43,10
37,8,45,12
37,9,51,14
37,10,49,13
37,11,30,11
37,12,28,10
37,13,54,12
37,14,57,14
37,15,59,15
37,16,61,16
37,17,69,20
37,18,71,21
37,19,73,22
37,20,77,24
37,21,81,26
37,22,81,26
37,23,105,28
37,24,93,28
37,25,93,28
37,26,113,29
38,1,16,4
38,2,20,6
38,3,22,7
38,4,26,9
38,5,28,10
38,6,26,9
38,7,24,8
38,8,24,8
38,9,28,9
38,10,26,8
38,11,26,9
38,12,45,12
38,13,53,16
38,14,55,16
38,15,49,14
38,16,32,12
38,17,30,10
38,18,28,10
38,19,45,12
38,20,47,13
38,21,51,15
38,22,53,16
38,23,53,15
38,24,55,16
38,25,81,18
38,26,65,17
38,27,65,17
38,28,52,18
38,29,52,18
38,30,72,19
38,31,79,21
38,32,81,22
38,33,85,24
38,34,91,27
38,35,93,28
38,36,113,29
39,1,14,3
39,2,16,4
39,3,16,4
39,4,18,5
39,5,22,7
39,6,24,8
39,7,26,9
39,8,26,8
39,9,22,5
39,10,20,6
39,11,22,7
39,12,22,6
39,13,20,6
39,14,20,6
39,15,35,7
39,16,39,8
39,17,37,6
39,18,22,6
39,19,22,7
39,20,26,8
39,21,22,6
39,22,22,7
39,23,22,7
39,24,18,5
39,25,16,4
39,26,16,3
39,27,16,4
39,28,18,5
39,29,20,6
39,30,16,4
39,31,16,4
39,32,20,5
39,33,22,7
39,34,20,6
39,35,18,5
39,36,20,5
39,37,20,6
39,38,20,6
39,39,20,6
39,40,16,3
39,41,12,1
39,42,12,2
39,43,10,1
39,44,0,0
39,45,0,0
39,46,0,0
39,47,0,0
39,48,0,0
39,49,0,0
39,50,0,0
39,51,0,0
39,52,0,0
39,53,0,0
40,1,12,2
40,2,12,2
40,3,14,3
40,4,16,4
40,5,18,4
40,6,18,5
40,7,20,6
40,8,22,7
40,9,22,7
40,10,20,6
40,11,20,6
40,12,20,6
40,13,18,4
40,14,16,3
40,15,16,4
40,16,18,5
40,17,18,5
40,18,18,5
40,19,20,6
40,20,18,5
40,21,14,2
40,22,12,2
40,23,0,0
40,24,0,0
40,25,0,0
41,1,16,4
41,2,22,7
41,3,24,7
41,4,39,8
41,5,39,9
41,6,41,10
41,7,45,10
41,8,39,8
41,9,24,8
41,10,24,8
41,11,28,10
41,12,30,11
41,13,45,12
41,14,45,12
41,15,49,13
41,16,47,12
41,17,45,12
41,18,32,12
41,19,32,12
41,20,51,15
41,21,49,14
41,22,51,15
41,23,53,15
41,24,51,13
41,25,36,14
41,26,47,13
41,27,47,12
41,28,26,8
41,29,20,4
41,30,18,5
41,31,20,6
41,32,35,7
41,33,18,5
41,34,12,2
41,35,12,2
41,36,10,1
41,37,10,1
41,38,10,1
41,39,14,3
41,40,12,2
41,41,10,1
41,42,10,1
41,43,10,1
41,44,10,1
41,45,10,1
41,46,10,1
41,47,10,1
41,48,16,4
41,49,20,6
41,50,20,6
41,51,14,3
41,52,14,3
41,53,12,2
41,54,12,2
41,55,12,2
41,56,12,2
41,57,10,1
41,58,10,1
41,59,12,2
41,60,10,1
41,61,10,1
41,62,10,1
41,63,0,0
42,1,16,4
42,2,18,5
42,3,20,6
42,4,18,5
42,5,18,5
42,6,18,5
42,7,18,5
42,8,18,5
42,9,18,5
42,10,18,5
42,11,20,6
42,12,20,5
42,13,18,5
42,14,20,5
42,15,20,5
42,16,35,6
42,17,31,4
42,18,14,2
42,19,14,2
42,20,18,5
42,21,20,5
42,22,18,4
42,23,18,5
42,24,18,4
42,25,18,5
42,26,18,5
42,27,20,5
42,28,18,5
42,29,18,3
42,30,14,2
42,31,0,1
42,32,0,1
42,33,0,0
42,34,0,0
42,35,0,0
43,1,16,4
43,2,18,5
43,3,22,6
43,4,24,7
43,5,24,8
43,6,26,9
43,7,24,7
43,8,22,7
43,9,24,8
43,10,26,9
43,11,28,10
43,12,28,10
43,13,32,10
43,14,47,10
43,15,39,8
43,16,39,9
43,17,41,10
43,18,47,12
43,19,51,15
43,20,53,16
43,21,38,15
43,22,62,16
43,23,52,18
43,24,61,16
43,25,63,17
43,26,63,17
43,27,67,19
43,28,67,19
43,29,71,21
43,30,83,23
43,31,81,22
43,32,81,22
43,33,83,23
43,34,89,26
43,35,113,27
44,1,16,4
44,2,20,6
44,3,22,7
44,4,24,8
44,5,39,8
44,6,39,8
44,7,33,6
44,8,20,5
44,9,22,6
44,10,22,7
44,11,26,8
44,12,37,7
44,13,41,9
44,14,39,9
44,15,24,8
44,16,22,6
44,17,20,5
44,18,22,7
44,19,39,9
44,20,41,9
44,21,24,7
44,22,24,8
44,23,20,6
44,24,16,3
44,25,0,0
44,26,0,0
44,27,0,0
44,28,0,0
44,29,0,0
44,30,0,0
44,31,0,0
44,32,0,0
44,33,0,0
44,34,0,0
44,35,0,0
45,1,14,3
45,2,16,4
45,3,16,4
45,4,16,3
45,5,14,2
45,6,16,4
45,7,20,6
45,8,20,5
45,9,20,6
45,10,22,7
45,11,37,8
45,12,22,7
45,13,24,8
45,14,22,7
45,15,20,6
45,16,20,5
45,17,0,1
45,18,0,0
45,19,0,0
45,20,0,0
45,21,0,0
45,22,0,0
45,23,0,0
45,24,0,0
45,25,0,0
45,26,0,0
45,27,0,0
45,28,0,0
45,29,0,0
45,30,0,0
45,31,0,0
45,32,0,0
45,33,0,0
45,34,0,0
45,35,0,0
45,36,0,0
45,37,0,0
45,38,0,0
45,39,0,0
45,40,0,0
45,41,0,0
45,42,0,0
45,43,0,0
45,44,0,0
45,45,0,0
45,46,0,0
45,47,0,0
46,1,16,4
46,2,20,6
46,3,22,6
46,4,22,7
46,5,39,9
46,6,41,10
46,7,43,10
46,8,41,10
46,9,43,11
46,10,30,10
46,11,28,10
46,12,26,8
46,13,24,8
46,14,26,9
46,15,28,9
46,16,26,9
46,17,41,10
46,18,43,11
46,19,45,11
46,20,41,10
46,21,43,9
46,22,24,8
46,23,24,7
46,24,22,6
46,25,22,7
46,26,24,8
46,27,26,9
46,28,28,10
46,29,30,11
46,30,42,13
46,31,44,14
46,32,46,14
46,33,61,15
46,34,63,17
46,35,63,17
46,36,65,17
46,37,67,19
46,38,63,17
46,39,61,16
46,40,48,16
46,41,46,15
46,42,48,16
46,43,65,18
46,44,79,21
46,45,83,23
46,46,85,24
46,47,89,26
46,48,91,27
46,49,93,28
46,50,113,29
47,1,14,3
47,2,16,4
47,3,16,4
47,4,18,5
47,5,20,6
47,6,20,6
47,7,35,7
47,8,35,7
47,9,35,6
47,10,18,4
47,11,20,6
47,12,22,7
47,13,28,10
47,14,30,11
47,15,86,12
47,16,57,14
47,17,59,15
47,18,61,16
47,19,63,17
47,20,65,18
47,21,52,18
47,22,80,21
47,23,81,22
47,24,85,24
47,25,89,26
47,26,91,27
47,27,113,28
48,1,14,3
48,2,16,4
48,3,18,5
48,4,18,5
48,5,20,6
48,6,22,7
48,7,20,6
48,8,22,7
48,9,37,7
48,10,43,11
48,11,43,11
48,12,45,11
48,13,41,10
48,14,39,9
48,15,24,6
48,16,20,6
48,17,22,7
48,18,22,6
48,19,20,6
48,20,22,7
48,21,26,9
48,22,43,11
48,23,45,12
48,24,47,12
48,25,43,11
48,26,45,12
48,27,47,13
48,28,56,13
48,29,46,15
48,30,44,14
48,31,42,13
48,32,55,13
48,33,51,11
48,34,34,9
48,35,36,10
48,36,36,10
48,37,38,11
48,38,32,8
48,39,20,6
48,40,14,3
48,41,0,2
49,1,16,4
49,2,22,7
49,3,22,6
49,4,20,6
49,5,20,5
49,6,18,4
49,7,16,4
49,8,20,6
49,9,20,6
49,10,22,6
49,11,22,6
49,12,35,7
49,13,37,8
49,14,39,7
49,15,22,6
49,16,20,4
49,17,18,5
49,18,20,6
49,19,22,7
49,20,20,5
49,21,16,4
49,22,18,4
49,23,31,4
49,24,0,2
49,25,0,1
49,26,0,0
49,27,0,0
49,28,0,0
49,29,0,0
49,30,0,0
49,31,0,0
49,32,0,0
50,1,16,4
50,2,22,7
50,3,24,8
50,4,26,9
50,5,26,9
50,6,26,9
50,7,24,8
50,8,24,7
50,9,24,7
50,10,24,8
50,11,22,7
50,12,20,5
50,13,18,5
50,14,20,6
50,15,18,5
50,16,16,3
50,17,14,3
50,18,12,2
50,19,0,0
50,20,0,0
50,21,0,0
50,22,0,0
50,23,0,0
50,24,0,0
50,25,0,0
50,26,0,0
50,27,0,0
50,28,0,0
50,29,0,0
50,30,0,0
50,31,0,0
50,32,0,0
50,33,0,0
51,1,14,3
51,2,16,4
51,3,18,5
51,4,18,5
51,5,18,5
51,6,18,4
51,7,16,3
51,8,16,3
51,9,14,1
51,10,10,1
51,11,12,2
51,12,16,4
51,13,16,4
51,14,18,5
51,15,20,6
51,16,18,4
51,17,12,2
51,18,10,1
51,19,12,2
51,20,10,1
51,21,10,1
51,22,12,2
51,23,12,2
51,24,14,3
51,25,14,3
51,26,14,2
51,27,16,3
51,28,14,3
51,29,16,4
51,30,18,5
51,31,16,4
51,32,14,3
51,33,12,2
51,34,12,2
51,35,10,1
51,36,10,1
51,37,12,2
51,38,14,3
51,39,14,3
51,40,12,2
51,41,0,0
51,42,0,0
52,1,16,4
52,2,20,6
52,3,22,7
52,4,24,7
52,5,22,7
52,6,22,6
52,7,22,7
52,8,24,8
52,9,26,9
52,10,30,11
52,11,56,12
52,12,40,12
52,13,40,12
52,14,42,13
52,15,44,14
52,16,46,15
52,17,61,16
52,18,63,17
52,19,67,19
52,20,65,18
52,21,65,18
52,22,76,18
52,23,62,19
52,24,75,19
52,25,79,21
52,26,79,21
52,27,77,20
52,28,77,20
52,29,62,19
52,30,113,19
52,31,79,21
52,32,79,21
52,33,81,22
52,34,97,26
53,1,16,4
53,2,22,7
53,3,39,9
53,4,37,7
53,5,24,7
53,6,24,8
53,7,26,9
53,8,26,9
53,9,26,9
53,10,28,10
53,11,28,9
53,12,43,9
53,13,39,9
53,14,41,10
53,15,41,9
53,16,26,9
53,17,26,9
53,18,28,10
53,19,41,10
53,20,45,12
53,21,45,12
53,22,45,12
53,23,42,13
53,24,42,13
53,25,46,15
53,26,59,15
53,27,63,17
53,28,57,14
53,29,47,13
53,30,30,11
53,31,24,8
53,32,20,6
53,33,20,6
53,34,16,4
53,35,0,2
54,1,14,3
54,2,18,5
54,3,20,6
54,4,22,7
54,5,22,7
54,6,24,8
54,7,43,10
54,8,26,9
54,9,22,7
54,10,22,7
54,11,41,9
54,12,47,12
54,13,47,12
54,14,41,8
54,15,24,6
54,16,24,8
54,17,28,9
54,18,26,9
54,19,24,8
54,20,39,9
54,21,39,9
54,22,41,9
54,23,41,10
54,24,43,11
54,25,45,12
54,26,47,13
54,27,34,13
54,28,49,14
54,29,73,17
54,30,69,20
54,31,69,20
54,32,67,19
54,33,87,19
54,34,64,20
54,35,62,19
54,36,60,18
54,37,77,20
54,38,113,20
55,1,16,4
55,2,18,5
55,3,20,6
55,4,22,7
55,5,26,9
55,6,24,8
55,7,22,7
55,8,24,7
55,9,24,8
55,10,24,8
55,11,22,7
55,12,22,6
55,13,18,5
55,14,20,5
55,15,35,7
55,16,41,9
55,17,43,11
55,18,43,11
55,19,41,10
55,20,41,10
55,21,30,11
55,22,50,12
55,23,40,12
55,24,34,9
55,25,32,8
55,26,32,8
55,27,47,9
55,28,39,9
55,29,28,10
55,30,24,8
55,31,24,8
55,32,20,6
55,33,12,2
55,34,0,1
56,1,16,4
56,2,20,6
56,3,24,7
56,4,24,7
56,5,24,8
56,6,24,8
56,7,26,9
56,8,28,9
56,9,28,9
56,10,39,8
56,11,43,11
56,12,47,12
56,13,49,13
56,14,45,11
56,15,30,9
56,16,28,8
56,17,24,8
56,18,41,9
56,19,45,11
56,20,43,11
56,21,43,9
56,22,37,7
56,23,22,6
56,24,20,5
56,25,22,7
56,26,28,10
56,27,47,13
56,28,47,12
56,29,30,10
56,30,28,10
56,31,43,10
56,32,47,13
56,33,51,15
56,34,55,17
56,35,55,17
56,36,62,16
56,37,63,17
56,38,67,19
56,39,69,20
56,40,69,20
56,41,73,22
56,42,101,23
56,43,85,24
56,44,91,27
56,45,115,28
57,1,16,4
57,2,20,6
57,3,24,8
57,4,24,8
57,5,24,8
57,6,26,9
57,7,26,9
57,8,24,7
57,9,35,6
57,10,33,5
57,11,20,6
57,12,20,6
57,13,20,6
57,14,20,6
57,15,22,7
57,16,24,8
57,17,26,8
57,18,24,7
57,19,20,5
57,20,18,5
57,21,20,6
57,22,20,5
57,23,18,4
57,24,16,4
57,25,18,5
57,26,20,6
57,27,18,4
57,28,14,3
57,29,0,1
57,30,0,0
57,31,0,0
57,32,0,0
57,33,0,0
57,34,0,0
57,35,0,0
57,36,0,0
57,37,0,0
57,38,0,0
57,39,0,0
57,40,0,0
57,41,0,0
57,42,0,0
57,43,0,0
57,44,0,0
57,45,0,0
57,46,0,0
57,47,0,0
57,48,0,0
57,49,0,0
57,50,0,0
57,51,0,0
57,52,0,0
57,53,0,0
57,54,0,0
57,55,0,0
57,56,0,0
57,57,0,0
57,58,0,0
57,59,0,0
57,60,0,0
57,61,0,0
57,62,0,0
57,63,0,0
57,64,0,0
57,65,0,0
57,66,0,0
57,67,0,0
57,68,0,0
57,69,0,0
57,70,0,0
57,71,0,0
57,72,0,0
57,73,0,0
57,74,0,0
57,75,0,0
57,76,0,0
57,77,0,0
57,78,0,0
57,79,0,0
58,1,14,3
58,2,18,5
58,3,22,7
58,4,22,7
58,5,22,7
58,6,22,7
58,7,22,7
58,8,20,6
58,9,20,6
58,10,20,6
58,11,22,7
58,12,26,9
58,13,28,10
58,14,30,11
58,15,69,12
58,16,57,14
58,17,61,16
58,18,46,15
58,19,44,14
58,20,57,14
58,21,57,14
58,22,57,14
58,23,59,15
58,24,55,13
58,25,40,12
58,26,38,11
58,27,38,11
58,28,38,11
58,29,40,12
58,30,42,13
58,31,59,15
58,32,55,13
58,33,57,14
58,34,53,12
58,35,53,12
58,36,51,11
58,37,53,12
58,38,55,13
58,39,57,14
58,40,57,14
58,41,59,15
58,42,55,13
58,43,51,11
58,44,49,10
58,45,53,12
58,46,57,14
58,47,61,16
58,48,63,17
58,49,67,19
58,50,71,21
58,51,71,21
58,52,73,22
58,53,115,25
58,54,91,27
58,55,91,27
58,56,93,28
58,57,103,29
59,1,14,3
59,2,16,4
59,3,31,5
59,4,37,8
59,5,39,9
59,6,41,9
59,7,26,9
59,8,24,7
59,9,22,6
59,10,24,8
59,11,28,10
59,12,45,12
59,13,49,13
59,14,30,8
59,15,22,6
59,16,18,3
59,17,16,4
59,18,16,3
59,19,16,4
59,20,16,4
59,21,18,5
59,22,18,4
59,23,14,3
59,24,14,3
59,25,18,4
59,26,16,4
59,27,16,3
59,28,12,1
59,29,0,0
59,30,0,0
59,31,0,0
59,32,0,0
59,33,0,0
59,34,0,0
59,35,0,0
59,36,0,0
59,37,0,0
59,38,0,0
59,39,0,0
59,40,0,0
60,1,16,4
60,2,20,6
60,3,22,7
60,4,24,8
60,5,24,8
60,6,24,8
60,7,24,8
60,8,24,8
60,9,24,8
60,10,24,8
60,11,24,8
60,12,24,8
60,13,24,8
60,14,24,8
60,15,24,8
60,16,26,9
60,17,26,9
60,18,30,11
60,19,95,12
60,20,55,13
60,21,61,16
60,22,69,20
60,23,71,21
60,24,75,23
60,25,85,24
60,26,83,23
60,27,83,23
60,28,87,25
60,29,115,27
61,1,14,3
61,2,16,4
61,3,16,3
61,4,14,3
61,5,20,6
61,6,20,6
61,7,26,8
61,8,22,6
61,9,20,6
61,10,22,7
61,11,20,6
61,12,33,6
61,13,0,4
61,14,0,2
61,15,0,0
61,16,0,0
61,17,0,0
61,18,0,0
61,19,0,0
61,20,0,0
61,21,0,0
61,22,0,0
61,23,0,0
61,24,0,0
61,25,0,0
61,26,0,0
61,27,0,0
61,28,0,0
61,29,0,0
61,30,0,0
61,31,0,0
61,32,0,0
61,33,0,0
61,34,0,0
61,35,0,0
62,1,12,2
62,2,14,3
62,3,16,4
62,4,18,5
62,5,18,5
62,6,18,5
62,7,18,5
62,8,35,7
62,9,20,6
62,10,18,5
62,11,20,5
62,12,18,5
62,13,22,7
62,14,24,8
62,15,24,8
62,16,37,8
62,17,39,7
62,18,22,6
62,19,18,5
62,20,18,5
62,21,20,6
62,22,20,6
62,23,24,7
62,24,22,7
62,25,22,6
62,26,20,4
62,27,20,5
62,28,18,4
62,29,16,3
62,30,14,3
62,31,14,3
62,32,14,2
62,33,0,1
63,1,16,4
63,2,18,5
63,3,20,6
63,4,22,7
63,5,22,6
63,6,22,6
63,7,37,8
63,8,37,8
63,9,39,9
63,10,41,9
63,11,24,8
63,12,26,9
63,13,30,11
63,14,30,10
63,15,28,10
63,16,28,10
63,17,28,10
63,18,24,8
63,19,22,7
63,20,18,5
63,21,24,8
63,22,24,8
63,23,39,9
63,24,39,8
63,25,37,7
63,26,37,8
63,27,35,7
63,28,39,9
63,29,20,6
63,30,18,5
63,31,20,6
63,32,18,5
63,33,16,4
63,34,14,3
63,35,0,0
63,36,0,0
63,37,0,0
63,38,0,0
64,1,16,4
64,2,20,6
64,3,22,7
64,4,22,7
64,5,22,6
64,6,22,7
64,7,22,7
64,8,20,6
64,9,20,6
64,10,18,5
64,11,18,5
64,12,18,5
64,13,20,6
64,14,22,7
64,15,24,8
64,16,24,8
64,17,22,7
64,18,24,8
64,19,30,10
64,20,45,10
64,21,26,7
64,22,20,6
64,23,20,6
64,24,22,7
64,25,37,8
64,26,37,6
64,27,18,3
64,28,12,1
64,29,12,2
64,30,18,5
64,31,22,7
64,32,20,5
64,33,18,4
64,34,14,3
64,35,14,2
64,36,12,1
64,37,10,1
64,38,12,2
64,39,14,3
64,40,18,5
64,41,22,6
64,42,20,5
64,43,14,2
64,44,10,1
64,45,10,1
64,46,10,1
64,47,0,0
64,48,0,0
64,49,0,0
65,1,16,4
65,2,22,7
65,3,24,8
65,4,24,7
65,5,26,9
65,6,26,9
65,7,28,10
65,8,41,10
65,9,43,9
65,10,37,7
65,11,33,4
65,12,18,4
65,13,18,4
65,14,20,5
65,15,35,7
65,16,41,9
65,17,45,10
65,18,28,9
65,19,28,9
65,20,26,8
65,21,22,7
65,22,22,7
65,23,22,7
65,24,22,6
65,25,18,4
65,26,14,3
65,27,0,1
65,28,0,0
65,29,0,0
65,30,0,0
65,31,0,0
65,32,0,0
65,33,0,0
65,34,0,0
65,35,0,0
66,1,16,4
66,2,18,5
66,3,18,5
66,4,18,5
66,5,20,6
66,6,22,7
66,7,22,6
66,8,20,5
66,9,22,7
66,10,26,9
66,11,26,9
66,12,26,9
66,13,39,9
66,14,24,8
66,15,24,8
66,16,24,7
66,17,24,8
66,18,26,8
66,19,26,9
66,20,28,8
66,21,24,8
66,22,20,6
66,23,20,5
66,24,0,3
66,25,0,3
66,26,0,1
66,27,0,0
66,28,0,0
66,29,0,0
66,30,0,0
66,31,0,0
66,32,0,0
66,33,0,0
67,1,14,3
67,2,16,4
67,3,22,7
67,4,22,7
67,5,24,8
67,6,22,7
67,7,20,6
67,8,22,7
67,9,24,7
67,10,24,8
67,11,24,7
67,12,22,7
67,13,22,7
67,14,20,6
67,15,22,7
67,16,22,6
67,17,20,5
67,18,18,5
67,19,20,6
67,20,22,7
67,21,22,7
67,22,26,7
67,23,24,7
67,24,24,8
67,25,24,7
67,26,24,7
67,27,24,7
67,28,37,7
67,29,0,5
67,30,0,3
67,31,0,2
67,32,0,2
67,33,0,0
67,34,0,0
68,1,16,4
68,2,16,4
68,3,18,5
68,4,18,5
68,5,18,5
68,6,18,5
68,7,18,5
68,8,20,6
68,9,18,5
68,10,16,4
68,11,18,5
68,12,18,5
68,13,22,7
68,14,20,6
68,15,20,6
68,16,18,5
68,17,18,5
68,18,20,6
68,19,20,6
68,20,20,6
68,21,20,6
68,22,20,6
68,23,22,7
68,24,24,8
68,25,26,9
68,26,26,9
68,27,26,9
68,28,28,10
68,29,28,10
68,30,28,10
68,31,24,8
68,32,37,8
68,33,37,8
68,34,35,7
68,35,0,6
69,1,16,4
69,2,22,7
69,3,24,8
69,4,24,7
69,5,22,7
69,6,22,6
69,7,20,6
69,8,24,8
69,9,26,9
69,10,24,8
69,11,24,8
69,12,26,9
69,13,28,9
69,14,28,10
69,15,28,8
69,16,24,6
69,17,20,5
69,18,20,6
69,19,24,8
69,20,26,9
69,21,26,9
69,22,28,10
69,23,30,11
69,24,32,12
69,25,47,13
69,26,49,14
69,27,49,14
69,28,49,13
69,29,47,10
69,30,41,9
69,31,26,9
69,32,28,10
69,33,30,11
69,34,52,12
69,35,38,11
69,36,42,13
69,37,59,15
69,38,63,17
69,39,65,18
69,40,67,19
69,41,69,20
69,42,93,21
69,43,79,21
69,44,85,24
69,45,93,28
69,46,93,28
69,47,113,29
70,1,16,4
70,2,18,5
70,3,20,6
70,4,20,6
70,5,20,6
70,6,22,7
70,7,22,6
70,8,20,6
70,9,35,7
70,10,24,7
70,11,20,5
70,12,20,5
70,13,16,2
70,14,29,3
70,15,33,4
70,16,18,5
70,17,18,5
70,18,16,4
70,19,14,2
70,20,0,0
70,21,0,0
70,22,0,0
70,23,0,0
70,24,0,0
70,25,0,0
70,26,0,0
70,27,0,0
70,28,0,0
70,29,0,0
70,30,0,0
70,31,0,0
70,32,0,0
70,33,0,0
70,34,0,0
71,1,16,4
71,2,18,5
71,3,22,7
71,4,22,6
71,5,22,7
71,6,26,9
71,7,26,9
71,8,24,6
71,9,20,5
71,10,22,7
71,11,22,7
71,12,20,5
71,13,18,4
71,14,31,5
71,15,37,7
71,16,28,8
71,17,22,7
71,18,26,9
71,19,28,9
71,20,28,9
71,21,24,7
71,22,24,8
71,23,35,6
71,24,20,5
71,25,16,3
71,26,0,0
71,27,0,0
71,28,0,0
71,29,0,0
71,30,0,0
71,31,0,0
71,32,0,0
71,33,0,0
71,34,0,0
71,35,0,0
72,1,16,4
72,2,20,6
72,3,22,7
72,4,26,9
72,5,24,8
72,6,41,10
72,7,26,9
72,8,28,10
72,9,28,10
72,10,43,11
72,11,45,12
72,12,49,14
72,13,53,16
72,14,73,17
72,15,48,16
72,16,46,15
72,17,48,16
72,18,65,18
72,19,69,20
72,20,69,20
72,21,67,19
72,22,48,16
72,23,48,16
72,24,50,17
72,25,65,18
72,26,69,20
72,27,71,21
72,28,69,20
72,29,71,21
72,30,73,22
72,31,101,24
72,32,89,26
72,33,91,27
72,34,93,28
72,35,91,27
72,36,93,28
72,37,93,28
72,38,93,28
72,39,93,28
72,40,93,28
72,41,113,29
73,1,16,4
73,2,16,4
73,3,18,5
73,4,18,5
73,5,20,6
73,6,20,6
73,7,22,7
73,8,20,6
73,9,37,8
73,10,41,10
73,11,43,11
73,12,43,11
73,13,45,12
73,14,45,12
73,15,75,14
73,16,57,14
73,17,61,16
73,18,65,18
73,19,67,19
73,20,71,21
73,21,77,24
73,22,107,28
73,23,93,28
73,24,93,28
73,25,91,27
73,26,91,27
73,27,93,28
73,28,113,29
74,1,16,4
74,2,22,6
74,3,20,6
74,4,22,7
74,5,24,8
74,6,24,8
74,7,26,8
74,8,22,6
74,9,22,7
74,10,26,9
74,11,24,8
74,12,26,9
74,13,26,8
74,14,24,8
74,15,26,9
74,16,28,10
74,17,56,12
74,18,38,10
74,19,38,11
74,20,40,11
74,21,53,12
74,22,57,14
74,23,63,17
74,24,65,17
74,25,63,16
74,26,65,17
74,27,61,15
74,28,50,16
74,29,54,18
74,30,54,18
74,31,69,20
74,32,71,21
74,33,69,20
74,34,69,20
74,35,73,22
74,36,101,24
74,37,85,24
74,38,83,23
74,39,83,23
74,40,89,26
74,41,91,27
74,42,113,28
75,1,16,4
75,2,18,5
75,3,20,6
75,4,22,6
75,5,22,6
75,6,22,7
75,7,22,7
75,8,22,7
75,9,24,8
75,10,22,6
75,11,20,4
75,12,18,5
75,13,18,5
75,14,20,6
75,15,18,5
75,16,20,4
75,17,20,6
75,18,35,7
75,19,20,5
75,20,18,5
75,21,14,2
75,22,10,1
75,23,0,0
75,24,0,0
75,25,0,0
75,26,0,0
75,27,0,0
75,28,0,0
75,29,0,0
75,30,0,0
75,31,0,0
75,32,0,0
75,33,0,0
75,34,0,0
75,35,0,0
75,36,0,0
76,1,16,4
76,2,18,5
76,3,20,6
76,4,22,6
76,5,20,5
76,6,18,5
76,7,18,4
76,8,16,4
76,9,18,5
76,10,20,5
76,11,33,5
76,12,14,3
76,13,12,2
76,14,12,2
76,15,16,4
76,16,16,3
76,17,16,2
76,18,14,2
76,19,12,1
76,20,10,1
76,21,10,1
76,22,0,0
76,23,0,0
76,24,0,0
76,25,0,0
76,26,0,0
76,27,0,0
77,1,16,4
77,2,20,6
77,3,24,8
77,4,22,6
77,5,37,7
77,6,37,7
77,7,20,5
77,8,16,3
77,9,20,6
77,10,20,5
77,11,18,4
77,12,20,6
77,13,20,6
77,14,20,6
77,15,18,5
77,16,18,5
77,17,18,4
77,18,18,3
77,19,16,4
77,20,14,3
77,21,12,2
77,22,10,1
77,23,10,1
77,24,10,1
77,25,12,2
77,26,16,4
77,27,20,5
77,28,20,5
77,29,16,3
77,30,14,3
77,31,12,2
77,32,16,4
77,33,16,4
77,34,16,4
77,35,14,2
77,36,14,3
77,37,16,3
77,38,12,1
77,39,10,1
77,40,0,0
77,41,0,0
77,42,0,0
77,43,0,0
77,44,0,0
78,1,14,3
78,2,14,3
78,3,14,3
78,4,18,5
78,5,20,6
78,6,18,5
78,7,18,4
78,8,18,4
78,9,18,5
78,10,18,5
78,11,20,5
78,12,18,4
78,13,16,4
78,14,16,4
78,15,18,5
78,16,20,6
78,17,20,5
78,18,20,5
78,19,16,3
78,20,14,3
78,21,10,1
78,22,12,2
78,23,12,2
78,24,12,2
78,25,12,2
78,26,12,2
78,27,10,1
78,28,10,1
78,29,12,2
78,30,16,4
78,31,14,3
78,32,14,1
78,33,0,0
78,34,0,0
78,35,0,0
78,36,0,0
78,37,0,0
78,38,0,0
78,39,0,0
78,40,0,0
78,41,0,0
78,42,0,0
78,43,0,0
78,44,0,0
78,45,0,0
78,46,0,0
78,47,0,0
78,48,0,0
78,49,0,0
78,50,0,0
78,51,0,0
79,1,16,4
79,2,18,5
79,3,22,7
79,4,26,9
79,5,41,10
79,6,43,10
79,7,43,11
79,8,41,10
79,9,39,8
79,10,39,7
79,11,24,8
79,12,26,9
79,13,24,8
79,14,26,9
79,15,26,9
79,16,26,9
79,17,26,9
79,18,43,11
79,19,43,11
79,20,24,8
79,21,26,9
79,22,24,8
79,23,28,10
79,24,28,10
79,25,26,9
79,26,26,9
79,27,24,8
79,28,20,6
79,29,18,5
79,30,18,5
79,31,0,4
79,32,0,2
80,1,14,3
80,2,16,4
80,3,20,6
80,4,20,6
80,5,22,7
80,6,24,7
80,7,24,7
80,8,37,8
80,9,41,9
80,10,43,10
80,11,41,9
80,12,28,9
80,13,26,8
80,14,22,6
80,15,37,7
80,16,41,8
80,17,37,7
80,18,20,5
80,19,14,2
80,20,16,4
80,21,22,7
80,22,22,6
80,23,20,4
80,24,16,3
80,25,0,0
80,26,0,0
80,27,0,0
80,28,0,0
80,29,0,0
80,30,0,0
80,31,0,0
80,32,0,0
80,33,0,0
80,34,0,0
80,35,0,0
80,36,0,0
80,37,0,0
80,38,0,0
80,39,0,0
80,40,0,0
80,41,0,0
80,42,0,0
80,43,0,0
80,44,0,0
80,45,0,0
80,46,0,0
80,47,0,0
80,48,0,0
80,49,0,0
80,50,0,0
80,51,0,0
80,52,0,0
80,53,0,0
81,1,14,3
81,2,14,3
81,3,14,3
81,4,16,4
81,5,16,4
81,6,18,5
81,7,20,6
81,8,22,7
81,9,22,7
81,10,24,8
81,11,24,7
81,12,22,7
81,13,22,7
81,14,24,8
81,15,26,9
81,16,30,11
81,17,58,12
81,18,57,14
81,19,59,15
81,20,63,16
81,21,63,17
81,22,65,18
81,23,67,17
81,24,65,16
81,25,63,16
81,26,48,15
81,27,44,13
81,28,46,15
81,29,63,17
81,30,89,18
81,31,77,20
81,32,79,21
81,33,83,22
81,34,87,25
81,35,87,25
81,36,115,27
82,1,16,4
82,2,18,5
82,3,18,5
82,4,18,5
82,5,20,6
82,6,20,6
82,7,22,7
82,8,22,7
82,9,22,7
82,10,26,9
82,11,22,7
82,12,22,6
82,13,35,5
82,14,37,7
82,15,37,8
82,16,37,8
82,17,24,7
82,18,22,7
82,19,20,6
82,20,20,6
82,21,20,6
82,22,18,5
82,23,33,6
82,24,37,8
82,25,22,6
82,26,18,5
82,27,20,6
82,28,20,6
82,29,22,7
82,30,22,6
82,31,20,5
82,32,35,7
82,33,37,8
82,34,24,8
82,35,22,7
82,36,22,7
82,37,22,7
82,38,20,6
82,39,22,7
82,40,26,9
82,41,41,10
82,42,73,12
82,43,53,12
82,44,42,13
82,45,44,14
82,46,42,13
82,47,42,13
82,48,53,12
82,49,53,12
82,50,57,14
82,51,61,16
82,52,63,17
82,53,65,18
82,54,69,20
82,55,97,22
82,56,85,24
82,57,89,26
82,58,111,27
83,1,16,4
83,2,20,6
83,3,22,7
83,4,26,9
83,5,26,9
83,6,24,8
83,7,26,8
83,8,26,8
83,9,22,6
83,10,24,8
83,11,26,9
83,12,41,10
83,13,41,10
83,14,37,8
83,15,24,8
83,16,24,8
83,17,24,8
83,18,26,9
83,19,43,11
83,20,69,13
83,21,59,15
83,22,61,16
83,23,52,18
83,24,50,17
83,25,44,14
83,26,46,15
83,27,48,16
83,28,46,15
83,29,46,15
83,30,61,16
83,31,63,17
83,32,67,19
83,33,71,21
83,34,71,21
83,35,97,23
83,36,87,25
83,37,93,28
83,38,93,28
83,39,113,29
84,1,12,2
84,2,16,4
84,3,20,6
84,4,24,8
84,5,22,7
84,6,24,8
84,7,24,8
84,8,24,8
84,9,24,8
84,10,24,8
84,11,26,9
84,12,26,9
84,13,45,12
84,14,51,15
84,15,53,16
84,16,64,16
84,17,48,16
84,18,48,16
84,19,63,17
84,20,63,17
84,21,65,18
84,22,67,19
84,23,67,19
84,24,63,17
84,25,44,14
84,26,42,13
84,27,55,13
84,28,57,14
84,29,63,17
84,30,67,19
84,31,71,21
84,32,71,21
84,33,69,20
84,34,71,21
84,35,75,23
84,36,81,26
84,37,93,28
84,38,91,27
84,39,93,28
84,40,113,29
85,1,14,3
85,2,16,4
85,3,18,5
85,4,20,6
85,5,20,6
85,6,20,6
85,7,20,6
85,8,20,6
85,9,20,6
85,10,22,7
85,11,24,7
85,12,22,6
85,13,22,7
85,14,22,7
85,15,22,7
85,16,24,8
85,17,26,9
85,18,39,9
85,19,41,10
85,20,43,10
85,21,47,12
85,22,43,10
85,23,0,10
85,24,0,10
85,25,0,6
85,26,0,5
85,27,0,4
85,28,0,3
85,29,0,4
86,1,12,2
86,2,16,4
86,3,16,4
86,4,20,6
86,5,24,7
86,6,24,7
86,7,22,7
86,8,20,5
86,9,35,7
86,10,41,10
86,11,41,10
86,12,43,9
86,13,41,8
86,14,24,7
86,15,22,7
86,16,24,8
86,17,24,7
86,18,24,6
86,19,20,6
86,20,37,8
86,21,37,8
86,22,37,8
86,23,45,11
86,24,45,11
86,25,45,11
86,26,43,10
86,27,43,9
86,28,30,11
86,29,28,9
86,30,26,9
86,31,28,9
86,32,41,8
86,33,35,7
86,34,37,7
86,35,33,5
86,36,31,5
86,37,33,5
86,38,22,4
86,39,20,5
86,40,20,4
86,41,18,4
86,42,18,4
86,43,18,3
86,44,16,2
86,45,0,0
86,46,0,0
87,1,12,2
87,2,14,3
87,3,16,4
87,4,16,4
87,5,16,4
87,6,18,5
87,7,20,6
87,8,22,7
87,9,20,5
87,10,20,5
87,11,18,5
87,12,16,3
87,13,14,3
87,14,14,3
87,15,14,3
87,16,10,1
87,17,0,0
87,18,0,0
87,19,0,0
87,20,0,0
87,21,0,0
87,22,0,0
87,23,0,0
87,24,0,0
87,25,0,0
87,26,0,0
87,27,0,0
87,28,0,0
87,29,0,0
87,30,0,0
87,31,0,0
87,32,0,0
87,33,0,0
87,34,0,0
87,35,0,0
87,36,0,0
87,37,0,0
87,38,0,0
87,39,0,0
88,1,14,3
88,2,16,4
88,3,16,4
88,4,16,4
88,5,18,5
88,6,18,5
88,7,16,4
88,8,16,3
88,9,18,5
88,10,20,6
88,11,20,6
88,12,20,6
88,13,22,7
88,14,22,7
88,15,22,6
88,16,22,7
88,17,24,8
88,18,22,7
88,19,22,7
88,20,20,6
88,21,22,7
88,22,22,7
88,23,22,7
88,24,24,8
88,25,26,9
88,26,26,9
88,27,26,9
88,28,26,9
88,29,28,10
88,30,28,9
88,31,24,8
88,32,22,7
88,33,22,7
88,34,20,6
88,35,20,6
88,36,20,6
88,37,20,6
88,38,16,4
88,39,12,2
88,40,12,2
88,41,0,0
89,1,16,4
89,2,20,6
89,3,22,6
89,4,22,7
89,5,24,8
89,6,26,9
89,7,26,9
89,8,24,7
89,9,22,6
89,10,20,5
89,11,20,6
89,12,18,5
89,13,16,4
89,14,14,3
89,15,14,3
89,16,12,1
89,17,10,1
89,18,12,2
89,19,18,5
89,20,20,6
89,21,20,6
89,22,22,6
89,23,18,4
89,24,29,4
89,25,0,2
89,26,0,2
89,27,0,1
89,28,0,0
89,29,0,0
89,30,0,0
89,31,0,0
89,32,0,0
89,33,0,0
89,34,0,0
89,35,0,0
90,1,14,3
90,2,16,4
90,3,18,5
90,4,18,4
90,5,18,5
90,6,18,4
90,7,16,4
90,8,16,4
90,9,16,3
90,10,16,4
90,11,16,4
90,12,20,5
90,13,18,4
90,14,18,5
90,15,16,4
90,16,18,5
90,17,16,4
90,18,16,3
90,19,14,3
90,20,14,3
90,21,16,4
90,22,18,5
90,23,18,4
90,24,16,4
90,25,16,4
90,26,18,4
90,27,20,6
90,28,22,7
90,29,24,7
90,30,20,6
90,31,18,5
90,32,20,6
90,33,35,6
90,34,35,6
90,35,18,5
90,36,16,4
90,37,16,4
90,38,16,4
90,39,16,4
90,40,20,6
90,41,22,7
90,42,22,7
90,43,22,6
90,44,20,6
90,45,20,5
90,46,18,4
90,47,14,3
90,48,0,1
90,49,0,0
90,50,0,0
90,51,0,0
90,52,0,0
90,53,0,0
90,54,0,0
91,1,14,3
91,2,16,4
91,3,20,6
91,4,24,7
91,5,24,7
91,6,22,7
91,7,22,7
91,8,22,7
91,9,24,8
91,10,24,8
91,11,20,6
91,12,18,5
91,13,20,5
91,14,20,6
91,15,22,6
91,16,37,7
91,17,41,10
91,18,41,10
91,19,41,10
91,20,24,8
91,21,22,7
91,22,22,7
91,23,24,8
91,24,26,9
91,25,71,12
91,26,36,10
91,27,36,10
91,28,34,9
91,29,38,11
91,30,42,13
91,31,44,14
91,32,42,13
91,33,42,13
91,34,40,12
91,35,36,10
91,36,32,8
91,37,18,5
91,38,18,5
91,39,14,3
91,40,10,1
91,41,10,1
91,42,10,1
91,43,10,1
91,44,12,2
91,45,14,3
91,46,12,2
91,47,10,1
91,48,0,0
92,1,16,4
92,2,20,6
92,3,22,7
92,4,24,8
92,5,26,9
92,6,28,10
92,7,43,11
92,8,43,10
92,9,43,10
92,10,43,10
92,11,41,9
92,12,26,8
92,13,28,10
92,14,34,13
92,15,51,14
92,16,51,14
92,17,49,12
92,18,43,11
92,19,41,9
92,20,39,8
92,21,24,8
92,22,24,8
92,23,26,9
92,24,32,12
92,25,47,12
92,26,45,10
92,27,41,10
92,28,43,11
92,29,47,13
92,30,45,12
92,31,47,13
92,32,51,15
92,33,60,17
92,34,46,15
92,35,46,15
92,36,46,15
92,37,63,17
92,38,63,17
92,39,65,18
92,40,61,16
92,41,59,15
92,42,57,14
92,43,44,14
92,44,40,12
92,45,55,13
92,46,57,14
92,47,63,17
92,48,63,17
92,49,67,19
92,50,67,19
92,51,69,20
92,52,73,22
92,53,93,21
92,54,66,21
92,55,66,21
92,56,85,24
92,57,91,27
92,58,93,28
92,59,113,29
93,1,12,2
93,2,14,3
93,3,16,4
93,4,18,5
93,5,22,7
93,6,24,8
93,7,24,8
93,8,26,8
93,9,24,7
93,10,22,6
93,11,20,5
93,12,18,2
93,13,12,2
93,14,12,2
93,15,14,3
93,16,18,5
93,17,18,5
93,18,20,6
93,19,18,4
93,20,18,3
93,21,16,4
93,22,14,2
93,23,12,2
93,24,12,1
93,25,10,1
93,26,12,2
93,27,14,3
93,28,14,3
93,29,14,2
93,30,12,2
93,31,12,1
93,32,12,1
93,33,10,1
93,34,12,1
93,35,10,1
93,36,14,2
93,37,16,4
93,38,18,5
93,39,20,5
93,40,20,4
93,41,16,2
93,42,16,3
93,43,18,4
93,44,0,2
93,45,0,1
94,1,16,4
94,2,18,5
94,3,20,6
94,4,20,6
94,5,22,7
94,6,22,7
94,7,20,6
94,8,18,5
94,9,18,5
94,10,18,5
94,11,20,6
94,12,22,7
94,13,26,9
94,14,28,10
94,15,28,10
94,16,28,10
94,17,28,10
94,18,28,10
94,19,30,10
94,20,28,10
94,21,28,10
94,22,43,11
94,23,51,15
94,24,51,14
94,25,43,11
94,26,39,9
94,27,22,7
94,28,20,6
94,29,18,5
94,30,16,4
94,31,12,2
94,32,0,0
94,33,0,0
94,34,0,0
94,35,0,0
94,36,0,0
95,1,16,4
95,2,20,6
95,3,24,8
95,4,24,8
95,5,28,9
95,6,26,8
95,7,26,9
95,8,28,10
95,9,43,11
95,10,47,13
95,11,49,14
95,12,47,12
95,13,45,11
95,14,28,10
95,15,26,9
95,16,26,9
95,17,26,8
95,18,28,10
95,19,69,13
95,20,55,13
95,21,57,14
95,22,42,13
95,23,46,15
95,24,46,15
95,25,70,18
95,26,79,21
95,27,83,23
95,28,83,23
95,29,85,24
95,30,113,22
95,31,79,21
95,32,64,20
95,33,81,22
95,34,87,25
95,35,93,28
95,36,103,29
96,1,16,4
96,2,20,6
96,3,22,6
96,4,22,7
96,5,24,8
96,6,39,9
96,7,41,10
96,8,45,12
96,9,47,11
96,10,43,10
96,11,28,10
96,12,28,10
96,13,28,10
96,14,28,10
96,15,26,9
96,16,43,11
96,17,47,12
96,18,47,12
96,19,43,11
96,20,45,12
96,21,43,10
96,22,24,7
96,23,24,8
96,24,28,10
96,25,36,14
96,26,38,14
96,27,36,12
96,28,34,12
96,29,43,11
96,30,47,13
96,31,47,13
96,32,49,14
96,33,47,13
96,34,47,13
96,35,47,12
96,36,45,11
96,37,30,11
96,38,30,11
96,39,49,14
96,40,48,15
96,41,46,15
96,42,61,15
96,43,61,16
96,44,65,16
96,45,65,17
96,46,63,17
96,47,63,16
96,48,48,15
96,49,48,16
96,50,61,16
96,51,63,17
96,52,65,18
96,53,65,18
96,54,67,19
96,55,117,21
96,56,81,22
96,57,85,24
96,58,74,25
96,59,99,27
97,1,14,3
97,2,18,5
97,3,22,7
97,4,22,7
97,5,22,7
97,6,22,7
97,7,22,6
97,8,24,7
97,9,22,7
97,10,35,7
97,11,37,8
97,12,35,6
97,13,31,5
97,14,18,5
97,15,18,5
97,16,20,6
97,17,18,5
97,18,18,4
97,19,20,6
97,20,24,8
97,21,22,6
97,22,18,5
97,23,16,4
97,24,18,5
97,25,22,6
97,26,22,7
97,27,35,6
97,28,35,7
97,29,31,5
97,30,18,4
97,31,10,1
97,32,14,3
97,33,14,3
97,34,14,1
97,35,10,1
97,36,12,2
97,37,10,1
97,38,10,1
97,39,14,3
97,40,16,3
97,41,12,1
97,42,10,1
97,43,10,1
97,44,10,1
97,45,0,0
97,46,0,0
97,47,0,0
97,48,0,0
97,49,0,0
97,50,0,0
98,1,16,4
98,2,22,7
98,3,24,7
98,4,24,7
98,5,22,7
98,6,24,7
98,7,22,7
98,8,24,8
98,9,22,7
98,10,22,7
98,11,26,9
98,12,43,11
98,13,45,11
98,14,49,13
98,15,49,12
98,16,45,11
98,17,41,9
98,18,28,10
98,19,28,10
98,20,30,11
98,21,56,12
98,22,55,12
98,23,59,15
98,24,65,18
98,25,69,19
98,26,69,19
98,27,95,19
98,28,68,22
98,29,94,24
99,1,16,4
99,2,20,6
99,3,20,6
99,4,20,6
99,5,20,6
99,6,24,8
99,7,24,8
99,8,24,8
99,9,24,8
99,10,26,9
99,11,26,9
99,12,26,9
99,13,26,9
99,14,26,9
99,15,26,9
99,16,28,10
99,17,30,11
99,18,32,12
99,19,54,13
99,20,42,13
99,21,44,14
99,22,44,14
99,23,44,14
99,24,44,14
99,25,59,15
99,26,61,16
99,27,63,17
99,28,65,18
99,29,63,17
99,30,61,16
99,31,48,16
99,32,42,13
99,33,42,13
99,34,40,12
99,35,38,11
99,36,40,12
99,37,55,13
99,38,57,14
99,39,63,17
99,40,63,17
99,41,50,17
99,42,48,16
99,43,50,17
99,44,52,18
99,45,52,18
99,46,67,19
99,47,71,21
99,48,75,23
99,49,115,25
99,50,89,26
99,51,99,27
100,1,16,4
100,2,16,4
100,3,22,7
100,4,24,7
100,5,22,7
100,6,37,8
100,7,41,10
100,8,45,12
100,9,45,11
100,10,30,11
100,11,30,11
100,12,58,13
100,13,46,15
100,14,61,16
100,15,65,18
100,16,71,21
100,17,71,21
100,18,71,21
100,19,69,20
100,20,69,20
100,21,71,21
100,22,65,18
100,23,65,18
100,24,71,21
100,25,71,21
100,26,71,21
100,27,79,25
100,28,101,26
100,29,115,29
101,1,16,4
101,2,18,5
101,3,22,7
101,4,24,8
101,5,26,9
101,6,28,10
101,7,28,9
101,8,26,7
101,9,22,6
101,10,22,6
101,11,22,7
101,12,22,7
101,13,26,9
101,14,22,6
101,15,18,4
101,16,18,5
101,17,20,6
101,18,24,8
101,19,26,9
101,20,26,9
101,21,28,10
101,22,26,9
101,23,26,9
101,24,22,7
101,25,20,6
101,26,18,5
101,27,18,5
101,28,14,3
101,29,0,2
101,30,0,1
101,31,0,0
101,32,0,0
101,33,0,0
102,1,12,2
102,2,16,4
102,3,16,4
102,4,20,6
102,5,18,4
102,6,16,3
102,7,16,4
102,8,14,3
102,9,16,4
102,10,18,4
102,11,16,3
102,12,14,3
102,13,16,4
102,14,18,5
102,15,18,4
102,16,18,4
102,17,18,4
102,18,16,3
102,19,14,3
102,20,16,4
102,21,14,3
102,22,14,3
102,23,14,3
102,24,12,2
102,25,0,0
102,26,0,0
102,27,0,0
102,28,0,0
102,29,0,0
102,30,0,0
102,31,0,0
102,32,0,0
102,33,0,0
102,34,0,0
102,35,0,0
103,1,12,2
103,2,12,2
103,3,12,2
103,4,14,3
103,5,14,3
103,6,14,3
103,7,16,4
103,8,22,7
103,9,24,8
103,10,26,9
103,11,28,9
103,12,24,8
103,13,22,6
103,14,18,4
103,15,0,2
103,16,0,2
103,17,0,0
103,18,0,0
103,19,0,0
103,20,0,0
103,21,0,0
103,22,0,0
103,23,0,0
103,24,0,0
103,25,0,0
103,26,0,0
103,27,0,0
103,28,0,0
103,29,0,0
103,30,0,0
103,31,0,0
103,32,0,0
103,33,0,0
103,34,0,0
103,35,0,0
103,36,0,0
103,37,0,0
103,38,0,0
103,39,0,0
103,40,0,0
103,41,0,0
104,1,16,4
104,2,20,6
104,3,24,7
104,4,22,6
104,5,20,6
104,6,20,6
104,7,22,7
104,8,24,8
104,9,26,8
104,10,24,7
104,11,24,8
104,12,26,8
104,13,54,11
104,14,40,12
104,15,40,12
104,16,57,14
104,17,61,15
104,18,61,14
104,19,59,15
104,20,63,17
104,21,69,19
104,22,69,20
104,23,71,21
104,24,73,21
104,25,77,23
104,26,75,22
104,27,95,24
104,28,85,24
104,29,89,26
104,30,91,27
104,31,115,29
105,1,16,4
105,2,20,6
105,3,20,5
105,4,18,4
105,5,18,5
105,6,22,6
105,7,22,7
105,8,39,9
105,9,41,9
105,10,24,7
105,11,22,7
105,12,22,7
105,13,20,6
105,14,18,5
105,15,22,6
105,16,22,7
105,17,26,8
105,18,22,6
105,19,22,6
105,20,22,7
105,21,22,7
105,22,24,7
105,23,22,6
105,24,22,7
105,25,22,6
105,26,20,6
105,27,37,8
105,28,41,9
105,29,22,6
105,30,24,8
105,31,26,8
105,32,24,7
105,33,24,7
105,34,24,8
105,35,26,9
105,36,24,8
105,37,24,8
105,38,18,5
105,39,22,6
105,40,24,7
105,41,39,9
105,42,45,12
105,43,43,11
105,44,28,9
105,45,28,10
105,46,30,10
105,47,26,8
105,48,24,8
105,49,26,9
105,50,43,11
105,51,45,12
105,52,45,12
105,53,41,10
105,54,39,9
105,55,22,7
105,56,22,7
105,57,24,8
105,58,20,6
105,59,18,5
105,60,18,5
105,61,14,3
105,62,10,1
105,63,10,1
105,64,12,2
105,65,14,3
105,66,18,5
105,67,20,6
105,68,0,5
106,1,16,4
106,2,18,5
106,3,20,5
106,4,22,6
106,5,22,7
106,6,37,8
106,7,41,10
106,8,41,10
106,9,43,11
106,10,24,6
106,11,22,6
106,12,22,7
106,13,22,7
106,14,22,7
106,15,20,6
106,16,20,6
106,17,20,5
106,18,22,6
106,19,20,5
106,20,20,6
106,21,20,6
106,22,20,6
106,23,18,5
106,24,18,5
106,25,18,4
106,26,20,6
106,27,39,9
106,28,43,10
106,29,43,10
106,30,41,8
106,31,24,7
106,32,24,8
106,33,26,9
106,34,75,10
106,35,40,12
106,36,55,12
106,37,57,14
106,38,63,17
106,39,63,17
106,40,67,18
106,41,67,18
106,42,69,20
106,43,75,22
106,44,75,22
106,45,75,23
106,46,77,24
106,47,75,23
106,48,79,24
106,49,118,26
106,50,87,25
106,51,83,23
106,52,85,24
106,53,87,25
106,54,91,27
106,55,93,28
106,56,113,29
107,1,16,4
107,2,20,6
107,3,24,8
107,4,22,7
107,5,22,6
107,6,20,6
107,7,18,5
107,8,20,6
107,9,35,7
107,10,41,9
107,11,26,8
107,12,24,7
107,13,39,9
107,14,24,7
107,15,20,5
107,16,14,3
107,17,10,1
107,18,10,1
107,19,0,0
107,20,0,0
107,21,0,0
107,22,0,0
107,23,0,0
107,24,0,0
107,25,0,0
107,26,0,0
107,27,0,0
107,28,0,0
108,1,14,3
108,2,16,4
108,3,18,5
108,4,20,6
108,5,20,6
108,6,20,6
108,7,22,7
108,8,24,8
108,9,24,8
108,10,26,9
108,11,28,9
108,12,26,8
108,13,26,8
108,14,26,8
108,15,39,8
108,16,37,8
108,17,39,9
108,18,39,9
108,19,37,7
108,20,35,7
108,21,18,4
108,22,18,5
108,23,20,6
108,24,24,8
108,25,24,7
108,26,24,7
108,27,20,5
108,28,31,4
108,29,33,5
108,30,35,6
108,31,35,7
108,32,33,6
108,33,35,7
108,34,39,8
108,35,37,7
108,36,35,7
108,37,37,7
108,38,39,9
108,39,41,9
108,40,41,9
108,41,26,8
108,42,24,8
108,43,28,10
108,44,30,11
108,45,62,13
108,46,59,15
108,47,57,14
108,48,57,14
108,49,57,14
108,50,59,15
108,51,48,16
108,52,44,14
108,53,46,15
108,54,44,14
108,55,40,12
108,56,38,11
108,57,40,12
108,58,57,14
108,59,59,15
108,60,55,13
108,61,0,12
108,62,0,11
108,63,0,10
108,64,0,6
108,65,0,2
109,1,14,3
109,2,16,4
109,3,16,4
109,4,18,5
109,5,22,7
109,6,26,9
109,7,26,8
109,8,26,8
109,9,41,10
109,10,43,11
109,11,32,11
109,12,28,10
109,13,26,9
109,14,26,9
109,15,24,8
109,16,24,8
109,17,26,9
109,18,24,8
109,19,22,7
109,20,22,7
109,21,22,7
109,22,22,7
109,23,22,7
109,24,22,7
109,25,20,6
109,26,22,7
109,27,30,7
109,28,0,6
109,29,0,6
109,30,0,5
109,31,0,5
109,32,0,3
109,33,0,2
110,1,16,4
110,2,16,4
110,3,20,6
110,4,22,6
110,5,22,7
110,6,26,9
110,7,26,9
110,8,26,9
110,9,26,9
110,10,26,9
110,11,26,9
110,12,26,9
110,13,26,9
110,14,26,9
110,15,26,9
110,16,26,9
110,17,26,9
110,18,26,9
110,19,26,9
110,20,26,9
110,21,26,9
110,22,26,9
110,23,26,9
110,24,26,9
110,25,26,9
110,26,26,9
110,27,26,9
110,28,26,9
110,29,26,9
110,30,26,9
110,31,26,9
110,32,24,8
110,33,22,7
110,34,18,5
110,35,18,5
110,36,18,5
110,37,18,5
110,38,20,6
110,39,20,6
110,40,18,5
110,41,16,4
110,42,18,5
110,43,18,5
110,44,16,4
110,45,27,3
110,46,33,6
110,47,33,6
110,48,18,5
110,49,18,5
110,50,18,5
110,51,16,4
110,52,18,5
110,53,16,4
110,54,18,5
110,55,18,5
110,56,18,5
110,57,22,7
110,58,35,7
110,59,18,5
110,60,16,4
110,61,14,3
110,62,14,3
110,63,12,2
110,64,14,3
110,65,14,3
110,66,12,2
110,67,12,2
110,68,10,1
110,69,0,0
111,1,12,2
111,2,12,2
111,3,14,3
111,4,16,4
111,5,18,5
111,6,18,5
111,7,18,5
111,8,20,6
111,9,20,6
111,10,18,5
111,11,18,5
111,12,18,5
111,13,18,5
111,14,18,5
111,15,20,6
111,16,20,6
111,17,20,6
111,18,26,9
111,19,24,8
111,20,24,8
111,21,24,8
111,22,24,8
111,23,26,9
111,24,28,9
111,25,28,10
111,26,43,11
111,27,47,13
111,28,47,11
111,29,41,8
111,30,35,5
111,31,16,4
111,32,16,3
111,33,14,3
111,34,10,1
111,35,0,0
111,36,0,0
111,37,0,0
111,38,0,0
111,39,0,0
112,1,16,4
112,2,22,7
112,3,20,6
112,4,22,7
112,5,22,7
112,6,22,7
112,7,22,7
112,8,22,7
112,9,22,7
112,10,22,7
112,11,24,8
112,12,24,7
112,13,22,6
112,14,22,7
112,15,24,8
112,16,22,7
112,17,20,6
112,18,18,5
112,19,20,6
112,20,20,6
112,21,22,7
112,22,26,9
112,23,43,11
112,24,45,12
112,25,28,10
112,26,24,8
112,27,22,7
112,28,18,5
112,29,14,3
112,30,0,0
113,1,16,4
113,2,18,5
113,3,18,5
113,4,18,5
113,5,18,5
113,6,18,5
113,7,20,6
113,8,20,6
113,9,20,6
113,10,22,7
113,11,37,8
113,12,22,7
113,13,20,6
113,14,22,7
113,15,22,6
113,16,18,4
113,17,18,5
113,18,20,5
113,19,20,6
113,20,24,8
113,21,24,8
113,22,22,7
113,23,20,6
113,24,31,5
113,25,29,4
113,26,12,2
113,27,10,1
113,28,10,1
113,29,10,1
113,30,10,1
113,31,0,0
113,32,0,0
113,33,0,0
113,34,0,0
113,35,0,0
113,36,0,0
113,37,0,0
113,38,0,0
113,39,0,0
113,40,0,0
113,41,0,0
114,1,14,3
114,2,16,4
114,3,18,5
114,4,18,4
114,5,16,3
114,6,14,3
114,7,16,4
114,8,18,4
114,9,16,3
114,10,14,3
114,11,14,3
114,12,18,5
114,13,20,6
114,14,22,7
114,15,20,6
114,16,18,4
114,17,14,2
114,18,12,2
114,19,12,2
114,20,12,2
114,21,12,2
114,22,14,2
114,23,12,1
114,24,0,0
114,25,0,0
114,26,0,0
114,27,0,0
114,28,0,0
114,29,0,0
114,30,0,0
114,31,0,0
114,32,0,0
114,33,0,0
114,34,0,0
115,1,16,4
115,2,18,5
115,3,20,6
115,4,20,6
115,5,18,5
115,6,16,4
115,7,18,5
115,8,18,5
115,9,18,5
115,10,18,5
115,11,18,4
115,12,16,4
115,13,18,5
115,14,18,5
115,15,14,3
115,16,16,4
115,17,18,5
115,18,18,4
115,19,16,4
115,20,18,4
115,21,18,5
115,22,20,6
115,23,18,5
115,24,16,4
115,25,16,4
115,26,16,4
115,27,14,2
115,28,14,3
115,29,18,5
115,30,20,6
115,31,18,5
115,32,16,4
115,33,18,4
115,34,16,3
115,35,14,3
115,36,18,5
115,37,20,6
115,38,20,6
115,39,20,6
115,40,18,4
115,41,16,3
115,42,16,4
115,43,20,6
115,44,20,6
115,45,18,5
115,46,20,6
115,47,20,5
115,48,16,3
115,49,14,3
115,50,16,4
115,51,18,4
115,52,18,5
115,53,20,6
115,54,18,5
115,55,18,5
115,56,18,5
115,57,20,6
115,58,20,5
115,59,20,6
115,60,20,6
115,61,20,6
115,62,18,5
115,63,22,7
115,64,39,9
115,65,39,9
115,66,39,9
115,67,28,10
115,68,24,8
115,69,20,6
115,70,18,5
115,71,12,2
115,72,0,1
116,1,16,4
116,2,22,7
116,3,24,8
116,4,24,8
116,5,26,9
116,6,26,9
116,7,26,9
116,8,26,9
116,9,26,9
116,10,26,9
116,11,26,9
116,12,26,9
116,13,26,8
116,14,24,7
116,15,22,7
116,16,26,9
116,17,26,9
116,18,24,8
116,19,24,7
116,20,22,7
116,21,24,7
116,22,37,8
116,23,41,10
116,24,43,10
116,25,41,8
116,26,0,6
116,27,0,6
116,28,0,5
116,29,0,5
116,30,0,4
116,31,0,3
116,32,0,2
116,33,0,1
116,34,0,1
116,35,0,1
116,36,0,0
116,37,0,0
116,38,0,0
116,39,0,0
117,1,14,3
117,2,16,4
117,3,18,5
117,4,18,5
117,5,18,5
117,6,18,5
117,7,18,5
117,8,18,5
117,9,18,4
117,10,18,5
117,11,22,7
117,12,24,8
117,13,26,8
117,14,28,9
117,15,45,12
117,16,47,13
117,17,51,15
117,18,47,13
117,19,49,13
117,20,47,12
117,21,43,10
117,22,26,8
117,23,26,9
117,24,30,11
117,25,32,12
117,26,32,9
117,27,30,10
117,28,30,10
117,29,26,9
117,30,24,7
117,31,22,6
117,32,22,7
117,33,22,7
117,34,37,8
117,35,35,7
117,36,33,6
117,37,18,5
117,38,14,3
117,39,10,1
117,40,10,1
117,41,12,2
117,42,16,4
117,43,18,5
117,44,20,6
117,45,16,4
117,46,14,3
117,47,12,2
117,48,0,1
118,1,14,3
118,2,14,3
118,3,18,5
118,4,20,6
118,5,22,7
118,6,20,6
118,7,20,6
118,8,20,6
118,9,22,7
118,10,22,7
118,11,22,7
118,12,20,5
118,13,18,5
118,14,18,4
118,15,14,3
118,16,10,1
118,17,12,2
118,18,16,4
118,19,18,5
118,20,20,6
118,21,18,4
118,22,16,4
118,23,16,4
118,24,14,2
118,25,10,1
118,26,10,1
118,27,10,1
118,28,12,1
118,29,10,1
118,30,10,1
118,31,10,1
118,32,10,1
118,33,10,1
118,34,12,2
118,35,12,2
118,36,12,2
118,37,12,2
118,38,10,1
118,39,10,1
118,40,10,1
118,41,12,1
118,42,0,0
118,43,0,0
118,44,0,0
118,45,0,0
118,46,0,0
118,47,0,0
118,48,0,0
118,49,0,0
118,50,0,0
118,51,0,0
118,52,0,0
118,53,0,0
119,1,16,4
119,2,20,6
119,3,22,7
119,4,24,8
119,5,22,7
119,6,22,5
119,7,20,6
119,8,22,7
119,9,24,7
119,10,20,5
119,11,20,6
119,12,20,6
119,13,18,4
119,14,0,2
119,15,0,1
119,16,0,0
119,17,0,0
119,18,0,0
119,19,0,0
119,20,0,0
119,21,0,0
119,22,0,0
119,23,0,0
119,24,0,0
119,25,0,0
119,26,0,0
119,27,0,0
119,28,0,0
119,29,0,0
119,30,0,0
119,31,0,0
119,32,0,0
119,33,0,0
119,34,0,0
119,35,0,0
119,36,0,0
119,37,0,0
120,1,16,4
120,2,18,5
120,3,22,7
120,4,20,5
120,5,18,4
120,6,20,6
120,7,24,8
120,8,41,9
120,9,26,8
120,10,22,7
120,11,24,7
120,12,37,7
120,13,39,9
120,14,43,11
120,15,43,10
120,16,26,9
120,17,20,6
120,18,24,8
120,19,26,9
120,20,43,11
120,21,47,13
120,22,53,15
120,23,51,11
120,24,45,10
120,25,43,11
120,26,45,11
120,27,28,10
120,28,30,11
120,29,30,11
120,30,30,11
120,31,74,12
120,32,38,11
120,33,38,11
120,34,57,14
120,35,59,15
120,36,63,17
120,37,79,21
120,38,83,23
120,39,85,24
120,40,87,25
120,41,87,25
120,42,91,27
120,43,91,27
120,44,113,28
121,1,16,4
121,2,20,6
121,3,20,6
121,4,22,7
121,5,24,8
121,6,24,7
121,7,22,7
121,8,26,8
121,9,39,9
121,10,43,10
121,11,43,11
121,12,47,12
121,13,47,13
121,14,51,15
121,15,36,14
121,16,34,13
121,17,36,14
121,18,55,16
121,19,53,16
121,20,57,18
121,21,57,18
121,22,53,16
121,23,51,15
121,24,34,13
121,25,32,12
121,26,52,13
121,27,55,13
121,28,59,15
121,29,61,16
121,30,63,17
121,31,65,18
121,32,67,19
121,33,69,20
121,34,69,20
121,35,71,21
121,36,71,21
121,37,99,23
121,38,83,23
121,39,87,25
121,40,93,28
121,41,113,29
122,1,16,4
122,2,16,4
122,3,16,4
122,4,18,5
122,5,20,6
122,6,20,6
122,7,22,7
122,8,26,9
122,9,26,9
122,10,26,9
122,11,26,9
122,12,24,8
122,13,22,7
122,14,20,6
122,15,20,6
122,16,18,5
122,17,16,4
122,18,0,2
122,19,0,2
122,20,0,1
122,21,0,0
122,22,0,0
122,23,0,0
122,24,0,0
122,25,0,0
122,26,0,0
122,27,0,0
122,28,0,0
122,29,0,0
122,30,0,0
122,31,0,0
122,32,0,0
122,33,0,0
122,34,0,0
122,35,0,0
122,36,0,0
122,37,0,0
122,38,0,0
122,39,0,0
122,40,0,0
122,41,0,0
122,42,0,0
122,43,0,0
122,44,0,0
122,45,0,0
122,46,0,0
123,1,12,2
123,2,14,3
123,3,16,3
123,4,14,2
123,5,14,3
123,6,14,3
123,7,20,5
123,8,20,5
123,9,20,6
123,10,20,6
123,11,18,5
123,12,18,4
123,13,18,5
123,14,20,5
123,15,20,6
123,16,20,6
123,17,18,5
123,18,20,5
123,19,18,5
123,20,16,3
123,21,12,2
123,22,12,2
123,23,14,3
123,24,18,5
123,25,20,6
123,26,20,6
123,27,20,6
123,28,20,6
123,29,20,6
123,30,22,7
123,31,24,8
123,32,24,8
123,33,26,9
123,34,26,9
123,35,24,8
123,36,28,10
123,37,24,8
123,38,22,7
123,39,22,7
123,40,24,8
123,41,37,8
123,42,20,6
123,43,16,4
123,44,10,1
123,45,10,1
123,46,10,1
123,47,12,2
123,48,14,3
123,49,14,3
123,50,18,5
123,51,20,6
123,52,26,9
123,53,26,9
123,54,22,7
123,55,22,7
123,56,24,8
123,57,20,6
123,58,18,5
123,59,16,4
123,60,12,2
123,61,0,1
124,1,12,2
124,2,14,3
124,3,16,4
124,4,16,4
124,5,16,4
124,6,18,5
124,7,16,4
124,8,16,4
124,9,18,4
124,10,14,3
124,11,14,3
124,12,18,5
124,13,20,6
124,14,24,8
124,15,26,8
124,16,24,8
124,17,22,7
124,18,20,5
124,19,16,4
124,20,16,4
124,21,14,2
124,22,14,3
124,23,16,4
124,24,20,6
124,25,16,4
124,26,14,3
124,27,18,4
124,28,18,4
124,29,0,2
124,30,0,1
124,31,0,0
124,32,0,0
124,33,0,0
124,34,0,0
124,35,0,0
124,36,0,0
124,37,0,0
124,38,0,0
124,39,0,0
124,40,0,0
124,41,0,0
124,42,0,0
124,43,0,0
124,44,0,0
124,45,0,0
124,46,0,0
124,47,0,0
125,1,14,3
125,2,16,4
125,3,16,4
125,4,18,5
125,5,24,8
125,6,22,7
125,7,22,6
125,8,18,5
125,9,20,6
125,10,26,9
125,11,41,9
125,12,39,9
125,13,41,9
125,14,41,10
125,15,43,11
125,16,43,11
125,17,47,13
125,18,51,15
125,19,51,15
125,20,38,15
125,21,34,13
125,22,36,13
125,23,34,12
125,24,32,12
125,25,47,12
125,26,41,10
125,27,45,12
125,28,51,15
125,29,53,16
125,30,55,17
125,31,51,15
125,32,61,16
125,33,65,18
125,34,67,19
125,35,71,21
125,36,75,23
125,37,85,24
125,38,85,24
125,39,87,25
125,40,89,26
125,41,113,27
126,1,16,4
126,2,18,5
126,3,22,7
126,4,24,7
126,5,24,7
126,6,20,5
126,7,16,4
126,8,16,4
126,9,18,5
126,10,20,5
126,11,18,5
126,12,20,5
126,13,20,5
126,14,18,3
126,15,14,2
126,16,12,2
126,17,12,2
126,18,12,1
126,19,10,1
126,20,12,2
126,21,14,2
126,22,12,1
126,23,12,2
126,24,12,1
126,25,10,1
126,26,10,1
126,27,12,2
126,28,12,2
126,29,16,4
126,30,22,6
126,31,20,4
126,32,18,4
126,33,18,5
126,34,0,3
126,35,0,2
126,36,0,2
126,37,0,1
126,38,0,0
126,39,0,0
126,40,0,0
126,41,0,0
126,42,0,0
127,1,16,4
127,2,18,5
127,3,18,5
127,4,22,7
127,5,22,6
127,6,22,6
127,7,20,6
127,8,20,6
127,9,20,5
127,10,22,6
127,11,24,8
127,12,26,9
127,13,26,8
127,14,24,7
127,15,20,5
127,16,18,3
127,17,14,2
127,18,14,3
127,19,16,4
127,20,16,4
127,21,18,5
127,22,18,5
127,23,22,6
127,24,18,5
127,25,20,6
127,26,20,6
127,27,18,5
127,28,22,7
127,29,24,6
127,30,20,5
127,31,16,3
127,32,0,1
127,33,0,1
127,34,0,1
127,35,0,0
127,36,0,0
127,37,0,0
127,38,0,0
127,39,0,0
127,40,0,0
128,1,16,4
128,2,20,6
128,3,22,6
128,4,20,6
128,5,20,6
128,6,24,8
128,7,24,8
128,8,26,8
128,9,22,6
128,10,18,4
128,11,18,5
128,12,22,6
128,13,20,5
128,14,18,5
128,15,18,4
128,16,14,3
128,17,14,3
128,18,16,4
128,19,18,4
128,20,14,2
128,21,0,0
128,22,0,0
128,23,0,0
128,24,0,0
128,25,0,0
128,26,0,0
128,27,0,0
128,28,0,0
128,29,0,0
128,30,0,0
128,31,0,0
128,32,0,0
128,33,0,0
128,34,0,0
128,35,0,0
128,36,0,0
128,37,0,0
128,38,0,0
128,39,0,0
128,40,0,0
128,41,0,0
128,42,0,0
128,43,0,0
128,44,0,0
128,45,0,0
128,46,0,0
128,47,0,0
128,48,0,0
128,49,0,0
129,1,16,4
129,2,18,5
129,3,20,6
129,4,18,5
129,5,18,5
129,6,18,5
129,7,20,6
129,8,20,6
129,9,20,6
129,10,22,7
129,11,22,7
129,12,26,8
129,13,24,7
129,14,24,8
129,15,26,9
129,16,28,10
129,17,30,10
129,18,28,8
129,19,24,7
129,20,37,8
129,21,37,8
129,22,33,6
129,23,0,3
129,24,0,2
129,25,0,0
129,26,0,0
129,27,0,0
129,28,0,0
129,29,0,0
129,30,0,0
129,31,0,0
129,32,0,0
129,33,0,0
129,34,0,0
129,35,0,0
129,36,0,0
129,37,0,0
129,38,0,0
129,39,0,0
129,40,0,0
129,41,0,0
129,42,0,0
129,43,0,0
129,44,0,0
129,45,0,0
129,46,0,0
129,47,0,0
129,48,0,0
129,49,0,0
129,50,0,0
130,1,16,4
130,2,20,6
130,3,22,7
130,4,24,7
130,5,22,7
130,6,37,7
130,7,35,7
130,8,37,8
130,9,39,9
130,10,41,9
130,11,22,7
130,12,22,6
130,13,20,6
130,14,22,7
130,15,24,8
130,16,37,8
130,17,39,9
130,18,24,8
130,19,20,6
130,20,18,5
130,21,16,4
130,22,16,4
130,23,18,5
130,24,16,4
130,25,29,4
130,26,18,5
130,27,16,4
130,28,16,4
130,29,14,3
130,30,0,2
131,1,16,4
131,2,18,5
131,3,22,7
131,4,26,8
131,5,39,9
131,6,45,12
131,7,47,12
131,8,41,8
131,9,24,8
131,10,24,8
131,11,26,8
131,12,24,7
131,13,22,7
131,14,22,7
131,15,24,8
131,16,30,11
131,17,45,12
131,18,45,11
131,19,47,13
131,20,47,13
131,21,47,13
131,22,47,13
131,23,36,14
131,24,52,13
131,25,46,15
131,26,44,14
131,27,46,15
131,28,63,17
131,29,65,18
131,30,67,19
131,31,67,19
131,32,67,19
131,33,54,19
131,34,54,19
131,35,54,19
131,36,56,20
131,37,73,22
131,38,73,22
131,39,75,23
131,40,71,21
131,41,71,21
131,42,73,22
131,43,97,23
131,44,87,25
131,45,115,27
132,1,16,4
132,2,18,5
132,3,18,5
132,4,20,6
132,5,20,6
132,6,20,5
132,7,18,4
132,8,18,5
132,9,20,5
132,10,18,5
132,11,24,8
132,12,43,11
132,13,28,9
132,14,24,7
132,15,20,5
132,16,18,5
132,17,20,6
132,18,20,5
132,19,20,6
132,20,22,7
132,21,24,8
132,22,24,7
132,23,24,8
132,24,26,8
132,25,54,10
132,26,38,11
132,27,55,13
132,28,59,15
132,29,63,17
132,30,67,19
132,31,69,20
132,32,75,23
132,33,83,23
132,34,87,25
132,35,89,26
132,36,93,28
132,37,93,28
132,38,113,29
133,1,14,3
133,2,16,4
133,3,16,4
133,4,16,4
133,5,16,4
133,6,18,5
133,7,20,6
133,8,22,7
133,9,24,8
133,10,24,7
133,11,22,7
133,12,22,6
133,13,20,6
133,14,18,4
133,15,16,3
133,16,0,1
133,17,0,1
133,18,0,0
133,19,0,0
133,20,0,0
133,21,0,0
133,22,0,0
133,23,0,0
133,24,0,0
133,25,0,0
133,26,0,0
133,27,0,0
133,28,0,0
133,29,0,0
133,30,0,0
133,31,0,0
133,32,0,0
133,33,0,0
133,34,0,0
133,35,0,0
133,36,0,0
133,37,0,0
133,38,0,0
133,39,0,0
133,40,0,0
133,41,0,0
133,42,0,0
133,43,0,0
134,1,16,4
134,2,20,6
134,3,22,7
134,4,24,8
134,5,28,9
134,6,26,9
134,7,41,10
134,8,43,11
134,9,43,10
134,10,26,9
134,11,26,9
134,12,28,9
134,13,28,10
134,14,34,13
134,15,49,13
134,16,49,14
134,17,51,13
134,18,32,11
134,19,32,12
134,20,32,12
134,21,73,15
134,22,61,16
134,23,61,16
134,24,65,18
134,25,50,17
134,26,50,17
134,27,46,15
134,28,61,16
134,29,63,17
134,30,63,17
134,31,67,19
134,32,69,20
134,33,71,21
134,34,69,20
134,35,73,22
134,36,75,23
134,37,101,25
134,38,109,26
135,1,16,4
135,2,20,6
135,3,22,6
135,4,24,7
135,5,39,9
135,6,41,10
135,7,39,7
135,8,24,7
135,9,24,8
135,10,24,8
135,11,24,7
135,12,24,7
135,13,26,9
135,14,22,7
135,15,22,6
135,16,37,8
135,17,41,10
135,18,43,10
135,19,30,9
135,20,24,7
135,21,22,6
135,22,26,9
135,23,32,12
135,24,36,13
135,25,32,10
135,26,26,8
135,27,39,9
135,28,45,12
135,29,51,15
135,30,55,17
135,31,71,16
135,32,65,18
135,33,67,19
135,34,65,18
135,35,76,19
135,36,62,19
135,37,66,21
135,38,85,24
135,39,87,25
135,40,87,25
135,41,91,27
135,42,115,29
136,1,14,3
136,2,18,5
136,3,20,6
136,4,18,5
136,5,18,5
136,6,16,4
136,7,18,5
136,8,22,7
136,9,24,8
136,10,22,6
136,11,35,7
136,12,39,9
136,13,37,8
136,14,37,8
136,15,24,8
136,16,26,9
136,17,26,8
136,18,24,8
136,19,24,8
136,20,26,9
136,21,26,8
136,22,26,8
136,23,50,10
136,24,38,11
136,25,40,12
136,26,42,13
136,27,57,14
136,28,57,14
136,29,59,15
136,30,63,17
136,31,65,18
136,32,67,19
136,33,67,19
136,34,65,18
136,35,50,17
136,36,48,16
136,37,61,16
136,38,61,16
136,39,59,15
136,40,55,13
136,41,57,14
136,42,61,16
136,43,67,19
136,44,71,21
136,45,73,22
136,46,85,24
136,47,87,25
136,48,91,27
136,49,113,28
137,1,14,3
137,2,20,6
137,3,18,5
137,4,22,7
137,5,24,8
137,6,24,8
137,7,22,7
137,8,24,7
137,9,22,6
137,10,20,6
137,11,20,6
137,12,22,6
137,13,20,6
137,14,20,6
137,15,18,4
137,16,18,4
137,17,18,4
137,18,16,4
137,19,16,4
137,20,18,5
137,21,18,4
137,22,16,3
137,23,29,4
137,24,31,4
137,25,16,4
137,26,20,6
137,27,22,6
137,28,18,3
137,29,16,3
137,30,14,2
137,31,12,2
137,32,12,2
137,33,12,2
137,34,10,1
137,35,0,0
137,36,0,0
137,37,0,0
137,38,0,0
137,39,0,0
137,40,0,0
137,41,0,0
137,42,0,0
137,43,0,0
138,1,16,4
138,2,20,6
138,3,20,6
138,4,20,6
138,5,20,5
138,6,18,4
138,7,18,4
138,8,16,4
138,9,20,6
138,10,20,5
138,11,20,6
138,12,20,5
138,13,18,5
138,14,16,3
138,15,18,5
138,16,37,8
138,17,37,8
138,18,41,10
138,19,39,8
138,20,26,6
138,21,22,5
138,22,16,3
138,23,18,5
138,24,22,6
138,25,35,7
138,26,35,5
138,27,29,3
138,28,16,4
138,29,16,3
138,30,18,4
138,31,16,3
138,32,14,3
138,33,14,3
138,34,16,3
138,35,14,2
138,36,14,3
138,37,14,2
138,38,14,2
138,39,0,1
139,1,16,4
139,2,20,6
139,3,24,8
139,4,24,8
139,5,26,9
139,6,24,7
139,7,26,9
139,8,45,12
139,9,49,14
139,10,47,13
139,11,45,12
139,12,28,10
139,13,28,10
139,14,34,13
139,15,40,16
139,16,51,15
139,17,51,15
139,18,51,15
139,19,47,13
139,20,47,13
139,21,43,11
139,22,28,10
139,23,26,9
139,24,34,13
139,25,40,16
139,26,53,16
139,27,51,15
139,28,47,13
139,29,49,14
139,30,51,15
139,31,34,13
139,32,30,11
139,33,26,9
139,34,28,10
139,35,43,11
139,36,45,12
139,37,45,12
139,38,52,12
139,39,38,11
139,40,38,11
139,41,36,10
139,42,38,11
139,43,38,11
139,44,38,11
139,45,32,8
139,46,34,9
139,47,47,9
139,48,33,6
139,49,14,3
139,50,14,3
139,51,12,2
139,52,0,1
140,1,14,3
140,2,16,4
140,3,18,5
140,4,35,7
140,5,35,7
140,6,37,8
140,7,24,8
140,8,26,9
140,9,43,11
140,10,43,11
140,11,43,10
140,12,28,9
140,13,26,9
140,14,30,10
140,15,28,9
140,16,26,9
140,17,26,9
140,18,24,8
140,19,24,8
140,20,24,8
140,21,24,7
140,22,37,8
140,23,43,11
140,24,45,12
140,25,45,12
140,26,45,12
140,27,41,10
140,28,24,8
140,29,37,8
140,30,20,6
140,31,14,3
140,32,12,2
140,33,0,1
141,1,16,4
141,2,20,6
141,3,22,7
141,4,22,6
141,5,22,6
141,6,22,7
141,7,20,6
141,8,20,6
141,9,20,6
141,10,24,7
141,11,22,6
141,12,37,7
141,13,20,5
141,14,18,4
141,15,18,5
141,16,16,3
141,17,12,1
141,18,12,1
141,19,0,0
141,20,0,0
141,21,0,0
141,22,0,0
141,23,0,0
141,24,0,0
141,25,0,0
141,26,0,0
141,27,0,0
141,28,0,0
141,29,0,0
141,30,0,0
142,1,14,3
142,2,16,4
142,3,18,5
142,4,20,6
142,5,22,7
142,6,22,7
142,7,24,8
142,8,24,8
142,9,22,7
142,10,22,7
142,11,22,7
142,12,22,7
142,13,28,10
142,14,43,11
142,15,47,12
142,16,47,13
142,17,43,11
142,18,30,11
142,19,30,10
142,20,28,9
142,21,24,7
142,22,22,6
142,23,22,7
142,24,22,7
142,25,35,7
142,26,37,8
142,27,35,7
142,28,20,6
142,29,14,3
142,30,16,4
142,31,14,3
142,32,12,2
142,33,0,1
143,1,14,3
143,2,18,5
143,3,20,6
143,4,22,7
143,5,24,8
143,6,24,8
143,7,24,8
143,8,24,8
143,9,24,8
143,10,26,9
143,11,28,10
143,12,30,11
143,13,30,11
143,14,30,11
143,15,32,11
143,16,28,8
143,17,24,8
143,18,22,7
143,19,37,6
143,20,37,7
143,21,37,8
143,22,37,8
143,23,35,7
143,24,41,9
143,25,28,10
143,26,43,11
143,27,47,13
143,28,51,15
143,29,51,14
143,30,49,12
143,31,45,9
143,32,28,10
143,33,32,12
143,34,50,11
143,35,40,12
143,36,40,12
143,37,44,13
143,38,46,15
143,39,48,15
143,40,44,14
143,41,44,13
143,42,59,15
143,43,63,17
143,44,63,16
143,45,63,17
143,46,65,18
143,47,67,19
143,48,105,22
143,49,85,24
143,50,89,26
143,51,109,27
144,1,12,2
144,2,14,3
144,3,16,4
144,4,20,6
144,5,24,8
144,6,26,8
144,7,22,6
144,8,22,6
144,9,22,7
144,10,22,7
144,11,22,6
144,12,22,6
144,13,37,8
144,14,35,6
144,15,22,6
144,16,22,5
144,17,20,6
144,18,20,6
144,19,20,5
144,20,18,4
144,21,18,5
144,22,22,6
144,23,18,4
144,24,16,3
144,25,18,5
144,26,22,7
144,27,22,6
144,28,20,5
144,29,18,5
144,30,18,4
144,31,16,3
144,32,14,2
144,33,12,2
144,34,10,1
144,35,10,1
144,36,14,3
144,37,18,5
144,38,16,3
144,39,0,0
144,40,0,0
144,41,0,0
144,42,0,0
144,43,0,0
144,44,0,0
144,45,0,0
144,46,0,0
144,47,0,0
145,1,16,4
145,2,18,5
145,3,20,6
145,4,20,5
145,5,20,6
145,6,22,7
145,7,24,7
145,8,22,7
145,9,20,6
145,10,18,4
145,11,18,4
145,12,20,6
145,13,22,7
145,14,22,7
145,15,22,6
145,16,20,6
145,17,22,7
145,18,24,7
145,19,20,6
145,20,22,7
145,21,20,6
145,22,18,5
145,23,24,7
145,24,37,8
145,25,39,8
145,26,24,8
145,27,24,6
145,28,18,4
145,29,16,4
145,30,0,2
145,31,0,2
146,1,16,4
146,2,18,5
146,3,20,6
146,4,22,6
146,5,20,6
146,6,35,7
146,7,20,6
146,8,20,5
146,9,20,6
146,10,18,5
146,11,18,5
146,12,20,6
146,13,20,5
146,14,18,5
146,15,18,5
146,16,20,6
146,17,18,4
146,18,12,2
146,19,12,2
146,20,0,0
146,21,0,0
146,22,0,0
146,23,0,0
146,24,0,0
146,25,0,0
146,26,0,0
146,27,0,0
146,28,0,0
146,29,0,0
146,30,0,0
146,31,0,0
146,32,0,0
146,33,0,0
146,34,0,0
146,35,0,0
146,36,0,0
147,1,16,4
147,2,18,4
147,3,20,6
147,4,22,7
147,5,22,7
147,6,24,7
147,7,22,6
147,8,22,7
147,9,20,6
147,10,20,6
147,11,22,6
147,12,22,7
147,13,20,6
147,14,20,5
147,15,18,4
147,16,12,2
147,17,10,1
147,18,12,2
147,19,16,3
147,20,18,3
147,21,14,1
147,22,10,1
147,23,10,1
147,24,10,1
147,25,12,2
147,26,16,4
147,27,16,4
147,28,18,5
147,29,20,6
147,30,22,6
147,31,22,7
147,32,22,6
147,33,22,6
147,34,22,7
147,35,26,9
147,36,24,8
147,37,24,8
147,38,22,7
147,39,24,8
147,40,22,6
147,41,20,5
147,42,18,5
147,43,18,5
147,44,20,5
147,45,18,3
147,46,16,3
147,47,14,2
147,48,10,1
147,49,14,3
147,50,16,4
147,51,16,4
147,52,16,3
147,53,16,3
147,54,18,5
147,55,20,5
147,56,16,3
147,57,12,1
147,58,0,0
147,59,0,0
147,60,0,0
147,61,0,0
147,62,0,0
147,63,0,0
147,64,0,0
147,65,0,0
147,66,0,0
147,67,0,0
147,68,0,0
147,69,0,0
147,70,0,0
148,1,14,3
148,2,18,5
148,3,20,6
148,4,24,8
148,5,41,10
148,6,41,9
148,7,43,11
148,8,41,10
148,9,26,9
148,10,24,8
148,11,28,10
148,12,43,10
148,13,45,11
148,14,47,13
148,15,47,13
148,16,47,13
148,17,47,13
148,18,36,14
148,19,50,12
148,20,40,12
148,21,42,13
148,22,44,14
148,23,60,13
148,24,65,14
148,25,71,17
148,26,75,19
148,27,73,18
148,28,63,17
148,29,61,16
148,30,46,15
148,31,42,13
148,32,40,12
148,33,34,9
148,34,34,9
148,35,28,10
148,36,43,11
148,37,45,12
148,38,47,13
148,39,32,12
148,40,28,10
148,41,24,8
148,42,18,5
148,43,14,3
148,44,18,5
148,45,18,5
148,46,20,6
148,47,18,5
148,48,0,3
149,1,16,4
149,2,20,6
149,3,24,8
149,4,22,7
149,5,20,6
149,6,22,7
149,7,22,7
149,8,26,8
149,9,39,8
149,10,43,11
149,11,45,12
149,12,26,8
149,13,22,7
149,14,24,8
149,15,26,9
149,16,39,9
149,17,41,10
149,18,45,12
149,19,47,13
149,20,47,11
149,21,43,8
149,22,28,10
149,23,32,11
149,24,28,10
149,25,30,10
149,26,45,12
149,27,47,12
149,28,49,14
149,29,51,15
149,30,55,17
149,31,75,16
149,32,61,16
149,33,46,15
149,34,42,13
149,35,44,14
149,36,57,14
149,37,61,16
149,38,65,18
149,39,61,16
149,40,48,16
149,41,50,17
149,42,52,18
149,43,72,19
149,44,79,21
149,45,83,23
149,46,85,24
149,47,87,25
149,48,91,27
149,49,113,28
150,1,12,2
150,2,14,3
150,3,12,2
150,4,14,3
150,5,18,5
150,6,20,6
150,7,20,6
150,8,22,6
150,9,20,5
150,10,18,5
150,11,20,6
150,12,20,5
150,13,18,4
150,14,14,2
150,15,0,0
150,16,0,0
150,17,0,0
150,18,0,0
150,19,0,0
150,20,0,0
150,21,0,0
150,22,0,0
150,23,0,0
150,24,0,0
150,25,0,0
151,1,16,4
151,2,22,7
151,3,24,8
151,4,22,7
151,5,22,6
151,6,20,6
151,7,20,6
151,8,20,4
151,9,20,5
151,10,20,5
151,11,22,6
151,12,37,8
151,13,41,10
151,14,45,12
151,15,45,11
151,16,39,8
151,17,37,6
151,18,22,7
151,19,24,8
151,20,41,9
151,21,41,10
151,22,37,8
151,23,37,6
151,24,20,4
151,25,14,3
151,26,16,4
151,27,22,7
151,28,24,7
151,29,20,5
151,30,18,5
151,31,18,3
151,32,18,4
151,33,22,6
151,34,24,7
151,35,24,8
151,36,22,7
151,37,39,9
151,38,41,10
151,39,43,11
151,40,45,10
151,41,39,8
151,42,22,7
151,43,20,5
151,44,18,3
151,45,16,3
151,46,14,3
151,47,16,3
151,48,14,2
151,49,12,1
151,50,12,2
151,51,14,1
151,52,10,1
151,53,10,1
151,54,10,1
151,55,0,0
152,1,14,3
152,2,14,3
152,3,14,3
152,4,14,3
152,5,14,3
152,6,14,3
152,7,16,4
152,8,20,6
152,9,20,5
152,10,18,5
152,11,18,5
152,12,22,7
152,13,24,8
152,14,24,8
152,15,37,8
152,16,39,9
152,17,37,7
152,18,27,3
152,19,12,2
152,20,14,3
152,21,14,2
152,22,10,1
152,23,10,1
152,24,10,1
152,25,10,1
152,26,10,1
152,27,12,2
152,28,12,2
152,29,10,1
152,30,0,0
152,31,0,0
152,32,0,0
152,33,0,0
152,34,0,0
152,35,0,0
152,36,0,0
152,37,0,0
152,38,0,0
152,39,0,0
152,40,0,0
152,41,0,0
152,42,0,0
152,43,0,0
152,44,0,0
152,45,0,0
152,46,0,0
153,1,16,4
153,2,20,6
153,3,22,7
153,4,22,7
153,5,22,7
153,6,22,6
153,7,20,6
153,8,22,7
153,9,22,7
153,10,22,7
153,11,20,5
153,12,20,6
153,13,22,7
153,14,39,9
153,15,45,12
153,16,45,11
153,17,45,11
153,18,30,11
153,19,47,13
153,20,51,14
153,21,51,13
153,22,49,12
153,23,47,13
153,24,43,10
153,25,26,9
153,26,28,10
153,27,28,10
153,28,32,12
153,29,34,13
153,30,36,14
153,31,34,13
153,32,45,12
153,33,47,13
153,34,47,13
153,35,51,15
153,36,49,14
153,37,45,12
153,38,45,12
153,39,45,12
153,40,43,11
153,41,43,11
153,42,45,12
153,43,47,13
153,44,75,14
153,45,55,13
153,46,61,16
153,47,46,15
153,48,46,15
153,49,46,15
153,50,46,15
153,51,46,15
153,52,40,12
153,53,51,11
153,54,49,10
153,55,51,11
153,56,53,12
153,57,57,14
153,58,40,12
153,59,38,11
153,60,36,10
153,61,34,9
153,62,30,7
153,63,32,8
153,64,32,8
153,65,36,10
153,66,34,9
153,67,30,7
153,68,26,5
153,69,20,6
153,70,16,4
153,71,12,2
153,72,0,0
154,1,16,4
154,2,20,6
154,3,22,7
154,4,22,7
154,5,22,7
154,6,22,7
154,7,24,8
154,8,26,9
154,9,24,8
154,10,22,7
154,11,22,7
154,12,22,7
154,13,22,6
154,14,22,7
154,15,24,8
154,16,24,8
154,17,26,9
154,18,28,10
154,19,28,10
154,20,30,11
154,21,30,11
154,22,30,11
154,23,28,10
154,24,45,11
154,25,45,12
154,26,49,14
154,27,55,16
154,28,53,16
154,29,38,15
154,30,34,13
154,31,47,12
154,32,47,11
154,33,45,11
154,34,45,12
154,35,49,14
154,36,73,15
154,37,61,16
154,38,48,16
154,39,61,16
154,40,83,18
154,41,77,20
154,42,79,21
154,43,79,21
154,44,81,22
154,45,81,22
154,46,85,24
154,47,87,25
154,48,113,26
155,1,16,4
155,2,20,6
155,3,24,7
155,4,24,8
155,5,26,8
155,6,22,7
155,7,22,7
155,8,26,8
155,9,24,8
155,10,39,8
155,11,39,9
155,12,41,10
155,13,22,7
155,14,26,9
155,15,26,8
155,16,24,7
155,17,37,8
155,18,39,9
155,19,26,9
155,20,24,8
155,21,28,10
155,22,30,11
155,23,32,12
155,24,36,13
155,25,36,14
155,26,51,14
155,27,49,13
155,28,49,14
155,29,53,16
155,30,53,16
155,31,55,17
155,32,57,18
155,33,55,16
155,34,53,14
155,35,32,12
155,36,28,9
155,37,28,9
155,38,28,10
155,39,40,12
155,40,44,14
155,41,46,15
155,42,44,13
155,43,44,14
155,44,48,15
155,45,65,18
155,46,71,20
155,47,69,19
155,48,71,21
155,49,73,22
155,50,73,22
155,51,73,22
155,52,75,23
155,53,79,23
155,54,77,23
155,55,103,26
155,56,93,28
155,57,113,29
156,1,16,4
156,2,20,6
156,3,24,8
156,4,26,8
156,5,24,7
156,6,24,8
156,7,24,8
156,8,22,7
156,9,22,7
156,10,22,7
156,11,22,7
156,12,41,9
156,13,43,10
156,14,24,8
156,15,20,6
156,16,24,8
156,17,26,9
156,18,28,10
156,19,26,8
156,20,39,8
156,21,22,7
156,22,22,7
156,23,24,8
156,24,24,8
156,25,22,7
156,26,20,6
156,27,20,6
156,28,16,4
156,29,14,3
156,30,12,2
156,31,0,1
156,32,0,0
156,33,0,0
156,34,0,0
156,35,0,0
157,1,14,3
157,2,16,4
157,3,20,6
157,4,22,7
157,5,24,8
157,6,24,7
157,7,22,6
157,8,20,5
157,9,20,6
157,10,20,6
157,11,22,7
157,12,22,7
157,13,22,7
157,14,22,6
157,15,35,6
157,16,35,7
157,17,35,7
157,18,37,8
157,19,35,7
157,20,31,5
157,21,31,5
157,22,29,3
157,23,14,3
157,24,16,3
157,25,18,5
157,26,18,5
157,27,18,4
157,28,16,3
157,29,16,4
157,30,18,5
157,31,20,5
157,32,18,5
157,33,16,4
157,34,16,2
157,35,0,0
157,36,0,0
157,37,0,0
157,38,0,0
157,39,0,0
158,1,16,4
158,2,16,4
158,3,14,3
158,4,16,3
158,5,18,5
158,6,20,6
158,7,18,5
158,8,18,5
158,9,18,5
158,10,22,6
158,11,18,4
158,12,16,4
158,13,16,4
158,14,16,4
158,15,18,5
158,16,20,6
158,17,20,5
158,18,20,6
158,19,18,5
158,20,18,4
158,21,14,3
158,22,16,3
158,23,18,5
158,24,20,6
158,25,22,6
158,26,22,6
158,27,20,4
158,28,16,3
158,29,0,2
159,1,16,4
159,2,18,5
159,3,18,5
159,4,20,6
159,5,20,6
159,6,20,6
159,7,18,5
159,8,18,4
159,9,14,3
159,10,16,4
159,11,18,5
159,12,22,7
159,13,22,7
159,14,20,5
159,15,18,5
159,16,18,4
159,17,14,3
159,18,14,2
159,19,12,2
159,20,12,1
159,21,10,1
159,22,12,2
159,23,10,1
159,24,0,0
159,25,0,0
159,26,0,0
159,27,0,0
159,28,0,0
159,29,0,0
159,30,0,0
159,31,0,0
159,32,0,0
159,33,0,0
160,1,16,4
160,2,18,5
160,3,22,7
160,4,26,9
160,5,28,9
160,6,24,7
160,7,22,7
160,8,20,6
160,9,22,6
160,10,20,5
160,11,18,5
160,12,16,2
160,13,12,1
160,14,12,2
160,15,18,5
160,16,18,5
160,17,16,4
160,18,18,4
160,19,18,4
160,20,14,1
160,21,10,1
160,22,12,2
160,23,18,5
160,24,20,5
160,25,18,5
160,26,16,4
160,27,14,3
160,28,29,4
160,29,35,7
160,30,33,6
160,31,31,4
160,32,16,3
160,33,18,5
160,34,22,7
160,35,20,6
160,36,20,6
160,37,18,3
160,38,12,1
160,39,10,1
160,40,10,1
160,41,10,1
160,42,10,1
160,43,14,3
160,44,12,2
160,45,12,2
160,46,10,1
160,47,14,3
160,48,20,6
160,49,20,6
160,50,33,6
160,51,37,8
160,52,24,8
160,53,20,6
160,54,18,4
160,55,14,2
160,56,12,2
160,57,12,2
160,58,0,0
161,1,16,4
161,2,22,7
161,3,22,7
161,4,22,7
161,5,24,8
161,6,24,7
161,7,24,8
161,8,24,8
161,9,26,8
161,10,24,7
161,11,35,6
161,12,35,7
161,13,39,8
161,14,39,8
161,15,24,7
161,16,26,9
161,17,24,8
161,18,26,9
161,19,41,10
161,20,47,13
161,21,51,14
161,22,47,12
161,23,43,10
161,24,28,9
161,25,22,7
161,26,20,6
161,27,18,5
161,28,16,4
161,29,12,2
161,30,10,1
161,31,12,2
161,32,14,3
161,33,18,5
161,34,18,5
161,35,18,5
161,36,16,4
161,37,16,4
161,38,16,4
161,39,18,5
161,40,18,5
161,41,16,4
161,42,0,3
162,1,16,4
162,2,20,6
162,3,26,9
162,4,26,8
162,5,24,7
162,6,24,8
162,7,24,8
162,8,22,7
162,9,24,8
162,10,24,8
162,11,26,9
162,12,24,8
162,13,24,8
162,14,24,8
162,15,24,8
162,16,24,8
162,17,26,9
162,18,26,9
162,19,28,10
162,20,30,11
162,21,45,12
162,22,49,14
162,23,49,13
162,24,45,12
162,25,45,11
162,26,45,12
162,27,45,12
162,28,47,12
162,29,43,11
162,30,30,11
162,31,34,13
162,32,32,12
162,33,32,12
162,34,30,11
162,35,41,10
162,36,47,12
162,37,51,15
162,38,55,17
162,39,55,17
162,40,55,17
162,41,79,20
162,42,69,20
162,43,67,19
162,44,65,18
162,45,50,17
162,46,50,17
162,47,70,17
162,48,58,17
162,49,60,18
162,50,66,21
162,51,66,21
162,52,113,22
163,1,16,4
163,2,22,6
163,3,22,7
163,4,26,9
163,5,39,8
163,6,20,5
163,7,22,7
163,8,22,7
163,9,24,7
163,10,39,9
163,11,43,10
163,12,30,10
163,13,26,9
163,14,28,10
163,15,43,11
163,16,30,10
163,17,26,9
163,18,24,7
163,19,20,6
163,20,16,3
163,21,12,2
163,22,10,1
163,23,10,1
163,24,10,1
163,25,10,1
163,26,0,0
163,27,0,0
163,28,0,0
163,29,0,0
163,30,0,0
163,31,0,0
163,32,0,0
163,33,0,0
164,1,14,3
164,2,18,5
164,3,18,5
164,4,18,5
164,5,18,5
164,6,20,6
164,7,20,6
164,8,24,7
164,9,37,7
164,10,35,7
164,11,18,5
164,12,18,5
164,13,16,4
164,14,18,5
164,15,20,6
164,16,22,6
164,17,22,6
164,18,20,6
164,19,22,7
164,20,22,7
164,21,22,7
164,22,22,6
164,23,20,5
164,24,18,4
164,25,18,4
164,26,16,3
164,27,16,4
164,28,16,4
164,29,14,2
164,30,0,1
164,31,0,1
164,32,0,0
164,33,0,0
164,34,0,0
164,35,0,0
164,36,0,0
164,37,0,0
164,38,0,0
164,39,0,0
164,40,0,0
164,41,0,0
164,42,0,0
164,43,0,0
165,1,16,4
165,2,20,6
165,3,24,8
165,4,24,8
165,5,26,9
165,6,28,10
165,7,26,9
165,8,39,8
165,9,41,9
165,10,28,9
165,11,26,9
165,12,22,7
165,13,22,7
165,14,35,6
165,15,35,7
165,16,37,8
165,17,41,10
165,18,43,11
165,19,26,9
165,20,20,6
165,21,22,7
165,22,24,8
165,23,28,10
165,24,43,11
165,25,49,13
165,26,45,10
165,27,28,9
165,28,26,9
165,29,24,8
165,30,22,7
165,31,20,6
165,32,20,6
165,33,20,6
165,34,0,4
165,35,0,3
165,36,0,1
165,37,0,0
165,38,0,0
165,39,0,0
166,1,14,3
166,2,18,5
166,3,20,6
166,4,24,7
166,5,22,7
166,6,20,6
166,7,35,7
166,8,20,6
166,9,20,5
166,10,20,6
166,11,39,8
166,12,24,8
166,13,22,6
166,14,20,4
166,15,18,4
166,16,18,4
166,17,18,5
166,18,18,5
166,19,20,6
166,20,20,5
166,21,18,4
166,22,18,5
166,23,20,6
166,24,22,7
166,25,22,7
166,26,22,7
166,27,22,7
166,28,18,5
166,29,14,3
166,30,10,1
166,31,10,1
166,32,10,1
166,33,0,0
167,1,16,4
167,2,18,5
167,3,20,6
167,4,20,6
167,5,22,6
167,6,20,6
167,7,22,7
167,8,24,8
167,9,24,8
167,10,24,8
167,11,24,7
167,12,24,8
167,13,24,8
167,14,41,10
167,15,45,12
167,16,47,13
167,17,43,11
167,18,45,12
167,19,67,13
167,20,57,14
167,21,44,14
167,22,46,15
167,23,52,18
167,24,69,20
167,25,69,20
167,26,67,19
167,27,69,20
167,28,73,22
167,29,75,23
167,30,101,24
167,31,72,24
167,32,72,24
167,33,87,25
167,34,89,26
167,35,91,27
167,36,93,28
167,37,93,28
167,38,93,28
167,39,113,29
168,1,16,4
168,2,20,6
168,3,20,6
168,4,22,6
168,5,22,7
168,6,22,7
168,7,20,5
168,8,20,6
168,9,24,8
168,10,22,7
168,11,37,8
168,12,41,10
168,13,41,9
168,14,39,7
168,15,22,6
168,16,24,8
168,17,24,8
168,18,24,8
168,19,37,7
168,20,37,8
168,21,37,8
168,22,41,10
168,23,45,12
168,24,34,13
168,25,30,11
168,26,47,12
168,27,43,11
168,28,45,12
168,29,47,13
168,30,32,12
168,31,32,12
168,32,28,10
168,33,28,10
168,34,24,8
168,35,35,7
168,36,33,6
168,37,33,6
168,38,29,4
168,39,0,3
169,1,14,3
169,2,16,4
169,3,18,4
169,4,18,5
169,5,22,6
169,6,22,6
169,7,24,8
169,8,26,9
169,9,26,9
169,10,26,8
169,11,24,7
169,12,24,8
169,13,26,9
169,14,26,9
169,15,28,10
169,16,32,12
169,17,52,13
169,18,55,13
169,19,57,14
169,20,57,14
169,21,59,15
169,22,61,16
169,23,44,14
169,24,42,13
169,25,44,14
169,26,59,15
169,27,65,18
169,28,63,17
169,29,59,15
169,30,46,15
169,31,42,13
169,32,42,13
169,33,59,15
169,34,61,16
169,35,59,15
169,36,59,15
169,37,48,16
169,38,48,16
169,39,50,17
169,40,73,18
169,41,73,18
169,42,73,18
169,43,75,19
169,44,77,20
169,45,79,21
169,46,83,23
169,47,87,25
169,48,91,27
169,49,113,28
170,1,16,4
170,2,18,5
170,3,20,6
170,4,22,7
170,5,26,8
170,6,37,7
170,7,41,9
170,8,43,10
170,9,43,9
170,10,26,8
170,11,26,8
170,12,24,8
170,13,22,6
170,14,20,5
170,15,18,4
170,16,18,5
170,17,24,7
170,18,22,7
170,19,20,5
170,20,16,3
170,21,0,2
170,22,0,1
170,23,0,1
170,24,0,0
170,25,0,0
170,26,0,0
170,27,0,0
170,28,0,0
170,29,0,0
170,30,0,0
170,31,0,0
171,1,18,5
171,2,20,6
171,3,22,6
171,4,20,6
171,5,22,7
171,6,24,7
171,7,22,7
171,8,39,9
171,9,43,11
171,10,43,11
171,11,45,11
171,12,43,10
171,13,39,9
171,14,43,10
171,15,28,10
171,16,30,11
171,17,34,12
171,18,34,13
171,19,49,13
171,20,49,14
171,21,49,13
171,22,45,12
171,23,47,13
171,24,47,13
171,25,45,12
171,26,51,15
171,27,77,17
171,28,63,17
171,29,67,19
171,30,73,22
171,31,73,22
171,32,97,24
171,33,91,27
171,34,113,28
172,1,16,4
172,2,22,7
172,3,24,8
172,4,24,8
172,5,24,8
172,6,26,9
172,7,26,8
172,8,24,7
172,9,24,8
172,10,26,9
172,11,26,9
172,12,28,10
172,13,30,10
172,14,30,10
172,15,28,9
172,16,28,10
172,17,47,13
172,18,51,15
172,19,60,15
172,20,44,14
172,21,42,13
172,22,42,13
172,23,55,13
172,24,53,12
172,25,59,15
172,26,67,19
172,27,69,20
172,28,71,21
172,29,69,20
172,30,71,21
172,31,73,22
172,32,73,22
172,33,103,25
172,34,111,27
173,1,14,3
173,2,14,3
173,3,16,4
173,4,20,6
173,5,22,7
173,6,22,6
173,7,20,4
173,8,20,5
173,9,20,6
173,10,24,7
173,11,20,4
173,12,18,4
173,13,16,3
173,14,16,4
173,15,20,6
173,16,24,7
173,17,20,5
173,18,16,3
173,19,14,2
173,20,14,3
173,21,16,4
173,22,14,2
173,23,10,1
173,24,12,1
173,25,10,1
173,26,0,0
173,27,0,0
173,28,0,0
173,29,0,0
173,30,0,0
173,31,0,0
173,32,0,0
173,33,0,0
173,34,0,0
173,35,0,0
173,36,0,0
173,37,0,0
173,38,0,0
173,39,0,0
173,40,0,0
173,41,0,0
173,42,0,0
174,1,14,3
174,2,18,5
174,3,22,7
174,4,24,8
174,5,24,8
174,6,24,8
174,7,24,8
174,8,39,8
174,9,24,8
174,10,26,9
174,11,24,8
174,12,20,5
174,13,16,2
174,14,12,2
174,15,12,2
174,16,10,1
174,17,10,1
174,18,14,3
174,19,16,3
174,20,14,3
174,21,18,5
174,22,20,5
174,23,18,3
174,24,20,6
174,25,22,7
174,26,22,6
174,27,18,4
174,28,16,4
174,29,18,5
174,30,16,4
174,31,14,3
174,32,12,2
174,33,0,0
174,34,0,0
174,35,0,0
174,36,0,0
174,37,0,0
174,38,0,0
174,39,0,0
174,40,0,0
174,41,0,0
174,42,0,0
174,43,0,0
174,44,0,0
174,45,0,0
174,46,0,0
174,47,0,0
174,48,0,0
175,1,14,3
175,2,18,5
175,3,22,7
175,4,20,6
175,5,20,6
175,6,18,5
175,7,20,6
175,8,22,7
175,9,22,6
175,10,20,5
175,11,18,5
175,12,14,3
175,13,14,3
175,14,18,5
175,15,18,5
175,16,18,5
175,17,18,5
175,18,16,4
175,19,14,3
175,20,18,5
175,21,16,4
175,22,16,4
175,23,14,2
175,24,12,1
175,25,10,1
175,26,0,0
175,27,0,0
175,28,0,0
175,29,0,0
175,30,0,0
175,31,0,0
175,32,0,0
175,33,0,0
175,34,0,0
175,35,0,0
176,1,16,4
176,2,18,5
176,3,20,6
176,4,22,7
176,5,22,7
176,6,24,8
176,7,26,9
176,8,26,9
176,9,26,9
176,10,24,8
176,11,24,8
176,12,24,8
176,13,24,8
176,14,26,9
176,15,28,10
176,16,43,11
176,17,47,11
176,18,43,11
176,19,47,13
176,20,47,13
176,21,47,13
176,22,47,13
176,23,45,12
176,24,30,11
176,25,32,12
176,26,43,11
176,27,37,8
176,28,39,9
176,29,43,11
176,30,43,11
176,31,41,10
176,32,37,8
176,33,22,7
176,34,18,5
176,35,14,3
176,36,12,2
176,37,0,0
177,1,16,4
177,2,18,5
177,3,18,5
177,4,20,6
177,5,20,6
177,6,18,5
177,7,20,6
177,8,24,8
177,9,39,8
177,10,24,8
177,11,22,7
177,12,24,7
177,13,22,7
177,14,26,9
177,15,43,11
177,16,45,12
177,17,45,11
177,18,41,9
177,19,26,8
177,20,22,7
177,21,22,7
177,22,39,8
177,23,24,7
177,24,20,6
177,25,18,5
177,26,18,5
177,27,18,5
177,28,37,8
177,29,43,10
177,30,39,8
177,31,22,7
177,32,22,7
177,33,22,7
177,34,22,7
177,35,24,8
177,36,22,7
177,37,37,8
177,38,22,7
177,39,20,6
177,40,18,5
177,41,18,5
177,42,16,4
177,43,12,2
177,44,10,1
177,45,0,0
178,1,16,4
178,2,20,6
178,3,18,4
178,4,18,5
178,5,20,6
178,6,22,7
178,7,24,8
178,8,24,6
178,9,22,6
178,10,22,6
178,11,24,8
178,12,41,10
178,13,45,12
178,14,45,11
178,15,43,10
178,16,24,8
178,17,22,7
178,18,26,9
178,19,28,8
178,20,26,9
178,21,41,9
178,22,24,7
178,23,20,5
178,24,16,2
178,25,0,1
178,26,0,0
178,27,0,0
178,28,0,0
178,29,0,0
178,30,0,0
178,31,0,0
178,32,0,0
178,33,0,0
178,34,0,0
179,1,16,4
179,2,18,4
179,3,18,5
179,4,22,7
179,5,26,9
179,6,28,10
179,7,26,8
179,8,39,9
179,9,37,7
179,10,37,8
179,11,39,9
179,12,41,10
179,13,41,10
179,14,24,7
179,15,20,5
179,16,22,7
179,17,22,7
179,18,24,8
179,19,28,10
179,20,32,12
179,21,28,9
179,22,26,9
179,23,39,8
179,24,43,11
179,25,43,11
179,26,28,10
179,27,22,7
179,28,24,8
179,29,22,7
179,30,20,6
179,31,18,4
179,32,12,2
179,33,10,1
179,34,10,1
179,35,12,2
179,36,16,4
179,37,16,4
179,38,12,2
179,39,10,1
179,40,0,0
180,1,12,2
180,2,14,3
180,3,16,4
180,4,18,5
180,5,20,6
180,6,20,6
180,7,20,6
180,8,20,6
180,9,22,7
180,10,24,8
180,11,26,9
180,12,26,9
180,13,26,9
180,14,26,9
180,15,26,9
180,16,26,8
180,17,24,8
180,18,24,7
180,19,20,5
180,20,18,5
180,21,16,4
180,22,14,3
180,23,0,1
180,24,0,0
180,25,0,0
180,26,0,0
180,27,0,0
180,28,0,0
180,29,0,0
180,30,0,0
180,31,0,0
180,32,0,0
180,33,0,0
180,34,0,0
180,35,0,0
180,36,0,0
180,37,0,0
180,38,0,0
180,39,0,0
181,1,16,4
181,2,20,6
181,3,22,7
181,4,24,8
181,5,39,9
181,6,41,10
181,7,43,11
181,8,41,10
181,9,43,10
181,10,43,11
181,11,69,13
181,12,42,12
181,13,42,13
181,14,59,15
181,15,67,17
181,16,65,16
181,17,65,18
181,18,71,21
181,19,73,22
181,20,77,24
181,21,103,26
181,22,93,28
181,23,93,28
181,24,93,28
181,25,93,28
181,26,93,27
181,27,91,27
181,28,93,28
181,29,113,29
182,1,16,4
182,2,18,5
182,3,20,6
182,4,22,7
182,5,22,7
182,6,22,7
182,7,26,8
182,8,24,8
182,9,26,9
182,10,24,8
182,11,26,9
182,12,26,9
182,13,28,10
182,14,30,11
182,15,34,12
182,16,32,11
182,17,28,10
182,18,41,10
182,19,43,11
182,20,49,14
182,21,49,14
182,22,53,16
182,23,55,17
182,24,53,16
182,25,36,14
182,26,32,12
182,27,22,7
182,28,22,7
182,29,24,8
182,30,24,8
182,31,26,9
182,32,26,9
182,33,28,10
182,34,28,10
182,35,41,10
182,36,47,13
182,37,43,11
182,38,26,9
182,39,22,7
182,40,22,7
182,41,20,6
182,42,20,6
182,43,16,4
182,44,12,2
182,45,0,1
183,1,16,4
183,2,20,5
183,3,22,7
183,4,26,9
183,5,26,8
183,6,22,7
183,7,22,6
183,8,20,6
183,9,22,7
183,10,24,8
183,11,26,8
183,12,22,7
183,13,22,7
183,14,20,6
183,15,20,5
183,16,18,4
183,17,18,4
183,18,16,3
183,19,14,3
183,20,16,3
183,21,14,2
183,22,14,2
183,23,10,1
183,24,0,0
183,25,0,0
183,26,0,0
183,27,0,0
183,28,0,0
183,29,0,0
183,30,0,0
183,31,0,0
183,32,0,0
183,33,0,0
183,34,0,0
183,35,0,0
183,36,0,0
183,37,0,0
183,38,0,0
183,39,0,0
183,40,0,0
183,41,0,0
183,42,0,0
183,43,0,0
183,44,0,0
183,45,0,0
183,46,0,0
183,47,0,0
183,48,0,0
183,49,0,0
183,50,0,0
183,51,0,0
183,52,0,0
183,53,0,0
183,54,0,0
183,55,0,0
183,56,0,0
183,57,0,0
183,58,0,0
183,59,0,0
183,60,0,0
183,61,0,0
183,62,0,0
184,1,16,4
184,2,20,6
184,3,18,5
184,4,20,6
184,5,24,8
184,6,22,7
184,7,22,7
184,8,26,8
184,9,24,8
184,10,26,9
184,11,24,8
184,12,22,6
184,13,22,7
184,14,28,10
184,15,28,9
184,16,39,8
184,17,43,10
184,18,47,13
184,19,49,13
184,20,43,11
184,21,43,11
184,22,28,10
184,23,28,10
184,24,34,12
184,25,38,15
184,26,34,13
184,27,34,13
184,28,51,14
184,29,51,14
184,30,51,15
184,31,55,16
184,32,83,17
184,33,67,19
184,34,73,22
184,35,77,24
184,36,81,25
184,37,81,25
184,38,103,28
184,39,113,29
185,1,14,3
185,2,16,4
185,3,16,3
185,4,14,2
185,5,16,4
185,6,18,5
185,7,22,7
185,8,22,7
185,9,20,6
185,10,20,5
185,11,18,4
185,12,16,3
185,13,14,2
185,14,12,2
185,15,14,3
185,16,16,4
185,17,14,3
185,18,12,2
185,19,12,1
185,20,10,1
185,21,10,1
185,22,10,1
185,23,0,0
185,24,0,0
185,25,0,0
185,26,0,0
185,27,0,0
185,28,0,0
185,29,0,0
185,30,0,0
185,31,0,0
185,32,0,0
185,33,0,0
185,34,0,0
185,35,0,0
185,36,0,0
185,37,0,0
185,38,0,0
185,39,0,0
185,40,0,0
185,41,0,0
185,42,0,0
185,43,0,0
185,44,0,0
185,45,0,0
186,1,16,4
186,2,18,5
186,3,22,7
186,4,22,7
186,5,37,8
186,6,24,8
186,7,26,8
186,8,22,6
186,9,20,5
186,10,16,4
186,11,33,6
186,12,37,7
186,13,28,10
186,14,28,10
186,15,24,8
186,16,18,4
186,17,16,3
186,18,14,2
186,19,12,2
186,20,12,1
186,21,12,2
186,22,14,2
186,23,12,2
186,24,14,3
186,25,12,1
186,26,10,1
186,27,10,1
186,28,0,0
186,29,0,0
186,30,0,0
186,31,0,0
186,32,0,0
186,33,0,0
186,34,0,0
187,1,16,4
187,2,18,5
187,3,18,5
187,4,18,5
187,5,20,6
187,6,20,6
187,7,20,6
187,8,22,7
187,9,22,7
187,10,24,7
187,11,24,8
187,12,37,7
187,13,37,7
187,14,22,7
187,15,37,8
187,16,24,8
187,17,20,6
187,18,22,6
187,19,20,6
187,20,20,5
187,21,16,3
187,22,12,2
187,23,12,2
187,24,12,1
187,25,10,1
187,26,0,0
187,27,0,0
187,28,0,0
187,29,0,0
187,30,0,0
187,31,0,0
187,32,0,0
187,33,0,0
187,34,0,0
187,35,0,0
187,36,0,0
187,37,0,0
187,38,0,0
187,39,0,0
187,40,0,0
187,41,0,0
188,1,16,4
188,2,20,6
188,3,22,7
188,4,24,8
188,5,24,7
188,6,24,8
188,7,24,8
188,8,24,8
188,9,26,9
188,10,43,11
188,11,45,12
188,12,51,15
188,13,51,15
188,14,51,15
188,15,51,15
188,16,49,14
188,17,34,13
188,18,47,13
188,19,51,14
188,20,57,15
188,21,53,15
188,22,53,16
188,23,55,17
188,24,57,18
188,25,77,18
188,26,69,20
188,27,73,22
188,28,60,22
188,29,62,22
188,30,73,20
188,31,69,20
188,32,99,21
188,33,81,22
188,34,85,24
188,35,113,26
189,1,16,4
189,2,18,5
189,3,22,7
189,4,22,7
189,5,24,8
189,6,24,8
189,7,24,8
189,8,22,7
189,9,20,6
189,10,22,7
189,11,26,9
189,12,26,9
189,13,41,10
189,14,39,9
189,15,26,9
189,16,26,8
189,17,26,8
189,18,41,10
189,19,43,10
189,20,41,8
189,21,24,8
189,22,28,10
189,23,32,12
189,24,47,12
189,25,43,10
189,26,45,12
189,27,47,13
189,28,45,12
189,29,32,12
189,30,30,11
189,31,69,13
189,32,59,15
189,33,61,16
189,34,61,16
189,35,63,17
189,36,61,16
189,37,61,16
189,38,50,17
189,39,48,16
189,40,46,15
189,41,44,14
189,42,46,15
189,43,46,15
189,44,59,15
189,45,59,15
189,46,59,15
189,47,63,17
189,48,67,19
189,49,71,21
189,50,91,21
189,51,83,23
189,52,83,23
189,53,85,24
189,54,89,26
189,55,115,28
190,1,16,4
190,2,18,5
190,3,20,6
190,4,20,6
190,5,22,7
190,6,24,8
190,7,24,7
190,8,20,5
190,9,16,3
190,10,14,3
190,11,12,2
190,12,14,3
190,13,16,4
190,14,16,4
190,15,31,5
190,16,33,6
190,17,20,6
190,18,22,7
190,19,20,6
190,20,20,6
190,21,18,5
190,22,18,4
190,23,16,3
190,24,18,5
190,25,18,5
190,26,18,4
190,27,18,5
190,28,18,5
190,29,18,5
190,30,16,4
190,31,16,2
190,32,0,1
191,1,16,4
191,2,18,5
191,3,20,6
191,4,22,7
191,5,24,8
191,6,24,7
191,7,22,6
191,8,18,5
191,9,20,6
191,10,20,6
191,11,20,5
191,12,18,5
191,13,16,4
191,14,16,3
191,15,12,1
191,16,0,0
191,17,0,0
191,18,0,0
191,19,0,0
191,20,0,0
191,21,0,0
191,22,0,0
191,23,0,0
191,24,0,0
191,25,0,0
191,26,0,0
191,27,0,0
191,28,0,0
191,29,0,0
191,30,0,0
191,31,0,0
192,1,16,4
192,2,20,6
192,3,26,8
192,4,24,7
192,5,24,8
192,6,24,8
192,7,24,8
192,8,26,9
192,9,26,9
192,10,26,8
192,11,26,8
192,12,24,8
192,13,24,7
192,14,22,5
192,15,20,4
192,16,18,4
192,17,18,5
192,18,20,6
192,19,20,6
192,20,20,6
192,21,22,7
192,22,22,7
192,23,22,6
192,24,18,4
192,25,16,4
192,26,16,4
192,27,16,4
192,28,18,5
192,29,16,4
192,30,18,5
192,31,16,3
192,32,12,1
192,33,12,2
192,34,16,3
192,35,14,1
192,36,12,2
192,37,12,2
192,38,14,3
192,39,14,3
192,40,0,0
192,41,0,0
192,42,0,0
192,43,0,0
192,44,0,0
192,45,0,0
192,46,0,0
192,47,0,0
193,1,12,2
193,2,12,2
193,3,12,2
193,4,14,3
193,5,16,4
193,6,16,4
193,7,18,5
193,8,20,6
193,9,20,5
193,10,18,5
193,11,18,5
193,12,20,6
193,13,22,7
193,14,22,6
193,15,20,6
193,16,20,5
193,17,20,6
193,18,20,6
193,19,20,6
193,20,20,6
193,21,20,6
193,22,20,6
193,23,20,6
193,24,16,4
193,25,14,3
193,26,16,4
193,27,16,4
193,28,16,4
193,29,16,4
193,30,14,3
193,31,12,2
193,32,12,2
193,33,12,2
193,34,12,2
193,35,10,1
193,36,10,1
193,37,12,2
193,38,12,2
193,39,14,3
193,40,12,2
193,41,10,1
193,42,10,1
193,43,0,0
194,1,14,3
194,2,16,4
194,3,16,4
194,4,16,4
194,5,18,5
194,6,18,4
194,7,18,5
194,8,18,5
194,9,18,4
194,10,18,4
194,11,14,2
194,12,14,3
194,13,14,3
194,14,14,3
194,15,14,3
194,16,14,3
194,17,12,1
194,18,12,2
194,19,18,5
194,20,18,5
194,21,18,4
194,22,16,3
194,23,14,1
194,24,0,0
195,1,16,4
195,2,20,6
195,3,22,7
195,4,22,7
195,5,22,7
195,6,22,7
195,7,24,8
195,8,26,9
195,9,24,7
195,10,24,8
195,11,24,7
195,12,20,6
195,13,22,7
195,14,22,6
195,15,20,4
195,16,18,4
195,17,18,5
195,18,18,5
195,19,18,5
195,20,18,5
195,21,14,3
195,22,12,2
195,23,10,1
195,24,0,0
195,25,0,0
195,26,0,0
195,27,0,0
195,28,0,0
195,29,0,0
195,30,0,0
195,31,0,0
195,32,0,0
195,33,0,0
195,34,0,0
195,35,0,0
195,36,0,0
196,1,14,3
196,2,16,4
196,3,16,4
196,4,16,4
196,5,16,4
196,6,18,5
196,7,18,5
196,8,20,5
196,9,18,3
196,10,16,3
196,11,16,4
196,12,18,5
196,13,22,7
196,14,22,7
196,15,22,7
196,16,22,7
196,17,22,6
196,18,18,5
196,19,16,1
196,20,0,0
196,21,0,0
196,22,0,0
196,23,0,0
196,24,0,0
196,25,0,0
196,26,0,0
196,27,0,0
197,1,16,4
197,2,20,5
197,3,22,7
197,4,22,6
197,5,20,6
197,6,22,7
197,7,22,7
197,8,24,7
197,9,22,7
197,10,22,7
197,11,22,7
197,12,22,6
197,13,22,6
197,14,22,7
197,15,22,7
197,16,20,6
197,17,22,7
197,18,22,6
197,19,20,5
197,20,18,5
197,21,18,4
197,22,31,3
197,23,12,1
197,24,12,2
197,25,18,5
197,26,35,7
197,27,37,8
197,28,35,6
197,29,22,5
197,30,20,6
197,31,22,7
197,32,22,6
197,33,22,6
197,34,20,4
197,35,0,2
197,36,0,1
197,37,0,0
197,38,0,0
197,39,0,0
197,40,0,0
197,41,0,0
197,42,0,0
197,43,0,0
198,1,16,4
198,2,18,5
198,3,22,7
198,4,24,8
198,5,39,9
198,6,45,11
198,7,45,12
198,8,47,12
198,9,45,12
198,10,32,12
198,11,49,14
198,12,53,16
198,13,53,15
198,14,51,14
198,15,47,12
198,16,45,12
198,17,28,9
198,18,30,11
198,19,36,14
198,20,51,14
198,21,55,16
198,22,51,15
198,23,53,16
198,24,57,18
198,25,55,17
198,26,53,16
198,27,38,14
198,28,36,13
198,29,47,11
198,30,45,12
198,31,49,14
198,32,53,16
198,33,49,14
198,34,51,15
198,35,51,15
198,36,71,16
198,37,65,18
198,38,65,18
198,39,65,18
198,40,52,18
198,41,54,19
198,42,71,21
198,43,71,21
198,44,77,24
198,45,83,27
198,46,93,28
198,47,113,29
199,1,14,3
199,2,16,4
199,3,16,4
199,4,20,6
199,5,22,7
199,6,22,7
199,7,22,6
199,8,20,5
199,9,18,4
199,10,16,4
199,11,16,4
199,12,20,6
199,13,18,5
199,14,20,5
199,15,24,8
199,16,24,8
199,17,24,7
199,18,22,6
199,19,20,5
199,20,20,6
199,21,24,7
199,22,22,7
199,23,24,7
199,24,37,8
199,25,39,9
199,26,41,10
199,27,41,9
199,28,22,7
199,29,20,6
199,30,24,7
199,31,22,7
199,32,24,7
199,33,22,7
199,34,20,5
199,35,18,4
199,36,14,2
199,37,12,1
199,38,12,2
199,39,10,1
199,40,0,0
199,41,0,0
199,42,0,0
199,43,0,0
199,44,0,0
199,45,0,0
199,46,0,0
199,47,0,0
199,48,0,0
199,49,0,0
199,50,0,0
199,51,0,0
199,52,0,0
199,53,0,0
199,54,0,0
199,55,0,0
199,56,0,0
199,57,0,0
199,58,0,0
199,59,0,0
199,60,0,0
199,61,0,0
199,62,0,0
200,1,16,4
200,2,20,6
200,3,20,6
200,4,22,7
200,5,24,8
200,6,24,7
200,7,22,7
200,8,22,7
200,9,22,7
200,10,22,7
200,11,24,8
200,12,26,8
200,13,24,7
200,14,22,6
200,15,18,5
200,16,16,2
200,17,10,1
200,18,0,0
200,19,0,0
200,20,0,0
200,21,0,0
200,22,0,0
200,23,0,0
200,24,0,0
200,25,0,0
200,26,0,0
200,27,0,0
200,28,0,0
200,29,0,0
200,30,0,0
200,31,0,0
200,32,0,0
200,33,0,0
201,1,16,4
201,2,22,7
201,3,24,8
201,4,26,9
201,5,28,10
201,6,28,9
201,7,26,9
201,8,24,8
201,9,41,10
201,10,49,14
201,11,47,12
201,12,41,10
201,13,26,9
201,14,30,11
201,15,34,13
201,16,32,11
201,17,43,11
201,18,43,10
201,19,43,11
201,20,43,11
201,21,45,12
201,22,30,11
201,23,30,10
201,24,41,10
201,25,41,10
201,26,41,10
201,27,39,9
201,28,24,8
201,29,22,7
201,30,22,7
201,31,22,6
201,32,20,5
201,33,16,3
201,34,12,2
201,35,10,1
201,36,12,2
201,37,16,4
201,38,16,4
201,39,12,2
201,40,0,1
202,1,16,4
202,2,18,5
202,3,22,7
202,4,22,7
202,5,22,7
202,6,24,8
202,7,39,8
202,8,37,8
202,9,39,8
202,10,41,10
202,11,45,11
202,12,45,11
202,13,43,9
202,14,28,9
202,15,64,11
202,16,44,14
202,17,61,16
202,18,63,17
202,19,67,18
202,20,69,19
202,21,69,18
202,22,95,21
202,23,81,22
202,24,83,23
202,25,85,24
202,26,91,27
202,27,113,28
203,1,14,3
203,2,16,4
203,3,18,5
203,4,20,6
203,5,20,6
203,6,24,8
203,7,26,8
203,8,22,6
203,9,18,5
203,10,18,4
203,11,16,4
203,12,33,6
203,13,18,5
203,14,20,6
203,15,24,8
203,16,24,8
203,17,39,9
203,18,43,10
203,19,45,12
203,20,43,10
203,21,45,11
203,22,41,9
203,23,22,7
203,24,37,7
203,25,24,7
203,26,22,7
203,27,22,7
203,28,22,7
203,29,22,6
203,30,20,5
203,31,18,4
203,32,16,3
203,33,14,2
203,34,14,2
203,35,0,0
203,36,0,0
203,37,0,0
203,38,0,0
203,39,0,0
203,40,0,0
203,41,0,0
204,1,16,4
204,2,20,6
204,3,22,7
204,4,24,7
204,5,24,8
204,6,22,7
204,7,22,6
204,8,20,5
204,9,22,7
204,10,37,8
204,11,39,9
204,12,43,10
204,13,45,11
204,14,39,8
204,15,24,8
204,16,20,6
204,17,24,8
204,18,41,9
204,19,45,11
204,20,43,11
204,21,45,12
204,22,47,13
204,23,47,13
204,24,49,13
204,25,30,9
204,26,24,8
204,27,24,8
204,28,26,8
204,29,24,7
204,30,18,5
204,31,16,4
204,32,18,5
204,33,18,4
204,34,0,2
204,35,0,0
204,36,0,0
204,37,0,0
204,38,0,0
204,39,0,0
205,1,16,4
205,2,20,6
205,3,22,7
205,4,26,8
205,5,26,8
205,6,24,7
205,7,22,7
205,8,20,5
205,9,16,4
205,10,16,4
205,11,16,4
205,12,14,2
205,13,12,2
205,14,14,3
205,15,16,3
205,16,14,3
205,17,14,3
205,18,10,1
205,19,12,2
205,20,18,5
205,21,20,5
205,22,20,5
205,23,20,5
205,24,20,6
205,25,20,5
205,26,20,5
205,27,0,3
205,28,0,1
205,29,0,1
205,30,0,1
205,31,0,0
205,32,0,0
205,33,0,0
205,34,0,0
205,35,0,0
205,36,0,0
205,37,0,0
205,38,0,0
205,39,0,0
205,40,0,0
205,41,0,0
205,42,0,0
205,43,0,0
205,44,0,0
205,45,0,0
206,1,16,4
206,2,18,5
206,3,22,7
206,4,22,7
206,5,22,7
206,6,20,6
206,7,22,7
206,8,37,8
206,9,39,9
206,10,41,8
206,11,37,7
206,12,24,7
206,13,26,8
206,14,26,9
206,15,39,9
206,16,43,11
206,17,32,11
206,18,26,9
206,19,28,8
206,20,20,6
206,21,22,7
206,22,24,6
206,23,22,6
206,24,20,6
206,25,22,7
206,26,22,6
206,27,20,5
206,28,22,7
206,29,24,8
206,30,26,9
206,31,28,9
206,32,39,9
206,33,41,10
206,34,41,10
206,35,41,10
206,36,26,9
206,37,26,9
206,38,24,8
206,39,28,9
206,40,30,10
206,41,28,10
206,42,24,8
206,43,39,9
206,44,43,11
206,45,43,11
206,46,41,10
206,47,26,9
206,48,24,8
206,49,22,7
206,50,18,5
206,51,12,2
206,52,0,0
207,1,16,4
207,2,20,6
207,3,20,5
207,4,20,5
207,5,20,6
207,6,24,7
207,7,24,8
207,8,26,9
207,9,26,9
207,10,26,9
207,11,26,9
207,12,24,8
207,13,22,7
207,14,20,6
207,15,24,8
207,16,26,8
207,17,24,8
207,18,24,7
207,19,24,8
207,20,22,7
207,21,20,6
207,22,22,7
207,23,26,9
207,24,43,11
207,25,45,11
207,26,28,10
207,27,26,9
207,28,28,10
207,29,28,10
207,30,41,10
207,31,43,11
207,32,47,13
207,33,49,14
207,34,51,15
207,35,53,16
207,36,53,16
207,37,38,15
207,38,32,12
207,39,30,11
207,40,28,10
207,41,26,9
207,42,28,10
207,43,26,9
207,44,24,8
207,45,20,6
207,46,16,4
207,47,14,3
207,48,12,2
207,49,12,2
207,50,10,1
207,51,0,0
208,1,16,4
208,2,22,7
208,3,22,7
208,4,22,7
208,5,24,8
208,6,22,6
208,7,20,6
208,8,20,6
208,9,22,7
208,10,24,7
208,11,22,6
208,12,22,7
208,13,39,9
208,14,43,11
208,15,45,12
208,16,45,11
208,17,41,8
208,18,37,8
208,19,33,6
208,20,18,5
208,21,20,6
208,22,22,7
208,23,24,8
208,24,26,9
208,25,28,10
208,26,24,8
208,27,24,8
208,28,24,8
208,29,24,8
208,30,20,6
208,31,18,5
208,32,14,3
208,33,14,3
208,34,10,1
208,35,12,2
208,36,12,2
208,37,12,2
208,38,10,1
208,39,0,0
209,1,14,3
209,2,16,4
209,3,20,6
209,4,20,6
209,5,20,6
209,6,20,6
209,7,22,7
209,8,22,7
209,9,24,8
209,10,26,9
209,11,28,10
209,12,41,10
209,13,41,10
209,14,45,12
209,15,47,12
209,16,45,10
209,17,37,7
209,18,22,7
209,19,18,5
209,20,18,5
209,21,22,7
209,22,37,8
209,23,41,10
209,24,41,10
209,25,37,7
209,26,20,6
209,27,20,6
209,28,22,7
209,29,24,8
209,30,28,10
209,31,30,10
209,32,26,9
209,33,24,8
209,34,18,5
209,35,16,4
209,36,0,2
210,1,14,3
210,2,16,4
210,3,16,4
210,4,18,5
210,5,20,6
210,6,22,6
210,7,20,6
210,8,20,6
210,9,20,6
210,10,20,6
210,11,20,6
210,12,24,8
210,13,24,8
210,14,26,9
210,15,39,9
210,16,37,8
210,17,41,9
210,18,26,9
210,19,24,8
210,20,26,8
210,21,24,8
210,22,24,7
210,23,41,10
210,24,43,11
210,25,43,10
210,26,26,9
210,27,26,9
210,28,22,7
210,29,20,6
210,30,18,5
210,31,18,5
210,32,18,4
210,33,18,5
210,34,16,4
210,35,12,2
210,36,10,1
210,37,0,0
211,1,16,4
211,2,18,5
211,3,20,6
211,4,22,6
211,5,22,6
211,6,20,6
211,7,22,7
211,8,24,7
211,9,20,4
211,10,20,5
211,11,18,5
211,12,18,5
211,13,18,5
211,14,16,4
211,15,18,5
211,16,18,5
211,17,18,5
211,18,18,4
211,19,18,5
211,20,18,4
211,21,18,5
211,22,20,5
211,23,0,3
211,24,0,3
211,25,0,0
211,26,0,0
211,27,0,0
211,28,0,0
211,29,0,0
211,30,0,0
211,31,0,0
212,1,12,2
212,2,14,3
212,3,16,4
212,4,16,4
212,5,16,4
212,6,16,4
212,7,16,4
212,8,16,4
212,9,18,3
212,10,18,5
212,11,18,4
212,12,16,3
212,13,12,2
212,14,14,2
212,15,16,4
212,16,16,4
212,17,18,5
212,18,20,6
212,19,20,5
212,20,16,3
212,21,16,4
212,22,16,3
212,23,16,4
212,24,18,4
212,25,16,3
212,26,12,2
212,27,10,1
212,28,10,1
212,29,12,2
212,30,16,4
212,31,18,4
212,32,16,2
212,33,10,1
212,34,12,2
212,35,10,1
212,36,0,0
212,37,0,0
213,1,16,4
213,2,18,5
213,3,18,5
213,4,18,5
213,5,18,5
213,6,18,5
213,7,18,5
213,8,18,5
213,9,18,5
213,10,16,4
213,11,16,4
213,12,22,7
213,13,39,9
213,14,39,7
213,15,22,6
213,16,18,4
213,17,18,5
213,18,18,5
213,19,20,6
213,20,20,6
213,21,20,6
213,22,24,8
213,23,41,9
213,24,41,10
213,25,41,9
213,26,37,6
213,27,20,6
213,28,18,3
213,29,0,0
213,30,0,0
213,31,0,0
213,32,0,0
213,33,0,0
213,34,0,0
214,1,18,5
214,2,20,6
214,3,20,6
214,4,22,7
214,5,22,6
214,6,22,7
214,7,22,7
214,8,22,7
214,9,24,8
214,10,24,8
214,11,24,8
214,12,24,8
214,13,24,7
214,14,22,6
214,15,20,5
214,16,20,6
214,17,22,7
214,18,22,7
214,19,24,8
214,20,24,8
214,21,24,8
214,22,24,8
214,23,26,9
214,24,26,8
214,25,24,7
214,26,22,7
214,27,20,6
214,28,20,6
214,29,22,7
214,30,24,8
214,31,24,8
214,32,24,8
214,33,24,7
214,34,22,6
214,35,22,7
214,36,39,9
214,37,45,12
214,38,45,12
214,39,45,12
214,40,43,10
214,41,41,8
214,42,33,6
214,43,0,4
214,44,0,3
214,45,0,4
214,46,0,3
214,47,0,2
214,48,0,2
214,49,0,2
214,50,0,3
214,51,0,4
214,52,0,3
214,53,0,3
214,54,0,1
214,55,0,1
214,56,0,0
214,57,0,0
214,58,0,0
214,59,0,0
214,60,0,0
214,61,0,0
214,62,0,0
214,63,0,0
214,64,0,0
214,65,0,0
214,66,0,0
214,67,0,0
214,68,0,0
214,69,0,0
214,70,0,0
215,1,12,2
215,2,14,3
215,3,14,3
215,4,18,4
215,5,16,3
215,6,16,4
215,7,18,5
215,8,18,4
215,9,18,5
215,10,20,6
215,11,22,7
215,12,22,7
215,13,24,8
215,14,28,10
215,15,30,11
215,16,34,13
215,17,34,12
215,18,32,10
215,19,26,7
215,20,20,6
215,21,20,6
215,22,20,6
215,23,22,7
215,24,39,9
215,25,41,8
215,26,24,6
215,27,18,4
215,28,18,5
215,29,18,4
215,30,16,4
215,31,18,4
215,32,16,4
215,33,18,4
215,34,14,2
215,35,12,2
215,36,12,2
215,37,14,3
215,38,14,3
215,39,16,4
215,40,20,6
215,41,20,5
215,42,16,4
215,43,16,3
215,44,12,1
215,45,12,1
215,46,10,1
215,47,10,1
215,48,10,1
215,49,12,1
215,50,10,1
215,51,10,1
215,52,12,2
215,53,14,3
215,54,12,1
215,55,12,1
215,56,10,1
215,57,10,1
215,58,10,1
215,59,0,0
215,60,0,0
215,61,0,0
216,1,14,3
216,2,14,3
216,3,14,3
216,4,16,4
216,5,16,4
216,6,18,5
216,7,18,5
216,8,20,5
216,9,22,7
216,10,24,8
216,11,41,10
216,12,45,12
216,13,43,11
216,14,41,10
216,15,41,10
216,16,41,10
216,17,41,9
216,18,41,9
216,19,43,10
216,20,45,12
216,21,47,12
216,22,28,10
216,23,26,9
216,24,26,9
216,25,32,12
216,26,56,14
216,27,61,16
216,28,59,15
216,29,61,15
216,30,63,17
216,31,65,17
216,32,65,17
216,33,67,19
216,34,74,19
216,35,60,18
216,36,64,20
216,37,83,23
216,38,83,23
216,39,85,24
216,40,85,24
216,41,113,24
217,1,16,4
217,2,20,5
217,3,20,5
217,4,18,5
217,5,18,5
217,6,18,4
217,7,18,5
217,8,18,5
217,9,18,4
217,10,16,3
217,11,14,3
217,12,14,3
217,13,18,5
217,14,20,6
217,15,18,4
217,16,16,4
217,17,18,5
217,18,20,5
217,19,18,5
217,20,20,6
217,21,20,4
217,22,18,4
217,23,16,3
217,24,14,3
217,25,14,2
217,26,12,1
217,27,12,2
217,28,12,2
217,29,14,3
217,30,16,4
217,31,14,2
217,32,0,0
217,33,0,0
217,34,0,0
217,35,0,0
217,36,0,0
217,37,0,0
217,38,0,0
217,39,0,0
217,40,0,0
217,41,0,0
217,42,0,0
217,43,0,0
218,1,16,4
218,2,20,6
218,3,20,6
218,4,22,7
218,5,22,7
218,6,24,8
218,7,26,9
218,8,26,9
218,9,26,9
218,10,26,8
218,11,24,8
218,12,24,8
218,13,24,8
218,14,24,8
218,15,22,5
218,16,16,3
218,17,0,2
218,18,0,1
218,19,0,0
218,20,0,0
218,21,0,0
218,22,0,0
218,23,0,0
218,24,0,0
218,25,0,0
218,26,0,0
218,27,0,0
219,1,14,3
219,2,14,3
219,3,16,4
219,4,18,5
219,5,18,4
219,6,16,4
219,7,18,5
219,8,20,6
219,9,22,5
219,10,20,5
219,11,20,5
219,12,16,3
219,13,14,2
219,14,10,1
219,15,12,2
219,16,12,1
219,17,10,1
219,18,12,2
219,19,14,3
219,20,16,4
219,21,16,3
219,22,14,3
219,23,14,3
219,24,14,2
219,25,12,1
219,26,12,2
219,27,14,3
219,28,16,4
219,29,18,5
219,30,16,4
219,31,14,3
219,32,14,2
219,33,14,3
219,34,20,6
219,35,20,5
219,36,18,5
219,37,18,5
219,38,20,5
219,39,20,5
219,40,18,5
219,41,20,5
219,42,18,4
219,43,14,3
219,44,0,2
219,45,0,2
219,46,0,1
219,47,0,0
220,1,16,4
220,2,20,6
220,3,24,8
220,4,24,7
220,5,22,7
220,6,26,8
220,7,39,8
220,8,41,10
220,9,41,10
220,10,41,10
220,11,41,10
220,12,32,11
220,13,43,11
220,14,45,12
220,15,49,14
220,16,51,14
220,17,43,10
220,18,41,9
220,19,39,8
220,20,37,6
220,21,18,5
220,22,20,6
220,23,22,7
220,24,24,8
220,25,26,9
220,26,26,9
220,27,28,9
220,28,26,8
220,29,24,7
220,30,22,7
220,31,22,7
220,32,24,8
220,33,22,7
220,34,22,7
220,35,16,4
220,36,16,4
220,37,18,5
220,38,18,5
220,39,14,3
220,40,10,1
220,41,0,0
221,1,16,4
221,2,20,5
221,3,20,5
221,4,18,5
221,5,18,5
221,6,18,5
221,7,20,6
221,8,22,6
221,9,18,4
221,10,16,4
221,11,16,4
221,12,18,4
221,13,20,6
221,14,20,6
221,15,20,6
221,16,18,5
221,17,18,4
221,18,16,4
221,19,31,5
221,20,18,5
221,21,18,5
221,22,18,4
221,23,20,5
221,24,16,3
221,25,12,1
221,26,12,2
221,27,10,1
221,28,10,1
221,29,12,2
221,30,10,1
221,31,12,2
221,32,10,1
221,33,10,1
221,34,10,1
221,35,14,2
221,36,0,0
221,37,0,0
221,38,0,0
221,39,0,0
221,40,0,0
221,41,0,0
221,42,0,0
221,43,0,0
221,44,0,0
221,45,0,0
221,46,0,0
221,47,0,0
222,1,14,3
222,2,18,5
222,3,22,6
222,4,22,6
222,5,22,7
222,6,37,8
222,7,39,9
222,8,43,11
222,9,49,13
222,10,47,12
222,11,45,12
222,12,45,12
222,13,43,10
222,14,28,9
222,15,26,9
222,16,26,8
222,17,26,9
222,18,28,10
222,19,41,9
222,20,41,9
222,21,43,10
222,22,43,11
222,23,47,13
222,24,45,12
222,25,49,13
222,26,49,14
222,27,47,13
222,28,51,14
222,29,34,13
222,30,60,14
222,31,61,16
222,32,61,16
222,33,65,18
222,34,65,18
222,35,67,19
222,36,69,20
222,37,56,20
222,38,54,19
222,39,101,20
222,40,70,23
222,41,70,23
222,42,70,23
222,43,70,23
222,44,81,22
222,45,87,25
222,46,91,27
222,47,93,28
222,48,113,29
223,1,14,3
223,2,14,3
223,3,18,5
223,4,20,6
223,5,22,7
223,6,22,7
223,7,22,7
223,8,22,7
223,9,24,8
223,10,22,7
223,11,22,7
223,12,22,6
223,13,35,6
223,14,16,3
223,15,12,2
223,16,12,2
223,17,16,4
223,18,16,4
223,19,18,5
223,20,18,5
223,21,18,4
223,22,14,2
223,23,14,2
223,24,0,1
223,25,0,0
223,26,0,0
223,27,0,0
223,28,0,0
223,29,0,0
223,30,0,0
223,31,0,0
223,32,0,0
223,33,0,0
223,34,0,0
223,35,0,0
223,36,0,0
223,37,0,0
223,38,0,0
223,39,0,0
223,40,0,0
223,41,0,0
224,1,16,4
224,2,20,6
224,3,24,8
224,4,41,9
224,5,41,9
224,6,41,10
224,7,43,11
224,8,30,11
224,9,26,8
224,10,26,8
224,11,56,11
224,12,38,11
224,13,42,13
224,14,59,15
224,15,63,17
224,16,67,19
224,17,69,20
224,18,65,18
224,19,50,17
224,20,48,16
224,21,52,18
224,22,54,19
224,23,69,20
224,24,73,22
224,25,75,23
224,26,75,23
224,27,99,23
224,28,85,24
224,29,89,26
224,30,115,28
225,1,16,4
225,2,20,6
225,3,22,7
225,4,26,9
225,5,28,9
225,6,26,9
225,7,22,7
225,8,39,9
225,9,22,7
225,10,37,7
225,11,39,9
225,12,43,10
225,13,28,9
225,14,24,8
225,15,24,8
225,16,24,8
225,17,22,7
225,18,26,9
225,19,45,11
225,20,49,14
225,21,49,14
225,22,43,11
225,23,39,9
225,24,26,9
225,25,28,10
225,26,34,13
225,27,47,13
225,28,49,14
225,29,51,15
225,30,47,13
225,31,32,12
225,32,49,14
225,33,49,14
225,34,51,15
225,35,51,15
225,36,34,13
225,37,34,13
225,38,30,11
225,39,26,9
225,40,24,8
225,41,22,7
225,42,35,7
225,43,37,8
225,44,0,4
226,1,14,3
226,2,14,3
226,3,14,3
226,4,16,4
226,5,18,5
226,6,18,5
226,7,18,5
226,8,20,6
226,9,20,6
226,10,20,6
226,11,20,6
226,12,18,4
226,13,16,3
226,14,14,3
226,15,16,4
226,16,18,5
226,17,22,7
226,18,24,8
226,19,39,9
226,20,39,9
226,21,41,10
226,22,26,9
226,23,24,8
226,24,26,9
226,25,28,9
226,26,28,9
226,27,28,9
226,28,43,9
226,29,45,12
226,30,67,13
226,31,55,11
226,32,55,12
226,33,42,12
226,34,46,14
226,35,46,14
226,36,44,13
226,37,42,11
226,38,38,10
226,39,40,10
226,40,51,10
226,41,53,9
226,42,43,10
226,43,41,9
226,44,43,8
226,45,41,9
226,46,28,7
226,47,22,7
226,48,22,5
226,49,18,5
226,50,18,4
226,51,16,2
226,52,0,1
227,1,14,3
227,2,18,5
227,3,22,7
227,4,22,6
227,5,22,7
227,6,24,8
227,7,37,8
227,8,41,10
227,9,45,11
227,10,43,9
227,11,24,7
227,12,24,8
227,13,24,7
227,14,22,6
227,15,20,6
227,16,22,7
227,17,39,9
227,18,41,10
227,19,47,12
227,20,32,11
227,21,28,10
227,22,28,10
227,23,28,10
227,24,43,11
227,25,45,11
227,26,47,13
227,27,49,14
227,28,49,14
227,29,49,13
227,30,49,12
227,31,49,13
227,32,51,15
227,33,75,15
227,34,61,16
227,35,65,17
227,36,50,16
227,37,48,16
227,38,69,20
227,39,73,22
227,40,75,22
227,41,77,23
227,42,79,24
227,43,101,25
227,44,89,26
227,45,113,27
228,1,16,4
228,2,20,6
228,3,22,7
228,4,22,6
228,5,18,5
228,6,22,6
228,7,37,8
228,8,39,9
228,9,41,10
228,10,45,12
228,11,43,11
228,12,39,9
228,13,43,10
228,14,28,10
228,15,30,11
228,16,32,11
228,17,47,12
228,18,47,12
228,19,47,12
228,20,45,12
228,21,39,9
228,22,41,9
228,23,28,10
228,24,28,9
228,25,28,9
228,26,26,9
228,27,30,11
228,28,30,11
228,29,71,12
228,30,44,14
228,31,46,15
228,32,46,15
228,33,46,15
228,34,57,14
228,35,59,15
228,36,63,17
228,37,63,17
228,38,67,19
228,39,73,22
228,40,60,22
228,41,58,21
228,42,58,21
228,43,62,23
228,44,79,25
228,45,79,25
228,46,77,24
228,47,75,23
228,48,75,23
228,49,75,23
228,50,79,25
228,51,68,26
228,52,113,26
228,53,78,27
228,54,78,27
228,55,78,27
228,56,78,27
228,57,93,28
228,58,103,29
229,1,14,3
229,2,18,5
229,3,20,6
229,4,22,7
229,5,24,7
229,6,22,6
229,7,20,6
229,8,20,6
229,9,22,6
229,10,22,7
229,11,22,7
229,12,20,6
229,13,22,6
229,14,35,6
229,15,37,7
229,16,18,5
229,17,14,2
229,18,12,2
229,19,12,2
229,20,16,4
229,21,20,6
229,22,18,4
229,23,18,5
229,24,18,4
229,25,18,4
229,26,18,4
229,27,0,1
229,28,0,0
229,29,0,0
229,30,0,0
229,31,0,0
229,32,0,0
229,33,0,0
229,34,0,0
229,35,0,0
229,36,0,0
229,37,0,0
229,38,0,0
229,39,0,0
229,40,0,0
229,41,0,0
229,42,0,0
229,43,0,0
229,44,0,0
229,45,0,0
229,46,0,0
230,1,12,2
230,2,12,2
230,3,14,2
230,4,16,4
230,5,18,5
230,6,16,4
230,7,18,5
230,8,18,5
230,9,20,6
230,10,20,6
230,11,18,5
230,12,20,6
230,13,22,7
230,14,39,8
230,15,24,8
230,16,26,8
230,17,24,7
230,18,20,5
230,19,18,4
230,20,16,4
230,21,0,3
230,22,0,4
230,23,0,5
230,24,0,5
230,25,0,4
230,26,0,2
230,27,0,2
230,28,0,2
230,29,0,2
230,30,0,1
230,31,0,1
230,32,0,1
230,33,0,0
230,34,0,0
230,35,0,0
230,36,0,0
230,37,0,0
230,38,0,0
230,39,0,0
230,40,0,0
230,41,0,0
230,42,0,0
230,43,0,0
230,44,0,0
230,45,0,0
230,46,0,0
230,47,0,0
230,48,0,0
231,1,14,3
231,2,16,4
231,3,16,4
231,4,20,6
231,5,20,6
231,6,20,6
231,7,20,5
231,8,18,5
231,9,20,6
231,10,18,4
231,11,18,5
231,12,20,6
231,13,20,6
231,14,18,5
231,15,18,5
231,16,33,6
231,17,33,5
231,18,29,3
231,19,10,1
231,20,12,2
231,21,16,4
231,22,20,6
231,23,20,6
231,24,20,6
231,25,22,7
231,26,18,5
231,27,14,3
231,28,12,2
231,29,10,1
231,30,0,0
232,1,16,4
232,2,20,6
232,3,20,5
232,4,18,5
232,5,22,7
232,6,24,8
232,7,26,8
232,8,37,8
232,9,39,9
232,10,39,9
232,11,39,9
232,12,39,8
232,13,22,7
232,14,22,6
232,15,35,7
232,16,35,6
232,17,33,5
232,18,20,6
232,19,20,5
232,20,18,5
232,21,16,4
232,22,20,6
232,23,24,8
232,24,22,7
232,25,37,7
232,26,37,7
232,27,33,5
232,28,31,5
232,29,33,6
232,30,18,5
232,31,16,3
232,32,14,3
232,33,16,4
232,34,18,5
232,35,18,5
232,36,16,4
232,37,14,3
232,38,12,2
232,39,0,1
233,1,14,3
233,2,14,3
233,3,16,4
233,4,16,4
233,5,18,5
233,6,22,7
233,7,22,7
233,8,22,7
233,9,20,6
233,10,24,8
233,11,41,10
233,12,43,11
233,13,43,11
233,14,41,9
233,15,24,8
233,16,22,6
233,17,18,4
233,18,20,6
233,19,35,7
233,20,39,9
233,21,41,10
233,22,41,10
233,23,37,7
233,24,22,7
233,25,22,7
233,26,24,8
233,27,24,8
233,28,39,9
233,29,43,11
233,30,47,13
233,31,49,14
233,32,49,13
233,33,45,12
233,34,34,13
233,35,32,11
233,36,30,11
233,37,30,11
233,38,34,12
233,39,43,11
233,40,41,10
233,41,43,11
233,42,45,11
233,43,45,12
233,44,43,11
233,45,30,11
233,46,30,11
233,47,28,10
233,48,26,9
233,49,24,8
233,50,26,9
233,51,30,11
233,52,32,12
233,53,32,12
233,54,54,14
233,55,42,13
233,56,40,12
233,57,53,12
233,58,45,12
233,59,41,10
233,60,41,10
233,61,24,8
233,62,24,8
233,63,37,8
233,64,0,7
234,1,16,4
234,2,18,5
234,3,20,6
234,4,22,7
234,5,37,8
234,6,37,6
234,7,22,6
234,8,24,8
234,9,26,9
234,10,24,8
234,11,22,7
234,12,41,9
234,13,26,7
234,14,22,6
234,15,22,7
234,16,24,8
234,17,26,8
234,18,41,10
234,19,45,12
234,20,47,13
234,21,43,11
234,22,24,8
234,23,22,7
234,24,26,9
234,25,30,11
234,26,50,12
234,27,55,13
234,28,61,16
234,29,61,16
234,30,59,15
234,31,57,14
234,32,53,12
234,33,38,11
234,34,36,10
234,35,36,10
234,36,34,9
234,37,34,9
234,38,36,10
234,39,38,11
234,40,40,12
234,41,44,14
234,42,48,16
234,43,63,17
234,44,65,18
234,45,69,20
234,46,73,22
234,47,73,22
234,48,75,23
234,49,77,24
234,50,97,25
234,51,89,26
234,52,87,25
234,53,87,25
234,54,87,25
234,55,87,25
234,56,89,26
234,57,91,27
234,58,113,28
235,1,16,4
235,2,20,6
235,3,20,6
235,4,20,6
235,5,22,7
235,6,20,6
235,7,18,4
235,8,16,3
235,9,16,4
235,10,20,6
235,11,20,6
235,12,18,5
235,13,18,5
235,14,20,6
235,15,20,5
235,16,18,5
235,17,31,5
235,18,35,5
235,19,20,6
235,20,22,7
235,21,22,5
235,22,20,5
235,23,18,4
235,24,0,2
235,25,0,0
236,1,12,2
236,2,12,2
236,3,12,2
236,4,14,3
236,5,20,6
236,6,22,6
236,7,22,6
236,8,20,6
236,9,20,5
236,10,16,2
236,11,12,2
236,12,14,2
236,13,12,1
236,14,12,2
236,15,14,3
236,16,18,5
236,17,16,4
236,18,16,3
236,19,12,1
236,20,10,1
236,21,12,2
236,22,14,2
236,23,12,2
236,24,14,3
236,25,18,4
236,26,0,2
236,27,0,0
236,28,0,0
236,29,0,0
236,30,0,0
236,31,0,0
236,32,0,0
236,33,0,0
236,34,0,0
236,35,0,0
236,36,0,0
236,37,0,0
236,38,0,0
236,39,0,0
237,1,16,4
237,2,22,7
237,3,24,7
237,4,22,7
237,5,20,6
237,6,20,6
237,7,22,7
237,8,22,7
237,9,20,6
237,10,22,6
237,11,20,5
237,12,16,3
237,13,14,3
237,14,14,3
237,15,14,3
237,16,12,2
237,17,10,1
237,18,10,1
237,19,12,2
237,20,16,4
237,21,14,2
237,22,12,2
237,23,10,1
237,24,10,1
237,25,0,0
237,26,0,0
237,27,0,0
237,28,0,0
237,29,0,0
237,30,0,0
237,31,0,0
237,32,0,0
237,33,0,0
237,34,0,0
237,35,0,0
237,36,0,0
237,37,0,0
237,38,0,0
237,39,0,0
237,40,0,0
237,41,0,0
237,42,0,0
237,43,0,0
237,44,0,0
237,45,0,0
237,46,0,0
237,47,0,0
237,48,0,0
238,1,16,4
238,2,18,5
238,3,20,5
238,4,18,5
238,5,18,5
238,6,20,6
238,7,20,5
238,8,20,6
238,9,22,7
238,10,39,9
238,11,43,11
238,12,43,10
238,13,41,10
238,14,43,11
238,15,41,10
238,16,41,9
238,17,24,8
238,18,26,8
238,19,24,7
238,20,24,8
238,21,39,9
238,22,43,10
238,23,41,10
238,24,24,8
238,25,24,7
238,26,41,9
238,27,41,10
238,28,41,9
238,29,39,9
238,30,26,9
238,31,28,10
238,32,30,11
238,33,47,13
238,34,34,13
238,35,52,13
238,36,57,14
238,37,61,16
238,38,61,16
238,39,59,15
238,40,59,15
238,41,46,15
238,42,48,16
238,43,48,16
238,44,48,16
238,45,54,19
238,46,50,17
238,47,48,16
238,48,56,16
238,49,58,17
238,50,73,18
238,51,75,19
238,52,71,17
238,53,61,16
238,54,59,15
238,55,61,16
238,56,44,14
238,57,42,13
238,58,38,11
238,59,36,10
238,60,117,12
238,61,48,12
238,62,52,14
238,63,56,16
238,64,56,16
238,65,58,17
238,66,58,17
238,67,75,19
238,68,77,20
238,69,81,22
238,70,83,23
238,71,89,26
238,72,99,27
239,1,16,4
239,2,22,7
239,3,24,8
239,4,22,7
239,5,24,7
239,6,22,7
239,7,24,8
239,8,26,9
239,9,26,9
239,10,26,9
239,11,24,8
239,12,24,8
239,13,26,7
239,14,22,7
239,15,24,7
239,16,22,7
239,17,24,8
239,18,37,7
239,19,39,9
239,20,41,10
239,21,26,8
239,22,22,7
239,23,24,8
239,24,28,10
239,25,43,11
239,26,45,12
239,27,45,12
239,28,47,13
239,29,49,14
239,30,49,14
239,31,32,12
239,32,24,8
239,33,26,9
239,34,28,10
239,35,28,10
239,36,47,13
239,37,51,15
239,38,55,17
239,39,53,16
239,40,60,16
239,41,46,15
239,42,44,14
239,43,57,14
239,44,57,14
239,45,59,15
239,46,57,14
239,47,40,12
239,48,36,10
239,49,36,10
239,50,34,9
239,51,32,8
239,52,32,8
239,53,28,6
239,54,16,4
239,55,16,4
239,56,18,5
239,57,18,5
239,58,14,3
239,59,14,3
239,60,14,3
239,61,14,3
239,62,12,2
239,63,12,2
239,64,10,1
239,65,0,0
240,1,16,4
240,2,20,6
240,3,22,7
240,4,24,7
240,5,24,8
240,6,24,8
240,7,24,7
240,8,39,8
240,9,37,8
240,10,41,10
240,11,43,10
240,12,24,7
240,13,22,7
240,14,22,7
240,15,37,8
240,16,39,9
240,17,0,7
240,18,0,5
240,19,0,4
240,20,0,2
240,21,0,0
240,22,0,0
240,23,0,0
240,24,0,0
240,25,0,0
240,26,0,0
240,27,0,0
240,28,0,0
240,29,0,0
240,30,0,0
240,31,0,0
240,32,0,0
240,33,0,0
240,34,0,0
240,35,0,0
240,36,0,0
240,37,0,0
241,1,16,4
241,2,20,6
241,3,24,7
241,4,24,7
241,5,24,8
241,6,26,9
241,7,24,7
241,8,20,5
241,9,18,4
241,10,18,4
241,11,0,3
241,12,0,2
241,13,0,2
241,14,0,1
241,15,0,0
241,16,0,0
241,17,0,0
241,18,0,0
241,19,0,0
241,20,0,0
241,21,0,0
241,22,0,0
241,23,0,0
241,24,0,0
241,25,0,0
241,26,0,0
241,27,0,0
241,28,0,0
241,29,0,0
241,30,0,0
241,31,0,0
241,32,0,0
241,33,0,0
241,34,0,0
241,35,0,0
241,36,0,0
241,37,0,0
241,38,0,0
241,39,0,0
241,40,0,0
241,41,0,0
241,42,0,0
241,43,0,0
241,44,0,0
241,45,0,0
241,46,0,0
242,1,14,3
242,2,16,4
242,3,16,4
242,4,16,4
242,5,16,4
242,6,18,5
242,7,16,4
242,8,16,4
242,9,16,4
242,10,16,4
242,11,18,5
242,12,20,6
242,13,20,5
242,14,20,6
242,15,20,5
242,16,18,5
242,17,22,7
242,18,22,7
242,19,20,6
242,20,16,4
242,21,18,5
242,22,18,5
242,23,18,5
242,24,18,5
242,25,18,5
242,26,18,4
242,27,14,3
242,28,14,2
242,29,14,3
242,30,14,2
242,31,12,2
242,32,14,3
242,33,14,2
242,34,0,1
243,1,14,3
243,2,16,4
243,3,16,4
243,4,18,5
243,5,20,6
243,6,20,6
243,7,20,5
243,8,18,5
243,9,16,3
243,10,14,3
243,11,16,4
243,12,31,5
243,13,33,6
243,14,35,5
243,15,18,2
243,16,18,5
243,17,24,8
243,18,24,8
243,19,24,7
243,20,20,5
243,21,14,2
243,22,0,1
243,23,0,0
243,24,0,0
243,25,0,0
243,26,0,0
243,27,0,0
243,28,0,0
243,29,0,0
243,30,0,0
243,31,0,0
244,1,14,3
244,2,18,5
244,3,20,5
244,4,20,6
244,5,20,6
244,6,22,7
244,7,20,6
244,8,20,6
244,9,22,5
244,10,20,6
244,11,22,7
244,12,22,7
244,13,20,6
244,14,20,5
244,15,18,5
244,16,16,2
244,17,14,2
244,18,12,2
244,19,14,3
244,20,16,4
244,21,14,3
244,22,12,2
244,23,10,1
244,24,10,1
244,25,10,1
244,26,10,1
244,27,10,1
244,28,0,0
245,1,18,5
245,2,24,7
245,3,22,7
245,4,22,6
245,5,20,6
245,6,20,6
245,7,22,6
245,8,22,7
245,9,24,8
245,10,22,6
245,11,20,5
245,12,18,4
245,13,16,2
245,14,12,1
245,15,16,4
245,16,22,6
245,17,22,6
245,18,18,4
245,19,16,3
245,20,0,2
245,21,0,2
245,22,0,1
245,23,0,0
245,24,0,0
245,25,0,0
245,26,0,0
245,27,0,0
245,28,0,0
245,29,0,0
245,30,0,0
245,31,0,0
245,32,0,0
245,33,0,0
245,34,0,0
245,35,0,0
245,36,0,0
245,37,0,0
246,1,14,3
246,2,16,4
246,3,18,5
246,4,16,4
246,5,18,5
246,6,20,6
246,7,20,6
246,8,20,6
246,9,20,5
246,10,20,6
246,11,35,7
246,12,35,6
246,13,18,4
246,14,16,3
246,15,16,3
246,16,16,4
246,17,20,5
246,18,18,5
246,19,16,4
246,20,16,3
246,21,14,3
246,22,18,5
246,23,22,6
246,24,22,6
246,25,20,4
246,26,16,3
246,27,14,1
246,28,0,0
247,1,14,3
247,2,16,4
247,3,20,6
247,4,20,6
247,5,20,6
247,6,20,6
247,7,18,5
247,8,18,5
247,9,20,5
247,10,22,7
247,11,22,7
247,12,24,8
247,13,26,9
247,14,28,10
247,15,28,10
247,16,24,8
247,17,20,6
247,18,18,4
247,19,18,5
247,20,16,4
247,21,16,4
247,22,14,3
247,23,0,3
247,24,0,2
247,25,0,1
247,26,0,1
247,27,0,0
247,28,0,0
247,29,0,0
247,30,0,0
247,31,0,0
247,32,0,0
247,33,0,0
247,34,0,0
247,35,0,0
247,36,0,0
247,37,0,0
247,38,0,0
247,39,0,0
247,40,0,0
247,41,0,0
247,42,0,0
247,43,0,0
247,44,0,0
247,45,0,0
247,46,0,0
247,47,0,0
247,48,0,0
247,49,0,0
248,1,16,4
248,2,18,5
248,3,24,7
248,4,24,8
248,5,24,8
248,6,26,9
248,7,24,8
248,8,24,8
248,9,26,8
248,10,24,7
248,11,37,8
248,12,20,6
248,13,16,3
248,14,14,3
248,15,14,3
248,16,14,1
248,17,10,1
248,18,12,2
248,19,14,3
248,20,20,5
248,21,20,5
248,22,16,4
248,23,14,3
248,24,14,3
248,25,14,2
248,26,0,0
248,27,0,0
248,28,0,0
248,29,0,0
248,30,0,0
248,31,0,0
248,32,0,0
248,33,0,0
248,34,0,0
248,35,0,0
248,36,0,0
248,37,0,0
248,38,0,0
248,39,0,0
248,40,0,0
248,41,0,0
248,42,0,0
248,43,0,0
248,44,0,0
248,45,0,0
248,46,0,0
248,47,0,0
248,48,0,0
248,49,0,0
248,50,0,0
248,51,0,0
248,52,0,0
248,53,0,0
248,54,0,0
248,55,0,0
248,56,0,0
248,57,0,0
248,58,0,0
248,59,0,0
248,60,0,0
248,61,0,0
248,62,0,0
248,63,0,0
248,64,0,0
249,1,16,4
249,2,18,5
249,3,20,6
249,4,24,8
249,5,24,7
249,6,24,7
249,7,22,7
249,8,22,7
249,9,24,8
249,10,24,8
249,11,24,8
249,12,26,9
249,13,30,11
249,14,34,13
249,15,34,13
249,16,34,13
249,17,34,13
249,18,34,13
249,19,34,13
249,20,34,13
249,21,36,13
249,22,34,11
249,23,32,9
249,24,26,8
249,25,24,8
249,26,26,9
249,27,50,10
249,28,38,11
249,29,42,13
249,30,44,13
249,31,44,14
249,32,44,14
249,33,44,14
249,34,48,16
249,35,50,17
249,36,113,19
249,37,75,19
249,38,73,18
249,39,62,19
249,40,66,21
249,41,66,21
249,42,70,23
249,43,83,23
249,44,93,24
250,1,16,4
250,2,20,6
250,3,24,7
250,4,24,7
250,5,24,8
250,6,28,9
250,7,41,9
250,8,41,10
250,9,45,12
250,10,47,13
250,11,47,13
250,12,47,11
250,13,26,9
250,14,30,11
250,15,32,12
250,16,30,11
250,17,45,12
250,18,49,14
250,19,53,15
250,20,55,17
250,21,59,19
250,22,71,21
250,23,71,21
250,24,52,18
250,25,52,18
250,26,54,19
250,27,52,18
250,28,69,20
250,29,93,21
250,30,85,24
250,31,115,28
251,1,16,4
251,2,18,5
251,3,20,6
251,4,22,7
251,5,20,5
251,6,18,5
251,7,20,6
251,8,22,7
251,9,22,7
251,10,22,6
251,11,18,4
251,12,18,5
251,13,20,6
251,14,20,6
251,15,18,4
251,16,14,3
251,17,12,2
251,18,14,3
251,19,16,4
251,20,16,3
251,21,0,1
251,22,0,1
251,23,0,0
251,24,0,0
251,25,0,0
251,26,0,0
251,27,0,0
251,28,0,0
251,29,0,0
251,30,0,0
251,31,0,0
251,32,0,0
251,33,0,0
251,34,0,0
251,35,0,0
251,36,0,0
251,37,0,0
252,1,16,4
252,2,20,6
252,3,22,7
252,4,22,7
252,5,22,7
252,6,22,7
252,7,20,6
252,8,20,6
252,9,18,5
252,10,18,5
252,11,18,5
252,12,18,5
252,13,20,6
252,14,20,6
252,15,20,6
252,16,20,6
252,17,18,5
252,18,18,5
252,19,18,5
252,20,18,5
252,21,18,5
252,22,18,5
252,23,18,5
252,24,18,5
252,25,18,5
252,26,18,5
252,27,20,6
252,28,20,6
252,29,18,5
252,30,18,5
252,31,18,5
252,32,20,6
252,33,20,6
252,34,20,6
252,35,18,5
252,36,16,4
252,37,16,4
252,38,16,4
252,39,18,5
252,40,18,5
252,41,20,6
252,42,20,6
252,43,20,6
252,44,18,5
252,45,18,5
252,46,16,4
252,47,16,4
252,48,20,6
252,49,20,6
252,50,22,7
252,51,22,7
252,52,20,6
252,53,20,6
252,54,20,6
252,55,18,5
252,56,14,3
252,57,18,5
252,58,20,6
252,59,22,7
252,60,35,6
252,61,20,6
252,62,20,6
252,63,20,5
252,64,18,5
252,65,22,7
252,66,20,6
252,67,20,6
252,68,16,4
252,69,16,4
252,70,16,4
252,71,18,5
252,72,18,5
252,73,16,4
252,74,14,3
252,75,12,2
252,76,14,3
252,77,18,5
252,78,20,6
252,79,20,6
252,80,33,6
252,81,37,8
252,82,35,7
252,83,39,9
252,84,26,8
252,85,24,8
252,86,24,8
252,87,26,8
252,88,26,8
252,89,98,9
252,90,36,8
252,91,0,6
252,92,0,6
252,93,0,5
252,94,0,7
252,95,0,6
252,96,0,3
252,97,0,2
252,98,0,3
252,99,0,4
252,100,0,3
252,101,0,4
252,102,0,4
252,103,0,3
252,104,0,3
252,105,0,3
252,106,0,1
252,107,0,1
252,108,0,1
252,109,0,1
252,110,0,1
252,111,0,1
252,112,0,1
252,113,0,1
252,114,0,1
252,115,0,1
252,116,0,1
252,117,0,1
252,118,0,1
252,119,0,1
252,120,0,1
252,121,0,1
252,122,0,1
252,123,0,1
252,124,0,1
252,125,0,1
252,126,0,1
252,127,0,1
252,128,0,1
252,129,0,1
252,130,0,1
252,131,0,1
252,132,0,1
252,133,0,1
252,134,0,1
252,135,0,1
252,136,0,1
252,137,0,1
252,138,0,1
252,139,0,1
252,140,0,1
252,141,0,1
252,142,0,1
252,143,0,1
252,144,0,1
252,145,0,1
252,146,0,1
252,147,0,1
252,148,0,1
252,149,0,1
252,150,0,1
252,151,0,1
252,152,0,1
252,153,0,1
252,154,0,1
252,155,0,1
252,156,0,1
252,157,0,1
252,158,0,1
252,159,0,1
252,160,0,1
252,161,0,1
252,162,0,1
252,163,0,1
252,164,0,1
252,165,0,1
252,166,0,1
252,167,0,1
252,168,0,1
252,169,0,1
252,170,0,1
252,171,0,1
252,172,0,1
252,173,0,1
252,174,0,1
252,175,0,1
252,176,0,1
252,177,0,1
252,178,0,1
252,179,0,1
252,180,0,1
252,181,0,1
252,182,0,1
252,183,0,1
252,184,0,1
252,185,0,1
252,186,0,1
252,187,0,1
252,188,0,1
252,189,0,1
252,190,0,1
252,191,0,1
252,192,0,1
252,193,0,1
252,194,0,1
252,195,0,1
252,196,0,1
252,197,0,1
252,198,0,1
252,199,0,1
252,200,0,1
253,1,18,5
253,2,22,6
253,3,20,5
253,4,20,6
253,5,22,7
253,6,22,6
253,7,22,7
253,8,22,7
253,9,24,8
253,10,22,7
253,11,22,7
253,12,20,6
253,13,20,6
253,14,18,5
253,15,16,4
253,16,14,2
253,17,14,2
253,18,16,4
253,19,20,6
253,20,22,7
253,21,22,7
253,22,22,7
253,23,22,6
253,24,20,5
253,25,20,6
253,26,22,7
253,27,24,8
253,28,24,8
253,29,24,8
253,30,22,7
253,31,22,7
253,32,20,6
253,33,22,6
253,34,24,8
253,35,26,9
253,36,24,8
253,37,24,8
253,38,22,7
253,39,20,5
253,40,18,4
253,41,18,3
253,42,14,3
253,43,12,1
253,44,12,2
253,45,14,3
253,46,12,2
253,47,12,1
253,48,10,1
253,49,12,1
253,50,10,1
253,51,12,2
253,52,14,3
253,53,16,4
253,54,18,5
253,55,22,7
253,56,37,7
253,57,37,8
253,58,39,8
253,59,24,8
253,60,22,7
253,61,22,7
253,62,22,6
253,63,16,4
253,64,0,3
254,1,18,5
254,2,20,6
254,3,20,6
254,4,18,5
254,5,18,5
254,6,18,5
254,7,18,5
254,8,18,5
254,9,18,5
254,10,18,5
254,11,18,5
254,12,18,5
254,13,20,6
254,14,18,5
254,15,16,4
254,16,14,3
254,17,14,3
254,18,16,4
254,19,16,4
254,20,18,5
254,21,33,6
254,22,33,4
254,23,0,3
254,24,0,2
254,25,0,0
254,26,0,0
254,27,0,0
254,28,0,0
254,29,0,0
254,30,0,0
254,31,0,0
254,32,0,0
254,33,0,0
255,1,12,2
255,2,12,2
255,3,14,3
255,4,16,4
255,5,18,5
255,6,18,5
255,7,18,5
255,8,18,5
255,9,31,4
255,10,18,5
255,11,16,4
255,12,16,4
255,13,16,3
255,14,16,4
255,15,18,4
255,16,16,4
255,17,18,4
255,18,18,4
255,19,20,5
255,20,20,5
255,21,20,6
255,22,18,5
255,23,18,4
255,24,20,6
255,25,20,6
255,26,20,5
255,27,18,3
255,28,14,1
255,29,0,0
256,1,14,3
256,2,16,4
256,3,16,4
256,4,31,5
256,5,33,6
256,6,18,4
256,7,16,4
256,8,18,5
256,9,22,7
256,10,24,7
256,11,24,7
256,12,24,8
256,13,26,9
256,14,28,9
256,15,56,11
256,16,44,13
256,17,46,15
256,18,63,17
256,19,65,18
256,20,69,20
256,21,67,18
256,22,67,18
256,23,67,19
256,24,65,17
256,25,65,17
256,26,54,19
256,27,52,18
256,28,65,17
256,29,69,19
256,30,69,20
256,31,67,19
256,32,69,20
256,33,71,20
256,34,54,19
256,35,67,17
256,36,65,17
256,37,65,18
256,38,71,20
256,39,69,20
256,40,73,21
256,41,73,22
256,42,79,25
256,43,103,27
256,44,93,27
256,45,93,28
256,46,113,29
257,1,14,3
257,2,18,5
257,3,22,7
257,4,24,7
257,5,24,7
257,6,20,6
257,7,18,4
257,8,33,6
257,9,35,7
257,10,39,8
257,11,20,6
257,12,18,5
257,13,18,5
257,14,20,6
257,15,20,5
257,16,16,4
257,17,16,4
257,18,18,5
257,19,16,4
257,20,16,4
257,21,16,4
257,22,14,3
257,23,14,3
257,24,16,3
257,25,31,5
257,26,31,5
257,27,31,4
257,28,16,3
257,29,0,0
257,30,0,0
257,31,0,0
257,32,0,0
257,33,0,0
257,34,0,0
257,35,0,0
257,36,0,0
258,1,12,2
258,2,16,4
258,3,20,6
258,4,22,6
258,5,22,6
258,6,20,6
258,7,20,6
258,8,20,6
258,9,22,7
258,10,22,6
258,11,18,4
258,12,14,3
258,13,14,2
258,14,0,0
258,15,0,0
258,16,0,0
258,17,0,0
258,18,0,0
258,19,0,0
258,20,0,0
258,21,0,0
258,22,0,0
258,23,0,0
258,24,0,0
258,25,0,0
258,26,0,0
258,27,0,0
258,28,0,0
258,29,0,0
258,30,0,0
258,31,0,0
258,32,0,0
258,33,0,0
259,1,16,4
259,2,18,5
259,3,22,7
259,4,24,8
259,5,26,9
259,6,24,8
259,7,22,7
259,8,24,7
259,9,20,6
259,10,20,6
259,11,20,6
259,12,22,7
259,13,41,9
259,14,43,11
259,15,43,10
259,16,41,10
259,17,43,10
259,18,39,9
259,19,24,8
259,20,22,7
259,21,26,9
259,22,50,12
259,23,59,15
259,24,63,17
259,25,71,21
259,26,69,20
259,27,50,17
259,28,46,15
259,29,44,14
259,30,46,15
259,31,57,14
259,32,57,14
259,33,55,13
259,34,55,13
259,35,55,13
259,36,47,13
259,37,47,13
259,38,51,15
259,39,53,16
259,40,49,14
259,41,51,15
259,42,45,12
259,43,47,13
259,44,36,14
259,45,51,15
259,46,53,16
259,47,51,15
259,48,47,13
259,49,43,11
259,50,41,10
259,51,37,8
259,52,37,8
259,53,35,7
259,54,22,7
259,55,20,6
259,56,20,6
259,57,14,3
259,58,0,0
260,1,16,4
260,2,20,6
260,3,22,7
260,4,24,8
260,5,26,9
260,6,41,10
260,7,45,12
260,8,47,12
260,9,30,10
260,10,28,10
260,11,45,12
260,12,53,16
260,13,55,16
260,14,49,12
260,15,30,9
260,16,24,8
260,17,30,11
260,18,34,13
260,19,38,14
260,20,49,12
260,21,51,14
260,22,51,14
260,23,49,13
260,24,49,12
260,25,38,14
260,26,36,14
260,27,36,14
260,28,38,14
260,29,36,13
260,30,49,14
260,31,49,14
260,32,51,15
260,33,49,14
260,34,43,11
260,35,47,13
260,36,52,13
260,37,53,12
260,38,57,14
260,39,57,14
260,40,57,14
260,41,44,14
260,42,44,14
260,43,48,16
260,44,50,17
260,45,65,18
260,46,67,19
260,47,69,20
260,48,73,22
260,49,79,25
260,50,81,26
260,51,115,28
260,52,93,28
260,53,93,28
260,54,93,28
260,55,103,29
261,1,16,4
261,2,20,6
261,3,22,7
261,4,22,7
261,5,24,8
261,6,24,7
261,7,22,7
261,8,22,7
261,9,22,7
261,10,22,6
261,11,22,6
261,12,22,7
261,13,24,8
261,14,24,7
261,15,24,8
261,16,41,9
261,17,41,10
261,18,41,9
261,19,26,9
261,20,22,7
261,21,22,7
261,22,24,7
261,23,39,8
261,24,41,10
261,25,41,10
261,26,41,10
261,27,43,10
261,28,45,11
261,29,26,7
261,30,24,7
261,31,22,6
261,32,37,8
261,33,24,8
261,34,26,9
261,35,28,9
261,36,24,7
261,37,22,6
261,38,0,3
261,39,0,1
261,40,0,0
261,41,0,0
261,42,0,0
261,43,0,0
261,44,0,0
261,45,0,0
261,46,0,0
261,47,0,0
261,48,0,0
261,49,0,0
261,50,0,0
261,51,0,0
261,52,0,0
261,53,0,0
261,54,0,0
261,55,0,0
261,56,0,0
261,57,0,0
261,58,0,0
261,59,0,0
261,60,0,0
261,61,0,0
261,62,0,0
262,1,14,3
262,2,16,4
262,3,16,4
262,4,16,4
262,5,16,3
262,6,14,2
262,7,16,4
262,8,20,6
262,9,20,6
262,10,20,6
262,11,20,5
262,12,18,4
262,13,16,4
262,14,14,3
262,15,18,5
262,16,18,5
262,17,18,5
262,18,16,4
262,19,18,5
262,20,18,4
262,21,16,3
262,22,18,5
262,23,16,4
262,24,18,5
262,25,18,4
262,26,16,3
262,27,14,3
262,28,0,2
262,29,0,2
262,30,0,2
262,31,0,0
262,32,0,0
262,33,0,0
262,34,0,0
263,1,16,4
263,2,20,6
263,3,24,8
263,4,26,9
263,5,26,9
263,6,26,9
263,7,26,9
263,8,28,10
263,9,43,10
263,10,43,10
263,11,26,8
263,12,20,6
263,13,22,7
263,14,26,8
263,15,37,7
263,16,37,8
263,17,41,10
263,18,45,11
263,19,39,9
263,20,41,9
263,21,28,10
263,22,30,11
263,23,45,11
263,24,49,14
263,25,49,14
263,26,47,11
263,27,45,12
263,28,41,9
263,29,39,8
263,30,24,8
263,31,26,9
263,32,30,10
263,33,32,12
263,34,34,12
263,35,51,14
263,36,53,15
263,37,47,12
263,38,47,13
263,39,47,13
263,40,49,14
263,41,49,14
263,42,51,15
263,43,53,16
263,44,71,16
263,45,46,15
263,46,59,15
263,47,67,19
263,48,71,21
263,49,73,22
263,50,97,25
263,51,89,26
263,52,87,25
263,53,87,25
263,54,89,26
263,55,115,28
264,1,12,2
264,2,14,3
264,3,16,4
264,4,16,4
264,5,18,4
264,6,20,6
264,7,20,6
264,8,20,5
264,9,20,6
264,10,39,9
264,11,39,8
264,12,37,8
264,13,35,7
264,14,39,9
264,15,43,10
264,16,41,9
264,17,41,10
264,18,43,11
264,19,45,12
264,20,43,11
264,21,41,10
264,22,43,10
264,23,45,12
264,24,34,11
264,25,30,10
264,26,41,10
264,27,43,10
264,28,43,9
264,29,28,8
264,30,26,7
264,31,60,10
264,32,40,11
264,33,38,9
264,34,36,7
264,35,30,4
264,36,16,3
264,37,16,2
264,38,12,1
264,39,0,0
265,1,16,4
265,2,22,7
265,3,24,8
265,4,22,6
265,5,18,4
265,6,16,4
265,7,18,5
265,8,20,6
265,9,24,8
265,10,24,8
265,11,24,7
265,12,20,6
265,13,18,5
265,14,16,4
265,15,14,3
265,16,16,4
265,17,20,6
265,18,24,8
265,19,43,11
265,20,43,11
265,21,30,11
265,22,28,10
265,23,26,9
265,24,26,9
265,25,24,8
265,26,20,6
265,27,18,5
265,28,14,3
265,29,0,2
265,30,0,2
266,1,16,4
266,2,16,4
266,3,16,4
266,4,16,3
266,5,16,4
266,6,18,5
266,7,20,6
266,8,35,7
266,9,37,8
266,10,39,9
266,11,39,9
266,12,39,7
266,13,22,7
266,14,24,8
266,15,26,9
266,16,26,9
266,17,28,10
266,18,32,12
266,19,34,12
266,20,34,13
266,21,34,10
266,22,43,10
266,23,43,11
266,24,47,13
266,25,47,13
266,26,47,13
266,27,47,13
266,28,53,16
266,29,55,17
266,30,75,17
266,31,63,17
266,32,50,17
266,33,52,18
266,34,65,18
266,35,69,20
266,36,73,22
266,37,105,24
266,38,87,25
266,39,91,27
266,40,113,28
267,1,16,4
267,2,20,6
267,3,20,6
267,4,24,8
267,5,24,8
267,6,26,9
267,7,26,8
267,8,24,7
267,9,22,7
267,10,22,6
267,11,22,7
267,12,24,8
267,13,24,8
267,14,24,7
267,15,24,7
267,16,26,9
267,17,28,10
267,18,41,10
267,19,45,11
267,20,47,13
267,21,45,11
267,22,32,12
267,23,32,10
267,24,28,9
267,25,41,10
267,26,43,11
267,27,47,12
267,28,47,12
267,29,45,12
267,30,28,10
267,31,32,11
267,32,58,12
267,33,38,10
267,34,53,12
267,35,57,14
267,36,61,16
267,37,63,17
267,38,63,17
267,39,48,16
267,40,48,16
267,41,48,16
267,42,65,18
267,43,71,21
267,44,71,21
267,45,69,20
267,46,69,20
267,47,69,20
267,48,75,23
267,49,101,25
267,50,111,27
268,1,16,4
268,2,18,5
268,3,22,7
268,4,24,8
268,5,37,8
268,6,43,9
268,7,39,7
268,8,22,7
268,9,22,6
268,10,22,6
268,11,22,7
268,12,22,6
268,13,20,6
268,14,18,5
268,15,16,4
268,16,18,5
268,17,18,5
268,18,16,4
268,19,16,3
268,20,16,4
268,21,14,3
268,22,16,4
268,23,29,4
268,24,31,4
268,25,29,4
268,26,12,2
268,27,14,3
268,28,16,4
268,29,18,4
268,30,18,3
268,31,16,3
268,32,14,3
268,33,16,4
268,34,14,3
268,35,16,4
268,36,16,4
268,37,18,5
268,38,20,6
268,39,18,5
268,40,16,4
268,41,14,3
268,42,0,2
268,43,0,1
268,44,0,0
268,45,0,0
269,1,16,4
269,2,18,5
269,3,24,8
269,4,28,9
269,5,24,7
269,6,35,6
269,7,37,8
269,8,37,8
269,9,33,6
269,10,33,6
269,11,22,7
269,12,20,6
269,13,22,7
269,14,24,7
269,15,41,9
269,16,39,8
269,17,24,6
269,18,20,5
269,19,18,5
269,20,16,3
269,21,18,5
269,22,22,7
269,23,26,7
269,24,24,7
269,25,24,7
269,26,22,7
269,27,24,8
269,28,39,9
269,29,45,12
269,30,47,12
269,31,32,10
269,32,28,10
269,33,54,12
269,34,42,13
269,35,61,16
269,36,65,16
269,37,69,19
269,38,71,20
269,39,69,19
269,40,69,20
269,41,71,21
269,42,91,22
269,43,83,23
269,44,85,24
269,45,89,26
269,46,115,28
270,1,16,4
270,2,20,6
270,3,22,7
270,4,22,7
270,5,24,8
270,6,26,9
270,7,28,9
270,8,26,8
270,9,39,8
270,10,37,8
270,11,35,7
270,12,18,4
270,13,16,4
270,14,16,4
270,15,22,7
270,16,22,7
270,17,26,9
270,18,24,7
270,19,22,5
270,20,35,7
270,21,37,8
270,22,35,7
270,23,37,8
270,24,39,9
270,25,28,10
270,26,26,9
270,27,24,8
270,28,22,7
270,29,20,6
270,30,16,4
270,31,0,3
271,1,16,4
271,2,18,5
271,3,20,6
271,4,20,5
271,5,20,6
271,6,20,6
271,7,20,6
271,8,20,5
271,9,20,6
271,10,37,8
271,11,39,9
271,12,41,10
271,13,45,11
271,14,28,8
271,15,24,8
271,16,26,9
271,17,22,7
271,18,22,7
271,19,41,10
271,20,47,13
271,21,47,13
271,22,51,15
271,23,75,18
271,24,87,20
271,25,64,20
271,26,64,20
271,27,66,21
271,28,68,22
271,29,72,24
271,30,74,25
271,31,128,27
272,1,16,4
272,2,18,5
272,3,20,6
272,4,20,6
272,5,22,6
272,6,22,6
272,7,18,4
272,8,18,5
272,9,20,5
272,10,18,5
272,11,22,6
272,12,37,8
272,13,41,10
272,14,37,7
272,15,22,6
272,16,18,3
272,17,16,3
272,18,16,3
272,19,16,4
272,20,14,3
272,21,10,1
272,22,10,1
272,23,12,2
272,24,18,5
272,25,20,4
272,26,14,2
272,27,10,1
272,28,10,1
272,29,10,1
272,30,10,1
272,31,12,2
272,32,16,4
272,33,18,5
272,34,18,5
272,35,18,4
272,36,0,2
272,37,0,1
272,38,0,0
272,39,0,0
272,40,0,0
272,41,0,0
272,42,0,0
272,43,0,0
272,44,0,0
272,45,0,0
272,46,0,0
272,47,0,0
272,48,0,0
272,49,0,0
272,50,0,0
272,51,0,0
272,52,0,0
272,53,0,0
272,54,0,0
272,55,0,0
272,56,0,0
272,57,0,0
273,1,12,2
273,2,16,4
273,3,20,6
273,4,20,6
273,5,18,5
273,6,14,3
273,7,14,3
273,8,16,4
273,9,24,8
273,10,24,8
273,11,22,7
273,12,22,7
273,13,24,8
273,14,26,9
273,15,24,8
273,16,26,9
273,17,41,10
273,18,45,12
273,19,45,11
273,20,28,8
273,21,26,9
273,22,24,7
273,23,22,7
273,24,26,8
273,25,41,9
273,26,45,10
273,27,43,11
273,28,47,13
273,29,45,12
273,30,45,12
273,31,28,10
273,32,24,8
273,33,24,8
273,34,24,8
273,35,39,9
273,36,43,10
273,37,45,12
273,38,30,11
273,39,50,11
273,40,38,11
273,41,42,13
273,42,59,15
273,43,61,16
273,44,61,16
273,45,44,14
273,46,42,13
273,47,46,15
273,48,61,16
273,49,65,18
273,50,65,18
273,51,67,19
273,52,71,21
273,53,77,24
273,54,79,25
273,55,87,25
273,56,85,24
273,57,87,25
273,58,87,25
273,59,113,26
274,1,16,4
274,2,22,7
274,3,22,7
274,4,22,6
274,5,22,7
274,6,22,7
274,7,24,8
274,8,24,7
274,9,22,7
274,10,24,7
274,11,24,8
274,12,28,10
274,13,32,12
274,14,47,12
274,15,45,12
274,16,47,11
274,17,43,9
274,18,28,10
274,19,28,10
274,20,26,9
274,21,30,11
274,22,47,12
274,23,49,13
274,24,53,14
274,25,49,13
274,26,32,12
274,27,32,12
274,28,30,10
274,29,45,12
274,30,47,13
274,31,51,15
274,32,47,13
274,33,32,12
274,34,32,12
274,35,28,10
274,36,32,11
274,37,43,10
274,38,45,11
274,39,43,11
274,40,41,10
274,41,26,9
274,42,28,10
274,43,45,12
274,44,45,12
274,45,45,12
274,46,47,12
274,47,34,13
274,48,30,11
274,49,28,10
274,50,22,6
274,51,22,6
274,52,18,5
274,53,16,4
274,54,18,4
274,55,12,2
274,56,12,2
274,57,10,1
274,58,0,0
275,1,16,4
275,2,20,6
275,3,22,7
275,4,22,7
275,5,24,8
275,6,24,8
275,7,24,7
275,8,24,7
275,9,24,7
275,10,22,7
275,11,24,8
275,12,22,7
275,13,20,5
275,14,22,7
275,15,28,10
275,16,43,10
275,17,45,11
275,18,47,13
275,19,47,12
275,20,45,12
275,21,45,11
275,22,30,10
275,23,43,11
275,24,77,12
275,25,59,15
275,26,59,15
275,27,46,15
275,28,108,19
275,29,62,19
275,30,66,21
275,31,85,24
275,32,89,26
275,33,91,27
275,34,113,28
276,1,14,3
276,2,16,4
276,3,20,5
276,4,16,4
276,5,18,5
276,6,18,4
276,7,16,3
276,8,14,3
276,9,16,4
276,10,16,4
276,11,18,5
276,12,18,4
276,13,18,5
276,14,22,7
276,15,20,6
276,16,24,8
276,17,24,8
276,18,22,6
276,19,22,6
276,20,22,6
276,21,22,6
276,22,20,5
276,23,18,4
276,24,20,5
276,25,20,5
276,26,22,7
276,27,22,7
276,28,20,6
276,29,22,7
276,30,26,9
276,31,28,10
276,32,41,10
276,33,35,7
276,34,35,7
276,35,0,5
276,36,0,5
276,37,0,3
276,38,0,2
276,39,0,2
276,40,0,1
276,41,0,1
276,42,0,0
276,43,0,0
276,44,0,0
276,45,0,0
276,46,0,0
276,47,0,0
276,48,0,0
276,49,0,0
277,1,12,2
277,2,12,2
277,3,14,3
277,4,18,5
277,5,20,6
277,6,20,5
277,7,16,3
277,8,16,4
277,9,16,4
277,10,18,5
277,11,20,6
277,12,20,6
277,13,22,7
277,14,22,6
277,15,22,6
277,16,18,5
277,17,20,6
277,18,22,7
277,19,24,8
277,20,39,8
277,21,22,6
277,22,18,5
277,23,18,4
277,24,16,3
277,25,18,4
277,26,16,3
277,27,12,1
277,28,10,1
277,29,12,2
277,30,10,1
277,31,10,1
277,32,0,0
277,33,0,0
277,34,0,0
277,35,0,0
277,36,0,0
277,37,0,0
277,38,0,0
277,39,0,0
277,40,0,0
277,41,0,0
277,42,0,0
277,43,0,0
277,44,0,0
277,45,0,0
277,46,0,0
277,47,0,0
277,48,0,0
277,49,0,0
277,50,0,0
277,51,0,0
277,52,0,0
278,1,16,4
278,2,20,6
278,3,22,7
278,4,24,8
278,5,22,7
278,6,22,7
278,7,20,6
278,8,20,6
278,9,20,5
278,10,20,5
278,11,37,8
278,12,41,9
278,13,39,8
278,14,26,9
278,15,26,9
278,16,24,7
278,17,22,7
278,18,20,6
278,19,20,5
278,20,22,6
278,21,24,8
278,22,24,8
278,23,39,9
278,24,24,8
278,25,24,8
278,26,26,8
278,27,22,6
278,28,24,8
278,29,26,9
278,30,43,11
278,31,43,11
278,32,45,11
278,33,32,12
278,34,32,12
278,35,47,12
278,36,51,15
278,37,53,16
278,38,53,15
278,39,56,14
278,40,42,13
278,41,40,12
278,42,66,14
278,43,54,15
278,44,52,14
278,45,52,14
278,46,69,16
278,47,69,16
278,48,69,16
278,49,56,16
278,50,58,17
278,51,58,17
278,52,75,19
278,53,81,22
278,54,81,22
278,55,81,22
278,56,66,21
278,57,83,23
278,58,87,25
278,59,93,28
278,60,93,28
278,61,113,29
279,1,16,4
279,2,22,7
279,3,24,8
279,4,22,7
279,5,24,7
279,6,24,8
279,7,22,7
279,8,22,7
279,9,24,8
279,10,26,8
279,11,37,8
279,12,37,7
279,13,35,7
279,14,20,6
279,15,22,7
279,16,24,8
279,17,39,9
279,18,43,11
279,19,45,12
279,20,43,11
279,21,41,9
279,22,28,10
279,23,24,8
279,24,24,8
279,25,37,7
279,26,39,9
279,27,39,9
279,28,37,8
279,29,24,8
279,30,20,6
279,31,20,6
279,32,20,6
279,33,22,7
279,34,37,8
279,35,24,8
279,36,28,10
279,37,26,9
279,38,41,10
279,39,43,11
279,40,47,13
279,41,53,16
279,42,73,17
279,43,61,16
279,44,59,15
279,45,57,14
279,46,46,15
279,47,48,16
279,48,44,14
279,49,40,12
279,50,38,11
279,51,36,10
279,52,0,9
279,53,0,9
279,54,0,8
279,55,0,6
279,56,0,5
279,57,0,4
280,1,16,4
280,2,20,6
280,3,22,7
280,4,26,9
280,5,28,9
280,6,26,8
280,7,22,7
280,8,24,8
280,9,26,9
280,10,26,9
280,11,24,8
280,12,28,9
280,13,41,9
280,14,41,10
280,15,41,9
280,16,26,9
280,17,28,9
280,18,26,9
280,19,41,10
280,20,45,12
280,21,51,15
280,22,45,12
280,23,45,12
280,24,28,10
280,25,28,10
280,26,52,11
280,27,36,10
280,28,32,8
280,29,28,6
280,30,18,5
280,31,18,5
280,32,18,5
280,33,12,2
280,34,0,0
281,1,16,4
281,2,20,6
281,3,22,6
281,4,20,5
281,5,20,6
281,6,24,8
281,7,24,7
281,8,22,7
281,9,22,7
281,10,20,6
281,11,18,4
281,12,14,3
281,13,16,4
281,14,18,5
281,15,22,7
281,16,24,8
281,17,26,8
281,18,24,7
281,19,22,7
281,20,24,8
281,21,20,5
281,22,14,2
281,23,14,2
281,24,12,1
281,25,10,1
281,26,10,1
281,27,10,1
281,28,12,2
281,29,14,3
281,30,18,5
281,31,18,5
281,32,16,4
281,33,16,4
281,34,14,3
281,35,14,3
281,36,12,2
281,37,12,2
281,38,12,2
281,39,12,2
281,40,12,2
281,41,12,2
281,42,12,2
281,43,10,1
281,44,0,0
282,1,16,4
282,2,18,5
282,3,18,5
282,4,18,5
282,5,18,5
282,6,18,5
282,7,18,5
282,8,18,5
282,9,18,5
282,10,18,5
282,11,18,5
282,12,18,5
282,13,18,5
282,14,18,5
282,15,18,5
282,16,18,5
282,17,18,5
282,18,18,5
282,19,18,5
282,20,18,5
282,21,18,5
282,22,18,5
282,23,18,5
282,24,18,5
282,25,18,5
282,26,18,5
282,27,20,6
282,28,37,8
282,29,39,9
282,30,41,10
282,31,43,10
282,32,39,8
282,33,24,8
282,34,22,7
282,35,20,6
282,36,20,6
282,37,22,7
282,38,22,7
282,39,22,7
282,40,22,5
282,41,37,7
282,42,37,7
282,43,22,5
282,44,20,6
282,45,22,7
282,46,39,9
282,47,45,12
282,48,47,13
282,49,34,13
282,50,36,14
282,51,36,14
282,52,36,14
282,53,36,14
282,54,40,16
282,55,40,16
282,56,40,16
282,57,44,18
282,58,46,19
282,59,59,19
282,60,57,18
282,61,53,16
282,62,49,14
282,63,49,14
282,64,49,14
282,65,49,14
282,66,34,13
282,67,32,12
282,68,32,12
282,69,32,12
282,70,26,9
282,71,22,7
282,72,22,7
282,73,20,6
282,74,20,6
282,75,31,5
282,76,0,3
283,1,14,3
283,2,16,4
283,3,16,4
283,4,14,3
283,5,14,3
283,6,14,3
283,7,14,3
283,8,16,4
283,9,16,4
283,10,16,4
283,11,18,5
283,12,16,3
283,13,16,3
283,14,16,4
283,15,16,4
283,16,16,2
283,17,0,0
283,18,0,0
283,19,0,0
283,20,0,0
283,21,0,0
283,22,0,0
283,23,0,0
283,24,0,0
283,25,0,0
283,26,0,0
283,27,0,0
283,28,0,0
283,29,0,0
283,30,0,0
283,31,0,0
283,32,0,0
283,33,0,0
283,34,0,0
283,35,0,0
283,36,0,0
284,1,16,4
284,2,16,4
284,3,18,5
284,4,18,5
284,5,20,6
284,6,24,7
284,7,24,7
284,8,35,6
284,9,35,7
284,10,35,6
284,11,35,7
284,12,22,7
284,13,20,6
284,14,20,6
284,15,20,6
284,16,18,5
284,17,18,5
284,18,20,5
284,19,16,3
284,20,12,1
284,21,10,1
284,22,10,1
284,23,12,2
284,24,16,4
284,25,20,6
284,26,22,6
284,27,20,6
284,28,20,6
284,29,20,5
284,30,16,3
284,31,14,3
284,32,14,2
284,33,10,1
284,34,10,1
284,35,0,0
284,36,0,0
284,37,0,0
284,38,0,0
284,39,0,0
284,40,0,0
284,41,0,0
284,42,0,0
284,43,0,0
284,44,0,0
284,45,0,0
284,46,0,0
284,47,0,0
284,48,0,0
284,49,0,0
284,50,0,0
285,1,12,2
285,2,14,3
285,3,16,4
285,4,16,4
285,5,18,4
285,6,14,3
285,7,14,3
285,8,14,3
285,9,18,5
285,10,18,5
285,11,18,5
285,12,18,5
285,13,16,4
285,14,18,5
285,15,20,5
285,16,20,5
285,17,18,5
285,18,18,5
285,19,18,5
285,20,16,4
285,21,16,3
285,22,14,3
285,23,12,1
285,24,0,0
285,25,0,0
285,26,0,0
285,27,0,0
285,28,0,0
285,29,0,0
285,30,0,0
285,31,0,0
285,32,0,0
285,33,0,0
285,34,0,0
285,35,0,0
285,36,0,0
285,37,0,0
285,38,0,0
285,39,0,0
285,40,0,0
285,41,0,0
285,42,0,0
285,43,0,0
285,44,0,0
285,45,0,0
285,46,0,0
285,47,0,0
285,48,0,0
285,49,0,0
285,50,0,0
285,51,0,0
285,52,0,0
285,53,0,0
285,54,0,0
285,55,0,0
285,56,0,0
285,57,0,0
285,58,0,0
285,59,0,0
285,60,0,0
285,61,0,0
285,62,0,0
285,63,0,0
285,64,0,0
285,65,0,0
285,66,0,0
285,67,0,0
285,68,0,0
285,69,0,0
285,70,0,0
285,71,0,0
285,72,0,0
285,73,0,0
285,74,0,0
285,75,0,0
285,76,0,0
285,77,0,0
285,78,0,0
285,79,0,0
285,80,0,0
286,1,16,4
286,2,18,5
286,3,22,7
286,4,22,7
286,5,24,8
286,6,22,7
286,7,22,7
286,8,20,6
286,9,20,5
286,10,18,5
286,11,18,4
286,12,18,5
286,13,22,6
286,14,20,6
286,15,20,5
286,16,18,4
286,17,16,4
286,18,18,5
286,19,20,6
286,20,20,6
286,21,18,4
286,22,14,2
286,23,14,3
286,24,14,3
286,25,12,1
286,26,10,1
286,27,12,2
286,28,14,3
286,29,16,4
286,30,18,4
286,31,14,2
286,32,12,2
286,33,12,2
286,34,12,2
286,35,12,2
286,36,14,2
286,37,14,3
286,38,20,6
286,39,18,5
286,40,20,6
286,41,16,4
286,42,16,4
286,43,14,3
286,44,14,3
286,45,0,1
287,1,16,4
287,2,20,5
287,3,20,6
287,4,22,7
287,5,22,7
287,6,24,8
287,7,24,8
287,8,26,9
287,9,26,9
287,10,24,8
287,11,22,7
287,12,24,8
287,13,50,11
287,14,40,12
287,15,40,12
287,16,44,14
287,17,59,15
287,18,61,16
287,19,63,17
287,20,61,16
287,21,44,14
287,22,42,13
287,23,48,12
287,24,48,12
287,25,52,14
287,26,50,13
287,27,46,11
287,28,46,11
287,29,52,14
287,30,50,13
287,31,50,13
287,32,50,13
287,33,40,12
287,34,42,13
287,35,40,12
287,36,40,12
287,37,51,11
287,38,49,10
287,39,49,10
287,40,45,8
287,41,36,10
287,42,36,10
287,43,34,9
287,44,34,9
287,45,32,8
287,46,30,7
287,47,26,5
287,48,28,6
287,49,26,5
287,50,28,6
287,51,14,3
287,52,12,2
287,53,10,1
287,54,0,0
288,1,16,4
288,2,18,5
288,3,20,6
288,4,22,7
288,5,22,6
288,6,20,6
288,7,20,6
288,8,22,6
288,9,20,6
288,10,20,6
288,11,20,6
288,12,22,7
288,13,24,8
288,14,24,7
288,15,39,8
288,16,41,10
288,17,26,8
288,18,26,8
288,19,24,6
288,20,39,8
288,21,37,7
288,22,22,6
288,23,20,6
288,24,18,3
288,25,14,3
288,26,14,3
288,27,12,1
288,28,10,1
288,29,12,1
288,30,10,1
288,31,12,1
288,32,10,1
288,33,12,1
288,34,10,1
288,35,12,2
288,36,14,3
288,37,16,4
288,38,20,6
288,39,26,8
288,40,26,8
288,41,22,6
288,42,18,4
288,43,14,2
288,44,12,2
288,45,10,1
288,46,0,0
289,1,16,4
289,2,20,6
289,3,35,7
289,4,39,9
289,5,41,10
289,6,41,10
289,7,24,8
289,8,22,7
289,9,22,7
289,10,26,9
289,11,71,12
289,12,57,14
289,13,57,14
289,14,55,13
289,15,53,12
289,16,51,11
289,17,42,13
289,18,46,15
289,19,63,17
289,20,63,17
289,21,63,17
289,22,63,17
289,23,46,15
289,24,48,16
289,25,95,18
289,26,66,21
289,27,70,23
289,28,85,24
289,29,85,24
289,30,85,24
289,31,87,25
289,32,89,26
289,33,115,28
290,1,16,4
290,2,20,6
290,3,22,7
290,4,22,7
290,5,22,7
290,6,22,6
290,7,22,6
290,8,22,6
290,9,35,7
290,10,37,8
290,11,39,9
290,12,39,8
290,13,39,9
290,14,43,11
290,15,49,14
290,16,49,12
290,17,49,14
290,18,51,15
290,19,38,14
290,20,34,13
290,21,34,13
290,22,56,14
290,23,46,15
290,24,59,15
290,25,65,18
290,26,71,21
290,27,75,23
290,28,97,25
290,29,87,25
290,30,115,26
291,1,16,4
291,2,20,6
291,3,22,7
291,4,22,7
291,5,22,7
291,6,24,8
291,7,26,9
291,8,26,8
291,9,22,7
291,10,22,7
291,11,22,6
291,12,18,5
291,13,18,5
291,14,18,5
291,15,16,4
291,16,0,3
291,17,0,2
291,18,0,1
291,19,0,1
291,20,0,1
291,21,0,1
291,22,0,1
291,23,0,0
291,24,0,0
291,25,0,0
291,26,0,0
291,27,0,0
291,28,0,0
291,29,0,0
291,30,0,0
291,31,0,0
291,32,0,0
291,33,0,0
291,34,0,0
291,35,0,0
291,36,0,0
291,37,0,0
291,38,0,0
291,39,0,0
291,40,0,0
291,41,0,0
291,42,0,0
292,1,14,3
292,2,14,3
292,3,14,3
292,4,14,3
292,5,12,2
292,6,14,3
292,7,18,5
292,8,18,5
292,9,20,6
292,10,35,7
292,11,22,7
292,12,20,6
292,13,22,7
292,14,24,8
292,15,65,11
292,16,36,10
292,17,40,12
292,18,40,12
292,19,38,11
292,20,38,11
292,21,40,12
292,22,42,13
292,23,38,11
292,24,36,10
292,25,34,9
292,26,0,9
292,27,0,8
292,28,0,9
292,29,0,8
292,30,0,7
292,31,0,2
292,32,0,0
292,33,0,0
292,34,0,0
292,35,0,0
292,36,0,0
292,37,0,0
292,38,0,0
292,39,0,0
292,40,0,0
292,41,0,0
292,42,0,0
292,43,0,0
292,44,0,0
292,45,0,0
292,46,0,0
292,47,0,0
292,48,0,0
292,49,0,0
292,50,0,0
292,51,0,0
292,52,0,0
293,1,16,4
293,2,16,4
293,3,18,5
293,4,18,5
293,5,18,5
293,6,18,5
293,7,18,4
293,8,18,4
293,9,16,3
293,10,16,3
293,11,18,5
293,12,39,8
293,13,26,7
293,14,22,6
293,15,22,7
293,16,24,8
293,17,37,8
293,18,43,11
293,19,47,11
293,20,43,9
293,21,24,7
293,22,20,5
293,23,18,5
293,24,20,6
293,25,18,4
293,26,16,4
293,27,16,3
293,28,14,2
293,29,14,2
293,30,14,3
293,31,14,2
293,32,10,1
293,33,12,1
293,34,10,1
293,35,12,2
293,36,14,3
293,37,14,2
293,38,10,1
293,39,10,1
293,40,10,1
293,41,12,2
293,42,10,1
293,43,12,2
293,44,16,4
293,45,14,2
293,46,12,1
293,47,10,1
293,48,10,1
293,49,0,0
293,50,0,0
293,51,0,0
293,52,0,0
293,53,0,0
293,54,0,0
293,55,0,0
293,56,0,0
293,57,0,0
293,58,0,0
293,59,0,0
293,60,0,0
294,1,14,3
294,2,14,3
294,3,14,3
294,4,18,5
294,5,20,6
294,6,20,6
294,7,20,6
294,8,20,6
294,9,20,6
294,10,20,6
294,11,20,6
294,12,35,7
294,13,22,7
294,14,24,8
294,15,24,8
294,16,24,8
294,17,24,8
294,18,24,8
294,19,26,8
294,20,26,9
294,21,93,11
294,22,40,12
294,23,42,13
294,24,44,14
294,25,61,15
294,26,63,16
294,27,61,16
294,28,67,19
294,29,67,19
294,30,69,20
294,31,75,23
294,32,87,25
294,33,97,26
295,1,14,3
295,2,14,3
295,3,18,5
295,4,18,5
295,5,22,6
295,6,20,5
295,7,18,5
295,8,18,5
295,9,18,5
295,10,20,6
295,11,20,6
295,12,20,5
295,13,18,4
295,14,14,2
295,15,0,2
295,16,0,2
295,17,0,1
295,18,0,1
295,19,0,0
295,20,0,0
295,21,0,0
295,22,0,0
295,23,0,0
295,24,0,0
295,25,0,0
295,26,0,0
296,1,16,4
296,2,18,5
296,3,20,6
296,4,20,6
296,5,20,6
296,6,35,7
296,7,37,8
296,8,41,9
296,9,37,7
296,10,24,8
296,11,24,8
296,12,26,8
296,13,22,6
296,14,20,5
296,15,16,4
296,16,16,3
296,17,16,3
296,18,18,4
296,19,16,4
296,20,20,6
296,21,24,8
296,22,24,7
296,23,20,5
296,24,20,6
296,25,20,5
296,26,16,3
296,27,12,2
296,28,12,1
296,29,0,0
296,30,0,0
296,31,0,0
296,32,0,0
296,33,0,0
296,34,0,0
296,35,0,0
296,36,0,0
296,37,0,0
296,38,0,0
296,39,0,0
296,40,0,0
296,41,0,0
297,1,16,4
297,2,18,5
297,3,18,5
297,4,20,6
297,5,20,6
297,6,20,6
297,7,20,6
297,8,20,6
297,9,20,6
297,10,20,6
297,11,20,6
297,12,20,5
297,13,18,4
297,14,18,5
297,15,18,5
297,16,18,5
297,17,18,5
297,18,20,6
297,19,20,6
297,20,20,5
297,21,18,4
297,22,20,6
297,23,20,6
297,24,18,5
297,25,20,6
297,26,22,7
297,27,24,8
297,28,26,9
297,29,41,10
297,30,28,10
297,31,30,10
297,32,26,7
297,33,18,5
297,34,16,4
297,35,12,2
297,36,0,1
297,37,0,0
297,38,0,0
298,1,16,4
298,2,18,5
298,3,18,5
298,4,18,5
298,5,18,5
298,6,20,6
298,7,22,7
298,8,22,7
298,9,22,7
298,10,22,7
298,11,39,9
298,12,41,10
298,13,39,9
298,14,41,9
298,15,26,9
298,16,26,9
298,17,28,10
298,18,58,12
298,19,40,12
298,20,44,14
298,21,44,14
298,22,59,15
298,23,61,16
298,24,65,18
298,25,69,20
298,26,54,19
298,27,50,17
298,28,46,15
298,29,40,12
298,30,42,13
298,31,46,15
298,32,52,18
298,33,99,19
298,34,77,20
298,35,81,22
298,36,85,24
298,37,87,25
298,38,93,28
298,39,93,28
298,40,91,27
298,41,93,28
298,42,93,28
298,43,113,29
299,1,16,4
299,2,18,5
299,3,18,5
299,4,20,6
299,5,20,6
299,6,20,5
299,7,18,4
299,8,14,2
299,9,12,2
299,10,14,2
299,11,12,2
299,12,18,5
299,13,18,4
299,14,16,4
299,15,16,4
299,16,16,4
299,17,16,3
299,18,12,2
299,19,12,1
299,20,10,1
299,21,12,2
299,22,14,2
299,23,14,2
299,24,12,1
299,25,10,1
299,26,12,2
299,27,16,4
299,28,16,4
299,29,0,3
299,30,0,1
299,31,0,1
299,32,0,0
299,33,0,0
299,34,0,0
299,35,0,0
299,36,0,0
299,37,0,0
299,38,0,0
299,39,0,0
299,40,0,0
299,41,0,0
299,42,0,0
299,43,0,0
299,44,0,0
299,45,0,0
299,46,0,0
300,1,14,3
300,2,14,3
300,3,18,5
300,4,16,4
300,5,18,5
300,6,16,4
300,7,18,5
300,8,20,6
300,9,24,8
300,10,28,10
300,11,26,8
300,12,24,7
300,13,20,6
300,14,20,6
300,15,20,6
300,16,20,6
300,17,18,5
300,18,0,3
300,19,0,1
300,20,0,2
300,21,0,2
300,22,0,3
300,23,0,4
300,24,0,4
300,25,0,5
300,26,0,5
300,27,0,4
300,28,0,3
300,29,0,3
300,30,0,2
300,31,0,2
300,32,0,2
300,33,0,2
300,34,0,1
300,35,0,1
300,36,0,0
300,37,0,0
300,38,0,0
300,39,0,0
300,40,0,0
300,41,0,0
300,42,0,0
300,43,0,0
300,44,0,0
300,45,0,0
301,1,16,4
301,2,18,5
301,3,20,6
301,4,37,7
301,5,39,8
301,6,39,9
301,7,41,10
301,8,43,11
301,9,28,10
301,10,28,10
301,11,28,10
301,12,26,8
301,13,26,8
301,14,41,10
301,15,43,11
301,16,45,12
301,17,45,11
301,18,45,12
301,19,43,11
301,20,30,11
301,21,56,13
301,22,61,16
301,23,63,17
301,24,65,18
301,25,67,19
301,26,67,19
301,27,67,19
301,28,63,17
301,29,65,18
301,30,56,20
301,31,73,22
301,32,73,22
301,33,75,23
301,34,75,23
301,35,75,23
301,36,75,23
301,37,75,23
301,38,73,22
301,39,71,21
301,40,52,18
301,41,67,19
301,42,117,21
301,43,83,23
301,44,85,24
301,45,101,28
302,1,16,4
302,2,20,6
302,3,24,8
302,4,26,9
302,5,24,8
302,6,24,8
302,7,26,9
302,8,28,10
302,9,28,10
302,10,43,10
302,11,43,11
302,12,47,12
302,13,49,12
302,14,30,11
302,15,28,10
302,16,30,11
302,17,69,13
302,18,59,15
302,19,65,17
302,20,65,18
302,21,63,17
302,22,46,15
302,23,48,16
302,24,63,16
302,25,67,19
302,26,67,18
302,27,65,16
302,28,65,18
302,29,69,20
302,30,71,21
302,31,58,20
302,32,56,19
302,33,82,20
302,34,83,23
302,35,85,24
302,36,91,27
302,37,113,28
303,1,14,3
303,2,16,4
303,3,16,4
303,4,16,4
303,5,16,4
303,6,16,4
303,7,18,5
303,8,20,5
303,9,18,4
303,10,20,6
303,11,22,7
303,12,24,8
303,13,26,8
303,14,26,9
303,15,26,8
303,16,22,7
303,17,24,7
303,18,22,7
303,19,24,8
303,20,24,8
303,21,26,8
303,22,22,7
303,23,20,6
303,24,22,7
303,25,24,8
303,26,26,9
303,27,26,9
303,28,39,9
303,29,41,10
303,30,39,9
303,31,37,8
303,32,39,9
303,33,39,9
303,34,39,9
303,35,41,10
303,36,41,10
303,37,24,8
303,38,26,9
303,39,22,7
303,40,18,5
303,41,16,4
303,42,12,2
303,43,10,1
303,44,10,1
303,45,0,0
304,1,16,4
304,2,18,5
304,3,24,8
304,4,26,9
304,5,26,8
304,6,24,8
304,7,24,8
304,8,26,9
304,9,24,8
304,10,24,7
304,11,24,8
304,12,26,8
304,13,39,8
304,14,39,8
304,15,39,7
304,16,20,5
304,17,20,5
304,18,20,6
304,19,20,5
304,20,20,5
304,21,20,6
304,22,37,8
304,23,43,11
304,24,43,11
304,25,43,10
304,26,28,8
304,27,24,6
304,28,20,6
304,29,22,7
304,30,22,6
304,31,35,6
304,32,35,6
304,33,0,5
304,34,0,4
304,35,0,2
304,36,0,0
304,37,0,0
304,38,0,0
304,39,0,0
304,40,0,0
304,41,0,0
304,42,0,0
304,43,0,0
304,44,0,0
304,45,0,0
304,46,0,0
304,47,0,0
304,48,0,0
304,49,0,0
304,50,0,0
305,1,12,2
305,2,14,3
305,3,14,3
305,4,16,4
305,5,18,5
305,6,18,5
305,7,18,4
305,8,18,5
305,9,18,5
305,10,20,6
305,11,22,7
305,12,22,6
305,13,20,5
305,14,33,5
305,15,18,5
305,16,18,5
305,17,18,4
305,18,0,3
305,19,0,3
305,20,0,1
305,21,0,0
305,22,0,0
305,23,0,0
305,24,0,0
305,25,0,0
305,26,0,0
305,27,0,0
305,28,0,0
305,29,0,0
305,30,0,0
305,31,0,0
306,1,16,4
306,2,22,7
306,3,24,8
306,4,26,9
306,5,26,9
306,6,26,9
306,7,26,9
306,8,28,10
306,9,28,10
306,10,28,10
306,11,43,10
306,12,45,12
306,13,47,12
306,14,49,14
306,15,53,16
306,16,51,14
306,17,36,14
306,18,49,13
306,19,75,12
306,20,42,12
306,21,42,13
306,22,42,13
306,23,44,14
306,24,61,16
306,25,59,15
306,26,59,15
306,27,61,16
306,28,61,15
306,29,61,15
306,30,63,15
306,31,61,14
306,32,59,15
306,33,57,14
306,34,57,13
306,35,44,13
306,36,48,16
306,37,50,17
306,38,65,18
306,39,69,19
306,40,69,19
306,41,69,20
306,42,67,19
306,43,73,20
306,44,73,21
306,45,73,20
306,46,71,20
306,47,73,22
306,48,77,23
306,49,105,26
306,50,109,27
307,1,16,4
307,2,22,7
307,3,26,9
307,4,26,9
307,5,26,9
307,6,26,9
307,7,28,10
307,8,43,11
307,9,47,13
307,10,55,15
307,11,45,12
307,12,41,9
307,13,26,9
307,14,24,7
307,15,24,7
307,16,24,8
307,17,28,10
307,18,28,9
307,19,26,9
307,20,24,7
307,21,43,10
307,22,47,13
307,23,49,14
307,24,53,16
307,25,53,16
307,26,61,16
307,27,50,17
307,28,48,16
307,29,46,15
307,30,61,16
307,31,61,16
307,32,61,16
307,33,65,18
307,34,65,18
307,35,69,20
307,36,71,21
307,37,67,19
307,38,52,18
307,39,65,18
307,40,67,19
307,41,65,18
307,42,67,19
307,43,71,21
307,44,73,22
307,45,73,22
307,46,69,20
307,47,65,18
307,48,50,17
307,49,54,19
307,50,60,22
307,51,66,25
307,52,93,28
307,53,93,28
307,54,93,28
307,55,91,27
307,56,91,27
307,57,91,27
307,58,91,27
307,59,113,28
308,1,16,4
308,2,18,5
308,3,20,6
308,4,22,7
308,5,22,7
308,6,39,9
308,7,39,9
308,8,24,7
308,9,22,7
308,10,24,6
308,11,20,6
308,12,37,8
308,13,39,9
308,14,39,9
308,15,45,12
308,16,45,12
308,17,47,11
308,18,32,10
308,19,30,10
308,20,47,12
308,21,51,15
308,22,53,15
308,23,47,13
308,24,47,12
308,25,43,10
308,26,28,10
308,27,30,11
308,28,32,12
308,29,49,14
308,30,81,16
308,31,57,14
308,32,59,15
308,33,42,13
308,34,42,13
308,35,40,12
308,36,38,11
308,37,34,9
308,38,32,8
308,39,28,6
308,40,26,5
308,41,14,3
308,42,0,0
309,1,12,2
309,2,14,3
309,3,16,4
309,4,16,4
309,5,16,4
309,6,16,4
309,7,18,5
309,8,20,6
309,9,20,6
309,10,18,5
309,11,18,4
309,12,18,4
309,13,18,4
309,14,16,4
309,15,16,3
309,16,14,3
309,17,14,3
309,18,12,2
309,19,10,1
309,20,0,0
309,21,0,0
309,22,0,0
309,23,0,0
309,24,0,0
309,25,0,0
309,26,0,0
309,27,0,0
309,28,0,0
309,29,0,0
309,30,0,0
309,31,0,0
309,32,0,0
309,33,0,0
310,1,16,4
310,2,18,5
310,3,22,7
310,4,24,8
310,5,24,7
310,6,20,6
310,7,20,6
310,8,22,7
310,9,22,7
310,10,24,7
310,11,22,6
310,12,22,7
310,13,22,7
310,14,24,8
310,15,26,9
310,16,26,9
310,17,26,9
310,18,24,7
310,19,22,5
310,20,22,7
310,21,24,8
310,22,26,9
310,23,32,12
310,24,30,11
310,25,28,10
310,26,28,10
310,27,28,10
310,28,24,7
310,29,26,8
310,30,43,11
310,31,47,13
310,32,51,15
310,33,53,16
310,34,53,16
310,35,51,15
310,36,75,18
310,37,67,19
310,38,67,19
310,39,54,19
310,40,56,20
310,41,54,19
310,42,65,18
310,43,65,18
310,44,67,19
310,45,67,19
310,46,67,19
310,47,67,19
310,48,69,20
310,49,75,23
310,50,75,23
310,51,79,25
310,52,81,26
310,53,77,24
310,54,81,26
310,55,83,27
310,56,103,28
310,57,113,29
311,1,16,4
311,2,18,5
311,3,18,5
311,4,18,5
311,5,20,6
311,6,33,6
311,7,39,9
311,8,41,10
311,9,41,10
311,10,28,9
311,11,22,7
311,12,24,8
311,13,37,7
311,14,22,7
311,15,24,7
311,16,24,7
311,17,22,7
311,18,18,5
311,19,20,4
311,20,16,2
311,21,14,3
311,22,14,3
311,23,12,2
311,24,14,3
311,25,14,3
311,26,0,1
311,27,0,0
311,28,0,0
311,29,0,0
311,30,0,0
311,31,0,0
311,32,0,0
311,33,0,0
311,34,0,0
311,35,0,0
312,1,16,4
312,2,20,6
312,3,22,7
312,4,22,7
312,5,24,7
312,6,26,9
312,7,39,9
312,8,43,10
312,9,28,10
312,10,22,7
312,11,24,8
312,12,24,7
312,13,22,7
312,14,22,7
312,15,22,6
312,16,18,4
312,17,14,3
312,18,12,2
312,19,12,2
312,20,12,2
312,21,14,3
312,22,18,5
312,23,20,5
312,24,18,5
312,25,33,6
312,26,33,6
312,27,35,5
312,28,0,3
312,29,0,1
312,30,0,0
312,31,0,0
312,32,0,0
313,1,14,3
313,2,16,4
313,3,16,4
313,4,18,5
313,5,18,5
313,6,20,6
313,7,20,6
313,8,20,6
313,9,20,6
313,10,22,7
313,11,22,7
313,12,39,9
313,13,41,10
313,14,28,10
313,15,52,12
313,16,40,12
313,17,38,11
313,18,38,10
313,19,36,9
313,20,38,11
313,21,57,14
313,22,59,15
313,23,55,13
313,24,42,13
313,25,40,12
313,26,42,13
313,27,44,14
313,28,54,15
313,29,50,13
313,30,48,12
313,31,46,11
313,32,42,9
313,33,44,10
313,34,50,13
313,35,52,14
313,36,54,15
313,37,56,16
313,38,60,18
313,39,62,19
313,40,60,18
313,41,60,18
313,42,58,17
313,43,71,17
313,44,71,17
313,45,71,17
313,46,75,19
313,47,58,17
313,48,56,16
313,49,52,14
313,50,50,13
313,51,65,14
313,52,69,16
313,53,69,16
313,54,75,19
313,55,77,20
313,56,77,20
313,57,77,20
313,58,83,23
313,59,85,24
313,60,87,25
313,61,115,27
314,1,16,4
314,2,18,5
314,3,20,6
314,4,20,6
314,5,20,6
314,6,22,7
314,7,24,8
314,8,26,8
314,9,22,7
314,10,22,7
314,11,22,7
314,12,24,7
314,13,24,7
314,14,22,7
314,15,22,7
314,16,37,7
314,17,39,8
314,18,24,7
314,19,20,5
314,20,18,5
314,21,33,5
314,22,16,4
314,23,0,3
314,24,0,1
314,25,0,1
314,26,0,1
314,27,0,0
314,28,0,0
314,29,0,0
314,30,0,0
314,31,0,0
314,32,0,0
314,33,0,0
314,34,0,0
314,35,0,0
314,36,0,0
314,37,0,0
314,38,0,0
314,39,0,0
314,40,0,0
314,41,0,0
314,42,0,0
314,43,0,0
314,44,0,0
314,45,0,0
314,46,0,0
314,47,0,0
314,48,0,0
314,49,0,0
314,50,0,0
314,51,0,0
314,52,0,0
314,53,0,0
314,54,0,0
314,55,0,0
314,56,0,0
314,57,0,0
314,58,0,0
314,59,0,0
314,60,0,0
314,61,0,0
314,62,0,0
314,63,0,0
314,64,0,0
314,65,0,0
314,66,0,0
314,67,0,0
314,68,0,0
314,69,0,0
314,70,0,0
315,1,16,4
315,2,18,5
315,3,18,5
315,4,18,5
315,5,18,5
315,6,22,7
315,7,22,7
315,8,26,9
315,9,26,8
315,10,26,8
315,11,22,7
315,12,20,5
315,13,16,3
315,14,12,1
315,15,10,1
315,16,0,0
315,17,0,0
315,18,0,0
315,19,0,0
315,20,0,0
315,21,0,0
315,22,0,0
315,23,0,0
315,24,0,0
315,25,0,0
315,26,0,0
315,27,0,0
315,28,0,0
315,29,0,0
315,30,0,0
315,31,0,0
315,32,0,0
315,33,0,0
315,34,0,0
315,35,0,0
315,36,0,0
315,37,0,0
315,38,0,0
315,39,0,0
315,40,0,0
315,41,0,0
315,42,0,0
315,43,0,0
316,1,16,4
316,2,18,5
316,3,20,6
316,4,24,8
316,5,28,9
316,6,26,9
316,7,39,9
316,8,39,9
316,9,39,9
316,10,45,12
316,11,51,15
316,12,73,17
316,13,67,19
316,14,69,20
316,15,69,20
316,16,80,20
316,17,68,22
316,18,66,21
316,19,70,23
316,20,85,24
316,21,85,24
316,22,89,26
316,23,93,28
316,24,113,29
317,1,16,4
317,2,20,6
317,3,22,7
317,4,22,6
317,5,20,6
317,6,20,6
317,7,22,7
317,8,22,7
317,9,22,7
317,10,26,9
317,11,30,11
317,12,30,11
317,13,28,10
317,14,28,10
317,15,28,9
317,16,41,9
317,17,43,10
317,18,41,10
317,19,37,8
317,20,20,6
317,21,18,5
317,22,18,5
317,23,18,5
317,24,20,6
317,25,18,5
317,26,18,5
317,27,12,2
317,28,0,0
318,1,16,4
318,2,18,5
318,3,20,6
318,4,22,6
318,5,20,6
318,6,22,7
318,7,22,7
318,8,24,7
318,9,24,7
318,10,26,9
318,11,30,11
318,12,28,10
318,13,24,7
318,14,20,5
318,15,16,4
318,16,14,3
318,17,14,2
318,18,14,3
318,19,18,5
318,20,33,6
318,21,33,5
318,22,33,5
318,23,18,5
318,24,20,5
318,25,18,5
318,26,18,4
318,27,18,4
318,28,16,3
318,29,14,3
318,30,16,4
318,31,18,5
318,32,20,5
318,33,20,5
318,34,18,5
318,35,20,5
318,36,33,5
318,37,35,5
318,38,31,3
318,39,16,3
318,40,18,3
318,41,16,4
318,42,18,4
318,43,18,4
318,44,0,2
319,1,12,2
319,2,12,2
319,3,14,3
319,4,14,3
319,5,14,3
319,6,14,3
319,7,18,4
319,8,16,3
319,9,18,5
319,10,18,5
319,11,18,5
319,12,0,5
319,13,0,5
319,14,0,3
319,15,0,1
319,16,0,1
319,17,0,1
319,18,0,1
319,19,0,1
319,20,0,0
319,21,0,0
319,22,0,0
319,23,0,0
319,24,0,0
319,25,0,0
319,26,0,0
319,27,0,0
319,28,0,0
319,29,0,0
319,30,0,0
319,31,0,0
319,32,0,0
319,33,0,0
319,34,0,0
320,1,16,4
320,2,22,7
320,3,24,8
320,4,26,8
320,5,24,7
320,6,26,9
320,7,26,9
320,8,24,8
320,9,26,9
320,10,24,8
320,11,26,8
320,12,37,8
320,13,41,10
320,14,28,10
320,15,30,11
320,16,30,11
320,17,28,10
320,18,26,8
320,19,24,6
320,20,26,9
320,21,26,9
320,22,41,10
320,23,43,11
320,24,30,11
320,25,28,10
320,26,30,10
320,27,45,12
320,28,47,13
320,29,49,14
320,30,53,16
320,31,50,17
320,32,50,17
320,33,74,18
320,34,64,20
320,35,83,23
320,36,85,24
320,37,87,25
320,38,87,25
320,39,113,25
321,1,16,4
321,2,18,5
321,3,20,6
321,4,20,6
321,5,20,6
321,6,24,8
321,7,22,7
321,8,24,8
321,9,26,9
321,10,24,7
321,11,24,8
321,12,24,7
321,13,22,7
321,14,22,7
321,15,39,9
321,16,24,8
321,17,22,7
321,18,26,9
321,19,43,11
321,20,47,13
321,21,43,11
321,22,28,10
321,23,46,9
321,24,36,10
321,25,36,10
321,26,36,10
321,27,0,7
321,28,0,6
321,29,0,5
321,30,0,4
322,1,18,5
322,2,22,7
322,3,22,7
322,4,20,6
322,5,18,5
322,6,18,5
322,7,20,6
322,8,22,7
322,9,22,7
322,10,22,7
322,11,22,7
322,12,39,9
322,13,41,10
322,14,41,10
322,15,39,9
322,16,22,7
322,17,24,7
322,18,37,8
322,19,45,11
322,20,41,9
322,21,39,8
322,22,24,8
322,23,22,7
322,24,22,6
322,25,31,3
322,26,14,3
322,27,14,3
322,28,16,4
322,29,20,5
322,30,22,7
322,31,24,7
322,32,20,5
322,33,16,2
322,34,14,2
322,35,0,1
322,36,0,0
322,37,0,0
322,38,0,0
322,39,0,0
322,40,0,0
322,41,0,0
322,42,0,0
322,43,0,0
322,44,0,0
322,45,0,0
323,1,16,4
323,2,20,6
323,3,24,8
323,4,24,8
323,5,26,9
323,6,26,9
323,7,26,9
323,8,26,9
323,9,26,9
323,10,26,9
323,11,26,9
323,12,26,8
323,13,24,7
323,14,24,8
323,15,26,9
323,16,50,11
323,17,42,13
323,18,61,16
323,19,67,19
323,20,73,22
323,21,77,24
323,22,103,26
323,23,89,26
323,24,91,26
323,25,89,26
323,26,91,27
323,27,91,27
323,28,91,27
323,29,113,28
324,1,16,4
324,2,18,5
324,3,20,6
324,4,20,6
324,5,22,7
324,6,20,6
324,7,18,5
324,8,18,5
324,9,20,6
324,10,22,7
324,11,22,7
324,12,24,8
324,13,24,8
324,14,24,7
324,15,22,6
324,16,22,7
324,17,20,6
324,18,20,6
324,19,20,6
324,20,22,7
324,21,24,8
324,22,22,7
324,23,20,6
324,24,18,5
324,25,16,4
324,26,14,2
324,27,14,2
324,28,16,4
324,29,18,4
324,30,14,2
324,31,12,2
324,32,12,2
324,33,12,1
324,34,10,1
324,35,12,2
324,36,16,4
324,37,16,4
324,38,16,4
324,39,18,5
324,40,20,5
324,41,18,4
324,42,16,4
324,43,16,4
324,44,16,4
324,45,14,3
324,46,0,1
324,47,0,2
324,48,0,1
324,49,0,0
324,50,0,0
324,51,0,0
324,52,0,0
324,53,0,0
324,54,0,0
324,55,0,0
324,56,0,0
324,57,0,0
324,58,0,0
325,1,16,4
325,2,20,5
325,3,18,5
325,4,22,7
325,5,22,6
325,6,20,6
325,7,18,5
325,8,18,4
325,9,20,6
325,10,20,6
325,11,20,6
325,12,16,3
325,13,14,2
325,14,14,2
325,15,12,2
325,16,12,2
325,17,10,1
325,18,0,0
325,19,0,0
325,20,0,0
325,21,0,0
325,22,0,0
325,23,0,0
325,24,0,0
325,25,0,0
325,26,0,0
325,27,0,0
325,28,0,0
325,29,0,0
325,30,0,0
325,31,0,0
325,32,0,0
325,33,0,0
325,34,0,0
325,35,0,0
325,36,0,0
325,37,0,0
325,38,0,0
325,39,0,0
325,40,0,0
325,41,0,0
325,42,0,0
326,1,14,3
326,2,14,3
326,3,14,3
326,4,16,4
326,5,16,4
326,6,16,3
326,7,16,4
326,8,18,5
326,9,16,4
326,10,16,4
326,11,16,3
326,12,14,3
326,13,14,3
326,14,14,3
326,15,14,2
326,16,10,1
326,17,0,0
326,18,0,0
326,19,0,0
326,20,0,0
326,21,0,0
326,22,0,0
326,23,0,0
326,24,0,0
326,25,0,0
326,26,0,0
326,27,0,0
326,28,0,0
326,29,0,0
326,30,0,0
326,31,0,0
326,32,0,0
326,33,0,0
326,34,0,0
326,35,0,0
326,36,0,0
326,37,0,0
326,38,0,0
326,39,0,0
326,40,0,0
326,41,0,0
326,42,0,0
326,43,0,0
326,44,0,0
326,45,0,0
326,46,0,0
326,47,0,0
326,48,0,0
326,49,0,0
327,1,14,3
327,2,18,5
327,3,18,5
327,4,18,5
327,5,18,5
327,6,20,6
327,7,20,6
327,8,18,5
327,9,20,6
327,10,24,8
327,11,39,8
327,12,43,9
327,13,41,10
327,14,39,9
327,15,37,8
327,16,20,6
327,17,22,7
327,18,24,8
327,19,24,8
327,20,39,8
327,21,43,11
327,22,49,12
327,23,47,12
327,24,47,12
327,25,47,13
327,26,69,12
327,27,42,13
327,28,44,13
327,29,44,14
327,30,44,13
327,31,42,12
327,32,42,13
327,33,42,12
327,34,42,12
327,35,40,11
327,36,0,9
327,37,0,7
327,38,0,7
327,39,0,7
327,40,0,6
327,41,0,4
327,42,0,2
327,43,0,2
327,44,0,1
328,1,16,4
328,2,20,5
328,3,20,6
328,4,22,7
328,5,22,7
328,6,24,7
328,7,22,7
328,8,24,8
328,9,26,9
328,10,30,10
328,11,26,9
328,12,24,7
328,13,24,7
328,14,26,9
328,15,24,8
328,16,26,9
328,17,28,9
328,18,28,10
328,19,28,9
328,20,26,9
328,21,26,9
328,22,24,8
328,23,22,7
328,24,22,7
328,25,18,5
328,26,16,3
328,27,0,1
328,28,0,0
328,29,0,0
329,1,16,4
329,2,20,6
329,3,26,9
329,4,24,8
329,5,39,8
329,6,35,4
329,7,18,5
329,8,22,7
329,9,22,7
329,10,22,7
329,11,24,7
329,12,22,7
329,13,22,7
329,14,24,8
329,15,39,9
329,16,43,9
329,17,28,9
329,18,32,10
329,19,28,10
329,20,24,7
329,21,20,5
329,22,33,6
329,23,31,5
329,24,29,4
329,25,31,4
329,26,20,6
329,27,39,8
329,28,37,8
329,29,22,7
329,30,20,6
329,31,20,6
329,32,20,6
329,33,22,7
329,34,37,7
329,35,41,9
329,36,39,8
329,37,35,7
329,38,33,4
329,39,0,2
329,40,0,1
329,41,0,0
329,42,0,0
329,43,0,0
329,44,0,0
329,45,0,0
329,46,0,0
329,47,0,0
329,48,0,0
329,49,0,0
329,50,0,0
329,51,0,0
329,52,0,0
329,53,0,0
329,54,0,0
329,55,0,0
329,56,0,0
329,57,0,0
329,58,0,0
329,59,0,0
330,1,16,4
330,2,22,7
330,3,22,6
330,4,20,6
330,5,22,7
330,6,22,7
330,7,22,6
330,8,20,6
330,9,20,5
330,10,22,7
330,11,26,9
330,12,26,9
330,13,24,8
330,14,24,7
330,15,22,5
330,16,16,3
330,17,10,1
330,18,10,1
330,19,0,0
330,20,0,0
330,21,0,0
330,22,0,0
330,23,0,0
330,24,0,0
330,25,0,0
330,26,0,0
330,27,0,0
330,28,0,0
330,29,0,0
330,30,0,0
330,31,0,0
330,32,0,0
330,33,0,0
330,34,0,0
330,35,0,0
330,36,0,0
330,37,0,0
330,38,0,0
331,1,18,5
331,2,24,8
331,3,24,8
331,4,24,8
331,5,24,7
331,6,24,8
331,7,24,8
331,8,24,8
331,9,26,9
331,10,26,9
331,11,24,8
331,12,26,9
331,13,30,11
331,14,36,14
331,15,53,15
331,16,51,15
331,17,57,17
331,18,51,15
331,19,47,12
331,20,43,9
331,21,41,9
331,22,30,11
331,23,56,13
331,24,42,12
331,25,55,13
331,26,59,15
331,27,61,16
331,28,65,18
331,29,69,19
331,30,69,20
331,31,71,19
331,32,69,19
331,33,54,19
331,34,73,22
331,35,75,23
331,36,79,24
331,37,77,23
331,38,77,24
331,39,101,27
331,40,113,28
332,1,16,4
332,2,18,5
332,3,20,6
332,4,18,5
332,5,18,5
332,6,16,4
332,7,20,6
332,8,20,5
332,9,20,5
332,10,22,6
332,11,20,5
332,12,18,4
332,13,20,5
332,14,18,5
332,15,16,4
332,16,18,5
332,17,22,7
332,18,22,7
332,19,22,7
332,20,24,8
332,21,24,7
332,22,24,7
332,23,35,6
332,24,33,4
332,25,16,4
332,26,18,4
332,27,16,4
332,28,18,4
332,29,14,2
332,30,0,0
332,31,0,0
332,32,0,0
332,33,0,0
332,34,0,0
332,35,0,0
332,36,0,0
332,37,0,0
332,38,0,0
333,1,14,3
333,2,14,3
333,3,16,4
333,4,20,6
333,5,20,6
333,6,22,7
333,7,22,7
333,8,22,6
333,9,18,4
333,10,29,4
333,11,0,2
333,12,0,1
333,13,0,0
333,14,0,0
333,15,0,0
333,16,0,0
333,17,0,0
333,18,0,0
333,19,0,0
333,20,0,0
333,21,0,0
333,22,0,0
334,1,16,4
334,2,20,6
334,3,22,7
334,4,22,7
334,5,35,6
334,6,39,9
334,7,43,11
334,8,24,8
334,9,22,6
334,10,24,8
334,11,26,9
334,12,24,7
334,13,22,6
334,14,35,7
334,15,41,10
334,16,43,10
334,17,43,10
334,18,41,9
334,19,39,9
334,20,39,9
334,21,43,11
334,22,45,11
334,23,45,11
334,24,32,10
334,25,26,9
334,26,30,11
334,27,45,12
334,28,49,14
334,29,51,15
334,30,53,16
334,31,55,16
334,32,40,16
334,33,38,14
334,34,53,16
334,35,55,17
334,36,59,17
334,37,53,15
334,38,51,14
334,39,49,14
334,40,51,15
334,41,55,17
334,42,59,18
334,43,61,20
334,44,65,20
334,45,63,20
334,46,89,21
334,47,73,22
334,48,58,21
334,49,73,22
334,50,79,24
334,51,79,24
334,52,81,26
334,53,103,28
334,54,93,28
334,55,93,28
334,56,93,28
334,57,93,28
334,58,93,28
334,59,93,28
334,60,93,28
334,61,113,29
335,1,14,3
335,2,18,5
335,3,18,4
335,4,18,4
335,5,18,5
335,6,33,6
335,7,37,8
335,8,41,10
335,9,41,9
335,10,39,8
335,11,39,9
335,12,39,9
335,13,35,7
335,14,33,6
335,15,18,5
335,16,22,7
335,17,26,9
335,18,28,9
335,19,26,8
335,20,26,9
335,21,91,10
335,22,42,13
335,23,44,14
335,24,46,14
335,25,59,15
335,26,65,18
335,27,65,18
335,28,65,18
335,29,65,17
335,30,65,17
335,31,52,17
335,32,112,19
335,33,79,21
335,34,81,22
335,35,85,24
335,36,87,25
335,37,97,26
336,1,16,4
336,2,18,5
336,3,18,5
336,4,22,7
336,5,22,7
336,6,24,8
336,7,28,9
336,8,26,8
336,9,24,8
336,10,39,9
336,11,41,10
336,12,24,8
336,13,22,7
336,14,22,7
336,15,39,9
336,16,43,11
336,17,47,13
336,18,49,14
336,19,49,14
336,20,49,14
336,21,49,14
336,22,45,12
336,23,45,12
336,24,38,11
336,25,40,12
336,26,42,13
336,27,57,14
336,28,57,14
336,29,59,15
336,30,61,16
336,31,63,17
336,32,67,19
336,33,67,19
336,34,66,21
336,35,64,20
336,36,83,23
336,37,85,24
336,38,87,25
336,39,89,26
336,40,113,27
337,1,16,4
337,2,20,6
337,3,20,6
337,4,22,7
337,5,24,8
337,6,24,7
337,7,22,7
337,8,24,8
337,9,26,9
337,10,24,8
337,11,22,7
337,12,24,8
337,13,24,8
337,14,24,8
337,15,22,7
337,16,24,8
337,17,22,7
337,18,24,8
337,19,26,9
337,20,24,8
337,21,26,9
337,22,30,10
337,23,28,9
337,24,24,7
337,25,24,8
337,26,22,7
337,27,24,8
337,28,26,9
337,29,24,7
337,30,20,6
337,31,20,6
337,32,20,6
337,33,22,7
337,34,20,6
337,35,20,6
337,36,20,6
337,37,20,6
337,38,33,6
337,39,16,4
337,40,12,2
337,41,0,1
338,1,16,4
338,2,16,4
338,3,20,6
338,4,22,7
338,5,24,8
338,6,22,7
338,7,24,8
338,8,39,9
338,9,26,9
338,10,26,9
338,11,24,8
338,12,24,8
338,13,28,9
338,14,45,10
338,15,45,12
338,16,49,14
338,17,45,12
338,18,43,11
338,19,28,10
338,20,26,9
338,21,26,9
338,22,26,9
338,23,24,8
338,24,24,8
338,25,22,7
338,26,0,5
339,1,16,4
339,2,22,7
339,3,26,9
339,4,26,9
339,5,26,9
339,6,26,8
339,7,24,7
339,8,24,8
339,9,37,8
339,10,41,10
339,11,43,11
339,12,26,8
339,13,26,8
339,14,26,9
339,15,26,9
339,16,26,9
339,17,41,9
339,18,26,9
339,19,24,8
339,20,24,8
339,21,39,9
339,22,41,10
339,23,24,8
339,24,22,7
339,25,44,7
339,26,28,6
339,27,26,5
339,28,16,4
339,29,12,2
339,30,0,0
340,1,14,3
340,2,18,5
340,3,18,5
340,4,18,5
340,5,18,4
340,6,18,5
340,7,22,7
340,8,22,6
340,9,20,5
340,10,20,6
340,11,22,7
340,12,20,5
340,13,16,3
340,14,14,3
340,15,18,5
340,16,22,7
340,17,22,7
340,18,22,7
340,19,22,7
340,20,24,7
340,21,26,9
340,22,28,10
340,23,54,11
340,24,42,12
340,25,42,13
340,26,89,14
340,27,58,17
340,28,60,18
340,29,60,18
340,30,62,19
340,31,60,18
340,32,58,17
340,33,62,19
340,34,60,18
340,35,58,17
340,36,58,17
340,37,60,18
340,38,73,18
340,39,75,19
340,40,71,17
340,41,75,19
340,42,75,19
340,43,79,21
340,44,79,21
340,45,79,21
340,46,85,24
340,47,89,26
340,48,113,27
341,1,12,2
341,2,14,3
341,3,14,3
341,4,14,3
341,5,14,3
341,6,14,3
341,7,18,5
341,8,20,6
341,9,20,6
341,10,24,8
341,11,22,7
341,12,22,6
341,13,20,5
341,14,18,5
341,15,18,5
341,16,37,7
341,17,24,8
341,18,22,7
341,19,22,7
341,20,20,5
341,21,16,3
341,22,16,4
341,23,14,3
341,24,16,3
341,25,0,1
341,26,0,0
341,27,0,0
341,28,0,0
341,29,0,0
341,30,0,0
341,31,0,0
341,32,0,0
341,33,0,0
341,34,0,0
341,35,0,0
341,36,0,0
341,37,0,0
341,38,0,0
341,39,0,0
342,1,16,4
342,2,22,7
342,3,24,8
342,4,22,7
342,5,26,8
342,6,26,9
342,7,26,8
342,8,20,6
342,9,20,5
342,10,22,7
342,11,22,7
342,12,37,7
342,13,35,7
342,14,37,8
342,15,37,8
342,16,24,8
342,17,24,8
342,18,22,6
342,19,22,7
342,20,37,8
342,21,39,9
342,22,37,8
342,23,0,7
342,24,0,5
342,25,0,3
342,26,0,1
342,27,0,0
342,28,0,0
342,29,0,0
342,30,0,0
342,31,0,0
342,32,0,0
342,33,0,0
342,34,0,0
343,1,12,2
343,2,14,3
343,3,16,4
343,4,18,5
343,5,20,5
343,6,20,6
343,7,18,5
343,8,18,5
343,9,22,6
343,10,20,6
343,11,18,5
343,12,0,3
343,13,0,2
343,14,0,2
343,15,0,2
343,16,0,2
343,17,0,1
343,18,0,0
343,19,0,0
343,20,0,0
343,21,0,0
343,22,0,0
343,23,0,0
343,24,0,0
344,1,16,4
344,2,18,5
344,3,22,7
344,4,24,8
344,5,26,8
344,6,24,8
344,7,22,7
344,8,20,6
344,9,20,6
344,10,24,8
344,11,39,9
344,12,45,12
344,13,45,12
344,14,30,10
344,15,28,10
344,16,26,9
344,17,39,9
344,18,43,11
344,19,45,12
344,20,43,11
344,21,26,9
344,22,24,8
344,23,22,7
344,24,20,6
344,25,18,5
344,26,0,4
344,27,0,4
344,28,0,2
344,29,0,1
344,30,0,0
344,31,0,0
345,1,16,4
345,2,20,6
345,3,24,7
345,4,22,7
345,5,24,8
345,6,24,8
345,7,26,8
345,8,22,6
345,9,20,6
345,10,20,5
345,11,18,4
345,12,18,5
345,13,22,7
345,14,26,9
345,15,28,9
345,16,30,11
345,17,30,11
345,18,30,10
345,19,39,9
345,20,39,9
345,21,45,10
345,22,47,11
345,23,51,15
345,24,57,18
345,25,61,20
345,26,61,19
345,27,53,15
345,28,47,13
345,29,43,10
345,30,26,9
345,31,30,11
345,32,32,11
345,33,34,12
345,34,36,14
345,35,36,14
345,36,40,16
345,37,55,17
345,38,57,18
345,39,59,19
345,40,53,16
345,41,49,14
345,42,49,14
345,43,32,12
345,44,28,10
345,45,26,9
345,46,28,9
345,47,26,9
345,48,43,10
345,49,0,9
345,50,0,8
345,51,0,7
345,52,0,5
345,53,0,3
345,54,0,3
345,55,0,2
345,56,0,1
345,57,0,0
345,58,0,0
345,59,0,0
345,60,0,0
345,61,0,0
345,62,0,0
345,63,0,0
346,1,16,4
346,2,20,6
346,3,22,7
346,4,24,7
346,5,22,7
346,6,22,7
346,7,26,8
346,8,22,7
346,9,20,6
346,10,18,5
346,11,0,2
346,12,0,1
346,13,0,1
346,14,0,1
346,15,0,0
346,16,0,0
346,17,0,0
346,18,0,0
346,19,0,0
346,20,0,0
346,21,0,0
346,22,0,0
346,23,0,0
346,24,0,0
346,25,0,0
346,26,0,0
346,27,0,0
346,28,0,0
346,29,0,0
346,30,0,0
346,31,0,0
346,32,0,0
346,33,0,0
346,34,0,0
346,35,0,0
346,36,0,0
346,37,0,0
346,38,0,0
346,39,0,0
346,40,0,0
346,41,0,0
346,42,0,0
346,43,0,0
347,1,16,4
347,2,20,6
347,3,20,6
347,4,20,6
347,5,22,7
347,6,24,8
347,7,24,8
347,8,22,7
347,9,35,7
347,10,24,8
347,11,26,9
347,12,28,9
347,13,28,10
347,14,26,8
347,15,22,7
347,16,35,7
347,17,41,10
347,18,26,9
347,19,24,7
347,20,24,8
347,21,26,9
347,22,41,10
347,23,43,11
347,24,32,12
347,25,28,10
347,26,22,7
347,27,20,6
347,28,20,6
347,29,24,8
347,30,37,8
347,31,20,6
347,32,16,4
347,33,12,2
347,34,10,1
347,35,0,0
348,1,16,4
348,2,18,4
348,3,18,4
348,4,14,3
348,5,16,4
348,6,16,4
348,7,16,4
348,8,18,5
348,9,20,6
348,10,20,6
348,11,20,6
348,12,22,7
348,13,24,7
348,14,22,6
348,15,18,5
348,16,20,6
348,17,22,7
348,18,24,8
348,19,39,9
348,20,39,9
348,21,39,9
348,22,39,9
348,23,39,9
348,24,26,9
348,25,24,8
348,26,22,7
348,27,18,5
348,28,20,6
348,29,20,6
348,30,22,7
348,31,22,7
348,32,20,6
348,33,20,6
348,34,18,5
348,35,16,4
348,36,14,3
348,37,10,1
348,38,0,0
349,1,16,4
349,2,18,5
349,3,20,6
349,4,20,6
349,5,24,8
349,6,24,8
349,7,24,8
349,8,22,6
349,9,22,7
349,10,20,6
349,11,22,6
349,12,22,5
349,13,18,5
349,14,22,7
349,15,22,7
349,16,24,8
349,17,24,7
349,18,22,6
349,19,20,6
349,20,20,6
349,21,22,7
349,22,20,5
349,23,18,4
349,24,14,2
349,25,0,0
349,26,0,0
349,27,0,0
349,28,0,0
349,29,0,0
349,30,0,0
349,31,0,0
349,32,0,0
349,33,0,0
349,34,0,0
349,35,0,0
349,36,0,0
349,37,0,0
349,38,0,0
349,39,0,0
350,1,14,3
350,2,18,5
350,3,22,6
350,4,20,6
350,5,22,7
350,6,37,8
350,7,39,8
350,8,39,8
350,9,39,9
350,10,39,9
350,11,39,9
350,12,41,10
350,13,41,10
350,14,41,10
350,15,45,11
350,16,47,13
350,17,49,12
350,18,47,13
350,19,49,14
350,20,49,14
350,21,79,16
350,22,63,16
350,23,63,17
350,24,54,19
350,25,67,19
350,26,71,19
350,27,71,21
350,28,69,20
350,29,71,19
350,30,73,22
350,31,77,24
350,32,81,25
350,33,101,26
350,34,93,28
350,35,93,28
350,36,93,27
350,37,91,25
350,38,91,27
350,39,115,29
351,1,12,2
351,2,16,4
351,3,16,4
351,4,20,6
351,5,20,5
351,6,18,4
351,7,18,5
351,8,18,5
351,9,18,5
351,10,20,6
351,11,37,8
351,12,39,8
351,13,37,8
351,14,37,7
351,15,22,7
351,16,26,9
351,17,24,7
351,18,22,7
351,19,22,7
351,20,37,8
351,21,37,8
351,22,39,9
351,23,41,8
351,24,22,6
351,25,20,6
351,26,20,5
351,27,20,6
351,28,22,7
351,29,22,6
351,30,35,6
351,31,33,5
351,32,16,3
351,33,14,3
351,34,14,3
351,35,14,3
351,36,0,2
351,37,0,1
351,38,0,1
351,39,0,1
351,40,0,1
351,41,0,1
351,42,0,0
351,43,0,0
351,44,0,0
351,45,0,0
351,46,0,0
351,47,0,0
351,48,0,0
351,49,0,0
351,50,0,0
351,51,0,0
352,1,16,4
352,2,20,6
352,3,22,7
352,4,24,8
352,5,24,7
352,6,24,8
352,7,22,6
352,8,20,6
352,9,24,8
352,10,20,6
352,11,24,8
352,12,28,10
352,13,47,12
352,14,51,13
352,15,49,12
352,16,43,10
352,17,26,9
352,18,24,8
352,19,26,9
352,20,24,8
352,21,24,8
352,22,36,10
352,23,42,13
352,24,44,14
352,25,59,15
352,26,61,16
352,27,55,13
352,28,53,12
352,29,30,11
352,30,34,13
352,31,30,11
352,32,24,8
352,33,20,6
352,34,12,2
352,35,10,1
352,36,0,0
353,1,16,4
353,2,22,7
353,3,20,5
353,4,18,5
353,5,20,6
353,6,20,5
353,7,18,4
353,8,18,5
353,9,18,5
353,10,18,5
353,11,18,5
353,12,20,5
353,13,18,4
353,14,16,4
353,15,18,4
353,16,18,5
353,17,18,5
353,18,20,6
353,19,20,6
353,20,18,5
353,21,14,2
353,22,0,0
353,23,0,0
353,24,0,0
353,25,0,0
353,26,0,0
353,27,0,0
353,28,0,0
353,29,0,0
353,30,0,0
353,31,0,0
353,32,0,0
353,33,0,0
353,34,0,0
353,35,0,0
353,36,0,0
353,37,0,0
354,1,16,4
354,2,18,5
354,3,20,6
354,4,22,7
354,5,24,8
354,6,24,7
354,7,20,5
354,8,18,5
354,9,20,6
354,10,22,7
354,11,24,7
354,12,20,5
354,13,18,5
354,14,18,5
354,15,20,6
354,16,20,6
354,17,18,4
354,18,20,5
354,19,18,5
354,20,24,7
354,21,26,9
354,22,26,9
354,23,24,7
354,24,20,5
354,25,16,3
354,26,29,3
354,27,33,5
354,28,16,3
354,29,14,3
354,30,16,4
354,31,18,5
354,32,22,7
354,33,24,8
354,34,26,8
354,35,22,6
354,36,20,6
354,37,20,5
354,38,0,4
354,39,0,3
354,40,0,1
354,41,0,1
354,42,0,1
354,43,0,0
354,44,0,0
355,1,16,4
355,2,20,6
355,3,22,7
355,4,26,9
355,5,41,10
355,6,43,9
355,7,39,8
355,8,20,6
355,9,20,6
355,10,20,6
355,11,24,7
355,12,39,8
355,13,24,8
355,14,24,8
355,15,30,11
355,16,28,9
355,17,22,7
355,18,22,7
355,19,24,8
355,20,39,9
355,21,39,9
355,22,26,9
355,23,20,6
355,24,18,5
355,25,14,3
355,26,12,2
355,27,0,1
356,1,12,2
356,2,12,2
356,3,16,4
356,4,16,4
356,5,16,4
356,6,16,4
356,7,18,5
356,8,18,5
356,9,18,4
356,10,14,2
356,11,16,4
356,12,16,4
356,13,20,6
356,14,24,8
356,15,24,7
356,16,22,6
356,17,20,6
356,18,18,5
356,19,16,4
356,20,0,2
356,21,0,1
356,22,0,0
356,23,0,0
356,24,0,0
356,25,0,0
356,26,0,0
356,27,0,0
356,28,0,0
356,29,0,0
356,30,0,0
356,31,0,0
356,32,0,0
356,33,0,0
356,34,0,0
356,35,0,0
356,36,0,0
356,37,0,0
356,38,0,0
356,39,0,0
356,40,0,0
356,41,0,0
356,42,0,0
356,43,0,0
356,44,0,0
357,1,16,4
357,2,18,5
357,3,20,5
357,4,20,6
357,5,22,6
357,6,22,7
357,7,22,7
357,8,24,8
357,9,28,10
357,10,28,10
357,11,28,10
357,12,26,8
357,13,22,5
357,14,33,6
357,15,39,9
357,16,43,10
357,17,43,9
357,18,26,8
357,19,26,9
357,20,30,11
357,21,30,11
357,22,32,11
357,23,48,10
357,24,36,10
357,25,51,11
357,26,45,12
357,27,47,13
357,28,49,14
357,29,45,12
357,30,28,10
357,31,26,9
357,32,24,8
357,33,22,7
357,34,20,6
357,35,0,5
358,1,14,3
358,2,14,3
358,3,16,4
358,4,16,4
358,5,18,5
358,6,18,5
358,7,18,5
358,8,20,6
358,9,20,6
358,10,20,5
358,11,22,7
358,12,22,7
358,13,35,6
358,14,37,8
358,15,37,7
358,16,37,7
358,17,22,5
358,18,16,2
358,19,14,3
358,20,16,3
358,21,16,4
358,22,16,4
358,23,16,4
358,24,16,4
358,25,16,4
358,26,18,5
358,27,16,4
358,28,16,4
358,29,18,3
358,30,16,3
358,31,16,4
358,32,18,5
358,33,20,5
358,34,0,3
358,35,0,0
358,36,0,0
358,37,0,0
358,38,0,0
358,39,0,0
358,40,0,0
358,41,0,0
358,42,0,0
359,1,16,4
359,2,20,6
359,3,22,6
359,4,24,7
359,5,22,7
359,6,24,8
359,7,24,8
359,8,24,8
359,9,39,8
359,10,24,7
359,11,24,8
359,12,22,7
359,13,24,7
359,14,22,5
359,15,37,8
359,16,43,11
359,17,49,13
359,18,47,11
359,19,28,8
359,20,24,8
359,21,26,9
359,22,24,8
359,23,28,10
359,24,47,12
359,25,51,13
359,26,47,13
359,27,43,9
359,28,20,4
359,29,12,2
359,30,18,5
359,31,24,8
359,32,22,6
359,33,20,6
359,34,18,5
359,35,16,4
359,36,27,2
359,37,0,0
359,38,0,0
359,39,0,0
359,40,0,0
359,41,0,0
359,42,0,0
359,43,0,0
359,44,0,0
359,45,0,0
360,1,14,3
360,2,16,4
360,3,16,4
360,4,16,4
360,5,16,4
360,6,18,4
360,7,18,5
360,8,18,5
360,9,18,4
360,10,18,4
360,11,16,4
360,12,18,5
360,13,18,4
360,14,16,3
360,15,16,4
360,16,18,5
360,17,16,4
360,18,18,4
360,19,18,4
360,20,22,7
360,21,22,7
360,22,24,8
360,23,28,10
360,24,32,10
360,25,32,11
360,26,30,11
360,27,32,12
360,28,34,13
360,29,30,10
360,30,26,9
360,31,24,8
360,32,24,8
360,33,44,8
360,34,0,7
360,35,0,7
360,36,0,6
360,37,0,5
360,38,0,4
360,39,0,1
360,40,0,1
360,41,0,0
361,1,16,4
361,2,20,6
361,3,24,8
361,4,24,8
361,5,24,8
361,6,26,9
361,7,26,8
361,8,26,8
361,9,26,9
361,10,26,9
361,11,24,8
361,12,24,8
361,13,24,8
361,14,26,9
361,15,28,9
361,16,24,7
361,17,20,5
361,18,18,4
361,19,35,7
361,20,41,9
361,21,41,10
361,22,41,10
361,23,45,12
361,24,47,13
361,25,49,14
361,26,28,10
361,27,24,8
361,28,24,8
361,29,22,7
361,30,18,5
361,31,18,5
361,32,16,4
361,33,0,2
361,34,0,1
361,35,0,0
361,36,0,0
361,37,0,0
361,38,0,0
361,39,0,0
361,40,0,0
361,41,0,0
361,42,0,0
362,1,16,4
362,2,20,6
362,3,22,7
362,4,20,6
362,5,22,7
362,6,24,8
362,7,24,7
362,8,22,7
362,9,24,8
362,10,24,8
362,11,26,8
362,12,24,7
362,13,26,9
362,14,24,7
362,15,24,8
362,16,24,8
362,17,24,8
362,18,20,6
362,19,20,5
362,20,20,6
362,21,37,8
362,22,24,8
362,23,24,8
362,24,28,9
362,25,26,9
362,26,39,9
362,27,43,11
362,28,41,9
362,29,24,8
362,30,22,6
362,31,18,5
362,32,14,3
362,33,14,3
362,34,12,2
362,35,12,2
362,36,18,5
362,37,35,7
362,38,39,9
362,39,20,6
362,40,18,5
362,41,16,4
362,42,20,6
362,43,26,9
362,44,43,11
362,45,45,12
362,46,49,14
362,47,49,14
362,48,45,12
362,49,41,10
362,50,37,8
362,51,35,7
362,52,16,4
362,53,14,3
362,54,14,3
362,55,10,1
362,56,10,1
362,57,12,2
362,58,16,4
362,59,14,3
362,60,10,1
362,61,0,0
363,1,12,2
363,2,12,2
363,3,14,3
363,4,16,4
363,5,14,3
363,6,16,4
363,7,18,5
363,8,18,4
363,9,18,5
363,10,20,6
363,11,18,5
363,12,16,4
363,13,33,5
363,14,18,4
363,15,18,5
363,16,18,4
363,17,18,5
363,18,18,4
363,19,14,3
363,20,14,3
363,21,16,4
363,22,14,3
363,23,18,5
363,24,22,7
363,25,24,8
363,26,26,8
363,27,24,7
363,28,37,8
363,29,37,8
363,30,37,8
363,31,20,5
363,32,20,5
363,33,18,3
363,34,14,2
363,35,14,3
363,36,14,3
363,37,14,3
363,38,14,2
363,39,12,2
363,40,16,4
363,41,16,3
363,42,12,2
363,43,12,2
363,44,12,2
363,45,12,1
363,46,10,1
363,47,10,1
363,48,12,2
363,49,14,3
363,50,16,4
363,51,16,4
363,52,16,3
363,53,14,2
363,54,14,3
363,55,18,5
363,56,16,3
363,57,12,1
363,58,10,1
363,59,0,0
363,60,0,0
363,61,0,0
364,1,16,4
364,2,20,6
364,3,22,7
364,4,22,7
364,5,22,7
364,6,24,8
364,7,24,8
364,8,28,10
364,9,28,10
364,10,43,11
364,11,41,9
364,12,39,8
364,13,41,10
364,14,43,10
364,15,24,8
364,16,24,8
364,17,26,9
364,18,28,10
364,19,30,11
364,20,34,13
364,21,36,13
364,22,51,13
364,23,51,15
364,24,53,16
364,25,53,16
364,26,53,16
364,27,69,15
364,28,46,15
364,29,46,15
364,30,48,16
364,31,52,18
364,32,65,18
364,33,63,17
364,34,65,18
364,35,67,19
364,36,69,20
364,37,73,22
364,38,71,21
364,39,65,18
364,40,44,14
364,41,40,12
364,42,42,13
364,43,42,13
364,44,44,14
364,45,59,15
364,46,63,17
364,47,61,16
364,48,61,16
364,49,63,17
364,50,61,16
364,51,59,15
364,52,57,14
364,53,53,12
364,54,49,10
364,55,38,11
364,56,36,10
364,57,40,12
364,58,57,14
364,59,61,16
364,60,65,18
364,61,69,20
364,62,73,22
364,63,77,24
364,64,115,26
364,65,91,27
364,66,101,28
365,1,14,3
365,2,16,4
365,3,22,7
365,4,26,9
365,5,24,8
365,6,24,8
365,7,22,7
365,8,24,7
365,9,22,7
365,10,24,7
365,11,41,10
365,12,43,10
365,13,26,9
365,14,26,9
365,15,26,8
365,16,26,9
365,17,28,9
365,18,28,9
365,19,26,9
365,20,30,11
365,21,32,12
365,22,28,10
365,23,28,10
365,24,41,9
365,25,43,9
365,26,41,9
365,27,39,9
365,28,24,8
365,29,28,10
365,30,43,11
365,31,49,14
365,32,53,15
365,33,51,15
365,34,53,16
365,35,38,15
365,36,73,17
365,37,69,20
365,38,65,18
365,39,65,18
365,40,65,18
365,41,52,18
365,42,54,19
365,43,71,21
365,44,71,21
365,45,73,22
365,46,89,21
365,47,81,22
365,48,85,24
365,49,91,27
365,50,113,28
366,1,16,4
366,2,20,5
366,3,20,6
366,4,24,8
366,5,26,9
366,6,26,9
366,7,26,9
366,8,26,9
366,9,26,9
366,10,26,9
366,11,24,8
366,12,22,7
366,13,22,7
366,14,22,7
366,15,22,7
366,16,24,8
366,17,26,9
366,18,28,9
366,19,28,10
366,20,28,10
366,21,26,9
366,22,26,9
366,23,28,10
366,24,26,9
366,25,24,8
366,26,39,9
366,27,45,10
366,28,43,9
366,29,28,10
366,30,26,9
366,31,28,10
366,32,32,11
366,33,34,12
366,34,30,11
366,35,32,12
366,36,32,12
366,37,32,12
366,38,28,10
366,39,28,10
366,40,30,11
366,41,26,8
366,42,37,7
366,43,37,8
366,44,37,6
366,45,16,3
366,46,0,1
366,47,0,1
366,48,0,1
366,49,0,0
366,50,0,0
366,51,0,0
366,52,0,0
366,53,0,0
366,54,0,0
366,55,0,0
366,56,0,0
366,57,0,0
366,58,0,0
366,59,0,0
366,60,0,0
366,61,0,0
367,1,16,4
367,2,18,5
367,3,18,5
367,4,18,5
367,5,20,6
367,6,24,8
367,7,24,8
367,8,24,8
367,9,24,8
367,10,26,8
367,11,37,7
367,12,35,7
367,13,37,8
367,14,35,6
367,15,37,8
367,16,39,9
367,17,39,9
367,18,47,13
367,19,43,10
367,20,43,10
367,21,41,8
367,22,22,7
367,23,20,6
367,24,20,6
367,25,22,6
367,26,20,6
367,27,20,5
367,28,18,5
367,29,16,3
367,30,12,2
367,31,0,1
367,32,0,1
367,33,0,0
367,34,0,0
367,35,0,0
367,36,0,0
367,37,0,0
367,38,0,0
367,39,0,0
367,40,0,0
368,1,18,5
368,2,20,6
368,3,20,6
368,4,22,7
368,5,26,8
368,6,24,7
368,7,18,4
368,8,16,4
368,9,16,4
368,10,18,5
368,11,22,7
368,12,20,5
368,13,20,5
368,14,16,3
368,15,14,3
368,16,12,2
368,17,10,1
368,18,12,2
368,19,16,4
368,20,16,4
368,21,20,6
368,22,22,6
368,23,22,6
368,24,18,5
368,25,16,4
368,26,16,3
368,27,14,2
368,28,12,1
368,29,0,0
368,30,0,0
368,31,0,0
369,1,16,4
369,2,20,6
369,3,22,7
369,4,24,8
369,5,24,8
369,6,24,8
369,7,24,8
369,8,24,8
369,9,22,7
369,10,26,9
369,11,28,9
369,12,26,8
369,13,24,8
369,14,39,9
369,15,41,10
369,16,41,9
369,17,43,10
369,18,47,12
369,19,71,12
369,20,40,12
369,21,44,14
369,22,57,14
369,23,63,17
369,24,67,19
369,25,67,19
369,26,67,19
369,27,67,19
369,28,71,21
369,29,58,21
369,30,101,20
369,31,75,19
369,32,79,21
369,33,87,25
369,34,87,25
369,35,91,27
369,36,113,28
370,1,16,4
370,2,16,4
370,3,18,5
370,4,20,5
370,5,22,7
370,6,26,9
370,7,39,9
370,8,41,10
370,9,39,8
370,10,39,7
370,11,20,5
370,12,20,6
370,13,22,7
370,14,39,9
370,15,43,11
370,16,43,11
370,17,47,12
370,18,49,13
370,19,45,12
370,20,45,11
370,21,28,10
370,22,26,9
370,23,41,10
370,24,41,10
370,25,43,11
370,26,43,11
370,27,47,13
370,28,47,13
370,29,45,12
370,30,43,11
370,31,26,9
370,32,18,5
370,33,16,4
370,34,16,4
370,35,16,4
370,36,14,3
370,37,14,3
370,38,0,2
371,1,16,4
371,2,16,4
371,3,16,4
371,4,18,5
371,5,18,5
371,6,20,6
371,7,20,6
371,8,20,6
371,9,20,6
371,10,20,6
371,11,20,6
371,12,20,6
371,13,20,5
371,14,20,5
371,15,20,5
371,16,22,7
371,17,24,8
371,18,22,6
371,19,22,7
371,20,22,7
371,21,37,7
371,22,37,7
371,23,37,6
371,24,31,4
371,25,31,4
371,26,31,5
371,27,16,4
371,28,20,5
371,29,20,6
371,30,18,5
371,31,18,4
371,32,16,4
371,33,16,3
371,34,14,1
371,35,0,0
372,1,16,4
372,2,20,6
372,3,24,8
372,4,24,8
372,5,26,9
372,6,26,9
372,7,28,10
372,8,28,10
372,9,43,11
372,10,49,14
372,11,53,16
372,12,55,17
372,13,38,15
372,14,36,13
372,15,60,13
372,16,61,16
372,17,65,18
372,18,67,19
372,19,67,19
372,20,69,20
372,21,75,23
372,22,79,25
372,23,83,26
372,24,83,27
372,25,103,28
372,26,113,29
373,1,16,4
373,2,20,6
373,3,22,7
373,4,24,7
373,5,24,8
373,6,24,8
373,7,26,9
373,8,26,9
373,9,24,8
373,10,22,7
373,11,24,8
373,12,28,10
373,13,43,11
373,14,41,10
373,15,43,11
373,16,43,11
373,17,43,11
373,18,47,12
373,19,47,12
373,20,45,12
373,21,43,10
373,22,41,9
373,23,26,8
373,24,24,7
373,25,20,5
373,26,18,3
373,27,0,1
373,28,0,1
373,29,0,1
373,30,0,1
373,31,0,1
373,32,0,0
373,33,0,0
373,34,0,0
373,35,0,0
373,36,0,0
373,37,0,0
373,38,0,0
373,39,0,0
373,40,0,0
374,1,16,4
374,2,18,5
374,3,18,5
374,4,20,6
374,5,20,6
374,6,22,6
374,7,22,7
374,8,24,8
374,9,24,8
374,10,22,7
374,11,20,6
374,12,20,5
374,13,18,4
374,14,18,5
374,15,18,5
374,16,16,4
374,17,18,5
374,18,16,4
374,19,16,4
374,20,18,5
374,21,20,6
374,22,18,5
374,23,18,5
374,24,20,6
374,25,20,6
374,26,20,4
374,27,16,2
374,28,16,4
374,29,16,4
374,30,16,4
374,31,16,3
374,32,16,4
374,33,18,4
374,34,16,3
374,35,14,2
374,36,14,3
374,37,12,1
374,38,10,1
374,39,10,1
374,40,0,0
374,41,0,0
374,42,0,0
374,43,0,0
374,44,0,0
374,45,0,0
374,46,0,0
374,47,0,0
374,48,0,0
374,49,0,0
374,50,0,0
374,51,0,0
374,52,0,0
374,53,0,0
374,54,0,0
374,55,0,0
374,56,0,0
374,57,0,0
374,58,0,0
374,59,0,0
374,60,0,0
374,61,0,0
374,62,0,0
374,63,0,0
374,64,0,0
374,65,0,0
374,66,0,0
374,67,0,0
375,1,16,4
375,2,22,7
375,3,24,8
375,4,22,7
375,5,20,6
375,6,20,6
375,7,20,6
375,8,20,6
375,9,18,5
375,10,18,5
375,11,22,6
375,12,37,7
375,13,22,7
375,14,20,5
375,15,22,7
375,16,20,6
375,17,37,8
375,18,22,7
375,19,22,6
375,20,20,5
375,21,33,6
375,22,35,5
375,23,31,3
375,24,16,3
375,25,16,4
375,26,18,4
375,27,18,3
375,28,14,3
375,29,16,3
375,30,18,4
375,31,0,5
375,32,0,2
375,33,0,1
375,34,0,1
375,35,0,1
375,36,0,1
375,37,0,1
375,38,0,1
375,39,0,1
375,40,0,0
375,41,0,0
375,42,0,0
376,1,16,4
376,2,18,5
376,3,18,5
376,4,18,5
376,5,20,6
376,6,18,5
376,7,16,4
376,8,18,5
376,9,18,5
376,10,20,6
376,11,20,6
376,12,18,5
376,13,18,5
376,14,18,5
376,15,18,5
376,16,18,5
376,17,20,6
376,18,18,5
376,19,18,5
376,20,20,6
376,21,20,6
376,22,20,6
376,23,18,5
376,24,18,5
376,25,22,7
376,26,24,8
376,27,24,7
376,28,20,6
376,29,20,6
376,30,24,8
376,31,41,10
376,32,41,10
376,33,43,9
376,34,26,8
376,35,26,8
376,36,26,7
376,37,26,8
376,38,24,6
376,39,0,2
376,40,0,1
376,41,0,1
376,42,0,1
376,43,0,0
376,44,0,0
376,45,0,0
376,46,0,0
376,47,0,0
377,1,16,4
377,2,18,4
377,3,18,5
377,4,20,6
377,5,20,6
377,6,22,7
377,7,22,7
377,8,24,7
377,9,22,6
377,10,22,7
377,11,24,8
377,12,24,8
377,13,24,8
377,14,24,7
377,15,20,6
377,16,22,7
377,17,22,6
377,18,18,5
377,19,16,3
377,20,16,3
377,21,12,2
377,22,0,0
378,1,16,4
378,2,20,6
378,3,24,7
378,4,24,7
378,5,24,8
378,6,24,8
378,7,24,8
378,8,24,8
378,9,24,8
378,10,24,8
378,11,26,9
378,12,26,9
378,13,41,10
378,14,47,12
378,15,75,13
378,16,57,14
378,17,42,13
378,18,42,13
378,19,40,12
378,20,57,14
378,21,59,15
378,22,65,18
378,23,54,19
378,24,56,20
378,25,52,18
378,26,50,17
378,27,65,18
378,28,69,20
378,29,67,19
378,30,69,20
378,31,65,18
378,32,63,17
378,33,53,16
378,34,51,15
378,35,51,15
378,36,55,17
378,37,38,15
378,38,36,14
378,39,34,13
378,40,34,13
378,41,43,11
378,42,47,13
378,43,41,10
378,44,20,6
378,45,20,6
378,46,16,4
378,47,14,3
378,48,0,2
379,1,14,3
379,2,20,6
379,3,22,7
379,4,24,8
379,5,28,9
379,6,26,8
379,7,24,8
379,8,26,9
379,9,28,10
379,10,43,10
379,11,45,11
379,12,41,9
379,13,26,9
379,14,26,9
379,15,32,12
379,16,30,11
379,17,28,9
379,18,41,9
379,19,47,13
379,20,51,15
379,21,51,15
379,22,49,13
379,23,28,10
379,24,28,9
379,25,24,7
379,26,20,6
379,27,18,5
379,28,20,6
379,29,20,6
379,30,33,6
379,31,31,5
379,32,31,5
379,33,29,4
379,34,0,2
380,1,12,2
380,2,12,2
380,3,16,4
380,4,16,4
380,5,16,4
380,6,16,4
380,7,16,4
380,8,16,4
380,9,16,4
380,10,20,6
380,11,20,6
380,12,20,6
380,13,18,4
380,14,16,3
380,15,16,3
380,16,0,1
380,17,0,2
380,18,0,2
380,19,0,1
380,20,0,1
380,21,0,1
380,22,0,1
380,23,0,1
380,24,0,1
380,25,0,1
380,26,0,1
380,27,0,0
380,28,0,0
380,29,0,0
380,30,0,0
380,31,0,0
380,32,0,0
380,33,0,0
380,34,0,0
380,35,0,0
380,36,0,0
380,37,0,0
380,38,0,0
380,39,0,0
380,40,0,0
380,41,0,0
381,1,12,2
381,2,12,2
381,3,12,2
381,4,16,4
381,5,20,6
381,6,24,8
381,7,24,7
381,8,20,5
381,9,16,4
381,10,16,4
381,11,18,5
381,12,20,5
381,13,33,5
381,14,33,6
381,15,35,7
381,16,35,6
381,17,20,6
381,18,22,7
381,19,24,8
381,20,37,7
381,21,37,7
381,22,37,7
381,23,37,7
381,24,22,6
381,25,22,6
381,26,20,4
381,27,20,6
381,28,22,7
381,29,22,7
381,30,22,7
381,31,22,7
381,32,20,6
381,33,18,5
381,34,18,5
381,35,18,5
381,36,24,8
381,37,26,8
381,38,26,8
381,39,26,9
381,40,26,8
381,41,24,7
381,42,24,8
381,43,24,8
381,44,26,7
381,45,24,7
381,46,26,9
381,47,43,10
381,48,47,13
381,49,43,11
381,50,41,10
381,51,39,9
381,52,39,9
381,53,24,7
381,54,20,6
381,55,18,5
381,56,20,6
381,57,24,8
381,58,28,10
381,59,28,9
381,60,24,7
381,61,24,8
381,62,35,7
381,63,35,7
381,64,35,7
381,65,20,6
381,66,0,5
382,1,16,4
382,2,18,5
382,3,20,5
382,4,20,6
382,5,24,8
382,6,24,8
382,7,26,8
382,8,22,7
382,9,20,6
382,10,20,5
382,11,18,4
382,12,16,4
382,13,14,3
382,14,14,2
382,15,14,3
382,16,16,4
382,17,16,3
382,18,14,3
382,19,16,4
382,20,14,3
382,21,16,4
382,22,18,3
382,23,14,3
382,24,16,4
382,25,20,6
382,26,20,6
382,27,20,6
382,28,20,6
382,29,22,6
382,30,22,6
382,31,24,8
382,32,24,8
382,33,22,7
382,34,22,7
382,35,18,5
382,36,16,4
382,37,0,3
383,1,16,4
383,2,20,6
383,3,22,7
383,4,24,8
383,5,26,8
383,6,24,8
383,7,26,9
383,8,24,8
383,9,20,6
383,10,24,8
383,11,26,9
383,12,28,10
383,13,28,10
383,14,32,12
383,15,32,12
383,16,32,11
383,17,28,10
383,18,26,9
383,19,41,9
383,20,24,8
383,21,26,9
383,22,52,11
383,23,36,10
383,24,53,12
383,25,57,14
383,26,46,15
383,27,48,16
383,28,42,13
383,29,42,13
383,30,42,13
383,31,46,15
383,32,59,15
383,33,59,15
383,34,59,15
383,35,63,17
383,36,61,16
383,37,44,14
383,38,42,13
383,39,61,16
383,40,67,19
383,41,69,20
383,42,71,21
383,43,73,22
383,44,91,21
383,45,85,24
383,46,89,26
383,47,91,27
383,48,93,28
383,49,93,28
383,50,93,28
383,51,93,28
383,52,113,29
384,1,14,3
384,2,16,4
384,3,22,7
384,4,24,8
384,5,26,8
384,6,22,7
384,7,24,8
384,8,24,8
384,9,24,8
384,10,22,7
384,11,24,8
384,12,37,8
384,13,37,8
384,14,39,7
384,15,35,6
384,16,33,5
384,17,22,5
384,18,20,6
384,19,22,7
384,20,22,7
384,21,20,6
384,22,20,6
384,23,20,6
384,24,24,7
384,25,22,6
384,26,18,5
384,27,18,4
384,28,16,4
384,29,18,4
384,30,35,6
384,31,20,6
384,32,18,5
384,33,18,5
384,34,18,5
384,35,20,6
384,36,18,4
384,37,14,2
384,38,10,1
384,39,0,0
384,40,0,0
384,41,0,0
384,42,0,0
384,43,0,0
384,44,0,0
384,45,0,0
384,46,0,0
384,47,0,0
384,48,0,0
384,49,0,0
384,50,0,0
384,51,0,0
384,52,0,0
384,53,0,0
385,1,14,3
385,2,16,4
385,3,18,5
385,4,18,5
385,5,18,5
385,6,18,5
385,7,20,6
385,8,20,6
385,9,35,7
385,10,39,9
385,11,43,10
385,12,45,11
385,13,28,7
385,14,26,9
385,15,58,11
385,16,36,10
385,17,38,11
385,18,36,10
385,19,40,12
385,20,40,12
385,21,42,13
385,22,42,13
385,23,46,15
385,24,46,15
385,25,61,16
385,26,65,18
385,27,65,18
385,28,63,17
385,29,63,17
385,30,67,19
385,31,69,20
385,32,117,23
385,33,83,23
385,34,85,24
385,35,83,23
385,36,81,22
385,37,85,24
385,38,85,24
385,39,85,24
385,40,89,26
385,41,91,27
385,42,91,27
385,43,101,28
386,1,16,4
386,2,20,6
386,3,24,8
386,4,24,8
386,5,22,7
386,6,24,8
386,7,24,7
386,8,22,7
386,9,20,5
386,10,20,6
386,11,22,7
386,12,39,9
386,13,37,8
386,14,39,9
386,15,24,8
386,16,24,8
386,17,24,8
386,18,26,9
386,19,39,9
386,20,47,13
386,21,47,11
386,22,41,8
386,23,24,7
386,24,22,7
386,25,24,7
386,26,39,8
386,27,26,9
386,28,26,8
386,29,24,8
386,30,24,7
386,31,24,7
386,32,24,8
386,33,24,8
386,34,24,8
386,35,39,8
386,36,41,9
386,37,41,9
386,38,39,8
386,39,26,7
386,40,20,6
386,41,22,7
386,42,20,6
386,43,20,5
386,44,18,4
386,45,16,4
386,46,14,3
386,47,14,3
386,48,33,5
386,49,20,5
386,50,0,3
386,51,0,4
386,52,0,3
386,53,0,1
386,54,0,0
386,55,0,0
386,56,0,0
386,57,0,0
386,58,0,0
386,59,0,0
386,60,0,0
386,61,0,0
386,62,0,0
386,63,0,0
387,1,16,4
387,2,18,5
387,3,18,5
387,4,20,6
387,5,22,7
387,6,22,6
387,7,20,6
387,8,20,6
387,9,18,5
387,10,18,4
387,11,16,4
387,12,16,3
387,13,12,2
387,14,14,2
387,15,10,1
387,16,12,2
387,17,16,4
387,18,18,4
387,19,16,3
387,20,14,2
387,21,12,2
387,22,12,1
387,23,12,2
387,24,12,2
387,25,14,3
387,26,12,2
387,27,0,1
387,28,0,1
387,29,0,1
387,30,0,0
387,31,0,0
387,32,0,0
387,33,0,0
387,34,0,0
387,35,0,0
387,36,0,0
387,37,0,0
387,38,0,0
388,1,14,3
388,2,14,3
388,3,16,4
388,4,16,3
388,5,14,3
388,6,16,4
388,7,16,4
388,8,16,4
388,9,16,4
388,10,16,4
388,11,16,4
388,12,16,3
388,13,14,3
388,14,16,4
388,15,16,4
388,16,16,4
388,17,16,4
388,18,16,3
388,19,16,3
388,20,14,3
388,21,14,3
388,22,16,4
388,23,18,5
388,24,16,4
388,25,0,2
388,26,0,2
389,1,16,4
389,2,20,6
389,3,24,7
389,4,22,6
389,5,22,6
389,6,22,7
389,7,22,7
389,8,20,6
389,9,22,7
389,10,39,9
389,11,43,11
389,12,47,12
389,13,41,9
389,14,41,9
389,15,39,9
389,16,41,10
389,17,41,10
389,18,48,10
389,19,40,12
389,20,40,12
389,21,44,14
389,22,48,16
389,23,61,16
389,24,61,16
389,25,63,17
389,26,61,16
389,27,46,15
389,28,44,14
389,29,40,12
389,30,40,12
389,31,53,12
389,32,57,14
389,33,61,16
389,34,59,15
389,35,55,13
389,36,44,14
389,37,40,12
389,38,42,13
389,39,61,16
389,40,65,18
389,41,67,19
389,42,65,18
389,43,50,17
389,44,46,15
389,45,48,16
389,46,48,16
389,47,63,17
389,48,65,18
389,49,77,20
389,50,81,22
389,51,83,23
389,52,83,23
389,53,115,25
390,1,16,4
390,2,16,4
390,3,18,5
390,4,18,5
390,5,18,4
390,6,16,4
390,7,18,5
390,8,18,4
390,9,18,5
390,10,18,4
390,11,33,6
390,12,37,8
390,13,41,8
390,14,24,7
390,15,20,6
390,16,20,6
390,17,20,6
390,18,24,8
390,19,24,8
390,20,24,8
390,21,24,6
390,22,22,7
390,23,22,7
390,24,24,8
390,25,26,8
390,26,24,7
390,27,0,4
390,28,0,4
390,29,0,3
390,30,0,1
390,31,0,1
390,32,0,1
390,33,0,0
390,34,0,0
390,35,0,0
390,36,0,0
390,37,0,0
390,38,0,0
390,39,0,0
390,40,0,0
391,1,16,4
391,2,18,5
391,3,18,5
391,4,20,6
391,5,24,7
391,6,20,6
391,7,22,7
391,8,24,7
391,9,22,6
391,10,18,4
391,11,18,5
391,12,16,4
391,13,18,5
391,14,20,5
391,15,18,4
391,16,16,4
391,17,33,6
391,18,37,8
391,19,22,5
391,20,16,4
391,21,14,2
391,22,14,3
391,23,12,2
391,24,10,1
391,25,10,1
391,26,10,1
391,27,0,0
391,28,0,0
391,29,0,0
391,30,0,0
391,31,0,0
391,32,0,0
391,33,0,0
391,34,0,0
391,35,0,0
391,36,0,0
391,37,0,0
392,1,16,4
392,2,18,5
392,3,18,5
392,4,22,7
392,5,39,9
392,6,26,8
392,7,22,7
392,8,18,4
392,9,18,5
392,10,22,7
392,11,22,7
392,12,24,7
392,13,26,9
392,14,28,10
392,15,32,12
392,16,32,12
392,17,34,13
392,18,30,10
392,19,43,10
392,20,43,10
392,21,41,9
392,22,39,7
392,23,0,5
392,24,0,4
392,25,0,2
392,26,0,2
392,27,0,2
392,28,0,2
392,29,0,2
392,30,0,2
393,1,16,4
393,2,20,6
393,3,22,7
393,4,22,7
393,5,22,7
393,6,22,7
393,7,22,6
393,8,20,6
393,9,20,5
393,10,20,6
393,11,22,6
393,12,20,6
393,13,20,5
393,14,18,5
393,15,18,4
393,16,16,4
393,17,18,5
393,18,20,6
393,19,20,5
393,20,18,5
393,21,16,4
393,22,16,3
393,23,16,4
393,24,18,5
393,25,18,4
393,26,18,4
393,27,18,5
393,28,20,6
393,29,39,9
393,30,28,9
393,31,28,10
393,32,30,11
393,33,32,11
393,34,30,11
393,35,41,10
393,36,41,9
393,37,39,7
393,38,0,5
393,39,0,5
393,40,0,2
393,41,0,2
393,42,0,0
393,43,0,0
393,44,0,0
394,1,16,4
394,2,22,7
394,3,26,9
394,4,24,7
394,5,24,8
394,6,26,9
394,7,41,10
394,8,43,11
394,9,47,13
394,10,47,13
394,11,28,10
394,12,24,8
394,13,26,9
394,14,43,11
394,15,45,11
394,16,47,12
394,17,47,13
394,18,47,13
394,19,49,14
394,20,51,15
394,21,53,16
394,22,51,15
394,23,51,15
394,24,36,14
394,25,49,14
394,26,53,16
394,27,55,17
394,28,55,17
394,29,57,18
394,30,59,18
394,31,59,18
394,32,44,17
394,33,40,16
394,34,53,16
394,35,49,14
394,36,49,14
394,37,51,15
394,38,55,16
394,39,53,16
394,40,75,17
394,41,63,17
394,42,67,19
394,43,69,20
394,44,73,22
394,45,77,24
394,46,73,22
394,47,77,24
394,48,115,26
394,49,101,28
395,1,18,5
395,2,22,7
395,3,26,8
395,4,26,9
395,5,26,9
395,6,41,10
395,7,45,12
395,8,43,11
395,9,41,10
395,10,26,9
395,11,26,8
395,12,24,7
395,13,26,9
395,14,26,9
395,15,26,9
395,16,28,8
395,17,24,7
395,18,24,6
395,19,22,7
395,20,37,8
395,21,22,7
395,22,20,6
395,23,22,7
395,24,22,7
395,25,24,8
395,26,26,9
395,27,24,8
395,28,24,8
395,29,22,7
395,30,18,5
395,31,18,5
395,32,20,6
395,33,18,5
395,34,14,3
395,35,10,1
395,36,14,3
395,37,14,3
395,38,12,2
395,39,0,1
396,1,16,4
396,2,20,6
396,3,24,8
396,4,26,9
396,5,41,9
396,6,37,7
396,7,41,10
396,8,43,11
396,9,43,11
396,10,39,8
396,11,35,5
396,12,18,5
396,13,22,6
396,14,20,5
396,15,20,6
396,16,37,7
396,17,39,9
396,18,39,8
396,19,39,7
396,20,35,5
396,21,20,3
396,22,16,4
396,23,20,5
396,24,20,6
396,25,20,4
396,26,14,3
396,27,12,2
396,28,12,2
396,29,18,4
396,30,20,5
396,31,0,2
396,32,0,1
396,33,0,0
396,34,0,0
396,35,0,0
396,36,0,0
396,37,0,0
396,38,0,0
396,39,0,0
396,40,0,0
396,41,0,0
396,42,0,0
396,43,0,0
396,44,0,0
396,45,0,0
397,1,16,4
397,2,22,6
397,3,20,6
397,4,22,7
397,5,24,7
397,6,22,5
397,7,22,7
397,8,26,9
397,9,26,8
397,10,22,7
397,11,20,6
397,12,24,8
397,13,24,8
397,14,24,8
397,15,24,8
397,16,24,7
397,17,22,7
397,18,22,7
397,19,26,8
397,20,39,9
397,21,26,8
397,22,24,8
397,23,24,8
397,24,24,8
397,25,24,8
397,26,26,8
397,27,22,7
397,28,26,8
397,29,41,10
397,30,45,12
397,31,47,12
397,32,30,10
397,33,26,9
397,34,26,9
397,35,28,8
397,36,28,10
397,37,32,11
397,38,49,13
397,39,45,11
397,40,41,9
397,41,33,5
397,42,22,7
397,43,26,9
397,44,26,9
397,45,24,8
397,46,24,8
397,47,28,9
397,48,22,6
397,49,20,5
397,50,16,4
397,51,16,4
397,52,18,5
397,53,20,5
397,54,20,6
397,55,33,6
397,56,39,8
397,57,24,6
397,58,24,8
397,59,39,9
397,60,22,7
397,61,22,7
397,62,18,5
397,63,14,3
397,64,0,1
397,65,0,0
397,66,0,0
397,67,0,0
398,1,16,4
398,2,20,6
398,3,22,7
398,4,24,8
398,5,24,8
398,6,24,8
398,7,26,9
398,8,28,10
398,9,30,11
398,10,45,12
398,11,75,14
398,12,59,14
398,13,59,14
398,14,44,14
398,15,42,13
398,16,46,15
398,17,50,17
398,18,65,18
398,19,65,18
398,20,61,16
398,21,61,16
398,22,48,16
398,23,48,16
398,24,44,14
398,25,57,14
398,26,59,15
398,27,59,15
398,28,61,15
398,29,59,15
398,30,57,14
398,31,46,15
398,32,44,14
398,33,44,14
398,34,63,17
398,35,67,19
398,36,69,19
398,37,67,18
398,38,65,16
398,39,65,17
398,40,63,17
398,41,67,18
398,42,58,21
398,43,97,22
398,44,74,24
398,45,74,24
398,46,72,24
398,47,74,23
398,48,70,22
398,49,83,22
398,50,83,22
398,51,85,24
398,52,91,27
398,53,113,28
399,1,14,3
399,2,16,4
399,3,18,4
399,4,18,5
399,5,20,6
399,6,22,6
399,7,20,5
399,8,18,5
399,9,20,6
399,10,20,6
399,11,22,6
399,12,20,5
399,13,18,4
399,14,18,5
399,15,18,5
399,16,18,5
399,17,18,5
399,18,20,6
399,19,22,7
399,20,22,5
399,21,20,4
399,22,18,5
399,23,20,5
399,24,18,4
399,25,18,3
399,26,18,5
399,27,18,3
399,28,0,2
399,29,0,2
399,30,0,2
399,31,0,1
399,32,0,1
399,33,0,0
399,34,0,0
399,35,0,0
399,36,0,0
399,37,0,0
399,38,0,0
399,39,0,0
399,40,0,0
399,41,0,0
399,42,0,0
399,43,0,0
399,44,0,0
399,45,0,0
399,46,0,0
399,47,0,0
399,48,0,0
399,49,0,0
399,50,0,0
399,51,0,0
400,1,16,4
400,2,18,5
400,3,18,4
400,4,16,4
400,5,16,3
400,6,14,2
400,7,14,3
400,8,16,4
400,9,14,2
400,10,16,4
400,11,18,4
400,12,18,5
400,13,35,7
400,14,20,6
400,15,18,4
400,16,18,5
400,17,18,4
400,18,14,3
400,19,14,3
400,20,14,3
400,21,14,3
400,22,18,4
400,23,16,3
400,24,14,2
400,25,12,2
400,26,12,2
400,27,10,1
400,28,10,1
400,29,10,1
400,30,10,1
400,31,16,3
400,32,14,3
400,33,16,4
400,34,20,5
400,35,16,3
400,36,14,2
400,37,14,3
400,38,12,2
400,39,10,1
400,40,10,1
400,41,0,0
401,1,14,3
401,2,16,4
401,3,18,5
401,4,18,5
401,5,18,5
401,6,16,4
401,7,18,5
401,8,18,5
401,9,18,5
401,10,18,5
401,11,22,7
401,12,39,8
401,13,24,6
401,14,20,6
401,15,20,6
401,16,18,4
401,17,16,3
401,18,14,3
401,19,16,4
401,20,18,5
401,21,35,6
401,22,20,4
401,23,18,4
401,24,16,4
401,25,20,5
401,26,18,4
401,27,16,3
401,28,14,3
401,29,14,3
401,30,16,4
401,31,14,3
401,32,14,2
401,33,10,1
401,34,0,0
401,35,0,0
401,36,0,0
402,1,12,2
402,2,14,3
402,3,16,4
402,4,16,3
402,5,16,3
402,6,14,3
402,7,16,4
402,8,16,4
402,9,14,3
402,10,14,2
402,11,16,4
402,12,20,6
402,13,35,7
402,14,20,6
402,15,22,7
402,16,24,8
402,17,24,7
402,18,20,5
402,19,20,6
402,20,20,6
402,21,18,5
402,22,14,3
402,23,10,1
402,24,0,0
403,1,16,4
403,2,16,4
403,3,16,4
403,4,16,4
403,5,20,6
403,6,20,6
403,7,20,6
403,8,18,5
403,9,20,6
403,10,24,7
403,11,22,6
403,12,20,5
403,13,16,4
403,14,14,3
403,15,14,3
403,16,14,3
403,17,16,3
403,18,16,4
403,19,18,5
403,20,22,6
403,21,20,5
403,22,14,2
403,23,10,1
403,24,10,1
403,25,0,0
403,26,0,0
403,27,0,0
403,28,0,0
403,29,0,0
403,30,0,0
403,31,0,0
403,32,0,0
403,33,0,0
403,34,0,0
403,35,0,0
403,36,0,0
403,37,0,0
403,38,0,0
403,39,0,0
403,40,0,0
403,41,0,0
403,42,0,0
403,43,0,0
403,44,0,0
403,45,0,0
403,46,0,0
403,47,0,0
403,48,0,0
404,1,16,4
404,2,20,5
404,3,22,7
404,4,24,8
404,5,24,8
404,6,22,7
404,7,24,8
404,8,24,8
404,9,26,9
404,10,24,8
404,11,24,8
404,12,26,9
404,13,26,9
404,14,28,10
404,15,30,11
404,16,56,13
404,17,61,16
404,18,69,20
404,19,69,19
404,20,65,17
404,21,48,16
404,22,48,16
404,23,63,17
404,24,65,17
404,25,69,20
404,26,75,22
404,27,97,22
404,28,81,21
404,29,83,23
404,30,87,25
404,31,93,28
404,32,113,29
405,1,14,3
405,2,16,4
405,3,20,6
405,4,20,6
405,5,24,7
405,6,20,4
405,7,20,6
405,8,35,7
405,9,41,10
405,10,47,12
405,11,45,11
405,12,47,12
405,13,45,12
405,14,34,13
405,15,30,11
405,16,30,10
405,17,30,10
405,18,30,9
405,19,28,9
405,20,39,9
405,21,43,11
405,22,45,11
405,23,45,12
405,24,45,12
405,25,45,12
405,26,26,9
405,27,26,9
405,28,28,10
405,29,50,12
405,30,46,15
405,31,63,17
405,32,69,20
405,33,65,18
405,34,65,18
405,35,65,18
405,36,50,17
405,37,61,16
405,38,63,17
405,39,67,19
405,40,69,20
405,41,73,22
405,42,69,20
405,43,65,18
405,44,63,17
405,45,61,16
405,46,59,15
405,47,61,16
405,48,117,19
405,49,79,21
405,50,83,23
405,51,74,25
405,52,70,23
405,53,72,24
405,54,70,23
405,55,85,24
405,56,91,27
405,57,91,27
405,58,91,27
405,59,91,27
405,60,91,27
405,61,93,28
405,62,93,28
405,63,93,28
405,64,93,28
405,65,93,28
405,66,93,28
405,67,93,28
405,68,93,28
405,69,93,28
405,70,93,28
405,71,93,28
405,72,93,28
405,73,93,28
405,74,93,28
405,75,93,28
405,76,93,28
405,77,93,28
405,78,93,28
405,79,93,28
405,80,93,28
405,81,93,28
405,82,93,28
405,83,93,28
405,84,93,28
405,85,93,28
405,86,93,28
405,87,93,28
405,88,93,28
405,89,93,28
405,90,93,28
405,91,93,28
405,92,93,28
405,93,93,28
405,94,93,28
405,95,93,28
405,96,93,28
405,97,93,28
405,98,93,28
405,99,93,28
405,100,93,28
405,101,93,28
405,102,93,28
405,103,93,28
405,104,93,28
405,105,93,28
405,106,93,28
405,107,93,28
405,108,93,28
405,109,93,28
405,110,93,28
405,111,93,28
405,112,93,28
405,113,93,28
405,114,93,28
405,115,93,28
405,116,93,28
405,117,93,28
405,118,93,28
405,119,93,28
405,120,93,28
405,121,93,28
405,122,93,28
405,123,93,28
405,124,93,28
405,125,93,28
405,126,93,28
405,127,93,28
405,128,93,28
405,129,93,28
405,130,93,28
405,131,93,28
405,132,93,28
405,133,93,28
405,134,93,28
405,135,93,28
405,136,93,28
405,137,93,28
405,138,93,28
405,139,93,28
405,140,93,28
405,141,93,28
405,142,93,28
405,143,93,28
405,144,93,28
405,145,93,28
405,146,93,28
405,147,93,28
405,148,93,28
405,149,93,28
405,150,93,28
405,151,93,28
405,152,93,28
405,153,93,28
405,154,93,28
405,155,93,28
405,156,93,28
405,157,93,28
405,158,93,28
405,159,93,28
405,160,93,28
405,161,93,28
405,162,93,28
405,163,93,28
405,164,93,28
405,165,93,28
405,166,93,28
405,167,93,28
405,168,93,28
405,169,93,28
405,170,93,28
405,171,93,28
405,172,93,28
405,173,93,28
405,174,93,28
405,175,93,28
405,176,93,28
405,177,93,28
405,178,93,28
405,179,93,28
405,180,93,28
405,181,93,28
405,182,93,28
405,183,93,28
405,184,93,28
405,185,93,28
405,186,93,28
405,187,93,28
405,188,93,28
405,189,93,28
405,190,93,28
405,191,93,28
405,192,93,28
405,193,93,28
405,194,93,28
405,195,93,28
405,196,93,28
405,197,93,28
405,198,93,28
405,199,93,28
405,200,93,28
406,1,12,2
406,2,14,3
406,3,16,4
406,4,16,4
406,5,20,6
406,6,20,6
406,7,18,5
406,8,18,4
406,9,16,3
406,10,16,4
406,11,20,6
406,12,22,7
406,13,20,6
406,14,18,5
406,15,18,5
406,16,18,5
406,17,18,5
406,18,18,5
406,19,18,5
406,20,18,5
406,21,18,5
406,22,18,5
406,23,20,5
406,24,20,5
406,25,20,5
406,26,18,3
406,27,14,3
406,28,12,2
406,29,14,2
406,30,12,2
406,31,12,1
406,32,0,0
406,33,0,0
406,34,0,0
406,35,0,0
406,36,0,0
406,37,0,0
406,38,0,0
407,1,12,2
407,2,16,4
407,3,16,4
407,4,18,4
407,5,16,3
407,6,16,4
407,7,16,4
407,8,18,5
407,9,18,5
407,10,20,6
407,11,20,5
407,12,18,4
407,13,16,4
407,14,16,4
407,15,16,4
407,16,18,5
407,17,18,5
407,18,18,5
407,19,20,6
407,20,20,6
407,21,20,5
407,22,18,4
407,23,20,6
407,24,24,8
407,25,43,11
407,26,43,11
407,27,45,11
407,28,43,10
407,29,28,10
407,30,28,10
407,31,43,10
407,32,43,11
407,33,47,13
407,34,47,13
407,35,47,13
407,36,49,14
407,37,49,13
407,38,51,13
407,39,45,11
407,40,45,12
407,41,45,12
407,42,43,11
407,43,43,11
407,44,30,11
407,45,58,13
407,46,44,14
407,47,46,15
407,48,48,16
407,49,48,16
407,50,59,15
407,51,63,17
407,52,63,17
407,53,61,16
407,54,61,16
407,55,63,17
407,56,113,18
407,57,77,20
407,58,77,20
407,59,83,23
407,60,85,24
407,61,93,28
407,62,93,28
407,63,93,28
407,64,103,29
408,1,16,4
408,2,20,6
408,3,22,7
408,4,22,7
408,5,24,8
408,6,26,9
408,7,26,8
408,8,24,8
408,9,24,8
408,10,37,7
408,11,39,8
408,12,39,8
408,13,22,7
408,14,20,6
408,15,24,6
408,16,20,6
408,17,18,5
408,18,18,4
408,19,16,3
408,20,16,4
408,21,16,2
408,22,12,2
408,23,10,1
408,24,12,2
408,25,16,4
408,26,20,6
408,27,18,4
408,28,0,2
408,29,0,2
408,30,0,1
408,31,0,0
408,32,0,0
408,33,0,0
408,34,0,0
408,35,0,0
408,36,0,0
408,37,0,0
408,38,0,0
408,39,0,0
408,40,0,0
408,41,0,0
408,42,0,0
409,1,12,2
409,2,14,3
409,3,14,3
409,4,16,4
409,5,16,4
409,6,16,4
409,7,16,4
409,8,14,3
409,9,14,3
409,10,14,3
409,11,14,2
409,12,14,3
409,13,14,3
409,14,16,4
409,15,16,4
409,16,14,3
409,17,0,0
409,18,0,0
409,19,0,0
409,20,0,0
409,21,0,0
409,22,0,0
409,23,0,0
409,24,0,0
409,25,0,0
409,26,0,0
409,27,0,0
409,28,0,0
409,29,0,0
409,30,0,0
409,31,0,0
410,1,16,4
410,2,20,6
410,3,24,8
410,4,26,8
410,5,24,8
410,6,24,8
410,7,26,9
410,8,26,9
410,9,26,7
410,10,24,8
410,11,24,7
410,12,22,7
410,13,22,7
410,14,39,9
410,15,22,6
410,16,20,5
410,17,16,4
410,18,18,5
410,19,18,5
410,20,18,5
410,21,20,6
410,22,22,7
410,23,37,8
410,24,39,9
410,25,41,9
410,26,22,6
410,27,20,6
410,28,26,9
410,29,24,8
410,30,24,8
410,31,41,10
410,32,41,10
410,33,41,10
410,34,43,11
410,35,28,10
410,36,30,11
410,37,30,11
410,38,32,12
410,39,49,14
410,40,69,15
410,41,61,16
410,42,57,14
410,43,55,13
410,44,55,13
410,45,42,13
410,46,44,14
410,47,44,14
410,48,42,13
410,49,59,15
410,50,57,14
410,51,59,15
410,52,61,16
410,53,61,16
410,54,48,16
410,55,44,14
410,56,46,15
410,57,59,15
410,58,61,16
410,59,57,14
410,60,57,14
410,61,61,16
410,62,67,19
410,63,67,19
410,64,65,18
410,65,65,18
410,66,93,20
410,67,79,21
410,68,83,23
410,69,89,26
410,70,111,27
411,1,14,3
411,2,16,4
411,3,33,6
411,4,33,6
411,5,33,6
411,6,35,7
411,7,35,7
411,8,35,7
411,9,20,6
411,10,20,6
411,11,18,5
411,12,18,5
411,13,18,5
411,14,20,6
411,15,22,7
411,16,20,6
411,17,18,5
411,18,18,5
411,19,18,5
411,20,22,7
411,21,26,8
411,22,24,8
411,23,24,7
411,24,22,5
411,25,18,5
411,26,0,4
412,1,14,3
412,2,18,5
412,3,18,5
412,4,18,5
412,5,20,6
412,6,22,6
412,7,22,6
412,8,22,7
412,9,22,7
412,10,24,8
412,11,26,8
412,12,28,10
412,13,26,9
412,14,22,6
412,15,20,6
412,16,35,6
412,17,22,6
412,18,22,7
412,19,22,7
412,20,24,8
412,21,41,9
412,22,41,10
412,23,41,9
412,24,22,6
412,25,20,6
412,26,16,4
412,27,14,3
412,28,18,5
412,29,20,5
412,30,18,3
412,31,16,3
412,32,18,5
412,33,20,6
412,34,18,4
412,35,16,3
412,36,12,2
412,37,14,3
412,38,14,3
412,39,12,2
412,40,12,2
412,41,12,2
412,42,0,0
412,43,0,0
412,44,0,0
412,45,0,0
412,46,0,0
412,47,0,0
412,48,0,0
412,49,0,0
412,50,0,0
412,51,0,0
412,52,0,0
412,53,0,0
412,54,0,0
412,55,0,0
412,56,0,0
412,57,0,0
412,58,0,0
412,59,0,0
412,60,0,0
412,61,0,0
412,62,0,0
412,63,0,0
413,1,16,4
413,2,20,6
413,3,22,7
413,4,22,7
413,5,22,7
413,6,20,5
413,7,20,6
413,8,22,7
413,9,22,7
413,10,18,5
413,11,16,4
413,12,14,3
413,13,18,5
413,14,18,5
413,15,22,7
413,16,24,7
413,17,20,6
413,18,22,6
413,19,22,5
413,20,18,3
413,21,14,2
413,22,12,2
413,23,14,3
413,24,12,2
413,25,10,1
413,26,0,0
413,27,0,0
413,28,0,0
413,29,0,0
413,30,0,0
413,31,0,0
413,32,0,0
413,33,0,0
413,34,0,0
413,35,0,0
413,36,0,0
413,37,0,0
414,1,16,4
414,2,22,7
414,3,22,7
414,4,22,7
414,5,22,6
414,6,22,6
414,7,22,7
414,8,24,8
414,9,24,8
414,10,24,6
414,11,22,5
414,12,22,7
414,13,22,7
414,14,22,6
414,15,22,7
414,16,24,7
414,17,24,8
414,18,22,7
414,19,22,7
414,20,26,9
414,21,39,8
414,22,41,10
414,23,41,7
414,24,22,7
414,25,26,9
414,26,26,9
414,27,30,11
414,28,32,12
414,29,69,14
414,30,59,15
414,31,61,15
414,32,57,14
414,33,61,16
414,34,49,13
414,35,45,11
414,36,45,11
414,37,67,11
414,38,38,11
414,39,42,13
414,40,46,15
414,41,44,14
414,42,46,15
414,43,69,16
414,44,69,16
414,45,71,17
414,46,73,18
414,47,79,21
414,48,85,24
414,49,89,26
414,50,93,28
414,51,113,29
415,1,18,5
415,2,20,6
415,3,24,8
415,4,28,9
415,5,26,8
415,6,24,8
415,7,24,8
415,8,24,8
415,9,41,10
415,10,47,13
415,11,53,15
415,12,49,12
415,13,45,12
415,14,49,14
415,15,53,16
415,16,51,15
415,17,51,15
415,18,34,13
415,19,34,13
415,20,36,14
415,21,64,16
415,22,61,16
415,23,63,17
415,24,59,15
415,25,59,15
415,26,65,18
415,27,67,19
415,28,73,22
415,29,73,22
415,30,60,22
415,31,66,21
415,32,66,21
415,33,79,21
415,34,79,21
415,35,83,23
415,36,85,24
415,37,87,25
415,38,117,28
416,1,14,3
416,2,16,4
416,3,18,5
416,4,20,6
416,5,20,6
416,6,18,5
416,7,18,5
416,8,18,5
416,9,20,6
416,10,18,4
416,11,18,5
416,12,18,5
416,13,18,5
416,14,20,6
416,15,20,6
416,16,20,6
416,17,20,6
416,18,18,5
416,19,18,4
416,20,18,5
416,21,20,6
416,22,20,6
416,23,20,5
416,24,18,4
416,25,14,3
416,26,12,1
416,27,10,1
416,28,10,1
416,29,16,4
416,30,20,6
416,31,22,7
416,32,22,7
416,33,18,4
416,34,14,2
416,35,12,2
416,36,0,0
416,37,0,0
416,38,0,0
416,39,0,0
416,40,0,0
416,41,0,0
416,42,0,0
416,43,0,0
416,44,0,0
416,45,0,0
416,46,0,0
416,47,0,0
416,48,0,0
416,49,0,0
416,50,0,0
416,51,0,0
416,52,0,0
416,53,0,0
416,54,0,0
416,55,0,0
416,56,0,0
416,57,0,0
416,58,0,0
416,59,0,0
416,60,0,0
416,61,0,0
416,62,0,0
416,63,0,0
416,64,0,0
416,65,0,0
416,66,0,0
417,1,14,3
417,2,18,5
417,3,18,5
417,4,18,5
417,5,18,5
417,6,18,5
417,7,20,6
417,8,18,5
417,9,18,5
417,10,20,6
417,11,18,5
417,12,20,6
417,13,20,6
417,14,18,5
417,15,18,5
417,16,20,6
417,17,20,6
417,18,22,7
417,19,20,6
417,20,18,5
417,21,18,4
417,22,16,4
417,23,0,2
417,24,0,2
417,25,0,1
417,26,0,0
417,27,0,0
417,28,0,0
417,29,0,0
417,30,0,0
417,31,0,0
417,32,0,0
417,33,0,0
417,34,0,0
417,35,0,0
417,36,0,0
417,37,0,0
417,38,0,0
417,39,0,0
417,40,0,0
417,41,0,0
417,42,0,0
417,43,0,0
418,1,16,4
418,2,20,6
418,3,20,6
418,4,24,8
418,5,26,9
418,6,28,10
418,7,28,10
418,8,43,10
418,9,41,10
418,10,41,9
418,11,28,10
418,12,26,8
418,13,22,5
418,14,20,5
418,15,18,5
418,16,16,4
418,17,16,4
418,18,16,4
418,19,14,3
418,20,18,5
418,21,22,6
418,22,37,7
418,23,20,6
418,24,20,6
418,25,18,5
418,26,20,6
418,27,24,8
418,28,24,8
418,29,22,6
418,30,20,6
418,31,18,4
418,32,14,3
418,33,10,1
418,34,12,2
418,35,16,4
418,36,22,7
418,37,24,8
418,38,22,6
418,39,18,4
418,40,16,3
418,41,12,2
418,42,10,1
418,43,10,1
418,44,12,2
418,45,14,2
418,46,0,0
418,47,0,0
418,48,0,0
418,49,0,0
418,50,0,0
418,51,0,0
418,52,0,0
418,53,0,0
418,54,0,0
418,55,0,0
418,56,0,0
418,57,0,0
418,58,0,0
418,59,0,0
418,60,0,0
418,61,0,0
418,62,0,0
418,63,0,0
418,64,0,0
418,65,0,0
419,1,14,3
419,2,20,6
419,3,24,8
419,4,24,8
419,5,26,9
419,6,26,9
419,7,24,7
419,8,24,8
419,9,26,9
419,10,28,10
419,11,30,11
419,12,30,10
419,13,26,9
419,14,39,9
419,15,39,9
419,16,39,9
419,17,39,8
419,18,26,9
419,19,28,10
419,20,34,13
419,21,38,15
419,22,55,16
419,23,59,16
419,24,53,15
419,25,51,15
419,26,49,14
419,27,36,13
419,28,32,12
419,29,45,11
419,30,47,13
419,31,51,14
419,32,53,15
419,33,51,14
419,34,53,15
419,35,51,15
419,36,49,14
419,37,47,13
419,38,47,13
419,39,45,12
419,40,30,11
419,41,50,11
419,42,46,15
419,43,48,16
419,44,61,16
419,45,63,17
419,46,61,16
419,47,65,18
419,48,71,21
419,49,77,24
419,50,89,26
419,51,89,26
419,52,87,25
419,53,87,25
419,54,83,23
419,55,87,25
419,56,91,27
419,57,91,27
419,58,115,29
420,1,14,3
420,2,16,4
420,3,18,5
420,4,20,6
420,5,18,5
420,6,18,5
420,7,20,6
420,8,20,6
420,9,18,5
420,10,16,4
420,11,14,3
420,12,20,6
420,13,22,6
420,14,18,5
420,15,22,7
420,16,22,7
420,17,35,6
420,18,22,7
420,19,22,7
420,20,20,4
420,21,18,3
420,22,16,3
420,23,0,3
420,24,0,2
420,25,0,1
420,26,0,0
420,27,0,0
420,28,0,0
420,29,0,0
421,1,16,4
421,2,20,6
421,3,22,7
421,4,24,8
421,5,28,10
421,6,26,8
421,7,39,8
421,8,43,11
421,9,43,10
421,10,26,9
421,11,24,8
421,12,26,9
421,13,28,10
421,14,54,12
421,15,44,14
421,16,61,16
421,17,48,16
421,18,48,16
421,19,42,13
421,20,44,14
421,21,40,12
421,22,38,11
421,23,38,11
421,24,51,11
421,25,55,13
421,26,49,10
421,27,47,9
421,28,36,10
421,29,40,12
421,30,38,11
421,31,38,11
421,32,40,12
421,33,40,12
421,34,44,14
421,35,48,16
421,36,48,16
421,37,46,15
421,38,46,15
421,39,57,14
421,40,47,13
421,41,45,12
421,42,45,12
421,43,41,10
421,44,37,8
421,45,33,6
421,46,0,5
422,1,16,4
422,2,20,6
422,3,22,7
422,4,24,8
422,5,26,8
422,6,24,7
422,7,22,7
422,8,22,7
422,9,24,8
422,10,24,8
422,11,26,9
422,12,41,10
422,13,45,10
422,14,41,10
422,15,45,12
422,16,43,11
422,17,45,12
422,18,49,14
422,19,58,16
422,20,63,17
422,21,69,20
422,22,71,21
422,23,73,22
422,24,73,22
422,25,95,24
422,26,85,24
422,27,87,25
422,28,89,26
422,29,117,29
423,1,16,4
423,2,18,5
423,3,18,5
423,4,18,5
423,5,18,4
423,6,18,5
423,7,18,5
423,8,18,5
423,9,18,5
423,10,22,6
423,11,20,5
423,12,18,5
423,13,20,6
423,14,35,7
423,15,39,9
423,16,39,8
423,17,39,8
423,18,28,10
423,19,26,7
423,20,20,5
423,21,22,7
423,22,26,9
423,23,26,9
423,24,28,10
423,25,30,10
423,26,28,8
423,27,41,9
423,28,41,10
423,29,45,10
423,30,43,9
423,31,26,7
423,32,26,7
423,33,0,4
424,1,14,3
424,2,16,4
424,3,18,5
424,4,18,5
424,5,18,5
424,6,20,6
424,7,18,5
424,8,16,4
424,9,18,3
424,10,18,5
424,11,35,7
424,12,20,6
424,13,20,5
424,14,18,5
424,15,33,4
424,16,18,5
424,17,16,2
424,18,0,0
424,19,0,0
424,20,0,0
424,21,0,0
424,22,0,0
424,23,0,0
424,24,0,0
424,25,0,0
424,26,0,0
424,27,0,0
425,1,14,3
425,2,14,3
425,3,18,5
425,4,20,6
425,5,22,7
425,6,24,8
425,7,24,8
425,8,24,8
425,9,24,8
425,10,26,9
425,11,28,9
425,12,26,8
425,13,41,10
425,14,45,12
425,15,45,12
425,16,41,10
425,17,45,12
425,18,45,11
425,19,43,11
425,20,45,11
425,21,45,12
425,22,34,13
425,23,49,14
425,24,49,14
425,25,47,12
425,26,43,11
425,27,43,11
425,28,30,11
425,29,32,12
425,30,54,13
425,31,42,13
425,32,44,14
425,33,59,15
425,34,61,16
425,35,57,14
425,36,59,15
425,37,61,16
425,38,48,16
425,39,44,14
425,40,40,12
425,41,40,12
425,42,55,13
425,43,65,14
425,44,56,16
425,45,58,17
425,46,60,18
425,47,64,20
425,48,64,20
425,49,64,20
425,50,0,19
425,51,0,18
425,52,0,19
425,53,0,16
425,54,0,16
425,55,0,13
425,56,0,11
425,57,0,8
425,58,0,5
425,59,0,3
426,1,16,4
426,2,18,5
426,3,18,5
426,4,22,7
426,5,24,7
426,6,22,7
426,7,22,7
426,8,22,6
426,9,22,7
426,10,22,7
426,11,22,7
426,12,20,5
426,13,18,4
426,14,14,3
426,15,14,2
426,16,12,2
426,17,12,2
426,18,0,0
426,19,0,0
426,20,0,0
426,21,0,0
426,22,0,0
426,23,0,0
426,24,0,0
426,25,0,0
426,26,0,0
426,27,0,0
426,28,0,0
426,29,0,0
426,30,0,0
426,31,0,0
426,32,0,0
426,33,0,0
426,34,0,0
426,35,0,0
427,1,16,4
427,2,16,4
427,3,18,5
427,4,18,5
427,5,18,5
427,6,18,5
427,7,33,6
427,8,37,8
427,9,37,8
427,10,33,6
427,11,18,5
427,12,16,4
427,13,16,4
427,14,18,5
427,15,18,3
427,16,20,6
427,17,24,8
427,18,41,10
427,19,41,10
427,20,41,10
427,21,26,8
427,22,22,7
427,23,26,9
427,24,50,10
427,25,40,12
427,26,59,15
427,27,61,16
427,28,63,17
427,29,61,16
427,30,48,16
427,31,50,17
427,32,68,17
427,33,60,18
427,34,81,22
427,35,85,24
427,36,79,21
427,37,79,21
427,38,83,23
427,39,83,23
427,40,85,24
427,41,89,26
427,42,91,27
427,43,113,28
428,1,16,4
428,2,18,5
428,3,18,5
428,4,20,6
428,5,22,7
428,6,24,8
428,7,22,7
428,8,22,7
428,9,22,7
428,10,22,7
428,11,22,7
428,12,22,7
428,13,22,7
428,14,22,7
428,15,22,6
428,16,22,6
428,17,20,5
428,18,18,5
428,19,18,5
428,20,18,5
428,21,20,6
428,22,22,7
428,23,22,7
428,24,22,6
428,25,20,5
428,26,18,5
428,27,18,4
428,28,16,4
428,29,18,5
428,30,18,5
428,31,18,5
428,32,22,7
428,33,37,8
428,34,39,9
428,35,26,9
428,36,26,9
428,37,28,10
428,38,30,11
428,39,43,11
428,40,43,11
428,41,45,12
428,42,47,13
428,43,51,15
428,44,71,16
428,45,61,16
428,46,63,17
428,47,63,17
428,48,50,17
428,49,89,20
428,50,83,23
428,51,83,23
428,52,87,25
428,53,87,25
428,54,89,26
428,55,113,27
429,1,16,4
429,2,16,4
429,3,18,5
429,4,20,6
429,5,22,7
429,6,39,9
429,7,45,12
429,8,49,13
429,9,43,11
429,10,43,11
429,11,34,12
429,12,36,13
429,13,36,13
429,14,60,13
429,15,42,13
429,16,42,13
429,17,61,16
429,18,63,17
429,19,63,17
429,20,65,18
429,21,65,18
429,22,69,20
429,23,93,22
429,24,83,23
429,25,89,26
429,26,113,27
430,1,14,3
430,2,16,4
430,3,18,5
430,4,20,6
430,5,18,5
430,6,20,5
430,7,20,5
430,8,18,5
430,9,20,5
430,10,18,5
430,11,18,3
430,12,16,3
430,13,16,4
430,14,16,4
430,15,18,5
430,16,20,6
430,17,20,6
430,18,20,6
430,19,20,5
430,20,20,6
430,21,16,3
430,22,12,2
430,23,14,3
430,24,12,1
430,25,0,0
430,26,0,0
430,27,0,0
430,28,0,0
430,29,0,0
430,30,0,0
431,1,16,4
431,2,20,6
431,3,24,8
431,4,24,8
431,5,24,8
431,6,24,8
431,7,41,9
431,8,43,10
431,9,41,10
431,10,45,12
431,11,49,13
431,12,36,14
431,13,38,15
431,14,38,15
431,15,38,15
431,16,36,14
431,17,53,15
431,18,53,15
431,19,55,17
431,20,59,18
431,21,87,20
431,22,73,22
431,23,93,22
431,24,85,23
431,25,113,24
432,1,18,5
432,2,20,6
432,3,20,6
432,4,20,6
432,5,20,6
432,6,22,7
432,7,26,9
432,8,28,9
432,9,30,10
432,10,43,10
432,11,43,11
432,12,47,12
432,13,47,12
432,14,47,13
432,15,41,10
432,16,26,9
432,17,28,10
432,18,32,12
432,19,36,13
432,20,45,11
432,21,45,11
432,22,47,13
432,23,43,11
432,24,28,10
432,25,54,14
432,26,46,15
432,27,57,14
432,28,59,15
432,29,59,15
432,30,59,15
432,31,44,14
432,32,40,12
432,33,38,11
432,34,36,10
432,35,40,12
432,36,38,11
432,37,38,11
432,38,36,10
432,39,36,10
432,40,49,10
432,41,43,11
432,42,30,11
432,43,28,10
432,44,22,7
432,45,18,5
432,46,12,2
432,47,10,1
432,48,0,0
433,1,14,3
433,2,16,4
433,3,20,6
433,4,22,7
433,5,24,8
433,6,24,8
433,7,24,8
433,8,26,9
433,9,28,10
433,10,28,10
433,11,43,11
433,12,28,10
433,13,28,10
433,14,41,9
433,15,43,11
433,16,45,12
433,17,49,13
433,18,49,14
433,19,53,15
433,20,51,15
433,21,53,15
433,22,47,13
433,23,45,12
433,24,28,10
433,25,30,10
433,26,32,12
433,27,56,15
433,28,72,17
433,29,58,17
433,30,62,19
433,31,79,21
433,32,81,22
433,33,81,22
433,34,87,25
433,35,89,26
433,36,91,27
433,37,113,28
434,1,16,4
434,2,20,6
434,3,24,7
434,4,24,8
434,5,22,7
434,6,24,7
434,7,24,8
434,8,24,8
434,9,37,8
434,10,37,8
434,11,39,9
434,12,39,8
434,13,24,7
434,14,22,7
434,15,24,8
434,16,22,7
434,17,20,5
434,18,20,5
434,19,22,6
434,20,22,6
434,21,20,5
434,22,18,5
434,23,18,5
434,24,22,6
434,25,22,7
434,26,24,7
434,27,20,6
434,28,18,4
434,29,16,3
434,30,16,3
434,31,16,4
434,32,18,4
434,33,18,4
434,34,16,2
434,35,0,1
435,1,14,3
435,2,14,3
435,3,14,3
435,4,14,3
435,5,16,4
435,6,16,3
435,7,18,5
435,8,18,5
435,9,18,5
435,10,18,5
435,11,18,5
435,12,18,5
435,13,16,4
435,14,22,7
435,15,24,7
435,16,22,6
435,17,20,5
435,18,16,4
435,19,14,2
435,20,12,2
435,21,12,2
435,22,12,2
435,23,12,1
435,24,0,0
435,25,0,0
435,26,0,0
435,27,0,0
435,28,0,0
435,29,0,0
435,30,0,0
435,31,0,0
435,32,0,0
435,33,0,0
435,34,0,0
435,35,0,0
435,36,0,0
435,37,0,0
436,1,16,4
436,2,22,6
436,3,22,7
436,4,24,8
436,5,24,8
436,6,24,8
436,7,26,8
436,8,24,7
436,9,22,7
436,10,20,6
436,11,18,5
436,12,18,5
436,13,18,4
436,14,20,5
436,15,18,3
436,16,12,1
436,17,12,2
436,18,18,5
436,19,24,8
436,20,22,6
436,21,18,5
436,22,18,4
436,23,31,3
436,24,14,3
436,25,0,1
436,26,0,1
436,27,0,1
436,28,0,0
436,29,0,0
436,30,0,0
436,31,0,0
436,32,0,0
436,33,0,0
436,34,0,0
436,35,0,0
436,36,0,0
436,37,0,0
436,38,0,0
436,39,0,0
436,40,0,0
436,41,0,0
437,1,16,4
437,2,22,7
437,3,22,7
437,4,26,9
437,5,26,8
437,6,24,7
437,7,22,7
437,8,22,7
437,9,24,7
437,10,20,6
437,11,18,5
437,12,18,4
437,13,0,1
437,14,0,0
437,15,0,0
437,16,0,0
437,17,0,0
437,18,0,0
437,19,0,0
437,20,0,0
437,21,0,0
437,22,0,0
437,23,0,0
437,24,0,0
437,25,0,0
437,26,0,0
437,27,0,0
437,28,0,0
437,29,0,0
437,30,0,0
437,31,0,0
437,32,0,0
437,33,0,0
437,34,0,0
437,35,0,0
437,36,0,0
437,37,0,0
437,38,0,0
437,39,0,0
437,40,0,0
437,41,0,0
437,42,0,0
437,43,0,0
437,44,0,0
437,45,0,0
438,1,14,3
438,2,14,3
438,3,18,5
438,4,18,5
438,5,20,6
438,6,18,5
438,7,20,6
438,8,20,6
438,9,20,6
438,10,20,5
438,11,16,3
438,12,12,2
438,13,12,2
438,14,16,4
438,15,18,5
438,16,20,6
438,17,20,6
438,18,18,5
438,19,16,3
438,20,10,1
438,21,12,1
438,22,10,1
438,23,10,1
438,24,12,2
438,25,10,1
438,26,10,1
438,27,10,1
438,28,0,0
438,29,0,0
438,30,0,0
438,31,0,0
438,32,0,0
438,33,0,0
438,34,0,0
438,35,0,0
439,1,16,4
439,2,18,5
439,3,20,6
439,4,24,8
439,5,26,9
439,6,26,8
439,7,22,6
439,8,37,8
439,9,41,9
439,10,43,11
439,11,45,12
439,12,41,10
439,13,22,6
439,14,22,7
439,15,22,6
439,16,20,6
439,17,22,7
439,18,37,8
439,19,43,10
439,20,30,9
439,21,28,10
439,22,26,9
439,23,26,9
439,24,39,9
439,25,22,7
439,26,22,7
439,27,22,7
439,28,18,4
439,29,0,1
439,30,0,0
439,31,0,0
439,32,0,0
439,33,0,0
440,1,12,2
440,2,14,3
440,3,16,4
440,4,18,5
440,5,18,5
440,6,18,5
440,7,20,6
440,8,22,7
440,9,35,7
440,10,37,8
440,11,37,8
440,12,20,6
440,13,18,5
440,14,16,3
440,15,16,4
440,16,18,5
440,17,37,8
440,18,39,9
440,19,39,9
440,20,24,8
440,21,28,10
440,22,41,10
440,23,43,10
440,24,43,11
440,25,47,13
440,26,34,13
440,27,47,13
440,28,34,13
440,29,32,11
440,30,34,13
440,31,56,15
440,32,46,15
