game,round,num_iterations,max_depth,time_taken,num_children,value
1,1,1000,3,3.83,3,-0.0188114065900445
1,2,1000,3,3.61,2,-0.01881096398830414
1,3,1000,3,3.13,2,-0.0188107306919992
1,4,1000,3,3.05,3,-0.01881095040217042
1,5,1000,3,3.39,5,-0.01881084691360593
1,6,1000,3,3.23,1,-0.018810915056616067
1,7,1000,5,3.51,2,-0.018811120465397835
1,8,1000,4,3.19,3,-0.018811399810016154
1,9,1000,4,4.81,11,-0.01881154784746468
1,10,892,3,10.0,11,-0.01881160328139639
1,11,1000,3,3.28,1,-0.018812327593564986
1,12,1000,1,2.68,2,-0.01881282311677933
1,13,1000,2,2.75,1,-0.018811645925045015
1,14,1000,2,3.59,3,-0.018812128875404597
1,15,281,5,10.02,3,-0.018811951142825266
1,16,1000,2,4.03,4,-0.018812060613185168
1,17,1000,4,9.13,3,-0.01881209984049201
1,18,416,5,10.0,3,-0.018813057516056757
1,19,1000,5,9.26,3,-0.01881385664269328
1,20,1000,3,3.51,3,-0.01881395772472024
1,21,1000,2,3.35,5,-0.018814744375646113
1,22,1000,3,4.28,5,-0.018814690638333558
1,23,766,6,10.0,3,-0.018814683393344245
1,24,263,7,10.03,1,-0.018814455561991426
1,25,1000,6,9.55,1,-0.01881476217880845
1,26,1000,3,5.58,3,-0.01881589585915208
1,27,1000,3,5.41,10,-0.018816338151693344
1,28,498,5,10.02,2,-0.018817026538392866
1,29,1000,5,7.15,5,-0.018817652240395544
1,30,1000,3,3.41,4,-0.018818240828812123
1,31,1000,2,4.05,4,-0.01881850577890873
1,32,1000,4,4.95,4,-0.01881910404935479
1,33,1000,4,4.64,1,-0.018819911982864142
1,34,515,5,10.0,2,-0.018820090689560743
1,35,1000,5,4.31,1,-0.01882095731794834
1,36,1000,5,6.33,1,-0.018821242399513723
1,37,1000,4,9.73,8,-0.018821500234305857
1,38,1000,5,6.84,3,-0.018822023846209048
1,39,1000,3,4.84,11,-0.0188220897372812
1,40,1000,3,3.23,3,-0.01882280771434307
1,41,1000,1,2.94,10,-0.018822022918611764
1,42,1000,2,3.51,2,-0.018824013497680425
1,43,243,3,10.04,10,-0.018823920040096274
1,44,264,4,10.01,7,-0.018824608375628788
1,45,1000,4,9.95,5,-0.01882445127889514
1,46,1000,3,2.82,2,-0.018824176698923112
1,47,1000,4,3.69,2,-0.0188241752050817
1,48,1000,3,3.63,1,-0.018824968297034502
1,49,1000,4,3.4,3,-0.01882505688816309
1,50,1000,5,4.01,3,-0.01882548164948821
1,51,1000,3,3.27,1,-0.018825844146311284
1,52,1000,7,6.24,1,-0.018826546499505638
1,53,1000,7,6.75,3,-0.018827316926792265
1,54,1000,5,5.03,2,-0.018827903367578985
1,55,256,4,10.02,6,-0.018828176602255553
1,56,292,6,10.04,3,-0.018829980558932643
1,57,1000,6,8.56,5,-0.018830106392502786
1,58,1000,4,3.92,2,-0.01882960335165262
1,59,1000,2,3.11,2,-0.01882753474265337
1,60,1000,1,2.7,4,-0.018827884290367365
1,61,1000,2,3.06,2,-0.01882936331257224
1,62,1000,3,3.65,1,-0.018829629059880972
1,63,1000,3,3.34,1,-0.018830730389803648
1,64,1000,3,3.38,1,-0.01883134673908353
1,65,1000,3,3.34,1,-0.018831651531159878
1,66,1000,3,2.95,1,-0.018832063453271985
1,67,1000,6,4.33,2,-0.018833290060982107
1,68,318,5,10.02,4,-0.01883268687850649
1,69,1000,4,3.49,2,-0.01883193390443921
1,70,1000,2,2.67,1,-0.01883205585181713
1,71,1000,2,2.66,1,-0.01883039504289627
1,72,1000,2,2.62,1,-0.018829526379704475
2,1,1000,3,3.67,3,-0.0037563442839309573
2,2,1000,3,3.76,3,-0.003756661484949291
2,3,1000,4,4.32,3,-0.003756778383627534
2,4,1000,4,3.91,4,-0.0037569928746670487
2,5,1000,3,3.04,3,-0.003757229832932353
2,6,1000,3,2.85,2,-0.0037574031669646503
2,7,1000,2,2.64,1,-0.003757484294474125
2,8,1000,3,4.21,9,-0.0037575083645060656
2,9,1000,3,3.08,3,-0.0037573778238147496
2,10,1000,3,3.27,4,-0.0037573561090975998
2,11,1000,3,2.64,1,-0.0037571885995566845
2,12,1000,3,2.84,2,-0.0037566260453313588
2,13,1000,3,5.01,13,-0.003757090757600963
2,14,1000,3,3.02,3,-0.003757079149596393
2,15,1000,3,2.85,2,-0.0037565061561763285
2,16,1000,3,3.52,3,-0.0037558985063806177
2,17,1000,2,2.8,2,-0.003754926429130137
2,18,1000,2,3.58,7,-0.003755223851650953
2,19,1000,2,2.93,3,-0.003755393834784627
2,20,1000,2,2.97,3,-0.0037553395871073006
2,21,1000,2,3.25,5,-0.0037551064593717457
2,22,1000,4,4.74,3,-0.0037545219073072075
2,23,508,5,10.02,5,-0.003752903906467158
2,24,1000,4,5.75,3,-0.0037525515304878353
2,25,1000,3,3.5,3,-0.003754511922597885
2,26,1000,3,3.52,3,-0.0037545621395111083
2,27,1000,5,7.68,3,-0.0037580254366621373
2,28,1000,4,4.11,2,-0.00375959915202111
2,29,1000,2,5.74,8,-0.0037585838977247476
2,30,853,3,10.0,4,-0.0037579096445392334
2,31,1000,5,9.61,3,-0.0037565348269417882
2,32,1000,3,3.74,2,-0.0037561318883672355
2,33,1000,4,7.22,3,-0.0037565380074083806
2,34,285,5,10.01,3,-0.00375562428513117
2,35,581,7,10.02,3,-0.0037554300449493625
2,36,1000,5,2.99,1,-0.0037550904313102366
2,37,1000,5,4.92,4,-0.003754935725592077
2,38,1000,6,4.44,2,-0.0037541636414825915
2,39,1000,5,3.24,3,-0.0037515322025865314
2,40,1000,3,3.1,4,-0.003751200350932777
2,41,1000,3,3.98,3,-0.003752696979790926
2,42,1000,3,3.28,4,-0.00375186378788203
2,43,1000,3,2.94,6,-0.0037521931985393165
2,44,1000,1,2.55,2,-0.003751435283571482
2,45,1000,1,2.57,3,-0.0037509599793702363
2,46,1000,3,2.74,3,-0.003751014526700601
2,47,1000,4,5.48,3,-0.003751779501326382
2,48,1000,4,3.77,3,-0.0037516051204875113
2,49,1000,4,4.72,4,-0.003752043196000159
2,50,1000,4,3.63,1,-0.0037520859213545916
2,51,1000,3,2.65,1,-0.0037504944647662342
2,52,1000,2,2.65,1,-0.0037487258780747653
3,1,1000,3,3.69,3,0.11648231236636639
3,2,1000,3,3.06,2,0.11648245666921139
3,3,1000,3,2.97,2,0.11648259932547808
3,4,1000,3,2.92,3,0.116482625849545
3,5,1000,2,2.76,2,0.11648268207162618
3,6,1000,2,2.75,2,0.1164827886223793
3,7,1000,2,2.81,3,0.1164828120470047
3,8,1000,2,2.65,3,0.11648269236087799
3,9,1000,2,2.73,3,0.11648250486701726
3,10,1000,1,2.61,4,0.11648229940235615
3,11,1000,1,2.52,2,0.11648253092169762
3,12,1000,2,2.98,6,0.11648226001858711
3,13,1000,1,2.59,3,0.1164820444881916
3,14,1000,3,4.1,6,0.1164816067814827
3,15,1000,2,2.97,3,0.11648182155191898
3,16,1000,3,4.06,4,0.11648187685757876
3,17,1000,3,2.7,1,0.11648194449394941
3,18,1000,5,9.51,2,0.11648229683935642
3,19,1000,4,7.16,4,0.11648256850242615
3,20,1000,4,4.17,4,0.11648237829655408
3,21,1000,3,2.97,4,0.11648191240429878
3,22,1000,4,7.02,3,0.11648174747079611
3,23,712,4,10.03,3,0.11648105347549982
3,24,1000,4,9.65,4,0.11648051083087921
3,25,227,4,10.01,4,0.11648022216059563
3,26,243,4,10.02,3,0.11648109377411658
3,27,1000,4,9.43,2,0.11648208379000426
3,28,1000,3,3.93,4,0.11648181666433811
3,29,281,3,10.02,5,0.11648171562104886
3,30,1000,4,9.55,2,0.11648164622485638
3,31,1000,1,2.88,10,0.11648176714777947
4,1,1000,3,3.65,3,-0.026051526088267565
4,2,1000,3,3.34,3,-0.026051643066108226
4,3,1000,3,3.28,3,-0.026051521740853786
4,4,1000,3,3.56,3,-0.026051207745447755
4,5,1000,3,3.15,1,-0.026050927691161633
4,6,1000,4,4.07,2,-0.026050371861085296
4,7,1000,4,5.05,5,-0.02605059129372239
4,8,1000,2,2.61,3,-0.026050444707274436
4,9,1000,2,2.79,2,-0.026050212308764458
4,10,1000,3,4.42,2,-0.02604930630326271
4,11,1000,3,4.02,2,-0.026048605954274537
4,12,676,6,10.0,5,-0.026047913754391954
4,13,1000,5,3.92,4,-0.026047817651182414
4,14,1000,3,4.5,3,-0.02604736568592489
4,15,1000,3,3.34,5,-0.026046406365931033
4,16,1000,4,6.65,5,-0.026046097910031676
4,17,1000,5,9.66,2,-0.02604561738669872
4,18,1000,6,4.72,3,-0.026044622858986257
4,19,1000,6,6.41,3,-0.026044702041894196
4,20,446,5,10.0,7,-0.026044875588017463
4,21,459,4,10.0,4,-0.02604319688038239
4,22,1000,2,2.95,2,-0.026042607368901374
4,23,1000,2,3.13,6,-0.026042873231694103
4,24,1000,3,5.69,6,-0.026043077697977424
4,25,338,6,10.01,3,-0.026040860611570658
4,26,515,5,10.0,1,-0.026039395857493854
4,27,255,4,10.0,4,-0.02603921069964474
4,28,1000,3,4.22,3,-0.02603848087787628
4,29,314,6,10.01,2,-0.026037180748809674
4,30,344,5,10.02,3,-0.02603654873687341
4,31,1000,3,3.59,1,-0.02603612749837339
4,32,351,5,10.02,3,-0.026035687538590865
4,33,960,5,10.0,3,-0.02603492785904867
4,34,568,5,10.0,2,-0.02603501007026455
4,35,271,5,10.01,3,-0.02603413330947781
4,36,1000,3,4.71,2,-0.0260332427918911
4,37,298,5,10.01,3,-0.02603228972762223
4,38,1000,5,4.36,3,-0.026032348016276956
4,39,517,5,10.0,3,-0.026031531004426095
4,40,1000,5,6.44,2,-0.026031127789989113
4,41,1000,3,8.1,2,-0.026029908450320362
4,42,273,4,10.03,11,-0.026029461264719455
4,43,226,4,10.02,3,-0.02602852974087
4,44,234,4,10.04,2,-0.026027596667090543
4,45,276,3,10.0,3,-0.026026655622906444
5,1,1000,3,3.73,3,-0.10752957938611507
5,2,1000,3,2.92,3,-0.1075290684401989
5,3,1000,3,3.23,1,-0.10752961184829474
5,4,1000,2,2.78,3,-0.10752941370755434
5,5,1000,2,2.88,3,-0.107528843998909
5,6,1000,2,2.9,3,-0.1075297280177474
5,7,1000,1,2.52,2,-0.10752967557311058
5,8,1000,1,2.6,5,-0.10752906676381827
5,9,1000,2,3.43,5,-0.107529047511518
5,10,1000,2,2.68,2,-0.10752888418734073
5,11,1000,1,2.56,4,-0.10752867071330548
5,12,1000,1,2.59,4,-0.10752842506021261
5,13,1000,2,2.8,3,-0.10752827250957489
5,14,1000,2,2.88,4,-0.1075282177105546
5,15,1000,1,2.52,3,-0.10752671129256487
5,16,1000,1,2.61,5,-0.10752698368579149
5,17,1000,4,4.9,3,-0.10752705262601375
5,18,1000,3,2.99,1,-0.10752643823623657
5,19,1000,1,2.49,2,-0.10752550566196442
5,20,1000,2,2.69,2,-0.10752510852366685
5,21,1000,1,2.53,2,-0.1075247729420662
5,22,1000,1,2.62,4,-0.1075245595574379
5,23,1000,1,2.57,4,-0.1075238680317998
5,25,1000,1,2.54,3,-0.1075251277834177
5,26,1000,3,3.52,3,-0.10752378091961146
5,27,1000,3,2.58,1,-0.10752341689169406
5,28,1000,3,2.66,2,-0.1075237078666687
5,29,1000,1,2.61,4,-0.1075238107740879
5,30,1000,1,2.53,2,-0.10752350759506225
5,31,1000,3,2.85,7,-0.10752264217287302
5,32,1000,3,2.9,2,-0.10752181845903397
5,33,1000,3,2.65,1,-0.10752044294029474
5,34,1000,0,2.39,0,-0.10751877725124359
6,1,1000,3,3.71,3,0.12224353124946356
6,2,1000,3,4.07,3,0.12224384912103414
6,3,1000,3,4.14,2,0.12224486642330885
6,4,1000,4,5.01,3,0.12224541031569243
6,5,1000,3,3.54,2,0.12224632711708545
6,6,1000,3,6.51,4,0.12224777685850859
6,7,1000,3,4.65,2,0.12224871207773685
6,8,1000,3,8.86,7,0.12224966743588447
6,9,1000,3,5.73,3,0.12225065460056067
6,10,1000,3,5.45,3,0.12225235265493394
6,11,268,3,10.02,9,0.12225303287381556
6,12,1000,4,4.16,3,0.1222527882233262
6,13,1000,2,2.81,3,0.1222536064311862
6,14,1000,2,2.84,3,0.12225482878088952
6,15,1000,2,3.01,2,0.12225353817641735
6,16,1000,2,3.71,5,0.12225413020700217
6,17,1000,3,4.38,5,0.1222554367929697
6,18,1000,4,8.03,7,0.12225594934076071
6,19,337,5,10.04,6,0.1222559902540654
6,20,1000,2,2.96,2,0.12225723502039909
6,21,1000,2,2.9,2,0.12225909122824669
6,22,1000,2,4.07,9,0.1222597690820694
6,23,1000,3,5.51,3,0.12225315641611814
6,24,1000,3,3.16,3,0.1222547888457775
6,25,1000,3,2.78,1,0.12225510156154633
6,26,1000,3,4.22,4,0.1222543192282319
6,27,1000,1,2.55,1,0.12225552648305893
6,28,1000,2,2.74,3,0.12225429225713015
6,29,1000,2,2.74,3,0.12225379809737205
6,30,1000,4,4.35,3,0.12225385528802872
6,31,1000,4,3.85,1,0.12225469011813402
6,32,1000,1,2.67,2,0.12225326713919639
6,33,1000,1,2.64,3,0.12225488000363112
6,34,1000,3,4.21,4,0.12225564932078123
6,35,1000,3,4.77,4,0.12225746112316847
6,36,1000,3,3.18,1,0.12225692857801915
6,37,1000,4,4.23,2,0.12225764647871255
6,38,1000,4,7.25,7,0.12225711546838283
6,39,1000,4,6.53,4,0.1222568942680955
6,40,1000,4,4.26,2,0.12225608664751053
6,41,1000,4,4.47,2,0.12225649376958608
6,42,1000,4,4.91,2,0.12225657030940056
6,43,1000,4,5.38,5,0.12225677767395973
6,44,1000,3,4.12,3,0.12225760731101036
6,45,1000,4,6.12,3,0.12226147462427617
6,46,1000,3,5.76,3,0.12225861642509699
6,47,1000,3,3.34,2,0.12225881979614496
6,48,1000,3,3.55,3,0.122257109567523
6,49,1000,2,2.74,3,0.12225889282673598
6,50,1000,2,2.66,2,0.12225895095616579
7,1,1000,3,3.69,3,0.008653427831828594
7,2,1000,3,2.87,2,0.008652036545798183
7,3,1000,3,3.45,2,0.008650414314121007
7,4,1000,3,3.77,2,0.008648732621222734
7,5,1000,3,3.45,2,0.008648970933631062
7,6,1000,4,7.15,3,0.008647576637566089
7,7,1000,4,6.12,3,0.008646865415386855
7,8,1000,3,3.56,2,0.008647240377962589
7,9,1000,2,3.17,3,0.008646923469379545
7,10,1000,2,2.82,2,0.008645104677416384
7,11,1000,2,2.73,1,0.00864305929467082
7,12,1000,2,2.58,1,0.008644049625843763
7,13,1000,3,4.63,4,0.008641149051487445
7,14,1000,4,8.87,3,0.008640673029236495
7,15,638,4,10.02,6,0.008639866565018426
7,16,1000,2,4.53,13,0.0086405875319615
7,17,276,6,10.03,3,0.008640830641261477
7,18,1000,5,9.07,2,0.008640887623652815
7,19,1000,5,8.61,3,0.008639383314177395
7,20,1000,3,3.93,9,0.008638063330203295
7,21,1000,2,3.88,15,0.008635911620222031
7,22,1000,3,3.68,3,0.00863658634852618
7,23,1000,2,6.51,7,0.00863593929912895
7,24,1000,3,8.61,15,0.008637280562892556
7,25,230,3,10.04,7,0.008641691457318223
7,26,252,5,10.03,3,0.008642489648616266
7,27,243,4,10.03,9,0.008640838169910535
7,28,244,4,10.0,9,0.008641796446115266
7,29,1000,3,8.17,9,0.008641542674042284
7,30,242,3,10.04,7,0.008637876199820071
7,31,261,5,10.12,4,0.008638195743448889
7,32,1000,4,5.94,1,0.008635738181881607
7,33,1000,3,6.95,7,0.008636253055185079
7,34,240,3,10.0,8,0.008635169671227535
7,35,1000,2,3.62,7,0.008634826530702413
7,36,1000,5,8.06,3,0.008634965994395316
7,37,1000,4,5.97,1,0.008634824828244746
7,38,273,3,10.04,4,0.00863540258545142
7,39,246,3,10.04,8,0.00863469111528702
7,40,301,3,10.01,10,0.008634026091162152
7,41,1000,1,2.49,1,0.00863194651901722
8,1,1000,3,3.81,3,0.04751298352703452
8,2,1000,3,3.08,2,0.04751342033222318
8,3,1000,3,3.28,2,0.047514069799333813
8,4,1000,2,2.76,3,0.04751491617038846
8,5,1000,2,2.8,2,0.0475156488083303
8,6,1000,3,2.81,1,0.047516298815608024
8,7,1000,2,3.01,4,0.04751737642288208
8,8,1000,4,3.22,2,0.0475174051374197
8,9,1000,2,2.9,2,0.047518461115658286
8,10,1000,2,2.75,2,0.047518256671726704
8,11,1000,2,2.72,3,0.04751869748532772
8,12,1000,3,3.07,3,0.047517976563423873
8,13,1000,3,3.31,3,0.04751758571341634
8,14,1000,3,3.16,3,0.04751763514429331
8,15,1000,2,2.69,1,0.047517627887427805
8,16,1000,2,3.59,5,0.047518092516809704
8,17,1000,2,3.31,5,0.04751704934984446
8,18,1000,4,4.4,1,0.04751704774796963
8,19,1000,3,5.11,3,0.04751715146005154
8,20,1000,2,3.09,3,0.047516899056732655
8,21,1000,2,2.66,1,0.04751681714504957
8,22,1000,3,3.08,1,0.0475171894133091
8,23,1000,2,3.41,3,0.04751816441491246
8,24,654,6,10.04,3,0.04751886177340961
8,25,355,5,10.01,3,0.04751980392865732
8,26,1000,5,4.05,2,0.04751964358240366
8,27,1000,1,2.77,6,0.047519861236214635
8,28,1000,2,5.14,5,0.04751995663717389
8,29,1000,2,3.64,8,0.04752014143392444
8,30,1000,2,2.78,2,0.04752085211127997
8,31,1000,2,3.67,7,0.047521852917969225
8,32,249,4,10.01,7,0.04752265329820564
8,33,1000,4,8.07,3,0.0475228263437748
8,34,1000,3,4.65,3,0.04752337670326233
8,35,1000,3,3.0,2,0.04752345696091652
8,36,1000,3,3.24,2,0.047524073477834466
8,37,1000,3,3.06,4,0.04752413783222437
8,38,1000,2,2.99,5,0.047524447057396176
8,39,1000,2,4.12,3,0.04752574461326003
8,40,413,5,10.01,8,0.04752596620172623
8,41,369,5,10.01,2,0.04752689159821043
8,42,1000,3,4.39,4,0.04752771782875061
8,43,255,5,10.01,4,0.04752898372563661
8,44,253,5,10.02,3,0.0475306002194938
8,45,1000,4,7.06,3,0.04753203574568033
8,46,283,6,10.01,4,0.04753371455802092
8,47,282,5,10.03,4,0.04753491394750193
8,48,1000,3,3.83,5,0.04753507869318128
8,49,274,7,10.01,3,0.04753643562541391
8,50,1000,5,5.86,3,0.04753780621662736
8,51,1000,3,3.46,7,0.04753731340169907
8,52,1000,2,5.64,4,0.04753792932257056
8,53,218,3,10.12,17,0.04753979833779532
8,54,279,4,10.04,3,0.04754118776235956
8,55,1000,3,3.8,3,0.04754194581136108
8,56,1000,2,5.29,11,0.04754336640238762
8,57,1000,2,3.67,10,0.04754428930953145
9,1,1000,3,3.7,3,0.00759548706188798
9,2,1000,3,3.57,3,0.007593875167891383
9,3,1000,3,3.51,3,0.007592452121898532
9,4,1000,3,4.15,2,0.007591076586395502
9,5,1000,2,3.26,5,0.007590562300756574
9,6,1000,2,3.29,5,0.007589414307847619
9,7,1000,2,2.92,3,0.007589269423857331
9,8,1000,3,3.56,2,0.007587844017893076
9,9,1000,3,3.52,2,0.007586175716016442
9,10,1000,3,3.57,2,0.0075847175344824795
9,11,1000,2,2.92,3,0.007584552258253097
9,12,1000,2,4.01,9,0.007583901386708021
9,13,1000,2,3.08,4,0.0075835907887667415
9,14,1000,2,2.59,1,0.007582703743129969
9,15,1000,2,2.62,1,0.007581949422135949
9,16,1000,2,3.63,7,0.007581916699185967
9,17,1000,2,3.24,5,0.007582567786797881
9,18,1000,2,2.79,2,0.007581113863736391
9,19,1000,1,2.61,5,0.007579659424722195
9,20,1000,2,2.85,5,0.007579490503296256
9,21,1000,2,3.03,3,0.007581721872091294
9,22,1000,3,3.39,3,0.007583251491189003
9,23,1000,1,2.5,2,0.007584754269570112
10,1,1000,3,3.8,3,-0.03145940928161144
10,2,1000,3,3.87,3,-0.03145882869884372
10,3,1000,4,4.65,3,-0.031458464358001946
10,4,1000,3,3.56,2,-0.03145845217630267
10,5,1000,3,3.5,2,-0.03145868716388941
10,6,1000,3,3.52,2,-0.031457883279770615
10,7,1000,3,6.25,7,-0.03145807134732604
10,8,1000,3,5.59,5,-0.031458104211837055
10,9,1000,2,3.16,5,-0.031458285696804526
10,10,1000,3,4.14,3,-0.03145839023590088
10,11,1000,3,4.11,3,-0.03145844966173172
10,12,1000,3,3.72,2,-0.0314588641859591
10,13,1000,4,7.86,8,-0.03145910876244307
10,14,1000,3,5.37,3,-0.031459133822470904
10,15,1000,3,4.88,4,-0.0314588297791779
10,16,1000,3,4.31,2,-0.03145787488296628
10,17,1000,3,2.93,2,-0.03145685151964426
10,18,1000,3,4.15,5,-0.03145721197500825
10,19,1000,1,2.54,2,-0.03145681083202362
10,20,1000,1,2.63,4,-0.03145762598142028
10,21,1000,3,2.78,3,-0.031457735244184735
10,22,1000,3,2.83,3,-0.031456822719424966
10,23,1000,3,2.81,3,-0.03145592515543103
10,24,1000,3,3.42,3,-0.03145535609871149
10,25,1000,3,6.24,7,-0.03145612920820713
10,26,1000,3,4.27,5,-0.03145664979889989
10,27,1000,3,5.08,4,-0.03145805164426565
10,28,1000,3,3.13,3,-0.03145826013013721
10,29,1000,1,2.61,3,-0.031459171280264854
11,1,1000,3,3.75,3,0.10570598693192006
11,2,1000,3,3.87,3,0.10570534124970436
11,3,1000,3,4.05,3,0.10570463190227747
11,4,1000,3,4.49,2,0.1057041062861681
11,5,1000,3,4.53,2,0.10570323194563389
11,6,1000,3,4.61,2,0.10570265201479197
11,7,1000,3,4.24,2,0.10570206421613693
11,8,1000,3,4.18,2,0.10570158374309539
11,9,1000,3,8.15,5,0.10570173277705908
11,10,1000,3,7.12,5,0.10570141286402941
11,11,1000,4,6.72,3,0.10570118924230337
11,12,882,4,10.0,3,0.10570157346338913
11,13,1000,3,4.94,2,0.10570161587744951
11,14,1000,6,6.69,3,0.10570136933773756
11,15,1000,6,7.36,3,0.10570019264519215
11,16,417,5,10.04,3,0.10570010321317531
11,17,295,4,10.01,4,0.10569979043330176
11,18,1000,4,6.03,3,0.10569927662611008
11,19,373,5,10.0,4,0.10569857534310773
11,20,1000,5,7.12,3,0.10569859436899423
11,21,1000,5,9.63,4,0.10569845451414585
11,22,1000,2,2.8,1,0.10569818595051765
11,23,1000,2,3.95,4,0.10569803769141435
11,24,1000,2,3.81,7,0.10569797095656396
11,25,1000,2,2.88,4,0.10569882099330426
12,1,1000,3,3.72,3,-0.03528486558422446
12,2,1000,3,3.22,2,-0.0352845155633986
12,3,1000,3,3.27,3,-0.03528400019183755
12,4,1000,1,2.57,4,-0.035283567417412995
12,5,1000,2,3.02,3,-0.03528279564157128
12,6,1000,2,2.78,3,-0.03528220675885677
12,7,1000,2,3.02,4,-0.03528261241689325
12,8,1000,1,2.56,4,-0.035281882271170614
12,9,1000,1,2.47,2,-0.035281468451023104
12,10,1000,4,3.26,2,-0.035281344179064034
12,11,1000,3,3.0,2,-0.035281111139804124
12,12,1000,2,2.5,1,-0.03528047225624323
13,1,1000,3,3.8,3,-0.04608038352057338
13,2,1000,3,3.63,3,-0.046080960407853123
13,3,1000,3,2.93,2,-0.04608141876384616
13,4,1000,3,2.87,2,-0.04608119682967663
13,5,1000,2,2.78,3,-0.04608115740120411
13,6,1000,4,3.39,5,-0.04608131562173366
13,7,1000,3,3.04,2,-0.0460812646523118
13,8,1000,3,2.89,1,-0.04608013602718711
13,9,1000,2,2.71,1,-0.04608012646436691
13,10,1000,2,2.68,1,-0.04608031889796257
13,11,1000,2,2.8,3,-0.04608049434423447
13,12,1000,2,3.24,9,-0.046080082308501004
13,13,1000,3,4.92,7,-0.04608069147542119
13,14,1000,3,4.61,8,-0.04608104558289051
13,15,1000,3,3.12,3,-0.046081609085202216
13,16,1000,3,3.23,4,-0.04608131590858102
13,17,1000,3,3.84,4,-0.04608176512643695
13,18,1000,1,2.63,3,-0.04608225145563483
13,19,1000,1,2.69,4,-0.04608226889744401
13,20,1000,2,3.07,4,-0.046081575512886046
13,21,1000,2,3.35,5,-0.046081278555095195
13,22,1000,1,2.76,6,-0.04608278612792492
13,23,1000,3,3.4,3,-0.046081519812345505
13,24,1000,5,8.32,3,-0.04608079016581178
13,25,1000,4,3.27,1,-0.04608121510222554
13,26,1000,3,2.73,1,-0.04608148951455951
13,27,1000,3,2.93,1,-0.04608193707093596
13,28,1000,3,2.83,1,-0.04608097516000271
13,29,1000,3,3.46,7,-0.04608296021074056
13,30,1000,3,3.07,4,-0.04608233925700188
13,31,1000,3,2.79,2,-0.046081711530685424
13,32,1000,4,3.43,17,-0.046082163043320176
13,33,186,4,10.04,15,-0.04608268463002738
13,34,1000,3,5.93,9,-0.04608380327373743
13,35,1000,3,6.18,12,-0.04608364392444492
13,36,1000,3,6.29,10,-0.04608363588899374
13,37,1000,5,7.25,9,-0.04608819391950965
13,38,794,4,10.0,3,-0.04608951983809171
13,39,1000,6,8.09,3,-0.04608859655633569
13,40,1000,4,3.17,2,-0.046088885344564914
13,41,1000,3,3.12,2,-0.04608967404067516
13,42,1000,3,2.64,1,-0.046088479455560445
13,43,1000,4,3.17,3,-0.04609011358395219
13,44,1000,1,2.6,2,-0.04609135726094246
14,1,1000,3,3.72,3,0.04038080644235015
14,2,1000,3,3.0,2,0.04038118243589997
14,3,1000,3,4.03,3,0.040381437812000515
14,4,1000,3,4.05,3,0.04038184402883053
14,5,1000,3,3.67,3,0.04038202656805515
14,6,1000,3,3.72,3,0.04038217092677951
14,7,1000,3,3.55,3,0.040382696740329266
14,8,1000,3,3.58,3,0.04038281987607479
14,9,1000,3,5.99,9,0.04038301946595311
14,10,258,5,10.04,3,0.04038342537517233
14,11,257,5,10.01,3,0.040383720502315326
14,12,247,4,10.01,10,0.04038400000888809
14,13,1000,4,4.86,3,0.040383647926151754
14,14,1000,2,2.77,2,0.04038373171165586
14,15,1000,2,2.78,2,0.04038422832638025
14,16,1000,2,3.29,4,0.04038377410545945
14,17,1000,1,2.63,4,0.040385041169822215
14,18,1000,2,3.23,9,0.04038230239227414
14,19,1000,2,4.34,4,0.04038267343118787
14,20,1000,2,3.69,3,0.04038265419751406
14,21,1000,2,3.97,9,0.04038289289921522
14,22,1000,2,3.21,9,0.04038177625834942
14,23,1000,3,7.35,4,0.04038187223672867
14,24,1000,3,5.78,9,0.040382789857685564
14,25,318,4,10.0,9,0.04038251395214279
14,26,1000,1,2.7,6,0.04038047404587269
14,27,1000,4,8.82,3,0.040377964284271005
14,28,1000,3,3.4,1,0.04037778543308377
14,29,1000,3,3.07,1,0.04037863839045167
15,1,1000,3,3.81,3,0.1333529731929302
15,2,1000,3,3.68,3,0.13335217726230622
15,3,1000,3,3.53,2,0.13335173788666727
15,4,1000,3,3.09,3,0.13335170742869376
15,5,1000,2,2.59,2,0.13335169373452663
15,6,1000,3,3.34,3,0.13335102923214437
15,7,1000,3,3.21,3,0.13335052178800105
15,8,1000,5,6.26,3,0.1333500955104828
15,9,1000,5,5.01,1,0.1333496321886778
15,10,1000,2,2.54,1,0.1333496681302786
15,11,1000,2,2.63,1,0.13334964329004287
15,12,597,5,10.03,5,0.13334853672601868
15,13,1000,5,9.16,1,0.13334847490489482
15,14,1000,5,5.09,1,0.1333478619903326
15,15,1000,3,2.64,1,0.13334613382816315
15,16,1000,3,3.64,2,0.13334795382618905
15,17,1000,2,3.67,3,0.13334841325879096
15,18,280,7,10.01,3,0.13334801005465644
15,19,1000,3,3.9,1,0.1333470145314932
15,20,1000,1,2.55,3,0.133345691382885
15,21,1000,2,2.96,2,0.13334712474048138
15,22,1000,3,3.42,3,0.13334703958034516
15,23,1000,2,3.48,4,0.1333480001538992
15,24,1000,4,3.61,3,0.1333486230224371
15,25,1000,4,3.45,3,0.1333488745689392
15,26,1000,1,2.56,3,0.13334926185011864
15,27,1000,3,3.15,3,0.13334879782795905
15,28,1000,3,6.56,6,0.1333483866751194
15,29,471,5,10.04,8,0.13334828808176036
15,30,1000,4,8.99,4,0.13334801641106606
15,31,305,5,10.02,2,0.13334756244401463
15,32,267,5,10.01,4,0.13334758585311945
15,33,298,6,10.01,4,0.1333483972105404
15,34,1000,5,4.66,1,0.13334918095171452
15,35,1000,1,2.64,5,0.13334874457120896
15,36,1000,3,8.17,6,0.13334938341379166
15,37,1000,3,4.94,4,0.13334956900775433
15,38,233,4,10.02,4,0.13334889773902975
15,39,200,4,10.02,4,0.13334847129881383
15,40,214,4,10.03,4,0.13334798861608327
15,41,1000,4,6.01,4,0.13334798030555248
15,42,1000,4,9.43,4,0.13334805713593958
15,43,1000,2,4.04,5,0.13334796850383282
15,44,234,4,10.01,6,0.13334792680465257
15,45,202,4,10.0,3,0.13334787179632943
15,46,222,4,10.05,4,0.1333487484906171
15,47,235,5,10.01,3,0.13334838862114765
15,48,218,4,10.01,5,0.13334714190675578
15,49,232,3,10.02,14,0.13334786686404
15,50,1000,3,4.24,4,0.13334733979403973
15,51,1000,3,6.41,4,0.1333469049334526
15,52,1000,2,4.38,3,0.13334741623699664
16,1,1000,3,3.77,3,0.019271340068429708
16,2,1000,3,3.47,3,0.019271701892837882
16,3,1000,4,3.67,2,0.019272468883544207
16,4,1000,4,5.07,2,0.01927276067622006
16,5,1000,4,4.35,2,0.019272814430296423
16,6,1000,4,3.33,1,0.0192723145019263
16,7,1000,3,3.39,1,0.019272834435105322
16,8,1000,2,2.8,4,0.019272929031401872
16,9,1000,3,4.7,4,0.019272983454167843
16,10,1000,3,2.9,1,0.019272638011723756
16,11,1000,4,3.11,1,0.01927240438386798
16,12,1000,3,3.45,5,0.019272310823202132
16,13,1000,3,2.73,1,0.01927241922914982
16,14,1000,2,2.7,3,0.019272374095395207
16,15,1000,3,4.54,4,0.019273325184360146
16,16,1000,3,3.85,2,0.019273877615109087
16,17,1000,3,3.93,4,0.019275776812806726
16,18,1000,3,2.83,3,0.019276114761829378
16,19,1000,2,2.79,4,0.019275922685861587
16,20,1000,2,3.44,4,0.019276725163683294
16,21,1000,2,2.85,2,0.019277280010282994
16,22,1000,2,2.78,2,0.019278731252998112
16,23,1000,2,2.84,2,0.01927870356477797
16,24,1000,4,5.57,3,0.019280245311558246
16,25,1000,5,8.51,3,0.01927975050918758
16,26,1000,6,5.75,1,0.01927834796346724
16,27,1000,6,5.17,1,0.019277276955544948
16,28,1000,7,5.36,1,0.01927701704390347
16,29,1000,4,7.74,15,0.019276232769712805
16,30,1000,5,6.73,7,0.01927552217245102
16,31,1000,4,4.1,1,0.019275111678987742
16,32,1000,4,5.35,4,0.01927544435299933
16,33,1000,3,3.05,2,0.01927610210701823
16,34,1000,4,2.92,1,0.019276937099173667
16,35,1000,2,2.6,1,0.019276333551853896
16,36,1000,4,3.93,7,0.01927708103135228
16,37,243,3,10.02,18,0.019279302691910492
16,38,1000,4,6.33,5,0.019278536492958666
16,39,1000,5,6.69,4,0.019278247967362404
16,40,1000,5,6.58,3,0.01927707152068615
16,41,1000,3,9.67,10,0.019278202038258314
16,42,1000,3,3.84,2,0.019278785530477762
16,43,1000,1,2.99,11,0.01927963729016483
16,44,1000,1,2.48,1,0.01928156241774559
17,1,1000,3,3.75,3,-0.12351666203141212
17,2,1000,3,3.13,3,-0.12351828296482563
17,3,1000,2,2.66,2,-0.1235187485665083
17,4,1000,3,4.72,5,-0.12351943928003312
17,5,1000,2,2.76,2,-0.12352039106190205
17,6,1000,3,3.3,2,-0.12352120330929756
17,7,1000,4,3.48,2,-0.12352159129083157
17,8,1000,3,3.56,2,-0.1235211651623249
17,9,1000,2,4.69,6,-0.12352046832442283
17,10,1000,2,5.49,6,-0.12352130660414695
17,11,1000,2,5.4,6,-0.12352217319607735
17,12,1000,2,4.36,4,-0.1235222597643733
17,13,1000,2,4.16,4,-0.12352225264906883
17,14,1000,2,4.74,6,-0.12352208833396434
17,15,242,4,10.02,5,-0.12352236505012867
17,16,1000,4,6.26,3,-0.12352261754125357
17,17,1000,4,3.88,3,-0.12352317125350237
17,18,1000,3,5.44,3,-0.1235231554210186
17,19,1000,2,2.83,1,-0.12352372302114964
17,20,1000,1,2.77,8,-0.12352269739657641
17,21,1000,2,4.34,11,-0.12352456732839345
17,22,1000,5,5.6,16,-0.12352633500099182
17,23,225,4,10.03,7,-0.12352584802442126
17,24,1000,4,9.87,6,-0.12352535922080278
17,25,1000,4,4.67,3,-0.1235255012512207
17,26,1000,4,6.03,2,-0.12352503398805857
17,27,1000,4,4.02,2,-0.12352665839344264
17,28,628,4,10.0,5,-0.1235268084913682
17,29,1000,5,6.91,4,-0.1235266349837184
17,30,1000,4,6.02,3,-0.12352577236294747
17,31,1000,1,2.77,8,-0.12352571792155505
17,32,1000,2,3.53,5,-0.12352632082253695
17,33,226,4,10.04,6,-0.12352602918986726
17,34,253,6,10.05,3,-0.12352651257524377
17,35,1000,4,4.35,1,-0.12352674462646246
17,36,1000,3,6.98,8,-0.123527260273695
17,37,1000,2,3.9,7,-0.12352744003385305
17,38,1000,2,4.86,11,-0.12352949383109808
17,39,1000,5,8.72,5,-0.12352957591414451
17,40,273,4,10.03,5,-0.12353025071131878
17,41,224,5,10.0,3,-0.12352951083864484
17,42,237,5,10.01,4,-0.12352746112059944
17,43,220,3,10.04,10,-0.12352798286486756
17,44,1000,2,4.08,4,-0.12352647033333779
17,45,279,3,10.0,7,-0.12352564017618856
17,46,244,5,10.03,3,-0.12352807645792843
17,47,1000,3,4.7,2,-0.12352942115813494
17,48,236,3,10.01,3,-0.12352866859380472
17,49,239,4,10.04,3,-0.12353002638497612
17,50,237,4,10.03,3,-0.12353044757737389
17,51,246,4,10.02,3,-0.12353228147679228
17,52,1000,3,5.39,7,-0.12353354838490486
17,53,205,4,10.02,2,-0.12353194079748014
17,54,242,4,10.01,6,-0.1235344276940527
17,55,665,5,10.02,5,-0.1235342141717
17,56,1000,3,6.11,5,-0.12353549232333899
17,57,1000,2,4.32,3,-0.12353756356984377
17,58,1000,2,3.72,12,-0.12353765328973532
17,59,1000,2,4.82,5,-0.1235423214957118
18,1,1000,3,3.75,3,0.04625722888857126
18,2,1000,3,3.02,2,0.04625792444869876
18,3,1000,3,3.56,3,0.046257496234029534
18,4,1000,2,2.88,2,0.04625737224519253
18,5,1000,2,3.06,5,0.046257556166499854
18,6,1000,2,3.62,5,0.04625826234742999
18,7,1000,2,3.86,5,0.0462575472407043
18,8,1000,2,3.75,5,0.04625840434804559
18,9,1000,2,3.85,4,0.04625822665914893
18,10,1000,1,2.76,7,0.046260004479438066
18,11,1000,2,3.32,4,0.04626110301911831
18,12,1000,3,4.19,4,0.04626049909368157
18,13,1000,3,5.98,3,0.04625970448181033
18,14,1000,2,2.94,3,0.04625938617810607
18,15,1000,4,9.4,3,0.0462582291290164
18,16,245,5,10.04,6,0.04625831468372929
18,17,1000,4,4.62,5,0.04625944592058659
18,18,1000,3,2.86,3,0.04626099311932921
18,19,1000,3,3.55,4,0.04626157569885254
18,20,1000,3,4.86,3,0.04626111276447773
18,21,1000,3,5.49,3,0.04626020695269108
18,22,1000,6,9.69,3,0.04625928905233741
18,23,309,4,10.05,4,0.046258867703209416
18,24,1000,2,3.06,2,0.04625992653146386
18,25,444,3,10.0,4,0.04625991618613134
18,26,1000,3,9.1,2,0.04626056182011962
18,27,255,4,10.02,7,0.04626044486375416
18,28,258,4,10.03,8,0.046260491822117056
18,29,398,4,10.03,3,0.0462595233366118
18,30,1000,4,9.04,5,0.04625970339402556
18,31,237,5,10.01,3,0.04626029517643059
18,32,239,4,10.03,9,0.04626004443071377
18,33,234,4,10.0,8,0.04626054861224615
18,34,253,5,10.01,8,0.046259765141448486
18,35,256,5,10.02,3,0.04625903921260033
18,36,1000,4,3.74,3,0.04626068743318319
18,37,1000,4,2.73,2,0.04626118437945843
18,38,1000,2,2.7,3,0.04626215852797031
18,39,1000,3,5.75,5,0.04626227431744337
18,40,1000,2,2.76,2,0.046262316565960644
18,41,1000,0,2.39,0,0.046262167394161224
19,1,1000,3,3.8,3,0.07113057784736157
19,2,1000,3,3.59,2,0.0711302924901247
19,3,1000,4,3.73,2,0.07112949705123901
19,4,1000,2,3.38,5,0.07112906230986119
19,5,1000,4,3.84,3,0.07112925580143928
19,6,1000,1,2.62,4,0.07112880113720894
19,7,1000,1,2.51,2,0.0711289224922657
19,8,1000,1,2.6,3,0.07112935961037874
19,9,1000,1,2.63,5,0.07112901289016009
19,10,1000,6,9.16,3,0.07112903918325901
19,11,1000,4,7.37,5,0.07112830232083797
19,12,1000,5,3.22,1,0.07112764614075422
19,13,1000,2,2.7,1,0.07112661874294281
19,14,1000,2,2.73,2,0.07112820062041282
19,15,1000,3,5.76,4,0.07112979520857333
19,16,1000,4,7.78,3,0.07113113224506379
19,17,1000,2,3.02,2,0.07113073782622814
19,18,499,6,10.03,2,0.07113072662828919
19,19,1000,6,7.02,3,0.07113059162348509
19,20,1000,4,3.59,1,0.07112997262179852
19,21,1000,2,3.46,2,0.07113049309700728
19,22,1000,1,2.75,6,0.07113048055768013
19,23,1000,2,3.15,5,0.07113037955015898
19,24,1000,1,2.54,2,0.07113054674118757
19,25,1000,1,2.69,4,0.07113029935210943
19,26,1000,2,3.12,3,0.07113023529201747
19,27,1000,3,5.59,6,0.07113027022778988
19,28,1000,3,3.46,3,0.07112974131852388
19,29,1000,2,2.68,4,0.0711295075789094
20,1,1000,3,3.89,3,-0.0435563971363008
20,2,1000,3,4.03,3,-0.0435559080503881
20,3,1000,3,3.8,3,-0.04355553046986461
20,4,1000,2,2.64,1,-0.04355503930523991
20,5,1000,2,2.62,1,-0.043554726835340264
20,6,1000,2,2.65,1,-0.043554445277899506
20,7,1000,2,3.75,7,-0.04355418424680829
20,8,1000,5,8.15,5,-0.043554479885846376
20,9,1000,5,9.46,3,-0.04355462316423655
20,10,1000,5,5.75,3,-0.04355494363978505
20,11,1000,5,5.43,2,-0.04355433160811663
20,12,1000,2,2.87,3,-0.043553419444710015
20,13,1000,2,2.91,3,-0.043553293727338314
20,14,1000,2,3.34,5,-0.04355301379039884
20,15,447,5,10.04,3,-0.043553220745701116
20,16,348,5,10.03,3,-0.04355324750188096
20,17,300,6,10.01,3,-0.04355314516772826
20,18,247,6,10.02,3,-0.04355252935336186
20,19,1000,4,4.04,2,-0.04355178502947092
20,20,1000,3,7.1,3,-0.04355050238221884
20,21,1000,2,4.88,7,-0.04354853545501828
20,22,1000,3,5.72,3,-0.04354776518791914
20,23,1000,3,7.75,3,-0.04354797833785415
20,24,1000,2,3.36,4,-0.04354731569439173
20,25,1000,3,3.36,3,-0.043547196887433526
20,26,1000,1,2.59,2,-0.04354653606563807
21,1,1000,3,3.82,3,0.12097859530150891
21,2,1000,3,4.19,3,0.12097796089947224
21,3,1000,3,5.0,3,0.12097782856225968
21,4,1000,3,4.19,3,0.1209779472798109
21,5,1000,2,3.04,3,0.12097785016149283
21,6,1000,3,4.24,3,0.12097787585109472
21,7,1000,3,7.09,8,0.12097783990949393
21,8,1000,3,4.28,3,0.12097746033221483
21,9,1000,4,4.0,3,0.12097730553150177
21,10,1000,3,3.57,3,0.12097713983803987
21,11,1000,2,3.64,3,0.12097706704586744
21,12,1000,5,6.7,3,0.12097728178650141
21,13,1000,4,3.24,1,0.12097698459029198
21,14,1000,2,3.4,4,0.12097667223215103
21,15,1000,2,2.98,2,0.120975975304842
21,16,1000,1,2.66,4,0.12097550914436579
21,17,1000,2,3.59,4,0.12097591883689165
21,18,1000,2,3.88,4,0.12097536198049784
21,19,1000,2,2.79,1,0.12097467844933271
22,1,1000,3,3.82,3,0.04702489284425974
22,2,1000,3,2.92,2,0.04702450072020292
22,3,1000,3,3.28,2,0.04702519208937883
22,4,1000,4,3.04,1,0.04702475716918707
22,5,1000,1,2.65,6,0.047024444214999676
22,6,1000,1,2.71,7,0.047024182684719563
22,7,1000,2,3.12,2,0.04702434418350458
22,8,1000,1,2.62,5,0.047025439471006396
22,9,1000,1,2.49,2,0.04702504920214415
22,10,1000,2,4.4,7,0.04702585031464696
22,11,1000,2,2.96,2,0.04702617612481117
22,12,1000,2,3.09,4,0.04702684048190713
22,13,1000,2,2.67,1,0.04702698019891977
22,14,1000,3,3.29,4,0.04702670526504517
22,15,1000,3,3.31,4,0.04702594779804349
22,16,1000,4,3.06,1,0.04702495712041855
22,17,1000,4,3.68,1,0.04702421393990517
22,18,1000,4,2.97,1,0.04702383523061872
22,19,1000,5,3.35,1,0.04702347590401769
22,20,1000,5,3.35,1,0.047023503955453634
22,21,1000,4,2.99,1,0.04702419236674905
22,22,1000,3,2.56,1,0.04702451452612877
22,23,1000,2,2.6,1,0.047024900041520594
23,1,1000,3,3.82,3,-0.09686869974434376
23,2,1000,3,3.63,3,-0.09686903031915427
23,3,1000,3,3.64,2,-0.09686913078278303
23,4,1000,3,2.89,3,-0.09686913208663464
23,5,1000,1,2.54,2,-0.09686911106109619
23,6,1000,2,3.01,4,-0.09686993205547333
23,7,1000,3,3.01,3,-0.09687064412981272
23,8,1000,2,3.02,4,-0.09687038875371218
23,9,1000,2,2.9,3,-0.0968697293549776
23,10,1000,3,3.16,2,-0.09687022438645362
23,11,1000,4,4.96,5,-0.09687082285434008
23,12,224,5,10.01,3,-0.0968707174262298
23,13,1000,3,3.46,2,-0.09687060035765171
23,14,1000,2,3.04,2,-0.0968709996342659
23,15,1000,2,3.49,4,-0.09687098293751478
23,16,1000,2,3.16,5,-0.0968721631616354
23,17,1000,4,6.36,3,-0.09687217608839273
23,18,1000,4,3.08,2,-0.09687219079583884
23,19,1000,3,3.26,1,-0.09687168449163437
23,20,1000,1,2.73,6,-0.09687223491817713
23,21,1000,2,2.76,2,-0.09687267178297043
23,22,546,6,10.0,3,-0.09687250724314769
23,23,1000,2,3.88,8,-0.09687353370338678
23,24,1000,1,2.51,2,-0.09687399224936963
23,25,1000,1,2.75,6,-0.09687418149411678
23,26,1000,1,2.46,1,-0.09687470644712448
24,1,1000,3,3.83,3,0.02886083083599806
24,2,1000,3,3.28,2,0.028860675293952226
24,3,1000,3,3.12,2,0.02886077493801713
24,4,1000,2,2.84,2,0.028860810469835997
24,5,1000,2,2.9,2,0.02886121804267168
24,6,1000,2,3.02,4,0.028861802391707898
24,7,1000,3,4.12,4,0.02886187031120062
24,8,1000,3,4.07,3,0.028861700166016815
24,9,1000,3,3.84,3,0.028861527597531675
24,10,1000,3,3.73,4,0.028861444849520922
24,11,1000,2,3.11,2,0.028861676890403032
24,12,1000,2,3.18,2,0.028861871287226677
24,13,1000,2,2.72,4,0.02886225088313222
24,14,1000,3,3.7,4,0.028862483445554973
24,15,1000,2,2.85,2,0.02886250256374478
24,16,1000,3,4.46,3,0.028862530466169118
24,17,1000,3,3.64,3,0.0288625828102231
24,18,1000,3,3.21,3,0.028862537771463394
24,19,1000,1,2.52,2,0.028863353468477727
24,20,1000,3,4.38,2,0.028863873552531005
24,21,1000,2,2.86,2,0.028864056136459114
24,22,1000,2,3.19,4,0.028863686444237827
24,23,1000,2,3.03,3,0.028863805066794156
24,24,1000,2,3.18,4,0.028864036086946727
24,25,1000,2,2.68,3,0.02886405110731721
24,26,1000,2,2.81,2,0.02886420347541571
24,27,1000,2,2.98,2,0.028864135397598148
24,28,1000,1,2.59,3,0.028864140525460245
24,29,1000,2,3.44,3,0.028864540599286555
24,30,1000,5,8.04,3,0.0288647386059165
24,31,1000,2,4.14,5,0.028865050278604032
24,32,299,4,10.01,6,0.028864159638118187
24,33,1000,4,6.11,3,0.02886390096321702
24,34,266,4,10.03,3,0.02886483991952767
24,35,458,7,10.02,4,0.028865512932231854
24,36,211,5,10.02,3,0.02886543791935342
24,37,210,4,10.02,5,0.02886466815003327
24,38,221,4,10.05,3,0.028864601820842172
24,39,208,4,10.02,3,0.02886454830877483
24,40,1000,3,4.46,4,0.02886459533497691
24,41,236,5,10.01,3,0.028864255616978064
24,42,1000,4,5.07,3,0.028863934004679324
24,43,240,4,10.01,11,0.028864283595855036
24,44,1000,4,7.37,3,0.02886432366259396
24,45,212,4,10.05,3,0.028864277799104183
24,46,214,3,10.03,3,0.02886373319915522
24,47,985,5,10.0,3,0.02886283145224685
24,48,232,4,10.02,3,0.028862712342805904
24,49,222,4,10.02,4,0.028863272352798564
24,50,235,5,10.05,8,0.028864185733998075
24,51,1000,3,4.59,3,0.028863489689305424
24,52,1000,2,3.78,3,0.028863428300246595
24,53,1000,1,2.63,3,0.028863232415169478
24,54,1000,1,2.65,3,0.02886428005993366
24,55,1000,1,2.73,5,0.028863530963659286
24,56,1000,2,6.28,23,0.02886329450830817
24,57,1000,1,3.09,11,0.028863465666770935
24,58,1000,2,5.44,11,0.028863333214074374
24,59,263,4,10.03,7,0.02886392394286145
24,60,1000,1,3.17,13,0.028863921005278827
25,1,1000,3,4.02,3,-0.0033114428967237473
25,2,1000,3,3.24,3,-0.003312143985182047
25,3,1000,3,3.78,4,-0.0033124853195622564
25,4,1000,3,4.77,5,-0.003312704313546419
25,5,1000,4,4.09,3,-0.0033131958376616238
25,6,1000,3,4.15,4,-0.003313294974155724
25,7,1000,1,2.54,2,-0.003313617616891861
25,8,1000,2,3.05,2,-0.0033138672513887287
25,9,1000,3,5.9,6,-0.0033137727258726953
25,10,1000,2,3.58,6,-0.0033135571628808975
25,11,1000,2,3.91,6,-0.0033142179511487482
25,12,1000,3,5.53,4,-0.0033142917146906257
25,13,1000,3,5.45,7,-0.003314404561184347
25,14,1000,1,2.79,7,-0.0033142814897000787
25,15,1000,2,6.96,10,-0.0033139776308089494
25,16,1000,3,6.28,7,-0.003314311661757529
25,17,386,4,10.0,7,-0.0033141692781849847
25,18,1000,3,4.4,4,-0.003313572852872312
25,19,1000,5,6.35,3,-0.0033131305808201434
25,20,1000,5,4.01,2,-0.0033136450247839093
25,21,1000,5,6.59,4,-0.0033143069865182043
25,22,1000,5,9.92,2,-0.003314565342850983
25,23,211,4,10.02,2,-0.003315364337257017
25,24,1000,3,4.49,4,-0.003314424371346831
25,25,1000,2,2.89,5,-0.0033150040209293367
25,26,1000,4,3.68,4,-0.003315806996077299
25,27,1000,2,3.64,6,-0.0033152323001995683
25,28,1000,3,6.18,2,-0.003314533527009189
25,29,1000,3,4.14,1,-0.0033148069521412252
25,30,1000,3,6.2,2,-0.0033152321241796015
25,31,1000,3,4.24,4,-0.0033151965076103807
25,32,1000,4,6.31,3,-0.003315104494802654
25,33,1000,5,7.79,3,-0.0033157454347237944
25,34,402,4,10.03,11,-0.0033158491856756793
25,35,1000,2,3.75,7,-0.00331585577968508
25,36,1000,2,2.88,5,-0.0033154959660023453
25,37,1000,2,2.95,3,-0.003315246400423348
25,38,1000,3,3.89,5,-0.003315242595970631
25,39,1000,2,4.43,6,-0.0033156532840803265
25,40,1000,3,4.08,2,-0.0033154255170375108
25,41,1000,3,3.07,2,-0.0033154822010546922
25,42,1000,2,2.81,6,-0.003316024873405695
25,43,1000,3,3.06,2,-0.0033156016655266287
25,44,1000,3,3.78,12,-0.0033158897245302798
25,45,1000,2,3.59,4,-0.003315912297926843
25,46,1000,3,5.7,4,-0.0033160869618877767
25,47,291,5,10.04,3,-0.0033166830386339185
25,48,1000,5,3.31,1,-0.0033164227586239578
25,49,1000,4,3.49,2,-0.0033167945342138408
25,50,1000,4,6.56,4,-0.0033173466697335244
25,51,1000,4,7.03,5,-0.0033175009321421384
25,52,1000,3,3.96,8,-0.0033177814623340965
25,53,1000,3,3.18,3,-0.003317704889923334
25,54,1000,3,5.25,6,-0.003317791066132486
25,55,1000,2,2.73,3,-0.0033180907387286426
25,56,1000,3,4.98,6,-0.0033186517106369136
25,57,1000,3,3.28,4,-0.003319323601201177
25,58,1000,3,4.33,4,-0.0033189164269715548
25,59,1000,1,2.52,2,-0.0033185424655675887
25,60,1000,1,2.54,2,-0.003318815365433693
26,1,1000,3,3.93,3,0.08574886030703784
26,2,1000,3,3.2,3,0.0857486126050353
26,3,1000,3,4.39,3,0.0857485256716609
26,4,1000,3,3.77,3,0.08574797028303147
26,5,1000,2,2.8,2,0.08574766783416271
26,6,1000,3,4.17,3,0.08574756633490324
26,7,1000,3,4.96,3,0.08574791073054075
26,8,1000,3,4.31,3,0.08574860092252493
26,9,1000,5,5.37,3,0.08574899164587259
26,10,1000,4,5.04,2,0.08574952038377523
26,11,1000,2,3.26,2,0.08574970196187497
26,12,1000,1,2.66,3,0.08574968786537647
26,13,1000,2,3.83,5,0.0857497300133109
26,14,1000,3,3.86,2,0.08574931470304728
26,15,1000,3,4.62,3,0.08574993506819009
26,16,1000,3,3.58,3,0.08575050397962332
26,17,1000,4,5.99,3,0.08575121665000915
26,18,1000,6,5.86,4,0.08575135274976492
26,19,1000,4,3.5,4,0.08575023356080055
26,20,1000,4,5.28,3,0.08574956373870372
26,21,1000,3,3.77,3,0.08575101253390312
26,22,1000,3,4.34,3,0.08575250326097011
26,23,1000,3,6.11,5,0.08575571503490209
26,24,262,5,10.01,4,0.0857556594805863
26,25,223,4,10.01,3,0.08575475636886375
26,26,1000,4,7.71,2,0.08575247886776924
26,27,1000,4,5.66,1,0.08575192068517208
26,28,794,3,10.0,4,0.0857516057995765
26,29,298,4,10.04,3,0.08575387534079136
26,30,238,5,10.03,4,0.0857544519758525
26,31,203,4,10.01,3,0.08575421109281738
26,32,1000,4,5.15,1,0.08575485365837812
26,33,1000,3,6.66,4,0.08575553371012211
26,34,1000,4,4.21,1,0.08575234051793813
26,35,202,4,10.0,5,0.08575138634089197
26,36,247,5,10.03,2,0.08575198582188803
26,37,242,3,10.01,6,0.08575263111428781
26,38,1000,2,4.8,6,0.08575333873927593
26,39,1000,3,3.15,3,0.08575205836445093
26,40,1000,4,7.56,3,0.0857505966797471
26,41,1000,3,5.58,5,0.08575048973411321
26,42,1000,3,5.36,6,0.08575057317316533
26,43,1000,2,3.42,3,0.08574971943348646
26,44,1000,3,6.85,6,0.08575036939233542
26,45,1000,5,9.17,4,0.08575106942653656
26,46,497,5,10.04,4,0.08575055326974128
26,47,1000,1,2.93,9,0.08574842957407236
26,48,1000,2,3.43,3,0.0857468750923872
26,49,1000,3,4.64,1,0.08574713505804539
26,50,1000,3,6.14,8,0.08574692633748054
26,51,1000,3,4.87,7,0.08574703419208526
26,52,1000,2,2.78,1,0.08574663387984037
26,53,1000,3,3.31,5,0.08574559627473355
26,54,1000,4,5.88,1,0.08574406727403402
26,55,1000,0,2.58,0,0.08574288338422775
27,1,1000,3,3.84,3,-0.09012339945137501
27,2,1000,3,3.08,2,-0.09012416835874319
27,3,1000,3,4.21,3,-0.09012478148192167
27,4,1000,3,5.4,5,-0.0901248740851879
27,5,1000,4,3.27,1,-0.09012523562461137
27,6,1000,4,4.94,3,-0.09012580240517855
27,7,1000,4,4.94,3,-0.09012584192305803
27,8,1000,4,4.05,2,-0.09012573622912169
27,9,1000,4,3.08,1,-0.0901259600520134
27,10,1000,3,2.93,1,-0.09012627713382244
27,11,1000,3,4.28,10,-0.09012641896307469
27,12,1000,2,2.77,2,-0.09012693933397531
27,13,1000,3,3.18,1,-0.09012724496424199
27,14,1000,3,6.02,8,-0.09012742006778716
27,15,1000,3,5.27,7,-0.0901274998113513
27,16,1000,3,4.81,6,-0.09012796553224325
27,17,1000,1,2.48,1,-0.09012734889984131
27,18,1000,1,2.59,3,-0.09012840093672275
27,19,1000,1,2.49,1,-0.09012845158576965
28,1,1000,3,3.84,3,-0.03820650203153491
28,2,1000,3,3.67,3,-0.038206541907042264
28,3,1000,4,6.59,4,-0.03820738424733281
28,4,1000,4,9.1,5,-0.038207514189183715
28,5,1000,4,5.04,2,-0.03820814947411418
28,6,230,5,10.0,4,-0.03820813384069049
28,7,794,5,10.0,3,-0.038207863595909074
28,8,1000,5,9.89,3,-0.038208073545247315
28,9,624,4,10.0,5,-0.03820839007265675
28,10,1000,4,6.96,3,-0.03820920014008879
28,11,1000,4,3.95,1,-0.038210329249501226
28,12,1000,4,3.92,1,-0.03821196268871427
28,13,1000,4,6.87,6,-0.038212187837809324
28,14,679,3,10.0,9,-0.038212177383443215
28,15,1000,3,5.53,2,-0.03821125595644116
28,16,1000,4,4.0,1,-0.03821041307225823
28,17,1000,4,5.48,5,-0.038209679063409566
28,18,1000,3,5.45,3,-0.038209408566355706
28,19,1000,3,4.53,2,-0.03820917256176472
28,20,1000,3,6.98,3,-0.03821105910092592
28,21,681,3,10.0,10,-0.03821072214325444
28,22,1000,3,4.4,3,-0.03820976231247187
28,23,1000,2,2.63,2,-0.038210610404610636
28,24,1000,2,2.51,1,-0.03821171075105667
29,1,1000,3,3.84,3,0.1584038054794073
29,2,1000,3,3.51,3,0.15840428614616395
29,3,1000,3,3.35,2,0.15840479147434233
29,4,1000,4,3.58,3,0.15840517246723176
29,5,1000,1,2.56,3,0.15840565490722655
29,6,1000,1,2.6,4,0.1584054246544838
29,7,1000,2,2.82,4,0.1584057502001524
29,8,1000,2,4.7,7,0.15840650629997252
29,9,234,5,10.01,3,0.1584069259528421
29,10,1000,4,3.4,1,0.15840689957141876
29,11,1000,2,3.98,8,0.15840653546154498
29,12,1000,1,2.62,4,0.15840661001205444
29,13,1000,1,2.76,7,0.158406836733222
29,14,1000,1,2.99,11,0.15840731562674046
29,15,1000,2,3.11,12,0.15840754686295985
29,16,1000,3,4.71,5,0.15840762680768966
29,17,1000,3,3.09,2,0.15840919354557992
29,18,1000,3,9.54,6,0.15840982209146023
29,19,1000,3,3.39,3,0.15841011703014374
29,20,1000,3,2.83,1,0.15841006910800934
29,21,1000,1,2.55,3,0.158410967618227
29,22,1000,1,2.55,2,0.15841027289628984
30,1,1000,3,3.94,3,-0.10092348533868789
30,2,1000,3,4.0,3,-0.10092287476360798
30,3,1000,3,5.56,7,-0.10092230781167745
30,4,1000,4,5.02,3,-0.10092240990698338
30,5,1000,4,6.37,3,-0.1009227731525898
30,6,1000,3,4.52,3,-0.1009222005084157
30,7,1000,3,3.8,2,-0.10092273467034102
30,8,1000,3,3.03,1,-0.10092247841507196
30,9,1000,3,5.81,6,-0.10092180919647217
30,10,1000,3,8.89,9,-0.10092165356129408
30,11,1000,4,3.54,3,-0.10092165753245354
30,12,1000,3,3.1,1,-0.1009215506389737
30,13,1000,3,8.75,8,-0.1009211562871933
30,14,1000,4,5.94,6,-0.10092195992171764
30,15,1000,3,4.97,3,-0.10092169036716223
30,16,1000,3,5.49,2,-0.10092161301523447
30,17,1000,3,3.65,2,-0.10092120181769132
30,18,769,3,10.0,6,-0.10092079242199697
30,19,1000,3,8.85,8,-0.10092059828341007
30,20,1000,3,6.83,7,-0.1009207398071885
30,21,1000,3,4.25,4,-0.10092088067531586
30,22,1000,3,3.22,7,-0.10091988411545753
30,23,1000,1,2.53,2,-0.10092006510496139
31,1,1000,3,3.84,3,0.025778275424614548
31,2,1000,3,3.7,3,0.02577722612209618
31,3,1000,3,4.28,3,0.025776728523895145
31,4,1000,3,4.25,3,0.025776430008932948
31,5,1000,2,3.0,3,0.02577621561102569
31,6,1000,3,5.34,7,0.025775458998978137
31,7,1000,3,5.44,7,0.025775152074173094
31,8,1000,3,4.19,2,0.025774969909340143
31,9,1000,1,2.67,5,0.025775056168437005
31,10,1000,2,3.58,4,0.02577519735507667
31,11,1000,3,7.27,4,0.025775183567777277
31,12,1000,3,7.64,5,0.025774236237630248
31,13,1000,3,5.51,3,0.025773657761514187
31,14,1000,2,3.54,5,0.02577406501211226
31,15,1000,3,3.86,2,0.025774116894230245
31,16,1000,3,3.76,2,0.02577379204146564
31,17,1000,3,3.8,2,0.02577442659623921
31,18,1000,3,3.1,1,0.025774742716923357
31,19,1000,3,7.1,7,0.025774585578590633
31,20,1000,3,3.13,1,0.025774155370891096
31,21,1000,1,2.53,3,0.025774328840896487
31,22,1000,1,2.5,2,0.025774326384067535
31,23,1000,1,2.6,3,0.02577396943233907
32,1,1000,3,3.91,3,-0.10455632951110601
32,2,1000,3,4.35,3,-0.10455636020749808
32,3,1000,4,4.53,3,-0.10455609993636608
32,4,1000,3,4.36,3,-0.10455559488385915
32,5,1000,3,3.83,3,-0.10455547073483468
32,6,1000,3,2.97,1,-0.10455513289570809
32,7,1000,3,2.88,1,-0.10455459906160831
32,8,1000,3,2.87,1,-0.10455501911044121
32,9,1000,3,2.91,1,-0.10455520436167717
32,10,1000,3,4.18,1,-0.1045554012581706
32,11,1000,3,3.92,1,-0.10455530067533254
32,12,1000,3,4.02,1,-0.10455513915419579
32,13,1000,3,3.8,1,-0.10455510946363211
32,14,270,3,10.04,5,-0.10455568959867513
32,15,237,4,10.05,6,-0.1045558060586201
32,16,1000,3,6.28,2,-0.10455632176995278
32,17,1000,1,3.07,12,-0.10455631408840418
32,18,1000,1,2.58,3,-0.10455649082362652
32,19,1000,1,2.57,3,-0.10455601447820663
32,20,1000,2,5.23,4,-0.10455621244013309
32,21,1000,2,4.27,2,-0.10455612177401781
32,22,1000,2,3.85,2,-0.10455607929825783
32,23,1000,2,4.47,5,-0.10455649767816066
32,24,1000,2,7.76,7,-0.10455688003450632
32,25,1000,3,5.44,3,-0.10455680661648512
32,26,1000,2,4.11,5,-0.10455672173947096
32,27,1000,2,5.57,13,-0.10455706944316626
32,28,1000,2,4.73,15,-0.10455702312290668
32,29,224,5,10.04,4,-0.10455732440043773
32,30,211,5,10.04,4,-0.10455753979101
32,31,1000,4,6.31,3,-0.10455759653449058
32,32,1000,4,9.08,3,-0.10455818727612495
32,33,418,4,10.0,3,-0.10455892055014675
32,34,1000,4,8.29,2,-0.10455979286879301
32,35,1000,4,6.11,2,-0.10456041847914457
32,36,1000,5,8.45,3,-0.1045600479990244
32,37,277,6,10.01,3,-0.10456022243637471
32,38,1000,5,3.74,1,-0.1045603117197752
32,39,1000,5,3.09,1,-0.10456075463443995
32,40,1000,5,3.03,1,-0.10456214988976717
32,41,1000,5,3.78,3,-0.10456320149451494
32,42,1000,6,9.59,4,-0.10456434369832278
32,43,1000,4,6.72,4,-0.104564831353724
32,44,1000,4,7.56,5,-0.10456502587348222
32,45,223,5,10.04,12,-0.10456373188394068
32,46,200,4,10.03,3,-0.10456170137971639
32,47,221,5,10.01,4,-0.1045630972040185
32,48,218,4,10.02,15,-0.10456348008929042
32,49,1000,2,2.8,2,-0.10456623990833759
32,50,1000,2,3.06,1,-0.10456777761131525
32,51,1000,2,2.7,5,-0.10457000076770782
32,52,1000,2,2.53,1,-0.10457126051187515
32,53,1000,0,2.45,0,-0.10457134991884232
33,1,1000,3,3.89,3,-0.10655439858138561
33,2,1000,3,4.12,3,-0.1065539497807622
33,3,1000,3,3.7,2,-0.10655369792878627
33,4,1000,2,3.04,3,-0.10655329240858555
33,5,1000,2,3.01,3,-0.10655260370671749
33,6,1000,2,2.95,3,-0.10655213802307845
33,7,1000,2,2.82,2,-0.10655198223143816
33,8,1000,2,2.78,2,-0.10655176708847285
33,9,1000,2,2.78,2,-0.10655139986425638
33,10,1000,2,3.44,1,-0.10655177669227123
33,11,1000,2,2.83,2,-0.10655193096399307
33,12,1000,2,2.6,1,-0.10655133111774921
33,13,1000,2,2.83,2,-0.10655136762559414
33,14,1000,2,2.82,2,-0.10655137561261654
33,15,1000,2,3.25,4,-0.10655078191310167
33,16,655,5,10.0,3,-0.10655152453038529
33,17,1000,4,4.96,2,-0.10655173731595277
33,18,1000,4,5.24,1,-0.10655148683488369
33,19,247,3,10.04,22,-0.10655143510112879
33,20,1000,2,3.17,3,-0.1065511307939887
33,21,1000,2,2.66,1,-0.10655154561251402
33,22,1000,2,4.33,7,-0.10655203977227211
33,23,1000,2,3.65,4,-0.10655209459364415
33,24,1000,2,2.99,2,-0.10655255331844092
33,25,1000,2,7.75,18,-0.10655242899805308
33,26,191,3,10.04,2,-0.10655159027320553
33,27,188,3,10.01,2,-0.10655165749027375
33,28,227,3,10.04,6,-0.10655248076511374
33,29,1000,3,5.33,3,-0.10655238587409258
33,30,1000,3,8.86,3,-0.10655293546617031
33,31,1000,3,5.16,3,-0.10655345624685288
33,32,272,3,10.0,7,-0.10655366040437537
33,33,929,3,10.0,5,-0.10655350995974854
33,34,1000,3,7.44,3,-0.10655410552769899
33,35,1000,3,4.02,1,-0.10655346132069826
33,36,1000,3,4.07,1,-0.10655301598459482
33,37,1000,3,4.25,1,-0.10655286177247762
33,38,1000,2,4.66,3,-0.10655267501622438
33,39,1000,2,4.48,3,-0.10655315857380629
33,40,1000,2,3.38,5,-0.1065532162040472
33,41,1000,2,3.02,3,-0.10655274255573749
33,42,1000,2,3.39,5,-0.10655261692404747
33,43,1000,5,3.73,3,-0.10655305293947458
33,44,1000,6,3.99,3,-0.10655373243242502
33,45,1000,6,3.74,3,-0.10655393274128437
33,46,1000,2,2.65,1,-0.10655440193414688
33,47,1000,3,4.2,7,-0.10655449993163348
33,48,1000,3,4.68,8,-0.10655477631092071
33,49,1000,3,5.0,7,-0.10655512878298759
33,50,1000,3,4.52,6,-0.106555269703269
33,51,1000,3,5.15,8,-0.10655525121092796
33,52,1000,3,6.38,8,-0.10655530405789614
33,53,1000,2,2.56,1,-0.10655581951141357
33,54,1000,0,2.46,0,-0.10655657947063446
34,1,1000,3,4.04,3,-0.03470456298813224
34,2,1000,3,4.09,3,-0.034704397663474086
34,3,1000,3,6.16,3,-0.03470409021526575
34,4,1000,3,5.38,2,-0.034703715730458495
34,5,1000,3,4.92,2,-0.03470377956703305
34,6,1000,3,3.78,3,-0.03470314023271203
34,7,1000,2,2.91,2,-0.03470300797000527
34,8,1000,3,9.56,4,-0.0347033774368465
34,9,766,6,10.0,7,-0.03470468006094349
34,10,1000,4,6.04,3,-0.034702979758381845
34,11,1000,2,3.69,4,-0.03470178363472223
34,12,1000,2,3.02,2,-0.03470199487358332
34,13,1000,3,3.63,2,-0.034702405121177435
34,14,1000,3,3.38,2,-0.03470279696583748
34,15,1000,3,3.44,2,-0.03470285513997078
34,16,1000,3,3.78,2,-0.0347037237174809
34,17,1000,3,3.32,3,-0.034705064851790667
34,18,1000,3,3.2,3,-0.03470626793429255
34,19,1000,3,3.2,3,-0.034707930736243724
34,20,1000,4,2.95,1,-0.034707815289497373
34,21,1000,1,2.71,4,-0.03470780695602298
34,22,1000,1,2.72,4,-0.0347087513320148
34,23,1000,1,2.73,4,-0.03470825079828501
34,24,1000,1,2.77,4,-0.03470570747181773
34,25,1000,4,2.91,3,-0.0347049694173038
34,26,1000,1,2.58,1,-0.03470596671104431
34,27,1000,4,3.44,3,-0.03470400008186698
34,28,1000,4,5.4,6,-0.03470214756578207
34,29,1000,3,4.39,3,-0.03470189644396305
34,30,1000,6,8.04,3,-0.034702463157474994
34,31,1000,2,3.34,3,-0.034701653942465785
34,32,1000,3,6.95,4,-0.03470282681286335
34,33,1000,3,4.62,6,-0.03470298781991005
34,34,1000,2,2.77,2,-0.03470284605771303
34,35,1000,1,2.64,2,-0.0347024704143405
34,36,1000,1,2.72,3,-0.03470338124409318
34,37,1000,1,2.92,7,-0.034703649539500475
34,38,1000,4,9.45,3,-0.03470460933074355
34,39,1000,3,4.45,3,-0.03470279860496521
34,40,1000,6,6.11,3,-0.0346999011002481
34,41,1000,6,4.16,2,-0.03470095837488771
34,42,1000,4,3.8,1,-0.03470353934913874
34,43,1000,2,4.42,4,-0.034710934150964025
34,44,1000,1,2.59,1,-0.03471166267991066
34,45,1000,3,3.39,3,-0.03470373411476612
34,46,1000,3,3.3,2,-0.034704520750790835
34,47,1000,3,3.32,2,-0.03470466829091311
34,48,1000,3,2.93,2,-0.03470551155507565
34,49,1000,2,2.66,1,-0.03470955789089203
35,1,1000,3,4.06,3,-0.08998014669120312
35,2,1000,3,3.72,2,-0.08998040629923344
35,3,1000,3,3.21,2,-0.08998048724979162
35,4,1000,3,4.42,3,-0.08998085557669401
35,5,1000,2,2.89,4,-0.08998092541098594
35,6,1000,1,2.63,2,-0.08998080223798752
35,7,1000,1,2.64,3,-0.08998110296577215
35,8,1000,2,3.11,2,-0.08998091397434473
35,9,1000,2,2.89,4,-0.08998046531528235
35,10,1000,2,3.13,6,-0.08998058288544417
35,11,1000,2,3.12,4,-0.0899808592274785
35,12,1000,2,3.13,2,-0.08998085956275463
35,13,1000,2,3.51,4,-0.0899808193296194
35,14,1000,2,3.05,2,-0.0899807669594884
35,15,1000,2,3.0,2,-0.08998056302219629
35,16,1000,1,2.7,4,-0.08998001350462437
35,17,1000,1,2.66,2,-0.08997970086336136
35,18,1000,1,2.79,6,-0.0899791067391634
35,19,1000,1,2.74,5,-0.08997943992167712
35,20,1000,2,3.97,5,-0.08997920099645854
35,21,1000,2,3.49,5,-0.08997853148728609
35,22,1000,3,2.97,3,-0.08997734323143959
35,23,1000,2,2.87,2,-0.08997717617452144
35,24,1000,1,2.61,2,-0.08997576633095741
36,1,1000,3,3.91,3,-0.05512575807049871
36,2,1000,3,3.65,2,-0.05512566531822086
36,3,1000,3,3.14,2,-0.055125928446650506
36,4,1000,3,2.96,2,-0.05512561013177037
36,5,1000,3,3.13,2,-0.05512510368600488
36,6,1000,3,2.97,1,-0.05512396703287959
36,7,1000,3,2.69,1,-0.05512389063462615
36,8,1000,2,3.29,4,-0.05512427545711398
36,9,1000,2,3.88,3,-0.05512444635853171
36,10,202,5,10.0,3,-0.05512404255568981
36,11,1000,4,6.43,3,-0.05512365792691708
36,12,1000,3,3.58,2,-0.055122763153165576
36,13,1000,3,4.37,3,-0.05512275643646717
36,14,1000,1,2.59,3,-0.05512280137091875
36,15,1000,2,4.09,3,-0.055122481778264044
36,16,1000,2,3.41,4,-0.05512262158840895
36,17,1000,2,2.95,3,-0.055122255597263574
36,18,1000,5,4.41,2,-0.05512123898789287
36,19,209,5,10.02,3,-0.05512082881548188
36,20,1000,3,3.51,2,-0.055120448727160695
36,21,202,4,10.0,4,-0.05512004668390987
36,22,215,5,10.03,3,-0.05511990244998488
36,23,1000,4,3.56,3,-0.055120918374508616
36,24,1000,3,3.45,3,-0.055120983462780715
36,25,1000,3,2.95,1,-0.05512100285664201
36,26,1000,2,2.6,1,-0.0551225725710392
36,27,1000,3,4.0,4,-0.055123182583600286
36,28,1000,3,4.24,3,-0.05512339277938008
36,29,690,6,10.0,3,-0.0551231415429409
36,30,585,5,10.0,3,-0.055123962614780815
36,31,1000,1,2.61,2,-0.0551243631541729
36,32,1000,1,2.65,3,-0.055123922407627104
36,33,1000,5,8.93,9,-0.055122178621590134
36,34,1000,3,4.53,3,-0.055120961390435694
36,35,1000,3,4.48,3,-0.05511982621625066
36,36,1000,3,2.98,1,-0.055118777479976414
36,37,1000,3,2.72,1,-0.05511796948313713
36,38,1000,5,4.06,3,-0.055117816504091026
36,39,1000,2,3.22,7,-0.05511708056926727
36,40,1000,1,2.71,4,-0.05511858392506838
36,41,1000,2,2.75,1,-0.055118277683854106
36,42,1000,2,3.38,5,-0.05511935211345553
36,43,1000,2,3.76,5,-0.055116657622158526
36,44,1000,2,3.06,6,-0.055116225589066745
36,45,1000,2,2.69,2,-0.05511566677689552
36,46,1000,3,3.93,5,-0.055115227457135915
36,47,1000,2,3.16,2,-0.0551152452044189
36,48,1000,3,3.05,1,-0.05511574448645115
36,49,1000,3,2.78,2,-0.05511529613658786
36,50,1000,3,3.38,5,-0.0551144586764276
36,51,1000,2,2.8,3,-0.05511181312426925
36,52,1000,3,3.35,1,-0.05511591737344861
36,53,1000,1,2.55,2,-0.05511570793390274
36,54,1000,4,4.27,4,-0.055111258137971166
36,55,1000,4,3.99,4,-0.055114387370646
36,56,1000,3,4.03,5,-0.05510880272835493
36,57,1000,2,2.57,1,-0.0551137700676918
36,58,1000,0,2.47,0,-0.0551120899617672
37,1,1000,3,3.93,3,-0.07819671233743429
37,2,1000,3,3.58,3,-0.07819734255224467
37,3,1000,3,4.27,3,-0.07819787546247244
37,4,1000,5,7.78,2,-0.07819899421930313
37,5,466,5,10.0,2,-0.07819851094561073
37,6,1000,2,3.24,4,-0.07819750198721885
37,7,1000,4,5.85,3,-0.07819706836342812
37,8,1000,4,4.24,1,-0.07819575937092305
37,9,1000,2,3.24,4,-0.07819510155916214
37,10,1000,3,2.86,1,-0.07819525594264269
37,11,1000,3,2.87,1,-0.07819620359688997
37,12,1000,3,5.49,2,-0.07819749212265015
37,13,1000,3,3.71,3,-0.07819846443831921
37,14,1000,3,3.11,1,-0.07819842579960823
37,15,1000,5,6.09,3,-0.07819822964817286
37,16,1000,2,3.45,5,-0.0781978408843279
37,17,1000,2,3.51,5,-0.07819765619933605
37,18,1000,2,3.42,4,-0.07819663449376822
37,19,1000,2,3.04,4,-0.0781968277990818
37,20,1000,1,2.75,6,-0.0781959637850523
37,21,1000,3,6.31,5,-0.07819598041474819
37,22,227,4,10.04,6,-0.07819608464377567
37,23,218,4,10.03,4,-0.07819627526156399
37,24,1000,3,5.92,4,-0.07819594861567021
37,25,1000,4,5.1,3,-0.07819572667777538
37,26,1000,3,4.4,2,-0.07819543909281493
37,27,1000,2,2.64,1,-0.07819539915770292
37,28,1000,3,3.65,2,-0.07819539149105549
37,29,1000,3,3.62,4,-0.07819496800005436
37,30,1000,3,3.03,2,-0.07819460941106081
37,31,1000,2,2.64,1,-0.0781947810202837
38,1,1000,3,3.91,3,-0.1362949248254299
38,2,1000,3,4.22,3,-0.1362944178879261
38,3,1000,4,4.64,3,-0.13629344728589057
38,4,1000,4,6.26,4,-0.13629232849180697
38,5,949,5,10.0,3,-0.13629276274818264
38,6,1000,4,5.31,3,-0.13629234144091606
38,7,1000,4,4.21,3,-0.13629189299046993
38,8,1000,4,6.16,2,-0.13629177260398864
38,9,1000,3,9.3,6,-0.13629127667844296
38,10,986,3,10.0,6,-0.13629143851342598
38,11,1000,3,7.72,3,-0.1362917718887329
38,12,1000,4,3.36,1,-0.1362913734614849
38,13,1000,3,5.01,2,-0.13629191559553147
38,14,1000,4,6.06,5,-0.13629122737050056
38,15,1000,4,6.61,5,-0.1362913409024477
38,16,1000,1,2.57,3,-0.13629044604301452
39,1,1000,3,3.99,3,0.031815430212765936
39,2,1000,3,3.82,3,0.03181446561962366
39,3,1000,4,4.27,3,0.03181364319473505
39,4,1000,3,3.8,3,0.03181361114606261
39,5,1000,3,2.73,1,0.03181386935338378
39,6,1000,2,2.7,2,0.03181366249918938
39,7,1000,3,3.24,2,0.031812901258468626
39,8,1000,3,3.32,3,0.03181206135079265
39,9,1000,1,2.58,3,0.0318123774304986
39,10,1000,2,3.06,3,0.03181164399906993
39,11,1000,4,9.68,3,0.03181056811660528
39,12,1000,5,4.41,1,0.03181034684553742
39,13,1000,5,3.36,1,0.03181004263088107
39,14,1000,5,6.08,5,0.031810255225747826
39,15,1000,2,3.22,2,0.03180964299663901
39,16,1000,3,3.01,1,0.031808868456631896
39,17,1000,2,3.22,4,0.031809099569916725
39,18,1000,2,3.18,3,0.03180810275301337
39,19,1000,2,2.65,3,0.03180714513733983
40,1,1000,3,3.95,3,-0.029270874973386526
40,2,1000,3,3.59,3,-0.02927083340473473
40,3,1000,3,3.48,3,-0.029270570361986756
40,4,1000,4,3.38,3,-0.029270020429044964
40,5,1000,4,3.39,3,-0.02926959314197302
40,6,1000,3,3.16,2,-0.0292692759539932
40,7,1000,3,3.44,3,-0.029268973246216773
40,8,1000,3,7.32,2,-0.0292689426895231
40,9,428,5,10.04,2,-0.02926894806969528
40,10,1000,3,5.71,14,-0.02926880180463195
40,11,1000,2,4.69,12,-0.029269004387781024
40,12,1000,2,4.98,13,-0.029268990863114595
40,13,1000,4,6.91,12,-0.029269385278224945
40,14,187,4,10.02,5,-0.029269233345985413
40,15,1000,4,4.12,3,-0.029269107028841973
40,16,264,5,10.04,3,-0.02926855328295267
40,17,1000,3,7.1,3,-0.02926758374273777
40,18,1000,3,3.97,1,-0.029268109899014235
40,19,282,5,10.04,4,-0.029268488320951344
40,20,225,4,10.01,9,-0.029267664096421665
40,21,241,6,10.02,3,-0.029268267004136227
40,22,217,5,10.03,3,-0.029268191157398135
40,23,214,5,10.0,8,-0.029267503079201018
40,24,217,5,10.01,3,-0.029267123484048425
40,25,193,3,10.03,3,-0.029268276602647466
40,26,248,4,10.05,3,-0.0292684760154976
40,27,217,5,10.02,1,-0.02926966078442088
40,28,221,4,10.02,7,-0.029269669896067538
40,29,344,4,10.0,5,-0.0292696752693764
40,30,211,4,10.04,6,-0.0292689766452352
40,31,212,4,10.05,2,-0.02926841095300778
40,32,228,5,10.05,3,-0.029268161998244755
40,33,232,5,10.04,3,-0.029267829722435825
40,34,235,5,10.03,3,-0.029267875390483977
40,35,199,4,10.01,6,-0.02926853851382457
40,36,199,4,10.02,4,-0.029268527281793518
40,37,230,5,10.05,3,-0.029269099016876323
40,38,230,4,10.0,10,-0.029269534276555414
40,39,228,5,10.03,3,-0.02926958735476722
40,40,228,4,10.01,3,-0.029269482384909663
40,41,220,4,10.04,8,-0.029269862750714474
40,42,226,5,10.01,5,-0.029270190671415983
40,43,216,5,10.03,3,-0.029270146680236968
40,44,300,4,10.0,8,-0.029270556177943944
40,45,1000,4,4.85,9,-0.029270521661266685
41,1,1000,3,3.99,3,0.07359854677319527
41,2,1000,3,3.63,3,0.073596893183887
41,3,1000,2,2.83,2,0.07359493148326873
41,4,1000,3,3.75,2,0.07359425660222768
41,5,1000,3,2.65,1,0.07359439127147198
41,6,1000,2,2.64,1,0.07359360557794571
41,7,1000,3,3.76,4,0.07359341602027417
41,8,1000,3,3.56,1,0.07359274518489838
41,9,1000,3,3.33,1,0.07359254574775696
41,10,1000,2,2.76,1,0.0735918884947896
41,11,1000,3,4.1,1,0.07359058758616448
41,12,1000,4,6.14,8,0.07358902122825384
41,13,1000,3,5.87,11,0.07358960025757551
41,14,1000,3,3.18,1,0.07358937669545412
41,15,1000,3,4.08,1,0.07359012369066477
41,16,1000,1,2.71,5,0.07358815009146928
41,17,1000,2,3.63,3,0.07358840837329626
41,18,1000,2,3.84,3,0.07358932773023844
41,19,1000,2,3.9,5,0.07358911762386561
41,20,1000,4,8.82,3,0.07358900066465139
41,21,1000,4,6.22,5,0.07358864369243383
41,22,1000,4,3.14,1,0.07358816903829575
41,23,1000,3,3.02,2,0.07358638348430395
41,24,1000,3,3.16,2,0.07358515127003193
41,25,1000,2,2.7,2,0.07358585216850043
41,26,1000,3,2.89,2,0.07358649118989706
41,27,1000,2,2.82,5,0.07358528445661068
41,28,287,5,10.0,4,0.07358498860942363
41,29,1000,3,3.04,1,0.07358335174620151
41,30,1000,2,2.86,3,0.07358178459852933
41,31,1000,3,5.32,5,0.07358126276731491
41,32,1000,2,3.26,4,0.07358248475939036
41,33,1000,2,3.2,2,0.07358267572522163
41,34,1000,1,2.68,4,0.07358004780113697
41,35,1000,2,2.66,2,0.07357825934141875
42,1,1000,3,4.01,3,-0.04362728486582637
42,2,1000,3,3.29,3,-0.04362785214558244
42,3,1000,3,3.4,2,-0.0436273317374289
42,4,1000,3,5.25,3,-0.043627197116613385
42,5,1000,2,2.85,3,-0.04362742362543941
42,6,1000,2,2.71,2,-0.04362755035236478
42,7,1000,2,2.54,1,-0.0436277679502964
42,8,1000,2,2.63,1,-0.04362764260172844
42,9,1000,2,2.98,5,-0.04362792151421308
42,10,1000,1,2.6,3,-0.043627180464565755
42,11,1000,2,3.59,5,-0.043627521235495806
42,12,1000,2,3.49,4,-0.04362899196147919
42,13,1000,2,3.23,3,-0.04362843561172485
42,14,1000,4,9.18,3,-0.0436287002004683
42,15,1000,2,2.71,2,-0.04362872303277254
42,16,1000,1,2.59,3,-0.043628025967627763
42,17,1000,2,3.86,4,-0.04362835714966059
42,18,1000,2,3.1,3,-0.04362810128554702
42,19,1000,3,3.25,3,-0.043628010608255864
42,20,1000,1,2.63,4,-0.04362788589298725
42,21,1000,1,2.53,2,-0.04362797366827726
42,22,1000,1,2.56,3,-0.04362933459877968
42,23,1000,1,2.58,3,-0.04363049513101578
42,24,1000,1,2.56,3,-0.04363035689666867
42,25,1000,2,2.96,3,-0.04363040466606617
42,26,1000,3,8.49,5,-0.04363166042789817
42,27,1000,3,5.64,4,-0.04363132109865546
42,28,227,5,10.05,3,-0.04363259942258507
42,29,1000,5,6.25,1,-0.04363402904197573
42,30,1000,4,6.69,1,-0.04363299562036991
42,31,1000,4,9.04,1,-0.04363238922134042
42,32,1000,4,6.74,1,-0.04363269730657339
42,33,1000,3,8.6,13,-0.043634427774697546
42,34,1000,2,3.01,3,-0.04363536911085248
42,35,1000,2,3.9,3,-0.04363786385580897
42,36,340,3,10.04,8,-0.04363621995948693
42,37,1000,2,4.11,10,-0.04363563948124647
42,38,1000,2,8.83,9,-0.04363569085672498
42,39,192,4,10.01,3,-0.04363680281676352
42,40,1000,3,3.94,1,-0.04363548642769456
42,41,1000,5,5.58,1,-0.04363425072282553
42,42,206,6,10.0,1,-0.043637122958898544
42,43,1000,5,6.64,1,-0.043635354090482
42,44,1000,3,5.41,2,-0.04363786542415619
42,45,1000,3,3.66,3,-0.043639440458267925
42,46,1000,3,4.06,7,-0.04364349014684558
42,47,1000,2,4.48,4,-0.04364257284626365
42,48,1000,2,3.11,2,-0.04364182893931866
42,49,220,3,10.05,7,-0.04364053165032105
42,50,1000,3,3.14,2,-0.043640346508473156
42,51,1000,2,2.71,4,-0.043639329321682456
42,52,1000,1,2.58,3,-0.04364017064124346
42,53,1000,2,2.89,3,-0.043642203241586686
42,54,1000,2,2.6,1,-0.043641076572239396
42,55,1000,5,9.16,3,-0.04364056817814708
42,56,1000,4,8.12,6,-0.043640198163688186
42,57,1000,2,2.53,1,-0.043634429574012756
42,58,1000,2,2.59,1,-0.04363345354795456
42,59,1000,2,2.57,1,-0.043632082641124725
43,1,1000,3,4.07,3,0.004291559251025319
43,2,1000,3,3.03,2,0.00429165118560195
43,3,1000,3,3.39,2,0.004291822364553809
43,4,1000,3,3.44,2,0.004291880447417498
43,5,1000,2,2.79,2,0.004291799750179052
43,6,1000,2,3.17,2,0.004291457314044237
43,7,1000,2,3.03,2,0.0042919158432632686
43,8,1000,2,2.93,2,0.00429150415211916
43,9,1000,3,4.92,3,0.004291590539738536
43,10,1000,3,4.18,3,0.004291964426636696
43,11,1000,3,3.12,2,0.004291685789823532
43,12,1000,3,3.9,4,0.004290914623066783
43,13,1000,3,3.61,2,0.004291213344782591
43,14,1000,2,2.73,2,0.004291516374796629
44,1,1000,3,3.95,3,-0.07975141567736864
44,2,1000,3,4.42,3,-0.07975122363120317
44,3,1000,3,5.14,5,-0.0797511188313365
44,4,1000,3,3.53,1,-0.07975049359351397
44,5,1000,3,3.54,1,-0.0797501288279891
44,6,1000,4,4.1,1,-0.0797499428987503
44,7,1000,4,4.76,1,-0.07974958096444607
44,8,1000,4,5.34,1,-0.07974824945628643
44,9,1000,2,3.77,5,-0.07974775173515082
44,10,1000,3,4.64,4,-0.0797490182518959
44,11,1000,2,3.25,3,-0.0797501628100872
44,12,1000,2,3.41,3,-0.07975085666030646
44,13,1000,2,2.9,3,-0.07975131518393755
44,14,1000,2,2.82,3,-0.07975107073038816
44,15,1000,3,3.98,4,-0.07975090646743774
44,16,1000,3,3.69,3,-0.07975084538757801
44,17,1000,3,2.89,2,-0.07975071527808905
44,18,1000,1,2.6,3,-0.07975091807544231
44,19,1000,1,2.56,3,-0.07975171792507171
44,20,1000,1,2.56,3,-0.07975109247118235
44,21,1000,4,3.56,4,-0.07975204642117023
44,22,1000,2,3.4,3,-0.07975219909846783
44,23,1000,1,2.57,2,-0.07975343553721904
44,24,1000,1,2.63,4,-0.07975310489535331
44,25,1000,3,4.77,3,-0.07975256928801537
44,26,1000,1,2.59,3,-0.07975278352200985
44,27,1000,1,2.6,4,-0.0797527701035142
44,28,1000,1,2.6,4,-0.07975363273918629
44,29,1000,1,2.57,3,-0.07975455778092146
45,1,1000,3,4.13,3,0.014799591895192862
45,2,1000,3,4.28,3,0.014800055537372828
45,3,1000,4,6.13,4,0.014800137939862908
45,4,1000,4,6.17,4,0.014799974424764514
45,5,1000,5,9.56,4,0.014799836374819278
45,6,1000,4,4.6,3,0.014799590265378356
45,7,1000,3,6.21,4,0.014799321707338095
45,8,1000,3,5.56,7,0.014799258299171924
45,9,1000,4,6.42,6,0.014799962033517659
45,10,1000,4,6.54,3,0.014799555411562323
45,11,1000,2,3.63,5,0.014798788817599415
45,12,1000,2,3.2,3,0.014797932898625731
45,13,1000,3,5.65,4,0.014797639792785049
45,14,1000,3,4.46,5,0.014797774977982044
45,15,1000,3,3.63,3,0.014798096019774675
45,16,1000,2,2.65,1,0.014797185391187668
45,17,1000,2,2.88,3,0.014796765655279159
45,18,1000,1,2.73,3,0.014797093058004975
45,19,1000,1,2.56,1,0.014795330353081226
46,1,1000,3,3.98,3,0.0846172429099679
46,2,1000,3,3.02,2,0.0846164832264185
46,3,1000,3,2.88,1,0.08461532340943813
46,4,1000,2,3.05,3,0.08461411976069212
46,5,1000,2,3.17,3,0.08461326706409454
46,6,1000,3,4.63,4,0.08461253292113542
46,7,1000,2,2.8,2,0.08461157934367657
46,8,1000,3,3.81,2,0.08461127603054047
46,9,1000,3,3.41,3,0.08461043477803469
46,10,1000,2,2.75,3,0.0846096916794777
46,11,1000,2,2.7,3,0.08460908686369657
46,12,1000,2,4.82,7,0.08460774452239275
46,13,1000,2,4.45,7,0.08460827647149563
46,14,1000,3,3.03,1,0.08460871367156506
46,15,1000,4,5.63,3,0.08460771400481462
46,16,1000,5,4.61,1,0.08460692101716995
46,17,1000,3,4.11,5,0.08460524336248636
46,18,1000,2,3.43,6,0.08460404014587403
46,19,1000,2,3.07,4,0.08460249767452478
46,20,1000,4,4.76,4,0.08460439693927765
46,21,1000,3,4.53,4,0.08460345581173896
46,22,1000,4,5.1,2,0.08460221371799707
46,23,1000,4,6.49,2,0.08460096832364798
46,24,1000,4,7.13,6,0.0846009086072445
46,25,1000,4,4.6,3,0.08459845042228699
46,26,1000,2,2.95,3,0.08459735175222158
46,27,230,4,10.01,8,0.08459697663784027
46,28,1000,3,5.22,3,0.08459726359695197
46,29,1000,3,6.07,4,0.08459917911887169
46,30,232,6,10.01,3,0.08460076121163779
46,31,488,7,10.03,2,0.08460119636882035
46,32,1000,1,2.88,8,0.08459956319630146
46,33,1000,2,3.55,4,0.08459655698388815
46,34,1000,2,4.23,11,0.08459605599939823
46,35,1000,1,3.1,13,0.08459373053908348
46,36,1000,3,3.68,4,0.0845930428802967
46,37,202,4,10.05,3,0.08459559901811109
46,38,1000,5,5.43,2,0.08459503952413798
46,39,1000,3,3.65,2,0.08459542321413756
46,40,1000,2,2.8,3,0.08459521002322436
46,41,1000,2,2.73,3,0.0845945897474885
46,42,1000,2,3.54,4,0.08459624236822129
46,43,1000,1,2.62,2,0.08459579486399889
46,44,1000,2,3.15,4,0.08459350287914276
46,45,1000,3,4.44,2,0.08459238950163125
46,46,1000,3,3.78,2,0.08459162551909685
46,47,1000,2,2.88,2,0.08459094180911779
46,48,1000,0,2.46,0,0.08459071069955826
47,1,1000,3,3.97,3,-0.13208222758769989
47,2,1000,3,2.91,2,-0.13208211597800254
47,3,1000,3,4.16,2,-0.13208198563754558
47,4,1000,4,4.39,3,-0.13208218878507613
47,5,1000,3,4.22,2,-0.13208235557377337
47,6,1000,4,3.2,2,-0.1320822943598032
47,7,1000,2,2.5,1,-0.13208238780498505
47,8,1000,1,2.56,3,-0.13208234965801238
47,9,1000,1,2.6,3,-0.13208219140768052
47,10,1000,3,7.43,6,-0.132082770511508
47,11,1000,2,3.54,3,-0.13208268976211548
47,12,1000,3,3.4,3,-0.1320826597213745
47,13,1000,4,4.11,3,-0.132083160340786
47,14,1000,4,4.53,3,-0.13208342283964158
47,15,1000,4,3.85,3,-0.13208369547128676
47,16,1000,4,9.98,5,-0.13208405500650405
47,17,806,5,10.0,4,-0.13208384630697834
47,18,1000,1,2.57,3,-0.13208378933370113
47,19,1000,1,2.66,5,-0.1320839455574751
47,20,1000,3,3.89,2,-0.13208411391079425
47,21,1000,3,4.25,4,-0.13208406937122344
47,22,1000,4,3.58,2,-0.1320843658298254
47,23,1000,1,2.53,2,-0.13208431786298752
47,24,1000,1,2.68,5,-0.1320847919434309
47,25,1000,3,3.18,1,-0.132085533156991
47,26,1000,3,3.48,2,-0.1320855871886015
48,1,1000,3,3.97,3,0.0429088083691895
48,2,1000,3,3.76,3,0.042909085154533386
48,3,1000,3,3.82,3,0.042909363713115455
48,4,1000,3,3.31,3,0.04291011532023549
48,5,1000,3,2.68,1,0.04291067184507847
48,6,1000,2,2.96,5,0.04291109425574541
48,7,1000,5,9.08,2,0.04291132193431258
48,8,1000,5,7.46,7,0.042912027392536405
48,9,1000,3,3.6,2,0.04291263571754098
48,10,1000,6,4.06,2,0.0429140311293304
48,11,1000,3,4.21,2,0.04291485144197941
48,12,1000,4,7.0,6,0.04291405996307731
48,13,212,5,10.05,3,0.042914706352606136
48,14,1000,4,8.01,1,0.042914629641920325
48,15,1000,3,4.16,3,0.04291293186321855
48,16,1000,3,3.1,1,0.04291315065696835
48,17,1000,1,2.54,2,0.04291503921896219
48,18,1000,2,4.32,7,0.04291467119753361
48,19,1000,3,4.6,1,0.042916033137589696
48,20,200,5,10.04,3,0.042916649170219895
48,21,198,6,10.03,3,0.04291656656623489
48,22,1000,4,3.43,1,0.04291587888821959
48,23,1000,4,3.31,1,0.04291420265287161
48,24,1000,4,4.11,1,0.042915450435131786
48,25,1000,2,2.66,1,0.042916544478386644
48,26,1000,2,2.81,3,0.04291994198039174
48,27,1000,2,3.01,5,0.042919128138571974
48,28,1000,3,3.52,4,0.04291969368606806
48,29,1000,3,2.66,1,0.04292065764591098
48,30,1000,2,2.7,1,0.042920005708932875
48,31,1000,3,2.77,2,0.0429210264235735
48,32,1000,3,3.0,2,0.042921333044767376
48,33,1000,3,2.7,2,0.04292147932574153
49,1,1000,3,4.05,3,-0.00028083161637187004
49,2,1000,3,2.99,2,-0.0002800186388194561
49,3,1000,2,2.75,1,-0.0002794037666171789
49,4,1000,3,2.92,1,-0.00027976657450199126
49,5,1000,3,3.64,1,-0.00027966751530766486
49,6,1000,2,2.97,1,-0.0002790031973272562
49,7,1000,2,3.25,3,-0.00027889334410429
49,8,1000,3,3.46,2,-0.00027840434573590757
49,9,1000,2,3.55,5,-0.0002782246209681034
49,10,1000,5,3.97,3,-0.00027719059959053995
49,11,208,5,10.02,6,-0.00027670250095140474
49,12,480,5,10.0,3,-0.0002762079743357996
49,13,1000,5,5.54,1,-0.00027557094395160676
49,14,1000,2,2.86,3,-0.00027588194608688354
49,15,1000,3,6.88,5,-0.0002768166977912188
49,16,1000,2,3.63,4,-0.00027686736173927783
49,17,1000,3,3.5,4,-0.00027612221427261827
49,18,1000,1,2.58,3,-0.00027558306604623796
49,19,1000,2,2.95,1,-0.00027510104514658453
49,20,1000,3,3.33,3,-0.0002752147987484932
49,21,1000,3,7.25,3,-0.0002750185634940863
49,22,1000,3,4.88,3,-0.0002761936541646719
49,23,1000,3,3.59,4,-0.0002750828582793474
49,24,1000,2,3.02,5,-0.000274687048047781
49,25,1000,1,2.62,4,-0.00027406460791826247
49,26,1000,1,2.61,3,-0.0002745853029191494
49,27,1000,1,2.6,3,-0.000275029256939888
49,28,1000,3,3.55,3,-0.00027475690096616747
49,29,1000,3,4.25,3,-0.00027413582429289816
49,30,1000,2,2.7,2,-0.00027398475632071494
49,31,1000,3,3.79,4,-0.0002731744814664125
49,32,1000,2,3.26,4,-0.00027261483855545523
49,33,1000,2,2.64,1,-0.0002714931517839432
50,1,1000,3,4.11,3,-0.0520799151994288
50,2,1000,3,4.19,3,-0.05208067094907164
50,3,1000,3,5.85,5,-0.05208068427816033
50,4,1000,3,8.47,5,-0.05208078182861209
50,5,1000,4,8.69,4,-0.05208153383806348
50,6,1000,3,5.45,3,-0.052082201704382894
50,7,951,3,10.0,4,-0.05208225853419956
50,8,1000,3,6.49,9,-0.052082464940845966
50,9,1000,2,3.54,3,-0.05208236901834607
50,10,1000,1,2.72,5,-0.05208288387954235
50,11,1000,1,2.56,2,-0.052082912717014554
51,1,1000,3,3.97,3,0.0152513936329633
51,2,1000,3,3.45,3,0.015250658333301545
51,3,1000,3,3.32,2,0.01525023786071688
51,4,1000,3,3.19,2,0.015250056160613895
51,5,1000,3,3.13,2,0.015250097174197435
51,6,1000,3,4.61,6,0.01525064142793417
51,7,1000,3,3.14,2,0.015251124046742916
51,8,1000,3,2.76,1,0.015251657586544752
51,9,1000,2,2.75,3,0.01525140155851841
51,10,1000,2,2.77,3,0.015252405844628811
51,11,1000,3,3.16,2,0.015252199970185757
51,12,1000,3,3.24,2,0.015252564186230302
51,13,1000,3,3.18,2,0.015253198279067874
51,14,1000,2,2.76,3,0.015253294199705125
51,15,1000,3,3.59,3,0.015253747440874576
51,16,1000,3,8.04,15,0.015254548961296677
51,17,1000,4,5.12,3,0.015254987871274352
51,18,1000,3,3.55,3,0.015254885209724307
51,19,1000,3,2.79,1,0.015254637133330107
51,20,1000,3,2.8,1,0.015255097471177578
51,21,1000,2,2.71,3,0.015254470672458411
51,22,1000,2,3.0,5,0.015252434380352497
51,23,1000,3,4.68,6,0.01525372052192688
51,24,1000,3,4.24,2,0.015254948923364282
51,25,1000,3,4.21,2,0.015255559535697103
51,26,1000,3,3.19,2,0.015255606753751635
51,27,248,5,10.06,3,0.015257821557292293
51,28,1000,5,6.86,7,0.015258716508746148
51,29,1000,5,4.05,1,0.015258903475478291
51,30,233,5,10.0,6,0.015259138108610851
51,31,1000,4,8.46,2,0.015258396439254284
51,32,1000,4,7.91,2,0.015258161458186805
51,33,198,4,10.04,16,0.01525778549657476
51,34,192,5,10.03,1,0.01525822932793138
51,35,1000,4,4.1,2,0.015258695743978024
51,36,174,4,10.06,3,0.01525917683524647
51,37,156,3,10.04,3,0.015259796096823918
51,38,193,4,10.02,3,0.015260055709456533
51,39,203,4,10.05,3,0.015259952224754347
51,40,196,4,10.02,3,0.015260375437459775
51,41,191,4,10.03,2,0.01526078283396691
51,42,187,3,10.01,5,0.015260923942700427
51,43,280,4,10.02,5,0.015261358814314008
51,44,1000,3,6.82,3,0.015262537662871181
51,45,1000,2,3.39,3,0.015262190770357847
51,46,1000,1,2.64,3,0.01526242727227509
51,47,1000,1,2.74,6,0.015263098057359457
52,1,1000,3,4.02,3,0.09290145806968213
52,2,1000,3,3.14,2,0.09290170011669398
52,3,1000,3,4.02,3,0.09290172360837459
52,4,1000,2,3.08,3,0.09290145616233349
52,5,1000,4,3.86,3,0.09290166683495045
52,6,1000,3,3.57,3,0.09290176881104707
52,7,1000,3,4.44,2,0.0929017788991332
52,8,1000,3,4.5,3,0.09290204281359911
52,9,1000,3,3.31,1,0.09290261889994145
52,10,1000,3,3.3,1,0.09290264210850001
52,11,1000,3,3.31,1,0.09290258295089006
52,12,1000,3,3.99,1,0.09290204136073589
52,13,1000,3,4.08,1,0.09290209028869867
52,14,1000,3,4.85,1,0.09290244610607624
52,15,1000,2,4.97,3,0.092902646869421
52,16,1000,2,5.27,3,0.09290297580510377
52,17,1000,2,4.76,11,0.09290306708961725
52,18,1000,2,5.16,13,0.0929031829982996
52,19,1000,5,7.22,13,0.0929032300412655
52,20,246,6,10.01,3,0.09290323391314445
52,21,227,5,10.03,11,0.09290342200301292
52,22,237,5,10.05,4,0.09290292815065584
52,23,1000,5,7.58,9,0.09290356354415416
52,24,1000,5,6.48,2,0.09290333501249552
52,25,1000,5,6.96,3,0.09290345475077628
52,26,240,4,10.01,5,0.0929037302111586
52,27,215,4,10.02,5,0.0929040627424107
52,28,336,5,10.05,5,0.09290401692990036
52,29,1000,4,8.95,6,0.09290379430353642
52,30,1000,3,5.83,9,0.09290393040329217
52,31,1000,3,5.05,7,0.09290448552370072
52,32,1000,3,5.44,8,0.09290452654659748
52,33,1000,3,4.34,6,0.09290486101061106
52,34,1000,3,3.36,3,0.09290472272783518
52,35,1000,3,4.66,2,0.0929044199436903
52,36,1000,2,3.55,10,0.09290489322692155
52,37,1000,2,2.93,4,0.0929051532447338
52,38,1000,2,3.64,11,0.09290490018576383
52,39,1000,3,3.03,2,0.09290495824813842
52,40,312,6,10.0,3,0.0929045991685528
52,41,1000,5,4.36,2,0.09290513087064028
52,42,1000,2,3.0,5,0.09290513813495636
52,43,1000,3,3.08,5,0.09290537507086992
52,44,1000,3,7.84,8,0.09290552324801683
52,45,1000,3,4.68,6,0.09290571101009845
52,46,1000,3,3.58,3,0.09290630605071783
52,47,1000,3,5.22,5,0.09290644993633032
52,48,1000,4,4.46,3,0.09290655196458102
52,49,1000,2,3.29,5,0.09290726882964373
52,50,1000,2,3.13,2,0.09290778946876525
52,51,1000,2,3.26,3,0.09290712882578372
52,52,1000,3,3.53,3,0.09290648434311151
52,53,1000,3,3.44,3,0.09290728759020567
52,54,1000,3,3.95,4,0.09290801079571247
52,55,1000,2,3.07,3,0.09290823336690664
52,56,1000,2,3.48,3,0.09290832044929266
52,57,1000,2,2.54,1,0.09290854632854462
52,58,1000,2,2.62,2,0.09290869930386543
52,59,1000,2,2.62,2,0.09290929049253464
53,1,1000,3,4.01,3,-0.11381441248953342
53,2,1000,3,3.8,3,-0.11381470581144094
53,3,1000,3,4.45,3,-0.11381518676131963
53,4,1000,3,4.47,3,-0.11381549924612046
53,5,1000,3,4.55,3,-0.11381612022221088
53,6,1000,3,4.64,3,-0.11381682911515235
53,7,1000,3,3.2,1,-0.1138176540210843
53,8,1000,3,3.19,1,-0.11381754953414201
53,9,1000,4,3.47,1,-0.1138178948238492
53,10,1000,4,4.18,1,-0.11381887835264205
53,11,1000,4,4.72,1,-0.11381878261268139
53,12,1000,4,4.67,1,-0.11381886152178049
53,13,1000,4,4.52,1,-0.1138199689090252
53,14,1000,3,8.2,3,-0.11381954315304756
53,15,1000,3,4.07,3,-0.11381897123903036
53,16,1000,4,4.0,3,-0.1138191399499774
53,17,1000,3,5.32,4,-0.11381982097029686
53,18,1000,2,2.69,1,-0.11382106159627438
53,19,1000,2,2.73,1,-0.11382248255610466
53,20,1000,3,4.28,1,-0.11382140769809485
53,21,1000,3,6.73,5,-0.11382058429718017
53,22,1000,2,7.41,15,-0.11382027785480023
53,23,1000,4,8.98,3,-0.11381942737847567
53,24,1000,4,8.91,3,-0.11382026006281376
53,25,1000,4,8.9,3,-0.1138203753978014
53,26,306,4,10.0,3,-0.11382087273827565
53,27,208,4,10.03,3,-0.11382141763057846
53,28,1000,3,7.41,3,-0.11382146964222192
53,29,165,4,10.03,8,-0.11381944169600805
53,30,210,3,10.02,3,-0.11381839967909313
53,31,233,6,10.05,5,-0.11381736570417625
53,32,201,4,10.04,4,-0.11381724702926417
53,33,221,5,10.04,3,-0.11381739725219718
53,34,945,5,10.0,1,-0.11381752245798313
53,35,1000,5,5.06,3,-0.1138178613781929
53,36,1000,2,3.43,4,-0.11381880459189415
53,37,1000,3,4.18,3,-0.11381973341107368
53,38,222,5,10.05,3,-0.11381822102912911
53,39,177,4,10.02,3,-0.11381845773950135
53,40,217,4,10.0,2,-0.11381764445574052
53,41,218,4,10.03,4,-0.11381816043766267
53,42,1000,4,9.81,3,-0.11381772781163454
53,43,1000,4,7.67,1,-0.1138174657896161
53,44,180,4,10.01,1,-0.11381748579442501
53,45,218,6,10.03,3,-0.11381763879448996
53,46,1000,4,4.17,3,-0.11381751986593008
53,47,1000,2,2.96,3,-0.11381784196943044
53,48,1000,3,4.0,3,-0.11381786104291677
53,49,196,5,10.03,3,-0.11381893027193692
53,50,1000,3,5.07,5,-0.11381864216178655
53,51,1000,2,2.7,1,-0.11381876093149185
53,52,1000,0,2.45,0,-0.11381901055574417
54,1,1000,3,4.04,3,0.08600522171705961
54,2,1000,3,4.56,3,0.08600422497093678
54,3,1000,4,6.09,5,0.08600381153076887
54,4,1000,5,6.47,4,0.08600344090908765
54,5,1000,4,4.81,3,0.0860036735534668
54,6,1000,3,4.34,3,0.08600356800854206
54,7,1000,3,4.39,3,0.086003661647439
54,8,1000,3,4.62,3,0.08600424376875163
54,9,1000,3,4.53,3,0.08600416685640812
54,10,1000,3,4.11,3,0.0860041811093688
54,11,1000,3,3.12,3,0.08600445727258921
54,12,1000,3,3.14,3,0.08600493068993091
54,13,1000,3,5.3,5,0.08600500989705324
54,14,1000,3,5.61,3,0.08600488279759884
54,15,1000,3,5.6,3,0.08600529636442661
54,16,1000,3,4.66,3,0.0860060811266303
54,17,1000,3,5.21,2,0.08600556071102619
54,18,1000,3,3.02,2,0.08600691808015108
54,19,1000,3,2.82,1,0.0860067518427968
54,20,1000,3,2.79,1,0.0860073492154479
54,21,1000,4,4.23,1,0.08600712407380343
54,22,1000,4,4.3,1,0.0860066719353199
54,23,1000,4,4.07,1,0.08600656586885452
54,24,1000,4,4.06,1,0.08600633735954762
54,25,1000,4,4.11,1,0.08600675182044507
54,26,1000,4,4.09,1,0.08600677426159382
54,27,1000,4,4.09,1,0.08600710268318654
54,28,1000,4,4.06,1,0.08600873735547065
54,29,1000,4,4.14,1,0.08600835479795933
54,30,1000,4,6.21,1,0.0860084508061409
54,31,975,4,10.0,20,0.08600864830689553
54,32,1000,4,7.9,10,0.08600850334018469
54,33,189,5,10.03,3,0.08600846792339648
54,34,384,5,10.0,4,0.08600850948520626
54,35,271,6,10.0,3,0.08600871207199413
54,36,220,5,10.02,3,0.0860089223831892
54,37,188,5,10.03,3,0.08600912667176824
54,38,234,6,10.03,3,0.0860100996035796
54,39,246,6,10.05,3,0.08600997894517774
54,40,594,5,10.0,1,0.08601124164482159
54,41,1000,4,4.67,1,0.08601068258285523
54,42,1000,4,8.9,3,0.08601304234564304
54,43,1000,4,6.86,2,0.08601242686063051
54,44,1000,4,8.86,3,0.08601573201268911
54,45,1000,4,6.95,2,0.08601186099648475
54,46,202,4,10.01,14,0.08601219804570226
54,47,1000,3,3.18,1,0.08601349621266127
54,48,1000,3,6.28,1,0.08601435355842113
54,49,764,3,10.0,1,0.08601448868269695
54,50,1000,2,3.03,1,0.08601463516056537
54,51,1000,2,3.13,3,0.08601699817925691
54,52,1000,1,2.67,4,0.08601798193156719
54,53,1000,1,2.92,8,0.08601755337417126
54,54,1000,1,2.72,4,0.08601891270279885
54,55,1000,1,3.19,13,0.08601860754191876
54,56,1000,1,2.56,2,0.08601893388479948
54,57,1000,1,2.73,5,0.08601973986625672
54,58,1000,1,2.81,6,0.0860201915577054
54,59,1000,1,3.16,12,0.08602105470746756
54,60,1000,2,3.57,4,0.08602307822555304
54,61,1000,2,3.02,2,0.08602333530038596
54,62,1000,2,2.68,1,0.08602257861196995
54,63,1000,2,2.72,1,0.0860225545540452
54,64,1000,2,2.68,1,0.08602270372211933
54,65,1000,2,2.7,1,0.08602335751056671
54,66,1000,2,2.74,1,0.08602351524680853
54,67,1000,2,2.84,1,0.08602322462946177
54,68,1000,2,2.8,1,0.08602364261448384
54,69,1000,2,2.81,1,0.08602389668673277
54,70,1000,2,2.83,1,0.08602456770092248
54,71,1000,3,3.86,1,0.08602514847368002
54,72,1000,3,2.8,1,0.08602577371150255
54,73,1000,3,3.59,4,0.0860258069857955
54,74,1000,3,2.77,1,0.08602578692883253
54,75,1000,2,2.69,1,0.08602594844996929
54,76,1000,3,2.79,1,0.08602709533274173
54,77,1000,2,2.79,1,0.086028718970716
54,78,1000,3,3.13,1,0.08602892498672009
54,79,1000,3,2.86,1,0.08602902921289206
54,80,1000,3,2.9,1,0.08602912334352732
54,81,1000,3,4.03,1,0.08602816086262464
54,82,1000,2,2.75,1,0.08602983035892248
54,83,1000,2,2.73,1,0.08603265583515167
54,84,1000,3,3.41,1,0.08603564748167991
54,85,216,5,10.04,4,0.08603208957033025
54,86,191,4,10.04,1,0.08603453987243911
54,87,207,5,10.03,23,0.08603437514840692
54,88,253,5,10.03,4,0.08603550814710587
54,89,1000,4,9.23,4,0.08603569430857896
54,90,205,4,10.05,4,0.08603633507722762
54,91,253,5,10.02,4,0.0860360154933609
54,92,209,6,10.02,3,0.0860380381702236
54,93,171,3,10.04,12,0.08603954633251268
54,94,163,4,10.04,9,0.08604052909678477
54,95,280,4,10.01,7,0.08604083215551717
54,96,1000,3,3.67,3,0.08603774183243514
54,97,1000,2,2.57,1,0.08603916317224503
54,98,1000,2,2.58,1,0.08603975176811218
54,99,1000,2,2.58,1,0.08603942394256592
54,100,1000,2,2.59,1,0.08603969216346741
54,101,1000,2,2.69,1,0.08604245446622372
54,102,1000,0,2.52,0,0.0860423669219017
55,1,1000,3,4.1,3,-0.10818282124400139
55,2,1000,3,3.55,2,-0.10818484748154879
55,3,1000,3,3.78,2,-0.10818523786216974
55,4,1000,3,3.19,3,-0.10818514435738324
55,5,1000,3,3.45,2,-0.10818563797324895
55,6,1000,3,4.34,2,-0.10818600475788116
55,7,1000,3,6.18,2,-0.1081859487965703
55,8,1000,2,3.14,2,-0.10818731138855218
55,9,1000,2,4.46,5,-0.1081875518783927
55,10,1000,3,6.45,2,-0.10818764532357454
55,11,1000,3,5.58,2,-0.1081887064948678
55,12,1000,3,5.2,2,-0.10818879695981741
55,13,938,6,10.0,3,-0.10818890727627506
55,14,1000,6,9.79,3,-0.10818939032405615
55,15,1000,2,3.44,3,-0.10819221001118422
55,16,1000,2,5.89,6,-0.10819344385713339
55,17,189,3,10.04,12,-0.10819376449263285
55,18,1000,2,3.46,3,-0.10819174651801586
55,19,1000,2,3.14,3,-0.10819179631024599
55,20,1000,2,4.3,6,-0.10819227673113346
55,21,1000,2,5.15,10,-0.10819344132393599
55,22,197,5,10.03,3,-0.10819161539604216
55,23,1000,5,8.18,5,-0.10819093459099531
55,24,1000,5,9.34,2,-0.10819098949432374
55,25,586,5,10.0,2,-0.10819220139864362
55,26,203,4,10.03,5,-0.10819443190479514
55,27,264,5,10.04,3,-0.10819309972452396
55,28,1000,6,7.7,3,-0.10819123845547438
55,29,1000,2,2.84,1,-0.10819270821660756
55,30,1000,2,2.91,1,-0.10819325414299964
55,31,1000,2,3.44,1,-0.10819602423161269
55,32,1000,3,8.56,1,-0.10819474720954896
55,33,267,5,10.02,1,-0.10819369758224666
55,34,991,6,10.0,1,-0.10819582100562924
55,35,262,5,10.05,1,-0.10819722311073587
55,36,214,4,10.04,7,-0.10819814862491929
55,37,200,5,10.0,5,-0.10819912947714329
55,38,200,4,10.03,7,-0.1082002479955554
55,39,901,4,10.0,3,-0.10819888726025655
55,40,1000,3,3.53,1,-0.10819503188133239
55,41,1000,3,5.84,2,-0.10819232442975044
55,42,1000,2,2.69,1,-0.10819471301138402
55,43,1000,2,3.93,2,-0.10819388097524643
55,44,1000,2,3.26,1,-0.10819540455192328
55,45,1000,3,6.15,1,-0.10819601437449455
55,46,581,3,10.0,2,-0.10819544795765934
55,47,1000,2,5.07,4,-0.10819517263770104
55,48,1000,3,3.64,1,-0.10819629485160112
55,49,1000,3,3.68,1,-0.10819800501316786
55,50,1000,3,7.12,4,-0.10819584115594626
55,51,897,5,10.0,3,-0.10819559192976426
55,52,199,4,10.06,11,-0.10819532415225877
55,53,222,5,10.02,12,-0.10819673417387782
55,54,1000,2,3.44,3,-0.10819454032927751
55,55,1000,2,3.67,6,-0.10819510830193758
55,56,186,3,10.01,7,-0.10819480648284317
55,57,183,3,10.04,11,-0.10819416358822682
55,58,1000,2,9.76,22,-0.10819385959208011
55,59,1000,5,7.91,3,-0.10819409213215113
55,60,1000,2,2.64,1,-0.10819311061501503
55,61,1000,1,2.59,3,-0.1081949213296175
55,62,1000,2,4.37,2,-0.10819402339309454
55,63,809,2,10.0,7,-0.10819620524886513
55,64,1000,3,5.19,3,-0.10819763718545437
55,65,1000,2,6.1,3,-0.10819809137284755
55,66,1000,1,3.61,21,-0.10819577440619468
56,1,1000,3,4.1,3,-0.011636951604858042
56,2,1000,3,3.88,3,-0.011637574499472976
56,3,1000,4,3.21,1,-0.011638469895347952
56,4,1000,3,2.77,1,-0.01163992572017014
56,5,1000,3,3.22,3,-0.011640128844417631
56,6,1000,3,3.22,2,-0.011640407968312502
56,7,1000,2,4.09,5,-0.011640218519605696
56,8,1000,2,3.55,5,-0.011640848752111197
56,9,1000,3,6.53,6,-0.011640684394165874
56,10,1000,2,3.14,3,-0.011640678642317652
56,11,1000,3,4.62,3,-0.011640839522704482
56,12,1000,5,4.97,1,-0.011641135798767209
56,13,1000,1,2.6,2,-0.011642047371715307
56,14,1000,3,7.8,4,-0.011642622351646424
56,15,1000,4,4.89,5,-0.011643085638061166
56,16,395,4,10.03,3,-0.011642707023722462
56,17,305,4,10.01,8,-0.011642412288633526
56,18,1000,2,3.17,3,-0.0116429332960397
56,19,1000,2,2.92,2,-0.011643785195425152
56,20,1000,2,3.36,3,-0.011644019532948732
56,21,1000,2,4.47,7,-0.01164308456890285
56,22,378,3,10.0,7,-0.011643268079275177
56,23,1000,2,3.88,5,-0.011643165778368712
56,24,1000,3,8.36,5,-0.011642945358529687
56,25,1000,1,2.66,3,-0.011643155535683037
56,26,1000,2,3.42,4,-0.011644002810120582
56,27,1000,1,2.79,6,-0.011644941253587603
56,28,1000,3,3.66,4,-0.011645625876262784
56,29,1000,3,4.15,3,-0.011644206762313843
56,30,1000,3,3.01,1,-0.011644157342612744
56,31,1000,3,3.09,1,-0.011645790120586754
56,32,1000,4,7.03,2,-0.01164639126509428
56,33,350,4,10.0,4,-0.01164687138582979
56,34,1000,3,4.36,5,-0.011647492906078697
56,35,1000,3,5.69,4,-0.011646683522500098
56,36,1000,3,3.43,3,-0.011644672200083733
56,37,1000,2,2.8,2,-0.011645255830138921
56,38,1000,3,2.97,3,-0.011645342659205199
56,39,1000,3,5.67,7,-0.011644307769834996
56,40,1000,3,3.04,2,-0.011643151164054871
57,1,1000,3,4.06,3,0.04246781632304192
57,2,1000,3,4.3,3,0.04246767821162939
57,3,1000,3,3.05,2,0.042466667044907806
57,4,1000,2,2.77,3,0.04246487930417061
57,5,1000,2,2.75,3,0.04246465261653066
57,6,1000,3,3.73,1,0.042465496692806484
57,7,1000,3,3.3,5,0.04246450635045767
57,8,1000,3,3.12,4,0.04246458499878645
57,9,1000,2,2.62,1,0.04246485985815525
57,10,1000,2,2.95,1,0.04246377795562148
57,11,1000,3,4.18,1,0.042462863486260174
57,12,1000,2,4.14,6,0.042461307797580956
57,13,1000,4,8.39,3,0.042460310507565734
57,14,1000,4,6.03,3,0.04246051117032766
57,15,1000,4,4.12,3,0.042459910288453105
57,16,1000,4,3.93,3,0.042458243664354085
57,17,1000,1,2.55,2,0.04245900242030621
57,18,1000,1,2.58,2,0.042459087532013655
57,19,1000,4,3.32,3,0.04246014147996902
57,20,1000,3,2.89,3,0.042459399349987506
57,21,1000,3,3.48,3,0.04245895780622959
57,22,1000,1,2.58,2,0.042458961945027116
57,23,1000,4,3.88,3,0.04245836278051138
57,24,1000,4,6.05,3,0.04245815102756023
57,25,1000,3,3.9,5,0.04245727825164795
57,26,1000,1,2.68,3,0.042459164060652255
57,27,1000,1,2.58,2,0.04245923087000847
57,28,1000,1,2.65,3,0.042459359899163246
57,29,1000,1,2.63,3,0.04245855675637722
57,30,1000,3,4.28,3,0.04245801421627402
57,31,1000,3,3.68,3,0.042457660589367154
57,32,1000,3,3.99,3,0.04245647523552179
57,33,1000,3,3.19,1,0.0424550233669579
57,34,1000,3,5.82,6,0.04245502022281289
57,35,269,4,10.05,6,0.04245442678272503
57,36,174,3,10.04,5,0.042454309333329915
57,37,630,3,10.0,4,0.04245340611844782
57,38,1000,3,5.71,2,0.042452703598886726
57,39,1000,2,5.94,7,0.04245200654491782
57,40,1000,3,4.54,3,0.042451602634042504
57,41,214,5,10.02,3,0.042451557450901685
57,42,188,5,10.04,1,0.0424510112547494
57,43,1000,5,3.05,1,0.04244620436802506
57,44,1000,5,4.18,1,0.04244842180237174
57,45,1000,6,6.05,3,0.04244736324623227
57,46,1000,6,3.69,1,0.0424485327526927
57,47,1000,7,6.28,3,0.042447116933763025
57,48,1000,5,5.64,3,0.04244691707193851
57,49,1000,2,2.64,2,0.04244737606495619
57,50,1000,3,3.0,1,0.04244675238803029
57,51,1000,3,3.17,1,0.04244569808244705
57,52,1000,3,3.18,1,0.042442320715636014
57,53,1000,3,3.06,1,0.04243940893933177
57,54,1000,3,2.66,1,0.04243822395801544
57,55,1000,1,2.55,1,0.042442262172698975
58,1,1000,3,4.11,3,0.08260972961038351
58,2,1000,3,3.82,2,0.08260897593200207
58,3,1000,2,2.75,2,0.08260886100679636
58,4,1000,3,2.93,1,0.08260910607874393
58,5,1000,3,3.91,1,0.0826093438565731
58,6,1000,3,2.93,1,0.08260953350365162
58,7,1000,2,2.54,1,0.08261000365018845
58,8,1000,2,2.72,1,0.08261023046076298
58,9,1000,2,2.69,1,0.08261019663512707
58,10,1000,3,3.05,1,0.08261044780164957
58,11,1000,3,2.97,1,0.08261076647788286
58,12,1000,3,2.61,1,0.08261116594076157
58,13,1000,2,2.84,1,0.082610451631248
58,14,1000,3,3.01,1,0.0826105822250247
58,15,1000,3,2.78,1,0.08261109119653702
58,16,1000,3,2.8,1,0.08261122330278158
58,17,1000,3,4.35,1,0.08261110746860505
58,18,1000,3,2.63,1,0.08261160552501678
58,19,1000,3,2.85,1,0.0826114741563797
58,20,1000,2,2.67,1,0.08261163830757141
58,21,1000,2,2.52,1,0.08261140435934067
58,22,1000,2,2.83,1,0.08261149062216282
58,23,1000,2,2.77,1,0.08261167546361685
58,24,1000,3,2.67,1,0.08261148401349783
58,25,1000,2,2.55,1,0.08261142671108246
58,26,1000,2,2.53,1,0.08261089026927948
58,27,1000,3,2.78,1,0.08261036890745163
58,28,1000,3,2.74,1,0.08261075608432293
58,29,1000,3,2.68,1,0.08261115872114896
58,30,1000,2,2.56,1,0.08261231333017349
58,31,1000,3,2.96,1,0.0826121927201748
58,32,1000,3,2.98,1,0.08261208312213421
58,33,1000,4,3.11,1,0.08261233061552048
58,34,1000,2,2.51,1,0.08261049538850784
58,35,1000,1,2.48,1,0.08261122554540634
58,36,1000,1,2.5,2,0.08261206911504268
59,1,1000,3,4.06,3,-0.033638805389404294
59,2,1000,3,3.24,3,-0.03363929541036487
59,3,1000,3,3.41,1,-0.03363941640779376
59,4,1000,3,4.22,2,-0.03363928934186697
59,5,1000,3,3.19,1,-0.03363903033360839
59,6,1000,2,3.3,2,-0.033638339668512346
59,7,1000,2,2.94,3,-0.03363818496465683
59,8,1000,2,2.76,2,-0.033638191502541305
59,9,1000,2,3.32,5,-0.033639038369059564
59,10,1000,3,4.74,3,-0.033639043271541595
59,11,1000,3,4.05,2,-0.033638400863856076
59,12,1000,2,2.93,3,-0.033638524398207664
59,13,1000,2,3.35,4,-0.03363841491192579
59,14,1000,2,4.04,6,-0.03363902995735407
59,15,1000,4,5.0,1,-0.033639131408184766
59,16,1000,3,3.33,3,-0.0336387603841722
59,17,1000,2,2.95,3,-0.03363907266780734
59,18,1000,4,6.35,3,-0.03363930241018534
59,19,1000,3,4.6,4,-0.03363914371654391
59,20,1000,4,8.45,4,-0.03363898057490587
59,21,1000,3,4.15,6,-0.03363943988829851
59,22,1000,1,2.63,3,-0.0336401856020093
59,23,1000,1,2.59,3,-0.03364183400943875
59,24,1000,1,2.59,3,-0.03364218337833881
59,25,1000,3,7.11,3,-0.03364172509685159
59,26,1000,3,4.24,2,-0.03364167348667979
59,27,1000,3,3.88,2,-0.033641531001776456
59,28,1000,2,3.11,3,-0.03364207001775503
59,29,1000,3,4.55,3,-0.03364190701022744
59,30,1000,2,3.27,2,-0.03364236314594746
59,31,1000,1,2.57,3,-0.033644544016569855
59,32,1000,1,2.46,1,-0.03364516794681549
60,1,1000,3,4.18,3,-0.11472627912461758
60,2,1000,3,4.25,3,-0.11472633758932352
60,3,1000,3,4.62,3,-0.11472633695602417
60,4,1000,3,4.76,3,-0.11472656912356614
60,5,1000,3,4.19,3,-0.1147263459339738
60,6,1000,2,3.09,2,-0.1147260870039463
60,7,1000,2,4.95,7,-0.11472603207826615
60,8,1000,2,4.03,5,-0.11472596184164285
60,9,1000,2,3.72,3,-0.11472658433765173
60,10,191,5,10.02,3,-0.11472706520120511
60,11,1000,6,8.1,3,-0.11472754625976085
60,12,788,5,10.0,3,-0.11472726333413633
60,13,546,5,10.0,4,-0.11472728381772618
60,14,1000,3,3.97,2,-0.11472786808758974
60,15,1000,3,3.86,3,-0.11472795581072569
60,16,553,4,10.0,3,-0.11472861192595032
60,17,1000,4,7.13,3,-0.11472826128453016
60,18,1000,4,6.4,3,-0.11472895403951407
60,19,1000,3,4.13,2,-0.1147291499376297
60,20,1000,3,8.38,4,-0.11472889716178179
60,21,1000,3,3.74,4,-0.11472874781489373
60,22,199,5,10.03,3,-0.11472823624335342
60,23,1000,5,8.72,3,-0.11472871928662062
60,24,266,5,10.04,3,-0.11473067569777481
60,25,174,6,10.02,1,-0.11473104871552565
60,26,1000,4,9.4,3,-0.11473182254284621
60,27,1000,3,4.27,3,-0.11473189348727465
60,28,1000,3,6.62,5,-0.1147312211021781
60,29,1000,3,6.59,5,-0.11473069903254508
60,30,1000,4,8.33,3,-0.1147297255769372
60,31,1000,4,6.65,5,-0.1147286036387086
60,32,1000,3,8.76,8,-0.1147291313558817
60,33,1000,3,9.01,2,-0.11472992387413979
60,34,168,3,10.05,10,-0.11472982358897016
60,35,403,4,10.0,3,-0.11473035043285738
60,36,1000,4,3.45,3,-0.11472927053272725
60,37,1000,3,3.05,1,-0.11473003759235144
60,38,1000,3,4.95,2,-0.11473018012940883
60,39,231,3,10.03,5,-0.11473011318997388
60,40,1000,4,5.02,5,-0.11473035614937543
60,41,1000,2,3.74,3,-0.11472948744148016
61,1,1000,3,4.09,3,-0.007453928884118796
61,2,1000,3,3.8,3,-0.0074541683350689706
61,3,1000,3,3.65,3,-0.007454425750300288
61,4,1000,2,2.8,3,-0.00745391733199358
61,5,1000,2,2.8,3,-0.007453276928514242
61,6,1000,3,4.28,3,-0.007453206865116954
61,7,1000,2,3.87,5,-0.007453093454241753
61,8,1000,2,3.29,3,-0.007452869771979749
61,9,1000,2,2.72,3,-0.007452418872155249
61,10,1000,1,2.54,2,-0.007452367331832647
61,11,1000,2,2.77,2,-0.007451924133114516
61,12,1000,1,2.61,3,-0.007451448382809758
61,13,1000,2,3.27,2,-0.007451718548312784
61,14,1000,2,3.15,3,-0.007451479375362396
61,15,1000,6,8.8,2,-0.007450733367353678
61,16,1000,4,8.22,3,-0.007450543391518295
61,17,1000,3,4.0,4,-0.007450039326213301
61,18,1000,4,5.99,2,-0.00744980076700449
61,19,1000,4,4.69,1,-0.007450626483187079
61,20,610,6,10.0,3,-0.0074501320734986515
61,21,1000,4,9.7,6,-0.00744864961784333
61,22,1000,3,2.89,2,-0.007449487371370196
61,23,1000,2,2.91,4,-0.007449067198671401
61,24,1000,4,4.1,2,-0.007448917334899306
61,25,1000,2,5.59,6,-0.007448641245253384
61,26,1000,3,6.21,2,-0.007448827569372952
61,27,1000,3,3.62,1,-0.007448843085207045
61,28,244,6,10.01,3,-0.007448216499455395
61,29,1000,6,8.12,2,-0.007448998026549816
61,30,449,5,10.0,3,-0.007449132689007274
61,31,1000,4,4.33,2,-0.007449186808429658
61,32,1000,5,8.43,6,-0.007449086773209274
61,33,1000,5,8.04,5,-0.007449163554236293
61,34,1000,1,2.56,2,-0.007449677921831608
61,35,1000,2,3.66,10,-0.007449788106605411
61,36,176,4,10.03,5,-0.007449097650929947
61,37,186,4,10.01,7,-0.007448774136562822
61,38,250,5,10.0,6,-0.007449057746678591
61,39,1000,2,3.38,5,-0.007448900972492993
61,40,1000,2,2.83,1,-0.007448626915924251
61,41,1000,3,3.15,2,-0.007448140687309206
61,42,1000,2,3.06,1,-0.007448109989054501
61,43,1000,1,2.6,3,-0.007448291607201099
61,44,1000,3,4.18,4,-0.007447842209599912
61,45,1000,1,2.5,1,-0.007447766055352986
62,1,1000,3,4.18,3,-0.02509469962120056
62,2,1000,3,3.98,3,-0.025095549216493963
62,3,1000,3,4.65,2,-0.02509613484144211
62,4,1000,3,7.26,5,-0.025096561366692187
62,5,1000,3,4.74,2,-0.025096613328903915
62,6,1000,3,6.54,6,-0.025096278997138143
62,7,1000,3,8.49,5,-0.025096151288598777
62,8,1000,4,7.77,3,-0.025095863131806253
62,9,1000,3,4.54,3,-0.02509600971825421
62,10,1000,3,5.49,3,-0.025095895789563658
62,11,1000,3,5.07,9,-0.025095962338149546
62,12,1000,4,8.69,5,-0.025095862783491612
62,13,1000,3,5.82,5,-0.025095500646159053
62,14,1000,3,5.58,5,-0.025095314875245096
62,15,1000,3,7.49,7,-0.02509500960446894
62,16,1000,3,6.83,3,-0.025095140140503645
62,17,1000,3,5.76,2,-0.02509510620869696
62,18,483,4,10.0,4,-0.025094968388262
62,19,154,3,10.01,9,-0.025094642630451684
62,20,1000,3,5.36,2,-0.02509403605759144
62,21,493,3,10.0,4,-0.025093585536125708
62,22,1000,2,3.77,2,-0.02509355122409761
62,23,1000,4,2.92,2,-0.025093563489615917
62,24,1000,1,2.56,2,-0.025093274788931013
62,25,1000,1,2.61,3,-0.025092554084956645
62,26,1000,1,2.66,3,-0.02509205243177712
62,27,1000,1,2.66,3,-0.025091374844312668
62,28,315,5,10.01,5,-0.025091060055863288
62,29,1000,4,8.58,3,-0.025090798771008848
62,30,1000,3,6.47,3,-0.025090363858267666
62,31,1000,3,5.91,3,-0.025090697400271894
62,32,1000,5,5.26,3,-0.025090584240853787
62,33,1000,4,3.29,2,-0.025091330954805015
62,34,1000,1,2.56,2,-0.025090213103219867
62,35,1000,1,2.63,3,-0.025089437149465085
63,1,1000,3,4.08,3,-0.011369368962943554
63,2,1000,3,3.21,2,-0.011369361219927668
63,3,1000,2,2.75,2,-0.011369953169487418
63,4,1000,3,5.08,4,-0.0113698197780177
63,5,1000,3,3.91,2,-0.011368929842486978
63,6,1000,2,2.61,1,-0.011369468973949552
63,7,1000,1,2.61,4,-0.011370714806951582
63,8,1000,2,4.0,4,-0.01137176570110023
63,9,1000,3,8.38,4,-0.011372797904536129
63,10,1000,3,5.01,5,-0.011372651423327624
63,11,1000,3,4.99,3,-0.011372624048963189
63,12,1000,3,4.67,3,-0.011373870119452477
63,13,1000,3,2.96,1,-0.011374728418886662
63,14,1000,1,2.58,3,-0.011375301530584693
63,15,1000,3,4.9,4,-0.011375385682098567
63,16,1000,3,3.5,2,-0.011375949301756918
63,17,1000,2,3.27,3,-0.011376608464866876
63,18,1000,3,3.48,3,-0.011377068176865578
63,19,1000,1,2.52,2,-0.01137768785469234
63,20,1000,1,2.85,7,-0.011378035470843316
63,21,1000,3,5.64,3,-0.011378871283493935
63,22,1000,3,5.77,3,-0.011379801167175173
63,23,1000,3,3.97,1,-0.011380577662028372
63,24,1000,3,2.77,1,-0.011380165345966815
63,25,1000,3,3.68,4,-0.011380191041156649
63,26,1000,2,2.7,2,-0.011380745669826865
63,27,1000,1,2.54,2,-0.011381550803780555
64,1,1000,3,4.2,3,-0.053197786200791596
64,2,1000,3,3.12,2,-0.05320039754733443
64,3,1000,2,2.95,2,-0.05320241191610694
64,4,1000,3,3.67,4,-0.05320496385917067
64,5,1000,3,3.67,1,-0.053206423688679935
64,6,1000,3,3.78,1,-0.0532087128162384
64,7,1000,3,4.0,1,-0.0532114753946662
64,8,1000,3,3.25,1,-0.05321235164999962
64,9,1000,3,3.26,1,-0.053215668968856336
64,10,1000,2,2.87,1,-0.053217982567846774
64,11,1000,3,3.77,3,-0.053220651529729365
64,12,1000,3,4.15,4,-0.05322220814973116
64,13,1000,3,3.26,1,-0.05322280261665582
64,14,1000,1,2.78,5,-0.05322548916935921
64,15,1000,3,7.08,4,-0.053220436040312055
64,16,298,3,10.0,8,-0.053219740710302485
64,17,1000,2,6.2,9,-0.0532205420807004
64,18,1000,2,3.78,3,-0.05322592188045382
64,19,1000,3,4.15,3,-0.05322725944966078
64,20,1000,2,2.89,3,-0.05322898405045271
64,21,1000,4,4.66,4,-0.053222638502717017
64,22,1000,4,4.69,3,-0.053226826164871455
64,23,1000,5,7.06,7,-0.053227998983114956
64,24,1000,2,3.24,4,-0.05322836661711335
65,1,1000,3,4.21,3,-0.08896199136972427
65,2,1000,3,4.0,3,-0.0889630290940404
65,3,1000,4,3.72,1,-0.08896374714374543
65,4,1000,3,4.97,1,-0.08896345883607865
65,5,1000,3,4.67,3,-0.08896345280855894
65,6,1000,3,2.75,1,-0.08896342296898364
65,7,1000,2,2.66,1,-0.0889634101241827
65,8,1000,3,4.07,1,-0.08896331636607648
65,9,1000,3,5.03,3,-0.08896340214461088
65,10,1000,3,3.67,3,-0.08896345514059066
65,11,1000,2,2.66,2,-0.0889639843404293
65,12,1000,3,2.91,2,-0.0889642802849412
65,13,1000,3,3.3,3,-0.08896386516839266
65,14,1000,2,2.8,1,-0.08896370663493872
65,15,1000,3,2.67,1,-0.0889640702009201
65,16,1000,2,2.65,2,-0.08896421453356743
65,17,1000,3,2.94,3,-0.08896470715105534
66,1,1000,3,4.18,3,-0.08457123747467994
66,2,1000,3,3.57,2,-0.08457168544083833
66,3,1000,4,4.02,2,-0.08457181979715823
66,4,1000,2,3.19,3,-0.08457234843820334
66,5,1000,2,3.54,3,-0.0845725829899311
66,6,1000,3,5.56,3,-0.08457198037207127
66,7,1000,2,3.29,3,-0.08457214566320181
66,8,1000,3,5.16,7,-0.08457223366200924
66,9,982,5,10.0,3,-0.08457175834206845
66,10,1000,6,4.35,3,-0.08457140608131886
66,11,1000,2,3.23,4,-0.08457138313353062
66,12,206,6,10.03,3,-0.08457140421983107
66,13,1000,5,8.63,2,-0.08457092879712581
66,14,1000,2,3.61,8,-0.08457065945118666
66,15,1000,3,3.7,2,-0.08457064794003963
66,16,1000,2,3.28,4,-0.08457022699713707
66,17,1000,2,3.65,5,-0.08456931112706662
66,18,1000,2,3.7,5,-0.08456933498382568
66,19,217,5,10.01,3,-0.08456813094253364
66,20,665,6,10.0,3,-0.08456837618933584
66,21,1000,5,5.85,2,-0.08456757938116789
66,22,1000,2,3.41,3,-0.08456622187793254
66,23,1000,2,3.69,4,-0.0845652080103755
66,24,1000,2,3.76,5,-0.08456420501321554
66,25,1000,2,4.01,4,-0.08456318009644746
66,26,1000,3,6.4,3,-0.08456191013753414
66,27,200,5,10.01,3,-0.08456153985112906
66,28,212,6,10.05,3,-0.08456128522894292
66,29,1000,4,4.29,3,-0.08456015759706498
66,30,1000,4,4.29,2,-0.0845590374842286
66,31,199,6,10.06,2,-0.08455826458170186
66,32,292,5,10.04,2,-0.08455766260317743
66,33,1000,3,2.88,1,-0.0845566273406148
66,34,1000,1,2.57,1,-0.08455578982830048
67,1,1000,3,4.26,3,-0.10823388159275055
67,2,1000,3,3.08,2,-0.10823514575511217
67,3,1000,2,2.94,3,-0.1082362282127142
67,4,1000,3,3.33,3,-0.10823753429204226
67,5,1000,3,4.03,3,-0.10823847296088934
67,6,1000,4,4.82,3,-0.1082389146015048
67,7,1000,4,6.82,3,-0.10824005284160376
67,8,1000,3,6.61,2,-0.10823984778672456
67,9,1000,3,3.79,3,-0.10824024172127247
67,10,1000,4,6.04,3,-0.10824075842648745
67,11,1000,3,5.54,3,-0.10824061538279056
67,12,1000,3,6.54,3,-0.10823958880454301
67,13,1000,3,4.79,3,-0.10823923010379076
67,14,1000,2,4.1,4,-0.10824105264246464
67,15,1000,2,3.87,3,-0.10824221849441529
67,16,1000,4,4.58,3,-0.10824263931065797
67,17,244,3,10.03,8,-0.10824216819811062
67,18,1000,3,6.81,3,-0.10824178678542376
67,19,1000,3,4.37,1,-0.10824283391237259
67,20,1000,3,7.72,3,-0.10824391690641641
67,21,1000,4,6.6,2,-0.10824444931000471
67,22,1000,3,4.35,2,-0.1082445233091712
67,23,1000,1,2.73,5,-0.1082421658784151
67,24,1000,1,2.68,4,-0.10824182846397161
67,25,1000,3,4.14,4,-0.1082428727298975
67,26,1000,4,5.08,2,-0.10824158930033445
67,27,1000,3,3.18,5,-0.10824329993128777
67,28,1000,4,4.5,3,-0.10824407502263785
67,29,1000,3,3.54,2,-0.1082447885349393
67,30,1000,3,3.56,4,-0.10824521385878325
67,31,1000,4,5.26,2,-0.10824474271386862
67,32,1000,4,4.87,1,-0.10824488704651594
67,33,1000,3,5.02,6,-0.10824401762336493
67,34,1000,4,8.65,3,-0.1082458525300026
67,35,980,4,10.0,8,-0.10824642671006067
67,36,1000,3,5.87,4,-0.1082464841529727
67,37,1000,3,4.35,1,-0.10824510297179223
67,38,1000,3,4.36,2,-0.10824519490450621
67,39,1000,3,4.42,6,-0.10824502083659172
67,40,260,4,10.0,4,-0.10824397650475685
67,41,300,6,10.01,3,-0.10824559447666009
67,42,1000,3,4.89,3,-0.10824478244036437
67,43,1000,2,3.69,5,-0.1082477932870388
67,44,1000,3,4.56,5,-0.1082466720789671
67,45,1000,3,4.9,3,-0.1082464977800846
67,46,1000,2,3.19,4,-0.10824578270316124
67,47,1000,2,2.89,5,-0.10824581722915172
68,1,1000,3,4.24,3,0.13045481607317924
68,2,1000,3,4.19,3,0.13045438146591187
68,3,1000,3,4.74,3,0.13045407769083978
68,4,1000,3,4.91,3,0.1304540198892355
68,5,1000,4,7.85,4,0.13045401702821255
68,6,1000,3,5.48,4,0.1304542225152254
68,7,1000,3,4.75,3,0.1304539588391781
68,8,1000,3,5.39,2,0.1304546613395214
68,9,1000,3,5.56,4,0.1304547202885151
68,10,1000,4,4.23,2,0.13045383900403976
68,11,1000,4,6.5,3,0.13045346167683602
68,12,1000,3,8.42,5,0.13045257203280924
68,13,1000,3,8.86,5,0.13045309706032276
68,14,1000,3,3.59,1,0.13045433798432352
68,15,1000,3,5.77,1,0.13045523308217524
68,16,1000,3,4.11,1,0.13045584952831268
68,17,1000,3,7.23,6,0.13045540083944798
68,18,1000,2,2.88,3,0.13045522010326385
68,19,1000,2,4.3,12,0.13045612645149232
68,20,1000,3,4.32,4,0.13045716886222364
68,21,1000,1,2.65,3,0.13045727837085724
69,1,1000,3,4.12,3,-0.11323045654594899
69,2,1000,3,4.37,3,-0.11322936388850212
69,3,1000,4,5.25,3,-0.11322892744094133
69,4,1000,4,4.81,3,-0.11322775542736054
69,5,1000,3,4.18,3,-0.11322703631222249
69,6,1000,3,6.33,3,-0.11322657661139965
69,7,1000,3,6.27,3,-0.1132257520481944
69,8,1000,3,6.25,3,-0.1132254189401865
69,9,1000,3,4.71,2,-0.11322541935741902
69,10,1000,3,4.67,2,-0.11322455591708422
69,11,1000,2,3.48,6,-0.11322388628870249
69,12,1000,2,2.95,3,-0.11322363065183162
69,13,1000,3,3.08,3,-0.11322227004915476
69,14,1000,2,3.29,4,-0.11322237778455019
69,15,1000,1,2.65,4,-0.11322202996909618
69,16,1000,2,2.68,1,-0.11322147488594055
69,17,1000,2,2.97,3,-0.11322000811994076
69,18,1000,2,2.96,3,-0.11321869590878486
69,19,1000,2,3.3,3,-0.11322099712491035
69,20,1000,2,3.61,4,-0.11322044245153666
69,21,1000,1,2.54,2,-0.1132183417826891
69,22,1000,2,3.47,5,-0.11321780540794134
69,23,1000,3,4.12,4,-0.11321738641709089
69,24,1000,3,4.14,1,-0.11321710640192031
69,25,1000,2,3.87,8,-0.11321554505825043
69,26,1000,3,5.32,8,-0.11321396572887897
69,27,1000,3,6.36,5,-0.11321356848627329
69,28,1000,2,3.39,5,-0.11321210688352584
69,29,1000,2,3.53,5,-0.11321139148622751
69,30,1000,2,2.61,2,-0.11321123577654361
70,1,1000,3,4.2,3,0.12126748356968164
70,2,1000,3,3.51,3,0.12126772712916135
70,3,1000,3,4.17,3,0.12126741734147072
70,4,1000,2,2.63,1,0.12126769921183586
70,5,1000,2,3.4,4,0.12126758702844381
70,6,1000,2,3.66,5,0.12126727245748042
70,7,1000,2,4.13,7,0.12126694404333829
70,8,1000,3,3.27,2,0.1212667113468051
70,9,1000,3,8.09,6,0.12126603221148252
70,10,1000,3,5.25,5,0.12126680743694306
70,11,1000,4,6.38,6,0.12126756583899259
70,12,1000,3,4.71,3,0.12126804748177529
70,13,1000,2,3.64,5,0.12126874060928822
70,14,1000,2,3.61,4,0.12126812504231929
70,15,1000,2,3.32,3,0.12126902149617672
70,16,473,5,10.0,2,0.12126919513776993
70,17,181,4,10.03,3,0.12126962708834127
70,18,193,5,10.03,6,0.12126881424627156
70,19,176,4,10.0,3,0.12127086088399995
70,20,1000,3,6.42,1,0.12127125978469849
70,21,169,4,10.03,4,0.12127184744417314
70,22,155,3,10.05,6,0.1212706123628924
70,23,183,6,10.02,3,0.12127049283577444
70,24,185,6,10.05,3,0.12127078123189308
70,25,199,5,10.02,7,0.12127105775640239
70,26,173,4,10.01,3,0.12127141413316561
70,27,191,5,10.05,2,0.12127198091664239
70,28,229,5,10.0,3,0.12127224658514214
70,29,178,5,10.01,2,0.121272049634979
70,30,179,4,10.02,6,0.12127297646340045
70,31,215,5,10.05,3,0.1212722414801287
70,32,178,5,10.02,2,0.12127259909436944
70,33,186,5,10.05,5,0.12127275276248173
70,34,184,5,10.03,2,0.12127259620667799
70,35,251,4,10.06,3,0.12127451186042383
70,36,174,4,10.05,3,0.12127489048516614
70,37,169,3,10.0,22,0.12127513522227135
70,38,187,5,10.03,4,0.12127573178573088
70,39,176,5,10.04,3,0.12127503354779699
70,40,178,5,10.0,4,0.12127564391225912
70,41,162,4,10.05,7,0.12127636212073727
70,42,162,4,10.06,5,0.12127638143705732
70,43,171,4,10.0,5,0.12127583299638235
70,44,158,4,10.06,3,0.12127577155073986
70,45,165,4,10.06,5,0.12127517199877537
70,46,163,4,10.04,5,0.12127472323142678
70,47,168,4,10.04,3,0.12127360218160209
70,48,174,4,10.01,5,0.12127266207645679
70,49,170,4,10.03,5,0.12127221910392537
70,50,168,5,10.04,3,0.12127257586412486
70,51,164,5,10.02,3,0.12127243064162208
70,52,178,5,10.04,3,0.12127283809894926
70,53,186,5,10.03,3,0.12127325607724088
70,54,173,5,10.04,3,0.12127340141403882
70,55,177,5,10.06,3,0.1212744617276946
70,56,246,5,10.02,2,0.12127528524374574
70,57,160,4,10.03,2,0.12127603203989565
70,58,157,3,10.06,10,0.12127454512438197
70,59,151,3,10.05,3,0.12127420552913716
70,60,183,3,10.07,3,0.12127374576740578
70,61,152,3,10.03,4,0.12127627358820878
70,62,170,2,10.04,16,0.12127829899682718
70,63,1000,2,4.0,15,0.1212852966785431
71,1,1000,3,4.12,3,0.018804408844560385
71,2,1000,3,4.23,3,0.018804586770012975
71,3,1000,3,3.22,2,0.018804603835567833
71,4,1000,3,2.96,2,0.01880470117740333
71,5,1000,3,2.74,1,0.018805232133716345
71,6,1000,2,2.93,4,0.018805311132222415
71,7,1000,3,4.4,3,0.01880548786558211
71,8,1000,5,6.75,6,0.01880584791302681
71,9,1000,6,4.94,3,0.018806045960634947
71,10,1000,5,5.58,4,0.018806437253952025
71,11,1000,5,5.23,4,0.0188065827768296
71,12,1000,5,5.35,4,0.018807441601529716
71,13,1000,5,7.37,7,0.018807506712153553
71,14,1000,6,4.81,3,0.018809522388502954
71,15,1000,5,6.75,6,0.018811401538550855
71,16,1000,5,5.12,2,0.018811826698482036
71,17,1000,5,5.72,1,0.018811899963766338
71,18,1000,4,5.66,4,0.018814572842791675
71,19,182,4,10.03,3,0.018810868682851502
71,20,171,5,10.05,3,0.018813388443916862
71,21,158,5,10.05,1,0.018811727638203133
71,22,293,5,10.06,1,0.01881048859513457
71,23,1000,1,2.52,2,0.018812954211607575
71,24,1000,1,2.77,6,0.018810077408328654
71,25,1000,1,2.71,4,0.01881149266846478
72,1,1000,3,4.17,3,-0.014663417059928179
72,2,1000,3,3.23,2,-0.01466332383826375
72,3,1000,3,3.95,2,-0.014663252472877503
72,4,1000,3,5.42,4,-0.014662541583180427
72,5,1000,3,5.68,2,-0.014662305807694793
72,6,1000,3,5.9,2,-0.014662755902856588
72,7,1000,3,5.05,2,-0.014662953640334308
72,8,1000,3,3.5,1,-0.014662540499120951
72,9,1000,3,5.53,4,-0.014662540297955275
72,10,1000,4,7.26,3,-0.014662212209776045
72,11,1000,2,3.03,3,-0.014661583026871086
72,12,184,4,10.05,4,-0.014660572309208952
72,13,742,5,10.0,1,-0.01465985117696045
72,14,172,5,10.02,1,-0.014659458760518667
72,15,201,6,10.05,1,-0.014658803662368611
72,16,1000,6,9.89,3,-0.014659406676888465
72,17,873,4,10.0,1,-0.014659863471011935
72,18,1000,4,7.66,2,-0.014660724164918065
72,19,1000,3,7.3,16,-0.014660568693652749
72,20,1000,3,9.29,9,-0.014659781783819199
72,21,559,6,10.01,2,-0.014659608667633082
72,22,1000,2,4.41,8,-0.014658954121172428
72,23,1000,3,3.77,4,-0.014657285518944263
72,24,1000,2,2.98,2,-0.01465678345412016
72,25,1000,3,7.14,5,-0.01465683070383966
72,26,1000,2,2.95,2,-0.014658026600256563
72,27,1000,1,2.62,3,-0.014657615957781672
72,28,1000,3,4.7,5,-0.014656770434230566
72,29,185,5,10.01,3,-0.014655972810814509
72,30,190,5,10.05,2,-0.01465613430267886
72,31,396,4,10.0,2,-0.014656516135378618
72,32,1000,4,6.15,3,-0.014656499562785029
72,33,1000,3,4.36,6,-0.01465547214075923
72,34,1000,2,4.25,3,-0.014654945347458124
72,35,1000,2,5.82,4,-0.014654228422790766
72,36,1000,2,3.06,1,-0.014653756659477948
72,37,1000,2,3.14,1,-0.014654799971729518
72,38,1000,3,3.32,2,-0.014655116223730147
72,39,1000,2,2.71,2,-0.0146541462931782
72,40,1000,2,2.66,2,-0.014653174623847008
72,41,1000,2,2.71,2,-0.014652277683839202
72,42,1000,2,2.73,2,-0.014650687165558339
72,43,1000,3,3.11,1,-0.014650496421381831
72,44,1000,3,2.95,3,-0.014651553601026535
72,45,1000,1,2.75,5,-0.01464792456664145
72,46,1000,3,3.64,4,-0.014649963372386991
72,47,1000,3,2.73,2,-0.014649191841483116
72,48,1000,1,2.59,2,-0.014648644108325243
73,1,1000,3,4.37,3,-0.08836977431178093
73,2,1000,3,4.32,3,-0.08836947413533926
73,3,1000,3,4.32,3,-0.08836958704888821
73,4,1000,3,4.04,1,-0.08836963295936584
73,5,1000,3,4.44,1,-0.08837004927545786
73,6,1000,3,4.6,1,-0.08837055153399706
73,7,1000,2,3.3,1,-0.08837062993645668
73,8,1000,2,3.32,1,-0.08837119616568088
73,9,1000,2,3.35,1,-0.08837190087139607
73,10,1000,2,3.26,1,-0.08837254191190004
73,11,1000,2,3.19,1,-0.08837284424901008
73,12,1000,2,3.1,1,-0.08837344968318939
73,13,1000,2,3.13,1,-0.08837354720383883
73,14,1000,2,3.13,1,-0.08837394447624683
73,15,1000,2,3.11,1,-0.08837420883774758
73,16,1000,2,3.15,1,-0.08837469981610775
73,17,1000,2,3.17,1,-0.08837494197487832
73,18,1000,2,3.11,1,-0.08837562934309244
73,19,1000,2,3.14,1,-0.08837617515027522
73,20,1000,2,3.11,1,-0.08837691079825163
73,21,1000,2,3.18,1,-0.08837724395096302
73,22,1000,2,3.15,1,-0.08837779174745083
73,23,1000,2,3.13,1,-0.08837834140658378
73,24,1000,2,3.13,1,-0.08837841610610485
73,25,1000,2,3.16,1,-0.08837869840860367
73,26,1000,2,3.61,1,-0.0883788963407278
73,27,1000,3,6.04,20,-0.08837965462356806
73,28,1000,3,5.9,2,-0.08838070376962423
73,29,1000,2,8.57,4,-0.0883813882023096
73,30,180,3,10.02,13,-0.08838231476644674
73,31,1000,4,8.97,5,-0.08838409223407508
73,32,168,4,10.04,3,-0.08838443298424993
73,33,1000,4,9.76,3,-0.08838626388460398
73,34,1000,5,4.04,1,-0.08838605489581823
73,35,1000,5,4.03,3,-0.0883865200728178
73,36,192,4,10.0,4,-0.08838695625308901
73,37,1000,5,7.42,1,-0.08838687033951283
73,38,1000,4,3.47,1,-0.08838754838705062
73,39,1000,4,3.47,1,-0.08838766888529062
73,40,1000,5,5.76,1,-0.08838827099651098
73,41,192,6,10.03,1,-0.08839003582640241
73,42,1000,0,2.55,0,-0.0883898064494133
74,1,1000,3,4.15,3,-0.1363006545752287
74,2,1000,3,3.49,2,-0.13630028185248375
74,3,1000,3,3.58,4,-0.13630065135657787
74,4,1000,3,2.87,1,-0.1363008319437504
74,5,1000,3,3.13,4,-0.13630119785666467
74,6,1000,2,2.85,4,-0.13630113239586353
74,7,1000,2,2.73,3,-0.1363001165241003
74,8,1000,3,3.12,2,-0.13629988104104995
74,9,1000,3,3.62,1,-0.13630001249909401
74,10,1000,2,2.71,1,-0.1362998966127634
74,11,1000,2,2.74,1,-0.13630068646371366
74,12,1000,3,5.1,4,-0.1363011429309845
74,13,1000,3,6.8,5,-0.1363011805266142
74,14,1000,3,8.62,4,-0.1363016641139984
74,15,1000,4,7.65,5,-0.13630188201367854
74,16,192,5,10.02,3,-0.1363018318079412
74,17,1000,4,5.72,3,-0.13630190375447274
74,18,185,4,10.06,4,-0.13630174261492653
74,19,225,4,10.05,3,-0.13630093673865
74,20,304,5,10.02,4,-0.13630116662304653
74,21,175,4,10.03,3,-0.13630183918135508
74,22,1000,4,7.6,3,-0.13630232217907906
74,23,274,5,10.02,3,-0.13630305453591104
74,24,1000,6,7.76,2,-0.1363014762699604
74,25,211,6,10.05,1,-0.13630258754531355
74,26,1000,4,7.5,2,-0.13630296471714973
74,27,1000,4,6.11,3,-0.13630334873497485
74,28,1000,4,3.82,17,-0.13630313746631145
74,29,154,3,10.06,5,-0.13630354443153778
74,30,168,4,10.03,4,-0.13630323724022933
74,31,225,4,10.06,13,-0.13630415538946788
74,32,172,4,10.05,9,-0.13630470512218254
74,33,173,4,10.02,3,-0.1363051995376631
74,34,175,4,10.06,5,-0.13630475333758763
74,35,175,4,10.05,7,-0.13630497447081974
74,36,1000,4,7.23,2,-0.1363055563569069
74,37,1000,3,3.69,1,-0.13630580995976924
74,38,1000,3,5.62,2,-0.1363060528486967
74,39,1000,3,4.04,2,-0.13630618518590928
74,40,1000,3,5.79,6,-0.1363069203644991
74,41,1000,3,8.06,8,-0.13630740529298782
74,42,1000,3,5.03,3,-0.13630836594104767
74,43,1000,1,3.57,17,-0.13630747398734092
74,44,1000,1,3.26,13,-0.13630709706246852
75,1,1000,3,4.24,3,-0.1058373731598258
75,2,1000,3,4.12,3,-0.10583717488497496
75,3,1000,4,3.95,3,-0.10583668006211519
75,4,1000,3,3.34,2,-0.1058364581912756
75,5,1000,3,3.35,3,-0.10583611942082644
75,6,1000,3,2.9,3,-0.10583599541336298
75,7,1000,3,3.24,2,-0.10583539470285178
75,8,1000,2,2.9,2,-0.10583552004396915
75,9,1000,3,4.51,4,-0.1058352835252881
75,10,1000,3,4.03,2,-0.1058353343680501
75,11,1000,3,3.95,2,-0.1058363509774208
75,12,1000,2,3.2,3,-0.1058357656300068
75,13,302,5,10.06,10,-0.10583551015877565
75,14,250,6,10.02,3,-0.10583494681119919
75,15,1000,4,7.61,4,-0.10583540479838847
75,16,410,5,10.0,6,-0.10583525278219362
75,17,174,4,10.05,7,-0.10583569546198023
75,18,167,4,10.05,2,-0.10583496812039507
75,19,167,4,10.0,2,-0.10583442712793807
75,20,157,3,10.02,6,-0.1058340145713964
75,21,164,4,10.0,3,-0.10583298121828859
75,22,161,3,10.05,6,-0.10583282155650002
75,23,166,5,10.01,3,-0.10583270471318658
75,24,158,4,10.03,7,-0.10583123729764661
75,25,1000,3,5.39,5,-0.10583030190318823
75,26,1000,3,5.39,5,-0.1058289173990488
75,27,171,4,10.0,12,-0.10582825463069112
75,28,161,3,10.0,6,-0.10582699483225805
75,29,181,4,10.05,6,-0.10582635152405796
75,30,168,4,10.01,3,-0.10582512306670348
75,31,173,4,10.06,3,-0.10582399359672745
75,32,176,4,10.01,4,-0.10582180228084326
75,33,171,3,10.05,8,-0.1058201724499987
75,34,156,4,10.02,4,-0.10581808131283675
75,35,192,5,10.0,7,-0.10581654182169586
75,36,200,5,10.06,16,-0.10581562660634518
75,37,182,5,10.01,4,-0.10581295585239327
75,38,1000,5,6.83,3,-0.10581039851903916
75,39,171,4,10.05,2,-0.10580891196490728
75,40,165,4,10.03,3,-0.10580658691399025
75,41,1000,3,8.57,2,-0.10580370184779167
75,42,1000,3,5.2,2,-0.10580123143643141
75,43,165,3,10.03,6,-0.1057987782088193
75,44,163,5,10.04,3,-0.10579647507769929
75,45,244,4,10.04,4,-0.10579426366774762
75,46,181,4,10.0,3,-0.10579200846384902
75,47,1000,3,9.6,7,-0.10578916565328836
75,48,538,4,10.0,3,-0.10579980771337744
75,49,221,3,10.04,4,-0.10580126651271976
75,50,161,3,10.01,5,-0.10578710150829754
75,51,162,4,10.03,3,-0.10579822750555144
75,52,174,4,10.03,12,-0.10579748687216606
75,53,158,4,10.04,3,-0.10579750304923782
75,54,182,4,10.02,3,-0.10579701549895518
75,55,1000,3,3.72,1,-0.10578140637278557
75,56,1000,3,4.39,1,-0.10577852024137974
75,57,162,3,10.05,6,-0.10577677374268755
75,58,164,3,10.01,4,-0.10578992703884113
75,59,165,3,10.06,5,-0.10578725279280633
75,60,1000,2,4.61,4,-0.10578907791525126
75,61,1000,1,2.97,9,-0.10578826089948416
75,62,1000,1,2.79,7,-0.10578727784007788
76,1,1000,3,4.34,3,-0.11991970106214285
76,2,1000,3,3.83,2,-0.11991942781209945
76,3,1000,2,2.8,2,-0.11991950570046901
76,4,1000,5,8.14,3,-0.11991951261460781
76,5,1000,3,3.33,2,-0.11991975387185812
76,6,1000,2,2.84,3,-0.11991990182548762
76,7,1000,1,2.81,6,-0.11992052933573723
76,8,1000,1,2.8,6,-0.1199209190160036
76,9,1000,2,4.52,7,-0.11992106124758721
76,10,1000,2,3.29,7,-0.1199212466403842
76,11,1000,2,3.36,2,-0.11992071802914142
76,12,1000,2,4.8,5,-0.11992046931385994
76,13,1000,2,4.55,4,-0.11992083542048931
76,14,1000,2,3.14,2,-0.11992060949653387
76,15,1000,2,3.21,3,-0.11992018469423056
76,16,1000,4,6.0,2,-0.11992020216584205
76,17,1000,2,3.2,3,-0.11992041497677565
76,18,222,6,10.04,2,-0.11992107831814268
76,19,1000,5,4.62,1,-0.1199217500910163
76,20,1000,4,3.9,1,-0.11992189104855061
76,21,1000,4,6.76,3,-0.11992278657108545
76,22,1000,3,4.37,4,-0.11992294800281525
76,23,1000,2,3.25,3,-0.11992302320152522
76,24,1000,2,3.27,2,-0.1199236148968339
76,25,1000,1,2.63,2,-0.11992454096674919
76,26,1000,1,2.74,4,-0.11992390606552362
76,27,1000,2,3.0,3,-0.11992311919480562
76,28,1000,4,5.47,4,-0.1199221780449152
76,29,1000,3,3.52,4,-0.11992330031096936
76,30,1000,2,2.85,1,-0.11992469309270382
77,1,1000,3,4.21,3,-0.12767634642124176
77,2,1000,3,3.5,3,-0.12767558364570142
77,3,1000,3,5.05,6,-0.12767517559230326
77,4,1000,4,7.07,7,-0.1276734856516123
77,5,1000,4,4.66,3,-0.12767187172174455
77,6,1000,5,5.11,2,-0.12767112717032433
77,7,1000,4,8.15,5,-0.12767055840790273
77,8,1000,5,5.13,2,-0.12766977964341641
77,9,870,5,10.0,6,-0.127669032808693
77,10,1000,4,4.83,2,-0.12766831398010253
77,11,1000,3,3.41,3,-0.1276661673337221
77,12,1000,4,5.25,6,-0.12766844655573367
77,13,1000,5,5.36,3,-0.1276683294773102
77,14,1000,2,3.51,3,-0.12766812589764595
77,15,1000,1,2.89,7,-0.12766770523786544
77,16,1000,4,9.97,7,-0.12766711054742336
77,17,315,4,10.0,7,-0.127665785522688
77,18,1000,3,6.4,3,-0.12766376608610153
77,19,1000,3,6.26,4,-0.1276632183790207
77,20,1000,3,5.24,5,-0.12766412486135958
77,21,1000,3,6.87,4,-0.1276637506633997
77,22,1000,3,8.0,5,-0.12766179224848748
77,23,713,3,10.0,7,-0.12766009387344665
77,24,1000,3,5.57,4,-0.12765937219560147
77,25,1000,3,4.01,2,-0.12765947145223616
77,26,1000,3,3.29,1,-0.1276589232981205
77,27,1000,3,8.16,5,-0.1276577523201704
77,28,1000,4,7.62,3,-0.12766010962426663
77,29,1000,5,7.83,3,-0.127658512160182
77,30,1000,4,4.05,4,-0.12765810787677764
77,31,1000,3,3.56,3,-0.1276578359901905
77,32,1000,3,7.15,2,-0.1276576121300459
77,33,1000,3,5.09,2,-0.12765593500435352
77,34,1000,3,3.92,2,-0.12765620258450508
77,35,1000,3,5.49,3,-0.12765429148077964
77,36,1000,2,2.68,1,-0.12765377707779407
77,37,1000,2,3.57,3,-0.12765297783911228
77,38,1000,3,3.41,2,-0.12765037563443185
77,39,1000,2,2.63,2,-0.1276493102312088
78,1,1000,3,4.32,3,-0.019389217998832465
78,2,1000,3,4.09,2,-0.019389689888805153
78,3,1000,3,3.34,2,-0.019389642234891653
78,4,1000,4,3.03,3,-0.019389578446745874
78,5,1000,3,2.85,3,-0.01938956576026976
78,6,1000,4,3.86,4,-0.019389747954905032
78,7,1000,3,3.69,4,-0.01938966172747314
78,8,1000,2,2.77,3,-0.019389327513054014
78,9,1000,3,2.84,1,-0.01938933750987053
78,10,1000,2,2.52,1,-0.0193891953676939
78,11,1000,2,2.9,4,-0.019389283049851654
78,12,1000,3,3.31,2,-0.019389312576502563
78,13,1000,2,2.92,4,-0.019389561923220753
78,14,1000,3,4.17,3,-0.019389661373570562
78,15,1000,3,5.19,4,-0.019389809476211668
78,16,1000,2,2.78,3,-0.019389801921322943
78,17,1000,3,3.22,4,-0.019389963766559958
78,18,1000,3,3.74,3,-0.0193900556396693
78,19,1000,2,2.78,3,-0.0193901376016438
78,20,1000,2,2.78,3,-0.019390208212658765
78,21,1000,2,2.92,4,-0.019390367107465865
78,22,1000,2,3.24,6,-0.019390680588781833
78,23,1000,2,2.93,4,-0.0193904774710536
78,24,1000,3,3.22,4,-0.019390754226595162
78,25,1000,3,4.07,3,-0.01939109511487186
78,26,1000,2,3.23,6,-0.01939117382839322
78,27,1000,2,2.66,2,-0.01939142688177526
78,28,1000,2,3.06,5,-0.019391567163169383
78,29,1000,2,3.07,5,-0.019390852231532335
78,30,1000,2,2.83,3,-0.01939052361808717
78,31,1000,3,3.31,2,-0.019390816995874048
78,32,1000,2,2.68,2,-0.019389264354482294
78,33,1000,3,2.67,1,-0.01938895881175995
78,34,1000,3,2.74,1,-0.019389350313693286
78,35,1000,2,2.8,3,-0.019389504922553896
78,36,1000,3,3.59,3,-0.01938917059265077
78,37,1000,3,4.45,3,-0.019389469023793935
78,38,1000,3,3.76,3,-0.019389271808788182
78,39,1000,2,2.79,3,-0.019389656661078333
78,40,1000,1,2.48,1,-0.019389336928725243
78,41,1000,2,2.95,4,-0.019389382200315594
78,42,1000,4,5.46,3,-0.019389591064304112
78,43,1000,2,2.83,3,-0.01938974597863853
78,44,1000,2,2.55,1,-0.019389275461435318
78,45,1000,3,2.82,2,-0.019389627233147622
78,46,1000,3,3.09,2,-0.019389381490647794
78,47,1000,2,2.66,2,-0.01938966764137149
78,48,1000,2,2.68,2,-0.01938972557336092
78,49,1000,2,2.82,3,-0.01938995594903827
78,50,1000,2,2.81,3,-0.01939003024995327
78,51,1000,3,2.87,1,-0.019390094351023436
78,52,1000,3,2.63,1,-0.019390298053622246
78,53,1000,3,3.05,1,-0.019390247907489538
78,54,1000,3,2.85,1,-0.019390595430508258
78,55,1000,3,2.8,1,-0.019390769785270094
78,56,1000,3,2.87,1,-0.019391049079596996
78,57,1000,3,2.76,1,-0.019391377231106163
78,58,1000,2,2.7,2,-0.01939109931141138
78,59,1000,3,2.88,1,-0.019391555584967135
78,60,1000,2,2.54,1,-0.019391177222132683
78,61,1000,2,2.56,1,-0.019392115995287895
78,62,1000,2,2.57,1,-0.019392436370253563
78,63,1000,1,2.46,1,-0.019391486421227455
78,64,1000,1,2.5,1,-0.019391851499676704
78,65,1000,1,2.51,1,-0.019392177939414976
78,66,1000,1,2.52,1,-0.019392721354961395
78,67,1000,1,2.48,1,-0.019393205642700195
78,68,1000,1,2.48,1,-0.019393399357795715
78,69,1000,1,2.47,1,-0.019393829628825188
78,70,1000,1,2.47,1,-0.01939426176249981
78,71,1000,1,2.51,1,-0.01939469203352928
78,72,1000,1,2.53,1,-0.019394859671592712
78,73,1000,1,2.51,1,-0.01939529925584793
78,74,1000,1,2.49,1,-0.019395900890231133
78,75,1000,1,2.51,1,-0.019396401941776276
78,76,1000,1,2.51,1,-0.019396748393774033
78,77,1000,1,2.52,1,-0.019396716728806496
78,78,1000,1,2.51,1,-0.019396777804940937
78,79,1000,1,2.52,1,-0.01939704827964306
78,80,1000,1,2.48,1,-0.019397499039769173
78,81,1000,1,2.48,1,-0.01939784735441208
78,82,1000,1,2.49,1,-0.019398057833313942
78,83,1000,1,2.49,1,-0.019398706033825874
78,84,1000,1,2.48,1,-0.019399309530854225
78,85,1000,1,2.52,1,-0.019399655982851982
78,86,1000,1,2.5,1,-0.01939995400607586
78,87,1000,1,2.47,1,-0.019400659959763287
78,88,1000,1,2.51,1,-0.019401369616389275
78,89,1000,1,2.47,1,-0.019401581957936287
78,90,1000,1,2.53,1,-0.019402233883738518
78,91,1000,1,2.5,1,-0.01940292678773403
78,92,1000,1,2.52,1,-0.019403301179409027
78,93,1000,1,2.46,1,-0.01940377801656723
78,94,1000,1,2.53,1,-0.019404254853725433
78,95,1000,1,2.5,1,-0.019404519349336624
78,96,1000,1,2.48,1,-0.019404947757720947
78,97,1000,1,2.5,1,-0.019405292347073555
78,98,1000,1,2.51,1,-0.019405517680570483
78,99,1000,1,2.51,1,-0.01940569467842579
78,100,1000,1,2.51,1,-0.019405893981456757
78,101,1000,1,2.5,1,-0.0194062702357769
78,102,1000,1,2.51,1,-0.019407028332352638
78,103,1000,1,2.46,1,-0.0194074846804142
78,104,1000,1,2.5,1,-0.01940751075744629
78,105,1000,1,2.51,1,-0.019407672807574272
78,106,1000,1,2.51,1,-0.019408302381634712
78,107,1000,1,2.46,1,-0.01940813846886158
78,108,1000,1,2.51,1,-0.019407848235219717
78,109,1000,1,2.45,1,-0.019408149644732475
78,110,1000,1,2.48,1,-0.01940879039466381
78,111,1000,1,2.47,1,-0.01940883882343769
78,112,1000,1,2.48,1,-0.01940849982202053
78,113,1000,1,2.48,1,-0.019408836964517832
78,114,1000,1,2.49,1,-0.01940900084748864
78,115,1000,1,2.5,1,-0.019409136846661568
78,116,1000,1,2.49,1,-0.019409436732530594
78,117,1000,1,2.47,1,-0.01941029168665409
78,118,1000,1,2.5,1,-0.019410237669944763
78,119,1000,1,2.48,1,-0.01941034570336342
78,120,1000,1,2.48,1,-0.019411267712712288
78,121,1000,1,2.49,1,-0.01941177249327302
78,122,1000,1,2.49,1,-0.01941262930817902
78,123,1000,1,2.51,1,-0.01941335203498602
78,124,1000,1,2.5,1,-0.019414002077654004
78,125,1000,1,2.48,1,-0.019413791596889496
78,126,1000,1,2.49,1,-0.019414540380239487
78,127,1000,1,2.48,1,-0.01941554993391037
78,128,1000,1,2.48,1,-0.01941540464758873
78,129,1000,1,2.51,1,-0.019416147843003273
78,130,1000,1,2.52,1,-0.01941574364900589
78,131,1000,1,2.48,1,-0.01941606029868126
78,132,1000,1,2.54,1,-0.019416580161079763
78,133,1000,1,2.52,1,-0.01941622793674469
78,134,1000,1,2.54,1,-0.019416430965065956
78,135,1000,1,2.48,1,-0.019417446106672287
78,136,1000,1,2.48,1,-0.019416922703385353
78,137,1000,1,2.52,1,-0.019416403025388718
78,138,1000,1,2.49,1,-0.019416119903326035
78,139,1000,1,2.52,1,-0.019415730610489845
78,140,1000,1,2.54,1,-0.01941611059010029
78,141,1000,1,2.49,1,-0.019416846334934235
78,142,1000,1,2.47,1,-0.019417384639382362
78,143,1000,1,2.46,1,-0.01941814460232854
78,144,1000,1,2.52,1,-0.01941891945898533
78,145,1000,1,2.53,1,-0.01941910944879055
78,146,1000,1,2.5,1,-0.019419169053435326
78,147,1000,1,2.47,1,-0.019418776035308838
78,148,1000,1,2.47,1,-0.01941973902285099
78,149,1000,1,2.51,1,-0.019420605152845383
78,150,1000,1,2.51,1,-0.019420737400650978
78,151,1000,1,2.48,1,-0.019421547651290894
78,152,1000,1,2.48,1,-0.01942157931625843
78,153,1000,1,2.52,1,-0.0194216314740479
78,154,1000,1,2.5,1,-0.01942182146012783
78,155,1000,1,2.48,1,-0.019422363489866257
78,156,1000,1,2.52,1,-0.019423093646764755
78,157,1000,1,2.51,1,-0.01942257769405842
78,158,1000,1,2.49,1,-0.019422702491283417
78,159,1000,1,2.52,1,-0.019423089921474457
78,160,1000,1,2.54,1,-0.019423022866249084
78,161,1000,1,2.48,1,-0.019424058496952057
78,162,1000,1,2.52,1,-0.019424881786108017
78,163,1000,1,2.47,1,-0.01942501217313111
78,164,1000,1,2.52,1,-0.019425608217716217
78,165,1000,1,2.49,1,-0.019426811899989842
78,166,1000,1,2.51,1,-0.01942702941596508
78,167,1000,1,2.5,1,-0.019428484082221986
78,168,1000,1,2.5,1,-0.019427152263000607
78,169,1000,1,2.5,1,-0.019427675753831863
78,170,1000,1,2.5,1,-0.01942303590476513
78,171,1000,0,2.41,0,-0.019424028733745217
79,1,1000,3,4.25,3,0.06680184796452522
79,2,1000,3,3.85,3,0.06680142652988434
79,3,1000,3,2.85,1,0.066800571128726
79,4,1000,2,2.79,2,0.06680030226707459
79,5,1000,1,2.64,3,0.06679974372684956
79,6,1000,1,2.68,3,0.06679906612634659
79,7,1000,1,2.75,5,0.06679844738543034
79,8,1000,1,2.56,2,0.06679827360808849
79,9,1000,2,3.46,2,0.06679834472388028
79,10,1000,2,3.23,4,0.06679780609160661
79,11,1000,3,3.36,2,0.06679725274443626
79,12,1000,3,4.85,3,0.06679623670130969
79,13,1000,5,9.21,3,0.06679639080166817
79,14,1000,2,2.95,3,0.06679556772857904
79,15,1000,1,2.67,4,0.06679506905376911
79,16,1000,2,3.02,2,0.06679459637403488
79,17,1000,6,7.82,3,0.06679418862611056
79,18,191,5,10.01,3,0.06679419584143224
79,19,1000,4,6.57,3,0.0667945916801691
79,20,1000,4,3.96,1,0.06679352114349604
79,21,251,5,10.05,2,0.06679333494122759
79,22,167,4,10.0,2,0.06679420588080755
79,23,1000,4,5.04,3,0.06679477499425411
79,24,1000,3,5.06,3,0.06679468862712383
79,25,791,4,10.0,3,0.06679388049956972
79,26,547,3,10.0,13,0.0667945685944566
79,27,182,5,10.0,3,0.06679465691303159
79,28,904,5,10.0,2,0.06679638620235223
79,29,1000,3,7.95,7,0.06679617156088352
79,30,1000,4,9.09,2,0.06679542914032936
79,31,309,4,10.0,4,0.06679666150831481
79,32,192,4,10.01,8,0.06679668467647086
79,33,1000,5,9.84,5,0.06679646757245064
80,1,1000,3,4.31,3,-0.06915563697367906
80,2,1000,3,4.51,3,-0.06915507516264915
80,3,1000,4,4.11,3,-0.06915446757525205
80,4,1000,3,3.68,4,-0.06915435722470284
80,5,1000,4,3.76,3,-0.06915432436019182
80,6,1000,4,3.78,3,-0.06915368700027466
80,7,1000,3,3.51,3,-0.06915319562703372
80,8,839,3,10.0,6,-0.06915340982865946
80,9,1000,4,5.83,3,-0.06915280330181121
80,10,229,5,10.02,3,-0.06915243643470206
80,11,1000,5,8.65,3,-0.06915283075720072
80,12,1000,4,3.63,3,-0.06915328519791365
80,13,1000,4,5.05,7,-0.0691531573832035
80,14,1000,2,3.09,5,-0.06915304643660784
80,15,1000,3,4.92,1,-0.06915267860889435
80,16,1000,3,4.01,5,-0.06915174043178558
80,17,186,5,10.02,3,-0.0691509142678271
80,18,180,5,10.03,3,-0.06915049035516051
80,19,1000,4,3.43,2,-0.06915041821449995
80,20,1000,3,4.0,1,-0.06915099066495896
80,21,1000,4,5.43,1,-0.06915150599181652
80,22,171,3,10.05,12,-0.06915164948032614
80,23,160,3,10.03,3,-0.06915111229754985
80,24,171,5,10.05,4,-0.06915008803905799
80,25,206,6,10.04,6,-0.0691493607478813
80,26,159,4,10.02,2,-0.0691484253642694
80,27,175,4,10.01,12,-0.06914793316807066
80,28,168,4,10.05,2,-0.06914795088093906
80,29,158,4,10.01,6,-0.0691472302792193
80,30,158,3,10.0,17,-0.06914728936515277
80,31,156,3,10.06,3,-0.06914730976598385
80,32,186,4,10.01,14,-0.06914803157410314
80,33,178,4,10.06,16,-0.06914693841271186
80,34,160,3,10.01,6,-0.06914670853875578
80,35,196,4,10.01,11,-0.0691463435638924
80,36,215,4,10.03,15,-0.06914501321870227
80,37,1000,1,2.59,2,-0.06914501511305571
80,38,1000,0,2.46,0,-0.06914374232292175
80,39,1000,1,2.63,2,-0.06914498656988144
80,40,1000,0,2.46,0,-0.06914319843053818
80,41,1000,1,2.51,1,-0.06914570182561874
80,42,1000,3,8.19,3,-0.06914249733835459
80,43,1000,1,2.59,2,-0.06914506610482932
80,44,1000,1,2.64,2,-0.06914075076580048
80,45,1000,1,2.57,2,-0.06914512070268393
80,46,1000,1,2.59,2,-0.06914064475148916
80,47,1000,0,2.5,0,-0.06914485991001129
80,48,1000,0,2.47,0,-0.06914053857326508
80,49,1000,2,8.25,12,-0.0691450744792819
80,50,1000,2,3.58,13,-0.06914496705681085
81,1,1000,3,4.23,3,-0.023047285513952374
81,2,1000,3,3.68,3,-0.023047419330105186
81,3,1000,2,2.95,3,-0.023047881782054903
81,4,1000,3,3.55,2,-0.023047741666436194
81,5,1000,4,3.53,3,-0.02304785210452974
81,6,1000,4,4.78,3,-0.023048594772815706
81,7,182,5,10.05,4,-0.023048275907697913
81,8,192,6,10.02,3,-0.023048045909187447
81,9,1000,3,6.34,9,-0.023047974897548555
81,10,535,5,10.0,9,-0.02304840408892275
81,11,1000,5,4.37,5,-0.023048289144411684
81,12,192,5,10.03,5,-0.02304876229997414
81,13,189,4,10.01,4,-0.023049218934916314
81,14,1000,4,8.85,13,-0.02304947026632726
81,15,197,4,10.05,6,-0.023050182872466025
81,16,420,5,10.04,2,-0.02305041462449091
81,17,1000,2,3.08,2,-0.023050757177174093
81,18,1000,3,4.97,6,-0.02305031104758382
81,19,173,5,10.06,2,-0.02305077742031544
81,20,174,4,10.02,7,-0.02305055671938877
81,21,161,4,10.05,5,-0.02305049682903734
81,22,206,4,10.06,4,-0.023051052914878117
81,23,255,6,10.06,3,-0.02305077238410127
81,24,201,7,10.01,5,-0.023051160772270825
81,25,184,4,10.0,5,-0.023050682538229485
81,26,160,4,10.0,2,-0.02305030800634995
81,27,1000,5,5.43,3,-0.02305046974122524
81,28,165,4,10.02,8,-0.02305081889710643
81,29,599,5,10.0,1,-0.023050812761826387
81,30,250,5,10.0,9,-0.023049868017435075
81,31,154,4,10.05,3,-0.02305002827439215
81,32,1000,4,8.37,2,-0.023050672702491285
81,33,161,4,10.02,2,-0.023050788361926255
81,34,157,3,10.06,13,-0.02305047081154623
81,35,154,3,10.03,10,-0.02305032005654527
81,36,151,3,10.02,3,-0.023050855265449213
81,37,162,4,10.05,3,-0.023051928464369275
81,38,171,5,10.05,3,-0.02305135600355982
81,39,1000,4,6.25,15,-0.023050907263532282
82,1,1000,3,4.22,3,-0.06207050935924053
82,2,1000,3,4.15,3,-0.062069624699652194
82,3,1000,3,3.82,3,-0.06206924480199814
82,4,1000,3,7.83,6,-0.062068741790950295
82,5,1000,3,8.45,6,-0.06206853767111897
82,6,1000,4,8.43,3,-0.06206821519508958
82,7,1000,4,8.44,3,-0.06206796893104911
82,8,1000,4,9.27,3,-0.06206780422106385
82,9,1000,3,4.83,2,-0.06206761386245489
82,10,1000,3,3.62,1,-0.062067815490067006
82,11,1000,3,9.29,5,-0.06206753334030509
82,12,478,3,10.0,3,-0.062067651006716566
82,13,1000,3,5.5,3,-0.062068179327994584
82,14,1000,3,5.32,2,-0.06206776425614953
82,15,1000,3,5.97,4,-0.06206757867708802
82,16,1000,1,2.56,2,-0.06206789094954729
83,1,1000,3,4.3,3,0.10426829113811255
83,2,1000,3,4.46,3,0.10426785107702016
83,3,1000,4,4.45,2,0.104267731025815
83,4,1000,4,6.42,4,0.10426679278165102
83,5,1000,4,5.72,3,0.10426714868098498
83,6,1000,3,6.36,5,0.1042667965143919
83,7,1000,3,6.33,5,0.10426643224805593
83,8,1000,3,4.13,2,0.10426557501405477
83,9,1000,3,7.73,4,0.10426482507586479
83,10,1000,3,5.45,2,0.10426317455619574
83,11,361,3,10.0,8,0.10426420024970232
83,12,1000,3,3.72,2,0.1042643141746521
83,13,1000,3,5.59,3,0.10426345705986023
83,14,1000,3,3.89,1,0.10426330684870481
83,15,1000,3,3.76,1,0.10426345206052065
83,16,1000,3,5.87,5,0.10426296151429415
83,17,501,3,10.0,5,0.10426390461043683
83,18,521,3,10.0,6,0.10426360937890072
83,19,1000,4,6.88,4,0.10426280856877565
83,20,1000,4,6.42,2,0.10426128844916821
83,21,559,4,10.0,6,0.10426059490559567
83,22,1000,3,9.56,5,0.10425947646796703
83,23,1000,3,6.28,2,0.1042607502490282
83,24,1000,3,4.25,1,0.10426028560847043
83,25,1000,3,7.41,5,0.10426069031655788
83,26,1000,4,9.19,3,0.10426029526442289
83,27,1000,3,5.54,3,0.1042576778009534
83,28,1000,3,8.41,3,0.10425614540278912
83,29,1000,3,5.18,2,0.10425739888846874
83,30,1000,4,9.52,4,0.10425585594773293
83,31,270,4,10.01,3,0.10425621456018201
83,32,908,4,10.0,3,0.10425675072859038
83,33,1000,4,7.11,3,0.10425610860437155
83,34,1000,3,3.74,2,0.1042552231401205
83,35,1000,3,3.1,1,0.10425586191564798
83,36,1000,2,3.1,5,0.10425547724217177
83,37,1000,3,4.01,5,0.10425539292395115
83,38,1000,3,4.19,5,0.10425540623813867
83,39,1000,4,4.64,5,0.10425499007850886
83,40,1000,3,3.23,3,0.10425470768660307
83,41,1000,3,3.11,1,0.10425333467125893
83,42,1000,3,3.11,1,0.10425354558229447
83,43,1000,3,2.83,1,0.10425115912407637
83,44,1000,3,2.82,1,0.10425001649558543
83,45,1000,3,2.84,1,0.10424984079599381
83,46,1000,3,2.88,1,0.10425025933980941
84,1,1000,3,4.22,3,-0.14438858573138713
84,2,1000,3,4.71,3,-0.14438870222866534
84,3,1000,4,5.15,3,-0.14438869754970074
84,4,1000,4,6.74,3,-0.14438871903717518
84,5,1000,4,7.13,3,-0.14438891784846783
84,6,1000,4,7.51,5,-0.14438912898302078
84,7,1000,3,3.47,3,-0.1443890273272991
84,8,1000,3,6.43,5,-0.1443889582902193
84,9,1000,3,4.95,3,-0.144389636695385
84,10,1000,3,4.61,3,-0.1443896734416485
84,11,1000,3,3.9,2,-0.14438927820324898
84,12,1000,3,5.27,5,-0.1443889363259077
84,13,1000,3,4.17,3,-0.14438919161260128
84,14,1000,3,3.01,1,-0.14438865858316421
84,15,1000,2,2.98,2,-0.1443884074538946
84,16,1000,3,6.56,13,-0.1443885894715786
84,17,1000,3,3.4,3,-0.14438843354582787
84,18,1000,3,6.21,12,-0.1443883502483368
84,19,1000,3,3.08,2,-0.14438729022443295
84,20,1000,5,3.69,2,-0.1443880609869957
84,21,1000,3,2.74,1,-0.14438722002506257
84,22,1000,2,2.68,1,-0.14438764645159244
84,23,1000,2,2.67,1,-0.14438941925764084
84,24,1000,3,2.76,1,-0.14438980650901795
84,25,1000,3,4.63,7,-0.14438719348609447
84,26,1000,3,3.45,3,-0.14438745605945588
84,27,1000,3,2.99,2,-0.14438764511048793
84,28,1000,3,5.24,2,-0.14438792140781878
84,29,1000,3,7.7,4,-0.1443885823190212
84,30,1000,3,4.19,5,-0.1443887946009636
84,31,787,3,10.0,6,-0.14438493900105187
84,32,1000,3,3.67,4,-0.14438598804175853
84,33,1000,3,7.13,6,-0.14438627023994924
84,34,1000,3,7.13,6,-0.14438585902750492
84,35,1000,3,7.05,6,-0.14438680566847326
84,36,1000,3,4.89,3,-0.14438279086351394
84,37,1000,4,4.36,1,-0.1443838226646185
84,38,287,4,10.05,6,-0.1443841607936168
84,39,269,4,10.01,6,-0.14438225777618946
84,40,326,4,10.0,5,-0.14438211593342706
84,41,1000,3,4.98,3,-0.1443807837665081
84,42,1000,3,8.69,4,-0.1443812179416418
84,43,1000,3,9.37,3,-0.14438030968606472
84,44,1000,3,4.64,1,-0.1443807891458273
84,45,1000,3,4.22,7,-0.1443807162642479
84,46,185,3,10.02,7,-0.1443805744519105
84,47,1000,1,2.54,2,-0.14437923672795297
85,1,1000,3,4.3,3,-0.0063774026832543315
85,2,1000,3,3.93,3,-0.006377065128646791
85,3,1000,3,3.57,3,-0.006376865498721599
85,4,1000,4,4.49,3,-0.006376790943089873
85,5,1000,3,3.36,3,-0.006376343613956123
85,6,1000,3,2.6,1,-0.00637701153755188
85,7,1000,3,3.07,2,-0.006376598827540874
85,8,1000,2,2.77,3,-0.006376101474743336
85,9,1000,3,3.08,2,-0.006377840685658157
85,10,1000,5,3.8,2,-0.006377459508832544
85,11,194,5,10.04,6,-0.006376354419866327
85,12,1000,6,7.13,2,-0.006374439714942127
85,13,1000,4,3.62,1,-0.00637401219457388
85,14,1000,5,3.94,1,-0.006373747195117176
85,15,1000,3,3.32,1,-0.0063735026475042105
85,16,1000,3,3.2,1,-0.006372426589019597
85,17,1000,2,3.17,1,-0.006371632746886462
85,18,1000,3,4.46,2,-0.006371613556519151
85,19,1000,3,5.13,3,-0.006371594808995724
85,20,1000,3,4.49,2,-0.0063706199149601165
85,21,1000,3,5.15,3,-0.006370244736783206
85,22,1000,4,8.93,8,-0.00637089793337509
85,23,1000,3,5.93,1,-0.006370146633125842
85,24,1000,4,8.34,1,-0.00637020090315491
85,25,153,4,10.02,1,-0.006370413570597865
85,26,181,4,10.02,10,-0.006369927663932354
85,27,1000,5,9.14,3,-0.0063718305113725365
85,28,158,4,10.0,3,-0.006369729343613115
85,29,159,4,10.0,7,-0.006376610972198113
85,30,1000,3,3.26,1,-0.006376565234735608
85,31,1000,3,4.24,2,-0.00637701024254784
85,32,180,4,10.01,6,-0.006377135711308155
85,33,892,3,10.0,2,-0.006376580980965542
85,34,1000,4,8.42,4,-0.006375898007303476
85,35,1000,3,8.74,6,-0.006375385063700378
85,36,489,3,10.0,3,-0.006377846585369549
85,37,1000,1,2.99,9,-0.006377245014999062
86,1,1000,3,4.34,3,0.06536570041626692
86,2,1000,3,3.98,3,0.06536580085754394
86,3,1000,2,2.84,2,0.06536614783108234
86,4,1000,3,5.86,5,0.06536662559211254
86,5,1000,4,5.29,3,0.06536667865514756
86,6,1000,3,4.07,3,0.06536647149920463
86,7,1000,3,4.01,3,0.06536654893308878
86,8,1000,4,5.94,3,0.06536638422310352
86,9,1000,4,8.64,3,0.06536625476926565
86,10,1000,3,6.94,4,0.06536581771820783
86,11,1000,2,3.15,5,0.06536551867425441
86,12,1000,3,4.71,3,0.06536563204228878
86,13,1000,3,4.53,3,0.06536483350396156
86,14,1000,4,3.51,3,0.06536455561965704
86,15,1000,2,2.97,4,0.06536488055437803
86,16,1000,2,2.6,1,0.06536557525396347
86,17,1000,3,3.06,3,0.06536524406075478
86,18,1000,3,3.72,4,0.06536505737155676
86,19,1000,3,5.85,6,0.06536526414006949
86,20,1000,4,3.77,3,0.06536538690328599
86,21,1000,2,3.08,2,0.06536520182341338
86,22,1000,3,3.58,3,0.06536512348800898
86,23,1000,3,6.12,7,0.06536526737362146
86,24,1000,3,4.0,2,0.065365289516747
86,25,168,4,10.05,10,0.0653643620510896
86,26,1000,6,6.59,3,0.06536348316073418
86,27,1000,4,4.08,1,0.06536349964886903
86,28,1000,5,4.72,2,0.0653631392940879
86,29,416,4,10.0,5,0.06536360763801405
86,30,1000,4,9.52,3,0.06536283707618713
86,31,1000,3,3.44,2,0.06536251859366894
86,32,1000,2,3.02,2,0.06536260165274144
86,33,1000,5,3.92,2,0.06536217215657235
86,34,1000,3,4.65,3,0.06536171612888575
86,35,1000,3,5.27,4,0.06536174271255732
86,36,1000,1,2.59,2,0.06536138286441565
86,37,1000,1,2.59,2,0.0653617803156376
86,38,1000,1,2.7,4,0.06536122068017722
86,39,1000,3,5.62,3,0.06536056007444858
86,40,1000,3,4.1,2,0.06536046104878188
86,41,1000,3,3.84,4,0.06536069319397211
86,42,1000,1,2.61,2,0.06536066821217537
87,1,1000,3,4.38,3,0.050714473012834785
87,2,1000,3,3.58,2,0.05071313959732652
87,3,1000,3,3.8,2,0.05071243011206388
87,4,1000,2,3.3,2,0.050711942739784716
87,5,1000,5,5.56,2,0.050712079364806414
87,6,1000,5,4.65,2,0.050712471194565296
87,7,1000,2,3.3,2,0.050712261319160463
87,8,1000,2,3.51,2,0.05071280729398132
87,9,1000,2,4.75,9,0.05071225543320179
87,10,163,3,10.01,7,0.050710251703401286
87,11,187,5,10.03,7,0.050710669494567706
87,12,215,5,10.04,3,0.050709704379009644
87,13,1000,4,7.07,2,0.05071128224208951
87,14,1000,4,4.66,2,0.050712212041020395
87,15,1000,2,4.12,5,0.050711936231702566
87,16,1000,3,8.04,7,0.05071228296309709
87,17,1000,2,3.85,2,0.050712566405534745
87,18,1000,2,3.54,4,0.05071113650873303
87,19,1000,3,7.18,3,0.05070901182666421
87,20,1000,3,4.77,1,0.05070844908431173
87,21,1000,3,5.58,1,0.05070950504392385
87,22,192,5,10.02,4,0.05071063766566416
87,23,186,4,10.05,16,0.05070981088905565
87,24,142,4,10.03,3,0.05070940166396994
87,25,166,4,10.04,1,0.050707418853080416
87,26,166,4,10.05,3,0.05070570840623723
87,27,165,4,10.06,4,0.050706475070028595
87,28,171,4,10.0,4,0.05070613076289495
87,29,158,3,10.05,2,0.05070673372549347
87,30,158,3,10.0,15,0.05070744949994208
87,31,170,4,10.03,9,0.05070739927537301
87,32,161,3,10.01,9,0.05070854721139677
87,33,180,4,10.05,6,0.0507062037785848
87,34,169,5,10.07,3,0.05070557440879077
87,35,163,4,10.0,3,0.050705358088930695
87,36,178,5,10.06,3,0.050707558002532196
87,37,170,5,10.04,3,0.05070782080292702
87,38,157,4,10.01,3,0.050709026017386444
87,39,184,3,10.05,18,0.05070773582986515
87,40,155,3,10.04,2,0.05070461503440334
87,41,167,3,10.01,18,0.05070404277857906
87,42,163,5,10.04,3,0.05070399497549958
87,43,162,4,10.01,3,0.05070473522775703
87,44,176,5,10.01,3,0.05070492064326324
87,45,240,5,10.03,3,0.0507053982000798
87,46,187,4,10.06,3,0.050703519965238114
87,47,172,4,10.03,3,0.050704443718978136
87,48,174,5,10.01,3,0.05070369979687806
87,49,1000,4,6.83,3,0.050705614786595105
88,1,1000,3,4.34,3,0.09370073117315769
88,2,1000,3,4.87,3,0.09370109774172306
88,3,1000,4,6.23,3,0.09370149375498295
88,4,1000,5,9.08,3,0.093702046751976
88,5,1000,4,5.97,3,0.09370244945585728
88,6,1000,4,4.75,2,0.09370282715559006
88,7,1000,4,4.81,2,0.09370309025794267
88,8,1000,4,3.82,1,0.09370307938754559
88,9,1000,4,4.71,1,0.0937031828686595
88,10,1000,4,5.24,1,0.09370337384194136
88,11,1000,4,5.17,1,0.09370267019420862
88,12,1000,4,5.16,1,0.09370329182595015
88,13,1000,4,5.55,1,0.0937038796916604
88,14,1000,4,5.97,1,0.09370434802770615
88,15,1000,4,6.64,1,0.09370407727360726
88,16,1000,4,6.94,1,0.09370420363545418
88,17,1000,4,6.97,1,0.09370467612892389
88,18,1000,4,7.01,1,0.09370506534725427
88,19,1000,4,7.06,1,0.09370510113984347
88,20,1000,4,7.06,1,0.09370558869093656
88,21,1000,4,7.04,1,0.09370587775111199
88,22,1000,4,7.09,1,0.09370566944032907
88,23,1000,4,7.15,1,0.09370591834932565
88,24,1000,4,7.05,1,0.09370575737953186
88,25,1000,4,7.02,1,0.09370596600323916
88,26,1000,4,7.03,1,0.09370607374608517
88,27,1000,4,7.09,1,0.0937065852507949
88,28,1000,3,5.09,1,0.09370696652680635
88,29,1000,3,5.21,1,0.09370738089829683
88,30,1000,3,5.14,1,0.09370734398812056
88,31,1000,3,7.74,2,0.0937076032757759
88,32,1000,3,7.65,2,0.09370782905817032
88,33,1000,3,7.68,2,0.09370874539017678
88,34,372,5,10.02,2,0.09370933274828619
88,35,1000,3,5.09,1,0.09370927756279707
88,36,1000,2,4.96,11,0.09370968449115753
88,37,1000,2,3.43,4,0.0937088124677539
88,38,1000,1,2.7,3,0.09370878387987613
88,39,1000,2,5.17,11,0.09370931717008352
88,40,1000,2,4.19,7,0.09370948547124863
88,41,1000,2,4.79,9,0.09370929338037967
88,42,1000,2,3.24,3,0.093709178827703
88,43,1000,2,3.54,4,0.09370983240008354
88,44,1000,2,3.54,4,0.09370943239331245
88,45,1000,4,7.84,3,0.09370957465469837
88,46,1000,2,3.43,3,0.09370792372524739
88,47,1000,3,4.0,3,0.09370779393613339
88,48,1000,2,4.14,8,0.0937071568518877
88,49,1000,5,9.92,1,0.09370581793785095
88,50,172,4,10.06,3,0.09370754784796127
88,51,160,4,10.01,14,0.09370914655737579
88,52,1000,3,3.41,3,0.09370933667570353
88,53,1000,4,5.4,2,0.09370914206653834
88,54,1000,4,3.67,1,0.09370976477861405
88,55,1000,4,3.62,1,0.0937102814167738
88,56,1000,5,4.27,3,0.09371173776686191
88,57,1000,4,5.93,5,0.09371206207573414
88,58,1000,4,4.32,3,0.0937117640003562
88,59,1000,3,3.29,1,0.09371165584772825
88,60,1000,3,3.29,1,0.0937118245959282
88,61,1000,3,3.29,1,0.0937123550400138
88,62,1000,3,3.26,1,0.09371269410848618
88,63,1000,3,3.31,1,0.09371318672597408
88,64,1000,3,3.29,1,0.09371387007087469
88,65,1000,3,3.27,1,0.0937142789363861
88,66,1000,3,3.31,1,0.09371497588604688
88,67,1000,3,3.28,1,0.0937158286422491
88,68,1000,3,3.28,1,0.09371656899899244
88,69,1000,3,3.27,1,0.0937170075327158
88,70,1000,3,3.34,1,0.09371787168830634
88,71,1000,3,3.33,1,0.09371813125163317
88,72,1000,3,3.28,1,0.09371843072026968
88,73,1000,3,3.35,1,0.09371828238666058
88,74,1000,3,3.3,1,0.09371849965304137
88,75,1000,3,3.28,1,0.09371889650076627
88,76,1000,3,3.28,1,0.09371897942572832
88,77,1000,3,3.33,1,0.09371960692107678
88,78,1000,3,3.28,1,0.09371980856359005
88,79,1000,3,3.34,1,0.09371969190239907
88,80,1000,3,3.34,1,0.09372005289047956
88,81,1000,3,3.29,1,0.09372031144797802
88,82,1000,3,3.3,1,0.09372035645693541
88,83,1000,3,3.28,1,0.09372013724595309
88,84,1000,3,3.34,1,0.09372069323062897
88,85,1000,3,3.28,1,0.0937207882553339
88,86,1000,3,3.29,1,0.0937216904386878
88,87,1000,3,3.28,1,0.09372122899442911
88,88,1000,3,3.3,1,0.09372282122075558
88,89,1000,3,3.27,1,0.093723420009017
88,90,1000,3,3.3,1,0.0937246004641056
88,91,1000,3,3.31,1,0.0937245878726244
88,92,1000,3,3.34,1,0.0937248358875513
88,93,1000,3,3.3,1,0.09372606315463781
88,94,1000,3,3.34,1,0.09372677195817232
88,95,1000,3,3.3,1,0.09372693727910518
88,96,1000,3,3.29,1,0.09372769805788994
88,97,1000,3,3.28,1,0.09372800577431917
88,98,1000,3,3.35,1,0.09372840198129416
88,99,1000,3,3.31,1,0.09373000693321228
88,100,1000,3,3.28,1,0.0937311592400074
88,101,1000,3,3.3,1,0.09373227270692587
88,102,1000,3,3.29,1,0.09373307050764561
88,103,1000,3,3.3,1,0.09373309205472469
88,104,1000,3,3.35,1,0.09373350570350886
88,105,1000,3,3.32,1,0.09373333203792572
88,106,1000,3,3.34,1,0.0937346486672759
88,107,1000,3,3.31,1,0.09373509903997183
88,108,1000,3,3.31,1,0.09373635888844728
88,109,1000,3,3.32,1,0.09373797450214624
88,110,1000,3,3.3,1,0.0937395531758666
88,111,1000,3,3.31,1,0.093740971326828
88,112,1000,3,3.34,1,0.09374256493151188
88,113,1000,3,3.32,1,0.09374335590004922
88,114,1000,3,3.35,1,0.09374390615522861
88,115,1000,3,3.29,1,0.09374466609954835
88,116,1000,3,3.32,1,0.09374664454162121
88,117,1000,3,3.31,1,0.09374773626774549
88,118,1000,3,3.33,1,0.09374799583107234
88,119,1000,3,3.35,1,0.09374829033762216
88,120,1000,3,3.31,1,0.0937497813925147
88,121,1000,3,3.3,1,0.09375067034363746
88,122,1000,3,3.32,1,0.0937516616359353
88,123,1000,3,3.3,1,0.09375231583416462
88,124,1000,3,3.34,1,0.09375393203645944
88,125,1000,3,3.29,1,0.09375425547361374
88,126,1000,3,3.27,1,0.09375658688694238
88,127,1000,3,3.28,1,0.0937574619948864
88,128,1000,3,3.31,1,0.09375911636650562
88,129,1000,3,3.36,1,0.09375954560190439
88,130,1000,3,3.34,1,0.09375990776717663
88,131,1000,3,3.32,1,0.09376045102626085
88,132,1000,3,3.37,1,0.09376039589196443
88,133,1000,3,3.31,1,0.09376308645308018
88,134,1000,3,3.27,1,0.09376416742056608
88,135,1000,3,3.36,1,0.0937641826197505
88,136,1000,3,3.3,1,0.09376502633094788
88,137,1000,3,3.29,1,0.09376632501929999
88,138,1000,3,3.33,1,0.09376687292009592
88,139,1000,3,3.31,1,0.09376742792874575
88,140,1000,3,3.24,1,0.09376919555664062
88,141,1000,3,3.32,1,0.09377116528153419
88,142,1000,3,3.31,1,0.09377457018941641
88,143,1000,3,3.29,1,0.09377494742721319
88,144,1000,3,3.31,1,0.09377585891634226
88,145,1000,3,3.37,1,0.09377732671797276
88,146,1000,3,3.31,1,0.09377786838263273
88,147,1000,3,3.32,1,0.0937806057780981
88,148,1000,3,3.35,1,0.09378161151707172
88,149,1000,3,3.32,1,0.09378335943073034
88,150,1000,3,3.32,1,0.09378342822939158
88,151,1000,3,3.34,1,0.09378630439192057
88,152,1000,3,3.31,1,0.09378723479807377
88,153,1000,3,3.36,1,0.09378972581028938
88,154,1000,3,3.32,1,0.0937904861047864
88,155,1000,3,3.37,1,0.09379099544137716
88,156,1000,3,3.32,1,0.09379239282757044
88,157,1000,3,3.31,1,0.093792229257524
88,158,1000,3,3.33,1,0.09379487337917089
88,159,1000,3,3.35,1,0.09379682940989732
88,160,1000,3,3.33,1,0.09379867171496153
88,161,1000,3,3.35,1,0.09380220158398152
88,162,1000,3,3.36,1,0.09380297505110502
88,163,1000,3,3.32,1,0.09380548557639122
88,164,1000,3,3.32,1,0.09380849700421096
88,165,1000,3,3.32,1,0.09380949267745017
88,166,1000,3,3.33,1,0.09381281184405088
88,167,1000,3,3.36,1,0.0938133428171277
88,168,1000,3,3.36,1,0.0938156391903758
88,169,1000,3,3.3,1,0.09381567005813121
88,170,1000,3,3.36,1,0.09381874400377274
88,171,1000,3,3.36,1,0.09382138200849295
88,172,1000,3,3.31,1,0.09382216399163008
88,173,1000,3,3.3,1,0.09382454577088356
88,174,1000,3,3.31,1,0.09382642716914415
88,175,1000,3,3.29,1,0.09382813250273467
88,176,1000,3,3.35,1,0.09383038913458586
88,177,1000,3,3.32,1,0.0938321144208312
88,178,1000,3,3.32,1,0.09383319532871247
88,179,1000,3,3.32,1,0.09383390218764544
88,180,1000,3,3.33,1,0.09383614791929722
88,181,1000,3,3.33,1,0.09383794531971217
88,182,1000,3,3.32,1,0.09384054411202669
88,183,1000,3,3.36,1,0.09384183786064386
88,184,1000,3,3.32,1,0.09384424017369747
88,185,1000,3,3.36,1,0.09384619981050492
88,186,1000,3,3.3,1,0.09384697812050581
88,187,1000,3,3.35,1,0.09384683717042208
88,188,1000,3,3.28,1,0.09385022546350956
88,189,1000,3,3.35,1,0.09385261757671833
88,190,1000,3,3.32,1,0.09385453388094903
88,191,1000,3,3.31,1,0.09385664574056864
88,192,1000,3,3.37,1,0.09385797035694123
88,193,1000,3,3.32,1,0.09385947765409947
88,194,1000,3,3.33,1,0.09385950498282909
88,195,1000,3,3.36,1,0.093861900344491
88,196,1000,3,3.29,1,0.09386318420618772
88,197,1000,3,3.32,1,0.09386441369354726
88,198,1000,3,3.31,1,0.09386676287651062
88,199,1000,3,3.31,1,0.09386829533427954
88,200,1000,3,3.38,1,0.09386859559267759
89,1,1000,3,4.22,3,0.044880192179232836
89,2,1000,3,3.36,3,0.04487987883761525
89,3,1000,3,4.76,3,0.04487948179244995
89,4,1000,3,4.17,3,0.04487945658713579
89,5,1000,3,4.14,3,0.044879254952073094
89,6,1000,4,7.29,3,0.04487911341711879
89,7,1000,3,4.49,3,0.04487908105179667
89,8,1000,3,3.26,3,0.04487868108600378
89,9,1000,3,6.9,4,0.044878687247633935
89,10,1000,4,9.81,4,0.04487856092303991
89,11,1000,3,8.96,3,0.044878436032682656
89,12,166,3,10.03,5,0.04487827056682253
89,13,183,5,10.02,3,0.04487860141718974
89,14,1000,5,5.91,1,0.04487849659100175
89,15,1000,5,5.37,1,0.04487842322513461
89,16,1000,4,4.13,1,0.04487828318402171
89,17,1000,2,3.46,1,0.044878426615148785
89,18,1000,2,3.31,1,0.044878634706139564
89,19,1000,3,3.82,1,0.04487880719080568
89,20,1000,4,8.1,1,0.04487849370762706
89,21,1000,4,5.11,1,0.044878267515450716
89,22,158,4,10.02,1,0.044878156973591335
89,23,214,4,10.05,1,0.0448783359829789
89,24,220,4,10.05,1,0.04487797921015458
89,25,213,4,10.04,1,0.04487767682668749
89,26,162,3,10.03,2,0.04487760360410184
89,27,252,3,10.01,24,0.04487708762347225
89,28,1000,4,6.51,3,0.04487729563936591
89,29,1000,4,5.19,3,0.04487714238464832
89,30,1000,4,5.2,3,0.04487685519084334
89,31,1000,3,3.61,3,0.04487675210833549
89,32,1000,2,7.21,3,0.04487750144675374
89,33,166,5,10.04,3,0.04487800108919661
89,34,179,6,10.03,4,0.04487750899858315
89,35,178,5,10.04,4,0.044877543710590745
89,36,168,4,10.05,2,0.04487766904224243
89,37,1000,2,3.21,3,0.044877442676573995
89,38,1000,3,7.18,2,0.0448771324492991
89,39,161,3,10.06,8,0.04487692918744146
89,40,162,4,10.03,1,0.044876749385838154
89,41,169,3,10.01,11,0.04487654780583269
89,42,171,4,10.0,6,0.044876419835620456
89,43,162,4,10.03,6,0.04487642760813972
89,44,356,5,10.02,6,0.04487616594964534
89,45,159,3,10.06,6,0.04487610008544142
89,46,803,4,10.0,7,0.04487575126225001
89,47,1000,2,5.03,8,0.044875850692391396
89,48,1000,2,5.08,8,0.04487585087120533
89,49,175,3,10.0,9,0.04487591656191008
89,50,206,3,10.06,11,0.044875283517594476
89,51,193,3,10.01,11,0.04487500013542299
89,52,186,3,10.0,12,0.04487467659336905
89,53,284,3,10.06,13,0.044874556349511714
89,54,177,3,10.04,13,0.04487429807583491
89,55,1000,2,3.03,4,0.04487323877960443
90,1,1000,3,4.39,3,0.09069483826309442
90,2,1000,3,4.37,3,0.09069507057219743
90,3,1000,4,5.12,3,0.09069489036500454
90,4,1000,3,3.62,2,0.09069468570500612
90,5,1000,2,2.73,1,0.09069471777975559
90,6,1000,2,2.8,1,0.09069446957111359
90,7,1000,2,2.8,1,0.09069411857426167
90,8,1000,2,2.95,1,0.09069428746402264
90,9,1000,2,2.7,1,0.09069514811038971
90,10,1000,3,3.61,3,0.09069556231051683
90,11,1000,5,7.73,1,0.09069484339654446
90,12,1000,4,3.65,3,0.09069453930109739
90,13,1000,3,3.37,1,0.09069471947848796
90,14,1000,6,6.35,3,0.09069468799233436
90,15,1000,1,2.53,1,0.09069638699293137
90,16,1000,1,3.1,10,0.09069651157408953
90,17,1000,1,2.63,3,0.09069672991335392
90,18,1000,2,2.77,3,0.09069713788479566
90,19,1000,1,2.84,6,0.09069757877290249
90,20,1000,4,6.0,4,0.09069801530987025
90,21,1000,3,3.44,3,0.09069759569317103
90,22,1000,3,4.92,3,0.09069751926511527
90,23,1000,3,3.42,3,0.09069728654623031
90,24,1000,3,3.42,2,0.09069724382460118
90,25,1000,4,3.69,2,0.09069672619551421
90,26,1000,2,2.75,1,0.09069662764668465
90,27,1000,2,2.7,2,0.09069705307483673
90,28,1000,1,2.75,4,0.09069707171618939
90,29,1000,2,2.64,1,0.09069853276014328
90,30,1000,2,2.76,1,0.09069849284738302
90,31,1000,2,2.71,1,0.09069885032624006
90,32,1000,1,2.55,1,0.09069982916116714
91,1,1000,3,4.49,3,0.04019951770082116
91,2,1000,3,3.21,2,0.04020081751048565
91,3,1000,2,2.87,2,0.04020159446075559
91,4,1000,4,4.35,3,0.04020231979712844
91,5,1000,3,3.98,3,0.040203132819384334
91,6,1000,3,4.27,3,0.04020420240983367
91,7,1000,2,2.8,1,0.04020490402728319
91,8,1000,2,3.5,5,0.04020549558475613
91,9,1000,3,3.27,2,0.04020592363551259
91,10,1000,4,8.23,3,0.04020652569457889
91,11,1000,4,4.47,4,0.04020759315043688
91,12,1000,3,3.43,1,0.04020769033953547
91,13,1000,4,8.28,2,0.04020822872593999
91,14,1000,3,3.35,1,0.040208532985299826
91,15,1000,2,4.32,7,0.04020862283930182
91,16,1000,4,6.45,3,0.04020923894643784
91,17,1000,3,4.72,2,0.040210611876100304
91,18,1000,4,7.54,7,0.040211272906512024
91,19,1000,1,2.57,1,0.040211938321590424
91,20,1000,2,2.66,1,0.04021257162094116
91,21,1000,2,3.99,5,0.04021429855003953
91,22,1000,2,2.94,3,0.04021463403105736
91,23,1000,1,2.64,2,0.040214497782289985
91,24,1000,3,4.33,4,0.04021490541100502
91,25,1000,2,3.38,4,0.0402152649462223
91,26,1000,2,2.99,1,0.04021618454158306
91,27,219,4,10.03,5,0.0402175750090107
91,28,1000,0,2.55,0,0.04021851718425751
92,1,1000,3,4.27,3,-0.018922142000868915
92,2,1000,3,3.89,3,-0.018922176670283078
92,3,1000,3,3.7,2,-0.018922446664422752
92,4,1000,2,2.57,1,-0.018921896815299988
92,5,1000,2,2.68,1,-0.018921346629038452
92,6,1000,2,3.05,1,-0.01892170586064458
92,7,1000,2,2.71,2,-0.018922493293881418
92,8,1000,3,3.39,2,-0.018922753874212505
92,9,1000,4,3.95,2,-0.01892265466414392
92,10,1000,4,8.08,4,-0.018922739177942276
92,11,1000,4,4.4,3,-0.018922327648848294
92,12,166,4,10.06,8,-0.018921755546008247
92,13,195,5,10.04,3,-0.01892231568120993
92,14,1000,5,5.2,1,-0.01892270857654512
92,15,179,5,10.04,3,-0.018923173330765864
92,16,197,4,10.02,10,-0.018923507833163145
92,17,906,5,10.0,3,-0.018923878184546435
92,18,1000,3,4.83,2,-0.018923973929136993
92,19,1000,4,9.41,3,-0.018922557305544613
92,20,199,5,10.05,1,-0.018922464828470244
92,21,1000,4,7.13,4,-0.018921705555170774
92,22,1000,4,7.38,3,-0.01892216083779931
92,23,1000,2,5.2,13,-0.01892169533111155
92,24,1000,2,4.03,6,-0.0189220947753638
92,25,1000,1,2.57,2,-0.01892176866531372
92,26,1000,2,3.14,2,-0.018921616530045867
92,27,1000,2,3.93,4,-0.0189214524384588
92,28,1000,3,5.19,6,-0.018921441102400422
92,29,1000,2,3.23,2,-0.018921471262350678
92,30,1000,1,2.72,3,-0.018921850934624673
92,31,1000,1,2.61,2,-0.01892113797739148
93,1,1000,3,4.39,3,-0.0269279911108315
93,2,1000,3,4.58,3,-0.02692742800153792
93,3,1000,3,6.19,6,-0.026927273409441115
93,4,1000,4,6.39,3,-0.026927171487361193
93,5,1000,3,4.14,2,-0.026926524279639125
93,6,1000,2,3.16,2,-0.026926548892632126
93,7,1000,2,4.36,5,-0.026926632752642034
93,8,1000,3,6.1,3,-0.02692586407996714
93,9,186,5,10.02,3,-0.026926587265665814
93,10,1000,5,5.95,1,-0.026927169313654305
93,11,1000,5,4.52,1,-0.026927307948470116
93,12,1000,2,4.2,3,-0.02692617653310299
93,13,1000,1,2.92,7,-0.026925326835364104
93,14,1000,2,7.04,10,-0.026925709394738078
93,15,165,3,10.04,7,-0.02692541419105096
93,16,162,5,10.05,3,-0.026926165860560205
93,17,181,5,10.02,3,-0.02692712166279719
93,18,1000,5,7.83,1,-0.026926418904215096
93,19,1000,1,2.98,8,-0.026925260191783307
93,20,1000,2,3.45,5,-0.026924905925989152
93,21,1000,2,3.24,3,-0.026924497932195663
93,22,1000,2,3.81,7,-0.02692384847998619
93,23,1000,3,4.04,5,-0.026923777947202326
93,24,1000,5,5.2,2,-0.02692432595603168
93,25,244,5,10.0,2,-0.026926355810500072
93,26,1000,2,5.16,6,-0.026926500860601662
93,27,1000,3,5.38,4,-0.026926316149532795
93,28,1000,3,8.91,7,-0.026925784626975657
93,29,191,4,10.04,6,-0.026925183432810595
93,30,1000,5,8.44,2,-0.026925150621682405
93,31,301,5,10.0,2,-0.026925403327739912
93,32,172,5,10.04,1,-0.026924880199827427
93,33,164,4,10.03,3,-0.026925905028403533
93,34,173,5,10.02,3,-0.026925940594146016
93,35,170,4,10.05,4,-0.026925903032807744
93,36,1000,3,4.3,2,-0.02692648082971573
93,37,1000,1,3.66,18,-0.026926502496004104
93,38,1000,3,8.89,4,-0.026925302170217037
93,39,1000,2,3.29,4,-0.026924545055255295
93,40,1000,2,4.57,4,-0.026925209069624544
93,41,1000,3,7.05,4,-0.02692467625439167
93,42,1000,3,4.21,2,-0.026924433402717114
93,43,1000,3,4.34,4,-0.02692466505616903
93,44,1000,2,3.11,3,-0.026923881009221075
93,45,1000,2,2.92,2,-0.0269239579513669
93,46,1000,3,3.71,4,-0.02692401264235377
93,47,1000,3,4.79,5,-0.026924186224117876
93,48,1000,2,2.78,2,-0.026923104703426362
93,49,1000,2,2.77,2,-0.026922494731843473
93,50,1000,2,2.72,1,-0.026921831104904412
93,51,1000,0,2.51,0,-0.026920778676867485
94,1,1000,3,4.39,3,-0.14216345565021038
94,2,1000,3,3.88,2,-0.14216411699354647
94,3,1000,3,3.69,2,-0.1421644246727228
94,4,1000,2,2.75,1,-0.1421646773815155
94,5,1000,3,3.96,2,-0.1421656715720892
94,6,1000,3,2.75,1,-0.14216583967208862
94,7,1000,3,5.26,6,-0.1421654162555933
94,8,1000,2,3.13,3,-0.14216536784172057
94,9,1000,4,4.72,3,-0.14216687996685504
94,10,168,4,10.05,5,-0.14216706777612367
94,11,295,5,10.04,4,-0.14216685072850374
94,12,1000,5,4.49,4,-0.1421671591848135
94,13,187,4,10.0,7,-0.14216697710083132
94,14,213,6,10.01,3,-0.1421675699557497
94,15,1000,3,3.25,1,-0.14216687747836113
94,16,1000,2,3.42,4,-0.1421660504490137
94,17,1000,2,4.28,8,-0.14216635568439961
94,18,1000,2,2.97,3,-0.14216504272818564
94,19,1000,2,3.03,3,-0.1421653412282467
94,20,1000,3,8.18,6,-0.14216539895534516
94,21,1000,3,5.11,6,-0.14216449509561063
94,22,1000,5,9.99,1,-0.1421648283302784
94,23,1000,5,9.16,3,-0.14216572849452497
94,24,1000,4,5.12,4,-0.14216502410173415
94,25,1000,5,4.74,1,-0.14216466780006887
94,26,1000,4,4.09,1,-0.1421666713356972
94,27,1000,2,3.36,6,-0.14216557936370372
94,28,1000,3,6.75,3,-0.1421643083244562
94,29,794,6,10.0,1,-0.14216521258468293
94,30,566,4,10.0,1,-0.14216347001887883
94,31,1000,4,6.12,1,-0.14216463059186935
94,32,1000,5,6.17,3,-0.1421650727391243
94,33,1000,4,5.36,4,-0.14216558834910392
94,34,1000,3,4.86,6,-0.14216594165563584
94,35,1000,2,3.37,6,-0.14216599985957146
94,36,1000,2,4.55,6,-0.14216536612808706
94,37,399,4,10.0,6,-0.14216500931515133
94,38,168,4,10.02,3,-0.14216544629917258
94,39,1000,3,5.13,2,-0.14216688260436058
94,40,1000,2,3.48,7,-0.1421656693071127
94,41,154,4,10.04,4,-0.14216772312080705
94,42,916,4,10.0,3,-0.14216894802828542
94,43,196,4,10.06,11,-0.14216916377142985
94,44,202,3,10.05,12,-0.14216898160405678
94,45,827,5,10.0,12,-0.14216776628231917
94,46,157,3,10.03,6,-0.14216574248234937
94,47,152,4,10.03,4,-0.1421642294643741
94,48,157,4,10.04,2,-0.1421641374279739
94,49,1000,3,4.47,5,-0.14216381257772445
94,50,1000,2,4.88,3,-0.14216412538290024
94,51,350,5,10.0,3,-0.14216522472245352
94,52,1000,4,9.9,10,-0.14216624446213244
94,53,167,4,10.05,2,-0.14216587340046546
94,54,1000,2,6.78,13,-0.1421639838963747
94,55,1000,2,8.87,11,-0.1421630262285471
94,56,160,3,10.02,7,-0.14216328635811806
94,57,165,4,10.06,9,-0.1421640842249899
94,58,182,5,10.06,1,-0.14216367720247625
94,59,298,4,10.01,3,-0.142165110065233
94,60,1000,4,5.11,3,-0.14216810478270053
94,61,1000,4,9.98,3,-0.14216862180829049
94,62,851,4,10.0,3,-0.1421679839159151
94,63,256,4,10.05,3,-0.14216889423551038
94,64,545,3,10.0,22,-0.14217031062196153
94,65,1000,2,3.32,8,-0.14217115551233292
95,1,1000,3,4.49,3,0.07782268509268761
95,2,1000,3,4.43,3,0.07782268529385328
95,3,1000,5,8.19,3,0.07782310122251511
95,4,1000,4,5.6,4,0.07782343131303787
95,5,1000,3,4.29,3,0.07782346520572901
95,6,1000,2,3.11,2,0.07782379557937384
95,7,1000,2,3.02,2,0.07782379481196404
95,8,1000,3,6.22,4,0.07782450129836797
95,9,1000,4,8.5,7,0.07782484273612499
95,10,1000,3,7.57,7,0.07782427052408457
95,11,1000,3,5.08,3,0.07782397235184908
95,12,1000,2,3.34,3,0.07782363575696945
95,13,1000,3,5.07,3,0.07782337944954634
95,14,1000,3,4.31,2,0.07782326642423869
95,15,1000,3,6.8,6,0.07782294847071171
95,16,1000,1,2.76,4,0.07782255344837904
95,17,1000,1,2.93,6,0.07782176008820534
95,18,1000,5,8.08,4,0.07782069182395936
95,19,1000,4,5.3,5,0.07781925608962774
95,20,1000,4,3.99,4,0.07781915119290352
95,21,1000,1,2.76,4,0.07781870686262846
95,22,1000,1,2.61,2,0.07781896543502807
95,23,1000,1,2.63,2,0.07781913890689611
96,1,1000,3,4.43,3,0.11992426627129317
96,2,1000,3,3.4,2,0.11992402531951665
96,3,1000,2,2.84,2,0.11992420317232609
96,4,1000,3,2.81,1,0.11992395395040512
96,5,1000,4,3.55,2,0.1199238453656435
96,6,1000,3,3.81,5,0.11992364874482155
96,7,1000,3,3.49,4,0.1199236588254571
96,8,1000,3,3.32,3,0.1199238793849945
96,9,1000,3,5.2,2,0.11992379008978606
96,10,994,5,10.0,2,0.11992369800566188
96,11,1000,3,4.78,5,0.11992375472187997
96,12,1000,5,4.73,1,0.11992399689555168
96,13,1000,5,6.98,4,0.11992383541166782
96,14,1000,2,2.89,1,0.11992449820041656
96,15,216,4,10.03,4,0.11992460392691472
96,16,172,5,10.05,5,0.11992436534790106
96,17,1000,4,6.88,3,0.11992384779453277
96,18,159,4,10.06,3,0.11992407262137851
96,19,1000,4,5.85,3,0.11992472363263369
96,20,288,4,10.01,13,0.11992498290621573
96,21,162,4,10.06,6,0.1199243062256295
96,22,169,4,10.01,3,0.119923966479372
96,23,1000,4,7.37,4,0.119924053221941
96,24,1000,2,3.76,2,0.11992432515323162
96,25,1000,3,5.91,3,0.11992375913262367
96,26,1000,2,6.43,10,0.11992358987778426
96,27,1000,1,3.51,15,0.11992305634915829
97,1,1000,3,4.48,3,-0.03580107641220093
97,2,1000,3,4.16,2,-0.03580002783983946
97,3,1000,4,6.0,3,-0.03579973273724318
97,4,1000,4,3.87,3,-0.035799347572028635
97,5,1000,3,3.86,3,-0.035798642221838234
97,6,1000,3,4.37,4,-0.035797667298465966
97,7,1000,2,3.14,5,-0.03579706887900829
97,8,1000,5,7.81,1,-0.035797022733837364
97,9,1000,5,7.97,2,-0.03579568413645029
97,10,370,5,10.0,6,-0.035794537554721576
97,11,1000,5,6.72,2,-0.03579370228201151
97,12,313,5,10.07,17,-0.03579241503922703
97,13,1000,3,3.62,1,-0.03579183095693588
97,14,1000,4,7.77,1,-0.03579073329642415
97,15,1000,4,6.57,3,-0.03579057338833809
97,16,1000,4,8.39,3,-0.03578959546238184
97,17,1000,4,4.47,1,-0.03578823270276189
97,18,1000,4,8.01,11,-0.035787903971970084
97,19,161,2,10.02,8,-0.03578707057496776
97,20,760,3,10.0,3,-0.03578617338973441
97,21,894,5,10.0,2,-0.035788108788480696
97,22,146,3,10.01,5,-0.035787550094601224
97,23,150,3,10.0,5,-0.035787443245450655
97,24,177,5,10.05,9,-0.03578674214455368
97,25,955,5,10.0,6,-0.03578606945759963
97,26,156,3,10.05,9,-0.03578720819682647
97,27,162,4,10.06,9,-0.03578685210258872
97,28,722,3,10.0,3,-0.03578746142871987
97,29,162,4,10.01,3,-0.03578687836358577
97,30,145,3,10.04,4,-0.03578515792715138
97,31,156,4,10.06,12,-0.03578520733385514
97,32,168,5,10.06,3,-0.03578634418192364
97,33,177,5,10.03,7,-0.03578573957843296
97,34,164,4,10.06,3,-0.035785963304522564
97,35,170,4,10.01,8,-0.03578507676720619
97,36,155,4,10.02,4,-0.03578382567051918
97,37,1000,2,5.03,2,-0.03578375965729356
97,38,1000,2,3.1,1,-0.035783109966665505
97,39,156,4,10.06,4,-0.035781107269800626
97,40,1000,3,9.01,2,-0.035781636774539945
97,41,1000,2,3.9,10,-0.035781512927263975
98,1,1000,3,4.39,3,-0.023110880067571997
98,2,1000,3,4.17,3,-0.0231110605802387
98,3,1000,3,5.03,3,-0.023110992969945073
98,4,1000,4,5.53,3,-0.023110694197937848
98,5,1000,4,6.11,3,-0.023110273560509084
98,6,1000,4,7.53,3,-0.023110359331592917
98,7,1000,4,6.27,3,-0.023111160213127733
98,8,1000,4,5.71,3,-0.02311175294406712
98,9,1000,4,4.84,4,-0.023112264513969423
98,10,1000,3,3.66,1,-0.023112209672108294
98,11,1000,3,3.63,1,-0.02311211308464408
98,12,1000,3,3.63,1,-0.023112407591193915
98,13,1000,3,3.9,1,-0.023112645203247666
98,14,1000,3,3.91,1,-0.023112917603924872
98,15,1000,3,3.94,1,-0.02311315409839153
98,16,1000,3,3.95,1,-0.023113450221717357
98,17,1000,4,6.49,4,-0.023113723015412688
98,18,1000,2,3.58,4,-0.023113952217623593
98,19,1000,2,5.98,13,-0.023111986689269542
98,20,148,3,10.03,6,-0.023111745778068498
98,21,148,3,10.01,4,-0.023112677176155755
98,22,167,4,10.05,15,-0.023112300002646302
98,23,172,5,10.06,3,-0.023108944859962132
98,24,204,5,10.02,2,-0.023107903735602602
98,25,251,6,10.06,1,-0.023109428228372596
98,26,153,4,10.0,3,-0.023110508261358038
98,27,144,4,10.06,3,-0.0231112351304748
98,28,177,6,10.06,4,-0.02311212540009601
98,29,168,6,10.04,3,-0.02311221910418854
98,30,208,5,10.0,8,-0.023112316875575252
98,31,156,5,10.02,2,-0.02311236884158391
98,32,155,5,10.01,3,-0.023112177908901247
98,33,186,5,10.01,3,-0.023111871513788417
98,34,178,5,10.04,1,-0.023112733450749618
98,35,163,4,10.04,2,-0.023113120461534138
98,36,161,5,10.02,3,-0.023113125217904956
98,37,1000,3,3.3,3,-0.02311300109140575
98,38,1000,3,3.03,3,-0.023114309893921017
98,39,152,3,10.01,2,-0.023114442837571626
98,40,153,4,10.03,3,-0.02311384951805367
98,41,166,5,10.02,3,-0.02311391075960843
98,42,169,4,10.01,9,-0.023113194676722296
98,43,1000,3,3.93,3,-0.02311343421600759
98,44,1000,4,3.99,3,-0.02311329481191933
98,45,1000,4,5.28,3,-0.023113937992602588
98,46,178,4,10.05,3,-0.023114972936219714
98,47,1000,3,4.79,3,-0.023114402582868933
98,48,1000,3,6.85,7,-0.023114263040944934
98,49,1000,3,9.33,6,-0.023113675389438867
98,50,1000,3,6.03,2,-0.02311270353756845
98,51,1000,3,7.56,7,-0.023112270720303058
98,52,1000,2,5.67,3,-0.02311211940459907
98,53,1000,2,7.08,3,-0.023112428365275262
98,54,1000,2,7.68,3,-0.023112881753593682
98,55,1000,1,2.97,8,-0.02311265014670789
99,1,1000,3,4.32,3,-0.1088551519587636
99,2,1000,3,3.84,2,-0.10885473248362541
99,3,1000,3,3.59,2,-0.10885445207357407
99,4,1000,3,3.6,2,-0.10885444294661284
99,5,1000,3,4.08,5,-0.10885446147620678
99,6,1000,3,3.07,2,-0.10885433112084865
99,7,1000,3,3.61,2,-0.10885423677414656
99,8,1000,3,6.09,6,-0.1088543946519494
99,9,1000,3,4.79,4,-0.10885475992411375
99,10,333,5,10.0,3,-0.10885515947778662
99,11,1000,4,3.58,4,-0.10885541676729918
99,12,1000,4,3.6,4,-0.10885547275096177
99,13,1000,4,4.55,8,-0.10885539386421442
99,14,1000,2,3.38,7,-0.10885595777630806
99,15,1000,2,3.79,10,-0.10885571944713593
99,16,167,4,10.05,6,-0.10885575137095536
99,17,1000,4,9.68,3,-0.10885614474862813
99,18,164,4,10.07,5,-0.10885609463765854
99,19,963,5,10.0,2,-0.10885544719323438
99,20,234,5,10.0,5,-0.10885535011816229
99,21,1000,5,9.09,2,-0.10885505034029484
99,22,1000,4,8.89,4,-0.10885522055625915
99,23,1000,4,4.74,2,-0.10885501272976399
99,24,309,5,10.0,2,-0.10885531030908757
99,25,1000,5,7.3,4,-0.10885503435879945
99,26,1000,4,7.02,4,-0.10885548679530621
99,27,1000,4,7.04,4,-0.10885599648207427
99,28,1000,4,8.18,5,-0.1088558704406023
99,29,1000,4,5.18,3,-0.10885640794783831
99,30,1000,4,5.24,3,-0.10885707589238883
99,31,1000,4,5.89,3,-0.10885761787742376
99,32,1000,2,2.82,3,-0.10885893903672696
99,33,154,4,10.01,9,-0.10885813024330449
99,34,154,4,10.07,7,-0.10885918740328256
99,35,143,3,10.03,12,-0.10885889098777637
99,36,159,4,10.02,2,-0.1088590032930644
99,37,143,3,10.01,5,-0.10885919026144734
99,38,144,3,10.06,2,-0.10885781567129824
99,39,145,3,10.03,2,-0.10885617013635307
99,40,191,4,10.04,2,-0.10885617273484224
99,41,153,4,10.04,2,-0.10885646325700424
99,42,1000,3,7.42,3,-0.10885672666877508
99,43,147,3,10.01,14,-0.10885528966683108
99,44,161,3,10.06,10,-0.10885535111153348
99,45,149,4,10.04,4,-0.10885671756211543
99,46,1000,3,5.56,1,-0.10885639759898186
99,47,1000,3,8.67,10,-0.10885644702613353
99,48,1000,3,4.36,2,-0.10885684975236655
99,49,189,3,10.0,3,-0.10885710111528478
99,50,1000,3,8.07,2,-0.10885726436972618
99,51,1000,3,5.64,1,-0.10885757710784674
99,52,1000,3,5.38,1,-0.10885743940621614
99,53,1000,3,5.68,1,-0.1088574348539114
99,54,934,3,10.0,2,-0.1088573778849853
99,55,148,3,10.01,4,-0.10885780229157693
99,56,1000,3,3.99,3,-0.108858113899827
99,57,386,3,10.0,17,-0.10885804982305808
99,58,168,4,10.01,21,-0.10885809561503786
99,59,1000,3,9.67,1,-0.1088576892092824
99,60,152,3,10.02,1,-0.10885770231681435
99,61,176,4,10.06,17,-0.10885763481598008
99,62,1000,3,4.05,1,-0.10885845317691564
99,63,157,4,10.06,4,-0.10885885467005384
99,64,1000,2,4.38,3,-0.10885952983051539
99,65,1000,2,4.43,3,-0.10886006487160921
99,66,1000,2,4.93,3,-0.1088603963777423
99,67,551,2,10.0,23,-0.10885881930048799
99,68,1000,1,3.24,12,-0.10885894282907248
99,69,1000,0,2.43,0,-0.10885944217443466
99,70,1000,1,3.71,19,-0.1088642574250698
100,1,1000,3,4.51,3,-0.030890970300883055
100,2,1000,3,4.15,2,-0.030890632504597306
100,3,1000,3,3.83,2,-0.030890250768512487
100,4,1000,4,5.37,3,-0.03089135681465268
100,5,385,6,10.07,3,-0.03089041927611673
100,6,1000,1,2.64,3,-0.03088987230323255
100,7,1000,1,2.5,1,-0.030888697132468224
100,8,1000,1,2.86,6,-0.03088843288272619
100,9,1000,1,2.84,6,-0.030888019170612097
100,10,1000,1,2.9,6,-0.030886667093262075
100,11,1000,2,2.68,1,-0.030887125911191107
100,12,1000,2,3.29,4,-0.030885818731039762
100,13,1000,2,2.98,1,-0.030884097043424846
100,14,1000,2,3.18,1,-0.03088244822062552
100,15,1000,2,3.48,2,-0.030882128220051527
100,16,1000,1,3.59,17,-0.03088154181651771
100,17,1000,3,4.5,11,-0.030879902647808193
100,18,1000,3,9.34,5,-0.030878618072718383
100,19,153,3,10.02,4,-0.03087838782983668
100,20,359,4,10.03,3,-0.030878867429984646
100,21,168,4,10.04,3,-0.03087877336933854
100,22,165,6,10.07,8,-0.030878033805074114
100,23,201,6,10.07,3,-0.03087692182344287
100,24,256,6,10.0,1,-0.030875990247295704
100,25,1000,5,8.76,1,-0.030875932976603508
100,26,1000,3,6.07,4,-0.030874042086303233
100,27,1000,4,7.09,3,-0.030873380282893777
100,28,841,3,10.0,4,-0.030871721469618904
100,29,1000,3,6.32,2,-0.030870360907167195
100,30,1000,3,8.2,3,-0.030870294250547888
100,31,1000,1,3.2,11,-0.030869041034951805
101,1,1000,3,4.37,3,-0.10751799023896456
101,2,1000,3,4.12,2,-0.10751690240204334
101,3,1000,3,3.37,2,-0.10751595721393824
101,4,1000,2,3.13,2,-0.10751602023839951
101,5,1000,1,2.7,4,-0.10751664458960294
101,6,1000,2,4.17,5,-0.10751654179394245
101,7,1000,2,3.51,4,-0.10751718758046627
101,8,1000,1,3.04,9,-0.10751648265123367
101,9,1000,2,2.83,2,-0.10751513108611106
101,10,1000,2,5.09,4,-0.10751504416763782
101,11,224,5,10.05,3,-0.10751358662465853
101,12,1000,3,4.27,3,-0.1075130738094449
101,13,173,4,10.02,4,-0.1075131499956798
101,14,1000,2,6.15,4,-0.10751333101838827
101,15,1000,2,4.91,2,-0.10751298204809427
101,16,1000,2,6.67,4,-0.10751321033388377
101,17,201,3,10.06,14,-0.10751307763122207
101,18,1000,3,9.13,10,-0.1075137598440051
101,19,164,4,10.05,12,-0.10751190059250448
101,20,171,5,10.06,5,-0.10751056139580688
101,21,170,5,10.03,5,-0.10751088327344727
101,22,148,3,10.06,7,-0.10751107586799441
101,23,160,4,10.01,4,-0.10751051562838257
101,24,157,4,10.01,3,-0.10751162839543288
101,25,158,4,10.03,3,-0.10751215995678419
101,26,157,4,10.02,3,-0.10751194392989395
101,27,167,5,10.07,3,-0.10751196826824885
101,28,163,4,10.07,5,-0.10751179436598819
101,29,165,5,10.0,2,-0.10751093156409985
101,30,167,5,10.01,2,-0.10751000269801317
101,31,155,4,10.01,2,-0.10751024773043971
101,32,162,4,10.01,7,-0.10750928511958063
101,33,148,4,10.0,3,-0.10750978550798185
101,34,171,5,10.04,3,-0.10750867892601336
101,35,164,5,10.04,3,-0.10750765971294264
101,36,160,5,10.07,3,-0.10750828823074698
101,37,189,5,10.06,3,-0.10750834225977539
101,38,146,3,10.05,4,-0.10750809199597737
101,39,141,3,10.04,3,-0.10750882110908522
101,40,142,3,10.06,2,-0.10750893729043678
101,41,156,3,10.05,15,-0.10750890637819584
101,42,139,4,10.06,5,-0.10750817480704768
101,43,167,4,10.03,23,-0.10750848460875585
101,44,149,5,10.05,3,-0.10750952127995907
101,45,164,4,10.05,15,-0.10750842221626421
101,46,156,3,10.03,22,-0.10750866079559693
101,47,170,5,10.06,3,-0.1075057773029103
101,48,164,4,10.06,20,-0.10750799607939837
101,49,171,5,10.04,3,-0.10750864145525715
101,50,155,5,10.06,3,-0.10750864648049878
102,1,1000,3,4.41,3,-0.04836485985293985
102,2,1000,3,3.82,3,-0.04836515300348401
102,3,1000,2,3.02,2,-0.048365655593574045
102,4,1000,3,3.64,3,-0.04836621191352606
102,5,1000,2,2.75,1,-0.04836662087962031
102,6,1000,2,2.81,1,-0.04836694447696209
102,7,1000,3,3.82,1,-0.04836800532415509
102,8,1000,3,4.08,3,-0.04836727164685726
102,9,1000,5,5.98,2,-0.04836751145869494
102,10,191,5,10.02,4,-0.0483678899003261
102,11,1000,2,3.47,5,-0.04836714145541191
102,12,1000,4,4.95,11,-0.04836886035650968
102,13,1000,4,8.6,11,-0.04836792591586709
102,14,166,4,10.06,4,-0.048367213210966216
102,15,173,5,10.06,4,-0.04836859467918473
102,16,161,4,10.07,10,-0.04836863096548904
102,17,329,4,10.0,3,-0.048368621425063416
102,18,1000,4,6.59,2,-0.04836849981173873
102,19,1000,3,6.32,3,-0.04836783007532358
102,20,1000,1,3.08,9,-0.04836735798045993
102,21,1000,1,2.93,7,-0.048367810424417255
102,22,145,5,10.01,2,-0.0483684742759014
102,23,163,5,10.04,7,-0.04837010339176728
102,24,154,3,10.06,5,-0.04837184638849327
102,25,197,4,10.02,8,-0.04837264228366353
102,26,161,3,10.05,11,-0.04837287481156936
102,27,550,4,10.05,14,-0.048372953527353026
102,28,159,3,10.02,7,-0.048374497337536244
102,29,1000,3,6.82,3,-0.04837486969679594
103,1,1000,3,4.4,3,-0.05895637604221702
103,2,1000,3,4.64,3,-0.05895624116063118
103,3,1000,3,4.66,3,-0.05895624125003815
103,4,1000,3,6.16,5,-0.058956205859780314
103,5,1000,4,6.03,3,-0.05895603734627366
103,6,1000,3,3.87,1,-0.05895699627697468
103,7,1000,2,3.8,5,-0.05895816122367978
103,8,1000,3,6.61,2,-0.058958757504820825
103,9,1000,3,6.84,5,-0.0589584034383297
103,10,1000,3,6.48,4,-0.05895775394886732
103,11,1000,3,4.05,3,-0.058957833498716354
103,12,1000,3,3.75,3,-0.058956303317099806
103,13,1000,1,2.69,4,-0.05895655032992363
103,14,1000,1,2.7,4,-0.05895820339024067
104,1,1000,3,4.39,3,0.08530720018595457
104,2,1000,3,4.03,3,0.08530631820857525
104,3,1000,2,3.06,3,0.08530544920265674
104,4,1000,3,3.08,2,0.08530521731823683
104,5,1000,2,2.66,1,0.08530504815280437
104,6,1000,2,2.76,1,0.08530451252311468
104,7,1000,2,2.79,1,0.08530389918386937
104,8,1000,2,2.87,3,0.08530346334725618
104,9,1000,5,4.29,10,0.08530344167351722
104,10,1000,3,5.5,3,0.08530326871573925
104,11,184,6,10.04,3,0.08530268810041573
104,12,1000,5,4.2,2,0.08530326045304537
104,13,1000,3,3.28,2,0.08530328745394945
104,14,1000,1,2.84,6,0.08530264215916396
104,15,273,4,10.0,3,0.08530408053935229
104,16,192,4,10.02,4,0.08530374434000502
104,17,1000,3,8.2,5,0.08530412762612104
104,18,161,4,10.05,3,0.08530532027253453
104,19,179,3,10.05,5,0.08530571411608318
104,20,1000,2,3.8,5,0.0853054229170084
104,21,1000,2,7.47,6,0.08530559422075748
104,22,133,4,10.04,3,0.08530485546006296
104,23,149,4,10.03,3,0.08530536268981512
104,24,199,4,10.02,4,0.08530568256599819
104,25,262,5,10.06,3,0.08530497269434784
104,26,985,4,10.0,3,0.08530448478490568
104,27,147,3,10.03,4,0.08530302959031799
104,28,1000,4,6.73,6,0.08530368224531412
104,29,1000,3,8.64,3,0.08530235350131989
104,30,1000,1,3.29,12,0.08530159160494805
104,31,1000,1,3.29,13,0.0853013127669692
105,1,1000,3,4.5,3,0.1147922223880887
105,2,1000,3,4.36,3,0.11479248451441526
105,3,1000,3,3.66,2,0.11479252740740777
105,4,1000,4,5.72,4,0.11479255541414023
105,5,1000,6,9.95,2,0.11479229832440614
105,6,757,5,10.0,3,0.11479175213817876
105,7,1000,2,3.28,2,0.11479120028764009
105,8,1000,2,3.27,6,0.11479098530858756
105,9,1000,1,3.27,12,0.1147912572324276
105,10,1000,2,5.63,4,0.1147908149510622
105,11,1000,3,4.79,4,0.11478993510454893
105,12,162,4,10.03,4,0.11478991089043794
105,13,1000,2,4.41,6,0.11478991547226906
105,14,1000,3,3.82,2,0.11478952426463365
105,15,1000,2,2.74,2,0.11478947988897562
105,16,1000,1,2.74,5,0.11478897429257631
105,17,1000,4,4.43,2,0.11478884655237198
105,18,1000,2,2.92,4,0.11478926998376847
105,19,1000,2,2.92,3,0.11478901513665915
105,20,1000,3,3.36,2,0.1147880473434925
105,21,1000,2,3.09,3,0.11478775466233491
105,22,1000,3,4.27,2,0.11478752702474594
105,23,1000,3,4.25,2,0.11478742305934429
105,24,1000,2,3.27,3,0.11478778544813395
105,25,1000,4,4.65,4,0.11478773555904627
105,26,1000,3,4.39,4,0.11478806779533625
105,27,1000,3,4.51,5,0.11478735563158989
105,28,1000,2,2.84,3,0.11478772035986184
105,29,1000,2,2.64,1,0.1147881341278553
105,30,1000,1,2.7,4,0.11478744434565305
105,31,1000,2,3.13,2,0.11478813233971595
105,32,1000,2,2.82,5,0.11478825524449349
105,33,1000,1,2.75,5,0.11478946727514266
105,34,1000,1,2.74,5,0.11478863254934549
105,35,1000,1,2.77,5,0.11478884033858776
105,36,1000,1,2.49,1,0.11479101330041885
105,37,1000,1,2.48,1,0.11479215323925018
105,38,1000,1,2.48,1,0.11479246616363525
105,39,1000,1,2.83,6,0.11478930109739303
105,40,1000,4,6.11,3,0.11479028204083443
105,41,1000,3,2.7,1,0.11479096126556397
105,42,1000,1,2.62,3,0.11479204229265451
106,1,1000,3,4.43,3,0.08411017864197493
106,2,1000,3,4.2,3,0.08410918787121772
106,3,1000,3,4.73,2,0.08410843064635992
106,4,1000,3,9.09,6,0.08410775390267372
106,5,1000,4,7.71,3,0.08410699943453073
106,6,689,4,10.0,3,0.08410640574548345
106,7,974,4,10.0,3,0.08410607634047218
106,8,1000,4,8.95,3,0.08410561937093734
106,9,270,4,10.02,3,0.08410483355875369
106,10,1000,4,9.6,3,0.08410479938983917
106,11,146,3,10.02,4,0.08410504623635175
106,12,214,3,10.03,7,0.0841048836499174
106,13,548,3,10.0,5,0.08410527630552758
106,14,1000,3,7.05,7,0.08410486768931151
106,15,1000,4,4.58,3,0.08410465651005507
106,16,1000,2,3.18,5,0.08410476787388324
106,17,1000,2,4.34,3,0.08410454505681991
106,18,1000,3,6.22,3,0.08410442341119051
106,19,1000,3,5.11,2,0.08410449938476086
106,20,1000,3,7.83,2,0.08410444600880146
106,21,135,3,10.05,8,0.08410475822510542
106,22,1000,3,5.4,2,0.08410495390743017
106,23,1000,2,2.84,3,0.08410612388700246
106,24,1000,1,2.66,3,0.08410457227379084
107,1,1000,3,4.43,3,0.01427135883551091
107,2,1000,3,5.14,3,0.014270543600432575
107,3,1000,3,5.09,3,0.014269572732038795
107,4,1000,3,5.12,3,0.014269374451600016
107,5,1000,3,5.13,3,0.014269410574808716
107,6,1000,3,4.57,3,0.014268917935900391
107,7,1000,3,5.1,3,0.014268801124766469
107,8,1000,3,4.29,2,0.014268695616163313
107,9,1000,3,4.2,2,0.014268386858515442
107,10,1000,3,4.24,2,0.014267654865048825
107,11,1000,3,4.24,2,0.014267677971161902
107,12,1000,3,4.48,3,0.014267778197303415
107,13,1000,3,4.44,3,0.014267764434218407
107,14,1000,2,3.33,3,0.014267597414553166
107,15,1000,2,3.04,2,0.014267524313181639
107,16,1000,1,2.67,3,0.014267138136550785
107,17,1000,2,4.27,9,0.014266748820431531
107,18,1000,3,5.51,8,0.014267031878232956
107,19,1000,3,5.04,3,0.014266575448215009
107,20,1000,2,6.7,8,0.014266608134843409
107,21,1000,3,5.98,3,0.014267077634111046
107,22,168,3,10.01,3,0.01426736326400368
107,23,171,3,10.03,3,0.014267479995407208
107,24,1000,3,5.48,2,0.014267731860280037
107,25,1000,2,3.95,7,0.014268819858320058
107,26,1000,4,3.15,3,0.014268728896975518
107,27,169,5,10.0,3,0.014268866607908314
107,28,165,4,10.06,6,0.01426884928774653
107,29,166,4,10.0,4,0.014268896222698042
107,30,1000,3,6.24,8,0.014268631927669048
107,31,602,5,10.0,2,0.01426857087507448
107,32,167,4,10.05,2,0.014268220474798522
107,33,200,5,10.05,3,0.014268347336910665
107,34,966,7,10.0,1,0.01426704578857491
107,35,1000,5,7.91,1,0.014267354857176543
107,36,1000,6,9.87,1,0.014267297541722655
107,37,1000,4,6.5,1,0.014266498105600477
107,38,1000,4,6.41,1,0.014265572470612824
107,39,1000,4,6.46,1,0.014263994512148201
107,40,283,4,10.0,1,0.014263928117553042
107,41,168,4,10.05,1,0.014264498682071766
107,42,164,4,10.04,1,0.014265030395330452
107,43,162,4,10.02,1,0.014264400220579572
107,44,1000,3,5.8,3,0.014264023719355465
107,45,1000,2,3.78,9,0.014263218748383225
107,46,1000,2,3.59,4,0.014264258351176977
107,47,144,3,10.06,6,0.014261913563435277
107,48,549,3,10.0,14,0.014263155756480924
107,49,136,3,10.03,3,0.014263669830089545
107,50,211,4,10.06,14,0.014262178639100061
107,51,1000,0,2.49,0,0.014260242693126202
108,1,1000,3,4.47,3,-0.030739835185930132
108,2,1000,3,5.13,3,-0.03074032543040812
108,3,1000,3,5.15,3,-0.030740730138495563
108,4,1000,3,7.16,3,-0.03074102114699781
108,5,1000,3,6.69,3,-0.030741599148139356
108,6,1000,3,7.84,6,-0.03074170004762709
108,7,1000,3,3.55,3,-0.030741728469729425
108,8,1000,3,3.2,2,-0.030741404071450235
108,9,1000,2,2.74,1,-0.0307408452630043
108,10,1000,2,3.9,5,-0.030741007685661317
108,11,1000,2,3.6,4,-0.03074109113588929
108,12,1000,3,7.79,3,-0.030740974636748433
108,13,1000,3,8.97,4,-0.030740599386394025
108,14,185,3,10.04,8,-0.030741333679572956
108,15,1000,3,9.03,6,-0.030741270339116455
108,16,1000,2,3.74,3,-0.0307413915861398
108,17,1000,2,4.22,4,-0.030741639090701937
108,18,1000,3,3.46,2,-0.03074065421335399
108,19,1000,3,5.12,1,-0.030740748796612025
108,20,1000,3,4.77,1,-0.030741203490644693
108,21,177,3,10.0,5,-0.030741713478066826
108,22,1000,3,4.38,3,-0.030741586895659565
108,23,1000,1,2.75,4,-0.030742159891873597
108,24,1000,1,2.67,3,-0.030741121850907802
108,25,1000,1,2.7,3,-0.030740395206958055
108,26,1000,4,3.06,3,-0.030741099044680597
108,27,1000,1,2.59,2,-0.030741265788674355
108,28,1000,1,2.73,3,-0.030741795571520923
108,29,1000,3,4.73,3,-0.0307417869977653
108,30,1000,3,3.8,2,-0.030741424672305583
108,31,1000,3,4.41,4,-0.03074074442870915
108,32,1000,2,3.48,3,-0.030741363944485782
108,33,1000,3,3.37,3,-0.03074107044748962
109,1,1000,3,4.45,3,0.0969297723993659
109,2,1000,3,4.23,3,0.09693007311969995
109,3,1000,4,4.52,2,0.09693008954823017
109,4,1000,5,8.2,4,0.09693069665133953
109,5,1000,5,6.6,3,0.09693107993155718
109,6,1000,5,5.23,2,0.09693142645806074
109,7,1000,4,5.14,3,0.09693165960907936
109,8,1000,5,6.15,3,0.0969322065114975
109,9,1000,5,9.6,7,0.09693236630409956
109,10,981,5,10.0,3,0.09693234734366307
109,11,263,5,10.06,3,0.09693274607336566
109,12,269,6,10.03,3,0.09693318857468637
109,13,248,5,10.0,3,0.09693331232354525
109,14,1000,4,6.17,3,0.0969336427077651
109,15,1000,4,4.93,2,0.0969339367300272
109,16,1000,3,4.11,3,0.09693404427170753
109,17,1000,2,3.06,2,0.09693456064164639
109,18,1000,3,4.41,3,0.09693487592786551
109,19,1000,3,5.22,3,0.09693523223698139
109,20,1000,3,7.88,6,0.09693584323674441
109,21,1000,3,5.63,9,0.0969363150075078
109,22,1000,3,4.52,5,0.09693568930774928
109,23,1000,3,5.35,3,0.09693595960736275
109,24,1000,3,5.46,3,0.09693633701652288
109,25,828,4,10.0,6,0.0969361766344971
109,26,1000,4,8.83,4,0.09693628910928964
109,27,1000,2,3.41,3,0.0969368635416031
109,28,1000,3,4.44,2,0.09693688544631004
109,29,173,5,10.06,3,0.09693783676693205
109,30,167,5,10.06,3,0.0969382946987352
109,31,152,4,10.0,3,0.09693853493387762
109,32,1000,1,2.53,1,0.09693794697523117
109,33,1000,1,2.54,1,0.09693867713212967
110,1,1000,3,4.64,3,-0.0215555954631418
110,2,1000,3,3.45,3,-0.02155660868063569
110,3,1000,2,3.17,3,-0.02155702785216272
110,4,1000,2,2.92,3,-0.02155681467242539
110,5,1000,2,3.41,2,-0.021556544601917266
110,6,1000,3,4.37,2,-0.021557111643254755
110,7,1000,5,5.77,2,-0.021557744823396206
110,8,1000,4,3.72,2,-0.021558493580669164
110,9,1000,2,2.73,1,-0.021558342471718787
110,10,1000,3,4.53,4,-0.021558499578386545
110,11,1000,2,4.3,5,-0.021559097411111
110,12,1000,2,4.09,4,-0.021559647196903824
110,13,1000,2,3.41,4,-0.021558297162875533
110,14,1000,2,5.46,5,-0.021559293691068886
110,15,1000,4,9.62,2,-0.021560271456837653
110,16,1000,2,3.17,3,-0.021559500413015485
110,17,150,4,10.05,3,-0.02155949592590332
110,18,163,4,10.05,4,-0.021559280886149113
110,19,152,5,10.05,1,-0.021560277691797206
110,20,156,3,10.01,7,-0.0215608780272305
110,21,812,3,10.0,6,-0.021561615515426902
110,22,156,4,10.02,5,-0.021562645689417154
110,23,1000,3,7.51,8,-0.021562400894239546
110,24,475,3,10.0,14,-0.021563882706196684
110,25,202,4,10.02,8,-0.021563889329681302
110,26,168,4,10.03,5,-0.021563990529449212
110,27,139,3,10.04,3,-0.021565504492722827
110,28,131,3,10.02,13,-0.021566452970372813
110,29,1000,2,5.95,12,-0.021567762741819024
110,30,1000,2,6.26,3,-0.021568591568619015
110,31,1000,2,4.51,3,-0.021569331932812928
110,32,1000,2,5.55,3,-0.021569901982322334
110,33,1000,2,6.89,3,-0.021570115940645337
110,34,1000,2,4.23,3,-0.021570929318666457
110,35,1000,1,3.38,12,-0.021570662762969733
110,36,1000,1,3.74,16,-0.02157362288609147
111,1,1000,3,4.46,3,0.048201631154865025
111,2,1000,3,4.1,3,0.04820086446776986
111,3,1000,3,4.58,2,0.048200316309928895
111,4,1000,2,2.84,3,0.04819997121393681
111,5,1000,2,2.97,1,0.04820003053545952
111,6,1000,2,2.63,1,0.048199838180094955
111,7,1000,3,4.87,5,0.04820016072317958
111,8,1000,4,6.8,7,0.04820082667097449
111,9,1000,3,3.28,3,0.048200274489820005
111,10,1000,4,3.99,1,0.048199986442923545
111,11,1000,4,3.44,1,0.04820023628696799
111,12,231,5,10.07,4,0.04820104793230177
111,13,204,4,10.01,4,0.04820173553318954
111,14,1000,4,5.04,4,0.04820228028669953
111,15,1000,3,3.31,1,0.04820153870433569
111,16,1000,4,5.55,1,0.048202020548284055
111,17,156,5,10.08,3,0.04820292827506096
111,18,1000,4,9.98,1,0.048204243659973146
111,19,1000,4,4.73,2,0.048205014150589705
111,20,164,5,10.03,3,0.04820518150198751
111,21,1000,4,5.82,6,0.04820590491220355
111,22,1000,4,3.48,2,0.04820613349974155
111,23,1000,4,4.58,6,0.048206841107457876
111,24,1000,4,5.98,2,0.0482073023058474
111,25,182,4,10.04,5,0.04820758061340222
111,26,1000,1,2.81,5,0.04820811473578215
111,27,171,4,10.0,4,0.04820828331492798
111,28,1000,3,4.07,5,0.04820939902961254
111,29,1000,2,6.3,5,0.0482096479870379
111,30,1000,2,5.54,11,0.04820908819139004
111,31,163,4,10.08,3,0.04820925998358639
111,32,1000,3,7.95,4,0.04820931818708778
111,33,1000,4,9.37,4,0.04821014429628849
111,34,160,4,10.06,3,0.04821121920831502
111,35,1000,3,3.64,4,0.04821235387772322
111,36,659,6,10.0,2,0.04821263485459529
111,37,1000,5,5.66,1,0.04821338858455419
111,38,1000,4,4.39,6,0.04821282873675227
111,39,1000,2,3.23,7,0.048213092617690564
111,40,1000,3,3.66,3,0.04821354869008064
111,41,1000,1,2.66,2,0.04821422027423978
112,1,1000,3,4.58,3,0.11355759081244468
112,2,1000,3,4.5,3,0.11355711253732442
112,3,1000,3,3.44,3,0.1135569613724947
112,4,1000,3,3.4,3,0.11355767773091793
112,5,1000,3,3.21,2,0.11355795571953058
112,6,1000,2,2.76,2,0.11355753299593925
112,7,1000,3,3.35,2,0.1135575330927968
112,8,1000,3,3.99,4,0.11355713349580765
112,9,1000,3,3.24,2,0.11355688066035509
112,10,1000,3,3.38,3,0.11355623911321164
112,11,1000,3,4.0,3,0.11355546905845404
112,12,1000,2,2.94,3,0.11355489580333233
112,13,1000,3,2.89,1,0.11355407423526048
112,14,1000,3,3.16,1,0.11355335573852063
112,15,1000,4,3.55,2,0.11355306863039732
112,16,1000,5,6.33,2,0.11355216262489558
112,17,1000,2,4.23,3,0.1135525733679533
112,18,1000,3,4.62,3,0.11355162473022938
112,19,1000,3,4.66,3,0.11355149656534196
112,20,1000,2,3.16,3,0.11355205692350864
112,21,1000,3,4.74,4,0.11355190443992615
112,22,1000,2,3.38,2,0.11355123065412044
112,23,1000,2,3.83,3,0.1135505298525095
112,24,1000,2,3.58,5,0.11355115392804147
112,25,1000,1,2.63,2,0.11355242885649204
112,26,1000,2,4.53,7,0.11355221492052078
112,27,1000,2,3.88,5,0.11355212650448084
112,28,1000,2,3.14,2,0.11355148304998874
112,29,1000,2,3.82,2,0.11355074612796306
112,30,1000,3,5.84,1,0.11355086856335402
112,31,1000,2,3.76,3,0.1135498815998435
113,1,1000,3,4.45,3,0.07707931335270404
113,2,1000,3,5.09,3,0.07707971461862326
113,3,1000,4,5.77,3,0.07707944598048926
113,4,1000,3,4.73,3,0.07707901649177075
113,5,1000,3,6.73,6,0.07707983426749707
113,6,1000,3,8.03,8,0.07708018156886101
113,7,974,3,10.0,11,0.07708055254462073
113,8,1000,3,3.86,2,0.07708108892291785
113,9,1000,2,3.06,3,0.07708137382566929
113,10,1000,3,3.85,5,0.07708135986328125
113,11,1000,3,4.22,3,0.07708149799704551
113,12,205,5,10.02,2,0.0770820165916187
113,13,1000,1,2.62,3,0.07708228679001332
113,14,1000,1,2.62,3,0.07708290280401707
113,15,1000,1,2.77,5,0.07708396524190902
114,1,1000,3,4.48,3,0.06870734779536725
114,2,1000,3,4.14,2,0.06870650544762612
114,3,1000,4,4.36,2,0.0687064458578825
114,4,1000,3,2.98,1,0.06870543211698532
114,5,1000,3,2.96,1,0.06870377063751221
114,6,1000,3,3.86,4,0.06870194876939058
114,7,1000,3,2.97,1,0.06870137789845467
114,8,1000,3,3.14,1,0.06869997525960207
114,9,1000,3,3.72,1,0.06869936110079289
114,10,1000,3,3.33,1,0.06869983648508787
114,11,1000,3,3.95,1,0.06869930330663919
114,12,1000,3,3.12,1,0.06869698435813189
114,13,249,7,10.06,1,0.06869749264066
114,14,1000,5,7.66,1,0.06869720367342233
114,15,1000,5,5.76,1,0.06869700483977795
114,16,289,5,10.0,1,0.06869775018168156
114,17,1000,5,6.26,1,0.06869691340625286
114,18,1000,2,3.25,1,0.06869535927474499
114,19,167,5,10.01,3,0.06869689455467784
114,20,157,4,10.04,4,0.0686972109944957
114,21,1000,4,9.34,2,0.06869722677022219
114,22,1000,4,6.78,2,0.0686970499008894
114,23,1000,4,4.79,3,0.0686958145648241
114,24,1000,3,3.92,2,0.06869508097320795
114,25,1000,3,3.9,2,0.06869630970805883
114,26,1000,2,4.3,3,0.06869537211954593
114,27,1000,3,6.01,2,0.06869331108778715
114,28,1000,3,5.63,5,0.06869359979778528
114,29,1000,4,4.54,3,0.06869364269077778
114,30,1000,3,3.13,1,0.06869359819591045
114,31,465,3,10.0,5,0.06869297884805228
114,32,149,4,10.07,4,0.06869098609125854
114,33,143,4,10.03,1,0.06869190082058206
114,34,162,6,10.02,1,0.06869192610000387
114,35,156,4,10.07,3,0.06869453272949426
114,36,1000,3,4.2,1,0.06869315224140883
114,37,153,6,10.02,2,0.0686926394214038
114,38,183,5,10.06,4,0.06869394987658725
114,39,1000,5,5.97,1,0.06869036304950714
114,40,1000,5,8.19,3,0.06868934481590987
114,41,1000,5,6.05,3,0.06868873623013497
114,42,1000,2,3.33,2,0.0686894010156393
114,43,1000,3,4.26,2,0.06869065826386213
114,44,1000,4,5.66,1,0.06869176079332828
114,45,1000,2,3.36,3,0.06868922803550959
114,46,1000,3,2.91,1,0.06868782904744149
114,47,1000,1,2.65,3,0.06868897970020771
114,48,1000,1,2.5,1,0.06868438422679901
114,49,1000,1,2.68,3,0.06868780055642128
114,50,1000,3,3.42,3,0.06868594481796027
114,51,1000,1,2.67,3,0.06868454942107201
115,1,1000,3,4.52,3,0.053342687260359525
115,2,1000,3,3.43,3,0.053342418402433395
115,3,1000,3,5.05,3,0.05334219851717353
115,4,1000,3,5.79,3,0.053341991558671
115,5,1000,3,3.07,1,0.05334202505648136
115,6,1000,3,3.11,1,0.05334195362776518
115,7,1000,3,3.92,3,0.05334207961708307
115,8,549,5,10.0,3,0.053342057395393945
115,9,1000,5,4.71,2,0.05334242605790496
115,10,1000,2,3.05,2,0.05334298897534609
115,11,1000,2,2.62,1,0.05334348265081644
115,12,1000,2,4.06,4,0.05334440547972918
115,13,1000,3,5.53,5,0.053344978012144564
115,14,149,4,10.01,3,0.053345144120038754
115,15,1000,5,9.86,1,0.05334598457813263
115,16,1000,4,6.67,4,0.053346222966909405
115,17,1000,3,6.3,3,0.053346386428922414
115,18,1000,1,2.72,4,0.05334625462815166
115,19,260,5,10.0,3,0.053346527668719106
115,20,161,4,10.02,5,0.05334737098642758
115,21,1000,3,3.01,2,0.053347557924687865
115,22,1000,3,3.12,1,0.05334703409671784
115,23,1000,3,4.93,6,0.053346961792558434
115,24,1000,2,3.47,7,0.05334728248044848
115,25,1000,4,8.86,7,0.05334735057502985
115,26,1000,4,7.46,3,0.05334755935892463
115,27,170,5,10.06,3,0.05334791297860005
115,28,200,4,10.06,6,0.05334841407835483
115,29,1000,5,6.65,1,0.05334859112277627
115,30,159,4,10.03,5,0.053348471041557925
115,31,1000,3,5.06,6,0.05334851468354464
115,32,1000,2,4.25,8,0.05334785782918334
115,33,1000,1,2.58,2,0.05334757089614868
115,34,1000,3,3.68,3,0.0533475617878139
115,35,1000,1,2.61,2,0.05334754750132561
116,1,1000,3,4.46,3,-0.11549704633653164
116,2,1000,3,3.81,2,-0.11549722465127707
116,3,1000,3,4.54,2,-0.11549721836298704
116,4,1000,2,3.62,3,-0.11549717691540719
116,5,1000,4,5.52,2,-0.11549721355736256
116,6,1000,4,6.05,2,-0.11549692338705063
116,7,231,4,10.04,6,-0.11549686585669909
116,8,1000,4,5.14,2,-0.1154968249425292
116,9,1000,3,3.77,3,-0.11549670623987913
116,10,1000,4,7.29,3,-0.11549653691053391
116,11,1000,4,6.09,2,-0.11549592735618353
116,12,1000,3,4.22,3,-0.11549509790539741
116,13,1000,2,3.89,2,-0.11549527248740196
116,14,1000,1,3.08,9,-0.11549528793990613
116,15,1000,1,3.3,12,-0.11549509225040674
116,16,1000,2,3.15,1,-0.11549539199471473
116,17,1000,2,3.55,5,-0.11549506781250238
116,18,1000,3,6.15,7,-0.11549489406496287
116,19,1000,2,2.74,2,-0.11549507576227189
116,20,1000,2,2.62,1,-0.1154942587018013
116,21,1000,2,2.64,2,-0.11549449341744185
116,22,1000,2,2.71,2,-0.11549501317739487
116,23,1000,2,2.67,2,-0.11549498161673546
116,24,1000,2,2.64,2,-0.11549536883831024
117,1,1000,3,4.44,3,0.008556364366784691
117,2,1000,3,4.27,3,0.008555783662945031
117,3,1000,3,6.71,4,0.00855477742664516
117,4,1000,3,6.04,3,0.008553870689123869
117,5,1000,3,5.33,3,0.00855315724760294
117,6,1000,3,4.61,2,0.008552875328809023
117,7,1000,3,9.21,6,0.00855185759998858
117,8,1000,3,7.09,3,0.008550734752789139
117,9,1000,3,5.77,2,0.00854944483935833
117,10,1000,4,9.35,10,0.008550007695332169
117,11,1000,2,4.39,5,0.008549484379589557
117,12,176,3,10.03,7,0.008548199918798426
117,13,1000,2,5.2,7,0.008547319179400801
117,14,1000,3,9.46,3,0.008547227495349944
117,15,562,4,10.0,3,0.008547042231357183
117,16,157,4,10.03,3,0.008546415864709457
117,17,1000,4,5.28,2,0.008546961003914475
117,18,1000,4,7.76,3,0.00854603094793856
117,19,1000,3,4.85,6,0.00854543741606176
117,20,1000,3,7.44,3,0.008544375903904437
117,21,1000,3,7.45,3,0.008543235959485173
117,22,1000,3,8.98,4,0.008544286051765083
117,23,146,3,10.02,11,0.00854251843762316
117,24,1000,3,3.48,1,0.008540925122797489
117,25,1000,3,6.14,2,0.00854218727722764
117,26,141,3,10.07,5,0.008541944463149452
117,27,1000,3,3.38,1,0.008541908919811249
117,28,1000,3,3.17,1,0.008540544301271439
117,29,1000,2,2.78,3,0.00854038917645812
117,30,1000,1,2.53,1,0.00853740330785513
118,1,1000,3,4.48,3,-0.10676015279442072
118,2,1000,3,4.56,3,-0.1067607446089387
118,3,1000,3,3.18,1,-0.10676177506148815
118,4,1000,3,3.34,1,-0.10676318672299386
118,5,1000,2,2.7,1,-0.10676375794410706
118,6,1000,2,4.11,6,-0.1067642302364111
118,7,1000,3,4.59,2,-0.10676629162579775
118,8,1000,3,6.94,4,-0.10676622593402862
118,9,1000,3,7.55,5,-0.10676781307905912
118,10,1000,3,7.26,3,-0.10676756758242846
118,11,1000,3,4.55,1,-0.1067675113528967
118,12,1000,3,4.51,2,-0.10676540083438157
118,13,1000,2,2.68,2,-0.10676257421076298
118,14,1000,1,2.47,1,-0.1067611575126648
118,15,1000,1,2.61,3,-0.10675977519154549
118,16,1000,1,2.53,2,-0.106760731741786
119,1,1000,3,4.57,3,-0.026510674018412828
119,2,1000,3,4.36,3,-0.02651110369898379
119,3,1000,3,4.31,2,-0.02651125027053058
119,4,1000,3,6.2,4,-0.026511478213593363
119,5,1000,3,5.41,3,-0.02651215664483607
119,6,1000,3,5.36,3,-0.026512413512915372
119,7,1000,2,3.39,3,-0.02651168213225901
119,8,1000,3,9.75,6,-0.026511299507692456
119,9,1000,4,6.4,3,-0.02651181156001985
119,10,1000,3,4.48,3,-0.026512604761868716
119,11,1000,3,4.71,3,-0.02651289495266974
119,12,1000,3,8.7,3,-0.026513324229046703
119,13,1000,4,9.95,3,-0.026513873349875212
119,14,1000,3,4.91,1,-0.026514347650110723
119,15,1000,3,4.17,1,-0.026514774028211834
119,16,1000,3,4.15,1,-0.0265154317189008
119,17,1000,3,5.54,1,-0.026516367208212613
119,18,1000,2,3.19,2,-0.026515816159546374
119,19,1000,2,2.82,1,-0.026516055405139922
119,20,1000,2,2.79,1,-0.026516693226993085
119,21,1000,3,8.66,17,-0.026517628885805607
119,22,1000,3,5.41,1,-0.026517435759305954
119,23,1000,3,4.93,2,-0.026517427429556848
119,24,1000,2,6.89,11,-0.02651674103923142
119,25,210,4,10.01,3,-0.026516968490821975
119,26,174,4,10.02,3,-0.026517070904802317
119,27,1000,4,8.74,3,-0.026517130700871347
119,28,1000,4,8.7,3,-0.02651696255430579
119,29,1000,4,8.74,3,-0.02651822425238788
119,30,1000,3,3.77,1,-0.02651884177699685
119,31,850,3,10.0,4,-0.026519134031499133
119,32,137,3,10.04,3,-0.0265196572010317
119,33,136,3,10.0,3,-0.02652055659221814
119,34,148,4,10.01,3,-0.02652080265201024
119,35,168,4,10.02,8,-0.02652147287015049
119,36,139,4,10.01,7,-0.026521945707231976
119,37,139,4,10.02,3,-0.026521741178074328
119,38,162,5,10.01,3,-0.026520689604458986
119,39,207,6,10.01,3,-0.02652114243719025
119,40,138,3,10.07,12,-0.026520993479568024
119,41,209,6,10.07,3,-0.026520141788076556
119,42,154,5,10.06,3,-0.02652036968328349
119,43,279,6,10.02,1,-0.02652100612506217
119,44,144,3,10.06,4,-0.02652002177718613
119,45,1000,2,6.74,7,-0.026520461492240428
119,46,215,3,10.0,5,-0.026521061819999716
119,47,1000,2,4.62,7,-0.026521675044670703
119,48,146,4,10.02,3,-0.02652231468627714
119,49,220,6,10.07,1,-0.026523284368555656
119,50,179,5,10.02,2,-0.02652384623801908
119,51,188,6,10.0,1,-0.02652441958916631
119,52,200,6,10.05,1,-0.026524813808500768
119,53,191,6,10.05,1,-0.02652482590906283
119,54,184,5,10.01,3,-0.026525060221066942
119,55,181,5,10.03,3,-0.026525688136397805
119,56,181,6,10.01,3,-0.02652678120037469
119,57,1000,3,6.43,3,-0.026526922583580016
119,58,200,4,10.07,3,-0.0265270777978003
119,59,157,4,10.07,5,-0.026526659133897467
119,60,169,5,10.05,7,-0.026525303930837726
119,61,176,5,10.0,2,-0.026524873630313032
119,62,156,4,10.07,21,-0.026525007692189552
119,63,144,4,10.06,2,-0.026524569929784372
119,64,1000,4,6.49,1,-0.02652442817762494
119,65,172,4,10.03,10,-0.026525165040998958
119,66,163,5,10.05,3,-0.026524412817110314
119,67,152,5,10.05,3,-0.02652426317677294
119,68,149,4,10.0,4,-0.026523684445243553
119,69,146,4,10.07,3,-0.02652475985456003
119,70,1000,3,4.01,3,-0.026524782119318843
119,71,1000,5,5.78,1,-0.026525702146813275
119,72,204,6,10.06,6,-0.026526030719134154
119,73,1000,5,5.01,1,-0.026527279138565063
119,74,1000,5,5.01,1,-0.026528116203844546
119,75,1000,4,4.8,1,-0.02652834382094443
119,76,1000,4,4.52,3,-0.026530506029725075
119,77,1000,1,2.63,1,-0.026532355695962906
119,78,1000,2,2.73,1,-0.026532761752605438
119,79,1000,0,2.5,0,-0.026529595255851746
120,1,1000,3,4.64,3,-0.012712745606899261
120,2,1000,3,4.12,3,-0.012713100243359804
120,3,1000,3,5.17,3,-0.012713533761911094
120,4,1000,4,6.33,3,-0.012713640607893466
120,5,1000,4,4.57,3,-0.012713633809238673
120,6,1000,3,3.46,1,-0.012713888298720121
120,7,1000,3,3.43,1,-0.01271444295719266
120,8,1000,3,3.44,1,-0.012715043118223548
120,9,1000,3,3.47,1,-0.01271530761756003
120,10,1000,3,3.44,1,-0.0127152128405869
120,11,1000,3,3.45,1,-0.012715283788740634
120,12,1000,3,3.67,1,-0.012715131551027298
120,13,1000,3,4.69,6,-0.012714812444522976
120,14,1000,3,5.43,8,-0.012714757833629846
120,15,1000,2,3.38,3,-0.012714827805757523
120,16,1000,2,3.09,2,-0.012715221546590329
120,17,1000,2,6.76,15,-0.012715657163411378
120,18,1000,2,3.39,3,-0.012715887811034918
120,19,1000,2,3.43,3,-0.012715870706364513
120,20,1000,2,3.38,3,-0.012716198377311229
120,21,1000,2,3.37,3,-0.012715493092313408
120,22,1000,3,2.86,1,-0.012715120691806078
120,23,1000,3,5.35,8,-0.012714913008734584
120,24,1000,3,3.62,3,-0.012714982589706778
120,25,1000,3,4.54,3,-0.012715450931340456
120,26,1000,3,3.64,3,-0.012715839717537165
120,27,1000,3,4.51,1,-0.012716667709872127
120,28,1000,3,5.39,1,-0.012716818151995539
120,29,1000,3,5.47,1,-0.012716925013810396
120,30,1000,3,8.33,2,-0.012717233216390013
120,31,799,3,10.0,2,-0.012718024869940158
120,32,159,3,10.06,6,-0.012717739227901466
120,33,1000,3,5.33,3,-0.01271744535304606
120,34,1000,3,5.31,3,-0.012718159103766084
120,35,1000,3,4.12,3,-0.012719338856637478
120,36,1000,2,3.15,2,-0.012719750061631202
120,37,1000,2,3.99,4,-0.012720908254384995
120,38,1000,1,2.8,4,-0.012721682982519269
120,39,1000,1,2.74,3,-0.012721649892628193
120,40,1000,1,2.72,3,-0.012722550807520747
120,41,1000,2,4.22,6,-0.012722423419356347
120,42,1000,2,4.3,6,-0.01272296136431396
120,43,1000,2,4.51,7,-0.012723997630178929
120,44,1000,3,6.29,4,-0.0127250524032861
120,45,266,4,10.03,4,-0.012724097569550114
120,46,1000,4,9.68,2,-0.01272453997656703
120,47,1000,4,6.98,1,-0.01272452316340059
120,48,1000,4,8.0,1,-0.012724470971152186
120,49,151,3,10.02,8,-0.012725707982352237
120,50,154,3,10.08,11,-0.012723815542730417
120,51,1000,3,7.1,3,-0.012724498998373747
120,52,154,3,10.06,7,-0.012725147642437127
120,53,182,4,10.02,6,-0.012725870503665327
120,54,153,3,10.0,16,-0.012725130606174858
120,55,156,5,10.02,3,-0.012725328029587101
120,56,140,4,10.0,5,-0.012725534502949033
120,57,1000,3,6.17,3,-0.012725914409384132
120,58,158,4,10.03,5,-0.012726602179906036
120,59,155,4,10.0,9,-0.012727194639944261
120,60,160,5,10.06,3,-0.012727913644630462
120,61,238,5,10.0,3,-0.012728538418955663
120,62,155,5,10.01,3,-0.012728924724844194
120,63,1000,3,5.95,3,-0.012729227302595974
120,64,1000,2,3.12,4,-0.012730305405333639
120,65,1000,5,7.23,3,-0.012731177866458892
120,66,1000,3,9.94,8,-0.012729244334623217
120,67,162,3,10.03,7,-0.01272863686590651
120,68,192,3,10.05,6,-0.012728983516960094
120,69,136,4,10.03,3,-0.012729093514601974
120,70,1000,3,9.22,3,-0.012729412468150259
120,71,1000,3,8.39,3,-0.012729678589850664
120,72,1000,3,5.2,2,-0.012730924494564533
120,73,151,5,10.02,3,-0.012732279992705544
120,74,156,5,10.0,3,-0.01273241762119608
120,75,1000,3,4.02,2,-0.012731826240196824
120,76,177,4,10.03,10,-0.01273173886735392
120,77,1000,4,7.28,3,-0.012732263239100575
120,78,1000,3,4.98,3,-0.012732893435284495
120,79,1000,3,5.83,3,-0.012733179381117225
120,80,1000,2,3.62,3,-0.01273330470919609
120,81,1000,3,6.0,3,-0.012733432035893201
120,82,1000,3,5.98,3,-0.012732652759179473
120,83,1000,3,5.97,3,-0.012732675388455392
120,84,1000,3,6.0,3,-0.012733023626729846
120,85,1000,2,3.64,3,-0.012732915023341776
120,86,1000,3,5.26,3,-0.012733610823750496
120,87,1000,3,5.21,3,-0.012735403882339597
120,88,1000,2,3.62,3,-0.012735980939120053
120,89,1000,1,2.82,4,-0.012736198938451708
120,90,1000,3,3.54,3,-0.012742941038683057
120,91,1000,4,6.37,3,-0.012744900189340115
120,92,1000,4,4.93,3,-0.012746584724634885
121,1,1000,3,4.54,3,0.08019706534594298
121,2,1000,3,4.33,3,0.08019737309217453
121,3,1000,3,5.83,3,0.08019804235547781
121,4,1000,3,4.01,2,0.08019953959435225
121,5,1000,2,3.2,3,0.08020022552460432
121,6,1000,3,4.39,2,0.08020059732347727
121,7,1000,3,5.46,2,0.08020194713771343
121,8,1000,3,7.12,2,0.08020325634628535
121,9,1000,4,6.94,3,0.08020342691987753
121,10,246,4,10.01,3,0.08020398765802383
121,11,1000,3,6.27,3,0.08020473439991474
121,12,1000,3,4.96,3,0.08020398428291083
121,13,1000,4,3.64,1,0.08020569448918104
121,14,1000,2,2.75,1,0.0802056235447526
121,15,1000,2,2.83,1,0.08020674258470535
122,1,1000,3,4.43,3,-0.05050715305656195
122,2,1000,3,3.39,3,-0.05050601930916309
122,3,1000,3,3.96,3,-0.05050556768849492
122,4,1000,2,3.05,4,-0.050505223732441665
122,5,1000,2,3.16,5,-0.05050465283915401
122,6,1000,3,4.43,4,-0.05050414078310132
122,7,1000,5,5.42,2,-0.05050443542376161
122,8,1000,3,3.64,2,-0.05050362888723612
122,9,1000,2,3.01,2,-0.05050316966325045
122,10,1000,1,2.57,2,-0.05050312405824661
122,11,1000,1,2.74,4,-0.05050232682004571
122,12,1000,2,4.21,6,-0.05050189974531531
122,13,168,5,10.01,3,-0.05050256863857309
122,14,171,5,10.02,4,-0.05050225057012853
122,15,1000,5,4.03,2,-0.05050130070745945
122,16,1000,4,5.22,1,-0.05050056713446975
122,17,1000,5,9.32,3,-0.050500388700515035
122,18,945,4,10.0,2,-0.05050087702416238
122,19,131,4,10.01,4,-0.05049926241618077
122,20,132,4,10.0,5,-0.05050048943270336
122,21,148,5,10.06,5,-0.050499951567601516
122,22,147,5,10.01,5,-0.05049906934605164
122,23,1000,4,3.71,1,-0.05049745671078563
122,24,1000,3,8.15,2,-0.05049675004929304
122,25,148,3,10.05,21,-0.05049680095367335
122,26,120,3,10.01,3,-0.050496367768694955
122,27,126,4,10.07,3,-0.050496121543267415
122,28,1000,4,5.75,3,-0.05049551230296492
122,29,1000,4,7.65,3,-0.050494700979441406
122,30,1000,4,8.4,3,-0.0504942383505404
122,31,1000,3,4.9,3,-0.050493770077824594
122,32,1000,1,2.99,7,-0.05049411289766431
122,33,1000,1,2.59,2,-0.05049191579595208
122,34,1000,1,2.93,6,-0.05049123008549213
122,35,1000,1,2.6,2,-0.05048904746770859
122,36,1000,0,2.43,0,-0.05048903822898865
122,37,1000,0,2.45,0,-0.050486788153648376
122,38,1000,1,3.4,12,-0.050487447760999206
122,39,1000,1,3.4,12,-0.05048680647462606
123,1,1000,3,4.54,3,-0.13046608817577363
123,2,1000,3,3.55,3,-0.13046507608890534
123,3,1000,3,4.39,3,-0.1304634376913309
123,4,1000,3,4.63,6,-0.1304633668065071
123,5,1000,3,6.38,2,-0.13046337942779065
123,6,173,3,10.07,10,-0.13046360756620506
123,7,1000,3,4.37,3,-0.1304638192206621
123,8,1000,3,3.69,1,-0.1304635957032442
123,9,1000,2,3.32,3,-0.13046359573304653
123,10,1000,3,7.97,3,-0.13046322524547577
123,11,1000,3,3.74,2,-0.1304635580033064
123,12,1000,3,3.99,1,-0.13046346655488014
123,13,1000,3,4.17,1,-0.13046356101334095
123,14,1000,3,4.35,2,-0.13046378570795059
123,15,1000,2,5.06,9,-0.13046474604308606
123,16,1000,3,3.58,3,-0.13046479320526122
123,17,1000,3,3.91,1,-0.13046521382033824
123,18,1000,2,3.04,2,-0.13046605657041072
123,19,1000,1,2.62,2,-0.130466927960515
123,20,1000,2,3.32,2,-0.13046500563621521
123,21,1000,3,7.6,2,-0.13046427820622922
123,22,1000,2,4.3,4,-0.13046596197783947
123,23,1000,2,3.24,7,-0.13046764063835145
123,24,1000,1,2.77,4,-0.13046862448751925
123,25,1000,1,2.6,2,-0.13047113172709943
123,26,1000,4,3.05,3,-0.13047053681313991
123,27,1000,1,2.59,2,-0.13047387394309043
123,28,1000,4,5.05,3,-0.1304727502912283
123,29,1000,1,2.83,5,-0.13047279630601405
123,30,1000,4,8.92,3,-0.13047207935154437
123,31,1000,2,2.74,3,-0.13047214019298553
123,32,1000,1,2.52,1,-0.1304728239774704
124,1,1000,3,4.57,3,0.06421667051315308
124,2,1000,3,4.94,3,0.06421634502708912
124,3,1000,3,6.78,3,0.06421608909964562
124,4,1000,3,4.71,2,0.06421510827541352
124,5,1000,3,4.62,2,0.06421501403301955
124,6,1000,3,4.63,2,0.06421482156962156
124,7,1000,3,4.72,2,0.06421455925703048
124,8,1000,3,4.76,2,0.06421374389529229
124,9,1000,3,3.61,1,0.0642129050642252
124,10,415,3,10.0,5,0.06421276128076646
124,11,680,3,10.0,7,0.06421306158470756
124,12,1000,3,8.97,7,0.06421211984753608
124,13,145,4,10.05,2,0.06421193727131548
124,14,1000,4,4.08,2,0.06421177832782268
124,15,863,5,10.0,3,0.06421162261436601
124,16,178,5,10.02,7,0.06421122197689635
124,17,1000,4,6.81,4,0.0642111807540059
124,18,1000,4,6.06,3,0.06421089055389166
124,19,1000,5,7.54,3,0.06421126655489207
124,20,1000,3,7.68,3,0.06421135511994362
124,21,143,3,10.0,5,0.06421115718313031
124,22,123,3,10.03,5,0.06421063161962401
124,23,134,3,10.05,8,0.0642111243040704
124,24,1000,3,6.52,2,0.06421227852255106
124,25,1000,6,7.68,3,0.06421197938174009
124,26,1000,3,4.51,4,0.06421232271939516
124,27,1000,1,2.62,2,0.06421171312779188
124,28,1000,1,2.67,3,0.06421227454394102
124,29,1000,3,2.98,3,0.06421301168948412
124,30,1000,3,4.44,3,0.06421248162537813
124,31,1000,1,2.56,1,0.0642133504152298
124,32,1000,1,2.73,3,0.06421378365904093
124,33,1000,1,2.55,1,0.06421434134244919
124,34,1000,3,2.88,3,0.06421428021043539
124,35,1000,1,2.62,3,0.06421465173363686
124,36,1000,3,3.62,3,0.06421439234167338
124,37,1000,1,2.59,2,0.06421524465084076
125,1,1000,3,4.64,3,-0.09894421555101872
125,2,1000,3,4.4,3,-0.09894363529980182
125,3,1000,3,4.3,5,-0.09894321838021278
125,4,1000,4,3.52,4,-0.0989443332850933
125,5,1000,3,2.87,1,-0.09894426229596139
125,6,1000,3,3.89,6,-0.09894365675747395
125,7,1000,4,4.38,2,-0.09894439616799354
125,8,1000,4,4.53,2,-0.09894433333724738
125,9,1000,2,3.18,4,-0.09894546829164028
125,10,1000,3,6.56,4,-0.0989455221220851
125,11,1000,3,9.47,6,-0.09894555453956128
125,12,1000,3,7.63,5,-0.09894709052145481
125,13,1000,2,3.94,3,-0.0989465394988656
125,14,1000,3,9.0,4,-0.09894589640945196
125,15,148,3,10.0,5,-0.09894598476790092
125,16,1000,3,8.55,4,-0.09894634413719178
125,17,1000,2,3.71,5,-0.09894713272899389
125,18,1000,2,3.02,5,-0.09894795157015324
125,19,1000,2,3.67,5,-0.09894876943528652
126,1,1000,3,4.48,3,0.05383179961517453
126,2,1000,3,4.55,3,0.05383180259540677
126,3,1000,4,3.73,3,0.053831880629062655
126,4,1000,2,2.88,2,0.05383197099715471
126,5,183,5,10.04,3,0.05383224705936479
126,6,1000,3,3.49,2,0.05383262407779694
126,7,1000,2,2.65,1,0.053831440664827826
126,8,1000,2,3.53,7,0.05383102488517761
126,9,1000,1,2.56,2,0.053829814434051514
126,10,1000,2,4.22,5,0.05383022129535675
126,11,145,3,10.01,3,0.053831503565969135
126,12,1000,2,4.24,5,0.05383032390475273
126,13,147,5,10.03,3,0.05382981911605718
126,14,142,4,10.06,3,0.05383026686457681
126,15,1000,1,2.6,2,0.05382877973839641
126,16,1000,2,3.81,3,0.05382733247801662
126,17,1000,2,5.67,8,0.053827064085751775
126,18,1000,2,3.99,6,0.053826937768608335
126,19,137,4,10.04,4,0.05382688871047793
126,20,232,4,10.05,7,0.05382688147626046
126,21,199,5,10.0,3,0.05382650412956075
126,22,1000,6,7.78,1,0.053826021663844585
126,23,144,4,10.11,6,0.05382460867986083
126,24,153,5,10.03,2,0.053823818543962405
126,25,140,4,10.05,9,0.05382323384817157
126,26,138,4,10.05,3,0.05382284241310065
126,27,190,5,10.01,1,0.053820508796917764
126,28,1000,4,4.75,3,0.053819235604256395
126,29,1000,3,4.0,2,0.053818349782377484
126,30,154,4,10.03,6,0.05381778250266979
126,31,144,4,10.05,3,0.05381784396659997
126,32,145,4,10.04,1,0.053817336518189006
126,33,1000,2,4.7,4,0.053814287651330235
126,34,162,6,10.07,3,0.053813060469649454
126,35,158,5,10.01,3,0.05381240754659417
126,36,1000,2,3.19,1,0.05381089049577713
126,37,1000,2,3.56,1,0.053810852274298666
126,38,1000,2,3.47,1,0.05380952467024326
126,39,1000,2,3.8,9,0.05380731752887368
126,40,156,6,10.02,3,0.05380591783577051
126,41,1000,3,6.06,5,0.053804863385856154
126,42,1000,2,2.66,1,0.05380529868975282
126,43,1000,0,2.48,0,0.053806472569704056
127,1,1000,3,4.55,3,0.09622090985625982
127,2,1000,3,3.52,3,0.09622106736153364
127,3,1000,3,2.87,1,0.09622142482548952
127,4,1000,3,3.15,1,0.09622154145687818
127,5,1000,3,3.78,2,0.09622185982763767
127,6,1000,3,3.77,2,0.09622158219665289
127,7,1000,5,4.21,1,0.0962219695597887
127,8,1000,2,2.75,1,0.0962220927029848
127,9,1000,2,5.03,9,0.09622073972970248
127,10,1000,3,6.97,3,0.09622155068069696
127,11,1000,2,3.92,5,0.09622174551337957
127,12,200,3,10.0,3,0.09622265256941319
127,13,374,5,10.06,3,0.09622355618260124
127,14,169,5,10.07,3,0.09622360104639854
127,15,162,5,10.02,4,0.09622425172064039
127,16,140,4,10.01,2,0.09622317057635103
127,17,1000,4,5.86,6,0.09622254854440689
127,18,1000,4,7.23,5,0.09622251942008733
127,19,855,5,10.0,3,0.09622213191281982
127,20,1000,2,5.53,8,0.09622032666951418
127,21,134,3,10.04,4,0.09622041280589887
127,22,1000,2,5.37,3,0.09622076772153378
127,23,154,4,10.03,12,0.09622115661184509
127,24,156,5,10.06,3,0.09622290945396973
127,25,139,4,10.01,3,0.09622356895920184
127,26,155,4,10.03,4,0.09622158494687849
127,27,195,4,10.06,4,0.09622170153336647
127,28,1000,2,5.95,12,0.09622139220684767
127,29,155,4,10.06,6,0.09622205390084175
127,30,170,5,10.02,3,0.09622355909908518
127,31,171,4,10.01,5,0.09622347481243791
127,32,1000,4,5.32,1,0.09622248883545399
127,33,141,4,10.05,2,0.09622205487379791
127,34,160,5,10.0,2,0.09622236643917859
127,35,804,3,10.0,4,0.09622273400462979
127,36,151,5,10.01,3,0.09622340600024785
127,37,142,4,10.05,3,0.09622297121185652
127,38,1000,4,7.01,3,0.09622332455962897
127,39,1000,2,3.12,5,0.0962235247194767
128,1,1000,3,4.56,3,-0.08142946181446314
128,2,1000,3,4.0,2,-0.08142984309792518
128,3,1000,3,5.67,5,-0.08143061262369156
128,4,1000,2,3.01,2,-0.08143029826134443
128,5,1000,2,3.15,2,-0.08143054603785277
128,6,1000,1,2.68,4,-0.08143048390001059
128,7,184,4,10.07,4,-0.08143068190016177
128,8,1000,2,3.72,3,-0.08143032759428025
128,9,1000,3,4.71,4,-0.08143006448447704
128,10,1000,3,3.94,2,-0.08143005710840225
128,11,1000,4,9.51,3,-0.08143027187138796
128,12,1000,5,4.83,2,-0.08143016155809164
128,13,1000,2,2.88,2,-0.08143001624196768
128,14,1000,1,3.0,8,-0.08142982661724091
128,15,1000,2,4.08,5,-0.08142968065291643
128,16,1000,2,4.19,5,-0.08142977210879326
128,17,299,5,10.05,4,-0.08143003950250588
128,18,1000,2,3.14,5,-0.08142926416546106
128,19,257,6,10.02,3,-0.08143010845676006
128,20,1000,4,5.3,3,-0.08142984823137522
128,21,1000,4,4.77,2,-0.08142850171029568
128,22,1000,5,7.52,4,-0.08142801025509834
128,23,1000,3,4.61,3,-0.08142826411128044
128,24,1000,2,4.35,15,-0.08142838656902313
128,25,1000,1,2.64,3,-0.08142740912735462
128,26,1000,3,4.21,3,-0.08142761377245188
128,27,1000,3,5.94,3,-0.08142721761018037
128,28,1000,4,6.04,3,-0.08142726162075996
128,29,566,5,10.0,3,-0.08142689311409586
128,30,1000,4,6.36,2,-0.08142654827982188
128,31,1000,2,3.76,3,-0.08142651608586311
128,32,1000,3,5.31,1,-0.08142633700370788
128,33,1000,4,3.84,1,-0.08142622102051973
128,34,1000,1,3.09,9,-0.08142557265609503
128,35,147,3,10.07,3,-0.0814261081166008
128,36,1000,3,7.63,7,-0.08142628625780345
128,37,1000,2,3.23,1,-0.08142511311918497
128,38,1000,0,2.4,0,-0.08142511546611786
129,1,1000,3,4.56,3,0.026624679058790207
129,2,1000,3,3.48,2,0.0266246655844152
129,3,1000,3,3.73,2,0.026624913051724434
129,4,1000,3,4.32,5,0.02662504631653428
129,5,1000,4,3.45,3,0.026625115487724543
129,6,1000,2,3.11,3,0.026625713791698216
129,7,1000,2,3.34,4,0.026626242745667696
129,8,1000,3,5.5,6,0.02662642690166831
129,9,1000,3,4.61,3,0.026626329556107522
129,10,1000,3,9.02,9,0.0266265554279089
129,11,1000,3,8.09,6,0.026626966927200554
129,12,1000,3,6.82,6,0.02662721723690629
129,13,1000,1,2.73,4,0.02662758683413267
129,14,1000,4,7.7,3,0.026628318060189487
129,15,1000,4,5.22,2,0.026628271855413915
129,16,1000,5,5.94,3,0.02662790847569704
129,17,1000,2,3.52,7,0.026628073193132876
129,18,1000,3,5.16,4,0.026628684593364597
129,19,1000,3,5.59,2,0.0266288437359035
129,20,1000,3,7.33,4,0.026629019413143395
129,21,1000,1,2.6,2,0.0266301913484931
129,22,1000,2,4.01,6,0.026629993341863157
129,23,1000,1,2.8,4,0.026629679325968027
129,24,1000,1,2.6,2,0.026629557639360427
130,1,1000,3,4.64,3,0.11326413044333458
130,2,1000,3,5.19,3,0.11326554737985134
130,3,1000,4,5.27,3,0.11326676937192678
130,4,1000,3,5.72,5,0.113267933472991
130,5,1000,3,4.47,3,0.11326917900145053
130,6,1000,3,3.75,2,0.11326994112879038
130,7,1000,2,3.03,2,0.11326921395212412
130,8,1000,2,3.94,4,0.11326804835349322
130,9,1000,3,4.77,2,0.11326974323391914
130,10,1000,3,9.68,6,0.11327166434377432
130,11,1000,3,8.72,3,0.11327068073302507
130,12,1000,3,4.12,2,0.11327147129923106
130,13,1000,3,4.85,3,0.11327146445214749
130,14,1000,4,5.68,3,0.1132719549164176
130,15,1000,3,4.43,3,0.11327232768386603
130,16,1000,3,5.09,4,0.11327336532622576
130,17,1000,1,2.65,3,0.11327198423445224
130,18,1000,1,2.79,5,0.11327346722781659
130,19,154,4,10.0,3,0.11327496954759994
130,20,1000,4,7.39,4,0.11327650756388903
130,21,1000,3,9.47,6,0.11327700194716453
130,22,1000,3,5.91,3,0.11327875070273877
130,23,149,3,10.07,15,0.1132792418435116
130,24,149,5,10.06,2,0.11327970772981644
130,25,1000,3,3.78,3,0.11328170279413462
130,26,431,5,10.0,2,0.11328226706475504
130,27,1000,3,4.49,1,0.11328076411783695
130,28,1000,3,4.37,1,0.11328080466389656
130,29,1000,3,4.33,1,0.11327941968291998
130,30,161,4,10.0,1,0.11328035824417328
130,31,311,3,10.0,5,0.11328048460257398
130,32,139,4,10.03,3,0.11328278557002115
130,33,1000,4,8.89,3,0.11328268836438656
130,34,1000,3,4.67,3,0.11328336976468563
130,35,1000,3,8.14,6,0.11328494300693273
130,36,186,3,10.02,8,0.11328669304969491
130,37,1000,2,5.87,4,0.11328452351689339
130,38,1000,2,4.7,7,0.11328216990083456
130,39,1000,1,3.17,9,0.11328080976754427
130,40,1000,2,4.18,4,0.11328025916963816
130,41,1000,2,5.68,11,0.1132820390611887
130,42,1000,3,4.55,4,0.11328242376446723
130,43,1000,3,3.94,2,0.11328328672796488
130,44,1000,3,4.51,3,0.11328445692360402
130,45,1000,2,3.41,3,0.11328521659970284
130,46,1000,1,2.65,3,0.11328539808839559
130,47,1000,2,3.65,4,0.11328538128733635
130,48,1000,2,5.52,10,0.113286795116961
130,49,1000,6,9.34,2,0.11328809030354023
130,50,350,6,10.0,1,0.11328875369259289
130,51,1000,1,2.58,1,0.11328922212123871
130,52,1000,1,2.55,2,0.11328928917646408
131,1,1000,3,4.62,3,-0.08789103368669748
131,2,1000,3,4.2,3,-0.08789085833728313
131,3,1000,3,4.04,3,-0.08789138557761908
131,4,1000,2,3.09,4,-0.08789184162020683
131,5,1000,2,2.84,1,-0.08789243774116039
131,6,1000,3,3.23,1,-0.08789233726263046
131,7,1000,6,5.42,2,-0.08789151383191347
131,8,1000,6,5.91,3,-0.08789157170802354
131,9,1000,3,3.33,3,-0.08789154175668955
131,10,1000,2,3.27,1,-0.08789283203333616
131,11,1000,3,3.97,3,-0.08789242889732123
131,12,700,6,10.0,7,-0.08789184469197478
131,13,164,5,10.02,6,-0.0878918147305163
131,14,159,6,10.04,2,-0.08789243010230034
131,15,1000,3,3.28,1,-0.08789236077666282
131,16,1000,1,2.67,3,-0.08789259964972734
131,17,1000,2,4.99,7,-0.0878929573148489
131,18,158,3,10.0,3,-0.08789250334795518
131,19,234,7,10.02,2,-0.08789156654324287
131,20,408,5,10.0,4,-0.0878912366597968
131,21,420,5,10.0,4,-0.08789232637555826
131,22,1000,4,7.36,3,-0.08789180367439985
131,23,1000,3,6.72,5,-0.08789203094691038
131,24,1000,2,4.02,2,-0.08789204461872578
131,25,1000,2,4.0,4,-0.08789296465367079
131,26,1000,2,2.96,3,-0.08789191506803036
131,27,1000,2,3.15,3,-0.08789094560593366
131,28,1000,2,2.64,1,-0.08789030462503433
131,29,1000,3,3.13,2,-0.08789028051495552
131,30,1000,2,2.64,1,-0.0878906100988388
131,31,1000,2,2.64,1,-0.08788907527923584
131,32,1000,2,2.63,1,-0.08788979053497314
131,33,1000,2,2.61,1,-0.08788969367742538
132,1,1000,3,4.6,3,-0.027891570055857302
132,2,1000,3,4.55,3,-0.02789232063293457
132,3,1000,4,6.05,3,-0.027892641704529524
132,4,1000,3,5.72,4,-0.0278929538205266
132,5,1000,3,4.7,3,-0.02789297634549439
132,6,1000,3,5.78,5,-0.02789243760704994
132,7,1000,3,4.42,2,-0.02789289765059948
132,8,1000,2,3.38,3,-0.027892314661294222
132,9,711,6,10.0,4,-0.027892601423478998
132,10,1000,6,4.29,1,-0.02789356729015708
132,11,1000,6,4.14,2,-0.02789296548254788
132,12,1000,5,4.14,3,-0.02789352044276893
132,13,1000,1,2.52,1,-0.02789308689534664
132,14,1000,2,2.99,4,-0.027892500288784504
132,15,1000,2,3.02,4,-0.02789407713897526
133,1,1000,3,4.58,3,-0.022073481282219292
133,2,1000,3,3.38,3,-0.022074303796514868
133,3,1000,3,3.16,2,-0.022074850413948296
133,4,1000,3,3.94,4,-0.022075300151482225
133,5,1000,2,3.02,4,-0.022075559781864287
133,6,1000,2,3.45,7,-0.022075705219060184
133,7,1000,4,8.21,4,-0.022076194586232306
133,8,1000,3,3.66,4,-0.022076528955250977
133,9,1000,3,4.23,4,-0.022076668443158268
133,10,1000,2,3.15,5,-0.022077046640217306
133,11,1000,2,3.14,5,-0.022077701915055512
133,12,1000,3,5.83,5,-0.02207899692468345
133,13,1000,2,4.18,7,-0.02207947812601924
133,14,199,4,10.01,3,-0.022079744128201476
133,15,191,6,10.02,4,-0.022079384129943022
133,16,1000,5,9.99,4,-0.02207979043200612
133,17,1000,4,4.44,2,-0.022080691603943707
133,18,1000,2,2.71,3,-0.022081475768238306
133,19,1000,3,6.92,6,-0.02208137098699808
133,20,970,3,10.0,7,-0.02208146325206941
133,21,1000,2,3.24,3,-0.022081638749688864
133,22,1000,3,6.09,5,-0.022083251506090164
133,23,146,4,10.03,3,-0.022084333130145725
133,24,140,5,10.02,3,-0.022084194035934552
133,25,1000,3,2.64,1,-0.02208460494875908
133,26,1000,2,3.01,4,-0.022084227960556747
133,27,1000,1,2.8,4,-0.022084957998245953
133,28,1000,2,2.57,1,-0.02208530157804489
133,29,1000,1,2.55,2,-0.022085178419947626
134,1,1000,3,4.62,3,0.07935329674184323
134,2,1000,3,4.09,2,0.0793540137335658
134,3,1000,3,3.49,2,0.07935416435450315
134,4,1000,2,3.32,2,0.07935440138727426
134,5,1000,2,3.21,2,0.07935422304272652
134,6,1000,3,4.12,2,0.07935381531715394
134,7,1000,3,4.43,3,0.07935397997498513
134,8,1000,2,2.94,3,0.07935367435961961
134,9,1000,2,2.74,2,0.0793534489274025
134,10,1000,2,4.18,4,0.07935372866690159
134,11,952,4,10.0,4,0.07935436386145464
134,12,155,5,10.06,3,0.07935437338967477
134,13,1000,5,6.14,2,0.07935422635823489
134,14,1000,3,3.69,3,0.07935464891046286
134,15,1000,2,3.32,3,0.07935444305837154
134,16,1000,1,2.81,5,0.07935420405119657
134,17,136,3,10.01,7,0.07935444342301172
134,18,1000,2,3.56,3,0.0793550669029355
134,19,1000,5,4.83,3,0.07935584267228842
134,20,246,6,10.06,3,0.07935665375212343
134,21,1000,4,3.72,2,0.07935672517865897
135,1,1000,3,4.65,3,0.08963358752429486
135,2,1000,3,4.62,3,0.08963267569988966
135,3,1000,3,3.44,2,0.0896318425014615
135,4,1000,1,2.65,3,0.08963078416883946
135,5,1000,2,3.31,3,0.08963142223656177
135,6,1000,2,3.0,2,0.08963060510903596
135,7,1000,3,4.11,4,0.08963035479187965
135,8,1000,2,3.94,7,0.0896303872987628
135,9,242,5,10.06,6,0.08962997966561435
135,10,1000,5,9.37,3,0.0896290390342474
135,11,188,5,10.03,3,0.08962838086200521
135,12,1000,5,5.85,2,0.08962918956577778
135,13,1000,4,5.17,2,0.08962898698449134
135,14,1000,2,2.7,1,0.08962783690541982
135,15,242,5,10.07,5,0.08962783229745123
135,16,153,4,10.07,3,0.08962779945018244
135,17,179,4,10.04,3,0.0896275411021776
135,18,1000,2,3.47,2,0.08962740620970726
135,19,152,4,10.07,11,0.08962787741697148
135,20,422,4,10.0,3,0.08962761051070069
135,21,1000,4,6.37,1,0.08962770737707615
135,22,1000,3,3.21,2,0.08962746138870716
135,23,1000,2,3.76,6,0.08962708450853825
135,24,288,6,10.03,3,0.08962695398885343
135,25,162,5,10.04,1,0.08962711231944001
135,26,161,5,10.03,3,0.08962609868797457
135,27,512,4,10.0,3,0.08962517276813742
135,28,1000,5,8.13,3,0.08962487184256315
135,29,1000,3,4.9,3,0.08962497445195913
135,30,1000,3,5.93,3,0.08962461218982935
135,31,1000,3,6.17,2,0.08962366266548634
135,32,140,3,10.07,11,0.08962308812354292
135,33,495,4,10.01,3,0.08962208411910318
136,1,1000,3,4.61,3,0.03234914618358016
136,2,1000,3,2.87,1,0.03234956542402506
136,3,1000,3,6.12,3,0.03235032395273447
136,4,1000,3,4.4,2,0.03235077698901296
136,5,1000,3,3.51,2,0.03235098656266928
136,6,1000,2,3.19,1,0.03235146747902036
136,7,1000,2,2.87,1,0.032351130224764345
136,8,1000,3,6.65,4,0.03235082886740565
136,9,1000,3,4.48,3,0.03235132448747754
136,10,1000,3,4.45,3,0.032351537000387905
136,11,143,4,10.03,3,0.03235236930472034
136,12,1000,4,7.87,3,0.03235235524922609
136,13,1000,4,5.87,2,0.032351798810064794
136,14,1000,4,5.03,1,0.03235137283802032
136,15,1000,4,3.42,1,0.032351611126214264
136,16,1000,2,2.85,1,0.03235224100574851
136,17,1000,2,4.75,8,0.03235203895717859
136,18,1000,2,4.23,5,0.03235291780903935
136,19,435,5,10.0,3,0.03235262125387959
136,20,1000,4,4.76,2,0.03235250969603658
136,21,1000,1,2.92,6,0.03235114977881312
136,22,1000,2,2.97,1,0.03235004871338606
137,1,1000,3,4.64,3,-0.12518054957687855
137,2,1000,3,5.27,3,-0.1251811888217926
137,3,1000,4,5.71,3,-0.12518134327232838
137,4,1000,3,5.85,2,-0.12518122872710227
137,5,159,4,10.04,7,-0.12518121377102234
137,6,1000,3,7.85,3,-0.1251811265051365
137,7,1000,3,8.57,4,-0.12518156017363072
137,8,1000,4,8.88,5,-0.1251812874674797
137,9,1000,3,6.21,3,-0.12518117202818393
137,10,1000,2,4.29,6,-0.12518050189316274
137,11,1000,3,9.11,5,-0.12517954605817794
137,12,1000,3,5.05,2,-0.12517886628210545
137,13,1000,3,5.84,5,-0.12517947436869145
137,14,1000,3,3.47,1,-0.12517958422005176
137,15,1000,4,9.34,4,-0.12518045653402804
137,16,846,3,10.0,5,-0.12518075171937335
137,17,1000,3,8.33,3,-0.12518048232793808
137,18,1000,3,6.11,3,-0.12518069833517076
137,19,1000,2,4.2,3,-0.12518089580535888
137,20,1000,1,2.79,4,-0.12518076333403588
138,1,1000,3,4.63,3,-0.06034270814061165
138,2,1000,3,3.52,2,-0.060342819023877385
138,3,1000,3,4.47,3,-0.06034328676015139
138,4,1000,3,4.41,2,-0.060343361344188454
138,5,1000,3,3.48,1,-0.06034354818984866
138,6,1000,3,5.39,3,-0.06034363705664873
138,7,963,3,10.0,8,-0.0603438447135755
138,8,1000,4,6.57,3,-0.06034428860247135
138,9,1000,3,3.5,1,-0.060344202902168034
138,10,1000,3,3.42,1,-0.060343964617699385
138,11,1000,3,5.46,3,-0.06034373776987195
138,12,856,3,10.0,6,-0.06034413595448866
138,13,1000,3,6.97,3,-0.06034497286006808
138,14,1000,3,6.98,3,-0.06034490973129868
138,15,179,3,10.07,8,-0.06034624653571811
138,16,1000,3,4.38,2,-0.06034699335321784
138,17,1000,3,4.47,2,-0.060346700556576253
138,18,943,3,10.0,8,-0.0603468837423896
138,19,979,3,10.0,3,-0.0603480917935291
138,20,689,3,10.0,3,-0.06034830784092621
138,21,157,3,10.01,4,-0.06034848233981497
138,22,180,3,10.0,10,-0.06034889676504665
138,23,1000,4,7.52,3,-0.06034885777533054
138,24,1000,3,3.53,1,-0.060348502285778524
138,25,1000,3,8.3,6,-0.06034834548085928
138,26,1000,4,6.52,4,-0.06034958947449923
138,27,1000,3,4.42,2,-0.0603491999655962
138,28,1000,3,3.46,1,-0.060349466908723115
138,29,1000,3,3.5,1,-0.060350829370319846
138,30,1000,3,8.32,6,-0.06035057523101568
138,31,192,3,10.0,10,-0.06035049542939911
138,32,160,3,10.01,14,-0.06035094142425805
138,33,1000,4,9.39,3,-0.060351544540375474
138,34,1000,4,9.48,3,-0.06035122150182724
138,35,1000,4,9.36,3,-0.06035110832005739
138,36,1000,4,9.35,3,-0.06034994065761566
138,37,1000,4,9.36,3,-0.06034975101798773
138,38,1000,3,5.16,5,-0.06035062734410167
138,39,1000,2,6.01,12,-0.06035160578787327
138,40,1000,1,2.55,1,-0.06035100296139717
139,1,1000,3,4.59,3,-0.03236274755746126
139,2,1000,3,4.21,3,-0.03236226181313395
139,3,1000,3,3.05,2,-0.03236183477193117
139,4,1000,2,3.1,3,-0.03236179918795824
139,5,1000,3,4.14,2,-0.03236143580451608
139,6,1000,1,2.6,2,-0.03236249003559351
139,7,1000,1,2.69,3,-0.032363445173949006
139,8,1000,3,3.64,4,-0.032363058909773826
139,9,1000,2,3.94,4,-0.032362805262207986
139,10,1000,2,2.83,2,-0.032363580398261545
139,11,1000,2,3.36,3,-0.03236358734220266
139,12,163,5,10.02,5,-0.03236320879927442
139,13,1000,3,3.51,2,-0.032363723255693914
139,14,1000,4,3.59,1,-0.03236565451323986
139,15,1000,2,4.03,5,-0.03236628952622413
139,16,178,5,10.04,6,-0.03236597690605716
139,17,190,5,10.01,4,-0.03236483780569152
139,18,154,5,10.06,3,-0.032365298067981545
139,19,137,4,10.01,5,-0.032365566323490906
139,20,158,5,10.02,7,-0.03236585273112677
139,21,1000,4,8.06,3,-0.03236657566949725
139,22,1000,3,3.99,4,-0.03236744080856442
139,23,1000,3,8.97,6,-0.032368249289691446
139,24,472,4,10.0,4,-0.0323674163102346
139,25,1000,3,4.46,3,-0.03236753199249506
139,26,1000,3,4.35,2,-0.0323679252974689
139,27,1000,3,6.12,3,-0.03236811973527074
139,28,1000,3,8.75,6,-0.03236858233809471
139,29,1000,3,3.39,1,-0.032369369570165875
139,30,151,4,10.06,4,-0.03236907498528626
139,31,154,5,10.02,3,-0.03236900823940704
139,32,1000,2,3.54,5,-0.03236882254481316
139,33,149,4,10.04,5,-0.032369607171956326
139,34,133,3,10.06,6,-0.03236961768085795
139,35,135,3,10.06,7,-0.032368647086399575
139,36,152,3,10.03,5,-0.032368019051653776
140,1,1000,3,4.63,3,0.08422337131947279
140,2,1000,3,3.16,2,0.08422394927591086
140,3,1000,3,3.47,2,0.08422362122684718
140,4,1000,3,3.07,1,0.0842242095693946
140,5,1000,2,3.3,4,0.08422459178417921
140,6,1000,3,2.98,1,0.08422540368139744
140,7,1000,2,3.35,4,0.08422588563710451
140,8,1000,2,3.54,5,0.08422616183012724
140,9,1000,2,4.44,9,0.08422748078405858
140,10,1000,3,3.93,3,0.0842280907407403
140,11,1000,3,4.5,2,0.0842288965433836
140,12,1000,2,3.3,2,0.08422905056923628
140,13,1000,3,5.37,2,0.08422824826091528
140,14,1000,3,5.27,4,0.08422882169485092
140,15,1000,3,4.96,5,0.0842300221696496
140,16,1000,2,3.11,3,0.08423011304438115
140,17,1000,2,4.2,8,0.0842310880497098
140,18,1000,3,3.01,2,0.08423167660832405
140,19,1000,2,2.74,2,0.08423051208257676
140,20,1000,2,2.87,3,0.08423130325973034
140,21,1000,2,2.71,2,0.08423219302296639
140,22,1000,2,3.51,7,0.08423347781598568
140,23,1000,2,2.87,3,0.08423429682850837
140,24,1000,2,3.2,2,0.08423500828444958
140,25,1000,2,3.37,2,0.08423561239987612
140,26,1000,2,3.19,2,0.08423581993579865
140,27,1000,2,4.26,4,0.08423561482131481
140,28,1000,1,2.7,4,0.08423554848134518
140,29,1000,2,2.7,2,0.08423374396562576
140,30,1000,2,3.35,3,0.08423504656553268
140,31,1000,2,2.85,1,0.08423610434681177
140,32,1000,3,3.56,3,0.08423530397564173
140,33,1000,1,2.55,2,0.08423504447937012
140,34,1000,1,2.66,3,0.08423635624349117
140,35,1000,3,6.51,3,0.0842370247244835
140,36,1000,2,2.82,2,0.08423674514144659
140,37,1000,2,2.72,1,0.08423573085665703
140,38,1000,2,2.74,1,0.08423600888997317
140,39,1000,3,3.28,2,0.08423699348419905
140,40,1000,3,6.32,5,0.08423859064280986
140,41,1000,2,3.13,3,0.08423937071114779
140,42,1000,2,3.83,3,0.0842401273548603
140,43,1000,2,3.52,3,0.08424091724306346
140,44,1000,2,3.61,3,0.08424249337613583
140,45,1000,5,4.54,2,0.08424380796402693
140,46,1000,5,3.56,2,0.08424199283123017
140,47,1000,3,3.09,1,0.08424237665534019
140,48,1000,2,2.87,3,0.08424260090291501
140,49,1000,2,2.97,1,0.08424056342989206
140,50,1000,1,2.79,5,0.0842411332204938
140,51,1000,1,2.53,2,0.0842432549893856
140,52,1000,1,2.56,2,0.08424284430593253
141,1,1000,3,4.63,3,-0.11222923994064331
141,2,1000,3,4.38,2,-0.11223047032952309
141,3,1000,4,4.05,2,-0.11223175410181284
141,4,1000,1,2.71,4,-0.11223200059682131
141,5,1000,2,3.59,3,-0.11223206429183483
141,6,1000,2,2.77,2,-0.11223258890211582
141,7,1000,2,2.72,3,-0.11223309402912855
141,8,1000,1,2.69,3,-0.11223402518033981
141,9,1000,1,2.74,4,-0.11223369565606117
141,10,1000,1,2.69,3,-0.11223507339507341
141,11,1000,1,2.54,1,-0.11223595589399338
142,1,1000,3,4.63,3,-0.06517813805490733
142,2,1000,3,5.25,3,-0.06517942991107702
142,3,1000,4,6.97,4,-0.06517962824553251
142,4,1000,3,5.95,3,-0.06517979968339205
142,5,1000,3,4.05,3,-0.06517990822345018
142,6,1000,3,6.6,6,-0.06517946864664555
142,7,1000,4,8.67,6,-0.06517868278175593
142,8,1000,4,5.51,3,-0.06517863793671132
142,9,1000,4,7.14,3,-0.06517813077569008
142,10,720,3,10.0,3,-0.06517769629135728
142,11,1000,3,9.54,7,-0.06517739199101925
142,12,1000,3,6.92,3,-0.06517699450999498
142,13,1000,3,6.58,5,-0.06517697425931693
142,14,1000,3,3.67,1,-0.06517686737328768
142,15,1000,1,2.6,2,-0.06517606411129236
143,1,1000,3,4.64,3,-0.05829834636300802
143,2,1000,3,5.04,3,-0.058298823308199646
143,3,1000,4,5.79,3,-0.05829864532127976
143,4,1000,3,4.0,3,-0.05829841439425945
143,5,1000,3,3.58,2,-0.05829761779308319
143,6,1000,2,2.96,3,-0.0582965397387743
143,7,1000,3,6.36,5,-0.05829478600621223
143,8,1000,3,9.62,5,-0.058292847402393815
143,9,1000,3,4.01,2,-0.05829154936596751
143,10,1000,3,5.87,2,-0.0582902114726603
143,11,1000,3,7.07,3,-0.05828980154171586
143,12,1000,4,6.34,3,-0.05828883703425527
143,13,1000,3,3.73,1,-0.05828830359503627
143,14,1000,2,3.64,4,-0.058287963464856145
143,15,1000,2,3.39,3,-0.058290959544479846
143,16,1000,3,4.7,3,-0.05829059535637498
143,17,201,3,10.0,10,-0.05829165935219817
143,18,1000,3,6.15,5,-0.05829148030281067
143,19,1000,2,3.93,5,-0.058290979772806166
143,20,1000,2,4.6,7,-0.05829111840575933
143,21,164,5,10.06,3,-0.058291979202228346
143,22,160,4,10.07,6,-0.058292773365974423
143,23,179,5,10.02,3,-0.05829643676650591
143,24,162,5,10.02,3,-0.05829439010977009
143,25,1000,4,9.43,3,-0.05829222606867552
143,26,153,5,10.04,4,-0.05829165858867901
143,27,165,5,10.07,3,-0.05829148622173252
143,28,160,5,10.08,3,-0.058290297235362235
143,29,225,5,10.04,3,-0.058289384477668335
143,30,1000,3,4.75,3,-0.05828740997239947
143,31,196,4,10.08,6,-0.05828712922425903
143,32,210,4,10.06,7,-0.05828634465024585
143,33,265,5,10.02,3,-0.05828628682021825
143,34,166,5,10.03,3,-0.058283469987561905
143,35,175,5,10.05,3,-0.058281827760594235
143,36,171,4,10.01,5,-0.05828238842867271
143,37,161,5,10.03,5,-0.058280439295383714
143,38,135,4,10.02,3,-0.05828240248892042
143,39,181,6,10.02,1,-0.058280072838726625
143,40,147,5,10.06,3,-0.05828119479880041
143,41,140,4,10.07,3,-0.05828327571174928
143,42,154,4,10.02,8,-0.058279828978823375
143,43,134,6,10.04,3,-0.05828117943410553
143,44,148,5,10.05,6,-0.058278520818094946
143,45,1000,4,4.59,2,-0.058282514847815034
143,46,1000,3,5.36,1,-0.05828274193778634
143,47,1000,1,4.24,23,-0.05828027226403355
143,48,1000,1,3.61,14,-0.05827814256772399
143,49,114,3,10.01,4,-0.058277847996929234
143,50,1000,3,4.73,3,-0.05828333219513297
143,51,1000,2,3.16,3,-0.05828093396872282
143,52,1000,2,4.28,3,-0.058285514056682586
143,53,1000,2,4.58,7,-0.05828653318434954
143,54,228,5,10.07,3,-0.0582853028746812
143,55,295,5,10.0,3,-0.0582853857617257
143,56,154,5,10.02,3,-0.058289796742913014
143,57,192,4,10.08,3,-0.058290391229093075
143,58,198,4,10.05,3,-0.05828999413760624
143,59,1000,3,8.62,9,-0.05829353437200189
143,60,1000,3,8.6,9,-0.05829326984658837
143,61,1000,2,3.11,2,-0.05829319890961051
143,62,1000,2,2.76,1,-0.058293168798089025
143,63,1000,2,2.74,1,-0.05829298013448715
143,64,1000,2,2.76,1,-0.058292774990200996
143,65,1000,2,2.77,1,-0.05829255678504706
143,66,1000,2,2.8,1,-0.05829090413451195
143,67,1000,2,2.75,1,-0.058290693119168284
143,68,1000,2,2.8,1,-0.058287432357668874
143,69,1000,2,2.77,1,-0.05828716296702623
143,70,1000,2,2.78,1,-0.05828756264597178
143,71,1000,2,2.82,1,-0.05828685989230871
143,72,1000,2,2.8,1,-0.05828480642288923
143,73,1000,2,2.81,1,-0.05828310015797615
143,74,1000,2,2.82,1,-0.05828186973929405
143,75,1000,2,2.8,1,-0.0582822997905314
144,1,1000,3,4.71,3,-0.023802527174353598
144,2,1000,3,4.22,3,-0.02380375168658793
144,3,1000,3,4.18,3,-0.023804765686392785
144,4,1000,3,3.08,1,-0.023805248253047466
144,5,1000,3,2.81,1,-0.023806104339659215
144,6,1000,3,3.48,1,-0.02380635632947087
144,7,1000,3,3.12,1,-0.023806910790503025
144,8,1000,2,3.66,3,-0.023808225516229867
144,9,1000,1,2.92,6,-0.023808848142623903
144,10,1000,1,2.72,3,-0.023809090707451106
144,11,1000,3,7.26,4,-0.023808649629354476
144,12,1000,3,9.29,7,-0.02380748762190342
144,13,1000,2,3.26,3,-0.02380665590427816
144,14,1000,2,3.14,4,-0.0238076710999012
144,15,1000,1,2.72,3,-0.02380794395133853
144,16,1000,2,3.83,3,-0.023808155011385678
144,17,1000,3,4.24,2,-0.02380764935910702
144,18,170,3,10.06,4,-0.023808928644832444
144,19,1000,3,5.33,4,-0.023809388145804404
144,20,1000,3,4.19,3,-0.023808385495096444
144,21,1000,2,2.77,1,-0.02380857027694583
144,22,1000,2,3.19,4,-0.023810658119618893
144,23,1000,3,4.26,3,-0.023811854377388954
144,24,1000,2,3.32,2,-0.023813136264681817
144,25,1000,1,2.7,2,-0.023813549645245076
144,26,1000,1,2.68,2,-0.023814219802618025
145,1,1000,3,4.7,3,0.040766021300107244
145,2,1000,3,4.95,3,0.040766316145658496
145,3,1000,3,5.15,2,0.04076644589751959
145,4,1000,3,6.24,5,0.040766444738954306
145,5,1000,3,4.12,3,0.04076642772182822
145,6,1000,2,2.72,1,0.040766938976943494
145,7,1000,3,3.17,1,0.04076729652658105
145,8,168,3,10.04,6,0.040766940252589326
145,9,1000,4,8.24,3,0.04076670169457793
145,10,1000,3,6.17,5,0.040766604751348495
145,11,1000,4,6.23,3,0.04076666157320142
145,12,1000,3,2.95,1,0.04076705206558108
145,13,1000,3,2.78,1,0.040767351258546115
145,14,1000,3,2.82,1,0.04076780028641224
145,15,1000,3,5.42,8,0.04076694385707379
145,16,1000,3,4.74,7,0.04076730299368501
145,17,1000,3,4.9,8,0.040768443714827296
145,18,1000,3,4.99,5,0.0407684914059937
145,19,232,4,10.0,3,0.04076764090307828
145,20,1000,3,7.89,4,0.04076758123189211
145,21,1000,3,4.01,1,0.04076799852773547
145,22,1000,2,2.8,2,0.04076735823228955
145,23,1000,1,2.47,1,0.04076743498444557
146,1,1000,3,4.62,3,0.08434343473613262
146,2,1000,3,3.45,2,0.08434183767437935
146,3,1000,3,3.42,1,0.0843409433066845
146,4,1000,2,3.29,2,0.084340172290802
146,5,1000,1,2.63,3,0.08434033819288016
146,6,1000,2,3.31,3,0.08434002560377121
146,7,1000,1,2.77,5,0.08434010553359986
146,8,1000,1,2.69,4,0.08433974559605122
146,9,1000,2,3.03,7,0.08433903471380472
146,10,1000,3,4.31,3,0.08433949152380228
146,11,1000,3,4.5,2,0.08433900885283947
146,12,1000,1,2.55,2,0.08433859756588936
146,13,1000,1,2.69,4,0.08433940656483173
146,14,1000,1,2.7,4,0.08434005518257617
146,15,1000,3,3.57,3,0.0843401731327176
146,16,1000,3,3.63,4,0.08433918289095163
146,17,1000,3,2.94,1,0.08433763125538826
146,18,1000,2,2.74,2,0.08433745469897985
146,19,1000,3,4.9,5,0.08433791472762824
146,20,1000,1,2.6,2,0.08433707238733769
146,21,1000,1,2.7,4,0.08433694964647293
146,22,1000,3,8.0,3,0.08433761575073004
146,23,1000,3,9.36,5,0.0843369905501604
146,24,1000,3,4.42,2,0.08433788845688105
146,25,1000,2,4.76,5,0.08433705363422632
146,26,1000,2,5.18,6,0.0843358551338315
146,27,1000,3,8.04,4,0.08433609592169523
146,28,550,3,10.0,6,0.08433728078549559
146,29,203,5,10.06,8,0.08433719830853599
146,30,176,5,10.01,3,0.08433599867434664
146,31,1000,4,6.02,1,0.08433556538820267
146,32,1000,1,2.79,4,0.08433537244796753
146,33,1000,2,2.83,2,0.08433474268764257
146,34,1000,1,2.51,1,0.08433330804109573
147,1,1000,3,4.65,3,-0.01224542186409235
147,2,1000,3,4.55,3,-0.012245848007500173
147,3,1000,3,4.42,3,-0.01224618778936565
147,4,1000,3,3.29,1,-0.012246522812172771
147,5,1000,3,3.61,1,-0.012246654158458114
147,6,1000,2,3.1,1,-0.012246720250695944
147,7,1000,2,3.07,1,-0.012246620880439877
147,8,1000,3,3.92,1,-0.012246729258447886
147,9,1000,3,7.58,1,-0.012246610255911946
147,10,484,4,10.0,1,-0.012246388183860493
147,11,131,4,10.07,1,-0.01224596354086663
147,12,1000,3,6.01,7,-0.012245488490909338
147,13,1000,2,3.96,5,-0.01224509478546679
147,14,1000,4,3.85,3,-0.012245196597650648
147,15,1000,4,7.74,3,-0.012245048856362701
147,16,791,3,10.0,3,-0.012244909317685968
147,17,1000,3,6.79,3,-0.012244974756613373
147,18,1000,3,8.67,3,-0.012244994144886731
147,19,1000,3,5.1,7,-0.012244880869984627
147,20,1000,2,4.96,8,-0.012244714153930546
147,21,1000,3,7.82,4,-0.01224465853907168
147,22,1000,3,4.99,2,-0.012244471287354827
147,23,1000,3,3.71,1,-0.012243965120986104
147,24,1000,3,3.74,1,-0.012243309419602156
147,25,1000,3,4.99,2,-0.012243208890780807
147,26,1000,3,3.28,1,-0.012243166657164692
147,27,1000,3,4.11,2,-0.012242720685899258
147,28,1000,3,3.26,1,-0.012242292501032353
148,1,1000,3,4.66,3,0.11327819926291705
148,2,1000,3,4.77,3,0.11327789957821369
148,3,1000,3,4.02,3,0.11327737871557474
148,4,1000,2,2.88,3,0.11327681652456521
148,5,1000,2,2.95,3,0.11327671393752098
148,6,1000,4,6.48,4,0.11327676006406545
148,7,1000,3,5.41,3,0.11327759389579296
148,8,1000,2,3.08,2,0.11327776470780372
148,9,1000,4,8.85,3,0.11327781912684441
148,10,1000,4,5.55,1,0.1132778938114643
148,11,1000,2,3.38,2,0.11327715771645308
148,12,1000,2,3.36,3,0.11327697443962097
148,13,1000,1,2.69,3,0.11327681247889995
148,14,1000,2,3.36,2,0.11327680436521768
148,15,1000,2,3.83,3,0.11327719442546368
148,16,179,4,10.06,4,0.11327700445938377
148,17,1000,5,4.39,3,0.11327688770741225
148,18,1000,3,3.55,1,0.11327699940651655
148,19,1000,2,3.21,1,0.1132763773277402
148,20,1000,3,4.59,1,0.11327649844437837
148,21,1000,1,3.41,12,0.11327638526260853
148,22,1000,3,8.38,5,0.11327670067548752
148,23,1000,2,3.54,3,0.11327628198266029
148,24,1000,3,6.36,8,0.1132763862684369
148,25,699,4,10.0,8,0.11327619240945672
148,26,1000,4,7.19,2,0.11327679942548274
148,27,1000,2,2.95,2,0.11327637915313243
149,1,1000,3,4.66,3,0.023596790006384254
149,2,1000,3,5.35,3,0.023597216026857496
149,3,1000,3,8.82,3,0.02359747642278671
149,4,1000,3,5.83,2,0.023597862092778088
149,5,203,5,10.02,5,0.0235980041692116
149,6,1000,3,6.45,3,0.023598126171156763
149,7,1000,3,4.56,3,0.02359814340621233
149,8,1000,3,5.79,5,0.02359773950278759
149,9,1000,3,6.41,2,0.02359684762917459
149,10,152,4,10.07,12,0.023597085701399727
149,11,199,5,10.02,2,0.023597528259433693
149,12,1000,2,4.3,4,0.023597360119223594
149,13,1000,3,9.62,5,0.023597609907388687
149,14,1000,3,6.27,6,0.023597945054993033
149,15,116,4,10.02,3,0.023598183941995275
149,16,151,5,10.06,6,0.023598414000789852
149,17,146,5,10.0,3,0.023598935722998562
149,18,179,6,10.01,3,0.0235995016159625
149,19,1000,4,6.09,2,0.023599802749231458
149,20,1000,2,4.11,7,0.023600553719326855
149,21,1000,2,3.16,3,0.023600474728271367
149,22,201,5,10.02,3,0.023601152299351953
149,23,1000,2,2.88,1,0.0236010507568717
149,24,1000,1,2.91,6,0.023601074067875743
149,25,1000,1,2.7,3,0.023600852204486728
150,1,1000,3,4.71,3,0.07332440842688083
150,2,1000,3,4.45,3,0.07332563541829586
150,3,1000,4,6.26,3,0.07332633063942194
150,4,1000,3,4.78,3,0.0733267262801528
150,5,1000,3,5.56,5,0.07332656798511744
150,6,1000,3,4.44,2,0.07332666447013617
150,7,1000,3,4.45,2,0.07332675848156214
150,8,1000,2,2.81,1,0.07332737596333026
150,9,1000,2,3.36,4,0.0733285031542182
150,10,1000,4,8.78,3,0.07332838421314955
150,11,1000,4,7.32,2,0.07332838620990514
150,12,1000,4,4.88,1,0.07332831463962794
150,13,1000,3,4.53,4,0.07332814356684685
150,14,1000,4,6.65,2,0.07332880862057209
150,15,1000,3,4.73,3,0.07332913960516453
150,16,1000,3,5.42,3,0.0733289028480649
150,17,1000,3,3.84,2,0.07332844197005034
150,18,1000,1,2.59,2,0.0733280891776085
150,19,1000,2,2.98,2,0.07332806140929461
150,20,1000,2,3.82,4,0.07332807049155235
150,21,1000,2,3.21,3,0.07332796123623848
150,22,1000,3,4.35,2,0.0733273736834526
150,23,1000,3,6.33,3,0.07332726084440946
150,24,1000,3,3.88,2,0.07332763943821191
150,25,1000,3,5.86,5,0.07332717555761337
150,26,1000,3,5.18,2,0.07332746292650699
150,27,1000,2,2.73,1,0.07332733815908432
150,28,1000,5,8.84,3,0.07332762218266725
150,29,243,5,10.07,4,0.07332864060323425
150,30,1000,5,6.72,5,0.07332909899204969
150,31,1000,5,5.46,3,0.07332938387989998
150,32,1000,4,6.82,7,0.07332966884970665
150,33,1000,2,4.46,3,0.07333002996444703
150,34,1000,1,2.58,2,0.07333050666004419
150,35,1000,1,2.61,2,0.07333066362142562
150,36,1000,1,2.72,4,0.0733318598717451
150,37,1000,1,2.8,5,0.0733322130739689
150,38,1000,1,2.65,3,0.07333204877376556
150,39,1000,1,2.66,3,0.07333202505111694
150,40,1000,1,2.64,3,0.07333210048824548
150,41,1000,3,6.23,3,0.07333204866200685
150,42,1000,3,5.46,3,0.0733335741609335
150,43,1000,3,5.33,5,0.07333346278965473
150,44,1000,3,3.78,4,0.07333327996730804
150,45,1000,1,2.59,2,0.07333360023796559
150,46,1000,1,2.65,3,0.07333429413288832
150,47,1000,3,3.73,3,0.07333426780253649
150,48,1000,1,2.72,4,0.07333560943603516
150,49,1000,1,2.64,3,0.07333532898873091
150,50,1000,4,3.07,3,0.07333469359576703
150,51,1000,1,2.59,2,0.07333649003505707
151,1,1000,3,4.66,3,0.001197006791830063
151,2,1000,3,3.55,3,0.0011976628936827183
151,3,1000,3,4.41,2,0.001198072005994618
151,4,1000,3,4.43,2,0.0011985937394201754
151,5,1000,3,5.63,2,0.0011989504182711244
151,6,1000,4,6.74,2,0.0011995117682963609
151,7,1000,3,4.47,3,0.0012002291893586517
151,8,1000,2,4.09,3,0.0012010588152334095
151,9,1000,2,2.94,1,0.0012015106789767741
151,10,1000,2,4.19,4,0.0012024551471695303
151,11,1000,2,9.13,15,0.001203264456242323
151,12,1000,2,3.83,3,0.00120312244258821
151,13,1000,2,3.88,3,0.0012042267229408026
151,14,1000,3,4.06,3,0.0012048737490549684
151,15,1000,1,2.76,4,0.0012064281636849047
151,16,1000,2,3.4,3,0.0012060172371566296
151,17,1000,2,6.1,12,0.0012081106109544635
151,18,1000,2,4.59,7,0.0012066253367811442
151,19,1000,2,4.63,7,0.0012069285940378904
151,20,797,5,10.0,4,0.0012062670547022033
151,21,1000,5,5.85,3,0.0012066295128315687
151,22,1000,1,2.77,4,0.0012075023362413048
151,23,262,4,10.0,16,0.0012089998207147454
151,24,144,4,10.08,3,0.0012096254051559502
151,25,139,4,10.01,6,0.001210585652796967
151,26,122,4,10.03,2,0.001211178952782247
151,27,1000,5,6.13,3,0.001212450032122433
151,28,1000,3,4.57,3,0.0012126254653558135
151,29,310,5,10.01,3,0.0012131935293455758
151,30,1000,5,9.33,3,0.001213993277400732
151,31,213,5,10.01,3,0.0012153250076742449
151,32,140,4,10.02,3,0.0012161985605156848
151,33,141,4,10.07,1,0.0012171712583459332
151,34,1000,2,4.02,7,0.0012170421937480569
151,35,1000,2,6.75,8,0.001218108900822699
151,36,139,4,10.08,4,0.0012181597642881943
151,37,132,3,10.07,5,0.0012195767644284801
151,38,143,4,10.02,3,0.00121928809839138
151,39,160,4,10.04,11,0.0012202193087432534
151,40,166,5,10.04,2,0.001220806059988597
151,41,133,4,10.06,3,0.001221015586349693
151,42,154,4,10.04,3,0.0012215716059791385
151,43,142,4,10.02,3,0.0012224725411522767
151,44,144,4,10.02,6,0.001222711645014998
151,45,139,5,10.02,3,0.0012230144540625188
151,46,148,4,10.01,3,0.0012243330145154047
151,47,129,3,10.18,14,0.0012267770186109945
151,48,127,3,10.01,3,0.0012290393172829288
151,49,1000,2,5.18,7,0.0012293596416711808
151,50,1000,2,5.64,10,0.0012299223635345697
152,1,1000,3,4.73,3,-0.026076628690585493
152,2,1000,3,4.1,3,-0.026077413260936738
152,3,1000,3,3.11,2,-0.026077476227656007
152,4,1000,4,4.24,6,-0.026077019430696964
152,5,1000,2,2.74,2,-0.02607732456922531
152,6,1000,3,3.84,2,-0.026077301567420365
152,7,1000,1,2.68,3,-0.02607763674482703
152,8,935,3,10.0,6,-0.026077564885431434
152,9,1000,3,7.63,4,-0.026077683510258794
152,10,1000,2,3.42,3,-0.02607739720493555
152,11,1000,3,5.24,4,-0.026076330291107296
152,12,1000,1,2.74,4,-0.02607668596506119
152,13,1000,2,4.05,3,-0.026076953537762165
152,14,1000,2,2.78,1,-0.02607742915302515
152,15,1000,2,4.74,6,-0.026077212208881973
152,16,1000,6,7.07,3,-0.026076461412012576
152,17,1000,2,2.74,3,-0.026076318629086017
152,18,1000,1,2.74,4,-0.026077110029757024
152,19,214,4,10.03,4,-0.026076902913921906
152,20,1000,3,6.44,4,-0.02607650664448738
152,21,1000,3,4.11,3,-0.026076102567836643
152,22,1000,1,2.85,5,-0.026075653212144972
152,23,1000,1,2.61,2,-0.026075900178402663
152,24,1000,2,4.05,4,-0.026075966635718942
152,25,1000,2,3.09,2,-0.026076227307319642
152,26,1000,3,3.06,2,-0.026076703399419785
152,27,1000,1,2.69,3,-0.02607665647752583
152,28,1000,1,2.84,5,-0.026076261874288322
152,29,1000,5,9.09,3,-0.026076478507369757
152,30,1000,3,5.5,3,-0.026076597426086666
152,31,1000,2,3.21,3,-0.02607643976062536
152,32,1000,2,3.19,2,-0.026076206015422942
152,33,1000,2,3.11,4,-0.026075695514678955
152,34,1000,3,5.6,6,-0.026075304090976716
152,35,1000,3,4.71,7,-0.02607487586326897
152,36,1000,2,3.02,3,-0.02607521607540548
152,37,1000,1,2.68,3,-0.026075520707294346
152,38,1000,1,2.68,3,-0.026076274113729595
153,1,1000,3,4.7,3,0.08344424555450677
153,2,1000,3,5.41,3,0.08344397260993719
153,3,1000,3,4.46,3,0.08344381028413772
153,4,1000,3,3.67,3,0.0834438908919692
153,5,1000,4,4.08,3,0.08344384506344796
153,6,1000,3,3.59,3,0.08344392635673284
153,7,1000,3,3.18,2,0.08344429043680429
153,8,1000,2,2.76,1,0.08344478018581868
153,9,1000,2,2.72,1,0.08344505536556245
153,10,1000,2,2.75,1,0.08344529509544373
153,11,1000,3,4.05,4,0.08344542705267667
153,12,1000,3,3.63,3,0.08344541304558516
153,13,1000,4,4.09,3,0.08344586326926946
153,14,1000,6,7.16,3,0.08344631849974393
153,15,1000,5,4.36,3,0.08344568421691656
153,16,1000,1,2.62,3,0.08344531261920929
153,17,1000,2,2.89,3,0.08344526334106922
153,18,1000,3,7.98,8,0.08344551490992308
153,19,360,4,10.0,7,0.0834457748879989
153,20,1000,3,4.65,7,0.08344569285213947
153,21,1000,4,9.09,7,0.08344509920477867
153,22,1000,2,2.63,1,0.08344525230675935
153,23,1000,2,2.75,2,0.08344620601832867
153,24,1000,2,2.69,2,0.0834463275000453
154,1,1000,3,4.71,3,-0.030547606894746424
154,2,1000,3,4.91,3,-0.030546349270269276
154,3,1000,3,4.42,2,-0.03054547601006925
154,4,1000,3,4.54,2,-0.030544371521100403
154,5,154,4,10.07,4,-0.030542870390821587
154,6,1000,3,7.41,3,-0.030541251914575695
154,7,1000,3,9.22,3,-0.030539909601211546
154,8,518,4,10.0,3,-0.03053783144960072
154,9,1000,2,5.26,9,-0.030535364048555492
154,10,1000,2,3.44,3,-0.03053374025411904
154,11,1000,3,3.91,2,-0.030530476106330754
154,12,1000,4,4.37,4,-0.030526682533323767
154,13,1000,3,3.7,3,-0.030523146372288465
154,14,1000,3,3.21,1,-0.030523428075015544
154,15,1000,3,3.51,1,-0.030520129119977354
154,16,1000,3,7.71,1,-0.030517647983506323
154,17,1000,3,3.51,1,-0.030516334246844055
154,18,1000,3,4.5,2,-0.03051355111040175
154,19,1000,3,4.53,2,-0.030509618857875467
154,20,1000,3,3.5,1,-0.030506365038454532
154,21,1000,3,3.53,1,-0.030502835096791386
154,22,1000,3,9.4,7,-0.03050439230725169
154,23,1000,3,5.54,3,-0.030503393838182093
154,24,163,3,10.07,10,-0.030502554851989806
154,25,1000,3,5.52,3,-0.03050157158076763
154,26,1000,3,6.52,4,-0.030496673146262764
154,27,1000,3,4.58,1,-0.03048335702717304
154,28,1000,3,5.42,1,-0.030500002272427083
154,29,1000,2,4.89,6,-0.030500264886766673
154,30,1000,2,3.28,2,-0.030500419730320572
154,31,1000,3,4.87,1,-0.030499589294195176
154,32,1000,3,6.03,1,-0.03050017622485757
154,33,134,3,10.05,10,-0.030506238786142264
154,34,186,3,10.02,3,-0.03050582207018329
154,35,1000,2,2.95,3,-0.03050226628780365
154,36,1000,1,2.61,2,-0.030502752780914306
154,37,1000,1,2.93,6,-0.030500562449917196
154,38,1000,3,2.94,3,-0.030500272927805782
154,39,1000,1,2.56,1,-0.03049933910369873
155,1,1000,3,4.8,3,-0.020885297005996107
155,2,1000,3,3.68,2,-0.020884357810020446
155,3,1000,2,2.73,2,-0.02088360457122326
155,4,1000,3,3.56,2,-0.020882557712495326
155,5,1000,2,2.67,1,-0.020882247226312756
155,6,1000,3,2.93,2,-0.020881507312878966
155,7,1000,2,2.78,2,-0.020881009865552188
155,8,1000,3,4.33,3,-0.02088102450966835
155,9,1000,3,3.48,2,-0.020880930120125412
155,10,1000,3,3.4,1,-0.020879680056124925
155,11,1000,2,2.66,1,-0.020878252517431976
155,12,1000,2,2.95,1,-0.020877480855211617
155,13,1000,3,3.4,3,-0.020877436991780997
155,14,1000,2,2.88,1,-0.02087782588414848
155,15,1000,3,4.02,1,-0.020877072259783743
155,16,1000,3,3.65,3,-0.02087599855661392
155,17,1000,3,3.46,2,-0.02087480997852981
155,18,1000,3,3.23,2,-0.020874580482020975
155,19,1000,2,2.91,3,-0.020873362336307762
155,20,1000,4,4.22,3,-0.020872567974030972
155,21,1000,4,4.19,3,-0.02087252395413816
155,22,1000,2,2.67,1,-0.020871683470904828
155,23,1000,3,8.88,4,-0.020870680617168545
155,24,1000,2,4.35,6,-0.020870032710954545
155,25,233,6,10.06,4,-0.020870564497463693
155,26,1000,3,7.8,10,-0.020870532678440214
155,27,135,4,10.04,3,-0.02087032062311967
155,28,173,5,10.05,3,-0.020869386204749863
155,29,1000,3,5.95,5,-0.020870113618671894
155,30,192,5,10.03,2,-0.0208694448422951
155,31,168,5,10.04,3,-0.02086980286098662
155,32,1000,4,6.84,2,-0.020870912440121174
155,33,1000,1,2.62,2,-0.02087091375142336
155,34,1000,3,3.61,2,-0.020869783576577903
155,35,219,5,10.02,4,-0.020869345425470778
155,36,930,4,10.0,5,-0.020869190358026053
155,37,241,5,10.06,3,-0.020869582767803145
155,38,154,5,10.04,4,-0.020869196694973228
155,39,135,4,10.07,3,-0.020870939545609334
155,40,129,4,10.03,3,-0.020871163699631542
155,41,114,3,10.02,8,-0.02086971270475994
155,42,140,5,10.04,3,-0.020872183875846013
155,43,139,4,10.04,3,-0.020873343357615332
155,44,130,3,10.04,7,-0.020874437474860594
155,45,1000,1,3.52,13,-0.020873707693070172
155,46,1000,1,2.64,2,-0.02087188359722495
155,47,1000,1,2.6,2,-0.020873381350189447
155,48,1000,1,2.96,6,-0.020870331497862934
156,1,1000,3,4.72,3,-0.04064030823484063
156,2,1000,3,4.29,3,-0.04064061991870403
156,3,1000,3,3.58,2,-0.04064045112580061
156,4,1000,2,3.25,5,-0.04064047509431839
156,5,1000,2,3.21,5,-0.04064062417298556
156,6,1000,3,4.44,2,-0.0406404923312366
156,7,1000,3,3.59,3,-0.040640320349484685
156,8,1000,3,2.88,1,-0.04063984412699938
156,9,1000,2,3.64,3,-0.0406400791592896
156,10,1000,4,5.72,4,-0.04063976288214326
156,11,1000,3,4.71,4,-0.04063896422833204
156,12,1000,3,3.35,2,-0.040638691406697035
156,13,1000,5,6.37,3,-0.040638649269938466
156,14,1000,3,2.83,1,-0.04063862749934197
156,15,1000,3,3.19,1,-0.04063797679170966
156,16,1000,4,3.74,1,-0.04063808562606573
156,17,1000,2,3.02,1,-0.04063772699609399
156,18,1000,2,3.06,1,-0.04063716872781515
156,19,1000,3,4.12,3,-0.04063639257848263
156,20,1000,3,3.64,3,-0.04063640200346708
156,21,1000,2,3.24,5,-0.04063613236322999
156,22,1000,2,3.04,4,-0.04063537480309606
156,23,1000,4,5.3,5,-0.040635592091828585
156,24,1000,3,3.49,1,-0.04063531718030572
156,25,1000,5,9.58,1,-0.04063552155718207
156,26,152,5,10.04,5,-0.040634568290490856
156,27,161,5,10.07,5,-0.04063463606727049
156,28,1000,4,5.97,3,-0.040634598769247535
156,29,1000,4,4.8,3,-0.04063498024269938
156,30,610,6,10.0,3,-0.04063459437523709
156,31,1000,6,6.44,5,-0.04063368679583073
156,32,206,6,10.03,2,-0.04063453512646041
156,33,1000,5,8.65,3,-0.04063431954756379
156,34,1000,3,4.23,3,-0.04063349731266499
156,35,883,4,10.0,3,-0.04063461027355993
156,36,1000,4,5.71,3,-0.04063368381559849
156,37,795,4,10.0,6,-0.04063319462650227
156,38,196,5,10.04,5,-0.040633438098035296
156,39,169,5,10.08,3,-0.04063327592858196
156,40,1000,4,3.44,2,-0.04063256009295583
156,41,1000,2,3.08,2,-0.04063236978277564
156,42,135,3,10.0,8,-0.040632132054479034
156,43,1000,2,4.66,7,-0.04063250353932381
156,44,134,4,10.03,7,-0.04063173391814552
156,45,143,5,10.06,1,-0.040631761214324644
156,46,245,6,10.02,3,-0.040631839116008914
156,47,1000,4,4.13,3,-0.040630847305059434
156,48,1000,3,2.86,1,-0.04063035534322262
156,49,1000,2,3.61,7,-0.04063051423802972
156,50,1000,5,5.76,1,-0.04063025097176433
156,51,1000,2,4.58,3,-0.04063081903010607
156,52,1000,2,4.06,5,-0.040630277011543516
156,53,1000,2,3.9,6,-0.04062995638698339
156,54,1000,2,3.79,2,-0.04063043832406402
156,55,1000,2,3.16,3,-0.040630228202790025
156,56,1000,4,8.78,3,-0.04062987320870161
156,57,1000,2,4.14,7,-0.04062913402542472
156,58,1000,1,2.67,3,-0.04062843066453934
156,59,1000,2,3.32,2,-0.04062793922051788
156,60,201,4,10.02,4,-0.04062694448291959
156,61,1000,2,4.92,8,-0.040626241635531184
156,62,141,4,10.07,6,-0.04062577577453133
156,63,139,6,10.03,1,-0.04062567214421231
156,64,150,4,10.01,9,-0.04062568428615729
156,65,1000,3,7.04,6,-0.040626486152410504
156,66,134,4,10.07,4,-0.04062515766874178
156,67,117,3,10.02,5,-0.04062500357245787
156,68,176,4,10.0,5,-0.040624675298617643
156,69,1000,3,3.62,3,-0.040625540092587474
156,70,1000,4,5.3,4,-0.040624501306563615
156,71,1000,2,2.84,1,-0.04062465449795127
156,72,1000,5,4.29,1,-0.040625293336808685
156,73,1000,4,2.85,1,-0.04062433683499694
156,74,1000,2,3.13,1,-0.04062532114237547
156,75,1000,2,2.61,1,-0.04062138497829437
156,76,1000,1,2.51,1,-0.0406218022108078
157,1,1000,3,4.68,3,-0.08526096733659506
157,2,1000,3,3.86,2,-0.08526011526584626
157,3,1000,3,3.52,2,-0.08525913775712252
157,4,1000,2,2.92,2,-0.08525848789513112
157,5,1000,1,2.57,2,-0.08525875461101531
157,6,1000,2,3.41,4,-0.08525938834995031
157,7,1000,2,2.92,2,-0.08525805644690991
157,8,1000,2,3.23,5,-0.08525804946571588
157,9,1000,2,3.37,2,-0.0852584116756916
157,10,1000,3,4.01,2,-0.08525769028812646
157,11,1000,2,3.42,3,-0.08525717278569937
157,12,1000,3,3.52,1,-0.08525815539807081
157,13,1000,4,8.52,2,-0.0852582681402564
157,14,1000,4,5.25,6,-0.08525772631168366
157,15,1000,2,4.06,3,-0.08525735276937485
157,16,1000,2,4.01,4,-0.08525771757215261
157,17,1000,1,2.48,1,-0.08525829017162323
157,18,140,3,10.02,9,-0.08525754777448517
157,19,161,5,10.05,7,-0.08525745339275147
157,20,1000,4,3.34,1,-0.08525748716294765
157,21,1000,2,5.17,5,-0.08525820773839951
157,22,233,4,10.02,4,-0.08525872825297164
157,23,140,4,10.03,5,-0.08525880117501532
157,24,150,4,10.05,6,-0.08525827546914419
157,25,159,6,10.05,4,-0.0852573774989296
157,26,500,4,10.0,2,-0.08525798128545284
157,27,1000,3,3.55,1,-0.08525831992924214
157,28,1000,2,3.8,2,-0.08525841225683689
157,29,1000,2,4.98,3,-0.08525747483968735
157,30,131,3,10.03,7,-0.08525699177998623
157,31,136,4,10.04,3,-0.08525693509727716
157,32,1000,4,6.91,4,-0.08525780484825372
157,33,136,4,10.06,4,-0.08525674099869587
157,34,153,4,10.05,4,-0.08525651907609179
157,35,131,3,10.06,4,-0.08525673959773915
157,36,134,4,10.07,4,-0.08525650825963091
157,37,139,4,10.0,3,-0.08525616220004267
157,38,130,2,10.02,18,-0.08525385105839142
157,39,303,3,10.0,3,-0.08525533848764873
158,1,1000,3,4.72,3,0.04397656911984086
158,2,1000,3,5.48,3,0.04397636475041509
158,3,1000,3,5.46,3,0.043976380806416276
158,4,1000,3,5.44,3,0.04397621751949191
158,5,1000,3,4.42,2,0.04397624582797289
158,6,1000,3,6.54,4,0.04397659783810377
158,7,1000,3,7.53,5,0.04397669029980898
158,8,1000,3,6.81,3,0.04397670653834939
158,9,1000,3,3.92,3,0.043976724475622175
158,10,1000,4,4.1,3,0.043976680889725686
158,11,1000,3,3.7,2,0.043976866286247966
158,12,1000,3,6.52,4,0.043977206114679576
158,13,1000,3,5.55,4,0.04397699808329344
158,14,1000,3,3.84,2,0.043976113613694905
158,15,1000,3,3.11,1,0.04397621332854033
158,16,1000,3,3.12,1,0.04397485313564539
158,17,1000,4,3.43,1,0.04397390906140208
158,18,1000,4,4.57,2,0.04397378936037421
158,19,116,3,10.07,2,0.043973518952984236
158,20,1000,3,5.71,2,0.043972561791539196
158,21,1000,3,4.62,1,0.04397112364694476
158,22,131,3,10.06,4,0.04397052881940631
158,23,155,3,10.02,14,0.04397023130328424
158,24,1000,3,4.81,3,0.04396935711801052
158,25,1000,4,5.75,2,0.04396937983110547
158,26,1000,4,9.63,3,0.04396879158914089
158,27,165,4,10.03,3,0.043969834979736444
158,28,1000,4,5.36,1,0.04396950820460915
158,29,1000,4,6.63,1,0.0439697861559689
158,30,769,3,10.0,3,0.04396938503040449
158,31,1000,3,7.45,3,0.043969663739204405
158,32,1000,4,4.63,1,0.043969817847013475
158,33,1000,1,2.68,3,0.043967665769159794
158,34,1000,3,6.66,7,0.04396942749619484
158,35,1000,1,2.49,1,0.043966829776763916
159,1,1000,3,4.67,3,0.046078387174755334
159,2,1000,3,4.18,2,0.04607846838608384
159,3,1000,3,3.03,1,0.046078295156359673
159,4,1000,2,3.43,4,0.04607821400091052
159,5,1000,1,2.58,2,0.0460781754553318
159,6,1000,1,2.86,6,0.04607835163921118
159,7,1000,1,2.57,2,0.046078440099954605
159,8,1000,1,2.89,5,0.046078178957104685
159,9,1000,2,2.95,4,0.046078124936670066
159,10,1000,2,3.6,3,0.04607803070545197
159,11,1000,2,3.7,4,0.04607786237448454
159,12,172,5,10.03,3,0.04607775679594556
159,13,1000,5,8.19,3,0.046077724788337944
159,14,1000,2,4.16,7,0.046077731501311066
159,15,1000,3,7.9,3,0.046076731182634834
159,16,1000,3,3.83,2,0.04607668202370405
159,17,1000,5,4.74,3,0.04607679166272283
159,18,1000,2,2.93,2,0.04607669892534614
159,19,1000,2,3.47,2,0.04607649496942758
159,20,1000,1,2.67,3,0.0460762794315815
159,21,1000,4,6.34,3,0.04607608057186007
159,22,1000,5,5.79,4,0.04607544565573335
159,23,1000,4,4.35,1,0.04607527067884803
159,24,1000,2,3.32,3,0.046074974119663235
159,25,1000,2,3.44,3,0.046074803985655305
159,26,152,4,10.01,3,0.04607456366188432
159,27,1000,2,3.9,2,0.04607455178722739
159,28,1000,2,3.29,5,0.04607467832788825
159,29,1000,4,8.12,3,0.04607482385635376
159,30,1000,4,5.83,3,0.04607476224377751
159,31,1000,3,2.77,1,0.04607415425777435
159,32,1000,4,3.77,2,0.046073824193328616
159,33,1000,3,7.79,5,0.04607360460609198
159,34,1000,4,5.24,2,0.046073207173496486
159,35,1000,5,4.46,2,0.04607257597520947
159,36,1000,4,6.72,5,0.046072521895170214
159,37,1000,2,3.46,3,0.046072096344083546
159,38,1000,1,2.51,1,0.04607171192765236
159,39,1000,1,2.74,4,0.0460717657096684
159,40,1000,2,2.99,2,0.04607165314629674
159,41,1000,2,3.22,3,0.04607135082781315
159,42,1000,3,5.25,3,0.04607139914110303
159,43,1000,3,3.23,2,0.046071301594376564
159,44,1000,1,2.59,2,0.04607119832187891
159,45,1000,1,2.69,3,0.04607089219242334
159,46,1000,1,2.52,1,0.04607082158327103
160,1,1000,3,4.87,3,0.07687339447438717
160,2,1000,3,3.53,2,0.07687136121094226
160,3,1000,2,2.94,2,0.07686933171749115
160,4,1000,2,3.69,4,0.07686796416342258
160,5,1000,2,3.35,3,0.0768664824217558
160,6,1000,1,2.59,2,0.07686858786642552
160,7,1000,1,2.82,5,0.07686920104175807
160,8,1000,3,3.89,3,0.07686779028177261
160,9,1000,5,4.14,3,0.07686751791834831
160,10,1000,4,6.98,3,0.0768674077168107
160,11,1000,5,4.37,1,0.07686662980169058
160,12,1000,4,4.16,1,0.0768645291402936
160,13,1000,2,2.78,3,0.07686244978755713
160,14,1000,3,7.53,3,0.07685859536379576
160,15,160,3,10.02,3,0.07686041905544698
160,16,268,3,10.07,6,0.0768613366604741
160,17,140,3,10.01,10,0.07686198736940111
160,18,1000,3,5.02,2,0.07685806093364954
160,19,1000,5,9.08,1,0.07685681445896625
160,20,1000,5,7.98,1,0.07685602203756571
160,21,1000,2,4.35,6,0.07685601016879082
160,22,1000,3,4.9,3,0.07685681173205376
160,23,1000,4,8.71,3,0.07685619509965182
160,24,167,4,10.0,6,0.07685469340778396
160,25,383,4,10.0,2,0.07685454567169707
160,26,1000,5,4.32,1,0.07685721003264188
160,27,1000,1,2.6,2,0.0768576526939869
160,28,1000,2,3.42,2,0.07685690094530583
160,29,1000,2,2.94,2,0.0768557604327798
160,30,1000,2,3.26,2,0.07685376990586519
160,31,1000,2,2.81,2,0.07685113363713027
160,32,1000,2,2.86,4,0.07684955060482025
160,33,1000,3,3.16,3,0.07684823029488325
160,34,1000,1,2.74,3,0.07684786208719015
161,1,1000,3,4.77,3,-0.06299694649875164
161,2,1000,3,4.97,3,-0.06299683328717948
161,3,1000,3,5.47,3,-0.06299680576473475
161,4,1000,3,3.92,2,-0.06299650108069181
161,5,1000,3,3.92,2,-0.06299653377383947
161,6,1000,3,3.94,2,-0.06299728381633758
161,7,1000,2,3.07,2,-0.0629979722648859
161,8,1000,3,9.6,10,-0.06299782885611058
161,9,1000,3,4.61,3,-0.06299661050736904
161,10,1000,3,4.62,3,-0.0629967828989029
161,11,1000,3,4.08,2,-0.06299669994413852
161,12,1000,3,4.07,2,-0.0629964200258255
161,13,1000,3,3.29,1,-0.06299682825803757
161,14,1000,3,3.02,1,-0.06299597979336977
161,15,1000,3,3.05,1,-0.06299495247006416
161,16,1000,1,2.69,3,-0.06299566960334778
161,17,190,3,10.06,3,-0.062996506690979
161,18,134,5,10.07,1,-0.06299589329691076
161,19,147,5,10.01,3,-0.06299470724905429
161,20,142,5,10.05,3,-0.06299590167235321
161,21,144,5,10.05,5,-0.06299517800410588
161,22,1000,6,4.85,2,-0.06299488811939954
161,23,1000,3,9.29,4,-0.06299357779324055
161,24,1000,4,6.15,1,-0.06299455805867911
161,25,1000,4,7.2,1,-0.06299496912211179
161,26,212,4,10.0,3,-0.06299460018580814
161,27,161,4,10.04,3,-0.06299414758726676
161,28,130,4,10.05,2,-0.06299338077123348
161,29,129,4,10.01,2,-0.0629924067924189
161,30,209,4,10.08,3,-0.06299165062356794
161,31,125,3,10.04,3,-0.0629927523136139
161,32,146,4,10.04,4,-0.06299287264477717
161,33,130,3,10.08,10,-0.0629912253182668
161,34,133,4,10.03,3,-0.06298924808887611
161,35,1000,3,7.63,5,-0.062989147298038
161,36,135,4,10.04,3,-0.06298929684691959
161,37,141,4,10.05,7,-0.06298972528876988
161,38,164,5,10.03,4,-0.06298868498969369
161,39,145,5,10.07,4,-0.0629884705975138
161,40,248,6,10.08,3,-0.06298830161892599
161,41,340,2,10.0,9,-0.06298782880253652
161,42,126,4,10.06,6,-0.06298814885436542
161,43,1000,4,8.09,4,-0.06298784779012204
161,44,1000,1,2.52,1,-0.06298714131116867
161,45,1000,1,2.65,2,-0.06298742294311524
161,46,1000,3,3.18,3,-0.06298677195608617
161,47,1000,1,2.54,1,-0.06298604607582092
162,1,1000,3,4.9,3,-0.05464990209788084
162,2,1000,3,5.12,3,-0.054649019543081524
162,3,1000,3,5.9,3,-0.05464913124963641
162,4,1000,3,5.94,3,-0.05464898876100779
162,5,1000,4,7.75,3,-0.05464919120073319
162,6,1000,4,7.41,3,-0.05464889835566282
162,7,1000,3,6.22,3,-0.054648726120591164
162,8,1000,3,9.6,3,-0.05464902540668845
162,9,1000,3,9.82,3,-0.05464910992980004
162,10,1000,3,6.37,3,-0.05464963171258569
162,11,1000,3,6.2,2,-0.05464966319873929
162,12,1000,2,4.26,2,-0.05464925079420209
162,13,1000,3,4.22,3,-0.054649034935981035
162,14,1000,3,6.72,4,-0.054649687740951775
162,15,1000,3,6.86,4,-0.05464987995475531
162,16,1000,3,8.05,5,-0.054649773500859734
162,17,508,3,10.0,7,-0.05465007440634365
162,18,1000,3,4.26,3,-0.0546501896828413
162,19,1000,2,3.91,2,-0.05464939898252487
162,20,1000,3,3.58,4,-0.054649536676704885
162,21,1000,3,4.08,3,-0.054649684011936185
162,22,1000,2,3.19,3,-0.054650841753929855
163,1,1000,3,4.85,3,0.08520818861573934
163,2,1000,3,3.52,2,0.08520827943086624
163,3,1000,2,3.37,4,0.08520811831206083
163,4,1000,3,4.66,4,0.08520901407301426
163,5,1000,3,3.25,1,0.08521010898798705
163,6,1000,1,2.62,2,0.08521151968836785
163,7,1000,2,3.4,3,0.08521170860528945
163,8,1000,4,7.61,6,0.08521190708875656
163,9,1000,3,6.78,6,0.08521251156926155
163,10,1000,3,4.56,2,0.08521222591400146
163,11,1000,2,3.45,2,0.08521283069252968
163,12,1000,3,8.93,4,0.08521353525668382
163,13,1000,3,4.59,2,0.08521367393434048
163,14,890,3,10.0,4,0.08521495872501576
163,15,1000,3,4.16,1,0.08521553799510002
163,16,1000,2,3.14,1,0.08521711853891611
163,17,1000,2,3.21,1,0.0852166247293353
163,18,1000,3,4.72,4,0.0852169186770916
163,19,1000,3,5.1,1,0.08521738593280316
163,20,1000,2,3.52,1,0.08521733909100294
163,21,1000,1,3.54,14,0.08521745285391807
163,22,1000,3,8.52,6,0.08521817205101252
163,23,1000,5,6.63,4,0.08521829871088267
163,24,1000,4,5.9,9,0.08521839979290963
163,25,153,4,10.07,15,0.08521880905807408
163,26,1000,3,3.17,3,0.08521798916906119
163,27,1000,1,2.66,3,0.08521830362826585
163,28,1000,2,2.66,1,0.08521831828355789
163,29,1000,1,2.5,1,0.08521878719329834
164,1,1000,3,4.78,3,0.06931797620654107
164,2,1000,3,4.46,3,0.06931820967793464
164,3,1000,3,3.17,2,0.06931872719526291
164,4,1000,3,3.21,2,0.06931897488236427
164,5,1000,3,3.23,2,0.06931915367394685
164,6,1000,3,3.2,2,0.06931931864470244
164,7,1000,2,2.91,3,0.0693196620941162
164,8,1000,3,5.59,8,0.0693201564475894
164,9,167,4,10.01,3,0.0693199842008288
164,10,141,4,10.04,3,0.06932009603326203
164,11,1000,4,8.54,2,0.06932048750668764
164,12,1000,2,3.13,2,0.06932096256315708
164,13,1000,3,4.87,1,0.06932152791321278
164,14,1000,2,6.56,13,0.06932200343906879
164,15,663,3,10.0,5,0.06932225085086952
164,16,1000,2,4.39,4,0.06932235454767942
164,17,1000,2,4.14,4,0.0693224104642868
164,18,1000,2,4.13,4,0.06932233667373658
164,19,137,4,10.04,4,0.06932190854619019
164,20,178,5,10.0,2,0.06932182911406742
164,21,1000,4,6.69,1,0.06932178127765655
164,22,1000,2,3.73,4,0.06932248322665692
164,23,1000,2,5.64,8,0.06932160255312919
164,24,1000,1,2.73,4,0.06932240657508373
164,25,1000,3,5.76,1,0.0693222023844719
164,26,1000,5,9.25,5,0.06932151237130166
164,27,952,6,10.0,3,0.06932200054724176
164,28,1000,7,8.86,3,0.0693217990025878
164,29,974,7,10.0,3,0.06932233595260605
164,30,1000,3,3.67,3,0.06932235213369131
164,31,1000,2,2.93,3,0.06932162065804005
165,1,1000,3,4.83,3,-0.10199337585270404
165,2,1000,3,4.34,3,-0.1019939622282982
165,3,1000,3,3.18,1,-0.10199470045417547
165,4,1000,3,3.35,1,-0.10199511337280273
165,5,1000,3,3.72,1,-0.10199572084844112
165,6,1000,3,2.88,1,-0.10199597981572152
165,7,1000,3,3.56,1,-0.10199619456380606
165,8,1000,4,3.12,2,-0.10199663569778204
165,9,559,5,10.0,1,-0.10199685979881098
165,10,164,5,10.05,1,-0.10199660476206279
165,11,1000,5,3.97,3,-0.10199737373739481
165,12,1000,2,3.19,3,-0.10199676641821862
165,13,1000,2,6.3,4,-0.10199680914729833
165,14,1000,3,9.19,6,-0.10199695090204478
165,15,1000,2,4.96,4,-0.10199691740423442
165,16,1000,3,5.78,4,-0.10199667135626078
165,17,144,3,10.06,9,-0.10199624600095882
165,18,131,4,10.02,3,-0.10199792239502187
165,19,140,4,10.06,6,-0.10199625098279544
165,20,1000,4,6.66,2,-0.10199585554003715
165,21,1000,5,4.32,1,-0.10199541679024696
165,22,162,4,10.01,3,-0.10199466021156606
165,23,1000,3,5.16,4,-0.10199687760323287
165,24,135,4,10.04,3,-0.10199753956662284
165,25,142,5,10.04,1,-0.10199785458160118
165,26,151,4,10.0,2,-0.1019968886347796
165,27,197,4,10.07,6,-0.10199726225458426
165,28,137,4,10.07,5,-0.10199758008013676
165,29,123,4,10.03,5,-0.10199694377862341
165,30,118,4,10.0,3,-0.10199769668407359
165,31,989,4,10.0,3,-0.10199704922969229
165,32,1000,4,5.17,3,-0.10199709766358137
165,33,1000,3,4.4,2,-0.10199651407450437
165,34,1000,2,6.89,4,-0.10199640414118767
165,35,1000,2,3.94,6,-0.10199673834443092
165,36,1000,2,3.36,2,-0.101996015265584
165,37,1000,1,2.7,3,-0.10199596928805113
165,38,1000,1,2.62,2,-0.1019953402876854
166,1,1000,3,4.76,3,0.015846854181960225
166,2,1000,3,5.1,3,0.015846953585743905
166,3,1000,3,4.1,3,0.015846783142536878
166,4,1000,2,2.96,3,0.015846382185816764
166,5,1000,2,3.58,7,0.01584606171026826
166,6,1000,3,4.16,3,0.015846271278336644
166,7,1000,2,3.44,3,0.0158461391068995
166,8,167,5,10.02,3,0.015845936126337792
166,9,1000,5,5.18,3,0.015846244787797333
166,10,1000,3,3.43,1,0.01584564869105816
166,11,1000,3,4.16,1,0.015845602195709945
166,12,1000,3,3.96,1,0.015846172016113998
166,13,1000,2,4.42,2,0.015845834385603667
166,14,1000,2,4.43,6,0.015846113787963988
166,15,1000,1,2.81,5,0.015846051443368196
166,16,1000,2,4.53,5,0.015845504784956575
166,17,1000,4,8.53,3,0.0158460703920573
166,18,133,5,10.08,3,0.015846233828959607
166,19,125,3,10.05,6,0.0158467950373888
166,20,1000,5,6.33,2,0.015846520237624645
166,21,1000,2,6.29,7,0.015846261858940124
166,22,1000,3,6.68,3,0.015845724141225218
166,23,1000,2,5.7,5,0.01584574035182595
166,24,128,4,10.04,4,0.015846461785258725
166,25,1000,6,6.63,1,0.01584637203998864
166,26,1000,4,5.66,2,0.015846595291048288
166,27,1000,3,4.72,8,0.01584631709381938
166,28,1000,2,3.73,3,0.0158468410782516
166,29,1000,3,5.88,3,0.01584746709652245
166,30,1000,5,9.6,3,0.015847304441034795
166,31,1000,2,3.16,4,0.015847149981185794
166,32,1000,2,4.97,15,0.015848067862913012
166,33,1000,1,2.93,6,0.015847305309027435
166,34,1000,2,2.92,1,0.01584719181805849
166,35,1000,2,3.11,4,0.015847055446356534
166,36,1000,4,7.53,1,0.0158465711530298
166,37,1000,3,3.32,1,0.01584665391407907
166,38,1000,3,3.36,1,0.015846827764064073
167,1,1000,3,4.89,3,0.015686268609017135
167,2,1000,3,3.67,3,0.015687139116227627
167,3,1000,3,3.16,1,0.015688105046749116
167,4,1000,3,2.91,1,0.015688945092260837
167,5,1000,4,3.32,1,0.01568972808867693
167,6,1000,3,3.51,2,0.01568963115289807
167,7,1000,3,3.25,2,0.015690277628600598
167,8,1000,2,3.09,4,0.015690499931573867
167,9,1000,2,2.93,3,0.01569049518555403
167,10,1000,2,2.93,3,0.015690849661827086
167,11,1000,3,3.94,3,0.015691527612507344
167,12,1000,5,6.48,3,0.015692336514592172
167,13,1000,5,7.67,2,0.015692782741039992
167,14,1000,3,3.6,2,0.01569284411892295
167,15,1000,3,3.1,2,0.01569273394346237
167,16,1000,2,2.76,2,0.01569150588661432
167,17,1000,2,6.45,8,0.015691979728639126
167,18,1000,3,3.87,4,0.01569327388331294
167,19,1000,2,2.92,1,0.015693731009960174
167,20,147,5,10.01,3,0.015693490678558544
167,21,744,6,10.0,3,0.015694360844590652
167,22,1000,4,3.9,1,0.015695178486406804
167,23,1000,4,7.26,1,0.015695480719208718
167,24,1000,6,5.69,3,0.01569503713399172
167,25,1000,3,3.11,1,0.015694738492369652
167,26,1000,2,3.19,3,0.015695351604372264
167,27,1000,3,6.58,5,0.015695005029439928
167,28,1000,3,6.94,5,0.015695730417966843
167,29,1000,5,8.81,7,0.015694992549717426
167,30,164,6,10.09,3,0.015694904481855836
167,31,131,4,10.07,4,0.015694264322519302
167,32,398,6,10.03,1,0.015694469718927115
167,33,1000,2,3.44,4,0.015693725250661372
167,34,1000,2,3.7,2,0.01569407531246543
167,35,1000,2,5.45,3,0.01569330130144954
167,36,1000,3,8.48,2,0.01569426666945219
167,37,1000,6,7.23,2,0.015695083763450385
167,38,201,5,10.04,3,0.015693551272302125
167,39,173,4,10.06,3,0.015692897485515285
167,40,1000,2,3.1,2,0.015693451702594757
167,41,1000,3,4.73,4,0.01569369139522314
167,42,1000,3,6.69,4,0.015692015185952188
167,43,1000,3,3.97,2,0.015692102279514075
167,44,132,4,10.01,2,0.01569296507108392
167,45,142,5,10.07,3,0.015693606231623972
167,46,1000,1,3.27,10,0.01569392980262637
168,1,1000,3,4.79,3,0.01852592655271292
168,2,1000,3,4.19,3,0.018525405855849386
168,3,1000,3,3.54,1,0.018525076691061258
168,4,1000,2,3.46,3,0.01852489874139428
168,5,1000,3,6.5,4,0.018524818932637573
168,6,1000,4,7.04,4,0.01852478641271591
168,7,1000,3,5.42,3,0.018524085614830255
168,8,1000,4,6.95,3,0.018524121832102537
168,9,720,7,10.0,3,0.018523490648820168
168,10,1000,4,4.87,1,0.0185229813773185
168,11,1000,3,4.77,3,0.01852304414473474
168,12,481,3,10.0,6,0.018523552309791413
168,13,1000,3,7.15,2,0.018523326944559812
168,14,1000,3,7.22,3,0.01852310345135629
168,15,778,3,10.0,4,0.018523163217237185
168,16,1000,3,6.38,2,0.018523082192987202
168,17,1000,2,4.89,4,0.018523266699165104
168,18,958,6,10.0,3,0.018523327179937498
168,19,1000,1,2.73,3,0.0185246111061424
168,20,1000,1,2.69,3,0.01852519659884274
168,21,1000,3,5.66,3,0.018524603851139545
168,22,648,3,10.0,8,0.01852450425805593
168,23,1000,3,9.78,7,0.018523877743631602
168,24,1000,3,8.67,6,0.018523997651413084
168,25,1000,3,5.39,4,0.01852392232790589
168,26,1000,2,3.53,3,0.018524350633844732
168,27,1000,2,3.19,3,0.01852418163046241
169,1,1000,3,4.79,3,-0.020099778085947036
169,2,1000,3,5.08,3,-0.020099656401202082
169,3,1000,4,3.7,1,-0.020098526546731593
169,4,1000,4,4.05,1,-0.020098427530378105
169,5,1000,4,5.04,2,-0.02009793186560273
169,6,1000,3,4.52,2,-0.020097490517422555
169,7,1000,2,3.4,3,-0.02009672313556075
169,8,1000,2,3.38,3,-0.02009528597816825
169,9,1000,2,3.42,3,-0.020094453340396286
169,10,1000,3,3.53,1,-0.02009465173445642
169,11,1000,3,2.83,1,-0.02009311316534877
169,12,1000,4,2.98,1,-0.020091899428516625
169,13,1000,4,4.82,1,-0.020092530641704798
169,14,147,3,10.04,6,-0.020093191440413598
169,15,1000,3,7.57,3,-0.02009323164820671
169,16,139,3,10.05,11,-0.020091666846717003
169,17,1000,4,7.57,2,-0.0200919183883816
169,18,144,4,10.02,4,-0.02009173806032373
169,19,133,3,10.03,4,-0.020090795367171888
169,20,1000,3,6.45,1,-0.020089202124625446
169,21,490,4,10.0,2,-0.02008815882537438
169,22,126,3,10.02,9,-0.020087679419370872
169,23,125,3,10.03,17,-0.020086034879088402
169,24,1000,2,4.21,3,-0.020086073664948346
169,25,1000,3,3.57,1,-0.020085546735674142
169,26,1000,3,3.51,1,-0.020084478810429574
169,27,121,3,10.05,17,-0.020083329155425395
169,28,1000,3,9.75,3,-0.020083238132297992
169,29,1000,3,8.71,3,-0.020082329273223877
169,30,1000,3,7.6,2,-0.020080816665664317
169,31,1000,2,4.76,7,-0.02007776472903788
169,32,1000,2,4.77,7,-0.02007813647389412
169,33,1000,3,3.65,3,-0.020078624427318573
169,34,1000,3,8.12,2,-0.02007834737561643
169,35,110,3,10.03,11,-0.020078708417713642
169,36,521,3,10.0,7,-0.02007802132509949
169,37,1000,3,3.94,2,-0.020074567316100002
169,38,1000,1,2.86,5,-0.020076020661741495
169,39,1000,3,7.18,4,-0.02007114517875016
169,40,1000,3,3.19,2,-0.020073787566274405
169,41,1000,3,2.66,1,-0.020072299987077713
169,42,1000,1,2.71,3,-0.020069164283573627
170,1,1000,3,4.83,3,-0.012489030158147216
170,2,1000,3,4.49,2,-0.01248870635777712
170,3,1000,3,4.06,2,-0.012488500477746129
170,4,1000,3,3.27,2,-0.012487855745479464
170,5,1000,3,3.1,2,-0.012486547840759157
170,6,1000,2,2.62,1,-0.01248590124770999
170,7,1000,2,2.71,1,-0.012485449658706784
170,8,1000,2,2.88,1,-0.012485209118574857
170,9,1000,2,3.32,1,-0.012485416978597641
170,10,1000,2,3.89,9,-0.012484998801723123
170,11,1000,3,3.83,2,-0.012485354878008366
170,12,168,6,10.04,4,-0.012485376747679851
170,13,240,6,10.06,2,-0.012484924879390746
170,14,1000,2,3.18,3,-0.01248469042405486
170,15,1000,3,4.24,2,-0.012484694119542837
170,16,1000,4,7.56,6,-0.012483243621885777
170,17,1000,3,4.07,3,-0.012483054673299193
170,18,1000,2,6.06,6,-0.01248345840908587
170,19,1000,2,4.6,2,-0.012483421048149467
170,20,1000,4,9.16,3,-0.012482726933434605
170,21,129,4,10.05,3,-0.01248237109461496
170,22,158,5,10.02,3,-0.012482691285070738
170,23,148,4,10.05,3,-0.012482821198834761
170,24,152,3,10.05,6,-0.01248236139010834
170,25,1000,2,8.35,11,-0.012481557229533792
170,26,150,3,10.08,2,-0.012482010163366794
170,27,136,4,10.01,2,-0.012481613509247409
170,28,144,4,10.01,10,-0.012482280196208093
170,29,148,5,10.07,3,-0.012482494417880033
170,30,1000,3,5.7,3,-0.01248240781389177
170,31,144,3,10.03,3,-0.012482496676966548
170,32,130,4,10.04,8,-0.012482665679775752
170,33,475,4,10.03,3,-0.012482854061220822
171,1,1000,3,4.8,3,0.04229754226654768
171,2,1000,3,5.5,3,0.04229690898954868
171,3,1000,4,6.94,3,0.042296080827713016
171,4,1000,4,9.15,3,0.04229590023681522
171,5,1000,3,4.6,3,0.04229481396824122
171,6,1000,4,4.01,3,0.04229439980536699
171,7,1000,4,4.06,3,0.042293842159211635
171,8,1000,3,3.67,3,0.042294314213097095
171,9,1000,3,6.31,7,0.04229490745067596
171,10,1000,2,3.83,6,0.04229398454725743
171,11,1000,2,2.92,2,0.04229481426998973
171,12,1000,3,4.1,7,0.04229417864233256
171,13,1000,2,3.67,5,0.0422954867258668
171,14,1000,3,3.59,2,0.04229440011456609
171,15,1000,3,4.68,4,0.04229462018609047
171,16,1000,3,4.45,5,0.042294816013425586
171,17,193,5,10.08,3,0.04229535409514768
171,18,1000,5,6.02,2,0.04229649949446321
171,19,1000,5,5.28,1,0.04229651715233922
171,20,1000,3,4.84,4,0.042296025063842536
171,21,1000,1,2.59,2,0.04229437137767673
171,22,1000,1,2.87,5,0.04229457583650947
171,23,1000,3,4.68,3,0.0422947400175035
171,24,1000,5,6.29,3,0.04229509254544973
171,25,1000,2,3.47,2,0.0422957572042942
171,26,1000,2,3.94,3,0.04229724891856313
171,27,1000,6,8.58,5,0.04229844082146883
171,28,1000,2,3.43,3,0.04229900303483009
171,29,231,5,10.07,4,0.04229966125317982
171,30,160,5,10.07,4,0.04230090919882059
171,31,169,5,10.0,1,0.04230064982493248
171,32,1000,4,3.61,1,0.042300640493631365
171,33,1000,2,5.35,4,0.04229985417425632
171,34,181,5,10.08,4,0.04230012569720574
171,35,1000,1,2.65,2,0.04229957361519337
171,36,1000,1,2.74,3,0.04229974684864283
171,37,1000,1,2.67,2,0.04229841288179159
172,1,1000,3,4.81,3,0.03199115858227015
172,2,1000,3,5.61,3,0.03199076248332858
172,3,1000,4,7.46,3,0.03199048200249672
172,4,1000,3,4.56,2,0.031990022677928207
172,5,1000,4,5.36,2,0.031989571329206226
172,6,1000,3,3.8,3,0.0319890624769032
172,7,1000,3,4.91,3,0.03198881179094314
172,8,1000,3,4.87,3,0.031989126492291686
172,9,1000,3,3.48,1,0.03198952867090702
172,10,1000,3,3.46,1,0.03198950771614909
172,11,1000,3,3.51,1,0.03198916257172823
172,12,1000,2,2.72,1,0.03198890149965882
172,13,1000,2,3.88,3,0.0319884937480092
172,14,148,3,10.07,2,0.03198881256016525
172,15,134,4,10.04,3,0.03198868767427864
172,16,134,4,10.05,3,0.03198917449187877
172,17,137,4,10.05,5,0.031989071382223254
172,18,132,4,10.06,3,0.03198982907854246
172,19,182,5,10.06,3,0.03198969763304506
172,20,1000,3,4.75,3,0.03198965805768967
172,21,134,3,10.02,14,0.0319902723960912
172,22,1000,4,5.32,4,0.03199058692157269
172,23,1000,5,8.37,4,0.0319900180734694
172,24,1000,5,7.06,4,0.03199018631502986
172,25,1000,3,6.32,4,0.03198986402526498
172,26,1000,5,4.94,3,0.03199032424762845
172,27,1000,3,4.37,4,0.03199028623104096
172,28,124,4,10.02,5,0.03199083000541695
172,29,138,4,10.07,4,0.03199077408382858
172,30,1000,3,3.97,2,0.0319902535751462
172,31,1000,4,4.1,1,0.03199094645306468
172,32,1000,2,3.11,4,0.03199069361761212
172,33,1000,3,3.55,1,0.0319915632084012
172,34,1000,3,4.89,1,0.031991733737289904
172,35,1000,4,5.58,1,0.03199169281497598
172,36,1000,4,5.52,1,0.031992015585303304
172,37,1000,4,8.6,2,0.03199235213547945
172,38,146,3,10.04,4,0.0319925876053637
172,39,1000,2,4.15,4,0.0319928580597043
172,40,1000,3,5.59,4,0.03199314104393124
172,41,1000,3,9.25,13,0.03199295465275645
172,42,1000,4,7.16,1,0.031993130911141636
172,43,1000,4,7.11,1,0.03199271911755204
172,44,1000,4,7.17,1,0.03199259112775326
172,45,1000,4,7.17,1,0.03199289801344275
172,46,1000,4,7.1,1,0.03199246875941753
172,47,1000,4,7.18,1,0.03199285273253918
172,48,187,4,10.03,2,0.031992059280687477
172,49,1000,4,6.2,3,0.03199334429204464
172,50,1000,2,3.46,3,0.03199336992949248
172,51,1000,2,3.42,3,0.03199190721660852
172,52,1000,2,3.51,3,0.03199229814112187
172,53,1000,2,3.45,3,0.03199289415776729
172,54,1000,2,3.45,3,0.03199229837208986
172,55,1000,4,4.99,2,0.03199209176748991
172,56,1000,1,2.72,3,0.03199301502108574
172,57,1000,2,3.32,1,0.031994281619787214
172,58,1000,2,2.88,1,0.03199314115941525
172,59,1000,2,2.86,1,0.031993586745113135
172,60,1000,2,2.83,1,0.031992783334106205
172,61,1000,2,3.1,4,0.03199316061288118
173,1,1000,3,4.78,3,-0.11814153295755386
173,2,1000,3,4.1,3,-0.11814221727102994
173,3,1000,3,3.87,2,-0.11814288649708032
173,4,1000,4,3.84,3,-0.11814311557263137
173,5,1000,2,2.81,3,-0.11814363071322441
173,6,1000,2,3.13,2,-0.11814388015121222
173,7,1000,1,2.62,2,-0.11814405520260333
173,8,1000,1,2.9,6,-0.11814364922791719
173,9,1000,2,3.48,2,-0.11814472153037786
173,10,153,5,10.06,2,-0.1181457183914247
173,11,259,5,10.0,5,-0.11814585589879267
173,12,1000,3,6.31,5,-0.1181444234997034
173,13,1000,1,2.87,5,-0.11814545027166605
173,14,1000,1,2.86,5,-0.11814573379606008
173,15,1000,2,6.89,6,-0.11814528165012599
173,16,1000,3,4.03,1,-0.11814409165084362
173,17,135,4,10.06,5,-0.11814443198619065
173,18,163,4,10.04,2,-0.11814394547529747
173,19,1000,2,3.67,4,-0.11814405027031899
173,20,1000,1,3.02,7,-0.1181451386809349
173,21,1000,2,3.2,8,-0.11814561207592487
173,22,1000,2,6.36,6,-0.11814503708481788
173,23,1000,2,6.48,7,-0.11814474268257617
173,24,1000,5,7.34,3,-0.11814505767822266
173,25,1000,4,4.4,3,-0.11814567156881094
173,26,1000,1,2.75,4,-0.118146513402462
173,27,1000,1,2.91,6,-0.11814802571386099
174,1,1000,3,4.91,3,-0.0025210916344076393
174,2,1000,3,5.81,3,-0.00252149617485702
174,3,1000,4,6.02,3,-0.0025216954201459883
174,4,1000,3,3.38,1,-0.0025219355784356595
174,5,1000,3,3.08,1,-0.002522162524983287
174,6,1000,3,3.29,3,-0.0025220525190234183
174,7,1000,2,2.9,1,-0.0025220340602099896
174,8,1000,3,4.51,5,-0.0025222198441624643
174,9,1000,4,4.56,3,-0.0025221837535500525
174,10,1000,3,4.83,1,-0.002521785244345665
174,11,1000,6,9.08,3,-0.002521409444510937
174,12,1000,2,3.55,6,-0.0025214080028235913
174,13,1000,2,2.86,2,-0.002521261690184474
174,14,1000,2,2.85,2,-0.0025214118901640175
174,15,1000,2,2.88,2,-0.002521198308095336
174,16,1000,1,3.14,7,-0.0025213954262435436
174,17,1000,2,3.86,2,-0.0025211565792560577
174,18,131,3,10.03,5,-0.002520837037262457
174,19,1000,3,9.24,7,-0.0025204413775354625
174,20,1000,2,4.46,3,-0.0025201559346169234
174,21,1000,1,3.03,5,-0.002519833957776427
174,22,1000,2,4.28,5,-0.0025203115958720448
174,23,1000,2,4.9,7,-0.0025204844418913125
174,24,1000,3,4.79,3,-0.0025201662629842757
174,25,1000,2,3.17,1,-0.0025195757262408735
174,26,1000,1,2.87,4,-0.0025195174999535085
174,27,1000,2,3.29,3,-0.0025195352509617807
174,28,1000,2,3.81,5,-0.0025190996751189233
174,29,1000,1,2.72,2,-0.002519344026222825
174,30,1000,2,3.88,4,-0.0025195634420961143
174,31,1000,2,3.25,2,-0.002519280830398202
174,32,1000,2,2.9,2,-0.002518806861713529
174,33,1000,2,2.98,1,-0.0025186323951929806
174,34,1000,1,2.81,3,-0.002517993029206991
174,35,1000,1,2.72,2,-0.002517827047035098
175,1,1000,3,4.83,3,0.07059180101752281
175,2,1000,3,3.59,2,0.07059205908328295
175,3,1000,3,4.11,2,0.07059261913597584
175,4,1000,3,6.01,4,0.07059219573438168
175,5,1000,3,5.15,3,0.0705917897745967
175,6,1000,2,3.4,3,0.07059246440976859
175,7,1000,3,6.54,4,0.0705928139463067
175,8,1000,3,4.24,2,0.07059272449463606
175,9,1000,3,6.77,5,0.07059283088892698
175,10,1000,3,4.93,3,0.07059282537549734
175,11,1000,3,4.27,2,0.07059262509644032
175,12,1000,3,4.95,2,0.07059315802156925
175,13,1000,2,3.66,3,0.07059349495917559
175,14,1000,3,5.45,3,0.07059426933526992
175,15,1000,3,3.61,1,0.07059414979070425
175,16,1000,3,5.58,2,0.0705943703353405
175,17,1000,3,7.16,3,0.07059502473473549
175,18,1000,3,5.36,2,0.07059525314718484
175,19,1000,2,3.97,6,0.07059499707818032
175,20,1000,3,8.29,3,0.0705947216078639
175,21,1000,3,8.42,3,0.07059510699659587
175,22,1000,3,8.64,3,0.07059591644257307
175,23,1000,3,5.62,3,0.07059636449813843
175,24,1000,4,9.83,4,0.07059690218418836
175,25,644,3,10.0,12,0.07059685277365009
175,26,1000,3,5.17,3,0.07059665128588677
175,27,854,3,10.0,9,0.07059675606024349
175,28,1000,3,5.49,3,0.07059660141170025
175,29,1000,3,5.76,2,0.07059681213647127
175,30,1000,3,6.6,5,0.07059729769080877
175,31,203,3,10.06,17,0.07059793504588123
175,32,149,3,10.07,6,0.0705981989634917
175,33,1000,3,6.88,3,0.07059819167852402
175,34,156,3,10.04,3,0.07059838527288193
175,35,149,3,10.03,4,0.07059860329499981
175,36,118,3,10.04,4,0.07059934179661638
175,37,1000,3,6.7,6,0.07059882058948279
175,38,104,3,10.0,10,0.07060024435990132
175,39,135,2,10.03,15,0.0706005221163785
175,40,134,3,10.06,8,0.07060020989668903
175,41,1000,2,2.78,2,0.07060249403119087
176,1,1000,3,4.85,3,-0.011961504627019167
176,2,1000,3,4.36,3,-0.01196188081242144
176,3,1000,4,6.11,3,-0.011962152826599777
176,4,1000,4,7.65,3,-0.011962579458020628
176,5,1000,4,7.54,3,-0.011962563677690923
176,6,1000,2,3.1,2,-0.011962780031375587
176,7,1000,1,2.69,3,-0.011962717264890671
176,8,1000,3,3.52,3,-0.011962846520356833
176,9,1000,3,6.4,3,-0.011962912607938051
176,10,171,4,10.08,4,-0.011962954978845274
176,11,1000,3,3.39,2,-0.011962827477604151
176,12,1000,2,3.45,2,-0.011963292534463108
176,13,1000,1,2.87,5,-0.011963835715316236
176,14,1000,3,3.76,1,-0.011964196435175836
176,15,1000,2,2.65,1,-0.01196402003057301
176,16,1000,1,2.58,2,-0.011962574272416532
176,17,1000,3,3.3,2,-0.011961573211476206
176,18,1000,2,3.31,2,-0.01196087652631104
176,19,1000,1,2.7,3,-0.011961292093619704
176,20,1000,3,7.45,3,-0.011961563390679657
176,21,1000,3,6.37,3,-0.011961814113892615
176,22,1000,2,3.44,3,-0.011962005024775863
176,23,1000,2,2.61,1,-0.011961526237428188
176,24,1000,2,3.07,3,-0.011961801717989147
176,25,1000,1,2.67,3,-0.011961388886906206
176,26,1000,2,3.47,3,-0.011961691185832023
176,27,1000,3,3.6,2,-0.011960849853232503
176,28,1000,2,2.82,2,-0.011960536730475724
176,29,1000,2,2.76,2,-0.011960053412243724
176,30,1000,2,2.79,2,-0.011960218699648976
176,31,1000,4,3.03,2,-0.011960188171826303
177,1,1000,3,4.87,3,0.09638711316138505
177,2,1000,3,3.6,2,0.09638728212565184
177,3,1000,2,2.95,2,0.0963876747339964
177,4,1000,2,3.31,2,0.09638742622733117
177,5,1000,3,3.07,1,0.09638773637264966
177,6,1000,2,2.9,1,0.09638754606992006
177,7,1000,3,2.79,1,0.09638714155554771
177,8,1000,3,3.77,1,0.09638599178195
177,9,1000,3,4.56,1,0.09638509538769723
177,10,1000,4,3.76,1,0.09638588934391737
177,11,1000,2,2.8,1,0.09638492276519536
177,12,1000,3,5.17,2,0.09638523967564105
177,13,1000,2,3.0,2,0.09638591945916414
177,14,1000,3,4.69,2,0.09638504520058631
177,15,1000,3,3.74,2,0.09638611263036728
177,16,1000,3,2.68,1,0.09638720750808716
177,17,1000,1,2.64,2,0.09638533371686936
177,18,1000,2,2.78,2,0.09638435845077038
177,19,1000,1,2.62,2,0.09638305597007274
177,20,1000,1,2.61,2,0.09638152548670768
177,21,1000,1,3.06,7,0.0963813240006566
177,22,1000,1,2.62,2,0.09637961323559284
177,23,1000,1,2.72,3,0.09637979683279992
177,24,1000,3,5.33,3,0.09638187482208013
177,25,1000,4,5.06,3,0.09638331466168165
177,26,1000,3,3.73,3,0.09638486110419035
177,27,1000,1,2.76,3,0.09638358557224273
177,28,1000,2,3.2,2,0.09638293185085058
177,29,1000,3,4.6,6,0.09638285268098117
177,30,1000,2,4.88,4,0.09638253306597472
177,31,1000,2,2.82,1,0.09638186737895012
177,32,1000,3,3.18,1,0.09638242031633854
177,33,1000,2,4.11,5,0.09638260398060083
177,34,1000,3,4.25,3,0.09638458872586489
177,35,606,5,10.0,3,0.09638558646584108
177,36,1000,5,9.56,1,0.09638760988414287
177,37,1000,1,2.52,1,0.09638574719429016
177,38,1000,2,2.98,3,0.0963854901790619
177,39,1000,2,4.13,2,0.09638528173416853
177,40,1000,1,2.66,2,0.09638497233390808
177,41,1000,3,6.8,4,0.09638494158536196
177,42,1000,2,3.0,2,0.09638532743602991
177,43,1000,2,3.04,2,0.09638466446101665
177,44,1000,2,2.95,1,0.09638502970337867
177,45,1000,2,3.02,2,0.09638393271714449
177,46,1000,2,2.8,2,0.09638335277885199
178,1,1000,3,4.84,3,-0.007475185655057431
178,2,1000,3,5.02,3,-0.007476881984621287
178,3,1000,3,3.61,2,-0.007477807767689228
178,4,1000,4,4.23,2,-0.00747923266608268
178,5,1000,3,3.73,6,-0.007479770828038454
178,6,1000,3,3.89,3,-0.007479313666932285
178,7,1000,2,3.1,4,-0.007478941354900599
178,8,1000,2,3.09,4,-0.007479177260305733
178,9,1000,3,3.71,3,-0.007479329640977085
178,10,1000,3,2.7,1,-0.007480105385184288
178,11,1000,2,2.94,3,-0.007479786340147257
178,12,1000,3,3.06,2,-0.00747984542325139
178,13,1000,2,2.85,1,-0.007480592172592879
178,14,1000,2,2.94,3,-0.007481465302407742
178,15,1000,2,2.6,1,-0.007480633612722158
178,16,1000,3,4.19,3,-0.0074799446426332
178,17,1000,2,3.11,4,-0.007480840317904949
178,18,1000,2,2.95,3,-0.007479713637381792
178,19,1000,3,2.95,1,-0.00747951320046559
178,20,1000,3,2.78,1,-0.007479136440902949
178,21,1000,2,2.62,1,-0.0074776955880224705
178,22,1000,2,2.57,1,-0.0074771554209291935
178,23,1000,1,2.57,2,-0.0074770041070878505
178,24,1000,3,2.83,1,-0.007477329093962908
178,25,1000,2,2.57,1,-0.007477129343897104
178,26,1000,2,2.59,1,-0.007475408259779215
178,27,1000,2,2.6,1,-0.007475579466670752
179,1,1000,3,4.86,3,0.06979501423239708
179,2,1000,3,3.65,2,0.06979546766728163
179,3,1000,3,7.66,5,0.0697961003780365
179,4,1000,3,5.0,3,0.06979757679253816
179,5,1000,3,4.11,2,0.06979876334965229
179,6,1000,2,3.2,3,0.06979942474514246
179,7,1000,3,6.69,4,0.06979954425245523
179,8,1000,3,3.9,1,0.06980013662576676
179,9,916,3,10.0,5,0.06980135355258613
179,10,881,3,10.0,3,0.06980184103688912
179,11,1000,3,4.74,1,0.06980209774523974
179,12,1000,3,7.32,2,0.06980288166552782
179,13,1000,3,9.31,2,0.06980341136455535
179,14,217,3,10.09,6,0.0698036350618859
179,15,1000,1,2.73,3,0.0698046353161335
179,16,1000,1,2.54,1,0.06980601698160172
180,1,1000,3,4.83,3,0.0983767430409789
180,2,1000,3,5.12,3,0.09837675356864929
180,3,1000,3,5.56,3,0.09837654878944159
180,4,1000,3,5.68,3,0.09837662789225578
180,5,1000,3,3.55,1,0.09837721917778254
180,6,1000,3,4.57,2,0.09837761229276656
180,7,1000,3,5.62,3,0.09837830119580031
180,8,1000,2,3.47,3,0.09837845166772605
180,9,168,3,10.01,9,0.09837887068057344
180,10,1000,3,7.15,3,0.09837860261648894
180,11,1000,3,5.75,2,0.09837986836582423
180,12,1000,3,3.52,1,0.09838041720539331
180,13,1000,3,3.57,1,0.09838091342896223
180,14,1000,3,4.58,2,0.09837900088727475
180,15,1000,3,4.58,2,0.09838007870316505
180,16,1000,4,7.06,3,0.09838102759420872
180,17,1000,2,4.22,3,0.09838297438621521
180,18,1000,2,4.0,3,0.09838384009152651
180,19,1000,2,3.92,3,0.09838545010238886
180,20,1000,3,6.88,2,0.09838638250529766
180,21,1000,3,9.61,2,0.09838625161349773
180,22,1000,3,4.55,2,0.09838356438279151
180,23,1000,2,3.4,3,0.09838323131948709
180,24,1000,2,2.8,1,0.09838480839133262
180,25,1000,1,2.71,3,0.09838602581620216
180,26,1000,3,8.99,4,0.09838645537942647
180,27,174,3,10.01,6,0.09838562527264672
180,28,121,4,10.06,3,0.09838470859714776
180,29,1000,3,7.19,1,0.09838346989452838
180,30,1000,2,5.97,3,0.0983826919272542
180,31,1000,2,6.58,2,0.09838477493822574
180,32,1000,1,4.32,22,0.09838180045038461
180,33,1000,2,6.75,3,0.09838111616671086
180,34,1000,2,8.01,5,0.09838130447268487
180,35,1000,2,3.55,1,0.09838219758868218
180,36,1000,2,6.68,2,0.09838347247242928
180,37,1000,1,3.73,16,0.09838515904545785
180,38,1000,3,8.89,24,0.09838438891619444
180,39,120,2,10.07,16,0.09838491852084795
180,40,118,4,10.01,3,0.09838508618837696
180,41,367,4,10.0,3,0.09838497370725106
180,42,154,4,10.04,6,0.09838723420322716
180,43,317,5,10.07,3,0.0983865945967214
180,44,134,5,10.05,3,0.09838647918025059
180,45,299,6,10.03,3,0.0983870683555619
180,46,152,4,10.05,11,0.09838858884023993
180,47,1000,4,7.33,4,0.0983886204957962
180,48,122,4,10.07,2,0.09838876885468842
180,49,1000,3,4.77,2,0.09838983260095119
180,50,117,3,10.01,4,0.09838901613003169
180,51,129,4,10.01,7,0.09838880061410195
180,52,125,4,10.01,3,0.09839120501279831
180,53,127,4,10.06,4,0.09839216713595578
180,54,1000,2,6.83,3,0.098392130240798
180,55,1000,2,7.81,3,0.09839301855117083
180,56,1000,2,7.31,3,0.09839486553519965
180,57,1000,2,5.76,3,0.09839436849206686
180,58,1000,2,7.02,3,0.09839540031552314
180,59,1000,1,3.1,8,0.09839681144058704
180,60,1000,1,3.48,12,0.09841039617359638
181,1,1000,3,4.86,3,0.0033084852900356052
181,2,1000,3,4.7,3,0.0033089467138051987
181,3,1000,2,3.17,3,0.00330932854115963
181,4,1000,3,4.94,3,0.0033094015847891568
181,5,1000,3,4.0,2,0.0033094060905277728
181,6,1000,2,3.98,3,0.0033095023687928914
181,7,1000,5,8.19,3,0.0033098904732614754
181,8,1000,4,9.86,6,0.0033097351379692557
181,9,227,5,10.05,3,0.003309763496175474
181,10,1000,2,3.16,3,0.0033100969735533
181,11,1000,2,3.51,4,0.0033099437672644855
181,12,1000,1,2.97,6,0.0033100894279778003
181,13,1000,2,4.61,6,0.0033101495318114756
181,14,167,4,10.08,3,0.0033101491395852523
181,15,1000,3,6.11,3,0.003310477180406451
181,16,1000,2,5.5,5,0.0033104085959494113
181,17,128,5,10.03,3,0.0033108042407548055
181,18,1000,4,6.17,2,0.00331061084382236
181,19,1000,3,3.97,1,0.0033103594779968263
181,20,1000,4,3.36,1,0.0033105036932975056
181,21,1000,2,3.2,4,0.0033103768173605203
181,22,1000,3,3.27,1,0.003310579175129533
181,23,153,4,10.03,13,0.003310625015277099
181,24,1000,3,6.13,5,0.0033109096977859734
181,25,1000,4,9.7,3,0.0033108897302299737
181,26,1000,2,6.04,4,0.0033110609631985424
181,27,1000,2,5.99,14,0.0033112777303904296
181,28,333,2,10.0,6,0.0033112325741945802
181,29,1000,3,5.29,1,0.0033115433640778067
181,30,131,4,10.04,3,0.0033119783331533423
181,31,128,5,10.03,3,0.0033113958925241604
181,32,138,4,10.04,3,0.0033117435143693633
181,33,159,5,10.08,6,0.003311561145263273
181,34,1000,4,8.12,3,0.0033121095821261404
181,35,129,4,10.03,5,0.0033123231196934863
181,36,1000,2,6.7,6,0.003312418706715107
181,37,1000,2,6.81,6,0.0033125190418213605
181,38,1000,2,9.28,10,0.0033125013653188943
181,39,123,4,10.07,3,0.0033125725870088835
181,40,132,4,10.0,8,0.0033128690821203318
181,41,126,4,10.02,5,0.003312904919896807
181,42,122,3,10.05,8,0.003312817118206962
181,43,120,3,10.07,12,0.00331272982681791
181,44,1000,3,6.76,1,0.0033132348489016295
181,45,137,3,10.07,10,0.003313775065552144
181,46,169,3,10.07,23,0.003313807313214745
181,47,1000,1,3.17,8,0.003314505811780691
182,1,1000,3,4.89,3,-0.008182411216199397
182,2,1000,3,4.96,3,-0.008182737045921385
182,3,1000,4,6.05,3,-0.008182910094037653
182,4,1000,3,3.57,3,-0.008183196409605444
182,5,1000,3,3.55,4,-0.008182851273566485
182,6,208,6,10.07,3,-0.008183003967412962
182,7,726,4,10.0,3,-0.00818237731330733
182,8,1000,4,8.54,2,-0.008183405895717442
182,9,1000,4,4.85,1,-0.008184269336983562
182,10,1000,3,5.13,3,-0.00818404082581401
182,11,1000,3,5.13,3,-0.008184627179056407
182,12,175,4,10.07,4,-0.00818466908697571
182,13,152,5,10.04,5,-0.008184964633791855
182,14,1000,5,6.0,3,-0.008185419736430048
182,15,1000,4,7.44,3,-0.008185789448209108
182,16,1000,4,4.86,2,-0.008186347203329206
182,17,1000,4,7.97,1,-0.008187397657893598
182,18,1000,3,4.02,3,-0.008189258461818099
182,19,1000,2,5.54,5,-0.008189525468274951
182,20,140,4,10.02,5,-0.00818848056452615
182,21,139,4,10.04,3,-0.0081878076407978
182,22,127,4,10.05,2,-0.008188722772509094
182,23,1000,3,7.31,6,-0.008189282184466719
182,24,124,4,10.03,4,-0.008189534858590173
182,25,119,3,10.05,6,-0.008189712964123538
182,26,133,4,10.04,3,-0.008190438816589969
182,27,128,4,10.07,3,-0.008192207926185802
182,28,134,4,10.05,3,-0.008194033543009367
182,29,136,5,10.08,3,-0.008194208350580405
182,30,1000,3,8.01,5,-0.008195340407080948
182,31,133,4,10.05,3,-0.008194586185080217
182,32,112,3,10.01,3,-0.008197358219019537
182,33,132,5,10.11,3,-0.008200185951974356
182,34,127,4,10.02,3,-0.008201820841865746
182,35,130,4,10.04,3,-0.008204021877967394
182,36,135,5,10.09,3,-0.008205619040462705
183,1,1000,3,4.93,3,0.023657716797664763
183,2,1000,3,4.69,3,0.023657497381791473
183,3,1000,3,2.92,1,0.023656901717185975
183,4,1000,3,3.04,2,0.023656570218503474
183,5,1000,3,3.12,1,0.02365659711509943
183,6,1000,3,4.16,1,0.023656070832163097
183,7,1000,2,3.04,3,0.023655774239450693
183,8,1000,3,4.04,2,0.02365526886843145
183,9,1000,3,7.14,5,0.023655099583789706
183,10,1000,2,3.23,4,0.02365548776462674
183,11,1000,2,4.43,5,0.02365483707934618
183,12,1000,3,6.86,2,0.02365468896366656
183,13,148,4,10.05,2,0.023654744167484948
183,14,130,4,10.07,8,0.023654307912175473
183,15,1000,3,3.86,3,0.02365387068502605
183,16,1000,5,6.28,8,0.02365331902168691
183,17,172,5,10.01,5,0.023653274185435717
183,18,119,4,10.08,5,0.02365277411744875
183,19,118,4,10.08,8,0.023652810114041224
183,20,1000,5,8.28,2,0.023653350951150058
183,21,195,4,10.03,3,0.023653224817453286
183,22,154,5,10.02,2,0.023652412021508466
183,23,1000,3,9.33,4,0.02365162373520434
183,24,129,4,10.04,6,0.023651430859815244
183,25,1000,2,8.57,7,0.023649957159534097
183,26,131,4,10.09,4,0.02364900622886556
183,27,131,4,10.08,4,0.023648906356960764
183,28,142,4,10.09,5,0.023649385133364672
183,29,134,4,10.03,4,0.023649408454214458
183,30,1000,5,8.17,3,0.02364912437647581
183,31,1000,4,5.94,2,0.02364865256473422
183,32,126,4,10.06,8,0.023648165062897734
183,33,129,5,10.14,3,0.023648151348150053
183,34,132,4,10.06,5,0.023648355226737982
183,35,127,5,10.03,3,0.02364772229682742
183,36,174,6,10.02,1,0.023647375683161033
183,37,135,5,10.07,4,0.02364777650822092
183,38,125,5,10.02,1,0.02364752236008644
183,39,122,3,10.04,11,0.02364766770271493
183,40,105,4,10.02,3,0.023648868749539056
183,41,1000,2,5.66,2,0.023647797279059888
183,42,151,3,10.03,11,0.023648245778206168
183,43,129,4,10.06,3,0.023648320285733358
184,1,1000,3,4.82,3,0.04224718152731657
184,2,1000,3,3.29,2,0.04224750827252865
184,3,1000,3,3.97,2,0.0422479291446507
184,4,1000,3,4.59,2,0.0422483043782413
184,5,1000,2,3.11,2,0.04224830861389637
184,6,1000,2,3.03,1,0.042247383777052165
184,7,1000,3,4.56,1,0.04224752794578671
184,8,1000,3,4.72,4,0.04224596640095115
184,9,1000,3,4.55,4,0.04224536383152008
184,10,1000,2,2.87,1,0.042245550908148286
184,11,1000,2,4.41,3,0.04224485232308507
184,12,145,5,10.01,3,0.0422451542112334
184,13,170,4,10.0,3,0.042244698392117724
184,14,145,5,10.06,5,0.04224517196416855
184,15,133,5,10.08,3,0.0422440259752417
184,16,159,6,10.02,4,0.04224316588362808
184,17,438,4,10.0,2,0.04224223365420348
184,18,152,5,10.05,5,0.0422424206902322
184,19,139,4,10.06,8,0.042241710499465034
184,20,132,4,10.01,6,0.04224091313892242
184,21,126,4,10.01,6,0.042240477240984405
184,22,144,4,10.06,5,0.04224099306803611
184,23,132,4,10.05,8,0.0422411360919024
184,24,127,4,10.04,3,0.04224044958672186
184,25,133,4,10.02,10,0.04224011161945816
184,26,115,3,10.07,3,0.04223950472862824
184,27,1000,3,9.64,3,0.042239205289632084
184,28,1000,3,6.82,3,0.0422392526678741
184,29,1000,2,3.72,3,0.04223937797173858
184,30,1000,2,6.44,3,0.042240009918808934
185,1,1000,3,4.99,3,0.02132996145263314
185,2,1000,3,4.49,3,0.021332018546760083
185,3,1000,3,4.06,3,0.021333176858723164
185,4,1000,3,3.68,2,0.021333655305206776
185,5,1000,1,2.74,3,0.021334241837263106
185,6,1000,2,2.89,1,0.021334205221384763
185,7,1000,2,3.14,1,0.02133437557145953
185,8,1000,2,3.44,9,0.021334418941289186
185,9,1000,2,4.39,11,0.021334817606955766
185,10,1000,2,3.2,2,0.02133566239103675
185,11,1000,2,5.82,10,0.0213366106338799
185,12,1000,1,2.74,3,0.021337341837584973
185,13,265,4,10.03,5,0.021337109895528488
185,14,1000,1,2.93,5,0.021337095677852632
185,15,1000,2,3.78,5,0.021336648520082234
185,16,1000,3,8.13,4,0.02133553224802017
185,17,1000,1,3.12,7,0.021335205752402542
185,18,1000,2,4.25,3,0.021336287915706634
185,19,1000,5,4.58,1,0.02133679611608386
185,20,1000,5,9.24,3,0.021336789634078743
185,21,132,4,10.07,3,0.02133732210054542
185,22,1000,4,7.37,6,0.021338015355169774
185,23,184,5,10.03,4,0.0213386925018352
185,24,1000,4,9.63,2,0.021339130338281394
185,25,138,4,10.06,3,0.02133906870216563
185,26,121,5,10.07,3,0.021341521446862497
185,27,764,4,10.0,2,0.021341662268832093
185,28,119,3,10.07,4,0.021340589359903538
185,29,145,4,10.06,4,0.02134047376698461
185,30,1000,4,9.86,3,0.021340617697685957
185,31,131,4,10.07,3,0.021340979675527748
185,32,325,4,10.07,16,0.021341404857543798
185,33,941,2,10.0,11,0.021341354367456832
185,34,149,6,10.03,3,0.02134179766446152
185,35,1000,4,6.34,2,0.021342269632965327
185,36,121,5,10.05,1,0.02134104842735716
185,37,152,4,10.04,2,0.021341240474660145
185,38,1000,2,3.23,2,0.021343678660690785
185,39,1000,3,5.13,4,0.021341553650796413
185,40,1000,1,2.69,2,0.021341076843440533
185,41,1000,1,2.77,3,0.021340598188340665
185,42,1000,1,2.58,1,0.02134055644273758
186,1,1000,3,4.89,3,0.014649361362680793
186,2,1000,3,4.21,2,0.014650499854236842
186,3,1000,4,4.02,1,0.014650892155244946
186,4,1000,4,4.03,3,0.014651458898559212
186,5,1000,5,7.11,4,0.014651346933096648
186,6,1000,4,7.38,7,0.014651433270424605
186,7,1000,3,4.19,1,0.014651592783629895
186,8,1000,3,3.09,1,0.014651138124987483
186,9,1000,3,7.0,1,0.014651532359421253
186,10,963,3,10.0,6,0.014651482489621528
186,11,1000,2,2.74,2,0.01465097221173346
186,12,1000,1,2.96,6,0.014651368197053672
186,13,1000,3,5.4,3,0.014652219468727707
186,14,1000,3,5.0,5,0.014652159648016095
186,15,1000,3,4.44,3,0.014652456488460303
186,16,1000,1,2.69,3,0.014651761747896671
186,17,1000,1,2.63,2,0.01465250051394105
187,1,1000,3,4.88,3,0.06734080298244953
187,2,1000,3,4.59,3,0.06734115522354842
187,3,1000,3,7.7,5,0.06734194063395262
187,4,1000,3,7.8,5,0.06734182900190354
187,5,1000,3,5.68,3,0.0673423008993268
187,6,1000,3,5.27,2,0.06734258130937815
187,7,1000,3,9.08,4,0.06734228758513927
187,8,1000,3,7.85,5,0.0673425445780158
187,9,1000,4,6.23,3,0.06734235779941082
187,10,1000,4,3.77,1,0.06734233483672142
187,11,1000,4,3.77,1,0.06734295587986708
187,12,1000,4,8.93,6,0.06734312582015992
187,13,1000,4,5.76,3,0.06734244832396508
187,14,1000,3,7.36,2,0.0673425109088421
187,15,167,3,10.02,4,0.06734221125255802
187,16,800,3,10.0,5,0.06734261862002314
187,17,1000,3,4.1,3,0.06734260950982571
187,18,1000,2,3.74,4,0.06734342826902866
188,1,1000,3,4.9,3,0.08361726378649473
188,2,1000,3,3.77,2,0.08361830939352512
188,3,1000,3,5.15,2,0.083619323015213
188,4,1000,2,2.79,1,0.08361993989348411
188,5,1000,2,2.74,1,0.0836197213679552
188,6,1000,3,3.58,1,0.08361920078843832
188,7,1000,3,3.33,1,0.08361932402849197
188,8,1000,2,2.78,1,0.08362007392942905
188,9,1000,3,3.49,1,0.08362044525891542
188,10,1000,3,3.86,1,0.0836202910616994
188,11,1000,2,2.76,1,0.08362027268856764
188,12,1000,3,3.43,1,0.08362062304466963
188,13,1000,3,3.61,1,0.08362057016044855
188,14,1000,2,3.37,1,0.0836206552311778
188,15,1000,3,3.38,1,0.0836212348639965
188,16,1000,2,2.91,1,0.0836216284930706
188,17,1000,3,4.21,1,0.083622308537364
188,18,1000,3,3.01,1,0.08362295759469271
188,19,1000,3,3.82,1,0.08362328351289033
188,20,1000,3,3.12,1,0.08362400091439486
188,21,1000,2,2.71,1,0.08362490689754486
188,22,1000,3,3.57,1,0.08362495827674865
188,23,1000,3,3.91,1,0.08362577101588249
188,24,1000,2,2.7,1,0.08362629637122154
188,25,1000,2,2.7,1,0.08362694847583771
188,26,1000,3,3.78,1,0.08362747467309237
188,27,1000,3,3.96,1,0.08362802686542273
188,28,1000,3,2.97,1,0.08362867741286754
188,29,1000,3,3.27,1,0.08362928234040737
188,30,1000,2,2.77,2,0.0836299444437027
188,31,1000,2,3.33,5,0.08363041620701551
188,32,1000,3,2.99,1,0.08363097304850817
188,33,1000,3,4.09,1,0.08363200360536575
188,34,1000,3,4.11,1,0.08363245248794555
188,35,1000,2,3.15,2,0.08363289050012827
188,36,1000,2,3.66,3,0.08363289134949446
188,37,1000,2,3.16,4,0.08363403929769993
188,38,1000,2,3.38,5,0.08363420037925243
188,39,1000,2,3.3,5,0.08363402239978314
188,40,1000,3,3.9,2,0.08363534002751112
188,41,1000,3,6.85,2,0.08363646540790796
188,42,1000,6,9.92,4,0.08363669338822365
188,43,1000,1,2.55,1,0.08363760262727737
188,44,1000,1,2.55,1,0.08363722264766693
189,1,1000,3,4.8,3,-0.1466226143836975
189,2,1000,3,3.98,2,-0.14662229296565055
189,3,1000,3,2.85,1,-0.14662209153175354
189,4,1000,2,3.15,4,-0.146622100263834
189,5,1000,3,5.19,3,-0.1466216636747122
189,6,1000,3,4.63,2,-0.14662133376300335
189,7,1000,3,4.65,2,-0.14662157990038394
189,8,1000,1,2.74,4,-0.1466212600469589
189,9,1000,2,3.11,2,-0.14662174093723296
189,10,1000,2,3.78,4,-0.14662209486961364
189,11,1000,2,3.09,2,-0.14662263798713684
189,12,1000,2,3.82,4,-0.14662247437238693
189,13,1000,2,3.78,4,-0.14662145148217678
189,14,1000,3,6.86,3,-0.14662143287062646
189,15,1000,3,6.52,3,-0.14662135258316994
189,16,688,3,10.0,4,-0.14662151075466429
189,17,1000,2,5.41,5,-0.14662130436301232
189,18,1000,3,8.91,3,-0.14662088285386563
189,19,1000,2,2.79,2,-0.1466202211380005
189,20,1000,3,3.98,2,-0.1466200415790081
189,21,1000,3,4.98,3,-0.14662062734365464
189,22,1000,4,3.6,1,-0.14662107753753661
189,23,1000,5,4.12,1,-0.14662172649800778
189,24,1000,3,4.64,3,-0.14662186141312122
189,25,1000,4,8.68,3,-0.1466211175620556
189,26,1000,3,7.54,3,-0.1466208278387785
189,27,776,3,10.0,3,-0.14662113378650135
189,28,1000,4,6.56,3,-0.14662129279971123
189,29,1000,2,3.43,3,-0.1466211470067501
189,30,1000,3,7.42,3,-0.1466211225390434
189,31,139,4,10.01,5,-0.1466208794991747
189,32,111,4,10.03,5,-0.14662077298035492
189,33,120,3,10.05,5,-0.14662113015850384
189,34,1000,3,5.8,4,-0.14662123949825764
189,35,1000,3,5.79,3,-0.14662146325409411
189,36,1000,3,3.55,1,-0.14662162329256534
189,37,1000,2,3.31,3,-0.1466227295398712
189,38,1000,1,2.51,1,-0.14662295579910278
190,1,1000,3,4.94,3,-0.08077555525302887
190,2,1000,3,3.68,3,-0.08077509041875601
190,3,1000,3,5.97,3,-0.08077477817982436
190,4,1000,3,5.6,3,-0.08077453166246414
190,5,1000,3,6.3,3,-0.08077445917576552
190,6,1000,3,9.01,3,-0.08077423732727766
190,7,1000,4,9.1,4,-0.080774080067873
190,8,149,4,10.06,4,-0.0807738475651549
190,9,153,4,10.06,4,-0.0807735567875937
190,10,1000,3,5.98,5,-0.08077357216924429
190,11,482,3,10.0,3,-0.08077345491692238
190,12,1000,4,9.89,3,-0.08077322719991208
190,13,1000,3,6.3,3,-0.08077318897843361
190,14,1000,3,5.41,7,-0.08077256432920694
190,15,1000,3,6.94,2,-0.08077224583178759
190,16,1000,3,3.75,1,-0.08077257796376944
190,17,1000,1,3.01,7,-0.08077229350060225
190,18,1000,3,7.84,4,-0.08077093420922757
190,19,1000,2,3.63,3,-0.08077075576037168
190,20,1000,3,5.18,6,-0.08077094236016273
190,21,213,4,10.04,3,-0.08077058584337503
190,22,1000,3,5.4,4,-0.08076989606022834
190,23,1000,2,2.69,2,-0.08077008206397294
190,24,1000,1,2.59,2,-0.08076945480704308
190,25,1000,3,4.49,3,-0.08076929109543562
190,26,1000,1,2.53,1,-0.08076833933591843
191,1,1000,3,4.83,3,0.04630626653134823
191,2,1000,3,4.5,3,0.046303930558264254
191,3,1000,3,3.48,3,0.04630268770828843
191,4,1000,3,2.94,2,0.04630220345407724
191,5,1000,1,2.84,5,0.04630268032103777
191,6,1000,2,3.81,4,0.04630149312317371
191,7,1000,2,2.95,2,0.04629960757866502
191,8,1000,1,3.24,9,0.04629929284006357
191,9,1000,2,3.22,3,0.04629955753311515
191,10,1000,2,3.49,3,0.046300283268094065
191,11,1000,4,9.27,3,0.046300629127770665
191,12,1000,4,3.74,1,0.04630070209503174
191,13,1000,4,3.1,1,0.04630012196674943
191,14,1000,1,2.94,6,0.04629984311386943
191,15,1000,1,3.02,7,0.04629898372665048
191,16,1000,1,2.84,5,0.046299651324748996
191,17,1000,2,3.47,3,0.046299130838364365
191,18,1000,2,3.2,3,0.046299888495355844
191,19,1000,2,3.99,3,0.046300051927566525
191,20,1000,3,4.89,2,0.04630161010473967
191,21,1000,2,3.47,3,0.046303346637636425
191,22,1000,2,2.79,1,0.04630281883478165
191,23,1000,1,2.74,4,0.04630278263613582
191,24,1000,3,4.66,4,0.04630400014296174
191,25,1000,2,3.48,4,0.0463050351254642
191,26,1000,2,3.49,3,0.04630334486067295
191,27,1000,2,3.23,3,0.046302068650722505
191,28,1000,1,2.8,4,0.046303302880376575
191,29,1000,1,2.59,2,0.0463045301809907
191,30,1000,5,9.29,3,0.04630492305010557
191,31,1000,3,3.67,2,0.046304368764162065
191,32,1000,2,3.28,5,0.04630524692311883
191,33,1000,2,3.13,4,0.046304695971310136
191,34,1000,1,2.6,2,0.04630550077185035
191,35,1000,1,2.67,3,0.04630570069700479
191,36,1000,4,4.1,3,0.04630482973903417
191,37,1000,3,4.43,4,0.04630336857587099
191,38,1000,2,3.64,4,0.046303031597286465
192,1,1000,3,4.85,3,-0.09633698794990778
192,2,1000,3,4.86,3,-0.09633693169802428
192,3,1000,3,5.22,3,-0.0963369445875287
192,4,1000,3,5.21,3,-0.09633686755597591
192,5,1000,3,3.98,2,-0.09633685209602118
192,6,1000,3,4.63,2,-0.09633741699904204
192,7,1000,5,4.8,2,-0.09633701799064874
192,8,1000,5,7.65,2,-0.09633645344525575
192,9,1000,5,8.57,1,-0.0963364699780941
192,10,1000,2,4.09,3,-0.09633663711696863
192,11,1000,2,4.26,3,-0.0963359756320715
192,12,127,4,10.0,5,-0.09633545600992488
192,13,172,4,10.05,2,-0.09633595873276855
192,14,814,4,10.0,4,-0.09633637264517367
192,15,143,4,10.04,5,-0.09633661332455548
192,16,140,4,10.05,15,-0.09633679826344763
192,17,114,3,10.07,5,-0.096336891841993
192,18,126,5,10.03,2,-0.09633679835805817
192,19,164,4,10.03,10,-0.09633677457345695
192,20,1000,3,4.69,7,-0.09633718213438988
192,21,1000,2,7.41,7,-0.0963376055881381
192,22,534,4,10.0,3,-0.0963377644785781
192,23,365,4,10.0,3,-0.09633825741810341
192,24,152,6,10.09,3,-0.0963379151530956
192,25,1000,4,8.87,5,-0.09633825044333935
192,26,125,4,10.01,6,-0.09633829683065415
192,27,1000,3,6.22,2,-0.0963376071229577
192,28,1000,3,4.45,2,-0.09633784984052181
192,29,1000,2,3.18,2,-0.09633806736767292
192,30,1000,2,5.07,4,-0.09633869786560535
192,31,1000,4,9.22,3,-0.09633813942968845
192,32,133,5,10.01,4,-0.09633775262680269
192,33,1000,2,3.23,6,-0.09633787232637406
192,34,1000,2,3.14,5,-0.09633818826824427
193,1,1000,3,4.89,3,-0.032285157173871995
193,2,1000,3,5.37,3,-0.03228475603833795
193,3,1000,4,9.8,3,-0.032284144561737775
193,4,816,3,10.0,3,-0.032284213992420076
193,5,868,3,10.0,3,-0.032284175771104026
193,6,1000,3,9.22,8,-0.03228416544944048
193,7,1000,3,4.84,3,-0.03228329783678055
193,8,1000,3,5.52,4,-0.03228249198943377
193,9,1000,3,6.05,2,-0.03228081298619509
193,10,1000,3,6.62,2,-0.03228028288111091
193,11,1000,2,4.16,6,-0.03227995752543211
193,12,130,3,10.07,5,-0.03227932054836016
193,13,548,4,10.0,3,-0.032280484935010435
193,14,980,4,10.0,3,-0.03228119330442682
193,15,1000,4,9.0,3,-0.03228170576319098
193,16,109,3,10.0,3,-0.03228224448244506
193,17,1000,3,4.65,4,-0.03228202958032489
193,18,1000,4,4.22,1,-0.032281394083052875
193,19,1000,2,3.08,3,-0.03228229493647814
193,20,1000,1,2.59,1,-0.03228120133280754
193,21,1000,4,3.85,3,-0.03228314485773444
193,22,1000,4,4.79,3,-0.03228226242959499
193,23,1000,3,5.06,4,-0.03228207156434655
193,24,1000,3,8.53,6,-0.032281645517796276
193,25,1000,3,3.85,3,-0.03227955915406346
193,26,1000,3,3.41,2,-0.032281856901943684
193,27,1000,3,3.4,2,-0.03228217053040862
193,28,1000,3,3.41,5,-0.03228238230571151
193,29,1000,1,2.74,3,-0.032282531935721635
193,30,1000,1,2.65,2,-0.032283293172717095
193,31,1000,1,2.99,5,-0.03228377144411206
193,32,1000,3,4.26,3,-0.03228372924029827
193,33,1000,3,3.15,2,-0.03228394592553377
193,34,1000,1,2.69,2,-0.03228302951902151
194,1,1000,3,4.87,3,-0.047118880473077294
194,2,1000,3,4.75,3,-0.04711928138509393
194,3,1000,4,6.39,3,-0.04711926218867302
194,4,1000,2,3.46,3,-0.04711966679617763
194,5,1000,1,2.66,3,-0.04712000717967749
194,6,1000,2,3.5,2,-0.04711993308737874
194,7,331,6,10.0,3,-0.04711975237168935
194,8,1000,1,2.77,4,-0.047119694881141184
194,9,1000,2,3.17,7,-0.04711971832439303
194,10,1000,2,4.21,5,-0.04712009444460273
194,11,1000,3,8.93,2,-0.04712004658579826
194,12,923,3,10.0,4,-0.04711986201959596
194,13,859,5,10.0,3,-0.04712010002819706
194,14,1000,4,7.19,2,-0.04712007211893797
194,15,1000,4,4.52,4,-0.04712034623324871
194,16,1000,2,3.6,1,-0.0471202331893146
194,17,1000,1,2.71,3,-0.0471199571788311
194,18,1000,2,4.22,7,-0.04712042452022433
194,19,1000,3,7.97,5,-0.047120285138487816
194,20,1000,4,6.47,3,-0.04711949041485786
194,21,133,5,10.0,3,-0.04711951805572761
194,22,174,5,10.03,4,-0.047119901547658036
194,23,1000,4,3.95,3,-0.047120514258742335
194,24,1000,3,6.23,3,-0.04712141082808376
194,25,1000,2,4.47,4,-0.04712122713401914
194,26,1000,2,5.01,10,-0.047120792940258976
194,27,1000,3,6.54,2,-0.04712099555134773
194,28,135,4,10.06,6,-0.04712076283715389
194,29,1000,4,8.41,2,-0.04712068029120565
194,30,1000,1,2.51,1,-0.04712020605802536
194,31,1000,1,2.51,1,-0.04711969196796417
194,32,1000,3,5.31,2,-0.04711956627294421
194,33,1000,3,7.98,3,-0.04711975767463446
194,34,1000,5,4.86,3,-0.04712084599584341
194,35,258,5,10.07,2,-0.0471217169809018
194,36,1000,3,5.7,4,-0.04712333078682423
194,37,1000,3,4.07,3,-0.04712212334573269
194,38,1000,3,5.22,3,-0.047122293032705785
194,39,630,5,10.0,3,-0.04712172294892962
194,40,1000,2,2.76,2,-0.047120919190347194
194,41,1000,2,4.42,5,-0.047119680788367986
194,42,1000,2,3.99,4,-0.04711908760666847
194,43,1000,3,4.69,5,-0.04712046735733748
194,44,202,4,10.0,5,-0.04711993818752246
194,45,1000,2,3.23,3,-0.047121344055980445
194,46,1000,3,4.92,2,-0.04712191282212734
194,47,1000,2,3.48,3,-0.04712203620001674
194,48,152,4,10.05,3,-0.04712243816864334
194,49,125,4,10.04,3,-0.047122622013092044
194,50,145,4,10.01,6,-0.04712271251041314
194,51,116,3,10.03,3,-0.047123969147174524
194,52,1000,3,3.38,1,-0.04712446595355868
194,53,1000,2,3.87,4,-0.04712345488741994
194,54,1000,4,9.04,2,-0.04712406804040074
194,55,1000,4,4.11,2,-0.047124391593039036
194,56,1000,2,3.53,4,-0.047123892195522786
194,57,1000,2,2.96,2,-0.047123682413250205
194,58,1000,2,2.76,1,-0.04712362129241228
194,59,1000,1,2.58,2,-0.04712330594286323
194,60,1000,2,2.94,2,-0.047124193388968706
194,61,1000,3,5.18,2,-0.04712526639923453
194,62,1000,2,3.74,3,-0.047125544242560866
194,63,1000,1,2.84,4,-0.047124141324311496
194,64,1000,3,5.57,5,-0.047123922910541294
194,65,1000,3,5.08,4,-0.04712455127388239
194,66,1000,2,2.67,2,-0.0471245888248086
195,1,1000,3,4.94,3,-0.11899416345357895
195,2,1000,3,5.68,3,-0.1189939864948392
195,3,1000,3,7.08,4,-0.11899399925023317
195,4,1000,3,4.63,2,-0.11899372255057096
195,5,1000,3,5.8,3,-0.11899405565112829
195,6,1000,3,5.57,5,-0.11899300935864449
195,7,1000,3,3.81,2,-0.11899325411766767
195,8,1000,1,2.66,3,-0.11899231263250112
195,9,1000,1,2.87,5,-0.11899204858392477
195,10,1000,1,2.77,4,-0.11899302600324153
195,11,1000,3,3.4,3,-0.11899309092015029
195,12,1000,3,4.21,4,-0.11899370649456978
195,13,1000,4,7.34,6,-0.11899371755868196
195,14,1000,3,5.71,5,-0.11899324394017458
195,15,1000,3,4.94,3,-0.11899284904450178
195,16,1000,3,5.36,3,-0.11899172554165124
195,17,1000,3,8.27,7,-0.1189923126026988
195,18,1000,3,7.88,5,-0.11899302373826504
195,19,1000,3,4.8,3,-0.11899298930168152
195,20,1000,3,2.86,1,-0.11899353955686093
195,21,1000,2,4.49,5,-0.11899372497946024
195,22,1000,2,5.51,6,-0.11899356042593717
195,23,594,4,10.0,4,-0.11899313826101396
195,24,832,4,10.0,4,-0.11899295657013471
195,25,399,4,10.05,4,-0.11899123990670182
195,26,1000,2,2.69,1,-0.11899054501205683
195,27,1000,2,2.67,1,-0.1189911387860775
195,28,1000,2,2.68,1,-0.11899098187685013
195,29,1000,2,2.66,1,-0.11899160817265511
196,1,1000,3,4.88,3,0.09886424686014653
196,2,1000,3,4.57,2,0.09886434993892908
196,3,1000,3,4.06,2,0.09886430360376836
196,4,1000,3,3.52,1,0.09886369328200817
196,5,1000,3,3.85,1,0.09886294621229172
196,6,1000,3,3.51,1,0.09886181119084358
196,7,1000,1,3.13,8,0.09886072719842195
196,8,1000,2,3.42,3,0.0988606039956212
196,9,1000,2,3.68,2,0.0988587251752615
196,10,1000,2,4.18,4,0.09885849774628877
196,11,1000,2,3.46,4,0.09885791589319706
196,12,1000,2,3.16,2,0.09885690073668957
196,13,1000,1,2.57,2,0.0988573383539915
196,14,1000,1,3.19,9,0.09885629932582378
196,15,1000,2,3.68,2,0.09885609785467386
196,16,1000,1,3.15,8,0.09885597362369299
196,17,1000,1,3.0,7,0.09885382954776287
196,18,1000,2,3.45,2,0.09885417985916138
196,19,1000,2,3.15,1,0.09885315319895745
196,20,1000,3,4.65,2,0.09885493547469378
196,21,1000,3,5.81,5,0.09885453896224498
196,22,274,3,10.0,6,0.09885434716613624
196,23,1000,3,5.86,3,0.09885354446619748
196,24,1000,3,5.87,3,0.09885225749760866
196,25,1000,2,3.49,4,0.09885162721574306
196,26,1000,2,4.46,4,0.09885195888578892
197,1,1000,3,4.91,3,-0.06133792424574494
197,2,1000,3,3.06,1,-0.06133840928971768
197,3,1000,3,5.18,2,-0.0613392522148788
197,4,1000,2,3.87,4,-0.06133901960030198
197,5,1000,1,2.54,1,-0.061339378356933594
197,6,1000,2,4.18,4,-0.06133942107483745
197,7,1000,2,2.81,3,-0.061339750580489634
197,8,1000,2,3.14,2,-0.06133910897746682
197,9,1000,1,2.79,4,-0.06133978174254298
197,10,1000,2,3.9,2,-0.061340388987213376
197,11,1000,2,3.25,3,-0.06134055330976844
197,12,1000,2,2.87,2,-0.06134138242155313
197,13,1000,3,3.47,2,-0.061341420244425536
197,14,1000,1,2.71,3,-0.06134177529066801
197,15,1000,1,2.75,3,-0.0613415490463376
197,16,1000,1,2.65,2,-0.061342037856578824
197,17,1000,1,2.9,5,-0.061342284947633746
197,18,334,6,10.02,4,-0.061341399259999124
197,19,1000,3,3.66,2,-0.06133981665596366
197,20,1000,1,2.53,1,-0.06133938208222389
197,21,1000,2,3.5,5,-0.06134060575067997
197,22,1000,3,9.07,6,-0.06134148970246315
197,23,1000,3,4.69,2,-0.06134072063863277
197,24,1000,1,2.63,2,-0.06134109601378441
197,25,1000,3,3.96,2,-0.061341900162398814
197,26,1000,3,4.57,1,-0.06134186298027634
197,27,1000,2,3.53,3,-0.061341866247355936
197,28,1000,3,4.34,3,-0.06134171690419316
197,29,538,5,10.0,3,-0.06134018382286051
197,30,1000,3,2.97,1,-0.06134115041419864
197,31,1000,3,3.22,1,-0.06134411488845944
197,32,1000,1,2.71,3,-0.061346143182367086
197,33,1000,1,2.62,2,-0.06134750371426344
198,1,1000,3,4.91,3,0.09869178543239832
198,2,1000,3,3.31,2,0.09869160102307796
198,3,1000,3,3.31,2,0.09869169858843088
198,4,1000,2,3.83,4,0.09869203333556652
198,5,1000,3,3.66,2,0.09869195889681577
198,6,1000,1,2.65,2,0.09869266864657401
198,7,1000,2,3.49,4,0.09869269505143166
198,8,1000,3,4.9,2,0.09869191024452448
198,9,1000,2,4.22,3,0.09869189939647913
198,10,1000,1,2.69,3,0.0986914309039712
198,11,1000,2,5.04,5,0.09869247582554817
198,12,1000,2,3.46,3,0.09869347015023232
198,13,1000,3,4.29,3,0.09869393253326417
198,14,1000,4,8.55,4,0.09869392491132022
198,15,1000,3,3.07,1,0.09869238217920065
198,16,1000,2,2.79,1,0.09869177433103322
198,17,163,4,10.08,4,0.09869138549076267
198,18,313,5,10.0,3,0.09869179722314445
198,19,1000,4,3.8,1,0.09869230016320944
198,20,1000,4,4.07,3,0.09869176972657442
198,21,1000,4,5.34,1,0.09869159932434558
198,22,1000,2,3.01,2,0.09869238297641278
198,23,1000,2,3.16,7,0.09869191899895668
198,24,1000,1,2.63,2,0.09869225353002548
198,25,1000,2,3.51,2,0.09869251465797424
198,26,289,5,10.01,4,0.09869298101708963
198,27,140,5,10.03,2,0.09869323090783187
198,28,139,5,10.04,2,0.09869284413272528
198,29,1000,5,5.76,1,0.09869326858967542
198,30,905,5,10.0,1,0.09869308099562292
198,31,1000,2,2.8,1,0.09869288849830628
198,32,1000,2,3.53,4,0.0986934205070138
198,33,1000,2,2.97,1,0.09869400615245104
198,34,1000,2,2.94,1,0.09869344189018012
198,35,1000,1,2.74,3,0.09869343510270119
198,36,1000,1,2.9,5,0.09869297669827938
198,37,1000,1,2.98,6,0.09869306153804064
198,38,1000,4,7.12,3,0.09869353496283292
198,39,1000,2,2.65,1,0.09869303554296494
198,40,1000,2,2.63,1,0.09869203716516495
198,41,1000,0,2.44,0,0.09869155287742615
199,1,1000,3,4.87,3,0.0007322340225800872
199,2,1000,3,4.37,3,0.0007325216410681606
199,3,1000,3,6.79,3,0.0007328595882281661
199,4,1000,3,4.99,1,0.0007331839064136147
199,5,1000,3,6.86,2,0.000733413022942841
199,6,153,4,10.0,6,0.0007340845528661328
199,7,1000,3,8.11,3,0.0007343261325731873
199,8,1000,3,9.33,3,0.0007341217426583171
199,9,69,3,10.07,3,0.0007343293771660631
199,10,1000,3,5.24,3,0.0007345958286896348
199,11,1000,3,6.55,3,0.0007344030467793345
199,12,1000,3,6.56,3,0.0007344018192961812
199,13,1000,3,5.8,3,0.0007347632115706802
199,14,1000,3,5.52,3,0.0007348008761182427
199,15,168,5,10.02,3,0.0007351716658810065
199,16,1000,1,3.21,9,0.0007357782302424312
199,17,176,5,10.0,3,0.000735157920809632
199,18,1000,4,7.79,3,0.0007349696969613433
199,19,1000,4,7.69,3,0.0007358321221545338
199,20,1000,1,2.71,3,0.0007361812060698867
199,21,1000,1,2.77,4,0.0007359964260831475
199,22,1000,3,3.33,3,0.0007359634367749095
199,23,1000,2,3.36,3,0.0007355573615059256
199,24,1000,2,3.61,3,0.000735666356049478
199,25,1000,1,2.59,2,0.0007370185842737556
200,1,1000,3,5.0,3,-0.09850853779166936
200,2,1000,3,4.01,2,-0.09850827051699161
200,3,1000,4,4.96,3,-0.09850814471393823
200,4,1000,3,5.88,4,-0.0985083855614066
200,5,1000,4,3.68,2,-0.09850847997516393
200,6,1000,4,5.01,5,-0.0985087578818202
200,7,1000,4,5.56,2,-0.0985094609260559
200,8,1000,2,3.73,5,-0.098509784668684
200,9,1000,1,2.7,3,-0.0985100849121809
200,10,1000,2,4.82,7,-0.09851018777489662
200,11,1000,3,4.25,5,-0.09851021680235862
200,12,1000,3,5.02,3,-0.09851038023084402
200,13,1000,3,5.61,3,-0.09851113847643136
200,14,138,5,10.04,3,-0.09851114786621454
200,15,1000,2,4.95,7,-0.09851098807156086
200,16,1000,2,3.88,4,-0.09851107197999955
200,17,1000,2,4.21,5,-0.09851125306636095
200,18,1000,3,8.79,5,-0.09851088692247868
200,19,1000,3,7.4,2,-0.09851055350899697
200,20,1000,2,4.54,8,-0.09851136969029903
200,21,1000,1,2.7,3,-0.09851085782796144
200,22,1000,2,3.52,4,-0.09851062308251858
200,23,1000,2,3.73,4,-0.09851061648130417
200,24,1000,2,3.01,2,-0.09851069114357233
200,25,1000,1,2.99,6,-0.09851014093309642
200,26,1000,2,4.03,6,-0.09851024027913809
200,27,1000,1,2.72,3,-0.09851086230576038
200,28,1000,2,3.42,5,-0.09851060691475869
200,29,1000,3,6.34,4,-0.09851059394329786
200,30,1000,2,3.59,3,-0.09851052632927895
200,31,1000,2,3.01,1,-0.09850972869247199
200,32,1000,2,2.82,2,-0.09850975655019284
200,33,1000,2,2.61,1,-0.09850943833589554
200,34,1000,5,4.08,1,-0.09850878731161355
200,35,1000,5,4.75,1,-0.09850852948427201
200,36,1000,3,5.45,3,-0.09850848234444856
200,37,1000,3,5.54,3,-0.09850878965109587
200,38,1000,3,5.53,3,-0.09850844695419073
200,39,512,5,10.0,3,-0.09850845603796188
200,40,1000,4,3.99,3,-0.09850896307080984
200,41,1000,4,4.99,2,-0.09850899124145508
200,42,1000,4,7.26,3,-0.09850903490930796
200,43,1000,3,5.84,5,-0.09850901747494936
200,44,1000,1,2.57,1,-0.09850848466157913
200,45,1000,1,2.6,1,-0.09850835055112839
200,46,1000,1,2.8,3,-0.09850816598534584
200,47,1000,1,2.84,4,-0.09850759913027286
200,48,1000,1,2.55,1,-0.0985068827867508
201,1,1000,3,5.02,3,-0.046985586579889056
201,2,1000,3,5.23,3,-0.04698732442781329
201,3,1000,3,4.15,1,-0.0469888526648283
201,4,1000,3,3.37,3,-0.04698956657201052
201,5,1000,3,4.27,4,-0.046990143712610004
201,6,1000,2,3.07,3,-0.04699065189808607
201,7,1000,4,5.18,3,-0.04699091101437807
201,8,1000,4,4.38,3,-0.046990943241864445
201,9,1000,4,4.9,3,-0.0469899573251605
201,10,1000,3,4.22,1,-0.0469896195307374
201,11,1000,3,2.97,1,-0.0469899360537529
201,12,1000,3,4.02,4,-0.04698979746550322
201,13,1000,6,8.9,3,-0.04698938896879554
201,14,139,5,10.03,3,-0.046989033414091136
201,15,1000,4,7.89,2,-0.046988578610122206
201,16,125,5,10.09,1,-0.04698834279179573
201,17,133,4,10.05,2,-0.046988169669656826
201,18,1000,3,3.25,3,-0.04698866590857506
201,19,1000,2,3.4,3,-0.046987671729177234
201,20,139,3,10.07,11,-0.04698846406109041
201,21,1000,4,6.84,3,-0.04698776102438569
201,22,212,4,10.08,5,-0.0469869172973734
201,23,126,4,10.06,3,-0.04698644155665996
201,24,1000,5,7.99,2,-0.046986340288072824
201,25,1000,3,4.84,5,-0.04698652784153819
201,26,1000,2,3.01,4,-0.046986970212310554
201,27,1000,1,3.48,10,-0.0469864344894886
201,28,1000,1,3.45,10,-0.0469865248426795
201,29,132,3,10.06,6,-0.04698721178327546
201,30,134,4,10.07,5,-0.04698797154115207
201,31,1000,3,6.45,3,-0.046987131305038926
201,32,127,4,10.03,5,-0.04698688824345747
201,33,128,5,10.03,3,-0.04698542784899473
201,34,685,5,10.0,2,-0.046985748834418556
201,35,1000,4,4.99,1,-0.046986680589616296
201,36,1000,1,2.71,2,-0.046985469050705435
201,37,1000,2,3.14,2,-0.0469853936098516
201,38,1000,2,6.67,4,-0.04698492033407092
201,39,123,4,10.06,3,-0.04698432421660036
201,40,204,4,10.03,4,-0.046984118683373224
201,41,1000,1,3.36,9,-0.046983757987618446
201,42,128,5,10.03,3,-0.046985187771497294
201,43,196,5,10.06,2,-0.04698464890219727
201,44,1000,3,3.74,1,-0.04698467542231083
201,45,1000,3,3.19,2,-0.04698419149592519
201,46,1000,4,5.04,1,-0.04698657248914242
201,47,135,8,10.0,3,-0.0469870302412245
201,48,1000,3,4.88,2,-0.04698443204909563
201,49,124,4,10.06,4,-0.04698335622707682
201,50,120,4,10.07,4,-0.046982084245731436
201,51,122,5,10.05,2,-0.04698229697151262
201,52,316,6,10.0,1,-0.04698255789006436
201,53,141,5,10.06,2,-0.046983572159041746
201,54,99,3,10.06,4,-0.046984066829235865
201,55,1000,3,8.03,3,-0.04698479624465108
201,56,124,3,10.02,6,-0.046984445453891834
201,57,1000,3,4.2,2,-0.04698427933454514
201,58,1000,4,8.73,3,-0.04698225926980376
201,59,151,4,10.06,4,-0.04698184986185554
201,60,132,4,10.0,4,-0.04698421385590777
201,61,110,3,10.03,9,-0.04698411439630118
201,62,887,3,10.0,14,-0.04698636400037715
201,63,1000,2,8.26,3,-0.04698753979802132
202,1,1000,3,4.84,3,0.1001526672616601
202,2,1000,3,4.72,3,0.1001519533470273
202,3,1000,3,3.27,2,0.1001511524990201
202,4,1000,3,3.13,2,0.10015117063373327
202,5,1000,2,3.56,2,0.10015125592052937
202,6,1000,2,2.67,1,0.10015096499025822
202,7,1000,2,3.21,3,0.10015018203854562
202,8,1000,2,3.28,1,0.10014997100830078
202,9,1000,3,3.79,1,0.10015012393146754
202,10,1000,3,4.27,1,0.10014974993467331
202,11,143,5,10.02,1,0.10014995218782158
202,12,1000,5,7.3,1,0.10014928103238344
202,13,1000,4,4.87,1,0.10014911659061909
202,14,1000,2,3.29,1,0.10014751393347979
202,15,635,3,10.0,1,0.10014756419292585
202,16,1000,3,7.59,1,0.10014908221364022
202,17,115,5,10.07,3,0.10014831572771073
202,18,128,5,10.29,6,0.10014860419323668
202,19,117,3,10.02,5,0.10014802363947925
202,20,115,3,10.04,6,0.10014857662760693
202,21,129,5,10.06,2,0.10014835797077001
202,22,110,4,10.06,3,0.10014731938188726
202,23,129,4,10.07,3,0.10014682182276896
202,24,175,5,10.05,2,0.1001458985890661
202,25,1000,5,6.63,1,0.10014445366710424
202,26,1000,5,8.01,3,0.10014315488934517
202,27,1000,3,5.03,3,0.10014354238659143
202,28,112,3,10.02,4,0.10014359559863806
202,29,107,3,10.03,4,0.10014418408135388
202,30,105,3,10.03,3,0.1001433864235878
202,31,110,4,10.07,3,0.10014289929108186
202,32,1000,1,3.36,10,0.10014356939494609
202,33,1000,0,2.46,0,0.10014350712299347
202,34,1000,1,2.86,5,0.10014429852366448
203,1,1000,3,4.92,3,-0.016277856403961777
203,2,1000,3,4.45,2,-0.016277533682063222
203,3,1000,3,3.75,2,-0.016277602946385743
203,4,1000,3,3.35,2,-0.01627775696106255
203,5,1000,1,2.8,4,-0.016277765948325397
203,6,1000,2,3.17,2,-0.01627778829447925
203,7,1000,2,4.3,3,-0.01627783682756126
203,8,1000,2,3.41,1,-0.016277482775971294
203,9,1000,2,3.41,1,-0.01627746238745749
203,10,1000,2,2.99,1,-0.016277494370937347
203,11,1000,2,3.14,1,-0.016277300233021378
203,12,1000,2,3.16,1,-0.01627713494747877
203,13,1000,2,2.96,1,-0.016277180537581443
203,14,1000,2,2.99,1,-0.016276913257315756
203,15,1000,3,5.97,1,-0.01627688959427178
203,16,1000,3,6.22,1,-0.01627697598747909
203,17,1000,3,5.05,1,-0.01627693603374064
203,18,1000,3,8.2,1,-0.01627672465518117
203,19,1000,3,6.16,1,-0.016276695558801294
203,20,238,3,10.0,1,-0.01627675721719235
203,21,129,3,10.08,1,-0.01627664497598659
203,22,1000,3,8.94,1,-0.01627667360380292
203,23,1000,3,9.65,1,-0.016276602754369377
203,24,126,3,10.04,1,-0.01627658208506921
203,25,127,3,10.05,1,-0.016276479427387396
203,26,138,3,10.04,1,-0.016276356359214886
203,27,131,3,10.05,1,-0.01627606763468899
203,28,180,3,10.04,1,-0.016275994210607474
203,29,1000,3,9.03,1,-0.01627592776529491
203,30,1000,3,6.86,1,-0.016275752272456884
203,31,119,3,10.06,1,-0.016275681351788907
203,32,172,3,10.02,1,-0.016275397285299247
203,33,1000,3,9.02,1,-0.016274867098778487
203,34,1000,3,6.64,1,-0.01627492832019925
203,35,122,3,10.07,1,-0.016275220779610463
203,36,123,3,10.09,1,-0.01627504224396818
203,37,1000,3,9.12,1,-0.01627492307499051
203,38,784,3,10.0,1,-0.016274564968403047
203,39,122,3,10.02,1,-0.01627439173457564
203,40,136,3,10.04,1,-0.016274479628704926
203,41,122,3,10.01,1,-0.016274116307374884
203,42,116,3,10.03,1,-0.0162740724707215
203,43,112,3,10.06,1,-0.016274087264069488
203,44,112,3,10.06,1,-0.016274163699043647
203,45,111,3,10.09,1,-0.01627348448980499
203,46,115,3,10.03,1,-0.016273822117110957
203,47,112,3,10.09,1,-0.016273386277524487
203,48,110,3,10.09,1,-0.01627338376234878
203,49,113,3,10.09,1,-0.01627334426528057
203,50,110,3,10.04,1,-0.01627314883199605
203,51,103,3,10.04,1,-0.016273245016492688
203,52,114,3,10.03,1,-0.01627320364901894
203,53,115,3,10.06,1,-0.016273086680018384
203,54,117,3,10.05,1,-0.016273157129812445
203,55,119,3,10.01,1,-0.016273465884082457
203,56,136,3,10.04,1,-0.016272984020521537
203,57,1000,3,9.47,1,-0.016273268673568965
203,58,122,3,10.04,1,-0.01627311631121108
203,59,120,3,10.06,1,-0.016273052850738167
203,60,121,3,10.04,1,-0.01627313601207142
203,61,119,3,10.03,1,-0.01627315637193808
203,62,120,3,10.07,1,-0.016272727058579524
203,63,121,3,10.06,1,-0.01627275387733436
203,64,121,3,10.08,1,-0.016272700507163017
203,65,120,3,10.01,1,-0.016272361281638344
203,66,120,3,10.02,1,-0.01627281418380638
203,67,120,3,10.01,1,-0.016272856139888367
203,68,118,3,10.03,1,-0.016272591916307554
203,69,127,3,10.07,1,-0.016272482777557034
203,70,129,3,10.01,1,-0.016272571241093235
203,71,120,3,10.08,1,-0.01627265033312142
203,72,119,3,10.05,1,-0.01627267209985176
203,73,121,3,10.02,1,-0.01627215098066271
203,74,832,3,10.0,1,-0.016272072991481625
203,75,120,3,10.03,1,-0.01627214957649509
203,76,120,3,10.07,1,-0.01627238335398336
203,77,116,3,10.02,1,-0.01627238923362617
203,78,124,3,10.04,1,-0.016271790008871787
203,79,119,3,10.01,1,-0.016271711522791565
203,80,120,3,10.05,1,-0.016272089319924514
203,81,122,3,10.07,1,-0.016272327618398627
203,82,120,3,10.02,1,-0.016271911390746633
203,83,120,3,10.08,1,-0.016272365332891545
203,84,121,3,10.01,1,-0.01627214991849316
203,85,115,3,10.05,1,-0.016272175749358922
203,86,110,3,10.07,1,-0.016272316974672404
203,87,714,3,10.0,1,-0.016272352872734645
203,88,112,3,10.03,1,-0.016272328328341246
203,89,111,3,10.01,1,-0.01627235050808202
203,90,112,3,10.09,1,-0.01627221331000328
203,91,1000,3,8.68,1,-0.01627177518978715
203,92,114,3,10.06,1,-0.01627158023939844
203,93,109,3,10.06,1,-0.01627200852156779
203,94,110,3,10.01,1,-0.01627222357148474
203,95,109,3,10.05,1,-0.016271982581243603
203,96,1000,3,8.98,1,-0.01627200652100146
203,97,110,3,10.02,1,-0.016271945647895338
203,98,108,3,10.01,1,-0.016272154136526364
203,99,109,3,10.06,1,-0.016271806552732755
203,100,111,3,10.03,1,-0.01627193980321691
203,101,109,3,10.06,1,-0.016271678850464863
203,102,109,3,10.02,1,-0.016271417482046906
203,103,109,3,10.04,1,-0.016271455760259148
203,104,111,3,10.07,1,-0.016271464174260963
203,105,111,3,10.07,1,-0.016271085973392736
203,106,109,3,10.01,1,-0.01627081810334407
203,107,110,3,10.08,1,-0.016270694644613698
203,108,112,3,10.03,1,-0.016271074285863767
203,109,110,3,10.08,1,-0.016270822303538972
203,110,108,3,10.08,1,-0.016271001331646134
203,111,110,3,10.03,1,-0.016271086071025242
203,112,112,3,10.09,1,-0.01626982757755156
203,113,109,3,10.04,1,-0.016269977828231426
203,114,111,3,10.09,1,-0.01627005052727622
203,115,114,3,10.04,1,-0.01626998352769174
203,116,109,3,10.05,1,-0.016270936424032264
203,117,111,3,10.04,1,-0.016270851330445694
203,118,111,3,10.01,1,-0.01627055869379022
203,119,111,3,10.01,1,-0.016270348349133053
203,120,110,3,10.07,1,-0.016270183433185925
203,121,112,3,10.04,1,-0.01626891829073429
203,122,109,3,10.07,1,-0.01626867722343961
203,123,108,3,10.04,1,-0.01626906381850993
203,124,109,3,10.01,1,-0.016269175130703032
203,125,111,3,10.09,1,-0.01626945855851109
203,126,109,3,10.08,1,-0.01626956708934329
203,127,110,3,10.05,1,-0.016269819929518484
203,128,111,3,10.02,1,-0.016267400570549408
203,129,110,3,10.0,1,-0.01626865008676594
203,130,109,3,10.01,1,-0.016269572318420498
203,131,110,3,10.02,1,-0.016269529627805406
203,132,110,3,10.06,1,-0.01626971678977663
203,133,111,3,10.04,1,-0.016269465086159406
203,134,112,3,10.02,1,-0.016267611828100468
203,135,109,3,10.02,1,-0.016268421477134073
203,136,109,3,10.0,1,-0.016269245244767687
203,137,110,3,10.03,1,-0.01626914944499731
203,138,111,3,10.03,1,-0.01626881651647456
203,139,114,3,10.03,1,-0.016266998083314353
203,140,109,3,10.01,1,-0.01626686444249722
203,141,107,3,10.05,1,-0.01626725923095908
203,142,104,3,10.06,1,-0.01626648075090578
203,143,104,3,10.07,1,-0.016266554307479125
203,144,103,3,10.06,1,-0.01626621624364436
203,145,106,3,10.02,1,-0.016266773542705573
203,146,107,3,10.09,1,-0.016266391656109106
203,147,104,3,10.02,1,-0.016266194422944233
203,148,106,3,10.08,1,-0.016266383353691054
203,149,107,3,10.05,1,-0.016261915824262896
203,150,109,3,10.03,1,-0.01626275727576619
203,151,110,3,10.0,1,-0.016263461604037067
203,152,111,3,10.07,1,-0.01626262249978813
203,153,120,3,10.05,1,-0.0162631264111648
203,154,112,3,10.04,1,-0.016263504928377057
203,155,121,3,10.06,1,-0.01626360964430265
203,156,130,3,10.05,1,-0.0162611942165173
203,157,118,3,10.06,1,-0.016260497350940258
203,158,119,3,10.03,1,-0.016262192044313215
203,159,118,3,10.04,1,-0.016261939117211407
203,160,117,3,10.03,1,-0.016262966359400343
203,161,117,3,10.06,1,-0.01626237163431624
203,162,116,3,10.01,1,-0.016261595847277807
203,163,122,3,10.06,1,-0.01625851132586354
203,164,116,3,10.04,1,-0.016258825307133896
203,165,113,3,10.04,1,-0.016259336629800038
203,166,110,3,10.02,1,-0.01625971140509302
203,167,110,3,10.08,1,-0.016261136735027486
203,168,112,3,10.0,1,-0.016261578437739184
203,169,110,3,10.04,1,-0.016255725039677187
203,170,108,3,10.08,1,-0.016257424649127102
203,171,109,3,10.04,1,-0.01625772194783075
203,172,110,3,10.01,1,-0.01625751509246501
203,173,111,3,10.06,1,-0.016257712147660083
203,174,207,3,10.0,1,-0.01625242204841784
203,175,110,3,10.02,1,-0.016252864643254063
203,176,108,3,10.01,1,-0.016252582961762393
203,177,110,3,10.07,1,-0.016251623664389956
203,178,110,3,10.04,1,-0.016252612170170655
203,179,111,3,10.05,1,-0.016252646239491197
203,180,111,3,10.04,1,-0.016253500086095957
203,181,115,3,10.07,1,-0.016248765571609786
203,182,109,3,10.06,1,-0.016248678617657872
203,183,109,3,10.07,1,-0.01624895034169932
203,184,111,3,10.07,1,-0.016248865472572344
203,185,111,3,10.03,1,-0.016249016867027625
203,186,112,3,10.08,1,-0.016249074750313803
203,187,112,3,10.06,1,-0.016248832822644284
203,188,112,3,10.02,1,-0.016246385390071998
203,189,119,3,10.06,1,-0.016246322291989287
203,190,121,3,10.06,1,-0.01624652666370731
203,191,120,3,10.04,1,-0.01624652693669001
203,192,118,3,10.05,1,-0.016244934003610732
203,193,119,3,10.03,1,-0.016244871776644923
203,194,115,3,10.04,1,-0.01624488344658976
203,195,116,3,10.01,1,-0.01624490759046427
203,196,118,3,10.0,1,-0.01624494350625802
203,197,120,3,10.06,1,-0.01624496273385982
203,198,120,3,10.0,1,-0.016245372857277594
203,199,113,3,10.03,1,-0.016245567116194067
203,200,109,3,10.0,1,-0.0162425763016447
204,1,1000,3,4.89,3,-0.11220914374291897
204,2,1000,3,4.6,2,-0.11221009841561318
204,3,1000,4,4.68,2,-0.11221021570265294
204,4,1000,2,3.0,2,-0.11221038253605366
204,5,1000,4,4.05,2,-0.11221072030812503
204,6,1000,5,7.04,2,-0.11221078645437955
204,7,1000,4,4.37,2,-0.11221068812161684
204,8,1000,2,2.96,2,-0.11221082349121571
204,9,1000,1,2.62,2,-0.11221055048704147
204,10,1000,2,3.61,2,-0.11221074808388948
204,11,1000,3,6.17,6,-0.11221083249151707
204,12,1000,3,6.87,3,-0.11221087979525328
204,13,131,4,10.0,3,-0.11221124675437694
204,14,132,5,10.09,2,-0.11221152199714472
204,15,1000,3,3.85,1,-0.11221125794947147
204,16,1000,2,2.79,2,-0.11221113890409469
204,17,1000,2,4.94,7,-0.11221199697256089
204,18,132,4,10.08,3,-0.1122124231787342
204,19,1000,2,4.04,5,-0.11221230117231608
204,20,1000,2,3.78,5,-0.11221306481212377
204,21,1000,4,5.01,3,-0.11221304258704186
204,22,120,4,10.05,3,-0.112212383809189
204,23,138,5,10.07,3,-0.11221327465297519
204,24,126,4,10.04,2,-0.11221346673038271
204,25,114,3,10.02,3,-0.1122142270599541
204,26,1000,5,9.38,3,-0.11221431236714124
204,27,127,4,10.07,3,-0.11221440682026344
204,28,1000,3,7.26,5,-0.11221405243873596
204,29,912,3,10.0,6,-0.11221431181030839
204,30,258,5,10.01,3,-0.11221531371391097
204,31,265,5,10.03,2,-0.11221462007401124
204,32,124,4,10.0,6,-0.11221551011887289
204,33,125,4,10.08,6,-0.11221524453163147
204,34,133,5,10.04,3,-0.11221453211361304
204,35,129,5,10.03,3,-0.1122137736673503
204,36,126,4,10.01,3,-0.11221347560012152
204,37,120,3,10.05,10,-0.11221417933702468
204,38,112,4,10.04,17,-0.11221470909991435
204,39,1000,3,7.97,3,-0.1122148250862956
205,1,1000,3,5.07,3,0.10233072419464588
205,2,1000,3,4.33,3,0.10233148854225874
205,3,1000,3,5.5,4,0.10233205787837506
205,4,1000,3,7.57,3,0.10233246547728778
205,5,1000,3,8.01,3,0.10233298929780722
205,6,1000,2,4.48,3,0.10233269423991442
205,7,406,4,10.0,4,0.10233295503361471
205,8,1000,3,4.69,2,0.1023340430855751
205,9,1000,2,3.99,3,0.10233462568372488
205,10,1000,2,3.75,5,0.10233490698784589
205,11,1000,2,4.32,8,0.10233509152382612
205,12,1000,2,3.87,2,0.1023356948569417
205,13,1000,2,4.52,4,0.1023354786708951
205,14,1000,3,8.52,3,0.10233576006442309
205,15,1000,3,6.32,2,0.10233623821288347
205,16,1000,4,8.28,2,0.10233660439401865
205,17,368,4,10.0,2,0.10233655262171575
205,18,1000,2,3.25,2,0.10233683224767447
205,19,1000,5,4.04,2,0.10233699131757021
206,1,1000,3,5.1,3,-0.01701734283193946
206,2,1000,3,3.58,2,-0.017015790667384862
206,3,1000,3,3.46,1,-0.017016573924571277
206,4,1000,3,4.52,3,-0.017015771938487887
206,5,1000,3,5.16,1,-0.0170143652074039
206,6,130,3,10.08,2,-0.01701520694276461
206,7,1000,2,8.8,11,-0.01701504378952086
206,8,1000,3,5.5,3,-0.017013766920194028
206,9,1000,3,4.34,1,-0.01701340274512768
206,10,1000,3,7.96,2,-0.017013277569785715
206,11,114,3,10.06,3,-0.01701399244433432
206,12,129,3,10.03,2,-0.017012926800421966
206,13,1000,2,8.81,11,-0.01701273566298187
206,14,116,3,10.06,7,-0.017011961241349065
206,15,127,4,10.09,4,-0.017012193813685357
206,16,1000,3,5.17,2,-0.017011087408289313
206,17,1000,3,4.7,1,-0.01701027307473123
206,18,1000,3,5.3,1,-0.017009363386780024
206,19,122,3,10.06,5,-0.01700949288721456
206,20,194,4,10.02,3,-0.017008105340922616
206,21,90,4,10.06,3,-0.01700800849745671
206,22,1000,3,6.11,2,-0.0170060417316854
206,23,153,3,10.07,2,-0.017004563600993623
206,24,1000,1,2.69,2,-0.01700106604024768
206,25,1000,1,2.97,5,-0.017001464519649744
207,1,1000,3,5.01,3,0.12689852291345596
207,2,1000,3,5.42,3,0.1269003979563713
207,3,1000,3,8.18,5,0.12690137208998203
207,4,1000,3,5.95,3,0.12690245920419693
207,5,1000,3,4.85,2,0.12690355937182904
207,6,1000,3,7.76,5,0.1269040057361126
207,7,736,4,10.0,6,0.12690502891074057
207,8,1000,3,7.23,4,0.12690706408023833
207,9,1000,3,3.74,1,0.1269089320152998
207,10,1000,3,3.68,1,0.12691065445542335
207,11,1000,3,8.46,5,0.12691085562109947
207,12,1000,3,7.28,4,0.12691033966839313
207,13,1000,3,6.33,2,0.12691206936538219
207,14,1000,3,4.2,2,0.12691424064338208
207,15,1000,3,3.61,1,0.1269167481958866
207,16,1000,1,2.54,1,0.1269213855266571
208,1,1000,3,5.02,3,-0.08016360998898744
208,2,1000,3,3.72,2,-0.08016401872038842
208,3,1000,2,3.06,2,-0.08016364181786775
208,4,1000,2,3.66,4,-0.08016406508535147
208,5,1000,2,4.53,3,-0.08016395193338394
208,6,1000,2,2.9,3,-0.08016350872814655
208,7,1000,1,2.55,1,-0.08016379177570343
208,8,1000,2,4.3,4,-0.08016352761536837
208,9,1000,2,2.94,3,-0.08016319519281387
208,10,1000,2,3.9,5,-0.08016342440247536
208,11,1000,2,3.9,3,-0.08016324483603239
208,12,1000,2,3.29,3,-0.08016337289661168
208,13,715,5,10.0,4,-0.08016350074456288
208,14,160,5,10.06,1,-0.08016471853479742
208,15,1000,3,4.26,3,-0.0801637759283185
208,16,1000,3,5.93,3,-0.08016314179450273
208,17,1000,2,4.06,3,-0.08016318935155868
208,18,1000,2,4.23,5,-0.08016343365609646
208,19,1000,4,9.56,5,-0.08016289012134076
208,20,175,4,10.04,7,-0.08016314851386207
208,21,119,4,10.03,3,-0.08016326184533223
208,22,137,5,10.01,3,-0.08016222584856687
208,23,144,6,10.05,3,-0.08016414298779434
208,24,143,4,10.07,3,-0.08016468532435544
208,25,1000,3,4.82,2,-0.08016417361050844
208,26,1000,3,9.82,7,-0.08016472805291414
208,27,1000,3,7.92,8,-0.08016492805629968
208,28,143,5,10.1,2,-0.08016510708973958
208,29,1000,4,5.07,3,-0.0801649719774723
208,30,188,4,10.01,3,-0.0801655150791432
208,31,1000,2,5.27,7,-0.08016532596200704
208,32,1000,3,6.47,2,-0.0801654017791152
208,33,105,4,10.03,3,-0.08016535412697565
208,34,1000,2,9.13,5,-0.08016432517021894
209,1,1000,3,5.11,3,-0.048613500639796255
209,2,1000,3,5.5,3,-0.04861367632076144
209,3,1000,3,4.95,2,-0.04861401096358895
209,4,1000,2,3.57,3,-0.04861416383087635
209,5,1000,3,4.01,3,-0.0486146041713655
209,6,1000,2,3.25,2,-0.0486156798414886
209,7,1000,2,3.96,4,-0.04861560744792223
209,8,1000,2,3.21,2,-0.04861617230996489
209,9,1000,5,7.56,3,-0.04861697140708566
209,10,1000,4,4.28,2,-0.048617869418114426
209,11,1000,4,3.82,2,-0.048619291830807924
209,12,1000,1,2.73,3,-0.048620425667613744
209,13,1000,2,2.84,1,-0.04861925760656595
209,14,1000,4,5.01,1,-0.04862065509334207
209,15,1000,2,2.86,1,-0.04861975909769535
209,16,1000,4,7.55,1,-0.04861875835061073
209,17,1000,5,7.22,3,-0.04861875085905194
209,18,1000,4,6.53,1,-0.04861852185800672
209,19,125,5,10.06,5,-0.0486187205016613
209,20,149,4,10.01,10,-0.04861764624814859
209,21,114,5,10.05,3,-0.04861707501766974
209,22,1000,5,7.64,1,-0.04861702699586749
209,23,131,5,10.08,2,-0.048617160672904884
209,24,122,5,10.04,1,-0.04861738822865681
209,25,135,3,10.04,6,-0.04861721675153132
209,26,121,4,10.03,3,-0.04861696387741191
209,27,123,4,10.08,3,-0.04861718228435129
209,28,119,4,10.03,3,-0.04861718259689187
209,29,131,5,10.03,2,-0.04861685591003367
209,30,497,5,10.0,2,-0.04861621063210115
209,31,136,6,10.06,3,-0.04861602485727738
209,32,116,4,10.09,3,-0.048616352812226475
209,33,172,5,10.0,2,-0.04861643273643283
209,34,537,5,10.0,1,-0.04861649386654131
209,35,1000,6,7.75,3,-0.04861646386235952
209,36,800,4,10.0,4,-0.048614528249017894
209,37,106,3,10.03,4,-0.048614904249332985
209,38,128,3,10.05,11,-0.04861526712193154
209,39,125,5,10.01,3,-0.0486157096028328
209,40,119,5,10.33,3,-0.04861548762111103
209,41,122,4,10.02,5,-0.04861592705987516
209,42,127,5,10.09,3,-0.0486172574066271
209,43,148,6,10.08,1,-0.048618108990627365
209,44,1000,4,7.75,3,-0.0486133816242218
209,45,1000,2,4.81,6,-0.048612535513937474
209,46,1000,2,4.17,6,-0.048613436192274095
209,47,1000,3,7.64,4,-0.048614387534558774
209,48,1000,1,2.7,2,-0.04861292444169521
210,1,1000,3,5.19,3,0.10141254071891308
210,2,1000,3,4.84,2,0.10141306388378143
210,3,1000,4,6.23,3,0.10141362742334604
210,4,1000,2,3.31,3,0.10141353449225425
210,5,1000,2,3.21,6,0.10141348834335805
210,6,1000,3,3.54,3,0.1014136974439025
210,7,1000,1,2.71,2,0.10141407427191734
210,8,1000,1,3.16,7,0.10141411923617125
210,9,1000,2,4.3,5,0.10141414976119995
210,10,1000,2,3.04,1,0.10141447787731886
210,11,175,5,10.0,5,0.10141435376235416
210,12,1000,3,4.69,3,0.1014141130298376
210,13,1000,2,2.85,2,0.1014151458144188
210,14,1000,2,3.87,3,0.10141537003964186
210,15,1000,2,4.82,5,0.10141569323837757
210,16,1000,2,4.16,3,0.10141568566858769
210,17,1000,3,7.18,3,0.10141545705497265
210,18,1000,3,4.18,2,0.10141493244469166
210,19,593,4,10.0,3,0.1014153540486228
210,20,1000,3,4.89,3,0.1014154927432537
210,21,1000,2,4.59,6,0.10141588541865348
210,22,1000,2,3.57,3,0.10141571069508791
210,23,120,4,10.05,6,0.10141568363954624
210,24,1000,4,5.64,5,0.10141603399068116
210,25,1000,3,5.74,2,0.10141571906208992
210,26,1000,4,6.03,3,0.10141565570235253
210,27,1000,4,7.83,6,0.10141547557711601
210,28,1000,4,6.24,1,0.10141599675267934
210,29,1000,4,3.62,2,0.10141630813479424
210,30,1000,3,4.13,6,0.10141671092808247
210,31,1000,4,4.7,6,0.10141715770959854
210,32,1000,5,6.49,4,0.10141796655952931
210,33,1000,4,4.28,1,0.10141780848801137
210,34,1000,2,3.32,1,0.10141821877658368
210,35,617,4,10.0,4,0.10141867762688106
210,36,122,4,10.06,9,0.10141914441693024
210,37,1000,4,5.78,1,0.10141972830891609
210,38,1000,4,9.71,5,0.10142018434405327
210,39,135,4,10.09,8,0.1014206885739609
210,40,125,4,10.0,4,0.10142105096578598
210,41,1000,7,9.0,2,0.10142096219211817
210,42,1000,3,4.5,3,0.10142074213922024
210,43,1000,3,3.45,1,0.10142091081291438
210,44,1000,4,6.0,3,0.10142106540501118
210,45,1000,4,4.92,2,0.10142108218371867
210,46,1000,2,2.77,2,0.10142267789691686
210,47,1000,2,3.35,4,0.10142364574223757
210,48,1000,1,2.7,2,0.10142453296482563
211,1,1000,3,5.04,3,-0.08723902495205402
211,2,1000,3,5.14,3,-0.08724004488438368
211,3,1000,4,5.82,3,-0.08724157540500165
211,4,1000,2,2.82,2,-0.08724317420274019
211,5,1000,5,5.27,6,-0.08724456909298897
211,6,133,5,10.03,3,-0.0872458759555243
211,7,109,4,10.06,2,-0.08724800880075595
211,8,1000,4,6.35,1,-0.08724819362908602
211,9,1000,2,3.05,1,-0.08724858393520117
211,10,1000,3,4.07,1,-0.08724921841919422
211,11,117,4,10.04,1,-0.0872500827933988
211,12,1000,2,6.44,11,-0.08725111386924982
211,13,127,4,10.03,3,-0.08725005939720183
211,14,140,5,10.06,4,-0.08725092065121447
211,15,1000,4,6.51,3,-0.08725272893905639
211,16,1000,4,8.19,3,-0.08725409316271543
211,17,215,5,10.08,3,-0.08725502387035725
211,18,161,5,10.04,3,-0.08725434240902433
211,19,136,4,10.04,3,-0.0872564660385251
211,20,122,4,10.08,4,-0.08725535185610661
211,21,1000,4,6.17,3,-0.08725616570562124
211,22,1000,2,3.81,3,-0.08725646083801984
211,23,121,4,10.04,2,-0.08725263480066268
211,24,287,5,10.0,1,-0.08725344072962472
211,25,126,4,10.0,3,-0.08725466744767295
211,26,119,4,10.07,7,-0.08725444697031454
211,27,118,4,10.07,2,-0.08725447100350413
211,28,1000,4,8.75,7,-0.08725465805828571
211,29,136,4,10.05,6,-0.08725561732974123
211,30,145,6,10.09,1,-0.0872572798667283
211,31,1000,4,5.15,3,-0.08725756277143955
211,32,1000,4,7.69,19,-0.0872581127807498
211,33,108,4,10.02,3,-0.08725789189338684
211,34,1000,3,4.38,3,-0.08725821027159691
211,35,1000,3,5.04,2,-0.08725897868722678
211,36,132,5,10.05,2,-0.08725932985544205
211,37,1000,1,3.43,11,-0.087259297080338
211,38,1000,1,3.02,6,-0.08725915369391442
211,39,1000,1,2.87,4,-0.08725966703891753
211,40,1000,2,3.47,2,-0.0872598803639412
211,41,1000,2,3.03,3,-0.0872603124305606
211,42,1000,1,2.54,1,-0.08726124465465546
211,43,1000,2,2.63,1,-0.08726104348897934
211,44,1000,1,2.66,2,-0.08725995399057865
212,1,1000,3,5.0,3,0.07101968991011381
212,2,1000,3,4.4,2,0.07102040069550276
212,3,1000,3,3.13,1,0.07102119725942611
212,4,1000,2,3.11,1,0.07102134524285793
212,5,1000,3,4.08,2,0.07102140927314758
212,6,1000,4,6.38,3,0.07102214469760657
212,7,1000,3,4.25,4,0.07102246008068323
212,8,1000,3,3.19,2,0.07102376079559326
212,9,1000,2,2.99,3,0.07102433156222104
212,10,1000,2,2.85,2,0.07102481377869845
212,11,1000,2,3.0,1,0.07102429417520761
212,12,1000,4,6.93,3,0.0710247238650918
212,13,1000,3,7.03,4,0.07102537906914949
212,14,389,7,10.05,3,0.07102625799822623
212,15,820,5,10.0,6,0.07102712704459342
212,16,1000,4,5.66,3,0.07102803743630648
212,17,1000,1,2.72,3,0.07102840320765973
212,18,1000,3,4.3,4,0.07102966908365488
212,19,1000,2,3.9,3,0.07103026819974184
212,20,1000,5,9.18,4,0.0710325174331665
212,21,814,4,10.0,5,0.0710334503881322
212,22,261,4,10.08,10,0.0710330148766324
212,23,1000,4,8.08,2,0.07103339336067438
212,24,1000,5,5.56,3,0.0710325111746788
212,25,1000,4,3.54,2,0.07103130763024092
213,1,1000,3,4.9,3,0.13415025971829891
213,2,1000,3,3.34,2,0.13414980144798755
213,3,1000,2,3.23,3,0.134149264767766
213,4,1000,2,3.73,5,0.13414890828728676
213,5,1000,4,6.68,4,0.13414912705123425
213,6,1000,3,3.43,4,0.1341485370248556
213,7,1000,4,5.68,4,0.134148166552186
213,8,1000,4,5.76,3,0.13414814923703672
213,9,1000,2,3.71,4,0.13414857015013695
213,10,1000,3,4.77,2,0.13414836570620536
213,11,296,5,10.07,3,0.13414834047088753
213,12,1000,4,4.64,1,0.13414756093919278
213,13,1000,2,3.77,3,0.13414590385556222
213,14,1000,2,4.26,7,0.1341461600959301
213,15,1000,1,2.67,3,0.13414653766155243
213,16,1000,2,7.58,7,0.1341464179456234
213,17,123,4,10.06,5,0.1341464695164828
213,18,1000,4,7.13,3,0.13414665116369726
213,19,1000,4,7.37,3,0.1341479115486145
213,20,149,4,10.06,5,0.13414664726529346
213,21,129,5,10.03,3,0.13414800201737603
213,22,115,4,10.07,6,0.13414999544620515
213,23,223,4,10.05,4,0.13414975399393672
213,24,1000,2,6.19,4,0.1341499416232109
213,25,135,3,10.01,10,0.13415041532781388
213,26,1000,2,4.08,3,0.1341501566618681
213,27,118,4,10.06,3,0.13414960480847601
213,28,1000,1,3.14,8,0.13415027984976768
213,29,1000,1,3.59,13,0.13414596036076545
213,30,1000,1,3.66,14,0.1341459015905857
213,31,1000,1,2.78,4,0.13414581814408302
213,32,1000,1,2.79,4,0.13413907971978187
213,33,1000,3,7.66,5,0.134142109811306
213,34,1000,2,6.99,4,0.1341414253860712
214,1,1000,3,4.99,3,0.016371901793405412
214,2,1000,3,4.75,3,0.01637370803579688
214,3,1000,3,7.08,4,0.016374912736937405
214,4,1000,4,8.65,5,0.016375677708536387
214,5,1000,4,5.98,3,0.0163756529353559
214,6,1000,3,4.82,2,0.016375925885513426
214,7,171,3,10.0,4,0.016376327930225268
214,8,406,4,10.0,5,0.01637740035912967
214,9,1000,4,8.44,3,0.016377059951424598
214,10,1000,4,6.53,2,0.016377078030258417
214,11,871,4,10.0,4,0.01637776249679646
214,12,187,4,10.08,6,0.016376754338728552
214,13,1000,3,3.76,3,0.01637721425667405
214,14,1000,3,5.34,3,0.016377946915104986
214,15,1000,2,3.5,2,0.016376435238867997
214,16,1000,2,4.08,3,0.01637652009539306
214,17,448,4,10.0,3,0.016376222762378996
214,18,1000,4,7.59,2,0.016376644333824516
214,19,1000,5,9.04,3,0.01637717834673822
214,20,1000,1,2.77,4,0.016376724191009998
214,21,1000,2,4.62,5,0.016377244796603917
214,22,1000,2,3.77,3,0.016377904439345004
214,23,1000,2,2.81,1,0.01637828653305769
214,24,318,3,10.0,4,0.01637832420356806
214,25,1000,2,4.57,4,0.016378536865115166
214,26,1000,2,6.7,8,0.016379432186484338
214,27,140,4,10.06,8,0.016377366653510503
214,28,1000,2,4.89,7,0.016377329736948013
214,29,1000,3,8.1,7,0.016377143610268832
214,30,1000,3,7.82,7,0.016377186100929975
214,31,1000,3,3.61,1,0.01637674738653004
214,32,1000,3,3.58,1,0.016376558922231197
214,33,1000,3,5.82,3,0.016376662600785494
214,34,1000,3,6.37,3,0.016377150421962142
214,35,1000,3,3.61,1,0.01637863683514297
214,36,1000,3,4.75,4,0.01637783564068377
214,37,1000,2,2.78,1,0.016380142141133546
214,38,1000,2,3.14,2,0.016380857469514013
214,39,1000,3,5.25,5,0.01638074889034033
214,40,1000,1,2.91,5,0.016381310544908045
214,41,1000,3,4.77,3,0.016381646770983936
214,42,1000,3,5.19,4,0.01638237534277141
214,43,1000,1,2.5,1,0.016378359869122505
215,1,1000,3,5.08,3,0.07037876734882594
215,2,1000,3,4.76,2,0.07038009557873011
215,3,1000,3,3.69,2,0.07038096795231104
215,4,1000,3,3.22,1,0.07038138855993747
215,5,1000,3,3.84,4,0.0703819623887539
215,6,1000,3,2.91,1,0.07038248149305582
215,7,1000,3,2.94,2,0.07038313936442137
215,8,1000,3,3.76,5,0.0703840351626277
215,9,1000,3,4.37,1,0.07038510048389435
215,10,144,6,10.05,4,0.0703859680539204
215,11,609,6,10.0,3,0.07038652899327928
215,12,1000,6,4.49,1,0.07038721941411495
215,13,1000,2,4.09,4,0.07038610149919987
215,14,1000,3,4.6,4,0.07038637393712997
215,15,1000,3,4.59,4,0.07038725542277098
215,16,504,4,10.0,1,0.07038809305855206
215,17,132,4,10.08,7,0.07038898884572765
215,18,137,5,10.08,2,0.07038972254869712
215,19,138,4,10.08,4,0.07039027769064558
215,20,115,3,10.07,10,0.07039130239383035
215,21,122,3,10.04,12,0.07039197308362508
215,22,114,3,10.06,3,0.0703927564777826
216,1,1000,3,4.93,3,0.050211256958544254
216,2,1000,3,3.51,2,0.05021186891943216
216,3,1000,3,4.81,2,0.05021275735646486
216,4,1000,2,2.8,1,0.05021349213272333
216,5,1000,2,2.87,1,0.0502132427804172
216,6,1000,2,3.03,1,0.05021329582482576
216,7,1000,2,2.89,1,0.05021308867633343
216,8,1000,2,3.39,2,0.05021384072303772
216,9,1000,1,2.79,4,0.05021298946812749
216,10,1000,2,4.84,6,0.05021289271116257
216,11,1000,1,2.72,3,0.050213180962949994
216,12,1000,2,4.12,3,0.050211892895400526
216,13,1000,2,3.18,4,0.050211495660245416
216,14,1000,2,4.49,5,0.05021138878911734
216,15,1000,1,2.7,3,0.05021163849160075
216,16,1000,1,2.7,3,0.05021144902333617
216,17,1000,2,4.28,5,0.05021162530779839
216,18,1000,2,4.05,3,0.0502114001698792
216,19,1000,2,6.69,5,0.050212153904139994
216,20,1000,2,4.64,5,0.050211896810680626
216,21,1000,3,8.25,3,0.050211470127105716
216,22,125,4,10.02,3,0.050210511416196826
216,23,1000,5,9.68,1,0.050211120780557394
216,24,1000,4,7.15,4,0.05021180415153503
216,25,1000,2,3.09,1,0.05021082851290703
216,26,1000,3,7.34,5,0.05021110479906201
216,27,1000,1,2.82,4,0.05021051624417305
216,28,1000,1,2.69,2,0.050210773020982744
216,29,1000,2,3.57,3,0.05021083605289459
216,30,1000,1,2.77,3,0.05021103813871741
216,31,1000,2,3.91,3,0.05021051450073719
216,32,466,4,10.0,3,0.050209690908633586
216,33,1000,2,3.26,2,0.05020984830707312
216,34,1000,1,3.34,9,0.05021023191511631
216,35,115,3,10.0,6,0.05021023691996284
216,36,1000,2,6.29,5,0.05021005556359887
216,37,1000,2,5.86,5,0.050209938894957305
216,38,1000,5,8.93,3,0.05020927882567048
216,39,1000,3,3.04,2,0.05020901899039745
216,40,1000,1,3.12,7,0.0502091486826539
216,41,1000,4,5.99,4,0.050209532175213095
216,42,1000,3,4.16,4,0.05020976678282023
216,43,1000,1,2.65,2,0.05020993830263615
216,44,1000,1,2.78,3,0.050209790095686914
216,45,1000,1,2.66,2,0.05021007569879293
216,46,1000,1,2.79,3,0.05021028812974691
216,47,1000,4,3.21,3,0.05021080812811852
216,48,1000,1,3.05,6,0.05021123825758696
216,49,1000,4,3.86,2,0.050211126249283554
216,50,1000,1,2.62,2,0.05021144781261683
217,1,1000,3,5.09,3,0.10728500040620566
217,2,1000,3,5.73,3,0.10728464848548173
217,3,1000,3,7.64,3,0.10728494374454021
217,4,1000,3,9.49,8,0.10728466085344553
217,5,1000,3,5.16,3,0.10728464283049106
217,6,1000,3,4.45,3,0.10728429693728686
217,7,1000,2,3.05,3,0.1072838778719306
217,8,1000,3,5.63,5,0.10728409618884326
217,9,141,5,10.01,3,0.10728364057363347
217,10,1000,4,6.92,5,0.10728409340232611
217,11,121,4,10.04,4,0.10728372239376888
217,12,138,6,10.06,3,0.10728359875687654
217,13,214,6,10.05,3,0.10728290109573124
217,14,141,5,10.01,6,0.10728182833879552
217,15,1000,4,4.57,1,0.10728137638419867
217,16,1000,4,4.61,1,0.10728055471926927
217,17,1000,4,4.52,1,0.10728031603246928
217,18,1000,4,5.66,2,0.10727942300587892
217,19,1000,2,3.62,3,0.10727921798080206
217,20,1000,3,5.79,5,0.1072800926566124
217,21,1000,3,5.06,2,0.10727859714627266
217,22,118,3,10.07,15,0.10727728934863866
217,23,1000,2,5.68,5,0.10727578347176313
217,24,1000,1,3.07,6,0.10727500710636377
217,25,1000,3,7.01,3,0.10727672355622053
217,26,1000,3,4.29,1,0.10727356588840485
217,27,1000,3,4.38,2,0.10727479082345963
217,28,1000,2,3.62,3,0.10727408820390702
217,29,1000,2,2.89,1,0.10727307759225368
217,30,1000,2,2.91,1,0.10727288176119328
217,31,1000,2,4.55,3,0.10727187238633633
217,32,1000,2,3.63,3,0.1072731632962823
217,33,1000,3,3.73,1,0.10727174369990826
217,34,1000,3,9.34,3,0.10726991190761327
217,35,1000,4,8.21,3,0.10726808279752731
217,36,1000,3,7.04,7,0.1072659907117486
217,37,1000,4,8.86,7,0.10726510777324438
217,38,1000,3,5.82,6,0.10726279909908772
217,39,136,6,10.01,5,0.10726491120808265
217,40,1000,5,8.52,1,0.10726431393623352
217,41,134,5,10.03,5,0.10726269523599255
217,42,114,6,10.06,1,0.10726691900115264
217,43,1000,5,4.61,1,0.1072674812823534
217,44,1000,4,5.02,3,0.10726454344391823
217,45,1000,4,5.77,4,0.10726424437761307
217,46,1000,3,3.23,3,0.10726421898603439
217,47,1000,3,3.1,1,0.10726347368955612
217,48,1000,3,3.06,1,0.10725993271172046
217,49,1000,3,3.12,1,0.10725688262283802
217,50,1000,3,3.06,1,0.10725631159543991
217,51,1000,3,2.95,1,0.10725419633835555
217,52,1000,0,2.54,0,0.10725461691617966
218,1,1000,3,5.01,3,0.04079879176989198
218,2,1000,3,3.74,3,0.04079990940913558
218,3,1000,2,2.95,2,0.04080082369223237
218,4,1000,3,3.12,2,0.040801002699881794
218,5,1000,1,2.6,2,0.040800565034151075
218,6,1000,2,3.74,3,0.04080041204020381
218,7,1000,1,2.8,4,0.04080031395331025
218,8,1000,2,4.27,4,0.04080105325952172
218,9,144,5,10.09,3,0.04080172641099327
218,10,1000,5,5.38,3,0.04080149542912841
218,11,1000,2,4.09,6,0.040801235511898994
218,12,1000,1,2.95,6,0.04080128850787878
218,13,1000,1,2.68,3,0.04080102224647999
218,14,1000,2,3.5,4,0.04080194602534175
218,15,1000,3,6.23,4,0.040802016861736776
218,16,1000,4,4.15,2,0.040802192013710735
218,17,177,5,10.05,5,0.0408025028678657
218,18,140,4,10.06,3,0.040803026727267676
218,19,135,4,10.05,6,0.040803797570643605
218,20,138,5,10.0,4,0.04080396234665228
218,21,147,3,10.02,5,0.04080434701069682
218,22,1000,2,3.54,3,0.04080344211310148
218,23,1000,2,3.6,3,0.040803475379943846
218,24,1000,2,3.6,3,0.04080367325991392
218,25,1000,2,3.76,3,0.04080320489034057
218,26,1000,2,3.78,3,0.040803254730999466
218,27,1000,2,5.13,3,0.040803721379488705
218,28,128,4,10.09,4,0.040804889460559934
218,29,108,4,10.02,3,0.04080463204256914
218,30,122,4,10.02,4,0.040803307453628444
218,31,120,3,10.04,10,0.04080280773341656
218,32,123,4,10.03,7,0.04080371101333843
218,33,130,4,10.0,15,0.04080334234123047
218,34,1000,3,5.77,17,0.0408034898750484
218,35,377,2,10.0,17,0.04080379020116374
218,36,134,4,10.03,8,0.04080442289140687
218,37,137,3,10.08,10,0.04080425716773437
218,38,1000,3,3.89,1,0.04080480620637536
218,39,237,5,10.01,3,0.04080547892217395
218,40,117,4,10.09,4,0.0408058100594924
218,41,112,3,10.03,8,0.04080532331551824
218,42,121,5,10.05,3,0.04080598179466468
218,43,115,4,10.04,5,0.040805997019228726
219,1,1000,3,4.99,3,0.09469788821041585
219,2,1000,3,2.94,2,0.09469788625836373
219,3,1000,3,4.66,2,0.09469778002798557
219,4,1000,3,4.01,2,0.09469855015724897
219,5,1000,3,3.56,1,0.09469950801879168
219,6,1000,4,3.93,1,0.09469966822117568
219,7,1000,4,3.95,1,0.09469989152997732
219,8,1000,3,3.27,1,0.09470031105726957
219,9,1000,4,6.04,1,0.09470040129870176
219,10,1000,4,5.81,1,0.09470115647464991
219,11,1000,4,8.49,1,0.09470115764439106
219,12,146,4,10.07,1,0.09470101338747429
219,13,1000,3,6.03,1,0.09470211940258741
219,14,1000,2,3.43,1,0.09470256220549345
219,15,1000,3,8.44,1,0.09470249634981155
219,16,1000,3,6.37,2,0.09470334111899137
219,17,1000,3,7.95,2,0.0947047991529107
219,18,1000,2,4.26,5,0.09470414140820503
219,19,1000,2,5.83,4,0.09470430085062981
219,20,1000,2,5.65,4,0.09470502493530512
219,21,1000,2,5.78,5,0.09470492282509804
219,22,1000,2,5.58,5,0.094705620855093
219,23,1000,2,7.55,5,0.094708267852664
219,24,117,4,10.06,3,0.09470807372504829
219,25,124,4,10.07,13,0.09470909467387584
219,26,123,5,10.04,3,0.09470998435243358
219,27,1000,4,8.98,1,0.09471031571179628
219,28,250,4,10.02,5,0.09471095892786979
220,1,1000,3,5.18,3,0.0476397706232965
220,2,1000,3,4.79,3,0.047639976486563686
220,3,1000,3,3.36,1,0.047639943294227126
220,4,1000,4,3.41,3,0.047639909088611605
220,5,1000,2,2.71,1,0.047639921218156814
220,6,1000,2,2.84,1,0.04764030630141497
220,7,1000,2,3.6,2,0.04764055166393519
220,8,1000,2,3.56,2,0.04764054518193007
220,9,1000,3,4.27,2,0.0476409115716815
220,10,1000,3,4.46,2,0.04764103709161282
220,11,126,5,10.04,4,0.04764108791474312
220,12,1000,4,6.63,2,0.0476407808214426
220,13,140,5,10.09,1,0.04764070835496698
220,14,1000,3,5.96,3,0.04764138595759869
220,15,1000,3,3.38,2,0.04764163391292095
220,16,1000,4,6.33,5,0.04764153602346778
220,17,158,5,10.07,3,0.047641978139364265
220,18,1000,4,5.03,2,0.04764248148351908
220,19,1000,4,4.26,1,0.047642588667571546
220,20,1000,4,3.48,1,0.0476425351575017
220,21,1000,3,5.4,3,0.04764301884919405
220,22,135,4,10.08,2,0.047643921717449474
220,23,113,4,10.04,3,0.047644503645401085
220,24,124,4,10.01,6,0.04764432066510762
220,25,1000,1,2.75,3,0.04764482434093952
220,26,1000,1,2.92,5,0.047644502863287926
220,27,1000,2,4.49,3,0.0476448407843709
220,28,1000,2,4.36,3,0.047644623782485726
220,29,1000,1,2.75,3,0.0476450777053833
220,30,1000,1,2.76,3,0.047644781574606894
220,31,1000,1,2.91,5,0.04764555233716965
220,32,1000,4,4.83,2,0.04764527963101864
220,33,1000,1,2.6,1,0.047645632177591324
221,1,1000,3,5.03,3,-0.018514781646430493
221,2,1000,3,4.7,2,-0.018513457749038936
221,3,1000,4,4.95,2,-0.018513103023171426
221,4,1000,3,3.73,2,-0.018512979524210094
221,5,1000,3,3.8,3,-0.018512556051835417
221,6,1000,2,3.01,3,-0.018511882463470103
221,7,1000,3,5.15,4,-0.01851121336594224
221,8,1000,3,4.31,4,-0.018510737106204034
221,9,1000,2,3.02,3,-0.018510717906057836
221,10,1000,3,4.42,3,-0.01851087700203061
221,11,1000,3,3.78,2,-0.01851054587587714
221,12,1000,3,4.98,4,-0.018510115392506122
221,13,1000,3,4.9,3,-0.018510276691988112
221,14,1000,4,3.15,1,-0.01851004526950419
221,15,1000,1,2.81,4,-0.01851001711934805
221,16,1000,1,2.82,4,-0.018510355532169342
221,17,1000,1,2.75,3,-0.018510168008506297
221,18,1000,1,2.7,3,-0.018510489974170923
221,19,1000,2,3.29,3,-0.01851022008433938
221,20,1000,3,9.88,4,-0.018509731018915773
221,21,1000,2,3.28,3,-0.01850948252901435
221,22,1000,2,3.08,2,-0.018509904326871038
221,23,1000,1,2.71,3,-0.018509516237303614
221,24,1000,4,5.71,3,-0.018508852578699587
221,25,1000,3,5.44,3,-0.018509280538186432
221,26,1000,1,2.8,4,-0.018509703483432532
221,27,1000,1,2.6,2,-0.018509049247950316
222,1,1000,3,5.02,3,0.03356278227642179
222,2,1000,3,5.86,3,0.03356088340654969
222,3,1000,4,5.17,1,0.033559789545834065
222,4,1000,4,5.21,1,0.03355890179425478
222,5,1000,4,5.23,1,0.03355781656876206
222,6,1000,4,5.26,1,0.033556926298886534
222,7,1000,4,5.2,1,0.03355667258799076
222,8,1000,4,5.26,1,0.03355604193359613
222,9,1000,4,5.2,1,0.03355533478409052
222,10,1000,4,5.31,1,0.033554493106901645
222,11,1000,4,5.12,1,0.03355404133349657
222,12,1000,4,5.16,1,0.03355412634089589
222,13,1000,4,5.26,1,0.033553502686321734
222,14,1000,4,5.16,1,0.033553287826478484
222,15,1000,4,5.25,1,0.03355251301452517
222,16,1000,4,5.22,1,0.03355210215598345
222,17,1000,4,5.14,1,0.03355206150189042
222,18,1000,4,5.21,1,0.033551685471087694
222,19,1000,4,5.22,1,0.0335514652505517
222,20,1000,4,5.3,1,0.03355057518184185
222,21,1000,4,5.23,1,0.033549993094056846
222,22,1000,4,5.24,1,0.0335492482855916
222,23,1000,4,5.22,1,0.03354936823621392
222,24,1000,4,5.23,1,0.033548966955393555
222,25,1000,4,5.24,1,0.033548154566437005
222,26,1000,4,5.11,1,0.033548067513853315
222,27,1000,4,5.26,1,0.03354706585779786
222,28,1000,4,5.24,1,0.033546243116259575
222,29,1000,4,5.2,1,0.033546109084039925
222,30,1000,4,5.16,1,0.033545584112405775
222,31,1000,4,5.13,1,0.03354488067701459
222,32,1000,4,5.2,1,0.033544547852128744
222,33,1000,4,5.11,1,0.03354421674832702
222,34,1000,4,5.13,1,0.03354348098486662
222,35,1000,4,5.17,1,0.033543096642941236
222,36,1000,4,5.22,1,0.03354237384721637
222,37,81,3,10.25,8,0.03353998547902814
222,38,1000,2,3.5,3,0.033535535145550965
222,39,1000,3,7.08,4,0.033535451851785185
222,40,152,3,10.07,3,0.03353568627253959
222,41,394,3,10.0,3,0.03353283704650886
222,42,131,5,10.07,4,0.03353156342761207
222,43,118,4,10.01,4,0.03353135082555019
222,44,110,3,10.08,3,0.03352997909215363
222,45,1000,4,6.04,5,0.033531317800283435
222,46,1000,4,9.12,4,0.03353201020136475
222,47,1000,1,3.29,9,0.03353268240764737
222,48,1000,2,6.2,8,0.033531709648668764
222,49,1000,2,9.06,9,0.03353196802735329
222,50,1000,2,5.42,8,0.03353142852708697
222,51,109,2,10.04,7,0.033531605923941374
222,52,114,3,10.06,10,0.03353185089010941
222,53,1000,2,4.67,6,0.03353119897842407
222,54,1000,2,3.57,3,0.033530849568545816
222,55,1000,2,4.31,5,0.03353061806038022
222,56,161,6,10.06,3,0.03352923781512687
222,57,1000,3,4.03,2,0.03352841841802001
222,58,134,5,10.07,4,0.03352735541872124
222,59,122,5,10.0,2,0.033527522760092236
222,60,114,4,10.03,2,0.03352730682021693
222,61,137,6,10.02,3,0.033526979985028287
222,62,136,5,10.06,3,0.033526953364558076
222,63,140,6,10.05,3,0.03352649323642254
222,64,136,5,10.03,3,0.03352546585066354
222,65,1000,4,8.57,3,0.033524706479161975
222,66,1000,4,6.64,3,0.0335242673009634
222,67,1000,3,3.8,2,0.03352391071990132
222,68,126,3,10.04,10,0.03352386516238016
222,69,106,3,10.07,8,0.0335243830351897
222,70,1000,1,3.84,15,0.033525785498321053
222,71,114,2,10.03,11,0.03352336333901213
223,1,1000,3,5.05,3,0.03028078728914261
223,2,1000,3,3.75,3,0.030281666688621044
223,3,1000,3,6.07,3,0.030282220434397458
223,4,1000,3,3.35,2,0.030283188994973897
223,5,1000,2,2.81,1,0.030284450739622115
223,6,1000,1,2.59,2,0.030285019854083658
223,7,1000,2,4.09,6,0.030285541420802475
223,8,1000,2,5.1,6,0.030285984380170702
223,9,124,4,10.06,4,0.03028668868806093
223,10,136,5,10.04,3,0.03028712554506081
223,11,122,4,10.04,3,0.030288073783893078
223,12,1000,4,7.52,4,0.03028795457445085
223,13,1000,1,2.9,5,0.03028824451752007
223,14,1000,2,3.33,2,0.030288345417007805
223,15,1000,2,6.01,4,0.030288273317739367
223,16,161,5,10.08,4,0.030288619804919138
223,17,144,5,10.05,3,0.030289690061989758
223,18,1000,4,6.2,1,0.03028985962085426
223,19,184,5,10.04,3,0.030289821033163564
223,20,140,4,10.07,2,0.03029016543711935
223,21,1000,3,4.09,3,0.03029010296985507
223,22,1000,2,5.23,2,0.03029006083868444
223,23,117,3,10.06,8,0.030291052121255133
223,24,134,4,10.06,2,0.030290713450357096
223,25,1000,4,7.13,4,0.03029042110592127
223,26,136,5,10.04,3,0.030290468609617913
223,27,622,5,10.0,2,0.030290450843895554
223,28,1000,3,4.96,7,0.030290842721238734
223,29,1000,4,5.1,2,0.030291152536869047
223,30,1000,4,6.55,2,0.030291122728958727
223,31,1000,2,3.56,4,0.030291962403804065
223,32,132,4,10.08,3,0.030291674785654654
223,33,119,5,10.03,3,0.030291348304442998
223,34,1000,5,6.55,3,0.030291437916457654
223,35,1000,2,5.33,8,0.030291749246418476
223,36,115,3,10.09,7,0.030291410972890648
223,37,1000,2,9.36,11,0.03029173190332949
223,38,1000,2,6.04,10,0.030291886193677783
223,39,1000,2,3.27,3,0.030291946541517973
223,40,1000,2,3.01,3,0.03029197156429291
223,41,155,4,10.05,3,0.030292101204395294
223,42,476,4,10.0,3,0.03029230492925193
223,43,1000,2,5.71,12,0.030292473312467337
223,44,1000,1,2.63,2,0.03029245447739959
223,45,1000,1,2.79,4,0.03029375205375254
223,46,1000,1,2.94,5,0.030293967278674245
223,47,1000,1,3.19,8,0.03029502324387431
223,48,1000,1,2.84,4,0.03029530872218311
223,49,1000,1,2.64,2,0.03029571011662483
223,50,1000,0,2.46,0,0.03029673360288143
223,51,1000,1,2.7,3,0.030296851705759763
223,52,1000,0,2.42,0,0.030297813937067986
223,53,1000,1,2.93,5,0.030297510067000984
223,54,117,3,10.05,4,0.030298292509510986
223,55,1000,1,2.91,5,0.030298129443079233
223,56,1000,1,4.24,19,0.03029979215376079
223,57,1000,1,3.54,11,0.03029843649081886
223,58,1000,1,2.6,2,0.03029850222170353
224,1,1000,3,5.09,3,0.04812002271786332
224,2,1000,3,3.66,2,0.048120334915816784
224,3,1000,3,3.85,3,0.04812069742381573
224,4,1000,3,3.1,3,0.048121078543365
224,5,1000,3,3.45,1,0.048121185835450886
224,6,1000,3,2.98,1,0.0481217602007091
224,7,1000,3,2.7,1,0.04812222719192505
224,8,1000,3,6.25,4,0.04812194567173719
224,9,167,5,10.03,3,0.04812302297639276
224,10,633,5,10.0,2,0.048124043320969194
224,11,1000,3,4.23,4,0.04812416312471032
224,12,143,5,10.03,4,0.04812404151250432
224,13,1000,2,4.57,7,0.04812375193834305
224,14,1000,2,4.97,4,0.04812321549654007
224,15,1000,3,7.23,5,0.048122712258249524
224,16,1000,2,5.34,8,0.048123604081571104
224,17,131,5,10.07,3,0.048123265268238444
224,18,124,5,10.01,4,0.04812297909971206
224,19,1000,4,7.67,2,0.048123129338026045
224,20,121,5,10.03,3,0.04812374061419944
224,21,1000,3,4.58,3,0.04812357973307371
224,22,100,4,10.02,4,0.04812350381165743
224,23,111,4,10.03,2,0.04812299473597123
224,24,151,5,10.02,4,0.04812253338118263
224,25,123,4,10.03,3,0.04812393292057805
224,26,112,4,10.03,3,0.04812129949485617
224,27,118,4,10.08,3,0.048121238443053375
224,28,1000,3,7.18,3,0.048122745480388404
224,29,1000,3,4.26,2,0.04812236053869128
224,30,114,3,10.02,9,0.04812064574083738
224,31,109,3,10.04,13,0.048121316785659264
224,32,123,4,10.03,4,0.048120719842552166
224,33,123,4,10.04,4,0.04812116833115981
224,34,830,4,10.0,2,0.04812286905495517
224,35,113,3,10.0,10,0.04812220922481697
224,36,109,3,10.09,7,0.04812188784873814
224,37,124,4,10.05,3,0.048120710247706984
225,1,1000,3,5.14,3,0.03159255456924438
225,2,1000,3,4.45,2,0.03159051359817386
225,3,1000,3,3.33,2,0.03159099584072828
225,4,1000,3,3.88,1,0.03159126768633723
225,5,1000,2,3.02,1,0.031590321261435746
225,6,1000,2,3.5,2,0.03158971038460732
225,7,1000,2,3.94,2,0.0315885925963521
225,8,1000,3,6.96,3,0.031588554751127956
225,9,1000,3,6.84,2,0.03158865447714925
225,10,1000,3,4.13,1,0.03158766252920032
225,11,1000,3,4.34,3,0.03158668595552445
225,12,1000,2,3.54,3,0.03158668277785182
225,13,171,5,10.05,3,0.03158634582981031
225,14,843,5,10.0,3,0.031586758204661794
225,15,1000,3,3.94,4,0.031584701981395485
225,16,1000,1,2.82,4,0.03158414149656892
225,17,1000,1,2.61,2,0.03158309578895569
225,18,1000,1,2.7,3,0.031583310030400755
226,1,1000,3,5.07,3,0.034955271329730746
226,2,1000,3,3.82,2,0.03495462680235505
226,3,1000,2,3.51,4,0.03495453271642327
226,4,1000,3,4.4,3,0.03495413303002715
226,5,1000,3,2.89,1,0.034954626582562924
226,6,1000,1,2.99,6,0.03495462365448475
226,7,1000,3,7.51,2,0.03495492742210626
226,8,1000,2,3.26,3,0.03495572915673256
226,9,1000,2,3.15,2,0.03495663673430681
226,10,1000,4,5.32,4,0.0349564006626606
226,11,1000,3,4.28,3,0.03495730882510543
226,12,1000,2,4.06,3,0.034956632521003485
226,13,1000,2,3.85,3,0.03495615264028311
226,14,1000,2,3.57,3,0.03495620818063617
226,15,1000,2,8.41,6,0.03495646326243877
226,16,573,3,10.0,4,0.03495776256055524
226,17,1000,6,6.84,3,0.03495953652635217
226,18,1000,2,3.36,2,0.034960066568106414
226,19,1000,1,2.7,3,0.03495964451506734
226,20,1000,1,2.75,3,0.0349589973166585
226,21,1000,2,4.32,5,0.0349592757076025
226,22,1000,2,3.73,12,0.034958976678550246
226,23,1000,3,5.48,2,0.03495865223184228
226,24,120,4,10.05,3,0.03495822002490361
226,25,1000,0,2.41,0,0.0349590927362442
227,1,1000,3,5.06,3,0.11608203029632569
227,2,1000,3,5.19,3,0.11608253873139619
227,3,1000,4,6.38,3,0.1160829834267497
227,4,1000,3,3.31,1,0.11608351715654135
227,5,1000,3,2.92,1,0.116083489716053
227,6,1000,2,3.01,3,0.11608357460796834
227,7,1000,5,6.26,2,0.11608339869976043
227,8,145,5,10.0,4,0.11608304478998842
227,9,1000,4,6.7,3,0.11608296139538288
227,10,1000,2,2.83,2,0.11608257655054331
227,11,1000,3,4.17,8,0.11608185045421124
227,12,1000,2,5.62,7,0.11608115091174841
227,13,1000,2,3.34,3,0.11608075775206089
227,14,1000,2,3.19,2,0.11608051600307226
227,15,1000,2,3.29,3,0.11608037017285824
227,16,1000,3,7.27,4,0.11608084397763013
227,17,1000,3,4.58,4,0.11607975408434867
227,18,633,4,10.0,5,0.11607945609196291
227,19,1000,4,5.39,3,0.11607917463034391
227,20,1000,4,5.97,3,0.11607889854162931
227,21,1000,5,5.41,3,0.11607978121936322
227,22,1000,4,3.5,1,0.11607885441184043
227,23,1000,4,7.3,3,0.11607897593080997
227,24,1000,2,3.24,3,0.11607816623151303
227,25,982,3,10.0,5,0.11607805429341352
227,26,1000,3,4.94,3,0.11607821076363325
227,27,1000,1,2.76,3,0.11607764498889446
227,28,1000,2,3.02,3,0.11607721241563558
227,29,1000,3,9.4,5,0.11607703743129968
227,30,1000,3,6.54,5,0.11607535709440708
227,31,1000,3,3.21,1,0.11607479093968869
227,32,1000,3,3.11,1,0.11607535928487778
227,33,1000,3,2.88,1,0.1160746668279171
227,34,1000,1,2.75,3,0.11607368121296167
227,35,1000,1,2.71,2,0.11607321101427079
227,36,1000,1,2.54,1,0.1160731241106987
227,37,1000,1,2.76,3,0.11607300433516503
227,38,1000,1,2.83,4,0.11607164020836354
228,1,1000,3,5.05,3,0.11848024105280638
228,2,1000,3,4.76,3,0.11848143434524536
228,3,1000,4,4.15,3,0.11848309646546841
228,4,1000,2,2.67,1,0.11848401496559381
228,5,1000,2,2.68,1,0.11848497555404902
228,6,1000,2,3.35,5,0.11848542649298906
228,7,1000,4,9.1,4,0.11848585346341133
228,8,1000,5,7.32,3,0.11848491283506155
228,9,121,3,10.02,5,0.118485042194197
228,10,112,3,10.06,4,0.11848611770463842
228,11,169,4,10.06,3,0.11848642315561249
228,12,290,4,10.0,3,0.11848754908504157
228,13,1000,4,9.71,3,0.11848756742477418
228,14,211,5,10.07,3,0.11848933917086271
228,15,1000,2,2.7,1,0.11849078009277582
228,16,1000,2,3.84,4,0.11849061884731055
228,17,587,3,10.0,8,0.11849107350868504
228,18,1000,3,5.92,3,0.11849174828082323
228,19,119,3,10.08,12,0.11849064761851014
228,20,112,4,10.04,3,0.11849214848397034
228,21,132,5,10.01,4,0.11849297972565348
228,22,1000,3,5.53,3,0.11849444807320833
228,23,1000,4,9.04,3,0.11849565787613392
228,24,119,5,10.07,3,0.11849566636716619
228,25,1000,5,8.68,3,0.11849669929593802
228,26,118,4,10.04,3,0.11849777394179571
228,27,1000,4,7.76,4,0.11849850060045719
228,28,1000,2,4.32,3,0.11849962559342385
228,29,120,5,10.02,3,0.11850109932323297
228,30,113,4,10.02,3,0.11850174556000043
228,31,123,5,10.02,3,0.11850381606235737
228,32,1000,3,6.86,3,0.11850575485825539
228,33,1000,3,9.46,3,0.11850723458826543
228,34,239,3,10.02,4,0.11850942337737423
228,35,1000,2,3.89,4,0.11851089668273926
228,36,1000,3,8.43,3,0.11851190336793661
228,37,1000,2,7.26,6,0.1185143214315176
228,38,1000,3,7.29,3,0.11851633334159851
229,1,1000,3,4.98,3,-0.10616002351790667
229,2,1000,3,3.88,2,-0.1061601713746786
229,3,1000,3,3.14,2,-0.10615990248322486
229,4,1000,2,2.75,2,-0.10616006854176521
229,5,1000,3,4.01,3,-0.10615998200327158
229,6,1000,3,3.29,2,-0.1061593978703022
229,7,1000,3,3.07,1,-0.10616057509928942
229,8,1000,2,3.19,2,-0.10616051857918501
229,9,1000,3,2.86,1,-0.10616108779609203
229,10,1000,5,8.12,3,-0.10616079603135586
229,11,1000,3,5.11,2,-0.10616092796623706
229,12,1000,1,2.68,3,-0.10616228479146958
229,13,1000,1,2.59,2,-0.10616228860616685
229,14,1000,1,3.11,8,-0.10616310548782348
229,15,1000,1,3.34,10,-0.10616337441653013
229,16,1000,2,4.59,4,-0.10616322654485702
229,17,120,4,10.07,3,-0.10616306085139512
229,18,125,6,10.01,8,-0.10616272747516632
229,19,121,5,10.02,2,-0.10616122469429143
229,20,1000,3,4.4,3,-0.10616003256291151
229,21,127,3,10.08,5,-0.1061595469478547
229,22,148,3,10.05,8,-0.10615945280202337
229,23,1000,2,4.56,6,-0.10615839674323797
229,24,1000,2,3.21,5,-0.10615820428729057
230,1,1000,3,5.06,3,0.0031956695634871722
230,2,1000,3,5.33,3,0.003195588944479823
230,3,1000,4,7.29,3,0.003195694712921977
230,4,1000,4,6.2,2,0.003196016373112798
230,5,1000,4,7.75,3,0.0031961889434605835
230,6,1000,3,8.4,3,0.003196307836100459
230,7,172,5,10.05,3,0.0031967853510015925
230,8,1000,4,8.53,2,0.003197425639256835
230,9,1000,3,6.35,2,0.0031980808209627867
230,10,112,3,10.07,5,0.0031982727481850554
230,11,132,3,10.07,3,0.0031987506345930424
230,12,1000,3,8.79,2,0.0031983615290373563
230,13,1000,2,4.31,2,0.0031982433069497346
230,14,1000,4,9.79,3,0.0031977424826472997
230,15,1000,3,4.82,2,0.003198274863883853
230,16,1000,2,3.6,3,0.00319913468696177
230,17,1000,2,4.34,2,0.00319890639744699
230,18,1000,2,3.99,2,0.003198766363784671
230,19,1000,3,6.53,2,0.0031986057218164206
230,20,1000,3,3.55,3,0.0031990221161395313
230,21,1000,3,5.9,2,0.0031988861989229915
230,22,1000,3,3.62,10,0.003198132457211614
230,23,149,4,10.01,4,0.003198443551004033
230,24,120,4,10.03,5,0.0031988300538311402
230,25,762,3,10.0,7,0.0031979409592798142
230,26,1000,3,5.4,2,0.0031988615114241837
230,27,1000,3,3.96,1,0.003199236361309886
230,28,384,4,10.0,4,0.0031995333556551486
230,29,1000,3,6.24,2,0.003199763277545571
230,30,1000,3,7.35,2,0.0031998455431312325
230,31,1000,3,4.51,2,0.003199645718559623
230,32,1000,3,5.38,2,0.0031996489260345696
230,33,1000,3,5.94,2,0.0032000251580029727
230,34,1000,3,8.65,9,0.003200163895264268
230,35,124,3,10.06,9,0.0032010096681093976
230,36,1000,3,4.86,3,0.003202200276777148
230,37,1000,3,4.95,3,0.0032021097224205733
230,38,206,5,10.03,3,0.0032016584283482393
230,39,150,5,10.05,7,0.003202378610149026
230,40,1000,4,4.45,1,0.0032032685820013286
230,41,1000,2,2.92,2,0.003204097529873252
230,42,1000,2,2.71,2,0.003205662155523896
231,1,1000,3,5.18,3,0.036787689860910175
231,2,1000,3,3.45,2,0.03678675987198949
231,3,1000,3,4.2,2,0.03678712345659733
231,4,1000,3,3.6,1,0.036787009734660384
231,5,1000,3,4.32,1,0.03678629481047392
231,6,1000,3,4.42,1,0.03678573849797249
231,7,1000,3,4.9,1,0.03678599206730723
231,8,1000,3,4.93,1,0.036785607546567914
231,9,1000,4,4.43,1,0.03678597368299961
231,10,1000,4,4.44,1,0.03678580748289823
231,11,1000,4,3.96,1,0.03678589243069291
231,12,1000,3,5.21,1,0.03678515132889151
231,13,1000,3,5.62,1,0.03678497727587819
231,14,1000,3,5.4,1,0.036784903693944215
231,15,1000,2,7.83,4,0.03678286212310195
231,16,1000,3,8.81,4,0.03678238860145211
231,17,119,4,10.09,4,0.03678310033278305
231,18,138,4,10.07,6,0.03678348449909169
231,19,115,4,10.04,5,0.03678401242131772
231,20,117,6,10.09,3,0.03678385852875873
231,21,118,4,10.01,2,0.03678378857419652
231,22,122,4,10.08,2,0.03678252074684276
231,23,108,4,10.07,1,0.03678195247495616
231,24,123,4,10.1,6,0.03678251339531526
231,25,113,4,10.04,3,0.036782230357680704
231,26,100,5,10.08,1,0.036783292703330514
231,27,656,4,10.0,3,0.036784199730879284
231,28,123,4,10.06,6,0.0367835999686059
231,29,109,3,10.06,5,0.03678317972963009
231,30,120,4,10.02,5,0.036781882587820294
232,1,1000,3,5.08,3,-0.08402886721491813
232,2,1000,3,3.81,3,-0.08402966191619635
232,3,1000,3,6.75,3,-0.0840298059731722
232,4,1000,3,7.95,3,-0.08403010700643063
232,5,1000,3,7.68,5,-0.08402991061657668
232,6,1000,4,7.43,3,-0.08403083389252425
232,7,1000,3,3.74,2,-0.08403183812648057
232,8,1000,3,9.75,3,-0.08403246007859706
232,9,1000,3,4.45,1,-0.08403195614367723
232,10,167,3,10.05,6,-0.084031888824737
232,11,638,4,10.0,3,-0.08403169652184349
232,12,1000,4,8.18,4,-0.08403171110898257
232,13,1000,4,4.05,1,-0.08403280890733003
232,14,1000,4,4.58,4,-0.08403342559188605
233,1,1000,3,5.16,3,0.08005495905131102
233,2,1000,3,5.07,3,0.0800545993000269
233,3,1000,3,8.27,3,0.0800543970093131
233,4,1000,3,8.45,5,0.08005407319962979
233,5,1000,3,6.12,3,0.08005433209985495
233,6,1000,3,3.45,1,0.0800539458245039
233,7,1000,3,4.48,1,0.08005461084097623
233,8,1000,3,8.22,3,0.08005572901666165
233,9,1000,3,4.43,1,0.08005548409372568
233,10,1000,3,9.61,6,0.08005617003142834
233,11,123,3,10.0,15,0.0800557948830651
233,12,830,4,10.0,3,0.08005727729704007
233,13,1000,3,8.18,3,0.08005806509405375
233,14,1000,3,4.42,1,0.08005761720985174
233,15,115,3,10.03,14,0.08005690250707709
233,16,1000,3,3.38,1,0.0800562693476677
233,17,1000,3,4.14,1,0.080057049497962
233,18,1000,3,4.65,4,0.0800578420162201
233,19,1000,3,4.03,3,0.08005722180008888
233,20,1000,3,3.23,1,0.08005725184082985
233,21,1000,3,5.21,5,0.08005732607841491
233,22,1000,4,5.72,3,0.08005750596523285
233,23,1000,4,5.71,3,0.08005672696977854
233,24,1000,4,6.84,3,0.08005636384338141
233,25,213,3,10.0,2,0.08005785273973931
233,26,1000,3,7.4,7,0.08005858083814382
233,27,1000,2,2.85,1,0.08005743701756
233,28,1000,2,2.78,1,0.08005690906196833
233,29,1000,2,2.77,1,0.08005796335637569
233,30,1000,2,2.77,1,0.08005806043744088
233,31,1000,2,2.78,1,0.08005855962634087
234,1,1000,3,4.97,3,0.08651470932364463
234,2,1000,3,4.47,3,0.0865143067613244
234,3,1000,3,5.18,2,0.08651397666335106
234,4,1000,3,5.33,2,0.08651369836181402
234,5,1000,3,9.87,5,0.08651352247595787
234,6,1000,3,5.31,2,0.08651351754367352
234,7,1000,3,5.61,2,0.08651359590142965
234,8,833,3,10.0,5,0.08651353006496006
234,9,655,4,10.0,3,0.08651355233128744
234,10,1000,3,6.89,3,0.08651325535029172
234,11,1000,3,5.7,2,0.08651312075555324
234,12,136,3,10.09,7,0.08651315897484035
234,13,730,3,10.0,4,0.08651272812730645
234,14,559,3,10.0,4,0.08651297658095419
234,15,169,3,10.0,5,0.08651243467655408
234,16,941,3,10.0,4,0.08651254511379917
234,17,1000,3,6.57,3,0.08651310653239488
234,18,1000,3,4.39,1,0.08651294198632241
234,19,1000,3,8.06,2,0.08651262571662664
234,20,1000,2,5.63,6,0.08651218552142381
234,21,1000,3,9.0,5,0.08651200448721648
234,22,1000,3,5.2,2,0.08651184507459402
234,23,1000,3,7.46,5,0.08651255874335766
234,24,1000,2,5.3,6,0.08651234931498766
234,25,1000,3,5.31,5,0.08651238213479519
234,26,1000,3,7.19,3,0.08651271414756775
234,27,1000,4,7.73,3,0.08651319075375795
234,28,1000,3,3.29,3,0.08651417779177427
234,29,1000,2,3.2,4,0.08651450644433499
234,30,1000,1,2.82,4,0.0865154520124197
235,1,1000,3,5.15,3,-0.1075888415724039
235,2,1000,3,4.23,2,-0.10758790067583322
235,3,1000,4,6.13,3,-0.10758785355836153
235,4,1000,4,6.19,3,-0.10758770294487477
235,5,1000,4,8.37,3,-0.10758757332712413
235,6,1000,5,6.65,2,-0.10758765842765569
235,7,1000,2,3.54,2,-0.10758742968738079
235,8,1000,1,2.68,3,-0.10758728270232677
235,9,1000,2,2.99,2,-0.10758781690895558
235,10,1000,1,2.64,2,-0.10758830688893795
235,11,1000,2,3.77,4,-0.10758832631260157
235,12,1000,3,3.62,4,-0.1075887846648693
235,13,1000,1,2.67,3,-0.10758918844163418
235,14,1000,1,2.67,3,-0.10758904331177473
235,15,1000,3,5.92,3,-0.10758849187940359
235,16,1000,3,4.41,3,-0.10758922627568245
235,17,1000,3,3.25,3,-0.1075896622389555
235,18,1000,1,2.66,3,-0.10758950912952422
235,19,1000,4,6.59,4,-0.10758937463909388
235,20,1000,2,2.88,2,-0.10758886045217514
235,21,1000,2,3.31,4,-0.10758884341269731
235,22,1000,1,2.66,3,-0.10758883908390998
235,23,1000,3,4.95,3,-0.10758832568675279
235,24,1000,3,7.7,3,-0.10758810219913721
235,25,1000,2,2.62,1,-0.1075889989733696
235,26,1000,1,2.64,2,-0.10758846091479063
235,27,1000,1,2.74,3,-0.10758887778967618
235,28,1000,1,2.71,3,-0.10758923491835594
235,29,1000,1,2.72,3,-0.10758939701318741
235,30,1000,1,2.5,1,-0.1075892448425293
236,1,1000,3,5.03,3,0.09813643798232079
236,2,1000,3,3.78,2,0.09813715178519487
236,3,1000,3,4.28,2,0.09813765802234412
236,4,1000,3,5.96,2,0.09813764061778783
236,5,1000,3,5.06,4,0.09813770315796137
236,6,1000,2,3.84,3,0.09813790502399206
236,7,1000,2,3.89,3,0.09813821059465408
236,8,1000,2,3.38,2,0.09813883291184902
236,9,1000,1,2.7,3,0.0981392721682787
236,10,1000,2,3.57,6,0.09813883674144745
236,11,1000,5,9.87,3,0.09813880498707295
236,12,644,6,10.02,3,0.09813897668019585
236,13,564,5,10.03,3,0.09813944369237473
236,14,907,5,10.0,3,0.09813826173839653
236,15,323,4,10.0,6,0.09813864393038646
236,16,1000,2,3.91,5,0.09813940482586622
236,17,1000,2,3.8,4,0.09814001622796059
236,18,131,4,10.07,7,0.09814096680124297
236,19,1000,3,5.74,5,0.09814108972251415
236,20,1000,5,5.94,3,0.09814102035015822
236,21,1000,4,4.35,2,0.09814158093929291
236,22,1000,3,6.51,4,0.09814267212897539
236,23,1000,4,7.08,3,0.09814344558864832
236,24,1000,3,4.1,3,0.09814493821561336
236,25,151,4,10.03,3,0.09814578314490666
236,26,1000,3,5.3,3,0.09814634650200606
236,27,1000,3,3.04,3,0.09814743056893349
236,28,1000,1,2.52,1,0.09814810752868652
237,1,1000,3,5.13,3,-0.13279521591961385
237,2,1000,3,4.2,3,-0.13279567675292492
237,3,1000,4,8.03,3,-0.1327964819520712
237,4,1000,3,4.95,3,-0.13279539553821088
237,5,1000,3,4.16,2,-0.1327946768552065
237,6,1000,2,3.03,2,-0.1327952785640955
237,7,1000,4,9.27,4,-0.1327936251461506
237,8,164,5,10.07,4,-0.13279235181285115
237,9,1000,5,5.9,2,-0.13279203732311726
237,10,1000,4,3.23,2,-0.13279280835390092
237,11,1000,3,3.5,2,-0.1327930122464895
237,12,1000,2,5.2,6,-0.13279309469461442
237,13,1000,2,3.42,2,-0.13279294075071812
237,14,134,3,10.03,6,-0.13279227956907072
237,15,135,4,10.03,3,-0.1327929162316852
237,16,1000,3,6.76,4,-0.13279393628239633
237,17,136,4,10.02,8,-0.1327924959580688
237,18,114,3,10.02,8,-0.13279237558967188
237,19,138,5,10.08,3,-0.1327921562436698
237,20,161,4,10.06,3,-0.13279226848057338
237,21,1000,4,7.35,3,-0.13279236635565758
237,22,144,5,10.02,2,-0.13279342278838158
237,23,593,4,10.0,3,-0.13279335600328687
237,24,1000,3,7.17,3,-0.132792751327157
237,25,1000,3,8.69,3,-0.1327916910648346
237,26,1000,3,8.8,3,-0.13279181122779846
237,27,121,4,10.01,6,-0.13279283527007774
237,28,1000,4,9.8,4,-0.132793121188879
237,29,1000,4,8.38,4,-0.13279269245266914
237,30,1000,4,9.51,3,-0.1327926175445318
237,31,111,4,10.03,3,-0.13279476278537028
237,32,116,4,10.07,2,-0.13279578218172336
237,33,133,5,10.02,3,-0.13279362695109576
237,34,1000,3,6.45,6,-0.13279332832992077
237,35,1000,3,3.91,5,-0.13279286634922027
237,36,903,3,10.0,9,-0.13279292305904633
237,37,1000,3,5.02,2,-0.13279748184978962
237,38,1000,3,5.49,2,-0.13279755814373492
237,39,121,4,10.06,3,-0.1328001258787045
237,40,115,4,10.04,3,-0.1327999243269796
237,41,468,5,10.0,2,-0.1327976657348311
237,42,1000,3,5.11,4,-0.13279805514216422
237,43,1000,3,6.02,4,-0.13279627376794814
237,44,1000,3,5.13,2,-0.13279966962337494
237,45,1000,3,4.55,2,-0.13279799090325833
237,46,146,5,10.08,1,-0.13279758077369977
237,47,1000,3,3.94,2,-0.132796068623662
237,48,1000,4,5.78,3,-0.13279624207317828
237,49,115,4,10.02,3,-0.13279400454915088
237,50,128,5,10.02,3,-0.13279280613642186
237,51,118,4,10.02,3,-0.13279267160569208
237,52,1000,3,6.62,3,-0.13279332187771797
237,53,433,3,10.0,6,-0.13279372601668774
237,54,1000,2,5.43,8,-0.13279335635900497
237,55,1000,3,5.26,4,-0.13279476600885393
237,56,1000,2,4.41,5,-0.1327942893654108
237,57,1000,2,3.02,3,-0.13279367563128472
237,58,1000,1,2.77,3,-0.13279384510219097
238,1,1000,3,5.03,3,0.10230042836815119
238,2,1000,3,4.78,2,0.10230002432316541
238,3,1000,3,3.71,2,0.10229975178837776
238,4,1000,3,4.33,5,0.10230009255558252
238,5,1000,4,6.83,3,0.10230005668848753
238,6,1000,3,3.78,3,0.10230025321245194
238,7,1000,2,4.59,6,0.10229988972097635
238,8,869,3,10.0,5,0.10229893783225288
238,9,1000,2,5.83,9,0.10229703011363744
238,10,1000,1,2.73,3,0.10229738430678845
238,11,446,3,10.0,5,0.10229767788819669
238,12,122,4,10.04,6,0.10229764127584755
238,13,123,4,10.08,5,0.10229823483926494
238,14,134,6,10.01,2,0.1022978731389366
238,15,1000,4,3.6,1,0.10229859991371631
238,16,1000,1,2.73,3,0.10229852626472712
238,17,1000,1,2.73,3,0.1022969787120819
238,18,1000,2,3.19,2,0.10229552864283323
238,19,134,2,10.04,10,0.10229478320523874
238,20,183,5,10.02,4,0.1022946397707762
238,21,1000,4,7.46,7,0.10229570055752993
238,22,150,5,10.02,2,0.10229455173015595
238,23,1000,4,7.08,3,0.10229336684942246
238,24,1000,1,2.52,1,0.10229232907295227
238,25,1000,1,2.65,2,0.10229197982698679
238,26,1000,2,4.4,4,0.10229070255160332
238,27,1000,0,2.47,0,0.10228985548019409
239,1,1000,3,5.1,3,-0.08970615426450967
239,2,1000,3,4.61,3,-0.08970606219023466
239,3,1000,3,6.26,3,-0.08970603359490634
239,4,1000,3,6.08,3,-0.08970603676140308
239,5,1000,2,3.58,3,-0.08970613923668862
239,6,1000,2,3.58,3,-0.08970633547753096
239,7,126,3,10.1,10,-0.08970680897907606
239,8,1000,3,8.44,5,-0.0897077000811696
239,9,1000,4,7.35,3,-0.08970836844295263
239,10,120,3,10.07,7,-0.08970914706587792
239,11,1000,3,8.73,4,-0.08970992475003003
239,12,1000,2,3.96,4,-0.08971034117788076
239,13,584,4,10.0,6,-0.0897105772124782
239,14,1000,3,5.71,3,-0.08971116510778665
239,15,1000,3,5.79,3,-0.08971176075935364
239,16,1000,3,4.98,2,-0.0897119879052043
239,17,1000,3,4.59,2,-0.08971249579638242
239,18,1000,3,3.73,1,-0.08971310372650623
239,19,1000,3,4.61,2,-0.08971320813894272
239,20,1000,3,4.57,2,-0.08971354011446238
239,21,1000,2,3.27,2,-0.08971429242193699
239,22,1000,3,3.34,1,-0.08971399084478617
239,23,1000,3,2.94,1,-0.08971396370232106
239,24,1000,3,3.0,1,-0.08971418426930905
239,25,1000,3,2.99,1,-0.08971437278389931
239,26,1000,2,2.83,1,-0.08971461123228074
239,27,1000,2,5.49,8,-0.08971579634398222
239,28,1000,2,5.11,7,-0.08971609555929899
239,29,138,3,10.07,13,-0.0897159413367078
239,30,1000,3,5.85,4,-0.08971601094305515
239,31,115,4,10.02,3,-0.08971614474835603
239,32,199,4,10.02,9,-0.08971635551758148
239,33,1000,3,5.28,3,-0.08971603525429964
239,34,1000,3,5.32,3,-0.0897160063162446
239,35,1000,3,5.57,2,-0.0897172932177782
239,36,1000,3,7.82,2,-0.08971699002385139
239,37,175,5,10.02,2,-0.08971716391188758
239,38,1000,5,6.63,3,-0.08971704636514187
239,39,126,4,10.04,5,-0.08971779143053388
239,40,129,4,10.05,2,-0.08971799667491469
239,41,118,5,10.04,2,-0.08971838324756945
239,42,109,4,10.03,3,-0.0897181305453318
239,43,127,4,10.06,8,-0.0897176301502806
239,44,133,5,10.06,8,-0.089717628756412
239,45,120,4,10.07,8,-0.08971709075073402
239,46,141,5,10.04,3,-0.08971703031384354
239,47,1000,4,5.5,4,-0.08971859224140644
239,48,1000,2,5.16,7,-0.08971782682836056
239,49,1000,2,5.06,7,-0.08971771133691073
239,50,1000,3,6.37,6,-0.08971837310492993
239,51,114,4,10.06,3,-0.08971798158528511
239,52,109,4,10.02,7,-0.08971844565704329
239,53,152,5,10.04,1,-0.08971852191576832
239,54,1000,6,6.03,3,-0.08971884568780661
239,55,1000,6,9.25,2,-0.08971931624412537
239,56,1000,3,5.74,5,-0.0897192758321762
239,57,1000,3,5.71,5,-0.08971942480653525
239,58,1000,4,8.02,3,-0.08971821781992913
239,59,1000,3,4.26,1,-0.08971985521912575
239,60,114,4,10.05,1,-0.08972009062244181
239,61,1000,4,3.98,1,-0.08971991845220327
239,62,125,5,10.1,3,-0.0897190665602684
239,63,121,4,10.01,1,-0.08971831676634875
239,64,1000,2,2.82,1,-0.08971861052513122
239,65,1000,2,5.11,5,-0.08971881929785014
239,66,1000,2,3.91,3,-0.08971892407536507
239,67,1000,2,3.42,2,-0.08971924283355474
239,68,1000,3,6.53,4,-0.08971802885085345
239,69,1000,2,3.91,3,-0.08971810212731361
239,70,1000,2,3.86,3,-0.08971823001652957
239,71,1000,2,2.94,1,-0.08971857000887394
239,72,1000,2,2.97,1,-0.08971929053217173
239,73,1000,2,3.85,1,-0.08971875989437103
239,74,1000,2,3.08,3,-0.0897183924689889
239,75,168,6,10.03,3,-0.08971863124696981
239,76,1000,5,6.48,1,-0.08971897435188293
239,77,116,5,10.01,1,-0.08971739194259562
239,78,1000,0,2.46,0,-0.0897173210978508
240,1,1000,3,5.31,3,-0.10377007465809583
240,2,1000,3,4.35,2,-0.10376983978599309
240,3,1000,3,4.28,2,-0.10376977240294218
240,4,1000,3,5.03,3,-0.10376981662213802
240,5,1000,2,3.69,4,-0.10376989377290011
240,6,1000,2,3.67,3,-0.10377034001797437
240,7,1000,2,3.51,2,-0.10377100297808647
240,8,1000,2,3.9,5,-0.10377023810893297
240,9,1000,2,6.94,6,-0.10376983040571212
240,10,129,5,10.03,3,-0.10377017304647801
240,11,1000,4,8.51,5,-0.10377006588876247
240,12,1000,1,2.79,3,-0.10377022233605385
240,13,1000,1,2.86,4,-0.10377039529383182
240,14,1000,2,3.35,3,-0.10377010595798493
240,15,135,4,10.04,3,-0.10376985558757075
240,16,119,4,10.08,3,-0.10376981983916099
240,17,1000,4,7.65,5,-0.10376954054832459
240,18,1000,3,3.47,1,-0.10376992297917605
240,19,277,6,10.04,3,-0.10377033173177216
240,20,1000,1,2.98,5,-0.10377079811692237
240,21,1000,1,2.79,3,-0.1037713594287634
240,22,1000,3,6.13,3,-0.10377085183560848
240,23,1000,3,7.71,3,-0.10377006517350673
240,24,1000,3,4.04,1,-0.1037708428055048
240,25,1000,2,3.98,3,-0.10377168825268746
240,26,1000,3,4.97,2,-0.10377164599299431
240,27,1000,2,3.42,2,-0.10377183328568935
241,1,1000,3,5.13,3,0.029668800605461003
241,2,1000,3,3.85,3,0.029670059509575367
241,3,1000,3,8.37,5,0.029672383399680258
241,4,1000,3,6.61,5,0.02967285340279341
241,5,1000,3,6.03,5,0.02967391529865563
241,6,1000,3,4.47,3,0.02967567153647542
241,7,1000,3,8.42,4,0.029676721077412368
241,8,1000,2,4.94,3,0.029676891922950744
241,9,111,3,10.09,4,0.02967685511386072
241,10,1000,2,3.54,2,0.02967806671001017
241,11,128,5,10.06,3,0.029678640232305042
241,12,809,5,10.0,3,0.029678937692393183
241,13,110,4,10.03,1,0.02967858041890643
241,14,1000,5,4.97,2,0.029679988108575344
241,15,1000,1,3.04,6,0.02968045109137893
241,16,1000,1,3.41,10,0.02968111746199429
241,17,1000,2,3.86,4,0.029680470909923314
241,18,1000,2,2.72,2,0.02968202865868807
241,19,1000,3,4.61,3,0.029682262156158684
241,20,1000,2,3.32,3,0.02968183532729745
241,21,1000,1,2.75,3,0.029682067915797233
241,22,1000,1,3.12,7,0.029682534335181116
241,23,1000,3,6.17,3,0.029682815877720713
241,24,1000,3,6.83,3,0.029682256633415817
241,25,1000,3,7.66,3,0.02968135229870677
241,26,1000,3,6.12,3,0.029682490834966303
241,27,357,5,10.05,4,0.029685269175123433
241,28,432,6,10.08,3,0.02968562783293978
241,29,122,5,10.07,3,0.02968649390596347
241,30,1000,5,6.15,2,0.029687220972031355
241,31,1000,4,5.02,5,0.029688929479569196
241,32,1000,1,2.62,2,0.02969002639874816
241,33,1000,1,2.62,2,0.029691141813993453
241,34,1000,2,3.01,1,0.029691702138632536
241,35,1000,3,3.48,3,0.029692784117534756
241,36,1000,3,2.95,1,0.029693561233580114
241,37,1000,1,2.94,5,0.0296958996783942
241,38,1000,1,2.73,3,0.029697326654568316
241,39,1000,1,2.77,3,0.029698063880205156
241,40,1000,3,5.74,3,0.029698600012809037
241,41,1000,1,2.63,2,0.02969752475991845
241,42,1000,1,2.76,3,0.029698921993374823
241,43,1000,1,2.83,4,0.029700613491237163
241,44,1000,3,6.06,3,0.029702548881992696
241,45,1000,3,4.41,2,0.02970301705785096
241,46,1000,3,7.23,5,0.029703695630654694
241,47,1000,5,8.02,3,0.029703847218304873
241,48,1000,4,7.89,3,0.029704962875694036
241,49,1000,2,3.6,4,0.02970487573184073
241,50,1000,3,6.65,3,0.02970782692171633
241,51,1000,3,4.55,1,0.02970858418568969
241,52,1000,3,6.45,1,0.029708220968022944
241,53,1000,3,7.85,6,0.02970911512337625
241,54,1000,3,4.93,3,0.02971083763614297
241,55,1000,3,6.65,5,0.029712711796164512
241,56,252,4,10.0,7,0.02971345399107252
241,57,1000,3,4.96,2,0.02971355258487165
241,58,1000,5,8.43,2,0.029713523140177132
241,59,136,4,10.08,3,0.02971599077093689
241,60,1000,4,6.98,2,0.029717744663357734
241,61,1000,1,2.64,2,0.02971867312863469
241,62,1000,3,8.63,5,0.029719379480928183
241,63,1000,2,3.67,4,0.029719486763700842
241,64,1000,2,3.29,4,0.029720458298921584
241,65,609,4,10.0,5,0.029720853812295226
241,66,1000,1,2.83,4,0.0297232770267874
241,67,1000,1,2.68,2,0.029723729515448213
241,68,1000,1,2.75,3,0.02972460818104446
241,69,1000,1,2.64,2,0.029725797615945338
242,1,1000,3,5.05,3,-0.025470352619886397
242,2,1000,3,3.79,3,-0.025470267513766884
242,3,1000,2,3.23,2,-0.025469272455200552
242,4,1000,3,4.86,2,-0.025469300832599403
242,5,1000,2,3.61,2,-0.025468330761417746
242,6,1000,3,5.57,2,-0.025468326633796095
242,7,1000,2,3.83,3,-0.025467982973903416
242,8,1000,3,3.86,3,-0.0254675507992506
242,9,1000,2,3.28,3,-0.025468351028859616
242,10,1000,1,2.82,4,-0.02546752482652664
242,11,1000,4,5.15,1,-0.02546816400066018
242,12,1000,4,4.36,2,-0.02546845462732017
242,13,1000,4,2.98,1,-0.02546664389781654
242,14,1000,1,2.58,2,-0.02546446654945612
242,15,1000,3,8.59,7,-0.025464778887107967
242,16,1000,2,3.55,4,-0.025466176085174083
242,17,1000,2,3.37,2,-0.025465804994106292
242,18,1000,2,4.17,4,-0.025465822380036116
242,19,1000,3,4.53,3,-0.02546594493277371
242,20,1000,3,6.84,3,-0.02546482497639954
242,21,1000,2,5.0,4,-0.02546494198590517
242,22,1000,4,5.8,3,-0.02546451751329005
242,23,125,4,10.05,6,-0.02546373277902603
242,24,1000,3,5.28,3,-0.025463137559592723
242,25,1000,0,2.4,0,-0.025462254881858826
243,1,1000,3,5.1,3,0.13223681461811065
243,2,1000,3,5.7,3,0.13223573987185955
243,3,1000,3,5.96,3,0.13223463778197767
243,4,1000,3,3.67,1,0.13223390537500382
243,5,1000,3,3.66,1,0.13223347353935241
243,6,1000,3,3.69,1,0.13223261238634587
243,7,1000,2,3.61,3,0.13223287154734134
243,8,158,4,10.09,3,0.1322325688751438
243,9,128,4,10.0,6,0.13223085831850767
243,10,1000,3,9.72,6,0.13223025946319103
243,11,1000,3,6.02,3,0.13222939190268518
243,12,1000,3,6.03,3,0.13222903056442736
243,13,1000,3,5.97,3,0.1322288729995489
243,14,128,4,10.08,4,0.13222805119585246
243,15,142,5,10.06,4,0.13222686201334
243,16,1000,4,5.89,1,0.1322279647886753
243,17,1000,3,9.65,5,0.13222715130448343
243,18,1000,3,4.06,2,0.13222645641863345
243,19,1000,3,7.54,2,0.1322270152568817
243,20,229,3,10.0,8,0.13222596654465105
243,21,1000,3,4.96,3,0.13222537772357465
243,22,1000,1,2.75,3,0.13222439500689506
243,23,1000,2,5.6,3,0.13222421030700207
243,24,1000,3,5.82,3,0.13222389009594918
243,25,1000,3,5.37,5,0.13222579151391983
243,26,1000,3,6.2,5,0.1322265944927931
243,27,127,3,10.07,6,0.13222729878162776
243,28,157,3,10.0,13,0.13222475179061768
243,29,100,4,10.0,3,0.1322222137451172
243,30,93,3,10.05,6,0.13222187901696852
243,31,122,4,10.09,4,0.13222216423906263
243,32,1000,3,9.2,8,0.13222101970016956
243,33,116,4,10.02,4,0.1322202655518877
243,34,118,5,10.03,3,0.13222085583513066
243,35,1000,3,3.68,1,0.1322208169400692
243,36,1000,2,8.5,5,0.1322202627658844
243,37,1000,2,5.98,5,0.1322204433977604
243,38,107,3,10.09,5,0.13221974072055281
243,39,112,5,10.06,3,0.13221824155854328
243,40,107,4,10.04,3,0.13221788462077347
243,41,109,4,10.05,3,0.1322176739436771
243,42,115,4,10.06,3,0.13221767233765644
243,43,134,5,10.04,3,0.1322160771311219
243,44,113,6,10.07,3,0.1322162947823516
243,45,140,4,10.05,3,0.13221746512821742
243,46,119,5,10.06,2,0.13221676059129858
243,47,115,3,10.06,9,0.13221617366956628
243,48,115,3,10.07,13,0.13221543379451917
243,49,156,3,10.05,4,0.13221551821782038
243,50,1000,1,2.66,2,0.13221475568413735
244,1,1000,3,5.15,3,-0.005631777470931411
244,2,1000,3,5.09,3,-0.005631468234583736
244,3,1000,3,4.62,3,-0.00563145799189806
244,4,1000,2,3.17,2,-0.005631387814879417
244,5,1000,3,6.01,3,-0.005631100734695792
244,6,1000,3,5.24,2,-0.005631364261731505
244,7,1000,4,5.19,2,-0.005631657768040896
244,8,1000,4,5.55,2,-0.005631944231688976
244,9,1000,4,4.01,1,-0.005631499310955405
244,10,346,4,10.0,7,-0.005631673343565767
244,11,207,5,10.03,3,-0.00563213991334185
244,12,1000,4,5.68,2,-0.005631870632991195
244,13,265,5,10.05,3,-0.005631944846432164
244,14,1000,3,4.28,2,-0.005631589721888304
244,15,126,4,10.0,7,-0.005631352227831643
244,16,127,4,10.09,6,-0.005631359939382771
244,17,122,4,10.09,3,-0.005631913507326705
244,18,142,6,10.06,3,-0.005631745097712732
244,19,1000,3,5.27,3,-0.005630994990468026
244,20,162,6,10.1,4,-0.0056309989642029925
244,21,1000,3,4.1,3,-0.0056307186279445885
244,22,1000,2,8.17,3,-0.005631225615739822
244,23,1000,1,4.42,21,-0.005631374832242728
244,24,118,3,10.09,16,-0.005630333971042754
244,25,105,3,10.02,3,-0.005631163166392417
244,26,100,4,10.07,3,-0.0056324215605854985
244,27,122,3,10.1,18,-0.005632939259903353
244,28,1000,4,7.5,3,-0.005632147312164306
244,29,1000,4,9.71,3,-0.005632061352953315
244,30,123,3,10.01,14,-0.005632578554313357
244,31,117,3,10.08,10,-0.0056324426530518085
244,32,1000,3,7.79,3,-0.005632379408925772
244,33,1000,2,4.14,3,-0.005632505279034376
244,34,118,4,10.02,3,-0.005632785796108893
244,35,142,4,10.07,3,-0.005633125789988209
244,36,113,4,10.02,3,-0.005633175191757953
244,37,134,4,10.03,10,-0.005632509519137553
244,38,103,3,10.08,3,-0.005632827637120358
244,39,121,3,10.09,18,-0.005632244681647001
244,40,111,4,10.03,6,-0.0056323453045643125
244,41,116,4,10.01,6,-0.005631837961745673
244,42,106,3,10.02,3,-0.005631788791912906
244,43,109,4,10.01,3,-0.005631917711654934
244,44,1000,3,5.24,3,-0.005631400534883141
244,45,1000,2,3.56,3,-0.005630096800625324
244,46,1000,1,2.71,3,-0.005628412675112486
244,47,1000,1,2.71,3,-0.0056294959168881175
244,48,1000,0,2.4,0,-0.0056280940771102905
244,49,1000,1,2.71,3,-0.0056289383582770825
245,1,1000,3,5.15,3,0.03187828907370567
245,2,1000,3,3.65,2,0.03188119174167514
245,3,1000,3,4.7,2,0.0318823029063642
245,4,1000,3,3.07,1,0.031882699996232985
245,5,1000,3,4.84,2,0.031883039440959694
245,6,1000,3,3.96,1,0.03188357634097338
245,7,1000,3,3.99,2,0.031883347678929565
245,8,1000,1,3.06,7,0.031883312720805405
245,9,1000,1,3.15,8,0.031884658295661214
245,10,121,3,10.03,4,0.031884903596206146
245,11,163,6,10.04,2,0.03188464365488181
245,12,1000,6,6.88,4,0.03188508039340377
245,13,1000,3,4.5,4,0.031884970802813765
245,14,1000,1,2.91,5,0.03188574476912618
245,15,1000,2,5.18,5,0.03188471258059144
245,16,121,5,10.03,3,0.03188343287622633
245,17,1000,5,9.34,2,0.031883069183677434
245,18,1000,2,3.14,1,0.03188184681534767
245,19,1000,2,3.44,3,0.03188193535804749
245,20,1000,1,2.58,2,0.03188173197954893
245,21,1000,1,2.64,2,0.03188171246647835
245,22,1000,2,3.17,3,0.03188146290183067
245,23,1000,2,3.28,3,0.03188146543130278
245,24,1000,3,8.25,3,0.03188352662697434
245,25,1000,5,7.83,3,0.03188358800858259
245,26,1000,3,3.6,3,0.03187992437928915
245,27,1000,1,2.81,4,0.03188040103390813
245,28,1000,1,2.83,4,0.031879389956593514
245,29,1000,2,3.01,3,0.03187809055671096
245,30,1000,1,2.52,1,0.031877778470516205
246,1,1000,3,5.1,3,0.08053419217467309
246,2,1000,3,4.97,3,0.08053440592437983
246,3,1000,3,4.4,1,0.08053428446501494
246,4,1000,3,4.07,1,0.08053390374034643
246,5,1000,3,7.8,2,0.08053362660109997
246,6,159,5,10.08,2,0.08053353653763826
246,7,1000,5,9.91,2,0.08053354277461768
246,8,1000,2,6.75,4,0.08053357093036174
246,9,1000,2,3.89,5,0.08053302109986543
246,10,1000,2,3.61,6,0.08053260723501444
246,11,190,4,10.07,4,0.08053247003178847
246,12,1000,4,8.58,4,0.08053199903666973
246,13,1000,3,4.64,4,0.08053298496454954
246,14,159,5,10.08,4,0.08053245521941275
246,15,134,6,10.05,3,0.08053252857122849
246,16,104,3,10.06,6,0.08053184014100295
246,17,1000,6,7.19,1,0.0805316647440195
246,18,1000,5,9.35,5,0.08053046236932278
246,19,84,3,10.04,6,0.08053055041957469
246,20,106,4,10.06,6,0.08053076569482966
246,21,1000,3,8.75,4,0.08053094516694546
246,22,1000,3,4.79,4,0.08053089838474989
246,23,118,4,10.0,4,0.08053017230862278
246,24,1000,2,2.64,1,0.08052933216094971
247,1,1000,3,5.25,3,-0.03356454568728805
247,2,1000,3,4.61,3,-0.03356483805924654
247,3,1000,3,4.5,3,-0.033565075110644105
247,4,1000,3,6.94,3,-0.033564717169851065
247,5,1000,3,6.25,4,-0.033564650528132914
247,6,1000,1,2.72,2,-0.03356491279229522
247,7,1000,3,7.39,4,-0.03356531395018101
247,8,1000,3,4.09,1,-0.033564692169427875
247,9,1000,3,6.13,2,-0.033564068093895914
247,10,792,3,10.0,3,-0.033563895616680384
247,11,1000,3,8.42,5,-0.03356382377818227
247,12,1000,3,4.81,5,-0.0335638474971056
247,13,1000,3,3.91,3,-0.03356400675326586
247,14,1000,3,3.45,2,-0.0335642246901989
247,15,1000,1,2.63,1,-0.033565178513526917
248,1,1000,3,5.1,3,0.09318541473150253
248,2,1000,3,4.83,3,0.09318539889901876
248,3,1000,3,5.25,3,0.09318533670902253
248,4,670,3,10.0,7,0.0931851916793567
248,5,1000,3,8.19,3,0.09318516439944506
248,6,1000,3,8.62,3,0.09318510591238736
248,7,1000,3,5.99,2,0.09318517465889455
248,8,1000,3,7.18,2,0.09318526777625084
248,9,1000,2,4.45,3,0.09318544545024633
248,10,1000,2,3.98,4,0.0931853903234005
248,11,1000,1,2.74,3,0.09318552756309509
248,12,1000,3,3.78,4,0.09318561841547489
248,13,1000,2,4.36,2,0.09318495427817106
248,14,1000,2,3.04,2,0.09318527108430863
248,15,1000,3,4.34,2,0.0931852565407753
248,16,145,5,10.0,3,0.09318544273746425
248,17,132,4,10.01,4,0.09318547216102932
248,18,133,4,10.06,6,0.0931854398178875
248,19,132,5,10.06,6,0.09318549428699595
248,20,159,5,10.08,8,0.0931855891860506
248,21,1000,5,7.02,1,0.0931854792162776
248,22,1000,4,7.56,1,0.09318571166694165
248,23,110,5,10.04,1,0.09318439791148359
248,24,1000,4,7.2,1,0.09318458119034767
248,25,1000,5,8.79,1,0.0931855150386691
248,26,1000,5,5.44,1,0.09318606568872928
248,27,1000,4,9.06,1,0.0931868092045188
248,28,113,3,10.01,5,0.09318704177848006
248,29,112,4,10.08,4,0.09318734599011284
248,30,106,3,10.08,3,0.09318718496920927
248,31,117,4,10.08,3,0.09318683207289785
248,32,549,3,10.0,3,0.09318713322688973
248,33,195,4,10.0,3,0.09318737036142594
248,34,117,4,10.07,13,0.09318634218130356
248,35,134,4,10.08,6,0.0931863640226535
248,36,136,4,10.03,8,0.09318467262474929
248,37,1000,4,7.93,3,0.0931850094795227
248,38,74,2,10.09,22,0.09318465930787292
248,39,1000,2,3.81,1,0.09318395786732435
248,40,1000,2,7.63,4,0.09318316745012999
248,41,1000,2,9.76,4,0.09318320383131504
248,42,106,2,10.06,9,0.09318268980901197
248,43,1000,2,9.94,7,0.09318155602365732
248,44,1000,1,3.52,11,0.09318053739517927
248,45,1000,2,6.69,15,0.09318118934333325
249,1,1000,3,5.11,3,-0.004529061052948236
249,2,1000,3,5.12,3,-0.0045289463652297855
249,3,1000,3,4.82,2,-0.004529350985307246
249,4,1000,2,3.84,3,-0.004528960258234292
249,5,1000,3,3.89,3,-0.004528737368062139
249,6,1000,2,3.39,2,-0.004528746998868883
249,7,1000,2,3.23,2,-0.00452847927249968
249,8,1000,2,3.44,2,-0.0045285821408033375
249,9,1000,3,4.12,2,-0.004529024441726506
249,10,1000,2,2.99,2,-0.004529831985011697
249,11,1000,3,4.7,2,-0.004530372952111066
249,12,1000,4,5.95,2,-0.004530292947776616
249,13,1000,3,5.65,2,-0.004530925516970456
249,14,1000,1,2.69,3,-0.004531464604660869
249,15,1000,2,5.62,6,-0.004531661572866142
249,16,1000,2,3.44,2,-0.004532795417122543
249,17,1000,1,2.58,2,-0.0045322833247482775
249,18,1000,2,4.0,4,-0.004531794499605894
249,19,1000,1,2.79,4,-0.004532054444774986
249,20,1000,3,4.23,5,-0.004532230816781521
249,21,1000,3,6.41,3,-0.004532318064942956
249,22,1000,2,3.07,1,-0.004532598554156721
250,1,1000,3,5.26,3,-0.08944783318787813
250,2,1000,3,4.93,3,-0.08944870963692665
250,3,1000,3,8.56,4,-0.08944922440499067
250,4,1000,3,4.2,1,-0.08944963681697846
250,5,1000,3,5.6,2,-0.08944921342283488
250,6,123,3,10.06,10,-0.08944985561254548
250,7,124,3,10.08,10,-0.08945015968093949
250,8,1000,3,7.01,3,-0.08945091030001641
250,9,1000,3,7.81,3,-0.08945130902528763
250,10,1000,3,6.1,2,-0.08945093060284853
250,11,1000,2,4.62,4,-0.08944968124479055
250,12,1000,1,2.8,4,-0.0894490159228444
250,13,1000,1,2.84,4,-0.08945023331046105
251,1,1000,3,5.19,3,0.03689861001446843
251,2,1000,3,3.74,2,0.03689956533908844
251,3,1000,3,4.84,2,0.03690055974945426
251,4,1000,3,3.6,2,0.03690164914354682
251,5,1000,3,3.74,2,0.03690151086077094
251,6,1000,3,3.19,2,0.0369008283354342
251,7,1000,2,3.87,3,0.03690062754973769
251,8,1000,2,3.28,2,0.036899720378220084
251,9,1000,2,3.33,3,0.03690005879104137
251,10,1000,3,5.32,4,0.036899599559605124
251,11,1000,4,5.31,3,0.036900294952094556
251,12,1000,4,4.45,2,0.03690089748427272
251,13,1000,3,4.14,4,0.03690090224519372
251,14,1000,2,4.0,3,0.036900972820818424
251,15,1000,3,3.43,2,0.03690087363868952
252,1,1000,3,5.13,3,-0.08556827953457832
252,2,1000,3,3.82,3,-0.0855676604360342
252,3,1000,3,5.96,3,-0.08556767912209035
252,4,1000,3,6.07,3,-0.08556723588705063
252,5,1000,4,5.56,4,-0.08556685855984687
252,6,1000,3,4.4,3,-0.08556586146354675
252,7,1000,4,4.2,2,-0.08556593558937312
252,8,1000,2,2.97,3,-0.08556615410745144
252,9,1000,3,8.23,9,-0.08556631164252758
252,10,1000,3,4.44,3,-0.08556583509594202
252,11,1000,2,3.59,6,-0.08556639064848423
252,12,1000,2,4.64,6,-0.08556596284359694
252,13,1000,2,3.15,2,-0.08556607533991337
252,14,1000,2,2.76,1,-0.08556665793806315
252,15,1000,2,2.88,2,-0.08556781475245953
252,16,1000,2,3.2,2,-0.08556831029057503
253,1,1000,3,5.14,3,0.09878156132996083
253,2,1000,3,5.61,3,0.09878222618252039
253,3,1000,3,6.04,3,0.09878377529978752
253,4,1000,3,6.1,3,0.09878476969897747
253,5,1000,3,4.97,2,0.09878560095280409
253,6,1000,3,4.89,2,0.09878641077876091
253,7,1000,3,4.92,2,0.0987872760668397
253,8,1000,3,4.95,2,0.09878883435577154
253,9,1000,3,4.92,2,0.09879084543883801
253,10,1000,3,5.02,2,0.09879322560876608
253,11,1000,3,4.94,2,0.09879544103890657
253,12,1000,3,4.92,2,0.09879771631956101
253,13,1000,3,4.98,2,0.09879999304562807
253,14,1000,3,4.96,2,0.0988023036122322
253,15,1000,3,3.74,1,0.0988047207519412
253,16,1000,3,3.73,1,0.09880686324834824
253,17,1000,3,3.7,1,0.09880906460434198
253,18,1000,3,3.71,1,0.09881093402206897
253,19,1000,3,3.66,1,0.09881334538757801
253,20,1000,3,3.68,1,0.09881564164161682
253,21,1000,3,3.73,1,0.09881756211072207
253,22,1000,3,3.7,1,0.09881978414952755
253,23,1000,3,3.71,1,0.0988218293339014
253,24,1000,3,3.72,1,0.09882424828410148
253,25,1000,3,3.74,1,0.0988265225365758
253,26,1000,3,3.69,1,0.09882877938449383
253,27,1000,3,3.7,1,0.09883113946020604
253,28,1000,3,3.72,1,0.09883350723981857
253,29,1000,3,3.75,1,0.09883587538450957
253,30,1000,3,3.66,1,0.09883907206356525
253,31,1000,3,3.68,1,0.09884215003997088
253,32,1000,3,3.76,1,0.09884459912031889
253,33,1000,3,3.69,1,0.09884782700240612
253,34,1000,3,3.67,1,0.09885041504353285
253,35,1000,3,3.75,1,0.09885218836367131
253,36,1000,3,3.69,1,0.09885517339408398
253,37,1000,3,3.7,1,0.09885805291682481
253,38,1000,3,3.74,1,0.09886100189387799
253,39,1000,3,3.77,1,0.09886375080049038
253,40,1000,3,3.71,1,0.09886663825064898
253,41,1000,3,3.74,1,0.0988692699149251
253,42,1000,3,3.72,1,0.09887162851542235
253,43,1000,3,3.69,1,0.0988733637034893
253,44,1000,3,3.69,1,0.09887524656951427
253,45,1000,3,3.73,1,0.09887724425643682
253,46,1000,3,3.69,1,0.09887907069921494
253,47,1000,3,3.67,1,0.0988815317377448
253,48,1000,3,3.77,1,0.09888288896530867
253,49,1000,3,3.77,1,0.09888396739214658
253,50,1000,3,3.8,1,0.09888522055000067
253,51,1000,3,3.73,1,0.09888671007752418
253,52,1000,3,3.74,1,0.09888885068148374
253,53,1000,3,3.76,1,0.09889125745743513
253,54,1000,3,3.76,1,0.09889284510910511
253,55,1000,3,3.76,1,0.09889536256343126
253,56,1000,3,3.73,1,0.09889660968631506
253,57,1000,3,3.72,1,0.09889815116673709
253,58,1000,3,3.73,1,0.09890056505054236
253,59,1000,3,3.72,1,0.0989024173617363
253,60,1000,3,3.77,1,0.09890380933135748
253,61,1000,3,3.72,1,0.09890578749775887
253,62,1000,3,3.71,1,0.09890757337212562
253,63,1000,3,3.73,1,0.09890974715352058
253,64,1000,3,3.74,1,0.09891095977276564
253,65,1000,3,3.71,1,0.09891246754676103
253,66,1000,3,3.72,1,0.0989136197194457
253,67,1000,3,3.73,1,0.09891512942314148
253,68,1000,3,3.75,1,0.0989171073436737
253,69,1000,3,3.72,1,0.09891861778497696
253,70,1000,3,3.74,1,0.09892019414156675
253,71,1000,3,3.74,1,0.09892244355380535
253,72,1000,3,3.74,1,0.09892464391142129
253,73,1000,3,3.72,1,0.09892597226798534
253,74,1000,3,3.75,1,0.09892784987390041
253,75,1000,3,3.77,1,0.09892970212548971
253,76,1000,3,3.72,1,0.0989311019256711
253,77,1000,3,3.77,1,0.09893289929628372
253,78,1000,3,3.78,1,0.09893511033803225
253,79,1000,3,3.72,1,0.09893693189322948
253,80,1000,3,3.77,1,0.0989384717270732
253,81,1000,3,3.86,1,0.09894024568051099
253,82,1000,3,3.86,1,0.0989421618655324
253,83,1000,3,3.86,1,0.09894372309744358
253,84,1000,3,3.89,1,0.09894598975777626
253,85,1000,3,3.83,1,0.09894771335273982
253,86,1000,3,3.79,1,0.0989493493065238
253,87,1000,3,3.7,1,0.09895129746198654
253,88,1000,3,3.77,1,0.09895300489664077
253,89,1000,3,3.77,1,0.09895514783263207
253,90,1000,3,3.75,1,0.09895696450769902
253,91,1000,3,3.76,1,0.09895837892591954
253,92,1000,3,3.72,1,0.09896001598238945
253,93,1000,3,3.72,1,0.09896154479682445
253,94,1000,3,3.7,1,0.09896333368122577
253,95,1000,3,3.78,1,0.09896498243510723
253,96,1000,3,3.71,1,0.09896637968719006
253,97,1000,3,3.72,1,0.09896761313080787
253,98,1000,3,3.71,1,0.09896953561156988
253,99,1000,3,3.77,1,0.0989710550159216
253,100,1000,3,3.77,1,0.09897281251847743
253,101,1000,3,3.71,1,0.09897481286525726
253,102,1000,3,3.74,1,0.09897692287713289
253,103,1000,3,3.84,1,0.09897867888957262
253,104,1000,3,3.72,1,0.0989806090220809
253,105,1000,3,3.71,1,0.09898242282867431
253,106,1000,3,3.72,1,0.09898493307828903
253,107,1000,3,3.77,1,0.09898734175413847
253,108,1000,3,3.9,1,0.0989886896237731
253,109,1000,3,3.85,1,0.09898982156068087
253,110,1000,3,3.77,1,0.09899145331978798
253,111,1000,3,3.87,1,0.09899295932799577
253,112,1000,3,3.87,1,0.09899483031779528
253,113,1000,3,3.78,1,0.09899609576910734
253,114,1000,3,3.84,1,0.09899875681102276
253,115,1000,3,3.84,1,0.09900011405348778
253,116,1000,3,3.92,1,0.09900200952589512
253,117,1000,3,3.84,1,0.09900378598272801
253,118,1000,3,3.85,1,0.09900571331381798
253,119,1000,3,3.93,1,0.09900762322545052
253,120,1000,3,3.91,1,0.09900947303324938
253,121,1000,3,3.87,1,0.09901146985590457
253,122,1000,3,3.86,1,0.09901278872042894
253,123,1000,3,3.92,1,0.09901516687124967
253,124,1000,3,3.88,1,0.09901699071377516
253,125,1000,3,3.92,1,0.09901823262125253
253,126,1000,3,3.84,1,0.09902029075473547
253,127,1000,3,3.91,1,0.09902151623368263
253,128,1000,3,3.86,1,0.09902350471168757
253,129,1000,3,3.85,1,0.09902517250180244
253,130,1000,3,3.86,1,0.09902663245797157
253,131,1000,3,3.82,1,0.09902797797322273
253,132,1000,3,3.87,1,0.09902994439005852
253,133,1000,3,3.85,1,0.09903127916157245
253,134,1000,3,3.91,1,0.09903353743255139
253,135,1000,3,3.9,1,0.09903597721457481
253,136,1000,3,3.87,1,0.09903768740594387
253,137,1000,3,3.91,1,0.09903976972401142
253,138,1000,3,3.86,1,0.09904148050397635
253,139,1000,3,3.82,1,0.09904373063892126
253,140,1000,3,3.88,1,0.09904553116112948
253,141,1000,3,3.9,1,0.09904808803647756
253,142,1000,3,3.85,1,0.09905053300410509
253,143,1000,3,3.86,1,0.0990530538186431
253,144,1000,3,3.89,1,0.09905448453128338
253,145,1000,3,3.9,1,0.0990560936331749
253,146,1000,3,3.86,1,0.0990588055178523
253,147,1000,3,3.86,1,0.0990608419701457
253,148,1000,3,3.92,1,0.09906293877959252
253,149,1000,3,3.86,1,0.09906505984812974
253,150,1000,3,3.87,1,0.09906730791181326
253,151,1000,3,3.75,1,0.09906938717514277
253,152,1000,3,3.75,1,0.09907147708535194
253,153,1000,3,3.73,1,0.09907406528294087
253,154,1000,3,3.72,1,0.09907681827992201
253,155,1000,3,3.8,1,0.09907884097844362
253,156,1000,3,3.73,1,0.09908087772876024
253,157,1000,3,3.81,1,0.09908209761977196
253,158,1000,3,3.76,1,0.09908413761109114
253,159,1000,3,3.72,1,0.09908621634542943
253,160,1000,3,3.73,1,0.0990883167013526
253,161,1000,3,3.83,1,0.09909023357182742
253,162,1000,3,3.77,1,0.09909298206865788
253,163,1000,3,3.78,1,0.09909495120495558
253,164,1000,3,3.82,1,0.09909646573662757
253,165,1000,3,3.76,1,0.09909853428602218
253,166,1000,3,3.81,1,0.09910101967304945
253,167,1000,3,3.7,1,0.09910324957221746
253,168,1000,3,3.79,1,0.0991043347939849
253,169,1000,3,3.72,1,0.0991067182943225
253,170,1000,3,3.78,1,0.09910941911488771
253,171,1000,3,3.82,1,0.09911085975915193
253,172,1000,3,3.77,1,0.09911251533776522
253,173,1000,3,3.72,1,0.09911404221504927
253,174,1000,3,3.81,1,0.0991154051348567
253,175,1000,3,3.8,1,0.09911699425429106
253,176,1000,3,3.77,1,0.09911855608224869
253,177,1000,3,3.75,1,0.09912030602991581
253,178,1000,3,3.68,1,0.0991231388822198
253,179,1000,3,3.81,1,0.09912553597986698
253,180,1000,3,3.76,1,0.09912749380618334
253,181,1000,3,3.76,1,0.0991298298984766
253,182,1000,3,3.76,1,0.09913186647742987
253,183,1000,3,3.76,1,0.09913406497985125
253,184,1000,3,3.83,1,0.09913588350266218
253,185,1000,3,3.77,1,0.09913837845623494
253,186,1000,3,3.74,1,0.09914000383764505
253,187,1000,3,3.74,1,0.09914202530682087
253,188,1000,3,3.78,1,0.09914371479302644
253,189,1000,3,3.74,1,0.09914532139152288
253,190,1000,3,3.81,1,0.09914726854860782
253,191,1000,3,3.71,1,0.09914941804856062
253,192,1000,3,3.75,1,0.0991519824936986
253,193,1000,3,3.7,1,0.09915380906313657
253,194,1000,3,3.73,1,0.09915633045136929
253,195,1000,3,3.73,1,0.09915823151916266
253,196,1000,3,3.74,1,0.09915956266969442
253,197,1000,3,3.79,1,0.09916114672273398
253,198,1000,3,3.77,1,0.09916329349577427
253,199,1000,3,3.81,1,0.0991652188077569
254,1,1000,3,5.09,3,0.031094693306833506
254,2,1000,3,6.07,3,0.031096570620313287
254,3,1000,3,7.15,4,0.03109700964204967
254,4,1000,4,7.51,3,0.031097588887438177
254,5,1000,3,6.05,3,0.031097967714071275
254,6,1000,3,4.89,2,0.03109848997928202
254,7,1000,3,6.04,3,0.0310988048966974
254,8,1000,3,4.9,2,0.031099812023341656
254,9,125,3,10.09,8,0.031099862679839135
254,10,1000,3,9.25,3,0.031099292192608118
254,11,1000,3,9.29,3,0.03109971519187093
254,12,1000,3,4.91,3,0.031100648172199725
254,13,1000,3,7.04,3,0.03110018822737038
254,14,162,3,10.02,14,0.031100657814538774
254,15,1000,3,5.3,3,0.031101393520832063
254,16,1000,3,5.89,4,0.031102195704355837
254,17,1000,3,3.26,1,0.031102679880335927
254,18,785,3,10.0,13,0.031103150053009107
254,19,1000,3,5.57,5,0.031103731812909246
254,20,1000,3,5.85,6,0.03110370505042374
254,21,1000,3,6.85,7,0.031102908527478577
254,22,1000,3,6.19,6,0.031103127747774125
254,23,1000,2,3.01,3,0.031103686444461345
254,24,1000,1,2.51,1,0.03110578842461109
254,25,1000,1,2.53,1,0.03110652044415474
255,1,1000,3,5.25,3,-0.027476069768890738
255,2,1000,3,4.48,3,-0.027475751671940087
255,3,1000,3,5.21,3,-0.027475559329614044
255,4,1000,3,5.8,5,-0.027475150709971786
255,5,125,3,10.08,5,-0.02747521084547043
255,6,926,4,10.0,6,-0.027475245691208294
255,7,1000,4,8.75,6,-0.02747483623959124
255,8,1000,3,8.39,5,-0.027474392510950567
255,9,845,3,10.0,5,-0.027475148611343824
255,10,303,3,10.0,8,-0.027475726511022047
255,11,1000,3,7.03,4,-0.027475084215402602
255,12,1000,3,4.47,4,-0.02747397832758725
255,13,1000,3,4.78,5,-0.027473925203084944
255,14,1000,3,3.75,1,-0.027474298149347307
255,15,1000,3,5.34,3,-0.02747472620755434
255,16,1000,3,3.72,1,-0.02747700765542686
255,17,1000,2,2.73,2,-0.027477863799780608
256,1,1000,3,5.08,3,0.02239759985357523
256,2,1000,3,4.69,3,0.022398640632629394
256,3,1000,2,2.95,2,0.0223985690549016
256,4,1000,2,3.25,3,0.022399108313024045
256,5,1000,2,3.8,5,0.022399450071156023
256,6,1000,3,3.76,2,0.022399476680904626
256,7,1000,3,5.84,5,0.022399111807346345
256,8,1000,3,3.75,2,0.02239949996396899
256,9,1000,2,3.56,4,0.022400311429053545
256,10,1000,2,3.91,4,0.02240066985785961
256,11,1000,3,6.72,4,0.022401200775057077
256,12,1000,3,7.67,5,0.022402019256725907
256,13,1000,3,7.16,5,0.022400999963283538
256,14,1000,2,2.79,2,0.022400149330496787
256,15,1000,3,3.2,2,0.02240035501867533
257,1,1000,3,5.06,3,-0.06963054271787406
257,2,1000,3,4.68,2,-0.06963067748397589
257,3,1000,3,3.37,1,-0.0696302099302411
257,4,1000,2,2.98,2,-0.06962975553423166
257,5,1000,2,2.78,2,-0.06962898844480514
257,6,1000,2,3.0,3,-0.06962810682505369
257,7,1000,1,2.77,4,-0.06962808553129435
257,8,1000,1,2.58,2,-0.0696277471780777
257,9,1000,2,3.0,3,-0.06962713039666414
257,10,1000,1,2.77,4,-0.06962634468078613
257,11,1000,1,2.49,1,-0.06962557137012482
257,12,1000,1,2.82,4,-0.06962464214861393
257,13,1000,1,2.57,2,-0.06962402018904686
258,1,1000,3,5.16,3,0.01474781522527337
258,2,1000,3,4.89,3,0.014748211182653905
258,3,1000,3,3.84,3,0.014748768577352167
258,4,1000,3,4.8,5,0.014748982280492783
258,5,1000,3,3.65,3,0.014748516481369734
258,6,1000,2,3.14,1,0.014748329607769848
258,7,1000,2,2.76,1,0.014748410236090422
258,8,1000,3,4.4,5,0.014748375380411745
258,9,1000,3,4.38,5,0.014748720485717058
258,10,1000,3,5.78,5,0.014750191576778888
258,11,801,5,10.0,2,0.014749753258694499
258,12,1000,3,6.41,1,0.014750389056280256
258,13,1000,3,5.15,1,0.014750057941302658
258,14,1000,2,4.04,1,0.014750516479834915
258,15,1000,3,7.23,1,0.014750040714628994
258,16,1000,3,9.51,1,0.014750409657135605
258,17,1000,3,7.5,1,0.014749168431386352
258,18,1000,3,7.28,1,0.014748935846611858
258,19,113,4,10.1,1,0.014749386718710967
258,20,112,4,10.07,1,0.014750353160447307
258,21,95,2,10.1,8,0.014750004451917974
258,22,109,4,10.02,3,0.014749037050599352
258,23,98,3,10.05,4,0.014749283721784547
258,24,104,4,10.01,3,0.014750251259941321
258,25,116,5,10.09,1,0.014750428176645574
258,26,1000,3,6.0,1,0.014750526623800397
258,27,131,4,10.01,7,0.014750925845374133
258,28,96,3,10.08,4,0.014751051261555403
258,29,103,3,10.04,10,0.014751018422827559
258,30,97,3,10.04,6,0.014751507132554176
258,31,1000,2,4.05,3,0.014752496218308807
258,32,1000,2,4.02,3,0.01475263064727187
258,33,1000,2,4.02,3,0.014751807728782295
258,34,1000,1,2.85,4,0.014750806920230388
258,35,1000,1,2.9,4,0.014749734699726104
258,36,1000,2,6.2,9,0.014746969245374202
258,37,1000,1,2.76,3,0.014750586807727813
258,38,1000,1,2.77,3,0.014743713645264507
259,1,1000,3,5.24,3,-0.01846551962941885
259,2,1000,3,5.85,3,-0.018465907379984856
259,3,1000,3,9.39,3,-0.018466337818652392
259,4,1000,4,6.15,1,-0.018466415159404278
259,5,1000,4,7.85,1,-0.01846622160822153
259,6,1000,4,8.33,1,-0.018466051179915666
259,7,1000,4,8.1,1,-0.018466244511306285
259,8,1000,4,8.3,1,-0.018466307017952203
259,9,1000,4,8.3,1,-0.018467823408544064
259,10,1000,4,7.91,1,-0.018468774382025002
259,11,1000,3,7.75,5,-0.01846913879364729
259,12,1000,3,4.15,3,-0.018469992242753506
259,13,1000,3,4.16,3,-0.01846920221298933
259,14,1000,3,4.02,3,-0.018469636734575034
259,15,1000,2,8.97,13,-0.018469455007463692
259,16,1000,2,4.75,6,-0.018470346421003342
259,17,1000,3,3.36,1,-0.01847164988145232
259,18,1000,3,5.85,7,-0.01846871748007834
259,19,1000,2,5.52,8,-0.018469054548069835
259,20,1000,1,2.55,1,-0.018468262627720833
260,1,1000,3,5.28,3,-0.08368551387637854
260,2,1000,3,4.35,3,-0.08368578689545393
260,3,1000,4,7.83,3,-0.08368639370054007
260,4,1000,3,3.45,1,-0.08368673477321863
260,5,1000,2,2.83,1,-0.08368750877678394
260,6,1000,3,3.35,1,-0.08368906797468663
260,7,1000,3,5.64,3,-0.08369045958667994
260,8,1000,3,7.13,9,-0.08368951971828938
260,9,1000,3,9.01,5,-0.08368970023840666
260,10,1000,3,4.96,2,-0.08368911843001843
260,11,1000,4,7.88,3,-0.08368887121975421
260,12,103,3,10.04,3,-0.083688758820006
260,13,1000,3,8.5,3,-0.08369081337749958
260,14,1000,3,6.98,4,-0.0836903311908245
260,15,1000,1,3.0,5,-0.08369004209339619
260,16,86,3,10.05,6,-0.08368911992671878
260,17,151,4,10.02,3,-0.0836897762307268
260,18,142,4,10.1,4,-0.0836896409451122
260,19,1000,4,4.9,1,-0.08369069182872772
260,20,1000,2,4.12,1,-0.08369079257547855
260,21,1000,2,3.35,1,-0.0836904673203826
260,22,1000,1,2.85,4,-0.08368918637186289
261,1,1000,3,5.26,3,-0.08805412369966507
261,2,1000,3,5.37,3,-0.08805576482415199
261,3,1000,3,6.03,3,-0.0880569699332118
261,4,1000,3,4.88,2,-0.08805802000313998
261,5,1000,3,5.01,3,-0.08805835773050785
261,6,1000,1,2.73,3,-0.0880578161329031
261,7,1000,2,6.4,6,-0.08805916330963373
261,8,1000,2,4.15,6,-0.08805873376131058
261,9,1000,2,4.16,6,-0.08805842643231153
261,10,1000,3,6.86,6,-0.08805847270041704
261,11,1000,2,4.35,4,-0.08806076169759035
261,12,121,3,10.05,5,-0.08806145320500224
261,13,121,3,10.01,7,-0.08806167900069686
261,14,1000,3,9.43,2,-0.0880610827282071
261,15,127,5,10.04,3,-0.08805962159173696
261,16,123,4,10.08,3,-0.08806074434906487
261,17,167,5,10.0,1,-0.08806052808454651
261,18,111,3,10.01,11,-0.08806129169088227
261,19,83,4,10.21,3,-0.08806098126862423
261,20,1000,4,5.98,2,-0.08806055045127868
261,21,1000,3,3.32,1,-0.08806010626256466
261,22,109,3,10.01,6,-0.08806020151311104
261,23,105,4,10.05,3,-0.08806000351905822
261,24,110,3,10.34,11,-0.08805958621881226
261,25,102,3,10.02,8,-0.08805992476203862
261,26,123,5,10.09,3,-0.0880599991092837
261,27,109,4,10.04,3,-0.08805994566427458
261,28,136,4,10.0,6,-0.08806073572486639
261,29,1000,2,4.69,5,-0.08805947998166085
261,30,102,3,10.1,5,-0.08806002220394564
261,31,119,3,10.04,5,-0.08806025293193945
261,32,1000,3,8.39,6,-0.08805993998795748
261,33,1000,3,6.93,5,-0.08806081639975309
261,34,1000,3,9.42,7,-0.08805986126512289
261,35,99,3,10.08,2,-0.08806009876607644
261,36,96,3,10.01,2,-0.08806175032320122
262,1,1000,3,5.13,3,-0.012313102446496487
262,2,1000,3,4.88,2,-0.012312209386378527
262,3,1000,4,6.0,2,-0.012311120964586735
262,4,1000,3,3.79,2,-0.012310370817780495
262,5,1000,1,2.54,1,-0.01231035403907299
262,6,1000,3,3.63,4,-0.012309860363602638
262,7,1000,2,5.51,3,-0.01230997876264155
262,8,105,3,10.02,3,-0.012310530493656794
262,9,113,4,10.08,1,-0.012310184703200264
262,10,1000,4,4.91,1,-0.012309528436511756
262,11,311,3,10.0,6,-0.01230904803734117
262,12,132,5,10.07,2,-0.012309177242445223
262,13,1000,4,6.74,3,-0.01230879670754075
262,14,1000,3,9.0,5,-0.012308139935135841
262,15,1000,2,4.04,5,-0.012306754123419522
262,16,1000,1,3.23,8,-0.012307729173451663
262,17,1000,2,4.28,4,-0.01230807443894446
262,18,1000,2,6.12,7,-0.012308871378190816
262,19,106,4,10.11,4,-0.012309145806181544
262,20,116,4,10.03,3,-0.012309680355648542
262,21,1000,4,9.68,2,-0.012308920315466822
262,22,1000,4,5.39,6,-0.012308545903302728
262,23,1000,2,4.05,2,-0.012308957422152161
262,24,282,4,10.09,10,-0.012309168270584328
262,25,1000,2,4.46,3,-0.01230989546328783
262,26,1000,2,3.36,3,-0.01230922950617969
262,27,1000,2,6.79,9,-0.012308425914496183
262,28,1000,2,7.78,11,-0.012308362238109112
262,29,108,4,10.06,2,-0.012306723295262566
262,30,101,3,10.05,5,-0.012306591615744747
262,31,105,3,10.0,6,-0.012306798790537176
262,32,107,4,10.03,5,-0.012305899314303821
262,33,1000,2,3.58,3,-0.012305757656693459
262,34,1000,2,3.68,2,-0.01230570000037551
262,35,163,3,10.06,2,-0.012305746272069179
262,36,1000,2,4.47,6,-0.012305509494617582
262,37,1000,1,2.86,4,-0.012305402394384145
262,38,1000,1,2.74,3,-0.012306253992021083
262,39,1000,3,6.3,3,-0.012306593272835016
262,40,1000,0,2.41,0,-0.012306088754907251
262,41,1000,1,2.63,2,-0.012305817872285843
262,42,1000,1,2.62,2,-0.01230516005307436
262,43,1000,1,2.5,1,-0.012305480428040028
263,1,1000,3,5.28,3,0.052005841981619595
263,2,1000,3,5.46,3,0.05200521110370755
263,3,1000,3,3.36,1,0.052004994351416825
263,4,1000,3,3.03,1,0.0520045491233468
263,5,1000,3,3.02,1,0.05200408080592751
263,6,1000,3,3.06,1,0.052003911845386025
263,7,1000,3,3.01,1,0.052004383523017166
263,8,1000,3,3.01,1,0.052004069589078425
263,9,1000,2,2.96,1,0.05200415033474565
263,10,1000,2,2.89,1,0.052003596525639295
263,11,1000,3,4.51,4,0.052003909889608624
263,12,1000,3,4.02,3,0.05200364103168249
263,13,1000,3,3.18,1,0.05200360039994121
263,14,1000,3,3.92,2,0.05200408102571964
263,15,1000,3,3.89,2,0.052003929518163204
263,16,1000,3,3.87,2,0.05200414600595832
263,17,672,3,10.0,3,0.05200457327910477
263,18,230,6,10.0,3,0.05200439001555028
263,19,106,2,10.09,10,0.05200388419600028
263,20,113,4,10.05,3,0.05200480837869433
263,21,115,4,10.02,3,0.052006098498468815
263,22,152,6,10.08,1,0.05200737692709816
263,23,1000,2,4.16,12,0.052006699979305265
263,24,124,4,10.08,3,0.05200609642892114
263,25,118,4,10.03,3,0.05200601855324487
263,26,122,4,10.08,3,0.05200609613637455
263,27,108,3,10.04,6,0.05200622082446461
263,28,279,4,10.0,3,0.05200663649587221
263,29,141,4,10.05,5,0.0520077535605177
263,30,1000,2,3.66,2,0.05200755031406879
263,31,826,5,10.0,3,0.052007420601877984
263,32,134,5,10.03,5,0.052007153102043846
263,33,119,3,10.06,15,0.0520068784909589
263,34,1000,3,5.42,3,0.05200770776718855
263,35,121,4,10.04,5,0.05200835166514412
263,36,146,3,10.05,10,0.05200895133798253
263,37,1000,1,3.01,5,0.05200904893130064
263,38,905,4,10.0,4,0.05200935666814693
263,39,1000,3,6.34,1,0.052009646166116
263,40,1000,1,2.8,3,0.05201014366000891
263,41,1000,2,9.53,5,0.052010084297508
263,42,122,5,10.0,3,0.05200993703281293
263,43,111,4,10.02,3,0.05201004932189847
263,44,111,5,10.06,3,0.052011084784795575
263,45,108,4,10.03,5,0.05201134151192727
263,46,1000,2,2.94,1,0.05201143741235137
263,47,1000,2,3.71,3,0.05201112060621381
263,48,780,3,10.0,4,0.05201117016661626
263,49,1000,3,3.9,1,0.05201175798848271
263,50,1000,2,4.29,5,0.05201259133219719
263,51,1000,3,4.13,2,0.05201349338889122
263,52,1000,1,2.7,2,0.052013633988797665
264,1,1000,3,5.28,3,-0.144758977368474
264,2,1000,3,6.06,3,-0.14475883193314076
264,3,1000,4,7.62,5,-0.14475865027308463
264,4,1000,4,8.91,7,-0.14475857220590116
264,5,1000,4,4.48,3,-0.14475893414020538
264,6,1000,5,5.71,3,-0.1447585475742817
264,7,229,4,10.08,5,-0.1447585294080093
264,8,1000,5,9.63,3,-0.1447584933936596
264,9,244,5,10.03,3,-0.14475891281102524
264,10,1000,4,9.06,4,-0.1447587619125843
264,11,1000,4,9.1,7,-0.14475863246619702
264,12,1000,5,6.45,3,-0.14475930427014827
264,13,1000,4,5.92,3,-0.14475984959304333
264,14,1000,3,4.34,2,-0.14476020742952825
264,15,1000,2,3.93,2,-0.1447600785046816
264,16,1000,2,5.15,9,-0.14476054245233536
264,17,1000,3,4.26,2,-0.1447607242912054
264,18,1000,2,3.73,4,-0.14476080912351608
264,19,1000,4,3.75,4,-0.1447606416940689
264,20,1000,2,3.16,3,-0.1447606404274702
264,21,1000,2,3.74,5,-0.14476087673008442
264,22,841,3,10.0,5,-0.14476168192878772
264,23,1000,3,3.64,2,-0.14476202541589736
264,24,1000,3,4.17,4,-0.14476332764327526
264,25,1000,3,3.47,3,-0.14476327073574066
264,26,1000,2,2.85,1,-0.14476378904283047
265,1,1000,3,5.31,3,0.048212392672896384
265,2,1000,3,3.76,2,0.048212552793323996
265,3,1000,3,4.43,2,0.048212991777807475
265,4,1000,3,3.68,2,0.04821330625191331
265,5,1000,3,3.48,2,0.048213366024196146
265,6,1000,2,3.26,2,0.04821348679438233
265,7,1000,2,4.42,4,0.04821363065391779
265,8,1000,2,3.13,3,0.048213956367224454
265,9,1000,2,3.28,4,0.04821428943052888
265,10,1000,2,3.29,4,0.04821480275690555
265,11,1000,2,2.69,1,0.04821499064564705
265,12,1000,2,3.12,3,0.048215641897171736
265,13,1000,3,3.83,5,0.048214915301650764
265,14,1000,4,7.64,3,0.04821522940322757
265,15,1000,3,4.1,3,0.048215697813779115
265,16,1000,1,2.82,3,0.048215376794338224
265,17,1000,1,2.59,1,0.04821554198861122
265,18,1000,2,4.92,5,0.04821547740325332
265,19,1000,2,3.01,2,0.048214701667428014
265,20,1000,3,3.36,3,0.04821450786665082
265,21,1000,3,4.01,7,0.04821429876983166
265,22,1000,2,4.0,4,0.048213895708322525
265,23,1000,3,3.68,2,0.04821373693272472
265,24,1000,2,3.34,2,0.04821412729471922
265,25,1000,2,3.33,2,0.04821300864592194
265,26,1000,1,2.7,2,0.04821304950863123
266,1,1000,3,5.23,3,-0.09144969853013754
266,2,1000,3,5.99,3,-0.09145030634105206
266,3,1000,4,8.42,3,-0.09145057521015405
266,4,1000,3,7.9,3,-0.09145058768987656
266,5,1000,3,9.44,3,-0.09145093519240617
266,6,1000,3,5.82,2,-0.09145098595321179
266,7,239,5,10.05,3,-0.0914507367683255
266,8,177,5,10.05,3,-0.0914512256023574
266,9,1000,2,5.82,9,-0.09145185287296773
266,10,1000,3,4.17,3,-0.09145155028998851
266,11,1000,3,5.34,3,-0.09145207224041224
266,12,108,3,10.03,7,-0.09145176396877677
266,13,108,3,10.07,3,-0.09145067577008847
266,14,1000,3,4.3,1,-0.09145132227241994
266,15,1000,2,3.61,6,-0.09145218444615602
266,16,1000,2,3.6,3,-0.09145220512151718
266,17,1000,2,4.99,5,-0.09145322176814079
266,18,576,3,10.0,3,-0.09145313322854538
266,19,1000,2,3.7,3,-0.09145327143371106
266,20,1000,2,3.39,3,-0.09145306783169507
266,21,1000,2,3.39,3,-0.09145254885405302
266,22,1000,4,4.26,3,-0.0914537677243352
266,23,1000,4,4.13,3,-0.0914541711062193
266,24,1000,2,2.63,1,-0.09145471453666687
266,25,1000,2,2.66,1,-0.09145714342594147
266,26,1000,2,2.63,1,-0.09145806729793549
267,1,1000,3,5.29,3,-0.08791606292873622
267,2,1000,3,4.92,3,-0.08791483498364687
267,3,1000,3,5.39,3,-0.08791455136239529
267,4,1000,2,3.25,2,-0.08791428586095572
267,5,1000,3,7.64,6,-0.08791398995369673
267,6,1000,3,5.54,2,-0.08791427958011627
267,7,1000,3,7.61,3,-0.08791366872936487
267,8,1000,3,7.51,3,-0.08791284616291523
267,9,1000,4,5.01,4,-0.08791220309585333
267,10,1000,3,3.38,1,-0.0879132412225008
267,11,1000,2,7.86,5,-0.08791231663525105
267,12,1000,3,6.04,3,-0.0879124822318554
267,13,1000,3,7.4,2,-0.0879121323004365
267,14,1000,2,6.75,4,-0.08791233171522618
267,15,1000,2,4.1,4,-0.08791292084008455
267,16,1000,2,3.68,3,-0.08791361534595489
267,17,1000,3,6.73,3,-0.0879137783497572
267,18,112,3,10.1,7,-0.08791354424985391
267,19,954,5,10.0,2,-0.08791388079242886
267,20,1000,5,7.97,4,-0.08791350438445807
267,21,430,5,10.0,4,-0.08791299897224404
267,22,105,3,10.0,6,-0.08791281680266062
267,23,124,3,10.02,3,-0.08791263984336008
267,24,1000,3,9.03,2,-0.08791266840696335
267,25,107,3,10.08,5,-0.0879126045609189
267,26,151,4,10.08,5,-0.08791244237233471
267,27,1000,3,4.06,4,-0.08791207370907068
267,28,1000,2,4.11,4,-0.08791147525608539
267,29,1000,3,5.98,2,-0.08791068422049284
267,30,1000,1,2.62,1,-0.0879102498292923
267,31,1000,1,2.73,2,-0.087909711509943
267,32,1000,2,3.12,3,-0.0879103310778737
267,33,284,5,10.0,3,-0.0879108047139057
267,34,676,5,10.0,3,-0.08790901394770342
267,35,100,3,10.04,3,-0.0879093960672617
267,36,1000,4,4.78,3,-0.08790976877510548
267,37,1000,3,7.94,7,-0.0879084026440978
267,38,423,4,10.0,7,-0.08790726027942436
267,39,1000,2,3.29,2,-0.08790792422741651
267,40,1000,1,2.7,2,-0.08790671729296445
268,1,1000,3,5.24,3,-0.14007132691144944
268,2,1000,3,3.69,2,-0.14007168132066727
268,3,1000,2,3.02,2,-0.1400715250968933
268,4,1000,3,3.83,2,-0.14007118013501169
268,5,1000,3,4.18,3,-0.14007087740302085
268,6,1000,2,3.56,3,-0.14006926898658276
268,7,117,5,10.02,3,-0.14006946815384758
268,8,120,5,10.07,1,-0.14007062911987306
268,9,1000,2,3.63,4,-0.14006933240592478
268,10,1000,3,5.1,3,-0.14006718292832374
268,11,1000,2,2.81,1,-0.14006446380913257
268,12,1000,4,4.56,1,-0.1400637009590864
268,13,1000,2,5.24,7,-0.14006297832727432
268,14,1000,2,5.24,7,-0.14006115911900996
268,15,1000,3,8.75,5,-0.14006199385225773
268,16,121,4,10.05,3,-0.14006099917671896
268,17,1000,4,9.83,2,-0.14006219813227652
268,18,1000,4,5.02,1,-0.1400630268007517
268,19,1000,5,6.99,1,-0.14006219407916068
268,20,1000,3,3.11,1,-0.14005992084741592
268,21,1000,2,4.39,4,-0.1400594022423029
268,22,1000,2,3.07,4,-0.14005723530054093
268,23,1000,3,6.49,7,-0.14005603525042534
268,24,159,4,10.02,5,-0.14005611855653846
268,25,259,4,10.0,2,-0.14005699178426884
268,26,1000,4,6.17,5,-0.1400547513961792
268,27,1000,2,3.23,2,-0.14005200573801993
268,28,1000,1,2.86,4,-0.14004759258031846
269,1,1000,3,5.23,3,0.06358866424113511
269,2,1000,3,4.07,3,0.06358898568153382
269,3,1000,2,3.56,4,0.06358935576677323
269,4,1000,3,7.1,7,0.06358937740325928
269,5,1000,3,4.37,2,0.06358925261348486
269,6,1000,2,2.99,1,0.06358941446244716
269,7,1000,2,2.7,1,0.06358896270394325
269,8,1000,1,2.58,2,0.06358913779258728
269,9,1000,2,3.61,2,0.06358955248445272
269,10,1000,2,3.39,3,0.06358814842253924
269,11,109,4,10.09,3,0.06358683259662139
269,12,1000,5,9.31,1,0.06358779251575469
269,13,1000,5,7.35,1,0.0635877075791359
269,14,1000,3,4.0,1,0.0635881658270955
269,15,1000,2,5.06,3,0.06358840519934893
269,16,671,3,10.0,5,0.06358790460935115
269,17,664,3,10.0,5,0.06358703441289534
269,18,1000,3,5.46,3,0.06358669697493315
269,19,1000,3,5.61,2,0.06358470790088176
269,20,1000,3,4.56,1,0.06358448744565248
269,21,1000,3,3.75,1,0.06358401520550251
269,22,1000,3,4.84,1,0.0635840003862977
269,23,1000,2,6.78,7,0.06358420514315367
269,24,1000,2,7.11,6,0.06358384443819523
269,25,136,4,10.1,2,0.06358309336664046
269,26,945,5,10.0,2,0.06358305277332427
269,27,114,4,10.08,4,0.06358273046319945
269,28,115,4,10.05,6,0.0635829451939334
269,29,1000,3,6.23,6,0.06358113031834364
269,30,1000,3,4.76,5,0.06358260132372379
269,31,1000,2,2.89,2,0.06358295361697673
269,32,1000,2,2.96,3,0.06358148807287216
270,1,1000,3,5.34,3,0.02641625952348113
270,2,1000,3,5.16,3,0.02641698860563338
270,3,1000,4,6.75,3,0.026417258774861695
270,4,1000,4,8.28,3,0.026417766984552143
270,5,1000,4,7.5,2,0.026418162297457456
270,6,1000,4,5.41,1,0.026419568130746484
270,7,1000,4,5.3,1,0.026420764561742544
270,8,1000,4,5.42,1,0.026422692108899356
270,9,1000,4,5.28,1,0.02642453266121447
270,10,1000,4,9.37,3,0.026425248891115187
270,11,115,4,10.04,6,0.026426021625166354
270,12,1000,3,6.17,3,0.026426257934421302
270,13,1000,3,4.95,2,0.0264269157089293
270,14,1000,3,4.93,2,0.026428196508437394
270,15,1000,4,6.41,2,0.02642937362752855
270,16,125,4,10.01,4,0.026430509731173515
270,17,728,4,10.0,3,0.026431328153933634
270,18,321,4,10.0,3,0.026432012495036437
270,19,1000,4,8.58,2,0.026432636719197034
270,20,1000,4,6.18,1,0.026433132061734796
270,21,1000,4,6.19,1,0.02643387299589813
270,22,1000,4,6.17,1,0.026434343231841923
270,23,1000,4,6.74,1,0.02643486769683659
270,24,1000,4,5.54,1,0.026434601729735732
270,25,1000,4,4.66,1,0.026435495052486657
270,26,1000,4,8.52,1,0.026436244655400516
270,27,985,4,10.0,2,0.026436999738972806
270,28,1000,3,6.03,3,0.026436304513365032
270,29,1000,3,8.45,4,0.026435396380722523
270,30,1000,2,6.01,9,0.026435828100889923
270,31,1000,2,3.08,3,0.026433737009763716
270,32,1000,3,5.44,14,0.026432868944481016
270,33,1000,2,4.25,6,0.026432051680982113
270,34,1000,1,3.16,7,0.026430968903005125
270,35,1000,1,3.16,7,0.02643016194179654
270,36,1000,1,3.16,7,0.026429583664983512
270,37,1000,1,3.28,8,0.02643028238043189
270,38,1000,1,3.35,9,0.026430941212922335
271,1,1000,3,5.36,3,0.04610194917395711
271,2,1000,3,5.43,3,0.04610235974937677
271,3,1000,3,3.35,3,0.04610239427909255
271,4,1000,2,3.54,2,0.04610278192162514
271,5,1000,3,4.34,2,0.04610261538997293
271,6,1000,2,3.4,3,0.046103390488773585
271,7,1000,2,4.05,3,0.046103649102151395
271,8,1000,2,4.46,3,0.04610388813540339
271,9,1000,2,3.31,1,0.04610453816503286
271,10,1000,3,4.0,2,0.04610523071140051
271,11,1000,3,6.82,7,0.046105263404548166
271,12,1000,3,4.93,3,0.04610575222596526
271,13,1000,3,5.35,3,0.04610515888780355
271,14,1000,2,4.53,3,0.04610480454191566
271,15,1000,2,3.48,1,0.04610506424307823
271,16,1000,3,4.69,4,0.04610510229691863
271,17,1000,3,4.72,3,0.04610572216287255
271,18,1000,2,5.9,4,0.04610599832236767
271,19,1000,4,3.38,3,0.04610560978204012
271,20,1000,1,2.61,1,0.046105291694402695
272,1,1000,3,5.24,3,0.010942039139568805
272,2,1000,3,5.82,3,0.010941570652648806
272,3,1000,3,8.62,5,0.010940881416201592
272,4,1000,3,5.04,2,0.010941134985536336
272,5,1000,3,6.06,2,0.010941654046997427
272,6,1000,3,4.36,2,0.010941780829802156
272,7,1000,3,6.27,3,0.010941537296399474
272,8,1000,3,3.59,3,0.01094169168919325
272,9,1000,2,3.9,5,0.010941286087036133
272,10,1000,1,2.92,5,0.010941166531294583
272,11,1000,2,3.65,4,0.010942069474607706
272,12,1000,2,3.04,2,0.010942283432930707
272,13,1000,1,2.64,2,0.01094208680279553
272,14,1000,1,2.94,5,0.010941623337566852
272,15,1000,1,2.62,2,0.010941796153783798
272,16,1000,3,6.5,3,0.010942126194015146
272,17,1000,2,3.22,2,0.010942498322576284
272,18,1000,2,3.35,3,0.010942298779264092
272,19,1000,1,3.28,8,0.010942775929346681
272,20,1000,2,3.62,4,0.010943202355876565
272,21,534,3,10.0,8,0.010943409058959519
272,22,1000,3,7.99,5,0.010942711513489484
272,23,116,4,10.07,3,0.010941892653575232
272,24,112,4,10.07,5,0.01094194661293711
272,25,109,4,10.06,3,0.010942873955114719
272,26,1000,3,6.3,4,0.010943791341036558
272,27,1000,3,7.85,4,0.0109430320430547
272,28,1000,4,8.99,4,0.010943113904446364
272,29,1000,3,5.25,4,0.010943879902362823
272,30,1000,2,4.48,4,0.010943930318579077
272,31,127,3,10.06,5,0.010943781694499995
272,32,117,4,10.01,5,0.010944086461304089
272,33,121,5,10.07,3,0.01094429936136835
272,34,113,4,10.02,2,0.010943710037498874
272,35,113,4,10.0,2,0.010943728070541293
272,36,112,4,10.0,5,0.010943087765813939
272,37,122,4,10.01,6,0.010942916660645946
272,38,114,4,10.02,6,0.010942621532370123
272,39,134,3,10.04,4,0.010942420004797516
272,40,241,2,10.0,12,0.010942680625963755
272,41,104,3,10.07,6,0.010942621371493889
272,42,151,5,10.02,2,0.010941656238541302
272,43,137,4,10.01,3,0.010941835018350695
272,44,119,4,10.1,3,0.010941623584876041
272,45,104,3,10.05,10,0.010940789012238383
272,46,114,3,10.08,11,0.010939756637079674
272,47,117,4,10.02,11,0.0109391185001303
272,48,352,5,10.1,7,0.010938404101497408
272,49,1000,4,9.28,3,0.010937721438705921
273,1,1000,3,5.19,3,0.002126053811982274
273,2,1000,3,5.72,3,0.002125946158543229
273,3,1000,3,6.27,3,0.002126075513660908
273,4,1000,3,6.25,3,0.0021260535698384045
273,5,1000,3,5.06,2,0.0021268043257296086
273,6,1000,3,4.51,1,0.0021274765189737083
273,7,1000,3,6.37,2,0.002127052241936326
273,8,636,3,10.0,5,0.0021269275695554118
273,9,1000,3,8.89,4,0.0021273886337876318
273,10,648,3,10.0,5,0.002128395214561879
273,11,1000,3,7.16,3,0.0021292969193309544
273,12,1000,3,7.9,3,0.0021289768274873493
273,13,1000,3,6.67,2,0.002128599451854825
273,14,1000,3,8.79,3,0.0021289012767374514
273,15,1000,3,4.5,1,0.0021292000822722913
273,16,710,3,10.0,5,0.0021296340093331437
273,17,1000,3,7.48,3,0.002129206635057926
273,18,1000,3,7.86,3,0.002129681121557951
273,19,1000,3,8.38,3,0.0021297241169959307
273,20,1000,3,7.55,3,0.002129870047792792
273,21,841,3,10.0,5,0.00212941723227873
273,22,805,3,10.0,5,0.002129896369803211
273,23,1000,2,4.01,3,0.0021299096271395683
273,24,156,4,10.03,5,0.002130887721880124
273,25,147,4,10.04,5,0.002131768708199668
273,26,118,4,10.07,5,0.0021327238892978532
273,27,1000,4,7.8,3,0.0021324470359832047
273,28,1000,3,7.64,4,0.0021314659379422663
273,29,1000,3,9.61,3,0.0021311352010816337
273,30,95,3,10.05,3,0.0021315982418232842
273,31,122,4,10.03,3,0.0021318279313625858
273,32,1000,2,3.68,3,0.0021326343566179275
273,33,1000,4,5.41,3,0.00213222230784595
273,34,1000,3,5.9,2,0.002131865842267871
273,35,1000,3,3.99,3,0.0021315835248678925
273,36,1000,3,3.01,1,0.0021314492709934713
273,37,1000,3,4.26,2,0.002132414286956191
273,38,1000,3,8.36,1,0.0021322799120098352
273,39,1000,4,5.16,1,0.0021332810763269663
273,40,117,4,10.1,3,0.0021332815711378544
273,41,102,4,10.01,3,0.0021326267525699793
273,42,96,4,10.02,3,0.002131576281196127
273,43,120,4,10.08,8,0.0021298676263540985
273,44,109,3,10.1,20,0.0021308948832709307
273,45,1000,3,5.38,3,0.002130382852628827
273,46,1000,3,4.09,1,0.002131334699690342
273,47,1000,1,2.77,3,0.002131295017898083
273,48,1000,2,3.48,5,0.0021312309242784975
273,49,1000,2,4.18,1,0.0021296874657273294
273,50,1000,0,2.44,0,0.0021342490799725056
274,1,1000,3,5.29,3,0.04168136328831315
274,2,1000,3,4.56,2,0.04168288850411773
274,3,1000,3,4.26,2,0.04168335309997201
274,4,1000,3,3.36,3,0.041682801876217125
274,5,1000,3,3.37,3,0.041681915905326605
274,6,1000,4,3.78,3,0.041681996043771506
274,7,1000,3,4.01,5,0.041682847272604705
274,8,142,6,10.06,3,0.04168213295264983
274,9,153,5,10.02,3,0.04168192336177514
274,10,151,4,10.1,5,0.04168040769187031
274,11,1000,1,2.88,4,0.04167995924502611
274,12,1000,1,2.65,2,0.04167939772456884
274,13,1000,2,4.8,3,0.0416786195486784
274,14,106,4,10.1,4,0.041679090134940054
274,15,109,4,10.03,4,0.04167887602650791
274,16,1000,4,6.05,3,0.04167847080528736
274,17,1000,4,5.27,4,0.04167802169919014
274,18,1000,4,4.96,4,0.04167726770043373
274,19,1000,2,3.49,2,0.04167605483904481
275,1,1000,3,5.26,3,-0.032430678702890875
275,2,1000,3,4.62,3,-0.03243033987283707
275,3,1000,3,4.93,2,-0.0324298160597682
275,4,1000,2,3.61,3,-0.0324297702088952
275,5,1000,2,3.23,2,-0.032429896980524064
275,6,1000,1,2.74,3,-0.03242991596460342
275,7,1000,1,2.76,3,-0.03242975604534149
275,8,519,3,10.0,7,-0.032429711164651806
275,9,1000,3,7.28,2,-0.03242934509366751
275,10,130,3,10.08,7,-0.03242882851224679
275,11,1000,3,7.98,3,-0.032428388103842735
275,12,1000,3,7.11,3,-0.03242847704142332
275,13,1000,3,6.25,3,-0.03242838334292173
275,14,133,4,10.09,6,-0.032428127286353504
275,15,1000,2,4.52,3,-0.03242774406820536
275,16,1000,3,3.82,1,-0.03242767223715782
275,17,1000,3,5.19,3,-0.03242883570492268
275,18,1000,3,5.2,2,-0.03242924061045051
275,19,747,2,10.0,13,-0.03242948389994891
275,20,1000,2,7.28,7,-0.03242951887845993
275,21,1000,2,4.25,3,-0.03242971301078797
275,22,1000,2,2.96,1,-0.03242967647314072
275,23,1000,3,4.14,1,-0.03242978231608867
275,24,1000,3,6.97,1,-0.032430112093687055
275,25,1000,2,8.84,13,-0.03243122991919518
275,26,1000,1,2.74,3,-0.032431408762931824
275,27,1000,2,4.45,4,-0.03243121678382158
275,28,115,4,10.01,3,-0.03243148300958716
275,29,123,5,10.0,3,-0.03243149998711377
275,30,1000,5,9.8,1,-0.03243162708729506
275,31,113,4,10.11,9,-0.03243110454187984
275,32,114,4,10.02,3,-0.032431449675769136
275,33,115,5,10.04,3,-0.03243082068536592
275,34,157,6,10.08,1,-0.03243147861805691
275,35,157,6,10.06,1,-0.032431307776718384
275,36,112,5,10.07,1,-0.03243030487958874
275,37,111,5,10.01,1,-0.03243113805850347
275,38,111,5,10.09,2,-0.032432962074741584
275,39,1000,4,8.07,2,-0.032432762783020735
275,40,1000,3,5.18,3,-0.03243233013898134
275,41,1000,4,8.51,3,-0.03243236534297466
275,42,118,4,10.04,3,-0.03243143603963367
275,43,1000,3,7.3,3,-0.03243249658495188
275,44,1000,3,5.8,2,-0.032432063572108746
275,45,1000,3,4.31,2,-0.03243178252875805
275,46,1000,3,4.33,2,-0.03243185915052891
275,47,1000,5,4.23,2,-0.03243217188119888
275,48,950,4,10.0,1,-0.032430964324035146
275,49,109,4,10.11,1,-0.0324305086097586
275,50,98,4,10.06,1,-0.03243036210841062
275,51,1000,4,8.27,1,-0.032429992005228996
275,52,121,4,10.05,1,-0.032429546856683145
275,53,112,4,10.07,1,-0.03243180690333247
275,54,167,3,10.05,4,-0.03243320963964491
275,55,105,4,10.05,3,-0.03243279911222912
275,56,107,4,10.01,3,-0.032433622177237664
275,57,130,5,10.05,5,-0.03243443920062138
275,58,147,5,10.09,3,-0.03243562551278646
275,59,109,4,10.05,3,-0.03243637888119855
275,60,129,5,10.06,3,-0.03243619775356248
275,61,153,5,10.08,2,-0.03243738042762856
275,62,89,4,10.03,10,-0.03243718421861027
276,1,1000,3,5.43,3,0.10015777318179607
276,2,1000,3,3.82,3,0.1001579668596387
276,3,1000,3,5.14,3,0.1001580441519618
276,4,1000,3,3.05,1,0.10015807989984751
276,5,1000,3,3.39,1,0.10015730489790439
276,6,1000,5,6.25,3,0.10015736956894397
276,7,1000,5,9.2,1,0.10015716218203306
276,8,1000,5,5.8,3,0.1001564896851778
276,9,1000,2,2.72,1,0.10015736520290375
276,10,1000,2,3.13,3,0.10015811370313167
276,11,1000,1,2.91,4,0.1001579218506813
276,12,1000,2,5.44,2,0.10015816743671895
276,13,306,4,10.05,14,0.10015746507964103
276,14,1000,2,3.47,3,0.10015867495536804
276,15,1000,2,3.45,3,0.1001592057198286
276,16,1000,2,3.36,2,0.10015853144228458
276,17,1000,2,4.7,3,0.10015823160856963
276,18,1000,3,6.81,3,0.10015834649652243
276,19,1000,3,4.89,1,0.10015827107429505
276,20,121,5,10.04,3,0.10015798224644228
276,21,1000,5,8.42,1,0.1001586834192276
276,22,1000,4,6.53,4,0.10015808037668467
276,23,1000,2,3.33,4,0.10015856823325157
276,24,801,4,10.0,3,0.1001587308078223
276,25,1000,4,4.72,1,0.10015885638445615
276,26,1000,4,5.56,1,0.10015847505629062
276,27,1000,3,4.92,1,0.10015956696867943
276,28,1000,1,3.92,14,0.10016151793301105
276,29,1000,1,3.85,13,0.10016254249960184
276,30,1000,1,2.81,3,0.10016206982731819
276,31,1000,3,3.01,1,0.10016187619417906
276,32,1000,2,4.55,4,0.10016155172139406
276,33,1000,5,4.95,3,0.10015927959233523
276,34,1000,3,4.64,3,0.10015997863560915
276,35,1000,4,4.66,3,0.10016116793453693
276,36,103,3,10.09,6,0.10016181905871456
276,37,1000,2,4.91,3,0.10016169749200345
276,38,1000,2,4.98,3,0.10016171632707119
276,39,1000,3,8.3,2,0.1001618809401989
276,40,111,4,10.08,3,0.1001617164090947
276,41,108,4,10.0,3,0.10015851424800025
276,42,116,4,10.02,3,0.10015877920748859
276,43,1000,2,2.71,1,0.10015805065631866
276,44,1000,2,3.72,1,0.10015867545455694
276,45,1000,3,7.94,4,0.10016035821288824
276,46,1000,3,6.69,2,0.10016395167261362
276,47,106,4,10.06,3,0.10016382035781753
276,48,1000,5,8.38,2,0.1001625464707613
276,49,1000,3,5.59,2,0.10016343252360821
276,50,254,6,10.08,2,0.10016294524777593
276,51,124,6,10.03,1,0.10016366845417407
276,52,988,6,10.0,3,0.10016249481452863
276,53,124,6,10.09,2,0.10016117106762625
276,54,118,4,10.05,9,0.1001603374162973
276,55,1000,4,5.15,1,0.10016052370518445
276,56,1000,4,5.05,1,0.10016070619225502
276,57,745,4,10.0,8,0.10016012609805036
276,58,1000,3,4.4,6,0.10016115854680538
276,59,1000,3,3.24,1,0.10016109789162875
276,60,1000,4,3.18,1,0.10016093788295985
276,61,1000,4,5.02,4,0.10016172214597463
276,62,1000,3,4.66,7,0.10016195411235095
276,63,1000,2,3.17,3,0.10016268914937973
276,64,1000,4,6.67,10,0.10016203574091197
276,65,170,5,10.02,2,0.10016310618204229
276,66,123,5,10.04,2,0.10016301219783179
276,67,894,5,10.0,1,0.10016233564023204
276,68,1000,5,8.38,1,0.10016438168287277
276,69,1000,4,7.18,1,0.10016475673019885
276,70,1000,4,4.23,1,0.10016578087955713
276,71,1000,4,5.09,1,0.10016598917543888
276,72,1000,4,5.24,1,0.10016643713414669
276,73,1000,4,6.06,2,0.1001666734367609
276,74,1000,3,5.96,4,0.10016763093322516
276,75,1000,2,4.66,5,0.10016831935197115
276,76,116,5,10.1,3,0.10016860189879763
276,77,1000,4,9.46,3,0.10016762588918209
276,78,623,3,10.0,2,0.10016750604105608
276,79,1000,3,3.1,1,0.10016756266355514
276,80,1000,2,2.73,1,0.10016809403896332
276,81,1000,2,3.0,2,0.10016705256700516
276,82,1000,2,2.79,1,0.10016734898090363
276,83,1000,1,2.65,1,0.10016828030347824
276,84,1000,1,2.63,1,0.10016972571611404
276,85,1000,1,2.66,1,0.1001708060503006
276,86,1000,1,2.87,3,0.10016967728734016
276,87,1000,1,2.75,2,0.10016874637454748
277,1,1000,3,5.32,3,0.019676398929208517
277,2,1000,3,4.94,3,0.01967596031539142
277,3,1000,2,3.07,2,0.019675835030153393
277,4,1000,3,3.86,2,0.019675916777923703
277,5,1000,2,3.48,2,0.019676290629431607
277,6,1000,1,2.63,2,0.019676527608186008
277,7,1000,2,3.18,6,0.019677155304700135
277,8,1000,2,3.08,2,0.019677388666197657
277,9,1000,2,3.67,4,0.019676794029772283
277,10,1000,1,2.97,5,0.01967742164619267
277,11,1000,2,3.97,5,0.01967735918238759
277,12,1000,1,2.75,3,0.019676533596590162
277,13,1000,1,2.85,4,0.019675959376618268
277,14,1000,2,3.92,2,0.01967572695761919
277,15,1000,2,4.45,4,0.019675003038719295
277,16,167,5,10.01,2,0.01967495958694441
277,17,141,6,10.01,1,0.01967409222736849
277,18,1000,5,8.65,3,0.01967294922284782
277,19,1000,5,4.55,2,0.019673051411285995
277,20,1000,4,3.37,1,0.019673727288842202
277,21,173,5,10.05,2,0.019674846536420675
277,22,1000,4,8.43,2,0.019674873700365424
277,23,127,4,10.09,3,0.019673444198693817
277,24,1000,2,3.67,3,0.01967300108075142
277,25,1000,2,2.78,1,0.019673331651836632
277,26,145,5,10.08,3,0.01967432450117736
277,27,1000,3,4.3,2,0.019673655653372406
277,28,1000,4,8.84,3,0.01967430611141026
277,29,1000,3,4.56,4,0.019672668732702733
277,30,157,3,10.08,4,0.01967457948833894
277,31,1000,2,4.08,2,0.019675564635545015
277,32,1000,1,3.12,6,0.019675697561353445
277,33,1000,2,4.86,4,0.01967623015679419
277,34,1000,4,7.0,5,0.019676013316959142
277,35,213,5,10.01,3,0.019675158244063597
277,36,1000,4,8.4,3,0.019674484524875878
277,37,114,4,10.01,3,0.01967424379759713
277,38,108,5,10.0,3,0.019672194375070156
277,39,357,6,10.08,1,0.019671045228087602
277,40,1000,4,5.84,3,0.019670066293329
277,41,1000,3,5.26,3,0.019669273572042584
277,42,1000,3,4.76,4,0.019668818943202496
277,43,1000,2,3.52,2,0.019669218331575394
277,44,1000,2,4.35,2,0.01966958386823535
277,45,1000,2,3.72,3,0.01967001219280064
277,46,113,5,10.03,3,0.019668619865469174
277,47,107,3,10.04,8,0.019667224001104586
277,48,126,5,10.01,5,0.019667852773434587
277,49,104,4,10.05,3,0.01966732401902286
277,50,113,4,10.03,11,0.01966695086948112
277,51,105,4,10.02,4,0.01966679124605088
277,52,379,5,10.08,3,0.019665785969325923
278,1,1000,3,5.29,3,-0.07493252746015787
278,2,1000,3,5.01,3,-0.07493347585201264
278,3,1000,4,3.8,3,-0.0749342423081398
278,4,1000,2,3.34,3,-0.07493435885757208
278,5,1000,2,2.82,2,-0.07493381735682487
278,6,1000,2,3.74,4,-0.07493378902226687
278,7,1000,2,3.65,3,-0.07493443791568279
278,8,1000,2,2.85,1,-0.07493441548943519
278,9,1000,2,2.6,1,-0.07493474334478378
278,10,1000,1,2.75,3,-0.07493489564210176
278,11,1000,1,2.71,3,-0.07493479636311531
278,12,1000,1,2.71,3,-0.07493415912985801
278,13,1000,1,3.2,7,-0.07493500711768866
278,14,1000,4,8.74,3,-0.07493543070554733
278,15,1000,3,4.02,4,-0.07493468181788922
278,16,1000,3,3.28,1,-0.07493387980014085
278,17,1000,3,4.39,3,-0.07493524346500635
278,18,1000,1,2.5,1,-0.07493411749601364
279,1,1000,3,5.28,3,0.12098449861258269
279,2,1000,3,4.94,3,0.1209845734834671
279,3,1000,4,7.62,3,0.12098443309962749
279,4,1000,3,6.31,3,0.12098413882404566
279,5,1000,3,6.19,3,0.12098448390513658
279,6,1000,3,6.31,3,0.1209843656271696
279,7,1000,3,3.74,1,0.12098360032588243
279,8,1000,3,3.74,1,0.12098401454091072
279,9,1000,3,4.44,1,0.12098511964827775
279,10,1000,3,4.04,1,0.12098614787310362
279,11,1000,3,4.06,1,0.12098610311746598
279,12,1000,3,8.35,12,0.12098683693259954
279,13,1000,3,3.76,1,0.12098701047152281
279,14,1000,3,3.71,1,0.12098740167915821
279,15,1000,3,3.73,1,0.12098789037019014
279,16,1000,3,3.78,1,0.12098790197074413
279,17,1000,3,3.82,1,0.12098845098912715
279,18,1000,3,3.76,1,0.12098720890283585
279,19,1000,3,3.71,1,0.12098757772892714
279,20,1000,3,3.76,1,0.12098835769295692
279,21,1000,3,3.73,1,0.12098914991319179
279,22,1000,3,3.74,1,0.12098998783528805
279,23,1000,3,6.26,3,0.12099145825952291
279,24,1000,3,9.96,6,0.12099156887829304
279,25,1000,3,7.43,3,0.12099184629321098
279,26,105,3,10.01,11,0.12099170152630125
279,27,102,3,10.06,5,0.12099050124194108
279,28,1000,2,5.89,7,0.12099120216071606
279,29,107,4,10.06,3,0.12099048014834662
279,30,145,5,10.07,2,0.12099033655791447
279,31,1000,5,9.51,1,0.12098972130566836
279,32,1000,4,7.57,3,0.12099093583971263
279,33,1000,3,4.41,3,0.1209915816411376
279,34,1000,2,4.44,5,0.1209926262050867
279,35,83,4,10.05,1,0.12099183198199215
279,36,90,5,10.09,1,0.12099207821819517
279,37,107,5,10.01,1,0.12099307218444681
279,38,1000,0,2.39,0,0.12099485099315643
280,1,1000,3,5.35,3,0.09171491309255361
280,2,1000,3,5.04,3,0.09171482445299625
280,3,1000,4,4.74,3,0.0917147293239832
280,4,1000,2,2.97,1,0.09171467828005553
280,5,1000,1,3.03,6,0.09171523313224315
280,6,1000,1,2.79,4,0.09171539290994406
280,7,1000,2,4.48,3,0.09171504159271716
280,8,116,5,10.05,3,0.09171521406749199
280,9,1000,5,8.56,2,0.09171553108841181
280,10,1000,3,4.47,5,0.09171584708988667
280,11,1000,1,2.94,5,0.09171661623567343
280,12,1000,2,4.4,4,0.09171621174365283
280,13,1000,3,5.06,2,0.09171626479923725
280,14,1000,3,3.13,2,0.09171538465470076
281,1,1000,3,5.32,3,-0.08349523311853409
281,2,1000,3,6.27,3,-0.0834944533854723
281,3,1000,3,6.3,3,-0.08349394356459379
281,4,1000,3,6.36,3,-0.08349300187826157
281,5,1000,3,7.6,4,-0.08349219760298729
281,6,1000,3,6.28,3,-0.08349116487056017
281,7,1000,3,5.5,3,-0.08349043008685111
281,8,1000,3,8.78,9,-0.08349023845046759
281,9,1000,3,6.92,2,-0.0834903539866209
281,10,1000,3,8.94,5,-0.08349015036225318
281,11,1000,3,8.92,3,-0.0834895644634962
281,12,118,3,10.02,3,-0.08348894150832951
281,13,1000,1,3.5,11,-0.08348872257769108
281,14,1000,2,3.26,3,-0.08348787111788988
281,15,1000,3,4.7,6,-0.08348537353426218
281,16,1000,2,3.6,2,-0.08348714362084865
281,17,1000,3,4.37,1,-0.08348733182996511
281,18,1000,2,4.48,8,-0.08348714558035135
281,19,1000,2,3.09,4,-0.08348643577843905
282,1,1000,3,5.33,3,-0.09382834739238023
282,2,1000,3,4.78,3,-0.09382871340215206
282,3,1000,3,4.46,3,-0.09382985633611679
282,4,1000,3,3.15,1,-0.09383093891292811
282,5,1000,3,2.9,1,-0.09383059751987458
282,6,1000,3,3.34,1,-0.09383053959906101
282,7,111,5,10.07,3,-0.09383066958403802
282,8,1000,6,7.28,1,-0.09383069015294314
282,9,1000,3,4.76,2,-0.09383046488463878
282,10,1000,4,3.67,2,-0.09383073897659779
282,11,1000,2,3.96,4,-0.09383098646998406
282,12,1000,2,5.52,3,-0.09383156395703554
282,13,1000,2,4.97,4,-0.09383158088475466
282,14,1000,4,4.54,3,-0.09383191350847482
282,15,1000,2,6.37,8,-0.09383260503411293
282,16,1000,2,4.84,6,-0.0938324506431818
282,17,108,4,10.07,3,-0.09383150362582118
282,18,131,5,10.0,4,-0.09383116383816449
282,19,1000,2,3.46,5,-0.09383086289465427
282,20,1000,3,3.86,2,-0.09383109014481306
282,21,1000,2,3.26,2,-0.09383145276457071
282,22,1000,2,3.68,2,-0.0938314339146018
282,23,120,5,10.09,2,-0.0938306376338005
282,24,814,4,10.0,3,-0.09383073731963992
282,25,153,5,10.08,3,-0.09383154592288086
282,26,1000,3,7.28,3,-0.09383173046261072
282,27,1000,5,9.92,2,-0.09383163477480412
282,28,96,2,10.03,17,-0.09383082288938265
282,29,107,4,10.02,5,-0.09382996422665141
282,30,125,3,10.08,7,-0.09383087038993836
282,31,99,4,10.03,3,-0.09383076557306329
282,32,97,4,10.09,3,-0.09383022708376658
282,33,99,4,10.09,6,-0.09383047176430924
282,34,102,3,10.06,7,-0.09383124456393953
282,35,101,4,10.07,8,-0.09383136845461212
282,36,1000,2,3.51,3,-0.09383139792084694
282,37,102,4,10.04,3,-0.09383120577709347
282,38,98,4,10.0,3,-0.09383080641225892
282,39,118,3,10.0,7,-0.0938289930128445
282,40,92,3,10.1,3,-0.09382978883450446
282,41,1000,1,3.53,10,-0.09382973959296942
283,1,1000,3,5.31,3,-0.09382776459306479
283,2,1000,3,4.79,3,-0.0938273930028081
283,3,1000,3,4.46,2,-0.09382722029834986
283,4,1000,1,2.59,2,-0.09382740608602762
283,5,1000,1,2.9,5,-0.09382728953659535
283,6,1000,2,3.93,5,-0.09382701339572667
283,7,1000,3,3.98,3,-0.09382629595696926
283,8,1000,3,3.53,3,-0.09382590050250292
283,9,1000,2,2.8,2,-0.09382613014429808
283,10,1000,1,2.6,2,-0.09382664147764444
283,11,1000,2,2.97,1,-0.09382620030641556
283,12,1000,1,2.58,2,-0.0938265781328082
283,13,1000,1,2.62,2,-0.09382605168968439
283,14,1000,1,2.84,4,-0.09382623474299907
283,15,1000,1,2.6,2,-0.09382518315315247
283,16,1000,1,3.17,7,-0.09382416160404682
283,17,1000,2,2.93,3,-0.09382266402244568
283,18,1000,1,3.06,6,-0.0938227861225605
283,19,1000,1,2.66,2,-0.09382216107845306
283,20,1000,2,4.08,4,-0.09382186722755433
283,21,1000,1,2.93,5,-0.0938214922696352
283,22,1000,2,4.76,6,-0.09382073879241944
283,23,1000,2,5.19,5,-0.09382226172089576
283,24,1000,2,6.09,6,-0.09382237465679645
283,25,1000,2,3.08,3,-0.09382137870043517
283,26,1000,3,4.33,3,-0.09382028931379319
283,27,1000,2,3.08,3,-0.09381799186766147
283,28,1000,3,3.02,1,-0.09381780665367842
283,29,1000,1,2.85,4,-0.09381750588864088
283,30,1000,1,2.59,2,-0.09381751179695129
284,1,1000,3,5.35,3,-0.13930865633487702
284,2,1000,3,4.59,3,-0.13930844214558602
284,3,1000,3,4.21,2,-0.13930905798077584
284,4,1000,3,4.25,2,-0.13930957445502282
284,5,1000,3,6.11,3,-0.13930941918492318
284,6,1000,3,7.06,3,-0.13930969886481762
284,7,1000,3,7.22,2,-0.13930985474586488
284,8,1000,2,4.02,4,-0.13931001529097556
284,9,1000,3,4.23,3,-0.13930984356999399
284,10,1000,3,5.24,4,-0.13931032502651214
284,11,1000,4,4.82,3,-0.13931010258197785
284,12,1000,5,8.81,2,-0.1393097523152828
284,13,1000,1,2.7,3,-0.13931083685159684
284,14,1000,1,2.7,3,-0.1393112833350897
284,15,1000,3,7.0,5,-0.13930990682542324
284,16,1000,3,7.73,5,-0.13931004977226258
284,17,1000,4,6.55,3,-0.13930891391634942
284,18,1000,4,9.59,3,-0.13930853909254073
284,19,108,3,10.03,9,-0.13930674973461363
284,20,114,5,10.1,4,-0.13930418198568778
284,21,97,3,10.09,3,-0.1393039903997146
284,22,107,6,10.08,2,-0.13930406358754524
284,23,1000,4,5.42,1,-0.13930466355383397
284,24,158,7,10.03,3,-0.13930457509771177
284,25,119,5,10.02,3,-0.13930344381252258
284,26,115,3,10.07,6,-0.13930143493673075
284,27,1000,5,9.34,5,-0.1393017174601555
284,28,791,3,10.0,3,-0.13930278080227101
284,29,1000,4,8.12,3,-0.13930222138762474
284,30,128,4,10.06,4,-0.13930208631791174
284,31,1000,3,7.26,3,-0.13930163575708865
284,32,1000,3,5.73,3,-0.1393025341629982
284,33,1000,3,8.48,3,-0.13930259110033513
284,34,100,3,10.09,3,-0.13930296555161475
284,35,412,5,10.07,3,-0.13930259366492623
284,36,1000,2,3.07,3,-0.13930146698653698
284,37,1000,2,3.07,3,-0.13930223977565764
284,38,1000,2,3.09,3,-0.13930271306633948
285,1,1000,3,5.39,3,-0.02734470569342375
285,2,1000,3,5.01,3,-0.027344002071768046
285,3,1000,3,5.46,3,-0.027343599289655685
285,4,1000,3,6.74,3,-0.02734307467006147
285,5,1000,4,8.93,3,-0.027342408038675783
285,6,999,4,10.0,3,-0.02734193344180052
285,7,1000,3,8.23,6,-0.0273424389436841
285,8,1000,4,7.4,3,-0.02734197269193828
285,9,1000,3,8.44,6,-0.027341668738052247
285,10,1000,3,9.19,4,-0.027340671243146063
285,11,1000,3,6.14,4,-0.027340755911543967
285,12,1000,3,7.72,5,-0.027340264700353147
285,13,1000,3,7.49,3,-0.027339791843667628
285,14,1000,3,4.56,3,-0.027339194282889365
285,15,1000,3,4.29,3,-0.027339214481413365
285,16,206,4,10.03,3,-0.02733944908001469
285,17,169,5,10.03,2,-0.02733920925688109
285,18,134,4,10.03,7,-0.02733827260003161
285,19,856,4,10.0,3,-0.02733749630382267
285,20,157,5,10.03,3,-0.027337174210104214
285,21,108,5,10.09,3,-0.027336412005954318
285,22,90,3,10.06,2,-0.02733591010587083
285,23,1000,3,4.78,4,-0.027335856908932327
285,24,1000,3,6.97,4,-0.027335243789479137
285,25,1000,3,4.97,4,-0.027334561383351684
285,26,1000,5,7.02,3,-0.027333790035918355
285,27,1000,3,4.64,3,-0.02733446610532701
285,28,1000,2,4.5,4,-0.02733258132636547
285,29,1000,3,6.94,2,-0.02733284055069089
285,30,1000,3,6.02,1,-0.02733173016831279
285,31,1000,2,3.4,2,-0.027330815782770513
285,32,1000,1,2.53,1,-0.02732948400080204
286,1,1000,3,5.39,3,-0.082960782058537
286,2,1000,3,3.72,2,-0.08296155565232038
286,3,1000,2,3.24,2,-0.08296148431301117
286,4,1000,2,2.77,1,-0.0829612382426858
286,5,1000,3,6.66,6,-0.08296165265142917
286,6,114,5,10.07,3,-0.08296086142460506
286,7,1000,5,8.17,2,-0.0829604833200574
286,8,1000,4,5.48,1,-0.08296087802946568
286,9,1000,1,3.26,8,-0.08296207892894746
286,10,1000,2,5.4,6,-0.08296307376772165
286,11,271,6,10.05,2,-0.08296337105141355
286,12,434,7,10.0,2,-0.08296370598989698
286,13,112,4,10.07,4,-0.0829641642048955
286,14,110,4,10.07,4,-0.08296366821635853
286,15,121,4,10.08,4,-0.08296401847985165
286,16,590,5,10.0,2,-0.08296436198939712
286,17,896,5,10.0,1,-0.08296407301012161
286,18,1000,5,7.99,1,-0.08296406617760659
286,19,1000,5,8.05,1,-0.08296515680849552
286,20,740,5,10.0,1,-0.08296528322672522
286,21,1000,4,5.74,1,-0.08296520974487066
286,22,129,5,10.0,1,-0.08296615503324095
286,23,1000,2,6.95,2,-0.08296675343066454
286,24,490,3,10.0,2,-0.08296684636449328
286,25,101,3,10.05,6,-0.08296729417720644
286,26,114,4,10.03,16,-0.08296841180376839
286,27,119,4,10.11,17,-0.08296736279705993
286,28,1000,4,4.8,1,-0.08296683522313833
286,29,120,6,10.01,1,-0.08296728084484736
286,30,162,5,10.02,1,-0.08296741140477451
286,31,305,4,10.0,1,-0.08296728923183973
286,32,99,4,10.09,2,-0.08296903433522793
286,33,1000,4,7.79,1,-0.08297043074667454
286,34,109,4,10.03,3,-0.08297098974842544
286,35,97,3,10.04,4,-0.08297125511255461
286,36,100,3,10.0,8,-0.08297116428613663
286,37,108,4,10.06,8,-0.0829714026853994
286,38,115,5,10.01,3,-0.08297180961007657
286,39,1000,3,6.41,3,-0.08297244586795569
286,40,1000,2,5.52,5,-0.08297162219136954
286,41,1000,2,8.54,10,-0.08297160629183054
286,42,1000,2,8.64,10,-0.08297173696756363
286,43,1000,2,6.34,5,-0.08297230370342731
286,44,1000,1,3.27,8,-0.08297110745310783
286,45,1000,1,3.88,14,-0.08297271151095628
287,1,1000,3,5.31,3,-0.08642612009495497
287,2,1000,3,4.61,3,-0.08642615205049514
287,3,1000,3,5.2,3,-0.08642581657320261
287,4,1000,3,5.21,3,-0.0864260503128171
287,5,1000,3,7.88,6,-0.08642618077993393
287,6,118,3,10.04,7,-0.0864260537013159
287,7,1000,5,8.96,2,-0.08642489596456289
287,8,1000,4,6.0,2,-0.08642526307702064
287,9,1000,2,4.5,4,-0.08642608801275492
287,10,1000,3,9.63,4,-0.08642562153190374
287,11,1000,3,8.92,7,-0.08642560310661793
287,12,1000,3,8.45,6,-0.08642578414082527
287,13,546,3,10.0,5,-0.08642597222229936
287,14,1000,3,7.32,3,-0.08642513004690408
287,15,1000,3,6.3,2,-0.086424420081079
287,16,98,3,10.01,2,-0.08642351589336687
287,17,129,3,10.09,6,-0.08642200628916423
287,18,1000,2,5.53,6,-0.08642159160971642
287,19,1000,3,6.77,6,-0.08642134480178357
287,20,1000,3,4.54,4,-0.08642247726768255
287,21,110,4,10.07,4,-0.08642185445536267
287,22,127,5,10.01,5,-0.08641993166424158
287,23,489,5,10.0,5,-0.0864186708211655
287,24,123,4,10.05,5,-0.0864193020918505
287,25,114,5,10.08,4,-0.08641864614267099
287,26,128,5,10.1,4,-0.08641823439393193
287,27,1000,1,2.76,3,-0.08641808823496103
287,28,1000,2,3.72,3,-0.08641734582930803
287,29,1000,1,2.64,2,-0.08641805493831635
287,30,1000,2,3.76,4,-0.08641734816133977
287,31,1000,3,8.93,4,-0.08641721188277006
287,32,1000,3,8.84,3,-0.08641613754630088
287,33,1000,3,6.16,3,-0.08641552288085222
287,34,1000,3,4.42,1,-0.08641542748361826
287,35,1000,3,8.96,4,-0.08641528823971749
287,36,1000,3,8.04,2,-0.08641612274199724
287,37,1000,2,3.04,3,-0.08641769285500049
288,1,1000,3,5.38,3,0.10585297743231058
288,2,1000,3,3.89,2,0.1058537013605237
288,3,1000,2,3.37,3,0.10585355380922556
288,4,1000,2,4.24,3,0.10585275533050299
288,5,1000,2,3.66,3,0.10585248217731714
288,6,1000,3,5.44,3,0.10585372980684042
288,7,1000,3,7.66,4,0.10585569151490927
288,8,174,5,10.03,3,0.10585700249534914
288,9,1000,3,2.72,1,0.10585661232471466
288,10,1000,1,3.07,6,0.10585515297949315
288,11,1000,3,4.54,3,0.10585450299084187
288,12,1000,3,7.69,3,0.10585456757992506
288,13,1000,3,6.08,3,0.10585471822321416
288,14,112,4,10.0,3,0.10585677756794862
288,15,156,4,10.1,5,0.10585669108117238
288,16,255,6,10.09,5,0.10585809165940566
288,17,109,4,10.07,3,0.10585858399441483
288,18,102,4,10.07,4,0.10585776416986596
288,19,146,5,10.11,5,0.10585885045871343
288,20,223,5,10.01,2,0.10585925126690501
288,21,1000,2,3.98,2,0.1058590978756547
288,22,1000,2,4.79,5,0.10585851634293794
288,23,101,3,10.1,5,0.10585804254111678
288,24,115,4,10.09,3,0.10585852135782657
288,25,116,5,10.01,2,0.1058586288628907
288,26,113,5,10.1,1,0.10585876171831536
288,27,160,5,10.05,2,0.10585964182391763
288,28,111,4,10.07,5,0.10586030586614265
288,29,108,4,10.02,4,0.10586095346068894
288,30,114,4,10.04,4,0.10586119057577953
288,31,1000,3,7.91,6,0.10586119094491005
288,32,1000,3,4.52,2,0.10586111918091774
288,33,125,5,10.0,3,0.10586259537935257
288,34,121,4,10.04,2,0.10586262469695619
288,35,110,4,10.05,12,0.10586249415170063
288,36,1000,5,9.26,8,0.10586249651014805
289,1,1000,3,5.27,3,-0.03535964300483465
289,2,1000,3,6.34,3,-0.03535845207050443
289,3,1000,4,8.41,4,-0.03535758802294731
289,4,1000,4,5.33,2,-0.03535684217140079
289,5,1000,2,4.07,4,-0.03535629953071475
289,6,1000,3,7.69,4,-0.03535603388771415
289,7,1000,3,7.72,4,-0.03535565494000912
289,8,1000,3,6.44,3,-0.03535492443665862
289,9,1000,3,5.78,1,-0.035354091707617046
289,10,1000,3,5.07,1,-0.03535456101968885
289,11,1000,4,9.49,7,-0.03535555723309517
289,12,1000,4,5.78,2,-0.03535476516187191
289,13,1000,1,2.55,1,-0.03535588085651398
290,1,1000,3,5.49,3,0.08291790169477463
290,2,1000,3,4.99,3,0.08291855577379464
290,3,1000,3,8.02,3,0.0829189806804061
290,4,163,3,10.02,6,0.08291926148113297
290,5,1000,3,8.86,3,0.08291858329623937
290,6,1000,3,9.38,3,0.08291868939250707
290,7,111,3,10.09,9,0.08291877913582432
290,8,100,3,10.08,4,0.08291811496019363
290,9,421,5,10.0,4,0.08291731259814351
290,10,134,4,10.09,3,0.08291749639520005
290,11,179,4,10.05,5,0.08291693194118958
290,12,128,4,10.04,7,0.08291680895490572
290,13,878,4,10.0,4,0.082916867259491
290,14,1000,4,4.4,2,0.08291692239791155
290,15,1000,4,3.45,1,0.08291742642223834
290,16,1000,4,4.39,2,0.08291715011745691
290,17,1000,3,4.34,3,0.0829170349240303
290,18,1000,4,6.42,2,0.08291776735335589
290,19,1000,4,6.04,2,0.0829180373325944
290,20,490,4,10.0,7,0.08291820015530196
290,21,1000,3,3.23,2,0.08291889944672584
291,1,1000,3,5.39,3,-0.08043629325926303
291,2,1000,3,4.65,3,-0.0804347203746438
291,3,1000,3,3.89,2,-0.08043348913639783
291,4,1000,3,3.05,2,-0.08043243154883385
291,5,1000,3,3.01,1,-0.08043154701590538
291,6,1000,3,4.18,1,-0.08043064485490323
291,7,1000,3,3.76,2,-0.08042959743738175
291,8,1000,5,7.09,1,-0.08042931974679232
291,9,1000,4,5.47,2,-0.08042887511849403
291,10,1000,2,3.07,3,-0.08042723629623652
291,11,1000,3,4.61,10,-0.08042538151144982
291,12,1000,3,4.34,2,-0.08042627649754286
291,13,1000,5,5.21,1,-0.08042398428171874
291,14,1000,4,4.18,1,-0.08042253982275724
291,15,1000,3,3.41,1,-0.0804209041967988
291,16,1000,2,3.26,1,-0.08042320674657821
291,17,1000,3,3.58,3,-0.08042560179531574
291,18,1000,2,5.15,8,-0.08042586793005467
291,19,1000,2,3.53,2,-0.08042600604146719
291,20,1000,2,4.26,5,-0.08042565044760704
291,21,1000,4,5.48,3,-0.08042604804039001
291,22,1000,4,5.97,1,-0.08042618733644485
291,23,1000,2,5.49,6,-0.08042605505138635
291,24,1000,2,3.98,3,-0.08042740654200316
291,25,1000,1,3.26,8,-0.08042752369493246
291,26,1000,2,4.91,4,-0.08042669979482889
291,27,1000,2,5.18,6,-0.08042752336710692
291,28,1000,2,3.63,3,-0.08042750191688537
291,29,1000,2,5.13,7,-0.08042720334231854
291,30,1000,3,3.88,3,-0.0804262238368392
291,31,1000,3,5.83,4,-0.08042637423425913
291,32,1000,2,2.67,1,-0.08042414486408234
291,33,1000,3,3.5,2,-0.0804233561232686
291,34,1000,3,4.5,3,-0.0804244273453951
291,35,89,4,10.07,3,-0.08042152359914244
291,36,1000,3,3.23,1,-0.08042128628492355
291,37,1000,1,2.55,1,-0.08042127639055252
292,1,1000,3,5.36,3,0.09590817696601152
292,2,1000,3,4.89,3,0.09590852791070938
292,3,1000,2,3.06,2,0.09590881914645434
292,4,1000,3,5.08,2,0.09590935078263282
292,5,1000,3,4.0,3,0.09590942753106356
292,6,1000,2,3.31,2,0.09590948833525181
292,7,1000,2,4.08,3,0.09590954350680113
292,8,769,3,10.0,5,0.09590931195082683
292,9,1000,2,2.95,2,0.09590952398627997
292,10,1000,2,3.05,4,0.0959089146181941
292,11,1000,4,8.81,4,0.09590880703181029
292,12,1000,4,8.83,3,0.09590905058383942
292,13,1000,3,3.69,2,0.09590840175002813
292,14,1000,3,4.92,3,0.09590777751803398
292,15,1000,2,4.43,3,0.09590680003911257
292,16,1000,3,6.89,5,0.09590636564046144
292,17,1000,3,7.59,5,0.09590576528012752
292,18,1000,1,2.87,4,0.09590512397140265
292,19,1000,1,2.84,4,0.09590504878759384
292,20,1000,2,3.09,3,0.09590542829036712
292,21,1000,2,3.13,3,0.09590405700355768
292,22,1000,1,3.26,8,0.09590343447774649
292,23,121,3,10.1,7,0.0959020113526297
292,24,1000,4,6.71,3,0.09590209362655878
292,25,1000,3,4.13,2,0.09590134999901057
292,26,112,3,10.1,5,0.09590007291574563
292,27,114,4,10.1,3,0.09590020671225431
292,28,1000,3,7.42,3,0.09589992777258158
292,29,1000,3,5.64,2,0.09589951653778553
292,30,1000,4,5.23,5,0.09589969932287931
292,31,1000,2,3.71,4,0.09589831628650426
292,32,1000,3,5.45,2,0.09589808276295662
292,33,1000,3,4.36,2,0.09589816649258137
292,34,1000,3,4.83,2,0.09589826673269272
292,35,96,4,10.08,3,0.09589773238015671
292,36,1000,4,7.62,4,0.09589811740815639
292,37,1000,3,5.73,3,0.09589734227955342
292,38,1000,4,7.52,5,0.0958969956934452
292,39,1000,3,4.35,3,0.09589646203815937
292,40,1000,2,2.99,1,0.09589659921824932
292,41,1000,2,3.81,2,0.09589474614709616
292,42,189,6,10.04,2,0.09589497350826465
292,43,1000,5,9.18,1,0.09589520172029734
292,44,1000,3,5.27,3,0.09589368626475334
292,45,1000,1,2.64,2,0.09589367240667343
292,46,1000,1,2.62,2,0.0958917546570301
293,1,1000,3,5.52,3,-0.04125952617079019
293,2,1000,3,4.55,2,-0.04125907624512911
293,3,1000,3,4.54,2,-0.0412586153447628
293,4,1000,3,4.37,2,-0.04125824109837413
293,5,1000,2,3.8,3,-0.04125818046554923
293,6,1000,2,2.93,3,-0.04125831288099289
293,7,1000,2,4.03,3,-0.04125812144577503
293,8,1000,3,4.78,2,-0.041258555047214034
293,9,1000,2,3.51,1,-0.04125911944359541
293,10,309,5,10.01,3,-0.04125868422988935
293,11,248,5,10.0,3,-0.04125819170487023
293,12,712,5,10.0,2,-0.04125884507542078
293,13,1000,2,5.37,6,-0.04125953756645322
293,14,1000,2,4.47,3,-0.041259292781353
293,15,1000,2,4.26,1,-0.04125949051976204
293,16,1000,2,3.55,3,-0.04125926268845797
293,17,1000,2,4.61,2,-0.041259029656648634
293,18,1000,2,4.05,3,-0.04125938577204943
293,19,1000,4,9.75,5,-0.041259592320770026
293,20,1000,2,3.14,2,-0.04125999458879232
293,21,1000,2,3.54,2,-0.041258995775133374
293,22,1000,5,9.51,2,-0.04125855948030949
293,23,1000,1,2.92,4,-0.04125917360559106
294,1,1000,3,5.35,3,-0.06363180335611104
294,2,1000,3,4.51,3,-0.06363231433928013
294,3,1000,4,8.5,3,-0.06363287377357484
294,4,1000,4,8.91,3,-0.06363236168026924
294,5,1000,4,9.39,3,-0.06363159774243832
294,6,709,4,10.0,3,-0.06363059094829855
294,7,543,3,10.0,5,-0.06363043533449454
294,8,1000,4,8.6,3,-0.06363256545364857
294,9,102,3,10.05,5,-0.06363316223609682
294,10,1000,3,7.62,3,-0.06363212718814612
294,11,1000,3,7.82,4,-0.06362880869954825
294,12,1000,3,4.13,1,-0.06362820912152528
294,13,1000,2,3.49,2,-0.0636303770467639
294,14,1000,2,5.31,7,-0.0636320353075862
294,15,1000,2,4.88,7,-0.06363247104734182
294,16,1000,2,3.65,4,-0.06363152857869864
294,17,1000,2,3.28,3,-0.06362945936620236
294,18,1000,3,3.39,2,-0.06363017274439335
294,19,1000,3,8.29,5,-0.06363080241531134
294,20,1000,1,2.64,2,-0.06363172963261604
294,21,1000,1,2.73,3,-0.06363145498931408
294,22,1000,3,3.06,2,-0.06363271438330412
294,23,1000,3,4.39,3,-0.06363217238336802
294,24,1000,3,4.23,2,-0.06363004439324141
294,25,1000,3,3.5,3,-0.06362963895499706
294,26,1000,0,2.45,0,-0.06363002210855484
294,27,1000,1,2.54,1,-0.06362965703010559
295,1,1000,3,5.5,3,0.08206051789969206
295,2,1000,3,4.84,3,0.0820611000880599
295,3,1000,4,3.91,1,0.08206122832745313
295,4,1000,4,3.67,1,0.0820616993457079
295,5,1000,3,3.16,2,0.08206193707883358
295,6,1000,1,2.76,2,0.0820627927184105
295,7,1000,2,5.0,8,0.08206359885632991
295,8,178,4,10.04,4,0.08206404653492938
295,9,1000,4,8.68,2,0.08206466563045979
295,10,182,6,10.06,1,0.08206531577385388
295,11,1000,6,7.92,3,0.08206592559814453
295,12,1000,2,3.13,2,0.08206719309091567
295,13,1000,3,5.51,2,0.08206869438290595
295,14,1000,2,4.01,2,0.08206932724267245
295,15,1000,1,3.02,5,0.08207115791738033
295,16,1000,2,5.08,5,0.08207153698801994
295,17,1000,2,4.35,3,0.08207258412986994
295,18,119,4,10.1,3,0.08207199540959687
295,19,1000,1,2.86,3,0.08207426342368127
295,20,1000,2,3.95,2,0.08207499462366104
295,21,1000,1,2.6,1,0.08207710087299347
295,22,1000,2,2.92,2,0.08207834799587727
295,23,1000,1,2.72,2,0.08208058475703
296,1,1000,3,5.32,3,-0.040486842531710865
296,2,1000,3,3.71,2,-0.040486719526350495
296,3,1000,3,5.18,2,-0.040486580535769465
296,4,1000,2,3.72,3,-0.040486383527517315
296,5,1000,2,3.39,3,-0.04048634704202413
296,6,1000,1,2.73,3,-0.040486506085842845
296,7,1000,2,4.56,4,-0.04048717608302831
296,8,1000,1,2.65,2,-0.04048683670163154
296,9,1000,1,2.86,4,-0.04048666965961456
296,10,1000,2,4.55,5,-0.04048648763448
296,11,1000,3,6.33,5,-0.04048594608530402
296,12,1000,3,6.72,4,-0.04048723240941763
296,13,1000,3,5.13,3,-0.04048776238784194
296,14,1000,2,2.97,1,-0.040487868513911965
296,15,1000,2,3.15,2,-0.04048727202415466
296,16,1000,3,7.05,5,-0.04048744389787316
296,17,1000,3,3.57,4,-0.04048706752061844
296,18,1000,4,4.0,3,-0.04048607103526592
296,19,1000,3,6.36,4,-0.040486795466393236
296,20,1000,3,4.12,3,-0.040487343855202196
296,21,1000,2,2.94,2,-0.04048711808025837
297,1,1000,3,5.36,3,-0.007809312311932445
297,2,1000,3,5.9,3,-0.007809269458986819
297,3,1000,3,4.58,3,-0.007809453309513628
297,4,1000,3,4.48,2,-0.007809570024721325
297,5,1000,3,7.17,2,-0.007808713567443192
297,6,1000,3,4.66,1,-0.007808257491327822
297,7,1000,2,4.54,10,-0.00780866770260036
297,8,1000,1,2.75,3,-0.007809765461832285
297,9,1000,2,4.09,4,-0.007809177720919252
297,10,112,3,10.03,4,-0.007808581335536603
297,11,179,4,10.09,3,-0.007807642916040547
297,12,1000,3,5.09,2,-0.007806719671934843
297,13,1000,2,3.3,2,-0.007807064333930611
297,14,1000,3,5.69,2,-0.00780693406239152
297,15,1000,3,7.87,6,-0.007806423425674438
297,16,1000,3,6.07,4,-0.007805067263543606
297,17,1000,3,7.77,4,-0.007805806371383369
297,18,1000,2,5.3,7,-0.007806409988552332
297,19,1000,3,4.46,1,-0.00780562240909785
297,20,1000,3,3.45,2,-0.007805283454246819
297,21,1000,2,4.44,5,-0.007805560284294188
297,22,1000,3,7.41,2,-0.007805316894315183
297,23,1000,3,5.38,1,-0.007804580678232014
297,24,1000,3,7.18,2,-0.007804923341609538
297,25,1000,3,5.42,1,-0.007804266939871013
297,26,123,3,10.02,6,-0.007804927454004443
297,27,1000,3,4.05,3,-0.007804751990363002
297,28,1000,3,8.23,2,-0.007804146751761437
297,29,1000,3,8.95,2,-0.007803726757876575
297,30,884,3,10.0,2,-0.007803505184381728
297,31,794,3,10.0,6,-0.007802814194787134
297,32,1000,3,3.23,3,-0.0078039498552680015
298,1,1000,3,5.41,3,-0.023559521943330764
298,2,1000,3,4.68,3,-0.023561106625944375
298,3,1000,3,5.63,4,-0.02356177332624793
298,4,1000,3,4.33,2,-0.02356208850070834
298,5,558,3,10.0,5,-0.023562312339796387
298,6,1000,2,4.86,4,-0.0235627184137702
298,7,1000,2,3.51,2,-0.023563351932913066
298,8,1000,2,3.51,5,-0.02356391642987728
298,9,1000,2,4.1,4,-0.023563797298818828
298,10,1000,3,5.33,4,-0.02356403198093176
298,11,1000,3,5.79,3,-0.02356359563395381
298,12,1000,3,4.08,3,-0.023563546903431414
298,13,1000,4,5.74,2,-0.02356384263560176
298,14,1000,3,5.32,1,-0.023563700437545777
298,15,1000,3,4.5,1,-0.023563260097056626
298,16,1000,4,6.47,4,-0.02356359402835369
298,17,1000,3,4.61,2,-0.02356403573229909
298,18,1000,1,2.54,1,-0.023564081639051437
298,19,1000,1,2.76,3,-0.02356366015225649
298,20,1000,3,4.0,3,-0.023563932709395885
298,21,1000,5,8.89,3,-0.02356446257978678
298,22,1000,2,3.01,2,-0.023564113866537808
298,23,1000,2,3.09,5,-0.023564831690862775
298,24,1000,3,4.76,3,-0.023564463216811417
298,25,1000,2,3.49,2,-0.023564332365989683
298,26,1000,1,2.94,4,-0.023564370594918727
298,27,1000,1,3.05,5,-0.02356457881629467
298,28,731,5,10.0,3,-0.023565801492447566
298,29,1000,5,9.87,3,-0.02356593906506896
298,30,1000,3,4.48,3,-0.02356597865000367
298,31,1000,3,6.81,4,-0.023566022988408805
298,32,1000,4,6.34,3,-0.02356687268614769
298,33,1000,2,3.52,5,-0.023566446643322705
298,34,1000,2,3.75,4,-0.023566251900047065
298,35,1000,1,2.71,2,-0.023566097743809224
298,36,1000,1,2.67,2,-0.023565840199589728
298,37,1000,1,2.56,1,-0.02356603555381298
299,1,1000,3,5.61,3,-0.009717140291817486
299,2,1000,3,5.39,3,-0.009715925512835384
299,3,1000,4,6.86,3,-0.009715347247198225
299,4,1000,5,5.68,3,-0.009714628342539071
299,5,1000,4,5.07,3,-0.00971456603333354
299,6,1000,4,8.82,4,-0.009714205253869295
299,7,113,4,10.02,8,-0.009713741530359319
299,8,173,5,10.09,3,-0.009712375151370302
299,9,117,5,10.03,3,-0.009711947944811266
299,10,1000,6,8.56,1,-0.009711575191468001
299,11,1000,2,4.24,8,-0.009712014455348254
299,12,1000,2,3.82,2,-0.009713065253570677
299,13,1000,4,6.17,3,-0.009712426779791714
299,14,1000,2,3.78,2,-0.00971223428286612
299,15,1000,2,3.61,2,-0.009712416803464293
299,16,1000,2,4.07,1,-0.009712527262046933
299,17,270,5,10.11,3,-0.009712591332693895
299,18,238,5,10.03,3,-0.00971308846746673
299,19,91,3,10.07,2,-0.009713058513435688
299,20,93,4,10.09,3,-0.00971171259880066
299,21,910,5,10.0,1,-0.009711225807748653
299,22,1000,5,9.92,1,-0.009712591499090194
299,23,1000,2,3.53,3,-0.009713427409529686
299,24,89,3,10.02,3,-0.009712049277143532
299,25,1000,3,5.94,2,-0.009710683532059193
299,26,1000,3,9.62,4,-0.00971073565632105
299,27,1000,2,4.12,3,-0.009709719033911825
299,28,1000,3,9.42,3,-0.00970890381373465
299,29,1000,3,7.14,2,-0.009707804883830249
299,30,1000,3,7.21,2,-0.009707901192829013
299,31,1000,3,4.83,1,-0.009707029528915882
299,32,1000,3,4.86,1,-0.009706576542928814
299,33,1000,3,4.86,1,-0.009706438759341835
299,34,1000,3,4.81,1,-0.009705622371286153
299,35,1000,2,4.7,4,-0.009705684671178461
299,36,1000,2,4.18,3,-0.009704865276813508
299,37,648,4,10.0,3,-0.00970343306062766
299,38,106,4,10.05,3,-0.009703654936462079
299,39,114,5,10.01,2,-0.009703175867335838
299,40,98,4,10.08,4,-0.009702179352847897
299,41,105,4,10.07,6,-0.009700965943435828
299,42,1000,3,7.01,3,-0.009700326880440115
299,43,144,4,10.05,3,-0.00969949289638963
299,44,1000,3,3.28,1,-0.009698859540745616
299,45,1000,2,5.15,8,-0.009699188251048327
299,46,97,3,10.1,19,-0.009699011970426618
299,47,96,4,10.03,2,-0.009698067093268037
299,48,1000,2,3.36,2,-0.009697530573233961
299,49,1000,3,8.15,4,-0.009695808017626404
299,50,1000,3,5.75,3,-0.009695453517138958
299,51,103,3,10.04,13,-0.009694004865381325
299,52,1000,3,4.53,1,-0.009694325054064394
299,53,1000,3,6.26,2,-0.009693722728639841
299,54,1000,2,4.11,3,-0.009693096071481704
299,55,1000,3,9.49,9,-0.009690423050895333
299,56,1000,4,5.42,2,-0.009687729153782128
299,57,1000,3,7.12,2,-0.009686037845909596
299,58,99,4,10.07,3,-0.009682090341518021
299,59,96,5,10.06,1,-0.009683918615337461
299,60,116,5,10.09,4,-0.0096823966676562
299,61,113,5,10.11,4,-0.009680792928335414
299,62,775,5,10.0,1,-0.009678802678902303
299,63,221,5,10.05,3,-0.00967647086373821
299,64,815,4,10.0,3,-0.009674146133789256
299,65,97,4,10.06,3,-0.009671184839200727
299,66,96,4,10.03,3,-0.00966886782164996
299,67,116,4,10.07,4,-0.009667415468921435
299,68,171,4,10.04,3,-0.009665981986238593
299,69,1000,4,5.15,2,-0.009665162643417716
299,70,971,4,10.0,4,-0.009664441432025049
299,71,1000,4,7.47,5,-0.009662096666172147
299,72,1000,5,7.86,3,-0.009660430047661065
299,73,1000,4,5.22,2,-0.009658377980813385
299,74,129,4,10.07,3,-0.009656646426102911
299,75,89,4,10.05,3,-0.009654348904497168
299,76,1000,2,3.49,3,-0.009656358012929559
299,77,93,3,10.01,12,-0.009661653439604467
299,78,669,3,10.0,1,-0.009659506990302838
299,79,85,3,10.11,23,-0.009659474321147974
299,80,88,2,10.06,13,-0.009666889842430299
300,1,1000,3,5.64,3,-0.05997412725910544
300,2,1000,3,4.65,3,-0.05997385477647185
300,3,1000,3,5.65,3,-0.05997350220382214
300,4,1000,3,6.42,3,-0.05997305552661419
300,5,1000,3,6.36,3,-0.0599731405377388
300,6,1000,4,7.03,3,-0.05997315412387252
300,7,101,3,10.01,6,-0.05997344412573493
300,8,1000,3,7.57,5,-0.059973502948880195
300,9,1000,4,6.14,4,-0.05997334794327617
300,10,1000,3,7.31,5,-0.059974035255610944
300,11,1000,4,7.59,4,-0.05997433414682746
300,12,225,4,10.0,4,-0.05997483904163043
300,13,1000,3,5.53,3,-0.05997492586448789
300,14,1000,2,3.77,3,-0.05997515422105789
300,15,1000,2,3.81,3,-0.05997480972856283
300,16,1000,2,3.82,3,-0.05997431951761246
300,17,538,3,10.0,6,-0.059974744777475594
300,18,1000,3,5.33,2,-0.05997638298198581
300,19,91,3,10.03,2,-0.05997675518085668
300,20,1000,3,5.32,2,-0.059975892622023824
300,21,1000,2,5.1,3,-0.05997514704614878
300,22,1000,2,4.68,3,-0.059975410759449004
300,23,108,3,10.02,5,-0.05997784352964825
300,24,1000,2,3.5,3,-0.05997885060682893
300,25,1000,3,5.79,5,-0.05997782261669636
300,26,1000,2,4.24,5,-0.05997844282910228
300,27,103,3,10.04,9,-0.059977455552920556
300,28,1000,1,2.61,2,-0.05997735434398055
300,29,1000,1,2.78,3,-0.05997980064153671
300,30,1000,1,2.79,3,-0.05997768556699157
300,31,1000,1,2.79,3,-0.059979599628597495
300,32,1000,2,3.01,3,-0.059977895900607106
300,33,1000,2,3.02,3,-0.05997994067147374
300,34,447,4,10.0,7,-0.05997817087460151
300,35,1000,4,3.21,1,-0.05997934228926897
300,36,1000,1,2.78,3,-0.059980103705078364
301,1,1000,3,5.61,3,-0.012489490490406752
301,2,1000,3,3.67,3,-0.01249197836779058
301,3,1000,3,4.18,1,-0.012495090752840042
301,4,1000,3,7.85,3,-0.012496476444415748
301,5,521,3,10.0,6,-0.01249814825579381
301,6,97,3,10.09,6,-0.01249835099640888
301,7,1000,3,6.77,3,-0.012499564439058303
301,8,1000,3,4.54,2,-0.012501946887001396
301,9,1000,3,8.41,2,-0.01250353036262095
301,10,1000,3,6.06,1,-0.012505654474720358
301,11,1000,2,5.97,8,-0.012507367875427007
301,12,105,3,10.03,5,-0.012507513538002968
301,13,828,3,10.0,2,-0.012508818060879546
301,14,1000,3,5.62,1,-0.012512483840808272
301,15,96,3,10.1,6,-0.012515016957574213
301,16,1000,3,4.78,2,-0.012512259438633919
301,17,1000,3,5.63,3,-0.01251222845725715
301,18,1000,3,4.71,3,-0.012513388520106673
301,19,1000,1,2.65,2,-0.012509873742237687
301,20,1000,1,2.55,1,-0.012512176297605038
301,21,1000,4,5.19,3,-0.012516295837238432
301,22,1000,3,5.66,3,-0.012516022270545364
301,23,1000,2,3.12,4,-0.012517728233709932
301,24,1000,1,2.91,4,-0.012518702663481235
301,25,1000,1,3.21,7,-0.012521265747025608
301,26,1000,1,2.78,3,-0.01252065521106124
301,27,1000,1,2.67,2,-0.012522970758378505
301,28,1000,1,2.9,4,-0.012521777402609586
301,29,1000,1,2.63,2,-0.012522789686918258
301,30,1000,1,2.88,4,-0.012525368276983499
301,31,1000,4,6.09,3,-0.012527152687311173
301,32,1000,3,6.78,3,-0.012526315493509174
301,33,1000,3,5.36,3,-0.012527452919632196
301,34,1000,3,8.93,3,-0.012527086844667792
301,35,1000,3,4.83,1,-0.012528680564835668
301,36,1000,3,3.58,1,-0.01252698764950037
301,37,1000,3,7.22,6,-0.012526798591017723
301,38,1000,3,4.76,3,-0.0125278357937932
301,39,1000,1,2.52,1,-0.012533261440694332
302,1,1000,3,5.65,3,-0.12746001762151718
302,2,1000,3,5.04,3,-0.12746030339598655
302,3,1000,3,4.92,2,-0.1274604771286249
302,4,1000,3,5.41,3,-0.12746040584146975
302,5,1000,3,3.41,1,-0.12746036103367805
302,6,1000,4,3.81,1,-0.12746018078923224
302,7,1000,4,3.2,1,-0.12746027179062366
302,8,1000,3,4.25,2,-0.12746031722426415
302,9,1000,3,5.93,4,-0.1274603476971388
302,10,890,4,10.0,5,-0.12746067127484953
302,11,99,3,10.02,7,-0.12746068775051772
302,12,138,4,10.08,3,-0.12746036938135175
302,13,1000,3,6.38,4,-0.12746054002642632
302,14,96,3,10.05,2,-0.12746056045095125
302,15,108,4,10.04,4,-0.12746055396618666
302,16,104,5,10.11,3,-0.1274606198645555
302,17,1000,3,5.64,4,-0.1274605405777693
302,18,1000,2,5.84,6,-0.12746082638204098
302,19,1000,1,2.84,3,-0.12746127930283546
302,20,112,3,10.09,8,-0.1274614492431283
302,21,1000,2,3.88,4,-0.1274614212065935
302,22,1000,2,3.61,2,-0.12746143817901612
302,23,1000,1,2.76,3,-0.12746140298247338
302,24,1000,1,2.78,3,-0.12746147052943707
302,25,104,3,10.03,8,-0.1274611442708052
302,26,119,4,10.0,4,-0.12746144480565014
302,27,1000,2,3.91,3,-0.12746170561015607
302,28,1000,1,2.79,3,-0.12746280492842196
302,29,1000,1,2.78,3,-0.1274635558128357
302,30,1000,3,6.82,3,-0.12746317341923713
302,31,1000,3,8.38,3,-0.12746286550164224
302,32,1000,3,3.62,1,-0.12746246515214443
302,33,1000,2,2.99,1,-0.12746341522037982
302,34,1000,2,3.04,1,-0.1274634368121624
302,35,1000,1,2.9,4,-0.12746364137530328
302,36,1000,1,2.84,3,-0.1274661589562893
302,37,1000,1,2.66,2,-0.12746493542194368
302,38,1000,4,8.56,4,-0.12746637327969074
302,39,1000,3,3.06,1,-0.12746537792682647
302,40,1000,1,2.53,1,-0.12746647000312805
303,1,1000,3,5.72,3,0.040635946210473776
303,2,1000,3,4.2,3,0.04063550690189004
303,3,1000,3,6.89,4,0.04063550708070397
303,4,1000,3,6.15,3,0.04063528058305383
303,5,1000,3,6.26,3,0.04063500362634659
303,6,1000,3,6.82,3,0.040634657852351666
303,7,1000,3,9.67,5,0.04063478042557835
303,8,1000,3,3.95,2,0.04063452449813485
303,9,1000,3,5.22,4,0.04063398177176714
303,10,173,4,10.06,6,0.04063401588728662
303,11,1000,4,8.86,3,0.04063361674919724
303,12,1000,3,4.63,3,0.040634351309388875
303,13,1000,4,6.75,2,0.04063498934730887
303,14,1000,2,3.55,3,0.04063535783812404
303,15,1000,3,6.87,4,0.04063540706038475
303,16,117,4,10.11,3,0.0406347780337191
303,17,1000,5,6.03,2,0.04063449665904045
303,18,1000,5,7.37,3,0.0406337732821703
303,19,1000,5,9.84,3,0.040633224230259654
303,20,1000,3,5.85,3,0.04063286647573113
303,21,1000,3,3.87,3,0.040631541021168234
303,22,1000,3,4.04,1,0.04063144459575414
303,23,128,4,10.06,3,0.04063199821393937
303,24,95,3,10.08,7,0.040632337214131106
303,25,97,3,10.05,5,0.040633356102655845
303,26,1000,3,4.43,2,0.04063268047571182
303,27,1000,2,2.88,1,0.040632033847272396
303,28,1000,3,4.65,1,0.040632341768592595
303,29,1000,1,2.64,1,0.04063267633318901
303,30,1000,2,3.72,5,0.040632583376020194
303,31,1000,3,3.47,2,0.04063257403671741
303,32,1000,2,3.94,3,0.04063315524160862
303,33,1000,2,2.98,2,0.040632424980401996
303,34,1000,1,2.64,1,0.040632110089063644
304,1,1000,3,5.68,3,-0.03409469829127192
304,2,1000,3,6.13,3,-0.034096013560891154
304,3,1000,4,9.77,3,-0.034096838623285296
304,4,1000,4,5.03,1,-0.03409793397784233
304,5,1000,4,5.0,1,-0.03409824958071113
304,6,1000,4,5.3,1,-0.034098528724163774
304,7,1000,4,5.42,1,-0.034098860301077366
304,8,1000,4,5.46,1,-0.03409886076673865
304,9,1000,5,6.71,1,-0.03409850805997849
304,10,1000,5,6.79,1,-0.03409851836785674
304,11,1000,5,8.66,1,-0.034098403353244065
304,12,970,5,10.0,1,-0.03409815393772322
304,13,481,5,10.0,1,-0.03409849297015186
304,14,1000,4,5.96,1,-0.034098817966878414
304,15,1000,4,8.17,1,-0.034098964806646107
304,16,118,4,10.08,2,-0.03409934047041303
304,17,1000,5,9.37,3,-0.034098579745739696
304,18,93,4,10.07,2,-0.034098755327924606
304,19,120,4,10.03,2,-0.034098316760112844
304,20,1000,2,6.09,3,-0.03409819622710347
304,21,1000,2,4.53,2,-0.034097947131842374
304,22,706,2,10.0,9,-0.03409810658681494
304,23,91,3,10.04,5,-0.034098697682985894
304,24,147,4,10.11,2,-0.03409880883738297
304,25,173,5,10.03,2,-0.03409892230192361
304,26,94,3,10.1,5,-0.03409938966023161
304,27,71,3,10.11,10,-0.034100296054507644
304,28,328,4,10.0,2,-0.034100852634121735
304,29,98,4,10.02,5,-0.03410042084905566
304,30,1000,5,9.72,1,-0.03409994872659445
304,31,1000,4,4.79,1,-0.034100767891854046
304,32,1000,1,3.59,10,-0.03410069791600108
304,33,106,4,10.08,4,-0.034101204314040685
304,34,75,3,10.21,12,-0.03410162185629209
304,35,89,3,10.0,4,-0.03410189787156127
304,36,99,3,10.09,7,-0.03410316119440878
304,37,93,3,10.11,3,-0.03410260791900337
304,38,97,3,10.07,10,-0.0341027256907876
304,39,1000,4,8.72,2,-0.034102471683174373
304,40,97,4,10.01,4,-0.03410294248732095
304,41,102,4,10.09,9,-0.034103209518042264
304,42,115,6,10.03,4,-0.034103526466566586
304,43,101,5,10.07,1,-0.03410365369797933
304,44,101,5,10.06,1,-0.034103981671061843
304,45,1000,4,6.94,2,-0.03410460903868079
304,46,98,4,10.07,6,-0.034105131858769726
304,47,98,4,10.07,3,-0.0341056369397105
304,48,100,4,10.03,3,-0.0341058175265789
304,49,104,4,10.04,3,-0.034106794673089795
304,50,104,4,10.07,4,-0.034107288166594044
304,51,90,3,10.04,3,-0.03410781588819292
304,52,106,4,10.08,7,-0.03410759642017337
304,53,107,4,10.03,3,-0.03410757597640296
304,54,112,4,10.03,3,-0.03410776228910046
304,55,93,3,10.03,3,-0.03410797429982052
304,56,1000,3,6.12,3,-0.034108815781772134
304,57,1000,3,8.12,3,-0.03410978449881077
304,58,835,2,10.0,18,-0.03410984586009722
304,59,1000,1,3.76,11,-0.03410966344922781
305,1,1000,3,5.69,3,-0.08917701948434115
305,2,1000,3,5.14,3,-0.08917603868246078
305,3,1000,3,9.36,5,-0.08917513491213322
305,4,1000,4,8.47,3,-0.08917474368214608
305,5,1000,4,8.52,4,-0.089175079703331
305,6,1000,3,8.16,4,-0.0891749308258295
305,7,1000,2,3.11,2,-0.08917475340515375
305,8,1000,3,5.57,1,-0.0891750503629446
305,9,1000,3,5.93,6,-0.08917609532177448
305,10,1000,4,3.61,1,-0.08917621345072985
305,11,1000,3,3.33,3,-0.08917775550484658
305,12,1000,3,4.25,4,-0.08917827739566564
305,13,1000,3,5.44,3,-0.08917881245911122
305,14,116,3,10.06,5,-0.0891788440660156
305,15,1000,3,8.3,5,-0.08917945486307144
305,16,1000,3,4.03,3,-0.08917898140102624
305,17,1000,2,2.98,2,-0.08917888878285885
305,18,1000,2,2.99,2,-0.08917881541699171
306,1,1000,3,5.69,3,-0.118613062530756
306,2,1000,3,4.68,3,-0.11861335579305887
306,3,1000,3,4.0,2,-0.11861305414885283
306,4,1000,2,2.89,2,-0.11861238987743855
306,5,1000,1,2.87,4,-0.11861160080134868
306,6,1000,1,2.73,3,-0.11861138255149126
306,7,1000,2,3.57,2,-0.11861109329760075
306,8,1000,2,4.67,4,-0.11861135829240084
306,9,1000,2,3.43,3,-0.11861033745110035
306,10,1000,2,3.42,3,-0.118609234072268
306,11,1000,1,2.87,4,-0.11860860994458199
306,12,1000,2,4.67,5,-0.1186089234650135
306,13,1000,1,2.88,4,-0.11860874070227147
306,14,1000,2,4.62,5,-0.11860817430913448
306,15,1000,2,3.33,2,-0.11860827820003032
306,16,1000,2,2.92,1,-0.11860798001289367
306,17,1000,2,4.95,4,-0.11860755341500044
306,18,1000,3,4.72,3,-0.11860715920478106
306,19,1000,3,8.03,3,-0.11860720455646515
306,20,110,5,10.02,4,-0.11860670731826262
306,21,867,5,10.0,3,-0.11860589588527173
306,22,1000,5,3.98,2,-0.118606061168015
306,23,1000,3,3.38,1,-0.11860592895746232
306,24,94,3,10.05,3,-0.11860570351177073
306,25,1000,3,5.46,7,-0.11860490394383669
306,26,1000,3,3.49,2,-0.11860485103726387
306,27,1000,2,2.97,2,-0.1186047243475914
306,28,1000,4,3.92,3,-0.1186036754027009
306,29,1000,2,3.4,1,-0.11860364554077386
306,30,1000,2,4.71,5,-0.11860331975668668
306,31,1000,2,4.72,5,-0.1186028319746256
306,32,1000,5,4.72,1,-0.11860212137550116
306,33,1000,5,9.38,7,-0.11860245838016271
306,34,147,6,10.01,3,-0.1186018704252989
306,35,1000,3,6.78,1,-0.11860121162235737
306,36,1000,3,4.47,2,-0.11860200411081315
306,37,1000,3,3.67,1,-0.11860257279872895
306,38,899,3,10.0,11,-0.11860312157630655
306,39,1000,3,5.45,7,-0.11860367997735739
306,40,111,3,10.03,7,-0.11860275758547825
306,41,1000,1,2.55,1,-0.1186019778251648
307,1,1000,3,5.64,3,-0.02739496709406376
307,2,1000,3,4.93,3,-0.027395646197721363
307,3,1000,3,6.77,3,-0.027395799290388823
307,4,1000,4,6.97,3,-0.027395962826907636
307,5,1000,3,5.52,3,-0.02739589917846024
307,6,1000,3,6.39,3,-0.027396232603117823
307,7,1000,3,7.9,3,-0.027396555723622443
307,8,1000,3,5.81,2,-0.02739730885066092
307,9,1000,4,7.04,3,-0.027397425323724748
307,10,109,4,10.06,5,-0.027396921666527012
307,11,1000,5,9.22,3,-0.027397576889023185
307,12,1000,5,9.75,3,-0.027397630598396065
307,13,147,5,10.11,3,-0.0273972635417163
307,14,124,4,10.07,4,-0.027397755533456802
307,15,1000,4,8.42,2,-0.027397744040936232
307,16,120,3,10.0,6,-0.02739784400910139
307,17,1000,3,9.83,3,-0.027398137871176006
307,18,1000,2,2.99,2,-0.027398233579471708
307,19,1000,3,9.0,8,-0.027397827103734018
307,20,1000,3,9.56,5,-0.027398000044748187
307,21,1000,3,8.16,3,-0.027398811815306543
307,22,813,3,10.0,7,-0.02739898580943233
307,23,1000,3,9.16,3,-0.02739844822883606
307,24,1000,2,2.9,2,-0.027397960975766182
307,25,1000,1,2.76,3,-0.027397532671689987
308,1,1000,3,5.73,3,-0.005702969798818231
308,2,1000,3,5.07,3,-0.005704173495993018
308,3,1000,3,4.76,2,-0.0057052406687289475
308,4,1000,3,3.62,1,-0.005705718589946627
308,5,1000,3,4.23,3,-0.005706293821334839
308,6,1000,2,3.41,4,-0.0057060540914535525
308,7,1000,3,5.94,2,-0.005706693179905415
308,8,1000,3,3.31,1,-0.005707553585991263
308,9,1000,2,2.73,1,-0.005707377102226019
308,10,1000,3,3.98,1,-0.005706788944080472
308,11,1000,3,4.46,3,-0.0057069293241947885
308,12,119,5,10.03,3,-0.005706758672731514
308,13,1000,5,9.0,1,-0.005706930788233876
308,14,1000,4,7.54,3,-0.005707466799765825
308,15,1000,4,3.69,2,-0.0057082782238721845
308,16,1000,3,9.69,5,-0.005707510992884636
308,17,871,4,10.0,7,-0.005707066855259693
308,18,1000,2,3.9,6,-0.0057071125116199255
308,19,1000,4,5.48,1,-0.005707950681447983
308,20,397,5,10.0,3,-0.005707003109354141
308,21,1000,5,6.63,3,-0.005706878142431379
308,22,92,4,10.09,1,-0.005707049134956754
308,23,1000,4,4.84,1,-0.00570736226066947
308,24,92,4,10.06,3,-0.0057059772434118
308,25,95,4,10.03,3,-0.00570507075539545
308,26,126,4,10.1,2,-0.005703682220348763
308,27,1000,3,4.51,3,-0.0057034301944077015
308,28,1000,2,6.81,4,-0.005704394133761525
309,1,1000,3,5.67,3,-0.12904837024211885
309,2,1000,3,5.33,3,-0.12904867422580718
309,3,1000,3,6.83,3,-0.12904883044958115
309,4,1000,3,6.84,3,-0.12904911652207374
309,5,1000,3,6.92,3,-0.12904985028505325
309,6,848,4,10.0,3,-0.1290495645360283
309,7,486,3,10.0,3,-0.129049397422453
309,8,495,4,10.0,3,-0.1290495622037637
309,9,496,3,10.0,4,-0.12904997996144718
309,10,831,3,10.0,5,-0.1290492802033499
309,11,1000,3,6.62,2,-0.129048805937171
309,12,1000,3,8.31,4,-0.12904914844036103
309,13,779,3,10.0,6,-0.12904871979176002
309,14,1000,2,5.36,7,-0.12904887594282627
309,15,1000,1,2.8,3,-0.12904870307445526
309,16,1000,1,2.7,2,-0.129049049988389
309,17,1000,4,8.26,3,-0.1290491840094328
309,18,1000,4,8.71,3,-0.12904897505044938
309,19,928,4,10.0,4,-0.12904850950721522
309,20,1000,4,9.7,3,-0.12904824541509152
309,21,1000,2,5.15,6,-0.1290481024235487
309,22,1000,4,7.91,3,-0.12904823364317417
309,23,1000,4,8.65,3,-0.12904771538078785
309,24,1000,2,2.99,1,-0.1290477280318737
310,1,1000,3,5.66,3,-0.03100284469872713
310,2,1000,3,5.48,3,-0.031002382826060056
310,3,1000,3,4.43,3,-0.031002173313871027
310,4,1000,3,4.89,3,-0.03100213786959648
310,5,424,3,10.0,5,-0.03100193352087067
310,6,1000,3,9.01,4,-0.031001755643635987
310,7,1000,3,7.16,2,-0.031001532340422272
310,8,1000,3,4.81,3,-0.031001283623278142
310,9,1000,2,3.17,3,-0.031001284409314395
310,10,1000,2,3.8,3,-0.03100151962786913
310,11,1000,1,3.0,5,-0.03100222521647811
310,12,1000,3,3.74,2,-0.031001833066344263
310,13,1000,3,4.28,2,-0.03100168556906283
310,14,1000,1,2.69,2,-0.03100172409415245
311,1,1000,3,5.79,3,-0.069991251796484
311,2,1000,3,6.84,3,-0.06999094837903977
311,3,1000,3,6.84,3,-0.06999100210517645
311,4,1000,3,5.82,3,-0.06999135269224643
311,5,987,4,10.0,3,-0.06999252331202516
311,6,1000,5,8.95,3,-0.06999302814155817
311,7,1000,4,7.62,3,-0.06999339950084686
311,8,1000,3,6.01,3,-0.06999328421801329
311,9,1000,3,4.46,3,-0.06999349766969681
311,10,1000,3,7.56,5,-0.06999475280195475
311,11,1000,3,6.19,4,-0.06999461923539639
311,12,1000,2,3.83,3,-0.0699943383410573
311,13,107,4,10.06,3,-0.06999472452101306
311,14,101,6,10.11,3,-0.06999512702816783
311,15,1000,4,9.24,4,-0.06999493026733399
311,16,1000,3,5.45,2,-0.06999541248381137
311,17,1000,2,5.69,4,-0.06999491194635629
311,18,1000,5,8.57,15,-0.06999495227634907
311,19,109,4,10.03,11,-0.06999539679616963
311,20,1000,4,7.07,1,-0.06999530546367168
311,21,100,3,10.08,7,-0.06999560356140137
311,22,92,4,10.04,1,-0.06999532983678838
311,23,987,4,10.0,1,-0.06999551664128251
311,24,1000,4,9.72,1,-0.06999583166092634
311,25,100,4,10.11,4,-0.0699965801090002
311,26,105,4,10.11,3,-0.06999687878858475
311,27,135,5,10.07,3,-0.06999728563759063
311,28,315,4,10.0,3,-0.0699979277593749
311,29,1000,4,8.68,1,-0.06999783403426409
311,30,404,3,10.0,6,-0.06999817164153746
311,31,1000,2,6.17,3,-0.06999827174842357
311,32,1000,2,8.15,4,-0.06999876666069031
311,33,1000,2,4.62,6,-0.06999950517714024
311,34,1000,2,6.73,5,-0.07000013536959887
311,35,1000,2,3.91,2,-0.07000087362527847
311,36,1000,2,3.23,2,-0.07000092013180256
311,37,1000,3,7.22,2,-0.07000202805548907
311,38,97,4,10.11,4,-0.07000236474361617
311,39,125,5,10.06,3,-0.07000265622138976
311,40,1000,4,9.57,3,-0.07000314866751432
311,41,1000,4,4.94,1,-0.07000351916253567
311,42,112,5,10.01,4,-0.07000454348911132
311,43,99,4,10.11,4,-0.07000605716849818
311,44,90,4,10.07,1,-0.07000584130485853
311,45,896,4,10.0,3,-0.07000698382866435
311,46,131,4,10.04,15,-0.0700075330056307
311,47,1000,4,5.57,1,-0.0700074162185192
311,48,1000,3,4.93,1,-0.070008147187531
311,49,1000,3,4.5,1,-0.07000878181308508
311,50,1000,1,4.02,13,-0.07000824735313654
311,51,1000,1,3.79,11,-0.07000901645421982
312,1,1000,3,5.63,3,0.08164016923308373
312,2,1000,3,5.35,3,0.0816404177248478
312,3,355,3,10.0,5,0.08164046778225563
312,4,700,3,10.0,3,0.08164042573954378
312,5,1000,2,4.51,6,0.08164062583446503
312,6,1000,3,4.32,1,0.08164097359031439
312,7,808,3,10.0,4,0.08164109206657008
312,8,126,3,10.01,7,0.08164054811710403
312,9,98,3,10.08,8,0.08164050627727898
312,10,691,3,10.0,3,0.08164149809590987
312,11,1000,3,6.04,1,0.08164178419858217
312,12,656,3,10.0,4,0.081641212162539
312,13,1000,4,9.9,3,0.08164117027074098
312,14,1000,4,6.98,3,0.08164036247134208
312,15,1000,3,6.62,2,0.08163912665843964
312,16,504,3,10.0,5,0.08163916967099621
312,17,1000,3,9.4,4,0.08164048247784376
312,18,984,3,10.0,4,0.08164096323061522
312,19,1000,3,5.09,3,0.08164076843857765
312,20,1000,2,4.86,3,0.0816406416669488
312,21,1000,2,2.63,1,0.08164025843143463
313,1,1000,3,5.69,3,0.08349787052720785
313,2,1000,3,5.9,3,0.08349791836738586
313,3,1000,3,7.91,5,0.08349796476960182
313,4,1000,3,6.92,3,0.0834982521906495
313,5,1000,3,4.49,2,0.0834983041882515
313,6,1000,3,6.75,2,0.08349845916032791
313,7,97,3,10.1,7,0.08349847655320905
313,8,100,3,10.07,10,0.08349883176386357
313,9,1000,3,6.55,4,0.08349914772808552
313,10,1000,3,7.57,3,0.08349944213777781
313,11,1000,3,9.17,4,0.08349960450828076
313,12,1000,2,4.05,2,0.08349982610344887
313,13,1000,3,5.87,2,0.08350025862455368
313,14,98,3,10.05,5,0.0835004407076203
313,15,1000,3,4.73,2,0.08350118558853864
313,16,1000,2,4.91,7,0.08350133495032787
313,17,1000,3,8.24,4,0.08350151005387306
313,18,1000,3,7.5,5,0.08350102852284909
313,19,1000,3,7.17,6,0.0835007577687502
313,20,1000,2,2.92,1,0.08350088492035866
313,21,1000,1,2.81,3,0.08350121366232634
313,22,1000,2,4.72,4,0.08350207293778658
313,23,1000,2,5.3,5,0.0835017237663269
313,24,1000,3,7.92,3,0.08350181261450053
313,25,1000,2,3.36,2,0.08350217003375292
313,26,1000,3,8.85,2,0.08350192674249411
313,27,1000,2,7.87,4,0.0835017715394497
313,28,1000,2,7.55,4,0.08350258784741163
313,29,1000,2,3.85,3,0.08350196088850498
313,30,1000,2,2.98,1,0.08350207293778658
313,31,1000,2,4.05,1,0.08350259241461754
313,32,1000,2,3.7,1,0.08350336245447397
313,33,1000,1,3.06,5,0.08350338970124721
313,34,121,4,10.06,5,0.08350410817329548
313,35,467,3,10.0,3,0.0835041610536024
313,36,1000,2,4.26,5,0.0835050208196044
313,37,1000,3,4.41,2,0.08350465536117553
313,38,1000,3,5.42,2,0.08350483536720275
313,39,1000,2,3.4,2,0.08350422955304385
313,40,1000,2,3.85,3,0.08350437299907207
313,41,1000,1,3.03,5,0.08350427071005107
313,42,1000,1,2.74,3,0.083504340313375
314,1,1000,3,5.68,3,-0.039225531451404096
314,2,1000,3,5.41,3,-0.03922619249671697
314,3,1000,4,8.99,3,-0.03922677769511938
314,4,230,5,10.11,3,-0.03922757977700752
314,5,1000,3,5.32,2,-0.039228155992925166
314,6,1000,4,9.73,4,-0.039227905087172985
314,7,1000,4,9.69,4,-0.03922744913771749
314,8,1000,4,7.31,3,-0.03922700111567974
314,9,1000,4,5.18,1,-0.03922637128457427
314,10,113,4,10.04,1,-0.039226189618353294
314,11,89,3,10.03,1,-0.03922540388917655
314,12,96,4,10.06,1,-0.039224897705328964
314,13,90,3,10.0,1,-0.039224512668119535
314,14,88,3,10.02,1,-0.03922337598421357
314,15,91,4,10.1,1,-0.03922224937231986
314,16,92,4,10.02,1,-0.039221720405570835
314,17,93,4,10.06,1,-0.039220713359373875
314,18,94,4,10.0,1,-0.03921985836263667
314,19,97,4,10.11,1,-0.03921864469794883
314,20,97,4,10.11,1,-0.03921757258244397
314,21,100,4,10.06,1,-0.03921492405235767
314,22,102,4,10.01,1,-0.039214032136049924
314,23,103,4,10.08,1,-0.03921257129427299
314,24,103,4,10.11,1,-0.039210637651600884
314,25,102,4,10.03,1,-0.03920969976952263
314,26,103,4,10.11,1,-0.039207905820272504
314,27,102,4,10.03,1,-0.03920651796986075
314,28,102,4,10.07,1,-0.039205766155147086
314,29,103,4,10.11,1,-0.0392032148479258
314,30,102,4,10.03,1,-0.03920196697992437
314,31,101,4,10.02,1,-0.03920086583878735
314,32,101,4,10.02,1,-0.03919929557360045
314,33,101,4,10.07,1,-0.039197569104409455
314,34,101,4,10.0,1,-0.03919625238026723
314,35,101,4,10.04,1,-0.03919394078231094
314,36,102,4,10.05,1,-0.03919273512620552
314,37,102,4,10.09,1,-0.039190966489852645
314,38,102,4,10.0,1,-0.0391884020657516
314,39,102,4,10.03,1,-0.03918619837392779
314,40,102,4,10.04,1,-0.0391850036514156
314,41,102,4,10.09,1,-0.03918437623217994
314,42,101,4,10.01,1,-0.03918183255608719
314,43,103,4,10.09,1,-0.039179724252339704
314,44,103,4,10.08,1,-0.0391783210114368
314,45,101,4,10.05,1,-0.03917770382791463
314,46,102,4,10.08,1,-0.03917613702223582
314,47,101,4,10.04,1,-0.0391752423331289
314,48,102,4,10.02,1,-0.03917245669107811
314,49,102,4,10.07,1,-0.039170598319055984
314,50,102,4,10.07,1,-0.0391689109086406
314,51,102,4,10.04,1,-0.03916729351176935
314,52,102,4,10.02,1,-0.03916527659577482
314,53,102,4,10.08,1,-0.0391637758881438
314,54,102,4,10.07,1,-0.03916256480357226
314,55,102,4,10.11,1,-0.03916034434794211
314,56,102,4,10.07,1,-0.03915877676769799
314,57,102,4,10.06,1,-0.0391576905168739
314,58,101,4,10.1,1,-0.03915579797755374
314,59,101,4,10.0,1,-0.0391550213098526
314,60,102,4,10.1,1,-0.03915242419815531
314,61,102,4,10.04,1,-0.03915096676963217
314,62,101,4,10.04,1,-0.039149991651572805
314,63,102,4,10.1,1,-0.03914825380871109
314,64,102,4,10.08,1,-0.03914614171520168
314,65,101,4,10.11,1,-0.03914416625653163
314,66,102,4,10.07,1,-0.03914289600124546
314,67,101,4,10.02,1,-0.03914035310839663
314,68,102,4,10.04,1,-0.03913973702811727
314,69,101,4,10.02,1,-0.03913843757150197
314,70,100,4,10.1,1,-0.03913678579032421
314,71,102,4,10.08,1,-0.0391344924037363
314,72,101,4,10.01,1,-0.03913263043407166
314,73,101,4,10.01,1,-0.039131311902610384
314,74,101,4,10.01,1,-0.039130031583037704
314,75,102,4,10.08,1,-0.039128380115417874
314,76,102,4,10.08,1,-0.03912645980131393
314,77,101,4,10.03,1,-0.03912427556691783
314,78,101,4,10.03,1,-0.039122469243731826
314,79,101,4,10.01,1,-0.039120369102105056
314,80,101,4,10.02,1,-0.039118679369440176
314,81,102,4,10.06,1,-0.03911681509777611
314,82,101,4,10.03,1,-0.03911520876359231
314,83,100,4,10.04,1,-0.03911497201770544
314,84,99,4,10.02,1,-0.039113437286531084
314,85,100,4,10.03,1,-0.03911086305975914
314,86,100,4,10.06,1,-0.03910878129303455
314,87,100,4,10.02,1,-0.03910787731409073
314,88,100,4,10.02,1,-0.03910666961222887
314,89,99,4,10.05,1,-0.039105656133456665
314,90,101,4,10.12,1,-0.03910327662188228
314,91,101,4,10.04,1,-0.03910151588739735
314,92,100,4,10.08,1,-0.03909990802407265
314,93,100,4,10.02,1,-0.03909845616668463
314,94,99,4,10.01,1,-0.03909734760721525
314,95,100,4,10.07,1,-0.0390945677831769
314,96,100,4,10.03,1,-0.03909283112734556
314,97,100,4,10.08,1,-0.03909289479255676
314,98,100,4,10.12,1,-0.03909069571644068
314,99,100,4,10.06,1,-0.03908845338970423
314,100,100,4,10.1,1,-0.039087564870715144
314,101,99,4,10.03,1,-0.039084780246320394
314,102,100,4,10.05,1,-0.039084488339722154
314,103,100,4,10.11,1,-0.039083174988627435
314,104,100,4,10.1,1,-0.03908103585243225
314,105,100,4,10.07,1,-0.03907901648432016
314,106,99,4,10.02,1,-0.03907797105535112
314,107,99,4,10.01,1,-0.039076252567647685
314,108,100,4,10.08,1,-0.039074272252619266
314,109,100,4,10.11,1,-0.03907292429357767
314,110,100,4,10.04,1,-0.0390711785107851
314,111,100,4,10.06,1,-0.03906994324177503
314,112,100,4,10.09,1,-0.0390680592507124
314,113,99,4,10.04,1,-0.039065409790385856
314,114,100,4,10.01,1,-0.039064260609447954
314,115,100,4,10.07,1,-0.039063392095267775
314,116,99,4,10.07,1,-0.03906192897696688
314,117,100,4,10.01,1,-0.03905929453670978
314,118,100,4,10.07,1,-0.0390570629760623
314,119,100,4,10.06,1,-0.0390553567185998
314,120,99,4,10.02,1,-0.0390539767239431
314,121,100,4,10.08,1,-0.03905299939215183
314,122,100,4,10.05,1,-0.03905019745230675
314,123,100,4,10.08,1,-0.039048514030873775
314,124,101,4,10.1,1,-0.03904673612058753
314,125,100,4,10.09,1,-0.039046283178031445
314,126,100,4,10.02,1,-0.03904467925429344
314,127,102,4,10.11,1,-0.03904375298788734
314,128,102,4,10.07,1,-0.03904270647349311
314,129,101,4,10.03,1,-0.03904062225529463
314,130,102,4,10.09,1,-0.039038919314157726
314,131,101,4,10.0,1,-0.03903738003556091
314,132,102,4,10.11,1,-0.03903600387275219
314,133,101,4,10.12,1,-0.03903378638448102
314,134,101,4,10.01,1,-0.03903152627667578
314,135,101,4,10.04,1,-0.03903039282943943
314,136,102,4,10.09,1,-0.03902910795866275
314,137,101,4,10.03,1,-0.0390276797853484
314,138,102,4,10.09,1,-0.03902503336761512
314,139,100,4,10.08,1,-0.039023512713611125
314,140,100,4,10.04,1,-0.03902149099856615
314,141,101,4,10.03,1,-0.03901997282363401
314,142,101,4,10.1,1,-0.03901789068142966
314,143,102,4,10.09,1,-0.039016633641486075
314,144,101,4,10.04,1,-0.03901754821291064
314,145,102,4,10.05,1,-0.03901623401279543
314,146,102,4,10.03,1,-0.039013025697832014
314,147,101,4,10.05,1,-0.03901159092046247
314,148,100,4,10.02,1,-0.03901086624711752
314,149,101,4,10.09,1,-0.0390085778614082
314,150,101,4,10.09,1,-0.0390063168315014
314,151,100,4,10.08,1,-0.03900485802441835
314,152,101,4,10.02,1,-0.039003165752285775
314,153,102,4,10.06,1,-0.03900144643643323
314,154,101,4,10.04,1,-0.03899849010723652
314,155,101,4,10.05,1,-0.0389997238791225
314,156,101,4,10.07,1,-0.03899781096099627
314,157,102,4,10.09,1,-0.03899545156780411
314,158,102,4,10.09,1,-0.03899450359099051
314,159,102,4,10.11,1,-0.038992957814651376
314,160,101,4,10.03,1,-0.03898991124317198
314,161,101,4,10.04,1,-0.03898920849113181
314,162,102,4,10.08,1,-0.03898723065560939
314,163,101,4,10.04,1,-0.03898555387069683
314,164,101,4,10.03,1,-0.03898338287478626
314,165,100,4,10.06,1,-0.038980962298810484
314,166,101,4,10.06,1,-0.038979441333230176
314,167,102,4,10.09,1,-0.038979445273677506
314,168,101,4,10.05,1,-0.03897713091556389
314,169,101,4,10.03,1,-0.038975307072448256
314,170,102,4,10.11,1,-0.0389730709367523
314,171,101,4,10.08,1,-0.038974153892238544
314,172,101,4,10.05,1,-0.03897173289615329
314,173,101,4,10.08,1,-0.03896988046788933
314,174,102,4,10.1,1,-0.0389683733822084
314,175,101,4,10.05,1,-0.03896617325078143
314,176,101,4,10.05,1,-0.03896312884027415
314,177,102,4,10.07,1,-0.03896060173271918
314,178,101,4,10.03,1,-0.038962823034513115
314,179,98,4,10.02,1,-0.03896113409071553
314,180,101,4,10.05,1,-0.03895932594590848
314,181,101,4,10.07,1,-0.038956990373311656
314,182,101,4,10.0,1,-0.038955515896034715
314,183,101,4,10.04,1,-0.03895483379906947
314,184,102,4,10.1,1,-0.038952159677066056
314,185,102,4,10.07,1,-0.038950257185919615
314,186,102,4,10.11,1,-0.038948120622366085
314,187,101,4,10.03,1,-0.03894546318172228
314,188,102,4,10.08,1,-0.03894590013021348
314,189,102,4,10.09,1,-0.03894393441869932
314,190,101,4,10.09,1,-0.03894185927687305
314,191,101,4,10.07,1,-0.038940789417760205
314,192,101,4,10.02,1,-0.038938475938716736
314,193,101,4,10.09,1,-0.0389370990566688
314,194,102,4,10.07,1,-0.03893501519718591
314,195,101,4,10.04,1,-0.0389361567426436
314,196,102,4,10.09,1,-0.038933481838481096
315,1,1000,3,5.69,3,0.00903292841464281
315,2,1000,3,4.82,3,0.009033736571669579
315,3,1000,3,5.28,2,0.009034013234078883
315,4,1000,3,3.87,1,0.009034189775586128
315,5,1000,5,6.71,3,0.00903444182127714
315,6,113,4,10.01,3,0.009034853131897681
315,7,1000,4,6.49,2,0.009036977753043175
315,8,1000,6,8.23,2,0.009036577075719834
315,9,1000,6,8.24,2,0.009037695050239563
315,10,1000,3,4.0,3,0.009038057312369346
315,11,1000,2,3.4,2,0.009038527108728886
315,12,1000,1,3.68,11,0.00903874982148409
315,13,108,3,10.06,8,0.00903740670118067
315,14,1000,3,6.48,3,0.009037665836513043
315,15,157,5,10.06,3,0.009039043715805006
315,16,1000,4,8.05,5,0.00903946004062891
315,17,628,4,10.0,5,0.00903806912528861
315,18,1000,2,2.68,1,0.00903794914484024
315,19,1000,2,2.66,1,0.00903814285993576
315,20,1000,2,2.64,1,0.009039081633090973
315,21,1000,2,2.67,1,0.009038157761096954
316,1,1000,3,5.67,3,0.0655943090096116
316,2,1000,3,4.26,2,0.06559448172152042
316,3,1000,2,3.38,2,0.06559448217600584
316,4,1000,1,2.77,3,0.0655943595468998
316,5,1000,3,6.93,2,0.06559517724066972
316,6,1000,3,5.97,2,0.06559530452638865
316,7,1000,2,3.4,2,0.06559511034935712
316,8,1000,1,2.62,2,0.06559591016173363
316,9,1000,2,3.39,2,0.06559661266952753
316,10,1000,2,3.83,2,0.06559664419293404
316,11,1000,3,5.31,2,0.06559725857526064
316,12,1000,3,4.17,3,0.06559786194562912
316,13,1000,4,4.46,3,0.06559789690375328
316,14,1000,3,4.3,1,0.06559853489696979
316,15,1000,2,4.14,7,0.06559857691824436
316,16,1000,3,5.8,3,0.06559867891669273
316,17,1000,3,7.16,3,0.06559954964369535
316,18,1000,2,4.09,3,0.06559995768964291
316,19,1000,1,2.91,4,0.06559971127659082
316,20,1000,1,2.89,4,0.0656001674681902
316,21,1000,3,3.4,2,0.06559809078276158
316,22,1000,2,3.23,4,0.06559711285680532
316,23,1000,4,7.42,3,0.06559809805452824
316,24,1000,3,7.89,3,0.06559894313663245
316,25,1000,3,4.32,1,0.06560087032616138
316,26,1000,3,4.9,3,0.06560090121626853
316,27,1000,2,2.9,2,0.06560104094445705
316,28,1000,1,2.57,1,0.06560300290584564
316,29,1000,2,2.91,1,0.06560213102400303
316,30,1000,1,2.65,2,0.06560187744349241
316,31,1000,1,2.56,1,0.06560182571411133
316,32,1000,1,2.63,2,0.06560198590159416
317,1,1000,3,5.8,3,-0.08267046558111905
317,2,1000,3,5.52,3,-0.08267049749940633
317,3,1000,3,6.59,4,-0.08267052526026965
317,4,1000,3,8.24,3,-0.08267077630013228
317,5,1000,2,3.46,2,-0.08267092640697957
317,6,1000,4,4.67,2,-0.08267075322568417
317,7,1000,4,4.76,2,-0.08267077392339707
317,8,163,5,10.09,2,-0.08267122571088054
317,9,1000,2,5.86,10,-0.08267180505394936
317,10,169,4,10.04,10,-0.08267224774029128
317,11,109,4,10.01,2,-0.0826723648730768
317,12,103,4,10.06,4,-0.08267209179771756
317,13,129,6,10.04,2,-0.08267257917065952
317,14,1000,3,5.46,1,-0.0826723806783557
317,15,1000,3,8.27,4,-0.08267301066219807
317,16,97,4,10.01,3,-0.08267372877327438
317,17,83,3,10.1,7,-0.08267391482031489
317,18,96,4,10.05,7,-0.08267435571178794
317,19,107,4,10.09,11,-0.0826750025849476
317,20,102,4,10.02,7,-0.08267488725045148
317,21,98,4,10.01,5,-0.08267538515584809
317,22,85,3,10.11,2,-0.082676501659786
317,23,92,3,10.11,3,-0.08267786021789779
317,24,417,4,10.0,2,-0.08267908289635496
317,25,85,4,10.0,3,-0.08268057353356305
317,26,1000,1,3.82,12,-0.08268093267828226
318,1,1000,3,5.67,3,-0.05169761972501874
318,2,1000,3,4.17,2,-0.05169770161435008
318,3,1000,3,4.09,2,-0.05169752394780516
318,4,1000,3,4.73,2,-0.05169730908796191
318,5,1000,3,4.74,2,-0.05169695921242237
318,6,1000,3,3.66,2,-0.05169684585183859
318,7,1000,3,5.21,2,-0.0516966138407588
318,8,1000,3,5.22,2,-0.05169691378623247
318,9,1000,2,3.14,2,-0.05169683814048767
318,10,1000,1,2.53,1,-0.05169657617807388
318,11,1000,2,3.51,3,-0.05169631602987647
318,12,1000,2,3.42,4,-0.05169611125811934
318,13,1000,2,3.6,5,-0.051696546629071236
318,14,1000,2,3.83,6,-0.05169645547866821
318,15,1000,3,3.98,6,-0.0516971137560904
318,16,1000,3,5.62,4,-0.05169687289744616
318,17,1000,5,7.54,2,-0.051696740817278625
318,18,1000,5,5.56,1,-0.05169716726616025
318,19,1000,6,9.47,3,-0.05169718120992184
318,20,100,5,10.02,2,-0.051697714105248455
318,21,120,5,10.12,2,-0.051697158223638934
318,22,1000,2,3.66,1,-0.05169702318683267
318,23,96,4,10.11,2,-0.05169774289242923
318,24,96,5,10.06,1,-0.05169755429960787
318,25,94,3,10.01,11,-0.0516979252879924
318,26,1000,2,4.19,5,-0.051698732145130634
318,27,119,5,10.0,1,-0.051698614725796115
318,28,1000,1,3.17,6,-0.0516980094909668
318,29,118,5,10.05,3,-0.05169834531212257
318,30,505,4,10.0,3,-0.05169840398991462
318,31,134,5,10.1,3,-0.05169835530999881
318,32,105,6,10.05,3,-0.051698504707642964
318,33,83,4,10.03,3,-0.05169923904250903
318,34,228,3,10.0,4,-0.05169961415231228
318,35,1000,2,3.83,2,-0.05169942268356681
318,36,1000,3,6.19,3,-0.05169983483105898
318,37,1000,3,2.93,2,-0.05169972460716963
318,38,1000,1,2.67,2,-0.051701061248779295
319,1,1000,3,5.66,3,-0.03120726626366377
319,2,1000,3,6.81,3,-0.03120879700034857
319,3,1000,4,8.08,3,-0.031209696356207132
319,4,1000,4,9.54,3,-0.03121110801398754
319,5,129,4,10.07,4,-0.0312116606117681
319,6,1000,4,8.95,5,-0.03121326654776931
319,7,743,4,10.0,3,-0.03121432571760899
319,8,925,3,10.0,3,-0.031215591491074175
319,9,679,3,10.0,7,-0.03121585995013742
319,10,1000,2,3.89,3,-0.031216121770441533
319,11,1000,3,6.9,3,-0.03121619689837098
319,12,1000,3,6.96,3,-0.031217143066227436
319,13,162,4,10.11,3,-0.031217796118631038
319,14,1000,3,6.95,3,-0.031220334947109223
319,15,1000,2,3.83,3,-0.031222867771983145
319,16,1000,2,4.28,4,-0.03121927876584232
319,17,87,3,10.09,2,-0.031218749781449635
319,18,1000,3,7.58,2,-0.03121656437218189
319,19,313,3,10.0,2,-0.03121698769731834
319,20,103,3,10.06,6,-0.031217509066884957
319,21,1000,4,8.59,3,-0.031217629874125123
319,22,1000,2,5.27,5,-0.03121951088309288
319,23,1000,3,3.92,2,-0.031220481529831888
319,24,1000,1,2.91,4,-0.031222103495150803
320,1,1000,3,5.72,3,0.08833233457803726
320,2,1000,3,3.98,3,0.08833127998560666
320,3,1000,3,4.54,2,0.08833066982775926
320,4,1000,3,3.97,1,0.08833053141087294
320,5,1000,3,3.38,2,0.08833046811819077
320,6,1000,3,3.45,2,0.08833038175851107
320,7,1000,2,3.23,1,0.08833000852912665
320,8,1000,2,2.69,1,0.08832967281341553
320,9,1000,1,2.99,5,0.08832936722040176
320,10,303,5,10.0,6,0.08832892822255396
320,11,1000,4,8.2,6,0.08832871168106794
320,12,105,3,10.09,5,0.08832872531243734
320,13,123,4,10.06,3,0.08832850416259068
320,14,1000,4,6.16,2,0.08832854576408863
320,15,1000,4,5.27,3,0.08832875772565603
320,16,95,4,10.06,4,0.08832829876949913
320,17,407,4,10.0,3,0.08832825116209082
320,18,1000,2,3.1,2,0.08832756188511849
320,19,1000,4,3.16,1,0.08832735379785299
320,20,1000,2,2.85,2,0.08832681155204773
321,1,1000,3,5.65,3,-0.03033127335086465
321,2,1000,3,6.25,3,-0.03033096699602902
321,3,1000,3,9.02,3,-0.03033038060180843
321,4,1000,3,4.75,2,-0.030330015700310468
321,5,1000,3,3.58,1,-0.030329554125666618
321,6,1000,3,3.59,1,-0.030329099886119367
321,7,1000,3,4.39,1,-0.030328970339149237
321,8,1000,3,4.28,1,-0.030328870214521884
321,9,1000,2,4.41,4,-0.030329490669071674
321,10,1000,3,4.66,1,-0.030328930750489234
321,11,1000,3,3.97,1,-0.03032825213484466
321,12,1000,3,3.91,1,-0.03032808911986649
321,13,1000,3,6.2,1,-0.030327356729656457
321,14,1000,3,5.78,1,-0.030327111791819333
321,15,1000,3,5.81,1,-0.030326531469821928
321,16,92,3,10.02,6,-0.030326457248757713
321,17,1000,3,6.4,3,-0.030326582074165345
321,18,132,4,10.07,6,-0.030326412652026524
321,19,1000,3,4.59,3,-0.03032618161663413
321,20,1000,2,3.81,2,-0.03032626257278025
321,21,1000,3,4.58,2,-0.030325593672692774
321,22,1000,3,8.31,2,-0.030325183432549238
321,23,99,3,10.11,4,-0.03032458968686335
321,24,470,3,10.0,3,-0.030324218517288247
321,25,97,3,10.03,4,-0.030323726192270358
321,26,97,3,10.06,10,-0.030323077569302824
321,27,1000,3,7.51,2,-0.030322621334344147
321,28,1000,3,9.46,3,-0.030321925768628716
321,29,1000,3,5.55,2,-0.030322500787675382
321,30,1000,3,5.65,2,-0.03032189574278891
321,31,1000,2,3.64,3,-0.03032110523991287
321,32,1000,2,3.13,4,-0.03032017856836319
321,33,1000,1,2.77,3,-0.030319969763979316
321,34,1000,1,2.78,3,-0.030318838914856313
321,35,971,3,10.0,3,-0.030317947936045767
321,36,99,3,10.1,5,-0.030317086876943858
321,37,1000,3,6.22,3,-0.030316757548600436
321,38,1000,1,2.64,2,-0.030315938880667092
322,1,1000,3,5.79,3,0.04128915404900908
322,2,1000,3,5.2,3,0.041288707856088874
322,3,1000,3,3.4,2,0.041288308266550305
322,4,1000,2,3.14,2,0.041287548296153546
322,5,1000,3,4.5,2,0.04128739277645946
322,6,1000,2,3.77,3,0.041287456870079044
322,7,1000,2,3.88,3,0.041287384886294604
322,8,1000,2,3.51,3,0.04128777291625738
322,9,1000,1,2.68,2,0.04128784018754959
322,10,1000,3,7.83,5,0.04128822895884514
322,11,1000,3,3.9,1,0.04128819179907441
322,12,1000,2,3.19,2,0.04128833356127143
322,13,228,5,10.06,3,0.04128807142638324
322,14,1000,2,4.85,4,0.04128799947351217
322,15,1000,2,3.85,3,0.04128790295869112
322,16,1000,4,5.41,3,0.04128701452538371
322,17,1000,2,3.37,2,0.04128764933720231
322,18,1000,2,3.56,3,0.04128755542263389
322,19,1000,1,3.08,5,0.041287566557526585
322,20,1000,2,3.79,5,0.04128771351650357
322,21,1000,1,2.98,4,0.041287563178688286
322,22,1000,1,2.93,4,0.04128736911714077
322,23,1000,1,3.05,5,0.041287287689745426
322,24,1000,4,8.59,3,0.04128679845482111
322,25,1000,4,8.46,3,0.0412874192930758
322,26,1000,2,3.63,3,0.04128744540736079
322,27,1000,3,5.48,1,0.04128781615197658
322,28,1000,2,4.7,5,0.04128863825276494
322,29,1000,1,2.77,3,0.04128832796961069
322,30,1000,1,2.68,2,0.04128810150176287
322,31,1000,3,2.94,2,0.041288401901721956
322,32,1000,1,2.57,1,0.04128909483551979
323,1,1000,3,5.73,3,-0.027379757426679134
323,2,1000,3,5.9,3,-0.02738023222796619
323,3,1000,3,6.83,3,-0.02738040306791663
323,4,1000,3,6.83,3,-0.027380493411794306
323,5,1000,3,7.17,2,-0.027380419889464973
323,6,1000,4,9.12,3,-0.027380259653553368
323,7,1000,4,9.17,3,-0.027380105562508108
323,8,92,4,10.04,3,-0.02738003633187517
323,9,1000,3,4.77,3,-0.02738090228289366
323,10,1000,2,5.12,6,-0.027381092989817262
323,11,1000,2,4.68,5,-0.02738158955425024
323,12,1000,4,8.97,3,-0.02738192804157734
323,13,1000,3,6.45,3,-0.027382006591185927
323,14,1000,3,5.35,3,-0.02738208648003638
323,15,1000,3,4.54,2,-0.0273821157515049
323,16,1000,2,5.6,7,-0.02738205703161657
323,17,1000,4,9.2,3,-0.027382023207843303
323,18,80,3,10.0,3,-0.02738190891686827
323,19,302,4,10.0,2,-0.027383030034503004
323,20,87,4,10.04,2,-0.027383293999337602
323,21,104,6,10.03,1,-0.027382939534548383
323,22,115,6,10.06,1,-0.02738283984363079
323,23,100,5,10.05,1,-0.027382601369172335
323,24,107,5,10.01,1,-0.027382565314106853
323,25,141,6,10.11,1,-0.027382601131784156
323,26,127,6,10.03,1,-0.027382574300831696
323,27,127,6,10.05,1,-0.027383067799130762
323,28,127,6,10.09,1,-0.02738318750708122
323,29,127,6,10.03,1,-0.027383454012002532
323,30,127,6,10.01,1,-0.02738386220995366
323,31,127,6,10.06,1,-0.027384516115733018
323,32,129,6,10.12,1,-0.027384768680546633
323,33,127,6,10.07,1,-0.027385557730366866
323,34,127,6,10.0,1,-0.02738603943680215
323,35,129,6,10.11,1,-0.02738666580628979
323,36,127,6,10.05,1,-0.027387646312906046
323,37,129,6,10.09,1,-0.02738833942905415
323,38,127,6,10.03,1,-0.02738892945541641
323,39,127,6,10.06,1,-0.02738976739640311
323,40,127,6,10.09,1,-0.027390898857999037
323,41,127,6,10.05,1,-0.027391849100355088
323,42,126,6,10.07,1,-0.027393263587284656
323,43,127,6,10.04,1,-0.02739416205096902
323,44,127,6,10.05,1,-0.027394576834177408
323,45,127,6,10.1,1,-0.027395152611525978
323,46,127,6,10.08,1,-0.027395989613856857
323,47,129,6,10.11,1,-0.02739633829152399
323,48,126,6,10.01,1,-0.02739728604339891
323,49,127,6,10.07,1,-0.027398005729233187
323,50,126,6,10.05,1,-0.02739869627273745
323,51,127,6,10.07,1,-0.027399658526139934
323,52,127,6,10.09,1,-0.027400456970249575
323,53,127,6,10.07,1,-0.02740196131287128
323,54,127,6,10.1,1,-0.02740282448023323
323,55,129,6,10.12,1,-0.027403567000761513
323,56,126,6,10.04,1,-0.027404679059390983
323,57,127,6,10.09,1,-0.02740584442934652
323,58,127,6,10.05,1,-0.02740683362591924
323,59,126,6,10.01,1,-0.027407935096157923
323,60,126,6,10.04,1,-0.027409173030820157
323,61,127,6,10.1,1,-0.02741049583561308
323,62,127,6,10.07,1,-0.027412048093681262
323,63,127,6,10.09,1,-0.027412865354906855
323,64,127,6,10.07,1,-0.027413488989035915
323,65,127,6,10.08,1,-0.027415398376311843
323,66,126,6,10.1,1,-0.02741660751284115
323,67,129,6,10.1,1,-0.027418303758252497
323,68,129,6,10.09,1,-0.027419248090464938
323,69,127,6,10.01,1,-0.027420678373983525
323,70,127,6,10.01,1,-0.027421487128640724
323,71,124,6,10.05,1,-0.027423165768625274
323,72,127,6,10.09,1,-0.02742410426240737
323,73,126,6,10.02,1,-0.027425186871181405
323,74,127,6,10.11,1,-0.027426070907688515
323,75,124,6,10.0,1,-0.027427876308079687
323,76,127,6,10.1,1,-0.02742927478934367
323,77,126,6,10.0,1,-0.027430818416178226
323,78,127,6,10.07,1,-0.027431717069130244
323,79,126,6,10.11,1,-0.027432487671455695
323,80,126,6,10.01,1,-0.02743409378897576
323,81,127,6,10.12,1,-0.027434671590999354
323,82,126,6,10.0,1,-0.027435798301464982
323,83,129,6,10.04,1,-0.027436109274163727
323,84,126,6,10.03,1,-0.02743781613747752
323,85,126,6,10.11,1,-0.02743850275874138
323,86,127,6,10.03,1,-0.027440412322015273
323,87,127,6,10.07,1,-0.02744231657601717
323,88,126,6,10.09,1,-0.02744386859592937
323,89,129,6,10.08,1,-0.027445415641332783
323,90,129,6,10.1,1,-0.02744666423446448
323,91,129,6,10.03,1,-0.02744723954635073
323,92,130,6,10.09,1,-0.027449416784712903
323,93,127,6,10.03,1,-0.02745065795565684
323,94,129,6,10.02,1,-0.027452118478195613
323,95,130,6,10.11,1,-0.027453353141362852
323,96,127,6,10.08,1,-0.027455511862250762
323,97,127,6,10.08,1,-0.02745718591091201
323,98,127,6,10.11,1,-0.027458771505928414
323,99,127,6,10.04,1,-0.027459943725720165
323,100,127,6,10.1,1,-0.027461203636498902
323,101,127,6,10.05,1,-0.02746122047363773
323,102,127,6,10.07,1,-0.027461643910079492
323,103,126,6,10.04,1,-0.027463794656334414
323,104,126,6,10.0,1,-0.027465172141553865
323,105,126,6,10.01,1,-0.027465934953874067
323,106,126,6,10.05,1,-0.0274681466823769
323,107,127,6,10.03,1,-0.027469262950063692
323,108,126,6,10.02,1,-0.027469712339105116
323,109,126,6,10.09,1,-0.027470221816902122
323,110,126,6,10.02,1,-0.02747083761330162
323,111,126,6,10.01,1,-0.027472651888808562
323,112,127,6,10.03,1,-0.027473343154928817
323,113,127,6,10.08,1,-0.027475185824308808
323,114,127,6,10.0,1,-0.027476453816327524
323,115,127,6,10.09,1,-0.027478387725986833
323,116,127,6,10.04,1,-0.027479942858688475
323,117,127,6,10.0,1,-0.02748085505615069
323,118,129,6,10.03,1,-0.027482734531048658
323,119,127,6,10.08,1,-0.027482728217178443
323,120,129,6,10.06,1,-0.02748422149944213
323,121,130,6,10.1,1,-0.027485793599715598
323,122,129,6,10.09,1,-0.027487168146311775
323,123,129,6,10.09,1,-0.027487495841906052
323,124,129,6,10.04,1,-0.027488843501769295
323,125,127,6,10.01,1,-0.027491473834814987
323,126,127,6,10.06,1,-0.027491892416646162
323,127,129,6,10.03,1,-0.027493511507099912
323,128,130,6,10.07,1,-0.027495616359206346
323,129,129,6,10.04,1,-0.02749797028973121
323,130,127,6,10.02,1,-0.027499154283423123
323,131,129,6,10.06,1,-0.02750034793460554
323,132,129,6,10.08,1,-0.02750127945932769
323,133,127,6,10.02,1,-0.027503233241635984
323,134,129,6,10.06,1,-0.027504852445897204
323,135,129,6,10.09,1,-0.02750562664208024
323,136,129,6,10.11,1,-0.027506248635608098
323,137,129,6,10.06,1,-0.027507435544863228
323,138,129,6,10.0,1,-0.02750828170556893
323,139,127,6,10.0,1,-0.02751068360223545
323,140,129,6,10.0,1,-0.027511443942785263
323,141,127,6,10.03,1,-0.027512728551945347
323,142,129,6,10.07,1,-0.027513326716053395
323,143,129,6,10.07,1,-0.027514639274440995
323,144,129,6,10.1,1,-0.02751605706505997
323,145,129,6,10.06,1,-0.02751831727665524
323,146,127,6,10.01,1,-0.027519985124116807
323,147,129,6,10.03,1,-0.027521409859606463
323,148,129,6,10.08,1,-0.027523468024739924
323,149,129,6,10.09,1,-0.027525384672159373
323,150,129,6,10.09,1,-0.027526089084125304
323,151,129,6,10.0,1,-0.027527998252085937
323,152,129,6,10.08,1,-0.027529168411973837
323,153,129,6,10.09,1,-0.027530528518349626
323,154,129,6,10.11,1,-0.027532272113039512
323,155,127,6,10.08,1,-0.027533438643367273
323,156,129,6,10.08,1,-0.02753442264515762
323,157,129,6,10.09,1,-0.027537552466572718
323,158,129,6,10.09,1,-0.02753893661406613
323,159,129,6,10.05,1,-0.02754036771754424
323,160,129,6,10.1,1,-0.02754064310024413
323,161,129,6,10.07,1,-0.02754181132529133
323,162,127,6,10.04,1,-0.027542879892967817
323,163,130,6,10.11,1,-0.027544178154606084
323,164,129,6,10.05,1,-0.027545198523836543
323,165,129,6,10.09,1,-0.027546139145197795
323,166,129,6,10.03,1,-0.027547433568063634
323,167,127,6,10.01,1,-0.02754927115646873
323,168,129,6,10.11,1,-0.027551321962545085
323,169,130,6,10.08,1,-0.027552244253456593
323,170,129,6,10.05,1,-0.027554479073877484
323,171,129,6,10.0,1,-0.027557280463303708
323,172,127,6,10.05,1,-0.02755828344035806
323,173,129,6,10.07,1,-0.027559683203350668
323,174,129,6,10.1,1,-0.027562043189193853
323,175,129,6,10.08,1,-0.027563194895899572
323,176,129,6,10.11,1,-0.027565037759468537
323,177,129,6,10.04,1,-0.027565795827166055
323,178,129,6,10.11,1,-0.02756715755072213
323,179,129,6,10.05,1,-0.027569600561445997
323,180,127,6,10.01,1,-0.02757023706093548
323,181,127,6,10.02,1,-0.027570994086856915
323,182,127,6,10.01,1,-0.027574164499565373
323,183,129,6,10.05,1,-0.02757528447365576
323,184,129,6,10.01,1,-0.02757598071308561
323,185,129,6,10.06,1,-0.02757689452102018
323,186,129,6,10.04,1,-0.027578763692646988
323,187,129,6,10.04,1,-0.02758046321917412
323,188,129,6,10.07,1,-0.027580637946840403
323,189,127,6,10.01,1,-0.027582463639692998
324,1,1000,3,5.8,3,-0.02698430607840419
324,2,1000,3,5.39,3,-0.02698391516879201
324,3,1000,3,3.38,3,-0.026983595682308077
324,4,1000,3,3.53,3,-0.026982811389490963
324,5,1000,3,4.07,3,-0.026982289040461183
324,6,1000,3,4.61,3,-0.026982784682884814
324,7,1000,3,3.19,1,-0.02698287174478173
324,8,1000,3,3.25,1,-0.02698345865868032
324,9,1000,2,2.92,2,-0.026983281524851917
324,10,1000,2,3.55,3,-0.026983218513429164
324,11,1000,3,6.08,4,-0.026982946967706083
324,12,1000,1,3.06,5,-0.026983975987881423
324,13,1000,1,3.03,5,-0.02698229444399476
324,14,1000,3,5.21,3,-0.026981600353494287
324,15,1000,4,4.39,2,-0.026982321387156845
324,16,153,4,10.09,2,-0.02698326375018927
324,17,1000,3,5.95,5,-0.026983973942697047
324,18,91,4,10.11,3,-0.02698317667530788
324,19,206,7,10.0,1,-0.02698281977000167
324,20,114,4,10.06,6,-0.026982888105537808
324,21,309,5,10.08,9,-0.026982184933516586
324,22,1000,4,9.3,3,-0.026981295527890324
324,23,1000,3,5.82,5,-0.026980641148984432
324,24,105,4,10.07,3,-0.026980240270495413
324,25,87,3,10.11,3,-0.02698005864332462
324,26,101,4,10.05,3,-0.02697948028914409
324,27,94,4,10.03,5,-0.02697870161067298
324,28,85,3,10.05,2,-0.02697806925896336
324,29,84,3,10.07,6,-0.026977581903338432
324,30,88,4,10.04,6,-0.02697818861766295
324,31,1000,3,8.01,3,-0.026977073531597853
324,32,102,4,10.12,3,-0.026976653959090803
324,33,91,3,10.02,6,-0.026975494881088916
324,34,103,5,10.01,4,-0.026975198386652955
324,35,1000,3,6.84,3,-0.026973543301224708
325,1,1000,3,5.8,3,0.02112246363610029
325,2,1000,3,4.61,3,0.021122358042746783
325,3,1000,2,3.83,3,0.021122515749186277
325,4,1000,3,4.78,2,0.021122448060661554
325,5,1000,3,8.05,5,0.021122523818165064
325,6,836,4,10.0,6,0.021122096743630737
325,7,1000,4,7.55,3,0.021121701788157223
325,8,1000,4,7.56,3,0.021121115982532503
325,9,1000,4,7.55,3,0.021120476150885224
325,10,1000,3,6.91,3,0.021120210513472557
325,11,1000,2,3.91,3,0.021119516015052794
325,12,1000,1,2.81,3,0.021118026040494443
325,13,1000,4,6.41,3,0.02111764821410179
325,14,138,5,10.08,5,0.021116404510710552
325,15,142,5,10.11,3,0.021115194586381107
325,16,153,4,10.0,3,0.02111403623388873
325,17,114,3,10.05,15,0.021114434850843328
325,18,128,3,10.01,15,0.021113338239956647
325,19,103,4,10.11,7,0.021112765737094925
325,20,91,4,10.03,6,0.021110643806693318
325,21,99,4,10.02,5,0.021109244588649635
325,22,100,5,10.04,2,0.021108384244143963
325,23,1000,4,7.15,3,0.021107923462986945
325,24,1000,5,6.78,3,0.021108126010745763
325,25,95,3,10.1,12,0.02110701852331036
325,26,120,5,10.02,4,0.02110719590758284
325,27,87,4,10.07,1,0.02110489605572717
325,28,110,4,10.0,3,0.021103377132253215
325,29,132,4,10.07,2,0.0211026148419037
325,30,129,5,10.04,4,0.021101889395436575
325,31,112,5,10.02,3,0.021100774740001986
325,32,142,3,10.08,7,0.021100058548257385
325,33,92,5,10.08,4,0.02109922691369834
325,34,96,5,10.01,5,0.021098270857085783
325,35,1000,4,3.92,2,0.02109743233397603
325,36,1000,0,2.5,0,0.021096376702189445
326,1,1000,3,5.75,3,0.059961352732032534
326,2,1000,3,6.69,3,0.05996119223535061
326,3,1000,3,7.38,3,0.05996111990511417
326,4,1000,3,9.91,5,0.059961156841367484
326,5,681,3,10.0,4,0.05996188347975938
326,6,1000,3,9.89,3,0.0599620774127543
326,7,899,3,10.0,3,0.059961353019460026
326,8,1000,3,4.52,2,0.059959986563771966
326,9,1000,5,6.53,2,0.059958968702703716
326,10,142,5,10.09,2,0.059957539216733316
326,11,1000,5,7.12,1,0.05995744678750634
326,12,1000,5,7.13,1,0.059955844219774006
326,13,1000,4,5.54,2,0.059954409316182136
326,14,101,5,10.1,2,0.05995193374629068
326,15,1000,4,8.82,2,0.059951724998652936
326,16,92,4,10.07,2,0.05995225343529297
326,17,187,5,10.04,2,0.05995074589861268
326,18,93,3,10.06,4,0.05995566598189774
326,19,1000,2,3.1,1,0.059955735728144645
326,20,1000,2,3.41,2,0.0599556581787765
326,21,1000,1,3.39,8,0.05995490212365985
326,22,1000,2,3.46,2,0.05995385068655014
326,23,102,3,10.06,5,0.059953756703465595
326,24,1000,3,9.68,4,0.05995361818745732
326,25,101,3,10.01,6,0.05995214531327238
326,26,1000,1,2.97,4,0.05995169835537672
326,27,1000,3,7.08,4,0.059951228749006984
326,28,95,3,10.01,8,0.05994952999447521
326,29,1000,2,4.58,3,0.05995148636773229
326,30,1000,1,3.05,5,0.05995140378549695
326,31,1000,2,3.23,3,0.05994947241619229
326,32,99,5,10.02,3,0.05994778525347662
326,33,97,3,10.07,8,0.05994756999857647
326,34,1000,4,8.68,3,0.05994924932345748
326,35,89,3,10.03,2,0.059947388016440895
326,36,1000,3,9.07,3,0.05994761494547129
326,37,1000,2,5.93,6,0.05994720814377069
326,38,1000,2,3.81,3,0.05994857094064355
326,39,1000,3,3.66,1,0.05994903564453125
326,40,1000,1,2.98,4,0.05994794289022684
327,1,1000,3,5.72,3,0.050813030410557986
327,2,1000,3,6.24,3,0.050813122995197774
327,3,1000,3,9.42,3,0.050812973219901324
327,4,1000,3,7.26,2,0.050813027638942
327,5,1000,2,4.71,5,0.05081258295476437
327,6,1000,2,3.84,3,0.05081205972656608
327,7,1000,2,3.36,2,0.050812156949192284
327,8,1000,1,2.79,3,0.05081267590075731
327,9,1000,3,4.63,3,0.050813240364193914
327,10,1000,3,5.02,2,0.050813423052430154
327,11,1000,2,5.19,2,0.0508132533878088
327,12,1000,2,4.29,2,0.05081293058395386
327,13,1000,2,3.81,3,0.05081302143633366
327,14,1000,2,6.08,5,0.05081408187747002
327,15,1000,2,3.12,2,0.05081389066204429
327,16,1000,2,3.04,1,0.05081492464244366
327,17,1000,3,6.15,1,0.050814936965703966
327,18,1000,3,5.27,1,0.05081413931772113
327,19,1000,3,8.03,2,0.05081456967815757
327,20,218,3,10.0,3,0.05081419012757069
327,21,1000,2,5.19,3,0.05081369293481112
327,22,1000,2,5.17,3,0.05081343438848853
327,23,100,4,10.08,3,0.05081255123019218
327,24,100,5,10.05,5,0.05081395715475082
327,25,260,5,10.05,3,0.05081530306488276
327,26,1000,1,3.18,6,0.050816792331635954
327,27,1000,2,5.24,6,0.05081701795011759
327,28,94,4,10.1,4,0.05081656357233829
327,29,1000,3,8.56,1,0.050817660957574846
327,30,104,5,10.02,3,0.05081825631742294
327,31,103,5,10.07,4,0.05081817482426328
327,32,89,3,10.01,4,0.05081913339790334
327,33,94,3,10.05,2,0.05081872741117122
327,34,1000,2,5.89,2,0.05081972187384963
327,35,90,3,10.11,9,0.05082170416911443
327,36,121,5,10.1,2,0.05082242957447186
327,37,1000,3,4.62,16,0.05082422950491309
327,38,82,3,10.09,3,0.05082389280745169
327,39,84,3,10.07,23,0.050824640185705254
327,40,1000,3,3.13,1,0.05082442788034677
327,41,1000,2,9.42,17,0.050826770398765805
327,42,1000,3,3.94,4,0.05082648514956236
327,43,1000,2,3.19,2,0.05082694667577743
328,1,1000,3,5.69,3,0.004194137945771217
328,2,1000,3,3.96,3,0.004196007590740919
328,3,1000,2,3.16,2,0.0041976309679448605
328,4,1000,3,9.72,5,0.00419863073900342
328,5,1000,3,5.42,2,0.004200322618708015
328,6,1000,1,2.73,3,0.004200788838788867
328,7,1000,1,2.89,4,0.004201082998886704
328,8,1000,2,3.86,2,0.004202422874048352
328,9,1000,3,3.78,2,0.004202784346416593
328,10,1000,1,2.66,2,0.004203479524701834
328,11,1000,1,3.04,5,0.0042044962272047995
328,12,1000,2,4.42,3,0.004205238625407219
328,13,217,5,10.07,5,0.0042058387621035495
328,14,1000,4,5.94,3,0.004206295970827341
328,15,1000,4,5.38,2,0.004206571362912655
328,16,1000,3,3.46,1,0.004208079643547535
328,17,1000,2,3.19,3,0.00420957556553185
328,18,1000,3,4.31,2,0.004207380589097739
328,19,1000,3,3.64,2,0.0042082034647464754
328,20,1000,3,5.58,3,0.004208577539771796
328,21,94,3,10.06,8,0.004209083911190008
328,22,867,5,10.0,3,0.004209057180342
328,23,1000,5,3.05,1,0.00420934846624732
328,24,1000,4,3.15,1,0.004209938196465373
328,25,1000,4,3.83,3,0.004209919050335884
328,26,1000,4,4.52,1,0.004210970135405659
328,27,1000,5,5.92,2,0.004212087288498878
328,28,1000,4,4.1,2,0.004211879396811127
328,29,1000,3,5.32,5,0.004210546417161822
328,30,1000,4,5.01,7,0.004209852678701282
328,31,204,5,10.07,7,0.004210203703419835
328,32,1000,2,3.84,3,0.004210156582295894
328,33,1000,2,5.2,4,0.004212370931170881
328,34,1000,2,4.59,2,0.004211471004411578
328,35,1000,2,3.86,4,0.004212886294350028
328,36,1000,1,2.52,1,0.004215007919818163
328,37,1000,0,2.41,0,0.004215569235384464
329,1,1000,3,5.71,3,0.0545343768671155
329,2,1000,3,6.8,3,0.05453463497012854
329,3,1000,4,9.27,4,0.054534944742918014
329,4,1000,4,4.71,1,0.05453473065793514
329,5,1000,4,7.29,2,0.05453511196374893
329,6,1000,3,6.85,3,0.054535280518233774
329,7,1000,2,3.78,3,0.05453495576232672
329,8,1000,2,3.47,3,0.05453532097488642
329,9,1000,2,3.36,2,0.05453587616235018
329,10,1000,3,6.33,2,0.05453594286739826
329,11,516,3,10.0,3,0.054535275873865266
329,12,471,5,10.0,3,0.054535940969699
329,13,1000,4,8.02,2,0.054536282137036325
329,14,1000,3,5.21,2,0.05453616850078106
329,15,1000,2,5.01,2,0.054535565536469224
329,16,1000,1,3.11,6,0.054536353923380375
329,17,1000,1,2.99,5,0.05453649828583002
329,18,574,6,10.0,4,0.054536818380659054
329,19,1000,2,3.81,4,0.05453691065311432
329,20,1000,2,4.49,6,0.05453724822774529
329,21,1000,2,3.6,2,0.054537068627774715
329,22,1000,3,6.98,3,0.054537093758583066
329,23,98,3,10.05,7,0.054536904455447684
329,24,1000,2,4.08,7,0.05453740154579282
329,25,1000,3,5.0,2,0.05453795347362757
329,26,1000,3,2.81,1,0.05453827604651451
329,27,1000,2,3.62,5,0.054537866640836
329,28,1000,2,4.18,3,0.05453822701796889
329,29,1000,1,2.76,3,0.054538017511367796
329,30,1000,1,2.69,2,0.05453845601901412
329,31,1000,3,3.28,3,0.05453623169660568
329,32,1000,1,2.72,2,0.054537692382931706
330,1,1000,3,5.79,3,-0.04653830041736364
330,2,1000,3,5.14,3,-0.04653741656988859
330,3,1000,3,3.25,1,-0.04653726463392377
330,4,1000,2,3.51,3,-0.0465370139554143
330,5,1000,3,5.87,3,-0.046536733038723466
330,6,1000,2,3.85,4,-0.046536795761436225
330,7,1000,2,2.92,2,-0.04653661938756704
330,8,1000,1,2.59,1,-0.04653613269329071
330,9,1000,1,2.91,4,-0.04653599969670177
330,10,1000,1,3.17,6,-0.046536538753658534
330,11,1000,3,9.03,2,-0.0465364031791687
330,12,1000,3,5.29,3,-0.04653529357537627
330,13,1000,4,6.23,3,-0.04653498017415404
