game,round,num_iterations,max_depth,time_taken,num_children,value
1,1,1000,3,3.72,3,0.01161798052303493
1,2,1000,3,3.55,3,0.011617113085463643
1,3,1000,4,4.1,3,0.01161545393243432
1,4,1000,3,4.17,4,0.011614820387214422
1,5,1000,3,4.69,3,0.011615060295909644
1,6,1000,3,4.99,3,0.011615569649264216
1,7,1000,4,6.06,3,0.011615886436775327
1,8,1000,4,6.09,3,0.011617274126037955
1,9,1000,4,6.49,3,0.011618674841709435
1,10,1000,4,7.01,4,0.011619690961204469
1,11,1000,4,7.09,4,0.011618662712164224
1,12,1000,4,7.23,4,0.011618601723574103
1,13,1000,4,3.96,1,0.011617928758263589
1,14,1000,4,8.1,3,0.011617665626108647
1,15,275,4,10.03,12,0.011615639135918834
1,16,1000,4,5.02,3,0.011616673389449715
1,17,1000,2,3.08,2,0.011615877667441965
1,18,1000,4,4.88,4,0.011615209436044096
1,19,1000,3,4.59,3,0.011616158491000533
1,20,1000,3,3.92,2,0.01161574730090797
1,21,1000,3,3.9,2,0.011616154991090298
1,22,1000,3,3.99,2,0.011615431521087885
1,23,1000,2,3.17,6,0.01161487501487136
1,24,1000,2,3.15,6,0.011614420859143137
1,25,1000,4,4.11,3,0.011612343495711684
1,26,268,4,10.01,6,0.011612564881346118
1,27,1000,2,3.46,12,0.011612436384893954
1,28,1000,3,3.66,4,0.011611951045691966
1,29,1000,2,3.84,3,0.01161150062829256
1,30,281,5,10.01,3,0.011612139005890096
1,31,268,5,10.01,3,0.011611727601501034
1,32,965,5,10.0,3,0.011611340936138222
1,33,265,4,10.0,6,0.011611588053264708
1,34,249,5,10.0,1,0.011610771293740675
1,35,248,5,10.03,3,0.011611449119124201
1,36,975,4,10.0,3,0.011611689617618536
1,37,299,4,10.01,3,0.011611084338514302
1,38,1000,4,9.71,2,0.0116111229788512
1,39,254,4,10.04,5,0.011609899254119772
1,40,342,5,10.04,3,0.011610271779504435
1,41,271,5,10.02,4,0.011609991978015407
1,42,281,5,10.0,3,0.011609516766094652
1,43,1000,5,9.96,3,0.011609459763392806
1,44,1000,4,5.0,4,0.011610317500308156
1,45,246,4,10.02,2,0.011609834603722988
1,46,239,3,10.01,5,0.011610361860449343
1,47,257,4,10.01,5,0.011610923436423221
1,48,1000,3,7.4,3,0.011611389394849538
1,49,263,5,10.04,3,0.011611705475943623
1,50,263,5,10.03,3,0.011611342734653687
1,51,278,6,10.01,3,0.011611178865750058
1,52,318,6,10.02,3,0.011611501170826034
1,53,301,6,10.0,3,0.011611289836689086
1,54,281,5,10.02,3,0.011610864280487718
1,55,293,7,10.04,2,0.011610595903553247
1,56,283,5,10.02,6,0.011610082327635043
1,57,244,4,10.04,6,0.01160939117954647
1,58,283,5,10.03,11,0.01160961676507451
1,59,244,3,10.02,21,0.011609639186167815
1,60,256,4,10.02,3,0.01161009815405123
1,61,317,5,10.03,3,0.01160999490917669
1,62,1000,4,7.11,2,0.011611117660999298
1,63,841,4,10.0,1,0.011610876272712678
1,64,863,4,10.0,1,0.011610335895957842
1,65,859,4,10.0,1,0.0116099684420058
1,66,920,3,10.0,9,0.011609901423039644
1,67,262,4,10.03,13,0.011609221346505726
1,68,257,3,10.03,20,0.011609833441123887
1,69,242,4,10.02,3,0.011610091456081256
1,70,264,6,10.04,3,0.011610074554372466
1,71,278,5,10.0,3,0.011610273767611106
1,72,274,5,10.01,3,0.011610238051490628
1,73,274,5,10.03,3,0.01160983239592862
1,74,1000,4,6.31,3,0.011610837837681175
1,75,1000,4,5.24,3,0.01161133285611868
1,76,1000,4,5.17,3,0.011611319484189152
1,77,1000,4,5.09,3,0.011611852338537574
1,78,1000,3,3.37,3,0.011612023029476405
1,79,1000,2,2.7,3,0.01161185273900628
1,80,1000,2,2.74,3,0.011612870348617434
2,1,1000,3,3.66,3,-0.10725842686742544
2,2,1000,3,3.43,3,-0.10725847809016704
2,3,1000,3,3.23,2,-0.10725811505317688
2,4,1000,3,3.54,4,-0.10725775199383497
2,5,1000,1,2.58,4,-0.10725746376812458
2,6,1000,2,2.51,1,-0.10725746314227581
2,7,1000,1,2.52,3,-0.10725727878510952
2,8,1000,2,3.0,3,-0.1072575575336814
2,9,1000,2,2.7,3,-0.10725739622116089
2,10,1000,2,2.98,5,-0.10725731287896634
2,11,1000,1,2.51,2,-0.10725763998925686
2,12,1000,1,2.64,5,-0.10725786888599395
2,13,1000,2,3.25,3,-0.10725780368596316
2,14,1000,2,2.64,3,-0.10725766317546367
2,15,1000,2,2.74,3,-0.1072575950473547
2,16,1000,2,2.67,2,-0.10725772219896317
2,17,1000,1,2.63,5,-0.10725832590460778
2,18,1000,3,2.92,3,-0.10725891340523958
2,19,1000,1,2.53,2,-0.1072582507133484
2,20,1000,1,2.59,4,-0.10725910335034132
2,21,1000,3,3.4,6,-0.10725869850069285
2,22,1000,3,4.69,5,-0.10725899731367826
2,23,1000,3,4.06,4,-0.1072601378634572
2,24,1000,3,2.82,2,-0.10726019882410764
2,25,1000,3,3.41,4,-0.10725859383493662
2,26,500,6,10.03,10,-0.10725884692370892
2,27,1000,2,3.22,3,-0.10725877879559993
2,28,1000,1,2.57,3,-0.10725743896514177
2,29,1000,1,2.55,3,-0.10725705119222402
2,30,1000,5,5.85,3,-0.1072565647661686
2,31,1000,5,5.44,3,-0.10725664907693863
2,32,283,4,10.01,3,-0.10725787231968485
2,33,836,6,10.01,1,-0.10725807184665397
2,34,1000,5,4.46,1,-0.10725810336321592
2,35,1000,3,4.72,8,-0.10725840996950865
2,36,1000,3,3.33,2,-0.10725859713554382
2,37,1000,2,2.95,6,-0.10725917811691761
2,38,271,5,10.01,3,-0.1072601762315004
2,39,255,6,10.0,3,-0.10726121354336832
2,40,296,7,10.04,6,-0.1072622178172743
2,41,1000,4,4.59,1,-0.10726218599826097
2,42,273,6,10.01,5,-0.10726257045190413
2,43,253,6,10.02,2,-0.10726262888182765
2,44,274,6,10.02,4,-0.10726285937928805
2,45,282,6,10.0,4,-0.10726341816550451
2,46,272,5,10.03,3,-0.10726400667472798
2,47,1000,3,3.88,5,-0.10726436915248633
2,48,1000,4,5.06,5,-0.10726478906720877
2,49,1000,2,2.67,1,-0.10726517429947853
2,50,1000,3,3.65,2,-0.10726668810844421
2,51,299,3,10.01,16,-0.10726585749997741
2,52,227,4,10.01,11,-0.10726543768649584
2,53,240,5,10.02,1,-0.10726619999234875
2,54,1000,5,5.77,9,-0.1072669263780117
3,1,1000,3,3.64,3,-0.079075140170753
3,2,1000,3,3.02,3,-0.07907507696002722
3,3,1000,4,4.14,3,-0.0790760065317154
3,4,1000,2,2.71,3,-0.07907643704116345
3,5,1000,3,3.51,3,-0.0790765837430954
3,6,1000,4,7.91,4,-0.0790768116787076
3,7,1000,4,7.43,5,-0.07907722468674183
3,8,1000,4,4.46,5,-0.079077211253345
3,9,1000,4,5.25,3,-0.07907732607424259
3,10,1000,4,6.49,7,-0.07907740815728903
3,11,1000,3,3.35,3,-0.07907640813291072
3,12,1000,2,2.59,1,-0.07907597920298576
3,13,1000,3,3.23,3,-0.07907601160556078
3,14,1000,3,2.81,3,-0.07907581271231175
3,15,1000,1,2.51,2,-0.07907529927790165
3,16,1000,1,2.68,7,-0.07907513010501861
3,17,1000,1,2.57,3,-0.07907541035860777
3,18,1000,5,5.84,3,-0.07907574681937694
3,19,1000,3,3.25,3,-0.07907552023231983
3,20,1000,2,2.74,5,-0.0790758386850357
3,21,1000,3,3.24,5,-0.07907578217983245
3,22,1000,3,3.69,7,-0.07907588537037373
3,23,1000,2,3.06,3,-0.07907629290223121
3,24,1000,2,2.77,3,-0.07907585960626602
3,25,1000,2,2.78,3,-0.0790753588154912
3,26,1000,3,2.63,2,-0.07907554283738136
3,27,1000,2,2.62,2,-0.07907540743798018
3,28,1000,1,2.58,4,-0.07907512106746435
3,29,1000,1,2.55,2,-0.07907537460327148
3,30,1000,1,2.52,2,-0.07907551762461662
4,1,1000,3,3.67,3,0.10009848247468471
4,2,1000,3,3.98,3,0.10009813866764307
4,3,1000,3,4.01,3,0.10009774821996689
4,4,1000,3,4.25,3,0.10009807118028402
4,5,1000,3,4.28,3,0.10009764949977398
4,6,1000,3,4.08,3,0.10009748235344887
4,7,1000,3,5.85,3,0.10009746189415455
4,8,1000,3,4.54,4,0.1000972352474928
4,9,1000,3,3.98,3,0.10009645790606737
4,10,1000,3,4.79,1,0.10009711501002312
4,11,1000,4,9.98,3,0.10009688771516084
4,12,1000,3,6.25,3,0.10009556403011084
4,13,1000,3,5.46,2,0.10009624464064837
4,14,1000,2,4.18,8,0.10009589217603207
4,15,1000,3,5.7,3,0.10009709926694632
4,16,1000,4,6.87,4,0.10009768034517764
4,17,1000,3,8.42,7,0.1000971151292324
4,18,1000,4,6.42,3,0.10009689863026142
4,19,1000,2,2.62,2,0.1000972087085247
4,20,1000,1,2.6,4,0.10009793096780777
4,21,1000,4,2.78,3,0.10009773755818606
4,22,1000,4,3.55,3,0.10009775602072478
4,23,1000,4,5.28,3,0.10009736554324627
4,24,1000,3,3.4,1,0.10009759813547134
4,25,1000,3,7.62,6,0.10009643235057593
4,26,1000,3,5.95,4,0.10009583690017462
4,27,1000,3,3.19,5,0.1000955253019929
4,28,1000,1,2.61,3,0.10009571246057748
4,29,1000,1,2.64,4,0.10009526801109314
4,30,1000,1,2.65,5,0.10009491143375635
4,31,1000,1,2.64,5,0.10009439338743686
4,32,1000,4,4.9,3,0.10009500264376402
4,33,1000,1,2.55,3,0.10009360881894827
4,34,1000,1,2.56,3,0.1000940013229847
4,35,1000,1,2.61,4,0.10009457067400217
4,36,1000,1,2.52,2,0.10009463761001826
4,37,1000,1,2.57,3,0.10009376518428326
4,38,1000,1,2.64,5,0.10009491346776485
4,39,1000,1,2.56,2,0.10009482195973396
4,40,1000,1,2.56,2,0.10009513173997402
4,41,1000,3,2.68,2,0.10009303111582994
4,42,1000,3,3.08,3,0.10009223856031894
4,43,1000,3,2.89,5,0.10009228834509849
4,44,1000,3,3.21,3,0.10009088007360697
4,45,1000,1,2.52,1,0.1000889241695404
5,1,1000,3,3.73,3,-0.07571323407441377
5,2,1000,3,3.41,2,-0.0757124699279666
5,3,1000,3,3.44,2,-0.07571172136813402
5,4,1000,2,2.92,3,-0.07571132859587669
5,5,1000,1,2.52,3,-0.0757123139500618
5,6,1000,2,3.41,6,-0.07571218094229698
5,7,1000,3,6.66,6,-0.07571130792051553
5,8,1000,3,4.01,3,-0.07571078828722239
5,9,1000,3,4.01,3,-0.07571170138567686
5,10,1000,3,3.98,4,-0.07571168784052133
5,11,1000,2,3.17,3,-0.07571122259646654
5,12,1000,4,7.1,3,-0.07571164931356907
5,13,275,5,10.04,3,-0.07571149601177736
5,14,1000,5,7.43,3,-0.07571135772764682
5,15,1000,3,3.33,1,-0.07571198374032974
5,16,1000,1,2.57,3,-0.07571180641651154
5,17,1000,2,4.27,9,-0.07571166704595089
5,18,886,4,10.0,5,-0.07571095529245739
5,19,245,5,10.04,3,-0.07571047088321374
5,20,301,6,10.03,1,-0.07571078138890061
5,21,285,6,10.04,6,-0.07571072209822505
5,22,1000,4,5.31,5,-0.07571178811788559
5,23,264,5,10.02,5,-0.07571223589845678
5,24,269,5,10.03,8,-0.07571193287806884
5,25,1000,3,7.03,3,-0.07571122659742832
5,26,1000,4,6.83,3,-0.07571081845462323
5,27,1000,4,9.75,3,-0.07570953653007746
5,28,1000,4,5.89,1,-0.07571031909435988
5,29,1000,4,8.71,2,-0.07571011164039373
5,30,360,6,10.01,3,-0.07570913202232785
5,31,1000,3,3.05,2,-0.07570911347121
5,32,1000,3,5.01,8,-0.07570917461067438
5,33,1000,2,5.0,7,-0.07570980156213045
5,34,1000,3,4.39,3,-0.07570900786668062
6,1,1000,3,3.71,3,-0.2075969518274069
6,2,1000,3,3.67,3,-0.2075977042913437
6,3,1000,3,3.07,3,-0.20759802214801312
6,4,1000,3,4.15,2,-0.2075983009636402
6,5,1000,5,4.05,2,-0.2075999988913536
6,6,1000,5,3.43,2,-0.2076001805216074
6,7,1000,6,4.23,1,-0.2076007689386606
6,8,1000,3,2.86,1,-0.20760141144692898
6,9,1000,3,2.73,1,-0.20760179051756858
6,10,1000,4,5.66,1,-0.20760291136801243
6,11,1000,2,4.24,6,-0.2076037126034498
6,12,269,5,10.04,3,-0.20760472822366594
6,13,1000,3,5.23,3,-0.20760524466633798
6,14,1000,4,6.8,6,-0.20760611537098886
6,15,279,4,10.01,5,-0.20760585923135066
6,16,1000,5,4.93,1,-0.20760631588101386
6,17,1000,6,4.52,1,-0.20760745586454868
6,18,1000,4,6.49,6,-0.2076080669015646
6,19,1000,1,2.93,9,-0.20760811679065228
6,20,1000,2,3.71,8,-0.20760800103843213
6,21,1000,2,3.3,5,-0.20760818035900594
6,22,275,5,10.04,3,-0.20760936720804735
6,23,1000,4,3.28,3,-0.2076086247563362
6,24,1000,4,3.69,3,-0.2076086709201336
6,25,1000,5,6.85,3,-0.20761000950634478
6,26,1000,6,9.03,3,-0.20761054588854314
6,27,314,5,10.01,3,-0.20761054184786074
6,28,1000,4,4.6,4,-0.2076091706305742
6,29,1000,2,2.7,2,-0.20760898454487323
6,30,1000,1,2.65,2,-0.20760918246209623
6,31,1000,2,3.13,4,-0.20760955120623112
6,32,1000,2,3.07,3,-0.20760924838483333
6,33,1000,3,3.56,3,-0.20760970111191274
6,34,1000,3,3.71,2,-0.20761087891459465
6,35,1000,2,3.1,7,-0.20761139303445816
6,36,1000,3,4.04,5,-0.20761249570548534
6,37,1000,5,4.39,3,-0.20761298593878746
6,38,1000,4,4.49,3,-0.207613336160779
6,39,1000,4,4.61,2,-0.20761429746448995
6,40,1000,5,3.27,1,-0.20761373625695706
6,41,1000,5,4.03,1,-0.20761383812129497
6,42,1000,3,3.34,1,-0.2076146209090948
6,43,1000,3,3.23,1,-0.2076139167100191
6,44,1000,3,5.13,4,-0.20761353681981565
6,45,1000,2,2.71,3,-0.20761400425434112
6,46,1000,1,2.59,3,-0.20761372846364975
6,47,1000,1,2.58,3,-0.20761411592364312
6,48,1000,2,3.75,3,-0.2076135418266058
6,49,1000,2,2.74,3,-0.2076150444149971
6,50,1000,4,4.45,1,-0.20761369739472865
6,51,1000,7,6.75,2,-0.20761518047749997
6,52,1000,3,2.75,1,-0.2076160088479519
6,53,871,7,10.0,3,-0.207614799608593
6,54,1000,6,4.7,2,-0.2076166159361601
6,55,1000,6,4.02,3,-0.20761650858819486
6,56,1000,3,3.51,3,-0.20761657232046127
6,57,1000,6,6.09,2,-0.20761745788156985
6,58,1000,2,2.65,3,-0.2076167593151331
6,59,1000,1,2.62,3,-0.2076183232665062
6,60,1000,1,2.63,3,-0.20761778154969215
7,1,1000,3,3.67,3,0.047607599649578336
7,2,1000,3,3.36,3,0.04760604740306735
7,3,1000,3,3.46,2,0.04760632499307394
7,4,1000,3,5.61,6,0.047607116714119914
7,5,1000,3,4.01,3,0.047607130851596596
7,6,1000,3,4.03,3,0.04760799932852387
7,7,1000,3,6.7,8,0.04760829820111394
7,8,1000,4,4.8,3,0.0476075942479074
7,9,1000,3,3.99,2,0.04760863307118416
7,10,1000,3,5.16,5,0.0476089842133224
7,11,1000,4,4.14,3,0.04760872615501285
7,12,1000,3,3.53,2,0.04760865129902959
7,13,1000,2,3.24,3,0.047608984608203175
7,14,1000,3,4.58,7,0.04760985795035958
7,15,716,4,10.0,3,0.04761106645761255
7,16,283,4,10.04,3,0.04761183845017487
7,17,1000,4,5.89,4,0.047611922856420276
7,18,1000,3,2.91,1,0.04761324430629611
7,19,1000,3,6.34,6,0.04761302064359188
7,20,1000,3,4.07,4,0.0476146649569273
7,21,1000,3,2.83,1,0.04761676026880741
7,22,1000,3,2.91,2,0.04761761197820306
7,23,1000,3,4.02,2,0.047618277013301846
7,24,1000,3,3.56,2,0.04761771125718951
7,25,1000,1,2.49,1,0.047615423798561096
8,1,1000,3,3.71,3,-0.1149734935760498
8,2,1000,3,3.97,3,-0.11497439059615135
8,3,1000,4,4.32,3,-0.11497495497763156
8,4,1000,4,3.98,3,-0.11497527418285608
8,5,1000,3,4.02,3,-0.11497542051970959
8,6,1000,3,3.17,3,-0.11497523882985115
8,7,542,5,10.01,2,-0.11497546974363362
8,8,1000,3,3.18,3,-0.1149753910973668
8,9,1000,2,2.86,2,-0.11497584180533886
8,10,1000,1,2.6,3,-0.11497600335627794
8,11,1000,2,2.67,3,-0.11497633288800717
8,12,1000,3,3.95,2,-0.11497635116428137
8,13,1000,3,3.41,2,-0.11497655440121889
8,14,1000,2,2.8,3,-0.11497656712681055
8,15,1000,2,2.69,2,-0.11497746901959181
8,16,1000,3,4.01,3,-0.11497772708535195
8,17,1000,3,5.01,5,-0.11497664152830839
8,18,1000,4,5.91,3,-0.11497572130709886
8,19,1000,3,3.48,3,-0.11497572442144155
8,20,1000,2,2.58,1,-0.11497544726729393
8,21,1000,1,2.62,4,-0.11497529535740614
8,22,1000,3,4.17,3,-0.11497534339129925
8,23,1000,3,3.68,3,-0.11497652376443147
8,24,1000,3,3.61,3,-0.11497660978138446
8,25,1000,3,5.36,5,-0.11497576098889112
8,26,1000,2,3.7,3,-0.11497525253891945
8,27,1000,3,3.79,3,-0.11497506598383188
8,28,1000,2,2.86,3,-0.11497453337907791
8,29,1000,5,6.83,3,-0.11497399131208658
8,30,1000,4,4.64,3,-0.11497340529412031
8,31,1000,2,3.37,6,-0.11497266422957182
8,32,1000,2,2.96,3,-0.11497295393049717
8,33,1000,3,3.08,2,-0.11497318512201309
8,34,1000,4,7.67,4,-0.1149722768291831
8,35,1000,3,3.52,2,-0.11497176679968833
8,36,1000,3,3.53,2,-0.11497179901599884
8,37,1000,2,2.95,3,-0.11497219729423523
8,38,1000,3,3.49,5,-0.11497254221141338
8,39,1000,2,3.19,3,-0.11497327402979135
8,40,1000,3,5.16,3,-0.11497230207175016
8,41,1000,3,4.23,3,-0.11497351664304734
8,42,1000,1,2.78,8,-0.11497297040373088
8,43,1000,4,8.95,5,-0.11497266414016485
8,44,1000,1,2.63,4,-0.11497189661860466
8,45,1000,1,2.59,3,-0.11497079931199551
8,46,1000,2,2.6,2,-0.11496976248174906
9,1,1000,3,3.7,3,-0.05658255897089839
9,2,1000,3,3.32,3,-0.05658168482780457
9,3,1000,3,3.98,3,-0.0565805999673903
9,4,1000,3,3.16,3,-0.05657875839620829
9,5,1000,3,3.9,3,-0.056577976167202
9,6,1000,3,4.1,3,-0.05657631416618824
9,7,1000,2,3.14,3,-0.05657513004168868
9,8,1000,2,2.87,2,-0.0565740108601749
9,9,1000,3,6.05,4,-0.05657329865545034
9,10,849,4,10.0,4,-0.05657214073308506
9,11,1000,4,9.74,4,-0.056572129994630814
9,12,1000,3,4.83,3,-0.05657223296910524
9,13,1000,3,4.47,3,-0.05657284392416477
9,14,1000,4,5.51,3,-0.056572610706090924
9,15,1000,4,4.5,3,-0.05657198403030634
9,16,1000,5,5.11,2,-0.05657103214040399
9,17,1000,5,4.4,2,-0.056573396418243646
9,18,1000,2,3.05,3,-0.05657227925956249
9,19,287,3,10.01,13,-0.056572501966243006
9,20,1000,3,6.01,2,-0.05657236249744892
9,21,236,3,10.03,17,-0.056574804518940085
9,22,1000,3,4.42,3,-0.05657812885567546
9,23,1000,3,4.76,3,-0.056577029906213286
9,24,1000,2,3.31,3,-0.056577287286520006
9,25,1000,3,6.65,2,-0.056576155714690685
9,26,348,4,10.0,11,-0.056575587886417734
9,27,245,5,10.02,3,-0.05657385685005967
9,28,240,4,10.0,2,-0.05657547746474544
9,29,1000,3,5.81,5,-0.056576867699623105
9,30,1000,5,8.04,3,-0.05657631716504693
9,31,1000,3,2.92,2,-0.0565768375955522
9,32,1000,3,6.6,6,-0.05657717342674732
9,33,1000,2,2.97,3,-0.05657654929161072
9,34,1000,3,3.07,2,-0.056577122304588556
9,35,1000,1,2.52,2,-0.05657856910675764
10,1,1000,3,3.75,3,-0.040562328293919564
10,2,1000,3,3.85,3,-0.040562393579632046
10,3,1000,4,4.09,3,-0.04056348469853401
10,4,1000,4,4.11,3,-0.040564800783991814
10,5,1000,3,4.6,3,-0.040565576624125244
10,6,1000,4,4.14,3,-0.040566589552909135
10,7,1000,4,5.74,3,-0.040566311459988354
10,8,1000,3,4.07,3,-0.04056651262566447
10,9,1000,3,4.07,3,-0.04056706468388438
10,10,1000,2,3.14,3,-0.0405673143491149
10,11,1000,2,3.29,3,-0.0405672024153173
10,12,1000,2,3.62,3,-0.04056740138679743
10,13,425,6,10.03,3,-0.04056896215852569
10,14,1000,3,3.3,3,-0.04056836777180433
10,15,1000,4,4.36,2,-0.04056844727694988
10,16,1000,1,2.62,5,-0.0405687116459012
10,17,1000,3,4.75,2,-0.040569765839725734
10,18,1000,3,6.57,4,-0.04056951442360878
10,19,1000,5,4.74,3,-0.040570317458361385
10,20,278,6,10.04,3,-0.040570039342311646
10,21,290,5,10.02,3,-0.04057067472102313
10,22,1000,4,5.86,4,-0.0405716039352119
10,23,1000,3,3.08,2,-0.040571869798004624
10,24,1000,2,4.24,13,-0.040572018824517726
10,25,651,6,10.0,1,-0.040571756157365996
10,26,245,5,10.02,3,-0.040571684876875
10,27,1000,4,6.14,2,-0.040571390479803085
10,28,437,6,10.04,1,-0.04057161902126513
10,29,249,5,10.02,4,-0.04057184808764113
10,30,290,4,10.05,9,-0.04057217215926483
10,31,1000,3,6.9,5,-0.04057284405082464
10,32,712,3,10.0,9,-0.04057279510130541
10,33,1000,4,4.96,3,-0.040572344571352004
10,34,1000,5,6.48,3,-0.04057232591509819
11,1,1000,3,3.74,3,-0.08999784914404153
11,2,1000,3,3.53,2,-0.08999536678195
11,3,1000,3,3.61,3,-0.08999384152889252
11,4,1000,4,3.42,3,-0.08999323674291372
11,5,1000,3,2.82,1,-0.08999291275441647
11,6,1000,3,2.94,1,-0.08999210323393345
11,7,1000,3,3.09,1,-0.08999042177200317
11,8,1000,5,5.1,3,-0.08998908586800099
11,9,1000,5,8.89,1,-0.08998965947329998
11,10,1000,4,6.49,1,-0.08998860892653465
11,11,1000,3,3.13,1,-0.08998849844187498
11,12,1000,3,2.8,2,-0.08998815862834454
11,13,1000,6,4.21,3,-0.0899884775057435
11,14,1000,5,3.16,2,-0.08998642070591449
11,15,1000,3,4.02,3,-0.08998767105489969
11,16,1000,4,4.11,2,-0.08998723342269659
11,17,1000,4,3.38,2,-0.0899887314811349
11,18,1000,4,6.85,10,-0.08998748245835304
11,19,251,5,10.04,3,-0.08998737300178444
11,20,1000,6,8.06,3,-0.08998948124051094
11,21,1000,3,2.96,2,-0.08998847474902869
11,22,1000,4,5.75,5,-0.08998690980672837
11,23,1000,2,4.02,18,-0.08998555356264114
11,24,1000,3,3.38,1,-0.08998502373695373
11,25,241,5,10.04,8,-0.08998499835427866
11,26,1000,4,4.77,1,-0.08998487740010024
11,27,1000,3,3.54,2,-0.08998575842380524
11,28,1000,3,3.69,2,-0.08998516394942999
11,29,1000,3,6.62,2,-0.08998500736802817
11,30,1000,3,3.32,1,-0.08998410123586655
11,31,1000,5,5.61,11,-0.08998363161832094
11,32,1000,3,2.94,3,-0.08998337187618018
11,33,1000,1,2.75,6,-0.0899829057380557
11,34,1000,3,6.69,7,-0.08998162957280874
11,35,1000,2,5.87,4,-0.08998026595264673
12,1,1000,3,3.73,3,-0.0032172453477978705
12,2,1000,3,3.03,3,-0.003218595277518034
12,3,1000,2,2.85,3,-0.003219326004385948
12,4,1000,3,2.93,2,-0.003220504995435476
12,5,1000,2,3.01,2,-0.0032209987826645374
12,6,1000,2,3.0,2,-0.0032212699986994267
12,7,1000,1,2.65,6,-0.003220568660646677
12,8,1000,2,2.65,2,-0.0032215156070888045
12,9,1000,5,4.82,3,-0.003222160384058952
12,10,1000,3,2.93,2,-0.003221777610480785
12,11,1000,3,4.24,2,-0.0032210842967033385
12,12,1000,2,3.3,6,-0.0032218849696218966
12,13,275,5,10.01,4,-0.003221981647339734
12,14,1000,5,8.29,3,-0.0032228778563439847
12,15,1000,3,4.09,4,-0.0032230707854032517
12,16,1000,2,3.18,4,-0.0032232357747852803
12,17,1000,2,2.79,3,-0.003223295271396637
12,18,1000,1,2.5,2,-0.0032235444635152818
12,19,1000,1,2.54,3,-0.0032253080531954763
12,20,1000,3,5.38,4,-0.003226208161562681
12,21,1000,3,5.65,4,-0.003225396703928709
12,22,1000,1,2.54,3,-0.003225079618394375
12,23,523,7,10.03,3,-0.0032246986379131076
12,24,220,4,10.04,4,-0.003224653598259796
12,25,1000,4,3.96,2,-0.0032228489629924297
12,26,1000,3,3.03,1,-0.0032237171828746795
12,27,1000,2,2.62,1,-0.0032245435304939746
12,28,1000,3,2.63,1,-0.0032273756004869937
12,29,1000,4,3.5,4,-0.0032291237749159335
12,30,1000,2,2.55,2,-0.003230287279933691
13,1,1000,3,3.69,3,0.0181271317191422
13,2,1000,3,3.75,3,0.01812769592553377
13,3,1000,4,3.97,3,0.018128376606851817
13,4,1000,2,2.59,2,0.018128564082086088
13,5,1000,2,2.57,2,0.01812849235534668
13,6,1000,2,2.54,1,0.01812875922769308
13,7,1000,2,2.79,4,0.01812804070673883
13,8,1000,3,4.12,5,0.01812790303491056
13,9,1000,3,4.48,6,0.018127990014851093
13,10,1000,3,3.68,3,0.018128610745072365
13,11,1000,3,2.88,2,0.018128537993878126
13,12,1000,3,2.76,1,0.018128069937229156
13,13,1000,2,2.69,3,0.018127456115558743
13,14,1000,3,2.67,1,0.01812759358435869
13,15,1000,2,2.65,1,0.018127930568531157
13,16,1000,3,3.1,4,0.018127283973619342
13,17,1000,3,2.7,2,0.018126487117260694
13,18,1000,1,2.57,4,0.018126542769372464
13,19,1000,1,2.48,2,0.018125717770308258
13,20,1000,2,2.64,3,0.01812543814070523
13,21,1000,1,2.51,2,0.018125252591446043
14,1,1000,3,3.78,3,0.12034742582589388
14,2,1000,3,4.08,3,0.12034790938347578
14,3,1000,4,5.53,3,0.12034804756939411
14,4,1000,4,3.73,1,0.12034851310402155
14,5,1000,4,3.93,1,0.12034872172027826
14,6,1000,4,4.51,1,0.12034929996728896
14,7,1000,4,4.67,1,0.12034994751960039
14,8,1000,4,4.81,1,0.1203498197644949
14,9,1000,4,4.91,1,0.12035089571774006
14,10,1000,4,4.97,1,0.12035122854262591
14,11,1000,4,5.94,1,0.12035175651311875
14,12,211,3,10.04,5,0.12035253354440933
14,13,1000,3,4.22,2,0.12035200629383326
14,14,842,5,10.0,1,0.12035141333123567
14,15,1000,2,3.26,7,0.12035285414755345
14,16,1000,3,7.3,4,0.1203535667732358
14,17,211,3,10.01,5,0.12035388259384869
14,18,412,5,10.01,3,0.12035362923391235
14,19,198,3,10.03,4,0.12035313745339711
14,20,1000,4,3.36,3,0.12035280905663967
14,21,1000,4,4.22,3,0.12035377158224583
14,22,1000,4,4.09,3,0.12035359302163125
14,23,1000,2,3.33,2,0.12035412775725127
14,24,1000,3,3.34,2,0.12035445840656757
14,25,253,4,10.03,2,0.1203535657096286
14,26,1000,2,5.16,7,0.12035281177610159
14,27,1000,4,6.5,5,0.12035087513178587
14,28,1000,3,4.97,4,0.12035059363394976
14,29,1000,2,2.85,6,0.12035037519782782
14,30,1000,5,8.69,3,0.12035098379850387
14,31,343,4,10.01,4,0.12035168926761032
14,32,393,5,10.05,3,0.12035069231692767
14,33,1000,5,3.39,1,0.12035221521556377
14,34,1000,2,2.73,1,0.1203526346758008
14,35,1000,2,3.33,5,0.12035273292660713
14,36,1000,2,8.76,12,0.12035248211026192
14,37,1000,3,3.68,1,0.1203519726395607
14,38,1000,2,3.41,2,0.1203521591797471
14,39,1000,0,2.46,0,0.12035264074802399
15,1,1000,3,3.8,3,-0.01748282687738538
15,2,1000,3,3.03,3,-0.01748187303170562
15,3,1000,3,3.82,2,-0.017480665592476727
15,4,1000,3,5.16,2,-0.017479732954874636
15,5,1000,2,3.8,6,-0.017479081850498915
15,6,1000,2,3.85,6,-0.017479442402720452
15,7,1000,2,3.67,5,-0.017479387005791068
15,8,1000,3,3.38,3,-0.01747887659445405
15,9,1000,3,3.87,3,-0.017477950436994433
15,10,1000,4,8.88,7,-0.017476270232349635
15,11,1000,3,8.95,3,-0.017475803231820464
15,12,1000,3,7.14,6,-0.017474917981773613
15,13,968,3,10.0,3,-0.01747468351348003
15,14,1000,3,9.67,2,-0.017474383406341075
15,15,814,3,10.0,2,-0.017474141013087745
15,16,199,4,10.04,5,-0.017474819218094025
15,17,1000,3,7.27,7,-0.0174763855189085
15,18,1000,3,5.82,3,-0.017476574532687663
15,19,1000,3,5.24,3,-0.01747731047682464
15,20,322,5,10.02,1,-0.01747737762443027
15,21,235,5,10.01,4,-0.0174774096050161
15,22,246,4,10.03,3,-0.01747648502753033
15,23,232,5,10.04,3,-0.017477617237781143
15,24,280,6,10.02,3,-0.01747875308085765
15,25,1000,5,6.45,3,-0.017477148681879044
15,26,1000,2,3.45,8,-0.017478780260309575
15,27,1000,2,3.57,12,-0.01747920485958457
15,28,1000,2,3.0,2,-0.017480618324130774
15,29,1000,3,3.39,4,-0.017481127746403216
15,30,1000,3,5.5,8,-0.017480997355654837
15,31,1000,4,5.53,3,-0.017480423625558614
15,32,1000,2,3.24,2,-0.017478894466534257
15,33,1000,1,2.67,5,-0.0174778736717999
15,34,1000,2,3.32,5,-0.017478583350777625
15,35,1000,3,4.93,4,-0.01747893019579351
15,36,1000,3,3.26,6,-0.017479135181754826
15,37,1000,2,3.05,3,-0.017480428695678712
15,38,1000,1,2.59,4,-0.017480952292680742
15,39,1000,1,2.57,3,-0.01748068578541279
16,1,1000,3,3.71,3,0.04941303831711411
16,2,1000,3,3.32,3,0.04941353907808661
16,3,1000,3,2.99,3,0.049413795482367275
16,4,1000,3,3.04,3,0.049414367999881505
16,5,1000,4,3.63,3,0.04941453476622701
16,6,1000,4,5.14,3,0.04941445990651846
16,7,1000,3,4.13,4,0.04941482404246926
16,8,1000,3,4.14,4,0.04941460471600294
16,9,1000,4,9.66,7,0.04941540067642927
16,10,1000,4,6.41,3,0.04941532284766435
16,11,1000,4,3.77,1,0.04941530427709222
16,12,1000,4,3.86,1,0.04941551608964801
16,13,1000,3,3.74,3,0.049414329662919046
16,14,1000,2,2.92,3,0.0494149242118001
16,15,1000,2,3.48,6,0.04941439308971167
16,16,1000,3,5.32,4,0.04941381371766329
16,17,1000,2,4.09,3,0.049413659784942866
16,18,1000,2,3.07,3,0.04941311499476433
16,19,1000,1,2.58,4,0.04941419679671526
16,20,1000,1,2.53,3,0.04941377011686564
16,21,1000,2,3.34,3,0.04941413339599967
16,22,1000,2,3.29,3,0.04941426075994968
16,23,1000,4,8.52,4,0.04941494550183415
16,24,1000,4,3.8,2,0.049414622031152246
16,25,1000,2,2.77,3,0.049415019132196904
16,26,1000,2,2.99,3,0.04941584105044603
16,27,256,5,10.04,3,0.04941606901411433
16,28,379,4,10.03,4,0.049416847851392776
16,29,353,4,10.01,4,0.04941705430702177
16,30,263,3,10.01,12,0.04941665211217938
16,31,657,4,10.0,5,0.049416446641563826
16,32,276,4,10.0,12,0.04941655322909355
16,33,1000,3,3.26,1,0.04941664474830031
16,34,1000,3,2.81,1,0.049417537085711956
16,35,1000,3,4.1,6,0.04941743226721883
16,36,1000,3,3.77,5,0.04941728539019823
16,37,1000,3,5.69,7,0.04941739784926176
16,38,1000,3,2.68,2,0.0494185276478529
16,39,1000,3,2.68,1,0.049418220177292825
16,40,1000,1,2.47,1,0.04941733554005623
17,1,1000,3,3.74,3,-0.03180755720287561
17,2,1000,3,3.42,3,-0.031807605423033236
17,3,1000,3,2.85,2,-0.031807484593242404
17,4,1000,3,3.28,4,-0.03180707078799606
17,5,1000,2,2.77,4,-0.031807205624878404
17,6,1000,3,3.36,4,-0.03180712676793337
17,7,1000,3,3.19,4,-0.031807292059063914
17,8,1000,2,2.75,4,-0.03180742480233312
17,9,1000,2,2.75,4,-0.03180721141025424
17,10,1000,3,3.26,2,-0.03180747742205858
17,11,1000,3,3.4,3,-0.03180769211053848
17,12,1000,2,2.8,3,-0.03180795238167047
17,13,1000,2,2.67,3,-0.031808097798377274
17,14,1000,1,2.53,2,-0.03180846224352717
17,15,1000,1,2.49,2,-0.031808771885931494
17,16,1000,1,2.67,6,-0.03180942864716053
17,17,1000,1,2.51,3,-0.03180953639000654
17,18,1000,3,3.24,3,-0.031809848602861165
17,19,1000,3,4.75,6,-0.031810224052518606
17,20,1000,3,4.16,4,-0.03181010543182492
17,21,1000,2,2.68,2,-0.03181041893362999
17,22,1000,1,2.62,4,-0.03181023675203323
17,23,1000,2,3.05,4,-0.03181115601211786
17,24,1000,1,2.61,3,-0.031809920355677604
17,25,1000,1,2.58,3,-0.03181024631485343
17,26,1000,1,2.57,4,-0.03180888507515192
17,27,1000,3,3.53,3,-0.03180980440229177
17,28,1000,3,3.28,3,-0.03181011422351003
17,29,1000,2,2.99,4,-0.03181009256094694
17,30,1000,3,4.06,4,-0.03180971381813288
17,31,1000,2,2.74,2,-0.03180949345976114
17,32,1000,1,2.46,1,-0.031809162348508835
17,33,1000,1,2.55,2,-0.03180852292478085
17,34,1000,1,2.63,4,-0.03180887562409043
17,35,1000,1,2.59,4,-0.031808386258780956
17,36,1000,1,2.54,3,-0.03180949637666344
17,37,1000,3,4.38,3,-0.03181022306159138
17,38,1000,3,3.48,3,-0.03181066356226802
17,39,1000,2,2.82,3,-0.03181103301420808
17,40,1000,2,2.55,1,-0.0318099781870842
17,41,1000,1,2.58,4,-0.031809231262654065
17,42,1000,1,2.46,1,-0.03180910274386406
18,1,1000,3,3.8,3,0.07225624948740006
18,2,1000,3,3.81,3,0.07225615590810776
18,3,1000,3,4.03,3,0.07225601197779179
18,4,1000,3,4.2,3,0.07225573633611203
18,5,1000,3,4.18,3,0.0722555048391223
18,6,1000,3,3.06,1,0.07225515510886908
18,7,1000,3,3.05,1,0.07225507298111916
18,8,1000,3,4.58,4,0.07225522485375405
18,9,1000,3,4.62,5,0.07225508193671704
18,10,1000,3,6.04,5,0.07225490080565214
18,11,1000,3,3.68,3,0.0722549521997571
18,12,1000,3,3.95,7,0.07225458109378814
18,13,1000,3,6.22,7,0.07225450372695923
18,14,212,4,10.02,6,0.07225465465266749
18,15,1000,3,5.49,3,0.07225456964224578
18,16,1000,3,4.19,1,0.07225457146763802
18,17,916,3,10.0,3,0.07225421635539771
18,18,1000,3,5.4,1,0.0722541975080967
18,19,1000,3,4.65,1,0.0722544125393033
18,20,1000,3,7.18,14,0.07225419986993074
18,21,1000,3,3.69,1,0.07225406883656979
18,22,1000,3,9.84,6,0.07225384882837534
18,23,1000,3,8.96,3,0.07225353906303644
18,24,1000,3,5.09,3,0.07225375882536172
18,25,1000,3,6.73,4,0.07225368847697973
18,26,1000,3,3.95,1,0.07225373109430075
18,27,1000,3,3.62,1,0.07225387321412563
18,28,1000,1,2.63,4,0.07225353114306926
19,1,1000,3,3.82,3,-0.0820520903468132
19,2,1000,3,3.4,3,-0.0820524962246418
19,3,1000,3,2.91,2,-0.08205348778516054
19,4,1000,3,2.83,1,-0.08205419500917197
19,5,1000,3,3.35,5,-0.08205397406965494
19,6,1000,3,5.27,5,-0.08205489853024482
19,7,1000,3,4.14,3,-0.08205505040287972
19,8,1000,3,3.99,3,-0.0820559898391366
19,9,1000,3,5.73,8,-0.08205498415976763
19,10,1000,3,5.24,5,-0.08205418598651885
19,11,1000,3,4.66,5,-0.08205418419837952
19,12,1000,3,5.15,3,-0.0820541004613042
19,13,1000,3,3.59,2,-0.08205345372855663
19,14,1000,1,2.74,7,-0.08205359325557947
19,15,1000,2,3.27,2,-0.08205425169318914
19,16,1000,3,2.71,3,-0.08205537670850754
19,17,1000,3,4.65,2,-0.0820558616220951
19,18,1000,3,4.04,2,-0.08205486476421356
19,19,1000,2,3.86,7,-0.0820544107183814
19,20,1000,3,4.9,6,-0.08205469872057437
19,21,1000,1,2.58,3,-0.08205508811026811
19,22,1000,1,2.7,5,-0.08205413322150708
19,23,1000,3,4.24,4,-0.08205326223373413
19,24,1000,1,2.62,3,-0.08205436691641807
20,1,1000,3,3.85,3,0.05943140348419547
20,2,1000,3,3.82,3,0.059433040343225
20,3,1000,4,3.5,1,0.05943494402989745
20,4,1000,3,3.33,1,0.05943590301275253
20,5,1000,4,3.79,1,0.05943669721856713
20,6,1000,4,3.79,1,0.05943765890225768
20,7,1000,4,3.81,1,0.05943841860815883
20,8,1000,4,3.84,1,0.05943964685127139
20,9,1000,4,7.39,3,0.05944046234712005
20,10,1000,3,4.43,2,0.0594414426535368
20,11,1000,2,3.87,3,0.05944097636640072
20,12,1000,3,2.85,1,0.05944140347838402
20,13,1000,3,3.06,2,0.0594417589828372
20,14,1000,4,5.13,1,0.05944158907979727
20,15,1000,4,5.29,1,0.05944266228750348
20,16,1000,3,7.75,1,0.05944296222925186
20,17,1000,3,4.43,1,0.05944248054176569
20,18,1000,3,4.92,1,0.0594436803907156
20,19,1000,4,3.82,1,0.05944514591246843
20,20,1000,4,3.59,1,0.05944556794688106
20,21,283,3,10.04,7,0.05944170812046149
20,22,1000,3,5.93,3,0.05944037080183625
20,23,1000,3,3.5,4,0.059440805926918985
20,24,1000,3,3.32,3,0.059439086262136696
21,1,1000,3,3.83,3,0.012462496859952807
21,2,1000,3,3.64,2,0.012462679306976497
21,3,1000,3,3.61,2,0.012463031999766826
21,4,1000,4,4.2,3,0.012462798476219178
21,5,1000,2,3.04,4,0.012462554440833629
21,6,1000,1,2.68,5,0.012462165077216923
21,7,1000,2,3.16,3,0.012462880095466972
21,8,1000,1,3.02,12,0.012462908851914107
21,9,1000,1,2.7,6,0.012462967671453953
21,10,1000,2,4.69,6,0.012463378646411002
21,11,245,5,10.0,7,0.012464746194226401
21,12,1000,3,4.76,7,0.012464801070280373
21,13,1000,3,4.16,6,0.012464111681096256
21,14,1000,2,4.07,6,0.01246459336951375
21,15,1000,2,4.5,7,0.012463629087433219
21,16,232,5,10.03,4,0.01246424677685417
21,17,249,5,10.02,4,0.012464661427949327
21,18,235,5,10.02,3,0.012464887097953481
21,19,1000,4,5.57,2,0.012466245755553246
21,20,1000,4,4.03,2,0.012466539700515568
21,21,228,5,10.14,3,0.012465591620032987
21,22,226,5,10.04,3,0.012466091654403547
21,23,1000,4,4.13,1,0.01246653603296727
21,24,1000,5,2.93,2,0.012465989402495324
21,25,1000,3,3.74,2,0.012466705234721303
21,26,1000,2,3.29,4,0.012467763994820417
21,27,1000,3,3.14,3,0.012468141566030681
21,28,1000,3,3.0,1,0.012469095760025084
21,29,231,4,10.02,3,0.012470188256337012
21,30,248,3,10.01,8,0.012470011745819883
21,31,1000,2,2.81,4,0.012470514322631061
21,32,1000,1,2.59,2,0.01247060389816761
21,33,1000,2,3.37,7,0.012470901485532522
21,34,1000,2,3.22,4,0.012470108754001558
21,35,276,5,10.02,3,0.012470204659832129
21,36,1000,4,5.76,2,0.012468838131055236
21,37,1000,3,3.36,1,0.012468748714774847
21,38,273,3,10.01,3,0.012469587639492729
21,39,210,3,10.03,5,0.012469753676227161
21,40,1000,2,6.04,17,0.012469775431789457
22,1,1000,3,3.78,3,0.10078843047469854
22,2,1000,3,3.92,3,0.10078811602294445
22,3,1000,4,5.39,5,0.10078778919577598
22,4,1000,4,4.14,3,0.10078751203417778
22,5,1000,4,3.39,3,0.10078731861710548
22,6,1000,3,3.29,2,0.10078715282678605
22,7,1000,3,3.36,2,0.10078688646107913
22,8,1000,4,8.23,3,0.10078667389601469
22,9,1000,3,3.21,3,0.10078728280216455
22,10,290,4,10.0,5,0.10078763085706481
22,11,1000,3,3.73,3,0.10078815007209778
22,12,500,5,10.03,4,0.10078851398825646
22,13,848,8,10.0,1,0.10078859000624914
22,14,1000,5,5.11,3,0.10078812874853611
22,15,1000,5,3.41,1,0.10078794354945421
22,16,1000,5,5.06,2,0.10078765328973532
22,17,1000,2,3.77,7,0.10078717090189457
22,18,1000,2,3.52,6,0.10078714329749346
22,19,1000,2,4.42,11,0.10078718601167203
22,20,1000,3,9.29,6,0.10078779488056898
22,21,271,4,10.01,8,0.10078793632148376
22,22,237,5,10.03,5,0.10078853453639187
22,23,284,7,10.0,3,0.10078897523942967
22,24,242,5,10.05,2,0.10078957870848908
22,25,1000,4,4.48,3,0.10078959231078624
22,26,1000,4,4.32,3,0.10078951165825129
22,27,1000,3,2.86,1,0.10078928743302822
22,28,1000,3,3.34,4,0.1007891887575388
22,29,1000,3,3.45,2,0.10078921312838793
22,30,1000,4,5.0,3,0.1007891491651535
22,31,1000,4,3.76,3,0.10078910729289055
22,32,1000,4,4.59,3,0.10078921554237605
22,33,1000,3,3.25,6,0.10078936263918876
22,34,1000,6,6.63,1,0.10078927957266569
22,35,1000,4,3.13,1,0.10078931158781052
22,36,250,5,10.02,4,0.10078935024142266
22,37,259,4,10.05,8,0.10078935270488952
22,38,1000,5,6.35,3,0.10078934597969055
22,39,1000,4,4.33,3,0.10078994765132665
22,40,1000,4,6.46,4,0.10079008422791957
22,41,1000,4,4.62,3,0.10079017706215382
22,42,1000,4,5.36,4,0.10079040724784136
22,43,306,4,10.01,8,0.1007903581059057
22,44,1000,4,4.64,3,0.10079072812199592
22,45,1000,4,5.12,3,0.10079145002365113
22,46,1000,4,8.32,9,0.10079206639528275
22,47,1000,3,3.38,3,0.10079244571924209
22,48,1000,4,5.38,3,0.10079291554540395
23,1,1000,3,3.79,3,-0.06541587621718645
23,2,1000,3,3.06,3,-0.0654173261448741
23,3,1000,2,3.07,3,-0.0654179767370224
23,4,1000,3,3.58,2,-0.06541810238361359
23,5,1000,3,4.36,6,-0.06542018735408783
23,6,1000,1,2.65,5,-0.06542026150226593
23,7,1000,2,2.83,3,-0.06541975004971028
23,8,1000,3,5.82,5,-0.06542090416699647
23,9,1000,3,4.72,3,-0.0654202881604433
23,10,1000,2,3.24,5,-0.06542038291692734
23,11,1000,4,2.97,2,-0.06541817137598992
23,12,1000,1,2.44,1,-0.06541746854782104
23,13,1000,1,2.62,4,-0.0654172772988677
23,14,1000,1,2.58,4,-0.0654187761247158
24,1,1000,3,3.83,3,-0.09085602477192879
24,2,1000,3,3.44,2,-0.09085535841435194
24,3,1000,2,2.69,2,-0.09085512763261795
24,4,1000,3,3.39,3,-0.09085527408123016
24,5,1000,3,3.07,2,-0.0908548926115036
24,6,1000,2,2.64,1,-0.09085538349300623
24,7,1000,3,3.22,2,-0.0908549512475729
24,8,1000,3,3.18,3,-0.09085543572157621
24,9,1000,2,2.64,2,-0.09085509821772575
24,10,1000,2,2.68,3,-0.09085506418347358
24,11,1000,3,3.09,2,-0.09085446336120367
24,12,1000,2,2.82,1,-0.09085472019016742
24,13,1000,3,2.78,2,-0.09085523079335689
24,14,1000,3,3.03,1,-0.09085511798411608
24,15,1000,2,2.77,4,-0.09085441619157791
24,16,1000,4,2.94,1,-0.09085464137792587
24,17,1000,3,3.77,4,-0.09085434246808291
24,18,1000,1,2.64,5,-0.090854276612401
24,19,1000,3,2.91,3,-0.09085420351475477
24,20,1000,2,3.1,5,-0.09085338279604911
24,21,1000,1,2.65,5,-0.09085395909100771
24,22,1000,3,7.98,5,-0.09085324634611606
24,23,1000,3,3.88,2,-0.09085314304381609
24,24,1000,2,2.85,3,-0.09085289265960456
24,25,1000,1,2.56,3,-0.09085321485251188
24,26,1000,2,4.74,7,-0.09085308135300875
24,27,1000,3,7.03,5,-0.0908522976860404
24,28,1000,5,5.09,3,-0.09085238613188266
24,29,1000,5,4.27,2,-0.09085154547542333
24,30,1000,5,5.22,1,-0.0908519724458456
24,31,1000,2,2.62,2,-0.09085159238427877
24,32,1000,1,2.61,4,-0.0908514352068305
24,33,1000,2,3.17,3,-0.09085114518553018
24,34,1000,2,2.52,1,-0.09085150808095932
24,35,1000,2,3.21,6,-0.09085164096951484
24,36,1000,2,3.41,3,-0.09085149531811476
25,1,1000,3,3.99,3,-0.09427276668697596
25,2,1000,3,3.15,3,-0.09427278400212526
25,3,1000,3,3.4,2,-0.09427246663719416
25,4,1000,3,3.43,3,-0.09427222801744937
25,5,1000,2,3.07,4,-0.0942717943713069
25,6,1000,3,3.2,4,-0.09427041769772768
25,7,1000,2,2.95,2,-0.09427114779502153
25,8,1000,2,3.84,5,-0.0942713932171464
25,9,1000,4,6.64,3,-0.0942710577994585
25,10,1000,5,5.61,7,-0.09427026683837175
25,11,1000,3,3.51,7,-0.0942720402777195
25,12,1000,3,4.88,4,-0.09427030230313539
25,13,1000,3,5.52,3,-0.09426754378527404
25,14,1000,2,3.72,3,-0.0942682574391365
25,15,1000,2,4.13,5,-0.09427052882313729
25,16,1000,3,4.27,3,-0.09427083804458379
25,17,1000,3,3.8,3,-0.09426978832483292
25,18,1000,3,6.82,3,-0.09426760389655829
25,19,1000,3,5.2,3,-0.0942661853581667
25,20,1000,3,5.21,3,-0.09426367444545031
25,21,1000,3,5.23,3,-0.09426206539571286
25,22,300,6,10.04,3,-0.09426177874207496
25,23,1000,4,3.57,2,-0.09426267775893211
25,24,1000,1,2.49,2,-0.09426359072327614
25,25,1000,1,2.56,3,-0.09426435066759586
25,26,1000,3,8.15,8,-0.09426424926519394
25,27,1000,3,5.46,3,-0.09426155985146761
25,28,242,5,10.03,3,-0.09425868087809933
25,29,1000,4,4.37,2,-0.09425876482576132
25,30,1000,2,3.15,2,-0.09425857684016228
25,31,1000,1,2.67,6,-0.09425780387967825
25,32,1000,1,2.65,6,-0.09425667740404606
25,33,1000,2,2.76,2,-0.09425620851665735
25,34,237,4,10.02,5,-0.09425577471024879
25,35,288,4,10.0,3,-0.09425686931030618
25,36,277,4,10.01,3,-0.09425434897845403
25,37,1000,3,6.18,7,-0.09425279258936643
25,38,231,5,10.02,3,-0.09425294170260945
25,39,218,6,10.03,3,-0.09425247440097528
25,40,1000,3,3.73,3,-0.09425179266929626
25,41,1000,3,3.91,4,-0.09425073373317719
25,42,1000,3,4.38,4,-0.09425035411864519
25,43,1000,1,2.77,7,-0.0942497815862298
25,44,257,4,10.02,6,-0.09424882498116809
25,45,1000,3,7.0,7,-0.09424789880961179
25,46,1000,3,5.37,4,-0.09424667266011238
25,47,1000,3,3.42,3,-0.09424507749825715
25,48,1000,2,3.09,3,-0.0942442461848259
25,49,1000,4,3.9,3,-0.09424417064338922
25,50,267,5,10.04,3,-0.09424384139227064
25,51,1000,3,4.92,4,-0.09424225474148988
25,52,1000,5,2.91,1,-0.09424152402579784
25,53,1000,1,2.55,3,-0.0942409797385335
25,54,1000,3,3.62,3,-0.09424041666090488
25,55,1000,3,4.47,2,-0.09424008910357952
25,56,1000,4,6.18,4,-0.09423884134739638
25,57,431,5,10.01,4,-0.09423803536355357
25,58,1000,4,3.3,2,-0.09423665219545364
25,59,1000,2,2.79,4,-0.09423655723780394
25,60,1000,2,2.81,2,-0.09423498971760273
25,61,1000,1,2.5,1,-0.09423303604125977
26,1,1000,3,3.83,3,0.029511396579444408
26,2,1000,3,3.6,2,0.02951160073466599
26,3,1000,3,3.11,2,0.02951169174723327
26,4,1000,2,2.68,2,0.029511575996875764
26,5,1000,2,2.77,2,0.029511645743623374
26,6,1000,1,2.55,3,0.029511245347559452
26,7,1000,3,3.57,4,0.029511503679677843
26,8,1000,3,4.39,2,0.02951082009077072
26,9,1000,2,2.76,2,0.02951113402284682
26,10,1000,3,5.26,4,0.02951117456704378
26,11,1000,5,5.13,1,0.029511107752099634
26,12,1000,1,2.66,5,0.02951149388588965
26,13,1000,1,2.6,4,0.029511480214074255
26,14,1000,2,2.75,2,0.02951029492728412
26,15,1000,2,3.27,3,0.029509770184755327
26,16,1000,1,2.48,2,0.029509935580193998
26,17,1000,2,2.68,2,0.029510068805888294
26,18,1000,1,2.51,2,0.029508922981098293
26,19,1000,3,4.48,2,0.029507994204759597
26,20,1000,1,2.56,3,0.02950757779739797
26,21,1000,1,2.51,2,0.029507608590647577
26,22,1000,2,3.62,4,0.029507220212370157
26,23,1000,2,3.12,3,0.029507706835865975
26,24,1000,2,2.74,3,0.029508263044059277
26,25,1000,2,2.96,3,0.029507932238280774
26,26,1000,3,3.47,2,0.02950776939280331
26,27,1000,3,2.69,4,0.029507583823055027
26,28,1000,3,2.93,2,0.02950794181972742
26,29,1000,1,2.59,3,0.029508378395810723
27,1,1000,3,3.84,3,0.09365595201402903
27,2,1000,3,3.26,2,0.0936568739041686
27,3,1000,3,3.62,3,0.093657519929111
27,4,1000,3,3.8,3,0.0936581358462572
27,5,1000,2,2.88,3,0.09365826874226332
27,6,1000,2,3.29,2,0.09365809021890163
27,7,1000,3,4.94,3,0.09365835291147231
27,8,1000,4,4.94,3,0.09365898714214563
27,9,1000,3,4.24,3,0.0936593350917101
27,10,1000,3,3.67,2,0.09365883668512107
27,11,1000,2,2.98,3,0.09366010714322329
27,12,1000,4,7.96,3,0.09365981260687113
27,13,644,5,10.0,3,0.09366000388164698
27,14,251,5,10.04,3,0.09366084074237907
27,15,237,5,10.01,3,0.0936609996396278
27,16,1000,2,2.81,2,0.09366082598268986
27,17,1000,2,3.29,2,0.09366051774471998
27,18,359,4,10.04,2,0.09366127722027574
27,19,1000,3,4.42,5,0.09366110144555569
27,20,1000,2,3.42,3,0.0936628211736679
27,21,1000,2,8.01,17,0.09366270031034947
27,22,216,4,10.02,13,0.09366327755291153
27,23,1000,3,5.94,4,0.09366348675638438
27,24,1000,4,6.02,3,0.09366294713318347
27,25,1000,3,4.39,2,0.09366362718492746
27,26,183,4,10.01,2,0.09366437169860621
27,27,193,3,10.01,5,0.09366242247850784
27,28,1000,4,5.58,2,0.09366256199032068
27,29,284,4,10.04,4,0.09366264947178499
27,30,1000,3,3.71,3,0.09366327575594187
27,31,266,5,10.0,3,0.0936643808127794
27,32,766,4,10.0,6,0.09366669734409833
27,33,1000,4,4.16,2,0.09366925906389952
27,34,1000,4,5.1,4,0.09367054355889559
27,35,1000,3,3.98,4,0.09366659772396088
27,36,1000,3,3.28,3,0.09366653890907764
27,37,1000,1,2.57,3,0.0936653373837471
28,1,1000,3,3.82,3,-0.03398368016257882
28,2,1000,3,3.91,3,-0.03398407975956798
28,3,1000,3,4.18,3,-0.033984132532030344
28,4,1000,3,3.64,2,-0.03398447351530194
28,5,1000,3,4.0,3,-0.033984613444656135
28,6,1000,4,3.25,3,-0.0339847531914711
28,7,1000,2,2.63,1,-0.033985184721648694
28,8,1000,3,4.58,5,-0.03398514680191875
28,9,1000,4,6.37,3,-0.033985344011336564
28,10,1000,4,5.2,3,-0.033985689248889686
28,11,238,5,10.0,3,-0.0339856322291268
28,12,262,5,10.02,4,-0.03398595119023141
28,13,1000,7,7.35,3,-0.03398605070635676
28,14,1000,6,6.0,2,-0.03398501966521144
28,15,1000,5,5.86,5,-0.03398546573892236
28,16,1000,4,6.26,5,-0.033985929802060125
28,17,1000,5,5.95,3,-0.03398648116365075
28,18,1000,3,4.06,3,-0.03398552655428648
28,19,1000,3,3.52,3,-0.033985958196222785
28,20,1000,5,6.13,3,-0.03398577466234565
28,21,1000,4,3.91,3,-0.03398578691110015
28,22,1000,1,2.61,4,-0.03398635215312242
28,23,1000,2,4.36,8,-0.03398601293191314
28,24,217,6,10.05,3,-0.03398569314504549
28,25,1000,5,7.03,2,-0.03398614821955562
28,26,223,5,10.05,4,-0.03398513078956861
28,27,282,6,10.03,1,-0.03398572101343608
28,28,244,5,10.01,1,-0.033985577966468256
28,29,252,5,10.03,2,-0.033985784883418725
28,30,1000,3,4.07,2,-0.033986528463661674
28,31,274,4,10.01,7,-0.0339860425187941
28,32,1000,4,7.14,2,-0.03398595290631056
28,33,1000,3,4.19,3,-0.033985763430595395
28,34,1000,3,4.81,3,-0.03398511278629303
28,35,1000,3,3.05,2,-0.03398481229320169
28,36,1000,3,3.57,2,-0.033985786415636536
28,37,1000,2,2.73,1,-0.033985902842134236
28,38,1000,2,2.55,1,-0.03398637652397156
28,39,1000,0,2.4,0,-0.03398692607879639
29,1,1000,3,3.88,3,0.107640610255301
29,2,1000,3,3.15,3,0.10764076629281044
29,3,1000,3,3.65,2,0.10764041409641505
29,4,1000,3,3.53,3,0.1076405000090599
29,5,1000,2,3.06,3,0.10764119838923215
29,6,1000,2,3.01,3,0.10764108320325613
29,7,1000,3,3.78,4,0.10764099293202162
29,8,1000,3,4.78,3,0.1076410813704133
29,9,1000,2,2.71,3,0.10764134100079537
29,10,1000,2,2.74,3,0.10764108031243086
29,11,1000,3,4.45,6,0.10764071845263243
29,12,1000,3,6.19,6,0.10764057912677527
29,13,254,6,10.03,3,0.10764059145736882
29,14,1000,5,7.31,2,0.10764095709472894
29,15,1000,2,2.76,3,0.10764085387438535
29,16,1000,2,2.73,3,0.10764126289635896
29,17,1000,4,4.93,3,0.10764132116734981
29,18,232,5,10.02,3,0.10764143163145616
29,19,579,5,10.0,8,0.10764196193382942
29,20,192,3,10.03,10,0.10764208928837131
29,21,219,4,10.04,3,0.10764241014441399
29,22,262,5,10.0,1,0.10764278747311985
29,23,225,5,10.0,5,0.10764224115345213
29,24,322,6,10.0,3,0.10764202026661879
29,25,221,5,10.03,4,0.10764153176977624
29,26,216,5,10.01,5,0.1076413536168359
29,27,982,4,10.0,5,0.10764127880972174
29,28,1000,3,4.05,3,0.10764137618988752
29,29,1000,5,8.08,3,0.10764187429100275
29,30,1000,5,8.04,3,0.10764285485446454
29,31,384,6,10.04,3,0.10764209555539613
29,32,221,4,10.02,13,0.10764229489802235
29,33,1000,4,7.28,5,0.10764301078766585
29,34,223,5,10.01,2,0.10764357400849262
29,35,232,5,10.05,6,0.10764404752388082
29,36,214,5,10.04,6,0.10764386825193868
29,37,214,4,10.05,11,0.10764409263975153
29,38,228,4,10.01,7,0.1076446432424219
29,39,1000,3,7.84,3,0.10764502280205489
29,40,449,6,10.04,3,0.1076444697572553
29,41,1000,2,2.66,2,0.10764522076398134
29,42,1000,2,2.69,2,0.10764635902643203
29,43,1000,0,2.46,0,0.10764632374048233
30,1,1000,3,3.98,3,-0.09465795864164829
30,2,1000,3,3.06,2,-0.09465770145505667
30,3,1000,3,3.64,2,-0.09465815658867359
30,4,1000,4,3.49,2,-0.09465873397141696
30,5,1000,2,2.74,2,-0.09465804970264435
30,6,1000,3,2.87,1,-0.09465764716267586
30,7,1000,2,2.61,1,-0.09465777666121722
30,8,1000,2,2.59,1,-0.09465927845984698
30,9,1000,2,2.61,1,-0.09465853878110647
30,10,1000,2,2.64,1,-0.0946582704782486
30,11,1000,2,2.63,1,-0.09465880063176155
30,12,1000,6,7.29,3,-0.09466142613440752
30,13,1000,5,6.8,2,-0.09466342257708311
30,14,1000,4,4.62,5,-0.09466634675860405
30,15,1000,1,2.53,2,-0.09466189509630203
30,16,1000,1,2.69,5,-0.09465603476762771
30,17,1000,2,3.12,2,-0.09465547835081815
30,18,1000,3,6.39,4,-0.0946551389992237
30,19,1000,4,7.69,3,-0.09465694347769021
30,20,224,5,10.01,3,-0.09465779686745789
30,21,269,6,10.02,4,-0.09466218887430142
30,22,1000,4,6.96,3,-0.09466419809311628
30,23,1000,4,5.53,3,-0.09466202359646558
30,24,1000,5,7.21,3,-0.09465975562483073
30,25,340,6,10.04,3,-0.0946616487687125
30,26,1000,3,7.07,2,-0.09466358119249343
30,27,213,4,10.03,3,-0.09466526118662436
30,28,358,5,10.02,3,-0.09466540276504762
30,29,1000,3,6.5,7,-0.09466594181954861
30,30,1000,3,5.79,7,-0.09467026080191135
30,31,1000,2,7.77,10,-0.09467209284752608
30,32,1000,1,2.83,9,-0.09467078291624785
31,1,1000,3,3.94,3,0.04180395399779081
31,2,1000,3,3.51,2,0.041803525537252424
31,3,1000,4,4.14,3,0.041803270313888787
31,4,1000,4,4.6,3,0.04180297579616308
31,5,1000,4,6.19,4,0.041802524276077745
31,6,538,5,10.01,4,0.041802542111022765
31,7,1000,5,6.56,3,0.04180261328816414
31,8,1000,4,6.71,3,0.04180226476490498
31,9,1000,3,3.76,3,0.04180196569114923
31,10,1000,4,3.26,1,0.04180182419344783
31,11,1000,4,6.47,15,0.04180213282629847
31,12,1000,3,5.15,1,0.04180180139839649
31,13,1000,4,6.34,1,0.041801666859537366
31,14,1000,4,8.68,1,0.0418011960759759
31,15,451,4,10.01,13,0.04180070306040231
31,16,1000,4,8.6,2,0.0418001307323575
31,17,1000,3,4.1,1,0.04179969715699554
31,18,1000,3,3.13,1,0.041799837365746495
31,19,1000,3,3.82,1,0.04180005722120404
31,20,1000,4,6.0,2,0.041799806613475085
31,21,1000,4,4.04,2,0.04179999302700162
31,22,1000,4,3.29,2,0.0418006676658988
31,23,293,4,10.04,6,0.04180041633215781
31,24,1000,3,6.09,3,0.041800987865775824
31,25,1000,4,7.95,11,0.041800421081483366
31,26,1000,4,2.88,1,0.041800608158111575
31,27,254,4,10.0,6,0.04180171067907116
31,28,1000,3,5.69,2,0.041801948729902505
31,29,261,3,10.03,7,0.04180209549907524
31,30,1000,1,2.66,3,0.041803292948752645
32,1,1000,3,3.89,3,0.057369483266025784
32,2,1000,3,3.71,3,0.05737016453966498
32,3,1000,3,4.87,4,0.05737114658951759
32,4,1000,3,4.28,3,0.057371709946542976
32,5,1000,3,3.8,3,0.05737209735810757
32,6,1000,3,5.15,3,0.05737244974076748
32,7,1000,3,4.31,3,0.05737318426370621
32,8,1000,3,3.92,2,0.057373088903725146
32,9,1000,3,4.34,3,0.057373399958014486
32,10,1000,3,3.68,2,0.05737379087507725
32,11,1000,3,4.26,3,0.057373846974223854
32,12,1000,3,5.57,5,0.057373886778950695
32,13,1000,3,5.55,5,0.05737359297275543
32,14,1000,3,5.73,7,0.057373225428164004
32,15,1000,2,2.86,3,0.05737299013510346
32,16,1000,3,3.6,2,0.05737284231558442
32,17,1000,3,5.66,7,0.05737219728901982
32,18,1000,3,3.72,3,0.0573716103695333
32,19,1000,3,3.69,3,0.05737177628278732
32,20,1000,3,4.99,6,0.057371289107948545
32,21,1000,3,3.25,2,0.05737145886942744
32,22,1000,3,3.74,3,0.057371573228389025
32,23,1000,3,4.06,2,0.05737120145186782
32,24,1000,3,6.15,6,0.05737067619711161
32,25,1000,2,3.25,4,0.057371848210692404
32,26,1000,3,3.03,1,0.05737217849865556
32,27,1000,3,3.34,2,0.0573717286773026
32,28,1000,3,4.56,5,0.05737148472666741
32,29,1000,3,4.2,4,0.057371674541383984
32,30,1000,3,4.53,5,0.057371102154254915
32,31,1000,2,2.79,2,0.05737101663276553
32,32,1000,3,3.05,1,0.057371813733130696
32,33,1000,3,3.19,1,0.057372359719127415
32,34,1000,5,5.28,4,0.05737336359173059
32,35,1000,5,5.17,3,0.0573699541054666
32,36,1000,3,2.87,2,0.057370444696396586
32,37,1000,2,2.87,1,0.05736929326504469
32,38,1000,2,2.78,1,0.05736870340630412
32,39,1000,2,2.88,1,0.057369764324277636
32,40,1000,2,2.79,1,0.057369281843304636
32,41,1000,2,2.76,1,0.05736979544907808
32,42,1000,2,2.73,1,0.05736827266961336
32,43,1000,2,3.01,1,0.057367184326052666
32,44,1000,2,3.0,1,0.05736798714101315
32,45,1000,1,2.76,7,0.05736932547390461
32,46,320,4,10.04,11,0.05736942063085735
32,47,258,3,10.04,12,0.05736977710973385
32,48,1000,2,3.25,3,0.05737007866054773
32,49,1000,2,2.62,1,0.057367829632014034
33,1,1000,3,4.01,3,0.03164022006839514
33,2,1000,3,3.8,3,0.03163994938507676
33,3,1000,3,3.57,3,0.03163992904871702
33,4,1000,1,2.71,3,0.03163989467918873
33,5,1000,2,3.41,3,0.03163921229168773
33,6,1000,2,3.29,3,0.03163915703073144
33,7,1000,3,3.79,3,0.03163893857225776
33,8,1000,2,3.1,3,0.031639737717807294
33,9,610,5,10.0,3,0.031640196206872584
33,10,1000,4,4.09,3,0.03164023986086249
33,11,1000,2,3.85,4,0.03163967464864254
33,12,1000,1,2.65,3,0.031638201028108597
33,13,1000,2,3.07,2,0.03163807910308242
33,14,1000,1,2.63,2,0.031638194035738705
33,15,1000,3,2.81,2,0.03163821210339665
33,16,1000,4,5.02,3,0.03163813469186425
33,17,1000,2,3.46,3,0.031638085395097736
33,18,1000,2,3.84,3,0.0316379684060812
33,19,1000,3,4.43,1,0.03163732938468456
33,20,1000,3,2.83,2,0.031637356743216515
33,21,1000,5,4.5,1,0.031636869356036185
33,22,1000,2,2.89,1,0.03163665586337447
33,23,1000,2,2.81,1,0.0316367344930768
33,24,1000,2,2.99,1,0.031636228248476984
33,25,1000,2,2.98,1,0.03163579682260752
33,26,1000,6,6.33,1,0.031638257194310425
33,27,1000,4,4.47,1,0.03163796668499708
33,28,1000,3,2.92,1,0.031638697292655706
33,29,1000,3,3.18,1,0.031638681016862395
33,30,1000,3,3.1,1,0.03163862978667021
33,31,1000,3,2.93,1,0.031638536229729654
33,32,1000,2,3.29,4,0.03163845774903894
33,33,1000,2,2.84,1,0.031638447940349576
33,34,1000,2,2.75,1,0.03163862390443683
33,35,1000,3,3.08,1,0.031638271767646074
33,36,1000,4,7.32,7,0.03163778823241591
33,37,1000,4,6.16,5,0.03163718219846487
33,38,1000,6,4.76,1,0.03163737475499511
33,39,1000,2,2.95,1,0.0316358944401145
33,40,1000,2,3.21,2,0.03163526435568929
33,41,1000,4,5.92,3,0.03163551174849272
33,42,1000,5,9.38,4,0.03163558882847428
33,43,1000,3,3.15,2,0.03163538680225611
33,44,1000,2,2.98,4,0.031636342737823724
33,45,1000,1,2.59,1,0.031635988503694534
33,46,1000,1,2.6,1,0.03163601830601692
34,1,1000,3,3.89,3,-0.02364007345587015
34,2,1000,3,3.19,3,-0.02364115962386131
34,3,1000,3,4.35,3,-0.023641811847686767
34,4,1000,3,4.33,3,-0.023642367459833624
34,5,1000,3,4.36,3,-0.023642699025571347
34,6,1000,3,3.95,3,-0.023643325235694648
34,7,1000,3,4.89,5,-0.023643187802284957
34,8,1000,2,3.04,3,-0.023642441745847464
34,9,1000,3,5.57,5,-0.023643015705049036
34,10,1000,3,9.45,7,-0.023644183004274965
34,11,1000,3,4.94,2,-0.023643839571624994
34,12,1000,4,3.18,1,-0.023644311856478452
34,13,1000,4,3.64,1,-0.023644265089184047
34,14,1000,2,2.86,3,-0.023645239811390637
34,15,1000,3,3.02,1,-0.023645439963787793
34,16,1000,3,5.03,5,-0.023645436476916075
34,17,1000,3,5.08,5,-0.02364498288743198
34,18,1000,3,7.17,9,-0.02364538111910224
34,19,1000,3,7.25,9,-0.023645551405847072
34,20,1000,4,9.18,5,-0.023645349929109216
34,21,214,5,10.02,1,-0.023644848865953003
34,22,209,4,10.02,4,-0.023644567444991837
34,23,224,4,10.0,4,-0.023644449172674546
34,24,225,4,10.05,5,-0.02364541794690821
34,25,216,5,10.01,4,-0.02364543568411911
34,26,1000,1,2.76,7,-0.02364622550085187
34,27,1000,2,3.58,5,-0.023647050231695176
34,28,372,5,10.01,4,-0.02364774694245669
34,29,1000,5,7.41,4,-0.023648523557931185
34,30,1000,4,5.28,4,-0.023649799320846796
34,31,1000,3,3.68,4,-0.023649767968803644
34,32,1000,2,3.3,4,-0.023649241749197244
34,33,1000,3,3.96,5,-0.023649314418435097
34,34,1000,2,3.38,4,-0.023649936839938164
34,35,1000,2,3.44,2,-0.02364882003888488
34,36,1000,2,3.59,3,-0.023649238280951976
34,37,1000,2,3.12,2,-0.023649927794933318
34,38,1000,4,3.65,2,-0.02365165230073035
34,39,1000,3,6.84,5,-0.023653503485023975
34,40,1000,4,6.03,3,-0.02365344186872244
34,41,1000,4,5.24,3,-0.023653627287596464
34,42,1000,4,6.47,3,-0.023654021758586167
34,43,1000,3,3.08,2,-0.023653494387865067
34,44,1000,3,3.38,5,-0.02365330036729574
34,45,1000,2,2.79,2,-0.02365297099202871
34,46,1000,2,2.75,1,-0.023653280422091486
34,47,1000,2,2.7,1,-0.023653675090521575
34,48,1000,3,3.38,1,-0.023654122214764355
34,49,1000,3,4.76,4,-0.023653320513665674
34,50,1000,2,2.56,1,-0.023654809221625328
34,51,1000,0,2.42,0,-0.023655444383621216
35,1,1000,3,3.99,3,0.04895455500110984
35,2,1000,3,3.34,3,0.04895522640645504
35,3,1000,3,3.14,3,0.04895589524134993
35,4,1000,3,3.46,3,0.04895552746206522
35,5,1000,3,4.98,7,0.048954700026661156
35,6,1000,3,6.97,2,0.048953290469944476
35,7,1000,3,7.07,3,0.048951859802007676
35,8,1000,2,3.42,4,0.048950508188456296
35,9,1000,2,2.73,1,0.048950333632528785
35,10,1000,2,2.91,2,0.048948695808649065
35,11,1000,2,3.91,6,0.048948121208697556
35,12,1000,2,3.34,3,0.04894809747859836
35,13,1000,4,6.23,2,0.04894845534488559
35,14,1000,4,4.82,1,0.04894832105562091
35,15,1000,3,4.32,3,0.04894685903936625
35,16,282,7,10.01,3,0.04894656337903324
35,17,1000,6,7.33,1,0.048944001879543064
35,18,1000,6,6.32,1,0.04894319796189666
35,19,1000,2,3.63,6,0.048944185167551044
35,20,1000,3,2.67,1,0.04894257673248649
35,21,1000,3,4.72,8,0.04894071348756552
35,22,1000,1,2.53,1,0.04893973842263222
36,1,1000,3,3.88,3,0.03158321387320757
36,2,1000,3,3.96,3,0.03158356167376041
36,3,1000,3,4.93,3,0.03158353167027235
36,4,1000,3,3.75,2,0.031583421751856806
36,5,1000,3,4.63,3,0.031582966189831495
36,6,1000,3,7.0,3,0.031582170870155094
36,7,1000,3,7.23,3,0.031581654373556374
36,8,1000,3,4.4,5,0.0315816411934793
36,9,1000,3,3.49,3,0.03158142724260688
36,10,1000,3,3.49,3,0.03158080983906984
36,11,1000,2,3.79,5,0.03158080043271184
36,12,1000,3,6.11,3,0.03158083831146359
36,13,1000,4,4.05,3,0.031580686502158645
36,14,1000,2,3.43,3,0.03158053693547845
36,15,1000,3,3.15,1,0.031580157101154326
36,16,1000,3,7.39,6,0.031580002583563326
36,17,229,3,10.04,15,0.03157930305496053
36,18,1000,3,5.23,3,0.03157909654825926
36,19,1000,3,3.93,2,0.03157792007550597
36,20,1000,3,6.0,2,0.03157714229077101
36,21,1000,3,3.53,3,0.03157743417844176
36,22,1000,1,2.75,6,0.0315773653164506
36,23,1000,3,6.64,4,0.0315774798579514
36,24,1000,3,6.24,3,0.031578845027834174
36,25,1000,4,5.93,3,0.03157890398800373
36,26,1000,3,6.87,7,0.031579598307609556
36,27,1000,3,4.67,5,0.03158025286719203
36,28,1000,3,6.56,6,0.03158139233663678
36,29,1000,3,4.89,5,0.03158131140097976
36,30,207,4,10.04,5,0.03158129388151537
36,31,240,5,10.01,6,0.031584167092417674
36,32,214,5,10.05,2,0.031585055290260046
36,33,1000,4,3.85,1,0.03158423954248429
36,34,1000,3,3.13,1,0.03158359769359231
36,35,1000,4,7.28,1,0.03158213631436229
36,36,558,3,10.0,4,0.03158080131216075
36,37,1000,3,8.85,5,0.03158034263923764
36,38,1000,3,8.54,5,0.03157980375736952
36,39,1000,3,4.65,3,0.031580347280949356
36,40,1000,3,4.16,3,0.031582074623554945
36,41,1000,2,7.65,11,0.03158239344134927
36,42,1000,2,4.27,6,0.03158254043757915
36,43,1000,2,2.87,2,0.031581782430410384
36,44,1000,2,4.21,6,0.0315815541818738
36,45,1000,3,4.17,2,0.031582042437046765
36,46,1000,5,4.17,4,0.03158263224363327
36,47,1000,3,2.76,3,0.03158424564450979
36,48,1000,3,2.77,3,0.03158255472034216
36,49,1000,3,8.08,3,0.03158106822147965
36,50,234,3,10.0,3,0.031582745619946055
36,51,1000,3,3.35,2,0.031582063425332305
36,52,1000,3,3.58,2,0.0315819175876677
36,53,218,3,10.04,8,0.03158251727597976
36,54,1000,1,2.47,1,0.031579405069351196
36,55,1000,1,2.5,1,0.0315818190574646
37,1,1000,3,3.9,3,0.10309094952791929
37,2,1000,3,3.55,3,0.10308967386186123
37,3,1000,3,3.42,2,0.10308894032984972
37,4,1000,3,4.13,3,0.1030880823507905
37,5,1000,3,3.98,3,0.1030881423726678
37,6,1000,3,3.66,2,0.10308877945691347
37,7,1000,3,3.71,2,0.1030890209376812
37,8,1000,3,3.65,2,0.10308982760459184
37,9,1000,5,5.14,2,0.10309090586006642
37,10,1000,5,5.1,2,0.10309236381202937
37,11,1000,5,3.96,2,0.10309209924191237
37,12,1000,1,2.6,3,0.10309373958408832
37,13,1000,2,3.21,4,0.10309061885625125
37,14,1000,2,3.22,4,0.10309108548611402
37,15,1000,2,3.95,8,0.10309213950484991
37,16,1000,2,3.46,16,0.10309207896888256
37,17,1000,2,2.97,1,0.10309263548254967
37,18,1000,2,5.91,4,0.10309431935101747
37,19,177,4,10.01,3,0.10309492177882437
37,20,200,4,10.01,3,0.10309640038758516
37,21,217,6,10.03,3,0.10309795176927944
37,22,1000,5,5.41,1,0.10309999928623438
37,23,1000,3,3.45,1,0.1031001712307334
37,24,258,5,10.01,3,0.10310284273568975
37,25,229,5,10.02,3,0.10310393191190786
37,26,1000,3,3.18,2,0.10310482613742351
37,27,225,4,10.01,7,0.10310459570752249
37,28,213,4,10.04,8,0.10310661827734378
37,29,219,5,10.01,5,0.10310798206421883
37,30,234,5,10.02,3,0.10310900163574097
37,31,327,5,10.01,4,0.10311015032300162
37,32,233,4,10.03,5,0.10311319893265998
37,33,1000,3,3.25,1,0.10311438455432653
37,34,202,3,10.02,8,0.10311510004472024
37,35,202,3,10.04,13,0.10311577900654019
37,36,1000,2,4.01,8,0.1031167978644371
37,37,1000,2,3.36,16,0.10311790224909782
38,1,1000,3,3.99,3,-0.06057533817738295
38,2,1000,3,4.37,3,-0.060575457561761144
38,3,1000,3,4.42,3,-0.06057563003525138
38,4,1000,4,5.67,3,-0.06057575474306941
38,5,1000,3,3.88,3,-0.060576388869434596
38,6,1000,4,4.39,2,-0.06057623199000955
38,7,1000,3,3.62,1,-0.06057659072056413
38,8,1000,4,3.71,1,-0.060576653581112624
38,9,1000,3,3.07,1,-0.06057673161104322
38,10,1000,4,4.16,1,-0.06057702276110649
38,11,211,6,10.03,1,-0.06057742635291335
38,12,1000,3,3.17,1,-0.06057772702723742
38,13,1000,2,3.16,2,-0.060577842865139245
38,14,1000,2,4.04,6,-0.06057803897187114
38,15,1000,2,2.91,2,-0.06057723645865917
38,16,1000,3,5.48,6,-0.06057704065367579
38,17,239,5,10.01,5,-0.060576715261118186
38,18,1000,4,4.03,3,-0.06057673568278551
38,19,1000,3,5.82,4,-0.06057743256166577
38,20,1000,3,9.2,4,-0.060578303415328265
38,21,1000,2,5.61,8,-0.06057863050326705
38,22,239,5,10.04,4,-0.06057911576648636
38,23,319,5,10.0,7,-0.0605795764974479
38,24,1000,4,4.55,2,-0.06057965822517872
38,25,1000,3,3.23,1,-0.06058091934025288
38,26,1000,3,3.52,3,-0.06058180609717965
39,1,1000,3,3.95,3,0.09806771791726351
39,2,1000,3,3.9,3,0.09806738269329071
39,3,1000,3,4.2,3,0.09806653554737568
39,4,1000,3,4.92,3,0.09806578386574984
39,5,1000,3,5.87,3,0.09806613962352276
39,6,1000,2,3.69,3,0.09806585320085287
39,7,1000,2,3.68,3,0.09806520445644855
39,8,1000,4,7.44,3,0.09806435889005662
39,9,271,5,10.0,2,0.09806442356967399
39,10,1000,2,3.01,2,0.09806454990804195
39,11,1000,2,3.17,4,0.09806397641450167
39,12,1000,2,2.8,3,0.09806406925618648
39,13,1000,1,2.7,5,0.09806319187581539
39,14,1000,2,3.76,4,0.0980634388551116
39,15,1000,2,3.94,7,0.09806311252713204
39,16,1000,3,6.81,5,0.09806330235302449
39,17,1000,3,5.05,3,0.09806342197209597
39,18,1000,3,6.14,3,0.09806365183740855
39,19,1000,2,3.4,3,0.0980639842376113
39,20,1000,3,5.09,4,0.09806363652646542
39,21,1000,2,3.47,7,0.09806370497494936
39,22,236,5,10.04,3,0.0980636367921607
39,23,214,4,10.02,5,0.09806424079932899
39,24,1000,3,3.68,6,0.09806435135006905
39,25,1000,1,2.74,6,0.09806421422213316
39,26,1000,2,3.32,4,0.09806471118330956
39,27,1000,1,2.53,1,0.0980653390288353
40,1,1000,3,4.05,3,-0.11352289948612451
40,2,1000,3,3.61,3,-0.11352385141700506
40,3,1000,3,4.35,3,-0.11352517425268889
40,4,1000,4,3.52,3,-0.11352406851947308
40,5,1000,2,3.05,3,-0.11352383052557707
40,6,1000,2,3.08,3,-0.11352301374077797
40,7,1000,3,5.36,6,-0.11352379673719407
40,8,1000,3,5.78,7,-0.11352341060340404
40,9,1000,2,3.08,3,-0.11352288740128279
40,10,1000,3,4.27,2,-0.11352269896864892
40,11,1000,5,6.37,4,-0.11352236817032099
40,12,1000,6,8.65,3,-0.11352266547083854
40,13,1000,5,4.16,3,-0.11352263537049294
40,14,1000,5,9.86,10,-0.11352131448686123
40,15,1000,5,5.89,1,-0.11352032468467951
40,16,1000,2,4.69,5,-0.1135203703045845
40,17,1000,2,3.18,2,-0.11352064957469701
40,18,1000,2,2.81,2,-0.11352200062572956
40,19,1000,2,4.08,3,-0.11352341224998236
40,20,1000,3,9.38,3,-0.11352475839853286
40,21,1000,4,6.67,3,-0.11352471649646759
40,22,1000,2,3.8,3,-0.1135237345546484
40,23,195,4,10.04,3,-0.11352435598770777
40,24,1000,4,9.53,4,-0.1135233545228839
41,1,1000,3,3.95,3,-0.058052266608923674
41,2,1000,3,3.75,2,-0.058053602170199156
41,3,1000,5,4.98,2,-0.058054298732429746
41,4,1000,3,3.14,2,-0.058054454062134025
41,5,1000,2,2.71,2,-0.05805467182397842
41,6,1000,2,3.08,2,-0.05805479554831982
41,7,1000,2,3.24,4,-0.0580539113432169
41,8,1000,1,2.66,5,-0.05805344848334789
41,9,1000,2,2.65,3,-0.058052363853901626
41,10,1000,2,3.75,5,-0.058050915345549584
41,11,1000,2,3.39,3,-0.05805040999501944
41,12,1000,2,3.21,4,-0.05805081181973219
41,13,1000,1,2.49,1,-0.05805175378918648
41,14,1000,1,2.54,3,-0.05804988174140453
41,15,1000,4,5.17,2,-0.05804933038726449
41,16,209,5,10.04,2,-0.05804888829232403
41,17,321,6,10.0,3,-0.05804898004944079
41,18,1000,2,2.95,3,-0.05804883887991309
41,19,1000,2,3.06,3,-0.058048973333090545
41,20,1000,2,5.71,10,-0.05804804479330778
41,21,1000,2,3.25,2,-0.05804629017412662
41,22,1000,2,3.77,6,-0.058044937904924154
41,23,191,4,10.01,3,-0.0580433902394085
41,24,211,6,10.01,3,-0.058043588817967055
41,25,1000,3,3.98,1,-0.05804354913905263
41,26,185,4,10.03,4,-0.058043717854731794
41,27,218,4,10.05,7,-0.05804468817803838
41,28,1000,4,6.1,8,-0.05804238428920507
41,29,208,4,10.02,4,-0.05804189824714111
41,30,190,5,10.05,1,-0.058041438264282125
41,31,433,6,10.0,1,-0.05804238015007202
41,32,1000,2,3.34,4,-0.05804184315726161
41,33,502,4,10.0,2,-0.05804035563274209
41,34,215,5,10.03,4,-0.05804030720231145
41,35,210,5,10.04,3,-0.05804027881295908
41,36,233,5,10.01,4,-0.058040642159563276
41,37,1000,4,8.28,3,-0.05804145055264234
41,38,1000,3,3.31,3,-0.05804226735979318
41,39,1000,3,9.21,9,-0.05804201516136527
41,40,1000,2,3.62,5,-0.05804280070215464
41,41,1000,2,4.64,8,-0.05804354017227888
41,42,1000,2,5.4,3,-0.058042843647301195
42,1,1000,3,3.97,3,-0.07798362002521754
42,2,1000,3,3.74,2,-0.07798323723673821
42,3,1000,2,2.84,2,-0.07798268047720194
42,4,1000,2,2.76,2,-0.07798276744782924
42,5,1000,2,2.86,2,-0.07798259424418211
42,6,1000,1,2.64,4,-0.07798234774917365
42,7,1000,1,2.54,2,-0.07798189260065555
42,8,1000,1,2.56,3,-0.07798111332952976
42,9,1000,4,8.22,2,-0.07798136833310128
42,10,1000,3,4.45,3,-0.07798169831186533
42,11,1000,5,5.35,3,-0.07798136648535728
42,12,1000,5,4.74,3,-0.07798209024220705
42,13,1000,1,2.53,2,-0.07798138793557882
42,14,1000,4,8.16,4,-0.07798216572403907
42,15,1000,4,7.27,4,-0.07798164583742619
42,16,1000,3,3.79,2,-0.0779816826954484
42,17,1000,3,3.75,2,-0.07798184980452061
42,18,1000,6,6.45,2,-0.07798225636035204
42,19,1000,2,2.66,1,-0.07798180878162383
42,20,1000,1,3.03,10,-0.07798086415231228
42,21,1000,2,3.03,2,-0.07797994806617499
42,22,1000,1,2.8,7,-0.07798067375272512
42,23,1000,1,2.59,3,-0.07798006215691566
42,24,1000,1,2.54,2,-0.07797959470748901
42,25,1000,1,2.5,1,-0.07797962427139282
42,26,1000,2,2.7,2,-0.07797978515923024
42,27,1000,1,2.53,1,-0.07797994464635849
43,1,1000,3,3.93,3,0.03177746332064271
43,2,1000,3,3.17,2,0.03177760189399123
43,3,1000,3,2.84,2,0.03177731925994158
43,4,1000,3,2.61,1,0.03177673547714949
43,5,1000,3,2.65,1,0.031776478368788955
43,6,1000,3,3.27,3,0.03177618094533682
43,7,1000,3,3.21,3,0.031775903426110745
43,8,1000,5,5.58,2,0.0317756655998528
43,9,1000,5,3.86,2,0.03177514535561204
43,10,1000,2,2.66,1,0.03177467259392142
43,11,1000,2,3.14,7,0.03177397908642888
43,12,1000,3,3.19,3,0.03177353627607226
43,13,1000,5,5.15,4,0.03177267723530531
43,14,783,6,10.0,2,0.031773015871016004
43,15,211,6,10.02,1,0.031772965750705574
43,16,1000,3,3.1,4,0.031773621961474416
43,17,1000,3,6.66,2,0.03177468255162239
43,18,196,4,10.03,5,0.031774731809083294
43,19,199,4,10.01,3,0.03177434385721408
43,20,202,4,10.04,3,0.03177440033690764
43,21,218,5,10.05,8,0.031775427008167316
43,22,1000,4,8.35,2,0.03177634424343705
43,23,258,4,10.0,3,0.03177692403280458
43,24,1000,4,9.78,3,0.03177659810706973
43,25,1000,3,3.88,1,0.03177659158036113
43,26,1000,1,2.56,2,0.03177596144378185
43,27,1000,3,3.4,8,0.031776024393737314
43,28,1000,2,4.81,9,0.031776192031800744
43,29,1000,1,2.72,6,0.03177652995660901
44,1,1000,3,3.95,3,0.010251929043792189
44,2,1000,3,3.08,2,0.010251776780933142
44,3,1000,3,2.9,1,0.010251014674082399
44,4,1000,3,2.65,1,0.010249801022931933
44,5,1000,3,2.76,1,0.010248983119614422
44,6,1000,3,2.94,1,0.010248737533576786
44,7,1000,3,2.84,1,0.010247746492736041
44,8,1000,5,7.56,4,0.010247351486235857
44,9,246,5,10.04,4,0.010247061282729472
44,10,212,5,10.05,3,0.010245813377517855
44,11,1000,6,5.77,3,0.010246398709714413
44,12,1000,2,2.92,2,0.010246064799837768
44,13,1000,3,4.52,7,0.010244555641897022
44,14,1000,2,3.21,3,0.010243865210562945
44,15,1000,2,3.21,4,0.010243710892274976
44,16,1000,4,4.3,3,0.010243243728764355
44,17,417,5,10.0,4,0.010242205885924595
44,18,1000,3,5.65,5,0.010243380739353597
44,19,1000,4,4.38,3,0.010242304289713502
44,20,728,4,10.0,4,0.010241124242963782
44,21,1000,3,3.69,1,0.010239937918260694
44,22,1000,2,3.17,5,0.01023982431832701
44,23,1000,3,8.53,7,0.010240357433445752
44,24,546,5,10.0,2,0.010240375649375029
44,25,1000,2,3.39,9,0.010237505386583507
44,26,1000,5,6.76,6,0.010237425933592021
44,27,1000,3,3.95,4,0.010237648458220065
44,28,1000,2,2.94,2,0.010235941094346345
45,1,1000,3,4.04,3,-0.03755191196128726
45,2,1000,3,3.76,3,-0.03755235579237342
45,3,1000,3,4.44,3,-0.03755274214968085
45,4,1000,3,3.79,2,-0.03755311642587185
45,5,1000,3,4.43,4,-0.03755359635129571
45,6,1000,2,3.09,3,-0.037554244086146354
45,7,1000,2,3.23,4,-0.03755426609888673
45,8,1000,2,3.71,6,-0.03755368822067976
45,9,1000,4,3.62,1,-0.037554596997797486
45,10,1000,3,4.1,4,-0.03755585825070739
45,11,745,4,10.0,5,-0.037555722692268804
45,12,198,4,10.05,3,-0.03755627768208282
45,13,224,5,10.01,3,-0.03755646170715669
45,14,1000,6,4.31,3,-0.03755640998482704
45,15,1000,4,4.53,4,-0.03755735216662288
45,16,213,5,10.02,4,-0.0375573272366479
45,17,1000,2,5.59,15,-0.037557753048837184
45,18,197,5,10.02,4,-0.03755686505872586
45,19,188,4,10.04,5,-0.037557654736682454
45,20,197,4,10.03,4,-0.03755781364622455
45,21,210,4,10.02,5,-0.037557767278381754
45,22,205,5,10.04,4,-0.037557921594962844
45,23,1000,3,5.3,3,-0.03755837460979819
45,24,1000,2,4.92,4,-0.03755866875126958
45,25,1000,3,5.22,7,-0.03755917813628912
45,26,187,3,10.01,5,-0.037559714706186305
45,27,217,5,10.01,5,-0.03755822966587708
45,28,229,6,10.04,3,-0.037558912563922624
45,29,202,5,10.03,3,-0.037559954781490976
45,30,231,4,10.05,3,-0.037560209889948626
45,31,239,5,10.0,3,-0.037561508994471575
45,32,663,5,10.0,3,-0.03756269245643062
46,1,1000,3,3.97,3,-0.022414096847176553
46,2,1000,3,3.95,3,-0.022415397569537164
46,3,1000,4,4.54,3,-0.022416751259937882
46,4,1000,2,3.04,3,-0.022417549259960652
46,5,1000,3,2.78,1,-0.022417840771377085
46,6,1000,2,2.74,2,-0.022418291926383973
46,7,1000,3,5.65,4,-0.02241827980801463
46,8,1000,3,4.98,5,-0.022418317068368197
46,9,1000,2,3.49,7,-0.022418686378747225
46,10,1000,2,2.89,3,-0.022418919634073973
46,11,1000,2,3.45,7,-0.022419092148542406
46,12,1000,3,4.51,2,-0.022419024523347618
46,13,1000,2,3.24,4,-0.02241981416195631
46,14,1000,2,2.92,2,-0.022419732678681612
46,15,263,5,10.03,3,-0.022420224871755552
46,16,1000,5,4.23,3,-0.022420076914131642
46,17,1000,3,3.27,5,-0.022420100621879102
46,18,199,3,10.0,6,-0.022420170646741164
46,19,1000,2,3.11,3,-0.0224200248606503
46,20,1000,2,2.87,2,-0.022421138375997542
46,21,1000,2,4.87,7,-0.02242121011018753
46,22,1000,3,3.31,3,-0.022420305788517
46,23,1000,2,3.61,6,-0.02242065384797752
46,24,219,3,10.01,10,-0.022420891190636647
46,25,1000,2,3.07,3,-0.022421061016619205
46,26,1000,3,3.82,2,-0.022420771883800625
46,27,1000,2,3.43,4,-0.022421584375202655
46,28,1000,1,2.75,6,-0.022421624973416328
46,29,1000,4,2.98,1,-0.022421399362385273
46,30,1000,2,3.38,5,-0.02242238738387823
46,31,1000,2,4.42,7,-0.022422916539013387
46,32,1000,2,4.79,9,-0.022423072542995214
46,33,1000,2,3.05,4,-0.02242326768860221
46,34,1000,2,2.97,5,-0.02242337854579091
46,35,1000,3,2.83,2,-0.022423113860189914
46,36,1000,3,3.69,3,-0.02242384995520115
46,37,1000,2,2.8,3,-0.02242382898181677
47,1,1000,3,3.98,3,0.07621627321094275
47,2,1000,3,3.98,3,0.07621472144126892
47,3,1000,3,3.77,2,0.07621438214182853
47,4,1000,1,2.59,4,0.07621448405086995
47,5,1000,4,3.52,3,0.07621427487581968
47,6,1000,4,6.87,5,0.07621366219222546
47,7,1000,2,3.66,6,0.07621339286118746
47,8,1000,1,2.5,2,0.07621372432261705
47,9,1000,1,2.65,5,0.07621364537626504
47,10,1000,2,3.36,5,0.07621331586688757
47,11,1000,3,9.33,12,0.07621361430734395
47,12,1000,5,5.43,3,0.07621345653384924
47,13,1000,4,3.38,3,0.07621330273896455
47,14,1000,2,3.05,3,0.07621355849504471
47,15,1000,2,3.03,3,0.07621304005384445
47,16,1000,3,4.07,3,0.07621291695535183
47,17,696,3,10.0,12,0.07621269682743426
47,18,384,3,10.0,6,0.07621187520756696
47,19,218,5,10.03,3,0.07621117592404741
47,20,1000,4,5.34,2,0.07621181194484233
47,21,506,6,10.04,4,0.0762110546584657
47,22,1000,4,6.52,2,0.07621042251586914
47,23,1000,4,3.8,1,0.07620997608453035
47,24,1000,4,6.39,7,0.07621039932966232
47,25,388,4,10.0,3,0.07621100750396546
47,26,1000,3,5.51,3,0.07620917106419801
47,27,1000,3,4.32,1,0.07620748241245746
47,28,1000,5,7.13,2,0.07620796241611243
47,29,281,5,10.02,4,0.07620872779885221
47,30,1000,3,6.24,14,0.07620658013224602
47,31,280,6,10.0,3,0.07620534508356026
47,32,233,5,10.01,3,0.07620528385107098
47,33,1000,5,4.49,3,0.0762051265090704
47,34,1000,7,6.77,1,0.0762051654085517
47,35,357,5,10.01,5,0.07620458177575211
47,36,1000,2,2.88,3,0.07620503610372543
47,37,1000,2,3.42,2,0.07620429795235395
47,38,1000,2,2.84,2,0.07620409262180329
47,39,214,5,10.05,4,0.0762040875852108
47,40,1000,4,5.87,3,0.0762025403752923
47,41,223,5,10.04,4,0.07620105164067092
47,42,221,6,10.03,3,0.07620208046285275
47,43,1000,3,2.93,3,0.07620269373804331
47,44,191,4,10.01,3,0.0762019987505768
47,45,814,4,10.0,4,0.07620262171551402
47,46,1000,3,9.2,10,0.07620120519399642
47,47,1000,5,9.08,5,0.076201470926404
47,48,187,3,10.03,5,0.07620110462374866
47,49,231,5,10.02,2,0.07620145432102732
47,50,1000,4,6.84,3,0.076200886875391
47,51,825,3,10.0,7,0.0762019882960753
47,52,1000,3,4.28,2,0.07620145075768232
47,53,1000,2,4.37,8,0.07620082148909568
47,54,1000,1,3.25,15,0.07620068088173866
47,55,1000,1,3.08,12,0.07620068685710431
48,1,1000,3,4.03,3,-0.09366813088953495
48,2,1000,3,3.95,3,-0.09366769330203534
48,3,1000,3,4.28,3,-0.09366697232425213
48,4,1000,3,3.26,3,-0.09366622021049262
48,5,1000,3,3.91,2,-0.09366494581848384
48,6,1000,2,3.17,2,-0.09366445967555045
48,7,1000,2,4.27,4,-0.09366378188878298
48,8,1000,2,5.17,10,-0.0936632675230503
48,9,1000,2,3.41,3,-0.0936622845157981
48,10,1000,3,3.47,1,-0.09366145701706409
48,11,1000,3,3.6,2,-0.09366128400713206
48,12,1000,2,3.1,2,-0.0936607099622488
48,13,1000,2,5.33,9,-0.0936605943068862
48,14,1000,3,4.58,2,-0.09366076894849538
48,15,1000,3,3.92,1,-0.0936609353646636
48,16,187,3,10.01,7,-0.09366145092535784
48,17,266,3,10.02,6,-0.09366061121113319
48,18,196,4,10.05,4,-0.09366058371961117
48,19,1000,3,7.11,5,-0.09366039056330919
48,20,1000,3,3.88,3,-0.09366051180660724
48,21,1000,3,7.49,2,-0.09366048343479633
48,22,319,3,10.0,7,-0.09366036437708757
48,23,238,3,10.04,9,-0.09366057709861203
48,24,1000,3,5.14,3,-0.09366021063178778
48,25,1000,3,7.85,3,-0.09366027864813804
48,26,1000,3,5.52,1,-0.09365931173413992
48,27,1000,3,5.91,1,-0.09365973171591759
48,28,1000,3,9.64,4,-0.09365959269553423
48,29,1000,4,6.29,3,-0.09365979333221912
48,30,1000,3,6.7,1,-0.09366025177389384
48,31,1000,3,8.2,1,-0.09366021081805229
48,32,1000,3,5.09,1,-0.09366009400039911
48,33,590,3,10.0,6,-0.09366020279920707
48,34,1000,3,8.84,6,-0.09366031274199486
48,35,1000,3,5.81,3,-0.09365967147797347
48,36,1000,4,6.42,3,-0.09365890019387006
48,37,1000,2,4.61,10,-0.09365871311724186
48,38,1000,2,3.78,6,-0.09365852017700672
48,39,1000,2,4.14,7,-0.09365824399888516
48,40,1000,1,2.52,1,-0.0936572253704071
49,1,1000,3,4.04,3,0.05424416248500347
49,2,1000,3,2.73,1,0.054243869729340075
49,3,1000,3,3.41,2,0.05424385110661387
49,4,1000,2,3.09,3,0.054243979450315234
49,5,1000,2,2.84,2,0.05424337849766016
49,6,1000,2,3.21,2,0.054243125572800636
49,7,1000,4,8.69,3,0.05424230530112982
49,8,1000,4,6.41,5,0.05424167151749134
49,9,1000,4,3.89,3,0.05424204326793552
49,10,1000,4,3.48,2,0.054243011448532344
49,11,1000,5,7.18,3,0.0542418941706419
49,12,1000,2,3.1,3,0.054241634897887706
49,13,1000,3,3.61,3,0.0542408407703042
49,14,1000,2,4.47,8,0.05424060851708055
49,15,1000,3,6.52,5,0.054239835921674966
49,16,226,5,10.0,3,0.054239528616313384
49,17,1000,5,8.91,1,0.054240161519497634
49,18,1000,1,2.66,4,0.054239705331623554
49,19,1000,2,3.43,5,0.054240737799555065
49,20,1000,3,6.53,3,0.05424211127310991
49,21,1000,3,5.13,5,0.05424168910831213
49,22,1000,3,3.52,2,0.05424101902917027
49,23,877,4,10.0,4,0.054240576489621446
49,24,1000,4,5.9,2,0.05424148538708687
49,25,1000,3,4.93,3,0.054241459995508196
49,26,1000,3,5.72,6,0.0542411883585155
49,27,1000,4,5.83,2,0.054240765292197464
49,28,183,4,10.06,3,0.05424044753521518
49,29,1000,4,6.85,7,0.054240057487040756
49,30,212,6,10.05,2,0.0542393556602721
49,31,1000,4,3.79,2,0.05423945132270455
49,32,1000,3,6.53,3,0.05423886480927467
49,33,1000,2,3.22,3,0.054238183490931985
49,34,201,4,10.03,5,0.05423790752072239
49,35,188,4,10.06,2,0.05423771756443572
49,36,1000,4,7.37,3,0.05423736499622464
49,37,175,4,10.02,4,0.05423643831695829
49,38,219,4,10.04,3,0.05423636339843001
49,39,1000,3,7.05,3,0.05423692380264401
49,40,187,4,10.01,4,0.05423641776576399
49,41,1000,4,9.99,2,0.05423628831282258
49,42,1000,2,3.4,3,0.05423570608720183
49,43,200,4,10.06,6,0.054234440326690676
49,44,185,4,10.03,3,0.05423390404195399
49,45,180,4,10.0,3,0.05423201769590378
49,46,179,4,10.01,6,0.0542325301501671
49,47,697,3,10.0,3,0.05423235676252688
49,48,361,4,10.04,3,0.05423074941101827
49,49,1000,3,4.1,16,0.05423047906905413
49,50,1000,1,3.01,9,0.05423000012338162
50,1,1000,3,4.09,3,-0.10731754000484943
50,2,1000,3,3.16,2,-0.1073167470395565
50,3,1000,3,4.19,3,-0.10731659504771232
50,4,1000,3,2.93,3,-0.10731738631427289
50,5,1000,3,2.82,1,-0.10731747674196959
50,6,1000,5,4.7,4,-0.10731779104471206
50,7,250,6,10.0,1,-0.10731841006875038
50,8,1000,4,4.61,3,-0.10732137736678124
50,9,1000,3,4.46,3,-0.1073206867724657
50,10,421,5,10.03,2,-0.10731974277742685
50,11,257,4,10.05,9,-0.10732218611565081
50,12,229,5,10.02,10,-0.10731893449240897
50,13,1000,4,2.81,1,-0.1073187781944871
50,14,1000,4,3.66,3,-0.10731847555190324
50,15,1000,4,3.02,1,-0.10731776186823845
50,16,224,3,10.01,5,-0.1073152419246201
50,17,222,4,10.01,9,-0.10731436305486404
50,18,210,4,10.03,3,-0.10731447211333683
50,19,216,5,10.05,3,-0.10731604509055614
50,20,668,4,10.0,2,-0.10731573377228426
50,21,392,4,10.06,12,-0.10731609030721748
50,22,1000,3,7.64,11,-0.10731609454751015
50,23,1000,2,3.07,3,-0.10731660986691713
50,24,1000,3,5.09,3,-0.10731716999411584
50,25,1000,2,6.62,12,-0.10731810426712036
50,26,193,3,10.05,4,-0.10731899217157166
51,1,1000,3,4.01,3,-0.0004771881352644414
51,2,1000,3,3.41,3,-0.00047683011810295285
51,3,1000,3,2.96,2,-0.0004767656836193055
51,4,1000,3,3.04,2,-0.00047661166521720586
51,5,1000,3,3.43,2,-0.0004768053244333714
51,6,1000,3,3.43,2,-0.000476598710520193
51,7,1000,2,3.12,1,-0.000477105290396139
51,8,1000,4,5.76,1,-0.0004770539056044072
51,9,1000,4,5.66,1,-0.0004763205337803811
51,10,1000,3,3.72,3,-0.0004759650237392634
51,11,1000,4,3.98,3,-0.0004750708274077624
51,12,1000,4,5.43,5,-0.0004746205403935164
51,13,1000,2,2.89,1,-0.0004746074385475367
51,14,1000,4,3.5,3,-0.000474022627575323
51,15,1000,4,4.79,3,-0.0004738339453469962
51,16,1000,4,3.2,3,-0.0004727741840761155
51,17,1000,2,2.94,1,-0.00047274993802420796
51,18,1000,3,4.11,4,-0.00047277004341594875
51,19,1000,3,5.49,1,-0.00047096237796358763
51,20,1000,3,6.61,1,-0.0004701686284970492
51,21,173,3,10.02,5,-0.0004688197552735212
51,22,1000,5,4.91,2,-0.0004708273715805262
51,23,1000,6,6.24,3,-0.00047137258644215765
51,24,1000,4,3.97,3,-0.0004721986546646804
51,25,259,6,10.01,4,-0.00047240906782020385
51,26,1000,5,5.09,2,-0.000471763190580532
51,27,1000,2,4.41,5,-0.0004688455394934863
51,28,1000,2,4.41,5,-0.0004693021557759494
51,29,1000,2,5.37,5,-0.00046938670496456326
51,30,1000,2,4.18,2,-0.0004696429956238717
51,31,1000,3,9.29,4,-0.00047171163628809154
51,32,950,3,10.0,4,-0.0004717843021927892
51,33,199,3,10.02,4,-0.0004716076171224534
51,34,858,5,10.0,3,-0.0004714434232539986
51,35,1000,5,9.07,3,-0.00047043507802300153
51,36,191,5,10.03,3,-0.00047043716813515655
51,37,1000,3,6.03,3,-0.0004705024741124362
51,38,1000,2,3.1,1,-0.00046893533202819527
51,39,1000,3,9.29,4,-0.00046878121490590274
51,40,163,3,10.0,6,-0.00046839300443795424
51,41,1000,4,8.19,2,-0.0004704806103836745
51,42,1000,3,3.26,4,-0.00046927155810408297
52,1,1000,3,4.0,3,-0.09544946397840977
52,2,1000,3,3.15,2,-0.0954485067948699
52,3,1000,3,3.8,3,-0.095447191901505
52,4,1000,3,3.87,3,-0.09544711189717055
52,5,1000,3,3.5,2,-0.09544710981100797
52,6,1000,3,5.03,5,-0.09544717877358198
52,7,1000,3,4.07,3,-0.09544749160856009
52,8,1000,3,4.53,4,-0.0954475504308939
52,9,1000,4,4.36,2,-0.09544822101294995
52,10,1000,4,6.69,6,-0.09544845600426197
52,11,1000,4,6.61,3,-0.09544904197752475
52,12,1000,4,7.67,3,-0.09545068645477295
52,13,1000,4,7.8,3,-0.09545229593664407
52,14,1000,3,8.38,7,-0.09545161477476359
52,15,1000,2,3.22,5,-0.0954520059004426
52,16,1000,2,2.91,3,-0.09545257350802422
52,17,1000,3,5.11,5,-0.0954515590146184
52,18,1000,3,5.07,5,-0.09545193897187709
52,19,1000,3,2.98,1,-0.09545132005214692
52,20,1000,2,5.3,18,-0.09545186296850443
52,21,1000,2,4.51,13,-0.09545130950212478
52,22,1000,3,6.08,2,-0.0954508191421628
52,23,1000,3,7.72,2,-0.09545107756555081
52,24,1000,3,7.29,4,-0.09545077086985111
52,25,1000,3,7.77,2,-0.09545125275105237
52,26,1000,3,7.68,2,-0.09545189438015222
52,27,1000,3,6.0,3,-0.09545234070718288
52,28,1000,3,6.06,3,-0.09545348640531301
52,29,1000,3,8.63,6,-0.09545487232506275
52,30,1000,3,6.59,4,-0.09545498359203339
52,31,1000,3,7.06,4,-0.09545460338890553
52,32,1000,3,5.85,5,-0.09545528945326805
52,33,1000,3,3.54,3,-0.09545597293227912
52,34,1000,2,3.26,5,-0.09545651496946812
52,35,1000,2,4.21,11,-0.09545698366314173
52,36,1000,3,8.28,11,-0.09545685037970543
52,37,1000,3,4.06,3,-0.09545711541175843
52,38,1000,3,3.54,2,-0.09545730784535408
52,39,1000,2,2.97,3,-0.09545862283557653
52,40,1000,2,3.87,9,-0.095458794914186
52,41,1000,2,3.52,7,-0.09545952947437764
52,42,1000,3,4.07,4,-0.09546023413538933
52,43,1000,3,4.3,5,-0.09546104618906975
52,44,1000,3,5.93,5,-0.09546146001666785
52,45,1000,3,4.27,5,-0.09546146032959223
52,46,1000,3,6.66,8,-0.09546226935088635
52,47,1000,3,4.49,5,-0.09546214181184769
52,48,1000,2,5.98,8,-0.0954624593630433
52,49,202,4,10.03,4,-0.09546242514164141
52,50,202,5,10.03,3,-0.09546265393348023
52,51,1000,5,6.59,1,-0.09546369564533233
52,52,1000,4,9.6,3,-0.09546503831446171
52,53,199,4,10.0,3,-0.0954658969787497
52,54,203,4,10.0,3,-0.09546587172106569
52,55,195,4,10.01,4,-0.09546680481005938
52,56,200,4,10.01,3,-0.09546793766319751
52,57,209,4,10.02,12,-0.09546966519224587
52,58,217,5,10.02,10,-0.09547010270131898
52,59,203,4,10.0,19,-0.0954692191971934
52,60,185,3,10.03,13,-0.09547004164070697
52,61,205,5,10.02,6,-0.09546943314191772
52,62,229,4,10.05,3,-0.09546950492015573
52,63,193,4,10.04,10,-0.09546948822668797
52,64,190,4,10.07,10,-0.09546948330182778
52,65,1000,3,7.88,4,-0.0954711746647954
52,66,194,4,10.04,5,-0.09547281196129691
52,67,180,3,10.03,5,-0.09547138197554482
52,68,212,4,10.05,3,-0.09547122237536143
52,69,182,3,10.03,3,-0.09547064707174406
52,70,490,3,10.0,3,-0.09546974457952441
53,1,1000,3,4.04,3,0.1083787368685007
53,2,1000,3,4.53,3,0.1083778842613101
53,3,1000,3,3.67,1,0.10837715888023376
53,4,1000,3,3.54,1,0.10837663837522268
53,5,1000,3,3.59,1,0.10837556148320436
53,6,1000,3,6.28,2,0.10837468938529492
53,7,1000,3,6.56,2,0.10837419894337653
53,8,1000,3,8.85,2,0.10837378887832165
53,9,1000,3,8.14,2,0.10837339293211698
53,10,1000,5,9.62,2,0.10837315618246794
53,11,1000,4,8.77,2,0.10837256230413914
53,12,169,4,10.05,1,0.10837235491304002
53,13,195,6,10.03,1,0.10837211796106436
53,14,168,3,10.02,7,0.10837181888165928
53,15,1000,4,6.33,3,0.10837067537754774
53,16,1000,3,6.06,3,0.1083696919232607
53,17,1000,3,8.13,3,0.10836947883665561
53,18,494,5,10.0,1,0.10836953834181855
53,19,1000,3,9.1,4,0.10836989668011665
53,20,196,5,10.05,4,0.10836881068440116
53,21,177,4,10.02,3,0.10836799994195248
53,22,392,4,10.0,6,0.1083678579794205
53,23,1000,3,3.45,3,0.1083677134141326
53,24,1000,3,3.26,3,0.10836746574193239
53,25,1000,4,3.33,2,0.10836698135733605
53,26,1000,5,3.81,2,0.10836705164611339
53,27,1000,1,3.11,12,0.10836786107718945
53,28,1000,3,3.92,3,0.1083668544664979
53,29,1000,4,7.36,3,0.10836617575585843
53,30,1000,3,4.48,3,0.1083662549033761
53,31,119,3,10.01,3,0.10836542529218338
53,32,290,4,10.04,2,0.10836605357712713
53,33,1000,3,5.33,2,0.10836568547040223
53,34,1000,3,3.32,2,0.10836627361923457
53,35,1000,3,3.88,2,0.1083660499304533
53,36,1000,3,3.16,2,0.10836567834019661
53,37,1000,1,2.53,2,0.10836545285582543
54,1,1000,3,4.06,3,-0.014892576274462044
54,2,1000,3,4.31,3,-0.014892374027520418
54,3,1000,3,4.14,3,-0.01489196564257145
54,4,1000,3,3.47,2,-0.014891852186992764
54,5,1000,2,2.88,2,-0.014891306989826263
54,6,1000,3,7.08,9,-0.014890982586890459
54,7,1000,3,4.76,3,-0.014890321245416999
54,8,1000,3,4.69,3,-0.014890202238224447
54,9,1000,3,4.7,3,-0.01488944489043206
54,10,1000,3,4.03,3,-0.014888311949558556
54,11,1000,3,4.03,3,-0.014888203368522228
54,12,1000,3,4.63,4,-0.014888385948725045
54,13,1000,3,4.62,4,-0.014888483702205121
54,14,1000,3,4.5,4,-0.014887803787365556
54,15,1000,4,4.11,3,-0.014887521482072771
54,16,1000,3,3.06,2,-0.014886707839556038
54,17,1000,3,8.14,10,-0.014887318656779825
54,18,1000,4,4.63,3,-0.014887415220960975
54,19,1000,4,4.23,3,-0.014887221870943905
54,20,1000,3,3.21,2,-0.014887279918417335
54,21,1000,3,3.22,2,-0.014886875593103468
54,22,1000,5,4.16,2,-0.01488625553343445
54,23,1000,5,3.75,1,-0.014885696889832616
54,24,1000,5,3.73,1,-0.014885018387809396
54,25,1000,5,3.81,1,-0.014884518597275019
54,26,1000,5,3.75,1,-0.014882967922836542
54,27,1000,5,3.74,1,-0.014882211668416858
54,28,1000,5,9.94,5,-0.014881598352454603
54,29,1000,2,3.7,3,-0.014880677213892341
54,30,1000,2,2.79,1,-0.014878516091033816
54,31,1000,2,4.27,5,-0.014876809123903514
54,32,1000,3,6.33,5,-0.014875495783053338
54,33,1000,4,8.52,4,-0.014874068662524224
54,34,484,4,10.0,4,-0.014873154798122354
54,35,341,4,10.0,5,-0.014874119937004757
54,36,1000,4,9.33,4,-0.01487267600465566
54,37,1000,2,3.75,4,-0.014871861233375966
54,38,648,3,10.0,5,-0.014870793245341858
54,39,180,3,10.01,2,-0.014872650931485825
54,40,195,3,10.05,2,-0.01487091935884494
54,41,221,3,10.03,2,-0.014871595461106947
54,42,220,3,10.02,2,-0.014871025881306692
54,43,1000,3,7.59,2,-0.01487044942099601
54,44,184,3,10.02,2,-0.014871708021256263
54,45,1000,3,9.49,2,-0.014872314141131937
54,46,1000,3,6.9,2,-0.014871991021558643
54,47,184,3,10.05,14,-0.014870658724406816
54,48,1000,3,8.56,2,-0.014871706429868936
54,49,1000,3,8.55,2,-0.014871376314200461
54,50,168,3,10.0,13,-0.01487142224574373
54,51,1000,3,6.63,3,-0.014871291155926883
54,52,1000,3,7.1,3,-0.014870657896623016
54,53,1000,3,6.31,3,-0.01487158000934869
54,54,1000,3,7.13,3,-0.014871404414996505
54,55,1000,3,7.08,4,-0.014870803344994783
54,56,1000,3,6.39,2,-0.014871668925508856
54,57,1000,3,6.91,2,-0.01487142068427056
54,58,1000,3,6.26,2,-0.014871492261998355
54,59,1000,3,5.62,2,-0.014871046975255013
54,60,1000,5,9.94,2,-0.014871840240433813
54,61,726,5,10.0,2,-0.014871498521099242
54,62,1000,5,4.44,2,-0.014870395270176232
54,63,1000,5,3.87,1,-0.014869993231259286
54,64,1000,2,2.99,2,-0.014868716326542198
54,65,1000,2,3.84,5,-0.01486799675412476
54,66,1000,2,3.04,2,-0.014867134763859213
54,67,1000,2,3.05,2,-0.014866660235449672
54,68,1000,2,3.55,4,-0.014864306119270622
54,69,1000,2,4.59,7,-0.014863357884809374
54,70,1000,2,3.17,2,-0.014862428777851164
54,71,1000,2,3.56,3,-0.014862974840216338
54,72,1000,2,3.49,3,-0.01486359791457653
54,73,1000,3,3.49,1,-0.014863159622065723
54,74,398,3,10.0,23,-0.014865601587404109
54,75,1000,2,3.26,2,-0.014863456818275153
54,76,1000,3,3.3,2,-0.014863075410947203
54,77,1000,3,3.23,2,-0.014863106340169907
54,78,1000,5,3.6,1,-0.014862199265509845
54,79,1000,2,2.78,1,-0.014861748539842665
54,80,1000,2,6.41,13,-0.014866759330965578
54,81,1000,2,6.89,16,-0.014866116411052644
54,82,178,3,10.01,4,-0.01486549007947023
54,83,178,4,10.03,3,-0.01486851427745953
54,84,239,6,10.05,2,-0.014867664061517896
54,85,1000,4,7.4,3,-0.014866911132819951
54,86,1000,4,3.23,1,-0.014868591732345521
54,87,1000,4,4.61,1,-0.014868786778301
54,88,1000,4,4.93,1,-0.01486863124743104
54,89,1000,1,2.7,5,-0.014867922673933208
54,90,1000,1,2.62,3,-0.014868564021773636
54,91,1000,2,2.86,1,-0.014868751636706293
54,92,1000,2,2.76,1,-0.01486832855269313
54,93,1000,3,7.38,9,-0.014868806806392968
54,94,1000,3,3.58,6,-0.014869286215864122
54,95,1000,3,3.2,5,-0.014869700466282667
54,96,1000,1,2.48,1,-0.014868623577058315
54,97,1000,1,2.52,1,-0.014868274333886803
54,98,1000,1,2.48,1,-0.014867461286485195
54,99,1000,1,2.49,1,-0.014866813994944095
54,100,1000,1,2.54,2,-0.014866901027970015
54,101,1000,1,2.56,1,-0.014867936332710087
55,1,1000,3,4.07,3,0.051691200140863654
55,2,1000,3,3.83,3,0.0516910017952323
55,3,1000,3,3.16,2,0.05169108623638749
55,4,1000,2,2.96,3,0.05169151242822409
55,5,1000,2,3.23,5,0.051691890988498926
55,6,1000,3,3.9,4,0.05169182975962758
55,7,1000,3,3.85,3,0.05169235464930534
55,8,1000,2,2.81,1,0.051692660029977563
55,9,1000,2,2.9,3,0.051693005349487064
55,10,1000,1,2.64,4,0.051693036802113054
55,11,1000,2,2.72,3,0.05169348551332951
55,12,1000,2,3.23,4,0.05169332825392485
55,13,1000,2,2.75,3,0.051693556535989046
55,14,1000,1,2.5,2,0.051694543287158015
55,15,1000,1,2.63,4,0.051695287887006995
55,16,1000,4,4.18,3,0.05169519269838929
55,17,1000,4,3.18,8,0.05169529343396425
55,18,1000,4,7.09,3,0.05169494147226215
55,19,1000,4,6.09,3,0.05169497160986066
55,20,1000,3,4.49,3,0.05169482235237956
55,21,1000,3,3.63,3,0.05169440827891231
55,22,1000,3,3.13,3,0.05169501508027315
55,23,1000,1,2.74,6,0.05169454292207956
55,24,1000,1,2.73,5,0.051694396633654834
55,25,1000,4,6.29,3,0.05169436165317893
55,26,1000,4,8.43,3,0.05169493844732642
55,27,1000,4,4.68,3,0.05169499679654837
55,28,1000,2,2.69,3,0.05169500390440226
55,29,1000,2,2.74,3,0.051694789089262484
55,30,1000,2,2.73,3,0.05169445163756609
55,31,1000,1,2.46,1,0.05169375240802765
55,32,1000,1,2.64,4,0.0516937204413116
55,33,1000,1,2.53,2,0.051693265169858935
55,34,1000,3,4.32,3,0.051692851975560186
55,35,1000,3,2.9,2,0.0516922969147563
55,36,1000,2,2.64,3,0.051692576918751
56,1,1000,3,4.04,3,-0.12056070639193057
56,2,1000,3,3.28,2,-0.12055954149365425
56,3,1000,3,3.24,2,-0.12055754252523183
56,4,1000,3,3.13,2,-0.12055681877583266
56,5,1000,3,3.62,2,-0.12055666616559028
56,6,1000,1,2.68,5,-0.12055615678429604
56,7,1000,2,3.79,5,-0.1205554385483265
56,8,1000,3,3.04,2,-0.12055583683401347
56,9,1000,2,2.67,1,-0.12055564343929291
56,10,1000,2,2.73,1,-0.12055506547540426
56,11,1000,2,3.23,2,-0.1205554434210062
56,12,1000,2,2.98,2,-0.12055449653416872
56,13,1000,5,6.33,4,-0.12055365734547377
56,14,1000,5,9.29,4,-0.12055354208499193
56,15,1000,4,4.51,3,-0.12055233900994063
56,16,1000,5,6.71,4,-0.12055216455459594
56,17,1000,5,5.73,5,-0.1205529729127884
56,18,1000,2,2.98,3,-0.12055286683887244
56,19,1000,2,2.82,3,-0.12055219469964504
56,20,1000,2,3.43,9,-0.12055197235941886
56,21,1000,3,6.73,6,-0.12055242417007685
56,22,382,6,10.05,3,-0.12055314121602094
56,23,257,5,10.02,3,-0.12055407542778825
56,24,190,5,10.05,2,-0.12055368156809555
56,25,1000,4,5.99,2,-0.12055294295400382
56,26,799,6,10.0,3,-0.12055293596507013
56,27,542,5,10.0,3,-0.12055379161920494
56,28,1000,2,3.04,1,-0.12055486205220223
56,29,1000,2,4.75,7,-0.12055441363155842
56,30,1000,2,4.13,5,-0.12055353750288486
56,31,1000,4,7.06,4,-0.12055171790719033
56,32,1000,3,3.16,1,-0.12054965642094612
56,33,209,4,10.04,3,-0.1205507624163582
56,34,213,5,10.06,4,-0.12055128714848012
56,35,192,4,10.03,3,-0.12055116895741473
56,36,1000,4,7.3,3,-0.12055081187933683
56,37,207,5,10.04,3,-0.12055181528347125
56,38,200,4,10.04,4,-0.12055066589266061
56,39,1000,2,4.59,6,-0.12054953594505786
56,40,1000,4,8.39,4,-0.12054819641262293
56,41,1000,2,9.59,11,-0.12054806663095952
57,1,1000,3,4.01,3,0.000412766658468172
57,2,1000,3,4.35,3,0.0004125886138062924
57,3,1000,4,4.6,3,0.00041260283137671647
57,4,1000,4,5.61,3,0.0004129954210948199
57,5,1000,2,3.07,3,0.0004130363508593291
57,6,1000,2,3.39,4,0.0004121422681491822
57,7,1000,3,4.67,3,0.0004124594673048705
57,8,1000,3,6.74,3,0.0004122995163779706
57,9,1000,2,3.26,2,0.0004119356560986489
57,10,1000,2,3.25,2,0.00041185710090212526
57,11,1000,4,4.61,2,0.0004116769533138722
57,12,411,5,10.06,2,0.00041183021063735106
57,13,1000,4,8.74,2,0.00041145522403530774
57,14,1000,2,5.97,5,0.0004104388046544045
57,15,1000,2,4.69,10,0.0004096603828947991
57,16,206,3,10.01,6,0.0004110147306826689
57,17,186,4,10.03,4,0.0004102669425323726
57,18,190,4,10.05,3,0.00041010392566309553
57,19,211,5,10.05,3,0.00041121664367090927
57,20,225,5,10.02,3,0.00041101201941880086
57,21,1000,5,7.96,1,0.000410401128930971
57,22,211,6,10.02,3,0.00040911706299653444
57,23,1000,5,6.56,4,0.00041111441957764327
57,24,666,4,10.0,8,0.0004105626568918371
57,25,192,4,10.04,3,0.0004096379755840947
57,26,196,5,10.02,3,0.00040914474603986103
57,27,185,4,10.01,9,0.0004117225282636748
57,28,194,4,10.04,4,0.00041157609186634497
57,29,1000,3,5.94,5,0.0004102985530626029
57,30,1000,3,8.36,8,0.0004096994090359658
57,31,186,3,10.0,9,0.0004098248747502884
57,32,184,4,10.01,12,0.00040966998304888284
57,33,199,5,10.01,5,0.00040979669256786344
57,34,1000,4,7.32,5,0.0004085694539826363
57,35,203,4,10.01,2,0.0004074634702272915
57,36,171,3,10.05,5,0.00040698035471059644
57,37,193,5,10.06,3,0.00040721565161088547
57,38,1000,2,8.51,7,0.0004052556704264134
57,39,1000,2,5.13,3,0.0004041887789499015
57,40,537,4,10.02,3,0.00040332886152571237
57,41,1000,2,5.47,3,0.0004015709205996245
57,42,171,3,10.04,4,0.00039995511076739874
57,43,191,5,10.03,3,0.0004013348957438373
57,44,212,5,10.02,3,0.0003962848255331716
57,45,191,5,10.04,3,0.00039440106752289565
57,46,198,5,10.05,3,0.00039731768445544545
57,47,195,4,10.02,3,0.00039593527669636296
57,48,509,4,10.03,5,0.0003969587519108949
57,49,174,3,10.02,5,0.0003941263605428367
57,50,171,4,10.02,3,0.0003931708342861384
57,51,176,4,10.04,3,0.00039178154441866684
57,52,1000,2,4.32,3,0.00038924497994594277
57,53,1000,2,4.75,3,0.000386782058281824
57,54,1000,2,8.88,7,0.0003848050243686885
57,55,1000,1,3.63,20,0.00038212545099668203
57,56,1000,1,3.05,11,0.00038486021640710534
58,1,1000,3,4.13,3,-0.08296437579393387
58,2,1000,3,4.39,3,-0.08296378118544817
58,3,1000,4,4.57,3,-0.08296321198344231
58,4,1000,3,3.72,3,-0.0829626689106226
58,5,1000,4,3.38,3,-0.08296272364258767
58,6,1000,3,2.93,1,-0.08296286382526159
58,7,1000,3,3.65,1,-0.08296307916939259
58,8,1000,3,3.31,1,-0.0829630239829421
58,9,1000,3,3.98,1,-0.08296307799965143
58,10,1000,3,4.31,1,-0.08296255149692297
58,11,1000,3,4.97,1,-0.08296180127561092
58,12,1000,4,4.9,1,-0.08296161555498839
58,13,1000,2,4.6,2,-0.082961311429739
58,14,1000,3,3.8,1,-0.08296092117577791
58,15,1000,3,3.81,1,-0.08296108196675778
58,16,1000,4,8.77,5,-0.08296022848784923
58,17,1000,4,7.07,3,-0.08296054466813803
58,18,1000,4,5.48,2,-0.08296237532049418
58,19,1000,2,3.63,1,-0.08296125136315823
58,20,1000,2,3.98,1,-0.08296090370416641
58,21,1000,2,3.52,1,-0.08296147342771291
58,22,1000,2,4.03,1,-0.0829613166898489
58,23,1000,2,2.7,1,-0.08296098264306784
58,24,1000,2,2.98,1,-0.08296072188019753
58,25,1000,2,3.87,1,-0.08296039560437203
58,26,1000,2,3.76,1,-0.08296028323471547
58,27,1000,2,3.7,1,-0.08295963717997074
58,28,1000,2,3.53,1,-0.08295929244160652
58,29,1000,2,4.02,1,-0.08295910089462996
58,30,1000,2,3.99,1,-0.08295808580517769
58,31,1000,2,4.04,1,-0.08295745521783829
58,32,1000,2,4.01,1,-0.082956184707582
58,33,1000,2,3.99,1,-0.08295546083897352
58,34,1000,1,3.78,23,-0.08295611791312694
58,35,1000,4,9.98,9,-0.08295804158598184
58,36,121,2,10.04,17,-0.08295693310085407
58,37,179,3,10.02,10,-0.08295682875970223
58,38,168,3,10.01,17,-0.08295747016867001
58,39,1000,3,3.98,3,-0.08295969738811254
58,40,1000,3,5.36,3,-0.08295953364670276
58,41,222,4,10.06,3,-0.08295956324483897
58,42,1000,5,6.87,3,-0.08295765031129122
58,43,1000,5,9.01,5,-0.08295746887475253
58,44,624,4,10.0,5,-0.0829581888153767
58,45,168,3,10.05,5,-0.08295737331112225
58,46,174,3,10.01,9,-0.08295782437098437
58,47,190,4,10.01,2,-0.08295929231926015
58,48,191,4,10.01,4,-0.08295987144658702
58,49,174,3,10.03,10,-0.08296031247952888
58,50,195,4,10.05,8,-0.08296099293690462
58,51,1000,3,2.98,3,-0.08296388864517212
58,52,1000,3,3.93,3,-0.08296360980719328
58,53,1000,3,3.75,3,-0.08296190357208252
58,54,1000,2,3.49,3,-0.08295950129628181
58,55,1000,3,3.63,1,-0.08295977410674095
58,56,1000,3,7.65,6,-0.08296173317730426
58,57,262,4,10.02,4,-0.08296233148292731
58,58,182,4,10.02,4,-0.08296147177180091
58,59,186,4,10.01,4,-0.08296303358930414
58,60,203,5,10.03,3,-0.0829641612732939
59,1,1000,3,4.12,3,0.07062395408004522
59,2,1000,3,3.19,2,0.0706241821795702
59,3,1000,3,3.9,2,0.07062448122352362
59,4,1000,1,2.62,3,0.07062485935539008
59,5,1000,2,3.65,3,0.07062506734579801
59,6,201,5,10.0,3,0.07062535692210221
59,7,1000,5,7.46,3,0.0706255655437708
59,8,1000,2,3.34,3,0.07062535677105189
59,9,1000,1,2.65,4,0.07062568255513907
59,10,1000,2,3.7,4,0.07062629929929971
59,11,1000,3,5.37,2,0.0706258889362216
59,12,1000,2,4.17,4,0.07062574157118798
59,13,1000,4,6.87,2,0.07062602705508471
59,14,187,5,10.03,2,0.07062681672726086
59,15,1000,4,4.09,1,0.07062685752660036
59,16,1000,1,2.63,4,0.07062697848677635
59,17,1000,2,3.3,3,0.07062648754566908
59,18,1000,1,3.25,15,0.07062606842815876
59,19,1000,2,3.5,3,0.07062651085108519
59,20,1000,2,5.94,6,0.07062668700516224
59,21,717,5,10.0,4,0.07062712914441586
59,22,240,4,10.02,2,0.07062761314834158
59,23,195,5,10.01,3,0.07062783252734404
59,24,205,6,10.01,4,0.07062827530430585
59,25,212,5,10.01,3,0.07062804547823825
59,26,1000,4,3.97,3,0.0706279631704092
59,27,1000,2,3.11,3,0.07062742008268832
59,28,1000,2,3.47,6,0.07062764608860016
59,29,1000,2,5.74,4,0.0706275949627161
59,30,173,5,10.04,3,0.07062725175839628
59,31,200,5,10.01,4,0.07062723852694035
59,32,1000,3,3.95,3,0.07062697492539882
59,33,1000,3,3.93,3,0.07062698047608137
60,1,1000,3,4.21,3,-0.10694550297409296
60,2,1000,3,3.22,3,-0.1069455339834094
60,3,1000,3,3.93,2,-0.10694565653055907
60,4,1000,3,4.26,2,-0.10694583640992641
60,5,1000,3,3.82,3,-0.10694595329463481
60,6,1000,3,3.29,3,-0.10694636248797178
60,7,1000,3,4.65,3,-0.1069463611021638
60,8,1000,5,7.71,2,-0.10694643426686526
60,9,1000,2,2.91,2,-0.10694629056751728
60,10,1000,2,2.67,1,-0.10694580557197332
60,11,1000,1,3.08,11,-0.10694646455347538
60,12,1000,2,3.48,5,-0.10694641517847776
60,13,1000,3,6.89,3,-0.1069467304572463
60,14,184,4,10.06,3,-0.10694684444562248
60,15,274,4,10.05,4,-0.10694667710548769
60,16,1000,4,5.11,1,-0.10694675711542367
60,17,1000,4,4.77,5,-0.1069466215968132
60,18,1000,2,3.08,5,-0.10694694250822068
60,19,1000,3,3.87,1,-0.1069469371587038
60,20,1000,3,4.09,1,-0.1069470403790474
60,21,1000,2,3.02,5,-0.10694705660641193
60,22,1000,3,2.9,1,-0.10694668417423964
60,23,1000,3,4.9,1,-0.10694651321321726
60,24,208,5,10.0,5,-0.10694704953437814
60,25,198,4,10.02,6,-0.10694634357486109
60,26,397,5,10.04,6,-0.10694646396174538
60,27,1000,4,7.56,3,-0.10694636823236943
60,28,1000,3,3.47,3,-0.10694684164971113
60,29,1000,2,3.05,5,-0.10694695547223092
60,30,1000,2,3.5,5,-0.10694751600921154
60,31,1000,2,2.96,3,-0.10694781959056854
60,32,1000,3,4.28,3,-0.10694812517613173
60,33,1000,4,9.51,4,-0.10694842732697725
60,34,1000,4,3.89,3,-0.1069484573379159
60,35,1000,3,3.03,1,-0.10694828462600708
60,36,1000,2,4.2,4,-0.10694837232679129
60,37,207,3,10.05,8,-0.10694845272723028
60,38,183,4,10.02,3,-0.10694795928366198
60,39,200,6,10.01,2,-0.1069477704167366
60,40,1000,5,9.1,5,-0.10694752686470747
60,41,1000,6,5.79,4,-0.10694739092141389
60,42,165,5,10.04,1,-0.1069476792306611
60,43,1000,2,2.74,1,-0.10694778740406036
60,44,1000,3,9.15,9,-0.10694777697324753
60,45,1000,3,3.37,3,-0.1069477486461401
60,46,1000,4,4.57,3,-0.10694815614819526
60,47,1000,4,4.9,3,-0.10694790380448103
60,48,1000,4,4.72,4,-0.10694729690998793
60,49,1000,4,5.12,4,-0.10694678758829831
60,50,179,3,10.05,9,-0.1069462509544868
60,51,1000,3,6.0,7,-0.10694499564915895
60,52,1000,2,3.95,7,-0.1069453616887331
60,53,1000,1,2.66,3,-0.10694441014528275
61,1,1000,3,4.1,3,-0.11962250620871782
61,2,1000,3,3.57,3,-0.11962218748033046
61,3,1000,3,4.05,3,-0.11962170346081256
61,4,1000,3,2.98,1,-0.11962162409722805
61,5,1000,2,2.96,3,-0.11962114604562521
61,6,1000,3,5.2,5,-0.11962105748057365
61,7,1000,3,3.84,3,-0.11962098647654057
61,8,718,3,10.0,6,-0.11962078827171273
61,9,1000,4,4.17,2,-0.11962024887651206
61,10,1000,4,3.31,1,-0.11962072445452213
61,11,1000,4,6.33,3,-0.11962056607753038
61,12,1000,4,6.61,3,-0.11962061727792024
61,13,1000,4,7.94,3,-0.11962004181742668
61,14,490,4,10.0,3,-0.11961980810274883
61,15,166,3,10.05,3,-0.11962006236594844
61,16,1000,4,9.04,3,-0.11961983169615269
61,17,1000,3,4.87,1,-0.11961976736038923
61,18,1000,4,9.27,3,-0.11961964772641659
61,19,168,3,10.05,3,-0.11961985663289115
61,20,1000,3,7.79,3,-0.11962025467306375
61,21,1000,3,5.9,4,-0.11961911749094725
61,22,211,3,10.05,8,-0.11961994072978531
61,23,1000,3,8.2,6,-0.11961971896886825
61,24,1000,3,8.19,6,-0.11961956160515547
61,25,1000,3,5.33,3,-0.11961854310333729
61,26,1000,3,7.0,3,-0.11961786517500878
61,27,1000,3,4.54,1,-0.11961829027533531
61,28,1000,3,6.09,2,-0.11961874806880951
61,29,204,3,10.05,9,-0.11961848372776135
61,30,1000,3,6.57,4,-0.11961900486797095
61,31,1000,3,9.68,4,-0.11961918863654136
61,32,1000,3,6.3,4,-0.11961877768486738
61,33,1000,3,9.96,6,-0.11961762683093548
61,34,1000,4,9.29,6,-0.11961768881231546
61,35,1000,3,7.49,3,-0.11961792796850204
61,36,1000,3,4.63,4,-0.11961811645328999
61,37,1000,2,2.66,1,-0.11961819748580456
61,38,1000,1,2.7,4,-0.11961953366547823
61,39,1000,3,5.61,6,-0.11961825609207154
61,40,1000,4,5.3,5,-0.11961925775557757
61,41,1000,1,2.52,1,-0.11962103098630905
62,1,1000,3,4.14,3,-0.12089756418764591
62,2,1000,3,3.31,3,-0.12089787935465575
62,3,1000,3,3.64,3,-0.12089827840775251
62,4,1000,3,2.78,1,-0.12089830154925585
62,5,1000,3,3.65,1,-0.12089841513335704
62,6,1000,6,4.47,1,-0.12089841778576374
62,7,1000,4,2.77,1,-0.12089849821478128
62,8,1000,2,3.31,4,-0.12089861653000117
62,9,1000,2,3.28,5,-0.12089814209938049
62,10,1000,2,3.51,2,-0.12089804695546627
62,11,1000,4,7.38,2,-0.12089829265326262
62,12,1000,3,9.42,7,-0.12089832779020071
62,13,208,5,10.03,2,-0.12089876973858246
62,14,1000,5,8.4,3,-0.12089863381534814
62,15,1000,2,3.0,1,-0.12089887963980436
62,16,1000,2,3.14,2,-0.12089857376366854
62,17,163,3,10.05,7,-0.12089824169142846
62,18,157,3,10.04,2,-0.12089805342968862
62,19,202,5,10.02,6,-0.1208986178925722
62,20,179,4,10.03,6,-0.12089876934636239
62,21,178,4,10.03,2,-0.1208983612864205
62,22,1000,3,4.51,3,-0.12089846236258746
62,23,1000,1,2.9,8,-0.12089872348308563
62,24,179,4,10.05,3,-0.12089909076191194
62,25,191,5,10.02,3,-0.1208991196923231
62,26,210,5,10.05,4,-0.12089861798144522
62,27,1000,3,6.22,3,-0.12089863517880439
62,28,1000,3,6.83,3,-0.1208986624404788
62,29,1000,3,4.04,1,-0.12089843373000622
62,30,1000,3,4.96,1,-0.12089848314970732
62,31,185,4,10.03,2,-0.12089828144054154
62,32,181,4,10.09,5,-0.12089820424331486
62,33,176,4,10.06,6,-0.12089821776713837
62,34,184,4,10.01,4,-0.12089840229600668
62,35,176,4,10.05,3,-0.12089858348058029
62,36,207,4,10.02,13,-0.12089845620923573
62,37,188,4,10.05,2,-0.12089850472167452
62,38,186,3,10.02,15,-0.1208985987449846
62,39,1000,3,4.31,14,-0.12089867479354142
63,1,1000,3,4.09,3,0.13748823995888232
63,2,1000,3,3.57,2,0.13748746834695338
63,3,1000,3,3.18,2,0.13748683772981166
63,4,1000,4,4.23,3,0.13748670336604119
63,5,1000,2,2.93,2,0.13748619581758975
63,6,1000,2,2.89,2,0.1374859913289547
63,7,1000,3,4.06,6,0.13748615232110023
63,8,1000,1,2.79,7,0.13748667687177657
63,9,1000,3,4.45,7,0.13748651552200317
63,10,628,6,10.0,3,0.1374867493701968
63,11,1000,6,8.97,1,0.13748605902493
63,12,1000,5,3.75,2,0.13748598657548428
63,13,1000,1,2.6,3,0.13748573257029056
63,14,1000,1,2.93,8,0.1374858082383871
63,15,1000,2,4.19,6,0.13748628729581833
63,16,1000,3,7.38,4,0.1374857583642006
63,17,207,4,10.02,6,0.13748623985023314
63,18,1000,4,4.61,2,0.1374874973744154
63,19,1000,4,6.45,6,0.13748719023168088
63,20,1000,1,2.62,3,0.13748786681890487
63,21,1000,2,4.49,5,0.13748723524808884
63,22,1000,2,3.68,3,0.13748746329545974
63,23,1000,4,7.53,3,0.13748671059310436
63,24,196,5,10.06,2,0.13748607313146397
63,25,1000,2,3.41,4,0.13748674239218234
63,26,1000,1,2.64,3,0.1374873727709055
63,27,1000,2,3.09,2,0.13748780271410943
63,28,1000,2,6.87,9,0.13748770482838155
63,29,205,4,10.04,11,0.13748832817484694
63,30,1000,2,3.09,2,0.13748861899971962
63,31,1000,2,3.18,4,0.13748897485435008
63,32,1000,2,3.18,11,0.13748896488547324
63,33,1000,1,2.53,2,0.13748879574239253
63,34,1000,3,7.71,4,0.13748890563845634
63,35,1000,2,2.82,2,0.1374894340932369
63,36,1000,2,3.36,5,0.13748965203762054
63,37,1000,6,5.3,3,0.13748920649290086
63,38,1000,2,2.72,2,0.1374891302585602
64,1,1000,3,4.16,3,-0.05931199605762959
64,2,1000,3,4.62,3,-0.0593116010427475
64,3,1000,4,4.35,2,-0.05931156196817756
64,4,1000,4,3.43,1,-0.059311852406710386
64,5,1000,3,3.45,1,-0.059312441609799864
64,6,1000,3,3.82,3,-0.05931242145970464
64,7,1000,3,4.29,1,-0.05931301735341549
64,8,1000,3,4.82,1,-0.059313339214771985
64,9,1000,2,3.41,5,-0.059313467562198637
64,10,1000,3,6.6,5,-0.059313406355679034
64,11,1000,3,3.29,2,-0.05931407748535276
64,12,1000,3,4.23,2,-0.059314451187849046
64,13,1000,2,3.9,4,-0.05931493166834116
64,14,1000,3,5.59,7,-0.059315458863973616
64,15,1000,3,3.13,2,-0.05931541442871094
64,16,1000,2,3.59,3,-0.059316180426627396
64,17,243,5,10.05,7,-0.059317032128204536
64,18,275,5,10.05,2,-0.05931683323600075
64,19,1000,4,3.94,1,-0.05931697766110301
64,20,1000,3,3.06,1,-0.05931725183874369
64,21,1000,3,2.73,1,-0.0593152791261673
65,1,1000,3,4.2,3,0.07852878384292125
65,2,1000,3,3.77,2,0.07852880381047726
65,3,1000,3,3.27,2,0.07852890371531249
65,4,1000,2,2.78,3,0.0785282725393772
65,5,1000,1,2.67,4,0.0785290728136897
65,6,1000,2,2.77,2,0.07852881584316491
65,7,1000,2,3.59,4,0.07852834322303534
65,8,1000,1,2.68,4,0.07852829344570637
65,9,1000,1,2.69,4,0.07852941692620516
65,10,1000,2,2.91,3,0.07853105214238167
65,11,1000,3,3.44,2,0.0785321800261736
65,12,1000,2,3.74,5,0.07853211706131696
65,13,1000,1,2.71,5,0.078530389405787
65,14,1000,1,2.73,5,0.07853013902157545
65,15,1000,1,2.59,3,0.07852943428605795
65,16,1000,2,4.01,3,0.078529834382236
65,17,200,4,10.04,6,0.07853035409003496
65,18,228,4,10.02,6,0.07853121797374465
65,19,1000,3,6.17,6,0.07853146053105593
65,20,1000,3,4.7,3,0.07853081624954938
65,21,1000,2,3.41,5,0.0785305747911334
65,22,1000,4,5.54,5,0.07853221845626832
65,23,1000,3,3.91,4,0.07853217008709908
65,24,251,5,10.04,4,0.07853193863098365
65,25,1000,4,4.81,1,0.07853278644382954
65,26,1000,3,5.38,4,0.07853298738598824
65,27,1000,5,5.72,2,0.07853263188153506
65,28,1000,5,6.61,1,0.07853294157236815
65,29,773,5,10.0,6,0.07853383457174894
65,30,1000,5,9.08,1,0.07853396379947662
65,31,1000,2,2.83,2,0.07853469310700893
65,32,1000,3,3.24,3,0.07853394106775523
65,33,1000,2,3.35,4,0.07853404872864485
65,34,1000,3,3.47,3,0.07853413154929877
65,35,1000,3,2.74,1,0.07853372348845004
65,36,1000,1,2.56,2,0.07853336983919143
66,1,1000,3,4.17,3,-0.10273376325517893
66,2,1000,3,3.75,3,-0.10273352530598641
66,3,1000,3,3.06,2,-0.10273318484425545
66,4,1000,2,2.99,3,-0.10273344992101192
66,5,1000,2,3.34,4,-0.10273358383774757
66,6,192,4,10.05,3,-0.10273359436541796
66,7,302,5,10.03,3,-0.1027335651613624
66,8,1000,5,5.11,1,-0.1027336774468422
66,9,1000,3,6.16,4,-0.10273352348059415
66,10,1000,1,2.64,3,-0.10273369275033474
66,11,1000,4,4.27,6,-0.10273444353789091
66,12,1000,2,2.73,1,-0.10273449977487326
66,13,1000,1,2.83,7,-0.10273489230126143
66,14,1000,3,8.87,5,-0.102734723970294
66,15,1000,2,2.76,2,-0.10273471580445767
66,16,442,4,10.0,3,-0.10273500410544927
66,17,195,5,10.04,3,-0.10273505827555289
66,18,1000,2,4.92,11,-0.10273475123941898
66,19,194,5,10.01,3,-0.10273446423030391
66,20,1000,4,7.72,7,-0.10273433998227119
66,21,298,4,10.0,5,-0.10273414862735959
66,22,174,4,10.03,2,-0.10273485420935455
66,23,1000,5,9.39,3,-0.10273545405268669
66,24,1000,3,4.7,1,-0.10273532558232545
66,25,1000,3,5.38,2,-0.10273509933799506
66,26,1000,3,5.59,9,-0.10273614999651909
66,27,1000,3,6.48,4,-0.10273678850382567
66,28,1000,3,4.86,6,-0.1027375163435936
66,29,173,3,10.02,9,-0.10273688643998494
66,30,192,5,10.05,3,-0.10273605697633077
66,31,180,5,10.0,1,-0.1027374445564217
66,32,204,5,10.04,3,-0.10273927797143366
66,33,182,3,10.01,13,-0.10273653412094483
66,34,1000,1,3.62,19,-0.10273794572055339
66,35,1000,1,3.41,16,-0.10273696931451559
67,1,1000,3,4.14,3,-0.0623341562487185
67,2,1000,3,3.0,2,-0.062334396302700046
67,3,1000,3,5.39,5,-0.06233500409498811
67,4,1000,2,3.12,3,-0.06233624519407749
67,5,1000,2,3.15,3,-0.06233735940977931
67,6,1000,2,2.82,3,-0.06233796922490001
67,7,1000,1,2.56,3,-0.06233908409625292
67,8,1000,1,2.46,1,-0.06233983114361763
67,9,1000,1,2.57,3,-0.06234054790064693
67,10,1000,2,3.16,3,-0.06234076463058591
67,11,1000,2,3.11,3,-0.06234059007838368
67,12,1000,2,3.09,3,-0.06234139632806182
67,13,1000,3,5.44,4,-0.06234162710607052
67,14,269,5,10.04,4,-0.0623435677898196
67,15,1000,5,4.45,2,-0.06234427877515555
67,16,1000,3,3.49,3,-0.06234407144412398
67,17,1000,3,4.53,5,-0.06234446579217911
67,18,1000,3,5.62,5,-0.06234428001195192
67,19,287,5,10.03,5,-0.06234476602399391
67,20,1000,4,7.51,4,-0.06234538825601339
67,21,313,5,10.06,6,-0.062345729385035485
67,22,319,7,10.0,3,-0.062345885581170504
67,23,1000,4,4.61,3,-0.062345728341490034
67,24,1000,4,5.76,3,-0.0623460958711803
67,25,1000,5,8.29,4,-0.0623460794351995
67,26,1000,3,5.9,8,-0.06234621973708272
67,27,199,4,10.05,6,-0.062346113873786066
67,28,237,5,10.0,3,-0.062346213021736104
67,29,197,5,10.02,3,-0.06234630832666068
67,30,1000,5,6.97,5,-0.062347108494490384
67,31,1000,2,3.47,3,-0.062347008515149356
67,32,1000,3,3.78,2,-0.062347054064273835
67,33,212,6,10.05,1,-0.06234758753188938
67,34,181,6,10.01,1,-0.06234765301834154
67,35,180,4,10.03,3,-0.06234766780916187
67,36,1000,2,2.68,2,-0.06234811199456453
67,37,1000,3,6.15,2,-0.06234786620736122
67,38,1000,3,9.55,4,-0.062348081331700084
67,39,1000,3,6.3,4,-0.062348569203168155
67,40,186,5,10.05,3,-0.062348919670267774
67,41,187,5,10.01,2,-0.06234876978843607
67,42,185,6,10.04,2,-0.06234927876172839
67,43,271,4,10.03,4,-0.06235011623024501
67,44,1000,3,6.84,2,-0.062350683692842725
67,45,1000,3,9.57,11,-0.06235081872344017
67,46,459,3,10.0,3,-0.062350900766636554
67,47,180,4,10.03,6,-0.06235020456628667
67,48,1000,3,3.88,1,-0.06234989920258522
68,1,1000,3,4.16,3,0.016395947672426702
68,2,1000,3,3.69,3,0.01639519365131855
68,3,1000,3,3.95,2,0.016394478432834148
68,4,1000,3,3.05,2,0.01639390896447003
68,5,1000,2,3.08,2,0.01639358939230442
68,6,1000,2,2.6,1,0.016393793746829033
68,7,1000,1,2.66,4,0.016393962664529683
68,8,1000,2,2.7,1,0.01639369629137218
68,9,1000,1,3.0,8,0.0163936794642359
68,10,1000,3,4.88,4,0.01639352614246309
68,11,179,5,10.02,3,0.016391980133992335
68,12,245,6,10.05,3,0.016391549616747974
68,13,1000,4,3.35,1,0.016391009313985707
68,14,1000,6,7.47,2,0.01639021260663867
68,15,1000,3,3.07,3,0.01639047104679048
68,16,1000,3,9.72,3,0.016391366250813007
68,17,1000,3,8.43,3,0.016390726072713732
68,18,1000,3,8.16,6,0.016391334749758242
68,19,188,4,10.01,7,0.016391650763677157
68,20,1000,2,2.93,2,0.016392342157661915
68,21,1000,2,3.0,3,0.016391500590369104
68,22,1000,3,3.13,3,0.016391009770333767
69,1,1000,3,4.13,3,0.019295361431315543
69,2,1000,3,4.56,3,0.01929539342224598
69,3,1000,4,6.5,3,0.019295517828315498
69,4,1000,4,5.09,2,0.019295369021594524
69,5,1000,4,4.43,1,0.01929494429193437
69,6,1000,4,7.55,4,0.019294309889897703
69,7,1000,4,4.2,2,0.019293441476300358
69,8,1000,4,5.27,3,0.019292435202747583
69,9,1000,4,8.16,4,0.0192917593549937
69,10,805,5,10.0,3,0.01929095582053158
69,11,274,5,10.01,3,0.019290118097551982
69,12,1000,5,9.06,3,0.01929002323001623
69,13,242,4,10.03,3,0.019289234106636736
69,14,262,4,10.05,3,0.019288886196285715
69,15,551,4,10.0,3,0.019290084053108135
69,16,1000,3,6.77,6,0.019289352370426057
69,17,1000,4,5.59,3,0.01928951108083129
69,18,1000,3,3.86,3,0.019289034616202117
69,19,1000,3,3.36,1,0.019289993967860936
69,20,1000,2,4.76,10,0.01928979362733662
69,21,1000,2,3.74,11,0.01928951611742377
69,22,1000,2,4.51,3,0.01928963013924658
69,23,1000,2,4.35,3,0.019289965234696865
69,24,1000,3,4.83,2,0.019289417454972865
69,25,1000,4,8.74,3,0.01928868779912591
69,26,623,3,10.0,7,0.019288402403529917
69,27,432,4,10.0,4,0.019288635562622437
69,28,1000,4,7.83,4,0.019288166685029865
69,29,1000,3,4.73,3,0.019287773922085763
69,30,1000,3,9.69,4,0.019287203596904876
69,31,1000,3,6.7,7,0.01928704444691539
69,32,1000,3,4.25,3,0.0192870815936476
69,33,1000,3,3.61,2,0.01928679305315018
69,34,1000,2,4.29,8,0.019286779910326003
69,35,1000,2,3.33,3,0.019286809548735618
69,36,1000,3,3.72,1,0.019286879392340778
69,37,1000,1,2.52,2,0.019285732969641686
69,38,1000,3,2.76,1,0.019285067595541477
69,39,1000,1,2.52,1,0.019285380840301514
70,1,1000,3,4.3,3,0.04720109857991338
70,2,1000,3,4.69,3,0.04720006512105465
70,3,1000,5,5.92,3,0.04719932850450277
70,4,1000,4,7.42,4,0.04719941033050418
70,5,1000,4,8.31,4,0.04719935143366456
70,6,1000,3,6.15,6,0.04719973597675562
70,7,1000,4,6.17,3,0.047198944337666034
70,8,1000,4,6.15,3,0.04719926394894719
70,9,1000,3,8.37,4,0.04719999013841152
70,10,1000,3,7.12,9,0.047198628168553115
70,11,1000,2,2.96,2,0.04719971565157175
70,12,1000,2,3.38,4,0.04719980874285102
70,13,1000,3,3.24,2,0.04719933148100972
70,14,1000,2,3.43,4,0.04719884008541703
70,15,1000,3,3.0,2,0.047199785940349105
70,16,1000,3,3.65,1,0.04720045700296759
70,17,1000,2,3.19,3,0.04720064430683851
70,18,1000,2,3.54,3,0.04720149705559015
70,19,1000,2,3.04,3,0.04720261815190315
71,1,1000,3,4.19,3,-0.06367367058247328
71,2,1000,3,3.53,3,-0.06367257175594568
71,3,1000,3,4.71,3,-0.06367260152846575
71,4,1000,3,4.75,3,-0.06367183178663254
71,5,1000,3,9.44,8,-0.06367013935744763
71,6,1000,3,5.48,3,-0.0636694576665759
71,7,1000,3,3.83,2,-0.06366940874606371
71,8,1000,3,7.04,4,-0.06366942656040192
71,9,1000,3,5.79,5,-0.06366954453289508
71,10,1000,3,4.22,3,-0.06366936852782965
71,11,1000,3,9.13,8,-0.06366946898400784
71,12,1000,3,3.61,2,-0.06366904933005571
71,13,1000,3,4.04,2,-0.06366878820955753
71,14,1000,3,3.4,1,-0.06366852260380983
71,15,1000,3,3.55,1,-0.06366889388114214
71,16,1000,3,3.59,1,-0.06366904886066914
71,17,1000,3,3.95,2,-0.06366877919435501
71,18,1000,2,2.63,1,-0.06366942634433508
71,19,1000,2,2.74,3,-0.06366822508722544
72,1,1000,3,4.17,3,-0.08662856366485357
72,2,1000,3,3.27,2,-0.0866279347911477
72,3,1000,2,2.85,2,-0.08662674140185117
72,4,1000,2,3.02,2,-0.08662602534145117
72,5,1000,2,3.1,3,-0.08662538737058639
72,6,1000,2,2.9,4,-0.08662477120757103
72,7,1000,1,2.71,5,-0.08662449834495783
72,8,1000,1,2.78,7,-0.08662388093024492
72,9,1000,2,3.3,7,-0.08662319535762071
72,10,1000,2,4.23,5,-0.08662304551899433
72,11,191,3,10.01,6,-0.08662237293277111
72,12,1000,4,9.77,3,-0.08662201695144177
72,13,1000,3,5.53,4,-0.08662159922719002
72,14,1000,3,3.35,1,-0.08662079532444478
72,15,1000,3,5.71,1,-0.08662010310590267
72,16,1000,3,5.53,2,-0.08661969673633575
72,17,1000,2,3.25,2,-0.08662012501806021
72,18,1000,2,3.44,2,-0.08661986672133207
72,19,186,4,10.05,5,-0.08661952582738733
72,20,586,4,10.0,3,-0.08661977557700648
72,21,1000,4,7.62,4,-0.08662005469202995
72,22,1000,4,5.34,1,-0.086619968123734
72,23,1000,4,5.16,3,-0.08661898273974657
72,24,1000,4,4.39,2,-0.08661735367029905
72,25,179,4,10.03,2,-0.08661703723768949
72,26,177,4,10.06,7,-0.08661714814982172
72,27,194,4,10.04,15,-0.08661764403133049
72,28,180,4,10.01,3,-0.08661750592291355
72,29,471,4,10.0,6,-0.08661715610391775
72,30,213,3,10.03,3,-0.08661647231925822
72,31,164,3,10.03,3,-0.08661581353261703
72,32,192,4,10.06,5,-0.0866158064842845
72,33,164,3,10.02,7,-0.0866160435011474
72,34,184,4,10.03,13,-0.08661613965649968
72,35,180,5,10.02,5,-0.08661586054497294
72,36,182,4,10.04,10,-0.08661516383290291
72,37,1000,3,4.03,3,-0.08661555536091328
72,38,1000,3,8.6,8,-0.08661509405821562
72,39,173,3,10.05,5,-0.08661454838479875
72,40,179,4,10.03,3,-0.08661327789948639
72,41,170,4,10.04,3,-0.0866120547056198
72,42,277,3,10.0,3,-0.086611332526491
72,43,165,3,10.03,3,-0.08661023062286954
72,44,1000,2,4.26,4,-0.08660964877903461
72,45,1000,1,2.65,4,-0.08661079838126898
72,46,1000,1,2.55,2,-0.08660708449035882
72,47,1000,2,5.69,7,-0.08660699369758368
72,48,1000,2,7.63,12,-0.08660545391589403
72,49,1000,1,3.1,11,-0.08660704681277274
73,1,1000,3,4.31,3,-0.0479623300023377
73,2,1000,3,4.1,2,-0.04796335908025503
73,3,1000,4,5.33,3,-0.047964540746062996
73,4,1000,3,2.97,3,-0.0479643004797399
73,5,1000,2,2.57,1,-0.04796428978443146
73,6,1000,3,3.24,4,-0.04796352019160986
73,7,1000,3,2.77,1,-0.04796407078206539
73,8,1000,3,2.96,1,-0.04796377338469029
73,9,1000,3,3.07,3,-0.0479637338668108
73,10,1000,3,2.81,1,-0.04796341686695814
73,11,1000,3,3.05,3,-0.0479630363881588
73,12,1000,3,2.84,2,-0.04796296160295606
73,13,1000,3,3.03,3,-0.04796287013962865
73,14,1000,3,2.9,1,-0.04796217425167561
73,15,1000,3,3.47,5,-0.047963361158967016
73,16,1000,3,2.65,1,-0.047964099794626236
73,17,1000,3,3.21,1,-0.04796407151594758
73,18,1000,3,3.21,1,-0.04796395035088062
73,19,1000,3,3.36,1,-0.047963803742080924
73,20,1000,3,3.88,1,-0.04796413723751903
73,21,1000,3,3.71,1,-0.0479649225063622
73,22,1000,3,4.0,1,-0.047966301150619985
73,23,1000,4,4.84,1,-0.04796644881740213
73,24,1000,3,5.71,3,-0.047967267069965604
73,25,1000,3,6.7,7,-0.047968432746827605
73,26,163,4,10.06,1,-0.047968737689629656
73,27,167,5,10.23,1,-0.04796559187377284
73,28,188,4,10.01,14,-0.047964385413426035
73,29,1000,4,6.04,2,-0.047962759748101234
73,30,1000,3,5.53,4,-0.04796053744852543
73,31,1000,1,2.54,1,-0.04795876890420914
73,32,1000,1,2.57,1,-0.047960247844457626
74,1,1000,3,4.22,3,0.07813224620372057
74,2,1000,3,4.19,3,0.07813223274797201
74,3,1000,3,3.09,2,0.07813217939436436
74,4,1000,2,3.04,2,0.07813226254284382
74,5,1000,1,2.62,3,0.0781326111406088
74,6,1000,2,3.05,2,0.07813294357806444
74,7,1000,1,2.59,2,0.0781327915340662
74,8,1000,2,2.73,1,0.078132728099823
74,9,1000,2,2.74,1,0.07813364098221064
74,10,1000,2,2.91,1,0.07813351121544838
74,11,1000,2,2.67,1,0.07813295151293277
74,12,1000,2,2.85,1,0.07813246800005436
74,13,1000,2,2.56,1,0.07813240587711334
74,14,1000,1,2.63,3,0.0781326096355915
74,15,1000,2,3.35,4,0.07813293790072202
74,16,1000,1,2.71,4,0.07813403889536857
74,17,1000,1,2.62,3,0.0781340340450406
74,18,1000,3,5.69,3,0.0781343690007925
74,19,1000,3,4.29,3,0.07813436982035638
74,20,1000,2,2.97,2,0.07813415183126926
74,21,1000,1,2.62,3,0.07813540383428336
74,22,1000,2,2.67,1,0.07813568419218063
74,23,1000,2,3.03,3,0.07813786942511797
74,24,1000,3,3.11,1,0.07813654179871082
74,25,1000,3,3.35,3,0.07813737776875496
74,26,1000,1,2.55,2,0.07813865476101636
74,27,1000,1,2.58,2,0.07813878158479928
74,28,1000,1,2.62,3,0.07813840096443891
74,29,1000,4,4.66,3,0.07813873291760683
74,30,1000,2,2.66,1,0.07813708111643791
74,31,1000,2,2.8,2,0.07813840506970883
74,32,1000,1,2.65,3,0.07813904531300069
75,1,1000,3,4.29,3,0.018229033570736648
75,2,1000,3,4.73,3,0.01823012063652277
75,3,1000,3,4.74,3,0.018231322038918734
75,4,1000,3,5.57,5,0.018231932636350392
75,5,1000,3,3.41,3,0.01823270268365741
75,6,1000,3,4.87,3,0.0182325176037848
75,7,1000,3,3.68,2,0.018233329452574252
75,8,1000,3,5.41,2,0.018233786951750517
75,9,1000,3,3.68,1,0.018234850097447634
75,10,1000,3,6.44,3,0.01823436947911978
75,11,1000,2,3.65,5,0.01823394702374935
75,12,1000,3,4.0,1,0.01823364407941699
75,13,1000,3,3.12,3,0.018234410025179386
75,14,1000,1,2.58,2,0.018235570535063743
76,1,1000,3,4.32,3,-0.1065227530747652
76,2,1000,3,4.69,3,-0.1065207738801837
76,3,1000,4,5.87,3,-0.1065194014981389
76,4,1000,3,4.52,3,-0.10651777786761522
76,5,1000,3,5.46,5,-0.1065177244246006
76,6,1000,3,5.08,4,-0.10651670262217522
76,7,1000,3,4.01,3,-0.10651541052013636
76,8,1000,3,3.05,3,-0.10651389050483703
76,9,1000,2,3.47,3,-0.10651313384622335
76,10,181,5,10.02,3,-0.10651229083208748
76,11,1000,4,6.81,1,-0.1065111458748579
76,12,181,5,10.04,4,-0.1065102185004324
76,13,299,5,10.07,2,-0.10650853725480396
76,14,1000,2,3.24,2,-0.10650794364511967
76,15,1000,2,3.28,2,-0.10650683502852917
76,16,154,3,10.01,7,-0.10650519552555951
76,17,167,3,10.02,7,-0.10650362466980597
76,18,1000,4,8.93,7,-0.10650280889123678
76,19,209,4,10.0,3,-0.1065025236190221
76,20,1000,3,9.69,4,-0.10650141530483961
76,21,192,4,10.02,11,-0.1065001863365372
76,22,175,3,10.02,8,-0.10649812779256276
76,23,177,4,10.02,3,-0.10649704672185714
76,24,163,3,10.0,7,-0.10649602572245101
76,25,185,5,10.01,3,-0.10649552296947788
76,26,161,4,10.01,2,-0.10649458994591458
76,27,186,5,10.04,3,-0.10649322786478586
76,28,1000,3,4.97,5,-0.10649121256917715
76,29,1000,3,7.88,5,-0.10649008879810572
76,30,195,4,10.0,7,-0.10648961628858859
76,31,717,4,10.0,3,-0.10648817827761423
76,32,1000,4,5.41,3,-0.10648621888458729
76,33,1000,5,7.84,3,-0.10648463589698076
76,34,1000,5,7.58,1,-0.10648240868747234
76,35,474,5,10.05,3,-0.10648159266209803
76,36,189,3,10.03,7,-0.10648003662074054
76,37,158,4,10.03,5,-0.10647776553147956
76,38,1000,4,2.97,3,-0.10647673964500427
76,39,1000,3,5.62,5,-0.10647411354631185
76,40,1000,1,2.5,1,-0.10647352039813995
77,1,1000,3,4.34,3,-0.05496933414041996
77,2,1000,3,3.29,2,-0.05496987634152174
77,3,1000,2,2.87,2,-0.0549700413569808
77,4,1000,3,3.5,1,-0.05497034978494048
77,5,1000,1,2.64,3,-0.05497001694515347
77,6,1000,2,3.23,2,-0.05497043515741825
77,7,1000,2,3.05,3,-0.054970775950700046
77,8,1000,2,2.77,2,-0.054970439195632936
77,9,1000,3,4.13,5,-0.05497096500173211
77,10,1000,2,3.02,4,-0.054971357338130473
77,11,1000,3,3.47,3,-0.054971736803650854
77,12,1000,1,2.65,3,-0.054971552420407535
77,13,1000,1,2.73,4,-0.05497090576216578
77,14,1000,2,3.42,4,-0.05497139159590006
77,15,1000,2,3.52,4,-0.054971630752086637
77,16,1000,3,6.97,4,-0.05497155676037073
77,17,1000,3,6.87,5,-0.054970705550163985
77,18,1000,2,3.54,4,-0.05497043550014496
77,19,1000,2,3.84,5,-0.05497072866931558
77,20,1000,3,3.17,1,-0.05497008699178696
77,21,1000,3,4.24,2,-0.05496898394078016
77,22,226,5,10.01,4,-0.05496993441695133
77,23,1000,6,9.36,1,-0.05497079682350159
77,24,1000,4,3.42,2,-0.054970334205776454
77,25,1000,2,3.06,2,-0.05496986091136932
77,26,1000,1,2.85,6,-0.05497086464613676
77,27,1000,3,3.6,3,-0.05497102819383144
77,28,1000,1,2.59,2,-0.05497008845210075
77,29,1000,2,3.66,5,-0.054969798173755406
77,30,1000,2,3.39,3,-0.0549700518026948
77,31,190,5,10.06,1,-0.05496935811089842
77,32,1000,3,5.75,6,-0.05497024504840374
77,33,1000,5,6.14,2,-0.054969847295433284
77,34,175,6,10.02,4,-0.05496901837842805
77,35,1000,2,3.32,3,-0.054968423552811146
77,36,1000,3,6.69,3,-0.054968424908816815
77,37,1000,4,8.0,3,-0.05496861098334193
77,38,1000,3,6.79,3,-0.05496811583638191
77,39,178,4,10.06,10,-0.054967593778385206
77,40,156,4,10.01,4,-0.05496711620631126
77,41,1000,3,7.53,5,-0.05496606253087521
77,42,1000,4,6.9,3,-0.054966605883091685
77,43,157,3,10.05,13,-0.05496663462584186
77,44,157,4,10.0,3,-0.05496633529757998
77,45,164,4,10.05,3,-0.054965628424613944
78,1,1000,3,4.46,3,-0.05643937963247299
78,2,1000,3,4.23,3,-0.05644104543328285
78,3,1000,3,4.67,3,-0.05644322426244616
78,4,1000,3,4.17,2,-0.05644547129422426
78,5,1000,3,3.88,2,-0.056446718830615285
78,6,1000,3,4.34,2,-0.05644806569442153
78,7,1000,3,5.62,5,-0.05644779421389103
78,8,1000,3,8.76,10,-0.05644875070080161
78,9,1000,3,4.32,3,-0.05644918437674642
78,10,1000,3,5.54,5,-0.056450332581996915
78,11,1000,3,3.72,2,-0.05645111620798707
78,12,1000,3,3.73,2,-0.05645195980742574
78,13,1000,3,6.41,4,-0.05645223272964359
78,14,1000,3,5.69,4,-0.05645302296057343
78,15,1000,3,3.89,2,-0.056453691467642786
78,16,1000,3,9.06,11,-0.056454425413161514
78,17,1000,3,4.81,3,-0.056454674039036035
78,18,1000,3,4.48,3,-0.05645525492355227
78,19,1000,3,8.01,9,-0.056455551486462356
78,20,1000,3,4.29,3,-0.05645652107894421
78,21,1000,3,3.23,1,-0.05645652908831835
78,22,1000,3,3.29,1,-0.0564574484154582
78,23,1000,2,3.49,3,-0.056458346121013164
78,24,1000,2,3.17,2,-0.05645808003097773
78,25,1000,3,4.32,2,-0.056457870967686175
78,26,1000,2,8.12,15,-0.05645897564291954
78,27,1000,2,2.77,1,-0.056459290739148855
78,28,1000,2,2.87,3,-0.05646062783151865
78,29,1000,2,3.0,3,-0.05646181423217058
78,30,1000,2,5.74,3,-0.056460788648575545
78,31,1000,2,6.33,4,-0.05646092903986573
78,32,1000,2,3.62,2,-0.056456376891583206
78,33,1000,0,2.47,0,-0.05645523592829704
78,34,1000,1,2.7,4,-0.0564560774192214
78,35,1000,1,2.7,4,-0.0564569971896708
78,36,1000,1,2.92,7,-0.05645696079730988
78,37,1000,2,2.85,2,-0.056457338228821756
78,38,1000,1,2.54,2,-0.05645737345516682
78,39,1000,1,2.67,4,-0.05645733694732189
78,40,1000,2,3.74,4,-0.056458159271627666
78,41,1000,2,2.76,2,-0.05645866668224335
78,42,1000,1,2.58,2,-0.056459293011575935
79,1,1000,3,4.24,3,-0.05499024818092585
79,2,1000,3,3.05,2,-0.0549909627251327
79,3,1000,3,3.48,2,-0.05499134951457381
79,4,1000,1,2.7,5,-0.05499185994267464
79,5,1000,1,2.55,2,-0.05499204004183412
79,6,1000,1,2.68,5,-0.05499209767952561
79,7,1000,2,2.94,3,-0.05499239560961723
79,8,1000,1,2.64,4,-0.05499276230111718
79,9,1000,1,2.57,2,-0.05499299445003271
79,10,1000,2,3.32,3,-0.05499296222254634
79,11,1000,2,3.39,4,-0.05499380642920732
79,12,1000,2,2.79,2,-0.054994330182671546
79,13,1000,2,3.36,3,-0.05499479668587446
79,14,1000,2,3.42,4,-0.05499532582983375
79,15,1000,1,2.53,2,-0.054996304094791414
79,16,1000,1,2.63,4,-0.054996373988687994
79,17,1000,3,7.08,5,-0.054996064323931934
79,18,1000,3,3.41,2,-0.054996126379817725
79,19,1000,1,2.58,2,-0.05499686173349619
79,20,1000,3,2.79,3,-0.054997451916337016
79,21,1000,2,2.78,3,-0.05499785640463233
80,1,1000,3,4.28,3,-0.1045524106323719
80,2,1000,3,3.75,3,-0.10455286816507578
80,3,1000,4,5.9,4,-0.10455336338281632
80,4,823,5,10.0,5,-0.10455387003294318
80,5,1000,4,5.89,3,-0.10455432560294867
80,6,1000,2,3.17,3,-0.10455461769551039
80,7,1000,4,6.95,7,-0.10455456049740315
80,8,1000,3,7.51,5,-0.10455475130677223
80,9,1000,3,5.39,3,-0.1045551366135478
80,10,1000,3,4.14,2,-0.1045557203963399
80,11,167,3,10.05,14,-0.10455605744601723
80,12,1000,3,7.27,3,-0.1045560144931078
80,13,1000,3,5.66,4,-0.104555819042027
80,14,1000,3,5.99,3,-0.10455460359901189
80,15,1000,3,5.5,3,-0.10455530951917172
80,16,1000,2,3.07,2,-0.1045563684925437
80,17,1000,3,8.92,4,-0.10455634523928166
80,18,1000,3,6.88,8,-0.10455635652691125
80,19,337,4,10.0,7,-0.10455534609382867
80,20,1000,5,9.36,3,-0.10455569285154342
80,21,1000,4,6.28,4,-0.10455616226047278
80,22,1000,4,6.23,5,-0.10455627503246069
80,23,1000,3,4.01,3,-0.10455579976737499
80,24,1000,2,4.41,11,-0.10455629740655423
80,25,1000,3,6.75,10,-0.10455653648078442
80,26,1000,3,3.74,3,-0.10455701614916324
80,27,1000,4,7.36,4,-0.10455551238358021
80,28,1000,1,2.46,1,-0.10455404967069626
80,29,1000,1,2.48,1,-0.10455422848463058
80,30,1000,4,3.5,3,-0.10455460271984339
80,31,1000,1,2.52,1,-0.10455445945262909
80,32,1000,1,2.61,3,-0.10455454839766025
80,33,1000,3,5.29,4,-0.10455489620566367
80,34,1000,1,2.59,2,-0.10455347502231598
81,1,1000,3,4.24,3,-0.12986419127881527
81,2,1000,3,4.27,3,-0.12986336363852025
81,3,1000,3,3.31,3,-0.12986277379095554
81,4,1000,2,2.76,2,-0.12986198690533637
81,5,1000,2,2.87,2,-0.1298624750971794
81,6,1000,1,2.65,4,-0.1298616940975189
81,7,1000,2,3.35,5,-0.12986066868901253
81,8,1000,2,2.98,3,-0.12985914301872253
81,9,1000,2,3.35,3,-0.12985823060572146
81,10,1000,2,3.62,4,-0.1298583378046751
81,11,1000,3,4.32,2,-0.1298578237593174
81,12,196,5,10.05,3,-0.12985921232980124
81,13,226,5,10.04,3,-0.12985833074930495
81,14,1000,4,3.13,1,-0.1298586308658123
81,15,1000,3,5.35,6,-0.12985796049237253
81,16,1000,2,2.87,3,-0.1298569357395172
81,17,1000,4,3.62,2,-0.12985754470527172
81,18,1000,3,4.66,6,-0.1298578774034977
81,19,1000,3,5.11,2,-0.12985676999390125
81,20,1000,2,2.6,1,-0.12985526025295258
81,21,1000,2,2.8,2,-0.12985455532371998
81,22,1000,1,2.64,3,-0.12985442212224008
81,23,1000,1,2.66,4,-0.12985394257307054
81,24,1000,1,2.52,2,-0.1298540716320276
81,25,1000,1,2.68,4,-0.12985132575035097
81,26,1000,3,3.16,3,-0.1298518363982439
81,27,1000,1,2.64,3,-0.12985120415687562
81,28,1000,1,2.66,4,-0.12985039407014848
81,29,1000,3,3.45,3,-0.1298500770330429
81,30,1000,4,6.29,3,-0.12984878700971603
81,31,1000,3,4.46,3,-0.12984875704348087
81,32,1000,2,3.04,2,-0.1298470958918333
81,33,1000,2,3.17,4,-0.12984586068987847
81,34,1000,3,3.71,3,-0.12984422908723353
81,35,1000,3,3.72,3,-0.12984125800430774
81,36,1000,3,3.26,3,-0.12983778335154056
81,37,1000,4,3.14,3,-0.1298375640362501
81,38,1000,4,3.68,2,-0.12983718292415142
81,39,1000,4,3.31,1,-0.12983591249585152
82,1,1000,3,4.29,3,-0.009929616369307042
82,2,1000,3,4.13,3,-0.009931488681584597
82,3,1000,4,4.65,2,-0.009932977062650025
82,4,1000,3,2.75,1,-0.009933841542340815
82,5,1000,3,2.79,1,-0.009933905210345984
82,6,1000,3,3.05,1,-0.009933283117599785
82,7,1000,3,3.31,2,-0.009934558385051787
82,8,1000,2,2.97,4,-0.009934239454567433
82,9,1000,2,3.54,9,-0.009934360089711845
82,10,311,5,10.01,4,-0.00993541855113491
82,11,240,5,10.02,3,-0.009935305244289339
82,12,190,5,10.01,4,-0.009936331281144368
82,13,169,3,10.0,7,-0.009936246839103966
82,14,195,5,10.06,3,-0.00993578230532316
82,15,1000,3,3.29,2,-0.009935364350676537
82,16,174,4,10.05,2,-0.009934021759478525
82,17,194,4,10.0,7,-0.009933623835713286
82,18,226,6,10.06,5,-0.009934354062497089
82,19,1000,3,7.1,4,-0.009932548433542252
82,20,1000,2,6.01,7,-0.009932721798308194
82,21,186,5,10.01,2,-0.00993142021138982
82,22,193,5,10.05,3,-0.00993232025615292
82,23,1000,4,4.28,1,-0.009932136847637593
82,24,1000,2,2.83,1,-0.009931503760628402
82,25,886,3,10.0,6,-0.009930444215939424
82,26,1000,3,6.41,3,-0.009931625504046679
82,27,1000,1,2.63,3,-0.009931957663968205
83,1,1000,3,4.29,3,-0.04448168145492673
83,2,1000,3,4.81,3,-0.044482903376221655
83,3,1000,3,5.3,3,-0.0444837890304625
83,4,1000,3,5.82,3,-0.044483596995472906
83,5,1000,3,5.57,3,-0.04448503783345222
83,6,1000,3,4.58,2,-0.044485251061618325
83,7,1000,3,3.53,1,-0.04448707165569067
83,8,1000,3,3.66,1,-0.04448959146440029
83,9,1000,3,5.13,2,-0.04448975548893213
83,10,178,3,10.04,11,-0.044490063249060276
83,11,1000,4,5.83,3,-0.044491866677999495
83,12,1000,4,4.49,3,-0.04449275510758161
83,13,194,5,10.01,3,-0.04449501063329043
83,14,200,5,10.0,10,-0.04449567701667547
83,15,625,5,10.0,1,-0.044494979560375215
83,16,169,4,10.05,1,-0.04449583365190664
83,17,170,4,10.02,1,-0.044494327245389716
83,18,1000,3,3.95,3,-0.04449332474172115
83,19,164,3,10.03,3,-0.04449300842768535
83,20,1000,4,9.25,21,-0.04449393437802791
83,21,173,4,10.04,11,-0.04449519715298807
83,22,769,4,10.0,4,-0.04449030220198538
83,23,163,3,10.04,12,-0.04449059496536577
83,24,172,5,10.05,3,-0.044488701774457164
83,25,1000,5,4.77,2,-0.044492126908153296
83,26,1000,5,5.72,1,-0.044491650991141794
83,27,1000,4,6.6,3,-0.0444966868981719
83,28,1000,4,4.38,1,-0.04451077297702432
83,29,1000,4,6.17,2,-0.04451103664934635
83,30,1000,4,7.97,2,-0.044512538135051724
83,31,150,3,10.03,8,-0.044511586899558704
83,32,159,4,10.06,6,-0.04450918239711216
83,33,159,4,10.01,2,-0.04451219140077537
83,34,168,4,10.01,8,-0.04451135000480073
83,35,202,4,10.05,8,-0.04451408690892824
83,36,184,4,10.01,13,-0.04451367184114845
83,37,1000,4,6.06,1,-0.04451087428629398
83,38,169,4,10.05,2,-0.04451064018190965
83,39,1000,3,6.72,3,-0.04450835416465998
83,40,153,3,10.05,7,-0.044506061189120115
83,41,163,5,10.04,1,-0.04450043869073406
83,42,148,3,10.06,3,-0.04450198376198878
83,43,163,5,10.03,3,-0.044503075144956446
83,44,162,4,10.02,5,-0.044505736204209154
83,45,161,4,10.05,4,-0.04451495036482811
83,46,157,4,10.05,2,-0.04451762282164993
83,47,145,4,10.02,3,-0.04451608727204388
83,48,177,4,10.03,11,-0.0445184076657403
83,49,146,3,10.01,14,-0.0445201368874883
83,50,145,3,10.03,8,-0.04452110426179294
83,51,1000,3,8.28,3,-0.044516140460968016
84,1,1000,3,4.29,3,0.02339262029528618
84,2,1000,3,3.28,2,0.023393405053764582
84,3,1000,3,3.39,3,0.023393729217350483
84,4,1000,2,3.05,5,0.02339407018572092
84,5,1000,3,3.09,2,0.02339478215202689
84,6,1000,2,3.0,5,0.02339531098678708
84,7,1000,3,3.73,3,0.023394776374101638
84,8,1000,3,3.04,2,0.023395486701279878
84,9,1000,2,2.67,2,0.02339556685090065
84,10,1000,3,3.2,2,0.023396500524133442
84,11,1000,2,2.91,4,0.02339697527140379
84,12,1000,3,3.71,3,0.023397949393838643
84,13,1000,2,3.05,5,0.023397498790174723
84,14,1000,2,2.7,2,0.02339727855473757
84,15,1000,3,3.8,2,0.023397799398750068
84,16,1000,3,3.79,3,0.023399070478975773
84,17,1000,2,2.65,2,0.023398350402712823
84,18,1000,2,2.92,4,0.0233986190892756
84,19,1000,3,2.78,1,0.02339694483578205
84,20,1000,2,2.65,1,0.023398116931319237
84,21,1000,1,2.49,1,0.0233969297260046
84,22,1000,2,2.56,1,0.02339567244052887
84,23,1000,2,2.61,2,0.023394652735441925
84,24,1000,2,2.54,1,0.02339337393641472
85,1,1000,3,4.27,3,0.002616583436727524
85,2,1000,3,3.93,3,0.0026165980100631716
85,3,1000,3,4.74,3,0.0026163495127111674
85,4,1000,3,4.86,3,0.0026159679964184762
85,5,1000,3,7.12,3,0.0026160287000238894
85,6,1000,3,4.31,1,0.0026158793997019527
85,7,1000,3,4.2,1,0.0026149837877601383
85,8,1000,3,5.96,2,0.0026153264008462428
85,9,1000,3,9.07,6,0.0026152488850057125
85,10,1000,3,5.62,3,0.002614547399803996
85,11,1000,3,6.35,3,0.0026145778857171536
85,12,1000,3,7.93,3,0.0026141091585159303
85,13,1000,3,6.39,2,0.0026135251708328724
85,14,1000,3,6.65,2,0.002612873658537865
85,15,1000,3,6.96,2,0.0026117948736064135
85,16,1000,3,6.93,2,0.002610666070133448
85,17,1000,2,4.61,7,0.0026094802860170603
85,18,1000,2,3.4,3,0.0026082907132804396
85,19,1000,3,6.51,7,0.002607368063181639
85,20,248,3,10.01,5,0.002606659661978483
85,21,185,3,10.03,6,0.0026059199816773873
85,22,1000,3,5.45,3,0.002605257170274854
85,23,1000,2,3.4,3,0.0026049801446497442
85,24,687,3,10.0,7,0.0026048049822129755
85,25,1000,2,3.68,4,0.0026044875867664813
85,26,1000,2,2.84,2,0.002604820128530264
86,1,1000,3,4.24,3,-0.03943779790401459
86,2,1000,3,3.97,2,-0.03943793885782361
86,3,1000,4,4.17,3,-0.03943830277770757
86,4,1000,2,2.76,2,-0.039439777866005894
86,5,1000,2,2.81,2,-0.039439975161105395
86,6,1000,1,2.58,3,-0.03944004607200623
86,7,1000,1,2.57,2,-0.03944152199476957
86,8,1000,1,2.53,2,-0.039442545231431723
86,9,1000,1,2.78,6,-0.039442081872373816
86,10,1000,3,4.46,4,-0.039441219579428435
86,11,1000,3,3.77,3,-0.03944149900227785
86,12,1000,1,2.56,2,-0.03944210611283779
86,13,1000,2,3.0,4,-0.039442843198776244
86,14,1000,1,2.64,3,-0.03944285070896149
86,15,1000,2,2.96,2,-0.039442845795303584
86,16,1000,1,2.58,2,-0.03944346343353391
86,17,1000,2,2.85,2,-0.03944502093270421
86,18,1000,2,2.92,2,-0.03944584684073925
86,19,1000,2,3.65,3,-0.039445771753787995
86,20,1000,2,3.22,4,-0.03944621973112226
86,21,180,5,10.05,4,-0.039446631343000464
86,22,181,4,10.04,7,-0.03944682813563399
86,23,1000,5,5.69,2,-0.03944724176824093
86,24,1000,5,7.06,2,-0.03944907922670245
86,25,1000,2,3.77,5,-0.03945027501136065
86,26,1000,2,5.12,7,-0.03945061496272683
86,27,209,6,10.04,2,-0.03945155013976485
86,28,173,4,10.03,6,-0.03945267947681377
86,29,190,5,10.01,3,-0.039454060675282225
86,30,1000,5,6.89,3,-0.039455561630427835
86,31,1000,4,8.11,10,-0.039453365229070184
86,32,1000,4,5.28,2,-0.0394540743380785
86,33,270,5,10.03,3,-0.039453554746729354
86,34,166,5,10.05,5,-0.03945370651332729
86,35,251,5,10.05,2,-0.039454346604318735
86,36,1000,5,7.54,2,-0.039454719092696905
86,37,1000,3,4.12,2,-0.0394558602757752
86,38,270,5,10.04,3,-0.03945516692819419
86,39,276,4,10.0,3,-0.03945596879213185
86,40,163,4,10.04,3,-0.03945704645540085
86,41,327,4,10.03,5,-0.039457030001948
86,42,1000,2,3.85,2,-0.03945870127156377
86,43,158,3,10.01,11,-0.039458006620407104
86,44,1000,4,4.87,3,-0.03945790478959679
86,45,1000,3,4.1,5,-0.03946016143634915
86,46,1000,3,3.75,2,-0.03946265923976898
86,47,1000,3,3.78,3,-0.039464780360460285
87,1,1000,3,4.26,3,0.030984173661097885
87,2,1000,3,3.73,3,0.030984545612707734
87,3,1000,2,2.79,2,0.030984351344406604
87,4,1000,2,2.65,1,0.03098423773609102
87,5,1000,3,2.91,2,0.03098431564308703
87,6,1000,2,3.14,2,0.030984467782080173
87,7,1000,2,2.99,2,0.03098470262810588
87,8,1000,2,2.63,1,0.03098487445153296
87,9,1000,2,3.17,4,0.03098456154577434
87,10,1000,2,2.83,3,0.030983410552144052
87,11,1000,2,3.49,4,0.03098338272422552
87,12,1000,2,2.91,4,0.030981807217001917
87,13,1000,1,2.53,2,0.030982077902182936
87,14,1000,1,2.61,3,0.030981610203161834
87,15,1000,1,2.54,2,0.030981015171855687
87,16,1000,1,2.72,5,0.03098166983015835
87,17,1000,3,4.34,3,0.03098216999694705
87,18,1000,4,3.49,3,0.0309817624501884
87,19,1000,1,2.53,2,0.030982481719926
87,20,1000,3,2.79,2,0.030981565054506062
87,21,1000,3,3.53,2,0.03097990184277296
87,22,1000,3,3.17,1,0.03097898030281067
87,23,1000,3,2.89,1,0.03097878505848348
87,24,1000,2,2.73,1,0.030979558311402797
87,25,1000,2,3.07,4,0.030980252211913466
87,26,1000,3,4.67,4,0.030980073085054755
87,27,1000,3,2.78,1,0.030978289728984237
87,28,1000,3,2.94,1,0.030978357108309866
87,29,1000,3,2.68,1,0.03097759559750557
87,30,1000,1,2.49,1,0.0309770368039608
88,1,1000,3,4.28,3,0.027901903443038462
88,2,1000,3,4.01,3,0.02790200635045767
88,3,1000,3,4.91,3,0.02790217262506485
88,4,1000,3,4.04,2,0.0279025739710778
88,5,1000,3,4.5,2,0.027902887292206288
88,6,1000,3,5.0,2,0.02790368106216192
88,7,1000,3,5.41,2,0.02790389442630112
88,8,293,4,10.04,6,0.02790465828272873
88,9,1000,3,6.42,3,0.02790550856664777
88,10,1000,3,7.86,4,0.027906778352335095
88,11,1000,3,5.38,2,0.027907465305179357
88,12,1000,3,5.1,2,0.02790788930281997
88,13,1000,3,8.1,5,0.0279069699998945
88,14,198,3,10.04,10,0.02790700181415587
88,15,1000,3,7.67,4,0.027908164154738187
88,16,1000,3,7.64,4,0.027909479165449738
88,17,592,3,10.0,8,0.027909938274328975
88,18,1000,3,10.0,7,0.027911229874938725
88,19,1000,3,5.34,2,0.027911461351439355
88,20,1000,3,6.67,4,0.02791276377439499
88,21,1000,3,4.61,2,0.02791356593556702
88,22,1000,3,5.11,2,0.027913978153839707
88,23,192,3,10.0,10,0.027914411960712943
88,24,1000,3,7.72,5,0.027915236672386528
88,25,1000,3,5.12,2,0.027915831403806806
88,26,1000,3,4.63,2,0.027916463132947683
88,27,1000,2,3.5,4,0.027917603624984622
88,28,1000,2,3.48,4,0.027918759040534497
88,29,1000,4,8.02,5,0.027919251905754207
88,30,1000,4,6.41,2,0.0279188125487417
88,31,1000,4,6.31,2,0.027919536365196108
88,32,1000,3,4.39,5,0.027920669466257094
88,33,1000,3,5.77,9,0.027920493640005588
88,34,1000,3,6.17,6,0.0279208422601223
88,35,162,4,10.05,3,0.02792196579415489
88,36,211,5,10.04,4,0.027923771467112817
88,37,181,4,10.05,8,0.027914024673361147
88,38,189,4,10.06,10,0.027916449146769034
88,39,170,4,10.04,4,0.027916796406840576
88,40,1000,4,5.56,3,0.027915495987981556
88,41,1000,5,6.42,3,0.027919673074036838
88,42,1000,4,9.02,1,0.027918613601475954
88,43,1000,4,5.9,2,0.027918018110096456
88,44,1000,4,5.23,1,0.027915789464488625
88,45,1000,3,5.14,7,0.027915024627000094
88,46,155,5,10.06,3,0.027913068331057025
88,47,157,5,10.04,3,0.027907404514729596
88,48,168,4,10.03,3,0.027906623635707156
88,49,167,5,10.03,3,0.02790829024004365
88,50,194,6,10.05,7,0.02790775752059885
88,51,173,5,10.03,1,0.027912134907579836
88,52,1000,4,8.36,3,0.027905840165913104
88,53,365,4,10.01,4,0.02791011466657462
88,54,1000,3,6.53,2,0.027911629110574723
88,55,1000,3,5.71,2,0.027913886291906238
88,56,1000,3,5.62,2,0.027916096683591605
88,57,327,4,10.03,3,0.027920462430343716
88,58,1000,2,3.85,5,0.027922579078003763
88,59,1000,3,3.92,1,0.0279238870292902
88,60,1000,3,3.89,1,0.027926243150606753
88,61,1000,3,3.91,1,0.02792893916554749
88,62,1000,3,3.85,1,0.027932825492694973
88,63,1000,3,3.87,1,0.027936129797250034
88,64,1000,3,3.88,1,0.027939419290050865
88,65,1000,3,3.94,1,0.027943417306989432
88,66,1000,3,3.94,1,0.02794626873731613
88,67,1000,3,3.96,1,0.02795146440900862
88,68,1000,3,3.89,1,0.02795550588145852
88,69,1000,3,3.95,1,0.027959651658311487
88,70,1000,3,3.93,1,0.027963762322440744
88,71,1000,3,3.86,1,0.02796740112453699
88,72,1000,3,3.83,1,0.027970528040081263
88,73,1000,3,3.89,1,0.02797414282336831
88,74,1000,3,3.86,1,0.0279767167493701
88,75,1000,3,3.87,1,0.02798014123737812
88,76,1000,3,3.92,1,0.027983839333057405
88,77,1000,3,3.92,1,0.02798654324375093
88,78,1000,3,3.86,1,0.027991143446415664
88,79,1000,3,3.92,1,0.02799461374990642
88,80,1000,3,3.77,1,0.02799773921445012
88,81,1000,3,3.76,1,0.028001243835315107
88,82,1000,3,3.75,1,0.028005261979997156
88,83,1000,3,3.78,1,0.0280086864978075
88,84,1000,3,3.78,1,0.028012403093278408
88,85,1000,3,3.74,1,0.028015782499685882
88,86,1000,3,3.78,1,0.028020259082317353
88,87,1000,3,3.76,1,0.028024999851360918
88,88,1000,3,3.79,1,0.02802898865006864
88,89,1000,3,3.81,1,0.028034134106710552
88,90,1000,3,3.85,1,0.02803835257142782
88,91,1000,3,3.8,1,0.02804256677813828
88,92,1000,3,3.81,1,0.028046395283192395
88,93,1000,3,3.74,1,0.02805061415024102
88,94,1000,3,3.82,1,0.028055304130539298
88,95,1000,3,3.84,1,0.028059972766786814
88,96,1000,3,3.81,1,0.028064609803259373
88,97,1000,3,3.81,1,0.028069411450996996
88,98,1000,3,3.8,1,0.028073966175317763
88,99,1000,3,3.85,1,0.028078094335272908
88,100,1000,3,3.81,1,0.028082980094477534
88,101,1000,3,3.8,1,0.028087910292670132
88,102,1000,3,3.8,1,0.02809281382150948
88,103,1000,3,3.8,1,0.028096907395869494
88,104,1000,3,3.78,1,0.028101244924589992
88,105,1000,3,3.84,1,0.028105594094842673
88,106,1000,3,3.8,1,0.028110469546169043
88,107,1000,3,3.79,1,0.028114918557927013
88,108,1000,3,3.8,1,0.02812001631781459
88,109,1000,3,3.81,1,0.028125289753079416
88,110,1000,3,3.83,1,0.02813033365085721
88,111,1000,3,3.87,1,0.02813554680161178
88,112,1000,3,3.82,1,0.02814065065793693
88,113,1000,3,3.83,1,0.028145997535437346
88,114,1000,3,3.91,1,0.028150741647928954
88,115,1000,3,3.92,1,0.028154785238206387
88,116,1000,3,3.83,1,0.028160357447341085
88,117,1000,3,3.79,1,0.02816609149798751
88,118,1000,3,3.86,1,0.028171003403142096
88,119,1000,3,3.78,1,0.028176076041534544
88,120,1000,3,3.76,1,0.028181063311174512
88,121,1000,3,3.77,1,0.02818651068583131
88,122,1000,3,3.76,1,0.028191465651616454
88,123,1000,3,3.85,1,0.028196629093959927
88,124,1000,3,3.77,1,0.02820146680995822
88,125,1000,3,3.78,1,0.028207126075401903
88,126,1000,3,3.78,1,0.02821176555752754
88,127,1000,3,3.74,1,0.02821701053902507
88,128,1000,3,3.77,1,0.028222430331632496
88,129,1000,3,3.75,1,0.028227346954867245
88,130,1000,3,3.74,1,0.028232632635161282
88,131,1000,3,3.82,1,0.028237904911860824
88,132,1000,3,3.75,1,0.028242680029943585
88,133,1000,3,3.76,1,0.028247182175517083
88,134,1000,3,3.78,1,0.028253289505839347
88,135,1000,3,3.75,1,0.028258161120116712
88,136,1000,3,3.76,1,0.028262397330254315
88,137,1000,3,3.77,1,0.028267884582281112
88,138,1000,3,3.79,1,0.028273032493889332
88,139,1000,3,3.78,1,0.028277875578030943
88,140,1000,3,3.73,1,0.02828304503671825
88,141,1000,3,3.73,1,0.028288930255919695
88,142,1000,3,3.74,1,0.02829513586126268
88,143,1000,3,3.76,1,0.02830142493546009
88,144,1000,3,3.76,1,0.02830595089495182
88,145,1000,3,3.75,1,0.028311336213722824
88,146,1000,3,3.84,1,0.028316941304132343
88,147,1000,3,3.81,1,0.028322564074769616
88,148,1000,3,3.75,1,0.028328933650627733
88,149,1000,3,3.78,1,0.02833461982756853
88,150,1000,3,3.79,1,0.028339550541713835
88,151,1000,3,3.76,1,0.028345192151144148
88,152,1000,3,3.76,1,0.028351722354069353
88,153,1000,3,3.81,1,0.028356047462671997
88,154,1000,3,3.81,1,0.028361544927582145
88,155,1000,3,3.81,1,0.028366446990519763
88,156,1000,3,3.81,1,0.028371546026319264
88,157,1000,3,3.77,1,0.028377204798161984
88,158,1000,3,3.75,1,0.028382368335500358
88,159,1000,3,3.74,1,0.028388114757835866
88,160,1000,3,3.77,1,0.02839290271513164
88,161,1000,3,3.79,1,0.02839819934219122
88,162,1000,3,3.85,1,0.028404342550784348
88,163,1000,3,3.76,1,0.028410246025770903
88,164,1000,3,3.76,1,0.02841677199304104
88,165,1000,3,3.85,1,0.028423457209020852
88,166,1000,3,3.82,1,0.02842807383462787
88,167,1000,3,3.84,1,0.028434816628694536
88,168,1000,3,3.78,1,0.028439660154283047
88,169,1000,3,3.74,1,0.0284446911085397
88,170,1000,3,3.76,1,0.02845002758316696
88,171,1000,3,3.77,1,0.02845681826211512
88,172,1000,3,3.79,1,0.028461746232584118
88,173,1000,3,3.85,1,0.028467779576778412
88,174,1000,3,3.79,1,0.02847299843467772
88,175,1000,3,3.75,1,0.02847933477535844
88,176,1000,3,3.78,1,0.028485457686707377
88,177,1000,3,3.77,1,0.028491851875558496
88,178,1000,3,3.79,1,0.02849781274050474
88,179,1000,3,3.79,1,0.028502800030633806
88,180,1000,3,3.77,1,0.028508469747379424
88,181,1000,3,3.78,1,0.028514553759247066
88,182,1000,3,3.79,1,0.028519983045756817
88,183,1000,3,3.72,1,0.028525442745536565
88,184,1000,3,3.83,1,0.02853159842826426
88,185,1000,3,3.77,1,0.028536279466003178
88,186,1000,3,3.79,1,0.02854247745499015
88,187,1000,3,3.74,1,0.02854752249084413
88,188,1000,3,3.83,1,0.028552512928843497
88,189,1000,3,3.77,1,0.028558516593649982
88,190,1000,3,3.74,1,0.028564783476293088
88,191,1000,3,3.8,1,0.02857100255973637
88,192,1000,3,3.8,1,0.028576127702370287
88,193,1000,3,3.73,1,0.028581687638536097
88,194,1000,3,3.75,1,0.02858715619146824
88,195,1000,3,3.76,1,0.028592830758541823
88,196,1000,3,3.75,1,0.028598768034949897
88,197,1000,3,3.86,1,0.02860338205844164
88,198,1000,3,3.76,1,0.028609194761142133
88,199,1000,3,3.78,1,0.028612877044826745
88,200,1000,3,3.83,1,0.028618612507358192
89,1,1000,3,4.39,3,0.011365336894057691
89,2,1000,3,3.32,2,0.011365215445868672
89,3,1000,3,4.38,3,0.011365035064518452
89,4,1000,3,4.16,3,0.011365508237853646
89,5,1000,3,7.54,6,0.011365810878574849
89,6,1000,3,3.75,2,0.011365450596436857
89,7,1000,3,3.23,3,0.011365047041326761
89,8,1000,3,3.25,3,0.0113658595867455
89,9,1000,3,4.39,7,0.01136606364697218
89,10,1000,3,3.49,4,0.011366368733346462
89,11,1000,3,3.06,1,0.011366128500550986
89,12,1000,3,6.63,4,0.011366407297551631
89,13,1000,3,3.53,2,0.011366641856729984
89,14,1000,3,5.04,3,0.011366271115839481
89,15,1000,3,4.88,4,0.011367344096302986
89,16,1000,3,2.99,2,0.011368893105536699
89,17,1000,3,3.16,2,0.011369725566357375
89,18,1000,3,3.69,2,0.011371286443434655
89,19,1000,5,6.17,2,0.011370194939896465
89,20,1000,3,3.5,4,0.011370326142758132
89,21,1000,3,3.0,2,0.011374170988798142
89,22,1000,1,2.64,3,0.011374611109495163
89,23,1000,4,6.07,3,0.011375147499144077
89,24,1000,3,3.4,3,0.011376129034906625
89,25,1000,3,3.43,3,0.011376933868974447
89,26,1000,3,7.21,3,0.011377184439450502
89,27,1000,3,7.98,3,0.011379131477326155
89,28,1000,3,7.27,6,0.011375256553292275
89,29,1000,3,8.1,7,0.011372687499970198
89,30,1000,3,8.05,7,0.011372548653744161
89,31,1000,3,8.12,7,0.01137223343923688
89,32,1000,3,8.35,7,0.011371896389871836
89,33,1000,3,3.76,3,0.011374164981767534
89,34,1000,1,2.47,1,0.01137643787264824
89,35,1000,1,2.62,3,0.011370725016109645
89,36,1000,1,2.5,1,0.011377652175724506
90,1,1000,3,4.47,3,0.12392020459473133
90,2,1000,3,3.36,2,0.12392292991280555
90,3,1000,2,2.87,2,0.12392399015277625
90,4,1000,1,2.8,5,0.12392581241577863
90,5,1000,2,3.22,3,0.12392680767923593
90,6,1000,3,5.73,4,0.12392717645317317
90,7,1000,1,2.62,2,0.1239283261820674
90,8,1000,1,2.64,3,0.12392868688702584
90,9,1000,2,3.04,2,0.12392883884161711
90,10,1000,2,2.83,2,0.12392837595194578
90,11,1000,1,2.61,2,0.12393027660250663
90,12,1000,1,2.63,3,0.12393211399763823
90,13,1000,2,3.14,2,0.12393307732790708
90,14,1000,3,3.04,4,0.12393109835684299
90,15,1000,4,3.46,3,0.12393023174256086
90,16,1000,5,4.81,4,0.12392678001523018
90,17,1000,2,3.74,6,0.12392519447952509
90,18,1000,4,3.08,3,0.12392435741424561
90,19,1000,3,7.51,3,0.12392412150651216
90,20,1000,3,6.05,2,0.12392421951889991
90,21,1000,1,3.04,8,0.12392573948949576
90,22,1000,2,3.77,2,0.12392739558219909
90,23,1000,3,3.64,2,0.12392647666484118
90,24,1000,5,6.61,2,0.12392626876384019
90,25,1000,1,2.67,3,0.12392838812619447
90,26,1000,2,2.8,3,0.12392868765443564
90,27,1000,2,3.04,2,0.12392918812483548
90,28,1000,2,4.36,7,0.12392964033037424
90,29,1000,3,4.15,2,0.12392805724591016
90,30,1000,3,4.27,4,0.123928759470582
90,31,1000,3,3.21,2,0.12392851932346821
90,32,1000,3,6.48,5,0.1239289898648858
90,33,237,5,10.04,3,0.12392983312093758
90,34,1000,4,4.73,2,0.12392946119606495
90,35,1000,3,3.84,3,0.12392948476225138
90,36,410,5,10.0,4,0.12392863316870317
90,37,1000,5,8.93,2,0.12392929911613465
90,38,1000,2,2.77,1,0.1239314095005393
90,39,1000,5,6.55,4,0.12393157854676247
90,40,1000,6,9.16,5,0.1239308083280921
90,41,1000,5,5.42,3,0.12393139109760523
90,42,1000,3,9.33,4,0.12393263721466065
90,43,1000,1,2.59,2,0.1239350825548172
90,44,1000,2,3.44,2,0.12393642086535692
90,45,1000,3,3.65,4,0.12393675692379474
90,46,1000,0,2.5,0,0.12393844872713089
91,1,1000,3,4.34,3,0.0788514097481966
91,2,1000,3,4.49,3,0.07885227357596158
91,3,1000,3,4.92,3,0.07885303740203381
91,4,1000,3,5.19,3,0.0788535373955965
91,5,1000,4,7.44,3,0.07885390377789736
91,6,1000,4,8.88,3,0.07885446539521217
91,7,1000,4,4.51,2,0.07885539958626032
91,8,1000,3,4.72,2,0.07885491783171893
91,9,1000,3,6.93,2,0.07885497054457664
91,10,1000,4,4.94,2,0.07885756960511207
91,11,1000,4,6.7,2,0.07885745213180781
91,12,1000,3,5.4,5,0.07885774979740381
91,13,1000,4,6.59,3,0.07885732219368219
91,14,1000,4,6.45,2,0.07885887314379215
91,15,996,4,10.0,4,0.07886099794423244
91,16,1000,4,6.14,4,0.07886328920722008
91,17,347,5,10.0,5,0.07886161874196028
91,18,1000,4,7.28,4,0.07886218091845512
91,19,205,4,10.03,11,0.07886057823169522
91,20,156,3,10.05,22,0.078858867717477
91,21,237,5,10.06,3,0.07885734494854127
91,22,1000,2,3.3,3,0.07885613606125116
91,23,1000,3,2.88,1,0.07885824581235647
91,24,1000,3,3.11,2,0.07885875306278467
91,25,1000,3,3.32,2,0.07885856659710408
91,26,1000,2,3.98,6,0.07885957825183869
91,27,1000,2,3.51,4,0.07886136293411256
91,28,1000,0,2.45,0,0.0788617804646492
92,1,1000,3,4.45,3,-0.005252453013323248
92,2,1000,3,4.94,3,-0.005253126978874207
92,3,1000,3,5.01,3,-0.00525364366453141
92,4,1000,3,5.91,3,-0.005254622744396329
92,5,1000,3,5.04,3,-0.00525537845119834
92,6,1000,3,8.02,6,-0.005255888869054616
92,7,1000,3,8.32,4,-0.005255942235700786
92,8,1000,3,6.82,3,-0.005256230064667761
92,9,1000,3,6.84,6,-0.0052572305444628
92,10,1000,3,7.25,5,-0.005257341823540628
92,11,1000,2,3.61,3,-0.005257790107280016
92,12,1000,1,2.78,5,-0.005258184398524463
92,13,1000,3,9.84,5,-0.00525889310054481
92,14,1000,3,3.6,2,-0.005258086368441581
92,15,1000,3,7.16,4,-0.005257578486576676
92,16,1000,1,2.5,1,-0.00525794830173254
93,1,1000,3,4.27,3,0.07266784629970789
93,2,1000,3,3.81,3,0.07266758569329977
93,3,1000,3,4.01,2,0.07266731038689614
93,4,1000,2,2.99,3,0.07266721594333649
93,5,1000,3,5.03,4,0.07266714740544558
93,6,1000,2,2.98,4,0.07266702437400818
93,7,1000,2,3.88,7,0.07266729746758938
93,8,1000,3,3.11,2,0.07266716465353966
93,9,1000,2,2.81,2,0.07266735003143548
93,10,1000,2,3.73,5,0.07266775566339492
93,11,1000,2,2.85,2,0.07266814517229796
93,12,1000,3,3.17,2,0.07266717065125704
93,13,1000,2,3.33,3,0.07266728733479977
93,14,1000,2,3.14,3,0.07266713726520538
93,15,1000,3,4.59,2,0.07266718681901693
93,16,1000,2,3.48,4,0.07266722710430622
93,17,1000,1,2.6,3,0.07266707990318537
93,18,1000,2,3.94,5,0.0726667697802186
93,19,1000,3,3.57,3,0.07266686741262675
93,20,1000,4,7.97,3,0.0726659390181303
93,21,1000,4,3.3,2,0.07266601753234864
93,22,1000,3,3.57,3,0.07266614801436663
93,23,1000,2,3.22,3,0.07266557866334915
93,24,1000,1,2.71,4,0.0726660071387887
93,25,1000,2,3.04,3,0.07266544409096241
93,26,1000,2,2.62,1,0.07266381742060185
93,27,1000,2,2.77,1,0.07266269154846668
93,28,1000,2,2.62,1,0.07266288585215806
93,29,1000,2,3.02,4,0.07266340340673924
93,30,1000,3,4.55,4,0.07266380286961793
93,31,1000,3,5.63,3,0.07266391145437956
93,32,1000,3,6.5,3,0.07266337486356497
93,33,1000,1,2.49,1,0.07266309857368469
93,34,1000,0,2.44,0,0.07266296446323395
93,35,1000,1,2.57,2,0.07266288891434669
93,36,1000,1,2.63,3,0.07266301906853914
93,37,1000,1,2.65,3,0.07266158966720104
93,38,1000,2,2.75,3,0.0726604462042451
93,39,1000,4,4.36,4,0.0726596692726016
93,40,1000,2,3.15,2,0.07266005010157824
93,41,1000,1,2.61,2,0.07265951335430146
93,42,1000,1,2.55,2,0.07265956595540046
93,44,1000,2,2.68,3,0.07265910587459802
93,45,1000,1,2.56,2,0.07265873478353023
93,46,1000,1,2.57,2,0.07265794521570205
93,47,1000,1,2.76,5,0.07265747649222612
93,48,1000,1,2.74,5,0.07265697989612818
93,49,1000,3,3.1,2,0.0726565801948309
93,50,1000,2,2.9,3,0.07265649530291557
93,51,1000,0,2.46,0,0.07265658676624298
94,1,1000,3,4.29,3,0.10254226984083653
94,2,1000,3,3.09,2,0.1025422891303897
94,3,1000,2,2.8,2,0.10254244104027749
94,4,1000,4,5.15,2,0.10254243718832731
94,5,1000,2,3.54,3,0.10254240760207176
94,6,1000,2,3.07,2,0.1025422038808465
94,7,1000,1,2.84,5,0.10254180900007487
94,8,1000,3,5.26,2,0.10254147463291884
94,9,1000,3,4.75,3,0.10254136876016855
94,10,1000,3,4.62,3,0.10254130092263222
94,11,1000,3,3.3,1,0.10254154037684202
94,12,1000,3,8.26,4,0.10254123638570309
94,13,1000,3,8.26,3,0.1025412047430873
94,14,1000,2,3.67,2,0.10254142502695322
94,15,1000,3,9.78,5,0.10254167795181274
94,16,182,3,10.04,6,0.10254191169208222
94,17,1000,2,3.99,7,0.10254063554108143
94,18,1000,3,3.93,1,0.10253989640623332
94,19,1000,3,3.49,1,0.10253992660343647
94,20,1000,3,5.74,3,0.10253893381357193
94,21,1000,2,3.39,2,0.10253933082520962
94,22,1000,1,2.57,2,0.10253935591876506
94,23,1000,1,2.81,5,0.10254006626456975
94,24,1000,4,8.54,5,0.10254004169255496
94,25,1000,3,4.47,3,0.1025402301698923
94,26,1000,1,2.58,2,0.10254001922905445
94,27,1000,2,3.02,4,0.1025394644215703
94,28,1000,3,3.05,2,0.10253904195129872
94,29,1000,2,2.98,2,0.1025388367176056
94,30,1000,2,2.64,2,0.10253818196058273
95,1,1000,3,4.4,3,-0.03172796305269003
95,2,1000,3,4.35,3,-0.03172737054154277
95,3,1000,3,3.6,2,-0.03172656875103712
95,4,1000,3,3.41,3,-0.031726028975099324
95,5,1000,2,3.03,3,-0.0317255228087306
95,6,1000,5,8.74,3,-0.03172508219629526
95,7,201,5,10.04,3,-0.031724862346601726
95,8,1000,4,7.78,4,-0.031724735978990795
95,9,1000,5,6.17,2,-0.03172409762814641
95,10,167,4,10.02,6,-0.03172343362591224
95,11,1000,3,4.56,2,-0.03172295746207237
95,12,1000,2,3.12,5,-0.03172260184586048
95,13,1000,2,4.3,5,-0.0317228642962873
95,14,1000,1,3.12,10,-0.031722844786942005
95,15,1000,2,3.24,1,-0.03172284402325749
95,16,355,4,10.0,5,-0.03172228001582791
95,17,160,4,10.04,2,-0.03172173446509987
95,18,1000,3,3.66,2,-0.03172157304361463
95,19,1000,3,4.63,2,-0.03172176726534963
95,20,1000,4,3.8,2,-0.03172184585779905
95,21,1000,3,5.19,2,-0.03172152829170227
95,22,1000,4,3.28,2,-0.031721254505217074
95,23,1000,4,8.47,3,-0.03172125002741814
95,24,169,5,10.07,4,-0.03172092693003677
95,25,1000,5,4.69,1,-0.031721027418971065
95,26,1000,4,7.6,1,-0.03172082749381661
95,27,1000,5,4.55,3,-0.031720640905201436
95,28,1000,5,3.88,3,-0.03172007674351335
95,29,1000,3,3.35,1,-0.031719583466649055
95,30,1000,4,6.09,1,-0.031719597589224574
95,31,1000,3,3.9,1,-0.03171940341219306
95,32,1000,4,5.37,4,-0.03171910400316119
95,33,1000,1,2.58,2,-0.03171909742802381
96,1,1000,3,4.48,3,-0.017781011808663608
96,2,1000,3,3.94,3,-0.017780479522421955
96,3,1000,3,4.14,2,-0.01777963202446699
96,4,1000,3,4.15,2,-0.01777998287975788
96,5,1000,3,4.24,2,-0.017779819704592227
96,6,1000,3,7.65,4,-0.017780177414417266
96,7,1000,4,6.93,3,-0.017780290646478535
96,8,1000,4,6.8,3,-0.017780108109116555
96,9,1000,2,3.83,3,-0.017780153216794135
96,10,1000,3,5.46,3,-0.017779283948242665
96,11,1000,3,8.55,3,-0.01777850137464702
96,12,670,3,10.0,5,-0.017778527922928333
96,13,937,4,10.0,3,-0.017778688421514654
96,14,1000,4,7.94,3,-0.01777854950353503
96,15,1000,3,6.51,3,-0.017777941826730967
96,16,179,5,10.02,3,-0.01777723355624596
96,17,186,5,10.07,2,-0.017776747274222553
96,18,1000,3,4.98,3,-0.017776093060150742
96,19,1000,3,3.54,3,-0.017775834953412412
96,20,1000,3,5.75,5,-0.01777478441782296
96,21,1000,3,7.7,5,-0.01777533130161464
96,22,1000,2,3.28,3,-0.01777367218956351
96,23,178,3,10.02,8,-0.017773569687112665
96,24,552,3,10.0,5,-0.01777283548363957
96,25,99,3,10.06,2,-0.01777194713176501
96,26,841,3,10.0,4,-0.017771396272141356
96,27,1000,1,2.58,1,-0.017770493403077126
97,1,1000,3,4.44,3,0.017135291166603565
97,2,1000,3,4.25,3,0.017134379483759402
97,3,1000,3,4.24,2,0.017133927933871747
97,4,1000,3,5.29,2,0.017133858993649484
97,5,1000,3,5.52,2,0.01713263813406229
97,6,1000,3,5.54,2,0.017132293473929167
97,7,1000,2,4.05,3,0.017131927270442247
97,8,1000,2,3.88,3,0.01713183694332838
97,9,1000,2,3.47,2,0.017130932241678238
97,10,1000,3,4.99,4,0.017130651097744705
97,11,1000,2,3.04,1,0.01712994795665145
97,12,1000,2,3.0,1,0.017129470996558666
97,13,1000,3,4.88,4,0.017129104338586332
97,14,1000,6,6.15,3,0.017129371423274278
97,15,1000,2,3.13,1,0.017129314508289098
97,16,1000,2,3.14,1,0.017128374949097632
97,17,163,3,10.05,4,0.017128667319936255
97,18,311,5,10.04,3,0.017129459133868815
97,19,1000,4,9.14,3,0.017129637323319912
97,20,1000,3,4.82,2,0.01712833694368601
97,21,132,4,10.0,8,0.01712884460434769
97,22,185,4,10.02,10,0.017129626225780795
97,23,1000,3,3.82,1,0.017129037402570248
97,24,1000,2,3.4,2,0.017129551768302918
97,25,1000,3,6.46,4,0.017129395196214318
97,26,775,3,10.0,4,0.01712983482787686
97,27,1000,2,4.41,5,0.017130045350641013
97,28,799,3,10.0,5,0.01713126053443838
97,29,203,5,10.06,3,0.017131490587013697
97,30,1000,5,9.73,5,0.017130764164030553
97,31,1000,5,6.08,4,0.01713034435361624
97,32,307,7,10.0,1,0.017130967350949683
97,33,1000,5,8.38,1,0.017130346961319445
97,34,1000,3,3.88,1,0.017129545751959085
97,35,1000,3,3.75,1,0.017128794433549047
97,36,1000,3,3.48,1,0.017128397438675166
97,37,1000,1,2.74,3,0.01712941249087453
97,38,1000,1,3.49,14,0.01712815298885107
97,39,202,4,10.03,7,0.017126919701695442
97,40,1000,3,5.2,1,0.01712769293040037
97,41,1000,2,2.92,1,0.017126923471689225
98,1,1000,3,4.52,3,-0.09822424236685037
98,2,1000,3,5.02,3,-0.09822571321576834
98,3,1000,3,6.6,3,-0.09822674265503883
98,4,1000,3,5.72,3,-0.0982277125120163
98,5,1000,2,3.54,3,-0.09822908201813697
98,6,1000,2,3.24,2,-0.09823096216470004
98,7,1000,2,2.89,1,-0.0982328422293067
98,8,1000,2,2.88,1,-0.09823489044606686
98,9,1000,2,2.87,1,-0.09823661157488824
98,10,1000,2,2.9,1,-0.09823963194340467
98,11,1000,2,2.86,1,-0.09824305361509324
98,12,1000,2,2.87,1,-0.09824702928960323
98,13,1000,2,2.89,1,-0.09825230257958174
98,14,1000,2,2.87,1,-0.0982559287250042
98,15,1000,2,2.86,1,-0.09826045500487089
98,16,1000,2,2.87,1,-0.09826415275037288
98,17,1000,2,2.92,1,-0.09826944527029992
98,18,1000,2,2.86,1,-0.09827351231873035
98,19,1000,1,2.8,4,-0.09827465653419494
98,20,1000,2,3.14,3,-0.09826450880616903
98,21,1000,2,3.8,1,-0.09826121482998133
98,22,1000,2,5.15,18,-0.09826195628941059
98,23,1000,2,3.45,2,-0.09824003109335899
98,24,168,4,10.05,3,-0.09823395928279274
98,25,1000,3,3.92,1,-0.09823022959381342
98,26,1000,1,3.12,8,-0.09822995683550835
98,27,1000,2,3.96,4,-0.09823038928210735
99,1,1000,3,4.4,3,-0.07746811109036207
99,2,1000,3,4.56,3,-0.07746751517802476
99,3,1000,4,5.83,3,-0.07746642872691155
99,4,1000,3,6.63,3,-0.07746557368338108
99,5,1000,3,7.7,3,-0.0774649695456028
99,6,1000,3,5.38,4,-0.07746484629809856
99,7,1000,3,4.82,3,-0.07746544048935175
99,8,1000,3,3.84,2,-0.07746511028707027
99,9,1000,3,4.1,2,-0.07746444060653448
99,10,934,3,10.0,10,-0.0774632320127089
99,11,1000,3,4.63,3,-0.07746354153752327
99,12,1000,3,5.03,3,-0.07746339245140553
99,13,1000,3,4.65,3,-0.07746293448656798
99,14,1000,3,3.94,2,-0.0774638629257679
99,15,1000,2,3.1,2,-0.07746387326717377
99,16,1000,2,3.09,2,-0.0774645453915
99,17,267,5,10.05,4,-0.0774645342697365
99,18,1000,5,8.12,4,-0.07746427467465401
99,19,188,5,10.02,13,-0.07746393150313104
99,20,1000,5,6.7,3,-0.07746474754810333
99,21,1000,5,5.28,2,-0.07746584228426218
99,22,1000,4,3.83,2,-0.07746659897267819
99,23,1000,4,3.62,2,-0.07746689131855965
99,24,1000,5,4.54,2,-0.07746800701320171
99,25,1000,5,7.35,5,-0.07746797650307417
99,26,1000,6,9.68,5,-0.07746837720274925
99,27,1000,4,3.3,1,-0.07746813309192657
99,28,1000,5,4.47,2,-0.07746841626614333
99,29,1000,5,4.22,2,-0.07746851101517677
99,30,1000,5,4.17,2,-0.07746832126379014
99,31,1000,5,3.32,1,-0.07746791218221187
99,32,1000,2,3.94,4,-0.07746873804181814
99,33,1000,2,3.92,4,-0.0774689227938652
99,34,1000,3,3.51,2,-0.07746920550614596
99,35,1000,4,6.45,4,-0.07746986302733422
99,36,134,3,10.0,5,-0.07747145603174593
99,37,542,3,10.0,3,-0.07747260324409527
99,38,126,3,10.0,3,-0.07747200078197888
99,39,1000,3,6.22,6,-0.07747169386595487
99,40,1000,3,8.41,3,-0.07746869459748268
99,41,1000,2,6.8,7,-0.07746777474880219
99,42,730,3,10.0,6,-0.07746743558816714
99,43,375,4,10.01,3,-0.07746699303388596
99,44,286,4,10.01,3,-0.07746777071298419
99,45,1000,3,6.07,9,-0.07746605303883553
99,46,1000,2,5.42,11,-0.0774646158516407
99,47,238,3,10.04,10,-0.07746497560449007
99,48,1000,3,9.84,7,-0.077465001642704
99,49,1000,3,9.53,6,-0.07746497460454703
99,50,1000,3,9.45,6,-0.07746536368876696
99,51,1000,3,6.5,3,-0.07746538399904966
99,52,1000,4,6.85,3,-0.07746579898893834
99,53,944,4,10.0,6,-0.07746632648158376
99,54,1000,3,8.08,4,-0.07746673092991113
99,55,744,3,10.04,4,-0.07746702080131859
99,56,1000,2,3.79,4,-0.07746358183771372
99,57,1000,3,3.52,1,-0.07746407860517501
99,58,1000,3,3.66,3,-0.07746441301703454
99,59,1000,3,3.42,2,-0.07746375279128552
99,60,1000,2,3.06,3,-0.07746463723480701
99,61,1000,2,2.84,3,-0.07746512699127198
99,62,1000,2,5.0,7,-0.07746464831382036
99,63,1000,2,4.31,7,-0.07746254014968872
100,1,1000,3,4.59,3,-0.08164738484472037
100,2,1000,3,4.26,3,-0.08164811916649342
100,3,1000,3,5.19,3,-0.08164933816343546
100,4,1000,3,4.36,3,-0.08165069653838873
100,5,1000,3,5.15,3,-0.08165215013176202
100,6,1000,3,6.27,3,-0.08165208332985639
100,7,1000,3,3.72,2,-0.08165107648074627
100,8,1000,3,3.14,1,-0.08165111421048642
100,9,1000,2,3.05,2,-0.08165250039100647
100,10,1000,3,3.73,2,-0.08165302536636591
100,11,1000,3,5.92,4,-0.08165248794108629
100,12,1000,3,5.37,2,-0.08165222606062889
100,13,1000,3,5.47,2,-0.0816526488289237
100,14,1000,3,8.35,4,-0.08165274653583765
100,15,897,4,10.0,3,-0.08165390651627395
100,16,707,4,10.0,3,-0.08165557402195317
100,17,1000,2,5.52,11,-0.08165461317449808
100,18,1000,3,4.58,2,-0.08165543738752604
100,19,1000,3,4.99,2,-0.08165563136339188
100,20,1000,1,2.8,4,-0.08165438536554576
100,21,1000,1,2.65,2,-0.08165459447354079
100,22,1000,2,3.14,3,-0.08165414275228977
100,23,768,5,10.0,3,-0.08165466444916092
100,24,1000,4,7.51,3,-0.08165382428467274
100,25,1000,2,3.21,2,-0.0816545985415578
101,1,1000,3,4.37,3,-0.12443577376753091
101,2,1000,3,4.97,3,-0.12443635372817516
101,3,1000,3,6.42,3,-0.12443711678683758
101,4,1000,3,5.91,3,-0.1244372775554657
101,5,1000,3,4.28,3,-0.12443710384517909
101,6,1000,3,3.72,2,-0.124437017403543
101,7,1000,3,3.91,2,-0.1244372326284647
101,8,562,3,10.0,12,-0.12443819240371952
101,9,1000,4,8.02,3,-0.12443895015865564
101,10,1000,3,4.53,7,-0.12443840151280165
101,11,1000,3,4.08,6,-0.12443854475766421
101,12,1000,2,3.14,5,-0.12443872249871492
101,13,1000,2,2.87,1,-0.12443890857696534
101,14,1000,2,3.85,4,-0.12443943212926388
101,15,1000,2,3.2,2,-0.12444044699519873
101,16,168,5,10.05,3,-0.12444086168848333
101,17,1000,5,7.48,4,-0.12444076067209243
101,18,1000,6,7.93,3,-0.12444144052267074
101,19,1000,1,2.55,2,-0.12444250364601613
102,1,1000,3,4.45,3,-0.059327246807515624
102,2,1000,3,4.53,3,-0.059326743643730875
102,3,1000,3,5.06,3,-0.05932654244452715
102,4,1000,3,3.24,1,-0.05932610362395644
102,5,1000,3,6.24,2,-0.059326260212808846
102,6,289,5,10.06,2,-0.05932545897818354
102,7,1000,4,3.84,1,-0.059324664119631054
102,8,1000,2,3.96,4,-0.05932523582875729
102,9,1000,2,5.32,4,-0.05932541332393885
102,10,136,3,10.0,4,-0.05932515829472857
102,11,198,4,10.07,5,-0.05932510124914574
102,12,175,4,10.01,2,-0.059323623308113645
102,13,167,4,10.06,3,-0.05932315119993901
102,14,1000,3,5.72,3,-0.0593223516382277
102,15,1000,3,4.75,3,-0.05932311807200313
102,16,1000,2,3.71,3,-0.059323769763112065
102,17,1000,1,2.95,6,-0.05932391662150621
102,18,1000,2,3.21,2,-0.05932498047500849
102,19,1000,2,5.96,7,-0.059325078066438434
102,20,1000,2,4.57,6,-0.05932529105246067
102,21,1000,2,2.87,3,-0.059324498731642965
102,22,1000,2,3.15,4,-0.05932420858368277
102,23,1000,1,2.73,3,-0.059324565324932334
103,1,1000,3,4.42,3,0.035481014851480724
103,2,1000,3,4.79,3,0.03548210963606834
103,3,1000,5,7.77,3,0.03548338740319014
103,4,1000,4,4.19,2,0.03548425333946943
103,5,1000,2,3.47,5,0.03548482041805982
103,6,1000,2,3.03,3,0.03548549647629261
103,7,1000,3,8.85,6,0.03548585246503353
103,8,1000,4,6.23,3,0.0354861596673727
103,9,1000,3,3.22,3,0.035486742340028285
103,10,1000,3,4.15,2,0.035486270386725666
103,11,1000,5,8.11,3,0.035486585203558206
103,12,355,7,10.04,3,0.03548662453679971
103,13,1000,6,7.67,1,0.035488636754453184
103,14,238,6,10.03,2,0.035489373832565396
103,15,170,5,10.01,3,0.03548972045674043
103,16,1000,3,9.17,4,0.03548939993605018
103,17,1000,3,4.12,5,0.03549012088403106
103,18,189,6,10.03,4,0.035489758585022874
103,19,151,4,10.01,3,0.03549089415973385
103,20,173,4,10.05,3,0.03549222025826487
103,21,1000,4,3.93,1,0.03549243614822626
103,22,1000,2,4.65,8,0.03549488879740238
103,23,95,2,10.04,8,0.035495494345301075
103,24,1000,3,5.42,12,0.03549539182707667
103,25,1000,3,3.67,4,0.03549570155516267
103,26,1000,1,2.53,1,0.035496946424245834
103,27,1000,4,3.97,3,0.03549989404901862
103,28,1000,1,2.64,3,0.03549941653758287
103,29,1000,1,2.63,3,0.03550337401032448
103,30,1000,3,5.24,4,0.0355030967630446
103,31,1000,3,2.68,1,0.03550516068935394
103,32,1000,1,2.5,1,0.03550729528069496
104,1,1000,3,4.48,3,0.009349882576614617
104,2,1000,3,4.55,3,0.009350396198220551
104,3,1000,2,3.09,2,0.009351018512621522
104,4,1000,2,3.35,3,0.00935176495462656
104,5,1000,2,3.52,3,0.009352012932300568
104,6,1000,1,2.64,2,0.009352486234158278
104,7,1000,2,2.65,1,0.009352992288768291
104,8,1000,1,2.69,2,0.00935334866400808
104,9,1000,3,3.49,6,0.009353790014982223
104,10,1000,1,2.72,3,0.00935403844807297
104,11,1000,1,2.65,2,0.00935516713373363
104,12,1000,1,2.65,2,0.009356438172981143
104,13,1000,3,3.78,3,0.009356344395317137
104,14,1000,3,3.44,1,0.009356229255907237
104,15,1000,2,3.04,3,0.009355397349223495
104,16,1000,2,3.1,1,0.009354514319449662
104,17,1000,1,2.74,3,0.009355478786863387
105,1,1000,3,4.48,3,0.1441924256235361
105,2,1000,3,3.72,3,0.14419070231914521
105,3,1000,3,6.13,3,0.1441898218691349
105,4,1000,4,5.0,2,0.14418914818763734
105,5,1000,4,5.32,2,0.1441897876113653
105,6,1000,4,4.96,2,0.14418934616446494
105,7,1000,2,2.83,2,0.1441887093782425
105,8,1000,3,6.11,3,0.14418801103532314
105,9,1000,2,3.65,5,0.14418713903427124
105,10,1000,2,4.35,7,0.144187702447176
105,11,215,4,10.01,6,0.14418707205805667
105,12,966,5,10.0,3,0.1441870344876009
105,13,157,4,10.04,4,0.14418631972401005
105,14,180,5,10.02,7,0.14418585581911936
105,15,161,5,10.02,3,0.1441852888150245
105,16,161,5,10.05,1,0.1441854895642085
105,17,203,4,10.02,3,0.14418592226916346
105,18,1000,3,9.3,4,0.14418690349161625
105,19,1000,1,3.01,8,0.14418800935149192
105,20,1000,3,4.48,3,0.1441888540685177
105,21,169,4,10.05,5,0.14418724285074946
105,22,144,3,10.03,3,0.14418770383215612
105,23,137,3,10.0,4,0.14418788178123698
105,24,1000,3,3.97,1,0.14418707622587681
105,25,176,4,10.03,3,0.14418735101141714
105,26,163,3,10.01,3,0.14418732909702817
105,27,158,4,10.04,7,0.14418723066396352
105,28,157,4,10.04,12,0.1441876464019156
105,29,145,4,10.07,3,0.14418707130284145
105,30,149,4,10.05,3,0.14418650053491527
105,31,148,4,10.05,4,0.1441864008839066
105,32,157,4,10.04,3,0.1441857307959514
105,33,157,4,10.04,9,0.14418568267564105
105,34,155,4,10.04,3,0.14418548143679097
105,35,142,3,10.02,3,0.14418489842767446
105,36,141,3,10.04,3,0.144184891530808
105,37,142,4,10.03,3,0.1441843329181134
105,38,148,4,10.06,3,0.1441843914421829
105,39,145,4,10.04,3,0.1441844094416191
105,40,1000,2,5.91,3,0.14418519531190396
105,41,1000,2,3.18,2,0.1441846113950014
105,42,1000,1,2.99,8,0.14418444104492664
105,43,1000,1,3.21,11,0.14418349428474903
106,1,1000,3,4.44,3,0.08514112547039986
106,2,1000,3,3.89,3,0.08514073207229376
106,3,1000,3,3.71,2,0.08514041917026043
106,4,1000,3,5.05,3,0.08513973929733037
106,5,1000,2,4.25,3,0.08513965921103954
106,6,1000,2,4.1,3,0.08513967811316252
106,7,1000,2,3.5,2,0.08513955734670162
106,8,1000,2,2.98,1,0.08513932351022958
106,9,1000,2,3.46,2,0.08513932505995035
106,10,1000,3,8.33,8,0.08513927511870861
106,11,1000,3,5.66,2,0.08513888293504715
106,12,378,5,10.06,3,0.08513814498665472
106,13,209,5,10.04,3,0.08513766398840544
106,14,229,5,10.03,2,0.0851372896193417
106,15,191,5,10.06,1,0.08513712270565682
106,16,1000,2,6.05,7,0.08513771761953831
106,17,1000,3,7.78,3,0.08513756376504898
106,18,1000,3,6.64,4,0.08513788733631372
106,19,1000,3,9.87,5,0.08513811388611793
106,20,1000,4,7.91,3,0.08513807325810194
106,21,434,6,10.0,3,0.08513805400666004
106,22,300,5,10.03,3,0.08513724563022454
106,23,1000,2,7.2,23,0.08513689079135657
106,24,114,3,10.0,21,0.08513687505272396
106,25,157,4,10.03,16,0.0851365662399371
106,26,152,4,10.07,4,0.08513614157900999
106,27,155,4,10.03,3,0.08513608743106166
106,28,1000,3,5.36,2,0.08513614367693663
106,29,1000,2,3.83,5,0.08513772641122341
106,30,166,5,10.0,3,0.085137303694185
106,31,152,4,10.03,3,0.08513814642241127
106,32,142,4,10.03,2,0.08513766343534833
106,33,157,4,10.07,4,0.08513763395084697
106,34,142,3,10.02,3,0.08513777246567565
106,35,143,3,10.03,11,0.08513711101108498
106,36,139,2,10.01,14,0.08513772358997262
106,37,153,4,10.05,6,0.08513776183712717
106,38,141,3,10.02,9,0.08513748904703357
106,39,164,4,10.04,4,0.08513702388580252
106,40,170,5,10.01,4,0.08513665751499289
106,41,164,5,10.07,2,0.08513692062257266
106,42,278,4,10.03,6,0.08513749953654172
106,43,157,4,10.05,8,0.0851378074022615
106,44,199,4,10.03,3,0.08513723482288907
106,45,151,4,10.05,4,0.08513773351118264
106,46,141,3,10.07,14,0.08513771261729247
106,47,165,4,10.02,3,0.08513636918682041
106,48,138,3,10.07,3,0.08513610167563826
106,49,178,4,10.03,2,0.08513606766636451
106,50,172,5,10.01,3,0.08513630939604239
106,51,1000,3,5.25,5,0.08513685880601406
106,52,180,4,10.0,3,0.08513691545360619
106,53,1000,3,7.88,1,0.08513651928305625
106,54,1000,2,6.2,18,0.08513772712647914
106,55,160,4,10.04,16,0.08513749428093434
106,56,174,5,10.06,3,0.08513729933692121
106,57,158,4,10.0,3,0.08513812074744248
106,58,147,4,10.05,3,0.08513824920467779
106,59,153,5,10.0,3,0.08513779241859523
106,60,157,4,10.03,3,0.08513752261924136
106,61,150,5,10.04,2,0.0851387498776118
106,62,145,4,10.03,3,0.0851397082209587
106,63,163,5,10.04,3,0.08513908106490878
106,64,326,5,10.05,8,0.08513821218094211
106,65,1000,2,2.55,1,0.0851396918296814
106,66,1000,0,2.45,0,0.08513963222503662
107,1,1000,3,4.38,3,-0.053679945804178716
107,2,1000,3,4.17,3,-0.05368065946549177
107,3,1000,3,4.12,2,-0.0536807956919074
107,4,1000,3,5.64,3,-0.053680468872189524
107,5,1000,3,4.85,3,-0.05368092956393957
107,6,1000,3,5.75,5,-0.05368073562532663
107,7,1000,3,8.16,9,-0.05368078003823757
107,8,1000,4,6.27,3,-0.05368076670914888
107,9,1000,4,6.36,3,-0.05368080700188875
107,10,1000,3,3.89,3,-0.05368115029484034
107,11,1000,2,3.26,3,-0.05368174315243959
107,12,1000,3,7.82,6,-0.05368155021965504
107,13,1000,3,8.79,7,-0.05368140120059252
107,14,1000,3,5.15,3,-0.05368151064962148
107,15,175,3,10.05,15,-0.0536811683007649
107,16,1000,4,9.86,4,-0.053681418918073175
107,17,1000,3,3.52,3,-0.05368181670457125
107,18,1000,3,9.91,14,-0.05368249947950244
107,19,1000,2,5.9,7,-0.05368236102163792
107,20,442,3,10.0,3,-0.05368157916141851
107,21,126,3,10.06,3,-0.053681552676217895
107,22,1000,3,7.06,3,-0.05368061573058367
107,23,1000,3,7.13,3,-0.05368057522922754
107,24,1000,3,6.36,2,-0.0536808842420578
107,25,137,3,10.05,3,-0.05368102420746845
107,26,1000,3,6.13,4,-0.05368031306192279
107,27,1000,3,3.46,1,-0.05368126822263002
107,28,1000,3,4.53,7,-0.05368205460906029
107,29,1000,3,4.85,2,-0.05368169459700584
107,30,1000,3,4.78,2,-0.05368238929659128
107,31,1000,3,5.25,5,-0.05368383437395096
107,32,1000,3,3.86,2,-0.0536842394284904
107,33,1000,5,5.51,2,-0.05368421307951212
107,34,1000,2,7.93,14,-0.05368384452164173
107,35,1000,2,8.17,14,-0.05368474204838276
107,36,687,4,10.0,3,-0.05368570765965717
107,37,1000,3,5.99,1,-0.05368735982477665
107,38,146,3,10.06,6,-0.053688343792949636
107,39,1000,3,9.01,3,-0.053688624758273365
107,40,209,3,10.0,3,-0.053689070972814515
107,41,151,4,10.04,3,-0.05368882851884855
107,42,390,5,10.0,2,-0.053689106123951766
107,43,1000,2,3.36,2,-0.0536901609711349
107,44,138,3,10.03,9,-0.05369027663508187
107,45,1000,3,8.33,7,-0.053690371453762056
107,46,1000,2,2.88,3,-0.0536893545910716
108,1,1000,3,4.55,3,-0.012897660485468804
108,2,1000,3,4.62,3,-0.01289783812686801
108,3,1000,4,7.37,3,-0.01289811806473881
108,4,1000,5,6.04,3,-0.012898302799090744
108,5,1000,2,2.79,2,-0.012898571968078613
108,6,1000,2,2.9,3,-0.012899193454533815
108,7,1000,1,2.63,2,-0.01289929024875164
108,8,1000,2,3.16,2,-0.012899530538357793
108,9,1000,3,4.26,3,-0.012899869579821826
108,10,1000,3,3.09,3,-0.012900196259841323
108,11,1000,2,2.72,1,-0.01290020253509283
108,12,1000,2,2.81,1,-0.01290015472099185
108,13,1000,2,3.65,4,-0.01289993481710553
108,14,1000,2,2.7,1,-0.012900343630462885
108,15,1000,2,4.53,5,-0.012900791653431953
108,16,1000,3,4.23,4,-0.012901556875556707
108,17,1000,3,5.19,3,-0.012901584788225591
108,18,1000,3,5.12,3,-0.012901833371259271
108,19,1000,5,6.48,3,-0.012902156118303537
108,20,1000,5,4.5,2,-0.012902709112502634
108,21,1000,6,9.77,3,-0.01290229774825275
108,22,1000,5,9.89,2,-0.012901769588701427
108,23,170,4,10.07,11,-0.012901932253118824
108,24,176,5,10.04,4,-0.01290143136231398
108,25,154,4,10.02,9,-0.012901336928321556
108,26,154,4,10.05,3,-0.012901426292955875
108,27,149,6,10.03,3,-0.012902278828140873
108,28,1000,5,7.04,3,-0.012902342985384166
108,29,1000,3,8.74,9,-0.012901826752349735
108,30,184,4,10.04,10,-0.012901927724116198
108,31,168,4,10.04,3,-0.012901695012780172
108,32,1000,4,7.25,2,-0.012901274133473634
108,33,170,5,10.07,2,-0.01290158590521006
108,34,142,4,10.0,5,-0.012901124557558919
108,35,1000,4,5.46,2,-0.012901303401216865
109,1,1000,3,4.46,3,0.08464538976550103
109,2,1000,3,3.67,2,0.08464505707472562
109,3,1000,2,2.67,1,0.0846453117877245
109,4,1000,3,3.98,2,0.08464550173282623
109,5,1000,2,2.98,2,0.08464565429091453
109,6,1000,2,2.72,2,0.08464557530730962
109,7,1000,1,2.64,3,0.08464548280090094
109,8,1000,2,3.26,3,0.08464550974220038
109,9,1000,2,4.07,3,0.08464593787491322
109,10,1000,1,2.54,2,0.08464581692218781
109,11,1000,1,2.7,4,0.08464604235440493
109,12,1000,1,2.61,3,0.08464666707068681
109,13,1000,3,3.94,3,0.08464681626856327
109,14,1000,2,3.25,4,0.08464670658111573
109,15,1000,2,3.27,3,0.0846466403529048
109,16,1000,1,2.54,2,0.08464629493653775
109,17,1000,1,2.92,7,0.08464572893083096
109,18,1000,1,2.73,5,0.08464551200717688
109,19,1000,2,5.59,8,0.08464521231502295
109,20,1000,2,3.45,5,0.0846447199806571
109,21,1000,2,2.85,2,0.08464443369209766
109,22,1000,3,4.52,3,0.08464532757550478
109,23,197,5,10.04,3,0.08464535654801403
109,24,1000,1,2.71,3,0.08464538311958313
109,25,1000,2,3.46,4,0.08464546114951373
109,26,1000,1,2.88,3,0.08464514103531838
109,27,1000,2,3.96,4,0.08464509424567222
109,28,1000,1,3.0,7,0.08464431228488684
109,29,1000,1,2.95,6,0.08464398835599422
109,30,1000,1,2.96,7,0.08464364063739777
109,31,1000,2,4.5,6,0.08464413668215275
109,32,1000,3,5.31,4,0.08464488241076469
109,33,194,5,10.01,3,0.08464455865707594
109,34,1000,6,5.66,1,0.0846446194499731
109,35,1000,5,8.12,3,0.08464456236362457
109,36,1000,4,4.35,3,0.08464414882659912
109,37,1000,5,5.74,2,0.08464397004246711
109,38,1000,3,3.49,5,0.0846434993892908
109,39,534,6,10.0,5,0.08464297469468153
109,40,210,5,10.02,4,0.08464386331893149
109,41,1000,4,4.48,2,0.08464334906637669
109,42,1000,4,9.95,5,0.08464358948916197
109,43,179,4,10.0,6,0.08464350538879799
109,44,291,5,10.0,4,0.08464391160871565
109,45,1000,4,4.28,3,0.08464489415287972
110,1,1000,3,4.54,3,0.015273161455988884
110,2,1000,3,4.29,3,0.015273014225065709
110,3,1000,3,3.43,2,0.015273453630506993
110,4,1000,5,5.8,4,0.015273513924330472
110,5,1000,4,3.76,1,0.015273364383727311
110,6,1000,5,5.71,2,0.01527314342558384
110,7,1000,4,7.69,5,0.015272988926619291
110,8,1000,3,4.56,3,0.01527355163730681
110,9,1000,3,8.23,5,0.015273489773273467
110,10,1000,4,8.85,4,0.015274023779667915
110,11,1000,3,5.43,4,0.01527417894732207
110,12,1000,1,2.66,3,0.015273969106376172
110,13,1000,4,4.69,3,0.015274118554778397
110,14,1000,4,5.14,2,0.015274373739026487
110,15,1000,3,3.17,2,0.015273471411317586
110,16,1000,1,2.65,3,0.015273065209388733
110,17,1000,1,2.78,5,0.01527326736599207
110,18,1000,2,2.58,1,0.015272223390638828
111,1,1000,3,4.46,3,0.14030790044367314
111,2,1000,3,3.31,2,0.14030737519264222
111,3,1000,3,4.13,2,0.14030716536939145
111,4,1000,3,5.93,5,0.1403071390390396
111,5,1000,3,8.74,5,0.14030699180066586
111,6,1000,3,6.9,5,0.14030658815801145
111,7,1000,3,6.9,5,0.1403062881529331
111,8,1000,3,7.75,6,0.1403057530671358
111,9,1000,4,5.43,3,0.14030531978607177
111,10,1000,3,6.47,3,0.14030441901087762
111,11,1000,3,4.02,2,0.14030394992232323
111,12,1000,3,8.37,5,0.14030449153482913
111,13,1000,3,6.34,3,0.140305380448699
111,14,1000,3,6.0,3,0.140305322304368
111,15,1000,3,6.8,3,0.14030544927716254
111,16,1000,3,3.85,1,0.14030397541821002
111,17,1000,3,3.99,1,0.14030349412560464
111,18,142,3,10.03,7,0.140303905056396
111,19,1000,2,3.05,5,0.14030459809303283
111,20,1000,3,3.11,3,0.1403060065358877
111,21,1000,4,4.84,2,0.14030561098456382
111,22,1000,3,3.35,3,0.14030519008636474
112,1,1000,3,4.44,3,-0.026334056094288825
112,2,1000,3,3.28,2,-0.026334092104807496
112,3,1000,3,3.92,3,-0.02633411685191095
112,4,1000,3,3.26,4,-0.026334079425781965
112,5,1000,3,2.75,1,-0.026334061071276664
112,6,1000,2,3.02,4,-0.026334084901958703
112,7,1000,2,2.72,1,-0.026334518944844603
112,8,1000,3,3.8,5,-0.026334636444225908
112,9,1000,2,2.72,1,-0.02633467560634017
112,10,1000,3,2.59,1,-0.02633471041917801
112,11,1000,3,3.24,1,-0.026335036288946866
112,12,1000,3,2.98,2,-0.02633586155064404
112,13,1000,2,3.43,7,-0.02633604319393635
112,14,1000,3,3.4,2,-0.02633626496233046
112,15,1000,3,3.55,4,-0.026336951868608596
112,16,1000,3,5.93,3,-0.026337519576773046
112,17,1000,3,3.97,2,-0.02633803120814264
112,18,1000,2,2.99,4,-0.02633827672712505
112,19,1000,2,2.98,4,-0.0263385048545897
112,20,1000,2,2.72,2,-0.026338503614068032
112,21,1000,1,2.56,2,-0.026338730379939078
112,22,1000,2,3.45,4,-0.026339223017916084
112,23,1000,3,3.06,4,-0.0263397932741791
112,24,1000,2,2.68,2,-0.026340011291205882
112,25,1000,2,4.05,4,-0.026340914834290744
112,26,1000,4,6.09,3,-0.02634151850268245
112,27,1000,4,6.26,3,-0.026341536989435553
112,28,1000,2,2.97,3,-0.026341740598902107
112,29,1000,3,3.34,6,-0.026342139152809977
112,30,1000,5,8.33,2,-0.0263426784966141
112,31,1000,4,3.83,2,-0.026343474607914686
112,32,1000,3,5.55,2,-0.026344198973849417
112,33,1000,4,3.77,3,-0.026344647973775864
112,34,1000,2,3.42,4,-0.026345200903713704
112,35,1000,2,3.73,3,-0.026345477182418107
112,36,1000,1,2.57,2,-0.026345776036381722
112,37,1000,1,2.55,2,-0.026346078084781767
112,38,1000,2,4.08,6,-0.02634664621576667
112,39,1000,2,3.35,5,-0.02634730175510049
112,40,1000,2,4.18,5,-0.026347920494154096
112,41,1000,1,2.96,7,-0.02634793467819691
112,42,1000,2,6.27,7,-0.026347930323332547
112,43,1000,3,9.22,4,-0.02634756850451231
112,44,1000,1,2.55,2,-0.026348413161933423
112,45,1000,1,2.54,2,-0.026349294729530813
112,46,1000,1,2.74,4,-0.026350031124427915
112,47,1000,1,2.54,2,-0.026351059705018998
112,48,1000,1,2.67,4,-0.02635122376307845
112,49,1000,1,2.85,6,-0.026351921889930963
112,50,1000,2,2.77,1,-0.026352423693984748
112,51,1000,1,2.55,2,-0.02635305842384696
112,52,1000,1,2.53,1,-0.02635391801595688
112,53,1000,1,2.54,2,-0.02635446780733764
113,1,1000,3,4.51,3,0.13886660516262053
113,2,1000,3,3.4,2,0.13886572428047658
113,3,1000,3,3.93,3,0.1388651555329561
113,4,1000,1,2.61,3,0.13886420264840127
113,5,1000,2,3.52,3,0.13886544129252434
113,6,1000,3,3.4,3,0.13886624738574027
113,7,1000,3,4.46,3,0.13886717458069325
113,8,1000,2,3.41,3,0.13886676320433616
113,9,1000,3,4.15,3,0.13886733846366406
113,10,1000,2,3.25,6,0.13886644972860812
113,11,1000,2,4.92,6,0.1388649188131094
113,12,150,4,10.01,3,0.13886387894550958
113,13,1000,3,6.17,6,0.13886287662386895
113,14,1000,1,2.68,4,0.13886288107931613
113,15,1000,5,8.48,3,0.13886564844846724
113,16,144,4,10.03,3,0.138863794091675
113,17,1000,3,8.79,6,0.138864126265049
113,18,1000,3,4.46,4,0.13886584551632405
113,19,1000,1,2.57,2,0.13886538124084472
113,20,1000,4,6.2,3,0.1388642779737711
113,21,1000,3,5.11,5,0.1388662511408329
113,22,1000,1,2.78,5,0.13886768688261508
113,23,1000,3,8.3,4,0.13886908443272114
113,24,252,5,10.04,5,0.1388696264771242
113,25,1000,2,3.85,5,0.13887100560963153
113,26,1000,3,3.06,5,0.1388737745732069
113,27,1000,2,4.15,4,0.13887379163503646
113,28,1000,3,4.03,3,0.13887430465221404
113,29,1000,2,2.85,1,0.1388769406080246
113,30,1000,1,2.61,2,0.1388776739537716
113,31,1000,1,2.64,3,0.13888022950291634
114,1,1000,3,4.56,3,0.005473083809018135
114,2,1000,3,3.38,2,0.0054739937242120505
114,3,1000,2,3.56,5,0.00547443781234324
114,4,1000,3,4.0,3,0.005474810527637601
114,5,1000,2,3.61,5,0.005474171165376901
114,6,1000,3,5.33,4,0.005473450725898147
114,7,1000,2,3.81,6,0.005474782906472683
114,8,1000,3,9.38,8,0.005474612858146429
114,9,1000,4,6.17,3,0.005474760907702148
114,10,1000,3,5.23,3,0.005474990098737181
114,11,1000,2,2.92,3,0.005475043635815382
114,12,1000,3,6.47,6,0.0054748123865574596
114,13,1000,2,3.21,2,0.005476130232214928
114,14,1000,1,2.84,5,0.005475283745210618
114,15,1000,4,5.22,4,0.0054765125624835495
114,16,1000,2,3.14,2,0.005475982394069433
114,17,1000,1,2.78,4,0.005476904802024365
114,18,1000,1,2.73,3,0.005478346826508641
114,19,1000,1,2.76,3,0.005476228138431907
114,20,1000,1,2.64,2,0.005477251626551151
115,1,1000,3,4.58,3,0.030784016128629445
115,2,1000,3,4.43,3,0.030784239873290063
115,3,1000,3,5.38,3,0.030784827081486582
115,4,1000,3,6.1,3,0.030785681966692208
115,5,1000,3,4.66,2,0.03078671665303409
115,6,1000,3,6.63,5,0.030787310419604183
115,7,1000,3,6.84,5,0.03078646158427
115,8,1000,2,3.42,2,0.030786637376993893
115,9,1000,3,5.79,7,0.030788177080452443
115,10,1000,3,6.74,9,0.0307874866630882
115,11,1000,3,8.26,5,0.03078633996658027
115,12,1000,3,5.87,3,0.03078572594933212
115,13,1000,3,5.11,2,0.030786267906427384
115,14,1000,3,3.79,1,0.030786530999466776
115,15,1000,3,6.42,1,0.030786812851205467
115,16,1000,3,6.36,1,0.03078528332710266
115,17,478,3,10.0,6,0.03078658411583267
115,18,157,3,10.03,15,0.030787413833057803
115,19,246,4,10.03,3,0.0307878472092675
115,20,1000,3,6.48,3,0.030788642393425106
115,21,578,3,10.0,7,0.030789051743088915
115,22,1000,3,8.33,5,0.030788231320679187
115,23,150,3,10.06,8,0.030787518235544365
115,24,172,3,10.02,13,0.03078755779668342
115,25,1000,3,7.93,5,0.030787337932735682
115,26,1000,2,4.66,11,0.030788249189034105
115,27,1000,1,2.52,1,0.03078930266201496
116,1,1000,3,4.49,3,0.04034930986166001
116,2,1000,3,3.47,2,0.04035049258172512
116,3,1000,2,2.71,1,0.040350750535726544
116,4,1000,3,3.31,2,0.04035120359063148
116,5,1000,3,3.31,2,0.04035220255330205
116,6,1000,2,3.04,4,0.04035295058786869
116,7,1000,2,3.0,1,0.040354154210537674
116,8,1000,1,2.56,2,0.0403532904535532
116,9,1000,2,3.08,3,0.040353131644427775
116,10,1000,1,2.62,3,0.040354087986052035
116,11,1000,2,2.79,1,0.04035496921092272
116,12,1000,3,3.59,3,0.04035474801436067
116,13,1000,3,4.78,3,0.040353587232530116
116,14,1000,6,7.87,2,0.04035595975443721
116,15,1000,5,6.57,2,0.040355192963033915
116,16,177,5,10.03,3,0.04035511842302683
116,17,1000,4,5.41,3,0.04035604993253946
116,18,1000,3,3.17,2,0.04035534754768014
116,19,1000,3,3.71,6,0.04035564104095101
116,20,1000,2,2.72,1,0.0403549698330462
116,21,1000,3,3.88,3,0.04035689406096935
116,22,1000,3,3.95,3,0.040355950970202684
116,23,1000,5,6.13,3,0.04035598598048091
116,24,160,5,10.02,3,0.04035548348911107
116,25,166,6,10.03,2,0.04035483069538352
116,26,189,6,10.04,3,0.04035548266595003
116,27,1000,7,5.24,3,0.04035599290579557
116,28,157,4,10.02,7,0.040356066789786524
116,29,141,4,10.01,2,0.04035499155627075
116,30,1000,2,3.71,3,0.04035523445531726
116,31,1000,2,3.59,4,0.04035618687421084
116,32,1000,2,3.38,10,0.04035748550668359
116,33,127,4,10.08,11,0.040357015000318915
116,34,222,4,10.06,3,0.04035805882298731
116,35,151,4,10.0,3,0.040358161664759085
116,36,189,6,10.01,3,0.04035970276941067
116,37,161,6,10.04,3,0.04035980152602522
116,38,1000,3,3.38,1,0.040361640822142365
116,39,1000,2,4.39,5,0.04036111605167389
116,40,140,3,10.05,2,0.040358777503882136
116,41,1000,1,3.65,17,0.040357456564903256
116,42,1000,1,3.3,12,0.04035756016150117
117,1,1000,3,4.46,3,-0.0023021653229370713
117,2,1000,3,3.38,2,-0.0023017400568351148
117,3,1000,2,3.05,3,-0.0023012322783470154
117,4,1000,2,3.06,3,-0.00230101774726063
117,5,1000,1,2.78,5,-0.0023008699640631675
117,6,1000,3,5.98,3,-0.002300744569860399
117,7,228,5,10.04,3,-0.0023004000826755116
117,8,1000,3,3.44,2,-0.0023003584397956727
117,9,1000,3,3.47,2,-0.0023005334977060556
117,10,1000,2,5.44,5,-0.002300764954648912
117,11,1000,3,6.48,2,-0.002300319482572377
117,12,1000,4,8.06,2,-0.002300125571899116
117,13,201,6,10.04,4,-0.002299841362473309
117,14,1000,3,4.29,3,-0.0023003105549141765
117,15,591,4,10.0,4,-0.0023003667407840893
117,16,1000,4,3.68,1,-0.002299831684678793
117,17,1000,2,3.49,4,-0.002300231852568686
117,18,1000,2,3.17,2,-0.0023000063011422755
117,19,169,5,10.03,2,-0.0022996113561204023
117,20,1000,4,3.99,2,-0.0022998161157593133
117,21,1000,3,2.94,2,-0.0022997551914304493
117,22,1000,1,2.55,2,-0.00229959559161216
117,23,1000,1,2.7,3,-0.002299667501822114
117,24,1000,4,8.08,4,-0.0023000434692949058
117,25,1000,4,4.61,2,-0.0023000204619020225
117,26,1000,2,2.63,1,-0.0022999109290540217
118,1,1000,3,4.48,3,0.04743053984642029
118,2,1000,3,3.41,2,0.04743017491698265
118,3,1000,2,2.88,2,0.04742916254326701
118,4,1000,3,3.07,1,0.047428268741816285
118,5,1000,3,2.92,1,0.04742796288058162
118,6,1000,5,4.99,1,0.04742735645920038
118,7,1000,4,3.8,1,0.04742721493169665
118,8,1000,2,2.69,1,0.047427053026854994
118,9,1000,4,3.96,4,0.04742665315046907
118,10,1000,2,3.05,4,0.04742630149051547
118,11,1000,3,5.69,3,0.04742648459970951
118,12,1000,3,5.6,5,0.04742549671605229
118,13,130,3,10.0,7,0.047425322664471775
118,14,145,4,10.04,2,0.04742508155518565
118,15,148,4,10.0,8,0.04742482818059019
118,16,139,4,10.02,2,0.04742494013776882
118,17,1000,5,6.97,1,0.04742461225390434
118,18,1000,2,3.97,7,0.047424522276967765
118,19,1000,3,3.68,2,0.04742494451999664
118,20,221,5,10.04,9,0.04742449050035951
118,21,137,4,10.04,3,0.04742420453877345
118,22,149,4,10.07,4,0.047423328104235184
118,23,757,4,10.0,4,0.0474234870542702
118,24,1000,3,4.63,3,0.04742406855151057
118,25,1000,4,5.72,6,0.04742363567650318
118,26,1000,2,3.96,6,0.04742389815673232
118,27,1000,2,4.79,3,0.04742361432313919
118,28,152,4,10.05,5,0.047423606860990584
119,1,1000,3,4.46,3,0.0012771695936098695
119,2,1000,3,4.21,3,0.0012773150606080889
119,3,1000,3,4.25,2,0.0012774368189275266
119,4,1000,3,4.34,2,0.0012779529336839914
119,5,1000,3,4.23,2,0.0012781599769368767
119,6,1000,3,4.33,2,0.0012779201241210102
119,7,1000,3,5.42,2,0.0012774898596107959
119,8,1000,3,3.84,2,0.0012776436693966388
119,9,1000,2,3.58,3,0.0012775687603279948
119,10,1000,2,3.0,3,0.0012782017653807998
119,11,1000,2,2.82,2,0.0012784540420398116
119,12,1000,2,3.19,2,0.001277878949418664
119,13,1000,3,2.77,1,0.0012780605014413595
119,14,1000,3,3.45,2,0.0012781620863825084
119,15,1000,3,4.79,3,0.0012781588649377227
119,16,1000,3,2.72,1,0.0012776094004511834
119,17,1000,2,2.69,2,0.0012775768842548131
119,18,1000,2,2.72,2,0.0012774894535541534
120,1,1000,3,4.72,3,-0.09059462787210941
120,2,1000,3,3.99,3,-0.09059480218589305
120,3,1000,2,3.44,3,-0.09059484714269637
120,4,1000,2,4.08,3,-0.09059447648376226
120,5,1000,3,3.68,3,-0.0905938063710928
120,6,1000,2,3.15,2,-0.09059414099901915
120,7,1000,2,2.84,1,-0.09059407708048821
120,8,1000,2,4.29,6,-0.09059473884105683
120,9,1000,2,4.87,8,-0.09059440568089486
120,10,1000,2,4.06,5,-0.09059368575364352
120,11,1000,2,3.43,3,-0.09059296295046806
120,12,1000,1,2.76,3,-0.09059281578660011
120,13,1000,3,3.72,3,-0.09059235635399819
120,14,1000,2,4.28,8,-0.09058929643034935
120,15,1000,1,2.74,2,-0.09059008300304412
120,16,1000,1,3.01,6,-0.09059064319729805
120,17,1000,2,3.23,3,-0.09058988854289055
120,18,1000,1,2.83,4,-0.09058988776057958
120,19,1000,1,2.87,4,-0.09058969730138779
120,20,1000,1,3.21,9,-0.09058942517638206
120,21,1000,1,2.77,3,-0.09058802337944508
120,22,1000,2,4.69,5,-0.0905860246643424
120,23,1000,2,3.54,2,-0.0905848943516612
120,24,1000,1,2.95,5,-0.0905849628224969
120,25,1000,2,2.9,3,-0.09058417674899101
120,26,1000,2,3.16,4,-0.09058367267251015
120,27,1000,2,4.03,14,-0.0905845540985465
120,28,1000,2,2.8,1,-0.09058470971882343
120,29,1000,3,3.8,1,-0.09058378777652978
120,30,1000,3,4.86,1,-0.09058328122645616
120,31,1000,3,3.73,1,-0.09058269730955362
120,32,1000,3,4.44,1,-0.09058141086250543
120,33,616,5,10.0,3,-0.0905800625415785
120,34,1000,5,9.29,2,-0.09057965075969696
120,35,1000,4,8.15,2,-0.09058005557954311
120,36,147,5,10.04,1,-0.09058106305445132
120,37,1000,4,4.62,1,-0.09058139608800411
120,38,1000,4,3.73,1,-0.09058102004230023
120,39,1000,4,5.21,1,-0.09058045963197947
120,40,1000,2,2.87,1,-0.09058022654801608
120,41,1000,2,6.55,14,-0.09057934537529945
120,42,1000,2,4.66,7,-0.09057889661192894
120,43,1000,3,4.76,3,-0.09057827372848988
120,44,516,4,10.0,3,-0.09057824826228988
120,45,205,5,10.06,3,-0.09057822281994471
120,46,780,5,10.0,3,-0.09057567512186673
120,47,1000,5,6.6,2,-0.09057490944117308
120,48,1000,5,6.56,2,-0.09057424102723599
120,49,1000,3,3.88,4,-0.09057342188805342
120,50,1000,3,3.82,4,-0.09057274051755666
120,51,1000,2,2.83,1,-0.09057261645793915
120,52,1000,2,2.87,1,-0.09057157686352729
120,53,1000,2,2.87,1,-0.09057066835463047
120,54,1000,2,3.61,1,-0.0905710168555379
120,55,557,4,10.0,2,-0.09057185901880692
120,56,1000,3,6.71,9,-0.09057156346738339
120,57,1000,3,6.68,9,-0.09057120276242495
120,58,623,4,10.0,2,-0.09057085926421764
120,59,147,4,10.02,5,-0.09057229924566891
120,60,1000,3,7.42,2,-0.09057152289152146
120,61,228,3,10.0,9,-0.09057136432251386
120,62,1000,4,8.66,3,-0.09057132467627525
120,63,213,4,10.02,7,-0.09057090469928974
120,64,185,4,10.04,3,-0.09057120052543846
120,65,158,4,10.04,4,-0.09057011431719683
120,66,141,3,10.01,6,-0.09057076571258248
120,67,188,5,10.06,2,-0.0905651700623492
120,68,227,4,10.01,3,-0.09056390766136446
120,69,203,5,10.02,1,-0.09056400100292243
120,70,193,5,10.02,3,-0.09056449017530896
120,71,1000,5,5.08,1,-0.09056437914073467
120,72,1000,5,7.01,1,-0.09056502022594214
120,73,1000,2,3.04,3,-0.09056604137271643
120,74,1000,2,3.43,3,-0.0905654208958149
120,75,163,3,10.0,21,-0.09056466932128543
120,76,1000,3,4.39,4,-0.09056330263614655
120,77,1000,3,3.08,3,-0.09056371662765741
120,78,1000,3,3.12,3,-0.09056359547376633
120,79,1000,2,2.81,1,-0.09056323203444482
120,80,1000,2,2.76,1,-0.09056309023499488
120,81,1000,2,2.77,1,-0.0905631604194641
120,82,1000,2,2.76,1,-0.09056277588009834
120,83,1000,2,2.82,1,-0.09056126028299331
120,84,1000,2,2.77,1,-0.09056014221906662
120,85,1000,2,2.77,1,-0.09055938538908959
120,86,1000,2,2.81,1,-0.09055763739347458
120,87,1000,2,2.78,1,-0.09055517148971558
120,88,1000,3,2.89,1,-0.09055378112196923
120,89,1000,3,2.88,1,-0.09055326703190804
120,90,1000,2,2.81,2,-0.0905401564463973
120,91,1000,2,2.77,2,-0.09053700283169747
120,92,1000,3,2.95,2,-0.09053389756381512
121,1,1000,3,4.5,3,0.033335467502474785
121,2,1000,3,4.31,3,0.03333598774671555
121,3,1000,3,5.14,3,0.03333631426468492
121,4,1000,3,4.44,3,0.03333660112693906
121,5,1000,3,4.36,3,0.03333638124912977
121,6,1000,3,8.06,6,0.0333358228392899
121,7,1000,3,5.26,3,0.033335501354187724
121,8,1000,3,4.35,2,0.03333498218283057
121,9,1000,3,4.53,2,0.03333460205420852
121,10,1000,2,3.6,4,0.03333411307260394
121,11,1000,3,5.25,3,0.0333341113217175
121,12,1000,3,5.45,3,0.03333403246477246
121,13,1000,3,6.97,2,0.03333336706832051
121,14,1000,3,6.27,2,0.03333267058059573
121,15,688,5,10.0,2,0.03333149585049859
121,16,1000,2,4.05,5,0.033330696392804386
121,17,1000,2,7.55,17,0.03333037354797125
121,18,1000,2,5.51,10,0.03333043463900685
121,19,1000,3,5.11,4,0.03333048477768898
121,20,1000,3,5.84,6,0.03333043161034584
121,21,223,3,10.0,7,0.033331058535207014
121,22,1000,2,3.18,3,0.03333086431398988
122,1,1000,3,4.53,3,-0.00626778523530811
122,2,1000,3,4.74,3,-0.006269858296029269
122,3,1000,3,5.7,4,-0.006270979208871722
122,4,1000,3,5.73,6,-0.006269883834756911
122,5,1000,3,3.41,3,-0.006269633092917502
122,6,1000,3,4.91,3,-0.006268649458885193
122,7,1000,2,3.59,5,-0.006266803765669465
122,8,1000,3,4.53,2,-0.006266590371727943
122,9,1000,3,4.51,2,-0.00626897088997066
122,10,1000,3,5.66,2,-0.006270272596739232
122,11,1000,3,4.85,3,-0.006270288462750614
122,12,1000,4,7.33,2,-0.006270070699974895
122,13,185,4,10.05,4,-0.006268414970789407
122,14,1000,4,9.18,3,-0.006266454949975014
122,15,1000,3,5.87,4,-0.006265827119350433
122,16,1000,2,3.64,9,-0.006265925251878798
122,17,1000,3,4.53,10,-0.006266303944401443
122,18,216,4,10.05,4,-0.006265856661937303
122,19,451,5,10.01,3,-0.006264880809627325
122,20,1000,2,2.87,2,-0.006263735144399107
122,21,1000,3,3.13,2,-0.0062627629842609165
122,22,1000,3,3.53,2,-0.006262133849784732
122,23,1000,1,2.73,3,-0.0062618475798517466
122,24,1000,3,7.59,3,-0.006262955167330802
122,25,1000,3,7.27,5,-0.0062623048042878505
122,26,1000,3,4.52,3,-0.006261865102685988
122,27,1000,3,8.3,7,-0.00626040028501302
122,28,1000,4,7.21,3,-0.006260415131226182
122,29,1000,3,9.96,3,-0.006260709289461374
122,30,1000,3,8.48,14,-0.0062609759848564865
122,31,1000,3,3.51,5,-0.006260271355509758
122,32,1000,1,2.65,2,-0.0062606454081833365
122,33,1000,1,2.65,2,-0.006260361272841692
122,34,1000,1,2.68,3,-0.00626042908243835
122,35,1000,1,2.69,3,-0.006260411272756755
122,36,1000,1,2.65,2,-0.006260471056215465
122,37,1000,1,2.66,3,-0.006268037746660411
122,38,1000,3,3.87,3,-0.006261527412571013
122,39,1000,1,2.67,3,-0.006262046951800585
123,1,1000,3,4.53,3,0.08871185424923897
123,2,1000,3,4.31,2,0.08871183679252863
123,3,1000,3,5.18,3,0.0887122314274311
123,4,1000,5,6.33,2,0.08871169397234917
123,5,1000,2,2.69,2,0.0887123372554779
123,6,1000,2,3.19,5,0.0887128183618188
123,7,1000,1,2.98,8,0.0887144063487649
123,8,1000,2,3.55,5,0.08871450838446616
123,9,1000,1,3.32,12,0.08871520033478737
123,10,1000,2,5.61,9,0.08871548862010241
123,11,1000,2,3.9,3,0.08871582698076963
123,12,1000,2,3.3,4,0.08871615617722273
123,13,1000,2,3.13,2,0.08871644931286574
123,14,1000,1,2.54,2,0.08871702171862125
123,15,1000,1,2.57,2,0.0887175682336092
123,16,1000,2,3.01,4,0.08871865358948708
123,17,1000,1,2.47,1,0.08871929347515106
124,1,1000,3,4.54,3,-0.083256376452744
124,2,1000,3,3.05,2,-0.08325628916174173
124,3,1000,3,5.22,3,-0.08325684297829866
124,4,1000,3,3.41,1,-0.08325701110064983
124,5,1000,3,3.34,1,-0.08325682138651609
124,6,1000,3,3.39,1,-0.08325679083913565
124,7,1000,3,3.39,1,-0.08325683292001486
124,8,1000,3,3.4,1,-0.08325673377513886
124,9,1000,3,3.4,1,-0.08325651756674052
124,10,1000,3,4.41,3,-0.0832563845589757
124,11,1000,3,6.04,2,-0.08325616167485714
124,12,1000,3,7.27,3,-0.08325567891448736
124,13,1000,3,3.16,1,-0.08325525818765163
124,14,1000,2,5.45,7,-0.08325517934560776
124,15,1000,3,8.21,5,-0.08325690110772849
124,16,841,3,10.0,3,-0.08325789640264478
124,17,1000,4,7.4,2,-0.08325737494975329
124,18,1000,2,3.1,4,-0.08325763820111752
124,19,1000,2,3.76,3,-0.08325895240157842
124,20,1000,1,2.74,4,-0.08325936941057444
124,21,1000,3,4.48,3,-0.08326070863008499
124,22,1000,3,6.2,2,-0.0832609558030963
124,23,1000,1,2.72,4,-0.08326078797131777
124,24,1000,3,5.2,2,-0.08326073424518109
124,25,1000,3,5.83,3,-0.08326029706001281
124,26,1000,2,3.29,3,-0.08325875992327929
124,27,1000,3,6.43,3,-0.08325894721597434
124,28,1000,2,3.3,3,-0.08325815689563751
124,29,1000,2,3.85,4,-0.08325827891379595
124,30,1000,3,4.46,6,-0.08326001464575529
124,31,1000,2,3.13,2,-0.08326047828048468
124,32,1000,2,2.71,2,-0.08326070231199265
125,1,1000,3,4.63,3,-0.0730044353082776
125,2,1000,3,3.47,3,-0.07300236424058676
125,3,1000,3,6.02,3,-0.07300013687461615
125,4,1000,3,6.49,5,-0.07299945162981748
125,5,1000,4,4.2,3,-0.07299901325255632
125,6,1000,3,4.21,3,-0.07299840620160103
125,7,268,4,10.02,3,-0.07299775491232302
125,8,188,4,10.05,3,-0.0729970931214221
125,9,149,4,10.06,6,-0.07299705974807676
125,10,201,5,10.06,3,-0.07299779900419179
125,11,1000,3,5.0,3,-0.07299762734770775
125,12,1000,4,4.97,4,-0.07299803413450717
125,13,1000,3,6.76,2,-0.07299867593497038
125,14,1000,2,2.73,1,-0.07299735541641712
125,15,1000,4,7.87,3,-0.07299789725989103
125,16,318,4,10.0,3,-0.07299841319521268
125,17,461,3,10.0,8,-0.0729995988260898
125,18,171,5,10.07,3,-0.07300075152289798
125,19,148,5,10.02,3,-0.073000305005022
125,20,146,4,10.02,3,-0.07300039207282132
125,21,145,4,10.05,6,-0.07300235459516788
125,22,161,4,10.07,6,-0.07300216348274895
125,23,1000,3,4.63,6,-0.07300177482515574
125,24,1000,2,7.41,6,-0.07300020657479762
125,25,1000,3,3.77,1,-0.07299980158358813
125,26,1000,3,3.44,2,-0.07299878910183906
125,27,1000,3,3.44,1,-0.07299809738248586
125,28,1000,2,2.88,1,-0.07299629136919976
125,29,1000,2,2.93,1,-0.07299658758938313
125,30,1000,2,3.01,1,-0.07299627302587032
125,31,1000,4,2.97,3,-0.07299503764510154
125,32,1000,1,2.48,1,-0.07299424707889557
125,33,1000,1,2.66,3,-0.07299441818892956
125,34,1000,1,2.56,2,-0.07299414224922657
125,35,1000,4,3.14,3,-0.07299415138363838
125,36,1000,4,4.57,3,-0.07299534885585308
125,37,1000,1,2.63,3,-0.07299292135238647
125,38,1000,1,2.64,3,-0.07299460386484861
125,39,1000,1,2.56,2,-0.07299343210458756
125,40,1000,1,2.66,3,-0.07299535258114338
125,41,1000,3,3.19,3,-0.0729942368865013
125,42,1000,1,2.53,1,-0.07299491763114929
126,1,1000,3,4.54,3,0.0478790916800499
126,2,1000,3,3.56,2,0.047878582004457715
126,3,1000,3,3.01,2,0.04787778451293707
126,4,1000,2,3.27,4,0.04787703068554401
126,5,1000,2,3.29,4,0.047876988973468544
126,6,1000,1,2.74,5,0.04787703798338771
126,7,1000,2,3.3,2,0.04787672886624932
126,8,1000,2,3.03,2,0.04787668124586344
126,9,151,4,10.07,3,0.047876298846985334
126,10,167,6,10.0,3,0.047876162688710734
126,11,1000,4,4.17,3,0.0478764260597527
126,12,1000,2,3.57,3,0.04787639117985964
126,13,1000,2,3.88,5,0.047876177474856375
126,14,1000,2,3.91,7,0.04787641745060682
126,15,1000,3,6.38,8,0.04787689509242773
126,16,1000,3,5.46,2,0.047876794561743735
126,17,1000,2,3.71,6,0.047876552160829304
126,18,1000,1,2.94,7,0.04787644141539931
126,19,1000,2,3.7,4,0.047876271709799766
126,20,1000,1,2.61,3,0.04787634015455842
126,21,1000,1,2.75,5,0.04787603356316686
126,22,1000,3,8.89,8,0.04787512193247676
126,23,1000,3,4.02,3,0.04787547310069203
126,24,1000,2,4.26,6,0.04787507176399231
126,25,1000,3,4.62,1,0.04787562796473503
126,26,1000,2,2.92,4,0.047874631579965354
126,27,1000,1,2.7,4,0.047875145331025125
126,28,1000,1,2.61,2,0.047875152602791786
127,1,1000,3,4.56,3,0.12369157509505749
127,2,1000,3,4.35,3,0.12369151202589274
127,3,1000,4,7.31,3,0.1236918815523386
127,4,1000,4,5.18,2,0.12369240525364876
127,5,1000,3,3.73,3,0.12369217452406883
127,6,1000,3,2.85,1,0.12369193720817566
127,7,1000,4,4.3,1,0.12369196505844593
127,8,419,6,10.02,3,0.12369209467511189
127,9,343,6,10.03,3,0.12369214717309607
127,10,302,4,10.05,2,0.12369217050095267
127,11,159,5,10.02,4,0.12369222498539859
127,12,199,5,10.03,5,0.1236925774707866
127,13,223,6,10.0,3,0.12369320705332564
127,14,1000,5,8.45,3,0.12369396790117025
127,15,1000,1,2.75,4,0.12369336016476154
127,16,1000,2,3.33,2,0.12369211784750223
127,17,1000,1,2.94,7,0.12369173037260771
127,18,1000,2,7.05,8,0.12369187387079
127,19,276,3,10.0,6,0.1236934044762798
127,20,156,5,10.02,2,0.12369443910817306
127,21,183,5,10.01,4,0.12369397392527001
127,22,1000,3,5.29,4,0.12369368767738342
127,23,1000,4,5.44,4,0.12369386909902096
127,24,1000,4,8.45,3,0.12369258122891187
127,25,295,4,10.0,5,0.12368927623255778
127,26,174,5,10.05,5,0.12368956927595467
127,27,189,5,10.03,5,0.12369006462198086
127,28,158,5,10.0,2,0.12369010338111769
127,29,1000,4,3.91,2,0.12368922530859709
127,30,1000,1,2.56,2,0.1236871118247509
127,31,1000,2,2.84,4,0.1236856571957469
127,32,147,3,10.04,7,0.12368681226052394
127,33,1000,3,3.94,2,0.12368733040988446
127,34,1000,3,5.08,4,0.12368698270618915
127,35,1000,3,3.43,1,0.12368723914772273
127,36,1000,1,2.56,2,0.12368567362427711
127,37,1000,1,2.97,7,0.1236845058426261
127,38,1000,1,2.54,1,0.1236841082572937
127,39,1000,1,2.54,1,0.12368379533290863
128,1,1000,3,4.66,3,-0.06751206316798926
128,2,1000,3,3.87,2,-0.06751176799088716
128,3,1000,3,4.68,4,-0.06751198738068342
128,4,1000,2,3.42,2,-0.06751162814348936
128,5,1000,1,2.72,3,-0.06751226744055748
128,6,1000,1,2.69,2,-0.06751302595436573
128,7,1000,3,6.44,6,-0.06751326464116574
128,8,1000,2,3.4,3,-0.06751199243217706
128,9,1000,5,3.86,3,-0.0675109026953578
128,10,1000,4,3.34,3,-0.06751049362123013
128,11,1000,3,3.85,3,-0.06751090356707573
128,12,1000,2,3.96,5,-0.0675115762501955
128,13,1000,3,7.26,3,-0.06751175949722528
128,14,1000,3,5.97,3,-0.06751065012812614
128,15,153,5,10.01,3,-0.0675100968554129
128,16,984,6,10.0,3,-0.0675099392883419
128,17,138,5,10.01,3,-0.067510017828233
128,18,165,5,10.0,3,-0.06750944834766966
128,19,1000,2,3.24,3,-0.06751016688346863
128,20,1000,2,3.59,3,-0.0675099720954895
128,21,1000,2,3.86,6,-0.06750952740758658
128,22,995,5,10.0,4,-0.0675087100896404
128,23,1000,4,3.61,2,-0.06750917406380176
128,24,1000,1,2.95,6,-0.06751044506579637
128,25,1000,2,3.44,3,-0.06751082462072372
128,26,1000,2,3.21,3,-0.0675106730312109
128,27,1000,3,3.53,3,-0.06751078002154827
128,28,1000,2,3.71,3,-0.067510090790689
128,29,1000,2,2.74,1,-0.06750933015346527
128,30,1000,2,2.82,1,-0.06750938603281975
129,1,1000,3,4.61,3,-0.02025609860755503
129,2,1000,3,5.01,3,-0.02025504159927368
129,3,1000,3,5.33,3,-0.02025441488996148
129,4,1000,4,5.92,3,-0.020254158115014433
129,5,1000,3,6.18,4,-0.020253889655694364
129,6,1000,3,8.32,7,-0.020254373021423817
129,7,1000,4,8.32,3,-0.020254599215462805
129,8,1000,3,5.2,3,-0.020254682077094913
129,9,1000,3,4.98,2,-0.020254427324980496
129,10,289,3,10.0,5,-0.020254112664081645
129,11,627,3,10.0,7,-0.020254491651623824
129,12,194,4,10.04,6,-0.02025473367461224
129,13,1000,3,6.58,8,-0.020254707284271718
129,14,1000,4,4.46,3,-0.020254611216485502
129,15,1000,2,3.99,3,-0.020255175340920688
129,16,1000,2,3.37,2,-0.02025502355210483
129,17,1000,3,9.09,5,-0.02025445092096925
129,18,1000,2,3.18,4,-0.02025447577238083
129,19,1000,3,4.29,2,-0.02025457482971251
129,20,1000,4,8.95,5,-0.020253938350826502
129,21,1000,2,2.98,4,-0.02025473440811038
129,22,1000,4,4.2,4,-0.020254648381844164
129,23,1000,1,2.55,1,-0.020256173186004162
130,1,1000,3,4.65,3,0.058765535164624454
130,2,1000,3,4.35,3,0.05876541452482343
130,3,1000,3,4.62,3,0.058765738174319265
130,4,1000,3,4.61,3,0.05876634149625897
130,5,1000,2,3.33,3,0.058766900159418586
130,6,1000,2,3.87,4,0.05876664720475674
130,7,1000,2,4.98,4,0.058766819663345814
130,8,945,4,10.0,3,0.058765695535789725
130,9,1000,3,3.2,2,0.05876496690139175
130,10,1000,3,3.08,2,0.058766388524323705
130,11,1000,3,3.96,2,0.058765404392033815
130,12,1000,4,6.66,4,0.05876385142281652
130,13,1000,4,5.09,2,0.05876444658637047
130,14,1000,2,3.3,3,0.0587643895149231
130,15,1000,1,2.66,3,0.05876340953633189
130,16,1000,2,3.45,2,0.05876216945424676
130,17,1000,2,3.14,3,0.05876062703877687
130,18,185,5,10.02,5,0.05875937485614338
130,19,1000,3,3.09,1,0.058762600641697645
130,20,1000,1,2.9,6,0.058765228152275084
130,21,1000,2,3.15,2,0.05876588585600257
130,22,1000,2,3.11,3,0.05876715659722686
130,23,1000,2,3.74,3,0.05876944634318352
130,24,1000,2,3.9,4,0.05876604611426592
130,25,1000,2,3.6,4,0.05876557168737054
130,26,1000,2,3.09,3,0.058766920786350964
130,27,1000,5,6.22,2,0.058768244307488206
130,28,1000,2,2.74,1,0.058769997756928205
130,29,1000,2,2.89,3,0.05876895673945546
130,30,1000,2,3.03,4,0.05877041147276759
130,31,1000,2,2.85,3,0.05876929910108447
130,32,1000,1,2.56,2,0.05876837233826518
130,33,1000,2,2.73,2,0.058766947597265244
130,34,1000,2,2.72,2,0.05876873736083508
131,1,1000,3,4.56,3,-0.07731615156680345
131,2,1000,3,4.09,3,-0.077315534286201
131,3,1000,3,5.23,3,-0.0773140766620636
131,4,1000,3,7.36,4,-0.07731305637955665
131,5,1000,3,6.98,3,-0.07731267914175988
131,6,1000,3,6.91,3,-0.0773125773370266
131,7,1000,4,5.68,2,-0.07731167044490576
131,8,1000,4,4.07,1,-0.07731017261743546
131,9,1000,4,4.7,1,-0.07730784369260073
131,10,257,4,10.0,7,-0.07731009303711732
131,11,333,5,10.04,3,-0.07731171395327593
131,12,148,4,10.07,1,-0.07731181453611399
131,13,118,3,10.07,4,-0.07731098643804
131,14,1000,3,7.92,2,-0.07731171458959579
131,15,145,3,10.02,5,-0.07731115072965622
131,16,1000,3,7.27,3,-0.07731024453788995
131,17,121,3,10.01,4,-0.07730945692328382
131,18,468,4,10.0,3,-0.07731016648885532
131,19,1000,3,4.57,3,-0.07731021958589554
131,20,1000,5,6.95,3,-0.0773101274818182
131,21,1000,2,3.74,9,-0.07730880390107632
131,22,1000,4,6.6,4,-0.07730904829502105
131,23,1000,4,5.99,4,-0.07730818118155003
131,24,1000,4,5.94,3,-0.07730900267511606
131,25,1000,3,3.9,4,-0.07730772738903761
131,26,1000,2,3.91,4,-0.07730857960134745
131,27,1000,3,5.45,3,-0.07730917459726333
131,28,1000,3,5.81,3,-0.07730859706550837
131,29,1000,3,4.7,2,-0.07730725760757923
131,30,1000,3,4.11,1,-0.07730448886752128
131,31,1000,3,5.45,2,-0.07730634095519781
131,32,1000,3,7.43,3,-0.07730392827093602
131,33,1000,3,6.12,2,-0.07730172467231751
131,34,1000,3,7.99,3,-0.07730149091035128
131,35,1000,2,2.72,2,-0.07729886242747307
131,36,1000,2,2.62,1,-0.07729575783014297
131,37,1000,0,2.42,0,-0.07729101926088333
132,1,1000,3,4.57,3,0.053221302125602964
132,2,1000,3,4.54,3,0.05322076439112425
132,3,1000,3,4.0,3,0.05322102177515626
132,4,1000,3,3.99,3,0.05322203855216503
132,5,1000,3,4.01,3,0.053222892746329305
132,6,1000,4,4.45,3,0.05322320732474327
132,7,1000,3,3.82,3,0.05322387557476759
132,8,1000,4,8.78,3,0.05322386488690972
132,9,177,4,10.0,3,0.05322379999830898
132,10,893,4,10.0,4,0.05322318226683046
132,11,1000,3,5.1,5,0.05322321007028222
132,12,1000,3,4.05,3,0.05322397443652153
132,13,1000,3,5.74,4,0.05322367952391505
132,14,191,5,10.0,10,0.05322503758818691
132,15,255,5,10.0,5,0.05322510278692433
132,16,1000,5,3.8,1,0.05322465500608087
132,17,1000,2,3.52,7,0.05322474722936749
132,18,1000,3,3.69,1,0.05322556434571743
132,19,162,5,10.06,7,0.05322650603858041
132,20,1000,5,7.36,1,0.05322524669393897
132,21,1000,4,7.81,4,0.0532251683473587
132,22,1000,1,2.57,2,0.053226712808012965
132,23,1000,1,3.28,11,0.053227934278547766
132,24,1000,1,2.65,3,0.05322830111533403
132,25,1000,1,2.64,2,0.05322679214179516
133,1,1000,3,4.56,3,0.004789083689451218
133,2,1000,3,4.68,3,0.004788046440109611
133,3,1000,4,4.43,1,0.004787593625485897
133,4,1000,4,8.53,3,0.0047879314981400965
133,5,1000,4,6.02,3,0.004788056746125221
133,6,1000,4,9.25,3,0.004787949649617076
133,7,1000,4,8.13,11,0.004787869008257985
133,8,1000,2,3.29,3,0.004786703210324049
133,9,1000,3,3.96,3,0.004786099763587117
133,10,1000,3,3.17,1,0.004786415491253138
133,11,1000,3,5.44,6,0.0047858218280598525
133,12,1000,3,3.65,4,0.004786040028557181
133,13,1000,1,2.73,4,0.004785519063472748
133,14,1000,2,2.97,3,0.0047850762009620665
133,15,1000,2,2.76,2,0.004784422354772687
133,16,1000,2,3.28,2,0.004784681597724557
133,17,1000,2,3.78,2,0.004784570306539535
133,18,1000,4,3.91,1,0.004782965259626508
133,19,1000,4,5.81,3,0.0047838800717145205
133,20,1000,3,9.45,3,0.004782144315540791
133,21,1000,3,5.44,2,0.004781301448121667
133,22,1000,3,5.04,6,0.004780330158770084
133,23,1000,2,3.11,3,0.004780416537076235
133,24,1000,3,2.96,1,0.004779658863320947
133,25,1000,1,2.62,2,0.004777334632351995
133,26,1000,1,2.65,3,0.0047780158147215845
134,1,1000,3,4.57,3,0.04478436495363712
134,2,1000,3,3.38,2,0.04478441527485848
134,3,1000,3,4.57,3,0.04478419816121459
134,4,1000,2,2.84,3,0.04478515096381307
134,5,1000,2,3.3,3,0.04478507037460804
134,6,1000,3,6.13,3,0.044785101454705
134,7,1000,2,3.02,2,0.04478501801192761
134,8,1000,3,4.84,3,0.04478528993204236
134,9,149,4,10.07,3,0.04478498783287586
134,10,1000,5,7.97,2,0.044785423256456854
134,11,1000,4,4.68,1,0.044785926926881076
134,12,1000,4,5.95,1,0.04478631215915084
134,13,1000,1,2.68,3,0.04478501308709383
134,14,1000,1,2.91,6,0.044784008890390394
134,15,1000,2,4.84,5,0.04478464993461966
134,16,148,4,10.0,3,0.044784413222726936
134,17,157,5,10.07,2,0.04478463599351561
134,18,1000,3,8.67,5,0.044784536845982076
134,19,1000,3,5.29,4,0.0447843242995441
134,20,1000,4,7.44,3,0.0447839346267283
134,21,150,4,10.05,3,0.044783926457166674
134,22,139,3,10.02,3,0.04478392428417
134,23,155,4,10.07,12,0.04478447463723921
134,24,1000,4,6.22,3,0.04478494591638446
134,25,1000,3,6.41,3,0.04478427982702851
134,26,1000,2,4.13,3,0.044783980287611484
135,1,1000,3,4.67,3,0.0020476076323539018
135,2,1000,3,4.77,3,0.0020487912874668835
135,3,1000,3,4.26,3,0.002049735389649868
135,4,1000,3,4.54,2,0.0020496948212385176
135,5,1000,4,7.88,6,0.002049599926918745
135,6,1000,3,3.87,2,0.002049455801025033
135,7,874,4,10.0,3,0.002049259768982228
135,8,1000,3,9.99,5,0.0020486244969069958
135,9,1000,3,3.86,2,0.002048445286229253
135,10,1000,2,2.88,2,0.0020491444747895004
135,11,1000,3,3.42,2,0.0020491329934448003
135,12,1000,3,9.52,5,0.0020503736101090907
135,13,1000,3,6.25,4,0.0020514661539345978
135,14,1000,3,5.4,4,0.0020498967971652746
135,15,1000,2,3.83,5,0.0020511773861944674
135,16,1000,3,5.41,4,0.0020516408067196607
135,17,1000,1,2.57,2,0.0020528923515230417
135,18,1000,1,2.54,1,0.0020551057532429695
136,1,1000,3,4.71,3,-0.03153888714686036
136,2,1000,3,3.48,2,-0.03153967110812664
136,3,1000,2,3.47,4,-0.031539748780429366
136,4,1000,2,3.13,5,-0.031540139842778446
136,5,1000,2,3.45,3,-0.031540942262858154
136,6,1000,3,4.8,1,-0.03154167623817921
136,7,1000,2,4.32,6,-0.03154119433835149
136,8,1000,4,9.47,2,-0.031542050559073685
136,9,1000,2,3.4,3,-0.031542495869100094
136,10,1000,1,2.84,4,-0.03154261117056012
136,11,1000,2,3.21,4,-0.031542556688189505
136,12,1000,2,3.88,2,-0.03154336924850941
136,13,1000,3,5.4,3,-0.031544032409787176
136,14,1000,2,3.42,3,-0.03154461010545492
136,15,1000,4,5.09,3,-0.03154439444467425
136,16,153,4,10.02,4,-0.03154375408989152
136,17,159,4,10.05,11,-0.03154371514822702
136,18,1000,1,2.79,3,-0.03154350537061691
136,19,1000,1,3.34,11,-0.031544077780097726
136,20,568,5,10.0,13,-0.031544594717225136
136,21,139,4,10.07,4,-0.03154453686136994
136,22,151,4,10.0,3,-0.03154467125207383
136,23,370,4,10.0,3,-0.03154456614441163
136,24,255,4,10.0,4,-0.03154470320133602
136,25,130,4,10.02,3,-0.0315446720386927
136,26,181,5,10.07,7,-0.03154408750613091
136,27,931,3,10.0,5,-0.03154280948203565
136,28,893,3,10.0,3,-0.03154324280871923
136,29,132,4,10.04,3,-0.03154352581072034
136,30,130,4,10.0,3,-0.03154500184150843
136,31,146,4,10.01,3,-0.03154613485891525
136,32,126,4,10.02,4,-0.03154734356535806
136,33,136,4,10.04,4,-0.031548256794100296
136,34,1000,4,6.46,13,-0.03154859749600291
136,35,123,3,10.03,3,-0.0315495363277633
137,1,1000,3,4.58,3,0.026671782175078988
137,2,1000,3,3.91,2,0.026669794464483858
137,3,1000,3,4.37,2,0.026669825609773396
137,4,1000,1,2.66,3,0.02666876029968262
137,5,1000,1,2.67,3,0.026668690282851456
137,6,1000,2,3.09,3,0.02666835157945752
137,7,1000,2,3.3,3,0.02666848687827587
137,8,1000,1,2.76,5,0.026668520785868167
137,9,1000,2,3.63,4,0.02666858936473727
137,10,1000,2,2.87,2,0.026668075751513243
137,11,1000,1,2.65,3,0.026667566994205118
137,12,1000,2,3.64,4,0.026666751109063625
137,13,1000,3,4.6,2,0.02666677739843726
137,14,1000,2,2.78,3,0.026666584178805353
137,15,1000,3,8.65,5,0.026666166951879858
137,16,1000,3,7.14,3,0.026665354240685703
137,17,1000,1,2.76,4,0.02666503874398768
137,18,1000,1,2.77,4,0.026664857771247625
137,19,1000,1,2.55,2,0.02666399648785591
137,20,1000,2,2.72,2,0.026663256634026765
137,21,1000,2,2.93,2,0.026661947719752787
137,22,1000,1,2.71,4,0.026661291122436523
137,23,1000,1,2.55,2,0.026660761013627052
137,24,1000,1,2.66,3,0.026660044234246016
137,25,1000,1,2.61,2,0.026659049846231936
137,26,1000,1,2.74,4,0.02665842742845416
137,27,1000,1,2.58,2,0.026657894130796195
137,28,1000,1,2.58,2,0.026656822569668292
138,1,1000,3,4.6,3,-0.11329846356064081
138,2,1000,3,3.96,3,-0.1132986602783203
138,3,1000,2,2.78,3,-0.11329893874377012
138,4,1000,3,3.38,3,-0.11329922025650739
138,5,1000,2,2.91,3,-0.11329924345016479
138,6,1000,3,4.74,3,-0.11329930114001036
138,7,1000,5,7.77,3,-0.11329974569380283
138,8,1000,3,4.07,3,-0.11329999576508999
138,9,326,4,10.01,5,-0.11330037650886489
138,10,159,4,10.03,6,-0.11330120481035244
138,11,215,5,10.02,6,-0.11330159150583799
138,12,1000,4,9.82,6,-0.11330242628604173
138,13,1000,2,2.88,3,-0.11330242045223712
138,14,1000,3,6.31,4,-0.11330351555347443
138,15,1000,3,3.94,4,-0.11330291977524758
138,16,1000,4,5.18,4,-0.11330221394449472
138,17,1000,4,5.39,3,-0.11330313279479742
138,18,147,5,10.05,3,-0.11330203504181233
138,19,1000,3,3.8,2,-0.11330207645893096
138,20,1000,4,3.43,1,-0.11330291801691056
138,21,1000,2,3.1,4,-0.11330435778200626
138,22,871,4,10.0,3,-0.11330404669799159
138,23,1000,3,7.67,7,-0.11330450991541147
138,24,471,4,10.0,3,-0.11330534285231
138,25,1000,3,3.45,1,-0.11330654647201299
138,26,1000,3,3.57,6,-0.1133057002723217
138,27,1000,2,3.03,2,-0.11330728345364333
138,28,1000,2,3.51,1,-0.11330876582115888
138,29,1000,3,3.73,3,-0.11330804238468409
138,30,1000,4,5.64,4,-0.11331014938652516
138,31,1000,1,2.69,4,-0.11330730354785919
138,32,1000,3,4.4,5,-0.11330812230706215
138,33,1000,2,3.5,7,-0.11330850557982922
138,34,1000,2,3.23,3,-0.11330872060358524
138,35,1000,2,2.72,2,-0.11330964148044587
138,36,1000,3,4.8,3,-0.11330925439298153
138,37,1000,3,3.98,4,-0.11331162954121828
138,38,1000,2,2.94,1,-0.11331076329946518
138,39,1000,4,5.68,1,-0.11331195340305567
138,40,1000,3,3.21,1,-0.11331088998168706
138,41,1000,4,4.04,1,-0.1133103402480483
138,42,1000,3,3.5,1,-0.11330990976840258
138,43,1000,3,3.67,1,-0.11331003779172898
138,44,1000,2,3.1,1,-0.11331221473217011
138,45,1000,2,3.22,2,-0.11331236728280783
138,46,1000,2,2.56,1,-0.11331222951412201
138,47,1000,1,2.65,3,-0.11330881480872632
138,48,1000,2,3.82,1,-0.11330981887876987
138,49,1000,4,8.42,3,-0.11330938371270895
138,50,202,4,10.0,4,-0.1133082938740159
138,51,1000,3,3.84,2,-0.11330719490349293
138,52,1000,1,2.63,3,-0.11330978840589523
138,53,1000,1,2.53,1,-0.11331284046173096
138,54,1000,2,2.68,1,-0.11331498250365257
139,1,1000,3,4.58,3,0.1482642592638731
139,2,1000,3,3.42,3,0.14826320967078208
139,3,1000,3,3.46,2,0.14826190955936908
139,4,1000,2,3.73,6,0.1482595801949501
139,5,1000,2,2.86,2,0.14825852280855178
139,6,1000,1,2.59,2,0.14825978523492814
139,7,1000,1,2.6,2,0.14825750701129436
139,8,1000,1,2.95,7,0.14825685493648053
139,9,1000,2,2.85,2,0.14825748601555824
139,10,1000,1,2.68,3,0.14825685268640518
139,11,1000,2,4.83,3,0.14825465808808805
139,12,1000,2,2.67,1,0.148254789814353
139,13,1000,1,2.67,3,0.1482578758597374
139,14,1000,1,2.68,3,0.1482555649280548
139,15,1000,4,8.58,3,0.1482533998042345
139,16,1000,2,5.4,7,0.1482525010406971
139,17,1000,6,9.19,3,0.1482523056715727
139,18,1000,3,3.2,1,0.14824966728687286
139,19,1000,2,3.2,4,0.14825296327471732
139,20,1000,2,3.33,4,0.14825395083427428
139,21,1000,2,2.73,2,0.14825406062602997
140,1,1000,3,4.67,3,-0.05396525003388524
140,2,1000,3,3.54,3,-0.05396441798657179
140,3,1000,3,3.98,2,-0.053964173175394536
140,4,1000,2,2.93,3,-0.053963902451097966
140,5,1000,3,4.44,3,-0.0539635272398591
140,6,1000,3,4.5,4,-0.05396395980194211
140,7,1000,3,4.39,3,-0.05396434479951859
140,8,1000,3,5.15,4,-0.05396378154680133
140,9,1000,3,3.08,3,-0.05396386931836605
140,10,1000,2,3.01,4,-0.05396378947794438
140,11,1000,3,3.8,2,-0.05396380860731006
140,12,1000,3,3.21,2,-0.0539633535258472
140,13,1000,3,2.87,2,-0.05396384570002556
140,14,1000,3,3.18,1,-0.05396350776776671
140,15,1000,3,3.35,1,-0.05396338875964284
140,16,1000,2,2.73,2,-0.053962835371494294
140,17,1000,2,2.75,2,-0.053962607007473705
140,18,1000,3,2.95,1,-0.05396246217936278
140,19,1000,3,3.56,1,-0.05396230925619602
140,20,1000,3,3.58,5,-0.05396240186691284
140,21,1000,3,3.09,1,-0.053962606601417065
140,22,1000,3,3.02,1,-0.053962526872754095
140,23,1000,2,2.86,3,-0.05396156768500805
140,24,1000,2,2.74,2,-0.05396099217236042
140,25,1000,3,3.77,2,-0.053960970140993596
140,26,1000,3,3.76,2,-0.05396037342771888
140,27,1000,2,3.0,4,-0.053959237165749074
140,28,1000,3,2.79,1,-0.053958485789597034
140,29,1000,3,3.6,3,-0.0539592536278069
140,30,1000,2,3.01,4,-0.05395828877389431
140,31,1000,3,5.28,3,-0.053957722410559655
140,32,1000,4,5.44,3,-0.05395828772336245
140,33,1000,3,3.64,3,-0.05395851380378008
140,34,1000,2,3.21,5,-0.053958014395087954
140,35,1000,3,4.3,5,-0.05395663805678487
140,36,1000,3,5.5,6,-0.053956451661884786
140,37,1000,3,7.21,6,-0.05395653424039483
140,38,154,4,10.0,3,-0.053956786775356765
140,39,367,5,10.02,3,-0.05395631735753623
140,40,1000,4,6.5,4,-0.05395530974492431
140,41,132,4,10.04,3,-0.05395450231365182
140,42,660,4,10.0,4,-0.053955074597262974
140,43,1000,3,4.74,5,-0.05395588994771242
140,44,1000,4,3.37,2,-0.053955514155328274
140,45,161,4,10.07,6,-0.05395498258634383
140,46,150,4,10.06,3,-0.053955436100562415
140,47,1000,1,2.74,4,-0.053953414019197225
140,48,1000,1,3.04,8,-0.05395093405246735
140,49,1000,2,3.36,2,-0.053950808446854355
140,50,1000,1,3.07,8,-0.05395114718005061
140,51,1000,1,2.63,2,-0.0539517700523138
140,52,1000,2,2.91,3,-0.05395147455483675
140,53,1000,2,2.97,3,-0.05395179793611169
140,54,1000,1,2.65,2,-0.05394973821938038
140,55,1000,1,2.68,3,-0.053947377428412435
140,56,1000,1,2.67,3,-0.05394517710059881
140,57,1000,1,2.56,2,-0.053942702889442445
140,58,1000,1,2.56,2,-0.053939792066812514
140,59,1000,1,2.65,3,-0.053939169608056545
140,60,1000,3,4.81,4,-0.053936749879270794
140,61,1000,3,4.23,4,-0.053934733886271714
140,62,1000,2,2.76,2,-0.05393817581608892
140,63,1000,3,3.27,2,-0.053936585273593664
140,64,1000,3,3.03,3,-0.053935117490589615
140,65,1000,1,2.53,1,-0.05392979830503464
140,66,1000,1,2.55,2,-0.0539337872415781
141,1,1000,3,4.6,3,0.019688885264098645
141,2,1000,3,3.38,3,0.01968955446407199
141,3,1000,3,3.49,2,0.01969057292304933
141,4,1000,2,3.54,5,0.01969116180576384
141,5,1000,2,3.29,4,0.019691666565835476
141,6,1000,1,2.71,4,0.019692442689090966
141,7,1000,1,2.76,5,0.019693241076543928
141,8,1000,2,4.5,7,0.019693825516849756
141,9,1000,1,2.65,3,0.019694874184206127
141,10,1000,1,2.75,5,0.01969558219797909
141,11,1000,2,4.4,4,0.019696301417425274
141,12,144,4,10.01,3,0.019696700839429267
141,13,138,4,10.03,3,0.019696513501306374
141,14,1000,2,4.77,4,0.01969656726717949
141,15,157,4,10.04,5,0.01969650805376138
141,16,171,5,10.04,7,0.019696867583613647
141,17,1000,3,3.36,3,0.019697129771113396
141,18,1000,2,5.94,16,0.01969808369129896
141,19,1000,2,3.82,4,0.019698993392288686
141,20,153,4,10.01,5,0.019699561208778738
141,21,612,6,10.04,6,0.01969901670160052
141,22,168,4,10.0,3,0.01969987162876697
141,23,1000,3,4.78,3,0.019700257111340762
141,24,165,4,10.04,5,0.01969950505052552
141,25,1000,3,5.58,6,0.019700069358572363
141,26,1000,4,9.93,13,0.019700896769762038
141,27,138,4,10.05,3,0.019700784695105278
142,1,1000,3,4.63,3,0.028481400294229388
142,2,1000,3,4.01,2,0.028480808787047864
142,3,1000,3,3.47,2,0.02848070065677166
142,4,1000,2,2.85,3,0.028480907188728453
142,5,1000,3,3.15,2,0.028480705097317694
142,6,1000,3,3.13,2,0.028480810357257722
142,7,1000,3,3.08,3,0.028480496644973756
142,8,1000,3,3.41,2,0.02847981636598706
142,9,1000,3,3.03,2,0.02847893811762333
142,10,1000,3,3.47,2,0.028478923086076975
142,11,1000,2,2.91,1,0.028479610845446587
142,12,1000,1,2.78,5,0.02847947758436203
142,13,1000,2,4.18,4,0.028480061134323477
142,14,1000,6,7.28,3,0.028479952979832888
142,15,152,5,10.03,3,0.02847866319414032
142,16,1000,5,9.98,2,0.02847825438529253
142,17,1000,1,2.56,2,0.02847877148911357
142,18,1000,2,4.17,6,0.028479562861844897
142,19,1000,2,2.98,2,0.02847912802360952
142,20,1000,1,2.51,1,0.02848113141953945
143,1,1000,3,4.69,3,-0.012881892135366797
143,2,1000,3,4.84,3,-0.012882838387042284
143,3,1000,4,9.12,3,-0.012882864294573665
143,4,1000,4,9.08,3,-0.01288308354280889
143,5,1000,3,5.8,3,-0.012882818905636669
143,6,1000,3,6.07,3,-0.012882580935955047
143,7,1000,3,5.45,3,-0.012883016914129257
143,8,1000,3,4.72,1,-0.012883545006625354
143,9,1000,3,4.01,1,-0.012884361883625389
143,10,1000,3,4.6,1,-0.012884794563055038
143,11,1000,3,4.7,1,-0.012884986342862248
143,12,1000,3,4.54,1,-0.012885002665221692
143,13,1000,3,4.66,1,-0.012885005842894317
143,14,1000,3,3.87,1,-0.01288495529256761
143,15,1000,2,3.22,2,-0.012887001747265458
144,1,1000,3,4.62,3,0.04265178795158863
144,2,1000,3,3.54,3,0.04265171853452921
144,3,1000,3,3.53,3,0.042651689279824496
144,4,1000,3,4.23,3,0.04265151972696185
144,5,1000,3,4.53,2,0.042651463091373444
144,6,1000,2,3.52,2,0.042651451617479325
144,7,1000,3,6.11,2,0.04265146539360285
144,8,397,3,10.0,10,0.04265153261666334
144,9,1000,3,6.04,3,0.042651704732328655
144,10,1000,4,7.82,3,0.04265172450244427
144,11,1000,4,6.18,1,0.04265142457559705
144,12,1000,2,5.49,6,0.04265168720111251
144,13,1000,3,9.55,6,0.04265164638310671
144,14,1000,2,3.14,3,0.042651018477976324
144,15,1000,3,4.65,3,0.04265119484812021
144,16,1000,3,8.38,5,0.04265124635770917
144,17,134,4,10.04,3,0.04265095540947879
144,18,200,5,10.06,2,0.042650856152176855
144,19,1000,3,5.64,3,0.04265181527286768
144,20,1000,1,2.82,5,0.04265220355242491
144,21,1000,2,5.13,6,0.04265157643705606
144,22,162,5,10.01,6,0.04265123412564949
144,23,1000,5,6.89,3,0.04265125067904592
144,24,1000,4,5.54,1,0.04265139520540834
144,25,142,4,10.0,7,0.04265145771205425
144,26,1000,1,2.64,3,0.04265133134648204
144,27,388,4,10.0,5,0.042651032184049024
144,28,1000,4,6.64,1,0.04265054420009255
144,29,1000,3,7.78,11,0.042650630574673415
144,30,143,4,10.01,3,0.0426505798070164
144,31,1000,4,8.29,3,0.04265029108151794
144,32,1000,3,4.99,3,0.042650316093117
144,33,998,3,10.0,15,0.04265059658021989
144,34,1000,3,5.16,8,0.04265028750896454
144,35,1000,2,3.18,3,0.04265081536769867
145,1,1000,3,4.82,3,-0.12061514902114868
145,2,1000,3,3.97,3,-0.12061382081359624
145,3,1000,3,3.64,2,-0.1206124411597848
145,4,1000,4,4.34,3,-0.12061190188676119
145,5,1000,3,5.49,3,-0.12061080615222454
145,6,1000,3,5.46,3,-0.12060930320620537
145,7,1000,4,4.13,3,-0.120607680298388
145,8,1000,3,3.94,3,-0.12060690193623304
145,9,1000,2,4.43,5,-0.12060541994869708
145,10,163,3,10.03,4,-0.12060435143716496
145,11,165,5,10.07,3,-0.12060308700258082
145,12,1000,4,4.37,2,-0.12060200397670269
145,13,1000,1,3.59,13,-0.12060061430186034
145,14,1000,2,2.9,3,-0.12059807159751654
145,15,1000,3,4.3,3,-0.12059660784155131
145,16,136,3,10.0,8,-0.12059668139280642
145,17,157,4,10.03,3,-0.1205939054963695
145,18,160,5,10.0,3,-0.12059491910040379
145,19,1000,4,5.99,1,-0.12059648732841015
145,20,1000,3,4.08,1,-0.12059486965835095
145,21,1000,3,7.78,1,-0.1205949286594987
145,22,151,5,10.03,1,-0.12059103722209173
145,23,1000,3,7.49,5,-0.12059422639757394
145,24,1000,3,5.01,3,-0.12059466140717268
145,25,166,3,10.02,3,-0.12059805228049497
145,26,137,3,10.08,3,-0.12059535455964777
145,27,131,3,10.01,3,-0.12059543554791967
145,28,132,4,10.03,3,-0.12059474742096482
145,29,226,3,10.05,10,-0.1205933701279944
145,30,1000,2,3.38,1,-0.12058997604250908
145,31,1000,2,3.73,2,-0.12059073749929666
145,32,1000,2,4.48,4,-0.12059245201200247
145,33,1000,3,4.2,1,-0.12058957244455815
145,34,1000,2,7.7,10,-0.12059034416079521
145,35,1000,0,2.51,0,-0.12058299034833908
146,1,1000,3,4.61,3,-0.0634987797960639
146,2,1000,3,3.37,3,-0.06349820335954427
146,3,1000,3,4.75,2,-0.06349783736467361
146,4,1000,3,4.03,3,-0.0634992870092392
146,5,1000,3,4.38,2,-0.06350019855052233
146,6,1000,2,2.87,2,-0.0635007973536849
146,7,1000,1,2.58,2,-0.06349969954043627
146,8,1000,2,4.52,7,-0.06349901904910803
146,9,1000,4,4.77,4,-0.06350043756514788
146,10,1000,5,4.26,3,-0.06350210739672184
146,11,346,6,10.03,2,-0.06350211364168652
146,12,148,4,10.02,6,-0.06350221364079295
146,13,160,5,10.0,4,-0.0635023399721831
146,14,166,4,10.01,3,-0.06350182077611785
146,15,1000,2,3.57,3,-0.06350298395752907
146,16,1000,5,8.12,3,-0.06350336525589227
146,17,1000,5,9.64,5,-0.06350488221645355
146,18,1000,4,7.67,5,-0.06350506242364645
146,19,278,5,10.07,3,-0.06350489368112824
146,20,1000,3,5.36,3,-0.06350455462187529
146,21,163,5,10.07,3,-0.06350554955517587
146,22,141,5,10.05,1,-0.0635057345349738
146,23,170,5,10.02,5,-0.06350537109024385
146,24,158,5,10.06,3,-0.06350480279401888
146,25,145,4,10.02,3,-0.06350520037371536
146,26,1000,5,8.18,4,-0.06350506527721882
146,27,1000,2,4.25,4,-0.0635055051073432
146,28,1000,2,3.99,4,-0.06350568682700396
146,29,1000,2,4.38,5,-0.06350546352565288
146,30,1000,2,3.11,2,-0.06350437816977501
146,31,1000,3,6.24,5,-0.06350494218617678
146,32,130,4,10.05,2,-0.0635051761682217
146,33,136,4,10.06,2,-0.06350519228726625
146,34,127,2,10.05,20,-0.06350579828493239
146,35,129,2,10.01,13,-0.06350550194119298
147,1,1000,3,4.62,3,0.04614518331363797
147,2,1000,3,4.73,3,0.04614451011642814
147,3,1000,4,5.81,3,0.046143909361213445
147,4,198,4,10.0,3,0.04614325266594839
147,5,174,5,10.04,3,0.046142623963198445
147,6,560,4,10.0,3,0.046141948657376426
147,7,1000,3,4.5,3,0.04614104957506061
147,8,1000,3,6.72,8,0.04614032636955381
147,9,1000,3,3.52,2,0.046139765448868275
147,10,159,5,10.07,4,0.046138857731466774
147,11,164,5,10.01,4,0.04613801221385962
147,12,1000,5,6.59,1,0.046138458978384735
147,13,304,6,10.05,1,0.04613709653188523
147,14,1000,5,8.75,8,0.04613662435114384
147,15,1000,3,4.67,1,0.04613665956631303
147,16,151,5,10.01,1,0.04613720406068871
147,17,136,4,10.07,2,0.04613756511689109
147,18,226,5,10.06,4,0.046136648732080926
147,19,173,5,10.0,3,0.04613505814202948
147,20,1000,5,6.76,1,0.046135268431156874
147,21,1000,5,9.7,1,0.046134827706962825
147,22,149,4,10.0,1,0.04613429010414437
147,23,161,5,10.04,1,0.046133811915328046
147,24,159,5,10.05,1,0.046132423358518374
147,25,167,5,10.02,1,0.046132230294678736
147,26,137,4,10.07,1,0.046131150892181116
147,27,136,4,10.06,1,0.04612958338111639
147,28,127,4,10.04,1,0.04612892704803174
147,29,139,4,10.08,15,0.04612723207302231
147,30,1000,4,7.76,1,0.046127796836197374
147,31,1000,4,7.79,1,0.04612523464858532
147,32,784,5,10.0,3,0.04612631794084244
147,33,147,4,10.02,1,0.0461260202993341
147,34,192,4,10.04,19,0.04612492812642207
147,35,113,3,10.07,11,0.046130458700709635
147,36,492,3,10.0,4,0.04613145957208746
147,37,1000,2,3.66,4,0.04613055922836065
147,38,1000,1,3.33,11,0.04613000263273716
147,39,921,3,10.0,12,0.0461294925432899
147,40,1000,3,9.95,5,0.04612993395701051
147,41,127,3,10.02,4,0.046128972396841196
147,42,128,3,10.04,11,0.046128409274388105
147,43,154,3,10.06,14,0.046126534533384556
147,44,119,4,10.07,3,0.046127518372876306
148,1,1000,3,4.66,3,0.022833614306524395
148,2,1000,3,5.09,3,0.022830930724740028
148,3,1000,4,5.47,3,0.02282815048843622
148,4,1000,4,3.69,2,0.02282584629766643
148,5,1000,4,4.61,2,0.022825143640860916
148,6,1000,6,7.01,2,0.022823263509199023
148,7,1000,3,3.54,1,0.02281970058940351
148,8,1000,4,5.58,4,0.022815948037430644
148,9,1000,3,4.03,4,0.022816275453194975
148,10,1000,5,4.39,3,0.02281451020203531
148,11,1000,6,6.16,3,0.02281380569934845
148,12,1000,2,2.8,1,0.022811372419819235
148,13,1000,2,2.75,1,0.022811206061393023
148,14,1000,2,3.97,5,0.022811922123655678
148,15,1000,2,3.38,3,0.022809021644294263
148,16,1000,1,2.66,3,0.022807188162580132
148,17,1000,1,2.68,3,0.022805947288870813
148,18,1000,1,2.73,3,0.022803130464628337
148,19,1000,2,3.41,3,0.02280355224944651
148,20,1000,2,3.46,3,0.022802808944135906
148,21,1000,2,3.47,3,0.022802576651796698
148,22,1000,2,3.45,3,0.02280031550861895
148,23,1000,1,2.67,3,0.022801071997731924
148,24,1000,1,2.87,5,0.022798857083544136
148,25,1000,3,6.69,6,0.022797856790944933
148,26,163,5,10.04,22,0.022796443383569367
148,27,108,3,10.05,2,0.02279826529600002
148,28,181,4,10.0,5,0.022803467065507534
148,29,786,3,10.0,1,0.022800994807091225
148,30,1000,4,5.08,1,0.022802446423098446
148,31,124,3,10.05,3,0.02280259653625469
148,32,128,4,10.07,3,0.022800252059823833
148,33,123,5,10.01,3,0.022797476348838185
148,34,140,4,10.02,3,0.02279614529439381
148,35,157,5,10.01,3,0.022794891516589054
148,36,147,5,10.02,1,0.022789864439745337
148,37,1000,4,5.8,3,0.02278784070722759
148,38,1000,3,4.59,3,0.022787478625774384
148,39,1000,1,3.1,8,0.022789380660280585
148,40,1000,2,7.42,8,0.022789952689781786
148,41,108,3,10.0,3,0.02278918414204209
148,42,1000,1,2.81,5,0.02279015783034265
148,43,1000,1,2.84,5,0.02278190066292882
148,44,1000,1,2.75,4,0.02278773717582226
148,45,1000,1,2.68,3,0.022774419805034994
149,1,1000,3,4.65,3,0.07018177095800639
149,2,1000,3,3.85,2,0.07018186121433974
149,3,1000,3,3.57,2,0.07018243867903948
149,4,1000,2,2.89,2,0.07018296282738447
149,5,1000,3,4.33,4,0.07018328178673983
149,6,1000,4,9.26,8,0.0701835465952754
149,7,1000,1,2.72,4,0.07018473453074693
149,8,1000,2,4.16,4,0.070184549190104
149,9,1000,6,8.13,3,0.07018455897271633
149,10,1000,4,4.72,1,0.07018442583829164
149,11,1000,3,4.09,2,0.07018493258953094
149,12,1000,4,3.32,1,0.07018640469014645
149,13,1000,1,2.74,4,0.07018547503650188
149,14,1000,2,3.87,4,0.07018651708960533
149,15,1000,2,3.62,3,0.07018798203021288
149,16,1000,1,2.75,4,0.070188346773386
149,17,1000,2,3.66,4,0.070188910163939
149,18,1000,2,3.77,4,0.0701882806867361
149,19,1000,2,3.98,6,0.07018936916440725
149,20,1000,3,2.93,2,0.07019017879664897
149,21,1000,1,2.56,1,0.07019073516130447
150,1,1000,3,4.7,3,-0.014259660196490586
150,2,1000,3,3.56,3,-0.014261949671432376
150,3,1000,2,2.86,2,-0.014264200674369931
150,4,1000,2,3.08,2,-0.014266016341745853
150,5,1000,4,4.19,3,-0.014267466253601015
150,6,1000,1,2.62,2,-0.014267330320551991
150,7,1000,1,2.61,2,-0.014267921730875969
150,8,1000,2,3.61,3,-0.01426982501335442
150,9,1000,1,2.79,4,-0.014272065041586757
150,10,1000,2,4.03,6,-0.014271429515443742
150,11,1000,1,2.59,2,-0.01427120132278651
150,12,1000,2,3.1,2,-0.014271042445674538
150,13,1000,3,3.87,2,-0.01427213819976896
150,14,1000,2,3.13,2,-0.01427323880791664
150,15,1000,2,3.2,2,-0.014272020394913851
150,16,1000,3,6.19,2,-0.014273495891131461
150,17,1000,2,5.12,4,-0.014273126390762628
150,18,1000,2,3.5,2,-0.0142725539682433
150,19,1000,6,4.55,1,-0.014273067007772625
150,20,1000,4,5.22,2,-0.014273658872582019
150,21,1000,2,3.38,3,-0.014274557166732848
150,22,1000,3,3.55,3,-0.014275792586617172
150,23,1000,3,5.14,7,-0.014276632429100574
150,24,1000,6,6.94,2,-0.014275088913738727
150,25,1000,4,6.2,3,-0.014276148331351579
150,26,1000,4,5.97,3,-0.014275834545493126
150,27,1000,3,4.76,2,-0.014276732102036477
150,28,1000,1,2.57,2,-0.014277424367144704
150,29,1000,2,5.33,5,-0.014276297008618712
150,30,1000,2,3.22,1,-0.014276440143585206
150,31,1000,1,2.84,5,-0.014278168656863273
150,32,1000,2,3.43,2,-0.014277828983962536
150,33,1000,3,7.02,1,-0.014276590964756907
150,34,138,4,10.06,4,-0.014276028691750505
150,35,1000,3,9.51,6,-0.014275564131326973
150,36,234,5,10.05,3,-0.014276070134220725
150,37,1000,5,6.84,6,-0.014276399147696793
150,38,1000,4,7.86,3,-0.014275403541512787
150,39,1000,3,3.42,2,-0.014275206209160387
150,40,1000,5,5.25,3,-0.014275081026367844
150,41,1000,2,3.77,2,-0.014275294110178947
150,42,1000,1,3.01,7,-0.014279879842884839
150,43,1000,2,3.12,4,-0.01427922806236893
150,44,1000,1,2.67,3,-0.014280161191709339
150,45,1000,2,3.45,2,-0.01427772983070463
150,46,1000,2,2.69,1,-0.014278361573815346
150,47,1000,1,2.49,1,-0.014282675459980965
151,1,1000,3,4.81,3,-0.01975740730948746
151,2,1000,3,5.51,3,-0.01975661566480994
151,3,1000,4,7.86,3,-0.019755862718448043
151,4,1000,4,7.49,4,-0.01975551556237042
151,5,300,3,10.0,9,-0.01975523352002104
151,6,195,4,10.0,4,-0.019755137176849902
151,7,174,4,10.01,6,-0.01975485821650631
151,8,1000,3,6.56,4,-0.01975465548597276
151,9,1000,3,8.6,6,-0.019753318291157482
151,10,811,3,10.0,8,-0.01975336920759387
151,11,1000,3,4.57,2,-0.01975296224281192
151,12,1000,2,4.18,3,-0.019752884345129132
151,13,1000,3,4.99,9,-0.01975215121731162
151,14,1000,1,2.7,2,-0.019751660957932474
151,15,1000,1,2.76,3,-0.019751247690990566
151,16,1000,2,2.94,1,-0.01975227414816618
151,17,1000,3,3.19,1,-0.019752139849588277
151,18,1000,3,4.19,6,-0.0197528844345361
151,19,1000,3,3.58,3,-0.019753405356779694
151,20,1000,1,2.78,3,-0.019754129491746427
152,1,1000,3,4.66,3,-0.08091719953715801
152,2,1000,3,3.32,2,-0.08091736409068108
152,3,1000,3,4.48,3,-0.08091732016950846
152,4,1000,2,3.2,5,-0.08091746483743191
152,5,1000,3,3.34,2,-0.08091777005046606
152,6,1000,2,2.69,1,-0.08091748070716857
152,7,1000,2,3.08,4,-0.08091855229437352
152,8,1000,0,2.39,0,-0.08091845363378525
152,9,1000,3,5.87,4,-0.08091810915619135
152,10,1000,2,3.62,4,-0.08091794410347938
152,11,1000,2,3.32,3,-0.08091845678538084
152,12,940,5,10.0,3,-0.08091864937797506
152,13,1000,4,5.31,6,-0.08091854174435138
152,14,1000,2,3.36,3,-0.08091865348815917
152,15,1000,3,3.53,3,-0.08091891803592444
152,16,1000,3,3.71,3,-0.08091872873157263
152,17,1000,3,5.37,4,-0.08091925071924924
152,18,1000,1,2.68,3,-0.08091922564804555
152,19,1000,2,2.76,2,-0.08091952855139971
152,20,1000,2,2.91,1,-0.08091940402239561
152,21,1000,2,4.3,6,-0.08091904902458191
152,22,1000,5,7.71,3,-0.08091828330606222
152,23,157,5,10.06,3,-0.08091876831403963
152,24,1000,5,9.59,3,-0.08091982933878898
152,25,1000,3,3.8,2,-0.08091937209665775
152,26,1000,1,2.68,3,-0.08091814096271992
152,27,1000,2,3.63,3,-0.08091833130270243
152,28,1000,2,3.85,4,-0.08091850801557303
152,29,1000,1,2.93,6,-0.08091710727661848
152,30,1000,2,4.72,6,-0.08091680707037449
152,31,1000,2,2.89,2,-0.08091758257895708
152,32,1000,4,6.51,4,-0.08091762591898441
152,33,166,5,10.05,5,-0.08091762998556516
152,34,1000,5,5.57,2,-0.08091803564876318
152,35,1000,4,3.64,2,-0.080916892118752
152,36,1000,2,4.49,5,-0.08091681472212076
152,37,1000,2,2.74,2,-0.0809173035249114
152,38,1000,2,4.22,2,-0.08091762354969978
152,39,1000,2,4.77,10,-0.08091673438996076
152,40,154,4,10.05,3,-0.08091640177291709
152,41,134,4,10.01,3,-0.08091673266087006
152,42,147,5,10.06,3,-0.08091707203258462
152,43,148,4,10.06,3,-0.0809171154994417
152,44,1000,4,7.53,4,-0.08091725467145443
152,45,1000,4,3.75,2,-0.08091702591627836
152,46,1000,2,3.57,5,-0.08091729609668255
152,47,1000,1,2.64,3,-0.08091755216568708
152,48,1000,2,4.32,3,-0.08091854739189148
152,49,1000,2,7.44,8,-0.08091826220601797
152,50,1000,2,6.37,7,-0.08091745176911354
152,51,150,4,10.06,3,-0.08091699366768201
152,52,1000,5,7.67,4,-0.08091702512651681
152,53,1000,2,4.75,6,-0.08091761495172978
152,54,1000,4,8.58,2,-0.08091798843443394
152,55,172,4,10.07,3,-0.08091679089810959
152,56,1000,4,8.76,3,-0.08091613099724054
152,57,1000,3,3.1,3,-0.08091641318798065
152,58,1000,1,2.51,1,-0.08091630786657333
153,1,1000,3,4.76,3,-0.04408096133545041
153,2,1000,3,5.15,3,-0.044080160841345785
153,3,1000,3,4.48,2,-0.044079506039619444
153,4,1000,3,4.99,2,-0.044078872967511416
153,5,1000,3,4.94,2,-0.0440786772929132
153,6,1000,3,4.63,3,-0.04407858594506979
153,7,1000,3,4.57,3,-0.04407816443964839
153,8,1000,3,4.54,3,-0.044077656622976066
153,9,1000,3,3.86,2,-0.044077035799622535
153,10,1000,5,5.54,2,-0.04407670276612043
153,11,1000,5,5.29,2,-0.04407653177902102
153,12,1000,4,4.2,2,-0.04407606953755021
153,13,1000,4,4.56,2,-0.0440764896273613
153,14,1000,4,4.23,2,-0.04407710585743189
153,15,1000,2,3.14,4,-0.044077707041054966
153,16,154,4,10.0,3,-0.044076065520768044
153,17,131,3,10.06,7,-0.04407586916598655
153,18,133,4,10.02,1,-0.04407598372352751
153,19,132,4,10.0,1,-0.04407593822388938
153,20,225,4,10.02,16,-0.04407470794187652
153,21,126,3,10.05,8,-0.04407518569912229
153,22,1000,3,2.92,1,-0.044075150363147256
153,23,133,3,10.03,8,-0.04407579471406184
153,24,129,3,10.0,4,-0.04407525134756583
153,25,159,3,10.08,4,-0.044075396052508986
153,26,1000,3,6.66,3,-0.04407585427165031
153,27,131,3,10.04,4,-0.044076851021697505
153,28,155,5,10.06,1,-0.044079238897369755
153,29,188,4,10.03,3,-0.04407854110715871
153,30,155,4,10.0,4,-0.04407671269389891
153,31,1000,4,5.48,3,-0.04407710396498442
153,32,1000,4,9.42,8,-0.044075959108769894
153,33,187,5,10.07,5,-0.04407628211267492
153,34,165,5,10.01,3,-0.04407580451983394
153,35,129,3,10.03,3,-0.044074399671120236
153,36,308,4,10.0,3,-0.04407524013916006
153,37,1000,4,3.81,1,-0.04407419944182038
153,38,128,4,10.03,1,-0.044073500350350514
153,39,134,5,10.06,1,-0.044073332962927536
153,40,141,4,10.07,7,-0.04407275544730484
153,41,158,5,10.04,6,-0.04407476124506962
153,42,144,4,10.03,6,-0.04407459153379831
153,43,129,4,10.04,3,-0.04407615358977355
153,44,138,4,10.04,3,-0.044074211998478226
153,45,1000,3,7.31,3,-0.044076738204807044
153,46,1000,2,4.86,5,-0.044076736722141505
153,47,794,5,10.02,5,-0.04407932073515969
154,1,1000,3,4.69,3,-0.050419720862060785
154,2,1000,3,4.42,3,-0.05041934600844979
154,3,1000,3,4.45,2,-0.050418973281979564
154,4,1000,2,3.35,3,-0.05041921843960881
154,5,1000,2,3.35,3,-0.050419144395738844
154,6,1000,3,5.27,2,-0.05041898411139846
154,7,1000,3,5.31,2,-0.05041900726035237
154,8,1000,3,4.32,1,-0.05041781308501959
154,9,1000,3,4.14,1,-0.050417287293821576
154,10,1000,2,3.81,3,-0.05041635110229254
154,11,1000,2,3.8,3,-0.05041527634486556
154,12,1000,3,9.62,3,-0.05041441099718213
154,13,199,5,10.07,2,-0.05041356081489343
154,14,226,5,10.01,5,-0.050413950618389436
154,15,218,5,10.01,5,-0.05041286053665734
154,16,216,5,10.05,5,-0.050411847437283504
154,17,292,5,10.03,4,-0.0504140069146883
154,18,1000,4,4.93,2,-0.05041156999394297
154,19,1000,4,4.94,2,-0.050410073176026346
154,20,1000,4,4.87,2,-0.05040927397832275
154,21,1000,3,3.63,1,-0.05040734089910984
154,22,1000,3,3.65,1,-0.05040533544868231
154,23,1000,3,3.39,1,-0.05040551134198904
154,24,1000,1,2.85,5,-0.05040281499922276
154,25,1000,2,8.83,12,-0.050403981510549783
154,26,158,3,10.05,3,-0.05040381594172007
154,27,137,4,10.06,3,-0.05040301015451007
154,28,155,5,10.03,13,-0.05040416424312899
154,29,1000,3,4.38,1,-0.050408838238567115
154,30,111,4,10.07,1,-0.050407990309837704
154,31,107,4,10.02,1,-0.0504089285767524
154,32,125,3,10.02,1,-0.05040897408127785
154,33,141,4,10.05,4,-0.05040982946859184
154,34,133,3,10.05,7,-0.05041137839058288
154,35,133,3,10.02,8,-0.05041065926950677
154,36,130,4,10.07,9,-0.05041029186776051
154,37,128,5,10.05,3,-0.05041042945231311
154,38,140,4,10.0,3,-0.050410550673093114
154,39,123,2,10.05,11,-0.05041049278485096
154,40,122,2,10.07,12,-0.05041084856894173
154,41,1000,3,7.23,23,-0.05041046077758074
155,1,1000,3,4.74,3,-0.029592660203576086
155,2,1000,3,3.16,2,-0.029593227298930287
155,3,1000,2,3.04,2,-0.02959351427666843
155,4,1000,3,4.47,2,-0.029593322806060314
155,5,1000,3,4.19,2,-0.02959433607570827
155,6,1000,1,2.54,2,-0.029594800986349583
155,7,1000,2,2.89,2,-0.029594754280522467
155,8,1000,2,3.39,4,-0.02959462807700038
155,9,1000,1,2.62,3,-0.029595560234040023
155,10,1000,2,2.87,2,-0.029595549769699574
155,11,1000,1,2.68,4,-0.029595954513177276
155,12,1000,1,2.64,3,-0.029596109721809625
155,13,1000,1,2.65,3,-0.029596211647614837
155,14,1000,2,3.33,3,-0.029596165731549263
155,15,1000,2,2.88,2,-0.029596997048705817
155,16,1000,2,2.77,3,-0.029596910512074828
155,17,1000,1,2.62,3,-0.02959723676741123
155,18,1000,2,3.33,2,-0.029597113559022545
155,19,1000,1,2.74,4,-0.02959752881526947
155,20,1000,1,2.64,3,-0.029598217139020562
155,21,1000,2,2.85,3,-0.029597737034782766
155,22,1000,2,3.41,4,-0.029597981616854667
155,23,1000,2,3.34,3,-0.029598827734589578
155,24,1000,2,3.05,4,-0.029599733961746096
155,25,1000,2,3.15,2,-0.029598921822384
155,26,1000,3,5.47,4,-0.0295986254774034
155,27,1000,2,3.77,3,-0.029598988445475698
155,28,1000,2,2.79,1,-0.02960034354031086
155,29,1000,1,2.67,3,-0.029599450923502444
155,30,1000,1,2.6,3,-0.02959885568730533
155,31,1000,3,4.6,4,-0.029599728625267743
155,32,1000,3,3.16,2,-0.02959948463924229
155,33,1000,2,4.01,3,-0.02959975759126246
155,34,1000,1,2.7,4,-0.029601459719240667
155,35,1000,1,2.66,3,-0.02960391202941537
155,36,1000,1,2.61,2,-0.02960451333411038
155,37,1000,1,2.62,3,-0.02960345856845379
155,38,1000,1,2.88,6,-0.029602691216394306
155,39,1000,4,9.96,3,-0.02959964081272483
155,40,1000,3,3.96,3,-0.029598324930295346
155,41,1000,3,4.77,3,-0.029597652794793247
155,42,1000,2,3.35,2,-0.029596856720745565
155,43,1000,1,2.61,2,-0.029595513716340064
155,44,1000,1,2.71,4,-0.02959439118206501
156,1,1000,3,4.67,3,-0.06633871727436781
156,2,1000,3,4.43,3,-0.06633905322104693
156,3,1000,3,5.42,3,-0.06633951634913683
156,4,1000,3,5.06,2,-0.06633958412706852
156,5,1000,3,3.81,3,-0.06634014402329921
156,6,1000,2,4.03,5,-0.06634067763388157
156,7,1000,1,2.64,3,-0.066340552136302
156,8,1000,2,5.19,9,-0.06634041164070367
156,9,208,5,10.01,4,-0.06634057904235445
156,10,1000,4,6.19,2,-0.06634138175100088
156,11,1000,5,6.56,2,-0.06634210646897555
156,12,150,5,10.03,2,-0.06634218191107114
156,13,1000,3,7.84,2,-0.06634210327267646
156,14,186,3,10.04,3,-0.06634218918700371
156,15,1000,3,7.36,4,-0.06634313182532788
156,16,1000,3,6.37,3,-0.06634406112134457
156,17,1000,5,4.74,2,-0.06634547437727452
156,18,1000,5,4.64,2,-0.06634622675180435
156,19,1000,4,4.87,2,-0.0663471400514245
156,20,1000,2,3.64,2,-0.06634787190705538
156,21,1000,2,5.95,9,-0.06634770752489567
156,22,1000,4,9.68,3,-0.06634848890453578
156,23,1000,3,7.61,5,-0.06635006017237902
156,24,1000,2,3.83,3,-0.06634997998178005
156,25,1000,1,2.85,5,-0.06635104539245366
156,26,1000,4,5.91,3,-0.06634967483580112
156,27,1000,3,3.49,2,-0.06635259119421244
156,28,1000,2,3.11,1,-0.06635021334886551
156,29,1000,3,6.62,6,-0.06635125505924225
156,30,1000,2,3.07,2,-0.06635151559114456
156,31,1000,6,6.42,3,-0.06635195161402226
156,32,97,3,10.01,3,-0.06635234689282388
156,33,1000,3,4.46,2,-0.06635119904577733
156,34,158,3,10.04,10,-0.06635159598309782
156,35,134,3,10.01,8,-0.06635273220156555
156,36,137,4,10.08,10,-0.066353925333841
156,37,139,4,10.09,3,-0.06635467241779505
156,38,147,5,10.04,3,-0.06635571002554731
156,39,147,5,10.07,4,-0.06635624408519188
156,40,131,4,10.01,7,-0.06635600544569147
156,41,161,5,10.08,1,-0.0663564445809548
156,42,118,4,10.02,3,-0.06635637650802984
156,43,129,5,10.04,3,-0.0663575386816217
156,44,123,5,10.03,3,-0.06635924010742002
156,45,117,4,10.01,3,-0.06635896001870815
156,46,131,3,10.07,7,-0.06635851930570967
156,47,132,4,10.08,6,-0.06635874577543953
156,48,127,4,10.08,3,-0.06635922410591381
156,49,116,4,10.08,5,-0.06636016520446744
156,50,115,5,10.04,3,-0.06636120566855307
156,51,139,5,10.08,6,-0.06636133564890717
156,52,119,4,10.02,5,-0.06636174423854892
156,53,138,5,10.04,4,-0.06636165012268053
156,54,137,4,10.07,6,-0.06636130184370236
156,55,153,6,10.06,5,-0.06636243669036167
156,56,118,4,10.04,3,-0.06636348227828236
156,57,123,5,10.07,1,-0.06636398243225687
156,58,167,5,10.02,3,-0.06636521434355638
156,59,135,6,10.07,2,-0.0663655842895861
156,60,137,5,10.06,2,-0.06636623679286371
156,61,125,5,10.06,1,-0.06636564749479294
156,62,180,6,10.07,3,-0.06636721255878607
156,63,1000,3,6.3,6,-0.06636758223176002
156,64,409,3,10.0,3,-0.06636830993124208
156,65,1000,3,4.58,2,-0.0663684906810522
156,66,142,5,10.04,1,-0.0663697072108027
156,67,1000,4,9.34,3,-0.06637016857415437
156,68,1000,3,3.33,1,-0.06637088672816753
156,69,1000,2,2.78,2,-0.06636780642718076
156,70,1000,2,2.65,1,-0.06636804744601249
157,1,1000,3,4.76,3,-0.12434586805850267
157,2,1000,3,4.83,3,-0.12434731993824244
157,3,1000,3,4.13,3,-0.12434770959615707
157,4,1000,4,3.79,3,-0.1243485796302557
157,5,1000,2,2.99,3,-0.12434823916852475
157,6,1000,3,3.29,2,-0.12434781236201525
157,7,1000,3,3.99,2,-0.124348378457129
157,8,1000,1,2.72,3,-0.12434813252091408
157,9,1000,2,4.15,4,-0.12434816412627697
157,10,1000,2,3.46,4,-0.12434846574068069
157,11,1000,2,3.47,4,-0.12434815837442875
157,12,1000,2,3.44,3,-0.12434879695624113
157,13,1000,2,3.63,5,-0.1243485485315323
157,14,1000,2,3.5,3,-0.12434989640116692
157,15,1000,2,2.98,1,-0.12434961229562759
157,16,1000,2,3.95,3,-0.12435004736483098
157,17,207,4,10.01,3,-0.12434945309507674
157,18,1000,2,3.62,4,-0.1243494559749961
157,19,1000,2,4.11,4,-0.12435001640766859
157,20,1000,3,5.45,6,-0.12435111140459776
157,21,1000,4,6.74,3,-0.12435089745372534
157,22,1000,2,3.5,4,-0.124350078612566
157,23,1000,2,2.97,1,-0.12434987863898277
157,24,1000,3,3.35,1,-0.12435070800036192
157,25,1000,3,2.86,1,-0.12435186594724655
157,26,1000,1,2.67,2,-0.12435166124254465
158,1,1000,3,4.71,3,0.028504806734621524
158,2,1000,3,4.22,3,0.028506692737340928
158,3,1000,3,3.54,2,0.02850790903531015
158,4,1000,3,3.61,2,0.028508453840389848
158,5,1000,3,3.08,1,0.02850870056450367
158,6,1000,3,3.06,3,0.028510761681944132
158,7,1000,3,7.38,7,0.028511741491034626
158,8,1000,3,3.3,2,0.02851056900806725
158,9,1000,3,3.88,3,0.028509624185040595
158,10,1000,3,4.48,1,0.028509863330051302
158,11,1000,3,4.63,1,0.028510720232501625
158,12,1000,3,6.31,1,0.028512130238115788
158,13,1000,2,6.13,23,0.028511916117742658
158,14,1000,3,5.34,7,0.02851016845740378
158,15,1000,3,7.62,6,0.028508995631709694
158,16,1000,3,6.08,5,0.02850892012938857
158,17,127,5,10.06,3,0.028507589897888853
158,18,137,3,10.01,9,0.02850780496033874
158,19,128,3,10.03,6,0.0285081095789792
158,20,137,4,10.07,3,0.028507256390948366
158,21,1000,3,8.48,4,0.028507345389574765
158,22,140,4,10.08,3,0.028505982511809896
158,23,314,3,10.07,6,0.02850540573145174
158,24,128,3,10.07,3,0.0285053473780863
158,25,120,3,10.03,3,0.02850497808928291
158,26,121,4,10.0,3,0.02850533907940565
158,27,137,4,10.03,7,0.028504741548077903
158,28,141,4,10.01,3,0.028505822894632393
158,29,134,3,10.07,12,0.028505850777919613
158,30,125,5,10.01,5,0.02850622424483299
158,31,1000,5,7.48,2,0.028506032278761268
158,32,125,4,10.07,11,0.02850637862086296
158,33,1000,3,4.51,7,0.02850647658109665
158,34,1000,1,3.15,8,0.02850597047060728
158,35,1000,1,4.35,23,0.02850810660049319
158,36,1000,1,3.42,12,0.028506037700921298
159,1,1000,3,4.71,3,-0.07177908454835415
159,2,1000,3,4.46,3,-0.0717792770266533
159,3,1000,3,4.77,3,-0.07178012386709452
159,4,1000,3,5.53,4,-0.07177991005033255
159,5,1000,4,6.08,3,-0.07177986112236977
159,6,1000,3,4.8,3,-0.07177945197373628
159,7,1000,3,4.45,2,-0.07177934622764587
159,8,1000,3,5.33,2,-0.07177919453382492
159,9,1000,2,3.9,3,-0.07177872879058123
159,10,1000,2,3.43,3,-0.07177877303212882
159,11,1000,3,5.6,10,-0.07177857717871666
159,12,142,3,10.08,5,-0.07177861071598361
159,13,1000,3,9.95,4,-0.07177889959514142
159,14,1000,3,4.34,1,-0.07177828723192214
159,15,1000,2,4.35,6,-0.07177830816805363
159,16,1000,2,3.69,4,-0.0717782759219408
159,17,1000,2,3.39,3,-0.07177841086685657
159,18,1000,2,2.74,1,-0.07177866460382938
159,19,1000,2,3.41,3,-0.07177943314611912
159,20,1000,3,6.43,3,-0.07177919009327889
159,21,1000,3,4.74,3,-0.07177929183840752
159,22,146,3,10.07,7,-0.0717788173829856
159,23,1000,2,5.95,6,-0.0717784466817975
159,24,538,2,10.0,6,-0.07177889301375828
159,25,235,5,10.0,3,-0.07177922963461977
159,26,1000,2,5.95,3,-0.07177950400859118
159,27,132,3,10.03,4,-0.07177990437908606
159,28,1000,2,7.85,3,-0.07178021056205035
159,29,126,3,10.06,6,-0.07177977204795867
159,30,131,4,10.0,4,-0.0717792299412589
159,31,128,4,10.01,4,-0.07177866454003379
159,32,365,5,10.0,3,-0.07177899400257085
159,33,171,4,10.03,3,-0.07177945452998256
159,34,1000,4,2.94,1,-0.0717796448096633
159,35,1000,3,3.65,1,-0.0717803240865469
159,36,1000,1,3.63,15,-0.07177986065298318
159,37,1000,2,6.84,14,-0.07178015348315239
159,38,128,3,10.0,4,-0.07178062235470861
159,39,1000,3,6.1,2,-0.07178093067556619
159,40,161,4,10.04,4,-0.07178080438271812
159,41,1000,4,8.6,2,-0.07178088422119618
159,42,131,3,10.04,4,-0.0717810692677971
159,43,1000,4,5.23,3,-0.07178082353621722
159,44,1000,2,3.65,3,-0.07178122995048761
159,45,162,5,10.06,2,-0.07178106867236855
159,46,113,5,10.03,4,-0.07178069848929887
159,47,1000,4,5.73,4,-0.0717805759832263
159,48,1000,2,2.93,2,-0.07178034140914678
159,49,1000,2,3.11,2,-0.07178049226105213
159,50,1000,2,2.74,1,-0.07178035259991884
159,51,1000,2,2.66,1,-0.0717800794839859
159,52,1000,2,2.82,2,-0.07177976921200752
160,1,1000,3,4.82,3,-0.04883290671184659
160,2,1000,3,4.86,3,-0.04883182040974498
160,3,1000,3,5.46,3,-0.048830743838101626
160,4,1000,3,4.45,2,-0.04883077396824956
160,5,1000,3,3.5,1,-0.04882934321835637
160,6,1000,2,4.64,3,-0.04882851008325815
160,7,1000,2,3.15,3,-0.04883010745048523
160,8,1000,2,3.39,3,-0.048829367343336344
160,9,1000,2,3.86,9,-0.048828677423298356
160,10,1000,2,5.17,5,-0.04882758593931794
160,11,278,6,10.03,5,-0.048827434762669125
160,12,1000,2,5.3,6,-0.04882752267643809
160,13,1000,2,4.05,5,-0.048826645825058225
160,14,1000,2,3.45,3,-0.04882521807774901
160,15,1000,3,4.18,3,-0.048826241984963416
160,16,1000,3,6.74,4,-0.048826479233801366
160,17,1000,2,3.39,3,-0.04882683373615146
160,18,1000,2,3.36,3,-0.048825672034174206
160,19,1000,2,3.73,4,-0.04882495290786028
160,20,1000,2,3.87,3,-0.048824266485869884
160,21,1000,1,2.86,5,-0.04882458107918501
160,22,1000,2,4.81,4,-0.04882526170834899
160,23,423,3,10.0,4,-0.04882540418182986
160,24,208,5,10.06,3,-0.048825191208519615
160,25,150,5,10.0,3,-0.04882375707228979
160,26,1000,2,4.82,3,-0.04882532323524356
160,27,1000,3,6.04,4,-0.04882527330890298
160,28,1000,3,5.27,1,-0.04882604595273733
160,29,1000,2,5.85,7,-0.048825916197150945
160,30,165,4,10.07,4,-0.04882528662230029
160,31,155,6,10.05,3,-0.048825069901443294
160,32,156,4,10.05,9,-0.04882469083158634
160,33,1000,3,4.58,3,-0.04882403071969747
160,34,1000,3,5.58,3,-0.048824158962816
160,35,188,5,10.01,3,-0.04882476976180964
160,36,1000,1,2.59,2,-0.04882489105686545
160,37,1000,1,2.58,2,-0.04882511473447084
160,38,1000,1,2.51,1,-0.04882452264428139
161,1,1000,3,4.73,3,-0.04289751353859901
161,2,1000,3,5.46,3,-0.04289735498279333
161,3,1000,3,7.21,3,-0.04289718771725893
161,4,1000,3,6.39,3,-0.04289702505618334
161,5,1000,3,6.39,3,-0.04289652524143457
161,6,1000,3,5.21,2,-0.0428957491107285
161,7,1000,3,5.13,2,-0.04289599692076445
161,8,1000,4,7.92,3,-0.04289607136324048
161,9,1000,4,8.11,3,-0.04289570194482804
161,10,196,5,10.03,3,-0.04289513731337324
161,11,169,5,10.01,3,-0.04289524118311307
161,12,1000,5,8.23,4,-0.042895346648991105
161,13,1000,2,4.11,4,-0.042894637171179056
161,14,1000,2,4.1,4,-0.042894793830811975
161,15,676,3,10.0,5,-0.04289444851738638
161,16,129,3,10.03,5,-0.04289471063502999
161,17,139,5,10.04,3,-0.04289480593564699
161,18,1000,4,6.44,3,-0.04289424630254507
161,19,1000,3,6.47,3,-0.042895129065960644
161,20,111,3,10.08,4,-0.04289490722858154
161,21,1000,3,5.07,4,-0.04289508028700948
161,22,1000,1,2.66,3,-0.04289403972774744
161,23,144,3,10.08,8,-0.0428946021064702
161,24,144,3,10.02,7,-0.04289480226321353
161,25,1000,4,6.04,3,-0.04289538028463721
161,26,1000,4,5.51,2,-0.042895614374428986
161,27,1000,4,7.78,3,-0.04289610017091036
161,28,154,6,10.07,3,-0.042896177256842714
161,29,148,6,10.08,1,-0.04289606397317068
161,30,141,5,10.0,3,-0.04289607291525983
161,31,107,4,10.03,8,-0.042896264276214846
161,32,1000,3,4.0,1,-0.04289610505104065
161,33,149,3,10.01,6,-0.0428954498629842
161,34,1000,1,2.52,1,-0.0428951233625412
161,35,1000,1,2.65,3,-0.042894425213336945
161,36,1000,1,2.7,3,-0.04289485787972808
161,37,1000,3,5.17,3,-0.042895492795854806
161,38,1000,2,3.25,2,-0.042894466407597066
161,39,1000,2,2.75,2,-0.04289486426860094
161,40,1000,2,2.69,1,-0.04289507608860731
162,1,1000,3,4.75,3,-0.13561416432261467
162,2,1000,3,3.56,2,-0.13561345037817954
162,3,1000,3,3.87,2,-0.13561303886771203
162,4,1000,1,2.68,3,-0.1356123386770487
162,5,1000,0,2.41,0,-0.13561245799064636
162,6,1000,2,4.11,4,-0.1356118275821209
162,7,1000,2,3.94,3,-0.1356111575961113
162,8,1000,1,2.72,4,-0.135611195653677
162,9,1000,1,2.55,2,-0.13561103105545044
162,10,1000,1,2.84,5,-0.13561064618825913
162,11,1000,1,2.77,4,-0.1356102701276541
162,12,1000,2,2.93,3,-0.1356095090508461
162,13,1000,2,3.77,4,-0.1356089429706335
162,14,1000,1,2.55,2,-0.1356094032675028
162,15,1000,2,3.69,3,-0.13560902486741544
162,16,1000,2,3.98,4,-0.1356094214618206
162,17,1000,3,2.72,1,-0.13560927158594133
162,18,1000,3,7.65,3,-0.13561033980548381
162,19,1000,5,9.51,1,-0.13560970583558082
162,20,1000,2,3.6,3,-0.13560884906351567
162,21,1000,3,3.71,1,-0.13560842542350293
162,22,1000,2,2.65,1,-0.1356092836111784
162,23,1000,1,2.5,1,-0.13560894131660461
162,24,1000,1,2.61,2,-0.13560840368270874
162,25,1000,2,3.22,5,-0.135608333081007
162,26,1000,2,3.67,4,-0.13560893234610558
162,27,1000,4,5.42,3,-0.13560895742475987
162,28,1000,5,3.6,1,-0.1356087140738964
162,29,1000,3,3.32,3,-0.13560904011130334
162,30,1000,3,3.2,3,-0.1356085058003664
162,31,1000,2,3.75,6,-0.13560866490006446
162,32,1000,2,3.12,4,-0.13560859452188015
162,33,1000,3,3.98,1,-0.13560851323604584
162,34,1000,3,3.1,3,-0.13560888409614563
162,35,1000,2,2.58,1,-0.1356063038110733
162,36,1000,0,2.38,0,-0.1356048434972763
163,1,1000,3,4.81,3,-0.09756803517788648
163,2,1000,3,3.45,2,-0.09756859753280878
163,3,1000,3,3.24,1,-0.09756877781450748
163,4,1000,1,2.65,3,-0.09756850731372833
163,5,1000,2,3.74,4,-0.09756822542101144
163,6,1000,3,3.88,2,-0.09756796781718731
163,7,511,5,10.0,3,-0.09756792465009802
163,8,1000,4,3.24,1,-0.09756776086241006
163,9,1000,5,6.45,1,-0.0975681010261178
163,10,1000,2,3.65,3,-0.09756650139391422
163,11,1000,2,3.69,4,-0.0975669545084238
163,12,1000,2,7.45,8,-0.09756701759248972
163,13,1000,2,5.55,5,-0.09756695298105478
163,14,1000,3,5.7,3,-0.09756704979389906
163,15,1000,2,3.85,3,-0.09756599628925323
163,16,1000,2,7.94,6,-0.09756443081051111
163,17,135,4,10.05,3,-0.09756481669567249
163,18,134,4,10.01,1,-0.09756557193042627
163,19,136,3,10.04,13,-0.09756388005745761
163,20,129,4,10.07,4,-0.09756276392659476
163,21,1000,2,3.85,12,-0.09756166059523821
163,22,1000,2,7.75,13,-0.09756149871647359
163,23,122,3,10.07,8,-0.09756304183211482
163,24,124,3,10.07,3,-0.09756361759237704
163,25,122,3,10.04,6,-0.09756292537099025
163,26,131,4,10.05,3,-0.09756251208427298
163,27,129,4,10.06,3,-0.09756275139344756
163,28,142,4,10.05,8,-0.09756496302048925
163,29,969,4,10.0,3,-0.09756422424217988
163,30,117,3,10.01,3,-0.09756590152143413
163,31,1000,1,2.91,6,-0.0975650450438261
163,32,1000,2,5.92,5,-0.09756613855063916
163,33,121,3,10.0,3,-0.09756585025836613
163,34,129,4,10.0,3,-0.0975659349861071
163,35,125,4,10.02,5,-0.09756563657522202
163,36,130,5,10.06,2,-0.09756596036828481
163,37,132,4,10.08,5,-0.0975644856014035
163,38,148,5,10.06,3,-0.09756459612902757
163,39,128,4,10.0,3,-0.0975657525123097
163,40,1000,4,9.08,3,-0.09756576410681009
163,41,1000,4,6.39,3,-0.0975673481374979
164,1,1000,3,4.78,3,0.10597227012366056
164,2,1000,3,4.23,3,0.10597130934894085
164,3,1000,3,5.43,3,0.10597052135318517
164,4,1000,3,5.5,3,0.10597137545794248
164,5,1000,3,5.5,3,0.10597187132388354
164,6,1000,3,4.55,2,0.10597170425951481
164,7,1000,3,5.03,2,0.1059719396084547
164,8,1000,3,5.83,2,0.10597161132097244
164,9,1000,2,4.06,4,0.10597123306244612
164,10,1000,3,5.06,3,0.10597219257056713
164,11,170,4,10.06,5,0.10597237471271964
164,12,179,5,10.04,3,0.1059722889152319
164,13,1000,4,7.86,2,0.10597181627899409
164,14,152,5,10.05,3,0.10597302955820372
164,15,988,6,10.0,3,0.10597434239499723
164,16,1000,5,4.83,3,0.10597400250285864
164,17,1000,4,3.54,2,0.1059742746129632
164,18,1000,5,4.11,2,0.105975336112082
164,19,1000,2,2.84,1,0.10597626920044421
164,20,1000,2,2.85,1,0.10597641628235578
164,21,1000,2,2.84,1,0.10597604537010193
164,22,1000,3,6.84,9,0.10597575354576111
164,23,201,3,10.05,12,0.1059751066180011
164,24,137,5,10.03,3,0.10597603735479995
164,25,140,5,10.02,3,0.1059757265661444
164,26,154,5,10.06,3,0.10597855326804248
164,27,1000,2,5.48,19,0.1059800811484456
164,28,120,4,10.06,3,0.10598095152527094
164,29,1000,3,4.5,2,0.10598265987634659
164,30,143,3,10.05,4,0.10598164989606484
164,31,187,4,10.04,10,0.10598293233682765
164,32,1000,3,3.04,1,0.10598271511495114
164,33,1000,3,3.02,1,0.1059823407009244
164,34,1000,2,2.98,3,0.10598354235291481
164,35,1000,3,5.74,3,0.1059851078018546
164,36,139,4,10.05,14,0.10598511039781913
164,37,166,5,10.07,3,0.10598467716790107
164,38,1000,3,5.18,2,0.1059849652722478
164,39,1000,2,3.72,4,0.10598666366934777
164,40,1000,2,3.73,4,0.10598503490537405
164,41,222,4,10.0,3,0.10598509449948061
164,42,1000,4,5.66,1,0.10598571706563234
164,43,149,4,10.01,5,0.10598676636715064
164,44,131,4,10.0,5,0.10598686098597432
164,45,141,4,10.08,5,0.1059871590200891
164,46,141,5,10.02,3,0.10598849309674392
164,47,134,4,10.08,3,0.10599086889580114
164,48,1000,3,7.66,7,0.1059910047724843
164,49,1000,3,3.48,2,0.10599121348559856
164,50,1000,0,2.41,0,0.10599135607481003
165,1,1000,3,4.86,3,-0.13191172140836716
165,2,1000,3,3.6,2,-0.13191315729916095
165,3,1000,2,3.04,2,-0.13191364182531834
165,4,1000,3,3.61,3,-0.13191466492414475
165,5,1000,2,3.21,3,-0.13191485644876957
165,6,1000,2,3.07,2,-0.13191438812017442
165,7,1000,3,9.58,7,-0.13191430012881755
165,8,1000,3,4.4,7,-0.13191520243883134
165,9,1000,4,7.34,5,-0.1319154553413391
165,10,1000,3,5.73,6,-0.1319151344448328
165,11,1000,2,3.19,3,-0.13191569903492928
165,12,1000,3,5.29,4,-0.13191565304994582
165,13,1000,3,3.15,4,-0.13191582530736923
165,14,1000,3,3.29,2,-0.13191599090397357
165,15,1000,3,4.65,2,-0.1319158673733473
165,16,1000,4,4.3,1,-0.13191673435270787
165,17,1000,1,2.66,3,-0.1319172100573778
165,18,1000,3,7.73,4,-0.13191714218258857
165,19,1000,2,2.89,2,-0.1319171207100153
165,20,1000,1,2.65,3,-0.1319170082807541
165,21,1000,4,4.82,3,-0.13191756762564183
165,22,1000,2,2.85,2,-0.1319185897707939
165,23,1000,1,2.65,3,-0.13191859628260136
165,24,1000,3,3.66,3,-0.13191824348270892
165,25,1000,3,3.47,2,-0.13191790284216404
165,26,1000,3,4.25,4,-0.13191866853833198
165,27,1000,3,3.69,3,-0.13191899275779725
165,28,1000,2,2.8,2,-0.13191934499144553
165,29,1000,4,4.22,3,-0.13191897627711296
165,30,1000,1,2.65,3,-0.13191967013478278
165,31,1000,1,2.63,2,-0.13192052415013314
165,32,1000,4,6.45,3,-0.1319211415499449
165,33,1000,4,8.84,3,-0.13192144550383092
165,34,1000,4,8.87,3,-0.13192208820581436
165,35,1000,4,9.01,3,-0.13192302905023098
165,36,1000,4,8.97,3,-0.13192412474751472
165,37,199,4,10.04,3,-0.13192558438334634
165,38,1000,2,3.73,4,-0.13192613735795022
165,39,1000,3,3.46,2,-0.13192756190896035
165,40,1000,2,2.91,3,-0.13192739517986773
165,41,1000,0,2.4,0,-0.1319260977357626
166,1,1000,3,4.73,3,-0.004922718308866024
166,2,1000,3,3.51,2,-0.0049230960067361594
166,3,1000,2,2.86,2,-0.004923175631090999
166,4,1000,2,3.36,4,-0.004923605725169182
166,5,1000,5,9.8,4,-0.004924067724496126
166,6,1000,5,6.51,4,-0.004924038091674447
166,7,1000,2,4.03,5,-0.004923876633867621
166,8,1000,2,4.05,4,-0.004923494148999453
166,9,1000,2,4.0,5,-0.004924222508445382
166,10,152,5,10.01,4,-0.004924379041001789
166,11,1000,3,4.73,3,-0.00492398751154542
166,12,1000,1,2.75,4,-0.004924284318462014
166,13,1000,3,8.01,4,-0.0049245261121541265
166,14,1000,3,4.6,2,-0.004925657436251641
166,15,1000,2,3.63,2,-0.004925739834085107
166,16,1000,4,5.76,3,-0.00492583698220551
166,17,1000,2,3.07,4,-0.00492626491189003
166,18,1000,3,2.96,2,-0.004925605200231075
166,19,1000,1,2.73,4,-0.004926139034330845
166,20,1000,3,2.92,3,-0.0049260686263442035
166,21,1000,1,2.58,2,-0.0049259613268077375
166,22,1000,1,2.66,3,-0.004926675267517566
166,23,1000,1,2.69,3,-0.00492608348466456
166,24,1000,3,5.61,3,-0.0049270591605454685
166,25,1000,2,2.75,1,-0.004928089667111635
166,26,1000,3,3.46,2,-0.004927120683714747
166,27,1000,3,3.82,4,-0.004926950274035335
166,28,1000,2,3.41,4,-0.004927328903228044
166,29,1000,2,3.07,4,-0.004927273444831372
166,30,1000,3,3.82,4,-0.004928103948011994
166,31,1000,1,3.04,8,-0.004927900690585375
166,32,1000,1,2.55,2,-0.004926789499819279
166,33,1000,3,3.6,3,-0.004928370762616396
166,34,1000,2,2.68,1,-0.00492977473884821
166,35,1000,4,3.35,3,-0.004928960002958774
166,36,1000,4,3.57,3,-0.004929308669641614
166,37,1000,4,4.04,1,-0.004930200207978487
166,38,1000,2,3.09,3,-0.004928959682583809
166,39,1000,4,4.09,3,-0.004928241293877363
166,40,1000,3,3.85,1,-0.004929469281807542
166,41,1000,3,2.73,1,-0.004929474554955959
166,42,1000,4,2.89,1,-0.0049292925056070086
167,1,1000,3,4.8,3,0.08240877451002598
167,2,1000,3,4.28,3,0.08240920305997133
167,3,1000,3,4.58,2,0.08240949445217848
167,4,1000,4,5.73,2,0.08240970250219107
167,5,1000,4,7.27,2,0.08241005145013332
167,6,1000,4,5.12,1,0.08240999296307563
167,7,583,4,10.0,4,0.08241033786668173
167,8,525,4,10.0,4,0.08241026563303812
167,9,1000,3,9.76,4,0.08241038561612368
167,10,1000,3,6.15,2,0.08241077293455601
167,11,1000,3,3.49,2,0.08241124837845563
167,12,1000,3,4.03,2,0.08241132957488298
167,13,1000,3,4.26,2,0.08241143144667148
167,14,1000,3,7.28,2,0.08241161812096834
167,15,352,4,10.0,2,0.08241180190816522
167,16,226,6,10.05,2,0.08241212928453379
167,17,1000,3,6.77,3,0.0824122043326497
167,18,1000,3,7.37,3,0.08241216912865638
167,19,1000,3,5.84,7,0.08241232496500016
167,20,1000,4,6.37,6,0.08241277193278074
167,21,1000,3,5.19,1,0.08241275254637002
167,22,1000,3,5.17,1,0.08241223591566085
167,23,1000,3,5.58,1,0.0824119164943695
167,24,1000,3,4.99,1,0.08241246184706688
167,25,1000,2,5.26,7,0.08241239596903324
167,26,1000,2,4.94,4,0.08241224580258132
167,27,1000,2,5.95,4,0.08241192796826363
167,28,165,3,10.03,4,0.08241203752431002
167,29,1000,3,9.8,3,0.08241217801719904
167,30,1000,3,3.77,2,0.08241272902488708
167,31,1000,3,4.22,2,0.08241247618943452
167,32,1000,2,5.12,2,0.08241232047975064
167,33,125,3,10.04,3,0.08241192615032196
167,34,369,5,10.01,3,0.08241211501805763
167,35,136,4,10.02,3,0.08241227756747428
167,36,1000,6,9.87,1,0.08241248834878206
167,37,1000,4,6.81,3,0.08241210689395666
167,38,354,4,10.0,3,0.08241232897097107
167,39,1000,3,4.87,3,0.08241186612099409
167,40,1000,3,4.13,2,0.0824121965020895
167,41,689,3,10.0,4,0.08241211979802704
167,42,131,3,10.05,4,0.08241162926868628
167,43,1000,3,6.72,6,0.082411591373384
167,44,1000,3,7.78,6,0.08241144466400147
167,45,1000,2,2.94,2,0.08241136737167835
168,1,1000,3,4.86,3,-0.048847208794206384
168,2,1000,3,3.55,2,-0.04884665836393833
168,3,1000,2,3.04,2,-0.04884672284126282
168,4,1000,2,3.53,4,-0.048845333974808454
168,5,1000,2,3.53,3,-0.04884334952011705
168,6,1000,2,4.2,3,-0.048842861898243425
168,7,1000,1,2.9,5,-0.04884290333092213
168,8,1000,1,2.76,3,-0.048842501655220985
168,9,1000,1,2.74,3,-0.04884167322516441
168,10,1000,2,2.84,1,-0.04884166646748781
168,11,135,4,10.06,4,-0.04884054956060869
168,12,1000,4,6.72,4,-0.048839967489242554
168,13,1000,2,3.25,3,-0.04883876233175397
168,14,1000,2,3.28,3,-0.04883753265067935
168,15,1000,1,2.92,5,-0.048837103873491286
168,16,1000,2,3.81,5,-0.04883680238202214
168,17,1000,1,2.94,5,-0.048836089111864565
168,18,1000,2,5.75,8,-0.048836925610899924
168,19,141,3,10.02,3,-0.04883682466250785
168,20,140,5,10.03,3,-0.04883611593395472
168,21,141,6,10.06,2,-0.048835635317344195
168,22,142,5,10.02,1,-0.04883475294730193
168,23,1000,2,4.5,8,-0.04883445209637284
168,24,157,4,10.07,5,-0.0488347283499256
168,25,1000,3,7.97,4,-0.04883501407504082
168,26,842,3,10.0,8,-0.04883461983126727
168,27,170,5,10.05,6,-0.048835235176717534
168,28,146,5,10.09,3,-0.04883458284176376
168,29,655,5,10.0,3,-0.04883439576125327
168,30,1000,4,6.17,2,-0.04883530623465777
168,31,132,4,10.02,4,-0.04883523432142807
168,32,140,4,10.05,3,-0.04883517833160503
168,33,120,4,10.04,5,-0.048835207056254146
168,34,142,5,10.03,2,-0.048835550946458965
168,35,150,4,10.05,7,-0.04883567303419113
168,36,196,3,10.06,12,-0.0488359736924877
168,37,108,3,10.0,3,-0.04883539704261003
168,38,184,4,10.02,5,-0.048835744311952076
168,39,150,3,10.06,5,-0.04883522555232048
168,40,1000,2,8.98,6,-0.048835780672729014
168,41,1000,2,8.55,9,-0.048835257802158596
168,42,1000,2,9.55,11,-0.048836169853806496
168,43,1000,1,3.1,7,-0.0488373733907938
168,44,1000,1,2.84,4,-0.048838080946356055
169,1,1000,3,4.8,3,0.07736434365063906
169,2,1000,3,3.48,2,0.07736430700868369
169,3,1000,3,3.86,2,0.07736456324160099
169,4,1000,3,5.25,3,0.0773648433163762
169,5,1000,4,6.78,3,0.0773650892302394
169,6,1000,3,3.16,1,0.07736545285582543
169,7,1000,3,4.14,5,0.07736585199087859
169,8,1000,3,3.52,1,0.07736629217118025
169,9,361,4,10.0,3,0.07736677432902302
169,10,1000,3,6.57,4,0.07736701378971338
169,11,1000,2,3.44,3,0.07736750149726868
169,12,1000,2,3.39,3,0.077367709338665
169,13,1000,3,6.51,3,0.07736830174177885
169,14,1000,3,6.58,3,0.07736766073852777
169,15,1000,3,3.82,3,0.07736755327880382
169,16,1000,3,5.23,7,0.07736774016916752
169,17,1000,3,5.99,5,0.07736816751211882
169,18,1000,3,5.36,4,0.07736865577101708
169,19,1000,2,4.05,5,0.0773689681366086
169,20,1000,2,3.77,4,0.0773691441193223
169,21,1000,3,7.83,4,0.07736947175115347
169,22,1000,4,8.99,6,0.07736999470740556
169,23,1000,3,3.89,3,0.07736960466206073
169,24,1000,2,2.76,2,0.0773691448122263
169,25,564,5,10.0,3,0.07737001767448078
169,26,1000,2,3.1,2,0.077369848549366
169,27,1000,2,3.41,3,0.07737005024403333
169,28,1000,1,2.57,2,0.07736883442848921
170,1,1000,3,4.9,3,-0.10915279400348664
170,2,1000,3,4.85,3,-0.10915256485342979
170,3,1000,3,3.96,2,-0.10915186490863561
170,4,1000,1,2.72,3,-0.10915162400901318
170,5,1000,1,2.65,3,-0.10915233938395977
170,6,1000,1,2.67,3,-0.10915274381637573
170,7,1000,1,2.7,3,-0.10915276787430048
170,8,1000,1,2.69,3,-0.10915223388373851
170,9,1000,2,3.44,2,-0.10915212594717741
170,10,1000,2,3.8,5,-0.10915087416023016
170,11,1000,2,3.22,2,-0.10915045818686485
170,12,1000,1,2.59,2,-0.10914964251220226
170,13,1000,1,2.77,4,-0.10914859978109598
170,14,1000,1,2.66,3,-0.10914680982381106
170,15,1000,4,5.52,3,-0.10914604499936104
170,16,1000,2,3.34,3,-0.10914687573164701
170,17,1000,2,3.11,3,-0.1091459990516305
170,18,1000,2,2.94,2,-0.10914537978172302
170,19,1000,2,2.95,2,-0.10914532615989446
170,20,1000,2,2.72,2,-0.10914503638446331
170,21,1000,2,3.65,4,-0.10914407073706388
170,22,1000,1,2.86,5,-0.10914346198737622
170,23,1000,3,3.1,5,-0.10914126512408256
170,24,1000,2,3.73,5,-0.1091415992230177
170,25,1000,2,3.42,3,-0.1091415614336729
170,26,1000,4,5.75,3,-0.10914066093415022
170,27,1000,3,3.26,2,-0.10914058999717235
170,28,1000,3,3.24,1,-0.10913808275014163
170,29,1000,1,2.57,2,-0.10913635045289993
171,1,1000,3,4.79,3,0.13475441521406173
171,2,1000,3,4.52,3,0.1347541436254978
171,3,1000,4,6.08,3,0.1347539501041174
171,4,1000,5,8.48,3,0.1347537985444069
171,5,871,4,10.0,3,0.13475381816501047
171,6,1000,3,5.42,2,0.1347536447942257
171,7,1000,3,4.52,2,0.13475328539311887
171,8,1000,5,5.61,3,0.13475314812362194
171,9,637,5,10.0,3,0.1347529494687564
171,10,1000,5,8.2,1,0.13475288021564483
171,11,1000,2,3.71,4,0.13475262181460856
171,12,1000,2,3.73,2,0.1347519207149744
171,13,1000,2,4.59,3,0.1347520677447319
171,14,1000,4,9.07,3,0.1347521479278803
171,15,1000,2,5.34,5,0.13475215302407742
171,16,173,4,10.02,3,0.13475206546011687
171,17,205,4,10.01,2,0.13475181511262568
171,18,1000,3,7.46,2,0.1347520616799593
171,19,678,4,10.0,3,0.1347519281735111
171,20,142,4,10.01,5,0.13475163469851856
171,21,161,4,10.08,2,0.13475127962435254
171,22,1000,3,6.28,4,0.13475108720362186
171,23,1000,4,8.32,3,0.1347508573383093
171,24,1000,2,5.99,11,0.13475071683526038
171,25,149,3,10.0,6,0.13475120917662678
171,26,1000,5,5.97,1,0.13475154428184033
171,27,137,4,10.05,3,0.13475174505780213
171,28,253,4,10.0,4,0.13475233239854278
171,29,1000,1,2.57,2,0.13475328826904298
171,30,1000,1,2.82,4,0.13475359818339347
171,31,1000,1,2.69,3,0.13475314836204053
171,32,1000,3,7.99,3,0.1347523362338543
171,33,1000,3,4.99,3,0.13475268180668354
171,34,1000,1,2.53,1,0.1347532570362091
172,1,1000,3,4.78,3,-0.08722623174637556
172,2,1000,3,4.97,3,-0.08722609717398883
172,3,1000,3,5.49,3,-0.08722565116733312
172,4,1000,3,6.6,3,-0.08722518698126078
172,5,1000,3,5.07,2,-0.08722485838085413
172,6,1000,3,4.53,2,-0.08722439816594124
172,7,1000,2,3.44,3,-0.08722388792037963
172,8,1000,2,3.45,3,-0.08722347667813302
172,9,1000,2,3.4,3,-0.08722336231172084
172,10,144,4,10.03,2,-0.08722351067182091
172,11,135,4,10.06,2,-0.08722322875702823
172,12,188,3,10.03,4,-0.08722306661149289
172,13,145,5,10.04,3,-0.0872226304021375
172,14,130,4,10.05,3,-0.08722219323882689
172,15,1000,2,4.41,6,-0.08722141238301992
172,16,179,4,10.02,3,-0.08722153256059359
172,17,217,5,10.03,3,-0.08722119898565354
172,18,1000,2,2.87,3,-0.08722099562734366
172,19,1000,2,3.49,2,-0.08722097916901111
172,20,1000,2,4.23,2,-0.08722185657918453
172,21,1000,2,4.11,2,-0.0872212674319744
172,22,1000,3,6.21,2,-0.08722163024544716
172,23,1000,2,5.24,3,-0.08722211066633463
172,24,125,3,10.06,5,-0.08722152405977249
172,25,126,3,10.06,3,-0.08722083235070818
172,26,1000,3,3.77,1,-0.08722024239599704
172,27,1000,2,5.87,7,-0.087220579251647
172,28,140,5,10.06,1,-0.08722107075154781
172,29,1000,5,5.63,1,-0.08722142257541418
172,30,1000,2,6.91,7,-0.0872212277278304
172,31,1000,3,5.63,2,-0.08722267477214336
172,32,1000,3,4.49,1,-0.08722230491787195
172,33,1000,3,5.61,1,-0.08722135449945927
172,34,1000,3,7.4,1,-0.08722066516429186
172,35,1000,3,4.27,1,-0.08722059154510498
172,36,1000,3,4.41,1,-0.08722172704339028
172,37,1000,3,3.54,1,-0.08722147576510907
172,38,1000,3,3.48,1,-0.08722163362056017
172,39,1000,3,3.55,1,-0.08722256761789322
172,40,1000,3,3.61,1,-0.08722226383537054
172,41,1000,3,3.54,1,-0.08722236072272062
172,42,1000,3,3.61,1,-0.08722230082750321
172,43,1000,3,3.69,1,-0.08722194413840771
172,44,1000,3,3.71,1,-0.08722184466570616
172,45,1000,3,3.67,1,-0.08722183924168349
172,46,1000,3,3.67,1,-0.08722207306325436
172,47,1000,3,3.79,1,-0.08722203730046749
172,48,1000,3,4.97,2,-0.08722181209176778
172,49,1000,2,3.76,11,-0.08722187396138907
172,50,89,2,10.04,17,-0.08722170065628009
172,51,1000,2,2.83,1,-0.08722096295654774
172,52,1000,2,2.79,1,-0.08722051312029362
173,1,1000,3,4.78,3,0.11462602195888758
173,2,1000,3,3.63,3,0.11462592931091785
173,3,1000,3,4.07,2,0.11462579536437988
173,4,1000,1,2.68,3,0.11462562192231417
173,5,1000,3,7.67,3,0.11462549745291471
173,6,1000,4,6.43,3,0.11462543696165085
173,7,279,5,10.0,3,0.11462542452051648
173,8,1000,2,4.1,3,0.11462495172023773
173,9,1000,2,2.94,3,0.11462472695112229
173,10,1000,1,2.56,2,0.1146244754269719
173,11,1000,1,2.78,4,0.11462391862273216
173,12,1000,1,2.74,4,0.11462386195361614
173,13,1000,3,5.49,3,0.11462370417267084
173,14,1000,3,3.86,3,0.11462359904497862
173,15,1000,2,3.13,1,0.11462363404780626
173,16,1000,1,2.65,3,0.11462375915050507
173,17,1000,2,3.07,4,0.11462297781556845
173,18,1000,1,2.48,1,0.11462249606847763
174,1,1000,3,4.89,3,0.11566462570428848
174,2,1000,3,4.57,3,0.11566548820585013
174,3,1000,3,3.71,3,0.11566648599505425
174,4,1000,3,2.89,1,0.11566697034239769
174,5,1000,3,3.01,1,0.11566714703291654
174,6,1000,5,5.15,1,0.11566752050071955
174,7,1000,4,5.07,2,0.11566792002320289
174,8,1000,3,3.58,1,0.1156681025326252
174,9,1000,2,3.1,2,0.11566835691779852
174,10,1000,2,2.77,2,0.11566756777465344
174,11,1000,2,2.93,3,0.11566638474911452
174,12,1000,3,6.15,3,0.11566595498472453
174,13,1000,3,4.17,2,0.11566566693037748
174,14,131,4,10.07,2,0.11566564770600268
174,15,158,5,10.05,7,0.11566571316009835
174,16,1000,4,3.14,2,0.11566768391430378
174,17,1000,3,3.04,1,0.11566957583278417
174,18,1000,4,3.3,1,0.11566927127540111
174,19,1000,4,3.12,1,0.1156699892655015
174,20,1000,3,7.65,5,0.11566935428231954
174,21,135,5,10.03,2,0.11566985067394045
174,22,804,5,10.0,5,0.11567009815862819
174,23,1000,4,3.62,2,0.11567080530524254
174,24,1000,3,4.19,7,0.11567092633992433
174,25,1000,4,4.97,1,0.11567013727128506
174,26,169,5,10.08,7,0.11566950755535498
174,27,123,5,10.07,3,0.1156694766709475
174,28,165,4,10.05,5,0.11566883077224095
174,29,129,4,10.01,1,0.1156697614017383
174,30,615,3,10.0,4,0.11567031652704488
174,31,151,5,10.05,4,0.11567046769604777
174,32,138,4,10.08,5,0.11567025259137154
174,33,180,4,10.05,10,0.11567256007757452
174,34,161,5,10.07,3,0.1156741462138869
174,35,139,4,10.07,9,0.11567389611288798
174,36,136,4,10.03,6,0.11567266904475058
174,37,122,3,10.02,7,0.11567243726038542
174,38,1000,3,9.23,3,0.11567149969935417
174,39,1000,2,5.24,2,0.11567119599878788
174,40,1000,2,4.01,1,0.11567149959504604
174,41,1000,2,4.81,1,0.11567000014334917
174,42,1000,2,3.62,1,0.11567030519992114
174,43,1000,3,9.12,8,0.11566727145016194
175,1,1000,3,4.89,3,0.04377405721694231
175,2,1000,3,5.63,3,0.04377439568936825
175,3,1000,5,8.92,3,0.04377515793219209
175,4,284,5,10.02,3,0.043775499234317054
175,5,193,5,10.01,3,0.043775970859385525
175,6,1000,4,8.11,5,0.043776092384010555
175,7,1000,4,9.31,3,0.04377657308429479
175,8,1000,3,4.59,2,0.04377677321061492
175,9,1000,3,4.15,3,0.043777103308588264
175,10,1000,3,5.06,2,0.04377755192294717
175,11,1000,3,6.73,4,0.043777775883674624
175,12,1000,3,4.65,2,0.043777795925736426
175,13,1000,3,5.65,3,0.04377818965166807
175,14,1000,3,5.67,3,0.04377812048047781
175,15,1000,3,4.28,2,0.04377806939929724
175,16,1000,2,3.11,2,0.043778193157166245
175,17,1000,3,2.95,1,0.043777730360627175
175,18,1000,4,3.05,1,0.0437777985855937
176,1,1000,3,4.84,3,-0.061204809974879024
176,2,1000,3,3.6,2,-0.06120411145314574
176,3,1000,3,5.6,4,-0.06120332822203636
176,4,1000,2,3.44,3,-0.06120290145650506
176,5,1000,2,3.77,4,-0.06120308433100581
176,6,1000,2,3.13,2,-0.061202497523278
176,7,209,5,10.06,3,-0.061202964464728345
176,8,1000,5,7.27,3,-0.06120280534029007
176,9,1000,5,9.16,3,-0.06120239083841443
176,10,1000,4,5.71,5,-0.061201782427728176
176,11,1000,2,3.74,4,-0.06120218922197819
176,12,1000,3,9.27,4,-0.06120246934145689
176,13,145,3,10.04,10,-0.061203215245542855
176,14,145,5,10.02,3,-0.06120284857421086
176,15,1000,4,6.38,6,-0.06120251235365868
176,16,1000,4,9.32,10,-0.06120218024775386
176,17,1000,5,5.11,1,-0.06120234103873372
176,18,1000,2,6.22,11,-0.061202084820717574
176,19,132,4,10.0,3,-0.06120224181336887
176,20,132,5,10.04,2,-0.06120119176127694
176,21,1000,3,3.49,3,-0.06120165094733238
176,22,980,3,10.0,10,-0.0612014323777082
176,23,114,3,10.03,3,-0.06120106159595021
176,24,122,4,10.05,3,-0.06120085297915779
176,25,1000,4,7.24,3,-0.061200358767062424
176,26,1000,3,6.16,3,-0.061202223025262355
176,27,1000,3,4.87,1,-0.061202508863061666
176,28,1000,2,6.75,7,-0.06120204477757216
176,29,872,4,10.0,3,-0.06120184433449982
176,30,1000,3,3.51,3,-0.061201560672372576
176,31,1000,2,3.73,5,-0.06120176107808947
176,32,148,4,10.02,2,-0.06120142071331675
176,33,126,5,10.05,3,-0.06120049737630382
176,34,133,4,10.09,10,-0.061204037075876294
176,35,168,5,10.02,3,-0.061203919750239165
176,36,1000,4,6.0,2,-0.06120366184040904
176,37,181,4,10.04,2,-0.0612037619009861
176,38,1000,2,2.79,1,-0.06120253618434072
176,39,1000,3,3.78,3,-0.06120268191769719
176,40,1000,3,3.73,3,-0.06120343638211489
176,41,123,3,10.06,9,-0.06120330585939128
176,42,147,3,10.02,3,-0.061204103841668085
176,43,1000,1,3.26,10,-0.06120385286584497
177,1,1000,3,4.85,3,-0.1193195906355977
177,2,1000,3,4.59,2,-0.11931742191314697
177,3,1000,3,3.28,2,-0.11931615296006202
177,4,1000,3,3.69,3,-0.11931626564264297
177,5,1000,3,3.0,2,-0.11931609043478966
177,6,1000,2,2.76,2,-0.11931618005037307
177,7,1000,3,5.27,2,-0.11931739868968726
177,8,1000,3,2.91,1,-0.11931718537211418
177,9,1000,3,4.2,2,-0.1193172006085515
177,10,1000,2,2.79,2,-0.11931668689846993
177,11,1000,3,4.82,3,-0.11931533581763507
177,12,172,5,10.02,5,-0.11931584385591884
177,13,1000,3,9.13,5,-0.1193162846416235
177,14,1000,3,5.44,4,-0.11931511598825455
177,15,1000,1,2.61,2,-0.11931442461907864
177,16,1000,2,4.98,5,-0.11931381626427173
177,17,1000,2,5.9,8,-0.1193130435347557
177,18,1000,2,3.67,7,-0.11931246837228536
177,19,1000,3,6.28,9,-0.11931290999799966
177,20,130,4,10.0,3,-0.11931285107365021
177,21,126,4,10.06,3,-0.11931341969304615
177,22,124,4,10.03,2,-0.1193141366445249
177,23,145,5,10.0,8,-0.1193137764416892
177,24,1000,4,9.83,4,-0.11931287366151809
177,25,441,3,10.0,4,-0.11931177015815463
177,26,1000,2,3.6,3,-0.11931102230399847
177,27,133,4,10.06,6,-0.11931021393913972
177,28,199,4,10.02,2,-0.1193097598438886
177,29,135,4,10.04,4,-0.11930886181416335
177,30,126,4,10.05,4,-0.11930996841854519
177,31,1000,4,6.46,1,-0.1193096091747284
177,32,1000,1,2.71,3,-0.11930755685269832
177,33,1000,3,5.25,3,-0.11930711190402508
177,34,1000,3,5.57,3,-0.11930632048100233
177,35,1000,2,3.67,3,-0.11930415313690901
177,36,1000,2,2.72,2,-0.11930213809013367
178,1,1000,3,4.78,3,0.0674941893517971
178,2,1000,3,3.5,2,0.0674937203079462
178,3,1000,2,3.17,3,0.06749377547204495
178,4,1000,3,3.56,3,0.0674934744387865
178,5,1000,2,3.96,6,0.0674933448806405
178,6,1000,2,3.23,2,0.06749270621687174
178,7,1000,1,3.01,7,0.0674915656670928
178,8,1000,2,3.14,2,0.06749125802516938
178,9,1000,2,2.93,2,0.0674912645816803
178,10,1000,1,2.98,6,0.06749073993414641
178,11,1000,1,2.8,5,0.06749108162522316
178,12,1000,1,2.72,4,0.06749104859679937
178,13,1000,2,4.46,4,0.06749122469872236
178,14,1000,2,2.77,3,0.06749211391061545
178,15,1000,2,7.11,7,0.06749098917096853
178,16,1000,1,2.85,5,0.06749095913767815
178,17,1000,1,2.65,3,0.06749085547029972
178,18,1000,2,3.95,3,0.06749110201746225
178,19,1000,2,3.3,2,0.06749116358906031
178,20,1000,1,2.96,6,0.06749068346619606
178,21,1000,2,3.31,2,0.0674889386370778
178,22,1000,3,3.39,3,0.06748625998198986
178,23,1000,3,4.92,2,0.06748595668375493
178,24,1000,3,2.82,1,0.06748619128018618
178,25,1000,3,3.53,1,0.06748585063964128
178,26,1000,4,6.64,2,0.06748670112341643
178,27,1000,4,5.08,3,0.06748669604957104
178,28,1000,3,2.82,1,0.06748705714195967
178,29,1000,1,2.98,6,0.06748729511350393
178,30,1000,2,3.43,3,0.0674868132546544
178,31,1000,2,3.44,3,0.06748688267171384
178,32,1000,1,2.73,4,0.06748891603201627
178,33,1000,1,2.57,2,0.06748852680623531
179,1,1000,3,4.91,3,0.10285768358409404
179,2,1000,3,4.98,3,0.10285814500600099
179,3,1000,4,4.52,2,0.10285846997052431
179,4,1000,2,3.28,3,0.10285864792019128
179,5,1000,2,3.05,2,0.10285863152891397
179,6,1000,5,5.65,2,0.10285954070836306
179,7,1000,4,3.47,1,0.10285951506346463
179,8,1000,3,3.2,2,0.10286018392443656
179,9,1000,3,4.53,3,0.1028607390075922
179,10,1000,1,3.11,7,0.10286064498871565
179,11,1000,2,4.22,5,0.10286105419695378
179,12,1000,3,4.32,3,0.10286273578554392
179,13,1000,2,2.96,3,0.10286348318308591
179,14,1000,2,2.94,3,0.10286398522555829
179,15,1000,2,5.23,6,0.10286483559012413
179,16,1000,2,3.57,3,0.10286476224660873
179,17,1000,1,2.86,4,0.10286554315686226
179,18,1000,2,3.52,3,0.10286587745696306
179,19,1000,4,6.01,3,0.10286779941618443
179,20,1000,4,4.72,2,0.10286929562687874
179,21,1000,4,3.92,4,0.1028687349781394
179,22,1000,4,5.95,10,0.10286835004389286
179,23,1000,4,4.27,1,0.102868851326406
179,24,1000,4,4.13,1,0.10286901694536209
179,25,1000,1,3.12,7,0.10286960180103778
179,26,1000,1,3.22,8,0.10287011090666055
179,27,1000,2,4.85,14,0.10286789289861918
179,28,1000,3,6.1,14,0.10286866172403097
179,29,1000,2,3.23,4,0.10287216992676258
180,1,1000,3,4.91,3,0.04280214732512832
180,2,1000,3,3.6,2,0.042801222573965785
180,3,1000,3,4.63,3,0.042799141440540554
180,4,1000,2,3.22,3,0.04279871305450797
180,5,1000,1,2.65,3,0.04279744230210781
180,6,1000,2,3.94,3,0.04279657052084804
180,7,1000,2,4.12,5,0.04279563735798001
180,8,136,4,10.03,3,0.04279513626962023
180,9,1000,4,9.35,3,0.042793707270175216
180,10,1000,3,4.35,3,0.042794068526476624
180,11,1000,4,3.94,3,0.04279325704649091
180,12,1000,6,9.6,2,0.04279360872507095
180,13,190,5,10.02,7,0.04279335633312401
180,14,1000,3,3.99,2,0.042793418433517215
180,15,1000,1,2.83,5,0.04279281055554748
180,16,1000,1,2.7,3,0.042792689576745035
180,17,1000,1,2.74,4,0.04279177130758762
180,18,182,5,10.03,3,0.04279017186426854
180,19,1000,4,4.86,3,0.04278876786306501
180,20,1000,2,3.5,3,0.04278827251121402
180,21,1000,5,9.0,1,0.04278825996443629
180,22,1000,4,8.47,3,0.042788722809404135
180,23,1000,1,2.6,2,0.042787992391735315
181,1,1000,3,4.91,3,-0.10681966198980808
181,2,1000,3,4.76,3,-0.10682049041241408
181,3,1000,4,5.91,3,-0.10682080332189799
181,4,1000,2,3.23,3,-0.10682128210365772
181,5,1000,1,2.69,3,-0.10682138627767562
181,6,1000,2,3.85,4,-0.10682172307372093
181,7,1000,2,4.55,4,-0.10682255739718675
181,8,1000,1,2.87,5,-0.10682297491282225
181,9,1000,3,5.28,5,-0.10682301808893681
181,10,1000,3,4.03,3,-0.10682379680126905
181,11,1000,2,3.24,3,-0.10682430852204561
181,12,1000,4,7.08,3,-0.10682500922679901
181,13,1000,4,3.92,1,-0.106825673609972
181,14,1000,4,3.1,1,-0.10682654833048583
181,15,1000,4,3.49,1,-0.1068276911303401
181,16,1000,3,3.41,1,-0.1068280364498496
181,17,1000,4,4.96,1,-0.10682862874865531
181,18,1000,3,3.05,1,-0.1068289478123188
181,19,1000,2,2.78,2,-0.10683015343546867
181,20,1000,3,5.2,5,-0.10683088501542806
181,21,1000,3,4.7,3,-0.10683192889392376
181,22,1000,3,3.5,3,-0.1068334384560585
181,23,1000,2,3.04,3,-0.10683506187051535
181,24,1000,4,5.86,3,-0.10683461984992028
181,25,1000,3,2.82,1,-0.10683358024060727
181,26,1000,4,3.23,1,-0.10683511306345463
181,27,1000,4,3.63,1,-0.10683608904480935
181,28,1000,3,3.09,1,-0.10683612500876188
181,29,1000,3,2.85,1,-0.10683692692965269
181,30,1000,3,3.05,1,-0.10683749696612357
181,31,1000,3,2.73,1,-0.10683950781822205
181,32,1000,2,2.68,1,-0.1068396121263504
182,1,1000,3,4.89,3,0.03320220428705215
182,2,1000,3,5.07,3,0.033201355785131455
182,3,1000,4,6.74,3,0.033200285110622646
182,4,1000,3,5.86,5,0.03320008331537247
182,5,1000,3,6.1,5,0.03319846000522375
182,6,1000,3,9.21,4,0.03319900855794549
182,7,1000,3,7.34,5,0.03319789405167103
182,8,1000,4,8.31,3,0.03319854877144098
182,9,1000,3,5.71,3,0.033197884682565924
182,10,1000,2,3.16,2,0.033196275886148215
182,11,1000,3,3.6,1,0.03319484478235245
182,12,1000,3,3.63,1,0.03319487538188696
182,13,1000,3,4.26,2,0.033194878600537776
182,14,1000,2,3.77,4,0.033193652894347905
182,15,1000,2,3.16,3,0.033192937556654215
182,16,1000,1,2.8,4,0.03319288770109415
182,17,1000,3,6.83,4,0.03319501236453652
182,18,1000,3,5.8,3,0.03319599425047636
182,19,1000,3,5.81,4,0.03319584738090634
182,20,1000,3,5.33,4,0.0331944398060441
182,21,1000,2,2.8,1,0.033193125896155834
182,22,1000,2,2.86,1,0.033192705053836105
183,1,1000,3,4.85,3,0.08947035624831914
183,2,1000,3,4.63,3,0.08947118166089058
183,3,1000,4,6.79,3,0.08947223487496377
183,4,1000,3,5.92,2,0.08947265609353781
183,5,1000,3,6.56,2,0.08947283847630023
183,6,1000,3,8.63,3,0.08947314006835222
183,7,1000,3,5.91,6,0.08947361807525157
183,8,1000,3,7.54,4,0.08947365590184927
183,9,1000,3,2.78,1,0.08947321767359973
183,10,1000,2,2.95,2,0.08947308862954378
183,11,1000,3,3.79,2,0.08947365222126245
183,12,1000,2,3.19,2,0.0894742441251874
183,13,1000,3,3.84,2,0.08947484540194273
183,14,1000,3,4.09,2,0.08947448220103979
183,15,1000,3,4.96,3,0.08947450610995293
183,16,1000,4,7.72,3,0.08947375736385584
183,17,1000,4,7.62,3,0.0894729799926281
183,18,1000,3,3.86,2,0.08947417218983174
183,19,1000,1,2.8,4,0.0894739390835166
183,20,1000,1,2.85,5,0.08947475103288889
183,21,1000,4,5.08,3,0.08947470825910568
183,22,1000,2,2.75,2,0.08947371879965067
183,23,1000,1,2.67,3,0.08947398360073566
183,24,1000,1,2.7,3,0.08947425477951765
183,25,1000,1,2.63,2,0.08947416257858276
183,26,1000,1,2.54,1,0.08947347849607468
184,1,1000,3,4.89,3,-0.030922365587204695
184,2,1000,3,4.16,2,-0.03092229273542762
184,3,1000,4,6.54,3,-0.030921599235385656
184,4,1000,3,4.54,2,-0.030921400375664234
184,5,1000,2,3.09,2,-0.03092145054228604
184,6,1000,2,3.14,4,-0.030921164028346538
184,7,1000,2,3.68,3,-0.030919990837574005
184,8,150,4,10.03,3,-0.03091996898253759
184,9,844,6,10.0,2,-0.03091854345212333
184,10,1000,5,4.75,1,-0.030917827105149627
184,11,1000,3,4.07,3,-0.030917610086500645
184,12,1000,1,2.82,5,-0.030917827965691685
184,13,1000,2,4.16,5,-0.03091757319495082
184,14,1000,2,3.48,2,-0.03091718743927777
184,15,1000,1,2.57,2,-0.030917416045442223
184,16,1000,1,2.66,3,-0.030917980840429665
184,17,1000,1,2.67,3,-0.03091687996685505
184,18,1000,1,2.77,4,-0.03091561495885253
184,19,1000,1,2.71,3,-0.03091456682048738
185,1,1000,3,4.89,3,0.003426586910150945
185,2,1000,3,4.51,2,0.0034265717500820757
185,3,1000,3,3.4,3,0.0034262800589203836
185,4,1000,3,3.14,2,0.0034258901951834558
185,5,1000,4,4.32,6,0.003425620782189071
185,6,1000,2,3.11,4,0.0034255347261205314
185,7,1000,3,4.0,2,0.0034267772324383257
185,8,1000,2,3.11,4,0.0034266657065600155
185,9,1000,2,2.9,1,0.003426346240565181
185,10,1000,3,3.58,1,0.003426191994920373
185,11,1000,3,3.16,2,0.003426822078414261
185,12,1000,5,5.51,2,0.0034269108353182673
185,13,1000,1,2.59,2,0.0034268346428871156
185,14,1000,1,2.98,6,0.0034274696046486496
185,15,1000,3,5.7,3,0.0034275175780057905
185,16,1000,3,5.75,3,0.0034264185689389707
185,17,1000,1,2.7,3,0.00342676486633718
185,18,1000,3,3.51,4,0.003427201448939741
185,19,1000,2,3.5,3,0.003427163905464113
185,20,1000,1,2.75,4,0.003426937752403319
185,21,1000,1,2.68,3,0.003426911701448262
185,22,1000,3,3.97,3,0.0034273640224710107
185,23,1000,3,4.92,2,0.0034278233284130693
185,24,1000,3,6.07,5,0.0034273130698129536
185,25,1000,3,3.04,2,0.003427190630696714
185,26,1000,1,2.61,2,0.003426645200699568
185,27,1000,4,4.29,3,0.0034276554277166723
185,28,1000,2,2.92,4,0.003427382929250598
185,29,1000,3,4.57,2,0.003427601244300604
185,30,1000,2,2.76,1,0.0034273982252925636
185,31,1000,3,2.97,2,0.0034274193486198783
185,32,1000,3,3.37,2,0.0034286358216777443
185,33,1000,3,9.82,8,0.0034288793141022326
185,34,1000,1,2.49,1,0.003429809119552374
185,35,1000,1,2.85,5,0.003429977438412607
185,36,1000,4,5.07,3,0.003430753506720066
185,37,1000,4,8.89,3,0.003430939633399248
185,38,1000,4,9.25,3,0.003430156291462481
185,39,1000,4,9.34,3,0.0034307248666882516
185,40,1000,3,8.86,5,0.0034311526101082563
185,41,1000,4,5.67,3,0.0034319680649787187
185,42,1000,3,4.93,2,0.0034322218354791404
185,43,1000,3,3.32,1,0.0034323194660246374
185,44,1000,2,3.72,4,0.0034318833919242024
185,45,1000,0,2.41,0,0.0034323646686971188
186,1,1000,3,4.9,3,-0.09401709125190973
186,2,1000,3,4.75,3,-0.09401652908325195
186,3,1000,3,3.51,2,-0.0940148926526308
186,4,1000,3,4.19,2,-0.09401374829560519
186,5,1000,3,3.74,2,-0.0940127342864871
186,6,1000,3,3.81,3,-0.09401228143274784
186,7,1000,3,4.02,2,-0.094011303961277
186,8,175,4,10.07,2,-0.094010386126382
186,9,1000,6,9.57,3,-0.09400863521546125
186,10,1000,3,3.64,3,-0.09400862182676792
186,11,1000,5,7.63,4,-0.09400918502360582
186,12,139,4,10.0,11,-0.0940085172438793
186,13,140,4,10.02,4,-0.09400740345673901
186,14,1000,4,8.98,2,-0.09400674376636743
186,15,383,5,10.0,5,-0.09400541310055138
186,16,1000,3,4.77,6,-0.09400602927058935
186,17,1000,2,3.58,6,-0.09400563820451498
186,18,1000,4,5.73,3,-0.09400731709599496
186,19,133,4,10.05,5,-0.09400703729991626
186,20,156,6,10.05,3,-0.09400564651840772
186,21,1000,4,8.87,10,-0.09400326710939408
186,22,140,4,10.0,5,-0.09400339924863406
186,23,123,4,10.09,6,-0.09400252246759772
186,24,131,3,10.02,6,-0.09400206434590216
186,25,1000,3,7.81,6,-0.09400238213688135
186,26,117,3,10.01,6,-0.0940018552236068
186,27,106,4,10.02,5,-0.09400133500402828
186,28,155,4,10.05,3,-0.09399908420539671
187,1,1000,3,4.92,3,-0.0028789168670773505
187,2,1000,3,3.43,2,-0.0028787473291158674
187,3,1000,3,4.93,3,-0.0028788006789982317
187,4,1000,3,3.07,1,-0.002878265302628279
187,5,1000,1,2.92,5,-0.0028780172169208524
187,6,1000,4,9.65,3,-0.0028780867606401444
187,7,141,4,10.03,3,-0.0028784749930367824
187,8,1000,2,7.12,10,-0.002878147441893816
187,9,1000,2,3.27,3,-0.0028779129832983016
187,10,1000,1,3.48,11,-0.0028778341338038444
187,11,241,3,10.02,10,-0.0028779670360393793
187,12,1000,3,5.6,6,-0.002877870798110962
187,13,1000,2,3.43,2,-0.002878730062395334
187,14,1000,2,2.94,1,-0.0028787093535065653
187,15,1000,1,2.96,5,-0.0028785768523812293
187,16,1000,2,4.87,5,-0.0028785341158509255
187,17,1000,1,2.77,3,-0.0028789674416184424
187,18,137,5,10.07,1,-0.002878737054683649
187,19,1000,4,6.58,2,-0.0028781343810260294
187,20,1000,4,3.66,2,-0.0028776712380349638
187,21,1000,2,3.44,5,-0.0028771885484457018
187,22,1000,2,3.25,1,-0.0028774528093636034
187,23,1000,3,4.07,1,-0.0028778897672891617
187,24,1000,2,3.31,3,-0.0028780875094234944
187,25,1000,1,2.58,1,-0.002877994906157255
188,1,1000,3,4.82,3,0.07015350440889596
188,2,1000,3,4.29,2,0.07015384364873171
188,3,1000,3,3.08,2,0.07015433004498482
188,4,1000,2,2.78,2,0.07015461391210556
188,5,1000,3,3.93,3,0.07015458548814059
188,6,1000,2,2.73,2,0.0701550304889679
188,7,1000,2,2.74,2,0.0701552886068821
188,8,1000,2,3.51,6,0.07015552416443825
188,9,1000,2,2.95,1,0.07015536238253117
188,10,1000,2,2.8,1,0.07015528983622789
188,11,1000,3,3.63,2,0.07015524297207594
188,12,1000,3,4.16,4,0.07015533601492643
188,13,1000,3,3.97,2,0.07015527004748583
188,14,1000,3,3.68,2,0.07015548023581505
188,15,1000,2,3.12,4,0.07015558856725693
188,16,1000,2,2.92,1,0.07015564300864935
188,17,1000,3,4.2,5,0.07015567873418331
188,18,1000,2,3.08,4,0.07015557913482189
188,19,1000,3,4.91,5,0.07015550602972508
188,20,1000,2,2.82,1,0.07015561107546091
188,21,1000,2,3.03,1,0.07015558569133282
188,22,1000,2,2.75,1,0.07015563859045505
188,23,1000,2,3.27,1,0.07015571682155132
188,24,1000,4,4.34,4,0.07015574072301388
188,25,1000,3,4.16,4,0.07015565320849419
188,26,1000,3,4.23,4,0.07015553808957338
188,27,1000,2,2.78,2,0.07015551105886698
188,28,1000,2,3.33,5,0.07015555171668529
188,29,1000,2,3.68,7,0.07015553487837314
188,30,1000,2,3.48,6,0.07015560741722583
188,31,1000,6,8.83,2,0.07015567727386951
188,32,1000,2,2.97,3,0.07015542513132095
188,33,1000,2,3.17,2,0.07015527637302875
188,34,644,4,10.0,5,0.07015539938294739
188,35,1000,5,6.29,1,0.0701552644893527
188,36,142,5,10.01,5,0.07015524935764327
188,37,236,6,10.0,3,0.07015529486461211
188,38,151,5,10.07,2,0.07015535635071875
188,39,1000,1,2.81,4,0.07015541464090347
188,40,151,5,10.04,3,0.07015565215357092
188,41,1000,4,8.57,5,0.07015579069405795
188,42,129,4,10.04,4,0.07015541998683944
188,43,187,6,10.02,1,0.07015526872427068
188,44,1000,5,7.6,5,0.07015510757267475
188,45,140,4,10.04,4,0.0701551582132067
188,46,1000,3,8.89,2,0.07015483298897743
188,47,106,4,10.01,2,0.07015446200966835
188,48,1000,3,8.19,3,0.07015410605818033
188,49,209,4,10.06,4,0.07015391171834115
188,50,132,3,10.03,9,0.07015378840944984
188,51,1000,2,7.71,3,0.07015367997437716
188,52,1000,1,4.17,19,0.07015363474935293
189,1,1000,3,4.86,3,-0.05025283278524876
189,2,1000,3,3.53,2,-0.05025276093184948
189,3,1000,3,4.58,2,-0.05025244067236781
189,4,1000,3,3.04,1,-0.05025247310101986
189,5,1000,3,3.09,2,-0.05025248530507088
189,6,1000,5,5.64,1,-0.05025186875090003
189,7,1000,3,4.36,1,-0.050251376431435346
189,8,1000,4,4.24,1,-0.05025107603892684
189,9,1000,4,8.21,1,-0.050251389890909194
189,10,130,3,10.08,6,-0.05025191152325043
189,11,149,5,10.07,5,-0.050252459093228286
189,12,140,5,10.01,3,-0.05025198935930218
189,13,133,4,10.01,3,-0.050251622593268416
189,14,180,6,10.04,1,-0.05025223826782571
189,15,154,5,10.03,5,-0.050251729230021504
189,16,142,5,10.06,2,-0.05025217847400148
189,17,154,3,10.06,11,-0.05025283868920494
189,18,147,3,10.06,7,-0.050253004722651984
189,19,1000,4,4.56,2,-0.05025341171771288
189,20,1000,2,4.5,12,-0.05025329168885946
189,21,1000,1,2.73,4,-0.05025313783437014
189,22,227,5,10.06,3,-0.050253310934168655
189,23,158,4,10.04,3,-0.05025380406575867
189,24,1000,3,5.04,2,-0.05025449937954545
189,25,1000,4,4.02,1,-0.05025457377359271
189,26,1000,4,6.37,6,-0.05025422482937574
189,27,383,4,10.0,6,-0.05025400945007334
189,28,1000,5,4.34,2,-0.05025413055345416
189,29,1000,2,3.19,3,-0.05025430192053318
189,30,1000,2,4.37,6,-0.05025439533963799
189,31,1000,2,5.41,9,-0.050254347931593654
189,32,1000,3,3.77,1,-0.050254115376621486
189,33,1000,1,2.5,1,-0.05025498569011688
190,1,1000,3,5.01,3,0.061501217126846315
190,2,1000,3,5.07,3,0.061500186875462534
190,3,1000,3,5.19,3,0.0614993085898459
190,4,1000,3,5.81,3,0.061498937595635655
190,5,1000,3,4.06,2,0.06149849751219153
190,6,1000,3,4.74,3,0.06149841187521815
190,7,1000,3,3.74,2,0.061498359952121974
190,8,1000,2,3.52,2,0.061498540550470354
190,9,117,3,10.02,2,0.061498342288864985
190,10,1000,5,8.64,2,0.06149856983497739
190,11,1000,5,6.35,3,0.06149875032901764
190,12,1000,3,5.2,3,0.061498610284179446
190,13,1000,3,3.65,1,0.06149829649925232
190,14,1000,3,3.87,1,0.06149714786931872
190,15,1000,2,4.05,3,0.061498679362237456
190,16,1000,2,4.26,3,0.06149758205935359
190,17,132,5,10.04,1,0.06149834687962676
190,18,119,3,10.05,9,0.06150124769876985
190,19,162,5,10.08,2,0.061501804923201786
190,20,1000,4,3.92,2,0.061502525087445976
190,21,1000,4,3.78,3,0.06150225617364049
191,1,1000,3,4.87,3,0.12328998222947121
191,2,1000,3,5.42,3,0.12329096706211568
191,3,1000,4,8.61,3,0.12329166718572378
191,4,193,4,10.04,4,0.12329159939536159
191,5,149,4,10.04,4,0.12329180603659393
191,6,1000,4,5.68,2,0.12329221489280462
191,7,1000,2,3.45,2,0.1232924669161439
191,8,1000,2,4.43,4,0.12329244791716337
191,9,1000,4,6.18,2,0.12329259778559208
191,10,1000,4,6.21,2,0.12329302944242954
191,11,1000,3,4.31,4,0.12329285798221827
191,12,1000,2,3.42,3,0.12329279714077711
191,13,1000,2,3.76,4,0.12329261982440949
191,14,733,3,10.0,4,0.12329267424824782
191,15,1000,3,8.84,3,0.12329289220273494
191,16,1000,2,4.5,6,0.12329296011477708
191,17,1000,3,9.99,3,0.12329268320649862
191,18,1000,3,9.1,5,0.12329286064952612
191,19,130,4,10.03,3,0.12329248757316516
191,20,163,6,10.06,2,0.12329317940159078
191,21,1000,5,9.06,3,0.12329311604052783
191,22,1000,2,3.52,4,0.12329296075552702
191,23,1000,2,9.49,8,0.12329323584586382
191,24,122,3,10.03,2,0.12329397771934994
191,25,1000,3,6.93,2,0.12329430166631937
191,26,1000,1,2.93,5,0.12329354253411293
191,27,182,5,10.03,3,0.12329347034568315
191,28,140,5,10.03,4,0.1232942419392722
191,29,126,5,10.08,3,0.12329430505633354
191,30,1000,1,2.75,4,0.12329365660250187
191,31,1000,2,3.58,4,0.1232930166348815
191,32,1000,2,3.85,4,0.12329290533065795
191,33,138,3,10.04,4,0.12329341357816821
191,34,118,3,10.05,3,0.12329381836925522
191,35,137,4,10.08,8,0.12329429534882524
191,36,131,4,10.04,8,0.12329501436866877
191,37,144,6,10.03,3,0.12329575812651052
191,38,145,5,10.05,3,0.1232962763515012
191,39,118,5,10.02,1,0.12329542068606716
191,40,140,5,10.03,2,0.1232946930187089
191,41,1000,3,8.57,7,0.12329433309286833
191,42,927,4,10.0,7,0.12329395942414077
191,43,1000,3,9.77,7,0.1232934304177761
191,44,115,3,10.07,4,0.12329261277032935
191,45,1000,2,6.39,9,0.12329186517745257
191,46,153,4,10.05,4,0.12329245378184163
191,47,120,5,10.01,3,0.123292134826382
191,48,297,6,10.0,2,0.12329163650671641
191,49,1000,2,5.26,13,0.12329116033762694
191,50,1000,2,3.2,2,0.12329093378782273
191,51,1000,1,2.63,2,0.12328898975253105
191,52,1000,1,2.52,1,0.12328977882862091
191,53,1000,1,2.77,4,0.12328895001858473
191,54,1000,1,2.52,1,0.12329061329364777
191,55,1000,1,2.77,4,0.12328866489231587
191,56,1000,1,2.79,4,0.1232901982218027
191,57,1000,1,2.68,3,0.12328944398462773
191,58,1000,1,2.6,2,0.12329017549753189
192,1,1000,3,4.87,3,-0.07632491838932037
192,2,1000,3,4.0,3,-0.07632582261413336
192,3,1000,3,3.94,2,-0.076327008895576
192,4,1000,2,3.15,2,-0.07632763519138097
192,5,1000,2,3.14,2,-0.07632816924899817
192,6,1000,3,9.37,2,-0.07632846700400114
192,7,1000,3,9.58,2,-0.07632861233502626
192,8,325,3,10.0,2,-0.07632907633598034
192,9,1000,3,5.02,3,-0.0763295977190137
192,10,1000,3,4.99,3,-0.07633008210361004
192,11,135,4,10.07,3,-0.07633065244665853
192,12,128,5,10.07,2,-0.07633262977469712
192,13,1000,3,7.93,2,-0.07633322618901729
192,14,1000,3,4.61,1,-0.07633364649116993
192,15,1000,4,3.44,1,-0.07633389831334353
192,16,1000,2,3.29,3,-0.07633520550280809
192,17,1000,2,3.25,3,-0.07633452601730824
192,18,1000,3,8.05,5,-0.0763358648866415
192,19,130,3,10.01,8,-0.07633597140128796
192,20,1000,2,3.75,3,-0.07633620680868626
192,21,1000,2,3.91,3,-0.07633650916069747
192,22,1000,2,3.28,3,-0.07633787665516138
193,1,1000,3,4.86,3,0.0052654487201944
193,2,1000,3,4.73,3,0.0052655786024406554
193,3,1000,3,4.62,2,0.005265804476104676
193,4,1000,3,6.74,4,0.005265901843085885
193,5,1000,3,6.81,4,0.005266246578656137
193,6,1000,3,3.97,2,0.005266767962835729
193,7,1000,3,6.22,5,0.005267082613892853
193,8,1000,3,5.76,3,0.005266000636853277
193,9,1000,3,4.62,2,0.005266397482715547
193,10,1000,2,3.46,3,0.005266138544306159
193,11,1000,3,3.96,2,0.005265421709045768
193,12,775,3,10.0,11,0.005264949865879551
193,13,175,3,10.0,13,0.005264816811042173
193,14,505,5,10.0,3,0.005264134332537651
193,15,1000,4,6.46,3,0.005264199196361005
193,16,1000,4,6.41,3,0.005264398798346519
193,17,142,4,10.05,5,0.005264495971651984
193,18,1000,3,6.8,3,0.005263457412831485
193,19,1000,1,3.46,12,0.005263509773649275
193,20,1000,4,7.86,7,0.005263772218488157
193,21,112,4,10.07,4,0.005264093409225877
193,22,1000,6,9.63,1,0.005264171529561281
193,23,121,5,10.08,1,0.005264277554555865
193,24,181,5,10.0,3,0.005263789490029956
193,25,131,5,10.06,5,0.005264061346706999
193,26,1000,4,5.44,1,0.005263384034857154
193,27,1000,4,4.75,2,0.005263569659553468
193,28,1000,2,3.34,6,0.005264081995002925
193,29,1000,2,2.89,1,0.005262603962793946
193,30,372,3,10.0,6,0.005262389784097992
193,31,1000,3,5.02,3,0.005263357645832002
193,32,1000,2,3.0,3,0.005265173711813986
193,33,1000,2,2.74,2,0.005264260029420257
194,1,1000,3,4.95,3,0.10556016954779625
194,2,1000,3,3.69,2,0.10556018361449242
194,3,1000,3,4.23,2,0.1055601314008236
194,4,1000,2,2.92,3,0.10555948540568352
194,5,1000,2,3.84,5,0.10555925769358873
194,6,301,5,10.02,4,0.10556034214076805
194,7,1000,4,4.04,2,0.10556035797297955
194,8,1000,4,6.07,3,0.10555884583294392
194,9,1000,2,4.29,5,0.1055587557181716
194,10,1000,2,4.28,10,0.10555953548103571
194,11,1000,2,3.04,3,0.1055596734881401
194,12,1000,1,3.79,15,0.10555848260223866
194,13,1000,2,6.01,8,0.10555844129621983
194,14,1000,2,3.25,2,0.10555815368890763
194,15,1000,3,5.42,2,0.10555804703384637
194,16,141,4,10.0,6,0.10555811733641524
194,17,1000,3,3.3,2,0.10555774728953839
194,18,179,5,10.06,3,0.10555684891159973
194,19,1000,4,4.68,2,0.10555754254758358
194,20,1000,3,4.17,4,0.1055591974630952
194,21,1000,3,8.45,7,0.10555858678370714
194,22,1000,3,8.01,5,0.10555756613612174
194,23,1000,3,3.93,4,0.10555585340410471
194,24,1000,3,6.84,2,0.10555675160884857
194,25,132,5,10.02,3,0.1055590586567467
194,26,1000,4,5.09,3,0.10555934866517783
194,27,1000,5,6.13,3,0.10555838396400213
194,28,1000,3,3.38,2,0.10555943661928177
194,29,1000,4,3.91,1,0.10555712085962296
194,30,1000,2,5.85,6,0.10555684341490269
194,31,1000,2,3.83,2,0.10555667454749346
194,32,1000,3,6.92,4,0.10555715919286013
194,33,1000,3,5.0,4,0.10555602075904608
194,34,139,5,10.08,4,0.1055576357481291
194,35,130,4,10.04,4,0.10555625598017986
194,36,1000,3,6.74,3,0.10555568337440491
194,37,490,3,10.0,2,0.10555527861021002
194,38,1000,5,7.5,1,0.10555545676499606
194,39,1000,2,4.7,5,0.10555466623604298
194,40,147,3,10.01,5,0.10555582964906887
194,41,142,3,10.08,6,0.10555765594185239
194,42,1000,2,4.14,4,0.10556109116971493
194,43,116,4,10.07,3,0.10556049291686766
194,44,136,5,10.0,3,0.10555999424746808
194,45,135,5,10.06,7,0.10555957710301435
194,46,1000,4,7.86,2,0.10556096639484167
194,47,1000,3,7.24,4,0.10555910962074995
194,48,1000,3,4.03,4,0.10555897924304009
194,49,1000,4,5.98,5,0.10555874529480934
194,50,190,5,10.06,4,0.10556027218699456
194,51,803,5,10.0,3,0.10555979176186683
194,52,826,5,10.0,2,0.10555877197380505
194,53,1000,3,5.46,2,0.10556029310822487
194,54,1000,2,5.36,3,0.10556213511526584
194,55,1000,3,3.61,3,0.10556215763092042
194,56,1000,3,8.21,5,0.10556164948642253
194,57,1000,2,6.11,3,0.10556241491436959
194,58,1000,2,5.94,10,0.10556223642081022
194,59,1000,2,3.83,5,0.10556082278490067
194,60,125,4,10.01,4,0.1055621429681778
194,61,1000,4,6.35,4,0.10556113274395466
194,62,135,5,10.02,4,0.10556053789677443
194,63,1000,4,9.07,2,0.10556299182027579
194,64,129,5,10.04,3,0.10556321331234865
194,65,1000,4,6.73,2,0.10556408692896366
194,66,1000,4,8.22,2,0.10556416534632444
194,67,1000,2,3.89,5,0.10556477225571871
194,68,1000,2,3.11,1,0.10556198980659247
194,69,1000,3,8.58,4,0.1055622310936451
194,70,1000,2,3.37,4,0.1055618717521429
194,71,1000,2,5.38,11,0.10556190396845341
194,72,1000,2,7.76,12,0.10556189022958279
194,73,147,5,10.08,3,0.10556226370691442
194,74,1000,5,5.17,1,0.10556153680384159
194,75,1000,4,3.16,1,0.10555916500836611
194,76,1000,0,2.54,0,0.10555912554264069
195,1,1000,3,4.93,3,-0.13700831262767316
195,2,1000,3,3.62,2,-0.1370083976238966
195,3,1000,2,3.0,2,-0.13700860257446765
195,4,1000,3,4.16,5,-0.1370081704258919
195,5,1000,2,2.78,1,-0.13700804717838763
195,6,1000,2,2.86,1,-0.13700852255523205
195,7,1000,3,3.31,1,-0.13700848278403283
195,8,1000,3,3.27,1,-0.13700818395614625
195,9,1000,5,7.35,2,-0.13700811211764813
195,10,214,6,10.04,3,-0.1370077787715698
195,11,196,5,10.0,4,-0.1370079886092215
195,12,1000,4,6.35,3,-0.13700795535743238
195,13,1000,1,2.53,1,-0.13700804114341736
195,14,1000,2,3.49,3,-0.1370071184337139
195,15,1000,2,3.25,2,-0.1370069377720356
195,16,1000,2,2.96,2,-0.13700690741837024
195,17,150,5,10.01,4,-0.13700737645228703
195,18,1000,4,6.29,2,-0.1370072943866253
195,19,1000,2,2.99,2,-0.13700634130835534
195,20,1000,4,8.07,3,-0.1370058480799198
195,21,185,5,10.03,2,-0.13700540830960145
195,22,1000,4,8.01,1,-0.13700533701479434
195,23,1000,2,3.35,5,-0.13700572688877583
195,24,1000,3,6.28,4,-0.13700507713854312
195,25,140,5,10.08,2,-0.1370052528168474
195,26,1000,4,7.17,2,-0.13700543041527272
195,27,1000,3,4.28,4,-0.13700609646737574
195,28,1000,1,2.67,2,-0.13700651335716246
195,29,1000,1,2.74,3,-0.13700644655525684
195,30,1000,2,4.11,2,-0.1370058360695839
195,31,192,5,10.02,3,-0.13700615901810428
195,32,1000,4,8.39,5,-0.1370060151666403
195,33,1000,4,4.04,5,-0.13700653918087483
195,34,1000,4,3.58,3,-0.137006462931633
195,35,1000,4,9.76,3,-0.13700586400926112
195,36,116,5,10.02,3,-0.13700708207385293
195,37,145,7,10.05,3,-0.1370056333213017
195,38,1000,4,5.66,2,-0.13700646825134755
195,39,1000,3,3.32,3,-0.13700640939176081
195,40,1000,3,4.82,3,-0.13700945548713206
195,41,1000,3,3.92,1,-0.13700814801454544
195,42,1000,2,3.6,3,-0.13700771060585976
195,43,1000,1,2.66,2,-0.13700616133213042
195,44,1000,1,2.62,2,-0.13700815975666047
195,45,1000,3,3.16,3,-0.1370082673728466
195,46,1000,3,4.64,2,-0.1370093501508236
195,47,1000,1,2.65,2,-0.13700807586312294
196,1,1000,3,4.93,3,0.140858334928751
196,2,1000,3,4.69,3,0.1408586879223585
196,3,1000,4,5.0,3,0.14085907761752606
196,4,1000,3,2.81,1,0.1408590541779995
196,5,1000,2,3.01,3,0.14085936237871646
196,6,1000,2,3.15,4,0.14085947726666928
196,7,1000,2,2.65,1,0.1408596634864807
196,8,1000,1,2.64,2,0.14086041209101677
196,9,1000,1,2.97,6,0.14086099377274514
196,10,1000,2,3.5,4,0.140860654219985
196,11,1000,3,4.79,3,0.14086086738109588
196,12,1000,3,3.57,1,0.14086084526777268
196,13,1000,5,7.69,1,0.14086112466454506
196,14,1000,1,2.79,4,0.1408618491590023
196,15,1000,2,2.98,3,0.14086270600557327
196,16,1000,2,3.51,6,0.14086308020353316
196,17,1000,2,2.79,1,0.14086298170685768
196,18,1000,2,4.6,6,0.14086405862867832
196,19,1000,2,3.16,4,0.14086496615409852
196,20,1000,1,2.53,1,0.14086531102657318
196,21,1000,2,2.63,1,0.14086589217185974
196,22,1000,2,2.66,1,0.14086706936359406
197,1,1000,3,4.98,3,0.039756642501801255
197,2,1000,3,3.78,3,0.0397557161077857
197,3,1000,3,4.23,2,0.039755034070461985
197,4,1000,1,2.77,3,0.039754812605679035
197,5,1000,3,5.73,6,0.03975459873303771
197,6,244,5,10.08,3,0.039754557606504586
197,7,1000,3,5.87,3,0.03975508606806397
197,8,1000,1,2.79,3,0.03975445407629013
197,9,1000,3,6.76,6,0.03975357284396887
197,10,1000,2,3.56,4,0.03975362833589315
197,11,1000,4,7.72,3,0.03975412944331765
197,12,210,5,10.08,3,0.03975383827374095
197,13,131,4,10.07,3,0.03975343115570891
197,14,1000,4,9.49,2,0.03975260417163372
197,15,142,5,10.01,3,0.0397533883773525
197,16,1000,5,9.7,5,0.03975373896583915
197,17,1000,5,7.55,3,0.03975350021198392
197,18,1000,3,3.03,2,0.039753862902522086
197,19,973,3,10.0,13,0.03975428591835536
197,20,119,4,10.02,3,0.03975442424416542
197,21,284,3,10.0,3,0.03975436281622716
197,22,118,4,10.07,7,0.03975355034788786
197,23,119,4,10.03,3,0.039754085618407785
197,24,136,5,10.05,3,0.03975399419227067
197,25,1000,4,7.52,2,0.03975382884964347
197,26,139,4,10.01,6,0.039754287453649714
197,27,138,4,10.05,4,0.03975418064257373
197,28,122,4,10.03,5,0.039753628161842705
197,29,1000,3,8.43,3,0.03975366554036736
197,30,121,3,10.08,6,0.03975280703715056
197,31,224,5,10.03,2,0.03975186894448208
197,32,421,5,10.04,5,0.03975157316712189
197,33,1000,1,2.99,5,0.039750669859349726
197,34,1000,1,3.24,8,0.03974619619175792
198,1,1000,3,4.9,3,-0.08522916101664305
198,2,1000,3,3.6,2,-0.08522908236831427
198,3,1000,1,2.56,2,-0.0852291438728571
198,4,1000,2,2.82,1,-0.08522954792529344
198,5,1000,2,2.99,3,-0.08523079843819141
198,6,1000,4,5.56,6,-0.08523076082766055
198,7,1000,5,9.88,3,-0.08523010178655387
198,8,1000,4,4.71,1,-0.08522991479933262
198,9,1000,2,2.69,1,-0.08522974991798402
198,10,1000,2,3.47,10,-0.08523039889335632
198,11,1000,2,6.18,9,-0.08522974890470504
198,12,217,4,10.0,9,-0.08523099632581807
198,13,1000,2,2.93,2,-0.08523315766453743
198,14,1000,4,5.08,2,-0.08523451185971498
198,15,1000,4,4.03,2,-0.08523441703617572
198,16,1000,6,8.99,2,-0.0852338840290904
198,17,1000,4,5.28,1,-0.08523387335240841
198,18,1000,4,8.51,2,-0.08523523930460214
198,19,1000,4,7.25,4,-0.08523662207275629
198,20,1000,2,4.17,5,-0.0852380194067955
198,21,1000,2,4.16,5,-0.0852388831526041
198,22,772,5,10.0,2,-0.0852403099614876
198,23,154,6,10.07,3,-0.08524174949565491
198,24,122,4,10.07,3,-0.08524339359070433
198,25,162,5,10.08,3,-0.08524356308726617
198,26,1000,5,4.36,2,-0.08524364453554154
198,27,413,4,10.0,2,-0.08524380283335507
198,28,183,4,10.06,2,-0.08524542957381473
198,29,125,5,10.02,3,-0.0852477280497551
198,30,144,4,10.02,8,-0.0852482614831792
198,31,185,4,10.04,3,-0.08524932430402653
198,32,130,4,10.02,3,-0.08525067917429484
198,33,166,5,10.0,3,-0.08525250376348036
198,34,1000,2,3.88,2,-0.08525410242378711
198,35,163,6,10.04,1,-0.0852543426437612
198,36,185,5,10.05,2,-0.08525512226530023
198,37,133,5,10.07,2,-0.08525596822338893
198,38,353,4,10.0,4,-0.0852562231315094
198,39,108,4,10.01,4,-0.08525733994664969
198,40,116,3,10.01,4,-0.08525771885339556
198,41,1000,3,4.71,11,-0.08525854384154082
199,1,1000,3,4.89,3,0.12842246244847774
199,2,1000,3,4.73,3,0.1284221123754978
199,3,1000,4,7.84,3,0.12842192357778548
199,4,1000,3,2.93,1,0.12842204658687115
199,5,1000,6,7.69,3,0.12842222985625268
199,6,1000,5,8.62,3,0.12842223687469959
199,7,1000,4,5.29,1,0.12842190106213092
199,8,1000,3,3.09,1,0.1284221446365118
199,9,1000,2,3.35,2,0.1284230066984892
199,10,1000,3,6.0,6,0.12842335538566113
199,11,1000,2,3.93,5,0.1284234926700592
199,12,1000,1,3.2,9,0.1284236323684454
199,13,1000,1,3.08,7,0.1284235634356737
199,14,1000,2,3.01,1,0.1284234920144081
199,15,1000,5,8.81,3,0.12842346775531768
199,16,1000,4,6.94,1,0.12842453283071517
199,17,1000,1,2.94,6,0.12842507216334342
199,18,1000,1,2.69,3,0.1284250340163708
199,19,1000,2,4.0,6,0.12842527379095553
199,20,231,5,10.0,2,0.12842569238953777
199,21,128,4,10.01,7,0.12842582864686847
199,22,1000,4,6.22,3,0.12842535018920898
199,23,1000,3,6.21,1,0.12842537008225918
199,24,130,4,10.05,7,0.1284252445285137
199,25,159,4,10.04,6,0.12842546618959438
199,26,901,3,10.0,6,0.12842623213022847
199,27,1000,2,4.82,7,0.12842613478004933
199,28,1000,2,4.69,9,0.12842623586952687
199,29,1000,6,9.29,1,0.12842659106850624
199,30,133,5,10.06,3,0.1284268733702208
199,31,1000,4,4.61,2,0.12842745086550714
199,32,1000,3,5.89,3,0.12842734090983868
199,33,1000,2,2.7,1,0.1284267381876707
199,34,1000,4,4.45,1,0.12842715953290462
199,35,1000,2,3.84,4,0.12842771044373513
199,36,378,5,10.03,3,0.12842803992449292
199,37,146,4,10.05,3,0.12842863267415192
199,38,1000,4,9.58,3,0.12842803810536862
199,39,1000,3,5.06,3,0.12842736007273198
199,40,1000,4,5.91,3,0.1284276636838913
199,41,340,4,10.09,2,0.128427755131441
199,42,1000,3,5.48,19,0.1284273692071438
200,1,1000,3,5.03,3,-0.06410545742511749
200,2,1000,3,3.78,3,-0.0641047297641635
200,3,1000,3,4.7,2,-0.064104452483356
200,4,1000,3,4.34,1,-0.06410398796200752
200,5,1000,3,5.97,2,-0.06410406924784183
200,6,1000,2,4.12,3,-0.06410403994470834
200,7,1000,3,6.05,2,-0.06410382737219333
200,8,1000,3,5.97,5,-0.0641035065278411
200,9,1000,3,7.87,6,-0.06410226445645094
200,10,1000,3,3.56,2,-0.06410170950740576
200,11,1000,3,5.95,3,-0.06410124900192023
200,12,1000,3,6.87,6,-0.06410107979178428
200,13,1000,5,5.55,3,-0.06410037302970886
200,14,1000,2,3.0,1,-0.06409961545467377
200,15,1000,2,2.97,1,-0.06409902495145797
200,16,1000,2,4.08,3,-0.06409870740026236
200,17,1000,1,3.08,6,-0.06409811601042747
200,18,1000,2,6.23,6,-0.06409807541221381
200,19,196,3,10.0,3,-0.06409762799739838
200,20,1000,3,6.97,3,-0.06409747985750437
200,21,142,5,10.06,3,-0.06409893720082833
200,22,1000,4,5.3,2,-0.064098408639431
200,23,1000,4,3.93,1,-0.06409697601944209
200,24,1000,3,7.07,4,-0.06409640330076218
200,25,851,3,10.0,4,-0.06409564975005619
200,26,1000,2,5.8,3,-0.06409648372977972
200,27,158,3,10.05,4,-0.06409502392516861
200,28,125,4,10.01,4,-0.06409383767843246
200,29,450,3,10.0,3,-0.06409514955348439
200,30,120,3,10.05,9,-0.06409481248507896
200,31,1000,3,9.23,5,-0.06409559901803732
200,32,1000,2,7.21,11,-0.064095787525177
200,33,120,3,10.07,5,-0.06409493138392766
200,34,158,5,10.0,6,-0.06409506056504914
200,35,155,5,10.01,4,-0.06409474630509654
200,36,187,6,10.06,1,-0.06409372994925248
200,37,129,6,10.01,1,-0.06409446132737537
200,38,134,6,10.02,1,-0.06409446055542177
200,39,1000,2,4.28,3,-0.06409455383569002
200,40,1000,2,3.82,5,-0.06409484291821718
200,41,135,4,10.02,5,-0.06409446999982552
200,42,689,4,10.0,1,-0.06409411556229364
200,43,1000,4,3.41,1,-0.06409344850480557
200,44,1000,3,3.01,1,-0.06409472415596247
200,45,1000,3,2.98,1,-0.06409341295063496
200,46,1000,3,2.96,1,-0.06409253378212453
200,47,1000,3,3.14,1,-0.06409200723469258
200,48,1000,3,2.79,1,-0.06409119069576263
200,49,1000,0,2.51,0,-0.06409000605344772
201,1,1000,3,4.86,3,-0.12559148006141185
201,2,1000,3,5.78,3,-0.12559040293097495
201,3,1000,3,5.71,3,-0.12558904357254505
201,4,1000,3,6.52,4,-0.12558736436069012
201,5,1000,3,5.78,3,-0.12558598011732103
201,6,1000,3,4.32,2,-0.12558517175912856
201,7,1000,3,3.22,1,-0.12558473300933837
201,8,1000,3,5.52,3,-0.12558385920524598
201,9,1000,3,6.88,4,-0.1255832900851965
201,10,1000,3,4.69,2,-0.12558135597407818
201,11,626,3,10.0,10,-0.12557957242852963
201,12,1000,3,6.88,9,-0.1255789573341608
201,13,1000,3,6.77,8,-0.125577817812562
201,14,180,4,10.05,3,-0.12557810412512885
201,15,236,4,10.03,6,-0.12557807261660947
201,16,1000,3,6.79,3,-0.1255779042840004
201,17,1000,3,3.56,1,-0.12557548096776008
201,18,112,3,10.05,3,-0.12557546408580883
201,19,139,4,10.03,12,-0.12557602089514835
201,20,1000,4,9.79,3,-0.12557664100825786
201,21,1000,4,7.94,3,-0.12557754196226598
201,22,131,3,10.02,11,-0.12557754239053218
201,23,1000,3,7.42,2,-0.12557814984023571
201,24,1000,2,5.43,5,-0.12557578790187834
201,25,131,3,10.05,5,-0.1255748180942681
201,26,1000,3,8.08,3,-0.1255753279477358
201,27,1000,3,9.52,3,-0.12557490393519402
201,28,1000,3,8.46,3,-0.1255751212090254
201,29,1000,3,6.2,3,-0.12557529012858867
201,30,108,3,10.02,4,-0.1255759109777433
201,31,131,4,10.02,3,-0.12557554335994575
201,32,957,4,10.0,1,-0.12557429377312695
201,33,177,3,10.0,11,-0.12557221258764212
201,34,1000,2,5.82,4,-0.12557252229750157
201,35,142,4,10.01,6,-0.12557212693590514
201,36,531,4,10.0,3,-0.1255727183291243
201,37,137,4,10.04,3,-0.12557239558574926
201,38,699,4,10.0,2,-0.12557175433601603
201,39,112,3,10.04,8,-0.12557117122092418
201,40,146,3,10.02,9,-0.12556985592188902
201,41,138,4,10.04,6,-0.12556989469389984
201,42,1000,4,7.31,3,-0.12556883573532104
201,43,455,4,10.0,2,-0.12556867818910997
201,44,1000,3,5.25,4,-0.12556749410927295
201,45,1000,3,4.97,6,-0.1255668100118637
201,46,1000,4,4.75,3,-0.12556542356312275
201,47,1000,3,3.48,1,-0.12556463058292866
201,48,1000,3,5.76,5,-0.1255634564012289
201,49,233,3,10.0,6,-0.1255629109978164
201,50,1000,3,5.47,3,-0.12556292173266412
201,51,1000,3,6.89,3,-0.12556256741285324
201,52,1000,2,3.49,2,-0.1255622977912426
201,53,1000,2,4.23,3,-0.12556119978427888
201,54,1000,1,2.95,6,-0.1255606819689274
201,55,1000,3,4.11,3,-0.125561314702034
201,56,1000,3,6.22,5,-0.12556071390211582
201,57,1000,3,3.96,4,-0.1255598888397217
201,58,1000,2,4.61,3,-0.12555931374430657
201,59,1000,2,4.47,3,-0.1255589020103216
201,60,1000,1,2.66,3,-0.1255583133250475
202,1,1000,3,4.93,3,-0.049370706316083666
202,2,1000,3,3.5,3,-0.04937170053645969
202,3,1000,3,3.77,3,-0.049371946815401316
202,4,1000,2,2.74,1,-0.04937235562875867
202,5,1000,2,2.75,1,-0.04937288346886635
202,6,1000,3,5.3,6,-0.049372797321528196
202,7,1000,3,4.84,4,-0.04937323958799243
202,8,1000,3,5.04,5,-0.04937289210036397
202,9,1000,3,5.42,2,-0.04937305888533592
202,10,310,3,10.0,6,-0.04937351285930603
202,11,1000,3,5.1,3,-0.0493733730725944
202,12,1000,3,4.45,3,-0.04937395456433296
202,13,1000,2,3.09,2,-0.04937372779101133
202,14,1000,3,4.43,2,-0.04937287103384733
202,15,1000,3,6.13,2,-0.04937348206341267
202,16,1000,3,3.68,4,-0.049373195085674525
202,17,1000,1,2.5,1,-0.049374066293239594
202,18,1000,1,2.58,2,-0.04937325352430343
202,19,1000,1,2.86,5,-0.049373323045670985
202,20,1000,1,2.86,5,-0.04937355738133192
202,21,1000,1,2.61,2,-0.04937237682938576
202,22,1000,1,2.75,4,-0.04937317965179682
202,23,1000,1,2.76,4,-0.04937349888682365
202,24,1000,2,2.76,3,-0.04937167260423302
202,25,1000,3,6.41,4,-0.04937171903625131
202,26,1000,3,5.24,2,-0.04937343708798289
202,27,1000,3,6.4,5,-0.04937463174760342
202,28,1000,3,7.53,4,-0.04937395288795233
202,29,1000,2,4.13,3,-0.04937307940796018
202,30,1000,3,3.02,1,-0.04937490639835596
202,31,1000,1,2.99,6,-0.049375958021730185
202,32,1000,1,2.61,2,-0.049377202212810514
202,33,1000,1,2.69,3,-0.049378453180193904
202,34,1000,1,2.68,3,-0.04937803538143635
203,1,1000,3,5.08,3,0.02325141247920692
203,2,1000,3,3.79,3,0.023251244029030203
203,3,1000,2,2.97,2,0.02325231202505529
203,4,1000,3,4.02,2,0.023253082223236562
203,5,1000,3,6.17,2,0.023254022255539894
203,6,1000,3,4.23,3,0.023255273036658763
203,7,1000,4,4.64,3,0.02325654048845172
203,8,1000,3,3.46,3,0.02325756454281509
203,9,1000,3,3.15,2,0.023259471768513323
203,10,1000,3,4.8,7,0.02326055402867496
203,11,1000,3,3.13,2,0.023262094477191568
203,12,1000,3,3.13,2,0.02326349470950663
203,13,1000,3,3.49,3,0.023264720724895598
203,14,1000,3,3.15,2,0.023265068024396898
203,15,1000,3,3.15,2,0.023266026351600886
203,16,1000,3,3.85,4,0.02326679076999426
203,17,1000,3,3.85,4,0.023267966309562325
203,18,1000,3,3.16,2,0.023269109865650534
203,19,1000,3,2.85,1,0.023270513558760284
203,20,1000,3,3.87,4,0.023271133044734597
203,21,1000,3,3.85,4,0.023272479036822915
203,22,1000,3,2.84,1,0.02327418895997107
203,23,1000,3,3.17,2,0.02327500132471323
203,24,1000,3,2.78,1,0.02327627662010491
203,25,1000,3,3.21,2,0.023277098970487714
203,26,1000,3,2.81,1,0.02327845124527812
203,27,1000,3,3.18,2,0.023279454670846463
203,28,1000,3,2.83,1,0.02328131030127406
203,29,1000,3,3.79,4,0.023280946258455514
203,30,1000,3,3.15,2,0.023281453566625716
203,31,1000,3,2.83,1,0.023284091642126442
203,32,1000,3,2.82,1,0.023285547357052565
203,33,1000,3,3.82,4,0.02328433100692928
203,34,1000,3,3.15,2,0.023285948634147645
203,35,1000,3,3.84,4,0.023284957200288774
203,36,1000,3,2.79,1,0.023289490025490522
203,37,1000,3,3.12,2,0.023287475077435373
203,38,1000,3,4.18,5,0.023286605620756747
203,39,1000,3,2.79,1,0.023291575914248824
203,40,1000,3,2.8,1,0.023292655436322092
203,41,1000,3,3.83,4,0.023290275851264596
203,42,1000,3,2.82,1,0.023294119818136096
203,43,1000,3,2.83,1,0.02329517955519259
203,44,1000,3,3.46,3,0.023293596470728515
203,45,1000,3,2.81,1,0.023296391505748033
203,46,1000,3,3.52,3,0.023295475479215382
203,47,1000,3,3.89,4,0.023295447098091244
203,48,1000,3,2.84,1,0.023299488745629787
203,49,1000,3,2.87,1,0.023300213236361743
203,50,1000,3,3.88,4,0.023299041030928492
203,51,1000,3,2.85,1,0.023301291812211276
203,52,1000,3,3.19,2,0.02330114462412894
203,53,1000,3,2.86,1,0.023303936766460538
203,54,1000,3,2.82,1,0.023304517809301616
203,55,1000,3,3.54,3,0.02330358678661287
203,56,1000,3,3.91,4,0.0233037632368505
203,57,1000,3,3.16,2,0.02330256306193769
203,58,1000,3,2.84,1,0.023306723633781074
203,59,1000,3,2.84,1,0.023307751439511776
203,60,1000,3,3.2,2,0.023308141529560088
203,61,1000,3,2.85,1,0.023308244613930582
203,62,1000,3,3.19,2,0.023309770215302707
203,63,1000,3,3.91,4,0.023310263276100158
203,64,1000,3,2.84,1,0.023312159353867174
203,65,1000,3,3.19,2,0.02331254452653229
203,66,1000,3,2.85,1,0.02331326300650835
203,67,1000,3,2.82,1,0.02331382992491126
203,68,1000,3,2.81,1,0.023315173909068107
203,69,1000,3,2.82,1,0.023315417982637882
203,70,1000,3,3.55,3,0.023315973008051515
203,71,1000,3,2.82,1,0.02331647055968642
203,72,1000,3,2.85,1,0.023317917834967374
203,73,1000,3,2.79,1,0.023318753296509384
203,74,1000,3,3.54,3,0.02331870586797595
203,75,1000,3,2.87,1,0.023320659743621946
203,76,1000,3,2.84,1,0.023321564972400666
203,77,1000,3,2.87,1,0.023322144405916335
203,78,1000,3,3.58,3,0.02332247381657362
203,79,1000,3,2.84,1,0.023324600713327526
203,80,1000,3,2.83,1,0.02332522423379123
203,81,1000,3,3.21,2,0.023324392825365067
203,82,1000,3,2.87,1,0.023327194590121506
203,83,1000,3,2.85,1,0.023327500956133007
203,84,1000,3,3.24,2,0.023327587129548192
203,85,1000,3,2.85,1,0.023329772464931012
203,86,1000,3,3.21,2,0.0233290152605623
203,87,1000,3,3.94,4,0.023330405354499817
203,88,1000,3,2.89,1,0.023332398820668458
203,89,1000,3,2.83,1,0.02333328391611576
203,90,1000,3,2.84,1,0.023334350170567633
203,91,1000,3,3.2,2,0.023334398815408348
203,92,1000,3,2.8,1,0.02333762488886714
203,93,1000,3,2.89,1,0.023337775118649005
203,94,1000,3,2.82,1,0.02333850131370127
203,95,1000,3,3.24,2,0.02333805033005774
203,96,1000,3,3.92,4,0.02333787987753749
203,97,1000,3,2.87,1,0.02334145391918719
203,98,1000,3,2.91,1,0.023342665992677213
203,99,1000,3,2.84,1,0.023343952275812627
203,100,1000,3,2.82,1,0.023344822051003574
203,101,1000,3,3.2,2,0.023344905773177743
203,102,1000,3,3.58,3,0.0233449001070112
203,103,1000,3,2.79,1,0.023348371492698788
203,104,1000,3,2.83,1,0.02334937829338014
203,105,1000,3,3.55,3,0.023348198942840098
203,106,1000,3,2.82,1,0.023351752324029803
203,107,1000,3,2.91,1,0.02335328250005841
203,108,1000,3,2.83,1,0.023353717466816307
203,109,1000,3,2.8,1,0.023355422731488943
203,110,1000,3,3.19,2,0.023354864832013846
203,111,1000,3,3.21,2,0.02335588630475104
203,112,1000,3,3.56,3,0.023357101377099752
203,113,1000,3,2.82,1,0.023360514994710684
203,114,1000,3,2.84,1,0.023361704088747503
203,115,1000,3,3.21,2,0.02335988656245172
203,116,1000,3,2.8,1,0.023362496050074698
203,117,1000,3,2.86,1,0.023363697577267886
203,118,1000,3,2.83,1,0.023365089798346162
203,119,1000,3,2.85,1,0.023366802163422108
203,120,1000,3,2.86,1,0.023368092209100723
203,121,1000,3,3.23,2,0.02336560436338186
203,122,1000,3,2.86,1,0.023370548410341144
203,123,1000,3,2.86,1,0.023371565250679852
203,124,1000,3,2.86,1,0.023372078493237497
203,125,1000,3,2.87,1,0.023372684756293893
203,126,1000,3,2.85,1,0.023373812470585106
203,127,1000,3,3.24,2,0.023372560329735278
203,128,1000,3,3.57,3,0.023373391535133122
203,129,1000,3,2.85,1,0.023377259112894535
203,130,1000,3,2.91,1,0.023377495603635907
203,131,1000,3,2.88,1,0.023378675101324915
203,132,1000,3,2.82,1,0.023380014784634112
203,133,1000,3,2.86,1,0.02338212230987847
203,134,1000,3,3.53,3,0.02338082814402878
203,135,1000,3,2.85,1,0.0233848588000983
203,136,1000,3,2.84,1,0.02338476552814245
203,137,1000,3,2.82,1,0.023386609239503742
203,138,1000,3,2.87,1,0.02338791081495583
203,139,1000,3,3.17,2,0.023385917169973253
203,140,1000,3,2.82,1,0.023391893634572624
203,141,1000,3,2.89,1,0.02339269555360079
203,142,1000,3,3.31,2,0.02339049818366766
203,143,1000,3,2.92,1,0.023396114207804204
203,144,1000,3,2.95,1,0.023397740200161932
203,145,1000,3,2.94,1,0.02339867065474391
203,146,1000,3,2.9,1,0.02340038987621665
203,147,1000,3,2.94,1,0.023402116443961857
203,148,1000,3,2.92,1,0.023402766562998296
203,149,1000,3,3.32,2,0.02340161531791091
203,150,1000,3,2.84,1,0.023406773045659066
203,151,1000,3,2.88,1,0.02340761940740049
203,152,1000,3,3.16,2,0.023402851412072777
203,153,1000,3,2.85,1,0.023410007836297153
203,154,1000,3,2.88,1,0.02341100863367319
203,155,1000,3,2.88,1,0.02341222613491118
203,156,1000,3,3.15,2,0.023407527539879083
203,157,1000,3,2.85,1,0.023415452042594553
203,158,1000,3,2.9,1,0.023415952973067762
203,159,1000,3,2.86,1,0.02341754655726254
203,160,1000,3,2.86,1,0.023417862063273787
203,161,1000,3,2.87,1,0.02341961374692619
203,162,1000,3,2.85,1,0.023421435616910458
203,163,1000,3,3.18,2,0.023417535902932288
203,164,1000,3,2.83,1,0.023424522938206793
203,165,1000,3,2.9,1,0.023425676859915257
203,166,1000,3,2.87,1,0.023426671408116818
203,167,1000,3,2.84,1,0.023426595468074084
203,168,1000,3,2.84,1,0.023428131695836782
203,169,1000,3,3.19,2,0.02342555317282677
203,170,1000,3,2.84,1,0.023432308711111547
203,171,1000,3,2.86,1,0.023433771707117558
203,172,1000,3,2.88,1,0.023435121228918433
203,173,1000,3,2.86,1,0.023436325445771216
203,174,1000,3,3.22,2,0.023430853625759484
203,175,1000,3,2.89,1,0.02344026771001518
203,176,1000,3,2.85,1,0.023442804723978042
203,177,1000,3,2.88,1,0.0234441587831825
203,178,1000,3,2.9,1,0.023444751009345056
203,179,1000,3,2.86,1,0.02344588203728199
203,180,1000,3,2.91,1,0.02344687613658607
203,181,1000,3,3.25,2,0.023438893754035236
203,182,1000,3,2.85,1,0.023451264683157204
203,183,1000,3,2.91,1,0.023452460255473852
203,184,1000,3,2.84,1,0.023454107988625766
203,185,1000,3,2.86,1,0.023455294432118533
203,186,1000,3,2.9,1,0.02345680506899953
203,187,1000,3,2.88,1,0.023458200216293336
203,188,1000,3,3.2,2,0.023449708664789796
203,189,1000,3,2.89,1,0.023462704870849848
203,190,1000,3,2.91,1,0.02346384957060218
203,191,1000,3,2.86,1,0.023465724306181074
203,192,1000,3,3.2,2,0.023458892874419688
203,193,1000,3,2.89,1,0.023469720857217907
203,194,1000,3,2.84,1,0.023471118450164793
203,195,1000,3,2.85,1,0.023472257817164062
203,196,1000,3,2.85,1,0.02347359380684793
203,197,1000,3,2.85,1,0.023475249780341982
203,198,1000,3,2.87,1,0.023476265024393796
203,199,1000,3,2.85,1,0.02347755167633295
203,200,1000,3,3.58,3,0.023465134147554637
204,1,1000,3,4.9,3,-0.055964824829250574
204,2,1000,3,3.65,2,-0.05596520434692502
204,3,1000,2,2.96,2,-0.055965850364416835
204,4,1000,2,3.33,2,-0.05596605521813035
204,5,1000,2,3.17,2,-0.05596621691435576
204,6,1000,1,2.58,2,-0.05596660479903221
204,7,1000,2,3.12,2,-0.05596696781367064
204,8,1000,2,4.05,4,-0.055967123463749886
204,9,1000,1,2.57,2,-0.05596754938364029
204,10,1000,1,2.88,5,-0.055967293240129945
204,11,1000,2,3.05,5,-0.05596727130189538
204,12,1000,3,4.06,3,-0.05596788499131799
204,13,1000,2,3.27,3,-0.055968039847910406
204,14,1000,2,3.73,3,-0.05596870816126466
204,15,1000,2,2.94,2,-0.055968198854476216
204,16,1000,1,2.57,2,-0.05596799177676439
204,17,1000,3,7.7,7,-0.05596828225255013
204,18,1000,2,2.95,2,-0.05596825759857893
204,19,1000,3,5.44,2,-0.05596864564716816
204,20,1000,2,3.38,5,-0.05596832386776805
204,21,1000,2,3.46,3,-0.055968103915452955
204,22,1000,3,4.73,2,-0.05596921990439296
204,23,1000,1,2.54,1,-0.055969011038541794
204,24,1000,3,5.29,1,-0.05596843430772424
204,25,1000,2,2.86,2,-0.05596884613111615
204,26,1000,2,2.67,2,-0.05596895283460617
205,1,1000,3,5.02,3,0.10427256562560797
205,2,1000,3,3.66,2,0.1042731642127037
205,3,1000,3,5.34,3,0.10427352872490883
205,4,1000,3,5.1,3,0.10427407748252153
205,5,1000,3,3.57,3,0.10427424982190132
205,6,1000,3,3.18,2,0.1042742264047265
205,7,1000,5,9.27,8,0.10427454333752394
205,8,1000,1,3.09,7,0.10427468482404947
205,9,1000,1,2.64,2,0.10427480554580688
205,10,1000,2,3.25,3,0.10427523861080408
205,11,1000,2,3.53,2,0.10427576082199812
205,12,1000,2,4.55,6,0.10427680657058955
205,13,139,5,10.06,2,0.10427712627666459
205,14,129,5,10.07,3,0.10427737778933473
205,15,1000,3,6.88,4,0.10427829202264548
205,16,1000,5,4.47,1,0.10427868758887053
205,17,1000,5,3.9,1,0.10427933911979198
205,18,1000,3,3.32,1,0.10427961814403534
205,19,128,3,10.06,11,0.10427977534709498
205,20,124,4,10.07,2,0.1042806404612718
205,21,151,5,10.02,13,0.10428131253316703
205,22,115,4,10.01,7,0.1042817464341288
205,23,131,4,10.09,3,0.10428249113659822
205,24,1000,3,6.1,3,0.10428287813067436
205,25,387,4,10.0,5,0.10428302817874485
205,26,519,4,10.02,20,0.1042830104255952
205,27,178,4,10.0,3,0.10428290203046263
205,28,1000,2,8.58,8,0.10428295358270406
205,29,492,2,10.0,13,0.10428310064523201
205,30,1000,1,2.82,3,0.10428268291801214
206,1,1000,3,5.05,3,-0.007657888269051909
206,2,1000,3,5.13,3,-0.007658712549135089
206,3,1000,2,3.06,2,-0.007658254249021411
206,4,1000,3,4.2,2,-0.007658293314278126
206,5,1000,2,3.17,2,-0.007658261045813561
206,6,1000,3,3.82,2,-0.0076581505644135175
206,7,1000,2,2.88,1,-0.007656871724873781
206,8,1000,2,3.0,1,-0.007655651301145553
206,9,1000,4,9.34,2,-0.007655763678252697
206,10,1000,1,2.78,3,-0.007657576192170381
206,11,1000,2,3.86,5,-0.007657082170248032
206,12,682,6,10.0,3,-0.007658040069065486
206,13,125,5,10.02,5,-0.007658413726836443
206,14,1000,6,6.27,4,-0.0076577587965875864
206,15,1000,3,3.07,2,-0.007657261677086353
206,16,1000,2,3.62,2,-0.0076584587767720225
206,17,1000,2,4.39,5,-0.007659925097599626
206,18,1000,3,4.56,3,-0.007660794945433736
206,19,1000,3,3.09,2,-0.007661058688536286
206,20,1000,2,2.81,1,-0.007659127935767174
206,21,1000,1,2.59,1,-0.007659071125090122
206,22,1000,1,2.59,1,-0.007659389637410641
207,1,1000,3,5.09,3,-0.06071433981135488
207,2,1000,3,4.71,3,-0.06071431098133326
207,3,1000,3,4.44,3,-0.06071411243826151
207,4,1000,2,3.05,3,-0.060714161593467
207,5,1000,3,4.13,2,-0.060714070942252875
207,6,1000,2,3.25,2,-0.060714043661952016
207,7,1000,2,3.41,5,-0.060714138619601725
207,8,1000,1,2.93,5,-0.06071377040073275
207,9,1000,2,3.88,5,-0.06071343157440424
207,10,1000,2,4.67,4,-0.060713411677628754
207,11,1000,3,3.68,3,-0.06071295134350657
207,12,1000,1,2.85,4,-0.06071347543597221
207,13,1000,1,3.0,5,-0.060712971404194835
207,14,1000,1,2.99,5,-0.06071252764761448
207,15,843,3,10.0,5,-0.06071300617687643
207,16,114,3,10.09,12,-0.06071228547054425
207,17,105,4,10.02,3,-0.06071174293756485
207,18,1000,3,8.76,4,-0.06071303745359182
207,19,143,4,10.1,7,-0.06071280333754066
207,20,1000,4,4.99,1,-0.060712836794555185
207,21,1000,2,2.76,1,-0.060711917284876106
207,22,1000,2,2.87,1,-0.06071319149434567
207,23,1000,2,4.37,4,-0.060713330384343865
207,24,1000,2,3.43,1,-0.06071316814422607
207,25,1000,2,6.05,4,-0.06071300075575709
207,26,1000,2,3.35,3,-0.06071258945018053
207,27,163,5,10.08,3,-0.060712105268898184
207,28,1000,3,4.01,4,-0.060712047405540946
207,29,144,3,10.0,10,-0.06071171612064871
207,30,1000,2,3.63,4,-0.060711637526750566
207,31,1000,2,3.24,2,-0.06071140414848924
207,32,1000,3,7.52,5,-0.060711220655590294
207,33,137,6,10.07,5,-0.06071099467629934
207,34,120,4,10.01,3,-0.06071069007739425
207,35,1000,4,5.52,3,-0.06071057546511292
207,36,122,4,10.08,6,-0.060710284645195865
207,37,713,3,10.0,7,-0.060709835880476494
207,38,1000,4,4.22,2,-0.060709819607436655
207,39,116,4,10.02,3,-0.06070938491230381
207,40,1000,3,5.49,2,-0.06070895843952894
207,41,115,4,10.01,3,-0.06070869898666506
207,42,1000,2,5.05,7,-0.06070871427282691
207,43,1000,1,3.45,10,-0.06070930578187108
208,1,1000,3,5.03,3,-0.003479357335716486
208,2,1000,3,5.55,3,-0.003478785417973995
208,3,1000,3,4.84,3,-0.0034783098436892033
208,4,1000,2,2.81,1,-0.0034771407656371592
208,5,1000,2,3.9,4,-0.003476582895964384
208,6,1000,2,6.8,12,-0.0034761026203632356
208,7,1000,3,4.84,3,-0.0034749780893325805
208,8,1000,3,3.74,3,-0.003474141087383032
208,9,108,3,10.05,7,-0.0034744337339092184
208,10,1000,3,4.42,1,-0.0034736630357801914
208,11,1000,3,7.97,2,-0.0034730509370565414
208,12,109,3,10.01,3,-0.003472655746709863
208,13,99,4,10.05,3,-0.00347318984756265
208,14,430,7,10.0,2,-0.0034717227613856624
208,15,1000,4,5.57,1,-0.0034706941433250904
208,16,1000,4,5.06,1,-0.0034698166996240615
208,17,1000,4,9.08,3,-0.003469191011041403
208,18,1000,3,9.54,3,-0.003469684898853302
208,19,1000,4,9.04,3,-0.003469743363559246
208,20,1000,4,9.69,2,-0.003468720596283674
208,21,337,4,10.0,3,-0.0034678875764373148
208,22,1000,3,6.84,4,-0.003469505064189434
208,23,1000,2,3.13,4,-0.003469946350902319
208,24,1000,1,2.69,2,-0.003469634998589754
208,25,1000,1,2.68,2,-0.0034697867222130297
208,26,1000,3,4.8,4,-0.0034694048650562763
208,27,1000,3,3.82,2,-0.0034686164669692518
208,28,1000,3,4.67,3,-0.003468538388609886
208,29,1000,3,4.58,3,-0.003468611627817154
208,30,1000,1,2.73,3,-0.0034683644399046898
209,1,1000,3,5.13,3,-0.024969954404979944
209,2,1000,3,4.03,2,-0.024969977099448443
209,3,1000,3,4.17,3,-0.02496972403675318
209,4,1000,3,6.31,6,-0.024969840854406358
209,5,1000,3,6.14,2,-0.02496979482844472
209,6,1000,3,4.36,1,-0.0249698480181396
209,7,1000,3,9.07,4,-0.02497026125341654
209,8,1000,3,4.97,2,-0.024969225130975246
209,9,1000,2,2.92,1,-0.024969414301216603
209,10,1000,2,4.4,5,-0.02496969034150243
209,11,1000,3,5.49,3,-0.024969918213784695
209,12,908,4,10.0,3,-0.024969912179241098
209,13,136,5,10.01,3,-0.024969456826939303
209,14,1000,4,4.94,1,-0.024969082292169334
209,15,1000,2,4.23,3,-0.024969055753201245
209,16,1000,2,5.39,5,-0.024969949264079333
209,17,1000,3,7.52,2,-0.024968973875045777
209,18,165,3,10.0,3,-0.02496835206719962
209,19,1000,3,5.91,2,-0.024967923790216447
209,20,939,3,10.0,2,-0.02496565579653929
209,21,1000,2,4.45,4,-0.024965851575136186
209,22,1000,2,4.5,5,-0.02496517570130527
209,23,1000,3,7.0,3,-0.024964706726372243
209,24,1000,2,6.48,5,-0.024966756440699102
209,25,147,3,10.08,7,-0.02496828195848027
209,26,1000,2,5.21,5,-0.02496868908032775
209,27,1000,3,5.1,4,-0.024968975804746153
209,28,1000,3,6.33,6,-0.02496893869712949
209,29,1000,3,4.73,3,-0.02497005870565772
209,30,1000,2,2.84,1,-0.024971068615093826
210,1,1000,3,5.18,3,-0.10503848078846932
210,2,1000,3,3.64,3,-0.10503863691538572
210,3,1000,3,6.04,4,-0.10503857834637165
210,4,1000,2,3.26,2,-0.10503846494108439
210,5,1000,2,3.35,3,-0.10503870993107557
210,6,1000,2,3.07,3,-0.10503771228343248
210,7,1000,2,3.37,3,-0.10503902949392796
210,8,1000,2,3.68,2,-0.105039311170578
210,9,1000,1,2.87,4,-0.10503864928334951
210,10,1000,2,3.23,3,-0.10503969023376704
210,11,1000,1,2.8,4,-0.10503909446299076
210,12,1000,1,3.05,6,-0.10503814156353473
210,13,1000,1,2.58,1,-0.1050373762845993
210,14,1000,1,2.64,2,-0.10503659668564796
210,15,1000,4,3.23,3,-0.10503729585558176
210,16,1000,3,6.68,4,-0.10503972126543522
210,17,1000,3,2.93,2,-0.10503937298804522
210,18,1000,2,2.88,2,-0.10504017680883408
210,19,1000,1,2.67,2,-0.10504086501896381
210,20,1000,1,2.83,4,-0.10504122333228588
210,21,1000,1,2.57,1,-0.10503970831632614
210,22,1000,1,2.68,2,-0.10503901014477014
210,23,1000,1,2.64,2,-0.10503871030360461
210,24,1000,1,2.74,3,-0.10503864043951035
211,1,1000,3,5.06,3,-0.12986289647221566
211,2,1000,3,4.78,3,-0.12986234086751938
211,3,1000,3,4.07,2,-0.12986163464188577
211,4,1000,3,5.66,4,-0.12986146621406078
211,5,1000,3,6.02,3,-0.12986150842905045
211,6,1000,3,5.37,2,-0.12986106516420842
211,7,1000,3,5.84,3,-0.129860416457057
211,8,1000,3,4.4,1,-0.12986065016686915
211,9,1000,2,4.64,3,-0.12986092780530453
211,10,1000,2,4.69,3,-0.12986124631762505
211,11,1000,2,3.12,1,-0.12986158323287963
211,12,1000,2,2.85,1,-0.12986196909844874
211,13,1000,2,5.21,6,-0.1298625018298626
211,14,1000,3,6.36,3,-0.1298624960631132
211,15,1000,4,6.29,3,-0.12986262162029744
211,16,1000,3,3.9,1,-0.1298622319549322
211,17,1000,3,3.64,1,-0.12986166682839392
211,18,112,3,10.02,18,-0.1298628771411521
211,19,118,3,10.03,3,-0.12986203485121162
211,20,122,3,10.07,4,-0.12986256780683017
211,21,1000,2,3.34,1,-0.12986237397789954
211,22,1000,3,3.58,1,-0.1298623943030834
211,23,1000,3,4.82,6,-0.12986317543685436
211,24,1000,2,2.66,1,-0.12986359000205994
211,25,1000,2,3.03,1,-0.1298635050058365
211,26,1000,1,2.65,2,-0.12986361353099346
211,27,1000,4,5.34,3,-0.12986318039894104
211,28,1000,3,5.44,4,-0.12986375610530376
211,29,1000,1,2.67,2,-0.12986374390125274
211,30,1000,1,2.76,3,-0.1298626314252615
211,31,1000,1,2.84,4,-0.12986323590576648
211,32,1000,1,2.55,1,-0.12986302375793457
211,33,1000,3,3.8,3,-0.12986294493079187
212,1,1000,3,4.96,3,-0.06280204638838768
212,2,1000,3,4.66,3,-0.0628018539249897
212,3,1000,3,3.67,2,-0.06280122777074576
212,4,1000,3,4.93,4,-0.06280088828504085
212,5,1000,3,4.27,3,-0.06280060533434152
212,6,1000,3,4.04,2,-0.0628002118319273
212,7,1000,3,8.36,4,-0.06280019001662732
212,8,1000,3,5.74,2,-0.06280002260953188
212,9,1000,3,4.72,2,-0.06280048267543316
212,10,1000,3,9.18,6,-0.06280034389346838
212,11,1000,3,4.71,2,-0.06280004849284887
212,12,979,3,10.0,3,-0.06280068097306954
212,13,1000,3,9.16,6,-0.06280067284405232
212,14,1000,3,9.67,8,-0.06280131671577692
212,15,1000,3,8.03,4,-0.0628009519353509
212,16,1000,3,6.69,4,-0.06280063812434673
212,17,1000,1,2.52,1,-0.0627998560667038
212,18,1000,2,2.72,2,-0.06279937628656626
212,19,1000,2,2.74,2,-0.06279792543500662
213,1,1000,3,5.09,3,-0.0017877500094473362
213,2,1000,3,4.56,2,-0.0017890251260250806
213,3,1000,2,3.34,3,-0.0017895690947771071
213,4,1000,3,4.16,2,-0.0017900467924773693
213,5,1000,3,3.83,2,-0.0017902116738259793
213,6,1000,3,4.64,2,-0.0017901577111333609
213,7,1000,2,2.97,1,-0.0017901528365910054
213,8,1000,1,2.86,4,-0.0017906877156347036
213,9,1000,1,3.18,7,-0.0017910228241235018
213,10,1000,2,4.66,7,-0.0017911120876669883
213,11,1000,2,3.33,3,-0.0017914045751094819
213,12,1000,2,3.12,3,-0.0017909099869430065
213,13,1000,2,3.87,3,-0.0017908313926309348
213,14,254,5,10.07,3,-0.0017918482804157602
213,15,1000,5,7.54,3,-0.0017926037688739598
213,16,1000,6,7.55,3,-0.001793309043161571
213,17,1000,4,6.88,4,-0.0017940480960533024
213,18,1000,4,6.54,4,-0.0017946410020813345
213,19,1000,2,4.01,5,-0.001794599869288504
213,20,1000,2,3.26,4,-0.0017955337399616837
213,21,1000,3,4.56,4,-0.0017955909268930555
213,22,1000,4,8.65,9,-0.0017953651854768396
213,23,1000,3,6.45,3,-0.0017960954001173376
213,24,1000,3,4.65,3,-0.0017961927922442555
213,25,1000,3,4.49,3,-0.001796783140860498
213,26,1000,2,3.66,4,-0.0017969628823921084
213,27,1000,2,2.87,1,-0.0017977852681651712
213,28,1000,1,3.02,5,-0.0017974423160776495
213,29,1000,3,3.58,2,-0.0017979481341317295
213,30,1000,3,3.23,2,-0.0017970703328028322
213,31,1000,1,2.74,2,-0.001798064718954265
213,32,1000,1,2.84,3,-0.0017917593605816364
213,33,1000,3,4.19,2,-0.00179577808175236
213,34,1000,2,2.77,1,-0.0017970314947888255
214,1,1000,3,4.93,3,-0.07864742744714022
214,2,1000,3,4.09,2,-0.07864757943153382
214,3,1000,3,4.67,2,-0.07864779142290354
214,4,1000,3,3.27,1,-0.07864792007952928
214,5,1000,2,2.98,3,-0.07864792867004872
214,6,1000,3,6.97,4,-0.07864804048091173
214,7,1000,4,7.4,3,-0.07864776213467121
214,8,1000,3,3.69,1,-0.07864768651127815
214,9,1000,1,2.59,2,-0.07864725142717362
214,10,1000,1,2.76,4,-0.07864725198596716
214,11,1000,3,3.22,3,-0.0786470655053854
214,12,1000,2,2.73,1,-0.07864767022430896
214,13,1000,1,2.77,4,-0.07864711264520884
214,14,1000,1,2.76,4,-0.07864620849490166
214,15,1000,1,2.79,4,-0.07864683241397143
214,16,1000,1,2.88,5,-0.07864666870236396
214,17,1000,1,2.63,2,-0.07864736959338188
214,18,1000,4,3.16,3,-0.07864778406918049
214,19,1000,3,7.05,5,-0.07864794658869505
214,20,1000,3,6.56,3,-0.07864709852635861
214,21,1000,3,3.91,1,-0.07864653787761927
214,22,1000,5,9.83,3,-0.0786456258520484
214,23,1000,4,6.2,4,-0.07864517003297805
214,24,1000,4,3.14,2,-0.078644531711936
214,25,1000,3,2.69,1,-0.07864408195018768
214,26,1000,2,2.69,2,-0.07864039346575737
214,27,1000,2,2.72,2,-0.07864005982875824
214,28,1000,2,2.72,2,-0.07864008136093617
215,1,1000,3,5.1,3,-0.08613654685020447
215,2,1000,3,5.4,3,-0.08613871882110834
215,3,1000,4,6.41,3,-0.08614038390666247
215,4,1000,3,6.61,3,-0.08614045972377062
215,5,1000,3,6.85,2,-0.08614106231927872
215,6,1000,3,4.34,1,-0.08614125951379538
215,7,1000,3,3.96,1,-0.08614180428534746
215,8,1000,3,3.98,1,-0.08614211704581975
215,9,1000,3,3.92,1,-0.08614237640053034
215,10,1000,3,3.99,1,-0.08614299787580967
215,11,1000,3,9.98,3,-0.08614279771596194
215,12,1000,3,7.29,7,-0.08614258954674006
215,13,325,3,10.04,8,-0.08614199301371207
215,14,1000,3,5.77,3,-0.08614030269533396
215,15,1000,3,5.23,2,-0.08613991464674473
215,16,1000,3,3.65,1,-0.08614025703072548
215,17,1000,3,7.64,6,-0.08614035221934319
215,18,1000,3,4.51,2,-0.08614021122455597
215,19,1000,3,2.92,1,-0.08614128565043211
215,20,1000,1,2.67,2,-0.08614133767783642
215,21,1000,1,2.84,4,-0.08614157415181399
215,22,1000,1,2.73,3,-0.08614284317195416
216,1,1000,3,4.91,3,0.011245565286837518
216,2,1000,3,5.66,3,0.011245818411931395
216,3,1000,3,6.95,4,0.011245751126669347
216,4,143,3,10.03,5,0.011246050506100789
216,5,1000,3,4.63,2,0.011246811990626156
216,6,1000,3,8.09,5,0.011247437251731753
216,7,1000,3,5.88,3,0.01124843973480165
216,8,1000,3,5.88,3,0.01124906210694462
216,9,1000,3,4.8,2,0.01124942025821656
216,10,1000,3,4.82,2,0.011250373874790966
216,11,1000,3,7.04,4,0.011250344942323864
216,12,1000,3,4.8,2,0.011250363763421773
216,13,1000,3,6.0,3,0.011250853429548442
216,14,1000,3,7.01,4,0.011250704823061824
216,15,1000,3,4.78,2,0.011250854782760143
216,16,1000,3,4.72,4,0.011251254387199879
216,17,1000,3,6.92,4,0.011251952644437551
216,18,1000,4,6.61,4,0.011250685553066433
216,19,1000,3,4.45,4,0.011250792877748609
216,20,1000,3,9.09,4,0.011250323155894875
216,21,99,2,10.01,13,0.01125071741490051
216,22,1000,3,7.08,4,0.011249793918803335
216,23,1000,3,4.84,3,0.011248917724937201
216,24,133,3,10.08,3,0.011248935770271416
216,25,1000,3,9.77,3,0.011250139537267386
216,26,1000,3,3.03,1,0.01125071408879012
216,27,1000,2,4.03,6,0.011251611876301467
216,28,1000,2,3.16,2,0.011251511019654572
216,29,1000,3,3.5,1,0.011251995979808272
216,30,1000,2,3.56,3,0.011252049187198281
216,31,1000,3,4.47,4,0.011251425386406482
216,32,1000,1,2.52,1,0.011253273114562035
217,1,1000,3,4.93,3,0.1365707749426365
217,2,1000,3,4.72,2,0.13656950774788856
217,3,1000,3,4.67,2,0.13656827600300311
217,4,1000,3,3.22,3,0.13656753984093667
217,5,1000,3,3.89,3,0.13656721682846545
217,6,1000,3,3.37,2,0.13656592670083045
217,7,1000,2,2.95,1,0.1365664120465517
217,8,1000,2,3.2,1,0.13656566734611988
217,9,1000,2,2.9,1,0.1365644542425871
217,10,198,5,10.06,2,0.13656406255081446
217,11,455,5,10.0,2,0.13656385288788722
217,12,1000,3,3.84,4,0.13656382466852665
217,13,1000,3,5.78,2,0.13656386709213256
217,14,1000,1,2.78,4,0.1365627329647541
217,15,1000,1,3.29,10,0.13656135958433152
217,16,1000,2,3.53,4,0.13656021283566952
217,17,1000,2,4.15,5,0.13655987463891506
217,18,1000,2,3.32,5,0.13656015142798425
217,19,1000,1,3.04,7,0.13655852045118808
217,20,135,4,10.05,6,0.13655673662821452
217,21,1000,4,8.18,4,0.136555610537529
217,22,1000,4,3.64,3,0.13655502957105636
217,23,1000,5,4.6,2,0.1365578719228506
217,24,1000,3,3.38,1,0.13655860486626625
217,25,1000,2,2.8,3,0.13656244990229607
217,26,1000,2,3.8,5,0.13656259070336818
217,27,1000,1,2.99,6,0.13656142356991768
217,28,1000,2,3.03,3,0.13656076911091805
217,29,434,4,10.0,3,0.13655936954894923
217,30,127,4,10.05,3,0.1365602386044705
217,31,1000,4,9.35,2,0.13656082718074322
217,32,1000,3,3.36,1,0.13656560017168523
217,33,1000,1,2.53,1,0.13656488060951233
217,34,1000,1,2.54,1,0.13656187057495117
217,35,1000,1,2.55,1,0.13655993342399597
217,36,1000,1,2.51,1,0.13655856251716614
217,37,1000,2,2.71,2,0.1365559575855732
218,1,1000,3,5.04,3,-0.07569914843142032
218,2,1000,3,3.64,2,-0.07569926218688489
218,3,1000,3,3.94,2,-0.07569898580014706
218,4,1000,2,3.12,2,-0.07569936665147543
218,5,1000,4,3.68,2,-0.07569910471886396
218,6,1000,3,3.31,2,-0.0756996425166726
218,7,1000,1,2.67,3,-0.07569972509145736
218,8,1000,1,2.94,6,-0.07569986774772405
218,9,1000,2,4.03,2,-0.07570048680901527
218,10,1000,2,3.44,2,-0.07570145688951016
218,11,132,3,10.03,4,-0.07570097584164504
218,12,1000,3,3.95,1,-0.07570071682333947
218,13,1000,2,3.88,4,-0.07570055062323809
218,14,121,4,10.05,7,-0.07570092367731836
218,15,1000,3,3.75,3,-0.0757023837119341
218,16,1000,3,5.62,3,-0.0757026191726327
218,17,1000,4,9.46,2,-0.07570324675738811
218,18,1000,4,6.76,2,-0.07570323224365712
218,19,127,4,10.07,1,-0.07570313445226413
218,20,1000,5,6.5,1,-0.07570312093198299
218,21,1000,2,3.78,2,-0.07570304624736308
218,22,1000,3,5.96,3,-0.07570270533114672
218,23,1000,2,4.77,5,-0.07570288456231355
218,24,1000,3,8.15,7,-0.07570173899829388
218,25,1000,3,6.81,4,-0.0757010212764144
218,26,1000,3,3.54,1,-0.07570122665166855
218,27,1000,3,5.77,1,-0.07570109279453754
218,28,1000,3,6.02,1,-0.0757006233483553
218,29,1000,3,2.7,1,-0.07570163160562515
218,30,1000,1,2.64,2,-0.07570216520130635
218,31,1000,1,2.6,2,-0.07570127671957017
218,32,1000,1,2.79,4,-0.07570179872214794
218,33,1000,1,2.98,6,-0.07570167460292578
218,34,1000,3,6.23,3,-0.0757008438333869
218,35,1000,3,4.84,3,-0.07569997728615999
218,36,1000,3,2.87,1,-0.07569899886101485
218,37,1000,3,3.59,1,-0.075698711425066
218,38,1000,3,3.55,1,-0.07569809124618769
218,39,1000,3,3.73,2,-0.07569832088798284
218,40,1000,3,6.58,1,-0.07569771500676871
218,41,1000,2,2.68,1,-0.07569777220487595
218,42,1000,2,2.71,2,-0.07569684112071991
218,43,1000,2,2.7,2,-0.07569594857096672
219,1,1000,3,5.03,3,-0.06782022604346276
219,2,1000,3,4.83,3,-0.06782054252177477
219,3,1000,3,5.55,2,-0.0678209183961153
219,4,1000,2,4.68,6,-0.06782103826850652
219,5,1000,2,3.23,2,-0.06782091873884201
219,6,1000,3,6.22,2,-0.06782051776349544
219,7,1000,3,5.21,2,-0.06782050593942404
219,8,904,3,10.0,4,-0.06782043693933339
219,9,1000,4,7.34,3,-0.06782063542306423
219,10,1000,3,4.4,3,-0.06782155796140432
219,11,1000,4,5.93,3,-0.06782234542816877
219,12,1000,3,4.47,1,-0.06782224393635988
219,13,1000,3,3.88,3,-0.06782174713909626
219,14,1000,3,3.88,3,-0.06782065998017787
219,15,1000,3,5.27,6,-0.06782048443704844
219,16,1000,3,3.19,1,-0.06782090852409602
219,17,1000,3,4.22,1,-0.06782155571877957
219,18,1000,3,4.01,4,-0.06782107419520617
219,19,158,5,10.01,3,-0.06782103377052501
219,20,726,4,10.0,2,-0.0678210561022614
219,21,1000,5,5.67,1,-0.06781996747106314
219,22,1000,6,9.35,3,-0.06781985640525817
219,23,1000,6,9.32,3,-0.0678204694390297
219,24,1000,3,5.37,3,-0.06782078792899847
219,25,1000,3,4.05,2,-0.06782102597504855
219,26,1000,2,4.05,14,-0.06782126571238041
219,27,1000,2,7.05,6,-0.06782012774795294
219,28,112,3,10.1,3,-0.06781950466600913
219,29,111,4,10.04,3,-0.06781898096606538
219,30,1000,4,9.85,3,-0.06781863912194967
219,31,1000,4,9.22,4,-0.06781845584511757
219,32,121,4,10.06,4,-0.06781881327225157
219,33,118,4,10.01,3,-0.06781851752834805
219,34,117,4,10.04,2,-0.06781864325460206
219,35,125,5,10.07,3,-0.06781934994459152
219,36,100,4,10.1,4,-0.0678202598541975
219,37,131,5,10.04,4,-0.06782097591243627
219,38,109,4,10.03,2,-0.06782161745182964
219,39,120,4,10.07,4,-0.06782147238651912
219,40,111,3,10.04,2,-0.06782167451875704
219,41,1000,3,4.93,2,-0.0678219174593687
219,42,1000,3,5.06,4,-0.06782265169918537
219,43,1000,3,5.76,4,-0.06781904027611017
219,44,1000,3,4.14,2,-0.06782005089521408
219,45,119,4,10.05,4,-0.06781859132422119
219,46,143,5,10.09,5,-0.06781938765849267
219,47,165,4,10.02,6,-0.06781801649115303
219,48,112,4,10.0,6,-0.06781697186774441
219,49,1000,4,4.18,1,-0.06781637486070395
219,50,1000,3,3.57,2,-0.06781660108268261
219,51,1000,1,2.81,3,-0.06781797455251216
219,52,1000,3,3.32,3,-0.06781969465315342
219,53,1000,3,5.09,3,-0.06782001674175263
219,54,1000,4,9.32,5,-0.0678210464939475
219,55,1000,3,4.33,1,-0.06781825914978981
219,56,1000,2,4.66,4,-0.06782015404850245
219,57,1000,0,2.54,0,-0.06782051920890808
220,1,1000,3,5.16,3,0.07529211658239364
220,2,1000,3,4.89,3,0.07529322194308043
220,3,1000,4,4.05,3,0.07529478508979082
220,4,1000,4,4.76,3,0.07529545687884093
220,5,1000,4,6.46,5,0.07529617088288068
220,6,1000,3,4.35,1,0.0752958301231265
220,7,1000,3,7.66,2,0.07529601021111011
220,8,1000,3,7.64,2,0.07529705157876014
220,9,1000,3,7.61,2,0.07529770681262016
220,10,1000,3,4.72,1,0.07529952737689018
220,11,1000,3,5.78,1,0.07530135407298803
220,12,1000,3,7.28,1,0.07530158793181181
220,13,125,3,10.06,4,0.07530323112010956
220,14,112,3,10.05,5,0.07530293161315578
220,15,1000,3,6.02,3,0.07530218221247197
220,16,1000,3,6.41,3,0.0753018621429801
220,17,106,3,10.03,3,0.07530128021004065
220,18,126,3,10.08,8,0.07530285613167853
220,19,1000,3,5.36,2,0.07530320420116186
220,20,1000,3,7.88,4,0.07530236165970564
220,21,118,3,10.02,9,0.0753033692806454
220,22,1000,3,3.28,3,0.07530183190107345
220,23,1000,3,6.65,10,0.07530286473035812
220,24,1000,4,6.22,3,0.07530438385903836
220,25,1000,3,3.04,2,0.07530531372874975
221,1,1000,3,5.02,3,-0.018209555897861718
221,2,1000,3,5.14,3,-0.01820861601829529
221,3,1000,3,4.68,2,-0.018207274425774814
221,4,1000,3,5.13,3,-0.018206020317971708
221,5,1000,3,3.77,3,-0.01820509624108672
221,6,1000,2,3.24,3,-0.018204418133944272
221,7,1000,3,4.36,3,-0.018204104363918304
221,8,1000,3,4.29,3,-0.01820349807664752
221,9,1000,3,4.08,2,-0.018202561909332872
221,10,1000,2,4.23,2,-0.018202137373387814
221,11,1000,2,3.16,2,-0.018201447799801828
221,12,1000,3,5.9,2,-0.018201329708099366
221,13,1000,2,3.78,3,-0.018200084418058395
221,14,1000,2,4.2,2,-0.018199814304709433
221,15,140,5,10.04,3,-0.01819865418864148
221,16,1000,4,8.1,7,-0.018197566244751214
221,17,1000,5,7.56,1,-0.018198141660541296
221,18,1000,1,2.88,5,-0.018199686579406262
221,19,1000,1,2.67,3,-0.018198883473873138
221,20,1000,4,6.7,3,-0.018197441391646862
221,21,123,4,10.06,3,-0.018196610627862497
221,22,129,4,10.05,3,-0.018196735271187717
221,23,1000,4,8.11,4,-0.018196234345436095
221,24,184,4,10.08,2,-0.018195816295464403
221,25,1000,2,3.58,2,-0.01819661223143339
221,26,1000,3,4.71,2,-0.01819687280617654
221,27,1000,3,6.73,3,-0.01819626070931554
221,28,122,3,10.09,6,-0.0181962928322495
221,29,1000,3,6.51,6,-0.018196389064192773
221,30,1000,3,5.15,5,-0.018196170374751092
221,31,1000,1,2.51,1,-0.018195994198322296
222,1,1000,3,5.09,3,0.03149497317522764
222,2,1000,3,4.29,3,0.031495029367506505
222,3,1000,3,3.7,1,0.03149493622034788
222,4,1000,3,3.86,3,0.031495195742696526
222,5,1000,3,4.39,4,0.031495007023215296
222,6,1000,3,4.76,5,0.03149492028728128
222,7,1000,3,4.76,5,0.0314949730783701
222,8,1000,3,6.14,8,0.031495364066213366
222,9,1000,3,5.05,1,0.03149500345811248
222,10,1000,3,4.0,1,0.031494958709925414
222,11,1000,3,3.45,2,0.03149504291266203
222,12,1000,2,2.88,1,0.03149540884047747
222,13,1000,2,2.93,1,0.03149529379606247
222,14,1000,2,2.89,1,0.03149565277248621
222,15,1000,3,4.36,4,0.03149486006051302
222,16,1000,3,4.05,1,0.03149427844211459
222,17,1000,2,2.89,1,0.03149484723806381
222,18,1000,3,3.37,1,0.031494929540902376
222,19,1000,3,3.53,2,0.03149496582150459
222,20,1000,4,5.92,7,0.031494939781725406
222,21,1000,3,3.74,1,0.03149579750001431
222,22,1000,3,4.08,1,0.031495381742715836
222,23,1000,2,2.9,1,0.03149543387442827
222,24,1000,3,4.44,4,0.03149461957067251
222,25,1000,3,3.48,2,0.03149487186223268
222,26,1000,3,4.47,1,0.03149490731954575
222,27,1000,3,4.79,1,0.03149455799162388
222,28,1000,3,5.18,1,0.03149399923160672
222,29,1000,3,5.22,1,0.03149379839003086
222,30,1000,3,5.22,1,0.031493945222347976
222,31,1000,3,5.26,1,0.031493527948856355
222,32,1000,3,4.98,1,0.031493478819727895
222,33,1000,3,4.84,1,0.031493546314537525
222,34,1000,3,4.55,1,0.03149343471229076
222,35,1000,3,4.56,1,0.031493476163595914
222,36,1000,3,4.64,1,0.03149394634366035
222,37,111,3,10.08,8,0.031493263268792954
222,38,162,5,10.08,3,0.03149268826768722
222,39,165,4,10.05,10,0.031493364545432
222,40,1000,5,6.6,1,0.031493393059819935
222,41,129,4,10.05,15,0.03149487707735032
222,42,129,6,10.03,4,0.0314941971396753
222,43,121,3,10.02,7,0.03149549755429434
222,44,112,4,10.01,2,0.03149650521975543
222,45,114,4,10.05,4,0.031497095597156306
222,46,108,3,10.04,4,0.03149732333366518
222,47,121,4,10.06,4,0.03149768959515351
222,48,154,5,10.07,3,0.031497569464437374
222,49,1000,4,8.22,3,0.031497462555766104
222,50,1000,4,8.19,3,0.03149764700606465
222,51,1000,3,3.49,1,0.031497473310679196
222,52,1000,3,4.44,2,0.031497347839176654
222,53,1000,3,8.88,7,0.03149763581529259
222,54,1000,3,6.23,4,0.03149806748703122
222,55,1000,3,9.91,8,0.03149779462441802
222,56,87,3,10.08,6,0.031497991847238324
222,57,1000,2,7.37,5,0.03149802482128143
222,58,122,4,10.08,3,0.03149813157124597
222,59,1000,4,6.45,3,0.031497542131692174
222,60,1000,3,4.99,4,0.031497129891067746
222,61,1000,3,4.81,5,0.031496848855167625
222,62,1000,3,4.58,4,0.0314963363558054
222,63,1000,3,5.13,4,0.03149573084712028
222,64,1000,3,9.56,11,0.031495099131017924
222,65,1000,3,5.14,4,0.03149500149488449
222,66,1000,3,3.88,2,0.031495178695768115
222,67,1000,3,4.22,2,0.03149624859541655
222,68,898,3,10.0,2,0.0314970364947627
222,69,1000,1,3.4,9,0.03149812885001302
222,70,1000,3,8.17,8,0.03149875140935183
222,71,1000,2,3.11,3,0.03149886571615934
223,1,1000,3,5.04,3,0.07893087934702635
223,2,1000,3,4.47,3,0.07893108278512954
223,3,1000,3,3.17,2,0.07893056248128415
223,4,1000,2,2.73,1,0.07893052749335766
223,5,1000,2,3.24,3,0.0789310269355774
223,6,1000,3,5.35,4,0.07893035099655389
223,7,1000,2,3.26,3,0.07892909924685955
223,8,1000,2,3.27,3,0.07892830628156662
223,9,1000,3,3.34,2,0.07892965726554393
223,10,1000,1,2.78,4,0.07892989336699248
223,11,1000,3,4.57,4,0.07893121805787086
223,12,1000,1,2.58,2,0.07893035244941711
223,13,1000,1,2.85,5,0.07892861007899046
223,14,1000,3,7.29,5,0.07892563319206237
223,15,1000,3,4.09,3,0.07892338610440493
223,16,1000,3,3.7,3,0.07892313825339078
223,17,1000,2,3.32,2,0.07892510045319795
223,18,1000,1,2.61,2,0.07892759943008423
223,19,1000,1,2.6,2,0.07892612657696009
223,20,1000,1,2.72,3,0.07892734940350056
223,21,1000,3,4.87,4,0.07892370595037937
223,22,1000,2,3.33,2,0.07892238395661115
223,23,1000,2,3.09,4,0.07892095550149679
223,24,1000,1,2.7,3,0.07891891737282276
223,25,1000,3,3.06,4,0.07891788726300002
223,26,1000,4,5.82,3,0.07891862999647856
223,27,1000,3,3.41,2,0.07891980596631766
223,28,1000,2,3.83,3,0.07891936101019383
223,29,1000,2,3.21,2,0.07891880302131175
223,30,1000,2,2.73,1,0.07891833875328302
223,31,1000,2,2.66,1,0.07891865819692612
224,1,1000,3,5.1,3,-0.09833433247357606
224,2,1000,3,4.2,2,-0.09833229682594538
224,3,1000,3,3.99,3,-0.09833101559430361
224,4,1000,4,5.05,3,-0.09833011198043823
224,5,1000,4,6.86,3,-0.09832975306361914
224,6,1000,4,5.57,3,-0.09832862342894078
224,7,1000,4,4.91,3,-0.09832752227038145
224,8,1000,3,9.99,3,-0.09832734412699938
224,9,1000,3,8.76,5,-0.09832646679878235
224,10,1000,4,5.12,1,-0.09832557762414217
224,11,903,3,10.0,3,-0.09832527920818276
224,12,1000,3,3.46,2,-0.09832567308098078
224,13,1000,3,3.47,8,-0.09832553054392337
224,14,1000,3,7.56,6,-0.09832683589309454
224,15,1000,2,5.65,8,-0.09832691083103419
224,16,1000,2,3.94,7,-0.09832629752159118
224,17,138,3,10.02,6,-0.098326344690893
224,18,1000,3,5.02,4,-0.09832634024322033
224,19,1000,2,3.25,4,-0.09832731077820063
224,20,1000,2,4.3,5,-0.09832780120521784
224,21,1000,3,3.97,4,-0.0983280149102211
224,22,1000,4,8.92,3,-0.09832811784744262
224,23,872,4,10.0,2,-0.09832727161466802
224,24,125,6,10.03,3,-0.098327616751194
224,25,120,5,10.09,1,-0.09832765124738216
224,26,1000,3,3.9,2,-0.09832801672071219
224,27,259,3,10.0,5,-0.0983280738866007
224,28,1000,3,3.32,1,-0.09832769712805747
224,29,1000,3,4.02,2,-0.09832736924290657
224,30,1000,2,3.01,2,-0.09832725021243095
224,31,1000,2,4.15,3,-0.09832723104208708
224,32,1000,2,3.07,3,-0.09832659715414047
224,33,272,5,10.0,3,-0.09832610696663752
224,34,1000,3,4.4,4,-0.09832559549808502
224,35,1000,2,3.26,1,-0.09832499065250158
224,36,1000,3,3.37,1,-0.09832454929500818
224,37,1000,2,3.07,2,-0.09832380210608244
225,1,1000,3,5.08,3,-0.17094201835989953
225,2,1000,3,3.94,2,-0.1709415125399828
225,3,1000,3,3.64,2,-0.17094164860248565
225,4,1000,2,3.53,3,-0.17094156740605831
225,5,1000,2,4.65,5,-0.17094130305945873
225,6,131,5,10.09,3,-0.17094128891711927
225,7,138,5,10.01,3,-0.17094154072844464
225,8,1000,6,7.92,3,-0.1709414375424385
225,9,1000,3,6.0,2,-0.1709410317838192
225,10,1000,3,5.21,2,-0.17094024121761323
225,11,1000,1,4.13,19,-0.17093957899510862
225,12,1000,2,8.7,4,-0.17093973475694657
225,13,1000,2,6.2,3,-0.1709396716207266
225,14,1000,2,3.87,2,-0.17093960113823414
225,15,119,3,10.07,9,-0.17093891168341918
225,16,121,4,10.04,3,-0.17093861903533464
225,17,170,5,10.05,3,-0.17093781609745587
225,18,1000,4,4.68,2,-0.1709372371286154
225,19,181,5,10.01,2,-0.17093663123431127
225,20,1000,3,3.87,3,-0.1709363605827093
225,21,1000,3,5.12,2,-0.17093632577359677
225,22,1000,3,4.82,8,-0.17093596436083316
225,23,1000,2,3.55,3,-0.17093568114936353
225,24,1000,2,4.43,3,-0.17093549567461014
225,25,1000,2,4.4,3,-0.1709353443235159
225,26,1000,3,3.22,1,-0.17093417525291443
225,27,1000,2,5.64,5,-0.1709343555867672
225,28,1000,2,4.37,3,-0.17093411599099637
225,29,1000,3,9.42,3,-0.17093358166515826
225,30,176,5,10.07,2,-0.17093322341415015
225,31,1000,3,8.04,5,-0.17093216255307198
225,32,1000,2,5.74,18,-0.1709315328449011
225,33,1000,1,2.7,3,-0.170930459856987
225,34,1000,3,8.2,3,-0.17093057207763196
225,35,1000,3,9.8,9,-0.17093125078082086
225,36,166,5,10.06,9,-0.17093075003968664
225,37,1000,3,3.09,2,-0.17092946495115757
225,38,1000,2,2.97,2,-0.17093116573989392
225,39,1000,2,2.95,3,-0.1709308512955904
225,40,1000,4,3.23,3,-0.17093036384880542
225,41,1000,2,2.75,1,-0.1709293648302555
226,1,1000,3,5.04,3,0.13323011153936387
226,2,1000,3,3.61,3,0.13323030483722687
226,3,1000,3,3.76,2,0.13323116575181485
226,4,1000,1,2.68,3,0.13323141388595106
226,5,1000,2,4.2,4,0.1332312844246626
226,6,122,4,10.08,2,0.13323139008439955
226,7,125,4,10.06,4,0.13323144638538362
226,8,1000,3,5.18,3,0.1332315149307251
226,9,1000,3,4.27,2,0.1332320432215929
226,10,1000,1,2.68,3,0.1332317942380905
226,11,1000,2,5.64,7,0.13323134170472622
226,12,1000,2,4.32,3,0.13323063038289548
226,13,1000,3,7.32,6,0.13323096777498722
226,14,1000,1,3.07,7,0.13323023857176303
226,15,122,4,10.05,3,0.13323068557704082
226,16,1000,5,7.54,2,0.13323037473857402
226,17,1000,3,4.87,3,0.1332295252531767
226,18,1000,3,5.08,4,0.13322822536528112
226,19,1000,2,4.47,4,0.13322726313769817
227,1,1000,3,5.05,3,-0.016414967751130462
227,2,1000,3,5.86,3,-0.016414670502766966
227,3,1000,3,4.8,2,-0.016414604062214493
227,4,1000,2,3.52,3,-0.016415122870355844
227,5,1000,4,5.7,3,-0.01641542585939169
227,6,144,4,10.08,3,-0.016415818853096828
227,7,1000,3,6.12,10,-0.016415938168764115
227,8,1000,3,3.54,3,-0.01641610367037356
227,9,1000,3,5.79,6,-0.01641575093381107
227,10,1000,2,5.07,5,-0.016415779303759336
227,11,1000,2,4.27,4,-0.01641611781343818
227,12,1000,1,2.81,4,-0.016416084408760072
227,13,533,5,10.0,3,-0.016415505360735067
227,14,201,5,10.05,3,-0.016414723678756116
227,15,164,5,10.0,2,-0.016414355679710464
227,16,1000,4,3.7,1,-0.01641478888876736
227,17,1000,4,5.32,1,-0.016414904939010738
227,18,1000,4,5.97,1,-0.01641456313431263
227,19,1000,4,5.99,1,-0.016414024552330375
227,20,1000,4,5.46,1,-0.016413543308153748
227,21,134,4,10.05,5,-0.01641456809228481
227,22,108,3,10.07,4,-0.016414885029748635
227,23,121,4,10.07,8,-0.016414908692240715
227,24,191,5,10.02,7,-0.016416003469241228
227,25,1000,6,4.3,2,-0.016416533913463354
227,26,1000,4,2.9,1,-0.016416357737034558
228,1,1000,3,5.03,3,0.0740428554341197
228,2,1000,3,4.79,3,0.0740424680635333
228,3,1000,4,6.2,3,0.07404250658303499
228,4,1000,1,2.73,3,0.07404254560917616
228,5,1000,3,6.19,3,0.074042231336236
228,6,1000,4,8.8,3,0.07404197543114424
228,7,1000,3,4.87,3,0.07404173900187015
228,8,1000,3,6.04,4,0.07404185204952955
228,9,1000,3,3.86,4,0.07404206976294518
228,10,1000,3,4.34,3,0.07404180926829576
228,11,1000,4,8.97,3,0.07404253665357828
228,12,1000,3,3.8,3,0.07404220469295979
228,13,1000,1,3.35,10,0.07404280596971512
228,14,1000,2,3.28,3,0.07404288997501135
228,15,1000,2,2.91,3,0.0740420122742653
228,16,1000,2,2.9,1,0.07404170939326286
228,17,1000,3,3.79,2,0.07404164892435074
228,18,1000,3,5.31,5,0.07404170572012662
228,19,1000,4,5.55,3,0.0740420674085617
228,20,1000,4,4.6,3,0.07404288662970065
228,21,1000,3,3.86,4,0.07404288233816624
228,22,1000,1,2.79,4,0.07404314989596605
228,23,1000,2,3.51,3,0.07404320612549782
228,24,1000,2,4.58,3,0.07404319262504577
228,25,1000,2,3.21,2,0.07404282568395137
228,26,1000,3,4.36,3,0.07404253765940666
228,27,1000,1,2.97,6,0.07404287663847207
228,28,1000,0,2.4,0,0.07404284924268723
228,29,1000,3,7.24,4,0.07404330894351005
228,30,1000,3,4.63,3,0.07404390174895525
228,31,1000,2,3.21,2,0.07404379653930664
228,32,1000,3,3.07,2,0.0740447715818882
228,33,1000,2,3.07,4,0.07404512122273445
228,34,1000,2,2.61,1,0.07404449582099915
229,1,1000,3,5.01,3,0.08257390001416207
229,2,1000,3,4.37,2,0.08257184799015523
229,3,1000,3,4.22,2,0.08256926482915879
229,4,1000,2,3.54,3,0.08256898245215416
229,5,1000,3,4.18,2,0.0825673140436411
229,6,1000,2,5.06,3,0.08256566880643368
229,7,1000,3,9.93,3,0.082564637362957
229,8,1000,2,3.25,3,0.08256342923641205
229,9,1000,2,3.24,3,0.08256213154643774
229,10,1000,2,3.91,2,0.0825621969178319
229,11,1000,3,5.29,3,0.08256183158606291
229,12,1000,3,3.61,2,0.0825606600344181
229,13,1000,4,7.55,3,0.08256017710268497
229,14,1000,4,4.78,1,0.08256070242077113
229,15,1000,4,5.49,1,0.08255946478992701
229,16,1000,6,8.72,3,0.08256084875762462
229,17,1000,3,3.31,1,0.08256037767976522
229,18,1000,2,2.79,2,0.0825596045255661
230,1,1000,3,5.12,3,0.08756302889436483
230,2,1000,3,4.83,3,0.08756343161314725
230,3,1000,3,5.15,3,0.08756369683146477
230,4,1000,3,4.84,2,0.08756403261423111
230,5,1000,3,7.16,3,0.08756419625133276
230,6,1000,2,4.96,7,0.0875640641450882
230,7,1000,2,3.57,3,0.08756404378265142
230,8,1000,2,4.11,3,0.08756426837295293
230,9,678,3,10.0,5,0.08756459104364249
230,10,1000,3,9.45,6,0.08756486456841231
230,11,1000,1,2.64,2,0.08756433050334454
230,12,1000,1,2.62,2,0.08756390845775604
230,13,1000,3,6.16,2,0.08756409727036953
230,14,1000,2,3.38,2,0.0875638709962368
230,15,704,3,10.0,5,0.08756435210604897
230,16,196,5,10.04,3,0.08756424536054232
230,17,136,4,10.02,3,0.0875643661026569
230,18,1000,5,7.97,1,0.08756467423588038
230,19,190,5,10.05,1,0.08756434560606355
230,20,1000,5,9.01,21,0.08756448183953762
230,21,131,5,10.06,4,0.08756461062731634
230,22,126,4,10.08,3,0.08756500937872463
230,23,119,4,10.02,3,0.0875649142916463
230,24,857,4,10.0,3,0.08756506843807539
230,25,1000,4,3.63,1,0.0875650776028633
230,26,1000,1,2.88,4,0.08756524607539178
230,27,1000,2,6.84,6,0.08756551882624626
230,28,824,2,10.0,6,0.08756562910105997
230,29,117,4,10.07,3,0.08756568391098936
230,30,128,4,10.07,3,0.08756557869492099
230,31,111,4,10.01,2,0.08756598125438432
230,32,108,3,10.05,2,0.08756602403742296
230,33,113,3,10.0,4,0.08756614740179704
230,34,123,4,10.07,4,0.08756644823929159
230,35,125,5,10.02,3,0.08756646311283112
230,36,121,5,10.09,3,0.08756677270674508
230,37,127,5,10.05,4,0.08756665996913834
230,38,115,4,10.02,2,0.08756721881420716
230,39,106,3,10.07,11,0.08756694429606762
230,40,115,3,10.08,9,0.08756706053796022
230,41,110,3,10.03,7,0.08756753517822786
230,42,117,4,10.01,3,0.08756789081117027
230,43,115,4,10.06,3,0.08756828159093857
230,44,372,5,10.07,5,0.08756864725822402
230,45,203,5,10.09,2,0.0875688454347291
230,46,1000,2,4.2,4,0.08756946347653866
230,47,1000,2,5.71,7,0.08757043035328388
230,48,129,4,10.04,4,0.08757128803304924
230,49,1000,1,3.46,11,0.08757050832360982
230,50,1000,1,3.13,7,0.08757123541086913
230,51,1000,1,3.14,7,0.08757152697443962
230,52,1000,1,2.64,2,0.08757262710481882
230,53,1000,1,3.17,7,0.08757255015522242
230,54,1000,1,2.73,3,0.08757409133017063
231,1,1000,3,5.1,3,0.11781552766263485
231,2,1000,3,4.16,2,0.11781538475304842
231,3,1000,2,2.81,2,0.11781533807516098
231,4,1000,2,3.17,2,0.11781531628221273
231,5,1000,3,6.46,2,0.11781514874845743
231,6,809,4,10.0,2,0.11781474537180439
231,7,1000,4,8.98,2,0.11781463386118413
231,8,1000,4,5.86,1,0.11781480830162763
231,9,1000,3,5.7,3,0.11781520722061396
231,10,193,3,10.0,5,0.11781532572186673
231,11,333,5,10.05,3,0.11781440453754889
231,12,617,5,10.0,3,0.117814133073561
231,13,134,5,10.09,3,0.11781414136735362
231,14,1000,4,6.89,1,0.11781447491049767
231,15,126,5,10.04,1,0.11781409294122741
231,16,116,5,10.07,1,0.11781380081485057
231,17,136,5,10.02,3,0.11781465322436656
231,18,269,4,10.01,2,0.11781459008118476
231,19,114,4,10.03,1,0.11781470810896472
231,20,115,4,10.08,9,0.11781534429477608
231,21,123,3,10.02,5,0.11781460870572222
231,22,123,3,10.07,3,0.11781455982264465
231,23,1000,3,8.34,2,0.11781508168578148
231,24,107,3,10.05,4,0.11781462330684483
231,25,106,3,10.09,2,0.1178152138753882
231,26,107,4,10.06,3,0.11781552642862374
231,27,1000,2,3.38,2,0.117815240688622
231,28,1000,2,3.31,4,0.11781508560478687
231,29,1000,3,4.83,3,0.11781347020715476
231,30,1000,4,4.72,3,0.11781392122805119
232,1,1000,3,5.09,3,-0.11002221697568894
232,2,1000,3,4.73,2,-0.1100220405086875
232,3,1000,3,4.77,2,-0.11002138625830411
232,4,1000,4,3.97,3,-0.1100210194811225
232,5,1000,2,2.68,1,-0.11001971660554409
232,6,1000,3,3.38,1,-0.11001786280423403
232,7,1000,5,6.81,3,-0.11001543524116278
232,8,1000,5,8.02,2,-0.11001467229425907
232,9,1000,3,3.26,1,-0.1100146946310997
232,10,1000,2,3.21,1,-0.11001362872868777
232,11,1000,2,3.45,1,-0.11001303016394377
232,12,1000,2,6.27,7,-0.11001236186921597
232,13,118,4,10.03,4,-0.11001314020763009
232,14,125,4,10.09,3,-0.11001239889860154
232,15,118,4,10.05,3,-0.11001309979770144
232,16,117,4,10.07,2,-0.11001191275496768
232,17,120,4,10.09,8,-0.11001078138748804
232,18,109,4,10.04,3,-0.1100108922211402
232,19,109,3,10.05,3,-0.11001013902896041
232,20,109,3,10.03,3,-0.11000940012275626
232,21,120,4,10.09,3,-0.11000912189483643
232,22,114,4,10.04,3,-0.11000913878281911
232,23,120,4,10.03,5,-0.11000796308120092
232,24,115,3,10.01,5,-0.11000885451617448
232,25,113,4,10.0,3,-0.11000864965989526
232,26,117,3,10.05,15,-0.11000741578829594
232,27,129,3,10.06,5,-0.11000850086295327
232,28,1000,1,3.69,13,-0.1100082487538457
232,29,1000,1,2.79,3,-0.11000955592095851
233,1,1000,3,5.02,3,0.03849291085079312
233,2,1000,3,3.69,2,0.0384928389377892
233,3,1000,3,5.9,3,0.03849278367310762
233,4,1000,2,3.55,3,0.03849293338134885
233,5,1000,3,4.77,2,0.03849230005964637
233,6,1000,3,3.53,1,0.03849195494130254
233,7,1000,3,6.01,4,0.03849179038777947
233,8,1000,2,4.05,3,0.03849227890372276
233,9,1000,2,4.36,3,0.038491380013525485
233,10,1000,2,2.87,1,0.03849171140417457
233,11,1000,2,3.55,2,0.03849029117077589
233,12,1000,2,9.23,13,0.03849021344259381
233,13,1000,2,3.23,3,0.038490526657551524
233,14,1000,3,7.95,4,0.038490686040371654
233,15,190,5,10.09,5,0.038490359093013564
233,16,108,4,10.05,3,0.03849206847587117
233,17,108,4,10.04,6,0.03849179339077738
233,18,124,4,10.04,3,0.038492572884405815
233,19,123,5,10.06,3,0.03849218588897852
233,20,137,5,10.07,5,0.03849248819216324
233,21,1000,4,7.61,2,0.03849233568832278
233,22,1000,5,4.83,2,0.03849151696264744
233,23,1000,1,2.7,3,0.038490935172885654
233,24,1000,2,4.99,7,0.03849054905027151
233,25,143,5,10.04,3,0.038490128683877155
233,26,128,3,10.02,5,0.038490185455884784
233,27,119,3,10.02,3,0.03849050371336336
233,28,121,4,10.06,3,0.038490707962966164
233,29,103,4,10.08,4,0.038491505912496046
233,30,117,4,10.08,8,0.03849135211899749
233,31,120,5,10.1,4,0.038491617112110056
233,32,122,5,10.08,3,0.03849198675302208
233,33,1000,3,3.37,1,0.038491848535835746
233,34,1000,2,3.61,3,0.03849161474406719
233,35,1000,1,2.76,3,0.03849056473374367
233,36,121,4,10.09,4,0.03848955047524665
233,37,134,5,10.04,5,0.038489879567676515
233,38,108,3,10.0,8,0.03848987534918167
233,39,111,3,10.01,3,0.03849094874552778
233,40,85,3,10.08,3,0.03849091946202166
233,41,114,4,10.07,2,0.03849124539186034
233,42,124,4,10.06,4,0.0384899026924564
233,43,114,3,10.06,11,0.03848976710517155
233,44,113,4,10.05,3,0.038489561593901794
233,45,125,4,10.03,3,0.0384880490899086
233,46,1000,2,3.19,2,0.03848769827932119
233,47,183,5,10.05,7,0.03848650599600839
233,48,118,4,10.07,7,0.03848548883856353
233,49,123,2,10.03,13,0.03848701424714995
233,50,1000,1,3.27,9,0.038485955201089384
233,51,1000,2,5.32,9,0.038483519315719604
233,52,1000,1,2.69,3,0.03848471342399716
234,1,1000,3,5.01,3,0.007293953428044915
234,2,1000,3,4.75,2,0.00729492449760437
234,3,1000,4,4.96,2,0.00729599853977561
234,4,1000,3,4.42,3,0.007297699552029371
234,5,1000,3,3.6,3,0.007299201332032681
234,6,1000,3,3.58,3,0.007298839064314961
234,7,1000,2,3.87,3,0.007298590615391731
234,8,1000,1,2.9,5,0.007297922326251864
234,9,1000,1,2.64,2,0.00729739422723651
234,10,1000,3,5.23,6,0.007297853758558631
234,11,1000,3,7.21,4,0.007298632008954883
234,12,125,4,10.06,3,0.0073011361844837665
234,13,122,5,10.1,1,0.0073014460580392935
234,14,1000,6,4.36,1,0.007300116514321417
234,15,1000,3,3.41,1,0.00730086693353951
234,16,1000,4,6.54,1,0.0072994921784847976
234,17,1000,3,4.62,1,0.007298840694129467
234,18,1000,3,7.58,6,0.007300016989931464
234,19,183,4,10.09,7,0.00730206419159073
234,20,160,6,10.02,3,0.0073006476304726675
234,21,1000,3,4.25,3,0.007300069259479642
234,22,1000,1,2.96,5,0.007301484327763319
234,23,1000,1,2.79,3,0.0073018283490091564
234,24,1000,2,3.11,1,0.007301337536424399
234,25,1000,2,3.21,2,0.007297819457948208
234,26,1000,1,2.71,2,0.007295274902135134
234,27,1000,2,4.04,5,0.0072945719212293625
234,28,1000,1,2.8,3,0.0072926115486770865
235,1,1000,3,5.16,3,-0.021580928998067975
235,2,1000,3,4.81,2,-0.021585443168878556
235,3,1000,2,3.28,3,-0.021586753953248262
235,4,1000,2,3.2,2,-0.021587550500407816
235,5,1000,2,3.15,2,-0.021588699230924248
235,6,1000,2,3.31,3,-0.02158965074829757
235,7,1000,2,3.31,3,-0.021590611182153226
235,8,1000,1,2.7,3,-0.02159156702645123
235,9,1000,1,2.6,2,-0.02159175054728985
235,10,1000,1,2.8,4,-0.021590291554108264
235,11,1000,1,2.79,4,-0.021591093573719262
235,12,1000,1,2.58,2,-0.021591118071228266
235,13,1000,2,5.22,5,-0.021591334452852606
235,14,148,5,10.01,2,-0.021590706174941483
235,15,1000,5,8.64,2,-0.021591899970546363
235,16,1000,4,8.61,3,-0.02159088865481317
235,17,1000,2,3.2,2,-0.021590406499803066
235,18,1000,3,6.91,3,-0.021591832868754865
235,19,1000,2,2.79,1,-0.021594217436388136
235,20,1000,1,2.91,5,-0.021595082458108664
235,21,121,5,10.02,3,-0.02159595566470761
235,22,124,4,10.04,3,-0.021595787677553394
235,23,1000,3,3.35,1,-0.021598165141418577
235,24,1000,1,3.48,11,-0.021599740620702506
235,25,117,4,10.03,3,-0.021597237923206426
235,26,124,5,10.02,3,-0.02159756830623073
235,27,119,4,10.06,3,-0.021598251833885657
235,28,114,4,10.01,1,-0.021596410213724562
235,29,203,6,10.0,3,-0.021597374175569693
235,30,215,5,10.07,1,-0.021598087537080743
235,31,126,4,10.01,5,-0.02159703423875192
235,32,127,4,10.02,3,-0.021596059760474785
235,33,1000,3,5.31,3,-0.021595123095437884
235,34,1000,3,7.17,3,-0.021593936912715436
235,35,105,3,10.03,3,-0.02159178558559645
235,36,1000,1,3.27,8,-0.021591933194547892
236,1,1000,3,5.04,3,-0.017867039062082767
236,2,1000,3,3.72,2,-0.017866850832477212
236,3,1000,3,4.86,3,-0.017867038276046514
236,4,1000,3,5.93,3,-0.017867163367569446
236,5,1000,3,6.78,3,-0.01786699574999511
236,6,1000,3,5.9,2,-0.017866876987740397
236,7,1000,2,5.83,7,-0.017866841778159143
236,8,1000,2,5.75,6,-0.017866841884329916
236,9,1000,3,5.35,3,-0.017866954755038023
236,10,1000,3,4.82,4,-0.01786729895323515
236,11,1000,3,5.07,4,-0.0178663188200444
236,12,1000,2,4.4,3,-0.017866242369636895
236,13,1000,2,3.1,1,-0.0178660132214427
236,14,1000,2,7.27,6,-0.017866854924708606
236,15,120,3,10.05,5,-0.017866351921111346
236,16,1000,3,4.85,3,-0.01786645952798426
236,17,1000,2,2.81,2,-0.017868329484015705
237,1,1000,3,5.05,3,0.13212027443945407
237,2,1000,3,4.83,3,0.13211999240517616
237,3,1000,3,5.33,2,0.13211989790201187
237,4,1000,3,4.32,3,0.13211978766322136
237,5,1000,2,2.96,2,0.13211968749761582
237,6,1000,3,3.81,2,0.1321194276958704
237,7,1000,3,4.29,5,0.1321192521005869
237,8,1000,1,2.9,5,0.13211870133876802
237,9,480,3,10.0,4,0.13211862777049344
237,10,1000,3,5.24,4,0.1321189000159502
237,11,1000,2,2.82,1,0.13211901494860648
237,12,1000,1,2.97,5,0.13211829914152623
237,13,1000,2,3.66,3,0.1321182417422533
237,14,1000,3,5.69,4,0.13211807310581208
237,15,1000,2,3.16,2,0.1321178162842989
238,1,1000,3,5.1,3,-0.13466514110565186
238,2,1000,3,4.49,3,-0.13466461150348186
238,3,1000,3,4.94,2,-0.1346645947098732
238,4,1000,1,2.79,3,-0.13466443192958832
238,5,1000,2,4.03,4,-0.13466426815092564
238,6,1000,1,2.91,4,-0.13466432777047158
238,7,1000,2,3.3,2,-0.13466423101723193
238,8,1000,1,2.76,3,-0.1346637006998062
238,9,1000,2,3.26,4,-0.13466417789459229
238,10,1000,1,3.2,7,-0.13466351829469203
238,11,1000,3,4.34,3,-0.13466307437419892
238,12,1000,2,2.78,1,-0.134662683904171
238,13,1000,1,2.78,3,-0.13466285398602484
238,14,1000,1,2.99,5,-0.1346628523916006
238,15,1000,1,2.91,4,-0.13466197043657302
239,1,1000,3,5.09,3,-0.0005726752667687833
239,2,1000,3,5.34,3,-0.0005729332617484033
239,3,1000,3,6.43,5,-0.0005728833111934364
239,4,1000,4,6.86,4,-0.0005731127499602735
239,5,1000,3,4.86,2,-0.0005734062432311475
239,6,1000,3,4.82,2,-0.0005729557215236128
239,7,1000,3,4.87,2,-0.0005719114053063095
239,8,1000,3,4.82,2,-0.0005721004805527627
239,9,1000,3,4.88,2,-0.0005727563272230327
239,10,1000,3,4.51,2,-0.0005726140956394374
239,11,1000,3,7.69,1,-0.0005727016027085483
239,12,1000,3,9.64,1,-0.0005726449112407864
239,13,1000,2,9.34,19,-0.0005721406708471478
239,14,1000,2,3.6,3,-0.0005726001816801727
239,15,425,3,10.0,2,-0.0005728758245651775
239,16,1000,2,6.36,2,-0.0005736633627675474
239,17,879,3,10.0,2,-0.0005737442017450242
239,18,124,2,10.06,5,-0.0005736335259561818
239,19,1000,2,6.85,11,-0.0005739043480716646
239,20,92,3,10.08,3,-0.000573240587508063
239,21,1000,3,5.46,3,-0.0005733701488934458
239,22,1000,3,6.4,3,-0.0005745637598447502
239,23,1000,3,6.36,3,-0.000574329727794975
239,24,1000,3,6.46,3,-0.0005738820168189704
239,25,1000,4,6.46,2,-0.0005739322430454195
239,26,1000,3,5.58,3,-0.000573889150749892
239,27,1000,3,5.45,3,-0.0005740103940479458
239,28,1000,3,6.11,4,-0.0005750724687241018
239,29,1000,3,3.72,2,-0.0005737042273394763
239,30,1000,2,3.54,3,-0.0005733364461921155
239,31,1000,2,3.18,2,-0.0005726849189959467
239,32,1000,2,3.89,4,-0.0005721420901827514
239,33,1000,2,4.58,6,-0.0005712173744104802
239,34,1000,3,3.97,3,-0.0005707828882150352
239,35,130,4,10.01,3,-0.0005709832955080156
239,36,1000,4,6.33,2,-0.0005717231812886894
239,37,1000,4,6.0,2,-0.0005724859959445894
239,38,1000,2,4.05,3,-0.0005733829340897501
239,39,1000,3,4.28,3,-0.0005743341478519142
239,40,149,5,10.04,3,-0.0005747131521238527
239,41,131,4,10.03,5,-0.0005746097894890219
239,42,123,4,10.04,7,-0.0005749885349655599
239,43,120,4,10.06,3,-0.0005767469643615186
239,44,78,3,10.01,3,-0.0005775603050819766
239,45,112,5,10.03,3,-0.0005786883827698018
239,46,1000,4,8.1,3,-0.0005781202162615954
239,47,122,4,10.08,4,-0.0005784792945811861
239,48,131,4,10.05,4,-0.0005779145911997113
239,49,132,4,10.06,3,-0.0005799065834391072
239,50,133,4,10.02,3,-0.0005801161519195745
239,51,119,4,10.05,3,-0.000580331330684585
239,52,109,3,10.03,3,-0.0005789977693802105
239,53,115,4,10.06,3,-0.000579038317537988
239,54,132,5,10.0,3,-0.0005783804138473263
239,55,121,6,10.03,1,-0.0005791343258855449
239,56,107,5,10.02,1,-0.0005796916688200539
239,57,118,6,10.0,1,-0.0005796756013296545
239,58,108,4,10.07,1,-0.0005792167007543698
239,59,140,6,10.08,1,-0.0005791185240793442
239,60,137,6,10.08,4,-0.0005787551963028845
239,61,111,3,10.03,3,-0.0005793483798845193
239,62,120,4,10.09,3,-0.00057944426080212
239,63,139,5,10.01,6,-0.0005795685059337361
239,64,110,3,10.03,11,-0.0005796436146325008
239,65,113,3,10.02,3,-0.0005795954251703105
239,66,1000,4,6.07,1,-0.0005792952789925039
239,67,1000,4,6.03,1,-0.0005790546904318035
239,68,141,5,10.07,4,-0.0005784924253524142
239,69,148,5,10.07,5,-0.0005788544516985279
239,70,155,6,10.06,1,-0.0005786226179841305
239,71,127,5,10.04,1,-0.0005786438132489584
239,72,126,5,10.08,1,-0.0005783981371981403
239,73,156,5,10.0,1,-0.0005778474628758163
239,74,192,4,10.0,3,-0.0005780427309218794
239,75,172,4,10.0,3,-0.000577085766518965
239,76,1000,3,5.5,2,-0.000577276989351958
239,77,132,4,10.08,14,-0.0005775647163814442
239,78,102,3,10.05,3,-0.0005788525130471908
240,1,1000,3,5.25,3,-0.12480848599225283
240,2,1000,3,3.71,3,-0.12481009621918202
240,3,1000,3,4.3,4,-0.12481056463718414
240,4,1000,2,2.9,1,-0.12481150512397289
240,5,1000,3,4.45,3,-0.12481206130981445
240,6,1000,2,3.03,1,-0.12481248006224632
240,7,1000,1,2.76,3,-0.12481281560659409
240,8,1000,3,6.43,6,-0.12481387509405613
240,9,1000,3,3.98,3,-0.12481362599134445
240,10,1000,2,3.44,2,-0.12481383095681667
240,11,1000,3,8.39,6,-0.12481385570764542
240,12,1000,2,4.65,6,-0.12481497314572335
240,13,1000,4,5.09,1,-0.12481596019119025
240,14,1000,3,4.3,1,-0.12481585504859685
240,15,1000,5,4.99,3,-0.12481598263978957
240,16,127,4,10.05,5,-0.12481659592136624
240,17,1000,4,8.47,3,-0.12481869821250438
240,18,1000,3,3.54,3,-0.12481796021014452
240,19,1000,2,4.4,6,-0.12481825519353151
240,20,135,4,10.02,6,-0.12481768677632014
240,21,115,5,10.05,2,-0.12481743375892225
240,22,1000,1,3.05,6,-0.124819629073143
240,23,122,4,10.05,4,-0.12482082684997653
240,24,120,4,10.05,3,-0.1248214847718676
240,25,699,5,10.0,3,-0.12482090021492927
240,26,1000,2,2.89,2,-0.12482136934995651
240,27,1000,2,6.02,7,-0.12482121375948191
240,28,118,4,10.09,7,-0.12482123057973588
240,29,1000,3,3.62,3,-0.1248210791349411
240,30,1000,4,8.5,7,-0.12482230687141418
240,31,1000,2,5.31,6,-0.12482137450575828
240,32,1000,1,2.77,2,-0.12482104759663343
241,1,1000,3,5.05,3,0.03289822512492537
241,2,1000,3,3.85,3,0.03289767050743103
241,3,1000,3,6.02,3,0.03289698402956128
241,4,1000,3,4.92,3,0.032896424930542706
241,5,1000,3,4.53,2,0.03289586443454027
241,6,1000,3,4.35,2,0.032896340500563385
241,7,1000,3,5.07,2,0.03289560825377703
241,8,1000,3,6.82,2,0.03289545786380768
241,9,1000,3,4.96,3,0.032895604360848665
241,10,1000,3,4.31,2,0.03289620185643435
241,11,1000,2,3.19,2,0.03289588218182325
241,12,1000,1,2.69,3,0.032895817447453735
241,13,1000,3,8.15,5,0.03289628838002682
241,14,119,4,10.06,6,0.03289653533020941
241,15,113,3,10.02,4,0.032895523692126824
241,16,1000,1,2.67,3,0.03289801703393459
241,17,1000,3,5.18,6,0.03289803751558065
241,18,873,3,10.0,5,0.03289954062606734
241,19,1000,2,3.53,3,0.032898847218602895
241,20,1000,3,5.42,3,0.03289850510656834
241,21,1000,3,4.86,2,0.03289759088307619
241,22,1000,2,4.15,3,0.032896915156394244
241,23,1000,2,3.62,2,0.03289616135880351
241,24,1000,2,3.56,2,0.03289515072107315
241,25,1000,1,2.95,5,0.032894291691482065
241,26,133,3,10.05,8,0.03289346091617319
241,27,112,3,10.02,3,0.03289403546867626
241,28,1000,3,6.88,3,0.03289409104734659
241,29,172,4,10.08,4,0.03289344272208075
241,30,240,4,10.02,4,0.03289299006573856
241,31,107,3,10.02,4,0.03289291791826765
241,32,111,3,10.05,3,0.03289195744169725
241,33,1000,2,3.6,3,0.032892577461898324
241,34,1000,3,6.62,2,0.03289206591621041
241,35,112,4,10.03,3,0.032891676162502596
241,36,1000,4,8.54,3,0.032891061823815106
241,37,146,6,10.04,3,0.03289050340958654
241,38,157,5,10.01,3,0.032891117060070585
241,39,1000,2,3.58,4,0.03289100278168917
241,40,1000,4,4.46,1,0.03289008621498942
241,41,110,3,10.08,4,0.03288922594352202
241,42,183,4,10.07,6,0.03288916836345131
241,43,113,4,10.05,3,0.03288910409386179
241,44,171,4,10.01,9,0.032889262255695134
241,45,1000,4,7.52,2,0.03288767426460981
241,46,1000,3,8.82,6,0.032887398026883605
241,47,1000,5,5.2,1,0.032887020017951726
241,48,120,4,10.03,1,0.03288667111968001
241,49,121,5,10.01,3,0.03288598084622178
241,50,287,4,10.0,1,0.03288646767934856
241,51,1000,4,4.59,2,0.032886153671890496
241,52,1000,3,3.77,2,0.032885550208389756
241,53,1000,3,7.12,5,0.0328851258456707
241,54,1000,3,7.11,2,0.03288564969226718
241,55,1000,3,3.56,1,0.03288521910086274
241,56,1000,3,3.37,1,0.032884391389787195
241,57,1000,3,6.44,5,0.0328831174634397
241,58,1000,3,7.97,4,0.03288240415230394
241,59,1000,2,4.13,5,0.03288266728818417
241,60,133,4,10.1,6,0.03288102883817558
241,61,1000,3,5.71,5,0.03288127575814724
241,62,1000,5,9.36,3,0.03288039944693446
241,63,1000,2,3.91,4,0.03288001553341746
241,64,1000,2,2.79,1,0.03288032095879316
241,65,1000,2,2.79,1,0.032880102161318064
241,66,1000,3,5.04,2,0.03287919967621565
241,67,1000,2,2.81,1,0.03287904524430633
241,68,1000,3,7.24,5,0.032878663174808025
241,69,656,4,10.0,5,0.03287763096301294
241,70,1000,3,7.39,4,0.0328778445571661
241,71,1000,3,6.18,3,0.03287752809375524
241,72,1000,3,6.49,6,0.03287716287747026
241,73,1000,3,4.04,3,0.03287641084939241
241,74,1000,1,2.66,2,0.03287583217024803
242,1,1000,3,5.14,3,0.09749436634033919
242,2,1000,3,5.88,3,0.09749356178194285
242,3,1000,4,6.86,3,0.09749393475800752
242,4,1000,3,6.07,3,0.09749430151283742
242,5,1000,3,5.01,3,0.09749510623514653
242,6,845,6,10.0,3,0.09749504526162289
242,7,1000,5,7.2,2,0.09749543429911137
242,8,132,4,10.09,11,0.09749576872722669
242,9,130,4,10.1,11,0.09749621794773983
242,10,1000,4,7.12,1,0.09749656270444393
242,11,115,4,10.09,2,0.0974971191390701
242,12,1000,2,9.08,6,0.0974969172552228
242,13,120,3,10.07,6,0.09749614670872689
242,14,1000,3,9.7,5,0.09749534056335687
242,15,126,4,10.04,3,0.09749547534045719
242,16,1000,2,3.19,4,0.09749503110349178
242,17,1000,1,2.62,2,0.09749493579566479
242,18,1000,3,4.4,3,0.09749495638161898
243,1,1000,3,5.01,3,-0.08252224911004305
243,2,1000,3,4.82,3,-0.08252295880764723
243,3,1000,3,7.82,3,-0.08252286845445633
243,4,1000,3,6.01,3,-0.0825223207771778
243,5,1000,3,6.18,3,-0.0825217749401927
243,6,1000,4,9.32,3,-0.08252163503319025
243,7,1000,3,8.36,5,-0.08252158293128013
243,8,246,3,10.0,8,-0.08252164448906736
243,9,1000,3,3.3,1,-0.08252109456807374
243,10,973,4,10.0,4,-0.08252131972626571
243,11,1000,3,9.64,6,-0.0825210429802537
243,12,1000,3,7.54,6,-0.08252046467363834
243,13,1000,2,3.01,4,-0.08251987658441066
243,14,1000,1,2.6,2,-0.08251941652595997
243,15,1000,1,2.64,2,-0.08251931019127369
243,16,1000,1,2.63,2,-0.08252048122882844
243,17,1000,1,3.03,6,-0.08252056699991227
243,18,1000,5,8.41,3,-0.08252001719176769
243,19,1000,4,6.64,3,-0.08252074432373047
243,20,1000,3,6.12,3,-0.08252040864527226
243,21,1000,3,3.68,1,-0.0825202587544918
243,22,1000,3,6.6,6,-0.08251991804689168
243,23,1000,3,7.36,4,-0.08252124486863613
243,24,1000,3,3.76,2,-0.0825217629596591
243,25,1000,2,2.72,1,-0.08252200365066528
243,26,1000,1,2.65,2,-0.08252214393019676
243,27,1000,1,2.63,2,-0.08252242763340473
244,1,1000,3,5.13,3,-0.12342754460871219
244,2,1000,3,3.69,3,-0.12342906119674445
244,3,1000,3,3.03,1,-0.12343010471016169
244,4,1000,3,4.07,1,-0.12343082626163959
244,5,1000,3,3.91,1,-0.12343152637779713
244,6,1000,3,2.72,1,-0.12343307584524155
244,7,1000,3,3.14,1,-0.12343321428447962
244,8,1000,2,2.81,1,-0.12343468596786261
244,9,1000,2,2.66,1,-0.12343601137399673
244,10,1000,1,2.85,4,-0.12343708796054124
244,11,1000,1,3.04,6,-0.12343842598050833
244,12,198,5,10.06,4,-0.12343938219727892
244,13,1000,4,9.49,2,-0.12343958499282598
244,14,1000,2,3.21,3,-0.12344136452674866
244,15,1000,1,3.01,6,-0.12344271723181009
244,16,1000,2,3.58,3,-0.12344227270036935
244,17,1000,1,3.27,8,-0.12344073332101106
244,18,1000,2,6.04,8,-0.12344349829852581
244,19,1000,2,5.36,8,-0.1234437037780881
244,20,206,4,10.05,8,-0.12344082980190665
244,21,1000,3,5.58,3,-0.12344130151718855
244,22,1000,4,6.13,2,-0.12343901489675045
244,23,337,6,10.0,2,-0.12343934315425352
244,24,1000,4,5.17,2,-0.12343849906325341
244,25,1000,1,2.86,4,-0.12343995708227158
244,26,1000,3,3.67,2,-0.12344389455020428
244,27,1000,4,4.01,1,-0.1234400087967515
244,28,1000,6,6.9,3,-0.12343969335407019
244,29,121,4,10.08,3,-0.12343997532917449
244,30,1000,4,4.87,4,-0.12343859115242958
244,31,1000,5,5.08,2,-0.1234373303949833
244,32,1000,5,7.34,3,-0.1234387466236949
244,33,1000,4,6.37,6,-0.12343898335844278
244,34,1000,3,3.95,1,-0.12344107994437217
244,35,1000,2,3.88,7,-0.12344452232122421
244,36,1000,3,3.25,3,-0.12344762470573187
244,37,1000,2,4.13,8,-0.12344341095536947
244,38,1000,1,2.56,1,-0.12344325333833694
244,39,1000,1,2.67,2,-0.1234408600628376
244,40,1000,3,3.03,1,-0.12344287183135748
244,41,1000,3,2.99,2,-0.12344269454479218
244,42,1000,2,2.65,1,-0.12344453955441713
244,43,1000,1,2.55,1,-0.1234479770064354
245,1,1000,3,5.15,3,-0.005647784169763327
245,2,1000,3,3.47,2,-0.005646771139465273
245,3,1000,3,4.47,2,-0.005645972204394638
245,4,1000,2,3.24,3,-0.005646213577128947
245,5,1000,2,3.24,3,-0.0056457054009661075
245,6,1000,2,3.31,3,-0.005645417451858521
245,7,1000,2,5.2,5,-0.0056458120429888365
245,8,1000,2,4.33,5,-0.005645143509842456
245,9,1000,3,3.69,1,-0.005644948567263782
245,10,127,5,10.06,3,-0.0056456378147768695
245,11,1000,4,9.39,3,-0.005647036020644009
245,12,361,4,10.0,1,-0.0056468512994492645
245,13,133,5,10.07,1,-0.005646430351596354
245,14,119,2,10.09,18,-0.005646216718307813
245,15,121,4,10.01,6,-0.005645738318100695
245,16,105,3,10.06,3,-0.005646085841137739
245,17,1000,4,7.81,8,-0.0056461608400568365
245,18,1000,2,5.31,6,-0.00564556734636426
245,19,1000,2,4.0,4,-0.005645732906647026
245,20,1000,3,4.68,2,-0.005645827162079513
245,21,1000,4,7.05,4,-0.005645877589471638
245,22,133,5,10.07,3,-0.005645495744884238
245,23,156,5,10.06,1,-0.005645842518275365
245,24,1000,5,5.2,2,-0.005645565707236528
245,25,1000,5,3.4,1,-0.005644226836971938
246,1,1000,3,5.14,3,0.06932763939350843
246,2,1000,3,5.83,3,0.06932736995816231
246,3,1000,4,6.55,3,0.06932705324143171
246,4,1000,3,6.03,3,0.06932710876315833
246,5,1000,3,5.54,3,0.06932712413370609
246,6,1000,3,4.77,1,0.06932696384936571
246,7,1000,2,3.62,3,0.06932694798707963
246,8,1000,3,4.2,2,0.06932667168974876
246,9,1000,2,3.19,2,0.06932672437280417
246,10,1000,5,9.04,2,0.06932622692734003
246,11,973,5,10.0,1,0.06932601282126122
246,12,141,6,10.07,1,0.06932586769685678
246,13,127,6,10.03,1,0.06932591993039049
246,14,1000,3,6.94,4,0.06932682556658984
246,15,1000,2,3.72,2,0.06932616791129112
246,16,1000,3,4.43,4,0.06932560148835182
246,17,1000,2,2.83,3,0.0693250960484147
246,18,1000,2,5.23,3,0.069325084336102
246,19,1000,3,6.35,6,0.06932437900453806
246,20,1000,3,9.17,8,0.06932378029078246
246,21,83,3,10.02,3,0.06932318372180662
246,22,1000,4,7.17,2,0.06932380449771881
246,23,1000,4,6.42,1,0.06932280062884093
246,24,940,4,10.0,2,0.06932318451556753
246,25,679,4,10.0,4,0.06932312085544237
246,26,1000,3,5.47,2,0.0693230010420084
246,27,1000,3,9.51,5,0.06932250330597162
246,28,1000,3,9.29,3,0.0693218387812376
246,29,301,3,10.0,4,0.06932143003144534
246,30,1000,2,4.97,3,0.06932145719230175
246,31,1000,2,8.8,6,0.06932061250507832
246,32,1000,2,3.19,2,0.06932070308178663
246,33,1000,2,3.97,4,0.06932109730690718
246,34,1000,2,8.43,16,0.0693208718597889
246,35,1000,2,3.18,2,0.06932082103937864
246,36,119,4,10.05,4,0.06932109788435847
246,37,117,5,10.0,4,0.06932241711606327
246,38,117,4,10.06,3,0.06932109422408618
246,39,117,3,10.05,11,0.06932159010161701
246,40,123,4,10.03,5,0.069321157183589
246,41,121,4,10.05,5,0.06931989418327315
246,42,116,4,10.08,6,0.06931973653363771
246,43,108,4,10.02,4,0.06931928828082702
246,44,120,4,10.05,3,0.06931961687902609
246,45,135,4,10.08,13,0.06931901855601205
246,46,112,3,10.01,23,0.06931893068498798
246,47,272,5,10.0,3,0.06931844438590548
246,48,390,4,10.05,5,0.06931754770951393
247,1,1000,3,5.11,3,0.09505776397883892
247,2,1000,3,6.05,3,0.09505804640799762
247,3,844,5,10.0,3,0.09505830288498322
247,4,1000,4,5.52,3,0.09505864980816842
247,5,1000,3,4.42,2,0.09505874250084162
247,6,1000,3,6.68,4,0.0950590304210782
247,7,1000,3,5.71,3,0.09505916383862495
247,8,1000,2,3.56,3,0.09505953411757946
247,9,1000,4,6.24,3,0.09506048909574748
247,10,256,3,10.0,6,0.09506054883240722
247,11,1000,3,4.8,5,0.09506009558588266
247,12,1000,4,7.78,4,0.0950599824115634
247,13,1000,3,7.82,2,0.0950599895119667
247,14,748,3,10.0,4,0.09506006231083271
247,15,117,4,10.07,6,0.09505951455515674
247,16,115,4,10.0,6,0.09505967407122902
247,17,118,4,10.06,6,0.09505959353962187
247,18,115,4,10.01,6,0.09505950225436169
247,19,1000,5,9.82,8,0.095059688962996
247,20,113,4,10.04,6,0.09506003327865516
247,21,122,4,10.04,4,0.09505935483535782
247,22,121,4,10.07,3,0.09505941878911878
247,23,121,3,10.05,9,0.09505999260697483
247,24,113,4,10.05,3,0.09506066974285429
247,25,121,4,10.06,3,0.09506140421491024
247,26,128,5,10.07,2,0.09506196819711477
247,27,110,3,10.1,3,0.09506231106140396
247,28,117,4,10.01,4,0.09506129677224363
247,29,131,5,10.01,1,0.09506143828612247
247,30,127,3,10.05,5,0.0950618002593048
247,31,95,3,10.02,6,0.09506359978726035
247,32,108,3,10.0,5,0.09506311260715679
247,33,119,3,10.02,11,0.09506299334163425
247,34,1000,2,9.08,4,0.09506310264021159
247,35,1000,2,9.7,13,0.09506368914991617
247,36,752,3,10.0,3,0.09506452759291897
247,37,118,3,10.05,3,0.0950640441881398
247,38,1000,3,3.75,2,0.09506477032601833
247,39,1000,4,5.84,2,0.09506462921202183
248,1,1000,3,5.1,3,-0.06870630073547364
248,2,1000,3,5.98,3,-0.06870519313961268
248,3,1000,4,9.51,4,-0.06870504324138164
248,4,1000,4,9.72,4,-0.0687049360871315
248,5,1000,3,6.06,3,-0.06870535676926375
248,6,1000,3,4.9,2,-0.06870499417185784
248,7,1000,4,5.26,2,-0.06870480924844742
248,8,1000,2,3.58,3,-0.06870550004392863
248,9,1000,2,3.22,2,-0.06870570816099644
248,10,1000,3,3.66,1,-0.0687050893753767
248,11,1000,3,3.67,1,-0.0687041068226099
248,12,1000,3,2.99,1,-0.06870382723212243
248,13,1000,3,4.97,1,-0.06870331529527902
248,14,1000,3,8.17,1,-0.06870323430746794
248,15,1000,3,8.55,1,-0.06870310647040606
248,16,1000,3,9.72,1,-0.0687027107924223
248,17,103,3,10.06,2,-0.06870186719500902
248,18,1000,3,8.91,1,-0.0687032807841897
248,19,1000,3,9.31,1,-0.06870292091369629
248,20,1000,3,9.47,1,-0.06870286320894957
248,21,1000,3,9.55,1,-0.06870379570126534
248,22,1000,3,9.33,1,-0.06870388020575047
248,23,115,3,10.04,13,-0.06870375742083011
248,24,1000,3,5.33,3,-0.06870371935516596
248,25,131,3,10.09,15,-0.06870396986944985
248,26,1000,3,6.24,4,-0.06870366460084915
248,27,1000,2,3.33,3,-0.06870340821892024
248,28,1000,4,4.1,1,-0.06870298496633769
248,29,1000,4,5.18,1,-0.06870380311459302
248,30,1000,4,6.18,1,-0.06870412717014551
248,31,1000,4,6.33,1,-0.06870419845730066
248,32,1000,4,5.41,1,-0.06870568441599607
248,33,1000,3,8.22,1,-0.06870643321424723
248,34,437,3,10.0,1,-0.06870673158689822
248,35,275,3,10.0,1,-0.06870481743053956
248,36,106,3,10.08,2,-0.06870454971520405
248,37,848,3,10.0,1,-0.06870513579825747
248,38,107,3,10.04,1,-0.06870665387294003
248,39,99,4,10.06,4,-0.06870391272535228
248,40,560,3,10.0,2,-0.06870663909773742
248,41,121,3,10.07,2,-0.06870504394789373
248,42,110,3,10.06,2,-0.06870402531190352
248,43,1000,3,7.34,1,-0.0687043369486928
248,44,1000,3,6.61,2,-0.0687036890462041
248,45,1000,2,2.89,1,-0.06870282712578774
249,1,1000,3,5.14,3,-0.03372969154641032
249,2,1000,3,4.55,2,-0.03372998020425439
249,3,1000,3,3.48,1,-0.03373023999109864
249,4,1000,1,2.95,5,-0.033729584060609344
249,5,1000,2,3.14,2,-0.033729005508124826
249,6,1000,2,3.08,2,-0.03372881649434566
249,7,1000,1,2.99,5,-0.03372849847003818
249,8,1000,2,3.37,3,-0.033727174390107396
249,9,1000,2,3.05,1,-0.033726593546569344
249,10,1000,1,2.72,2,-0.03372550534456968
249,11,1000,2,2.98,1,-0.0337242708876729
249,12,1000,1,2.88,4,-0.03372330053150654
249,13,1000,2,4.09,4,-0.03372318306565285
249,14,1000,2,3.95,3,-0.03372310136258602
249,15,1000,3,4.99,3,-0.03372251142188907
249,16,1000,2,4.0,3,-0.033722076781094075
249,17,1000,2,4.47,5,-0.033721913028508424
249,18,1000,2,4.77,3,-0.03372181399911642
249,19,1000,2,2.88,2,-0.03372041180729866
249,20,1000,2,3.01,1,-0.033719522420316936
249,21,1000,2,4.23,3,-0.03371834752336145
249,22,1000,2,3.71,3,-0.03371905153989792
249,23,1000,4,7.84,2,-0.03371880661323667
249,24,139,5,10.03,5,-0.03371804317446064
249,25,637,5,10.0,1,-0.03371905104448694
249,26,1000,2,3.66,4,-0.03371807812899351
249,27,1000,2,5.43,4,-0.03371703565865755
249,28,1000,1,3.14,6,-0.03371594354137778
249,29,1000,2,4.3,2,-0.033715047277510166
249,30,1000,3,3.54,3,-0.033714775294065476
249,31,1000,4,4.54,1,-0.03371492843329906
249,32,203,5,10.08,4,-0.03371403225023171
249,33,1000,3,6.07,5,-0.033712677620351315
249,34,114,4,10.07,3,-0.03371060780135163
249,35,111,4,10.01,3,-0.03371200626632115
249,36,1000,5,9.3,1,-0.033712312281131744
249,37,150,5,10.06,5,-0.03371384973327319
249,38,1000,4,4.01,2,-0.033711587086319925
249,39,1000,2,7.41,5,-0.03371070113405585
249,40,108,3,10.07,4,-0.033708879034276364
249,41,219,4,10.0,1,-0.03371067098490724
249,42,1000,2,3.5,1,-0.033710483975708486
249,43,1000,3,3.43,1,-0.03370981691032648
249,44,178,4,10.0,4,-0.0337102451895395
249,45,1000,2,3.31,1,-0.03370863247290254
249,46,1000,4,4.28,3,-0.03370661453157663
249,47,132,4,10.01,5,-0.03370703415324291
249,48,1000,4,5.12,1,-0.033707539081573486
249,49,1000,4,4.84,4,-0.03370757396891713
249,50,1000,2,3.31,4,-0.033705448523163796
249,51,1000,2,3.39,3,-0.033703304667025806
249,52,1000,2,2.73,1,-0.033704400062561035
249,53,1000,0,2.54,0,-0.033699437975883484
250,1,1000,3,5.25,3,-0.15126928228139877
250,2,1000,3,4.59,2,-0.15126997743546963
250,3,1000,2,3.02,2,-0.15127032208442687
250,4,1000,3,3.42,1,-0.15127050890028476
250,5,1000,2,2.84,1,-0.15127052806317806
250,6,1000,3,3.31,1,-0.15127090719342232
250,7,133,5,10.06,4,-0.15127154400474147
250,8,1000,4,7.73,2,-0.15127130344510079
250,9,990,4,10.0,3,-0.15127176580706028
250,10,1000,3,5.68,3,-0.15127151089906693
250,11,1000,4,7.74,10,-0.15127194206416608
250,12,1000,4,4.47,3,-0.15127280727028847
250,13,954,4,10.0,3,-0.15127313077699714
250,14,125,5,10.04,3,-0.15127382123470307
250,15,1000,3,7.7,3,-0.1512734085470438
250,16,1000,2,7.02,12,-0.15127372889220714
250,17,110,3,10.09,7,-0.15127497789534655
250,18,1000,3,6.04,2,-0.1512757860869169
250,19,132,4,10.0,4,-0.15127620496081584
250,20,127,5,10.0,3,-0.15127642452716827
250,21,126,4,10.03,3,-0.1512768812595852
250,22,150,4,10.03,4,-0.1512770676612854
250,23,1000,4,9.04,8,-0.15127724646031857
250,24,1000,3,6.24,3,-0.15127742198109626
250,25,107,3,10.07,5,-0.1512774273613903
250,26,1000,3,4.03,4,-0.1512775001525879
251,1,1000,3,5.14,3,0.1033183054253459
251,2,1000,3,5.22,3,0.10331906978040933
251,3,1000,3,4.83,2,0.10331951213628053
251,4,1000,3,4.12,2,0.10332083534449339
251,5,1000,3,4.71,5,0.10332126034796238
251,6,1000,3,4.05,2,0.10332169827073813
251,7,1000,2,2.99,3,0.10332233494520188
251,8,1000,3,7.47,5,0.10332260452955962
251,9,1000,3,4.41,3,0.10332266991585493
251,10,1000,2,4.63,6,0.10332279703766108
251,11,1000,2,4.95,3,0.10332254879921675
251,12,1000,5,9.36,1,0.10332184268534184
251,13,1000,5,8.6,1,0.10332264357060195
251,14,1000,3,7.55,8,0.10332427857071161
251,15,107,3,10.08,3,0.10332265384843416
251,16,117,3,10.06,8,0.10332198300932208
251,17,121,4,10.04,3,0.10332088443365964
251,18,200,5,10.0,3,0.1033210499957204
251,19,125,4,10.07,3,0.10332168126106263
251,20,104,3,10.03,10,0.1033211499452591
251,21,109,4,10.07,3,0.10332023509598653
251,22,111,3,10.01,9,0.10331946671814532
251,23,117,4,10.05,3,0.10331936435312288
251,24,141,4,10.06,3,0.10331794492741848
251,25,422,3,10.0,3,0.10331771914710365
251,26,1000,1,3.37,10,0.10331838634610176
252,1,1000,3,5.12,3,-6.434480659663678e-05
252,2,1000,3,3.41,2,-6.41108825802803e-05
252,3,1000,1,2.62,2,-6.356209702789784e-05
252,4,1000,2,4.02,5,-6.306087411940098e-05
252,5,1000,4,5.54,3,-6.298497505486011e-05
252,6,1000,2,4.47,4,-6.286661420017481e-05
252,7,213,4,10.03,3,-6.26090782838808e-05
252,8,366,6,10.06,3,-6.22994342788321e-05
252,9,528,5,10.0,2,-6.193886722692035e-05
252,10,1000,4,4.42,3,-6.28143772482872e-05
252,11,1000,4,8.1,2,-6.270176637917758e-05
252,12,1000,2,4.12,6,-6.351055577397347e-05
252,13,1000,2,3.37,5,-6.35594828054309e-05
252,14,1000,2,5.05,14,-6.354558654129506e-05
252,15,1000,4,6.05,16,-6.343500223010779e-05
252,16,121,3,10.01,12,-6.374274957771144e-05
252,17,146,4,10.07,5,-6.390595170733046e-05
252,18,1000,4,5.59,2,-6.471652165055275e-05
252,19,1000,5,8.64,1,-6.537824589759112e-05
252,20,1000,4,8.87,5,-6.563868746161461e-05
252,21,1000,3,6.96,5,-6.555861700326204e-05
252,22,918,3,10.0,3,-6.627823654278172e-05
252,23,1000,3,7.08,3,-6.703993771225215e-05
252,24,117,4,10.03,3,-6.808013392564577e-05
252,25,124,5,10.04,5,-6.799451676347564e-05
252,26,102,4,10.01,6,-6.784877612018118e-05
252,27,1000,2,2.81,1,-6.765261944383383e-05
252,28,1000,4,5.38,2,-6.803537160158157e-05
252,29,119,4,10.1,4,-6.87952881225017e-05
252,30,94,3,10.08,9,-6.926967267026292e-05
252,31,1000,2,5.72,8,-6.966384686529637e-05
252,32,1000,1,2.54,1,-6.847362965345383e-05
252,33,1000,1,2.89,4,-6.799314357340335e-05
252,34,1000,1,3.23,7,-6.860674079507589e-05
252,35,1000,2,9.12,9,-6.92852744832635e-05
252,36,1000,1,3.87,14,-7.030696514993906e-05
253,1,1000,3,5.15,3,0.06837631952017546
253,2,1000,3,5.79,3,0.06837606601417065
253,3,1000,3,4.97,3,0.06837610314786434
253,4,1000,3,5.88,4,0.06837617789208889
253,5,1000,4,7.77,3,0.06837649638205767
253,6,1000,3,5.0,3,0.06837621542811394
253,7,1000,3,4.19,2,0.06837632346153259
253,8,1000,3,4.19,2,0.06837647248059511
253,9,1000,3,3.34,1,0.0683766144439578
253,10,1000,3,3.34,1,0.06837653231620788
253,11,1000,3,3.32,1,0.06837662683427334
253,12,1000,3,3.34,1,0.06837659300863742
253,13,1000,2,3.27,2,0.06837641176581383
253,14,1000,2,3.25,2,0.0683765498995781
253,15,1000,2,2.95,1,0.06837671214342117
253,16,1000,2,2.92,1,0.06837704169750214
253,17,1000,2,2.95,1,0.06837744385004044
253,18,1000,2,2.94,1,0.06837809944152833
253,19,1000,2,2.95,1,0.06837836784124375
253,20,1000,2,2.97,1,0.06837879848480224
253,21,1000,2,2.93,1,0.06837947690486908
253,22,1000,2,2.93,1,0.06838008987903595
253,23,1000,2,2.9,1,0.06838090425729751
253,24,1000,2,2.96,1,0.06838151919841766
253,25,1000,2,2.94,1,0.06838224750757217
253,26,1000,2,2.92,1,0.06838313597440719
253,27,1000,2,2.94,1,0.06838398519158363
253,28,1000,2,2.98,1,0.06838496494293213
253,29,1000,2,2.95,1,0.068386190533638
253,30,1000,2,2.9,1,0.06838709264993667
253,31,1000,2,2.95,1,0.0683883269801736
253,32,1000,2,2.99,1,0.068389413356781
253,33,1000,2,2.93,1,0.06839031875133514
253,34,1000,2,2.99,1,0.06839117920398712
253,35,1000,2,2.99,1,0.06839269548654556
253,36,1000,2,2.95,1,0.06839393973350524
253,37,1000,2,2.97,1,0.06839530718326568
253,38,1000,2,2.92,1,0.06839620351791381
253,39,1000,2,2.96,1,0.06839758211374283
253,40,1000,2,2.95,1,0.06839851349592209
253,41,1000,2,2.99,1,0.06839937043190003
253,42,1000,2,2.95,1,0.06840016383677722
253,43,1000,2,2.95,1,0.06840143263339997
253,44,1000,2,3.0,1,0.06840225595235824
253,45,1000,2,3.0,1,0.06840322262048722
253,46,1000,2,2.94,1,0.06840401792526245
253,47,1000,2,2.96,1,0.06840467357635498
253,48,1000,2,2.93,1,0.06840603476762772
253,49,1000,2,2.95,1,0.06840697133541107
253,50,1000,2,2.94,1,0.06840822631120681
253,51,1000,2,2.94,1,0.06840916866064072
253,52,1000,2,2.94,1,0.06841012769937516
253,53,1000,2,2.94,1,0.06841078692674638
253,54,1000,2,2.98,1,0.06841192328929901
253,55,1000,2,2.94,1,0.06841269987821579
253,56,1000,2,2.94,1,0.06841386580467224
253,57,1000,2,2.92,1,0.0684146648645401
253,58,1000,2,2.93,1,0.06841534841060638
253,59,1000,2,2.98,1,0.06841600024700165
253,60,1000,2,2.92,1,0.06841677492856979
253,61,1000,2,2.94,1,0.06841751265525818
253,62,1000,2,2.94,1,0.06841831243038178
253,63,1000,2,2.97,1,0.06841904735565185
253,64,1000,2,2.94,1,0.06841989856958389
253,65,1000,2,2.98,1,0.06842075157165527
253,66,1000,2,2.98,1,0.0684216456413269
253,67,1000,2,2.92,1,0.06842235336452722
253,68,1000,2,2.96,1,0.06842289906740188
253,69,1000,2,2.95,1,0.0684237168431282
253,70,1000,2,2.94,1,0.06842478054761887
253,71,1000,2,2.93,1,0.06842547529935837
253,72,1000,2,2.94,1,0.06842643082141876
253,73,1000,2,2.97,1,0.06842692779004574
253,74,1000,2,2.97,1,0.0684279932975769
253,75,1000,2,2.94,1,0.06842861668020486
253,76,1000,2,2.93,1,0.06842999774217605
253,77,1000,2,2.92,1,0.06843135184049606
253,78,1000,2,2.96,1,0.06843224585056305
253,79,1000,2,2.94,1,0.06843298709392548
253,80,1000,2,2.95,1,0.06843362735956907
253,81,1000,2,2.94,1,0.06843454045057297
253,82,1000,2,2.93,1,0.06843554217368364
253,83,1000,2,3.0,1,0.06843678283691407
253,84,1000,2,3.01,1,0.06843751883506775
253,85,1000,2,2.96,1,0.06843807756900787
253,86,1000,2,3.01,1,0.06843942976742982
253,87,1000,2,3.0,1,0.06844011151790619
253,88,1000,2,2.99,1,0.06844124758243561
253,89,1000,2,2.98,1,0.06844232988357545
253,90,1000,2,2.99,1,0.06844316428899765
253,91,1000,2,3.01,1,0.06844427251815796
253,92,1000,2,2.98,1,0.06844528746604919
253,93,1000,2,2.99,1,0.06844614607095718
253,94,1000,2,3.0,1,0.06844790637493134
253,95,1000,2,3.0,1,0.0684486625790596
253,96,1000,2,2.98,1,0.06845001477748155
253,97,1000,2,2.99,1,0.06845138019323349
253,98,1000,2,2.96,1,0.06845245122909546
253,99,1000,2,2.97,1,0.06845371413230895
253,100,1000,2,2.97,1,0.06845490816235543
253,101,1000,2,2.98,1,0.06845558269321919
253,102,1000,2,2.98,1,0.06845663487911224
253,103,1000,2,2.94,1,0.06845744508504868
253,104,1000,2,2.95,1,0.06845881235599517
253,105,1000,2,2.96,1,0.06845978841930628
253,106,1000,2,2.97,1,0.06846068799495697
253,107,1000,2,3.01,1,0.06846149825304747
253,108,1000,2,3.01,1,0.06846269974112511
253,109,1000,2,2.96,1,0.06846417862176896
253,110,1000,2,2.98,1,0.06846540802717209
253,111,1000,2,2.95,1,0.06846644926071167
253,112,1000,2,2.97,1,0.06846773891896009
253,113,1000,2,2.97,1,0.06846910351514816
253,114,1000,2,2.96,1,0.0684700254201889
253,115,1000,2,3.01,1,0.06847127151489257
253,116,1000,2,2.97,1,0.06847239464521408
253,117,1000,2,2.98,1,0.06847381955385208
253,118,1000,2,3.01,1,0.06847467082738877
253,119,1000,2,2.99,1,0.06847598773241043
253,120,1000,2,2.95,1,0.0684769394993782
253,121,1000,2,3.01,1,0.06847806125879288
253,122,1000,2,2.97,1,0.06847929295152426
253,123,1000,2,2.96,1,0.06848031663894653
253,124,1000,2,2.97,1,0.06848134365677834
253,125,1000,2,2.98,1,0.06848258721828461
253,126,1000,2,2.98,1,0.06848376059532166
253,127,1000,2,2.96,1,0.06848508880287409
253,128,1000,2,2.97,1,0.06848635160923004
253,129,1000,2,2.96,1,0.06848744876682758
253,130,1000,2,3.01,1,0.06848845250159502
253,131,1000,2,2.97,1,0.06848974164575339
253,132,1000,2,2.95,1,0.06849067866802215
253,133,1000,2,3.02,1,0.06849174410104751
253,134,1000,2,2.96,1,0.06849282445758581
253,135,1000,2,2.95,1,0.06849368652701378
253,136,1000,2,2.95,1,0.06849497975409032
253,137,1000,2,2.92,1,0.06849610459804535
253,138,1000,2,3.01,1,0.06849734884500504
253,139,1000,2,3.01,1,0.06849881476908923
253,140,1000,2,3.03,1,0.06850002723187208
253,141,1000,2,2.99,1,0.06850090479850769
253,142,1000,2,2.96,1,0.06850225532054902
253,143,1000,2,2.98,1,0.06850310630351306
253,144,1000,2,2.99,1,0.06850457245111466
253,145,1000,2,2.96,1,0.06850617802143097
253,146,1000,2,2.94,1,0.06850715774297714
253,147,1000,2,2.93,1,0.06850823253393173
253,148,1000,2,2.96,1,0.06850942462682724
253,149,1000,2,3.0,1,0.06851070962846278
253,150,1000,2,3.01,1,0.06851222604513169
253,151,1000,2,2.98,1,0.06851326543092727
253,152,1000,2,2.99,1,0.06851428425312042
253,153,1000,2,2.96,1,0.06851558435708284
253,154,1000,2,2.94,1,0.06851655291765928
253,155,1000,2,2.98,1,0.06851776649802924
253,156,1000,2,2.94,1,0.06851909166574478
253,157,1000,2,3.0,1,0.0685204077810049
253,158,1000,2,2.96,1,0.06852161729335784
253,159,1000,2,2.95,1,0.06852283925563098
253,160,1000,2,3.02,1,0.06852376109361649
253,161,1000,2,2.92,1,0.06852498114109039
253,162,1000,2,2.92,1,0.06852620117366313
253,163,1000,2,3.0,1,0.06852747708559036
253,164,1000,2,3.01,1,0.06852841395884753
253,165,1000,2,2.95,1,0.06852967494726181
253,166,1000,2,2.95,1,0.0685308185517788
253,167,1000,2,2.98,1,0.06853196465224028
253,168,1000,2,2.96,1,0.06853331458568573
253,169,1000,2,2.98,1,0.06853465008735657
253,170,1000,2,2.99,1,0.06853516227006912
253,171,1000,2,3.01,1,0.06853659124672414
253,172,1000,2,3.01,1,0.06853793954849244
253,173,1000,2,2.97,1,0.06853925263881683
253,174,1000,2,3.0,1,0.06854107087850571
253,175,1000,2,2.97,1,0.06854297261685133
253,176,1000,2,3.02,1,0.06854458755254746
253,177,1000,2,2.97,1,0.06854635269194842
253,178,1000,2,3.0,1,0.06854830749332905
253,179,1000,2,2.98,1,0.068549514465034
253,180,1000,2,3.02,1,0.06855082970112562
253,181,1000,2,2.99,1,0.06855217789113521
253,182,1000,2,2.97,1,0.06855377608537674
253,183,1000,2,3.02,1,0.06855532950162888
253,184,1000,2,2.97,1,0.06855669111013413
253,185,1000,2,2.97,1,0.06855817945301533
253,186,1000,2,3.01,1,0.06855994154512882
253,187,1000,2,3.01,1,0.06856138506531716
253,188,1000,2,2.95,1,0.06856283093243837
253,189,1000,2,2.96,1,0.06856433515995741
253,190,1000,2,2.99,1,0.06856579383462667
253,191,1000,2,2.94,1,0.06856733419746161
253,192,1000,2,2.96,1,0.06856856543570757
253,193,1000,2,3.0,1,0.06857010406255722
253,194,1000,2,2.98,1,0.06857160597294569
253,195,1000,2,2.98,1,0.06857284782081842
253,196,1000,2,2.95,1,0.06857471424341202
253,197,1000,2,3.02,1,0.06857599371671677
253,198,1000,2,3.0,1,0.06857736735790967
253,199,1000,2,3.02,1,0.0685790307149291
254,1,1000,3,5.17,3,0.021221977600827814
254,2,1000,3,4.12,2,0.02122095555253327
254,3,1000,2,3.03,2,0.021220313725993038
254,4,1000,3,4.14,2,0.02121968056820333
254,5,1000,2,2.94,3,0.02121894667670131
254,6,1000,3,9.88,5,0.021218925129622222
254,7,1000,2,3.03,2,0.02121879928931594
254,8,1000,3,4.9,2,0.021218058167025447
254,9,1000,4,6.87,3,0.021217522444203496
254,10,1000,2,3.3,3,0.021217745050787926
254,11,1000,2,3.24,4,0.021217533828690648
254,12,1000,2,3.22,4,0.021217644456773998
254,13,652,3,10.0,7,0.021217245891393146
254,14,1000,3,4.11,3,0.021216616678982975
254,15,1000,2,4.0,8,0.02121705206297338
254,16,1000,3,3.83,2,0.02121671788021922
254,17,1000,4,6.6,2,0.02121656520292163
254,18,1000,5,9.79,3,0.021216312158852814
254,19,1000,5,4.58,2,0.021216487679630518
254,20,1000,4,3.74,2,0.0212166958283633
254,21,1000,1,2.73,3,0.0212165860272944
254,22,1000,1,2.62,2,0.021216151207685472
254,23,1000,3,5.95,2,0.02121585345454514
254,24,1000,4,9.93,3,0.021216414246708153
254,25,933,4,10.0,3,0.021215839129807738
254,26,134,4,10.09,7,0.021215841146324996
254,27,771,4,10.0,2,0.021215047740441507
254,28,1000,3,5.15,2,0.02121526350080967
254,29,624,5,10.0,12,0.021215373542732917
254,30,1000,3,8.39,1,0.021215979866683485
254,31,1000,2,2.86,1,0.021214936781674625
254,32,1000,3,4.74,4,0.021214288674294948
254,33,1000,3,7.75,4,0.021213799171149732
254,34,1000,3,4.9,3,0.02121334926970303
254,35,1000,1,2.81,3,0.021213567454367876
254,36,1000,2,4.51,3,0.02121358905918896
254,37,1000,1,3.71,13,0.021213769050315023
254,38,1000,1,3.57,11,0.021213916566222905
255,1,1000,3,5.24,3,-0.0391847061291337
255,2,1000,3,4.98,3,-0.03918535981327295
255,3,1000,4,6.16,2,-0.039185347937047484
255,4,1000,3,2.97,1,-0.03918569862097502
255,5,1000,3,3.4,3,-0.039185811460018156
255,6,1000,3,6.07,6,-0.03918557556718588
255,7,249,6,10.02,3,-0.03918544900225827
255,8,1000,5,7.64,3,-0.039185567129403354
255,9,1000,4,9.29,3,-0.0391854840144515
255,10,1000,4,5.92,4,-0.039185248967260125
255,11,196,6,10.08,3,-0.03918498752600685
255,12,123,4,10.05,3,-0.03918491612847259
255,13,604,5,10.0,3,-0.03918435275924719
255,14,1000,2,3.19,4,-0.03918465506285429
255,15,1000,2,3.22,4,-0.03918472818285227
255,16,1000,3,6.52,5,-0.039185345914214846
255,17,130,4,10.0,4,-0.03918555092353087
255,18,119,4,10.09,6,-0.039185573730398625
255,19,118,4,10.06,5,-0.039185437515883124
255,20,118,4,10.07,5,-0.039185360263464815
255,21,125,5,10.04,3,-0.03918452814221382
255,22,107,3,10.09,16,-0.0391848148934752
255,23,714,2,10.0,17,-0.039184864198251596
255,24,115,3,10.05,20,-0.03918462117081103
255,25,1000,2,3.88,3,-0.03918488042429089
255,26,1000,2,6.27,5,-0.039184091731905936
255,27,1000,1,3.28,8,-0.03918431539088488
256,1,1000,3,5.17,3,-0.13017988769710065
256,2,1000,3,3.92,3,-0.1301798239648342
256,3,1000,3,5.0,3,-0.13017978426814078
256,4,1000,2,3.18,2,-0.1301790410131216
256,5,1000,3,3.13,3,-0.13017873194813728
256,6,1000,2,3.66,2,-0.13017891807854176
256,7,1000,3,3.8,2,-0.13017869567871093
256,8,1000,2,3.26,2,-0.1301785023510456
256,9,1000,1,2.63,2,-0.1301784371137619
256,10,1000,3,6.25,4,-0.13017791248857974
256,11,1000,2,4.32,4,-0.13017742882668973
256,12,141,5,10.08,4,-0.13017728015886132
256,13,121,4,10.01,3,-0.13017725882943998
256,14,1000,4,8.31,3,-0.13017827928066253
256,15,1000,5,6.2,3,-0.1301783943772316
256,16,131,5,10.07,5,-0.13017818627466682
256,17,1000,2,3.9,4,-0.13017873126268387
256,18,156,5,10.02,3,-0.13017997967127043
256,19,107,3,10.05,3,-0.13018020569721114
256,20,1000,3,7.07,4,-0.13017999374866485
256,21,1000,3,4.07,2,-0.13017991825938224
256,22,129,4,10.03,4,-0.1301803119884905
256,23,1000,3,9.52,4,-0.13018129622936248
256,24,134,5,10.07,3,-0.13018118945965126
256,25,165,5,10.09,3,-0.13018097245331967
256,26,1000,4,7.05,3,-0.13018094131350516
256,27,1000,4,5.85,6,-0.13018077404797077
256,28,1000,4,7.02,2,-0.1301813972145319
256,29,1000,2,4.75,6,-0.13018150459229946
256,30,118,4,10.04,3,-0.13018165339352722
256,31,119,4,10.02,3,-0.13018221777527272
256,32,126,5,10.09,4,-0.1301821018495257
256,33,350,5,10.0,3,-0.13018306987626213
256,34,119,4,10.07,3,-0.1301827876507735
256,35,1000,3,5.81,4,-0.13018287537992002
256,36,1000,2,3.96,2,-0.13018258278071881
256,37,128,4,10.05,3,-0.1301833160687238
256,38,1000,5,7.84,1,-0.13018388991057872
256,39,107,3,10.02,2,-0.1301847380176883
256,40,112,3,10.03,5,-0.13018489509288753
256,41,122,4,10.05,5,-0.13018555951411606
256,42,113,4,10.01,5,-0.13018589934944053
256,43,924,2,10.0,6,-0.13018661163328013
256,44,91,3,10.03,3,-0.13018714153504635
256,45,1000,2,7.26,7,-0.1301874912083149
257,1,1000,3,5.16,3,0.009741897305473686
257,2,1000,3,5.07,3,0.009740770295262336
257,3,1000,3,5.44,3,0.00973962951824069
257,4,1000,3,5.79,3,0.009739265564829111
257,5,1000,3,6.89,3,0.009738608615472913
257,6,1000,3,5.65,2,0.00973795634880662
257,7,1000,2,3.98,4,0.009737257309257985
257,8,1000,4,4.86,3,0.009736512118950486
257,9,1000,4,5.48,3,0.009736206501722336
257,10,1000,3,5.52,8,0.009735613584518433
257,11,1000,2,6.53,11,0.009735163167119027
257,12,1000,3,6.74,5,0.009734500197693705
257,13,1000,3,7.51,6,0.009734025713056326
257,14,109,4,10.02,3,0.009733218853490069
257,15,124,4,10.05,3,0.0097326772107232
257,16,141,5,10.07,2,0.009732611556636525
257,17,123,4,10.1,5,0.009732223865462512
257,18,121,4,10.04,4,0.009732309128504153
257,19,134,5,10.06,4,0.009731824037188025
257,20,132,5,10.01,4,0.009731520997416792
257,21,128,4,10.08,6,0.009731261248816736
257,22,125,5,10.07,3,0.00973105776309967
257,23,122,5,10.01,1,0.009730400868737306
257,24,121,5,10.03,3,0.009730318314896142
257,25,122,5,10.07,3,0.009730180145287122
257,26,116,5,10.01,3,0.009730498659713515
257,27,122,5,10.0,2,0.00973094718866661
257,28,199,6,10.07,1,0.009730842685205254
257,29,118,6,10.0,1,0.009730389736340208
257,30,120,6,10.05,1,0.009730193857103586
257,31,121,6,10.1,1,0.00972994660173566
257,32,121,6,10.09,1,0.009729854700979123
257,33,121,6,10.1,1,0.009729272909154577
257,34,121,6,10.04,1,0.009728002485103351
257,35,120,6,10.05,1,0.009727368084713816
257,36,121,6,10.03,1,0.009726086269663878
257,37,121,6,10.02,1,0.009724479515013124
257,38,130,6,10.08,1,0.009723150529540502
257,39,130,6,10.08,1,0.009721301753933613
257,40,114,6,10.07,1,0.009720978163705584
257,41,87,5,10.0,1,0.009720223570435211
257,42,101,5,10.01,1,0.00972311186724075
257,43,124,6,10.03,1,0.009720582079382674
257,44,126,6,10.01,1,0.009720005523709078
257,45,113,6,10.08,1,0.009718692564792865
257,46,128,6,10.01,1,0.009723055962240323
257,47,111,5,10.07,1,0.009718479798385152
257,48,102,3,10.02,3,0.009718130397446016
257,49,107,3,10.08,3,0.009717692020479764
257,50,122,5,10.07,2,0.009718195268059851
257,51,116,3,10.1,23,0.009720437003877657
257,52,127,4,10.09,3,0.009719648941119355
257,53,175,4,10.02,11,0.009720823088926928
257,54,209,4,10.01,11,0.009719625868473612
257,55,172,4,10.05,11,0.009718251452499698
257,56,119,5,10.06,11,0.009717784516763788
257,57,121,5,10.04,11,0.009718775779994067
257,58,123,5,10.07,10,0.009719066238560812
257,59,121,5,10.07,10,0.009717114608396183
257,60,124,5,10.08,10,0.009716394312319255
257,61,144,4,10.01,10,0.009715710779548518
257,62,199,4,10.08,10,0.00971501955210264
257,63,122,4,10.08,9,0.009714915798824341
257,64,115,4,10.06,15,0.009714678820708523
257,65,114,3,10.02,15,0.00971676458261515
257,66,112,4,10.01,3,0.009715354386051851
258,1,1000,3,5.15,3,-0.07853878067433834
258,2,1000,3,6.13,3,-0.07853882253915072
258,3,1000,3,6.14,3,-0.07853952386975288
258,4,1000,3,3.9,3,-0.07854036591947079
258,5,1000,3,4.95,2,-0.07854070999473334
258,6,143,3,10.06,8,-0.07854147104324995
258,7,549,4,10.0,3,-0.0785416570680389
258,8,1000,3,5.35,3,-0.07854219187796116
258,9,1000,3,5.9,3,-0.07854253443330526
258,10,1000,2,3.08,2,-0.0785430078804493
258,11,1000,2,3.63,3,-0.0785434612557292
258,12,1000,2,3.61,4,-0.07854512105882168
258,13,1000,2,3.04,3,-0.07854604567587375
258,14,1000,2,3.46,5,-0.07854598264396191
258,15,1000,2,3.83,4,-0.07854647193849086
258,16,1000,2,3.5,2,-0.07854649445414544
258,17,1000,1,2.81,4,-0.07854692740738392
258,18,1000,2,4.62,4,-0.0785473499968648
258,19,1000,2,4.34,4,-0.07854571998864412
258,20,1000,1,2.8,4,-0.0785470203384757
258,21,1000,2,3.23,2,-0.07854788407683372
258,22,1000,2,2.66,1,-0.07854949682950974
258,23,1000,3,4.03,2,-0.07854944365471601
258,24,1000,1,2.7,3,-0.07855042861402035
258,25,1000,1,2.79,4,-0.07855069389939308
259,1,1000,3,5.18,3,-0.06557386837899686
259,2,1000,3,5.62,3,-0.06557382059842348
259,3,1000,3,7.04,3,-0.06557400354743004
259,4,999,3,10.0,3,-0.06557436316489457
259,5,976,3,10.0,3,-0.06557498598227003
259,6,138,3,10.08,3,-0.06557560344969017
259,7,881,4,10.0,2,-0.0655759741445405
259,8,117,4,10.02,2,-0.06557656690860406
259,9,137,4,10.02,2,-0.06557710686304273
259,10,929,5,10.0,1,-0.06557734156642972
259,11,1000,2,4.4,5,-0.06557753266394138
259,12,1000,2,3.36,3,-0.06557804428040981
259,13,1000,2,3.37,3,-0.06557866490632296
259,14,1000,3,8.31,6,-0.06557933131605387
259,15,1000,3,8.79,5,-0.0655807139351964
259,16,1000,3,9.86,6,-0.06558183667808772
259,17,106,4,10.05,3,-0.06558229338448003
259,18,128,5,10.06,3,-0.06558201933512464
259,19,140,5,10.02,8,-0.06558253216956343
259,20,119,4,10.02,7,-0.0655840126281025
259,21,115,4,10.05,8,-0.06558185504830402
259,22,119,4,10.04,4,-0.06558230300160016
259,23,199,5,10.06,3,-0.06558241126076061
259,24,1000,3,8.08,3,-0.06558244346827269
259,25,1000,3,8.1,3,-0.0655826748162508
259,26,108,3,10.06,6,-0.06558356813534542
259,27,152,4,10.04,3,-0.06558283501745839
259,28,119,4,10.09,3,-0.06558278422145282
259,29,113,4,10.06,5,-0.06558349023086835
259,30,106,3,10.09,6,-0.06558370941652442
259,31,132,4,10.06,10,-0.06558325581929901
259,32,1000,5,8.95,3,-0.06558359513431787
259,33,183,5,10.01,3,-0.06558425134159829
259,34,1000,5,8.98,3,-0.06558476134389639
259,35,139,5,10.04,3,-0.06558514675862498
259,36,1000,4,4.28,1,-0.06558609293401241
259,37,1000,4,4.29,1,-0.06558671497553586
259,38,1000,3,3.32,1,-0.0655873100757599
259,39,1000,3,3.3,1,-0.0655877045840025
259,40,1000,4,6.23,4,-0.06558853115141391
259,41,1000,3,3.71,1,-0.06558962935209274
259,42,1000,3,3.69,1,-0.06559058261662722
259,43,1000,2,3.59,3,-0.06558999183028937
259,44,120,4,10.02,3,-0.06559244891007741
259,45,148,5,10.09,1,-0.06559455998846002
259,46,113,4,10.04,1,-0.06559544294017607
259,47,107,4,10.02,3,-0.065593559817176
259,48,112,4,10.03,1,-0.06559421534516982
259,49,105,4,10.05,3,-0.06559520541202454
259,50,103,2,10.03,23,-0.06559632508789451
259,51,116,3,10.04,9,-0.06559669534707892
259,52,112,3,10.01,9,-0.06559600607891168
259,53,120,4,10.05,1,-0.06559521245459715
259,54,109,4,10.06,1,-0.06559613039460752
259,55,1000,4,8.69,3,-0.06559510750323534
259,56,96,4,10.06,2,-0.0655956413441648
259,57,174,5,10.09,7,-0.06559601323357944
259,58,1000,3,6.54,4,-0.0655964986756444
259,59,1000,2,3.68,2,-0.06559477636218071
259,60,99,3,10.04,3,-0.0655922968730782
259,61,1000,2,6.98,9,-0.06559241826832295
259,62,114,3,10.08,8,-0.0655919911437913
259,63,116,3,10.07,8,-0.06559121518813331
259,64,175,3,10.04,8,-0.06559036135673522
259,65,156,3,10.01,8,-0.06559153880255345
259,66,167,3,10.06,8,-0.06559216485408965
259,67,157,3,10.03,8,-0.06559309282690097
259,68,133,3,10.08,8,-0.06559336174251441
259,69,124,3,10.05,8,-0.06559365152591659
259,70,128,3,10.06,8,-0.0655937067931518
259,71,121,3,10.01,8,-0.0655940875780484
259,72,125,3,10.09,8,-0.06559431749582291
259,73,129,3,10.0,8,-0.06559491284595903
259,74,139,3,10.01,8,-0.06559552295173672
259,75,143,3,10.07,8,-0.06559569826284489
259,76,130,3,10.08,7,-0.06559525286922088
259,77,125,3,10.03,7,-0.06559540718793869
259,78,127,3,10.09,7,-0.0655967790310777
259,79,1000,1,2.56,1,-0.06560225039720535
259,80,1000,0,2.4,0,-0.06560250371694565
260,1,1000,3,5.25,3,-0.08638024877011775
260,2,1000,3,5.78,3,-0.08638087809830904
260,3,1000,3,5.55,2,-0.08638143569976091
260,4,1000,3,6.4,2,-0.08638239195942879
260,5,1000,3,4.9,2,-0.0863833978548646
260,6,1000,3,4.4,2,-0.08638453494012356
260,7,1000,3,5.23,3,-0.08638519240170717
260,8,96,3,10.02,5,-0.08638545443924765
260,9,1000,4,7.83,3,-0.08638539005070925
260,10,195,5,10.08,3,-0.08638636527153162
260,11,161,5,10.08,3,-0.0863865215956054
260,12,1000,5,8.48,3,-0.08638732877373695
260,13,1000,2,3.27,2,-0.08638744250684977
260,14,1000,3,7.03,4,-0.08638786649703979
260,15,1000,2,7.24,6,-0.08638830034434795
260,16,110,3,10.01,8,-0.08638886816122315
260,17,1000,5,7.49,2,-0.0863880300745368
260,18,111,3,10.04,4,-0.08638953256445962
260,19,1000,2,3.66,3,-0.0863898701891303
260,20,1000,2,3.67,3,-0.08639050750434399
260,21,116,4,10.0,3,-0.08639188014484685
260,22,117,4,10.1,12,-0.08639250052535635
260,23,140,6,10.08,3,-0.08639278896152973
260,24,1000,3,5.01,2,-0.08639394372701645
260,25,105,4,10.02,1,-0.08639466585147948
260,26,124,5,10.06,5,-0.08639426222972331
260,27,1000,2,5.12,7,-0.08639419358223677
260,28,1000,2,4.05,4,-0.08639496532827616
260,29,1000,2,3.98,4,-0.08639604488760233
260,30,1000,3,7.36,3,-0.08639581540226936
260,31,1000,3,6.81,5,-0.08639707936346532
260,32,1000,4,5.73,3,-0.08639752741903067
260,33,717,5,10.0,1,-0.08639815040296424
260,34,1000,3,5.58,3,-0.08639881578087806
260,35,150,4,10.02,3,-0.08639943291743596
260,36,969,4,10.0,1,-0.08640079942250277
260,37,1000,2,7.72,11,-0.08640162992477417
260,38,1000,2,3.99,4,-0.08640145949274301
260,39,1000,3,5.0,2,-0.08640154902637005
260,40,1000,2,3.4,3,-0.08640234511345625
260,41,1000,2,3.02,5,-0.08640270650386811
260,42,1000,2,3.99,4,-0.08640333177149295
260,43,1000,3,3.2,2,-0.08640415050089359
260,44,1000,3,3.69,4,-0.08640534669905901
260,45,1000,3,3.83,4,-0.08640645843744278
260,46,1000,1,2.57,1,-0.08640748262405396
261,1,1000,3,5.16,3,0.06019061867520213
261,2,1000,3,4.89,3,0.06019048573449254
261,3,1000,3,5.83,3,0.06019010175764561
261,4,1000,3,4.38,2,0.060189300518482924
261,5,1000,3,4.38,1,0.0601892845146358
261,6,1000,3,4.67,1,0.060188405063003304
261,7,1000,3,5.17,2,0.060188491489738226
261,8,1000,2,4.92,5,0.06018811409175396
261,9,1000,3,8.96,4,0.06018828644230962
261,10,1000,3,9.08,4,0.06018815376237035
261,11,320,3,10.0,5,0.060188169893808666
261,12,1000,3,8.43,3,0.06018948286399245
261,13,542,3,10.0,7,0.06018918661943661
261,14,151,3,10.0,6,0.06019061956776688
261,15,1000,2,3.02,2,0.06019078285619617
261,16,1000,2,3.07,3,0.0601908040381968
261,17,1000,2,5.19,7,0.060191217239946124
261,18,1000,3,4.22,3,0.06019089969620109
261,19,1000,3,4.11,2,0.060191747281700375
261,20,1000,3,3.88,2,0.06019275737181306
261,21,1000,3,3.52,2,0.06019267354160547
261,22,1000,3,3.16,2,0.06019339965283871
261,23,1000,1,2.51,1,0.06019306555390358
262,1,1000,3,5.2,3,-0.14355845695734024
262,2,1000,3,4.37,3,-0.14355984419584275
262,3,1000,3,4.54,3,-0.1435610558539629
262,4,1000,2,3.33,3,-0.14356190985441208
262,5,1000,2,4.27,6,-0.1435619033575058
262,6,1000,3,7.16,3,-0.14356230230629444
262,7,1000,3,5.12,3,-0.14356259627640247
262,8,1000,3,3.84,2,-0.14356394699215888
262,9,1000,3,4.83,4,-0.14356403122842312
262,10,1000,3,4.2,3,-0.1435634330958128
262,11,1000,3,4.02,2,-0.14356429377198218
262,12,1000,2,3.74,5,-0.14356537622213364
262,13,1000,1,2.93,5,-0.14356539691984654
262,14,1000,4,5.05,3,-0.14356369668245317
262,15,1000,3,4.07,3,-0.1435618931800127
262,16,1000,3,6.2,4,-0.14356201645731925
262,17,1000,3,4.32,2,-0.14356410889327526
262,18,1000,2,3.16,3,-0.14356434658169748
262,19,1000,1,2.67,2,-0.14356365162134171
263,1,1000,3,5.17,3,-0.08689721233397722
263,2,1000,3,5.54,3,-0.08689722248911858
263,3,1000,4,6.97,3,-0.08689708966761828
263,4,1000,3,6.17,3,-0.08689724903553725
263,5,1000,3,3.65,1,-0.08689818992465735
263,6,952,3,10.0,6,-0.08689870453682266
263,7,1000,3,9.19,5,-0.08689912608265876
263,8,1000,3,7.89,3,-0.08689963947981597
263,9,1000,2,4.02,5,-0.08689959525316954
263,10,1000,2,3.27,3,-0.08689994897693396
263,11,1000,2,3.32,3,-0.08689997066557408
263,12,1000,4,5.58,3,-0.08690028278529643
263,13,1000,3,8.44,3,-0.0868978905081749
263,14,699,3,10.0,3,-0.08689891368960788
263,15,1000,4,6.13,2,-0.08689885054528713
263,16,1000,3,6.5,2,-0.08689924024790525
263,17,141,3,10.02,6,-0.08689975516593203
263,18,1000,1,2.74,3,-0.08690006536245345
263,19,1000,4,5.43,3,-0.08689846567064524
263,20,121,5,10.1,2,-0.08689759917988264
263,21,92,3,10.04,3,-0.08689635773391827
263,22,1000,4,8.89,3,-0.08689640644192696
263,23,1000,1,2.73,3,-0.08689795937389136
263,24,1000,4,7.32,3,-0.08689876563847065
263,25,1000,3,4.45,3,-0.08689965528994799
263,26,1000,5,7.53,4,-0.0869008984863758
263,27,107,3,10.02,11,-0.0869018008636537
263,28,1000,2,3.01,2,-0.08690096417069434
263,29,1000,1,2.72,3,-0.08690180823206901
263,30,1000,1,2.85,4,-0.08690222719311715
263,31,1000,5,8.48,5,-0.08690212792158127
263,32,1000,3,6.35,3,-0.0869017436876893
263,33,1000,3,9.96,3,-0.08690234819799661
263,34,994,3,10.0,3,-0.08690227784021519
263,35,1000,3,4.55,2,-0.0869030620828271
263,36,1000,3,7.1,3,-0.08690448126196862
263,37,1000,3,6.14,3,-0.08690494100004434
263,38,1000,4,7.25,3,-0.08690538706630468
263,39,1000,3,9.66,3,-0.08690792478621007
263,40,1000,3,7.88,6,-0.08690853904932737
263,41,1000,3,3.95,3,-0.08691126318275928
263,42,1000,2,4.39,5,-0.08691195181757212
263,43,1000,2,3.2,2,-0.08691224621236324
263,44,1000,2,3.9,5,-0.08691245801001787
263,45,1000,4,5.08,3,-0.08691259587556124
263,46,1000,3,4.9,2,-0.08691287043690682
263,47,1000,3,3.55,4,-0.08691492974758148
263,48,1000,3,3.26,3,-0.08691814728826285
263,49,1000,4,6.87,4,-0.0869197401702404
263,50,1000,2,3.49,2,-0.08692113921791315
264,1,1000,3,5.15,3,-0.07929828575998545
264,2,1000,3,6.09,3,-0.07929871845990419
264,3,1000,3,6.15,3,-0.07929854859411717
264,4,1000,3,3.72,1,-0.07929813437908888
264,5,1000,2,5.35,8,-0.07929805673658848
264,6,1000,2,3.58,3,-0.07929787482321263
264,7,1000,2,4.36,5,-0.07929765252768993
264,8,1000,2,4.35,5,-0.07929684502631426
264,9,1000,2,3.59,3,-0.07929615159332752
264,10,1000,3,4.45,1,-0.07929571127891541
264,11,1000,4,4.53,4,-0.07929553738236428
264,12,1000,2,8.93,17,-0.07929568535089493
264,13,1000,2,3.66,3,-0.07929506714642048
264,14,106,3,10.07,4,-0.07929450568725478
264,15,102,3,10.08,6,-0.07929247719984428
264,16,1000,2,4.53,5,-0.07929165513813495
264,17,107,3,10.05,7,-0.0792911972537219
264,18,272,5,10.03,5,-0.07929081623168553
264,19,1000,3,4.59,5,-0.07929006301611662
264,20,117,5,10.02,3,-0.07929058423918536
264,21,137,5,10.0,2,-0.07928915533923754
264,22,117,4,10.08,3,-0.07928645992890382
264,23,1000,3,4.98,2,-0.0792853615731001
264,24,1000,5,8.45,5,-0.07928500704467296
264,25,1000,3,6.75,4,-0.07928646016865969
264,26,105,4,10.01,7,-0.07928571097907566
264,27,101,4,10.09,5,-0.07928386404372678
264,28,141,3,10.05,7,-0.07928370737226297
264,29,117,4,10.06,8,-0.07928496529149194
264,30,203,5,10.03,3,-0.07928412833384105
264,31,120,4,10.05,6,-0.07928459799538055
264,32,111,4,10.07,6,-0.07928266221875543
264,33,116,4,10.02,2,-0.0792811285575916
264,34,148,4,10.04,4,-0.07928145279151362
264,35,1000,4,6.62,2,-0.07927913078665734
264,36,985,5,10.0,2,-0.07927847548487223
264,37,150,4,10.06,7,-0.07927841370304425
264,38,113,4,10.06,5,-0.07927763165362113
264,39,1000,3,9.21,4,-0.07927676418423653
264,40,553,3,10.0,9,-0.0792767633742924
264,41,1000,4,9.5,3,-0.07927558696269989
264,42,953,4,10.0,2,-0.07927549514696705
264,43,119,5,10.05,4,-0.07927459177850675
264,44,1000,5,9.47,1,-0.07927350831776857
264,45,139,4,10.09,4,-0.0792717877373421
264,46,167,5,10.05,2,-0.07927151983548067
264,47,1000,4,8.05,3,-0.07927047526836395
264,48,126,4,10.04,2,-0.07926954269882232
264,49,111,4,10.04,7,-0.07926835066026396
264,50,102,3,10.05,6,-0.07926814440710872
264,51,152,3,10.04,7,-0.07926883626925318
265,1,1000,3,5.3,3,0.059214687436819076
265,2,1000,3,4.89,2,0.059214644383639096
265,3,1000,3,4.24,2,0.05921438410878181
265,4,1000,3,6.07,4,0.059214133482426407
265,5,1000,3,5.33,3,0.05921455443650484
265,6,1000,2,3.3,2,0.05921447906643152
265,7,1000,4,4.19,2,0.059214298516511915
265,8,1000,3,4.55,3,0.059214001536369326
265,9,1000,1,2.65,2,0.0592137895822525
265,10,1000,1,2.79,4,0.05921353780478239
265,11,1000,1,2.6,2,0.05921330760419369
265,12,1000,1,3.03,6,0.05921289575845003
265,13,1000,2,3.65,4,0.05921276525035501
265,14,1000,4,4.89,1,0.05921338213980198
265,15,1000,1,2.95,5,0.059212530490010976
265,16,1000,3,4.74,7,0.05921303249895573
265,17,98,4,10.03,3,0.059212968399634164
265,18,122,3,10.03,7,0.05921286918589326
265,19,719,5,10.0,2,0.05921220325026791
265,20,1000,3,4.41,5,0.059212644927203656
265,21,418,5,10.0,3,0.05921201923924485
265,22,1000,4,5.85,2,0.05921196488291025
265,23,1000,3,8.71,4,0.059212078284472225
265,24,1000,2,3.9,2,0.05921170262247324
265,25,1000,3,8.96,5,0.059212476812303065
265,26,274,4,10.01,4,0.059212568916217255
265,27,135,5,10.06,1,0.05921210679743025
265,28,170,4,10.05,3,0.0592114160385202
265,29,107,3,10.01,12,0.05921147648836965
265,30,109,4,10.1,3,0.05921231387952052
265,31,1000,4,7.06,4,0.05921113397553563
265,32,1000,3,4.58,3,0.05921142422780395
265,33,1000,2,3.39,5,0.05921017236635089
265,34,1000,1,2.96,5,0.05920933632552624
265,35,1000,1,2.88,4,0.05920796834677458
265,36,1000,1,2.78,3,0.05920762222260237
265,37,1000,1,3.69,12,0.05920670283213258
265,38,1000,1,2.93,5,0.059206941179931166
266,1,1000,3,5.19,3,-0.059275768078863623
266,2,1000,3,3.7,2,-0.059276302754878996
266,3,1000,3,5.27,3,-0.05927694580703974
266,4,1000,3,5.79,3,-0.05927722224965692
266,5,1000,3,4.99,2,-0.05927761116623879
266,6,1000,4,5.98,3,-0.05927791382744908
266,7,209,5,10.1,2,-0.05927881017398606
266,8,1000,4,5.13,2,-0.0592793053239584
266,9,1000,2,3.01,2,-0.05927998486161232
266,10,1000,1,3.21,8,-0.05927944239228964
266,11,1000,2,3.32,2,-0.059279574643820526
266,12,97,3,10.05,5,-0.059281028883973345
266,13,858,6,10.0,2,-0.05928203521300724
266,14,99,5,10.04,2,-0.05928164321665812
266,15,108,4,10.08,4,-0.05928236822149268
266,16,100,4,10.02,3,-0.059282893650233745
266,17,105,5,10.0,1,-0.05928375093000276
266,18,113,5,10.09,2,-0.05928411486402022
266,19,155,4,10.05,2,-0.05928396476853278
266,20,99,3,10.09,3,-0.05928426698753328
266,21,103,4,10.07,3,-0.059284666426552154
266,22,103,4,10.1,3,-0.0592854137270196
266,23,112,5,10.03,6,-0.05928587554288762
266,24,145,6,10.02,4,-0.05928672798748674
266,25,1000,2,5.8,4,-0.0592870646417141
266,26,95,3,10.0,4,-0.059288460800522254
266,27,103,4,10.07,4,-0.05928939562833425
266,28,95,3,10.04,6,-0.05928860977292061
266,29,102,3,10.07,19,-0.05928973754977479
266,30,1000,1,3.83,13,-0.059291032463312146
267,1,1000,3,5.14,3,0.10761744294315577
267,2,1000,3,3.1,1,0.10761628440022468
267,3,1000,3,3.85,3,0.10761511315405368
267,4,1000,2,2.78,2,0.10761463479697704
267,5,1000,3,3.85,3,0.10761404954642058
267,6,1000,2,3.4,5,0.10761377707123757
267,7,1000,2,3.42,5,0.10761353662610054
267,8,1000,3,4.97,12,0.10761319696158171
267,9,1000,3,3.4,1,0.10761251740902662
267,10,1000,2,4.65,2,0.10761289774626494
267,11,1000,3,6.87,2,0.10761258842796087
267,12,335,4,10.07,3,0.10761237099989136
267,13,119,5,10.02,4,0.10761189247880663
267,14,108,5,10.03,6,0.10761173317829768
267,15,1000,1,2.8,4,0.1076116184592247
267,16,1000,2,5.36,6,0.1076110786423087
267,17,1000,2,4.37,5,0.1076114379838109
267,18,1000,3,7.66,2,0.10761110150814056
267,19,1000,2,3.99,4,0.10761053159087897
267,20,1000,4,9.35,3,0.10761068450659514
267,21,1000,4,9.84,3,0.10761027136445045
267,22,1000,3,8.06,3,0.10760968604683877
267,23,110,4,10.08,2,0.10760915089737286
267,24,136,4,10.1,3,0.10760891766232603
267,25,1000,4,9.39,9,0.10760804759711028
267,26,1000,3,7.77,4,0.10760826938599348
267,27,172,6,10.06,4,0.10760788290306579
267,28,96,3,10.02,4,0.10760640228788058
267,29,1000,3,6.44,3,0.10760575396567583
267,30,110,4,10.07,4,0.10760522904721173
267,31,116,4,10.01,2,0.10760481141764543
267,32,119,4,10.01,3,0.10760381329460304
267,33,115,3,10.04,13,0.10760416135839794
267,34,101,4,10.09,3,0.10760367315004368
267,35,157,5,10.08,3,0.10760370779568983
267,36,105,4,10.02,3,0.1076032389487539
267,37,122,5,10.04,3,0.10760218375286118
267,38,126,5,10.0,11,0.1076012480235289
267,39,117,5,10.08,2,0.10760139476539743
267,40,91,4,10.01,2,0.10760115455467623
267,41,117,6,10.08,3,0.10760055641587983
267,42,1000,3,7.98,2,0.10760001496970653
267,43,1000,2,4.44,2,0.10760018359124661
267,44,1000,2,8.78,11,0.10759984828531742
267,45,1000,2,6.5,3,0.10759955763816834
267,46,1000,1,4.35,19,0.1075989997535944
268,1,1000,3,5.3,3,-0.030015462014824152
268,2,1000,3,5.05,3,-0.030016608357429503
268,3,1000,2,2.87,1,-0.030017514660954474
268,4,1000,3,3.77,1,-0.030017932223156095
268,5,1000,3,4.61,5,-0.030017913956195116
268,6,1000,2,4.85,5,-0.030017882255837323
268,7,1000,3,8.05,5,-0.03001923028565943
268,8,1000,3,4.83,2,-0.030020211970433593
268,9,730,3,10.0,7,-0.030019893805968433
268,10,1000,3,5.38,1,-0.030019349437206983
268,11,1000,3,3.45,1,-0.030019385166466236
268,12,1000,4,3.72,2,-0.030019288543611765
268,13,694,3,10.0,4,-0.03001821437791548
268,14,1000,2,4.15,4,-0.030018511313945055
269,1,1000,3,5.22,3,0.07120351788401603
269,2,1000,3,3.71,3,0.07120456872135401
269,3,1000,3,4.15,2,0.07120522487163544
269,4,1000,3,3.6,3,0.071205916762352
269,5,1000,2,3.63,3,0.07120711246877909
269,6,1000,1,2.75,3,0.07120718315243721
269,7,1000,2,3.64,2,0.07120778205990791
269,8,118,4,10.09,3,0.0712084445028992
269,9,1000,4,4.39,2,0.07120986610651016
269,10,1000,4,6.81,1,0.07121015225350857
269,11,1000,3,4.36,1,0.07120926602929831
269,12,1000,3,6.29,3,0.07120877054333687
269,13,1000,3,4.62,2,0.07120861940085887
269,14,1000,2,3.92,5,0.07120870272815227
269,15,124,4,10.08,3,0.0712099832392508
269,16,1000,4,4.03,1,0.07121008288115263
269,17,1000,5,7.87,5,0.07120904780179262
269,18,1000,2,4.79,4,0.0712084114998579
269,19,1000,2,2.86,2,0.07120858776569366
269,20,516,3,10.0,5,0.07120812555789485
269,21,1000,3,7.86,4,0.07120768904685974
269,22,1000,2,4.87,4,0.07120740725845098
269,23,1000,4,6.02,3,0.07120672880113124
269,24,1000,4,2.96,1,0.07120651341974735
269,25,1000,5,3.38,1,0.0712066852748394
269,26,1000,5,5.09,1,0.07120443072170018
269,27,1000,5,5.57,1,0.07120346931368113
269,28,1000,3,4.29,3,0.07120492963492871
269,29,1000,3,3.86,3,0.07120311544835567
269,30,1000,2,3.35,4,0.0712043304592371
269,31,1000,2,3.05,1,0.07120446695387364
269,32,1000,3,3.05,1,0.07120530236512422
269,33,1000,3,3.24,1,0.07120571545511484
269,34,1000,2,2.8,1,0.07120559956133365
269,35,1000,2,3.0,1,0.07120565159618855
269,36,1000,2,2.83,1,0.07120446695387364
269,37,1000,1,2.8,3,0.07120299983024597
270,1,1000,3,5.24,3,-0.056966875147074464
270,2,1000,3,4.94,3,-0.05696674845740199
270,3,1000,3,6.25,3,-0.05696639970317483
270,4,1000,3,6.17,3,-0.05696612221747637
270,5,1000,3,6.18,3,-0.056966011300683024
270,6,1000,3,6.16,3,-0.05696633279323578
270,7,1000,3,4.96,2,-0.05696675541251898
270,8,1000,2,3.64,3,-0.056967146247625354
270,9,1000,3,4.97,2,-0.05696737327054143
270,10,1000,3,6.2,3,-0.056967461545020345
270,11,1000,3,5.01,2,-0.05696761600673199
270,12,1000,5,9.27,3,-0.056967378430068494
270,13,212,5,10.05,3,-0.05696743287427245
270,14,1000,5,9.38,2,-0.0569680483341217
270,15,1000,5,9.39,2,-0.056968541290611026
270,16,177,6,10.08,3,-0.056969424783341625
270,17,1000,4,5.09,2,-0.056969617087394
270,18,1000,2,3.63,3,-0.056970235761255025
270,19,1000,2,3.62,3,-0.056970919612795115
270,20,1000,2,3.59,3,-0.0569718401171267
270,21,1000,3,6.82,5,-0.05697260849922896
270,22,1000,3,8.58,7,-0.05697320231050253
270,23,1000,3,5.79,2,-0.05697366674616933
270,24,1000,3,4.45,4,-0.05697339715063572
270,25,1000,3,3.95,3,-0.05697410777956247
270,26,1000,3,2.94,1,-0.05697461139783263
270,27,1000,3,3.46,2,-0.05697560296952724
270,28,1000,2,2.83,1,-0.056975386790931226
270,29,1000,2,2.87,1,-0.056976357508450745
270,30,1000,1,2.74,3,-0.05697728997841477
270,31,1000,1,2.73,3,-0.05697627139091492
270,32,110,3,10.02,12,-0.05697485506534576
270,33,115,3,10.02,12,-0.056974400320778724
270,34,102,2,10.04,10,-0.056972910631813256
270,35,118,4,10.0,9,-0.0569728408640219
270,36,1000,4,8.16,3,-0.05697314909473061
270,37,718,5,10.0,1,-0.05697296081956549
270,38,122,4,10.02,4,-0.05697259548135468
270,39,764,4,10.0,3,-0.0569733245668845
270,40,123,4,10.09,3,-0.05697465460838341
270,41,105,4,10.05,3,-0.05697513336227054
270,42,116,5,10.09,3,-0.05697502799589058
270,43,111,4,10.07,4,-0.05697604574195973
270,44,1000,4,7.48,2,-0.05697578839212656
270,45,109,4,10.06,1,-0.05697715477248944
270,46,107,4,10.02,1,-0.05697749520295134
270,47,346,4,10.0,1,-0.05697802628654276
270,48,1000,3,6.31,1,-0.05697816219180822
270,49,1000,2,6.34,10,-0.056978197611868384
270,50,1000,2,6.34,10,-0.05697920183464885
270,51,1000,2,3.67,3,-0.05697926545888186
270,52,1000,3,3.33,1,-0.05697908467426896
270,53,1000,2,4.41,5,-0.05697886503487826
270,54,1000,2,3.23,2,-0.05697870407998562
270,55,1000,2,3.28,2,-0.056978944808244704
270,56,1000,1,2.78,3,-0.05697976483032107
270,57,1000,1,2.77,3,-0.0569795876480639
270,58,1000,2,3.32,3,-0.056980224255472424
270,59,106,3,10.04,1,-0.05698009798268102
270,60,82,4,10.06,3,-0.056980096485193185
270,61,74,4,10.04,1,-0.05698057686960375
270,62,102,3,10.09,3,-0.056981193741746976
270,63,206,4,10.09,2,-0.05698009010729859
270,64,141,4,10.07,3,-0.05698058558694014
270,65,118,4,10.02,4,-0.05698117667461856
270,66,138,4,10.05,3,-0.05698136183554712
270,67,133,4,10.02,3,-0.05698311415718014
270,68,97,5,10.05,3,-0.05698099048789015
270,69,1000,5,6.45,1,-0.05698481347039342
270,70,1000,4,4.15,1,-0.056984060149639845
270,71,1000,2,4.46,4,-0.05698373729363084
270,72,1000,2,4.49,3,-0.05698722749948502
270,73,1000,2,3.25,1,-0.05698725959658623
270,74,1000,1,3.12,7,-0.05698760043084621
270,75,1000,1,3.27,8,-0.05698800327628851
271,1,1000,3,5.33,3,0.08127357149124145
271,2,1000,3,4.6,3,0.08127307913452386
271,3,1000,2,3.08,2,0.08127286265790462
271,4,1000,2,3.69,2,0.0812732048407197
271,5,1000,3,4.58,3,0.0812737508714199
271,6,1000,3,3.32,2,0.08127418485283852
271,7,1000,3,6.24,3,0.08127382016927004
271,8,1000,3,4.88,2,0.0812737201154232
271,9,130,5,10.04,1,0.08127371451029411
271,10,121,5,10.0,1,0.08127497352105527
271,11,1000,4,7.25,1,0.08127671428769827
271,12,1000,2,4.84,4,0.08127694487571717
271,13,1000,1,2.88,4,0.08127642337232828
271,14,1000,1,2.72,2,0.08127709792554379
271,15,1000,1,2.91,4,0.08127724431455136
271,16,1000,2,3.68,4,0.08127900497615337
271,17,1000,2,6.39,8,0.0812800282612443
271,18,114,4,10.1,4,0.08128105718315694
271,19,1000,5,8.61,4,0.08128093492984771
271,20,1000,3,4.09,1,0.08128165240585804
271,21,1000,3,4.86,6,0.08128067421168089
271,22,1000,4,5.98,2,0.08127948646992444
271,23,115,4,10.05,4,0.0812777367622956
271,24,112,4,10.03,4,0.08127873490697571
271,25,1000,3,3.85,1,0.08127826207131147
271,26,106,5,10.03,1,0.08127891954104856
271,27,1000,2,3.1,2,0.08127941695600747
271,28,1000,1,3.39,9,0.08127926137298346
271,29,111,4,10.04,3,0.0812803896160813
271,30,109,4,10.1,5,0.08128021835187159
271,31,128,5,10.08,5,0.081279831007123
271,32,1000,5,4.07,1,0.08128019535541535
271,33,1000,5,3.46,1,0.08128042361140252
271,34,1000,5,5.15,1,0.08128133159130811
271,35,1000,5,4.76,2,0.08128275264054537
271,36,1000,5,4.54,2,0.0812832246273756
271,37,1000,4,3.67,1,0.08128345188498497
271,38,1000,2,3.33,3,0.08128509501367807
271,39,1000,3,6.6,4,0.08128300343453884
271,40,1000,2,3.42,2,0.08128223033994436
272,1,1000,3,5.37,3,-0.13643799705803394
272,2,1000,3,3.9,2,-0.1364379772990942
272,3,1000,3,3.98,3,-0.13643750609457492
272,4,1000,2,3.11,3,-0.13643734472990035
272,5,1000,2,3.15,3,-0.13643774816393853
272,6,1000,2,2.79,1,-0.13643716013431548
272,7,1000,2,3.77,1,-0.13643692669272423
272,8,1000,3,3.71,3,-0.13643726393580435
272,9,1000,3,6.53,7,-0.13643736086785793
272,10,1000,3,4.47,2,-0.13643719477951527
272,11,1000,1,2.7,2,-0.13643779611587525
272,12,1000,1,2.81,3,-0.13643835592269898
272,13,116,3,10.02,6,-0.13643926150839905
272,14,1000,4,7.94,3,-0.13643958443403245
272,15,121,5,10.03,3,-0.13643943450667642
272,16,956,4,10.0,2,-0.13644038443161355
272,17,1000,3,5.93,1,-0.13644166027009488
272,18,1000,2,3.71,3,-0.13644164331257344
272,19,1000,1,2.6,1,-0.1364423632621765
272,20,1000,2,3.27,2,-0.13644284136593343
272,21,1000,1,2.92,4,-0.13644299948215485
272,22,1000,3,9.56,8,-0.13644414675235747
272,23,1000,3,3.92,2,-0.13644508722424506
272,24,1000,4,4.4,4,-0.13644552212953567
272,25,1000,2,3.26,4,-0.13644560672342776
272,26,1000,1,2.95,4,-0.13644558757543565
273,1,1000,3,5.24,3,-0.07834091979265213
273,2,1000,3,6.08,3,-0.07834123268723488
273,3,1000,3,6.29,3,-0.07834151249378919
273,4,1000,3,6.37,3,-0.0783417018353939
273,5,1000,3,6.44,3,-0.07834225261956454
273,6,1000,3,6.25,3,-0.07834232295304537
273,7,1000,3,3.8,1,-0.07834165001660585
273,8,1000,3,3.86,1,-0.07834075172990561
273,9,1000,3,3.78,1,-0.07834092869609595
273,10,1000,3,3.77,1,-0.07834088806807994
273,11,1000,3,3.73,1,-0.07834088300913572
273,12,1000,3,3.74,1,-0.07834065140783787
273,13,1000,3,2.94,1,-0.07833941373974085
273,14,1000,3,2.95,1,-0.07833864101022482
273,15,1000,3,2.91,1,-0.07833761298656464
273,16,1000,3,2.91,1,-0.07833706089854241
273,17,1000,3,4.09,1,-0.07833691214770079
273,18,1000,3,6.32,1,-0.07833752240240574
273,19,119,4,10.09,1,-0.07833760651219793
273,20,119,4,10.08,1,-0.07833681794024315
273,21,119,4,10.06,1,-0.07833581286318161
273,22,119,4,10.07,1,-0.07833575256982771
273,23,117,4,10.01,1,-0.07833447027155477
273,24,115,4,10.02,1,-0.07833365318567856
273,25,117,4,10.02,1,-0.07833415963965604
273,26,107,4,10.07,1,-0.07833453755233889
273,27,139,4,10.0,13,-0.07833414798160251
273,28,97,3,10.0,13,-0.07833276950206954
273,29,423,4,10.0,3,-0.07833339532850482
273,30,99,3,10.02,5,-0.07833462803050725
273,31,114,2,10.05,16,-0.07833711619962726
273,32,101,3,10.1,3,-0.07833695227261817
273,33,105,3,10.06,5,-0.07833663778645651
273,34,108,3,10.0,22,-0.0783370206201518
273,35,113,4,10.04,3,-0.0783372831291857
273,36,110,4,10.06,3,-0.07833761755715717
273,37,135,4,10.1,6,-0.07833805227721179
273,38,131,5,10.11,3,-0.07833821292369421
273,39,139,5,10.06,3,-0.07833814379765833
273,40,117,5,10.0,3,-0.07833787098399594
273,41,101,3,10.04,7,-0.0783403504012835
273,42,104,3,10.05,7,-0.07833906377737339
273,43,96,4,10.05,1,-0.07833784158962469
273,44,113,5,10.1,1,-0.07833721607396033
273,45,114,4,10.01,3,-0.07833644793483249
273,46,106,3,10.05,3,-0.07833543989174771
273,47,105,3,10.03,8,-0.07833505556696937
273,48,114,3,10.08,14,-0.0783365558375392
273,49,98,3,10.04,3,-0.07833828434956316
273,50,109,4,10.08,3,-0.07833835851708683
274,1,1000,3,5.33,3,-0.052896898586303
274,2,1000,3,5.1,3,-0.05289727821946144
274,3,1000,3,6.32,3,-0.05289783338829875
274,4,1000,3,8.0,3,-0.05289739360287785
274,5,1000,3,7.05,2,-0.05289669226109982
274,6,1000,3,4.54,2,-0.0528980091996491
274,7,1000,2,5.44,5,-0.05289957014843821
274,8,1000,3,5.93,6,-0.05289894284680486
274,9,517,4,10.0,2,-0.05289872196040024
274,10,118,4,10.02,6,-0.05289992421739182
274,11,155,4,10.03,3,-0.052899557255929514
274,12,184,5,10.06,3,-0.052899539328949606
274,13,137,4,10.0,2,-0.05289850291544503
274,14,130,5,10.1,1,-0.052897423448470926
274,15,146,6,10.05,1,-0.0528977902172363
274,16,623,2,10.0,8,-0.05289783196622449
274,17,1000,3,6.4,10,-0.05289736494794488
274,18,1000,2,8.73,13,-0.05289815290272236
274,19,243,2,10.0,14,-0.05289832390691518
274,20,99,4,10.06,3,-0.05289773699460608
274,21,100,3,10.05,9,-0.05289756529033184
274,22,112,4,10.06,2,-0.05289904051460326
274,23,114,4,10.04,4,-0.052901989143145714
274,24,118,4,10.0,4,-0.05290355656485436
274,25,98,3,10.08,11,-0.05290237282003675
274,26,1000,4,7.57,2,-0.052899168148636815
274,27,107,4,10.06,3,-0.05290015912223085
274,28,1000,3,7.24,8,-0.05289992718026042
274,29,1000,2,5.79,3,-0.052899954173713924
274,30,1000,2,9.3,18,-0.05290268516540527
274,31,563,2,10.0,15,-0.0529035107624679
274,32,109,3,10.08,11,-0.05290331465935488
274,33,103,3,10.09,4,-0.052903531318150676
274,34,104,4,10.09,3,-0.05290205411326427
274,35,110,4,10.01,6,-0.05290157090533863
274,36,119,5,10.06,5,-0.05290235816931524
274,37,130,6,10.01,1,-0.05290276924004922
274,38,1000,4,5.65,1,-0.05290591092780232
274,39,169,5,10.08,8,-0.0529059859422537
274,40,138,5,10.08,7,-0.052906975582026054
274,41,1000,3,8.14,10,-0.05290470113232732
274,42,1000,3,8.38,6,-0.052904225137084725
274,43,132,3,10.0,6,-0.05290532583427249
274,44,701,3,10.0,8,-0.05290562374658149
274,45,105,3,10.07,8,-0.052906173857904616
274,46,129,5,10.07,2,-0.05290254780141882
274,47,113,4,10.0,4,-0.05290451731565779
275,1,1000,3,5.31,3,0.06310213860869408
275,2,1000,3,4.98,3,0.06310189475864172
275,3,1000,4,5.83,2,0.0631020599976182
275,4,1000,4,7.07,2,0.06310220267623663
275,5,1000,4,5.95,2,0.06310295794904232
275,6,1000,3,4.14,3,0.06310322427004576
275,7,1000,3,4.98,2,0.06310438729822636
275,8,1000,2,3.61,3,0.06310493914783001
275,9,1000,2,2.87,1,0.06310578595846891
275,10,1000,2,2.79,1,0.06310595438629389
275,11,1000,1,2.67,3,0.06310639346390963
275,12,1000,1,2.7,3,0.06310744323581458
275,13,168,4,10.06,7,0.06310976451883714
275,14,113,4,10.01,3,0.06311005828654871
275,15,116,5,10.07,3,0.0631113911111807
275,16,1000,5,8.59,3,0.06311245332658291
275,17,105,5,10.11,2,0.06311171693461282
275,18,1000,2,4.6,5,0.06311028808355332
275,19,1000,2,7.15,11,0.06310923754423857
275,20,1000,2,2.88,1,0.06311051973700524
275,21,1000,1,2.79,3,0.06311010976880789
275,22,1000,3,4.35,3,0.06310894218832254
275,23,144,4,10.03,3,0.06310839656119545
275,24,1000,4,8.39,3,0.06311016277968884
275,25,626,3,10.0,4,0.06311288427192563
275,26,113,5,10.09,3,0.06311383039022969
275,27,745,6,10.0,1,0.06311488718594481
275,28,1000,2,2.87,1,0.06311352460831404
275,29,1000,2,2.85,1,0.06311378602683544
275,30,1000,3,3.42,2,0.06311433037370444
275,31,130,5,10.09,4,0.06311505201917428
275,32,105,3,10.08,5,0.06311740655274618
275,33,138,6,10.03,1,0.06311968454848164
275,34,103,4,10.02,1,0.06312031892028827
275,35,104,3,10.08,10,0.06312328598533685
275,36,103,3,10.01,9,0.06312473819961825
275,37,105,4,10.01,3,0.06312704441093263
275,38,1000,4,9.09,2,0.06312490314245224
275,39,112,4,10.08,2,0.06312449409493379
275,40,124,6,10.08,3,0.06312578772344897
275,41,129,5,10.05,3,0.06312831733808962
275,42,1000,4,6.73,2,0.06313211366534233
275,43,1000,4,7.9,2,0.06313174119591713
275,44,1000,6,7.46,3,0.06313437611609697
275,45,994,5,10.0,3,0.06313428048126894
275,46,1000,3,7.82,2,0.0631359017342329
275,47,1000,4,5.38,2,0.06313757859915495
275,48,1000,3,3.88,3,0.0631394577100873
275,49,1000,2,4.81,6,0.06313791359215974
275,50,1000,2,2.9,1,0.06313817857950926
275,51,1000,2,2.89,1,0.06313827108591795
275,52,1000,3,4.45,4,0.06313727384060622
275,53,1000,4,6.61,7,0.06313848324865103
275,54,171,4,10.1,21,0.06313541261424795
275,55,1000,2,4.29,3,0.06313304837793111
275,56,1000,2,3.96,3,0.06313117676973343
275,57,1000,1,2.76,3,0.0631299837231636
275,58,1000,1,3.13,7,0.06312704014778137
275,59,1000,1,3.96,15,0.06312646698951721
275,60,113,3,10.06,7,0.06312380401434096
275,61,1000,2,2.75,2,0.06311924217641354
275,62,1000,2,2.79,2,0.06311968774348498
276,1,1000,3,5.29,3,0.04824966492131352
276,2,1000,3,5.07,3,0.04824986763298512
276,3,1000,4,6.77,3,0.048250153005123135
276,4,1000,3,7.95,3,0.048250605590641496
276,5,1000,4,8.31,3,0.048250497922301294
276,6,1000,4,6.33,2,0.04825050338357687
276,7,1000,3,5.38,3,0.0482504934258759
276,8,1000,4,6.07,2,0.04825118247419596
276,9,106,3,10.04,3,0.048250855104822035
276,10,1000,3,8.61,7,0.048250496279448274
276,11,1000,4,5.39,3,0.04825170248001814
276,12,1000,4,5.26,3,0.04825079008564353
276,13,1000,4,5.92,3,0.04825147363170981
276,14,1000,4,8.84,6,0.04825149201601744
276,15,1000,4,6.35,3,0.04825215120613575
276,16,1000,4,6.88,3,0.048252542335540057
276,17,1000,4,8.36,4,0.04825270940735936
276,18,1000,4,5.71,3,0.0482531859613955
276,19,1000,4,5.73,3,0.04825341535359621
276,20,1000,3,3.45,1,0.04825416129082441
276,21,1000,4,7.49,1,0.048253857146948576
276,22,1000,4,7.49,1,0.048255052346736195
276,23,1000,4,7.6,1,0.048255686208605764
276,24,1000,4,7.48,1,0.048258091911673545
276,25,130,4,10.01,1,0.048258925086030593
276,26,88,3,10.01,1,0.04825883794745261
276,27,83,3,10.07,7,0.048259516975965845
276,28,111,3,10.07,7,0.048259535451998584
276,29,245,3,10.0,3,0.04825881860998212
276,30,117,3,10.03,3,0.04825864611273138
276,31,1000,4,5.03,1,0.04825656244903803
276,32,1000,4,3.67,1,0.04825683370605111
277,1,1000,3,5.26,3,0.13626148147881031
277,2,1000,3,4.74,3,0.1362623220384121
277,3,1000,3,3.99,3,0.13626262368261813
277,4,1000,3,3.21,1,0.1362626756876707
277,5,1000,3,3.62,1,0.13626316979527472
277,6,1000,3,4.46,4,0.13626324316859245
277,7,1000,3,4.58,3,0.1362630174010992
277,8,1000,3,4.01,1,0.1362627802491188
277,9,1000,1,2.74,3,0.13626359035074712
277,10,1000,2,3.61,4,0.1362632023692131
277,11,1000,2,2.81,2,0.13626249915361405
277,12,1000,1,2.6,2,0.13626315154135227
277,13,1000,2,5.38,6,0.13626277555525304
277,14,1000,2,4.49,4,0.13626233364641666
277,15,1000,2,3.99,3,0.1362624555826187
277,16,1000,1,2.94,5,0.13626186333596707
277,17,1000,1,2.85,4,0.13626218608021737
277,18,1000,1,2.74,3,0.1362620757073164
277,19,143,3,10.0,8,0.13626074124049473
277,20,1000,3,6.31,3,0.1362597971111536
277,21,1000,3,4.57,1,0.1362589631229639
277,22,1000,1,2.76,3,0.1362587592601776
277,23,1000,1,2.87,4,0.13625758308172226
277,24,1000,3,4.33,1,0.13625641798973084
277,25,1000,3,3.77,1,0.13625568121671677
277,26,1000,4,4.8,2,0.13625533562898637
277,27,1000,1,3.15,7,0.1362537290006876
277,28,1000,1,2.6,1,0.13625213503837585
278,1,1000,3,5.28,3,0.0826677451878786
278,2,1000,3,3.47,2,0.08266589681059122
278,3,1000,2,3.05,2,0.08266467294096946
278,4,1000,3,5.03,2,0.08266368643194437
278,5,1000,3,4.44,2,0.08266326040029526
278,6,1000,3,5.94,4,0.0826633425578475
278,7,298,5,10.08,4,0.08266422040010458
278,8,1000,1,2.69,3,0.08266302812844514
278,9,1000,2,3.63,4,0.08266206676512956
278,10,1000,1,3.01,6,0.0826616794615984
278,11,1000,1,2.74,3,0.0826616781204939
278,12,1000,3,6.07,4,0.08266142050921917
278,13,1000,2,5.97,6,0.08266256184130907
278,14,105,3,10.07,5,0.08266154875357946
278,15,104,3,10.02,5,0.08266134087282878
278,16,119,5,10.09,4,0.08265957374031804
278,17,124,3,10.02,5,0.08265956100677291
278,18,829,4,10.0,2,0.08265949248260986
278,19,1000,3,6.39,8,0.08266058903187513
278,20,1000,1,2.84,4,0.08265951769053936
278,21,1000,2,9.35,10,0.08265927715599537
278,22,111,3,10.04,6,0.08265755882671287
278,23,1000,2,5.42,5,0.08265948331356049
278,24,1000,2,5.75,5,0.08265870567411185
278,25,141,5,10.09,3,0.08265810163942634
278,26,1000,1,2.64,2,0.08265644868463277
278,27,1000,1,2.64,2,0.0826550243794918
278,28,1000,1,2.88,4,0.08265426352620125
278,29,1000,3,6.24,2,0.08265412946045399
278,30,1000,2,2.91,2,0.08265168232470751
278,31,1000,0,2.44,0,0.08265095204114914
279,1,1000,3,5.24,3,0.10862822633236646
279,2,1000,3,4.97,2,0.10862742134928703
279,3,1000,3,6.3,3,0.10862672972679138
279,4,1000,3,4.55,3,0.10862565761804581
279,5,1000,4,5.3,3,0.10862548158317804
279,6,1000,3,4.6,3,0.10862451264262199
279,7,1000,3,4.52,3,0.10862393061071635
279,8,1000,1,2.76,3,0.1086238426566124
279,9,1000,1,2.74,3,0.10862342636287213
279,10,1000,2,6.03,4,0.10862323106825351
279,11,1000,3,5.22,2,0.1086222577020526
279,12,1000,2,5.56,8,0.10862143257260323
279,13,1000,2,3.29,4,0.10862227740883827
279,14,1000,2,3.29,2,0.10862219446152449
279,15,1000,2,4.06,4,0.10862140388041734
279,16,1000,2,3.65,3,0.10862095001339912
279,17,1000,2,5.31,7,0.10862088035047054
279,18,1000,2,3.47,2,0.10861868122220039
279,19,1000,2,3.31,2,0.10861880642175674
279,20,1000,2,2.71,1,0.10861795216798782
279,21,1000,1,2.83,4,0.10861695726960897
279,22,1000,2,3.15,2,0.10861550217866897
279,23,1000,1,2.67,2,0.10861589509248734
280,1,1000,3,5.43,3,-0.11128275995701552
280,2,1000,3,5.82,3,-0.11128236193954945
280,3,1000,3,6.52,3,-0.11128182377666235
280,4,1000,3,8.12,3,-0.11128143979609012
280,5,176,5,10.01,3,-0.11128077198835937
280,6,1000,5,4.09,1,-0.1112800356298685
280,7,1000,2,2.86,1,-0.11127926251292229
280,8,1000,2,2.83,1,-0.11127876822650433
280,9,1000,2,2.84,1,-0.11127856354415416
280,10,1000,3,5.55,6,-0.11127836733311415
280,11,1000,6,5.6,1,-0.11127780836075545
280,12,115,4,10.02,7,-0.11127787083387375
280,13,149,4,10.01,3,-0.11127725878617907
280,14,416,4,10.0,1,-0.11127689795998427
280,15,101,5,10.01,3,-0.11127666620039704
280,16,1000,4,5.71,3,-0.11127596041560173
280,17,1000,5,9.52,1,-0.11127573508024216
280,18,99,5,10.06,4,-0.11127543298885076
280,19,1000,5,7.57,2,-0.11127517205476761
280,20,143,4,10.08,3,-0.11127517304637215
280,21,135,3,10.08,6,-0.11127500274667033
280,22,109,3,10.04,8,-0.1112746085732355
280,23,107,4,10.06,3,-0.11127468435285247
280,24,101,3,10.09,6,-0.1112747008700182
280,25,104,4,10.03,4,-0.11127422255678819
280,26,1000,4,8.07,2,-0.11127379486709833
280,27,1000,4,8.36,3,-0.11127336969226599
280,28,1000,3,5.18,3,-0.11127324388176203
280,29,1000,4,8.79,3,-0.11127306010574102
280,30,101,3,10.08,4,-0.11127267615629895
280,31,102,3,10.06,7,-0.11127245689139646
280,32,110,4,10.02,9,-0.11127241409637711
280,33,102,3,10.04,3,-0.11127246719072847
280,34,100,3,10.05,8,-0.11127203486859799
280,35,114,5,10.09,7,-0.11127174148956935
280,36,1000,3,9.96,3,-0.11127126517146826
280,37,1000,3,5.43,3,-0.11127006607502699
280,38,1000,3,5.52,3,-0.11126985055953265
280,39,125,3,10.04,3,-0.11126891148090362
280,40,149,3,10.1,3,-0.1112683916951986
281,1,1000,3,5.26,3,0.10316484313458205
281,2,1000,3,4.58,3,0.10316485767811537
281,3,1000,3,4.57,3,0.10316444935649634
281,4,1000,3,4.43,2,0.10316430383175612
281,5,1000,2,3.65,3,0.10316420187056065
281,6,1000,2,3.62,3,0.10316345328092576
281,7,1000,3,5.15,3,0.10316253323853015
281,8,1000,3,4.29,2,0.10316244097799063
281,9,1000,2,4.22,2,0.10316260997951031
281,10,1000,3,4.66,2,0.10316266592592001
281,11,1000,3,4.45,2,0.10316228108108044
281,12,1000,3,4.91,2,0.10316169402748346
281,13,1000,2,4.14,3,0.10316178471595049
281,14,1000,3,3.11,1,0.1031625659763813
281,15,1000,1,2.82,4,0.10316241979598999
281,16,1000,4,4.25,2,0.1031621424332261
281,17,1000,2,4.05,3,0.10316254464536906
281,18,1000,1,2.69,3,0.10316288080066442
281,19,1000,1,2.54,1,0.10316251218318939
282,1,1000,3,5.32,3,-0.027868428360670806
282,2,1000,3,5.81,3,-0.02786770660802722
282,3,1000,4,5.39,3,-0.027867023186758162
282,4,1000,4,9.94,4,-0.027866518069058658
282,5,1000,4,7.52,2,-0.027865609262138605
282,6,1000,3,7.31,3,-0.02786479509435594
282,7,727,3,10.0,3,-0.027865509573047394
282,8,155,3,10.01,3,-0.027865260238609007
282,9,455,4,10.0,2,-0.027864263030690152
282,10,1000,4,8.1,2,-0.02786404202878475
282,11,146,4,10.03,4,-0.027864459889290268
282,12,1000,2,3.85,2,-0.027864021014422178
282,13,1000,2,7.62,7,-0.0278650190718472
282,14,1000,3,5.93,2,-0.027863890727981924
282,15,101,3,10.08,5,-0.027864755288061527
282,16,113,4,10.1,3,-0.02786410295000646
282,17,1000,3,4.45,4,-0.027862426087260247
282,18,1000,1,3.03,6,-0.027862153727561234
282,19,1000,2,3.74,11,-0.027861691676080227
282,20,131,4,10.06,4,-0.027862497896866033
282,21,248,4,10.06,9,-0.027863232148510796
282,22,1000,3,5.85,2,-0.027863303285092116
282,23,1000,2,3.64,3,-0.02786329563707113
282,24,462,3,10.0,5,-0.027862021796308555
282,25,647,3,10.0,3,-0.02786159324798002
282,26,1000,3,5.53,3,-0.027860436933115126
282,27,1000,3,6.55,4,-0.02786121505126357
282,28,1000,2,2.74,1,-0.027862287314608693
282,29,1000,1,2.5,1,-0.02786325477063656
283,1,1000,3,5.26,3,-0.10726700758934021
283,2,1000,3,4.96,3,-0.10726695396751165
283,3,1000,4,5.01,3,-0.10726674449443817
283,4,1000,3,3.95,3,-0.10726629363000392
283,5,1000,3,3.42,2,-0.10726554654538631
283,6,1000,3,4.0,3,-0.10726526958495379
283,7,1000,3,3.02,2,-0.10726532539725303
283,8,1000,3,3.08,2,-0.10726514144986868
283,9,1000,3,3.66,4,-0.10726619977504015
283,10,1000,3,3.67,4,-0.10726457671076059
283,11,1000,2,3.03,3,-0.10726439799368381
283,12,1000,3,2.92,2,-0.10726443335413932
283,13,1000,3,3.34,3,-0.10726479255408049
283,14,1000,1,2.52,1,-0.10726381093263626
283,15,1000,1,2.51,1,-0.10726439952850342
283,16,1000,1,2.51,1,-0.10726438462734222
283,17,1000,1,2.5,1,-0.10726387053728104
283,18,1000,2,2.62,1,-0.1072622686624527
283,19,1000,2,2.6,1,-0.10726305842399597
283,20,1000,2,2.62,1,-0.10726336389780045
283,21,1000,2,2.61,1,-0.10726234316825867
283,22,1000,2,2.67,1,-0.10726255178451538
284,1,1000,3,5.36,3,-0.10680019367486239
284,2,1000,3,3.86,2,-0.10680123450607061
284,3,1000,3,4.32,2,-0.1068020431175828
284,4,1000,1,2.73,3,-0.10680242647230626
284,5,1000,2,3.39,3,-0.10680270756036044
284,6,1000,2,3.38,3,-0.10680294549465179
284,7,1000,2,4.08,3,-0.1068034510165453
284,8,1000,2,3.41,3,-0.10680396804958582
284,9,1000,2,3.41,2,-0.10680481857806444
284,10,1000,3,4.85,4,-0.10680578401684761
284,11,1000,3,6.34,3,-0.10680572529882193
284,12,1000,3,6.03,3,-0.10680630183964968
284,13,1000,2,3.99,5,-0.10680704862624407
284,14,1000,1,2.83,4,-0.10680713253468276
284,15,1000,1,2.86,4,-0.10680691864341497
284,16,1000,3,3.52,2,-0.10680737750977277
284,17,1000,3,4.74,3,-0.10680682563036681
284,18,1000,3,3.91,4,-0.10680700071901084
284,19,1000,4,3.53,1,-0.10680691392719746
284,20,1000,3,3.13,2,-0.10680680093169212
284,21,1000,1,2.56,1,-0.10680673271417618
284,22,1000,1,2.56,1,-0.10680697858333588
285,1,1000,3,5.49,3,-0.06912500835955143
285,2,1000,3,6.24,3,-0.0691248566582799
285,3,1000,5,7.98,3,-0.06912476174533368
285,4,299,4,10.1,3,-0.06912489845900233
285,5,323,3,10.0,7,-0.06912491475188695
285,6,1000,3,6.5,3,-0.06912490716576576
285,7,1000,3,6.4,3,-0.0691247982159257
285,8,1000,3,6.49,3,-0.06912481135874987
285,9,1000,3,5.14,2,-0.06912509086728096
285,10,1000,2,3.7,3,-0.06912475711852312
285,11,159,4,10.09,5,-0.06912409968721042
285,12,120,4,10.1,3,-0.06912414152175188
285,13,1000,3,6.85,3,-0.06912450383603573
285,14,1000,3,6.9,3,-0.06912439922243356
285,15,143,3,10.06,4,-0.0691241789218429
285,16,1000,3,7.75,4,-0.06912460888922214
285,17,589,3,10.0,5,-0.06912479740654472
285,18,1000,3,4.34,2,-0.0691241616755724
285,19,1000,2,4.18,3,-0.06912360342592001
285,20,1000,2,3.36,3,-0.0691233523339033
285,21,1000,2,5.11,5,-0.06912261564284564
285,22,1000,2,4.03,3,-0.06912197036296129
285,23,1000,2,3.49,4,-0.06912231165915728
285,24,1000,2,2.94,2,-0.06912216547131539
286,1,1000,3,5.38,3,-0.07917597657442092
286,2,1000,3,3.87,2,-0.07917569348961115
286,3,1000,3,7.65,4,-0.07917575580626726
286,4,1000,3,7.27,3,-0.07917550066113473
286,5,1000,3,5.61,2,-0.07917515534162521
286,6,689,3,10.0,5,-0.07917551833633414
286,7,1000,3,7.33,3,-0.07917536025494337
286,8,1000,3,7.65,3,-0.07917511864751578
286,9,146,3,10.0,3,-0.0791745259847543
286,10,1000,3,6.41,3,-0.07917408431321382
286,11,118,3,10.05,5,-0.07917439205161596
286,12,1000,3,9.14,3,-0.07917444781213999
286,13,1000,2,5.3,3,-0.07917355977743865
286,14,1000,1,3.36,8,-0.07917301188409329
286,15,1000,2,7.07,5,-0.07917321534454823
286,16,1000,2,4.41,2,-0.07917329436540603
286,17,1000,2,5.36,7,-0.07917276596277953
286,18,105,3,10.05,5,-0.07917284000487555
286,19,473,4,10.0,3,-0.07917377663024132
286,20,1000,2,4.98,6,-0.07917381040006875
286,21,1000,2,5.71,8,-0.07917376322299242
286,22,1000,2,5.34,7,-0.07917353387176991
286,23,104,3,10.06,4,-0.07917359177596293
286,24,113,3,10.03,5,-0.07917349495455227
286,25,123,3,10.06,3,-0.07917391696596533
286,26,1000,1,2.8,3,-0.07917329046875238
286,27,162,3,10.0,5,-0.07917348856543317
286,28,508,3,10.0,3,-0.07917316942879064
286,29,1000,3,7.81,2,-0.07917429839074612
286,30,100,3,10.09,2,-0.0791738323867321
286,31,102,3,10.06,6,-0.07917405423872612
286,32,351,3,10.01,8,-0.07917368772872153
286,33,150,4,10.09,3,-0.07917538901170094
286,34,93,3,10.04,3,-0.07917565251550367
286,35,93,3,10.0,3,-0.07917540432304464
286,36,1000,4,6.53,3,-0.07917501633614302
286,37,1000,3,5.11,1,-0.07917487967014313
286,38,1000,1,2.73,2,-0.07917596852779388
286,39,1000,3,3.38,4,-0.07917468820512295
286,40,387,3,10.0,7,-0.07917434689456486
286,41,1000,3,3.91,1,-0.07917383218556642
286,42,1000,3,3.89,1,-0.07917331211268902
286,43,1000,3,4.82,2,-0.07917375899106265
286,44,1000,3,8.76,2,-0.07917357514798641
286,45,1000,1,2.64,1,-0.07917362451553345
287,1,1000,3,5.33,3,-0.07907989229261875
287,2,1000,3,3.99,3,-0.0790799513310194
287,3,1000,3,8.66,3,-0.07907999777048826
287,4,1000,3,5.76,3,-0.07907994274795055
287,5,1000,3,5.03,2,-0.07907976512610912
287,6,1000,3,3.35,1,-0.0790799407735467
287,7,1000,2,3.63,4,-0.07908028203994036
287,8,1000,3,6.38,3,-0.07907983176410198
287,9,158,5,10.02,2,-0.07907952325819415
287,10,1000,3,9.47,7,-0.0790791314393282
287,11,1000,3,4.5,5,-0.07908021645992994
287,12,1000,3,3.89,1,-0.07908039813488722
287,13,813,3,10.0,5,-0.07908034507015681
287,14,1000,3,7.18,3,-0.07908003263175488
287,15,1000,2,3.35,3,-0.07908019991964102
287,16,1000,4,4.16,3,-0.0790800982490182
287,17,109,4,10.01,3,-0.07908012943530301
287,18,109,4,10.03,3,-0.07908049594918522
287,19,101,4,10.08,3,-0.07908083476347498
287,20,1000,4,7.85,1,-0.07908021646738052
287,21,107,4,10.1,1,-0.07908146800560371
287,22,1000,3,6.33,3,-0.07908208999782801
287,23,910,4,10.0,3,-0.0790814853631533
287,24,467,4,10.0,3,-0.07908122590892576
287,25,1000,3,8.99,5,-0.07908081333339215
287,26,1000,2,3.91,4,-0.0790812759026885
287,27,105,4,10.09,4,-0.07908119992131278
287,28,99,4,10.01,3,-0.07908032909788267
287,29,112,4,10.06,3,-0.07907998289114662
287,30,99,3,10.02,4,-0.07907918471880633
287,31,108,4,10.01,2,-0.0790795811486465
287,32,1000,2,5.54,2,-0.07907979887723923
287,33,1000,2,4.68,1,-0.07908047080039977
287,34,1000,1,4.86,24,-0.07908107820153236
287,35,105,3,10.08,21,-0.07908185649485815
287,36,140,4,10.09,11,-0.07908238757933889
287,37,82,3,10.1,19,-0.07908229920558812
287,38,106,4,10.02,6,-0.07908116716821238
287,39,108,4,10.07,3,-0.07908161081097743
287,40,1000,4,6.96,2,-0.07908091262727976
287,41,106,3,10.11,7,-0.07908002195774384
287,42,1000,3,9.05,6,-0.07907943329960108
287,43,104,3,10.09,6,-0.07907959768691888
287,44,104,3,10.0,6,-0.07907962483855394
287,45,1000,2,7.26,6,-0.07908029329031706
287,46,1000,3,9.18,3,-0.07908108747005463
287,47,146,2,10.0,12,-0.07908173752565907
287,48,111,3,10.04,14,-0.07908163320373844
287,49,107,4,10.03,5,-0.07908124964092379
287,50,157,4,10.09,2,-0.07908081932432333
287,51,165,5,10.07,2,-0.07908071518847437
287,52,1000,3,7.49,3,-0.07908045928180217
287,53,1000,3,4.46,3,-0.07908018201589584
287,54,98,3,10.05,14,-0.07908048237464865
287,55,101,3,10.1,5,-0.07907983977900873
287,56,1000,2,9.54,11,-0.07907936038821936
287,57,1000,1,2.97,5,-0.07907960085570812
287,58,1000,1,3.15,7,-0.0790793365612626
288,1,1000,3,5.28,3,0.11298756471276283
288,2,1000,3,4.59,3,0.11298743914067745
288,3,1000,3,5.29,2,0.1129879613444209
288,4,1000,2,3.37,3,0.11298834595084191
288,5,1000,1,2.59,2,0.11298929806798697
288,6,1000,1,2.64,2,0.11298980110883713
288,7,1000,2,3.52,2,0.1129906228929758
288,8,1000,2,3.38,3,0.11299003724008799
288,9,1000,2,3.07,1,0.11298984330147505
288,10,1000,2,4.86,4,0.11298976366221905
288,11,1000,4,3.9,2,0.11298931282758713
288,12,1000,6,6.17,3,0.11299052181094885
288,13,1000,1,2.67,2,0.11299063144624233
288,14,1000,1,2.81,4,0.11299103536456824
288,15,1000,1,2.95,5,0.11299116124212742
288,16,1000,2,3.7,3,0.11299021432548761
288,17,1000,3,4.31,3,0.1129892413392663
288,18,1000,3,3.58,1,0.11299026565253735
288,19,1000,1,2.8,4,0.11299046769738197
288,20,1000,3,3.47,1,0.11299060911685228
288,21,1000,3,5.2,4,0.11299109680950642
288,22,1000,2,3.29,2,0.11299155437201261
289,1,1000,3,5.4,3,0.048849808901548386
289,2,1000,3,5.12,3,0.048849675081670284
289,3,1000,3,4.59,2,0.04884888842701912
289,4,1000,1,2.71,2,0.048848509728908536
289,5,1000,2,4.14,4,0.04884819072112441
289,6,1000,2,2.97,1,0.04884805548936129
289,7,1000,2,2.91,1,0.04884754933416843
289,8,1000,1,3.14,6,0.048847218845039606
289,9,1000,2,5.17,4,0.04884711039066315
289,10,1000,2,6.64,6,0.048847501549869776
289,11,118,5,10.03,3,0.04884767949076022
289,12,1000,3,8.56,6,0.048848208911716935
289,13,1000,4,8.61,6,0.04884841797873378
289,14,142,5,10.07,3,0.04884861874013719
289,15,1000,3,7.27,3,0.04884898341074586
289,16,1000,3,8.22,2,0.04884921067208052
289,17,127,3,10.04,3,0.048849570880255364
289,18,1000,2,4.02,3,0.04884981467202306
289,19,105,4,10.06,3,0.04884995853617078
289,20,1000,3,6.34,6,0.04885012623667717
290,1,1000,3,5.44,3,-0.0031167495381087063
290,2,1000,3,4.73,2,-0.0031170506421476602
290,3,1000,3,4.28,2,-0.003117302818223834
290,4,1000,3,3.95,3,-0.0031173318829387426
290,5,1000,2,3.43,3,-0.0031179063301533462
290,6,1000,5,5.12,5,-0.003117996158078313
290,7,1000,3,7.69,2,-0.003117932451888919
290,8,1000,2,2.96,1,-0.00311844745464623
290,9,1000,2,3.48,2,-0.003118257815018296
290,10,1000,1,3.06,5,-0.0031181201916188
290,11,1000,2,3.37,4,-0.0031174355167895556
290,12,1000,2,3.25,5,-0.0031171440351754425
290,13,1000,2,3.22,5,-0.0031184599716216326
290,14,1000,2,3.61,4,-0.0031179874520748854
290,15,1000,2,6.38,3,-0.00311812930367887
290,16,1000,3,7.0,3,-0.0031178476717323065
290,17,1000,1,4.03,15,-0.0031179699655622243
290,18,1000,1,4.09,15,-0.0031177581306546928
290,19,1000,2,7.44,5,-0.0031186275985091924
290,20,1000,2,6.34,5,-0.0031190897803753614
290,21,1000,2,5.85,3,-0.0031192841548472643
290,22,1000,3,5.66,6,-0.003119432603940368
290,23,110,5,10.01,5,-0.0031198505100540137
290,24,108,5,10.07,3,-0.003120164964693012
290,25,1000,5,9.37,2,-0.0031212623491883276
290,26,100,2,10.04,8,-0.003121751956641674
290,27,108,4,10.1,3,-0.0031226383591139756
290,28,114,5,10.05,2,-0.003122908161266854
290,29,1000,4,9.36,2,-0.003123534310609102
290,30,1000,2,3.33,2,-0.0031242867559194564
290,31,1000,2,2.99,1,-0.003125008124858141
290,32,1000,2,6.69,7,-0.0031250331699848176
290,33,1000,2,9.69,12,-0.0031247727051377295
290,34,105,3,10.08,9,-0.0031248754777369043
290,35,101,4,10.0,3,-0.003124649581121336
290,36,97,3,10.04,3,-0.0031261736450275196
290,37,108,4,10.05,3,-0.003126944104830424
290,38,106,4,10.03,3,-0.003127909616901065
290,39,121,3,10.08,11,-0.003129801020210932
290,40,94,3,10.0,13,-0.0031314000606219817
290,41,110,3,10.02,16,-0.0031319417906078427
290,42,1000,2,5.82,3,-0.0031329050213098524
290,43,1000,2,7.34,3,-0.003132264252752066
290,44,1000,2,9.19,3,-0.0031320863030850888
290,45,1000,1,4.47,19,-0.0031328853443264963
290,46,108,3,10.09,11,-0.003133525588998088
290,47,98,3,10.01,9,-0.003134428865599389
290,48,105,2,10.02,8,-0.0031335401127026196
291,1,1000,3,5.34,3,-0.068896096624434
291,2,1000,3,5.03,3,-0.06889690936356783
291,3,1000,3,5.32,3,-0.06889770586043596
291,4,1000,3,5.02,2,-0.06889784241467714
291,5,1000,3,7.16,3,-0.06889798477292061
291,6,1000,3,7.59,3,-0.06889854384213687
291,7,1000,3,7.37,5,-0.06889780698716641
291,8,1000,3,4.55,3,-0.06889826748520136
291,9,1000,4,9.52,5,-0.06889873395115137
291,10,122,4,10.11,3,-0.06889860454152842
291,11,283,5,10.09,3,-0.06889862812028757
291,12,142,6,10.08,1,-0.06889870175173585
291,13,1000,3,9.46,5,-0.06889837124943733
291,14,102,3,10.05,5,-0.06889838988290113
291,15,1000,3,7.27,12,-0.06889820957928897
291,16,176,3,10.02,8,-0.06889792286198247
291,17,1000,3,9.06,13,-0.06889838706701994
291,18,1000,3,5.49,3,-0.06889828746765853
291,19,1000,2,3.68,2,-0.06889811020344495
291,20,1000,3,8.27,3,-0.06889786583930255
291,21,1000,4,8.78,8,-0.06889768330007792
291,22,1000,2,5.72,5,-0.06889697468280792
291,23,1000,3,6.62,2,-0.06889657482504845
291,24,1000,2,4.7,4,-0.06889677085727454
291,25,1000,2,5.82,11,-0.06889720907062293
291,26,1000,1,3.54,11,-0.06889691531658172
291,27,1000,2,3.07,2,-0.06889705981314183
291,28,1000,2,8.81,9,-0.06889696180075407
291,29,1000,6,9.33,3,-0.06889663349837065
291,30,113,4,10.09,7,-0.06889656252038162
291,31,1000,4,6.33,1,-0.0688969212770462
291,32,108,5,10.08,1,-0.06889710513254006
291,33,203,5,10.1,2,-0.06889742095335363
291,34,1000,2,4.06,4,-0.06889698141813279
291,35,1000,1,2.71,3,-0.06889677172899246
291,36,1000,1,3.16,7,-0.06889656102657318
291,37,261,4,10.0,16,-0.0688969027036908
291,38,141,5,10.1,13,-0.06889713803927104
291,39,104,4,10.04,4,-0.06889697809058887
291,40,94,4,10.08,4,-0.06889709885767166
291,41,107,4,10.01,7,-0.06889690389142972
291,42,102,3,10.05,10,-0.06889691335313461
291,43,108,4,10.0,1,-0.06889654426938957
291,44,1000,4,6.41,1,-0.06889607360213995
291,45,1000,2,8.48,19,-0.06889622846990824
291,46,639,3,10.0,3,-0.06889600200645614
291,47,1000,2,4.12,2,-0.06889634990692138
291,48,113,5,10.05,3,-0.06889594768264652
291,49,1000,3,9.26,4,-0.06889595290273429
291,50,106,3,10.04,9,-0.06889583093096625
291,51,108,4,10.06,3,-0.06889616629039799
291,52,1000,4,8.86,3,-0.06889644838124513
291,53,101,3,10.06,9,-0.06889626590332182
291,54,1000,3,6.04,3,-0.06889621833711862
291,55,1000,1,2.92,5,-0.06889593575894833
291,56,1000,3,3.53,3,-0.0688962534442544
291,57,1000,4,9.18,3,-0.06889641574770212
291,58,119,4,10.08,3,-0.06889674136368167
291,59,1000,2,4.12,4,-0.06889657881110907
291,60,101,3,10.08,6,-0.06889641181667253
291,61,105,3,10.08,7,-0.06889638687883104
291,62,1000,2,6.08,7,-0.06889666346460581
291,63,1000,2,7.03,7,-0.06889670218527318
291,64,1000,2,7.87,9,-0.06889662396907806
291,65,100,3,10.07,19,-0.06889690361917018
291,66,113,3,10.09,15,-0.06889681827969256
291,67,121,3,10.07,21,-0.06889679116651046
291,68,111,3,10.04,8,-0.06889650520977673
291,69,98,3,10.01,10,-0.06889662473481528
291,70,1000,2,4.29,3,-0.06889669501036405
291,71,110,3,10.01,4,-0.06889670139009302
291,72,100,3,10.08,5,-0.06889692172408104
291,73,213,4,10.02,4,-0.06889713810922954
291,74,1000,1,2.71,3,-0.06889758843928576
291,75,1000,1,2.7,3,-0.06889767774939537
291,76,1000,3,5.77,3,-0.06889756534993649
291,77,1000,3,4.98,2,-0.06889736355096102
291,78,127,3,10.08,3,-0.06889721135220189
291,79,103,4,10.06,3,-0.0688972487611678
291,80,96,4,10.01,4,-0.06889787269756198
291,81,1000,2,4.88,6,-0.06889791928231716
291,82,1000,3,8.53,9,-0.06889814787358045
291,83,1000,2,3.69,3,-0.06889833889901638
292,1,1000,3,5.33,3,0.046396465215831996
292,2,1000,3,3.96,3,0.04639708282426
292,3,1000,3,3.47,2,0.046397685196250676
292,4,1000,3,3.89,2,0.04639729609712959
292,5,1000,3,4.26,2,0.046396625477820634
292,6,134,4,10.07,2,0.04639633366865898
292,7,285,4,10.0,10,0.046395952110750635
292,8,1000,1,2.75,3,0.04639568530395627
292,9,1000,2,3.34,4,0.046394191838800905
292,10,1000,4,8.72,2,0.046393735781311986
292,11,1000,2,3.68,2,0.0463940521851182
292,12,1000,3,4.91,4,0.0463949263766408
292,13,102,4,10.01,6,0.0463950703395348
292,14,98,4,10.07,1,0.04639307675617082
292,15,1000,5,8.25,1,0.04639251333102584
292,16,1000,4,6.76,2,0.046393718171864745
292,17,1000,3,5.76,2,0.04639446077868342
292,18,436,4,10.0,4,0.046393688819413886
292,19,1000,2,3.44,3,0.04639392799139023
292,20,109,4,10.11,3,0.04639377482577201
292,21,107,4,10.03,4,0.04639310685691433
292,22,1000,4,8.63,2,0.04639186058565974
292,23,1000,2,2.68,1,0.04639250785112381
292,24,1000,2,3.27,2,0.04639371262863278
292,25,119,3,10.03,2,0.0463941561199036
292,26,116,5,10.07,5,0.04639411534600217
292,27,119,4,10.08,4,0.04639371331123745
292,28,1000,3,6.1,7,0.04639485696703195
292,29,113,4,10.07,4,0.04639480121235932
292,30,123,4,10.04,5,0.04639455409553962
292,31,113,4,10.08,6,0.0463952770605024
292,32,105,4,10.01,4,0.04639351325375693
292,33,106,3,10.05,6,0.04639443445880458
292,34,120,5,10.02,1,0.04639498544856906
292,35,1000,3,8.72,7,0.04639456133171916
292,36,137,3,10.08,5,0.04639320271293612
292,37,115,4,10.05,15,0.04639322430543277
292,38,103,3,10.05,3,0.04639414918509502
292,39,105,4,10.02,2,0.046393924561284834
292,40,110,4,10.06,6,0.046392802961848
292,41,103,4,10.07,3,0.04639279032216489
292,42,115,4,10.01,3,0.046392866191656695
292,43,118,4,10.04,5,0.04639260107809204
292,44,125,5,10.09,2,0.0463909278512001
292,45,96,3,10.01,11,0.0463909082657968
292,46,477,3,10.0,3,0.04638934888304904
292,47,1000,1,3.25,8,0.04638890661299229
293,1,1000,3,5.31,3,0.0146504688244313
293,2,1000,3,4.4,2,0.014650340097025037
293,3,1000,3,3.94,3,0.014650005254894495
293,4,1000,2,3.34,3,0.014650050457566977
293,5,1000,3,3.81,2,0.014649878395721317
293,6,1000,4,3.55,2,0.014649662567302584
293,7,1000,5,8.45,4,0.014649958205409349
293,8,1000,3,3.34,2,0.014650168994441628
293,9,1000,3,7.38,3,0.014650608580559492
293,10,1000,3,3.48,3,0.014649961287155747
293,11,1000,1,2.83,4,0.014649757606908679
293,12,1000,3,7.13,4,0.01464935303851962
293,13,1000,3,9.0,5,0.014648194005712867
293,14,1000,3,4.83,1,0.014648804545402527
293,15,1000,3,3.37,1,0.014648574069142342
293,16,1000,2,4.85,5,0.014647649997845293
293,17,1000,1,2.72,3,0.014647660348564386
293,18,1000,2,4.05,3,0.01464745900966227
293,19,592,3,10.0,3,0.014647341603916642
293,20,134,5,10.06,3,0.014647696459137681
293,21,1000,3,4.35,3,0.014647194491699338
293,22,1000,2,3.39,3,0.01464795558899641
293,23,1000,1,3.3,8,0.01464781811274588
293,24,1000,2,4.36,4,0.014647722736001016
293,25,1000,1,2.78,3,0.014648173592984676
293,26,1000,2,2.88,2,0.014648031704127788
293,27,1000,1,2.74,3,0.014647688422352076
293,28,1000,2,4.03,3,0.014647229066118598
293,29,1000,2,2.81,1,0.014647257313132286
294,1,1000,3,5.35,3,-0.04338092251867056
294,2,1000,3,5.13,3,-0.04338166015967727
294,3,1000,3,4.28,2,-0.043382284697145224
294,4,1000,2,3.04,3,-0.043382655158638955
294,5,1000,1,2.7,3,-0.043382309935987
294,6,1000,1,2.75,3,-0.04338245202600956
294,7,1000,3,7.76,4,-0.04338293020427227
294,8,980,4,10.0,3,-0.043383049223648044
294,9,1000,5,6.77,3,-0.04338425449281931
294,10,1000,3,4.9,4,-0.04338237734511494
294,11,1000,1,2.8,4,-0.043381191831082105
294,12,120,3,10.11,4,-0.04338105336452524
294,13,228,3,10.0,3,-0.04338191918571267
294,14,96,3,10.03,4,-0.04338378486378739
294,15,106,4,10.04,3,-0.04338483934132558
294,16,1000,4,7.84,2,-0.04338441666960716
294,17,1000,1,2.85,4,-0.04338295674324036
294,18,1000,2,3.39,3,-0.04338229329511523
294,19,1000,1,2.96,5,-0.043382056400179864
294,20,1000,5,3.97,3,-0.04338240528851747
294,21,129,4,10.01,4,-0.04338209521631862
294,22,120,4,10.08,4,-0.04338107869649927
294,23,1000,3,5.1,2,-0.04338126900792122
294,24,1000,2,3.26,2,-0.04338118486106396
294,25,1000,3,7.29,3,-0.04338045921176672
294,26,1000,2,3.1,2,-0.04338028497248888
294,27,1000,2,2.81,1,-0.04338022879138589
295,1,1000,3,5.51,3,0.10576857353746891
295,2,1000,3,5.22,3,0.1057680918648839
295,3,1000,3,5.87,3,0.10576773602515459
295,4,1000,3,6.88,3,0.10576715984195471
295,5,1000,3,7.6,3,0.10576697384566068
295,6,1000,3,9.02,3,0.10576723877340555
295,7,185,4,10.09,3,0.10576734067620458
295,8,1000,4,8.7,2,0.10576714836061
295,9,1000,4,7.21,2,0.10576719596982002
295,10,140,4,10.09,3,0.10576709221516337
295,11,1000,1,2.84,4,0.10576684207469225
295,12,102,3,10.04,7,0.10576793083957597
295,13,1000,3,7.03,1,0.10576842036098241
295,14,1000,3,3.2,2,0.10576926382631063
295,15,1000,1,2.74,3,0.10577017415314913
295,16,1000,1,2.53,1,0.10577039420604706
296,1,1000,3,5.42,3,0.05781505154445767
296,2,1000,3,3.49,2,0.057815748497843746
296,3,1000,3,4.55,2,0.05781606074422598
296,4,1000,2,3.78,4,0.05781624610722065
296,5,1000,2,4.36,6,0.0578165359608829
296,6,1000,2,4.84,4,0.05781609885022044
296,7,1000,2,4.06,3,0.057816252786666154
296,8,1000,1,2.85,4,0.05781604685634375
296,9,1000,1,2.75,3,0.05781618678942323
296,10,1000,1,2.8,3,0.05781613155081868
296,11,1000,2,3.12,2,0.05781605384871363
296,12,1000,3,8.33,5,0.05781599090620875
296,13,111,4,10.03,4,0.05781581668971895
296,14,119,4,10.08,3,0.05781607404977333
296,15,112,4,10.08,3,0.05781613147285368
296,16,97,4,10.02,3,0.05781625844922263
296,17,108,4,10.07,3,0.05781631320025082
296,18,1000,4,5.74,5,0.057816417675465345
296,19,114,5,10.11,5,0.05781620283398712
296,20,107,4,10.03,5,0.057816100872565654
296,21,109,4,10.09,3,0.05781607849335452
296,22,126,5,10.03,3,0.05781683606642579
296,23,133,4,10.08,3,0.05781704260218412
296,24,144,5,10.1,3,0.05781649645521409
296,25,138,5,10.09,3,0.05781604228136332
296,26,1000,3,9.19,3,0.05781581368297339
296,27,129,4,10.06,6,0.05781690522219784
296,28,108,4,10.03,4,0.057817267495448944
296,29,1000,4,3.85,8,0.05781669167429209
296,30,102,4,10.04,6,0.05781659476605116
296,31,124,5,10.06,4,0.05781654613993822
296,32,94,3,10.02,3,0.05781686159365989
296,33,99,3,10.07,3,0.05781736984999493
296,34,96,3,10.04,13,0.05781803509065261
296,35,98,3,10.01,6,0.057818000680025745
296,36,97,3,10.08,9,0.05781881534254428
296,37,1000,1,4.23,17,0.05781933006644249
296,38,1000,1,3.73,12,0.05781899693980813
297,1,1000,3,5.4,3,0.01814478562027216
297,2,1000,3,6.17,3,0.018144588686525822
297,3,1000,4,8.43,3,0.01814442676305771
297,4,1000,3,6.4,3,0.018144725577905776
297,5,1000,3,7.37,3,0.018144981637597084
297,6,1000,3,6.91,4,0.01814392561465502
297,7,1000,3,6.92,4,0.018143721025437116
297,8,166,4,10.04,7,0.018143507719309216
297,9,863,3,10.0,4,0.018145432233862224
297,10,1000,3,6.45,2,0.018146524576470254
297,11,1000,3,4.47,1,0.01814755188859999
297,12,1000,3,4.27,1,0.018147119311615823
297,13,1000,3,3.87,1,0.018146431934088467
297,14,1000,2,3.79,3,0.0181467739995569
297,15,1000,2,4.09,3,0.018146114602684976
297,16,95,3,10.03,2,0.018147321692422818
297,17,112,4,10.03,8,0.01814746460877359
297,18,140,5,10.01,3,0.01814759788768632
297,19,1000,5,5.67,3,0.018147668020799756
297,20,134,4,10.1,2,0.018148615483695
297,21,111,4,10.06,5,0.018149104338508467
297,22,118,4,10.06,10,0.018149188135640097
297,23,527,6,10.0,3,0.018148399401717665
297,24,255,6,10.03,3,0.01814902042787449
297,25,117,5,10.04,3,0.018148821261194017
297,26,105,5,10.0,3,0.018148946052505856
297,27,1000,2,5.84,10,0.01814992534182966
297,28,114,5,10.03,1,0.01815031794014207
297,29,1000,2,6.32,5,0.01815078917890787
297,30,580,4,10.0,3,0.018150461204992287
297,31,185,4,10.09,3,0.018150210169118802
297,32,1000,1,3.16,6,0.018151135843247176
297,33,104,3,10.04,8,0.01815109674890454
297,34,1000,2,6.34,7,0.018151561655104162
297,35,94,3,10.03,8,0.018151268263922094
297,36,90,4,10.04,2,0.01815170507050223
297,37,107,4,10.09,4,0.018153081465268804
297,38,106,4,10.02,3,0.018153425358798145
297,39,167,4,10.02,5,0.018153688853640042
297,40,262,4,10.03,5,0.01815373581329375
297,41,1000,2,4.88,2,0.018154528738930822
297,42,1000,1,2.91,4,0.018155381472781302
297,43,100,3,10.04,3,0.0181571102142334
297,44,1000,3,6.53,3,0.01815768615156412
297,45,1000,3,6.96,1,0.01815779106877744
297,46,72,3,10.06,10,0.018158333815841213
297,47,1000,2,2.9,2,0.018160227527841924
297,48,1000,0,2.49,0,0.01816168986260891
298,1,1000,3,5.4,3,0.07978736696392298
298,2,1000,3,4.08,2,0.0797856187671423
298,3,1000,3,3.6,2,0.07978451190888881
298,4,1000,2,2.87,2,0.07978378023952246
298,5,1000,3,4.08,3,0.07978330920636655
298,6,1000,2,3.31,2,0.07978294591605663
298,7,1000,4,8.31,3,0.07978250969201327
298,8,114,6,10.01,1,0.0797823140103566
298,9,1000,3,4.7,1,0.07978294239193201
298,10,1000,4,6.3,1,0.07978312259167433
298,11,1000,4,6.74,1,0.07978325898945332
298,12,1000,3,4.46,3,0.07978239104896784
298,13,1000,2,5.54,5,0.07978186508268117
298,14,1000,2,4.74,5,0.07978056293725967
298,15,1000,2,3.43,2,0.07978100164234639
298,16,123,4,10.11,3,0.07977950694115181
298,17,1000,4,5.09,1,0.07977943842113018
298,18,1000,2,6.06,4,0.07977904120087624
298,19,99,4,10.04,5,0.07977752929384058
298,20,100,4,10.07,3,0.07977589316666127
298,21,102,4,10.04,3,0.0797748031715552
298,22,100,5,10.07,3,0.0797749375551939
298,23,95,4,10.04,4,0.07977349052303716
298,24,103,4,10.08,2,0.07977400524812994
298,25,93,5,10.11,1,0.07977321816067542
298,26,101,5,10.01,1,0.07977203810864156
298,27,494,3,10.0,6,0.07977135404039491
298,28,176,4,10.01,3,0.07977150956338103
298,29,1000,2,4.6,2,0.07977108991891145
298,30,97,4,10.05,6,0.07977103242247376
298,31,97,4,10.1,3,0.079769012623841
298,32,98,4,10.03,3,0.07976890606235484
298,33,1000,3,4.25,1,0.07976825970411301
298,34,1000,3,8.6,2,0.07976819331943989
298,35,94,4,10.08,5,0.07976783954716743
298,36,108,4,10.1,4,0.07976513935459985
298,37,96,4,10.06,6,0.07976365694776177
298,38,99,4,10.04,7,0.0797634565770024
298,39,95,4,10.01,5,0.07976304810298117
298,40,106,5,10.05,5,0.079763254256181
298,41,86,3,10.11,3,0.07976245403636334
298,42,93,3,10.07,8,0.07976087054578207
298,43,99,3,10.05,3,0.07976032928986983
298,44,104,4,10.11,3,0.0797594845868074
298,45,102,3,10.04,12,0.07975843015546892
298,46,103,3,10.02,11,0.07975907884176495
298,47,96,3,10.02,8,0.07975868166734774
298,48,104,5,10.02,2,0.07975757007415478
298,49,94,4,10.0,1,0.07975599407515627
298,50,91,3,10.06,9,0.07975502983554379
298,51,86,4,10.06,3,0.07975365507394769
298,52,107,5,10.05,3,0.0797531971725348
298,53,1000,2,5.83,3,0.07975286914408207
298,54,1000,1,3.35,8,0.07975080458819866
298,55,1000,1,3.77,11,0.0797510739788413
299,1,1000,3,5.62,3,0.11669872472435236
299,2,1000,3,5.4,3,0.1166990412697196
299,3,1000,3,4.43,2,0.11669903868436814
299,4,1000,4,4.86,3,0.11669934756308795
299,5,1000,2,3.6,2,0.11669978519529105
299,6,1000,3,3.93,3,0.11670008391141891
299,7,1000,3,4.82,2,0.11670036548376084
299,8,1000,2,3.98,2,0.11670052019506692
299,9,1000,1,3.09,6,0.1167007906511426
299,10,1000,3,4.08,3,0.11670111968368292
299,11,1000,2,6.79,5,0.11670078017562628
299,12,1000,1,3.1,6,0.11670118170976639
299,13,1000,1,3.2,7,0.1167004411816597
299,14,1000,2,3.98,5,0.1167009938582778
299,15,1000,3,4.59,3,0.11670157542079687
299,16,890,4,10.0,5,0.11670179041416458
299,17,1000,1,2.89,4,0.11670265899598599
299,18,1000,1,2.75,3,0.11670304273813963
299,19,1000,2,3.73,9,0.11670334818214179
299,20,1000,2,3.57,1,0.1167041424959898
299,21,1000,2,3.96,7,0.11670433112233877
299,22,112,5,10.05,3,0.116703807176756
299,23,102,5,10.08,3,0.11670402072223962
299,24,1000,6,9.06,3,0.11670473307371139
299,25,1000,3,3.52,1,0.11670515692234039
299,26,1000,3,3.64,1,0.11670595794916153
299,27,104,4,10.06,1,0.1167056541173504
299,28,1000,6,8.67,1,0.11670552503317594
299,29,1000,5,5.98,1,0.11670543033629656
299,30,131,6,10.0,1,0.11670564086610125
299,31,1000,5,6.98,1,0.11670607636123896
299,32,1000,6,7.85,1,0.11670669373869896
299,33,685,6,10.0,1,0.11670706219916796
299,34,731,6,10.0,1,0.11670685746030507
299,35,107,5,10.04,1,0.11670688254253886
299,36,96,6,10.01,1,0.11670792079530656
299,37,1000,5,4.99,1,0.11670869858562946
299,38,1000,2,3.66,6,0.11670921650528908
299,39,1000,2,3.27,1,0.11670712723582984
299,40,1000,2,2.91,1,0.11670718719065189
299,41,1000,2,2.9,1,0.1167076674103737
299,42,1000,2,2.94,1,0.11670749814808369
299,43,1000,2,2.91,1,0.11670822571218013
300,1,1000,3,5.68,3,-0.08247125700116158
300,2,1000,3,5.95,3,-0.08247127383947372
300,3,1000,4,7.34,3,-0.08247171846032143
300,4,1000,3,5.31,2,-0.08247157028317452
300,5,1000,1,2.81,3,-0.08247175438702106
300,6,1000,2,5.52,7,-0.08247266221791506
300,7,1000,2,5.17,6,-0.0824730217680335
300,8,1000,1,2.77,3,-0.08247344961762429
300,9,1000,2,4.49,6,-0.08247389659285545
300,10,1000,2,4.44,6,-0.08247298976778984
300,11,1000,2,2.91,3,-0.08247337716072797
300,12,1000,3,4.46,4,-0.08247313475608825
300,13,1000,2,4.02,7,-0.08247343557327985
300,14,1000,2,2.95,1,-0.0824740403369069
300,15,1000,2,3.32,2,-0.08247431191802025
300,16,1000,2,4.25,5,-0.08247413974255323
300,17,1000,2,4.12,2,-0.0824743529111147
300,18,1000,1,3.24,7,-0.08247638041526079
300,19,1000,1,2.77,3,-0.08247671648859978
300,20,1000,1,2.78,3,-0.08247714557498693
300,21,1000,3,6.74,3,-0.08247739044576884
300,22,1000,3,6.75,3,-0.08247825375944376
300,23,1000,3,5.37,3,-0.08247836823016405
300,24,1000,3,4.62,4,-0.08247876438498497
300,25,1000,4,4.4,3,-0.08247935728728771
300,26,1000,4,4.22,1,-0.0824793075621128
300,27,1000,3,5.81,3,-0.0824810198917985
300,28,1000,3,5.98,6,-0.08248058339953422
300,29,1000,1,2.76,3,-0.08248303239047527
301,1,1000,3,5.64,3,-0.09855565340816974
301,2,1000,3,3.97,2,-0.09855591402202844
301,3,1000,2,3.13,2,-0.09855562703311443
301,4,1000,3,4.47,2,-0.09855633173137904
301,5,1000,3,4.73,3,-0.0985569151416421
301,6,1000,3,5.01,3,-0.09855676361173392
301,7,1000,2,3.12,3,-0.0985570445433259
301,8,1000,3,6.99,6,-0.09855759593844414
301,9,1000,2,3.29,4,-0.09855712907761335
301,10,1000,3,3.76,4,-0.09855696873366833
301,11,281,6,10.11,3,-0.09855808309706929
301,12,122,6,10.02,3,-0.09855754984939685
301,13,1000,5,6.98,1,-0.09855777789652348
301,14,1000,3,3.47,3,-0.09855808764696121
301,15,1000,2,3.11,3,-0.09855824529379606
301,16,1000,3,4.78,3,-0.09855654124170542
301,17,178,6,10.07,3,-0.09855701887373174
301,18,89,4,10.03,2,-0.09855638921595691
301,19,1000,4,8.09,2,-0.09855595862120389
301,20,1000,4,4.62,1,-0.09855545186251402
301,21,1000,3,9.74,4,-0.09855624502152205
301,22,89,4,10.2,3,-0.09855568501051892
301,23,102,5,10.06,3,-0.09855548255875998
301,24,150,6,10.02,3,-0.09855529631177584
301,25,1000,5,8.18,2,-0.09855573146790265
301,26,115,5,10.02,2,-0.09855461541725241
301,27,102,4,10.03,3,-0.09855468322833379
301,28,115,5,10.1,3,-0.09855481645335322
301,29,186,4,10.0,1,-0.09855517969336561
301,30,98,4,10.08,4,-0.0985561992440905
301,31,106,4,10.09,4,-0.09855677194471629
301,32,108,5,10.11,3,-0.09855523312257396
301,33,90,3,10.06,3,-0.09855464787946808
301,34,153,5,10.04,3,-0.09855410407960805
301,35,132,4,10.11,3,-0.09855321049690247
301,36,98,4,10.06,4,-0.09855525378061801
301,37,114,5,10.07,3,-0.09855527313132036
301,38,1000,3,4.13,3,-0.09855462288111448
301,39,1000,3,6.08,3,-0.0985568131506443
301,40,113,5,10.04,3,-0.09855724343683868
301,41,1000,3,4.21,4,-0.09855749665945768
301,42,1000,1,2.56,1,-0.0985570102930069
301,43,1000,2,2.91,2,-0.09855457408726215
301,44,1000,3,3.37,3,-0.09855466172099113
301,45,1000,1,2.56,1,-0.09855420887470245
302,1,1000,3,5.79,3,0.08115143743902445
302,2,1000,3,4.66,3,0.08115202315151691
302,3,1000,3,9.98,5,0.08115277330577374
302,4,1000,4,7.14,3,0.0811526859253645
302,5,594,4,10.0,6,0.08115262125527818
302,6,106,3,10.07,9,0.08115292537324834
302,7,1000,3,9.06,5,0.08115351934731006
302,8,1000,3,9.18,4,0.0811522344276309
302,9,1000,3,5.05,2,0.08115294055640697
302,10,1000,3,5.53,2,0.08115314102172852
302,11,1000,2,2.62,1,0.08115462213754654
303,1,1000,3,5.65,3,-0.11859611332416535
303,2,1000,3,5.78,3,-0.11859469424188138
303,3,1000,4,5.03,3,-0.11859410890936851
303,4,1000,2,3.14,2,-0.11859329286962747
303,5,1000,2,3.86,4,-0.11859245835989714
303,6,1000,3,4.58,3,-0.11859289757162332
303,7,1000,3,4.8,3,-0.11859259347617626
303,8,1000,3,4.46,2,-0.11859201923757791
303,9,1000,2,3.42,2,-0.1185911799967289
303,10,1000,2,3.12,2,-0.11859094084054232
303,11,1000,2,4.48,6,-0.11859031412750483
303,12,1000,3,7.1,2,-0.11859014935791493
303,13,1000,2,5.49,7,-0.1185918136909604
303,14,130,5,10.01,3,-0.11859157429291652
303,15,1000,5,5.95,2,-0.11859090132266283
303,16,1000,4,4.2,3,-0.11858912585675717
303,17,1000,2,2.9,2,-0.11858823291957378
303,18,1000,2,3.36,2,-0.11858736932277679
303,19,1000,2,4.06,2,-0.11858653684705496
303,20,1000,2,4.26,4,-0.11858530540019274
303,21,1000,2,5.58,7,-0.11858405946940184
303,22,1000,5,6.71,1,-0.11858486934006214
303,23,1000,3,6.72,3,-0.11858471225947141
303,24,1000,2,2.91,2,-0.11858379527926445
303,25,105,4,10.06,3,-0.11858447988828023
303,26,1000,1,2.89,4,-0.11858353056758643
303,27,1000,1,2.66,2,-0.11858317099511623
303,28,1000,1,2.69,2,-0.11858172222971916
303,29,1000,1,2.81,3,-0.11858060736209154
303,30,1000,3,7.28,4,-0.11858020773530006
303,31,1000,2,4.14,3,-0.11857951294630766
303,32,1000,3,3.59,1,-0.11857833652198314
303,33,107,6,10.0,3,-0.11857689798713844
303,34,1000,6,6.79,3,-0.11857563225179911
303,35,1000,4,6.92,1,-0.11857431998848915
303,36,1000,4,8.37,3,-0.1185746203288436
303,37,1000,2,2.71,1,-0.11857514083385468
303,38,1000,3,3.55,1,-0.11857295303791761
303,39,1000,2,3.39,4,-0.11857220900803804
303,40,1000,3,4.88,2,-0.11857090383023024
303,41,1000,2,2.86,1,-0.11856941789388657
303,42,1000,1,2.63,1,-0.11856798082590103
304,1,1000,3,5.6,3,0.1151435799524188
304,2,1000,3,6.67,3,0.11514321852475405
304,3,1000,4,6.22,3,0.11514281354099512
304,4,1000,3,3.58,1,0.11514234325289727
304,5,1000,2,2.77,1,0.11514225412905216
304,6,1000,3,4.42,3,0.1151420947983861
304,7,1000,3,8.29,9,0.11514204463362694
304,8,1000,3,3.93,1,0.11514165223389863
304,9,1000,3,4.47,1,0.11514194710552693
304,10,1000,3,7.75,1,0.11514173777401447
304,11,1000,3,9.38,1,0.11514167788624763
304,12,1000,3,4.82,1,0.1151419388577342
304,13,1000,3,4.76,1,0.11514177139103413
304,14,126,5,10.03,1,0.11514148045153845
304,15,481,5,10.0,1,0.11514122496027956
304,16,102,4,10.04,1,0.11514081630636663
304,17,1000,3,8.57,4,0.11514110947400331
304,18,1000,3,6.5,2,0.11514169762283563
304,19,113,4,10.06,3,0.11514256235245054
304,20,155,4,10.1,5,0.11514272487932636
304,21,153,4,10.08,4,0.1151429821365799
304,22,1000,3,5.08,3,0.1151426061168313
304,23,104,5,10.02,4,0.11514239428708187
304,24,93,5,10.03,4,0.11514378146779153
304,25,115,4,10.11,10,0.1151452370311903
304,26,109,5,10.09,3,0.11514581575853015
304,27,1000,5,9.18,3,0.1151459273993969
304,28,133,4,10.08,5,0.11514610858788167
304,29,1000,2,6.06,5,0.11514613991230727
304,30,1000,4,6.02,2,0.11514578483253718
304,31,1000,3,4.88,3,0.11514575251191854
304,32,1000,2,3.62,2,0.11514638826996088
304,33,1000,3,4.51,3,0.1151474515274167
304,34,1000,3,6.36,3,0.11514760024100543
304,35,1000,3,4.26,3,0.11514749012887478
304,36,1000,3,6.26,2,0.1151468508541584
304,37,1000,2,4.23,8,0.11514738734066486
304,38,1000,2,3.47,1,0.11514795850217342
304,39,1000,3,4.48,1,0.11514909644424916
304,40,1000,2,3.43,2,0.11514862757176161
304,41,1000,1,2.79,3,0.11514875574409962
304,42,1000,1,2.67,2,0.1151484095081687
305,1,1000,3,5.7,3,-0.1307748606353998
305,2,1000,3,5.11,3,-0.13077474249899387
305,3,1000,2,3.81,3,-0.13077494111657142
305,4,1000,3,6.8,3,-0.13077513109147548
305,5,1000,4,7.34,3,-0.1307753331810236
305,6,1000,4,5.09,3,-0.13077513760328294
305,7,1000,3,4.79,3,-0.1307747277468443
305,8,1000,3,4.29,4,-0.1307765821516514
305,9,1000,3,4.18,3,-0.13077672256529332
305,10,1000,3,4.85,3,-0.13077601939439773
305,11,109,5,10.11,4,-0.13077656418905345
305,12,96,4,10.11,4,-0.1307760748701791
305,13,101,5,10.02,4,-0.13077668506320161
305,14,1000,3,2.93,1,-0.13077726967632772
305,15,1000,2,3.26,1,-0.13077764292061328
305,16,1000,2,2.82,1,-0.13077778667211531
305,17,1000,2,3.84,1,-0.13077828262746333
305,18,83,4,10.15,1,-0.13077870801270727
305,19,96,4,10.0,1,-0.1307791640671591
305,20,120,5,10.08,1,-0.13077889184157054
305,21,94,3,10.09,7,-0.13077671461282891
305,22,1000,2,6.77,6,-0.13077561512589456
305,23,95,4,10.11,3,-0.13077660987251682
305,24,97,3,10.08,9,-0.13077523981787495
305,25,93,3,10.06,4,-0.13077465004177505
305,26,970,5,10.0,1,-0.13077599977709584
305,27,1000,3,3.82,1,-0.1307764120697975
305,28,91,3,10.06,3,-0.13077620605191032
305,29,102,3,10.02,11,-0.1307759337565478
305,30,1000,5,7.53,3,-0.1307771421223879
305,31,101,5,10.05,3,-0.13077588084310587
305,32,94,4,10.02,4,-0.13077643323451915
305,33,98,3,10.04,3,-0.1307775772043637
305,34,99,3,10.06,8,-0.13077733026008415
305,35,799,3,10.0,12,-0.13077648336508396
305,36,642,3,10.0,13,-0.130778154039123
305,37,82,2,10.02,11,-0.13077785183743731
306,1,1000,3,5.65,3,-0.029025064997375012
306,2,1000,3,3.9,2,-0.029025798952206968
306,3,1000,3,6.68,3,-0.02902582447230816
306,4,1000,3,8.79,7,-0.02902541145309806
306,5,1000,3,6.5,4,-0.02902535570785403
306,6,1000,3,6.61,2,-0.02902541219070554
306,7,1000,2,3.46,3,-0.029025637106969954
306,8,1000,3,9.39,3,-0.029026766303926706
306,9,116,5,10.03,3,-0.02902633977797011
306,10,138,5,10.01,2,-0.02902677976458833
306,11,1000,3,6.37,7,-0.02902608240954578
306,12,1000,2,5.57,7,-0.029026275591924788
306,13,1000,2,3.52,3,-0.02902731277048588
306,14,1000,1,3.92,13,-0.02902707989513874
306,15,1000,3,6.41,3,-0.029026888839900494
306,16,93,3,10.05,3,-0.029027353852025924
306,17,135,4,10.01,2,-0.029028648731333238
306,18,136,4,10.03,4,-0.02902928860310246
306,19,103,5,10.01,3,-0.029029373640140282
306,20,101,3,10.04,4,-0.029030058477627168
306,21,94,3,10.06,4,-0.02902950925078798
306,22,95,3,10.01,5,-0.029029963969400056
306,23,96,3,10.09,6,-0.02902935876045376
306,24,93,4,10.02,5,-0.02903207856160338
306,25,96,4,10.09,2,-0.02903379125442977
306,26,1000,3,4.48,2,-0.029033630441874264
306,27,92,3,10.07,10,-0.029033884284612926
306,28,91,3,10.06,4,-0.029034287392438112
306,29,131,4,10.02,4,-0.029034143825637477
306,30,97,4,10.03,4,-0.029034886067521942
306,31,1000,3,8.06,2,-0.029035230897367002
306,32,94,3,10.11,4,-0.029034760126725158
306,33,1000,3,8.32,4,-0.029035703787580133
306,34,109,3,10.1,6,-0.029036547920299232
306,35,92,3,10.02,5,-0.029036258873732193
306,36,1000,3,8.93,2,-0.02903740657866001
306,37,90,3,10.05,4,-0.029037921151353254
306,38,100,4,10.08,5,-0.02903779100626707
306,39,93,4,10.11,5,-0.029037749314660667
306,40,90,4,10.05,3,-0.02903875605099731
306,41,102,4,10.09,8,-0.029039189493393198
306,42,107,4,10.02,4,-0.02904011953239129
306,43,1000,3,6.8,2,-0.029040267173200844
306,44,103,4,10.05,8,-0.02903945836265689
306,45,138,5,10.11,3,-0.02903927460420823
306,46,108,4,10.06,4,-0.02903877288379051
306,47,137,5,10.07,1,-0.02903943545572514
306,48,161,6,10.0,2,-0.02903856559199576
306,49,1000,3,5.53,3,-0.029038020081818102
306,50,94,3,10.09,17,-0.029039965110256315
306,51,1000,3,6.22,3,-0.029040802791714667
306,52,1000,3,5.52,1,-0.02904189155995846
306,53,1000,3,6.26,4,-0.02904183520190418
306,54,1000,2,8.6,7,-0.0290415374096483
307,1,1000,3,5.64,3,-0.1138089001700282
307,2,1000,3,4.06,2,-0.11380882981419563
307,3,1000,3,5.33,2,-0.11380857913196087
307,4,1000,3,3.52,2,-0.11380873568356037
307,5,1000,3,4.1,2,-0.11380876056104898
307,6,1000,3,4.16,3,-0.1138089908361435
307,7,1000,3,5.55,3,-0.11380902656167746
307,8,1000,3,4.96,2,-0.11380942466855049
307,9,103,4,10.04,4,-0.11380928299091395
307,10,1000,5,8.21,3,-0.11380877247452736
307,11,1000,3,3.18,1,-0.1138091257661581
307,12,1000,3,6.38,1,-0.11380853351950646
307,13,1000,2,3.15,3,-0.11380837304890155
307,14,1000,3,5.29,7,-0.1138085305839777
307,15,1000,2,3.02,1,-0.1138089636862278
307,16,1000,2,2.67,1,-0.11380954831838608
307,17,1000,2,2.95,2,-0.11380936646461487
307,18,1000,3,6.15,8,-0.11381046390533447
307,19,1000,6,7.51,2,-0.11380995256453752
307,20,193,5,10.03,4,-0.11380990567602642
307,21,1000,2,3.61,2,-0.11380954463034869
307,22,1000,2,2.92,2,-0.11380940516293049
307,23,1000,2,3.86,4,-0.11380898313969373
307,24,1000,1,3.17,6,-0.11380806324630975
307,25,107,4,10.06,3,-0.1138082840871588
307,26,90,3,10.02,4,-0.11380852709213893
307,27,87,3,10.09,6,-0.11380851808293112
307,28,129,4,10.08,4,-0.11380876306184502
307,29,1000,3,7.46,2,-0.11380922050774098
307,30,1000,3,5.45,2,-0.11380920720845461
307,31,1000,6,9.95,3,-0.11381007246673107
307,32,1000,5,6.66,3,-0.11381013126671315
307,33,1000,3,7.59,9,-0.11380979885905981
307,34,1000,5,6.6,3,-0.11381019641458988
307,35,1000,1,2.81,3,-0.11380996930599213
307,36,1000,3,7.7,4,-0.11381033188104629
307,37,98,4,10.03,3,-0.11380954991493906
307,38,1000,4,7.87,2,-0.11380954844504595
307,39,1000,2,4.13,4,-0.1138093896433711
307,40,1000,3,3.98,3,-0.11380977613478899
307,41,1000,2,2.97,1,-0.1138094661384821
307,42,1000,3,3.69,1,-0.11380904503166675
307,43,1000,2,2.87,1,-0.11380833838135004
307,44,1000,0,2.42,0,-0.11380838602781296
308,1,1000,3,5.65,3,-0.05459390937536955
308,2,1000,3,4.12,2,-0.054593714877963065
308,3,1000,3,4.72,3,-0.05459420785307884
308,4,1000,4,4.02,3,-0.054594842560589316
308,5,139,3,10.0,6,-0.0545945884726888
308,6,1000,3,8.39,6,-0.05459477461129427
308,7,1000,1,2.76,3,-0.054595456391572955
308,8,1000,3,5.6,2,-0.054595796398818494
308,9,1000,2,3.67,5,-0.054595338374376294
308,10,123,3,10.02,4,-0.05459530272982954
308,11,1000,2,3.38,2,-0.05459518040716648
308,12,1000,3,6.82,4,-0.05459483178704977
308,13,1000,3,5.02,4,-0.05459508826583624
308,14,1000,3,4.53,5,-0.054594973772764205
308,15,1000,2,3.92,4,-0.05459429061412811
308,16,1000,3,3.86,2,-0.05459387319907546
308,17,1000,2,3.85,3,-0.05459434860944748
308,18,1000,2,4.83,3,-0.05459438186883926
308,19,1000,3,3.78,1,-0.054594199359416964
308,20,1000,3,5.87,6,-0.0545936431735754
308,21,1000,3,3.92,2,-0.05459370818734169
308,22,1000,3,4.5,2,-0.054593490913510324
308,23,1000,3,6.28,5,-0.0545928725078702
308,24,1000,3,9.51,4,-0.054592815812677144
308,25,1000,3,6.73,3,-0.05459261381626129
308,26,792,3,10.0,3,-0.054592414683841094
308,27,1000,2,4.11,2,-0.054592031791806224
308,28,1000,3,3.55,1,-0.054590876743197445
309,1,1000,3,5.64,3,0.006686742796562612
309,2,1000,3,4.41,3,0.00668632201012224
309,3,1000,3,4.02,2,0.00668590354733169
309,4,1000,2,3.57,2,0.006685631865635514
309,5,1000,2,3.83,3,0.006685680195689201
309,6,1000,1,2.79,3,0.006685209185816348
309,7,1000,1,2.86,4,0.006684197245165706
309,8,1000,1,2.66,2,0.006684566438198089
309,9,1000,2,4.03,2,0.006684024127200246
309,10,1000,1,3.01,5,0.006684134836308658
309,11,1000,2,3.8,2,0.006685110699385405
309,12,1000,2,4.07,4,0.006685272017493844
309,13,1000,3,4.0,2,0.0066862144311890005
309,14,1000,3,3.65,1,0.006686334585770964
309,15,286,5,10.0,3,0.006686098284211817
309,16,1000,5,5.66,1,0.006685473176650703
309,17,1000,3,3.85,1,0.006685296107083559
309,18,1000,1,2.69,2,0.006685306314378977
309,19,1000,2,3.86,4,0.006685031024739147
309,20,1000,1,3.91,13,0.00668605528678745
309,21,1000,2,4.47,6,0.0066863722540438176
309,22,1000,2,3.81,3,0.0066865021996200084
309,23,1000,1,3.34,8,0.006686087977141142
309,24,1000,2,5.12,8,0.006686286737211049
309,25,96,4,10.03,3,0.006681741234691192
309,26,334,4,10.0,6,0.006684877605785331
309,27,113,4,10.02,5,0.006684647988429111
309,28,1000,2,4.43,2,0.006682808998972178
309,29,1000,2,5.19,3,0.006684564417228102
309,30,1000,2,4.43,4,0.006684791930951178
309,31,1000,4,4.47,2,0.006684443861246109
309,32,1000,2,3.02,3,0.00668417379911989
310,1,1000,3,5.67,3,-0.09512506597489119
310,2,1000,3,4.59,3,-0.09512400420755147
310,3,1000,3,4.0,2,-0.09512333299219608
310,4,1000,2,3.77,6,-0.09512276248633862
310,5,1000,2,3.1,3,-0.09512191437184811
310,6,1000,2,2.84,2,-0.09512151896953583
310,7,1000,2,3.72,6,-0.0951217006444931
310,8,1000,3,3.93,3,-0.09512198009341956
310,9,1000,4,6.77,3,-0.09512133200466633
310,10,1000,3,5.47,3,-0.0951206667125225
310,11,568,4,10.0,3,-0.09511999308433332
310,12,1000,3,6.2,2,-0.09512031828612089
310,13,132,4,10.02,3,-0.09512024084952744
310,14,121,4,10.03,4,-0.09511941369653733
310,15,1000,3,3.13,2,-0.09511946271359921
310,16,1000,4,3.93,1,-0.0951193490549922
310,17,1000,3,7.57,10,-0.09511869901418686
310,18,1000,2,3.47,2,-0.09511876997351647
310,19,109,5,10.07,1,-0.09511902634430369
310,20,1000,3,4.73,5,-0.09511868394166231
310,21,1000,2,5.83,4,-0.09511870179325342
310,22,1000,2,4.61,3,-0.09511843902617693
310,23,1000,3,6.76,1,-0.09511780165880919
310,24,819,3,10.0,4,-0.09511810774950172
310,25,1000,1,2.66,2,-0.09511706233024597
310,26,1000,1,2.81,3,-0.09511714612692594
310,27,1000,1,2.61,2,-0.09511735284328461
311,1,1000,3,5.61,3,-0.030382150901481508
311,2,1000,3,4.78,3,-0.030381948314607145
311,3,1000,3,5.33,2,-0.030382808541879056
311,4,1000,3,3.89,1,-0.030383328855037688
311,5,1000,3,5.33,2,-0.030383911184966562
311,6,1000,3,5.31,2,-0.030384721990674733
311,7,1000,3,5.36,2,-0.030384963324293496
311,8,1000,2,3.8,3,-0.03038556103222072
311,9,1000,3,5.35,2,-0.03038699463941157
311,10,1000,3,4.14,3,-0.030388024104759097
311,11,1000,2,4.43,6,-0.03038798807002604
311,12,1000,3,6.31,5,-0.030387916101142765
311,13,1000,3,8.1,5,-0.03038830385915935
311,14,1000,2,3.1,1,-0.030388174291700126
311,15,1000,3,3.69,8,-0.030388169327750802
311,16,1000,2,4.26,4,-0.030388249892741442
311,17,1000,3,6.7,4,-0.03038827868178487
311,18,1000,3,9.19,6,-0.03038798598945141
311,19,1000,2,4.26,4,-0.030386857818812132
311,20,172,3,10.05,5,-0.030389273983188147
311,21,162,4,10.04,4,-0.03038887749713512
311,22,1000,3,8.9,1,-0.030389078544452785
311,23,1000,3,8.88,1,-0.030389622446149588
311,24,1000,3,8.82,1,-0.030389468824490905
311,25,1000,3,8.07,1,-0.030389255629852414
311,26,1000,3,8.96,2,-0.030389044819399715
311,27,96,3,10.09,2,-0.030388455430511385
311,28,92,3,10.11,2,-0.030388552776497345
311,29,96,3,10.05,7,-0.030387666076421738
311,30,266,3,10.0,4,-0.030387674521346737
311,31,728,3,10.0,4,-0.030387406695408972
311,32,1000,3,8.34,4,-0.030387270096689463
311,33,1000,3,4.39,1,-0.030386745089665056
311,34,1000,3,5.79,1,-0.030386572817340494
311,35,95,3,10.0,5,-0.030385932561598324
311,36,105,3,10.06,3,-0.030386378580615634
311,37,102,4,10.05,3,-0.03038568922555914
311,38,133,5,10.05,4,-0.030385490114751616
311,39,1000,4,6.85,1,-0.0303857341632247
311,40,111,4,10.02,1,-0.030386044098450256
311,41,131,5,10.02,1,-0.030386261258075257
311,42,93,3,10.08,4,-0.03038594242866321
311,43,1000,3,5.7,1,-0.030385444775223733
311,44,1000,2,5.56,7,-0.03038893675804138
311,45,120,3,10.11,6,-0.03038507344511648
311,46,92,3,10.03,3,-0.03038485860452056
311,47,1000,3,6.03,1,-0.030387667376548053
311,48,1000,3,5.37,1,-0.03038581137545407
311,49,1000,3,6.38,5,-0.030385135777294636
311,50,95,3,10.05,6,-0.030383626057913428
311,51,1000,1,2.53,1,-0.03038197197020054
312,1,1000,3,5.59,3,-0.1364101153612137
312,2,1000,3,5.31,3,-0.13641009773314
312,3,1000,4,5.35,2,-0.13641033954918386
312,4,1000,2,2.87,1,-0.13641034176945685
312,5,1000,3,4.5,2,-0.1364101945310831
312,6,1000,2,3.81,3,-0.13640947242081164
312,7,1000,3,5.84,3,-0.136409120708704
312,8,101,4,10.01,5,-0.13640949867739535
312,9,338,5,10.0,1,-0.13640898770305532
312,10,1000,2,3.52,2,-0.13640866142511368
312,11,1000,3,9.73,3,-0.13640827387571336
312,12,1000,5,9.71,3,-0.13640836828947067
312,13,1000,4,5.13,3,-0.13640874283015728
312,14,1000,4,6.03,3,-0.13640890914201736
312,15,102,5,10.08,3,-0.136408736892775
312,16,1000,5,4.73,1,-0.13640808571875096
312,17,1000,3,3.44,1,-0.1364082372635603
312,18,139,4,10.06,3,-0.13640793504046023
312,19,1000,2,3.35,2,-0.1364081896096468
312,20,129,4,10.09,12,-0.13640803422114645
312,21,92,4,10.01,3,-0.13640719781751218
312,22,101,4,10.04,2,-0.1364068365333104
312,23,1000,4,5.22,1,-0.13640662559866906
312,24,1000,3,4.7,5,-0.13640754871070385
312,25,1000,2,3.87,3,-0.13640805232524872
312,26,1000,2,3.79,2,-0.13640820898115635
312,27,1000,2,6.01,4,-0.13640937434136868
312,28,134,3,10.0,3,-0.1364082959828092
312,29,135,5,10.08,2,-0.13640823397371504
312,30,1000,3,2.78,1,-0.13640820980072021
312,31,1000,1,2.98,5,-0.1364091090708971
312,32,1000,2,3.0,3,-0.1364095047712326
312,33,1000,1,2.64,2,-0.13641000893712044
313,1,1000,3,5.6,3,0.014706225848756731
313,2,1000,3,4.83,2,0.014706174966879189
313,3,1000,3,4.12,2,0.014705706240609288
313,4,1000,2,3.11,2,0.014705267360433935
313,5,1000,1,2.76,3,0.014704968145117164
313,6,1000,2,3.34,2,0.014704909978434443
313,7,1000,3,4.1,3,0.014705130642279983
313,8,1000,2,3.33,4,0.014704627223312854
313,9,1000,2,3.57,2,0.01470476071536541
313,10,1000,1,3.35,8,0.014704577140510083
313,11,1000,2,3.39,4,0.014704423267394304
313,12,1000,2,3.09,2,0.014704004077240825
313,13,1000,1,2.89,4,0.014703901171684266
313,14,1000,2,4.73,4,0.014703414732590318
313,15,1000,1,2.74,3,0.014703807512298226
313,16,1000,1,2.75,3,0.014703783513978124
313,17,1000,1,2.67,2,0.014703604239970445
313,18,1000,1,3.05,5,0.014703500697389245
313,19,1000,2,5.77,5,0.01470341974683106
313,20,1000,2,5.43,5,0.014703524466603994
313,21,1000,2,3.83,3,0.014703248150646686
313,22,1000,2,3.8,3,0.014702881373465062
313,23,1000,2,4.14,3,0.014702924134209752
313,24,1000,4,7.79,3,0.014702772982418537
313,25,1000,3,6.86,3,0.014702253064140677
313,26,119,5,10.03,3,0.014701819242987814
313,27,1000,5,8.94,3,0.014702104339376092
313,28,1000,5,7.38,2,0.014702274713665246
313,29,1000,1,2.76,3,0.01470131566002965
313,30,1000,2,4.43,3,0.014701062360778451
313,31,1000,2,3.36,2,0.014700393518432974
313,32,97,4,10.1,3,0.014699804174147317
313,33,106,3,10.0,7,0.014699826034594257
313,34,1000,4,6.23,3,0.014700101351365447
313,35,1000,3,3.9,4,0.014700296938419342
313,36,92,4,10.07,3,0.01469889677980024
313,37,95,4,10.0,6,0.01470008077786157
313,38,117,5,10.05,2,0.01469968968572525
313,39,99,6,10.05,2,0.014700493380201586
313,40,1000,3,4.06,2,0.0146999823898077
313,41,1000,3,6.45,5,0.014698997909203171
313,42,1000,3,3.03,2,0.014698722809553146
313,43,1000,1,2.67,2,0.014699590351432562
313,44,1000,3,6.18,6,0.014699494065716863
313,45,1000,3,5.65,4,0.014699389854446054
314,1,1000,3,5.66,3,-0.0400416681021452
314,2,1000,3,5.32,3,-0.04004178886115551
314,3,1000,3,5.79,3,-0.040041381724178794
314,4,1000,3,6.11,3,-0.040041279144585135
314,5,1000,3,6.21,3,-0.040041839968413116
314,6,1000,3,6.48,3,-0.04004150231182575
314,7,1000,3,4.39,3,-0.04004132476449013
314,8,963,4,10.0,3,-0.040041465416689896
314,9,1000,3,9.58,2,-0.0400413116812706
314,10,933,3,10.0,2,-0.04004135648425497
314,11,1000,3,7.39,1,-0.04004169548302889
314,12,1000,3,7.11,1,-0.040042078252881766
314,13,1000,3,7.75,1,-0.04004240924119949
314,14,1000,3,7.54,1,-0.04004286867007613
314,15,1000,3,7.33,1,-0.04004307873174548
314,16,1000,3,7.08,1,-0.04004336775094271
314,17,1000,3,6.89,1,-0.040043903555721044
314,18,1000,3,6.92,1,-0.040044270504266025
314,19,1000,3,6.59,1,-0.040044609036296606
314,20,1000,3,6.69,1,-0.04004524136707187
314,21,1000,3,6.61,1,-0.0400457314401865
314,22,1000,3,6.63,1,-0.040046075958758594
314,23,1000,3,6.39,1,-0.040046437717974184
314,24,1000,3,6.17,1,-0.040046866465359925
314,25,1000,3,6.15,1,-0.04004732082411647
314,26,1000,3,6.15,1,-0.0400475775487721
314,27,1000,3,6.13,1,-0.04004801556095481
314,28,1000,3,6.14,1,-0.04004825713858008
314,29,1000,3,6.17,1,-0.04004871667549014
314,30,1000,3,6.13,1,-0.04004915498569608
314,31,1000,3,6.18,1,-0.04004980063065886
314,32,1000,3,6.18,1,-0.040050340626388785
314,33,1000,3,6.14,1,-0.040050683077424765
314,34,1000,3,6.23,1,-0.04005149386450648
314,35,1000,3,6.19,1,-0.04005201901495457
314,36,1000,3,6.22,1,-0.040052633728832006
314,37,1000,3,6.17,1,-0.04005327624455094
314,38,1000,3,6.2,1,-0.04005390443280339
314,39,1000,3,6.17,1,-0.04005475140362978
314,40,1000,3,6.14,1,-0.04005585042014718
314,41,1000,3,6.15,1,-0.04005635879561305
314,42,1000,3,6.15,1,-0.040057185903191565
314,43,1000,3,6.26,1,-0.04005799254402518
314,44,1000,3,6.21,1,-0.04005881008505821
314,45,1000,3,6.17,1,-0.04005960188060999
314,46,1000,3,6.23,1,-0.04006020383909345
314,47,1000,3,6.25,1,-0.04006047803536057
314,48,1000,3,6.3,1,-0.0400617316365242
314,49,1000,3,6.17,1,-0.04006269269809127
314,50,1000,3,6.22,1,-0.040063588079065085
314,51,1000,3,6.19,1,-0.040064413111656906
314,52,1000,3,6.15,1,-0.04006511444970966
314,53,1000,3,6.2,1,-0.04006614717841148
314,54,1000,3,6.27,1,-0.040066657394170764
314,55,1000,3,6.13,1,-0.04006747226044536
314,56,1000,3,6.21,1,-0.04006816803663969
314,57,1000,3,6.21,1,-0.04006914588809014
314,58,1000,3,6.21,1,-0.04007024547830224
314,59,1000,3,6.2,1,-0.04007045385614037
314,60,1000,3,6.22,1,-0.04007154840230942
314,61,1000,3,6.22,1,-0.04007269672304392
314,62,1000,3,6.16,1,-0.04007316941022873
314,63,1000,3,6.19,1,-0.04007404392957687
314,64,1000,3,6.27,1,-0.04007436989992857
314,65,1000,3,6.21,1,-0.040075352411717176
314,66,1000,3,6.2,1,-0.04007623641937971
314,67,1000,3,6.18,1,-0.04007704727724194
314,68,1000,3,6.21,1,-0.04007755171135068
314,69,1000,3,6.21,1,-0.0400786149725318
314,70,1000,3,6.18,1,-0.04007923946157098
314,71,1000,3,6.28,1,-0.04007991074770689
314,72,1000,3,6.17,1,-0.04008020848408341
314,73,1000,3,6.17,1,-0.0400809440985322
314,74,1000,3,6.21,1,-0.04008171641454101
314,75,1000,3,6.2,1,-0.040082305803895
314,76,1000,3,6.14,1,-0.040082442447543144
314,77,1000,3,6.22,1,-0.04008338012173772
314,78,1000,3,6.21,1,-0.04008386323601008
314,79,1000,3,6.17,1,-0.04008472802862525
314,80,1000,3,6.27,1,-0.04008573216199875
314,81,1000,3,6.2,1,-0.040086765885353086
314,82,1000,3,6.18,1,-0.04008747968450189
314,83,1000,3,6.2,1,-0.04008750046789646
314,84,1000,3,6.19,1,-0.04008821311220527
314,85,1000,3,6.21,1,-0.04008887028321624
314,86,1000,3,6.19,1,-0.040089506946504115
314,87,1000,3,6.2,1,-0.04008980221301317
314,88,1000,3,6.22,1,-0.04009085668250918
314,89,1000,3,6.29,1,-0.04009153675287962
314,90,1000,3,6.29,1,-0.04009203135222197
314,91,1000,3,6.18,1,-0.04009288672730327
314,92,1000,3,6.23,1,-0.04009320391714573
314,93,1000,3,6.21,1,-0.04009414841979742
314,94,1000,3,6.26,1,-0.040095096603035923
314,95,1000,3,6.19,1,-0.04009581096470356
314,96,1000,3,6.22,1,-0.04009595820307731
314,97,1000,3,6.21,1,-0.04009582786262035
314,98,1000,3,6.22,1,-0.04009635799378157
314,99,1000,3,6.2,1,-0.04009703427180648
314,100,1000,3,6.19,1,-0.04009748699516058
314,101,1000,3,6.21,1,-0.04009825460612774
314,102,1000,3,6.21,1,-0.0400985042899847
314,103,1000,3,6.2,1,-0.040098864570260045
314,104,1000,3,6.15,1,-0.040099981877952814
314,105,1000,3,6.22,1,-0.040100619424134495
314,106,1000,3,6.27,1,-0.04010135942324996
314,107,1000,3,6.15,1,-0.04010130736604333
314,108,1000,3,6.21,1,-0.04010175430774689
314,109,1000,3,6.23,1,-0.04010285627096891
314,110,1000,3,6.25,1,-0.04010376094654203
314,111,1000,3,6.19,1,-0.040104340750724075
314,112,1000,3,6.22,1,-0.040105721764266494
314,113,1000,3,6.25,1,-0.04010632843524218
314,114,1000,3,6.18,1,-0.04010701838135719
314,115,1000,3,6.3,1,-0.04010798022150994
314,116,1000,3,6.25,1,-0.04010881236195564
314,117,1000,3,6.15,1,-0.040109606370329856
314,118,1000,3,6.2,1,-0.04011061684787273
314,119,1000,3,6.26,1,-0.04011130895465612
314,120,1000,3,6.19,1,-0.04011273830756545
314,121,1000,3,6.21,1,-0.04011383977904916
314,122,1000,3,6.28,1,-0.04011461614444852
314,123,1000,3,6.18,1,-0.040114409912377594
314,124,1000,3,6.18,1,-0.040115456856787204
314,125,1000,3,6.14,1,-0.04011635760590434
314,126,1000,3,6.14,1,-0.04011798532307148
314,127,1000,3,6.16,1,-0.040117985390126704
314,128,1000,3,6.18,1,-0.04011890104040503
314,129,1000,3,6.18,1,-0.04011987359449267
314,130,1000,3,6.15,1,-0.040121030811220405
314,131,1000,3,6.12,1,-0.04012239234149456
314,132,1000,3,6.21,1,-0.04012286517396569
314,133,1000,3,6.33,1,-0.040124068103730676
314,134,1000,3,6.24,1,-0.040124767098575834
314,135,1000,3,6.21,1,-0.040125951774418356
314,136,1000,3,6.2,1,-0.040126111883670094
314,137,1000,3,6.27,1,-0.040126702636480334
314,138,1000,3,6.22,1,-0.0401280061788857
314,139,1000,3,6.23,1,-0.04012901045382023
314,140,1000,3,6.26,1,-0.040130071345716715
314,141,1000,3,6.2,1,-0.040130688685923815
314,142,1000,3,6.23,1,-0.040131466139107945
314,143,1000,3,6.21,1,-0.04013227888569236
314,144,1000,3,6.21,1,-0.040131355058401826
314,145,1000,3,6.19,1,-0.04013196986541152
314,146,1000,3,6.24,1,-0.04013292192295194
314,147,1000,3,6.27,1,-0.04013376291096211
314,148,1000,3,6.24,1,-0.04013456002995372
314,149,1000,3,6.32,1,-0.04013526405021548
314,150,1000,3,6.17,1,-0.04013569387793541
314,151,1000,3,6.23,1,-0.040136584661900995
314,152,1000,3,6.22,1,-0.040137420304119584
314,153,1000,3,6.28,1,-0.04013819850608707
314,154,1000,3,6.2,1,-0.040139064010232685
314,155,1000,3,6.21,1,-0.04013799295946956
314,156,1000,3,6.23,1,-0.04013904933258891
314,157,1000,3,6.18,1,-0.04013979771360755
314,158,1000,3,6.26,1,-0.0401404805034399
314,159,1000,3,6.16,1,-0.04014127734676003
314,160,1000,3,6.2,1,-0.04014219688251615
314,161,1000,3,6.25,1,-0.04014179876074195
314,162,1000,3,6.19,1,-0.040142672777175904
314,163,1000,3,6.19,1,-0.04014340652525425
314,164,1000,3,6.19,1,-0.040144596964120864
314,165,1000,3,6.22,1,-0.0401457748375833
314,166,1000,3,6.24,1,-0.0401466846652329
314,167,1000,3,6.22,1,-0.040146533589810136
314,168,1000,3,6.2,1,-0.040147654104977844
314,169,1000,3,6.24,1,-0.04014817811921239
314,170,1000,3,6.27,1,-0.04014932635426521
314,171,1000,3,6.24,1,-0.04014890436083078
314,172,1000,3,6.21,1,-0.0401497786603868
314,173,1000,3,6.28,1,-0.040150035966187714
314,174,1000,3,6.26,1,-0.04015077330544591
314,175,1000,3,6.19,1,-0.040151835165917873
314,176,1000,3,6.24,1,-0.040152030970901254
314,177,1000,3,6.18,1,-0.04015314694494009
314,178,1000,3,6.19,1,-0.04015278492122889
314,179,1000,3,6.19,1,-0.040153836332261564
314,180,1000,3,6.23,1,-0.040154497016221286
314,181,1000,3,6.21,1,-0.0401555442251265
314,182,1000,3,6.26,1,-0.04015619559958577
314,183,1000,3,6.22,1,-0.04015647305548191
314,184,1000,3,6.26,1,-0.040157479174435136
314,185,1000,3,6.19,1,-0.04015814416483045
314,186,1000,3,6.22,1,-0.040159031864255665
314,187,1000,3,6.2,1,-0.040159584913402796
314,188,1000,3,6.21,1,-0.04015933994203806
314,189,1000,3,6.26,1,-0.0401602624617517
314,190,1000,3,6.21,1,-0.04016103842109442
314,191,1000,3,6.23,1,-0.040161615658551454
314,192,1000,3,6.22,1,-0.04016292748972774
314,193,1000,3,6.21,1,-0.04016335048153997
314,194,1000,3,6.26,1,-0.040164212383329866
314,195,1000,3,6.2,1,-0.04016358307003975
314,196,1000,3,6.19,1,-0.04016474957019091
315,1,1000,3,5.71,3,-0.085692761041224
315,2,1000,3,4.99,3,-0.0856932018622756
315,3,1000,3,6.76,3,-0.08569421767443418
315,4,1000,3,6.78,3,-0.08569456064701081
315,5,1000,5,7.17,2,-0.08569501753151416
315,6,1000,5,7.61,2,-0.08569529719650745
315,7,1000,4,5.61,1,-0.08569576591998339
315,8,1000,2,3.83,3,-0.08569671115279198
315,9,104,3,10.06,6,-0.0856960929500369
315,10,103,3,10.03,7,-0.08569653455204176
315,11,97,4,10.06,4,-0.08569687121000487
315,12,100,4,10.03,3,-0.08569740250706673
315,13,105,3,10.07,15,-0.08569466599396297
315,14,162,3,10.03,9,-0.08569487280867717
315,15,99,4,10.1,7,-0.08569422958776204
315,16,1000,3,8.31,4,-0.08569375620782375
315,17,104,3,10.07,15,-0.08569416124373674
315,18,96,4,10.08,2,-0.08569446361313264
315,19,92,4,10.1,2,-0.08569520792883376
315,20,94,3,10.11,7,-0.08569485377124016
315,21,108,5,10.06,3,-0.0856956811276851
315,22,109,5,10.07,3,-0.08569707577928491
315,23,1000,3,9.74,5,-0.08569682209938764
315,24,105,4,10.1,4,-0.08569701349451428
315,25,436,4,10.0,2,-0.08569737477655258
315,26,1000,3,6.87,3,-0.08569729661941529
315,27,116,4,10.11,23,-0.08569685433959139
315,28,74,4,10.1,3,-0.08569874725229032
315,29,1000,4,9.08,21,-0.08569905262440443
316,1,1000,3,5.64,3,-0.04632684218138456
316,2,1000,3,4.03,2,-0.046326808217912914
316,3,1000,3,5.44,2,-0.046326839674264195
316,4,1000,2,3.05,1,-0.04632694981992245
316,5,1000,2,2.94,1,-0.04632721580564976
316,6,1000,2,2.76,1,-0.04632704988121986
316,7,1000,2,3.11,3,-0.046327119778841734
316,8,1000,2,4.16,5,-0.046326730620116
316,9,93,3,10.08,7,-0.046327128766044494
316,10,111,5,10.08,4,-0.04632727070166184
316,11,1000,3,6.03,2,-0.0463269819766283
316,12,1000,2,3.2,3,-0.04632674716413021
316,13,1000,4,7.22,2,-0.04632759625092149
316,14,1000,3,4.21,3,-0.046327811527997254
316,15,110,4,10.08,3,-0.04632843854752454
316,16,1000,2,6.74,5,-0.04632847210764885
316,17,1000,2,7.21,6,-0.04632890073210001
316,18,1000,2,3.69,2,-0.04632752733677626
316,19,1000,2,4.23,5,-0.046328052006661895
316,20,121,4,10.03,3,-0.04632888715868154
316,21,1000,4,4.45,1,-0.04632887745276094
316,22,1000,2,4.61,3,-0.0463283339291811
316,23,1000,1,3.44,8,-0.04632942800968885
316,24,1000,2,9.46,8,-0.04632949808984995
316,25,1000,2,5.97,3,-0.046329192034900185
316,26,1000,2,4.33,4,-0.04632976270839572
316,27,97,3,10.11,10,-0.0463300297401615
316,28,105,5,10.05,3,-0.046330568265347254
316,29,93,4,10.03,6,-0.04633139194019379
316,30,91,3,10.01,3,-0.046333100442047956
316,31,1000,4,5.79,4,-0.04633396741002798
316,32,1000,4,5.45,2,-0.04633492797613144
316,33,1000,3,3.27,1,-0.046335799973458054
316,34,1000,2,2.86,1,-0.04633658391237259
316,35,1000,2,3.21,1,-0.046336463466286656
316,36,1000,4,4.58,1,-0.046335794433951374
316,37,1000,3,3.56,1,-0.046336149983108046
316,38,1000,3,2.91,1,-0.0463360791541636
316,39,1000,2,2.75,1,-0.04633617028594017
317,1,1000,3,5.67,3,0.12843545991182329
317,2,1000,3,3.59,2,0.12843523846566676
317,3,1000,3,4.57,2,0.12843469002842903
317,4,1000,1,2.66,2,0.12843485648930072
317,5,1000,2,3.39,4,0.12843520361185073
317,6,1000,1,2.95,4,0.12843465925753117
317,7,1000,2,3.18,2,0.12843427503108978
317,8,1000,1,2.77,3,0.12843407680094243
317,9,1000,3,5.85,3,0.12843497942388057
317,10,1000,2,3.47,4,0.128435426145792
317,11,1000,4,8.46,3,0.12843554297089577
317,12,1000,4,5.48,1,0.12843593084812163
317,13,1000,3,5.76,3,0.12843545363843442
317,14,1000,2,3.59,2,0.12843463100492955
317,15,1000,3,4.34,2,0.1284345080703497
317,16,1000,1,2.55,1,0.12843376398086548
318,1,1000,3,5.67,3,0.07681641509383917
318,2,1000,3,5.99,3,0.07681584286689758
318,3,1000,5,9.98,3,0.07681557043641805
318,4,846,4,10.0,3,0.07681542391014719
318,5,1000,4,7.85,7,0.07681604045629502
318,6,1000,3,4.19,3,0.07681578855216503
318,7,1000,3,5.28,1,0.0768162479326129
318,8,1000,3,4.32,1,0.0768159532621503
318,9,1000,3,4.03,1,0.07681567019224167
318,10,1000,3,3.6,2,0.07681662118434907
318,11,461,3,10.0,1,0.07681736506828776
318,12,73,3,10.07,2,0.07681729062779309
318,13,233,5,10.06,4,0.07681649782626926
318,14,1000,2,3.05,1,0.07681744798272848
318,15,1000,2,4.31,4,0.07681773791462183
318,16,1000,3,7.34,3,0.07681727974116802
318,17,163,3,10.03,7,0.07681766385498222
318,18,140,4,10.06,11,0.07681770457753113
318,19,140,4,10.09,11,0.07681791228907449
318,20,1000,3,5.72,2,0.07681850752979517
318,21,1000,3,9.35,3,0.07681800362467765
318,22,1000,3,5.48,2,0.07681819309294224
318,23,1000,3,5.59,1,0.07681801512092352
318,24,1000,2,4.48,4,0.07681821622699499
318,25,1000,3,4.21,3,0.0768178507834673
318,26,1000,2,2.96,1,0.07681822560727597
318,27,1000,2,2.97,1,0.07681796818226576
318,28,1000,2,2.98,1,0.07681778271496296
319,1,1000,3,5.66,3,0.04977726014330983
319,2,1000,3,3.96,3,0.04977794589102268
319,3,1000,2,3.87,3,0.04977855273708701
319,4,1000,3,4.91,3,0.04977897107601166
319,5,1000,3,5.52,3,0.04977961317077279
319,6,1000,1,2.93,4,0.04977954052016139
319,7,1000,1,2.88,4,0.049780372988432645
319,8,1000,2,3.62,2,0.04978174009919167
319,9,1000,2,4.52,3,0.04978217871114612
319,10,1000,2,3.17,3,0.04978168885409832
319,11,1000,4,7.79,3,0.049781631376594304
319,12,1000,4,3.74,1,0.04978203123807907
319,13,1000,1,2.78,3,0.04978193076327443
320,1,1000,3,5.73,3,0.12892404340207578
320,2,1000,3,4.04,2,0.1289242352694273
320,3,1000,2,3.19,2,0.12892465683817864
320,4,1000,3,4.53,2,0.12892489098012447
320,5,1000,3,5.76,2,0.12892516830563544
320,6,1000,1,2.67,2,0.12892591601610184
320,7,1000,1,2.67,2,0.12892629751563073
320,8,1000,2,4.79,4,0.1289268095344305
320,9,1000,2,4.73,5,0.12892715990543366
320,10,1000,2,3.42,3,0.1289279990941286
320,11,1000,2,4.18,3,0.12892866814136505
320,12,1000,1,3.05,5,0.12892950582504273
320,13,1000,2,4.72,5,0.1289292216449976
320,14,1000,2,3.19,3,0.12892933757603167
320,15,1000,2,4.28,4,0.12892798386514187
320,16,1000,2,5.21,6,0.12892913916707038
320,17,1000,2,2.93,1,0.12892895430326462
320,18,261,4,10.0,3,0.12892719378188194
320,19,1000,4,8.08,2,0.12892787225544453
320,20,1000,4,7.72,6,0.12892915783822537
320,21,872,5,10.0,1,0.1289291229577513
320,22,1000,2,4.18,4,0.12892858281731606
320,23,1000,3,4.34,1,0.1289287817031145
320,24,296,4,10.07,6,0.12892863823956735
320,25,97,4,10.04,5,0.1289290157482796
320,26,1000,4,7.26,3,0.12892885294556616
320,27,1000,5,7.54,3,0.12892983680963516
320,28,1000,2,4.08,7,0.12892996917665006
320,29,1000,2,3.16,2,0.12892912378907204
320,30,1000,2,3.53,3,0.12892962364852428
320,31,1000,5,9.06,1,0.12892983551323414
320,32,93,3,10.1,8,0.12893053793138073
320,33,1000,3,5.43,2,0.1289285917878151
320,34,1000,0,2.5,0,0.128929004073143
321,1,1000,3,5.65,3,0.1177429884672165
321,2,1000,3,4.54,3,0.1177430909126997
321,3,1000,3,4.54,2,0.11774290200322866
321,4,1000,3,4.59,2,0.11774259091168642
321,5,1000,2,5.47,5,0.11774239258468151
321,6,1000,2,4.48,3,0.11774161740392447
321,7,1000,3,8.18,7,0.11774151410907507
321,8,1000,3,9.26,3,0.11774163752794266
321,9,97,3,10.03,7,0.11774213404692326
321,10,947,3,10.0,4,0.11774333176982944
321,11,1000,2,4.32,4,0.11774260004609824
321,12,1000,2,4.79,4,0.11774198055267333
321,13,1000,2,4.78,5,0.11774164544790983
321,14,1000,3,8.45,4,0.11774221072345972
321,15,1000,3,6.93,3,0.11774249459058046
321,16,1000,3,6.94,3,0.11774278812855482
321,17,109,3,10.0,7,0.11774300175522445
321,18,1000,2,5.86,6,0.11774246536195278
321,19,1000,2,4.53,6,0.11774242459982634
321,20,1000,4,5.0,2,0.11774319789558649
321,21,1000,2,5.32,5,0.11774426455050707
321,22,1000,1,3.3,7,0.11774420458823442
321,23,1000,1,2.79,3,0.11774483789503574
321,24,1000,1,3.27,7,0.11774541963636875
321,25,1000,2,4.76,5,0.11774616944789887
321,26,1000,2,4.77,5,0.11774593971669674
321,27,1000,2,5.21,6,0.11774546960741282
321,28,1000,2,5.25,6,0.11774591617286205
321,29,1000,2,4.25,3,0.11774736635386944
321,30,1000,3,4.54,2,0.11774734260141849
321,31,1000,2,4.32,4,0.11774666409939527
321,32,1000,2,4.8,5,0.1177474907040596
321,33,100,4,10.05,4,0.11774862848222256
321,34,1000,3,5.46,2,0.11774976925551892
321,35,1000,2,3.65,2,0.1177497172281146
321,36,113,3,10.1,6,0.1177496502620984
321,37,95,3,10.08,19,0.11774976128026059
321,38,101,3,10.08,13,0.11774960684009117
321,39,1000,2,3.53,3,0.11775087248533964
321,40,1000,3,7.45,4,0.11775107750296593
321,41,207,3,10.07,5,0.11775099500509852
321,42,1000,2,3.19,1,0.11775167641043663
321,43,1000,0,2.49,0,0.11775121837854385
322,1,1000,3,5.67,3,0.0504096030369401
322,2,1000,3,3.9,3,0.05040873999893665
322,3,1000,3,4.07,2,0.050408148221671584
322,4,1000,3,3.9,3,0.050408304058015344
322,5,1000,3,3.92,4,0.050409224689006805
322,6,1000,2,2.96,2,0.050408702597022056
322,7,1000,3,3.45,2,0.05040897314250469
322,8,1000,2,2.93,2,0.05040863639116287
322,9,1000,5,8.89,2,0.05040990109369159
322,10,1000,4,8.36,4,0.050410273421555754
322,11,1000,3,4.99,3,0.0504099377989769
322,12,1000,3,4.31,2,0.05040849647670984
322,13,1000,1,2.97,4,0.05040797594934702
322,14,1000,2,4.86,3,0.05040860211104155
322,15,1000,2,3.91,4,0.0504093783646822
322,16,1000,2,5.21,4,0.05040866758674383
322,17,520,3,10.0,5,0.05040942414735372
322,18,94,4,10.06,3,0.0504101416135722
322,19,97,4,10.04,3,0.05041036052034073
322,20,1000,4,5.28,1,0.050411057259887454
322,21,102,4,10.09,3,0.05041152432414831
322,22,1000,3,3.65,1,0.05041118919104338
322,23,98,4,10.07,3,0.05041141663582958
322,24,115,3,10.05,3,0.05041106314114902
322,25,94,4,10.01,3,0.050410262289199426
322,26,1000,3,4.88,1,0.05041003694012761
322,27,89,3,10.07,4,0.05041015064448453
322,28,92,3,10.09,5,0.05041004053276518
322,29,109,4,10.05,3,0.050410150558850085
322,30,59,3,10.06,6,0.05040983950435105
322,31,91,3,10.07,7,0.050409560675149435
322,32,81,3,10.08,3,0.05040897189834972
322,33,1000,3,8.9,4,0.050408130399882796
323,1,1000,3,5.64,3,-0.11106482872366905
323,2,1000,3,5.36,3,-0.11106463728100062
323,3,1000,3,6.8,3,-0.11106436025351286
323,4,1000,3,6.87,3,-0.11106398341059685
323,5,1000,3,6.85,3,-0.11106363329291344
323,6,1000,3,9.26,3,-0.1110631696358323
323,7,1000,3,6.76,2,-0.11106281116604805
323,8,1000,3,8.9,3,-0.1110623125731945
323,9,100,3,10.09,8,-0.1110619617253542
323,10,146,4,10.08,3,-0.11106140539050102
323,11,1000,3,5.9,3,-0.1110605940669775
323,12,778,3,10.0,7,-0.11106026102728893
323,13,1000,3,8.11,5,-0.11106006203591824
323,14,1000,3,8.13,5,-0.1110594770386815
323,15,1000,2,3.44,3,-0.11105911030620337
323,16,1000,2,3.45,3,-0.11105853283405304
323,17,1000,1,3.0,5,-0.11105848973989486
323,18,103,2,10.03,23,-0.11105869001555212
323,19,230,6,10.05,4,-0.11105885609336522
323,20,125,5,10.03,1,-0.11105843377113342
323,21,1000,3,2.89,1,-0.11105708368122577
323,22,1000,3,5.91,6,-0.11105669081956149
323,23,1000,2,2.91,1,-0.11105636250227689
323,24,1000,2,3.42,2,-0.11105572821944952
323,25,1000,3,5.41,2,-0.11105604787170888
323,26,645,3,10.0,2,-0.11105619615824648
323,27,1000,3,6.2,1,-0.11105549281090497
323,28,1000,3,5.76,1,-0.11105488947033883
323,29,1000,3,5.8,1,-0.11105453427135945
323,30,1000,3,5.75,1,-0.11105436829477548
323,31,1000,3,5.75,1,-0.11105346298217773
323,32,1000,3,5.79,1,-0.11105272299796343
323,33,1000,3,5.86,1,-0.11105247611552477
323,34,1000,3,5.75,1,-0.11105189411342144
323,35,1000,3,5.77,1,-0.11105131936073304
323,36,1000,3,5.85,1,-0.1110511105954647
323,37,1000,3,5.85,1,-0.11105087012052536
323,38,1000,3,5.84,1,-0.11105106250196696
323,39,1000,3,5.74,1,-0.1110511634349823
323,40,1000,3,5.76,1,-0.1110512513294816
323,41,1000,3,5.76,1,-0.11105109290778636
323,42,1000,3,5.75,1,-0.11105121853202582
323,43,1000,3,5.78,1,-0.11105171139538288
323,44,1000,3,5.74,1,-0.11105144161731005
323,45,1000,3,5.76,1,-0.11105173856765031
323,46,1000,3,5.8,1,-0.1110517523959279
323,47,1000,3,5.78,1,-0.11105208963900805
323,48,1000,3,5.77,1,-0.11105211037397385
323,49,1000,3,5.83,1,-0.11105210929363966
323,50,1000,3,5.76,1,-0.11105249338597059
323,51,1000,3,5.77,1,-0.1110525738671422
323,52,1000,3,5.77,1,-0.11105244299769401
323,53,1000,3,5.78,1,-0.11105268633365631
323,54,1000,3,5.74,1,-0.1110529970601201
323,55,1000,3,5.75,1,-0.11105303328484296
323,56,1000,3,5.72,1,-0.11105322792381048
323,57,1000,3,5.78,1,-0.11105324038118124
323,58,1000,3,5.75,1,-0.11105303157866
323,59,1000,3,5.83,1,-0.11105301332473755
323,60,1000,3,5.78,1,-0.1110531857907772
323,61,1000,3,5.77,1,-0.11105332298576832
323,62,1000,3,5.82,1,-0.11105327720195055
323,63,1000,3,5.75,1,-0.11105331704765559
323,64,1000,3,5.87,1,-0.11105312110483646
323,65,1000,3,5.76,1,-0.11105310969054699
323,66,1000,3,5.75,1,-0.11105285753309727
323,67,1000,3,5.79,1,-0.11105281156301498
323,68,1000,3,5.82,1,-0.11105281680822372
323,69,1000,3,5.77,1,-0.11105264562368393
323,70,1000,3,5.72,1,-0.11105251894146204
323,71,1000,3,5.75,1,-0.11105268016457558
323,72,1000,3,5.79,1,-0.111052484318614
323,73,1000,3,5.84,1,-0.11105236075073481
323,74,1000,3,5.77,1,-0.11105234747380019
323,75,1000,3,5.76,1,-0.1110522668287158
323,76,1000,3,5.76,1,-0.11105239670723677
323,77,1000,3,5.81,1,-0.11105214831233025
323,78,1000,3,5.78,1,-0.11105219531804324
323,79,1000,3,5.73,1,-0.11105206619948149
323,80,1000,3,5.79,1,-0.11105189744383097
323,81,1000,3,5.75,1,-0.11105185808986426
323,82,1000,3,5.73,1,-0.111051668189466
323,83,1000,3,5.81,1,-0.11105151405930519
323,84,1000,3,5.77,1,-0.11105130116641522
323,85,1000,3,5.81,1,-0.11105138944089413
323,86,1000,3,5.81,1,-0.11105128213763236
323,87,1000,3,5.76,1,-0.1110513770133257
323,88,1000,3,5.78,1,-0.11105096857994795
323,89,1000,3,5.78,1,-0.11105117885768413
323,90,1000,3,5.77,1,-0.11105085556954146
323,91,1000,3,5.8,1,-0.11105039388686419
323,92,1000,3,5.8,1,-0.11105017038434743
323,93,1000,3,5.77,1,-0.11104999175667762
323,94,1000,3,5.84,1,-0.11104977814853191
323,95,1000,3,5.78,1,-0.11104981289058924
323,96,1000,3,5.71,1,-0.1110494955778122
323,97,1000,3,5.8,1,-0.11104956638813018
323,98,1000,3,5.74,1,-0.11104918053746224
323,99,1000,3,5.76,1,-0.11104904110729695
323,100,1000,3,5.76,1,-0.11104843061417341
323,101,1000,3,5.84,1,-0.11104878094047307
323,102,1000,3,5.81,1,-0.11104838806390763
323,103,1000,3,5.71,1,-0.11104794820398092
323,104,1000,3,5.77,1,-0.11104776511341333
323,105,1000,3,5.79,1,-0.11104776268452406
323,106,1000,3,5.79,1,-0.11104749479144811
323,107,1000,3,5.78,1,-0.1110476518124342
323,108,1000,3,5.83,1,-0.11104714226722717
323,109,1000,3,5.79,1,-0.1110464836359024
323,110,1000,3,5.79,1,-0.11104668921232223
323,111,1000,3,5.77,1,-0.1110456301048398
323,112,1000,3,5.72,1,-0.11104589577764273
323,113,1000,3,5.78,1,-0.11104609909653664
323,114,1000,3,5.85,1,-0.11104548958688974
323,115,1000,3,5.76,1,-0.11104552275687456
323,116,1000,3,5.8,1,-0.1110445384606719
323,117,1000,3,5.78,1,-0.11104383639991283
323,118,1000,3,5.82,1,-0.11104362569004297
323,119,1000,3,5.78,1,-0.11104292327165603
323,120,1000,3,5.8,1,-0.1110428952947259
323,121,1000,3,5.84,1,-0.11104255594313145
323,122,1000,3,5.83,1,-0.11104203490167856
323,123,1000,3,5.77,1,-0.11104215636104345
323,124,1000,3,5.85,1,-0.11104197909682989
323,125,1000,3,5.83,1,-0.11104200611263514
323,126,1000,3,5.78,1,-0.11104142474383116
323,127,1000,3,5.78,1,-0.11104101201891899
323,128,1000,3,5.85,1,-0.11104078462719917
323,129,1000,3,5.79,1,-0.11104050254821778
323,130,1000,3,5.82,1,-0.11103946916013956
323,131,1000,3,5.88,1,-0.11103855235129595
323,132,1000,3,5.87,1,-0.11103887533396482
323,133,1000,3,5.88,1,-0.11103845517337323
323,134,1000,3,5.93,1,-0.11103753862529993
323,135,1000,3,5.83,1,-0.1110366690531373
323,136,1000,3,5.88,1,-0.11103659991174936
323,137,1000,3,5.87,1,-0.11103645254671574
323,138,1000,3,5.86,1,-0.11103650187700986
323,139,1000,3,5.85,1,-0.11103662317246199
323,140,1000,3,5.8,1,-0.11103580747544765
323,141,1000,3,5.74,1,-0.11103458167612552
323,142,1000,3,5.72,1,-0.11103462433815002
323,143,1000,3,5.87,1,-0.11103404445201158
323,144,1000,3,5.77,1,-0.11103261374682188
323,145,1000,3,5.74,1,-0.11103220843523741
323,146,1000,3,5.84,1,-0.11103160051256418
323,147,1000,3,5.77,1,-0.11103123708814383
323,148,1000,3,5.72,1,-0.11103165210783482
323,149,1000,3,5.77,1,-0.1110303894802928
323,150,1000,3,5.79,1,-0.11102920078486204
323,151,1000,3,5.75,1,-0.11102869784832001
323,152,1000,3,5.76,1,-0.11102871671319008
323,153,1000,3,5.79,1,-0.11102858948707581
323,154,1000,3,5.78,1,-0.11102796316146851
323,155,1000,3,5.73,1,-0.11102805687487126
323,156,1000,3,5.79,1,-0.11102769134938717
323,157,1000,3,5.74,1,-0.11102754233777523
323,158,1000,3,5.79,1,-0.11102665907889604
323,159,1000,3,5.71,1,-0.11102535574138164
323,160,1000,3,5.81,1,-0.11102573420107364
323,161,1000,3,5.79,1,-0.11102523278445005
323,162,1000,3,5.76,1,-0.11102395211905242
323,163,1000,3,5.78,1,-0.11102375770360232
323,164,1000,3,5.79,1,-0.11102409896999597
323,165,1000,3,5.8,1,-0.11102338460087777
323,166,1000,3,5.8,1,-0.1110236984193325
323,167,1000,3,5.85,1,-0.11102267669886351
323,168,1000,3,5.73,1,-0.11102224404364824
323,169,1000,3,5.75,1,-0.11102277297526598
323,170,1000,3,5.78,1,-0.11102235547453165
323,171,1000,3,5.76,1,-0.11102284263819456
323,172,1000,3,5.78,1,-0.11102127212285995
323,173,1000,3,5.77,1,-0.11102109118551017
323,174,1000,3,5.8,1,-0.11102074193954468
323,175,1000,3,5.76,1,-0.11102008089423179
323,176,1000,3,5.77,1,-0.11101922879368067
323,177,1000,3,5.77,1,-0.11101874985545873
323,178,1000,3,5.74,1,-0.11101768051832914
323,179,1000,3,5.77,1,-0.11101667397469282
323,180,1000,3,5.75,1,-0.11101534625887871
323,181,1000,3,5.81,1,-0.11101631197333336
323,182,1000,3,5.77,1,-0.11101568254828453
323,183,1000,3,5.77,1,-0.11101528721302747
323,184,1000,3,5.76,1,-0.11101477630436421
323,185,1000,3,5.82,1,-0.11101479864865542
323,186,1000,3,5.84,1,-0.11101409432291985
323,187,1000,3,5.8,1,-0.1110132759064436
323,188,1000,3,5.75,1,-0.11101332565397024
323,189,1000,3,5.76,1,-0.11101235800981521
324,1,1000,3,5.68,3,0.03929041243717074
324,2,1000,3,4.35,2,0.03929141996055841
324,3,1000,3,4.06,2,0.03929247787594795
324,4,1000,2,3.84,4,0.039292929206043485
324,5,748,4,10.0,4,0.03929280280509097
324,6,1000,2,3.17,2,0.03929356962442398
324,7,1000,2,2.99,2,0.03929403764754534
324,8,1000,2,4.42,4,0.0392947930470109
324,9,1000,3,5.72,4,0.03929563587903977
324,10,1000,4,5.19,3,0.03929510433226824
324,11,1000,3,6.31,4,0.03929454681649804
324,12,1000,1,2.7,2,0.03929477147758007
324,13,1000,1,2.78,3,0.03929558395221829
324,14,1000,3,5.52,3,0.039295581210404634
324,15,1000,3,4.08,2,0.03929539412260055
324,16,1000,3,7.03,4,0.03929475445300341
324,17,1000,3,4.5,4,0.03929480731859803
324,18,1000,3,3.91,2,0.039295469883829356
324,19,1000,1,2.92,4,0.039295516975224015
324,20,1000,1,2.69,2,0.03929528664797544
324,21,1000,1,2.85,3,0.039294304553419354
324,22,1000,3,8.92,3,0.0392935327142477
324,23,1000,3,7.49,3,0.039294142227619885
324,24,1000,2,3.88,3,0.03929284317418933
324,25,1000,4,6.58,3,0.039292111665010454
324,26,1000,3,4.52,3,0.0392913311496377
324,27,1000,3,5.47,2,0.03929150116071105
324,28,1000,2,3.47,2,0.039292101263999936
324,29,1000,3,3.08,1,0.039293854497373104
324,30,1000,2,4.11,2,0.0392952339798212
324,31,1000,2,2.97,1,0.03929553915932774
324,32,1000,2,2.96,1,0.03929480801522732
324,33,1000,2,3.18,2,0.039295300506055356
325,1,1000,3,5.8,3,0.12106591223925352
325,2,1000,3,6.47,3,0.12106569775938988
325,3,1000,3,8.92,5,0.12106636254489422
325,4,1000,3,9.3,4,0.12106656389683484
325,5,1000,3,8.82,3,0.12106722339242697
325,6,1000,3,4.06,1,0.12106766295433044
325,7,281,3,10.0,2,0.1210675983560467
325,8,1000,3,4.23,1,0.12106737460941076
325,9,1000,3,6.11,2,0.12106710609048604
325,10,85,3,10.11,6,0.12106675198849509
325,11,108,3,10.07,9,0.12106689417527781
325,12,181,4,10.09,3,0.12106607323358072
325,13,95,4,10.05,3,0.12106599258749108
325,14,1000,4,5.71,1,0.12106638850271702
325,15,1000,3,3.62,2,0.1210660951435566
325,16,1000,1,2.72,2,0.12106596726179122
325,17,1000,3,4.21,3,0.12106609329581261
325,18,1000,2,2.95,2,0.12106640979647637
325,19,1000,3,3.29,3,0.12106571862101555
325,20,1000,4,5.45,4,0.1210659615546465
325,21,1000,4,5.87,4,0.12106568787246942
325,22,1000,4,7.19,5,0.1210657929033041
325,23,1000,2,3.57,2,0.12106588601320982
325,24,1000,2,3.08,1,0.12106551418453455
325,25,1000,2,3.69,1,0.1210651069805026
325,26,1000,2,3.9,1,0.12106521903723479
325,27,1000,1,2.67,2,0.12106500521302223
326,1,1000,3,5.67,3,0.011475972075015306
326,2,1000,3,6.44,3,0.01147602630406618
326,3,395,4,10.0,3,0.011475924197348613
326,4,1000,4,5.51,1,0.01147581845894456
326,5,1000,3,5.82,1,0.011476019576191902
326,6,1000,4,7.66,1,0.011476270172744989
326,7,908,4,10.0,1,0.011476533224863628
326,8,235,4,10.0,1,0.011476835295399453
326,9,238,4,10.0,1,0.011477495121041766
326,10,104,4,10.07,1,0.011477740875516947
326,11,122,3,10.07,8,0.011477839308561848
326,12,124,3,10.05,8,0.01147801717442851
326,13,1000,3,5.85,3,0.011477948032319546
326,14,1000,3,6.01,3,0.011477986469864846
326,15,1000,3,8.07,7,0.011478246964514256
326,16,1000,2,2.91,1,0.011478391066193581
326,17,1000,3,8.75,1,0.011478605519980192
326,18,91,3,10.1,7,0.011478029406414582
326,19,91,3,10.06,7,0.011477557113291799
326,20,119,3,10.01,7,0.01147790504384692
326,21,105,4,10.07,3,0.011477643278028284
326,22,175,4,10.0,2,0.011477648897894792
326,23,1000,4,6.06,1,0.011477957390248775
326,24,1000,4,5.1,1,0.011478458542376757
326,25,943,4,10.0,1,0.01147797622857171
326,26,1000,4,9.93,1,0.011478156588971614
326,27,92,4,10.07,4,0.011478672532931618
326,28,1000,3,6.22,2,0.011478336218744516
326,29,447,3,10.0,5,0.011478229200829996
326,30,1000,3,5.88,3,0.011478498000651599
326,31,1000,3,8.29,3,0.011479012180119753
326,32,1000,3,4.75,1,0.011479189509525894
326,33,960,3,10.0,3,0.011479103665139215
326,34,99,3,10.08,11,0.011478362520310011
326,35,1000,3,8.94,3,0.011478242717683315
326,36,87,3,10.01,1,0.011478459366179746
326,37,1000,2,8.46,13,0.011480025295168162
326,38,108,3,10.04,4,0.011477664768419884
326,39,1000,3,7.03,5,0.011476577974855899
326,40,93,3,10.06,8,0.011477652286249463
326,41,85,4,10.01,3,0.011476862814058277
326,42,1000,2,3.37,2,0.011478030599653721
326,43,1000,3,4.23,2,0.011478285234421492
326,44,1000,2,3.65,5,0.01147908215317875
327,1,1000,3,5.67,3,-0.018286863258108497
327,2,1000,3,5.86,3,-0.018287173802033065
327,3,1000,4,7.21,3,-0.018287428073585032
327,4,1000,4,6.33,3,-0.01828779960051179
327,5,1000,3,4.07,3,-0.018288372708484532
327,6,1000,3,5.04,6,-0.018288630874827506
327,7,160,4,10.11,5,-0.01828874497441575
327,8,1000,4,6.99,2,-0.018288908213377
327,9,1000,1,2.78,3,-0.018288405537605287
327,10,1000,2,4.2,5,-0.018288868000730873
327,11,1000,3,5.06,2,-0.01828871376439929
327,12,1000,2,4.13,2,-0.018288626266643404
327,13,1000,3,4.84,3,-0.01828905713185668
327,14,1000,3,8.15,5,-0.01828869454562664
327,15,107,4,10.07,3,-0.01828806413877233
327,16,1000,6,7.09,3,-0.01828788531012833
327,17,1000,4,4.02,1,-0.018288411332294346
327,18,1000,4,3.74,1,-0.01828862176835537
327,19,1000,4,4.85,1,-0.018288661001250147
327,20,1000,3,4.45,1,-0.018288320569321514
327,21,1000,2,3.3,1,-0.01828886056318879
327,22,1000,2,3.31,1,-0.01828913069330156
327,23,1000,3,3.06,1,-0.01828928991034627
327,24,1000,2,4.78,4,-0.01828952055796981
327,25,1000,2,5.96,4,-0.018290540240705012
327,26,1000,2,3.4,2,-0.01829180391691625
327,27,1000,2,2.7,1,-0.01829216629266739
327,28,1000,1,2.58,1,-0.018292125314474106
327,29,1000,1,2.54,1,-0.01829281449317932
327,30,1000,2,2.9,2,-0.01829332356341183
327,31,1000,2,3.37,4,-0.018293854285031556
327,32,1000,2,4.71,7,-0.018293539479374885
327,33,1000,1,2.55,1,-0.018294181674718857
328,1,1000,3,5.65,3,0.09209207245707512
328,2,1000,3,6.82,3,0.09209129821509122
328,3,1000,3,4.12,3,0.09209034932404757
328,4,1000,4,4.47,3,0.09209005545824767
328,5,1000,3,4.77,3,0.09208995354920625
328,6,1000,3,6.84,6,0.09208984411507845
328,7,1000,4,6.73,3,0.09208958943933249
328,8,1000,3,6.02,1,0.09208846595138312
328,9,1000,3,4.16,2,0.09208872555941343
328,10,1000,3,10.0,10,0.09208819967508317
328,11,1000,4,6.78,3,0.09208803040534258
328,12,1000,4,6.54,3,0.09208766760677099
328,13,1000,3,6.21,1,0.09208708108216525
328,14,1000,3,7.45,4,0.09208754930645227
328,15,1000,3,9.5,9,0.09208728543668986
328,16,1000,3,7.22,7,0.09208787376433611
328,17,1000,3,8.79,7,0.09208654875308275
328,18,91,3,10.02,2,0.0920857738826301
328,19,140,3,10.0,5,0.0920857130416802
328,20,87,3,10.09,5,0.09208587180266435
328,21,1000,3,5.21,4,0.09208616349101066
328,22,1000,3,4.32,4,0.09208700027316809
328,23,1000,3,4.81,5,0.09208695757389068
328,24,1000,3,6.44,5,0.09208546900749207
328,25,932,3,10.0,6,0.0920860246463395
328,26,1000,3,9.38,5,0.09208650329709053
328,27,1000,3,5.63,4,0.09208633967489004
328,28,1000,3,7.75,4,0.0920858347862959
328,29,1000,2,7.2,7,0.092086182102561
328,30,92,3,10.09,4,0.0920870487132798
328,31,93,3,10.05,6,0.09208576781775361
328,32,98,3,10.05,5,0.0920867808163166
328,33,1000,2,5.16,5,0.09208776686340571
328,34,1000,3,3.05,1,0.09208784563839435
328,35,1000,3,4.19,1,0.09208697482943534
328,36,1000,1,2.53,1,0.09208624064922333
329,1,1000,3,5.8,3,0.0847443662956357
329,2,1000,3,5.0,3,0.08474496436864137
329,3,1000,3,6.09,3,0.08474527487903834
329,4,1000,3,3.99,3,0.08474534083157778
329,5,1000,3,6.05,3,0.08474509414285421
329,6,1000,3,6.33,3,0.08474530538171529
329,7,153,4,10.1,3,0.08474532475853278
329,8,1000,4,7.45,3,0.0847456020116806
329,9,1000,4,9.41,3,0.08474547433108091
329,10,1000,4,7.09,3,0.0847451290935278
329,11,130,4,10.03,3,0.08474496293526429
329,12,1000,2,4.39,4,0.08474435823410749
329,13,1000,2,4.71,5,0.08474447877705098
329,14,1000,2,4.03,5,0.08474413058906793
329,15,1000,3,6.17,3,0.08474402199685574
329,16,1000,3,6.32,3,0.08474368537962437
329,17,1000,3,6.97,3,0.08474338184297085
329,18,1000,3,5.28,3,0.08474331670999527
329,19,91,3,10.1,6,0.08474307122466328
329,20,1000,3,5.62,2,0.08474285019934177
329,21,1000,3,5.05,2,0.08474299187213183
329,22,1000,3,3.63,1,0.0847432958111167
329,23,1000,3,7.09,4,0.0847434959039092
329,24,1000,2,3.94,4,0.08474402973800897
329,25,1000,2,2.88,1,0.0847441070228815
330,1,1000,3,5.77,3,-0.012337525304406882
330,2,1000,3,4.11,3,-0.012338279206305742
330,3,1000,2,3.17,2,-0.012338836003094912
330,4,1000,3,6.1,1,-0.012338676372542977
330,5,1000,4,5.88,3,-0.012338806465268136
330,6,1000,2,2.88,2,-0.01233972181007266
330,7,1000,2,2.73,1,-0.012339394186623394
330,8,1000,3,3.76,1,-0.0123391251610592
330,9,1000,3,3.48,1,-0.012338556796312333
330,10,1000,3,3.49,1,-0.012338024543598294
330,11,1000,2,3.17,3,-0.012337684838101267
330,12,1000,2,3.19,2,-0.012337367681786417
330,13,1000,2,3.19,2,-0.012337929520756007
