game,round,num_iterations,max_depth,time_taken,num_children,value
1,1,1000,3,3.75,3,0.10142615420371294
1,2,1000,3,3.97,3,0.10142645601183176
1,3,1000,4,6.51,5,0.10142620377987623
1,4,1000,4,6.1,3,0.10142552630603313
1,5,1000,3,4.19,3,0.10142519672960043
1,6,1000,2,3.45,4,0.10142459079623223
1,7,1000,4,4.03,3,0.10142412059009075
1,8,1000,4,5.17,4,0.10142345476150513
1,9,1000,6,7.42,3,0.1014224091693759
1,10,1000,5,4.99,1,0.10142180024087429
1,11,1000,2,3.02,2,0.1014212080091238
1,12,1000,3,3.34,3,0.10142147187143565
1,13,236,3,10.01,3,0.10142187985702086
1,14,1000,3,6.94,9,0.1014217586144805
1,15,1000,3,4.66,3,0.101421499684453
1,16,1000,2,3.14,4,0.1014226916730404
1,17,1000,2,3.35,6,0.10142260071635247
1,18,1000,3,6.37,2,0.10142218147963286
1,19,1000,5,5.59,3,0.1014219839423895
1,20,292,5,10.04,4,0.10142166994205892
1,21,1000,4,9.26,4,0.10142152296006679
1,22,1000,4,3.56,1,0.10142179822176695
1,23,1000,2,4.4,6,0.10142164000123739
1,24,1000,2,3.51,3,0.10142053548246623
1,25,1000,3,9.53,4,0.10142154479771852
1,26,1000,2,4.32,9,0.10142180886119605
1,27,1000,3,3.55,1,0.10142201577872038
1,28,1000,3,3.68,1,0.1014219146668911
1,29,1000,3,4.18,2,0.10142242378741503
1,30,1000,3,2.65,1,0.10142208988964557
1,31,1000,3,3.89,1,0.10142254157364368
1,32,1000,3,3.35,1,0.10142217149585485
1,33,1000,3,3.27,1,0.10142240320891142
1,34,1000,3,3.01,2,0.10142218769341707
1,35,1000,2,2.66,2,0.10142322555184365
2,1,1000,3,3.67,3,-0.09017412463575601
2,2,1000,3,3.35,3,-0.09017397261410952
2,3,1000,3,2.94,3,-0.09017415557801724
2,4,1000,3,3.1,3,-0.09017395757883787
2,5,1000,3,3.11,3,-0.09017380437254906
2,6,1000,3,3.28,2,-0.09017433657497168
2,7,1000,1,2.77,9,-0.0901741298660636
2,8,1000,2,2.65,2,-0.09017438025027513
2,9,1000,1,2.59,4,-0.09017388597130775
2,10,1000,2,3.39,5,-0.09017390930652619
2,11,1000,2,3.11,5,-0.09017397928982973
2,12,1000,3,2.96,3,-0.09017413195967675
2,13,1000,1,2.53,2,-0.09017374490201473
2,14,1000,1,2.57,4,-0.09017339352518321
2,15,1000,2,2.81,3,-0.09017396270483732
2,16,1000,3,3.9,3,-0.09017432875931262
2,17,1000,3,3.94,3,-0.0901751038134098
2,18,1000,3,3.43,5,-0.09017614437639714
2,19,1000,3,2.9,3,-0.09017516750842333
2,20,1000,3,3.49,3,-0.09017645704746247
2,21,1000,4,6.03,3,-0.09017634769529104
2,22,1000,4,4.98,2,-0.09017671576142311
2,23,1000,4,3.45,1,-0.09017722906172275
2,24,1000,2,2.67,1,-0.09017753107845783
2,25,1000,1,2.63,4,-0.09017666288465262
2,26,1000,2,2.6,2,-0.09017693377286196
2,27,1000,2,3.48,2,-0.09017623732239008
2,28,664,4,10.0,2,-0.09017442865858236
2,29,1000,4,7.09,3,-0.09017330054193735
2,30,1000,2,2.87,2,-0.09017250616848468
2,31,1000,4,4.24,2,-0.09017065503448247
2,32,1000,2,3.47,4,-0.09017118913680315
2,33,1000,1,2.58,3,-0.09017196650803089
2,34,1000,1,2.5,1,-0.09017186611890793
2,35,1000,1,2.56,3,-0.09017118997126818
2,36,1000,1,2.54,2,-0.09017098775506019
2,37,1000,1,2.56,2,-0.0901710205078125
2,38,1000,4,2.73,3,-0.09017084125429392
2,39,1000,3,2.89,1,-0.09017190904915333
2,40,1000,3,2.81,2,-0.09017349993437529
2,41,1000,1,2.55,3,-0.09017267425358295
2,42,1000,1,2.51,2,-0.09017337048053742
3,1,1000,3,3.7,3,-0.0029852829100564123
3,2,1000,3,3.43,2,-0.002984354100190103
3,3,1000,3,3.23,2,-0.0029833363369107246
3,4,1000,4,3.37,2,-0.002982844046317041
3,5,1000,2,2.69,2,-0.00298316190764308
3,6,1000,2,2.71,2,-0.002983172580599785
3,7,1000,1,2.63,4,-0.002983532222919166
3,8,1000,2,2.85,2,-0.0029837526679039003
3,9,1000,2,2.82,2,-0.0029834497859701514
3,10,1000,1,2.63,4,-0.002984352044761181
3,11,1000,1,2.57,3,-0.0029850742919370534
3,12,1000,3,3.68,3,-0.0029846500493586063
3,13,1000,2,2.95,3,-0.002984894302673638
3,14,1000,3,4.49,3,-0.002983839019201696
3,15,941,5,10.0,4,-0.0029846569924050197
3,16,302,6,10.0,3,-0.002985220334634481
3,17,1000,4,3.42,1,-0.002985650172457099
3,18,1000,4,3.19,2,-0.0029865451948717235
3,19,1000,4,6.1,7,-0.002989790553227067
3,20,1000,4,6.5,4,-0.0029896335201337935
3,21,1000,2,4.24,9,-0.0029890806656330824
3,22,1000,4,2.87,3,-0.0029890192383900285
3,23,1000,5,6.23,3,-0.0029879271695390343
3,24,265,4,10.04,2,-0.0029884465442935253
3,25,241,5,10.01,4,-0.002987919875741376
3,26,1000,4,5.55,4,-0.002990759016945958
3,27,1000,2,4.17,4,-0.0029932774836197496
3,28,1000,2,3.19,2,-0.0029955311918165536
3,29,1000,1,2.61,3,-0.0029974943362176417
3,30,1000,2,3.18,3,-0.0030000495407730343
3,31,1000,1,2.6,3,-0.0030039821453392507
4,1,1000,3,3.65,3,0.025997363179922104
4,2,1000,3,2.96,2,0.025998486192896963
4,3,1000,2,2.78,3,0.02599976315908134
4,4,1000,3,3.68,3,0.026000429436564446
4,5,1000,2,2.65,3,0.02600088416598737
4,6,1000,2,2.53,1,0.026000775396823883
4,7,1000,3,2.9,2,0.0260011790972203
4,8,368,5,10.03,4,0.026002229646901073
4,9,263,4,10.01,6,0.026001786423613362
4,10,1000,3,3.25,3,0.026001317102462052
4,11,1000,1,2.49,2,0.02600073812901974
4,12,1000,1,2.66,3,0.026001227356493472
4,13,1000,3,2.96,3,0.026001377515494823
4,14,1000,5,4.73,3,0.026001972755417227
4,15,1000,3,8.11,7,0.026001629369333385
4,16,267,6,10.03,3,0.026001180644227323
4,17,1000,4,3.32,2,0.02600148627907038
4,18,1000,2,3.01,4,0.026001693675294518
4,19,1000,5,4.61,3,0.026001776102930307
4,20,287,6,10.01,3,0.026001247379422603
4,21,420,6,10.0,2,0.0260008023830042
4,22,1000,3,5.74,3,0.026001284155994654
4,23,1000,3,3.0,2,0.026001538960263134
4,24,1000,3,7.46,9,0.026002458244562147
4,25,1000,4,6.1,3,0.026002535501495002
4,26,1000,4,6.06,2,0.026001958327367902
4,27,1000,2,3.28,6,0.02600299581885338
4,28,1000,3,3.67,3,0.026003140548244118
4,29,1000,3,8.83,6,0.026003599243238567
4,30,435,4,10.02,5,0.02600399001405157
4,31,339,5,10.03,2,0.02600452895647129
4,32,1000,3,3.59,3,0.02600450433976948
4,33,324,5,10.02,7,0.026004337550451357
4,34,225,5,10.03,1,0.02600493647158146
4,35,1000,4,4.48,2,0.02600509449839592
4,36,1000,6,8.14,1,0.02600558799691498
4,37,1000,1,2.57,3,0.026005843389779328
4,38,1000,1,2.64,5,0.026006768204271793
4,39,1000,1,2.68,6,0.026007260063663124
4,40,1000,1,2.67,5,0.026008038014173507
4,41,1000,3,8.5,5,0.02600753753259778
4,42,1000,3,4.27,6,0.026007551427930594
4,43,1000,3,3.29,2,0.026007981156930326
4,44,1000,4,3.41,1,0.026008126497268677
4,45,1000,3,2.84,1,0.026008582973852754
5,1,1000,3,3.75,3,0.019904459409415723
5,2,1000,3,3.62,3,0.019902654770761728
5,3,1000,3,3.22,2,0.019901278518140317
5,4,1000,2,2.52,1,0.01990055300667882
5,5,1000,2,2.92,4,0.019900704469531773
5,6,1000,1,2.64,6,0.019900641093030573
5,7,1000,1,2.68,7,0.019900494933128357
5,8,1000,1,2.49,2,0.01990046696551144
5,9,1000,1,2.61,4,0.019900252727791667
5,10,1000,1,2.7,6,0.019900080021470784
5,11,1000,2,3.39,4,0.01990063120611012
5,12,1000,2,2.92,3,0.01990045868605375
5,13,1000,2,2.81,3,0.019899878706783055
5,14,1000,1,2.53,3,0.019899329140782355
5,15,1000,1,2.46,1,0.01989850380271673
5,16,1000,1,2.5,2,0.01989833455532789
5,17,1000,3,2.91,2,0.01989849567785859
5,18,1000,1,2.49,2,0.01989911201968789
6,1,1000,3,3.69,3,-0.015462058508768677
6,2,1000,3,3.46,2,-0.015459613833576441
6,3,1000,5,4.71,3,-0.015457916721701622
6,4,1000,2,2.59,2,-0.015457028055563569
6,5,1000,2,2.91,4,-0.015454972656443714
6,6,1000,2,2.96,2,-0.01545373466797173
6,7,1000,2,3.24,3,-0.015452764885500073
6,8,1000,4,3.35,2,-0.01545046555250883
6,9,1000,3,3.04,1,-0.015449314324185252
6,10,770,5,10.0,1,-0.015447033431332607
6,11,1000,5,3.51,2,-0.01544549196958542
6,12,1000,4,2.83,2,-0.015445320451632142
6,13,1000,3,3.36,1,-0.01544490467198193
6,14,1000,3,3.1,1,-0.015442304655909539
6,15,1000,3,3.17,1,-0.015441223185509443
6,16,1000,3,3.33,1,-0.015441262178122998
6,17,1000,2,3.01,1,-0.015439097736030817
6,18,1000,4,5.8,1,-0.015437658904120325
6,19,1000,4,4.7,1,-0.015435413379222154
6,20,1000,3,3.3,1,-0.015432219173759223
6,21,1000,5,7.52,1,-0.015429548550397158
6,22,1000,5,5.12,2,-0.015427595431916416
6,23,1000,2,3.4,11,-0.015433266961947084
6,24,1000,3,2.99,1,-0.01543204502761364
6,25,1000,2,3.37,6,-0.015431230634450913
6,26,1000,2,6.15,12,-0.015430494986474514
6,27,1000,3,6.0,4,-0.015427915394306184
6,28,1000,3,5.34,5,-0.015429000221192837
6,29,1000,4,7.23,5,-0.015427269076928497
6,30,1000,3,3.58,8,-0.015426302248612047
6,31,1000,3,5.14,4,-0.015426354536786676
6,32,1000,3,4.65,4,-0.015423762577585876
6,33,1000,4,5.88,4,-0.015422817333601416
6,34,1000,3,4.45,3,-0.015422179116867482
6,35,1000,5,5.34,3,-0.015419476561248303
6,36,1000,4,2.89,2,-0.015420095911249519
6,37,1000,4,2.78,2,-0.015417663231492042
6,38,1000,6,6.73,3,-0.01541880769841373
6,39,1000,4,3.09,2,-0.015417896935716272
6,40,1000,3,2.87,3,-0.01541861530020833
6,41,1000,3,4.64,2,-0.015417457226663827
6,42,1000,3,4.72,5,-0.01541444987244904
6,43,1000,3,2.79,1,-0.015414584849029779
6,44,1000,3,3.07,2,-0.015413347481749952
6,45,1000,1,2.45,1,-0.01540430635213852
6,46,1000,1,2.6,4,-0.015407993825152516
6,47,1000,1,2.51,2,-0.015406188014894724
6,48,1000,1,2.46,1,-0.01540386863052845
6,49,1000,1,2.59,3,-0.015403219502419234
6,50,1000,3,3.29,3,-0.015402262458577752
6,51,1000,2,2.88,3,-0.01540398719534278
6,52,1000,2,2.67,2,-0.015400490689091384
6,53,1000,1,2.53,2,-0.015401372134685516
6,54,1000,3,3.59,3,-0.015399707674980164
6,55,1000,3,4.12,3,-0.015398397244513034
6,56,1000,2,2.82,3,-0.01539596351236105
6,57,1000,3,3.35,3,-0.015394406301900745
6,58,1000,6,5.93,3,-0.01539246616512537
6,59,1000,3,3.19,3,-0.015390500886365772
6,60,1000,2,2.77,1,-0.015387504385784269
6,61,1000,2,3.86,5,-0.015365383080206811
6,62,1000,3,3.71,1,-0.015378755450248718
6,63,1000,3,4.82,3,-0.01538695556577295
6,64,1000,2,2.53,1,-0.015358845703303814
7,1,1000,3,3.67,3,-0.1298268162459135
7,2,1000,3,2.99,3,-0.1298265691548586
7,3,1000,3,3.47,2,-0.12982670702040194
7,4,1000,3,2.83,1,-0.1298271247446537
7,5,1000,2,2.47,1,-0.12982788681983948
7,6,1000,2,2.57,1,-0.12982770292460918
7,7,1000,3,2.93,1,-0.1298277450352907
7,8,1000,2,2.92,6,-0.1298268324881792
7,9,1000,3,3.27,4,-0.12982606951892375
7,10,1000,3,4.25,6,-0.12982691338658334
7,11,1000,3,3.51,2,-0.12982674764096738
7,12,1000,5,4.64,3,-0.12982664227485657
7,13,1000,5,7.5,3,-0.12982697071135044
7,14,1000,5,3.88,3,-0.12982635247707366
7,15,1000,4,4.72,2,-0.1298265155404806
7,16,1000,3,3.15,3,-0.129825957685709
7,17,1000,4,3.81,1,-0.1298265853524208
7,18,287,5,10.02,7,-0.12982590205785705
7,19,1000,3,9.12,6,-0.1298254330009222
7,20,248,5,10.02,3,-0.12982503931608894
7,21,263,5,10.03,4,-0.12982460108546703
7,22,1000,5,7.48,1,-0.12982327453792095
7,23,1000,4,4.1,3,-0.12982301610708236
7,24,1000,2,4.57,3,-0.12982247006893158
7,25,1000,3,2.86,2,-0.1298208518624306
7,26,1000,2,5.82,6,-0.1298206282556057
7,27,1000,3,5.15,3,-0.12982156556844712
7,28,1000,3,5.82,2,-0.12982282012701035
7,29,253,3,10.04,8,-0.1298221206005383
7,30,248,5,10.01,5,-0.12982263133650826
7,31,222,4,10.01,2,-0.12982249937884444
7,32,260,4,10.03,20,-0.12982245643551532
7,33,311,6,10.03,4,-0.12982132786531542
7,34,363,5,10.0,3,-0.12982056759934124
7,35,256,3,10.01,22,-0.12981918978039175
7,36,1000,2,3.01,3,-0.12981861019134522
7,37,1000,3,5.87,3,-0.12981775204837323
7,38,950,3,10.0,5,-0.12981817444688395
7,39,1000,2,3.87,3,-0.12981856746971607
7,40,1000,3,8.53,2,-0.12981723053753377
7,41,214,3,10.03,5,-0.12981632024606812
7,42,1000,1,2.99,13,-0.1298168177008629
8,1,1000,3,3.68,3,-0.009589497908949852
8,2,1000,3,2.95,2,-0.009589669385924935
8,3,1000,3,3.04,2,-0.009589883545413614
8,4,1000,3,2.81,2,-0.009590700056403875
8,5,1000,3,2.74,1,-0.009591479606926441
8,6,1000,2,2.65,2,-0.009591654311865568
8,7,1000,3,3.47,1,-0.009591173799708485
8,8,1000,2,2.66,2,-0.009591251239180565
8,9,1000,6,4.39,2,-0.00959120506234467
8,10,1000,5,5.55,4,-0.009590835409238935
8,11,1000,5,4.55,1,-0.009589930385351182
8,12,1000,5,6.31,3,-0.009590069370344281
8,13,1000,3,2.75,2,-0.009590516889467835
8,14,1000,3,3.41,4,-0.009590013401582838
8,15,1000,3,3.32,2,-0.009589352382346988
8,16,1000,5,8.56,1,-0.009588742656633257
8,17,1000,4,8.33,2,-0.00958952203951776
8,18,1000,3,6.06,2,-0.009589615404605865
8,19,1000,2,3.58,5,-0.009590600933879614
8,20,1000,2,3.28,2,-0.009590945910662412
8,21,1000,2,3.17,4,-0.00959153419919312
8,22,1000,2,3.2,2,-0.00959085626155138
8,23,332,5,10.03,3,-0.009588656439277601
8,24,1000,4,3.75,2,-0.009587939267978072
8,25,1000,2,2.72,3,-0.009588457694277167
8,26,1000,2,2.69,1,-0.00958763923868537
8,27,1000,2,2.68,2,-0.009588398767635226
8,28,1000,4,5.24,4,-0.009588701842352748
8,29,1000,4,4.34,2,-0.009587638437747955
8,30,1000,4,3.29,1,-0.00958609987795353
8,31,1000,3,3.39,3,-0.009587092569097877
8,32,1000,2,2.79,2,-0.009586178939789533
8,33,1000,3,2.99,2,-0.009586141904816032
8,34,1000,2,3.29,3,-0.00958536810427904
8,35,1000,2,4.38,8,-0.009585998317226768
8,36,1000,2,3.07,4,-0.009586761828511953
8,37,1000,2,2.94,3,-0.00958698358014226
8,38,1000,5,4.79,3,-0.009586880566552282
8,39,1000,4,5.73,3,-0.009586659284308553
8,40,1000,2,2.8,2,-0.009585897240787745
8,41,1000,5,5.0,2,-0.00958506640419364
8,42,1000,4,4.14,1,-0.009583459870889783
8,43,1000,2,2.6,1,-0.009583889063447714
8,44,1000,5,7.09,6,-0.009582895139232278
8,45,1000,2,2.52,1,-0.009582956321537495
8,46,1000,1,2.7,6,-0.009581971114501358
8,47,1000,3,3.66,6,-0.009581472866237164
8,48,1000,6,7.22,4,-0.009580991540104151
8,49,1000,1,2.5,2,-0.009581066265702248
8,50,1000,2,2.83,3,-0.009581121491268278
8,51,1000,2,2.8,3,-0.00958031376078725
8,52,1000,4,6.75,3,-0.009579889865592122
8,53,1000,4,5.24,3,-0.009579248497262598
8,54,1000,2,2.68,2,-0.009578196421265603
8,55,1000,2,3.37,7,-0.009576698668301105
8,56,1000,3,4.66,7,-0.00957639834843576
8,57,1000,2,2.81,4,-0.009576667577028275
9,1,1000,3,3.75,3,0.09994803714752197
9,2,1000,3,3.47,3,0.09994830224663019
9,3,1000,3,3.08,4,0.09994817081838846
9,4,1000,4,2.85,3,0.09994842394441367
9,5,1000,3,2.82,3,0.09994905672222376
9,6,1000,3,2.54,1,0.09994928538799286
9,7,1000,3,3.24,5,0.09994939533621072
9,8,1000,2,2.97,6,0.09995002841949463
9,9,1000,2,2.85,5,0.09995043039321899
9,10,1000,2,2.6,2,0.09995108360052109
9,11,1000,2,2.58,1,0.09995089109241963
9,12,1000,2,2.65,1,0.0999511429592967
9,13,1000,2,2.59,1,0.0999512093514204
9,14,1000,1,2.49,1,0.09995139390230179
9,15,1000,2,2.55,1,0.09995148330926895
10,1,1000,3,3.79,3,-0.07195610399544239
10,2,1000,3,3.24,2,-0.07195663589984179
10,3,1000,3,2.76,2,-0.07195721785724163
10,4,1000,2,2.78,2,-0.07195692899078131
10,5,1000,3,3.54,3,-0.07195761349797249
10,6,1000,2,3.45,6,-0.07195813010632991
10,7,1000,3,3.67,6,-0.07195830132067203
10,8,1000,2,2.92,3,-0.07195882297307253
10,9,1000,2,4.36,4,-0.0719590828344226
10,10,1000,1,2.75,8,-0.07195846690237521
10,11,1000,2,3.53,5,-0.07196005591005086
10,12,1000,3,3.85,2,-0.07196069879084825
10,13,1000,2,3.47,5,-0.07196179804950953
10,14,1000,2,2.76,5,-0.07196210660040378
10,15,1000,4,3.62,3,-0.07196091624349356
10,16,1000,4,6.83,7,-0.07195982936769724
10,17,1000,2,2.98,3,-0.07195989539474248
10,18,1000,3,3.76,2,-0.0719598464667797
10,19,1000,1,2.6,4,-0.07196032930165529
10,20,1000,3,7.54,5,-0.07196267302334308
10,21,1000,3,3.03,2,-0.07196302680671215
10,22,1000,2,2.68,3,-0.07196242917329072
10,23,1000,1,2.52,2,-0.0719623169451952
10,24,1000,1,2.54,2,-0.07196149577200413
11,1,1000,3,3.76,3,0.011115185265429319
11,2,1000,3,3.52,2,0.011115360574796796
11,3,1000,4,3.91,2,0.011115440485998988
11,4,1000,3,3.1,2,0.011115293237380683
11,5,1000,2,2.79,2,0.011115289963781834
11,6,1000,1,2.69,7,0.01111541540827602
11,7,1000,2,3.15,3,0.011115567692555487
11,8,1000,2,2.58,1,0.011115921318531036
11,9,1000,1,2.49,2,0.011115817692130804
11,10,1000,1,2.48,2,0.011115284414030611
11,11,1000,1,2.53,3,0.011115097994916142
11,12,1000,1,2.49,1,0.0111149363219738
11,13,1000,1,2.59,4,0.011114451139234007
11,14,1000,1,2.67,5,0.011114235237240791
11,15,1000,3,4.61,5,0.011114520290866493
11,16,1000,3,5.37,7,0.01111437490209937
11,17,1000,3,3.54,2,0.011114782550372184
11,18,1000,3,2.98,3,0.01111488351598382
11,19,1000,3,3.25,2,0.011114252187311649
11,20,1000,2,2.57,1,0.011114364979788662
12,1,1000,3,3.72,3,-0.07859530274569988
12,2,1000,3,3.82,3,-0.07859544166922569
12,3,1000,4,4.57,3,-0.07859569484740496
12,4,1000,3,5.05,6,-0.07859554520249366
12,5,1000,3,5.79,8,-0.07859538709372282
12,6,1000,3,3.07,3,-0.07859497404843568
12,7,1000,3,5.13,5,-0.0785947428867221
12,8,1000,3,3.41,3,-0.07859470613300801
12,9,1000,3,4.46,5,-0.07859400148689746
12,10,1000,3,4.21,4,-0.0785937521159649
12,11,1000,3,5.19,5,-0.07859341464936734
12,12,1000,3,4.43,6,-0.0785929240360856
12,13,1000,4,2.91,2,-0.0785926863849163
12,14,1000,4,3.02,2,-0.07859248156100511
12,15,1000,1,2.53,3,-0.07859177165478468
12,16,1000,1,2.63,4,-0.07859176329523325
12,17,1000,1,2.63,5,-0.07859156513959169
12,18,1000,5,6.07,3,-0.07859132412075996
12,19,1000,4,4.93,3,-0.078591113910079
12,20,1000,4,5.83,3,-0.07859061463922262
12,21,1000,3,4.92,6,-0.07858996646851302
12,22,1000,3,7.4,4,-0.0785892299413681
12,23,1000,3,4.65,5,-0.07858853131532668
12,24,1000,4,3.38,4,-0.0785885254740715
12,25,1000,1,2.54,2,-0.07858762065321206
12,26,1000,5,7.34,4,-0.07858697001636028
12,27,1000,4,7.46,3,-0.0785865884795785
12,28,632,5,10.0,4,-0.07858599610390919
12,29,324,4,10.02,8,-0.07858548899767576
12,30,1000,3,4.65,9,-0.07858520972728729
12,31,1000,1,2.49,1,-0.0785834938287735
13,1,1000,3,3.83,3,0.09021962125599384
13,2,1000,3,4.1,3,0.09022030305117369
13,3,1000,3,4.17,3,0.09022077473998069
13,4,1000,4,5.94,3,0.09022135117650032
13,5,1000,3,3.81,3,0.09022166433185339
13,6,1000,3,3.32,2,0.09022166088968515
13,7,1000,3,4.42,5,0.09022148958593607
13,8,1000,4,3.79,3,0.09022108414024115
13,9,1000,3,3.39,2,0.09022113590687514
13,10,1000,2,3.16,4,0.09022166165709496
13,11,1000,1,2.64,3,0.09022134876251221
13,12,1000,2,3.19,3,0.09022218868881464
13,13,1000,2,3.19,4,0.09022244752198458
13,14,1000,2,2.83,2,0.0902228229418397
13,15,1000,1,2.62,2,0.09022240482270717
13,16,1000,1,2.69,4,0.09022287325561047
13,17,1000,5,9.19,3,0.09022394655644894
13,18,1000,5,9.1,4,0.0902240679487586
13,19,1000,4,5.38,2,0.09022465065866708
13,20,1000,4,6.76,2,0.09022484099119901
13,21,244,4,10.01,3,0.09022351949796324
13,22,238,5,10.04,2,0.09022284064348005
13,23,1000,4,3.68,1,0.09022326308488846
13,24,348,6,10.01,3,0.09022258245653805
13,25,245,4,10.02,6,0.09022312611341476
13,26,264,5,10.03,7,0.09022500591747688
13,27,557,5,10.0,2,0.09022539111666876
13,28,1000,5,6.79,1,0.09022504755109549
13,29,1000,5,6.83,1,0.09022505770623684
13,30,1000,5,6.78,1,0.09022585001587868
13,31,1000,5,6.99,1,0.09022663827985525
13,32,345,5,10.03,3,0.09022631595532099
13,33,1000,4,4.24,1,0.09022609286755323
13,34,1000,4,6.1,1,0.0902254125624895
13,35,1000,4,5.31,3,0.09022612546384334
13,36,1000,3,3.69,3,0.09022634959965944
13,37,1000,3,3.45,3,0.09022538525611162
13,38,262,4,10.0,1,0.09022294209544895
13,39,221,3,10.01,5,0.09022344571298065
13,40,250,4,10.04,13,0.09022575721144677
13,41,248,5,10.0,3,0.09022402922592816
13,42,250,5,10.01,3,0.09022631946206093
13,43,259,6,10.03,3,0.09022624022597052
13,44,1000,3,3.43,3,0.09022554831951857
13,45,1000,2,3.93,2,0.09022634718567132
13,46,1000,1,2.64,3,0.09022678865492344
14,1,1000,3,3.74,3,-0.11988281055539847
14,2,1000,3,3.49,3,-0.11988317969441414
14,3,1000,3,4.02,3,-0.11988360784202814
14,4,1000,3,3.53,2,-0.11988393449783326
14,5,1000,3,4.1,3,-0.11988413689285517
14,6,1000,2,2.91,3,-0.11988452217727899
14,7,1000,2,2.58,1,-0.1198845829218626
14,8,1000,3,3.12,1,-0.11988443760573864
14,9,1000,2,2.58,1,-0.11988440398871898
14,10,1000,3,3.16,1,-0.11988407766073943
14,11,1000,3,3.03,1,-0.11988389817625285
14,12,1000,3,3.02,1,-0.11988363017141819
14,13,1000,2,2.98,3,-0.11988420879095793
14,14,1000,2,2.72,3,-0.11988448351621628
14,15,1000,5,6.58,8,-0.11988419522345066
14,16,271,5,10.04,7,-0.11988318409097151
14,17,240,4,10.02,3,-0.11988283386453986
14,18,1000,6,9.4,2,-0.11988313749432564
14,19,1000,6,9.34,3,-0.11988382674753666
14,20,279,5,10.03,3,-0.1198838784970263
14,21,1000,3,3.81,3,-0.11988337173312902
14,22,1000,3,3.74,3,-0.11988311273604632
14,23,1000,3,4.4,1,-0.119884073138237
14,24,1000,3,6.64,6,-0.11988399817794561
14,25,232,3,10.02,5,-0.11988428842019418
14,26,228,5,10.0,9,-0.11988433816453867
14,27,258,6,10.01,3,-0.11988482760020004
14,28,275,6,10.0,1,-0.1198842487281019
14,29,235,6,10.04,1,-0.11988373186360014
14,30,1000,5,9.91,1,-0.11988377665728331
14,31,237,4,10.04,4,-0.11988316998200074
14,32,226,4,10.04,2,-0.11988313440068633
14,33,1000,3,2.93,1,-0.11988426558673382
14,34,1000,5,8.81,1,-0.11988280722498894
14,35,1000,5,4.31,1,-0.11988044042140246
14,36,1000,4,7.57,3,-0.11987981118261815
14,37,1000,3,9.89,3,-0.11988099019229412
14,38,1000,2,5.66,17,-0.11988135056942702
14,39,1000,2,5.74,17,-0.11988099449127912
15,1,1000,3,3.85,3,0.14258601324260234
15,2,1000,3,3.35,3,0.14258554656803607
15,3,1000,3,2.87,2,0.14258445717394352
15,4,1000,3,2.79,1,0.14258353903889656
15,5,1000,3,2.82,1,0.14258320288360118
15,6,1000,5,4.09,2,0.14258360093832015
15,7,1000,3,2.78,1,0.14258354406058787
15,8,1000,1,2.48,2,0.14258297306299209
15,9,1000,1,2.76,8,0.14258215114474296
15,10,1000,2,3.53,6,0.1425811244547367
15,11,1000,5,8.47,3,0.1425817221403122
15,12,1000,4,6.15,2,0.14258143469691276
15,13,1000,2,2.9,2,0.1425806438922882
15,14,1000,3,2.79,1,0.14258052128553392
15,15,1000,2,2.62,1,0.1425799293667078
15,16,1000,3,3.63,1,0.14258025185763837
15,17,1000,7,8.12,1,0.1425815512686968
15,18,1000,5,3.79,1,0.1425810083001852
15,19,1000,5,3.88,1,0.1425808540135622
15,20,1000,7,4.99,1,0.14258107510209084
15,21,1000,5,3.08,1,0.14258101317286492
15,22,1000,3,3.2,1,0.14257967811822891
15,23,1000,2,2.6,1,0.14257941024005413
15,24,1000,2,2.79,3,0.14257974538207055
15,25,473,6,10.0,1,0.14257978063557164
15,26,1000,5,5.54,1,0.14258020375669003
15,27,1000,3,3.76,3,0.14258021138608457
15,28,1000,3,3.29,4,0.14258012974262238
15,29,1000,4,5.69,2,0.14257960933446884
15,30,1000,5,7.1,2,0.14257999597489834
15,31,1000,3,2.93,1,0.14257938730716704
15,32,1000,2,2.92,1,0.14257925917208195
15,33,223,5,10.0,1,0.14257916447293065
15,34,229,4,10.03,2,0.1425794138528374
15,35,255,5,10.04,3,0.1425797945728489
15,36,239,5,10.05,3,0.14258022986695357
15,37,545,4,10.03,3,0.1425799175139961
15,38,246,5,10.02,2,0.142579443631618
15,39,1000,5,4.56,3,0.14257956819236278
15,40,1000,3,3.22,1,0.1425791925340891
15,41,1000,4,7.24,1,0.14257968123257161
15,42,322,7,10.02,2,0.14257970040444262
15,43,1000,2,2.88,2,0.14257947936654092
15,44,260,5,10.02,3,0.1425797911790701
15,45,553,4,10.0,2,0.142579569900661
15,46,1000,3,3.85,4,0.1425794661939144
15,47,1000,2,2.77,1,0.14257911331951617
15,48,1000,4,8.42,1,0.1425791333913803
15,49,1000,3,3.44,6,0.14257779493927955
15,50,1000,3,2.71,1,0.14257719910144806
15,51,1000,3,3.11,1,0.14257767589390277
15,52,1000,1,2.51,2,0.14257666720449924
16,1,1000,3,3.74,3,0.08706355252116918
16,2,1000,3,3.41,3,0.087063779681921
16,3,1000,3,4.11,3,0.08706336165219546
16,4,1000,3,3.06,3,0.08706318118423223
16,5,1000,3,2.83,2,0.08706274601817131
16,6,1000,3,3.61,5,0.087062369517982
16,7,1000,3,4.54,10,0.08706193139404059
16,8,1000,3,3.06,3,0.08706095440685749
16,9,1000,3,3.12,3,0.08705943016707897
16,10,1000,3,3.08,3,0.08705865089595317
16,11,1000,3,3.06,3,0.08705814252048731
16,12,1000,2,2.58,1,0.08705785694718361
16,13,1000,3,2.67,1,0.08705790442973375
16,14,1000,3,4.16,8,0.08705809826403857
16,15,1000,4,4.96,3,0.0870582020431757
16,16,1000,3,7.55,17,0.08705820990353823
16,17,1000,3,7.59,12,0.08705788130313158
16,18,284,5,10.0,3,0.08705899827706982
16,19,1000,5,4.42,2,0.08705806425958872
16,20,473,4,10.0,6,0.08705792957267096
16,21,260,5,10.03,3,0.08705802087027292
16,22,236,5,10.02,3,0.08705834738152513
16,23,276,5,10.0,2,0.08705929842224155
16,24,249,5,10.04,3,0.08705834448935995
16,25,568,4,10.0,4,0.08705779171588135
16,26,261,4,10.04,3,0.0870568203914668
16,27,1000,4,5.94,5,0.08705527181178331
16,28,1000,5,7.74,2,0.08705428323894739
16,29,1000,6,8.81,5,0.08705326607078313
16,30,267,6,10.02,3,0.08705115865232346
16,31,1000,5,9.43,4,0.08704915968328715
16,32,301,6,10.02,4,0.08704722135566002
16,33,242,5,10.05,4,0.08704638364147549
16,34,258,5,10.02,4,0.08704546919857808
16,35,266,6,10.0,6,0.0870460116661581
16,36,267,6,10.05,6,0.08704562178265289
16,37,253,5,10.01,9,0.08704849147042738
16,38,1000,3,4.01,3,0.08704901019483804
16,39,1000,3,3.32,3,0.08704783573001623
16,40,1000,2,4.07,3,0.08704682341963053
16,41,1000,3,8.54,13,0.08704137437045574
16,42,1000,3,5.21,6,0.08704432275146246
16,43,1000,4,5.22,3,0.08704471570253372
16,44,242,4,10.03,3,0.08704515663552875
16,45,1000,2,5.1,3,0.08704544839262962
17,1,1000,3,3.87,3,-0.09828095172345638
17,2,1000,3,3.63,2,-0.09828057591617108
17,3,1000,3,3.38,2,-0.09828022038936615
17,4,1000,4,3.29,3,-0.09827987739443779
17,5,1000,2,2.88,2,-0.09827908657491208
17,6,1000,2,2.84,2,-0.0982787667810917
17,7,1000,2,2.97,2,-0.09827808438986539
17,8,1000,2,2.9,2,-0.09827772807329893
17,9,1000,4,3.47,2,-0.09827761172503233
17,10,1000,3,3.14,2,-0.09827718642354012
17,11,1000,3,2.96,2,-0.09827686239033938
17,12,1000,3,3.24,1,-0.09827626655995846
17,13,1000,2,2.89,1,-0.0982757930457592
17,14,1000,2,2.72,2,-0.09827534128725529
17,15,1000,2,2.78,1,-0.0982745051458478
17,16,1000,1,2.58,1,-0.09827404469251633
17,17,1000,3,3.78,3,-0.09827374288439751
17,18,1000,1,2.81,6,-0.09827339310199022
17,19,1000,1,2.58,1,-0.09827283024787903
17,20,1000,2,2.63,1,-0.09827283024787903
17,21,1000,2,2.83,1,-0.09827238305658102
17,22,1000,2,2.81,1,-0.09827246102690697
17,23,1000,2,2.9,4,-0.09827163928747178
17,24,1000,4,8.84,2,-0.0982725349739194
17,25,1000,3,3.34,3,-0.09827230124920606
17,26,1000,2,3.12,4,-0.09827261074632407
17,27,1000,2,2.75,2,-0.09827220946550369
17,28,1000,3,3.45,2,-0.09827223677188159
17,29,1000,3,3.33,3,-0.09827172384411097
17,30,1000,2,3.23,2,-0.09827171055972576
17,31,1000,3,4.39,3,-0.09827142149955034
17,32,369,4,10.0,3,-0.0982720695011984
17,33,1000,4,6.29,3,-0.09827241157740355
17,34,1000,4,3.26,2,-0.09827202708274126
17,35,1000,3,3.26,3,-0.09827154655009508
17,36,1000,4,3.5,2,-0.09827126336842776
17,37,1000,2,4.03,8,-0.09827030505239963
17,38,1000,3,3.25,3,-0.09826973707973957
17,39,1000,3,3.26,3,-0.09826926812529564
17,40,1000,3,4.2,3,-0.09826841530948878
17,41,264,4,10.04,3,-0.09826955543548772
17,42,1000,4,4.54,1,-0.09826897896826267
17,43,1000,2,2.82,3,-0.09826937843114138
17,44,1000,3,4.05,4,-0.09826916233450174
17,45,1000,4,6.84,3,-0.0982683694139123
17,46,1000,5,3.35,3,-0.09826840273290872
17,47,1000,5,4.44,4,-0.09826828532665968
17,48,1000,4,5.95,2,-0.09826791432499886
17,49,1000,6,9.23,1,-0.09826778221875429
17,50,1000,3,4.46,6,-0.0982673305273056
17,51,1000,3,3.17,2,-0.09826670755445957
17,52,1000,2,5.95,8,-0.09826657143980265
17,53,1000,2,3.12,2,-0.09826558427512645
17,54,1000,3,3.68,2,-0.09826564760506153
17,55,1000,3,3.45,3,-0.09826570075005293
17,56,1000,1,2.74,4,-0.09826570384949446
17,57,1000,2,2.68,2,-0.09826625302433968
17,58,1000,3,3.25,3,-0.09826568426191806
17,59,1000,3,2.92,3,-0.09826774241030216
18,1,1000,3,3.89,3,0.0011782296216115355
18,2,1000,3,3.62,3,0.0011765125906094908
18,3,1000,2,2.94,3,0.0011743680974468588
18,4,1000,2,3.15,3,0.001172512530349195
18,5,1000,1,2.63,3,0.0011713067246600986
18,6,1000,2,2.93,3,0.001170269633643329
18,7,1000,1,2.63,3,0.0011689046462997794
18,8,1000,2,3.97,3,0.0011681530764326453
18,9,1000,2,3.05,3,0.0011677275476977228
18,10,1000,4,5.68,3,0.0011668861312791705
18,11,250,5,10.04,3,0.0011682512750849127
18,12,519,5,10.02,3,0.0011674857876480687
18,13,1000,4,3.63,3,0.0011665576649829744
18,14,1000,3,2.83,2,0.0011657505547627808
18,15,1000,2,3.6,4,0.0011658237902447582
18,16,1000,2,3.69,3,0.0011643695420352743
18,17,1000,3,3.78,4,0.0011641403171233832
18,18,711,6,10.0,3,0.001163055564724852
18,19,583,7,10.0,2,0.0011629189870210035
18,20,1000,4,4.76,4,0.0011651244369568303
18,21,1000,4,5.19,3,0.0011659785201773047
18,22,1000,1,2.74,4,0.001163672891794704
18,23,1000,2,3.34,4,0.0011644056169316172
18,24,1000,3,7.01,4,0.0011641995776444673
18,25,238,5,10.01,3,0.0011635172125069471
18,26,1000,5,7.46,1,0.001165007601492107
18,27,1000,5,6.55,1,0.0011651905393227934
18,28,1000,3,3.85,5,0.0011649301191791893
18,29,1000,3,3.08,2,0.0011657866304740309
18,30,1000,2,3.57,3,0.0011638050554320216
18,31,1000,2,2.94,3,0.0011614294573664666
18,32,1000,2,3.98,7,0.0011644618227146567
18,33,213,3,10.01,8,0.0011635463446501135
18,34,265,4,10.04,16,0.001165278643844122
18,35,1000,3,5.83,3,0.001165415092371404
18,36,194,4,10.03,2,0.0011653483199608541
18,37,214,5,10.01,5,0.0011671093677684107
18,38,225,5,10.01,3,0.001168803354828722
18,39,1000,2,2.91,2,0.001169160827063024
18,40,1000,2,3.01,5,0.001169059663079679
18,41,1000,2,4.38,8,0.0011696074893698097
19,1,1000,3,3.81,3,0.06914655462652444
19,2,1000,3,3.47,3,0.06914548549056053
19,3,1000,3,3.82,2,0.06914440800249577
19,4,1000,2,2.82,2,0.06914361362159252
19,5,1000,2,2.84,3,0.06914366213232279
19,6,1000,2,3.15,3,0.06914248714596033
19,7,647,4,10.0,3,0.0691426621614689
19,8,1000,4,5.77,2,0.06914166470617056
19,9,1000,4,3.36,4,0.06914140785485506
19,10,1000,2,2.99,4,0.06914162454754114
19,11,1000,2,3.44,5,0.06914143230766058
19,12,1000,1,2.71,5,0.06914185520261526
19,13,1000,2,4.29,7,0.06914155665785074
19,14,1000,3,5.86,3,0.06914127977937459
19,15,259,5,10.04,6,0.06914066019895915
19,16,336,7,10.02,3,0.06914144809845657
19,17,263,4,10.04,3,0.0691408765123371
19,18,1000,2,2.87,2,0.06914030718058348
19,19,1000,3,3.95,2,0.06914044396579265
19,20,243,4,10.04,8,0.0691404053826391
19,21,282,4,10.04,8,0.06913998630558345
19,22,1000,4,5.85,1,0.06913963483273983
19,23,1000,3,3.68,3,0.06913912045955659
19,24,587,4,10.0,4,0.0691387155545428
19,25,228,5,10.02,3,0.06913838810042332
19,26,1000,3,5.45,5,0.06913788153231144
19,27,1000,2,3.37,5,0.06913743688166142
19,28,1000,2,3.14,4,0.06913742726296186
19,29,1000,2,3.67,4,0.06913692155480385
19,30,1000,2,2.97,8,0.06913673274219036
20,1,1000,3,3.9,3,-0.05897647081688046
20,2,1000,3,3.6,2,-0.05897463555261493
20,3,1000,4,5.13,3,-0.05897263444215059
20,4,1000,3,3.08,3,-0.05897243734449148
20,5,1000,3,2.82,2,-0.058972075439989564
20,6,1000,1,2.63,5,-0.05897282841056585
20,7,1000,5,7.74,2,-0.05897329745814204
20,8,1000,4,4.89,2,-0.05897208943590522
20,9,1000,3,2.77,1,-0.05897207762300968
20,10,1000,4,3.42,1,-0.05897122526913881
20,11,1000,2,2.99,4,-0.05897064577415585
20,12,1000,5,4.6,4,-0.05896998796984553
20,13,1000,4,7.31,2,-0.05897010068967939
20,14,1000,4,4.91,3,-0.058969678349792956
20,15,1000,2,3.03,1,-0.05896853367611766
20,16,1000,3,3.54,1,-0.05896766025200486
20,17,1000,2,2.67,1,-0.05896703472733498
20,18,1000,3,5.15,4,-0.05896567695215344
20,19,960,5,10.0,4,-0.05896523406263441
20,20,1000,5,8.89,3,-0.05896520098298788
20,21,1000,2,2.55,1,-0.058965083211660385
20,22,1000,2,3.02,6,-0.058963607139885424
20,23,1000,2,6.45,11,-0.058961606834083795
20,24,262,3,10.0,14,-0.058960240860363
20,25,1000,2,4.17,8,-0.05895885026827455
20,26,1000,3,7.59,7,-0.05895843296125531
20,27,1000,1,2.51,2,-0.05895790044218302
21,1,1000,3,3.84,3,0.05335747072473168
21,2,1000,3,3.42,3,0.053357374731451274
21,3,1000,3,4.14,3,0.05335734399408102
21,4,1000,2,2.75,3,0.053358453407883644
21,5,1000,2,2.96,3,0.05335876053571701
21,6,1000,2,3.03,6,0.05335894026234746
21,7,1000,1,2.62,4,0.05335826558992267
21,8,1000,1,2.51,2,0.05335855346173048
21,9,1000,1,2.52,1,0.05335790663957596
21,10,1000,1,2.49,1,0.053357720375061035
21,11,1000,1,2.61,4,0.05335644283890724
21,12,1000,1,2.54,2,0.05335624474287033
21,13,1000,3,4.05,3,0.05335717768967151
21,14,1000,3,4.54,5,0.05335679042339325
21,15,1000,3,3.74,3,0.05335701936483383
21,16,1000,4,4.04,3,0.05335780194029212
21,17,1000,1,2.59,3,0.05335692703723907
21,18,1000,2,2.85,4,0.053355159174650904
21,19,1000,3,2.8,2,0.05335537913441658
21,20,1000,2,2.7,2,0.05335501681268215
21,21,1000,2,2.79,2,0.053355688862502575
21,22,1000,4,3.6,3,0.05335613618418574
21,23,1000,3,2.95,2,0.053355593338608745
21,24,1000,4,4.68,5,0.053355134405195716
21,25,1000,3,5.3,3,0.053356010224670174
21,26,1000,4,4.82,3,0.05335639632120728
21,27,1000,1,2.54,1,0.053354475647211075
21,28,1000,1,2.57,3,0.0533534509204328
21,29,1000,1,2.52,2,0.05335523595660925
21,30,1000,1,2.62,4,0.05335552101954818
22,1,1000,3,3.87,3,-0.024221657764166595
22,2,1000,3,3.07,3,-0.024222528958693146
22,3,1000,3,3.64,2,-0.024223429998382926
22,4,1000,2,2.95,3,-0.024224562516435982
22,5,1000,2,2.99,3,-0.024226034969091415
22,6,1000,3,3.24,2,-0.024227232495322822
22,7,1000,3,3.03,2,-0.02422790984623134
22,8,1000,3,5.84,2,-0.024229290271177886
22,9,1000,3,6.22,2,-0.024227717025205493
22,10,1000,3,3.93,1,-0.02422845626063645
22,11,1000,3,3.86,1,-0.024228041257709266
22,12,1000,3,3.97,1,-0.024227425491437315
22,13,1000,3,3.93,1,-0.024226853020489218
22,14,1000,4,5.49,2,-0.024227778961881996
22,15,1000,3,3.72,1,-0.024229216193780302
22,16,1000,2,2.89,1,-0.02422976303100586
22,17,1000,2,2.95,1,-0.024231535388156773
22,18,1000,3,3.01,1,-0.02423429275676608
22,19,1000,3,5.23,1,-0.024236227080225943
22,20,1000,4,5.22,1,-0.024236433463171125
22,21,1000,4,6.02,1,-0.02423558445647359
22,22,1000,4,6.05,1,-0.024236599883064626
22,23,1000,4,6.0,1,-0.024236854791641234
22,24,1000,4,6.47,1,-0.024237871637567878
22,25,1000,4,7.63,1,-0.024237036446109413
22,26,1000,4,8.82,1,-0.024236838372424244
22,27,659,4,10.0,8,-0.024231393709891844
22,28,718,3,10.0,13,-0.02423036350378336
22,29,1000,3,5.36,2,-0.02423266945965588
22,30,1000,3,3.85,1,-0.024233348302543162
22,31,1000,3,4.07,1,-0.024234438933432103
22,32,1000,4,5.45,2,-0.024234835585579276
22,33,1000,4,7.89,9,-0.024235124327242376
22,34,1000,4,6.91,7,-0.024235004188492896
22,35,1000,3,9.24,10,-0.024233825301751496
22,36,1000,3,4.14,2,-0.024237722674384714
22,37,1000,3,5.08,2,-0.024239134868606925
22,38,1000,3,3.95,1,-0.024239815460518004
22,39,1000,3,6.39,6,-0.02424080599285662
22,40,1000,3,6.31,6,-0.024239832973107694
22,41,1000,3,3.43,2,-0.024239590004086493
22,42,1000,3,4.97,5,-0.024240851989015936
22,43,1000,4,3.79,2,-0.024241691213101147
22,44,1000,4,6.34,7,-0.02424199327081442
22,45,1000,4,5.91,6,-0.024241552338004114
22,46,1000,4,6.02,5,-0.024242717426270245
22,47,1000,3,6.21,6,-0.024243666561320425
22,48,1000,2,2.67,3,-0.024244424022734166
23,1,1000,3,3.84,3,-0.09970841006934643
23,2,1000,3,3.34,3,-0.0997056209668517
23,3,1000,3,3.39,2,-0.09970517446100712
23,4,1000,1,2.57,3,-0.09970478692650794
23,5,1000,2,3.04,4,-0.09970362912863492
23,6,362,6,10.04,3,-0.09970444607553561
23,7,1000,6,5.71,2,-0.09970658294856548
23,8,1000,2,2.72,3,-0.0997074227631092
23,9,1000,2,3.14,2,-0.0997071694135666
23,10,1000,3,3.35,2,-0.09970668016374111
23,11,1000,2,3.85,5,-0.09970680160820485
23,12,1000,5,4.23,2,-0.09970723165571689
23,13,1000,2,3.52,3,-0.09970631310343743
23,14,182,5,10.02,3,-0.09970571616521248
23,15,217,4,10.01,3,-0.0997051905308451
23,16,453,4,10.0,3,-0.09970495323537465
23,17,1000,2,2.83,4,-0.09970446964353323
23,18,1000,3,6.04,5,-0.09970459590107203
23,19,226,4,10.01,8,-0.09970433845192986
23,20,330,5,10.02,5,-0.0997031509650476
23,21,365,4,10.0,5,-0.09970251378947742
23,22,628,4,10.0,5,-0.09970145346300238
23,23,235,4,10.03,5,-0.09970105464788194
23,24,852,5,10.0,12,-0.09969955964337492
23,25,1000,3,3.14,3,-0.09969782844930887
23,26,1000,2,5.19,3,-0.09969817965477705
23,27,1000,1,2.92,9,-0.09969765684008598
24,1,1000,3,3.88,3,-0.021124825606122614
24,2,1000,3,3.18,2,-0.02112593175470829
24,3,1000,2,2.75,4,-0.021126127267256378
24,4,1000,2,2.95,6,-0.02112587071210146
24,5,1000,2,2.68,3,-0.021126268016174437
24,6,1000,3,3.11,3,-0.02112547331675887
24,7,1000,2,2.56,1,-0.021126108864322306
24,8,1000,2,2.55,1,-0.021126364186406135
24,9,1000,2,2.76,1,-0.021127158261835574
24,10,1000,3,3.4,5,-0.02112691193819046
24,11,1000,2,3.24,9,-0.021127806693315505
24,12,1000,2,2.88,5,-0.0211282007843256
24,13,1000,3,2.93,2,-0.02112835975177586
24,14,1000,4,3.08,2,-0.021128622008487582
24,15,1000,3,2.59,1,-0.02112852403521538
24,16,1000,2,3.13,4,-0.02112941363453865
24,17,1000,4,9.37,4,-0.021129669738933442
24,18,1000,4,4.3,3,-0.021130538683384655
24,19,1000,3,4.68,3,-0.021129801135510207
24,20,734,5,10.0,7,-0.021130013409037682
24,21,1000,3,3.12,3,-0.021129982812330125
24,22,1000,4,5.04,5,-0.02112935437448323
24,23,1000,2,3.49,11,-0.021129708018153906
24,24,1000,2,2.81,3,-0.021131644712761046
24,25,1000,2,3.16,4,-0.02113042131252587
24,26,1000,3,4.9,3,-0.021132350994274022
24,27,261,4,10.03,3,-0.02113248993039588
24,28,1000,3,3.16,1,-0.021134397143498063
24,29,1000,2,3.16,4,-0.02113520691730082
24,30,1000,2,3.83,6,-0.02113454178534448
24,31,1000,3,6.45,2,-0.021134772419929504
24,32,1000,3,3.04,3,-0.02113489076681435
24,33,1000,2,2.82,3,-0.02113554292730987
24,34,1000,3,3.82,3,-0.021136474158614874
24,35,202,4,10.04,4,-0.0211364747864185
24,36,235,5,10.05,5,-0.021135810564490074
24,37,321,5,10.0,5,-0.021137007457027183
24,38,1000,4,4.75,2,-0.02113669700920582
24,39,1000,3,3.03,2,-0.021137825820595025
24,40,1000,3,3.19,3,-0.02113853727467358
24,41,1000,2,3.93,6,-0.02113895707204938
24,42,1000,3,8.68,11,-0.021140562744811176
24,43,284,4,10.02,11,-0.021140062971644
24,44,344,5,10.02,4,-0.021140558293175904
24,45,1000,4,8.61,4,-0.021141910357400776
24,46,1000,4,4.24,2,-0.02114217086136341
24,47,1000,1,2.55,2,-0.02114229712449014
24,48,1000,1,2.52,2,-0.021144067481160163
24,49,1000,2,2.89,2,-0.021145557535812258
24,50,1000,1,2.65,4,-0.021147413151338695
25,1,1000,3,4.06,3,-0.09057796189188957
25,2,1000,3,3.18,2,-0.09057729763537645
25,3,1000,2,2.69,2,-0.0905767548084259
25,4,1000,3,2.91,2,-0.09057626698166132
25,5,1000,3,3.17,3,-0.09057577968388796
25,6,1000,2,2.76,3,-0.09057666922360659
25,7,1000,3,3.35,3,-0.09057695489376784
25,8,1000,3,4.13,7,-0.09057729978859425
25,9,1000,2,2.94,3,-0.09057741840928793
25,10,1000,3,3.12,2,-0.09057636917382479
25,11,1000,4,3.85,1,-0.09057628420740366
25,12,1000,3,2.76,2,-0.09057615826278925
25,13,1000,2,4.17,8,-0.09057696149498225
25,14,1000,2,3.62,6,-0.09057726630568505
25,15,1000,3,4.34,3,-0.0905768892839551
25,16,1000,2,2.78,2,-0.09057673940807581
25,17,1000,2,3.08,4,-0.09057623092085124
25,18,1000,2,3.04,3,-0.09057658776640892
25,19,1000,1,2.69,5,-0.09057702375948429
25,20,1000,2,2.85,3,-0.09057667690515518
25,21,1000,2,2.91,3,-0.09057673421502113
25,22,1000,2,2.75,1,-0.09057682949304581
25,23,1000,3,3.75,3,-0.09057610323280096
25,24,1000,5,8.05,2,-0.09057688136398792
25,25,1000,4,3.75,5,-0.09057663980871439
25,26,1000,4,3.08,1,-0.0905767308101058
25,27,1000,5,5.37,2,-0.09057672193646431
25,28,1000,3,2.77,1,-0.09057807971537113
25,29,1000,1,2.63,5,-0.09057809669524432
25,30,790,5,10.0,3,-0.09057750258641907
25,31,1000,3,3.98,4,-0.09057707164436579
25,32,1000,3,2.9,3,-0.09057668199390173
25,33,1000,2,2.81,4,-0.09057639069855213
25,34,1000,2,3.14,2,-0.09057666014879942
25,35,1000,4,5.58,4,-0.09057681304961443
25,36,1000,3,2.64,1,-0.09057677391171455
26,1,1000,3,3.82,3,-0.08021610462665558
26,2,1000,3,2.89,2,-0.0802155946418643
26,3,1000,3,3.66,4,-0.08021556378901004
26,4,1000,2,3.14,4,-0.08021566642820835
26,5,1000,3,2.88,2,-0.08021543630957603
26,6,1000,5,4.03,2,-0.08021397600322962
26,7,1000,2,2.81,2,-0.0802141824439168
26,8,1000,2,3.01,3,-0.08021353279054165
26,9,1000,1,2.67,5,-0.080215013936162
26,10,1000,2,3.13,4,-0.08021509955823422
26,11,1000,3,6.66,3,-0.08021365696936845
26,12,1000,3,3.43,3,-0.08021273405849934
26,13,1000,5,7.74,3,-0.08021152860671282
26,14,1000,4,5.6,3,-0.08021118044853211
26,15,1000,2,3.74,4,-0.08021145579218865
26,16,1000,2,3.05,4,-0.08021338478475809
26,17,1000,3,7.01,9,-0.0802142317071557
26,18,1000,2,4.18,5,-0.08021323438733816
26,19,710,3,10.0,5,-0.08021153199001098
26,20,240,5,10.04,3,-0.08020984648416439
26,21,241,5,10.02,3,-0.08020936280365307
26,22,1000,2,3.51,3,-0.08021048117429018
26,23,1000,3,4.25,3,-0.08021153167635202
26,24,1000,2,2.68,4,-0.08021157878637314
26,25,1000,2,3.16,2,-0.08021241249144077
26,26,1000,2,3.15,2,-0.08021158444136381
26,27,239,4,10.04,6,-0.08020970066346883
26,28,1000,5,4.99,3,-0.08020843980461359
26,29,1000,5,7.09,3,-0.08020751561224461
26,30,1000,3,4.97,2,-0.08020831071585417
26,31,1000,2,2.86,1,-0.08020875507593155
26,32,1000,3,6.21,4,-0.08020892769098281
26,33,1000,3,5.84,4,-0.08020800441503524
26,34,238,4,10.05,4,-0.08020746354170206
26,35,586,5,10.0,3,-0.08020544410667321
26,36,514,4,10.0,4,-0.08020544199976012
26,37,1000,3,6.64,7,-0.08020524892956019
26,38,1000,4,4.39,4,-0.08020577677339315
26,39,1000,3,3.95,2,-0.08020562873035669
26,40,285,4,10.0,7,-0.08020501905365994
26,41,1000,5,6.53,3,-0.08020364953577519
26,42,1000,3,4.86,4,-0.08020347122848034
26,43,1000,4,8.43,5,-0.08020284154266119
26,44,1000,4,5.08,2,-0.08020257379114627
26,45,417,4,10.04,6,-0.08020274551938192
26,46,412,4,10.01,5,-0.08020259072841371
26,47,1000,3,3.72,3,-0.08020155800879002
26,48,264,4,10.01,3,-0.08020100846999523
26,49,1000,3,5.85,2,-0.08019981679320336
26,50,216,4,10.02,4,-0.08019828868822919
26,51,214,4,10.03,3,-0.08019829224621024
26,52,1000,3,4.3,5,-0.08019747536629439
26,53,1000,3,5.8,5,-0.08019740442931653
26,54,714,5,10.03,2,-0.08019687128918511
26,55,219,4,10.04,3,-0.0801965773241705
27,1,1000,3,3.9,3,-0.13217070086300373
27,2,1000,3,3.1,2,-0.13217021878063678
27,3,1000,3,3.64,1,-0.13217002998292446
27,4,1000,4,3.39,3,-0.13216941706836224
27,5,1000,3,3.9,5,-0.13216854433715344
27,6,1000,3,3.44,2,-0.1321682994812727
27,7,1000,3,3.28,2,-0.13216753663122655
27,8,1000,1,2.55,2,-0.13216662192344666
27,9,1000,1,2.51,2,-0.1321657482534647
27,10,1000,1,2.56,2,-0.1321648293733597
27,11,1000,1,2.63,5,-0.13216428545117379
27,12,1000,1,2.56,3,-0.13216411344707013
27,13,1000,3,2.75,3,-0.13216344928741455
27,14,1000,3,2.76,3,-0.1321628379523754
27,15,1000,4,4.53,3,-0.13216208077967168
27,16,1000,3,4.15,3,-0.13216198612749577
27,17,1000,3,4.5,4,-0.1321615351587534
27,18,1000,3,3.97,6,-0.13216153639554978
27,19,1000,2,2.72,1,-0.13216015830636024
27,20,1000,1,2.57,3,-0.13215993830561637
28,1,1000,3,3.94,3,0.03246789486333728
28,2,1000,3,3.83,3,0.03246779729798436
28,3,1000,3,4.35,3,0.032467574838548896
28,4,1000,3,3.2,3,0.032467414535582065
28,5,1000,3,3.17,3,0.032467091049999
28,6,1000,3,4.28,3,0.032466619290411475
28,7,1000,3,3.66,3,0.032466072786599395
28,8,1000,3,6.53,3,0.032465754523873326
28,9,1000,3,3.97,2,0.03246529335528612
28,10,1000,3,3.29,1,0.03246500262990594
28,11,1000,3,3.67,1,0.03246506391093135
28,12,1000,2,3.15,3,0.03246477520465851
28,13,1000,2,3.07,3,0.03246381591260433
28,14,1000,3,4.08,2,0.03246401926875114
28,15,1000,3,2.94,1,0.03246314666047692
28,16,1000,3,3.12,2,0.032462138578295704
28,17,1000,3,9.86,4,0.032461538415402176
28,18,1000,3,6.44,4,0.0324611511901021
28,19,1000,2,3.54,3,0.03246131729334593
28,20,1000,3,3.71,3,0.03246126843616366
28,21,1000,6,5.04,3,0.03246054620668292
28,22,1000,5,4.88,3,0.03246026391163468
28,23,1000,1,2.65,3,0.03245798048377037
28,24,1000,3,4.33,3,0.03245765471830964
28,25,1000,3,7.48,8,0.032457694016397
28,26,1000,3,8.01,9,0.03245787494257092
28,27,1000,3,4.42,4,0.03245926976948976
28,28,1000,3,4.18,5,0.032459703363478185
28,29,1000,3,3.7,1,0.03245871753618121
28,30,1000,3,4.48,2,0.03245747674256563
28,31,1000,3,4.54,1,0.03245637326687574
28,32,1000,3,4.58,1,0.03245697632059455
28,33,1000,3,4.03,1,0.03245491831749678
28,34,1000,2,3.62,5,0.03245416186004877
28,35,1000,2,3.01,3,0.03245374493300915
28,36,1000,2,3.02,2,0.03245362788438797
28,37,1000,1,2.6,2,0.032452760696411134
28,38,1000,1,2.58,2,0.03245280885696411
29,1,1000,3,3.91,3,-0.12336604102700949
29,2,1000,3,3.95,3,-0.12336602791398764
29,3,1000,3,4.31,3,-0.12336602628231048
29,4,1000,2,3.39,5,-0.12336617617309094
29,5,1000,2,3.36,5,-0.12336530213057995
29,6,1000,2,3.07,3,-0.12336684759706258
29,7,1000,2,2.99,3,-0.12336744165420532
29,8,1000,2,2.98,2,-0.12336796297878026
29,9,1000,2,3.93,4,-0.12336895194649697
29,10,1000,2,3.91,4,-0.12336967870593071
29,11,1000,2,3.96,4,-0.12336874912679195
29,12,1000,3,7.99,3,-0.12336776973307133
29,13,1000,3,5.48,4,-0.12336622052639723
29,14,1000,3,4.79,3,-0.12336678385734558
29,15,1000,3,5.45,3,-0.12336736235767604
29,16,1000,4,7.0,3,-0.12336786431819201
29,17,1000,4,7.61,4,-0.1233681248947978
29,18,630,5,10.0,3,-0.12336799703420155
29,19,1000,5,9.1,3,-0.12336647669225931
29,20,1000,4,4.64,3,-0.12336894742399454
29,21,1000,3,5.44,9,-0.12336873850971461
29,22,1000,3,3.21,1,-0.12336575562506914
29,23,1000,3,5.02,4,-0.12336538577079773
29,24,1000,1,2.49,1,-0.1233656033873558
30,1,1000,3,3.94,3,0.09321501882374286
30,2,1000,3,3.08,2,0.0932148967012763
30,3,1000,3,2.82,2,0.09321536061912775
30,4,1000,2,2.55,1,0.09321579296886921
30,5,1000,3,3.07,1,0.0932157126814127
30,6,1000,3,4.87,2,0.09321601245552301
30,7,1000,3,3.6,2,0.09321632831543684
30,8,1000,3,3.42,3,0.09321505857259035
30,9,1000,4,3.6,2,0.09321434988081455
30,10,1000,3,3.11,1,0.09321396245807409
30,11,1000,2,3.25,4,0.09321376775205135
30,12,1000,2,3.02,3,0.09321355898678303
30,13,1000,2,2.83,3,0.09321346721053124
30,14,1000,3,4.57,5,0.0932114626020193
30,15,1000,2,3.3,3,0.09321149594336749
30,16,1000,3,3.06,1,0.09321186051517726
30,17,1000,3,3.33,2,0.09321242766082287
30,18,1000,3,2.81,3,0.09321252315491438
30,19,1000,2,2.91,5,0.0932122902944684
30,20,1000,3,4.0,5,0.09321231611818075
30,21,1000,1,2.62,4,0.09321233719587325
31,1,1000,3,3.88,3,0.10353517472743988
31,2,1000,3,3.07,2,0.10353582698851824
31,3,1000,2,3.04,2,0.10353606701642275
31,4,1000,3,3.39,2,0.10353603864461183
31,5,1000,2,2.73,2,0.10353586721420288
31,6,1000,1,2.54,2,0.10353588795661926
31,7,1000,1,2.6,3,0.10353590212017298
31,8,1000,2,3.04,9,0.10353565611690282
31,9,1000,2,2.9,3,0.10353611427545548
31,10,1000,2,3.09,3,0.10353587739169598
31,11,1000,2,3.04,3,0.10353627254068852
31,12,1000,2,2.71,2,0.10353675106167794
31,13,1000,2,2.65,2,0.10353736929595471
31,14,1000,2,2.68,2,0.10353703141212463
31,15,1000,2,2.76,3,0.10353730645775795
31,16,1000,1,2.8,6,0.10353731676191091
31,17,1000,3,3.89,3,0.1035382489413023
31,18,1000,2,2.65,1,0.10353814141452312
31,19,1000,2,2.6,1,0.10353742283582687
31,20,1000,2,2.75,2,0.10353771898150443
31,21,1000,2,2.59,2,0.10353734247386455
31,22,1000,1,2.61,3,0.10353748805820942
32,1,1000,3,3.87,3,0.14383766552805902
32,2,1000,3,3.54,2,0.14383914743363857
32,3,1000,3,3.11,2,0.1438407480120659
32,4,1000,2,2.81,3,0.1438409197628498
32,5,1000,2,2.72,2,0.14384222155809404
32,6,1000,3,3.21,2,0.14384308184683323
32,7,1000,2,3.12,5,0.14384400680661202
32,8,1000,2,2.98,4,0.1438444965481758
32,9,1000,3,3.67,3,0.14384366375207902
32,10,1000,3,7.44,6,0.1438435613811016
32,11,1000,3,5.63,6,0.14384367284178734
32,12,1000,3,3.3,2,0.14384360334277152
32,13,1000,3,4.54,5,0.143843465000391
32,14,1000,2,2.6,2,0.1438436017036438
32,15,1000,2,2.6,2,0.14384282939136028
32,16,1000,3,3.51,7,0.14384269611537456
32,17,1000,3,3.77,4,0.14384197179973127
32,18,1000,5,3.72,1,0.14384073503315448
32,19,1000,2,2.84,1,0.14384094697237015
32,20,1000,3,3.4,3,0.1438409183472395
32,21,1000,3,4.96,1,0.14384041951596738
32,22,1000,3,4.85,1,0.14384053632616997
32,23,1000,3,5.31,1,0.14384034249186517
32,24,1000,3,7.29,1,0.1438402045816183
32,25,1000,3,7.32,1,0.14384069189429283
32,26,1000,3,9.42,1,0.14384175284206868
32,27,1000,3,9.64,1,0.14384253276884557
32,28,1000,3,9.52,1,0.14384326153993607
32,29,202,3,10.03,2,0.1438455005535985
32,30,1000,3,8.36,1,0.1438472768217325
32,31,1000,2,8.18,6,0.14384691315889359
32,32,908,2,10.0,9,0.143847684929812
32,33,1000,2,4.98,3,0.1438496318757534
32,34,210,4,10.02,3,0.1438518924372537
32,35,1000,4,9.77,17,0.14385290962457656
32,36,334,6,10.03,3,0.14384725199131196
32,37,1000,4,5.93,3,0.14384888538718224
32,38,1000,3,7.71,11,0.14384734761714935
32,39,222,3,10.0,23,0.14384129435360968
32,40,230,5,10.03,3,0.14384205775416414
32,41,252,5,10.02,5,0.14384050306583207
32,42,282,6,10.04,3,0.14383832777434208
32,43,202,4,10.02,5,0.1438353278554312
32,44,187,3,10.01,4,0.14383504750894352
32,45,679,5,10.0,1,0.14383602759009434
32,46,1000,3,5.96,2,0.14383731058239937
32,47,217,3,10.05,13,0.1438396998814174
32,48,239,5,10.01,9,0.14383703220838284
32,49,219,4,10.04,17,0.14383719249130927
32,50,221,5,10.04,3,0.14383436307917893
32,51,210,4,10.01,3,0.14383291992403213
32,52,236,5,10.0,5,0.14383108333005742
32,53,1000,4,8.15,3,0.14383099550008774
33,1,1000,3,3.94,3,-0.04590865482017398
33,2,1000,3,3.04,2,-0.04590955353528261
33,3,1000,2,2.72,2,-0.045910744737833735
33,4,1000,3,3.07,3,-0.04591116557642817
33,5,1000,3,3.56,1,-0.04591117249429226
33,6,221,5,10.01,3,-0.0459116895038348
33,7,1000,5,8.4,4,-0.045911682937294244
33,8,1000,2,3.32,5,-0.045911860693246126
33,9,1000,2,3.17,2,-0.04591182552650571
33,10,1000,2,3.43,4,-0.04591124795377254
33,11,1000,2,2.83,1,-0.04591196944192052
33,12,1000,3,3.19,3,-0.04591200732439756
33,13,1000,4,5.92,4,-0.045911976486444475
33,14,1000,4,4.29,3,-0.0459125235080719
33,15,1000,1,2.6,3,-0.04591260811686516
33,16,1000,1,2.58,3,-0.04591261227428913
33,17,1000,1,2.87,8,-0.04591306902468204
33,18,1000,1,2.62,4,-0.04591343941166997
33,19,1000,1,2.5,1,-0.04591431841254234
33,20,1000,2,2.94,4,-0.04591384779289365
33,21,1000,1,2.57,2,-0.04591412171721458
33,22,1000,1,2.53,2,-0.04591538656502962
33,23,1000,1,2.55,3,-0.045914938479661944
34,1,1000,3,3.89,3,-0.039444789588451386
34,2,1000,3,3.63,3,-0.039444320473819974
34,3,1000,3,4.22,3,-0.039443928081542255
34,4,1000,3,3.61,2,-0.03944382345676422
34,5,1000,3,4.16,2,-0.039443783327937125
34,6,1000,3,3.49,3,-0.03944422782585025
34,7,1000,3,3.38,3,-0.03944450662285089
34,8,1000,2,3.15,2,-0.039444485675543546
34,9,1000,3,4.65,8,-0.03944464612752199
34,10,206,4,10.01,6,-0.03944542101647669
34,11,1000,4,6.93,3,-0.03944629643112421
34,12,1000,3,5.34,3,-0.039446691174060106
34,13,1000,3,8.96,3,-0.03944669410213828
34,14,745,3,10.0,3,-0.03944703540545982
34,15,1000,3,5.3,3,-0.039448067441582677
34,16,1000,3,4.27,2,-0.039449615210294726
34,17,1000,3,4.57,2,-0.03944967233389616
34,18,1000,3,5.18,2,-0.03945004399493337
34,19,1000,3,4.41,2,-0.03945101387426257
34,20,1000,3,4.71,2,-0.03945166124403477
34,21,1000,4,6.72,1,-0.03945213234052062
34,22,1000,3,7.73,1,-0.03945255612209439
34,23,1000,4,6.43,1,-0.03945287963747978
34,24,179,4,10.05,6,-0.03945347575169036
34,25,1000,3,4.41,2,-0.039454134471714496
34,26,1000,3,3.97,4,-0.039454689405858515
34,27,1000,3,3.12,1,-0.03945500229299068
34,28,1000,3,2.95,2,-0.039456418715417385
34,29,1000,3,3.08,2,-0.039456156402826306
34,30,1000,4,3.13,2,-0.03945605257153511
34,31,1000,3,3.08,1,-0.03945661813393235
34,32,1000,3,2.71,1,-0.0394573642835021
34,33,1000,1,2.57,3,-0.03945749460160732
34,34,433,3,10.0,7,-0.039457988725248166
34,35,521,4,10.05,4,-0.039457712987448566
34,36,1000,4,8.03,4,-0.03945809341967106
34,37,528,3,10.0,3,-0.03945829065262594
34,38,356,6,10.01,3,-0.039458201068003525
34,39,1000,5,3.03,3,-0.03945792847126722
34,40,1000,4,2.89,2,-0.039457693707197906
35,1,1000,3,3.95,3,0.1485631803125143
35,2,1000,3,3.76,3,0.1485626350045204
35,3,1000,4,4.45,3,0.1485615023523569
35,4,1000,3,3.19,3,0.14856094527244568
35,5,1000,3,3.0,1,0.14856157152354718
35,6,1000,6,3.82,2,0.1485608922690153
35,7,1000,5,4.31,4,0.14856006732583046
35,8,1000,5,4.06,3,0.1485605617761612
35,9,1000,1,2.6,4,0.14856074161827565
35,10,1000,2,3.9,3,0.14855940808355808
35,11,1000,2,3.44,5,0.1485601006001234
35,12,1000,2,2.76,3,0.1485621227622032
35,13,1000,1,3.1,13,0.14856179720163346
35,14,1000,3,6.72,4,0.14856208281219005
35,15,201,5,10.02,3,0.14856052784184318
35,16,1000,3,6.15,3,0.1485612051188946
35,17,208,4,10.04,4,0.1485595001051059
35,18,231,5,10.02,6,0.1485583149380498
35,19,210,4,10.05,5,0.14855862749474388
35,20,612,5,10.0,3,0.14855716053664295
35,21,1000,3,3.26,2,0.14855699022114277
35,22,249,3,10.02,6,0.14855737535350294
35,23,197,4,10.04,12,0.14855554125030634
35,24,1000,4,9.53,3,0.1485550078600645
35,25,1000,3,5.09,3,0.14855260917544366
36,1,1000,3,4.0,3,0.04530653928592801
36,2,1000,3,3.35,3,0.04530740755051375
36,3,1000,3,2.86,2,0.045308660086244346
36,4,1000,3,2.81,1,0.0453086364120245
36,5,1000,3,2.69,1,0.04530882883816958
36,6,1000,3,3.55,1,0.04531023612245917
36,7,1000,3,3.43,1,0.04531121154502034
36,8,1000,3,3.64,1,0.04531095500290394
36,9,1000,3,3.46,1,0.04531030756607652
36,10,1000,3,3.46,1,0.04531130433082581
36,11,1000,2,3.24,1,0.045312672328203914
36,12,1000,3,6.1,1,0.04531338506191969
36,13,1000,3,3.11,1,0.045313146196305755
36,14,1000,3,3.12,1,0.045313470490276814
36,15,1000,3,3.08,1,0.045313441414386035
36,16,1000,3,4.72,1,0.04531431915611029
36,17,1000,3,4.64,1,0.04531513512134552
36,18,1000,3,4.74,1,0.045315329276025294
36,19,1000,3,3.68,1,0.0453170961253345
36,20,1000,3,3.58,1,0.04531823783740401
36,21,1000,3,3.58,1,0.045317314356565476
36,22,1000,3,7.09,1,0.04531881343945861
36,23,1000,3,3.49,1,0.045318995863199235
36,24,1000,3,4.25,1,0.04531925544142723
36,25,1000,3,5.61,1,0.045320365339517596
36,26,1000,2,6.83,23,0.045319470886141064
36,27,243,4,10.01,16,0.045317674094021564
36,28,234,4,10.03,3,0.04531881623925307
36,29,193,3,10.01,3,0.045320437921915646
36,30,661,3,10.0,3,0.04532095474302318
36,31,271,6,10.02,3,0.04531973798336578
36,32,217,5,10.02,2,0.04531918910722579
36,33,239,3,10.02,12,0.04532213258132276
36,34,1000,3,8.06,3,0.04532468025758862
36,35,627,5,10.0,4,0.04532680328953209
36,36,207,4,10.02,4,0.04532851645911949
36,37,212,4,10.04,3,0.04532998860022932
36,38,1000,2,4.4,4,0.04533216394484043
36,39,192,4,10.04,4,0.04533325750768805
36,40,185,3,10.02,3,0.04533449721497458
36,41,218,5,10.04,3,0.045336079638485516
36,42,208,4,10.01,2,0.045336851062109836
36,43,224,5,10.01,2,0.045337877552291114
36,44,230,4,10.01,1,0.04533943430237148
36,45,221,4,10.03,2,0.04534086480534454
36,46,211,4,10.05,3,0.04534163938667537
36,47,210,4,10.03,17,0.04534317751725515
36,48,1000,3,7.87,3,0.045342963825911284
36,49,1000,2,7.13,8,0.04534468404576182
36,50,1000,2,3.09,1,0.04534604501724243
36,51,202,4,10.02,2,0.04534604701001455
36,52,197,4,10.01,2,0.0453481294857669
36,53,216,5,10.04,3,0.045349188079988514
36,54,198,3,10.02,12,0.04534981093096613
36,55,204,4,10.03,4,0.04535248997968202
36,56,197,4,10.02,4,0.045349592220057085
36,57,1000,3,6.27,14,0.04535448146983981
36,58,1000,2,3.71,13,0.04535172448679805
37,1,1000,3,3.95,3,-0.03430668533965945
37,2,1000,3,3.93,3,-0.03430613391846418
37,3,1000,4,4.43,4,-0.03430581894889474
37,4,1000,3,3.76,2,-0.034305557880550626
37,5,1000,3,3.51,1,-0.03430509316548705
37,6,1000,3,3.53,1,-0.03430503825843334
37,7,1000,3,5.72,2,-0.034304518070071933
37,8,1000,5,9.35,2,-0.03430439169332385
37,9,1000,5,5.63,2,-0.03430427588149905
37,10,1000,3,3.9,3,-0.03430406341329217
37,11,1000,2,3.02,3,-0.0343033175803721
37,12,385,5,10.0,3,-0.03430325264086971
37,13,464,5,10.04,3,-0.03430348811349992
37,14,196,4,10.04,3,-0.03430385824901109
37,15,1000,3,5.21,3,-0.03430343971028924
37,16,1000,2,3.39,5,-0.03430333336442709
37,17,1000,1,2.62,3,-0.03430316725000739
37,18,1000,3,4.26,5,-0.03430341036245227
37,19,1000,3,3.67,3,-0.034302414648234844
37,20,1000,5,5.7,3,-0.0343017444498837
37,21,1000,1,2.66,3,-0.03430209587141871
37,22,1000,1,2.7,4,-0.03430168817937374
38,1,1000,3,3.94,3,-0.019594706097617744
38,2,1000,3,3.7,3,-0.019594475636258723
38,3,1000,3,4.8,3,-0.019594226382672785
38,4,1000,4,5.2,3,-0.01959389534778893
38,5,1000,3,3.92,3,-0.01959373929537833
38,6,1000,2,2.9,3,-0.019593609794974327
38,7,1000,3,2.81,1,-0.01959360469505191
38,8,1000,2,2.75,3,-0.019593496488407254
38,9,1000,3,4.43,5,-0.01959352192468941
38,10,1000,4,5.43,6,-0.01959347211755812
38,11,1000,4,6.8,4,-0.019594187075272204
38,12,1000,3,4.17,3,-0.019594296868890523
38,13,1000,3,3.79,3,-0.019594224276021123
38,14,1000,3,3.52,3,-0.01959389780089259
38,15,1000,2,2.96,2,-0.01959386067278683
38,16,1000,1,2.52,2,-0.019593863794580103
38,17,1000,1,2.51,2,-0.019593706034123897
39,1,1000,3,4.04,3,-0.055134780444204806
39,2,1000,3,3.85,3,-0.055134770832955836
39,3,1000,3,4.42,3,-0.055134518168866636
39,4,1000,3,4.83,2,-0.055134789269417527
39,5,1000,2,3.59,3,-0.055135132249444725
39,6,1000,3,7.96,7,-0.05513621194660664
39,7,1000,3,4.77,2,-0.0551368254981935
39,8,1000,3,4.73,2,-0.055136272720992564
39,9,1000,2,3.44,3,-0.05513648536428809
39,10,1000,2,2.84,1,-0.055136749040335414
39,11,1000,2,2.81,1,-0.05513748744875192
39,12,1000,3,3.88,4,-0.05513767239823937
39,13,1000,3,9.91,7,-0.05513821719586849
39,14,1000,3,5.97,3,-0.05513786602020264
39,15,504,3,10.0,3,-0.05513729923035181
39,16,1000,3,4.55,2,-0.05513673684746027
39,17,1000,3,5.26,2,-0.05513723432645202
39,18,1000,3,5.1,2,-0.05513820405304432
39,19,222,3,10.04,9,-0.05513961331264393
39,20,1000,3,5.43,3,-0.055138434059917925
39,21,1000,3,5.88,4,-0.05513927765563131
39,22,1000,2,2.88,3,-0.05513947281986475
39,23,1000,1,2.73,4,-0.05514076165854931
39,24,1000,1,2.65,2,-0.05514167409390211
40,1,1000,3,3.97,3,-0.013272250490263104
40,2,1000,3,3.08,3,-0.013272754861041904
40,3,1000,2,2.8,4,-0.013273362128064037
40,4,1000,2,2.79,4,-0.013274473249912261
40,5,1000,3,3.74,3,-0.013275484414771199
40,6,1000,3,3.16,3,-0.013275691078044475
40,7,1000,3,2.74,3,-0.013276171205565334
40,8,1000,3,2.7,1,-0.013276219921186567
40,9,1000,2,3.04,4,-0.013276477826759218
40,10,1000,2,2.67,2,-0.0132769805341959
40,11,1000,3,3.64,2,-0.013276879830285906
40,12,1000,3,3.24,3,-0.013277687387540937
40,13,1000,3,3.19,3,-0.013279233643785119
40,14,1000,4,9.18,3,-0.013280118436552584
40,15,1000,2,3.09,4,-0.013279670407995582
40,16,1000,3,3.33,1,-0.013279715701937676
40,17,207,5,10.04,3,-0.013279430334262802
40,18,258,5,10.0,6,-0.0132787084900016
40,19,1000,6,7.17,3,-0.013279444279149174
40,20,1000,2,2.57,1,-0.013280719408765435
40,21,1000,3,2.86,2,-0.013281724635511636
40,22,1000,3,5.06,13,-0.013281347455456853
40,23,1000,1,2.79,7,-0.01328150618262589
40,24,1000,2,4.93,3,-0.013281417697668076
40,25,309,5,10.0,1,-0.013282564993115883
40,26,1000,3,3.54,3,-0.01328394508548081
40,27,1000,4,4.85,1,-0.01328603086899966
40,28,1000,4,7.87,1,-0.013286678284406663
40,29,293,4,10.01,3,-0.013286726581053522
40,30,363,7,10.04,3,-0.013286126821145374
40,31,300,5,10.01,4,-0.013285850090906024
40,32,1000,4,7.44,2,-0.013284652557224035
40,33,1000,2,3.0,1,-0.013284521903842687
40,34,1000,1,2.45,1,-0.013285269029438496
40,35,1000,1,2.47,1,-0.013287141919136047
40,36,1000,2,3.32,2,-0.01328729254193604
40,37,1000,2,4.03,4,-0.01328927930817008
40,38,1000,1,2.5,2,-0.013290927775204181
40,39,1000,1,2.68,5,-0.013291645128279924
40,40,1000,1,2.68,5,-0.01329302947409451
40,41,1000,2,2.52,1,-0.01329558995552361
40,42,1000,1,2.68,4,-0.01329675533529371
40,43,1000,2,3.42,2,-0.013297255143523217
40,44,1000,2,3.03,5,-0.01329971249215305
40,45,1000,1,2.51,2,-0.013302222098223866
41,1,1000,3,3.98,3,-0.1252541538029909
41,2,1000,3,2.91,2,-0.12525329034030439
41,3,1000,3,3.96,3,-0.12525269094109534
41,4,1000,3,3.5,2,-0.1252517705410719
41,5,1000,3,4.79,3,-0.125251960799098
41,6,1000,3,3.24,3,-0.12525196129083632
41,7,1000,2,2.74,3,-0.12525156404078006
41,8,1000,3,4.18,3,-0.12525113809108734
41,9,1000,2,2.73,1,-0.12525121591985225
41,10,1000,1,2.5,1,-0.1252508908510208
41,11,1000,2,2.85,4,-0.125250417932868
41,12,1000,3,3.01,1,-0.12524997413158417
41,13,1000,4,3.62,3,-0.12524964579939843
41,14,1000,3,2.8,1,-0.12524995960295202
41,15,1000,2,2.73,3,-0.12524893748760224
41,16,1000,2,2.93,3,-0.12524858029186725
41,17,1000,2,3.59,4,-0.12524863308668135
41,18,1000,3,4.46,3,-0.1252482195943594
41,19,1000,5,5.54,2,-0.12524773770570755
41,20,1000,2,2.55,1,-0.12524716556072235
41,21,1000,1,2.58,2,-0.12524622255563736
41,22,1000,2,4.36,6,-0.12524556389451028
41,23,1000,2,3.39,3,-0.12524486304819585
41,24,1000,3,3.4,2,-0.12524471509456633
41,25,1000,3,6.09,3,-0.12524441860616206
41,26,1000,3,4.17,3,-0.12524394749104978
41,27,1000,2,3.11,4,-0.1252433677315712
41,28,1000,2,2.86,4,-0.12524294328689575
41,29,1000,1,2.58,2,-0.1252418863773346
41,30,1000,1,2.6,3,-0.1252419668287039
42,1,1000,3,3.95,3,0.04466191698610782
42,2,1000,3,3.76,3,0.04466101795807481
42,3,1000,3,3.86,3,0.04466077833250165
42,4,1000,3,3.76,2,0.044660630751401184
42,5,1000,3,3.09,1,0.044660675168037414
42,6,1000,2,3.03,3,0.04465951280295849
42,7,1000,3,3.73,2,0.04465888924524188
42,8,1000,5,6.82,2,0.044658887449651956
42,9,1000,4,3.45,4,0.04465939653664827
42,10,1000,1,2.55,3,0.044659788403660056
42,11,1000,2,4.4,4,0.044660671316087246
42,12,1000,2,5.06,5,0.04465963404253125
42,13,236,4,10.04,3,0.04465885723988384
42,14,591,5,10.0,4,0.044659019153180664
42,15,1000,4,8.39,3,0.044659542210400104
42,16,1000,4,7.28,4,0.044659754961729047
42,17,1000,4,3.27,4,0.04466009641066194
42,18,1000,4,3.9,5,0.04465966895967722
42,19,1000,2,3.54,6,0.044658574681729075
42,20,1000,3,7.49,2,0.04465861839428544
42,21,201,5,10.04,3,0.04465809099339134
42,22,200,4,10.04,3,0.044657464642077684
42,23,267,5,10.01,3,0.04465641078542681
42,24,200,4,10.04,3,0.04465573837980628
42,25,263,5,10.02,3,0.04465747450411093
42,26,1000,3,4.25,7,0.04465673930570483
42,27,265,6,10.0,9,0.04465706633790484
42,28,187,3,10.05,4,0.04465767549958458
42,29,314,5,10.0,4,0.04465783226072408
42,30,188,4,10.03,4,0.044655480124848955
42,31,226,5,10.01,4,0.04465578430521805
42,32,222,5,10.0,4,0.04465551499847893
42,33,204,4,10.04,4,0.04465608196515663
42,34,331,4,10.03,8,0.04465543654299935
42,35,341,4,10.0,8,0.04465501056301279
42,36,1000,5,9.9,5,0.044653797559440135
42,37,1000,5,5.86,1,0.04465482020750642
42,38,1000,5,6.04,1,0.04465462242439389
42,39,230,5,10.01,6,0.04465509353448515
42,40,219,5,10.0,7,0.044655983714752545
42,41,251,5,10.05,3,0.044656150948360146
42,42,223,4,10.02,3,0.04465737469460932
42,43,311,6,10.19,2,0.04465671504137984
42,44,171,3,10.15,22,0.04465954382604326
42,45,210,3,10.0,21,0.04465755790117241
42,46,183,3,10.1,9,0.044657636779905016
42,47,199,3,10.03,11,0.044654944958399286
42,48,204,4,10.03,9,0.044653511733985414
42,49,219,5,10.01,3,0.044652148826073296
42,50,195,4,10.02,3,0.044651643950969745
42,51,180,4,10.04,3,0.04465147341705031
42,52,275,5,10.02,5,0.04464986971833489
42,53,205,4,10.02,16,0.04464969206147078
42,54,385,5,10.02,4,0.04464725542378116
42,55,193,4,10.04,3,0.04464704390866151
42,56,193,4,10.02,3,0.044645132699624245
42,57,1000,3,6.53,3,0.04464515488222241
42,58,1000,3,4.27,4,0.04464595874398947
42,59,1000,3,4.27,3,0.044645038966089484
42,60,1000,2,3.26,4,0.04464419612661004
42,61,1000,1,2.58,3,0.044644884679466486
43,1,1000,3,3.96,3,-0.0017149247601628303
43,2,1000,3,3.72,3,-0.0017159545365720988
43,3,1000,3,3.75,2,-0.0017167657986283302
43,4,1000,3,3.06,1,-0.0017170179672539234
43,5,1000,2,3.48,3,-0.0017175372552592307
43,6,1000,3,5.66,5,-0.0017178676696494222
43,7,1000,4,5.48,3,-0.001718297948129475
43,8,1000,3,6.21,4,-0.0017181546939536929
43,9,1000,3,7.65,8,-0.0017177057294175029
43,10,1000,4,8.37,3,-0.0017181931613013148
43,11,1000,4,6.42,2,-0.001718766556121409
43,12,376,4,10.0,5,-0.0017185796948863154
43,13,639,5,10.0,3,-0.0017187968098685284
43,14,1000,5,8.05,4,-0.0017188782365992665
43,15,238,4,10.05,15,-0.0017184370790193435
43,16,388,4,10.0,3,-0.0017183346820265515
43,17,204,3,10.01,11,-0.0017187562200478186
43,18,1000,3,6.39,4,-0.0017197191445156932
43,19,1000,4,7.45,3,-0.0017194041972979903
43,20,1000,3,4.02,3,-0.0017195370858535172
43,21,1000,5,3.89,2,-0.0017190862791612745
43,22,1000,3,5.78,3,-0.001719496871344745
43,23,1000,3,4.93,5,-0.0017198305269703269
43,24,1000,3,4.4,3,-0.0017206735303625465
43,25,272,4,10.03,4,-0.0017210139057544224
43,26,235,4,10.01,7,-0.001720689726062119
43,27,1000,3,7.48,10,-0.0017209367947652937
43,28,1000,2,3.21,2,-0.0017208238104358315
43,29,1000,1,2.56,2,-0.0017212782455608248
44,1,1000,3,4.02,3,-0.07023694714903832
44,2,1000,3,3.2,3,-0.07023842822760344
44,3,1000,3,3.18,2,-0.07023918135464191
44,4,1000,2,2.63,1,-0.07023941385746002
44,5,1000,3,2.8,1,-0.07023796439170837
44,6,1000,2,2.8,1,-0.07023756568878889
44,7,1000,3,2.7,1,-0.0702378523349762
44,8,1000,2,2.74,3,-0.07023832017928362
44,9,1000,2,2.65,2,-0.07023780304193497
44,10,1000,1,2.6,3,-0.07023735579848289
44,11,1000,2,3.89,7,-0.070235585026443
44,12,1000,3,3.98,4,-0.07023545510321856
44,13,1000,2,2.79,3,-0.07023533716797829
44,14,1000,2,3.38,3,-0.07023557129502296
44,15,1000,2,2.73,4,-0.07023724380135536
44,16,1000,1,2.59,2,-0.07023767006397247
44,17,1000,1,2.59,2,-0.07023637741804123
44,18,1000,1,2.66,4,-0.07023661039769649
45,1,1000,3,4.06,3,-0.13784634071588517
45,2,1000,3,3.75,3,-0.13784564147889614
45,3,1000,3,4.41,3,-0.1378442212641239
45,4,1000,3,4.45,3,-0.13784355483949184
45,5,1000,3,5.06,3,-0.13784298284351826
45,6,1000,3,5.68,3,-0.13784328685700895
45,7,1000,2,3.08,3,-0.13784277924895286
45,8,1000,2,2.63,1,-0.13784114234149455
45,9,1000,3,2.83,1,-0.137840014860034
45,10,1000,3,2.84,1,-0.1378393858075142
45,11,1000,3,4.25,1,-0.1378398926705122
45,12,1000,2,2.97,2,-0.13784208220243455
45,13,1000,3,3.7,1,-0.13784110333025457
45,14,1000,3,4.28,1,-0.13784043242037297
45,15,1000,3,3.26,1,-0.1378400627374649
45,16,1000,1,2.61,2,-0.13783652348816394
45,17,1000,1,2.68,5,-0.1378353546410799
45,18,1000,1,2.53,1,-0.1378334015607834
46,1,1000,3,3.97,3,0.09774935156852006
46,2,1000,3,3.73,3,0.09774827233701944
46,3,1000,4,4.75,3,0.09774735347181558
46,4,1000,2,2.77,2,0.0977467218413949
46,5,1000,2,2.64,2,0.09774676352739334
46,6,1000,2,2.67,2,0.09774642089754343
46,7,1000,2,3.42,9,0.09774562444537878
46,8,1000,3,3.6,4,0.09774608524143696
46,9,1000,3,2.75,1,0.09774673298746347
46,10,1000,2,2.91,1,0.09774685764312745
46,11,1000,3,3.02,1,0.09774654214084148
46,12,1000,3,3.02,1,0.09774652549624444
46,13,1000,3,4.42,4,0.09774647869169711
46,14,1000,2,3.35,4,0.09774627385288477
46,15,1000,2,2.87,2,0.09774592012166977
46,16,1000,5,6.74,3,0.09774612183868885
46,17,1000,3,3.41,3,0.09774649976193905
46,18,1000,2,3.01,1,0.0977468361184001
46,19,1000,2,3.09,3,0.09774749524146319
46,20,331,5,10.02,3,0.0977483856353875
46,21,1000,6,9.23,3,0.09774904572218657
46,22,1000,2,2.83,3,0.09774822840094566
46,23,1000,4,9.68,7,0.09774836601316929
46,24,1000,3,3.48,1,0.09774859788268804
46,25,1000,2,3.87,7,0.0977499187886715
46,26,1000,4,6.41,2,0.09775088180601597
46,27,201,4,10.02,4,0.09775219016258989
46,28,1000,3,7.82,5,0.0977517392411828
46,29,1000,2,3.67,3,0.09775079867988824
46,30,1000,2,5.04,4,0.09774954476207495
46,31,1000,3,3.21,1,0.09775003888458013
46,32,1000,3,3.27,1,0.09775188011676073
46,33,1000,5,8.11,3,0.09775289569050073
46,34,421,5,10.01,4,0.09775334633798327
46,35,1000,5,4.72,1,0.09775361528992653
46,36,1000,2,4.12,9,0.097753980435431
46,37,519,4,10.04,7,0.09775375392510482
46,38,1000,2,3.39,3,0.09775316330790519
46,39,216,4,10.03,4,0.09775361311794431
46,40,214,4,10.04,5,0.09775418217215583
46,41,206,5,10.01,3,0.09775496266999291
46,42,186,4,10.02,3,0.09775549521850001
46,43,190,5,10.02,2,0.0977563200420455
46,44,201,4,10.03,6,0.09775684785042237
46,45,204,5,10.01,3,0.09775788731434766
46,46,1000,3,8.06,2,0.09775815676897764
46,47,1000,2,8.69,15,0.09775852831453084
46,48,185,4,10.05,3,0.09775819387790319
47,1,1000,3,4.12,3,0.0011381661584600807
47,2,1000,3,3.91,3,0.0011388022312894463
47,3,1000,4,4.49,3,0.001140114413574338
47,4,1000,2,3.34,5,0.0011410192167386412
47,5,1000,3,3.92,2,0.0011412927368655802
47,6,1000,3,3.95,3,0.0011410577902570367
47,7,1000,2,2.98,3,0.0011421282030642033
47,8,1000,3,3.45,2,0.0011425578696653248
47,9,1000,3,3.34,1,0.001142304103821516
47,10,1000,2,2.83,2,0.0011423662789165974
47,11,1000,3,3.37,4,0.001143279079347849
47,12,1000,2,3.4,2,0.0011442927122116088
47,13,1000,3,3.26,2,0.001144772686995566
47,14,1000,3,3.69,3,0.0011452834820374846
47,15,1000,2,3.13,4,0.0011455685188993812
47,16,1000,3,2.73,1,0.001145865955390036
47,17,1000,2,2.88,1,0.0011467509903013706
47,18,1000,3,3.89,4,0.0011470772875472903
47,19,1000,3,3.42,4,0.0011487669162452221
47,20,1000,4,5.14,5,0.0011491646468639375
47,21,1000,2,2.94,2,0.0011504318974912167
47,22,1000,1,2.66,3,0.0011510058185085655
47,23,1000,1,2.62,2,0.001151942721568048
47,24,1000,4,4.0,3,0.0011516827661544084
47,25,1000,3,4.76,4,0.0011505487747490407
48,1,1000,3,4.08,3,-0.14224523469805717
48,2,1000,3,3.43,2,-0.14224476699531077
48,3,1000,3,3.15,2,-0.14224486604332923
48,4,1000,3,3.15,3,-0.1422453279942274
48,5,1000,3,3.58,1,-0.14224593816697598
48,6,1000,3,3.55,1,-0.1422462691962719
48,7,1000,3,3.57,1,-0.142247453764081
48,8,1000,2,3.48,5,-0.14224855993688107
48,9,1000,2,3.29,4,-0.14224922908842563
48,10,1000,2,3.1,3,-0.14225006459653378
48,11,255,5,10.03,4,-0.14225039049690846
48,12,1000,5,5.3,3,-0.1422502730935812
48,13,1000,2,3.08,3,-0.14225112095475198
48,14,1000,1,2.71,5,-0.14225139905512332
48,15,541,2,10.0,9,-0.14225131146568468
48,16,208,3,10.04,9,-0.14225028562717712
48,17,195,4,10.03,3,-0.14224894520563958
48,18,198,4,10.0,3,-0.14224920813182387
48,19,1000,5,4.9,1,-0.1422492147833109
48,20,208,3,10.05,2,-0.14224923115510207
48,21,1000,3,5.55,2,-0.14224941714107991
48,22,223,4,10.0,4,-0.14224633728174885
48,23,1000,5,6.26,4,-0.1422455436438322
48,24,839,5,10.0,6,-0.14224549934392322
48,25,1000,4,9.68,6,-0.14224613651633264
48,26,1000,5,6.42,3,-0.14224706794321537
48,27,243,4,10.0,6,-0.14224851462576124
48,28,1000,4,4.45,3,-0.14224896863102912
48,29,1000,4,6.93,3,-0.1422479414641857
48,30,186,4,10.01,5,-0.1422488366564115
48,31,1000,4,5.9,1,-0.14224890607595445
48,32,1000,4,6.76,1,-0.14224960014224053
48,33,1000,4,7.76,2,-0.14224986517429353
48,34,198,4,10.01,3,-0.14224689837658044
48,35,1000,3,3.86,2,-0.14224713268876077
48,36,1000,3,3.89,2,-0.14224991415441035
48,37,921,3,10.0,4,-0.14224931102622215
48,38,1000,2,3.84,3,-0.14224902148544788
48,39,1000,2,3.27,3,-0.14224912591278552
48,40,1000,2,3.87,3,-0.14225010980665684
48,41,1000,2,5.72,3,-0.14224890156090259
49,1,1000,3,4.03,3,0.10955847017467021
49,2,1000,3,3.73,2,0.10956004644185305
49,3,1000,3,3.47,3,0.10956068826466799
49,4,1000,2,2.75,2,0.10956090120971203
49,5,1000,2,3.06,2,0.10956096244603396
49,6,1000,3,5.23,2,0.10956117424368858
49,7,1000,1,2.55,3,0.10956039164960385
49,8,1000,2,3.18,4,0.10955969515442848
49,9,1000,1,2.69,6,0.10956002527475357
49,10,1000,2,3.32,5,0.10956032595783471
49,11,1000,2,3.02,4,0.10956067857146264
49,12,1000,1,2.8,8,0.10956035262346267
49,13,1000,5,4.0,3,0.10956006310880184
49,14,1000,4,6.73,4,0.1095597831606865
49,15,1000,5,4.12,1,0.10956036861240864
49,16,1000,1,2.55,2,0.10956004913896322
49,17,1000,3,4.16,5,0.10955944846570492
49,18,355,4,10.0,3,0.10955982164178096
49,19,1000,3,3.84,3,0.10956000155210495
49,20,1000,5,5.65,3,0.10956067830324173
49,21,1000,6,8.17,2,0.10956125060468912
49,22,1000,4,3.26,2,0.10956127303093671
49,23,1000,3,4.7,3,0.1095601485967636
49,24,1000,2,3.36,8,0.10956054473668336
49,25,1000,1,2.58,3,0.10956056332588196
49,26,1000,2,2.74,3,0.10956073255836964
49,27,1000,1,2.51,2,0.1095608936548233
49,28,1000,3,3.19,2,0.10956044764071703
49,29,1000,1,2.53,2,0.10956022656708955
49,30,1000,1,2.62,4,0.1095590011999011
50,1,1000,3,4.11,3,0.01791818225942552
50,2,1000,3,3.53,2,0.017918119056150317
50,3,1000,4,5.2,5,0.017918474750593303
50,4,1000,3,4.21,2,0.017918883081525564
50,5,1000,3,4.25,3,0.01791914960183203
50,6,1000,3,5.48,2,0.01791981122456491
50,7,832,4,10.0,7,0.01792050358087111
50,8,998,4,10.0,3,0.017921766923191793
50,9,1000,3,3.48,2,0.01792221605218947
50,10,1000,3,4.07,3,0.017921648832038044
50,11,1000,3,4.78,3,0.017922074744477868
50,12,1000,2,3.57,7,0.01792296081967652
50,13,1000,2,3.03,2,0.01792341781593859
50,14,1000,3,2.92,2,0.01792304844222963
50,15,1000,2,2.6,1,0.017922670237720012
50,16,1000,3,3.38,3,0.01792186973243952
50,17,1000,2,2.66,2,0.01792169700562954
50,18,1000,1,2.55,2,0.017922838689759375
50,19,1000,1,2.61,3,0.01792432546056807
50,20,1000,3,4.52,5,0.017925858901813627
50,21,1000,1,2.54,2,0.01792728405073285
50,22,1000,1,2.68,4,0.01792779859341681
50,23,1000,1,2.7,4,0.017928054887801408
50,24,1000,3,5.39,3,0.017929298335686326
50,25,1000,3,3.67,3,0.017929682202637194
50,26,1000,2,2.66,1,0.0179295614361763
51,1,1000,3,4.06,3,-0.07356516467034817
51,2,1000,3,3.26,2,-0.0735634726807475
51,3,1000,4,4.43,3,-0.07356124471873045
51,4,1000,3,3.55,3,-0.07355959855765104
51,5,1000,2,2.96,4,-0.07355793578922748
51,6,1000,2,2.81,3,-0.07355701876431704
51,7,1000,3,4.3,3,-0.07355623300373554
51,8,1000,3,3.69,3,-0.07355490764975547
51,9,1000,2,2.92,4,-0.07355483804643154
51,10,1000,2,2.92,4,-0.07355404278635978
51,11,1000,3,3.23,2,-0.07355172725766897
51,12,1000,3,3.61,3,-0.07354972254484891
51,13,1000,3,2.81,2,-0.07354982337355613
51,14,1000,3,3.28,5,-0.07354851926118136
51,15,1000,2,2.96,4,-0.07354780575633049
51,16,1000,2,3.13,6,-0.0735459108799696
51,17,1000,3,4.47,4,-0.07354617013782262
51,18,1000,3,4.01,4,-0.0735453201085329
51,19,1000,3,2.97,1,-0.07354258921742439
51,20,1000,1,2.56,1,-0.07354359328746796
51,21,1000,5,9.04,3,-0.07354185549914836
51,22,1000,4,5.2,6,-0.07354506090283394
51,23,1000,1,2.68,3,-0.07354445524513721
51,24,1000,2,2.82,1,-0.07354645627737046
51,25,1000,1,2.67,3,-0.07354686787724495
51,26,1000,1,2.9,7,-0.07354751069098711
51,27,1000,2,2.92,2,-0.073546295709908
51,28,1000,1,2.85,7,-0.07354771117120981
51,29,1000,2,3.38,4,-0.07354777735471725
51,30,1000,2,2.86,2,-0.07354904730618
51,31,1000,2,2.91,2,-0.07354997329413891
51,32,1000,3,3.3,2,-0.07354934267699718
51,33,1000,2,2.95,4,-0.07354979747533798
51,34,1000,3,2.97,3,-0.07354901394993067
51,35,1000,3,2.97,3,-0.07354885530471801
51,36,1000,3,3.57,3,-0.0735487198755145
51,37,1000,1,2.6,2,-0.07354890260100365
51,38,1000,2,3.15,3,-0.07354719544947147
51,39,1000,3,3.85,5,-0.07354717247188092
51,40,1000,3,3.99,3,-0.07354656057804823
51,41,1000,2,3.17,6,-0.07355155110359192
51,42,1000,2,2.91,3,-0.07355303187668323
51,43,1000,2,2.69,1,-0.07355304807424545
51,44,1000,1,2.6,1,-0.07355355471372604
51,45,1000,1,2.75,4,-0.07355360440909862
51,46,1000,4,3.22,3,-0.0735533761754632
51,47,1000,1,2.57,1,-0.07354722917079926
52,1,1000,3,4.04,3,-0.08221106700599194
52,2,1000,3,3.83,2,-0.08221203510463237
52,3,1000,2,2.85,2,-0.08221215161681175
52,4,1000,1,2.62,3,-0.08221318854391575
52,5,1000,2,3.31,4,-0.08221498940885066
52,6,1000,3,3.83,2,-0.08221576430648565
52,7,1000,2,2.65,1,-0.08221483142673969
52,8,1000,3,3.45,2,-0.0822154383584857
52,9,1000,4,4.6,1,-0.08221593245118856
52,10,1000,2,3.09,3,-0.08221656662970782
52,11,1000,2,3.29,4,-0.08221631024032831
52,12,1000,2,2.99,3,-0.08221653732657433
52,13,1000,3,3.06,1,-0.0822171773687005
52,14,1000,4,3.31,1,-0.08221738172322511
52,15,1000,4,6.25,5,-0.08221744953095914
52,16,1000,5,7.27,2,-0.08221717710793018
52,17,1000,4,7.39,3,-0.082217573069036
52,18,1000,2,2.98,3,-0.08221753869950771
52,19,1000,3,3.62,3,-0.0822177094295621
52,20,1000,4,4.31,3,-0.08221912104636431
52,21,1000,4,4.67,6,-0.08221896659582853
52,22,1000,2,2.88,1,-0.0822193472981453
52,23,1000,2,2.63,1,-0.08221873614192009
52,24,1000,3,3.0,1,-0.0822194273993373
52,25,1000,3,2.94,1,-0.08221941649168729
52,26,1000,3,2.77,1,-0.08221984228491783
52,27,1000,2,2.76,3,-0.0822201400026679
52,28,1000,4,4.67,3,-0.08222083243727683
52,29,1000,3,3.88,6,-0.08222161181271076
52,30,1000,3,3.01,2,-0.08222139888256788
52,31,1000,3,3.18,2,-0.08222122455388307
52,32,1000,2,2.59,1,-0.08222123235464096
52,33,1000,3,3.39,2,-0.08222122272104025
52,34,1000,3,3.88,4,-0.0822213928103447
52,35,1000,3,3.56,5,-0.08222222259640694
52,36,1000,2,2.8,3,-0.0822224711328745
52,37,1000,3,3.38,2,-0.0822224381044507
52,38,1000,3,2.95,3,-0.08222290171682835
52,39,1000,2,2.81,3,-0.08222325216978789
52,40,1000,3,3.4,3,-0.0822237023934722
52,41,1000,3,3.47,2,-0.08222460784763098
52,42,1000,3,3.63,3,-0.0822245935946703
52,43,1000,3,3.03,2,-0.0822248381972313
52,44,1000,2,2.67,2,-0.08222444954514503
52,45,1000,3,2.89,1,-0.08222487068921328
52,46,1000,3,3.01,1,-0.08222517058253288
52,47,1000,3,3.83,4,-0.08222515374422074
52,48,1000,3,3.79,5,-0.08222585275024176
52,49,1000,3,3.27,2,-0.08222636250406504
52,50,1000,2,3.54,4,-0.08222606512904167
52,51,1000,1,2.58,2,-0.08222613126039505
52,52,1000,3,5.71,3,-0.08222709262371063
52,53,1000,4,7.72,3,-0.08222766943275929
52,54,1000,3,5.35,3,-0.08222785843908786
52,55,1000,5,8.8,5,-0.08222787407040597
52,56,1000,4,4.96,2,-0.08222875763475895
52,57,1000,1,2.64,3,-0.08222939045727252
52,58,1000,3,4.02,5,-0.08222929108142853
52,59,1000,3,3.85,1,-0.08222958291321993
52,60,1000,2,2.67,1,-0.08223000657558441
53,1,1000,3,4.04,3,-0.11387199395149947
53,2,1000,3,3.2,2,-0.11387163247913122
53,3,1000,2,2.87,3,-0.11387167408317328
53,4,1000,3,2.87,1,-0.11387161530554295
53,5,1000,3,2.83,1,-0.11387128923088312
53,6,1000,5,3.28,1,-0.11387067507207393
53,7,1000,3,2.94,2,-0.11387107022106648
53,8,1000,2,2.86,4,-0.11387091911584139
53,9,1000,2,2.61,1,-0.11387086119502783
53,10,1000,2,2.63,2,-0.11387178713083267
53,11,1000,3,4.02,2,-0.11387004093080759
53,12,421,6,10.0,2,-0.11386896791976309
53,13,1000,4,4.78,1,-0.1138695335239172
53,14,1000,4,3.37,1,-0.11386936993151903
53,15,1000,2,2.71,1,-0.1138695867061615
53,16,1000,2,2.94,1,-0.11386949129402638
53,17,1000,5,8.61,13,-0.11386912216246128
53,18,184,5,10.03,3,-0.11386929812800625
53,19,868,6,10.0,1,-0.11386924271347336
53,20,1000,4,5.91,3,-0.11386912788450718
53,21,1000,3,3.49,1,-0.11386938931047916
53,22,1000,5,2.91,1,-0.11386882779747248
53,23,1000,2,2.93,2,-0.11386844724416732
53,24,1000,2,3.18,7,-0.11386872319877148
53,25,1000,2,3.21,7,-0.11386922857165337
53,26,260,6,10.02,3,-0.11386914465289849
53,27,1000,5,7.55,1,-0.113868568174541
53,28,1000,5,5.65,1,-0.11386887186020613
53,29,1000,4,3.23,1,-0.1138691780269146
53,30,1000,3,3.77,1,-0.11386738664656877
53,31,1000,1,2.7,5,-0.1138666646182537
53,32,212,4,10.01,7,-0.1138674824516166
53,33,1000,3,4.29,2,-0.11386749854683877
53,34,1000,3,3.73,2,-0.11386748658120632
53,35,1000,1,2.68,4,-0.11386672452837229
53,36,1000,3,4.31,5,-0.11386607030034065
53,37,176,4,10.06,3,-0.11386568721553142
53,38,187,5,10.05,3,-0.11386505972574101
53,39,668,5,10.0,3,-0.11386559447440915
53,40,1000,3,4.09,3,-0.11386415576189757
53,41,1000,3,6.79,5,-0.11386465290933848
53,42,1000,3,9.62,2,-0.11386432211101055
53,43,521,5,10.0,1,-0.11386368183451284
53,44,1000,5,3.83,1,-0.11386384761333465
53,45,1000,4,4.89,2,-0.11386544585973024
53,46,223,5,10.05,10,-0.1138656578390053
53,47,1000,4,9.1,3,-0.11386617947369813
53,48,1000,1,2.59,3,-0.11386525026708841
53,49,1000,1,2.48,1,-0.11386363953351974
53,50,1000,2,3.12,1,-0.11386167056113482
53,51,1000,3,8.22,15,-0.1138628039509058
53,52,1000,2,5.39,12,-0.11386325263977051
54,1,1000,3,4.11,3,-0.13145463286340237
54,2,1000,3,3.68,3,-0.13145458513498307
54,3,1000,3,4.09,3,-0.1314542675316334
54,4,1000,3,4.52,3,-0.1314536498039961
54,5,1000,3,5.64,5,-0.13145371554791926
54,6,1000,4,4.88,3,-0.131453851506114
54,7,1000,2,3.14,3,-0.13145368671417237
54,8,1000,3,7.41,3,-0.13145316311717034
54,9,1000,3,6.98,2,-0.13145295648276806
54,10,1000,2,4.75,5,-0.1314524651616812
54,11,1000,3,3.58,3,-0.1314516657292843
54,12,1000,3,3.84,3,-0.13145077519118786
54,13,1000,2,3.02,1,-0.131450016066432
54,14,1000,2,3.04,1,-0.13145086438953876
54,15,1000,1,2.9,8,-0.13145019909739494
54,16,1000,1,2.65,3,-0.13144976109266282
54,17,201,4,10.05,4,-0.13144867848697586
54,18,191,3,10.0,5,-0.131448676448842
54,19,195,4,10.01,6,-0.13144883910814922
54,20,203,4,10.05,7,-0.1314489119892637
54,21,193,4,10.02,8,-0.13144819809056316
54,22,437,4,10.0,2,-0.13144658833264758
54,23,1000,4,8.96,1,-0.13144597460329532
54,24,1000,4,8.9,1,-0.13144459146261214
54,25,1000,4,8.93,1,-0.1314430074095726
54,26,1000,4,9.19,1,-0.13144104501605033
54,27,199,4,10.04,4,-0.13144045259485293
54,28,1000,3,9.48,7,-0.1314379073381424
54,29,1000,2,3.09,5,-0.13143832966685295
54,30,1000,3,5.14,3,-0.13143664710223674
54,31,199,5,10.06,4,-0.1314358768151633
54,32,288,5,10.04,3,-0.13143490358359283
54,33,190,5,10.0,3,-0.13143466993382102
54,34,1000,5,3.94,3,-0.13143557481467724
54,35,1000,4,3.66,2,-0.13143361823260785
54,36,1000,4,3.6,2,-0.13143295975029468
54,37,1000,3,2.94,1,-0.13143156751990318
54,38,1000,1,2.65,3,-0.13143362931907177
54,39,1000,1,2.71,3,-0.13143201422691345
54,40,1000,3,7.97,6,-0.13143080957233905
54,41,238,3,10.0,10,-0.13143046400627167
54,42,1000,3,6.68,6,-0.1314290698468685
54,43,1000,3,3.95,2,-0.13142916928231715
54,44,1000,3,5.36,4,-0.13143043655157088
54,45,1000,3,5.31,4,-0.131429987937212
54,46,1000,3,3.89,2,-0.13142860631644726
54,47,1000,3,4.62,2,-0.13142931433022023
54,48,1000,3,7.86,3,-0.1314323931634426
54,49,1000,3,6.71,3,-0.13143192991614341
54,50,1000,3,4.8,2,-0.1314320647418499
54,51,1000,3,6.3,3,-0.13143164177238942
54,52,1000,3,4.73,3,-0.13143034140765666
54,53,1000,3,6.06,5,-0.1314300565868616
54,54,1000,4,5.01,3,-0.13142900456488132
54,55,1000,4,5.06,3,-0.13142816030979157
54,56,1000,3,3.95,2,-0.131429463788867
54,57,1000,3,4.74,3,-0.13142935709655285
54,58,1000,3,4.03,2,-0.13142873737215996
54,59,1000,3,4.72,3,-0.13142729218304158
54,60,1000,3,4.68,3,-0.13142771682143212
54,61,1000,2,3.22,3,-0.13142712245881558
54,62,1000,2,3.21,3,-0.13142647863924503
54,63,1000,2,3.33,4,-0.13142493449151516
54,64,1000,2,3.37,4,-0.13142294126749038
54,65,1000,3,3.95,2,-0.13142224335670472
54,66,1000,2,3.12,3,-0.1314201154410839
54,67,615,6,10.04,3,-0.1314186692237854
54,68,253,5,10.03,5,-0.13141737212776666
54,69,299,5,10.0,6,-0.1314157291897962
54,70,1000,4,4.31,3,-0.13141524198651314
54,71,176,3,10.03,4,-0.1314156728542664
54,72,197,3,10.0,23,-0.13141581189208829
54,73,240,5,10.01,3,-0.1314127752557397
54,74,214,6,10.02,5,-0.13141101097392144
54,75,218,6,10.02,5,-0.13141032397200209
54,76,1000,5,6.28,3,-0.13141013237833976
54,77,1000,2,7.35,8,-0.1314096341431141
54,78,178,3,10.06,2,-0.13140879261694596
54,79,447,3,10.0,2,-0.13140802575437815
54,80,190,4,10.03,1,-0.13140673904042494
54,81,1000,4,7.35,1,-0.13140933954715728
54,82,1000,4,7.1,3,-0.13140961542725563
54,83,1000,4,7.96,24,-0.1314117420911789
54,84,1000,4,5.7,1,-0.13141095384955406
54,85,1000,2,6.78,4,-0.13141503340005875
54,86,173,3,10.01,3,-0.1314147191412876
54,87,189,4,10.0,3,-0.13141238484433088
54,88,201,4,10.02,3,-0.13141371383892364
54,89,173,3,10.05,3,-0.1314138904472307
54,90,245,5,10.06,3,-0.1314139693367238
54,91,197,4,10.03,3,-0.13141338648227266
54,92,177,3,10.05,3,-0.1314119520665562
54,93,197,4,10.06,23,-0.13141314118041605
54,94,197,3,10.04,3,-0.13141314609704283
54,95,174,3,10.01,4,-0.1314166110308691
54,96,190,3,10.03,2,-0.13141521560518366
54,97,1000,4,8.71,3,-0.1314097535312176
54,98,1000,3,7.37,3,-0.13140826338529588
54,99,1000,3,7.4,3,-0.13140605150163173
54,100,1000,3,7.22,3,-0.1314051817506552
54,101,1000,3,4.48,3,-0.13140230093896388
54,102,1000,2,3.77,12,-0.13140307506918908
55,1,1000,3,4.12,3,0.005111672034487128
55,2,1000,3,3.1,2,0.0051114550228230655
55,3,1000,2,2.71,2,0.005111008442472666
55,4,1000,2,2.64,1,0.005110005717724562
55,5,1000,2,4.09,5,0.005110077431425452
55,6,1000,3,5.36,5,0.005109751473180949
55,7,1000,2,3.53,5,0.005109677124768496
55,8,203,4,10.04,4,0.00510980643726555
55,9,739,5,10.0,1,0.005109308879187328
55,10,1000,4,3.46,1,0.005109536170959473
55,11,1000,3,2.97,2,0.005109645240008831
55,12,1000,2,3.42,6,0.00510830341372639
55,13,1000,2,3.08,3,0.005108253077138215
55,14,1000,4,3.35,2,0.005106748567894101
55,15,1000,4,5.7,4,0.005106262653600425
55,16,1000,4,3.61,2,0.005104604491963983
55,17,1000,3,5.53,3,0.005104771487880498
55,18,1000,3,3.3,1,0.0051030581840313975
55,19,1000,2,3.04,1,0.005103137169964612
55,20,1000,6,9.25,3,0.005103396061807871
55,21,1000,5,4.58,1,0.005102119219489396
55,22,1000,3,3.11,1,0.005101265134289861
55,23,508,5,10.03,2,0.0050977377741648925
55,24,1000,4,7.7,4,0.005097867931704968
55,25,1000,5,8.84,3,0.005098134863656015
55,26,203,5,10.02,1,0.0050987973144011834
55,27,1000,4,4.9,1,0.005096028683707118
55,28,1000,2,4.3,4,0.005092934566549957
55,29,1000,2,4.14,6,0.0050922848787158725
55,30,1000,2,5.49,9,0.005092242286074906
55,31,322,5,10.05,6,0.005090259857221235
55,32,277,5,10.05,5,0.0050899538090486175
55,33,1000,4,9.32,4,0.005089387613814324
55,34,1000,2,2.67,1,0.005086013551335782
55,35,1000,5,4.71,2,0.005085104808211327
55,36,1000,5,5.73,1,0.0050799077316187324
55,37,1000,4,3.66,1,0.005077382013201713
55,38,1000,4,3.41,1,0.005074507012963295
55,39,1000,2,2.82,1,0.005071936423424631
55,40,1000,2,3.52,4,0.005075606017839163
55,41,1000,2,3.14,6,0.005075147307477892
55,42,1000,1,2.68,5,0.005075418306980282
55,43,1000,2,2.77,3,0.005076744077727199
55,44,1000,4,5.84,3,0.005078084071166813
55,45,1000,4,3.55,2,0.005077313103713095
55,46,1000,2,2.66,1,0.0050750608397647735
55,47,1000,1,2.53,2,0.0050741707626730205
55,48,1000,2,3.48,3,0.005075485520996154
55,49,1000,2,2.76,3,0.005073128388728946
55,50,1000,2,2.65,2,0.005071813964750618
55,51,1000,2,2.61,2,0.005070156874135137
55,52,1000,1,2.61,3,0.005066304873675108
55,53,1000,1,2.5,1,0.005063703749328852
56,1,1000,3,4.06,3,0.0651319515928626
56,2,1000,3,4.62,3,0.06513280974328518
56,3,1000,4,6.2,3,0.06513221939653158
56,4,1000,4,7.8,3,0.06513285062462092
56,5,1000,3,3.46,2,0.06513460972160101
56,6,1000,3,2.97,2,0.06513419830799103
56,7,1000,2,3.56,2,0.06513379484415055
56,8,1000,3,4.15,1,0.06513398604094982
56,9,1000,3,4.13,1,0.06513540276885033
56,10,1000,3,3.08,1,0.06513458408415318
56,11,1000,3,4.24,1,0.0651356970667839
56,12,1000,3,4.28,1,0.06513483415544033
56,13,1000,3,4.2,2,0.06513538503646851
56,14,1000,2,2.96,3,0.06513731452077627
56,15,1000,3,4.23,3,0.06513844954967499
56,16,288,4,10.04,5,0.06513884720496005
56,17,1000,4,8.13,3,0.06513918057084084
56,18,1000,3,4.54,3,0.06513678897172212
56,19,1000,1,2.64,3,0.06513686261326075
56,20,1000,2,2.64,1,0.06513748182356358
56,21,1000,3,4.24,6,0.06513686928898096
56,22,1000,2,3.38,3,0.06513662815093994
57,1,1000,3,4.04,3,0.10078584809601307
57,2,1000,3,4.48,3,0.1007855473831296
57,3,1000,3,4.35,3,0.10078524737805128
57,4,1000,3,4.41,3,0.10078482173383235
57,5,1000,3,3.73,2,0.10078479517251253
57,6,1000,3,3.79,2,0.10078475883603095
57,7,1000,3,3.58,2,0.1007844542786479
57,8,1000,3,3.7,2,0.10078431470692158
57,9,1000,3,9.19,12,0.10078442617505788
57,10,1000,3,4.12,3,0.1007841643244028
57,11,1000,3,4.13,3,0.10078387935459614
57,12,1000,3,3.16,1,0.10078339628130198
57,13,1000,3,3.15,1,0.10078308748453856
57,14,1000,3,3.16,1,0.10078313065320253
57,15,1000,3,3.9,2,0.10078279516845942
57,16,1000,3,4.59,3,0.10078290574997663
57,17,1000,3,3.2,2,0.10078270579874515
57,18,1000,3,5.67,2,0.10078321082144975
57,19,593,3,10.0,2,0.1007836362186813
57,20,1000,3,7.04,1,0.10078373467177153
57,21,1000,3,6.96,1,0.10078320896625519
57,22,1000,3,6.8,1,0.10078309245407581
57,23,130,3,10.04,19,0.10078325036626595
57,24,1000,3,5.8,2,0.10078371376544237
57,25,1000,3,9.78,2,0.10078297002613544
57,26,1000,2,6.95,7,0.10078292016685009
57,27,1000,2,3.09,4,0.1007837519645691
58,1,1000,3,4.11,3,0.008716608228161931
58,2,1000,3,4.11,3,0.008716781632974744
58,3,1000,3,3.3,3,0.008717187210917472
58,4,1000,3,3.97,3,0.008717734495177865
58,5,1000,3,3.91,1,0.00871822995133698
58,6,1000,3,4.04,1,0.008718224881216884
58,7,1000,3,4.18,1,0.008718021066859365
58,8,1000,3,4.39,1,0.008717658577486872
58,9,1000,3,4.49,1,0.008717283274978399
58,10,1000,3,4.72,1,0.008716842101886868
58,11,1000,3,5.43,1,0.008716370288282633
58,12,1000,3,5.52,1,0.008715512074530125
58,13,1000,3,5.33,1,0.00871521071344614
58,14,1000,4,5.02,3,0.008714720165356994
58,15,1000,4,4.63,3,0.008714183097705245
58,16,1000,3,3.9,4,0.008714302904903888
58,17,1000,3,3.34,2,0.00871404922194779
58,18,1000,3,7.73,1,0.00871404181048274
58,19,1000,3,3.45,1,0.008713901214301586
58,20,1000,3,3.49,1,0.008713532499969005
58,21,1000,3,3.56,1,0.008713068217039108
58,22,1000,3,3.5,1,0.008712739855051041
58,23,1000,3,3.49,1,0.008712305258959531
58,24,1000,3,3.5,1,0.008711908677592873
58,25,1000,3,3.48,1,0.008711444666609168
58,26,1000,3,3.53,1,0.008711644843220711
58,27,1000,3,3.5,1,0.008710488641634583
58,28,1000,3,3.53,1,0.00871019041724503
58,29,1000,3,3.51,1,0.008709883970208466
58,30,1000,3,3.49,1,0.008708683861419559
58,31,1000,3,9.41,7,0.008708028519526125
58,32,1000,3,4.94,2,0.008707808811217547
58,33,202,3,10.0,2,0.008708393459420392
58,34,1000,3,7.35,1,0.008710026374086738
58,35,1000,3,5.26,1,0.008708993075415492
58,36,1000,3,8.08,2,0.008707787817344069
58,37,1000,3,5.94,1,0.008709438478574156
58,38,1000,3,7.84,1,0.008711800115182996
58,39,1000,3,7.93,1,0.008713027512654662
58,40,1000,3,3.98,2,0.008712058121338486
58,41,1000,3,5.47,4,0.008711395122110844
58,42,1000,3,3.98,2,0.00871053632721305
58,43,1000,3,5.79,3,0.008710311617702245
58,44,193,3,10.03,6,0.008709733475752445
58,45,1000,4,4.3,3,0.008709601966664196
58,46,1000,3,3.65,4,0.008711004985496401
58,47,1000,3,2.77,1,0.008712015219032764
58,48,1000,3,3.0,1,0.008713487733155488
58,49,1000,3,5.88,1,0.008715417338535189
58,50,1000,3,5.75,1,0.00871482327580452
58,51,123,3,10.02,15,0.008716630310244193
58,52,370,4,10.0,3,0.00871616365337694
58,53,239,4,10.0,3,0.008715504799895456
58,54,175,3,10.02,20,0.008714899308979512
58,55,183,5,10.01,3,0.008714553370786821
58,56,161,5,10.0,3,0.008716148116064738
58,57,150,5,10.05,3,0.008719018213450908
58,58,206,6,10.02,3,0.008717708135909826
58,59,254,4,10.02,11,0.00871847179080323
58,60,1000,1,2.56,1,0.00871871318668127
59,1,1000,3,4.07,3,0.11678658885508776
59,2,1000,3,3.86,3,0.11678446294367313
59,3,1000,2,2.93,3,0.11678283180296421
59,4,1000,3,3.08,1,0.11678213143348694
59,5,1000,1,2.5,2,0.11678310185670852
59,6,1000,2,3.47,6,0.11678199673444033
59,7,1000,2,3.73,3,0.1167822043299675
59,8,1000,3,6.05,5,0.11678247340768576
59,9,1000,2,2.88,2,0.11678290306031704
59,10,1000,2,2.99,2,0.11678463084995747
59,11,1000,2,3.12,3,0.11678372859954834
59,12,1000,3,3.92,2,0.11678349888324738
59,13,1000,1,2.67,4,0.11678295404464006
59,14,1000,2,3.12,3,0.11678329578787089
59,15,1000,2,4.15,6,0.11678316651284695
59,16,1000,3,6.39,3,0.11678118699789047
59,17,1000,3,5.46,2,0.11678089068830014
59,18,1000,3,2.99,1,0.11678117644041777
59,19,1000,1,2.52,1,0.11678197979927063
59,20,1000,2,3.0,2,0.11678134685009718
59,21,1000,1,2.53,2,0.11678260311484337
60,1,1000,3,4.16,3,-0.013990435047075152
60,2,1000,3,3.19,2,-0.013990100521594285
60,3,1000,2,2.76,2,-0.013989843677729367
60,4,1000,2,2.96,3,-0.013989642307162285
60,5,1000,2,3.15,3,-0.013989908766001462
60,6,1000,4,8.65,3,-0.013989523662254214
60,7,1000,4,4.91,3,-0.0139895687289536
60,8,1000,4,5.43,2,-0.013989836314693093
60,9,1000,3,3.25,1,-0.013990576967597007
60,10,1000,2,2.96,1,-0.0139915186855942
60,11,1000,2,3.63,4,-0.01399139423854649
60,12,1000,2,3.79,4,-0.013990972245112062
60,13,1000,2,3.83,4,-0.013990682253614068
60,14,1000,3,4.74,5,-0.01399079622887075
60,15,1000,3,3.49,1,-0.013990331299602985
60,16,1000,3,3.39,1,-0.013990427808836102
60,17,1000,2,2.79,1,-0.013990382609888911
60,18,1000,4,4.0,3,-0.013989955827593803
60,19,1000,2,2.96,3,-0.013990758195519447
60,20,1000,3,4.7,3,-0.013990790743380785
60,21,1000,5,8.04,4,-0.01399027624167502
60,22,1000,1,2.68,3,-0.013990908127278089
60,23,1000,1,3.2,13,-0.013990786913782359
60,24,1000,1,2.79,6,-0.01399065101891756
60,25,1000,2,3.12,3,-0.013989892698824405
60,26,1000,3,3.08,1,-0.013989419629797339
60,27,1000,1,2.65,4,-0.01398953677341342
60,28,1000,2,3.61,4,-0.013989996371790766
60,29,897,4,10.0,3,-0.013989578882687068
60,30,1000,4,3.67,1,-0.013989971078932285
60,31,1000,1,2.66,3,-0.01399115889519453
60,32,1000,3,4.92,4,-0.013991336001083255
60,33,1000,3,3.42,6,-0.013991233827546239
60,34,1000,2,3.12,6,-0.013991381639614702
60,35,1000,3,4.18,3,-0.013991297237575055
60,36,1000,2,3.38,2,-0.013991312559694052
60,37,1000,2,3.86,4,-0.01399168585240841
60,38,1000,1,2.68,4,-0.013991696327924729
60,39,1000,1,2.58,2,-0.013991743830963969
60,40,1000,1,2.65,3,-0.01399137544631958
61,1,1000,3,4.15,3,0.04036895314604044
61,2,1000,3,3.37,2,0.04036728140339255
61,3,1000,3,4.21,3,0.040366024788469075
61,4,1000,2,2.93,3,0.04036544322595
61,5,1000,3,5.41,3,0.04036383005604148
61,6,1000,5,5.14,4,0.04036315331608057
61,7,1000,2,2.81,1,0.04036265881732106
61,8,1000,3,3.17,4,0.04036318574100733
61,9,1000,3,3.2,3,0.04036282575130463
61,10,1000,6,4.19,4,0.04036263335123658
61,11,1000,3,3.32,2,0.040361656658351425
61,12,1000,3,4.31,4,0.04035916205123067
61,13,1000,3,3.98,2,0.04035965462774038
61,14,1000,6,8.43,3,0.04035920609533787
61,15,1000,5,8.62,6,0.040358370866626504
61,16,1000,2,3.11,6,0.040358708381652834
61,17,1000,3,3.25,2,0.040356705792248246
61,18,1000,3,6.36,5,0.040356476925313474
61,19,458,5,10.0,3,0.040359018159029786
61,20,1000,5,6.95,5,0.0403599855042994
61,21,1000,3,3.39,2,0.040359923236072064
61,22,1000,3,3.74,3,0.04035754794627428
61,23,1000,3,3.37,2,0.040354428846389054
61,24,1000,2,2.81,3,0.04035368555039168
61,25,1000,6,8.94,3,0.04035299426689744
61,26,1000,4,3.72,1,0.04035167253017426
61,27,1000,2,3.59,9,0.0403521948903799
61,28,1000,4,5.83,2,0.040351821284741164
61,29,205,4,10.03,6,0.04035285711288452
61,30,197,5,10.03,8,0.04035266931286923
61,31,1000,3,3.13,2,0.04035209817811847
61,32,186,5,10.01,3,0.040351230410798904
61,33,217,6,10.0,3,0.040349169827413996
61,34,170,4,10.01,3,0.040348795582266415
61,35,1000,5,7.78,3,0.04034790321439505
61,36,1000,3,3.01,3,0.04034795495867729
61,37,271,5,10.03,6,0.04034646266445902
61,38,179,4,10.01,9,0.04034496812597333
61,39,1000,2,2.95,2,0.04034428970888257
61,40,1000,3,4.94,3,0.04034268832951784
61,41,1000,3,5.25,2,0.04034107652679086
61,42,172,4,10.02,5,0.0403402570721715
61,43,1000,3,3.76,4,0.04033896090090275
61,44,1000,3,4.5,3,0.04033734694495797
61,45,179,3,10.0,5,0.040335030383404406
61,46,1000,2,3.35,12,0.04033439225330949
62,1,1000,3,4.13,3,0.09931680504977704
62,2,1000,3,3.63,3,0.09931778115034104
62,3,1000,3,4.6,3,0.0993182502835989
62,4,1000,3,4.01,3,0.09931883573532105
62,5,1000,3,4.17,3,0.09931848283112049
62,6,1000,2,4.01,4,0.09931824904680252
62,7,217,4,10.05,3,0.09931782015045668
62,8,1000,2,2.9,2,0.0993184272646904
62,9,1000,2,2.9,1,0.09931828712671995
62,10,1000,2,2.64,1,0.0993188243880868
62,11,1000,3,4.53,3,0.09931917832791805
62,12,1000,3,3.6,2,0.09931947501003742
62,13,1000,3,2.69,1,0.09931894409656525
62,14,1000,2,3.66,5,0.09931783366203308
62,15,1000,3,3.8,4,0.09931784497201443
62,16,1000,3,6.1,4,0.09931939923763275
62,17,1000,3,5.27,4,0.09931997596472501
62,18,1000,1,2.64,3,0.09932048784941434
62,19,1000,1,2.73,5,0.09931959573179483
62,20,1000,4,5.98,3,0.09931842157244683
62,21,1000,3,5.03,2,0.09931823244690895
62,22,1000,3,6.02,2,0.09931919487565756
62,23,913,3,10.0,7,0.0993198312712917
62,24,1000,3,7.72,3,0.09931904332339764
62,25,1000,3,4.61,1,0.09931908299773931
62,26,1000,3,5.75,2,0.09931764569133521
62,27,1000,3,4.49,3,0.09931701215356588
62,28,1000,3,3.87,2,0.09931629981100559
62,29,1000,3,3.02,3,0.09931621344387531
62,30,1000,3,2.79,2,0.09931728744506836
62,31,1000,3,3.48,1,0.09931793517619371
62,32,1000,3,3.16,2,0.0993177128136158
62,33,1000,1,2.49,1,0.09931660443544388
63,1,1000,3,4.08,3,-0.028292396046221257
63,2,1000,3,3.79,2,-0.0282925774846226
63,3,1000,2,2.76,2,-0.028292967511340975
63,4,1000,3,2.97,3,-0.028292816685512662
63,5,1000,1,2.62,3,-0.02829227514192462
63,6,1000,3,3.56,2,-0.028292749244719743
63,7,201,5,10.06,3,-0.02829352285323748
63,8,205,5,10.01,7,-0.028293149373153362
63,9,835,5,10.0,1,-0.02829363090460172
63,10,1000,4,4.35,1,-0.028293580938130617
63,11,411,3,10.0,8,-0.02829275976803036
63,12,1000,2,4.65,7,-0.02829235293716192
63,13,1000,4,8.65,3,-0.028293320562690495
63,14,1000,3,6.88,3,-0.02829360574670136
63,15,1000,2,4.57,6,-0.028293501388281583
63,16,287,5,10.02,4,-0.028293283409617502
63,17,1000,4,9.28,8,-0.028291824452579023
63,18,1000,3,4.26,3,-0.0282922251150012
63,19,1000,2,3.12,4,-0.028292443739250304
63,20,1000,1,2.72,5,-0.028292032362893224
63,21,1000,2,2.71,1,-0.028291850451380014
63,22,1000,5,9.25,4,-0.028291840121150016
63,23,177,4,10.04,3,-0.02829186534140743
63,24,1000,5,8.7,5,-0.02829073275253177
63,25,1000,1,2.52,1,-0.02828982099890709
63,26,1000,1,2.62,3,-0.0282917708568275
63,27,1000,1,2.79,6,-0.028291450899094343
63,28,1000,4,4.46,3,-0.028290754854679107
63,29,1000,4,4.34,3,-0.028290188904851674
63,30,1000,4,8.91,3,-0.028291445048525928
63,31,1000,2,3.05,2,-0.028290163790807128
63,32,1000,1,2.62,2,-0.028290161073207854
63,33,1000,1,2.67,3,-0.028290092762559654
64,1,1000,3,4.1,3,-0.15187745264172553
64,2,1000,3,3.23,2,-0.1518764599710703
64,3,1000,3,2.92,2,-0.15187610647082328
64,4,1000,4,3.67,3,-0.15187604957818984
64,5,1000,3,3.0,3,-0.1518755416572094
64,6,1000,3,2.99,2,-0.15187454859912394
64,7,1000,3,3.87,2,-0.15187342795729636
64,8,1000,5,9.87,1,-0.15187221510708332
64,9,220,6,10.06,4,-0.15187074846842072
64,10,217,5,10.0,1,-0.15186970656917942
64,11,456,5,10.0,1,-0.15186875836368194
64,12,178,4,10.03,1,-0.15186734246403982
64,13,174,4,10.01,1,-0.15186693339512267
64,14,180,4,10.03,1,-0.15186526013745202
64,15,188,4,10.02,3,-0.15186557506627224
64,16,1000,4,8.31,1,-0.15186489987373353
64,17,203,4,10.03,23,-0.1518632492848805
64,18,198,5,10.03,17,-0.15186476421476613
64,19,159,4,10.03,3,-0.1518637605433194
64,20,150,3,10.01,8,-0.15186322341362635
64,21,180,4,10.04,8,-0.15186274018552567
64,22,172,3,10.04,17,-0.15186184176871942
64,23,163,4,10.06,3,-0.15186194463010214
64,24,187,4,10.05,10,-0.1518607294176989
64,25,182,5,10.04,3,-0.1518622419827587
64,26,173,4,10.04,3,-0.15186146952513324
64,27,228,4,10.04,3,-0.1518614612389029
64,28,164,3,10.01,3,-0.15185907910146365
64,29,204,5,10.01,3,-0.15185903582502813
64,30,189,4,10.04,3,-0.15185852569562416
64,31,1000,4,9.72,9,-0.1518576256930828
64,32,926,3,10.0,14,-0.15185676864298064
64,33,1000,2,2.94,3,-0.1518555441945791
64,34,1000,2,2.92,3,-0.1518521048873663
65,1,1000,3,4.3,3,-0.09470637194812298
65,2,1000,3,3.85,3,-0.09470637401938438
65,3,1000,3,4.81,3,-0.0947059640660882
65,4,1000,2,3.71,5,-0.09470582368224859
65,5,1000,2,3.21,3,-0.09470537678897381
65,6,1000,3,3.64,2,-0.09470537865161896
65,7,1000,3,3.94,5,-0.09470532684773207
65,8,1000,2,3.88,6,-0.09470486757904291
65,9,1000,3,5.85,3,-0.09470489739626646
65,10,1000,2,2.86,2,-0.09470524176955224
65,11,1000,5,7.52,3,-0.09470488969236612
65,12,470,5,10.0,3,-0.0947046141041086
65,13,304,5,10.01,7,-0.0947048481504776
65,14,404,5,10.0,3,-0.09470474852783846
65,15,1000,5,9.74,3,-0.09470476579666137
65,16,1000,4,6.5,3,-0.09470445261150598
65,17,1000,3,4.36,3,-0.09470428783446551
65,18,1000,4,9.57,4,-0.0947042301222682
65,19,376,4,10.03,11,-0.09470436870655481
65,20,1000,3,5.5,7,-0.09470428592711687
65,21,1000,4,4.81,3,-0.09470387426018714
65,22,1000,4,3.81,3,-0.09470398754626512
65,23,154,3,10.06,11,-0.09470387499827843
65,24,1000,4,5.3,3,-0.09470425882190465
65,25,1000,3,3.64,5,-0.09470414444804191
65,26,1000,2,2.77,4,-0.09470391968637705
65,27,1000,2,3.23,4,-0.09470399886369706
65,28,1000,3,3.56,2,-0.09470356776565313
65,29,1000,4,3.72,3,-0.09470342060923577
65,30,1000,1,2.65,2,-0.09470307756215333
65,31,1000,1,2.65,2,-0.0947026066482067
65,32,1000,4,3.35,3,-0.09470272707939148
65,33,1000,5,5.69,5,-0.094702562995255
65,34,1000,3,5.29,4,-0.09470322690159082
65,35,1000,3,3.59,3,-0.09470296466350556
65,36,1000,3,5.33,5,-0.0947027096375823
65,37,1000,2,3.0,2,-0.09470237914472818
65,38,1000,0,2.51,0,-0.09470225870609283
66,1,1000,3,4.19,3,-0.02870096581429243
66,2,1000,3,4.09,3,-0.028701143350452183
66,3,1000,3,3.68,2,-0.028701000465080142
66,4,1000,2,3.24,4,-0.028701292952522637
66,5,1000,2,2.76,3,-0.028701624549925326
66,6,1000,2,3.0,3,-0.028701153894886373
66,7,1000,2,2.69,2,-0.028701548151671887
66,8,1000,1,2.64,4,-0.028701877890154718
66,9,1000,3,5.2,2,-0.02870147237367928
66,10,1000,2,3.22,3,-0.028702058898285032
66,11,1000,2,3.44,4,-0.028702526291832328
66,12,1000,1,2.7,4,-0.028703074768185614
66,13,1000,3,8.7,6,-0.028702994123101233
66,14,1000,3,4.39,3,-0.02870343909971416
66,15,1000,2,2.77,1,-0.028704184107482433
66,16,1000,2,3.7,5,-0.028703709796071054
66,17,1000,1,2.6,3,-0.028704300310462713
66,18,1000,3,4.88,3,-0.02870464370958507
66,19,1000,2,2.66,2,-0.028705273661762475
67,1,1000,3,4.2,3,-0.021142101421952247
67,2,1000,3,4.0,3,-0.021142887677997352
67,3,1000,3,3.51,2,-0.021143594730645417
67,4,1000,5,3.65,3,-0.021144013073295356
67,5,1000,5,6.38,4,-0.021144525023177266
67,6,1000,3,3.62,2,-0.021144575886428357
67,7,1000,2,3.86,4,-0.021144741889089345
67,8,1000,1,2.68,3,-0.021143873300403355
67,9,1000,2,3.38,4,-0.021143777498975395
67,10,1000,2,2.99,3,-0.021144255494698883
67,11,337,5,10.04,2,-0.02114462240071254
67,12,1000,5,3.72,2,-0.021144517173990608
67,13,1000,2,2.86,3,-0.021144184289500118
67,14,1000,1,2.57,2,-0.0211444678530097
67,15,1000,3,8.16,10,-0.02114445014670491
67,16,1000,4,8.42,9,-0.021144491320475935
67,17,1000,3,5.63,2,-0.021145227326080204
67,18,1000,3,4.95,2,-0.02114468590170145
67,19,1000,2,3.23,2,-0.021144684797152875
67,20,1000,3,4.43,3,-0.021145004021003843
67,21,1000,2,3.24,3,-0.021144908068701625
67,22,1000,1,2.68,4,-0.021145019732415678
68,1,1000,3,4.19,3,-0.014956532143056393
68,2,1000,3,3.93,3,-0.014956179263070225
68,3,1000,3,4.7,3,-0.014955658607184888
68,4,1000,3,5.45,4,-0.01495528044551611
68,5,1000,3,6.39,4,-0.014955044178292156
68,6,1000,3,6.23,5,-0.014954751793295145
68,7,1000,3,5.41,5,-0.014954834096133709
68,8,1000,4,3.69,2,-0.014954727347940207
68,9,1000,3,3.13,3,-0.014954795809462667
68,10,1000,4,3.9,3,-0.014954304801300168
68,11,1000,3,2.81,1,-0.014953658528625966
68,12,1000,2,3.02,3,-0.014953721413388849
68,13,1000,2,2.74,2,-0.014953842202201485
69,1,1000,3,4.2,3,-0.07142940294742585
69,2,1000,3,4.4,3,-0.07142933640629053
69,3,1000,4,5.27,3,-0.07142940178513527
69,4,1000,4,6.09,3,-0.07142983290553093
69,5,1000,3,4.95,3,-0.0714300353974104
69,6,1000,3,5.43,4,-0.07143042644113302
69,7,1000,3,3.82,2,-0.0714302913993597
69,8,1000,3,3.57,2,-0.07143025770038366
69,9,1000,3,3.6,2,-0.07143000188469886
69,10,1000,2,2.97,2,-0.07142970214039088
69,11,1000,2,2.92,2,-0.07142966861277819
69,12,1000,3,4.69,4,-0.07142996195703745
69,13,1000,4,4.21,3,-0.07142977792769671
69,14,1000,3,3.01,1,-0.07143017552047969
69,15,1000,3,3.03,1,-0.071430361174047
69,16,1000,3,3.02,1,-0.07143058706074953
69,17,1000,2,3.09,2,-0.07143085262179374
69,18,1000,5,4.04,2,-0.07143088892847299
69,19,441,5,10.0,2,-0.07143101902032385
69,20,401,5,10.0,2,-0.0714311470414635
69,21,1000,3,4.65,3,-0.07143102687597275
69,22,1000,2,3.04,2,-0.07143039698898793
69,23,230,3,10.02,7,-0.07143024419960768
69,24,678,5,10.04,3,-0.0714305939488003
69,25,1000,4,5.17,1,-0.07143032130599022
69,26,1000,2,2.93,2,-0.07143023692071437
69,27,1000,3,3.4,1,-0.0714303066059947
69,28,1000,2,2.78,3,-0.0714298908635974
69,29,1000,2,2.97,2,-0.07142974775284529
69,30,1000,2,5.18,6,-0.0714292716383934
69,31,1000,2,4.4,4,-0.07142988353967666
69,32,1000,2,4.51,5,-0.07143021977692843
69,33,1000,2,4.64,5,-0.07143029964715242
70,1,1000,3,4.25,3,-0.01770281397923827
70,2,1000,3,3.77,3,-0.017703817021101714
70,3,1000,3,2.88,1,-0.017704389734193682
70,4,1000,3,2.86,1,-0.017704773789271714
70,5,1000,3,2.98,1,-0.017704763099551202
70,6,1000,3,3.05,1,-0.017704736797139048
70,7,1000,2,2.79,1,-0.01770448378846049
70,8,1000,2,3.16,1,-0.01770368767902255
70,9,1000,3,2.76,1,-0.01770418382436037
70,10,1000,3,3.74,1,-0.017703868700191378
70,11,241,5,10.0,1,-0.01770393662463827
70,12,625,5,10.0,4,-0.017702797332406043
70,13,1000,3,3.83,4,-0.017702959850430487
70,14,1000,4,3.33,1,-0.0177038278542459
70,15,1000,3,3.76,1,-0.017704473458230497
70,16,1000,5,6.73,1,-0.0177042557541281
70,17,1000,6,9.47,1,-0.01770415455289185
70,18,1000,2,3.08,3,-0.017703422345221043
70,19,1000,5,5.57,3,-0.017704943977296352
70,20,1000,5,8.7,2,-0.017702129274606706
70,21,169,5,10.04,1,-0.017702046473174405
70,22,1000,3,3.26,2,-0.017701789394021034
70,23,1000,3,5.4,3,-0.017701884707435965
70,24,1000,2,3.04,4,-0.01770141331665218
70,25,1000,3,4.92,4,-0.017701697845011948
70,26,1000,2,3.98,12,-0.01770164063386619
70,27,1000,3,3.81,3,-0.017701820798218252
70,28,1000,2,3.49,8,-0.01770166576653719
70,29,1000,2,3.22,6,-0.017701239751651884
70,30,1000,3,3.11,2,-0.017702112244442104
70,31,1000,2,2.74,2,-0.017702598789706828
70,32,1000,4,3.7,2,-0.017701774252578618
70,33,1000,2,5.07,4,-0.017701416324824096
70,34,173,5,10.04,3,-0.017701827829456052
70,35,190,5,10.04,3,-0.017702467729778668
70,36,246,7,10.05,3,-0.017703738366442966
70,37,1000,6,4.98,3,-0.01770454747416079
70,38,1000,5,4.8,3,-0.017706271160393954
70,39,1000,3,3.27,2,-0.017706929255276917
70,40,1000,4,5.16,3,-0.017708117198199032
70,41,1000,3,4.61,1,-0.01770862469635904
70,42,1000,4,6.88,18,-0.017710012946277855
70,43,220,4,10.01,13,-0.01770851399580186
70,44,1000,3,8.25,9,-0.01770420484431088
70,45,1000,3,3.38,2,-0.017705264838412404
70,46,1000,4,3.32,2,-0.017704978434368968
70,47,1000,3,3.01,1,-0.0177058030590415
70,48,1000,3,2.87,1,-0.017705968813970685
70,49,1000,3,2.98,1,-0.017704932605847715
70,50,1000,1,2.7,4,-0.01770643606595695
70,51,1000,1,2.59,2,-0.017707825224846603
70,52,1000,1,2.76,5,-0.017707717465236784
70,53,1000,1,2.71,4,-0.017708175057545305
70,54,1000,1,2.64,3,-0.017708784388378262
70,55,1000,1,3.26,12,-0.017709880044683813
70,56,1000,1,2.87,6,-0.01770991761982441
70,57,1000,1,2.63,2,-0.017710054678842426
70,58,1000,2,2.83,1,-0.017709685066714883
70,59,1000,1,2.5,1,-0.017711248248815536
70,60,1000,2,3.16,1,-0.017712595311924813
70,61,1000,2,2.75,2,-0.017713720157742502
70,62,1000,3,2.66,1,-0.01771414279937744
70,63,1000,2,2.57,1,-0.017724374309182167
71,1,1000,3,4.2,3,-0.09006779727339745
71,2,1000,3,4.32,3,-0.09006789226830006
71,3,1000,3,3.73,3,-0.09006771447509528
71,4,1000,2,2.92,2,-0.09006776236742735
71,5,1000,3,2.95,1,-0.09006769171357155
71,6,1000,5,4.82,1,-0.09006768555194139
71,7,1000,5,4.85,2,-0.0900682853832841
71,8,1000,5,6.42,2,-0.09006857529282569
71,9,1000,3,3.08,1,-0.09006923927366733
71,10,1000,2,2.58,1,-0.09006844669580459
71,11,1000,2,2.82,1,-0.09006890537589789
71,12,1000,2,3.29,1,-0.09006928000599146
71,13,1000,2,3.54,1,-0.09006997462362051
71,14,1000,3,4.2,1,-0.09006989707797766
71,15,1000,3,4.99,1,-0.09006993325799703
71,16,1000,3,6.04,1,-0.09007021138072013
71,17,1000,3,5.54,1,-0.09007044989615678
71,18,195,4,10.03,1,-0.09007100841173758
71,19,237,5,10.05,1,-0.09007246308185883
71,20,1000,5,5.14,3,-0.09007194932550192
71,21,1000,4,4.83,5,-0.09007216146588326
71,22,1000,3,3.72,1,-0.09007185389101505
71,23,1000,3,8.59,1,-0.09007172317802906
71,24,202,5,10.01,8,-0.09007232702604615
71,25,225,4,10.01,18,-0.09007090068525739
71,26,164,4,10.05,3,-0.09006940896009527
71,27,1000,4,7.24,3,-0.0900677524060011
72,1,1000,3,4.24,3,-0.02938059664145112
72,2,1000,3,3.32,2,-0.02938146170601249
72,3,1000,4,3.84,1,-0.029381814643740654
72,4,1000,3,3.29,1,-0.029381948690861463
72,5,1000,2,2.87,1,-0.02938228340819478
72,6,1000,2,2.63,1,-0.029382314175367356
72,7,1000,3,3.12,1,-0.029382141403853892
72,8,1000,3,3.08,1,-0.029382241915911437
72,9,1000,3,3.53,2,-0.02938224061578512
72,10,1000,2,2.97,2,-0.029381764264777302
72,11,1000,3,4.71,5,-0.02938138910755515
72,12,1000,3,5.09,4,-0.02938183055073023
72,13,1000,3,5.71,3,-0.029381418880075217
72,14,1000,3,3.31,1,-0.02938132967799902
72,15,1000,2,3.0,2,-0.0293814301379025
72,16,1000,3,4.64,6,-0.029381505850702525
72,17,1000,1,2.5,1,-0.029381276741623878
72,18,1000,1,2.55,2,-0.029381167888641358
72,19,1000,1,2.51,1,-0.02938077412545681
73,1,1000,3,4.31,3,0.05503908169269562
73,2,1000,3,3.39,3,0.05503983997553587
73,3,1000,2,3.01,3,0.05504121183976531
73,4,1000,2,3.95,6,0.0550423292927444
73,5,1000,2,3.19,3,0.05504256631433964
73,6,1000,2,3.98,8,0.05504308308660984
73,7,1000,1,2.91,8,0.05504317780211568
73,8,1000,1,2.54,2,0.05504399025812745
73,9,1000,2,2.72,3,0.05504529131576419
73,10,1000,2,2.94,2,0.05504686971753835
73,11,1000,2,3.05,5,0.05504713376984
73,12,1000,2,2.72,1,0.055048562336713076
73,13,1000,1,2.85,7,0.05504892351105809
73,14,1000,1,2.72,5,0.055049596026539804
73,15,1000,1,2.51,1,0.05505107715725899
73,16,1000,2,2.95,4,0.05505276026204228
73,17,1000,1,2.7,5,0.05505428753793239
73,18,1000,2,3.0,3,0.05505507019534707
73,19,1000,2,2.92,2,0.05505610857531428
73,20,1000,1,2.58,3,0.05505719457566738
73,21,1000,1,2.52,2,0.0550588360466063
73,22,1000,3,3.33,2,0.05506018629670143
73,23,1000,2,3.42,4,0.05506140280142426
73,24,1000,1,2.47,1,0.0550614669919014
73,25,1000,2,2.7,3,0.05506270456686616
73,26,1000,2,3.78,7,0.05506327421963215
73,27,1000,1,2.46,1,0.055062923580408096
73,28,1000,1,2.6,3,0.055061676133424046
73,29,1000,1,2.52,1,0.05506240203976631
74,1,1000,3,4.32,3,-0.1383918419778347
74,2,1000,3,3.63,3,-0.1383909011632204
74,3,1000,3,3.73,3,-0.13838953317701816
74,4,1000,3,2.9,1,-0.13838879644870758
74,5,1000,2,2.97,4,-0.1383879695236683
74,6,1000,3,4.02,2,-0.13838845969736577
74,7,1000,3,5.99,5,-0.1383880973160267
74,8,1000,3,5.21,6,-0.13838870246708393
74,9,1000,3,3.84,3,-0.13838852252066136
74,10,1000,3,4.51,2,-0.13838884934782983
74,11,1000,2,3.35,7,-0.13838913132250308
74,12,1000,3,3.05,1,-0.13838914476335049
74,13,1000,4,4.31,4,-0.138389357984066
74,14,1000,3,4.03,4,-0.13838875392079353
74,15,1000,3,5.45,5,-0.1383887490183115
74,16,1000,3,4.99,3,-0.13838862179219721
74,17,1000,3,9.31,6,-0.13838786295056343
74,18,1000,3,4.44,2,-0.1383879568427801
74,19,1000,2,3.34,7,-0.13838863813877106
74,20,1000,3,5.65,3,-0.1383884916305542
74,21,1000,3,4.44,3,-0.13838790966570377
74,22,1000,3,6.21,2,-0.13838835400342941
74,23,1000,3,3.76,2,-0.1383887738287449
74,24,1000,2,5.29,10,-0.13839067348837852
74,25,1000,3,4.09,3,-0.13839104169607164
74,26,1000,3,4.09,2,-0.13839198330044747
74,27,1000,3,4.74,3,-0.13839282321929933
74,28,1000,3,4.82,3,-0.13839297112822532
74,29,1000,3,4.01,2,-0.1383934805393219
74,30,1000,2,3.18,3,-0.13839377292990684
74,31,1000,4,4.68,2,-0.13839311921596528
74,32,1000,2,6.55,17,-0.1383924412727356
74,33,474,3,10.0,2,-0.1383931316466774
74,34,1000,3,3.6,1,-0.13839078764617443
74,35,1000,1,3.06,10,-0.138391823887825
74,36,1000,2,4.72,2,-0.13839446982741355
74,37,1000,2,5.26,2,-0.1383947970420122
74,38,1000,3,7.01,1,-0.13839427052438258
74,39,1000,4,5.53,1,-0.13839554700255394
74,40,1000,4,4.47,1,-0.13839585801959037
74,41,1000,4,5.67,1,-0.1383956355601549
74,42,1000,4,3.72,1,-0.1383955103158951
74,43,1000,4,4.75,1,-0.13839552669227123
74,44,1000,1,2.51,1,-0.1383948028087616
75,1,1000,3,4.37,3,-0.04069217396900058
75,2,1000,3,4.06,3,-0.040692503795027736
75,3,1000,4,4.62,3,-0.040692944705486296
75,4,1000,3,3.03,2,-0.04069317456334829
75,5,1000,2,2.53,1,-0.040693338960409164
75,6,1000,1,2.57,2,-0.04069337811693549
75,7,1000,2,3.41,5,-0.04069366263970733
75,8,178,4,10.04,6,-0.04069448743810814
75,9,1000,3,3.39,1,-0.040695075817406175
75,10,1000,2,2.65,1,-0.040695107750594615
75,11,1000,1,2.48,1,-0.04069558158516884
75,12,1000,2,2.97,3,-0.04069639200344682
75,13,1000,2,2.78,1,-0.04069666823744774
75,14,1000,2,3.64,4,-0.04069677622616291
75,15,1000,2,4.34,4,-0.04069659757986665
75,16,174,4,10.06,4,-0.04069734345479258
75,17,168,5,10.01,3,-0.040698444138148
75,18,1000,4,3.28,2,-0.04069950087741017
75,19,1000,4,8.33,5,-0.04069982603192329
75,20,1000,4,5.74,3,-0.04069967395812273
75,21,1000,3,2.62,1,-0.04069918394088745
75,22,1000,4,5.04,1,-0.04069923736900091
75,23,1000,3,5.65,9,-0.04070019588619471
75,24,1000,3,3.94,5,-0.04070089551061392
75,25,1000,3,5.78,4,-0.040702012855559584
75,26,199,6,10.01,3,-0.040703018818368866
75,27,194,6,10.02,3,-0.04070346385778226
75,28,1000,5,7.18,2,-0.04070301950350404
75,29,1000,4,6.35,2,-0.040702784277498724
75,30,1000,3,5.74,9,-0.040702790413051845
75,31,1000,4,4.81,4,-0.04070329781621695
75,32,1000,3,2.76,1,-0.04070240932703018
75,33,1000,3,2.75,1,-0.04070262712612748
75,34,1000,4,3.2,2,-0.040703277163207534
75,35,1000,4,3.79,3,-0.04070382146164775
75,36,1000,3,3.5,4,-0.040703809153288605
75,37,1000,2,2.67,2,-0.04070426896214485
75,38,1000,2,4.12,3,-0.0407043038867414
75,39,1000,2,3.4,3,-0.04070442995801568
75,40,639,5,10.0,3,-0.04070488970977413
75,41,1000,3,2.8,1,-0.04070459733903408
75,42,1000,3,4.46,6,-0.04070538180321455
75,43,1000,6,9.12,2,-0.04070600597187877
75,44,1000,2,2.99,1,-0.040705912545323374
75,45,1000,4,3.82,2,-0.040706136867403986
75,46,1000,5,4.07,1,-0.04070640018209815
75,47,1000,4,3.13,2,-0.04070621682330966
75,48,1000,3,4.14,1,-0.04070790787413716
75,49,200,3,10.01,5,-0.0407088303565979
75,50,1000,5,6.72,2,-0.04070926183089614
75,51,1000,3,2.97,2,-0.04070874925330281
75,52,1000,4,9.52,7,-0.040709220558404924
75,53,1000,5,3.64,1,-0.040709509041160344
75,54,178,4,10.07,3,-0.040709803341312356
75,55,1000,2,3.43,4,-0.04070868007466197
75,56,1000,2,2.85,1,-0.0407089371457696
75,57,1000,2,3.06,5,-0.04071008962392807
75,58,1000,2,2.96,1,-0.04070968324691057
75,59,1000,2,2.66,1,-0.04070967363193631
75,60,1000,2,2.85,1,-0.04070765994861722
75,61,1000,4,2.94,3,-0.04071023646742106
75,62,1000,1,2.53,1,-0.0407087542116642
76,1,1000,3,4.23,3,-0.06648226930946112
76,2,1000,3,3.36,3,-0.06648205301910638
76,3,1000,3,4.83,3,-0.06648177113384009
76,4,1000,4,6.11,3,-0.06648207561671735
76,5,1000,3,4.82,2,-0.06648196475952864
76,6,1000,3,4.35,2,-0.06648213988542556
76,7,1000,2,3.55,2,-0.06648243279755116
76,8,1000,3,5.63,4,-0.06648214732855559
76,9,1000,4,9.05,7,-0.06648189217597246
76,10,1000,3,5.74,4,-0.06648210572451353
76,11,1000,3,4.47,3,-0.0664820616915822
76,12,1000,3,4.33,3,-0.06648201820999385
76,13,1000,3,4.96,2,-0.06648189289867878
76,14,1000,2,3.28,7,-0.06648152782768012
76,15,1000,2,4.13,4,-0.06648121933639049
76,16,1000,3,5.96,2,-0.0664812776595354
76,17,1000,2,3.43,3,-0.06648154492676259
76,18,1000,2,4.77,3,-0.0664820044785738
76,19,1000,2,4.85,10,-0.06648163889348507
76,20,1000,3,4.09,1,-0.06648108624666929
76,21,953,3,10.0,4,-0.06648184305129247
76,22,1000,2,3.81,3,-0.06648152838647366
76,23,1000,2,3.6,3,-0.06648201710730792
76,24,1000,3,4.02,1,-0.06648202831298113
76,25,1000,4,8.33,5,-0.06648189522325992
76,26,1000,3,4.27,2,-0.06648252522200346
76,27,1000,3,9.29,4,-0.06648291712999344
76,28,1000,3,6.85,6,-0.06648280241340399
76,29,1000,2,4.05,6,-0.06648257369548083
76,30,1000,3,3.9,4,-0.06648242556303739
76,31,1000,2,3.55,4,-0.06648277826607227
76,32,1000,3,2.86,1,-0.06648470024764538
76,33,1000,3,3.5,1,-0.06648441985994577
76,34,1000,2,3.09,3,-0.06648526135087013
76,35,1000,2,2.76,3,-0.06648535753786564
77,1,1000,3,4.23,3,0.1046193211004138
77,2,1000,3,3.26,2,0.10461941950768232
77,3,1000,3,3.57,2,0.10461938794702291
77,4,1000,3,3.15,4,0.10461952361464501
77,5,1000,2,2.99,5,0.10461959750205278
77,6,1000,3,3.67,4,0.10461957807838916
77,7,1000,3,2.82,1,0.10461945483833551
77,8,1000,3,2.82,1,0.10461910980939865
77,9,1000,3,3.08,1,0.10461868987977505
77,10,1000,3,7.49,4,0.10461852688342332
77,11,1000,2,4.57,3,0.10461812049895525
77,12,1000,2,4.66,6,0.10461790036410093
77,13,1000,3,4.02,3,0.10461783701926469
77,14,277,4,10.0,4,0.10461770038419682
77,15,1000,2,3.21,3,0.10461797758191824
77,16,198,4,10.03,3,0.10461787789156943
77,17,1000,5,4.02,2,0.10461841792613268
77,18,1000,2,4.35,7,0.10461859517544508
77,19,1000,2,3.37,2,0.10461878433823585
77,20,1000,2,4.06,5,0.10461851508915425
77,21,1000,2,2.94,2,0.10461889091134072
77,22,1000,2,2.75,1,0.10461917692422867
77,23,1000,2,3.02,2,0.1046197706013918
77,24,1000,1,2.61,3,0.10462036216259003
77,25,1000,1,2.64,3,0.10462062554806471
77,26,1000,1,2.61,3,0.10462061178684234
77,27,1000,3,4.84,3,0.10462050225585699
77,28,1000,3,4.78,3,0.1046202877536416
77,29,1000,3,3.78,2,0.10462058822065592
77,30,1000,3,3.92,4,0.10462079489976167
77,31,1000,2,2.76,3,0.10462081316113472
77,32,1000,2,2.66,2,0.10462114126980304
78,1,1000,3,4.32,3,0.027394728507846595
78,2,1000,3,3.4,3,0.027394870199263097
78,3,1000,3,3.84,3,0.027395637439563872
78,4,1000,3,3.77,3,0.027396172905340792
78,5,1000,3,3.7,3,0.0273967303019017
78,6,1000,3,3.77,2,0.027397629452869297
78,7,1000,3,3.82,2,0.027398249769583344
78,8,1000,4,4.47,2,0.027398459555581213
78,9,1000,4,4.58,2,0.02739869459532201
78,10,1000,4,3.53,1,0.02739982430823147
78,11,1000,4,3.57,1,0.027400647602975368
78,12,1000,4,3.54,1,0.027401539471000432
78,13,1000,4,3.58,1,0.027402553789317607
78,14,1000,4,3.55,1,0.0274040103238076
78,15,1000,4,3.56,1,0.027405436353757976
78,16,1000,4,3.54,1,0.02740766103938222
78,17,1000,4,3.55,1,0.027407977858558297
78,18,1000,4,3.55,1,0.02741002848558128
78,19,1000,4,3.53,1,0.02741224369034171
78,20,1000,4,3.55,1,0.027413652762770652
78,21,1000,4,3.56,1,0.027414585042744875
78,22,1000,4,3.59,1,0.027417246067896486
78,23,1000,4,3.54,1,0.02742000678367913
78,24,1000,4,3.59,1,0.027419692458584905
78,25,1000,4,3.53,1,0.02742134132422507
78,26,1000,4,3.52,1,0.027422875145450235
78,27,1000,3,3.28,1,0.027426052970811726
78,28,1000,4,6.97,5,0.027429318321868776
78,29,1000,5,5.35,1,0.02743312168121338
78,30,1000,4,3.54,1,0.02743147024512291
78,31,1000,3,3.28,1,0.027433916023001076
78,32,1000,4,3.94,2,0.02742436064593494
78,33,1000,3,6.29,10,0.027418805120512844
78,34,1000,3,3.53,3,0.027421839518472553
78,35,1000,3,3.54,3,0.027423959778621793
78,36,1000,3,3.54,3,0.027427277406677605
78,37,1000,4,4.49,3,0.02742991337366402
78,38,1000,3,8.6,1,0.027431882381439208
78,39,221,4,10.0,1,0.027433302700182433
78,40,205,4,10.06,1,0.027435719957802356
78,41,233,4,10.0,1,0.027438167754416813
78,42,193,4,10.0,1,0.027441073469624617
78,43,171,4,10.04,3,0.02744411552945773
78,44,1000,5,7.81,1,0.027441979514434934
78,45,1000,5,6.21,1,0.027444936409592627
78,46,627,5,10.0,1,0.027448383244601162
78,47,1000,5,7.81,1,0.027451109746471046
78,48,1000,5,7.8,1,0.027453133722767233
78,49,1000,5,7.78,1,0.02745555287413299
78,50,1000,5,7.79,1,0.027458178685978055
78,51,1000,5,7.83,1,0.027458187712356447
78,52,187,5,10.02,1,0.02746000991546534
78,53,191,5,10.02,1,0.027461926720997426
78,54,184,5,10.04,1,0.027465151602645285
78,55,190,5,10.03,1,0.02746783045953826
78,56,190,5,10.0,1,0.02747138667067415
78,57,190,5,10.02,1,0.02747315505617543
78,58,162,4,10.04,1,0.027475154372277082
78,59,186,5,10.04,1,0.027478575085600216
78,60,161,4,10.01,1,0.027477015203200512
78,61,162,4,10.01,1,0.02748102467093203
78,62,158,4,10.05,1,0.027481423478715027
78,63,200,4,10.04,20,0.027487455308437346
78,64,1000,5,9.79,1,0.027486563127487897
78,65,1000,5,9.74,1,0.027488716723397373
78,66,1000,5,9.79,1,0.027492387767881155
78,67,1000,5,9.79,1,0.027497306352481245
78,68,1000,5,9.76,1,0.027502530874684454
78,69,1000,5,9.79,1,0.027506942925974727
78,70,1000,5,9.75,1,0.027511789206415414
78,71,1000,5,9.81,1,0.02751690560206771
78,72,1000,5,9.69,1,0.027521485019475222
78,73,1000,5,9.7,1,0.027525494497269393
78,74,1000,5,9.74,1,0.027530074890702964
78,75,1000,5,9.69,1,0.02753445577993989
78,76,1000,5,9.72,1,0.02753869222663343
78,77,1000,5,9.73,1,0.027542625170201063
78,78,1000,5,9.75,1,0.02754659222997725
78,79,1000,5,9.75,1,0.027550309240818024
78,80,1000,5,9.94,1,0.027554307011887432
78,81,1000,5,9.65,1,0.027558317631483076
78,82,1000,5,9.72,1,0.027562396416440607
78,83,1000,5,9.7,1,0.02756550627015531
78,84,1000,5,9.76,1,0.02756916780024767
78,85,1000,5,9.78,1,0.027572689071297646
78,86,1000,5,9.75,1,0.027577162636443973
78,87,1000,5,9.81,1,0.02758230635151267
78,88,1000,5,9.77,1,0.02758630820736289
78,89,1000,5,9.81,1,0.027589962866157294
78,90,1000,5,9.71,1,0.027593913896009327
78,91,1000,5,9.84,1,0.027598534420132638
78,92,1000,5,9.76,1,0.0276019886136055
78,93,1000,5,9.76,1,0.02760568645596504
78,94,1000,5,9.79,1,0.0276100620534271
78,95,1000,5,9.81,1,0.027613539537414907
78,96,1000,5,9.75,1,0.02761657393351197
78,97,1000,5,9.8,1,0.027620415115728974
78,98,1000,5,9.7,1,0.027624094707891345
78,99,1000,5,9.71,1,0.02762733838148415
78,100,1000,5,9.83,1,0.02763057751022279
78,101,1000,5,9.74,1,0.027634226063266397
78,102,1000,5,9.76,1,0.027637422556057573
78,103,1000,5,9.78,1,0.02764122743718326
78,104,1000,5,9.79,1,0.027644309874624014
78,105,1000,5,9.86,1,0.027648348864167928
78,106,1000,5,9.84,1,0.027651708135381342
78,107,1000,5,9.76,1,0.027655247151851654
78,108,1000,5,9.76,1,0.027658309157937766
78,109,1000,5,9.76,1,0.02766249655932188
78,110,1000,5,9.87,1,0.027665899254381655
78,111,1000,5,9.82,1,0.027669518949463963
78,112,1000,5,9.71,1,0.02767338291555643
78,113,1000,5,9.67,1,0.027677203109487892
78,114,1000,5,9.75,1,0.027680570889264344
78,115,1000,5,9.69,1,0.027683595862239598
78,116,1000,5,9.77,1,0.02768720795586705
78,117,1000,5,9.73,1,0.027691861111670733
78,118,1000,5,9.74,1,0.027695255413651466
78,119,1000,5,9.73,1,0.027698859203606842
78,120,1000,5,9.86,1,0.02770307298563421
78,121,1000,5,9.85,1,0.027706618087366224
78,122,1000,5,9.74,1,0.02770999143831432
78,123,1000,5,9.85,1,0.02771339663490653
78,124,1000,5,9.8,1,0.0277166585624218
78,125,1000,5,9.77,1,0.027720074225217103
78,126,1000,5,9.87,1,0.02772494051232934
78,127,1000,5,9.79,1,0.027728691417723893
78,128,1000,5,9.73,1,0.027731823593378068
78,129,1000,5,9.81,1,0.0277362821996212
78,130,1000,5,9.92,1,0.027739840237423777
78,131,1000,5,9.89,1,0.027743500562384723
78,132,1000,5,9.72,1,0.02774649822153151
78,133,1000,5,9.72,1,0.027749146204441785
78,134,1000,5,9.83,1,0.02775266005471349
78,135,1000,5,9.86,1,0.02775673794746399
78,136,1000,5,9.73,1,0.02775948909111321
78,137,1000,5,9.75,1,0.02776297088712454
78,138,1000,5,9.7,1,0.02776698308624327
78,139,1000,5,9.71,1,0.02777008277736604
78,140,995,5,10.0,1,0.02777313770698243
78,141,1000,5,9.69,1,0.027777187446132303
78,142,1000,5,9.74,1,0.027780202118679882
78,143,1000,5,9.77,1,0.02778401015512645
78,144,1000,5,9.83,1,0.027787891209125518
78,145,1000,5,9.71,1,0.027791227616369724
78,146,1000,5,9.81,1,0.02779459743387997
78,147,1000,5,9.72,1,0.02779819693416357
78,148,1000,5,9.77,1,0.027801840368658303
78,149,1000,5,9.72,1,0.02780569145269692
78,150,1000,5,9.7,1,0.027809344599023463
78,151,1000,5,9.9,1,0.027813292622566224
78,152,1000,5,9.79,1,0.027816500687971712
78,153,1000,5,9.73,1,0.027820331471040845
78,154,1000,5,9.72,1,0.027823418494313957
78,155,1000,5,9.77,1,0.027826338952407242
78,156,1000,5,9.68,1,0.0278297738712281
78,157,1000,5,9.78,1,0.027832647269591688
78,158,1000,5,9.81,1,0.027836551574990154
78,159,1000,5,9.77,1,0.027840001173317433
78,160,1000,5,9.88,1,0.027842700757086277
78,161,1000,5,9.73,1,0.027846848985180257
78,162,1000,5,9.7,1,0.027849583968520164
78,163,1000,5,9.75,1,0.027852560658007862
78,164,1000,5,9.73,1,0.027856408370658756
78,165,1000,5,9.71,1,0.02786028248257935
78,166,1000,5,9.66,1,0.027863266780972482
78,167,1000,5,9.73,1,0.027866002175956965
78,168,1000,5,9.98,1,0.027869020910933615
78,169,819,5,10.0,1,0.02787259335246424
78,170,152,4,10.0,2,0.02781698106493997
78,171,149,3,10.04,5,0.027793826635351918
79,1,1000,3,4.23,3,-0.011374245051294566
79,2,1000,3,3.95,2,-0.011373931681737304
79,3,1000,3,3.45,2,-0.011373849788680673
79,4,1000,3,3.31,2,-0.011373949810862542
79,5,1000,2,2.76,3,-0.011373675482347608
79,6,1000,1,2.6,3,-0.01137364392541349
79,7,1000,1,2.69,4,-0.011373257772997022
79,8,1000,2,3.13,4,-0.0113735739197582
79,9,1000,2,3.7,3,-0.011373372204601764
79,10,1000,2,2.77,2,-0.011374262919649481
79,11,1000,1,2.55,2,-0.011374532470479608
79,12,576,4,10.0,3,-0.011374137445171881
79,13,1000,4,5.93,3,-0.011374260399490594
79,14,1000,4,6.66,2,-0.011374540777876974
79,15,245,6,10.01,2,-0.011374511885247669
79,16,1000,3,4.07,2,-0.011374361082911491
79,17,1000,1,2.59,2,-0.011374490320682525
79,18,1000,2,3.43,3,-0.011375412801280618
79,19,1000,3,4.2,4,-0.011375434577465057
79,20,1000,5,5.07,3,-0.011375478928908707
79,21,193,4,10.06,4,-0.011375820027770465
79,22,234,5,10.02,5,-0.011375568114603177
79,23,1000,2,3.44,2,-0.01137533306889236
79,24,183,4,10.04,10,-0.0113753287447362
79,25,1000,3,5.71,5,-0.011375416906550527
79,26,184,5,10.03,4,-0.01137532658227112
79,27,169,5,10.05,3,-0.011375857963496765
79,28,162,4,10.07,4,-0.011375976163020104
79,29,1000,4,7.39,2,-0.011375919722020626
79,30,1000,3,3.8,3,-0.01137582078948617
79,31,896,3,10.0,5,-0.011375729316828906
79,32,1000,2,4.15,5,-0.011375493502244354
79,33,1000,4,6.75,3,-0.011375018786638975
80,1,1000,3,4.31,3,0.03298861322924495
80,2,1000,3,3.02,2,0.03298880261555314
80,3,1000,3,3.69,3,0.03298919090628624
80,4,1000,3,3.76,3,0.032989298805594446
80,5,1000,3,3.41,3,0.03298928214982152
80,6,1000,3,6.68,7,0.03299035722762346
80,7,1000,4,7.21,2,0.03299068570509553
80,8,1000,3,5.62,6,0.03299041038006544
80,9,1000,2,3.2,3,0.03299016322568059
80,10,1000,3,5.54,3,0.03298984711617231
80,11,1000,3,6.46,5,0.03298950770497322
80,12,1000,3,4.31,2,0.032989576485008
80,13,1000,5,6.12,2,0.03298991303518414
80,14,1000,4,3.92,5,0.032989668406546116
80,15,1000,2,2.7,1,0.03298933609575033
80,16,1000,2,4.0,3,0.03299003669247031
80,17,1000,3,3.72,3,0.03298936349526048
80,18,1000,3,4.46,4,0.03298971106857061
80,19,1000,3,9.22,7,0.032990264438092706
80,20,1000,2,4.37,4,0.03299042228236795
80,21,174,4,10.06,5,0.03299002876055652
80,22,573,5,10.0,2,0.03299035978410881
80,23,1000,4,5.96,3,0.032990754418075086
80,24,229,4,10.05,4,0.03299023718552818
80,25,1000,4,4.8,9,0.03299036241695285
80,26,1000,2,2.78,1,0.03299003426730633
80,27,1000,3,6.32,4,0.03298949821665883
80,28,1000,2,3.68,4,0.03298866267874837
80,29,1000,1,2.65,4,0.03298894891142845
80,30,1000,1,2.67,4,0.03298900569230318
80,31,1000,2,3.0,3,0.032989725522696974
80,32,1000,2,3.35,4,0.03298912740126252
80,33,1000,1,2.52,1,0.03298931196331978
80,34,1000,2,3.38,3,0.03298911704868078
80,35,1000,1,2.47,1,0.03298822045326233
80,36,1000,2,3.0,1,0.03298779150098562
80,37,1000,1,2.58,2,0.032988044805824755
80,38,1000,1,2.62,3,0.032983715746551755
80,39,1000,1,2.56,2,0.03298416963964701
80,40,1000,1,2.59,3,0.032980480756610635
80,41,1000,1,2.6,3,0.032982192233204845
80,42,1000,4,6.82,6,0.03298012414202094
80,43,1000,1,2.6,3,0.032980301141738895
80,44,1000,1,2.53,2,0.03297639163210988
80,45,1000,1,2.58,3,0.03297843707725406
80,46,1000,1,2.52,2,0.03297647931799293
80,47,1000,1,2.58,3,0.03297662773355842
80,48,1000,1,2.64,3,0.03297651579603553
80,49,1000,4,5.04,3,0.03297644133493304
80,50,1000,2,2.53,1,0.03297590836882591
81,1,1000,3,4.31,3,0.13102311243116854
81,2,1000,3,3.83,2,0.13102351659536363
81,3,1000,3,2.89,1,0.1310235230922699
81,4,1000,1,2.52,1,0.13102319836616516
81,5,1000,1,2.68,4,0.13102293749153615
81,6,1000,3,3.83,3,0.13102264295518398
81,7,1000,1,2.56,2,0.1310224650800228
81,8,1000,1,2.6,2,0.13102199003100395
81,9,1000,3,6.83,4,0.13102151015400887
81,10,1000,3,4.58,2,0.1310214035063982
81,11,1000,3,5.59,3,0.13102128702402116
81,12,1000,1,2.75,5,0.1310213139951229
81,13,1000,1,2.75,5,0.13102064204216005
81,14,1000,2,3.88,5,0.1310201740860939
81,15,1000,3,4.89,3,0.1310201269686222
81,16,1000,2,3.23,4,0.13101997995376588
81,17,1000,4,6.95,2,0.13101994520425797
81,18,1000,4,4.29,4,0.13102005665004254
81,19,1000,4,6.07,4,0.13101954947412014
81,20,1000,2,3.15,2,0.13101898069679738
81,21,1000,2,3.1,2,0.1310185664743185
81,22,1000,2,4.99,5,0.1310183885395527
81,23,1000,2,3.13,2,0.13101866851747035
81,24,1000,1,2.83,6,0.1310185866802931
81,25,1000,1,2.81,6,0.1310183679461479
81,26,1000,2,5.07,7,0.13101809011399745
81,27,1000,2,5.34,8,0.13101795291900634
81,28,1000,4,5.98,3,0.13101798984408378
81,29,1000,2,4.58,4,0.1310174645036459
81,30,1000,4,4.99,2,0.13101684859395027
81,31,1000,3,3.63,4,0.13101668319106102
81,32,1000,2,3.48,2,0.13101599025726318
81,33,1000,3,7.7,4,0.1310157289803028
81,34,1000,2,3.05,3,0.13101545053720473
81,35,1000,2,3.57,4,0.1310151991993189
81,36,1000,2,3.39,4,0.1310146927833557
81,37,1000,4,7.49,3,0.1310147435516119
81,38,1000,4,3.37,2,0.13101467901468278
82,1,1000,3,4.33,3,0.14451013238728047
82,2,1000,3,3.23,2,0.14451105119287969
82,3,1000,2,3.03,3,0.1445118170082569
82,4,1000,3,3.05,2,0.14451244497299195
82,5,1000,3,3.33,3,0.14451241704821588
82,6,1000,2,2.75,1,0.14451235553622246
82,7,1000,2,2.86,2,0.14451273122429847
82,8,1000,3,4.07,3,0.14451316305994988
82,9,1000,3,3.99,5,0.1445129286646843
82,10,1000,3,3.66,3,0.14451271918416023
83,1,1000,3,4.33,3,0.014346847442910076
83,2,1000,3,3.13,2,0.014345490703359247
83,3,1000,3,3.28,3,0.014344834662973881
83,4,1000,2,2.88,3,0.014344425751827657
83,5,1000,3,3.33,3,0.014343919897451997
83,6,1000,3,3.26,2,0.014343472840264439
83,7,1000,2,2.77,1,0.014342597410082817
83,8,1000,2,3.2,1,0.014341870440170169
83,9,1000,2,2.75,2,0.014340850997716188
83,10,1000,3,5.05,7,0.014340371954254806
83,11,1000,2,3.59,3,0.014340429557487369
83,12,1000,4,3.87,2,0.014340463240630924
83,13,1000,4,3.68,1,0.014340301057323814
83,14,1000,3,2.87,2,0.014338437700644135
83,15,1000,1,2.63,2,0.014336915336549282
83,16,1000,1,2.69,3,0.014336575977504254
83,17,1000,3,4.41,1,0.014336172014474869
83,18,1000,3,3.12,1,0.014336175607517362
83,19,1000,2,2.87,2,0.01433535473793745
83,20,1000,2,2.83,3,0.01433397231809795
83,21,1000,1,2.6,1,0.014332341030240059
84,1,1000,3,4.23,3,0.11996480102837086
84,2,1000,3,3.24,3,0.11996389044821262
84,3,1000,3,3.38,3,0.11996393297612667
84,4,1000,3,3.33,3,0.11996408864110708
84,5,1000,3,3.26,3,0.11996398235857486
84,6,1000,3,6.55,5,0.11996410222351551
84,7,1000,3,4.95,3,0.11996419641375541
84,8,1000,3,5.63,3,0.11996416365355253
84,9,1000,3,4.88,4,0.11996450859308243
84,10,1000,3,4.11,2,0.11996438232064247
84,11,1000,2,3.69,5,0.11996460810303688
84,12,1000,2,3.68,5,0.11996473571658134
84,13,1000,3,7.56,4,0.11996453449875116
84,14,1000,4,7.18,3,0.1199647906050086
84,15,1000,2,3.69,5,0.11996480263769627
84,16,1000,2,3.98,6,0.11996484600752592
84,17,1000,3,7.65,4,0.11996473564207553
84,18,1000,4,6.64,3,0.119964959718287
84,19,1000,2,4.26,7,0.11996494026482105
84,20,1000,3,7.37,3,0.11996561101824045
84,21,1000,3,6.57,5,0.11996556687355041
84,22,192,4,10.01,8,0.11996599383807431
84,23,1000,4,8.75,2,0.1199658324494958
84,24,1000,5,8.09,3,0.11996538423746825
84,25,1000,5,6.57,3,0.119964335501194
84,26,1000,3,3.92,7,0.11996476210653782
84,27,229,4,10.06,4,0.1199643541957093
84,28,1000,4,7.39,7,0.11996411085128784
84,29,183,5,10.06,3,0.11996396696144114
84,30,173,4,10.06,5,0.11996393525876062
84,31,1000,4,4.78,3,0.11996278288215399
84,32,594,5,10.0,4,0.11996270740022162
84,33,158,4,10.02,7,0.11996286956569817
84,34,179,4,10.02,7,0.11996291923289859
84,35,1000,3,3.48,3,0.1199627106487751
84,36,1000,1,2.64,3,0.11996334581077099
84,37,1000,2,3.85,4,0.1199636505022645
84,38,1000,2,4.64,3,0.11996334697306156
84,39,1000,3,9.81,3,0.11996392818540334
84,40,194,4,10.03,2,0.11996398685672849
84,41,1000,3,8.02,7,0.11996369329839945
84,42,148,4,10.03,3,0.11996352919251532
84,43,162,5,10.0,2,0.11996385064206005
84,44,161,3,10.03,10,0.11996379369719429
84,45,172,3,10.04,10,0.11996378693296465
84,46,1000,3,5.91,3,0.11996384627372027
84,47,1000,3,6.15,10,0.11996385483443738
84,48,1000,1,3.09,9,0.11996361323446035
85,1,1000,3,4.29,3,0.03697481033205986
85,2,1000,3,4.78,3,0.03697511596605182
85,3,1000,5,7.46,3,0.036974509965628385
85,4,1000,5,6.48,3,0.03697471444681287
85,5,1000,3,4.12,3,0.036974626168608665
85,6,1000,3,4.15,3,0.036974494986236096
85,7,1000,3,7.74,3,0.03697472418099642
85,8,1000,3,6.33,7,0.03697476539760828
85,9,1000,3,4.14,3,0.03697538666054606
85,10,1000,2,2.96,2,0.036976512484252454
85,11,1000,2,2.72,1,0.03697618319839239
85,12,1000,2,2.98,2,0.03697577580437064
85,13,1000,2,2.94,2,0.03697488951310515
85,14,1000,2,4.32,5,0.036974222801625725
85,15,1000,2,3.57,3,0.03697366082668305
85,16,1000,2,3.58,3,0.03697213789820671
85,17,1000,3,6.01,3,0.03697079958021641
85,18,1000,3,6.07,3,0.03697039452195167
85,19,1000,3,8.31,5,0.03696970720589161
85,20,1000,3,7.1,4,0.036969678685069084
85,21,1000,3,5.96,3,0.0369692093655467
85,22,1000,2,3.58,3,0.03696972115337849
85,23,1000,2,3.59,3,0.036969791863113645
85,24,1000,2,3.58,3,0.03696915004774928
85,25,189,4,10.04,12,0.03696852609042137
85,26,1000,3,5.14,3,0.03697136316820979
85,27,1000,3,5.21,3,0.036972208965569735
85,28,1000,4,5.48,4,0.03697129750624299
85,29,1000,1,2.68,4,0.03697640410065651
85,30,180,3,10.01,13,0.03697707042511966
85,31,180,4,10.04,3,0.036977602355182174
85,32,1000,3,9.71,4,0.03697716865688563
85,33,169,3,10.0,8,0.03697636580237976
85,34,1000,3,7.73,4,0.03697800411656499
85,35,1000,3,6.26,2,0.036977360881865026
85,36,1000,3,3.4,4,0.0369786201864481
85,37,1000,1,2.61,2,0.03697791342437267
86,1,1000,3,4.23,3,0.055286036264151336
86,2,1000,3,3.29,3,0.05528836055099964
86,3,1000,3,4.05,2,0.055290761474519966
86,4,1000,3,3.13,1,0.05529180049151182
86,5,1000,3,2.76,2,0.055292815752327445
86,6,1000,3,2.98,3,0.05529256204515696
86,7,1000,3,2.81,2,0.05529152218252421
86,8,1000,2,2.76,3,0.055291448894888164
86,9,1000,3,3.37,1,0.055291510697454214
86,10,1000,3,2.71,1,0.05529221172258258
86,11,1000,2,2.7,2,0.05529242447763681
86,12,1000,2,2.65,1,0.05529239947348833
86,13,1000,3,3.37,3,0.055291722178459166
86,14,1000,2,3.11,1,0.055293877836316827
86,15,1000,3,4.13,1,0.05529256002232432
86,16,1000,3,3.95,4,0.05529107097536325
86,17,1000,2,2.71,2,0.055291179448366166
86,18,1000,2,2.67,1,0.05529167884588242
86,19,1000,3,3.14,1,0.05529245611280203
86,20,1000,2,2.67,1,0.05529124264419079
86,21,1000,3,2.79,1,0.05529177362844348
86,22,1000,3,3.14,1,0.055292061623185874
86,23,1000,1,2.61,3,0.05529262606054544
86,24,1000,1,2.61,3,0.055292848024517297
86,25,1000,1,2.75,5,0.05529227615892887
86,26,1000,3,5.66,2,0.05529240715876221
86,27,1000,2,2.88,4,0.05529223220050335
86,28,1000,1,2.52,1,0.0552913136780262
87,1,1000,3,4.25,3,-0.07627124883234501
87,2,1000,3,3.22,2,-0.07627101419121027
87,3,1000,3,4.14,3,-0.07627095820009708
87,4,1000,2,2.76,1,-0.076270522095263
87,5,1000,3,4.11,3,-0.07627028544992208
87,6,1000,3,3.56,2,-0.07627010545879602
87,7,1000,2,2.71,2,-0.07627076756209135
87,8,1000,5,3.55,2,-0.07627098996192216
87,9,1000,5,3.68,3,-0.07627102798223495
87,10,1000,3,5.12,4,-0.07627140862494707
87,11,1000,1,2.65,4,-0.07627111750841141
87,12,1000,2,4.66,3,-0.07627066507190466
87,13,224,3,10.01,5,-0.07627048127220146
87,14,176,5,10.06,2,-0.07627035499635068
87,15,379,4,10.0,3,-0.07627053155826705
87,16,1000,4,4.34,3,-0.07627006033062934
87,17,1000,3,3.99,2,-0.0762705492824316
87,18,1000,3,9.13,7,-0.07627042761445045
87,19,1000,3,3.4,3,-0.07627080796658993
87,20,1000,2,3.48,4,-0.07627093783020973
87,21,1000,3,4.36,2,-0.07627076048403979
87,22,1000,2,3.53,4,-0.07627071949839592
87,23,1000,2,3.42,2,-0.07627072741091251
87,24,1000,3,3.58,2,-0.07626990313827992
87,25,218,6,10.04,3,-0.0762699434038149
87,26,795,5,10.0,3,-0.07626962417139198
87,27,1000,1,2.63,3,-0.07626993593573571
87,28,1000,2,4.64,3,-0.0762696336209774
87,29,1000,3,4.59,3,-0.07626930551230908
87,30,1000,3,2.97,3,-0.07626877227425576
87,31,1000,3,4.07,2,-0.07626854724436999
87,32,207,5,10.06,6,-0.07626861441826475
87,33,202,6,10.03,3,-0.07626803942246012
87,34,1000,5,3.18,1,-0.0762682588994503
87,35,1000,3,3.1,2,-0.07626849333941936
87,36,1000,3,2.74,2,-0.07626849604398012
87,37,1000,3,3.15,2,-0.07626855389028787
87,38,1000,4,5.84,3,-0.0762684005945921
87,39,1000,4,4.01,1,-0.07626808409392834
87,40,1000,4,5.74,3,-0.07626747778058052
87,41,1000,6,9.37,3,-0.07626781062781811
87,42,1000,4,3.24,1,-0.07626777439564467
87,43,1000,3,3.42,1,-0.07626785746216774
87,44,1000,3,3.61,1,-0.07626766109466553
87,45,1000,2,2.73,1,-0.07626774194836616
87,46,1000,4,3.81,1,-0.0762676910981536
87,47,1000,4,2.76,1,-0.07626777961850166
87,48,1000,3,2.66,1,-0.0762680172920227
87,49,1000,2,2.6,1,-0.07626774162054062
88,1,1000,3,4.23,3,-0.01183611296955496
88,2,1000,3,3.75,3,-0.01183565688598901
88,3,1000,3,4.69,3,-0.01183516599982977
88,4,1000,2,3.2,3,-0.011835054483264685
88,5,1000,2,3.21,3,-0.011835157603956759
88,6,1000,2,2.96,2,-0.011835185210220516
88,7,1000,2,3.57,3,-0.011835016705095769
88,8,1000,2,3.94,3,-0.011834847354330123
88,9,1000,1,2.59,3,-0.011834820948541165
88,10,1000,1,2.84,7,-0.011834840684197843
88,11,1000,2,3.78,3,-0.011834829477593303
88,12,1000,1,2.6,3,-0.01183459359779954
88,13,1000,1,2.58,3,-0.011834556173533201
88,14,1000,2,3.19,4,-0.011834375333972275
88,15,1000,1,2.86,7,-0.011834724866785109
88,16,1000,2,4.43,4,-0.011834950252436102
88,17,1000,3,3.58,3,-0.011835046757943928
88,18,1000,2,2.85,1,-0.01183456548769027
88,19,1000,2,3.37,3,-0.011834316493943333
88,20,1000,1,2.7,5,-0.011834199039265513
88,21,1000,2,3.45,5,-0.011834334876388311
88,22,1000,2,3.23,3,-0.011835084504447877
88,23,1000,2,3.77,3,-0.011835287452675402
88,24,1000,1,2.85,6,-0.011835566256195307
88,25,1000,1,2.6,3,-0.011836084805428982
88,26,1000,2,4.08,5,-0.011836594596505165
88,27,1000,1,2.75,5,-0.01183653308544308
88,28,1000,1,2.62,3,-0.011836618220433593
88,29,1000,2,3.94,3,-0.01183681108802557
88,30,1000,2,2.8,1,-0.011836481439881027
88,31,1000,2,2.69,1,-0.011837043798528612
88,32,1000,2,2.7,1,-0.011837602144107222
88,33,1000,1,2.64,3,-0.011837442547082902
88,34,1000,2,3.36,7,-0.011837611394003033
88,35,1000,1,2.5,1,-0.011837421916425228
89,1,1000,3,4.31,3,-0.11498821040987968
89,2,1000,3,3.66,3,-0.11498799461871385
89,3,1000,3,3.25,1,-0.11498844806849956
89,4,1000,3,2.83,1,-0.11498869410902261
89,5,1000,3,3.3,1,-0.11498840335011483
89,6,1000,2,2.96,2,-0.11498839134722948
89,7,1000,2,2.87,1,-0.1149880467876792
89,8,1000,3,3.05,1,-0.11498839332163334
89,9,1000,2,2.97,1,-0.11498849644511938
89,10,1000,2,3.24,1,-0.11498878629505635
89,11,1000,3,3.46,1,-0.11498911573737859
89,12,1000,2,3.37,1,-0.11498961392790079
89,13,1000,3,3.93,1,-0.11498954392969608
89,14,1000,2,3.51,5,-0.11499036861956119
89,15,1000,2,6.98,10,-0.11499093917757272
89,16,185,4,10.04,5,-0.11499148095781739
89,17,178,5,10.06,4,-0.11499217190266994
89,18,184,5,10.04,3,-0.1149929970016946
89,19,195,6,10.03,3,-0.11499347591247314
89,20,195,6,10.04,1,-0.11499483107756346
89,21,1000,4,5.43,3,-0.11499510342627764
89,22,1000,4,4.47,3,-0.11499379200488329
89,23,1000,3,3.69,4,-0.11499399868398905
89,24,1000,3,3.88,2,-0.11499401528388262
89,25,1000,4,6.14,4,-0.11499462492763995
89,26,1000,3,3.34,5,-0.1149954329431057
89,27,1000,3,5.67,1,-0.1149940442442894
89,28,1000,2,5.47,7,-0.11499296309798956
89,29,1000,2,4.34,3,-0.11499281571805477
89,30,1000,2,3.97,3,-0.11499443025887013
89,31,1000,2,3.4,3,-0.11499460783600807
89,32,971,2,10.0,23,-0.11499266270413826
89,33,151,3,10.07,5,-0.11499314419678505
89,34,1000,3,8.13,15,-0.1149946795925498
89,35,163,4,10.01,2,-0.11499429736400675
89,36,186,4,10.05,20,-0.11499314458780391
89,37,180,4,10.04,5,-0.1149929243657324
89,38,291,5,10.05,3,-0.11499224882252847
89,39,1000,4,6.43,5,-0.11499261639267207
89,40,1000,2,3.89,5,-0.11499171204864979
89,41,1000,2,5.21,10,-0.11499266348779201
89,42,1000,4,6.22,3,-0.11499313333630562
89,43,1000,4,6.54,4,-0.11499274601787329
89,44,276,5,10.0,1,-0.11499178344788759
89,45,1000,3,9.65,3,-0.11498979534953832
89,46,155,4,10.0,3,-0.11499117257133606
89,47,1000,4,6.81,3,-0.11499047800153493
89,48,1000,3,8.45,3,-0.11499014856666326
89,49,1000,2,4.53,3,-0.11499058287590742
89,50,1000,2,3.64,1,-0.11499225671589375
89,51,910,2,10.0,6,-0.1149914427117987
89,52,721,2,10.0,6,-0.11499216975889656
89,53,317,2,10.0,6,-0.11499280223993097
89,54,1000,2,7.21,3,-0.11499410685896873
89,55,287,2,10.0,6,-0.11499432819645579
89,56,1000,2,5.24,11,-0.11499640706181526
89,57,1000,1,2.68,3,-0.11499461065232754
90,1,1000,3,4.49,3,-0.11641306634247303
90,2,1000,3,4.68,3,-0.11641284622997046
90,3,1000,4,4.44,3,-0.11641257917881012
90,4,1000,4,3.8,3,-0.1164125066101551
90,5,1000,1,2.6,3,-0.11641239775717259
90,6,1000,3,6.54,3,-0.1164121208190918
90,7,185,3,10.04,8,-0.11641215436361932
90,8,1000,3,3.65,1,-0.11641183583438397
90,9,1000,3,3.38,1,-0.1164113996103406
90,10,1000,3,3.34,1,-0.1164106472954154
90,11,1000,3,4.76,1,-0.11641011676192284
90,12,1000,3,4.22,5,-0.11641005533933639
90,13,1000,3,6.68,3,-0.11641083543747663
90,14,213,4,10.02,3,-0.1164116790876702
90,15,1000,3,4.7,4,-0.11641195344924926
90,16,1000,2,2.95,2,-0.11641173154115676
90,17,177,5,10.02,3,-0.11641196565607846
90,18,409,7,10.0,3,-0.11641135055817718
90,19,1000,4,9.12,8,-0.11640998795628547
90,20,188,6,10.03,5,-0.11641055436685999
90,21,175,5,10.01,4,-0.11641099623271398
90,22,1000,4,9.55,7,-0.11641118187457324
90,23,199,5,10.04,3,-0.11641216585085021
90,24,224,4,10.01,4,-0.11641252752659577
90,25,171,4,10.05,3,-0.1164131053445632
90,26,1000,2,3.56,3,-0.11641241335123777
90,27,1000,3,4.95,3,-0.11641126752644777
90,28,170,4,10.03,4,-0.11641069199232494
90,29,1000,2,3.26,4,-0.11641022588312626
90,30,1000,4,3.7,2,-0.11641062068194151
90,31,1000,1,3.96,24,-0.11641045086085797
90,32,1000,2,6.74,3,-0.11641005483269691
90,33,185,2,10.04,7,-0.1164109916300387
90,34,147,3,10.04,3,-0.11641178873120522
90,35,188,4,10.06,3,-0.1164122074049838
90,36,1000,4,8.45,3,-0.11641183453798294
90,37,1000,3,5.56,3,-0.11641176991164684
90,38,177,4,10.01,5,-0.11641097270836265
90,39,179,4,10.04,3,-0.11641026184212562
90,40,182,4,10.01,3,-0.11641089270239348
90,41,161,4,10.05,4,-0.11641191834618586
90,42,174,4,10.03,7,-0.11641154922116762
90,43,185,5,10.03,6,-0.11641137297894504
90,44,206,5,10.07,12,-0.11641089527786357
90,45,1000,3,7.5,3,-0.1164106764793396
90,46,157,4,10.05,3,-0.11640915203436165
91,1,1000,3,4.29,3,-0.010519400080665946
91,2,1000,3,3.32,3,-0.010518450777977705
91,3,1000,3,4.04,2,-0.010517473883926869
91,4,1000,3,4.08,2,-0.010516441775485873
91,5,1000,3,4.08,2,-0.010515939952805638
91,6,1000,3,3.27,1,-0.010514857523143292
91,7,1000,3,4.2,2,-0.01051302521675825
91,8,1000,2,3.29,3,-0.010512047369033098
91,9,1000,2,3.26,3,-0.01051125543192029
91,10,1000,2,3.25,3,-0.010511181006208061
91,11,1000,3,5.02,3,-0.010510249038226902
91,12,1000,4,7.41,3,-0.010510241653770208
91,13,328,5,10.03,2,-0.010507073111423269
91,14,1000,5,8.63,2,-0.010506043823435902
91,15,1000,2,4.53,4,-0.010503540562465786
91,16,1000,2,5.03,5,-0.010502208285033702
91,17,1000,2,4.36,7,-0.010500278249382973
91,18,1000,2,3.05,3,-0.010501119766384364
91,19,1000,2,3.12,3,-0.010499251827597618
91,20,1000,2,3.88,11,-0.01049570114351809
91,21,150,4,10.0,3,-0.010498172454535961
91,22,1000,3,5.15,3,-0.01050354589521885
91,23,317,4,10.0,3,-0.010500803172635355
91,24,286,4,10.0,4,-0.010498673355506433
91,25,207,4,10.01,17,-0.010498216690648581
91,26,159,4,10.03,3,-0.0104969979011975
91,27,263,4,10.02,14,-0.010496662717185093
91,28,1000,4,6.36,14,-0.010496417682617902
92,1,1000,3,4.39,3,-0.020901165559887885
92,2,1000,3,4.01,3,-0.020902826512232422
92,3,1000,2,3.0,3,-0.020904070170596242
92,4,1000,3,3.82,3,-0.020905168840661646
92,5,1000,5,8.56,3,-0.020906228126958012
92,6,1000,5,5.94,3,-0.020907294237986207
92,7,1000,5,5.77,4,-0.020907520627602934
92,8,1000,5,5.94,8,-0.020907168030738832
92,9,1000,2,3.22,3,-0.020907348515465857
92,10,1000,3,3.86,2,-0.02090763045102358
92,11,1000,2,3.25,2,-0.020907983718439938
92,12,216,4,10.0,4,-0.020908492556945595
92,13,174,4,10.03,4,-0.020908735093029065
92,14,1000,3,3.67,3,-0.020909242061898113
92,15,1000,3,3.66,1,-0.020910065054893495
92,16,1000,2,3.73,2,-0.020910868722945453
92,17,1000,4,6.92,4,-0.020910057697445153
92,18,160,4,10.01,5,-0.020909852301701903
92,19,160,4,10.04,5,-0.020909703779034318
92,20,211,7,10.05,6,-0.02091011459722903
92,21,240,3,10.05,8,-0.02091042962856591
92,22,1000,3,3.88,2,-0.020909752130508424
92,23,222,4,10.0,8,-0.020909466419939522
92,24,1000,3,5.46,4,-0.020909896751865744
92,25,210,5,10.05,4,-0.020909794828011877
92,26,1000,3,4.96,4,-0.02091032038256526
92,27,1000,3,3.64,2,-0.020911382906138896
92,28,1000,3,4.33,3,-0.020911284241825343
92,29,1000,2,3.4,2,-0.020911595970392226
92,30,1000,2,8.4,18,-0.020912137875333428
92,31,1000,1,2.99,8,-0.02091299961321056
92,32,1000,1,2.56,2,-0.020913887191563844
93,1,1000,3,4.33,3,-0.050404823329299686
93,2,1000,3,3.32,2,-0.05040411875769496
93,3,1000,3,4.53,3,-0.05040412827581167
93,4,1000,2,2.99,2,-0.05040527804195881
93,5,1000,2,2.69,1,-0.050405375987291334
93,6,1000,2,3.46,3,-0.05040523287653923
93,7,317,5,10.04,5,-0.05040741074912555
93,8,1000,2,3.51,4,-0.050407530561089514
93,9,1000,2,4.05,5,-0.05040729709342122
93,10,1000,2,2.71,1,-0.050407759625464676
93,11,1000,2,3.79,7,-0.05040933632478118
93,12,1000,1,2.71,4,-0.050408354137092826
93,13,1000,2,4.04,5,-0.050408188711851834
93,14,1000,2,3.99,6,-0.05040820979326963
93,15,1000,2,3.79,3,-0.05040884755551815
93,16,1000,2,3.39,2,-0.05040731008350849
93,17,236,4,10.0,3,-0.05040777403608722
93,18,1000,5,7.81,3,-0.05040867475792766
93,19,1000,3,3.49,2,-0.05040790378302336
93,20,1000,4,7.91,5,-0.05040750820562243
93,21,1000,1,2.76,4,-0.05040784355998039
93,22,1000,1,2.95,7,-0.050407426752150056
93,23,1000,1,2.98,8,-0.05040711425244808
93,24,1000,2,6.14,7,-0.05040715895593166
93,25,1000,2,4.85,7,-0.05040728837624192
93,26,273,6,10.0,5,-0.05040822869965008
93,27,1000,6,8.53,3,-0.05040772711113095
93,28,219,5,10.04,3,-0.05040651517303567
93,29,1000,5,6.83,1,-0.050404510475695136
93,30,1000,3,5.53,6,-0.05040493381395936
93,31,1000,2,4.47,10,-0.050405071225017306
93,32,1000,3,7.78,11,-0.050404194600880144
93,33,179,5,10.02,11,-0.05040477588772774
93,34,1000,4,9.24,2,-0.05040538647770881
93,35,154,3,10.05,6,-0.0504063018295285
93,36,200,5,10.01,4,-0.050407229904085395
93,37,163,4,10.04,10,-0.050407901749106275
93,38,173,5,10.04,3,-0.05040634740036347
93,39,159,4,10.01,3,-0.05040652956227836
93,40,246,5,10.06,3,-0.0504064130165228
93,41,213,5,10.04,3,-0.05040565157580264
93,42,1000,4,6.07,6,-0.05040669974312186
93,43,243,3,10.03,9,-0.05040540670355161
93,44,171,5,10.03,4,-0.0504072462998287
93,45,177,4,10.04,7,-0.05040485098284517
93,46,1000,4,9.23,2,-0.05040172260627151
93,47,1000,4,8.14,3,-0.05040278225019574
93,48,1000,2,4.09,2,-0.050401055242866276
93,49,1000,2,8.22,14,-0.05040075279772282
93,50,334,4,10.04,7,-0.05039929159119458
93,51,1000,3,4.87,8,-0.0504013140052557
94,1,1000,3,4.32,3,0.11429785607010126
94,2,1000,3,3.39,2,0.11429790456593036
94,3,1000,3,3.85,3,0.11429830756038427
94,4,1000,3,3.7,3,0.1142984239384532
94,5,1000,3,2.88,2,0.11429869840294123
94,6,1000,2,3.19,5,0.11429868545383215
94,7,185,5,10.02,1,0.11429914473681836
94,8,1000,5,4.45,1,0.11429972984641791
94,9,1000,4,4.39,3,0.11429995193332433
94,10,1000,4,3.9,1,0.11430068989098072
94,11,1000,3,3.9,5,0.11430093852430583
94,12,1000,5,8.4,1,0.11430133660882712
94,13,147,4,10.03,1,0.11430193281092611
94,14,1000,4,5.91,3,0.11430231436342
94,15,1000,5,9.34,4,0.11430250220745802
94,16,1000,3,7.57,4,0.11430217346549035
94,17,221,5,10.06,2,0.11430273272467954
94,18,152,3,10.02,10,0.11430364224667612
94,19,154,4,10.02,3,0.1143046688143309
94,20,171,5,10.0,1,0.1143045986169263
94,21,166,4,10.04,5,0.11430452939078033
94,22,1000,4,6.77,5,0.11430462156236172
94,23,1000,2,3.01,2,0.11430414415895938
94,24,1000,2,5.03,5,0.11430436964333057
94,25,1000,2,5.21,6,0.11430488128960133
94,26,164,4,10.04,3,0.11430492583753132
94,27,167,4,10.02,5,0.11430556880321331
94,28,159,4,10.07,2,0.1143054816426721
94,29,201,5,10.02,2,0.11430665079633988
94,30,180,4,10.0,6,0.11430670974983109
94,31,1000,3,7.55,2,0.11430768911540508
94,32,1000,2,3.47,4,0.11430712268501521
94,33,1000,2,2.93,1,0.11430613818764687
94,34,1000,3,3.59,2,0.11430626415461302
94,35,1000,4,7.94,4,0.11430636034905911
94,36,1000,2,6.44,15,0.11430632075667381
94,37,161,4,10.0,4,0.11430632688614152
94,38,1000,5,3.87,3,0.11430720119923353
94,39,1000,4,5.13,4,0.11430646143853665
94,40,1000,5,6.46,5,0.11430793906748295
94,41,1000,5,6.04,1,0.11430725669115782
94,42,1000,4,6.72,1,0.11430631430447101
94,43,1000,4,3.64,1,0.11430598878860473
94,44,1000,2,3.81,4,0.11430442725867034
94,45,202,3,10.04,14,0.11430550683843027
94,46,1000,3,4.64,3,0.11430688375234604
94,47,1000,4,3.91,3,0.114307841822505
94,48,1000,2,3.0,1,0.11430812920629978
94,49,1000,3,3.59,4,0.11430724968016148
94,50,1000,2,5.38,11,0.11430649086087942
94,51,1000,3,3.11,1,0.11430524865537882
94,52,1000,2,2.85,1,0.11430502017587424
94,53,1000,3,4.81,5,0.11430651231110096
94,54,1000,3,4.07,4,0.11430822114646434
94,55,1000,3,3.16,3,0.11430738896876573
94,56,1000,5,8.48,1,0.11430759473145008
94,57,1000,4,5.69,9,0.11430674581974745
94,58,1000,4,3.85,1,0.11430875908583403
94,59,181,3,10.02,6,0.11430757414570171
94,60,1000,2,2.97,5,0.11430571775138378
94,61,1000,2,3.17,5,0.11430454194545746
94,62,1000,2,4.37,5,0.11430434756726027
94,63,1000,1,2.7,3,0.11430504424124956
94,64,1000,2,2.83,2,0.11430643883347512
94,65,1000,1,2.63,2,0.11430588246881962
95,1,1000,3,4.46,3,-0.07716917387396097
95,2,1000,3,3.36,2,-0.07716956304013729
95,3,1000,3,4.17,3,-0.07716992405056954
95,4,1000,3,4.77,3,-0.07717033462226391
95,5,1000,3,6.0,6,-0.07717059821635484
95,6,1000,2,4.03,6,-0.07717088516801596
95,7,1000,3,6.68,5,-0.07717111944407225
95,8,1000,4,5.92,3,-0.07717120742052794
95,9,1000,2,4.08,3,-0.0771716029047966
95,10,1000,3,3.14,2,-0.07717186311632394
95,11,1000,3,3.38,2,-0.07717218565940857
95,12,1000,3,5.9,2,-0.07717228527367115
95,13,1000,3,8.12,3,-0.0771723121702671
95,14,1000,3,9.4,12,-0.07717246410250664
95,15,1000,4,4.26,2,-0.07717262532562018
95,16,1000,3,3.83,2,-0.07717275376617909
95,17,1000,3,6.66,4,-0.07717287364602089
95,18,1000,4,8.21,6,-0.0771726737394929
95,19,1000,2,3.0,3,-0.07717223450541497
95,20,1000,1,2.72,4,-0.07717214680463076
95,21,1000,1,2.64,3,-0.0771725971326232
95,22,1000,1,2.72,4,-0.0771730554997921
95,23,1000,1,2.6,2,-0.0771729040145874
96,1,1000,3,4.44,3,-0.0970730921626091
96,2,1000,3,4.13,2,-0.09707205796986819
96,3,1000,4,8.07,5,-0.0970708178728819
96,4,1000,4,6.13,3,-0.09706941824406386
96,5,1000,3,4.36,3,-0.09706822983175516
96,6,1000,3,3.64,2,-0.09706757816672325
96,7,1000,3,3.11,2,-0.09706692191958427
96,8,1000,4,4.52,3,-0.09706631800532341
96,9,1000,3,5.07,9,-0.09706605718284846
96,10,1000,4,4.35,3,-0.09706580370664597
96,11,1000,3,7.98,2,-0.09706509656459093
96,12,1000,3,3.91,3,-0.09706494858115912
96,13,1000,2,3.84,3,-0.0970641481205821
96,14,1000,2,4.57,8,-0.09706357997655869
96,15,257,4,10.01,3,-0.09706396896551556
96,16,1000,4,7.68,1,-0.09706274830549956
96,17,1000,2,3.27,3,-0.09706143791228533
96,18,1000,1,2.66,3,-0.09705992160737514
96,19,1000,2,4.02,6,-0.09705799416452646
96,20,1000,3,6.5,4,-0.09705691069364547
96,21,1000,4,8.51,3,-0.09705572743713856
97,1,1000,3,4.42,3,0.046156520914286375
97,2,1000,3,4.35,3,0.04615597518905997
97,3,1000,3,4.44,3,0.04615533623471856
97,4,1000,3,4.47,3,0.046155307695269585
97,5,1000,4,5.99,3,0.04615502547845245
97,6,1000,4,5.65,3,0.04615498264878988
97,7,1000,4,4.77,2,0.04615498865768313
97,8,1000,4,4.82,2,0.04615426466241479
97,9,1000,2,3.33,3,0.046153658248484136
97,10,1000,3,3.51,3,0.04615319687128067
97,11,1000,2,3.69,3,0.046153182178735735
97,12,1000,3,4.61,2,0.04615337511524558
97,13,1000,3,9.35,5,0.04615290252491832
97,14,459,4,10.0,3,0.04615303692215149
97,15,1000,4,7.79,3,0.04615289720520377
97,16,1000,4,7.72,3,0.046152866560965775
97,17,1000,4,8.46,3,0.04615253334492445
97,18,179,4,10.04,10,0.04615261543063478
97,19,178,4,10.05,10,0.04615287300659699
97,20,1000,4,4.67,1,0.04615251584351063
97,21,1000,4,4.63,1,0.04615244675800204
97,22,1000,3,4.61,3,0.04615223195776343
97,23,246,4,10.06,5,0.04615334126098854
97,24,1000,4,6.74,3,0.0461526583917439
97,25,1000,4,6.75,3,0.04615188412740827
97,26,1000,3,6.13,2,0.046151254184544084
97,27,1000,3,5.97,2,0.04615086225047708
97,28,1000,3,4.25,1,0.046150343872606754
97,29,1000,3,8.59,4,0.04615025771409273
97,30,1000,3,6.13,2,0.046149984419345855
97,31,1000,3,6.02,2,0.046148636855185034
97,32,1000,2,4.33,5,0.046147808950394394
97,33,1000,2,3.92,4,0.04614770604297519
97,34,1000,3,4.04,2,0.04614651293680072
97,35,1000,3,3.31,1,0.04614619998261332
97,36,1000,2,3.51,5,0.04614597623795271
97,37,1000,4,3.12,3,0.0461453033387661
97,38,1000,3,3.59,2,0.04614514550939202
97,39,1000,1,2.61,1,0.04614480211958289
98,1,1000,3,4.37,3,0.05815241695940494
98,2,1000,3,3.69,2,0.0581538092084229
98,3,1000,3,3.36,2,0.05815507608279586
98,4,1000,3,3.1,2,0.058155294209718704
98,5,1000,3,3.12,2,0.05815580139681697
98,6,1000,3,3.13,2,0.05815626811981201
98,7,1000,3,3.15,2,0.058156825695186855
98,8,1000,5,3.93,2,0.05815846236050129
98,9,1000,5,3.97,2,0.05815999968722463
98,10,1000,2,2.68,1,0.05816181437298656
98,11,1000,2,2.71,1,0.058163270544260744
98,12,1000,2,2.68,1,0.058165756285190585
98,13,1000,2,2.69,1,0.05816862916573882
98,14,1000,2,2.71,1,0.05817151213809848
98,15,1000,2,2.69,1,0.058173733655363324
98,16,1000,2,2.68,1,0.05817561631649733
98,17,1000,2,2.72,1,0.05817708567529917
98,18,1000,2,2.69,1,0.05817901032045483
98,19,1000,2,2.69,1,0.05817828477174044
98,20,1000,1,2.6,3,0.05817679757997394
98,21,1000,2,2.81,3,0.0581796662248671
98,22,1000,2,5.49,11,0.05817190961912275
98,23,1000,2,3.8,10,0.05816442981734872
98,24,508,4,10.01,13,0.05816238578115627
98,25,139,4,10.06,3,0.058161208821500804
98,26,163,4,10.07,3,0.05816131807360912
98,27,1000,5,6.28,3,0.058160852167755364
98,28,1000,4,7.88,2,0.058160887230187655
98,29,1000,4,5.31,1,0.05816070098429918
98,30,1000,4,6.4,1,0.05816236023232341
98,31,1000,4,7.01,3,0.058163238048553466
98,32,1000,3,5.04,2,0.058164620004594325
98,33,157,4,10.06,3,0.05816509951926341
98,34,195,5,10.02,3,0.05816683444457176
98,35,153,4,10.03,5,0.05816962053767996
98,36,174,5,10.06,2,0.05817088195732955
98,37,180,5,10.04,2,0.058165313427646956
98,38,162,4,10.03,6,0.0581663044422497
98,39,167,4,10.06,3,0.05816879437979824
98,40,182,4,10.01,3,0.05816567259339186
98,41,1000,4,4.43,1,0.05816673125699162
98,42,410,4,10.0,5,0.05817193888672968
98,43,205,5,10.04,3,0.05817359222508058
98,44,1000,4,4.06,4,0.05817645844444633
98,45,1000,4,3.28,2,0.058179844275116924
98,46,1000,5,4.14,3,0.0581809157654643
98,47,1000,1,2.69,3,0.058183222651481625
98,48,1000,2,4.28,1,0.0581867792494595
98,49,1000,2,4.31,7,0.058176669985055926
98,50,1000,2,3.41,7,0.058175349786877634
98,51,1000,2,3.03,2,0.05817401397228241
98,52,1000,1,2.51,1,0.058177970349788666
98,53,1000,1,2.52,1,0.05818039931356907
98,54,1000,1,2.49,1,0.05818404629826546
98,55,1000,1,2.59,2,0.058181495182216166
99,1,1000,3,4.37,3,-0.048535707622766495
99,2,1000,3,3.66,3,-0.04853574652597308
99,3,1000,3,4.47,3,-0.048535851139575245
99,4,1000,4,4.52,2,-0.04853598383441567
99,5,1000,4,3.5,1,-0.048536078732460734
99,6,1000,4,4.49,1,-0.04853667324781418
99,7,1000,3,4.44,3,-0.04853651382029057
99,8,1000,2,3.24,3,-0.04853662685677409
99,9,1000,3,5.12,3,-0.04853615012392402
99,10,1000,3,5.06,3,-0.0485356803573668
99,11,1000,2,3.43,3,-0.048536461617797615
99,12,1000,2,6.97,10,-0.04853619598224759
99,13,1000,2,6.6,9,-0.04853551970049739
99,14,141,4,10.06,3,-0.04853538518890421
99,15,166,5,10.06,3,-0.04853522860590952
99,16,1000,3,4.46,3,-0.04853534735739231
99,17,1000,3,4.46,3,-0.0485349626429379
99,18,1000,3,3.39,3,-0.048534471679478886
99,19,1000,3,3.38,3,-0.04853406476601958
99,20,1000,2,3.56,4,-0.04853454215079546
99,21,1000,2,3.24,3,-0.048533033929765226
99,22,1000,3,5.45,5,-0.04853194186836481
99,23,1000,3,4.31,3,-0.04853161220997572
99,24,1000,3,4.68,3,-0.04853074346110225
99,25,1000,3,9.63,3,-0.04853071904182434
99,26,1000,2,4.83,7,-0.04853013906255364
99,27,1000,4,7.78,3,-0.048529625192284584
99,28,180,5,10.03,3,-0.04852954654230012
99,29,1000,3,6.76,3,-0.048528999000787734
99,30,1000,3,6.28,2,-0.04852908712252974
99,31,178,3,10.02,10,-0.04852818436083499
99,32,155,3,10.02,10,-0.04852716134440514
99,33,1000,3,6.84,11,-0.048528234418481586
99,34,1000,3,8.45,11,-0.04852779220789671
99,35,227,4,10.01,12,-0.04852713490241425
99,36,1000,3,3.74,4,-0.04852598085254431
99,37,1000,3,2.98,1,-0.04852647383883595
99,38,1000,3,3.32,1,-0.04852673251926899
99,39,1000,3,3.13,1,-0.048527816008776425
99,40,1000,2,2.92,2,-0.04852995415776968
99,41,1000,1,2.99,8,-0.0485306143425405
99,42,1000,2,7.41,8,-0.04853056609258056
99,43,218,3,10.01,8,-0.04853040678853836
99,44,1000,3,6.36,3,-0.04852995821461081
99,45,268,3,10.03,6,-0.04853218743827806
99,46,127,4,10.06,3,-0.04853269915411791
99,47,1000,3,9.14,2,-0.0485347151979804
99,48,1000,3,3.44,2,-0.04853404661267996
99,49,1000,4,4.46,1,-0.04853365195170045
99,50,1000,4,6.49,1,-0.04853329411894083
99,51,1000,3,7.87,12,-0.048532824084162714
99,52,584,4,10.0,2,-0.04853214967153864
99,53,143,3,10.04,4,-0.04853172980613642
99,54,1000,4,8.42,5,-0.04853126278892159
99,55,1000,3,3.55,1,-0.0485307715088129
99,56,1000,3,6.41,4,-0.048534984447062016
99,57,1000,3,7.61,4,-0.0485349014736712
99,58,1000,4,7.39,4,-0.0485355961471796
99,59,1000,4,6.35,6,-0.04853499111905694
99,60,1000,4,7.47,3,-0.048534638393670324
99,61,1000,5,7.62,3,-0.04853327207639813
99,62,1000,5,9.01,3,-0.04853320964425802
99,63,839,5,10.0,3,-0.04853446931268518
99,64,1000,4,4.27,1,-0.04853591921553016
99,65,1000,3,5.02,1,-0.04853617060929537
99,66,1000,3,3.97,1,-0.04853544445708394
99,67,1000,3,4.74,2,-0.04853617721796036
99,68,1000,1,2.5,1,-0.0485345795750618
99,69,1000,2,2.74,3,-0.048532357793301346
99,70,1000,1,2.53,1,-0.048525866121053696
100,1,1000,3,4.49,3,0.10992309538275004
100,2,1000,3,4.65,3,0.10992345433682203
100,3,1000,3,5.05,3,0.10992382373660803
100,4,1000,4,5.54,3,0.10992454575747251
100,5,1000,4,8.55,6,0.10992521458119155
100,6,1000,4,6.39,3,0.1099257637038827
100,7,1000,4,5.53,3,0.10992661537975072
100,8,444,4,10.0,3,0.10992734473165092
100,9,1000,2,3.68,6,0.1099282879382372
100,10,1000,3,6.97,11,0.10992850740998983
100,11,170,4,10.02,11,0.1099290644421297
100,12,210,5,10.0,3,0.10992871331317085
100,13,1000,4,8.11,1,0.1099290327206254
100,14,1000,4,3.94,1,0.10993033491075038
100,15,1000,2,3.16,3,0.10993173909187316
100,16,1000,3,5.88,5,0.10993283282220363
100,17,1000,3,5.28,4,0.10993358156085015
100,18,179,4,10.03,6,0.10993434134974826
100,19,169,4,10.04,9,0.10993426853030391
100,20,144,3,10.06,8,0.1099349421242045
100,21,696,4,10.0,3,0.10993519109598864
100,22,1000,3,6.92,4,0.10993581458181143
100,23,1000,2,3.83,5,0.10993713968992233
100,24,1000,3,5.17,5,0.1099376065954566
100,25,145,3,10.03,4,0.10993804669585722
100,26,1000,3,5.5,4,0.10993843677639961
100,27,1000,2,4.73,5,0.10994016817957163
100,28,145,3,10.02,7,0.10994043550614653
100,29,1000,3,8.85,3,0.1099411075860262
100,30,1000,2,6.04,8,0.10994218728691339
100,31,1000,1,2.82,5,0.10994365833699703
101,1,1000,3,4.41,3,-0.03497419008240104
101,2,1000,3,3.44,2,-0.034974662907421586
101,3,1000,3,3.07,1,-0.0349750120267272
101,4,1000,3,2.85,1,-0.034974889811128375
101,5,1000,3,2.63,1,-0.03497464209794998
101,6,1000,3,2.89,1,-0.0349744478687644
101,7,1000,3,2.88,1,-0.03497451014816761
101,8,1000,3,3.03,1,-0.03497437889501452
101,9,1000,2,3.17,1,-0.034974009469151496
101,10,1000,3,2.82,1,-0.03497379288822412
101,11,1000,3,3.06,1,-0.03497333075106144
101,12,1000,3,3.4,1,-0.03497426840662956
101,13,1000,3,4.28,2,-0.03497423554956913
101,14,1000,2,3.09,1,-0.03497379860281944
101,15,1000,3,4.25,2,-0.034973713461309675
101,16,1000,3,4.31,1,-0.03497280268371105
101,17,1000,2,3.4,2,-0.03497250084578991
101,18,1000,2,3.05,3,-0.034972105987370015
101,19,1000,2,3.85,5,-0.03497250139713287
101,20,1000,2,2.98,2,-0.034974651627242566
101,21,1000,5,7.66,3,-0.03497565078362823
101,22,191,7,10.06,2,-0.0349768971663495
101,23,1000,5,7.54,1,-0.03497787256911397
101,24,1000,4,5.12,1,-0.03497801120951772
101,25,1000,5,6.11,3,-0.03497846268862486
101,26,1000,5,6.13,3,-0.03497882883995771
101,27,145,4,10.03,1,-0.03497966715487941
101,28,200,5,10.04,1,-0.03497952342033386
101,29,174,7,10.03,1,-0.03497987122799473
101,30,191,6,10.07,4,-0.034980036064748365
101,31,196,6,10.04,1,-0.03497920038976839
101,32,158,7,10.03,1,-0.034979387764123425
101,33,1000,6,4.51,1,-0.03497974038496614
101,34,1000,5,7.14,8,-0.03498103295639157
101,35,1000,1,2.93,7,-0.03498079863935709
101,36,173,4,10.03,5,-0.03498154568534366
101,37,1000,3,5.83,3,-0.03498134198784828
101,38,1000,3,4.29,2,-0.03498182656243443
101,39,1000,3,2.93,1,-0.0349819254130125
101,40,1000,4,9.32,1,-0.034982642777264115
101,41,114,4,10.06,1,-0.03498116142132826
101,42,1000,4,4.99,3,-0.034980351839214566
101,43,1000,4,3.94,1,-0.034979854334145785
101,44,1000,3,2.94,1,-0.034979901377111676
101,45,1000,3,5.47,4,-0.03498159342631697
101,46,1000,3,5.54,4,-0.03498169419914484
101,47,1000,2,3.04,4,-0.034980646830052135
101,48,1000,2,2.91,3,-0.0349803005233407
101,49,1000,1,2.57,2,-0.034979662865400316
101,50,1000,1,2.53,1,-0.034978706389665604
102,1,1000,3,4.41,3,-0.09034430455416441
102,2,1000,3,3.4,3,-0.09034293206036091
102,3,1000,2,3.03,3,-0.09034277495741844
102,4,1000,2,3.01,2,-0.09034202495962382
102,5,1000,2,3.08,2,-0.09034210754185915
102,6,1000,3,2.97,2,-0.09034094706177712
102,7,1000,2,2.86,2,-0.09033986370265484
102,8,1000,3,3.4,2,-0.09034004099667073
102,9,1000,3,4.71,2,-0.09033963654190302
102,10,1000,3,2.68,1,-0.09033875957131386
102,11,1000,1,2.61,3,-0.09033905920386315
102,12,1000,2,3.07,5,-0.09033754479140044
102,13,592,5,10.0,3,-0.09033739215669197
102,14,644,5,10.0,3,-0.09033741143688281
102,15,1000,4,3.57,3,-0.09033696945756674
102,16,1000,2,3.0,1,-0.09033627451211214
102,17,1000,2,3.51,3,-0.0903359943702817
102,18,673,3,10.0,6,-0.09033617876569726
102,19,1000,3,8.63,6,-0.09033594385534525
102,20,1000,4,7.29,3,-0.09033580559492112
102,21,1000,3,4.16,2,-0.09033516194671393
102,22,1000,5,9.94,3,-0.09033514687418938
102,23,1000,4,3.51,3,-0.0903348288089037
102,24,1000,3,2.97,1,-0.09033413033187389
102,25,1000,1,2.49,1,-0.09033390134572983
102,26,1000,2,4.48,6,-0.09033419026434422
102,27,1000,2,3.63,4,-0.09033356734365225
102,28,1000,2,2.9,2,-0.09033299235999584
102,29,1000,2,2.85,4,-0.09033282482624054
103,1,1000,3,4.35,3,0.07945200330018998
103,2,1000,3,3.48,3,0.07945249594002962
103,3,1000,3,3.12,1,0.0794526257365942
103,4,1000,2,3.08,3,0.07945282460004091
103,5,1000,3,3.77,4,0.0794525968581438
103,6,1000,1,2.65,3,0.07945261025428772
103,7,1000,1,2.55,2,0.07945260298252106
103,8,1000,2,2.84,3,0.07945231989026069
103,9,1000,2,3.8,6,0.07945210559666156
103,10,1000,2,2.85,4,0.07945352611690759
103,11,1000,1,2.53,1,0.07945270091295242
104,1,1000,3,4.47,3,0.06595296415686608
104,2,1000,3,4.06,3,0.06595265747606754
104,3,1000,2,3.15,3,0.06595263183861971
104,4,1000,3,3.69,2,0.06595268052816392
104,5,1000,2,3.28,3,0.06595270149409771
104,6,936,5,10.0,6,0.0659531106869889
104,7,1000,2,4.39,7,0.06595333563536405
104,8,1000,3,3.85,5,0.06595344637334347
104,9,870,6,10.0,4,0.06595328315749936
104,10,1000,3,3.77,3,0.06595341148972511
104,11,1000,2,2.81,3,0.06595322503149509
104,12,1000,2,3.85,4,0.06595268149673938
104,13,154,3,10.02,5,0.06595315343954346
104,14,160,3,10.05,5,0.06595390969887376
104,15,165,5,10.02,3,0.06595413016550469
104,16,1000,4,7.04,3,0.06595355802774429
104,17,162,4,10.05,5,0.06595348102259047
104,18,141,4,10.01,1,0.06595335916635837
104,19,1000,3,4.79,2,0.06595341393351555
104,20,1000,5,9.71,3,0.06595373427122832
104,21,1000,5,8.74,3,0.06595358525961638
104,22,1000,5,9.61,4,0.06595357005298137
104,23,1000,4,3.88,2,0.06595354457944631
104,24,1000,4,7.44,4,0.06595320247858763
104,25,1000,3,7.05,3,0.06595352820307017
104,26,1000,2,3.55,5,0.06595301101356744
104,27,1000,3,4.08,3,0.06595298928767443
104,28,1000,2,2.96,1,0.06595306150615216
104,29,1000,3,3.71,2,0.06595298282057047
104,30,1000,3,3.56,3,0.06595274746417999
104,31,1000,1,2.6,2,0.0659531332552433
105,1,1000,3,4.49,3,-0.08148483484983444
105,2,1000,3,3.35,2,-0.08148522830754519
105,3,1000,2,3.05,3,-0.08148513965308667
105,4,1000,2,2.97,2,-0.08148503609001637
105,5,1000,1,2.53,2,-0.08148471409082413
105,6,1000,2,2.95,2,-0.08148494389653206
105,7,1000,2,2.8,2,-0.08148407822847366
105,8,1000,2,3.96,3,-0.08148392090201378
105,9,1000,3,4.1,5,-0.08148384045809508
105,10,1000,1,2.59,2,-0.08148424273729324
105,11,1000,3,3.71,3,-0.08148404227942228
105,12,1000,3,9.3,8,-0.08148313718289137
105,13,1000,3,3.02,2,-0.08148253802210093
105,14,1000,3,2.97,1,-0.08148306733369827
105,15,1000,3,3.42,2,-0.08148293455690145
105,16,1000,2,2.72,2,-0.08148356322199106
105,17,1000,3,3.38,2,-0.08148349814116955
105,18,1000,2,2.66,1,-0.08148421117663383
105,19,1000,2,2.6,1,-0.08148536801338196
105,20,1000,1,2.67,4,-0.08148522798717021
105,21,1000,3,3.86,1,-0.0814854988604784
105,22,1000,3,2.69,1,-0.08148598251491786
105,23,1000,1,2.51,1,-0.08148719370365143
106,1,1000,3,4.47,3,-0.09591718409955502
106,2,1000,3,3.45,3,-0.09591733806580305
106,3,1000,3,5.08,3,-0.09591772146522999
106,4,1000,3,5.11,3,-0.0959177933037281
106,5,1000,3,3.35,1,-0.09591802499443293
106,6,1000,3,3.88,1,-0.09591800476610661
106,7,1000,3,4.01,1,-0.09591807613521815
106,8,1000,3,4.46,1,-0.09591849590837956
106,9,1000,3,6.19,1,-0.09591878589242697
106,10,1000,3,7.98,1,-0.09591901390999556
106,11,796,3,10.0,1,-0.09591908007860184
106,12,1000,3,3.4,1,-0.09591912873834371
106,13,1000,3,3.62,1,-0.09591899140179157
106,14,1000,3,5.94,1,-0.09591901443898677
106,15,1000,3,6.68,1,-0.09591927540302277
106,16,1000,3,5.33,1,-0.09591946673393249
106,17,1000,3,6.56,1,-0.09591958627104759
106,18,1000,3,4.2,1,-0.09591973573714495
106,19,1000,3,4.21,1,-0.09591975110769271
106,20,1000,2,4.19,3,-0.09591980600357056
106,21,1000,3,4.55,1,-0.09591996037214995
106,22,1000,3,6.61,2,-0.09591993825137615
106,23,202,3,10.03,4,-0.09591970205454543
106,24,1000,3,5.48,3,-0.0959197299554944
106,25,1000,2,3.7,3,-0.0959200529679656
106,26,1000,1,2.66,3,-0.09591986186802387
106,27,1000,3,2.85,3,-0.09592062701284886
106,28,1000,3,3.01,3,-0.09592028697580099
106,29,1000,3,3.68,3,-0.09591996601969004
106,30,1000,2,2.78,2,-0.09592023149132728
106,31,1000,2,3.04,1,-0.09592073579877615
106,32,1000,2,3.16,1,-0.095921223834157
106,33,1000,2,3.15,1,-0.09592160104215144
106,34,1000,1,2.98,8,-0.09592122894525527
106,35,1000,3,4.57,3,-0.09592116376012563
106,36,1000,3,5.73,3,-0.0959213156029582
106,37,1000,3,3.09,2,-0.09592171239107847
106,38,1000,3,3.0,3,-0.09592139692604541
106,39,1000,3,2.95,3,-0.09592140776664018
106,40,1000,3,6.57,5,-0.09592151392251252
106,41,1000,1,2.67,3,-0.09592155915498733
106,42,1000,1,2.6,2,-0.09592222075164318
106,43,1000,1,2.66,3,-0.09592266211658716
106,44,1000,1,2.84,5,-0.09592232286185026
106,45,1000,1,2.52,1,-0.09592278301715851
106,46,1000,1,2.73,4,-0.09592280101776123
106,47,1000,3,2.98,3,-0.09592287504673004
106,48,1000,3,4.82,3,-0.09592316145449876
106,49,1000,3,3.74,2,-0.09592321936786175
106,50,1000,3,4.78,3,-0.0959235763773322
106,51,1000,3,4.22,2,-0.09592373195290566
106,52,1000,1,2.67,3,-0.09592400728166103
107,1,1000,3,4.32,3,0.12919643034040929
107,2,1000,3,4.22,3,0.1291954349130392
107,3,1000,3,3.82,3,0.12919447305798532
107,4,1000,2,2.61,1,0.12919319415092467
107,5,1000,3,2.96,2,0.12919236201047898
107,6,1000,2,3.02,3,0.12919155718386174
107,7,1000,3,2.91,1,0.12919039931893347
107,8,1000,2,3.43,5,0.1291896756887436
107,9,1000,2,3.45,5,0.1291888059824705
107,10,1000,2,3.45,5,0.12918752925097943
107,11,1000,3,6.8,4,0.1291874981969595
107,12,1000,3,5.84,3,0.129187951117754
107,13,1000,3,5.75,3,0.12918691074848174
107,14,1000,3,5.04,5,0.12918693590164185
107,15,1000,4,4.03,3,0.12918696977198124
107,16,1000,3,3.24,1,0.12918554747104644
107,17,322,5,10.01,4,0.12918484696875449
107,18,1000,4,5.99,3,0.12918523165583612
107,19,1000,5,3.74,2,0.12918550331890583
107,20,1000,4,4.21,4,0.1291837631314993
107,21,1000,2,2.88,3,0.12918215005099773
107,22,1000,2,2.82,1,0.12917964743077756
107,23,1000,2,3.17,1,0.12917889720201492
107,24,1000,4,5.68,3,0.12917813420295715
107,25,1000,3,5.38,6,0.12917764028906822
107,26,1000,4,5.8,4,0.12917801377177238
107,27,230,4,10.06,3,0.129176097849141
107,28,1000,4,9.02,10,0.12917566353082657
107,29,1000,4,5.02,4,0.1291753769814968
107,30,1000,3,3.04,2,0.12917384850978852
107,31,185,6,10.0,3,0.1291742489144609
107,32,1000,5,4.8,2,0.1291728026419878
107,33,1000,3,3.43,2,0.12917152619361877
107,34,1000,2,3.5,3,0.1291716446429491
107,35,186,5,10.04,4,0.12917213486407392
107,36,277,5,10.06,3,0.12917223180028936
107,37,157,5,10.04,2,0.1291719876277219
107,38,665,4,10.0,6,0.12917266512723793
107,39,1000,3,3.98,2,0.12917198699712754
107,40,1000,2,2.7,2,0.12917091009020806
107,41,1000,3,4.73,8,0.1291694841235876
107,42,154,4,10.06,6,0.1291681563892922
107,43,164,4,10.06,8,0.12916862728392206
107,44,1000,3,5.23,4,0.1291680614501238
107,45,1000,3,3.8,2,0.12916709953546524
107,46,650,4,10.05,13,0.12916412954147044
107,47,149,3,10.01,9,0.12916397908389968
107,48,1000,2,4.2,5,0.1291628369987011
107,49,148,3,10.01,9,0.1291615530043035
107,50,222,5,10.02,3,0.12916116852749576
107,51,1000,4,5.16,13,0.12915943326056004
108,1,1000,3,4.45,3,-0.04228473709523678
108,2,1000,3,4.57,3,-0.04228149722889066
108,3,1000,4,7.2,3,-0.04227740750834346
108,4,1000,3,5.18,3,-0.042273151762783526
108,5,1000,3,3.84,3,-0.042270899381488564
108,6,1000,3,4.89,4,-0.04226951976120472
108,7,1000,2,3.46,3,-0.04226709236949682
108,8,1000,3,5.8,4,-0.04226565789431334
108,9,1000,2,2.83,3,-0.042263357266783715
108,10,1000,1,2.85,6,-0.04225920780003071
108,11,1000,3,5.59,3,-0.04225705667957663
108,12,1000,3,5.64,3,-0.04225692779198289
108,13,1000,3,5.68,7,-0.04225442525371909
108,14,1000,3,5.16,3,-0.0422525834441185
108,15,1000,4,3.44,1,-0.04224928459525108
108,16,1000,3,7.75,10,-0.042248754385858775
108,17,291,4,10.01,2,-0.0422502268118547
108,18,1000,4,5.01,4,-0.04224679364264011
108,19,1000,3,3.16,3,-0.04224323822185397
108,20,1000,1,2.63,3,-0.04224386878311634
108,21,1000,4,3.83,3,-0.04224454233050346
108,22,1000,3,3.77,3,-0.04224409114569425
108,23,1000,3,4.48,6,-0.04223896573483944
108,24,1000,3,5.26,7,-0.042241245429962875
108,25,1000,4,3.84,4,-0.04223879901319742
108,26,1000,2,2.62,2,-0.042238768041133884
109,1,1000,3,4.4,3,-0.10719492438435554
109,2,1000,3,3.44,2,-0.10719457978010177
109,3,1000,3,3.36,3,-0.10719429545104503
109,4,1000,3,3.67,2,-0.10719448878616095
109,5,1000,1,2.81,6,-0.1071947178170085
109,6,1000,2,4.03,6,-0.10719465235620737
109,7,1000,3,5.33,7,-0.10719465639442205
109,8,1000,3,3.25,3,-0.10719469594955444
109,9,1000,1,2.67,4,-0.10719456801563501
109,10,1000,1,2.61,3,-0.10719457621872425
109,11,1000,1,2.69,4,-0.10719478479772807
109,12,1000,1,2.69,4,-0.10719488357007503
109,13,1000,1,2.69,4,-0.10719463396817445
109,14,1000,2,3.26,3,-0.1071945811957121
109,15,1000,1,2.9,7,-0.10719483235478401
109,16,1000,3,4.15,7,-0.10719498933851719
109,17,1000,3,6.39,3,-0.10719529077410699
109,18,1000,3,5.79,3,-0.1071956502944231
109,19,1000,3,4.1,4,-0.1071960022598505
109,20,1000,2,2.98,2,-0.1071961092799902
109,21,1000,4,5.79,4,-0.10719606141000985
109,22,1000,5,3.91,3,-0.10719512716680765
109,23,1000,3,3.13,3,-0.10719508626312017
109,24,1000,1,2.66,2,-0.10719499982893467
109,25,1000,2,2.9,2,-0.10719483019411565
109,26,1000,2,3.75,4,-0.10719482788443566
109,27,1000,2,4.25,3,-0.10719511558115483
109,28,1000,3,4.37,3,-0.10719530990719796
109,29,1000,3,4.11,6,-0.10719649277627469
109,30,1000,3,4.04,2,-0.10719681490957737
109,31,1000,2,3.7,6,-0.10719606190174819
109,32,1000,1,2.62,3,-0.10719554123282432
109,33,1000,2,4.12,4,-0.10719549468904734
109,34,1000,2,3.81,4,-0.10719537360221147
109,35,1000,2,5.65,8,-0.10719486978650093
109,36,1000,3,7.68,6,-0.10719507464021444
109,37,1000,2,4.49,5,-0.10719493252784014
109,38,1000,2,3.35,2,-0.10719497495889664
109,39,1000,3,4.79,3,-0.10719480893015862
109,40,1000,2,3.72,3,-0.10719455418735743
109,41,1000,3,5.05,2,-0.10719438941776753
109,42,136,4,10.02,3,-0.1071939820642857
109,43,159,3,10.05,5,-0.10719407143645317
109,44,1000,3,3.65,2,-0.10719426166266204
109,45,148,4,10.02,3,-0.10719517487529162
109,46,201,4,10.04,11,-0.10719562277420243
109,47,1000,3,3.46,3,-0.10719542707502842
109,48,1000,1,2.57,2,-0.10719474314153195
109,49,1000,1,2.55,2,-0.1071947460398078
110,1,1000,3,4.55,3,0.01109590713866055
110,2,1000,3,4.27,3,0.011095985128544272
110,3,1000,3,4.54,3,0.01109623695537448
110,4,1000,3,3.39,4,0.011095978640951217
110,5,1000,2,2.91,2,0.011095157580450177
110,6,1000,2,2.84,4,0.011094988248310983
110,7,1000,0,2.42,0,0.011095072142779827
110,8,1000,2,3.53,3,0.011096294950693846
110,9,1000,2,3.85,5,0.01109575331490487
110,10,1000,2,2.85,2,0.011095181178301572
110,11,1000,1,2.62,2,0.011096102530136704
110,12,1000,2,2.91,2,0.011096611333079636
110,13,1000,1,2.7,3,0.011096566742286085
110,14,1000,2,3.39,5,0.011096742759458721
110,15,1000,2,3.04,2,0.011097818745300175
110,16,1000,2,3.09,3,0.011098894251510501
110,17,1000,4,3.72,3,0.011099513901397585
110,18,1000,4,4.14,4,0.011098907948471605
110,19,1000,6,7.59,6,0.011097225224599242
110,20,1000,4,3.69,1,0.011095522968098522
110,21,154,4,10.02,3,0.011096416053350096
110,22,1000,5,6.06,1,0.011096400725655257
110,23,1000,4,5.32,2,0.011098274551331997
110,24,1000,4,3.4,1,0.011099090819247067
110,25,1000,3,3.31,1,0.011097962611354888
110,26,1000,3,2.71,1,0.0110967131331563
111,1,1000,3,4.47,3,-0.061333122044801715
111,2,1000,3,3.27,2,-0.06133359789848328
111,3,1000,3,3.66,2,-0.06133423491567373
111,4,1000,2,3.0,2,-0.061334602691233156
111,5,1000,3,3.49,2,-0.06133504430949688
111,6,1000,2,3.17,2,-0.0613349226154387
111,7,1000,2,3.02,2,-0.06133451334014535
111,8,1000,2,3.09,3,-0.061335000995546576
111,9,1000,2,2.85,1,-0.06133543685823679
111,10,167,5,10.0,2,-0.06133551699315717
111,11,217,5,10.05,2,-0.06133450155708647
111,12,1000,4,5.38,7,-0.06133536853268742
111,13,1000,4,4.83,3,-0.0613357291482389
111,14,1000,5,9.54,4,-0.06133640132471919
111,15,343,5,10.0,10,-0.061334989878074765
111,16,167,6,10.06,3,-0.06133410836497467
111,17,161,5,10.03,2,-0.06133464332785665
111,18,1000,3,4.95,5,-0.061334685388952495
111,19,1000,2,2.93,2,-0.061335314765572545
111,20,1000,3,4.23,3,-0.061336008101701735
111,21,1000,3,6.47,5,-0.061335694015026095
111,22,153,3,10.04,13,-0.06133656393663556
111,23,153,4,10.04,6,-0.06133611249475697
111,24,162,5,10.01,2,-0.061335938327290396
111,25,1000,4,5.6,4,-0.06133598194271326
111,26,1000,2,5.61,6,-0.06133637284487486
111,27,1000,6,9.83,3,-0.06133650319650769
111,28,181,5,10.07,4,-0.06133645822330074
111,29,173,5,10.04,2,-0.061336396122082124
111,30,1000,3,4.6,2,-0.06133650950714946
111,31,1000,5,6.92,1,-0.061336739528924225
111,32,1000,5,4.33,2,-0.06133677039295435
111,33,139,3,10.07,5,-0.061337151464155255
111,34,133,3,10.05,5,-0.06133767189387988
111,35,212,4,10.01,4,-0.06133786785715031
111,36,213,5,10.06,3,-0.061337765376192864
111,37,703,4,10.0,2,-0.06133787388016455
111,38,166,5,10.02,3,-0.061337795130998254
111,39,158,4,10.05,6,-0.06133822099411789
111,40,1000,2,3.4,3,-0.06133772698789835
111,41,1000,1,3.54,15,-0.06133889984712005
111,42,1000,1,2.95,7,-0.06133925987780094
112,1,1000,3,4.47,3,-0.13024917076528073
112,2,1000,3,4.01,3,-0.1302488362789154
112,3,1000,3,4.47,3,-0.13024893839657306
112,4,1000,3,3.37,2,-0.13024908170104027
112,5,1000,2,3.0,2,-0.13024955643713473
112,6,1000,3,9.9,7,-0.13024840208888053
112,7,1000,3,6.89,3,-0.13024772655963898
112,8,1000,3,6.72,3,-0.1302483204305172
112,9,1000,3,7.13,3,-0.1302479337453842
112,10,1000,3,8.81,7,-0.13024725909531115
112,11,1000,3,8.93,9,-0.1302469934076071
112,12,822,3,10.0,9,-0.13024641020527142
112,13,345,3,10.0,2,-0.1302462490140528
112,14,215,5,10.07,3,-0.13024608437405077
112,15,1000,5,5.61,3,-0.1302454489171505
112,16,1000,4,5.23,1,-0.1302451837360859
112,17,1000,3,5.8,3,-0.13024507267773153
112,18,850,3,10.0,13,-0.1302442388148869
112,19,1000,2,4.54,5,-0.13024446523189545
112,20,1000,2,9.61,5,-0.1302445393949747
112,21,1000,2,7.42,9,-0.13024381387233736
112,22,1000,2,8.3,5,-0.13024348448216916
112,23,1000,2,3.59,1,-0.13024346855282784
112,24,1000,2,3.46,2,-0.1302436551898718
112,25,1000,2,3.12,2,-0.1302432519942522
112,26,1000,1,2.7,4,-0.13024312834441662
112,27,1000,3,4.06,3,-0.13024339248239994
112,28,179,5,10.01,6,-0.13024325235928902
112,29,281,6,10.02,3,-0.13024304770065798
112,30,1000,3,5.97,3,-0.13024259358644485
112,31,1000,3,7.14,4,-0.13024139314889907
112,32,839,4,10.0,3,-0.13023984133842023
112,33,1000,3,4.66,2,-0.13024031402170658
112,34,1000,4,5.58,3,-0.13023943722248077
112,35,1000,4,6.6,2,-0.1302388191372156
112,36,159,4,10.02,15,-0.13023931997002297
112,37,212,4,10.06,3,-0.13023876384744104
112,38,168,4,10.0,3,-0.13023855129168146
112,39,1000,4,6.78,3,-0.13023795184493064
112,40,1000,4,9.77,3,-0.1302373222261667
112,41,156,4,10.07,11,-0.13023642679819694
112,42,211,6,10.05,3,-0.1302364144421302
112,43,1000,3,3.15,4,-0.13023823674023152
112,44,1000,2,4.62,7,-0.13023701533675194
112,45,1000,2,3.91,7,-0.13023490153253078
112,46,1000,2,6.52,7,-0.13023342399299145
112,47,1000,2,4.58,4,-0.13023299250006676
112,48,186,3,10.05,5,-0.13023208818768942
112,49,1000,3,9.37,3,-0.13023175071179866
112,50,1000,3,4.31,4,-0.13023202322423458
112,51,1000,3,4.33,7,-0.13023057581484318
112,52,1000,3,4.58,3,-0.1302278437912464
112,53,1000,3,3.41,1,-0.13022777006030084
112,54,1000,3,3.09,1,-0.1302276379466057
113,1,1000,3,4.47,3,0.05474577341973782
113,2,1000,3,3.33,3,0.054745028011500836
113,3,1000,3,4.46,3,0.054743600744754074
113,4,1000,3,4.3,3,0.05474339415878057
113,5,1000,1,2.6,3,0.054742247436195615
113,6,1000,1,2.62,3,0.05474122652411461
113,7,1000,3,6.24,7,0.05474045257642865
113,8,1000,2,3.53,5,0.05474036682769656
113,9,1000,1,2.59,2,0.054740126304328444
113,10,1000,2,3.88,4,0.05474025398865342
113,11,1000,2,4.11,4,0.05474015821143985
113,12,1000,2,2.84,2,0.05473992744833231
113,13,1000,3,3.52,8,0.05474006344750523
113,14,1000,2,3.3,4,0.054739945583045485
113,15,1000,1,2.68,3,0.0547378688454628
113,16,1000,1,2.73,4,0.05473626931384206
113,17,1000,1,2.57,2,0.05473570643365383
113,18,1000,1,2.55,2,0.054736049592494965
113,19,1000,1,2.66,3,0.05473613851889968
114,1,1000,3,4.5,3,-0.032298745427280666
114,2,1000,3,3.11,2,-0.03229972653090954
114,3,1000,3,3.03,2,-0.03229997305572033
114,4,1000,2,3.31,4,-0.0323002491556108
114,5,1000,3,6.09,4,-0.032300694178789856
114,6,1000,2,3.06,3,-0.03230117130279541
114,7,1000,3,6.07,4,-0.032302256077528
114,8,1000,3,3.04,2,-0.03230268266797066
114,9,1000,3,3.95,3,-0.03230268378183246
114,10,1000,2,2.65,1,-0.03230238318443299
114,11,1000,1,2.81,5,-0.03230418579652906
114,12,274,4,10.02,7,-0.032304851950085076
114,13,167,4,10.03,4,-0.03230539709329605
114,14,162,4,10.05,4,-0.032306017676069415
114,15,134,4,10.03,4,-0.03230494775100431
114,16,1000,3,4.86,6,-0.032305429380387066
114,17,159,4,10.06,5,-0.03230616237101315
114,18,158,5,10.03,5,-0.032305536579482166
114,19,1000,5,9.05,1,-0.03230624808371067
114,20,1000,3,5.49,4,-0.032307716570794585
114,21,1000,2,3.61,2,-0.032309328343719246
114,22,1000,2,5.99,9,-0.03230961503833532
114,23,144,3,10.04,9,-0.03230896946560177
114,24,1000,2,5.28,10,-0.03230828034505248
114,25,1000,2,2.91,2,-0.03230832327902317
114,26,1000,4,7.65,3,-0.03230823453143239
114,27,800,5,10.0,3,-0.03230729898903519
114,28,1000,3,4.53,2,-0.032307023957371714
114,29,1000,3,4.42,3,-0.03230705685168505
114,30,183,4,10.03,3,-0.03230522347034001
114,31,1000,4,6.87,1,-0.0323048430941999
114,32,138,3,10.03,16,-0.03230540149345778
114,33,137,2,10.01,16,-0.032304943314869036
114,34,156,4,10.06,16,-0.03230529808654235
114,35,148,3,10.04,14,-0.032305617766404476
114,36,156,4,10.01,1,-0.0323066416506966
114,37,150,4,10.01,3,-0.03230555032690366
114,38,155,4,10.06,3,-0.03230664134025574
114,39,168,5,10.03,3,-0.03230625838928279
114,40,166,5,10.06,7,-0.032304568732359325
114,41,159,4,10.01,6,-0.0323054774564767
114,42,149,4,10.01,6,-0.032304711514871395
114,43,168,6,10.06,1,-0.03230476270740231
114,44,176,6,10.05,6,-0.03230474937961183
114,45,171,3,10.02,6,-0.03230481734227019
114,46,765,5,10.0,2,-0.03230379803313149
114,47,1000,2,4.46,13,-0.032303083367645744
114,48,1000,1,3.18,10,-0.032302560988813636
114,49,1000,1,2.86,5,-0.032299121785908935
114,50,1000,1,2.78,4,-0.032300403479486706
114,51,1000,1,3.11,8,-0.032298125363886356
114,52,1000,1,2.66,3,-0.03229800424352288
115,1,1000,3,4.57,3,-0.009581470653414727
115,2,1000,3,4.03,3,-0.009581035645678639
115,3,1000,3,3.8,2,-0.00958059353940189
115,4,1000,2,2.69,2,-0.009580532751977443
115,5,1000,2,2.72,2,-0.009580276207998395
115,6,1000,3,3.31,3,-0.00958006708137691
115,7,1000,5,7.11,2,-0.009580292198807001
115,8,1000,2,2.7,1,-0.009580544119700789
115,9,1000,2,2.58,1,-0.009580596350133419
115,10,1000,3,4.83,1,-0.009580534983426332
115,11,1000,6,9.47,3,-0.009581001438200475
115,12,175,5,10.03,3,-0.009580690089081014
115,13,1000,5,7.15,3,-0.009581364311277867
115,14,1000,4,3.73,1,-0.009581420626491309
115,15,1000,3,4.78,2,-0.009581529155373573
115,16,1000,5,6.98,3,-0.009581144098192454
115,17,1000,5,9.87,3,-0.009581621183082461
115,18,163,5,10.06,2,-0.00958300882984707
115,19,1000,4,6.34,1,-0.009583184868097306
115,20,1000,4,6.38,2,-0.009583486096933484
115,21,1000,2,3.39,2,-0.00958442515693605
115,22,157,4,10.06,3,-0.009583995724986694
115,23,211,6,10.06,2,-0.009583412651943651
115,24,252,5,10.03,2,-0.009583726325737578
115,25,1000,4,4.64,2,-0.009583965979516506
115,26,1000,1,2.59,2,-0.009583160927519202
115,27,1000,1,2.98,7,-0.009583734856918455
115,28,186,5,10.02,10,-0.009584053990341002
115,29,382,3,10.0,10,-0.009583487170528992
115,30,217,5,10.05,3,-0.009582977926504503
115,31,1000,4,6.34,1,-0.009582303673028945
115,32,1000,4,6.44,2,-0.009582923775538802
115,33,1000,4,5.79,4,-0.009582411104813218
115,34,460,4,10.0,4,-0.009581008193123599
115,35,1000,2,7.86,11,-0.009579058771952987
115,36,1000,2,6.18,13,-0.0095778257092461
115,37,1000,2,3.57,3,-0.00957685543037951
115,38,1000,1,2.85,5,-0.009576713563874364
116,1,1000,3,4.47,3,0.11200215834379196
116,2,1000,3,3.37,2,0.11200104891508818
116,3,1000,2,2.83,2,0.11200027640163898
116,4,1000,3,3.2,1,0.1119998176470399
116,5,1000,2,3.52,3,0.11199884191155433
116,6,1000,2,2.87,3,0.11199789071083069
116,7,1000,2,2.72,2,0.11199704150110483
116,8,1000,2,3.07,4,0.11199707029014826
116,9,1000,1,2.6,2,0.11199701461195946
116,10,1000,1,2.86,6,0.11199625219404698
116,11,1000,2,2.7,1,0.11199526789784431
116,12,1000,1,2.53,1,0.11199428141117096
117,1,1000,3,4.56,3,0.06599319381266833
117,2,1000,3,3.66,2,0.06599373142421246
117,3,1000,3,2.88,1,0.06599457959085703
117,4,1000,2,3.11,4,0.06599450859427453
117,5,1000,3,4.03,3,0.06599431638419628
117,6,1000,3,4.71,4,0.06599462488293648
117,7,1000,3,2.83,1,0.06599465020000934
117,8,1000,1,2.7,2,0.06599420967698097
117,9,1000,3,7.32,6,0.0659945916980505
117,10,1000,3,8.93,5,0.06599523541331291
117,11,1000,3,4.13,2,0.06599560388177633
117,12,1000,3,4.61,2,0.06599593169987202
117,13,1000,3,6.15,3,0.06599512807279825
117,14,1000,3,4.03,3,0.06599550778418779
117,15,1000,2,2.85,1,0.06599617996811867
117,16,1000,1,2.62,1,0.06599694490432739
117,17,1000,1,2.75,3,0.06599698029458523
117,18,1000,1,2.58,1,0.06599759310483932
118,1,1000,3,4.5,3,-0.07386528912931681
118,2,1000,3,5.21,3,-0.07386394173651933
118,3,1000,3,3.49,3,-0.0738620843961835
118,4,1000,3,3.48,3,-0.07386156512796879
118,5,1000,3,3.9,3,-0.07386117548495531
118,6,1000,3,4.27,4,-0.0738606602475047
118,7,1000,3,5.25,4,-0.07386058861762285
118,8,178,3,10.06,7,-0.07386077320977544
118,9,1000,4,7.26,2,-0.07386104183644056
118,10,1000,4,6.62,3,-0.07386150845885277
118,11,1000,3,5.41,1,-0.07386238959431649
118,12,1000,2,5.81,13,-0.07386215409636497
118,13,1000,2,5.79,6,-0.07386100314557552
118,14,1000,1,2.76,5,-0.0738613804206252
118,15,1000,1,2.75,5,-0.0738613391816616
118,16,1000,2,3.05,3,-0.07386073373258113
118,17,1000,2,3.07,6,-0.07385985907912254
118,18,587,3,10.0,6,-0.07385898681017974
118,19,1000,3,7.52,4,-0.07385805852711201
118,20,1000,2,5.56,6,-0.07385805290192365
118,21,1000,2,4.14,4,-0.07385878466069698
118,22,1000,4,3.94,2,-0.07385909275710582
118,23,1000,1,2.87,6,-0.07385869120061397
118,24,1000,1,2.79,5,-0.07385714477300644
118,25,1000,3,3.42,2,-0.07385766396671534
118,26,1000,1,2.56,2,-0.07385846769809723
119,1,1000,3,4.56,3,0.09575602316856384
119,2,1000,3,3.42,2,0.09575582236796618
119,3,1000,3,5.23,3,0.09575558079779148
119,4,1000,3,4.28,2,0.09575525400042534
119,5,1000,3,4.46,3,0.09575522112846374
119,6,1000,3,3.84,2,0.09575457403063774
119,7,1000,3,3.85,2,0.09575394432246685
119,8,1000,2,2.97,2,0.09575427775830031
119,9,1000,2,2.8,1,0.0957537579536438
119,10,1000,2,3.25,1,0.09575408573448659
119,11,1000,2,2.96,1,0.09575369735062123
119,12,1000,2,3.19,1,0.09575331968069077
119,13,1000,2,2.99,1,0.09575249271094799
119,14,1000,1,2.9,5,0.09575212966650724
119,15,1000,2,7.02,5,0.09575230292975903
119,16,1000,2,3.13,2,0.09575239707529545
119,17,129,3,10.0,4,0.0957525044448616
119,18,1000,3,3.85,1,0.09575374915450811
119,19,1000,3,4.18,2,0.09575345024466514
119,20,481,3,10.0,3,0.09575306284948099
119,21,1000,3,9.97,3,0.09575294186919928
119,22,149,4,10.05,3,0.09575259390493367
119,23,1000,4,8.46,3,0.09575298544764518
119,24,151,3,10.05,8,0.09575296469674205
119,25,1000,2,2.87,2,0.09575304502993823
119,26,1000,2,3.57,7,0.09575288215279579
119,27,1000,3,4.1,7,0.09575273244082928
119,28,1000,3,5.75,15,0.09575207445770502
119,29,190,4,10.02,9,0.0957516952172706
119,30,1000,3,3.88,5,0.09575101558119059
119,31,1000,2,5.09,9,0.09575028330087662
119,32,141,3,10.0,10,0.09575024421544785
119,33,140,5,10.04,1,0.09575025934193815
119,34,1000,4,9.94,1,0.0957488621622324
119,35,169,3,10.04,3,0.09574792666371758
119,36,147,5,10.03,4,0.09574729645130586
119,37,1000,2,8.64,9,0.09574784915149212
119,38,1000,2,4.77,6,0.09574842864274978
119,39,1000,3,8.67,6,0.09574802324920893
119,40,1000,3,4.31,1,0.09574732095003129
119,41,1000,4,7.85,4,0.09574718350172043
119,42,1000,2,4.24,4,0.09574662552773952
119,43,1000,3,3.62,2,0.09574573376774788
119,44,138,4,10.04,4,0.09574630921301634
119,45,149,4,10.02,3,0.09574646897764014
119,46,1000,5,9.79,3,0.095745645865798
119,47,1000,3,5.32,3,0.09574560908973218
119,48,1000,2,3.43,3,0.09574523884057999
119,49,1000,5,5.78,3,0.09574375418573618
119,50,1000,3,6.8,3,0.0957433362826705
119,51,1000,4,4.34,1,0.09574295218288899
119,52,1000,4,4.38,1,0.09574231375753879
119,53,1000,4,4.55,2,0.09574165233969688
119,54,1000,1,3.18,9,0.09574145781993866
119,55,1000,1,2.9,5,0.09574128910154105
119,56,1000,1,4.18,22,0.0957409398406744
119,57,149,5,10.02,3,0.09574022184082326
119,58,1000,4,5.91,3,0.09573875631392002
119,59,153,4,10.05,3,0.09573780414130953
119,60,384,3,10.0,1,0.09573839608735095
119,61,1000,2,5.23,2,0.09573841442912817
119,62,140,3,10.02,4,0.09573776993368353
119,63,1000,2,4.57,14,0.09573736228048801
119,64,1000,2,5.41,5,0.09573740816861391
119,65,308,3,10.0,2,0.09573701967473154
119,66,169,3,10.06,22,0.09573722485254502
119,67,164,4,10.06,23,0.09573689502913778
119,68,267,3,10.0,3,0.09573638031768442
119,69,1000,6,7.94,1,0.09573587193340063
119,70,153,4,10.01,3,0.09573606172807855
119,71,147,4,10.03,4,0.09573533832013202
119,72,153,4,10.02,4,0.09573506072066189
119,73,186,4,10.06,4,0.09573446558688277
119,74,146,4,10.04,4,0.09573406669987392
119,75,185,5,10.07,4,0.09573357604645394
119,76,638,3,10.0,9,0.09573277145577448
119,77,156,3,10.0,6,0.09573206912057522
119,78,287,4,10.08,3,0.09573183611087267
119,79,1000,2,3.93,3,0.09573051827400923
120,1,1000,3,4.61,3,-0.12712714380025864
120,2,1000,3,3.66,2,-0.12712652915716172
120,3,1000,3,3.84,2,-0.12712603765726088
120,4,1000,4,6.46,3,-0.12712628638744355
120,5,1000,2,3.09,3,-0.12712627801299095
120,6,1000,1,2.46,1,-0.12712614238262177
120,7,1000,1,2.54,2,-0.12712630313634873
120,8,1000,1,2.78,5,-0.12712650649249554
120,9,1000,3,3.98,6,-0.12712658062577248
120,10,1000,3,4.49,6,-0.12712646482884885
120,11,1000,2,2.92,6,-0.12712627483904362
120,12,1000,2,3.67,3,-0.12712632575631141
120,13,1000,1,2.53,2,-0.12712639302015305
120,14,1000,2,3.09,3,-0.12712636585533618
120,15,1000,2,2.85,2,-0.1271259441822767
120,16,1000,1,2.68,4,-0.1271260197162628
120,17,1000,1,2.8,5,-0.12712600141763686
120,18,1000,2,2.75,1,-0.12712618713080884
120,19,1000,2,3.27,6,-0.12712613508105278
120,20,1000,2,2.67,2,-0.1271262239217758
120,21,1000,1,3.03,9,-0.12712589971721172
120,22,1000,2,2.85,1,-0.12712544152140617
120,23,1000,2,3.24,4,-0.127125304043293
120,24,1000,1,2.78,5,-0.12712576097249983
120,25,1000,1,2.61,3,-0.12712552857398987
120,26,1000,1,2.61,3,-0.1271254286915064
120,27,1000,1,2.64,3,-0.1271252454519272
120,28,1000,3,5.04,3,-0.12712539345026017
120,29,1000,2,3.31,3,-0.12712540408968925
120,30,1000,2,2.76,1,-0.1271252293139696
120,31,1000,1,2.68,4,-0.1271251474171877
120,32,1000,2,4.63,4,-0.12712505565583707
120,33,1000,3,3.45,4,-0.12712463273108005
120,34,1000,2,3.55,5,-0.12712464950978755
120,35,1000,4,5.87,4,-0.12712428453564645
120,36,1000,3,3.74,2,-0.12712459750473498
120,37,1000,3,3.89,2,-0.12712443667650222
120,38,1000,2,3.86,5,-0.12712447236478328
120,39,1000,5,6.62,2,-0.1271242970973253
120,40,1000,1,2.61,2,-0.12712442710995675
120,41,1000,1,2.87,6,-0.1271244391053915
120,42,1000,2,2.64,1,-0.1271244278550148
120,43,1000,1,2.55,2,-0.12712440834939479
120,44,1000,3,4.0,2,-0.1271246726065874
120,45,1000,2,2.65,1,-0.12712518760561944
120,46,1000,1,2.48,1,-0.12712404131889343
120,47,1000,1,2.49,1,-0.12712419033050537
120,48,1000,1,2.51,1,-0.12712422013282776
120,49,1000,1,2.5,1,-0.12712424993515015
120,50,1000,1,2.48,1,-0.12712472677230835
121,1,1000,3,4.53,3,-0.06713719492405654
121,2,1000,3,4.31,3,-0.06713723892718554
121,3,1000,3,3.47,1,-0.06713760399073362
121,4,1000,3,3.77,2,-0.06713745200634003
121,5,1000,4,3.95,2,-0.06713730800896883
121,6,1000,4,6.65,2,-0.0671379697099328
121,7,1000,3,7.01,5,-0.06713829021900893
121,8,207,4,10.04,5,-0.0671393205434228
121,9,1000,3,5.71,4,-0.06713935521990061
121,10,642,3,10.0,2,-0.06713912137015215
121,11,1000,2,4.69,7,-0.06713962694257498
121,12,1000,3,6.08,6,-0.06714007319509983
121,13,1000,3,6.78,5,-0.06714069776237011
121,14,1000,3,5.05,2,-0.06714137680828572
121,15,1000,1,2.66,2,-0.06714274314045907
121,16,1000,1,2.72,3,-0.0671438080444932
121,17,1000,1,2.67,2,-0.06714419484138488
121,18,1000,2,2.83,3,-0.06714390974491835
121,19,1000,1,2.73,3,-0.06714380902796983
121,20,1000,1,2.7,2,-0.06714423756301403
121,21,1000,2,3.17,3,-0.06714387388527393
121,22,1000,4,7.24,3,-0.06714213477820158
121,23,1000,1,2.68,2,-0.06714375287294388
122,1,1000,3,4.5,3,0.01872926951572299
122,2,1000,3,3.46,2,0.018729653015732765
122,3,1000,2,2.7,2,0.018729691818356514
122,4,1000,2,2.8,2,0.018730038423091174
122,5,1000,2,3.14,2,0.01873002285696566
122,6,1000,3,4.61,2,0.01872998973913491
122,7,1000,3,3.49,3,0.01873037683777511
122,8,1000,2,3.09,3,0.01873073472455144
122,9,1000,2,3.22,3,0.018730415733531118
122,10,369,4,10.0,3,0.0187301907668188
122,11,1000,5,9.02,1,0.018730505749583244
122,12,1000,4,4.98,2,0.01873045497201383
122,13,1000,4,4.42,7,0.018730365512892602
122,14,1000,4,3.22,3,0.018730518229305743
122,15,178,5,10.03,5,0.018732087676193606
122,16,147,4,10.06,5,0.018732456680463284
122,17,1000,4,6.27,3,0.018732288405299186
122,18,220,5,10.0,3,0.018733246785334567
122,19,213,4,10.04,3,0.018732344967798447
122,20,1000,3,8.72,5,0.018731780475005507
122,21,320,5,10.01,6,0.018731478333938865
122,22,1000,4,4.23,5,0.018731862552464007
122,23,1000,3,5.9,8,0.018731579503044486
122,24,1000,3,5.09,1,0.018732512049376964
122,25,166,5,10.04,16,0.01873257519475308
122,26,175,4,10.04,6,0.018732974327036314
122,27,1000,2,3.03,2,0.01873323398269713
122,28,1000,1,2.56,2,0.01873390403203666
123,1,1000,3,4.57,3,-0.03256604897230864
123,2,1000,3,3.36,2,-0.032565107103437185
123,3,1000,3,3.1,1,-0.032564241420477626
123,4,1000,2,3.22,2,-0.0325637376755476
123,5,1000,3,4.36,2,-0.032563338447362186
123,6,1000,3,3.92,2,-0.0325629817545414
123,7,1000,2,2.78,2,-0.032563737947493794
123,8,1000,4,3.27,2,-0.03256382293999195
123,9,1000,2,2.86,1,-0.032563746862113475
123,10,1000,3,4.52,1,-0.032562992643564936
123,11,1000,3,3.07,1,-0.032563140045851466
123,12,1000,3,3.14,3,-0.032563471369445325
123,13,1000,2,3.21,2,-0.03256271717697382
123,14,1000,1,2.89,6,-0.03256189286336303
123,15,1000,1,2.61,2,-0.032561339177191256
123,16,1000,1,3.11,9,-0.032562314294278624
123,17,1000,5,8.08,6,-0.032562812998890876
123,18,149,4,10.04,2,-0.032562871607358025
123,19,1000,3,5.83,2,-0.032563229031860826
123,20,159,4,10.02,16,-0.03256276095250867
123,21,142,4,10.01,3,-0.03256355968474502
123,22,146,4,10.03,4,-0.03256325778385548
123,23,169,4,10.01,6,-0.032562499987126806
123,24,1000,2,4.23,3,-0.03256226560845971
123,25,1000,1,2.77,4,-0.03256212401017547
123,26,1000,1,2.71,3,-0.032564778469502925
123,27,1000,1,2.66,2,-0.03256421397998929
123,28,1000,1,2.65,2,-0.032569687753915784
123,29,1000,0,2.45,0,-0.03256659209728241
123,30,1000,0,2.5,0,-0.032573528587818146
123,31,1000,2,3.69,2,-0.03256842167675495
123,32,1000,2,3.8,3,-0.03256872473284602
123,33,1000,1,3.44,13,-0.032568928331136705
124,1,1000,3,4.6,3,0.05000805414095521
124,2,1000,3,4.08,3,0.05000765480473637
124,3,1000,2,3.11,3,0.05000706237927079
124,4,1000,3,2.99,1,0.0500065628066659
124,5,1000,3,3.28,1,0.05000611911341548
124,6,1000,3,4.27,1,0.05000552130490542
124,7,1000,4,5.55,1,0.050005359217524525
124,8,1000,4,7.94,1,0.05000518936663866
124,9,322,5,10.0,1,0.050005101697137636
124,10,988,3,10.0,6,0.05000531104080349
124,11,1000,2,4.24,2,0.05000405352190137
124,12,1000,4,3.96,2,0.050004237581044435
124,13,1000,2,3.12,3,0.0500043787099421
124,14,1000,2,3.13,3,0.050004415109753605
124,15,1000,2,3.13,3,0.05000440602004528
124,16,225,4,10.02,3,0.05000339367323452
124,17,168,3,10.01,13,0.05000325010734655
124,18,1000,4,7.58,3,0.05000318269431591
124,19,1000,4,4.21,1,0.050003294453024864
124,20,1000,4,6.79,1,0.05000325234234333
124,21,1000,3,5.35,1,0.05000376626849175
124,22,394,3,10.0,6,0.050003311242246384
124,23,125,3,10.04,9,0.05000248295068741
124,24,127,4,10.05,3,0.050002347179285186
124,25,1000,3,7.3,5,0.050002129893749955
124,26,1000,2,2.84,2,0.05000159829854965
124,27,1000,1,2.73,4,0.0500020364895463
124,28,1000,2,3.42,3,0.05000145910680294
124,29,1000,2,3.47,4,0.0500020097233355
124,30,167,4,10.05,10,0.050000891780960344
124,31,1000,3,7.12,2,0.05000084140151739
124,32,1000,2,4.1,4,0.05000203693658113
124,33,1000,2,2.73,2,0.05000230272114277
125,1,1000,3,4.6,3,-0.008416266812942922
125,2,1000,3,4.39,3,-0.008416506564244627
125,3,1000,3,5.19,3,-0.008416792924515902
125,4,1000,3,4.62,6,-0.008416887468658388
125,5,1000,2,3.37,3,-0.0084167506583035
125,6,1000,2,3.05,2,-0.008416810221970081
125,7,1000,2,3.05,2,-0.00841693708859384
125,8,1000,2,7.74,9,-0.00841662145871669
125,9,1000,2,4.49,3,-0.00841662556771189
125,10,1000,3,4.26,2,-0.00841712050139904
125,11,1000,3,6.82,2,-0.00841762965824455
125,12,1000,3,3.49,1,-0.008416409962810576
125,13,1000,3,8.12,2,-0.008416383749805391
125,14,1000,3,7.81,2,-0.008416242284700275
125,15,1000,3,9.29,3,-0.008416454562917352
125,16,1000,2,4.98,7,-0.00841679476108402
125,17,691,3,10.0,3,-0.008415946381115362
125,18,1000,2,3.81,2,-0.00841598137281835
125,19,1000,3,6.1,2,-0.008415281518362462
125,20,1000,2,2.76,2,-0.008414469724521041
125,21,1000,2,2.72,2,-0.0084152609705925
126,1,1000,3,4.59,3,-0.02489287333935499
126,2,1000,3,3.44,2,-0.024892532970756293
126,3,1000,2,3.01,2,-0.02489191212505102
126,4,1000,3,5.34,4,-0.02489187516644597
126,5,1000,2,2.85,1,-0.02489197525382042
126,6,1000,2,2.69,1,-0.024892060086131096
126,7,1000,2,2.83,1,-0.024892158720642328
126,8,1000,2,2.76,1,-0.024892514519393442
126,9,1000,1,2.68,3,-0.024892626836895942
126,10,1000,2,3.86,4,-0.024893208280205727
126,11,1000,2,2.85,2,-0.024892608653753995
126,12,1000,3,7.75,3,-0.024892404220998286
126,13,1000,2,3.3,3,-0.024892362277954817
126,14,1000,1,2.78,5,-0.02489258560910821
126,15,1000,3,7.03,5,-0.024892712283879518
126,16,1000,3,2.85,1,-0.024893348019570112
126,17,1000,2,3.32,2,-0.024893842481076716
126,18,160,5,10.04,3,-0.02489367069210857
126,19,1000,4,7.2,3,-0.024893991500139236
126,20,1000,4,7.28,1,-0.02489344635978341
126,21,1000,3,4.19,3,-0.024893324160948395
126,22,1000,2,2.74,2,-0.024893455792218445
126,23,1000,3,8.3,3,-0.024893781810998918
126,24,1000,2,4.19,3,-0.024894651725888253
126,25,1000,3,5.02,4,-0.02489468563720584
126,26,163,5,10.06,3,-0.024896021463845404
126,27,137,4,10.01,5,-0.024895711835936037
126,28,1000,4,6.84,3,-0.024895964823663234
126,29,165,4,10.06,6,-0.024896245144984938
126,30,1000,4,8.06,5,-0.024895569041371347
126,31,140,4,10.06,3,-0.02489620679989457
126,32,144,4,10.08,4,-0.02489669627458271
126,33,130,4,10.04,4,-0.02489716588304593
126,34,129,5,10.08,2,-0.024897510763402134
126,35,241,5,10.07,3,-0.02489786832380839
126,36,1000,5,8.95,3,-0.024897460769861938
126,37,1000,4,8.32,11,-0.024897723738104106
126,38,163,4,10.01,20,-0.024897522915817476
126,39,340,4,10.0,2,-0.02489883644396768
126,40,131,4,10.0,2,-0.02489939367555025
126,41,141,4,10.01,12,-0.02489898627267239
126,42,148,4,10.05,5,-0.024898387391019513
126,43,1000,3,4.56,3,-0.024897110644727945
127,1,1000,3,4.56,3,0.0766082028746605
127,2,1000,3,3.54,3,0.07660922843962908
127,3,1000,2,3.0,2,0.07661012421548366
127,4,1000,2,3.03,2,0.07660977803170681
127,5,1000,2,2.84,2,0.07660996287316084
127,6,1000,4,3.69,2,0.07661034520715475
127,7,1000,3,2.93,1,0.07661136154085398
127,8,1000,1,3.29,12,0.07661159632354975
127,9,1000,3,3.93,2,0.07661142536997795
127,10,1000,3,4.64,4,0.07661165822297335
127,11,1000,2,3.89,4,0.0766105617955327
127,12,1000,3,3.58,3,0.07661047454178334
127,13,1000,3,5.27,4,0.07661113272607327
127,14,1000,1,2.74,5,0.07661073192209006
127,15,1000,1,2.91,7,0.07661201360076667
127,16,1000,3,6.45,3,0.07661174569278956
127,17,1000,3,3.7,2,0.07661167681962251
127,18,1000,3,2.75,1,0.07661187666654587
127,19,1000,1,2.62,2,0.07661232604086399
127,20,1000,1,2.91,5,0.07661129178106785
127,21,1000,3,3.05,2,0.07661026629060506
127,22,1000,3,4.46,2,0.07661045944690704
127,23,1000,3,3.39,3,0.07661196721345186
127,24,1000,5,3.92,3,0.07661312818527222
127,25,1000,3,5.34,5,0.0766143624484539
127,26,1000,4,5.22,2,0.0766134328842163
127,27,1000,3,2.87,2,0.076612129971385
127,28,1000,3,4.18,4,0.07661213078349828
127,29,1000,3,4.01,3,0.07661193443834782
127,30,1000,3,7.39,2,0.07661459268629552
127,31,1000,4,5.72,3,0.07661656004190445
127,32,1000,3,2.93,1,0.076616325289011
127,33,1000,2,3.21,3,0.07661539684981107
127,34,1000,2,2.74,2,0.07661580748856067
127,35,1000,1,2.57,2,0.07661669242382049
127,36,1000,3,3.39,2,0.07661722120642663
127,37,1000,3,3.82,4,0.07661841367185115
127,38,1000,4,3.84,2,0.07661861951649189
128,1,1000,3,4.53,3,0.03599933098629117
128,2,1000,3,3.57,3,0.035999479796737434
128,3,1000,3,4.42,3,0.03599958154186606
128,4,1000,2,2.88,3,0.03599921565502882
128,5,1000,2,3.17,2,0.03599906912446022
128,6,162,5,10.07,2,0.035999579769041806
128,7,1000,4,4.0,1,0.03599947610870004
128,8,1000,1,2.72,4,0.0359997124299407
128,9,1000,2,5.51,5,0.03599989102780819
128,10,1000,1,2.66,3,0.03599977985024452
128,11,1000,2,3.87,4,0.03599963165447116
128,12,193,4,10.0,4,0.035999712838255676
128,13,159,4,10.03,3,0.036000130944094565
128,14,1000,3,4.15,3,0.03600065840780735
128,15,1000,2,5.46,4,0.03600049739331007
128,16,166,5,10.07,4,0.036000605268650746
128,17,1000,4,8.26,2,0.036000577576458456
128,18,1000,2,3.13,3,0.036001028381288054
128,19,1000,2,4.03,3,0.03600063693523407
128,20,1000,2,5.08,12,0.03600065287947655
128,21,151,4,10.05,5,0.03600096520011788
128,22,179,4,10.04,5,0.03600097312357839
128,23,168,6,10.05,3,0.03600161535931485
128,24,1000,4,8.33,3,0.036001501858234405
128,25,1000,5,8.59,2,0.03600194312632084
128,26,137,3,10.01,6,0.036002205181730924
128,27,159,4,10.03,5,0.03600265521485851
128,28,1000,2,3.98,6,0.03600268644839525
128,29,1000,4,6.2,2,0.03600263017416001
128,30,1000,2,4.13,2,0.03600256029516458
128,31,225,6,10.0,4,0.036002852221330005
128,32,1000,2,3.3,3,0.036003621753305196
128,33,190,4,10.0,3,0.03600386202727494
128,34,165,4,10.0,3,0.03600432378324595
128,35,1000,4,4.53,1,0.03600452757626772
128,36,1000,4,6.26,2,0.03600422099977732
128,37,140,3,10.06,8,0.03600478544831276
128,38,1000,3,5.29,15,0.03600446492061019
129,1,1000,3,4.6,3,-0.08877183933556079
129,2,1000,3,3.1,3,-0.08877300015091896
129,3,1000,3,3.55,3,-0.08877357238531113
129,4,1000,3,3.56,3,-0.08877428992837667
129,5,1000,3,5.23,3,-0.08877472401410341
129,6,1000,3,8.86,3,-0.08877499678730964
129,7,1000,3,4.0,1,-0.0887750350907445
129,8,1000,3,3.26,2,-0.08877546373009682
129,9,1000,2,3.08,3,-0.08877563107758761
129,10,1000,3,4.28,2,-0.08877574262022972
129,11,1000,3,7.25,2,-0.08877560533583165
129,12,1000,2,3.39,3,-0.0887760891392827
129,13,1000,5,8.31,9,-0.08877562139928341
129,14,152,4,10.04,4,-0.0887749865160961
129,15,1000,4,5.31,2,-0.08877566885203123
129,16,153,4,10.03,4,-0.08877579989581326
129,17,400,4,10.05,5,-0.08877532904967665
129,18,166,4,10.02,4,-0.08877543404877904
129,19,1000,4,5.15,2,-0.08877565072476865
129,20,928,4,10.0,3,-0.08877531466363318
129,21,1000,4,9.67,3,-0.08877526011317968
129,22,1000,4,7.29,3,-0.08877539669722319
129,23,1000,2,8.92,12,-0.08877599082142115
129,24,135,5,10.03,3,-0.08877587853758423
129,25,1000,3,4.64,3,-0.08877617391198873
130,1,1000,3,4.65,3,0.051820172570645806
130,2,1000,3,4.77,3,0.05181907348334789
130,3,1000,3,3.39,1,0.05181889705359936
130,4,1000,3,3.42,1,0.05181900909543037
130,5,1000,3,3.42,1,0.051819081582129
130,6,1000,3,4.47,1,0.05181902641803026
130,7,1000,3,3.42,1,0.05181864946335554
130,8,1000,3,3.42,1,0.05181765428185463
130,9,1000,2,3.28,3,0.051817385766655205
130,10,1000,3,5.91,1,0.05181669354438782
130,11,1000,4,7.61,6,0.0518165216781199
130,12,1000,3,6.38,3,0.05181598289310932
130,13,163,6,10.01,5,0.05181596531001337
130,14,191,5,10.04,3,0.051816603588184136
130,15,1000,4,4.83,1,0.0518167265355587
130,16,1000,3,3.37,2,0.051817336041480304
130,17,473,4,10.01,3,0.05181757004707106
130,18,1000,3,3.63,1,0.05181853491812945
130,19,1000,4,6.66,1,0.05181880296766758
130,20,1000,5,6.96,1,0.05181959349289537
130,21,1000,6,8.22,1,0.05181920189410448
130,22,1000,6,7.04,1,0.05181928312405944
130,23,1000,6,6.43,1,0.05181946412846446
130,24,1000,3,9.21,2,0.05182018008828163
130,25,1000,3,4.37,2,0.05182063345238566
130,26,1000,5,6.79,2,0.05182065746933222
130,27,1000,4,4.48,1,0.051821287002414465
130,28,1000,4,4.52,1,0.051821463678032156
130,29,1000,4,7.37,1,0.05182345682010055
130,30,1000,4,5.56,1,0.05182374081388116
130,31,1000,3,5.05,3,0.05182502807304263
130,32,1000,1,2.73,4,0.051825723640620706
130,33,1000,2,5.55,23,0.0518247943483293
130,34,135,3,10.07,21,0.05182481250829167
130,35,124,4,10.07,3,0.0518232315718647
130,36,162,5,10.06,3,0.05182338600265391
130,37,199,5,10.08,3,0.05182392595700882
130,38,1000,3,3.65,1,0.05182476025819779
130,39,1000,3,4.25,2,0.051824500624090435
130,40,154,4,10.01,5,0.05182563895722488
130,41,1000,3,9.64,6,0.051826450418680906
130,42,1000,4,6.26,3,0.05182645374909043
130,43,1000,3,7.24,3,0.0518263517729938
130,44,1000,3,6.25,5,0.051827499471604824
130,45,1000,4,9.19,3,0.051828262984752654
130,46,1000,3,5.6,3,0.05182892830297351
130,47,1000,3,9.56,3,0.05183101158216596
130,48,153,5,10.05,3,0.05183179413571077
130,49,1000,3,9.54,3,0.05183304579555988
130,50,142,4,10.01,3,0.051833460369790106
130,51,138,3,10.07,8,0.05183323826370896
130,52,177,4,10.06,8,0.05183332855418577
130,53,1000,4,5.99,9,0.05183502634614706
131,1,1000,3,4.58,3,0.03980147460475564
131,2,1000,3,3.54,3,0.03980108463019132
131,3,1000,3,5.28,3,0.039800700537860396
131,4,1000,3,5.29,3,0.03979961806163192
131,5,1000,3,3.97,5,0.03979911404848099
131,6,1000,5,8.76,2,0.03979887519404292
131,7,1000,4,6.64,4,0.039799523700028656
131,8,1000,1,2.9,6,0.039800056889653206
131,9,1000,1,2.66,3,0.03980003618821502
131,10,1000,1,2.65,3,0.039800255503505466
131,11,1000,1,2.71,4,0.03980019946396351
131,12,1000,2,4.8,6,0.03979911251366138
131,13,1000,4,3.47,2,0.03979836653918028
131,14,1000,3,4.65,3,0.03979938232526183
131,15,1000,3,6.27,5,0.039800361651927234
131,16,1000,3,4.5,4,0.039800715070217846
131,17,154,5,10.03,3,0.03980143336796915
131,18,180,5,10.06,4,0.039801075164642596
131,19,962,5,10.0,11,0.03979966276772553
131,20,140,4,10.05,3,0.039799590195928304
131,21,1000,3,6.3,6,0.039799564197659495
131,22,162,4,10.01,6,0.03979919613971387
131,23,181,5,10.06,3,0.039800097538127424
131,24,149,4,10.01,4,0.03980088326454963
131,25,1000,4,9.48,7,0.03980048458278179
131,26,173,6,10.02,5,0.03980038771567317
131,27,160,4,10.01,15,0.03980037758592516
131,28,145,4,10.05,5,0.03980091237302484
131,29,133,3,10.01,3,0.03980054053709023
131,30,1000,2,7.79,24,0.03980043968558312
131,31,136,3,10.03,3,0.03980081821517909
131,32,1000,2,3.4,3,0.03980061038956046
131,33,1000,2,3.12,2,0.03980040130391717
131,34,1000,2,5.34,7,0.039800630796700716
131,35,1000,1,3.55,14,0.0398005486279726
131,36,1000,2,5.35,3,0.039800997518002985
131,37,137,3,10.04,6,0.039800750268419297
132,1,1000,3,4.61,3,0.07919488080590964
132,2,1000,3,3.61,3,0.07919684240967036
132,3,1000,3,4.36,2,0.07919830287247896
132,4,1000,3,3.71,1,0.07919834204763174
132,5,1000,3,3.89,1,0.07919909976422787
132,6,1000,3,3.76,1,0.07919963034242392
132,7,1000,3,7.79,4,0.07919938798993825
132,8,305,4,10.04,4,0.07919960561834398
132,9,207,4,10.01,4,0.07919979523777386
132,10,144,3,10.03,3,0.07919976808544663
132,11,1000,3,7.13,3,0.07919949114322662
132,12,1000,3,5.27,3,0.07919992727041245
132,13,1000,3,7.06,3,0.07919902815669776
132,14,1000,3,8.91,3,0.07920010267198085
132,15,1000,3,5.97,1,0.07920008460432292
132,16,1000,2,3.33,4,0.07920079636573792
132,17,1000,3,4.87,2,0.07920024760067462
132,18,183,3,10.04,4,0.07919953682057844
132,19,1000,3,8.63,3,0.0791981529518962
132,20,1000,3,7.79,2,0.07919870410859585
132,21,1000,3,4.86,2,0.07919857225567102
132,22,1000,3,4.0,1,0.07919854386150837
132,23,1000,3,6.16,2,0.07919861245155334
132,24,1000,3,4.69,2,0.0791979014351964
132,25,1000,2,3.16,3,0.07919803792238235
132,26,1000,3,4.99,2,0.07919719662517309
132,27,1000,2,3.15,2,0.079197858273983
132,28,1000,3,3.46,1,0.07919779063761234
132,29,1000,2,2.64,1,0.07919739186763763
132,30,1000,2,2.73,2,0.07919794008135796
132,31,1000,3,2.69,1,0.07919932156801224
132,32,1000,1,2.59,2,0.07919838210940361
133,1,1000,3,4.63,3,0.02462614663876593
133,2,1000,3,3.65,3,0.024623190050944686
133,3,1000,3,3.22,2,0.024620625467970968
133,4,1000,2,3.23,5,0.024619166485965252
133,5,1000,2,2.91,3,0.024617944648489355
133,6,1000,3,3.56,2,0.024617030324414372
133,7,1000,3,4.01,2,0.024615578979253767
133,8,1000,2,2.92,3,0.02461547097377479
133,9,1000,3,3.15,3,0.024613860137760638
133,10,1000,3,5.57,3,0.02461199633218348
133,11,1000,3,3.95,4,0.02460940716974437
133,12,1000,3,4.89,2,0.024608521880581977
133,13,1000,5,9.77,4,0.024609119767323138
133,14,149,4,10.01,6,0.024608635524875366
133,15,1000,3,4.09,3,0.02460801074281335
133,16,365,5,10.02,3,0.024606363000730946
133,17,170,4,10.04,4,0.02460598509539576
133,18,1000,5,6.15,2,0.02460380491055548
133,19,161,5,10.05,4,0.02459950259198313
133,20,1000,5,6.54,3,0.024596633467823266
133,21,1000,2,3.9,2,0.024596035128459336
133,22,143,5,10.02,3,0.024593691335066215
133,23,1000,2,4.31,5,0.024594968244433402
133,24,175,4,10.04,5,0.024594736088599477
133,25,153,3,10.01,4,0.02459377298752467
133,26,156,4,10.07,3,0.024591192232970245
133,27,152,4,10.03,2,0.024587838408096058
133,28,117,3,10.05,7,0.024585742598924883
133,29,221,3,10.03,18,0.024582771213548217
133,30,1000,2,3.33,8,0.024580490227788687
134,1,1000,3,4.54,3,-0.04854209568351507
134,2,1000,3,2.87,1,-0.048542747177183626
134,3,1000,3,3.66,2,-0.04854362316802144
134,4,1000,2,3.12,3,-0.048543502178043124
134,5,1000,1,2.65,3,-0.04854426560550928
134,6,1000,2,3.29,4,-0.04854365089908242
134,7,1000,1,2.61,3,-0.04854415703937411
134,8,1000,2,2.67,1,-0.048545088171958926
134,9,1000,2,2.93,2,-0.04854365111887455
134,10,1000,2,3.14,2,-0.04854369186609984
134,11,1000,2,3.56,4,-0.048543855983763935
134,12,1000,3,3.09,1,-0.04854388722404838
134,13,1000,3,3.94,3,-0.04854283333569765
134,14,1000,2,3.25,3,-0.04854244044050574
134,15,1000,2,3.65,3,-0.04854244591668248
134,16,1000,2,3.05,2,-0.04854280415922403
134,17,1000,1,2.69,4,-0.048541330631822345
135,1,1000,3,4.66,3,-0.006602258053608239
135,2,1000,3,3.35,2,-0.006601821982301772
135,3,1000,3,4.39,2,-0.006601821126416325
135,4,1000,4,3.32,3,-0.006601883294992149
135,5,1000,3,3.59,1,-0.0066020311340689655
135,6,1000,4,7.28,2,-0.006601983577944339
135,7,1000,4,3.57,3,-0.006601730260066688
135,8,1000,4,3.07,1,-0.006601584139280021
135,9,1000,1,2.78,5,-0.006601484061218798
135,10,1000,3,7.37,8,-0.006601197981275618
135,11,1000,2,3.83,2,-0.006601313770748675
135,12,1000,4,4.65,3,-0.006601745159365237
135,13,1000,4,3.08,3,-0.006602081906981766
135,14,1000,4,3.09,3,-0.0066019341871142384
135,15,187,4,10.01,3,-0.006602168068249914
135,16,1000,4,3.99,3,-0.006602264041081071
135,17,1000,2,4.45,5,-0.006602059171535075
135,18,147,5,10.02,5,-0.006601653131497961
135,19,148,5,10.01,1,-0.0066017447341535545
135,20,1000,2,3.96,7,-0.006602049075998366
135,21,1000,2,3.08,3,-0.006602173618040979
135,22,1000,2,5.42,6,-0.00660191076528281
135,23,172,5,10.03,3,-0.006601596310691431
135,24,1000,3,6.14,4,-0.006602107622660697
135,25,1000,4,7.57,3,-0.0066024483097717164
135,26,1000,2,3.31,3,-0.006601689430885017
135,27,1000,2,4.05,3,-0.006600872213952244
135,28,1000,2,3.37,6,-0.0066005799770355224
135,29,209,4,10.03,3,-0.0066014333677135014
135,30,150,4,10.05,3,-0.0066013850085437295
135,31,145,4,10.04,3,-0.006600415937859437
135,32,1000,3,7.32,4,-0.006599942923523485
135,33,1000,2,3.81,4,-0.006598789632320404
136,1,1000,3,4.56,3,-0.0035408802181482314
136,2,1000,3,3.31,2,-0.00354124179109931
136,3,1000,3,3.72,2,-0.003542103238403797
136,4,1000,3,3.16,2,-0.0035425119176506997
136,5,1000,3,4.76,3,-0.003542740099132061
136,6,1000,3,3.89,5,-0.00354315822198987
136,7,655,5,10.0,4,-0.0035431115568139173
136,8,1000,4,6.34,2,-0.003543122097849846
136,9,1000,1,2.81,5,-0.003543289504945278
136,10,1000,1,2.64,3,-0.0035430084690451624
136,11,1000,2,4.69,4,-0.0035431196317076683
136,12,1000,2,3.31,4,-0.003542847290635109
136,13,1000,3,4.88,7,-0.0035428228862583637
136,14,1000,4,5.26,3,-0.0035425315909087657
136,15,1000,2,3.01,2,-0.0035429943576455116
136,16,1000,2,3.2,2,-0.0035429566353559496
136,17,1000,1,2.63,3,-0.0035432408303022384
136,18,1000,1,2.67,3,-0.0035426842905580997
136,19,1000,2,3.29,3,-0.0035434126928448675
136,20,1000,2,3.32,3,-0.0035438930317759514
136,21,1000,2,3.31,3,-0.0035441549755632876
136,22,1000,2,3.03,2,-0.00354151364043355
136,23,1000,1,2.75,4,-0.0035409055091440676
136,24,1000,2,2.87,2,-0.0035421097092330454
136,25,1000,3,4.28,5,-0.00354255086183548
136,26,1000,4,7.79,3,-0.003542418234050274
136,27,1000,7,9.44,1,-0.0035423258803784848
136,28,1000,4,3.92,1,-0.0035420531071722505
136,29,1000,6,3.55,1,-0.0035433936268091204
136,30,1000,2,3.56,2,-0.003542698010802269
136,31,1000,3,4.46,4,-0.0035436182878911494
136,32,1000,1,2.73,4,-0.0035447625294327736
136,33,1000,1,2.69,4,-0.003544144321233034
137,1,1000,3,4.6,3,-0.10422223503887654
137,2,1000,3,4.4,2,-0.10422107101976871
137,3,1000,3,3.92,3,-0.10422099475562573
137,4,1000,3,5.42,3,-0.10422137459367514
137,5,1000,3,3.42,3,-0.10422099927067757
137,6,1000,4,4.85,3,-0.10422089233994485
137,7,1000,2,3.23,2,-0.10422136250138282
137,8,1000,3,4.33,2,-0.10422134425491095
137,9,1000,3,4.4,3,-0.10422097328305245
137,10,1000,3,3.22,2,-0.10422118097543716
137,11,1000,3,4.05,7,-0.10422118562459946
137,12,1000,2,3.06,4,-0.10422116640210152
137,13,1000,2,2.87,2,-0.10422060814499855
137,14,1000,1,2.91,6,-0.10422062711417675
137,15,1000,1,2.61,2,-0.104220200330019
138,1,1000,3,4.6,3,0.013221012135967613
138,2,1000,3,3.82,3,0.01322029872611165
138,3,1000,3,4.07,2,0.013219728283584118
138,4,1000,2,3.01,2,0.013218959437683225
138,5,1000,3,5.04,3,0.013218882428482175
138,6,1000,3,4.82,8,0.013218803986907005
138,7,1000,3,3.2,1,0.013219103924930095
138,8,1000,2,2.69,1,0.013219106033444405
138,9,1000,2,2.7,1,0.013218265132978559
138,10,1000,3,4.0,4,0.013218236453831196
138,11,1000,3,4.88,2,0.013217963714152575
138,12,1000,2,2.9,3,0.013216711850836872
138,13,1000,2,2.76,1,0.013216766217723488
138,14,1000,2,3.33,3,0.01321621267311275
138,15,1000,2,3.1,2,0.013217129280790687
138,16,1000,1,3.26,11,0.013215755566954613
138,17,1000,2,3.16,3,0.013216467691585422
138,18,1000,1,2.58,2,0.013216373465955257
138,19,1000,1,2.55,2,0.013216511979699135
138,20,1000,1,2.75,4,0.01321608618274331
138,21,1000,2,4.48,7,0.013215302089229226
138,22,228,5,10.03,3,0.01321491419354029
138,23,1000,3,4.81,1,0.013215107385069131
138,24,1000,2,2.93,1,0.013213129041716457
138,25,1000,3,6.5,8,0.013212189989164472
138,26,1000,3,9.34,3,0.013212604615837335
138,27,1000,2,3.75,3,0.013211684377864004
138,28,174,3,10.04,9,0.013210988721285743
138,29,167,4,10.01,2,0.013211215533940735
138,30,1000,4,3.81,3,0.013210099745541812
138,31,1000,3,3.82,3,0.013209514828398824
138,32,1000,4,9.04,5,0.013208986217156053
138,33,219,4,10.05,4,0.013208949772564515
138,34,1000,3,4.09,4,0.013209012523293494
138,35,1000,3,8.16,4,0.013208720229566097
138,36,1000,3,5.61,2,0.013208065019920468
138,37,1000,4,6.42,3,0.013208189960569144
138,38,614,3,10.0,3,0.013207212363518411
138,39,1000,3,6.69,3,0.013207422537729144
138,40,1000,3,4.38,2,0.013207422584295274
138,41,1000,2,4.07,3,0.013208459736779333
138,42,135,3,10.06,6,0.013208128960320243
138,43,1000,2,3.58,5,0.01320756714977324
138,44,1000,2,3.07,4,0.013206290794536472
138,45,1000,2,3.14,4,0.013205022796988488
138,46,1000,1,2.59,2,0.013204654864966869
138,47,1000,4,4.17,3,0.013205858374014497
138,48,1000,5,6.19,3,0.013205049678683281
138,49,678,4,10.0,3,0.013205089375574505
138,50,1000,3,4.32,2,0.013203339513391256
138,51,1000,2,3.1,2,0.01320357646048069
138,52,1000,2,4.27,6,0.013203950284048915
138,53,1000,3,6.22,5,0.013202324882149697
138,54,1000,3,5.21,5,0.013201416864059866
138,55,1000,1,2.65,3,0.013198894955217838
139,1,1000,3,4.56,3,0.04835230258107186
139,2,1000,3,3.56,3,0.04835272346809506
139,3,1000,2,3.04,2,0.04835306075960398
139,4,1000,3,3.93,2,0.04835331952571869
139,5,1000,3,3.55,3,0.0483535473421216
139,6,1000,3,3.75,2,0.048353192154318096
139,7,1000,3,3.95,2,0.048353228472173215
139,8,1000,5,4.63,2,0.048353900495916605
139,9,1000,2,3.2,2,0.04835448430851102
139,10,1000,3,4.06,1,0.04835448677092791
139,11,1000,3,3.14,1,0.048354364551603794
139,12,1000,3,3.61,1,0.048354842714965346
139,13,152,7,10.02,1,0.04835467535610262
139,14,1000,7,7.96,1,0.04835424365848303
139,15,153,5,10.0,1,0.048353702560359355
139,16,1000,3,3.45,1,0.048353941533714535
139,17,1000,2,3.01,2,0.04835399377718568
139,18,1000,2,2.81,1,0.04835448672249913
139,19,1000,3,8.44,4,0.048354764223098756
139,20,1000,3,3.33,2,0.04835479344800114
139,21,1000,2,3.55,5,0.048354065638035536
139,22,174,5,10.04,3,0.04835437822701602
139,23,148,4,10.04,5,0.04835424096499746
139,24,155,4,10.05,5,0.04835399980506589
139,25,1000,2,3.12,3,0.048354315429925916
139,26,1000,3,3.25,1,0.04835466030240059
139,27,1000,2,3.55,2,0.048354330725967884
139,28,1000,4,5.88,3,0.04835398413240909
139,29,1000,4,6.05,3,0.048354196473956106
139,30,1000,4,6.84,3,0.04835394515097141
139,31,1000,4,5.5,5,0.04835336611419916
139,32,1000,2,3.2,8,0.04835369024053216
139,33,1000,2,3.19,2,0.048353639733046294
139,34,1000,2,3.05,4,0.04835382015258074
139,35,1000,2,3.31,4,0.04835360802337527
139,36,1000,1,2.5,1,0.04835432767868042
140,1,1000,3,4.68,3,0.08249351255595684
140,2,1000,3,3.24,3,0.08249403285235167
140,3,1000,3,5.26,3,0.08249320337921381
140,4,1000,3,4.48,3,0.08249370522797107
140,5,1000,2,2.75,1,0.08249401445686817
140,6,1000,3,3.24,2,0.0824925079792738
140,7,1000,3,5.05,5,0.08249242323637009
140,8,1000,2,3.27,1,0.08249322564899922
140,9,1000,3,3.54,2,0.08249296865612268
140,10,1000,3,3.87,3,0.08249338088929653
140,11,1000,3,3.06,2,0.08249271073937416
140,12,1000,3,4.76,4,0.08249348010122776
140,13,1000,3,4.62,4,0.08249284746497869
140,14,1000,3,3.03,1,0.08249226170033216
140,15,1000,3,3.14,1,0.0824919159039855
140,16,1000,3,3.58,1,0.0824929521381855
140,17,1000,3,4.19,1,0.08249222724884749
140,18,1000,3,2.97,1,0.08249227941781283
140,19,1000,3,3.5,2,0.0824931206330657
140,20,1000,3,4.29,3,0.0824926734417677
140,21,1000,3,4.08,3,0.0824917249083519
140,22,1000,3,5.34,3,0.0824914571121335
140,23,1000,2,3.21,1,0.08249194077402354
140,24,1000,3,4.46,3,0.08249173709005117
140,25,1000,3,4.17,2,0.08249155166745185
140,26,1000,3,4.89,2,0.08249166133999825
140,27,1000,3,2.83,1,0.08249164599180221
140,28,1000,3,2.84,1,0.08249211651086807
140,29,1000,3,7.56,8,0.08249225210398435
140,30,1000,4,6.56,4,0.08249227545410395
140,31,1000,3,4.19,3,0.08249266313016415
140,32,1000,3,5.07,4,0.08249318385869264
140,33,1000,2,3.63,2,0.08249460918456317
140,34,1000,2,4.48,4,0.082495481364429
140,35,1000,3,6.04,2,0.08249511568248272
140,36,1000,1,2.54,1,0.08249642699211836
141,1,1000,3,4.64,3,0.028772966265678407
141,2,1000,3,4.4,3,0.028772383494302632
141,3,1000,3,5.29,3,0.028772427916526795
141,4,1000,3,7.25,5,0.02877111343666911
141,5,1000,3,6.21,3,0.028771505700424315
141,6,1000,3,5.34,3,0.02877136140689254
141,7,1000,3,4.7,3,0.028771303430199624
141,8,1000,3,4.88,3,0.028770947916433216
141,9,1000,3,8.48,5,0.028769316092133523
141,10,1000,4,8.81,3,0.028768971471115946
141,11,1000,4,5.97,3,0.028769067293033003
141,12,1000,3,4.67,3,0.02876832387596369
141,13,1000,3,5.78,3,0.028768762398511172
141,14,140,3,10.0,7,0.02876910451533539
141,15,199,4,10.08,3,0.0287691058881169
141,16,1000,3,7.99,3,0.0287691861782223
141,17,583,3,10.0,5,0.028769917495382588
141,18,1000,3,7.45,5,0.028769815254956484
141,19,1000,3,3.69,2,0.02876909319497645
141,20,158,3,10.07,7,0.02876857646941384
141,21,1000,4,6.68,3,0.02876898492872715
141,22,1000,3,7.38,5,0.028769029043614863
141,23,1000,3,5.3,3,0.02876911354251206
141,24,1000,1,2.78,4,0.028768621353432534
141,25,1000,1,2.69,3,0.028768617684021593
141,26,1000,1,2.6,2,0.02876824363321066
141,27,1000,1,2.68,3,0.028768808679655193
142,1,1000,3,4.61,3,0.003449964754283428
142,2,1000,3,3.6,3,0.003449823345988989
142,3,1000,2,2.84,2,0.0034501095730811357
142,4,1000,2,3.21,2,0.003450067030265927
142,5,1000,2,2.64,1,0.003449642453342676
142,6,1000,1,2.84,6,0.003449401956051588
142,7,1000,2,3.7,5,0.0034494265764951704
142,8,1000,2,3.71,3,0.00344921356998384
142,9,1000,1,2.72,4,0.003449152387678623
143,1,1000,3,4.64,3,-0.11785502932965755
143,2,1000,3,4.5,3,-0.11785439650714398
143,3,1000,3,4.01,3,-0.117852863073349
143,4,1000,3,3.17,1,-0.11785214501619339
143,5,1000,4,3.6,4,-0.11785058361291885
143,6,1000,3,2.8,1,-0.11785037007927894
143,7,1000,3,2.99,1,-0.11784848814457655
143,8,1000,4,4.63,1,-0.11784748477488756
143,9,1000,5,3.7,2,-0.11784660019725561
143,10,1000,2,2.71,2,-0.11784691233932972
143,11,1000,2,2.69,2,-0.1178459295630455
143,12,1000,2,3.03,4,-0.11784638143330813
143,13,1000,2,3.03,4,-0.11784615239500999
143,14,1000,2,3.04,4,-0.11784550412744284
143,15,1000,2,3.47,7,-0.11784472296386957
143,16,135,4,10.01,3,-0.1178436361529209
143,17,1000,4,6.31,3,-0.11784396222233773
143,18,1000,3,2.99,1,-0.11784489953517914
143,19,1000,4,4.26,2,-0.11784541189670562
143,20,1000,4,6.06,4,-0.11784596651792527
143,21,1000,3,4.42,1,-0.11784631720930337
143,22,1000,2,3.17,1,-0.11784673640877008
143,23,1000,1,2.52,1,-0.11784779280424118
143,24,1000,1,2.5,1,-0.11784619837999344
143,25,1000,2,2.68,2,-0.11784531366080046
143,26,1000,1,2.53,1,-0.11784446239471436
144,1,1000,3,4.59,3,0.054463861033320425
144,2,1000,3,3.22,2,0.05446368528902531
144,3,1000,3,4.57,3,0.05446308290958404
144,4,1000,3,4.9,3,0.054463197126984594
144,5,1000,3,6.84,3,0.054463336784392594
144,6,1000,4,6.21,3,0.054463184364140035
144,7,1000,5,9.37,3,0.054463219050318
144,8,1000,5,9.31,3,0.054462639313191175
144,9,1000,3,5.57,1,0.05446276764571667
144,10,1000,4,5.27,1,0.05446208716928959
144,11,1000,3,5.1,6,0.05446281287074089
144,12,1000,4,6.73,1,0.05446275121718645
144,13,1000,4,8.21,2,0.05446324737370014
144,14,161,3,10.07,6,0.05446359468913226
144,15,1000,4,9.83,5,0.05446430108323693
144,16,1000,5,9.93,3,0.054464230414479974
144,17,1000,3,3.89,1,0.05446430280059576
144,18,1000,5,8.92,2,0.054463524784892796
144,19,1000,4,8.48,1,0.05446394536271691
144,20,1000,3,4.52,3,0.05446315864473581
144,21,1000,5,5.1,3,0.05446393277123571
144,22,1000,1,2.6,2,0.05446407282352447
144,23,1000,1,2.77,5,0.054463973730802535
144,24,1000,1,2.71,4,0.05446388681977987
145,1,1000,3,4.72,3,-0.029229551976546645
145,2,1000,3,3.23,2,-0.02922948782518506
145,3,1000,3,3.06,2,-0.02922962841205299
145,4,1000,3,3.34,2,-0.029229465156793595
145,5,1000,3,3.99,3,-0.029229666734114288
145,6,1000,1,2.64,3,-0.029229372961446645
145,7,1000,2,3.56,3,-0.029229694485664367
145,8,1000,2,3.92,4,-0.02923043932579458
145,9,183,5,10.07,3,-0.02923070766601732
145,10,170,5,10.03,3,-0.029230593561249622
145,11,1000,4,5.06,3,-0.02923022329248488
145,12,1000,5,6.55,4,-0.029230434738099574
145,13,1000,3,5.14,10,-0.02923059527017176
145,14,1000,5,5.4,3,-0.029230922864750028
145,15,1000,4,4.38,3,-0.029232065895572305
145,16,1000,6,8.37,3,-0.029232806203886866
145,17,1000,5,5.47,3,-0.02923279969394207
145,18,1000,2,2.74,3,-0.02923144342750311
145,19,1000,2,3.71,2,-0.029230969820171596
145,20,1000,3,6.01,6,-0.029230579234659673
145,21,1000,3,4.89,4,-0.029230495451018215
145,22,1000,3,6.5,3,-0.02923072322458029
145,23,1000,2,5.06,2,-0.02923019378632307
145,24,926,2,10.0,13,-0.02922999954804553
145,25,1000,3,5.0,5,-0.02923013898357749
145,26,1000,2,3.37,4,-0.02923044713586569
145,27,1000,2,4.14,6,-0.029230996690690517
145,28,1000,2,3.57,4,-0.029231711523607373
145,29,1000,3,4.65,4,-0.02923181162402034
145,30,1000,1,2.57,1,-0.029230907559394836
145,31,1000,1,2.76,4,-0.02923165236413479
146,1,1000,3,4.63,3,0.04575700693204999
146,2,1000,3,3.42,2,0.04575726574286818
146,3,1000,3,3.94,2,0.04575701331719756
146,4,1000,2,2.82,3,0.04575727197527885
146,5,1000,3,3.79,3,0.045757608238607646
146,6,1000,4,5.2,2,0.045757637605071066
146,7,1000,3,7.32,7,0.04575761770829558
146,8,1000,5,6.77,2,0.04575647161155939
146,9,1000,4,3.52,2,0.04575642774254084
146,10,1000,5,9.47,2,0.04575650095939636
146,11,1000,2,3.27,5,0.045756752133369445
146,12,1000,2,3.59,3,0.04575682140141726
146,13,1000,2,3.05,3,0.04575716084986925
146,14,1000,3,6.38,6,0.04575712086260319
146,15,1000,2,3.13,5,0.04575764986872673
146,16,1000,3,3.05,4,0.04575801034644246
146,17,1000,3,4.53,3,0.0457582063190639
146,18,1000,2,3.25,3,0.04575809374824166
146,19,1000,2,2.76,2,0.04575822988152504
146,20,1000,1,2.5,1,0.045759644359350204
147,1,1000,3,4.61,3,-0.10553683855384588
147,2,1000,3,5.01,3,-0.10553642001748086
147,3,1000,4,6.04,3,-0.10553635956346989
147,4,1000,4,6.08,3,-0.10553613810241222
147,5,1000,4,6.05,3,-0.10553597269952297
147,6,1000,5,8.24,3,-0.1055353753194213
147,7,1000,5,8.19,3,-0.10553502820432187
147,8,1000,4,5.75,3,-0.10553442708402871
147,9,1000,5,7.77,3,-0.10553409201651812
147,10,341,5,10.0,3,-0.10553386401046407
147,11,1000,4,6.48,3,-0.10553359428793192
147,12,1000,4,6.0,3,-0.10553353302925825
147,13,1000,3,7.69,3,-0.10553375053405761
147,14,1000,3,4.57,1,-0.10553312719613314
147,15,1000,3,4.54,1,-0.10553299013525247
147,16,1000,3,5.14,1,-0.1055331398397684
147,17,1000,2,4.53,7,-0.10553275883942842
147,18,1000,2,4.58,7,-0.10553218305110931
147,19,1000,2,4.57,7,-0.10553185898810626
147,20,1000,2,4.55,7,-0.10553192906081676
147,21,1000,2,4.57,7,-0.10553184931725264
147,22,1000,2,4.24,6,-0.10553151632845402
147,23,1000,3,8.89,5,-0.10553133323043584
147,24,1000,3,7.19,3,-0.10553117571771145
147,25,1000,3,8.22,3,-0.10553114756941795
147,26,1000,3,9.28,3,-0.10553139863908291
147,27,715,3,10.0,3,-0.10553125132630756
147,28,150,3,10.05,4,-0.10553174207607906
147,29,1000,3,6.18,1,-0.10553121956437826
147,30,1000,3,3.32,1,-0.10553160664439201
147,31,1000,3,3.69,1,-0.10553144385665655
147,32,1000,2,3.22,2,-0.10553199043869972
147,33,1000,2,3.95,4,-0.1055316951945424
147,34,1000,2,2.85,1,-0.10553109303116798
147,35,1000,2,2.95,3,-0.10553054267168045
147,36,1000,2,2.89,1,-0.10553061514347792
148,1,1000,3,4.69,3,0.10975816638767719
148,2,1000,3,5.33,3,0.10975812019407749
148,3,1000,4,9.02,3,0.10975816579163075
148,4,1000,3,6.35,3,0.1097578738629818
148,5,196,5,10.02,3,0.10975888842830853
148,6,1000,5,5.87,3,0.10975951516628266
148,7,1000,4,6.71,2,0.10975984209775924
148,8,898,5,10.0,2,0.10976001601209885
148,9,1000,2,4.36,4,0.1097614271491766
148,10,1000,4,9.02,3,0.10976175732910633
148,11,1000,3,3.78,1,0.1097612263187766
148,12,1000,3,6.36,3,0.10976026106625796
148,13,130,3,10.02,4,0.10976012045374284
148,14,136,4,10.03,5,0.1097609399653533
148,15,1000,4,6.93,3,0.10976189246028661
148,16,1000,4,8.98,3,0.10976225572824479
148,17,190,4,10.05,3,0.10976180026405737
148,18,503,4,10.0,2,0.1097618342482783
148,19,386,4,10.0,2,0.10976108304499962
148,20,177,4,10.08,3,0.10975996185999132
148,21,208,4,10.08,3,0.10975939973902243
148,22,181,4,10.02,3,0.10975946695929732
148,23,368,4,10.0,3,0.1097583471716422
148,24,341,4,10.0,3,0.10975886656304608
148,25,1000,5,6.85,3,0.10975789391994477
148,26,135,4,10.05,4,0.10975811564260059
148,27,131,3,10.04,5,0.1097566754422115
148,28,149,4,10.08,4,0.10975925879390448
148,29,139,4,10.08,3,0.10975680157220621
148,30,158,6,10.08,2,0.10975839485284648
148,31,161,6,10.07,3,0.10975729581547079
148,32,159,5,10.07,3,0.10975847379216608
148,33,166,6,10.03,3,0.10975989443530519
148,34,1000,4,7.29,3,0.10976143679767847
148,35,1000,4,9.77,3,0.10976144243776799
148,36,1000,4,7.15,5,0.10976130267977714
148,37,1000,4,9.06,2,0.10976115199923515
148,38,115,3,10.05,5,0.10976131752781246
148,39,136,4,10.06,3,0.10976013387827312
148,40,1000,3,4.15,1,0.10975902028381825
148,41,1000,2,2.91,1,0.10976070606708527
148,42,1000,1,2.8,3,0.10976055541634559
148,43,1000,1,2.58,1,0.10975924879312515
148,44,1000,1,2.73,3,0.10975815822929144
148,45,1000,1,2.7,2,0.10975494104623794
149,1,1000,3,4.62,3,0.0727137874364853
149,2,1000,3,3.65,3,0.07271425676345825
149,3,1000,2,3.18,3,0.07271474156528711
149,4,1000,2,3.25,2,0.07271508473157882
149,5,1000,2,3.34,3,0.07271493353694677
149,6,1000,2,3.34,4,0.07271473012119532
149,7,1000,1,2.6,2,0.07271465229988099
149,8,1000,1,2.76,4,0.07271474125981331
149,9,1000,3,6.36,7,0.0727147294729948
149,10,1000,3,5.27,6,0.07271465696394444
149,11,1000,1,2.47,1,0.07271510362625122
150,1,1000,3,4.68,3,0.03917972144857049
150,2,1000,3,4.43,3,0.03917996345087886
150,3,1000,3,3.76,2,0.03917994088307023
150,4,1000,3,5.14,4,0.039180106066167356
150,5,1000,3,3.96,2,0.03917966329306364
150,6,1000,2,3.79,6,0.03917956957221031
150,7,1000,3,3.89,2,0.03917966727167368
150,8,1000,2,3.19,5,0.03918043348193169
150,9,1000,1,2.7,4,0.03918080659210682
150,10,1000,2,4.91,5,0.03918085922300816
150,11,1000,3,3.45,2,0.039180919207632545
150,12,1000,3,4.3,7,0.039180084243416784
150,13,1000,2,3.59,3,0.03917968470230698
150,14,1000,3,7.65,4,0.039178686931729316
150,15,216,5,10.05,3,0.039178477289776005
150,16,1000,3,6.95,3,0.0391786151304841
150,17,742,5,10.0,2,0.039178517152557796
150,18,1000,3,8.06,6,0.03917787768691778
150,19,1000,3,6.13,3,0.03917614380642772
150,20,1000,3,7.06,6,0.039175378404557704
150,21,1000,3,5.1,4,0.039174701232463124
150,22,1000,1,2.64,3,0.0391752515733242
151,1,1000,3,4.7,3,-0.022433573054149746
151,2,1000,3,4.29,2,-0.022434293035417795
151,3,1000,3,3.99,2,-0.022435255486518143
151,4,1000,3,3.26,2,-0.02243618682026863
151,5,1000,2,2.62,1,-0.02243747189640999
151,6,1000,3,3.73,4,-0.02243879417516291
151,7,1000,2,2.95,3,-0.022439956836402417
151,8,1000,5,8.42,6,-0.02244125143624842
151,9,484,5,10.08,6,-0.022442909965891975
151,10,158,6,10.0,3,-0.022444189443618437
151,11,169,6,10.07,3,-0.02244419327898491
151,12,1000,4,9.48,12,-0.022444526290521027
151,13,1000,3,3.49,1,-0.022445219652727246
151,14,1000,2,2.89,1,-0.022446214489638804
151,15,1000,3,2.92,2,-0.022446308508515356
151,16,1000,3,3.84,2,-0.02244533934444189
151,17,1000,2,3.06,4,-0.022446402471512555
151,18,296,4,10.0,12,-0.022445845071578752
151,19,1000,2,4.0,5,-0.022446038788184523
151,20,1000,2,3.8,2,-0.02244429203122854
151,21,1000,3,6.46,2,-0.022444782227277756
151,22,1000,5,9.96,3,-0.022445378502830862
151,23,180,6,10.03,3,-0.022446136828511952
151,24,150,6,10.07,3,-0.022446731043358644
151,25,1000,5,3.66,1,-0.022447125159204006
151,26,181,4,10.05,5,-0.02244723617042626
151,27,1000,2,2.59,1,-0.022446658462285995
151,28,1000,2,4.46,3,-0.022446544788777827
151,29,1000,2,3.38,6,-0.02244762548804283
151,30,1000,4,6.48,7,-0.02244782144576311
151,31,1000,3,4.84,1,-0.022448097357526422
151,32,1000,2,2.86,1,-0.02244923610985279
151,33,1000,3,2.91,2,-0.022449057722464204
151,34,1000,3,3.33,1,-0.022448952402919532
151,35,1000,5,4.18,2,-0.022449099531397225
151,36,173,6,10.03,3,-0.02244987259107518
151,37,1000,5,3.64,3,-0.022450585644692184
151,38,1000,2,2.74,2,-0.022451244493946435
151,39,1000,5,4.0,3,-0.022451477842405438
151,40,1000,4,5.52,2,-0.022450776763260363
151,41,1000,3,5.14,7,-0.02245127311721444
151,42,1000,5,5.58,1,-0.022452723434194924
151,43,1000,1,2.64,2,-0.02245368283241987
151,44,1000,2,2.62,1,-0.02245258167386055
151,45,1000,2,2.74,2,-0.02245287323743105
151,46,1000,1,2.63,2,-0.02245177784562111
151,47,1000,1,2.64,2,-0.022451825745403768
151,48,1000,1,2.83,5,-0.02245268983207643
151,49,1000,1,2.91,6,-0.02245328213274479
151,50,1000,1,2.59,2,-0.02245367867127061
152,1,1000,3,4.68,3,-0.07983455410599709
152,2,1000,3,3.49,2,-0.07983437378704548
152,3,1000,2,2.85,2,-0.07983362504839897
152,4,1000,2,2.7,1,-0.07983276762068271
152,5,1000,2,3.2,2,-0.07983227450400592
152,6,1000,3,4.97,2,-0.07983110731095075
152,7,1000,2,2.77,1,-0.07983067049086094
152,8,1000,4,8.72,2,-0.0798291576653719
152,9,1000,3,5.23,4,-0.07982901410013438
152,10,1000,4,3.85,1,-0.07982965869456529
152,11,1000,4,3.6,3,-0.07982969938218594
152,12,1000,4,4.79,5,-0.07983091430366039
152,13,1000,2,3.38,3,-0.07983019467443228
152,14,1000,1,2.88,6,-0.07982955270260572
152,15,1000,1,2.76,5,-0.07982844191044569
152,16,1000,1,2.94,6,-0.07982815534621478
152,17,215,5,10.06,5,-0.07982868604188742
152,18,162,5,10.02,3,-0.07982761978551194
152,19,143,4,10.05,6,-0.07982643537379645
152,20,1000,3,3.41,2,-0.07982833512872457
152,21,1000,1,2.76,4,-0.07982876540720463
152,22,1000,3,4.83,6,-0.07982914873957633
152,23,1000,2,3.68,4,-0.07982804866880179
152,24,1000,1,2.73,4,-0.07982837844640017
152,25,1000,2,4.62,5,-0.07982769891619683
152,26,264,6,10.0,3,-0.0798273402633089
152,27,188,5,10.03,3,-0.07982464447776054
152,28,1000,4,4.21,2,-0.07982443966716528
152,29,1000,4,9.7,5,-0.07982540657371283
152,30,1000,3,3.02,1,-0.079825462564826
152,31,1000,1,2.74,4,-0.07982619807124137
152,32,1000,2,3.12,2,-0.07982635565847158
152,33,1000,3,6.11,4,-0.07982506003975869
152,34,1000,2,3.38,3,-0.07982220001518726
152,35,1000,2,3.39,2,-0.07982312814891339
152,36,1000,5,8.79,2,-0.07982077344506978
152,37,1000,5,4.18,2,-0.07981997131556272
152,38,1000,2,3.88,3,-0.07981788527220487
152,39,1000,2,2.9,1,-0.0798161969780922
152,40,1000,1,2.67,3,-0.07981572170555591
152,41,1000,3,9.65,4,-0.0798164302110672
152,42,1000,2,2.91,2,-0.07981536898761987
152,43,1000,2,2.64,1,-0.07981497049331665
153,1,1000,3,4.7,3,-0.020806957302615045
153,2,1000,3,4.12,2,-0.020806157618761062
153,3,1000,4,5.59,3,-0.020805473489686848
153,4,1000,4,5.87,3,-0.020805755021050573
153,5,1000,4,4.39,1,-0.02080621282942593
153,6,1000,3,4.4,4,-0.020806187180802228
153,7,1000,4,9.73,4,-0.02080607409030199
153,8,149,4,10.05,4,-0.0208063508015151
153,9,224,4,10.02,3,-0.020806522249975905
153,10,1000,4,7.22,2,-0.02080680426955223
153,11,1000,4,4.4,2,-0.02080665753223002
153,12,1000,2,3.59,2,-0.02080721914023161
153,13,1000,3,3.67,2,-0.02080775898322463
153,14,1000,4,7.38,6,-0.020808799182996152
153,15,1000,4,6.97,3,-0.020809174014255406
153,16,1000,4,7.07,3,-0.020807190917432307
153,17,1000,4,7.28,2,-0.020806838262826203
153,18,1000,4,3.36,1,-0.0208063661493361
153,19,1000,2,4.38,6,-0.02080536913126707
153,20,1000,2,6.29,6,-0.02080532317981124
153,21,323,3,10.0,9,-0.020805268378311266
153,22,1000,3,5.74,2,-0.02080369264446199
153,23,1000,2,4.04,5,-0.0208041510861367
153,24,1000,2,4.07,3,-0.020803383553400636
153,25,121,3,10.01,3,-0.0208038385988267
153,26,136,4,10.06,8,-0.02080425139352241
153,27,146,5,10.08,4,-0.020803839912357396
153,28,1000,1,3.17,9,-0.02080487086623907
153,29,1000,2,4.06,4,-0.02080422757938504
153,30,1000,5,9.26,3,-0.02080318098887801
153,31,152,5,10.03,6,-0.020805833812214826
153,32,151,5,10.04,3,-0.020802787079518995
153,33,139,5,10.0,1,-0.020802585488493494
153,34,1000,3,5.66,8,-0.020801688665524124
153,35,1000,5,5.34,10,-0.020799161123111844
153,36,1000,2,2.95,2,-0.020800863256677984
153,37,1000,1,2.6,2,-0.02080200376547873
153,38,1000,1,3.01,7,-0.02080190749652684
153,39,1000,1,2.69,3,-0.020801259564235806
153,40,1000,3,3.19,3,-0.02080143573321402
153,41,1000,1,2.64,2,-0.020798645678907633
153,42,1000,1,2.75,3,-0.020795221731066703
153,43,1000,3,4.31,3,-0.020793202692642808
153,44,1000,1,2.53,1,-0.02079572156071663
154,1,1000,3,4.75,3,-0.10672231126576662
154,2,1000,3,5.08,3,-0.10672209234535694
154,3,1000,4,6.2,3,-0.1067215452566743
154,4,1000,3,4.56,3,-0.10672127255052329
154,5,1000,3,4.47,2,-0.10672062258422375
154,6,1000,3,5.54,3,-0.10671897263824939
154,7,1000,3,4.7,2,-0.10671754943579435
154,8,1000,3,4.26,3,-0.10671597860008478
154,9,1000,3,4.19,3,-0.10671487208455802
154,10,1000,3,6.91,8,-0.10671290364861488
154,11,1000,3,4.19,3,-0.10671016438305378
154,12,1000,3,4.11,3,-0.10670817890018225
154,13,1000,3,4.18,3,-0.10670625024288893
154,14,1000,2,2.93,3,-0.10670680126547813
154,15,1000,2,2.98,3,-0.10670516616106034
154,16,1000,2,2.96,3,-0.10670345757901668
154,17,1000,2,2.95,3,-0.10670139910280704
154,18,1000,3,3.04,1,-0.10670035458356142
154,19,1000,3,3.04,1,-0.10669806494563817
154,20,1000,3,3.06,1,-0.106696612380445
154,21,1000,3,3.27,1,-0.10669445573538541
154,22,1000,3,3.2,1,-0.1066920360326767
154,23,1000,3,3.21,1,-0.10669242560118437
154,24,1000,3,3.21,1,-0.10668874550610781
154,25,1000,2,2.87,1,-0.10668657962232828
154,26,1000,3,2.98,1,-0.10668512392044067
154,27,1000,3,2.99,1,-0.1066823747754097
154,28,1000,2,6.41,10,-0.10668623127043247
154,29,1000,1,2.78,4,-0.1066918075531721
154,30,1000,1,2.61,2,-0.10669034053385258
154,31,1000,1,2.72,3,-0.10668888744711875
154,32,1000,1,2.71,3,-0.10668851517140865
154,33,1000,1,2.55,1,-0.10668537765741348
155,1,1000,3,4.83,3,0.05405386148020625
155,2,1000,3,3.24,2,0.05405496766045689
155,3,1000,3,4.03,2,0.05405609059333801
155,4,1000,2,3.11,2,0.05405724171921611
155,5,1000,2,2.91,2,0.05405774819478393
155,6,1000,3,6.36,4,0.05405758689343929
155,7,1000,3,3.51,2,0.054057641740888354
155,8,1000,2,2.98,2,0.05405823351815343
155,9,1000,1,2.77,4,0.05405861772969365
155,10,1000,1,2.68,3,0.054058869123458864
155,11,1000,2,3.41,2,0.05405958004295826
155,12,1000,1,2.69,3,0.0540599054209888
155,13,1000,1,2.73,3,0.0540603301897645
155,14,1000,2,4.58,5,0.05406090764328837
155,15,1000,2,4.08,5,0.0540612566806376
155,16,1000,1,2.83,5,0.054060790978372096
155,17,1000,1,2.68,3,0.05406151514127851
155,18,1000,1,2.6,2,0.0540621709600091
155,19,1000,2,4.46,5,0.05406235841289163
155,20,1000,2,3.22,2,0.05406302923709154
155,21,1000,1,2.67,3,0.05406369487941265
155,22,1000,2,3.21,3,0.05406544229760766
155,23,1000,3,6.11,3,0.05406498247012496
155,24,1000,5,9.73,4,0.05406669936329126
155,25,1000,4,5.11,1,0.05406663179025054
155,26,1000,2,3.31,2,0.054066295251250264
155,27,1000,3,5.32,6,0.05406597850471735
155,28,149,4,10.04,5,0.05406743373046785
155,29,1000,2,2.92,4,0.054067148510366675
155,30,1000,1,3.15,9,0.054068659957498315
155,31,1000,3,5.35,5,0.05407047190144658
155,32,676,3,10.0,5,0.05406901040858418
155,33,1000,2,4.19,5,0.05406978761777282
155,34,290,5,10.0,2,0.054070152830460974
155,35,165,5,10.07,3,0.05407130309578144
155,36,1000,3,3.66,3,0.05407255534827709
155,37,1000,5,9.89,2,0.05407283530756831
155,38,276,3,10.0,7,0.0540735253362336
155,39,1000,4,5.0,1,0.05407244464755058
155,40,1000,2,3.43,4,0.0540704700127244
155,41,1000,1,2.61,2,0.054070575013756755
155,42,1000,2,4.04,3,0.05407058289274573
155,43,1000,3,5.33,3,0.05407037054747343
155,44,1000,1,2.61,2,0.05407044196873903
155,45,1000,2,2.78,3,0.054070338178426026
155,46,1000,1,2.6,2,0.0540728105455637
155,47,1000,1,2.73,3,0.05407250282168388
155,48,1000,1,2.64,2,0.054077283207327125
156,1,1000,3,4.73,3,0.03537763820588589
156,2,1000,3,4.64,3,0.0353784445002675
156,3,1000,3,5.85,4,0.03537900044769049
156,4,1000,3,4.84,3,0.03537938965111971
156,5,1000,3,3.9,2,0.03537951172888279
156,6,1000,3,6.68,6,0.03537974473834038
156,7,1000,3,6.93,6,0.03537989900633693
156,8,1000,4,7.67,3,0.035380685918033124
156,9,1000,4,9.46,3,0.03538104951009154
156,10,1000,3,4.66,2,0.03538107109814882
156,11,1000,1,2.68,3,0.0353810388892889
156,12,1000,3,6.95,3,0.03538084615394473
156,13,1000,3,5.79,2,0.03538068218156695
156,14,1000,4,6.06,2,0.03538029854372144
156,15,1000,3,5.49,3,0.03537942023202777
156,16,561,4,10.0,3,0.03537972892988174
156,17,1000,3,4.65,3,0.035379557386040685
156,18,1000,2,4.66,7,0.035380249306559565
156,19,1000,3,4.51,2,0.03538068464398384
156,20,1000,3,9.65,7,0.03538057281076908
156,21,1000,3,5.05,3,0.03538042666018009
156,22,1000,3,5.21,3,0.035378898669034244
156,23,188,4,10.05,5,0.035378982768730916
156,24,178,4,10.06,5,0.035378799407502236
156,25,1000,3,4.9,3,0.0353780858553946
156,26,1000,3,9.39,3,0.035376003574579956
156,27,128,3,10.03,4,0.03537746667279862
156,28,129,3,10.02,3,0.03537561288175657
156,29,138,4,10.06,3,0.03537463674834673
156,30,674,3,10.0,8,0.03537397486232332
156,31,1000,2,8.27,12,0.03537310979887843
156,32,126,3,10.01,15,0.03537387495476102
156,33,166,3,10.04,10,0.035371556070195626
156,34,127,3,10.02,8,0.035370528404637586
156,35,135,3,10.03,12,0.03537111928065618
156,36,1000,4,6.04,2,0.03536920429393649
156,37,1000,3,3.44,2,0.03536965668946505
156,38,1000,2,4.25,11,0.035369643308222294
156,39,139,4,10.04,4,0.035368695211925094
156,40,134,4,10.02,3,0.03536856310692296
156,41,143,5,10.01,3,0.035368344661864365
156,42,1000,4,5.46,1,0.03536766194179654
156,43,1000,4,6.72,3,0.03536685405671597
156,44,149,4,10.08,6,0.03536612700495944
156,45,149,4,10.01,4,0.035365896536999904
156,46,1000,4,7.39,3,0.035365360114723444
156,47,1000,4,4.21,3,0.035365074761211875
156,48,1000,4,9.01,4,0.035364714197814465
156,49,1000,4,8.86,4,0.035364656534045934
156,50,183,4,10.02,8,0.03536426078507809
156,51,137,5,10.06,6,0.03536413446830137
156,52,478,4,10.0,2,0.03536401347697529
156,53,147,5,10.02,4,0.035363632602756524
156,54,130,4,10.0,5,0.035363281661501295
156,55,362,5,10.0,2,0.03536312637119991
156,56,666,5,10.0,2,0.035362719499447325
156,57,135,4,10.08,2,0.035362471805678475
156,58,1000,4,9.7,2,0.03536248668655753
156,59,183,4,10.04,3,0.03536276674010063
156,60,180,6,10.06,1,0.03536272812634707
156,61,149,5,10.06,3,0.0353626397832128
156,62,165,6,10.05,2,0.0353623382295623
156,63,1000,4,7.38,12,0.03536259676516056
156,64,125,3,10.04,23,0.0353616332411766
156,65,139,4,10.05,13,0.03536166974323259
156,66,146,4,10.05,3,0.03536179682163343
156,67,136,4,10.07,6,0.03536187925869051
156,68,1000,4,9.95,6,0.03536213484779
156,69,130,4,10.03,2,0.035362196599061674
156,70,124,4,10.06,2,0.03536086358250149
156,71,130,3,10.0,12,0.03536147756072191
156,72,139,3,10.06,23,0.035360790815928
156,73,118,3,10.05,11,0.03536085077261521
156,74,133,3,10.0,3,0.0353605420629781
156,75,136,4,10.04,3,0.035360004725482536
156,76,130,4,10.06,3,0.03536061165997615
156,77,117,3,10.03,3,0.035359323566031255
157,1,1000,3,4.72,3,-0.051237482517957685
157,2,1000,3,3.59,2,-0.05123740280792117
157,3,1000,3,3.68,3,-0.05123719009384513
157,4,1000,4,3.16,1,-0.05123717678710818
157,5,1000,3,4.37,5,-0.05123722951114178
157,6,1000,3,3.46,3,-0.051237470261752606
157,7,1000,3,4.06,4,-0.051237645160406825
157,8,1000,2,4.13,7,-0.05123806879296899
157,9,1000,5,6.91,2,-0.05123812554776669
157,10,1000,1,2.67,3,-0.05123781195282936
157,11,1000,2,4.77,6,-0.05123780934140086
157,12,1000,2,3.15,3,-0.0512381067276001
157,13,1000,2,3.19,3,-0.05123845892399549
157,14,1000,2,3.08,4,-0.051238956153392794
157,15,1000,2,3.63,5,-0.051238888539373875
157,16,1000,2,4.79,5,-0.05123832397162914
157,17,1000,3,5.04,2,-0.05123807366937399
157,18,1000,2,4.0,5,-0.05123816878721118
157,19,1000,2,4.01,4,-0.051238717742264274
157,20,1000,2,2.79,1,-0.05123941700160503
157,21,1000,3,6.64,4,-0.05123909065127373
157,22,1000,3,5.4,4,-0.05123869331553579
157,23,141,4,10.05,3,-0.0512389230231444
157,24,281,5,10.0,2,-0.051239089331062665
157,25,1000,1,3.08,8,-0.05123883529379964
157,26,648,4,10.0,6,-0.05123839106548716
157,27,122,3,10.02,7,-0.05123863155480291
157,28,1000,3,9.18,3,-0.05123871830105781
157,29,171,5,10.06,2,-0.05123849023591008
157,30,1000,4,4.6,2,-0.051238350417464974
157,31,1000,2,6.73,8,-0.05123812914639712
157,32,1000,2,3.97,5,-0.051238137293606996
157,33,154,5,10.03,3,-0.0512375221769144
157,34,142,6,10.05,1,-0.05123740665509667
157,35,1000,5,3.44,1,-0.05123686867952347
157,36,1000,5,4.13,3,-0.051236449297517535
157,37,1000,2,5.42,6,-0.051236159779131416
157,38,1000,3,9.86,5,-0.05123582246899605
157,39,1000,1,2.61,2,-0.051237449526786806
158,1,1000,3,4.74,3,-0.09438464311510325
158,2,1000,3,4.8,3,-0.09438475518673659
158,3,1000,2,3.13,2,-0.09438471136987209
158,4,1000,3,3.51,1,-0.09438450314104557
158,5,1000,2,2.78,1,-0.09438444657623768
158,6,1000,3,4.25,3,-0.09438452837616206
158,7,1000,2,3.19,1,-0.09438500120490789
158,8,1000,3,4.18,1,-0.09438468427956104
158,9,1000,3,3.75,1,-0.09438474015146493
158,10,1000,3,3.87,1,-0.0943850956633687
158,11,1000,3,3.7,1,-0.09438518749177456
158,12,1000,3,7.25,1,-0.09438552140444517
158,13,1000,3,6.88,1,-0.0943853863850236
158,14,1000,2,3.98,1,-0.09438515453785658
158,15,1000,3,6.02,1,-0.09438523691892624
158,16,1000,3,3.21,1,-0.09438546194136142
158,17,1000,2,2.62,1,-0.09438534826040268
158,18,1000,1,2.52,1,-0.0943855419754982
158,19,1000,1,2.57,1,-0.09438549727201462
158,20,1000,1,2.52,1,-0.09438483417034149
158,21,1000,2,2.67,1,-0.0943845734000206
159,1,1000,3,4.67,3,0.06118380162492394
159,2,1000,3,4.34,3,0.0611840504668653
159,3,1000,3,6.37,3,0.06118500692024827
159,4,1000,3,6.11,3,0.06118539967760444
159,5,1000,3,5.71,2,0.061186132349073885
159,6,1000,3,9.2,3,0.061186297837644815
159,7,1000,3,9.28,3,0.06118698928505182
159,8,1000,3,9.47,3,0.06118730370700359
159,9,1000,3,5.32,2,0.061188238464295865
159,10,524,3,10.0,7,0.061189496527134464
159,11,1000,2,7.16,15,0.061189782466739416
159,12,1000,2,4.98,2,0.061190381664782766
159,13,1000,2,4.98,2,0.06119162180647254
159,14,1000,3,3.78,1,0.061192205291241406
159,15,1000,2,4.11,19,0.06119341900199652
159,16,135,2,10.04,10,0.06119246171028526
159,17,1000,3,4.46,3,0.0611937538087368
159,18,144,4,10.07,3,0.0611953254426933
159,19,131,4,10.06,2,0.061195801602292606
159,20,1000,3,7.75,5,0.06119604903459549
159,21,1000,3,6.74,2,0.06119665246456862
159,22,1000,3,5.63,4,0.0611976779140532
159,23,1000,2,6.11,2,0.061198143251240254
159,24,122,3,10.08,6,0.06119838305061958
159,25,174,4,10.07,1,0.06120012711262566
159,26,185,4,10.06,1,0.061200647801160815
159,27,144,4,10.0,2,0.061201320624806814
159,28,130,4,10.04,2,0.06120181536445251
159,29,149,4,10.02,2,0.06120168642709719
159,30,1000,2,5.59,4,0.0612023969963193
159,31,896,3,10.0,2,0.06120299140872833
159,32,1000,3,6.78,6,0.06120421250909567
159,33,150,4,10.02,4,0.06120512562493483
159,34,1000,4,8.17,3,0.06120601579546928
159,35,182,4,10.07,3,0.061206682779631774
159,36,173,4,10.09,5,0.06120709646385529
159,37,156,5,10.01,3,0.06120802631649452
159,38,140,4,10.08,14,0.061208999822182315
159,39,152,4,10.03,3,0.06121091718638414
159,40,128,4,10.04,2,0.0612109768553637
159,41,131,4,10.03,1,0.06121190074290938
159,42,128,4,10.05,4,0.061212752683786675
159,43,1000,3,9.12,2,0.06121416891738772
159,44,125,3,10.02,4,0.06121510761976242
159,45,1000,3,8.55,6,0.06121633082255721
159,46,1000,2,7.41,10,0.061216455485671756
159,47,1000,3,6.51,15,0.061217159785330294
159,48,1000,2,5.63,10,0.06121935212239623
159,49,1000,1,2.7,3,0.061220980823040005
159,50,1000,2,3.2,3,0.061219507947564124
159,51,1000,3,5.41,3,0.06122072526812553
159,52,137,4,10.05,3,0.06122255205673023
159,53,1000,3,7.11,5,0.061221509117633105
160,1,1000,3,4.84,3,0.08931304036825895
160,2,1000,3,4.55,3,0.08931650691479444
160,3,1000,3,7.22,3,0.08931891868263483
160,4,1000,4,7.39,6,0.08932073816657066
160,5,1000,4,9.8,6,0.08932131644338369
160,6,1000,3,5.16,5,0.0893235037997365
160,7,1000,3,3.5,3,0.08932366397976875
160,8,1000,3,7.97,3,0.08932486996054649
160,9,947,4,10.0,3,0.08932550829749676
160,10,1000,3,4.11,3,0.08932619196176529
160,11,1000,3,7.59,2,0.08932573813199997
160,12,1000,3,5.14,1,0.08932795809209347
160,13,1000,3,3.67,6,0.08933051935583353
160,14,1000,2,5.74,4,0.08933201958984137
160,15,120,3,10.06,2,0.08933211099356413
160,16,1000,3,4.69,3,0.08933307698369027
160,17,128,3,10.07,2,0.08933358348440379
160,18,1000,3,6.81,2,0.0893328751474619
160,19,871,3,10.0,11,0.08933357204963911
160,20,1000,3,4.86,3,0.08933690303564072
160,21,1000,3,4.9,3,0.08933453291654586
160,22,1000,2,2.95,2,0.08933534514904022
160,23,183,4,10.03,6,0.08933713543610494
160,24,1000,4,5.4,6,0.0893361871317029
160,25,1000,2,3.13,4,0.08933713129162789
161,1,1000,3,4.82,3,0.11099088490009308
161,2,1000,3,4.8,3,0.11099108079820871
161,3,1000,4,5.4,3,0.11099107458442449
161,4,1000,3,3.25,2,0.11099090646207332
161,5,1000,2,2.77,2,0.11099071800708771
161,6,1000,3,3.45,3,0.11099046003818512
161,7,1000,3,3.58,2,0.11099024189263582
161,8,1000,5,4.81,2,0.1109903351739049
161,9,1000,2,3.15,1,0.11099038869887591
161,10,1000,2,3.15,1,0.11098992545157671
161,11,1000,2,3.15,1,0.11098957073688508
161,12,1000,2,3.7,1,0.11098923099786043
161,13,1000,4,9.53,4,0.11098910918831825
161,14,1000,4,7.19,5,0.11098864490538836
161,15,156,5,10.01,3,0.11098850991290349
161,16,1000,3,4.51,2,0.11098840267956257
161,17,136,4,10.0,5,0.11098841002539676
161,18,1000,3,7.3,4,0.1109891911521554
161,19,183,3,10.04,8,0.11098948426422525
161,20,1000,4,6.38,4,0.11098964301496744
161,21,1000,4,5.7,4,0.11098992040008307
161,22,159,4,10.02,2,0.1109902595855155
161,23,170,4,10.02,5,0.1109899586176171
161,24,1000,3,5.06,5,0.11099026889353991
161,25,128,3,10.05,6,0.11098995240172371
161,26,137,4,10.07,4,0.11098944444725983
161,27,1000,4,8.64,1,0.11098969482630491
161,28,1000,3,4.18,1,0.11098961001634598
161,29,177,6,10.01,1,0.11098938818368534
161,30,131,5,10.06,1,0.11098950629243413
161,31,1000,4,7.84,2,0.11098920626193284
161,32,1000,4,3.71,1,0.11098937633633614
161,33,210,4,10.0,8,0.11098885128185862
161,34,245,3,10.04,21,0.11098909013125362
161,35,122,3,10.03,3,0.11098928755668343
161,36,159,4,10.02,4,0.11098933613525247
161,37,1000,3,7.7,2,0.1109890073761344
161,38,137,3,10.01,9,0.11098866442041676
161,39,123,4,10.0,3,0.11098841208267987
161,40,124,3,10.06,11,0.11098832775267863
161,41,123,3,10.0,3,0.11098819032190292
161,42,140,5,10.06,3,0.11098826085882528
161,43,152,3,10.01,10,0.1109878116434342
161,44,116,3,10.08,18,0.11098746717746916
161,45,165,4,10.01,5,0.11098700341853228
161,46,1000,4,6.39,7,0.11098681357502937
161,47,1000,1,3.54,13,0.1109863703250885
161,48,1000,1,3.39,11,0.11098652644455433
162,1,1000,3,4.81,3,-0.09260461706668138
162,2,1000,3,4.82,3,-0.09260397554934024
162,3,1000,4,9.36,3,-0.09260384921729564
162,4,1000,3,5.53,3,-0.0926036294400692
162,5,1000,3,5.18,3,-0.09260375542193651
162,6,1000,3,6.52,4,-0.09260385981947183
162,7,1000,3,4.25,2,-0.092603735730052
162,8,1000,3,8.37,8,-0.09260380897670985
162,9,1000,3,5.49,3,-0.09260401608794927
162,10,1000,3,5.53,3,-0.09260420077294111
162,11,1000,3,3.51,1,-0.09260362033545971
162,12,1000,3,6.63,4,-0.09260388007760048
162,13,1000,3,4.6,2,-0.09260424970835447
162,14,159,3,10.01,10,-0.09260376158562846
162,15,1000,3,5.57,3,-0.0926042624861002
162,16,1000,2,4.67,3,-0.09260361264646054
162,17,1000,2,2.77,2,-0.09260358928143977
162,18,1000,2,2.71,2,-0.09260359406471252
163,1,1000,3,4.78,3,0.04892771628499031
163,2,1000,3,3.57,3,0.048927922021597625
163,3,1000,3,3.82,2,0.048928264938294885
163,4,1000,4,5.03,2,0.048928107380867
163,5,1000,2,3.36,3,0.048928797602653507
163,6,1000,1,2.56,2,0.04892943935841322
163,7,1000,1,2.71,4,0.04892958810925484
163,8,1000,2,3.14,3,0.0489303275346756
163,9,1000,2,4.04,4,0.048930930607020855
163,10,1000,3,4.56,3,0.04893144787102938
163,11,155,4,10.06,4,0.048931248341837236
163,12,1000,4,5.6,1,0.04893183591216803
163,13,1000,4,7.81,4,0.04893194835633039
163,14,1000,3,2.98,1,0.04893253045529127
163,15,1000,2,4.36,5,0.04893274064362049
163,16,1000,2,3.91,3,0.04893370268493891
163,17,1000,2,4.41,2,0.04893420196324587
163,18,1000,2,3.13,2,0.04893365774303675
163,19,136,3,10.02,9,0.04893469377694761
163,20,523,3,10.0,3,0.048935350372561075
163,21,143,5,10.01,3,0.048935658161665174
163,22,139,5,10.09,3,0.04893622726952429
163,23,1000,5,9.56,4,0.0489367815926671
163,24,1000,3,4.77,2,0.04893776002526283
163,25,1000,5,6.67,4,0.04893701222911477
163,26,1000,5,9.54,3,0.04893685522302985
163,27,140,4,10.07,5,0.04893725072698934
163,28,1000,3,5.41,5,0.04893689274042845
163,29,643,3,10.0,5,0.04893785610818196
163,30,130,4,10.08,2,0.048937458229752685
163,31,133,5,10.07,7,0.04893841364778074
163,32,209,5,10.04,2,0.048939107511745114
163,33,158,3,10.01,10,0.048938562221164945
163,34,208,4,10.0,1,0.04893800537460125
163,35,1000,5,4.47,1,0.048939670391380787
163,36,1000,5,7.95,2,0.048939742997288704
163,37,151,5,10.01,2,0.0489408289458578
163,38,1000,3,3.18,3,0.04894171769544482
163,39,1000,2,2.7,1,0.048940694443881515
163,40,1000,1,2.65,3,0.048941802013665436
163,41,1000,1,2.66,3,0.04894091867655516
164,1,1000,3,4.74,3,0.10342372366786003
164,2,1000,3,3.58,3,0.10342317485064269
164,3,1000,3,5.23,3,0.10342312137037515
164,4,1000,3,5.78,2,0.10342352226376533
164,5,1000,3,6.42,3,0.1034234996587038
164,6,1000,2,4.43,3,0.10342325717955828
164,7,1000,2,4.4,3,0.10342334783822298
164,8,1000,2,3.55,2,0.10342366578429937
164,9,1000,2,2.93,1,0.10342404481768608
164,10,1000,3,5.17,1,0.10342457165569068
164,11,1000,3,5.29,1,0.10342499271035194
164,12,1000,3,4.46,1,0.10342520106583834
164,13,1000,3,4.44,1,0.10342446713149547
164,14,1000,3,7.2,1,0.10342473628371954
164,15,154,4,10.06,1,0.10342602194710211
164,16,1000,4,7.65,1,0.103426089592278
164,17,1000,4,7.56,1,0.10342609512060881
164,18,1000,4,7.55,1,0.10342736556380987
164,19,1000,4,9.78,1,0.10342728914320469
164,20,1000,4,7.94,1,0.10342777725309134
164,21,1000,4,7.97,1,0.10342768978327513
164,22,252,4,10.0,1,0.10342706651205108
164,23,143,4,10.0,1,0.10342667793685739
164,24,231,4,10.07,9,0.10342609446931195
164,25,256,4,10.0,4,0.10342705468065105
164,26,121,3,10.02,4,0.10342845431536682
164,27,1000,2,7.92,3,0.10342786356806755
164,28,117,3,10.07,2,0.1034287923676336
164,29,224,3,10.0,3,0.10342813805410904
164,30,1000,2,6.82,2,0.10342966592311859
164,31,1000,2,6.05,3,0.10342926007509232
164,32,124,3,10.01,3,0.1034304088041667
164,33,126,3,10.07,2,0.10342992321839409
164,34,128,4,10.02,3,0.1034302216139622
164,35,138,4,10.05,14,0.1034300355915574
164,36,122,3,10.01,2,0.10342886775243477
164,37,174,6,10.03,1,0.10342872172765348
164,38,140,4,10.03,16,0.10342838812087263
164,39,163,5,10.03,7,0.10342876517151031
164,40,1000,4,9.15,1,0.10342885778099299
164,41,176,4,10.05,3,0.10342997160147537
164,42,156,3,10.05,9,0.10343062294981419
164,43,162,3,10.05,13,0.10343155241858812
164,44,1000,3,7.89,1,0.10343145576119422
164,45,121,3,10.03,2,0.1034320543620212
164,46,226,4,10.07,3,0.10343139460392758
164,47,123,4,10.04,3,0.10343147353912757
164,48,140,5,10.04,3,0.10343309380114078
164,49,144,5,10.06,3,0.1034328752818207
164,50,350,5,10.01,3,0.10343199184962681
165,1,1000,3,4.85,3,-0.05039619408920407
165,2,1000,3,4.84,3,-0.05039721306413412
165,3,1000,3,3.57,2,-0.05039752560853958
165,4,1000,1,2.69,3,-0.050397529803216455
165,5,1000,1,2.77,4,-0.05039764418825507
165,6,1000,2,4.73,5,-0.05039746695011854
165,7,1000,1,2.77,5,-0.05039699535444379
165,8,1000,2,3.41,4,-0.050397367041558026
165,9,1000,1,2.65,3,-0.05039707087352872
165,10,1000,3,6.54,4,-0.050395940627902744
165,11,1000,3,7.54,4,-0.05039580013975501
165,12,1000,3,7.63,5,-0.05039621492102742
165,13,142,4,10.02,3,-0.05039608630705887
165,14,149,4,10.0,3,-0.05039625074839432
165,15,1000,2,3.74,4,-0.050396185599267486
165,16,1000,4,7.32,5,-0.050395873337984086
165,17,137,3,10.02,3,-0.05039567867443509
165,18,1000,3,4.16,3,-0.050395783115178346
165,19,1000,3,7.45,2,-0.050396018750965596
165,20,1000,2,4.09,4,-0.05039523842930794
165,21,146,5,10.08,3,-0.05039559697655782
165,22,143,5,10.04,6,-0.05039638583059911
165,23,151,6,10.08,2,-0.05039661713191215
165,24,1000,4,8.21,1,-0.050395543217658996
165,25,126,3,10.07,7,-0.05039572964111964
165,26,599,3,10.0,5,-0.05039624388458733
165,27,144,5,10.01,10,-0.05039590493672424
165,28,1000,4,9.39,3,-0.050395722445100544
165,29,1000,3,9.09,3,-0.050396556556224825
165,30,1000,3,4.9,6,-0.05039690207690001
165,31,1000,4,8.13,3,-0.0503964483588934
165,32,1000,3,9.52,5,-0.05039739541336894
165,33,224,5,10.03,5,-0.05039805945541177
165,34,134,5,10.02,3,-0.05039866332576346
165,35,1000,4,9.8,3,-0.05039902950823307
165,36,1000,3,6.69,5,-0.05039965395256877
165,37,131,4,10.03,3,-0.05040081891849751
165,38,1000,3,4.61,2,-0.050401776362210514
165,39,136,4,10.06,6,-0.05040169586701428
165,40,152,3,10.06,9,-0.05040215742529223
165,41,1000,3,4.33,8,-0.05040291287004948
166,1,1000,3,4.78,3,0.009072221297770739
166,2,1000,3,4.16,2,0.009072667244821787
166,3,1000,3,4.49,2,0.009073045199736953
166,4,1000,3,4.81,3,0.009074293022975325
166,5,1000,3,4.17,3,0.009074962499551475
166,6,1000,2,3.1,2,0.00907578296586871
166,7,1000,4,4.31,2,0.009075967604294419
166,8,1000,4,5.73,5,0.009075798101723194
166,9,1000,1,2.82,5,0.009077062690630555
166,10,1000,1,3.07,7,0.00907645756006241
166,11,1000,3,8.69,5,0.009077472044155002
166,12,141,4,10.01,7,0.009078490131712974
166,13,1000,3,8.69,6,0.009079225976020098
166,14,1000,3,5.75,2,0.009080659940838814
166,15,904,4,10.0,6,0.009080973785551907
166,16,513,5,10.0,3,0.009081773223903676
166,17,1000,5,6.83,3,0.009082221226766706
166,18,134,5,10.03,2,0.009082710300919726
166,19,1000,4,5.73,2,0.00908387272246182
166,20,128,3,10.08,6,0.009084036209969781
166,21,143,4,10.02,6,0.009083916986738886
166,22,127,5,10.08,1,0.009083718281444601
166,23,1000,4,5.6,1,0.009084650037810206
166,24,124,3,10.06,6,0.009085660432315162
166,25,136,5,10.07,5,0.009086752776056528
166,26,123,4,10.0,4,0.009087713927454581
166,27,132,4,10.06,3,0.009088571634933804
166,28,141,3,10.02,20,0.009089262885246294
166,29,134,4,10.01,9,0.009090519343405518
166,30,136,5,10.08,3,0.00909150910892469
166,31,135,5,10.03,2,0.009090947656443825
166,32,131,4,10.04,3,0.009091447676240488
166,33,119,5,10.05,1,0.009093036225550816
166,34,126,3,10.07,9,0.009093589873777496
166,35,135,4,10.03,7,0.00909345150683765
166,36,133,4,10.03,3,0.009093116149586394
166,37,137,4,10.06,4,0.00909439343143336
166,38,129,4,10.08,3,0.009093504204133223
166,39,128,4,10.07,2,0.009094368520891294
166,40,1000,3,6.68,3,0.00909612045995891
166,41,1000,2,3.7,3,0.009097587686032057
166,42,134,3,10.01,15,0.009097271730928724
166,43,123,4,10.03,4,0.009097879979668594
167,1,1000,3,4.8,3,0.10297810865938664
167,2,1000,3,3.44,3,0.10297875679284334
167,3,1000,3,3.18,1,0.1029801464676857
167,4,1000,3,2.88,1,0.10298039300739766
167,5,1000,3,3.25,1,0.1029806192368269
167,6,1000,3,3.92,2,0.10298091288655996
167,7,1000,2,3.46,4,0.10298109690099955
167,8,1000,3,3.94,3,0.10298121044784785
167,9,1000,3,4.88,5,0.10298164781928063
167,10,1000,3,3.57,3,0.10298208682984114
167,11,1000,3,3.93,4,0.10298267541080713
167,12,1000,3,3.9,4,0.10298290012776852
167,13,1000,3,3.92,4,0.10298309447616338
167,14,1000,4,7.1,4,0.10298348145186902
167,15,151,3,10.05,10,0.10298317359970105
167,16,1000,3,4.71,4,0.10298466432839631
167,17,617,4,10.01,4,0.10298335177875222
167,18,1000,3,3.24,2,0.10298358225822449
167,19,1000,1,2.68,3,0.1029835537970066
167,20,1000,2,3.69,3,0.10298393956571818
167,21,1000,3,7.51,3,0.10298412266373634
167,22,138,3,10.06,8,0.10298470467113066
167,23,1000,3,7.57,3,0.10298544026911259
167,24,1000,3,8.82,3,0.10298587083816528
167,25,141,3,10.0,5,0.10298621686215097
167,26,130,3,10.03,3,0.10298532396554946
167,27,146,4,10.04,3,0.10298538891828224
167,28,1000,5,7.94,1,0.10298596774786711
167,29,1000,4,9.77,2,0.10298622909933329
167,30,1000,4,6.92,3,0.10298610915243625
167,31,154,3,10.02,6,0.10298608572452099
167,32,669,3,10.0,4,0.1029868053191624
167,33,227,6,10.06,3,0.10298724095070415
167,34,1000,3,6.04,2,0.10298695416748524
167,35,1000,2,3.75,3,0.10298740378022193
167,36,1000,1,2.88,5,0.10298700848966837
167,37,734,2,10.0,5,0.10298643857037663
167,38,124,4,10.0,5,0.1029870103323652
167,39,281,4,10.04,3,0.1029854716196179
167,40,1000,2,3.75,4,0.10298715903609991
167,41,1000,2,3.43,4,0.10298700556904078
167,42,1000,3,6.55,6,0.10298676494508982
167,43,1000,1,2.8,4,0.10298663058876992
167,44,1000,1,2.54,1,0.10298730432987213
167,45,1000,1,2.78,4,0.10298670526593924
167,46,1000,1,2.72,3,0.1029873578324914
168,1,1000,3,4.77,3,-0.03951608984544873
168,2,1000,3,3.39,2,-0.03951545948535204
168,3,1000,2,3.09,2,-0.039515077486634256
168,4,1000,2,3.22,2,-0.03951507000625133
168,5,1000,2,3.14,3,-0.039515199974179266
168,6,1000,2,3.47,3,-0.039515501771122216
168,7,196,5,10.07,3,-0.0395137341312912
168,8,1000,5,6.37,1,-0.039513636283576486
168,9,1000,4,3.88,2,-0.03951355575025082
168,10,1000,3,6.98,7,-0.039513692680746317
168,11,1000,2,3.17,3,-0.0395141669921577
168,12,1000,2,3.31,5,-0.03951381528750062
168,13,1000,2,3.79,4,-0.0395137896053493
168,14,1000,1,2.59,2,-0.03951436522603035
168,15,1000,2,5.83,5,-0.03951327305659652
168,16,1000,2,3.42,4,-0.03951253347471356
168,17,1000,2,3.72,4,-0.03951237609982491
168,18,1000,2,3.13,2,-0.0395116571970284
168,19,1000,3,6.61,4,-0.03951061521843076
168,20,1000,3,2.95,2,-0.03951140740513802
168,21,1000,2,2.98,3,-0.03951111526414752
168,22,1000,1,2.5,1,-0.0395115464925766
168,23,1000,3,4.63,5,-0.039510713577270505
168,24,1000,3,4.66,3,-0.03951104418560863
168,25,1000,2,3.18,4,-0.03950966795161366
168,26,1000,4,5.61,4,-0.03950848969072104
168,27,1000,3,4.67,3,-0.03950910415872932
168,28,1000,4,5.08,2,-0.0395088629424572
168,29,1000,3,7.9,5,-0.03950825998932123
168,30,1000,4,9.85,5,-0.039508017782121894
168,31,1000,1,2.56,1,-0.03950783610343933
168,32,1000,1,2.69,3,-0.03950774696469307
168,33,1000,1,2.63,2,-0.03950744316354394
168,34,1000,1,2.67,3,-0.03950620002672076
168,35,1000,1,2.68,3,-0.039504862871021035
168,36,1000,1,2.74,3,-0.03950526855140925
168,37,1000,4,3.39,2,-0.039504572577774524
168,38,1000,2,3.15,2,-0.039504463717341426
168,39,1000,3,3.24,2,-0.039504388071596626
168,40,1000,1,2.6,2,-0.03950473293662071
168,41,1000,2,2.76,3,-0.03950690070539713
168,42,1000,1,2.52,1,-0.03950497508049011
168,43,1000,1,2.69,3,-0.03950567878037691
168,44,1000,1,2.51,1,-0.03950408101081848
169,1,1000,3,4.75,3,0.07421940617263317
169,2,1000,3,3.68,3,0.07421998962014914
169,3,1000,2,3.13,3,0.07422018415480852
169,4,1000,2,3.18,3,0.07421987634152175
169,5,1000,3,6.46,3,0.07421959403902292
169,6,1000,2,3.39,3,0.07421921516209841
169,7,1000,1,2.81,5,0.07421965602040291
169,8,1000,2,3.45,3,0.07421990394592286
169,9,1000,2,6.36,7,0.07421957534551621
169,10,1000,1,2.93,6,0.07422013116627932
169,11,1000,2,3.41,4,0.07422045037895442
169,12,1000,2,3.42,3,0.07422055466473103
169,13,1000,1,2.56,2,0.07422084879875183
169,14,1000,2,3.45,4,0.07421994864940644
169,15,1000,2,3.16,1,0.07421920908242464
169,16,1000,2,3.14,3,0.07421899486333132
169,17,1000,2,2.98,2,0.0742188708409667
169,18,1000,1,2.64,3,0.0742189462557435
169,19,1000,1,2.65,3,0.07421914548426867
169,20,1000,2,3.19,3,0.07421937341988087
169,21,1000,2,2.61,1,0.07421950995922089
169,22,1000,1,2.72,4,0.07421962225437165
169,23,1000,1,2.57,2,0.07421994400024413
169,24,1000,1,2.82,5,0.07421957872062922
169,25,1000,1,2.59,2,0.0742198933288455
169,26,1000,1,2.72,4,0.07421998877823353
169,27,1000,3,3.99,3,0.07421998938173055
169,28,1000,3,3.72,3,0.07421950416266918
169,29,1000,3,3.02,1,0.07421952762454748
169,30,1000,2,2.68,1,0.07422031466662883
169,31,1000,3,2.92,2,0.07422041009366512
169,32,1000,1,2.51,1,0.07421956956386566
170,1,1000,3,4.87,3,0.07279235976189374
170,2,1000,3,4.12,3,0.07279226786643267
170,3,1000,3,4.12,3,0.07279195132106543
170,4,1000,3,4.85,3,0.07279201856255531
170,5,1000,3,4.65,3,0.07279262392222881
170,6,1000,3,3.9,2,0.07279293838143348
170,7,1000,3,5.13,2,0.07279323703050614
170,8,1000,2,3.08,2,0.07279307453334331
170,9,1000,2,3.46,2,0.07279314257204533
170,10,1000,2,3.8,4,0.07279309987276793
170,11,1000,3,3.15,4,0.07279279431700707
170,12,1000,2,3.44,3,0.07279282780736684
170,13,1000,1,2.85,5,0.07279254124313593
170,14,1000,3,5.3,4,0.0727916274741292
170,15,1000,3,5.54,3,0.07279205202311277
170,16,1000,3,4.69,3,0.07279340589791536
170,17,1000,2,3.41,3,0.07279312551021576
170,18,1000,2,4.69,7,0.07279364774376154
170,19,226,5,10.01,3,0.07279397669223557
170,20,1000,4,4.34,4,0.07279415637999773
170,21,1000,4,4.24,2,0.07279382048547269
170,22,1000,1,2.76,4,0.07279378105700016
170,23,1000,2,4.39,5,0.07279371086508035
170,24,1000,4,8.33,3,0.07279323384165765
170,25,1000,4,8.38,6,0.07279278004169464
170,26,1000,4,6.82,2,0.07279288163781165
170,27,1000,3,4.81,3,0.0727925323843956
170,28,1000,4,3.48,1,0.07279223415255547
170,29,1000,2,2.85,1,0.07279168033599853
170,30,1000,1,2.93,6,0.07279156847298145
170,31,148,3,10.04,5,0.07279125409754547
170,32,148,5,10.06,9,0.07279129970718075
170,33,1000,3,3.8,1,0.0727913671657443
171,1,1000,3,4.72,3,0.0029216510374099015
171,2,1000,3,4.26,3,0.0029213670287281273
171,3,1000,3,3.9,3,0.0029216146618127824
171,4,1000,3,5.49,3,0.002921839348971844
171,5,1000,2,3.06,2,0.0029222385538741945
171,6,1000,3,4.57,2,0.0029221827145665884
171,7,1000,3,3.26,2,0.002922829714603722
171,8,1000,3,3.26,1,0.002922517611645162
171,9,1000,1,2.88,6,0.0029227172313258053
171,10,1000,2,4.55,3,0.0029223953606560826
171,11,1000,2,3.7,4,0.0029219242073595525
171,12,1000,4,4.46,2,0.002921617136336863
171,13,1000,4,6.21,2,0.0029216610128059983
171,14,1000,4,5.65,4,0.002921601889654994
171,15,1000,2,3.6,2,0.002921340387314558
171,16,1000,3,3.19,3,0.002921581918373704
171,17,1000,2,3.18,3,0.002921510918997228
171,18,1000,2,3.89,2,0.0029233330888673663
171,19,1000,3,3.75,1,0.002923324258066714
171,20,1000,3,4.16,1,0.0029238123381510376
171,21,1000,5,5.52,4,0.002923137872479856
171,22,1000,4,9.12,1,0.0029225980546325444
171,23,191,5,10.05,5,0.0029229109141371014
171,24,1000,3,4.44,5,0.0029237838070839644
171,25,1000,1,2.74,4,0.0029247638313099743
171,26,1000,4,6.82,2,0.0029248034320771693
171,27,1000,2,3.43,3,0.002925360644236207
171,28,315,4,10.06,11,0.0029255694074053614
171,29,116,4,10.01,3,0.0029254517726728627
171,30,120,4,10.08,4,0.002925616013817489
171,31,118,4,10.2,2,0.002925414260539968
171,32,109,4,10.0,2,0.0029257118206368676
171,33,120,4,10.08,2,0.0029257066082209347
171,34,529,3,10.0,6,0.0029253137327857415
171,35,221,4,10.07,3,0.0029252081502616676
171,36,1000,3,3.63,2,0.00292504243273288
171,37,1000,1,2.89,5,0.002924989431165159
171,38,1000,1,2.78,4,0.002924460507929325
172,1,1000,3,4.82,3,0.026639510665088892
172,2,1000,3,5.17,3,0.026639148540794848
172,3,1000,3,5.64,3,0.026638641383498907
172,4,1000,3,5.65,3,0.026637900743633508
172,5,1000,3,4.56,2,0.02663754207268357
172,6,1000,2,3.45,3,0.026637281775474548
172,7,1000,2,3.44,3,0.026637101385742427
172,8,1000,2,3.46,3,0.02663709719479084
172,9,1000,2,3.47,3,0.02663745193555951
172,10,1000,2,3.1,2,0.026636972315609454
172,11,1000,2,3.11,2,0.026637010373175143
172,12,1000,2,3.77,4,0.026637384548783304
172,13,1000,2,3.45,3,0.02663767132908106
172,14,1000,2,3.81,4,0.02663787917420268
172,15,1000,2,2.77,1,0.026638129383325576
172,16,1000,2,2.78,1,0.026638481482863425
172,17,1000,2,2.82,1,0.026638340819627047
172,18,1000,3,4.11,4,0.026637697752565144
172,19,1000,3,5.69,1,0.026637491419911386
172,20,1000,3,6.02,1,0.02663718246296048
172,21,1000,3,6.4,1,0.026637105155736206
172,22,1000,3,6.34,1,0.02663679818622768
172,23,113,3,10.06,5,0.026636440158549664
172,24,147,4,10.09,3,0.026635228079699334
172,25,1000,5,6.99,3,0.026635083351284266
172,26,1000,3,5.33,5,0.02663502352684736
172,27,451,3,10.0,5,0.02663472988240074
172,28,199,4,10.03,3,0.026634759948256627
172,29,1000,3,7.19,5,0.02663523270189762
172,30,122,4,10.11,5,0.026636590478850194
172,31,154,4,10.09,3,0.02663482640954581
172,32,1000,5,5.04,1,0.026634831082075833
172,33,187,5,10.0,4,0.02663452583639061
172,34,1000,5,8.46,1,0.026634679827839135
172,35,137,5,10.05,4,0.026634514182262176
172,36,143,5,10.01,1,0.026634541359710526
172,37,146,5,10.08,1,0.02663412918528057
172,38,128,4,10.01,2,0.026633734989445657
172,39,130,4,10.0,8,0.026632492989301683
172,40,131,3,10.0,9,0.02663277863091185
172,41,133,4,10.07,9,0.026632758865791157
172,42,167,3,10.03,9,0.02663326649341041
172,43,143,3,10.06,10,0.026633012310399877
172,44,144,3,10.04,10,0.026633271688802376
172,45,132,4,10.05,10,0.026632950810546226
172,46,131,4,10.0,11,0.026632650634487165
172,47,131,4,10.0,11,0.026632469460254406
172,48,137,4,10.05,11,0.026632340108282374
172,49,167,4,10.02,11,0.026632715763892242
172,50,1000,2,6.44,12,0.026632744563743472
172,51,1000,2,7.04,14,0.02663346169888973
172,52,113,3,10.02,23,0.02663233602600815
172,53,67,3,10.01,23,0.026632195533211552
172,54,1000,3,4.23,3,0.02663306540250778
172,55,1000,3,6.57,3,0.02663136011734605
172,56,1000,3,8.16,2,0.026630978759378195
172,57,616,4,10.0,3,0.026630098429544793
172,58,121,4,10.06,1,0.026629810290765173
172,59,131,4,10.04,1,0.026629703147834492
172,60,128,5,10.08,1,0.0266292262240313
172,61,119,4,10.08,1,0.02662929058262781
172,62,79,2,10.02,15,0.026630510752902754
172,63,96,3,10.04,3,0.026630816360314686
172,64,1000,1,2.97,6,0.026630298439413308
173,1,1000,3,4.75,3,-0.04945695001259446
173,2,1000,3,3.65,3,-0.0494568338803947
173,3,1000,3,3.9,2,-0.049456739094108346
173,4,1000,3,4.55,2,-0.04945648481696844
173,5,1000,3,3.97,2,-0.049456558555364606
173,6,1000,3,3.59,2,-0.049456448957324026
173,7,1000,3,3.95,2,-0.04945609129592776
173,8,1000,4,5.24,2,-0.0494562992118299
173,9,1000,5,5.96,4,-0.049456366039812565
173,10,1000,4,3.73,2,-0.04945590293034911
173,11,1000,3,5.35,4,-0.049455313857644796
173,12,1000,3,4.37,3,-0.04945534563064575
173,13,1000,3,4.05,3,-0.0494558482170105
173,14,1000,4,3.64,2,-0.04945604191720486
173,15,1000,3,6.64,2,-0.049455790899693965
173,16,1000,3,6.26,3,-0.049455543860793115
173,17,1000,2,3.49,6,-0.04945476566255093
173,18,1000,3,3.99,2,-0.04945446547493339
173,19,160,3,10.07,4,-0.04945383614394814
173,20,136,4,10.04,3,-0.04945444356759682
173,21,1000,4,6.21,3,-0.049455355107784274
173,22,136,4,10.05,2,-0.049455217332305276
173,23,639,3,10.0,5,-0.049454955130535674
173,24,123,3,10.01,5,-0.049454926293555315
173,25,1000,3,6.16,3,-0.04945476339384913
173,26,127,4,10.0,3,-0.04945465271163175
173,27,139,5,10.05,3,-0.04945505212108008
173,28,1000,2,3.93,3,-0.049455447893589737
174,1,1000,3,4.78,3,-0.03688678704574704
174,2,1000,3,4.54,3,-0.03688620513677597
174,3,1000,3,5.57,3,-0.03688606465235353
174,4,1000,3,6.67,2,-0.03688561794534326
174,5,1000,3,9.0,4,-0.03688537298887968
174,6,1000,3,6.51,2,-0.03688513042777777
174,7,1000,2,4.73,7,-0.03688443185761571
174,8,1000,3,4.7,3,-0.03688313903287053
174,9,1000,3,4.79,7,-0.03688292285054922
174,10,1000,3,7.59,3,-0.03688243802636862
174,11,1000,4,7.93,3,-0.036882569767534734
174,12,1000,4,7.91,3,-0.03688230418413878
174,13,1000,3,4.76,1,-0.036881857369095085
174,14,1000,3,4.71,1,-0.03688114568963647
174,15,1000,3,4.88,1,-0.036881058417260644
174,16,1000,2,6.89,7,-0.036880364902317525
174,17,125,3,10.07,6,-0.036879754453897476
174,18,1000,4,8.85,4,-0.03687889264151454
174,19,1000,3,5.69,3,-0.036878627248108385
174,20,1000,3,6.7,4,-0.03687868416681886
174,21,1000,3,7.35,4,-0.03687865679338574
174,22,1000,2,3.9,3,-0.03687862937524915
174,23,1000,2,2.93,1,-0.03687833726406097
174,24,1000,3,5.38,5,-0.03687809098139405
174,25,148,3,10.03,5,-0.03687848336994648
174,26,130,4,10.07,2,-0.036877606236017664
174,27,134,5,10.03,1,-0.03687874158260537
174,28,1000,4,3.48,3,-0.03687955075502396
174,29,162,4,10.05,4,-0.03687994931767016
174,30,158,4,10.01,4,-0.03687962097457693
174,31,1000,2,2.87,3,-0.03688059351593256
174,32,1000,2,2.69,2,-0.03687952660024166
175,1,1000,3,4.92,3,-0.05039834504574537
175,2,1000,3,3.68,3,-0.05039786634594202
175,3,1000,3,4.59,2,-0.05039696887508035
175,4,1000,2,2.92,3,-0.050396620217710734
175,5,1000,2,2.92,3,-0.05039624334126711
175,6,1000,2,2.92,3,-0.05039563801139593
175,7,1000,3,3.56,2,-0.05039543261379004
175,8,1000,3,4.32,3,-0.05039487662911415
175,9,1000,4,7.66,3,-0.05039432091265917
175,10,185,5,10.01,4,-0.05039362710069965
175,11,1000,5,4.55,1,-0.0503927195109427
175,12,1000,3,3.47,4,-0.050391903284937145
175,13,1000,3,3.68,5,-0.050391066245734695
175,14,1000,2,2.72,1,-0.0503915436565876
175,15,1000,3,4.06,1,-0.05039151504635811
175,16,313,6,10.04,3,-0.050391194943231514
175,17,1000,5,7.52,3,-0.050391421012580394
175,18,1000,5,5.03,1,-0.050391182918101546
175,19,1000,4,5.48,4,-0.05039045242965221
175,20,1000,3,6.74,4,-0.05039269560575485
175,21,1000,4,4.77,3,-0.05038979031518102
175,22,1000,3,4.71,3,-0.050390122435987
175,23,1000,3,3.06,1,-0.05038954941928387
175,24,1000,2,3.08,4,-0.05038937672972679
175,25,1000,2,3.08,4,-0.05038883878663182
175,26,1000,2,4.53,13,-0.05038941469416022
175,27,1000,3,3.97,3,-0.05038948934897781
175,28,1000,2,2.9,1,-0.05038907337933779
175,29,1000,6,9.75,2,-0.050388839092105626
175,30,1000,4,4.63,3,-0.0503886502198875
175,31,1000,4,4.52,5,-0.050387322589755056
175,32,1000,5,7.23,2,-0.05038783772289753
175,33,1000,4,8.59,3,-0.05038782550767064
175,34,126,4,10.02,3,-0.05038927430434832
175,35,1000,4,9.37,3,-0.05038725028559565
175,36,123,4,10.03,2,-0.05039026379221823
175,37,1000,3,6.86,6,-0.05039050005748868
175,38,1000,3,4.94,3,-0.05039194265753031
175,39,803,3,10.0,4,-0.050392322757212935
175,40,1000,2,3.69,2,-0.05039199902489781
175,41,119,3,10.05,8,-0.05039208110014932
175,42,1000,2,4.81,3,-0.05039266130700708
176,1,1000,3,4.79,3,0.07462667003273964
176,2,1000,3,3.78,2,0.07462583589553833
176,3,1000,3,3.51,1,0.07462512791156768
176,4,1000,2,2.74,1,0.0746249518468976
176,5,1000,3,3.55,1,0.07462358567863703
176,6,1000,3,3.52,1,0.07462318942695856
176,7,1000,2,2.83,1,0.07462317523360253
176,8,1000,2,2.83,1,0.07462306214123965
176,9,1000,3,4.2,1,0.07462294051796198
176,10,1000,2,2.8,1,0.07462275879830121
176,11,1000,3,8.7,6,0.0746230333968997
176,12,1000,1,2.74,4,0.07462242882698775
176,13,1000,2,2.94,2,0.0746235790103674
176,14,1000,1,2.67,3,0.07462263748794794
176,15,1000,1,2.73,4,0.0746218778192997
176,16,1000,3,7.06,3,0.07462426719814538
176,17,1000,3,5.68,3,0.07462621300667524
176,18,1000,3,2.68,1,0.0746268555521965
176,19,1000,2,2.69,1,0.07462866526842117
176,20,1000,2,2.6,1,0.07462779432535172
176,21,1000,3,4.78,1,0.07462913016974926
176,22,1000,3,3.83,1,0.07462971152365208
176,23,1000,4,3.53,1,0.07462634402513504
176,24,1000,3,2.67,1,0.07462663948535919
176,25,1000,2,2.68,2,0.07462545879185199
176,26,1000,1,2.8,4,0.07462838292866945
176,27,1000,1,2.49,1,0.07463031262159348
176,28,1000,1,2.62,2,0.07463162586092949
176,29,1000,1,2.71,3,0.0746334198564291
177,1,1000,3,4.83,3,0.06606093471497297
177,2,1000,3,3.82,3,0.06606185824424028
177,3,1000,2,3.5,3,0.06606312821060419
177,4,1000,3,3.66,2,0.06606341078132391
177,5,1000,3,3.19,2,0.06606348244845867
177,6,1000,2,3.77,5,0.06606293965131044
177,7,1000,3,4.51,3,0.06606322254240513
177,8,1000,2,2.79,2,0.06606351375579834
177,9,1000,3,3.14,1,0.06606391590833664
177,10,1000,2,2.95,1,0.06606291696429252
177,11,1000,2,2.81,2,0.06606212134659291
177,12,1000,3,4.13,2,0.06606314424425364
177,13,1000,3,4.69,5,0.06606327721476554
177,14,1000,3,5.13,3,0.06606296257674694
177,15,1000,2,3.38,6,0.06606306696683169
177,16,1000,4,9.69,4,0.06606307331472636
177,17,148,5,10.09,2,0.0660626897840081
177,18,1000,2,3.47,3,0.0660631051287055
177,19,1000,2,4.9,3,0.06606430796533823
177,20,154,7,10.01,2,0.06606490619770893
177,21,1000,5,6.45,3,0.06606467708200216
177,22,1000,2,3.3,5,0.06606546294689178
177,23,1000,2,3.52,2,0.06606550604104995
177,24,607,5,10.0,3,0.06606449850848715
177,25,1000,4,9.86,3,0.06606384564936162
177,26,1000,2,4.46,7,0.06606412079185248
177,27,1000,3,7.45,3,0.06606304339319467
177,28,1000,3,3.81,1,0.06606345538049936
177,29,204,5,10.0,3,0.0660632432018425
177,30,124,5,10.03,3,0.06606273593441132
177,31,136,4,10.07,5,0.06606252929743599
177,32,140,4,10.08,6,0.0660627970205886
177,33,134,3,10.07,11,0.06606212119335558
177,34,1000,5,7.85,1,0.06606355229765176
177,35,130,4,10.08,2,0.0660630936232897
177,36,1000,3,9.03,5,0.06606243060529232
177,37,132,4,10.07,1,0.06606283095298392
177,38,135,6,10.09,2,0.06606244731832434
177,39,119,5,10.07,4,0.06606152309339587
177,40,137,4,10.3,3,0.06606315223187426
177,41,131,4,10.07,3,0.0660634521992152
177,42,1000,3,5.09,3,0.06606301572918892
177,43,141,4,10.07,5,0.06606369296498332
177,44,121,3,10.05,3,0.06606331430683451
177,45,1000,2,8.38,9,0.06606377898901701
177,46,868,2,10.0,8,0.06606468304236364
177,47,139,4,10.05,5,0.06606405003250931
177,48,125,4,10.04,3,0.06606380945444107
177,49,1000,3,4.96,3,0.06606375219672918
178,1,1000,3,4.83,3,0.09435611508786679
178,2,1000,3,5.18,3,0.09435560850799084
178,3,1000,3,4.94,3,0.0943557951003313
178,4,1000,3,4.63,3,0.09435605269670487
178,5,1000,3,3.96,2,0.09435637713968754
178,6,1000,3,6.5,5,0.09435655549913645
178,7,1000,3,7.73,3,0.09435636480897665
178,8,1000,3,6.42,3,0.09435671549290418
178,9,1000,3,4.74,2,0.09435704626888036
178,10,1000,3,8.46,5,0.09435677871853113
178,11,1000,3,6.15,3,0.0943568911999464
178,12,1000,3,5.66,3,0.09435696850717068
178,13,1000,3,3.93,2,0.09435695219039918
178,14,1000,2,3.47,2,0.09435683807730674
178,15,434,3,10.0,15,0.09435667631469564
178,16,1000,2,9.7,15,0.09435644430667162
178,17,1000,3,5.39,3,0.09435644233226777
178,18,1000,2,3.14,4,0.09435775735974312
178,19,1000,4,4.62,3,0.09435599134862423
178,20,1000,4,8.21,2,0.09435403463989496
178,21,1000,3,6.98,2,0.09435278011858464
178,22,129,4,10.05,3,0.09435364528912907
178,23,157,5,10.01,3,0.09435172322069764
178,24,746,4,10.0,2,0.09435283943970785
178,25,138,4,10.06,3,0.09435341231848883
178,26,1000,5,5.13,3,0.09435189748555421
178,27,168,5,10.05,8,0.09435207090739693
178,28,147,5,10.06,5,0.09435250731755276
178,29,147,6,10.03,2,0.09435227766734403
178,30,133,4,10.03,3,0.09435253618355084
178,31,123,4,10.08,3,0.09435347443431373
178,32,121,4,10.03,3,0.09435253756598008
178,33,135,4,10.03,7,0.09435200685704195
178,34,124,4,10.01,2,0.09435040071125954
178,35,122,4,10.05,2,0.09434951603656909
178,36,123,4,10.01,6,0.0943498300706468
178,37,135,4,10.07,2,0.09435034134873638
178,38,112,4,10.05,3,0.094350327072399
178,39,131,4,10.06,3,0.09435018294185173
178,40,126,4,10.0,2,0.09435120621134364
178,41,125,4,10.04,3,0.09435032486915589
178,42,130,4,10.0,3,0.09434894598447359
178,43,892,3,10.0,3,0.09434858066418246
178,44,132,4,10.05,3,0.09435084891138655
178,45,128,4,10.01,3,0.09435238334117457
178,46,119,3,10.05,3,0.09435330187322713
179,1,1000,3,4.79,3,-0.03217266118898988
179,2,1000,3,4.21,3,-0.0321730483956635
179,3,1000,3,3.19,1,-0.032173553444445134
179,4,1000,3,3.03,1,-0.032173611491918566
179,5,1000,2,2.92,3,-0.03217378245294094
179,6,1000,3,4.6,2,-0.0321735672801733
179,7,1000,1,2.74,4,-0.03217319094762206
179,8,1000,2,2.95,2,-0.032173017349094155
179,9,1000,3,7.85,9,-0.03217289231345057
179,10,1000,2,3.43,6,-0.0321729057431221
179,11,1000,1,2.64,3,-0.032173320151865484
179,12,1000,1,2.56,2,-0.0321730551943183
179,13,1000,1,2.98,7,-0.0321733660697937
179,14,1000,3,3.72,3,-0.032173411477357146
179,15,1000,2,3.01,2,-0.03217351882904768
179,16,1000,1,2.56,2,-0.03217336429655552
179,17,1000,2,3.91,5,-0.0321731079518795
179,18,1000,2,3.88,3,-0.03217354957386851
179,19,1000,1,2.47,1,-0.03217369690537453
179,20,1000,1,2.52,1,-0.032173752784729004
179,21,1000,1,2.57,2,-0.03217375472187996
180,1,1000,3,4.94,3,0.011550007154233754
180,2,1000,3,3.68,3,0.011550110887736081
180,3,1000,3,5.72,3,0.0115503772161901
180,4,1000,3,7.62,3,0.011550619293004275
180,5,1000,4,7.16,3,0.011550750689581037
180,6,914,4,10.0,3,0.011550742865864114
180,7,864,4,10.0,3,0.011550465568520681
180,8,721,4,10.0,3,0.011550272814929485
180,9,456,5,10.0,3,0.011550254212986482
180,10,701,4,10.0,3,0.011550263833844457
180,11,1000,3,4.71,2,0.011550276378169655
180,12,1000,5,7.53,3,0.011550633737817407
180,13,1000,2,3.18,4,0.011550006994977593
180,14,1000,3,4.39,5,0.011550536567345261
180,15,343,7,10.05,3,0.011551257418387138
180,16,145,6,10.09,2,0.01155199195290434
180,17,122,4,10.03,3,0.011552439330786955
180,18,1000,2,3.67,1,0.011552670227363705
180,19,1000,3,6.7,1,0.011552042948082089
180,20,109,3,10.03,1,0.011551634570874205
180,21,131,2,10.04,11,0.01155141563304053
180,22,111,3,10.05,11,0.011551599983159487
180,23,117,3,10.04,18,0.011551403544015355
180,24,121,4,10.08,9,0.011552653406277176
180,25,130,5,10.07,3,0.011552973850988425
180,26,129,5,10.09,3,0.011553429630260134
180,27,1000,4,6.06,3,0.011553669478744269
180,28,1000,4,4.81,3,0.011553787492215634
180,29,1000,2,3.24,2,0.011554020507261157
180,30,1000,2,4.49,4,0.011553800147026777
180,31,1000,2,4.68,8,0.011553052129223943
180,32,123,4,10.04,6,0.0115533033158721
180,33,120,4,10.01,8,0.011553804591918985
180,34,119,3,10.07,9,0.01155410589603316
180,35,144,5,10.02,1,0.01155490201846179
180,36,1000,3,4.91,1,0.011555022038519382
180,37,107,3,10.05,3,0.01155492797424303
180,38,115,4,10.04,4,0.011555551931909894
180,39,1000,3,6.99,3,0.011555445266887546
180,40,1000,2,8.19,21,0.011555151715874672
180,41,95,3,10.0,18,0.011555639870072666
180,42,114,3,10.06,10,0.01155656863722885
180,43,119,3,10.02,10,0.0115560979245841
180,44,176,3,10.04,8,0.011555851564149965
180,45,1000,4,5.34,5,0.01155546543188393
180,46,118,4,10.08,6,0.011555454725304903
180,47,1000,2,3.95,3,0.011556065617129206
180,48,1000,2,3.4,2,0.011556237375363708
180,49,1000,1,4.08,18,0.011556084346026183
180,50,1000,1,3.82,15,0.01155618048273027
180,51,176,6,10.0,3,0.011556482598693534
180,52,1000,3,2.82,1,0.011556425930932163
180,53,1000,4,4.77,5,0.011556996716186404
180,54,1000,3,6.11,7,0.011557615855708718
180,55,1000,3,4.62,7,0.011558006504550576
180,56,1000,3,3.26,2,0.01155829481408
180,57,1000,3,3.01,3,0.011559351278468967
180,58,1000,3,2.8,1,0.011560027487576008
180,59,1000,3,3.4,2,0.011559745175763964
180,60,1000,1,2.56,1,0.011561053805053234
181,1,1000,3,4.88,3,-0.011659461705014109
181,2,1000,3,4.33,3,-0.01166016938071698
181,3,1000,3,4.68,3,-0.011661070123314857
181,4,1000,3,4.81,3,-0.011661370354704558
181,5,1000,3,7.8,7,-0.011661163213662803
181,6,1000,3,4.74,3,-0.011661231492646038
181,7,1000,2,3.02,3,-0.011661038152873516
181,8,1000,2,3.09,2,-0.011660612169653178
181,9,1000,2,3.01,3,-0.011660227984189987
181,10,1000,3,5.36,8,-0.011659967852756381
181,11,1000,3,8.94,6,-0.011661010998301208
181,12,1000,4,7.18,3,-0.011661227866075933
181,13,945,4,10.0,3,-0.011660050171077567
181,14,160,4,10.06,5,-0.011659168195910752
181,15,868,4,10.0,3,-0.011658636106324087
181,16,142,5,10.08,4,-0.011657479297841939
181,17,1000,3,4.31,2,-0.011657096792012453
181,18,1000,1,2.85,4,-0.011657156770117581
181,19,1000,3,4.14,2,-0.011658215115778149
181,20,142,4,10.01,5,-0.011658470566109034
181,21,1000,3,8.4,5,-0.01165832880139351
181,22,1000,3,4.86,2,-0.011658246918581427
181,23,529,3,10.0,10,-0.01165897389856257
181,24,1000,4,9.47,4,-0.011658717719838023
181,25,133,4,10.07,7,-0.01165689683442277
181,26,147,4,10.05,5,-0.011657337062567675
181,27,1000,5,8.98,3,-0.011658040294423699
181,28,1000,3,4.45,9,-0.011657748385332525
181,29,1000,3,4.72,3,-0.011657273291610181
181,30,1000,3,4.16,2,-0.01165705782547593
181,31,1000,2,3.21,3,-0.01165771210193634
181,32,174,4,10.08,3,-0.0116579612749147
181,33,414,4,10.0,3,-0.011659298353077134
181,34,1000,4,3.7,1,-0.011658576340414584
181,35,1000,3,4.11,1,-0.011658478174358606
181,36,1000,2,5.65,4,-0.011658363237977028
181,37,1000,3,6.05,2,-0.011657982571050525
181,38,1000,3,8.89,4,-0.011657918826676906
181,39,901,3,10.0,3,-0.011657597781360546
181,40,154,3,10.04,3,-0.011657297320954212
181,41,1000,3,6.15,1,-0.011657401837408543
181,42,1000,2,6.06,4,-0.011657693182118237
181,43,1000,3,6.36,1,-0.011657664963044226
181,44,71,2,10.05,19,-0.011657458467697593
181,45,227,3,10.02,2,-0.01165707615339546
181,46,1000,3,5.77,6,-0.011657498918473721
181,47,1000,1,2.63,2,-0.011658822393976151
182,1,1000,3,4.9,3,0.10829999937117099
182,2,1000,3,3.58,3,0.10829953198134899
182,3,1000,3,3.25,1,0.10829872866719961
182,4,1000,2,2.82,1,0.10829798148572445
182,5,1000,2,2.98,1,0.1082974999472499
182,6,1000,3,3.11,1,0.108297462195158
182,7,1000,2,3.87,5,0.10829703694581985
182,8,1000,2,3.48,2,0.10829691698402166
182,9,1000,2,3.49,4,0.10829695606976747
182,10,1000,5,8.96,4,0.10829698871821165
182,11,371,5,10.0,2,0.10829689775435429
182,12,1000,4,4.85,1,0.10829663160443306
182,13,1000,2,3.32,2,0.10829699888825417
182,14,1000,3,3.06,1,0.10829664194583893
182,15,1000,4,5.69,2,0.10829686868935823
182,16,151,4,10.06,6,0.10829714305748213
182,17,964,7,10.0,9,0.10829699258184779
182,18,991,5,10.0,9,0.10829700693473085
182,19,120,5,10.04,2,0.10829673558473588
182,20,126,4,10.06,7,0.10829680649534104
182,21,133,4,10.05,5,0.10829669265146542
182,22,120,3,10.05,5,0.10829721769938866
182,23,1000,4,8.14,11,0.10829704598337411
182,24,1000,5,7.03,3,0.10829717548191548
182,25,1000,4,4.34,2,0.10829738456010818
182,26,1000,2,2.83,1,0.10829734840989112
182,27,1000,2,3.38,1,0.10829705312848091
182,28,1000,1,2.82,4,0.10829720598459244
182,29,1000,1,2.99,6,0.10829726224392652
182,30,1000,2,3.56,2,0.10829759518802166
182,31,991,5,10.0,4,0.10829781998027826
182,32,1000,4,5.04,2,0.10829802963882684
182,33,1000,3,3.55,3,0.10829788949340582
182,34,1000,1,2.73,3,0.10829785969108344
182,35,1000,1,2.59,1,0.10829761624336243
182,36,1000,1,2.81,4,0.10829817712306976
183,1,1000,3,4.88,3,-0.11156391394138336
183,2,1000,3,3.72,3,-0.11156429629027843
183,3,1000,3,4.71,3,-0.11156443953514099
183,4,1000,3,4.21,3,-0.1115651183873415
183,5,1000,3,5.19,3,-0.11156491493433714
183,6,1000,2,3.15,3,-0.11156492632627488
183,7,1000,3,5.49,3,-0.11156536193192006
183,8,1000,4,8.54,4,-0.11156522383540869
183,9,1000,3,3.58,2,-0.11156526367366314
183,10,1000,2,3.45,4,-0.11156531862169504
183,11,1000,2,3.39,4,-0.11156500909477472
183,12,1000,2,3.4,2,-0.11156475239247084
183,13,146,6,10.01,3,-0.11156464148670027
183,14,135,4,10.01,6,-0.11156486846782543
183,15,1000,2,3.1,2,-0.11156534501165151
183,16,1000,4,8.1,4,-0.1115647883489728
183,17,125,4,10.06,4,-0.11156486451625824
183,18,1000,2,3.95,3,-0.11156516624987126
183,19,1000,3,8.18,7,-0.11156563182920218
183,20,1000,5,9.25,4,-0.11156505326926708
183,21,1000,2,3.65,2,-0.11156500223278999
183,22,1000,2,3.27,2,-0.1115656388476491
183,23,160,5,10.03,1,-0.1115656653419137
183,24,124,4,10.06,3,-0.11156516552211777
183,25,131,5,10.27,3,-0.1115648458135947
183,26,1000,5,9.22,1,-0.1115639664158225
183,27,120,5,10.08,1,-0.11156384783486525
183,28,1000,1,2.51,1,-0.111564502120018
183,29,1000,2,3.89,4,-0.11156505975872279
183,30,1000,2,4.25,5,-0.11156526396423579
183,31,112,3,10.05,6,-0.11156548439924206
183,32,114,4,10.0,3,-0.11156562343239784
183,33,118,4,10.08,3,-0.11156543565251059
183,34,132,5,10.01,3,-0.11156587364772956
183,35,1000,3,4.49,2,-0.11156578439474106
183,36,129,4,10.03,5,-0.1115655258528946
183,37,1000,3,6.5,5,-0.11156553766131401
183,38,660,5,10.0,3,-0.1115655270038229
183,39,1000,3,5.49,2,-0.11156558886170387
183,40,1000,1,2.67,3,-0.11156703565269709
183,41,1000,4,6.68,3,-0.11156713016331196
183,42,1000,4,9.16,4,-0.11156695848703384
183,43,1000,2,2.78,2,-0.11156680921465159
184,1,1000,3,4.87,3,0.002010064825415611
184,2,1000,3,3.65,2,0.002010284453630447
184,3,1000,3,4.23,3,0.0020104669630527498
184,4,1000,2,2.91,3,0.002010549694299698
184,5,1000,3,3.88,3,0.0020106555223464964
184,6,1000,3,6.22,3,0.002010378532111645
184,7,1000,3,4.22,3,0.0020103056132793427
184,8,1000,3,4.72,3,0.0020102060660719873
184,9,1000,3,5.75,4,0.0020105447992682457
184,10,1000,5,6.06,2,0.0020105338990688325
184,11,1000,4,9.77,3,0.002010523073375225
184,12,1000,4,3.4,2,0.0020101848468184473
184,13,1000,1,2.58,2,0.0020102187618613243
184,14,1000,2,3.3,2,0.002010068364441395
184,15,1000,2,5.02,10,0.0020101207569241525
184,16,1000,2,4.97,10,0.002010391719639301
184,17,1000,3,6.33,4,0.0020096420496702196
184,18,1000,2,4.12,5,0.002008911520242691
184,19,158,5,10.01,3,0.002009260774696175
184,20,1000,4,7.96,2,0.0020101748928427698
184,21,127,5,10.08,4,0.0020103978110462663
184,22,1000,2,3.15,4,0.0020098695531487465
184,23,1000,2,4.14,4,0.002010014943778515
184,24,1000,2,5.2,11,0.002009637914597988
184,25,1000,3,4.89,4,0.0020091473832726478
184,26,1000,2,3.19,1,0.0020082746520638465
184,27,1000,0,2.46,0,0.002007600851356983
184,28,1000,1,3.01,6,0.0020072433426976204
184,29,1000,1,2.66,2,0.002006431467831135
184,30,1000,1,2.51,1,0.0020054103806614876
185,1,1000,3,4.89,3,-0.10506824701279402
185,2,1000,3,4.13,3,-0.10506965392827988
185,3,1000,2,2.93,2,-0.1050705711171031
185,4,1000,3,4.17,3,-0.10507081384956837
185,5,1000,2,2.94,3,-0.10507085308432579
185,6,1000,3,6.22,5,-0.10507113803923131
185,7,168,5,10.07,3,-0.10507110155941475
185,8,1000,4,6.27,2,-0.10507121670991182
185,9,1000,4,6.09,2,-0.1050713023841381
185,10,1000,4,4.26,2,-0.10507136040180921
185,11,1000,4,3.64,1,-0.10507167421281338
185,12,1000,2,2.67,1,-0.10507314652204514
185,13,1000,3,6.18,6,-0.10507164399325848
185,14,144,5,10.0,3,-0.10507123353373674
185,15,129,4,10.09,8,-0.10506889720757802
185,16,1000,2,3.48,3,-0.10506978986412287
185,17,136,3,10.04,4,-0.10506842121043626
185,18,1000,5,8.41,3,-0.10506726806610822
185,19,1000,5,5.16,2,-0.10506713987886905
185,20,1000,4,7.51,4,-0.10506754912436009
185,21,1000,5,5.55,3,-0.10506790851801634
185,22,195,5,10.03,3,-0.10506733694137671
185,23,1000,4,5.78,1,-0.10506672187149525
185,24,172,5,10.01,5,-0.10506589819005756
185,25,130,4,10.02,7,-0.10506610520757162
185,26,1000,2,4.59,5,-0.10506637686491013
185,27,130,4,10.04,3,-0.10506742355915216
185,28,134,4,10.01,3,-0.10506734791309086
185,29,129,4,10.03,5,-0.10506495706332747
185,30,1000,3,8.86,4,-0.1050651715323329
185,31,130,4,10.05,3,-0.10506481918004842
185,32,124,4,10.05,5,-0.10506524878644175
185,33,126,4,10.07,3,-0.10506632084411288
185,34,1000,4,4.52,3,-0.10506564605236053
185,35,127,4,10.03,3,-0.10506526726906694
185,36,127,4,10.03,3,-0.105066684756692
185,37,120,4,10.02,2,-0.10506576970219612
185,38,1000,2,5.94,3,-0.10506506326049567
185,39,1000,2,4.22,5,-0.10506448881328107
185,40,123,4,10.05,8,-0.10506527773975356
185,41,128,4,10.04,4,-0.10506547085242346
185,42,130,3,10.06,5,-0.10506498933984683
185,43,166,4,10.07,4,-0.10506530640175543
185,44,1000,3,6.24,4,-0.10506506656110287
185,45,327,5,10.07,3,-0.10506576226756478
186,1,1000,3,4.87,3,0.12577348329126836
186,2,1000,3,5.01,3,0.12577323304116725
186,3,1000,4,6.79,3,0.1257731061577797
186,4,1000,4,6.75,3,0.1257732182890177
186,5,1000,3,5.3,3,0.12577341094613076
186,6,1000,3,4.31,2,0.12577354840934277
186,7,1000,3,5.23,2,0.12577385811507702
186,8,1000,3,7.91,5,0.12577350699901582
186,9,1000,3,5.56,3,0.12577342648804188
186,10,1000,3,5.76,5,0.12577383399009703
186,11,1000,3,9.28,5,0.12577364148199557
186,12,1000,3,5.65,2,0.1257735261619091
186,13,1000,3,4.04,1,0.12577381837368012
186,14,128,3,10.04,8,0.12577368039637804
186,15,1000,3,8.24,3,0.1257735543549061
186,16,925,3,10.0,10,0.12577387870968998
186,17,1000,3,4.29,3,0.12577432331442834
186,18,752,3,10.0,3,0.1257743378506696
186,19,1000,3,6.97,8,0.1257743370383978
186,20,1000,3,5.68,2,0.12577449053525924
186,21,591,3,10.0,7,0.12577448969363358
186,22,1000,3,3.47,1,0.1257747965157032
186,23,1000,3,5.76,5,0.12577436567842962
186,24,1000,3,3.99,5,0.12577470356225967
186,25,290,4,10.03,6,0.1257740404071479
186,26,1000,4,7.99,4,0.12577385534346103
186,27,1000,3,4.17,4,0.12577445992827416
187,1,1000,3,4.87,3,0.04212767495214939
187,2,1000,3,3.73,3,0.042127827774733305
187,3,1000,2,3.49,2,0.04212790191546083
187,4,1000,2,3.78,4,0.0421286050863564
187,5,1000,3,4.2,3,0.04212874680384993
187,6,1000,2,3.18,6,0.04212867826968431
187,7,1000,2,3.35,2,0.04212837970256805
187,8,1000,3,4.04,2,0.04212919345498085
187,9,1000,2,3.21,3,0.04212958762422204
187,10,1000,2,2.97,3,0.04213022527098656
187,11,1000,2,3.25,3,0.04213035650923848
187,12,1000,2,2.62,1,0.04212940111756325
187,13,1000,1,2.78,4,0.04212874491140246
187,14,1000,1,2.79,4,0.04212881940603256
187,15,1000,1,3.13,8,0.04212888550758362
187,16,1000,1,2.53,1,0.04212940111756325
188,1,1000,3,4.87,3,-0.028369517330080272
188,2,1000,3,3.51,2,-0.02836905786022544
188,3,1000,3,4.67,2,-0.028369077552109958
188,4,1000,3,5.63,5,-0.028368962582200764
188,5,1000,2,3.73,6,-0.02836874968186021
188,6,1000,2,3.48,3,-0.02836909592151642
188,7,1000,2,3.82,4,-0.028368860710412263
188,8,1000,1,2.69,3,-0.02836840180121362
188,9,1000,2,3.74,5,-0.02836817104741931
188,10,1000,1,2.89,5,-0.02836785762384534
188,11,1000,2,3.32,2,-0.02836796462908387
188,12,1000,1,2.72,3,-0.02836767288297415
188,13,1000,2,3.87,4,-0.028367340359836818
188,14,1000,2,3.73,3,-0.028367088556289673
188,15,1000,2,3.22,3,-0.028366904500871898
188,16,1000,1,2.67,2,-0.028366755343973638
188,17,1000,2,3.04,2,-0.028366745486855506
188,18,1000,1,2.9,5,-0.028365931183099748
188,19,1000,2,2.79,2,-0.028365971870720385
188,20,1000,2,4.18,4,-0.028365653727203607
188,21,1000,2,3.51,3,-0.028365640752017498
188,22,1000,1,2.75,3,-0.028365680888295174
188,23,1000,2,3.24,3,-0.028364626709371805
188,24,1000,1,2.79,4,-0.028364702098071574
188,25,1000,2,3.5,3,-0.02836442392319441
188,26,1000,2,4.56,5,-0.028363919965922833
188,27,1000,2,3.13,2,-0.028364072348922492
188,28,1000,2,3.78,4,-0.02836374082043767
188,29,1000,2,2.98,3,-0.028363859495148063
188,30,1000,1,2.95,5,-0.02836347446218133
188,31,1000,3,3.8,3,-0.02836305694654584
188,32,1000,2,3.39,3,-0.028362449634820222
188,33,1000,3,4.45,2,-0.028362236861139537
188,34,158,3,10.03,5,-0.02836154037025533
188,35,1000,3,6.55,5,-0.02836118401400745
188,36,1000,1,2.63,2,-0.028360441993921993
188,37,1000,1,2.66,2,-0.02836093183979392
188,38,1000,1,2.81,4,-0.028360618509352207
188,39,1000,3,4.89,4,-0.028359739679843187
188,40,1000,3,4.02,3,-0.028358557861298324
188,41,1000,3,3.93,2,-0.02835879761725664
188,42,1000,2,3.21,4,-0.028358240347355602
188,43,1000,3,3.97,3,-0.02835896806791425
188,44,1000,3,3.35,1,-0.028358246635645627
188,45,1000,2,2.73,1,-0.028358674734830856
189,1,1000,3,4.85,3,0.09411047998815775
189,2,1000,3,4.8,3,0.09411086041480303
189,3,1000,3,5.24,3,0.09411141405999661
189,4,1000,3,6.61,3,0.0941121210604906
189,5,1000,3,6.3,3,0.09411209684610367
189,6,1000,3,5.71,3,0.09411254242807626
189,7,1000,3,6.18,3,0.09411323635280132
189,8,177,3,10.04,6,0.09411387949508462
189,9,179,4,10.04,5,0.09411513047844337
189,10,159,5,10.04,3,0.09411715631777386
189,11,137,4,10.01,3,0.09411794393167008
189,12,1000,5,9.87,2,0.09411816772818565
189,13,1000,5,9.76,2,0.09411999504268169
189,14,1000,5,6.01,7,0.09412252216041088
189,15,173,5,10.0,4,0.09411889146690423
189,16,168,5,10.05,6,0.09411804138549737
189,17,974,3,10.0,6,0.09411686598428466
189,18,1000,3,6.41,3,0.09411694395542144
189,19,1000,3,6.58,3,0.09411503923684358
189,20,127,3,10.03,20,0.09411343779620224
189,21,1000,3,7.03,11,0.09411688772588968
189,22,1000,4,4.24,3,0.09411751037091017
189,23,1000,2,3.88,2,0.09411368411034346
189,24,1000,4,8.2,2,0.0941131182089448
189,25,1000,1,3.04,7,0.09411473796516658
189,26,1000,2,4.29,1,0.09411420886218548
189,27,1000,2,6.56,4,0.09411430425196886
189,28,164,4,10.06,3,0.09411483480617767
189,29,141,3,10.02,2,0.09411381502100762
189,30,1000,3,8.17,2,0.0941144847497344
189,31,1000,3,9.02,1,0.0941138967871666
189,32,242,3,10.0,4,0.09410930206337251
189,33,123,3,10.06,4,0.0941076601545016
189,34,143,5,10.07,22,0.09410552315778666
189,35,200,6,10.05,1,0.09410808984190226
189,36,135,5,10.0,1,0.09411141039044768
189,37,509,6,10.0,3,0.09411121500849957
189,38,129,5,10.03,3,0.09411150095767754
189,39,250,5,10.05,2,0.09411007237434388
189,40,1000,2,3.27,3,0.09410989265888929
190,1,1000,3,5.02,3,0.06025307302549481
190,2,1000,3,5.32,3,0.06025298550352454
190,3,1000,3,4.88,3,0.06025305894762278
190,4,1000,3,6.92,4,0.06025337664783001
190,5,1000,3,5.85,3,0.060253398116678
190,6,1000,3,3.61,1,0.060253692343831065
190,7,1000,3,7.79,3,0.060254408307373525
190,8,1000,3,9.94,5,0.060254260674118994
190,9,1000,3,7.21,4,0.06025483036413789
190,10,1000,3,4.76,2,0.060254101295024155
190,11,1000,3,9.91,8,0.060254894681274894
190,12,1000,3,7.03,6,0.06025540782138705
190,13,1000,3,3.45,1,0.06025379309430719
190,14,1000,1,2.54,1,0.06025310233235359
191,1,1000,3,4.87,3,0.03829472230002284
191,2,1000,3,3.64,2,0.038296606920659546
191,3,1000,2,2.79,1,0.038297700572758914
191,4,1000,3,3.69,2,0.03829872366413474
191,5,1000,2,2.79,1,0.03829789974913001
191,6,1000,2,3.88,4,0.038298527624458074
191,7,1000,2,3.29,3,0.03829803212359548
191,8,1000,5,9.58,2,0.038298256807029245
191,9,1000,5,6.03,3,0.038298888593912124
191,10,1000,2,2.69,1,0.03829869527369738
191,11,1000,2,2.99,1,0.038298042081296446
191,12,1000,1,2.82,4,0.0382982143163681
191,13,1000,2,4.19,5,0.03829881190508604
191,14,1000,2,2.9,1,0.03829915275424719
191,15,1000,3,3.42,1,0.03829929530620575
191,16,1000,4,5.45,1,0.038299941673874856
191,17,239,6,10.04,3,0.038299774727686677
191,18,144,5,10.08,4,0.038298494906889066
191,19,1000,4,3.42,1,0.038298586674034595
191,20,1000,1,3.04,6,0.038298315513879064
191,21,1000,2,3.78,3,0.03829897352308035
191,22,1000,2,2.79,1,0.038299795877188444
191,23,1000,1,2.9,5,0.03830002709105611
191,24,493,3,10.0,9,0.03830037501019106
191,25,96,3,10.01,5,0.038299943902529776
191,26,96,3,10.03,3,0.03830023424234241
191,27,1000,3,4.49,3,0.0383010791502893
191,28,1000,3,3.1,1,0.03830035626143217
191,29,1000,2,2.81,1,0.03829978562518954
191,30,1000,3,4.01,1,0.038300741314888004
191,31,1000,3,3.59,1,0.03830301418527961
191,32,1000,1,2.71,3,0.038303444530814884
191,33,1000,3,3.74,5,0.038303958255797625
191,34,1000,2,4.73,6,0.0383034543171525
191,35,1000,3,3.43,1,0.038302782472223046
191,36,1000,3,3.1,1,0.0383033352792263
192,1,1000,3,4.95,3,-0.07098001644015312
192,2,1000,3,3.72,3,-0.07097988079488278
192,3,1000,2,3.12,2,-0.07097938078641891
192,4,1000,2,3.1,2,-0.0709795181453228
192,5,1000,3,4.23,3,-0.07097895966470241
192,6,1000,2,3.21,3,-0.07097884542495013
192,7,1000,1,2.62,2,-0.07097891085594893
192,8,1000,2,3.27,3,-0.0709789612814784
192,9,1000,1,2.62,2,-0.07097948902845383
192,10,1000,2,3.15,3,-0.07097907339036465
192,11,1000,2,3.11,3,-0.07097849930077792
192,12,1000,2,3.22,3,-0.07097907023131847
192,13,1000,3,6.09,1,-0.07097922982275486
192,14,1000,3,5.1,1,-0.0709792376384139
192,15,1000,3,4.49,1,-0.07097865870594978
192,16,1000,2,4.88,3,-0.07097717298567295
192,17,1000,3,5.9,3,-0.07097829739749431
192,18,1000,3,3.56,1,-0.07097838597744703
192,19,1000,4,6.78,3,-0.07097870706021786
192,20,165,2,10.07,19,-0.07097952939344175
192,21,1000,3,6.2,2,-0.07097945611923934
192,22,213,4,10.04,7,-0.07097894313609657
192,23,124,4,10.06,3,-0.07097876077938464
192,24,128,4,10.03,3,-0.07097856001928449
192,25,127,4,10.06,3,-0.0709784395230098
192,26,118,5,10.02,2,-0.07097807406621465
192,27,279,5,10.08,3,-0.0709785808371814
192,28,1000,1,2.6,2,-0.07097918208688497
192,29,1000,2,2.8,2,-0.07097944203019142
192,30,1000,2,3.19,2,-0.07097959376126528
192,31,1000,2,4.31,3,-0.07097917446494102
192,32,1000,2,3.19,4,-0.07097914539277554
192,33,1000,1,2.71,3,-0.07097830131649971
192,34,1000,1,2.85,4,-0.07097933180630207
193,1,1000,3,4.89,3,0.09471396655589343
193,2,1000,3,4.35,3,0.0947135450989008
193,3,1000,3,7.59,3,0.09471292920410633
193,4,1000,4,6.38,2,0.09471242838352918
193,5,1000,4,8.24,3,0.0947116453498602
193,6,1000,3,5.49,2,0.09471150201559067
193,7,1000,3,4.69,2,0.0947117553204298
193,8,1000,2,3.55,4,0.09471181754767895
193,9,1000,2,3.24,3,0.09471245098114013
193,10,1000,3,8.91,3,0.09471377603709698
193,11,1000,4,8.16,3,0.09471426582336426
193,12,1000,4,6.75,3,0.09471506583690643
193,13,1000,3,8.18,4,0.09471293784677982
193,14,1000,2,2.77,1,0.0947109667956829
193,15,1000,2,3.67,4,0.09471084512025117
193,16,1000,2,2.77,1,0.09471186839044093
194,1,1000,3,4.9,3,0.0013713444238528608
194,2,1000,3,3.83,2,0.001369422192685306
194,3,1000,2,3.37,2,0.001368703425861895
194,4,1000,3,3.95,2,0.0013673233529552817
194,5,1000,3,3.27,1,0.0013666206570342183
194,6,1000,3,2.9,1,0.001366591707803309
194,7,1000,2,2.91,2,0.001366100919432938
194,8,1000,2,3.75,3,0.0013649351773783564
194,9,1000,3,8.97,7,0.0013646175572648645
194,10,177,5,10.0,2,0.0013638772234836288
194,11,1000,3,3.05,1,0.0013639612393453718
194,12,1000,3,3.83,4,0.001362848955206573
194,13,1000,1,2.99,6,0.001361578225158155
194,14,1000,2,3.23,2,0.001361163984052837
194,15,1000,2,3.17,2,0.001361193553544581
194,16,1000,2,2.9,3,0.0013615519823506473
194,17,1000,3,3.74,2,0.0013618629882112146
194,18,1000,3,3.65,3,0.001362380207516253
194,19,1000,3,4.22,2,0.001362358865328133
194,20,1000,3,7.55,6,0.0013608486698940396
194,21,1000,3,3.58,1,0.0013590520536527037
194,22,1000,3,4.59,4,0.00135814608912915
194,23,1000,1,2.72,3,0.0013573917737230658
194,24,1000,1,2.68,3,0.0013578792242333294
194,25,1000,2,3.39,3,0.001357397765852511
194,26,1000,1,2.74,3,0.0013575696470215916
194,27,1000,3,8.46,5,0.0013562796330079435
194,28,1000,3,5.9,3,0.0013557434817776084
194,29,1000,3,3.55,3,0.001354994692839682
194,30,1000,2,3.16,4,0.001354927153326571
194,31,1000,4,5.22,2,0.0013549025868996977
194,32,1000,5,8.91,3,0.0013546677296981215
194,33,1000,3,4.66,5,0.0013540261322632433
194,34,1000,3,5.05,10,0.0013542653331533074
194,35,1000,4,9.76,4,0.0013533222889527679
194,36,1000,3,8.59,4,0.0013533459780737758
194,37,148,3,10.03,6,0.001352145364885596
194,38,1000,2,3.82,3,0.0013514159685000778
194,39,1000,2,3.9,4,0.0013504029074683785
194,40,1000,5,6.95,3,0.0013510572044178844
194,41,139,4,10.0,3,0.0013517637715319828
194,42,117,4,10.08,2,0.0013521876888604374
194,43,1000,5,6.21,1,0.001353376199491322
194,44,1000,2,4.11,2,0.0013521392671391368
194,45,1000,3,3.43,1,0.0013509208476170898
194,46,1000,1,3.11,7,0.0013506316700950265
194,47,246,5,10.03,3,0.0013490770782563623
194,48,1000,3,6.98,4,0.0013476598942652345
194,49,1000,1,2.66,2,0.001348337740637362
194,50,1000,2,4.21,6,0.0013486170200631023
194,51,1000,2,3.75,4,0.0013475098060443998
194,52,1000,1,2.85,4,0.0013468164121732116
194,53,1000,1,2.97,5,0.0013482853593304754
194,54,1000,3,4.72,3,0.0013466302147135138
194,55,1000,3,3.86,2,0.001347337850369513
194,56,1000,3,4.77,2,0.0013482128670439125
194,57,1000,2,3.21,2,0.001348573804832995
194,58,1000,2,2.77,1,0.0013490236410871148
194,59,1000,3,2.86,1,0.0013492481084540486
194,60,1000,1,2.69,2,0.0013484578849747777
195,1,1000,3,4.97,3,0.0753765441030264
195,2,1000,3,3.77,3,0.07537591072171926
195,3,1000,3,5.2,3,0.07537581649422645
195,4,1000,3,3.97,3,0.07537557063996791
195,5,1000,3,4.02,1,0.07537556696683169
195,6,491,4,10.0,6,0.07537548498927697
195,7,1000,4,8.38,3,0.07537532342225313
195,8,1000,3,8.38,5,0.07537520474940539
195,9,1000,4,5.89,4,0.07537500815838576
195,10,150,3,10.04,6,0.0753756232559681
195,11,1000,4,7.5,2,0.07537559314072131
195,12,1000,4,5.53,2,0.07537576837837696
195,13,379,3,10.0,5,0.0753757937327224
195,14,285,3,10.0,5,0.07537539556883929
195,15,964,4,10.0,3,0.07537540621066242
195,16,142,4,10.0,3,0.07537578224716052
195,17,1000,4,9.31,3,0.07537576280534268
195,18,1000,4,5.55,1,0.07537622664868832
195,19,1000,1,2.56,2,0.07537564924359322
196,1,1000,3,4.92,3,0.06204650129005313
196,2,1000,3,5.3,3,0.06204716343805194
196,3,1000,3,5.91,3,0.06204809749871493
196,4,1000,4,8.02,3,0.062048692632466554
196,5,1000,4,9.91,3,0.06204974788799882
196,6,1000,3,4.89,1,0.06205091847851872
196,7,1000,3,4.93,1,0.062051682289689776
196,8,1000,2,4.8,7,0.062052339013665914
196,9,1000,3,4.79,3,0.06205325017869472
196,10,1000,2,3.23,3,0.06205422979593277
196,11,1000,3,3.34,3,0.062053858328610656
196,12,1000,4,5.36,4,0.062054351441562176
196,13,1000,4,7.51,4,0.06205483523383737
196,14,1000,4,7.28,8,0.06205516734719276
196,15,1000,4,6.71,1,0.06205565094947815
196,16,1000,4,6.64,1,0.06205630531534553
196,17,1000,3,7.06,3,0.06205650610104203
196,18,128,5,10.04,3,0.06205747643252835
196,19,133,4,10.07,13,0.06205754108110765
196,20,124,4,10.02,3,0.062056626193225384
196,21,478,3,10.0,8,0.06205782309860365
196,22,136,3,10.04,5,0.062058599063140506
196,23,1000,3,5.29,3,0.062057724121958015
196,24,1000,4,5.5,3,0.06205796148627996
196,25,124,3,10.07,9,0.06205792034104947
196,26,768,4,10.0,4,0.06205840346228797
196,27,141,5,10.03,3,0.06205786051268273
196,28,1000,3,6.25,3,0.06205665744096041
196,29,1000,3,6.77,3,0.06205704455450177
196,30,1000,3,5.26,2,0.06205737337842584
196,31,1000,3,3.84,1,0.06205751944705844
196,32,1000,3,3.87,1,0.062058051649481055
196,33,1000,2,3.34,4,0.0620585192553699
196,34,1000,3,4.13,4,0.06205685624480248
196,35,1000,3,3.06,1,0.06205734246224165
196,36,1000,3,3.47,2,0.06205808400735259
196,37,1000,2,2.69,1,0.062059089299291374
196,38,1000,2,2.66,1,0.06206017529219389
196,39,1000,2,2.67,1,0.062061349041759965
196,40,1000,0,2.45,0,0.06206148862838745
197,1,1000,3,4.83,3,-0.009396054644137621
197,2,1000,3,3.67,3,-0.009397088451310992
197,3,1000,3,5.65,3,-0.009397387055680155
197,4,1000,3,5.52,3,-0.009397709665820002
197,5,1000,3,4.74,3,-0.009397904086858035
197,6,1000,3,5.97,4,-0.009397714281454682
197,7,1000,1,2.56,2,-0.009398098476231099
197,8,1000,1,2.94,6,-0.009398188192397357
197,9,1000,2,3.19,3,-0.009398126423358917
197,10,807,5,10.0,3,-0.009397676541173398
197,11,126,4,10.09,8,-0.009397045339620302
197,12,1000,5,6.01,3,-0.009397783501073719
197,13,1000,4,7.76,9,-0.009397000586614013
197,14,1000,4,5.54,3,-0.00939627511613071
197,15,900,4,10.0,4,-0.009396225756241215
197,16,136,4,10.02,3,-0.00939640186398345
197,17,1000,2,3.19,3,-0.009395809333771467
197,18,1000,3,5.84,3,-0.009398226225748658
197,19,1000,2,5.89,7,-0.00940033689327538
197,20,1000,2,2.76,2,-0.009399622924625874
197,21,1000,2,3.44,4,-0.009401027653366327
198,1,1000,3,4.88,3,-0.03561098993569613
198,2,1000,3,3.66,2,-0.03560934200510383
198,3,1000,3,3.31,2,-0.035608191020786766
198,4,1000,3,3.07,1,-0.035608672995120286
198,5,1000,2,3.3,5,-0.03560842134803534
198,6,1000,3,3.67,6,-0.03560891834646463
198,7,1000,4,7.56,6,-0.03560898707807064
198,8,1000,1,2.72,3,-0.03560858190059662
198,9,1000,2,4.31,4,-0.035608985986560586
198,10,1000,3,6.94,3,-0.035607529889792204
198,11,121,5,10.09,1,-0.03560512140393257
198,12,1000,3,8.14,6,-0.03560521801188588
198,13,1000,4,5.07,2,-0.035606145683676
198,14,1000,4,5.55,2,-0.03560564222931862
198,15,1000,1,3.14,8,-0.03560582810267806
198,16,1000,2,5.49,7,-0.03560502628982067
198,17,1000,2,4.51,4,-0.03560365174710751
198,18,1000,1,3.19,8,-0.03560434781014919
198,19,1000,2,4.21,7,-0.035604877412319186
198,20,1000,1,2.7,3,-0.035605101466178894
198,21,1000,2,3.79,3,-0.035603997215628624
198,22,1000,2,4.18,4,-0.03560414967313409
198,23,1000,2,3.32,2,-0.03560417893528938
198,24,366,5,10.0,3,-0.035603937586067155
198,25,1000,3,3.66,1,-0.03560513818264008
198,26,360,5,10.0,6,-0.03560502133849594
198,27,1000,3,4.89,2,-0.03560392771661282
198,28,1000,3,6.05,4,-0.03560415490344167
198,29,1000,1,2.79,3,-0.035605795443058016
198,30,1000,1,2.72,3,-0.03560455306246877
198,31,1000,1,2.8,4,-0.035605519782751796
198,32,1000,1,2.63,2,-0.03560536402091384
198,33,1000,1,2.78,4,-0.03560668162629008
199,1,1000,3,4.93,3,-0.10714578197151423
199,2,1000,3,3.59,2,-0.10714680147916078
199,3,1000,3,5.75,3,-0.10714783178269863
199,4,1000,3,6.91,3,-0.10714840351045132
199,5,1000,4,7.16,3,-0.10714899938553572
199,6,1000,4,6.0,3,-0.10714928621053696
199,7,1000,3,4.07,3,-0.1071497139185667
199,8,1000,4,6.05,6,-0.10715040368586778
199,9,1000,2,3.86,4,-0.10715101091563702
199,10,1000,2,3.59,3,-0.10715138491988183
199,11,1000,2,4.59,6,-0.10715174073725939
199,12,1000,2,3.53,3,-0.10715248271077871
199,13,1000,2,3.6,3,-0.10715328586101532
199,14,1000,2,3.55,3,-0.10715393151342868
199,15,1000,2,7.41,14,-0.10715439327806234
199,16,1000,3,9.26,3,-0.10715435803681612
199,17,1000,3,7.88,4,-0.10715525671094656
199,18,1000,3,3.69,2,-0.10715630832314492
199,19,1000,4,8.64,5,-0.10715710133314132
199,20,1000,2,3.51,4,-0.10715750404447318
199,21,1000,2,2.81,1,-0.10715805321931839
200,1,1000,3,5.0,3,0.06782646422088147
200,2,1000,3,4.7,3,0.06782731162011624
200,3,1000,3,5.77,3,0.06782772921025754
200,4,1000,3,6.05,2,0.0678284019678831
200,5,1000,3,4.25,1,0.06782826913893222
200,6,1000,3,4.92,1,0.06782804691791534
200,7,1000,4,5.19,1,0.06782796979695559
200,8,1000,4,6.33,1,0.06782801064848899
200,9,1000,4,7.12,1,0.06783053724467754
200,10,1000,4,8.68,1,0.0678314728885889
200,11,1000,4,7.38,1,0.06783168232440949
200,12,1000,4,7.41,1,0.06783193954825402
200,13,1000,4,7.42,1,0.06783318198472262
200,14,1000,4,7.38,1,0.06783287657052278
200,15,235,4,10.0,1,0.0678328938940738
200,16,1000,4,7.42,1,0.06783295921981335
200,17,1000,4,6.6,1,0.06783430039137602
200,18,161,3,10.02,19,0.06783637635826324
200,19,895,4,10.0,1,0.06783627604639064
200,20,157,4,10.01,1,0.06783464327929126
200,21,177,3,10.08,11,0.067833641533461
200,22,173,3,10.01,3,0.06783214069343027
200,23,124,3,10.03,3,0.06783236058488969
200,24,112,4,10.07,3,0.06783255961324487
200,25,1000,3,8.43,1,0.06783237098902464
200,26,414,2,10.0,7,0.06783352844453089
200,27,905,3,10.0,1,0.06783505542337565
200,28,421,3,10.0,1,0.06783659458868294
200,29,1000,2,8.39,3,0.06783586592227221
200,30,1000,3,8.61,1,0.06783524952083826
200,31,111,3,10.0,2,0.06783499239801287
200,32,125,4,10.02,5,0.06783460867404938
200,33,113,3,10.08,3,0.06783436977230342
200,34,122,3,10.02,19,0.06783648177248533
200,35,120,3,10.01,9,0.0678369619573156
200,36,246,5,10.07,3,0.06783714527037085
200,37,120,3,10.07,9,0.06783630729963382
200,38,117,3,10.01,7,0.06783640117217334
200,39,112,3,10.03,15,0.06783651301105108
200,40,131,4,10.06,5,0.06783524331928209
200,41,1000,3,7.34,1,0.06783471723645926
200,42,113,3,10.07,2,0.06783519850104255
200,43,122,3,10.01,9,0.06783668110605146
200,44,120,3,10.03,7,0.06783599853515625
200,45,121,4,10.07,3,0.06783666597171263
200,46,121,4,10.03,3,0.06783748005539918
200,47,135,5,10.08,3,0.06783813354041841
200,48,122,4,10.05,6,0.0678380514632483
200,49,127,4,10.06,3,0.06783808368866838
201,1,1000,3,4.92,3,0.0069527338407933716
201,2,1000,3,4.39,3,0.006952957279980182
201,3,1000,3,5.05,3,0.006952805757522583
201,4,1000,3,8.38,3,0.006952694553881884
201,5,1000,3,8.43,7,0.006952168770134449
201,6,1000,3,6.17,3,0.006952236920595169
201,7,1000,3,4.37,3,0.0069520421884953975
201,8,1000,3,4.48,2,0.006952449023723602
201,9,1000,3,9.04,3,0.006952571358531713
201,10,1000,4,5.94,2,0.006952658791095018
201,11,1000,3,5.06,3,0.006952863615006208
201,12,588,3,10.0,6,0.006952676868230916
201,13,1000,3,5.39,2,0.006952683951705695
201,14,1000,2,3.34,2,0.006952798094600439
201,15,1000,2,3.88,5,0.006952294137328863
201,16,1000,1,2.91,5,0.006952132292091846
201,17,1000,2,3.6,2,0.006951827364042401
201,18,1000,2,3.9,4,0.006951610206626355
201,19,1000,1,3.16,8,0.006951286230236292
201,20,1000,5,9.03,3,0.006951075710356236
201,21,1000,4,7.62,3,0.006951910060830414
201,22,1000,3,6.29,5,0.006951747696846724
201,23,1000,2,3.07,3,0.006951482109725475
201,24,1000,2,3.05,3,0.0069518435960635545
201,25,1000,1,2.72,3,0.006952101569622755
201,26,1000,2,3.84,4,0.006951989658176899
201,27,1000,2,4.34,4,0.006951603103429079
201,28,1000,2,3.07,2,0.006951010998338461
201,29,1000,1,3.0,6,0.006951013684272766
201,30,115,4,10.02,6,0.0069517514303974485
201,31,1000,3,5.15,3,0.006951596893370151
201,32,1000,2,3.2,4,0.006951127685606479
201,33,1000,3,3.35,3,0.006950852818787098
201,34,1000,1,2.71,3,0.0069513353072106834
201,35,1000,3,4.86,2,0.006951448246836662
201,36,1000,3,4.38,3,0.006950920160859823
201,37,1000,3,4.42,3,0.006950947806239128
201,38,1000,3,4.4,3,0.006950402263551951
201,39,205,4,10.04,3,0.006950530064542119
201,40,166,4,10.06,3,0.006950176960553031
201,41,127,5,10.02,5,0.006949115573890566
201,42,1000,3,2.94,1,0.006948981434106827
201,43,1000,3,5.33,4,0.006950099620968104
201,44,1000,3,7.25,5,0.006949918638914823
201,45,1000,3,6.06,4,0.006949853528290987
201,46,1000,2,3.55,3,0.006948852702975273
201,47,128,4,10.04,4,0.006949203525437042
201,48,136,5,10.09,3,0.006948759724550387
201,49,1000,5,9.86,1,0.006948110450059175
201,50,1000,2,5.24,7,0.00694867305457592
201,51,1000,2,3.57,3,0.006949597083032132
201,52,1000,2,3.3,3,0.006949756171554327
201,53,1000,2,3.88,4,0.006949875012040138
201,54,1000,2,4.98,4,0.006949641086161137
201,55,1000,2,3.19,2,0.006950712338089943
201,56,1000,3,4.33,2,0.006950329009443521
201,57,1000,2,2.86,1,0.006951584342867136
201,58,1000,1,2.82,4,0.006952319711446762
201,59,1000,1,2.85,4,0.006952066730707884
201,60,1000,1,2.78,3,0.0069520662315189835
201,61,1000,1,2.56,1,0.006952378433197737
201,62,1000,2,2.66,1,0.006953373085707426
201,63,1000,1,2.54,1,0.006953656207770109
202,1,1000,3,4.99,3,0.10068501176685095
202,2,1000,3,3.62,2,0.10068609333783388
202,3,1000,3,4.89,2,0.10068656149506569
202,4,1000,3,4.24,3,0.10068601212650538
202,5,1000,3,3.69,2,0.1006858796402812
202,6,1000,3,3.58,1,0.10068571807444096
202,7,1000,3,3.56,1,0.10068587154895067
202,8,1000,2,3.88,4,0.10068660254776478
202,9,1000,4,9.29,4,0.10068626811355352
202,10,1000,2,4.18,4,0.10068561159074306
202,11,1000,2,4.89,7,0.10068437719345093
202,12,1000,1,2.72,3,0.10068359746783971
202,13,1000,3,5.08,3,0.1006833503395319
202,14,1000,4,5.98,1,0.100684476159513
202,15,1000,4,7.75,6,0.10068454764783383
202,16,1000,3,4.68,5,0.10068288178741933
202,17,1000,3,3.61,2,0.10067944611608982
202,18,1000,2,5.49,7,0.10067896162718534
202,19,1000,6,8.56,3,0.10067916292697192
202,20,1000,2,3.04,2,0.10067902672290802
202,21,1000,2,3.8,2,0.10067887219041585
202,22,1000,1,2.72,3,0.10067816010862589
202,23,1000,1,2.63,2,0.10067715002596378
202,24,1000,2,3.78,3,0.10067649414390326
202,25,1000,4,6.27,7,0.10067716433852911
202,26,1000,4,8.84,7,0.1006775391548872
202,27,1000,2,7.1,7,0.10067620021104813
202,28,1000,2,4.73,6,0.10067600303143263
202,29,1000,2,4.03,2,0.1006751261278987
202,30,1000,1,2.82,4,0.10067431163787842
202,31,1000,1,2.78,3,0.10067262981086969
203,1,1000,3,4.92,3,0.06556337059289218
203,2,1000,3,3.52,2,0.06556341797113419
203,3,1000,3,5.79,3,0.06556313453614712
203,4,1000,3,5.8,3,0.06556289006024599
203,5,1000,3,3.34,2,0.06556247247755527
203,6,1000,3,3.35,2,0.06556198225170375
203,7,1000,3,3.27,1,0.06556167499721051
203,8,1000,3,5.68,1,0.06556156990677119
203,9,1000,3,5.35,1,0.06556091167032718
203,10,1000,3,4.99,1,0.06556013922393322
203,11,1000,3,5.01,1,0.06555954095721245
203,12,1000,3,4.99,1,0.06555870989710093
203,13,1000,3,4.92,1,0.06555799733102322
203,14,1000,3,4.97,1,0.06555745626986027
203,15,1000,3,4.99,1,0.06555693063884974
203,16,1000,3,4.93,1,0.06555649746954441
203,17,1000,3,5.01,1,0.06555592799931764
203,18,1000,3,5.02,1,0.06555534759163857
203,19,1000,3,5.05,1,0.0655549039915204
203,20,1000,3,5.06,1,0.06555376959592105
203,21,1000,3,4.99,1,0.06555316685885192
203,22,1000,3,5.01,1,0.06555265202373266
203,23,1000,3,5.14,1,0.06555160629749299
203,24,1000,3,5.06,1,0.0655512368530035
203,25,1000,3,5.04,1,0.06555036371201277
203,26,1000,3,5.13,1,0.06554988579452038
203,27,1000,3,5.05,1,0.06554884075373411
203,28,1000,3,5.13,1,0.06554805213212966
203,29,1000,3,5.08,1,0.06554729969054461
203,30,1000,3,5.07,1,0.0655461907312274
203,31,1000,3,5.12,1,0.0655454785078764
203,32,1000,3,5.11,1,0.06554453844577074
203,33,1000,3,5.1,1,0.06554307013750077
203,34,1000,3,5.1,1,0.06554149291664361
203,35,1000,3,5.07,1,0.06554055219888687
203,36,1000,3,5.05,1,0.0655400077700615
203,37,1000,3,5.13,1,0.06553935975581407
203,38,1000,3,5.05,1,0.06553859744220972
203,39,1000,3,5.04,1,0.06553808454424143
203,40,1000,3,4.98,1,0.06553649719804526
203,41,1000,3,4.97,1,0.06553496737033129
203,42,1000,3,5.06,1,0.06553413806110621
203,43,1000,3,5.02,1,0.0655327083542943
203,44,1000,3,5.07,1,0.06553184675425291
203,45,1000,3,4.99,1,0.0655309895351529
203,46,1000,3,4.99,1,0.06552925380319356
203,47,1000,3,4.95,1,0.0655283155143261
203,48,1000,3,5.0,1,0.06552700670808553
203,49,1000,3,5.03,1,0.0655256083086133
203,50,1000,3,5.08,1,0.06552420438826084
203,51,1000,3,5.04,1,0.06552284819632768
203,52,1000,3,5.06,1,0.06552149363607168
203,53,1000,3,5.07,1,0.06552133373171092
203,54,1000,3,5.05,1,0.06551983257383108
203,55,1000,3,5.03,1,0.06551838017255068
203,56,1000,3,5.03,1,0.06551717119663954
203,57,1000,3,5.04,1,0.06551583427935839
203,58,1000,3,5.02,1,0.06551538641750812
203,59,1000,3,5.03,1,0.06551447651535272
203,60,1000,3,5.0,1,0.06551313493400812
203,61,1000,3,5.05,1,0.06551223669201135
203,62,1000,3,5.05,1,0.06551127123087644
203,63,1000,3,5.02,1,0.06550991261750459
203,64,1000,3,5.0,1,0.06550958897918463
203,65,1000,3,5.03,1,0.06550839161127806
203,66,1000,3,5.1,1,0.06550731614232064
203,67,1000,3,5.0,1,0.06550610902160406
203,68,1000,3,5.01,1,0.06550501777976751
203,69,1000,3,5.05,1,0.0655041468963027
203,70,1000,3,5.03,1,0.06550275080651045
203,71,1000,3,5.07,1,0.06550240701436996
203,72,1000,3,5.0,1,0.0655019063949585
203,73,1000,3,5.08,1,0.06550132909417153
203,74,1000,3,5.07,1,0.06550031293928624
203,75,1000,3,5.07,1,0.06549990535527468
203,76,1000,3,5.04,1,0.06549886895716191
203,77,1000,3,5.01,1,0.06549819249659777
203,78,1000,3,5.02,1,0.06549693655967713
203,79,1000,3,5.04,1,0.06549671008437873
203,80,1000,3,5.01,1,0.06549522013217211
203,81,1000,3,5.01,1,0.0654939099997282
203,82,1000,3,4.99,1,0.0654935489743948
203,83,1000,3,4.96,1,0.0654921392351389
203,84,1000,3,5.0,1,0.06549085573852062
203,85,1000,3,4.99,1,0.0654904461055994
203,86,1000,3,4.93,1,0.06548918372392655
203,87,1000,3,4.94,1,0.06548802617192269
203,88,1000,3,4.97,1,0.06548747242242098
203,89,1000,3,4.92,1,0.06548640654236078
203,90,1000,3,4.94,1,0.06548569571971893
203,91,1000,3,4.94,1,0.06548523853719235
203,92,1000,3,4.97,1,0.06548459430783987
203,93,1000,3,5.06,1,0.06548350893706083
203,94,1000,3,5.04,1,0.06548265976458788
203,95,1000,3,5.03,1,0.06548136852681637
203,96,1000,3,5.04,1,0.0654804269298911
203,97,1000,3,5.03,1,0.0654800470173359
203,98,1000,3,5.02,1,0.06547917874902487
203,99,1000,3,5.08,1,0.06547846223413945
203,100,1000,3,5.05,1,0.06547764831036329
203,101,1000,3,5.03,1,0.06547671382874251
203,102,1000,3,5.01,1,0.0654762596040964
203,103,1000,3,5.12,1,0.06547555900365114
203,104,1000,3,5.01,1,0.06547529543936252
203,105,1000,3,5.0,1,0.06547454290091992
203,106,1000,3,5.05,1,0.06547430957853793
203,107,1000,3,5.04,1,0.06547362879663705
203,108,1000,3,5.05,1,0.06547299660742283
203,109,1000,3,5.03,1,0.06547252650558949
203,110,1000,3,5.01,1,0.06547185899317265
203,111,1000,3,5.02,1,0.06547100751847029
203,112,1000,3,4.99,1,0.06547040269523859
203,113,1000,3,5.01,1,0.06547073158621788
203,114,1000,3,5.05,1,0.06546981748193502
203,115,1000,3,5.11,1,0.06546842639148236
203,116,1000,3,5.07,1,0.06546711703389883
203,117,1000,3,5.0,1,0.06546691915392876
203,118,1000,3,5.05,1,0.06546649972349405
203,119,1000,3,5.12,1,0.06546578665077686
203,120,1000,3,5.05,1,0.06546548163890839
203,121,1000,3,5.03,1,0.06546446259319783
203,122,1000,3,5.02,1,0.06546454172581434
203,123,1000,3,5.04,1,0.06546359062194824
203,124,1000,3,5.04,1,0.06546286175400019
203,125,1000,3,5.09,1,0.06546160664409399
203,126,1000,3,5.0,1,0.06546048571169376
203,127,1000,3,4.97,1,0.06545949220657349
203,128,1000,3,5.0,1,0.06545883259177208
203,129,1000,3,4.96,1,0.06545894522964954
203,130,1000,3,5.01,1,0.06545825865119696
203,131,1000,3,5.02,1,0.06545770789682866
203,132,1000,3,5.05,1,0.065456626906991
203,133,1000,3,5.02,1,0.06545589476823807
203,134,1000,3,5.06,1,0.06545525044947863
203,135,1000,3,5.03,1,0.06545499080419541
203,136,1000,3,5.0,1,0.0654540818631649
203,137,1000,3,5.08,1,0.06545346633344888
203,138,1000,3,5.04,1,0.06545283941179514
203,139,1000,3,5.06,1,0.06545228976011276
203,140,1000,3,5.05,1,0.0654522322267294
203,141,1000,3,5.02,1,0.06545155790448189
203,142,1000,3,5.21,1,0.0654508114233613
203,143,1000,3,5.25,1,0.0654501849412918
203,144,1000,3,5.23,1,0.06544984737038613
203,145,1000,3,5.32,1,0.0654488379061222
203,146,1000,3,5.23,1,0.06544849663972854
203,147,1000,3,5.23,1,0.06544776336103678
203,148,1000,3,5.23,1,0.06544709218293429
203,149,1000,3,5.23,1,0.06544619093090295
203,150,1000,3,5.16,1,0.06544671899825334
203,151,1000,3,5.11,1,0.06544610276073218
203,152,1000,3,5.09,1,0.06544548066705465
203,153,1000,3,5.05,1,0.06544464226067066
203,154,1000,3,5.03,1,0.06544365862756968
203,155,1000,3,5.07,1,0.06544279970228672
203,156,1000,3,5.12,1,0.0654419506713748
203,157,1000,3,5.02,1,0.06544246787577868
203,158,1000,3,5.05,1,0.06544141755998134
203,159,1000,3,5.07,1,0.06544084902107715
203,160,1000,3,5.04,1,0.06544043128937482
203,161,1000,3,5.08,1,0.06543988801538944
203,162,1000,3,5.13,1,0.06543936005979777
203,163,1000,3,5.1,1,0.06543810437619686
203,164,1000,3,5.06,1,0.06543856108933688
203,165,1000,3,5.03,1,0.06543816542625427
203,166,1000,3,5.07,1,0.06543755923211575
203,167,1000,3,5.05,1,0.06543647913634777
203,168,1000,3,5.1,1,0.06543544026464224
203,169,1000,3,5.12,1,0.06543509210646152
203,170,1000,3,5.06,1,0.0654351567775011
203,171,1000,3,5.07,1,0.06543478245288134
203,172,1000,3,5.1,1,0.06543393649160861
203,173,1000,3,5.02,1,0.06543337428569794
203,174,1000,3,5.04,1,0.06543199628591538
203,175,1000,3,5.04,1,0.06543217167258263
203,176,1000,3,5.04,1,0.06543175265192985
203,177,1000,3,5.05,1,0.06543124099075794
203,178,1000,3,5.08,1,0.06543039009720088
203,179,1000,3,5.05,1,0.06543003255128861
203,180,1000,3,5.04,1,0.06542899329215288
203,181,1000,3,5.04,1,0.06542760647088289
203,182,1000,3,5.11,1,0.06542858412861824
203,183,1000,3,5.03,1,0.06542774315923452
203,184,1000,3,5.01,1,0.06542681177705527
203,185,1000,3,5.04,1,0.06542582029104232
203,186,1000,3,5.04,1,0.0654253996014595
203,187,1000,3,5.0,1,0.06542510887980461
203,188,1000,3,5.04,1,0.06542420116811991
203,189,1000,3,5.05,1,0.06542416886985301
203,190,1000,3,5.04,1,0.06542347120493651
203,191,1000,3,5.09,1,0.06542308901250363
203,192,1000,3,5.09,1,0.06542337112873793
203,193,1000,3,5.1,1,0.06542285400629043
203,194,1000,3,5.04,1,0.06542159443348647
203,195,1000,3,5.04,1,0.06542077159136533
203,196,1000,3,5.07,1,0.06541969738900662
203,197,1000,3,5.12,1,0.06541804347932338
203,198,1000,3,5.15,1,0.06541656219959259
203,199,1000,3,5.08,1,0.06541596397012472
203,200,1000,3,5.11,1,0.06541569424420596
204,1,1000,3,5.0,3,-0.07946319907158614
204,2,1000,3,3.72,2,-0.0794619129151106
204,3,1000,2,3.55,4,-0.07946116345375777
204,4,1000,2,3.54,4,-0.07946103539317846
204,5,1000,2,3.48,3,-0.0794609384983778
204,6,1000,2,3.14,4,-0.07946075469255448
204,7,1000,2,2.83,2,-0.07946027106046677
204,8,1000,3,3.2,2,-0.0794603043422103
204,9,1000,2,4.06,6,-0.07945985067635775
204,10,1000,3,4.78,6,-0.0794594466611743
204,11,1000,2,3.86,4,-0.07945911534875631
204,12,1000,1,2.77,4,-0.07945806443691254
204,13,1000,1,3.1,7,-0.07945816805958748
204,14,1000,3,6.47,3,-0.07945824407786131
204,15,1000,3,4.81,3,-0.07945779705047608
204,16,1000,5,8.61,3,-0.0794580228701234
204,17,1000,4,6.81,3,-0.07945789410173892
204,18,150,5,10.03,4,-0.07945726051926613
204,19,1000,5,6.09,1,-0.07945756482332945
204,20,1000,5,7.27,1,-0.0794573881700635
204,21,1000,2,2.8,1,-0.07945656495541334
204,22,1000,2,4.16,4,-0.07945685925334692
204,23,125,4,10.04,4,-0.07945629793405533
204,24,136,5,10.08,4,-0.07945550211212214
204,25,1000,3,3.42,3,-0.07945417717844248
204,26,1000,2,8.17,9,-0.07945459342002868
204,27,159,5,10.07,3,-0.07945443985034835
204,28,1000,3,7.24,6,-0.07945411326736211
204,29,124,4,10.06,11,-0.07945301095324178
204,30,1000,3,5.55,2,-0.07945246122032404
204,31,1000,3,5.73,2,-0.07945178344100713
204,32,1000,4,5.87,1,-0.07944922140240669
204,33,1000,3,3.38,2,-0.07945021953433752
205,1,1000,3,5.08,3,0.0793657294511795
205,2,1000,3,3.87,3,0.07936514596641063
205,3,1000,3,5.92,3,0.07936449555307627
205,4,1000,2,3.28,2,0.07936480835080147
205,5,1000,3,3.81,2,0.0793636779859662
205,6,1000,2,3.63,4,0.07936347037553787
205,7,1000,3,4.45,2,0.07936408630758524
205,8,1000,2,3.23,2,0.07936424411088228
205,9,1000,2,3.2,3,0.07936478753387928
205,10,1000,2,3.55,4,0.07936520645022392
205,11,1000,1,2.9,4,0.07936458307504654
205,12,1000,2,3.35,3,0.07936647505313157
205,13,1000,2,3.56,3,0.07936649963259697
205,14,1000,3,5.63,3,0.07936733727902175
205,15,901,3,10.0,4,0.07936839582388197
205,16,148,4,10.01,7,0.07937016650228887
205,17,1000,2,3.82,5,0.07936990642547607
205,18,1000,3,5.86,5,0.07936812891811132
205,19,1000,4,6.62,3,0.07936928091198206
205,20,1000,2,3.28,2,0.07936872638761998
205,21,1000,2,3.06,1,0.0793691154718399
205,22,1000,2,2.98,2,0.07936969602108002
205,23,1000,2,3.63,4,0.0793709214180708
206,1,1000,3,5.09,3,0.08552982599288225
206,2,1000,3,4.16,2,0.08553049923479557
206,3,1000,3,3.44,2,0.08553124257922172
206,4,1000,3,3.78,2,0.08553162947297097
206,5,1000,3,9.09,4,0.08553227696567774
206,6,1000,3,5.09,3,0.08553260719031096
206,7,1000,1,2.75,3,0.08553244298696518
206,8,1000,2,3.85,3,0.08553223612904548
206,9,1000,3,3.47,3,0.0855322086289525
206,10,1000,3,7.77,8,0.08553292386233807
206,11,1000,2,3.15,4,0.08553380746394396
207,1,1000,3,4.99,3,0.02599459944665432
207,2,1000,3,4.93,3,0.02599554674141109
207,3,1000,3,5.99,3,0.025996460994705557
207,4,1000,3,6.34,3,0.025996948400512337
207,5,1000,3,6.15,2,0.02599771430157125
207,6,1000,2,4.24,5,0.025997869607061148
207,7,1000,2,3.58,3,0.02599786659888923
207,8,1000,2,2.83,1,0.02599874406866729
207,9,1000,2,2.81,1,0.026000146171078087
207,10,1000,2,3.23,2,0.026000575955957176
207,11,1000,2,3.34,2,0.026000591453164815
207,12,1000,2,6.11,10,0.026000222321599722
207,13,1000,2,3.55,3,0.026001035787165165
207,14,1000,2,3.59,3,0.026001087721437215
207,15,1000,2,3.59,3,0.026000696746632457
207,16,1000,2,3.61,3,0.026001194175332785
207,17,1000,1,2.76,3,0.026001688182353974
207,18,1000,2,5.41,8,0.026000438276678323
207,19,1000,2,3.22,2,0.026001861860975622
207,20,131,3,10.0,2,0.025999969312252888
207,21,1000,1,2.57,1,0.026000091806054115
207,22,1000,1,2.75,3,0.025999754421412946
207,23,1000,1,2.76,3,0.026000058099627493
207,24,1000,3,4.58,3,0.02600065707601607
207,25,1000,3,4.94,6,0.026000697975978256
207,26,1000,3,4.12,3,0.026000616654753686
207,27,1000,3,5.95,3,0.026000922748818992
207,28,1000,3,3.82,2,0.026001168107613923
207,29,1000,3,7.1,4,0.026001073252409697
207,30,1000,3,7.71,5,0.026000928608700635
207,31,1000,3,6.11,5,0.026002194873988627
207,32,1000,3,7.39,3,0.026002449883148072
207,33,1000,1,2.74,3,0.026002153761684896
207,34,1000,1,2.95,5,0.02600202660448849
207,35,1000,1,2.94,5,0.02600276524759829
207,36,1000,3,3.88,3,0.026002048067748546
207,37,1000,1,2.56,1,0.026002446189522743
207,38,1000,1,2.83,4,0.0260027509406209
207,39,1000,1,2.73,3,0.026002117229625584
208,1,1000,3,5.08,3,-0.03844600528106094
208,2,1000,3,5.51,3,-0.03844614792615175
208,3,1000,3,5.88,3,-0.038446175627410414
208,4,1000,3,9.47,6,-0.03844611682370305
208,5,1000,3,4.64,3,-0.03844574872404337
208,6,1000,2,3.56,3,-0.03844530955329537
208,7,1000,4,6.28,3,-0.03844558507949114
208,8,1000,2,3.34,3,-0.038445273142307994
208,9,1000,3,3.46,3,-0.03844477214664221
208,10,1000,2,4.72,5,-0.0384451624378562
208,11,1000,2,4.35,2,-0.03844498234242201
208,12,1000,2,3.2,1,-0.03844467731192708
208,13,1000,1,3.13,7,-0.03844480336084962
208,14,1000,2,4.67,4,-0.038445265721529724
208,15,1000,2,3.85,3,-0.03844527854397893
208,16,1000,1,2.83,4,-0.03844529903307557
208,17,1000,2,8.57,13,-0.038445192638784646
208,18,156,3,10.0,3,-0.03844528614232937
208,19,119,3,10.03,4,-0.03844556650694679
208,20,152,4,10.07,3,-0.03844524101403199
208,21,122,4,10.01,3,-0.038445344469586355
208,22,1000,2,5.24,3,-0.0384448952190578
208,23,138,4,10.03,4,-0.0384453105861726
208,24,131,3,10.07,8,-0.038445521146059036
208,25,1000,2,6.46,6,-0.03844570018351078
208,26,1000,2,5.66,5,-0.038445971950888634
208,27,1000,2,4.3,4,-0.038446120902895925
208,28,1000,1,3.02,6,-0.038446207553148266
208,29,1000,2,5.2,6,-0.03844602122157812
208,30,1000,2,3.34,3,-0.038446208693087104
208,31,1000,2,3.83,3,-0.03844608323648572
208,32,1000,2,4.67,6,-0.038446173921227456
208,33,1000,2,3.23,4,-0.038446652613580226
208,34,1000,3,3.37,3,-0.0384465383850038
209,1,1000,3,5.07,3,0.05575454269349575
209,2,1000,3,5.07,3,0.05575565598532557
209,3,1000,3,3.82,2,0.05575655235722661
209,4,1000,3,3.03,1,0.05575747266411781
209,5,1000,3,3.42,1,0.05575795524567366
209,6,1000,3,3.16,1,0.05575903709232807
209,7,1000,6,7.86,3,0.05576113599911332
209,8,1000,1,2.97,5,0.05576147434860468
209,9,1000,2,4.71,4,0.05576284869760275
209,10,1000,1,3.27,8,0.05576429444551468
209,11,1000,1,3.23,8,0.05576631480082869
209,12,1000,2,3.29,3,0.05576921812817454
209,13,1000,1,2.76,3,0.055767333809286355
209,14,1000,2,3.25,2,0.05576645676419139
209,15,117,4,10.08,5,0.055767880386521675
209,16,121,5,10.04,1,0.05576818146981484
209,17,150,6,10.03,1,0.055768084302544596
209,18,1000,3,8.46,5,0.055768334716558454
209,19,728,4,10.0,4,0.05577006866479968
209,20,1000,4,8.39,4,0.05576708693057299
209,21,1000,2,3.57,3,0.05576723387464881
209,22,1000,3,7.23,5,0.05576671903580427
209,23,1000,2,3.9,3,0.05576800788193941
209,24,127,4,10.05,3,0.055768682819417145
209,25,133,5,10.03,4,0.05576888116118603
209,26,1000,4,7.2,3,0.05576721370220184
209,27,141,5,10.02,2,0.05576811326628036
209,28,1000,1,2.73,2,0.05576950116083026
209,29,1000,2,5.29,4,0.05576928845047951
209,30,1000,3,8.46,4,0.055768295045942065
209,31,1000,3,4.58,3,0.05576831029355526
209,32,1000,3,6.29,2,0.055770739432424304
209,33,121,4,10.01,3,0.05577264409050468
209,34,674,3,10.0,7,0.05577413139184965
209,35,1000,4,8.27,2,0.05577529034018516
209,36,130,5,10.07,5,0.05577585115455664
209,37,1000,3,7.61,5,0.05577373341470957
209,38,1000,3,5.3,10,0.055774456471204756
209,39,1000,4,9.79,3,0.05577450019866228
209,40,135,5,10.06,3,0.05577567457048981
209,41,115,4,10.08,2,0.05577448826769124
209,42,110,3,10.04,2,0.05577499544755979
209,43,1000,4,9.0,3,0.05577438966557383
209,44,1000,2,4.03,4,0.05577865394949913
209,45,1000,2,3.67,2,0.055777031511068345
209,46,1000,3,4.01,3,0.05577999090403318
209,47,94,3,10.04,5,0.055781884079283854
209,48,111,3,10.01,3,0.05577889900352504
209,49,1000,3,6.06,3,0.055780156269669534
210,1,1000,3,5.17,3,-0.0283017193954438
210,2,1000,3,4.49,2,-0.028301191944628955
210,3,1000,3,3.77,2,-0.028300599141046406
210,4,1000,2,2.76,1,-0.028300027562305333
210,5,1000,3,3.0,1,-0.028299456894397737
210,6,1000,3,3.97,1,-0.02829919204302132
210,7,1000,3,3.86,1,-0.02829883585870266
210,8,1000,2,3.15,1,-0.028298762848600747
210,9,1000,2,3.44,1,-0.028297905104234813
210,10,1000,2,3.9,1,-0.028297594849020242
210,11,1000,3,3.94,1,-0.028297136772423983
210,12,1000,3,8.65,4,-0.028296467160806058
210,13,124,3,10.0,7,-0.028296620029235078
210,14,115,4,10.02,3,-0.028296390904680543
210,15,127,4,10.05,3,-0.02829693210875894
210,16,121,4,10.05,4,-0.028297323471874244
210,17,115,4,10.05,2,-0.028297388472634813
210,18,125,4,10.09,10,-0.028297320246696473
210,19,113,4,10.05,2,-0.028297216985869195
210,20,149,5,10.08,3,-0.028296797917593246
210,21,1000,4,9.1,5,-0.028297049775719643
210,22,124,5,10.02,3,-0.028297521789828615
210,23,128,5,10.06,3,-0.028297432421823032
210,24,136,5,10.0,3,-0.028296881026643163
210,25,123,5,10.02,2,-0.028296320721870515
210,26,311,5,10.0,2,-0.028297050841080796
210,27,1000,2,3.66,3,-0.02829614275507629
210,28,1000,3,7.88,3,-0.028296223426237704
210,29,112,3,10.03,7,-0.02829719536072974
210,30,119,4,10.05,3,-0.02829736887532122
210,31,126,5,10.07,3,-0.02829678322646826
210,32,111,4,10.04,3,-0.028296506116250612
210,33,112,3,10.03,5,-0.028296409058384597
210,34,123,4,10.05,5,-0.028296031406134126
210,35,1000,4,7.29,3,-0.028295659044757487
210,36,117,4,10.04,3,-0.028296420796432048
210,37,126,4,10.07,9,-0.028297502650982805
210,38,139,6,10.02,3,-0.028298148309155335
210,39,122,4,10.01,1,-0.02829726898401487
210,40,119,4,10.04,3,-0.028296837238829677
210,41,142,4,10.02,4,-0.02829649263966671
210,42,120,4,10.05,4,-0.02829636742050449
210,43,122,4,10.01,3,-0.028296426427168925
210,44,122,3,10.01,15,-0.02829698348020921
210,45,120,4,10.07,7,-0.028296764536450306
210,46,127,4,10.02,11,-0.028298233071063446
210,47,579,3,10.0,3,-0.02829851152854674
210,48,116,3,10.07,3,-0.028297657452138334
210,49,1000,1,2.94,5,-0.02829755198955536
211,1,1000,3,5.17,3,-7.542212679982186e-05
211,2,1000,3,5.24,3,-7.58921392261982e-05
211,3,1000,3,3.63,1,-7.663220912218094e-05
211,4,1000,3,2.94,1,-7.754914090037345e-05
211,5,1000,3,2.89,1,-7.730439119040966e-05
211,6,1000,3,4.01,1,-7.795252837240696e-05
211,7,1000,2,2.85,1,-7.889154553413391e-05
211,8,1000,3,4.37,2,-8.003188483417034e-05
211,9,1000,2,3.78,2,-7.978889346122742e-05
211,10,1000,3,4.42,3,-8.011340908706188e-05
211,11,1000,3,4.45,3,-8.011762239038945e-05
211,12,175,5,10.02,4,-8.042430239064353e-05
211,13,1000,4,3.9,1,-8.160166256129742e-05
211,14,1000,4,3.23,1,-8.043964393436909e-05
211,15,1000,2,3.08,3,-8.14152006059885e-05
211,16,1000,4,8.81,3,-8.183221146464348e-05
211,17,1000,3,3.85,3,-8.13067201524973e-05
211,18,1000,3,4.38,3,-8.218506164848805e-05
211,19,1000,2,5.08,7,-8.196678571403026e-05
211,20,1000,2,5.92,7,-8.200038224458695e-05
211,21,1000,2,4.65,7,-8.14824216067791e-05
211,22,117,3,10.05,6,-8.15904961946683e-05
211,23,120,5,10.04,3,-8.253649187584718e-05
211,24,131,4,10.06,3,-7.990544363287569e-05
211,25,126,4,10.07,10,-8.07912281108281e-05
211,26,116,3,10.09,9,-8.070171842801159e-05
211,27,112,4,10.03,6,-7.978422633771385e-05
211,28,122,4,10.01,4,-7.98621474475157e-05
211,29,123,4,10.04,2,-7.979873174089727e-05
211,30,128,4,10.03,5,-8.032759069465101e-05
211,31,121,4,10.09,3,-8.046303775684892e-05
211,32,119,4,10.05,3,-8.090056416367282e-05
211,33,117,4,10.05,3,-8.102178446248046e-05
211,34,133,6,10.02,3,-8.137687984713935e-05
211,35,114,4,10.0,4,-8.062106606207396e-05
211,36,112,4,10.03,2,-8.017584748033966e-05
211,37,116,3,10.08,7,-8.04048673859958e-05
211,38,134,5,10.05,3,-7.988509735954341e-05
211,39,720,4,10.0,3,-8.003940391871664e-05
211,40,122,4,10.04,3,-8.044712489745656e-05
211,41,154,4,10.08,7,-8.031445277201665e-05
211,42,128,4,10.08,7,-8.075135701801628e-05
211,43,125,3,10.09,13,-8.069115877151489e-05
211,44,841,3,10.0,18,-8.077635103116846e-05
211,45,1000,1,3.06,7,-8.100749924778938e-05
212,1,1000,3,5.0,3,-0.006204722564667463
212,2,1000,3,4.32,2,-0.006206261351704597
212,3,1000,3,3.4,3,-0.006207905724644661
212,4,1000,3,3.19,1,-0.006208054918795824
212,5,1000,3,4.22,2,-0.006207902502268553
212,6,1000,3,3.64,2,-0.006207681071013212
212,7,1000,3,3.67,2,-0.0062072350010275845
212,8,1000,2,3.02,3,-0.006207197997719049
212,9,1000,3,6.41,5,-0.006206637352705002
212,10,1000,3,3.72,2,-0.006206795692443847
212,11,1000,2,3.37,5,-0.006207427717745304
212,12,1000,2,3.15,4,-0.006207035947591066
212,13,1000,5,4.44,2,-0.0062071118876338
212,14,1000,5,7.96,2,-0.006207107022404671
212,15,1000,4,5.59,5,-0.006207044743001461
212,16,1000,3,8.4,4,-0.006205928593873978
212,17,136,5,10.07,2,-0.006205230102162151
212,18,151,5,10.04,3,-0.006203750910126413
212,19,129,4,10.02,3,-0.006202488116082526
212,20,175,5,10.01,3,-0.006203576972974198
212,21,1000,3,7.81,3,-0.006203416597098112
212,22,114,3,10.06,7,-0.006203094178712682
212,23,135,4,10.07,2,-0.0062037537874722925
212,24,114,3,10.09,3,-0.006203278515226485
212,25,122,4,10.06,10,-0.006202567009957599
212,26,1000,3,4.44,10,-0.006201823104172945
213,1,1000,3,5.0,3,0.009498519968241453
213,2,1000,3,3.8,3,0.009498244603164493
213,3,1000,2,2.96,2,0.009498244659043848
213,4,1000,3,3.28,1,0.00949844831507653
213,5,1000,3,3.92,4,0.009498551109805704
213,6,1000,3,3.39,4,0.009498575436882675
213,7,1000,2,3.29,5,0.00949822306446731
213,8,1000,2,4.23,4,0.009498252093791962
213,9,295,5,10.03,3,0.009498207015380011
213,10,1000,3,6.95,4,0.009497397148981691
213,11,1000,1,2.58,2,0.009497066140174865
213,12,1000,1,2.92,5,0.009496576235629618
213,13,1000,1,2.7,3,0.00949603367689997
213,14,1000,1,3.28,9,0.009495535600930452
213,15,1000,2,5.08,4,0.009494786392897367
213,16,1000,2,3.78,5,0.00949381547048688
213,17,1000,2,3.47,6,0.009493272240273654
213,18,1000,2,3.36,3,0.009493178226053715
213,19,1000,2,4.23,3,0.009492942090146244
213,20,1000,2,3.53,3,0.009492305819876493
213,21,1000,3,3.96,2,0.009491600370965898
213,22,1000,3,4.81,1,0.009490969902835787
213,23,1000,2,2.72,2,0.009491057047620415
213,24,1000,2,3.7,4,0.009490369983017445
213,25,1000,1,2.66,2,0.009489402533508837
214,1,1000,3,4.92,3,0.15172948060929775
214,2,1000,3,3.68,2,0.15173094932734965
214,3,1000,3,3.19,1,0.15173237363994121
214,4,1000,2,2.8,1,0.15173372015357017
214,5,1000,2,2.77,1,0.15173431146144867
214,6,1000,3,3.95,1,0.1517348257303238
214,7,1000,4,4.62,1,0.15173572999238968
214,8,1000,4,7.49,1,0.15173642611503602
214,9,1000,3,4.37,1,0.15173650480806827
214,10,1000,3,4.08,1,0.15173690275847912
214,11,1000,3,7.06,2,0.15173710158467293
214,12,1000,4,7.98,9,0.15173725214600564
214,13,1000,5,6.08,2,0.15173857913911343
214,14,154,6,10.0,3,0.1517384873775693
214,15,1000,6,7.7,3,0.15173811142146587
214,16,380,6,10.05,3,0.15173738410598353
214,17,1000,4,3.4,1,0.15173810170590876
214,18,1000,2,4.48,11,0.15173854903876782
214,19,1000,2,3.06,1,0.15173924131691455
214,20,1000,3,7.52,11,0.15173888197541238
214,21,1000,3,2.94,1,0.15173972460627555
214,22,1000,4,5.4,1,0.1517407335639
214,23,156,5,10.09,3,0.15174143388867378
214,24,145,5,10.07,3,0.1517403195644247
214,25,804,4,10.0,9,0.15173981894752872
214,26,147,5,10.04,3,0.15174006351402827
214,27,118,5,10.05,4,0.1517407262729386
214,28,120,4,10.06,4,0.15174150516589482
214,29,342,5,10.0,3,0.15174051104058997
214,30,1000,4,6.95,2,0.15174100688099862
214,31,1000,4,9.91,5,0.1517403175085783
214,32,1000,4,7.09,2,0.1517387628108263
214,33,165,4,10.07,2,0.15173867525476398
214,34,129,4,10.04,2,0.15173920503882474
214,35,122,4,10.05,2,0.15174004545465844
214,36,108,3,10.03,2,0.1517409395288538
214,37,117,4,10.07,4,0.15174213573973402
214,38,104,3,10.04,3,0.15174219785974577
214,39,104,3,10.09,3,0.15174283545750838
214,40,68,3,10.06,19,0.15174134557738023
214,41,540,3,10.0,3,0.15174073116094977
214,42,117,3,10.08,3,0.15174256736396724
214,43,97,3,10.09,23,0.15174012992185415
214,44,1000,2,7.78,5,0.15173840187489987
214,45,1000,2,7.84,11,0.15174032819271088
214,46,1000,1,2.84,4,0.1517412795871496
215,1,1000,3,5.06,3,0.005768434919416905
215,2,1000,3,5.21,3,0.0057691408954560755
215,3,1000,3,4.32,5,0.005768847182393074
215,4,1000,3,3.31,1,0.005767859905958176
215,5,1000,2,2.78,1,0.005766914796084165
215,6,1000,3,4.24,4,0.005766785915941
215,7,1000,3,5.37,3,0.005766730308532714
215,8,1000,4,5.81,3,0.005766292903572321
215,9,1000,4,6.23,3,0.005766080234199763
215,10,1000,4,6.15,3,0.005766231656074524
215,11,1000,3,6.42,4,0.005765878196805715
215,12,656,4,10.0,3,0.005766527454664067
215,13,120,5,10.04,3,0.005768013559281826
215,14,134,4,10.02,3,0.005767682629790324
215,15,141,5,10.04,3,0.00576850521900024
215,16,1000,5,6.98,1,0.005769717012997716
215,17,1000,4,4.79,3,0.005770337474532425
215,18,1000,3,5.37,2,0.005769374202936888
215,19,1000,2,3.55,4,0.005769021928310394
215,20,1000,2,3.01,2,0.005769816858228296
215,21,1000,2,2.75,1,0.005769255805760622
215,22,1000,1,2.89,4,0.005768896009773016
216,1,1000,3,4.97,3,-0.07408438505232334
216,2,1000,3,3.38,2,-0.07408337426185609
216,3,1000,3,3.46,2,-0.07408293811231852
216,4,1000,3,3.63,2,-0.07408249843865633
216,5,1000,3,3.59,2,-0.0740823917016387
216,6,1000,4,4.31,3,-0.07408205001801252
216,7,1000,2,3.27,1,-0.07408185567706824
216,8,1000,2,3.95,2,-0.07408192457258701
216,9,837,4,10.0,2,-0.07408196604593681
216,10,1000,3,9.97,2,-0.07408159539848566
216,11,1000,3,6.3,2,-0.07408148384094239
216,12,127,4,10.07,4,-0.07408100483924385
216,13,1000,5,8.82,3,-0.07408121470361947
216,14,127,5,10.05,3,-0.07408112346187351
216,15,109,4,10.02,3,-0.07408120284933563
216,16,1000,2,3.62,4,-0.07408162490278482
216,17,122,3,10.08,5,-0.07408141521889655
216,18,130,3,10.07,6,-0.0740819527552678
216,19,120,5,10.03,3,-0.07408156171441078
216,20,172,5,10.08,4,-0.07408167027630085
216,21,1000,4,7.48,3,-0.07408162710815668
216,22,1000,3,4.64,2,-0.07408178718388081
216,23,1000,1,3.4,10,-0.07408197731524706
216,24,684,3,10.0,5,-0.0740821446831289
216,25,1000,3,9.49,8,-0.07408221809566021
216,26,121,3,10.08,9,-0.07408170081859777
216,27,123,4,10.03,5,-0.07408153429263975
216,28,106,3,10.04,6,-0.07408105982643254
216,29,134,4,10.08,5,-0.07408065415585219
216,30,125,4,10.06,2,-0.0740807198882103
216,31,411,4,10.0,4,-0.07408049198687802
216,32,124,3,10.05,17,-0.0740810706009788
216,33,124,3,10.01,14,-0.07408109902133865
216,34,137,4,10.09,3,-0.07408051426610808
216,35,133,5,10.04,3,-0.0740795775239629
216,36,106,3,10.05,3,-0.07407954925636076
216,37,119,4,10.07,17,-0.07407917025960795
216,38,1000,3,8.56,2,-0.07407879216969013
216,39,108,4,10.09,4,-0.07407910149130556
216,40,119,4,10.09,4,-0.07407808854800313
216,41,1000,1,2.8,4,-0.07407803104072809
216,42,1000,2,6.1,5,-0.07407752731442452
216,43,1000,1,3.29,9,-0.07407761213183403
216,44,1000,1,3.64,12,-0.07407693044841289
216,45,1000,1,2.71,3,-0.07407709608972073
216,46,1000,1,2.62,2,-0.07407590003311634
216,47,1000,0,2.41,0,-0.07407638430595398
216,48,1000,0,2.39,0,-0.07407521456480026
216,49,1000,0,2.42,0,-0.07407592982053757
216,50,1000,1,2.92,5,-0.07407488752156496
216,51,1000,1,2.63,2,-0.07407620351761579
217,1,1000,3,4.95,3,-0.12001083896309138
217,2,1000,3,4.74,3,-0.12001153402775526
217,3,1000,4,6.0,3,-0.12001157860457898
217,4,1000,4,6.51,4,-0.12001153664290905
217,5,1000,3,4.2,2,-0.1200111221820116
217,6,1000,2,3.15,2,-0.12001131785660982
217,7,1000,3,6.16,2,-0.12001103454828263
217,8,1000,3,4.75,2,-0.12001070807129145
217,9,1000,2,3.17,1,-0.1200111070945859
217,10,1000,2,3.3,1,-0.12001103762537241
217,11,1000,3,6.22,1,-0.12001059146225453
217,12,1000,3,4.91,1,-0.12000981566309929
217,13,1000,3,3.6,1,-0.1200095494389534
217,14,1000,2,2.88,1,-0.12000959502160549
217,15,1000,3,3.5,1,-0.12000915030390025
217,16,1000,2,3.43,2,-0.12000979145616293
217,17,1000,2,7.56,11,-0.12000995188206434
217,18,194,4,10.02,4,-0.12000937206843465
217,19,148,4,10.03,4,-0.1200087502900813
217,20,1000,4,6.66,1,-0.12000816149264575
217,21,1000,1,2.57,1,-0.12001053243875504
217,22,1000,1,2.57,1,-0.12001097947359085
218,1,1000,3,4.98,3,0.018950633702799678
218,2,1000,3,6.03,3,0.018950600553303956
218,3,1000,5,8.01,3,0.01895048259757459
218,4,474,5,10.0,6,0.018950421862178463
218,5,1000,3,6.01,3,0.018949665170162916
218,6,1000,3,6.0,3,0.018948997931554915
218,7,1000,4,6.92,3,0.01894864126853645
218,8,211,5,10.03,3,0.018948590700730895
218,9,149,5,10.07,3,0.018949797964536105
218,10,144,4,10.03,3,0.018950184134559497
218,11,1000,3,5.44,2,0.01894986866787076
218,12,1000,2,4.51,2,0.01895158082060516
218,13,1000,3,7.58,1,0.018951613500714302
218,14,1000,4,6.0,1,0.018951824026182295
218,15,133,4,10.05,1,0.018952080461763797
218,16,1000,4,6.0,1,0.018950892012566327
218,17,1000,4,7.02,1,0.018950868405401708
218,18,1000,4,6.96,1,0.018950534308329225
218,19,1000,4,6.48,1,0.0189509533662349
218,20,1000,4,6.29,1,0.018952828839421273
218,21,1000,4,6.87,5,0.018953199552372096
218,22,1000,3,9.99,2,0.018951863637194036
218,23,1000,3,6.04,1,0.01895092850551009
218,24,1000,2,5.67,9,0.018952041825279594
218,25,1000,2,5.63,9,0.018952208509668708
218,26,151,3,10.07,6,0.018952725097438356
218,27,1000,3,6.18,1,0.01895401692390442
218,28,1000,3,6.68,1,0.018954716712236405
218,29,1000,3,5.4,1,0.018954319229349495
218,30,1000,3,5.95,4,0.01895204989798367
219,1,1000,3,4.97,3,0.10277116168290376
219,2,1000,3,3.67,2,0.10276939447969198
219,3,1000,2,3.23,3,0.10276751840114594
219,4,1000,4,4.19,2,0.10276631277799607
219,5,1000,2,3.16,2,0.10276486270129681
219,6,1000,3,4.04,2,0.10276540988683701
219,7,1000,3,3.36,2,0.10276321358233691
219,8,1000,3,3.7,2,0.10276120872795581
219,9,1000,3,4.64,2,0.10275948701053858
219,10,1000,3,3.71,2,0.10275821264088154
219,11,1000,4,4.82,2,0.10275680050998927
219,12,1000,3,5.57,2,0.10275672765821219
219,13,1000,2,3.56,2,0.10275693622976542
219,14,1000,3,7.99,2,0.10275742361694575
219,15,1000,3,7.66,2,0.10275681650638581
219,16,1000,3,6.62,4,0.10275751389563084
219,17,1000,2,3.19,2,0.10275708013772965
219,18,1000,1,2.93,5,0.10275860891491174
219,19,1000,1,2.7,3,0.10275720869004726
219,20,1000,2,3.94,4,0.10275863988697528
219,21,1000,2,3.18,2,0.10276080618798733
219,22,1000,2,3.27,2,0.10275957182794809
219,23,1000,1,2.52,1,0.10276194661855698
219,24,1000,1,2.53,1,0.10275977065414191
220,1,1000,3,5.11,3,0.05250700750201941
220,2,1000,3,3.68,2,0.05250743644684553
220,3,1000,3,4.05,2,0.05250813136249781
220,4,1000,2,3.17,2,0.052508560914546254
220,5,1000,3,5.53,2,0.05250884000211954
220,6,1000,3,3.73,2,0.05250900349020958
220,7,1000,2,2.68,1,0.05250976890325546
220,8,1000,2,2.92,1,0.05251020869612694
220,9,1000,2,3.2,1,0.05251052502542734
220,10,1000,3,4.87,3,0.05251096224412322
220,11,1000,6,4.58,3,0.05251137502118945
220,12,1000,4,7.44,4,0.05251174824684858
220,13,1000,5,8.28,5,0.05251211197674274
220,14,1000,3,6.95,3,0.05251160966232419
220,15,1000,2,2.94,3,0.05251265208423138
220,16,1000,2,3.5,4,0.05251292305439711
220,17,1000,3,6.0,9,0.05251279215142131
220,18,1000,2,8.21,11,0.052513164803385734
220,19,124,4,10.03,5,0.05251254880380246
220,20,1000,3,5.9,2,0.05251289559528231
220,21,1000,3,7.54,2,0.052512592509388924
220,22,1000,4,8.32,3,0.052512398734688756
220,23,119,5,10.05,3,0.05251246765882027
220,24,120,4,10.08,3,0.052513685046384734
220,25,129,3,10.03,13,0.05251370618740717
220,26,124,4,10.02,3,0.052514074460392995
220,27,607,4,10.0,3,0.05251414510475155
220,28,170,4,10.05,3,0.05251406227402827
220,29,1000,4,7.18,3,0.05251400676742196
220,30,1000,1,2.61,2,0.05251421448588371
220,31,1000,0,2.4,0,0.052513595670461655
220,32,1000,1,2.73,3,0.052514043129980564
220,33,1000,2,4.94,2,0.05251407213136554
220,34,1000,1,3.27,9,0.052514109645038845
221,1,1000,3,5.06,3,0.01971673080138862
221,2,1000,3,4.43,2,0.019717464845627548
221,3,1000,2,3.02,2,0.019718075498938562
221,4,1000,3,3.79,2,0.019718440184369683
221,5,1000,3,4.82,2,0.019718474842607976
221,6,1000,3,6.97,2,0.01971844713576138
221,7,1000,2,2.75,1,0.019718441367149352
221,8,1000,3,4.02,2,0.01971837264113128
221,9,1000,3,3.3,1,0.019718583285808562
221,10,1000,2,2.87,1,0.019718646831810474
221,11,1000,3,3.61,3,0.01971922497265041
221,12,1000,2,2.74,1,0.019719219006597996
221,13,1000,3,3.87,3,0.01971922602318227
221,14,1000,3,5.86,3,0.01971982366964221
221,15,1000,4,5.8,3,0.01971961699426174
221,16,1000,5,8.8,2,0.019719055816531182
221,17,1000,3,3.8,3,0.01971829660795629
221,18,1000,3,6.02,3,0.01971860515512526
221,19,1000,4,4.15,2,0.01971852033212781
221,20,1000,3,6.39,2,0.01971845804899931
221,21,1000,2,3.42,2,0.01971895874105394
221,22,1000,2,2.75,2,0.019718898503109813
222,1,1000,3,5.03,3,-0.10051189651340246
222,2,1000,3,4.5,2,-0.10051319839805364
222,3,1000,2,2.97,2,-0.10051358818262815
222,4,1000,2,3.21,3,-0.10051340105384589
222,5,1000,3,5.83,3,-0.10051377584040165
222,6,1000,3,4.34,3,-0.10051464727520942
222,7,1000,2,3.26,3,-0.10051506520807743
222,8,1000,2,3.49,4,-0.10051507242023945
222,9,1000,2,2.94,2,-0.10051547111570835
222,10,1000,4,4.52,2,-0.10051584820449352
222,11,1000,2,2.99,2,-0.10051677872985601
222,12,1000,2,4.03,6,-0.10051713913679122
222,13,1000,3,5.92,3,-0.10051752556115388
222,14,1000,2,3.28,3,-0.10051839140802622
222,15,1000,3,4.78,2,-0.10051885738223791
222,16,1000,3,5.13,3,-0.10051995342969894
222,17,1000,2,3.55,4,-0.1005207776427269
222,18,1000,2,3.25,3,-0.10052165163308383
222,19,1000,3,4.73,2,-0.10052304568886757
222,20,1000,3,5.45,2,-0.10052395489811897
222,21,1000,2,3.23,3,-0.10052524526417256
222,22,1000,3,5.04,3,-0.10052667653560639
222,23,1000,4,4.43,2,-0.1005274208933115
222,24,1000,3,3.18,2,-0.10052908919751644
222,25,1000,2,3.02,2,-0.10053049435466528
222,26,1000,2,3.2,3,-0.1005320926234126
222,27,1000,3,5.87,3,-0.10053408811986446
222,28,1000,3,3.84,1,-0.10053649067133665
222,29,1000,4,3.42,3,-0.10053781831264495
222,30,1000,4,3.46,3,-0.10053930829465389
222,31,1000,4,3.42,3,-0.10054211881756782
222,32,1000,4,3.44,3,-0.10054418549686671
222,33,1000,4,3.4,3,-0.10054637452960015
222,34,1000,3,2.72,1,-0.10054655373096466
222,35,1000,3,3.78,3,-0.10054284114390612
222,36,1000,2,3.35,1,-0.1005485082641244
222,37,120,4,10.05,2,-0.10055099471161763
222,38,163,4,10.01,5,-0.1005435789838159
222,39,1000,3,3.24,3,-0.10054512397944927
222,40,1000,3,3.56,2,-0.10054652860015631
222,41,1000,3,4.99,4,-0.10054532466083765
222,42,1000,3,4.96,4,-0.10055119565874338
222,43,1000,3,3.4,4,-0.10055105911940336
223,1,1000,3,5.01,3,-0.12664756228029728
223,2,1000,3,4.09,3,-0.1266467803567648
223,3,1000,3,3.59,1,-0.12664521604776383
223,4,1000,3,3.28,1,-0.1266446113884449
223,5,1000,3,3.28,1,-0.12664395560324193
223,6,1000,3,3.15,1,-0.12664457607269286
223,7,1000,3,4.13,2,-0.12664430312812328
223,8,1000,2,2.79,2,-0.12664370414614678
223,9,1000,3,4.88,3,-0.12664338175952433
223,10,1000,3,4.03,3,-0.12664435742795468
223,11,1000,3,3.72,2,-0.12664390951395035
223,12,1000,3,4.28,4,-0.12664405238628387
223,13,1000,4,4.67,3,-0.1266442518979311
223,14,1000,4,4.67,3,-0.12664372496306897
223,15,1000,4,7.73,2,-0.12664254526793955
223,16,1000,2,3.82,3,-0.12664401403069497
223,17,1000,2,3.13,4,-0.1266471722871065
223,18,305,5,10.08,4,-0.12664835843883576
223,19,1000,4,4.51,2,-0.12664761516451836
223,20,1000,4,5.14,3,-0.12664518025517463
223,21,906,4,10.0,6,-0.1266471737169272
223,22,139,5,10.03,4,-0.1266459909488829
223,23,111,4,10.05,1,-0.126646053415161
223,24,181,4,10.01,6,-0.12664310485947858
223,25,118,5,10.08,5,-0.12664292096081425
223,26,1000,1,2.74,3,-0.12664573875069618
223,27,1000,2,3.56,4,-0.12664469158649444
223,28,742,3,10.0,7,-0.1266448183683051
223,29,1000,3,5.05,4,-0.1266462358236313
223,30,1000,2,8.77,4,-0.12664651134610175
223,31,112,3,10.01,5,-0.1266473296231457
223,32,129,4,10.03,6,-0.1266464237556901
223,33,116,4,10.0,6,-0.12664496243513865
223,34,145,5,10.09,3,-0.12664554324643365
223,35,129,4,10.05,5,-0.12664678184561026
223,36,929,5,10.0,2,-0.12664794904231
223,37,116,4,10.05,5,-0.1266478469659542
223,38,1000,4,7.26,3,-0.12664652536809445
223,39,1000,2,3.54,3,-0.12664554089307786
223,40,118,3,10.0,9,-0.12664645165205002
223,41,1000,3,4.26,2,-0.12664718955755233
223,42,1000,1,3.01,6,-0.12664679007232188
223,43,1000,3,3.16,2,-0.126646523848176
223,44,1000,1,2.6,2,-0.12664661622047424
223,45,1000,1,2.74,3,-0.12664825916290284
223,46,1000,1,2.77,4,-0.12664823234081268
223,47,1000,3,3.07,4,-0.12665111851692198
223,48,1000,1,2.61,2,-0.12664923167228698
223,49,1000,1,2.59,2,-0.12665493547916412
223,50,1000,3,3.06,3,-0.12665181304514408
223,51,1000,1,2.59,2,-0.1266563367843628
223,52,1000,3,4.11,3,-0.12665068706870078
223,53,1000,1,3.17,8,-0.12665864196419716
223,54,1000,4,6.71,6,-0.1266529958844185
223,55,1000,1,2.65,2,-0.12665385156869888
223,56,1000,1,2.68,3,-0.126655607894063
223,57,1000,3,3.54,2,-0.12665653489530088
223,58,1000,1,2.69,3,-0.1266555165499449
224,1,1000,3,5.11,3,0.026083505110815166
224,2,1000,3,3.81,3,0.026083591412752866
224,3,1000,2,3.05,2,0.02608302228152752
224,4,1000,3,5.37,2,0.026082898292690514
224,5,1000,2,3.55,4,0.02608285897038877
224,6,1000,3,4.46,4,0.02608284326456487
224,7,1000,3,6.51,5,0.026082940837368368
224,8,1000,2,3.82,5,0.026083177734166383
224,9,1000,3,4.95,5,0.026082496333867312
224,10,1000,2,3.62,3,0.026081990353763105
224,11,1000,2,3.36,2,0.02608263867534697
224,12,1000,1,2.81,4,0.026082008853554727
224,13,1000,3,7.36,5,0.02608111590333283
224,14,137,4,10.07,6,0.026082168951848127
224,15,159,6,10.01,3,0.02608236883702518
224,16,1000,5,4.68,1,0.02608287540823221
224,17,116,4,10.01,1,0.026083328407900088
224,18,128,4,10.03,6,0.02608272765064612
224,19,115,4,10.07,6,0.026082234165590742
224,20,1000,5,7.72,3,0.02608275316655636
224,21,130,4,10.07,4,0.026083171109740552
224,22,129,4,10.04,5,0.026083189979657646
224,23,286,5,10.07,3,0.026083193165803705
224,24,1000,6,9.95,1,0.02608333766646683
224,25,1000,6,9.46,3,0.026082909263670444
224,26,106,3,10.09,6,0.02608310009511012
224,27,163,4,10.09,8,0.026082732891835318
224,28,1000,1,3.48,11,0.0260825015604496
224,29,121,4,10.05,3,0.02608327707660592
224,30,116,4,10.07,1,0.026083655655384064
224,31,128,4,10.01,4,0.026084070501383394
224,32,1000,1,2.74,3,0.026084183849394323
224,33,1000,1,2.71,3,0.026083620712161065
224,34,706,4,10.0,3,0.026082544832915153
224,35,1000,3,3.1,2,0.026082989739254117
224,36,1000,1,2.71,2,0.02608320388942957
225,1,1000,3,5.11,3,-0.07359497883170843
225,2,1000,3,5.29,3,-0.07359587474167346
225,3,1000,3,3.78,3,-0.07359562565386295
225,4,1000,3,5.16,3,-0.07359612321853638
225,5,1000,3,3.45,1,-0.07359608633816242
225,6,1000,3,3.29,1,-0.0735959236100316
225,7,1000,2,3.15,2,-0.07359636268764734
225,8,1000,3,4.08,2,-0.07359646634012461
225,9,1000,2,5.65,9,-0.07359708636254073
225,10,1000,2,3.52,3,-0.07359791237860919
225,11,1000,4,9.43,2,-0.07359910354763269
225,12,1000,3,4.9,3,-0.07359878528863191
225,13,1000,3,5.51,5,-0.07359953333437443
225,14,1000,3,8.58,5,-0.07359978590905666
225,15,155,5,10.03,4,-0.07360055090919618
225,16,1000,3,2.85,1,-0.07359998316317796
225,17,1000,2,2.79,3,-0.07360071131587029
225,18,1000,2,3.93,8,-0.07360192854702473
225,19,1000,2,3.0,2,-0.07360225240141154
225,20,1000,2,4.28,2,-0.07360265584290028
225,21,1000,2,3.22,2,-0.07360363035649062
225,22,1000,3,3.49,1,-0.07360477445274591
225,23,1000,2,2.83,2,-0.07360510809719563
225,24,1000,5,4.69,2,-0.07360463967174291
225,25,1000,5,3.58,2,-0.07360535938292742
225,26,1000,1,2.53,1,-0.07360593229532242
225,27,1000,1,2.81,4,-0.07360565751791
225,28,1000,1,2.69,3,-0.07360644045472145
225,29,1000,1,2.8,4,-0.07360713540017605
225,30,1000,3,4.09,3,-0.07360849175602198
225,31,1000,3,4.47,3,-0.07360763072222472
225,32,1000,3,4.28,3,-0.07360766492784024
225,33,935,4,10.0,3,-0.07360991833203617
225,34,1000,4,9.91,4,-0.07361066564172507
225,35,1000,3,7.55,2,-0.073610061571002
225,36,1000,2,2.64,1,-0.07361063361167908
225,37,1000,2,2.72,1,-0.07361298775672913
226,1,1000,3,5.18,3,0.13023582749068738
226,2,1000,3,3.43,2,0.1302361133992672
226,3,1000,2,3.05,2,0.13023663291335105
226,4,1000,2,3.59,2,0.13023641802370547
226,5,1000,1,2.85,4,0.1302368129938841
226,6,1000,2,5.74,6,0.13023561330139638
226,7,1000,2,5.04,4,0.13023477585613727
226,8,1000,1,3.04,6,0.13023502026498318
226,9,1000,1,2.97,5,0.13023547925055026
226,10,124,4,10.03,6,0.13023627633529325
226,11,1000,3,7.46,3,0.13023556810617448
226,12,127,5,10.05,2,0.1302341161750433
226,13,113,4,10.06,2,0.1302335660542007
226,14,717,4,10.0,3,0.13023361993883445
226,15,1000,3,4.56,3,0.13023310673236846
226,16,1000,2,2.93,2,0.1302334974706173
226,17,105,3,10.02,4,0.13023341127804347
226,18,126,4,10.02,5,0.13023332139802357
226,19,117,4,10.02,7,0.13023197549021143
226,20,279,5,10.08,2,0.1302298783828708
226,21,1000,3,7.55,4,0.1302290757894516
226,22,1000,3,6.05,1,0.1302289555221796
226,23,1000,2,4.18,4,0.1302286602705717
226,24,1000,3,5.2,1,0.1302295355349779
226,25,353,5,10.09,2,0.13023036840786
227,1,1000,3,5.07,3,0.08535903074592352
227,2,1000,3,5.88,3,0.08535773909837008
227,3,1000,5,9.69,2,0.08535687460750341
227,4,1000,5,8.17,3,0.08535718914866447
227,5,1000,4,4.94,1,0.08535681191831827
227,6,1000,4,4.62,1,0.08535728570073843
227,7,1000,4,4.67,1,0.0853569641634822
227,8,1000,4,6.21,1,0.08535667724162341
227,9,1000,4,5.95,1,0.08535561951994895
227,10,188,5,10.06,10,0.08535583230092171
227,11,1000,3,3.7,1,0.08535656957328319
227,12,1000,4,4.15,1,0.08535653972625733
227,13,1000,4,4.97,1,0.08535660403966903
227,14,1000,4,4.88,1,0.0853563549220562
227,15,1000,4,5.97,1,0.08535543840378523
227,16,1000,4,5.99,1,0.08535605418682099
227,17,1000,4,5.87,1,0.085355574272573
227,18,1000,4,6.14,1,0.08535542351007462
227,19,1000,4,6.01,1,0.08535470002144575
227,20,1000,4,6.1,1,0.08535359527170658
227,21,1000,3,6.08,3,0.08535368020832539
227,22,119,2,10.03,18,0.08535526104334022
227,23,106,2,10.03,8,0.08535599961595715
227,24,109,4,10.03,3,0.08535940411987655
227,25,121,3,10.03,11,0.08536003536182987
227,26,110,3,10.08,3,0.08536125814372843
227,27,113,4,10.1,1,0.08536172341720193
227,28,115,4,10.05,4,0.08536172703556393
227,29,106,3,10.04,3,0.08536247234299497
227,30,104,3,10.06,3,0.08536255173385143
227,31,100,3,10.08,13,0.0853638918697834
227,32,109,3,10.03,9,0.08536291737622077
227,33,126,4,10.05,5,0.08536227236664484
227,34,1000,4,9.6,2,0.08536363662034273
227,35,112,3,10.01,8,0.08536104119515844
227,36,106,3,10.02,6,0.08536008682172254
227,37,106,3,10.06,3,0.08536011008721478
227,38,1000,0,2.46,0,0.08536163717508316
227,39,1000,1,3.2,8,0.08535512815415859
228,1,1000,3,5.02,3,-0.08506295391172171
228,2,1000,3,3.78,3,-0.08506017095595599
228,3,1000,2,2.94,2,-0.08505729617923498
228,4,1000,3,3.66,2,-0.0850556725114584
228,5,1000,2,3.52,3,-0.08505444601178169
228,6,1000,1,2.76,4,-0.08505312377214432
228,7,143,5,10.07,3,-0.08505208628786194
228,8,741,4,10.0,3,-0.08505153017528305
228,9,1000,5,3.95,1,-0.08505045141279698
228,10,1000,2,3.01,3,-0.08504993230104446
228,11,1000,2,5.13,5,-0.08504713080823421
228,12,1000,2,4.29,3,-0.08504567892104388
228,13,1000,3,3.32,1,-0.08504545455425978
228,14,1000,3,4.03,3,-0.08504511006176471
228,15,110,3,10.04,6,-0.08504324582490054
228,16,126,5,10.06,3,-0.08504291919488756
228,17,114,4,10.04,4,-0.08504290303640198
228,18,579,4,10.0,3,-0.08504202604190879
228,19,126,4,10.07,3,-0.0850410098949122
228,20,1000,3,5.51,2,-0.08504028444737197
228,21,1000,4,6.31,3,-0.08503933460265398
228,22,735,4,10.0,6,-0.0850390665385188
228,23,1000,1,2.73,3,-0.08503830259293318
228,24,1000,2,3.87,5,-0.08503817145526409
228,25,1000,1,2.92,5,-0.0850367042273283
228,26,1000,2,2.93,4,-0.08503485501557588
228,27,445,3,10.0,4,-0.08503453386633583
228,28,1000,5,5.25,2,-0.08503492918610572
228,29,1000,5,4.32,1,-0.08503380891680717
228,30,1000,2,3.23,2,-0.08503213964402676
228,31,1000,3,3.74,3,-0.08502954387664795
228,32,1000,1,2.84,4,-0.08502836085855961
228,33,1000,1,2.76,3,-0.08502856261283159
228,34,1000,3,4.24,3,-0.08502648139744998
228,35,800,5,10.0,3,-0.08502615608274937
228,36,1000,3,3.55,1,-0.08502452869713306
228,37,1000,3,2.86,1,-0.0850226507410407
228,38,1000,1,2.55,1,-0.08502038568258286
229,1,1000,3,5.13,3,-0.020372231256216764
229,2,1000,3,5.28,3,-0.020373329970985652
229,3,1000,2,3.61,3,-0.02037425646930933
229,4,1000,4,5.91,3,-0.020374516662210226
229,5,1000,2,3.09,3,-0.020374422933906317
229,6,1000,2,3.09,3,-0.0203740871027112
229,7,1000,3,3.22,1,-0.020374419191852212
229,8,1000,2,3.45,5,-0.020373682357370852
229,9,1000,3,4.47,3,-0.020374150048941372
229,10,1000,2,3.68,4,-0.020374012783169745
229,11,1000,1,2.89,4,-0.02037328190729022
229,12,1000,1,2.83,3,-0.020373529236763714
229,13,1000,1,3.0,5,-0.020374042520299555
229,14,1000,2,6.65,9,-0.020373868573457004
229,15,394,5,10.07,3,-0.02037432845587355
229,16,1000,4,4.69,1,-0.020373300461098552
229,17,1000,4,5.4,1,-0.02037402686290443
229,18,1000,4,5.39,2,-0.02037411461956799
229,19,1000,3,4.4,2,-0.020373450577259065
229,20,1000,1,3.55,11,-0.02037190930172801
229,21,1000,1,3.07,6,-0.020371731672436
229,22,1000,2,4.38,4,-0.020371397202834488
229,23,1000,2,4.4,6,-0.02037057084776461
229,24,1000,1,2.66,1,-0.020369863137602806
230,1,1000,3,5.17,3,0.048089808139950035
230,2,1000,3,3.64,2,0.04808936683088541
230,3,1000,2,3.8,3,0.04808939882740378
230,4,1000,3,5.15,3,0.04808938105776906
230,5,1000,3,3.87,5,0.04808972903713584
230,6,1000,2,3.18,4,0.048089840766042474
230,7,1000,1,2.71,3,0.04808985269069672
230,8,1000,2,3.59,3,0.048090247377753255
230,9,255,5,10.08,4,0.04809032000747381
230,10,1000,2,3.59,4,0.04809111949056387
230,11,1000,3,4.48,5,0.04809143147245049
230,12,1000,4,5.57,3,0.0480913797840476
230,13,1000,4,9.34,3,0.048091095421463254
230,14,1000,3,3.34,1,0.048091273933649065
230,15,1000,2,2.84,1,0.048090915080159904
230,16,1000,2,2.81,1,0.048091070104390385
230,17,1000,3,2.93,2,0.048091528594493865
230,18,1000,3,4.7,5,0.048091163005679845
230,19,1000,1,2.54,1,0.048092059791088104
230,20,1000,1,2.66,2,0.04809253414347768
230,21,1000,1,2.74,3,0.04809293220192194
230,22,1000,1,2.7,3,0.04809317546337843
230,23,1000,3,3.75,2,0.04809255700558424
230,24,1000,1,2.57,1,0.048092667013406754
231,1,1000,3,5.0,3,0.06002432489395142
231,2,1000,3,4.04,2,0.06002415242046118
231,3,1000,3,3.74,2,0.060024079605937
231,4,1000,3,3.27,3,0.060023619692772624
231,5,1000,2,3.17,4,0.06002354340255261
231,6,1000,2,3.36,5,0.06002376206219196
231,7,1000,2,3.8,5,0.0600234745927155
231,8,1000,1,2.93,5,0.060023225478827956
231,9,1000,1,2.84,5,0.06002291130274534
231,10,1000,1,2.59,2,0.060023150775581596
231,11,1000,2,2.95,2,0.06002312742173672
231,12,1000,2,2.75,2,0.06002305065095424
231,13,1000,2,3.21,3,0.06002266624197364
231,14,1000,2,3.82,5,0.06002249677851796
231,15,1000,1,2.79,4,0.060022132601588965
231,16,1000,2,2.69,1,0.06002157217264176
231,17,1000,1,2.67,3,0.06002222552895546
231,18,1000,2,2.82,1,0.060021582685410975
231,19,1000,1,2.69,3,0.06002126292139292
231,20,1000,1,2.59,2,0.06002089796960354
231,21,1000,2,3.17,3,0.06002092504873872
231,22,1000,2,2.72,1,0.06002138314023614
231,23,1000,3,7.99,2,0.06002107353508473
231,24,1000,2,3.19,2,0.06002049785479903
231,25,1000,2,2.71,1,0.06002026829868555
231,26,1000,1,2.51,1,0.06002001464366913
232,1,1000,3,5.06,3,0.0005337638235650957
232,2,1000,3,3.75,2,0.0005340869962237775
232,3,1000,3,3.78,3,0.0005341565585695208
232,4,1000,3,3.86,3,0.0005336588039062917
232,5,1000,3,5.94,3,0.000533399639185518
232,6,1000,5,6.9,1,0.0005334466896019876
232,7,1000,4,4.64,2,0.0005327164023183286
232,8,1000,3,6.3,5,0.0005319560333155095
232,9,171,4,10.02,3,0.0005312074940482819
232,10,447,4,10.0,3,0.0005303558871885491
232,11,1000,3,4.39,1,0.0005292645408771932
232,12,1000,3,9.2,4,0.0005283365077339112
232,13,131,4,10.04,5,0.0005288719548843801
232,14,1000,2,5.66,5,0.0005284726447425782
232,15,1000,3,5.61,5,0.0005290419436059892
232,16,119,3,10.1,7,0.0005293849805769112
232,17,1000,3,8.37,6,0.0005292793563567102
232,18,1000,2,4.62,6,0.0005291648819111288
232,19,1000,3,7.1,4,0.000528521457221359
232,20,1000,3,6.76,2,0.0005281398347578943
232,21,1000,3,8.22,5,0.0005275912112556398
232,22,107,3,10.09,5,0.0005266163438323572
232,23,1000,3,5.19,1,0.000526163165923208
232,24,112,4,10.01,4,0.0005253470985085837
232,25,1000,3,3.11,3,0.0005258452906273305
232,26,1000,3,3.02,1,0.0005245487703941762
233,1,1000,3,5.13,3,-0.00867558784596622
233,2,1000,3,3.81,2,-0.008676785395480693
233,3,1000,2,3.34,3,-0.008678000342100858
233,4,1000,2,4.81,5,-0.008678718039765955
233,5,1000,2,3.73,3,-0.008679416661150753
233,6,1000,1,2.83,3,-0.008679880702868103
233,7,1000,2,4.35,5,-0.00868082271516323
233,8,1000,2,6.54,6,-0.008681032350286841
233,9,1000,3,3.81,3,-0.008681683762930334
233,10,1000,2,3.38,3,-0.008682498008012771
233,11,142,5,10.06,3,-0.00868282372682867
233,12,132,5,10.1,4,-0.008682942180188767
233,13,1000,4,4.53,4,-0.008683596634306014
233,14,1000,4,3.31,2,-0.008684381298720836
233,15,282,7,10.1,7,-0.00868526894057579
233,16,1000,3,4.89,6,-0.008684905235655606
233,17,292,6,10.0,3,-0.00868619803326485
233,18,94,4,10.0,3,-0.008685884561310423
233,19,1000,3,4.93,4,-0.008686611506156624
233,20,1000,3,4.5,4,-0.008687210019677878
233,21,1000,2,4.01,3,-0.00868773229420185
233,22,1000,3,3.74,1,-0.008688173476606607
233,23,1000,2,4.01,3,-0.00868848666921258
233,24,1000,3,3.72,4,-0.008688887915574013
233,25,1000,1,2.73,2,-0.008689374689012767
233,26,1000,1,2.82,3,-0.0086901528602466
233,27,1000,1,2.93,4,-0.008690424251370132
233,28,1000,3,5.72,3,-0.008692853617481887
233,29,1000,3,4.41,2,-0.008692301128059625
233,30,1000,3,6.43,6,-0.00869288419932127
233,31,1000,3,3.02,1,-0.008692644183523952
233,32,1000,2,3.19,4,-0.008693065309897064
233,33,1000,1,2.72,2,-0.008694040638394653
233,34,1000,3,7.74,6,-0.008693867975845933
233,35,1000,4,6.79,3,-0.00869369759876281
233,36,1000,3,2.93,1,-0.008694382430054248
233,37,1000,1,2.71,2,-0.008694995246827602
233,38,1000,3,4.6,2,-0.00869570928066969
233,39,1000,5,8.56,3,-0.00869681619759649
233,40,844,5,10.0,6,-0.008699644170480811
233,41,1000,3,3.82,1,-0.008699905666522682
233,42,1000,4,3.48,1,-0.0087009496986866
233,43,1000,4,3.43,1,-0.008701480804011225
233,44,1000,3,4.83,4,-0.008701681598089636
233,45,1000,1,2.77,2,-0.008705111267045141
233,46,1000,4,8.32,3,-0.008706048228777945
233,47,1000,3,4.21,2,-0.008706508515402675
233,48,1000,2,2.77,1,-0.0087061682716012
233,49,1000,3,2.99,2,-0.008707024002447725
233,50,1000,1,2.74,2,-0.008706909775733948
233,51,1000,1,2.85,3,-0.008710346682928503
233,52,1000,1,2.74,2,-0.008708150708116591
234,1,1000,3,4.99,3,0.06601944998651743
234,2,1000,3,4.76,3,0.06602043551206589
234,3,1000,3,4.88,3,0.06602122681587934
234,4,1000,3,3.3,1,0.06602046515047551
234,5,1000,3,4.9,3,0.06602055294811726
234,6,729,4,10.0,5,0.06602144934267665
234,7,183,3,10.0,5,0.06602249074666226
234,8,1000,3,5.11,3,0.06602413813024759
234,9,1000,3,6.01,3,0.06602478282898665
234,10,1000,4,9.42,4,0.06602393792569637
234,11,1000,3,4.93,3,0.06602335650473833
234,12,1000,3,3.43,2,0.06602446942776441
234,13,1000,3,4.07,3,0.06602574465423823
234,14,1000,3,5.13,2,0.06602688162773848
234,15,1000,4,8.21,5,0.06602726047486067
234,16,1000,3,6.05,5,0.06602918891608715
234,17,299,4,10.0,3,0.06603071133428592
234,18,1000,1,2.68,3,0.06603122550994157
234,19,1000,1,2.6,2,0.06602865486592055
235,1,1000,3,5.14,3,-0.03493984293565154
235,2,1000,3,4.85,2,-0.03494036185741425
235,3,1000,3,4.9,2,-0.03494064024090767
235,4,1000,2,3.29,3,-0.03494082392752171
235,5,1000,2,3.57,4,-0.03494096217304468
235,6,1000,1,2.78,4,-0.034942382771521806
235,7,1000,1,2.59,2,-0.034942170411348346
235,8,1000,3,3.09,2,-0.03494142607226968
235,9,1000,2,3.55,3,-0.03494157001003623
235,10,1000,3,6.82,3,-0.03494148233160377
235,11,1000,2,3.59,3,-0.03494146616011858
235,12,140,5,10.01,3,-0.034941660852304525
235,13,398,4,10.0,5,-0.03494175858608442
235,14,1000,3,3.91,1,-0.034940395418554544
235,15,1000,2,3.07,2,-0.03494145689159632
235,16,1000,2,3.57,2,-0.034941069886088374
235,17,1000,3,5.26,1,-0.03494159720093012
235,18,1000,5,6.33,2,-0.03494131688028574
235,19,1000,3,4.52,2,-0.03494120007380843
235,20,1000,2,5.07,4,-0.034940853215754034
235,21,1000,2,4.43,3,-0.034941927630454304
235,22,1000,1,2.7,3,-0.03494168058037758
236,1,1000,3,5.17,3,-0.059587025810033084
236,2,1000,3,3.99,2,-0.05958702510222793
236,3,1000,3,3.8,2,-0.05958690212666989
236,4,1000,2,2.92,1,-0.05958693888410926
236,5,1000,3,3.14,2,-0.059587069682776925
236,6,1000,3,3.48,1,-0.059587004378437995
236,7,1000,3,3.71,4,-0.05958684331178665
236,8,1000,3,4.09,1,-0.05958669352158904
236,9,256,6,10.03,3,-0.05958615041163284
236,10,1000,4,6.98,6,-0.059585931859910485
236,11,520,4,10.0,3,-0.05958601755734819
236,12,506,3,10.0,3,-0.0595864825201011
236,13,1000,3,8.63,3,-0.059586285024881364
236,14,121,4,10.03,3,-0.059586712243882095
236,15,1000,3,7.9,2,-0.059586537789553404
236,16,111,3,10.08,5,-0.05958728394932575
236,17,122,4,10.0,5,-0.059587110139307425
236,18,866,4,10.0,1,-0.059586436042506206
236,19,1000,4,7.64,1,-0.0595857936963439
236,20,1000,3,8.42,3,-0.059586077693849805
236,21,112,3,10.06,8,-0.0595866854169539
236,22,115,3,10.08,8,-0.05958692337507787
236,23,127,4,10.04,15,-0.05958618795660537
236,24,214,5,10.05,2,-0.05958500977988555
236,25,108,4,10.01,3,-0.05958425415748799
236,26,159,4,10.0,8,-0.05958435576666826
236,27,681,4,10.0,4,-0.059584945680986594
236,28,916,2,10.0,21,-0.059584754584235136
236,29,1000,1,3.92,14,-0.05958503250777721
237,1,1000,3,5.19,3,-0.03168084676936269
237,2,1000,3,4.26,2,-0.03168126856535673
237,3,1000,3,4.43,3,-0.03168162176012993
237,4,1000,3,3.35,3,-0.03168165024369955
237,5,1000,3,4.58,2,-0.03168223226815462
237,6,1000,3,4.79,5,-0.031682923682034014
237,7,1000,2,2.9,2,-0.03168277746066451
237,8,1000,2,3.61,6,-0.03168454805761576
237,9,1000,3,4.85,5,-0.03168636468425393
237,10,1000,2,3.65,4,-0.03168472808226943
237,11,1000,3,3.58,2,-0.031684478305280206
237,12,124,5,10.05,3,-0.03168406358529483
237,13,144,4,10.04,3,-0.031684309606336884
237,14,115,4,10.01,5,-0.03168446632183117
237,15,119,3,10.01,3,-0.03168544057412308
237,16,141,5,10.09,3,-0.031684902992020265
237,17,1000,4,7.08,5,-0.03168473425507545
237,18,1000,3,5.04,4,-0.03168509928882122
237,19,1000,2,4.22,4,-0.03168439229950309
237,20,153,5,10.06,4,-0.031685366569196474
237,21,429,3,10.0,6,-0.031684664692425785
237,22,117,4,10.03,3,-0.031684238718360916
237,23,1000,5,8.26,2,-0.031683711599558594
237,24,1000,4,8.61,13,-0.031683915242552756
237,25,1000,4,4.11,1,-0.03168440479785204
237,26,1000,3,3.66,2,-0.03168376757204533
237,27,1000,4,7.71,3,-0.03168419822305441
237,28,121,4,10.09,2,-0.03168348364593569
237,29,156,6,10.0,1,-0.03168385153493056
237,30,1000,4,9.76,3,-0.03168396710604429
237,31,135,6,10.03,3,-0.031684204356537925
237,32,100,3,10.02,3,-0.03168350130319595
237,33,105,3,10.07,5,-0.03168367395798365
237,34,109,2,10.0,12,-0.03168494934472469
237,35,507,4,10.0,4,-0.03168484195332085
237,36,111,4,10.04,4,-0.031684685733404244
237,37,117,4,10.03,3,-0.031683399827561826
237,38,127,4,10.07,5,-0.031682515355545705
237,39,117,5,10.06,3,-0.031682675210838646
237,40,1000,3,3.54,2,-0.031681725073605775
237,41,1000,2,4.75,7,-0.03168162940070033
237,42,263,4,10.0,4,-0.03168157122660952
237,43,834,5,10.0,3,-0.031682111255878165
237,44,119,3,10.03,4,-0.03168175178540855
237,45,129,4,10.04,4,-0.03168180252808009
237,46,108,3,10.06,6,-0.031681586401882
237,47,116,5,10.02,3,-0.03168269609711293
237,48,125,5,10.08,3,-0.03168326392769814
237,49,1000,4,7.93,3,-0.03168265806883574
237,50,1000,5,9.25,2,-0.03168393671140075
237,51,113,5,10.07,2,-0.0316844767833178
237,52,121,4,10.05,12,-0.031684797565060215
237,53,122,4,10.01,3,-0.03168416035468461
237,54,112,3,10.03,7,-0.03168409121488886
237,55,1000,4,6.85,3,-0.031684108011424544
237,56,1000,3,6.46,2,-0.03168410347774625
238,1,1000,3,5.01,3,-0.06409483136236668
238,2,1000,3,4.79,2,-0.06409522997587919
238,3,1000,4,7.67,3,-0.06409585589170456
238,4,1000,3,4.39,3,-0.06409596356749535
238,5,1000,3,4.19,3,-0.06409601345658303
238,6,1000,2,3.0,3,-0.0640960508659482
238,7,1000,3,5.26,6,-0.0640957531183958
238,8,1000,3,4.96,3,-0.06409540213644505
238,9,1000,3,4.32,3,-0.06409503747522831
238,10,961,5,10.0,2,-0.06409491323376545
238,11,1000,5,5.1,2,-0.06409470368921756
238,12,1000,4,3.9,3,-0.06409522651135921
238,13,1000,2,3.05,3,-0.06409443955123424
238,14,1000,3,3.6,3,-0.06409377875179052
238,15,143,4,10.09,7,-0.06409387113331082
238,16,109,4,10.02,1,-0.06409309237101755
238,17,1000,4,6.33,1,-0.06409357845038176
238,18,126,5,10.01,1,-0.06409384499466608
238,19,1000,4,6.6,4,-0.06409394782781601
238,20,742,2,10.0,17,-0.06409426293564292
238,21,73,3,10.05,16,-0.06409481678107014
238,22,116,4,10.07,6,-0.0640950364799335
238,23,128,4,10.04,19,-0.06409457622794434
238,24,1000,3,9.56,3,-0.06409398304671049
238,25,122,3,10.02,16,-0.06409459060332814
238,26,153,4,10.03,3,-0.06409515231068617
238,27,1000,2,4.93,15,-0.06409494367986918
239,1,1000,3,5.01,3,0.09960374811291695
239,2,1000,3,4.76,3,0.09960374356806279
239,3,1000,4,4.86,3,0.0996035440042615
239,4,1000,4,3.84,3,0.09960315795987844
239,5,1000,3,3.56,2,0.09960298985987902
239,6,1000,3,5.2,5,0.09960336505621671
239,7,1000,3,5.71,6,0.09960401473939419
239,8,1000,3,6.17,7,0.09960418713092804
239,9,1000,4,8.56,11,0.099604432053864
239,10,1000,4,7.83,2,0.09960503116995097
239,11,138,4,10.0,5,0.09960604178300803
239,12,1000,4,4.66,1,0.09960643062740564
239,13,1000,4,6.57,1,0.09960859820246697
239,14,1000,3,6.32,3,0.0996065711826086
239,15,1000,3,4.33,1,0.09960748036950827
239,16,1000,3,5.14,1,0.0996083786636591
239,17,1000,3,4.05,1,0.09960846367478371
239,18,1000,3,5.49,2,0.09960842408239841
239,19,1000,2,4.92,13,0.09960895443707704
239,20,1000,2,4.85,13,0.09960902249813079
239,21,108,3,10.05,3,0.09960544185230026
239,22,149,3,10.0,12,0.09960733029066317
239,23,1000,2,3.04,2,0.09960659874230623
239,24,1000,2,3.43,2,0.09960761800408363
239,25,1000,2,3.4,2,0.09960841006785631
239,26,1000,1,2.85,4,0.09960963032394647
239,27,1000,1,2.73,3,0.09961067603528499
239,28,1000,1,2.79,3,0.09961050714552402
239,29,1000,1,2.77,3,0.09960806373506785
239,30,1000,3,3.67,3,0.09960934057831765
239,31,1000,3,3.67,3,0.09961067113280296
239,32,1000,2,2.82,1,0.0996115746498108
239,33,1000,1,2.76,3,0.09961253585666419
239,34,1000,4,5.67,3,0.09961438558995724
239,35,1000,4,4.44,3,0.0996158212274313
239,36,1000,2,2.84,2,0.09962094119936228
239,37,1000,1,2.51,1,0.09962204098701477
239,38,1000,1,2.53,1,0.0996226966381073
239,39,1000,1,2.51,1,0.09962447732686996
239,40,1000,2,2.66,1,0.09962501376867294
239,41,1000,2,2.66,1,0.0996277928352356
239,42,1000,2,2.64,1,0.09962945431470871
240,1,1000,3,5.16,3,-0.00357149641122669
240,2,1000,3,3.62,2,-0.0035714968834072353
240,3,1000,2,3.26,3,-0.003571621966548264
240,4,1000,2,3.35,2,-0.0035716260420158505
240,5,1000,2,2.97,2,-0.003571404553949833
240,6,1000,1,2.79,4,-0.003570652491413057
240,7,1000,2,3.23,2,-0.0035706763109192253
240,8,1000,3,4.72,2,-0.0035702907061204315
240,9,1000,3,4.82,2,-0.0035699965534731746
240,10,1000,2,4.29,4,-0.0035708625484257937
240,11,1000,2,3.31,3,-0.0035708731235936284
240,12,1000,2,3.09,5,-0.003570696420967579
240,13,1000,3,3.81,3,-0.0035700469790026544
240,14,1000,2,3.88,5,-0.0035694796852767468
240,15,1000,2,3.59,2,-0.0035693917889147997
240,16,1000,2,3.01,2,-0.0035681428611278533
240,17,1000,2,3.57,4,-0.003567742972634733
240,18,1000,3,4.97,3,-0.0035682390416041016
240,19,1000,3,3.77,4,-0.003568205822259188
240,20,1000,1,2.82,4,-0.0035673243859782816
240,21,1000,1,2.61,2,-0.003567596036940813
240,22,1000,1,2.82,4,-0.0035674578500911594
240,23,1000,4,6.03,3,-0.00356708219088614
240,24,1000,2,3.8,3,-0.0035666395872831344
241,1,1000,3,5.06,3,-0.07090543799847364
241,2,1000,3,5.49,3,-0.07090534759312868
241,3,1000,4,6.3,3,-0.07090520600229502
241,4,1000,3,9.54,6,-0.07090525304526091
241,5,1000,3,5.28,3,-0.07090522251278163
241,6,1000,3,5.7,3,-0.07090517324954271
241,7,1000,3,3.93,3,-0.07090503726899623
241,8,1000,3,6.28,3,-0.0709048454388976
241,9,1000,3,3.72,2,-0.07090478896349668
241,10,1000,4,5.31,6,-0.07090483953803778
241,11,1000,4,8.85,5,-0.07090495164692402
241,12,156,4,10.06,8,-0.07090485855363883
241,13,1000,4,7.51,3,-0.07090522925555706
241,14,1000,3,6.26,3,-0.07090527082234621
241,15,1000,2,3.17,2,-0.07090547901391983
241,16,1000,3,6.4,4,-0.07090593703836202
241,17,1000,3,4.08,2,-0.07090601344406605
241,18,1000,3,4.99,4,-0.07090615335851908
241,19,1000,1,2.7,3,-0.07090640124678611
241,20,1000,2,3.88,3,-0.07090614411234855
241,21,1000,4,7.11,2,-0.07090624036639928
241,22,1000,4,7.51,5,-0.07090646011382341
241,23,1000,1,3.0,6,-0.07090679409354925
241,24,1000,1,3.0,6,-0.07090688844025135
241,25,1000,3,6.92,3,-0.07090687176585198
241,26,1000,3,5.37,7,-0.07090690114349127
241,27,1000,3,6.85,3,-0.07090691769868135
241,28,1000,3,3.81,1,-0.07090721370279789
241,29,1000,3,2.9,2,-0.07090739966928959
241,30,1000,3,4.14,6,-0.07090747620165348
241,31,1000,1,2.75,3,-0.07090766499936581
241,32,1000,1,2.9,5,-0.07090778790414333
241,33,1000,4,6.16,3,-0.07090770512074232
241,34,1000,4,6.75,3,-0.07090775478631257
241,35,1000,1,2.52,1,-0.07090797275304794
242,1,1000,3,5.03,3,0.14063381907343864
242,2,1000,3,4.91,3,0.14063309948146344
242,3,1000,3,3.73,2,0.140631965726614
242,4,1000,3,3.57,3,0.14063101610541343
242,5,1000,2,2.77,3,0.14063015031814574
242,6,1000,3,3.37,3,0.14062974059581757
242,7,1000,2,3.41,2,0.14062944304943084
242,8,1000,2,3.85,3,0.1406289204210043
242,9,1000,3,3.98,4,0.14062863256037236
242,10,1000,3,4.55,5,0.1406284898519516
242,11,1000,5,7.94,1,0.1406276944577694
242,12,1000,4,7.28,3,0.14062888249754907
242,13,138,4,10.07,4,0.14062875325697055
242,14,1000,4,9.1,2,0.14062883119285108
242,15,1000,4,8.33,1,0.1406289027184248
242,16,380,3,10.0,4,0.14062860690449414
242,17,119,5,10.06,4,0.14062937843699416
242,18,130,4,10.05,10,0.14063002719328954
242,19,142,3,10.0,7,0.14063005180845797
242,20,1000,1,2.79,3,0.14062948703765868
242,21,1000,3,8.11,2,0.14062889063358308
242,22,1000,3,6.64,5,0.1406288842409849
242,23,117,3,10.09,10,0.14062844038519084
242,24,110,4,10.06,3,0.1406282828612761
242,25,124,5,10.08,3,0.1406285922613836
243,1,1000,3,5.03,3,0.06998200960457325
243,2,1000,3,4.73,2,0.06998166354745626
243,3,1000,4,8.19,3,0.06998143406957388
243,4,1000,2,2.68,1,0.06998171710968018
243,5,1000,1,2.55,1,0.06998199224472046
243,6,1000,2,2.68,1,0.0699823949933052
243,7,1000,3,2.88,1,0.06998228276520968
243,8,1000,6,5.29,2,0.06998305264860391
243,9,126,5,10.07,5,0.06998362096529158
243,10,1000,4,3.69,1,0.06998379512876272
243,11,1000,2,2.7,1,0.06998382860422134
243,12,1000,2,2.71,1,0.06998420587182044
243,13,1000,2,2.71,1,0.06998397266864777
243,14,1000,2,2.7,1,0.06998395705223083
243,15,1000,3,3.99,1,0.0699840366691351
243,16,130,4,10.07,3,0.06998355652277287
243,17,150,5,10.01,1,0.06998422165711721
243,18,132,5,10.04,9,0.06998423571613702
243,19,209,5,10.02,5,0.0699848464944146
243,20,1000,3,4.12,6,0.06998472705483437
243,21,1000,3,4.68,4,0.06998489983379841
243,22,1000,5,5.4,2,0.0699851187467575
243,23,1000,4,8.38,2,0.06998383111506701
243,24,1000,4,5.91,1,0.06998359061777591
243,25,1000,3,3.15,1,0.06998401838541031
243,26,1000,2,6.04,8,0.06998422238975763
243,27,119,4,10.08,3,0.06998422416318364
243,28,123,5,10.05,4,0.06998408646360646
243,29,116,4,10.04,2,0.06998357536463902
243,30,1000,4,5.97,2,0.06998362345993518
243,31,404,5,10.0,3,0.06998331084994987
243,32,183,5,10.0,3,0.06998368772001215
243,33,1000,5,7.12,3,0.06998332427442074
243,34,1000,4,4.17,2,0.06998232851177454
243,35,1000,3,8.4,4,0.06998224183171987
243,36,1000,5,7.59,1,0.06998248177021742
243,37,1000,4,5.05,1,0.06998221168667078
243,38,118,5,10.04,3,0.06998229405637514
243,39,114,4,10.06,3,0.06998183519432419
243,40,132,6,10.08,3,0.06998213933724345
243,41,95,3,10.03,2,0.06998293156686582
243,42,126,3,10.05,6,0.0699823825723595
243,43,112,3,10.09,23,0.06998282564537865
243,44,122,4,10.05,4,0.06998345481811977
243,45,638,4,10.0,9,0.0699831790591482
243,46,183,6,10.07,3,0.0699833250029491
243,47,1000,2,3.77,1,0.06998445958644152
243,48,1000,3,5.71,6,0.06998420675098896
243,49,1000,2,5.47,6,0.06998445355892181
243,50,756,2,10.0,15,0.06998520903289318
243,51,1000,1,3.17,8,0.06998525172472
244,1,1000,3,5.14,3,0.11790880310535432
244,2,1000,3,3.94,2,0.11790869735181332
244,3,1000,3,3.69,2,0.11790836417675019
244,4,1000,2,2.95,2,0.11790809099376201
244,5,1000,2,3.16,2,0.11790782851725817
244,6,1000,3,4.96,3,0.11790753462910653
244,7,1000,1,2.57,2,0.11790738996863365
244,8,1000,2,2.98,2,0.1179069537743926
244,9,1000,2,3.93,2,0.11790676993876696
244,10,144,4,10.05,2,0.11790657229721546
244,11,1000,4,7.26,6,0.11790615466237069
244,12,1000,1,2.9,5,0.11790597078204156
244,13,1000,2,3.18,2,0.11790542244166136
244,14,1000,4,3.17,3,0.11790502565354109
244,15,1000,4,7.21,1,0.11790490052849055
244,16,1000,4,6.42,2,0.11790449938178063
244,17,1000,3,4.3,4,0.11790410213172436
244,18,1000,3,3.38,1,0.11790367307513952
244,19,1000,1,2.6,2,0.11790267134457827
244,20,1000,1,2.79,4,0.11790200579911471
244,21,1000,1,3.09,7,0.11790107076615094
244,22,1000,2,3.52,2,0.11790112034231424
244,23,1000,3,3.34,2,0.11790016109496355
244,24,1000,2,3.54,3,0.11789987372606993
244,25,1000,3,5.0,4,0.11790031622350215
244,26,1000,4,3.57,1,0.11789934985339641
244,27,1000,2,2.7,2,0.11789822082221509
245,1,1000,3,5.12,3,0.03793983900547027
245,2,1000,3,3.71,2,0.03794018309563398
245,3,1000,3,4.1,2,0.03794042093679309
245,4,1000,1,2.68,3,0.037940390691161154
245,5,1000,2,3.56,3,0.03794020383059978
245,6,1000,2,4.75,5,0.037939765967428686
245,7,138,5,10.04,4,0.03793915401658286
245,8,1000,5,8.43,2,0.037939348950982096
245,9,1000,3,3.56,3,0.0379390523545444
245,10,1000,3,4.55,2,0.03793883090466261
245,11,1000,2,5.44,4,0.03793891490995884
245,12,1000,2,3.6,1,0.037938632402569054
245,13,1000,3,4.79,1,0.037938961539417504
245,14,145,5,10.01,8,0.037938690442463445
245,15,978,6,10.0,3,0.03793953077254364
245,16,1000,4,9.22,10,0.037939615055918696
245,17,102,3,10.02,1,0.03793810026756689
245,18,1000,3,6.78,1,0.03793728074803948
245,19,129,5,10.02,3,0.037937004754478615
245,20,124,4,10.02,3,0.037936309322474465
245,21,1000,3,9.45,3,0.03793608217313886
245,22,131,4,10.01,3,0.03793565459720051
245,23,1000,2,4.59,4,0.03793525417149067
245,24,1000,2,6.04,14,0.037935523349791764
245,25,124,3,10.08,23,0.03793541326998703
245,26,101,3,10.09,4,0.03793500190471659
245,27,1000,3,10.0,2,0.03793472296372056
245,28,1000,3,8.28,5,0.03793435279652476
245,29,111,3,10.09,3,0.03793387313012604
245,30,110,3,10.06,3,0.03793373754756017
245,31,1000,1,3.76,14,0.037932732377201316
246,1,1000,3,5.09,3,0.14197203950583934
246,2,1000,3,3.55,2,0.14197115311026573
246,3,1000,3,5.51,2,0.14197020308673383
246,4,1000,3,4.78,2,0.1419694000929594
246,5,1000,3,5.17,3,0.1419689849615097
246,6,1000,2,4.13,6,0.1419681590050459
246,7,1000,2,3.27,3,0.14196859954297542
246,8,1000,2,3.49,4,0.14196811001002788
246,9,1000,2,2.98,2,0.14196801728010178
246,10,1000,2,3.29,3,0.1419676814675331
246,11,1000,2,3.27,3,0.14196702241897582
246,12,1000,3,3.37,1,0.14196687738597394
246,13,1000,4,4.11,3,0.14196674898266792
246,14,112,3,10.03,5,0.1419664823583194
246,15,1000,4,4.4,1,0.1419646296799183
246,16,1000,4,6.12,2,0.14196420727670192
246,17,1000,1,3.1,7,0.1419665675163269
246,18,1000,3,4.66,3,0.1419654698818922
246,19,1000,2,3.23,2,0.14196566835045815
246,20,1000,1,2.79,4,0.141966864913702
246,21,1000,1,2.71,3,0.14196647429466247
246,22,1000,2,5.22,5,0.1419676311016083
246,23,537,4,10.0,3,0.14196773145340896
246,24,1000,3,6.26,5,0.1419673790037632
246,25,141,5,10.05,1,0.14196785523536357
246,26,159,5,10.04,2,0.14196804184583747
246,27,1000,5,4.36,2,0.14196713526546956
246,28,1000,3,3.59,3,0.14196608662605287
246,29,146,6,10.03,4,0.14196554806134473
246,30,1000,3,6.48,3,0.14196494521200656
246,31,1000,2,4.23,2,0.14196532320976257
246,32,208,5,10.03,6,0.1419654361760387
246,33,1000,5,5.14,2,0.1419652974754572
246,34,1000,2,4.14,3,0.14196533845365047
246,35,1000,1,3.0,6,0.14196562245488167
246,36,1000,1,2.64,2,0.14196514274179936
246,37,1000,1,2.81,4,0.14196493677794933
246,38,1000,1,2.81,4,0.14196479108929633
246,39,1000,1,2.81,4,0.14196359564363956
246,40,1000,4,9.16,5,0.1419629069119692
246,41,1000,4,7.77,3,0.1419630770087242
246,42,1000,1,2.71,3,0.1419627633392811
246,43,1000,3,3.52,2,0.14196379417181015
246,44,1000,1,2.81,4,0.14196488009393216
246,45,1000,1,2.64,2,0.14196496284008026
246,46,1000,2,3.32,3,0.14196362936496734
246,47,1000,3,7.51,4,0.14196392905712127
246,48,1000,2,2.99,1,0.14196412974596023
247,1,1000,3,5.09,3,-0.010235588364303112
247,2,1000,3,5.98,3,-0.010235612019896508
247,3,1000,4,7.04,3,-0.010235622271895409
247,4,836,5,10.0,3,-0.010235692574932245
247,5,768,5,10.0,3,-0.010235641234127494
247,6,140,4,10.01,3,-0.010235333149986607
247,7,144,5,10.03,3,-0.010234386867119206
247,8,534,3,10.0,10,-0.010234680291865202
247,9,1000,3,7.26,4,-0.010234504003077745
247,10,1000,3,7.89,2,-0.010233950573951005
247,11,110,3,10.04,6,-0.010233505375005982
247,12,1000,3,4.72,2,-0.010233435217291116
247,13,1000,3,3.76,1,-0.01023291426897049
247,14,1000,3,3.86,2,-0.010232000559568405
247,15,1000,3,5.2,2,-0.01023060942441225
247,16,1000,3,5.31,2,-0.01022983504459262
247,17,1000,1,2.66,2,-0.010230371687561274
247,18,1000,1,2.74,3,-0.010230707164853811
247,19,1000,1,2.72,3,-0.010229866825044155
247,20,1000,1,2.56,1,-0.010229283012449741
247,21,1000,1,2.75,3,-0.010228901986032725
248,1,1000,3,5.1,3,-0.06453393173962832
248,2,1000,3,4.78,3,-0.0645315839573741
248,3,1000,3,3.51,3,-0.06452997410297394
248,4,1000,3,3.22,3,-0.06452938747406006
248,5,1000,2,2.78,2,-0.06452812841534615
248,6,1000,2,3.38,5,-0.06452691019326448
248,7,1000,2,3.12,1,-0.06452544412016868
248,8,1000,4,5.2,5,-0.06452423026412725
248,9,1000,4,4.42,1,-0.06452311132848262
248,10,1000,4,4.1,3,-0.06452283115684986
248,11,1000,4,4.13,3,-0.06452233477681875
248,12,1000,4,4.14,3,-0.0645209710970521
248,13,1000,4,3.58,2,-0.06452016924321652
248,14,1000,3,3.0,1,-0.06451969332993031
248,15,1000,4,5.06,4,-0.06451907640695571
248,16,1000,5,5.2,3,-0.0645171895623207
248,17,1000,4,4.48,3,-0.06451622039079666
248,18,1000,2,2.95,3,-0.06451446105539799
248,19,1000,3,5.82,6,-0.06451373274624347
248,20,186,4,10.0,4,-0.06451261095622535
248,21,1000,3,5.76,6,-0.06451071546971798
248,22,1000,3,5.26,5,-0.0645095366090536
248,23,153,5,10.03,5,-0.06450820772671233
248,24,1000,5,7.91,3,-0.06451285284757614
248,25,1000,5,7.54,3,-0.06451188083738088
248,26,284,5,10.07,3,-0.06450722447898187
248,27,706,5,10.0,3,-0.0645044618325767
248,28,128,5,10.06,5,-0.06450347451027483
248,29,1000,5,6.97,2,-0.06449710657447577
248,30,192,5,10.01,5,-0.0644942552704985
248,31,1000,5,5.47,3,-0.0644933959543705
248,32,1000,4,3.94,2,-0.06448967863619327
248,33,1000,3,3.02,1,-0.0644864205121994
248,34,1000,3,3.07,1,-0.06448446574807166
248,35,1000,3,2.99,1,-0.06448780871927738
248,36,1000,3,4.26,3,-0.06448839026689529
248,37,1000,2,3.58,3,-0.06448999898135663
248,38,1000,3,8.36,9,-0.06448526112735271
248,39,1000,2,6.24,10,-0.06449201439321041
248,40,1000,2,2.95,1,-0.06449021577835083
248,41,1000,2,2.91,1,-0.06448877364397049
248,42,1000,2,2.93,1,-0.06448841454833745
249,1,1000,3,5.06,3,-0.07994813035428525
249,2,1000,3,4.7,3,-0.07994692609459161
249,3,1000,3,3.72,2,-0.0799461622312665
249,4,1000,2,3.57,4,-0.07994586113095284
249,5,1000,1,2.76,4,-0.07994545961916447
249,6,1000,2,3.3,3,-0.07994585859030486
249,7,1000,2,3.39,2,-0.07994569846987724
249,8,1000,2,3.55,4,-0.07994580594450236
249,9,1000,2,4.67,8,-0.07994570452719926
249,10,1000,1,3.17,8,-0.07994554363191128
249,11,1000,2,3.85,5,-0.07994590847939252
249,12,1000,2,4.21,5,-0.07994532042741775
249,13,1000,2,3.28,3,-0.07994514416903258
249,14,1000,1,2.63,2,-0.07994543793797493
249,15,1000,1,2.88,5,-0.07994574316591024
249,16,1000,1,2.98,6,-0.07994617882370948
249,17,1000,1,3.15,8,-0.07994605945795774
249,18,169,4,10.04,4,-0.07994604617709944
249,19,1000,6,8.58,3,-0.07994616122543811
249,20,211,5,10.08,2,-0.07994623990702968
249,21,1000,5,9.68,2,-0.07994596641510725
249,22,1000,4,2.95,1,-0.07994612126797437
249,23,1000,6,7.89,1,-0.07994655533879995
249,24,1000,4,7.96,6,-0.07994630132615567
249,25,1000,3,9.47,4,-0.07994636068493127
249,26,336,2,10.0,6,-0.07994593019109397
249,27,467,3,10.0,3,-0.07994568923875148
249,28,1000,3,8.63,6,-0.07994505836069583
249,29,1000,2,6.53,4,-0.0799445946663618
249,30,238,3,10.0,7,-0.07994461516622736
249,31,131,3,10.07,3,-0.07994475761670193
249,32,111,3,10.1,2,-0.07994519966142671
249,33,1000,2,4.77,6,-0.07994488759338855
249,34,115,4,10.05,3,-0.07994534807360691
249,35,1000,3,3.67,3,-0.0799451558738947
250,1,1000,3,5.13,3,0.06938762816786766
250,2,1000,3,3.81,3,0.06938762149214744
250,3,1000,3,4.87,2,0.06938765620440245
250,4,1000,3,5.23,3,0.06938779550045729
250,5,1000,2,4.31,5,0.0693880228176713
250,6,1000,3,7.28,3,0.06938880392163992
250,7,1000,3,8.38,3,0.06938921128213406
250,8,843,3,10.0,5,0.06938886059136577
250,9,1000,4,6.35,3,0.06939024036377668
250,10,141,3,10.06,4,0.06939126355639587
250,11,1000,2,3.38,2,0.06939244371652603
250,12,1000,2,5.37,5,0.06939260613173247
250,13,710,3,10.0,3,0.06939275236406796
250,14,1000,3,6.05,2,0.06939403804391622
250,15,112,3,10.05,4,0.06939450897542494
250,16,1000,3,3.04,1,0.06939566408842802
250,17,351,3,10.0,7,0.06939528612924098
250,18,1000,3,4.29,2,0.06939512009173632
250,19,1000,3,8.94,4,0.0693946631103754
250,20,1000,1,2.63,2,0.06939424876868724
251,1,1000,3,5.2,3,0.06840923402458429
251,2,1000,3,5.4,3,0.06840920118242502
251,3,1000,4,3.74,1,0.06840930317342281
251,4,1000,3,3.92,1,0.06840933804214001
251,5,1000,2,3.29,1,0.06840922376513481
251,6,1000,4,7.31,5,0.06840941207110882
251,7,1000,3,4.18,1,0.06840941090881825
251,8,1000,3,4.16,1,0.0684095125347376
251,9,1000,3,4.2,2,0.0684093799740076
251,10,111,4,10.0,3,0.06840899076547709
251,11,136,3,10.0,10,0.06840912181445781
251,12,140,3,10.07,3,0.06840837177421366
251,13,1000,3,6.95,3,0.06840835130214691
251,14,156,5,10.02,2,0.06840860719482104
251,15,1000,4,5.56,3,0.06840831404924393
251,16,1000,4,5.08,2,0.06840811406821012
251,17,1000,2,4.26,6,0.06840766748785973
251,18,1000,2,3.27,2,0.06840733764320613
251,19,1000,2,3.15,2,0.06840709459781646
251,20,1000,3,8.15,3,0.06840662156045436
251,21,1000,2,3.31,2,0.06840661086142064
251,22,1000,2,2.74,1,0.06840614229440689
252,1,1000,3,5.1,3,0.053445461183786395
252,2,1000,3,6.0,3,0.053445192359387876
252,3,1000,4,9.31,4,0.05344539170712233
252,4,1000,4,7.46,3,0.05344539085030556
252,5,1000,4,5.8,2,0.05344605361670256
252,6,1000,4,5.77,2,0.05344622826576233
252,7,1000,4,9.22,3,0.05344564574956894
252,8,1000,3,4.02,3,0.05344574323296547
252,9,1000,3,6.68,5,0.05344694156199694
252,10,1000,4,7.36,3,0.05344720649346709
252,11,118,4,10.03,3,0.05344770706684913
252,12,1000,4,8.54,3,0.053448090266436335
252,13,1000,4,6.45,3,0.05344846045970917
252,14,1000,4,6.61,3,0.05344859123602509
252,15,1000,4,6.03,3,0.05345023180544376
252,16,349,5,10.06,3,0.05345173213193273
252,17,1000,5,9.83,1,0.05345184187218547
252,18,107,4,10.07,1,0.0534524868860423
252,19,127,4,10.04,13,0.053453098014583734
252,20,1000,2,7.62,5,0.05345346762239933
252,21,111,3,10.02,6,0.05345351869861285
252,22,706,3,10.0,1,0.05345359094250979
252,23,129,5,10.09,1,0.05345413383356361
252,24,1000,2,2.78,1,0.053453951701521875
252,25,1000,3,6.18,3,0.053454132046550515
252,26,1000,1,2.59,2,0.05345477219671011
253,1,1000,3,5.1,3,-0.15809393620491027
253,2,1000,3,4.2,3,-0.15809409289062024
253,3,1000,3,4.94,2,-0.15809412710368634
253,4,1000,4,3.79,1,-0.1580940728932619
253,5,1000,3,3.39,1,-0.15809413558244706
253,6,1000,4,5.63,1,-0.15809448784589766
253,7,1000,4,5.35,1,-0.15809490306675433
253,8,1000,4,4.8,1,-0.15809521383047104
253,9,1000,5,9.24,1,-0.1580954754203558
253,10,1000,5,9.39,1,-0.15809568487107753
253,11,649,5,10.0,1,-0.15809577574898906
253,12,188,5,10.07,1,-0.15809618681669235
253,13,181,5,10.02,1,-0.15809688787104675
253,14,1000,4,5.37,1,-0.15809739001095294
253,15,1000,4,5.46,1,-0.15809796503186227
253,16,1000,4,5.38,1,-0.15809879983961583
253,17,1000,4,5.37,1,-0.15809958949685096
253,18,1000,4,5.45,1,-0.15810042101144792
253,19,1000,4,5.43,1,-0.15810132431983948
253,20,1000,4,5.43,1,-0.15810198602080344
253,21,1000,4,5.42,1,-0.15810272952914237
253,22,1000,4,5.43,1,-0.15810333386063577
253,23,1000,4,5.4,1,-0.15810416704416275
253,24,1000,4,5.38,1,-0.15810486754775047
253,25,1000,4,5.4,1,-0.158105511829257
253,26,1000,4,5.46,1,-0.15810604897141456
253,27,1000,4,5.43,1,-0.15810670341551303
253,28,1000,4,5.43,1,-0.15810729573667048
253,29,1000,4,5.4,1,-0.1581080625653267
253,30,1000,4,5.45,1,-0.15810861498117446
253,31,1000,4,5.4,1,-0.15810916157066823
253,32,1000,4,5.44,1,-0.15810985167324543
253,33,1000,4,5.37,1,-0.15811038096249103
253,34,1000,4,5.42,1,-0.15811096689105034
253,35,1000,4,5.42,1,-0.15811163298785685
253,36,1000,4,5.51,1,-0.15811221462488173
253,37,1000,4,5.42,1,-0.1581129505485296
253,38,1000,4,5.41,1,-0.15811346973478793
253,39,1000,4,5.48,1,-0.15811415633559228
253,40,1000,4,5.43,1,-0.15811468932032585
253,41,1000,4,5.41,1,-0.15811512464284896
253,42,1000,4,5.43,1,-0.1581154960691929
253,43,1000,4,5.5,1,-0.15811603119969367
253,44,1000,4,5.43,1,-0.15811658231914044
253,45,1000,4,5.42,1,-0.1581169774532318
253,46,1000,4,5.44,1,-0.15811744910478592
253,47,1000,4,5.4,1,-0.15811782078444958
253,48,1000,4,5.46,1,-0.1581186245828867
253,49,1000,4,5.42,1,-0.1581191552132368
253,50,1000,4,5.44,1,-0.15811980691552163
253,51,1000,4,5.49,1,-0.158120351344347
253,52,1000,4,5.4,1,-0.15812103992700577
253,53,1000,4,5.38,1,-0.15812145273387432
253,54,1000,4,5.47,1,-0.15812193834781646
253,55,1000,4,5.45,1,-0.15812248992919922
253,56,1000,4,5.47,1,-0.15812341268360613
253,57,1000,4,5.41,1,-0.15812384876608848
253,58,1000,4,5.44,1,-0.15812429697811603
253,59,1000,4,5.41,1,-0.15812488889694215
253,60,1000,4,5.48,1,-0.1581252187937498
253,61,1000,4,5.43,1,-0.15812585796415807
253,62,1000,4,5.4,1,-0.15812613402307032
253,63,1000,4,5.46,1,-0.15812653057277204
253,64,1000,4,5.42,1,-0.15812722155451775
253,65,1000,4,5.35,1,-0.1581276434957981
253,66,1000,4,5.4,1,-0.1581282960176468
253,67,1000,4,5.39,1,-0.1581286409199238
253,68,1000,4,5.39,1,-0.15812881848216057
253,69,1000,4,5.44,1,-0.15812945061922073
253,70,1000,4,5.45,1,-0.15813012281060218
253,71,1000,4,5.35,1,-0.1581305645108223
253,72,1000,4,5.47,1,-0.15813114009797574
253,73,1000,4,5.44,1,-0.15813143286108972
253,74,1000,4,5.43,1,-0.15813179804384708
253,75,1000,4,5.49,1,-0.1581323602348566
253,76,1000,4,5.43,1,-0.1581331048309803
253,77,1000,4,5.42,1,-0.1581338709592819
253,78,1000,4,5.42,1,-0.15813448764383792
253,79,1000,4,5.38,1,-0.15813461124897002
253,80,1000,4,5.4,1,-0.15813496333360672
253,81,1000,4,5.41,1,-0.158135208979249
253,82,1000,4,5.37,1,-0.15813560317456724
253,83,1000,4,5.44,1,-0.15813616433739663
253,84,1000,4,5.41,1,-0.15813657055795194
253,85,1000,4,5.44,1,-0.15813662980496884
253,86,1000,4,5.44,1,-0.15813725277781487
253,87,1000,4,5.36,1,-0.15813768483698368
253,88,1000,4,5.45,1,-0.1581378686130047
253,89,1000,4,5.48,1,-0.15813849349319936
253,90,1000,4,5.44,1,-0.15813855527341367
253,91,1000,4,5.43,1,-0.15813894979655743
253,92,1000,4,5.49,1,-0.1581394226849079
253,93,1000,4,5.47,1,-0.15813967569172382
253,94,1000,4,5.43,1,-0.1581403780132532
253,95,1000,4,5.47,1,-0.15814060731232166
253,96,1000,4,5.42,1,-0.1581407888829708
253,97,1000,4,5.4,1,-0.158141504496336
253,98,1000,4,5.4,1,-0.15814182536303997
253,99,1000,4,5.41,1,-0.158142156586051
253,100,1000,4,5.43,1,-0.15814233972132205
253,101,1000,4,5.44,1,-0.15814238871634007
253,102,1000,4,5.45,1,-0.15814238867163657
253,103,1000,4,5.43,1,-0.1581426860690117
253,104,1000,4,5.39,1,-0.15814321902394296
253,105,1000,4,5.43,1,-0.15814336591959
253,106,1000,4,5.42,1,-0.15814361701905727
253,107,1000,4,5.41,1,-0.1581434886753559
253,108,1000,4,5.4,1,-0.1581437302082777
253,109,1000,4,5.41,1,-0.1581442202627659
253,110,1000,4,5.42,1,-0.15814434365928173
253,111,1000,4,5.38,1,-0.15814436708390714
253,112,1000,4,5.42,1,-0.15814472690224649
253,113,1000,4,5.38,1,-0.15814509889483452
253,114,1000,4,5.47,1,-0.15814551036059857
253,115,1000,4,5.47,1,-0.15814556489884854
253,116,1000,4,5.43,1,-0.1581458698809147
253,117,1000,4,5.42,1,-0.15814599373936652
253,118,1000,4,5.41,1,-0.1581461490392685
253,119,1000,4,5.38,1,-0.15814635983109473
253,120,1000,4,5.51,1,-0.1581462939977646
253,121,1000,4,5.45,1,-0.15814668792486192
253,122,1000,4,5.48,1,-0.15814671924710275
253,123,1000,4,5.48,1,-0.1581470465362072
253,124,1000,4,5.48,1,-0.15814702102541925
253,125,1000,4,5.43,1,-0.1581472041606903
253,126,1000,4,5.48,1,-0.15814730738103389
253,127,1000,4,5.43,1,-0.15814750617742537
253,128,1000,4,5.46,1,-0.1581477979272604
253,129,1000,4,5.5,1,-0.1581479471474886
253,130,1000,4,5.42,1,-0.1581477352231741
253,131,1000,4,5.43,1,-0.15814817433059217
253,132,1000,4,5.41,1,-0.15814812587201596
253,133,1000,4,5.38,1,-0.1581484306305647
253,134,1000,4,5.39,1,-0.158148431122303
253,135,1000,4,5.42,1,-0.15814808139204978
253,136,1000,4,5.45,1,-0.1581483580619097
253,137,1000,4,5.51,1,-0.15814880156517028
253,138,1000,4,5.45,1,-0.15814913415908813
253,139,1000,4,5.44,1,-0.15814960025250913
253,140,1000,4,5.41,1,-0.15814967177808284
253,141,1000,4,5.46,1,-0.1581495372503996
253,142,1000,4,5.46,1,-0.1581497540175915
253,143,1000,4,5.44,1,-0.15814967401325702
253,144,1000,4,5.44,1,-0.15814995586872102
253,145,1000,4,5.53,1,-0.15815025036036967
253,146,1000,4,5.5,1,-0.15815030965209007
253,147,1000,4,5.51,1,-0.15815036208927633
253,148,1000,4,5.53,1,-0.15815041534602642
253,149,1000,4,5.5,1,-0.1581505306214094
253,150,1000,4,5.56,1,-0.15815084293484688
253,151,1000,4,5.51,1,-0.1581507997214794
253,152,1000,4,5.56,1,-0.15815109039843084
253,153,1000,4,5.48,1,-0.15815113830566407
253,154,1000,4,5.53,1,-0.15815090502798557
253,155,1000,4,5.58,1,-0.15815124084055424
253,156,1000,4,5.5,1,-0.15815133476257323
253,157,1000,4,5.52,1,-0.1581519010514021
253,158,1000,4,5.52,1,-0.1581518593132496
253,159,1000,4,5.66,1,-0.1581521343588829
253,160,1000,4,5.62,1,-0.15815201488137245
253,161,1000,4,5.65,1,-0.15815218202769757
253,162,1000,4,5.59,1,-0.158152056068182
253,163,1000,4,5.52,1,-0.1581523211300373
253,164,1000,4,5.76,1,-0.15815249176323415
253,165,1000,4,5.68,1,-0.15815288631618024
253,166,1000,4,5.72,1,-0.158152737647295
253,167,1000,4,5.64,1,-0.15815288510918618
253,168,1000,4,5.73,1,-0.15815293791890145
253,169,1000,4,5.8,1,-0.15815291681885718
253,170,1000,4,5.54,1,-0.1581527599543333
253,171,1000,4,5.72,1,-0.15815314555168153
253,172,1000,4,5.69,1,-0.15815346737205982
253,173,1000,4,5.53,1,-0.15815348887443542
253,174,1000,4,5.71,1,-0.1581535945534706
253,175,1000,4,5.73,1,-0.15815423353016375
253,176,1000,4,5.59,1,-0.15815414537489414
253,177,1000,4,5.74,1,-0.15815476098656656
253,178,1000,4,5.73,1,-0.1581546723395586
253,179,1000,4,5.69,1,-0.15815436792373658
253,180,1000,4,5.7,1,-0.15815418931841851
253,181,1000,4,5.76,1,-0.15815413719415664
253,182,1000,4,5.77,1,-0.15815391604602336
253,183,1000,4,5.81,1,-0.158154178455472
253,184,1000,4,5.72,1,-0.1581539414227009
253,185,1000,4,5.73,1,-0.15815392945706844
253,186,1000,4,5.8,1,-0.15815389320254325
253,187,1000,4,5.82,1,-0.15815414303541184
253,188,1000,4,5.73,1,-0.15815401977300644
253,189,1000,4,5.7,1,-0.15815420016646387
253,190,1000,4,5.77,1,-0.15815404087305068
253,191,1000,4,5.73,1,-0.1581539047807455
253,192,1000,4,5.67,1,-0.15815380816161634
253,193,1000,4,5.72,1,-0.15815364937484264
253,194,1000,4,5.72,1,-0.1581533672362566
253,195,1000,4,5.68,1,-0.15815331052243708
253,196,1000,4,5.71,1,-0.15815359792113304
253,197,1000,4,5.68,1,-0.15815366588532925
253,198,1000,4,5.72,1,-0.1581535646766424
253,199,1000,4,5.76,1,-0.1581533560305834
254,1,1000,3,5.11,3,-0.06046921984478831
254,2,1000,3,3.2,2,-0.06046868982538581
254,3,1000,3,3.34,2,-0.060468429785221815
254,4,1000,3,4.1,2,-0.060468570861965415
254,5,1000,3,5.65,5,-0.06046906996518373
254,6,1000,3,3.13,3,-0.060469286136329174
254,7,1000,3,4.84,2,-0.060469403073191645
254,8,1000,4,4.2,1,-0.06046981646493077
254,9,1000,4,8.5,5,-0.06046971154585481
254,10,1000,4,3.67,1,-0.06047012597322464
254,11,1000,1,2.77,4,-0.0604714334346354
254,12,1000,1,2.87,5,-0.06047249654680491
254,13,1000,2,5.1,4,-0.06047398996725679
254,14,1000,2,3.02,4,-0.06047359573096037
254,15,1000,2,3.04,2,-0.060473049633204934
254,16,1000,1,2.59,2,-0.06047439896315336
254,17,1000,1,2.74,3,-0.060474570881575346
254,18,1000,1,2.78,4,-0.06047600886970758
254,19,1000,1,2.93,5,-0.060476325381547215
254,20,1000,1,2.81,4,-0.060476763799786566
254,21,1000,5,9.25,3,-0.06047739317268133
254,22,1000,3,6.19,3,-0.06048028479143977
254,23,241,6,10.04,3,-0.06048066354515147
254,24,1000,4,4.31,2,-0.06047845359891653
254,25,1000,4,7.41,4,-0.06047759253904223
254,26,1000,2,3.33,3,-0.060478253580629825
254,27,1000,2,4.62,3,-0.06048043631762266
254,28,1000,2,3.35,2,-0.06048090219125152
254,29,1000,3,3.71,2,-0.0604811640009284
254,30,1000,1,2.61,2,-0.06048207214474678
255,1,1000,3,5.34,3,-0.10130258931219578
255,2,1000,3,5.73,3,-0.10130281365662813
255,3,1000,4,8.97,5,-0.10130299942940474
255,4,1000,4,7.64,3,-0.10130327569693327
255,5,1000,3,5.7,2,-0.10130272880196571
255,6,843,3,10.0,5,-0.10130253773567091
255,7,1000,3,8.85,4,-0.10130219304561615
255,8,1000,3,8.34,3,-0.1013021802380681
255,9,526,4,10.0,4,-0.10130176247016105
255,10,1000,3,7.7,6,-0.10130130406469107
255,11,1000,3,7.33,3,-0.10130139369517564
255,12,862,4,10.0,6,-0.1013008354711422
255,13,350,3,10.0,5,-0.10130024467195783
255,14,1000,4,9.39,4,-0.10130033891648055
255,15,300,4,10.01,3,-0.10129994064569474
255,16,1000,3,6.22,3,-0.1012993156760931
255,17,1000,3,4.56,2,-0.10129906379431486
255,18,1000,3,8.18,5,-0.10129857563227415
255,19,1000,3,4.87,2,-0.10129790703952313
255,20,1000,3,5.31,3,-0.1012978701069951
255,21,1000,2,3.04,3,-0.10129828806966543
255,22,1000,3,4.88,2,-0.10129806988686323
255,23,1000,3,3.69,2,-0.10129799908399582
255,24,1000,3,4.06,3,-0.1012981624379754
255,25,1000,3,3.33,2,-0.10129802748560905
255,26,1000,3,4.89,5,-0.10129821805655956
255,27,1000,1,2.73,2,-0.10129816184937954
256,1,1000,3,5.04,3,-0.0826171960234642
256,2,1000,3,4.85,3,-0.08261765073984861
256,3,1000,3,6.04,3,-0.08261774158477783
256,4,1000,3,6.26,2,-0.08261768876761198
256,5,1000,3,4.56,1,-0.08261762827634811
256,6,1000,3,6.16,1,-0.08261761505901813
256,7,1000,3,7.57,1,-0.08261762499809265
256,8,1000,3,4.33,1,-0.08261740802973509
256,9,1000,3,4.19,1,-0.0826173198595643
256,10,1000,3,6.0,2,-0.08261731754988431
256,11,1000,3,9.19,2,-0.08261731665581465
256,12,1000,3,6.6,1,-0.08261738300323486
256,13,1000,3,3.7,1,-0.08261764169484377
256,14,598,3,10.0,7,-0.08261797732882277
256,15,1000,3,3.7,1,-0.08261798585951328
256,16,1000,3,8.48,2,-0.08261823000758886
256,17,96,3,10.02,7,-0.08261852711439133
256,18,184,4,10.04,3,-0.08261811441701392
256,19,1000,3,4.39,4,-0.08261829013377428
256,20,1000,4,4.37,1,-0.08261802944540977
256,21,1000,3,7.18,2,-0.08261819463968277
256,22,1000,3,6.85,2,-0.08261807630956174
256,23,131,3,10.04,8,-0.08261829461077698
256,24,1000,3,7.02,3,-0.08261846631020307
256,25,139,3,10.04,5,-0.08261880187465133
256,26,1000,3,7.11,2,-0.08261865400522947
256,27,139,3,10.04,7,-0.08261900518437941
256,28,1000,3,4.44,4,-0.08261889687925578
256,29,1000,3,6.16,3,-0.08261854180693626
256,30,1000,3,5.33,3,-0.08261911832541227
256,31,1000,2,3.33,3,-0.08261914198845625
256,32,117,3,10.02,4,-0.08261901127476977
256,33,1000,2,3.89,3,-0.08261896076053381
256,34,1000,2,3.86,3,-0.08261941584944725
256,35,115,4,10.02,3,-0.08261981101139731
256,36,1000,2,2.69,2,-0.08261990413814783
256,37,1000,2,2.92,3,-0.08262049153447151
256,38,1000,2,3.68,1,-0.08262039883434773
256,39,1000,3,5.88,3,-0.08262042022496462
256,40,1000,2,3.13,4,-0.08262035826593637
256,41,1000,1,2.73,3,-0.08262036368995905
256,42,1000,1,2.66,2,-0.08262071561068296
257,1,1000,3,5.12,3,0.0859357668235898
257,2,1000,3,6.14,3,0.08593679546564817
257,3,1000,5,9.14,3,0.08593749154359102
257,4,1000,4,5.95,3,0.0859378015473485
257,5,1000,4,8.43,3,0.08593839903920888
257,6,1000,4,7.74,3,0.08593868759274483
257,7,861,4,10.0,3,0.08593914562643751
257,8,1000,3,5.76,2,0.0859388868138194
257,9,1000,3,5.53,2,0.08593872399628162
257,10,1000,3,6.7,2,0.08593921690434217
257,11,108,3,10.08,2,0.08593912684807072
257,12,802,3,10.0,2,0.08593937337510009
257,13,109,4,10.05,2,0.08594007981479715
257,14,251,5,10.02,2,0.08593952011658376
257,15,1000,4,5.69,1,0.0859399971961975
257,16,1000,3,4.17,1,0.08593952797353267
257,17,105,5,10.01,1,0.08593964619295938
257,18,1000,5,8.47,1,0.08593915305286647
257,19,1000,3,6.77,3,0.08593969336152077
257,20,1000,3,3.88,2,0.08594086602330207
257,21,1000,4,4.22,2,0.0859415400698781
257,22,1000,4,3.76,4,0.08594186205416918
257,23,1000,2,9.13,4,0.08594243974983692
257,24,126,3,10.1,4,0.0859422997704574
257,25,1000,3,3.65,2,0.08594286765158177
257,26,1000,3,4.92,2,0.08594377432763577
257,27,1000,3,7.23,2,0.08594393350183964
257,28,1000,3,6.38,1,0.0859452688395977
257,29,1000,3,4.51,1,0.08594629713147879
257,30,1000,3,9.65,1,0.08594770398736
257,31,1000,4,6.18,1,0.08594896592199802
257,32,1000,4,8.78,2,0.08594907683134079
257,33,1000,3,4.53,1,0.08595067790150643
257,34,1000,3,5.03,1,0.08595208502560854
257,35,1000,4,7.24,2,0.085951726667583
257,36,1000,3,4.51,1,0.0859537206068635
257,37,1000,3,5.41,1,0.08595579638332128
257,38,1000,3,5.45,1,0.08595746001601219
257,39,1000,2,2.99,1,0.08596120185405016
257,40,1000,1,2.55,1,0.08596149832010269
258,1,1000,3,5.09,3,-0.1236469134837389
258,2,1000,3,5.14,3,-0.12364735621958971
258,3,1000,3,6.1,3,-0.12364789094030858
258,4,1000,3,7.14,3,-0.12364843762665988
258,5,1000,3,4.93,2,-0.12364890413731336
258,6,1000,3,6.08,3,-0.12364910972863435
258,7,1000,3,3.87,3,-0.1236489724740386
258,8,1000,2,2.77,1,-0.12364945083856582
258,9,1000,3,4.9,5,-0.1236494857519865
258,10,1000,3,3.79,2,-0.12364957066625357
258,11,1000,2,3.58,2,-0.1236490940824151
258,12,1000,3,6.28,4,-0.12364914985001087
258,13,1000,2,4.49,7,-0.12364933528006077
258,14,1000,2,3.9,5,-0.12364930408447981
258,15,1000,3,6.68,5,-0.12364877896755934
258,16,1000,3,5.57,3,-0.12364878562837839
258,17,1000,5,8.71,2,-0.1236488279774785
258,18,1000,4,3.95,1,-0.12364928253740072
258,19,1000,2,3.33,3,-0.12364864526689053
258,20,1000,5,7.47,1,-0.12364747204631567
258,21,1000,4,8.53,3,-0.12364750497043132
258,22,1000,5,9.61,3,-0.12364714348316193
258,23,124,5,10.07,6,-0.12364698712143206
258,24,1000,3,4.05,4,-0.1236450085490942
258,25,1000,5,7.46,4,-0.12364497591555118
258,26,131,5,10.01,3,-0.12364539560925869
258,27,841,3,10.0,3,-0.12364519578842147
258,28,1000,3,5.75,4,-0.12364390891045332
258,29,1000,3,3.93,5,-0.12364323333650827
258,30,1000,3,3.57,5,-0.12364341709762812
258,31,1000,3,5.74,5,-0.12364183949679136
258,32,1000,3,3.37,1,-0.12364255666732787
258,33,1000,3,3.45,1,-0.12364274641871452
258,34,1000,4,4.04,1,-0.1236430462449789
258,35,1000,4,4.08,1,-0.12364383454620838
258,36,1000,3,3.39,1,-0.12364596916735172
259,1,1000,3,5.14,3,-0.05978482228145003
259,2,1000,3,3.6,2,-0.05978473289310932
259,3,1000,3,5.48,3,-0.05978429313376546
259,4,1000,3,3.89,2,-0.059783543769270184
259,5,1000,2,3.21,4,-0.05978289021924138
259,6,1000,2,3.27,4,-0.059782733507454396
259,7,1000,2,2.79,2,-0.05978197291493416
259,8,1000,2,3.15,4,-0.059781784020364284
259,9,1000,2,2.81,2,-0.059780625749379396
259,10,1000,1,2.49,1,-0.0597798153758049
259,11,1000,3,3.12,1,-0.059780288767069575
259,12,1000,4,5.5,2,-0.05978168301656842
259,13,1000,5,5.22,3,-0.05978180467709899
259,14,1000,4,3.44,2,-0.05978226345032454
259,15,1000,3,2.97,1,-0.059782715145498516
259,16,1000,4,8.72,4,-0.0597832823805511
259,17,1000,3,4.87,3,-0.05978245961666107
259,18,1000,1,3.75,14,-0.059782100830227135
259,19,1000,2,3.26,3,-0.059781036004424096
259,20,1000,2,3.31,3,-0.05977975361049175
259,21,1000,2,3.04,3,-0.059781053103506565
259,22,1000,2,3.78,7,-0.059781502839177846
259,23,1000,2,4.93,13,-0.059781743433326484
259,24,1000,2,2.97,1,-0.05978253263235092
259,25,1000,1,2.81,4,-0.059783297073096035
259,26,1000,2,3.08,1,-0.05978279545158148
259,27,1000,1,2.55,1,-0.05978236719965935
260,1,1000,3,5.27,3,0.06765670040994883
260,2,1000,3,4.75,3,0.0676570660546422
260,3,1000,3,4.08,3,0.06765705026686192
260,4,1000,3,3.75,1,0.06765711929649115
260,5,1000,1,2.66,2,0.06765724249184131
260,6,1000,1,2.54,1,0.06765766441822052
260,7,1000,1,2.74,3,0.06765781076997518
260,8,1000,1,3.21,7,0.06765765792131424
260,9,1000,1,2.64,2,0.06765760189294814
260,10,1000,1,2.96,5,0.0676576164662838
260,11,1000,1,2.55,1,0.06765738874673843
260,12,1000,1,2.88,4,0.06765702337026597
260,13,1000,1,2.76,3,0.06765715827047825
260,14,1000,1,2.65,2,0.06765774121135473
260,15,1000,3,4.2,3,0.06765785555541515
260,16,1000,3,3.95,3,0.06765756385773421
260,17,1000,3,5.36,3,0.06765699326246977
260,18,1000,1,2.62,2,0.06765727692842484
260,19,1000,2,3.08,3,0.06765711056441069
260,20,1000,4,7.69,3,0.06765704955905676
260,21,1000,4,3.77,1,0.06765623564273118
260,22,1000,1,2.61,2,0.06765577653050422
260,23,1000,2,3.33,3,0.06765546230226756
260,24,397,4,10.0,4,0.06765565850422424
260,25,1000,1,2.65,2,0.06765539735555649
260,26,1000,1,2.65,2,0.06765534344315528
260,27,1000,1,2.74,3,0.06765597313642502
260,28,1000,1,2.74,3,0.06765598024427891
260,29,1000,3,5.84,3,0.06765621506422759
260,30,1000,3,3.96,2,0.0676563971042633
260,31,1000,2,3.11,3,0.06765633980929851
260,32,1000,2,3.62,3,0.06765590076893568
260,33,1000,2,3.35,3,0.06765575291216373
260,34,1000,5,6.53,3,0.06765488635003566
260,35,1000,3,5.7,3,0.06765514923632145
260,36,1000,3,5.06,2,0.06765541841834784
260,37,1000,3,3.27,2,0.06765597592294216
260,38,1000,1,2.73,3,0.0676555840820074
260,39,1000,1,2.65,2,0.0676556885689497
260,40,1000,1,3.16,7,0.06765554589033126
260,41,1000,1,2.63,2,0.06765509451180697
261,1,1000,3,5.21,3,-0.09908912762999535
261,2,1000,3,4.6,2,-0.0990888492166996
261,3,1000,3,3.34,1,-0.09908846710622311
261,4,1000,3,2.84,1,-0.09908826670050622
261,5,1000,3,2.72,1,-0.09908796846866608
261,6,1000,2,3.68,6,-0.09908831479400396
261,7,1000,5,8.58,4,-0.09908777429163455
261,8,1000,5,5.9,1,-0.09908725559711457
261,9,1000,4,6.99,1,-0.09908695154637098
261,10,1000,4,5.01,1,-0.09908689539134502
261,11,1000,2,4.26,9,-0.09908723878115415
261,12,1000,1,3.71,13,-0.09908749244362115
261,13,1000,2,3.26,2,-0.09908700324594974
261,14,1000,2,5.87,6,-0.09908641529083252
261,15,1000,1,2.94,5,-0.09908706891536713
261,16,1000,1,3.52,11,-0.09908618956059217
261,17,1000,1,3.55,11,-0.09908623385429383
261,18,1000,2,3.57,6,-0.09908536272495985
261,19,1000,2,6.84,5,-0.09908359389007092
261,20,828,2,10.0,6,-0.09908468762169713
261,21,115,3,10.05,11,-0.09908379419990208
261,22,103,3,10.0,4,-0.09908286431460704
261,23,113,4,10.01,3,-0.09908305728330022
261,24,106,4,10.01,3,-0.09908276058311732
261,25,122,4,10.06,4,-0.09908268350313922
261,26,1000,3,5.69,2,-0.0990829879641533
261,27,1000,1,3.15,7,-0.09908279197663068
261,28,1000,2,3.71,2,-0.09908305385708809
261,29,103,3,10.07,4,-0.09908330136711158
261,30,975,3,10.0,7,-0.09908335179854662
261,31,1000,3,3.44,1,-0.09908307457715274
261,32,1000,2,3.46,5,-0.09908257141709327
261,33,1000,2,3.15,3,-0.09908122213184833
261,34,133,4,10.04,4,-0.0990811118057796
261,35,114,4,10.07,3,-0.09908033482599676
261,36,1000,4,7.99,3,-0.09908095608651638
262,1,1000,3,5.21,3,0.07201875153928995
262,2,1000,3,3.9,3,0.07201992301642894
262,3,1000,2,3.35,3,0.0720201666355133
262,4,1000,3,3.51,1,0.07202087808400393
262,5,1000,2,3.22,4,0.07202211336046457
262,6,1000,3,3.71,2,0.07202211852371693
262,7,1000,2,2.86,1,0.07202242302894592
262,8,1000,2,3.22,1,0.07202298979461193
262,9,1000,3,4.81,4,0.07202379772812129
262,10,1000,5,7.74,3,0.07202370892465114
262,11,120,5,10.03,3,0.0720242373024424
262,12,121,5,10.09,3,0.07202495763863413
262,13,178,5,10.08,2,0.07202565121684182
262,14,1000,2,3.23,4,0.07202376322448253
262,15,1000,3,4.22,2,0.07202246598154306
262,16,1000,2,3.05,3,0.07202270942181349
262,17,122,5,10.08,3,0.07202462937499655
262,18,117,4,10.02,2,0.07202605769420281
262,19,721,4,10.0,2,0.07202676375720769
262,20,117,5,10.02,1,0.0720267304752627
262,21,1000,3,6.5,3,0.07202637100964784
262,22,1000,3,5.48,3,0.07202667610347271
262,23,108,4,10.05,2,0.0720288276810337
262,24,846,5,10.0,2,0.07202914737640544
262,25,1000,4,5.53,2,0.07202919086813926
262,26,501,3,10.0,8,0.07203018901769273
262,27,214,4,10.05,9,0.07203072504462482
262,28,579,4,10.0,1,0.0720312383302547
262,29,1000,4,4.85,3,0.07203203949332238
262,30,107,4,10.08,4,0.07203249041443673
262,31,102,4,10.04,4,0.07203187457486696
262,32,1000,3,7.58,2,0.07203159794956446
262,33,1000,1,3.54,11,0.07203211183100938
262,34,1000,3,6.14,3,0.07203286976367235
262,35,166,4,10.02,5,0.07203377563371716
262,36,109,4,10.01,5,0.07203329969710166
262,37,1000,3,7.73,3,0.0720339426472783
262,38,1000,1,2.72,3,0.07203506612032652
262,39,1000,1,2.75,3,0.07203567381203174
262,40,784,3,10.0,4,0.07203583426925601
262,41,1000,2,7.71,7,0.0720366872921586
262,42,1000,2,5.49,5,0.07203789594024419
262,43,1000,1,2.62,2,0.07203906416147947
262,44,1000,1,2.89,4,0.07204047253727913
263,1,1000,3,5.21,3,-0.03683598856255412
263,2,1000,3,4.07,2,-0.03683655831590295
263,3,1000,3,5.36,3,-0.036836409959942105
263,4,1000,1,2.76,3,-0.036835798844695095
263,5,1000,1,2.73,3,-0.03683551969751716
263,6,1000,1,2.98,5,-0.03683510868251324
263,7,1000,2,4.68,4,-0.03683586852997541
263,8,1000,2,2.85,3,-0.03683669191598892
263,9,1000,2,3.39,3,-0.03683614732325077
263,10,1000,1,2.76,3,-0.03683672646433115
263,11,1000,2,3.65,3,-0.03683669979125261
263,12,1000,1,2.82,4,-0.03683735473826528
263,13,1000,3,7.13,7,-0.036837210830301045
263,14,1000,3,5.33,5,-0.03683750590309501
263,15,1000,0,2.43,0,-0.03683767467737198
263,16,1000,1,2.73,3,-0.03683761405572295
263,17,120,4,10.02,3,-0.03683934087554614
263,18,1000,3,3.8,3,-0.0368381722792983
263,19,1000,1,2.65,2,-0.036836528934538364
263,20,1000,1,3.02,6,-0.03683597669377923
263,21,1000,1,2.88,4,-0.036835730880498886
263,22,1000,3,9.88,3,-0.03683693762496114
263,23,558,5,10.0,1,-0.036836842922861004
263,24,1000,3,4.39,2,-0.03683661575615406
263,25,1000,3,3.11,1,-0.03683608663454652
263,26,1000,5,4.53,1,-0.03683532756194472
263,27,1000,3,3.13,1,-0.03683544026315212
263,28,1000,3,5.66,2,-0.03683419917151332
263,29,1000,4,6.65,6,-0.03683574988692999
263,30,107,4,10.01,2,-0.036836804700232
263,31,94,4,10.05,3,-0.03683693342386408
263,32,1000,2,3.13,4,-0.036835273928940294
263,33,1000,2,3.61,1,-0.03683582755550742
263,34,169,5,10.0,3,-0.03683573902535015
263,35,110,4,10.04,6,-0.03683584329079498
263,36,1000,4,7.71,3,-0.03683690493553877
263,37,1000,3,5.6,4,-0.03683625327795744
263,38,1000,4,8.04,3,-0.03683676835522055
263,39,100,4,10.06,2,-0.03683829884976149
263,40,1000,4,5.6,3,-0.036838804360479115
263,41,528,5,10.0,3,-0.036840535178216116
263,42,1000,3,3.65,2,-0.03684080995991826
263,43,794,4,10.0,7,-0.036840307336272464
263,44,216,4,10.0,1,-0.03684076697876056
263,45,1000,3,6.65,2,-0.036840690080076455
263,46,1000,2,3.39,2,-0.0368407332226634
263,47,1000,4,7.36,3,-0.03684163500368595
263,48,1000,3,6.54,2,-0.03684263329580426
263,49,1000,4,8.22,4,-0.03684348859637976
263,50,1000,2,7.72,4,-0.03684401359036565
263,51,128,3,10.02,10,-0.03684440231882036
263,52,1000,2,5.66,3,-0.03684596190601587
263,53,1000,3,4.6,10,-0.036846796374768016
264,1,1000,3,5.19,3,-0.16179706658422946
264,2,1000,3,3.5,2,-0.16179677368700504
264,3,1000,2,3.09,2,-0.16179649464786053
264,4,1000,2,3.3,2,-0.16179626907408237
264,5,1000,3,5.63,3,-0.16179631239175796
264,6,1000,1,2.78,3,-0.1617963538169861
264,7,1000,2,3.73,3,-0.1617964947670698
264,8,1000,1,2.72,3,-0.16179652139544487
264,9,1000,1,2.72,3,-0.1617966731786728
264,10,1000,1,2.97,5,-0.16179673652350904
264,11,1000,2,5.11,4,-0.1617968903183937
264,12,1000,2,3.65,3,-0.16179658004641534
264,13,1000,1,2.62,2,-0.16179668194055558
264,14,1000,2,2.8,1,-0.16179643392562867
264,15,1000,1,2.56,1,-0.1617964506149292
264,16,1000,2,2.93,3,-0.1617961802780628
264,17,1000,1,2.7,2,-0.16179607987403868
264,18,1000,1,2.78,3,-0.16179572580754756
264,19,1000,3,3.15,2,-0.16179613691568376
264,20,1000,3,5.33,3,-0.16179598277807236
264,21,1000,2,2.87,2,-0.16179607263207435
264,22,1000,3,3.65,3,-0.1617963580340147
264,23,1000,1,2.76,3,-0.16179646515846252
264,24,1000,1,2.72,3,-0.1617963991165161
264,25,1000,3,5.17,4,-0.1617964775264263
264,26,1000,3,3.48,2,-0.16179649178683758
264,27,1000,1,2.64,2,-0.16179725527763367
264,28,1000,1,2.94,5,-0.16179727989435197
264,29,1000,4,5.37,3,-0.16179732555150986
264,30,1000,3,3.92,3,-0.1617979361563921
264,31,1000,3,2.85,1,-0.1617977936565876
264,32,1000,2,3.05,2,-0.1617982807457447
264,33,1000,1,2.64,2,-0.1617987396121025
264,34,1000,1,2.96,5,-0.16179905034601688
264,35,1000,1,2.73,3,-0.16179919663071632
264,36,1000,1,2.62,2,-0.16179906371235847
264,37,1000,1,2.98,5,-0.16179944476485253
264,38,1000,1,2.63,2,-0.16179912596940993
265,1,1000,3,5.28,3,-0.09120596271008254
265,2,1000,3,6.14,3,-0.09120542740821838
265,3,1000,4,8.15,3,-0.0912050750553608
265,4,1000,3,5.38,3,-0.09120519741624594
265,5,1000,3,5.0,3,-0.09120551516115666
265,6,1000,3,5.74,4,-0.0912059373408556
265,7,1000,4,3.61,1,-0.09120546482503414
265,8,1000,4,4.81,2,-0.09120538748055697
265,9,1000,4,5.24,3,-0.09120550444722175
265,10,424,5,10.0,3,-0.09120589262753162
265,11,195,5,10.05,3,-0.09120631764332453
265,12,209,5,10.03,3,-0.09120686947586434
265,13,1000,4,7.48,3,-0.09120752476900816
265,14,1000,4,6.96,3,-0.09120806960761547
265,15,109,3,10.05,11,-0.09120822410791292
265,16,1000,4,6.75,3,-0.09120696088671684
265,17,1000,2,4.84,3,-0.09120682275295258
265,18,1000,4,4.59,3,-0.09120734852552415
265,19,1000,2,4.66,5,-0.09120755015313625
265,20,1000,2,4.1,5,-0.09120843447744846
266,1,1000,3,5.26,3,-0.030414052493870258
266,2,1000,3,5.46,3,-0.03041303712502122
266,3,1000,4,6.27,3,-0.030411924611777066
266,4,1000,3,4.33,2,-0.0304105312358588
266,5,1000,2,3.6,2,-0.030409978698939084
266,6,1000,1,2.68,2,-0.03040929903648794
266,7,1000,2,3.68,4,-0.030408284084871413
266,8,1000,1,2.68,2,-0.030407727513462306
266,9,1000,1,2.95,5,-0.030406902112066744
266,10,1000,2,3.43,2,-0.030407241927459836
266,11,1000,2,4.45,5,-0.030407104087993502
266,12,1000,3,4.72,4,-0.030406561525538563
266,13,1000,1,2.63,2,-0.030406240060925484
266,14,1000,1,2.54,1,-0.030407078564167023
267,1,1000,3,5.22,3,0.03248220138251781
267,2,1000,3,4.7,2,0.032483341712504624
267,3,1000,2,3.1,2,0.032484851859509944
267,4,1000,2,3.12,2,0.03248552724719048
267,5,1000,3,5.52,2,0.032486286707222464
267,6,1000,1,2.54,1,0.03248661756515503
267,7,1000,1,2.88,4,0.03248689761012793
267,8,1000,2,4.41,3,0.03248751204460859
267,9,1000,2,2.98,1,0.03248834857344628
267,10,1000,2,3.99,3,0.032488913018256425
267,11,1000,2,3.57,4,0.03248891779780388
267,12,1000,2,4.16,4,0.03248970295116305
267,13,1000,2,3.27,2,0.03249092086404562
267,14,1000,2,2.79,2,0.03249076012521982
267,15,1000,3,3.76,3,0.03249013332650066
267,16,1000,3,3.99,3,0.03249044353887439
267,17,1000,3,4.18,2,0.032489569049328565
267,18,1000,3,4.65,4,0.03248931661248207
267,19,1000,5,4.71,2,0.032489712975919245
267,20,1000,3,4.24,4,0.03248924220353365
267,21,1000,3,6.6,3,0.0324888505935669
267,22,1000,3,5.51,2,0.032488666381686925
267,23,1000,3,3.01,1,0.03248935401439667
267,24,1000,1,2.66,2,0.03248833182454109
267,25,1000,1,2.66,2,0.032488310281187295
267,26,1000,1,2.65,2,0.032487626243382695
267,27,1000,3,3.55,3,0.032487922847270964
267,28,1000,3,3.6,3,0.03248760140687227
267,29,1000,4,8.97,3,0.03248729581013322
267,30,1000,3,4.14,1,0.03248624145612121
267,31,1000,1,3.0,5,0.032486734353005885
267,32,1000,3,4.41,2,0.03248645194992423
267,33,1000,3,3.91,1,0.03248648925125599
267,34,1000,2,2.72,1,0.0324866808950901
268,1,1000,3,5.18,3,0.06445901779085397
268,2,1000,3,5.38,3,0.06445920924842358
268,3,1000,3,5.1,3,0.06445952221751212
268,4,1000,3,3.19,2,0.06445940794795751
268,5,1000,3,3.22,2,0.06445922959595919
268,6,1000,5,5.11,2,0.06445893516391515
268,7,1000,3,3.64,2,0.06445884058624506
268,8,1000,4,4.08,1,0.06445973944664002
268,9,1000,4,6.65,1,0.06446022488176822
268,10,1000,3,5.33,3,0.06446072518825531
268,11,115,4,10.06,3,0.0644608084274375
268,12,118,5,10.08,3,0.06446120824854253
268,13,1000,5,4.89,3,0.06445978325605392
268,14,1000,4,4.07,2,0.06445931234210729
268,15,1000,5,6.74,1,0.06445966468006373
268,16,1000,2,4.49,2,0.0644600657299161
268,17,1000,2,4.76,3,0.06446069724857807
268,18,108,4,10.0,6,0.06446074473637121
268,19,103,3,10.01,6,0.06446163761384278
268,20,142,3,10.03,2,0.06446132473122905
268,21,1000,3,7.63,3,0.06446121898293496
268,22,130,4,10.02,3,0.06446156713825006
268,23,1000,4,4.11,1,0.06446160449832677
268,24,849,2,10.0,13,0.06446007265324306
268,25,102,3,10.02,3,0.06446004717373381
268,26,104,4,10.04,4,0.06446068597814211
268,27,110,4,10.06,3,0.06446178359064189
268,28,1000,3,6.25,2,0.06446132776141167
268,29,1000,2,5.04,3,0.06445971183478832
269,1,1000,3,5.28,3,0.1016262936964631
269,2,1000,3,3.87,3,0.10162684776633978
269,3,1000,3,3.73,1,0.10162745583057403
269,4,1000,4,4.25,1,0.10162793013453483
269,5,1000,4,5.1,1,0.10162797196954489
269,6,1000,4,6.52,1,0.1016279418990016
269,7,1000,3,3.94,3,0.10162827476859093
269,8,1000,4,4.59,2,0.10162890082597732
269,9,1000,4,4.83,3,0.10162914257496596
269,10,1000,3,3.82,2,0.10162909618765116
269,11,1000,3,4.12,1,0.10162956960499286
269,12,1000,2,3.34,1,0.1016297891587019
269,13,1000,4,4.63,1,0.10163009437918663
269,14,1000,3,6.37,4,0.10163032899051905
269,15,1000,4,4.33,1,0.10163020385056734
269,16,1000,3,4.85,1,0.10163069178164005
269,17,1000,3,8.88,3,0.10163103572279215
269,18,992,3,10.0,1,0.10163118163003557
269,19,1000,4,6.95,3,0.10163137129694223
269,20,1000,3,5.67,1,0.1016317460462451
269,21,1000,3,4.13,1,0.10163174468278885
269,22,247,3,10.0,1,0.10163188369771246
269,23,1000,3,6.29,3,0.10163204304873943
269,24,1000,3,4.03,3,0.10163203351199628
269,25,1000,2,7.18,12,0.10163215594738721
269,26,1000,3,7.17,5,0.10163184840232134
269,27,1000,3,5.99,4,0.10163194169849157
269,28,1000,3,6.04,4,0.10163041970878839
269,29,1000,2,7.04,5,0.10163092326372862
269,30,1000,1,3.15,7,0.10162977779656648
269,31,1000,1,2.67,2,0.10163041439652443
270,1,1000,3,5.3,3,-0.05452945626527071
270,2,1000,3,4.7,3,-0.05452862771600485
270,3,1000,3,6.25,3,-0.054527991898357865
270,4,1000,3,6.29,3,-0.05452729859575629
270,5,1000,3,6.25,3,-0.05452673475816846
270,6,1000,3,6.25,3,-0.054526133239269255
270,7,1000,3,6.32,3,-0.05452610095962882
270,8,1000,3,3.84,1,-0.05452590950578451
270,9,1000,3,3.75,1,-0.054526061609387395
270,10,1000,3,4.65,1,-0.054526266235858205
270,11,1000,3,4.68,1,-0.054526260986924174
270,12,1000,3,4.38,1,-0.05452518412098289
270,13,1000,3,4.47,1,-0.054524092622101304
270,14,1000,3,4.52,1,-0.05452357313781977
270,15,1000,3,4.48,1,-0.0545233648121357
270,16,1000,3,3.88,1,-0.05452328361943364
270,17,1000,3,3.87,1,-0.054522985085844994
270,18,1000,3,3.83,1,-0.05452271138504147
270,19,1000,3,3.88,1,-0.05452263166755438
270,20,1000,3,3.94,1,-0.054523053999990224
270,21,1000,3,3.84,1,-0.05452301782742143
270,22,1000,3,3.81,1,-0.05452282041311264
270,23,223,3,10.0,10,-0.05452206316550216
270,24,190,3,10.0,9,-0.054521383717656136
270,25,166,3,10.04,9,-0.05452107476541795
270,26,176,3,10.04,10,-0.054521085546267306
270,27,151,3,10.05,10,-0.05452083159756187
270,28,141,3,10.02,9,-0.05452003908601213
270,29,138,3,10.04,9,-0.05452011965647124
270,30,155,3,10.09,9,-0.054520285153581254
270,31,139,3,10.01,10,-0.054519802037117295
270,32,1000,3,8.1,11,-0.05451991641893983
270,33,1000,3,7.04,1,-0.054520380459725855
270,34,135,3,10.09,11,-0.05451975801476726
270,35,1000,3,3.46,2,-0.05451887308433652
270,36,1000,3,4.6,2,-0.05451863824948668
270,37,275,4,10.04,3,-0.054518799984996966
270,38,119,4,10.0,17,-0.054518956565806846
270,39,1000,3,7.68,11,-0.05451889511197806
270,40,1000,2,2.92,1,-0.05451867636665702
271,1,1000,3,5.3,3,-0.11371925086528063
271,2,1000,3,4.23,2,-0.11372039261460304
271,3,1000,3,5.81,5,-0.11372192735224962
271,4,1000,3,5.09,3,-0.11372212586551905
271,5,1000,4,5.42,3,-0.1137225786820054
271,6,1000,4,5.2,2,-0.11372308893501759
271,7,1000,4,4.98,4,-0.1137230461537838
271,8,1000,2,2.91,3,-0.11372398395091295
271,9,1000,1,2.7,3,-0.11372435055673122
271,10,1000,1,2.62,2,-0.11372531872242689
271,11,1000,3,4.86,5,-0.11372644717991352
271,12,1000,3,6.26,5,-0.11372731102257967
271,13,1000,4,4.83,2,-0.11372641438245773
271,14,1000,2,2.92,2,-0.11372681719809771
271,15,1000,3,4.19,3,-0.11372654208540917
271,16,1000,2,3.33,3,-0.11372743877768517
271,17,1000,3,5.1,2,-0.11372658932209015
271,18,1000,3,4.44,4,-0.11372398142516613
271,19,1000,3,5.28,1,-0.11372500757873058
271,20,1000,2,6.35,10,-0.11372583474963903
271,21,1000,4,5.57,3,-0.11372530046105385
271,22,1000,3,4.41,3,-0.11372628102451562
271,23,1000,2,2.9,2,-0.1137260166183114
271,24,1000,2,2.92,3,-0.11372619594633579
271,25,1000,3,5.33,4,-0.11372513399273157
271,26,1000,3,3.05,1,-0.11372433373332023
271,27,1000,3,5.1,4,-0.11372443342208863
271,28,1000,1,2.54,1,-0.1137247383594513
272,1,1000,3,5.26,3,-0.10074184416234493
272,2,1000,3,4.97,2,-0.10074106200784445
272,3,1000,3,4.19,2,-0.10074059040099383
272,4,1000,3,7.17,4,-0.10074034290760756
272,5,1000,3,4.21,2,-0.10073947884887458
272,6,1000,3,2.92,1,-0.10073911644518375
272,7,1000,2,4.0,4,-0.1007392735555768
272,8,1000,2,4.48,3,-0.10073900315910578
272,9,1000,3,3.25,3,-0.10073875968158245
272,10,1000,3,4.27,2,-0.10073807446658611
272,11,1000,3,9.62,3,-0.10073717494308948
272,12,1000,5,6.79,2,-0.10073680654913188
272,13,1000,3,4.02,3,-0.10073735570907592
272,14,1000,2,3.41,2,-0.1007369603216648
272,15,1000,1,2.94,5,-0.10073671139031648
272,16,1000,2,4.86,3,-0.10073552300781012
272,17,1000,2,5.98,6,-0.10073537673801183
272,18,1000,2,3.63,2,-0.1007346278578043
272,19,1000,3,7.29,2,-0.1007342938631773
272,20,111,4,10.03,3,-0.10073453711496817
272,21,1000,4,5.2,1,-0.10073456551879645
272,22,1000,3,4.15,1,-0.10073474463075399
272,23,1000,3,5.14,5,-0.10073464301973581
272,24,1000,2,3.97,10,-0.10073480077832937
272,25,147,3,10.04,12,-0.10073422458098859
272,26,1000,3,5.17,3,-0.10073379850387573
272,27,170,5,10.06,3,-0.10073373471112812
272,28,110,3,10.08,8,-0.10073305144906045
272,29,1000,3,4.39,3,-0.10073261824995279
272,30,111,4,10.08,3,-0.10073258902307029
272,31,111,4,10.01,10,-0.10073239685178877
272,32,687,4,10.0,2,-0.1007320824820749
272,33,1000,3,6.85,7,-0.10073213413357734
272,34,1000,2,3.32,1,-0.1007322318032384
272,35,1000,4,6.48,4,-0.10073164781183004
272,36,1000,3,5.0,2,-0.10073191126435996
272,37,1000,3,3.82,2,-0.10073189303278923
272,38,1000,4,3.63,2,-0.10073172385245562
272,39,1000,4,5.63,4,-0.10073185163736344
272,40,1000,3,4.94,2,-0.10073138631135226
272,41,103,4,10.05,3,-0.10073119474267497
272,42,173,4,10.06,4,-0.10073118389858676
272,43,1000,4,7.85,1,-0.1007294117808342
272,44,1000,4,5.08,1,-0.1007288531512022
272,45,1000,2,3.01,1,-0.10072787246108054
272,46,1000,1,2.53,1,-0.10072874277830124
272,47,1000,1,2.71,3,-0.10072740242630243
272,48,1000,1,2.56,1,-0.1007256805896759
272,49,1000,1,2.62,2,-0.10072560149431228
273,1,1000,3,5.24,3,-0.01707201044075191
273,2,1000,3,5.44,3,-0.017071936907246708
273,3,206,5,10.09,3,-0.017071864585780982
273,4,1000,4,9.92,3,-0.017072379602119325
273,5,180,4,10.1,5,-0.017072999715391134
273,6,181,4,10.07,5,-0.017073960007471932
273,7,218,4,10.05,5,-0.01707623468353114
273,8,1000,4,7.44,3,-0.017077416377142073
273,9,1000,4,3.72,1,-0.017076901694759727
273,10,1000,3,3.64,3,-0.017078059846535324
273,11,1000,4,4.49,3,-0.01708054911531508
273,12,1000,4,8.7,8,-0.017081021877005696
273,13,1000,4,5.43,3,-0.01708201760612428
273,14,1000,3,6.25,3,-0.017083986539393664
273,15,120,3,10.07,11,-0.017085049130643407
273,16,1000,3,4.64,2,-0.017087245110422374
273,17,1000,2,3.45,5,-0.017087570721283554
273,18,1000,3,3.24,3,-0.017088874036446215
273,19,1000,3,5.22,2,-0.017081761198118328
273,20,1000,3,4.83,8,-0.017090503307059406
273,21,1000,3,3.67,4,-0.0170920411106199
273,22,1000,3,4.43,4,-0.01709365173242986
273,23,1000,3,7.85,5,-0.017095133982598782
273,24,127,5,10.0,5,-0.017095603459463343
273,25,1000,5,7.79,3,-0.017096356507390737
273,26,1000,4,8.36,3,-0.0170972274877131
273,27,111,4,10.07,3,-0.0170974834813728
273,28,537,4,10.0,3,-0.017099792255674883
273,29,119,4,10.06,5,-0.017096746165086243
273,30,103,3,10.05,2,-0.0170952412254602
273,31,107,4,10.08,3,-0.017092279689473525
273,32,127,4,10.08,10,-0.017098328421317685
273,33,95,4,10.02,7,-0.01709930441881481
273,34,1000,5,7.55,3,-0.01709791115112603
273,35,1000,2,2.92,2,-0.0170999444629997
274,1,1000,3,5.21,3,-0.09387283326685429
274,2,1000,3,4.76,3,-0.09387322068214417
274,3,1000,3,4.22,2,-0.09387370243668557
274,4,1000,2,3.21,2,-0.0938740359917283
274,5,1000,1,2.75,3,-0.09387466194480658
274,6,1000,1,2.83,4,-0.09387469497323037
274,7,1000,1,3.03,6,-0.09387456903606653
274,8,1000,2,4.65,5,-0.09387476441264153
274,9,1000,1,2.76,3,-0.09387395314127207
274,10,1000,2,3.05,1,-0.09387363999336958
274,11,1000,2,4.22,3,-0.09387368546426296
274,12,1000,1,2.7,3,-0.09387505792826414
274,13,1000,1,2.71,3,-0.09387535554170609
274,14,1000,1,2.76,3,-0.09387461620569229
274,15,1000,1,2.73,3,-0.09387466138601303
274,16,1000,3,3.63,1,-0.09387533197551966
274,17,116,4,10.0,4,-0.09387529121133788
274,18,97,4,10.05,7,-0.09387524548879604
274,19,117,4,10.06,5,-0.09387524113950567
274,20,110,5,10.09,2,-0.0938756790350784
274,21,108,4,10.09,4,-0.09387711994349957
274,22,1000,5,8.83,3,-0.09387697775661945
274,23,474,4,10.0,3,-0.0938759091534192
274,24,777,3,10.0,3,-0.09387595147047878
274,25,116,3,10.08,10,-0.09387583163534773
274,26,1000,2,4.64,3,-0.09387675729393959
274,27,447,3,10.0,7,-0.09387658903129416
274,28,1000,3,7.99,5,-0.09387663149088621
274,29,109,4,10.09,3,-0.09387672015833198
274,30,122,5,10.04,6,-0.0938770162766097
274,31,117,4,10.05,5,-0.09387882047484064
274,32,1000,5,9.29,3,-0.0938794797807932
274,33,1000,4,3.86,2,-0.09387918122112751
274,34,1000,3,2.98,1,-0.09387820936739445
274,35,1000,3,3.83,1,-0.09387748914957046
274,36,1000,3,4.65,3,-0.09387746645510196
274,37,97,4,10.02,3,-0.093876158069704
274,38,101,4,10.07,3,-0.09387646718780593
274,39,1000,3,4.81,1,-0.09387777724862098
274,40,1000,2,4.09,1,-0.09387519363313913
274,41,1000,2,5.66,2,-0.09387774183601141
274,42,1000,2,8.08,7,-0.09387905753403902
274,43,1000,2,5.65,5,-0.09387908299267292
274,44,1000,3,6.51,6,-0.09387835742533207
274,45,1000,3,9.1,6,-0.09387699238210917
274,46,1000,2,2.85,2,-0.09387626141309738
274,47,1000,1,2.5,1,-0.09387580305337906
275,1,1000,3,5.33,3,0.10133586487174034
275,2,1000,3,5.13,3,0.10133540250360966
275,3,1000,3,5.28,3,0.10133484987914562
275,4,1000,3,4.39,2,0.10133428803831339
275,5,1000,3,4.42,2,0.10133397791534662
275,6,1000,4,7.22,5,0.10133395216614008
275,7,1000,3,5.52,2,0.10133402492105961
275,8,928,5,10.0,2,0.10133379894501433
275,9,895,5,10.0,2,0.101333660162028
275,10,883,5,10.0,2,0.10133344503720781
275,11,464,5,10.0,2,0.10133333242466223
275,12,489,5,10.0,2,0.10133334215738046
275,13,484,5,10.0,2,0.10133315361112602
275,14,1000,4,6.72,3,0.10133238270133733
275,15,119,4,10.07,7,0.10133240741341054
275,16,1000,2,4.95,3,0.10133288967609405
275,17,1000,2,6.27,5,0.10133291459828615
275,18,865,4,10.0,6,0.10133453399976554
275,19,1000,4,6.95,3,0.10133445498347282
275,20,1000,4,4.04,2,0.10133475540578366
275,21,1000,1,2.61,2,0.10133480736613273
275,22,1000,1,2.64,2,0.10133464854955673
276,1,1000,3,5.2,3,-0.10362048675864935
276,2,1000,3,4.28,3,-0.10362067868560552
276,3,1000,3,4.78,3,-0.10362069818377495
276,4,1000,3,4.82,3,-0.10362073439359665
276,5,1000,3,5.39,3,-0.10362062028050423
276,6,1000,3,4.96,2,-0.10362058989703656
276,7,1000,3,3.71,1,-0.103620595484972
276,8,1000,2,3.62,3,-0.10362124127149581
276,9,1000,3,8.79,5,-0.10362134517729282
276,10,1000,5,5.18,3,-0.10362059196084737
276,11,1000,6,8.15,3,-0.10362077657878399
276,12,577,6,10.0,3,-0.10362032540077973
276,13,124,5,10.0,2,-0.1036207761855856
276,14,115,4,10.01,3,-0.10362225434054499
276,15,102,3,10.02,2,-0.10362225288853925
276,16,118,4,10.01,15,-0.10362256766628411
276,17,133,5,10.05,3,-0.10362346296695839
276,18,1000,5,7.1,2,-0.10362317517399788
276,19,1000,5,7.13,2,-0.10362309966236354
276,20,1000,2,3.71,3,-0.10362235967814923
276,21,1000,2,3.67,3,-0.10362334740906953
276,22,121,3,10.1,6,-0.10362458136702372
276,23,750,3,10.0,6,-0.10362611617644628
276,24,1000,2,3.78,3,-0.10362559723109006
276,25,981,3,10.0,3,-0.10362596479486617
276,26,109,3,10.0,11,-0.1036260639992329
276,27,113,4,10.05,8,-0.10362609357169245
276,28,108,3,10.04,11,-0.10362651957957833
276,29,124,3,10.06,12,-0.1036258265376091
276,30,124,3,10.07,11,-0.10362659574997041
276,31,121,3,10.11,13,-0.10362561884497808
276,32,93,3,10.3,17,-0.10362709882438824
276,33,95,4,10.01,3,-0.10362945371552518
276,34,123,4,10.04,4,-0.10363010971284495
276,35,109,4,10.04,2,-0.10363001745501789
276,36,99,3,10.09,4,-0.10363023088435934
276,37,113,4,10.09,5,-0.10363207777253294
276,38,106,4,10.04,3,-0.10363404516060397
276,39,113,5,10.0,2,-0.1036334848773163
276,40,1000,4,6.65,1,-0.10363410816341638
276,41,124,4,10.06,3,-0.1036346823337578
276,42,113,3,10.1,5,-0.10363494334495173
276,43,110,5,10.07,3,-0.10363372740420428
276,44,114,4,10.01,2,-0.10363493441489705
276,45,114,4,10.07,3,-0.10363596749671719
276,46,101,3,10.1,6,-0.1036367455478942
276,47,110,4,10.06,3,-0.10363742058927362
276,48,112,5,10.05,3,-0.10363772444959198
276,49,103,3,10.1,3,-0.10363716299383385
276,50,106,3,10.06,17,-0.10363787785172462
276,51,128,4,10.04,23,-0.1036388743086718
276,52,249,5,10.02,6,-0.10363953626419167
276,53,449,5,10.01,3,-0.10363942477644685
276,54,102,3,10.03,3,-0.10363951573769252
276,55,113,3,10.05,12,-0.10363962811178866
276,56,112,4,10.04,2,-0.10364024993032217
276,57,105,3,10.05,7,-0.10364051716668266
276,58,112,4,10.03,7,-0.1036405702387648
276,59,115,4,10.03,3,-0.10364080524962882
276,60,104,3,10.07,9,-0.10364127689256118
276,61,103,4,10.03,4,-0.10364159746366797
276,62,111,4,10.1,4,-0.10364253510226
276,63,113,4,10.07,3,-0.10364326544567547
276,64,123,5,10.03,3,-0.1036437969139921
276,65,110,4,10.31,12,-0.10364344567060471
276,66,99,4,10.05,3,-0.10364410318810531
276,67,105,4,10.02,3,-0.10364452266976946
276,68,113,4,10.06,3,-0.10364500281557573
276,69,107,4,10.06,3,-0.10364659868668173
276,70,117,5,10.07,3,-0.10364705789038259
276,71,115,5,10.03,2,-0.10364781281222468
276,72,115,5,10.09,2,-0.10364819629036862
276,73,106,5,10.01,3,-0.10364914762805093
276,74,111,5,10.07,2,-0.1036498819788297
276,75,107,4,10.04,3,-0.10365003869633808
276,76,99,4,10.02,2,-0.10365062605853033
276,77,114,3,10.09,13,-0.10365099035072745
276,78,109,4,10.04,3,-0.10365152673436961
276,79,109,3,10.08,16,-0.10365201170564792
276,80,106,4,10.01,3,-0.10365254340587922
276,81,106,4,10.05,3,-0.10365302734217553
276,82,106,4,10.07,3,-0.1036544772532751
276,83,101,3,10.08,3,-0.10365372077368273
276,84,115,4,10.06,9,-0.10365392714738846
276,85,101,4,10.03,3,-0.10365445432391497
276,86,1000,4,8.99,3,-0.10365608339756727
276,87,1000,3,6.77,3,-0.10365652910619974
276,88,1000,2,3.8,10,-0.10365722081065178
277,1,1000,3,5.32,3,0.03681084793806076
277,2,1000,3,5.89,3,0.03680967006832361
277,3,1000,3,4.37,3,0.03680753844231367
277,4,1000,3,5.2,3,0.036807127472013236
277,5,1000,3,7.64,3,0.036806899804621936
277,6,1000,3,6.65,2,0.0368064353056252
277,7,1000,3,5.04,2,0.036806449748575686
277,8,1000,3,8.27,2,0.03680585727095604
277,9,1000,2,5.66,8,0.03680445009842515
277,10,1000,2,3.65,3,0.03680359562113881
277,11,1000,2,3.29,2,0.036802961137145755
277,12,1000,2,3.24,2,0.036802058912813664
277,13,1000,2,4.24,3,0.03680084474012256
277,14,1000,2,3.66,2,0.03680039506405592
277,15,1000,1,2.94,5,0.0367998264618218
277,16,1000,2,4.43,5,0.03679816861450672
277,17,1000,3,4.29,3,0.03679515233263373
277,18,1000,2,3.64,3,0.036795590452849865
277,19,1000,2,3.28,2,0.0367955030426383
277,20,1000,3,6.29,3,0.036797077964991334
277,21,1000,3,6.32,3,0.03679737260192633
277,22,1000,3,5.08,2,0.03679629810154438
277,23,1000,2,5.99,9,0.03679551922157407
277,24,1000,3,5.01,3,0.03679287311434746
277,25,1000,3,4.64,3,0.03679208003729582
277,26,1000,3,5.84,3,0.03679178199917078
277,27,181,4,10.06,5,0.03678999411055396
277,28,681,2,10.0,21,0.036787575501921244
277,29,98,4,10.02,3,0.03678818233311176
277,30,103,4,10.05,3,0.03679509243918854
277,31,115,5,10.02,1,0.03679376014548799
277,32,580,3,10.0,3,0.03679487517681615
277,33,106,4,10.08,3,0.03679424854663183
277,34,105,4,10.03,2,0.03679380860357057
277,35,104,4,10.06,2,0.03679374419152737
277,36,1000,4,7.05,1,0.03679591593146324
277,37,1000,3,3.46,1,0.036794826939702034
277,38,1000,1,3.1,6,0.036794393453747035
277,39,1000,2,4.25,3,0.03679312228038907
277,40,1000,1,2.8,4,0.03679290188103914
277,41,1000,2,7.59,4,0.0367935400865972
277,42,102,3,10.01,4,0.036793078460237556
277,43,116,3,10.03,5,0.03679238719030701
277,44,120,3,10.05,5,0.03679267919311921
277,45,523,3,10.0,5,0.036792543084569
277,46,1000,3,7.66,2,0.03679206387326121
277,47,103,4,10.05,2,0.03679199571025024
277,48,695,3,10.0,3,0.03679115136535905
277,49,1000,2,9.66,7,0.036790057718753814
277,50,1000,2,5.47,5,0.036789145726710555
277,51,734,3,10.0,3,0.0367878490769652
277,52,1000,3,5.54,1,0.036787437979131934
278,1,1000,3,5.25,3,-0.0775140221118927
278,2,1000,3,4.73,2,-0.07751459991186857
278,3,1000,3,5.88,2,-0.07751508451998233
278,4,1000,3,5.1,2,-0.07751539158821107
278,5,1000,2,3.47,3,-0.07751574533432722
278,6,1000,1,2.88,4,-0.07751624245941639
278,7,1000,2,6.08,4,-0.07751606038212776
278,8,1000,1,2.88,4,-0.07751659725606441
278,9,1000,1,2.88,4,-0.07751682104170322
278,10,1000,2,3.02,3,-0.07751657722890377
278,11,1000,3,4.15,3,-0.07751671834290028
278,12,1000,2,3.36,2,-0.07751695378869772
278,13,1000,3,5.24,4,-0.07751734846830369
278,14,1000,4,8.17,2,-0.07751728513091803
278,15,1000,3,5.7,5,-0.07751668588072061
278,16,1000,4,4.08,2,-0.07751713946461677
278,17,98,4,10.04,3,-0.07751742294248269
278,18,1000,1,2.72,3,-0.07751753778755664
278,19,1000,2,3.63,3,-0.07751729894429445
278,20,1000,2,2.89,1,-0.07751729756593705
278,21,1000,1,2.85,4,-0.0775169581696391
278,22,1000,1,2.65,2,-0.0775178507566452
278,23,1000,1,2.65,2,-0.07751678290218114
278,24,1000,1,2.54,1,-0.0775173008441925
279,1,1000,3,5.38,3,-0.10861734056472779
279,2,1000,3,5.97,3,-0.108617765404284
279,3,1000,3,5.21,2,-0.10861779250204563
279,4,283,3,10.0,6,-0.10861843874408163
279,5,134,4,10.02,6,-0.10861860410268627
279,6,1000,4,8.69,2,-0.10861809585988522
279,7,1000,3,8.47,2,-0.10861877012997866
279,8,1000,3,9.59,7,-0.1086192679554224
279,9,254,5,10.02,2,-0.10861873139781276
279,10,221,5,10.1,3,-0.10861866422233539
279,11,835,5,10.0,2,-0.10861764825925142
279,12,1000,4,6.38,3,-0.10861942564696074
279,13,1000,4,9.4,1,-0.10861810536682606
279,14,1000,1,3.09,5,-0.10861898896843195
279,15,1000,3,4.33,4,-0.10861848810315132
279,16,1000,2,3.7,2,-0.1086192888095975
279,17,1000,3,7.7,6,-0.1086195442378521
279,18,1000,2,3.44,2,-0.10862129516899585
279,19,1000,2,2.85,1,-0.10862125983089209
279,20,1000,3,5.97,1,-0.10862133146077395
279,21,146,5,10.1,5,-0.10862201697205844
279,22,1000,3,6.43,3,-0.1086222357004881
279,23,91,3,10.09,2,-0.10862311024914731
279,24,93,3,10.08,2,-0.10862247798071113
279,25,108,4,10.07,2,-0.10862131189141008
279,26,1000,3,4.99,3,-0.10862023781239986
279,27,1000,4,4.46,1,-0.10862130565196276
279,28,1000,3,4.41,3,-0.1086233872026205
279,29,119,3,10.01,5,-0.10862490390779592
279,30,115,4,10.06,7,-0.10862540408321049
279,31,70,3,10.11,3,-0.10862407950418336
279,32,111,3,10.07,11,-0.10862430956986574
279,33,99,4,10.09,4,-0.10862738940149846
279,34,90,4,10.11,1,-0.10862787357634968
279,35,898,3,10.0,10,-0.10863015989882908
279,36,1000,3,7.95,7,-0.10863161619007587
279,37,1000,3,8.93,1,-0.10862757129967213
279,38,97,3,10.03,19,-0.10862621411527555
280,1,1000,3,5.33,3,-0.002268028545193374
280,2,1000,3,6.31,3,-0.002268581715412438
280,3,1000,3,7.45,3,-0.002269061183556914
280,4,220,5,10.01,3,-0.0022704423024234445
280,5,1000,4,7.6,3,-0.0022712034145370126
280,6,1000,2,5.68,4,-0.002271050793118775
280,7,1000,3,7.51,3,-0.0022705630026757717
280,8,1000,2,7.94,7,-0.0022697701333090664
280,9,1000,3,5.89,2,-0.002269106416963041
280,10,131,4,10.08,4,-0.0022687531300315646
280,11,1000,3,5.31,1,-0.002268738640472293
280,12,99,3,10.03,3,-0.002269071529177253
280,13,120,4,10.02,3,-0.002269361005164683
280,14,118,4,10.09,3,-0.0022675553534053645
280,15,1000,3,6.28,3,-0.0022713763481006025
280,16,1000,3,7.66,4,-0.002271376934833825
280,17,1000,2,5.46,5,-0.0022711991658434273
280,18,724,3,10.0,2,-0.002271243594895575
280,19,1000,2,6.03,9,-0.002271572127006948
280,20,1000,2,5.08,5,-0.0022714912500232456
280,21,103,3,10.06,4,-0.002272318580721333
280,22,104,3,10.06,7,-0.002272794515682528
280,23,1000,2,4.51,4,-0.002272491381503642
280,24,1000,2,6.97,7,-0.002270357112400234
280,25,1000,3,7.01,5,-0.0022707469668239357
280,26,1000,3,3.83,2,-0.0022719732178375124
280,27,1000,3,5.91,3,-0.002272697338834405
280,28,1000,3,9.36,3,-0.0022725123157724737
280,29,1000,3,4.99,1,-0.002271688489243388
280,30,1000,3,6.89,3,-0.002271924096159637
280,31,1000,3,4.82,1,-0.0022731604417786
280,32,1000,1,2.68,2,-0.002273230878636241
280,33,1000,1,2.66,2,-0.0022746512051671744
280,34,1000,1,2.71,3,-0.00227258993498981
280,35,1000,4,3.25,3,-0.0022734013814479114
280,36,1000,4,5.58,3,-0.0022756155356764792
280,37,1000,3,7.9,6,-0.00227376573625952
280,38,1000,4,5.5,4,-0.0022701298454776407
280,39,1000,3,6.31,3,-0.0022690939577296376
280,40,1000,2,2.9,2,-0.0022699994146823882
281,1,1000,3,5.29,3,-0.079308180116117
281,2,1000,3,3.5,2,-0.07930847359448671
281,3,1000,3,4.29,2,-0.07930867354571819
281,4,1000,3,3.98,2,-0.079308771148324
281,5,1000,4,3.93,2,-0.07930855886638165
281,6,1000,4,3.98,2,-0.07930871917307376
281,7,1000,1,3.19,7,-0.0793088556677103
281,8,1000,2,4.16,14,-0.07930860330909491
281,9,1000,2,4.14,1,-0.07930835852026939
281,10,1000,3,6.29,2,-0.07930812661349773
281,11,95,4,10.02,6,-0.0793078406860954
281,12,990,3,10.0,10,-0.07930786603628986
281,13,105,4,10.09,2,-0.0793079565678324
281,14,94,4,10.01,3,-0.07930791021344509
281,15,107,5,10.04,3,-0.07930796440238151
281,16,1000,4,7.3,2,-0.07930780478566885
281,17,109,4,10.07,4,-0.07930762443794023
281,18,95,3,10.08,10,-0.07930718628983749
281,19,100,3,10.02,12,-0.07930699311196804
281,20,80,3,10.04,9,-0.07930667707696556
282,1,1000,3,5.26,3,-0.04119338442757726
282,2,1000,3,5.02,2,-0.04119350020587444
282,3,1000,3,4.21,2,-0.04119376537948847
282,4,1000,3,3.84,2,-0.04119400936737656
282,5,1000,1,2.74,3,-0.04119386586919427
282,6,1000,2,2.95,4,-0.041193214841187
282,7,1000,3,7.38,7,-0.04119357192888856
282,8,1000,2,3.36,3,-0.04119425437599421
282,9,1000,2,3.45,2,-0.04119459984079003
282,10,1000,2,3.83,2,-0.04119456173107028
282,11,1000,3,4.41,3,-0.04119425662234426
282,12,125,4,10.0,2,-0.0411938536465168
282,13,1000,3,5.09,2,-0.04119454247877002
282,14,1000,3,7.9,5,-0.041195192620158194
282,15,117,5,10.04,4,-0.041195832479458586
282,16,1000,4,3.89,3,-0.04119595497846604
282,17,1000,2,2.82,3,-0.041195964820683
282,18,1000,1,2.71,3,-0.04119568388164043
282,19,1000,2,4.85,3,-0.0411958115324378
282,20,1000,3,6.35,3,-0.041195776868611575
282,21,1000,3,6.95,5,-0.04119585888832807
282,22,122,5,10.06,3,-0.04119592993596538
282,23,1000,2,3.66,2,-0.04119572405517101
282,24,314,4,10.0,3,-0.041195767118957394
282,25,1000,2,5.03,3,-0.041196421399712566
282,26,1000,1,2.63,2,-0.04119657219573855
282,27,128,5,10.08,3,-0.04119655193062499
282,28,107,4,10.09,2,-0.04119641789905379
282,29,1000,4,9.08,11,-0.0411960085965693
282,30,1000,3,7.76,4,-0.041196423538029193
282,31,1000,3,6.18,8,-0.041196405183523896
282,32,1000,2,5.68,3,-0.04119622345268727
282,33,1000,2,9.47,7,-0.04119643959403038
282,34,101,4,10.1,4,-0.041196411346444986
282,35,1000,2,2.87,1,-0.04119643272086978
282,36,1000,2,4.56,4,-0.04119652954488993
282,37,111,4,10.1,3,-0.0411966468232709
282,38,1000,4,2.93,1,-0.041196577236056325
282,39,1000,1,2.78,3,-0.04119647840410471
282,40,1000,1,2.61,2,-0.04119682831689715
282,41,1000,1,2.89,4,-0.041197164803743365
283,1,1000,3,5.37,3,3.089234232902527e-05
283,2,1000,3,5.81,3,3.087744861841202e-05
283,3,1000,3,6.29,3,3.117336705327034e-05
283,4,1000,3,3.99,3,3.1239788979291917e-05
283,5,1000,3,3.95,3,3.0445799231529236e-05
283,6,1000,4,4.09,3,2.9870346188545228e-05
283,7,1000,4,4.09,3,3.0063662678003312e-05
283,8,1000,3,4.38,1,2.9294349253177642e-05
283,9,1000,2,3.89,7,2.972112223505974e-05
283,10,1000,2,3.89,7,2.9526636004447937e-05
283,11,1000,2,3.63,6,2.9087942093610762e-05
283,12,1000,2,5.09,13,2.8647407889366148e-05
283,13,1000,2,3.73,1,2.8015747666358948e-05
283,14,116,5,10.09,6,2.708716382240427e-05
283,15,1000,4,7.72,1,2.6561789214611054e-05
283,16,137,4,10.07,5,2.658013662282568e-05
283,17,113,4,10.01,6,2.721367420348446e-05
283,18,110,4,10.02,3,2.590749751437794e-05
283,19,107,4,10.05,3,2.5774343548534074e-05
283,20,141,4,10.1,3,2.598463960573183e-05
283,21,116,4,10.09,3,2.5866007239654147e-05
283,22,116,4,10.07,3,2.6483570450338825e-05
283,23,105,4,10.11,2,2.5409885815211706e-05
283,24,1000,3,7.7,3,2.6381444185972214e-05
283,25,107,3,10.11,14,2.39674733063885e-05
283,26,96,3,10.06,7,2.5966747974356014e-05
283,27,101,3,10.05,9,2.568004892604186e-05
283,28,169,4,10.08,3,2.4113627756841085e-05
283,29,104,4,10.06,5,2.4814695979540164e-05
283,30,1000,3,8.59,3,2.375020831823349e-05
283,31,1000,2,5.42,3,2.2652916610240935e-05
284,1,1000,3,5.37,3,0.03699568857252598
284,2,1000,3,3.77,2,0.036995923794806006
284,3,1000,2,3.26,2,0.03699688037112355
284,4,1000,3,4.3,2,0.03699677557870746
284,5,1000,2,3.08,3,0.03699664242938161
284,6,1000,2,2.84,2,0.03699707673862576
284,7,1000,2,2.85,2,0.03699806421995163
284,8,1000,2,3.51,5,0.03699863837659359
284,9,1000,3,3.39,2,0.03699800068512559
284,10,1000,5,6.45,4,0.03699857644736767
284,11,1000,5,4.92,1,0.037000120684504506
284,12,1000,2,3.49,5,0.03700128235667944
284,13,1000,3,3.99,3,0.03700209894403815
284,14,1000,5,4.49,2,0.03700142966210842
284,15,127,4,10.03,5,0.03700075829474945
284,16,1000,5,4.88,2,0.03700128479301929
284,17,1000,3,6.22,5,0.03700076194107532
284,18,1000,2,5.01,5,0.037002241909503936
284,19,1000,2,5.12,6,0.03700386122986674
285,1,1000,3,5.38,3,-0.08754381577670574
285,2,1000,3,4.98,2,-0.087544248431921
285,3,1000,4,7.93,3,-0.08754480998963117
285,4,1000,2,3.67,3,-0.0875449632704258
285,5,1000,3,4.63,3,-0.08754521945118904
285,6,1000,2,4.15,4,-0.08754590818285943
285,7,1000,2,3.99,3,-0.08754636005312204
285,8,1000,2,4.0,3,-0.08754591848701239
285,9,1000,3,4.03,3,-0.08754545012861491
285,10,1000,2,4.36,6,-0.08754495736956597
285,11,1000,2,3.08,2,-0.08754409483075141
285,12,1000,1,2.84,4,-0.08754278779029846
285,13,1000,2,3.12,1,-0.08754367556422948
285,14,1000,2,4.0,5,-0.08754325339198113
285,15,1000,2,2.72,1,-0.08754251885414123
285,16,1000,1,2.64,2,-0.08754262593388558
285,17,1000,2,5.0,5,-0.0875424302816391
285,18,1000,2,4.93,3,-0.08754207787662745
285,19,1000,2,3.72,2,-0.08754156105965376
285,20,187,5,10.06,4,-0.08754146744541944
285,21,1000,3,4.08,2,-0.08754224047809839
285,22,103,4,10.05,3,-0.08754152508036604
285,23,120,5,10.03,7,-0.08754102867096662
285,24,1000,5,7.95,1,-0.0875414192005992
285,25,91,3,10.04,3,-0.08754175696726683
285,26,1000,3,4.66,4,-0.08754221743345261
285,27,88,3,10.02,2,-0.08754183986986225
285,28,1000,4,7.78,2,-0.08754171646386386
285,29,1000,5,8.64,3,-0.08754194071888924
285,30,1000,3,5.59,7,-0.08754167970269919
285,31,1000,2,7.26,5,-0.08754196602106094
285,32,1000,3,6.34,6,-0.08754210568964481
285,33,1000,1,2.89,4,-0.08754287842661142
286,1,1000,3,5.31,3,-0.03586449287831783
286,2,1000,3,4.18,2,-0.03586382580175996
286,3,1000,3,5.0,2,-0.03586275633051991
286,4,1000,2,3.31,3,-0.03586221216619015
286,5,1000,3,3.34,1,-0.035861707530915735
286,6,1000,3,2.96,1,-0.03586039369180798
286,7,1000,1,3.12,7,-0.03585991659760475
286,8,1000,2,4.42,5,-0.03585902110859752
286,9,1000,3,5.06,3,-0.035858489241451026
286,10,1000,2,2.76,1,-0.03585913392901421
286,11,1000,2,3.28,2,-0.03585839458554983
286,12,1000,2,4.52,4,-0.035858821630477905
286,13,1000,3,9.29,4,-0.03585874884948134
286,14,1000,2,3.67,3,-0.035857928927987816
286,15,1000,2,3.64,4,-0.03585853789746761
286,16,1000,1,2.55,1,-0.03585803508758545
286,17,1000,2,3.27,2,-0.03585810860618949
286,18,1000,2,4.13,2,-0.0358579187951982
286,19,1000,1,2.64,2,-0.03585822933912277
286,20,1000,3,3.76,3,-0.035858137905597685
286,21,1000,3,4.58,6,-0.03585787655040622
286,22,1000,3,6.3,3,-0.03585796169936657
286,23,1000,3,3.42,2,-0.03585730019956827
286,24,962,6,10.0,3,-0.035856598852639886
286,25,192,5,10.06,3,-0.035855851019732654
286,26,1000,4,4.1,1,-0.035856502234935764
286,27,1000,4,8.12,4,-0.03585670550912619
286,28,1000,2,3.47,5,-0.03585766546428203
286,29,1000,2,5.3,4,-0.03585843873023987
286,30,1000,1,2.79,3,-0.03585715306922793
286,31,1000,2,2.99,3,-0.035856754619628194
286,32,1000,2,3.77,2,-0.03585707527771592
286,33,1000,2,3.05,1,-0.03585890844091773
286,34,1000,2,4.56,2,-0.03585904850065708
286,35,1000,2,3.08,3,-0.035859037186950445
286,36,1000,2,3.09,3,-0.03585918293893337
286,37,1000,4,5.3,1,-0.035859613969922065
286,38,1000,2,2.67,1,-0.03586040809750557
286,39,1000,2,2.67,1,-0.03586028888821602
286,40,1000,2,2.64,1,-0.035859834402799606
286,41,1000,2,2.69,1,-0.03586054593324661
286,42,1000,2,2.68,1,-0.035859812051057816
286,43,1000,2,2.71,1,-0.03586004301905632
287,1,1000,3,5.39,3,-0.06871178121119738
287,2,1000,3,4.05,3,-0.06871108054369689
287,3,1000,3,4.31,2,-0.06871038970351219
287,4,1000,2,3.19,3,-0.06871039614081383
287,5,1000,3,4.17,5,-0.06870971801131964
287,6,1000,3,4.61,4,-0.06870987384021282
287,7,1000,2,3.19,3,-0.06870978577435016
287,8,1000,1,3.11,5,-0.06870990972220897
287,9,1000,1,3.51,9,-0.06871062292158604
287,10,1000,2,3.2,2,-0.06871126509457827
287,11,1000,2,3.67,4,-0.06871082513034343
287,12,947,4,10.0,3,-0.06871065616198553
287,13,1000,3,5.62,2,-0.06871078708022833
287,14,1000,2,3.2,2,-0.06871112022548914
287,15,1000,2,4.05,4,-0.06871153764426709
287,16,1000,3,4.71,3,-0.06871208474040032
287,17,1000,2,3.64,2,-0.06871129406243563
287,18,1000,2,4.36,2,-0.06871146125346422
287,19,93,2,10.01,14,-0.0687110288649477
287,20,1000,3,3.83,3,-0.06871054464578628
287,21,1000,1,2.72,2,-0.06871080920100212
287,22,1000,4,7.13,3,-0.06871149212867021
287,23,1000,3,8.62,2,-0.0687110288515687
287,24,1000,2,4.01,7,-0.06871208446472883
287,25,1000,3,4.44,2,-0.06871213971078396
287,26,1000,2,3.79,6,-0.06871196506917476
287,27,1000,2,3.48,3,-0.06871244524419308
287,28,1000,2,2.93,2,-0.06871154066175222
287,29,1000,1,2.84,3,-0.06871237349510192
287,30,1000,2,3.16,3,-0.06871244341880083
287,31,1000,3,4.03,2,-0.06871253529936075
287,32,1000,3,3.81,3,-0.06871254831552505
287,33,1000,2,3.64,5,-0.06871246309578419
287,34,1000,3,3.93,5,-0.06871196511387825
287,35,1000,3,4.69,3,-0.06871207575500012
287,36,1000,2,3.17,3,-0.06871163956075907
287,37,1000,3,4.72,5,-0.06871154800802469
287,38,1000,4,5.34,3,-0.0687131430208683
287,39,1000,2,2.87,1,-0.0687131806910038
287,40,1000,5,4.55,3,-0.06871384058147668
287,41,991,4,10.0,7,-0.06871408161704404
287,42,1000,3,5.84,2,-0.06871434804052115
287,43,1000,3,4.71,3,-0.06871460416913032
287,44,1000,2,2.76,1,-0.0687146931886673
287,45,1000,1,3.1,5,-0.06871468804776669
287,46,1000,3,3.29,1,-0.0687152342647314
287,47,1000,3,3.61,2,-0.06871478568017483
287,48,1000,3,4.26,3,-0.06871494641155004
287,49,1000,1,2.75,2,-0.06871473813056946
288,1,1000,3,5.44,3,-0.07215695929527283
288,2,1000,3,3.88,2,-0.07215806083381177
288,3,1000,3,4.36,2,-0.07215921988338232
288,4,1000,1,2.84,3,-0.07216009007394314
288,5,1000,2,3.75,2,-0.07216133265197278
288,6,1000,4,7.61,3,-0.07216252572089434
288,7,1000,2,3.76,3,-0.07216369350999594
288,8,1000,2,3.79,3,-0.07216305845230818
288,9,1000,1,3.03,5,-0.07216355092078447
288,10,1000,2,5.05,5,-0.07216470317542553
288,11,1000,2,4.06,5,-0.07216445337980985
288,12,1000,2,3.75,3,-0.07216486738622188
288,13,1000,2,5.08,5,-0.07216595563292504
288,14,1000,2,3.13,3,-0.07216670139878988
288,15,1000,4,7.08,3,-0.07216716182976961
288,16,1000,2,3.79,4,-0.0721666254773736
288,17,1000,3,5.83,1,-0.07216638742387295
288,18,1000,2,4.14,4,-0.0721673899665475
288,19,1000,2,4.6,5,-0.07216787067055702
288,20,1000,1,3.07,5,-0.07216796212643385
288,21,1000,2,9.47,10,-0.07216845148801804
288,22,298,5,10.09,3,-0.07216958026557961
288,23,101,3,10.05,6,-0.0721703570077915
288,24,125,4,10.02,3,-0.07217006176710129
288,25,194,5,10.09,5,-0.07216972615761855
288,26,122,6,10.08,3,-0.07217046887171073
288,27,102,4,10.04,1,-0.07217083630316398
288,28,94,3,10.09,4,-0.07217035355403069
288,29,102,3,10.07,4,-0.07216967803006079
288,30,104,4,10.1,2,-0.07217034453955981
288,31,1000,4,5.9,1,-0.07217013705521821
288,32,310,6,10.05,3,-0.07217071359196017
288,33,205,5,10.06,3,-0.07217212562880865
288,34,111,4,10.0,3,-0.07217159679344108
288,35,1000,4,5.78,1,-0.07217077044397592
288,36,1000,2,4.64,4,-0.07217022539675236
289,1,1000,3,5.26,3,0.01429973290860653
289,2,1000,3,4.0,3,0.014299910311587154
289,3,1000,3,5.67,3,0.014299708689562976
289,4,1000,2,3.13,2,0.01429965572245419
289,5,1000,2,3.71,4,0.014299648438580333
289,6,1000,2,3.07,1,0.014299928829073907
289,7,1000,2,3.97,2,0.014299768077209592
289,8,1000,2,4.34,5,0.01429982521943748
289,9,1000,2,4.37,5,0.014299667992629111
289,10,1000,2,5.07,5,0.014299700040370227
289,11,1000,2,3.99,3,0.014299374028109013
289,12,1000,2,2.69,1,0.01429906788561493
289,13,1000,2,2.71,1,0.014299038778990508
290,1,1000,3,5.39,3,0.1141145809739828
290,2,1000,3,4.72,3,0.11411503839492798
290,3,1000,3,5.05,2,0.11411554857343435
290,4,1000,3,5.04,2,0.1141159710586071
290,5,1000,3,9.37,5,0.11411615503579378
290,6,1000,4,7.75,4,0.11411649510264396
290,7,750,3,10.0,3,0.11411690643429756
290,8,1000,3,3.74,1,0.11411643113195896
290,9,1000,3,3.88,1,0.11411710720509291
290,10,1000,3,3.69,4,0.11411740440875291
290,11,1000,3,4.74,2,0.1141176260188222
290,12,1000,3,5.3,1,0.11411813991516828
290,13,1000,4,7.05,1,0.11411747339367867
290,14,1000,4,8.38,1,0.11411792130768299
290,15,1000,2,6.06,7,0.114117661036551
290,16,1000,4,5.46,2,0.1141175481453538
290,17,1000,3,4.7,4,0.11411760509759188
290,18,941,3,10.0,3,0.11411734311727612
290,19,1000,2,4.05,4,0.11411434555053711
290,20,1000,2,2.91,2,0.1141140852868557
290,21,1000,3,4.11,3,0.11411384374648333
290,22,1000,3,5.12,3,0.11411415660381317
290,23,1000,3,3.69,8,0.1141132777556777
290,24,1000,3,6.51,7,0.11411272497475147
290,25,124,4,10.04,3,0.11411298498991997
290,26,1000,4,3.62,3,0.1141127476990223
290,27,1000,2,3.46,2,0.11411210456490517
291,1,1000,3,5.39,3,0.03545269615575671
291,2,1000,3,3.97,2,0.035453016705811025
291,3,1000,3,3.83,1,0.035452499959617856
291,4,1000,3,3.79,1,0.03545185574144125
291,5,1000,3,3.88,1,0.035451005779206755
291,6,1000,3,5.14,2,0.03544932337477803
291,7,1000,2,3.7,3,0.03544828188419342
291,8,1000,3,6.51,3,0.035448018077760934
291,9,1000,3,5.19,2,0.03544656320661306
291,10,1000,2,3.69,3,0.03544592485204339
291,11,1000,3,5.96,2,0.035444186612963675
291,12,1000,3,6.01,2,0.035440991546958685
291,13,1000,4,8.98,2,0.035441904809325936
291,14,844,4,10.0,7,0.03543868678140838
291,15,110,4,10.08,6,0.03543727655302394
291,16,602,6,10.0,3,0.035437504064749645
291,17,1000,2,3.78,3,0.035440586484968666
291,18,1000,2,3.77,2,0.035444322481751445
291,19,1000,2,2.74,1,0.0354440998584032
291,20,1000,2,3.16,1,0.035445086404681206
291,21,1000,5,5.0,1,0.035444768462330106
291,22,1000,3,5.35,4,0.0354452993273735
291,23,1000,3,7.82,5,0.03544450733438134
291,24,1000,2,3.37,4,0.03544566044956446
291,25,1000,2,4.87,3,0.03544559590518474
291,26,1000,3,7.81,5,0.03544564068689943
291,27,1000,3,7.62,3,0.035444939725100995
291,28,1000,3,6.31,3,0.03544430440664292
291,29,1000,3,5.88,5,0.035443880073726175
291,30,1000,3,4.67,3,0.03544327505677938
291,31,1000,2,2.94,1,0.03544357861578464
291,32,1000,2,3.51,2,0.035442959427833556
291,33,1000,3,5.61,2,0.035442146066576245
291,34,1000,2,2.95,2,0.03544177647680044
291,35,1000,1,2.88,4,0.0354413155503571
291,36,1000,3,4.86,3,0.035440229527652266
291,37,1000,4,4.12,3,0.03544103050976992
291,38,1000,4,7.68,3,0.035439511373639106
291,39,1000,4,7.42,3,0.0354397067129612
291,40,1000,4,7.81,3,0.03543978283181787
291,41,1000,3,6.41,4,0.035440137468278406
291,42,1000,1,2.68,2,0.03543830960988999
291,43,1000,1,2.66,2,0.03543668349832296
292,1,1000,3,5.42,3,-0.03494791501387954
292,2,1000,3,5.16,3,-0.03494712930172682
292,3,1000,3,7.34,4,-0.03494715368002653
292,4,1000,3,9.18,5,-0.034947059750556946
292,5,1000,3,6.05,2,-0.03494809315726161
292,6,1000,3,5.12,3,-0.03494758201390505
292,7,1000,2,3.32,2,-0.03494796461984515
292,8,1000,1,2.75,3,-0.03494743651896715
292,9,1000,3,7.47,5,-0.034947924546897415
292,10,1000,3,6.91,4,-0.03494685101509094
292,11,1000,4,9.87,3,-0.03494598769769072
292,12,1000,3,6.04,1,-0.03494624838978052
292,13,1000,3,8.07,5,-0.034947827495634555
292,14,1000,3,6.84,5,-0.03494921470806003
292,15,1000,1,2.74,3,-0.03495102166384458
292,16,1000,1,3.0,5,-0.03495036529004574
292,17,894,5,10.0,3,-0.03494949177140891
292,18,661,5,10.0,4,-0.03494825743352952
292,19,1000,4,8.33,4,-0.03494736101850867
292,20,1000,3,4.43,3,-0.034948379654437305
292,21,1000,3,5.33,4,-0.03494975644350052
292,22,1000,3,4.17,2,-0.03495049880445004
292,23,1000,1,2.77,3,-0.03495280923694372
292,24,1000,1,2.66,2,-0.0349527856707573
292,25,1000,1,2.87,4,-0.034952347494661806
292,26,1000,1,2.62,1,-0.03495211526751518
293,1,1000,3,5.34,3,0.1004165669605136
293,2,1000,3,4.2,2,0.10041692316532135
293,3,1000,2,3.67,3,0.10041663076728582
293,4,1000,3,5.07,2,0.10041679253429174
293,5,1000,3,4.48,2,0.1004168330654502
293,6,1000,2,2.67,1,0.10041618347167969
293,7,1000,1,2.66,2,0.10041645438224077
293,8,1000,2,3.38,3,0.1004169725254178
293,9,1000,2,4.27,6,0.10041816142201423
293,10,1000,3,7.33,5,0.10041817926615476
293,11,1000,3,6.39,3,0.10041830279678106
293,12,1000,2,3.11,2,0.10041895455121994
293,13,1000,2,4.08,4,0.10041904884576798
293,14,1000,2,3.05,4,0.1004184121415019
293,15,267,3,10.0,6,0.10041817302784223
293,16,1000,3,8.15,2,0.1004191757813096
293,17,1000,3,6.59,2,0.10041936929523945
293,18,1000,3,4.05,3,0.10042059962451458
293,19,1000,3,7.9,4,0.10042043370008469
293,20,1000,2,3.06,2,0.10041960316896438
294,1,1000,3,5.37,3,-0.00514038551505655
294,2,1000,3,3.87,2,-0.0051415200466290115
294,3,1000,3,5.13,2,-0.005142213904298842
294,4,1000,3,6.68,2,-0.005143576636910439
294,5,113,3,10.08,8,-0.005145295391238368
294,6,1000,3,5.22,3,-0.005146230351179839
294,7,1000,3,7.53,3,-0.005147432587109506
294,8,1000,4,5.11,2,-0.0051473906375467775
294,9,1000,4,9.42,4,-0.005149383275769651
294,10,1000,4,9.45,3,-0.005148363545536995
294,11,521,4,10.0,4,-0.0051508160190023985
294,12,1000,2,2.84,2,-0.005150803311727941
294,13,1000,2,2.76,1,-0.005151458548381924
294,14,1000,2,3.48,2,-0.005150143637321889
295,1,1000,3,5.44,3,0.009757376158609986
295,2,1000,3,4.97,2,0.009755378045141696
295,3,1000,4,6.09,2,0.009753777994774282
295,4,1000,3,4.51,2,0.009752349029295147
295,5,1000,2,3.21,2,0.009751810898073018
295,6,1000,2,4.45,5,0.009751288762316108
295,7,1000,3,6.95,2,0.009751394485123455
295,8,1000,2,3.1,2,0.009751518038101495
295,9,1000,1,2.53,1,0.00975052174180746
295,10,1000,3,3.5,2,0.0097511694310233
295,11,1000,5,6.11,3,0.009750811025500298
295,12,1000,5,8.83,3,0.009750545966438949
295,13,166,5,10.05,3,0.00974995324231056
295,14,1000,3,9.1,6,0.009750816361047328
295,15,1000,3,6.65,2,0.009751398743130267
295,16,124,4,10.06,3,0.009751680096791636
295,17,1000,4,6.86,2,0.009751701683737337
295,18,1000,1,2.61,2,0.00975214321911335
295,19,1000,3,5.35,2,0.009751911122351884
295,20,105,4,10.03,6,0.009752887283407506
295,21,96,3,10.06,5,0.009753124739897126
295,22,101,4,10.07,4,0.009753119430993454
295,23,1000,3,6.92,2,0.00975339769385755
295,24,1000,2,6.06,3,0.009753302560187875
296,1,1000,3,5.35,3,-0.1058134153187275
296,2,1000,3,5.14,3,-0.10581307052075863
296,3,1000,3,3.87,2,-0.10581300930678844
296,4,1000,2,2.85,2,-0.10581406919658184
296,5,1000,2,2.8,2,-0.10581422474235297
296,6,1000,1,2.73,3,-0.10581587195396423
296,7,1000,2,4.34,5,-0.10581554935872554
296,8,1000,2,2.8,2,-0.10581721886247396
296,9,1000,3,3.56,3,-0.10581639306247234
296,10,1000,1,2.69,3,-0.10581813049316406
296,11,1000,3,6.57,5,-0.10581739743798971
296,12,1000,3,5.18,3,-0.10581688965111971
296,13,1000,3,4.28,2,-0.10581682831048965
296,14,1000,2,3.01,2,-0.10581806489825249
296,15,1000,1,2.97,5,-0.10581841323524714
296,16,1000,1,2.85,4,-0.10581884562969207
296,17,1000,2,4.4,5,-0.10581825844198466
296,18,1000,3,7.36,4,-0.10581724260747433
296,19,1000,2,3.06,3,-0.10581794989109039
296,20,1000,3,3.14,1,-0.105816923327744
296,21,1000,2,2.71,1,-0.10581828667968511
296,22,1000,1,2.76,3,-0.10581820468604565
296,23,1000,1,2.66,2,-0.10581771180778742
296,24,1000,2,3.28,6,-0.10581815627217293
296,25,1000,1,2.75,3,-0.10581859480589628
296,26,1000,3,3.14,2,-0.10581923692673445
296,27,1000,2,2.88,1,-0.10581994580477476
296,28,1000,1,2.56,1,-0.10582108050584793
296,29,1000,2,3.02,3,-0.10581986656039953
296,30,1000,2,3.35,3,-0.10581974068284035
296,31,1000,4,8.81,3,-0.10581968714296817
296,32,1000,3,5.57,3,-0.10581933971494437
296,33,1000,3,4.87,3,-0.10581929787248373
296,34,1000,2,3.17,3,-0.10582056266069412
296,35,1000,2,3.12,3,-0.10582152351737023
296,36,1000,2,2.9,2,-0.10582310860604048
296,37,1000,3,2.77,1,-0.105825275182724
296,38,1000,1,2.64,2,-0.10582594112306833
297,1,1000,3,5.41,3,-0.0003597074046265334
297,2,1000,3,6.44,3,-0.0003583332810085267
297,3,1000,3,6.5,3,-0.0003575255468022078
297,4,1000,3,6.83,2,-0.00035681576351635156
297,5,201,5,10.08,2,-0.0003564574960468624
297,6,608,5,10.0,3,-0.00035554354575364605
297,7,1000,3,8.16,5,-0.00035494268382899464
297,8,1000,3,4.44,2,-0.0003540307383518666
297,9,103,3,10.07,3,-0.00035322226784011184
297,10,229,6,10.05,3,-0.00035156007026480797
297,11,174,5,10.06,2,-0.00034935206132031036
297,12,223,5,10.01,2,-0.00034871528701931905
297,13,1000,4,4.82,1,-0.0003491055276244879
297,14,1000,2,6.89,4,-0.0003486417680978775
297,15,1000,3,7.52,4,-0.000349534897133708
297,16,281,3,10.0,7,-0.00034845949173822096
297,17,1000,2,4.11,3,-0.000345599727705121
297,18,1000,2,3.8,3,-0.000345174141228199
297,19,1000,2,4.26,4,-0.0003454900123178959
297,20,1000,3,4.73,1,-0.00034433905966579914
297,21,1000,3,4.69,4,-0.0003422610554844141
297,22,1000,2,3.44,2,-0.0003423434756696224
297,23,1000,2,4.18,3,-0.0003407041374593973
297,24,1000,3,3.86,1,-0.00033955055475234984
297,25,1000,3,3.3,1,-0.0003383097071200609
297,26,1000,3,5.93,3,-0.0003381894528865814
297,27,1000,3,8.73,10,-0.00033566776104271414
297,28,129,4,10.06,3,-0.0003341961536527604
297,29,111,4,10.08,5,-0.0003351194800825806
297,30,1000,3,3.09,1,-0.0003345510270446539
298,1,1000,3,5.48,3,-0.021109743315726518
298,2,1000,3,4.69,3,-0.021109041636809708
298,3,1000,3,3.98,2,-0.021108792413026094
298,4,1000,2,3.74,2,-0.02110869332961738
298,5,1000,2,3.16,2,-0.021108522595837714
298,6,1000,5,8.71,2,-0.02110768004320562
298,7,1000,3,4.27,3,-0.021108465626835823
298,8,1000,2,3.14,2,-0.021108630537986756
298,9,1000,2,3.76,2,-0.021109434960409998
298,10,888,3,10.0,4,-0.021110193568978225
298,11,1000,5,9.62,2,-0.021110728798434137
298,12,1000,4,7.48,3,-0.0211090804412961
298,13,1000,5,9.61,2,-0.02110886281915009
298,14,1000,4,9.2,5,-0.021108966946601866
298,15,1000,2,3.33,5,-0.021109134633094072
298,16,1000,2,3.9,3,-0.021109313335269688
298,17,1000,4,6.94,1,-0.021109153643250465
298,18,131,4,10.11,4,-0.021109010355959412
298,19,1000,4,8.16,5,-0.02110958241671324
298,20,97,4,10.08,2,-0.021108535915305933
298,21,1000,2,3.44,2,-0.021107129514217376
298,22,1000,3,4.22,1,-0.0211070023663342
298,23,1000,3,4.9,3,-0.02110631022416055
298,24,1000,3,4.02,2,-0.021106869069859386
298,25,1000,2,5.8,6,-0.021106284398585556
298,26,1000,3,5.41,3,-0.021106241790577768
298,27,1000,2,3.59,2,-0.0211055974252522
298,28,1000,3,7.27,4,-0.02110497472062707
298,29,1000,2,4.23,4,-0.02110559559427202
298,30,1000,1,2.98,4,-0.021106307623907923
298,31,1000,1,2.82,3,-0.0211055262144655
298,32,1000,1,3.1,5,-0.021105839755386113
298,33,1000,1,2.66,1,-0.02110539749264717
299,1,1000,3,5.57,3,-0.11461773527413607
299,2,1000,3,4.06,3,-0.11461632749438286
299,3,1000,3,5.26,2,-0.11461595551669598
299,4,1000,3,3.85,1,-0.11461569102108479
299,5,1000,2,5.44,7,-0.11461551489681006
299,6,1000,3,5.75,3,-0.11461551713943481
299,7,684,4,10.0,7,-0.11461484547682672
299,8,1000,3,5.8,6,-0.1146145083680749
299,9,1000,3,3.88,1,-0.11461525215953589
299,10,1000,3,3.96,1,-0.11461544532328843
299,11,90,3,10.06,3,-0.11461494622959031
299,12,107,4,10.1,3,-0.11461462735015655
299,13,111,5,10.02,3,-0.1146139165571144
299,14,107,5,10.1,4,-0.11461358141397761
299,15,128,6,10.06,4,-0.11461370787583292
299,16,1000,4,4.95,1,-0.11461412993073464
299,17,1000,4,9.46,3,-0.11461410854011773
299,18,1000,4,9.51,3,-0.11461328931897878
299,19,101,3,10.09,11,-0.1146123494842265
299,20,988,4,10.0,3,-0.11461353580267565
299,21,357,2,10.0,21,-0.1146138259718398
299,22,96,3,10.0,14,-0.11461373899752895
299,23,91,3,10.1,3,-0.11461286320463641
299,24,106,3,10.02,16,-0.11461308654749168
299,25,118,5,10.05,3,-0.1146134148209782
299,26,163,5,10.04,3,-0.11461325469741061
299,27,1000,4,7.25,3,-0.1146125933676958
299,28,1000,3,3.46,1,-0.11461220007389784
299,29,1000,1,2.74,3,-0.11461237175762654
299,30,1000,1,2.75,3,-0.11461252412199974
299,31,88,2,10.11,17,-0.11461268822577866
299,32,1000,2,6.93,10,-0.11461291521042585
299,33,1000,2,3.37,2,-0.11461308085918427
299,34,1000,1,2.81,3,-0.11461264878511429
299,35,1000,1,2.75,3,-0.11461278481781483
299,36,1000,2,6.1,17,-0.11461317150294781
299,37,63,3,10.04,3,-0.1146135235589648
299,38,991,3,10.0,4,-0.11461371316468319
299,39,98,3,10.01,10,-0.1146146122138111
299,40,90,3,10.02,4,-0.11461542894442876
299,41,110,4,10.02,2,-0.11461587717587297
299,42,103,3,10.04,3,-0.11461677503527946
299,43,93,3,10.03,3,-0.11461646318115214
299,44,93,3,10.01,10,-0.11461754271420099
299,45,96,3,10.1,7,-0.11461677456585069
299,46,1000,4,8.05,3,-0.11461630138754844
299,47,385,4,10.0,1,-0.11461671704982783
299,48,86,3,10.02,6,-0.11461750184034192
299,49,1000,3,3.71,2,-0.11461754725128412
299,50,1000,1,4.68,20,-0.11461782146990299
299,51,1000,1,3.36,8,-0.11461819060146809
299,52,95,2,10.01,18,-0.11461813253791708
299,53,75,2,10.03,7,-0.11461857199668884
299,54,76,3,10.08,18,-0.11461848932269372
299,55,100,3,10.06,4,-0.11461917266249656
299,56,1000,3,8.19,3,-0.11461933505535125
299,57,99,4,10.0,3,-0.11461971060495184
299,58,1000,4,5.57,1,-0.11462076453119516
299,59,1000,4,3.65,1,-0.11462040883302689
299,60,1000,5,6.79,1,-0.11462061738222837
299,61,1000,5,9.74,1,-0.11462049156427384
299,62,1000,2,5.59,7,-0.11462129687517882
299,63,1000,2,6.02,8,-0.11462148842215537
299,64,1000,2,4.72,5,-0.11462208181619644
299,65,344,2,10.0,4,-0.11462301282255455
299,66,1000,2,4.46,2,-0.11462449564039708
299,67,1000,2,3.48,1,-0.11462482517957687
299,68,1000,2,4.49,2,-0.11462503804266452
299,69,1000,2,7.48,5,-0.11462537498772145
299,70,1000,3,6.61,2,-0.11462528147548437
299,71,182,4,10.01,4,-0.11462598355425584
299,72,1000,2,7.49,5,-0.11462672846019269
299,73,1000,2,9.46,7,-0.11462739369273185
299,74,1000,2,6.5,4,-0.11462812554091215
299,75,1000,2,5.44,3,-0.11462895653396844
299,76,1000,1,3.33,8,-0.11462945286929607
299,77,141,3,10.05,3,-0.11462906948852201
299,78,132,3,10.01,3,-0.11462927316174362
299,79,96,4,10.09,5,-0.11463178282914062
299,80,1000,2,3.75,4,-0.11462994206696749
300,1,1000,3,5.69,3,-0.004138971837237477
300,2,1000,3,5.25,2,-0.004138109040446579
300,3,1000,4,6.55,3,-0.004137201313860714
300,4,1000,2,2.83,2,-0.004135635156184435
300,5,1000,4,7.04,5,-0.004134444056078792
300,6,133,5,10.02,4,-0.004134034496360928
300,7,1000,3,3.0,1,-0.004133665324188769
300,8,1000,3,3.49,3,-0.004132561733946204
300,9,1000,3,3.7,1,-0.004132369352504611
300,10,1000,2,2.77,1,-0.004131791880354285
300,11,1000,2,3.13,2,-0.004133785849437118
300,12,1000,1,2.72,3,-0.004133504943922162
300,13,1000,1,3.03,5,-0.004133375766687095
300,14,1000,2,3.83,4,-0.004132373504340649
300,15,1000,2,4.51,6,-0.004131610887125135
300,16,1000,1,2.88,4,-0.0041305765695869925
300,17,118,3,10.05,6,-0.004129386996313677
300,18,101,4,10.1,5,-0.004129459611186296
300,19,1000,3,5.07,6,-0.004129367991350591
300,20,1000,4,6.95,1,-0.004128749439492822
300,21,115,4,10.03,3,-0.004127440261452095
300,22,740,3,10.0,2,-0.004126072273514158
300,23,100,3,10.02,3,-0.00412639913149178
300,24,137,4,10.0,2,-0.00412753926603681
300,25,97,3,10.03,11,-0.004126396260617934
300,26,99,3,10.02,10,-0.004124231250824953
300,27,102,4,10.06,4,-0.004123124622685068
300,28,131,3,10.0,4,-0.004122323605395456
300,29,1000,3,8.42,2,-0.0041220267964527015
300,30,1000,1,2.77,3,-0.004122261364012956
300,31,1000,0,2.42,0,-0.004119732417166233
300,32,1000,0,2.4,0,-0.004120266996324062
300,33,1000,0,2.41,0,-0.00411642249673605
300,34,1000,1,2.76,3,-0.004117903288453817
300,35,1000,1,3.09,6,-0.0041161028668284414
300,36,1000,1,3.33,8,-0.004116414743475616
300,37,1000,1,2.75,3,-0.004116446528583765
301,1,1000,3,5.65,3,-0.03256665323674679
301,2,1000,3,5.22,3,-0.032565512143075466
301,3,1000,3,5.37,3,-0.032564569648355246
301,4,1000,3,4.14,1,-0.032563960142433644
301,5,1000,3,7.65,4,-0.032563065227121116
301,6,238,3,10.0,7,-0.03256231911104767
301,7,1000,3,8.43,3,-0.03256234158203006
301,8,1000,4,7.36,2,-0.032560856472700836
301,9,1000,4,6.86,1,-0.03256085968762636
301,10,829,4,10.0,3,-0.032559925094875986
301,11,1000,3,7.35,2,-0.03255864820256829
301,12,206,3,10.0,5,-0.03255780216631959
301,13,1000,3,9.84,4,-0.03255798546969891
301,14,1000,3,6.01,2,-0.03255766284838319
301,15,1000,3,8.33,2,-0.0325569058097899
301,16,120,3,10.05,7,-0.03255666233599186
301,17,103,3,10.03,7,-0.032556956254162835
301,18,95,3,10.01,5,-0.03255666780628656
301,19,100,4,10.1,3,-0.032556506283581255
301,20,1000,3,6.82,3,-0.032557035844773055
301,21,1000,3,4.54,1,-0.032556975215673446
301,22,1000,2,3.29,1,-0.03255582134798169
301,23,1000,3,4.25,4,-0.032555053271353246
301,24,1000,3,5.86,7,-0.032554403584450484
301,25,1000,3,4.95,2,-0.032553743068128825
301,26,1000,2,2.92,2,-0.03255415891110897
301,27,1000,2,2.92,3,-0.0325536454282701
301,28,1000,2,3.58,3,-0.03255293560028076
301,29,1000,2,3.84,4,-0.03255225627496838
301,30,111,5,10.07,3,-0.03255191760825681
301,31,1000,4,4.05,1,-0.03255186783149838
301,32,1000,4,3.48,2,-0.032551174346357584
301,33,1000,3,5.05,5,-0.03255120139196515
301,34,1000,1,2.57,1,-0.03255118802189827
302,1,1000,3,5.68,3,0.0700438529625535
302,2,1000,3,5.1,3,0.07004261986911296
302,3,1000,3,4.87,3,0.07004155250638723
302,4,1000,2,2.87,1,0.07004102601110936
302,5,1000,3,3.57,1,0.07003952690213919
302,6,1000,5,9.01,1,0.07003883792459965
302,7,1000,3,3.43,1,0.07003827528655529
302,8,1000,2,2.78,1,0.07003851281106473
302,9,1000,2,3.02,1,0.07003820868581534
302,10,1000,2,3.54,5,0.07003851146250963
302,11,1000,3,6.89,5,0.070038051225245
302,12,104,3,10.06,6,0.07003649266866538
302,13,811,3,10.0,2,0.07003498930856127
302,14,1000,3,7.4,5,0.07003412356227637
302,15,115,3,10.11,13,0.07003375842519428
302,16,1000,3,5.45,3,0.0700337110683322
302,17,113,3,10.11,11,0.07003311226062015
302,18,577,4,10.0,3,0.07003157162325428
302,19,1000,2,2.89,1,0.07003028130531311
302,20,135,5,10.04,3,0.07002994909330651
302,21,129,4,10.1,5,0.0700287739204806
302,22,100,4,10.04,5,0.07002817086875439
302,23,1000,2,4.67,6,0.07002712143957615
302,24,1000,2,3.46,3,0.07002662178874015
302,25,1000,2,6.27,4,0.0700258334055543
302,26,1000,2,4.64,4,0.07002572415024041
302,27,1000,2,4.75,7,0.07002489075064659
302,28,107,5,10.07,2,0.07002414519263205
302,29,104,4,10.07,4,0.07002279785676645
302,30,105,4,10.1,10,0.07002218301807131
302,31,199,5,10.01,7,0.07002358501730253
302,32,138,4,10.02,5,0.07002222500201585
302,33,91,3,10.06,3,0.07002143209779656
302,34,94,3,10.04,16,0.0700204610190493
302,35,104,3,10.07,3,0.0700200403539034
302,36,1000,1,2.94,4,0.07001886883378029
302,37,1000,0,2.43,0,0.07002003490924835
302,38,1000,0,2.46,0,0.07001879066228867
302,39,1000,2,6.64,7,0.07001821649074555
302,40,100,4,10.01,12,0.07001801453530788
302,41,1000,2,8.68,3,0.07001557873934508
303,1,1000,3,5.64,3,-0.00917257672920823
303,2,1000,3,4.54,3,-0.009173227816820145
303,3,1000,3,5.25,2,-0.009173894384875893
303,4,1000,3,3.48,1,-0.009174206133931875
303,5,1000,2,2.92,2,-0.009174374885857105
303,6,1000,2,3.37,4,-0.009174376022070647
303,7,1000,2,3.33,4,-0.009174162961542606
303,8,1000,3,7.2,5,-0.009174346268177033
303,9,1000,3,4.79,3,-0.009174809405580162
303,10,1000,3,4.15,3,-0.009175184927880765
303,11,1000,3,3.28,1,-0.009175536129623652
303,12,1000,2,2.64,1,-0.009175384417176247
303,13,1000,2,3.79,4,-0.009174965010955929
303,14,1000,1,2.76,3,-0.009174697648733854
303,15,1000,1,2.88,4,-0.009174860214814545
303,16,1000,3,4.75,5,-0.009175520627759398
303,17,1000,3,3.59,2,-0.009176201483234763
303,18,1000,3,5.44,3,-0.00917619569413364
303,19,1000,3,8.17,4,-0.009176832538098097
303,20,1000,3,6.24,2,-0.00917718492820859
303,21,1000,4,4.54,1,-0.009178042510524393
303,22,1000,3,4.29,1,-0.009178325939923525
303,23,1000,2,4.2,4,-0.009178212780505419
303,24,1000,2,3.0,1,-0.009178670253604651
303,25,1000,2,2.99,1,-0.009178037386387587
303,26,1000,2,2.88,1,-0.009178587784990668
303,27,1000,3,3.46,3,-0.009179182950407266
303,28,1000,2,3.56,2,-0.00918005976639688
303,29,1000,3,3.13,2,-0.009180013077333569
303,30,1000,3,2.9,1,-0.00918044819496572
303,31,1000,2,2.89,2,-0.009180392211303115
303,32,1000,3,3.14,1,-0.009179864078760147
303,33,1000,3,3.52,1,-0.009180504839867354
303,34,1000,3,3.66,1,-0.009180327370762825
303,35,1000,3,3.96,1,-0.0091811647657305
303,36,1000,1,2.53,1,-0.009181023575365543
304,1,1000,3,5.57,3,-0.037527041785418984
304,2,1000,3,3.84,2,-0.03752886943146586
304,3,1000,3,4.76,3,-0.03752970538660884
304,4,1000,3,4.29,3,-0.03753093085438013
304,5,1000,4,8.44,4,-0.03753121136128902
304,6,1000,5,7.42,3,-0.03753062784299254
304,7,1000,3,6.3,4,-0.03753031482174993
304,8,1000,3,3.54,2,-0.03752999284118414
304,9,1000,2,3.44,3,-0.037530299294739965
304,10,1000,2,3.77,4,-0.03752999671921134
304,11,1000,2,3.08,2,-0.037530112437903884
304,12,1000,3,4.0,2,-0.03753072744980455
304,13,1000,3,2.87,1,-0.03753072934597731
304,14,1000,3,3.65,2,-0.037530716694891456
304,15,1000,3,3.2,2,-0.03753129886090755
304,16,1000,3,4.25,3,-0.03753127661347389
304,17,1000,4,3.11,1,-0.03753153720498085
304,18,1000,3,4.71,5,-0.037531620148569346
304,19,1000,3,5.58,7,-0.03753173537552357
304,20,1000,1,2.62,2,-0.03753211399912834
304,21,1000,2,3.44,3,-0.03753253525495529
304,22,1000,2,3.47,3,-0.03753254322707653
304,23,147,4,10.06,3,-0.037531446057314774
304,24,1000,4,10.0,3,-0.037531919796019796
304,25,1000,3,6.3,3,-0.03753270396962762
304,26,1000,3,8.25,4,-0.03753260520845652
304,27,1000,3,4.03,4,-0.03753321713209152
304,28,1000,3,5.51,4,-0.037533615812659266
304,29,1000,2,3.11,3,-0.03753353771567345
304,30,1000,2,3.36,4,-0.03753347986191511
304,31,1000,3,5.24,5,-0.03753269364312291
304,32,1000,2,4.14,5,-0.03753264115005732
304,33,105,5,10.03,1,-0.037531331678231555
304,34,95,4,10.07,2,-0.0375323198735714
304,35,92,4,10.1,2,-0.03753328408398058
304,36,1000,3,5.19,2,-0.03753404708951712
304,37,1000,4,4.88,1,-0.03753454590588808
304,38,125,5,10.0,1,-0.037533583372831344
304,39,1000,4,5.67,1,-0.03753481744602322
304,40,1000,3,4.69,5,-0.03753527108579874
304,41,1000,3,4.47,6,-0.03753571889922023
304,42,1000,2,4.25,8,-0.037536004021763804
304,43,1000,1,3.34,8,-0.037536415848881004
304,44,1000,2,3.33,3,-0.03753615728020668
304,45,1000,2,3.21,3,-0.037536278411746025
304,46,121,4,10.08,3,-0.03753502746997786
304,47,1000,4,5.51,1,-0.0375356031768024
304,48,1000,4,9.33,2,-0.037536004789173606
304,49,1000,2,4.78,7,-0.037535776421427726
304,50,102,3,10.05,11,-0.037536630772200284
304,51,1000,2,5.14,6,-0.037536411430686714
304,52,1000,3,5.26,1,-0.037536962766200305
304,53,1000,4,9.67,1,-0.03753747600317001
304,54,1000,4,4.81,1,-0.03753825746104121
304,55,1000,3,3.88,3,-0.037538234051316975
305,1,1000,3,5.7,3,-0.05866946254298091
305,2,1000,3,5.46,3,-0.05866967077180743
305,3,1000,3,6.78,3,-0.05866965199261904
305,4,1000,3,5.34,2,-0.0586700006686151
305,5,1000,3,8.54,6,-0.058670496925711635
305,6,1000,3,6.46,4,-0.05867081740498543
305,7,1000,2,7.2,7,-0.05867133120074868
305,8,1000,2,4.17,3,-0.05867146538570523
305,9,1000,2,5.73,3,-0.05867107400298119
305,10,1000,2,6.01,5,-0.05867158997431397
305,11,1000,2,3.58,2,-0.058672063421458004
305,12,1000,3,6.41,1,-0.05867145185545087
305,13,1000,3,5.39,1,-0.05867194827273488
305,14,1000,2,5.89,6,-0.058672221545130014
305,15,108,3,10.1,5,-0.058672347795908096
305,16,332,3,10.0,5,-0.058672162951026334
305,17,1000,3,8.81,3,-0.05867220456153154
305,18,1000,3,8.07,1,-0.05867141146585345
305,19,1000,3,5.64,1,-0.05867087940499187
305,20,1000,3,6.36,5,-0.058670477226376534
305,21,1000,3,6.73,4,-0.058671053152531384
305,22,1000,3,8.07,4,-0.05867022097855806
305,23,1000,3,6.3,4,-0.058669737104326485
305,24,1000,3,4.26,5,-0.058670212544500826
305,25,1000,1,2.8,3,-0.058670022752135995
305,26,1000,4,7.94,3,-0.05867031748220324
305,27,1000,3,7.45,4,-0.058671568043529986
305,28,1000,3,6.9,3,-0.05867146643251181
305,29,1000,3,6.82,3,-0.058672172997146846
305,30,1000,3,9.48,3,-0.05867223903909326
305,31,64,3,10.0,5,-0.05867212952580303
305,32,1000,1,2.82,3,-0.05867185164615512
305,33,1000,3,6.18,2,-0.05867222108691931
305,34,1000,2,5.11,6,-0.058672074586153034
305,35,1000,3,4.14,3,-0.05867287636548281
305,36,1000,3,4.81,3,-0.058673254579305646
305,37,1000,3,4.15,3,-0.058673272978514435
306,1,1000,3,5.61,3,0.04607756776735186
306,2,1000,3,4.05,2,0.04607840383425355
306,3,1000,2,3.45,3,0.04608000270277262
306,4,1000,3,4.41,2,0.04608140099421144
306,5,1000,1,3.2,7,0.04608197333663702
306,6,1000,1,2.65,2,0.046083013013005256
306,7,1000,2,3.47,3,0.04608339335024357
306,8,1000,1,2.99,5,0.04608303996548056
306,9,1000,2,4.67,4,0.046083885584026575
306,10,1000,1,2.9,4,0.04608426876738667
306,11,1000,2,3.31,6,0.046085376027971504
306,12,1000,2,3.73,2,0.04608638505637646
306,13,1000,2,3.32,3,0.04608669813722372
306,14,1000,2,4.12,3,0.04608585936948657
306,15,1000,2,2.85,2,0.04608651608601212
306,16,1000,3,3.45,2,0.046087736997753384
306,17,1000,2,3.11,2,0.04608894872292876
306,18,1000,3,6.77,3,0.046088969182223084
306,19,1000,3,3.4,1,0.04609069147333503
306,20,1000,1,2.68,2,0.046090691208839414
306,21,1000,1,2.79,3,0.046090213887393476
306,22,1000,1,2.53,1,0.0460917167365551
306,23,1000,1,2.78,3,0.04609105021134019
306,24,1000,1,2.62,2,0.04609303202480078
307,1,1000,3,5.62,3,-0.13427728962898255
307,2,1000,3,4.6,3,-0.13427667917311192
307,3,1000,3,3.93,2,-0.13427648343145848
307,4,1000,3,5.7,2,-0.1342765703946352
307,5,1000,3,4.11,1,-0.13427678108215332
307,6,1000,3,3.89,1,-0.13427685640752315
307,7,1000,3,3.92,1,-0.13427699398994447
307,8,1000,3,4.57,1,-0.13427752302587032
307,9,1000,1,3.09,6,-0.13427801489830016
307,10,1000,2,3.11,3,-0.13427735733985902
307,11,110,3,10.06,3,-0.13427708623084156
307,12,577,3,10.0,3,-0.13427735351193923
307,13,1000,2,3.79,3,-0.13427787841856478
307,14,1000,3,5.67,6,-0.13427818661928176
307,15,1000,4,7.93,3,-0.13427814783155917
307,16,1000,3,5.8,6,-0.13427837796509265
307,17,1000,3,3.46,1,-0.1342777838408947
307,18,1000,3,3.9,1,-0.13427836979925634
307,19,1000,2,2.98,1,-0.1342774760723114
307,20,1000,2,3.79,1,-0.1342774152159691
307,21,1000,2,3.26,2,-0.13427697315812112
307,22,1000,1,2.53,1,-0.13427747786045074
308,1,1000,3,5.64,3,-0.10325076872855425
308,2,1000,3,5.39,3,-0.10325114413350821
308,3,1000,4,8.38,2,-0.10325122334808111
308,4,1000,3,4.15,3,-0.10325129412859678
308,5,1000,4,5.96,3,-0.10325116270780563
308,6,1000,3,3.08,1,-0.10325081449747085
308,7,1000,4,4.46,6,-0.10325051321834326
308,8,112,5,10.05,3,-0.1032504446006247
308,9,98,4,10.0,1,-0.10325104180647403
308,10,95,5,10.04,1,-0.1032509728481895
308,11,1000,2,6.02,5,-0.10325093965232372
308,12,767,4,10.0,2,-0.10325125032717743
308,13,1000,4,7.71,2,-0.10325141245871783
308,14,123,4,10.05,4,-0.10325171404737767
308,15,101,4,10.09,6,-0.10325212776660919
308,16,149,4,10.0,3,-0.10325260850407134
308,17,1000,4,8.11,4,-0.10325204809755087
308,18,1000,2,3.95,4,-0.10325233849138021
308,19,121,4,10.01,3,-0.1032521071389687
308,20,115,5,10.1,3,-0.10325157765461052
308,21,99,3,10.04,7,-0.10325298691638793
308,22,188,4,10.08,6,-0.1032523308345612
308,23,693,4,10.0,1,-0.10325240263175138
308,24,1000,2,3.84,3,-0.10325346956402064
308,25,1000,1,2.86,3,-0.10325433613359929
308,26,1000,1,2.86,3,-0.10325635407119989
309,1,1000,3,5.68,3,0.10037111108750105
309,2,1000,3,4.11,3,0.10037132154405116
309,3,1000,3,5.75,3,0.10037146093696356
309,4,1000,3,4.76,3,0.10037141684442759
309,5,1000,3,5.8,2,0.10037160153687
309,6,658,3,10.0,5,0.10037164014161176
309,7,1000,4,9.47,3,0.10037156497687101
309,8,1000,3,8.11,4,0.10037152221798896
309,9,1000,3,6.1,2,0.10037186077237129
309,10,1000,3,7.57,5,0.10037193328887224
309,11,1000,3,6.97,3,0.10037183514982462
309,12,1000,2,3.55,2,0.10037170635908842
309,13,1000,1,2.67,2,0.10037180155515671
310,1,1000,3,5.84,3,-0.04372935617342591
310,2,1000,3,5.4,3,-0.0437296572253108
310,3,1000,3,6.3,3,-0.043729745205491784
310,4,1000,3,7.16,4,-0.04373016369715333
310,5,1000,3,9.63,3,-0.04372949033975601
310,6,659,3,10.0,3,-0.043729363515272124
310,7,1000,3,5.0,3,-0.043729419887065885
310,8,1000,3,3.93,2,-0.04373020293191075
310,9,1000,3,7.81,6,-0.043730115722864865
310,10,1000,3,6.58,3,-0.043730153303593394
310,11,1000,3,7.01,3,-0.04372958375141025
310,12,1000,3,4.12,2,-0.04372988181188703
310,13,1000,2,3.32,5,-0.04373029597848654
310,14,1000,1,2.89,3,-0.04373030810430646
310,15,1000,1,2.75,2,-0.04372929150611162
310,16,1000,4,6.23,3,-0.04372866103053093
310,17,1000,2,3.55,4,-0.04372814816609025
311,1,1000,3,5.6,3,0.11163143934309483
311,2,1000,3,3.13,2,0.11163223227858543
311,3,1000,3,5.31,2,0.11163328938186169
311,4,1000,3,5.34,2,0.1116337616816163
311,5,1000,3,6.82,3,0.11163400477170944
311,6,1000,3,9.62,5,0.11163438963890075
311,7,1000,3,8.24,5,0.11163478563725948
311,8,776,4,10.0,3,0.11163481422844007
311,9,1000,4,6.03,3,0.11163503074645996
311,10,112,4,10.01,3,0.11163559509441257
311,11,110,5,10.02,3,0.11163636561144483
311,12,1000,2,2.89,1,0.11163560919463635
311,13,1000,3,3.02,1,0.11163640543818473
311,14,1000,1,2.67,2,0.1116363323032856
311,15,1000,3,6.25,2,0.11163586920499802
311,16,109,3,10.06,3,0.11163550396578027
311,17,1000,2,3.82,3,0.11163545334339142
311,18,1000,2,6.44,9,0.11163566112518311
311,19,88,3,10.04,6,0.11163524047217586
311,20,156,5,10.05,3,0.11163617355319169
311,21,100,4,10.02,3,0.11163703732192516
311,22,1000,5,5.5,1,0.11163689040392637
311,23,1000,4,3.96,1,0.11163749802857638
311,24,1000,5,6.7,1,0.11163744067400694
311,25,1000,5,5.83,1,0.11163735231757164
311,26,1000,5,7.06,1,0.11163753752410412
311,27,1000,4,4.02,1,0.11163765720278025
311,28,1000,2,3.66,5,0.11163790524750948
311,29,1000,2,4.09,7,0.11163721007108689
311,30,1000,2,3.82,6,0.11163566601276398
311,31,1000,3,4.95,2,0.11163535095006227
311,32,1000,2,2.94,1,0.11163538011163474
311,33,1000,3,6.37,7,0.11163501342386008
311,34,1000,3,4.72,4,0.11163503776490688
311,35,1000,3,5.5,1,0.11163491373509168
311,36,1000,3,4.71,4,0.1116348914206028
311,37,1000,3,3.77,4,0.11163504301011562
311,38,1000,3,3.85,4,0.11163457592576742
311,39,1000,3,3.55,3,0.1116350723952055
311,40,1000,3,4.73,9,0.11163474383205176
311,41,1000,4,3.72,3,0.11163400737196207
311,42,1000,3,3.88,2,0.11163411344587802
311,43,1000,2,3.21,2,0.1116343867778778
311,44,1000,2,3.38,4,0.1116358709782362
311,45,1000,1,2.68,2,0.11163468185812235
311,46,1000,1,2.55,1,0.11163441091775894
312,1,1000,3,5.6,3,0.04614410201460123
312,2,1000,3,3.87,3,0.046143689312040805
312,3,1000,3,5.34,3,0.04614349732175469
312,4,1000,3,6.97,2,0.04614366305246949
312,5,1000,3,8.79,2,0.0461435721591115
312,6,1000,2,5.32,5,0.04614354654029012
312,7,1000,2,4.62,4,0.04614342201501131
312,8,1000,3,7.04,3,0.04614353111758828
312,9,1000,2,4.8,3,0.04614342481270432
312,10,1000,1,2.77,3,0.046143571242690085
312,11,1000,2,4.49,3,0.04614321187511086
312,12,1000,3,7.41,2,0.04614350553974509
312,13,143,3,10.07,5,0.04614336921514331
312,14,1000,3,7.13,3,0.046143472515046594
312,15,1000,3,4.34,1,0.04614383737370372
312,16,1000,1,2.76,3,0.046143993452191355
312,17,1000,1,2.68,2,0.04614418559893966
312,18,1000,3,3.9,2,0.04614390258863568
312,19,1000,1,2.76,3,0.0461440622471273
312,20,1000,1,3.02,5,0.04614373781532049
312,21,1000,1,2.76,3,0.04614345825091004
312,22,1000,1,2.99,5,0.04614373816177249
312,23,1000,1,2.52,1,0.046143773943185806
312,24,1000,1,2.52,1,0.04614333435893059
312,25,1000,4,3.44,4,0.04614257357642054
312,26,1000,3,5.89,5,0.04614302678406239
312,27,1000,2,3.52,2,0.046143083892762664
312,28,1000,1,2.63,2,0.046142784029245376
312,29,1000,1,2.92,4,0.046143449004739524
312,30,1000,4,3.92,3,0.046142553165555
312,31,1000,1,2.79,3,0.04614339332282543
312,32,1000,1,2.82,3,0.04614180541783571
312,33,1000,1,3.03,5,0.04614417771995068
312,34,1000,1,2.53,1,0.04614216089248657
312,35,1000,4,3.33,3,0.04614491028338671
312,36,1000,1,2.64,2,0.04614312355220318
312,37,1000,1,2.99,5,0.04614550016447902
312,38,1000,3,4.0,2,0.04614379609376192
312,39,1000,1,2.55,1,0.046144891530275345
313,1,1000,3,5.69,3,-0.017019299132749438
313,2,1000,3,5.04,3,-0.017018973436206578
313,3,1000,3,3.99,2,-0.017017866384238006
313,4,1000,1,2.74,3,-0.017017639422789214
313,5,1000,2,3.53,2,-0.01701787781342864
313,6,1000,1,2.89,4,-0.017017242789268493
313,7,1000,2,3.77,4,-0.01701750659197569
313,8,1000,1,2.75,3,-0.017017177874222397
313,9,1000,2,5.08,4,-0.017016710722818972
313,10,1000,2,2.79,1,-0.01701711420714855
313,11,1000,2,2.66,1,-0.017016533762216568
313,12,1000,1,3.08,6,-0.01701657375507057
313,13,1000,2,5.56,6,-0.01701581476069987
313,14,1000,2,3.6,2,-0.017016452534124257
313,15,1000,1,2.91,4,-0.01701416850090027
313,16,1000,1,2.75,3,-0.017012820078060032
313,17,1000,3,8.32,6,-0.01701334783434868
313,18,1000,3,6.81,3,-0.01701451023668051
313,19,1000,3,6.85,3,-0.017016242060810326
313,20,1000,3,3.59,1,-0.017016861353069544
313,21,1000,2,2.99,1,-0.01701555459946394
313,22,1000,1,2.69,2,-0.017014004096388816
313,23,1000,2,3.0,2,-0.0170137057621032
313,24,1000,3,3.92,3,-0.017014852110296488
313,25,1000,2,3.04,1,-0.01701407600939274
313,26,1000,3,7.53,6,-0.017012868378311397
313,27,1000,4,6.96,3,-0.01701250344514847
313,28,1000,1,2.62,2,-0.01701162574440241
313,29,1000,1,2.74,3,-0.017011849055066704
313,30,1000,3,5.32,2,-0.017013180291280152
313,31,1000,2,2.88,2,-0.017013166315853596
313,32,1000,3,3.12,1,-0.01701112626492977
313,33,1000,1,2.79,3,-0.017008900387212634
313,34,1000,1,2.67,2,-0.017009565979242323
313,35,1000,1,2.63,2,-0.01700930631533265
313,36,1000,1,2.57,1,-0.01700818021595478
314,1,1000,3,5.61,3,0.001609423603862524
314,2,1000,3,6.24,3,0.001608713010326028
314,3,1000,3,6.88,3,0.0016090230382978916
314,4,1000,3,5.74,3,0.0016096144057810306
314,5,1000,3,6.95,4,0.0016105148755013942
314,6,1000,3,7.93,3,0.001611667836084962
314,7,1000,3,6.8,3,0.0016126319784671068
314,8,1000,3,4.81,3,0.0016122573371976615
314,9,1000,3,6.76,3,0.0016127869486808777
314,10,1000,3,3.59,1,0.0016138612404465675
314,11,1000,3,3.59,1,0.0016150840763002633
314,12,1000,3,6.52,1,0.0016160877123475076
314,13,1000,3,4.2,1,0.0016171952188014985
314,14,1000,3,6.19,1,0.0016180351320654153
314,15,1000,3,4.88,1,0.0016190222427248954
314,16,1000,3,5.08,1,0.001620453728362918
314,17,1000,3,4.77,1,0.0016208383347839116
314,18,1000,3,5.31,1,0.0016216878667473793
314,19,1000,3,3.45,1,0.0016224710755050181
314,20,1000,3,5.43,1,0.0016227642446756364
314,21,1000,3,4.51,1,0.0016237322818487884
314,22,1000,3,4.53,1,0.0016243634577840567
314,23,1000,3,3.58,1,0.0016254445742815732
314,24,1000,3,4.52,1,0.0016263975854963065
314,25,1000,3,5.55,1,0.0016269075833261013
314,26,1000,3,4.65,1,0.0016274582203477622
314,27,1000,3,5.45,1,0.0016282645873725414
314,28,1000,3,4.22,1,0.0016293291617184877
314,29,1000,3,5.33,1,0.0016303714867681265
314,30,1000,3,4.1,1,0.0016312954407185316
314,31,1000,3,4.44,1,0.0016322824582457542
314,32,1000,3,5.55,1,0.0016336742248386144
314,33,1000,3,3.24,1,0.0016352447094395758
314,34,1000,3,4.44,1,0.0016364477919414639
314,35,1000,3,4.81,1,0.0016377302249893546
314,36,1000,3,3.59,1,0.0016390157649293542
314,37,1000,3,4.96,1,0.0016403601439669729
314,38,1000,3,3.72,1,0.001641733500175178
314,39,1000,3,4.82,1,0.0016424719644710423
314,40,1000,3,5.55,1,0.0016435886742547155
314,41,1000,3,4.4,1,0.0016451330268755556
314,42,1000,3,5.56,1,0.0016463036285713315
314,43,1000,3,4.49,1,0.0016467152377590537
314,44,1000,3,5.01,1,0.001647917521186173
314,45,1000,3,5.58,1,0.0016489516133442522
314,46,1000,3,5.54,1,0.0016497152866795659
314,47,1000,3,4.16,1,0.001650821170769632
314,48,1000,3,5.3,1,0.0016518740309402348
314,49,1000,3,4.19,1,0.0016529279528185725
314,50,1000,3,5.25,1,0.0016537986425682902
314,51,1000,3,4.64,1,0.0016552265482023358
314,52,1000,3,5.26,1,0.0016562391882762313
314,53,1000,3,5.52,1,0.0016567779863253236
314,54,1000,3,3.69,1,0.0016584032056853174
314,55,1000,3,4.6,1,0.0016592932241037488
314,56,1000,3,4.96,1,0.0016603716341778635
314,57,1000,3,5.33,1,0.0016609084168449045
314,58,1000,3,5.51,1,0.0016626881835982205
314,59,1000,3,4.48,1,0.0016636483194306492
314,60,1000,3,5.23,1,0.0016649491162970661
314,61,1000,3,5.26,1,0.0016659195898100735
314,62,1000,3,4.04,1,0.0016674202913418412
314,63,1000,3,5.3,1,0.0016684016799554228
314,64,1000,3,3.9,1,0.001669782572425902
314,65,1000,3,4.66,1,0.0016703735766932367
314,66,1000,3,5.27,1,0.0016714816773310303
314,67,1000,3,5.54,1,0.001672545134089887
314,68,1000,3,4.42,1,0.001673424263484776
314,69,1000,3,5.31,1,0.0016747535401955248
314,70,1000,3,5.56,1,0.0016763339749304577
314,71,1000,3,5.53,1,0.001676995369256474
314,72,1000,3,4.1,1,0.0016780334897339344
314,73,1000,3,5.0,1,0.0016783035900443792
314,74,1000,3,5.29,1,0.0016794483158737421
314,75,1000,3,5.6,1,0.0016802533753216267
314,76,1000,3,4.37,1,0.0016813650615513324
314,77,1000,3,5.24,1,0.0016819851361215114
314,78,1000,3,4.03,1,0.001683433260768652
314,79,1000,3,4.49,1,0.0016844629384577274
314,80,1000,3,5.34,1,0.0016851815711706876
314,81,1000,3,5.35,1,0.0016860957331955432
314,82,1000,3,5.53,1,0.0016868339590728283
314,83,1000,3,3.7,1,0.0016886923015117644
314,84,1000,3,4.5,1,0.001689711695536971
314,85,1000,3,5.28,1,0.0016899779513478278
314,86,1000,3,5.32,1,0.0016904392279684544
314,87,1000,3,4.04,1,0.0016918926611542702
314,88,1000,3,4.63,1,0.001692780638113618
314,89,1000,3,5.24,1,0.0016938861533999444
314,90,1000,3,5.25,1,0.0016945394538342953
314,91,1000,3,5.54,1,0.0016955172661691903
314,92,1000,3,3.74,1,0.0016968519072979688
314,93,1000,3,4.37,1,0.0016977066826075315
314,94,1000,3,5.25,1,0.0016989042107015849
314,95,1000,3,5.3,1,0.0016997233275324107
314,96,1000,3,5.6,1,0.0016996922437101602
314,97,1000,3,4.56,1,0.0017006348352879286
314,98,1000,3,4.93,1,0.001701352208852768
314,99,1000,3,5.27,1,0.0017018440067768097
314,100,1000,3,4.38,1,0.001702859377488494
314,101,1000,3,5.26,1,0.0017037107441574336
314,102,1000,3,5.32,1,0.0017035017479211092
314,103,1000,3,3.94,1,0.0017051269952207803
314,104,1000,3,5.05,1,0.0017055921517312527
314,105,1000,3,5.29,1,0.0017059803754091263
314,106,1000,3,5.54,1,0.0017067491449415683
314,107,1000,3,3.59,1,0.0017080049961805343
314,108,1000,3,4.23,1,0.0017079900670796634
314,109,1000,3,5.25,1,0.001708840211853385
314,110,1000,3,5.29,1,0.0017101007550954818
314,111,1000,3,4.18,1,0.0017114482894539833
314,112,1000,3,5.27,1,0.0017124546505510806
314,113,1000,3,5.27,1,0.0017126748226583004
314,114,1000,3,4.65,1,0.0017138081789016724
314,115,1000,3,5.24,1,0.0017143434043973684
314,116,1000,3,5.28,1,0.001715380821377039
314,117,1000,3,5.25,1,0.0017161760609596967
314,118,1000,3,4.85,1,0.001717830221168697
314,119,1000,3,5.23,1,0.0017182010440155865
314,120,1000,3,5.3,1,0.0017195362905040384
314,121,1000,3,5.28,1,0.0017206423999741674
314,122,1000,3,5.3,1,0.001721923847682774
314,123,1000,3,4.12,1,0.001722371489740908
314,124,1000,3,5.08,1,0.001722776305861771
314,125,1000,3,5.24,1,0.0017235870445147156
314,126,1000,3,5.24,1,0.0017251814985647798
314,127,1000,3,3.23,1,0.0017260806327685713
314,128,1000,3,4.0,1,0.0017264002235606313
314,129,1000,3,4.55,1,0.001727405277080834
314,130,1000,3,5.22,1,0.0017283806474879383
314,131,1000,3,5.29,1,0.0017297859592363238
314,132,1000,3,4.47,1,0.0017303417371585966
314,133,1000,3,5.39,1,0.0017316533597186209
314,134,1000,3,5.29,1,0.0017320027416571975
314,135,1000,3,5.35,1,0.001732973533682525
314,136,1000,3,4.14,1,0.001733494925312698
314,137,1000,3,4.91,1,0.0017335466453805566
314,138,1000,3,5.3,1,0.0017350921081379057
314,139,1000,3,5.27,1,0.0017356258565559984
314,140,1000,3,5.27,1,0.0017365100337192415
314,141,1000,3,5.56,1,0.0017369948821142317
314,142,1000,3,5.55,1,0.001737479724921286
314,143,1000,3,5.54,1,0.0017383837206289172
314,144,1000,3,4.16,1,0.0017373668672516942
314,145,1000,3,4.46,1,0.0017379129407927394
314,146,1000,3,5.27,1,0.0017390523729845881
314,147,1000,3,5.26,1,0.0017392729027196764
314,148,1000,3,4.19,1,0.0017405870882794261
314,149,1000,3,5.1,1,0.0017411273857578635
314,150,1000,3,5.28,1,0.0017411673134192823
314,151,1000,3,5.23,1,0.001741706338711083
314,152,1000,3,5.32,1,0.0017425174610689283
314,153,1000,3,5.29,1,0.0017430060105398297
314,154,1000,3,5.52,1,0.0017438685344532132
314,155,1000,3,4.42,1,0.0017420750362798572
314,156,1000,3,5.24,1,0.001743368393741548
314,157,1000,3,5.24,1,0.0017438405910506845
314,158,1000,3,5.28,1,0.0017441493710502983
314,159,1000,3,5.27,1,0.0017452521910890936
314,160,1000,3,5.55,1,0.0017464309865608812
314,161,1000,3,3.75,1,0.001745239575393498
314,162,1000,3,4.62,1,0.001745519789867103
314,163,1000,3,5.34,1,0.0017456347653642297
314,164,1000,3,5.27,1,0.0017469860473647715
314,165,1000,3,5.25,1,0.0017480187946930527
314,166,1000,3,5.34,1,0.0017487946012988687
314,167,1000,3,4.6,1,0.0017486031698063017
314,168,1000,3,5.36,1,0.001749446858651936
314,169,1000,3,5.33,1,0.0017495119972154498
314,170,1000,3,5.27,1,0.0017504864810034633
314,171,1000,3,4.34,1,0.0017495328178629278
314,172,1000,3,5.28,1,0.0017505309684202074
314,173,1000,3,5.24,1,0.0017503782575950028
314,174,1000,3,5.32,1,0.0017512011704966426
314,175,1000,3,5.34,1,0.001752200181595981
314,176,1000,3,5.52,1,0.001751885381527245
314,177,1000,3,5.53,1,0.0017527265390381217
314,178,1000,3,4.13,1,0.0017510603880509733
314,179,1000,3,4.63,1,0.0017518190750852227
314,180,1000,3,5.22,1,0.0017521528089419008
314,181,1000,3,5.35,1,0.0017532349145039916
314,182,1000,3,5.26,1,0.0017539041610434652
314,183,1000,3,3.6,1,0.0017534306021407247
314,184,1000,3,4.61,1,0.0017539182184264064
314,185,1000,3,5.32,1,0.00175457379873842
314,186,1000,3,5.29,1,0.0017551759229972959
314,187,1000,3,5.24,1,0.0017556830721441657
314,188,1000,3,4.48,1,0.0017545078927651047
314,189,1000,3,5.27,1,0.0017552467668429017
314,190,1000,3,5.33,1,0.0017560983004514129
314,191,1000,3,5.28,1,0.0017563318493776024
314,192,1000,3,5.36,1,0.001757486019283533
314,193,1000,3,5.3,1,0.001757194737321697
314,194,1000,3,5.28,1,0.0017581627070903777
314,195,1000,3,4.8,1,0.0017562495545716957
314,196,1000,3,5.25,1,0.001757298095151782
315,1,1000,3,5.72,3,0.0020805327091366053
315,2,1000,3,4.58,3,0.0020793939679861068
315,3,1000,3,3.96,1,0.0020778912119567396
315,4,1000,3,3.92,1,0.0020777047853916884
315,5,1000,3,5.34,2,0.002076640462502837
315,6,1000,3,5.26,2,0.0020758911799639464
315,7,1000,3,5.3,2,0.0020748117696493865
315,8,1000,2,3.8,3,0.002074468668550253
315,9,1000,2,3.86,3,0.0020739360433071853
315,10,1000,2,2.93,1,0.002073422631248832
315,11,1000,2,3.65,1,0.0020723863802850247
315,12,1000,1,3.36,8,0.002071777308359742
315,13,1000,1,3.34,8,0.002070987656712532
315,14,1000,1,2.77,3,0.0020710218995809554
315,15,1000,1,2.81,3,0.0020700215306133033
315,16,1000,2,4.33,1,0.0020690159238874913
315,17,1000,2,7.87,4,0.0020683863684535027
315,18,1000,4,9.6,3,0.0020665468890219926
315,19,1000,3,5.15,2,0.002066728161647916
315,20,151,3,10.04,12,0.002064763039461528
315,21,1000,3,5.58,4,0.0020631659477949142
315,22,1000,2,6.27,5,0.0020598150831647216
315,23,1000,2,2.96,1,0.002058505840599537
315,24,1000,2,3.68,8,0.0020588254891335963
315,25,1000,2,3.47,8,0.0020576451867818832
315,26,1000,2,3.37,7,0.0020563089475035667
315,27,1000,2,2.8,2,0.002055194003507495
315,28,1000,2,3.29,4,0.002052210558205843
315,29,1000,2,2.93,1,0.002049763336777687
316,1,1000,3,5.62,3,0.07568251434713602
316,2,1000,3,3.99,2,0.07568089988827706
316,3,1000,3,8.16,4,0.07567854418605566
316,4,1000,3,8.04,3,0.07567727252840996
316,5,1000,3,8.42,6,0.07567641200870276
316,6,1000,3,6.71,6,0.0756742663383484
316,7,213,4,10.05,6,0.07567530947391976
316,8,1000,3,7.42,5,0.07567543546110392
316,9,1000,3,4.25,1,0.07567392367124558
316,10,1000,2,3.5,3,0.07567357411235572
316,11,1000,4,7.89,2,0.07567394377291202
316,12,1000,2,4.14,5,0.07567335085570812
316,13,1000,2,3.35,2,0.07567228609323502
316,14,1000,2,4.22,4,0.07567120421677828
316,15,1000,3,6.78,3,0.0756704555079341
316,16,1000,3,5.38,2,0.07566957566142082
316,17,281,6,10.06,3,0.07566950525889617
316,18,1000,4,5.22,1,0.07567068130522966
316,19,463,5,10.0,1,0.07567026453257637
316,20,1000,2,4.77,5,0.07566940400004386
316,21,1000,2,3.82,3,0.07566851618140936
316,22,390,4,10.0,4,0.07566977741244511
316,23,1000,2,3.15,1,0.07567113317549229
316,24,1000,3,4.25,1,0.07567036859691142
316,25,1000,2,3.36,2,0.0756677199974656
316,26,1000,3,3.69,1,0.07566822502017022
316,27,1000,2,2.88,2,0.07566575536131859
317,1,1000,3,5.78,3,0.05887867425009608
317,2,1000,3,5.4,2,0.05887769477814436
317,3,1000,4,7.28,3,0.05887708805501461
317,4,1000,2,3.14,2,0.058876500628888606
317,5,1000,3,6.04,2,0.058875834599137304
317,6,1000,2,3.81,2,0.05887613593041897
317,7,1000,1,2.62,2,0.05887593647837639
317,8,1000,2,3.35,2,0.05887544831633568
317,9,1000,2,4.52,3,0.05887535473704338
317,10,1000,2,5.14,6,0.058875012047588826
317,11,1000,2,3.38,2,0.058875392138957976
317,12,1000,3,6.19,3,0.058875666055828335
317,13,1000,2,5.07,8,0.058876483175903556
317,14,100,4,10.0,2,0.058876444175839426
317,15,119,6,10.07,3,0.05887667737713381
317,16,1000,3,5.87,4,0.05887647921219468
317,17,1000,4,8.24,3,0.05887626805528998
317,18,1000,6,8.45,3,0.05887618343159556
317,19,104,4,10.01,2,0.058876365065001525
317,20,1000,6,8.49,1,0.05887657566741109
317,21,1000,5,9.55,3,0.05887568161636591
317,22,112,4,10.05,4,0.058875923876517584
317,23,1000,3,3.64,2,0.05887585573643446
317,24,1000,3,5.94,1,0.05887529719620943
317,25,1000,1,2.89,4,0.05887365160137415
317,26,1000,1,2.84,3,0.05887335581704974
318,1,1000,3,5.61,3,-0.00019853455014526845
318,2,1000,3,3.86,3,-0.0001983549352735281
318,3,1000,3,4.02,2,-0.0001982512343674898
318,4,1000,3,4.77,3,-0.00019815543666481972
318,5,112,3,10.11,5,-0.00019789262608225857
318,6,1000,3,3.87,4,-0.00019782287999987603
318,7,1000,2,3.15,3,-0.00019760353490710258
318,8,1000,2,3.15,3,-0.00019778629951179027
318,9,1000,2,3.33,4,-0.00019784478656947614
318,10,1000,3,5.84,6,-0.00019751912914216517
318,11,1000,4,6.8,3,-0.00019716417044401169
318,12,112,5,10.07,4,-0.00019725681548672064
318,13,124,5,10.06,3,-0.00019698550984744104
318,14,1000,5,6.12,1,-0.0001969130430370569
318,15,196,7,10.09,3,-0.00019724021798798015
318,16,1000,4,3.97,2,-0.00019776437059044837
318,17,210,4,10.0,4,-0.00019773732693422407
318,18,1000,3,4.91,1,-0.00019784127734601497
318,19,97,4,10.06,4,-0.00019751850169958527
318,20,102,5,10.01,3,-0.0001965067805904968
318,21,92,4,10.09,2,-0.00019674045641137207
318,22,101,3,10.11,12,-0.0001972475559404581
318,23,794,3,10.0,14,-0.00019774356533207882
318,24,105,4,10.09,11,-0.0001978888220730282
318,25,101,5,10.08,2,-0.00019789123815475124
318,26,98,4,10.06,8,-0.00019847746102177367
318,27,103,4,10.04,3,-0.0001986385910835081
318,28,98,4,10.02,10,-0.00019883375842960513
318,29,97,4,10.04,6,-0.00019895821118477694
318,30,87,3,10.05,3,-0.00019812759482997587
318,31,97,4,10.06,3,-0.00019782478201020625
318,32,100,4,10.03,3,-0.0001980992965400219
318,33,110,5,10.07,3,-0.00019794175909324126
318,34,101,5,10.07,1,-0.00019797804479551788
318,35,99,3,10.08,11,-0.00019761176798680817
318,36,95,3,10.08,3,-0.00019756079112228595
318,37,917,3,10.0,3,-0.0001973929950071655
318,38,83,3,10.0,3,-0.0001971146922154599
318,39,1000,1,3.46,9,-0.00019698913767933845
319,1,1000,3,5.65,3,-0.03636844230443239
319,2,1000,3,5.48,3,-0.036367588020861145
319,3,1000,4,7.28,3,-0.03636735247820616
319,4,1000,3,3.92,1,-0.0363680202960968
319,5,1000,3,3.75,1,-0.036369000799953935
319,6,1000,4,4.28,1,-0.03636939694359899
319,7,113,5,10.06,4,-0.03636909424599293
319,8,1000,4,3.35,2,-0.036370261311531066
319,9,1000,3,3.54,1,-0.036370067819952966
319,10,1000,2,3.64,5,-0.03637082850560546
319,11,1000,2,3.42,1,-0.03637189345434308
319,12,1000,2,4.11,1,-0.03637334940582514
319,13,1000,3,8.3,1,-0.0363736197501421
319,14,231,6,10.09,2,-0.036372478470786826
319,15,98,4,10.04,3,-0.03637234817201994
319,16,1000,4,8.82,4,-0.03637329528108239
319,17,99,4,10.02,5,-0.03637372390037835
319,18,1000,3,7.72,4,-0.036372694469988344
319,19,206,3,10.0,4,-0.03637279146938648
319,20,1000,2,6.65,17,-0.036372910164296626
319,21,95,3,10.07,9,-0.03637237509614543
319,22,155,3,10.09,9,-0.036372980066845494
319,23,543,4,10.0,2,-0.03637350613378249
319,24,89,3,10.05,8,-0.03637521475386084
319,25,1000,2,6.4,3,-0.03637686740607023
320,1,1000,3,5.75,3,0.059701387226581575
320,2,1000,3,3.96,2,0.059701083786785604
320,3,1000,3,5.37,2,0.05970056663453579
320,4,1000,3,5.32,2,0.059700117845088246
320,5,1000,3,5.37,2,0.059699475333094595
320,6,1000,3,5.39,2,0.05969884040951729
320,7,1000,3,5.43,2,0.059698525883257386
320,8,1000,3,3.95,1,0.05969747580215335
320,9,1000,3,5.37,2,0.05969684435799718
320,10,121,3,10.04,7,0.059696471672659075
320,11,1000,3,6.85,3,0.05969589713960886
320,12,1000,3,3.99,1,0.05969520144537091
320,13,1000,3,3.99,1,0.05969458981230855
320,14,1000,3,4.72,1,0.05969426119700074
320,15,98,3,10.0,17,0.05969434900551426
320,16,1000,3,6.86,3,0.059695023488253354
320,17,1000,2,3.86,3,0.059694183923304084
320,18,1000,3,9.58,4,0.059695628691464664
320,19,98,3,10.0,4,0.05969478201349171
320,20,118,5,10.09,5,0.05969368413848392
320,21,100,4,10.05,9,0.059694086685776714
320,22,115,5,10.03,6,0.05969440214659857
320,23,104,4,10.05,3,0.05969480267510964
320,24,1000,5,8.86,1,0.05969486032798886
320,25,1000,2,5.14,4,0.05969362381100655
320,26,1000,2,4.21,1,0.059692483577877285
320,27,1000,1,4.17,15,0.059691309746354816
320,28,90,3,10.02,5,0.059691318538453844
320,29,91,3,10.1,3,0.05969173993383135
320,30,1000,3,3.75,1,0.05969117294251919
320,31,1000,3,3.99,1,0.05969228596612811
320,32,1000,3,6.14,6,0.05969142123684287
320,33,1000,1,2.65,2,0.05969343745708466
321,1,1000,3,5.62,3,-0.028957599930465223
321,2,1000,3,5.09,3,-0.028957472471520303
321,3,1000,3,3.99,2,-0.028957350885495545
321,4,1000,3,4.67,2,-0.02895734374411404
321,5,1000,2,3.39,2,-0.028957150381058453
321,6,111,4,10.0,3,-0.028956932879917255
321,7,1000,4,5.15,3,-0.028956756200641393
321,8,1000,3,6.33,5,-0.02895705406740308
321,9,1000,4,5.54,2,-0.02895699682086706
321,10,1000,1,2.63,2,-0.028956989750266074
321,11,1000,2,3.23,3,-0.02895678870379925
321,12,1000,4,7.26,3,-0.028956897553056478
321,13,1000,6,8.58,3,-0.028956820242106916
321,14,1000,4,6.76,2,-0.028957348849624396
321,15,1000,2,3.58,5,-0.028957178570330144
321,16,1000,3,3.48,2,-0.028957183588296177
321,17,1000,2,4.7,4,-0.02895758819580078
321,18,98,3,10.06,6,-0.02895831814681997
321,19,1000,3,9.81,5,-0.02895871662348509
321,20,1000,2,3.17,2,-0.02895967051573098
321,21,1000,1,2.63,2,-0.028959151089191438
321,22,1000,2,4.27,4,-0.02895921688899398
321,23,1000,1,2.95,4,-0.028958863772451878
321,24,1000,2,3.41,4,-0.02895895742997527
321,25,1000,1,2.9,4,-0.028958910062909127
321,26,1000,3,4.44,5,-0.02895913742482662
321,27,1000,3,5.95,3,-0.028959317330271007
321,28,1000,4,8.49,3,-0.028959926426410675
321,29,1000,5,4.5,2,-0.02896049980074167
321,30,1000,4,7.86,1,-0.028960890870541333
321,31,105,4,10.06,4,-0.028960460442162696
321,32,1000,3,3.7,2,-0.02896052111685276
321,33,1000,1,2.54,1,-0.028960315510630608
322,1,1000,3,5.67,3,-0.019709447847679258
322,2,1000,3,5.44,3,-0.019709615668281912
322,3,1000,3,8.23,4,-0.019709591185674072
322,4,1000,3,6.83,3,-0.01970913763344288
322,5,1000,3,6.5,4,-0.01970858114771545
322,6,481,3,10.0,6,-0.0197085718355159
322,7,1000,3,6.89,3,-0.019707893311977386
322,8,531,3,10.0,5,-0.01970840332478902
322,9,1000,3,9.56,3,-0.01970776978507638
322,10,1000,3,3.25,1,-0.019708324324339627
322,11,1000,3,3.6,2,-0.019707672201097013
322,12,1000,3,3.43,2,-0.01970669083110988
322,13,1000,2,3.08,1,-0.01970631702244282
322,14,1000,2,4.81,4,-0.019705646092072128
322,15,1000,1,2.81,3,-0.01970643949881196
322,16,1000,2,2.94,1,-0.019706367200240493
322,17,1000,1,2.71,2,-0.01970609537512064
322,18,1000,1,2.71,2,-0.019707013061270116
323,1,1000,3,5.63,3,0.030411963406950234
323,2,1000,3,5.38,3,0.030413065161556004
323,3,1000,3,5.72,3,0.030413367545232176
323,4,1000,3,5.43,3,0.030413985738530755
323,5,1000,3,5.46,3,0.030415168007835745
323,6,1000,3,5.49,3,0.030416071636602284
323,7,1000,3,4.42,1,0.03041613910906017
323,8,1000,3,4.44,1,0.030416029987856745
323,9,1000,3,3.46,1,0.03041629681736231
323,10,1000,2,3.35,2,0.030416517989709974
323,11,1000,2,5.12,6,0.03041624073125422
323,12,1000,3,5.45,3,0.030416238659992816
323,13,1000,4,9.5,3,0.030416409235447646
323,14,1000,4,8.04,3,0.030416929833590983
323,15,1000,3,8.5,6,0.030417659033089878
323,16,1000,3,8.22,4,0.030417899856343866
323,17,1000,2,3.87,3,0.03041768520884216
323,18,1000,2,4.72,5,0.030417121998965742
323,19,1000,3,4.11,3,0.030417336076498033
323,20,1000,2,4.31,4,0.030416992532089352
323,21,255,3,10.0,4,0.03041715731515604
323,22,1000,3,4.97,2,0.030418331019580365
323,23,179,3,10.0,8,0.030421176519473837
323,24,1000,3,6.71,2,0.03042448244802654
323,25,98,3,10.07,10,0.0304278326695975
323,26,88,3,10.05,2,0.03043255825865675
323,27,1000,3,4.28,1,0.03043655188381672
323,28,1000,3,4.27,1,0.030440161200240255
323,29,1000,3,4.26,1,0.030444041673094033
323,30,1000,3,4.27,1,0.03044843932799995
323,31,1000,3,4.25,1,0.030453236445784567
323,32,1000,3,4.34,1,0.030457528468221425
323,33,1000,3,4.33,1,0.030463086813688277
323,34,1000,3,4.28,1,0.03046837942674756
323,35,1000,3,4.29,1,0.030473393527790903
323,36,1000,3,4.24,1,0.030480267949402333
323,37,1000,3,4.25,1,0.03048593258857727
323,38,1000,3,4.32,1,0.030491848759353162
323,39,1000,3,4.26,1,0.03049821610748768
323,40,1000,3,4.32,1,0.03050448075309396
323,41,1000,3,4.33,1,0.03051094319857657
323,42,1000,3,4.35,1,0.03051722551509738
323,43,1000,3,4.31,1,0.030523269029334187
323,44,1000,3,4.25,1,0.030529670080170036
323,45,1000,3,4.29,1,0.030535891773179172
323,46,1000,3,4.29,1,0.030542356422170996
323,47,1000,3,4.34,1,0.0305490917917341
323,48,1000,3,4.25,1,0.030555647023022176
323,49,1000,3,4.29,1,0.03056225273758173
323,50,1000,3,4.27,1,0.03056894854642451
323,51,1000,3,4.29,1,0.03057587436772883
323,52,1000,3,4.34,1,0.030582900220528245
323,53,1000,3,4.37,1,0.03059044439345598
323,54,1000,3,4.23,1,0.03059794412739575
323,55,1000,3,4.27,1,0.030605514070019126
323,56,1000,3,4.32,1,0.03061235215701163
323,57,1000,3,4.31,1,0.030620249155908823
323,58,1000,3,4.28,1,0.03062758906185627
323,59,1000,3,4.29,1,0.03063406402245164
323,60,1000,3,4.35,1,0.030641811003908514
323,61,1000,3,4.32,1,0.030649603424593806
323,62,1000,3,4.27,1,0.030657389845699073
323,63,1000,3,4.29,1,0.030664363712072373
323,64,1000,3,4.3,1,0.03067260582372546
323,65,1000,3,4.3,1,0.030679903712123632
323,66,1000,3,4.29,1,0.030687153281643988
323,67,1000,3,4.29,1,0.030696066623553633
323,68,1000,3,4.29,1,0.030701843701303005
323,69,1000,3,4.29,1,0.03071056580543518
323,70,1000,3,4.31,1,0.03071831181459129
323,71,1000,3,4.27,1,0.0307248591799289
323,72,1000,3,4.31,1,0.03073313573002815
323,73,1000,3,4.35,1,0.03074092149734497
323,74,1000,3,4.3,1,0.03074968583881855
323,75,1000,3,4.38,1,0.030756298640742898
323,76,1000,3,4.33,1,0.030762163054198027
323,77,1000,3,4.32,1,0.030769292457029224
323,78,1000,3,4.34,1,0.030775791468098758
323,79,1000,3,4.33,1,0.030782144237309694
323,80,1000,3,4.33,1,0.03078875760920346
323,81,1000,3,4.39,1,0.03079560928605497
323,82,1000,3,4.3,1,0.03080138111114502
323,83,1000,3,4.35,1,0.0308093326613307
323,84,1000,3,4.29,1,0.030815007837489247
323,85,1000,3,4.29,1,0.03082020153105259
323,86,1000,3,4.3,1,0.030826623670756816
323,87,1000,3,4.31,1,0.030833549696952105
323,88,1000,3,4.34,1,0.030840186443179846
323,89,1000,3,4.33,1,0.030846413340419532
323,90,1000,3,4.31,1,0.03085371153242886
323,91,1000,3,4.35,1,0.030860857767984272
323,92,1000,3,4.31,1,0.03086689774505794
323,93,1000,3,4.3,1,0.030872902862727643
323,94,1000,3,4.38,1,0.030878892280161382
323,95,1000,3,4.3,1,0.030885306607931852
323,96,1000,3,4.32,1,0.030892263907939196
323,97,1000,3,4.27,1,0.030898087983950974
323,98,1000,3,4.29,1,0.030904594359919428
323,99,1000,3,4.34,1,0.030911770097911358
323,100,1000,3,4.31,1,0.030919249033555387
323,101,1000,3,4.31,1,0.03092649338580668
323,102,1000,3,4.38,1,0.030933085514232517
323,103,1000,3,4.32,1,0.03093882592767477
323,104,1000,3,4.34,1,0.030945662934333085
323,105,1000,3,4.42,1,0.030953232960775495
323,106,1000,3,4.31,1,0.0309598531909287
323,107,1000,3,4.34,1,0.03096818103827536
323,108,1000,3,4.34,1,0.03097866657562554
323,109,1000,3,4.31,1,0.03098641099780798
323,110,1000,3,4.31,1,0.030993327759206296
323,111,1000,3,4.39,1,0.031000978922471403
323,112,1000,3,4.32,1,0.031008526727557183
323,113,1000,3,4.28,1,0.031015002399683
323,114,1000,3,4.34,1,0.03102517027966678
323,115,1000,3,4.28,1,0.031033354861661793
323,116,1000,3,4.31,1,0.0310420355014503
323,117,1000,3,4.31,1,0.031052080715075134
323,118,1000,3,4.3,1,0.03105750092305243
323,119,1000,3,4.3,1,0.031066928232088686
323,120,1000,3,4.29,1,0.03107155813649297
323,121,1000,3,4.26,1,0.0310797728523612
323,122,1000,3,4.34,1,0.031086434939876197
323,123,1000,3,4.31,1,0.031093366876244546
323,124,1000,3,4.37,1,0.031100126309320332
323,125,1000,3,4.3,1,0.031106880359351635
323,126,1000,3,4.31,1,0.031117791775614023
323,127,1000,3,4.33,1,0.031125798150897027
323,128,1000,3,4.33,1,0.031131782278418542
323,129,1000,3,4.3,1,0.03114004021137953
323,130,1000,3,4.3,1,0.03114886675029993
323,131,1000,3,4.38,1,0.031156710604205728
323,132,1000,3,4.29,1,0.031163206432014704
323,133,1000,3,4.28,1,0.031171019846573472
323,134,1000,3,4.29,1,0.031179542424157262
323,135,1000,3,4.35,1,0.031188035115599633
323,136,1000,3,4.33,1,0.031194699741899968
323,137,1000,3,4.32,1,0.031201459230855107
323,138,1000,3,4.32,1,0.031207932151854037
323,139,1000,3,4.35,1,0.03121647980436683
323,140,1000,3,4.33,1,0.03122551248036325
323,141,1000,3,4.31,1,0.031232838694006206
323,142,1000,3,4.31,1,0.03124221133440733
323,143,1000,3,4.28,1,0.03125060108304024
323,144,1000,3,4.29,1,0.031259316105395556
323,145,1000,3,4.31,1,0.03126631202176213
323,146,1000,3,4.33,1,0.03127401169016957
323,147,1000,3,4.31,1,0.03128108024969697
323,148,1000,3,4.36,1,0.03128755499050021
323,149,1000,3,4.26,1,0.03129507802054286
323,150,1000,3,4.31,1,0.031305107899010184
323,151,1000,3,4.25,1,0.031310338769108055
323,152,1000,3,4.3,1,0.03131720393151045
323,153,1000,3,4.36,1,0.031325075309723616
323,154,1000,3,4.21,1,0.03133058114722371
323,155,1000,3,4.31,1,0.03133648543804884
323,156,1000,3,4.34,1,0.03134364110603929
323,157,1000,3,4.28,1,0.03134920047223568
323,158,1000,3,4.31,1,0.03135845640301704
323,159,1000,3,4.34,1,0.03136363172903657
323,160,1000,3,4.26,1,0.031371189787983894
323,161,1000,3,4.31,1,0.031377239145338534
323,162,1000,3,4.31,1,0.031385612584650516
323,163,1000,3,4.34,1,0.03139188326150179
323,164,1000,3,4.31,1,0.031398202918469904
323,165,1000,3,4.36,1,0.03140662237256765
323,166,1000,3,4.31,1,0.03141284944117069
323,167,1000,3,4.25,1,0.03142131666839123
323,168,1000,3,4.25,1,0.03142818638309836
323,169,1000,3,4.35,1,0.03143488806113601
323,170,1000,3,4.29,1,0.03144090513139963
323,171,1000,3,4.32,1,0.031446385011076924
323,172,1000,3,4.32,1,0.031457022719085216
323,173,1000,3,4.27,1,0.031463292747735974
323,174,1000,3,4.31,1,0.03146914595738053
323,175,1000,3,4.31,1,0.031478027299046515
323,176,1000,3,4.27,1,0.031485450476408
323,177,1000,3,4.32,1,0.03149565522000194
323,178,1000,3,4.37,1,0.0315038016140461
323,179,1000,3,4.25,1,0.03151042998582125
323,180,1000,3,4.29,1,0.031519584581255915
323,181,1000,3,4.37,1,0.03152368681505322
323,182,1000,3,4.36,1,0.03153004099428654
323,183,1000,3,4.3,1,0.03153848496824503
323,184,1000,3,4.38,1,0.0315459864474833
323,185,1000,3,4.31,1,0.031552238680422305
323,186,1000,3,4.38,1,0.03155982974916696
323,187,1000,3,4.31,1,0.03156841200590134
323,188,1000,3,4.31,1,0.031575985360890624
323,189,1000,3,4.26,1,0.03158167812600732
324,1,1000,3,5.72,3,-0.02367028845474124
324,2,1000,3,4.93,2,-0.023669951744377613
324,3,1000,3,4.74,2,-0.023669348940253257
324,4,1000,3,3.41,3,-0.02366978209465742
324,5,1000,2,3.15,3,-0.023669547386467458
324,6,1000,3,4.83,3,-0.023669880475848913
324,7,1000,3,4.49,6,-0.02367054944485426
324,8,117,5,10.06,5,-0.023670894308732107
324,9,106,4,10.04,2,-0.02367122090017458
324,10,104,3,10.05,5,-0.02367154793598904
324,11,1000,4,5.0,2,-0.02367262591049075
324,12,1000,4,5.8,1,-0.023672966953366993
324,13,1000,1,2.81,3,-0.023673902817070484
324,14,1000,1,2.63,2,-0.02367330441251397
324,15,1000,2,5.01,2,-0.023671607248485087
324,16,110,4,10.11,7,-0.023671345988457854
324,17,91,4,10.07,3,-0.023671693547250152
324,18,91,4,10.1,3,-0.023672457436447615
324,19,1000,4,5.53,3,-0.023672146387398244
324,20,89,3,10.05,11,-0.023671642762054218
324,21,97,4,10.09,4,-0.02367278801027647
324,22,102,5,10.06,2,-0.023672905732311456
324,23,1000,2,8.31,7,-0.023672009889036418
324,24,1000,2,5.87,4,-0.02367248883843422
324,25,1000,2,3.42,2,-0.023673387102782727
324,26,254,5,10.11,3,-0.023673242882011444
324,27,1000,4,6.62,1,-0.02367201683111489
324,28,105,6,10.0,1,-0.023671979332963625
324,29,125,7,10.06,1,-0.023672607257962226
324,30,1000,5,7.33,3,-0.02367309660464525
324,31,1000,5,9.08,3,-0.023673631347715853
324,32,1000,5,4.57,3,-0.023673568721860647
324,33,1000,2,3.37,4,-0.023673169925808906
324,34,1000,2,2.91,2,-0.023672516085207464
324,35,1000,1,2.59,1,-0.02367069199681282
325,1,1000,3,5.77,3,-0.11408506045490503
325,2,1000,3,3.85,2,-0.11408575299382209
325,3,1000,3,4.76,2,-0.1140858248397708
325,4,1000,2,3.36,2,-0.11408625420182944
325,5,1000,3,6.52,4,-0.11408657464385033
325,6,108,5,10.12,5,-0.11408620810619106
325,7,197,5,10.1,3,-0.11408617597092227
325,8,1000,5,5.63,2,-0.11408612127602101
325,9,1000,4,5.45,2,-0.11408542012423277
325,10,1000,4,4.36,1,-0.11408365478366614
325,11,1000,3,4.23,1,-0.11408437417447567
325,12,1000,3,8.52,3,-0.11408508642017841
325,13,1000,2,6.86,3,-0.11408505134284497
325,14,1000,2,3.14,2,-0.11408511809259653
325,15,1000,1,3.14,6,-0.11408698976039887
325,16,83,3,10.09,9,-0.11408717481486769
325,17,89,3,10.05,3,-0.11408683749732007
325,18,96,5,10.09,1,-0.11408591751630108
325,19,92,4,10.0,1,-0.11408595319675363
325,20,109,5,10.01,13,-0.11408608249568064
325,21,81,3,10.01,13,-0.11408655345439911
325,22,88,3,10.09,7,-0.11408746064725248
325,23,98,4,10.01,11,-0.11408740335277148
325,24,104,4,10.02,10,-0.11408724521215145
325,25,98,4,10.11,3,-0.11408589179722631
325,26,98,6,10.05,3,-0.11408522322165723
325,27,102,5,10.07,3,-0.11408393567099291
325,28,91,4,10.1,3,-0.11408603797247122
325,29,84,3,10.09,6,-0.11408851402146476
325,30,118,4,10.08,2,-0.1140886081729905
325,31,84,3,10.01,2,-0.11408871855764162
325,32,103,3,10.03,8,-0.11408810418786354
325,33,87,3,10.1,2,-0.11408758394677064
325,34,122,5,10.2,9,-0.11408556222182806
325,35,100,4,10.0,4,-0.11408696115016938
325,36,158,3,10.04,5,-0.11408748699328568
326,1,1000,3,5.69,3,0.04423605743795633
326,2,1000,3,4.41,3,0.04423595817387104
326,3,1000,3,3.88,3,0.04423580946400762
326,4,1000,3,4.33,3,0.044235576447099446
326,5,1000,3,5.44,3,0.04423510987311602
326,6,1000,2,2.91,2,0.044234879672527316
326,7,1000,2,3.41,4,0.04423430859297514
326,8,1000,2,3.39,4,0.04423362946882844
326,9,1000,3,4.08,3,0.04423289052769542
326,10,1000,2,3.14,3,0.044231917604804036
326,11,1000,3,4.14,3,0.04423213880881667
326,12,1000,3,4.13,3,0.044231582999229434
326,13,1000,2,3.49,3,0.0442318554520607
326,14,127,4,10.07,3,0.04423121462656757
326,15,1000,1,2.79,3,0.0442297526113689
326,16,1000,2,2.99,1,0.04423083041608333
326,17,1000,2,3.06,3,0.044228555560112
326,18,1000,2,3.13,3,0.04422774478420615
326,19,1000,3,4.19,3,0.044229411002248524
326,20,1000,3,4.8,3,0.044230529170483354
326,21,139,4,10.05,3,0.04423225973900274
326,22,1000,4,3.39,1,0.044233235336840156
326,23,1000,4,5.03,1,0.044233284071087835
326,24,1000,1,2.99,5,0.044232726074755195
326,25,114,4,10.01,6,0.044232935072821486
326,26,88,4,10.07,4,0.044233089609240946
326,27,112,6,10.06,3,0.044232328522152135
326,28,1000,3,5.13,3,0.04423183490335941
326,29,102,4,10.08,7,0.044232273620425484
326,30,994,4,10.0,3,0.04423440740232017
326,31,1000,2,3.02,2,0.04423399156332016
326,32,1000,3,7.2,3,0.04423368725553155
326,33,92,3,10.05,5,0.04423240345457326
326,34,97,4,10.03,4,0.04423228248032098
326,35,105,3,10.09,4,0.044232909381389615
326,36,1000,2,4.25,3,0.04423351166024804
326,37,1000,3,4.08,2,0.04423263450711966
326,38,111,5,10.03,3,0.0442331680642055
326,39,93,4,10.01,4,0.04423403707883691
326,40,93,3,10.0,11,0.044234387616636936
326,41,98,4,10.09,3,0.044234673587643374
326,42,1000,2,5.23,4,0.04423504086211324
326,43,1000,3,9.31,4,0.0442342958599329
326,44,1000,3,8.7,2,0.044233819760382175
326,45,1000,2,9.6,3,0.04423360421508551
327,1,1000,3,5.67,3,-0.041345817986875776
327,2,1000,3,5.34,2,-0.041346918653696774
327,3,1000,3,4.03,2,-0.04134853880479932
327,4,1000,3,3.56,2,-0.041349471252411604
327,5,1000,2,3.39,4,-0.04135002671182156
327,6,1000,3,3.79,2,-0.04135011981427669
327,7,1000,2,3.59,5,-0.04135205285251141
327,8,1000,2,4.04,2,-0.04135224267467857
327,9,1000,3,5.47,3,-0.04135235076025128
327,10,1000,3,7.86,3,-0.041351735293865204
327,11,1000,4,7.97,3,-0.04135162578895688
327,12,1000,5,8.78,2,-0.041352128356695175
327,13,1000,4,6.22,1,-0.0413535810187459
327,14,108,5,10.07,3,-0.041352766669458814
327,15,1000,5,9.01,2,-0.04135257741808891
327,16,1000,2,7.1,8,-0.04135444948077202
327,17,1000,3,9.74,4,-0.041354182500392196
327,18,171,4,10.02,4,-0.04135308639086478
327,19,1000,3,5.82,2,-0.041354460302740335
327,20,1000,3,4.93,2,-0.041355884339660406
327,21,1000,1,3.13,6,-0.04135693245008588
327,22,1000,3,7.6,5,-0.04135695819929242
327,23,1000,1,2.65,2,-0.04135809746384621
327,24,1000,2,5.68,2,-0.041359106589108706
327,25,90,3,10.01,5,-0.04136007879343298
327,26,115,6,10.01,3,-0.04135928607505301
327,27,190,5,10.1,2,-0.04135846217211924
327,28,193,5,10.07,2,-0.04135918082582518
327,29,1000,2,7.42,11,-0.04135940084978938
327,30,1000,3,8.4,4,-0.041359190292656424
327,31,1000,3,8.96,3,-0.04135816202312708
327,32,1000,3,5.7,2,-0.04135933732241392
327,33,103,4,10.04,4,-0.041359557435639856
327,34,102,4,10.0,4,-0.04135779726008574
327,35,1000,5,9.18,2,-0.041356421004980805
327,36,1000,5,7.65,3,-0.04135578878596425
327,37,91,3,10.07,8,-0.041355659059443314
327,38,1000,2,3.62,5,-0.04135698774829507
327,39,1000,2,3.44,2,-0.04135722300410271
327,40,92,3,10.01,5,-0.04135716086982385
327,41,87,3,10.04,8,-0.041357581685671864
327,42,1000,2,5.77,3,-0.04135739393532276
327,43,1000,3,8.07,3,-0.041357914954423904
327,44,1000,2,3.9,3,-0.04135683985054493
327,45,1000,1,2.82,3,-0.04135776270925999
328,1,1000,3,5.71,3,-0.12573033756017685
328,2,1000,3,4.97,2,-0.12573103630542756
328,3,1000,3,4.79,2,-0.1257316541224718
328,4,1000,3,4.84,2,-0.1257322424352169
328,5,1000,2,3.94,3,-0.12573236994445325
328,6,1000,3,4.58,2,-0.12573251582682132
328,7,1000,3,5.67,3,-0.1257321847975254
328,8,1000,3,8.18,10,-0.12573270849883555
328,9,1000,3,6.31,1,-0.12573273652791978
328,10,87,3,10.09,1,-0.12573334745977116
328,11,1000,3,6.63,1,-0.12573347274959087
328,12,1000,4,5.94,1,-0.12573368149995803
328,13,1000,4,5.92,1,-0.1257337972521782
328,14,1000,3,4.53,1,-0.12573369696736336
328,15,1000,3,4.59,1,-0.1257341198772192
328,16,1000,4,5.35,2,-0.12573448504507542
328,17,100,4,10.03,4,-0.1257346437871456
328,18,91,4,10.04,1,-0.12573502712197357
328,19,136,4,10.03,3,-0.12573416881701527
328,20,1000,3,9.96,2,-0.12573453539609908
328,21,87,3,10.01,3,-0.12573444243820234
328,22,89,3,10.1,4,-0.12573441662145465
328,23,91,3,10.07,6,-0.1257341143849132
328,24,88,3,10.06,6,-0.1257345276800069
328,25,101,3,10.09,14,-0.12573475619353872
328,26,103,4,10.07,11,-0.12573498473005387
328,27,92,4,10.06,5,-0.12573520320913065
328,28,90,3,10.01,4,-0.12573559996154574
328,29,93,3,10.11,2,-0.12573539313449655
328,30,97,4,10.08,3,-0.12573543528920597
328,31,95,4,10.08,2,-0.12573628268743817
328,32,220,5,10.1,8,-0.12573730979453435
328,33,99,5,10.09,3,-0.12573693180927123
328,34,86,4,10.11,1,-0.12573786513056867
328,35,97,4,10.11,3,-0.12573704492185533
328,36,75,3,10.01,3,-0.12573681732018788
328,37,989,4,10.04,15,-0.125736270623453
329,1,1000,3,5.75,3,-0.13858831806480884
329,2,1000,3,5.0,2,-0.13858922040462493
329,3,1000,2,3.4,2,-0.1385896230638027
329,4,1000,3,4.56,3,-0.13858990551531314
329,5,1000,3,6.75,2,-0.13859040853381158
329,6,1000,3,5.58,3,-0.13859059484302996
329,7,1000,1,2.74,3,-0.13859070602059365
329,8,1000,1,2.79,3,-0.138590623319149
329,9,1000,2,3.12,3,-0.13859127539396285
329,10,1000,1,2.67,2,-0.13859186106920243
329,11,1000,1,3.0,5,-0.13859225192666053
329,12,1000,2,4.48,3,-0.1385922460258007
329,13,1000,2,3.48,3,-0.1385928237736225
329,14,1000,1,2.68,2,-0.1385941217839718
329,15,1000,1,3.06,5,-0.13859441867470743
329,16,1000,1,2.89,4,-0.13859433652460576
329,17,1000,1,2.75,3,-0.13859461870789527
329,18,1000,3,4.78,3,-0.13859470896422862
329,19,1000,2,3.88,4,-0.13859509032964706
329,20,292,6,10.08,2,-0.13859571485895
329,21,154,4,10.0,3,-0.13859633007993946
329,22,112,5,10.09,3,-0.13859708274581603
329,23,1000,3,4.3,4,-0.13859817208349703
329,24,95,3,10.01,5,-0.13859826796933225
329,25,140,5,10.07,2,-0.1385980564568724
329,26,94,3,10.01,7,-0.13859867463086514
329,27,93,3,10.1,7,-0.13859917159362506
329,28,92,3,10.08,2,-0.1385996228326922
329,29,99,3,10.0,13,-0.13860036101606157
329,30,1000,3,6.99,3,-0.1386016136854887
329,31,1000,1,2.67,2,-0.1386016579568386
329,32,1000,1,2.68,2,-0.1386030665487051
329,33,1000,1,2.73,2,-0.13860283637046814
330,1,1000,3,5.74,3,0.07400233260542154
330,2,1000,3,3.89,2,0.0740003136023879
330,3,1000,2,3.13,2,0.0739974394366145
330,4,1000,2,3.52,3,0.07399728948622943
330,5,1000,1,2.78,3,0.07399654876440763
330,6,1000,2,3.35,2,0.07399650088697672
330,7,1000,2,3.47,3,0.07399595768004656
330,8,1000,2,3.4,2,0.07399623492360115
330,9,1000,2,3.11,2,0.0739966645538807
330,10,1000,2,5.62,7,0.07399641679227352
330,11,103,5,10.04,2,0.07399692234483737
330,12,95,4,10.05,3,0.07399629362319646
330,13,1000,3,5.28,4,0.07399640078097582
330,14,1000,3,5.79,4,0.07399718570709228
