game,round,iteration,depth,current_player,terr_attacked_in_round (actions taken)
1,1,1,0,Germans,1
1,1,1,0,Chinese,2
1,1,1,0,Russians,2
1,1,1,0,Italians,2
1,1,1,1,Germans,1
1,1,1,1,Chinese,2
1,1,1,1,Russians,2
1,1,1,1,Italians,2
1,1,1,2,Germans,3
1,1,1,2,Chinese,1
1,1,1,2,Russians,1
1,1,1,2,Italians,1
1,1,1,3,Germans,2
1,1,1,3,Chinese,2
1,1,1,3,Russians,2
1,1,1,3,Italians,2
1,1,1,4,Germans,2
1,1,1,4,Chinese,2
1,1,1,4,Russians,0
1,1,1,4,Italians,3
1,1,2,0,Germans,2
1,1,2,0,Chinese,2
1,1,2,0,Russians,2
1,1,2,0,Italians,2
1,1,2,1,Germans,2
1,1,2,1,Chinese,2
1,1,2,1,Russians,2
1,1,2,1,Italians,2
1,1,2,2,Germans,1
1,1,2,2,Chinese,1
1,1,2,2,Russians,1
1,1,2,2,Italians,2
1,1,2,3,Germans,1
1,1,2,3,Chinese,2
1,1,2,3,Russians,2
1,1,2,3,Italians,1
1,1,2,4,Germans,2
1,1,2,4,Chinese,3
1,1,2,4,Russians,2
1,1,2,4,Italians,3
1,1,3,0,Germans,2
1,1,3,0,Chinese,1
1,1,3,0,Russians,2
1,1,3,0,Italians,2
1,1,3,1,Germans,2
1,1,3,1,Chinese,2
1,1,3,1,Russians,2
1,1,3,1,Italians,2
1,1,3,2,Germans,1
1,1,3,2,Chinese,3
1,1,3,2,Russians,2
1,1,3,2,Italians,1
1,1,3,3,Germans,2
1,1,3,3,Chinese,2
1,1,3,3,Russians,3
1,1,3,3,Italians,2
1,1,3,4,Germans,1
1,1,3,4,Chinese,2
1,1,3,4,Russians,2
1,1,3,4,Italians,1
1,1,4,0,Germans,1
1,1,4,0,Chinese,2
1,1,4,0,Russians,2
1,1,4,0,Italians,2
1,1,4,1,Germans,1
1,1,4,1,Chinese,2
1,1,4,1,Russians,2
1,1,4,1,Italians,2
1,1,4,2,Germans,2
1,1,4,2,Chinese,1
1,1,4,2,Russians,1
1,1,4,2,Italians,2
1,1,4,3,Germans,2
1,1,4,3,Chinese,2
1,1,4,3,Russians,2
1,1,4,3,Italians,2
1,1,4,4,Germans,2
1,1,4,4,Chinese,3
1,1,4,4,Russians,2
1,1,4,4,Italians,3
1,1,5,0,Germans,1
1,1,5,0,Chinese,2
1,1,5,0,Russians,2
1,1,5,0,Italians,1
1,1,5,1,Germans,2
1,1,5,1,Chinese,2
1,1,5,1,Russians,2
1,1,5,1,Italians,2
1,1,5,2,Germans,3
1,1,5,2,Chinese,2
1,1,5,2,Russians,1
1,1,5,2,Italians,2
1,1,5,3,Germans,1
1,1,5,3,Chinese,2
1,1,5,3,Russians,2
1,1,5,3,Italians,1
1,1,5,4,Germans,2
1,1,5,4,Chinese,2
1,1,5,4,Russians,1
1,1,5,4,Italians,2
1,1,6,0,Germans,1
1,1,6,0,Chinese,2
1,1,6,0,Russians,2
1,1,6,0,Italians,1
1,1,6,1,Germans,1
1,1,6,1,Chinese,3
1,1,6,1,Russians,2
1,1,6,1,Italians,2
1,1,6,2,Germans,2
1,1,6,2,Chinese,2
1,1,6,2,Russians,1
1,1,6,2,Italians,2
1,1,6,3,Germans,3
1,1,6,3,Chinese,2
1,1,6,3,Russians,2
1,1,6,3,Italians,2
1,1,6,4,Germans,3
1,1,6,4,Chinese,2
1,1,6,4,Russians,3
1,1,6,4,Italians,1
1,1,7,0,Germans,1
1,1,7,0,Chinese,1
1,1,7,0,Russians,2
1,1,7,0,Italians,2
1,1,7,1,Germans,2
1,1,7,1,Chinese,2
1,1,7,1,Russians,2
1,1,7,1,Italians,2
1,1,7,2,Germans,2
1,1,7,2,Chinese,1
1,1,7,2,Russians,2
1,1,7,2,Italians,2
1,1,7,3,Germans,2
1,1,7,3,Chinese,2
1,1,7,3,Russians,2
1,1,7,3,Italians,2
1,1,7,4,Germans,1
1,1,7,4,Chinese,2
1,1,7,4,Russians,1
1,1,7,4,Italians,1
1,1,8,0,Germans,1
1,1,8,0,Chinese,1
1,1,8,0,Russians,2
1,1,8,0,Italians,2
1,1,8,1,Germans,2
1,1,8,1,Chinese,2
1,1,8,1,Russians,2
1,1,8,1,Italians,2
1,1,8,2,Germans,2
1,1,8,2,Chinese,1
1,1,8,2,Russians,2
1,1,8,2,Italians,2
1,1,8,3,Germans,2
1,1,8,3,Chinese,2
1,1,8,3,Russians,2
1,1,8,3,Italians,2
1,1,8,4,Germans,3
1,1,8,4,Chinese,2
1,1,8,4,Russians,1
1,1,8,4,Italians,2
1,1,9,0,Germans,1
1,1,9,0,Chinese,1
1,1,9,0,Russians,2
1,1,9,0,Italians,1
1,1,9,1,Germans,1
1,1,9,1,Chinese,2
1,1,9,1,Russians,2
1,1,9,1,Italians,2
1,1,9,2,Germans,3
1,1,9,2,Chinese,3
1,1,9,2,Russians,2
1,1,9,2,Italians,3
1,1,9,3,Germans,2
1,1,9,3,Chinese,1
1,1,9,3,Russians,2
1,1,9,3,Italians,3
1,1,9,4,Germans,2
1,1,9,4,Chinese,2
1,1,9,4,Russians,1
1,1,9,4,Italians,2
1,1,10,0,Germans,1
1,1,10,0,Chinese,1
1,1,10,0,Russians,2
1,1,10,0,Italians,1
1,1,10,1,Germans,2
1,1,10,1,Chinese,2
1,1,10,1,Russians,2
1,1,10,1,Italians,1
1,1,10,2,Germans,3
1,1,10,2,Chinese,1
1,1,10,2,Russians,1
1,1,10,2,Italians,2
1,1,10,3,Germans,2
1,1,10,3,Chinese,2
1,1,10,3,Russians,2
1,1,10,3,Italians,2
1,1,10,4,Germans,2
1,1,10,4,Chinese,2
1,1,10,4,Russians,1
1,1,10,4,Italians,1
1,1,11,0,Germans,1
1,1,11,0,Chinese,1
1,1,11,0,Russians,2
1,1,11,0,Italians,2
1,1,11,1,Germans,1
1,1,11,1,Chinese,2
1,1,11,1,Russians,2
1,1,11,1,Italians,1
1,1,11,2,Germans,3
1,1,11,2,Chinese,3
1,1,11,2,Russians,2
1,1,11,2,Italians,2
1,1,11,3,Germans,3
1,1,11,3,Chinese,2
1,1,11,3,Russians,2
1,1,11,3,Italians,2
1,1,11,4,Germans,2
1,1,11,4,Chinese,3
1,1,11,4,Russians,1
1,1,11,4,Italians,2
1,1,12,0,Germans,1
1,1,12,0,Chinese,2
1,1,12,0,Russians,2
1,1,12,0,Italians,2
1,1,12,1,Germans,1
1,1,12,1,Chinese,2
1,1,12,1,Russians,2
1,1,12,1,Italians,2
1,1,12,2,Germans,3
1,1,12,2,Chinese,2
1,1,12,2,Russians,1
1,1,12,2,Italians,2
1,1,12,3,Germans,2
1,1,12,3,Chinese,2
1,1,12,3,Russians,2
1,1,12,3,Italians,2
1,1,12,4,Germans,1
1,1,12,4,Chinese,1
1,1,12,4,Russians,2
1,1,12,4,Italians,3
1,1,13,0,Germans,1
1,1,13,0,Chinese,2
1,1,13,0,Russians,2
1,1,13,0,Italians,2
1,1,13,1,Germans,2
1,1,13,1,Chinese,3
1,1,13,1,Russians,2
1,1,13,1,Italians,2
1,1,13,2,Germans,1
1,1,13,2,Chinese,2
1,1,13,2,Russians,2
1,1,13,2,Italians,2
1,1,13,3,Germans,2
1,1,13,3,Chinese,2
1,1,13,3,Russians,2
1,1,13,3,Italians,2
1,1,13,4,Germans,2
1,1,13,4,Chinese,1
1,1,13,4,Russians,2
1,1,13,4,Italians,1
1,1,14,0,Germans,1
1,1,14,0,Chinese,2
1,1,14,0,Russians,2
1,1,14,0,Italians,2
1,1,14,1,Germans,2
1,1,14,1,Chinese,3
1,1,14,1,Russians,2
1,1,14,1,Italians,2
1,1,14,2,Germans,1
1,1,14,2,Chinese,2
1,1,14,2,Russians,1
1,1,14,2,Italians,2
1,1,14,3,Germans,1
1,1,14,3,Chinese,2
1,1,14,3,Russians,2
1,1,14,3,Italians,2
1,1,14,4,Germans,1
1,1,14,4,Chinese,2
1,1,14,4,Russians,2
1,1,14,4,Italians,2
1,1,15,0,Germans,1
1,1,15,0,Chinese,1
1,1,15,0,Russians,2
1,1,15,0,Italians,2
1,1,15,1,Germans,2
1,1,15,1,Chinese,2
1,1,15,1,Russians,2
1,1,15,1,Italians,2
1,1,15,2,Germans,2
1,1,15,2,Chinese,3
1,1,15,2,Russians,2
1,1,15,2,Italians,2
1,1,15,3,Germans,2
1,1,15,3,Chinese,2
1,1,15,3,Russians,2
1,1,15,3,Italians,2
1,1,15,4,Germans,3
1,1,15,4,Chinese,2
1,1,15,4,Russians,2
1,1,15,4,Italians,1
1,2,1,0,Germans,1
1,2,1,0,Chinese,1
1,2,1,0,Russians,2
1,2,1,0,Italians,2
1,2,1,1,Germans,2
1,2,1,1,Chinese,3
1,2,1,1,Russians,2
1,2,1,1,Italians,1
1,2,1,2,Germans,2
1,2,1,2,Chinese,2
1,2,1,2,Russians,2
1,2,1,2,Italians,2
1,2,1,3,Germans,3
1,2,1,3,Chinese,2
1,2,1,3,Russians,1
1,2,1,3,Italians,1
1,2,1,4,Germans,1
1,2,1,4,Chinese,3
1,2,1,4,Russians,2
1,2,1,4,Italians,1
1,2,2,0,Germans,2
1,2,2,0,Chinese,1
1,2,2,0,Russians,2
1,2,2,0,Italians,2
1,2,2,1,Germans,2
1,2,2,1,Chinese,3
1,2,2,1,Russians,2
1,2,2,1,Italians,1
1,2,2,2,Germans,1
1,2,2,2,Chinese,2
1,2,2,2,Russians,3
1,2,2,2,Italians,2
1,2,2,3,Germans,2
1,2,2,3,Chinese,2
1,2,2,3,Russians,1
1,2,2,3,Italians,3
1,2,2,4,Germans,2
1,2,2,4,Chinese,2
1,2,2,4,Russians,2
1,2,2,4,Italians,1
1,2,3,0,Germans,1
1,2,3,0,Chinese,2
1,2,3,0,Russians,2
1,2,3,0,Italians,2
1,2,3,1,Germans,2
1,2,3,1,Chinese,1
1,2,3,1,Russians,1
1,2,3,1,Italians,1
1,2,3,2,Germans,2
1,2,3,2,Chinese,2
1,2,3,2,Russians,1
1,2,3,2,Italians,2
1,2,3,3,Germans,3
1,2,3,3,Chinese,3
1,2,3,3,Russians,2
1,2,3,3,Italians,1
1,2,3,4,Germans,1
1,2,3,4,Chinese,2
1,2,3,4,Russians,1
1,2,3,4,Italians,1
1,2,4,0,Germans,1
1,2,4,0,Chinese,2
1,2,4,0,Russians,2
1,2,4,0,Italians,2
1,2,4,1,Germans,3
1,2,4,1,Chinese,1
1,2,4,1,Russians,1
1,2,4,1,Italians,1
1,2,4,2,Germans,2
1,2,4,2,Chinese,2
1,2,4,2,Russians,2
1,2,4,2,Italians,2
1,2,4,3,Germans,1
1,2,4,3,Chinese,3
1,2,4,3,Russians,1
1,2,4,3,Italians,3
1,2,4,4,Germans,0
1,2,4,4,Chinese,3
1,2,4,4,Russians,1
1,2,4,4,Italians,3
1,2,5,0,Germans,1
1,2,5,0,Chinese,1
1,2,5,0,Russians,2
1,2,5,0,Italians,2
1,2,5,1,Germans,2
1,2,5,1,Chinese,3
1,2,5,1,Russians,2
1,2,5,1,Italians,1
1,2,5,2,Germans,2
1,2,5,2,Chinese,2
1,2,5,2,Russians,2
1,2,5,2,Italians,2
1,2,5,3,Germans,3
1,2,5,3,Chinese,2
1,2,5,3,Russians,2
1,2,5,3,Italians,1
1,2,5,4,Germans,2
1,2,5,4,Chinese,1
1,2,5,4,Russians,2
1,2,5,4,Italians,2
1,2,6,0,Germans,1
1,2,6,0,Chinese,2
1,2,6,0,Russians,2
1,2,6,0,Italians,2
1,2,6,1,Germans,3
1,2,6,1,Chinese,2
1,2,6,1,Russians,1
1,2,6,1,Italians,1
1,2,6,2,Germans,2
1,2,6,2,Chinese,2
1,2,6,2,Russians,1
1,2,6,2,Italians,2
1,2,6,3,Germans,2
1,2,6,3,Chinese,3
1,2,6,3,Russians,1
1,2,6,3,Italians,2
1,2,6,4,Germans,1
1,2,6,4,Chinese,2
1,2,6,4,Russians,2
1,2,6,4,Italians,2
1,2,7,0,Germans,1
1,2,7,0,Chinese,1
1,2,7,0,Russians,2
1,2,7,0,Italians,2
1,2,7,1,Germans,2
1,2,7,1,Chinese,3
1,2,7,1,Russians,2
1,2,7,1,Italians,1
1,2,7,2,Germans,2
1,2,7,2,Chinese,2
1,2,7,2,Russians,2
1,2,7,2,Italians,2
1,2,7,3,Germans,3
1,2,7,3,Chinese,2
1,2,7,3,Russians,1
1,2,7,3,Italians,0
1,2,7,4,Germans,1
1,2,7,4,Chinese,2
1,2,7,4,Russians,2
1,2,7,4,Italians,2
1,2,8,0,Germans,1
1,2,8,0,Chinese,1
1,2,8,0,Russians,2
1,2,8,0,Italians,2
1,2,8,1,Germans,2
1,2,8,1,Chinese,3
1,2,8,1,Russians,2
1,2,8,1,Italians,1
1,2,8,2,Germans,3
1,2,8,2,Chinese,2
1,2,8,2,Russians,2
1,2,8,2,Italians,2
1,2,8,3,Germans,3
1,2,8,3,Chinese,2
1,2,8,3,Russians,1
1,2,8,3,Italians,1
1,2,8,4,Germans,1
1,2,8,4,Chinese,1
1,2,8,4,Russians,2
1,2,8,4,Italians,3
1,2,9,0,Germans,1
1,2,9,0,Chinese,2
1,2,9,0,Russians,2
1,2,9,0,Italians,2
1,2,9,1,Germans,2
1,2,9,1,Chinese,1
1,2,9,1,Russians,1
1,2,9,1,Italians,1
1,2,9,2,Germans,2
1,2,9,2,Chinese,2
1,2,9,2,Russians,1
1,2,9,2,Italians,2
1,2,9,3,Germans,2
1,2,9,3,Chinese,2
1,2,9,3,Russians,1
1,2,9,3,Italians,2
1,2,9,4,Germans,1
1,2,9,4,Chinese,2
1,2,9,4,Russians,2
1,2,9,4,Italians,1
1,2,10,0,Germans,1
1,2,10,0,Chinese,2
1,2,10,0,Russians,2
1,2,10,0,Italians,2
1,2,10,1,Germans,3
1,2,10,1,Chinese,1
1,2,10,1,Russians,1
1,2,10,1,Italians,1
1,2,10,2,Germans,2
1,2,10,2,Chinese,2
1,2,10,2,Russians,1
1,2,10,2,Italians,2
1,2,10,3,Germans,2
1,2,10,3,Chinese,2
1,2,10,3,Russians,1
1,2,10,3,Italians,2
1,2,10,4,Germans,1
1,2,10,4,Chinese,2
1,2,10,4,Russians,2
1,2,10,4,Italians,2
1,2,11,0,Germans,1
1,2,11,0,Chinese,2
1,2,11,0,Russians,2
1,2,11,0,Italians,2
1,2,11,1,Germans,2
1,2,11,1,Chinese,1
1,2,11,1,Russians,1
1,2,11,1,Italians,1
1,2,11,2,Germans,2
1,2,11,2,Chinese,2
1,2,11,2,Russians,2
1,2,11,2,Italians,2
1,2,11,3,Germans,1
1,2,11,3,Chinese,3
1,2,11,3,Russians,2
1,2,11,3,Italians,1
1,2,11,4,Germans,0
1,2,11,4,Chinese,2
1,2,11,4,Russians,1
1,2,11,4,Italians,2
1,2,12,0,Germans,1
1,2,12,0,Chinese,2
1,2,12,0,Russians,2
1,2,12,0,Italians,2
1,2,12,1,Germans,3
1,2,12,1,Chinese,2
1,2,12,1,Russians,1
1,2,12,1,Italians,1
1,2,12,2,Germans,2
1,2,12,2,Chinese,3
1,2,12,2,Russians,2
1,2,12,2,Italians,2
1,2,12,3,Germans,2
1,2,12,3,Chinese,1
1,2,12,3,Russians,2
1,2,12,3,Italians,3
1,2,12,4,Germans,1
1,2,12,4,Chinese,1
1,2,12,4,Russians,1
1,2,12,4,Italians,1
1,2,13,0,Germans,1
1,2,13,0,Chinese,1
1,2,13,0,Russians,2
1,2,13,0,Italians,2
1,2,13,1,Germans,2
1,2,13,1,Chinese,3
1,2,13,1,Russians,2
1,2,13,1,Italians,1
1,2,13,2,Germans,1
1,2,13,2,Chinese,2
1,2,13,2,Russians,2
1,2,13,2,Italians,2
1,2,13,3,Germans,2
1,2,13,3,Chinese,2
1,2,13,3,Russians,2
1,2,13,3,Italians,2
1,2,13,4,Germans,1
1,2,13,4,Chinese,1
1,2,13,4,Russians,2
1,2,13,4,Italians,2
1,3,1,0,Germans,1
1,3,1,0,Chinese,3
1,3,1,0,Russians,3
1,3,1,0,Italians,1
1,3,1,1,Germans,3
1,3,1,1,Chinese,2
1,3,1,1,Russians,2
1,3,1,1,Italians,2
1,3,1,2,Germans,3
1,3,1,2,Chinese,1
1,3,1,2,Russians,1
1,3,1,2,Italians,2
1,3,1,3,Germans,2
1,3,1,3,Chinese,2
1,3,1,3,Russians,2
1,3,1,3,Italians,2
1,3,1,4,Germans,2
1,3,1,4,Chinese,1
1,3,1,4,Russians,2
1,3,1,4,Italians,2
1,3,2,0,Germans,2
1,3,2,0,Chinese,3
1,3,2,0,Russians,3
1,3,2,0,Italians,1
1,3,2,1,Germans,3
1,3,2,1,Chinese,2
1,3,2,1,Russians,2
1,3,2,1,Italians,2
1,3,2,2,Germans,3
1,3,2,2,Chinese,2
1,3,2,2,Russians,2
1,3,2,2,Italians,2
1,3,2,3,Germans,1
1,3,2,3,Chinese,1
1,3,2,3,Russians,2
1,3,2,3,Italians,2
1,3,2,4,Germans,1
1,3,2,4,Chinese,0
1,3,2,4,Russians,2
1,3,2,4,Italians,1
1,3,3,0,Germans,2
1,3,3,0,Chinese,3
1,3,3,0,Russians,3
1,3,3,0,Italians,1
1,3,3,1,Germans,3
1,3,3,1,Chinese,2
1,3,3,1,Russians,2
1,3,3,1,Italians,2
1,3,3,2,Germans,3
1,3,3,2,Chinese,2
1,3,3,2,Russians,1
1,3,3,2,Italians,2
1,3,3,3,Germans,2
1,3,3,3,Chinese,1
1,3,3,3,Russians,2
1,3,3,3,Italians,2
1,3,3,4,Germans,1
1,3,3,4,Chinese,1
1,3,3,4,Russians,2
1,3,3,4,Italians,2
1,3,4,0,Germans,2
1,3,4,0,Chinese,3
1,3,4,0,Russians,3
1,3,4,0,Italians,1
1,3,4,1,Germans,3
1,3,4,1,Chinese,2
1,3,4,1,Russians,2
1,3,4,1,Italians,2
1,3,4,2,Germans,2
1,3,4,2,Chinese,2
1,3,4,2,Russians,2
1,3,4,2,Italians,2
1,3,4,3,Germans,2
1,3,4,3,Chinese,1
1,3,4,3,Russians,2
1,3,4,3,Italians,2
1,3,4,4,Germans,1
1,3,4,4,Chinese,1
1,3,4,4,Russians,2
1,3,4,4,Italians,2
1,3,5,0,Germans,1
1,3,5,0,Chinese,2
1,3,5,0,Russians,3
1,3,5,0,Italians,1
1,3,5,1,Germans,2
1,3,5,1,Chinese,2
1,3,5,1,Russians,2
1,3,5,1,Italians,2
1,3,5,2,Germans,2
1,3,5,2,Chinese,2
1,3,5,2,Russians,1
1,3,5,2,Italians,1
1,3,5,3,Germans,1
1,3,5,3,Chinese,3
1,3,5,3,Russians,2
1,3,5,3,Italians,3
1,3,5,4,Germans,1
1,3,5,4,Chinese,2
1,3,5,4,Russians,0
1,3,5,4,Italians,3
1,3,6,0,Germans,1
1,3,6,0,Chinese,2
1,3,6,0,Russians,3
1,3,6,0,Italians,1
1,3,6,1,Germans,3
1,3,6,1,Chinese,2
1,3,6,1,Russians,2
1,3,6,1,Italians,2
1,3,6,2,Germans,2
1,3,6,2,Chinese,2
1,3,6,2,Russians,2
1,3,6,2,Italians,1
1,3,6,3,Germans,2
1,3,6,3,Chinese,2
1,3,6,3,Russians,2
1,3,6,3,Italians,3
1,3,6,4,Germans,2
1,3,6,4,Chinese,1
1,3,6,4,Russians,2
1,3,6,4,Italians,2
1,3,7,0,Germans,1
1,3,7,0,Chinese,2
1,3,7,0,Russians,3
1,3,7,0,Italians,1
1,3,7,1,Germans,2
1,3,7,1,Chinese,2
1,3,7,1,Russians,2
1,3,7,1,Italians,2
1,3,7,2,Germans,3
1,3,7,2,Chinese,1
1,3,7,2,Russians,2
1,3,7,2,Italians,1
1,3,7,3,Germans,2
1,3,7,3,Chinese,3
1,3,7,3,Russians,2
1,3,7,3,Italians,3
1,3,7,4,Germans,1
1,3,7,4,Chinese,1
1,3,7,4,Russians,1
1,3,7,4,Italians,3
1,3,8,0,Germans,1
1,3,8,0,Chinese,2
1,3,8,0,Russians,3
1,3,8,0,Italians,1
1,3,8,1,Germans,2
1,3,8,1,Chinese,2
1,3,8,1,Russians,2
1,3,8,1,Italians,2
1,3,8,2,Germans,3
1,3,8,2,Chinese,2
1,3,8,2,Russians,1
1,3,8,2,Italians,1
1,3,8,3,Germans,2
1,3,8,3,Chinese,3
1,3,8,3,Russians,2
1,3,8,3,Italians,3
1,3,8,4,Germans,1
1,3,8,4,Chinese,2
1,3,8,4,Russians,1
1,3,8,4,Italians,3
1,3,9,0,Germans,1
1,3,9,0,Chinese,3
1,3,9,0,Russians,3
1,3,9,0,Italians,1
1,3,9,1,Germans,2
1,3,9,1,Chinese,2
1,3,9,1,Russians,2
1,3,9,1,Italians,2
1,3,9,2,Germans,3
1,3,9,2,Chinese,1
1,3,9,2,Russians,1
1,3,9,2,Italians,2
1,3,9,3,Germans,2
1,3,9,3,Chinese,2
1,3,9,3,Russians,2
1,3,9,3,Italians,1
1,3,9,4,Germans,3
1,3,9,4,Chinese,1
1,3,9,4,Russians,1
1,3,9,4,Italians,2
1,3,10,0,Germans,1
1,3,10,0,Chinese,2
1,3,10,0,Russians,3
1,3,10,0,Italians,1
1,3,10,1,Germans,3
1,3,10,1,Chinese,2
1,3,10,1,Russians,2
1,3,10,1,Italians,2
1,3,10,2,Germans,3
1,3,10,2,Chinese,2
1,3,10,2,Russians,2
1,3,10,2,Italians,1
1,3,10,3,Germans,2
1,3,10,3,Chinese,3
1,3,10,3,Russians,2
1,3,10,3,Italians,3
1,3,10,4,Germans,1
1,3,10,4,Chinese,3
1,3,10,4,Russians,2
1,3,10,4,Italians,1
1,3,11,0,Germans,1
1,3,11,0,Chinese,3
1,3,11,0,Russians,3
1,3,11,0,Italians,1
1,3,11,1,Germans,2
1,3,11,1,Chinese,2
1,3,11,1,Russians,2
1,3,11,1,Italians,2
1,3,11,2,Germans,3
1,3,11,2,Chinese,1
1,3,11,2,Russians,1
1,3,11,2,Italians,2
1,3,11,3,Germans,2
1,3,11,3,Chinese,2
1,3,11,3,Russians,2
1,3,11,3,Italians,2
1,3,11,4,Germans,1
1,3,11,4,Chinese,1
1,3,11,4,Russians,1
1,3,11,4,Italians,2
1,3,12,0,Germans,1
1,3,12,0,Chinese,2
1,3,12,0,Russians,3
1,3,12,0,Italians,1
1,3,12,1,Germans,2
1,3,12,1,Chinese,2
1,3,12,1,Russians,2
1,3,12,1,Italians,2
1,3,12,2,Germans,3
1,3,12,2,Chinese,2
1,3,12,2,Russians,2
1,3,12,2,Italians,1
1,3,12,3,Germans,1
1,3,12,3,Chinese,3
1,3,12,3,Russians,2
1,3,12,3,Italians,3
1,3,12,4,Germans,1
1,3,12,4,Chinese,1
1,3,12,4,Russians,0
1,3,12,4,Italians,3
1,4,1,0,Germans,1
1,4,1,0,Chinese,2
1,4,1,0,Russians,2
1,4,1,0,Italians,2
1,4,1,1,Germans,3
1,4,1,1,Chinese,2
1,4,1,1,Russians,1
1,4,1,1,Italians,2
1,4,1,2,Germans,2
1,4,1,2,Chinese,1
1,4,1,2,Russians,1
1,4,1,2,Italians,3
1,4,1,3,Germans,3
1,4,1,3,Chinese,2
1,4,1,3,Russians,1
1,4,1,3,Italians,1
1,4,1,4,Germans,3
1,4,1,4,Chinese,2
1,4,1,4,Russians,2
1,4,1,4,Italians,1
1,4,2,0,Germans,1
1,4,2,0,Chinese,2
1,4,2,0,Russians,2
1,4,2,0,Italians,2
1,4,2,1,Germans,3
1,4,2,1,Chinese,2
1,4,2,1,Russians,2
1,4,2,1,Italians,1
1,4,2,2,Germans,3
1,4,2,2,Chinese,1
1,4,2,2,Russians,1
1,4,2,2,Italians,3
1,4,2,3,Germans,2
1,4,2,3,Chinese,1
1,4,2,3,Russians,2
1,4,2,3,Italians,2
1,4,2,4,Germans,2
1,4,2,4,Chinese,1
1,4,2,4,Russians,1
1,4,2,4,Italians,2
1,4,3,0,Germans,1
1,4,3,0,Chinese,2
1,4,3,0,Russians,2
1,4,3,0,Italians,2
1,4,3,1,Germans,2
1,4,3,1,Chinese,3
1,4,3,1,Russians,2
1,4,3,1,Italians,1
1,4,3,2,Germans,1
1,4,3,2,Chinese,2
1,4,3,2,Russians,2
1,4,3,2,Italians,3
1,4,3,3,Germans,1
1,4,3,3,Chinese,1
1,4,3,3,Russians,1
1,4,3,3,Italians,3
1,4,3,4,Germans,1
1,4,3,4,Chinese,1
1,4,3,4,Russians,1
1,4,3,4,Italians,2
1,4,4,0,Germans,1
1,4,4,0,Chinese,2
1,4,4,0,Russians,2
1,4,4,0,Italians,2
1,4,4,1,Germans,2
1,4,4,1,Chinese,3
1,4,4,1,Russians,2
1,4,4,1,Italians,2
1,4,4,2,Germans,1
1,4,4,2,Chinese,2
1,4,4,2,Russians,2
1,4,4,2,Italians,3
1,4,4,3,Germans,2
1,4,4,3,Chinese,1
1,4,4,3,Russians,2
1,4,4,3,Italians,2
1,4,4,4,Germans,2
1,4,4,4,Chinese,1
1,4,4,4,Russians,2
1,4,4,4,Italians,1
1,4,5,0,Germans,1
1,4,5,0,Chinese,2
1,4,5,0,Russians,2
1,4,5,0,Italians,2
1,4,5,1,Germans,2
1,4,5,1,Chinese,3
1,4,5,1,Russians,1
1,4,5,1,Italians,1
1,4,5,2,Germans,2
1,4,5,2,Chinese,1
1,4,5,2,Russians,2
1,4,5,2,Italians,3
1,4,5,3,Germans,1
1,4,5,3,Chinese,1
1,4,5,3,Russians,2
1,4,5,3,Italians,2
1,4,5,4,Germans,1
1,4,5,4,Chinese,1
1,4,5,4,Russians,2
1,4,5,4,Italians,3
1,4,6,0,Germans,1
1,4,6,0,Chinese,2
1,4,6,0,Russians,2
1,4,6,0,Italians,2
1,4,6,1,Germans,3
1,4,6,1,Chinese,2
1,4,6,1,Russians,2
1,4,6,1,Italians,2
1,4,6,2,Germans,2
1,4,6,2,Chinese,1
1,4,6,2,Russians,2
1,4,6,2,Italians,3
1,4,6,3,Germans,1
1,4,6,3,Chinese,1
1,4,6,3,Russians,1
1,4,6,3,Italians,2
1,4,6,4,Germans,1
1,4,6,4,Chinese,1
1,4,6,4,Russians,2
1,4,6,4,Italians,1
1,4,7,0,Germans,1
1,4,7,0,Chinese,2
1,4,7,0,Russians,2
1,4,7,0,Italians,2
1,4,7,1,Germans,3
1,4,7,1,Chinese,2
1,4,7,1,Russians,1
1,4,7,1,Italians,1
1,4,7,2,Germans,3
1,4,7,2,Chinese,2
1,4,7,2,Russians,2
1,4,7,2,Italians,2
1,4,7,3,Germans,2
1,4,7,3,Chinese,2
1,4,7,3,Russians,1
1,4,7,3,Italians,2
1,4,7,4,Germans,1
1,4,7,4,Chinese,2
1,4,7,4,Russians,2
1,4,7,4,Italians,2
1,4,8,0,Germans,1
1,4,8,0,Chinese,2
1,4,8,0,Russians,2
1,4,8,0,Italians,2
1,4,8,1,Germans,3
1,4,8,1,Chinese,2
1,4,8,1,Russians,1
1,4,8,1,Italians,2
1,4,8,2,Germans,2
1,4,8,2,Chinese,1
1,4,8,2,Russians,1
1,4,8,2,Italians,2
1,4,8,3,Germans,3
1,4,8,3,Chinese,3
1,4,8,3,Russians,2
1,4,8,3,Italians,1
1,4,8,4,Germans,2
1,4,8,4,Chinese,2
1,4,8,4,Russians,2
1,4,8,4,Italians,2
1,4,9,0,Germans,1
1,4,9,0,Chinese,2
1,4,9,0,Russians,2
1,4,9,0,Italians,2
1,4,9,1,Germans,3
1,4,9,1,Chinese,2
1,4,9,1,Russians,1
1,4,9,1,Italians,2
1,4,9,2,Germans,2
1,4,9,2,Chinese,2
1,4,9,2,Russians,2
1,4,9,2,Italians,3
1,4,9,3,Germans,2
1,4,9,3,Chinese,2
1,4,9,3,Russians,1
1,4,9,3,Italians,2
1,4,9,4,Germans,1
1,4,9,4,Chinese,2
1,4,9,4,Russians,2
1,4,9,4,Italians,2
1,4,10,0,Germans,1
1,4,10,0,Chinese,2
1,4,10,0,Russians,2
1,4,10,0,Italians,2
1,4,10,1,Germans,3
1,4,10,1,Chinese,2
1,4,10,1,Russians,1
1,4,10,1,Italians,1
1,4,10,2,Germans,3
1,4,10,2,Chinese,2
1,4,10,2,Russians,2
1,4,10,2,Italians,2
1,4,10,3,Germans,3
1,4,10,3,Chinese,1
1,4,10,3,Russians,2
1,4,10,3,Italians,2
1,4,10,4,Germans,3
1,4,10,4,Chinese,3
1,4,10,4,Russians,2
1,4,10,4,Italians,2
1,5,1,0,Germans,2
1,5,1,0,Chinese,1
1,5,1,0,Russians,2
1,5,1,0,Italians,2
1,5,1,1,Germans,3
1,5,1,1,Chinese,2
1,5,1,1,Russians,2
1,5,1,1,Italians,1
1,5,1,2,Germans,3
1,5,1,2,Chinese,3
1,5,1,2,Russians,2
1,5,1,2,Italians,1
1,5,1,3,Germans,2
1,5,1,3,Chinese,2
1,5,1,3,Russians,2
1,5,1,3,Italians,2
1,5,1,4,Germans,1
1,5,1,4,Chinese,2
1,5,1,4,Russians,1
1,5,1,4,Italians,2
1,5,2,0,Germans,2
1,5,2,0,Chinese,1
1,5,2,0,Russians,2
1,5,2,0,Italians,2
1,5,2,1,Germans,3
1,5,2,1,Chinese,2
1,5,2,1,Russians,2
1,5,2,1,Italians,1
1,5,2,2,Germans,3
1,5,2,2,Chinese,3
1,5,2,2,Russians,1
1,5,2,2,Italians,1
1,5,2,3,Germans,2
1,5,2,3,Chinese,2
1,5,2,3,Russians,2
1,5,2,3,Italians,1
1,5,2,4,Germans,3
1,5,2,4,Chinese,3
1,5,2,4,Russians,1
1,5,2,4,Italians,1
1,5,3,0,Germans,1
1,5,3,0,Chinese,1
1,5,3,0,Russians,2
1,5,3,0,Italians,3
1,5,3,1,Germans,2
1,5,3,1,Chinese,2
1,5,3,1,Russians,2
1,5,3,1,Italians,1
1,5,3,2,Germans,3
1,5,3,2,Chinese,3
1,5,3,2,Russians,1
1,5,3,2,Italians,1
1,5,3,3,Germans,2
1,5,3,3,Chinese,1
1,5,3,3,Russians,2
1,5,3,3,Italians,1
1,5,3,4,Germans,3
1,5,3,4,Chinese,2
1,5,3,4,Russians,1
1,5,3,4,Italians,1
1,5,4,0,Germans,1
1,5,4,0,Chinese,2
1,5,4,0,Russians,2
1,5,4,0,Italians,3
1,5,4,1,Germans,1
1,5,4,1,Chinese,2
1,5,4,1,Russians,1
1,5,4,1,Italians,1
1,5,4,2,Germans,2
1,5,4,2,Chinese,3
1,5,4,2,Russians,2
1,5,4,2,Italians,1
1,5,4,3,Germans,2
1,5,4,3,Chinese,1
1,5,4,3,Russians,2
1,5,4,3,Italians,1
1,5,4,4,Germans,2
1,5,4,4,Chinese,1
1,5,4,4,Russians,2
1,5,4,4,Italians,2
1,5,5,0,Germans,1
1,5,5,0,Chinese,1
1,5,5,0,Russians,2
1,5,5,0,Italians,2
1,5,5,1,Germans,3
1,5,5,1,Chinese,2
1,5,5,1,Russians,1
1,5,5,1,Italians,1
1,5,5,2,Germans,2
1,5,5,2,Chinese,3
1,5,5,2,Russians,2
1,5,5,2,Italians,0
1,5,5,3,Germans,2
1,5,5,3,Chinese,1
1,5,5,3,Russians,2
1,5,5,3,Italians,1
1,5,5,4,Germans,3
1,5,5,4,Chinese,1
1,5,5,4,Russians,1
1,5,5,4,Italians,2
1,5,6,0,Germans,1
1,5,6,0,Chinese,2
1,5,6,0,Russians,2
1,5,6,0,Italians,2
1,5,6,1,Germans,2
1,5,6,1,Chinese,2
1,5,6,1,Russians,2
1,5,6,1,Italians,1
1,5,6,2,Germans,2
1,5,6,2,Chinese,2
1,5,6,2,Russians,1
1,5,6,2,Italians,0
1,5,6,3,Germans,3
1,5,6,3,Chinese,3
1,5,6,3,Russians,2
1,5,6,3,Italians,1
1,5,6,4,Germans,2
1,5,6,4,Chinese,2
1,5,6,4,Russians,1
1,5,6,4,Italians,1
1,5,7,0,Germans,1
1,5,7,0,Chinese,1
1,5,7,0,Russians,2
1,5,7,0,Italians,2
1,5,7,1,Germans,3
1,5,7,1,Chinese,2
1,5,7,1,Russians,1
1,5,7,1,Italians,1
1,5,7,2,Germans,3
1,5,7,2,Chinese,3
1,5,7,2,Russians,2
1,5,7,2,Italians,1
1,5,7,3,Germans,2
1,5,7,3,Chinese,1
1,5,7,3,Russians,2
1,5,7,3,Italians,2
1,5,7,4,Germans,3
1,5,7,4,Chinese,1
1,5,7,4,Russians,2
1,5,7,4,Italians,2
1,5,8,0,Germans,1
1,5,8,0,Chinese,1
1,5,8,0,Russians,2
1,5,8,0,Italians,2
1,5,8,1,Germans,3
1,5,8,1,Chinese,2
1,5,8,1,Russians,1
1,5,8,1,Italians,1
1,5,8,2,Germans,3
1,5,8,2,Chinese,3
1,5,8,2,Russians,2
1,5,8,2,Italians,1
1,5,8,3,Germans,2
1,5,8,3,Chinese,0
1,5,8,3,Russians,2
1,5,8,3,Italians,2
1,5,8,4,Germans,2
1,5,8,4,Chinese,2
1,5,8,4,Russians,2
1,5,8,4,Italians,3
1,5,9,0,Germans,1
1,5,9,0,Chinese,1
1,5,9,0,Russians,2
1,5,9,0,Italians,3
1,5,9,1,Germans,2
1,5,9,1,Chinese,2
1,5,9,1,Russians,2
1,5,9,1,Italians,1
1,5,9,2,Germans,3
1,5,9,2,Chinese,3
1,5,9,2,Russians,2
1,5,9,2,Italians,1
1,5,9,3,Germans,0
1,5,9,3,Chinese,4
1,5,9,3,Russians,2
1,5,9,3,Italians,2
1,5,9,4,Germans,1
1,5,9,4,Chinese,3
1,5,9,4,Russians,2
1,5,9,4,Italians,3
1,5,10,0,Germans,1
1,5,10,0,Chinese,1
1,5,10,0,Russians,2
1,5,10,0,Italians,3
1,5,10,1,Germans,2
1,5,10,1,Chinese,2
1,5,10,1,Russians,2
1,5,10,1,Italians,1
1,5,10,2,Germans,3
1,5,10,2,Chinese,3
1,5,10,2,Russians,1
1,5,10,2,Italians,1
1,5,10,3,Germans,1
1,5,10,3,Chinese,2
1,5,10,3,Russians,0
1,5,10,3,Italians,1
1,5,10,4,Germans,1
1,5,10,4,Chinese,1
1,5,10,4,Russians,2
1,5,10,4,Italians,2
1,6,1,0,Germans,1
1,6,1,0,Chinese,1
1,6,1,0,Russians,3
1,6,1,0,Italians,2
1,6,1,1,Germans,2
1,6,1,1,Chinese,2
1,6,1,1,Russians,1
1,6,1,1,Italians,0
1,6,1,2,Germans,3
1,6,1,2,Chinese,2
1,6,1,2,Russians,1
1,6,1,2,Italians,2
1,6,1,3,Germans,1
1,6,1,3,Chinese,3
1,6,1,3,Russians,1
1,6,1,3,Italians,3
1,6,1,4,Germans,2
1,6,1,4,Chinese,1
1,6,1,4,Russians,2
1,6,1,4,Italians,2
1,6,2,0,Germans,1
1,6,2,0,Chinese,1
1,6,2,0,Russians,3
1,6,2,0,Italians,2
1,6,2,1,Germans,2
1,6,2,1,Chinese,2
1,6,2,1,Russians,1
1,6,2,1,Italians,0
1,6,2,2,Germans,3
1,6,2,2,Chinese,1
1,6,2,2,Russians,2
1,6,2,2,Italians,2
1,6,2,3,Germans,1
1,6,2,3,Chinese,1
1,6,2,3,Russians,1
1,6,2,3,Italians,2
1,6,2,4,Germans,1
1,6,2,4,Chinese,2
1,6,2,4,Russians,2
1,6,2,4,Italians,1
1,6,3,0,Germans,1
1,6,3,0,Chinese,1
1,6,3,0,Russians,3
1,6,3,0,Italians,1
1,6,3,1,Germans,3
1,6,3,1,Chinese,3
1,6,3,1,Russians,1
1,6,3,1,Italians,0
1,6,3,2,Germans,1
1,6,3,2,Chinese,2
1,6,3,2,Russians,2
1,6,3,2,Italians,2
1,6,3,3,Germans,1
1,6,3,3,Chinese,2
1,6,3,3,Russians,2
1,6,3,3,Italians,4
1,6,3,4,Germans,1
1,6,3,4,Chinese,2
1,6,3,4,Russians,2
1,6,3,4,Italians,2
1,6,4,0,Germans,1
1,6,4,0,Chinese,1
1,6,4,0,Russians,3
1,6,4,0,Italians,1
1,6,4,1,Germans,2
1,6,4,1,Chinese,2
1,6,4,1,Russians,1
1,6,4,1,Italians,0
1,6,4,2,Germans,3
1,6,4,2,Chinese,2
1,6,4,2,Russians,1
1,6,4,2,Italians,2
1,6,4,3,Germans,1
1,6,4,3,Chinese,2
1,6,4,3,Russians,2
1,6,4,3,Italians,2
1,6,4,4,Germans,2
1,6,4,4,Chinese,2
1,6,4,4,Russians,1
1,6,4,4,Italians,0
1,6,5,0,Germans,1
1,6,5,0,Chinese,1
1,6,5,0,Russians,3
1,6,5,0,Italians,2
1,6,5,1,Germans,2
1,6,5,1,Chinese,3
1,6,5,1,Russians,1
1,6,5,1,Italians,0
1,6,5,2,Germans,2
1,6,5,2,Chinese,2
1,6,5,2,Russians,2
1,6,5,2,Italians,2
1,6,5,3,Germans,1
1,6,5,3,Chinese,2
1,6,5,3,Russians,1
1,6,5,3,Italians,3
1,6,5,4,Germans,1
1,6,5,4,Chinese,1
1,6,5,4,Russians,1
1,6,5,4,Italians,1
1,6,6,0,Germans,1
1,6,6,0,Chinese,1
1,6,6,0,Russians,3
1,6,6,0,Italians,2
1,6,6,1,Germans,2
1,6,6,1,Chinese,2
1,6,6,1,Russians,1
1,6,6,1,Italians,1
1,6,6,2,Germans,3
1,6,6,2,Chinese,2
1,6,6,2,Russians,1
1,6,6,2,Italians,2
1,6,6,3,Germans,0
1,6,6,3,Chinese,3
1,6,6,3,Russians,1
1,6,6,3,Italians,3
1,6,6,4,Germans,2
1,6,6,4,Chinese,1
1,6,6,4,Russians,2
1,6,6,4,Italians,1
1,6,7,0,Germans,1
1,6,7,0,Chinese,1
1,6,7,0,Russians,3
1,6,7,0,Italians,1
1,6,7,1,Germans,3
1,6,7,1,Chinese,3
1,6,7,1,Russians,1
1,6,7,1,Italians,0
1,6,7,2,Germans,1
1,6,7,2,Chinese,1
1,6,7,2,Russians,2
1,6,7,2,Italians,2
1,6,7,3,Germans,1
1,6,7,3,Chinese,2
1,6,7,3,Russians,2
1,6,7,3,Italians,3
1,6,7,4,Germans,0
1,6,7,4,Chinese,1
1,6,7,4,Russians,1
1,6,7,4,Italians,1
1,6,8,0,Germans,1
1,6,8,0,Chinese,1
1,6,8,0,Russians,3
1,6,8,0,Italians,1
1,6,8,1,Germans,2
1,6,8,1,Chinese,2
1,6,8,1,Russians,1
1,6,8,1,Italians,0
1,6,8,2,Germans,3
1,6,8,2,Chinese,2
1,6,8,2,Russians,2
1,6,8,2,Italians,2
1,6,8,3,Germans,0
1,6,8,3,Chinese,1
1,6,8,3,Russians,2
1,6,8,3,Italians,3
1,6,8,4,Germans,1
1,6,8,4,Chinese,1
1,6,8,4,Russians,2
1,6,8,4,Italians,3
1,6,9,0,Germans,1
1,6,9,0,Chinese,1
1,6,9,0,Russians,3
1,6,9,0,Italians,2
1,6,9,1,Germans,2
1,6,9,1,Chinese,2
1,6,9,1,Russians,1
1,6,9,1,Italians,1
1,6,9,2,Germans,3
1,6,9,2,Chinese,2
1,6,9,2,Russians,2
1,6,9,2,Italians,2
1,6,9,3,Germans,1
1,6,9,3,Chinese,1
1,6,9,3,Russians,2
1,6,9,3,Italians,2
1,6,9,4,Germans,1
1,6,9,4,Chinese,2
1,6,9,4,Russians,1
1,6,9,4,Italians,1
1,7,1,0,Germans,1
1,7,1,0,Chinese,2
1,7,1,0,Russians,2
1,7,1,0,Italians,1
1,7,1,1,Germans,2
1,7,1,1,Chinese,4
1,7,1,1,Russians,2
1,7,1,1,Italians,1
1,7,1,2,Germans,0
1,7,1,2,Chinese,4
1,7,1,2,Russians,2
1,7,1,2,Italians,3
1,7,1,3,Germans,2
1,7,1,3,Chinese,3
1,7,1,3,Russians,1
1,7,1,3,Italians,2
1,7,1,4,Germans,2
1,7,1,4,Chinese,2
1,7,1,4,Russians,1
1,7,1,4,Italians,2
1,7,2,0,Germans,1
1,7,2,0,Chinese,2
1,7,2,0,Russians,2
1,7,2,0,Italians,1
1,7,2,1,Germans,3
1,7,2,1,Chinese,3
1,7,2,1,Russians,2
1,7,2,1,Italians,1
1,7,2,2,Germans,0
1,7,2,2,Chinese,2
1,7,2,2,Russians,1
1,7,2,2,Italians,2
1,7,2,3,Germans,0
1,7,2,3,Chinese,2
1,7,2,3,Russians,2
1,7,2,3,Italians,2
1,7,2,4,Germans,1
1,7,2,4,Chinese,3
1,7,2,4,Russians,2
1,7,2,4,Italians,2
1,7,3,0,Germans,1
1,7,3,0,Chinese,2
1,7,3,0,Russians,2
1,7,3,0,Italians,1
1,7,3,1,Germans,2
1,7,3,1,Chinese,3
1,7,3,1,Russians,1
1,7,3,1,Italians,1
1,7,3,2,Germans,1
1,7,3,2,Chinese,4
1,7,3,2,Russians,1
1,7,3,2,Italians,3
1,7,3,3,Germans,1
1,7,3,3,Chinese,2
1,7,3,3,Russians,2
1,7,3,3,Italians,2
1,7,3,4,Germans,2
1,7,3,4,Chinese,1
1,7,3,4,Russians,2
1,7,3,4,Italians,2
1,7,4,0,Germans,1
1,7,4,0,Chinese,2
1,7,4,0,Russians,2
1,7,4,0,Italians,1
1,7,4,1,Germans,3
1,7,4,1,Chinese,2
1,7,4,1,Russians,2
1,7,4,1,Italians,1
1,7,4,2,Germans,1
1,7,4,2,Chinese,2
1,7,4,2,Russians,2
1,7,4,2,Italians,2
1,7,4,3,Germans,1
1,7,4,3,Chinese,2
1,7,4,3,Russians,2
1,7,4,3,Italians,0
1,7,4,4,Germans,1
1,7,4,4,Chinese,3
1,7,4,4,Russians,2
1,7,4,4,Italians,2
1,7,5,0,Germans,1
1,7,5,0,Chinese,2
1,7,5,0,Russians,2
1,7,5,0,Italians,1
1,7,5,1,Germans,2
1,7,5,1,Chinese,2
1,7,5,1,Russians,1
1,7,5,1,Italians,1
1,7,5,2,Germans,0
1,7,5,2,Chinese,3
1,7,5,2,Russians,1
1,7,5,2,Italians,2
1,7,5,3,Germans,1
1,7,5,3,Chinese,2
1,7,5,3,Russians,2
1,7,5,3,Italians,1
1,7,5,4,Germans,1
1,7,5,4,Chinese,3
1,7,5,4,Russians,2
1,7,5,4,Italians,2
1,7,6,0,Germans,1
1,7,6,0,Chinese,2
1,7,6,0,Russians,2
1,7,6,0,Italians,1
1,7,6,1,Germans,3
1,7,6,1,Chinese,3
1,7,6,1,Russians,2
1,7,6,1,Italians,1
1,7,6,2,Germans,0
1,7,6,2,Chinese,2
1,7,6,2,Russians,1
1,7,6,2,Italians,2
1,7,6,3,Germans,0
1,7,6,3,Chinese,2
1,7,6,3,Russians,2
1,7,6,3,Italians,2
1,7,6,4,Germans,1
1,7,6,4,Chinese,3
1,7,6,4,Russians,1
1,7,6,4,Italians,3
1,7,7,0,Germans,1
1,7,7,0,Chinese,3
1,7,7,0,Russians,2
1,7,7,0,Italians,1
1,7,7,1,Germans,2
1,7,7,1,Chinese,3
1,7,7,1,Russians,2
1,7,7,1,Italians,1
1,7,7,2,Germans,1
1,7,7,2,Chinese,3
1,7,7,2,Russians,2
1,7,7,2,Italians,3
1,7,7,3,Germans,1
1,7,7,3,Chinese,2
1,7,7,3,Russians,2
1,7,7,3,Italians,1
1,7,7,4,Germans,1
1,7,7,4,Chinese,3
1,7,7,4,Russians,1
1,7,7,4,Italians,2
1,7,8,0,Germans,1
1,7,8,0,Chinese,3
1,7,8,0,Russians,2
1,7,8,0,Italians,1
1,7,8,1,Germans,3
1,7,8,1,Chinese,1
1,7,8,1,Russians,2
1,7,8,1,Italians,1
1,7,8,2,Germans,2
1,7,8,2,Chinese,2
1,7,8,2,Russians,1
1,7,8,2,Italians,2
1,7,8,3,Germans,1
1,7,8,3,Chinese,2
1,7,8,3,Russians,2
1,7,8,3,Italians,2
1,7,8,4,Germans,1
1,7,8,4,Chinese,3
1,7,8,4,Russians,2
1,7,8,4,Italians,2
1,7,9,0,Germans,1
1,7,9,0,Chinese,2
1,7,9,0,Russians,2
1,7,9,0,Italians,1
1,7,9,1,Germans,2
1,7,9,1,Chinese,3
1,7,9,1,Russians,1
1,7,9,1,Italians,1
1,7,9,2,Germans,0
1,7,9,2,Chinese,3
1,7,9,2,Russians,1
1,7,9,2,Italians,2
1,7,9,3,Germans,1
1,7,9,3,Chinese,2
1,7,9,3,Russians,1
1,7,9,3,Italians,3
1,7,9,4,Germans,1
1,7,9,4,Chinese,3
1,7,9,4,Russians,1
1,7,9,4,Italians,2
1,7,10,0,Germans,1
1,7,10,0,Chinese,2
1,7,10,0,Russians,2
1,7,10,0,Italians,1
1,7,10,1,Germans,3
1,7,10,1,Chinese,3
1,7,10,1,Russians,2
1,7,10,1,Italians,1
1,7,10,2,Germans,0
1,7,10,2,Chinese,2
1,7,10,2,Russians,1
1,7,10,2,Italians,2
1,7,10,3,Germans,1
1,7,10,3,Chinese,2
1,7,10,3,Russians,2
1,7,10,3,Italians,1
1,7,10,4,Germans,1
1,7,10,4,Chinese,3
1,7,10,4,Russians,2
1,7,10,4,Italians,2
1,8,1,0,Germans,1
1,8,1,0,Chinese,5
1,8,1,0,Russians,1
1,8,1,0,Italians,1
1,8,1,1,Germans,1
1,8,1,1,Chinese,4
1,8,1,1,Russians,3
1,8,1,1,Italians,3
1,8,1,2,Germans,2
1,8,1,2,Chinese,1
1,8,1,2,Russians,2
1,8,1,2,Italians,3
1,8,1,3,Germans,2
1,8,1,3,Chinese,1
1,8,1,3,Russians,2
1,8,1,3,Italians,2
1,8,1,4,Germans,3
1,8,1,4,Chinese,2
1,8,1,4,Russians,1
1,8,1,4,Italians,2
1,8,2,0,Germans,1
1,8,2,0,Chinese,5
1,8,2,0,Russians,1
1,8,2,0,Italians,1
1,8,2,1,Germans,1
1,8,2,1,Chinese,4
1,8,2,1,Russians,3
1,8,2,1,Italians,3
1,8,2,2,Germans,2
1,8,2,2,Chinese,2
1,8,2,2,Russians,1
1,8,2,2,Italians,2
1,8,2,3,Germans,3
1,8,2,3,Chinese,1
1,8,2,3,Russians,2
1,8,2,3,Italians,2
1,8,2,4,Germans,2
1,8,2,4,Chinese,2
1,8,2,4,Russians,0
1,8,2,4,Italians,1
1,8,3,0,Germans,1
1,8,3,0,Chinese,4
1,8,3,0,Russians,1
1,8,3,0,Italians,0
1,8,3,1,Germans,1
1,8,3,1,Chinese,3
1,8,3,1,Russians,2
1,8,3,1,Italians,3
1,8,3,2,Germans,1
1,8,3,2,Chinese,2
1,8,3,2,Russians,2
1,8,3,2,Italians,1
1,8,3,3,Germans,2
1,8,3,3,Chinese,3
1,8,3,3,Russians,3
1,8,3,3,Italians,3
1,8,3,4,Germans,1
1,8,3,4,Chinese,1
1,8,3,4,Russians,1
1,8,3,4,Italians,3
1,8,4,0,Germans,1
1,8,4,0,Chinese,4
1,8,4,0,Russians,1
1,8,4,0,Italians,0
1,8,4,1,Germans,1
1,8,4,1,Chinese,3
1,8,4,1,Russians,3
1,8,4,1,Italians,3
1,8,4,2,Germans,1
1,8,4,2,Chinese,2
1,8,4,2,Russians,1
1,8,4,2,Italians,2
1,8,4,3,Germans,2
1,8,4,3,Chinese,2
1,8,4,3,Russians,3
1,8,4,3,Italians,2
1,8,4,4,Germans,1
1,8,4,4,Chinese,1
1,8,4,4,Russians,2
1,8,4,4,Italians,1
1,8,5,0,Germans,1
1,8,5,0,Chinese,4
1,8,5,0,Russians,1
1,8,5,0,Italians,1
1,8,5,1,Germans,1
1,8,5,1,Chinese,3
1,8,5,1,Russians,3
1,8,5,1,Italians,3
1,8,5,2,Germans,1
1,8,5,2,Chinese,2
1,8,5,2,Russians,1
1,8,5,2,Italians,2
1,8,5,3,Germans,2
1,8,5,3,Chinese,2
1,8,5,3,Russians,1
1,8,5,3,Italians,2
1,8,5,4,Germans,2
1,8,5,4,Chinese,2
1,8,5,4,Russians,2
1,8,5,4,Italians,1
1,8,6,0,Germans,1
1,8,6,0,Chinese,4
1,8,6,0,Russians,1
1,8,6,0,Italians,1
1,8,6,1,Germans,1
1,8,6,1,Chinese,3
1,8,6,1,Russians,2
1,8,6,1,Italians,3
1,8,6,2,Germans,0
1,8,6,2,Chinese,2
1,8,6,2,Russians,1
1,8,6,2,Italians,3
1,8,6,3,Germans,2
1,8,6,3,Chinese,2
1,8,6,3,Russians,3
1,8,6,3,Italians,2
1,8,6,4,Germans,2
1,8,6,4,Chinese,2
1,8,6,4,Russians,2
1,8,6,4,Italians,2
1,8,7,0,Germans,1
1,8,7,0,Chinese,4
1,8,7,0,Russians,1
1,8,7,0,Italians,1
1,8,7,1,Germans,1
1,8,7,1,Chinese,3
1,8,7,1,Russians,3
1,8,7,1,Italians,3
1,8,7,2,Germans,1
1,8,7,2,Chinese,1
1,8,7,2,Russians,1
1,8,7,2,Italians,2
1,8,7,3,Germans,1
1,8,7,3,Chinese,2
1,8,7,3,Russians,3
1,8,7,3,Italians,2
1,8,7,4,Germans,1
1,8,7,4,Chinese,2
1,8,7,4,Russians,1
1,8,7,4,Italians,2
1,8,8,0,Germans,1
1,8,8,0,Chinese,4
1,8,8,0,Russians,1
1,8,8,0,Italians,1
1,8,8,1,Germans,1
1,8,8,1,Chinese,3
1,8,8,1,Russians,3
1,8,8,1,Italians,3
1,8,8,2,Germans,1
1,8,8,2,Chinese,2
1,8,8,2,Russians,1
1,8,8,2,Italians,3
1,8,8,3,Germans,1
1,8,8,3,Chinese,2
1,8,8,3,Russians,3
1,8,8,3,Italians,2
1,8,8,4,Germans,1
1,8,8,4,Chinese,2
1,8,8,4,Russians,1
1,8,8,4,Italians,1
1,8,9,0,Germans,1
1,8,9,0,Chinese,4
1,8,9,0,Russians,1
1,8,9,0,Italians,1
1,8,9,1,Germans,1
1,8,9,1,Chinese,3
1,8,9,1,Russians,2
1,8,9,1,Italians,3
1,8,9,2,Germans,1
1,8,9,2,Chinese,2
1,8,9,2,Russians,1
1,8,9,2,Italians,2
1,8,9,3,Germans,1
1,8,9,3,Chinese,2
1,8,9,3,Russians,2
1,8,9,3,Italians,2
1,8,9,4,Germans,2
1,8,9,4,Chinese,2
1,8,9,4,Russians,2
1,8,9,4,Italians,3
1,9,1,0,Germans,1
1,9,1,0,Chinese,3
1,9,1,0,Russians,2
1,9,1,0,Italians,2
1,9,1,1,Germans,1
1,9,1,1,Chinese,2
1,9,1,1,Russians,2
1,9,1,1,Italians,2
1,9,1,2,Germans,1
1,9,1,2,Chinese,2
1,9,1,2,Russians,2
1,9,1,2,Italians,2
1,9,1,3,Germans,0
1,9,1,3,Chinese,1
1,9,1,3,Russians,1
1,9,1,3,Italians,4
1,9,1,4,Germans,2
1,9,1,4,Chinese,1
1,9,1,4,Russians,1
1,9,1,4,Italians,2
1,9,2,0,Germans,1
1,9,2,0,Chinese,3
1,9,2,0,Russians,2
1,9,2,0,Italians,2
1,9,2,1,Germans,1
1,9,2,1,Chinese,3
1,9,2,1,Russians,1
1,9,2,1,Italians,2
1,9,2,2,Germans,1
1,9,2,2,Chinese,1
1,9,2,2,Russians,2
1,9,2,2,Italians,2
1,9,2,3,Germans,1
1,9,2,3,Chinese,2
1,9,2,3,Russians,1
1,9,2,3,Italians,3
1,9,2,4,Germans,1
1,9,2,4,Chinese,2
1,9,2,4,Russians,1
1,9,2,4,Italians,2
1,9,3,0,Germans,1
1,9,3,0,Chinese,4
1,9,3,0,Russians,2
1,9,3,0,Italians,2
1,9,3,1,Germans,1
1,9,3,1,Chinese,3
1,9,3,1,Russians,1
1,9,3,1,Italians,2
1,9,3,2,Germans,1
1,9,3,2,Chinese,2
1,9,3,2,Russians,3
1,9,3,2,Italians,2
1,9,3,3,Germans,2
1,9,3,3,Chinese,2
1,9,3,3,Russians,1
1,9,3,3,Italians,1
1,9,3,4,Germans,2
1,9,3,4,Chinese,2
1,9,3,4,Russians,1
1,9,3,4,Italians,1
1,9,4,0,Germans,1
1,9,4,0,Chinese,3
1,9,4,0,Russians,2
1,9,4,0,Italians,2
1,9,4,1,Germans,1
1,9,4,1,Chinese,2
1,9,4,1,Russians,2
1,9,4,1,Italians,2
1,9,4,2,Germans,1
1,9,4,2,Chinese,1
1,9,4,2,Russians,2
1,9,4,2,Italians,2
1,9,4,3,Germans,2
1,9,4,3,Chinese,2
1,9,4,3,Russians,2
1,9,4,3,Italians,3
1,9,4,4,Germans,2
1,9,4,4,Chinese,1
1,9,4,4,Russians,1
1,9,4,4,Italians,3
1,9,5,0,Germans,1
1,9,5,0,Chinese,3
1,9,5,0,Russians,2
1,9,5,0,Italians,2
1,9,5,1,Germans,1
1,9,5,1,Chinese,3
1,9,5,1,Russians,1
1,9,5,1,Italians,2
1,9,5,2,Germans,1
1,9,5,2,Chinese,2
1,9,5,2,Russians,2
1,9,5,2,Italians,2
1,9,5,3,Germans,0
1,9,5,3,Chinese,2
1,9,5,3,Russians,0
1,9,5,3,Italians,3
1,9,5,4,Germans,2
1,9,5,4,Chinese,2
1,9,5,4,Russians,1
1,9,5,4,Italians,1
1,9,6,0,Germans,1
1,9,6,0,Chinese,3
1,9,6,0,Russians,2
1,9,6,0,Italians,2
1,9,6,1,Germans,1
1,9,6,1,Chinese,3
1,9,6,1,Russians,1
1,9,6,1,Italians,2
1,9,6,2,Germans,1
1,9,6,2,Chinese,1
1,9,6,2,Russians,3
1,9,6,2,Italians,2
1,9,6,3,Germans,1
1,9,6,3,Chinese,1
1,9,6,3,Russians,1
1,9,6,3,Italians,4
1,9,6,4,Germans,1
1,9,6,4,Chinese,1
1,9,6,4,Russians,1
1,9,6,4,Italians,4
1,9,7,0,Germans,1
1,9,7,0,Chinese,4
1,9,7,0,Russians,2
1,9,7,0,Italians,2
1,9,7,1,Germans,1
1,9,7,1,Chinese,3
1,9,7,1,Russians,1
1,9,7,1,Italians,2
1,9,7,2,Germans,1
1,9,7,2,Chinese,2
1,9,7,2,Russians,3
1,9,7,2,Italians,2
1,9,7,3,Germans,1
1,9,7,3,Chinese,1
1,9,7,3,Russians,1
1,9,7,3,Italians,2
1,9,7,4,Germans,3
1,9,7,4,Chinese,2
1,9,7,4,Russians,1
1,9,7,4,Italians,1
1,9,8,0,Germans,1
1,9,8,0,Chinese,3
1,9,8,0,Russians,2
1,9,8,0,Italians,2
1,9,8,1,Germans,1
1,9,8,1,Chinese,2
1,9,8,1,Russians,2
1,9,8,1,Italians,2
1,9,8,2,Germans,1
1,9,8,2,Chinese,1
1,9,8,2,Russians,1
1,9,8,2,Italians,2
1,9,8,3,Germans,1
1,9,8,3,Chinese,2
1,9,8,3,Russians,2
1,9,8,3,Italians,3
1,9,8,4,Germans,1
1,9,8,4,Chinese,1
1,9,8,4,Russians,1
1,9,8,4,Italians,3
1,9,9,0,Germans,1
1,9,9,0,Chinese,3
1,9,9,0,Russians,2
1,9,9,0,Italians,2
1,9,9,1,Germans,1
1,9,9,1,Chinese,3
1,9,9,1,Russians,1
1,9,9,1,Italians,2
1,9,9,2,Germans,1
1,9,9,2,Chinese,2
1,9,9,2,Russians,2
1,9,9,2,Italians,2
1,9,9,3,Germans,1
1,9,9,3,Chinese,2
1,9,9,3,Russians,1
1,9,9,3,Italians,2
1,9,9,4,Germans,1
1,9,9,4,Chinese,1
1,9,9,4,Russians,2
1,9,9,4,Italians,3
1,10,1,0,Germans,1
1,10,1,0,Chinese,3
1,10,1,0,Russians,2
1,10,1,0,Italians,1
1,10,1,1,Germans,1
1,10,1,1,Chinese,2
1,10,1,1,Russians,2
1,10,1,1,Italians,2
1,10,1,2,Germans,1
1,10,1,2,Chinese,2
1,10,1,2,Russians,2
1,10,1,2,Italians,3
1,10,1,3,Germans,1
1,10,1,3,Chinese,1
1,10,1,3,Russians,3
1,10,1,3,Italians,2
1,10,1,4,Germans,2
1,10,1,4,Chinese,2
1,10,1,4,Russians,0
1,10,1,4,Italians,3
1,10,2,0,Germans,1
1,10,2,0,Chinese,3
1,10,2,0,Russians,2
1,10,2,0,Italians,1
1,10,2,1,Germans,2
1,10,2,1,Chinese,2
1,10,2,1,Russians,1
1,10,2,1,Italians,2
1,10,2,2,Germans,2
1,10,2,2,Chinese,2
1,10,2,2,Russians,1
1,10,2,2,Italians,2
1,10,2,3,Germans,1
1,10,2,3,Chinese,1
1,10,2,3,Russians,1
1,10,2,3,Italians,1
1,10,2,4,Germans,1
1,10,2,4,Chinese,2
1,10,2,4,Russians,2
1,10,2,4,Italians,2
1,10,3,0,Germans,1
1,10,3,0,Chinese,3
1,10,3,0,Russians,2
1,10,3,0,Italians,2
1,10,3,1,Germans,2
1,10,3,1,Chinese,1
1,10,3,1,Russians,2
1,10,3,1,Italians,2
1,10,3,2,Germans,2
1,10,3,2,Chinese,2
1,10,3,2,Russians,2
1,10,3,2,Italians,2
1,10,3,3,Germans,0
1,10,3,3,Chinese,3
1,10,3,3,Russians,3
1,10,3,3,Italians,2
1,10,3,4,Germans,1
1,10,3,4,Chinese,2
1,10,3,4,Russians,2
1,10,3,4,Italians,2
1,10,4,0,Germans,1
1,10,4,0,Chinese,3
1,10,4,0,Russians,2
1,10,4,0,Italians,1
1,10,4,1,Germans,1
1,10,4,1,Chinese,2
1,10,4,1,Russians,1
1,10,4,1,Italians,2
1,10,4,2,Germans,1
1,10,4,2,Chinese,2
1,10,4,2,Russians,2
1,10,4,2,Italians,2
1,10,4,3,Germans,1
1,10,4,3,Chinese,2
1,10,4,3,Russians,2
1,10,4,3,Italians,0
1,10,4,4,Germans,3
1,10,4,4,Chinese,2
1,10,4,4,Russians,2
1,10,4,4,Italians,1
1,10,5,0,Germans,1
1,10,5,0,Chinese,3
1,10,5,0,Russians,2
1,10,5,0,Italians,1
1,10,5,1,Germans,2
1,10,5,1,Chinese,1
1,10,5,1,Russians,2
1,10,5,1,Italians,1
1,10,5,2,Germans,2
1,10,5,2,Chinese,2
1,10,5,2,Russians,1
1,10,5,2,Italians,2
1,10,5,3,Germans,1
1,10,5,3,Chinese,1
1,10,5,3,Russians,1
1,10,5,3,Italians,3
1,10,5,4,Germans,2
1,10,5,4,Chinese,2
1,10,5,4,Russians,2
1,10,5,4,Italians,2
1,10,6,0,Germans,1
1,10,6,0,Chinese,3
1,10,6,0,Russians,2
1,10,6,0,Italians,2
1,10,6,1,Germans,2
1,10,6,1,Chinese,1
1,10,6,1,Russians,2
1,10,6,1,Italians,2
1,10,6,2,Germans,2
1,10,6,2,Chinese,2
1,10,6,2,Russians,1
1,10,6,2,Italians,2
1,10,6,3,Germans,0
1,10,6,3,Chinese,2
1,10,6,3,Russians,2
1,10,6,3,Italians,3
1,10,6,4,Germans,1
1,10,6,4,Chinese,2
1,10,6,4,Russians,2
1,10,6,4,Italians,3
1,10,7,0,Germans,1
1,10,7,0,Chinese,3
1,10,7,0,Russians,2
1,10,7,0,Italians,1
1,10,7,1,Germans,1
1,10,7,1,Chinese,2
1,10,7,1,Russians,2
1,10,7,1,Italians,2
1,10,7,2,Germans,1
1,10,7,2,Chinese,2
1,10,7,2,Russians,2
1,10,7,2,Italians,2
1,10,7,3,Germans,1
1,10,7,3,Chinese,2
1,10,7,3,Russians,3
1,10,7,3,Italians,1
1,10,7,4,Germans,2
1,10,7,4,Chinese,2
1,10,7,4,Russians,2
1,10,7,4,Italians,1
1,10,8,0,Germans,1
1,10,8,0,Chinese,3
1,10,8,0,Russians,2
1,10,8,0,Italians,1
1,10,8,1,Germans,2
1,10,8,1,Chinese,1
1,10,8,1,Russians,2
1,10,8,1,Italians,2
1,10,8,2,Germans,2
1,10,8,2,Chinese,2
1,10,8,2,Russians,1
1,10,8,2,Italians,2
1,10,8,3,Germans,1
1,10,8,3,Chinese,2
1,10,8,3,Russians,2
1,10,8,3,Italians,3
1,10,8,4,Germans,2
1,10,8,4,Chinese,2
1,10,8,4,Russians,1
1,10,8,4,Italians,2
1,10,9,0,Germans,1
1,10,9,0,Chinese,3
1,10,9,0,Russians,2
1,10,9,0,Italians,2
1,10,9,1,Germans,2
1,10,9,1,Chinese,1
1,10,9,1,Russians,2
1,10,9,1,Italians,2
1,10,9,2,Germans,2
1,10,9,2,Chinese,2
1,10,9,2,Russians,1
1,10,9,2,Italians,2
1,10,9,3,Germans,0
1,10,9,3,Chinese,2
1,10,9,3,Russians,1
1,10,9,3,Italians,1
1,10,9,4,Germans,1
1,10,9,4,Chinese,2
1,10,9,4,Russians,2
1,10,9,4,Italians,2
1,11,1,0,Germans,1
1,11,1,0,Chinese,3
1,11,1,0,Russians,1
1,11,1,0,Italians,2
1,11,1,1,Germans,1
1,11,1,1,Chinese,2
1,11,1,1,Russians,1
1,11,1,1,Italians,2
1,11,1,2,Germans,1
1,11,1,2,Chinese,2
1,11,1,2,Russians,1
1,11,1,2,Italians,1
1,11,1,3,Germans,1
1,11,1,3,Chinese,2
1,11,1,3,Russians,3
1,11,1,3,Italians,1
1,11,1,4,Germans,2
1,11,1,4,Chinese,1
1,11,1,4,Russians,3
1,11,1,4,Italians,2
1,11,2,0,Germans,1
1,11,2,0,Chinese,3
1,11,2,0,Russians,1
1,11,2,0,Italians,2
1,11,2,1,Germans,2
1,11,2,1,Chinese,2
1,11,2,1,Russians,1
1,11,2,1,Italians,2
1,11,2,2,Germans,1
1,11,2,2,Chinese,2
1,11,2,2,Russians,2
1,11,2,2,Italians,1
1,11,2,3,Germans,0
1,11,2,3,Chinese,2
1,11,2,3,Russians,3
1,11,2,3,Italians,3
1,11,2,4,Germans,1
1,11,2,4,Chinese,2
1,11,2,4,Russians,1
1,11,2,4,Italians,3
1,11,3,0,Germans,1
1,11,3,0,Chinese,3
1,11,3,0,Russians,1
1,11,3,0,Italians,2
1,11,3,1,Germans,1
1,11,3,1,Chinese,2
1,11,3,1,Russians,1
1,11,3,1,Italians,2
1,11,3,2,Germans,1
1,11,3,2,Chinese,2
1,11,3,2,Russians,2
1,11,3,2,Italians,2
1,11,3,3,Germans,1
1,11,3,3,Chinese,3
1,11,3,3,Russians,1
1,11,3,3,Italians,2
1,11,3,4,Germans,1
1,11,3,4,Chinese,1
1,11,3,4,Russians,1
1,11,3,4,Italians,2
1,11,4,0,Germans,1
1,11,4,0,Chinese,3
1,11,4,0,Russians,1
1,11,4,0,Italians,2
1,11,4,1,Germans,2
1,11,4,1,Chinese,2
1,11,4,1,Russians,1
1,11,4,1,Italians,2
1,11,4,2,Germans,1
1,11,4,2,Chinese,2
1,11,4,2,Russians,1
1,11,4,2,Italians,2
1,11,4,3,Germans,1
1,11,4,3,Chinese,3
1,11,4,3,Russians,1
1,11,4,3,Italians,2
1,11,4,4,Germans,1
1,11,4,4,Chinese,1
1,11,4,4,Russians,2
1,11,4,4,Italians,1
1,11,5,0,Germans,1
1,11,5,0,Chinese,3
1,11,5,0,Russians,1
1,11,5,0,Italians,2
1,11,5,1,Germans,1
1,11,5,1,Chinese,2
1,11,5,1,Russians,1
1,11,5,1,Italians,2
1,11,5,2,Germans,1
1,11,5,2,Chinese,2
1,11,5,2,Russians,2
1,11,5,2,Italians,1
1,11,5,3,Germans,1
1,11,5,3,Chinese,3
1,11,5,3,Russians,3
1,11,5,3,Italians,2
1,11,5,4,Germans,1
1,11,5,4,Chinese,3
1,11,5,4,Russians,2
1,11,5,4,Italians,3
1,11,6,0,Germans,1
1,11,6,0,Chinese,3
1,11,6,0,Russians,1
1,11,6,0,Italians,2
1,11,6,1,Germans,2
1,11,6,1,Chinese,2
1,11,6,1,Russians,1
1,11,6,1,Italians,2
1,11,6,2,Germans,1
1,11,6,2,Chinese,2
1,11,6,2,Russians,2
1,11,6,2,Italians,2
1,11,6,3,Germans,0
1,11,6,3,Chinese,3
1,11,6,3,Russians,1
1,11,6,3,Italians,2
1,11,6,4,Germans,1
1,11,6,4,Chinese,3
1,11,6,4,Russians,1
1,11,6,4,Italians,3
1,11,7,0,Germans,1
1,11,7,0,Chinese,3
1,11,7,0,Russians,1
1,11,7,0,Italians,2
1,11,7,1,Germans,1
1,11,7,1,Chinese,2
1,11,7,1,Russians,1
1,11,7,1,Italians,2
1,11,7,2,Germans,1
1,11,7,2,Chinese,2
1,11,7,2,Russians,1
1,11,7,2,Italians,2
1,11,7,3,Germans,1
1,11,7,3,Chinese,2
1,11,7,3,Russians,2
1,11,7,3,Italians,3
1,11,7,4,Germans,1
1,11,7,4,Chinese,2
1,11,7,4,Russians,1
1,11,7,4,Italians,2
1,11,8,0,Germans,1
1,11,8,0,Chinese,3
1,11,8,0,Russians,1
1,11,8,0,Italians,2
1,11,8,1,Germans,2
1,11,8,1,Chinese,2
1,11,8,1,Russians,1
1,11,8,1,Italians,2
1,11,8,2,Germans,1
1,11,8,2,Chinese,1
1,11,8,2,Russians,2
1,11,8,2,Italians,2
1,11,8,3,Germans,2
1,11,8,3,Chinese,3
1,11,8,3,Russians,3
1,11,8,3,Italians,1
1,11,8,4,Germans,2
1,11,8,4,Chinese,3
1,11,8,4,Russians,0
1,11,8,4,Italians,2
1,12,1,0,Germans,1
1,12,1,0,Chinese,2
1,12,1,0,Russians,2
1,12,1,0,Italians,1
1,12,1,1,Germans,1
1,12,1,1,Chinese,2
1,12,1,1,Russians,2
1,12,1,1,Italians,2
1,12,1,2,Germans,2
1,12,1,2,Chinese,1
1,12,1,2,Russians,4
1,12,1,2,Italians,1
1,12,1,3,Germans,2
1,12,1,3,Chinese,1
1,12,1,3,Russians,2
1,12,1,3,Italians,2
1,12,1,4,Germans,1
1,12,1,4,Chinese,1
1,12,1,4,Russians,2
1,12,1,4,Italians,3
1,12,2,0,Germans,1
1,12,2,0,Chinese,2
1,12,2,0,Russians,3
1,12,2,0,Italians,1
1,12,2,1,Germans,1
1,12,2,1,Chinese,2
1,12,2,1,Russians,3
1,12,2,1,Italians,2
1,12,2,2,Germans,2
1,12,2,2,Chinese,1
1,12,2,2,Russians,3
1,12,2,2,Italians,0
1,12,2,3,Germans,2
1,12,2,3,Chinese,2
1,12,2,3,Russians,2
1,12,2,3,Italians,1
1,12,2,4,Germans,3
1,12,2,4,Chinese,2
1,12,2,4,Russians,2
1,12,2,4,Italians,2
1,12,3,0,Germans,1
1,12,3,0,Chinese,2
1,12,3,0,Russians,3
1,12,3,0,Italians,1
1,12,3,1,Germans,1
1,12,3,1,Chinese,2
1,12,3,1,Russians,3
1,12,3,1,Italians,2
1,12,3,2,Germans,2
1,12,3,2,Chinese,1
1,12,3,2,Russians,4
1,12,3,2,Italians,2
1,12,3,3,Germans,1
1,12,3,3,Chinese,2
1,12,3,3,Russians,1
1,12,3,3,Italians,3
1,12,3,4,Germans,2
1,12,3,4,Chinese,2
1,12,3,4,Russians,2
1,12,3,4,Italians,3
1,12,4,0,Germans,1
1,12,4,0,Chinese,2
1,12,4,0,Russians,2
1,12,4,0,Italians,1
1,12,4,1,Germans,1
1,12,4,1,Chinese,2
1,12,4,1,Russians,2
1,12,4,1,Italians,2
1,12,4,2,Germans,2
1,12,4,2,Chinese,1
1,12,4,2,Russians,4
1,12,4,2,Italians,2
1,12,4,3,Germans,1
1,12,4,3,Chinese,3
1,12,4,3,Russians,3
1,12,4,3,Italians,2
1,12,4,4,Germans,3
1,12,4,4,Chinese,3
1,12,4,4,Russians,1
1,12,4,4,Italians,2
1,12,5,0,Germans,1
1,12,5,0,Chinese,2
1,12,5,0,Russians,2
1,12,5,0,Italians,1
1,12,5,1,Germans,1
1,12,5,1,Chinese,2
1,12,5,1,Russians,2
1,12,5,1,Italians,2
1,12,5,2,Germans,2
1,12,5,2,Chinese,1
1,12,5,2,Russians,5
1,12,5,2,Italians,1
1,12,5,3,Germans,1
1,12,5,3,Chinese,2
1,12,5,3,Russians,2
1,12,5,3,Italians,2
1,12,5,4,Germans,1
1,12,5,4,Chinese,2
1,12,5,4,Russians,1
1,12,5,4,Italians,2
1,12,6,0,Germans,1
1,12,6,0,Chinese,2
1,12,6,0,Russians,3
1,12,6,0,Italians,1
1,12,6,1,Germans,1
1,12,6,1,Chinese,2
1,12,6,1,Russians,3
1,12,6,1,Italians,2
1,12,6,2,Germans,3
1,12,6,2,Chinese,1
1,12,6,2,Russians,3
1,12,6,2,Italians,2
1,12,6,3,Germans,1
1,12,6,3,Chinese,1
1,12,6,3,Russians,1
1,12,6,3,Italians,2
1,12,6,4,Germans,3
1,12,6,4,Chinese,2
1,12,6,4,Russians,3
1,12,6,4,Italians,1
1,12,7,0,Germans,1
1,12,7,0,Chinese,2
1,12,7,0,Russians,2
1,12,7,0,Italians,1
1,12,7,1,Germans,1
1,12,7,1,Chinese,2
1,12,7,1,Russians,3
1,12,7,1,Italians,2
1,12,7,2,Germans,1
1,12,7,2,Chinese,1
1,12,7,2,Russians,3
1,12,7,2,Italians,2
1,12,7,3,Germans,1
1,12,7,3,Chinese,2
1,12,7,3,Russians,2
1,12,7,3,Italians,2
1,12,7,4,Germans,1
1,12,7,4,Chinese,2
1,12,7,4,Russians,2
1,12,7,4,Italians,2
1,12,8,0,Germans,1
1,12,8,0,Chinese,2
1,12,8,0,Russians,2
1,12,8,0,Italians,1
1,12,8,1,Germans,1
1,12,8,1,Chinese,2
1,12,8,1,Russians,3
1,12,8,1,Italians,2
1,12,8,2,Germans,2
1,12,8,2,Chinese,1
1,12,8,2,Russians,3
1,12,8,2,Italians,2
1,12,8,3,Germans,2
1,12,8,3,Chinese,2
1,12,8,3,Russians,2
1,12,8,3,Italians,1
1,12,8,4,Germans,0
1,12,8,4,Chinese,3
1,12,8,4,Russians,2
1,12,8,4,Italians,2
1,13,1,0,Germans,1
1,13,1,0,Chinese,1
1,13,1,0,Russians,2
1,13,1,0,Italians,2
1,13,1,1,Germans,2
1,13,1,1,Chinese,2
1,13,1,1,Russians,1
1,13,1,1,Italians,1
1,13,1,2,Germans,1
1,13,1,2,Chinese,2
1,13,1,2,Russians,2
1,13,1,2,Italians,2
1,13,1,3,Germans,2
1,13,1,3,Chinese,1
1,13,1,3,Russians,2
1,13,1,3,Italians,0
1,13,1,4,Germans,2
1,13,1,4,Chinese,2
1,13,1,4,Russians,1
1,13,1,4,Italians,1
1,13,2,0,Germans,1
1,13,2,0,Chinese,1
1,13,2,0,Russians,2
1,13,2,0,Italians,2
1,13,2,1,Germans,2
1,13,2,1,Chinese,2
1,13,2,1,Russians,1
1,13,2,1,Italians,1
1,13,2,2,Germans,1
1,13,2,2,Chinese,1
1,13,2,2,Russians,2
1,13,2,2,Italians,2
1,13,2,3,Germans,1
1,13,2,3,Chinese,1
1,13,2,3,Russians,2
1,13,2,3,Italians,2
1,13,2,4,Germans,1
1,13,2,4,Chinese,2
1,13,2,4,Russians,1
1,13,2,4,Italians,2
1,13,3,0,Germans,1
1,13,3,0,Chinese,1
1,13,3,0,Russians,2
1,13,3,0,Italians,2
1,13,3,1,Germans,2
1,13,3,1,Chinese,2
1,13,3,1,Russians,1
1,13,3,1,Italians,1
1,13,3,2,Germans,3
1,13,3,2,Chinese,1
1,13,3,2,Russians,2
1,13,3,2,Italians,2
1,13,3,3,Germans,1
1,13,3,3,Chinese,2
1,13,3,3,Russians,3
1,13,3,3,Italians,1
1,13,3,4,Germans,1
1,13,3,4,Chinese,3
1,13,3,4,Russians,1
1,13,3,4,Italians,1
1,13,4,0,Germans,1
1,13,4,0,Chinese,1
1,13,4,0,Russians,2
1,13,4,0,Italians,2
1,13,4,1,Germans,2
1,13,4,1,Chinese,2
1,13,4,1,Russians,1
1,13,4,1,Italians,1
1,13,4,2,Germans,2
1,13,4,2,Chinese,2
1,13,4,2,Russians,2
1,13,4,2,Italians,2
1,13,4,3,Germans,2
1,13,4,3,Chinese,1
1,13,4,3,Russians,2
1,13,4,3,Italians,1
1,13,4,4,Germans,2
1,13,4,4,Chinese,2
1,13,4,4,Russians,1
1,13,4,4,Italians,2
1,13,5,0,Germans,1
1,13,5,0,Chinese,1
1,13,5,0,Russians,2
1,13,5,0,Italians,2
1,13,5,1,Germans,2
1,13,5,1,Chinese,2
1,13,5,1,Russians,1
1,13,5,1,Italians,1
1,13,5,2,Germans,1
1,13,5,2,Chinese,1
1,13,5,2,Russians,2
1,13,5,2,Italians,2
1,13,5,3,Germans,1
1,13,5,3,Chinese,1
1,13,5,3,Russians,3
1,13,5,3,Italians,3
1,13,5,4,Germans,1
1,13,5,4,Chinese,2
1,13,5,4,Russians,1
1,13,5,4,Italians,2
1,13,6,0,Germans,1
1,13,6,0,Chinese,1
1,13,6,0,Russians,2
1,13,6,0,Italians,2
1,13,6,1,Germans,1
1,13,6,1,Chinese,2
1,13,6,1,Russians,1
1,13,6,1,Italians,1
1,13,6,2,Germans,2
1,13,6,2,Chinese,1
1,13,6,2,Russians,3
1,13,6,2,Italians,2
1,13,6,3,Germans,0
1,13,6,3,Chinese,1
1,13,6,3,Russians,3
1,13,6,3,Italians,2
1,13,6,4,Germans,1
1,13,6,4,Chinese,2
1,13,6,4,Russians,2
1,13,6,4,Italians,1
1,13,7,0,Germans,1
1,13,7,0,Chinese,1
1,13,7,0,Russians,2
1,13,7,0,Italians,2
1,13,7,1,Germans,2
1,13,7,1,Chinese,2
1,13,7,1,Russians,1
1,13,7,1,Italians,1
1,13,7,2,Germans,2
1,13,7,2,Chinese,1
1,13,7,2,Russians,2
1,13,7,2,Italians,2
1,13,7,3,Germans,3
1,13,7,3,Chinese,2
1,13,7,3,Russians,3
1,13,7,3,Italians,1
1,13,7,4,Germans,1
1,13,7,4,Chinese,2
1,13,7,4,Russians,2
1,13,7,4,Italians,1
1,13,8,0,Germans,1
1,13,8,0,Chinese,1
1,13,8,0,Russians,2
1,13,8,0,Italians,2
1,13,8,1,Germans,2
1,13,8,1,Chinese,2
1,13,8,1,Russians,1
1,13,8,1,Italians,2
1,13,8,2,Germans,1
1,13,8,2,Chinese,2
1,13,8,2,Russians,2
1,13,8,2,Italians,2
1,13,8,3,Germans,3
1,13,8,3,Chinese,1
1,13,8,3,Russians,3
1,13,8,3,Italians,1
1,13,8,4,Germans,1
1,13,8,4,Chinese,2
1,13,8,4,Russians,2
1,13,8,4,Italians,2
1,13,9,0,Germans,1
1,13,9,0,Chinese,1
1,13,9,0,Russians,2
1,13,9,0,Italians,2
1,13,9,1,Germans,2
1,13,9,1,Chinese,2
1,13,9,1,Russians,1
1,13,9,1,Italians,1
1,13,9,2,Germans,3
1,13,9,2,Chinese,1
1,13,9,2,Russians,2
1,13,9,2,Italians,2
1,13,9,3,Germans,2
1,13,9,3,Chinese,2
1,13,9,3,Russians,3
1,13,9,3,Italians,1
1,13,9,4,Germans,2
1,13,9,4,Chinese,1
1,13,9,4,Russians,2
1,13,9,4,Italians,2
1,14,1,0,Germans,1
1,14,1,0,Chinese,1
1,14,1,0,Russians,1
1,14,1,0,Italians,1
1,14,1,1,Germans,2
1,14,1,1,Chinese,1
1,14,1,1,Russians,1
1,14,1,1,Italians,1
1,14,1,2,Germans,2
1,14,1,2,Chinese,3
1,14,1,2,Russians,2
1,14,1,2,Italians,1
1,14,1,3,Germans,1
1,14,1,3,Chinese,2
1,14,1,3,Russians,2
1,14,1,3,Italians,3
1,14,1,4,Germans,1
1,14,1,4,Chinese,2
1,14,1,4,Russians,1
1,14,1,4,Italians,2
1,14,2,0,Germans,1
1,14,2,0,Chinese,1
1,14,2,0,Russians,1
1,14,2,0,Italians,1
1,14,2,1,Germans,2
1,14,2,1,Chinese,1
1,14,2,1,Russians,1
1,14,2,1,Italians,1
1,14,2,2,Germans,2
1,14,2,2,Chinese,2
1,14,2,2,Russians,2
1,14,2,2,Italians,1
1,14,2,3,Germans,1
1,14,2,3,Chinese,2
1,14,2,3,Russians,3
1,14,2,3,Italians,3
1,14,2,4,Germans,1
1,14,2,4,Chinese,1
1,14,2,4,Russians,1
1,14,2,4,Italians,2
1,14,3,0,Germans,1
1,14,3,0,Chinese,1
1,14,3,0,Russians,1
1,14,3,0,Italians,2
1,14,3,1,Germans,2
1,14,3,1,Chinese,1
1,14,3,1,Russians,1
1,14,3,1,Italians,1
1,14,3,2,Germans,1
1,14,3,2,Chinese,3
1,14,3,2,Russians,2
1,14,3,2,Italians,2
1,14,3,3,Germans,1
1,14,3,3,Chinese,2
1,14,3,3,Russians,2
1,14,3,3,Italians,3
1,14,3,4,Germans,0
1,14,3,4,Chinese,1
1,14,3,4,Russians,1
1,14,3,4,Italians,2
1,14,4,0,Germans,1
1,14,4,0,Chinese,1
1,14,4,0,Russians,1
1,14,4,0,Italians,2
1,14,4,1,Germans,2
1,14,4,1,Chinese,1
1,14,4,1,Russians,1
1,14,4,1,Italians,1
1,14,4,2,Germans,1
1,14,4,2,Chinese,3
1,14,4,2,Russians,2
1,14,4,2,Italians,1
1,14,4,3,Germans,1
1,14,4,3,Chinese,2
1,14,4,3,Russians,2
1,14,4,3,Italians,3
1,14,4,4,Germans,1
1,14,4,4,Chinese,1
1,14,4,4,Russians,1
1,14,4,4,Italians,2
1,14,5,0,Germans,1
1,14,5,0,Chinese,2
1,14,5,0,Russians,1
1,14,5,0,Italians,1
1,14,5,1,Germans,1
1,14,5,1,Chinese,2
1,14,5,1,Russians,1
1,14,5,1,Italians,1
1,14,5,2,Germans,1
1,14,5,2,Chinese,1
1,14,5,2,Russians,2
1,14,5,2,Italians,3
1,14,5,3,Germans,1
1,14,5,3,Chinese,1
1,14,5,3,Russians,2
1,14,5,3,Italians,2
1,14,5,4,Germans,1
1,14,5,4,Chinese,2
1,14,5,4,Russians,1
1,14,5,4,Italians,3
1,14,6,0,Germans,1
1,14,6,0,Chinese,2
1,14,6,0,Russians,1
1,14,6,0,Italians,1
1,14,6,1,Germans,1
1,14,6,1,Chinese,2
1,14,6,1,Russians,1
1,14,6,1,Italians,1
1,14,6,2,Germans,1
1,14,6,2,Chinese,2
1,14,6,2,Russians,2
1,14,6,2,Italians,4
1,14,6,3,Germans,1
1,14,6,3,Chinese,2
1,14,6,3,Russians,2
1,14,6,3,Italians,2
1,14,6,4,Germans,1
1,14,6,4,Chinese,2
1,14,6,4,Russians,3
1,14,6,4,Italians,3
1,14,7,0,Germans,1
1,14,7,0,Chinese,2
1,14,7,0,Russians,1
1,14,7,0,Italians,1
1,14,7,1,Germans,1
1,14,7,1,Chinese,2
1,14,7,1,Russians,1
1,14,7,1,Italians,1
1,14,7,2,Germans,2
1,14,7,2,Chinese,1
1,14,7,2,Russians,2
1,14,7,2,Italians,3
1,14,7,3,Germans,1
1,14,7,3,Chinese,2
1,14,7,3,Russians,1
1,14,7,3,Italians,3
1,14,7,4,Germans,1
1,14,7,4,Chinese,3
1,14,7,4,Russians,2
1,14,7,4,Italians,4
1,14,8,0,Germans,1
1,14,8,0,Chinese,2
1,14,8,0,Russians,1
1,14,8,0,Italians,2
1,14,8,1,Germans,1
1,14,8,1,Chinese,2
1,14,8,1,Russians,1
1,14,8,1,Italians,1
1,14,8,2,Germans,2
1,14,8,2,Chinese,2
1,14,8,2,Russians,2
1,14,8,2,Italians,3
1,14,8,3,Germans,1
1,14,8,3,Chinese,2
1,14,8,3,Russians,2
1,14,8,3,Italians,2
1,14,8,4,Germans,3
1,14,8,4,Chinese,3
1,14,8,4,Russians,2
1,14,8,4,Italians,3
1,14,9,0,Germans,1
1,14,9,0,Chinese,1
1,14,9,0,Russians,1
1,14,9,0,Italians,1
1,14,9,1,Germans,2
1,14,9,1,Chinese,1
1,14,9,1,Russians,1
1,14,9,1,Italians,1
1,14,9,2,Germans,2
1,14,9,2,Chinese,1
1,14,9,2,Russians,2
1,14,9,2,Italians,1
1,14,9,3,Germans,1
1,14,9,3,Chinese,2
1,14,9,3,Russians,2
1,14,9,3,Italians,1
1,14,9,4,Germans,1
1,14,9,4,Chinese,2
1,14,9,4,Russians,2
1,14,9,4,Italians,1
1,15,1,0,Germans,1
1,15,1,0,Chinese,2
1,15,1,0,Russians,0
1,15,1,0,Italians,1
1,15,1,1,Germans,1
1,15,1,1,Chinese,3
1,15,1,1,Russians,0
1,15,1,1,Italians,2
1,15,1,2,Germans,0
1,15,1,2,Chinese,3
1,15,1,2,Russians,0
1,15,1,2,Italians,1
1,15,1,3,Germans,1
1,15,1,3,Chinese,4
1,15,1,3,Russians,0
1,15,1,3,Italians,2
1,15,1,4,Germans,1
1,15,1,4,Chinese,0
1,15,1,4,Russians,0
1,15,1,4,Italians,2
1,15,2,0,Germans,1
1,15,2,0,Chinese,2
1,15,2,0,Russians,0
1,15,2,0,Italians,2
1,15,2,1,Germans,0
1,15,2,1,Chinese,3
1,15,2,1,Russians,0
1,15,2,1,Italians,2
1,15,2,2,Germans,1
1,15,2,2,Chinese,3
1,15,2,2,Russians,0
1,15,2,2,Italians,2
1,15,2,3,Germans,1
1,15,2,3,Chinese,2
1,15,2,3,Russians,0
1,15,2,3,Italians,2
1,15,2,4,Germans,0
1,15,2,4,Chinese,2
1,15,2,4,Russians,0
1,15,2,4,Italians,3
1,15,3,0,Germans,1
1,15,3,0,Chinese,2
1,15,3,0,Russians,0
1,15,3,0,Italians,2
1,15,3,1,Germans,0
1,15,3,1,Chinese,3
1,15,3,1,Russians,0
1,15,3,1,Italians,2
1,15,3,2,Germans,1
1,15,3,2,Chinese,3
1,15,3,2,Russians,0
1,15,3,2,Italians,2
1,15,3,3,Germans,1
1,15,3,3,Chinese,2
1,15,3,3,Russians,0
1,15,3,3,Italians,2
1,15,3,4,Germans,0
1,15,3,4,Chinese,3
1,15,3,4,Russians,0
1,15,3,4,Italians,3
1,15,4,0,Germans,1
1,15,4,0,Chinese,2
1,15,4,0,Russians,0
1,15,4,0,Italians,1
1,15,4,1,Germans,1
1,15,4,1,Chinese,3
1,15,4,1,Russians,0
1,15,4,1,Italians,1
1,15,4,2,Germans,0
1,15,4,2,Chinese,3
1,15,4,2,Russians,0
1,15,4,2,Italians,2
1,15,4,3,Germans,0
1,15,4,3,Chinese,4
1,15,4,3,Russians,0
1,15,4,3,Italians,2
1,15,4,4,Germans,0
1,15,4,4,Chinese,2
1,15,4,4,Russians,0
1,15,4,4,Italians,2
1,15,5,0,Germans,1
1,15,5,0,Chinese,2
1,15,5,0,Russians,0
1,15,5,0,Italians,2
1,15,5,1,Germans,0
1,15,5,1,Chinese,3
1,15,5,1,Russians,0
1,15,5,1,Italians,1
1,15,5,2,Germans,1
1,15,5,2,Chinese,3
1,15,5,2,Russians,0
1,15,5,2,Italians,3
1,15,5,3,Germans,1
1,15,5,3,Chinese,2
1,15,5,3,Russians,0
1,15,5,3,Italians,2
1,15,5,4,Germans,1
1,15,5,4,Chinese,3
1,15,5,4,Russians,0
1,15,5,4,Italians,2
1,15,6,0,Germans,1
1,15,6,0,Chinese,2
1,15,6,0,Russians,0
1,15,6,0,Italians,2
1,15,6,1,Germans,0
1,15,6,1,Chinese,3
1,15,6,1,Russians,0
1,15,6,1,Italians,1
1,15,6,2,Germans,1
1,15,6,2,Chinese,3
1,15,6,2,Russians,0
1,15,6,2,Italians,2
1,15,6,3,Germans,1
1,15,6,3,Chinese,3
1,15,6,3,Russians,0
1,15,6,3,Italians,3
1,15,6,4,Germans,0
1,15,6,4,Chinese,3
1,15,6,4,Russians,0
1,15,6,4,Italians,1
1,16,1,0,Germans,1
1,16,1,0,Chinese,2
1,16,1,0,Russians,0
1,16,1,0,Italians,3
1,16,1,1,Germans,1
1,16,1,1,Chinese,3
1,16,1,1,Russians,0
1,16,1,1,Italians,2
1,16,1,2,Germans,1
1,16,1,2,Chinese,2
1,16,1,2,Russians,0
1,16,1,2,Italians,4
1,16,1,3,Germans,0
1,16,1,3,Chinese,3
1,16,1,3,Russians,0
1,16,1,3,Italians,1
1,16,1,4,Germans,0
1,16,1,4,Chinese,3
1,16,1,4,Russians,0
1,16,1,4,Italians,3
1,16,2,0,Germans,1
1,16,2,0,Chinese,2
1,16,2,0,Russians,0
1,16,2,0,Italians,4
1,16,2,1,Germans,1
1,16,2,1,Chinese,3
1,16,2,1,Russians,0
1,16,2,1,Italians,1
1,16,2,2,Germans,1
1,16,2,2,Chinese,3
1,16,2,2,Russians,0
1,16,2,2,Italians,3
1,16,2,3,Germans,0
1,16,2,3,Chinese,2
1,16,2,3,Russians,0
1,16,2,3,Italians,2
1,16,2,4,Germans,0
1,16,2,4,Chinese,2
1,16,2,4,Russians,0
1,16,2,4,Italians,1
1,16,3,0,Germans,1
1,16,3,0,Chinese,2
1,16,3,0,Russians,0
1,16,3,0,Italians,3
1,16,3,1,Germans,1
1,16,3,1,Chinese,3
1,16,3,1,Russians,0
1,16,3,1,Italians,1
1,16,3,2,Germans,1
1,16,3,2,Chinese,2
1,16,3,2,Russians,0
1,16,3,2,Italians,4
1,16,3,3,Germans,0
1,16,3,3,Chinese,3
1,16,3,3,Russians,0
1,16,3,3,Italians,1
1,16,3,4,Germans,0
1,16,3,4,Chinese,2
1,16,3,4,Russians,0
1,16,3,4,Italians,1
1,16,4,0,Germans,1
1,16,4,0,Chinese,2
1,16,4,0,Russians,0
1,16,4,0,Italians,3
1,16,4,1,Germans,1
1,16,4,1,Chinese,3
1,16,4,1,Russians,0
1,16,4,1,Italians,2
1,16,4,2,Germans,0
1,16,4,2,Chinese,2
1,16,4,2,Russians,0
1,16,4,2,Italians,4
1,16,4,3,Germans,0
1,16,4,3,Chinese,3
1,16,4,3,Russians,0
1,16,4,3,Italians,0
1,16,4,4,Germans,0
1,16,4,4,Chinese,3
1,16,4,4,Russians,0
1,16,4,4,Italians,2
1,16,5,0,Germans,1
1,16,5,0,Chinese,2
1,16,5,0,Russians,0
1,16,5,0,Italians,4
1,16,5,1,Germans,1
1,16,5,1,Chinese,3
1,16,5,1,Russians,0
1,16,5,1,Italians,1
1,16,5,2,Germans,1
1,16,5,2,Chinese,3
1,16,5,2,Russians,0
1,16,5,2,Italians,3
1,16,5,3,Germans,0
1,16,5,3,Chinese,3
1,16,5,3,Russians,0
1,16,5,3,Italians,1
1,16,5,4,Germans,0
1,16,5,4,Chinese,3
1,16,5,4,Russians,0
1,16,5,4,Italians,2
1,17,1,0,Germans,1
1,17,1,0,Chinese,1
1,17,1,0,Russians,3
1,17,1,0,Italians,2
1,17,1,1,Germans,0
1,17,1,1,Chinese,2
1,17,1,1,Russians,3
1,17,1,1,Italians,1
1,17,1,2,Germans,0
1,17,1,2,Chinese,2
1,17,1,2,Russians,1
1,17,1,2,Italians,1
1,17,1,3,Germans,0
1,17,1,3,Chinese,3
1,17,1,3,Russians,2
1,17,1,3,Italians,2
1,17,1,4,Germans,0
1,17,1,4,Chinese,2
1,17,1,4,Russians,3
1,17,1,4,Italians,1
1,17,2,0,Germans,1
1,17,2,0,Chinese,1
1,17,2,0,Russians,3
1,17,2,0,Italians,2
1,17,2,1,Germans,0
1,17,2,1,Chinese,2
1,17,2,1,Russians,3
1,17,2,1,Italians,2
1,17,2,2,Germans,0
1,17,2,2,Chinese,2
1,17,2,2,Russians,2
1,17,2,2,Italians,1
1,17,2,3,Germans,0
1,17,2,3,Chinese,4
1,17,2,3,Russians,2
1,17,2,3,Italians,2
1,17,2,4,Germans,0
1,17,2,4,Chinese,3
1,17,2,4,Russians,1
1,17,2,4,Italians,1
1,17,3,0,Germans,1
1,17,3,0,Chinese,1
1,17,3,0,Russians,3
1,17,3,0,Italians,2
1,17,3,1,Germans,1
1,17,3,1,Chinese,2
1,17,3,1,Russians,3
1,17,3,1,Italians,1
1,17,3,2,Germans,0
1,17,3,2,Chinese,2
1,17,3,2,Russians,1
1,17,3,2,Italians,1
1,17,3,3,Germans,0
1,17,3,3,Chinese,3
1,17,3,3,Russians,2
1,17,3,3,Italians,2
1,17,3,4,Germans,0
1,17,3,4,Chinese,1
1,17,3,4,Russians,3
1,17,3,4,Italians,1
1,17,4,0,Germans,1
1,17,4,0,Chinese,1
1,17,4,0,Russians,3
1,17,4,0,Italians,2
1,17,4,1,Germans,0
1,17,4,1,Chinese,2
1,17,4,1,Russians,3
1,17,4,1,Italians,2
1,17,4,2,Germans,0
1,17,4,2,Chinese,2
1,17,4,2,Russians,2
1,17,4,2,Italians,1
1,17,4,3,Germans,0
1,17,4,3,Chinese,3
1,17,4,3,Russians,2
1,17,4,3,Italians,2
1,17,4,4,Germans,0
1,17,4,4,Chinese,3
1,17,4,4,Russians,2
1,17,4,4,Italians,1
1,17,5,0,Germans,1
1,17,5,0,Chinese,1
1,17,5,0,Russians,3
1,17,5,0,Italians,2
1,17,5,1,Germans,1
1,17,5,1,Chinese,2
1,17,5,1,Russians,3
1,17,5,1,Italians,2
1,17,5,2,Germans,0
1,17,5,2,Chinese,2
1,17,5,2,Russians,2
1,17,5,2,Italians,2
1,17,5,3,Germans,0
1,17,5,3,Chinese,2
1,17,5,3,Russians,2
1,17,5,3,Italians,2
1,17,5,4,Germans,0
1,17,5,4,Chinese,0
1,17,5,4,Russians,1
1,17,5,4,Italians,4
1,17,6,0,Germans,1
1,17,6,0,Chinese,1
1,17,6,0,Russians,3
1,17,6,0,Italians,2
1,17,6,1,Germans,1
1,17,6,1,Chinese,2
1,17,6,1,Russians,3
1,17,6,1,Italians,2
1,17,6,2,Germans,0
1,17,6,2,Chinese,2
1,17,6,2,Russians,2
1,17,6,2,Italians,2
1,17,6,3,Germans,0
1,17,6,3,Chinese,1
1,17,6,3,Russians,2
1,17,6,3,Italians,2
1,17,6,4,Germans,0
1,17,6,4,Chinese,1
1,17,6,4,Russians,1
1,17,6,4,Italians,2
1,17,7,0,Germans,1
1,17,7,0,Chinese,1
1,17,7,0,Russians,3
1,17,7,0,Italians,2
1,17,7,1,Germans,1
1,17,7,1,Chinese,2
1,17,7,1,Russians,3
1,17,7,1,Italians,1
1,17,7,2,Germans,0
1,17,7,2,Chinese,2
1,17,7,2,Russians,1
1,17,7,2,Italians,1
1,17,7,3,Germans,0
1,17,7,3,Chinese,3
1,17,7,3,Russians,2
1,17,7,3,Italians,3
1,17,7,4,Germans,0
1,17,7,4,Chinese,2
1,17,7,4,Russians,3
1,17,7,4,Italians,1
1,18,1,0,Germans,1
1,18,1,0,Chinese,2
1,18,1,0,Russians,3
1,18,1,0,Italians,1
1,18,1,1,Germans,0
1,18,1,1,Chinese,3
1,18,1,1,Russians,2
1,18,1,1,Italians,1
1,18,1,2,Germans,0
1,18,1,2,Chinese,2
1,18,1,2,Russians,2
1,18,1,2,Italians,2
1,18,1,3,Germans,0
1,18,1,3,Chinese,2
1,18,1,3,Russians,1
1,18,1,3,Italians,2
1,18,1,4,Germans,0
1,18,1,4,Chinese,2
1,18,1,4,Russians,1
1,18,1,4,Italians,2
1,18,2,0,Germans,1
1,18,2,0,Chinese,2
1,18,2,0,Russians,3
1,18,2,0,Italians,1
1,18,2,1,Germans,0
1,18,2,1,Chinese,3
1,18,2,1,Russians,2
1,18,2,1,Italians,1
1,18,2,2,Germans,0
1,18,2,2,Chinese,1
1,18,2,2,Russians,2
1,18,2,2,Italians,2
1,18,2,3,Germans,0
1,18,2,3,Chinese,2
1,18,2,3,Russians,2
1,18,2,3,Italians,2
1,18,2,4,Germans,0
1,18,2,4,Chinese,3
1,18,2,4,Russians,1
1,18,2,4,Italians,1
1,18,3,0,Germans,1
1,18,3,0,Chinese,2
1,18,3,0,Russians,3
1,18,3,0,Italians,1
1,18,3,1,Germans,0
1,18,3,1,Chinese,3
1,18,3,1,Russians,2
1,18,3,1,Italians,1
1,18,3,2,Germans,0
1,18,3,2,Chinese,3
1,18,3,2,Russians,2
1,18,3,2,Italians,3
1,18,3,3,Germans,0
1,18,3,3,Chinese,4
1,18,3,3,Russians,2
1,18,3,3,Italians,3
1,18,3,4,Germans,0
1,18,3,4,Chinese,2
1,18,3,4,Russians,1
1,18,3,4,Italians,2
1,18,4,0,Germans,1
1,18,4,0,Chinese,2
1,18,4,0,Russians,3
1,18,4,0,Italians,1
1,18,4,1,Germans,0
1,18,4,1,Chinese,3
1,18,4,1,Russians,2
1,18,4,1,Italians,1
1,18,4,2,Germans,0
1,18,4,2,Chinese,3
1,18,4,2,Russians,1
1,18,4,2,Italians,3
1,18,4,3,Germans,0
1,18,4,3,Chinese,2
1,18,4,3,Russians,2
1,18,4,3,Italians,3
1,18,4,4,Germans,0
1,18,4,4,Chinese,2
1,18,4,4,Russians,1
1,18,4,4,Italians,2
1,18,5,0,Germans,1
1,18,5,0,Chinese,2
1,18,5,0,Russians,3
1,18,5,0,Italians,1
1,18,5,1,Germans,0
1,18,5,1,Chinese,3
1,18,5,1,Russians,2
1,18,5,1,Italians,1
1,18,5,2,Germans,0
1,18,5,2,Chinese,0
1,18,5,2,Russians,2
1,18,5,2,Italians,1
1,18,5,3,Germans,0
1,18,5,3,Chinese,2
1,18,5,3,Russians,2
1,18,5,3,Italians,1
1,18,5,4,Germans,0
1,18,5,4,Chinese,3
1,18,5,4,Russians,2
1,18,5,4,Italians,1
1,18,6,0,Germans,1
1,18,6,0,Chinese,2
1,18,6,0,Russians,3
1,18,6,0,Italians,1
1,18,6,1,Germans,0
1,18,6,1,Chinese,3
1,18,6,1,Russians,2
1,18,6,1,Italians,1
1,18,6,2,Germans,0
1,18,6,2,Chinese,2
1,18,6,2,Russians,2
1,18,6,2,Italians,2
1,18,6,3,Germans,0
1,18,6,3,Chinese,2
1,18,6,3,Russians,2
1,18,6,3,Italians,2
1,18,6,4,Germans,0
1,18,6,4,Chinese,3
1,18,6,4,Russians,1
1,18,6,4,Italians,3
1,19,1,0,Germans,1
1,19,1,0,Chinese,3
1,19,1,0,Russians,1
1,19,1,0,Italians,2
1,19,1,1,Germans,1
1,19,1,1,Chinese,5
1,19,1,1,Russians,0
1,19,1,1,Italians,2
1,19,1,2,Germans,1
1,19,1,2,Chinese,2
1,19,1,2,Russians,1
1,19,1,2,Italians,3
1,19,1,3,Germans,0
1,19,1,3,Chinese,1
1,19,1,3,Russians,1
1,19,1,3,Italians,2
1,19,1,4,Germans,0
1,19,1,4,Chinese,1
1,19,1,4,Russians,2
1,19,1,4,Italians,4
1,19,2,0,Germans,1
1,19,2,0,Chinese,3
1,19,2,0,Russians,1
1,19,2,0,Italians,2
1,19,2,1,Germans,1
1,19,2,1,Chinese,4
1,19,2,1,Russians,0
1,19,2,1,Italians,2
1,19,2,2,Germans,1
1,19,2,2,Chinese,3
1,19,2,2,Russians,1
1,19,2,2,Italians,3
1,19,2,3,Germans,1
1,19,2,3,Chinese,2
1,19,2,3,Russians,1
1,19,2,3,Italians,1
1,19,2,4,Germans,1
1,19,2,4,Chinese,2
1,19,2,4,Russians,2
1,19,2,4,Italians,3
1,19,3,0,Germans,1
1,19,3,0,Chinese,4
1,19,3,0,Russians,1
1,19,3,0,Italians,2
1,19,3,1,Germans,1
1,19,3,1,Chinese,4
1,19,3,1,Russians,0
1,19,3,1,Italians,2
1,19,3,2,Germans,1
1,19,3,2,Chinese,2
1,19,3,2,Russians,1
1,19,3,2,Italians,3
1,19,3,3,Germans,1
1,19,3,3,Chinese,2
1,19,3,3,Russians,1
1,19,3,3,Italians,1
1,19,3,4,Germans,1
1,19,3,4,Chinese,1
1,19,3,4,Russians,1
1,19,3,4,Italians,2
1,19,4,0,Germans,1
1,19,4,0,Chinese,3
1,19,4,0,Russians,1
1,19,4,0,Italians,2
1,19,4,1,Germans,1
1,19,4,1,Chinese,5
1,19,4,1,Russians,1
1,19,4,1,Italians,2
1,19,4,2,Germans,1
1,19,4,2,Chinese,2
1,19,4,2,Russians,1
1,19,4,2,Italians,3
1,19,4,3,Germans,0
1,19,4,3,Chinese,1
1,19,4,3,Russians,1
1,19,4,3,Italians,2
1,19,4,4,Germans,0
1,19,4,4,Chinese,1
1,19,4,4,Russians,2
1,19,4,4,Italians,3
1,19,5,0,Germans,1
1,19,5,0,Chinese,3
1,19,5,0,Russians,1
1,19,5,0,Italians,2
1,19,5,1,Germans,1
1,19,5,1,Chinese,4
1,19,5,1,Russians,1
1,19,5,1,Italians,2
1,19,5,2,Germans,1
1,19,5,2,Chinese,2
1,19,5,2,Russians,2
1,19,5,2,Italians,1
1,19,5,3,Germans,1
1,19,5,3,Chinese,3
1,19,5,3,Russians,2
1,19,5,3,Italians,2
1,19,5,4,Germans,1
1,19,5,4,Chinese,3
1,19,5,4,Russians,1
1,19,5,4,Italians,1
1,19,6,0,Germans,1
1,19,6,0,Chinese,3
1,19,6,0,Russians,1
1,19,6,0,Italians,2
1,19,6,1,Germans,1
1,19,6,1,Chinese,4
1,19,6,1,Russians,0
1,19,6,1,Italians,3
1,19,6,2,Germans,1
1,19,6,2,Chinese,3
1,19,6,2,Russians,1
1,19,6,2,Italians,3
1,19,6,3,Germans,0
1,19,6,3,Chinese,3
1,19,6,3,Russians,1
1,19,6,3,Italians,2
1,19,6,4,Germans,1
1,19,6,4,Chinese,1
1,19,6,4,Russians,1
1,19,6,4,Italians,2
1,20,1,0,Germans,1
1,20,1,0,Chinese,4
1,20,1,0,Russians,1
1,20,1,0,Italians,3
1,20,1,1,Germans,0
1,20,1,1,Chinese,3
1,20,1,1,Russians,2
1,20,1,1,Italians,3
1,20,1,2,Germans,0
1,20,1,2,Chinese,0
1,20,1,2,Russians,1
1,20,1,2,Italians,2
1,20,1,3,Germans,0
1,20,1,3,Chinese,2
1,20,1,3,Russians,1
1,20,1,3,Italians,3
1,20,1,4,Germans,0
1,20,1,4,Chinese,2
1,20,1,4,Russians,1
1,20,1,4,Italians,2
1,20,2,0,Germans,1
1,20,2,0,Chinese,4
1,20,2,0,Russians,1
1,20,2,0,Italians,3
1,20,2,1,Germans,0
1,20,2,1,Chinese,2
1,20,2,1,Russians,2
1,20,2,1,Italians,3
1,20,2,2,Germans,0
1,20,2,2,Chinese,0
1,20,2,2,Russians,1
1,20,2,2,Italians,3
1,20,2,3,Germans,0
1,20,2,3,Chinese,3
1,20,2,3,Russians,1
1,20,2,3,Italians,3
1,20,2,4,Germans,0
1,20,2,4,Chinese,1
1,20,2,4,Russians,2
1,20,2,4,Italians,2
1,20,3,0,Germans,1
1,20,3,0,Chinese,4
1,20,3,0,Russians,1
1,20,3,0,Italians,3
1,20,3,1,Germans,0
1,20,3,1,Chinese,3
1,20,3,1,Russians,1
1,20,3,1,Italians,3
1,20,3,2,Germans,0
1,20,3,2,Chinese,2
1,20,3,2,Russians,1
1,20,3,2,Italians,2
1,20,3,3,Germans,0
1,20,3,3,Chinese,1
1,20,3,3,Russians,1
1,20,3,3,Italians,2
1,20,3,4,Germans,0
1,20,3,4,Chinese,2
1,20,3,4,Russians,1
1,20,3,4,Italians,2
1,20,4,0,Germans,1
1,20,4,0,Chinese,4
1,20,4,0,Russians,1
1,20,4,0,Italians,3
1,20,4,1,Germans,0
1,20,4,1,Chinese,2
1,20,4,1,Russians,1
1,20,4,1,Italians,3
1,20,4,2,Germans,0
1,20,4,2,Chinese,1
1,20,4,2,Russians,1
1,20,4,2,Italians,3
1,20,4,3,Germans,0
1,20,4,3,Chinese,2
1,20,4,3,Russians,1
1,20,4,3,Italians,2
1,20,4,4,Germans,0
1,20,4,4,Chinese,2
1,20,4,4,Russians,0
1,20,4,4,Italians,2
1,20,5,0,Germans,1
1,20,5,0,Chinese,4
1,20,5,0,Russians,1
1,20,5,0,Italians,3
1,20,5,1,Germans,0
1,20,5,1,Chinese,3
1,20,5,1,Russians,2
1,20,5,1,Italians,3
1,20,5,2,Germans,0
1,20,5,2,Chinese,2
1,20,5,2,Russians,1
1,20,5,2,Italians,2
1,20,5,3,Germans,0
1,20,5,3,Chinese,1
1,20,5,3,Russians,1
1,20,5,3,Italians,2
1,20,5,4,Germans,0
1,20,5,4,Chinese,2
1,20,5,4,Russians,1
1,20,5,4,Italians,3
1,1,1,0,Germans,1
1,1,1,0,Chinese,2
1,1,1,0,Russians,1
1,1,1,0,Italians,2
1,1,1,1,Germans,2
1,1,1,1,Chinese,3
1,1,1,1,Russians,2
1,1,1,1,Italians,3
1,1,1,2,Germans,2
1,1,1,2,Chinese,1
1,1,1,2,Russians,2
1,1,1,2,Italians,2
1,1,1,3,Germans,2
1,1,1,3,Chinese,1
1,1,1,3,Russians,3
1,1,1,3,Italians,2
1,1,1,4,Germans,1
1,1,1,4,Chinese,2
1,1,1,4,Russians,2
1,1,1,4,Italians,2
1,1,2,0,Germans,2
1,1,2,0,Chinese,2
1,1,2,0,Russians,1
1,1,2,0,Italians,2
1,1,2,1,Germans,2
1,1,2,1,Chinese,2
1,1,2,1,Russians,3
1,1,2,1,Italians,3
1,1,2,2,Germans,2
1,1,2,2,Chinese,1
1,1,2,2,Russians,2
1,1,2,2,Italians,3
1,1,2,3,Germans,1
1,1,2,3,Chinese,2
1,1,2,3,Russians,3
1,1,2,3,Italians,2
1,1,2,4,Germans,2
1,1,2,4,Chinese,2
1,1,2,4,Russians,0
1,1,2,4,Italians,2
1,1,3,0,Germans,2
1,1,3,0,Chinese,1
1,1,3,0,Russians,1
1,1,3,0,Italians,2
1,1,3,1,Germans,2
1,1,3,1,Chinese,1
1,1,3,1,Russians,3
1,1,3,1,Italians,3
1,1,3,2,Germans,1
1,1,3,2,Chinese,3
1,1,3,2,Russians,2
1,1,3,2,Italians,2
1,1,3,3,Germans,2
1,1,3,3,Chinese,2
1,1,3,3,Russians,2
1,1,3,3,Italians,2
1,1,3,4,Germans,1
1,1,3,4,Chinese,2
1,1,3,4,Russians,1
1,1,3,4,Italians,2
1,1,4,0,Germans,1
1,1,4,0,Chinese,2
1,1,4,0,Russians,1
1,1,4,0,Italians,2
1,1,4,1,Germans,3
1,1,4,1,Chinese,2
1,1,4,1,Russians,3
1,1,4,1,Italians,2
1,1,4,2,Germans,3
1,1,4,2,Chinese,2
1,1,4,2,Russians,2
1,1,4,2,Italians,3
1,1,4,3,Germans,1
1,1,4,3,Chinese,3
1,1,4,3,Russians,2
1,1,4,3,Italians,2
1,1,4,4,Germans,1
1,1,4,4,Chinese,3
1,1,4,4,Russians,1
1,1,4,4,Italians,2
1,1,5,0,Germans,1
1,1,5,0,Chinese,2
1,1,5,0,Russians,1
1,1,5,0,Italians,2
1,1,5,1,Germans,2
1,1,5,1,Chinese,3
1,1,5,1,Russians,3
1,1,5,1,Italians,3
1,1,5,2,Germans,2
1,1,5,2,Chinese,1
1,1,5,2,Russians,2
1,1,5,2,Italians,2
1,1,5,3,Germans,2
1,1,5,3,Chinese,1
1,1,5,3,Russians,3
1,1,5,3,Italians,2
1,1,5,4,Germans,1
1,1,5,4,Chinese,2
1,1,5,4,Russians,1
1,1,5,4,Italians,2
1,1,6,0,Germans,1
1,1,6,0,Chinese,1
1,1,6,0,Russians,1
1,1,6,0,Italians,2
1,1,6,1,Germans,2
1,1,6,1,Chinese,2
1,1,6,1,Russians,3
1,1,6,1,Italians,2
1,1,6,2,Germans,3
1,1,6,2,Chinese,3
1,1,6,2,Russians,2
1,1,6,2,Italians,3
1,1,6,3,Germans,2
1,1,6,3,Chinese,1
1,1,6,3,Russians,2
1,1,6,3,Italians,2
1,1,6,4,Germans,2
1,1,6,4,Chinese,2
1,1,6,4,Russians,1
1,1,6,4,Italians,1
1,1,7,0,Germans,1
1,1,7,0,Chinese,2
1,1,7,0,Russians,1
1,1,7,0,Italians,2
1,1,7,1,Germans,2
1,1,7,1,Chinese,3
1,1,7,1,Russians,3
1,1,7,1,Italians,3
1,1,7,2,Germans,2
1,1,7,2,Chinese,2
1,1,7,2,Russians,2
1,1,7,2,Italians,2
1,1,7,3,Germans,2
1,1,7,3,Chinese,3
1,1,7,3,Russians,2
1,1,7,3,Italians,2
1,1,7,4,Germans,2
1,1,7,4,Chinese,1
1,1,7,4,Russians,3
1,1,7,4,Italians,2
1,1,8,0,Germans,1
1,1,8,0,Chinese,1
1,1,8,0,Russians,1
1,1,8,0,Italians,2
1,1,8,1,Germans,2
1,1,8,1,Chinese,2
1,1,8,1,Russians,3
1,1,8,1,Italians,3
1,1,8,2,Germans,2
1,1,8,2,Chinese,3
1,1,8,2,Russians,2
1,1,8,2,Italians,2
1,1,8,3,Germans,2
1,1,8,3,Chinese,3
1,1,8,3,Russians,1
1,1,8,3,Italians,2
1,1,8,4,Germans,2
1,1,8,4,Chinese,2
1,1,8,4,Russians,1
1,1,8,4,Italians,2
1,1,9,0,Germans,1
1,1,9,0,Chinese,2
1,1,9,0,Russians,1
1,1,9,0,Italians,2
1,1,9,1,Germans,2
1,1,9,1,Chinese,3
1,1,9,1,Russians,2
1,1,9,1,Italians,3
1,1,9,2,Germans,2
1,1,9,2,Chinese,2
1,1,9,2,Russians,2
1,1,9,2,Italians,2
1,1,9,3,Germans,3
1,1,9,3,Chinese,2
1,1,9,3,Russians,1
1,1,9,3,Italians,2
1,1,9,4,Germans,2
1,1,9,4,Chinese,2
1,1,9,4,Russians,3
1,1,9,4,Italians,1
1,1,10,0,Germans,1
1,1,10,0,Chinese,2
1,1,10,0,Russians,1
1,1,10,0,Italians,2
1,1,10,1,Germans,3
1,1,10,1,Chinese,3
1,1,10,1,Russians,3
1,1,10,1,Italians,3
1,1,10,2,Germans,2
1,1,10,2,Chinese,2
1,1,10,2,Russians,2
1,1,10,2,Italians,2
1,1,10,3,Germans,1
1,1,10,3,Chinese,2
1,1,10,3,Russians,2
1,1,10,3,Italians,2
1,1,10,4,Germans,1
1,1,10,4,Chinese,1
1,1,10,4,Russians,2
1,1,10,4,Italians,2
1,1,11,0,Germans,1
1,1,11,0,Chinese,1
1,1,11,0,Russians,1
1,1,11,0,Italians,2
1,1,11,1,Germans,2
1,1,11,1,Chinese,2
1,1,11,1,Russians,3
1,1,11,1,Italians,3
1,1,11,2,Germans,3
1,1,11,2,Chinese,3
1,1,11,2,Russians,2
1,1,11,2,Italians,2
1,1,11,3,Germans,2
1,1,11,3,Chinese,2
1,1,11,3,Russians,2
1,1,11,3,Italians,2
1,1,11,4,Germans,2
1,1,11,4,Chinese,3
1,1,11,4,Russians,0
1,1,11,4,Italians,2
1,1,12,0,Germans,1
1,1,12,0,Chinese,2
1,1,12,0,Russians,1
1,1,12,0,Italians,2
1,1,12,1,Germans,2
1,1,12,1,Chinese,2
1,1,12,1,Russians,3
1,1,12,1,Italians,3
1,1,12,2,Germans,1
1,1,12,2,Chinese,2
1,1,12,2,Russians,2
1,1,12,2,Italians,2
1,1,12,3,Germans,2
1,1,12,3,Chinese,2
1,1,12,3,Russians,2
1,1,12,3,Italians,1
1,1,12,4,Germans,2
1,1,12,4,Chinese,2
1,1,12,4,Russians,1
1,1,12,4,Italians,1
1,1,13,0,Germans,1
1,1,13,0,Chinese,1
1,1,13,0,Russians,1
1,1,13,0,Italians,2
1,1,13,1,Germans,3
1,1,13,1,Chinese,2
1,1,13,1,Russians,2
1,1,13,1,Italians,3
1,1,13,2,Germans,3
1,1,13,2,Chinese,2
1,1,13,2,Russians,2
1,1,13,2,Italians,2
1,1,13,3,Germans,1
1,1,13,3,Chinese,2
1,1,13,3,Russians,2
1,1,13,3,Italians,2
1,1,13,4,Germans,1
1,1,13,4,Chinese,2
1,1,13,4,Russians,3
1,1,13,4,Italians,2
1,1,14,0,Germans,1
1,1,14,0,Chinese,2
1,1,14,0,Russians,1
1,1,14,0,Italians,2
1,1,14,1,Germans,2
1,1,14,1,Chinese,2
1,1,14,1,Russians,3
1,1,14,1,Italians,2
1,1,14,2,Germans,3
1,1,14,2,Chinese,1
1,1,14,2,Russians,2
1,1,14,2,Italians,3
1,1,14,3,Germans,2
1,1,14,3,Chinese,1
1,1,14,3,Russians,2
1,1,14,3,Italians,1
1,1,14,4,Germans,1
1,1,14,4,Chinese,2
1,1,14,4,Russians,3
1,1,14,4,Italians,3
1,1,15,0,Germans,1
1,1,15,0,Chinese,2
1,1,15,0,Russians,1
1,1,15,0,Italians,2
1,1,15,1,Germans,2
1,1,15,1,Chinese,2
1,1,15,1,Russians,3
1,1,15,1,Italians,3
1,1,15,2,Germans,2
1,1,15,2,Chinese,2
1,1,15,2,Russians,2
1,1,15,2,Italians,2
1,1,15,3,Germans,2
1,1,15,3,Chinese,2
1,1,15,3,Russians,1
1,1,15,3,Italians,2
1,1,15,4,Germans,2
1,1,15,4,Chinese,2
1,1,15,4,Russians,2
1,1,15,4,Italians,3
1,1,16,0,Germans,1
1,1,16,0,Chinese,2
1,1,16,0,Russians,1
1,1,16,0,Italians,2
1,1,16,1,Germans,1
1,1,16,1,Chinese,3
1,1,16,1,Russians,3
1,1,16,1,Italians,3
1,1,16,2,Germans,1
1,1,16,2,Chinese,2
1,1,16,2,Russians,2
1,1,16,2,Italians,2
1,1,16,3,Germans,2
1,1,16,3,Chinese,2
1,1,16,3,Russians,2
1,1,16,3,Italians,2
1,1,16,4,Germans,1
1,1,16,4,Chinese,2
1,1,16,4,Russians,3
1,1,16,4,Italians,1
1,2,1,0,Germans,2
1,2,1,0,Chinese,2
1,2,1,0,Russians,3
1,2,1,0,Italians,3
1,2,1,1,Germans,2
1,2,1,1,Chinese,3
1,2,1,1,Russians,2
1,2,1,1,Italians,2
1,2,1,2,Germans,2
1,2,1,2,Chinese,2
1,2,1,2,Russians,3
1,2,1,2,Italians,2
1,2,1,3,Germans,2
1,2,1,3,Chinese,1
1,2,1,3,Russians,2
1,2,1,3,Italians,1
1,2,1,4,Germans,2
1,2,1,4,Chinese,2
1,2,1,4,Russians,2
1,2,1,4,Italians,2
1,2,2,0,Germans,2
1,2,2,0,Chinese,2
1,2,2,0,Russians,3
1,2,2,0,Italians,3
1,2,2,1,Germans,3
1,2,2,1,Chinese,3
1,2,2,1,Russians,2
1,2,2,1,Italians,2
1,2,2,2,Germans,3
1,2,2,2,Chinese,2
1,2,2,2,Russians,2
1,2,2,2,Italians,1
1,2,2,3,Germans,2
1,2,2,3,Chinese,2
1,2,2,3,Russians,1
1,2,2,3,Italians,2
1,2,2,4,Germans,2
1,2,2,4,Chinese,2
1,2,2,4,Russians,2
1,2,2,4,Italians,1
1,2,3,0,Germans,2
1,2,3,0,Chinese,2
1,2,3,0,Russians,3
1,2,3,0,Italians,3
1,2,3,1,Germans,3
1,2,3,1,Chinese,3
1,2,3,1,Russians,2
1,2,3,1,Italians,2
1,2,3,2,Germans,3
1,2,3,2,Chinese,2
1,2,3,2,Russians,2
1,2,3,2,Italians,1
1,2,3,3,Germans,1
1,2,3,3,Chinese,3
1,2,3,3,Russians,2
1,2,3,3,Italians,1
1,2,3,4,Germans,1
1,2,3,4,Chinese,2
1,2,3,4,Russians,1
1,2,3,4,Italians,1
1,2,4,0,Germans,1
1,2,4,0,Chinese,2
1,2,4,0,Russians,3
1,2,4,0,Italians,3
1,2,4,1,Germans,2
1,2,4,1,Chinese,3
1,2,4,1,Russians,2
1,2,4,1,Italians,2
1,2,4,2,Germans,2
1,2,4,2,Chinese,3
1,2,4,2,Russians,2
1,2,4,2,Italians,2
1,2,4,3,Germans,2
1,2,4,3,Chinese,2
1,2,4,3,Russians,2
1,2,4,3,Italians,2
1,2,4,4,Germans,3
1,2,4,4,Chinese,2
1,2,4,4,Russians,1
1,2,4,4,Italians,1
1,2,5,0,Germans,1
1,2,5,0,Chinese,2
1,2,5,0,Russians,3
1,2,5,0,Italians,3
1,2,5,1,Germans,3
1,2,5,1,Chinese,3
1,2,5,1,Russians,2
1,2,5,1,Italians,2
1,2,5,2,Germans,2
1,2,5,2,Chinese,2
1,2,5,2,Russians,2
1,2,5,2,Italians,2
1,2,5,3,Germans,3
1,2,5,3,Chinese,3
1,2,5,3,Russians,1
1,2,5,3,Italians,1
1,2,5,4,Germans,1
1,2,5,4,Chinese,3
1,2,5,4,Russians,1
1,2,5,4,Italians,2
1,2,6,0,Germans,1
1,2,6,0,Chinese,2
1,2,6,0,Russians,3
1,2,6,0,Italians,3
1,2,6,1,Germans,2
1,2,6,1,Chinese,3
1,2,6,1,Russians,2
1,2,6,1,Italians,2
1,2,6,2,Germans,3
1,2,6,2,Chinese,2
1,2,6,2,Russians,2
1,2,6,2,Italians,2
1,2,6,3,Germans,1
1,2,6,3,Chinese,2
1,2,6,3,Russians,1
1,2,6,3,Italians,1
1,2,6,4,Germans,2
1,2,6,4,Chinese,2
1,2,6,4,Russians,2
1,2,6,4,Italians,1
1,2,7,0,Germans,1
1,2,7,0,Chinese,2
1,2,7,0,Russians,3
1,2,7,0,Italians,3
1,2,7,1,Germans,3
1,2,7,1,Chinese,3
1,2,7,1,Russians,2
1,2,7,1,Italians,2
1,2,7,2,Germans,2
1,2,7,2,Chinese,2
1,2,7,2,Russians,1
1,2,7,2,Italians,2
1,2,7,3,Germans,2
1,2,7,3,Chinese,1
1,2,7,3,Russians,1
1,2,7,3,Italians,1
1,2,7,4,Germans,1
1,2,7,4,Chinese,3
1,2,7,4,Russians,1
1,2,7,4,Italians,1
1,2,8,0,Germans,1
1,2,8,0,Chinese,2
1,2,8,0,Russians,3
1,2,8,0,Italians,3
1,2,8,1,Germans,2
1,2,8,1,Chinese,3
1,2,8,1,Russians,2
1,2,8,1,Italians,2
1,2,8,2,Germans,3
1,2,8,2,Chinese,2
1,2,8,2,Russians,3
1,2,8,2,Italians,2
1,2,8,3,Germans,2
1,2,8,3,Chinese,2
1,2,8,3,Russians,2
1,2,8,3,Italians,1
1,2,8,4,Germans,2
1,2,8,4,Chinese,2
1,2,8,4,Russians,1
1,2,8,4,Italians,2
1,2,9,0,Germans,1
1,2,9,0,Chinese,2
1,2,9,0,Russians,3
1,2,9,0,Italians,3
1,2,9,1,Germans,3
1,2,9,1,Chinese,3
1,2,9,1,Russians,2
1,2,9,1,Italians,2
1,2,9,2,Germans,2
1,2,9,2,Chinese,2
1,2,9,2,Russians,2
1,2,9,2,Italians,2
1,2,9,3,Germans,3
1,2,9,3,Chinese,3
1,2,9,3,Russians,2
1,2,9,3,Italians,1
1,2,9,4,Germans,1
1,2,9,4,Chinese,1
1,2,9,4,Russians,1
1,2,9,4,Italians,1
1,2,10,0,Germans,1
1,2,10,0,Chinese,2
1,2,10,0,Russians,3
1,2,10,0,Italians,3
1,2,10,1,Germans,3
1,2,10,1,Chinese,3
1,2,10,1,Russians,2
1,2,10,1,Italians,2
1,2,10,2,Germans,3
1,2,10,2,Chinese,2
1,2,10,2,Russians,2
1,2,10,2,Italians,2
1,2,10,3,Germans,3
1,2,10,3,Chinese,3
1,2,10,3,Russians,2
1,2,10,3,Italians,1
1,2,10,4,Germans,2
1,2,10,4,Chinese,1
1,2,10,4,Russians,2
1,2,10,4,Italians,2
1,2,11,0,Germans,1
1,2,11,0,Chinese,2
1,2,11,0,Russians,3
1,2,11,0,Italians,3
1,2,11,1,Germans,3
1,2,11,1,Chinese,3
1,2,11,1,Russians,2
1,2,11,1,Italians,2
1,2,11,2,Germans,2
1,2,11,2,Chinese,3
1,2,11,2,Russians,2
1,2,11,2,Italians,2
1,2,11,3,Germans,2
1,2,11,3,Chinese,3
1,2,11,3,Russians,2
1,2,11,3,Italians,1
1,2,11,4,Germans,1
1,2,11,4,Chinese,2
1,2,11,4,Russians,2
1,2,11,4,Italians,1
1,3,1,0,Germans,2
1,3,1,0,Chinese,3
1,3,1,0,Russians,2
1,3,1,0,Italians,2
1,3,1,1,Germans,3
1,3,1,1,Chinese,3
1,3,1,1,Russians,2
1,3,1,1,Italians,2
1,3,1,2,Germans,3
1,3,1,2,Chinese,2
1,3,1,2,Russians,1
1,3,1,2,Italians,1
1,3,1,3,Germans,1
1,3,1,3,Chinese,3
1,3,1,3,Russians,2
1,3,1,3,Italians,2
1,3,1,4,Germans,1
1,3,1,4,Chinese,2
1,3,1,4,Russians,2
1,3,1,4,Italians,1
1,3,2,0,Germans,2
1,3,2,0,Chinese,3
1,3,2,0,Russians,2
1,3,2,0,Italians,3
1,3,2,1,Germans,3
1,3,2,1,Chinese,2
1,3,2,1,Russians,2
1,3,2,1,Italians,2
1,3,2,2,Germans,3
1,3,2,2,Chinese,3
1,3,2,2,Russians,1
1,3,2,2,Italians,1
1,3,2,3,Germans,1
1,3,2,3,Chinese,2
1,3,2,3,Russians,1
1,3,2,3,Italians,1
1,3,2,4,Germans,2
1,3,2,4,Chinese,2
1,3,2,4,Russians,1
1,3,2,4,Italians,2
1,3,3,0,Germans,1
1,3,3,0,Chinese,3
1,3,3,0,Russians,2
1,3,3,0,Italians,2
1,3,3,1,Germans,2
1,3,3,1,Chinese,3
1,3,3,1,Russians,2
1,3,3,1,Italians,2
1,3,3,2,Germans,2
1,3,3,2,Chinese,2
1,3,3,2,Russians,2
1,3,3,2,Italians,1
1,3,3,3,Germans,3
1,3,3,3,Chinese,2
1,3,3,3,Russians,3
1,3,3,3,Italians,1
1,3,3,4,Germans,2
1,3,3,4,Chinese,2
1,3,3,4,Russians,2
1,3,3,4,Italians,2
1,3,4,0,Germans,1
1,3,4,0,Chinese,3
1,3,4,0,Russians,2
1,3,4,0,Italians,2
1,3,4,1,Germans,2
1,3,4,1,Chinese,3
1,3,4,1,Russians,2
1,3,4,1,Italians,2
1,3,4,2,Germans,2
1,3,4,2,Chinese,2
1,3,4,2,Russians,1
1,3,4,2,Italians,2
1,3,4,3,Germans,3
1,3,4,3,Chinese,3
1,3,4,3,Russians,0
1,3,4,3,Italians,1
1,3,4,4,Germans,1
1,3,4,4,Chinese,3
1,3,4,4,Russians,2
1,3,4,4,Italians,1
1,3,5,0,Germans,1
1,3,5,0,Chinese,3
1,3,5,0,Russians,2
1,3,5,0,Italians,2
1,3,5,1,Germans,3
1,3,5,1,Chinese,3
1,3,5,1,Russians,2
1,3,5,1,Italians,2
1,3,5,2,Germans,2
1,3,5,2,Chinese,2
1,3,5,2,Russians,1
1,3,5,2,Italians,1
1,3,5,3,Germans,2
1,3,5,3,Chinese,2
1,3,5,3,Russians,1
1,3,5,3,Italians,1
1,3,5,4,Germans,1
1,3,5,4,Chinese,2
1,3,5,4,Russians,1
1,3,5,4,Italians,2
1,3,6,0,Germans,1
1,3,6,0,Chinese,3
1,3,6,0,Russians,2
1,3,6,0,Italians,2
1,3,6,1,Germans,3
1,3,6,1,Chinese,3
1,3,6,1,Russians,2
1,3,6,1,Italians,2
1,3,6,2,Germans,2
1,3,6,2,Chinese,2
1,3,6,2,Russians,2
1,3,6,2,Italians,2
1,3,6,3,Germans,3
1,3,6,3,Chinese,2
1,3,6,3,Russians,2
1,3,6,3,Italians,1
1,3,6,4,Germans,1
1,3,6,4,Chinese,2
1,3,6,4,Russians,2
1,3,6,4,Italians,1
1,3,7,0,Germans,1
1,3,7,0,Chinese,3
1,3,7,0,Russians,2
1,3,7,0,Italians,2
1,3,7,1,Germans,3
1,3,7,1,Chinese,2
1,3,7,1,Russians,2
1,3,7,1,Italians,2
1,3,7,2,Germans,2
1,3,7,2,Chinese,3
1,3,7,2,Russians,1
1,3,7,2,Italians,2
1,3,7,3,Germans,2
1,3,7,3,Chinese,2
1,3,7,3,Russians,1
1,3,7,3,Italians,1
1,3,7,4,Germans,1
1,3,7,4,Chinese,1
1,3,7,4,Russians,1
1,3,7,4,Italians,2
1,3,8,0,Germans,1
1,3,8,0,Chinese,3
1,3,8,0,Russians,2
1,3,8,0,Italians,2
1,3,8,1,Germans,2
1,3,8,1,Chinese,3
1,3,8,1,Russians,2
1,3,8,1,Italians,2
1,3,8,2,Germans,2
1,3,8,2,Chinese,2
1,3,8,2,Russians,1
1,3,8,2,Italians,1
1,3,8,3,Germans,2
1,3,8,3,Chinese,3
1,3,8,3,Russians,2
1,3,8,3,Italians,2
1,3,8,4,Germans,2
1,3,8,4,Chinese,3
1,3,8,4,Russians,1
1,3,8,4,Italians,2
1,3,9,0,Germans,1
1,3,9,0,Chinese,3
1,3,9,0,Russians,2
1,3,9,0,Italians,2
1,3,9,1,Germans,3
1,3,9,1,Chinese,2
1,3,9,1,Russians,2
1,3,9,1,Italians,2
1,3,9,2,Germans,3
1,3,9,2,Chinese,3
1,3,9,2,Russians,1
1,3,9,2,Italians,1
1,3,9,3,Germans,1
1,3,9,3,Chinese,2
1,3,9,3,Russians,1
1,3,9,3,Italians,1
1,3,9,4,Germans,1
1,3,9,4,Chinese,2
1,3,9,4,Russians,1
1,3,9,4,Italians,2
1,3,10,0,Germans,1
1,3,10,0,Chinese,3
1,3,10,0,Russians,2
1,3,10,0,Italians,2
1,3,10,1,Germans,2
1,3,10,1,Chinese,3
1,3,10,1,Russians,2
1,3,10,1,Italians,2
1,3,10,2,Germans,2
1,3,10,2,Chinese,2
1,3,10,2,Russians,1
1,3,10,2,Italians,2
1,3,10,3,Germans,3
1,3,10,3,Chinese,2
1,3,10,3,Russians,1
1,3,10,3,Italians,1
1,3,10,4,Germans,1
1,3,10,4,Chinese,3
1,3,10,4,Russians,1
1,3,10,4,Italians,2
1,4,1,0,Germans,1
1,4,1,0,Chinese,2
1,4,1,0,Russians,3
1,4,1,0,Italians,2
1,4,1,1,Germans,2
1,4,1,1,Chinese,2
1,4,1,1,Russians,2
1,4,1,1,Italians,2
1,4,1,2,Germans,3
1,4,1,2,Chinese,3
1,4,1,2,Russians,1
1,4,1,2,Italians,1
1,4,1,3,Germans,2
1,4,1,3,Chinese,3
1,4,1,3,Russians,1
1,4,1,3,Italians,2
1,4,1,4,Germans,2
1,4,1,4,Chinese,1
1,4,1,4,Russians,2
1,4,1,4,Italians,2
1,4,2,0,Germans,1
1,4,2,0,Chinese,2
1,4,2,0,Russians,3
1,4,2,0,Italians,2
1,4,2,1,Germans,2
1,4,2,1,Chinese,2
1,4,2,1,Russians,2
1,4,2,1,Italians,2
1,4,2,2,Germans,3
1,4,2,2,Chinese,3
1,4,2,2,Russians,0
1,4,2,2,Italians,1
1,4,2,3,Germans,2
1,4,2,3,Chinese,3
1,4,2,3,Russians,2
1,4,2,3,Italians,2
1,4,2,4,Germans,2
1,4,2,4,Chinese,1
1,4,2,4,Russians,2
1,4,2,4,Italians,1
1,4,3,0,Germans,1
1,4,3,0,Chinese,2
1,4,3,0,Russians,3
1,4,3,0,Italians,2
1,4,3,1,Germans,3
1,4,3,1,Chinese,2
1,4,3,1,Russians,1
1,4,3,1,Italians,1
1,4,3,2,Germans,3
1,4,3,2,Chinese,3
1,4,3,2,Russians,0
1,4,3,2,Italians,1
1,4,3,3,Germans,2
1,4,3,3,Chinese,2
1,4,3,3,Russians,1
1,4,3,3,Italians,2
1,4,3,4,Germans,2
1,4,3,4,Chinese,1
1,4,3,4,Russians,1
1,4,3,4,Italians,2
1,4,4,0,Germans,1
1,4,4,0,Chinese,2
1,4,4,0,Russians,3
1,4,4,0,Italians,2
1,4,4,1,Germans,2
1,4,4,1,Chinese,2
1,4,4,1,Russians,2
1,4,4,1,Italians,2
1,4,4,2,Germans,3
1,4,4,2,Chinese,1
1,4,4,2,Russians,2
1,4,4,2,Italians,1
1,4,4,3,Germans,2
1,4,4,3,Chinese,1
1,4,4,3,Russians,2
1,4,4,3,Italians,1
1,4,4,4,Germans,2
1,4,4,4,Chinese,2
1,4,4,4,Russians,2
1,4,4,4,Italians,2
1,4,5,0,Germans,1
1,4,5,0,Chinese,2
1,4,5,0,Russians,3
1,4,5,0,Italians,2
1,4,5,1,Germans,2
1,4,5,1,Chinese,2
1,4,5,1,Russians,1
1,4,5,1,Italians,2
1,4,5,2,Germans,3
1,4,5,2,Chinese,1
1,4,5,2,Russians,1
1,4,5,2,Italians,1
1,4,5,3,Germans,3
1,4,5,3,Chinese,2
1,4,5,3,Russians,1
1,4,5,3,Italians,2
1,4,5,4,Germans,2
1,4,5,4,Chinese,0
1,4,5,4,Russians,2
1,4,5,4,Italians,2
1,4,6,0,Germans,1
1,4,6,0,Chinese,2
1,4,6,0,Russians,3
1,4,6,0,Italians,2
1,4,6,1,Germans,3
1,4,6,1,Chinese,2
1,4,6,1,Russians,2
1,4,6,1,Italians,1
1,4,6,2,Germans,2
1,4,6,2,Chinese,1
1,4,6,2,Russians,2
1,4,6,2,Italians,1
1,4,6,3,Germans,3
1,4,6,3,Chinese,2
1,4,6,3,Russians,1
1,4,6,3,Italians,1
1,4,6,4,Germans,2
1,4,6,4,Chinese,1
1,4,6,4,Russians,1
1,4,6,4,Italians,1
1,4,7,0,Germans,1
1,4,7,0,Chinese,2
1,4,7,0,Russians,3
1,4,7,0,Italians,2
1,4,7,1,Germans,3
1,4,7,1,Chinese,2
1,4,7,1,Russians,1
1,4,7,1,Italians,1
1,4,7,2,Germans,3
1,4,7,2,Chinese,3
1,4,7,2,Russians,1
1,4,7,2,Italians,1
1,4,7,3,Germans,1
1,4,7,3,Chinese,2
1,4,7,3,Russians,2
1,4,7,3,Italians,2
1,4,7,4,Germans,1
1,4,7,4,Chinese,1
1,4,7,4,Russians,2
1,4,7,4,Italians,2
1,4,8,0,Germans,1
1,4,8,0,Chinese,2
1,4,8,0,Russians,3
1,4,8,0,Italians,2
1,4,8,1,Germans,2
1,4,8,1,Chinese,2
1,4,8,1,Russians,1
1,4,8,1,Italians,2
1,4,8,2,Germans,3
1,4,8,2,Chinese,3
1,4,8,2,Russians,1
1,4,8,2,Italians,1
1,4,8,3,Germans,0
1,4,8,3,Chinese,2
1,4,8,3,Russians,2
1,4,8,3,Italians,2
1,4,8,4,Germans,2
1,4,8,4,Chinese,1
1,4,8,4,Russians,2
1,4,8,4,Italians,1
1,4,9,0,Germans,1
1,4,9,0,Chinese,2
1,4,9,0,Russians,3
1,4,9,0,Italians,2
1,4,9,1,Germans,2
1,4,9,1,Chinese,2
1,4,9,1,Russians,2
1,4,9,1,Italians,2
1,4,9,2,Germans,3
1,4,9,2,Chinese,2
1,4,9,2,Russians,1
1,4,9,2,Italians,1
1,4,9,3,Germans,2
1,4,9,3,Chinese,2
1,4,9,3,Russians,0
1,4,9,3,Italians,2
1,4,9,4,Germans,2
1,4,9,4,Chinese,2
1,4,9,4,Russians,2
1,4,9,4,Italians,1
1,4,10,0,Germans,1
1,4,10,0,Chinese,2
1,4,10,0,Russians,3
1,4,10,0,Italians,2
1,4,10,1,Germans,3
1,4,10,1,Chinese,2
1,4,10,1,Russians,1
1,4,10,1,Italians,1
1,4,10,2,Germans,3
1,4,10,2,Chinese,3
1,4,10,2,Russians,0
1,4,10,2,Italians,1
1,4,10,3,Germans,2
1,4,10,3,Chinese,2
1,4,10,3,Russians,1
1,4,10,3,Italians,1
1,4,10,4,Germans,2
1,4,10,4,Chinese,1
1,4,10,4,Russians,1
1,4,10,4,Italians,2
1,5,1,0,Germans,2
1,5,1,0,Chinese,2
1,5,1,0,Russians,1
1,5,1,0,Italians,1
1,5,1,1,Germans,3
1,5,1,1,Chinese,2
1,5,1,1,Russians,1
1,5,1,1,Italians,1
1,5,1,2,Germans,1
1,5,1,2,Chinese,2
1,5,1,2,Russians,1
1,5,1,2,Italians,1
1,5,1,3,Germans,1
1,5,1,3,Chinese,3
1,5,1,3,Russians,1
1,5,1,3,Italians,2
1,5,1,4,Germans,2
1,5,1,4,Chinese,1
1,5,1,4,Russians,2
1,5,1,4,Italians,1
1,5,2,0,Germans,2
1,5,2,0,Chinese,2
1,5,2,0,Russians,1
1,5,2,0,Italians,1
1,5,2,1,Germans,3
1,5,2,1,Chinese,2
1,5,2,1,Russians,1
1,5,2,1,Italians,1
1,5,2,2,Germans,1
1,5,2,2,Chinese,1
1,5,2,2,Russians,1
1,5,2,2,Italians,2
1,5,2,3,Germans,1
1,5,2,3,Chinese,1
1,5,2,3,Russians,1
1,5,2,3,Italians,2
1,5,2,4,Germans,2
1,5,2,4,Chinese,2
1,5,2,4,Russians,1
1,5,2,4,Italians,2
1,5,3,0,Germans,2
1,5,3,0,Chinese,2
1,5,3,0,Russians,1
1,5,3,0,Italians,1
1,5,3,1,Germans,3
1,5,3,1,Chinese,2
1,5,3,1,Russians,2
1,5,3,1,Italians,1
1,5,3,2,Germans,1
1,5,3,2,Chinese,1
1,5,3,2,Russians,1
1,5,3,2,Italians,1
1,5,3,3,Germans,1
1,5,3,3,Chinese,1
1,5,3,3,Russians,1
1,5,3,3,Italians,2
1,5,3,4,Germans,2
1,5,3,4,Chinese,2
1,5,3,4,Russians,1
1,5,3,4,Italians,1
1,5,4,0,Germans,2
1,5,4,0,Chinese,2
1,5,4,0,Russians,1
1,5,4,0,Italians,1
1,5,4,1,Germans,3
1,5,4,1,Chinese,2
1,5,4,1,Russians,2
1,5,4,1,Italians,1
1,5,4,2,Germans,1
1,5,4,2,Chinese,1
1,5,4,2,Russians,1
1,5,4,2,Italians,1
1,5,4,3,Germans,1
1,5,4,3,Chinese,1
1,5,4,3,Russians,1
1,5,4,3,Italians,2
1,5,4,4,Germans,2
1,5,4,4,Chinese,2
1,5,4,4,Russians,1
1,5,4,4,Italians,2
1,5,5,0,Germans,1
1,5,5,0,Chinese,2
1,5,5,0,Russians,1
1,5,5,0,Italians,1
1,5,5,1,Germans,2
1,5,5,1,Chinese,2
1,5,5,1,Russians,1
1,5,5,1,Italians,1
1,5,5,2,Germans,2
1,5,5,2,Chinese,2
1,5,5,2,Russians,2
1,5,5,2,Italians,2
1,5,5,3,Germans,1
1,5,5,3,Chinese,1
1,5,5,3,Russians,3
1,5,5,3,Italians,2
1,5,5,4,Germans,1
1,5,5,4,Chinese,1
1,5,5,4,Russians,2
1,5,5,4,Italians,2
1,5,6,0,Germans,1
1,5,6,0,Chinese,2
1,5,6,0,Russians,1
1,5,6,0,Italians,1
1,5,6,1,Germans,2
1,5,6,1,Chinese,2
1,5,6,1,Russians,1
1,5,6,1,Italians,1
1,5,6,2,Germans,2
1,5,6,2,Chinese,1
1,5,6,2,Russians,2
1,5,6,2,Italians,2
1,5,6,3,Germans,1
1,5,6,3,Chinese,2
1,5,6,3,Russians,2
1,5,6,3,Italians,1
1,5,6,4,Germans,1
1,5,6,4,Chinese,2
1,5,6,4,Russians,2
1,5,6,4,Italians,1
1,5,7,0,Germans,1
1,5,7,0,Chinese,2
1,5,7,0,Russians,1
1,5,7,0,Italians,1
1,5,7,1,Germans,2
1,5,7,1,Chinese,1
1,5,7,1,Russians,2
1,5,7,1,Italians,1
1,5,7,2,Germans,3
1,5,7,2,Chinese,1
1,5,7,2,Russians,1
1,5,7,2,Italians,1
1,5,7,3,Germans,2
1,5,7,3,Chinese,3
1,5,7,3,Russians,2
1,5,7,3,Italians,1
1,5,7,4,Germans,1
1,5,7,4,Chinese,4
1,5,7,4,Russians,1
1,5,7,4,Italians,2
1,5,8,0,Germans,1
1,5,8,0,Chinese,2
1,5,8,0,Russians,1
1,5,8,0,Italians,1
1,5,8,1,Germans,2
1,5,8,1,Chinese,2
1,5,8,1,Russians,2
1,5,8,1,Italians,1
1,5,8,2,Germans,2
1,5,8,2,Chinese,1
1,5,8,2,Russians,2
1,5,8,2,Italians,2
1,5,8,3,Germans,2
1,5,8,3,Chinese,1
1,5,8,3,Russians,2
1,5,8,3,Italians,1
1,5,8,4,Germans,2
1,5,8,4,Chinese,2
1,5,8,4,Russians,2
1,5,8,4,Italians,2
1,5,9,0,Germans,1
1,5,9,0,Chinese,2
1,5,9,0,Russians,1
1,5,9,0,Italians,1
1,5,9,1,Germans,2
1,5,9,1,Chinese,2
1,5,9,1,Russians,1
1,5,9,1,Italians,1
1,5,9,2,Germans,2
1,5,9,2,Chinese,3
1,5,9,2,Russians,1
1,5,9,2,Italians,1
1,5,9,3,Germans,2
1,5,9,3,Chinese,2
1,5,9,3,Russians,2
1,5,9,3,Italians,2
1,5,9,4,Germans,1
1,5,9,4,Chinese,2
1,5,9,4,Russians,2
1,5,9,4,Italians,3
1,1,1,0,Germans,1
1,1,1,0,Chinese,1
1,1,1,0,Russians,1
1,1,1,0,Italians,2
1,1,1,1,Germans,2
1,1,1,1,Chinese,2
1,1,1,1,Russians,3
1,1,1,1,Italians,2
1,1,1,2,Germans,2
1,1,1,2,Chinese,3
1,1,1,2,Russians,2
1,1,1,2,Italians,2
1,1,1,3,Germans,2
1,1,1,3,Chinese,3
1,1,1,3,Russians,2
1,1,1,3,Italians,1
1,1,1,4,Germans,3
1,1,1,4,Chinese,2
1,1,1,4,Russians,2
1,1,1,4,Italians,2
1,1,2,0,Germans,2
1,1,2,0,Chinese,2
1,1,2,0,Russians,1
1,1,2,0,Italians,2
1,1,2,1,Germans,2
1,1,2,1,Chinese,3
1,1,2,1,Russians,3
1,1,2,1,Italians,2
1,1,2,2,Germans,2
1,1,2,2,Chinese,2
1,1,2,2,Russians,2
1,1,2,2,Italians,2
1,1,2,3,Germans,1
1,1,2,3,Chinese,3
1,1,2,3,Russians,3
1,1,2,3,Italians,2
1,1,2,4,Germans,1
1,1,2,4,Chinese,2
1,1,2,4,Russians,2
1,1,2,4,Italians,3
1,1,3,0,Germans,2
1,1,3,0,Chinese,1
1,1,3,0,Russians,1
1,1,3,0,Italians,2
1,1,3,1,Germans,2
1,1,3,1,Chinese,2
1,1,3,1,Russians,3
1,1,3,1,Italians,2
1,1,3,2,Germans,2
1,1,3,2,Chinese,3
1,1,3,2,Russians,2
1,1,3,2,Italians,2
1,1,3,3,Germans,3
1,1,3,3,Chinese,2
1,1,3,3,Russians,1
1,1,3,3,Italians,3
1,1,3,4,Germans,2
1,1,3,4,Chinese,2
1,1,3,4,Russians,1
1,1,3,4,Italians,0
1,1,4,0,Germans,1
1,1,4,0,Chinese,2
1,1,4,0,Russians,1
1,1,4,0,Italians,2
1,1,4,1,Germans,2
1,1,4,1,Chinese,3
1,1,4,1,Russians,2
1,1,4,1,Italians,2
1,1,4,2,Germans,3
1,1,4,2,Chinese,1
1,1,4,2,Russians,2
1,1,4,2,Italians,2
1,1,4,3,Germans,1
1,1,4,3,Chinese,2
1,1,4,3,Russians,2
1,1,4,3,Italians,2
1,1,4,4,Germans,2
1,1,4,4,Chinese,1
1,1,4,4,Russians,2
1,1,4,4,Italians,3
1,1,5,0,Germans,1
1,1,5,0,Chinese,1
1,1,5,0,Russians,1
1,1,5,0,Italians,2
1,1,5,1,Germans,2
1,1,5,1,Chinese,2
1,1,5,1,Russians,3
1,1,5,1,Italians,2
1,1,5,2,Germans,2
1,1,5,2,Chinese,2
1,1,5,2,Russians,2
1,1,5,2,Italians,2
1,1,5,3,Germans,2
1,1,5,3,Chinese,3
1,1,5,3,Russians,1
1,1,5,3,Italians,2
1,1,5,4,Germans,2
1,1,5,4,Chinese,1
1,1,5,4,Russians,1
1,1,5,4,Italians,2
1,1,6,0,Germans,1
1,1,6,0,Chinese,2
1,1,6,0,Russians,1
1,1,6,0,Italians,2
1,1,6,1,Germans,3
1,1,6,1,Chinese,3
1,1,6,1,Russians,3
1,1,6,1,Italians,2
1,1,6,2,Germans,3
1,1,6,2,Chinese,2
1,1,6,2,Russians,2
1,1,6,2,Italians,2
1,1,6,3,Germans,1
1,1,6,3,Chinese,2
1,1,6,3,Russians,3
1,1,6,3,Italians,1
1,1,6,4,Germans,0
1,1,6,4,Chinese,2
1,1,6,4,Russians,2
1,1,6,4,Italians,2
1,1,7,0,Germans,1
1,1,7,0,Chinese,1
1,1,7,0,Russians,1
1,1,7,0,Italians,2
1,1,7,1,Germans,2
1,1,7,1,Chinese,2
1,1,7,1,Russians,3
1,1,7,1,Italians,1
1,1,7,2,Germans,3
1,1,7,2,Chinese,3
1,1,7,2,Russians,2
1,1,7,2,Italians,2
1,1,7,3,Germans,2
1,1,7,3,Chinese,2
1,1,7,3,Russians,2
1,1,7,3,Italians,2
1,1,7,4,Germans,3
1,1,7,4,Chinese,3
1,1,7,4,Russians,1
1,1,7,4,Italians,2
1,1,8,0,Germans,1
1,1,8,0,Chinese,2
1,1,8,0,Russians,1
1,1,8,0,Italians,2
1,1,8,1,Germans,2
1,1,8,1,Chinese,3
1,1,8,1,Russians,2
1,1,8,1,Italians,3
1,1,8,2,Germans,2
1,1,8,2,Chinese,1
1,1,8,2,Russians,2
1,1,8,2,Italians,2
1,1,8,3,Germans,2
1,1,8,3,Chinese,1
1,1,8,3,Russians,2
1,1,8,3,Italians,2
1,1,8,4,Germans,2
1,1,8,4,Chinese,1
1,1,8,4,Russians,2
1,1,8,4,Italians,1
1,1,9,0,Germans,1
1,1,9,0,Chinese,1
1,1,9,0,Russians,1
1,1,9,0,Italians,2
1,1,9,1,Germans,2
1,1,9,1,Chinese,2
1,1,9,1,Russians,2
1,1,9,1,Italians,3
1,1,9,2,Germans,3
1,1,9,2,Chinese,2
1,1,9,2,Russians,2
1,1,9,2,Italians,2
1,1,9,3,Germans,2
1,1,9,3,Chinese,2
1,1,9,3,Russians,3
1,1,9,3,Italians,2
1,1,9,4,Germans,2
1,1,9,4,Chinese,1
1,1,9,4,Russians,3
1,1,9,4,Italians,2
1,1,10,0,Germans,1
1,1,10,0,Chinese,2
1,1,10,0,Russians,1
1,1,10,0,Italians,2
1,1,10,1,Germans,2
1,1,10,1,Chinese,3
1,1,10,1,Russians,2
1,1,10,1,Italians,2
1,1,10,2,Germans,3
1,1,10,2,Chinese,1
1,1,10,2,Russians,2
1,1,10,2,Italians,2
1,1,10,3,Germans,3
1,1,10,3,Chinese,2
1,1,10,3,Russians,3
1,1,10,3,Italians,2
1,1,10,4,Germans,2
1,1,10,4,Chinese,1
1,1,10,4,Russians,2
1,1,10,4,Italians,3
1,1,11,0,Germans,1
1,1,11,0,Chinese,1
1,1,11,0,Russians,1
1,1,11,0,Italians,2
1,1,11,1,Germans,3
1,1,11,1,Chinese,2
1,1,11,1,Russians,3
1,1,11,1,Italians,3
1,1,11,2,Germans,2
1,1,11,2,Chinese,2
1,1,11,2,Russians,2
1,1,11,2,Italians,3
1,1,11,3,Germans,1
1,1,11,3,Chinese,1
1,1,11,3,Russians,3
1,1,11,3,Italians,2
1,1,11,4,Germans,1
1,1,11,4,Chinese,2
1,1,11,4,Russians,2
1,1,11,4,Italians,2
1,1,12,0,Germans,1
1,1,12,0,Chinese,2
1,1,12,0,Russians,1
1,1,12,0,Italians,2
1,1,12,1,Germans,2
1,1,12,1,Chinese,2
1,1,12,1,Russians,2
1,1,12,1,Italians,2
1,1,12,2,Germans,2
1,1,12,2,Chinese,2
1,1,12,2,Russians,2
1,1,12,2,Italians,2
1,1,12,3,Germans,2
1,1,12,3,Chinese,2
1,1,12,3,Russians,3
1,1,12,3,Italians,3
1,1,12,4,Germans,2
1,1,12,4,Chinese,2
1,1,12,4,Russians,2
1,1,12,4,Italians,3
1,1,13,0,Germans,1
1,1,13,0,Chinese,2
1,1,13,0,Russians,1
1,1,13,0,Italians,2
1,1,13,1,Germans,2
1,1,13,1,Chinese,3
1,1,13,1,Russians,3
1,1,13,1,Italians,1
1,1,13,2,Germans,1
1,1,13,2,Chinese,1
1,1,13,2,Russians,2
1,1,13,2,Italians,2
1,1,13,3,Germans,2
1,1,13,3,Chinese,1
1,1,13,3,Russians,3
1,1,13,3,Italians,2
1,1,13,4,Germans,1
1,1,13,4,Chinese,1
1,1,13,4,Russians,2
1,1,13,4,Italians,3
1,1,14,0,Germans,1
1,1,14,0,Chinese,2
1,1,14,0,Russians,1
1,1,14,0,Italians,2
1,1,14,1,Germans,3
1,1,14,1,Chinese,3
1,1,14,1,Russians,3
1,1,14,1,Italians,2
1,1,14,2,Germans,3
1,1,14,2,Chinese,2
1,1,14,2,Russians,2
1,1,14,2,Italians,3
1,1,14,3,Germans,1
1,1,14,3,Chinese,2
1,1,14,3,Russians,3
1,1,14,3,Italians,2
1,1,14,4,Germans,0
1,1,14,4,Chinese,1
1,1,14,4,Russians,2
1,1,14,4,Italians,1
1,2,1,0,Germans,2
1,2,1,0,Chinese,2
1,2,1,0,Russians,3
1,2,1,0,Italians,2
1,2,1,1,Germans,3
1,2,1,1,Chinese,3
1,2,1,1,Russians,2
1,2,1,1,Italians,2
1,2,1,2,Germans,2
1,2,1,2,Chinese,2
1,2,1,2,Russians,2
1,2,1,2,Italians,2
1,2,1,3,Germans,1
1,2,1,3,Chinese,1
1,2,1,3,Russians,2
1,2,1,3,Italians,2
1,2,1,4,Germans,2
1,2,1,4,Chinese,3
1,2,1,4,Russians,0
1,2,1,4,Italians,1
1,2,2,0,Germans,2
1,2,2,0,Chinese,2
1,2,2,0,Russians,3
1,2,2,0,Italians,2
1,2,2,1,Germans,2
1,2,2,1,Chinese,3
1,2,2,1,Russians,2
1,2,2,1,Italians,2
1,2,2,2,Germans,2
1,2,2,2,Chinese,2
1,2,2,2,Russians,2
1,2,2,2,Italians,2
1,2,2,3,Germans,1
1,2,2,3,Chinese,2
1,2,2,3,Russians,2
1,2,2,3,Italians,2
1,2,2,4,Germans,2
1,2,2,4,Chinese,1
1,2,2,4,Russians,1
1,2,2,4,Italians,2
1,2,3,0,Germans,1
1,2,3,0,Chinese,2
1,2,3,0,Russians,3
1,2,3,0,Italians,2
1,2,3,1,Germans,2
1,2,3,1,Chinese,2
1,2,3,1,Russians,2
1,2,3,1,Italians,2
1,2,3,2,Germans,2
1,2,3,2,Chinese,3
1,2,3,2,Russians,2
1,2,3,2,Italians,2
1,2,3,3,Germans,2
1,2,3,3,Chinese,2
1,2,3,3,Russians,1
1,2,3,3,Italians,1
1,2,3,4,Germans,3
1,2,3,4,Chinese,1
1,2,3,4,Russians,1
1,2,3,4,Italians,2
1,2,4,0,Germans,1
1,2,4,0,Chinese,2
1,2,4,0,Russians,3
1,2,4,0,Italians,2
1,2,4,1,Germans,3
1,2,4,1,Chinese,2
1,2,4,1,Russians,2
1,2,4,1,Italians,2
1,2,4,2,Germans,2
1,2,4,2,Chinese,1
1,2,4,2,Russians,2
1,2,4,2,Italians,1
1,2,4,3,Germans,3
1,2,4,3,Chinese,3
1,2,4,3,Russians,1
1,2,4,3,Italians,2
1,2,4,4,Germans,2
1,2,4,4,Chinese,3
1,2,4,4,Russians,1
1,2,4,4,Italians,2
1,2,5,0,Germans,1
1,2,5,0,Chinese,2
1,2,5,0,Russians,3
1,2,5,0,Italians,2
1,2,5,1,Germans,2
1,2,5,1,Chinese,3
1,2,5,1,Russians,2
1,2,5,1,Italians,2
1,2,5,2,Germans,2
1,2,5,2,Chinese,2
1,2,5,2,Russians,3
1,2,5,2,Italians,2
1,2,5,3,Germans,1
1,2,5,3,Chinese,2
1,2,5,3,Russians,1
1,2,5,3,Italians,2
1,2,5,4,Germans,2
1,2,5,4,Chinese,1
1,2,5,4,Russians,1
1,2,5,4,Italians,2
1,2,6,0,Germans,1
1,2,6,0,Chinese,2
1,2,6,0,Russians,3
1,2,6,0,Italians,3
1,2,6,1,Germans,2
1,2,6,1,Chinese,3
1,2,6,1,Russians,2
1,2,6,1,Italians,2
1,2,6,2,Germans,3
1,2,6,2,Chinese,2
1,2,6,2,Russians,2
1,2,6,2,Italians,3
1,2,6,3,Germans,2
1,2,6,3,Chinese,2
1,2,6,3,Russians,1
1,2,6,3,Italians,2
1,2,6,4,Germans,3
1,2,6,4,Chinese,2
1,2,6,4,Russians,1
1,2,6,4,Italians,1
1,2,7,0,Germans,1
1,2,7,0,Chinese,2
1,2,7,0,Russians,3
1,2,7,0,Italians,2
1,2,7,1,Germans,2
1,2,7,1,Chinese,2
1,2,7,1,Russians,2
1,2,7,1,Italians,2
1,2,7,2,Germans,1
1,2,7,2,Chinese,2
1,2,7,2,Russians,2
1,2,7,2,Italians,2
1,2,7,3,Germans,1
1,2,7,3,Chinese,2
1,2,7,3,Russians,1
1,2,7,3,Italians,2
1,2,7,4,Germans,3
1,2,7,4,Chinese,1
1,2,7,4,Russians,1
1,2,7,4,Italians,2
1,2,8,0,Germans,1
1,2,8,0,Chinese,2
1,2,8,0,Russians,3
1,2,8,0,Italians,2
1,2,8,1,Germans,2
1,2,8,1,Chinese,3
1,2,8,1,Russians,2
1,2,8,1,Italians,2
1,2,8,2,Germans,2
1,2,8,2,Chinese,2
1,2,8,2,Russians,2
1,2,8,2,Italians,2
1,2,8,3,Germans,1
1,2,8,3,Chinese,3
1,2,8,3,Russians,0
1,2,8,3,Italians,2
1,2,8,4,Germans,2
1,2,8,4,Chinese,1
1,2,8,4,Russians,1
1,2,8,4,Italians,2
1,2,9,0,Germans,1
1,2,9,0,Chinese,2
1,2,9,0,Russians,3
1,2,9,0,Italians,2
1,2,9,1,Germans,3
1,2,9,1,Chinese,3
1,2,9,1,Russians,2
1,2,9,1,Italians,2
1,2,9,2,Germans,2
1,2,9,2,Chinese,2
1,2,9,2,Russians,2
1,2,9,2,Italians,3
1,2,9,3,Germans,1
1,2,9,3,Chinese,1
1,2,9,3,Russians,2
1,2,9,3,Italians,2
1,2,9,4,Germans,2
1,2,9,4,Chinese,3
1,2,9,4,Russians,0
1,2,9,4,Italians,2
1,2,10,0,Germans,1
1,2,10,0,Chinese,2
1,2,10,0,Russians,3
1,2,10,0,Italians,2
1,2,10,1,Germans,2
1,2,10,1,Chinese,2
1,2,10,1,Russians,2
1,2,10,1,Italians,2
1,2,10,2,Germans,1
1,2,10,2,Chinese,2
1,2,10,2,Russians,2
1,2,10,2,Italians,2
1,2,10,3,Germans,1
1,2,10,3,Chinese,3
1,2,10,3,Russians,2
1,2,10,3,Italians,2
1,2,10,4,Germans,2
1,2,10,4,Chinese,0
1,2,10,4,Russians,1
1,2,10,4,Italians,2
1,2,11,0,Germans,1
1,2,11,0,Chinese,2
1,2,11,0,Russians,3
1,2,11,0,Italians,2
1,2,11,1,Germans,3
1,2,11,1,Chinese,2
1,2,11,1,Russians,2
1,2,11,1,Italians,2
1,2,11,2,Germans,2
1,2,11,2,Chinese,2
1,2,11,2,Russians,2
1,2,11,2,Italians,3
1,2,11,3,Germans,2
1,2,11,3,Chinese,2
1,2,11,3,Russians,1
1,2,11,3,Italians,2
1,2,11,4,Germans,2
1,2,11,4,Chinese,3
1,2,11,4,Russians,1
1,2,11,4,Italians,1
1,2,12,0,Germans,1
1,2,12,0,Chinese,2
1,2,12,0,Russians,3
1,2,12,0,Italians,2
1,2,12,1,Germans,2
1,2,12,1,Chinese,3
1,2,12,1,Russians,2
1,2,12,1,Italians,2
1,2,12,2,Germans,1
1,2,12,2,Chinese,2
1,2,12,2,Russians,3
1,2,12,2,Italians,1
1,2,12,3,Germans,1
1,2,12,3,Chinese,1
1,2,12,3,Russians,1
1,2,12,3,Italians,1
1,2,12,4,Germans,2
1,2,12,4,Chinese,1
1,2,12,4,Russians,2
1,2,12,4,Italians,3
1,2,13,0,Germans,1
1,2,13,0,Chinese,2
1,2,13,0,Russians,3
1,2,13,0,Italians,3
1,2,13,1,Germans,3
1,2,13,1,Chinese,3
1,2,13,1,Russians,2
1,2,13,1,Italians,2
1,2,13,2,Germans,3
1,2,13,2,Chinese,2
1,2,13,2,Russians,2
1,2,13,2,Italians,2
1,2,13,3,Germans,1
1,2,13,3,Chinese,3
1,2,13,3,Russians,1
1,2,13,3,Italians,2
1,2,13,4,Germans,1
1,2,13,4,Chinese,3
1,2,13,4,Russians,1
1,2,13,4,Italians,1
1,3,1,0,Germans,2
1,3,1,0,Chinese,3
1,3,1,0,Russians,2
1,3,1,0,Italians,2
1,3,1,1,Germans,2
1,3,1,1,Chinese,2
1,3,1,1,Russians,2
1,3,1,1,Italians,3
1,3,1,2,Germans,2
1,3,1,2,Chinese,2
1,3,1,2,Russians,1
1,3,1,2,Italians,1
1,3,1,3,Germans,1
1,3,1,3,Chinese,2
1,3,1,3,Russians,2
1,3,1,3,Italians,2
1,3,1,4,Germans,3
1,3,1,4,Chinese,2
1,3,1,4,Russians,1
1,3,1,4,Italians,2
1,3,2,0,Germans,2
1,3,2,0,Chinese,3
1,3,2,0,Russians,2
1,3,2,0,Italians,2
1,3,2,1,Germans,2
1,3,2,1,Chinese,2
1,3,2,1,Russians,2
1,3,2,1,Italians,3
1,3,2,2,Germans,2
1,3,2,2,Chinese,2
1,3,2,2,Russians,1
1,3,2,2,Italians,1
1,3,2,3,Germans,1
1,3,2,3,Chinese,2
1,3,2,3,Russians,2
1,3,2,3,Italians,2
1,3,2,4,Germans,1
1,3,2,4,Chinese,2
1,3,2,4,Russians,1
1,3,2,4,Italians,1
1,3,3,0,Germans,1
1,3,3,0,Chinese,3
1,3,3,0,Russians,2
1,3,3,0,Italians,2
1,3,3,1,Germans,1
1,3,3,1,Chinese,1
1,3,3,1,Russians,2
1,3,3,1,Italians,3
1,3,3,2,Germans,1
1,3,3,2,Chinese,2
1,3,3,2,Russians,0
1,3,3,2,Italians,1
1,3,3,3,Germans,2
1,3,3,3,Chinese,3
1,3,3,3,Russians,2
1,3,3,3,Italians,2
1,3,3,4,Germans,1
1,3,3,4,Chinese,1
1,3,3,4,Russians,2
1,3,3,4,Italians,3
1,3,4,0,Germans,1
1,3,4,0,Chinese,3
1,3,4,0,Russians,2
1,3,4,0,Italians,2
1,3,4,1,Germans,1
1,3,4,1,Chinese,2
1,3,4,1,Russians,2
1,3,4,1,Italians,2
1,3,4,2,Germans,2
1,3,4,2,Chinese,2
1,3,4,2,Russians,1
1,3,4,2,Italians,2
1,3,4,3,Germans,2
1,3,4,3,Chinese,2
1,3,4,3,Russians,2
1,3,4,3,Italians,2
1,3,4,4,Germans,1
1,3,4,4,Chinese,1
1,3,4,4,Russians,2
1,3,4,4,Italians,1
1,3,5,0,Germans,1
1,3,5,0,Chinese,3
1,3,5,0,Russians,2
1,3,5,0,Italians,2
1,3,5,1,Germans,2
1,3,5,1,Chinese,2
1,3,5,1,Russians,2
1,3,5,1,Italians,3
1,3,5,2,Germans,2
1,3,5,2,Chinese,2
1,3,5,2,Russians,1
1,3,5,2,Italians,1
1,3,5,3,Germans,1
1,3,5,3,Chinese,3
1,3,5,3,Russians,1
1,3,5,3,Italians,2
1,3,5,4,Germans,1
1,3,5,4,Chinese,1
1,3,5,4,Russians,2
1,3,5,4,Italians,2
1,3,6,0,Germans,1
1,3,6,0,Chinese,3
1,3,6,0,Russians,2
1,3,6,0,Italians,2
1,3,6,1,Germans,2
1,3,6,1,Chinese,1
1,3,6,1,Russians,2
1,3,6,1,Italians,3
1,3,6,2,Germans,2
1,3,6,2,Chinese,2
1,3,6,2,Russians,0
1,3,6,2,Italians,1
1,3,6,3,Germans,2
1,3,6,3,Chinese,3
1,3,6,3,Russians,2
1,3,6,3,Italians,1
1,3,6,4,Germans,1
1,3,6,4,Chinese,1
1,3,6,4,Russians,2
1,3,6,4,Italians,3
1,3,7,0,Germans,1
1,3,7,0,Chinese,3
1,3,7,0,Russians,2
1,3,7,0,Italians,2
1,3,7,1,Germans,2
1,3,7,1,Chinese,2
1,3,7,1,Russians,2
1,3,7,1,Italians,2
1,3,7,2,Germans,3
1,3,7,2,Chinese,2
1,3,7,2,Russians,0
1,3,7,2,Italians,2
1,3,7,3,Germans,1
1,3,7,3,Chinese,3
1,3,7,3,Russians,2
1,3,7,3,Italians,1
1,3,7,4,Germans,1
1,3,7,4,Chinese,2
1,3,7,4,Russians,3
1,3,7,4,Italians,1
1,3,8,0,Germans,1
1,3,8,0,Chinese,3
1,3,8,0,Russians,2
1,3,8,0,Italians,2
1,3,8,1,Germans,2
1,3,8,1,Chinese,2
1,3,8,1,Russians,2
1,3,8,1,Italians,2
1,3,8,2,Germans,3
1,3,8,2,Chinese,2
1,3,8,2,Russians,1
1,3,8,2,Italians,2
1,3,8,3,Germans,1
1,3,8,3,Chinese,2
1,3,8,3,Russians,2
1,3,8,3,Italians,2
1,3,8,4,Germans,1
1,3,8,4,Chinese,2
1,3,8,4,Russians,1
1,3,8,4,Italians,1
1,3,9,0,Germans,1
1,3,9,0,Chinese,3
1,3,9,0,Russians,2
1,3,9,0,Italians,2
1,3,9,1,Germans,2
1,3,9,1,Chinese,1
1,3,9,1,Russians,2
1,3,9,1,Italians,3
1,3,9,2,Germans,1
1,3,9,2,Chinese,2
1,3,9,2,Russians,1
1,3,9,2,Italians,1
1,3,9,3,Germans,2
1,3,9,3,Chinese,3
1,3,9,3,Russians,2
1,3,9,3,Italians,1
1,3,9,4,Germans,3
1,3,9,4,Chinese,2
1,3,9,4,Russians,2
1,3,9,4,Italians,1
1,3,10,0,Germans,1
1,3,10,0,Chinese,3
1,3,10,0,Russians,2
1,3,10,0,Italians,2
1,3,10,1,Germans,1
1,3,10,1,Chinese,2
1,3,10,1,Russians,2
1,3,10,1,Italians,3
1,3,10,2,Germans,1
1,3,10,2,Chinese,2
1,3,10,2,Russians,1
1,3,10,2,Italians,1
1,3,10,3,Germans,2
1,3,10,3,Chinese,3
1,3,10,3,Russians,1
1,3,10,3,Italians,2
1,3,10,4,Germans,1
1,3,10,4,Chinese,1
1,3,10,4,Russians,1
1,3,10,4,Italians,3
1,3,11,0,Germans,1
1,3,11,0,Chinese,3
1,3,11,0,Russians,2
1,3,11,0,Italians,2
1,3,11,1,Germans,1
1,3,11,1,Chinese,1
1,3,11,1,Russians,2
1,3,11,1,Italians,2
1,3,11,2,Germans,2
1,3,11,2,Chinese,2
1,3,11,2,Russians,0
1,3,11,2,Italians,2
1,3,11,3,Germans,2
1,3,11,3,Chinese,3
1,3,11,3,Russians,2
1,3,11,3,Italians,2
1,3,11,4,Germans,1
1,3,11,4,Chinese,2
1,3,11,4,Russians,2
1,3,11,4,Italians,1
1,3,12,0,Germans,1
1,3,12,0,Chinese,3
1,3,12,0,Russians,2
1,3,12,0,Italians,2
1,3,12,1,Germans,2
1,3,12,1,Chinese,2
1,3,12,1,Russians,2
1,3,12,1,Italians,3
1,3,12,2,Germans,1
1,3,12,2,Chinese,2
1,3,12,2,Russians,1
1,3,12,2,Italians,1
1,3,12,3,Germans,1
1,3,12,3,Chinese,3
1,3,12,3,Russians,1
1,3,12,3,Italians,0
1,3,12,4,Germans,2
1,3,12,4,Chinese,1
1,3,12,4,Russians,2
1,3,12,4,Italians,3
1,4,1,0,Germans,1
1,4,1,0,Chinese,2
1,4,1,0,Russians,3
1,4,1,0,Italians,1
1,4,1,1,Germans,2
1,4,1,1,Chinese,3
1,4,1,1,Russians,2
1,4,1,1,Italians,2
1,4,1,2,Germans,3
1,4,1,2,Chinese,1
1,4,1,2,Russians,2
1,4,1,2,Italians,1
1,4,1,3,Germans,2
1,4,1,3,Chinese,1
1,4,1,3,Russians,2
1,4,1,3,Italians,2
1,4,1,4,Germans,1
1,4,1,4,Chinese,1
1,4,1,4,Russians,1
1,4,1,4,Italians,1
1,4,2,0,Germans,1
1,4,2,0,Chinese,2
1,4,2,0,Russians,3
1,4,2,0,Italians,1
1,4,2,1,Germans,2
1,4,2,1,Chinese,2
1,4,2,1,Russians,2
1,4,2,1,Italians,3
1,4,2,2,Germans,2
1,4,2,2,Chinese,1
1,4,2,2,Russians,2
1,4,2,2,Italians,2
1,4,2,3,Germans,2
1,4,2,3,Chinese,2
1,4,2,3,Russians,2
1,4,2,3,Italians,2
1,4,2,4,Germans,2
1,4,2,4,Chinese,2
1,4,2,4,Russians,2
1,4,2,4,Italians,1
1,4,3,0,Germans,1
1,4,3,0,Chinese,2
1,4,3,0,Russians,3
1,4,3,0,Italians,1
1,4,3,1,Germans,1
1,4,3,1,Chinese,2
1,4,3,1,Russians,2
1,4,3,1,Italians,3
1,4,3,2,Germans,2
1,4,3,2,Chinese,1
1,4,3,2,Russians,2
1,4,3,2,Italians,2
1,4,3,3,Germans,2
1,4,3,3,Chinese,1
1,4,3,3,Russians,2
1,4,3,3,Italians,1
1,4,3,4,Germans,2
1,4,3,4,Chinese,2
1,4,3,4,Russians,3
1,4,3,4,Italians,2
1,4,4,0,Germans,1
1,4,4,0,Chinese,2
1,4,4,0,Russians,3
1,4,4,0,Italians,1
1,4,4,1,Germans,2
1,4,4,1,Chinese,3
1,4,4,1,Russians,2
1,4,4,1,Italians,2
1,4,4,2,Germans,3
1,4,4,2,Chinese,1
1,4,4,2,Russians,2
1,4,4,2,Italians,1
1,4,4,3,Germans,2
1,4,4,3,Chinese,2
1,4,4,3,Russians,1
1,4,4,3,Italians,0
1,4,4,4,Germans,3
1,4,4,4,Chinese,1
1,4,4,4,Russians,2
1,4,4,4,Italians,2
1,4,5,0,Germans,1
1,4,5,0,Chinese,2
1,4,5,0,Russians,3
1,4,5,0,Italians,1
1,4,5,1,Germans,2
1,4,5,1,Chinese,3
1,4,5,1,Russians,2
1,4,5,1,Italians,2
1,4,5,2,Germans,3
1,4,5,2,Chinese,1
1,4,5,2,Russians,2
1,4,5,2,Italians,1
1,4,5,3,Germans,1
1,4,5,3,Chinese,2
1,4,5,3,Russians,2
1,4,5,3,Italians,2
1,4,5,4,Germans,1
1,4,5,4,Chinese,1
1,4,5,4,Russians,2
1,4,5,4,Italians,2
1,4,6,0,Germans,1
1,4,6,0,Chinese,2
1,4,6,0,Russians,3
1,4,6,0,Italians,1
1,4,6,1,Germans,2
1,4,6,1,Chinese,2
1,4,6,1,Russians,2
1,4,6,1,Italians,3
1,4,6,2,Germans,2
1,4,6,2,Chinese,1
1,4,6,2,Russians,1
1,4,6,2,Italians,2
1,4,6,3,Germans,3
1,4,6,3,Chinese,2
1,4,6,3,Russians,2
1,4,6,3,Italians,1
1,4,6,4,Germans,2
1,4,6,4,Chinese,2
1,4,6,4,Russians,2
1,4,6,4,Italians,1
1,4,7,0,Germans,1
1,4,7,0,Chinese,2
1,4,7,0,Russians,3
1,4,7,0,Italians,1
1,4,7,1,Germans,1
1,4,7,1,Chinese,2
1,4,7,1,Russians,2
1,4,7,1,Italians,3
1,4,7,2,Germans,2
1,4,7,2,Chinese,1
1,4,7,2,Russians,2
1,4,7,2,Italians,2
1,4,7,3,Germans,2
1,4,7,3,Chinese,2
1,4,7,3,Russians,2
1,4,7,3,Italians,1
1,4,7,4,Germans,2
1,4,7,4,Chinese,1
1,4,7,4,Russians,2
1,4,7,4,Italians,2
1,4,8,0,Germans,1
1,4,8,0,Chinese,2
1,4,8,0,Russians,3
1,4,8,0,Italians,1
1,4,8,1,Germans,2
1,4,8,1,Chinese,2
1,4,8,1,Russians,2
1,4,8,1,Italians,3
1,4,8,2,Germans,2
1,4,8,2,Chinese,1
1,4,8,2,Russians,2
1,4,8,2,Italians,2
1,4,8,3,Germans,1
1,4,8,3,Chinese,2
1,4,8,3,Russians,1
1,4,8,3,Italians,1
1,4,8,4,Germans,3
1,4,8,4,Chinese,1
1,4,8,4,Russians,1
1,4,8,4,Italians,2
1,4,9,0,Germans,1
1,4,9,0,Chinese,2
1,4,9,0,Russians,3
1,4,9,0,Italians,1
1,4,9,1,Germans,2
1,4,9,1,Chinese,3
1,4,9,1,Russians,2
1,4,9,1,Italians,2
1,4,9,2,Germans,3
1,4,9,2,Chinese,1
1,4,9,2,Russians,2
1,4,9,2,Italians,1
1,4,9,3,Germans,2
1,4,9,3,Chinese,1
1,4,9,3,Russians,2
1,4,9,3,Italians,1
1,4,9,4,Germans,2
1,4,9,4,Chinese,2
1,4,9,4,Russians,2
1,4,9,4,Italians,2
1,4,10,0,Germans,1
1,4,10,0,Chinese,2
1,4,10,0,Russians,3
1,4,10,0,Italians,1
1,4,10,1,Germans,1
1,4,10,1,Chinese,2
1,4,10,1,Russians,2
1,4,10,1,Italians,3
1,4,10,2,Germans,2
1,4,10,2,Chinese,1
1,4,10,2,Russians,1
1,4,10,2,Italians,2
1,4,10,3,Germans,1
1,4,10,3,Chinese,1
1,4,10,3,Russians,1
1,4,10,3,Italians,1
1,4,10,4,Germans,1
1,4,10,4,Chinese,1
1,4,10,4,Russians,2
1,4,10,4,Italians,1
1,1,1,0,Germans,1
1,1,1,0,Chinese,2
1,1,1,0,Russians,2
1,1,1,0,Italians,2
1,1,1,1,Germans,2
1,1,1,1,Chinese,3
1,1,1,1,Russians,3
1,1,1,1,Italians,3
1,1,1,2,Germans,1
1,1,1,2,Chinese,2
1,1,1,2,Russians,2
1,1,1,2,Italians,2
1,1,1,3,Germans,2
1,1,1,3,Chinese,2
1,1,1,3,Russians,1
1,1,1,3,Italians,3
1,1,1,4,Germans,2
1,1,1,4,Chinese,3
1,1,1,4,Russians,1
1,1,1,4,Italians,1
1,1,2,0,Germans,2
1,1,2,0,Chinese,1
1,1,2,0,Russians,2
1,1,2,0,Italians,2
1,1,2,1,Germans,2
1,1,2,1,Chinese,2
1,1,2,1,Russians,3
1,1,2,1,Italians,3
1,1,2,2,Germans,2
1,1,2,2,Chinese,3
1,1,2,2,Russians,2
1,1,2,2,Italians,2
1,1,2,3,Germans,1
1,1,2,3,Chinese,2
1,1,2,3,Russians,1
1,1,2,3,Italians,3
1,1,2,4,Germans,2
1,1,2,4,Chinese,3
1,1,2,4,Russians,2
1,1,2,4,Italians,1
1,1,3,0,Germans,2
1,1,3,0,Chinese,1
1,1,3,0,Russians,2
1,1,3,0,Italians,2
1,1,3,1,Germans,3
1,1,3,1,Chinese,1
1,1,3,1,Russians,3
1,1,3,1,Italians,2
1,1,3,2,Germans,1
1,1,3,2,Chinese,3
1,1,3,2,Russians,2
1,1,3,2,Italians,2
1,1,3,3,Germans,1
1,1,3,3,Chinese,2
1,1,3,3,Russians,2
1,1,3,3,Italians,1
1,1,3,4,Germans,2
1,1,3,4,Chinese,2
1,1,3,4,Russians,2
1,1,3,4,Italians,2
1,1,4,0,Germans,1
1,1,4,0,Chinese,1
1,1,4,0,Russians,2
1,1,4,0,Italians,2
1,1,4,1,Germans,2
1,1,4,1,Chinese,2
1,1,4,1,Russians,3
1,1,4,1,Italians,2
1,1,4,2,Germans,3
1,1,4,2,Chinese,1
1,1,4,2,Russians,2
1,1,4,2,Italians,2
1,1,4,3,Germans,1
1,1,4,3,Chinese,2
1,1,4,3,Russians,1
1,1,4,3,Italians,3
1,1,4,4,Germans,0
1,1,4,4,Chinese,2
1,1,4,4,Russians,1
1,1,4,4,Italians,3
1,1,5,0,Germans,1
1,1,5,0,Chinese,1
1,1,5,0,Russians,2
1,1,5,0,Italians,1
1,1,5,1,Germans,3
1,1,5,1,Chinese,2
1,1,5,1,Russians,3
1,1,5,1,Italians,2
1,1,5,2,Germans,3
1,1,5,2,Chinese,3
1,1,5,2,Russians,1
1,1,5,2,Italians,2
1,1,5,3,Germans,2
1,1,5,3,Chinese,2
1,1,5,3,Russians,2
1,1,5,3,Italians,2
1,1,5,4,Germans,1
1,1,5,4,Chinese,2
1,1,5,4,Russians,1
1,1,5,4,Italians,2
1,1,6,0,Germans,1
1,1,6,0,Chinese,2
1,1,6,0,Russians,2
1,1,6,0,Italians,1
1,1,6,1,Germans,2
1,1,6,1,Chinese,3
1,1,6,1,Russians,3
1,1,6,1,Italians,2
1,1,6,2,Germans,3
1,1,6,2,Chinese,2
1,1,6,2,Russians,2
1,1,6,2,Italians,2
1,1,6,3,Germans,2
1,1,6,3,Chinese,2
1,1,6,3,Russians,2
1,1,6,3,Italians,2
1,1,6,4,Germans,1
1,1,6,4,Chinese,2
1,1,6,4,Russians,3
1,1,6,4,Italians,2
1,1,7,0,Germans,1
1,1,7,0,Chinese,1
1,1,7,0,Russians,2
1,1,7,0,Italians,2
1,1,7,1,Germans,3
1,1,7,1,Chinese,2
1,1,7,1,Russians,3
1,1,7,1,Italians,2
1,1,7,2,Germans,2
1,1,7,2,Chinese,3
1,1,7,2,Russians,1
1,1,7,2,Italians,2
1,1,7,3,Germans,2
1,1,7,3,Chinese,2
1,1,7,3,Russians,2
1,1,7,3,Italians,2
1,1,7,4,Germans,2
1,1,7,4,Chinese,2
1,1,7,4,Russians,1
1,1,7,4,Italians,2
1,1,8,0,Germans,1
1,1,8,0,Chinese,1
1,1,8,0,Russians,2
1,1,8,0,Italians,2
1,1,8,1,Germans,2
1,1,8,1,Chinese,2
1,1,8,1,Russians,3
1,1,8,1,Italians,3
1,1,8,2,Germans,2
1,1,8,2,Chinese,2
1,1,8,2,Russians,2
1,1,8,2,Italians,2
1,1,8,3,Germans,3
1,1,8,3,Chinese,3
1,1,8,3,Russians,1
1,1,8,3,Italians,2
1,1,8,4,Germans,2
1,1,8,4,Chinese,2
1,1,8,4,Russians,2
1,1,8,4,Italians,2
1,1,9,0,Germans,1
1,1,9,0,Chinese,2
1,1,9,0,Russians,2
1,1,9,0,Italians,1
1,1,9,1,Germans,2
1,1,9,1,Chinese,3
1,1,9,1,Russians,3
1,1,9,1,Italians,2
1,1,9,2,Germans,3
1,1,9,2,Chinese,1
1,1,9,2,Russians,2
1,1,9,2,Italians,2
1,1,9,3,Germans,2
1,1,9,3,Chinese,2
1,1,9,3,Russians,3
1,1,9,3,Italians,2
1,1,9,4,Germans,1
1,1,9,4,Chinese,1
1,1,9,4,Russians,1
1,1,9,4,Italians,2
1,1,10,0,Germans,1
1,1,10,0,Chinese,1
1,1,10,0,Russians,2
1,1,10,0,Italians,1
1,1,10,1,Germans,3
1,1,10,1,Chinese,2
1,1,10,1,Russians,3
1,1,10,1,Italians,3
1,1,10,2,Germans,1
1,1,10,2,Chinese,2
1,1,10,2,Russians,2
1,1,10,2,Italians,2
1,1,10,3,Germans,1
1,1,10,3,Chinese,3
1,1,10,3,Russians,1
1,1,10,3,Italians,2
1,1,10,4,Germans,2
1,1,10,4,Chinese,2
1,1,10,4,Russians,1
1,1,10,4,Italians,2
1,1,11,0,Germans,1
1,1,11,0,Chinese,1
1,1,11,0,Russians,2
1,1,11,0,Italians,2
1,1,11,1,Germans,2
1,1,11,1,Chinese,1
1,1,11,1,Russians,3
1,1,11,1,Italians,2
1,1,11,2,Germans,3
1,1,11,2,Chinese,3
1,1,11,2,Russians,1
1,1,11,2,Italians,2
1,1,11,3,Germans,2
1,1,11,3,Chinese,2
1,1,11,3,Russians,2
1,1,11,3,Italians,3
1,1,11,4,Germans,2
1,1,11,4,Chinese,2
1,1,11,4,Russians,1
1,1,11,4,Italians,3
1,1,12,0,Germans,1
1,1,12,0,Chinese,2
1,1,12,0,Russians,2
1,1,12,0,Italians,2
1,1,12,1,Germans,2
1,1,12,1,Chinese,3
1,1,12,1,Russians,3
1,1,12,1,Italians,1
1,1,12,2,Germans,3
1,1,12,2,Chinese,1
1,1,12,2,Russians,2
1,1,12,2,Italians,2
1,1,12,3,Germans,3
1,1,12,3,Chinese,2
1,1,12,3,Russians,2
1,1,12,3,Italians,2
1,1,12,4,Germans,2
1,1,12,4,Chinese,2
1,1,12,4,Russians,2
1,1,12,4,Italians,3
1,1,13,0,Germans,1
1,1,13,0,Chinese,1
1,1,13,0,Russians,2
1,1,13,0,Italians,2
1,1,13,1,Germans,3
1,1,13,1,Chinese,2
1,1,13,1,Russians,3
1,1,13,1,Italians,2
1,1,13,2,Germans,2
1,1,13,2,Chinese,2
1,1,13,2,Russians,1
1,1,13,2,Italians,2
1,1,13,3,Germans,1
1,1,13,3,Chinese,2
1,1,13,3,Russians,2
1,1,13,3,Italians,2
1,1,13,4,Germans,2
1,1,13,4,Chinese,2
1,1,13,4,Russians,2
1,1,13,4,Italians,2
1,1,14,0,Germans,1
1,1,14,0,Chinese,2
1,1,14,0,Russians,2
1,1,14,0,Italians,2
1,1,14,1,Germans,2
1,1,14,1,Chinese,3
1,1,14,1,Russians,3
1,1,14,1,Italians,3
1,1,14,2,Germans,2
1,1,14,2,Chinese,2
1,1,14,2,Russians,2
1,1,14,2,Italians,2
1,1,14,3,Germans,2
1,1,14,3,Chinese,2
1,1,14,3,Russians,2
1,1,14,3,Italians,2
1,1,14,4,Germans,2
1,1,14,4,Chinese,1
1,1,14,4,Russians,1
1,1,14,4,Italians,2
1,1,15,0,Germans,1
1,1,15,0,Chinese,1
1,1,15,0,Russians,2
1,1,15,0,Italians,1
1,1,15,1,Germans,2
1,1,15,1,Chinese,1
1,1,15,1,Russians,3
1,1,15,1,Italians,1
1,1,15,2,Germans,3
1,1,15,2,Chinese,2
1,1,15,2,Russians,2
1,1,15,2,Italians,2
1,1,15,3,Germans,1
1,1,15,3,Chinese,2
1,1,15,3,Russians,1
1,1,15,3,Italians,1
1,1,15,4,Germans,1
1,1,15,4,Chinese,2
1,1,15,4,Russians,2
1,1,15,4,Italians,2
1,2,1,0,Germans,2
1,2,1,0,Chinese,3
1,2,1,0,Russians,3
1,2,1,0,Italians,2
1,2,1,1,Germans,3
1,2,1,1,Chinese,1
1,2,1,1,Russians,2
1,2,1,1,Italians,2
1,2,1,2,Germans,2
1,2,1,2,Chinese,1
1,2,1,2,Russians,2
1,2,1,2,Italians,1
1,2,1,3,Germans,2
1,2,1,3,Chinese,2
1,2,1,3,Russians,2
1,2,1,3,Italians,3
1,2,1,4,Germans,1
1,2,1,4,Chinese,1
1,2,1,4,Russians,1
1,2,1,4,Italians,3
1,2,2,0,Germans,2
1,2,2,0,Chinese,3
1,2,2,0,Russians,3
1,2,2,0,Italians,2
1,2,2,1,Germans,2
1,2,2,1,Chinese,2
1,2,2,1,Russians,2
1,2,2,1,Italians,2
1,2,2,2,Germans,3
1,2,2,2,Chinese,2
1,2,2,2,Russians,1
1,2,2,2,Italians,2
1,2,2,3,Germans,1
1,2,2,3,Chinese,2
1,2,2,3,Russians,1
1,2,2,3,Italians,2
1,2,2,4,Germans,2
1,2,2,4,Chinese,3
1,2,2,4,Russians,1
1,2,2,4,Italians,1
1,2,3,0,Germans,2
1,2,3,0,Chinese,3
1,2,3,0,Russians,3
1,2,3,0,Italians,2
1,2,3,1,Germans,3
1,2,3,1,Chinese,2
1,2,3,1,Russians,2
1,2,3,1,Italians,3
1,2,3,2,Germans,2
1,2,3,2,Chinese,2
1,2,3,2,Russians,1
1,2,3,2,Italians,1
1,2,3,3,Germans,2
1,2,3,3,Chinese,3
1,2,3,3,Russians,1
1,2,3,3,Italians,2
1,2,3,4,Germans,0
1,2,3,4,Chinese,3
1,2,3,4,Russians,2
1,2,3,4,Italians,2
1,2,4,0,Germans,1
1,2,4,0,Chinese,3
1,2,4,0,Russians,3
1,2,4,0,Italians,2
1,2,4,1,Germans,3
1,2,4,1,Chinese,1
1,2,4,1,Russians,2
1,2,4,1,Italians,2
1,2,4,2,Germans,2
1,2,4,2,Chinese,1
1,2,4,2,Russians,2
1,2,4,2,Italians,1
1,2,4,3,Germans,1
1,2,4,3,Chinese,2
1,2,4,3,Russians,2
1,2,4,3,Italians,2
1,2,4,4,Germans,1
1,2,4,4,Chinese,1
1,2,4,4,Russians,2
1,2,4,4,Italians,3
1,2,5,0,Germans,1
1,2,5,0,Chinese,3
1,2,5,0,Russians,3
1,2,5,0,Italians,2
1,2,5,1,Germans,2
1,2,5,1,Chinese,1
1,2,5,1,Russians,2
1,2,5,1,Italians,3
1,2,5,2,Germans,3
1,2,5,2,Chinese,2
1,2,5,2,Russians,1
1,2,5,2,Italians,1
1,2,5,3,Germans,2
1,2,5,3,Chinese,3
1,2,5,3,Russians,2
1,2,5,3,Italians,2
1,2,5,4,Germans,2
1,2,5,4,Chinese,2
1,2,5,4,Russians,1
1,2,5,4,Italians,2
1,2,6,0,Germans,1
1,2,6,0,Chinese,3
1,2,6,0,Russians,3
1,2,6,0,Italians,2
1,2,6,1,Germans,3
1,2,6,1,Chinese,1
1,2,6,1,Russians,2
1,2,6,1,Italians,2
1,2,6,2,Germans,3
1,2,6,2,Chinese,2
1,2,6,2,Russians,1
1,2,6,2,Italians,2
1,2,6,3,Germans,1
1,2,6,3,Chinese,3
1,2,6,3,Russians,2
1,2,6,3,Italians,3
1,2,6,4,Germans,1
1,2,6,4,Chinese,2
1,2,6,4,Russians,1
1,2,6,4,Italians,2
1,2,7,0,Germans,1
1,2,7,0,Chinese,3
1,2,7,0,Russians,3
1,2,7,0,Italians,2
1,2,7,1,Germans,2
1,2,7,1,Chinese,3
1,2,7,1,Russians,2
1,2,7,1,Italians,3
1,2,7,2,Germans,3
1,2,7,2,Chinese,2
1,2,7,2,Russians,2
1,2,7,2,Italians,1
1,2,7,3,Germans,2
1,2,7,3,Chinese,2
1,2,7,3,Russians,2
1,2,7,3,Italians,2
1,2,7,4,Germans,2
1,2,7,4,Chinese,1
1,2,7,4,Russians,1
1,2,7,4,Italians,1
1,2,8,0,Germans,1
1,2,8,0,Chinese,3
1,2,8,0,Russians,3
1,2,8,0,Italians,2
1,2,8,1,Germans,3
1,2,8,1,Chinese,3
1,2,8,1,Russians,2
1,2,8,1,Italians,3
1,2,8,2,Germans,1
1,2,8,2,Chinese,2
1,2,8,2,Russians,3
1,2,8,2,Italians,1
1,2,8,3,Germans,2
1,2,8,3,Chinese,2
1,2,8,3,Russians,1
1,2,8,3,Italians,2
1,2,8,4,Germans,2
1,2,8,4,Chinese,1
1,2,8,4,Russians,1
1,2,8,4,Italians,3
1,2,9,0,Germans,1
1,2,9,0,Chinese,3
1,2,9,0,Russians,3
1,2,9,0,Italians,2
1,2,9,1,Germans,3
1,2,9,1,Chinese,2
1,2,9,1,Russians,2
1,2,9,1,Italians,3
1,2,9,2,Germans,3
1,2,9,2,Chinese,2
1,2,9,2,Russians,2
1,2,9,2,Italians,1
1,2,9,3,Germans,2
1,2,9,3,Chinese,2
1,2,9,3,Russians,2
1,2,9,3,Italians,2
1,2,9,4,Germans,1
1,2,9,4,Chinese,1
1,2,9,4,Russians,2
1,2,9,4,Italians,3
1,2,10,0,Germans,1
1,2,10,0,Chinese,3
1,2,10,0,Russians,3
1,2,10,0,Italians,2
1,2,10,1,Germans,2
1,2,10,1,Chinese,1
1,2,10,1,Russians,2
1,2,10,1,Italians,3
1,2,10,2,Germans,2
1,2,10,2,Chinese,2
1,2,10,2,Russians,1
1,2,10,2,Italians,1
1,2,10,3,Germans,2
1,2,10,3,Chinese,3
1,2,10,3,Russians,2
1,2,10,3,Italians,2
1,2,10,4,Germans,2
1,2,10,4,Chinese,2
1,2,10,4,Russians,2
1,2,10,4,Italians,2
1,3,1,0,Germans,1
1,3,1,0,Chinese,2
1,3,1,0,Russians,2
1,3,1,0,Italians,2
1,3,1,1,Germans,2
1,3,1,1,Chinese,2
1,3,1,1,Russians,1
1,3,1,1,Italians,1
1,3,1,2,Germans,2
1,3,1,2,Chinese,2
1,3,1,2,Russians,2
1,3,1,2,Italians,2
1,3,1,3,Germans,2
1,3,1,3,Chinese,2
1,3,1,3,Russians,1
1,3,1,3,Italians,1
1,3,1,4,Germans,2
1,3,1,4,Chinese,0
1,3,1,4,Russians,1
1,3,1,4,Italians,1
1,3,2,0,Germans,1
1,3,2,0,Chinese,1
1,3,2,0,Russians,2
1,3,2,0,Italians,3
1,3,2,1,Germans,2
1,3,2,1,Chinese,2
1,3,2,1,Russians,2
1,3,2,1,Italians,1
1,3,2,2,Germans,3
1,3,2,2,Chinese,2
1,3,2,2,Russians,1
1,3,2,2,Italians,2
1,3,2,3,Germans,0
1,3,2,3,Chinese,1
1,3,2,3,Russians,2
1,3,2,3,Italians,2
1,3,2,4,Germans,1
1,3,2,4,Chinese,1
1,3,2,4,Russians,1
1,3,2,4,Italians,1
1,3,3,0,Germans,1
1,3,3,0,Chinese,2
1,3,3,0,Russians,2
1,3,3,0,Italians,3
1,3,3,1,Germans,2
1,3,3,1,Chinese,2
1,3,3,1,Russians,1
1,3,3,1,Italians,1
1,3,3,2,Germans,2
1,3,3,2,Chinese,2
1,3,3,2,Russians,2
1,3,3,2,Italians,2
1,3,3,3,Germans,2
1,3,3,3,Chinese,2
1,3,3,3,Russians,2
1,3,3,3,Italians,1
1,3,3,4,Germans,1
1,3,3,4,Chinese,2
1,3,3,4,Russians,1
1,3,3,4,Italians,1
1,3,4,0,Germans,1
1,3,4,0,Chinese,2
1,3,4,0,Russians,2
1,3,4,0,Italians,2
1,3,4,1,Germans,3
1,3,4,1,Chinese,2
1,3,4,1,Russians,2
1,3,4,1,Italians,1
1,3,4,2,Germans,3
1,3,4,2,Chinese,1
1,3,4,2,Russians,1
1,3,4,2,Italians,2
1,3,4,3,Germans,1
1,3,4,3,Chinese,2
1,3,4,3,Russians,2
1,3,4,3,Italians,1
1,3,4,4,Germans,2
1,3,4,4,Chinese,2
1,3,4,4,Russians,1
1,3,4,4,Italians,2
1,3,5,0,Germans,1
1,3,5,0,Chinese,1
1,3,5,0,Russians,2
1,3,5,0,Italians,3
1,3,5,1,Germans,2
1,3,5,1,Chinese,2
1,3,5,1,Russians,1
1,3,5,1,Italians,1
1,3,5,2,Germans,2
1,3,5,2,Chinese,3
1,3,5,2,Russians,1
1,3,5,2,Italians,2
1,3,5,3,Germans,1
1,3,5,3,Chinese,3
1,3,5,3,Russians,2
1,3,5,3,Italians,2
1,3,5,4,Germans,1
1,3,5,4,Chinese,3
1,3,5,4,Russians,1
1,3,5,4,Italians,1
1,3,6,0,Germans,1
1,3,6,0,Chinese,2
1,3,6,0,Russians,2
1,3,6,0,Italians,3
1,3,6,1,Germans,2
1,3,6,1,Chinese,3
1,3,6,1,Russians,2
1,3,6,1,Italians,1
1,3,6,2,Germans,2
1,3,6,2,Chinese,2
1,3,6,2,Russians,1
1,3,6,2,Italians,1
1,3,6,3,Germans,2
1,3,6,3,Chinese,3
1,3,6,3,Russians,2
1,3,6,3,Italians,1
1,3,6,4,Germans,2
1,3,6,4,Chinese,2
1,3,6,4,Russians,0
1,3,6,4,Italians,1
1,3,7,0,Germans,1
1,3,7,0,Chinese,2
1,3,7,0,Russians,2
1,3,7,0,Italians,2
1,3,7,1,Germans,3
1,3,7,1,Chinese,2
1,3,7,1,Russians,1
1,3,7,1,Italians,1
1,3,7,2,Germans,3
1,3,7,2,Chinese,2
1,3,7,2,Russians,1
1,3,7,2,Italians,2
1,3,7,3,Germans,2
1,3,7,3,Chinese,3
1,3,7,3,Russians,2
1,3,7,3,Italians,1
1,3,7,4,Germans,1
1,3,7,4,Chinese,2
1,3,7,4,Russians,1
1,3,7,4,Italians,1
1,3,8,0,Germans,1
1,3,8,0,Chinese,2
1,3,8,0,Russians,2
1,3,8,0,Italians,3
1,3,8,1,Germans,2
1,3,8,1,Chinese,2
1,3,8,1,Russians,1
1,3,8,1,Italians,1
1,3,8,2,Germans,2
1,3,8,2,Chinese,2
1,3,8,2,Russians,2
1,3,8,2,Italians,2
1,3,8,3,Germans,1
1,3,8,3,Chinese,2
1,3,8,3,Russians,1
1,3,8,3,Italians,2
1,3,8,4,Germans,1
1,3,8,4,Chinese,2
1,3,8,4,Russians,1
1,3,8,4,Italians,0
1,3,9,0,Germans,1
1,3,9,0,Chinese,1
1,3,9,0,Russians,2
1,3,9,0,Italians,3
1,3,9,1,Germans,2
1,3,9,1,Chinese,2
1,3,9,1,Russians,1
1,3,9,1,Italians,1
1,3,9,2,Germans,3
1,3,9,2,Chinese,3
1,3,9,2,Russians,1
1,3,9,2,Italians,2
1,3,9,3,Germans,1
1,3,9,3,Chinese,3
1,3,9,3,Russians,2
1,3,9,3,Italians,2
1,3,9,4,Germans,1
1,3,9,4,Chinese,2
1,3,9,4,Russians,1
1,3,9,4,Italians,0
1,3,10,0,Germans,1
1,3,10,0,Chinese,2
1,3,10,0,Russians,2
1,3,10,0,Italians,2
1,3,10,1,Germans,3
1,3,10,1,Chinese,2
1,3,10,1,Russians,2
1,3,10,1,Italians,1
1,3,10,2,Germans,3
1,3,10,2,Chinese,1
1,3,10,2,Russians,1
1,3,10,2,Italians,2
1,3,10,3,Germans,1
1,3,10,3,Chinese,2
1,3,10,3,Russians,2
1,3,10,3,Italians,1
1,3,10,4,Germans,2
1,3,10,4,Chinese,2
1,3,10,4,Russians,1
1,3,10,4,Italians,1
1,3,11,0,Germans,1
1,3,11,0,Chinese,2
1,3,11,0,Russians,2
1,3,11,0,Italians,3
1,3,11,1,Germans,2
1,3,11,1,Chinese,3
1,3,11,1,Russians,2
1,3,11,1,Italians,1
1,3,11,2,Germans,2
1,3,11,2,Chinese,2
1,3,11,2,Russians,1
1,3,11,2,Italians,1
1,3,11,3,Germans,1
1,3,11,3,Chinese,3
1,3,11,3,Russians,1
1,3,11,3,Italians,1
1,3,11,4,Germans,1
1,3,11,4,Chinese,2
1,3,11,4,Russians,2
1,3,11,4,Italians,1
1,4,1,0,Germans,2
1,4,1,0,Chinese,2
1,4,1,0,Russians,1
1,4,1,0,Italians,2
1,4,1,1,Germans,2
1,4,1,1,Chinese,2
1,4,1,1,Russians,1
1,4,1,1,Italians,1
1,4,1,2,Germans,2
1,4,1,2,Chinese,3
1,4,1,2,Russians,1
1,4,1,2,Italians,2
1,4,1,3,Germans,2
1,4,1,3,Chinese,1
1,4,1,3,Russians,0
1,4,1,3,Italians,1
1,4,1,4,Germans,3
1,4,1,4,Chinese,2
1,4,1,4,Russians,1
1,4,1,4,Italians,2
1,4,2,0,Germans,2
1,4,2,0,Chinese,2
1,4,2,0,Russians,1
1,4,2,0,Italians,2
1,4,2,1,Germans,3
1,4,2,1,Chinese,1
1,4,2,1,Russians,1
1,4,2,1,Italians,2
1,4,2,2,Germans,2
1,4,2,2,Chinese,2
1,4,2,2,Russians,2
1,4,2,2,Italians,1
1,4,2,3,Germans,1
1,4,2,3,Chinese,2
1,4,2,3,Russians,1
1,4,2,3,Italians,1
1,4,2,4,Germans,2
1,4,2,4,Chinese,2
1,4,2,4,Russians,1
1,4,2,4,Italians,2
1,4,3,0,Germans,1
1,4,3,0,Chinese,2
1,4,3,0,Russians,1
1,4,3,0,Italians,2
1,4,3,1,Germans,2
1,4,3,1,Chinese,2
1,4,3,1,Russians,1
1,4,3,1,Italians,1
1,4,3,2,Germans,2
1,4,3,2,Chinese,3
1,4,3,2,Russians,2
1,4,3,2,Italians,1
1,4,3,3,Germans,1
1,4,3,3,Chinese,2
1,4,3,3,Russians,1
1,4,3,3,Italians,1
1,4,3,4,Germans,2
1,4,3,4,Chinese,2
1,4,3,4,Russians,3
1,4,3,4,Italians,1
1,4,4,0,Germans,1
1,4,4,0,Chinese,2
1,4,4,0,Russians,1
1,4,4,0,Italians,2
1,4,4,1,Germans,3
1,4,4,1,Chinese,1
1,4,4,1,Russians,1
1,4,4,1,Italians,2
1,4,4,2,Germans,2
1,4,4,2,Chinese,2
1,4,4,2,Russians,1
1,4,4,2,Italians,1
1,4,4,3,Germans,1
1,4,4,3,Chinese,0
1,4,4,3,Russians,1
1,4,4,3,Italians,2
1,4,4,4,Germans,2
1,4,4,4,Chinese,1
1,4,4,4,Russians,0
1,4,4,4,Italians,2
1,4,5,0,Germans,1
1,4,5,0,Chinese,2
1,4,5,0,Russians,1
1,4,5,0,Italians,2
1,4,5,1,Germans,3
1,4,5,1,Chinese,1
1,4,5,1,Russians,1
1,4,5,1,Italians,2
1,4,5,2,Germans,1
1,4,5,2,Chinese,2
1,4,5,2,Russians,1
1,4,5,2,Italians,2
1,4,5,3,Germans,1
1,4,5,3,Chinese,2
1,4,5,3,Russians,0
1,4,5,3,Italians,1
1,4,5,4,Germans,2
1,4,5,4,Chinese,1
1,4,5,4,Russians,0
1,4,5,4,Italians,2
1,4,6,0,Germans,1
1,4,6,0,Chinese,2
1,4,6,0,Russians,1
1,4,6,0,Italians,2
1,4,6,1,Germans,2
1,4,6,1,Chinese,2
1,4,6,1,Russians,1
1,4,6,1,Italians,1
1,4,6,2,Germans,2
1,4,6,2,Chinese,3
1,4,6,2,Russians,2
1,4,6,2,Italians,2
1,4,6,3,Germans,2
1,4,6,3,Chinese,1
1,4,6,3,Russians,0
1,4,6,3,Italians,2
1,4,6,4,Germans,2
1,4,6,4,Chinese,2
1,4,6,4,Russians,2
1,4,6,4,Italians,3
1,4,7,0,Germans,1
1,4,7,0,Chinese,2
1,4,7,0,Russians,1
1,4,7,0,Italians,2
1,4,7,1,Germans,3
1,4,7,1,Chinese,1
1,4,7,1,Russians,1
1,4,7,1,Italians,2
1,4,7,2,Germans,2
1,4,7,2,Chinese,1
1,4,7,2,Russians,2
1,4,7,2,Italians,1
1,4,7,3,Germans,1
1,4,7,3,Chinese,1
1,4,7,3,Russians,2
1,4,7,3,Italians,2
1,4,7,4,Germans,0
1,4,7,4,Chinese,2
1,4,7,4,Russians,2
1,4,7,4,Italians,2
1,4,8,0,Germans,1
1,4,8,0,Chinese,2
1,4,8,0,Russians,1
1,4,8,0,Italians,2
1,4,8,1,Germans,2
1,4,8,1,Chinese,2
1,4,8,1,Russians,1
1,4,8,1,Italians,1
1,4,8,2,Germans,1
1,4,8,2,Chinese,3
1,4,8,2,Russians,2
1,4,8,2,Italians,1
1,4,8,3,Germans,2
1,4,8,3,Chinese,2
1,4,8,3,Russians,1
1,4,8,3,Italians,2
1,4,8,4,Germans,1
1,4,8,4,Chinese,3
1,4,8,4,Russians,2
1,4,8,4,Italians,3
1,5,1,0,Germans,2
1,5,1,0,Chinese,2
1,5,1,0,Russians,1
1,5,1,0,Italians,1
1,5,1,1,Germans,2
1,5,1,1,Chinese,3
1,5,1,1,Russians,2
1,5,1,1,Italians,2
1,5,1,2,Germans,1
1,5,1,2,Chinese,3
1,5,1,2,Russians,2
1,5,1,2,Italians,1
1,5,1,3,Germans,2
1,5,1,3,Chinese,2
1,5,1,3,Russians,0
1,5,1,3,Italians,2
1,5,1,4,Germans,1
1,5,1,4,Chinese,3
1,5,1,4,Russians,1
1,5,1,4,Italians,3
1,5,2,0,Germans,2
1,5,2,0,Chinese,2
1,5,2,0,Russians,1
1,5,2,0,Italians,1
1,5,2,1,Germans,3
1,5,2,1,Chinese,3
1,5,2,1,Russians,2
1,5,2,1,Italians,2
1,5,2,2,Germans,1
1,5,2,2,Chinese,3
1,5,2,2,Russians,2
1,5,2,2,Italians,1
1,5,2,3,Germans,2
1,5,2,3,Chinese,3
1,5,2,3,Russians,1
1,5,2,3,Italians,2
1,5,2,4,Germans,0
1,5,2,4,Chinese,3
1,5,2,4,Russians,1
1,5,2,4,Italians,3
1,5,3,0,Germans,1
1,5,3,0,Chinese,2
1,5,3,0,Russians,1
1,5,3,0,Italians,1
1,5,3,1,Germans,1
1,5,3,1,Chinese,3
1,5,3,1,Russians,2
1,5,3,1,Italians,3
1,5,3,2,Germans,1
1,5,3,2,Chinese,3
1,5,3,2,Russians,1
1,5,3,2,Italians,1
1,5,3,3,Germans,2
1,5,3,3,Chinese,2
1,5,3,3,Russians,1
1,5,3,3,Italians,2
1,5,3,4,Germans,1
1,5,3,4,Chinese,2
1,5,3,4,Russians,1
1,5,3,4,Italians,1
1,5,4,0,Germans,1
1,5,4,0,Chinese,2
1,5,4,0,Russians,1
1,5,4,0,Italians,1
1,5,4,1,Germans,2
1,5,4,1,Chinese,3
1,5,4,1,Russians,2
1,5,4,1,Italians,3
1,5,4,2,Germans,1
1,5,4,2,Chinese,3
1,5,4,2,Russians,1
1,5,4,2,Italians,1
1,5,4,3,Germans,2
1,5,4,3,Chinese,2
1,5,4,3,Russians,2
1,5,4,3,Italians,2
1,5,4,4,Germans,0
1,5,4,4,Chinese,2
1,5,4,4,Russians,2
1,5,4,4,Italians,3
1,5,5,0,Germans,1
1,5,5,0,Chinese,2
1,5,5,0,Russians,1
1,5,5,0,Italians,1
1,5,5,1,Germans,1
1,5,5,1,Chinese,3
1,5,5,1,Russians,2
1,5,5,1,Italians,3
1,5,5,2,Germans,1
1,5,5,2,Chinese,3
1,5,5,2,Russians,2
1,5,5,2,Italians,1
1,5,5,3,Germans,2
1,5,5,3,Chinese,2
1,5,5,3,Russians,1
1,5,5,3,Italians,2
1,5,5,4,Germans,2
1,5,5,4,Chinese,4
1,5,5,4,Russians,1
1,5,5,4,Italians,3
1,5,6,0,Germans,1
1,5,6,0,Chinese,2
1,5,6,0,Russians,1
1,5,6,0,Italians,1
1,5,6,1,Germans,2
1,5,6,1,Chinese,3
1,5,6,1,Russians,2
1,5,6,1,Italians,3
1,5,6,2,Germans,1
1,5,6,2,Chinese,3
1,5,6,2,Russians,2
1,5,6,2,Italians,1
1,5,6,3,Germans,2
1,5,6,3,Chinese,2
1,5,6,3,Russians,1
1,5,6,3,Italians,1
1,5,6,4,Germans,1
1,5,6,4,Chinese,2
1,5,6,4,Russians,0
1,5,6,4,Italians,1
1,5,7,0,Germans,1
1,5,7,0,Chinese,2
1,5,7,0,Russians,1
1,5,7,0,Italians,1
1,5,7,1,Germans,2
1,5,7,1,Chinese,3
1,5,7,1,Russians,2
1,5,7,1,Italians,2
1,5,7,2,Germans,2
1,5,7,2,Chinese,2
1,5,7,2,Russians,2
1,5,7,2,Italians,1
1,5,7,3,Germans,2
1,5,7,3,Chinese,2
1,5,7,3,Russians,1
1,5,7,3,Italians,2
1,5,7,4,Germans,2
1,5,7,4,Chinese,0
1,5,7,4,Russians,1
1,5,7,4,Italians,2
1,5,8,0,Germans,1
1,5,8,0,Chinese,2
1,5,8,0,Russians,1
1,5,8,0,Italians,1
1,5,8,1,Germans,3
1,5,8,1,Chinese,3
1,5,8,1,Russians,2
1,5,8,1,Italians,2
1,5,8,2,Germans,2
1,5,8,2,Chinese,2
1,5,8,2,Russians,2
1,5,8,2,Italians,1
1,5,8,3,Germans,1
1,5,8,3,Chinese,2
1,5,8,3,Russians,1
1,5,8,3,Italians,2
1,5,8,4,Germans,1
1,5,8,4,Chinese,1
1,5,8,4,Russians,2
1,5,8,4,Italians,3
1,6,1,0,Germans,1
1,6,1,0,Chinese,3
1,6,1,0,Russians,2
1,6,1,0,Italians,3
1,6,1,1,Germans,1
1,6,1,1,Chinese,2
1,6,1,1,Russians,1
1,6,1,1,Italians,1
1,6,1,2,Germans,2
1,6,1,2,Chinese,2
1,6,1,2,Russians,1
1,6,1,2,Italians,2
1,6,1,3,Germans,0
1,6,1,3,Chinese,2
1,6,1,3,Russians,2
1,6,1,3,Italians,2
1,6,1,4,Germans,2
1,6,1,4,Chinese,1
1,6,1,4,Russians,1
1,6,1,4,Italians,2
1,6,2,0,Germans,1
1,6,2,0,Chinese,3
1,6,2,0,Russians,2
1,6,2,0,Italians,3
1,6,2,1,Germans,1
1,6,2,1,Chinese,2
1,6,2,1,Russians,2
1,6,2,1,Italians,1
1,6,2,2,Germans,2
1,6,2,2,Chinese,2
1,6,2,2,Russians,1
1,6,2,2,Italians,1
1,6,2,3,Germans,1
1,6,2,3,Chinese,2
1,6,2,3,Russians,2
1,6,2,3,Italians,1
1,6,2,4,Germans,1
1,6,2,4,Chinese,2
1,6,2,4,Russians,2
1,6,2,4,Italians,2
1,6,3,0,Germans,1
1,6,3,0,Chinese,3
1,6,3,0,Russians,2
1,6,3,0,Italians,3
1,6,3,1,Germans,1
1,6,3,1,Chinese,2
1,6,3,1,Russians,3
1,6,3,1,Italians,2
1,6,3,2,Germans,1
1,6,3,2,Chinese,2
1,6,3,2,Russians,1
1,6,3,2,Italians,2
1,6,3,3,Germans,1
1,6,3,3,Chinese,2
1,6,3,3,Russians,2
1,6,3,3,Italians,1
1,6,3,4,Germans,2
1,6,3,4,Chinese,1
1,6,3,4,Russians,2
1,6,3,4,Italians,2
1,6,4,0,Germans,1
1,6,4,0,Chinese,3
1,6,4,0,Russians,2
1,6,4,0,Italians,3
1,6,4,1,Germans,1
1,6,4,1,Chinese,2
1,6,4,1,Russians,2
1,6,4,1,Italians,2
1,6,4,2,Germans,2
1,6,4,2,Chinese,2
1,6,4,2,Russians,1
1,6,4,2,Italians,2
1,6,4,3,Germans,1
1,6,4,3,Chinese,2
1,6,4,3,Russians,2
1,6,4,3,Italians,2
1,6,4,4,Germans,1
1,6,4,4,Chinese,1
1,6,4,4,Russians,2
1,6,4,4,Italians,1
1,6,5,0,Germans,1
1,6,5,0,Chinese,3
1,6,5,0,Russians,2
1,6,5,0,Italians,3
1,6,5,1,Germans,1
1,6,5,1,Chinese,2
1,6,5,1,Russians,3
1,6,5,1,Italians,2
1,6,5,2,Germans,2
1,6,5,2,Chinese,2
1,6,5,2,Russians,1
1,6,5,2,Italians,2
1,6,5,3,Germans,1
1,6,5,3,Chinese,2
1,6,5,3,Russians,2
1,6,5,3,Italians,1
1,6,5,4,Germans,1
1,6,5,4,Chinese,2
1,6,5,4,Russians,2
1,6,5,4,Italians,2
1,6,6,0,Germans,1
1,6,6,0,Chinese,3
1,6,6,0,Russians,2
1,6,6,0,Italians,3
1,6,6,1,Germans,1
1,6,6,1,Chinese,2
1,6,6,1,Russians,1
1,6,6,1,Italians,1
1,6,6,2,Germans,2
1,6,6,2,Chinese,2
1,6,6,2,Russians,1
1,6,6,2,Italians,2
1,6,6,3,Germans,1
1,6,6,3,Chinese,2
1,6,6,3,Russians,1
1,6,6,3,Italians,2
1,6,6,4,Germans,2
1,6,6,4,Chinese,1
1,6,6,4,Russians,2
1,6,6,4,Italians,1
1,6,7,0,Germans,1
1,6,7,0,Chinese,3
1,6,7,0,Russians,2
1,6,7,0,Italians,3
1,6,7,1,Germans,1
1,6,7,1,Chinese,2
1,6,7,1,Russians,1
1,6,7,1,Italians,1
1,6,7,2,Germans,2
1,6,7,2,Chinese,2
1,6,7,2,Russians,1
1,6,7,2,Italians,2
1,6,7,3,Germans,1
1,6,7,3,Chinese,1
1,6,7,3,Russians,2
1,6,7,3,Italians,2
1,6,7,4,Germans,2
1,6,7,4,Chinese,2
1,6,7,4,Russians,2
1,6,7,4,Italians,0
1,6,8,0,Germans,1
1,6,8,0,Chinese,3
1,6,8,0,Russians,2
1,6,8,0,Italians,3
1,6,8,1,Germans,1
1,6,8,1,Chinese,2
1,6,8,1,Russians,1
1,6,8,1,Italians,1
1,6,8,2,Germans,2
1,6,8,2,Chinese,2
1,6,8,2,Russians,1
1,6,8,2,Italians,2
1,6,8,3,Germans,0
1,6,8,3,Chinese,2
1,6,8,3,Russians,2
1,6,8,3,Italians,2
1,6,8,4,Germans,2
1,6,8,4,Chinese,2
1,6,8,4,Russians,2
1,6,8,4,Italians,1
1,6,9,0,Germans,1
1,6,9,0,Chinese,3
1,6,9,0,Russians,2
1,6,9,0,Italians,3
1,6,9,1,Germans,1
1,6,9,1,Chinese,2
1,6,9,1,Russians,1
1,6,9,1,Italians,1
1,6,9,2,Germans,2
1,6,9,2,Chinese,2
1,6,9,2,Russians,1
1,6,9,2,Italians,2
1,6,9,3,Germans,1
1,6,9,3,Chinese,2
1,6,9,3,Russians,2
1,6,9,3,Italians,3
1,6,9,4,Germans,2
1,6,9,4,Chinese,2
1,6,9,4,Russians,2
1,6,9,4,Italians,1
1,7,1,0,Germans,1
1,7,1,0,Chinese,3
1,7,1,0,Russians,2
1,7,1,0,Italians,2
1,7,1,1,Germans,1
1,7,1,1,Chinese,2
1,7,1,1,Russians,1
1,7,1,1,Italians,1
1,7,1,2,Germans,2
1,7,1,2,Chinese,2
1,7,1,2,Russians,1
1,7,1,2,Italians,2
1,7,1,3,Germans,2
1,7,1,3,Chinese,2
1,7,1,3,Russians,1
1,7,1,3,Italians,3
1,7,1,4,Germans,1
1,7,1,4,Chinese,2
1,7,1,4,Russians,1
1,7,1,4,Italians,1
1,7,2,0,Germans,1
1,7,2,0,Chinese,3
1,7,2,0,Russians,2
1,7,2,0,Italians,2
1,7,2,1,Germans,1
1,7,2,1,Chinese,3
1,7,2,1,Russians,1
1,7,2,1,Italians,1
1,7,2,2,Germans,2
1,7,2,2,Chinese,3
1,7,2,2,Russians,0
1,7,2,2,Italians,2
1,7,2,3,Germans,1
1,7,2,3,Chinese,2
1,7,2,3,Russians,1
1,7,2,3,Italians,2
1,7,2,4,Germans,2
1,7,2,4,Chinese,2
1,7,2,4,Russians,1
1,7,2,4,Italians,2
1,7,3,0,Germans,1
1,7,3,0,Chinese,3
1,7,3,0,Russians,2
1,7,3,0,Italians,2
1,7,3,1,Germans,2
1,7,3,1,Chinese,2
1,7,3,1,Russians,1
1,7,3,1,Italians,2
1,7,3,2,Germans,1
1,7,3,2,Chinese,1
1,7,3,2,Russians,2
1,7,3,2,Italians,2
1,7,3,3,Germans,1
1,7,3,3,Chinese,1
1,7,3,3,Russians,3
1,7,3,3,Italians,1
1,7,3,4,Germans,2
1,7,3,4,Chinese,2
1,7,3,4,Russians,3
1,7,3,4,Italians,2
1,7,4,0,Germans,1
1,7,4,0,Chinese,3
1,7,4,0,Russians,2
1,7,4,0,Italians,2
1,7,4,1,Germans,2
1,7,4,1,Chinese,3
1,7,4,1,Russians,1
1,7,4,1,Italians,2
1,7,4,2,Germans,1
1,7,4,2,Chinese,2
1,7,4,2,Russians,1
1,7,4,2,Italians,2
1,7,4,3,Germans,2
1,7,4,3,Chinese,2
1,7,4,3,Russians,1
1,7,4,3,Italians,2
1,7,4,4,Germans,1
1,7,4,4,Chinese,2
1,7,4,4,Russians,1
1,7,4,4,Italians,2
1,7,5,0,Germans,1
1,7,5,0,Chinese,3
1,7,5,0,Russians,2
1,7,5,0,Italians,2
1,7,5,1,Germans,1
1,7,5,1,Chinese,2
1,7,5,1,Russians,2
1,7,5,1,Italians,1
1,7,5,2,Germans,2
1,7,5,2,Chinese,2
1,7,5,2,Russians,1
1,7,5,2,Italians,1
1,7,5,3,Germans,1
1,7,5,3,Chinese,3
1,7,5,3,Russians,1
1,7,5,3,Italians,1
1,7,5,4,Germans,1
1,7,5,4,Chinese,2
1,7,5,4,Russians,3
1,7,5,4,Italians,2
1,7,6,0,Germans,1
1,7,6,0,Chinese,3
1,7,6,0,Russians,2
1,7,6,0,Italians,2
1,7,6,1,Germans,1
1,7,6,1,Chinese,3
1,7,6,1,Russians,1
1,7,6,1,Italians,1
1,7,6,2,Germans,2
1,7,6,2,Chinese,3
1,7,6,2,Russians,1
1,7,6,2,Italians,2
1,7,6,3,Germans,1
1,7,6,3,Chinese,1
1,7,6,3,Russians,2
1,7,6,3,Italians,1
1,7,6,4,Germans,1
1,7,6,4,Chinese,1
1,7,6,4,Russians,2
1,7,6,4,Italians,1
1,7,7,0,Germans,1
1,7,7,0,Chinese,3
1,7,7,0,Russians,2
1,7,7,0,Italians,2
1,7,7,1,Germans,2
1,7,7,1,Chinese,2
1,7,7,1,Russians,1
1,7,7,1,Italians,2
1,7,7,2,Germans,1
1,7,7,2,Chinese,2
1,7,7,2,Russians,0
1,7,7,2,Italians,2
1,7,7,3,Germans,1
1,7,7,3,Chinese,3
1,7,7,3,Russians,1
1,7,7,3,Italians,1
1,7,7,4,Germans,1
1,7,7,4,Chinese,1
1,7,7,4,Russians,1
1,7,7,4,Italians,2
1,7,8,0,Germans,1
1,7,8,0,Chinese,3
1,7,8,0,Russians,2
1,7,8,0,Italians,2
1,7,8,1,Germans,2
1,7,8,1,Chinese,3
1,7,8,1,Russians,1
1,7,8,1,Italians,2
1,7,8,2,Germans,1
1,7,8,2,Chinese,2
1,7,8,2,Russians,1
1,7,8,2,Italians,2
1,7,8,3,Germans,2
1,7,8,3,Chinese,2
1,7,8,3,Russians,2
1,7,8,3,Italians,1
1,7,8,4,Germans,2
1,7,8,4,Chinese,1
1,7,8,4,Russians,2
1,7,8,4,Italians,2
1,8,1,0,Germans,1
1,8,1,0,Chinese,2
1,8,1,0,Russians,1
1,8,1,0,Italians,2
1,8,1,1,Germans,2
1,8,1,1,Chinese,2
1,8,1,1,Russians,1
1,8,1,1,Italians,1
1,8,1,2,Germans,2
1,8,1,2,Chinese,3
1,8,1,2,Russians,2
1,8,1,2,Italians,1
1,8,1,3,Germans,1
1,8,1,3,Chinese,2
1,8,1,3,Russians,2
1,8,1,3,Italians,2
1,8,1,4,Germans,1
1,8,1,4,Chinese,2
1,8,1,4,Russians,1
1,8,1,4,Italians,1
1,8,2,0,Germans,1
1,8,2,0,Chinese,2
1,8,2,0,Russians,1
1,8,2,0,Italians,2
1,8,2,1,Germans,1
1,8,2,1,Chinese,3
1,8,2,1,Russians,1
1,8,2,1,Italians,2
1,8,2,2,Germans,1
1,8,2,2,Chinese,3
1,8,2,2,Russians,2
1,8,2,2,Italians,1
1,8,2,3,Germans,0
1,8,2,3,Chinese,2
1,8,2,3,Russians,3
1,8,2,3,Italians,2
1,8,2,4,Germans,0
1,8,2,4,Chinese,6
1,8,2,4,Russians,1
1,8,2,4,Italians,1
1,8,3,0,Germans,1
1,8,3,0,Chinese,2
1,8,3,0,Russians,1
1,8,3,0,Italians,3
1,8,3,1,Germans,1
1,8,3,1,Chinese,2
1,8,3,1,Russians,1
1,8,3,1,Italians,2
1,8,3,2,Germans,2
1,8,3,2,Chinese,3
1,8,3,2,Russians,2
1,8,3,2,Italians,2
1,8,3,3,Germans,1
1,8,3,3,Chinese,1
1,8,3,3,Russians,2
1,8,3,3,Italians,1
1,8,3,4,Germans,1
1,8,3,4,Chinese,2
1,8,3,4,Russians,2
1,8,3,4,Italians,1
1,8,4,0,Germans,1
1,8,4,0,Chinese,2
1,8,4,0,Russians,1
1,8,4,0,Italians,3
1,8,4,1,Germans,0
1,8,4,1,Chinese,3
1,8,4,1,Russians,1
1,8,4,1,Italians,1
1,8,4,2,Germans,1
1,8,4,2,Chinese,3
1,8,4,2,Russians,2
1,8,4,2,Italians,2
1,8,4,3,Germans,1
1,8,4,3,Chinese,2
1,8,4,3,Russians,2
1,8,4,3,Italians,2
1,8,4,4,Germans,1
1,8,4,4,Chinese,3
1,8,4,4,Russians,1
1,8,4,4,Italians,2
1,8,5,0,Germans,1
1,8,5,0,Chinese,2
1,8,5,0,Russians,1
1,8,5,0,Italians,2
1,8,5,1,Germans,2
1,8,5,1,Chinese,2
1,8,5,1,Russians,1
1,8,5,1,Italians,1
1,8,5,2,Germans,1
1,8,5,2,Chinese,3
1,8,5,2,Russians,2
1,8,5,2,Italians,1
1,8,5,3,Germans,0
1,8,5,3,Chinese,1
1,8,5,3,Russians,3
1,8,5,3,Italians,2
1,8,5,4,Germans,2
1,8,5,4,Chinese,2
1,8,5,4,Russians,0
1,8,5,4,Italians,2
1,8,6,0,Germans,1
1,8,6,0,Chinese,2
1,8,6,0,Russians,1
1,8,6,0,Italians,2
1,8,6,1,Germans,1
1,8,6,1,Chinese,3
1,8,6,1,Russians,1
1,8,6,1,Italians,2
1,8,6,2,Germans,1
1,8,6,2,Chinese,3
1,8,6,2,Russians,2
1,8,6,2,Italians,1
1,8,6,3,Germans,0
1,8,6,3,Chinese,1
1,8,6,3,Russians,3
1,8,6,3,Italians,2
1,8,6,4,Germans,1
1,8,6,4,Chinese,4
1,8,6,4,Russians,1
1,8,6,4,Italians,2
1,8,7,0,Germans,1
1,8,7,0,Chinese,2
1,8,7,0,Russians,1
1,8,7,0,Italians,3
1,8,7,1,Germans,1
1,8,7,1,Chinese,2
1,8,7,1,Russians,1
1,8,7,1,Italians,1
1,8,7,2,Germans,2
1,8,7,2,Chinese,3
1,8,7,2,Russians,2
1,8,7,2,Italians,2
1,8,7,3,Germans,1
1,8,7,3,Chinese,1
1,8,7,3,Russians,2
1,8,7,3,Italians,1
1,8,7,4,Germans,2
1,8,7,4,Chinese,1
1,8,7,4,Russians,1
1,8,7,4,Italians,2
1,9,1,0,Germans,1
1,9,1,0,Chinese,3
1,9,1,0,Russians,1
1,9,1,0,Italians,2
1,9,1,1,Germans,1
1,9,1,1,Chinese,3
1,9,1,1,Russians,2
1,9,1,1,Italians,1
1,9,1,2,Germans,1
1,9,1,2,Chinese,2
1,9,1,2,Russians,3
1,9,1,2,Italians,2
1,9,1,3,Germans,1
1,9,1,3,Chinese,2
1,9,1,3,Russians,1
1,9,1,3,Italians,2
1,9,1,4,Germans,2
1,9,1,4,Chinese,2
1,9,1,4,Russians,1
1,9,1,4,Italians,3
1,9,2,0,Germans,1
1,9,2,0,Chinese,3
1,9,2,0,Russians,1
1,9,2,0,Italians,2
1,9,2,1,Germans,1
1,9,2,1,Chinese,3
1,9,2,1,Russians,2
1,9,2,1,Italians,1
1,9,2,2,Germans,1
1,9,2,2,Chinese,2
1,9,2,2,Russians,2
1,9,2,2,Italians,2
1,9,2,3,Germans,1
1,9,2,3,Chinese,2
1,9,2,3,Russians,2
1,9,2,3,Italians,2
1,9,2,4,Germans,2
1,9,2,4,Chinese,1
1,9,2,4,Russians,2
1,9,2,4,Italians,1
1,9,3,0,Germans,1
1,9,3,0,Chinese,3
1,9,3,0,Russians,1
1,9,3,0,Italians,2
1,9,3,1,Germans,1
1,9,3,1,Chinese,3
1,9,3,1,Russians,2
1,9,3,1,Italians,1
1,9,3,2,Germans,1
1,9,3,2,Chinese,1
1,9,3,2,Russians,3
1,9,3,2,Italians,2
1,9,3,3,Germans,2
1,9,3,3,Chinese,2
1,9,3,3,Russians,1
1,9,3,3,Italians,1
1,9,3,4,Germans,2
1,9,3,4,Chinese,3
1,9,3,4,Russians,1
1,9,3,4,Italians,3
1,9,4,0,Germans,1
1,9,4,0,Chinese,3
1,9,4,0,Russians,1
1,9,4,0,Italians,2
1,9,4,1,Germans,1
1,9,4,1,Chinese,3
1,9,4,1,Russians,2
1,9,4,1,Italians,1
1,9,4,2,Germans,1
1,9,4,2,Chinese,1
1,9,4,2,Russians,3
1,9,4,2,Italians,2
1,9,4,3,Germans,2
1,9,4,3,Chinese,2
1,9,4,3,Russians,2
1,9,4,3,Italians,2
1,9,4,4,Germans,3
1,9,4,4,Chinese,2
1,9,4,4,Russians,3
1,9,4,4,Italians,1
1,9,5,0,Germans,1
1,9,5,0,Chinese,2
1,9,5,0,Russians,1
1,9,5,0,Italians,2
1,9,5,1,Germans,1
1,9,5,1,Chinese,3
1,9,5,1,Russians,2
1,9,5,1,Italians,2
1,9,5,2,Germans,1
1,9,5,2,Chinese,2
1,9,5,2,Russians,2
1,9,5,2,Italians,2
1,9,5,3,Germans,1
1,9,5,3,Chinese,2
1,9,5,3,Russians,2
1,9,5,3,Italians,2
1,9,5,4,Germans,1
1,9,5,4,Chinese,1
1,9,5,4,Russians,3
1,9,5,4,Italians,2
1,9,6,0,Germans,1
1,9,6,0,Chinese,2
1,9,6,0,Russians,1
1,9,6,0,Italians,2
1,9,6,1,Germans,1
1,9,6,1,Chinese,3
1,9,6,1,Russians,2
1,9,6,1,Italians,1
1,9,6,2,Germans,1
1,9,6,2,Chinese,2
1,9,6,2,Russians,2
1,9,6,2,Italians,2
1,9,6,3,Germans,1
1,9,6,3,Chinese,2
1,9,6,3,Russians,1
1,9,6,3,Italians,2
1,9,6,4,Germans,1
1,9,6,4,Chinese,1
1,9,6,4,Russians,3
1,9,6,4,Italians,1
1,9,7,0,Germans,1
1,9,7,0,Chinese,2
1,9,7,0,Russians,1
1,9,7,0,Italians,2
1,9,7,1,Germans,1
1,9,7,1,Chinese,3
1,9,7,1,Russians,2
1,9,7,1,Italians,1
1,9,7,2,Germans,1
1,9,7,2,Chinese,2
1,9,7,2,Russians,3
1,9,7,2,Italians,2
1,9,7,3,Germans,1
1,9,7,3,Chinese,2
1,9,7,3,Russians,2
1,9,7,3,Italians,2
1,9,7,4,Germans,1
1,9,7,4,Chinese,1
1,9,7,4,Russians,2
1,9,7,4,Italians,3
1,9,8,0,Germans,1
1,9,8,0,Chinese,2
1,9,8,0,Russians,1
1,9,8,0,Italians,2
1,9,8,1,Germans,1
1,9,8,1,Chinese,3
1,9,8,1,Russians,2
1,9,8,1,Italians,1
1,9,8,2,Germans,2
1,9,8,2,Chinese,2
1,9,8,2,Russians,2
1,9,8,2,Italians,1
1,9,8,3,Germans,2
1,9,8,3,Chinese,2
1,9,8,3,Russians,1
1,9,8,3,Italians,2
1,9,8,4,Germans,1
1,9,8,4,Chinese,2
1,9,8,4,Russians,1
1,9,8,4,Italians,2
1,10,1,0,Germans,1
1,10,1,0,Chinese,2
1,10,1,0,Russians,2
1,10,1,0,Italians,1
1,10,1,1,Germans,2
1,10,1,1,Chinese,2
1,10,1,1,Russians,3
1,10,1,1,Italians,0
1,10,1,2,Germans,0
1,10,1,2,Chinese,3
1,10,1,2,Russians,2
1,10,1,2,Italians,2
1,10,1,3,Germans,1
1,10,1,3,Chinese,2
1,10,1,3,Russians,2
1,10,1,3,Italians,3
1,10,1,4,Germans,2
1,10,1,4,Chinese,3
1,10,1,4,Russians,1
1,10,1,4,Italians,2
1,10,2,0,Germans,1
1,10,2,0,Chinese,2
1,10,2,0,Russians,2
1,10,2,0,Italians,1
1,10,2,1,Germans,2
1,10,2,1,Chinese,2
1,10,2,1,Russians,3
1,10,2,1,Italians,0
1,10,2,2,Germans,1
1,10,2,2,Chinese,2
1,10,2,2,Russians,2
1,10,2,2,Italians,1
1,10,2,3,Germans,2
1,10,2,3,Chinese,0
1,10,2,3,Russians,1
1,10,2,3,Italians,2
1,10,2,4,Germans,2
1,10,2,4,Chinese,2
1,10,2,4,Russians,1
1,10,2,4,Italians,1
1,10,3,0,Germans,1
1,10,3,0,Chinese,2
1,10,3,0,Russians,2
1,10,3,0,Italians,1
1,10,3,1,Germans,2
1,10,3,1,Chinese,2
1,10,3,1,Russians,3
1,10,3,1,Italians,0
1,10,3,2,Germans,2
1,10,3,2,Chinese,2
1,10,3,2,Russians,2
1,10,3,2,Italians,2
1,10,3,3,Germans,2
1,10,3,3,Chinese,3
1,10,3,3,Russians,2
1,10,3,3,Italians,3
1,10,3,4,Germans,1
1,10,3,4,Chinese,1
1,10,3,4,Russians,1
1,10,3,4,Italians,2
1,10,4,0,Germans,1
1,10,4,0,Chinese,2
1,10,4,0,Russians,2
1,10,4,0,Italians,1
1,10,4,1,Germans,2
1,10,4,1,Chinese,2
1,10,4,1,Russians,3
1,10,4,1,Italians,0
1,10,4,2,Germans,1
1,10,4,2,Chinese,3
1,10,4,2,Russians,2
1,10,4,2,Italians,1
1,10,4,3,Germans,2
1,10,4,3,Chinese,2
1,10,4,3,Russians,1
1,10,4,3,Italians,2
1,10,4,4,Germans,2
1,10,4,4,Chinese,2
1,10,4,4,Russians,1
1,10,4,4,Italians,2
1,10,5,0,Germans,1
1,10,5,0,Chinese,2
1,10,5,0,Russians,2
1,10,5,0,Italians,1
1,10,5,1,Germans,2
1,10,5,1,Chinese,2
1,10,5,1,Russians,3
1,10,5,1,Italians,0
1,10,5,2,Germans,1
1,10,5,2,Chinese,3
1,10,5,2,Russians,2
1,10,5,2,Italians,2
1,10,5,3,Germans,1
1,10,5,3,Chinese,1
1,10,5,3,Russians,1
1,10,5,3,Italians,1
1,10,5,4,Germans,2
1,10,5,4,Chinese,2
1,10,5,4,Russians,1
1,10,5,4,Italians,2
1,10,6,0,Germans,1
1,10,6,0,Chinese,2
1,10,6,0,Russians,2
1,10,6,0,Italians,1
1,10,6,1,Germans,2
1,10,6,1,Chinese,1
1,10,6,1,Russians,3
1,10,6,1,Italians,0
1,10,6,2,Germans,2
1,10,6,2,Chinese,1
1,10,6,2,Russians,2
1,10,6,2,Italians,2
1,10,6,3,Germans,1
1,10,6,3,Chinese,2
1,10,6,3,Russians,0
1,10,6,3,Italians,2
1,10,6,4,Germans,0
1,10,6,4,Chinese,1
1,10,6,4,Russians,1
1,10,6,4,Italians,2
1,10,7,0,Germans,1
1,10,7,0,Chinese,2
1,10,7,0,Russians,2
1,10,7,0,Italians,1
1,10,7,1,Germans,2
1,10,7,1,Chinese,2
1,10,7,1,Russians,3
1,10,7,1,Italians,0
1,10,7,2,Germans,1
1,10,7,2,Chinese,1
1,10,7,2,Russians,2
1,10,7,2,Italians,2
1,10,7,3,Germans,2
1,10,7,3,Chinese,1
1,10,7,3,Russians,1
1,10,7,3,Italians,3
1,10,7,4,Germans,1
1,10,7,4,Chinese,3
1,10,7,4,Russians,1
1,10,7,4,Italians,1
1,10,8,0,Germans,1
1,10,8,0,Chinese,2
1,10,8,0,Russians,2
1,10,8,0,Italians,1
1,10,8,1,Germans,2
1,10,8,1,Chinese,2
1,10,8,1,Russians,3
1,10,8,1,Italians,0
1,10,8,2,Germans,1
1,10,8,2,Chinese,3
1,10,8,2,Russians,2
1,10,8,2,Italians,2
1,10,8,3,Germans,1
1,10,8,3,Chinese,3
1,10,8,3,Russians,1
1,10,8,3,Italians,3
1,10,8,4,Germans,2
1,10,8,4,Chinese,2
1,10,8,4,Russians,1
1,10,8,4,Italians,2
1,10,9,0,Germans,1
1,10,9,0,Chinese,2
1,10,9,0,Russians,2
1,10,9,0,Italians,1
1,10,9,1,Germans,2
1,10,9,1,Chinese,2
1,10,9,1,Russians,3
1,10,9,1,Italians,0
1,10,9,2,Germans,2
1,10,9,2,Chinese,1
1,10,9,2,Russians,2
1,10,9,2,Italians,2
1,10,9,3,Germans,2
1,10,9,3,Chinese,2
1,10,9,3,Russians,1
1,10,9,3,Italians,3
1,10,9,4,Germans,2
1,10,9,4,Chinese,1
1,10,9,4,Russians,1
1,10,9,4,Italians,2
1,11,1,0,Germans,1
1,11,1,0,Chinese,1
1,11,1,0,Russians,3
1,11,1,0,Italians,2
1,11,1,1,Germans,2
1,11,1,1,Chinese,2
1,11,1,1,Russians,2
1,11,1,1,Italians,1
1,11,1,2,Germans,1
1,11,1,2,Chinese,2
1,11,1,2,Russians,2
1,11,1,2,Italians,2
1,11,1,3,Germans,2
1,11,1,3,Chinese,2
1,11,1,3,Russians,1
1,11,1,3,Italians,2
1,11,1,4,Germans,2
1,11,1,4,Chinese,3
1,11,1,4,Russians,1
1,11,1,4,Italians,1
1,11,2,0,Germans,1
1,11,2,0,Chinese,1
1,11,2,0,Russians,3
1,11,2,0,Italians,2
1,11,2,1,Germans,2
1,11,2,1,Chinese,2
1,11,2,1,Russians,2
1,11,2,1,Italians,2
1,11,2,2,Germans,2
1,11,2,2,Chinese,1
1,11,2,2,Russians,1
1,11,2,2,Italians,2
1,11,2,3,Germans,2
1,11,2,3,Chinese,2
1,11,2,3,Russians,2
1,11,2,3,Italians,1
1,11,2,4,Germans,1
1,11,2,4,Chinese,2
1,11,2,4,Russians,2
1,11,2,4,Italians,2
1,11,3,0,Germans,1
1,11,3,0,Chinese,1
1,11,3,0,Russians,3
1,11,3,0,Italians,2
1,11,3,1,Germans,2
1,11,3,1,Chinese,2
1,11,3,1,Russians,2
1,11,3,1,Italians,1
1,11,3,2,Germans,2
1,11,3,2,Chinese,2
1,11,3,2,Russians,2
1,11,3,2,Italians,2
1,11,3,3,Germans,2
1,11,3,3,Chinese,2
1,11,3,3,Russians,2
1,11,3,3,Italians,2
1,11,3,4,Germans,1
1,11,3,4,Chinese,2
1,11,3,4,Russians,1
1,11,3,4,Italians,2
1,11,4,0,Germans,1
1,11,4,0,Chinese,1
1,11,4,0,Russians,3
1,11,4,0,Italians,2
1,11,4,1,Germans,2
1,11,4,1,Chinese,2
1,11,4,1,Russians,2
1,11,4,1,Italians,1
1,11,4,2,Germans,2
1,11,4,2,Chinese,2
1,11,4,2,Russians,2
1,11,4,2,Italians,2
1,11,4,3,Germans,1
1,11,4,3,Chinese,1
1,11,4,3,Russians,2
1,11,4,3,Italians,2
1,11,4,4,Germans,0
1,11,4,4,Chinese,2
1,11,4,4,Russians,2
1,11,4,4,Italians,3
1,11,5,0,Germans,1
1,11,5,0,Chinese,1
1,11,5,0,Russians,3
1,11,5,0,Italians,2
1,11,5,1,Germans,2
1,11,5,1,Chinese,2
1,11,5,1,Russians,2
1,11,5,1,Italians,1
1,11,5,2,Germans,1
1,11,5,2,Chinese,1
1,11,5,2,Russians,2
1,11,5,2,Italians,2
1,11,5,3,Germans,2
1,11,5,3,Chinese,2
1,11,5,3,Russians,2
1,11,5,3,Italians,2
1,11,5,4,Germans,0
1,11,5,4,Chinese,3
1,11,5,4,Russians,1
1,11,5,4,Italians,3
1,11,6,0,Germans,1
1,11,6,0,Chinese,1
1,11,6,0,Russians,3
1,11,6,0,Italians,2
1,11,6,1,Germans,2
1,11,6,1,Chinese,2
1,11,6,1,Russians,2
1,11,6,1,Italians,2
1,11,6,2,Germans,2
1,11,6,2,Chinese,1
1,11,6,2,Russians,2
1,11,6,2,Italians,2
1,11,6,3,Germans,2
1,11,6,3,Chinese,2
1,11,6,3,Russians,2
1,11,6,3,Italians,1
1,11,6,4,Germans,0
1,11,6,4,Chinese,2
1,11,6,4,Russians,1
1,11,6,4,Italians,2
1,11,7,0,Germans,1
1,11,7,0,Chinese,1
1,11,7,0,Russians,3
1,11,7,0,Italians,2
1,11,7,1,Germans,2
1,11,7,1,Chinese,2
1,11,7,1,Russians,2
1,11,7,1,Italians,1
1,11,7,2,Germans,1
1,11,7,2,Chinese,2
1,11,7,2,Russians,2
1,11,7,2,Italians,2
1,11,7,3,Germans,2
1,11,7,3,Chinese,2
1,11,7,3,Russians,2
1,11,7,3,Italians,2
1,11,7,4,Germans,1
1,11,7,4,Chinese,2
1,11,7,4,Russians,2
1,11,7,4,Italians,3
1,11,8,0,Germans,1
1,11,8,0,Chinese,1
1,11,8,0,Russians,3
1,11,8,0,Italians,2
1,11,8,1,Germans,2
1,11,8,1,Chinese,2
1,11,8,1,Russians,2
1,11,8,1,Italians,1
1,11,8,2,Germans,1
1,11,8,2,Chinese,2
1,11,8,2,Russians,2
1,11,8,2,Italians,2
1,11,8,3,Germans,2
1,11,8,3,Chinese,1
1,11,8,3,Russians,3
1,11,8,3,Italians,2
1,11,8,4,Germans,1
1,11,8,4,Chinese,2
1,11,8,4,Russians,1
1,11,8,4,Italians,1
1,11,9,0,Germans,1
1,11,9,0,Chinese,1
1,11,9,0,Russians,3
1,11,9,0,Italians,2
1,11,9,1,Germans,2
1,11,9,1,Chinese,2
1,11,9,1,Russians,2
1,11,9,1,Italians,2
1,11,9,2,Germans,2
1,11,9,2,Chinese,1
1,11,9,2,Russians,1
1,11,9,2,Italians,2
1,11,9,3,Germans,2
1,11,9,3,Chinese,2
1,11,9,3,Russians,2
1,11,9,3,Italians,2
1,11,9,4,Germans,0
1,11,9,4,Chinese,3
1,11,9,4,Russians,2
1,11,9,4,Italians,1
1,12,1,0,Germans,1
1,12,1,0,Chinese,2
1,12,1,0,Russians,2
1,12,1,0,Italians,2
1,12,1,1,Germans,2
1,12,1,1,Chinese,2
1,12,1,1,Russians,1
1,12,1,1,Italians,1
1,12,1,2,Germans,3
1,12,1,2,Chinese,2
1,12,1,2,Russians,1
1,12,1,2,Italians,1
1,12,1,3,Germans,1
1,12,1,3,Chinese,2
1,12,1,3,Russians,2
1,12,1,3,Italians,1
1,12,1,4,Germans,1
1,12,1,4,Chinese,2
1,12,1,4,Russians,3
1,12,1,4,Italians,2
1,12,2,0,Germans,1
1,12,2,0,Chinese,2
1,12,2,0,Russians,2
1,12,2,0,Italians,2
1,12,2,1,Germans,2
1,12,2,1,Chinese,2
1,12,2,1,Russians,1
1,12,2,1,Italians,1
1,12,2,2,Germans,2
1,12,2,2,Chinese,2
1,12,2,2,Russians,1
1,12,2,2,Italians,2
1,12,2,3,Germans,1
1,12,2,3,Chinese,1
1,12,2,3,Russians,2
1,12,2,3,Italians,2
1,12,2,4,Germans,1
1,12,2,4,Chinese,4
1,12,2,4,Russians,1
1,12,2,4,Italians,2
1,12,3,0,Germans,1
1,12,3,0,Chinese,2
1,12,3,0,Russians,2
1,12,3,0,Italians,2
1,12,3,1,Germans,2
1,12,3,1,Chinese,2
1,12,3,1,Russians,1
1,12,3,1,Italians,1
1,12,3,2,Germans,2
1,12,3,2,Chinese,2
1,12,3,2,Russians,1
1,12,3,2,Italians,2
1,12,3,3,Germans,1
1,12,3,3,Chinese,1
1,12,3,3,Russians,2
1,12,3,3,Italians,2
1,12,3,4,Germans,2
1,12,3,4,Chinese,4
1,12,3,4,Russians,2
1,12,3,4,Italians,1
1,12,4,0,Germans,1
1,12,4,0,Chinese,2
1,12,4,0,Russians,2
1,12,4,0,Italians,2
1,12,4,1,Germans,2
1,12,4,1,Chinese,2
1,12,4,1,Russians,1
1,12,4,1,Italians,1
1,12,4,2,Germans,3
1,12,4,2,Chinese,1
1,12,4,2,Russians,1
1,12,4,2,Italians,1
1,12,4,3,Germans,1
1,12,4,3,Chinese,3
1,12,4,3,Russians,2
1,12,4,3,Italians,2
1,12,4,4,Germans,1
1,12,4,4,Chinese,2
1,12,4,4,Russians,3
1,12,4,4,Italians,1
1,12,5,0,Germans,1
1,12,5,0,Chinese,2
1,12,5,0,Russians,2
1,12,5,0,Italians,2
1,12,5,1,Germans,2
1,12,5,1,Chinese,3
1,12,5,1,Russians,1
1,12,5,1,Italians,0
1,12,5,2,Germans,3
1,12,5,2,Chinese,2
1,12,5,2,Russians,1
1,12,5,2,Italians,3
1,12,5,3,Germans,1
1,12,5,3,Chinese,2
1,12,5,3,Russians,2
1,12,5,3,Italians,1
1,12,5,4,Germans,1
1,12,5,4,Chinese,3
1,12,5,4,Russians,2
1,12,5,4,Italians,2
1,12,6,0,Germans,1
1,12,6,0,Chinese,2
1,12,6,0,Russians,2
1,12,6,0,Italians,2
1,12,6,1,Germans,2
1,12,6,1,Chinese,3
1,12,6,1,Russians,1
1,12,6,1,Italians,1
1,12,6,2,Germans,2
1,12,6,2,Chinese,2
1,12,6,2,Russians,1
1,12,6,2,Italians,2
1,12,6,3,Germans,1
1,12,6,3,Chinese,1
1,12,6,3,Russians,2
1,12,6,3,Italians,1
1,12,6,4,Germans,1
1,12,6,4,Chinese,3
1,12,6,4,Russians,2
1,12,6,4,Italians,1
1,12,7,0,Germans,1
1,12,7,0,Chinese,2
1,12,7,0,Russians,2
1,12,7,0,Italians,2
1,12,7,1,Germans,2
1,12,7,1,Chinese,2
1,12,7,1,Russians,1
1,12,7,1,Italians,1
1,12,7,2,Germans,2
1,12,7,2,Chinese,3
1,12,7,2,Russians,1
1,12,7,2,Italians,2
1,12,7,3,Germans,1
1,12,7,3,Chinese,2
1,12,7,3,Russians,2
1,12,7,3,Italians,2
1,12,7,4,Germans,1
1,12,7,4,Chinese,3
1,12,7,4,Russians,3
1,12,7,4,Italians,1
1,12,8,0,Germans,1
1,12,8,0,Chinese,2
1,12,8,0,Russians,2
1,12,8,0,Italians,2
1,12,8,1,Germans,2
1,12,8,1,Chinese,3
1,12,8,1,Russians,1
1,12,8,1,Italians,1
1,12,8,2,Germans,3
1,12,8,2,Chinese,2
1,12,8,2,Russians,2
1,12,8,2,Italians,1
1,12,8,3,Germans,1
1,12,8,3,Chinese,4
1,12,8,3,Russians,2
1,12,8,3,Italians,2
1,12,8,4,Germans,1
1,12,8,4,Chinese,3
1,12,8,4,Russians,1
1,12,8,4,Italians,3
1,12,9,0,Germans,1
1,12,9,0,Chinese,2
1,12,9,0,Russians,2
1,12,9,0,Italians,2
1,12,9,1,Germans,2
1,12,9,1,Chinese,1
1,12,9,1,Russians,1
1,12,9,1,Italians,1
1,12,9,2,Germans,2
1,12,9,2,Chinese,3
1,12,9,2,Russians,1
1,12,9,2,Italians,2
1,12,9,3,Germans,0
1,12,9,3,Chinese,2
1,12,9,3,Russians,3
1,12,9,3,Italians,1
1,12,9,4,Germans,1
1,12,9,4,Chinese,2
1,12,9,4,Russians,1
1,12,9,4,Italians,2
1,13,1,0,Germans,1
1,13,1,0,Chinese,2
1,13,1,0,Russians,1
1,13,1,0,Italians,0
1,13,1,1,Germans,2
1,13,1,1,Chinese,2
1,13,1,1,Russians,2
1,13,1,1,Italians,1
1,13,1,2,Germans,2
1,13,1,2,Chinese,1
1,13,1,2,Russians,1
1,13,1,2,Italians,2
1,13,1,3,Germans,2
1,13,1,3,Chinese,2
1,13,1,3,Russians,1
1,13,1,3,Italians,1
1,13,1,4,Germans,2
1,13,1,4,Chinese,2
1,13,1,4,Russians,2
1,13,1,4,Italians,1
1,13,2,0,Germans,1
1,13,2,0,Chinese,2
1,13,2,0,Russians,1
1,13,2,0,Italians,1
1,13,2,1,Germans,3
1,13,2,1,Chinese,2
1,13,2,1,Russians,2
1,13,2,1,Italians,1
1,13,2,2,Germans,3
1,13,2,2,Chinese,2
1,13,2,2,Russians,0
1,13,2,2,Italians,2
1,13,2,3,Germans,2
1,13,2,3,Chinese,2
1,13,2,3,Russians,2
1,13,2,3,Italians,2
1,13,2,4,Germans,2
1,13,2,4,Chinese,2
1,13,2,4,Russians,3
1,13,2,4,Italians,2
1,13,3,0,Germans,1
1,13,3,0,Chinese,2
1,13,3,0,Russians,1
1,13,3,0,Italians,0
1,13,3,1,Germans,2
1,13,3,1,Chinese,2
1,13,3,1,Russians,2
1,13,3,1,Italians,1
1,13,3,2,Germans,1
1,13,3,2,Chinese,2
1,13,3,2,Russians,1
1,13,3,2,Italians,2
1,13,3,3,Germans,2
1,13,3,3,Chinese,3
1,13,3,3,Russians,2
1,13,3,3,Italians,1
1,13,3,4,Germans,1
1,13,3,4,Chinese,2
1,13,3,4,Russians,2
1,13,3,4,Italians,2
1,13,4,0,Germans,1
1,13,4,0,Chinese,2
1,13,4,0,Russians,1
1,13,4,0,Italians,2
1,13,4,1,Germans,3
1,13,4,1,Chinese,2
1,13,4,1,Russians,2
1,13,4,1,Italians,1
1,13,4,2,Germans,2
1,13,4,2,Chinese,2
1,13,4,2,Russians,1
1,13,4,2,Italians,2
1,13,4,3,Germans,2
1,13,4,3,Chinese,1
1,13,4,3,Russians,2
1,13,4,3,Italians,3
1,13,4,4,Germans,1
1,13,4,4,Chinese,1
1,13,4,4,Russians,2
1,13,4,4,Italians,1
1,13,5,0,Germans,1
1,13,5,0,Chinese,2
1,13,5,0,Russians,1
1,13,5,0,Italians,1
1,13,5,1,Germans,2
1,13,5,1,Chinese,2
1,13,5,1,Russians,2
1,13,5,1,Italians,1
1,13,5,2,Germans,2
1,13,5,2,Chinese,1
1,13,5,2,Russians,1
1,13,5,2,Italians,2
1,13,5,3,Germans,2
1,13,5,3,Chinese,2
1,13,5,3,Russians,1
1,13,5,3,Italians,2
1,13,5,4,Germans,1
1,13,5,4,Chinese,2
1,13,5,4,Russians,1
1,13,5,4,Italians,2
1,13,6,0,Germans,1
1,13,6,0,Chinese,2
1,13,6,0,Russians,1
1,13,6,0,Italians,1
1,13,6,1,Germans,3
1,13,6,1,Chinese,2
1,13,6,1,Russians,2
1,13,6,1,Italians,1
1,13,6,2,Germans,2
1,13,6,2,Chinese,2
1,13,6,2,Russians,0
1,13,6,2,Italians,2
1,13,6,3,Germans,1
1,13,6,3,Chinese,2
1,13,6,3,Russians,2
1,13,6,3,Italians,2
1,13,6,4,Germans,1
1,13,6,4,Chinese,2
1,13,6,4,Russians,3
1,13,6,4,Italians,1
1,13,7,0,Germans,1
1,13,7,0,Chinese,2
1,13,7,0,Russians,1
1,13,7,0,Italians,0
1,13,7,1,Germans,2
1,13,7,1,Chinese,2
1,13,7,1,Russians,2
1,13,7,1,Italians,1
1,13,7,2,Germans,1
1,13,7,2,Chinese,2
1,13,7,2,Russians,1
1,13,7,2,Italians,2
1,13,7,3,Germans,2
1,13,7,3,Chinese,2
1,13,7,3,Russians,1
1,13,7,3,Italians,1
1,13,7,4,Germans,2
1,13,7,4,Chinese,2
1,13,7,4,Russians,3
1,13,7,4,Italians,2
1,13,8,0,Germans,1
1,13,8,0,Chinese,2
1,13,8,0,Russians,1
1,13,8,0,Italians,1
1,13,8,1,Germans,3
1,13,8,1,Chinese,2
1,13,8,1,Russians,2
1,13,8,1,Italians,1
1,13,8,2,Germans,3
1,13,8,2,Chinese,2
1,13,8,2,Russians,0
1,13,8,2,Italians,2
1,13,8,3,Germans,1
1,13,8,3,Chinese,3
1,13,8,3,Russians,2
1,13,8,3,Italians,2
1,13,8,4,Germans,1
1,13,8,4,Chinese,2
1,13,8,4,Russians,2
1,13,8,4,Italians,1
1,14,1,0,Germans,1
1,14,1,0,Chinese,1
1,14,1,0,Russians,2
1,14,1,0,Italians,2
1,14,1,1,Germans,2
1,14,1,1,Chinese,2
1,14,1,1,Russians,1
1,14,1,1,Italians,1
1,14,1,2,Germans,2
1,14,1,2,Chinese,2
1,14,1,2,Russians,3
1,14,1,2,Italians,2
1,14,1,3,Germans,1
1,14,1,3,Chinese,1
1,14,1,3,Russians,2
1,14,1,3,Italians,1
1,14,1,4,Germans,2
1,14,1,4,Chinese,1
1,14,1,4,Russians,2
1,14,1,4,Italians,2
1,14,2,0,Germans,1
1,14,2,0,Chinese,1
1,14,2,0,Russians,2
1,14,2,0,Italians,2
1,14,2,1,Germans,3
1,14,2,1,Chinese,2
1,14,2,1,Russians,1
1,14,2,1,Italians,1
1,14,2,2,Germans,2
1,14,2,2,Chinese,2
1,14,2,2,Russians,2
1,14,2,2,Italians,1
1,14,2,3,Germans,2
1,14,2,3,Chinese,1
1,14,2,3,Russians,2
1,14,2,3,Italians,2
1,14,2,4,Germans,3
1,14,2,4,Chinese,2
1,14,2,4,Russians,2
1,14,2,4,Italians,1
1,14,3,0,Germans,1
1,14,3,0,Chinese,1
1,14,3,0,Russians,2
1,14,3,0,Italians,2
1,14,3,1,Germans,2
1,14,3,1,Chinese,1
1,14,3,1,Russians,1
1,14,3,1,Italians,2
1,14,3,2,Germans,2
1,14,3,2,Chinese,1
1,14,3,2,Russians,3
1,14,3,2,Italians,1
1,14,3,3,Germans,2
1,14,3,3,Chinese,2
1,14,3,3,Russians,1
1,14,3,3,Italians,2
1,14,3,4,Germans,3
1,14,3,4,Chinese,3
1,14,3,4,Russians,3
1,14,3,4,Italians,2
1,14,4,0,Germans,1
1,14,4,0,Chinese,1
1,14,4,0,Russians,2
1,14,4,0,Italians,2
1,14,4,1,Germans,2
1,14,4,1,Chinese,1
1,14,4,1,Russians,1
1,14,4,1,Italians,2
1,14,4,2,Germans,2
1,14,4,2,Chinese,2
1,14,4,2,Russians,2
1,14,4,2,Italians,2
1,14,4,3,Germans,3
1,14,4,3,Chinese,1
1,14,4,3,Russians,1
1,14,4,3,Italians,1
1,14,4,4,Germans,1
1,14,4,4,Chinese,2
1,14,4,4,Russians,3
1,14,4,4,Italians,1
1,14,5,0,Germans,1
1,14,5,0,Chinese,1
1,14,5,0,Russians,2
1,14,5,0,Italians,2
1,14,5,1,Germans,3
1,14,5,1,Chinese,2
1,14,5,1,Russians,1
1,14,5,1,Italians,1
1,14,5,2,Germans,2
1,14,5,2,Chinese,1
1,14,5,2,Russians,3
1,14,5,2,Italians,1
1,14,5,3,Germans,2
1,14,5,3,Chinese,2
1,14,5,3,Russians,1
1,14,5,3,Italians,2
1,14,5,4,Germans,2
1,14,5,4,Chinese,3
1,14,5,4,Russians,1
1,14,5,4,Italians,2
1,14,6,0,Germans,1
1,14,6,0,Chinese,1
1,14,6,0,Russians,2
1,14,6,0,Italians,2
1,14,6,1,Germans,2
1,14,6,1,Chinese,1
1,14,6,1,Russians,1
1,14,6,1,Italians,1
1,14,6,2,Germans,2
1,14,6,2,Chinese,2
1,14,6,2,Russians,2
1,14,6,2,Italians,0
1,14,6,3,Germans,3
1,14,6,3,Chinese,1
1,14,6,3,Russians,1
1,14,6,3,Italians,1
1,14,6,4,Germans,3
1,14,6,4,Chinese,2
1,14,6,4,Russians,2
1,14,6,4,Italians,2
1,14,7,0,Germans,1
1,14,7,0,Chinese,1
1,14,7,0,Russians,2
1,14,7,0,Italians,2
1,14,7,1,Germans,3
1,14,7,1,Chinese,2
1,14,7,1,Russians,1
1,14,7,1,Italians,1
1,14,7,2,Germans,2
1,14,7,2,Chinese,2
1,14,7,2,Russians,3
1,14,7,2,Italians,2
1,14,7,3,Germans,1
1,14,7,3,Chinese,3
1,14,7,3,Russians,3
1,14,7,3,Italians,1
1,14,7,4,Germans,2
1,14,7,4,Chinese,3
1,14,7,4,Russians,1
1,14,7,4,Italians,2
1,14,8,0,Germans,1
1,14,8,0,Chinese,1
1,14,8,0,Russians,2
1,14,8,0,Italians,2
1,14,8,1,Germans,2
1,14,8,1,Chinese,1
1,14,8,1,Russians,1
1,14,8,1,Italians,1
1,14,8,2,Germans,2
1,14,8,2,Chinese,2
1,14,8,2,Russians,2
1,14,8,2,Italians,1
1,14,8,3,Germans,3
1,14,8,3,Chinese,1
1,14,8,3,Russians,1
1,14,8,3,Italians,1
1,14,8,4,Germans,3
1,14,8,4,Chinese,2
1,14,8,4,Russians,2
1,14,8,4,Italians,2
1,14,9,0,Germans,1
1,14,9,0,Chinese,1
1,14,9,0,Russians,2
1,14,9,0,Italians,2
1,14,9,1,Germans,2
1,14,9,1,Chinese,1
1,14,9,1,Russians,1
1,14,9,1,Italians,2
1,14,9,2,Germans,3
1,14,9,2,Chinese,2
1,14,9,2,Russians,3
1,14,9,2,Italians,1
1,14,9,3,Germans,1
1,14,9,3,Chinese,2
1,14,9,3,Russians,1
1,14,9,3,Italians,2
1,14,9,4,Germans,2
1,14,9,4,Chinese,2
1,14,9,4,Russians,2
1,14,9,4,Italians,1
1,15,1,0,Germans,2
1,15,1,0,Chinese,2
1,15,1,0,Russians,2
1,15,1,0,Italians,1
1,15,1,1,Germans,2
1,15,1,1,Chinese,1
1,15,1,1,Russians,2
1,15,1,1,Italians,2
1,15,1,2,Germans,1
1,15,1,2,Chinese,2
1,15,1,2,Russians,2
1,15,1,2,Italians,2
1,15,1,3,Germans,1
1,15,1,3,Chinese,1
1,15,1,3,Russians,2
1,15,1,3,Italians,1
1,15,1,4,Germans,1
1,15,1,4,Chinese,1
1,15,1,4,Russians,4
1,15,1,4,Italians,1
1,15,2,0,Germans,2
1,15,2,0,Chinese,2
1,15,2,0,Russians,2
1,15,2,0,Italians,1
1,15,2,1,Germans,2
1,15,2,1,Chinese,2
1,15,2,1,Russians,1
1,15,2,1,Italians,2
1,15,2,2,Germans,1
1,15,2,2,Chinese,1
1,15,2,2,Russians,1
1,15,2,2,Italians,2
1,15,2,3,Germans,2
1,15,2,3,Chinese,2
1,15,2,3,Russians,1
1,15,2,3,Italians,1
1,15,2,4,Germans,2
1,15,2,4,Chinese,2
1,15,2,4,Russians,2
1,15,2,4,Italians,2
1,15,3,0,Germans,1
1,15,3,0,Chinese,2
1,15,3,0,Russians,2
1,15,3,0,Italians,1
1,15,3,1,Germans,2
1,15,3,1,Chinese,1
1,15,3,1,Russians,2
1,15,3,1,Italians,1
1,15,3,2,Germans,2
1,15,3,2,Chinese,2
1,15,3,2,Russians,2
1,15,3,2,Italians,2
1,15,3,3,Germans,2
1,15,3,3,Chinese,2
1,15,3,3,Russians,2
1,15,3,3,Italians,1
1,15,3,4,Germans,1
1,15,3,4,Chinese,1
1,15,3,4,Russians,1
1,15,3,4,Italians,2
1,15,4,0,Germans,1
1,15,4,0,Chinese,2
1,15,4,0,Russians,2
1,15,4,0,Italians,1
1,15,4,1,Germans,2
1,15,4,1,Chinese,2
1,15,4,1,Russians,2
1,15,4,1,Italians,2
1,15,4,2,Germans,1
1,15,4,2,Chinese,2
1,15,4,2,Russians,2
1,15,4,2,Italians,2
1,15,4,3,Germans,2
1,15,4,3,Chinese,1
1,15,4,3,Russians,3
1,15,4,3,Italians,2
1,15,4,4,Germans,1
1,15,4,4,Chinese,2
1,15,4,4,Russians,2
1,15,4,4,Italians,2
1,15,5,0,Germans,2
1,15,5,0,Chinese,2
1,15,5,0,Russians,2
1,15,5,0,Italians,1
1,15,5,1,Germans,2
1,15,5,1,Chinese,2
1,15,5,1,Russians,1
1,15,5,1,Italians,1
1,15,5,2,Germans,2
1,15,5,2,Chinese,3
1,15,5,2,Russians,3
1,15,5,2,Italians,1
1,15,5,3,Germans,1
1,15,5,3,Chinese,1
1,15,5,3,Russians,2
1,15,5,3,Italians,1
1,15,5,4,Germans,0
1,15,5,4,Chinese,2
1,15,5,4,Russians,3
1,15,5,4,Italians,2
1,15,6,0,Germans,2
1,15,6,0,Chinese,2
1,15,6,0,Russians,2
1,15,6,0,Italians,1
1,15,6,1,Germans,2
1,15,6,1,Chinese,4
1,15,6,1,Russians,1
1,15,6,1,Italians,2
1,15,6,2,Germans,1
1,15,6,2,Chinese,3
1,15,6,2,Russians,2
1,15,6,2,Italians,0
1,15,6,3,Germans,1
1,15,6,3,Chinese,0
1,15,6,3,Russians,3
1,15,6,3,Italians,3
1,15,6,4,Germans,1
1,15,6,4,Chinese,2
1,15,6,4,Russians,3
1,15,6,4,Italians,1
1,15,7,0,Germans,1
1,15,7,0,Chinese,2
1,15,7,0,Russians,2
1,15,7,0,Italians,1
1,15,7,1,Germans,2
1,15,7,1,Chinese,0
1,15,7,1,Russians,2
1,15,7,1,Italians,2
1,15,7,2,Germans,1
1,15,7,2,Chinese,1
1,15,7,2,Russians,1
1,15,7,2,Italians,1
1,15,7,3,Germans,1
1,15,7,3,Chinese,1
1,15,7,3,Russians,3
1,15,7,3,Italians,2
1,15,7,4,Germans,2
1,15,7,4,Chinese,1
1,15,7,4,Russians,2
1,15,7,4,Italians,2
1,15,8,0,Germans,1
1,15,8,0,Chinese,2
1,15,8,0,Russians,2
1,15,8,0,Italians,1
1,15,8,1,Germans,2
1,15,8,1,Chinese,1
1,15,8,1,Russians,2
1,15,8,1,Italians,2
1,15,8,2,Germans,1
1,15,8,2,Chinese,1
1,15,8,2,Russians,2
1,15,8,2,Italians,1
1,15,8,3,Germans,2
1,15,8,3,Chinese,1
1,15,8,3,Russians,2
1,15,8,3,Italians,2
1,15,8,4,Germans,3
1,15,8,4,Chinese,1
1,15,8,4,Russians,2
1,15,8,4,Italians,2
1,15,9,0,Germans,1
1,15,9,0,Chinese,2
1,15,9,0,Russians,2
1,15,9,0,Italians,1
1,15,9,1,Germans,2
1,15,9,1,Chinese,1
1,15,9,1,Russians,1
1,15,9,1,Italians,1
1,15,9,2,Germans,1
1,15,9,2,Chinese,2
1,15,9,2,Russians,1
1,15,9,2,Italians,3
1,15,9,3,Germans,1
1,15,9,3,Chinese,1
1,15,9,3,Russians,1
1,15,9,3,Italians,3
1,15,9,4,Germans,1
1,15,9,4,Chinese,1
1,15,9,4,Russians,1
1,15,9,4,Italians,2
1,16,1,0,Germans,1
1,16,1,0,Chinese,2
1,16,1,0,Russians,1
1,16,1,0,Italians,2
1,16,1,1,Germans,2
1,16,1,1,Chinese,1
1,16,1,1,Russians,1
1,16,1,1,Italians,2
1,16,1,2,Germans,2
1,16,1,2,Chinese,2
1,16,1,2,Russians,3
1,16,1,2,Italians,0
1,16,1,3,Germans,2
1,16,1,3,Chinese,1
1,16,1,3,Russians,3
1,16,1,3,Italians,1
1,16,1,4,Germans,2
1,16,1,4,Chinese,2
1,16,1,4,Russians,2
1,16,1,4,Italians,1
1,16,2,0,Germans,1
1,16,2,0,Chinese,2
1,16,2,0,Russians,1
1,16,2,0,Italians,2
1,16,2,1,Germans,2
1,16,2,1,Chinese,1
1,16,2,1,Russians,1
1,16,2,1,Italians,2
1,16,2,2,Germans,1
1,16,2,2,Chinese,2
1,16,2,2,Russians,3
1,16,2,2,Italians,1
1,16,2,3,Germans,2
1,16,2,3,Chinese,1
1,16,2,3,Russians,2
1,16,2,3,Italians,1
1,16,2,4,Germans,3
1,16,2,4,Chinese,2
1,16,2,4,Russians,1
1,16,2,4,Italians,1
1,16,3,0,Germans,1
1,16,3,0,Chinese,2
1,16,3,0,Russians,2
1,16,3,0,Italians,2
1,16,3,1,Germans,1
1,16,3,1,Chinese,1
1,16,3,1,Russians,1
1,16,3,1,Italians,1
1,16,3,2,Germans,1
1,16,3,2,Chinese,1
1,16,3,2,Russians,2
1,16,3,2,Italians,2
1,16,3,3,Germans,2
1,16,3,3,Chinese,1
1,16,3,3,Russians,2
1,16,3,3,Italians,1
1,16,3,4,Germans,3
1,16,3,4,Chinese,1
1,16,3,4,Russians,2
1,16,3,4,Italians,2
1,16,4,0,Germans,1
1,16,4,0,Chinese,2
1,16,4,0,Russians,2
1,16,4,0,Italians,2
1,16,4,1,Germans,1
1,16,4,1,Chinese,1
1,16,4,1,Russians,2
1,16,4,1,Italians,1
1,16,4,2,Germans,2
1,16,4,2,Chinese,2
1,16,4,2,Russians,3
1,16,4,2,Italians,1
1,16,4,3,Germans,3
1,16,4,3,Chinese,1
1,16,4,3,Russians,2
1,16,4,3,Italians,2
1,16,4,4,Germans,1
1,16,4,4,Chinese,1
1,16,4,4,Russians,3
1,16,4,4,Italians,2
1,16,5,0,Germans,1
1,16,5,0,Chinese,2
1,16,5,0,Russians,1
1,16,5,0,Italians,2
1,16,5,1,Germans,2
1,16,5,1,Chinese,1
1,16,5,1,Russians,2
1,16,5,1,Italians,1
1,16,5,2,Germans,1
1,16,5,2,Chinese,1
1,16,5,2,Russians,2
1,16,5,2,Italians,1
1,16,5,3,Germans,2
1,16,5,3,Chinese,1
1,16,5,3,Russians,2
1,16,5,3,Italians,2
1,16,5,4,Germans,3
1,16,5,4,Chinese,1
1,16,5,4,Russians,2
1,16,5,4,Italians,2
1,16,6,0,Germans,1
1,16,6,0,Chinese,2
1,16,6,0,Russians,1
1,16,6,0,Italians,2
1,16,6,1,Germans,2
1,16,6,1,Chinese,1
1,16,6,1,Russians,2
1,16,6,1,Italians,1
1,16,6,2,Germans,1
1,16,6,2,Chinese,1
1,16,6,2,Russians,2
1,16,6,2,Italians,1
1,16,6,3,Germans,2
1,16,6,3,Chinese,1
1,16,6,3,Russians,2
1,16,6,3,Italians,2
1,16,6,4,Germans,2
1,16,6,4,Chinese,2
1,16,6,4,Russians,2
1,16,6,4,Italians,2
1,16,7,0,Germans,1
1,16,7,0,Chinese,2
1,16,7,0,Russians,1
1,16,7,0,Italians,2
1,16,7,1,Germans,2
1,16,7,1,Chinese,1
1,16,7,1,Russians,1
1,16,7,1,Italians,2
1,16,7,2,Germans,1
1,16,7,2,Chinese,2
1,16,7,2,Russians,3
1,16,7,2,Italians,0
1,16,7,3,Germans,2
1,16,7,3,Chinese,1
1,16,7,3,Russians,2
1,16,7,3,Italians,1
1,16,7,4,Germans,2
1,16,7,4,Chinese,3
1,16,7,4,Russians,1
1,16,7,4,Italians,1
1,16,8,0,Germans,1
1,16,8,0,Chinese,2
1,16,8,0,Russians,2
1,16,8,0,Italians,2
1,16,8,1,Germans,1
1,16,8,1,Chinese,1
1,16,8,1,Russians,1
1,16,8,1,Italians,1
1,16,8,2,Germans,1
1,16,8,2,Chinese,0
1,16,8,2,Russians,2
1,16,8,2,Italians,1
1,16,8,3,Germans,2
1,16,8,3,Chinese,2
1,16,8,3,Russians,1
1,16,8,3,Italians,1
1,16,8,4,Germans,2
1,16,8,4,Chinese,2
1,16,8,4,Russians,2
1,16,8,4,Italians,2
1,17,1,0,Germans,1
1,17,1,0,Chinese,2
1,17,1,0,Russians,2
1,17,1,0,Italians,2
1,17,1,1,Germans,1
1,17,1,1,Chinese,2
1,17,1,1,Russians,2
1,17,1,1,Italians,1
1,17,1,2,Germans,2
1,17,1,2,Chinese,1
1,17,1,2,Russians,2
1,17,1,2,Italians,1
1,17,1,3,Germans,2
1,17,1,3,Chinese,2
1,17,1,3,Russians,2
1,17,1,3,Italians,2
1,17,1,4,Germans,2
1,17,1,4,Chinese,2
1,17,1,4,Russians,1
1,17,1,4,Italians,2
1,17,2,0,Germans,1
1,17,2,0,Chinese,2
1,17,2,0,Russians,2
1,17,2,0,Italians,2
1,17,2,1,Germans,1
1,17,2,1,Chinese,2
1,17,2,1,Russians,2
1,17,2,1,Italians,1
1,17,2,2,Germans,2
1,17,2,2,Chinese,1
1,17,2,2,Russians,1
1,17,2,2,Italians,0
1,17,2,3,Germans,2
1,17,2,3,Chinese,1
1,17,2,3,Russians,2
1,17,2,3,Italians,1
1,17,2,4,Germans,3
1,17,2,4,Chinese,2
1,17,2,4,Russians,2
1,17,2,4,Italians,3
1,17,3,0,Germans,1
1,17,3,0,Chinese,2
1,17,3,0,Russians,2
1,17,3,0,Italians,2
1,17,3,1,Germans,1
1,17,3,1,Chinese,2
1,17,3,1,Russians,2
1,17,3,1,Italians,1
1,17,3,2,Germans,1
1,17,3,2,Chinese,1
1,17,3,2,Russians,1
1,17,3,2,Italians,1
1,17,3,3,Germans,2
1,17,3,3,Chinese,2
1,17,3,3,Russians,3
1,17,3,3,Italians,1
1,17,3,4,Germans,3
1,17,3,4,Chinese,1
1,17,3,4,Russians,2
1,17,3,4,Italians,2
1,17,4,0,Germans,1
1,17,4,0,Chinese,2
1,17,4,0,Russians,2
1,17,4,0,Italians,2
1,17,4,1,Germans,1
1,17,4,1,Chinese,1
1,17,4,1,Russians,2
1,17,4,1,Italians,1
1,17,4,2,Germans,2
1,17,4,2,Chinese,1
1,17,4,2,Russians,2
1,17,4,2,Italians,1
1,17,4,3,Germans,3
1,17,4,3,Chinese,2
1,17,4,3,Russians,2
1,17,4,3,Italians,2
1,17,4,4,Germans,0
1,17,4,4,Chinese,2
1,17,4,4,Russians,1
1,17,4,4,Italians,3
1,17,5,0,Germans,1
1,17,5,0,Chinese,2
1,17,5,0,Russians,2
1,17,5,0,Italians,2
1,17,5,1,Germans,1
1,17,5,1,Chinese,2
1,17,5,1,Russians,2
1,17,5,1,Italians,1
1,17,5,2,Germans,1
1,17,5,2,Chinese,1
1,17,5,2,Russians,3
1,17,5,2,Italians,1
1,17,5,3,Germans,2
1,17,5,3,Chinese,2
1,17,5,3,Russians,2
1,17,5,3,Italians,2
1,17,5,4,Germans,3
1,17,5,4,Chinese,1
1,17,5,4,Russians,2
1,17,5,4,Italians,2
1,17,6,0,Germans,1
1,17,6,0,Chinese,2
1,17,6,0,Russians,2
1,17,6,0,Italians,2
1,17,6,1,Germans,1
1,17,6,1,Chinese,2
1,17,6,1,Russians,2
1,17,6,1,Italians,1
1,17,6,2,Germans,1
1,17,6,2,Chinese,1
1,17,6,2,Russians,1
1,17,6,2,Italians,0
1,17,6,3,Germans,2
1,17,6,3,Chinese,2
1,17,6,3,Russians,3
1,17,6,3,Italians,0
1,17,6,4,Germans,2
1,17,6,4,Chinese,2
1,17,6,4,Russians,2
1,17,6,4,Italians,1
1,17,7,0,Germans,1
1,17,7,0,Chinese,2
1,17,7,0,Russians,2
1,17,7,0,Italians,2
1,17,7,1,Germans,1
1,17,7,1,Chinese,1
1,17,7,1,Russians,2
1,17,7,1,Italians,1
1,17,7,2,Germans,2
1,17,7,2,Chinese,1
1,17,7,2,Russians,2
1,17,7,2,Italians,1
1,17,7,3,Germans,2
1,17,7,3,Chinese,2
1,17,7,3,Russians,2
1,17,7,3,Italians,2
1,17,7,4,Germans,1
1,17,7,4,Chinese,1
1,17,7,4,Russians,2
1,17,7,4,Italians,2
1,17,8,0,Germans,1
1,17,8,0,Chinese,2
1,17,8,0,Russians,2
1,17,8,0,Italians,2
1,17,8,1,Germans,1
1,17,8,1,Chinese,1
1,17,8,1,Russians,2
1,17,8,1,Italians,1
1,17,8,2,Germans,2
1,17,8,2,Chinese,1
1,17,8,2,Russians,2
1,17,8,2,Italians,1
1,17,8,3,Germans,2
1,17,8,3,Chinese,1
1,17,8,3,Russians,1
1,17,8,3,Italians,2
1,17,8,4,Germans,1
1,17,8,4,Chinese,2
1,17,8,4,Russians,2
1,17,8,4,Italians,3
1,17,9,0,Germans,1
1,17,9,0,Chinese,2
1,17,9,0,Russians,2
1,17,9,0,Italians,2
1,17,9,1,Germans,1
1,17,9,1,Chinese,2
1,17,9,1,Russians,2
1,17,9,1,Italians,1
1,17,9,2,Germans,2
1,17,9,2,Chinese,1
1,17,9,2,Russians,2
1,17,9,2,Italians,1
1,17,9,3,Germans,2
1,17,9,3,Chinese,2
1,17,9,3,Russians,2
1,17,9,3,Italians,1
1,17,9,4,Germans,2
1,17,9,4,Chinese,2
1,17,9,4,Russians,1
1,17,9,4,Italians,2
1,18,1,0,Germans,1
1,18,1,0,Chinese,2
1,18,1,0,Russians,2
1,18,1,0,Italians,1
1,18,1,1,Germans,1
1,18,1,1,Chinese,1
1,18,1,1,Russians,3
1,18,1,1,Italians,1
1,18,1,2,Germans,2
1,18,1,2,Chinese,2
1,18,1,2,Russians,1
1,18,1,2,Italians,1
1,18,1,3,Germans,2
1,18,1,3,Chinese,3
1,18,1,3,Russians,1
1,18,1,3,Italians,2
1,18,1,4,Germans,1
1,18,1,4,Chinese,3
1,18,1,4,Russians,1
1,18,1,4,Italians,1
1,18,2,0,Germans,1
1,18,2,0,Chinese,2
1,18,2,0,Russians,2
1,18,2,0,Italians,2
1,18,2,1,Germans,1
1,18,2,1,Chinese,1
1,18,2,1,Russians,3
1,18,2,1,Italians,1
1,18,2,2,Germans,2
1,18,2,2,Chinese,2
1,18,2,2,Russians,1
1,18,2,2,Italians,2
1,18,2,3,Germans,2
1,18,2,3,Chinese,3
1,18,2,3,Russians,1
1,18,2,3,Italians,2
1,18,2,4,Germans,1
1,18,2,4,Chinese,3
1,18,2,4,Russians,2
1,18,2,4,Italians,2
1,18,3,0,Germans,1
1,18,3,0,Chinese,2
1,18,3,0,Russians,2
1,18,3,0,Italians,2
1,18,3,1,Germans,1
1,18,3,1,Chinese,1
1,18,3,1,Russians,3
1,18,3,1,Italians,1
1,18,3,2,Germans,2
1,18,3,2,Chinese,2
1,18,3,2,Russians,1
1,18,3,2,Italians,2
1,18,3,3,Germans,2
1,18,3,3,Chinese,3
1,18,3,3,Russians,1
1,18,3,3,Italians,1
1,18,3,4,Germans,1
1,18,3,4,Chinese,2
1,18,3,4,Russians,1
1,18,3,4,Italians,2
1,18,4,0,Germans,1
1,18,4,0,Chinese,2
1,18,4,0,Russians,2
1,18,4,0,Italians,1
1,18,4,1,Germans,1
1,18,4,1,Chinese,1
1,18,4,1,Russians,3
1,18,4,1,Italians,1
1,18,4,2,Germans,2
1,18,4,2,Chinese,2
1,18,4,2,Russians,1
1,18,4,2,Italians,1
1,18,4,3,Germans,3
1,18,4,3,Chinese,2
1,18,4,3,Russians,1
1,18,4,3,Italians,2
1,18,4,4,Germans,1
1,18,4,4,Chinese,1
1,18,4,4,Russians,2
1,18,4,4,Italians,2
1,18,5,0,Germans,1
1,18,5,0,Chinese,2
1,18,5,0,Russians,2
1,18,5,0,Italians,2
1,18,5,1,Germans,1
1,18,5,1,Chinese,1
1,18,5,1,Russians,3
1,18,5,1,Italians,1
1,18,5,2,Germans,2
1,18,5,2,Chinese,2
1,18,5,2,Russians,1
1,18,5,2,Italians,2
1,18,5,3,Germans,1
1,18,5,3,Chinese,3
1,18,5,3,Russians,1
1,18,5,3,Italians,2
1,18,5,4,Germans,2
1,18,5,4,Chinese,1
1,18,5,4,Russians,2
1,18,5,4,Italians,2
1,18,6,0,Germans,1
1,18,6,0,Chinese,2
1,18,6,0,Russians,2
1,18,6,0,Italians,1
1,18,6,1,Germans,1
1,18,6,1,Chinese,1
1,18,6,1,Russians,3
1,18,6,1,Italians,1
1,18,6,2,Germans,2
1,18,6,2,Chinese,2
1,18,6,2,Russians,1
1,18,6,2,Italians,1
1,18,6,3,Germans,2
1,18,6,3,Chinese,3
1,18,6,3,Russians,1
1,18,6,3,Italians,2
1,18,6,4,Germans,1
1,18,6,4,Chinese,3
1,18,6,4,Russians,1
1,18,6,4,Italians,2
1,18,7,0,Germans,1
1,18,7,0,Chinese,2
1,18,7,0,Russians,2
1,18,7,0,Italians,2
1,18,7,1,Germans,1
1,18,7,1,Chinese,1
1,18,7,1,Russians,3
1,18,7,1,Italians,1
1,18,7,2,Germans,2
1,18,7,2,Chinese,2
1,18,7,2,Russians,1
1,18,7,2,Italians,2
1,18,7,3,Germans,2
1,18,7,3,Chinese,3
1,18,7,3,Russians,1
1,18,7,3,Italians,2
1,18,7,4,Germans,0
1,18,7,4,Chinese,3
1,18,7,4,Russians,2
1,18,7,4,Italians,2
1,18,8,0,Germans,1
1,18,8,0,Chinese,2
1,18,8,0,Russians,2
1,18,8,0,Italians,1
1,18,8,1,Germans,1
1,18,8,1,Chinese,1
1,18,8,1,Russians,3
1,18,8,1,Italians,1
1,18,8,2,Germans,2
1,18,8,2,Chinese,2
1,18,8,2,Russians,1
1,18,8,2,Italians,1
1,18,8,3,Germans,3
1,18,8,3,Chinese,2
1,18,8,3,Russians,1
1,18,8,3,Italians,2
1,18,8,4,Germans,1
1,18,8,4,Chinese,1
1,18,8,4,Russians,1
1,18,8,4,Italians,2
1,18,9,0,Germans,1
1,18,9,0,Chinese,2
1,18,9,0,Russians,2
1,18,9,0,Italians,2
1,18,9,1,Germans,1
1,18,9,1,Chinese,1
1,18,9,1,Russians,3
1,18,9,1,Italians,1
1,18,9,2,Germans,2
1,18,9,2,Chinese,2
1,18,9,2,Russians,1
1,18,9,2,Italians,2
1,18,9,3,Germans,3
1,18,9,3,Chinese,2
1,18,9,3,Russians,1
1,18,9,3,Italians,2
1,18,9,4,Germans,2
1,18,9,4,Chinese,1
1,18,9,4,Russians,1
1,18,9,4,Italians,2
1,19,1,0,Germans,1
1,19,1,0,Chinese,1
1,19,1,0,Russians,2
1,19,1,0,Italians,1
1,19,1,1,Germans,2
1,19,1,1,Chinese,2
1,19,1,1,Russians,2
1,19,1,1,Italians,1
1,19,1,2,Germans,2
1,19,1,2,Chinese,1
1,19,1,2,Russians,2
1,19,1,2,Italians,1
1,19,1,3,Germans,2
1,19,1,3,Chinese,1
1,19,1,3,Russians,3
1,19,1,3,Italians,2
1,19,1,4,Germans,0
1,19,1,4,Chinese,1
1,19,1,4,Russians,3
1,19,1,4,Italians,1
1,19,2,0,Germans,1
1,19,2,0,Chinese,1
1,19,2,0,Russians,3
1,19,2,0,Italians,1
1,19,2,1,Germans,2
1,19,2,1,Chinese,2
1,19,2,1,Russians,2
1,19,2,1,Italians,1
1,19,2,2,Germans,2
1,19,2,2,Chinese,1
1,19,2,2,Russians,1
1,19,2,2,Italians,2
1,19,2,3,Germans,1
1,19,2,3,Chinese,2
1,19,2,3,Russians,1
1,19,2,3,Italians,2
1,19,2,4,Germans,2
1,19,2,4,Chinese,2
1,19,2,4,Russians,1
1,19,2,4,Italians,2
1,19,3,0,Germans,1
1,19,3,0,Chinese,2
1,19,3,0,Russians,3
1,19,3,0,Italians,1
1,19,3,1,Germans,1
1,19,3,1,Chinese,3
1,19,3,1,Russians,2
1,19,3,1,Italians,2
1,19,3,2,Germans,1
1,19,3,2,Chinese,0
1,19,3,2,Russians,2
1,19,3,2,Italians,2
1,19,3,3,Germans,3
1,19,3,3,Chinese,1
1,19,3,3,Russians,2
1,19,3,3,Italians,1
1,19,3,4,Germans,2
1,19,3,4,Chinese,1
1,19,3,4,Russians,2
1,19,3,4,Italians,3
1,19,4,0,Germans,1
1,19,4,0,Chinese,2
1,19,4,0,Russians,3
1,19,4,0,Italians,1
1,19,4,1,Germans,1
1,19,4,1,Chinese,3
1,19,4,1,Russians,2
1,19,4,1,Italians,2
1,19,4,2,Germans,1
1,19,4,2,Chinese,0
1,19,4,2,Russians,2
1,19,4,2,Italians,2
1,19,4,3,Germans,3
1,19,4,3,Chinese,1
1,19,4,3,Russians,2
1,19,4,3,Italians,2
1,19,4,4,Germans,2
1,19,4,4,Chinese,1
1,19,4,4,Russians,0
1,19,4,4,Italians,3
1,19,5,0,Germans,1
1,19,5,0,Chinese,1
1,19,5,0,Russians,2
1,19,5,0,Italians,1
1,19,5,1,Germans,2
1,19,5,1,Chinese,1
1,19,5,1,Russians,2
1,19,5,1,Italians,1
1,19,5,2,Germans,3
1,19,5,2,Chinese,1
1,19,5,2,Russians,1
1,19,5,2,Italians,2
1,19,5,3,Germans,1
1,19,5,3,Chinese,2
1,19,5,3,Russians,2
1,19,5,3,Italians,3
1,19,5,4,Germans,2
1,19,5,4,Chinese,2
1,19,5,4,Russians,1
1,19,5,4,Italians,2
1,19,6,0,Germans,1
1,19,6,0,Chinese,1
1,19,6,0,Russians,2
1,19,6,0,Italians,1
1,19,6,1,Germans,1
1,19,6,1,Chinese,1
1,19,6,1,Russians,2
1,19,6,1,Italians,1
1,19,6,2,Germans,2
1,19,6,2,Chinese,1
1,19,6,2,Russians,1
1,19,6,2,Italians,2
1,19,6,3,Germans,1
1,19,6,3,Chinese,2
1,19,6,3,Russians,1
1,19,6,3,Italians,3
1,19,6,4,Germans,2
1,19,6,4,Chinese,1
1,19,6,4,Russians,1
1,19,6,4,Italians,3
1,19,7,0,Germans,1
1,19,7,0,Chinese,2
1,19,7,0,Russians,3
1,19,7,0,Italians,1
1,19,7,1,Germans,1
1,19,7,1,Chinese,3
1,19,7,1,Russians,2
1,19,7,1,Italians,2
1,19,7,2,Germans,1
1,19,7,2,Chinese,0
1,19,7,2,Russians,3
1,19,7,2,Italians,1
1,19,7,3,Germans,3
1,19,7,3,Chinese,1
1,19,7,3,Russians,2
1,19,7,3,Italians,2
1,19,7,4,Germans,3
1,19,7,4,Chinese,1
1,19,7,4,Russians,1
1,19,7,4,Italians,1
1,19,8,0,Germans,1
1,19,8,0,Chinese,1
1,19,8,0,Russians,2
1,19,8,0,Italians,1
1,19,8,1,Germans,2
1,19,8,1,Chinese,1
1,19,8,1,Russians,2
1,19,8,1,Italians,1
1,19,8,2,Germans,3
1,19,8,2,Chinese,1
1,19,8,2,Russians,1
1,19,8,2,Italians,2
1,19,8,3,Germans,1
1,19,8,3,Chinese,2
1,19,8,3,Russians,1
1,19,8,3,Italians,3
1,19,8,4,Germans,1
1,19,8,4,Chinese,1
1,19,8,4,Russians,2
1,19,8,4,Italians,2
1,20,1,0,Germans,1
1,20,1,0,Chinese,2
1,20,1,0,Russians,2
1,20,1,0,Italians,1
1,20,1,1,Germans,2
1,20,1,1,Chinese,2
1,20,1,1,Russians,2
1,20,1,1,Italians,1
1,20,1,2,Germans,1
1,20,1,2,Chinese,2
1,20,1,2,Russians,2
1,20,1,2,Italians,2
1,20,1,3,Germans,3
1,20,1,3,Chinese,1
1,20,1,3,Russians,2
1,20,1,3,Italians,1
1,20,1,4,Germans,2
1,20,1,4,Chinese,2
1,20,1,4,Russians,1
1,20,1,4,Italians,1
1,20,2,0,Germans,1
1,20,2,0,Chinese,2
1,20,2,0,Russians,2
1,20,2,0,Italians,1
1,20,2,1,Germans,2
1,20,2,1,Chinese,2
1,20,2,1,Russians,2
1,20,2,1,Italians,1
1,20,2,2,Germans,1
1,20,2,2,Chinese,2
1,20,2,2,Russians,2
1,20,2,2,Italians,2
1,20,2,3,Germans,2
1,20,2,3,Chinese,0
1,20,2,3,Russians,3
1,20,2,3,Italians,1
1,20,2,4,Germans,3
1,20,2,4,Chinese,2
1,20,2,4,Russians,2
1,20,2,4,Italians,2
1,20,3,0,Germans,1
1,20,3,0,Chinese,2
1,20,3,0,Russians,2
1,20,3,0,Italians,1
1,20,3,1,Germans,2
1,20,3,1,Chinese,2
1,20,3,1,Russians,2
1,20,3,1,Italians,1
1,20,3,2,Germans,2
1,20,3,2,Chinese,1
1,20,3,2,Russians,2
1,20,3,2,Italians,1
1,20,3,3,Germans,3
1,20,3,3,Chinese,1
1,20,3,3,Russians,2
1,20,3,3,Italians,1
1,20,3,4,Germans,3
1,20,3,4,Chinese,1
1,20,3,4,Russians,3
1,20,3,4,Italians,2
1,20,4,0,Germans,1
1,20,4,0,Chinese,2
1,20,4,0,Russians,2
1,20,4,0,Italians,1
1,20,4,1,Germans,2
1,20,4,1,Chinese,2
1,20,4,1,Russians,2
1,20,4,1,Italians,2
1,20,4,2,Germans,1
1,20,4,2,Chinese,2
1,20,4,2,Russians,2
1,20,4,2,Italians,2
1,20,4,3,Germans,3
1,20,4,3,Chinese,2
1,20,4,3,Russians,1
1,20,4,3,Italians,1
1,20,4,4,Germans,2
1,20,4,4,Chinese,2
1,20,4,4,Russians,1
1,20,4,4,Italians,1
1,20,5,0,Germans,1
1,20,5,0,Chinese,2
1,20,5,0,Russians,2
1,20,5,0,Italians,1
1,20,5,1,Germans,2
1,20,5,1,Chinese,2
1,20,5,1,Russians,2
1,20,5,1,Italians,1
1,20,5,2,Germans,2
1,20,5,2,Chinese,2
1,20,5,2,Russians,3
1,20,5,2,Italians,2
1,20,5,3,Germans,1
1,20,5,3,Chinese,0
1,20,5,3,Russians,3
1,20,5,3,Italians,2
1,20,5,4,Germans,1
1,20,5,4,Chinese,2
1,20,5,4,Russians,2
1,20,5,4,Italians,3
1,20,6,0,Germans,1
1,20,6,0,Chinese,2
1,20,6,0,Russians,2
1,20,6,0,Italians,1
1,20,6,1,Germans,2
1,20,6,1,Chinese,2
1,20,6,1,Russians,2
1,20,6,1,Italians,1
1,20,6,2,Germans,1
1,20,6,2,Chinese,2
1,20,6,2,Russians,2
1,20,6,2,Italians,1
1,20,6,3,Germans,3
1,20,6,3,Chinese,1
1,20,6,3,Russians,2
1,20,6,3,Italians,1
1,20,6,4,Germans,2
1,20,6,4,Chinese,2
1,20,6,4,Russians,3
1,20,6,4,Italians,2
1,20,7,0,Germans,1
1,20,7,0,Chinese,2
1,20,7,0,Russians,2
1,20,7,0,Italians,1
1,20,7,1,Germans,2
1,20,7,1,Chinese,2
1,20,7,1,Russians,2
1,20,7,1,Italians,1
1,20,7,2,Germans,1
1,20,7,2,Chinese,2
1,20,7,2,Russians,3
1,20,7,2,Italians,2
1,20,7,3,Germans,3
1,20,7,3,Chinese,1
1,20,7,3,Russians,2
1,20,7,3,Italians,2
1,20,7,4,Germans,2
1,20,7,4,Chinese,2
1,20,7,4,Russians,1
1,20,7,4,Italians,2
1,20,8,0,Germans,1
1,20,8,0,Chinese,2
1,20,8,0,Russians,2
1,20,8,0,Italians,1
1,20,8,1,Germans,2
1,20,8,1,Chinese,2
1,20,8,1,Russians,2
1,20,8,1,Italians,1
1,20,8,2,Germans,1
1,20,8,2,Chinese,2
1,20,8,2,Russians,2
1,20,8,2,Italians,2
1,20,8,3,Germans,3
1,20,8,3,Chinese,1
1,20,8,3,Russians,2
1,20,8,3,Italians,1
1,20,8,4,Germans,2
1,20,8,4,Chinese,2
1,20,8,4,Russians,2
1,20,8,4,Italians,2
1,20,9,0,Germans,1
1,20,9,0,Chinese,2
1,20,9,0,Russians,2
1,20,9,0,Italians,1
1,20,9,1,Germans,2
1,20,9,1,Chinese,2
1,20,9,1,Russians,2
1,20,9,1,Italians,1
1,20,9,2,Germans,2
1,20,9,2,Chinese,1
1,20,9,2,Russians,3
1,20,9,2,Italians,1
1,20,9,3,Germans,2
1,20,9,3,Chinese,1
1,20,9,3,Russians,2
1,20,9,3,Italians,2
1,20,9,4,Germans,1
1,20,9,4,Chinese,1
1,20,9,4,Russians,2
1,20,9,4,Italians,2
1,21,1,0,Germans,1
1,21,1,0,Chinese,1
1,21,1,0,Russians,2
1,21,1,0,Italians,1
1,21,1,1,Germans,2
1,21,1,1,Chinese,1
1,21,1,1,Russians,1
1,21,1,1,Italians,1
1,21,1,2,Germans,2
1,21,1,2,Chinese,1
1,21,1,2,Russians,1
1,21,1,2,Italians,2
1,21,1,3,Germans,3
1,21,1,3,Chinese,2
1,21,1,3,Russians,2
1,21,1,3,Italians,2
1,21,1,4,Germans,3
1,21,1,4,Chinese,1
1,21,1,4,Russians,2
1,21,1,4,Italians,2
1,21,2,0,Germans,1
1,21,2,0,Chinese,1
1,21,2,0,Russians,2
1,21,2,0,Italians,1
1,21,2,1,Germans,1
1,21,2,1,Chinese,1
1,21,2,1,Russians,1
1,21,2,1,Italians,0
1,21,2,2,Germans,2
1,21,2,2,Chinese,3
1,21,2,2,Russians,1
1,21,2,2,Italians,0
1,21,2,3,Germans,3
1,21,2,3,Chinese,2
1,21,2,3,Russians,2
1,21,2,3,Italians,2
1,21,2,4,Germans,1
1,21,2,4,Chinese,3
1,21,2,4,Russians,2
1,21,2,4,Italians,1
1,21,3,0,Germans,1
1,21,3,0,Chinese,0
1,21,3,0,Russians,2
1,21,3,0,Italians,2
1,21,3,1,Germans,2
1,21,3,1,Chinese,1
1,21,3,1,Russians,1
1,21,3,1,Italians,2
1,21,3,2,Germans,2
1,21,3,2,Chinese,0
1,21,3,2,Russians,1
1,21,3,2,Italians,2
1,21,3,3,Germans,0
1,21,3,3,Chinese,2
1,21,3,3,Russians,2
1,21,3,3,Italians,2
1,21,3,4,Germans,0
1,21,3,4,Chinese,2
1,21,3,4,Russians,2
1,21,3,4,Italians,0
1,21,4,0,Germans,1
1,21,4,0,Chinese,1
1,21,4,0,Russians,2
1,21,4,0,Italians,2
1,21,4,1,Germans,0
1,21,4,1,Chinese,1
1,21,4,1,Russians,1
1,21,4,1,Italians,1
1,21,4,2,Germans,2
1,21,4,2,Chinese,1
1,21,4,2,Russians,1
1,21,4,2,Italians,2
1,21,4,3,Germans,3
1,21,4,3,Chinese,1
1,21,4,3,Russians,1
1,21,4,3,Italians,2
1,21,4,4,Germans,2
1,21,4,4,Chinese,0
1,21,4,4,Russians,2
1,21,4,4,Italians,2
1,21,5,0,Germans,1
1,21,5,0,Chinese,1
1,21,5,0,Russians,2
1,21,5,0,Italians,2
1,21,5,1,Germans,1
1,21,5,1,Chinese,1
1,21,5,1,Russians,1
1,21,5,1,Italians,1
1,21,5,2,Germans,2
1,21,5,2,Chinese,2
1,21,5,2,Russians,1
1,21,5,2,Italians,1
1,21,5,3,Germans,2
1,21,5,3,Chinese,2
1,21,5,3,Russians,2
1,21,5,3,Italians,2
1,21,5,4,Germans,2
1,21,5,4,Chinese,2
1,21,5,4,Russians,1
1,21,5,4,Italians,1
1,21,6,0,Germans,1
1,21,6,0,Chinese,0
1,21,6,0,Russians,2
1,21,6,0,Italians,2
1,21,6,1,Germans,1
1,21,6,1,Chinese,2
1,21,6,1,Russians,1
1,21,6,1,Italians,0
1,21,6,2,Germans,2
1,21,6,2,Chinese,0
1,21,6,2,Russians,1
1,21,6,2,Italians,1
1,21,6,3,Germans,1
1,21,6,3,Chinese,2
1,21,6,3,Russians,2
1,21,6,3,Italians,3
1,21,6,4,Germans,1
1,21,6,4,Chinese,2
1,21,6,4,Russians,1
1,21,6,4,Italians,3
1,21,7,0,Germans,1
1,21,7,0,Chinese,1
1,21,7,0,Russians,2
1,21,7,0,Italians,1
1,21,7,1,Germans,1
1,21,7,1,Chinese,1
1,21,7,1,Russians,1
1,21,7,1,Italians,0
1,21,7,2,Germans,2
1,21,7,2,Chinese,3
1,21,7,2,Russians,1
1,21,7,2,Italians,1
1,21,7,3,Germans,2
1,21,7,3,Chinese,4
1,21,7,3,Russians,3
1,21,7,3,Italians,1
1,21,7,4,Germans,1
1,21,7,4,Chinese,1
1,21,7,4,Russians,2
1,21,7,4,Italians,2
1,21,8,0,Germans,1
1,21,8,0,Chinese,1
1,21,8,0,Russians,2
1,21,8,0,Italians,1
1,21,8,1,Germans,2
1,21,8,1,Chinese,2
1,21,8,1,Russians,1
1,21,8,1,Italians,0
1,21,8,2,Germans,2
1,21,8,2,Chinese,1
1,21,8,2,Russians,1
1,21,8,2,Italians,1
1,21,8,3,Germans,2
1,21,8,3,Chinese,1
1,21,8,3,Russians,2
1,21,8,3,Italians,1
1,21,8,4,Germans,1
1,21,8,4,Chinese,1
1,21,8,4,Russians,2
1,21,8,4,Italians,2
1,21,9,0,Germans,1
1,21,9,0,Chinese,0
1,21,9,0,Russians,2
1,21,9,0,Italians,2
1,21,9,1,Germans,2
1,21,9,1,Chinese,1
1,21,9,1,Russians,1
1,21,9,1,Italians,2
1,21,9,2,Germans,2
1,21,9,2,Chinese,1
1,21,9,2,Russians,2
1,21,9,2,Italians,2
1,21,9,3,Germans,1
1,21,9,3,Chinese,2
1,21,9,3,Russians,3
1,21,9,3,Italians,3
1,21,9,4,Germans,0
1,21,9,4,Chinese,2
1,21,9,4,Russians,2
1,21,9,4,Italians,1
1,22,1,0,Germans,1
1,22,1,0,Chinese,1
1,22,1,0,Russians,2
1,22,1,0,Italians,2
1,22,1,1,Germans,1
1,22,1,1,Chinese,1
1,22,1,1,Russians,2
1,22,1,1,Italians,2
1,22,1,2,Germans,0
1,22,1,2,Chinese,2
1,22,1,2,Russians,2
1,22,1,2,Italians,2
1,22,1,3,Germans,1
1,22,1,3,Chinese,3
1,22,1,3,Russians,1
1,22,1,3,Italians,1
1,22,1,4,Germans,1
1,22,1,4,Chinese,2
1,22,1,4,Russians,2
1,22,1,4,Italians,1
1,22,2,0,Germans,1
1,22,2,0,Chinese,1
1,22,2,0,Russians,2
1,22,2,0,Italians,3
1,22,2,1,Germans,2
1,22,2,1,Chinese,1
1,22,2,1,Russians,2
1,22,2,1,Italians,2
1,22,2,2,Germans,1
1,22,2,2,Chinese,2
1,22,2,2,Russians,2
1,22,2,2,Italians,1
1,22,2,3,Germans,1
1,22,2,3,Chinese,3
1,22,2,3,Russians,2
1,22,2,3,Italians,2
1,22,2,4,Germans,1
1,22,2,4,Chinese,1
1,22,2,4,Russians,3
1,22,2,4,Italians,1
1,22,3,0,Germans,1
1,22,3,0,Chinese,1
1,22,3,0,Russians,2
1,22,3,0,Italians,3
1,22,3,1,Germans,1
1,22,3,1,Chinese,1
1,22,3,1,Russians,2
1,22,3,1,Italians,2
1,22,3,2,Germans,0
1,22,3,2,Chinese,2
1,22,3,2,Russians,2
1,22,3,2,Italians,2
1,22,3,3,Germans,1
1,22,3,3,Chinese,2
1,22,3,3,Russians,2
1,22,3,3,Italians,1
1,22,3,4,Germans,2
1,22,3,4,Chinese,2
1,22,3,4,Russians,2
1,22,3,4,Italians,1
1,22,4,0,Germans,1
1,22,4,0,Chinese,1
1,22,4,0,Russians,2
1,22,4,0,Italians,2
1,22,4,1,Germans,1
1,22,4,1,Chinese,1
1,22,4,1,Russians,2
1,22,4,1,Italians,2
1,22,4,2,Germans,1
1,22,4,2,Chinese,3
1,22,4,2,Russians,1
1,22,4,2,Italians,3
1,22,4,3,Germans,1
1,22,4,3,Chinese,3
1,22,4,3,Russians,2
1,22,4,3,Italians,3
1,22,4,4,Germans,1
1,22,4,4,Chinese,2
1,22,4,4,Russians,2
1,22,4,4,Italians,1
1,22,5,0,Germans,1
1,22,5,0,Chinese,1
1,22,5,0,Russians,2
1,22,5,0,Italians,3
1,22,5,1,Germans,0
1,22,5,1,Chinese,1
1,22,5,1,Russians,2
1,22,5,1,Italians,2
1,22,5,2,Germans,0
1,22,5,2,Chinese,2
1,22,5,2,Russians,2
1,22,5,2,Italians,2
1,22,5,3,Germans,1
1,22,5,3,Chinese,3
1,22,5,3,Russians,2
1,22,5,3,Italians,1
1,22,5,4,Germans,1
1,22,5,4,Chinese,1
1,22,5,4,Russians,4
1,22,5,4,Italians,1
1,22,6,0,Germans,1
1,22,6,0,Chinese,1
1,22,6,0,Russians,2
1,22,6,0,Italians,2
1,22,6,1,Germans,2
1,22,6,1,Chinese,1
1,22,6,1,Russians,2
1,22,6,1,Italians,2
1,22,6,2,Germans,2
1,22,6,2,Chinese,1
1,22,6,2,Russians,1
1,22,6,2,Italians,2
1,22,6,3,Germans,1
1,22,6,3,Chinese,3
1,22,6,3,Russians,2
1,22,6,3,Italians,2
1,22,6,4,Germans,1
1,22,6,4,Chinese,2
1,22,6,4,Russians,2
1,22,6,4,Italians,2
1,22,7,0,Germans,1
1,22,7,0,Chinese,1
1,22,7,0,Russians,2
1,22,7,0,Italians,3
1,22,7,1,Germans,1
1,22,7,1,Chinese,1
1,22,7,1,Russians,2
1,22,7,1,Italians,2
1,22,7,2,Germans,0
1,22,7,2,Chinese,2
1,22,7,2,Russians,2
1,22,7,2,Italians,2
1,22,7,3,Germans,1
1,22,7,3,Chinese,3
1,22,7,3,Russians,2
1,22,7,3,Italians,1
1,22,7,4,Germans,2
1,22,7,4,Chinese,1
1,22,7,4,Russians,3
1,22,7,4,Italians,1
1,22,8,0,Germans,1
1,22,8,0,Chinese,1
1,22,8,0,Russians,2
1,22,8,0,Italians,2
1,22,8,1,Germans,1
1,22,8,1,Chinese,1
1,22,8,1,Russians,2
1,22,8,1,Italians,2
1,22,8,2,Germans,1
1,22,8,2,Chinese,2
1,22,8,2,Russians,2
1,22,8,2,Italians,2
1,22,8,3,Germans,1
1,22,8,3,Chinese,3
1,22,8,3,Russians,2
1,22,8,3,Italians,3
1,22,8,4,Germans,1
1,22,8,4,Chinese,1
1,22,8,4,Russians,3
1,22,8,4,Italians,2
1,23,1,0,Germans,1
1,23,1,0,Chinese,1
1,23,1,0,Russians,2
1,23,1,0,Italians,3
1,23,1,1,Germans,1
1,23,1,1,Chinese,3
1,23,1,1,Russians,3
1,23,1,1,Italians,3
1,23,1,2,Germans,1
1,23,1,2,Chinese,1
1,23,1,2,Russians,1
1,23,1,2,Italians,3
1,23,1,3,Germans,2
1,23,1,3,Chinese,2
1,23,1,3,Russians,3
1,23,1,3,Italians,1
1,23,1,4,Germans,2
1,23,1,4,Chinese,1
1,23,1,4,Russians,3
1,23,1,4,Italians,2
1,23,2,0,Germans,1
1,23,2,0,Chinese,2
1,23,2,0,Russians,2
1,23,2,0,Italians,3
1,23,2,1,Germans,1
1,23,2,1,Chinese,2
1,23,2,1,Russians,2
1,23,2,1,Italians,3
1,23,2,2,Germans,1
1,23,2,2,Chinese,3
1,23,2,2,Russians,2
1,23,2,2,Italians,3
1,23,2,3,Germans,2
1,23,2,3,Chinese,2
1,23,2,3,Russians,3
1,23,2,3,Italians,1
1,23,2,4,Germans,2
1,23,2,4,Chinese,2
1,23,2,4,Russians,2
1,23,2,4,Italians,2
1,23,3,0,Germans,1
1,23,3,0,Chinese,1
1,23,3,0,Russians,2
1,23,3,0,Italians,3
1,23,3,1,Germans,0
1,23,3,1,Chinese,2
1,23,3,1,Russians,3
1,23,3,1,Italians,3
1,23,3,2,Germans,2
1,23,3,2,Chinese,2
1,23,3,2,Russians,1
1,23,3,2,Italians,3
1,23,3,3,Germans,1
1,23,3,3,Chinese,1
1,23,3,3,Russians,4
1,23,3,3,Italians,1
1,23,3,4,Germans,2
1,23,3,4,Chinese,2
1,23,3,4,Russians,2
1,23,3,4,Italians,2
1,23,4,0,Germans,1
1,23,4,0,Chinese,2
1,23,4,0,Russians,2
1,23,4,0,Italians,3
1,23,4,1,Germans,0
1,23,4,1,Chinese,2
1,23,4,1,Russians,2
1,23,4,1,Italians,3
1,23,4,2,Germans,2
1,23,4,2,Chinese,3
1,23,4,2,Russians,2
1,23,4,2,Italians,1
1,23,4,3,Germans,2
1,23,4,3,Chinese,1
1,23,4,3,Russians,3
1,23,4,3,Italians,1
1,23,4,4,Germans,1
1,23,4,4,Chinese,0
1,23,4,4,Russians,1
1,23,4,4,Italians,2
1,23,5,0,Germans,1
1,23,5,0,Chinese,1
1,23,5,0,Russians,2
1,23,5,0,Italians,3
1,23,5,1,Germans,1
1,23,5,1,Chinese,2
1,23,5,1,Russians,3
1,23,5,1,Italians,3
1,23,5,2,Germans,1
1,23,5,2,Chinese,2
1,23,5,2,Russians,1
1,23,5,2,Italians,2
1,23,5,3,Germans,2
1,23,5,3,Chinese,1
1,23,5,3,Russians,3
1,23,5,3,Italians,1
1,23,5,4,Germans,2
1,23,5,4,Chinese,3
1,23,5,4,Russians,3
1,23,5,4,Italians,2
1,23,6,0,Germans,1
1,23,6,0,Chinese,2
1,23,6,0,Russians,2
1,23,6,0,Italians,3
1,23,6,1,Germans,1
1,23,6,1,Chinese,2
1,23,6,1,Russians,2
1,23,6,1,Italians,3
1,23,6,2,Germans,1
1,23,6,2,Chinese,3
1,23,6,2,Russians,2
1,23,6,2,Italians,3
1,23,6,3,Germans,2
1,23,6,3,Chinese,2
1,23,6,3,Russians,3
1,23,6,3,Italians,2
1,23,6,4,Germans,2
1,23,6,4,Chinese,2
1,23,6,4,Russians,2
1,23,6,4,Italians,1
1,23,7,0,Germans,1
1,23,7,0,Chinese,1
1,23,7,0,Russians,2
1,23,7,0,Italians,3
1,23,7,1,Germans,0
1,23,7,1,Chinese,2
1,23,7,1,Russians,3
1,23,7,1,Italians,3
1,23,7,2,Germans,2
1,23,7,2,Chinese,2
1,23,7,2,Russians,2
1,23,7,2,Italians,1
1,23,7,3,Germans,2
1,23,7,3,Chinese,1
1,23,7,3,Russians,3
1,23,7,3,Italians,1
1,23,7,4,Germans,1
1,23,7,4,Chinese,0
1,23,7,4,Russians,3
1,23,7,4,Italians,2
1,23,8,0,Germans,1
1,23,8,0,Chinese,2
1,23,8,0,Russians,2
1,23,8,0,Italians,3
1,23,8,1,Germans,0
1,23,8,1,Chinese,2
1,23,8,1,Russians,2
1,23,8,1,Italians,3
1,23,8,2,Germans,2
1,23,8,2,Chinese,3
1,23,8,2,Russians,2
1,23,8,2,Italians,2
1,23,8,3,Germans,1
1,23,8,3,Chinese,1
1,23,8,3,Russians,5
1,23,8,3,Italians,1
1,23,8,4,Germans,2
1,23,8,4,Chinese,1
1,23,8,4,Russians,3
1,23,8,4,Italians,1
1,24,1,0,Germans,1
1,24,1,0,Chinese,2
1,24,1,0,Russians,1
1,24,1,0,Italians,3
1,24,1,1,Germans,1
1,24,1,1,Chinese,3
1,24,1,1,Russians,1
1,24,1,1,Italians,2
1,24,1,2,Germans,2
1,24,1,2,Chinese,2
1,24,1,2,Russians,2
1,24,1,2,Italians,2
1,24,1,3,Germans,2
1,24,1,3,Chinese,2
1,24,1,3,Russians,1
1,24,1,3,Italians,2
1,24,1,4,Germans,1
1,24,1,4,Chinese,3
1,24,1,4,Russians,1
1,24,1,4,Italians,2
1,24,2,0,Germans,1
1,24,2,0,Chinese,2
1,24,2,0,Russians,1
1,24,2,0,Italians,4
1,24,2,1,Germans,1
1,24,2,1,Chinese,3
1,24,2,1,Russians,1
1,24,2,1,Italians,2
1,24,2,2,Germans,2
1,24,2,2,Chinese,2
1,24,2,2,Russians,2
1,24,2,2,Italians,2
1,24,2,3,Germans,2
1,24,2,3,Chinese,2
1,24,2,3,Russians,1
1,24,2,3,Italians,1
1,24,2,4,Germans,1
1,24,2,4,Chinese,2
1,24,2,4,Russians,1
1,24,2,4,Italians,2
1,24,3,0,Germans,1
1,24,3,0,Chinese,2
1,24,3,0,Russians,1
1,24,3,0,Italians,3
1,24,3,1,Germans,1
1,24,3,1,Chinese,3
1,24,3,1,Russians,1
1,24,3,1,Italians,2
1,24,3,2,Germans,2
1,24,3,2,Chinese,2
1,24,3,2,Russians,2
1,24,3,2,Italians,2
1,24,3,3,Germans,1
1,24,3,3,Chinese,2
1,24,3,3,Russians,0
1,24,3,3,Italians,3
1,24,3,4,Germans,1
1,24,3,4,Chinese,2
1,24,3,4,Russians,1
1,24,3,4,Italians,3
1,24,4,0,Germans,1
1,24,4,0,Chinese,2
1,24,4,0,Russians,1
1,24,4,0,Italians,4
1,24,4,1,Germans,1
1,24,4,1,Chinese,3
1,24,4,1,Russians,1
1,24,4,1,Italians,2
1,24,4,2,Germans,2
1,24,4,2,Chinese,2
1,24,4,2,Russians,2
1,24,4,2,Italians,2
1,24,4,3,Germans,1
1,24,4,3,Chinese,2
1,24,4,3,Russians,1
1,24,4,3,Italians,2
1,24,4,4,Germans,1
1,24,4,4,Chinese,3
1,24,4,4,Russians,1
1,24,4,4,Italians,2
1,24,5,0,Germans,1
1,24,5,0,Chinese,2
1,24,5,0,Russians,1
1,24,5,0,Italians,3
1,24,5,1,Germans,1
1,24,5,1,Chinese,3
1,24,5,1,Russians,1
1,24,5,1,Italians,3
1,24,5,2,Germans,1
1,24,5,2,Chinese,2
1,24,5,2,Russians,2
1,24,5,2,Italians,2
1,24,5,3,Germans,2
1,24,5,3,Chinese,2
1,24,5,3,Russians,1
1,24,5,3,Italians,1
1,24,5,4,Germans,2
1,24,5,4,Chinese,3
1,24,5,4,Russians,1
1,24,5,4,Italians,2
1,24,6,0,Germans,1
1,24,6,0,Chinese,2
1,24,6,0,Russians,1
1,24,6,0,Italians,4
1,24,6,1,Germans,1
1,24,6,1,Chinese,3
1,24,6,1,Russians,1
1,24,6,1,Italians,2
1,24,6,2,Germans,2
1,24,6,2,Chinese,2
1,24,6,2,Russians,2
1,24,6,2,Italians,2
1,24,6,3,Germans,1
1,24,6,3,Chinese,2
1,24,6,3,Russians,1
1,24,6,3,Italians,1
1,24,6,4,Germans,0
1,24,6,4,Chinese,2
1,24,6,4,Russians,1
1,24,6,4,Italians,2
1,24,7,0,Germans,1
1,24,7,0,Chinese,2
1,24,7,0,Russians,1
1,24,7,0,Italians,3
1,24,7,1,Germans,1
1,24,7,1,Chinese,3
1,24,7,1,Russians,1
1,24,7,1,Italians,3
1,24,7,2,Germans,1
1,24,7,2,Chinese,2
1,24,7,2,Russians,2
1,24,7,2,Italians,2
1,24,7,3,Germans,2
1,24,7,3,Chinese,2
1,24,7,3,Russians,1
1,24,7,3,Italians,2
1,24,7,4,Germans,2
1,24,7,4,Chinese,1
1,24,7,4,Russians,1
1,24,7,4,Italians,2
1,24,8,0,Germans,1
1,24,8,0,Chinese,2
1,24,8,0,Russians,1
1,24,8,0,Italians,4
1,24,8,1,Germans,1
1,24,8,1,Chinese,3
1,24,8,1,Russians,1
1,24,8,1,Italians,3
1,24,8,2,Germans,1
1,24,8,2,Chinese,2
1,24,8,2,Russians,2
1,24,8,2,Italians,2
1,24,8,3,Germans,1
1,24,8,3,Chinese,2
1,24,8,3,Russians,1
1,24,8,3,Italians,2
1,24,8,4,Germans,2
1,24,8,4,Chinese,3
1,24,8,4,Russians,1
1,24,8,4,Italians,2
1,24,9,0,Germans,1
1,24,9,0,Chinese,2
1,24,9,0,Russians,1
1,24,9,0,Italians,3
1,24,9,1,Germans,1
1,24,9,1,Chinese,3
1,24,9,1,Russians,1
1,24,9,1,Italians,2
1,24,9,2,Germans,2
1,24,9,2,Chinese,2
1,24,9,2,Russians,2
1,24,9,2,Italians,2
1,24,9,3,Germans,2
1,24,9,3,Chinese,2
1,24,9,3,Russians,0
1,24,9,3,Italians,1
1,24,9,4,Germans,1
1,24,9,4,Chinese,3
1,24,9,4,Russians,2
1,24,9,4,Italians,2
1,25,1,0,Germans,1
1,25,1,0,Chinese,2
1,25,1,0,Russians,1
1,25,1,0,Italians,2
1,25,1,1,Germans,1
1,25,1,1,Chinese,1
1,25,1,1,Russians,2
1,25,1,1,Italians,2
1,25,1,2,Germans,1
1,25,1,2,Chinese,1
1,25,1,2,Russians,3
1,25,1,2,Italians,2
1,25,1,3,Germans,2
1,25,1,3,Chinese,1
1,25,1,3,Russians,1
1,25,1,3,Italians,2
1,25,1,4,Germans,2
1,25,1,4,Chinese,1
1,25,1,4,Russians,2
1,25,1,4,Italians,3
1,25,2,0,Germans,1
1,25,2,0,Chinese,2
1,25,2,0,Russians,1
1,25,2,0,Italians,2
1,25,2,1,Germans,2
1,25,2,1,Chinese,1
1,25,2,1,Russians,2
1,25,2,1,Italians,2
1,25,2,2,Germans,1
1,25,2,2,Chinese,1
1,25,2,2,Russians,3
1,25,2,2,Italians,2
1,25,2,3,Germans,2
1,25,2,3,Chinese,2
1,25,2,3,Russians,1
1,25,2,3,Italians,2
1,25,2,4,Germans,2
1,25,2,4,Chinese,1
1,25,2,4,Russians,2
1,25,2,4,Italians,2
1,25,3,0,Germans,1
1,25,3,0,Chinese,2
1,25,3,0,Russians,1
1,25,3,0,Italians,2
1,25,3,1,Germans,2
1,25,3,1,Chinese,1
1,25,3,1,Russians,2
1,25,3,1,Italians,2
1,25,3,2,Germans,1
1,25,3,2,Chinese,1
1,25,3,2,Russians,3
1,25,3,2,Italians,1
1,25,3,3,Germans,2
1,25,3,3,Chinese,2
1,25,3,3,Russians,2
1,25,3,3,Italians,2
1,25,3,4,Germans,1
1,25,3,4,Chinese,2
1,25,3,4,Russians,1
1,25,3,4,Italians,3
1,25,4,0,Germans,1
1,25,4,0,Chinese,2
1,25,4,0,Russians,1
1,25,4,0,Italians,2
1,25,4,1,Germans,1
1,25,4,1,Chinese,1
1,25,4,1,Russians,2
1,25,4,1,Italians,2
1,25,4,2,Germans,1
1,25,4,2,Chinese,1
1,25,4,2,Russians,3
1,25,4,2,Italians,2
1,25,4,3,Germans,2
1,25,4,3,Chinese,2
1,25,4,3,Russians,3
1,25,4,3,Italians,1
1,25,4,4,Germans,2
1,25,4,4,Chinese,1
1,25,4,4,Russians,1
1,25,4,4,Italians,2
1,25,5,0,Germans,1
1,25,5,0,Chinese,2
1,25,5,0,Russians,1
1,25,5,0,Italians,2
1,25,5,1,Germans,1
1,25,5,1,Chinese,1
1,25,5,1,Russians,2
1,25,5,1,Italians,2
1,25,5,2,Germans,1
1,25,5,2,Chinese,1
1,25,5,2,Russians,3
1,25,5,2,Italians,2
1,25,5,3,Germans,2
1,25,5,3,Chinese,2
1,25,5,3,Russians,2
1,25,5,3,Italians,2
1,25,5,4,Germans,2
1,25,5,4,Chinese,1
1,25,5,4,Russians,2
1,25,5,4,Italians,2
1,25,6,0,Germans,1
1,25,6,0,Chinese,2
1,25,6,0,Russians,1
1,25,6,0,Italians,2
1,25,6,1,Germans,2
1,25,6,1,Chinese,1
1,25,6,1,Russians,2
1,25,6,1,Italians,2
1,25,6,2,Germans,1
1,25,6,2,Chinese,1
1,25,6,2,Russians,3
1,25,6,2,Italians,2
1,25,6,3,Germans,2
1,25,6,3,Chinese,2
1,25,6,3,Russians,2
1,25,6,3,Italians,1
1,25,6,4,Germans,1
1,25,6,4,Chinese,2
1,25,6,4,Russians,1
1,25,6,4,Italians,1
1,25,7,0,Germans,1
1,25,7,0,Chinese,2
1,25,7,0,Russians,1
1,25,7,0,Italians,2
1,25,7,1,Germans,1
1,25,7,1,Chinese,1
1,25,7,1,Russians,2
1,25,7,1,Italians,2
1,25,7,2,Germans,1
1,25,7,2,Chinese,1
1,25,7,2,Russians,3
1,25,7,2,Italians,2
1,25,7,3,Germans,2
1,25,7,3,Chinese,3
1,25,7,3,Russians,2
1,25,7,3,Italians,1
1,25,7,4,Germans,1
1,25,7,4,Chinese,2
1,25,7,4,Russians,2
1,25,7,4,Italians,2
1,25,8,0,Germans,1
1,25,8,0,Chinese,2
1,25,8,0,Russians,1
1,25,8,0,Italians,2
1,25,8,1,Germans,2
1,25,8,1,Chinese,1
1,25,8,1,Russians,2
1,25,8,1,Italians,2
1,25,8,2,Germans,1
1,25,8,2,Chinese,1
1,25,8,2,Russians,3
1,25,8,2,Italians,2
1,25,8,3,Germans,2
1,25,8,3,Chinese,2
1,25,8,3,Russians,2
1,25,8,3,Italians,1
1,25,8,4,Germans,2
1,25,8,4,Chinese,2
1,25,8,4,Russians,3
1,25,8,4,Italians,1
1,26,1,0,Germans,1
1,26,1,0,Chinese,2
1,26,1,0,Russians,2
1,26,1,0,Italians,2
1,26,1,1,Germans,1
1,26,1,1,Chinese,1
1,26,1,1,Russians,3
1,26,1,1,Italians,2
1,26,1,2,Germans,2
1,26,1,2,Chinese,2
1,26,1,2,Russians,2
1,26,1,2,Italians,2
1,26,1,3,Germans,1
1,26,1,3,Chinese,2
1,26,1,3,Russians,1
1,26,1,3,Italians,1
1,26,1,4,Germans,1
1,26,1,4,Chinese,2
1,26,1,4,Russians,2
1,26,1,4,Italians,2
1,26,2,0,Germans,1
1,26,2,0,Chinese,2
1,26,2,0,Russians,2
1,26,2,0,Italians,3
1,26,2,1,Germans,2
1,26,2,1,Chinese,2
1,26,2,1,Russians,3
1,26,2,1,Italians,1
1,26,2,2,Germans,2
1,26,2,2,Chinese,2
1,26,2,2,Russians,2
1,26,2,2,Italians,2
1,26,2,3,Germans,2
1,26,2,3,Chinese,2
1,26,2,3,Russians,2
1,26,2,3,Italians,3
1,26,2,4,Germans,1
1,26,2,4,Chinese,1
1,26,2,4,Russians,3
1,26,2,4,Italians,2
1,26,3,0,Germans,1
1,26,3,0,Chinese,2
1,26,3,0,Russians,2
1,26,3,0,Italians,2
1,26,3,1,Germans,1
1,26,3,1,Chinese,1
1,26,3,1,Russians,2
1,26,3,1,Italians,2
1,26,3,2,Germans,2
1,26,3,2,Chinese,1
1,26,3,2,Russians,2
1,26,3,2,Italians,2
1,26,3,3,Germans,2
1,26,3,3,Chinese,2
1,26,3,3,Russians,1
1,26,3,3,Italians,2
1,26,3,4,Germans,1
1,26,3,4,Chinese,3
1,26,3,4,Russians,1
1,26,3,4,Italians,1
1,26,4,0,Germans,1
1,26,4,0,Chinese,2
1,26,4,0,Russians,2
1,26,4,0,Italians,2
1,26,4,1,Germans,1
1,26,4,1,Chinese,1
1,26,4,1,Russians,2
1,26,4,1,Italians,2
1,26,4,2,Germans,2
1,26,4,2,Chinese,1
1,26,4,2,Russians,2
1,26,4,2,Italians,2
1,26,4,3,Germans,2
1,26,4,3,Chinese,2
1,26,4,3,Russians,1
1,26,4,3,Italians,2
1,26,4,4,Germans,1
1,26,4,4,Chinese,3
1,26,4,4,Russians,1
1,26,4,4,Italians,2
1,26,5,0,Germans,1
1,26,5,0,Chinese,2
1,26,5,0,Russians,2
1,26,5,0,Italians,3
1,26,5,1,Germans,2
1,26,5,1,Chinese,2
1,26,5,1,Russians,3
1,26,5,1,Italians,2
1,26,5,2,Germans,2
1,26,5,2,Chinese,1
1,26,5,2,Russians,1
1,26,5,2,Italians,2
1,26,5,3,Germans,2
1,26,5,3,Chinese,2
1,26,5,3,Russians,2
1,26,5,3,Italians,2
1,26,5,4,Germans,1
1,26,5,4,Chinese,3
1,26,5,4,Russians,2
1,26,5,4,Italians,3
1,26,6,0,Germans,1
1,26,6,0,Chinese,2
1,26,6,0,Russians,2
1,26,6,0,Italians,2
1,26,6,1,Germans,1
1,26,6,1,Chinese,1
1,26,6,1,Russians,2
1,26,6,1,Italians,2
1,26,6,2,Germans,2
1,26,6,2,Chinese,1
1,26,6,2,Russians,2
1,26,6,2,Italians,3
1,26,6,3,Germans,2
1,26,6,3,Chinese,2
1,26,6,3,Russians,1
1,26,6,3,Italians,1
1,26,6,4,Germans,3
1,26,6,4,Chinese,3
1,26,6,4,Russians,1
1,26,6,4,Italians,2
1,26,7,0,Germans,1
1,26,7,0,Chinese,2
1,26,7,0,Russians,2
1,26,7,0,Italians,3
1,26,7,1,Germans,2
1,26,7,1,Chinese,1
1,26,7,1,Russians,3
1,26,7,1,Italians,2
1,26,7,2,Germans,2
1,26,7,2,Chinese,2
1,26,7,2,Russians,1
1,26,7,2,Italians,2
1,26,7,3,Germans,2
1,26,7,3,Chinese,2
1,26,7,3,Russians,1
1,26,7,3,Italians,1
1,26,7,4,Germans,2
1,26,7,4,Chinese,3
1,26,7,4,Russians,2
1,26,7,4,Italians,3
1,26,8,0,Germans,1
1,26,8,0,Chinese,2
1,26,8,0,Russians,2
1,26,8,0,Italians,2
1,26,8,1,Germans,1
1,26,8,1,Chinese,1
1,26,8,1,Russians,2
1,26,8,1,Italians,2
1,26,8,2,Germans,2
1,26,8,2,Chinese,2
1,26,8,2,Russians,2
1,26,8,2,Italians,3
1,26,8,3,Germans,1
1,26,8,3,Chinese,2
1,26,8,3,Russians,1
1,26,8,3,Italians,2
1,26,8,4,Germans,3
1,26,8,4,Chinese,2
1,26,8,4,Russians,1
1,26,8,4,Italians,1
1,26,9,0,Germans,1
1,26,9,0,Chinese,2
1,26,9,0,Russians,2
1,26,9,0,Italians,3
1,26,9,1,Germans,2
1,26,9,1,Chinese,2
1,26,9,1,Russians,2
1,26,9,1,Italians,2
1,26,9,2,Germans,2
1,26,9,2,Chinese,1
1,26,9,2,Russians,1
1,26,9,2,Italians,3
1,26,9,3,Germans,2
1,26,9,3,Chinese,2
1,26,9,3,Russians,1
1,26,9,3,Italians,1
1,26,9,4,Germans,1
1,26,9,4,Chinese,3
1,26,9,4,Russians,2
1,26,9,4,Italians,1
1,27,1,0,Germans,1
1,27,1,0,Chinese,1
1,27,1,0,Russians,2
1,27,1,0,Italians,2
1,27,1,1,Germans,2
1,27,1,1,Chinese,2
1,27,1,1,Russians,1
1,27,1,1,Italians,1
1,27,1,2,Germans,2
1,27,1,2,Chinese,3
1,27,1,2,Russians,1
1,27,1,2,Italians,2
1,27,1,3,Germans,1
1,27,1,3,Chinese,1
1,27,1,3,Russians,2
1,27,1,3,Italians,3
1,27,1,4,Germans,2
1,27,1,4,Chinese,2
1,27,1,4,Russians,1
1,27,1,4,Italians,2
1,27,2,0,Germans,1
1,27,2,0,Chinese,1
1,27,2,0,Russians,2
1,27,2,0,Italians,2
1,27,2,1,Germans,2
1,27,2,1,Chinese,2
1,27,2,1,Russians,2
1,27,2,1,Italians,2
1,27,2,2,Germans,2
1,27,2,2,Chinese,2
1,27,2,2,Russians,1
1,27,2,2,Italians,3
1,27,2,3,Germans,1
1,27,2,3,Chinese,2
1,27,2,3,Russians,1
1,27,2,3,Italians,2
1,27,2,4,Germans,1
1,27,2,4,Chinese,2
1,27,2,4,Russians,2
1,27,2,4,Italians,2
1,27,3,0,Germans,1
1,27,3,0,Chinese,1
1,27,3,0,Russians,2
1,27,3,0,Italians,2
1,27,3,1,Germans,2
1,27,3,1,Chinese,2
1,27,3,1,Russians,1
1,27,3,1,Italians,1
1,27,3,2,Germans,3
1,27,3,2,Chinese,2
1,27,3,2,Russians,2
1,27,3,2,Italians,2
1,27,3,3,Germans,1
1,27,3,3,Chinese,1
1,27,3,3,Russians,2
1,27,3,3,Italians,3
1,27,3,4,Germans,1
1,27,3,4,Chinese,2
1,27,3,4,Russians,1
1,27,3,4,Italians,3
1,27,4,0,Germans,1
1,27,4,0,Chinese,1
1,27,4,0,Russians,2
1,27,4,0,Italians,2
1,27,4,1,Germans,2
1,27,4,1,Chinese,2
1,27,4,1,Russians,2
1,27,4,1,Italians,2
1,27,4,2,Germans,2
1,27,4,2,Chinese,2
1,27,4,2,Russians,1
1,27,4,2,Italians,2
1,27,4,3,Germans,1
1,27,4,3,Chinese,2
1,27,4,3,Russians,1
1,27,4,3,Italians,3
1,27,4,4,Germans,2
1,27,4,4,Chinese,2
1,27,4,4,Russians,1
1,27,4,4,Italians,2
1,27,5,0,Germans,1
1,27,5,0,Chinese,1
1,27,5,0,Russians,2
1,27,5,0,Italians,2
1,27,5,1,Germans,2
1,27,5,1,Chinese,2
1,27,5,1,Russians,1
1,27,5,1,Italians,1
1,27,5,2,Germans,2
1,27,5,2,Chinese,3
1,27,5,2,Russians,2
1,27,5,2,Italians,2
1,27,5,3,Germans,2
1,27,5,3,Chinese,1
1,27,5,3,Russians,3
1,27,5,3,Italians,2
1,27,5,4,Germans,1
1,27,5,4,Chinese,1
1,27,5,4,Russians,1
1,27,5,4,Italians,3
1,27,6,0,Germans,1
1,27,6,0,Chinese,1
1,27,6,0,Russians,2
1,27,6,0,Italians,2
1,27,6,1,Germans,2
1,27,6,1,Chinese,2
1,27,6,1,Russians,1
1,27,6,1,Italians,1
1,27,6,2,Germans,2
1,27,6,2,Chinese,3
1,27,6,2,Russians,2
1,27,6,2,Italians,2
1,27,6,3,Germans,2
1,27,6,3,Chinese,0
1,27,6,3,Russians,3
1,27,6,3,Italians,2
1,27,6,4,Germans,1
1,27,6,4,Chinese,1
1,27,6,4,Russians,2
1,27,6,4,Italians,2
1,27,7,0,Germans,1
1,27,7,0,Chinese,1
1,27,7,0,Russians,2
1,27,7,0,Italians,2
1,27,7,1,Germans,2
1,27,7,1,Chinese,2
1,27,7,1,Russians,1
1,27,7,1,Italians,1
1,27,7,2,Germans,3
1,27,7,2,Chinese,2
1,27,7,2,Russians,1
1,27,7,2,Italians,2
1,27,7,3,Germans,1
1,27,7,3,Chinese,2
1,27,7,3,Russians,2
1,27,7,3,Italians,3
1,27,7,4,Germans,1
1,27,7,4,Chinese,2
1,27,7,4,Russians,2
1,27,7,4,Italians,3
1,27,8,0,Germans,1
1,27,8,0,Chinese,1
1,27,8,0,Russians,2
1,27,8,0,Italians,2
1,27,8,1,Germans,2
1,27,8,1,Chinese,2
1,27,8,1,Russians,1
1,27,8,1,Italians,1
1,27,8,2,Germans,2
1,27,8,2,Chinese,3
1,27,8,2,Russians,1
1,27,8,2,Italians,2
1,27,8,3,Germans,0
1,27,8,3,Chinese,1
1,27,8,3,Russians,2
1,27,8,3,Italians,3
1,27,8,4,Germans,1
1,27,8,4,Chinese,2
1,27,8,4,Russians,0
1,27,8,4,Italians,3
1,27,9,0,Germans,1
1,27,9,0,Chinese,1
1,27,9,0,Russians,2
1,27,9,0,Italians,2
1,27,9,1,Germans,2
1,27,9,1,Chinese,2
1,27,9,1,Russians,1
1,27,9,1,Italians,1
1,27,9,2,Germans,2
1,27,9,2,Chinese,2
1,27,9,2,Russians,1
1,27,9,2,Italians,2
1,27,9,3,Germans,1
1,27,9,3,Chinese,2
1,27,9,3,Russians,2
1,27,9,3,Italians,3
1,27,9,4,Germans,2
1,27,9,4,Chinese,1
1,27,9,4,Russians,2
1,27,9,4,Italians,2
1,28,1,0,Germans,1
1,28,1,0,Chinese,2
1,28,1,0,Russians,2
1,28,1,0,Italians,3
1,28,1,1,Germans,1
1,28,1,1,Chinese,2
1,28,1,1,Russians,2
1,28,1,1,Italians,2
1,28,1,2,Germans,2
1,28,1,2,Chinese,1
1,28,1,2,Russians,1
1,28,1,2,Italians,2
1,28,1,3,Germans,2
1,28,1,3,Chinese,2
1,28,1,3,Russians,2
1,28,1,3,Italians,2
1,28,1,4,Germans,1
1,28,1,4,Chinese,2
1,28,1,4,Russians,1
1,28,1,4,Italians,3
1,28,2,0,Germans,1
1,28,2,0,Chinese,2
1,28,2,0,Russians,2
1,28,2,0,Italians,3
1,28,2,1,Germans,2
1,28,2,1,Chinese,2
1,28,2,1,Russians,2
1,28,2,1,Italians,1
1,28,2,2,Germans,2
1,28,2,2,Chinese,1
1,28,2,2,Russians,1
1,28,2,2,Italians,2
1,28,2,3,Germans,1
1,28,2,3,Chinese,2
1,28,2,3,Russians,2
1,28,2,3,Italians,2
1,28,2,4,Germans,0
1,28,2,4,Chinese,2
1,28,2,4,Russians,0
1,28,2,4,Italians,2
1,28,3,0,Germans,1
1,28,3,0,Chinese,2
1,28,3,0,Russians,2
1,28,3,0,Italians,3
1,28,3,1,Germans,1
1,28,3,1,Chinese,2
1,28,3,1,Russians,1
1,28,3,1,Italians,2
1,28,3,2,Germans,1
1,28,3,2,Chinese,2
1,28,3,2,Russians,1
1,28,3,2,Italians,2
1,28,3,3,Germans,2
1,28,3,3,Chinese,3
1,28,3,3,Russians,1
1,28,3,3,Italians,3
1,28,3,4,Germans,1
1,28,3,4,Chinese,1
1,28,3,4,Russians,1
1,28,3,4,Italians,3
1,28,4,0,Germans,1
1,28,4,0,Chinese,2
1,28,4,0,Russians,2
1,28,4,0,Italians,3
1,28,4,1,Germans,2
1,28,4,1,Chinese,2
1,28,4,1,Russians,1
1,28,4,1,Italians,1
1,28,4,2,Germans,1
1,28,4,2,Chinese,2
1,28,4,2,Russians,1
1,28,4,2,Italians,1
1,28,4,3,Germans,2
1,28,4,3,Chinese,2
1,28,4,3,Russians,2
1,28,4,3,Italians,2
1,28,4,4,Germans,1
1,28,4,4,Chinese,0
1,28,4,4,Russians,2
1,28,4,4,Italians,3
1,28,5,0,Germans,1
1,28,5,0,Chinese,2
1,28,5,0,Russians,2
1,28,5,0,Italians,3
1,28,5,1,Germans,1
1,28,5,1,Chinese,2
1,28,5,1,Russians,1
1,28,5,1,Italians,2
1,28,5,2,Germans,2
1,28,5,2,Chinese,1
1,28,5,2,Russians,1
1,28,5,2,Italians,2
1,28,5,3,Germans,2
1,28,5,3,Chinese,2
1,28,5,3,Russians,1
1,28,5,3,Italians,2
1,28,5,4,Germans,1
1,28,5,4,Chinese,2
1,28,5,4,Russians,1
1,28,5,4,Italians,3
1,28,6,0,Germans,1
1,28,6,0,Chinese,2
1,28,6,0,Russians,2
1,28,6,0,Italians,3
1,28,6,1,Germans,2
1,28,6,1,Chinese,2
1,28,6,1,Russians,2
1,28,6,1,Italians,1
1,28,6,2,Germans,2
1,28,6,2,Chinese,1
1,28,6,2,Russians,1
1,28,6,2,Italians,1
1,28,6,3,Germans,1
1,28,6,3,Chinese,2
1,28,6,3,Russians,1
1,28,6,3,Italians,2
1,28,6,4,Germans,0
1,28,6,4,Chinese,2
1,28,6,4,Russians,2
1,28,6,4,Italians,2
1,28,7,0,Germans,1
1,28,7,0,Chinese,2
1,28,7,0,Russians,2
1,28,7,0,Italians,3
1,28,7,1,Germans,1
1,28,7,1,Chinese,2
1,28,7,1,Russians,1
1,28,7,1,Italians,2
1,28,7,2,Germans,1
1,28,7,2,Chinese,2
1,28,7,2,Russians,1
1,28,7,2,Italians,2
1,28,7,3,Germans,1
1,28,7,3,Chinese,2
1,28,7,3,Russians,2
1,28,7,3,Italians,2
1,28,7,4,Germans,3
1,28,7,4,Chinese,1
1,28,7,4,Russians,1
1,28,7,4,Italians,3
1,28,8,0,Germans,1
1,28,8,0,Chinese,2
1,28,8,0,Russians,2
1,28,8,0,Italians,3
1,28,8,1,Germans,2
1,28,8,1,Chinese,2
1,28,8,1,Russians,1
1,28,8,1,Italians,1
1,28,8,2,Germans,1
1,28,8,2,Chinese,2
1,28,8,2,Russians,1
1,28,8,2,Italians,2
1,28,8,3,Germans,1
1,28,8,3,Chinese,2
1,28,8,3,Russians,2
1,28,8,3,Italians,2
1,28,8,4,Germans,0
1,28,8,4,Chinese,1
1,28,8,4,Russians,1
1,28,8,4,Italians,3
1,29,1,0,Germans,1
1,29,1,0,Chinese,1
1,29,1,0,Russians,1
1,29,1,0,Italians,2
1,29,1,1,Germans,1
1,29,1,1,Chinese,2
1,29,1,1,Russians,2
1,29,1,1,Italians,4
1,29,1,2,Germans,1
1,29,1,2,Chinese,2
1,29,1,2,Russians,2
1,29,1,2,Italians,2
1,29,1,3,Germans,1
1,29,1,3,Chinese,1
1,29,1,3,Russians,2
1,29,1,3,Italians,3
1,29,1,4,Germans,1
1,29,1,4,Chinese,2
1,29,1,4,Russians,1
1,29,1,4,Italians,4
1,29,2,0,Germans,1
1,29,2,0,Chinese,1
1,29,2,0,Russians,2
1,29,2,0,Italians,2
1,29,2,1,Germans,2
1,29,2,1,Chinese,1
1,29,2,1,Russians,2
1,29,2,1,Italians,3
1,29,2,2,Germans,1
1,29,2,2,Chinese,1
1,29,2,2,Russians,1
1,29,2,2,Italians,1
1,29,2,3,Germans,1
1,29,2,3,Chinese,2
1,29,2,3,Russians,2
1,29,2,3,Italians,3
1,29,2,4,Germans,2
1,29,2,4,Chinese,2
1,29,2,4,Russians,1
1,29,2,4,Italians,3
1,29,3,0,Germans,1
1,29,3,0,Chinese,1
1,29,3,0,Russians,1
1,29,3,0,Italians,2
1,29,3,1,Germans,1
1,29,3,1,Chinese,2
1,29,3,1,Russians,2
1,29,3,1,Italians,3
1,29,3,2,Germans,1
1,29,3,2,Chinese,2
1,29,3,2,Russians,2
1,29,3,2,Italians,1
1,29,3,3,Germans,0
1,29,3,3,Chinese,2
1,29,3,3,Russians,2
1,29,3,3,Italians,1
1,29,3,4,Germans,2
1,29,3,4,Chinese,1
1,29,3,4,Russians,1
1,29,3,4,Italians,1
1,29,4,0,Germans,1
1,29,4,0,Chinese,1
1,29,4,0,Russians,2
1,29,4,0,Italians,2
1,29,4,1,Germans,2
1,29,4,1,Chinese,1
1,29,4,1,Russians,2
1,29,4,1,Italians,3
1,29,4,2,Germans,2
1,29,4,2,Chinese,1
1,29,4,2,Russians,1
1,29,4,2,Italians,1
1,29,4,3,Germans,1
1,29,4,3,Chinese,1
1,29,4,3,Russians,2
1,29,4,3,Italians,2
1,29,4,4,Germans,2
1,29,4,4,Chinese,1
1,29,4,4,Russians,1
1,29,4,4,Italians,3
1,29,5,0,Germans,1
1,29,5,0,Chinese,1
1,29,5,0,Russians,1
1,29,5,0,Italians,2
1,29,5,1,Germans,1
1,29,5,1,Chinese,2
1,29,5,1,Russians,2
1,29,5,1,Italians,4
1,29,5,2,Germans,1
1,29,5,2,Chinese,2
1,29,5,2,Russians,2
1,29,5,2,Italians,3
1,29,5,3,Germans,1
1,29,5,3,Chinese,3
1,29,5,3,Russians,2
1,29,5,3,Italians,1
1,29,5,4,Germans,3
1,29,5,4,Chinese,1
1,29,5,4,Russians,1
1,29,5,4,Italians,2
1,29,6,0,Germans,1
1,29,6,0,Chinese,1
1,29,6,0,Russians,2
1,29,6,0,Italians,2
1,29,6,1,Germans,2
1,29,6,1,Chinese,1
1,29,6,1,Russians,2
1,29,6,1,Italians,4
1,29,6,2,Germans,2
1,29,6,2,Chinese,1
1,29,6,2,Russians,1
1,29,6,2,Italians,3
1,29,6,3,Germans,2
1,29,6,3,Chinese,1
1,29,6,3,Russians,2
1,29,6,3,Italians,1
1,29,6,4,Germans,1
1,29,6,4,Chinese,2
1,29,6,4,Russians,1
1,29,6,4,Italians,2
1,29,7,0,Germans,1
1,29,7,0,Chinese,1
1,29,7,0,Russians,1
1,29,7,0,Italians,2
1,29,7,1,Germans,1
1,29,7,1,Chinese,2
1,29,7,1,Russians,2
1,29,7,1,Italians,3
1,29,7,2,Germans,1
1,29,7,2,Chinese,2
1,29,7,2,Russians,2
1,29,7,2,Italians,2
1,29,7,3,Germans,0
1,29,7,3,Chinese,2
1,29,7,3,Russians,3
1,29,7,3,Italians,1
1,29,7,4,Germans,2
1,29,7,4,Chinese,2
1,29,7,4,Russians,1
1,29,7,4,Italians,1
1,29,8,0,Germans,1
1,29,8,0,Chinese,1
1,29,8,0,Russians,2
1,29,8,0,Italians,2
1,29,8,1,Germans,2
1,29,8,1,Chinese,1
1,29,8,1,Russians,2
1,29,8,1,Italians,4
1,29,8,2,Germans,1
1,29,8,2,Chinese,1
1,29,8,2,Russians,1
1,29,8,2,Italians,2
1,29,8,3,Germans,2
1,29,8,3,Chinese,1
1,29,8,3,Russians,2
1,29,8,3,Italians,1
1,29,8,4,Germans,2
1,29,8,4,Chinese,2
1,29,8,4,Russians,1
1,29,8,4,Italians,1
1,30,1,0,Germans,1
1,30,1,0,Chinese,1
1,30,1,0,Russians,2
1,30,1,0,Italians,2
1,30,1,1,Germans,1
1,30,1,1,Chinese,2
1,30,1,1,Russians,2
1,30,1,1,Italians,3
1,30,1,2,Germans,1
1,30,1,2,Chinese,3
1,30,1,2,Russians,1
1,30,1,2,Italians,2
1,30,1,3,Germans,1
1,30,1,3,Chinese,3
1,30,1,3,Russians,2
1,30,1,3,Italians,1
1,30,1,4,Germans,2
1,30,1,4,Chinese,2
1,30,1,4,Russians,3
1,30,1,4,Italians,1
1,30,2,0,Germans,1
1,30,2,0,Chinese,1
1,30,2,0,Russians,2
1,30,2,0,Italians,3
1,30,2,1,Germans,2
1,30,2,1,Chinese,2
1,30,2,1,Russians,2
1,30,2,1,Italians,4
1,30,2,2,Germans,1
1,30,2,2,Chinese,1
1,30,2,2,Russians,1
1,30,2,2,Italians,1
1,30,2,3,Germans,2
1,30,2,3,Chinese,1
1,30,2,3,Russians,2
1,30,2,3,Italians,1
1,30,2,4,Germans,3
1,30,2,4,Chinese,2
1,30,2,4,Russians,3
1,30,2,4,Italians,2
1,30,3,0,Germans,1
1,30,3,0,Chinese,1
1,30,3,0,Russians,2
1,30,3,0,Italians,2
1,30,3,1,Germans,1
1,30,3,1,Chinese,2
1,30,3,1,Russians,2
1,30,3,1,Italians,3
1,30,3,2,Germans,1
1,30,3,2,Chinese,1
1,30,3,2,Russians,1
1,30,3,2,Italians,2
1,30,3,3,Germans,1
1,30,3,3,Chinese,1
1,30,3,3,Russians,1
1,30,3,3,Italians,2
1,30,3,4,Germans,0
1,30,3,4,Chinese,2
1,30,3,4,Russians,0
1,30,3,4,Italians,2
1,30,4,0,Germans,1
1,30,4,0,Chinese,1
1,30,4,0,Russians,2
1,30,4,0,Italians,2
1,30,4,1,Germans,2
1,30,4,1,Chinese,1
1,30,4,1,Russians,1
1,30,4,1,Italians,3
1,30,4,2,Germans,1
1,30,4,2,Chinese,2
1,30,4,2,Russians,1
1,30,4,2,Italians,2
1,30,4,3,Germans,1
1,30,4,3,Chinese,2
1,30,4,3,Russians,2
1,30,4,3,Italians,0
1,30,4,4,Germans,1
1,30,4,4,Chinese,2
1,30,4,4,Russians,3
1,30,4,4,Italians,2
1,30,5,0,Germans,1
1,30,5,0,Chinese,1
1,30,5,0,Russians,2
1,30,5,0,Italians,3
1,30,5,1,Germans,1
1,30,5,1,Chinese,2
1,30,5,1,Russians,2
1,30,5,1,Italians,4
1,30,5,2,Germans,1
1,30,5,2,Chinese,2
1,30,5,2,Russians,1
1,30,5,2,Italians,1
1,30,5,3,Germans,1
1,30,5,3,Chinese,2
1,30,5,3,Russians,2
1,30,5,3,Italians,2
1,30,5,4,Germans,2
1,30,5,4,Chinese,2
1,30,5,4,Russians,1
1,30,5,4,Italians,1
1,30,6,0,Germans,1
1,30,6,0,Chinese,1
1,30,6,0,Russians,2
1,30,6,0,Italians,2
1,30,6,1,Germans,2
1,30,6,1,Chinese,1
1,30,6,1,Russians,1
1,30,6,1,Italians,3
1,30,6,2,Germans,1
1,30,6,2,Chinese,2
1,30,6,2,Russians,1
1,30,6,2,Italians,2
1,30,6,3,Germans,2
1,30,6,3,Chinese,3
1,30,6,3,Russians,2
1,30,6,3,Italians,1
1,30,6,4,Germans,1
1,30,6,4,Chinese,2
1,30,6,4,Russians,2
1,30,6,4,Italians,2
1,30,7,0,Germans,1
1,30,7,0,Chinese,1
1,30,7,0,Russians,2
1,30,7,0,Italians,2
1,30,7,1,Germans,1
1,30,7,1,Chinese,2
1,30,7,1,Russians,2
1,30,7,1,Italians,3
1,30,7,2,Germans,1
1,30,7,2,Chinese,1
1,30,7,2,Russians,1
1,30,7,2,Italians,3
1,30,7,3,Germans,1
1,30,7,3,Chinese,1
1,30,7,3,Russians,2
1,30,7,3,Italians,1
1,30,7,4,Germans,2
1,30,7,4,Chinese,2
1,30,7,4,Russians,3
1,30,7,4,Italians,2
1,30,8,0,Germans,1
1,30,8,0,Chinese,1
1,30,8,0,Russians,2
1,30,8,0,Italians,3
1,30,8,1,Germans,2
1,30,8,1,Chinese,1
1,30,8,1,Russians,1
1,30,8,1,Italians,4
1,30,8,2,Germans,2
1,30,8,2,Chinese,2
1,30,8,2,Russians,1
1,30,8,2,Italians,2
1,30,8,3,Germans,2
1,30,8,3,Chinese,3
1,30,8,3,Russians,2
1,30,8,3,Italians,1
1,30,8,4,Germans,2
1,30,8,4,Chinese,1
1,30,8,4,Russians,2
1,30,8,4,Italians,2
1,31,1,0,Germans,1
1,31,1,0,Chinese,3
1,31,1,0,Russians,2
1,31,1,0,Italians,3
1,31,1,1,Germans,1
1,31,1,1,Chinese,2
1,31,1,1,Russians,3
1,31,1,1,Italians,2
1,31,1,2,Germans,1
1,31,1,2,Chinese,1
1,31,1,2,Russians,3
1,31,1,2,Italians,1
1,31,1,3,Germans,1
1,31,1,3,Chinese,2
1,31,1,3,Russians,2
1,31,1,3,Italians,2
1,31,1,4,Germans,0
1,31,1,4,Chinese,2
1,31,1,4,Russians,2
1,31,1,4,Italians,1
1,31,2,0,Germans,1
1,31,2,0,Chinese,3
1,31,2,0,Russians,2
1,31,2,0,Italians,3
1,31,2,1,Germans,1
1,31,2,1,Chinese,2
1,31,2,1,Russians,3
1,31,2,1,Italians,2
1,31,2,2,Germans,1
1,31,2,2,Chinese,1
1,31,2,2,Russians,3
1,31,2,2,Italians,2
1,31,2,3,Germans,1
1,31,2,3,Chinese,1
1,31,2,3,Russians,1
1,31,2,3,Italians,3
1,31,2,4,Germans,0
1,31,2,4,Chinese,2
1,31,2,4,Russians,2
1,31,2,4,Italians,0
1,31,3,0,Germans,1
1,31,3,0,Chinese,3
1,31,3,0,Russians,2
1,31,3,0,Italians,3
1,31,3,1,Germans,1
1,31,3,1,Chinese,2
1,31,3,1,Russians,3
1,31,3,1,Italians,3
1,31,3,2,Germans,1
1,31,3,2,Chinese,1
1,31,3,2,Russians,3
1,31,3,2,Italians,1
1,31,3,3,Germans,1
1,31,3,3,Chinese,2
1,31,3,3,Russians,1
1,31,3,3,Italians,1
1,31,3,4,Germans,1
1,31,3,4,Chinese,2
1,31,3,4,Russians,2
1,31,3,4,Italians,2
1,31,4,0,Germans,1
1,31,4,0,Chinese,3
1,31,4,0,Russians,2
1,31,4,0,Italians,3
1,31,4,1,Germans,1
1,31,4,1,Chinese,2
1,31,4,1,Russians,3
1,31,4,1,Italians,3
1,31,4,2,Germans,1
1,31,4,2,Chinese,1
1,31,4,2,Russians,3
1,31,4,2,Italians,2
1,31,4,3,Germans,1
1,31,4,3,Chinese,1
1,31,4,3,Russians,2
1,31,4,3,Italians,2
1,31,4,4,Germans,2
1,31,4,4,Chinese,1
1,31,4,4,Russians,2
1,31,4,4,Italians,2
1,31,5,0,Germans,1
1,31,5,0,Chinese,3
1,31,5,0,Russians,2
1,31,5,0,Italians,3
1,31,5,1,Germans,1
1,31,5,1,Chinese,2
1,31,5,1,Russians,3
1,31,5,1,Italians,3
1,31,5,2,Germans,1
1,31,5,2,Chinese,1
1,31,5,2,Russians,3
1,31,5,2,Italians,2
1,31,5,3,Germans,1
1,31,5,3,Chinese,1
1,31,5,3,Russians,2
1,31,5,3,Italians,2
1,31,5,4,Germans,1
1,31,5,4,Chinese,1
1,31,5,4,Russians,1
1,31,5,4,Italians,1
1,31,6,0,Germans,1
1,31,6,0,Chinese,3
1,31,6,0,Russians,2
1,31,6,0,Italians,3
1,31,6,1,Germans,1
1,31,6,1,Chinese,2
1,31,6,1,Russians,3
1,31,6,1,Italians,3
1,31,6,2,Germans,1
1,31,6,2,Chinese,1
1,31,6,2,Russians,3
1,31,6,2,Italians,2
1,31,6,3,Germans,1
1,31,6,3,Chinese,2
1,31,6,3,Russians,2
1,31,6,3,Italians,2
1,31,6,4,Germans,1
1,31,6,4,Chinese,1
1,31,6,4,Russians,2
1,31,6,4,Italians,1
1,31,7,0,Germans,1
1,31,7,0,Chinese,3
1,31,7,0,Russians,2
1,31,7,0,Italians,3
1,31,7,1,Germans,1
1,31,7,1,Chinese,2
1,31,7,1,Russians,3
1,31,7,1,Italians,2
1,31,7,2,Germans,1
1,31,7,2,Chinese,1
1,31,7,2,Russians,3
1,31,7,2,Italians,2
1,31,7,3,Germans,1
1,31,7,3,Chinese,2
1,31,7,3,Russians,2
1,31,7,3,Italians,3
1,31,7,4,Germans,1
1,31,7,4,Chinese,2
1,31,7,4,Russians,2
1,31,7,4,Italians,0
1,31,8,0,Germans,1
1,31,8,0,Chinese,3
1,31,8,0,Russians,2
1,31,8,0,Italians,3
1,31,8,1,Germans,1
1,31,8,1,Chinese,2
1,31,8,1,Russians,3
1,31,8,1,Italians,2
1,31,8,2,Germans,1
1,31,8,2,Chinese,1
1,31,8,2,Russians,3
1,31,8,2,Italians,1
1,31,8,3,Germans,1
1,31,8,3,Chinese,1
1,31,8,3,Russians,2
1,31,8,3,Italians,3
1,31,8,4,Germans,1
1,31,8,4,Chinese,1
1,31,8,4,Russians,2
1,31,8,4,Italians,1
1,32,1,0,Germans,1
1,32,1,0,Chinese,2
1,32,1,0,Russians,2
1,32,1,0,Italians,3
1,32,1,1,Germans,1
1,32,1,1,Chinese,3
1,32,1,1,Russians,0
1,32,1,1,Italians,2
1,32,1,2,Germans,2
1,32,1,2,Chinese,1
1,32,1,2,Russians,1
1,32,1,2,Italians,2
1,32,1,3,Germans,3
1,32,1,3,Chinese,1
1,32,1,3,Russians,1
1,32,1,3,Italians,0
1,32,1,4,Germans,1
1,32,1,4,Chinese,1
1,32,1,4,Russians,2
1,32,1,4,Italians,2
1,32,2,0,Germans,1
1,32,2,0,Chinese,2
1,32,2,0,Russians,2
1,32,2,0,Italians,3
1,32,2,1,Germans,2
1,32,2,1,Chinese,2
1,32,2,1,Russians,0
1,32,2,1,Italians,2
1,32,2,2,Germans,2
1,32,2,2,Chinese,2
1,32,2,2,Russians,1
1,32,2,2,Italians,4
1,32,2,3,Germans,1
1,32,2,3,Chinese,1
1,32,2,3,Russians,2
1,32,2,3,Italians,3
1,32,2,4,Germans,2
1,32,2,4,Chinese,1
1,32,2,4,Russians,1
1,32,2,4,Italians,2
1,32,3,0,Germans,1
1,32,3,0,Chinese,2
1,32,3,0,Russians,2
1,32,3,0,Italians,4
1,32,3,1,Germans,1
1,32,3,1,Chinese,3
1,32,3,1,Russians,0
1,32,3,1,Italians,2
1,32,3,2,Germans,2
1,32,3,2,Chinese,1
1,32,3,2,Russians,1
1,32,3,2,Italians,2
1,32,3,3,Germans,1
1,32,3,3,Chinese,2
1,32,3,3,Russians,2
1,32,3,3,Italians,2
1,32,3,4,Germans,2
1,32,3,4,Chinese,2
1,32,3,4,Russians,1
1,32,3,4,Italians,2
1,32,4,0,Germans,1
1,32,4,0,Chinese,2
1,32,4,0,Russians,2
1,32,4,0,Italians,3
1,32,4,1,Germans,1
1,32,4,1,Chinese,3
1,32,4,1,Russians,0
1,32,4,1,Italians,2
1,32,4,2,Germans,2
1,32,4,2,Chinese,1
1,32,4,2,Russians,1
1,32,4,2,Italians,1
1,32,4,3,Germans,3
1,32,4,3,Chinese,1
1,32,4,3,Russians,1
1,32,4,3,Italians,1
1,32,4,4,Germans,1
1,32,4,4,Chinese,1
1,32,4,4,Russians,2
1,32,4,4,Italians,2
1,32,5,0,Germans,1
1,32,5,0,Chinese,2
1,32,5,0,Russians,2
1,32,5,0,Italians,4
1,32,5,1,Germans,2
1,32,5,1,Chinese,3
1,32,5,1,Russians,0
1,32,5,1,Italians,2
1,32,5,2,Germans,2
1,32,5,2,Chinese,2
1,32,5,2,Russians,1
1,32,5,2,Italians,2
1,32,5,3,Germans,3
1,32,5,3,Chinese,0
1,32,5,3,Russians,2
1,32,5,3,Italians,1
1,32,5,4,Germans,1
1,32,5,4,Chinese,1
1,32,5,4,Russians,2
1,32,5,4,Italians,2
1,32,6,0,Germans,1
1,32,6,0,Chinese,2
1,32,6,0,Russians,2
1,32,6,0,Italians,4
1,32,6,1,Germans,1
1,32,6,1,Chinese,3
1,32,6,1,Russians,0
1,32,6,1,Italians,2
1,32,6,2,Germans,2
1,32,6,2,Chinese,1
1,32,6,2,Russians,1
1,32,6,2,Italians,2
1,32,6,3,Germans,1
1,32,6,3,Chinese,2
1,32,6,3,Russians,1
1,32,6,3,Italians,2
1,32,6,4,Germans,2
1,32,6,4,Chinese,1
1,32,6,4,Russians,1
1,32,6,4,Italians,2
1,32,7,0,Germans,1
1,32,7,0,Chinese,2
1,32,7,0,Russians,2
1,32,7,0,Italians,2
1,32,7,1,Germans,1
1,32,7,1,Chinese,3
1,32,7,1,Russians,0
1,32,7,1,Italians,2
1,32,7,2,Germans,2
1,32,7,2,Chinese,2
1,32,7,2,Russians,1
1,32,7,2,Italians,4
1,32,7,3,Germans,1
1,32,7,3,Chinese,1
1,32,7,3,Russians,1
1,32,7,3,Italians,2
1,32,7,4,Germans,2
1,32,7,4,Chinese,2
1,32,7,4,Russians,3
1,32,7,4,Italians,3
1,32,8,0,Germans,1
1,32,8,0,Chinese,2
1,32,8,0,Russians,2
1,32,8,0,Italians,4
1,32,8,1,Germans,2
1,32,8,1,Chinese,3
1,32,8,1,Russians,0
1,32,8,1,Italians,2
1,32,8,2,Germans,2
1,32,8,2,Chinese,2
1,32,8,2,Russians,1
1,32,8,2,Italians,2
1,32,8,3,Germans,3
1,32,8,3,Chinese,0
1,32,8,3,Russians,2
1,32,8,3,Italians,1
1,32,8,4,Germans,1
1,32,8,4,Chinese,1
1,32,8,4,Russians,2
1,32,8,4,Italians,2
1,33,1,0,Germans,1
1,33,1,0,Chinese,2
1,33,1,0,Russians,2
1,33,1,0,Italians,1
1,33,1,1,Germans,2
1,33,1,1,Chinese,2
1,33,1,1,Russians,1
1,33,1,1,Italians,2
1,33,1,2,Germans,2
1,33,1,2,Chinese,1
1,33,1,2,Russians,2
1,33,1,2,Italians,2
1,33,1,3,Germans,1
1,33,1,3,Chinese,2
1,33,1,3,Russians,1
1,33,1,3,Italians,2
1,33,1,4,Germans,2
1,33,1,4,Chinese,3
1,33,1,4,Russians,2
1,33,1,4,Italians,2
1,33,2,0,Germans,1
1,33,2,0,Chinese,2
1,33,2,0,Russians,2
1,33,2,0,Italians,1
1,33,2,1,Germans,2
1,33,2,1,Chinese,2
1,33,2,1,Russians,1
1,33,2,1,Italians,2
1,33,2,2,Germans,1
1,33,2,2,Chinese,2
1,33,2,2,Russians,2
1,33,2,2,Italians,2
1,33,2,3,Germans,2
1,33,2,3,Chinese,2
1,33,2,3,Russians,1
1,33,2,3,Italians,2
1,33,2,4,Germans,1
1,33,2,4,Chinese,1
1,33,2,4,Russians,2
1,33,2,4,Italians,3
1,33,3,0,Germans,1
1,33,3,0,Chinese,2
1,33,3,0,Russians,2
1,33,3,0,Italians,1
1,33,3,1,Germans,2
1,33,3,1,Chinese,2
1,33,3,1,Russians,1
1,33,3,1,Italians,2
1,33,3,2,Germans,2
1,33,3,2,Chinese,2
1,33,3,2,Russians,2
1,33,3,2,Italians,2
1,33,3,3,Germans,2
1,33,3,3,Chinese,1
1,33,3,3,Russians,1
1,33,3,3,Italians,3
1,33,3,4,Germans,2
1,33,3,4,Chinese,2
1,33,3,4,Russians,1
1,33,3,4,Italians,1
1,33,4,0,Germans,1
1,33,4,0,Chinese,2
1,33,4,0,Russians,2
1,33,4,0,Italians,1
1,33,4,1,Germans,2
1,33,4,1,Chinese,2
1,33,4,1,Russians,1
1,33,4,1,Italians,2
1,33,4,2,Germans,2
1,33,4,2,Chinese,2
1,33,4,2,Russians,2
1,33,4,2,Italians,1
1,33,4,3,Germans,2
1,33,4,3,Chinese,2
1,33,4,3,Russians,1
1,33,4,3,Italians,2
1,33,4,4,Germans,1
1,33,4,4,Chinese,2
1,33,4,4,Russians,1
1,33,4,4,Italians,2
1,33,5,0,Germans,1
1,33,5,0,Chinese,2
1,33,5,0,Russians,2
1,33,5,0,Italians,1
1,33,5,1,Germans,2
1,33,5,1,Chinese,2
1,33,5,1,Russians,1
1,33,5,1,Italians,2
1,33,5,2,Germans,2
1,33,5,2,Chinese,2
1,33,5,2,Russians,2
1,33,5,2,Italians,1
1,33,5,3,Germans,2
1,33,5,3,Chinese,2
1,33,5,3,Russians,1
1,33,5,3,Italians,2
1,33,5,4,Germans,1
1,33,5,4,Chinese,2
1,33,5,4,Russians,2
1,33,5,4,Italians,2
1,33,6,0,Germans,1
1,33,6,0,Chinese,2
1,33,6,0,Russians,2
1,33,6,0,Italians,1
1,33,6,1,Germans,2
1,33,6,1,Chinese,2
1,33,6,1,Russians,1
1,33,6,1,Italians,2
1,33,6,2,Germans,1
1,33,6,2,Chinese,2
1,33,6,2,Russians,2
1,33,6,2,Italians,2
1,33,6,3,Germans,2
1,33,6,3,Chinese,2
1,33,6,3,Russians,1
1,33,6,3,Italians,2
1,33,6,4,Germans,1
1,33,6,4,Chinese,1
1,33,6,4,Russians,2
1,33,6,4,Italians,2
1,33,7,0,Germans,1
1,33,7,0,Chinese,2
1,33,7,0,Russians,2
1,33,7,0,Italians,1
1,33,7,1,Germans,2
1,33,7,1,Chinese,2
1,33,7,1,Russians,1
1,33,7,1,Italians,2
1,33,7,2,Germans,2
1,33,7,2,Chinese,1
1,33,7,2,Russians,2
1,33,7,2,Italians,1
1,33,7,3,Germans,2
1,33,7,3,Chinese,3
1,33,7,3,Russians,2
1,33,7,3,Italians,2
1,33,7,4,Germans,1
1,33,7,4,Chinese,2
1,33,7,4,Russians,2
1,33,7,4,Italians,1
1,33,8,0,Germans,1
1,33,8,0,Chinese,2
1,33,8,0,Russians,2
1,33,8,0,Italians,1
1,33,8,1,Germans,2
1,33,8,1,Chinese,2
1,33,8,1,Russians,1
1,33,8,1,Italians,2
1,33,8,2,Germans,2
1,33,8,2,Chinese,1
1,33,8,2,Russians,2
1,33,8,2,Italians,2
1,33,8,3,Germans,2
1,33,8,3,Chinese,2
1,33,8,3,Russians,2
1,33,8,3,Italians,2
1,33,8,4,Germans,1
1,33,8,4,Chinese,1
1,33,8,4,Russians,2
1,33,8,4,Italians,3
1,33,9,0,Germans,1
1,33,9,0,Chinese,2
1,33,9,0,Russians,2
1,33,9,0,Italians,1
1,33,9,1,Germans,2
1,33,9,1,Chinese,2
1,33,9,1,Russians,1
1,33,9,1,Italians,2
1,33,9,2,Germans,2
1,33,9,2,Chinese,2
1,33,9,2,Russians,2
1,33,9,2,Italians,1
1,33,9,3,Germans,2
1,33,9,3,Chinese,2
1,33,9,3,Russians,2
1,33,9,3,Italians,2
1,33,9,4,Germans,2
1,33,9,4,Chinese,2
1,33,9,4,Russians,2
1,33,9,4,Italians,1
1,34,1,0,Germans,1
1,34,1,0,Chinese,1
1,34,1,0,Russians,1
1,34,1,0,Italians,2
1,34,1,1,Germans,1
1,34,1,1,Chinese,2
1,34,1,1,Russians,1
1,34,1,1,Italians,2
1,34,1,2,Germans,2
1,34,1,2,Chinese,2
1,34,1,2,Russians,2
1,34,1,2,Italians,1
1,34,1,3,Germans,2
1,34,1,3,Chinese,3
1,34,1,3,Russians,1
1,34,1,3,Italians,2
1,34,1,4,Germans,2
1,34,1,4,Chinese,2
1,34,1,4,Russians,1
1,34,1,4,Italians,3
1,34,2,0,Germans,1
1,34,2,0,Chinese,1
1,34,2,0,Russians,1
1,34,2,0,Italians,2
1,34,2,1,Germans,1
1,34,2,1,Chinese,2
1,34,2,1,Russians,1
1,34,2,1,Italians,2
1,34,2,2,Germans,2
1,34,2,2,Chinese,2
1,34,2,2,Russians,2
1,34,2,2,Italians,1
1,34,2,3,Germans,2
1,34,2,3,Chinese,3
1,34,2,3,Russians,1
1,34,2,3,Italians,2
1,34,2,4,Germans,1
1,34,2,4,Chinese,2
1,34,2,4,Russians,2
1,34,2,4,Italians,2
1,34,3,0,Germans,1
1,34,3,0,Chinese,1
1,34,3,0,Russians,1
1,34,3,0,Italians,2
1,34,3,1,Germans,1
1,34,3,1,Chinese,2
1,34,3,1,Russians,1
1,34,3,1,Italians,2
1,34,3,2,Germans,2
1,34,3,2,Chinese,2
1,34,3,2,Russians,2
1,34,3,2,Italians,1
1,34,3,3,Germans,2
1,34,3,3,Chinese,3
1,34,3,3,Russians,1
1,34,3,3,Italians,2
1,34,3,4,Germans,1
1,34,3,4,Chinese,2
1,34,3,4,Russians,1
1,34,3,4,Italians,4
1,34,4,0,Germans,1
1,34,4,0,Chinese,1
1,34,4,0,Russians,1
1,34,4,0,Italians,2
1,34,4,1,Germans,1
1,34,4,1,Chinese,2
1,34,4,1,Russians,1
1,34,4,1,Italians,2
1,34,4,2,Germans,2
1,34,4,2,Chinese,2
1,34,4,2,Russians,2
1,34,4,2,Italians,1
1,34,4,3,Germans,2
1,34,4,3,Chinese,3
1,34,4,3,Russians,1
1,34,4,3,Italians,2
1,34,4,4,Germans,2
1,34,4,4,Chinese,1
1,34,4,4,Russians,1
1,34,4,4,Italians,4
1,34,5,0,Germans,1
1,34,5,0,Chinese,1
1,34,5,0,Russians,1
1,34,5,0,Italians,2
1,34,5,1,Germans,1
1,34,5,1,Chinese,2
1,34,5,1,Russians,1
1,34,5,1,Italians,2
1,34,5,2,Germans,2
1,34,5,2,Chinese,2
1,34,5,2,Russians,2
1,34,5,2,Italians,2
1,34,5,3,Germans,2
1,34,5,3,Chinese,3
1,34,5,3,Russians,1
1,34,5,3,Italians,1
1,34,5,4,Germans,2
1,34,5,4,Chinese,1
1,34,5,4,Russians,2
1,34,5,4,Italians,2
1,34,6,0,Germans,1
1,34,6,0,Chinese,1
1,34,6,0,Russians,1
1,34,6,0,Italians,2
1,34,6,1,Germans,1
1,34,6,1,Chinese,2
1,34,6,1,Russians,1
1,34,6,1,Italians,2
1,34,6,2,Germans,2
1,34,6,2,Chinese,2
1,34,6,2,Russians,2
1,34,6,2,Italians,3
1,34,6,3,Germans,2
1,34,6,3,Chinese,2
1,34,6,3,Russians,1
1,34,6,3,Italians,0
1,34,6,4,Germans,1
1,34,6,4,Chinese,3
1,34,6,4,Russians,1
1,34,6,4,Italians,2
1,34,7,0,Germans,1
1,34,7,0,Chinese,1
1,34,7,0,Russians,1
1,34,7,0,Italians,2
1,34,7,1,Germans,1
1,34,7,1,Chinese,2
1,34,7,1,Russians,1
1,34,7,1,Italians,2
1,34,7,2,Germans,2
1,34,7,2,Chinese,2
1,34,7,2,Russians,2
1,34,7,2,Italians,2
1,34,7,3,Germans,2
1,34,7,3,Chinese,2
1,34,7,3,Russians,0
1,34,7,3,Italians,1
1,34,7,4,Germans,1
1,34,7,4,Chinese,2
1,34,7,4,Russians,2
1,34,7,4,Italians,3
1,34,8,0,Germans,1
1,34,8,0,Chinese,1
1,34,8,0,Russians,1
1,34,8,0,Italians,2
1,34,8,1,Germans,1
1,34,8,1,Chinese,2
1,34,8,1,Russians,1
1,34,8,1,Italians,2
1,34,8,2,Germans,2
1,34,8,2,Chinese,2
1,34,8,2,Russians,2
1,34,8,2,Italians,1
1,34,8,3,Germans,2
1,34,8,3,Chinese,3
1,34,8,3,Russians,2
1,34,8,3,Italians,2
1,34,8,4,Germans,2
1,34,8,4,Chinese,2
1,34,8,4,Russians,1
1,34,8,4,Italians,4
1,35,1,0,Germans,1
1,35,1,0,Chinese,2
1,35,1,0,Russians,2
1,35,1,0,Italians,2
1,35,1,1,Germans,2
1,35,1,1,Chinese,2
1,35,1,1,Russians,1
1,35,1,1,Italians,3
1,35,1,2,Germans,2
1,35,1,2,Chinese,2
1,35,1,2,Russians,2
1,35,1,2,Italians,2
1,35,1,3,Germans,1
1,35,1,3,Chinese,3
1,35,1,3,Russians,1
1,35,1,3,Italians,2
1,35,1,4,Germans,2
1,35,1,4,Chinese,2
1,35,1,4,Russians,2
1,35,1,4,Italians,1
1,35,2,0,Germans,1
1,35,2,0,Chinese,2
1,35,2,0,Russians,2
1,35,2,0,Italians,2
1,35,2,1,Germans,2
1,35,2,1,Chinese,1
1,35,2,1,Russians,1
1,35,2,1,Italians,3
1,35,2,2,Germans,2
1,35,2,2,Chinese,2
1,35,2,2,Russians,2
1,35,2,2,Italians,2
1,35,2,3,Germans,1
1,35,2,3,Chinese,3
1,35,2,3,Russians,2
1,35,2,3,Italians,1
1,35,2,4,Germans,1
1,35,2,4,Chinese,1
1,35,2,4,Russians,2
1,35,2,4,Italians,1
1,35,3,0,Germans,1
1,35,3,0,Chinese,2
1,35,3,0,Russians,2
1,35,3,0,Italians,2
1,35,3,1,Germans,2
1,35,3,1,Chinese,2
1,35,3,1,Russians,1
1,35,3,1,Italians,3
1,35,3,2,Germans,2
1,35,3,2,Chinese,2
1,35,3,2,Russians,2
1,35,3,2,Italians,1
1,35,3,3,Germans,1
1,35,3,3,Chinese,2
1,35,3,3,Russians,2
1,35,3,3,Italians,2
1,35,3,4,Germans,1
1,35,3,4,Chinese,2
1,35,3,4,Russians,2
1,35,3,4,Italians,2
1,35,4,0,Germans,1
1,35,4,0,Chinese,2
1,35,4,0,Russians,2
1,35,4,0,Italians,2
1,35,4,1,Germans,2
1,35,4,1,Chinese,1
1,35,4,1,Russians,1
1,35,4,1,Italians,3
1,35,4,2,Germans,2
1,35,4,2,Chinese,2
1,35,4,2,Russians,2
1,35,4,2,Italians,2
1,35,4,3,Germans,1
1,35,4,3,Chinese,3
1,35,4,3,Russians,2
1,35,4,3,Italians,2
1,35,4,4,Germans,1
1,35,4,4,Chinese,3
1,35,4,4,Russians,1
1,35,4,4,Italians,1
1,35,5,0,Germans,1
1,35,5,0,Chinese,2
1,35,5,0,Russians,2
1,35,5,0,Italians,2
1,35,5,1,Germans,2
1,35,5,1,Chinese,1
1,35,5,1,Russians,1
1,35,5,1,Italians,3
1,35,5,2,Germans,2
1,35,5,2,Chinese,1
1,35,5,2,Russians,2
1,35,5,2,Italians,0
1,35,5,3,Germans,1
1,35,5,3,Chinese,2
1,35,5,3,Russians,1
1,35,5,3,Italians,3
1,35,5,4,Germans,1
1,35,5,4,Chinese,3
1,35,5,4,Russians,2
1,35,5,4,Italians,3
1,35,6,0,Germans,1
1,35,6,0,Chinese,2
1,35,6,0,Russians,2
1,35,6,0,Italians,2
1,35,6,1,Germans,2
1,35,6,1,Chinese,1
1,35,6,1,Russians,1
1,35,6,1,Italians,3
1,35,6,2,Germans,2
1,35,6,2,Chinese,2
1,35,6,2,Russians,2
1,35,6,2,Italians,1
1,35,6,3,Germans,1
1,35,6,3,Chinese,2
1,35,6,3,Russians,2
1,35,6,3,Italians,2
1,35,6,4,Germans,1
1,35,6,4,Chinese,1
1,35,6,4,Russians,2
1,35,6,4,Italians,2
1,35,7,0,Germans,1
1,35,7,0,Chinese,2
1,35,7,0,Russians,2
1,35,7,0,Italians,2
1,35,7,1,Germans,2
1,35,7,1,Chinese,1
1,35,7,1,Russians,1
1,35,7,1,Italians,3
1,35,7,2,Germans,2
1,35,7,2,Chinese,1
1,35,7,2,Russians,2
1,35,7,2,Italians,1
1,35,7,3,Germans,1
1,35,7,3,Chinese,2
1,35,7,3,Russians,2
1,35,7,3,Italians,4
1,35,7,4,Germans,1
1,35,7,4,Chinese,2
1,35,7,4,Russians,2
1,35,7,4,Italians,2
1,35,8,0,Germans,1
1,35,8,0,Chinese,2
1,35,8,0,Russians,2
1,35,8,0,Italians,2
1,35,8,1,Germans,2
1,35,8,1,Chinese,1
1,35,8,1,Russians,1
1,35,8,1,Italians,3
1,35,8,2,Germans,2
1,35,8,2,Chinese,2
1,35,8,2,Russians,2
1,35,8,2,Italians,2
1,35,8,3,Germans,1
1,35,8,3,Chinese,3
1,35,8,3,Russians,2
1,35,8,3,Italians,1
1,35,8,4,Germans,1
1,35,8,4,Chinese,3
1,35,8,4,Russians,2
1,35,8,4,Italians,2
1,36,1,0,Germans,1
1,36,1,0,Chinese,2
1,36,1,0,Russians,1
1,36,1,0,Italians,2
1,36,1,1,Germans,3
1,36,1,1,Chinese,2
1,36,1,1,Russians,1
1,36,1,1,Italians,2
1,36,1,2,Germans,1
1,36,1,2,Chinese,2
1,36,1,2,Russians,1
1,36,1,2,Italians,2
1,36,1,3,Germans,3
1,36,1,3,Chinese,2
1,36,1,3,Russians,1
1,36,1,3,Italians,2
1,36,1,4,Germans,0
1,36,1,4,Chinese,2
1,36,1,4,Russians,2
1,36,1,4,Italians,3
1,36,2,0,Germans,1
1,36,2,0,Chinese,2
1,36,2,0,Russians,1
1,36,2,0,Italians,2
1,36,2,1,Germans,3
1,36,2,1,Chinese,2
1,36,2,1,Russians,1
1,36,2,1,Italians,1
1,36,2,2,Germans,1
1,36,2,2,Chinese,3
1,36,2,2,Russians,1
1,36,2,2,Italians,1
1,36,2,3,Germans,1
1,36,2,3,Chinese,2
1,36,2,3,Russians,2
1,36,2,3,Italians,2
1,36,2,4,Germans,2
1,36,2,4,Chinese,2
1,36,2,4,Russians,2
1,36,2,4,Italians,3
1,36,3,0,Germans,1
1,36,3,0,Chinese,2
1,36,3,0,Russians,2
1,36,3,0,Italians,2
1,36,3,1,Germans,2
1,36,3,1,Chinese,2
1,36,3,1,Russians,1
1,36,3,1,Italians,2
1,36,3,2,Germans,1
1,36,3,2,Chinese,3
1,36,3,2,Russians,1
1,36,3,2,Italians,1
1,36,3,3,Germans,3
1,36,3,3,Chinese,1
1,36,3,3,Russians,1
1,36,3,3,Italians,2
1,36,3,4,Germans,1
1,36,3,4,Chinese,2
1,36,3,4,Russians,1
1,36,3,4,Italians,2
1,36,4,0,Germans,1
1,36,4,0,Chinese,3
1,36,4,0,Russians,1
1,36,4,0,Italians,2
1,36,4,1,Germans,1
1,36,4,1,Chinese,2
1,36,4,1,Russians,1
1,36,4,1,Italians,2
1,36,4,2,Germans,1
1,36,4,2,Chinese,3
1,36,4,2,Russians,1
1,36,4,2,Italians,1
1,36,4,3,Germans,3
1,36,4,3,Chinese,2
1,36,4,3,Russians,1
1,36,4,3,Italians,2
1,36,4,4,Germans,1
1,36,4,4,Chinese,1
1,36,4,4,Russians,1
1,36,4,4,Italians,2
1,36,5,0,Germans,1
1,36,5,0,Chinese,2
1,36,5,0,Russians,1
1,36,5,0,Italians,2
1,36,5,1,Germans,2
1,36,5,1,Chinese,1
1,36,5,1,Russians,1
1,36,5,1,Italians,2
1,36,5,2,Germans,1
1,36,5,2,Chinese,2
1,36,5,2,Russians,1
1,36,5,2,Italians,2
1,36,5,3,Germans,1
1,36,5,3,Chinese,2
1,36,5,3,Russians,1
1,36,5,3,Italians,3
1,36,5,4,Germans,0
1,36,5,4,Chinese,1
1,36,5,4,Russians,2
1,36,5,4,Italians,1
1,36,6,0,Germans,1
1,36,6,0,Chinese,2
1,36,6,0,Russians,2
1,36,6,0,Italians,2
1,36,6,1,Germans,2
1,36,6,1,Chinese,1
1,36,6,1,Russians,1
1,36,6,1,Italians,3
1,36,6,2,Germans,2
1,36,6,2,Chinese,2
1,36,6,2,Russians,1
1,36,6,2,Italians,2
1,36,6,3,Germans,2
1,36,6,3,Chinese,2
1,36,6,3,Russians,1
1,36,6,3,Italians,1
1,36,6,4,Germans,1
1,36,6,4,Chinese,2
1,36,6,4,Russians,1
1,36,6,4,Italians,2
1,36,7,0,Germans,1
1,36,7,0,Chinese,2
1,36,7,0,Russians,1
1,36,7,0,Italians,2
1,36,7,1,Germans,3
1,36,7,1,Chinese,2
1,36,7,1,Russians,1
1,36,7,1,Italians,2
1,36,7,2,Germans,1
1,36,7,2,Chinese,3
1,36,7,2,Russians,1
1,36,7,2,Italians,2
1,36,7,3,Germans,3
1,36,7,3,Chinese,2
1,36,7,3,Russians,1
1,36,7,3,Italians,2
1,36,7,4,Germans,1
1,36,7,4,Chinese,3
1,36,7,4,Russians,1
1,36,7,4,Italians,2
1,36,8,0,Germans,1
1,36,8,0,Chinese,2
1,36,8,0,Russians,1
1,36,8,0,Italians,2
1,36,8,1,Germans,3
1,36,8,1,Chinese,2
1,36,8,1,Russians,1
1,36,8,1,Italians,1
1,36,8,2,Germans,1
1,36,8,2,Chinese,3
1,36,8,2,Russians,1
1,36,8,2,Italians,1
1,36,8,3,Germans,2
1,36,8,3,Chinese,2
1,36,8,3,Russians,1
1,36,8,3,Italians,2
1,36,8,4,Germans,3
1,36,8,4,Chinese,3
1,36,8,4,Russians,1
1,36,8,4,Italians,2
1,37,1,0,Germans,1
1,37,1,0,Chinese,1
1,37,1,0,Russians,1
1,37,1,0,Italians,2
1,37,1,1,Germans,2
1,37,1,1,Chinese,2
1,37,1,1,Russians,1
1,37,1,1,Italians,2
1,37,1,2,Germans,2
1,37,1,2,Chinese,1
1,37,1,2,Russians,1
1,37,1,2,Italians,1
1,37,1,3,Germans,3
1,37,1,3,Chinese,2
1,37,1,3,Russians,0
1,37,1,3,Italians,2
1,37,1,4,Germans,3
1,37,1,4,Chinese,2
1,37,1,4,Russians,0
1,37,1,4,Italians,1
1,37,2,0,Germans,1
1,37,2,0,Chinese,1
1,37,2,0,Russians,1
1,37,2,0,Italians,2
1,37,2,1,Germans,2
1,37,2,1,Chinese,2
1,37,2,1,Russians,1
1,37,2,1,Italians,2
1,37,2,2,Germans,2
1,37,2,2,Chinese,2
1,37,2,2,Russians,1
1,37,2,2,Italians,2
1,37,2,3,Germans,2
1,37,2,3,Chinese,3
1,37,2,3,Russians,1
1,37,2,3,Italians,3
1,37,2,4,Germans,0
1,37,2,4,Chinese,2
1,37,2,4,Russians,1
1,37,2,4,Italians,2
1,37,3,0,Germans,1
1,37,3,0,Chinese,1
1,37,3,0,Russians,1
1,37,3,0,Italians,2
1,37,3,1,Germans,2
1,37,3,1,Chinese,2
1,37,3,1,Russians,1
1,37,3,1,Italians,2
1,37,3,2,Germans,3
1,37,3,2,Chinese,1
1,37,3,2,Russians,1
1,37,3,2,Italians,2
1,37,3,3,Germans,2
1,37,3,3,Chinese,2
1,37,3,3,Russians,1
1,37,3,3,Italians,1
1,37,3,4,Germans,3
1,37,3,4,Chinese,3
1,37,3,4,Russians,1
1,37,3,4,Italians,2
1,37,4,0,Germans,1
1,37,4,0,Chinese,1
1,37,4,0,Russians,1
1,37,4,0,Italians,2
1,37,4,1,Germans,2
1,37,4,1,Chinese,2
1,37,4,1,Russians,1
1,37,4,1,Italians,2
1,37,4,2,Germans,3
1,37,4,2,Chinese,1
1,37,4,2,Russians,1
1,37,4,2,Italians,3
1,37,4,3,Germans,2
1,37,4,3,Chinese,1
1,37,4,3,Russians,1
1,37,4,3,Italians,2
1,37,4,4,Germans,2
1,37,4,4,Chinese,2
1,37,4,4,Russians,1
1,37,4,4,Italians,1
1,37,5,0,Germans,1
1,37,5,0,Chinese,1
1,37,5,0,Russians,1
1,37,5,0,Italians,2
1,37,5,1,Germans,2
1,37,5,1,Chinese,2
1,37,5,1,Russians,1
1,37,5,1,Italians,2
1,37,5,2,Germans,2
1,37,5,2,Chinese,1
1,37,5,2,Russians,0
1,37,5,2,Italians,1
1,37,5,3,Germans,3
1,37,5,3,Chinese,2
1,37,5,3,Russians,0
1,37,5,3,Italians,3
1,37,5,4,Germans,2
1,37,5,4,Chinese,2
1,37,5,4,Russians,0
1,37,5,4,Italians,4
1,37,6,0,Germans,1
1,37,6,0,Chinese,1
1,37,6,0,Russians,1
1,37,6,0,Italians,2
1,37,6,1,Germans,2
1,37,6,1,Chinese,2
1,37,6,1,Russians,1
1,37,6,1,Italians,2
1,37,6,2,Germans,2
1,37,6,2,Chinese,1
1,37,6,2,Russians,1
1,37,6,2,Italians,1
1,37,6,3,Germans,2
1,37,6,3,Chinese,2
1,37,6,3,Russians,1
1,37,6,3,Italians,2
1,37,6,4,Germans,2
1,37,6,4,Chinese,1
1,37,6,4,Russians,2
1,37,6,4,Italians,0
1,37,7,0,Germans,1
1,37,7,0,Chinese,1
1,37,7,0,Russians,1
1,37,7,0,Italians,2
1,37,7,1,Germans,2
1,37,7,1,Chinese,2
1,37,7,1,Russians,1
1,37,7,1,Italians,2
1,37,7,2,Germans,3
1,37,7,2,Chinese,1
1,37,7,2,Russians,1
1,37,7,2,Italians,2
1,37,7,3,Germans,2
1,37,7,3,Chinese,2
1,37,7,3,Russians,0
1,37,7,3,Italians,2
1,37,7,4,Germans,2
1,37,7,4,Chinese,2
1,37,7,4,Russians,0
1,37,7,4,Italians,3
1,37,8,0,Germans,1
1,37,8,0,Chinese,1
1,37,8,0,Russians,1
1,37,8,0,Italians,2
1,37,8,1,Germans,2
1,37,8,1,Chinese,2
1,37,8,1,Russians,0
1,37,8,1,Italians,2
1,37,8,2,Germans,3
1,37,8,2,Chinese,2
1,37,8,2,Russians,1
1,37,8,2,Italians,4
1,37,8,3,Germans,1
1,37,8,3,Chinese,2
1,37,8,3,Russians,0
1,37,8,3,Italians,3
1,37,8,4,Germans,2
1,37,8,4,Chinese,2
1,37,8,4,Russians,0
1,37,8,4,Italians,3
1,38,1,0,Germans,3
1,38,1,0,Chinese,2
1,38,1,0,Russians,1
1,38,1,0,Italians,2
1,38,1,1,Germans,3
1,38,1,1,Chinese,1
1,38,1,1,Russians,1
1,38,1,1,Italians,1
1,38,1,2,Germans,3
1,38,1,2,Chinese,2
1,38,1,2,Russians,2
1,38,1,2,Italians,2
1,38,1,3,Germans,2
1,38,1,3,Chinese,2
1,38,1,3,Russians,1
1,38,1,3,Italians,3
1,38,1,4,Germans,1
1,38,1,4,Chinese,2
1,38,1,4,Russians,1
1,38,1,4,Italians,2
1,38,2,0,Germans,3
1,38,2,0,Chinese,2
1,38,2,0,Russians,1
1,38,2,0,Italians,2
1,38,2,1,Germans,3
1,38,2,1,Chinese,2
1,38,2,1,Russians,1
1,38,2,1,Italians,2
1,38,2,2,Germans,2
1,38,2,2,Chinese,3
1,38,2,2,Russians,1
1,38,2,2,Italians,2
1,38,2,3,Germans,2
1,38,2,3,Chinese,1
1,38,2,3,Russians,1
1,38,2,3,Italians,2
1,38,2,4,Germans,2
1,38,2,4,Chinese,1
1,38,2,4,Russians,2
1,38,2,4,Italians,2
1,38,3,0,Germans,2
1,38,3,0,Chinese,2
1,38,3,0,Russians,1
1,38,3,0,Italians,2
1,38,3,1,Germans,3
1,38,3,1,Chinese,1
1,38,3,1,Russians,1
1,38,3,1,Italians,2
1,38,3,2,Germans,3
1,38,3,2,Chinese,2
1,38,3,2,Russians,2
1,38,3,2,Italians,1
1,38,3,3,Germans,3
1,38,3,3,Chinese,1
1,38,3,3,Russians,2
1,38,3,3,Italians,2
1,38,3,4,Germans,2
1,38,3,4,Chinese,2
1,38,3,4,Russians,2
1,38,3,4,Italians,1
1,38,4,0,Germans,2
1,38,4,0,Chinese,2
1,38,4,0,Russians,1
1,38,4,0,Italians,2
1,38,4,1,Germans,3
1,38,4,1,Chinese,2
1,38,4,1,Russians,1
1,38,4,1,Italians,2
1,38,4,2,Germans,2
1,38,4,2,Chinese,2
1,38,4,2,Russians,1
1,38,4,2,Italians,2
1,38,4,3,Germans,2
1,38,4,3,Chinese,3
1,38,4,3,Russians,1
1,38,4,3,Italians,1
1,38,4,4,Germans,1
1,38,4,4,Chinese,1
1,38,4,4,Russians,3
1,38,4,4,Italians,1
1,38,5,0,Germans,2
1,38,5,0,Chinese,2
1,38,5,0,Russians,1
1,38,5,0,Italians,2
1,38,5,1,Germans,4
1,38,5,1,Chinese,2
1,38,5,1,Russians,1
1,38,5,1,Italians,2
1,38,5,2,Germans,2
1,38,5,2,Chinese,2
1,38,5,2,Russians,1
1,38,5,2,Italians,2
1,38,5,3,Germans,1
1,38,5,3,Chinese,2
1,38,5,3,Russians,1
1,38,5,3,Italians,2
1,38,5,4,Germans,2
1,38,5,4,Chinese,2
1,38,5,4,Russians,2
1,38,5,4,Italians,2
1,38,6,0,Germans,2
1,38,6,0,Chinese,2
1,38,6,0,Russians,1
1,38,6,0,Italians,2
1,38,6,1,Germans,4
1,38,6,1,Chinese,2
1,38,6,1,Russians,1
1,38,6,1,Italians,2
1,38,6,2,Germans,2
1,38,6,2,Chinese,2
1,38,6,2,Russians,1
1,38,6,2,Italians,2
1,38,6,3,Germans,2
1,38,6,3,Chinese,2
1,38,6,3,Russians,2
1,38,6,3,Italians,1
1,38,6,4,Germans,2
1,38,6,4,Chinese,0
1,38,6,4,Russians,1
1,38,6,4,Italians,2
1,38,7,0,Germans,1
1,38,7,0,Chinese,2
1,38,7,0,Russians,1
1,38,7,0,Italians,2
1,38,7,1,Germans,4
1,38,7,1,Chinese,3
1,38,7,1,Russians,1
1,38,7,1,Italians,1
1,38,7,2,Germans,1
1,38,7,2,Chinese,2
1,38,7,2,Russians,3
1,38,7,2,Italians,2
1,38,7,3,Germans,2
1,38,7,3,Chinese,2
1,38,7,3,Russians,3
1,38,7,3,Italians,1
1,38,7,4,Germans,2
1,38,7,4,Chinese,1
1,38,7,4,Russians,3
1,38,7,4,Italians,2
1,38,8,0,Germans,1
1,38,8,0,Chinese,2
1,38,8,0,Russians,1
1,38,8,0,Italians,2
1,38,8,1,Germans,3
1,38,8,1,Chinese,1
1,38,8,1,Russians,1
1,38,8,1,Italians,3
1,38,8,2,Germans,3
1,38,8,2,Chinese,2
1,38,8,2,Russians,1
1,38,8,2,Italians,2
1,38,8,3,Germans,2
1,38,8,3,Chinese,3
1,38,8,3,Russians,1
1,38,8,3,Italians,0
1,38,8,4,Germans,2
1,38,8,4,Chinese,2
1,38,8,4,Russians,1
1,38,8,4,Italians,2
1,39,1,0,Germans,2
1,39,1,0,Chinese,1
1,39,1,0,Russians,1
1,39,1,0,Italians,2
1,39,1,1,Germans,3
1,39,1,1,Chinese,2
1,39,1,1,Russians,3
1,39,1,1,Italians,2
1,39,1,2,Germans,2
1,39,1,2,Chinese,2
1,39,1,2,Russians,2
1,39,1,2,Italians,1
1,39,1,3,Germans,2
1,39,1,3,Chinese,2
1,39,1,3,Russians,2
1,39,1,3,Italians,2
1,39,1,4,Germans,2
1,39,1,4,Chinese,2
1,39,1,4,Russians,2
1,39,1,4,Italians,1
1,39,2,0,Germans,3
1,39,2,0,Chinese,2
1,39,2,0,Russians,1
1,39,2,0,Italians,2
1,39,2,1,Germans,2
1,39,2,1,Chinese,2
1,39,2,1,Russians,2
1,39,2,1,Italians,2
1,39,2,2,Germans,2
1,39,2,2,Chinese,2
1,39,2,2,Russians,2
1,39,2,2,Italians,3
1,39,2,3,Germans,2
1,39,2,3,Chinese,2
1,39,2,3,Russians,2
1,39,2,3,Italians,0
1,39,2,4,Germans,3
1,39,2,4,Chinese,2
1,39,2,4,Russians,3
1,39,2,4,Italians,2
1,39,3,0,Germans,2
1,39,3,0,Chinese,2
1,39,3,0,Russians,1
1,39,3,0,Italians,2
1,39,3,1,Germans,3
1,39,3,1,Chinese,3
1,39,3,1,Russians,2
1,39,3,1,Italians,2
1,39,3,2,Germans,2
1,39,3,2,Chinese,2
1,39,3,2,Russians,2
1,39,3,2,Italians,1
1,39,3,3,Germans,2
1,39,3,3,Chinese,2
1,39,3,3,Russians,1
1,39,3,3,Italians,2
1,39,3,4,Germans,2
1,39,3,4,Chinese,2
1,39,3,4,Russians,3
1,39,3,4,Italians,0
1,39,4,0,Germans,2
1,39,4,0,Chinese,2
1,39,4,0,Russians,1
1,39,4,0,Italians,1
1,39,4,1,Germans,3
1,39,4,1,Chinese,2
1,39,4,1,Russians,2
1,39,4,1,Italians,2
1,39,4,2,Germans,2
1,39,4,2,Chinese,1
1,39,4,2,Russians,3
1,39,4,2,Italians,3
1,39,4,3,Germans,2
1,39,4,3,Chinese,1
1,39,4,3,Russians,1
1,39,4,3,Italians,1
1,39,4,4,Germans,2
1,39,4,4,Chinese,2
1,39,4,4,Russians,2
1,39,4,4,Italians,2
1,39,5,0,Germans,2
1,39,5,0,Chinese,2
1,39,5,0,Russians,1
1,39,5,0,Italians,2
1,39,5,1,Germans,3
1,39,5,1,Chinese,2
1,39,5,1,Russians,2
1,39,5,1,Italians,1
1,39,5,2,Germans,3
1,39,5,2,Chinese,2
1,39,5,2,Russians,2
1,39,5,2,Italians,2
1,39,5,3,Germans,1
1,39,5,3,Chinese,2
1,39,5,3,Russians,2
1,39,5,3,Italians,2
1,39,5,4,Germans,2
1,39,5,4,Chinese,1
1,39,5,4,Russians,2
1,39,5,4,Italians,1
1,39,6,0,Germans,2
1,39,6,0,Chinese,2
1,39,6,0,Russians,1
1,39,6,0,Italians,2
1,39,6,1,Germans,2
1,39,6,1,Chinese,2
1,39,6,1,Russians,3
1,39,6,1,Italians,1
1,39,6,2,Germans,2
1,39,6,2,Chinese,1
1,39,6,2,Russians,3
1,39,6,2,Italians,1
1,39,6,3,Germans,3
1,39,6,3,Chinese,2
1,39,6,3,Russians,2
1,39,6,3,Italians,2
1,39,6,4,Germans,1
1,39,6,4,Chinese,2
1,39,6,4,Russians,2
1,39,6,4,Italians,1
1,39,7,0,Germans,1
1,39,7,0,Chinese,1
1,39,7,0,Russians,1
1,39,7,0,Italians,2
1,39,7,1,Germans,3
1,39,7,1,Chinese,2
1,39,7,1,Russians,2
1,39,7,1,Italians,2
1,39,7,2,Germans,2
1,39,7,2,Chinese,2
1,39,7,2,Russians,2
1,39,7,2,Italians,3
1,39,7,3,Germans,1
1,39,7,3,Chinese,1
1,39,7,3,Russians,2
1,39,7,3,Italians,1
1,39,7,4,Germans,2
1,39,7,4,Chinese,2
1,39,7,4,Russians,3
1,39,7,4,Italians,2
1,39,8,0,Germans,2
1,39,8,0,Chinese,2
1,39,8,0,Russians,1
1,39,8,0,Italians,2
1,39,8,1,Germans,2
1,39,8,1,Chinese,2
1,39,8,1,Russians,3
1,39,8,1,Italians,2
1,39,8,2,Germans,2
1,39,8,2,Chinese,2
1,39,8,2,Russians,2
1,39,8,2,Italians,2
1,39,8,3,Germans,2
1,39,8,3,Chinese,2
1,39,8,3,Russians,1
1,39,8,3,Italians,2
1,39,8,4,Germans,2
1,39,8,4,Chinese,2
1,39,8,4,Russians,2
1,39,8,4,Italians,2
1,40,1,0,Germans,2
1,40,1,0,Chinese,2
1,40,1,0,Russians,2
1,40,1,0,Italians,2
1,40,1,1,Germans,2
1,40,1,1,Chinese,2
1,40,1,1,Russians,2
1,40,1,1,Italians,1
1,40,1,2,Germans,1
1,40,1,2,Chinese,2
1,40,1,2,Russians,1
1,40,1,2,Italians,2
1,40,1,3,Germans,1
1,40,1,3,Chinese,2
1,40,1,3,Russians,2
1,40,1,3,Italians,1
1,40,1,4,Germans,2
1,40,1,4,Chinese,2
1,40,1,4,Russians,2
1,40,1,4,Italians,2
1,40,2,0,Germans,2
1,40,2,0,Chinese,2
1,40,2,0,Russians,3
1,40,2,0,Italians,2
1,40,2,1,Germans,3
1,40,2,1,Chinese,2
1,40,2,1,Russians,2
1,40,2,1,Italians,1
1,40,2,2,Germans,1
1,40,2,2,Chinese,3
1,40,2,2,Russians,1
1,40,2,2,Italians,3
1,40,2,3,Germans,1
1,40,2,3,Chinese,2
1,40,2,3,Russians,1
1,40,2,3,Italians,2
1,40,2,4,Germans,2
1,40,2,4,Chinese,2
1,40,2,4,Russians,1
1,40,2,4,Italians,2
1,40,3,0,Germans,1
1,40,3,0,Chinese,2
1,40,3,0,Russians,2
1,40,3,0,Italians,2
1,40,3,1,Germans,2
1,40,3,1,Chinese,2
1,40,3,1,Russians,2
1,40,3,1,Italians,1
1,40,3,2,Germans,1
1,40,3,2,Chinese,2
1,40,3,2,Russians,2
1,40,3,2,Italians,3
1,40,3,3,Germans,2
1,40,3,3,Chinese,1
1,40,3,3,Russians,1
1,40,3,3,Italians,1
1,40,3,4,Germans,3
1,40,3,4,Chinese,2
1,40,3,4,Russians,3
1,40,3,4,Italians,1
1,40,4,0,Germans,1
1,40,4,0,Chinese,2
1,40,4,0,Russians,2
1,40,4,0,Italians,2
1,40,4,1,Germans,3
1,40,4,1,Chinese,2
1,40,4,1,Russians,2
1,40,4,1,Italians,2
1,40,4,2,Germans,1
1,40,4,2,Chinese,1
1,40,4,2,Russians,1
1,40,4,2,Italians,2
1,40,4,3,Germans,2
1,40,4,3,Chinese,1
1,40,4,3,Russians,1
1,40,4,3,Italians,2
1,40,4,4,Germans,3
1,40,4,4,Chinese,1
1,40,4,4,Russians,1
1,40,4,4,Italians,2
1,40,5,0,Germans,1
1,40,5,0,Chinese,2
1,40,5,0,Russians,2
1,40,5,0,Italians,2
1,40,5,1,Germans,3
1,40,5,1,Chinese,2
1,40,5,1,Russians,2
1,40,5,1,Italians,1
1,40,5,2,Germans,1
1,40,5,2,Chinese,2
1,40,5,2,Russians,1
1,40,5,2,Italians,3
1,40,5,3,Germans,2
1,40,5,3,Chinese,1
1,40,5,3,Russians,2
1,40,5,3,Italians,1
1,40,5,4,Germans,2
1,40,5,4,Chinese,1
1,40,5,4,Russians,2
1,40,5,4,Italians,1
1,40,6,0,Germans,1
1,40,6,0,Chinese,2
1,40,6,0,Russians,2
1,40,6,0,Italians,2
1,40,6,1,Germans,2
1,40,6,1,Chinese,2
1,40,6,1,Russians,2
1,40,6,1,Italians,1
1,40,6,2,Germans,1
1,40,6,2,Chinese,2
1,40,6,2,Russians,2
1,40,6,2,Italians,2
1,40,6,3,Germans,2
1,40,6,3,Chinese,1
1,40,6,3,Russians,1
1,40,6,3,Italians,1
1,40,6,4,Germans,3
1,40,6,4,Chinese,2
1,40,6,4,Russians,3
1,40,6,4,Italians,1
1,40,7,0,Germans,1
1,40,7,0,Chinese,2
1,40,7,0,Russians,3
1,40,7,0,Italians,2
1,40,7,1,Germans,3
1,40,7,1,Chinese,2
1,40,7,1,Russians,2
1,40,7,1,Italians,1
1,40,7,2,Germans,1
1,40,7,2,Chinese,2
1,40,7,2,Russians,1
1,40,7,2,Italians,2
1,40,7,3,Germans,1
1,40,7,3,Chinese,1
1,40,7,3,Russians,3
1,40,7,3,Italians,1
1,40,7,4,Germans,2
1,40,7,4,Chinese,1
1,40,7,4,Russians,2
1,40,7,4,Italians,2
1,40,8,0,Germans,1
1,40,8,0,Chinese,2
1,40,8,0,Russians,2
1,40,8,0,Italians,2
1,40,8,1,Germans,2
1,40,8,1,Chinese,2
1,40,8,1,Russians,2
1,40,8,1,Italians,1
1,40,8,2,Germans,1
1,40,8,2,Chinese,2
1,40,8,2,Russians,1
1,40,8,2,Italians,3
1,40,8,3,Germans,2
1,40,8,3,Chinese,2
1,40,8,3,Russians,3
1,40,8,3,Italians,1
1,40,8,4,Germans,2
1,40,8,4,Chinese,1
1,40,8,4,Russians,1
1,40,8,4,Italians,1
1,41,1,0,Germans,1
1,41,1,0,Chinese,2
1,41,1,0,Russians,2
1,41,1,0,Italians,2
1,41,1,1,Germans,1
1,41,1,1,Chinese,2
1,41,1,1,Russians,2
1,41,1,1,Italians,2
1,41,1,2,Germans,1
1,41,1,2,Chinese,2
1,41,1,2,Russians,2
1,41,1,2,Italians,1
1,41,1,3,Germans,1
1,41,1,3,Chinese,2
1,41,1,3,Russians,3
1,41,1,3,Italians,0
1,41,1,4,Germans,2
1,41,1,4,Chinese,2
1,41,1,4,Russians,1
1,41,1,4,Italians,1
1,41,2,0,Germans,1
1,41,2,0,Chinese,1
1,41,2,0,Russians,2
1,41,2,0,Italians,2
1,41,2,1,Germans,2
1,41,2,1,Chinese,1
1,41,2,1,Russians,1
1,41,2,1,Italians,3
1,41,2,2,Germans,2
1,41,2,2,Chinese,2
1,41,2,2,Russians,2
1,41,2,2,Italians,2
1,41,2,3,Germans,3
1,41,2,3,Chinese,1
1,41,2,3,Russians,3
1,41,2,3,Italians,0
1,41,2,4,Germans,3
1,41,2,4,Chinese,1
1,41,2,4,Russians,3
1,41,2,4,Italians,2
1,41,3,0,Germans,1
1,41,3,0,Chinese,1
1,41,3,0,Russians,2
1,41,3,0,Italians,2
1,41,3,1,Germans,2
1,41,3,1,Chinese,1
1,41,3,1,Russians,1
1,41,3,1,Italians,2
1,41,3,2,Germans,1
1,41,3,2,Chinese,2
1,41,3,2,Russians,3
1,41,3,2,Italians,2
1,41,3,3,Germans,3
1,41,3,3,Chinese,1
1,41,3,3,Russians,2
1,41,3,3,Italians,1
1,41,3,4,Germans,2
1,41,3,4,Chinese,2
1,41,3,4,Russians,2
1,41,3,4,Italians,2
1,41,4,0,Germans,1
1,41,4,0,Chinese,2
1,41,4,0,Russians,2
1,41,4,0,Italians,2
1,41,4,1,Germans,1
1,41,4,1,Chinese,1
1,41,4,1,Russians,1
1,41,4,1,Italians,3
1,41,4,2,Germans,2
1,41,4,2,Chinese,1
1,41,4,2,Russians,3
1,41,4,2,Italians,2
1,41,4,3,Germans,2
1,41,4,3,Chinese,0
1,41,4,3,Russians,3
1,41,4,3,Italians,3
1,41,4,4,Germans,3
1,41,4,4,Chinese,1
1,41,4,4,Russians,1
1,41,4,4,Italians,2
1,41,5,0,Germans,1
1,41,5,0,Chinese,1
1,41,5,0,Russians,2
1,41,5,0,Italians,2
1,41,5,1,Germans,2
1,41,5,1,Chinese,1
1,41,5,1,Russians,1
1,41,5,1,Italians,2
1,41,5,2,Germans,1
1,41,5,2,Chinese,2
1,41,5,2,Russians,3
1,41,5,2,Italians,1
1,41,5,3,Germans,2
1,41,5,3,Chinese,1
1,41,5,3,Russians,1
1,41,5,3,Italians,1
1,41,5,4,Germans,2
1,41,5,4,Chinese,1
1,41,5,4,Russians,1
1,41,5,4,Italians,1
1,41,6,0,Germans,1
1,41,6,0,Chinese,2
1,41,6,0,Russians,2
1,41,6,0,Italians,2
1,41,6,1,Germans,1
1,41,6,1,Chinese,2
1,41,6,1,Russians,2
1,41,6,1,Italians,3
1,41,6,2,Germans,1
1,41,6,2,Chinese,2
1,41,6,2,Russians,2
1,41,6,2,Italians,1
1,41,6,3,Germans,1
1,41,6,3,Chinese,2
1,41,6,3,Russians,2
1,41,6,3,Italians,1
1,41,6,4,Germans,2
1,41,6,4,Chinese,2
1,41,6,4,Russians,1
1,41,6,4,Italians,2
1,41,7,0,Germans,1
1,41,7,0,Chinese,1
1,41,7,0,Russians,2
1,41,7,0,Italians,2
1,41,7,1,Germans,2
1,41,7,1,Chinese,1
1,41,7,1,Russians,1
1,41,7,1,Italians,2
1,41,7,2,Germans,2
1,41,7,2,Chinese,2
1,41,7,2,Russians,2
1,41,7,2,Italians,1
1,41,7,3,Germans,2
1,41,7,3,Chinese,2
1,41,7,3,Russians,1
1,41,7,3,Italians,1
1,41,7,4,Germans,2
1,41,7,4,Chinese,0
1,41,7,4,Russians,2
1,41,7,4,Italians,1
1,41,8,0,Germans,1
1,41,8,0,Chinese,2
1,41,8,0,Russians,2
1,41,8,0,Italians,2
1,41,8,1,Germans,1
1,41,8,1,Chinese,1
1,41,8,1,Russians,1
1,41,8,1,Italians,2
1,41,8,2,Germans,2
1,41,8,2,Chinese,2
1,41,8,2,Russians,2
1,41,8,2,Italians,2
1,41,8,3,Germans,2
1,41,8,3,Chinese,1
1,41,8,3,Russians,1
1,41,8,3,Italians,2
1,41,8,4,Germans,3
1,41,8,4,Chinese,1
1,41,8,4,Russians,1
1,41,8,4,Italians,2
1,42,1,0,Germans,1
1,42,1,0,Chinese,2
1,42,1,0,Russians,2
1,42,1,0,Italians,3
1,42,1,1,Germans,2
1,42,1,1,Chinese,2
1,42,1,1,Russians,2
1,42,1,1,Italians,1
1,42,1,2,Germans,1
1,42,1,2,Chinese,2
1,42,1,2,Russians,4
1,42,1,2,Italians,2
1,42,1,3,Germans,2
1,42,1,3,Chinese,1
1,42,1,3,Russians,2
1,42,1,3,Italians,2
1,42,1,4,Germans,3
1,42,1,4,Chinese,2
1,42,1,4,Russians,2
1,42,1,4,Italians,2
1,42,2,0,Germans,1
1,42,2,0,Chinese,2
1,42,2,0,Russians,2
1,42,2,0,Italians,3
1,42,2,1,Germans,2
1,42,2,1,Chinese,1
1,42,2,1,Russians,1
1,42,2,1,Italians,2
1,42,2,2,Germans,2
1,42,2,2,Chinese,1
1,42,2,2,Russians,2
1,42,2,2,Italians,2
1,42,2,3,Germans,3
1,42,2,3,Chinese,2
1,42,2,3,Russians,2
1,42,2,3,Italians,1
1,42,2,4,Germans,2
1,42,2,4,Chinese,1
1,42,2,4,Russians,3
1,42,2,4,Italians,2
1,42,3,0,Germans,1
1,42,3,0,Chinese,2
1,42,3,0,Russians,2
1,42,3,0,Italians,3
1,42,3,1,Germans,3
1,42,3,1,Chinese,2
1,42,3,1,Russians,1
1,42,3,1,Italians,2
1,42,3,2,Germans,2
1,42,3,2,Chinese,2
1,42,3,2,Russians,1
1,42,3,2,Italians,3
1,42,3,3,Germans,1
1,42,3,3,Chinese,2
1,42,3,3,Russians,1
1,42,3,3,Italians,2
1,42,3,4,Germans,2
1,42,3,4,Chinese,2
1,42,3,4,Russians,1
1,42,3,4,Italians,1
1,42,4,0,Germans,1
1,42,4,0,Chinese,2
1,42,4,0,Russians,2
1,42,4,0,Italians,3
1,42,4,1,Germans,2
1,42,4,1,Chinese,1
1,42,4,1,Russians,1
1,42,4,1,Italians,3
1,42,4,2,Germans,2
1,42,4,2,Chinese,1
1,42,4,2,Russians,1
1,42,4,2,Italians,2
1,42,4,3,Germans,3
1,42,4,3,Chinese,1
1,42,4,3,Russians,1
1,42,4,3,Italians,2
1,42,4,4,Germans,2
1,42,4,4,Chinese,0
1,42,4,4,Russians,2
1,42,4,4,Italians,2
1,42,5,0,Germans,1
1,42,5,0,Chinese,2
1,42,5,0,Russians,2
1,42,5,0,Italians,3
1,42,5,1,Germans,2
1,42,5,1,Chinese,1
1,42,5,1,Russians,2
1,42,5,1,Italians,1
1,42,5,2,Germans,2
1,42,5,2,Chinese,2
1,42,5,2,Russians,3
1,42,5,2,Italians,2
1,42,5,3,Germans,2
1,42,5,3,Chinese,1
1,42,5,3,Russians,2
1,42,5,3,Italians,1
1,42,5,4,Germans,3
1,42,5,4,Chinese,1
1,42,5,4,Russians,2
1,42,5,4,Italians,2
1,42,6,0,Germans,1
1,42,6,0,Chinese,2
1,42,6,0,Russians,2
1,42,6,0,Italians,3
1,42,6,1,Germans,3
1,42,6,1,Chinese,2
1,42,6,1,Russians,2
1,42,6,1,Italians,2
1,42,6,2,Germans,2
1,42,6,2,Chinese,2
1,42,6,2,Russians,1
1,42,6,2,Italians,2
1,42,6,3,Germans,2
1,42,6,3,Chinese,0
1,42,6,3,Russians,2
1,42,6,3,Italians,1
1,42,6,4,Germans,2
1,42,6,4,Chinese,2
1,42,6,4,Russians,2
1,42,6,4,Italians,1
1,42,7,0,Germans,1
1,42,7,0,Chinese,2
1,42,7,0,Russians,2
1,42,7,0,Italians,3
1,42,7,1,Germans,1
1,42,7,1,Chinese,1
1,42,7,1,Russians,2
1,42,7,1,Italians,2
1,42,7,2,Germans,2
1,42,7,2,Chinese,2
1,42,7,2,Russians,2
1,42,7,2,Italians,2
1,42,7,3,Germans,3
1,42,7,3,Chinese,1
1,42,7,3,Russians,2
1,42,7,3,Italians,1
1,42,7,4,Germans,1
1,42,7,4,Chinese,1
1,42,7,4,Russians,2
1,42,7,4,Italians,1
1,42,8,0,Germans,1
1,42,8,0,Chinese,2
1,42,8,0,Russians,2
1,42,8,0,Italians,3
1,42,8,1,Germans,2
1,42,8,1,Chinese,2
1,42,8,1,Russians,2
1,42,8,1,Italians,1
1,42,8,2,Germans,2
1,42,8,2,Chinese,2
1,42,8,2,Russians,1
1,42,8,2,Italians,1
1,42,8,3,Germans,4
1,42,8,3,Chinese,1
1,42,8,3,Russians,1
1,42,8,3,Italians,1
1,42,8,4,Germans,4
1,42,8,4,Chinese,1
1,42,8,4,Russians,1
1,42,8,4,Italians,2
1,42,9,0,Germans,1
1,42,9,0,Chinese,2
1,42,9,0,Russians,2
1,42,9,0,Italians,3
1,42,9,1,Germans,2
1,42,9,1,Chinese,2
1,42,9,1,Russians,1
1,42,9,1,Italians,3
1,42,9,2,Germans,1
1,42,9,2,Chinese,2
1,42,9,2,Russians,1
1,42,9,2,Italians,2
1,42,9,3,Germans,2
1,42,9,3,Chinese,2
1,42,9,3,Russians,1
1,42,9,3,Italians,1
1,42,9,4,Germans,2
1,42,9,4,Chinese,2
1,42,9,4,Russians,2
1,42,9,4,Italians,2
1,43,1,0,Germans,1
1,43,1,0,Chinese,2
1,43,1,0,Russians,1
1,43,1,0,Italians,2
1,43,1,1,Germans,1
1,43,1,1,Chinese,1
1,43,1,1,Russians,3
1,43,1,1,Italians,3
1,43,1,2,Germans,1
1,43,1,2,Chinese,2
1,43,1,2,Russians,1
1,43,1,2,Italians,1
1,43,1,3,Germans,2
1,43,1,3,Chinese,2
1,43,1,3,Russians,1
1,43,1,3,Italians,2
1,43,1,4,Germans,2
1,43,1,4,Chinese,2
1,43,1,4,Russians,2
1,43,1,4,Italians,1
1,43,2,0,Germans,1
1,43,2,0,Chinese,2
1,43,2,0,Russians,1
1,43,2,0,Italians,2
1,43,2,1,Germans,1
1,43,2,1,Chinese,1
1,43,2,1,Russians,3
1,43,2,1,Italians,3
1,43,2,2,Germans,1
1,43,2,2,Chinese,2
1,43,2,2,Russians,1
1,43,2,2,Italians,2
1,43,2,3,Germans,2
1,43,2,3,Chinese,2
1,43,2,3,Russians,2
1,43,2,3,Italians,2
1,43,2,4,Germans,2
1,43,2,4,Chinese,2
1,43,2,4,Russians,2
1,43,2,4,Italians,2
1,43,3,0,Germans,1
1,43,3,0,Chinese,2
1,43,3,0,Russians,1
1,43,3,0,Italians,2
1,43,3,1,Germans,1
1,43,3,1,Chinese,1
1,43,3,1,Russians,3
1,43,3,1,Italians,3
1,43,3,2,Germans,1
1,43,3,2,Chinese,1
1,43,3,2,Russians,1
1,43,3,2,Italians,1
1,43,3,3,Germans,2
1,43,3,3,Chinese,2
1,43,3,3,Russians,1
1,43,3,3,Italians,2
1,43,3,4,Germans,1
1,43,3,4,Chinese,3
1,43,3,4,Russians,1
1,43,3,4,Italians,1
1,43,4,0,Germans,1
1,43,4,0,Chinese,2
1,43,4,0,Russians,1
1,43,4,0,Italians,2
1,43,4,1,Germans,1
1,43,4,1,Chinese,2
1,43,4,1,Russians,2
1,43,4,1,Italians,3
1,43,4,2,Germans,2
1,43,4,2,Chinese,2
1,43,4,2,Russians,1
1,43,4,2,Italians,1
1,43,4,3,Germans,1
1,43,4,3,Chinese,2
1,43,4,3,Russians,2
1,43,4,3,Italians,2
1,43,4,4,Germans,2
1,43,4,4,Chinese,0
1,43,4,4,Russians,2
1,43,4,4,Italians,3
1,43,5,0,Germans,1
1,43,5,0,Chinese,2
1,43,5,0,Russians,1
1,43,5,0,Italians,2
1,43,5,1,Germans,1
1,43,5,1,Chinese,1
1,43,5,1,Russians,2
1,43,5,1,Italians,3
1,43,5,2,Germans,1
1,43,5,2,Chinese,1
1,43,5,2,Russians,1
1,43,5,2,Italians,2
1,43,5,3,Germans,2
1,43,5,3,Chinese,2
1,43,5,3,Russians,1
1,43,5,3,Italians,1
1,43,5,4,Germans,2
1,43,5,4,Chinese,2
1,43,5,4,Russians,2
1,43,5,4,Italians,1
1,43,6,0,Germans,1
1,43,6,0,Chinese,2
1,43,6,0,Russians,1
1,43,6,0,Italians,2
1,43,6,1,Germans,1
1,43,6,1,Chinese,1
1,43,6,1,Russians,3
1,43,6,1,Italians,2
1,43,6,2,Germans,1
1,43,6,2,Chinese,2
1,43,6,2,Russians,1
1,43,6,2,Italians,1
1,43,6,3,Germans,2
1,43,6,3,Chinese,2
1,43,6,3,Russians,2
1,43,6,3,Italians,2
1,43,6,4,Germans,1
1,43,6,4,Chinese,1
1,43,6,4,Russians,2
1,43,6,4,Italians,2
1,43,7,0,Germans,1
1,43,7,0,Chinese,2
1,43,7,0,Russians,1
1,43,7,0,Italians,2
1,43,7,1,Germans,1
1,43,7,1,Chinese,1
1,43,7,1,Russians,3
1,43,7,1,Italians,3
1,43,7,2,Germans,1
1,43,7,2,Chinese,2
1,43,7,2,Russians,1
1,43,7,2,Italians,1
1,43,7,3,Germans,2
1,43,7,3,Chinese,3
1,43,7,3,Russians,2
1,43,7,3,Italians,1
1,43,7,4,Germans,2
1,43,7,4,Chinese,1
1,43,7,4,Russians,2
1,43,7,4,Italians,2
1,43,8,0,Germans,1
1,43,8,0,Chinese,2
1,43,8,0,Russians,1
1,43,8,0,Italians,2
1,43,8,1,Germans,1
1,43,8,1,Chinese,2
1,43,8,1,Russians,2
1,43,8,1,Italians,3
1,43,8,2,Germans,2
1,43,8,2,Chinese,2
1,43,8,2,Russians,1
1,43,8,2,Italians,2
1,43,8,3,Germans,2
1,43,8,3,Chinese,2
1,43,8,3,Russians,2
1,43,8,3,Italians,2
1,43,8,4,Germans,2
1,43,8,4,Chinese,1
1,43,8,4,Russians,2
1,43,8,4,Italians,1
1,44,1,0,Germans,1
1,44,1,0,Chinese,1
1,44,1,0,Russians,4
1,44,1,0,Italians,2
1,44,1,1,Germans,2
1,44,1,1,Chinese,0
1,44,1,1,Russians,1
1,44,1,1,Italians,1
1,44,1,2,Germans,4
1,44,1,2,Chinese,1
1,44,1,2,Russians,1
1,44,1,2,Italians,2
1,44,1,3,Germans,3
1,44,1,3,Chinese,1
1,44,1,3,Russians,2
1,44,1,3,Italians,1
1,44,1,4,Germans,3
1,44,1,4,Chinese,2
1,44,1,4,Russians,1
1,44,1,4,Italians,2
1,44,2,0,Germans,1
1,44,2,0,Chinese,1
1,44,2,0,Russians,4
1,44,2,0,Italians,2
1,44,2,1,Germans,2
1,44,2,1,Chinese,1
1,44,2,1,Russians,1
1,44,2,1,Italians,1
1,44,2,2,Germans,3
1,44,2,2,Chinese,1
1,44,2,2,Russians,1
1,44,2,2,Italians,2
1,44,2,3,Germans,2
1,44,2,3,Chinese,2
1,44,2,3,Russians,2
1,44,2,3,Italians,2
1,44,2,4,Germans,2
1,44,2,4,Chinese,2
1,44,2,4,Russians,1
1,44,2,4,Italians,2
1,44,3,0,Germans,1
1,44,3,0,Chinese,2
1,44,3,0,Russians,2
1,44,3,0,Italians,2
1,44,3,1,Germans,2
1,44,3,1,Chinese,1
1,44,3,1,Russians,1
1,44,3,1,Italians,1
1,44,3,2,Germans,2
1,44,3,2,Chinese,2
1,44,3,2,Russians,2
1,44,3,2,Italians,2
1,44,3,3,Germans,1
1,44,3,3,Chinese,1
1,44,3,3,Russians,2
1,44,3,3,Italians,2
1,44,3,4,Germans,2
1,44,3,4,Chinese,2
1,44,3,4,Russians,1
1,44,3,4,Italians,2
1,44,4,0,Germans,1
1,44,4,0,Chinese,1
1,44,4,0,Russians,3
1,44,4,0,Italians,2
1,44,4,1,Germans,1
1,44,4,1,Chinese,1
1,44,4,1,Russians,2
1,44,4,1,Italians,2
1,44,4,2,Germans,3
1,44,4,2,Chinese,1
1,44,4,2,Russians,2
1,44,4,2,Italians,2
1,44,4,3,Germans,3
1,44,4,3,Chinese,0
1,44,4,3,Russians,3
1,44,4,3,Italians,1
1,44,4,4,Germans,2
1,44,4,4,Chinese,0
1,44,4,4,Russians,1
1,44,4,4,Italians,1
1,44,5,0,Germans,1
1,44,5,0,Chinese,1
1,44,5,0,Russians,2
1,44,5,0,Italians,2
1,44,5,1,Germans,1
1,44,5,1,Chinese,1
1,44,5,1,Russians,1
1,44,5,1,Italians,2
1,44,5,2,Germans,2
1,44,5,2,Chinese,1
1,44,5,2,Russians,1
1,44,5,2,Italians,2
1,44,5,3,Germans,3
1,44,5,3,Chinese,0
1,44,5,3,Russians,2
1,44,5,3,Italians,2
1,44,5,4,Germans,4
1,44,5,4,Chinese,0
1,44,5,4,Russians,1
1,44,5,4,Italians,1
1,44,6,0,Germans,1
1,44,6,0,Chinese,1
1,44,6,0,Russians,4
1,44,6,0,Italians,2
1,44,6,1,Germans,2
1,44,6,1,Chinese,1
1,44,6,1,Russians,1
1,44,6,1,Italians,1
1,44,6,2,Germans,2
1,44,6,2,Chinese,1
1,44,6,2,Russians,1
1,44,6,2,Italians,2
1,44,6,3,Germans,3
1,44,6,3,Chinese,1
1,44,6,3,Russians,2
1,44,6,3,Italians,1
1,44,6,4,Germans,2
1,44,6,4,Chinese,1
1,44,6,4,Russians,1
1,44,6,4,Italians,1
1,44,7,0,Germans,1
1,44,7,0,Chinese,2
1,44,7,0,Russians,2
1,44,7,0,Italians,2
1,44,7,1,Germans,2
1,44,7,1,Chinese,1
1,44,7,1,Russians,1
1,44,7,1,Italians,1
1,44,7,2,Germans,2
1,44,7,2,Chinese,1
1,44,7,2,Russians,1
1,44,7,2,Italians,2
1,44,7,3,Germans,0
1,44,7,3,Chinese,2
1,44,7,3,Russians,1
1,44,7,3,Italians,2
1,44,7,4,Germans,1
1,44,7,4,Chinese,2
1,44,7,4,Russians,2
1,44,7,4,Italians,2
1,44,8,0,Germans,1
1,44,8,0,Chinese,1
1,44,8,0,Russians,3
1,44,8,0,Italians,2
1,44,8,1,Germans,2
1,44,8,1,Chinese,1
1,44,8,1,Russians,1
1,44,8,1,Italians,1
1,44,8,2,Germans,3
1,44,8,2,Chinese,1
1,44,8,2,Russians,1
1,44,8,2,Italians,2
1,44,8,3,Germans,1
1,44,8,3,Chinese,2
1,44,8,3,Russians,2
1,44,8,3,Italians,2
1,44,8,4,Germans,2
1,44,8,4,Chinese,3
1,44,8,4,Russians,1
1,44,8,4,Italians,3
1,45,1,0,Germans,1
1,45,1,0,Chinese,1
1,45,1,0,Russians,1
1,45,1,0,Italians,2
1,45,1,1,Germans,2
1,45,1,1,Chinese,1
1,45,1,1,Russians,1
1,45,1,1,Italians,2
1,45,1,2,Germans,2
1,45,1,2,Chinese,1
1,45,1,2,Russians,2
1,45,1,2,Italians,1
1,45,1,3,Germans,2
1,45,1,3,Chinese,1
1,45,1,3,Russians,0
1,45,1,3,Italians,2
1,45,1,4,Germans,0
1,45,1,4,Chinese,1
1,45,1,4,Russians,2
1,45,1,4,Italians,2
1,45,2,0,Germans,1
1,45,2,0,Chinese,1
1,45,2,0,Russians,1
1,45,2,0,Italians,2
1,45,2,1,Germans,1
1,45,2,1,Chinese,2
1,45,2,1,Russians,1
1,45,2,1,Italians,2
1,45,2,2,Germans,2
1,45,2,2,Chinese,1
1,45,2,2,Russians,1
1,45,2,2,Italians,2
1,45,2,3,Germans,3
1,45,2,3,Chinese,1
1,45,2,3,Russians,1
1,45,2,3,Italians,2
1,45,2,4,Germans,3
1,45,2,4,Chinese,1
1,45,2,4,Russians,2
1,45,2,4,Italians,4
1,45,3,0,Germans,1
1,45,3,0,Chinese,1
1,45,3,0,Russians,1
1,45,3,0,Italians,2
1,45,3,1,Germans,2
1,45,3,1,Chinese,1
1,45,3,1,Russians,1
1,45,3,1,Italians,2
1,45,3,2,Germans,2
1,45,3,2,Chinese,0
1,45,3,2,Russians,1
1,45,3,2,Italians,1
1,45,3,3,Germans,2
1,45,3,3,Chinese,0
1,45,3,3,Russians,1
1,45,3,3,Italians,1
1,45,3,4,Germans,3
1,45,3,4,Chinese,0
1,45,3,4,Russians,2
1,45,3,4,Italians,1
1,45,4,0,Germans,1
1,45,4,0,Chinese,1
1,45,4,0,Russians,1
1,45,4,0,Italians,2
1,45,4,1,Germans,2
1,45,4,1,Chinese,1
1,45,4,1,Russians,1
1,45,4,1,Italians,2
1,45,4,2,Germans,2
1,45,4,2,Chinese,0
1,45,4,2,Russians,1
1,45,4,2,Italians,2
1,45,4,3,Germans,2
1,45,4,3,Chinese,0
1,45,4,3,Russians,1
1,45,4,3,Italians,3
1,45,4,4,Germans,2
1,45,4,4,Chinese,0
1,45,4,4,Russians,1
1,45,4,4,Italians,3
1,45,5,0,Germans,1
1,45,5,0,Chinese,1
1,45,5,0,Russians,1
1,45,5,0,Italians,2
1,45,5,1,Germans,2
1,45,5,1,Chinese,0
1,45,5,1,Russians,1
1,45,5,1,Italians,2
1,45,5,2,Germans,2
1,45,5,2,Chinese,0
1,45,5,2,Russians,1
1,45,5,2,Italians,1
1,45,5,3,Germans,3
1,45,5,3,Chinese,0
1,45,5,3,Russians,2
1,45,5,3,Italians,2
1,45,5,4,Germans,3
1,45,5,4,Chinese,0
1,45,5,4,Russians,2
1,45,5,4,Italians,1
1,45,6,0,Germans,1
1,45,6,0,Chinese,1
1,45,6,0,Russians,1
1,45,6,0,Italians,2
1,45,6,1,Germans,2
1,45,6,1,Chinese,1
1,45,6,1,Russians,1
1,45,6,1,Italians,2
1,45,6,2,Germans,2
1,45,6,2,Chinese,1
1,45,6,2,Russians,2
1,45,6,2,Italians,2
1,45,6,3,Germans,2
1,45,6,3,Chinese,1
1,45,6,3,Russians,1
1,45,6,3,Italians,3
1,45,6,4,Germans,0
1,45,6,4,Chinese,1
1,45,6,4,Russians,2
1,45,6,4,Italians,2
1,45,7,0,Germans,1
1,45,7,0,Chinese,1
1,45,7,0,Russians,1
1,45,7,0,Italians,2
1,45,7,1,Germans,1
1,45,7,1,Chinese,2
1,45,7,1,Russians,1
1,45,7,1,Italians,2
1,45,7,2,Germans,2
1,45,7,2,Chinese,1
1,45,7,2,Russians,2
1,45,7,2,Italians,2
1,45,7,3,Germans,3
1,45,7,3,Chinese,1
1,45,7,3,Russians,1
1,45,7,3,Italians,2
1,45,7,4,Germans,2
1,45,7,4,Chinese,1
1,45,7,4,Russians,3
1,45,7,4,Italians,2
1,45,8,0,Germans,1
1,45,8,0,Chinese,1
1,45,8,0,Russians,1
1,45,8,0,Italians,2
1,45,8,1,Germans,2
1,45,8,1,Chinese,0
1,45,8,1,Russians,1
1,45,8,1,Italians,2
1,45,8,2,Germans,2
1,45,8,2,Chinese,0
1,45,8,2,Russians,1
1,45,8,2,Italians,2
1,45,8,3,Germans,3
1,45,8,3,Chinese,0
1,45,8,3,Russians,1
1,45,8,3,Italians,3
1,45,8,4,Germans,2
1,45,8,4,Chinese,0
1,45,8,4,Russians,1
1,45,8,4,Italians,3
1,46,1,0,Germans,1
1,46,1,0,Chinese,0
1,46,1,0,Russians,1
1,46,1,0,Italians,2
1,46,1,1,Germans,2
1,46,1,1,Chinese,0
1,46,1,1,Russians,1
1,46,1,1,Italians,2
1,46,1,2,Germans,2
1,46,1,2,Chinese,0
1,46,1,2,Russians,1
1,46,1,2,Italians,1
1,46,1,3,Germans,3
1,46,1,3,Chinese,0
1,46,1,3,Russians,2
1,46,1,3,Italians,1
1,46,1,4,Germans,3
1,46,1,4,Chinese,0
1,46,1,4,Russians,3
1,46,1,4,Italians,2
1,46,2,0,Germans,1
1,46,2,0,Chinese,1
1,46,2,0,Russians,1
1,46,2,0,Italians,2
1,46,2,1,Germans,2
1,46,2,1,Chinese,1
1,46,2,1,Russians,2
1,46,2,1,Italians,2
1,46,2,2,Germans,2
1,46,2,2,Chinese,0
1,46,2,2,Russians,3
1,46,2,2,Italians,1
1,46,2,3,Germans,2
1,46,2,3,Chinese,0
1,46,2,3,Russians,2
1,46,2,3,Italians,1
1,46,2,4,Germans,1
1,46,2,4,Chinese,0
1,46,2,4,Russians,2
1,46,2,4,Italians,2
1,46,3,0,Germans,1
1,46,3,0,Chinese,0
1,46,3,0,Russians,1
1,46,3,0,Italians,2
1,46,3,1,Germans,3
1,46,3,1,Chinese,0
1,46,3,1,Russians,1
1,46,3,1,Italians,1
1,46,3,2,Germans,3
1,46,3,2,Chinese,0
1,46,3,2,Russians,2
1,46,3,2,Italians,1
1,46,3,3,Germans,3
1,46,3,3,Chinese,0
1,46,3,3,Russians,2
1,46,3,3,Italians,1
1,46,3,4,Germans,3
1,46,3,4,Chinese,0
1,46,3,4,Russians,3
1,46,3,4,Italians,2
1,46,4,0,Germans,1
1,46,4,0,Chinese,1
1,46,4,0,Russians,1
1,46,4,0,Italians,2
1,46,4,1,Germans,3
1,46,4,1,Chinese,1
1,46,4,1,Russians,2
1,46,4,1,Italians,1
1,46,4,2,Germans,3
1,46,4,2,Chinese,0
1,46,4,2,Russians,1
1,46,4,2,Italians,1
1,46,4,3,Germans,2
1,46,4,3,Chinese,0
1,46,4,3,Russians,2
1,46,4,3,Italians,1
1,46,4,4,Germans,3
1,46,4,4,Chinese,0
1,46,4,4,Russians,2
1,46,4,4,Italians,2
1,46,5,0,Germans,1
1,46,5,0,Chinese,1
1,46,5,0,Russians,1
1,46,5,0,Italians,2
1,46,5,1,Germans,2
1,46,5,1,Chinese,1
1,46,5,1,Russians,2
1,46,5,1,Italians,2
1,46,5,2,Germans,3
1,46,5,2,Chinese,0
1,46,5,2,Russians,2
1,46,5,2,Italians,3
1,46,5,3,Germans,1
1,46,5,3,Chinese,0
1,46,5,3,Russians,2
1,46,5,3,Italians,3
1,46,5,4,Germans,2
1,46,5,4,Chinese,0
1,46,5,4,Russians,1
1,46,5,4,Italians,2
1,46,6,0,Germans,1
1,46,6,0,Chinese,0
1,46,6,0,Russians,1
1,46,6,0,Italians,2
1,46,6,1,Germans,2
1,46,6,1,Chinese,0
1,46,6,1,Russians,1
1,46,6,1,Italians,2
1,46,6,2,Germans,3
1,46,6,2,Chinese,0
1,46,6,2,Russians,0
1,46,6,2,Italians,3
1,46,6,3,Germans,2
1,46,6,3,Chinese,0
1,46,6,3,Russians,2
1,46,6,3,Italians,2
1,46,6,4,Germans,3
1,46,6,4,Chinese,0
1,46,6,4,Russians,1
1,46,6,4,Italians,1
1,46,7,0,Germans,1
1,46,7,0,Chinese,0
1,46,7,0,Russians,1
1,46,7,0,Italians,2
1,46,7,1,Germans,2
1,46,7,1,Chinese,0
1,46,7,1,Russians,1
1,46,7,1,Italians,2
1,46,7,2,Germans,3
1,46,7,2,Chinese,0
1,46,7,2,Russians,1
1,46,7,2,Italians,3
1,46,7,3,Germans,1
1,46,7,3,Chinese,0
1,46,7,3,Russians,1
1,46,7,3,Italians,2
1,46,7,4,Germans,2
1,46,7,4,Chinese,0
1,46,7,4,Russians,1
1,46,7,4,Italians,2
1,47,1,0,Germans,1
1,47,1,0,Chinese,0
1,47,1,0,Russians,1
1,47,1,0,Italians,2
1,47,1,1,Germans,1
1,47,1,1,Chinese,0
1,47,1,1,Russians,2
1,47,1,1,Italians,2
1,47,1,2,Germans,2
1,47,1,2,Chinese,0
1,47,1,2,Russians,2
1,47,1,2,Italians,2
1,47,1,3,Germans,3
1,47,1,3,Chinese,0
1,47,1,3,Russians,1
1,47,1,3,Italians,2
1,47,1,4,Germans,3
1,47,1,4,Chinese,0
1,47,1,4,Russians,2
1,47,1,4,Italians,2
1,47,2,0,Germans,2
1,47,2,0,Chinese,0
1,47,2,0,Russians,1
1,47,2,0,Italians,2
1,47,2,1,Germans,2
1,47,2,1,Chinese,0
1,47,2,1,Russians,2
1,47,2,1,Italians,2
1,47,2,2,Germans,2
1,47,2,2,Chinese,0
1,47,2,2,Russians,3
1,47,2,2,Italians,1
1,47,2,3,Germans,3
1,47,2,3,Chinese,0
1,47,2,3,Russians,1
1,47,2,3,Italians,1
1,47,2,4,Germans,2
1,47,2,4,Chinese,0
1,47,2,4,Russians,2
1,47,2,4,Italians,1
1,47,3,0,Germans,3
1,47,3,0,Chinese,1
1,47,3,0,Russians,1
1,47,3,0,Italians,2
1,47,3,1,Germans,1
1,47,3,1,Chinese,0
1,47,3,1,Russians,2
1,47,3,1,Italians,2
1,47,3,2,Germans,2
1,47,3,2,Chinese,0
1,47,3,2,Russians,3
1,47,3,2,Italians,2
1,47,3,3,Germans,2
1,47,3,3,Chinese,0
1,47,3,3,Russians,0
1,47,3,3,Italians,3
1,47,3,4,Germans,2
1,47,3,4,Chinese,0
1,47,3,4,Russians,1
1,47,3,4,Italians,3
1,47,4,0,Germans,2
1,47,4,0,Chinese,0
1,47,4,0,Russians,1
1,47,4,0,Italians,2
1,47,4,1,Germans,3
1,47,4,1,Chinese,0
1,47,4,1,Russians,2
1,47,4,1,Italians,2
1,47,4,2,Germans,2
1,47,4,2,Chinese,0
1,47,4,2,Russians,2
1,47,4,2,Italians,2
1,47,4,3,Germans,2
1,47,4,3,Chinese,0
1,47,4,3,Russians,2
1,47,4,3,Italians,1
1,47,4,4,Germans,2
1,47,4,4,Chinese,0
1,47,4,4,Russians,3
1,47,4,4,Italians,2
1,47,5,0,Germans,2
1,47,5,0,Chinese,1
1,47,5,0,Russians,1
1,47,5,0,Italians,2
1,47,5,1,Germans,3
1,47,5,1,Chinese,0
1,47,5,1,Russians,1
1,47,5,1,Italians,2
1,47,5,2,Germans,1
1,47,5,2,Chinese,0
1,47,5,2,Russians,3
1,47,5,2,Italians,2
1,47,5,3,Germans,1
1,47,5,3,Chinese,0
1,47,5,3,Russians,2
1,47,5,3,Italians,2
1,47,5,4,Germans,2
1,47,5,4,Chinese,0
1,47,5,4,Russians,2
1,47,5,4,Italians,2
1,47,6,0,Germans,1
1,47,6,0,Chinese,0
1,47,6,0,Russians,1
1,47,6,0,Italians,2
1,47,6,1,Germans,2
1,47,6,1,Chinese,0
1,47,6,1,Russians,2
1,47,6,1,Italians,2
1,47,6,2,Germans,3
1,47,6,2,Chinese,0
1,47,6,2,Russians,2
1,47,6,2,Italians,2
1,47,6,3,Germans,3
1,47,6,3,Chinese,0
1,47,6,3,Russians,2
1,47,6,3,Italians,2
1,47,6,4,Germans,2
1,47,6,4,Chinese,0
1,47,6,4,Russians,2
1,47,6,4,Italians,2
1,47,7,0,Germans,2
1,47,7,0,Chinese,0
1,47,7,0,Russians,1
1,47,7,0,Italians,2
1,47,7,1,Germans,2
1,47,7,1,Chinese,0
1,47,7,1,Russians,2
1,47,7,1,Italians,2
1,47,7,2,Germans,3
1,47,7,2,Chinese,0
1,47,7,2,Russians,2
1,47,7,2,Italians,1
1,47,7,3,Germans,2
1,47,7,3,Chinese,0
1,47,7,3,Russians,2
1,47,7,3,Italians,2
1,47,7,4,Germans,1
1,47,7,4,Chinese,0
1,47,7,4,Russians,2
1,47,7,4,Italians,1
1,48,1,0,Germans,2
1,48,1,0,Chinese,0
1,48,1,0,Russians,1
1,48,1,0,Italians,4
1,48,1,1,Germans,3
1,48,1,1,Chinese,0
1,48,1,1,Russians,2
1,48,1,1,Italians,1
1,48,1,2,Germans,4
1,48,1,2,Chinese,0
1,48,1,2,Russians,2
1,48,1,2,Italians,1
1,48,1,3,Germans,2
1,48,1,3,Chinese,0
1,48,1,3,Russians,2
1,48,1,3,Italians,2
1,48,1,4,Germans,2
1,48,1,4,Chinese,0
1,48,1,4,Russians,2
1,48,1,4,Italians,1
1,48,2,0,Germans,1
1,48,2,0,Chinese,0
1,48,2,0,Russians,1
1,48,2,0,Italians,4
1,48,2,1,Germans,3
1,48,2,1,Chinese,0
1,48,2,1,Russians,2
1,48,2,1,Italians,4
1,48,2,2,Germans,3
1,48,2,2,Chinese,0
1,48,2,2,Russians,3
1,48,2,2,Italians,1
1,48,2,3,Germans,3
1,48,2,3,Chinese,0
1,48,2,3,Russians,2
1,48,2,3,Italians,2
1,48,2,4,Germans,2
1,48,2,4,Chinese,0
1,48,2,4,Russians,2
1,48,2,4,Italians,1
1,48,3,0,Germans,1
1,48,3,0,Chinese,0
1,48,3,0,Russians,1
1,48,3,0,Italians,4
1,48,3,1,Germans,3
1,48,3,1,Chinese,0
1,48,3,1,Russians,2
1,48,3,1,Italians,3
1,48,3,2,Germans,4
1,48,3,2,Chinese,0
1,48,3,2,Russians,2
1,48,3,2,Italians,1
1,48,3,3,Germans,3
1,48,3,3,Chinese,0
1,48,3,3,Russians,2
1,48,3,3,Italians,2
1,48,3,4,Germans,0
1,48,3,4,Chinese,0
1,48,3,4,Russians,2
1,48,3,4,Italians,1
1,48,4,0,Germans,1
1,48,4,0,Chinese,0
1,48,4,0,Russians,1
1,48,4,0,Italians,4
1,48,4,1,Germans,3
1,48,4,1,Chinese,0
1,48,4,1,Russians,2
1,48,4,1,Italians,1
1,48,4,2,Germans,4
1,48,4,2,Chinese,0
1,48,4,2,Russians,2
1,48,4,2,Italians,1
1,48,4,3,Germans,3
1,48,4,3,Chinese,0
1,48,4,3,Russians,2
1,48,4,3,Italians,2
1,48,4,4,Germans,3
1,48,4,4,Chinese,0
1,48,4,4,Russians,1
1,48,4,4,Italians,1
1,48,5,0,Germans,1
1,48,5,0,Chinese,0
1,48,5,0,Russians,1
1,48,5,0,Italians,4
1,48,5,1,Germans,3
1,48,5,1,Chinese,0
1,48,5,1,Russians,2
1,48,5,1,Italians,2
1,48,5,2,Germans,3
1,48,5,2,Chinese,0
1,48,5,2,Russians,2
1,48,5,2,Italians,2
1,48,5,3,Germans,1
1,48,5,3,Chinese,0
1,48,5,3,Russians,2
1,48,5,3,Italians,2
1,48,5,4,Germans,2
1,48,5,4,Chinese,0
1,48,5,4,Russians,2
1,48,5,4,Italians,1
1,48,6,0,Germans,1
1,48,6,0,Chinese,0
1,48,6,0,Russians,1
1,48,6,0,Italians,4
1,48,6,1,Germans,3
1,48,6,1,Chinese,0
1,48,6,1,Russians,2
1,48,6,1,Italians,3
1,48,6,2,Germans,4
1,48,6,2,Chinese,0
1,48,6,2,Russians,2
1,48,6,2,Italians,1
1,48,6,3,Germans,4
1,48,6,3,Chinese,0
1,48,6,3,Russians,1
1,48,6,3,Italians,2
1,48,6,4,Germans,2
1,48,6,4,Chinese,0
1,48,6,4,Russians,3
1,48,6,4,Italians,2
1,49,1,0,Germans,2
1,49,1,0,Chinese,0
1,49,1,0,Russians,1
1,49,1,0,Italians,3
1,49,1,1,Germans,3
1,49,1,1,Chinese,0
1,49,1,1,Russians,2
1,49,1,1,Italians,2
1,49,1,2,Germans,3
1,49,1,2,Chinese,0
1,49,1,2,Russians,2
1,49,1,2,Italians,2
1,49,1,3,Germans,2
1,49,1,3,Chinese,0
1,49,1,3,Russians,2
1,49,1,3,Italians,2
1,49,1,4,Germans,1
1,49,1,4,Chinese,0
1,49,1,4,Russians,3
1,49,1,4,Italians,1
1,49,2,0,Germans,2
1,49,2,0,Chinese,0
1,49,2,0,Russians,1
1,49,2,0,Italians,4
1,49,2,1,Germans,3
1,49,2,1,Chinese,0
1,49,2,1,Russians,1
1,49,2,1,Italians,4
1,49,2,2,Germans,2
1,49,2,2,Chinese,0
1,49,2,2,Russians,2
1,49,2,2,Italians,2
1,49,2,3,Germans,3
1,49,2,3,Chinese,0
1,49,2,3,Russians,2
1,49,2,3,Italians,0
1,49,2,4,Germans,2
1,49,2,4,Chinese,0
1,49,2,4,Russians,2
1,49,2,4,Italians,2
1,49,3,0,Germans,1
1,49,3,0,Chinese,0
1,49,3,0,Russians,1
1,49,3,0,Italians,4
1,49,3,1,Germans,3
1,49,3,1,Chinese,0
1,49,3,1,Russians,1
1,49,3,1,Italians,2
1,49,3,2,Germans,3
1,49,3,2,Chinese,0
1,49,3,2,Russians,2
1,49,3,2,Italians,2
1,49,3,3,Germans,2
1,49,3,3,Chinese,0
1,49,3,3,Russians,3
1,49,3,3,Italians,2
1,49,3,4,Germans,2
1,49,3,4,Chinese,0
1,49,3,4,Russians,1
1,49,3,4,Italians,2
1,49,4,0,Germans,1
1,49,4,0,Chinese,0
1,49,4,0,Russians,1
1,49,4,0,Italians,2
1,49,4,1,Germans,2
1,49,4,1,Chinese,0
1,49,4,1,Russians,2
1,49,4,1,Italians,1
1,49,4,2,Germans,2
1,49,4,2,Chinese,0
1,49,4,2,Russians,2
1,49,4,2,Italians,3
1,49,4,3,Germans,1
1,49,4,3,Chinese,0
1,49,4,3,Russians,1
1,49,4,3,Italians,3
1,49,4,4,Germans,2
1,49,4,4,Chinese,0
1,49,4,4,Russians,1
1,49,4,4,Italians,2
1,49,5,0,Germans,1
1,49,5,0,Chinese,0
1,49,5,0,Russians,1
1,49,5,0,Italians,5
1,49,5,1,Germans,3
1,49,5,1,Chinese,0
1,49,5,1,Russians,1
1,49,5,1,Italians,3
1,49,5,2,Germans,4
1,49,5,2,Chinese,0
1,49,5,2,Russians,2
1,49,5,2,Italians,2
1,49,5,3,Germans,3
1,49,5,3,Chinese,0
1,49,5,3,Russians,2
1,49,5,3,Italians,1
1,49,5,4,Germans,1
1,49,5,4,Chinese,0
1,49,5,4,Russians,3
1,49,5,4,Italians,1
1,50,1,0,Germans,2
1,50,1,0,Chinese,0
1,50,1,0,Russians,2
1,50,1,0,Italians,1
1,50,1,1,Germans,2
1,50,1,1,Chinese,0
1,50,1,1,Russians,2
1,50,1,1,Italians,1
1,50,1,2,Germans,1
1,50,1,2,Chinese,0
1,50,1,2,Russians,2
1,50,1,2,Italians,2
1,50,1,3,Germans,3
1,50,1,3,Chinese,0
1,50,1,3,Russians,2
1,50,1,3,Italians,1
1,50,1,4,Germans,2
1,50,1,4,Chinese,0
1,50,1,4,Russians,3
1,50,1,4,Italians,1
1,50,2,0,Germans,2
1,50,2,0,Chinese,0
1,50,2,0,Russians,2
1,50,2,0,Italians,1
1,50,2,1,Germans,3
1,50,2,1,Chinese,0
1,50,2,1,Russians,4
1,50,2,1,Italians,1
1,50,2,2,Germans,2
1,50,2,2,Chinese,0
1,50,2,2,Russians,2
1,50,2,2,Italians,1
1,50,2,3,Germans,2
1,50,2,3,Chinese,0
1,50,2,3,Russians,1
1,50,2,3,Italians,1
1,50,2,4,Germans,2
1,50,2,4,Chinese,0
1,50,2,4,Russians,2
1,50,2,4,Italians,2
1,50,3,0,Germans,2
1,50,3,0,Chinese,0
1,50,3,0,Russians,2
1,50,3,0,Italians,1
1,50,3,1,Germans,3
1,50,3,1,Chinese,0
1,50,3,1,Russians,1
1,50,3,1,Italians,2
1,50,3,2,Germans,1
1,50,3,2,Chinese,0
1,50,3,2,Russians,2
1,50,3,2,Italians,1
1,50,3,3,Germans,3
1,50,3,3,Chinese,0
1,50,3,3,Russians,1
1,50,3,3,Italians,1
1,50,3,4,Germans,3
1,50,3,4,Chinese,0
1,50,3,4,Russians,2
1,50,3,4,Italians,1
1,50,4,0,Germans,1
1,50,4,0,Chinese,0
1,50,4,0,Russians,2
1,50,4,0,Italians,1
1,50,4,1,Germans,3
1,50,4,1,Chinese,0
1,50,4,1,Russians,0
1,50,4,1,Italians,1
1,50,4,2,Germans,3
1,50,4,2,Chinese,0
1,50,4,2,Russians,2
1,50,4,2,Italians,1
1,50,4,3,Germans,2
1,50,4,3,Chinese,0
1,50,4,3,Russians,1
1,50,4,3,Italians,2
1,50,4,4,Germans,2
1,50,4,4,Chinese,0
1,50,4,4,Russians,1
1,50,4,4,Italians,1
1,50,5,0,Germans,1
1,50,5,0,Chinese,0
1,50,5,0,Russians,2
1,50,5,0,Italians,1
1,50,5,1,Germans,3
1,50,5,1,Chinese,0
1,50,5,1,Russians,0
1,50,5,1,Italians,1
1,50,5,2,Germans,2
1,50,5,2,Chinese,0
1,50,5,2,Russians,2
1,50,5,2,Italians,1
1,50,5,3,Germans,1
1,50,5,3,Chinese,0
1,50,5,3,Russians,2
1,50,5,3,Italians,2
1,50,5,4,Germans,2
1,50,5,4,Chinese,0
1,50,5,4,Russians,2
1,50,5,4,Italians,1
1,51,1,0,Germans,2
1,51,1,0,Chinese,0
1,51,1,0,Russians,1
1,51,1,0,Italians,1
1,51,1,1,Germans,3
1,51,1,1,Chinese,0
1,51,1,1,Russians,3
1,51,1,1,Italians,1
1,51,1,2,Germans,1
1,51,1,2,Chinese,0
1,51,1,2,Russians,2
1,51,1,2,Italians,1
1,51,1,3,Germans,3
1,51,1,3,Chinese,0
1,51,1,3,Russians,1
1,51,1,3,Italians,1
1,51,1,4,Germans,3
1,51,1,4,Chinese,0
1,51,1,4,Russians,1
1,51,1,4,Italians,1
1,51,2,0,Germans,2
1,51,2,0,Chinese,0
1,51,2,0,Russians,1
1,51,2,0,Italians,1
1,51,2,1,Germans,2
1,51,2,1,Chinese,0
1,51,2,1,Russians,2
1,51,2,1,Italians,1
1,51,2,2,Germans,1
1,51,2,2,Chinese,0
1,51,2,2,Russians,2
1,51,2,2,Italians,1
1,51,2,3,Germans,3
1,51,2,3,Chinese,0
1,51,2,3,Russians,1
1,51,2,3,Italians,1
1,51,2,4,Germans,2
1,51,2,4,Chinese,0
1,51,2,4,Russians,2
1,51,2,4,Italians,2
1,51,3,0,Germans,2
1,51,3,0,Chinese,0
1,51,3,0,Russians,1
1,51,3,0,Italians,1
1,51,3,1,Germans,2
1,51,3,1,Chinese,0
1,51,3,1,Russians,2
1,51,3,1,Italians,2
1,51,3,2,Germans,1
1,51,3,2,Chinese,0
1,51,3,2,Russians,2
1,51,3,2,Italians,1
1,51,3,3,Germans,3
1,51,3,3,Chinese,0
1,51,3,3,Russians,1
1,51,3,3,Italians,1
1,51,3,4,Germans,3
1,51,3,4,Chinese,0
1,51,3,4,Russians,1
1,51,3,4,Italians,2
1,51,4,0,Germans,2
1,51,4,0,Chinese,0
1,51,4,0,Russians,2
1,51,4,0,Italians,0
1,51,4,1,Germans,3
1,51,4,1,Chinese,0
1,51,4,1,Russians,3
1,51,4,1,Italians,0
1,51,4,2,Germans,1
1,51,4,2,Chinese,0
1,51,4,2,Russians,3
1,51,4,2,Italians,0
1,51,4,3,Germans,3
1,51,4,3,Chinese,0
1,51,4,3,Russians,1
1,51,4,3,Italians,0
1,51,4,4,Germans,3
1,51,4,4,Chinese,0
1,51,4,4,Russians,3
1,51,4,4,Italians,0
1,51,5,0,Germans,1
1,51,5,0,Chinese,0
1,51,5,0,Russians,0
1,51,5,0,Italians,1
1,51,5,1,Germans,1
1,51,5,1,Chinese,0
1,51,5,1,Russians,2
1,51,5,1,Italians,2
1,51,5,2,Germans,0
1,51,5,2,Chinese,0
1,51,5,2,Russians,2
1,51,5,2,Italians,2
1,51,5,3,Germans,2
1,51,5,3,Chinese,0
1,51,5,3,Russians,1
1,51,5,3,Italians,2
1,51,5,4,Germans,3
1,51,5,4,Chinese,0
1,51,5,4,Russians,1
1,51,5,4,Italians,0
1,52,1,0,Germans,1
1,52,1,0,Chinese,0
1,52,1,0,Russians,2
1,52,1,0,Italians,2
1,52,1,1,Germans,2
1,52,1,1,Chinese,0
1,52,1,1,Russians,2
1,52,1,1,Italians,1
1,52,1,2,Germans,2
1,52,1,2,Chinese,0
1,52,1,2,Russians,2
1,52,1,2,Italians,1
1,52,1,3,Germans,2
1,52,1,3,Chinese,0
1,52,1,3,Russians,1
1,52,1,3,Italians,1
1,52,1,4,Germans,3
1,52,1,4,Chinese,0
1,52,1,4,Russians,2
1,52,1,4,Italians,1
1,52,2,0,Germans,1
1,52,2,0,Chinese,0
1,52,2,0,Russians,3
1,52,2,0,Italians,1
1,52,2,1,Germans,2
1,52,2,1,Chinese,0
1,52,2,1,Russians,2
1,52,2,1,Italians,1
1,52,2,2,Germans,3
1,52,2,2,Chinese,0
1,52,2,2,Russians,1
1,52,2,2,Italians,1
1,52,2,3,Germans,2
1,52,2,3,Chinese,0
1,52,2,3,Russians,2
1,52,2,3,Italians,2
1,52,2,4,Germans,2
1,52,2,4,Chinese,0
1,52,2,4,Russians,2
1,52,2,4,Italians,1
1,52,3,0,Germans,1
1,52,3,0,Chinese,0
1,52,3,0,Russians,2
1,52,3,0,Italians,1
1,52,3,1,Germans,2
1,52,3,1,Chinese,0
1,52,3,1,Russians,2
1,52,3,1,Italians,1
1,52,3,2,Germans,2
1,52,3,2,Chinese,0
1,52,3,2,Russians,1
1,52,3,2,Italians,2
1,52,3,3,Germans,3
1,52,3,3,Chinese,0
1,52,3,3,Russians,2
1,52,3,3,Italians,1
1,52,3,4,Germans,3
1,52,3,4,Chinese,0
1,52,3,4,Russians,1
1,52,3,4,Italians,1
1,52,4,0,Germans,1
1,52,4,0,Chinese,0
1,52,4,0,Russians,2
1,52,4,0,Italians,1
1,52,4,1,Germans,2
1,52,4,1,Chinese,0
1,52,4,1,Russians,2
1,52,4,1,Italians,2
1,52,4,2,Germans,2
1,52,4,2,Chinese,0
1,52,4,2,Russians,1
1,52,4,2,Italians,2
1,52,4,3,Germans,3
1,52,4,3,Chinese,0
1,52,4,3,Russians,2
1,52,4,3,Italians,1
1,52,4,4,Germans,2
1,52,4,4,Chinese,0
1,52,4,4,Russians,1
1,52,4,4,Italians,2
1,52,5,0,Germans,1
1,52,5,0,Chinese,0
1,52,5,0,Russians,3
1,52,5,0,Italians,2
1,52,5,1,Germans,2
1,52,5,1,Chinese,0
1,52,5,1,Russians,2
1,52,5,1,Italians,1
1,52,5,2,Germans,3
1,52,5,2,Chinese,0
1,52,5,2,Russians,2
1,52,5,2,Italians,1
1,52,5,3,Germans,2
1,52,5,3,Chinese,0
1,52,5,3,Russians,2
1,52,5,3,Italians,2
1,52,5,4,Germans,3
1,52,5,4,Chinese,0
1,52,5,4,Russians,1
1,52,5,4,Italians,1
1,52,6,0,Germans,1
1,52,6,0,Chinese,0
1,52,6,0,Russians,2
1,52,6,0,Italians,1
1,52,6,1,Germans,2
1,52,6,1,Chinese,0
1,52,6,1,Russians,2
1,52,6,1,Italians,1
1,52,6,2,Germans,2
1,52,6,2,Chinese,0
1,52,6,2,Russians,1
1,52,6,2,Italians,2
1,52,6,3,Germans,3
1,52,6,3,Chinese,0
1,52,6,3,Russians,2
1,52,6,3,Italians,1
1,52,6,4,Germans,2
1,52,6,4,Chinese,0
1,52,6,4,Russians,1
1,52,6,4,Italians,1
1,53,1,0,Germans,1
1,53,1,0,Chinese,0
1,53,1,0,Russians,2
1,53,1,0,Italians,1
1,53,1,1,Germans,2
1,53,1,1,Chinese,0
1,53,1,1,Russians,0
1,53,1,1,Italians,2
1,53,1,2,Germans,2
1,53,1,2,Chinese,0
1,53,1,2,Russians,2
1,53,1,2,Italians,2
1,53,1,3,Germans,3
1,53,1,3,Chinese,0
1,53,1,3,Russians,1
1,53,1,3,Italians,1
1,53,1,4,Germans,3
1,53,1,4,Chinese,0
1,53,1,4,Russians,1
1,53,1,4,Italians,0
1,53,2,0,Germans,1
1,53,2,0,Chinese,0
1,53,2,0,Russians,2
1,53,2,0,Italians,2
1,53,2,1,Germans,2
1,53,2,1,Chinese,0
1,53,2,1,Russians,0
1,53,2,1,Italians,2
1,53,2,2,Germans,2
1,53,2,2,Chinese,0
1,53,2,2,Russians,3
1,53,2,2,Italians,1
1,53,2,3,Germans,3
1,53,2,3,Chinese,0
1,53,2,3,Russians,2
1,53,2,3,Italians,1
1,53,2,4,Germans,4
1,53,2,4,Chinese,0
1,53,2,4,Russians,1
1,53,2,4,Italians,2
1,53,3,0,Germans,1
1,53,3,0,Chinese,0
1,53,3,0,Russians,2
1,53,3,0,Italians,1
1,53,3,1,Germans,2
1,53,3,1,Chinese,0
1,53,3,1,Russians,1
1,53,3,1,Italians,2
1,53,3,2,Germans,2
1,53,3,2,Chinese,0
1,53,3,2,Russians,2
1,53,3,2,Italians,2
1,53,3,3,Germans,4
1,53,3,3,Chinese,0
1,53,3,3,Russians,2
1,53,3,3,Italians,1
1,53,3,4,Germans,2
1,53,3,4,Chinese,0
1,53,3,4,Russians,2
1,53,3,4,Italians,2
1,53,4,0,Germans,1
1,53,4,0,Chinese,0
1,53,4,0,Russians,2
1,53,4,0,Italians,1
1,53,4,1,Germans,2
1,53,4,1,Chinese,0
1,53,4,1,Russians,1
1,53,4,1,Italians,2
1,53,4,2,Germans,2
1,53,4,2,Chinese,0
1,53,4,2,Russians,2
1,53,4,2,Italians,2
1,53,4,3,Germans,4
1,53,4,3,Chinese,0
1,53,4,3,Russians,2
1,53,4,3,Italians,2
1,53,4,4,Germans,1
1,53,4,4,Chinese,0
1,53,4,4,Russians,2
1,53,4,4,Italians,2
1,53,5,0,Germans,1
1,53,5,0,Chinese,0
1,53,5,0,Russians,2
1,53,5,0,Italians,2
1,53,5,1,Germans,2
1,53,5,1,Chinese,0
1,53,5,1,Russians,1
1,53,5,1,Italians,2
1,53,5,2,Germans,3
1,53,5,2,Chinese,0
1,53,5,2,Russians,2
1,53,5,2,Italians,1
1,53,5,3,Germans,4
1,53,5,3,Chinese,0
1,53,5,3,Russians,1
1,53,5,3,Italians,1
1,53,5,4,Germans,4
1,53,5,4,Chinese,0
1,53,5,4,Russians,1
1,53,5,4,Italians,1
1,53,6,0,Germans,1
1,53,6,0,Chinese,0
1,53,6,0,Russians,2
1,53,6,0,Italians,2
1,53,6,1,Germans,2
1,53,6,1,Chinese,0
1,53,6,1,Russians,1
1,53,6,1,Italians,2
1,53,6,2,Germans,3
1,53,6,2,Chinese,0
1,53,6,2,Russians,2
1,53,6,2,Italians,1
1,53,6,3,Germans,3
1,53,6,3,Chinese,0
1,53,6,3,Russians,2
1,53,6,3,Italians,1
1,53,6,4,Germans,3
1,53,6,4,Chinese,0
1,53,6,4,Russians,1
1,53,6,4,Italians,2
1,54,1,0,Germans,1
1,54,1,0,Chinese,0
1,54,1,0,Russians,2
1,54,1,0,Italians,1
1,54,1,1,Germans,2
1,54,1,1,Chinese,0
1,54,1,1,Russians,2
1,54,1,1,Italians,1
1,54,1,2,Germans,2
1,54,1,2,Chinese,0
1,54,1,2,Russians,1
1,54,1,2,Italians,1
1,54,1,3,Germans,3
1,54,1,3,Chinese,0
1,54,1,3,Russians,1
1,54,1,3,Italians,1
1,54,1,4,Germans,2
1,54,1,4,Chinese,0
1,54,1,4,Russians,1
1,54,1,4,Italians,1
1,54,2,0,Germans,1
1,54,2,0,Chinese,0
1,54,2,0,Russians,2
1,54,2,0,Italians,1
1,54,2,1,Germans,2
1,54,2,1,Chinese,0
1,54,2,1,Russians,1
1,54,2,1,Italians,1
1,54,2,2,Germans,3
1,54,2,2,Chinese,0
1,54,2,2,Russians,0
1,54,2,2,Italians,1
1,54,2,3,Germans,2
1,54,2,3,Chinese,0
1,54,2,3,Russians,0
1,54,2,3,Italians,2
1,54,2,4,Germans,4
1,54,2,4,Chinese,0
1,54,2,4,Russians,0
1,54,2,4,Italians,2
1,54,3,0,Germans,1
1,54,3,0,Chinese,0
1,54,3,0,Russians,3
1,54,3,0,Italians,1
1,54,3,1,Germans,1
1,54,3,1,Chinese,0
1,54,3,1,Russians,1
1,54,3,1,Italians,1
1,54,3,2,Germans,3
1,54,3,2,Chinese,0
1,54,3,2,Russians,2
1,54,3,2,Italians,1
1,54,3,3,Germans,4
1,54,3,3,Chinese,0
1,54,3,3,Russians,1
1,54,3,3,Italians,1
1,54,3,4,Germans,3
1,54,3,4,Chinese,0
1,54,3,4,Russians,1
1,54,3,4,Italians,1
1,54,4,0,Germans,1
1,54,4,0,Chinese,0
1,54,4,0,Russians,3
1,54,4,0,Italians,1
1,54,4,1,Germans,1
1,54,4,1,Chinese,0
1,54,4,1,Russians,1
1,54,4,1,Italians,1
1,54,4,2,Germans,4
1,54,4,2,Chinese,0
1,54,4,2,Russians,1
1,54,4,2,Italians,1
1,54,4,3,Germans,2
1,54,4,3,Chinese,0
1,54,4,3,Russians,1
1,54,4,3,Italians,2
1,54,4,4,Germans,4
1,54,4,4,Chinese,0
1,54,4,4,Russians,1
1,54,4,4,Italians,1
1,54,5,0,Germans,1
1,54,5,0,Chinese,0
1,54,5,0,Russians,2
1,54,5,0,Italians,1
1,54,5,1,Germans,2
1,54,5,1,Chinese,0
1,54,5,1,Russians,1
1,54,5,1,Italians,1
1,54,5,2,Germans,2
1,54,5,2,Chinese,0
1,54,5,2,Russians,0
1,54,5,2,Italians,2
1,54,5,3,Germans,3
1,54,5,3,Chinese,0
1,54,5,3,Russians,0
1,54,5,3,Italians,2
1,54,5,4,Germans,3
1,54,5,4,Chinese,0
1,54,5,4,Russians,0
1,54,5,4,Italians,2
