game,round,iteration,depth,current_player,terr_attacked_in_round (actions taken)
1,1,1,0,Russians,2
1,1,1,0,Italians,2
1,1,1,0,Germans,3
1,1,1,0,Chinese,3
1,1,1,1,Russians,2
1,1,1,1,Italians,3
1,1,1,1,Germans,3
1,1,1,1,Chinese,3
1,1,2,0,Russians,2
1,1,2,0,Italians,3
1,1,2,0,Germans,3
1,1,2,0,Chinese,2
1,1,2,1,Russians,2
1,1,2,1,Italians,3
1,1,2,1,Germans,3
1,1,2,1,Chinese,3
1,1,3,0,Russians,2
1,1,3,0,Italians,3
1,1,3,0,Germans,3
1,1,3,0,Chinese,3
1,1,3,1,Russians,2
1,1,3,1,Italians,3
1,1,3,1,Germans,3
1,1,3,1,Chinese,3
1,1,4,0,Russians,2
1,1,4,0,Italians,3
1,1,4,0,Germans,3
1,1,4,0,Chinese,3
1,1,4,1,Russians,2
1,1,4,1,Italians,3
1,1,4,1,Germans,3
1,1,4,1,Chinese,3
1,1,5,0,Russians,2
1,1,5,0,Italians,2
1,1,5,0,Germans,3
1,1,5,0,Chinese,3
1,1,5,1,Russians,2
1,1,5,1,Italians,3
1,1,5,1,Germans,3
1,1,5,1,Chinese,3
1,1,6,0,Russians,2
1,1,6,0,Italians,2
1,1,6,0,Germans,3
1,1,6,0,Chinese,3
1,1,6,1,Russians,2
1,1,6,1,Italians,2
1,1,6,1,Germans,3
1,1,6,1,Chinese,3
1,1,7,0,Russians,2
1,1,7,0,Italians,3
1,1,7,0,Germans,3
1,1,7,0,Chinese,3
1,1,7,1,Russians,2
1,1,7,1,Italians,3
1,1,7,1,Germans,2
1,1,7,1,Chinese,2
1,1,8,0,Russians,2
1,1,8,0,Italians,3
1,1,8,0,Germans,3
1,1,8,0,Chinese,3
1,1,8,1,Russians,2
1,1,8,1,Italians,3
1,1,8,1,Germans,3
1,1,8,1,Chinese,2
1,1,9,0,Russians,2
1,1,9,0,Italians,2
1,1,9,0,Germans,3
1,1,9,0,Chinese,2
1,1,9,1,Russians,2
1,1,9,1,Italians,3
1,1,9,1,Germans,3
1,1,9,1,Chinese,2
1,1,10,0,Russians,2
1,1,10,0,Italians,3
1,1,10,0,Germans,3
1,1,10,0,Chinese,3
1,1,10,1,Russians,3
1,1,10,1,Italians,2
1,1,10,1,Germans,3
1,1,10,1,Chinese,3
1,1,11,0,Russians,2
1,1,11,0,Italians,3
1,1,11,0,Germans,3
1,1,11,0,Chinese,2
1,1,11,1,Russians,2
1,1,11,1,Italians,3
1,1,11,1,Germans,3
1,1,11,1,Chinese,3
1,1,12,0,Russians,2
1,1,12,0,Italians,2
1,1,12,0,Germans,3
1,1,12,0,Chinese,3
1,1,12,1,Russians,3
1,1,12,1,Italians,3
1,1,12,1,Germans,3
1,1,12,1,Chinese,3
1,1,13,0,Russians,2
1,1,13,0,Italians,2
1,1,13,0,Germans,2
1,1,13,0,Chinese,2
1,1,13,1,Russians,2
1,1,13,1,Italians,3
1,1,13,1,Germans,2
1,1,13,1,Chinese,3
1,1,14,0,Russians,2
1,1,14,0,Italians,3
1,1,14,0,Germans,3
1,1,14,0,Chinese,3
1,1,14,1,Russians,2
1,1,14,1,Italians,2
1,1,14,1,Germans,3
1,1,14,1,Chinese,3
1,1,15,0,Russians,2
1,1,15,0,Italians,3
1,1,15,0,Germans,3
1,1,15,0,Chinese,3
1,1,15,1,Russians,2
1,1,15,1,Italians,2
1,1,15,1,Germans,3
1,1,15,1,Chinese,3
1,1,16,0,Russians,2
1,1,16,0,Italians,3
1,1,16,0,Germans,2
1,1,16,0,Chinese,3
1,1,16,1,Russians,3
1,1,16,1,Italians,3
1,1,16,1,Germans,3
1,1,16,1,Chinese,3
1,1,17,0,Russians,3
1,1,17,0,Italians,3
1,1,17,0,Germans,3
1,1,17,0,Chinese,3
1,1,17,1,Russians,2
1,1,17,1,Italians,3
1,1,17,1,Germans,3
1,1,17,1,Chinese,3
1,1,18,0,Russians,2
1,1,18,0,Italians,3
1,1,18,0,Germans,3
1,1,18,0,Chinese,3
1,1,18,1,Russians,2
1,1,18,1,Italians,3
1,1,18,1,Germans,2
1,1,18,1,Chinese,3
1,1,19,0,Russians,3
1,1,19,0,Italians,2
1,1,19,0,Germans,3
1,1,19,0,Chinese,2
1,1,19,1,Russians,2
1,1,19,1,Italians,2
1,1,19,1,Germans,3
1,1,19,1,Chinese,3
1,1,20,0,Russians,3
1,1,20,0,Italians,3
1,1,20,0,Germans,3
1,1,20,0,Chinese,3
1,1,20,1,Russians,2
1,1,20,1,Italians,3
1,1,20,1,Germans,3
1,1,20,1,Chinese,3
1,1,21,0,Russians,3
1,1,21,0,Italians,2
1,1,21,0,Germans,2
1,1,21,0,Chinese,3
1,1,21,1,Russians,3
1,1,21,1,Italians,2
1,1,21,1,Germans,3
1,1,21,1,Chinese,2
1,1,22,0,Russians,3
1,1,22,0,Italians,3
1,1,22,0,Germans,3
1,1,22,0,Chinese,2
1,1,22,1,Russians,3
1,1,22,1,Italians,3
1,1,22,1,Germans,3
1,1,22,1,Chinese,3
1,1,23,0,Russians,3
1,1,23,0,Italians,3
1,1,23,0,Germans,3
1,1,23,0,Chinese,3
1,1,23,1,Russians,2
1,1,23,1,Italians,2
1,1,23,1,Germans,3
1,1,23,1,Chinese,3
1,1,24,0,Russians,2
1,1,24,0,Italians,3
1,1,24,0,Germans,2
1,1,24,0,Chinese,3
1,1,24,1,Russians,2
1,1,24,1,Italians,2
1,1,24,1,Germans,2
1,1,24,1,Chinese,3
1,1,25,0,Russians,3
1,1,25,0,Italians,2
1,1,25,0,Germans,3
1,1,25,0,Chinese,3
1,1,25,1,Russians,2
1,1,25,1,Italians,2
1,1,25,1,Germans,3
1,1,25,1,Chinese,3
1,1,26,0,Russians,3
1,1,26,0,Italians,3
1,1,26,0,Germans,3
1,1,26,0,Chinese,3
1,1,26,1,Russians,2
1,1,26,1,Italians,3
1,1,26,1,Germans,3
1,1,26,1,Chinese,3
1,1,27,0,Russians,3
1,1,27,0,Italians,3
1,1,27,0,Germans,2
1,1,27,0,Chinese,3
1,1,27,1,Russians,2
1,1,27,1,Italians,2
1,1,27,1,Germans,3
1,1,27,1,Chinese,3
1,1,28,0,Russians,2
1,1,28,0,Italians,3
1,1,28,0,Germans,3
1,1,28,0,Chinese,3
1,1,28,1,Russians,2
1,1,28,1,Italians,3
1,1,28,1,Germans,3
1,1,28,1,Chinese,3
1,1,29,0,Russians,3
1,1,29,0,Italians,3
1,1,29,0,Germans,2
1,1,29,0,Chinese,3
1,1,29,1,Russians,3
1,1,29,1,Italians,2
1,1,29,1,Germans,3
1,1,29,1,Chinese,3
1,1,30,0,Russians,3
1,1,30,0,Italians,3
1,1,30,0,Germans,3
1,1,30,0,Chinese,3
1,1,30,1,Russians,2
1,1,30,1,Italians,2
1,1,30,1,Germans,2
1,1,30,1,Chinese,3
1,1,31,0,Russians,2
1,1,31,0,Italians,3
1,1,31,0,Germans,3
1,1,31,0,Chinese,2
1,1,31,1,Russians,2
1,1,31,1,Italians,2
1,1,31,1,Germans,3
1,1,31,1,Chinese,2
1,1,32,0,Russians,3
1,1,32,0,Italians,3
1,1,32,0,Germans,3
1,1,32,0,Chinese,2
1,1,32,1,Russians,2
1,1,32,1,Italians,3
1,1,32,1,Germans,3
1,1,32,1,Chinese,3
1,1,33,0,Russians,2
1,1,33,0,Italians,2
1,1,33,0,Germans,3
1,1,33,0,Chinese,2
1,1,33,1,Russians,2
1,1,33,1,Italians,2
1,1,33,1,Germans,2
1,1,33,1,Chinese,2
1,1,34,0,Russians,3
1,1,34,0,Italians,3
1,1,34,0,Germans,3
1,1,34,0,Chinese,2
1,1,34,1,Russians,2
1,1,34,1,Italians,2
1,1,34,1,Germans,3
1,1,34,1,Chinese,3
1,1,35,0,Russians,3
1,1,35,0,Italians,3
1,1,35,0,Germans,3
1,1,35,0,Chinese,3
1,1,35,1,Russians,3
1,1,35,1,Italians,2
1,1,35,1,Germans,3
1,1,35,1,Chinese,3
1,1,36,0,Russians,3
1,1,36,0,Italians,3
1,1,36,0,Germans,3
1,1,36,0,Chinese,3
1,1,36,1,Russians,2
1,1,36,1,Italians,3
1,1,36,1,Germans,2
1,1,36,1,Chinese,3
1,1,37,0,Russians,2
1,1,37,0,Italians,3
1,1,37,0,Germans,3
1,1,37,0,Chinese,2
1,1,37,1,Russians,2
1,1,37,1,Italians,3
1,1,37,1,Germans,3
1,1,37,1,Chinese,3
1,1,38,0,Russians,3
1,1,38,0,Italians,3
1,1,38,0,Germans,3
1,1,38,0,Chinese,3
1,1,38,1,Russians,2
1,1,38,1,Italians,2
1,1,38,1,Germans,2
1,1,38,1,Chinese,3
1,1,39,0,Russians,2
1,1,39,0,Italians,2
1,1,39,0,Germans,3
1,1,39,0,Chinese,3
1,1,39,1,Russians,3
1,1,39,1,Italians,3
1,1,39,1,Germans,3
1,1,39,1,Chinese,3
1,1,40,0,Russians,3
1,1,40,0,Italians,3
1,1,40,0,Germans,3
1,1,40,0,Chinese,2
1,1,40,1,Russians,2
1,1,40,1,Italians,2
1,1,40,1,Germans,2
1,1,40,1,Chinese,2
1,1,41,0,Russians,2
1,1,41,0,Italians,2
1,1,41,0,Germans,3
1,1,41,0,Chinese,2
1,1,41,1,Russians,2
1,1,41,1,Italians,3
1,1,41,1,Germans,3
1,1,41,1,Chinese,2
1,1,42,0,Russians,2
1,1,42,0,Italians,3
1,1,42,0,Germans,3
1,1,42,0,Chinese,3
1,1,42,1,Russians,2
1,1,42,1,Italians,3
1,1,42,1,Germans,3
1,1,42,1,Chinese,3
1,1,43,0,Russians,2
1,1,43,0,Italians,3
1,1,43,0,Germans,2
1,1,43,0,Chinese,3
1,1,43,1,Russians,2
1,1,43,1,Italians,3
1,1,43,1,Germans,3
1,1,43,1,Chinese,3
1,1,44,0,Russians,2
1,1,44,0,Italians,3
1,1,44,0,Germans,3
1,1,44,0,Chinese,3
1,1,44,1,Russians,2
1,1,44,1,Italians,2
1,1,44,1,Germans,2
1,1,44,1,Chinese,3
1,1,45,0,Russians,2
1,1,45,0,Italians,3
1,1,45,0,Germans,3
1,1,45,0,Chinese,3
1,1,45,1,Russians,2
1,1,45,1,Italians,3
1,1,45,1,Germans,3
1,1,45,1,Chinese,3
1,1,46,0,Russians,3
1,1,46,0,Italians,2
1,1,46,0,Germans,3
1,1,46,0,Chinese,2
1,1,46,1,Russians,2
1,1,46,1,Italians,3
1,1,46,1,Germans,3
1,1,46,1,Chinese,3
1,1,47,0,Russians,2
1,1,47,0,Italians,3
1,1,47,0,Germans,3
1,1,47,0,Chinese,3
1,1,47,1,Russians,2
1,1,47,1,Italians,2
1,1,47,1,Germans,2
1,1,47,1,Chinese,3
1,1,48,0,Russians,2
1,1,48,0,Italians,2
1,1,48,0,Germans,2
1,1,48,0,Chinese,3
1,1,48,1,Russians,2
1,1,48,1,Italians,3
1,1,48,1,Germans,3
1,1,48,1,Chinese,3
1,1,49,0,Russians,3
1,1,49,0,Italians,2
1,1,49,0,Germans,2
1,1,49,0,Chinese,3
1,1,49,1,Russians,3
1,1,49,1,Italians,3
1,1,49,1,Germans,3
1,1,49,1,Chinese,3
1,1,50,0,Russians,3
1,1,50,0,Italians,3
1,1,50,0,Germans,3
1,1,50,0,Chinese,2
1,1,50,1,Russians,2
1,1,50,1,Italians,3
1,1,50,1,Germans,3
1,1,50,1,Chinese,2
1,1,51,0,Russians,2
1,1,51,0,Italians,3
1,1,51,0,Germans,2
1,1,51,0,Chinese,2
1,1,51,1,Russians,2
1,1,51,1,Italians,3
1,1,51,1,Germans,3
1,1,51,1,Chinese,3
1,1,52,0,Russians,3
1,1,52,0,Italians,2
1,1,52,0,Germans,3
1,1,52,0,Chinese,3
1,1,52,1,Russians,2
1,1,52,1,Italians,3
1,1,52,1,Germans,3
1,1,52,1,Chinese,2
1,1,53,0,Russians,3
1,1,53,0,Italians,3
1,1,53,0,Germans,2
1,1,53,0,Chinese,3
1,1,53,1,Russians,2
1,1,53,1,Italians,3
1,1,53,1,Germans,2
1,1,53,1,Chinese,3
1,1,54,0,Russians,3
1,1,54,0,Italians,2
1,1,54,0,Germans,2
1,1,54,0,Chinese,3
1,1,54,1,Russians,2
1,1,54,1,Italians,3
1,1,54,1,Germans,3
1,1,54,1,Chinese,3
1,1,55,0,Russians,2
1,1,55,0,Italians,3
1,1,55,0,Germans,2
1,1,55,0,Chinese,3
1,1,55,1,Russians,2
1,1,55,1,Italians,3
1,1,55,1,Germans,3
1,1,55,1,Chinese,3
1,1,56,0,Russians,3
1,1,56,0,Italians,3
1,1,56,0,Germans,2
1,1,56,0,Chinese,3
1,1,56,1,Russians,3
1,1,56,1,Italians,3
1,1,56,1,Germans,3
1,1,56,1,Chinese,2
1,1,57,0,Russians,3
1,1,57,0,Italians,2
1,1,57,0,Germans,3
1,1,57,0,Chinese,3
1,1,57,1,Russians,2
1,1,57,1,Italians,3
1,1,57,1,Germans,3
1,1,57,1,Chinese,3
1,1,58,0,Russians,3
1,1,58,0,Italians,2
1,1,58,0,Germans,2
1,1,58,0,Chinese,3
1,1,58,1,Russians,2
1,1,58,1,Italians,2
1,1,58,1,Germans,3
1,1,58,1,Chinese,3
1,1,59,0,Russians,3
1,1,59,0,Italians,3
1,1,59,0,Germans,3
1,1,59,0,Chinese,3
1,1,59,1,Russians,2
1,1,59,1,Italians,2
1,1,59,1,Germans,3
1,1,59,1,Chinese,3
1,1,60,0,Russians,2
1,1,60,0,Italians,3
1,1,60,0,Germans,3
1,1,60,0,Chinese,2
1,1,60,1,Russians,2
1,1,60,1,Italians,2
1,1,60,1,Germans,3
1,1,60,1,Chinese,3
1,1,61,0,Russians,2
1,1,61,0,Italians,3
1,1,61,0,Germans,2
1,1,61,0,Chinese,3
1,1,61,1,Russians,2
1,1,61,1,Italians,2
1,1,61,1,Germans,3
1,1,61,1,Chinese,3
1,1,62,0,Russians,3
1,1,62,0,Italians,2
1,1,62,0,Germans,2
1,1,62,0,Chinese,3
1,1,62,1,Russians,3
1,1,62,1,Italians,3
1,1,62,1,Germans,3
1,1,62,1,Chinese,3
1,1,63,0,Russians,3
1,1,63,0,Italians,3
1,1,63,0,Germans,3
1,1,63,0,Chinese,3
1,1,63,1,Russians,2
1,1,63,1,Italians,3
1,1,63,1,Germans,3
1,1,63,1,Chinese,3
1,1,64,0,Russians,3
1,1,64,0,Italians,3
1,1,64,0,Germans,3
1,1,64,0,Chinese,2
1,1,64,1,Russians,2
1,1,64,1,Italians,3
1,1,64,1,Germans,3
1,1,64,1,Chinese,3
1,1,65,0,Russians,3
1,1,65,0,Italians,2
1,1,65,0,Germans,3
1,1,65,0,Chinese,3
1,1,65,1,Russians,3
1,1,65,1,Italians,2
1,1,65,1,Germans,3
1,1,65,1,Chinese,3
1,1,66,0,Russians,3
1,1,66,0,Italians,3
1,1,66,0,Germans,2
1,1,66,0,Chinese,3
1,1,66,1,Russians,3
1,1,66,1,Italians,3
1,1,66,1,Germans,3
1,1,66,1,Chinese,3
1,1,67,0,Russians,2
1,1,67,0,Italians,3
1,1,67,0,Germans,3
1,1,67,0,Chinese,2
1,1,67,1,Russians,2
1,1,67,1,Italians,3
1,1,67,1,Germans,3
1,1,67,1,Chinese,3
1,1,68,0,Russians,3
1,1,68,0,Italians,3
1,1,68,0,Germans,3
1,1,68,0,Chinese,2
1,1,68,1,Russians,2
1,1,68,1,Italians,3
1,1,68,1,Germans,3
1,1,68,1,Chinese,3
1,1,69,0,Russians,2
1,1,69,0,Italians,3
1,1,69,0,Germans,2
1,1,69,0,Chinese,2
1,1,69,1,Russians,2
1,1,69,1,Italians,2
1,1,69,1,Germans,3
1,1,69,1,Chinese,3
1,1,70,0,Russians,3
1,1,70,0,Italians,3
1,1,70,0,Germans,2
1,1,70,0,Chinese,3
1,1,70,1,Russians,2
1,1,70,1,Italians,3
1,1,70,1,Germans,3
1,1,70,1,Chinese,3
1,1,71,0,Russians,3
1,1,71,0,Italians,2
1,1,71,0,Germans,3
1,1,71,0,Chinese,3
1,1,71,1,Russians,2
1,1,71,1,Italians,3
1,1,71,1,Germans,3
1,1,71,1,Chinese,3
1,1,72,0,Russians,3
1,1,72,0,Italians,3
1,1,72,0,Germans,3
1,1,72,0,Chinese,2
1,1,72,1,Russians,2
1,1,72,1,Italians,3
1,1,72,1,Germans,3
1,1,72,1,Chinese,3
1,1,73,0,Russians,2
1,1,73,0,Italians,3
1,1,73,0,Germans,3
1,1,73,0,Chinese,2
1,1,73,1,Russians,2
1,1,73,1,Italians,2
1,1,73,1,Germans,3
1,1,73,1,Chinese,3
1,1,74,0,Russians,3
1,1,74,0,Italians,3
1,1,74,0,Germans,3
1,1,74,0,Chinese,3
1,1,74,1,Russians,3
1,1,74,1,Italians,2
1,1,74,1,Germans,2
1,1,74,1,Chinese,3
1,1,75,0,Russians,3
1,1,75,0,Italians,3
1,1,75,0,Germans,3
1,1,75,0,Chinese,3
1,1,75,1,Russians,3
1,1,75,1,Italians,2
1,1,75,1,Germans,3
1,1,75,1,Chinese,3
1,1,76,0,Russians,3
1,1,76,0,Italians,3
1,1,76,0,Germans,3
1,1,76,0,Chinese,3
1,1,76,1,Russians,2
1,1,76,1,Italians,3
1,1,76,1,Germans,3
1,1,76,1,Chinese,3
1,1,77,0,Russians,3
1,1,77,0,Italians,3
1,1,77,0,Germans,2
1,1,77,0,Chinese,2
1,1,77,1,Russians,2
1,1,77,1,Italians,2
1,1,77,1,Germans,3
1,1,77,1,Chinese,2
1,1,78,0,Russians,2
1,1,78,0,Italians,3
1,1,78,0,Germans,3
1,1,78,0,Chinese,3
1,1,78,1,Russians,2
1,1,78,1,Italians,3
1,1,78,1,Germans,3
1,1,78,1,Chinese,2
1,1,79,0,Russians,2
1,1,79,0,Italians,3
1,1,79,0,Germans,2
1,1,79,0,Chinese,2
1,1,79,1,Russians,2
1,1,79,1,Italians,3
1,1,79,1,Germans,3
1,1,79,1,Chinese,2
1,1,80,0,Russians,3
1,1,80,0,Italians,2
1,1,80,0,Germans,3
1,1,80,0,Chinese,2
1,1,80,1,Russians,3
1,1,80,1,Italians,2
1,1,80,1,Germans,3
1,1,80,1,Chinese,3
1,1,81,0,Russians,3
1,1,81,0,Italians,3
1,1,81,0,Germans,3
1,1,81,0,Chinese,3
1,1,81,1,Russians,2
1,1,81,1,Italians,3
1,1,81,1,Germans,3
1,1,81,1,Chinese,3
1,1,82,0,Russians,3
1,1,82,0,Italians,2
1,1,82,0,Germans,3
1,1,82,0,Chinese,3
1,1,82,1,Russians,2
1,1,82,1,Italians,3
1,1,82,1,Germans,3
1,1,82,1,Chinese,3
1,1,83,0,Russians,3
1,1,83,0,Italians,3
1,1,83,0,Germans,2
1,1,83,0,Chinese,3
1,1,83,1,Russians,2
1,1,83,1,Italians,3
1,1,83,1,Germans,3
1,1,83,1,Chinese,3
1,1,84,0,Russians,3
1,1,84,0,Italians,3
1,1,84,0,Germans,3
1,1,84,0,Chinese,3
1,1,84,1,Russians,3
1,1,84,1,Italians,2
1,1,84,1,Germans,3
1,1,84,1,Chinese,3
1,1,85,0,Russians,2
1,1,85,0,Italians,3
1,1,85,0,Germans,3
1,1,85,0,Chinese,3
1,1,85,1,Russians,2
1,1,85,1,Italians,3
1,1,85,1,Germans,3
1,1,85,1,Chinese,3
1,1,86,0,Russians,3
1,1,86,0,Italians,3
1,1,86,0,Germans,2
1,1,86,0,Chinese,3
1,1,86,1,Russians,2
1,1,86,1,Italians,3
1,1,86,1,Germans,3
1,1,86,1,Chinese,3
1,1,87,0,Russians,2
1,1,87,0,Italians,3
1,1,87,0,Germans,2
1,1,87,0,Chinese,2
1,1,87,1,Russians,2
1,1,87,1,Italians,3
1,1,87,1,Germans,3
1,1,87,1,Chinese,3
1,1,88,0,Russians,3
1,1,88,0,Italians,3
1,1,88,0,Germans,2
1,1,88,0,Chinese,3
1,1,88,1,Russians,2
1,1,88,1,Italians,3
1,1,88,1,Germans,2
1,1,88,1,Chinese,2
1,1,89,0,Russians,3
1,1,89,0,Italians,3
1,1,89,0,Germans,3
1,1,89,0,Chinese,3
1,1,89,1,Russians,3
1,1,89,1,Italians,3
1,1,89,1,Germans,3
1,1,89,1,Chinese,2
1,1,90,0,Russians,3
1,1,90,0,Italians,2
1,1,90,0,Germans,3
1,1,90,0,Chinese,3
1,1,90,1,Russians,2
1,1,90,1,Italians,2
1,1,90,1,Germans,3
1,1,90,1,Chinese,3
1,1,91,0,Russians,2
1,1,91,0,Italians,3
1,1,91,0,Germans,3
1,1,91,0,Chinese,3
1,1,91,1,Russians,2
1,1,91,1,Italians,3
1,1,91,1,Germans,3
1,1,91,1,Chinese,3
1,1,92,0,Russians,3
1,1,92,0,Italians,3
1,1,92,0,Germans,3
1,1,92,0,Chinese,3
1,1,92,1,Russians,3
1,1,92,1,Italians,2
1,1,92,1,Germans,3
1,1,92,1,Chinese,3
1,1,93,0,Russians,3
1,1,93,0,Italians,2
1,1,93,0,Germans,2
1,1,93,0,Chinese,2
1,1,93,1,Russians,3
1,1,93,1,Italians,2
1,1,93,1,Germans,3
1,1,93,1,Chinese,2
1,1,94,0,Russians,3
1,1,94,0,Italians,3
1,1,94,0,Germans,3
1,1,94,0,Chinese,3
1,1,94,1,Russians,2
1,1,94,1,Italians,3
1,1,94,1,Germans,3
1,1,94,1,Chinese,2
1,1,95,0,Russians,3
1,1,95,0,Italians,2
1,1,95,0,Germans,3
1,1,95,0,Chinese,3
1,1,95,1,Russians,2
1,1,95,1,Italians,3
1,1,95,1,Germans,3
1,1,95,1,Chinese,3
1,1,96,0,Russians,2
1,1,96,0,Italians,3
1,1,96,0,Germans,2
1,1,96,0,Chinese,3
1,1,96,1,Russians,2
1,1,96,1,Italians,3
1,1,96,1,Germans,3
1,1,96,1,Chinese,3
1,1,97,0,Russians,2
1,1,97,0,Italians,2
1,1,97,0,Germans,2
1,1,97,0,Chinese,3
1,1,97,1,Russians,2
1,1,97,1,Italians,3
1,1,97,1,Germans,3
1,1,97,1,Chinese,3
1,1,98,0,Russians,3
1,1,98,0,Italians,3
1,1,98,0,Germans,3
1,1,98,0,Chinese,2
1,1,98,1,Russians,2
1,1,98,1,Italians,3
1,1,98,1,Germans,3
1,1,98,1,Chinese,2
1,1,99,0,Russians,3
1,1,99,0,Italians,3
1,1,99,0,Germans,3
1,1,99,0,Chinese,3
1,1,99,1,Russians,2
1,1,99,1,Italians,3
1,1,99,1,Germans,3
1,1,99,1,Chinese,3
1,1,100,0,Russians,3
1,1,100,0,Italians,3
1,1,100,0,Germans,3
1,1,100,0,Chinese,3
1,1,100,1,Russians,2
1,1,100,1,Italians,3
1,1,100,1,Germans,3
1,1,100,1,Chinese,3
1,1,101,0,Russians,3
1,1,101,0,Italians,3
1,1,101,0,Germans,2
1,1,101,0,Chinese,2
1,1,101,1,Russians,3
1,1,101,1,Italians,3
1,1,101,1,Germans,3
1,1,101,1,Chinese,3
1,1,102,0,Russians,3
1,1,102,0,Italians,3
1,1,102,0,Germans,2
1,1,102,0,Chinese,3
1,1,102,1,Russians,3
1,1,102,1,Italians,3
1,1,102,1,Germans,3
1,1,102,1,Chinese,3
1,1,103,0,Russians,2
1,1,103,0,Italians,3
1,1,103,0,Germans,3
1,1,103,0,Chinese,3
1,1,103,1,Russians,2
1,1,103,1,Italians,3
1,1,103,1,Germans,2
1,1,103,1,Chinese,2
1,1,104,0,Russians,3
1,1,104,0,Italians,3
1,1,104,0,Germans,2
1,1,104,0,Chinese,2
1,1,104,1,Russians,2
1,1,104,1,Italians,3
1,1,104,1,Germans,2
1,1,104,1,Chinese,3
1,1,105,0,Russians,2
1,1,105,0,Italians,3
1,1,105,0,Germans,3
1,1,105,0,Chinese,3
1,1,105,1,Russians,2
1,1,105,1,Italians,2
1,1,105,1,Germans,3
1,1,105,1,Chinese,3
1,1,106,0,Russians,3
1,1,106,0,Italians,3
1,1,106,0,Germans,2
1,1,106,0,Chinese,2
1,1,106,1,Russians,2
1,1,106,1,Italians,3
1,1,106,1,Germans,3
1,1,106,1,Chinese,2
1,1,107,0,Russians,3
1,1,107,0,Italians,3
1,1,107,0,Germans,3
1,1,107,0,Chinese,3
1,1,107,1,Russians,3
1,1,107,1,Italians,3
1,1,107,1,Germans,3
1,1,107,1,Chinese,3
1,1,108,0,Russians,3
1,1,108,0,Italians,3
1,1,108,0,Germans,3
1,1,108,0,Chinese,2
1,1,108,1,Russians,2
1,1,108,1,Italians,3
1,1,108,1,Germans,3
1,1,108,1,Chinese,2
1,1,109,0,Russians,2
1,1,109,0,Italians,3
1,1,109,0,Germans,2
1,1,109,0,Chinese,2
1,1,109,1,Russians,2
1,1,109,1,Italians,2
1,1,109,1,Germans,3
1,1,109,1,Chinese,2
1,1,110,0,Russians,3
1,1,110,0,Italians,3
1,1,110,0,Germans,3
1,1,110,0,Chinese,2
1,1,110,1,Russians,2
1,1,110,1,Italians,2
1,1,110,1,Germans,3
1,1,110,1,Chinese,3
1,1,111,0,Russians,3
1,1,111,0,Italians,2
1,1,111,0,Germans,3
1,1,111,0,Chinese,2
1,1,111,1,Russians,2
1,1,111,1,Italians,3
1,1,111,1,Germans,3
1,1,111,1,Chinese,3
1,1,112,0,Russians,3
1,1,112,0,Italians,3
1,1,112,0,Germans,2
1,1,112,0,Chinese,3
1,1,112,1,Russians,2
1,1,112,1,Italians,3
1,1,112,1,Germans,3
1,1,112,1,Chinese,3
1,1,113,0,Russians,3
1,1,113,0,Italians,3
1,1,113,0,Germans,3
1,1,113,0,Chinese,2
1,1,113,1,Russians,2
1,1,113,1,Italians,2
1,1,113,1,Germans,3
1,1,113,1,Chinese,2
1,1,114,0,Russians,2
1,1,114,0,Italians,2
1,1,114,0,Germans,2
1,1,114,0,Chinese,3
1,1,114,1,Russians,2
1,1,114,1,Italians,3
1,1,114,1,Germans,3
1,1,114,1,Chinese,3
1,1,115,0,Russians,2
1,1,115,0,Italians,3
1,1,115,0,Germans,3
1,1,115,0,Chinese,3
1,1,115,1,Russians,2
1,1,115,1,Italians,2
1,1,115,1,Germans,3
1,1,115,1,Chinese,3
1,1,116,0,Russians,3
1,1,116,0,Italians,2
1,1,116,0,Germans,3
1,1,116,0,Chinese,3
1,1,116,1,Russians,3
1,1,116,1,Italians,3
1,1,116,1,Germans,3
1,1,116,1,Chinese,2
1,1,117,0,Russians,3
1,1,117,0,Italians,3
1,1,117,0,Germans,3
1,1,117,0,Chinese,3
1,1,117,1,Russians,2
1,1,117,1,Italians,3
1,1,117,1,Germans,3
1,1,117,1,Chinese,3
1,1,118,0,Russians,3
1,1,118,0,Italians,3
1,1,118,0,Germans,3
1,1,118,0,Chinese,3
1,1,118,1,Russians,2
1,1,118,1,Italians,2
1,1,118,1,Germans,3
1,1,118,1,Chinese,3
1,1,119,0,Russians,3
1,1,119,0,Italians,2
1,1,119,0,Germans,2
1,1,119,0,Chinese,3
1,1,119,1,Russians,2
1,1,119,1,Italians,3
1,1,119,1,Germans,3
1,1,119,1,Chinese,2
1,1,120,0,Russians,3
1,1,120,0,Italians,3
1,1,120,0,Germans,3
1,1,120,0,Chinese,3
1,1,120,1,Russians,3
1,1,120,1,Italians,3
1,1,120,1,Germans,3
1,1,120,1,Chinese,3
1,1,121,0,Russians,2
1,1,121,0,Italians,2
1,1,121,0,Germans,3
1,1,121,0,Chinese,2
1,1,121,1,Russians,2
1,1,121,1,Italians,3
1,1,121,1,Germans,3
1,1,121,1,Chinese,3
1,1,122,0,Russians,3
1,1,122,0,Italians,2
1,1,122,0,Germans,3
1,1,122,0,Chinese,3
1,1,122,1,Russians,2
1,1,122,1,Italians,3
1,1,122,1,Germans,3
1,1,122,1,Chinese,3
1,1,123,0,Russians,2
1,1,123,0,Italians,3
1,1,123,0,Germans,3
1,1,123,0,Chinese,3
1,1,123,1,Russians,2
1,1,123,1,Italians,2
1,1,123,1,Germans,3
1,1,123,1,Chinese,3
1,1,124,0,Russians,3
1,1,124,0,Italians,2
1,1,124,0,Germans,2
1,1,124,0,Chinese,2
1,1,124,1,Russians,2
1,1,124,1,Italians,3
1,1,124,1,Germans,3
1,1,124,1,Chinese,3
1,1,125,0,Russians,3
1,1,125,0,Italians,3
1,1,125,0,Germans,3
1,1,125,0,Chinese,3
1,1,125,1,Russians,2
1,1,125,1,Italians,2
1,1,125,1,Germans,2
1,1,125,1,Chinese,3
1,1,126,0,Russians,3
1,1,126,0,Italians,3
1,1,126,0,Germans,2
1,1,126,0,Chinese,2
1,1,126,1,Russians,2
1,1,126,1,Italians,3
1,1,126,1,Germans,3
1,1,126,1,Chinese,2
1,1,127,0,Russians,2
1,1,127,0,Italians,3
1,1,127,0,Germans,3
1,1,127,0,Chinese,2
1,1,127,1,Russians,2
1,1,127,1,Italians,3
1,1,127,1,Germans,3
1,1,127,1,Chinese,3
1,1,128,0,Russians,3
1,1,128,0,Italians,2
1,1,128,0,Germans,3
1,1,128,0,Chinese,3
1,1,128,1,Russians,2
1,1,128,1,Italians,2
1,1,128,1,Germans,3
1,1,128,1,Chinese,3
1,1,129,0,Russians,3
1,1,129,0,Italians,3
1,1,129,0,Germans,2
1,1,129,0,Chinese,2
1,1,129,1,Russians,3
1,1,129,1,Italians,3
1,1,129,1,Germans,3
1,1,129,1,Chinese,3
1,1,130,0,Russians,3
1,1,130,0,Italians,3
1,1,130,0,Germans,3
1,1,130,0,Chinese,3
1,1,130,1,Russians,2
1,1,130,1,Italians,2
1,1,130,1,Germans,2
1,1,130,1,Chinese,3
1,1,131,0,Russians,3
1,1,131,0,Italians,2
1,1,131,0,Germans,2
1,1,131,0,Chinese,3
1,1,131,1,Russians,2
1,1,131,1,Italians,3
1,1,131,1,Germans,2
1,1,131,1,Chinese,3
1,1,132,0,Russians,2
1,1,132,0,Italians,3
1,1,132,0,Germans,3
1,1,132,0,Chinese,3
1,1,132,1,Russians,2
1,1,132,1,Italians,2
1,1,132,1,Germans,3
1,1,132,1,Chinese,2
1,1,133,0,Russians,2
1,1,133,0,Italians,3
1,1,133,0,Germans,3
1,1,133,0,Chinese,3
1,1,133,1,Russians,2
1,1,133,1,Italians,3
1,1,133,1,Germans,3
1,1,133,1,Chinese,3
1,1,134,0,Russians,3
1,1,134,0,Italians,3
1,1,134,0,Germans,3
1,1,134,0,Chinese,3
1,1,134,1,Russians,3
1,1,134,1,Italians,3
1,1,134,1,Germans,3
1,1,134,1,Chinese,3
1,1,135,0,Russians,3
1,1,135,0,Italians,3
1,1,135,0,Germans,3
1,1,135,0,Chinese,3
1,1,135,1,Russians,2
1,1,135,1,Italians,3
1,1,135,1,Germans,3
1,1,135,1,Chinese,3
1,1,136,0,Russians,3
1,1,136,0,Italians,3
1,1,136,0,Germans,2
1,1,136,0,Chinese,3
1,1,136,1,Russians,2
1,1,136,1,Italians,3
1,1,136,1,Germans,3
1,1,136,1,Chinese,3
1,1,137,0,Russians,3
1,1,137,0,Italians,3
1,1,137,0,Germans,3
1,1,137,0,Chinese,3
1,1,137,1,Russians,2
1,1,137,1,Italians,3
1,1,137,1,Germans,3
1,1,137,1,Chinese,3
1,1,138,0,Russians,3
1,1,138,0,Italians,2
1,1,138,0,Germans,3
1,1,138,0,Chinese,3
1,1,138,1,Russians,3
1,1,138,1,Italians,3
1,1,138,1,Germans,3
1,1,138,1,Chinese,2
1,1,139,0,Russians,2
1,1,139,0,Italians,3
1,1,139,0,Germans,3
1,1,139,0,Chinese,3
1,1,139,1,Russians,2
1,1,139,1,Italians,2
1,1,139,1,Germans,2
1,1,139,1,Chinese,3
1,1,140,0,Russians,3
1,1,140,0,Italians,3
1,1,140,0,Germans,3
1,1,140,0,Chinese,2
1,1,140,1,Russians,2
1,1,140,1,Italians,3
1,1,140,1,Germans,3
1,1,140,1,Chinese,3
1,1,141,0,Russians,2
1,1,141,0,Italians,3
1,1,141,0,Germans,2
1,1,141,0,Chinese,3
1,1,141,1,Russians,2
1,1,141,1,Italians,3
1,1,141,1,Germans,3
1,1,141,1,Chinese,3
1,1,142,0,Russians,3
1,1,142,0,Italians,3
1,1,142,0,Germans,3
1,1,142,0,Chinese,3
1,1,142,1,Russians,2
1,1,142,1,Italians,2
1,1,142,1,Germans,3
1,1,142,1,Chinese,3
1,1,143,0,Russians,3
1,1,143,0,Italians,3
1,1,143,0,Germans,3
1,1,143,0,Chinese,2
1,1,143,1,Russians,3
1,1,143,1,Italians,3
1,1,143,1,Germans,3
1,1,143,1,Chinese,3
1,1,144,0,Russians,3
1,1,144,0,Italians,2
1,1,144,0,Germans,3
1,1,144,0,Chinese,3
1,1,144,1,Russians,2
1,1,144,1,Italians,2
1,1,144,1,Germans,3
1,1,144,1,Chinese,2
1,1,145,0,Russians,2
1,1,145,0,Italians,2
1,1,145,0,Germans,3
1,1,145,0,Chinese,3
1,1,145,1,Russians,2
1,1,145,1,Italians,3
1,1,145,1,Germans,3
1,1,145,1,Chinese,3
1,1,146,0,Russians,3
1,1,146,0,Italians,3
1,1,146,0,Germans,3
1,1,146,0,Chinese,3
1,1,146,1,Russians,3
1,1,146,1,Italians,2
1,1,146,1,Germans,2
1,1,146,1,Chinese,3
1,1,147,0,Russians,3
1,1,147,0,Italians,3
1,1,147,0,Germans,3
1,1,147,0,Chinese,3
1,1,147,1,Russians,3
1,1,147,1,Italians,3
1,1,147,1,Germans,3
1,1,147,1,Chinese,3
1,1,148,0,Russians,3
1,1,148,0,Italians,3
1,1,148,0,Germans,3
1,1,148,0,Chinese,3
1,1,148,1,Russians,2
1,1,148,1,Italians,3
1,1,148,1,Germans,3
1,1,148,1,Chinese,2
1,1,149,0,Russians,3
1,1,149,0,Italians,3
1,1,149,0,Germans,3
1,1,149,0,Chinese,3
1,1,149,1,Russians,2
1,1,149,1,Italians,2
1,1,149,1,Germans,3
1,1,149,1,Chinese,3
1,1,150,0,Russians,2
1,1,150,0,Italians,3
1,1,150,0,Germans,2
1,1,150,0,Chinese,2
1,1,150,1,Russians,2
1,1,150,1,Italians,3
1,1,150,1,Germans,3
1,1,150,1,Chinese,3
1,1,151,0,Russians,2
1,1,151,0,Italians,3
1,1,151,0,Germans,3
1,1,151,0,Chinese,3
1,1,151,1,Russians,2
1,1,151,1,Italians,2
1,1,151,1,Germans,2
1,1,151,1,Chinese,2
1,1,152,0,Russians,3
1,1,152,0,Italians,3
1,1,152,0,Germans,3
1,1,152,0,Chinese,3
1,1,152,1,Russians,2
1,1,152,1,Italians,2
1,1,152,1,Germans,3
1,1,152,1,Chinese,3
1,1,153,0,Russians,3
1,1,153,0,Italians,3
1,1,153,0,Germans,3
1,1,153,0,Chinese,3
1,1,153,1,Russians,3
1,1,153,1,Italians,2
1,1,153,1,Germans,3
1,1,153,1,Chinese,3
1,1,154,0,Russians,3
1,1,154,0,Italians,3
1,1,154,0,Germans,3
1,1,154,0,Chinese,2
1,1,154,1,Russians,2
1,1,154,1,Italians,3
1,1,154,1,Germans,3
1,1,154,1,Chinese,3
1,1,155,0,Russians,3
1,1,155,0,Italians,3
1,1,155,0,Germans,2
1,1,155,0,Chinese,3
1,1,155,1,Russians,2
1,1,155,1,Italians,3
1,1,155,1,Germans,3
1,1,155,1,Chinese,3
1,1,156,0,Russians,3
1,1,156,0,Italians,3
1,1,156,0,Germans,3
1,1,156,0,Chinese,3
1,1,156,1,Russians,3
1,1,156,1,Italians,3
1,1,156,1,Germans,2
1,1,156,1,Chinese,3
1,1,157,0,Russians,2
1,1,157,0,Italians,3
1,1,157,0,Germans,3
1,1,157,0,Chinese,3
1,1,157,1,Russians,2
1,1,157,1,Italians,2
1,1,157,1,Germans,3
1,1,157,1,Chinese,3
1,1,158,0,Russians,3
1,1,158,0,Italians,2
1,1,158,0,Germans,2
1,1,158,0,Chinese,2
1,1,158,1,Russians,2
1,1,158,1,Italians,3
1,1,158,1,Germans,3
1,1,158,1,Chinese,3
1,1,159,0,Russians,2
1,1,159,0,Italians,2
1,1,159,0,Germans,2
1,1,159,0,Chinese,2
1,1,159,1,Russians,2
1,1,159,1,Italians,3
1,1,159,1,Germans,2
1,1,159,1,Chinese,2
1,1,160,0,Russians,3
1,1,160,0,Italians,3
1,1,160,0,Germans,2
1,1,160,0,Chinese,3
1,1,160,1,Russians,2
1,1,160,1,Italians,3
1,1,160,1,Germans,3
1,1,160,1,Chinese,2
1,1,161,0,Russians,3
1,1,161,0,Italians,3
1,1,161,0,Germans,3
1,1,161,0,Chinese,3
1,1,161,1,Russians,3
1,1,161,1,Italians,3
1,1,161,1,Germans,3
1,1,161,1,Chinese,3
1,1,162,0,Russians,3
1,1,162,0,Italians,3
1,1,162,0,Germans,2
1,1,162,0,Chinese,3
1,1,162,1,Russians,2
1,1,162,1,Italians,3
1,1,162,1,Germans,3
1,1,162,1,Chinese,3
1,1,163,0,Russians,2
1,1,163,0,Italians,2
1,1,163,0,Germans,3
1,1,163,0,Chinese,3
1,1,163,1,Russians,2
1,1,163,1,Italians,3
1,1,163,1,Germans,3
1,1,163,1,Chinese,3
1,1,164,0,Russians,3
1,1,164,0,Italians,3
1,1,164,0,Germans,3
1,1,164,0,Chinese,3
1,1,164,1,Russians,2
1,1,164,1,Italians,3
1,1,164,1,Germans,3
1,1,164,1,Chinese,2
1,1,165,0,Russians,3
1,1,165,0,Italians,2
1,1,165,0,Germans,3
1,1,165,0,Chinese,3
1,1,165,1,Russians,3
1,1,165,1,Italians,3
1,1,165,1,Germans,3
1,1,165,1,Chinese,3
1,1,166,0,Russians,3
1,1,166,0,Italians,3
1,1,166,0,Germans,2
1,1,166,0,Chinese,2
1,1,166,1,Russians,2
1,1,166,1,Italians,3
1,1,166,1,Germans,3
1,1,166,1,Chinese,3
1,1,167,0,Russians,3
1,1,167,0,Italians,3
1,1,167,0,Germans,3
1,1,167,0,Chinese,3
1,1,167,1,Russians,2
1,1,167,1,Italians,3
1,1,167,1,Germans,3
1,1,167,1,Chinese,3
1,1,168,0,Russians,2
1,1,168,0,Italians,3
1,1,168,0,Germans,3
1,1,168,0,Chinese,3
1,1,168,1,Russians,2
1,1,168,1,Italians,2
1,1,168,1,Germans,3
1,1,168,1,Chinese,3
1,1,169,0,Russians,2
1,1,169,0,Italians,3
1,1,169,0,Germans,2
1,1,169,0,Chinese,2
1,1,169,1,Russians,2
1,1,169,1,Italians,3
1,1,169,1,Germans,3
1,1,169,1,Chinese,2
1,1,170,0,Russians,3
1,1,170,0,Italians,3
1,1,170,0,Germans,3
1,1,170,0,Chinese,3
1,1,170,1,Russians,3
1,1,170,1,Italians,3
1,1,170,1,Germans,3
1,1,170,1,Chinese,3
1,1,171,0,Russians,3
1,1,171,0,Italians,2
1,1,171,0,Germans,2
1,1,171,0,Chinese,2
1,1,171,1,Russians,3
1,1,171,1,Italians,3
1,1,171,1,Germans,3
1,1,171,1,Chinese,3
1,1,172,0,Russians,3
1,1,172,0,Italians,2
1,1,172,0,Germans,3
1,1,172,0,Chinese,3
1,1,172,1,Russians,2
1,1,172,1,Italians,3
1,1,172,1,Germans,3
1,1,172,1,Chinese,2
1,1,173,0,Russians,3
1,1,173,0,Italians,3
1,1,173,0,Germans,2
1,1,173,0,Chinese,3
1,1,173,1,Russians,3
1,1,173,1,Italians,3
1,1,173,1,Germans,3
1,1,173,1,Chinese,3
1,1,174,0,Russians,3
1,1,174,0,Italians,3
1,1,174,0,Germans,3
1,1,174,0,Chinese,3
1,1,174,1,Russians,3
1,1,174,1,Italians,3
1,1,174,1,Germans,3
1,1,174,1,Chinese,2
1,1,175,0,Russians,2
1,1,175,0,Italians,2
1,1,175,0,Germans,2
1,1,175,0,Chinese,3
1,1,175,1,Russians,2
1,1,175,1,Italians,3
1,1,175,1,Germans,3
1,1,175,1,Chinese,2
1,1,176,0,Russians,3
1,1,176,0,Italians,3
1,1,176,0,Germans,2
1,1,176,0,Chinese,2
1,1,176,1,Russians,2
1,1,176,1,Italians,3
1,1,176,1,Germans,3
1,1,176,1,Chinese,2
1,1,177,0,Russians,2
1,1,177,0,Italians,2
1,1,177,0,Germans,3
1,1,177,0,Chinese,3
1,1,177,1,Russians,2
1,1,177,1,Italians,3
1,1,177,1,Germans,3
1,1,177,1,Chinese,3
1,1,178,0,Russians,3
1,1,178,0,Italians,3
1,1,178,0,Germans,3
1,1,178,0,Chinese,2
1,1,178,1,Russians,2
1,1,178,1,Italians,3
1,1,178,1,Germans,3
1,1,178,1,Chinese,3
1,1,179,0,Russians,3
1,1,179,0,Italians,3
1,1,179,0,Germans,3
1,1,179,0,Chinese,3
1,1,179,1,Russians,2
1,1,179,1,Italians,3
1,1,179,1,Germans,3
1,1,179,1,Chinese,3
1,1,180,0,Russians,3
1,1,180,0,Italians,3
1,1,180,0,Germans,3
1,1,180,0,Chinese,3
1,1,180,1,Russians,2
1,1,180,1,Italians,3
1,1,180,1,Germans,2
1,1,180,1,Chinese,3
1,1,181,0,Russians,2
1,1,181,0,Italians,2
1,1,181,0,Germans,3
1,1,181,0,Chinese,3
1,1,181,1,Russians,2
1,1,181,1,Italians,3
1,1,181,1,Germans,3
1,1,181,1,Chinese,3
1,1,182,0,Russians,3
1,1,182,0,Italians,3
1,1,182,0,Germans,2
1,1,182,0,Chinese,3
1,1,182,1,Russians,2
1,1,182,1,Italians,3
1,1,182,1,Germans,3
1,1,182,1,Chinese,3
1,1,183,0,Russians,3
1,1,183,0,Italians,3
1,1,183,0,Germans,3
1,1,183,0,Chinese,3
1,1,183,1,Russians,2
1,1,183,1,Italians,2
1,1,183,1,Germans,3
1,1,183,1,Chinese,3
1,1,184,0,Russians,3
1,1,184,0,Italians,3
1,1,184,0,Germans,3
1,1,184,0,Chinese,3
1,1,184,1,Russians,2
1,1,184,1,Italians,2
1,1,184,1,Germans,3
1,1,184,1,Chinese,3
1,1,185,0,Russians,3
1,1,185,0,Italians,2
1,1,185,0,Germans,2
1,1,185,0,Chinese,3
1,1,185,1,Russians,2
1,1,185,1,Italians,2
1,1,185,1,Germans,3
1,1,185,1,Chinese,2
1,1,186,0,Russians,2
1,1,186,0,Italians,3
1,1,186,0,Germans,3
1,1,186,0,Chinese,3
1,1,186,1,Russians,2
1,1,186,1,Italians,3
1,1,186,1,Germans,3
1,1,186,1,Chinese,3
1,1,187,0,Russians,2
1,1,187,0,Italians,3
1,1,187,0,Germans,2
1,1,187,0,Chinese,3
1,1,187,1,Russians,2
1,1,187,1,Italians,3
1,1,187,1,Germans,2
1,1,187,1,Chinese,2
1,1,188,0,Russians,3
1,1,188,0,Italians,3
1,1,188,0,Germans,3
1,1,188,0,Chinese,2
1,1,188,1,Russians,3
1,1,188,1,Italians,3
1,1,188,1,Germans,3
1,1,188,1,Chinese,3
1,1,189,0,Russians,3
1,1,189,0,Italians,3
1,1,189,0,Germans,3
1,1,189,0,Chinese,3
1,1,189,1,Russians,2
1,1,189,1,Italians,3
1,1,189,1,Germans,3
1,1,189,1,Chinese,2
1,1,190,0,Russians,3
1,1,190,0,Italians,3
1,1,190,0,Germans,2
1,1,190,0,Chinese,3
1,1,190,1,Russians,2
1,1,190,1,Italians,2
1,1,190,1,Germans,3
1,1,190,1,Chinese,3
1,1,191,0,Russians,3
1,1,191,0,Italians,3
1,1,191,0,Germans,3
1,1,191,0,Chinese,3
1,1,191,1,Russians,2
1,1,191,1,Italians,3
1,1,191,1,Germans,2
1,1,191,1,Chinese,3
1,1,192,0,Russians,3
1,1,192,0,Italians,3
1,1,192,0,Germans,3
1,1,192,0,Chinese,2
1,1,192,1,Russians,3
1,1,192,1,Italians,2
1,1,192,1,Germans,3
1,1,192,1,Chinese,3
1,1,193,0,Russians,2
1,1,193,0,Italians,3
1,1,193,0,Germans,3
1,1,193,0,Chinese,3
1,1,193,1,Russians,2
1,1,193,1,Italians,2
1,1,193,1,Germans,3
1,1,193,1,Chinese,3
1,1,194,0,Russians,3
1,1,194,0,Italians,3
1,1,194,0,Germans,2
1,1,194,0,Chinese,3
1,1,194,1,Russians,2
1,1,194,1,Italians,3
1,1,194,1,Germans,3
1,1,194,1,Chinese,3
1,1,195,0,Russians,2
1,1,195,0,Italians,2
1,1,195,0,Germans,3
1,1,195,0,Chinese,2
1,1,195,1,Russians,2
1,1,195,1,Italians,2
1,1,195,1,Germans,3
1,1,195,1,Chinese,3
1,1,196,0,Russians,3
1,1,196,0,Italians,3
1,1,196,0,Germans,2
1,1,196,0,Chinese,3
1,1,196,1,Russians,2
1,1,196,1,Italians,3
1,1,196,1,Germans,3
1,1,196,1,Chinese,3
1,1,197,0,Russians,3
1,1,197,0,Italians,2
1,1,197,0,Germans,3
1,1,197,0,Chinese,3
1,1,197,1,Russians,3
1,1,197,1,Italians,3
1,1,197,1,Germans,3
1,1,197,1,Chinese,3
1,1,198,0,Russians,3
1,1,198,0,Italians,2
1,1,198,0,Germans,3
1,1,198,0,Chinese,3
1,1,198,1,Russians,2
1,1,198,1,Italians,3
1,1,198,1,Germans,2
1,1,198,1,Chinese,3
1,1,199,0,Russians,2
1,1,199,0,Italians,3
1,1,199,0,Germans,2
1,1,199,0,Chinese,3
1,1,199,1,Russians,2
1,1,199,1,Italians,2
1,1,199,1,Germans,3
1,1,199,1,Chinese,3
1,1,200,0,Russians,3
1,1,200,0,Italians,3
1,1,200,0,Germans,3
1,1,200,0,Chinese,2
1,1,200,1,Russians,2
1,1,200,1,Italians,2
1,1,200,1,Germans,3
1,1,200,1,Chinese,3
1,1,201,0,Russians,3
1,1,201,0,Italians,3
1,1,201,0,Germans,3
1,1,201,0,Chinese,2
1,1,201,1,Russians,2
1,1,201,1,Italians,3
1,1,201,1,Germans,3
1,1,201,1,Chinese,3
1,1,202,0,Russians,3
1,1,202,0,Italians,3
1,1,202,0,Germans,2
1,1,202,0,Chinese,3
1,1,202,1,Russians,2
1,1,202,1,Italians,2
1,1,202,1,Germans,3
1,1,202,1,Chinese,3
1,1,203,0,Russians,3
1,1,203,0,Italians,3
1,1,203,0,Germans,3
1,1,203,0,Chinese,2
1,1,203,1,Russians,2
1,1,203,1,Italians,2
1,1,203,1,Germans,3
1,1,203,1,Chinese,3
1,1,204,0,Russians,2
1,1,204,0,Italians,3
1,1,204,0,Germans,3
1,1,204,0,Chinese,2
1,1,204,1,Russians,2
1,1,204,1,Italians,3
1,1,204,1,Germans,3
1,1,204,1,Chinese,3
1,1,205,0,Russians,2
1,1,205,0,Italians,3
1,1,205,0,Germans,2
1,1,205,0,Chinese,2
1,1,205,1,Russians,2
1,1,205,1,Italians,2
1,1,205,1,Germans,3
1,1,205,1,Chinese,3
1,1,206,0,Russians,3
1,1,206,0,Italians,2
1,1,206,0,Germans,3
1,1,206,0,Chinese,3
1,1,206,1,Russians,2
1,1,206,1,Italians,3
1,1,206,1,Germans,3
1,1,206,1,Chinese,3
1,1,207,0,Russians,3
1,1,207,0,Italians,2
1,1,207,0,Germans,3
1,1,207,0,Chinese,2
1,1,207,1,Russians,3
1,1,207,1,Italians,2
1,1,207,1,Germans,3
1,1,207,1,Chinese,3
1,1,208,0,Russians,3
1,1,208,0,Italians,3
1,1,208,0,Germans,2
1,1,208,0,Chinese,3
1,1,208,1,Russians,2
1,1,208,1,Italians,3
1,1,208,1,Germans,3
1,1,208,1,Chinese,3
1,1,209,0,Russians,3
1,1,209,0,Italians,3
1,1,209,0,Germans,3
1,1,209,0,Chinese,3
1,1,209,1,Russians,2
1,1,209,1,Italians,3
1,1,209,1,Germans,3
1,1,209,1,Chinese,3
1,1,210,0,Russians,3
1,1,210,0,Italians,2
1,1,210,0,Germans,2
1,1,210,0,Chinese,3
1,1,210,1,Russians,3
1,1,210,1,Italians,3
1,1,210,1,Germans,3
1,1,210,1,Chinese,3
1,1,211,0,Russians,2
1,1,211,0,Italians,2
1,1,211,0,Germans,3
1,1,211,0,Chinese,3
1,1,211,1,Russians,2
1,1,211,1,Italians,3
1,1,211,1,Germans,3
1,1,211,1,Chinese,3
1,1,212,0,Russians,3
1,1,212,0,Italians,3
1,1,212,0,Germans,3
1,1,212,0,Chinese,2
1,1,212,1,Russians,2
1,1,212,1,Italians,3
1,1,212,1,Germans,3
1,1,212,1,Chinese,3
1,1,213,0,Russians,2
1,1,213,0,Italians,2
1,1,213,0,Germans,3
1,1,213,0,Chinese,3
1,1,213,1,Russians,2
1,1,213,1,Italians,3
1,1,213,1,Germans,3
1,1,213,1,Chinese,2
1,1,214,0,Russians,3
1,1,214,0,Italians,3
1,1,214,0,Germans,3
1,1,214,0,Chinese,3
1,1,214,1,Russians,3
1,1,214,1,Italians,2
1,1,214,1,Germans,3
1,1,214,1,Chinese,3
1,1,215,0,Russians,3
1,1,215,0,Italians,3
1,1,215,0,Germans,3
1,1,215,0,Chinese,3
1,1,215,1,Russians,2
1,1,215,1,Italians,3
1,1,215,1,Germans,3
1,1,215,1,Chinese,3
1,1,216,0,Russians,3
1,1,216,0,Italians,3
1,1,216,0,Germans,2
1,1,216,0,Chinese,2
1,1,216,1,Russians,2
1,1,216,1,Italians,3
1,1,216,1,Germans,3
1,1,216,1,Chinese,3
1,1,217,0,Russians,3
1,1,217,0,Italians,3
1,1,217,0,Germans,3
1,1,217,0,Chinese,3
1,1,217,1,Russians,2
1,1,217,1,Italians,3
1,1,217,1,Germans,3
1,1,217,1,Chinese,2
1,1,218,0,Russians,2
1,1,218,0,Italians,2
1,1,218,0,Germans,2
1,1,218,0,Chinese,2
1,1,218,1,Russians,2
1,1,218,1,Italians,2
1,1,218,1,Germans,3
1,1,218,1,Chinese,3
1,1,219,0,Russians,3
1,1,219,0,Italians,2
1,1,219,0,Germans,3
1,1,219,0,Chinese,3
1,1,219,1,Russians,3
1,1,219,1,Italians,3
1,1,219,1,Germans,3
1,1,219,1,Chinese,3
1,1,220,0,Russians,3
1,1,220,0,Italians,3
1,1,220,0,Germans,2
1,1,220,0,Chinese,3
1,1,220,1,Russians,2
1,1,220,1,Italians,3
1,1,220,1,Germans,2
1,1,220,1,Chinese,3
1,1,221,0,Russians,3
1,1,221,0,Italians,2
1,1,221,0,Germans,3
1,1,221,0,Chinese,2
1,1,221,1,Russians,2
1,1,221,1,Italians,2
1,1,221,1,Germans,2
1,1,221,1,Chinese,3
1,1,222,0,Russians,2
1,1,222,0,Italians,3
1,1,222,0,Germans,3
1,1,222,0,Chinese,3
1,1,222,1,Russians,2
1,1,222,1,Italians,3
1,1,222,1,Germans,2
1,1,222,1,Chinese,3
1,1,223,0,Russians,3
1,1,223,0,Italians,3
1,1,223,0,Germans,3
1,1,223,0,Chinese,3
1,1,223,1,Russians,3
1,1,223,1,Italians,3
1,1,223,1,Germans,3
1,1,223,1,Chinese,3
1,1,224,0,Russians,2
1,1,224,0,Italians,3
1,1,224,0,Germans,3
1,1,224,0,Chinese,3
1,1,224,1,Russians,2
1,1,224,1,Italians,3
1,1,224,1,Germans,3
1,1,224,1,Chinese,3
1,1,225,0,Russians,3
1,1,225,0,Italians,2
1,1,225,0,Germans,2
1,1,225,0,Chinese,2
1,1,225,1,Russians,2
1,1,225,1,Italians,3
1,1,225,1,Germans,3
1,1,225,1,Chinese,3
1,1,226,0,Russians,3
1,1,226,0,Italians,2
1,1,226,0,Germans,2
1,1,226,0,Chinese,3
1,1,226,1,Russians,3
1,1,226,1,Italians,3
1,1,226,1,Germans,3
1,1,226,1,Chinese,3
1,1,227,0,Russians,3
1,1,227,0,Italians,3
1,1,227,0,Germans,3
1,1,227,0,Chinese,3
1,1,227,1,Russians,2
1,1,227,1,Italians,3
1,1,227,1,Germans,3
1,1,227,1,Chinese,2
1,1,228,0,Russians,3
1,1,228,0,Italians,3
1,1,228,0,Germans,2
1,1,228,0,Chinese,3
1,1,228,1,Russians,3
1,1,228,1,Italians,3
1,1,228,1,Germans,3
1,1,228,1,Chinese,3
1,1,229,0,Russians,3
1,1,229,0,Italians,2
1,1,229,0,Germans,2
1,1,229,0,Chinese,2
1,1,229,1,Russians,2
1,1,229,1,Italians,2
1,1,229,1,Germans,3
1,1,229,1,Chinese,3
1,1,230,0,Russians,2
1,1,230,0,Italians,3
1,1,230,0,Germans,2
1,1,230,0,Chinese,3
1,1,230,1,Russians,2
1,1,230,1,Italians,3
1,1,230,1,Germans,3
1,1,230,1,Chinese,2
1,1,231,0,Russians,2
1,1,231,0,Italians,3
1,1,231,0,Germans,3
1,1,231,0,Chinese,3
1,1,231,1,Russians,2
1,1,231,1,Italians,3
1,1,231,1,Germans,3
1,1,231,1,Chinese,3
1,1,232,0,Russians,3
1,1,232,0,Italians,3
1,1,232,0,Germans,3
1,1,232,0,Chinese,3
1,1,232,1,Russians,3
1,1,232,1,Italians,3
1,1,232,1,Germans,3
1,1,232,1,Chinese,3
1,1,233,0,Russians,3
1,1,233,0,Italians,2
1,1,233,0,Germans,2
1,1,233,0,Chinese,3
1,1,233,1,Russians,2
1,1,233,1,Italians,3
1,1,233,1,Germans,3
1,1,233,1,Chinese,3
1,1,234,0,Russians,3
1,1,234,0,Italians,2
1,1,234,0,Germans,2
1,1,234,0,Chinese,3
1,1,234,1,Russians,3
1,1,234,1,Italians,3
1,1,234,1,Germans,3
1,1,234,1,Chinese,3
1,1,235,0,Russians,3
1,1,235,0,Italians,3
1,1,235,0,Germans,3
1,1,235,0,Chinese,2
1,1,235,1,Russians,2
1,1,235,1,Italians,2
1,1,235,1,Germans,3
1,1,235,1,Chinese,2
1,1,236,0,Russians,2
1,1,236,0,Italians,3
1,1,236,0,Germans,3
1,1,236,0,Chinese,3
1,1,236,1,Russians,2
1,1,236,1,Italians,3
1,1,236,1,Germans,3
1,1,236,1,Chinese,3
1,1,237,0,Russians,3
1,1,237,0,Italians,3
1,1,237,0,Germans,2
1,1,237,0,Chinese,2
1,1,237,1,Russians,2
1,1,237,1,Italians,2
1,1,237,1,Germans,3
1,1,237,1,Chinese,3
1,1,238,0,Russians,3
1,1,238,0,Italians,3
1,1,238,0,Germans,3
1,1,238,0,Chinese,3
1,1,238,1,Russians,2
1,1,238,1,Italians,3
1,1,238,1,Germans,3
1,1,238,1,Chinese,3
1,1,239,0,Russians,3
1,1,239,0,Italians,3
1,1,239,0,Germans,3
1,1,239,0,Chinese,3
1,1,239,1,Russians,2
1,1,239,1,Italians,3
1,1,239,1,Germans,3
1,1,239,1,Chinese,3
1,1,240,0,Russians,2
1,1,240,0,Italians,3
1,1,240,0,Germans,2
1,1,240,0,Chinese,3
1,1,240,1,Russians,2
1,1,240,1,Italians,3
1,1,240,1,Germans,3
1,1,240,1,Chinese,3
1,1,241,0,Russians,3
1,1,241,0,Italians,2
1,1,241,0,Germans,3
1,1,241,0,Chinese,2
1,1,241,1,Russians,3
1,1,241,1,Italians,3
1,1,241,1,Germans,3
1,1,241,1,Chinese,3
1,1,242,0,Russians,2
1,1,242,0,Italians,3
1,1,242,0,Germans,3
1,1,242,0,Chinese,3
1,1,242,1,Russians,2
1,1,242,1,Italians,3
1,1,242,1,Germans,2
1,1,242,1,Chinese,3
1,1,243,0,Russians,3
1,1,243,0,Italians,3
1,1,243,0,Germans,3
1,1,243,0,Chinese,3
1,1,243,1,Russians,2
1,1,243,1,Italians,2
1,1,243,1,Germans,3
1,1,243,1,Chinese,3
1,1,244,0,Russians,3
1,1,244,0,Italians,3
1,1,244,0,Germans,2
1,1,244,0,Chinese,3
1,1,244,1,Russians,2
1,1,244,1,Italians,3
1,1,244,1,Germans,3
1,1,244,1,Chinese,3
1,1,245,0,Russians,3
1,1,245,0,Italians,3
1,1,245,0,Germans,3
1,1,245,0,Chinese,3
1,1,245,1,Russians,2
1,1,245,1,Italians,2
1,1,245,1,Germans,3
1,1,245,1,Chinese,3
1,1,246,0,Russians,3
1,1,246,0,Italians,2
1,1,246,0,Germans,3
1,1,246,0,Chinese,3
1,1,246,1,Russians,3
1,1,246,1,Italians,3
1,1,246,1,Germans,3
1,1,246,1,Chinese,3
1,1,247,0,Russians,3
1,1,247,0,Italians,2
1,1,247,0,Germans,3
1,1,247,0,Chinese,3
1,1,247,1,Russians,2
1,1,247,1,Italians,2
1,1,247,1,Germans,3
1,1,247,1,Chinese,3
1,1,248,0,Russians,2
1,1,248,0,Italians,3
1,1,248,0,Germans,3
1,1,248,0,Chinese,3
1,1,248,1,Russians,2
1,1,248,1,Italians,3
1,1,248,1,Germans,3
1,1,248,1,Chinese,3
1,1,249,0,Russians,2
1,1,249,0,Italians,3
1,1,249,0,Germans,3
1,1,249,0,Chinese,3
1,1,249,1,Russians,2
1,1,249,1,Italians,3
1,1,249,1,Germans,3
1,1,249,1,Chinese,3
1,1,250,0,Russians,3
1,1,250,0,Italians,3
1,1,250,0,Germans,2
1,1,250,0,Chinese,3
1,1,250,1,Russians,3
1,1,250,1,Italians,2
1,1,250,1,Germans,3
1,1,250,1,Chinese,3
1,1,251,0,Russians,3
1,1,251,0,Italians,3
1,1,251,0,Germans,2
1,1,251,0,Chinese,3
1,1,251,1,Russians,2
1,1,251,1,Italians,2
1,1,251,1,Germans,3
1,1,251,1,Chinese,3
1,1,252,0,Russians,3
1,1,252,0,Italians,3
1,1,252,0,Germans,3
1,1,252,0,Chinese,3
1,1,252,1,Russians,2
1,1,252,1,Italians,3
1,1,252,1,Germans,3
1,1,252,1,Chinese,3
1,1,253,0,Russians,3
1,1,253,0,Italians,3
1,1,253,0,Germans,3
1,1,253,0,Chinese,3
1,1,253,1,Russians,3
1,1,253,1,Italians,3
1,1,253,1,Germans,2
1,1,253,1,Chinese,3
1,1,254,0,Russians,2
1,1,254,0,Italians,3
1,1,254,0,Germans,2
1,1,254,0,Chinese,3
1,1,254,1,Russians,2
1,1,254,1,Italians,3
1,1,254,1,Germans,2
1,1,254,1,Chinese,2
1,1,255,0,Russians,3
1,1,255,0,Italians,3
1,1,255,0,Germans,2
1,1,255,0,Chinese,3
1,1,255,1,Russians,2
1,1,255,1,Italians,3
1,1,255,1,Germans,2
1,1,255,1,Chinese,3
1,1,256,0,Russians,3
1,1,256,0,Italians,2
1,1,256,0,Germans,3
1,1,256,0,Chinese,3
1,1,256,1,Russians,2
1,1,256,1,Italians,3
1,1,256,1,Germans,3
1,1,256,1,Chinese,3
1,1,257,0,Russians,3
1,1,257,0,Italians,3
1,1,257,0,Germans,2
1,1,257,0,Chinese,2
1,1,257,1,Russians,2
1,1,257,1,Italians,3
1,1,257,1,Germans,3
1,1,257,1,Chinese,2
1,1,258,0,Russians,2
1,1,258,0,Italians,2
1,1,258,0,Germans,2
1,1,258,0,Chinese,3
1,1,258,1,Russians,2
1,1,258,1,Italians,3
1,1,258,1,Germans,3
1,1,258,1,Chinese,3
1,1,259,0,Russians,3
1,1,259,0,Italians,3
1,1,259,0,Germans,3
1,1,259,0,Chinese,3
1,1,259,1,Russians,3
1,1,259,1,Italians,3
1,1,259,1,Germans,3
1,1,259,1,Chinese,3
1,1,260,0,Russians,2
1,1,260,0,Italians,3
1,1,260,0,Germans,3
1,1,260,0,Chinese,3
1,1,260,1,Russians,2
1,1,260,1,Italians,3
1,1,260,1,Germans,2
1,1,260,1,Chinese,3
1,1,261,0,Russians,3
1,1,261,0,Italians,3
1,1,261,0,Germans,3
1,1,261,0,Chinese,3
1,1,261,1,Russians,2
1,1,261,1,Italians,3
1,1,261,1,Germans,3
1,1,261,1,Chinese,3
1,1,262,0,Russians,3
1,1,262,0,Italians,3
1,1,262,0,Germans,3
1,1,262,0,Chinese,3
1,1,262,1,Russians,2
1,1,262,1,Italians,2
1,1,262,1,Germans,2
1,1,262,1,Chinese,3
1,1,263,0,Russians,3
1,1,263,0,Italians,3
1,1,263,0,Germans,3
1,1,263,0,Chinese,3
1,1,263,1,Russians,2
1,1,263,1,Italians,2
1,1,263,1,Germans,2
1,1,263,1,Chinese,3
1,1,264,0,Russians,3
1,1,264,0,Italians,2
1,1,264,0,Germans,3
1,1,264,0,Chinese,3
1,1,264,1,Russians,3
1,1,264,1,Italians,2
1,1,264,1,Germans,3
1,1,264,1,Chinese,3
1,1,265,0,Russians,3
1,1,265,0,Italians,2
1,1,265,0,Germans,3
1,1,265,0,Chinese,2
1,1,265,1,Russians,2
1,1,265,1,Italians,3
1,1,265,1,Germans,3
1,1,265,1,Chinese,3
1,1,266,0,Russians,2
1,1,266,0,Italians,3
1,1,266,0,Germans,3
1,1,266,0,Chinese,3
1,1,266,1,Russians,2
1,1,266,1,Italians,2
1,1,266,1,Germans,3
1,1,266,1,Chinese,3
1,1,267,0,Russians,2
1,1,267,0,Italians,2
1,1,267,0,Germans,3
1,1,267,0,Chinese,3
1,1,267,1,Russians,2
1,1,267,1,Italians,2
1,1,267,1,Germans,3
1,1,267,1,Chinese,3
1,1,268,0,Russians,3
1,1,268,0,Italians,3
1,1,268,0,Germans,2
1,1,268,0,Chinese,3
1,1,268,1,Russians,3
1,1,268,1,Italians,3
1,1,268,1,Germans,3
1,1,268,1,Chinese,3
1,1,269,0,Russians,3
1,1,269,0,Italians,3
1,1,269,0,Germans,3
1,1,269,0,Chinese,3
1,1,269,1,Russians,2
1,1,269,1,Italians,2
1,1,269,1,Germans,2
1,1,269,1,Chinese,2
1,1,270,0,Russians,3
1,1,270,0,Italians,3
1,1,270,0,Germans,3
1,1,270,0,Chinese,3
1,1,270,1,Russians,2
1,1,270,1,Italians,2
1,1,270,1,Germans,3
1,1,270,1,Chinese,3
1,1,271,0,Russians,3
1,1,271,0,Italians,2
1,1,271,0,Germans,2
1,1,271,0,Chinese,2
1,1,271,1,Russians,2
1,1,271,1,Italians,3
1,1,271,1,Germans,2
1,1,271,1,Chinese,2
1,1,272,0,Russians,2
1,1,272,0,Italians,3
1,1,272,0,Germans,3
1,1,272,0,Chinese,3
1,1,272,1,Russians,2
1,1,272,1,Italians,2
1,1,272,1,Germans,2
1,1,272,1,Chinese,3
1,1,273,0,Russians,3
1,1,273,0,Italians,3
1,1,273,0,Germans,3
1,1,273,0,Chinese,3
1,1,273,1,Russians,2
1,1,273,1,Italians,3
1,1,273,1,Germans,3
1,1,273,1,Chinese,3
1,1,274,0,Russians,3
1,1,274,0,Italians,3
1,1,274,0,Germans,3
1,1,274,0,Chinese,3
1,1,274,1,Russians,2
1,1,274,1,Italians,3
1,1,274,1,Germans,3
1,1,274,1,Chinese,3
1,1,275,0,Russians,3
1,1,275,0,Italians,2
1,1,275,0,Germans,2
1,1,275,0,Chinese,3
1,1,275,1,Russians,2
1,1,275,1,Italians,3
1,1,275,1,Germans,3
1,1,275,1,Chinese,3
1,1,276,0,Russians,2
1,1,276,0,Italians,3
1,1,276,0,Germans,3
1,1,276,0,Chinese,2
1,1,276,1,Russians,2
1,1,276,1,Italians,2
1,1,276,1,Germans,3
1,1,276,1,Chinese,3
1,1,277,0,Russians,3
1,1,277,0,Italians,3
1,1,277,0,Germans,3
1,1,277,0,Chinese,3
1,1,277,1,Russians,3
1,1,277,1,Italians,3
1,1,277,1,Germans,3
1,1,277,1,Chinese,3
1,1,278,0,Russians,2
1,1,278,0,Italians,3
1,1,278,0,Germans,3
1,1,278,0,Chinese,2
1,1,278,1,Russians,2
1,1,278,1,Italians,2
1,1,278,1,Germans,2
1,1,278,1,Chinese,3
1,1,279,0,Russians,3
1,1,279,0,Italians,3
1,1,279,0,Germans,3
1,1,279,0,Chinese,3
1,1,279,1,Russians,3
1,1,279,1,Italians,2
1,1,279,1,Germans,3
1,1,279,1,Chinese,3
1,1,280,0,Russians,3
1,1,280,0,Italians,3
1,1,280,0,Germans,2
1,1,280,0,Chinese,3
1,1,280,1,Russians,3
1,1,280,1,Italians,3
1,1,280,1,Germans,3
1,1,280,1,Chinese,2
1,1,281,0,Russians,3
1,1,281,0,Italians,3
1,1,281,0,Germans,3
1,1,281,0,Chinese,3
1,1,281,1,Russians,2
1,1,281,1,Italians,3
1,1,281,1,Germans,2
1,1,281,1,Chinese,3
1,1,282,0,Russians,3
1,1,282,0,Italians,2
1,1,282,0,Germans,3
1,1,282,0,Chinese,3
1,1,282,1,Russians,3
1,1,282,1,Italians,3
1,1,282,1,Germans,3
1,1,282,1,Chinese,3
1,1,283,0,Russians,3
1,1,283,0,Italians,3
1,1,283,0,Germans,2
1,1,283,0,Chinese,3
1,1,283,1,Russians,2
1,1,283,1,Italians,3
1,1,283,1,Germans,3
1,1,283,1,Chinese,3
1,1,284,0,Russians,2
1,1,284,0,Italians,3
1,1,284,0,Germans,2
1,1,284,0,Chinese,2
1,1,284,1,Russians,2
1,1,284,1,Italians,3
1,1,284,1,Germans,3
1,1,284,1,Chinese,3
1,1,285,0,Russians,2
1,1,285,0,Italians,3
1,1,285,0,Germans,2
1,1,285,0,Chinese,3
1,1,285,1,Russians,2
1,1,285,1,Italians,3
1,1,285,1,Germans,3
1,1,285,1,Chinese,3
1,1,286,0,Russians,3
1,1,286,0,Italians,3
1,1,286,0,Germans,3
1,1,286,0,Chinese,3
1,1,286,1,Russians,2
1,1,286,1,Italians,2
1,1,286,1,Germans,2
1,1,286,1,Chinese,3
1,1,287,0,Russians,3
1,1,287,0,Italians,3
1,1,287,0,Germans,3
1,1,287,0,Chinese,3
1,1,287,1,Russians,2
1,1,287,1,Italians,3
1,1,287,1,Germans,2
1,1,287,1,Chinese,2
1,1,288,0,Russians,3
1,1,288,0,Italians,3
1,1,288,0,Germans,3
1,1,288,0,Chinese,3
1,1,288,1,Russians,3
1,1,288,1,Italians,3
1,1,288,1,Germans,3
1,1,288,1,Chinese,2
1,1,289,0,Russians,3
1,1,289,0,Italians,3
1,1,289,0,Germans,3
1,1,289,0,Chinese,2
1,1,289,1,Russians,2
1,1,289,1,Italians,3
1,1,289,1,Germans,3
1,1,289,1,Chinese,3
1,1,290,0,Russians,2
1,1,290,0,Italians,2
1,1,290,0,Germans,2
1,1,290,0,Chinese,2
1,1,290,1,Russians,2
1,1,290,1,Italians,3
1,1,290,1,Germans,3
1,1,290,1,Chinese,2
1,1,291,0,Russians,3
1,1,291,0,Italians,3
1,1,291,0,Germans,2
1,1,291,0,Chinese,3
1,1,291,1,Russians,2
1,1,291,1,Italians,3
1,1,291,1,Germans,3
1,1,291,1,Chinese,3
1,1,292,0,Russians,3
1,1,292,0,Italians,3
1,1,292,0,Germans,2
1,1,292,0,Chinese,3
1,1,292,1,Russians,2
1,1,292,1,Italians,3
1,1,292,1,Germans,2
1,1,292,1,Chinese,3
1,1,293,0,Russians,3
1,1,293,0,Italians,3
1,1,293,0,Germans,3
1,1,293,0,Chinese,3
1,1,293,1,Russians,2
1,1,293,1,Italians,3
1,1,293,1,Germans,3
1,1,293,1,Chinese,3
1,1,294,0,Russians,3
1,1,294,0,Italians,3
1,1,294,0,Germans,2
1,1,294,0,Chinese,2
1,1,294,1,Russians,3
1,1,294,1,Italians,3
1,1,294,1,Germans,3
1,1,294,1,Chinese,3
1,1,295,0,Russians,2
1,1,295,0,Italians,2
1,1,295,0,Germans,3
1,1,295,0,Chinese,3
1,1,295,1,Russians,2
1,1,295,1,Italians,2
1,1,295,1,Germans,3
1,1,295,1,Chinese,3
1,1,296,0,Russians,2
1,1,296,0,Italians,2
1,1,296,0,Germans,2
1,1,296,0,Chinese,2
1,1,296,1,Russians,2
1,1,296,1,Italians,3
1,1,296,1,Germans,2
1,1,296,1,Chinese,2
1,1,297,0,Russians,3
1,1,297,0,Italians,3
1,1,297,0,Germans,2
1,1,297,0,Chinese,2
1,1,297,1,Russians,2
1,1,297,1,Italians,2
1,1,297,1,Germans,3
1,1,297,1,Chinese,2
1,1,298,0,Russians,3
1,1,298,0,Italians,3
1,1,298,0,Germans,3
1,1,298,0,Chinese,3
1,1,298,1,Russians,2
1,1,298,1,Italians,3
1,1,298,1,Germans,2
1,1,298,1,Chinese,3
1,1,299,0,Russians,3
1,1,299,0,Italians,2
1,1,299,0,Germans,3
1,1,299,0,Chinese,3
1,1,299,1,Russians,2
1,1,299,1,Italians,3
1,1,299,1,Germans,3
1,1,299,1,Chinese,3
1,1,300,0,Russians,3
1,1,300,0,Italians,3
1,1,300,0,Germans,2
1,1,300,0,Chinese,3
1,1,300,1,Russians,2
1,1,300,1,Italians,3
1,1,300,1,Germans,2
1,1,300,1,Chinese,3
1,1,301,0,Russians,3
1,1,301,0,Italians,3
1,1,301,0,Germans,3
1,1,301,0,Chinese,2
1,1,301,1,Russians,3
1,1,301,1,Italians,2
1,1,301,1,Germans,3
1,1,301,1,Chinese,3
1,1,302,0,Russians,2
1,1,302,0,Italians,3
1,1,302,0,Germans,3
1,1,302,0,Chinese,3
1,1,302,1,Russians,2
1,1,302,1,Italians,3
1,1,302,1,Germans,2
1,1,302,1,Chinese,3
1,1,303,0,Russians,3
1,1,303,0,Italians,3
1,1,303,0,Germans,3
1,1,303,0,Chinese,3
1,1,303,1,Russians,3
1,1,303,1,Italians,2
1,1,303,1,Germans,3
1,1,303,1,Chinese,3
1,1,304,0,Russians,2
1,1,304,0,Italians,3
1,1,304,0,Germans,3
1,1,304,0,Chinese,3
1,1,304,1,Russians,2
1,1,304,1,Italians,3
1,1,304,1,Germans,3
1,1,304,1,Chinese,3
1,1,305,0,Russians,3
1,1,305,0,Italians,3
1,1,305,0,Germans,3
1,1,305,0,Chinese,2
1,1,305,1,Russians,2
1,1,305,1,Italians,3
1,1,305,1,Germans,3
1,1,305,1,Chinese,3
1,1,306,0,Russians,3
1,1,306,0,Italians,2
1,1,306,0,Germans,2
1,1,306,0,Chinese,3
1,1,306,1,Russians,3
1,1,306,1,Italians,2
1,1,306,1,Germans,3
1,1,306,1,Chinese,2
1,1,307,0,Russians,3
1,1,307,0,Italians,2
1,1,307,0,Germans,3
1,1,307,0,Chinese,3
1,1,307,1,Russians,2
1,1,307,1,Italians,3
1,1,307,1,Germans,3
1,1,307,1,Chinese,3
1,1,308,0,Russians,2
1,1,308,0,Italians,3
1,1,308,0,Germans,3
1,1,308,0,Chinese,2
1,1,308,1,Russians,2
1,1,308,1,Italians,3
1,1,308,1,Germans,3
1,1,308,1,Chinese,3
1,1,309,0,Russians,3
1,1,309,0,Italians,2
1,1,309,0,Germans,3
1,1,309,0,Chinese,2
1,1,309,1,Russians,2
1,1,309,1,Italians,3
1,1,309,1,Germans,3
1,1,309,1,Chinese,3
1,1,310,0,Russians,3
1,1,310,0,Italians,3
1,1,310,0,Germans,3
1,1,310,0,Chinese,3
1,1,310,1,Russians,2
1,1,310,1,Italians,3
1,1,310,1,Germans,3
1,1,310,1,Chinese,3
1,1,311,0,Russians,3
1,1,311,0,Italians,3
1,1,311,0,Germans,3
1,1,311,0,Chinese,3
1,1,311,1,Russians,2
1,1,311,1,Italians,3
1,1,311,1,Germans,3
1,1,311,1,Chinese,2
1,1,312,0,Russians,3
1,1,312,0,Italians,3
1,1,312,0,Germans,3
1,1,312,0,Chinese,3
1,1,312,1,Russians,2
1,1,312,1,Italians,3
1,1,312,1,Germans,3
1,1,312,1,Chinese,3
1,1,313,0,Russians,2
1,1,313,0,Italians,3
1,1,313,0,Germans,3
1,1,313,0,Chinese,3
1,1,313,1,Russians,2
1,1,313,1,Italians,2
1,1,313,1,Germans,3
1,1,313,1,Chinese,3
1,1,314,0,Russians,3
1,1,314,0,Italians,2
1,1,314,0,Germans,3
1,1,314,0,Chinese,3
1,1,314,1,Russians,2
1,1,314,1,Italians,2
1,1,314,1,Germans,2
1,1,314,1,Chinese,2
1,1,315,0,Russians,3
1,1,315,0,Italians,3
1,1,315,0,Germans,3
1,1,315,0,Chinese,3
1,1,315,1,Russians,2
1,1,315,1,Italians,2
1,1,315,1,Germans,3
1,1,315,1,Chinese,3
1,1,316,0,Russians,3
1,1,316,0,Italians,3
1,1,316,0,Germans,3
1,1,316,0,Chinese,3
1,1,316,1,Russians,2
1,1,316,1,Italians,3
1,1,316,1,Germans,3
1,1,316,1,Chinese,3
1,1,317,0,Russians,2
1,1,317,0,Italians,2
1,1,317,0,Germans,3
1,1,317,0,Chinese,3
1,1,317,1,Russians,2
1,1,317,1,Italians,3
1,1,317,1,Germans,2
1,1,317,1,Chinese,3
1,1,318,0,Russians,3
1,1,318,0,Italians,3
1,1,318,0,Germans,2
1,1,318,0,Chinese,3
1,1,318,1,Russians,2
1,1,318,1,Italians,3
1,1,318,1,Germans,3
1,1,318,1,Chinese,3
1,1,319,0,Russians,3
1,1,319,0,Italians,3
1,1,319,0,Germans,3
1,1,319,0,Chinese,2
1,1,319,1,Russians,3
1,1,319,1,Italians,3
1,1,319,1,Germans,3
1,1,319,1,Chinese,3
1,1,320,0,Russians,3
1,1,320,0,Italians,3
1,1,320,0,Germans,3
1,1,320,0,Chinese,3
1,1,320,1,Russians,2
1,1,320,1,Italians,3
1,1,320,1,Germans,3
1,1,320,1,Chinese,3
1,1,321,0,Russians,3
1,1,321,0,Italians,3
1,1,321,0,Germans,2
1,1,321,0,Chinese,2
1,1,321,1,Russians,3
1,1,321,1,Italians,2
1,1,321,1,Germans,3
1,1,321,1,Chinese,3
1,1,322,0,Russians,2
1,1,322,0,Italians,2
1,1,322,0,Germans,2
1,1,322,0,Chinese,2
1,1,322,1,Russians,2
1,1,322,1,Italians,2
1,1,322,1,Germans,2
1,1,322,1,Chinese,2
1,1,323,0,Russians,2
1,1,323,0,Italians,3
1,1,323,0,Germans,2
1,1,323,0,Chinese,3
1,1,323,1,Russians,2
1,1,323,1,Italians,3
1,1,323,1,Germans,3
1,1,323,1,Chinese,2
1,1,324,0,Russians,3
1,1,324,0,Italians,3
1,1,324,0,Germans,2
1,1,324,0,Chinese,3
1,1,324,1,Russians,2
1,1,324,1,Italians,3
1,1,324,1,Germans,2
1,1,324,1,Chinese,2
1,1,325,0,Russians,3
1,1,325,0,Italians,3
1,1,325,0,Germans,3
1,1,325,0,Chinese,3
1,1,325,1,Russians,2
1,1,325,1,Italians,3
1,1,325,1,Germans,3
1,1,325,1,Chinese,3
1,1,326,0,Russians,3
1,1,326,0,Italians,3
1,1,326,0,Germans,3
1,1,326,0,Chinese,2
1,1,326,1,Russians,2
1,1,326,1,Italians,3
1,1,326,1,Germans,3
1,1,326,1,Chinese,3
1,1,327,0,Russians,3
1,1,327,0,Italians,2
1,1,327,0,Germans,3
1,1,327,0,Chinese,3
1,1,327,1,Russians,2
1,1,327,1,Italians,2
1,1,327,1,Germans,3
1,1,327,1,Chinese,3
1,1,328,0,Russians,3
1,1,328,0,Italians,3
1,1,328,0,Germans,3
1,1,328,0,Chinese,3
1,1,328,1,Russians,2
1,1,328,1,Italians,3
1,1,328,1,Germans,3
1,1,328,1,Chinese,3
1,1,329,0,Russians,2
1,1,329,0,Italians,3
1,1,329,0,Germans,3
1,1,329,0,Chinese,2
1,1,329,1,Russians,2
1,1,329,1,Italians,3
1,1,329,1,Germans,3
1,1,329,1,Chinese,2
1,1,330,0,Russians,3
1,1,330,0,Italians,3
1,1,330,0,Germans,2
1,1,330,0,Chinese,3
1,1,330,1,Russians,3
1,1,330,1,Italians,2
1,1,330,1,Germans,3
1,1,330,1,Chinese,3
1,1,331,0,Russians,2
1,1,331,0,Italians,3
1,1,331,0,Germans,3
1,1,331,0,Chinese,3
1,1,331,1,Russians,2
1,1,331,1,Italians,2
1,1,331,1,Germans,3
1,1,331,1,Chinese,2
1,1,332,0,Russians,3
1,1,332,0,Italians,3
1,1,332,0,Germans,2
1,1,332,0,Chinese,3
1,1,332,1,Russians,3
1,1,332,1,Italians,3
1,1,332,1,Germans,3
1,1,332,1,Chinese,3
1,1,333,0,Russians,3
1,1,333,0,Italians,3
1,1,333,0,Germans,3
1,1,333,0,Chinese,2
1,1,333,1,Russians,2
1,1,333,1,Italians,2
1,1,333,1,Germans,3
1,1,333,1,Chinese,3
1,1,334,0,Russians,3
1,1,334,0,Italians,3
1,1,334,0,Germans,3
1,1,334,0,Chinese,3
1,1,334,1,Russians,2
1,1,334,1,Italians,3
1,1,334,1,Germans,3
1,1,334,1,Chinese,3
1,1,335,0,Russians,3
1,1,335,0,Italians,3
1,1,335,0,Germans,3
1,1,335,0,Chinese,3
1,1,335,1,Russians,2
1,1,335,1,Italians,2
1,1,335,1,Germans,2
1,1,335,1,Chinese,3
1,1,336,0,Russians,2
1,1,336,0,Italians,3
1,1,336,0,Germans,3
1,1,336,0,Chinese,3
1,1,336,1,Russians,2
1,1,336,1,Italians,3
1,1,336,1,Germans,3
1,1,336,1,Chinese,2
1,1,337,0,Russians,3
1,1,337,0,Italians,3
1,1,337,0,Germans,3
1,1,337,0,Chinese,3
1,1,337,1,Russians,3
1,1,337,1,Italians,3
1,1,337,1,Germans,3
1,1,337,1,Chinese,3
1,1,338,0,Russians,3
1,1,338,0,Italians,3
1,1,338,0,Germans,3
1,1,338,0,Chinese,3
1,1,338,1,Russians,3
1,1,338,1,Italians,3
1,1,338,1,Germans,2
1,1,338,1,Chinese,3
1,1,339,0,Russians,3
1,1,339,0,Italians,3
1,1,339,0,Germans,3
1,1,339,0,Chinese,3
1,1,339,1,Russians,2
1,1,339,1,Italians,2
1,1,339,1,Germans,2
1,1,339,1,Chinese,3
1,1,340,0,Russians,2
1,1,340,0,Italians,3
1,1,340,0,Germans,2
1,1,340,0,Chinese,3
1,1,340,1,Russians,2
1,1,340,1,Italians,2
1,1,340,1,Germans,3
1,1,340,1,Chinese,3
1,1,341,0,Russians,3
1,1,341,0,Italians,2
1,1,341,0,Germans,3
1,1,341,0,Chinese,3
1,1,341,1,Russians,2
1,1,341,1,Italians,3
1,1,341,1,Germans,3
1,1,341,1,Chinese,3
1,1,342,0,Russians,2
1,1,342,0,Italians,3
1,1,342,0,Germans,3
1,1,342,0,Chinese,3
1,1,342,1,Russians,2
1,1,342,1,Italians,2
1,1,342,1,Germans,3
1,1,342,1,Chinese,3
1,1,343,0,Russians,3
1,1,343,0,Italians,3
1,1,343,0,Germans,3
1,1,343,0,Chinese,3
1,1,343,1,Russians,2
1,1,343,1,Italians,3
1,1,343,1,Germans,3
1,1,343,1,Chinese,3
1,1,344,0,Russians,3
1,1,344,0,Italians,3
1,1,344,0,Germans,3
1,1,344,0,Chinese,2
1,1,344,1,Russians,2
1,1,344,1,Italians,3
1,1,344,1,Germans,3
1,1,344,1,Chinese,3
1,1,345,0,Russians,3
1,1,345,0,Italians,2
1,1,345,0,Germans,2
1,1,345,0,Chinese,3
1,1,345,1,Russians,2
1,1,345,1,Italians,3
1,1,345,1,Germans,3
1,1,345,1,Chinese,3
1,1,346,0,Russians,3
1,1,346,0,Italians,2
1,1,346,0,Germans,3
1,1,346,0,Chinese,3
1,1,346,1,Russians,2
1,1,346,1,Italians,3
1,1,346,1,Germans,3
1,1,346,1,Chinese,3
1,1,347,0,Russians,3
1,1,347,0,Italians,3
1,1,347,0,Germans,3
1,1,347,0,Chinese,3
1,1,347,1,Russians,3
1,1,347,1,Italians,3
1,1,347,1,Germans,3
1,1,347,1,Chinese,3
1,1,348,0,Russians,2
1,1,348,0,Italians,3
1,1,348,0,Germans,3
1,1,348,0,Chinese,3
1,1,348,1,Russians,2
1,1,348,1,Italians,3
1,1,348,1,Germans,3
1,1,348,1,Chinese,2
1,1,349,0,Russians,2
1,1,349,0,Italians,3
1,1,349,0,Germans,3
1,1,349,0,Chinese,3
1,1,349,1,Russians,2
1,1,349,1,Italians,2
1,1,349,1,Germans,3
1,1,349,1,Chinese,3
1,1,350,0,Russians,3
1,1,350,0,Italians,2
1,1,350,0,Germans,2
1,1,350,0,Chinese,3
1,1,350,1,Russians,2
1,1,350,1,Italians,3
1,1,350,1,Germans,3
1,1,350,1,Chinese,3
1,1,351,0,Russians,3
1,1,351,0,Italians,3
1,1,351,0,Germans,2
1,1,351,0,Chinese,3
1,1,351,1,Russians,2
1,1,351,1,Italians,3
1,1,351,1,Germans,2
1,1,351,1,Chinese,2
1,1,352,0,Russians,3
1,1,352,0,Italians,3
1,1,352,0,Germans,2
1,1,352,0,Chinese,3
1,1,352,1,Russians,2
1,1,352,1,Italians,2
1,1,352,1,Germans,3
1,1,352,1,Chinese,2
1,1,353,0,Russians,3
1,1,353,0,Italians,3
1,1,353,0,Germans,3
1,1,353,0,Chinese,3
1,1,353,1,Russians,2
1,1,353,1,Italians,2
1,1,353,1,Germans,3
1,1,353,1,Chinese,3
1,1,354,0,Russians,2
1,1,354,0,Italians,3
1,1,354,0,Germans,2
1,1,354,0,Chinese,3
1,1,354,1,Russians,2
1,1,354,1,Italians,3
1,1,354,1,Germans,3
1,1,354,1,Chinese,2
1,1,355,0,Russians,3
1,1,355,0,Italians,3
1,1,355,0,Germans,3
1,1,355,0,Chinese,3
1,1,355,1,Russians,3
1,1,355,1,Italians,3
1,1,355,1,Germans,3
1,1,355,1,Chinese,3
1,1,356,0,Russians,3
1,1,356,0,Italians,3
1,1,356,0,Germans,3
1,1,356,0,Chinese,3
1,1,356,1,Russians,3
1,1,356,1,Italians,3
1,1,356,1,Germans,3
1,1,356,1,Chinese,3
1,1,357,0,Russians,3
1,1,357,0,Italians,3
1,1,357,0,Germans,3
1,1,357,0,Chinese,3
1,1,357,1,Russians,2
1,1,357,1,Italians,3
1,1,357,1,Germans,3
1,1,357,1,Chinese,3
1,1,358,0,Russians,2
1,1,358,0,Italians,3
1,1,358,0,Germans,3
1,1,358,0,Chinese,3
1,1,358,1,Russians,2
1,1,358,1,Italians,3
1,1,358,1,Germans,3
1,1,358,1,Chinese,3
1,1,359,0,Russians,3
1,1,359,0,Italians,3
1,1,359,0,Germans,3
1,1,359,0,Chinese,3
1,1,359,1,Russians,3
1,1,359,1,Italians,3
1,1,359,1,Germans,3
1,1,359,1,Chinese,3
1,1,360,0,Russians,2
1,1,360,0,Italians,2
1,1,360,0,Germans,3
1,1,360,0,Chinese,3
1,1,360,1,Russians,2
1,1,360,1,Italians,2
1,1,360,1,Germans,3
1,1,360,1,Chinese,3
1,1,361,0,Russians,3
1,1,361,0,Italians,3
1,1,361,0,Germans,2
1,1,361,0,Chinese,3
1,1,361,1,Russians,2
1,1,361,1,Italians,3
1,1,361,1,Germans,2
1,1,361,1,Chinese,3
1,1,362,0,Russians,3
1,1,362,0,Italians,3
1,1,362,0,Germans,3
1,1,362,0,Chinese,3
1,1,362,1,Russians,2
1,1,362,1,Italians,3
1,1,362,1,Germans,3
1,1,362,1,Chinese,3
1,1,363,0,Russians,3
1,1,363,0,Italians,3
1,1,363,0,Germans,3
1,1,363,0,Chinese,3
1,1,363,1,Russians,2
1,1,363,1,Italians,3
1,1,363,1,Germans,3
1,1,363,1,Chinese,3
1,1,364,0,Russians,3
1,1,364,0,Italians,3
1,1,364,0,Germans,3
1,1,364,0,Chinese,3
1,1,364,1,Russians,2
1,1,364,1,Italians,3
1,1,364,1,Germans,3
1,1,364,1,Chinese,3
1,1,365,0,Russians,3
1,1,365,0,Italians,3
1,1,365,0,Germans,3
1,1,365,0,Chinese,3
1,1,365,1,Russians,2
1,1,365,1,Italians,3
1,1,365,1,Germans,2
1,1,365,1,Chinese,3
1,1,366,0,Russians,2
1,1,366,0,Italians,3
1,1,366,0,Germans,3
1,1,366,0,Chinese,2
1,1,366,1,Russians,2
1,1,366,1,Italians,3
1,1,366,1,Germans,3
1,1,366,1,Chinese,3
1,1,367,0,Russians,2
1,1,367,0,Italians,3
1,1,367,0,Germans,3
1,1,367,0,Chinese,3
1,1,367,1,Russians,2
1,1,367,1,Italians,3
1,1,367,1,Germans,3
1,1,367,1,Chinese,3
1,1,368,0,Russians,3
1,1,368,0,Italians,3
1,1,368,0,Germans,3
1,1,368,0,Chinese,3
1,1,368,1,Russians,2
1,1,368,1,Italians,2
1,1,368,1,Germans,2
1,1,368,1,Chinese,3
1,1,369,0,Russians,3
1,1,369,0,Italians,2
1,1,369,0,Germans,3
1,1,369,0,Chinese,2
1,1,369,1,Russians,2
1,1,369,1,Italians,3
1,1,369,1,Germans,3
1,1,369,1,Chinese,3
1,1,370,0,Russians,3
1,1,370,0,Italians,3
1,1,370,0,Germans,3
1,1,370,0,Chinese,3
1,1,370,1,Russians,2
1,1,370,1,Italians,3
1,1,370,1,Germans,3
1,1,370,1,Chinese,3
1,1,371,0,Russians,3
1,1,371,0,Italians,3
1,1,371,0,Germans,2
1,1,371,0,Chinese,3
1,1,371,1,Russians,2
1,1,371,1,Italians,3
1,1,371,1,Germans,3
1,1,371,1,Chinese,3
1,1,372,0,Russians,2
1,1,372,0,Italians,3
1,1,372,0,Germans,3
1,1,372,0,Chinese,3
1,1,372,1,Russians,2
1,1,372,1,Italians,3
1,1,372,1,Germans,3
1,1,372,1,Chinese,3
1,1,373,0,Russians,3
1,1,373,0,Italians,3
1,1,373,0,Germans,3
1,1,373,0,Chinese,2
1,1,373,1,Russians,3
1,1,373,1,Italians,3
1,1,373,1,Germans,3
1,1,373,1,Chinese,3
1,1,374,0,Russians,3
1,1,374,0,Italians,3
1,1,374,0,Germans,2
1,1,374,0,Chinese,2
1,1,374,1,Russians,3
1,1,374,1,Italians,3
1,1,374,1,Germans,2
1,1,374,1,Chinese,2
1,1,375,0,Russians,3
1,1,375,0,Italians,3
1,1,375,0,Germans,2
1,1,375,0,Chinese,3
1,1,375,1,Russians,2
1,1,375,1,Italians,3
1,1,375,1,Germans,3
1,1,375,1,Chinese,3
1,1,376,0,Russians,2
1,1,376,0,Italians,3
1,1,376,0,Germans,2
1,1,376,0,Chinese,3
1,1,376,1,Russians,2
1,1,376,1,Italians,2
1,1,376,1,Germans,2
1,1,376,1,Chinese,3
1,1,377,0,Russians,3
1,1,377,0,Italians,3
1,1,377,0,Germans,2
1,1,377,0,Chinese,3
1,1,377,1,Russians,2
1,1,377,1,Italians,3
1,1,377,1,Germans,3
1,1,377,1,Chinese,3
1,1,378,0,Russians,2
1,1,378,0,Italians,2
1,1,378,0,Germans,2
1,1,378,0,Chinese,3
1,1,378,1,Russians,2
1,1,378,1,Italians,2
1,1,378,1,Germans,3
1,1,378,1,Chinese,3
1,1,379,0,Russians,3
1,1,379,0,Italians,3
1,1,379,0,Germans,3
1,1,379,0,Chinese,3
1,1,379,1,Russians,2
1,1,379,1,Italians,3
1,1,379,1,Germans,3
1,1,379,1,Chinese,2
1,1,380,0,Russians,3
1,1,380,0,Italians,3
1,1,380,0,Germans,2
1,1,380,0,Chinese,2
1,1,380,1,Russians,2
1,1,380,1,Italians,2
1,1,380,1,Germans,3
1,1,380,1,Chinese,3
1,1,381,0,Russians,3
1,1,381,0,Italians,2
1,1,381,0,Germans,3
1,1,381,0,Chinese,3
1,1,381,1,Russians,2
1,1,381,1,Italians,2
1,1,381,1,Germans,3
1,1,381,1,Chinese,3
1,1,382,0,Russians,3
1,1,382,0,Italians,3
1,1,382,0,Germans,3
1,1,382,0,Chinese,3
1,1,382,1,Russians,2
1,1,382,1,Italians,3
1,1,382,1,Germans,3
1,1,382,1,Chinese,3
1,1,383,0,Russians,3
1,1,383,0,Italians,3
1,1,383,0,Germans,3
1,1,383,0,Chinese,3
1,1,383,1,Russians,3
1,1,383,1,Italians,2
1,1,383,1,Germans,3
1,1,383,1,Chinese,2
1,1,384,0,Russians,2
1,1,384,0,Italians,3
1,1,384,0,Germans,3
1,1,384,0,Chinese,2
1,1,384,1,Russians,2
1,1,384,1,Italians,3
1,1,384,1,Germans,3
1,1,384,1,Chinese,3
1,1,385,0,Russians,2
1,1,385,0,Italians,2
1,1,385,0,Germans,2
1,1,385,0,Chinese,3
1,1,385,1,Russians,2
1,1,385,1,Italians,3
1,1,385,1,Germans,3
1,1,385,1,Chinese,3
1,1,386,0,Russians,3
1,1,386,0,Italians,2
1,1,386,0,Germans,3
1,1,386,0,Chinese,3
1,1,386,1,Russians,3
1,1,386,1,Italians,3
1,1,386,1,Germans,3
1,1,386,1,Chinese,3
1,1,387,0,Russians,3
1,1,387,0,Italians,3
1,1,387,0,Germans,2
1,1,387,0,Chinese,3
1,1,387,1,Russians,2
1,1,387,1,Italians,3
1,1,387,1,Germans,3
1,1,387,1,Chinese,3
1,1,388,0,Russians,3
1,1,388,0,Italians,2
1,1,388,0,Germans,3
1,1,388,0,Chinese,3
1,1,388,1,Russians,2
1,1,388,1,Italians,3
1,1,388,1,Germans,3
1,1,388,1,Chinese,3
1,1,389,0,Russians,3
1,1,389,0,Italians,2
1,1,389,0,Germans,3
1,1,389,0,Chinese,2
1,1,389,1,Russians,2
1,1,389,1,Italians,3
1,1,389,1,Germans,3
1,1,389,1,Chinese,2
1,1,390,0,Russians,2
1,1,390,0,Italians,3
1,1,390,0,Germans,3
1,1,390,0,Chinese,3
1,1,390,1,Russians,2
1,1,390,1,Italians,3
1,1,390,1,Germans,3
1,1,390,1,Chinese,3
1,1,391,0,Russians,3
1,1,391,0,Italians,2
1,1,391,0,Germans,2
1,1,391,0,Chinese,3
1,1,391,1,Russians,3
1,1,391,1,Italians,2
1,1,391,1,Germans,3
1,1,391,1,Chinese,3
1,1,392,0,Russians,3
1,1,392,0,Italians,3
1,1,392,0,Germans,3
1,1,392,0,Chinese,2
1,1,392,1,Russians,3
1,1,392,1,Italians,3
1,1,392,1,Germans,3
1,1,392,1,Chinese,3
1,1,393,0,Russians,3
1,1,393,0,Italians,3
1,1,393,0,Germans,3
1,1,393,0,Chinese,3
1,1,393,1,Russians,2
1,1,393,1,Italians,3
1,1,393,1,Germans,2
1,1,393,1,Chinese,3
1,1,394,0,Russians,3
1,1,394,0,Italians,2
1,1,394,0,Germans,3
1,1,394,0,Chinese,3
1,1,394,1,Russians,2
1,1,394,1,Italians,3
1,1,394,1,Germans,3
1,1,394,1,Chinese,3
1,1,395,0,Russians,3
1,1,395,0,Italians,2
1,1,395,0,Germans,2
1,1,395,0,Chinese,3
1,1,395,1,Russians,2
1,1,395,1,Italians,2
1,1,395,1,Germans,3
1,1,395,1,Chinese,3
1,1,396,0,Russians,2
1,1,396,0,Italians,2
1,1,396,0,Germans,3
1,1,396,0,Chinese,3
1,1,396,1,Russians,2
1,1,396,1,Italians,2
1,1,396,1,Germans,2
1,1,396,1,Chinese,3
1,1,397,0,Russians,2
1,1,397,0,Italians,3
1,1,397,0,Germans,2
1,1,397,0,Chinese,3
1,1,397,1,Russians,2
1,1,397,1,Italians,3
1,1,397,1,Germans,3
1,1,397,1,Chinese,3
1,1,398,0,Russians,3
1,1,398,0,Italians,3
1,1,398,0,Germans,2
1,1,398,0,Chinese,3
1,1,398,1,Russians,2
1,1,398,1,Italians,3
1,1,398,1,Germans,2
1,1,398,1,Chinese,2
1,1,399,0,Russians,3
1,1,399,0,Italians,2
1,1,399,0,Germans,3
1,1,399,0,Chinese,3
1,1,399,1,Russians,2
1,1,399,1,Italians,2
1,1,399,1,Germans,3
1,1,399,1,Chinese,3
1,1,400,0,Russians,3
1,1,400,0,Italians,3
1,1,400,0,Germans,3
1,1,400,0,Chinese,3
1,1,400,1,Russians,2
1,1,400,1,Italians,3
1,1,400,1,Germans,3
1,1,400,1,Chinese,3
1,1,401,0,Russians,3
1,1,401,0,Italians,3
1,1,401,0,Germans,3
1,1,401,0,Chinese,3
1,1,401,1,Russians,3
1,1,401,1,Italians,2
1,1,401,1,Germans,3
1,1,401,1,Chinese,3
1,1,402,0,Russians,2
1,1,402,0,Italians,3
1,1,402,0,Germans,2
1,1,402,0,Chinese,3
1,1,402,1,Russians,2
1,1,402,1,Italians,2
1,1,402,1,Germans,3
1,1,402,1,Chinese,3
1,1,403,0,Russians,3
1,1,403,0,Italians,2
1,1,403,0,Germans,2
1,1,403,0,Chinese,3
1,1,403,1,Russians,2
1,1,403,1,Italians,3
1,1,403,1,Germans,3
1,1,403,1,Chinese,2
1,1,404,0,Russians,3
1,1,404,0,Italians,3
1,1,404,0,Germans,3
1,1,404,0,Chinese,3
1,1,404,1,Russians,2
1,1,404,1,Italians,2
1,1,404,1,Germans,3
1,1,404,1,Chinese,3
1,1,405,0,Russians,3
1,1,405,0,Italians,3
1,1,405,0,Germans,3
1,1,405,0,Chinese,2
1,1,405,1,Russians,2
1,1,405,1,Italians,3
1,1,405,1,Germans,3
1,1,405,1,Chinese,2
1,1,406,0,Russians,2
1,1,406,0,Italians,2
1,1,406,0,Germans,3
1,1,406,0,Chinese,2
1,1,406,1,Russians,2
1,1,406,1,Italians,2
1,1,406,1,Germans,3
1,1,406,1,Chinese,3
1,1,407,0,Russians,3
1,1,407,0,Italians,2
1,1,407,0,Germans,3
1,1,407,0,Chinese,3
1,1,407,1,Russians,2
1,1,407,1,Italians,3
1,1,407,1,Germans,3
1,1,407,1,Chinese,3
1,1,408,0,Russians,2
1,1,408,0,Italians,3
1,1,408,0,Germans,3
1,1,408,0,Chinese,3
1,1,408,1,Russians,2
1,1,408,1,Italians,3
1,1,408,1,Germans,3
1,1,408,1,Chinese,3
1,1,409,0,Russians,3
1,1,409,0,Italians,3
1,1,409,0,Germans,3
1,1,409,0,Chinese,2
1,1,409,1,Russians,3
1,1,409,1,Italians,3
1,1,409,1,Germans,2
1,1,409,1,Chinese,3
1,1,410,0,Russians,3
1,1,410,0,Italians,3
1,1,410,0,Germans,3
1,1,410,0,Chinese,3
1,1,410,1,Russians,3
1,1,410,1,Italians,2
1,1,410,1,Germans,3
1,1,410,1,Chinese,3
1,1,411,0,Russians,3
1,1,411,0,Italians,3
1,1,411,0,Germans,2
1,1,411,0,Chinese,3
1,1,411,1,Russians,3
1,1,411,1,Italians,3
1,1,411,1,Germans,3
1,1,411,1,Chinese,3
1,1,412,0,Russians,3
1,1,412,0,Italians,2
1,1,412,0,Germans,3
1,1,412,0,Chinese,3
1,1,412,1,Russians,2
1,1,412,1,Italians,3
1,1,412,1,Germans,3
1,1,412,1,Chinese,3
1,1,413,0,Russians,3
1,1,413,0,Italians,3
1,1,413,0,Germans,3
1,1,413,0,Chinese,3
1,1,413,1,Russians,3
1,1,413,1,Italians,2
1,1,413,1,Germans,2
1,1,413,1,Chinese,3
1,1,414,0,Russians,2
1,1,414,0,Italians,2
1,1,414,0,Germans,3
1,1,414,0,Chinese,3
1,1,414,1,Russians,2
1,1,414,1,Italians,3
1,1,414,1,Germans,3
1,1,414,1,Chinese,3
1,1,415,0,Russians,2
1,1,415,0,Italians,2
1,1,415,0,Germans,2
1,1,415,0,Chinese,3
1,1,415,1,Russians,2
1,1,415,1,Italians,2
1,1,415,1,Germans,2
1,1,415,1,Chinese,3
1,1,416,0,Russians,3
1,1,416,0,Italians,2
1,1,416,0,Germans,2
1,1,416,0,Chinese,2
1,1,416,1,Russians,2
1,1,416,1,Italians,3
1,1,416,1,Germans,3
1,1,416,1,Chinese,3
1,1,417,0,Russians,3
1,1,417,0,Italians,3
1,1,417,0,Germans,3
1,1,417,0,Chinese,3
1,1,417,1,Russians,3
1,1,417,1,Italians,3
1,1,417,1,Germans,3
1,1,417,1,Chinese,3
1,1,418,0,Russians,3
1,1,418,0,Italians,3
1,1,418,0,Germans,2
1,1,418,0,Chinese,2
1,1,418,1,Russians,2
1,1,418,1,Italians,2
1,1,418,1,Germans,3
1,1,418,1,Chinese,3
1,1,419,0,Russians,3
1,1,419,0,Italians,3
1,1,419,0,Germans,3
1,1,419,0,Chinese,3
1,1,419,1,Russians,2
1,1,419,1,Italians,3
1,1,419,1,Germans,3
1,1,419,1,Chinese,3
1,1,420,0,Russians,3
1,1,420,0,Italians,3
1,1,420,0,Germans,3
1,1,420,0,Chinese,3
1,1,420,1,Russians,3
1,1,420,1,Italians,2
1,1,420,1,Germans,3
1,1,420,1,Chinese,3
1,1,421,0,Russians,2
1,1,421,0,Italians,2
1,1,421,0,Germans,3
1,1,421,0,Chinese,3
1,1,421,1,Russians,2
1,1,421,1,Italians,3
1,1,421,1,Germans,3
1,1,421,1,Chinese,2
1,1,422,0,Russians,3
1,1,422,0,Italians,3
1,1,422,0,Germans,3
1,1,422,0,Chinese,3
1,1,422,1,Russians,3
1,1,422,1,Italians,2
1,1,422,1,Germans,3
1,1,422,1,Chinese,3
1,1,423,0,Russians,2
1,1,423,0,Italians,3
1,1,423,0,Germans,3
1,1,423,0,Chinese,3
1,1,423,1,Russians,2
1,1,423,1,Italians,2
1,1,423,1,Germans,3
1,1,423,1,Chinese,3
1,1,424,0,Russians,3
1,1,424,0,Italians,2
1,1,424,0,Germans,2
1,1,424,0,Chinese,3
1,1,424,1,Russians,2
1,1,424,1,Italians,3
1,1,424,1,Germans,3
1,1,424,1,Chinese,3
1,1,425,0,Russians,3
1,1,425,0,Italians,2
1,1,425,0,Germans,3
1,1,425,0,Chinese,2
1,1,425,1,Russians,2
1,1,425,1,Italians,3
1,1,425,1,Germans,3
1,1,425,1,Chinese,3
1,1,426,0,Russians,3
1,1,426,0,Italians,3
1,1,426,0,Germans,3
1,1,426,0,Chinese,3
1,1,426,1,Russians,3
1,1,426,1,Italians,2
1,1,426,1,Germans,3
1,1,426,1,Chinese,3
1,1,427,0,Russians,2
1,1,427,0,Italians,2
1,1,427,0,Germans,3
1,1,427,0,Chinese,2
1,1,427,1,Russians,2
1,1,427,1,Italians,3
1,1,427,1,Germans,3
1,1,427,1,Chinese,3
1,1,428,0,Russians,3
1,1,428,0,Italians,3
1,1,428,0,Germans,3
1,1,428,0,Chinese,3
1,1,428,1,Russians,3
1,1,428,1,Italians,3
1,1,428,1,Germans,3
1,1,428,1,Chinese,3
1,1,429,0,Russians,3
1,1,429,0,Italians,3
1,1,429,0,Germans,2
1,1,429,0,Chinese,3
1,1,429,1,Russians,2
1,1,429,1,Italians,3
1,1,429,1,Germans,3
1,1,429,1,Chinese,3
1,1,430,0,Russians,3
1,1,430,0,Italians,3
1,1,430,0,Germans,2
1,1,430,0,Chinese,3
1,1,430,1,Russians,2
1,1,430,1,Italians,3
1,1,430,1,Germans,2
1,1,430,1,Chinese,3
1,1,431,0,Russians,3
1,1,431,0,Italians,2
1,1,431,0,Germans,3
1,1,431,0,Chinese,3
1,1,431,1,Russians,2
1,1,431,1,Italians,2
1,1,431,1,Germans,2
1,1,431,1,Chinese,3
1,2,1,0,Russians,3
1,2,1,0,Italians,3
1,2,1,0,Germans,3
1,2,1,0,Chinese,3
1,2,1,1,Russians,3
1,2,1,1,Italians,3
1,2,1,1,Germans,3
1,2,1,1,Chinese,3
1,2,2,0,Russians,2
1,2,2,0,Italians,3
1,2,2,0,Germans,3
1,2,2,0,Chinese,3
1,2,2,1,Russians,3
1,2,2,1,Italians,3
1,2,2,1,Germans,3
1,2,2,1,Chinese,3
1,2,3,0,Russians,2
1,2,3,0,Italians,2
1,2,3,0,Germans,2
1,2,3,0,Chinese,3
1,2,3,1,Russians,3
1,2,3,1,Italians,2
1,2,3,1,Germans,2
1,2,3,1,Chinese,3
1,2,4,0,Russians,3
1,2,4,0,Italians,3
1,2,4,0,Germans,3
1,2,4,0,Chinese,3
1,2,4,1,Russians,2
1,2,4,1,Italians,3
1,2,4,1,Germans,3
1,2,4,1,Chinese,3
1,2,5,0,Russians,2
1,2,5,0,Italians,2
1,2,5,0,Germans,3
1,2,5,0,Chinese,3
1,2,5,1,Russians,3
1,2,5,1,Italians,2
1,2,5,1,Germans,2
1,2,5,1,Chinese,3
1,2,6,0,Russians,3
1,2,6,0,Italians,2
1,2,6,0,Germans,3
1,2,6,0,Chinese,3
1,2,6,1,Russians,3
1,2,6,1,Italians,3
1,2,6,1,Germans,3
1,2,6,1,Chinese,3
1,2,7,0,Russians,2
1,2,7,0,Italians,3
1,2,7,0,Germans,3
1,2,7,0,Chinese,3
1,2,7,1,Russians,3
1,2,7,1,Italians,3
1,2,7,1,Germans,3
1,2,7,1,Chinese,3
1,2,8,0,Russians,3
1,2,8,0,Italians,3
1,2,8,0,Germans,3
1,2,8,0,Chinese,3
1,2,8,1,Russians,2
1,2,8,1,Italians,3
1,2,8,1,Germans,3
1,2,8,1,Chinese,3
1,2,9,0,Russians,2
1,2,9,0,Italians,3
1,2,9,0,Germans,3
1,2,9,0,Chinese,3
1,2,9,1,Russians,3
1,2,9,1,Italians,3
1,2,9,1,Germans,3
1,2,9,1,Chinese,3
1,2,10,0,Russians,3
1,2,10,0,Italians,2
1,2,10,0,Germans,3
1,2,10,0,Chinese,3
1,2,10,1,Russians,3
1,2,10,1,Italians,2
1,2,10,1,Germans,3
1,2,10,1,Chinese,3
1,2,11,0,Russians,3
1,2,11,0,Italians,3
1,2,11,0,Germans,2
1,2,11,0,Chinese,3
1,2,11,1,Russians,3
1,2,11,1,Italians,3
1,2,11,1,Germans,2
1,2,11,1,Chinese,3
1,2,12,0,Russians,3
1,2,12,0,Italians,2
1,2,12,0,Germans,2
1,2,12,0,Chinese,3
1,2,12,1,Russians,3
1,2,12,1,Italians,2
1,2,12,1,Germans,2
1,2,12,1,Chinese,3
1,2,13,0,Russians,3
1,2,13,0,Italians,3
1,2,13,0,Germans,2
1,2,13,0,Chinese,3
1,2,13,1,Russians,3
1,2,13,1,Italians,3
1,2,13,1,Germans,2
1,2,13,1,Chinese,3
1,2,14,0,Russians,3
1,2,14,0,Italians,2
1,2,14,0,Germans,2
1,2,14,0,Chinese,3
1,2,14,1,Russians,3
1,2,14,1,Italians,2
1,2,14,1,Germans,2
1,2,14,1,Chinese,3
1,2,15,0,Russians,3
1,2,15,0,Italians,3
1,2,15,0,Germans,3
1,2,15,0,Chinese,3
1,2,15,1,Russians,3
1,2,15,1,Italians,3
1,2,15,1,Germans,3
1,2,15,1,Chinese,3
1,2,16,0,Russians,3
1,2,16,0,Italians,2
1,2,16,0,Germans,3
1,2,16,0,Chinese,3
1,2,16,1,Russians,3
1,2,16,1,Italians,2
1,2,16,1,Germans,2
1,2,16,1,Chinese,3
1,2,17,0,Russians,3
1,2,17,0,Italians,3
1,2,17,0,Germans,3
1,2,17,0,Chinese,3
1,2,17,1,Russians,3
1,2,17,1,Italians,2
1,2,17,1,Germans,3
1,2,17,1,Chinese,3
1,2,18,0,Russians,3
1,2,18,0,Italians,3
1,2,18,0,Germans,3
1,2,18,0,Chinese,3
1,2,18,1,Russians,3
1,2,18,1,Italians,3
1,2,18,1,Germans,3
1,2,18,1,Chinese,3
1,2,19,0,Russians,3
1,2,19,0,Italians,3
1,2,19,0,Germans,3
1,2,19,0,Chinese,3
1,2,19,1,Russians,2
1,2,19,1,Italians,3
1,2,19,1,Germans,3
1,2,19,1,Chinese,3
1,2,20,0,Russians,3
1,2,20,0,Italians,3
1,2,20,0,Germans,3
1,2,20,0,Chinese,3
1,2,20,1,Russians,3
1,2,20,1,Italians,3
1,2,20,1,Germans,3
1,2,20,1,Chinese,3
1,2,21,0,Russians,3
1,2,21,0,Italians,3
1,2,21,0,Germans,2
1,2,21,0,Chinese,3
1,2,21,1,Russians,2
1,2,21,1,Italians,3
1,2,21,1,Germans,2
1,2,21,1,Chinese,3
1,2,22,0,Russians,2
1,2,22,0,Italians,2
1,2,22,0,Germans,3
1,2,22,0,Chinese,3
1,2,22,1,Russians,3
1,2,22,1,Italians,2
1,2,22,1,Germans,2
1,2,22,1,Chinese,3
1,2,23,0,Russians,3
1,2,23,0,Italians,2
1,2,23,0,Germans,2
1,2,23,0,Chinese,3
1,2,23,1,Russians,3
1,2,23,1,Italians,2
1,2,23,1,Germans,2
1,2,23,1,Chinese,3
1,2,24,0,Russians,2
1,2,24,0,Italians,3
1,2,24,0,Germans,3
1,2,24,0,Chinese,3
1,2,24,1,Russians,3
1,2,24,1,Italians,3
1,2,24,1,Germans,3
1,2,24,1,Chinese,3
1,2,25,0,Russians,3
1,2,25,0,Italians,2
1,2,25,0,Germans,3
1,2,25,0,Chinese,3
1,2,25,1,Russians,3
1,2,25,1,Italians,2
1,2,25,1,Germans,3
1,2,25,1,Chinese,3
1,2,26,0,Russians,3
1,2,26,0,Italians,3
1,2,26,0,Germans,3
1,2,26,0,Chinese,3
1,2,26,1,Russians,3
1,2,26,1,Italians,2
1,2,26,1,Germans,3
1,2,26,1,Chinese,3
1,2,27,0,Russians,3
1,2,27,0,Italians,3
1,2,27,0,Germans,3
1,2,27,0,Chinese,3
1,2,27,1,Russians,3
1,2,27,1,Italians,3
1,2,27,1,Germans,3
1,2,27,1,Chinese,3
1,2,28,0,Russians,3
1,2,28,0,Italians,2
1,2,28,0,Germans,3
1,2,28,0,Chinese,3
1,2,28,1,Russians,3
1,2,28,1,Italians,2
1,2,28,1,Germans,3
1,2,28,1,Chinese,3
1,2,29,0,Russians,3
1,2,29,0,Italians,3
1,2,29,0,Germans,3
1,2,29,0,Chinese,3
1,2,29,1,Russians,3
1,2,29,1,Italians,2
1,2,29,1,Germans,3
1,2,29,1,Chinese,3
1,2,30,0,Russians,3
1,2,30,0,Italians,2
1,2,30,0,Germans,3
1,2,30,0,Chinese,3
1,2,30,1,Russians,3
1,2,30,1,Italians,2
1,2,30,1,Germans,3
1,2,30,1,Chinese,3
1,2,31,0,Russians,3
1,2,31,0,Italians,3
1,2,31,0,Germans,3
1,2,31,0,Chinese,3
1,2,31,1,Russians,3
1,2,31,1,Italians,2
1,2,31,1,Germans,3
1,2,31,1,Chinese,3
1,2,32,0,Russians,3
1,2,32,0,Italians,3
1,2,32,0,Germans,3
1,2,32,0,Chinese,3
1,2,32,1,Russians,3
1,2,32,1,Italians,3
1,2,32,1,Germans,3
1,2,32,1,Chinese,3
1,2,33,0,Russians,3
1,2,33,0,Italians,3
1,2,33,0,Germans,3
1,2,33,0,Chinese,3
1,2,33,1,Russians,3
1,2,33,1,Italians,3
1,2,33,1,Germans,3
1,2,33,1,Chinese,3
1,2,34,0,Russians,3
1,2,34,0,Italians,2
1,2,34,0,Germans,3
1,2,34,0,Chinese,3
1,2,34,1,Russians,3
1,2,34,1,Italians,2
1,2,34,1,Germans,3
1,2,34,1,Chinese,3
1,2,35,0,Russians,3
1,2,35,0,Italians,2
1,2,35,0,Germans,3
1,2,35,0,Chinese,3
1,2,35,1,Russians,3
1,2,35,1,Italians,2
1,2,35,1,Germans,2
1,2,35,1,Chinese,3
1,2,36,0,Russians,3
1,2,36,0,Italians,2
1,2,36,0,Germans,3
1,2,36,0,Chinese,3
1,2,36,1,Russians,3
1,2,36,1,Italians,2
1,2,36,1,Germans,3
1,2,36,1,Chinese,3
1,2,37,0,Russians,3
1,2,37,0,Italians,3
1,2,37,0,Germans,2
1,2,37,0,Chinese,3
1,2,37,1,Russians,3
1,2,37,1,Italians,2
1,2,37,1,Germans,2
1,2,37,1,Chinese,3
1,2,38,0,Russians,3
1,2,38,0,Italians,2
1,2,38,0,Germans,3
1,2,38,0,Chinese,3
1,2,38,1,Russians,3
1,2,38,1,Italians,2
1,2,38,1,Germans,3
1,2,38,1,Chinese,3
1,2,39,0,Russians,3
1,2,39,0,Italians,2
1,2,39,0,Germans,3
1,2,39,0,Chinese,3
1,2,39,1,Russians,3
1,2,39,1,Italians,2
1,2,39,1,Germans,3
1,2,39,1,Chinese,3
1,2,40,0,Russians,3
1,2,40,0,Italians,3
1,2,40,0,Germans,3
1,2,40,0,Chinese,3
1,2,40,1,Russians,3
1,2,40,1,Italians,3
1,2,40,1,Germans,3
1,2,40,1,Chinese,3
1,2,41,0,Russians,3
1,2,41,0,Italians,3
1,2,41,0,Germans,2
1,2,41,0,Chinese,3
1,2,41,1,Russians,3
1,2,41,1,Italians,3
1,2,41,1,Germans,2
1,2,41,1,Chinese,3
1,2,42,0,Russians,3
1,2,42,0,Italians,3
1,2,42,0,Germans,2
1,2,42,0,Chinese,3
1,2,42,1,Russians,3
1,2,42,1,Italians,3
1,2,42,1,Germans,2
1,2,42,1,Chinese,3
1,2,43,0,Russians,3
1,2,43,0,Italians,2
1,2,43,0,Germans,2
1,2,43,0,Chinese,3
1,2,43,1,Russians,3
1,2,43,1,Italians,2
1,2,43,1,Germans,2
1,2,43,1,Chinese,3
1,2,44,0,Russians,3
1,2,44,0,Italians,2
1,2,44,0,Germans,3
1,2,44,0,Chinese,3
1,2,44,1,Russians,3
1,2,44,1,Italians,2
1,2,44,1,Germans,3
1,2,44,1,Chinese,3
1,2,45,0,Russians,3
1,2,45,0,Italians,2
1,2,45,0,Germans,3
1,2,45,0,Chinese,3
1,2,45,1,Russians,3
1,2,45,1,Italians,2
1,2,45,1,Germans,3
1,2,45,1,Chinese,3
1,2,46,0,Russians,3
1,2,46,0,Italians,3
1,2,46,0,Germans,3
1,2,46,0,Chinese,3
1,2,46,1,Russians,3
1,2,46,1,Italians,3
1,2,46,1,Germans,3
1,2,46,1,Chinese,3
1,2,47,0,Russians,3
1,2,47,0,Italians,3
1,2,47,0,Germans,3
1,2,47,0,Chinese,3
1,2,47,1,Russians,3
1,2,47,1,Italians,2
1,2,47,1,Germans,3
1,2,47,1,Chinese,3
1,2,48,0,Russians,3
1,2,48,0,Italians,2
1,2,48,0,Germans,2
1,2,48,0,Chinese,3
1,2,48,1,Russians,3
1,2,48,1,Italians,2
1,2,48,1,Germans,2
1,2,48,1,Chinese,3
1,2,49,0,Russians,3
1,2,49,0,Italians,2
1,2,49,0,Germans,3
1,2,49,0,Chinese,3
1,2,49,1,Russians,3
1,2,49,1,Italians,2
1,2,49,1,Germans,3
1,2,49,1,Chinese,3
1,2,50,0,Russians,3
1,2,50,0,Italians,2
1,2,50,0,Germans,2
1,2,50,0,Chinese,3
1,2,50,1,Russians,3
1,2,50,1,Italians,2
1,2,50,1,Germans,2
1,2,50,1,Chinese,3
1,2,51,0,Russians,3
1,2,51,0,Italians,2
1,2,51,0,Germans,3
1,2,51,0,Chinese,3
1,2,51,1,Russians,3
1,2,51,1,Italians,2
1,2,51,1,Germans,3
1,2,51,1,Chinese,3
1,2,52,0,Russians,3
1,2,52,0,Italians,3
1,2,52,0,Germans,3
1,2,52,0,Chinese,3
1,2,52,1,Russians,3
1,2,52,1,Italians,3
1,2,52,1,Germans,3
1,2,52,1,Chinese,3
1,2,53,0,Russians,3
1,2,53,0,Italians,2
1,2,53,0,Germans,3
1,2,53,0,Chinese,3
1,2,53,1,Russians,3
1,2,53,1,Italians,2
1,2,53,1,Germans,3
1,2,53,1,Chinese,3
1,2,54,0,Russians,3
1,2,54,0,Italians,3
1,2,54,0,Germans,3
1,2,54,0,Chinese,3
1,2,54,1,Russians,3
1,2,54,1,Italians,3
1,2,54,1,Germans,3
1,2,54,1,Chinese,3
1,2,55,0,Russians,3
1,2,55,0,Italians,3
1,2,55,0,Germans,3
1,2,55,0,Chinese,3
1,2,55,1,Russians,3
1,2,55,1,Italians,3
1,2,55,1,Germans,3
1,2,55,1,Chinese,3
1,2,56,0,Russians,3
1,2,56,0,Italians,3
1,2,56,0,Germans,2
1,2,56,0,Chinese,3
1,2,56,1,Russians,3
1,2,56,1,Italians,3
1,2,56,1,Germans,2
1,2,56,1,Chinese,3
1,2,57,0,Russians,3
1,2,57,0,Italians,2
1,2,57,0,Germans,3
1,2,57,0,Chinese,3
1,2,57,1,Russians,3
1,2,57,1,Italians,2
1,2,57,1,Germans,3
1,2,57,1,Chinese,3
1,2,58,0,Russians,3
1,2,58,0,Italians,3
1,2,58,0,Germans,3
1,2,58,0,Chinese,3
1,2,58,1,Russians,3
1,2,58,1,Italians,3
1,2,58,1,Germans,3
1,2,58,1,Chinese,3
1,2,59,0,Russians,3
1,2,59,0,Italians,2
1,2,59,0,Germans,3
1,2,59,0,Chinese,3
1,2,59,1,Russians,3
1,2,59,1,Italians,2
1,2,59,1,Germans,3
1,2,59,1,Chinese,3
1,2,60,0,Russians,3
1,2,60,0,Italians,3
1,2,60,0,Germans,3
1,2,60,0,Chinese,3
1,2,60,1,Russians,3
1,2,60,1,Italians,3
1,2,60,1,Germans,3
1,2,60,1,Chinese,3
1,2,61,0,Russians,3
1,2,61,0,Italians,3
1,2,61,0,Germans,2
1,2,61,0,Chinese,3
1,2,61,1,Russians,3
1,2,61,1,Italians,3
1,2,61,1,Germans,2
1,2,61,1,Chinese,3
1,2,62,0,Russians,3
1,2,62,0,Italians,3
1,2,62,0,Germans,3
1,2,62,0,Chinese,3
1,2,62,1,Russians,3
1,2,62,1,Italians,3
1,2,62,1,Germans,3
1,2,62,1,Chinese,3
1,2,63,0,Russians,3
1,2,63,0,Italians,2
1,2,63,0,Germans,3
1,2,63,0,Chinese,3
1,2,63,1,Russians,3
1,2,63,1,Italians,2
1,2,63,1,Germans,3
1,2,63,1,Chinese,3
1,2,64,0,Russians,3
1,2,64,0,Italians,2
1,2,64,0,Germans,2
1,2,64,0,Chinese,3
1,2,64,1,Russians,3
1,2,64,1,Italians,2
1,2,64,1,Germans,2
1,2,64,1,Chinese,3
1,2,65,0,Russians,3
1,2,65,0,Italians,3
1,2,65,0,Germans,3
1,2,65,0,Chinese,3
1,2,65,1,Russians,3
1,2,65,1,Italians,3
1,2,65,1,Germans,3
1,2,65,1,Chinese,3
1,2,66,0,Russians,3
1,2,66,0,Italians,2
1,2,66,0,Germans,2
1,2,66,0,Chinese,3
1,2,66,1,Russians,3
1,2,66,1,Italians,2
1,2,66,1,Germans,2
1,2,66,1,Chinese,3
1,2,67,0,Russians,3
1,2,67,0,Italians,3
1,2,67,0,Germans,3
1,2,67,0,Chinese,3
1,2,67,1,Russians,3
1,2,67,1,Italians,3
1,2,67,1,Germans,3
1,2,67,1,Chinese,3
1,2,68,0,Russians,3
1,2,68,0,Italians,3
1,2,68,0,Germans,3
1,2,68,0,Chinese,3
1,2,68,1,Russians,3
1,2,68,1,Italians,3
1,2,68,1,Germans,3
1,2,68,1,Chinese,3
1,2,69,0,Russians,3
1,2,69,0,Italians,3
1,2,69,0,Germans,2
1,2,69,0,Chinese,3
1,2,69,1,Russians,3
1,2,69,1,Italians,3
1,2,69,1,Germans,2
1,2,69,1,Chinese,3
1,2,70,0,Russians,3
1,2,70,0,Italians,3
1,2,70,0,Germans,3
1,2,70,0,Chinese,3
1,2,70,1,Russians,3
1,2,70,1,Italians,3
1,2,70,1,Germans,3
1,2,70,1,Chinese,3
1,2,71,0,Russians,3
1,2,71,0,Italians,3
1,2,71,0,Germans,3
1,2,71,0,Chinese,3
1,2,71,1,Russians,3
1,2,71,1,Italians,3
1,2,71,1,Germans,3
1,2,71,1,Chinese,3
1,2,72,0,Russians,3
1,2,72,0,Italians,2
1,2,72,0,Germans,3
1,2,72,0,Chinese,3
1,2,72,1,Russians,3
1,2,72,1,Italians,2
1,2,72,1,Germans,3
1,2,72,1,Chinese,3
1,2,73,0,Russians,3
1,2,73,0,Italians,2
1,2,73,0,Germans,3
1,2,73,0,Chinese,3
1,2,73,1,Russians,3
1,2,73,1,Italians,2
1,2,73,1,Germans,2
1,2,73,1,Chinese,3
1,2,74,0,Russians,3
1,2,74,0,Italians,3
1,2,74,0,Germans,3
1,2,74,0,Chinese,3
1,2,74,1,Russians,3
1,2,74,1,Italians,3
1,2,74,1,Germans,3
1,2,74,1,Chinese,3
1,2,75,0,Russians,3
1,2,75,0,Italians,3
1,2,75,0,Germans,2
1,2,75,0,Chinese,3
1,2,75,1,Russians,3
1,2,75,1,Italians,3
1,2,75,1,Germans,2
1,2,75,1,Chinese,3
1,2,76,0,Russians,3
1,2,76,0,Italians,3
1,2,76,0,Germans,2
1,2,76,0,Chinese,3
1,2,76,1,Russians,3
1,2,76,1,Italians,3
1,2,76,1,Germans,2
1,2,76,1,Chinese,3
1,2,77,0,Russians,3
1,2,77,0,Italians,3
1,2,77,0,Germans,3
1,2,77,0,Chinese,3
1,2,77,1,Russians,3
1,2,77,1,Italians,2
1,2,77,1,Germans,3
1,2,77,1,Chinese,3
1,2,78,0,Russians,3
1,2,78,0,Italians,2
1,2,78,0,Germans,3
1,2,78,0,Chinese,3
1,2,78,1,Russians,3
1,2,78,1,Italians,2
1,2,78,1,Germans,3
1,2,78,1,Chinese,3
1,2,79,0,Russians,3
1,2,79,0,Italians,3
1,2,79,0,Germans,3
1,2,79,0,Chinese,3
1,2,79,1,Russians,3
1,2,79,1,Italians,3
1,2,79,1,Germans,3
1,2,79,1,Chinese,3
1,2,80,0,Russians,3
1,2,80,0,Italians,3
1,2,80,0,Germans,3
1,2,80,0,Chinese,3
1,2,80,1,Russians,3
1,2,80,1,Italians,3
1,2,80,1,Germans,3
1,2,80,1,Chinese,3
1,2,81,0,Russians,3
1,2,81,0,Italians,3
1,2,81,0,Germans,2
1,2,81,0,Chinese,3
1,2,81,1,Russians,3
1,2,81,1,Italians,3
1,2,81,1,Germans,2
1,2,81,1,Chinese,3
1,2,82,0,Russians,3
1,2,82,0,Italians,3
1,2,82,0,Germans,2
1,2,82,0,Chinese,3
1,2,82,1,Russians,3
1,2,82,1,Italians,3
1,2,82,1,Germans,2
1,2,82,1,Chinese,3
1,2,83,0,Russians,3
1,2,83,0,Italians,3
1,2,83,0,Germans,3
1,2,83,0,Chinese,3
1,2,83,1,Russians,3
1,2,83,1,Italians,2
1,2,83,1,Germans,3
1,2,83,1,Chinese,3
1,2,84,0,Russians,3
1,2,84,0,Italians,2
1,2,84,0,Germans,3
1,2,84,0,Chinese,3
1,2,84,1,Russians,3
1,2,84,1,Italians,2
1,2,84,1,Germans,3
1,2,84,1,Chinese,3
1,2,85,0,Russians,3
1,2,85,0,Italians,2
1,2,85,0,Germans,3
1,2,85,0,Chinese,3
1,2,85,1,Russians,3
1,2,85,1,Italians,2
1,2,85,1,Germans,3
1,2,85,1,Chinese,3
1,2,86,0,Russians,3
1,2,86,0,Italians,3
1,2,86,0,Germans,3
1,2,86,0,Chinese,3
1,2,86,1,Russians,3
1,2,86,1,Italians,3
1,2,86,1,Germans,3
1,2,86,1,Chinese,3
1,2,87,0,Russians,3
1,2,87,0,Italians,3
1,2,87,0,Germans,2
1,2,87,0,Chinese,3
1,2,87,1,Russians,3
1,2,87,1,Italians,3
1,2,87,1,Germans,2
1,2,87,1,Chinese,3
1,2,88,0,Russians,3
1,2,88,0,Italians,3
1,2,88,0,Germans,3
1,2,88,0,Chinese,3
1,2,88,1,Russians,3
1,2,88,1,Italians,3
1,2,88,1,Germans,3
1,2,88,1,Chinese,3
1,2,89,0,Russians,3
1,2,89,0,Italians,3
1,2,89,0,Germans,3
1,2,89,0,Chinese,3
1,2,89,1,Russians,3
1,2,89,1,Italians,2
1,2,89,1,Germans,3
1,2,89,1,Chinese,3
1,2,90,0,Russians,3
1,2,90,0,Italians,3
1,2,90,0,Germans,3
1,2,90,0,Chinese,3
1,2,90,1,Russians,3
1,2,90,1,Italians,3
1,2,90,1,Germans,3
1,2,90,1,Chinese,3
1,2,91,0,Russians,3
1,2,91,0,Italians,2
1,2,91,0,Germans,3
1,2,91,0,Chinese,3
1,2,91,1,Russians,3
1,2,91,1,Italians,2
1,2,91,1,Germans,3
1,2,91,1,Chinese,3
1,2,92,0,Russians,3
1,2,92,0,Italians,3
1,2,92,0,Germans,3
1,2,92,0,Chinese,3
1,2,92,1,Russians,3
1,2,92,1,Italians,3
1,2,92,1,Germans,3
1,2,92,1,Chinese,3
1,2,93,0,Russians,3
1,2,93,0,Italians,3
1,2,93,0,Germans,3
1,2,93,0,Chinese,3
1,2,93,1,Russians,3
1,2,93,1,Italians,2
1,2,93,1,Germans,3
1,2,93,1,Chinese,3
1,2,94,0,Russians,3
1,2,94,0,Italians,3
1,2,94,0,Germans,3
1,2,94,0,Chinese,3
1,2,94,1,Russians,3
1,2,94,1,Italians,3
1,2,94,1,Germans,3
1,2,94,1,Chinese,3
1,2,95,0,Russians,3
1,2,95,0,Italians,2
1,2,95,0,Germans,3
1,2,95,0,Chinese,3
1,2,95,1,Russians,3
1,2,95,1,Italians,2
1,2,95,1,Germans,3
1,2,95,1,Chinese,3
1,2,96,0,Russians,3
1,2,96,0,Italians,2
1,2,96,0,Germans,2
1,2,96,0,Chinese,3
1,2,96,1,Russians,3
1,2,96,1,Italians,2
1,2,96,1,Germans,2
1,2,96,1,Chinese,3
1,2,97,0,Russians,3
1,2,97,0,Italians,3
1,2,97,0,Germans,3
1,2,97,0,Chinese,3
1,2,97,1,Russians,3
1,2,97,1,Italians,2
1,2,97,1,Germans,3
1,2,97,1,Chinese,3
1,2,98,0,Russians,3
1,2,98,0,Italians,2
1,2,98,0,Germans,3
1,2,98,0,Chinese,3
1,2,98,1,Russians,3
1,2,98,1,Italians,2
1,2,98,1,Germans,3
1,2,98,1,Chinese,3
1,2,99,0,Russians,3
1,2,99,0,Italians,2
1,2,99,0,Germans,2
1,2,99,0,Chinese,3
1,2,99,1,Russians,3
1,2,99,1,Italians,2
1,2,99,1,Germans,2
1,2,99,1,Chinese,3
1,2,100,0,Russians,3
1,2,100,0,Italians,2
1,2,100,0,Germans,3
1,2,100,0,Chinese,3
1,2,100,1,Russians,3
1,2,100,1,Italians,2
1,2,100,1,Germans,3
1,2,100,1,Chinese,3
1,2,101,0,Russians,3
1,2,101,0,Italians,3
1,2,101,0,Germans,3
1,2,101,0,Chinese,3
1,2,101,1,Russians,3
1,2,101,1,Italians,2
1,2,101,1,Germans,3
1,2,101,1,Chinese,3
1,2,102,0,Russians,3
1,2,102,0,Italians,3
1,2,102,0,Germans,2
1,2,102,0,Chinese,3
1,2,102,1,Russians,3
1,2,102,1,Italians,3
1,2,102,1,Germans,2
1,2,102,1,Chinese,3
1,2,103,0,Russians,3
1,2,103,0,Italians,3
1,2,103,0,Germans,2
1,2,103,0,Chinese,3
1,2,103,1,Russians,3
1,2,103,1,Italians,2
1,2,103,1,Germans,2
1,2,103,1,Chinese,3
1,2,104,0,Russians,3
1,2,104,0,Italians,3
1,2,104,0,Germans,3
1,2,104,0,Chinese,3
1,2,104,1,Russians,3
1,2,104,1,Italians,3
1,2,104,1,Germans,3
1,2,104,1,Chinese,3
1,2,105,0,Russians,3
1,2,105,0,Italians,3
1,2,105,0,Germans,2
1,2,105,0,Chinese,3
1,2,105,1,Russians,3
1,2,105,1,Italians,3
1,2,105,1,Germans,2
1,2,105,1,Chinese,3
1,2,106,0,Russians,3
1,2,106,0,Italians,3
1,2,106,0,Germans,3
1,2,106,0,Chinese,3
1,2,106,1,Russians,3
1,2,106,1,Italians,3
1,2,106,1,Germans,3
1,2,106,1,Chinese,3
1,2,107,0,Russians,3
1,2,107,0,Italians,2
1,2,107,0,Germans,3
1,2,107,0,Chinese,3
1,2,107,1,Russians,3
1,2,107,1,Italians,2
1,2,107,1,Germans,3
1,2,107,1,Chinese,3
1,2,108,0,Russians,3
1,2,108,0,Italians,3
1,2,108,0,Germans,3
1,2,108,0,Chinese,3
1,2,108,1,Russians,3
1,2,108,1,Italians,3
1,2,108,1,Germans,3
1,2,108,1,Chinese,3
1,2,109,0,Russians,3
1,2,109,0,Italians,2
1,2,109,0,Germans,3
1,2,109,0,Chinese,3
1,2,109,1,Russians,3
1,2,109,1,Italians,2
1,2,109,1,Germans,2
1,2,109,1,Chinese,3
1,2,110,0,Russians,3
1,2,110,0,Italians,3
1,2,110,0,Germans,3
1,2,110,0,Chinese,3
1,2,110,1,Russians,3
1,2,110,1,Italians,3
1,2,110,1,Germans,3
1,2,110,1,Chinese,3
1,2,111,0,Russians,3
1,2,111,0,Italians,3
1,2,111,0,Germans,3
1,2,111,0,Chinese,3
1,2,111,1,Russians,3
1,2,111,1,Italians,3
1,2,111,1,Germans,3
1,2,111,1,Chinese,3
1,2,112,0,Russians,3
1,2,112,0,Italians,3
1,2,112,0,Germans,3
1,2,112,0,Chinese,3
1,2,112,1,Russians,3
1,2,112,1,Italians,3
1,2,112,1,Germans,3
1,2,112,1,Chinese,3
1,2,113,0,Russians,3
1,2,113,0,Italians,3
1,2,113,0,Germans,2
1,2,113,0,Chinese,3
1,2,113,1,Russians,3
1,2,113,1,Italians,3
1,2,113,1,Germans,2
1,2,113,1,Chinese,3
1,2,114,0,Russians,3
1,2,114,0,Italians,3
1,2,114,0,Germans,2
1,2,114,0,Chinese,3
1,2,114,1,Russians,3
1,2,114,1,Italians,3
1,2,114,1,Germans,2
1,2,114,1,Chinese,3
1,2,115,0,Russians,3
1,2,115,0,Italians,2
1,2,115,0,Germans,2
1,2,115,0,Chinese,3
1,2,115,1,Russians,3
1,2,115,1,Italians,2
1,2,115,1,Germans,2
1,2,115,1,Chinese,3
1,2,116,0,Russians,3
1,2,116,0,Italians,2
1,2,116,0,Germans,3
1,2,116,0,Chinese,3
1,2,116,1,Russians,3
1,2,116,1,Italians,2
1,2,116,1,Germans,3
1,2,116,1,Chinese,3
1,2,117,0,Russians,3
1,2,117,0,Italians,3
1,2,117,0,Germans,3
1,2,117,0,Chinese,3
1,2,117,1,Russians,3
1,2,117,1,Italians,2
1,2,117,1,Germans,3
1,2,117,1,Chinese,3
1,2,118,0,Russians,3
1,2,118,0,Italians,2
1,2,118,0,Germans,3
1,2,118,0,Chinese,3
1,2,118,1,Russians,3
1,2,118,1,Italians,2
1,2,118,1,Germans,3
1,2,118,1,Chinese,3
1,2,119,0,Russians,3
1,2,119,0,Italians,3
1,2,119,0,Germans,3
1,2,119,0,Chinese,3
1,2,119,1,Russians,3
1,2,119,1,Italians,2
1,2,119,1,Germans,3
1,2,119,1,Chinese,3
1,2,120,0,Russians,3
1,2,120,0,Italians,3
1,2,120,0,Germans,2
1,2,120,0,Chinese,3
1,2,120,1,Russians,3
1,2,120,1,Italians,3
1,2,120,1,Germans,2
1,2,120,1,Chinese,3
1,2,121,0,Russians,3
1,2,121,0,Italians,3
1,2,121,0,Germans,2
1,2,121,0,Chinese,3
1,2,121,1,Russians,3
1,2,121,1,Italians,3
1,2,121,1,Germans,2
1,2,121,1,Chinese,3
1,2,122,0,Russians,3
1,2,122,0,Italians,3
1,2,122,0,Germans,3
1,2,122,0,Chinese,3
1,2,122,1,Russians,3
1,2,122,1,Italians,3
1,2,122,1,Germans,3
1,2,122,1,Chinese,3
1,2,123,0,Russians,3
1,2,123,0,Italians,3
1,2,123,0,Germans,3
1,2,123,0,Chinese,3
1,2,123,1,Russians,3
1,2,123,1,Italians,3
1,2,123,1,Germans,3
1,2,123,1,Chinese,3
1,2,124,0,Russians,3
1,2,124,0,Italians,3
1,2,124,0,Germans,3
1,2,124,0,Chinese,3
1,2,124,1,Russians,3
1,2,124,1,Italians,3
1,2,124,1,Germans,3
1,2,124,1,Chinese,3
1,2,125,0,Russians,3
1,2,125,0,Italians,2
1,2,125,0,Germans,3
1,2,125,0,Chinese,3
1,2,125,1,Russians,3
1,2,125,1,Italians,2
1,2,125,1,Germans,3
1,2,125,1,Chinese,3
1,2,126,0,Russians,3
1,2,126,0,Italians,3
1,2,126,0,Germans,2
1,2,126,0,Chinese,3
1,2,126,1,Russians,3
1,2,126,1,Italians,3
1,2,126,1,Germans,2
1,2,126,1,Chinese,3
1,2,127,0,Russians,3
1,2,127,0,Italians,2
1,2,127,0,Germans,2
1,2,127,0,Chinese,3
1,2,127,1,Russians,3
1,2,127,1,Italians,2
1,2,127,1,Germans,2
1,2,127,1,Chinese,3
1,2,128,0,Russians,3
1,2,128,0,Italians,3
1,2,128,0,Germans,2
1,2,128,0,Chinese,3
1,2,128,1,Russians,3
1,2,128,1,Italians,3
1,2,128,1,Germans,2
1,2,128,1,Chinese,3
1,2,129,0,Russians,3
1,2,129,0,Italians,2
1,2,129,0,Germans,2
1,2,129,0,Chinese,3
1,2,129,1,Russians,3
1,2,129,1,Italians,2
1,2,129,1,Germans,2
1,2,129,1,Chinese,3
1,2,130,0,Russians,3
1,2,130,0,Italians,2
1,2,130,0,Germans,3
1,2,130,0,Chinese,3
1,2,130,1,Russians,3
1,2,130,1,Italians,2
1,2,130,1,Germans,2
1,2,130,1,Chinese,3
1,2,131,0,Russians,3
1,2,131,0,Italians,2
1,2,131,0,Germans,3
1,2,131,0,Chinese,3
1,2,131,1,Russians,3
1,2,131,1,Italians,2
1,2,131,1,Germans,3
1,2,131,1,Chinese,3
1,2,132,0,Russians,3
1,2,132,0,Italians,2
1,2,132,0,Germans,3
1,2,132,0,Chinese,3
1,2,132,1,Russians,3
1,2,132,1,Italians,2
1,2,132,1,Germans,3
1,2,132,1,Chinese,3
1,2,133,0,Russians,3
1,2,133,0,Italians,2
1,2,133,0,Germans,2
1,2,133,0,Chinese,3
1,2,133,1,Russians,3
1,2,133,1,Italians,2
1,2,133,1,Germans,2
1,2,133,1,Chinese,3
1,2,134,0,Russians,3
1,2,134,0,Italians,2
1,2,134,0,Germans,2
1,2,134,0,Chinese,3
1,2,134,1,Russians,3
1,2,134,1,Italians,2
1,2,134,1,Germans,2
1,2,134,1,Chinese,3
1,2,135,0,Russians,3
1,2,135,0,Italians,3
1,2,135,0,Germans,2
1,2,135,0,Chinese,3
1,2,135,1,Russians,3
1,2,135,1,Italians,2
1,2,135,1,Germans,2
1,2,135,1,Chinese,3
1,2,136,0,Russians,3
1,2,136,0,Italians,3
1,2,136,0,Germans,3
1,2,136,0,Chinese,3
1,2,136,1,Russians,3
1,2,136,1,Italians,3
1,2,136,1,Germans,3
1,2,136,1,Chinese,3
1,2,137,0,Russians,3
1,2,137,0,Italians,3
1,2,137,0,Germans,3
1,2,137,0,Chinese,3
1,2,137,1,Russians,3
1,2,137,1,Italians,2
1,2,137,1,Germans,3
1,2,137,1,Chinese,3
1,2,138,0,Russians,3
1,2,138,0,Italians,3
1,2,138,0,Germans,3
1,2,138,0,Chinese,3
1,2,138,1,Russians,3
1,2,138,1,Italians,3
1,2,138,1,Germans,3
1,2,138,1,Chinese,3
1,2,139,0,Russians,3
1,2,139,0,Italians,3
1,2,139,0,Germans,3
1,2,139,0,Chinese,3
1,2,139,1,Russians,3
1,2,139,1,Italians,2
1,2,139,1,Germans,3
1,2,139,1,Chinese,3
1,2,140,0,Russians,3
1,2,140,0,Italians,3
1,2,140,0,Germans,3
1,2,140,0,Chinese,3
1,2,140,1,Russians,3
1,2,140,1,Italians,3
1,2,140,1,Germans,3
1,2,140,1,Chinese,3
1,2,141,0,Russians,3
1,2,141,0,Italians,3
1,2,141,0,Germans,2
1,2,141,0,Chinese,3
1,2,141,1,Russians,3
1,2,141,1,Italians,3
1,2,141,1,Germans,2
1,2,141,1,Chinese,3
1,2,142,0,Russians,3
1,2,142,0,Italians,2
1,2,142,0,Germans,2
1,2,142,0,Chinese,3
1,2,142,1,Russians,3
1,2,142,1,Italians,2
1,2,142,1,Germans,2
1,2,142,1,Chinese,3
1,2,143,0,Russians,3
1,2,143,0,Italians,2
1,2,143,0,Germans,3
1,2,143,0,Chinese,3
1,2,143,1,Russians,3
1,2,143,1,Italians,2
1,2,143,1,Germans,3
1,2,143,1,Chinese,3
1,2,144,0,Russians,3
1,2,144,0,Italians,2
1,2,144,0,Germans,2
1,2,144,0,Chinese,3
1,2,144,1,Russians,3
1,2,144,1,Italians,2
1,2,144,1,Germans,2
1,2,144,1,Chinese,3
1,2,145,0,Russians,3
1,2,145,0,Italians,3
1,2,145,0,Germans,3
1,2,145,0,Chinese,3
1,2,145,1,Russians,3
1,2,145,1,Italians,3
1,2,145,1,Germans,3
1,2,145,1,Chinese,3
1,2,146,0,Russians,3
1,2,146,0,Italians,3
1,2,146,0,Germans,2
1,2,146,0,Chinese,3
1,2,146,1,Russians,3
1,2,146,1,Italians,3
1,2,146,1,Germans,2
1,2,146,1,Chinese,3
1,2,147,0,Russians,3
1,2,147,0,Italians,3
1,2,147,0,Germans,2
1,2,147,0,Chinese,3
1,2,147,1,Russians,3
1,2,147,1,Italians,3
1,2,147,1,Germans,2
1,2,147,1,Chinese,3
1,2,148,0,Russians,3
1,2,148,0,Italians,3
1,2,148,0,Germans,2
1,2,148,0,Chinese,3
1,2,148,1,Russians,3
1,2,148,1,Italians,3
1,2,148,1,Germans,2
1,2,148,1,Chinese,3
1,2,149,0,Russians,3
1,2,149,0,Italians,3
1,2,149,0,Germans,3
1,2,149,0,Chinese,3
1,2,149,1,Russians,3
1,2,149,1,Italians,3
1,2,149,1,Germans,3
1,2,149,1,Chinese,3
1,2,150,0,Russians,3
1,2,150,0,Italians,2
1,2,150,0,Germans,3
1,2,150,0,Chinese,3
1,2,150,1,Russians,3
1,2,150,1,Italians,2
1,2,150,1,Germans,3
1,2,150,1,Chinese,3
1,2,151,0,Russians,3
1,2,151,0,Italians,3
1,2,151,0,Germans,2
1,2,151,0,Chinese,3
1,2,151,1,Russians,3
1,2,151,1,Italians,3
1,2,151,1,Germans,2
1,2,151,1,Chinese,3
1,2,152,0,Russians,3
1,2,152,0,Italians,2
1,2,152,0,Germans,2
1,2,152,0,Chinese,3
1,2,152,1,Russians,3
1,2,152,1,Italians,2
1,2,152,1,Germans,2
1,2,152,1,Chinese,3
1,2,153,0,Russians,3
1,2,153,0,Italians,3
1,2,153,0,Germans,2
1,2,153,0,Chinese,3
1,2,153,1,Russians,3
1,2,153,1,Italians,3
1,2,153,1,Germans,2
1,2,153,1,Chinese,3
1,2,154,0,Russians,3
1,2,154,0,Italians,3
1,2,154,0,Germans,2
1,2,154,0,Chinese,3
1,2,154,1,Russians,3
1,2,154,1,Italians,3
1,2,154,1,Germans,2
1,2,154,1,Chinese,3
1,2,155,0,Russians,3
1,2,155,0,Italians,3
1,2,155,0,Germans,3
1,2,155,0,Chinese,3
1,2,155,1,Russians,3
1,2,155,1,Italians,3
1,2,155,1,Germans,3
1,2,155,1,Chinese,3
1,2,156,0,Russians,3
1,2,156,0,Italians,2
1,2,156,0,Germans,3
1,2,156,0,Chinese,3
1,2,156,1,Russians,3
1,2,156,1,Italians,2
1,2,156,1,Germans,2
1,2,156,1,Chinese,3
1,2,157,0,Russians,3
1,2,157,0,Italians,3
1,2,157,0,Germans,2
1,2,157,0,Chinese,3
1,2,157,1,Russians,3
1,2,157,1,Italians,3
1,2,157,1,Germans,2
1,2,157,1,Chinese,3
1,2,158,0,Russians,3
1,2,158,0,Italians,3
1,2,158,0,Germans,3
1,2,158,0,Chinese,3
1,2,158,1,Russians,3
1,2,158,1,Italians,3
1,2,158,1,Germans,3
1,2,158,1,Chinese,3
1,2,159,0,Russians,3
1,2,159,0,Italians,2
1,2,159,0,Germans,2
1,2,159,0,Chinese,3
1,2,159,1,Russians,3
1,2,159,1,Italians,2
1,2,159,1,Germans,2
1,2,159,1,Chinese,3
1,2,160,0,Russians,3
1,2,160,0,Italians,3
1,2,160,0,Germans,2
1,2,160,0,Chinese,3
1,2,160,1,Russians,3
1,2,160,1,Italians,3
1,2,160,1,Germans,2
1,2,160,1,Chinese,3
1,2,161,0,Russians,3
1,2,161,0,Italians,3
1,2,161,0,Germans,3
1,2,161,0,Chinese,3
1,2,161,1,Russians,3
1,2,161,1,Italians,3
1,2,161,1,Germans,3
1,2,161,1,Chinese,3
1,2,162,0,Russians,3
1,2,162,0,Italians,3
1,2,162,0,Germans,3
1,2,162,0,Chinese,3
1,2,162,1,Russians,3
1,2,162,1,Italians,3
1,2,162,1,Germans,3
1,2,162,1,Chinese,3
1,2,163,0,Russians,3
1,2,163,0,Italians,2
1,2,163,0,Germans,2
1,2,163,0,Chinese,3
1,2,163,1,Russians,3
1,2,163,1,Italians,2
1,2,163,1,Germans,2
1,2,163,1,Chinese,3
1,2,164,0,Russians,3
1,2,164,0,Italians,2
1,2,164,0,Germans,3
1,2,164,0,Chinese,3
1,2,164,1,Russians,3
1,2,164,1,Italians,2
1,2,164,1,Germans,2
1,2,164,1,Chinese,3
1,2,165,0,Russians,3
1,2,165,0,Italians,3
1,2,165,0,Germans,2
1,2,165,0,Chinese,3
1,2,165,1,Russians,3
1,2,165,1,Italians,3
1,2,165,1,Germans,2
1,2,165,1,Chinese,3
1,2,166,0,Russians,3
1,2,166,0,Italians,2
1,2,166,0,Germans,3
1,2,166,0,Chinese,3
1,2,166,1,Russians,3
1,2,166,1,Italians,2
1,2,166,1,Germans,3
1,2,166,1,Chinese,3
1,2,167,0,Russians,3
1,2,167,0,Italians,2
1,2,167,0,Germans,2
1,2,167,0,Chinese,3
1,2,167,1,Russians,3
1,2,167,1,Italians,2
1,2,167,1,Germans,2
1,2,167,1,Chinese,3
1,2,168,0,Russians,3
1,2,168,0,Italians,2
1,2,168,0,Germans,3
1,2,168,0,Chinese,3
1,2,168,1,Russians,3
1,2,168,1,Italians,2
1,2,168,1,Germans,3
1,2,168,1,Chinese,3
1,2,169,0,Russians,3
1,2,169,0,Italians,2
1,2,169,0,Germans,2
1,2,169,0,Chinese,3
1,2,169,1,Russians,3
1,2,169,1,Italians,2
1,2,169,1,Germans,2
1,2,169,1,Chinese,3
1,2,170,0,Russians,3
1,2,170,0,Italians,2
1,2,170,0,Germans,2
1,2,170,0,Chinese,3
1,2,170,1,Russians,3
1,2,170,1,Italians,2
1,2,170,1,Germans,2
1,2,170,1,Chinese,3
1,2,171,0,Russians,3
1,2,171,0,Italians,3
1,2,171,0,Germans,2
1,2,171,0,Chinese,3
1,2,171,1,Russians,3
1,2,171,1,Italians,3
1,2,171,1,Germans,2
1,2,171,1,Chinese,3
1,2,172,0,Russians,3
1,2,172,0,Italians,2
1,2,172,0,Germans,3
1,2,172,0,Chinese,3
1,2,172,1,Russians,3
1,2,172,1,Italians,2
1,2,172,1,Germans,3
1,2,172,1,Chinese,3
1,2,173,0,Russians,3
1,2,173,0,Italians,2
1,2,173,0,Germans,3
1,2,173,0,Chinese,3
1,2,173,1,Russians,3
1,2,173,1,Italians,2
1,2,173,1,Germans,3
1,2,173,1,Chinese,3
1,2,174,0,Russians,3
1,2,174,0,Italians,3
1,2,174,0,Germans,2
1,2,174,0,Chinese,3
1,2,174,1,Russians,3
1,2,174,1,Italians,2
1,2,174,1,Germans,2
1,2,174,1,Chinese,3
1,2,175,0,Russians,3
1,2,175,0,Italians,2
1,2,175,0,Germans,2
1,2,175,0,Chinese,3
1,2,175,1,Russians,3
1,2,175,1,Italians,2
1,2,175,1,Germans,2
1,2,175,1,Chinese,3
1,2,176,0,Russians,3
1,2,176,0,Italians,2
1,2,176,0,Germans,3
1,2,176,0,Chinese,3
1,2,176,1,Russians,3
1,2,176,1,Italians,2
1,2,176,1,Germans,3
1,2,176,1,Chinese,3
1,2,177,0,Russians,3
1,2,177,0,Italians,3
1,2,177,0,Germans,3
1,2,177,0,Chinese,3
1,2,177,1,Russians,3
1,2,177,1,Italians,3
1,2,177,1,Germans,3
1,2,177,1,Chinese,3
1,2,178,0,Russians,3
1,2,178,0,Italians,3
1,2,178,0,Germans,3
1,2,178,0,Chinese,3
1,2,178,1,Russians,3
1,2,178,1,Italians,2
1,2,178,1,Germans,3
1,2,178,1,Chinese,3
1,2,179,0,Russians,3
1,2,179,0,Italians,2
1,2,179,0,Germans,3
1,2,179,0,Chinese,3
1,2,179,1,Russians,3
1,2,179,1,Italians,2
1,2,179,1,Germans,3
1,2,179,1,Chinese,3
1,2,180,0,Russians,3
1,2,180,0,Italians,2
1,2,180,0,Germans,2
1,2,180,0,Chinese,3
1,2,180,1,Russians,3
1,2,180,1,Italians,2
1,2,180,1,Germans,2
1,2,180,1,Chinese,3
1,2,181,0,Russians,3
1,2,181,0,Italians,3
1,2,181,0,Germans,3
1,2,181,0,Chinese,3
1,2,181,1,Russians,3
1,2,181,1,Italians,3
1,2,181,1,Germans,3
1,2,181,1,Chinese,3
1,2,182,0,Russians,3
1,2,182,0,Italians,2
1,2,182,0,Germans,3
1,2,182,0,Chinese,3
1,2,182,1,Russians,3
1,2,182,1,Italians,2
1,2,182,1,Germans,3
1,2,182,1,Chinese,3
1,2,183,0,Russians,3
1,2,183,0,Italians,3
1,2,183,0,Germans,3
1,2,183,0,Chinese,3
1,2,183,1,Russians,3
1,2,183,1,Italians,3
1,2,183,1,Germans,3
1,2,183,1,Chinese,3
1,2,184,0,Russians,3
1,2,184,0,Italians,3
1,2,184,0,Germans,3
1,2,184,0,Chinese,3
1,2,184,1,Russians,3
1,2,184,1,Italians,2
1,2,184,1,Germans,3
1,2,184,1,Chinese,3
1,2,185,0,Russians,3
1,2,185,0,Italians,2
1,2,185,0,Germans,2
1,2,185,0,Chinese,3
1,2,185,1,Russians,3
1,2,185,1,Italians,2
1,2,185,1,Germans,2
1,2,185,1,Chinese,3
1,2,186,0,Russians,3
1,2,186,0,Italians,2
1,2,186,0,Germans,3
1,2,186,0,Chinese,3
1,2,186,1,Russians,3
1,2,186,1,Italians,2
1,2,186,1,Germans,3
1,2,186,1,Chinese,3
1,2,187,0,Russians,3
1,2,187,0,Italians,3
1,2,187,0,Germans,3
1,2,187,0,Chinese,3
1,2,187,1,Russians,3
1,2,187,1,Italians,3
1,2,187,1,Germans,3
1,2,187,1,Chinese,3
1,2,188,0,Russians,3
1,2,188,0,Italians,2
1,2,188,0,Germans,2
1,2,188,0,Chinese,3
1,2,188,1,Russians,3
1,2,188,1,Italians,2
1,2,188,1,Germans,2
1,2,188,1,Chinese,3
1,2,189,0,Russians,3
1,2,189,0,Italians,3
1,2,189,0,Germans,3
1,2,189,0,Chinese,3
1,2,189,1,Russians,3
1,2,189,1,Italians,3
1,2,189,1,Germans,3
1,2,189,1,Chinese,3
1,2,190,0,Russians,3
1,2,190,0,Italians,3
1,2,190,0,Germans,3
1,2,190,0,Chinese,3
1,2,190,1,Russians,3
1,2,190,1,Italians,3
1,2,190,1,Germans,3
1,2,190,1,Chinese,3
1,2,191,0,Russians,3
1,2,191,0,Italians,2
1,2,191,0,Germans,3
1,2,191,0,Chinese,3
1,2,191,1,Russians,3
1,2,191,1,Italians,2
1,2,191,1,Germans,2
1,2,191,1,Chinese,3
1,2,192,0,Russians,3
1,2,192,0,Italians,2
1,2,192,0,Germans,3
1,2,192,0,Chinese,3
1,2,192,1,Russians,3
1,2,192,1,Italians,2
1,2,192,1,Germans,2
1,2,192,1,Chinese,3
1,2,193,0,Russians,3
1,2,193,0,Italians,2
1,2,193,0,Germans,3
1,2,193,0,Chinese,3
1,2,193,1,Russians,3
1,2,193,1,Italians,2
1,2,193,1,Germans,3
1,2,193,1,Chinese,3
1,2,194,0,Russians,3
1,2,194,0,Italians,2
1,2,194,0,Germans,2
1,2,194,0,Chinese,3
1,2,194,1,Russians,3
1,2,194,1,Italians,2
1,2,194,1,Germans,2
1,2,194,1,Chinese,3
1,2,195,0,Russians,3
1,2,195,0,Italians,2
1,2,195,0,Germans,2
1,2,195,0,Chinese,3
1,2,195,1,Russians,3
1,2,195,1,Italians,2
1,2,195,1,Germans,2
1,2,195,1,Chinese,3
1,2,196,0,Russians,3
1,2,196,0,Italians,3
1,2,196,0,Germans,3
1,2,196,0,Chinese,3
1,2,196,1,Russians,3
1,2,196,1,Italians,2
1,2,196,1,Germans,3
1,2,196,1,Chinese,3
1,2,197,0,Russians,3
1,2,197,0,Italians,3
1,2,197,0,Germans,3
1,2,197,0,Chinese,3
1,2,197,1,Russians,3
1,2,197,1,Italians,3
1,2,197,1,Germans,3
1,2,197,1,Chinese,3
1,2,198,0,Russians,3
1,2,198,0,Italians,3
1,2,198,0,Germans,2
1,2,198,0,Chinese,3
1,2,198,1,Russians,3
1,2,198,1,Italians,3
1,2,198,1,Germans,2
1,2,198,1,Chinese,3
1,2,199,0,Russians,3
1,2,199,0,Italians,2
1,2,199,0,Germans,2
1,2,199,0,Chinese,3
1,2,199,1,Russians,3
1,2,199,1,Italians,2
1,2,199,1,Germans,2
1,2,199,1,Chinese,3
1,2,200,0,Russians,3
1,2,200,0,Italians,2
1,2,200,0,Germans,3
1,2,200,0,Chinese,3
1,2,200,1,Russians,3
1,2,200,1,Italians,2
1,2,200,1,Germans,2
1,2,200,1,Chinese,3
1,2,201,0,Russians,3
1,2,201,0,Italians,3
1,2,201,0,Germans,3
1,2,201,0,Chinese,3
1,2,201,1,Russians,3
1,2,201,1,Italians,3
1,2,201,1,Germans,3
1,2,201,1,Chinese,3
1,2,202,0,Russians,3
1,2,202,0,Italians,2
1,2,202,0,Germans,3
1,2,202,0,Chinese,3
1,2,202,1,Russians,3
1,2,202,1,Italians,2
1,2,202,1,Germans,3
1,2,202,1,Chinese,3
1,2,203,0,Russians,3
1,2,203,0,Italians,2
1,2,203,0,Germans,3
1,2,203,0,Chinese,3
1,2,203,1,Russians,3
1,2,203,1,Italians,2
1,2,203,1,Germans,3
1,2,203,1,Chinese,3
1,2,204,0,Russians,3
1,2,204,0,Italians,3
1,2,204,0,Germans,3
1,2,204,0,Chinese,3
1,2,204,1,Russians,3
1,2,204,1,Italians,2
1,2,204,1,Germans,3
1,2,204,1,Chinese,3
1,2,205,0,Russians,3
1,2,205,0,Italians,3
1,2,205,0,Germans,2
1,2,205,0,Chinese,3
1,2,205,1,Russians,3
1,2,205,1,Italians,3
1,2,205,1,Germans,2
1,2,205,1,Chinese,3
1,2,206,0,Russians,3
1,2,206,0,Italians,2
1,2,206,0,Germans,2
1,2,206,0,Chinese,3
1,2,206,1,Russians,3
1,2,206,1,Italians,2
1,2,206,1,Germans,2
1,2,206,1,Chinese,3
1,2,207,0,Russians,3
1,2,207,0,Italians,3
1,2,207,0,Germans,3
1,2,207,0,Chinese,3
1,2,207,1,Russians,3
1,2,207,1,Italians,3
1,2,207,1,Germans,3
1,2,207,1,Chinese,3
1,2,208,0,Russians,3
1,2,208,0,Italians,2
1,2,208,0,Germans,3
1,2,208,0,Chinese,3
1,2,208,1,Russians,3
1,2,208,1,Italians,2
1,2,208,1,Germans,3
1,2,208,1,Chinese,3
1,2,209,0,Russians,3
1,2,209,0,Italians,3
1,2,209,0,Germans,2
1,2,209,0,Chinese,3
1,2,209,1,Russians,3
1,2,209,1,Italians,3
1,2,209,1,Germans,2
1,2,209,1,Chinese,3
1,2,210,0,Russians,3
1,2,210,0,Italians,2
1,2,210,0,Germans,3
1,2,210,0,Chinese,3
1,2,210,1,Russians,3
1,2,210,1,Italians,2
1,2,210,1,Germans,3
1,2,210,1,Chinese,3
1,2,211,0,Russians,3
1,2,211,0,Italians,2
1,2,211,0,Germans,2
1,2,211,0,Chinese,3
1,2,211,1,Russians,3
1,2,211,1,Italians,2
1,2,211,1,Germans,2
1,2,211,1,Chinese,3
1,2,212,0,Russians,3
1,2,212,0,Italians,3
1,2,212,0,Germans,2
1,2,212,0,Chinese,3
1,2,212,1,Russians,3
1,2,212,1,Italians,3
1,2,212,1,Germans,2
1,2,212,1,Chinese,3
1,2,213,0,Russians,3
1,2,213,0,Italians,3
1,2,213,0,Germans,3
1,2,213,0,Chinese,3
1,2,213,1,Russians,3
1,2,213,1,Italians,3
1,2,213,1,Germans,3
1,2,213,1,Chinese,3
1,2,214,0,Russians,3
1,2,214,0,Italians,3
1,2,214,0,Germans,2
1,2,214,0,Chinese,3
1,2,214,1,Russians,3
1,2,214,1,Italians,3
1,2,214,1,Germans,2
1,2,214,1,Chinese,3
1,2,215,0,Russians,3
1,2,215,0,Italians,3
1,2,215,0,Germans,2
1,2,215,0,Chinese,3
1,2,215,1,Russians,3
1,2,215,1,Italians,3
1,2,215,1,Germans,2
1,2,215,1,Chinese,3
1,2,216,0,Russians,3
1,2,216,0,Italians,2
1,2,216,0,Germans,3
1,2,216,0,Chinese,3
1,2,216,1,Russians,3
1,2,216,1,Italians,2
1,2,216,1,Germans,3
1,2,216,1,Chinese,3
1,2,217,0,Russians,3
1,2,217,0,Italians,2
1,2,217,0,Germans,2
1,2,217,0,Chinese,3
1,2,217,1,Russians,3
1,2,217,1,Italians,2
1,2,217,1,Germans,2
1,2,217,1,Chinese,3
1,2,218,0,Russians,3
1,2,218,0,Italians,3
1,2,218,0,Germans,3
1,2,218,0,Chinese,3
1,2,218,1,Russians,3
1,2,218,1,Italians,3
1,2,218,1,Germans,3
1,2,218,1,Chinese,3
1,2,219,0,Russians,3
1,2,219,0,Italians,2
1,2,219,0,Germans,2
1,2,219,0,Chinese,3
1,2,219,1,Russians,3
1,2,219,1,Italians,2
1,2,219,1,Germans,2
1,2,219,1,Chinese,3
1,2,220,0,Russians,3
1,2,220,0,Italians,2
1,2,220,0,Germans,3
1,2,220,0,Chinese,3
1,2,220,1,Russians,3
1,2,220,1,Italians,2
1,2,220,1,Germans,2
1,2,220,1,Chinese,3
1,2,221,0,Russians,3
1,2,221,0,Italians,3
1,2,221,0,Germans,2
1,2,221,0,Chinese,3
1,2,221,1,Russians,3
1,2,221,1,Italians,3
1,2,221,1,Germans,2
1,2,221,1,Chinese,3
1,2,222,0,Russians,3
1,2,222,0,Italians,2
1,2,222,0,Germans,3
1,2,222,0,Chinese,3
1,2,222,1,Russians,3
1,2,222,1,Italians,2
1,2,222,1,Germans,3
1,2,222,1,Chinese,3
1,2,223,0,Russians,3
1,2,223,0,Italians,2
1,2,223,0,Germans,2
1,2,223,0,Chinese,3
1,2,223,1,Russians,3
1,2,223,1,Italians,2
1,2,223,1,Germans,2
1,2,223,1,Chinese,3
1,2,224,0,Russians,3
1,2,224,0,Italians,2
1,2,224,0,Germans,2
1,2,224,0,Chinese,3
1,2,224,1,Russians,3
1,2,224,1,Italians,2
1,2,224,1,Germans,2
1,2,224,1,Chinese,3
1,2,225,0,Russians,3
1,2,225,0,Italians,3
1,2,225,0,Germans,2
1,2,225,0,Chinese,3
1,2,225,1,Russians,3
1,2,225,1,Italians,3
1,2,225,1,Germans,2
1,2,225,1,Chinese,3
1,2,226,0,Russians,3
1,2,226,0,Italians,2
1,2,226,0,Germans,3
1,2,226,0,Chinese,3
1,2,226,1,Russians,3
1,2,226,1,Italians,2
1,2,226,1,Germans,3
1,2,226,1,Chinese,3
1,2,227,0,Russians,3
1,2,227,0,Italians,2
1,2,227,0,Germans,2
1,2,227,0,Chinese,3
1,2,227,1,Russians,3
1,2,227,1,Italians,2
1,2,227,1,Germans,2
1,2,227,1,Chinese,3
1,2,228,0,Russians,3
1,2,228,0,Italians,2
1,2,228,0,Germans,3
1,2,228,0,Chinese,3
1,2,228,1,Russians,3
1,2,228,1,Italians,2
1,2,228,1,Germans,3
1,2,228,1,Chinese,3
1,2,229,0,Russians,3
1,2,229,0,Italians,3
1,2,229,0,Germans,3
1,2,229,0,Chinese,3
1,2,229,1,Russians,3
1,2,229,1,Italians,3
1,2,229,1,Germans,3
1,2,229,1,Chinese,3
1,2,230,0,Russians,3
1,2,230,0,Italians,3
1,2,230,0,Germans,3
1,2,230,0,Chinese,3
1,2,230,1,Russians,3
1,2,230,1,Italians,2
1,2,230,1,Germans,3
1,2,230,1,Chinese,3
1,2,231,0,Russians,3
1,2,231,0,Italians,2
1,2,231,0,Germans,2
1,2,231,0,Chinese,3
1,2,231,1,Russians,3
1,2,231,1,Italians,2
1,2,231,1,Germans,2
1,2,231,1,Chinese,3
1,2,232,0,Russians,3
1,2,232,0,Italians,2
1,2,232,0,Germans,3
1,2,232,0,Chinese,3
1,2,232,1,Russians,3
1,2,232,1,Italians,2
1,2,232,1,Germans,3
1,2,232,1,Chinese,3
1,2,233,0,Russians,3
1,2,233,0,Italians,3
1,2,233,0,Germans,3
1,2,233,0,Chinese,3
1,2,233,1,Russians,3
1,2,233,1,Italians,3
1,2,233,1,Germans,3
1,2,233,1,Chinese,3
1,2,234,0,Russians,3
1,2,234,0,Italians,3
1,2,234,0,Germans,3
1,2,234,0,Chinese,3
1,2,234,1,Russians,3
1,2,234,1,Italians,3
1,2,234,1,Germans,3
1,2,234,1,Chinese,3
1,2,235,0,Russians,3
1,2,235,0,Italians,3
1,2,235,0,Germans,3
1,2,235,0,Chinese,3
1,2,235,1,Russians,3
1,2,235,1,Italians,2
1,2,235,1,Germans,3
1,2,235,1,Chinese,3
1,2,236,0,Russians,3
1,2,236,0,Italians,3
1,2,236,0,Germans,3
1,2,236,0,Chinese,3
1,2,236,1,Russians,3
1,2,236,1,Italians,3
1,2,236,1,Germans,3
1,2,236,1,Chinese,3
1,2,237,0,Russians,3
1,2,237,0,Italians,3
1,2,237,0,Germans,2
1,2,237,0,Chinese,3
1,2,237,1,Russians,3
1,2,237,1,Italians,2
1,2,237,1,Germans,2
1,2,237,1,Chinese,3
1,2,238,0,Russians,3
1,2,238,0,Italians,3
1,2,238,0,Germans,2
1,2,238,0,Chinese,3
1,2,238,1,Russians,3
1,2,238,1,Italians,3
1,2,238,1,Germans,2
1,2,238,1,Chinese,3
1,2,239,0,Russians,3
1,2,239,0,Italians,3
1,2,239,0,Germans,2
1,2,239,0,Chinese,3
1,2,239,1,Russians,3
1,2,239,1,Italians,2
1,2,239,1,Germans,2
1,2,239,1,Chinese,3
1,2,240,0,Russians,3
1,2,240,0,Italians,3
1,2,240,0,Germans,3
1,2,240,0,Chinese,3
1,2,240,1,Russians,3
1,2,240,1,Italians,3
1,2,240,1,Germans,3
1,2,240,1,Chinese,3
1,2,241,0,Russians,3
1,2,241,0,Italians,3
1,2,241,0,Germans,3
1,2,241,0,Chinese,3
1,2,241,1,Russians,3
1,2,241,1,Italians,3
1,2,241,1,Germans,3
1,2,241,1,Chinese,3
1,2,242,0,Russians,3
1,2,242,0,Italians,2
1,2,242,0,Germans,2
1,2,242,0,Chinese,3
1,2,242,1,Russians,3
1,2,242,1,Italians,2
1,2,242,1,Germans,2
1,2,242,1,Chinese,3
1,2,243,0,Russians,3
1,2,243,0,Italians,3
1,2,243,0,Germans,3
1,2,243,0,Chinese,3
1,2,243,1,Russians,3
1,2,243,1,Italians,3
1,2,243,1,Germans,3
1,2,243,1,Chinese,3
1,2,244,0,Russians,3
1,2,244,0,Italians,3
1,2,244,0,Germans,2
1,2,244,0,Chinese,3
1,2,244,1,Russians,3
1,2,244,1,Italians,3
1,2,244,1,Germans,2
1,2,244,1,Chinese,3
1,2,245,0,Russians,3
1,2,245,0,Italians,3
1,2,245,0,Germans,2
1,2,245,0,Chinese,3
1,2,245,1,Russians,3
1,2,245,1,Italians,3
1,2,245,1,Germans,2
1,2,245,1,Chinese,3
1,2,246,0,Russians,3
1,2,246,0,Italians,2
1,2,246,0,Germans,2
1,2,246,0,Chinese,3
1,2,246,1,Russians,3
1,2,246,1,Italians,2
1,2,246,1,Germans,2
1,2,246,1,Chinese,3
1,2,247,0,Russians,3
1,2,247,0,Italians,2
1,2,247,0,Germans,2
1,2,247,0,Chinese,3
1,2,247,1,Russians,3
1,2,247,1,Italians,2
1,2,247,1,Germans,2
1,2,247,1,Chinese,3
1,2,248,0,Russians,3
1,2,248,0,Italians,3
1,2,248,0,Germans,2
1,2,248,0,Chinese,3
1,2,248,1,Russians,3
1,2,248,1,Italians,3
1,2,248,1,Germans,2
1,2,248,1,Chinese,3
1,2,249,0,Russians,3
1,2,249,0,Italians,3
1,2,249,0,Germans,2
1,2,249,0,Chinese,3
1,2,249,1,Russians,3
1,2,249,1,Italians,2
1,2,249,1,Germans,2
1,2,249,1,Chinese,3
1,2,250,0,Russians,3
1,2,250,0,Italians,3
1,2,250,0,Germans,3
1,2,250,0,Chinese,3
1,2,250,1,Russians,3
1,2,250,1,Italians,3
1,2,250,1,Germans,3
1,2,250,1,Chinese,3
1,2,251,0,Russians,3
1,2,251,0,Italians,3
1,2,251,0,Germans,2
1,2,251,0,Chinese,3
1,2,251,1,Russians,3
1,2,251,1,Italians,2
1,2,251,1,Germans,2
1,2,251,1,Chinese,3
1,2,252,0,Russians,3
1,2,252,0,Italians,2
1,2,252,0,Germans,3
1,2,252,0,Chinese,3
1,2,252,1,Russians,3
1,2,252,1,Italians,2
1,2,252,1,Germans,3
1,2,252,1,Chinese,3
1,2,253,0,Russians,3
1,2,253,0,Italians,3
1,2,253,0,Germans,3
1,2,253,0,Chinese,3
1,2,253,1,Russians,3
1,2,253,1,Italians,2
1,2,253,1,Germans,3
1,2,253,1,Chinese,3
1,2,254,0,Russians,3
1,2,254,0,Italians,3
1,2,254,0,Germans,3
1,2,254,0,Chinese,3
1,2,254,1,Russians,3
1,2,254,1,Italians,3
1,2,254,1,Germans,3
1,2,254,1,Chinese,3
1,2,255,0,Russians,3
1,2,255,0,Italians,2
1,2,255,0,Germans,3
1,2,255,0,Chinese,3
1,2,255,1,Russians,3
1,2,255,1,Italians,2
1,2,255,1,Germans,2
1,2,255,1,Chinese,3
1,2,256,0,Russians,3
1,2,256,0,Italians,3
1,2,256,0,Germans,3
1,2,256,0,Chinese,3
1,2,256,1,Russians,3
1,2,256,1,Italians,3
1,2,256,1,Germans,3
1,2,256,1,Chinese,3
1,2,257,0,Russians,3
1,2,257,0,Italians,2
1,2,257,0,Germans,2
1,2,257,0,Chinese,3
1,2,257,1,Russians,3
1,2,257,1,Italians,2
1,2,257,1,Germans,2
1,2,257,1,Chinese,3
1,2,258,0,Russians,3
1,2,258,0,Italians,2
1,2,258,0,Germans,3
1,2,258,0,Chinese,3
1,2,258,1,Russians,3
1,2,258,1,Italians,2
1,2,258,1,Germans,3
1,2,258,1,Chinese,3
1,2,259,0,Russians,3
1,2,259,0,Italians,3
1,2,259,0,Germans,2
1,2,259,0,Chinese,3
1,2,259,1,Russians,3
1,2,259,1,Italians,3
1,2,259,1,Germans,2
1,2,259,1,Chinese,3
1,2,260,0,Russians,3
1,2,260,0,Italians,3
1,2,260,0,Germans,3
1,2,260,0,Chinese,3
1,2,260,1,Russians,3
1,2,260,1,Italians,3
1,2,260,1,Germans,3
1,2,260,1,Chinese,3
1,2,261,0,Russians,3
1,2,261,0,Italians,3
1,2,261,0,Germans,3
1,2,261,0,Chinese,3
1,2,261,1,Russians,3
1,2,261,1,Italians,2
1,2,261,1,Germans,3
1,2,261,1,Chinese,3
1,2,262,0,Russians,3
1,2,262,0,Italians,3
1,2,262,0,Germans,3
1,2,262,0,Chinese,3
1,2,262,1,Russians,3
1,2,262,1,Italians,3
1,2,262,1,Germans,3
1,2,262,1,Chinese,3
1,2,263,0,Russians,3
1,2,263,0,Italians,3
1,2,263,0,Germans,2
1,2,263,0,Chinese,3
1,2,263,1,Russians,3
1,2,263,1,Italians,3
1,2,263,1,Germans,2
1,2,263,1,Chinese,3
1,2,264,0,Russians,3
1,2,264,0,Italians,3
1,2,264,0,Germans,3
1,2,264,0,Chinese,3
1,2,264,1,Russians,3
1,2,264,1,Italians,3
1,2,264,1,Germans,3
1,2,264,1,Chinese,3
1,2,265,0,Russians,3
1,2,265,0,Italians,2
1,2,265,0,Germans,3
1,2,265,0,Chinese,3
1,2,265,1,Russians,3
1,2,265,1,Italians,2
1,2,265,1,Germans,3
1,2,265,1,Chinese,3
1,2,266,0,Russians,3
1,2,266,0,Italians,2
1,2,266,0,Germans,2
1,2,266,0,Chinese,3
1,2,266,1,Russians,3
1,2,266,1,Italians,2
1,2,266,1,Germans,2
1,2,266,1,Chinese,3
1,2,267,0,Russians,3
1,2,267,0,Italians,3
1,2,267,0,Germans,3
1,2,267,0,Chinese,3
1,2,267,1,Russians,3
1,2,267,1,Italians,3
1,2,267,1,Germans,3
1,2,267,1,Chinese,3
1,2,268,0,Russians,3
1,2,268,0,Italians,2
1,2,268,0,Germans,3
1,2,268,0,Chinese,3
1,2,268,1,Russians,3
1,2,268,1,Italians,2
1,2,268,1,Germans,3
1,2,268,1,Chinese,3
1,2,269,0,Russians,3
1,2,269,0,Italians,2
1,2,269,0,Germans,3
1,2,269,0,Chinese,3
1,2,269,1,Russians,3
1,2,269,1,Italians,2
1,2,269,1,Germans,3
1,2,269,1,Chinese,3
1,2,270,0,Russians,3
1,2,270,0,Italians,2
1,2,270,0,Germans,3
1,2,270,0,Chinese,3
1,2,270,1,Russians,3
1,2,270,1,Italians,2
1,2,270,1,Germans,3
1,2,270,1,Chinese,3
1,2,271,0,Russians,3
1,2,271,0,Italians,2
1,2,271,0,Germans,3
1,2,271,0,Chinese,3
1,2,271,1,Russians,3
1,2,271,1,Italians,2
1,2,271,1,Germans,3
1,2,271,1,Chinese,3
1,2,272,0,Russians,3
1,2,272,0,Italians,2
1,2,272,0,Germans,2
1,2,272,0,Chinese,3
1,2,272,1,Russians,3
1,2,272,1,Italians,2
1,2,272,1,Germans,2
1,2,272,1,Chinese,3
1,2,273,0,Russians,3
1,2,273,0,Italians,2
1,2,273,0,Germans,3
1,2,273,0,Chinese,3
1,2,273,1,Russians,3
1,2,273,1,Italians,2
1,2,273,1,Germans,3
1,2,273,1,Chinese,3
1,2,274,0,Russians,3
1,2,274,0,Italians,3
1,2,274,0,Germans,2
1,2,274,0,Chinese,3
1,2,274,1,Russians,3
1,2,274,1,Italians,3
1,2,274,1,Germans,2
1,2,274,1,Chinese,3
1,2,275,0,Russians,3
1,2,275,0,Italians,3
1,2,275,0,Germans,3
1,2,275,0,Chinese,3
1,2,275,1,Russians,3
1,2,275,1,Italians,3
1,2,275,1,Germans,3
1,2,275,1,Chinese,3
1,2,276,0,Russians,3
1,2,276,0,Italians,2
1,2,276,0,Germans,3
1,2,276,0,Chinese,3
1,2,276,1,Russians,3
1,2,276,1,Italians,2
1,2,276,1,Germans,3
1,2,276,1,Chinese,3
1,2,277,0,Russians,3
1,2,277,0,Italians,2
1,2,277,0,Germans,3
1,2,277,0,Chinese,3
1,2,277,1,Russians,3
1,2,277,1,Italians,2
1,2,277,1,Germans,3
1,2,277,1,Chinese,3
1,2,278,0,Russians,3
1,2,278,0,Italians,2
1,2,278,0,Germans,2
1,2,278,0,Chinese,3
1,2,278,1,Russians,3
1,2,278,1,Italians,2
1,2,278,1,Germans,2
1,2,278,1,Chinese,3
1,2,279,0,Russians,3
1,2,279,0,Italians,2
1,2,279,0,Germans,3
1,2,279,0,Chinese,3
1,2,279,1,Russians,3
1,2,279,1,Italians,2
1,2,279,1,Germans,3
1,2,279,1,Chinese,3
1,2,280,0,Russians,3
1,2,280,0,Italians,3
1,2,280,0,Germans,3
1,2,280,0,Chinese,3
1,2,280,1,Russians,3
1,2,280,1,Italians,3
1,2,280,1,Germans,3
1,2,280,1,Chinese,3
1,2,281,0,Russians,3
1,2,281,0,Italians,3
1,2,281,0,Germans,3
1,2,281,0,Chinese,3
1,2,281,1,Russians,3
1,2,281,1,Italians,2
1,2,281,1,Germans,3
1,2,281,1,Chinese,3
1,2,282,0,Russians,3
1,2,282,0,Italians,3
1,2,282,0,Germans,3
1,2,282,0,Chinese,3
1,2,282,1,Russians,3
1,2,282,1,Italians,3
1,2,282,1,Germans,3
1,2,282,1,Chinese,3
1,2,283,0,Russians,3
1,2,283,0,Italians,2
1,2,283,0,Germans,3
1,2,283,0,Chinese,3
1,2,283,1,Russians,3
1,2,283,1,Italians,2
1,2,283,1,Germans,2
1,2,283,1,Chinese,3
1,2,284,0,Russians,3
1,2,284,0,Italians,3
1,2,284,0,Germans,3
1,2,284,0,Chinese,3
1,2,284,1,Russians,3
1,2,284,1,Italians,3
1,2,284,1,Germans,3
1,2,284,1,Chinese,3
1,2,285,0,Russians,3
1,2,285,0,Italians,2
1,2,285,0,Germans,3
1,2,285,0,Chinese,3
1,2,285,1,Russians,3
1,2,285,1,Italians,2
1,2,285,1,Germans,3
1,2,285,1,Chinese,3
1,2,286,0,Russians,3
1,2,286,0,Italians,3
1,2,286,0,Germans,3
1,2,286,0,Chinese,3
1,2,286,1,Russians,3
1,2,286,1,Italians,3
1,2,286,1,Germans,3
1,2,286,1,Chinese,3
1,2,287,0,Russians,3
1,2,287,0,Italians,3
1,2,287,0,Germans,3
1,2,287,0,Chinese,3
1,2,287,1,Russians,3
1,2,287,1,Italians,2
1,2,287,1,Germans,3
1,2,287,1,Chinese,3
1,2,288,0,Russians,3
1,2,288,0,Italians,3
1,2,288,0,Germans,3
1,2,288,0,Chinese,3
1,2,288,1,Russians,3
1,2,288,1,Italians,3
1,2,288,1,Germans,3
1,2,288,1,Chinese,3
1,2,289,0,Russians,3
1,2,289,0,Italians,2
1,2,289,0,Germans,3
1,2,289,0,Chinese,3
1,2,289,1,Russians,3
1,2,289,1,Italians,2
1,2,289,1,Germans,2
1,2,289,1,Chinese,3
1,2,290,0,Russians,3
1,2,290,0,Italians,3
1,2,290,0,Germans,3
1,2,290,0,Chinese,3
1,2,290,1,Russians,3
1,2,290,1,Italians,3
1,2,290,1,Germans,3
1,2,290,1,Chinese,3
1,2,291,0,Russians,3
1,2,291,0,Italians,2
1,2,291,0,Germans,3
1,2,291,0,Chinese,3
1,2,291,1,Russians,3
1,2,291,1,Italians,2
1,2,291,1,Germans,3
1,2,291,1,Chinese,3
1,2,292,0,Russians,3
1,2,292,0,Italians,2
1,2,292,0,Germans,2
1,2,292,0,Chinese,3
1,2,292,1,Russians,3
1,2,292,1,Italians,2
1,2,292,1,Germans,2
1,2,292,1,Chinese,3
1,2,293,0,Russians,3
1,2,293,0,Italians,3
1,2,293,0,Germans,3
1,2,293,0,Chinese,3
1,2,293,1,Russians,3
1,2,293,1,Italians,3
1,2,293,1,Germans,3
1,2,293,1,Chinese,3
1,2,294,0,Russians,3
1,2,294,0,Italians,2
1,2,294,0,Germans,3
1,2,294,0,Chinese,3
1,2,294,1,Russians,3
1,2,294,1,Italians,2
1,2,294,1,Germans,3
1,2,294,1,Chinese,3
1,2,295,0,Russians,3
1,2,295,0,Italians,3
1,2,295,0,Germans,3
1,2,295,0,Chinese,3
1,2,295,1,Russians,3
1,2,295,1,Italians,2
1,2,295,1,Germans,3
1,2,295,1,Chinese,3
1,2,296,0,Russians,3
1,2,296,0,Italians,2
1,2,296,0,Germans,3
1,2,296,0,Chinese,3
1,2,296,1,Russians,3
1,2,296,1,Italians,2
1,2,296,1,Germans,3
1,2,296,1,Chinese,3
1,2,297,0,Russians,3
1,2,297,0,Italians,2
1,2,297,0,Germans,3
1,2,297,0,Chinese,3
1,2,297,1,Russians,3
1,2,297,1,Italians,2
1,2,297,1,Germans,3
1,2,297,1,Chinese,3
1,2,298,0,Russians,3
1,2,298,0,Italians,3
1,2,298,0,Germans,3
1,2,298,0,Chinese,3
1,2,298,1,Russians,3
1,2,298,1,Italians,3
1,2,298,1,Germans,3
1,2,298,1,Chinese,3
1,2,299,0,Russians,3
1,2,299,0,Italians,3
1,2,299,0,Germans,3
1,2,299,0,Chinese,3
1,2,299,1,Russians,3
1,2,299,1,Italians,2
1,2,299,1,Germans,3
1,2,299,1,Chinese,3
1,2,300,0,Russians,3
1,2,300,0,Italians,2
1,2,300,0,Germans,3
1,2,300,0,Chinese,3
1,2,300,1,Russians,3
1,2,300,1,Italians,2
1,2,300,1,Germans,3
1,2,300,1,Chinese,3
1,2,301,0,Russians,3
1,2,301,0,Italians,2
1,2,301,0,Germans,3
1,2,301,0,Chinese,3
1,2,301,1,Russians,3
1,2,301,1,Italians,2
1,2,301,1,Germans,2
1,2,301,1,Chinese,3
1,2,302,0,Russians,3
1,2,302,0,Italians,3
1,2,302,0,Germans,2
1,2,302,0,Chinese,3
1,2,302,1,Russians,3
1,2,302,1,Italians,3
1,2,302,1,Germans,2
1,2,302,1,Chinese,3
1,2,303,0,Russians,3
1,2,303,0,Italians,3
1,2,303,0,Germans,3
1,2,303,0,Chinese,3
1,2,303,1,Russians,3
1,2,303,1,Italians,3
1,2,303,1,Germans,3
1,2,303,1,Chinese,3
1,2,304,0,Russians,3
1,2,304,0,Italians,3
1,2,304,0,Germans,3
1,2,304,0,Chinese,3
1,2,304,1,Russians,3
1,2,304,1,Italians,3
1,2,304,1,Germans,3
1,2,304,1,Chinese,3
1,2,305,0,Russians,3
1,2,305,0,Italians,2
1,2,305,0,Germans,3
1,2,305,0,Chinese,3
1,2,305,1,Russians,3
1,2,305,1,Italians,2
1,2,305,1,Germans,3
1,2,305,1,Chinese,3
1,2,306,0,Russians,3
1,2,306,0,Italians,3
1,2,306,0,Germans,2
1,2,306,0,Chinese,3
1,2,306,1,Russians,3
1,2,306,1,Italians,3
1,2,306,1,Germans,2
1,2,306,1,Chinese,3
1,2,307,0,Russians,3
1,2,307,0,Italians,3
1,2,307,0,Germans,3
1,2,307,0,Chinese,3
1,2,307,1,Russians,3
1,2,307,1,Italians,3
1,2,307,1,Germans,3
1,2,307,1,Chinese,3
1,2,308,0,Russians,3
1,2,308,0,Italians,3
1,2,308,0,Germans,3
1,2,308,0,Chinese,3
1,2,308,1,Russians,3
1,2,308,1,Italians,3
1,2,308,1,Germans,3
1,2,308,1,Chinese,3
1,2,309,0,Russians,3
1,2,309,0,Italians,3
1,2,309,0,Germans,2
1,2,309,0,Chinese,3
1,2,309,1,Russians,3
1,2,309,1,Italians,3
1,2,309,1,Germans,2
1,2,309,1,Chinese,3
1,2,310,0,Russians,3
1,2,310,0,Italians,2
1,2,310,0,Germans,3
1,2,310,0,Chinese,3
1,2,310,1,Russians,3
1,2,310,1,Italians,2
1,2,310,1,Germans,3
1,2,310,1,Chinese,3
1,2,311,0,Russians,3
1,2,311,0,Italians,2
1,2,311,0,Germans,3
1,2,311,0,Chinese,3
1,2,311,1,Russians,3
1,2,311,1,Italians,2
1,2,311,1,Germans,3
1,2,311,1,Chinese,3
1,2,312,0,Russians,3
1,2,312,0,Italians,3
1,2,312,0,Germans,3
1,2,312,0,Chinese,3
1,2,312,1,Russians,3
1,2,312,1,Italians,2
1,2,312,1,Germans,3
1,2,312,1,Chinese,3
1,2,313,0,Russians,3
1,2,313,0,Italians,3
1,2,313,0,Germans,2
1,2,313,0,Chinese,3
1,2,313,1,Russians,3
1,2,313,1,Italians,3
1,2,313,1,Germans,2
1,2,313,1,Chinese,3
1,2,314,0,Russians,3
1,2,314,0,Italians,2
1,2,314,0,Germans,3
1,2,314,0,Chinese,3
1,2,314,1,Russians,3
1,2,314,1,Italians,2
1,2,314,1,Germans,3
1,2,314,1,Chinese,3
1,2,315,0,Russians,3
1,2,315,0,Italians,3
1,2,315,0,Germans,2
1,2,315,0,Chinese,3
1,2,315,1,Russians,3
1,2,315,1,Italians,3
1,2,315,1,Germans,2
1,2,315,1,Chinese,3
1,2,316,0,Russians,3
1,2,316,0,Italians,3
1,2,316,0,Germans,3
1,2,316,0,Chinese,3
1,2,316,1,Russians,3
1,2,316,1,Italians,3
1,2,316,1,Germans,3
1,2,316,1,Chinese,3
1,2,317,0,Russians,3
1,2,317,0,Italians,3
1,2,317,0,Germans,3
1,2,317,0,Chinese,3
1,2,317,1,Russians,3
1,2,317,1,Italians,3
1,2,317,1,Germans,3
1,2,317,1,Chinese,3
1,2,318,0,Russians,3
1,2,318,0,Italians,2
1,2,318,0,Germans,2
1,2,318,0,Chinese,3
1,2,318,1,Russians,3
1,2,318,1,Italians,2
1,2,318,1,Germans,2
1,2,318,1,Chinese,3
1,2,319,0,Russians,3
1,2,319,0,Italians,2
1,2,319,0,Germans,3
1,2,319,0,Chinese,3
1,2,319,1,Russians,3
1,2,319,1,Italians,2
1,2,319,1,Germans,3
1,2,319,1,Chinese,3
1,2,320,0,Russians,3
1,2,320,0,Italians,3
1,2,320,0,Germans,3
1,2,320,0,Chinese,3
1,2,320,1,Russians,3
1,2,320,1,Italians,3
1,2,320,1,Germans,3
1,2,320,1,Chinese,3
1,2,321,0,Russians,3
1,2,321,0,Italians,2
1,2,321,0,Germans,2
1,2,321,0,Chinese,3
1,2,321,1,Russians,3
1,2,321,1,Italians,2
1,2,321,1,Germans,2
1,2,321,1,Chinese,3
1,2,322,0,Russians,3
1,2,322,0,Italians,3
1,2,322,0,Germans,3
1,2,322,0,Chinese,3
1,2,322,1,Russians,3
1,2,322,1,Italians,2
1,2,322,1,Germans,3
1,2,322,1,Chinese,3
1,2,323,0,Russians,3
1,2,323,0,Italians,2
1,2,323,0,Germans,3
1,2,323,0,Chinese,3
1,2,323,1,Russians,3
1,2,323,1,Italians,2
1,2,323,1,Germans,3
1,2,323,1,Chinese,3
1,2,324,0,Russians,3
1,2,324,0,Italians,3
1,2,324,0,Germans,2
1,2,324,0,Chinese,3
1,2,324,1,Russians,3
1,2,324,1,Italians,2
1,2,324,1,Germans,2
1,2,324,1,Chinese,3
1,2,325,0,Russians,3
1,2,325,0,Italians,3
1,2,325,0,Germans,3
1,2,325,0,Chinese,3
1,2,325,1,Russians,3
1,2,325,1,Italians,3
1,2,325,1,Germans,3
1,2,325,1,Chinese,3
1,2,326,0,Russians,3
1,2,326,0,Italians,2
1,2,326,0,Germans,3
1,2,326,0,Chinese,3
1,2,326,1,Russians,3
1,2,326,1,Italians,2
1,2,326,1,Germans,2
1,2,326,1,Chinese,3
1,2,327,0,Russians,3
1,2,327,0,Italians,2
1,2,327,0,Germans,3
1,2,327,0,Chinese,3
1,2,327,1,Russians,3
1,2,327,1,Italians,2
1,2,327,1,Germans,3
1,2,327,1,Chinese,3
1,2,328,0,Russians,3
1,2,328,0,Italians,2
1,2,328,0,Germans,3
1,2,328,0,Chinese,3
1,2,328,1,Russians,3
1,2,328,1,Italians,2
1,2,328,1,Germans,3
1,2,328,1,Chinese,3
1,2,329,0,Russians,3
1,2,329,0,Italians,3
1,2,329,0,Germans,3
1,2,329,0,Chinese,3
1,2,329,1,Russians,3
1,2,329,1,Italians,3
1,2,329,1,Germans,3
1,2,329,1,Chinese,3
1,2,330,0,Russians,3
1,2,330,0,Italians,2
1,2,330,0,Germans,3
1,2,330,0,Chinese,3
1,2,330,1,Russians,3
1,2,330,1,Italians,2
1,2,330,1,Germans,3
1,2,330,1,Chinese,3
1,2,331,0,Russians,3
1,2,331,0,Italians,3
1,2,331,0,Germans,3
1,2,331,0,Chinese,3
1,2,331,1,Russians,3
1,2,331,1,Italians,3
1,2,331,1,Germans,3
1,2,331,1,Chinese,3
1,2,332,0,Russians,3
1,2,332,0,Italians,2
1,2,332,0,Germans,3
1,2,332,0,Chinese,3
1,2,332,1,Russians,3
1,2,332,1,Italians,2
1,2,332,1,Germans,3
1,2,332,1,Chinese,3
1,2,333,0,Russians,3
1,2,333,0,Italians,2
1,2,333,0,Germans,2
1,2,333,0,Chinese,3
1,2,333,1,Russians,3
1,2,333,1,Italians,2
1,2,333,1,Germans,2
1,2,333,1,Chinese,3
1,2,334,0,Russians,3
1,2,334,0,Italians,3
1,2,334,0,Germans,3
1,2,334,0,Chinese,3
1,2,334,1,Russians,3
1,2,334,1,Italians,2
1,2,334,1,Germans,3
1,2,334,1,Chinese,3
1,2,335,0,Russians,3
1,2,335,0,Italians,2
1,2,335,0,Germans,2
1,2,335,0,Chinese,3
1,2,335,1,Russians,3
1,2,335,1,Italians,2
1,2,335,1,Germans,2
1,2,335,1,Chinese,3
1,2,336,0,Russians,3
1,2,336,0,Italians,3
1,2,336,0,Germans,3
1,2,336,0,Chinese,3
1,2,336,1,Russians,3
1,2,336,1,Italians,2
1,2,336,1,Germans,3
1,2,336,1,Chinese,3
1,2,337,0,Russians,3
1,2,337,0,Italians,2
1,2,337,0,Germans,3
1,2,337,0,Chinese,3
1,2,337,1,Russians,3
1,2,337,1,Italians,2
1,2,337,1,Germans,3
1,2,337,1,Chinese,3
1,2,338,0,Russians,3
1,2,338,0,Italians,3
1,2,338,0,Germans,3
1,2,338,0,Chinese,3
1,2,338,1,Russians,3
1,2,338,1,Italians,2
1,2,338,1,Germans,3
1,2,338,1,Chinese,3
1,2,339,0,Russians,3
1,2,339,0,Italians,3
1,2,339,0,Germans,3
1,2,339,0,Chinese,3
1,2,339,1,Russians,3
1,2,339,1,Italians,3
1,2,339,1,Germans,3
1,2,339,1,Chinese,3
1,2,340,0,Russians,3
1,2,340,0,Italians,2
1,2,340,0,Germans,3
1,2,340,0,Chinese,3
1,2,340,1,Russians,3
1,2,340,1,Italians,2
1,2,340,1,Germans,3
1,2,340,1,Chinese,3
1,2,341,0,Russians,3
1,2,341,0,Italians,2
1,2,341,0,Germans,3
1,2,341,0,Chinese,3
1,2,341,1,Russians,3
1,2,341,1,Italians,2
1,2,341,1,Germans,3
1,2,341,1,Chinese,3
1,2,342,0,Russians,3
1,2,342,0,Italians,2
1,2,342,0,Germans,2
1,2,342,0,Chinese,3
1,2,342,1,Russians,3
1,2,342,1,Italians,2
1,2,342,1,Germans,2
1,2,342,1,Chinese,3
1,2,343,0,Russians,3
1,2,343,0,Italians,2
1,2,343,0,Germans,3
1,2,343,0,Chinese,3
1,2,343,1,Russians,3
1,2,343,1,Italians,2
1,2,343,1,Germans,3
1,2,343,1,Chinese,3
1,2,344,0,Russians,3
1,2,344,0,Italians,3
1,2,344,0,Germans,2
1,2,344,0,Chinese,3
1,2,344,1,Russians,3
1,2,344,1,Italians,3
1,2,344,1,Germans,2
1,2,344,1,Chinese,3
1,2,345,0,Russians,3
1,2,345,0,Italians,3
1,2,345,0,Germans,3
1,2,345,0,Chinese,3
1,2,345,1,Russians,3
1,2,345,1,Italians,3
1,2,345,1,Germans,3
1,2,345,1,Chinese,3
1,2,346,0,Russians,3
1,2,346,0,Italians,2
1,2,346,0,Germans,3
1,2,346,0,Chinese,3
1,2,346,1,Russians,3
1,2,346,1,Italians,2
1,2,346,1,Germans,2
1,2,346,1,Chinese,3
1,2,347,0,Russians,3
1,2,347,0,Italians,2
1,2,347,0,Germans,3
1,2,347,0,Chinese,3
1,2,347,1,Russians,3
1,2,347,1,Italians,2
1,2,347,1,Germans,3
1,2,347,1,Chinese,3
1,2,348,0,Russians,3
1,2,348,0,Italians,3
1,2,348,0,Germans,3
1,2,348,0,Chinese,3
1,2,348,1,Russians,3
1,2,348,1,Italians,3
1,2,348,1,Germans,3
1,2,348,1,Chinese,3
1,2,349,0,Russians,3
1,2,349,0,Italians,3
1,2,349,0,Germans,2
1,2,349,0,Chinese,3
1,2,349,1,Russians,3
1,2,349,1,Italians,3
1,2,349,1,Germans,2
1,2,349,1,Chinese,3
1,2,350,0,Russians,3
1,2,350,0,Italians,3
1,2,350,0,Germans,3
1,2,350,0,Chinese,3
1,2,350,1,Russians,3
1,2,350,1,Italians,2
1,2,350,1,Germans,3
1,2,350,1,Chinese,3
1,2,351,0,Russians,3
1,2,351,0,Italians,3
1,2,351,0,Germans,2
1,2,351,0,Chinese,3
1,2,351,1,Russians,3
1,2,351,1,Italians,3
1,2,351,1,Germans,2
1,2,351,1,Chinese,3
1,2,352,0,Russians,3
1,2,352,0,Italians,3
1,2,352,0,Germans,3
1,2,352,0,Chinese,3
1,2,352,1,Russians,3
1,2,352,1,Italians,3
1,2,352,1,Germans,3
1,2,352,1,Chinese,3
1,2,353,0,Russians,3
1,2,353,0,Italians,3
1,2,353,0,Germans,3
1,2,353,0,Chinese,3
1,2,353,1,Russians,3
1,2,353,1,Italians,3
1,2,353,1,Germans,3
1,2,353,1,Chinese,3
1,2,354,0,Russians,3
1,2,354,0,Italians,2
1,2,354,0,Germans,3
1,2,354,0,Chinese,3
1,2,354,1,Russians,3
1,2,354,1,Italians,2
1,2,354,1,Germans,3
1,2,354,1,Chinese,3
1,2,355,0,Russians,3
1,2,355,0,Italians,3
1,2,355,0,Germans,3
1,2,355,0,Chinese,3
1,2,355,1,Russians,3
1,2,355,1,Italians,3
1,2,355,1,Germans,3
1,2,355,1,Chinese,3
1,2,356,0,Russians,3
1,2,356,0,Italians,2
1,2,356,0,Germans,3
1,2,356,0,Chinese,3
1,2,356,1,Russians,3
1,2,356,1,Italians,2
1,2,356,1,Germans,3
1,2,356,1,Chinese,3
1,2,357,0,Russians,3
1,2,357,0,Italians,3
1,2,357,0,Germans,3
1,2,357,0,Chinese,3
1,2,357,1,Russians,3
1,2,357,1,Italians,3
1,2,357,1,Germans,3
1,2,357,1,Chinese,3
1,2,358,0,Russians,3
1,2,358,0,Italians,2
1,2,358,0,Germans,3
1,2,358,0,Chinese,3
1,2,358,1,Russians,3
1,2,358,1,Italians,2
1,2,358,1,Germans,3
1,2,358,1,Chinese,3
1,2,359,0,Russians,3
1,2,359,0,Italians,3
1,2,359,0,Germans,3
1,2,359,0,Chinese,3
1,2,359,1,Russians,3
1,2,359,1,Italians,3
1,2,359,1,Germans,3
1,2,359,1,Chinese,3
1,2,360,0,Russians,3
1,2,360,0,Italians,2
1,2,360,0,Germans,3
1,2,360,0,Chinese,3
1,2,360,1,Russians,3
1,2,360,1,Italians,2
1,2,360,1,Germans,2
1,2,360,1,Chinese,3
1,2,361,0,Russians,3
1,2,361,0,Italians,2
1,2,361,0,Germans,3
1,2,361,0,Chinese,3
1,2,361,1,Russians,3
1,2,361,1,Italians,2
1,2,361,1,Germans,3
1,2,361,1,Chinese,3
1,2,362,0,Russians,3
1,2,362,0,Italians,3
1,2,362,0,Germans,3
1,2,362,0,Chinese,3
1,2,362,1,Russians,3
1,2,362,1,Italians,3
1,2,362,1,Germans,3
1,2,362,1,Chinese,3
1,2,363,0,Russians,3
1,2,363,0,Italians,3
1,2,363,0,Germans,3
1,2,363,0,Chinese,3
1,2,363,1,Russians,3
1,2,363,1,Italians,3
1,2,363,1,Germans,3
1,2,363,1,Chinese,3
1,2,364,0,Russians,3
1,2,364,0,Italians,3
1,2,364,0,Germans,2
1,2,364,0,Chinese,3
1,2,364,1,Russians,3
1,2,364,1,Italians,2
1,2,364,1,Germans,2
1,2,364,1,Chinese,3
1,2,365,0,Russians,3
1,2,365,0,Italians,3
1,2,365,0,Germans,2
1,2,365,0,Chinese,3
1,2,365,1,Russians,3
1,2,365,1,Italians,3
1,2,365,1,Germans,2
1,2,365,1,Chinese,3
1,2,366,0,Russians,3
1,2,366,0,Italians,3
1,2,366,0,Germans,3
1,2,366,0,Chinese,3
1,2,366,1,Russians,3
1,2,366,1,Italians,2
1,2,366,1,Germans,3
1,2,366,1,Chinese,3
1,2,367,0,Russians,3
1,2,367,0,Italians,3
1,2,367,0,Germans,2
1,2,367,0,Chinese,3
1,2,367,1,Russians,3
1,2,367,1,Italians,3
1,2,367,1,Germans,2
1,2,367,1,Chinese,3
1,2,368,0,Russians,3
1,2,368,0,Italians,3
1,2,368,0,Germans,2
1,2,368,0,Chinese,3
1,2,368,1,Russians,3
1,2,368,1,Italians,2
1,2,368,1,Germans,2
1,2,368,1,Chinese,3
1,2,369,0,Russians,3
1,2,369,0,Italians,2
1,2,369,0,Germans,3
1,2,369,0,Chinese,3
1,2,369,1,Russians,3
1,2,369,1,Italians,2
1,2,369,1,Germans,3
1,2,369,1,Chinese,3
1,2,370,0,Russians,3
1,2,370,0,Italians,2
1,2,370,0,Germans,3
1,2,370,0,Chinese,3
1,2,370,1,Russians,3
1,2,370,1,Italians,2
1,2,370,1,Germans,3
1,2,370,1,Chinese,3
1,2,371,0,Russians,3
1,2,371,0,Italians,3
1,2,371,0,Germans,2
1,2,371,0,Chinese,3
1,2,371,1,Russians,3
1,2,371,1,Italians,3
1,2,371,1,Germans,2
1,2,371,1,Chinese,3
1,2,372,0,Russians,3
1,2,372,0,Italians,2
1,2,372,0,Germans,3
1,2,372,0,Chinese,3
1,2,372,1,Russians,3
1,2,372,1,Italians,2
1,2,372,1,Germans,3
1,2,372,1,Chinese,3
1,2,373,0,Russians,3
1,2,373,0,Italians,2
1,2,373,0,Germans,3
1,2,373,0,Chinese,3
1,2,373,1,Russians,3
1,2,373,1,Italians,2
1,2,373,1,Germans,3
1,2,373,1,Chinese,3
1,2,374,0,Russians,3
1,2,374,0,Italians,2
1,2,374,0,Germans,3
1,2,374,0,Chinese,3
1,2,374,1,Russians,3
1,2,374,1,Italians,2
1,2,374,1,Germans,3
1,2,374,1,Chinese,3
1,2,375,0,Russians,3
1,2,375,0,Italians,3
1,2,375,0,Germans,2
1,2,375,0,Chinese,3
1,2,375,1,Russians,3
1,2,375,1,Italians,2
1,2,375,1,Germans,2
1,2,375,1,Chinese,3
1,2,376,0,Russians,3
1,2,376,0,Italians,3
1,2,376,0,Germans,3
1,2,376,0,Chinese,3
1,2,376,1,Russians,3
1,2,376,1,Italians,3
1,2,376,1,Germans,3
1,2,376,1,Chinese,3
1,3,1,0,Russians,2
1,3,1,0,Italians,3
1,3,1,0,Germans,3
1,3,1,0,Chinese,3
1,3,1,1,Russians,3
1,3,1,1,Italians,2
1,3,1,1,Germans,3
1,3,1,1,Chinese,2
1,3,2,0,Russians,2
1,3,2,0,Italians,3
1,3,2,0,Germans,3
1,3,2,0,Chinese,3
1,3,2,1,Russians,3
1,3,2,1,Italians,3
1,3,2,1,Germans,3
1,3,2,1,Chinese,2
1,3,3,0,Russians,2
1,3,3,0,Italians,3
1,3,3,0,Germans,3
1,3,3,0,Chinese,3
1,3,3,1,Russians,3
1,3,3,1,Italians,3
1,3,3,1,Germans,3
1,3,3,1,Chinese,3
1,3,4,0,Russians,2
1,3,4,0,Italians,3
1,3,4,0,Germans,3
1,3,4,0,Chinese,3
1,3,4,1,Russians,3
1,3,4,1,Italians,3
1,3,4,1,Germans,2
1,3,4,1,Chinese,3
1,3,5,0,Russians,2
1,3,5,0,Italians,3
1,3,5,0,Germans,3
1,3,5,0,Chinese,3
1,3,5,1,Russians,3
1,3,5,1,Italians,3
1,3,5,1,Germans,2
1,3,5,1,Chinese,3
1,3,6,0,Russians,2
1,3,6,0,Italians,3
1,3,6,0,Germans,3
1,3,6,0,Chinese,3
1,3,6,1,Russians,3
1,3,6,1,Italians,3
1,3,6,1,Germans,1
1,3,6,1,Chinese,3
1,3,7,0,Russians,3
1,3,7,0,Italians,3
1,3,7,0,Germans,3
1,3,7,0,Chinese,3
1,3,7,1,Russians,3
1,3,7,1,Italians,3
1,3,7,1,Germans,2
1,3,7,1,Chinese,3
1,3,8,0,Russians,3
1,3,8,0,Italians,3
1,3,8,0,Germans,3
1,3,8,0,Chinese,3
1,3,8,1,Russians,3
1,3,8,1,Italians,2
1,3,8,1,Germans,3
1,3,8,1,Chinese,3
1,3,9,0,Russians,3
1,3,9,0,Italians,3
1,3,9,0,Germans,3
1,3,9,0,Chinese,3
1,3,9,1,Russians,3
1,3,9,1,Italians,3
1,3,9,1,Germans,3
1,3,9,1,Chinese,3
1,3,10,0,Russians,2
1,3,10,0,Italians,3
1,3,10,0,Germans,3
1,3,10,0,Chinese,3
1,3,10,1,Russians,3
1,3,10,1,Italians,3
1,3,10,1,Germans,2
1,3,10,1,Chinese,3
1,3,11,0,Russians,2
1,3,11,0,Italians,3
1,3,11,0,Germans,3
1,3,11,0,Chinese,3
1,3,11,1,Russians,3
1,3,11,1,Italians,3
1,3,11,1,Germans,2
1,3,11,1,Chinese,3
1,3,12,0,Russians,2
1,3,12,0,Italians,3
1,3,12,0,Germans,3
1,3,12,0,Chinese,3
1,3,12,1,Russians,3
1,3,12,1,Italians,3
1,3,12,1,Germans,1
1,3,12,1,Chinese,3
1,3,13,0,Russians,3
1,3,13,0,Italians,3
1,3,13,0,Germans,3
1,3,13,0,Chinese,3
1,3,13,1,Russians,3
1,3,13,1,Italians,3
1,3,13,1,Germans,3
1,3,13,1,Chinese,3
1,3,14,0,Russians,3
1,3,14,0,Italians,3
1,3,14,0,Germans,3
1,3,14,0,Chinese,3
1,3,14,1,Russians,3
1,3,14,1,Italians,2
1,3,14,1,Germans,1
1,3,14,1,Chinese,3
1,3,15,0,Russians,3
1,3,15,0,Italians,3
1,3,15,0,Germans,3
1,3,15,0,Chinese,3
1,3,15,1,Russians,3
1,3,15,1,Italians,3
1,3,15,1,Germans,3
1,3,15,1,Chinese,2
1,3,16,0,Russians,3
1,3,16,0,Italians,3
1,3,16,0,Germans,3
1,3,16,0,Chinese,3
1,3,16,1,Russians,3
1,3,16,1,Italians,3
1,3,16,1,Germans,3
1,3,16,1,Chinese,3
1,3,17,0,Russians,3
1,3,17,0,Italians,3
1,3,17,0,Germans,3
1,3,17,0,Chinese,3
1,3,17,1,Russians,3
1,3,17,1,Italians,3
1,3,17,1,Germans,2
1,3,17,1,Chinese,3
1,3,18,0,Russians,3
1,3,18,0,Italians,3
1,3,18,0,Germans,3
1,3,18,0,Chinese,3
1,3,18,1,Russians,3
1,3,18,1,Italians,2
1,3,18,1,Germans,2
1,3,18,1,Chinese,3
1,3,19,0,Russians,3
1,3,19,0,Italians,3
1,3,19,0,Germans,3
1,3,19,0,Chinese,3
1,3,19,1,Russians,3
1,3,19,1,Italians,3
1,3,19,1,Germans,2
1,3,19,1,Chinese,2
1,3,20,0,Russians,3
1,3,20,0,Italians,3
1,3,20,0,Germans,3
1,3,20,0,Chinese,3
1,3,20,1,Russians,3
1,3,20,1,Italians,2
1,3,20,1,Germans,2
1,3,20,1,Chinese,2
1,3,21,0,Russians,3
1,3,21,0,Italians,3
1,3,21,0,Germans,3
1,3,21,0,Chinese,3
1,3,21,1,Russians,3
1,3,21,1,Italians,3
1,3,21,1,Germans,2
1,3,21,1,Chinese,3
1,3,22,0,Russians,3
1,3,22,0,Italians,3
1,3,22,0,Germans,3
1,3,22,0,Chinese,3
1,3,22,1,Russians,3
1,3,22,1,Italians,3
1,3,22,1,Germans,2
1,3,22,1,Chinese,3
1,3,23,0,Russians,3
1,3,23,0,Italians,3
1,3,23,0,Germans,3
1,3,23,0,Chinese,3
1,3,23,1,Russians,3
1,3,23,1,Italians,2
1,3,23,1,Germans,2
1,3,23,1,Chinese,3
1,3,24,0,Russians,3
1,3,24,0,Italians,3
1,3,24,0,Germans,3
1,3,24,0,Chinese,3
1,3,24,1,Russians,3
1,3,24,1,Italians,3
1,3,24,1,Germans,1
1,3,24,1,Chinese,3
1,3,25,0,Russians,3
1,3,25,0,Italians,3
1,3,25,0,Germans,3
1,3,25,0,Chinese,3
1,3,25,1,Russians,3
1,3,25,1,Italians,3
1,3,25,1,Germans,2
1,3,25,1,Chinese,2
1,3,26,0,Russians,3
1,3,26,0,Italians,3
1,3,26,0,Germans,3
1,3,26,0,Chinese,3
1,3,26,1,Russians,3
1,3,26,1,Italians,3
1,3,26,1,Germans,2
1,3,26,1,Chinese,3
1,3,27,0,Russians,3
1,3,27,0,Italians,3
1,3,27,0,Germans,3
1,3,27,0,Chinese,3
1,3,27,1,Russians,3
1,3,27,1,Italians,2
1,3,27,1,Germans,3
1,3,27,1,Chinese,3
1,3,28,0,Russians,3
1,3,28,0,Italians,3
1,3,28,0,Germans,3
1,3,28,0,Chinese,3
1,3,28,1,Russians,3
1,3,28,1,Italians,3
1,3,28,1,Germans,2
1,3,28,1,Chinese,3
1,3,29,0,Russians,3
1,3,29,0,Italians,3
1,3,29,0,Germans,3
1,3,29,0,Chinese,3
1,3,29,1,Russians,3
1,3,29,1,Italians,2
1,3,29,1,Germans,2
1,3,29,1,Chinese,3
1,3,30,0,Russians,3
1,3,30,0,Italians,3
1,3,30,0,Germans,3
1,3,30,0,Chinese,3
1,3,30,1,Russians,3
1,3,30,1,Italians,2
1,3,30,1,Germans,2
1,3,30,1,Chinese,3
1,3,31,0,Russians,3
1,3,31,0,Italians,3
1,3,31,0,Germans,3
1,3,31,0,Chinese,3
1,3,31,1,Russians,3
1,3,31,1,Italians,3
1,3,31,1,Germans,1
1,3,31,1,Chinese,3
1,3,32,0,Russians,3
1,3,32,0,Italians,3
1,3,32,0,Germans,3
1,3,32,0,Chinese,3
1,3,32,1,Russians,3
1,3,32,1,Italians,3
1,3,32,1,Germans,3
1,3,32,1,Chinese,2
1,3,33,0,Russians,3
1,3,33,0,Italians,3
1,3,33,0,Germans,3
1,3,33,0,Chinese,3
1,3,33,1,Russians,3
1,3,33,1,Italians,2
1,3,33,1,Germans,1
1,3,33,1,Chinese,3
1,3,34,0,Russians,3
1,3,34,0,Italians,3
1,3,34,0,Germans,3
1,3,34,0,Chinese,3
1,3,34,1,Russians,3
1,3,34,1,Italians,3
1,3,34,1,Germans,2
1,3,34,1,Chinese,2
1,3,35,0,Russians,3
1,3,35,0,Italians,3
1,3,35,0,Germans,3
1,3,35,0,Chinese,3
1,3,35,1,Russians,3
1,3,35,1,Italians,3
1,3,35,1,Germans,3
1,3,35,1,Chinese,3
1,3,36,0,Russians,3
1,3,36,0,Italians,3
1,3,36,0,Germans,3
1,3,36,0,Chinese,3
1,3,36,1,Russians,3
1,3,36,1,Italians,2
1,3,36,1,Germans,2
1,3,36,1,Chinese,3
1,3,37,0,Russians,3
1,3,37,0,Italians,3
1,3,37,0,Germans,3
1,3,37,0,Chinese,3
1,3,37,1,Russians,3
1,3,37,1,Italians,3
1,3,37,1,Germans,2
1,3,37,1,Chinese,2
1,3,38,0,Russians,3
1,3,38,0,Italians,3
1,3,38,0,Germans,3
1,3,38,0,Chinese,3
1,3,38,1,Russians,3
1,3,38,1,Italians,2
1,3,38,1,Germans,3
1,3,38,1,Chinese,2
1,3,39,0,Russians,3
1,3,39,0,Italians,3
1,3,39,0,Germans,3
1,3,39,0,Chinese,3
1,3,39,1,Russians,3
1,3,39,1,Italians,3
1,3,39,1,Germans,2
1,3,39,1,Chinese,3
1,3,40,0,Russians,3
1,3,40,0,Italians,3
1,3,40,0,Germans,3
1,3,40,0,Chinese,3
1,3,40,1,Russians,3
1,3,40,1,Italians,3
1,3,40,1,Germans,3
1,3,40,1,Chinese,3
1,3,41,0,Russians,3
1,3,41,0,Italians,3
1,3,41,0,Germans,3
1,3,41,0,Chinese,3
1,3,41,1,Russians,3
1,3,41,1,Italians,2
1,3,41,1,Germans,3
1,3,41,1,Chinese,3
1,3,42,0,Russians,3
1,3,42,0,Italians,3
1,3,42,0,Germans,3
1,3,42,0,Chinese,3
1,3,42,1,Russians,3
1,3,42,1,Italians,3
1,3,42,1,Germans,2
1,3,42,1,Chinese,3
1,3,43,0,Russians,3
1,3,43,0,Italians,3
1,3,43,0,Germans,3
1,3,43,0,Chinese,3
1,3,43,1,Russians,3
1,3,43,1,Italians,3
1,3,43,1,Germans,2
1,3,43,1,Chinese,3
1,3,44,0,Russians,3
1,3,44,0,Italians,3
1,3,44,0,Germans,3
1,3,44,0,Chinese,3
1,3,44,1,Russians,3
1,3,44,1,Italians,2
1,3,44,1,Germans,2
1,3,44,1,Chinese,3
1,3,45,0,Russians,3
1,3,45,0,Italians,3
1,3,45,0,Germans,3
1,3,45,0,Chinese,3
1,3,45,1,Russians,3
1,3,45,1,Italians,2
1,3,45,1,Germans,2
1,3,45,1,Chinese,3
1,3,46,0,Russians,3
1,3,46,0,Italians,3
1,3,46,0,Germans,3
1,3,46,0,Chinese,3
1,3,46,1,Russians,3
1,3,46,1,Italians,3
1,3,46,1,Germans,3
1,3,46,1,Chinese,3
1,3,47,0,Russians,3
1,3,47,0,Italians,3
1,3,47,0,Germans,3
1,3,47,0,Chinese,3
1,3,47,1,Russians,3
1,3,47,1,Italians,3
1,3,47,1,Germans,3
1,3,47,1,Chinese,2
1,3,48,0,Russians,3
1,3,48,0,Italians,3
1,3,48,0,Germans,3
1,3,48,0,Chinese,3
1,3,48,1,Russians,3
1,3,48,1,Italians,3
1,3,48,1,Germans,3
1,3,48,1,Chinese,2
1,3,49,0,Russians,3
1,3,49,0,Italians,3
1,3,49,0,Germans,3
1,3,49,0,Chinese,3
1,3,49,1,Russians,3
1,3,49,1,Italians,3
1,3,49,1,Germans,3
1,3,49,1,Chinese,3
1,3,50,0,Russians,3
1,3,50,0,Italians,3
1,3,50,0,Germans,3
1,3,50,0,Chinese,3
1,3,50,1,Russians,3
1,3,50,1,Italians,2
1,3,50,1,Germans,1
1,3,50,1,Chinese,3
1,3,51,0,Russians,3
1,3,51,0,Italians,3
1,3,51,0,Germans,3
1,3,51,0,Chinese,3
1,3,51,1,Russians,3
1,3,51,1,Italians,3
1,3,51,1,Germans,3
1,3,51,1,Chinese,2
1,3,52,0,Russians,3
1,3,52,0,Italians,3
1,3,52,0,Germans,3
1,3,52,0,Chinese,3
1,3,52,1,Russians,3
1,3,52,1,Italians,3
1,3,52,1,Germans,1
1,3,52,1,Chinese,3
1,3,53,0,Russians,3
1,3,53,0,Italians,3
1,3,53,0,Germans,3
1,3,53,0,Chinese,3
1,3,53,1,Russians,3
1,3,53,1,Italians,3
1,3,53,1,Germans,2
1,3,53,1,Chinese,3
1,3,54,0,Russians,3
1,3,54,0,Italians,3
1,3,54,0,Germans,3
1,3,54,0,Chinese,3
1,3,54,1,Russians,3
1,3,54,1,Italians,2
1,3,54,1,Germans,2
1,3,54,1,Chinese,3
1,3,55,0,Russians,3
1,3,55,0,Italians,3
1,3,55,0,Germans,3
1,3,55,0,Chinese,3
1,3,55,1,Russians,3
1,3,55,1,Italians,3
1,3,55,1,Germans,2
1,3,55,1,Chinese,3
1,3,56,0,Russians,3
1,3,56,0,Italians,3
1,3,56,0,Germans,3
1,3,56,0,Chinese,3
1,3,56,1,Russians,3
1,3,56,1,Italians,3
1,3,56,1,Germans,2
1,3,56,1,Chinese,2
1,3,57,0,Russians,3
1,3,57,0,Italians,3
1,3,57,0,Germans,3
1,3,57,0,Chinese,3
1,3,57,1,Russians,3
1,3,57,1,Italians,2
1,3,57,1,Germans,3
1,3,57,1,Chinese,3
1,3,58,0,Russians,3
1,3,58,0,Italians,3
1,3,58,0,Germans,3
1,3,58,0,Chinese,3
1,3,58,1,Russians,3
1,3,58,1,Italians,3
1,3,58,1,Germans,2
1,3,58,1,Chinese,2
1,3,59,0,Russians,3
1,3,59,0,Italians,3
1,3,59,0,Germans,3
1,3,59,0,Chinese,3
1,3,59,1,Russians,3
1,3,59,1,Italians,3
1,3,59,1,Germans,2
1,3,59,1,Chinese,3
1,3,60,0,Russians,3
1,3,60,0,Italians,3
1,3,60,0,Germans,3
1,3,60,0,Chinese,3
1,3,60,1,Russians,3
1,3,60,1,Italians,3
1,3,60,1,Germans,2
1,3,60,1,Chinese,3
1,3,61,0,Russians,3
1,3,61,0,Italians,3
1,3,61,0,Germans,3
1,3,61,0,Chinese,3
1,3,61,1,Russians,3
1,3,61,1,Italians,3
1,3,61,1,Germans,3
1,3,61,1,Chinese,3
1,3,62,0,Russians,3
1,3,62,0,Italians,3
1,3,62,0,Germans,3
1,3,62,0,Chinese,3
1,3,62,1,Russians,3
1,3,62,1,Italians,3
1,3,62,1,Germans,3
1,3,62,1,Chinese,2
1,3,63,0,Russians,3
1,3,63,0,Italians,3
1,3,63,0,Germans,3
1,3,63,0,Chinese,3
1,3,63,1,Russians,3
1,3,63,1,Italians,2
1,3,63,1,Germans,2
1,3,63,1,Chinese,3
1,3,64,0,Russians,3
1,3,64,0,Italians,3
1,3,64,0,Germans,3
1,3,64,0,Chinese,3
1,3,64,1,Russians,3
1,3,64,1,Italians,3
1,3,64,1,Germans,2
1,3,64,1,Chinese,3
1,3,65,0,Russians,3
1,3,65,0,Italians,3
1,3,65,0,Germans,3
1,3,65,0,Chinese,3
1,3,65,1,Russians,3
1,3,65,1,Italians,3
1,3,65,1,Germans,2
1,3,65,1,Chinese,3
1,3,66,0,Russians,3
1,3,66,0,Italians,3
1,3,66,0,Germans,3
1,3,66,0,Chinese,3
1,3,66,1,Russians,3
1,3,66,1,Italians,3
1,3,66,1,Germans,2
1,3,66,1,Chinese,3
1,3,67,0,Russians,3
1,3,67,0,Italians,3
1,3,67,0,Germans,3
1,3,67,0,Chinese,3
1,3,67,1,Russians,3
1,3,67,1,Italians,3
1,3,67,1,Germans,2
1,3,67,1,Chinese,3
1,3,68,0,Russians,3
1,3,68,0,Italians,3
1,3,68,0,Germans,3
1,3,68,0,Chinese,3
1,3,68,1,Russians,3
1,3,68,1,Italians,2
1,3,68,1,Germans,3
1,3,68,1,Chinese,3
1,3,69,0,Russians,3
1,3,69,0,Italians,3
1,3,69,0,Germans,3
1,3,69,0,Chinese,3
1,3,69,1,Russians,3
1,3,69,1,Italians,2
1,3,69,1,Germans,3
1,3,69,1,Chinese,3
1,3,70,0,Russians,3
1,3,70,0,Italians,3
1,3,70,0,Germans,3
1,3,70,0,Chinese,3
1,3,70,1,Russians,3
1,3,70,1,Italians,3
1,3,70,1,Germans,2
1,3,70,1,Chinese,3
1,3,71,0,Russians,3
1,3,71,0,Italians,3
1,3,71,0,Germans,3
1,3,71,0,Chinese,3
1,3,71,1,Russians,3
1,3,71,1,Italians,2
1,3,71,1,Germans,2
1,3,71,1,Chinese,3
1,3,72,0,Russians,3
1,3,72,0,Italians,3
1,3,72,0,Germans,3
1,3,72,0,Chinese,3
1,3,72,1,Russians,3
1,3,72,1,Italians,2
1,3,72,1,Germans,2
1,3,72,1,Chinese,3
1,3,73,0,Russians,3
1,3,73,0,Italians,3
1,3,73,0,Germans,3
1,3,73,0,Chinese,3
1,3,73,1,Russians,3
1,3,73,1,Italians,3
1,3,73,1,Germans,3
1,3,73,1,Chinese,2
1,3,74,0,Russians,3
1,3,74,0,Italians,3
1,3,74,0,Germans,3
1,3,74,0,Chinese,3
1,3,74,1,Russians,3
1,3,74,1,Italians,2
1,3,74,1,Germans,2
1,3,74,1,Chinese,3
1,3,75,0,Russians,3
1,3,75,0,Italians,3
1,3,75,0,Germans,3
1,3,75,0,Chinese,3
1,3,75,1,Russians,3
1,3,75,1,Italians,2
1,3,75,1,Germans,3
1,3,75,1,Chinese,2
1,3,76,0,Russians,3
1,3,76,0,Italians,3
1,3,76,0,Germans,3
1,3,76,0,Chinese,3
1,3,76,1,Russians,3
1,3,76,1,Italians,3
1,3,76,1,Germans,2
1,3,76,1,Chinese,3
1,3,77,0,Russians,3
1,3,77,0,Italians,3
1,3,77,0,Germans,3
1,3,77,0,Chinese,3
1,3,77,1,Russians,3
1,3,77,1,Italians,3
1,3,77,1,Germans,2
1,3,77,1,Chinese,3
1,3,78,0,Russians,3
1,3,78,0,Italians,3
1,3,78,0,Germans,3
1,3,78,0,Chinese,3
1,3,78,1,Russians,3
1,3,78,1,Italians,2
1,3,78,1,Germans,2
1,3,78,1,Chinese,3
1,3,79,0,Russians,3
1,3,79,0,Italians,3
1,3,79,0,Germans,3
1,3,79,0,Chinese,3
1,3,79,1,Russians,3
1,3,79,1,Italians,3
1,3,79,1,Germans,3
1,3,79,1,Chinese,2
1,3,80,0,Russians,3
1,3,80,0,Italians,3
1,3,80,0,Germans,3
1,3,80,0,Chinese,3
1,3,80,1,Russians,3
1,3,80,1,Italians,2
1,3,80,1,Germans,2
1,3,80,1,Chinese,3
1,3,81,0,Russians,3
1,3,81,0,Italians,3
1,3,81,0,Germans,3
1,3,81,0,Chinese,3
1,3,81,1,Russians,3
1,3,81,1,Italians,3
1,3,81,1,Germans,1
1,3,81,1,Chinese,3
1,3,82,0,Russians,3
1,3,82,0,Italians,3
1,3,82,0,Germans,3
1,3,82,0,Chinese,3
1,3,82,1,Russians,3
1,3,82,1,Italians,3
1,3,82,1,Germans,1
1,3,82,1,Chinese,3
1,3,83,0,Russians,3
1,3,83,0,Italians,3
1,3,83,0,Germans,3
1,3,83,0,Chinese,3
1,3,83,1,Russians,3
1,3,83,1,Italians,3
1,3,83,1,Germans,3
1,3,83,1,Chinese,2
1,3,84,0,Russians,3
1,3,84,0,Italians,3
1,3,84,0,Germans,3
1,3,84,0,Chinese,3
1,3,84,1,Russians,3
1,3,84,1,Italians,2
1,3,84,1,Germans,2
1,3,84,1,Chinese,2
1,3,85,0,Russians,3
1,3,85,0,Italians,3
1,3,85,0,Germans,3
1,3,85,0,Chinese,3
1,3,85,1,Russians,3
1,3,85,1,Italians,3
1,3,85,1,Germans,3
1,3,85,1,Chinese,3
1,3,86,0,Russians,3
1,3,86,0,Italians,3
1,3,86,0,Germans,3
1,3,86,0,Chinese,3
1,3,86,1,Russians,3
1,3,86,1,Italians,3
1,3,86,1,Germans,2
1,3,86,1,Chinese,3
1,3,87,0,Russians,3
1,3,87,0,Italians,3
1,3,87,0,Germans,3
1,3,87,0,Chinese,3
1,3,87,1,Russians,3
1,3,87,1,Italians,3
1,3,87,1,Germans,2
1,3,87,1,Chinese,3
1,3,88,0,Russians,3
1,3,88,0,Italians,3
1,3,88,0,Germans,3
1,3,88,0,Chinese,3
1,3,88,1,Russians,3
1,3,88,1,Italians,3
1,3,88,1,Germans,2
1,3,88,1,Chinese,3
1,3,89,0,Russians,3
1,3,89,0,Italians,3
1,3,89,0,Germans,3
1,3,89,0,Chinese,3
1,3,89,1,Russians,3
1,3,89,1,Italians,3
1,3,89,1,Germans,1
1,3,89,1,Chinese,3
1,3,90,0,Russians,3
1,3,90,0,Italians,3
1,3,90,0,Germans,3
1,3,90,0,Chinese,3
1,3,90,1,Russians,3
1,3,90,1,Italians,2
1,3,90,1,Germans,3
1,3,90,1,Chinese,2
1,3,91,0,Russians,3
1,3,91,0,Italians,3
1,3,91,0,Germans,3
1,3,91,0,Chinese,3
1,3,91,1,Russians,3
1,3,91,1,Italians,3
1,3,91,1,Germans,3
1,3,91,1,Chinese,3
1,3,92,0,Russians,3
1,3,92,0,Italians,3
1,3,92,0,Germans,3
1,3,92,0,Chinese,3
1,3,92,1,Russians,3
1,3,92,1,Italians,2
1,3,92,1,Germans,2
1,3,92,1,Chinese,2
1,3,93,0,Russians,3
1,3,93,0,Italians,3
1,3,93,0,Germans,3
1,3,93,0,Chinese,3
1,3,93,1,Russians,3
1,3,93,1,Italians,3
1,3,93,1,Germans,1
1,3,93,1,Chinese,3
1,3,94,0,Russians,3
1,3,94,0,Italians,3
1,3,94,0,Germans,3
1,3,94,0,Chinese,3
1,3,94,1,Russians,3
1,3,94,1,Italians,3
1,3,94,1,Germans,1
1,3,94,1,Chinese,3
1,3,95,0,Russians,3
1,3,95,0,Italians,3
1,3,95,0,Germans,3
1,3,95,0,Chinese,3
1,3,95,1,Russians,3
1,3,95,1,Italians,3
1,3,95,1,Germans,3
1,3,95,1,Chinese,2
1,3,96,0,Russians,3
1,3,96,0,Italians,3
1,3,96,0,Germans,3
1,3,96,0,Chinese,3
1,3,96,1,Russians,3
1,3,96,1,Italians,2
1,3,96,1,Germans,2
1,3,96,1,Chinese,3
1,3,97,0,Russians,3
1,3,97,0,Italians,3
1,3,97,0,Germans,3
1,3,97,0,Chinese,3
1,3,97,1,Russians,3
1,3,97,1,Italians,3
1,3,97,1,Germans,2
1,3,97,1,Chinese,3
1,3,98,0,Russians,3
1,3,98,0,Italians,3
1,3,98,0,Germans,3
1,3,98,0,Chinese,3
1,3,98,1,Russians,3
1,3,98,1,Italians,3
1,3,98,1,Germans,3
1,3,98,1,Chinese,3
1,3,99,0,Russians,3
1,3,99,0,Italians,3
1,3,99,0,Germans,3
1,3,99,0,Chinese,3
1,3,99,1,Russians,3
1,3,99,1,Italians,3
1,3,99,1,Germans,3
1,3,99,1,Chinese,3
1,3,100,0,Russians,3
1,3,100,0,Italians,3
1,3,100,0,Germans,3
1,3,100,0,Chinese,3
1,3,100,1,Russians,3
1,3,100,1,Italians,3
1,3,100,1,Germans,2
1,3,100,1,Chinese,3
1,3,101,0,Russians,3
1,3,101,0,Italians,3
1,3,101,0,Germans,3
1,3,101,0,Chinese,3
1,3,101,1,Russians,3
1,3,101,1,Italians,2
1,3,101,1,Germans,3
1,3,101,1,Chinese,3
1,3,102,0,Russians,3
1,3,102,0,Italians,3
1,3,102,0,Germans,3
1,3,102,0,Chinese,3
1,3,102,1,Russians,3
1,3,102,1,Italians,3
1,3,102,1,Germans,1
1,3,102,1,Chinese,3
1,3,103,0,Russians,3
1,3,103,0,Italians,3
1,3,103,0,Germans,3
1,3,103,0,Chinese,3
1,3,103,1,Russians,3
1,3,103,1,Italians,3
1,3,103,1,Germans,3
1,3,103,1,Chinese,3
1,3,104,0,Russians,3
1,3,104,0,Italians,3
1,3,104,0,Germans,3
1,3,104,0,Chinese,3
1,3,104,1,Russians,3
1,3,104,1,Italians,2
1,3,104,1,Germans,3
1,3,104,1,Chinese,3
1,3,105,0,Russians,3
1,3,105,0,Italians,3
1,3,105,0,Germans,3
1,3,105,0,Chinese,3
1,3,105,1,Russians,3
1,3,105,1,Italians,2
1,3,105,1,Germans,2
1,3,105,1,Chinese,3
1,3,106,0,Russians,3
1,3,106,0,Italians,3
1,3,106,0,Germans,3
1,3,106,0,Chinese,3
1,3,106,1,Russians,3
1,3,106,1,Italians,3
1,3,106,1,Germans,1
1,3,106,1,Chinese,3
1,3,107,0,Russians,3
1,3,107,0,Italians,3
1,3,107,0,Germans,3
1,3,107,0,Chinese,3
1,3,107,1,Russians,3
1,3,107,1,Italians,3
1,3,107,1,Germans,2
1,3,107,1,Chinese,2
1,3,108,0,Russians,3
1,3,108,0,Italians,3
1,3,108,0,Germans,3
1,3,108,0,Chinese,3
1,3,108,1,Russians,3
1,3,108,1,Italians,2
1,3,108,1,Germans,3
1,3,108,1,Chinese,2
1,3,109,0,Russians,3
1,3,109,0,Italians,3
1,3,109,0,Germans,3
1,3,109,0,Chinese,3
1,3,109,1,Russians,3
1,3,109,1,Italians,3
1,3,109,1,Germans,2
1,3,109,1,Chinese,3
1,3,110,0,Russians,3
1,3,110,0,Italians,3
1,3,110,0,Germans,3
1,3,110,0,Chinese,3
1,3,110,1,Russians,3
1,3,110,1,Italians,2
1,3,110,1,Germans,2
1,3,110,1,Chinese,2
1,3,111,0,Russians,3
1,3,111,0,Italians,3
1,3,111,0,Germans,3
1,3,111,0,Chinese,3
1,3,111,1,Russians,3
1,3,111,1,Italians,2
1,3,111,1,Germans,3
1,3,111,1,Chinese,3
1,3,112,0,Russians,3
1,3,112,0,Italians,3
1,3,112,0,Germans,3
1,3,112,0,Chinese,3
1,3,112,1,Russians,3
1,3,112,1,Italians,3
1,3,112,1,Germans,2
1,3,112,1,Chinese,2
1,3,113,0,Russians,3
1,3,113,0,Italians,3
1,3,113,0,Germans,3
1,3,113,0,Chinese,3
1,3,113,1,Russians,3
1,3,113,1,Italians,2
1,3,113,1,Germans,3
1,3,113,1,Chinese,3
1,3,114,0,Russians,3
1,3,114,0,Italians,3
1,3,114,0,Germans,3
1,3,114,0,Chinese,3
1,3,114,1,Russians,3
1,3,114,1,Italians,3
1,3,114,1,Germans,2
1,3,114,1,Chinese,3
1,3,115,0,Russians,3
1,3,115,0,Italians,3
1,3,115,0,Germans,3
1,3,115,0,Chinese,3
1,3,115,1,Russians,3
1,3,115,1,Italians,3
1,3,115,1,Germans,2
1,3,115,1,Chinese,2
1,3,116,0,Russians,3
1,3,116,0,Italians,3
1,3,116,0,Germans,3
1,3,116,0,Chinese,3
1,3,116,1,Russians,3
1,3,116,1,Italians,3
1,3,116,1,Germans,2
1,3,116,1,Chinese,2
1,3,117,0,Russians,3
1,3,117,0,Italians,3
1,3,117,0,Germans,3
1,3,117,0,Chinese,3
1,3,117,1,Russians,3
1,3,117,1,Italians,3
1,3,117,1,Germans,3
1,3,117,1,Chinese,2
1,3,118,0,Russians,3
1,3,118,0,Italians,3
1,3,118,0,Germans,3
1,3,118,0,Chinese,3
1,3,118,1,Russians,3
1,3,118,1,Italians,3
1,3,118,1,Germans,2
1,3,118,1,Chinese,3
1,3,119,0,Russians,3
1,3,119,0,Italians,3
1,3,119,0,Germans,3
1,3,119,0,Chinese,3
1,3,119,1,Russians,3
1,3,119,1,Italians,3
1,3,119,1,Germans,3
1,3,119,1,Chinese,3
1,3,120,0,Russians,3
1,3,120,0,Italians,3
1,3,120,0,Germans,3
1,3,120,0,Chinese,3
1,3,120,1,Russians,3
1,3,120,1,Italians,2
1,3,120,1,Germans,2
1,3,120,1,Chinese,2
1,3,121,0,Russians,3
1,3,121,0,Italians,3
1,3,121,0,Germans,3
1,3,121,0,Chinese,3
1,3,121,1,Russians,3
1,3,121,1,Italians,3
1,3,121,1,Germans,3
1,3,121,1,Chinese,2
1,3,122,0,Russians,3
1,3,122,0,Italians,3
1,3,122,0,Germans,3
1,3,122,0,Chinese,3
1,3,122,1,Russians,3
1,3,122,1,Italians,3
1,3,122,1,Germans,2
1,3,122,1,Chinese,3
1,3,123,0,Russians,3
1,3,123,0,Italians,3
1,3,123,0,Germans,3
1,3,123,0,Chinese,3
1,3,123,1,Russians,3
1,3,123,1,Italians,2
1,3,123,1,Germans,2
1,3,123,1,Chinese,3
1,3,124,0,Russians,3
1,3,124,0,Italians,3
1,3,124,0,Germans,3
1,3,124,0,Chinese,3
1,3,124,1,Russians,3
1,3,124,1,Italians,3
1,3,124,1,Germans,2
1,3,124,1,Chinese,3
1,3,125,0,Russians,3
1,3,125,0,Italians,3
1,3,125,0,Germans,3
1,3,125,0,Chinese,3
1,3,125,1,Russians,3
1,3,125,1,Italians,2
1,3,125,1,Germans,2
1,3,125,1,Chinese,2
1,3,126,0,Russians,3
1,3,126,0,Italians,3
1,3,126,0,Germans,3
1,3,126,0,Chinese,3
1,3,126,1,Russians,3
1,3,126,1,Italians,2
1,3,126,1,Germans,1
1,3,126,1,Chinese,3
1,3,127,0,Russians,3
1,3,127,0,Italians,3
1,3,127,0,Germans,3
1,3,127,0,Chinese,3
1,3,127,1,Russians,3
1,3,127,1,Italians,3
1,3,127,1,Germans,3
1,3,127,1,Chinese,3
1,3,128,0,Russians,3
1,3,128,0,Italians,3
1,3,128,0,Germans,3
1,3,128,0,Chinese,3
1,3,128,1,Russians,3
1,3,128,1,Italians,2
1,3,128,1,Germans,2
1,3,128,1,Chinese,3
1,3,129,0,Russians,3
1,3,129,0,Italians,3
1,3,129,0,Germans,3
1,3,129,0,Chinese,3
1,3,129,1,Russians,3
1,3,129,1,Italians,3
1,3,129,1,Germans,2
1,3,129,1,Chinese,2
1,3,130,0,Russians,3
1,3,130,0,Italians,3
1,3,130,0,Germans,3
1,3,130,0,Chinese,3
1,3,130,1,Russians,3
1,3,130,1,Italians,3
1,3,130,1,Germans,2
1,3,130,1,Chinese,2
1,3,131,0,Russians,3
1,3,131,0,Italians,3
1,3,131,0,Germans,3
1,3,131,0,Chinese,3
1,3,131,1,Russians,3
1,3,131,1,Italians,3
1,3,131,1,Germans,3
1,3,131,1,Chinese,2
1,3,132,0,Russians,3
1,3,132,0,Italians,3
1,3,132,0,Germans,3
1,3,132,0,Chinese,3
1,3,132,1,Russians,3
1,3,132,1,Italians,3
1,3,132,1,Germans,3
1,3,132,1,Chinese,3
1,3,133,0,Russians,3
1,3,133,0,Italians,3
1,3,133,0,Germans,3
1,3,133,0,Chinese,3
1,3,133,1,Russians,3
1,3,133,1,Italians,3
1,3,133,1,Germans,3
1,3,133,1,Chinese,3
1,3,134,0,Russians,3
1,3,134,0,Italians,3
1,3,134,0,Germans,3
1,3,134,0,Chinese,3
1,3,134,1,Russians,3
1,3,134,1,Italians,2
1,3,134,1,Germans,2
1,3,134,1,Chinese,3
1,3,135,0,Russians,3
1,3,135,0,Italians,3
1,3,135,0,Germans,3
1,3,135,0,Chinese,3
1,3,135,1,Russians,3
1,3,135,1,Italians,3
1,3,135,1,Germans,3
1,3,135,1,Chinese,3
1,3,136,0,Russians,3
1,3,136,0,Italians,3
1,3,136,0,Germans,3
1,3,136,0,Chinese,3
1,3,136,1,Russians,3
1,3,136,1,Italians,3
1,3,136,1,Germans,2
1,3,136,1,Chinese,3
1,3,137,0,Russians,3
1,3,137,0,Italians,3
1,3,137,0,Germans,3
1,3,137,0,Chinese,3
1,3,137,1,Russians,3
1,3,137,1,Italians,3
1,3,137,1,Germans,2
1,3,137,1,Chinese,3
1,3,138,0,Russians,3
1,3,138,0,Italians,3
1,3,138,0,Germans,3
1,3,138,0,Chinese,3
1,3,138,1,Russians,3
1,3,138,1,Italians,3
1,3,138,1,Germans,2
1,3,138,1,Chinese,3
1,3,139,0,Russians,3
1,3,139,0,Italians,3
1,3,139,0,Germans,3
1,3,139,0,Chinese,3
1,3,139,1,Russians,3
1,3,139,1,Italians,3
1,3,139,1,Germans,2
1,3,139,1,Chinese,2
1,3,140,0,Russians,3
1,3,140,0,Italians,3
1,3,140,0,Germans,3
1,3,140,0,Chinese,3
1,3,140,1,Russians,3
1,3,140,1,Italians,3
1,3,140,1,Germans,3
1,3,140,1,Chinese,2
1,3,141,0,Russians,3
1,3,141,0,Italians,3
1,3,141,0,Germans,3
1,3,141,0,Chinese,3
1,3,141,1,Russians,3
1,3,141,1,Italians,3
1,3,141,1,Germans,2
1,3,141,1,Chinese,2
1,3,142,0,Russians,3
1,3,142,0,Italians,3
1,3,142,0,Germans,3
1,3,142,0,Chinese,3
1,3,142,1,Russians,3
1,3,142,1,Italians,3
1,3,142,1,Germans,3
1,3,142,1,Chinese,3
1,3,143,0,Russians,3
1,3,143,0,Italians,3
1,3,143,0,Germans,3
1,3,143,0,Chinese,3
1,3,143,1,Russians,3
1,3,143,1,Italians,2
1,3,143,1,Germans,1
1,3,143,1,Chinese,3
1,3,144,0,Russians,3
1,3,144,0,Italians,3
1,3,144,0,Germans,3
1,3,144,0,Chinese,3
1,3,144,1,Russians,3
1,3,144,1,Italians,3
1,3,144,1,Germans,3
1,3,144,1,Chinese,3
1,3,145,0,Russians,3
1,3,145,0,Italians,3
1,3,145,0,Germans,3
1,3,145,0,Chinese,3
1,3,145,1,Russians,3
1,3,145,1,Italians,3
1,3,145,1,Germans,2
1,3,145,1,Chinese,3
1,3,146,0,Russians,3
1,3,146,0,Italians,3
1,3,146,0,Germans,3
1,3,146,0,Chinese,3
1,3,146,1,Russians,3
1,3,146,1,Italians,2
1,3,146,1,Germans,3
1,3,146,1,Chinese,2
1,3,147,0,Russians,3
1,3,147,0,Italians,3
1,3,147,0,Germans,3
1,3,147,0,Chinese,3
1,3,147,1,Russians,3
1,3,147,1,Italians,3
1,3,147,1,Germans,2
1,3,147,1,Chinese,2
1,3,148,0,Russians,3
1,3,148,0,Italians,3
1,3,148,0,Germans,3
1,3,148,0,Chinese,3
1,3,148,1,Russians,3
1,3,148,1,Italians,3
1,3,148,1,Germans,2
1,3,148,1,Chinese,3
1,3,149,0,Russians,3
1,3,149,0,Italians,3
1,3,149,0,Germans,3
1,3,149,0,Chinese,3
1,3,149,1,Russians,3
1,3,149,1,Italians,2
1,3,149,1,Germans,3
1,3,149,1,Chinese,3
1,3,150,0,Russians,3
1,3,150,0,Italians,3
1,3,150,0,Germans,3
1,3,150,0,Chinese,3
1,3,150,1,Russians,3
1,3,150,1,Italians,2
1,3,150,1,Germans,2
1,3,150,1,Chinese,2
1,3,151,0,Russians,3
1,3,151,0,Italians,3
1,3,151,0,Germans,3
1,3,151,0,Chinese,3
1,3,151,1,Russians,3
1,3,151,1,Italians,3
1,3,151,1,Germans,3
1,3,151,1,Chinese,3
1,3,152,0,Russians,3
1,3,152,0,Italians,3
1,3,152,0,Germans,3
1,3,152,0,Chinese,3
1,3,152,1,Russians,3
1,3,152,1,Italians,2
1,3,152,1,Germans,3
1,3,152,1,Chinese,2
1,3,153,0,Russians,3
1,3,153,0,Italians,3
1,3,153,0,Germans,3
1,3,153,0,Chinese,3
1,3,153,1,Russians,3
1,3,153,1,Italians,2
1,3,153,1,Germans,3
1,3,153,1,Chinese,2
1,3,154,0,Russians,3
1,3,154,0,Italians,3
1,3,154,0,Germans,3
1,3,154,0,Chinese,3
1,3,154,1,Russians,3
1,3,154,1,Italians,3
1,3,154,1,Germans,3
1,3,154,1,Chinese,3
1,3,155,0,Russians,3
1,3,155,0,Italians,3
1,3,155,0,Germans,3
1,3,155,0,Chinese,3
1,3,155,1,Russians,3
1,3,155,1,Italians,2
1,3,155,1,Germans,2
1,3,155,1,Chinese,2
1,3,156,0,Russians,3
1,3,156,0,Italians,3
1,3,156,0,Germans,3
1,3,156,0,Chinese,3
1,3,156,1,Russians,3
1,3,156,1,Italians,3
1,3,156,1,Germans,2
1,3,156,1,Chinese,2
1,3,157,0,Russians,3
1,3,157,0,Italians,3
1,3,157,0,Germans,3
1,3,157,0,Chinese,3
1,3,157,1,Russians,3
1,3,157,1,Italians,3
1,3,157,1,Germans,2
1,3,157,1,Chinese,3
1,3,158,0,Russians,3
1,3,158,0,Italians,3
1,3,158,0,Germans,3
1,3,158,0,Chinese,3
1,3,158,1,Russians,3
1,3,158,1,Italians,2
1,3,158,1,Germans,2
1,3,158,1,Chinese,2
1,3,159,0,Russians,3
1,3,159,0,Italians,3
1,3,159,0,Germans,3
1,3,159,0,Chinese,3
1,3,159,1,Russians,3
1,3,159,1,Italians,3
1,3,159,1,Germans,3
1,3,159,1,Chinese,2
1,3,160,0,Russians,3
1,3,160,0,Italians,3
1,3,160,0,Germans,3
1,3,160,0,Chinese,3
1,3,160,1,Russians,3
1,3,160,1,Italians,3
1,3,160,1,Germans,3
1,3,160,1,Chinese,3
1,3,161,0,Russians,3
1,3,161,0,Italians,3
1,3,161,0,Germans,3
1,3,161,0,Chinese,3
1,3,161,1,Russians,3
1,3,161,1,Italians,2
1,3,161,1,Germans,2
1,3,161,1,Chinese,3
1,3,162,0,Russians,3
1,3,162,0,Italians,3
1,3,162,0,Germans,3
1,3,162,0,Chinese,3
1,3,162,1,Russians,3
1,3,162,1,Italians,3
1,3,162,1,Germans,2
1,3,162,1,Chinese,3
1,3,163,0,Russians,3
1,3,163,0,Italians,3
1,3,163,0,Germans,3
1,3,163,0,Chinese,3
1,3,163,1,Russians,3
1,3,163,1,Italians,3
1,3,163,1,Germans,3
1,3,163,1,Chinese,3
1,3,164,0,Russians,3
1,3,164,0,Italians,3
1,3,164,0,Germans,3
1,3,164,0,Chinese,3
1,3,164,1,Russians,3
1,3,164,1,Italians,2
1,3,164,1,Germans,3
1,3,164,1,Chinese,3
1,3,165,0,Russians,3
1,3,165,0,Italians,3
1,3,165,0,Germans,3
1,3,165,0,Chinese,3
1,3,165,1,Russians,3
1,3,165,1,Italians,2
1,3,165,1,Germans,2
1,3,165,1,Chinese,3
1,3,166,0,Russians,3
1,3,166,0,Italians,3
1,3,166,0,Germans,3
1,3,166,0,Chinese,3
1,3,166,1,Russians,3
1,3,166,1,Italians,3
1,3,166,1,Germans,2
1,3,166,1,Chinese,3
1,3,167,0,Russians,3
1,3,167,0,Italians,3
1,3,167,0,Germans,3
1,3,167,0,Chinese,3
1,3,167,1,Russians,3
1,3,167,1,Italians,3
1,3,167,1,Germans,2
1,3,167,1,Chinese,3
1,3,168,0,Russians,3
1,3,168,0,Italians,3
1,3,168,0,Germans,3
1,3,168,0,Chinese,3
1,3,168,1,Russians,3
1,3,168,1,Italians,2
1,3,168,1,Germans,3
1,3,168,1,Chinese,3
1,3,169,0,Russians,3
1,3,169,0,Italians,3
1,3,169,0,Germans,3
1,3,169,0,Chinese,3
1,3,169,1,Russians,3
1,3,169,1,Italians,3
1,3,169,1,Germans,3
1,3,169,1,Chinese,3
1,3,170,0,Russians,3
1,3,170,0,Italians,3
1,3,170,0,Germans,3
1,3,170,0,Chinese,3
1,3,170,1,Russians,3
1,3,170,1,Italians,3
1,3,170,1,Germans,3
1,3,170,1,Chinese,2
1,3,171,0,Russians,3
1,3,171,0,Italians,3
1,3,171,0,Germans,3
1,3,171,0,Chinese,3
1,3,171,1,Russians,3
1,3,171,1,Italians,3
1,3,171,1,Germans,2
1,3,171,1,Chinese,3
1,3,172,0,Russians,3
1,3,172,0,Italians,3
1,3,172,0,Germans,3
1,3,172,0,Chinese,3
1,3,172,1,Russians,3
1,3,172,1,Italians,3
1,3,172,1,Germans,3
1,3,172,1,Chinese,3
1,3,173,0,Russians,3
1,3,173,0,Italians,3
1,3,173,0,Germans,3
1,3,173,0,Chinese,3
1,3,173,1,Russians,3
1,3,173,1,Italians,3
1,3,173,1,Germans,2
1,3,173,1,Chinese,3
1,3,174,0,Russians,3
1,3,174,0,Italians,3
1,3,174,0,Germans,3
1,3,174,0,Chinese,3
1,3,174,1,Russians,3
1,3,174,1,Italians,2
1,3,174,1,Germans,3
1,3,174,1,Chinese,3
1,3,175,0,Russians,3
1,3,175,0,Italians,3
1,3,175,0,Germans,3
1,3,175,0,Chinese,3
1,3,175,1,Russians,3
1,3,175,1,Italians,3
1,3,175,1,Germans,3
1,3,175,1,Chinese,3
1,3,176,0,Russians,3
1,3,176,0,Italians,3
1,3,176,0,Germans,3
1,3,176,0,Chinese,3
1,3,176,1,Russians,3
1,3,176,1,Italians,2
1,3,176,1,Germans,3
1,3,176,1,Chinese,2
1,3,177,0,Russians,3
1,3,177,0,Italians,3
1,3,177,0,Germans,3
1,3,177,0,Chinese,3
1,3,177,1,Russians,3
1,3,177,1,Italians,3
1,3,177,1,Germans,1
1,3,177,1,Chinese,3
1,3,178,0,Russians,3
1,3,178,0,Italians,3
1,3,178,0,Germans,3
1,3,178,0,Chinese,3
1,3,178,1,Russians,3
1,3,178,1,Italians,3
1,3,178,1,Germans,2
1,3,178,1,Chinese,3
1,3,179,0,Russians,3
1,3,179,0,Italians,3
1,3,179,0,Germans,3
1,3,179,0,Chinese,3
1,3,179,1,Russians,3
1,3,179,1,Italians,3
1,3,179,1,Germans,2
1,3,179,1,Chinese,3
1,3,180,0,Russians,3
1,3,180,0,Italians,3
1,3,180,0,Germans,3
1,3,180,0,Chinese,3
1,3,180,1,Russians,3
1,3,180,1,Italians,3
1,3,180,1,Germans,3
1,3,180,1,Chinese,3
1,3,181,0,Russians,3
1,3,181,0,Italians,3
1,3,181,0,Germans,3
1,3,181,0,Chinese,3
1,3,181,1,Russians,3
1,3,181,1,Italians,3
1,3,181,1,Germans,2
1,3,181,1,Chinese,3
1,3,182,0,Russians,3
1,3,182,0,Italians,3
1,3,182,0,Germans,3
1,3,182,0,Chinese,3
1,3,182,1,Russians,3
1,3,182,1,Italians,2
1,3,182,1,Germans,3
1,3,182,1,Chinese,3
1,3,183,0,Russians,3
1,3,183,0,Italians,3
1,3,183,0,Germans,3
1,3,183,0,Chinese,3
1,3,183,1,Russians,3
1,3,183,1,Italians,3
1,3,183,1,Germans,2
1,3,183,1,Chinese,3
1,3,184,0,Russians,3
1,3,184,0,Italians,3
1,3,184,0,Germans,3
1,3,184,0,Chinese,3
1,3,184,1,Russians,3
1,3,184,1,Italians,3
1,3,184,1,Germans,2
1,3,184,1,Chinese,3
1,3,185,0,Russians,3
1,3,185,0,Italians,3
1,3,185,0,Germans,3
1,3,185,0,Chinese,3
1,3,185,1,Russians,3
1,3,185,1,Italians,2
1,3,185,1,Germans,2
1,3,185,1,Chinese,2
1,3,186,0,Russians,3
1,3,186,0,Italians,3
1,3,186,0,Germans,3
1,3,186,0,Chinese,3
1,3,186,1,Russians,3
1,3,186,1,Italians,2
1,3,186,1,Germans,3
1,3,186,1,Chinese,3
1,3,187,0,Russians,3
1,3,187,0,Italians,3
1,3,187,0,Germans,3
1,3,187,0,Chinese,3
1,3,187,1,Russians,3
1,3,187,1,Italians,3
1,3,187,1,Germans,1
1,3,187,1,Chinese,3
1,3,188,0,Russians,3
1,3,188,0,Italians,3
1,3,188,0,Germans,3
1,3,188,0,Chinese,3
1,3,188,1,Russians,3
1,3,188,1,Italians,2
1,3,188,1,Germans,3
1,3,188,1,Chinese,3
1,3,189,0,Russians,3
1,3,189,0,Italians,3
1,3,189,0,Germans,3
1,3,189,0,Chinese,3
1,3,189,1,Russians,3
1,3,189,1,Italians,3
1,3,189,1,Germans,3
1,3,189,1,Chinese,3
1,3,190,0,Russians,3
1,3,190,0,Italians,3
1,3,190,0,Germans,3
1,3,190,0,Chinese,3
1,3,190,1,Russians,3
1,3,190,1,Italians,3
1,3,190,1,Germans,3
1,3,190,1,Chinese,3
1,3,191,0,Russians,3
1,3,191,0,Italians,3
1,3,191,0,Germans,3
1,3,191,0,Chinese,3
1,3,191,1,Russians,3
1,3,191,1,Italians,3
1,3,191,1,Germans,3
1,3,191,1,Chinese,3
1,3,192,0,Russians,3
1,3,192,0,Italians,3
1,3,192,0,Germans,3
1,3,192,0,Chinese,3
1,3,192,1,Russians,3
1,3,192,1,Italians,3
1,3,192,1,Germans,3
1,3,192,1,Chinese,3
1,3,193,0,Russians,3
1,3,193,0,Italians,3
1,3,193,0,Germans,3
1,3,193,0,Chinese,3
1,3,193,1,Russians,3
1,3,193,1,Italians,3
1,3,193,1,Germans,3
1,3,193,1,Chinese,3
1,3,194,0,Russians,3
1,3,194,0,Italians,3
1,3,194,0,Germans,3
1,3,194,0,Chinese,3
1,3,194,1,Russians,3
1,3,194,1,Italians,3
1,3,194,1,Germans,3
1,3,194,1,Chinese,3
1,3,195,0,Russians,3
1,3,195,0,Italians,3
1,3,195,0,Germans,3
1,3,195,0,Chinese,3
1,3,195,1,Russians,3
1,3,195,1,Italians,2
1,3,195,1,Germans,2
1,3,195,1,Chinese,2
1,3,196,0,Russians,3
1,3,196,0,Italians,3
1,3,196,0,Germans,3
1,3,196,0,Chinese,3
1,3,196,1,Russians,3
1,3,196,1,Italians,3
1,3,196,1,Germans,2
1,3,196,1,Chinese,3
1,3,197,0,Russians,3
1,3,197,0,Italians,3
1,3,197,0,Germans,3
1,3,197,0,Chinese,3
1,3,197,1,Russians,3
1,3,197,1,Italians,2
1,3,197,1,Germans,3
1,3,197,1,Chinese,2
1,3,198,0,Russians,3
1,3,198,0,Italians,3
1,3,198,0,Germans,3
1,3,198,0,Chinese,3
1,3,198,1,Russians,3
1,3,198,1,Italians,2
1,3,198,1,Germans,3
1,3,198,1,Chinese,3
1,3,199,0,Russians,3
1,3,199,0,Italians,3
1,3,199,0,Germans,3
1,3,199,0,Chinese,3
1,3,199,1,Russians,3
1,3,199,1,Italians,3
1,3,199,1,Germans,2
1,3,199,1,Chinese,3
1,3,200,0,Russians,3
1,3,200,0,Italians,3
1,3,200,0,Germans,3
1,3,200,0,Chinese,3
1,3,200,1,Russians,3
1,3,200,1,Italians,3
1,3,200,1,Germans,3
1,3,200,1,Chinese,3
1,3,201,0,Russians,3
1,3,201,0,Italians,3
1,3,201,0,Germans,3
1,3,201,0,Chinese,3
1,3,201,1,Russians,3
1,3,201,1,Italians,2
1,3,201,1,Germans,2
1,3,201,1,Chinese,3
1,3,202,0,Russians,3
1,3,202,0,Italians,3
1,3,202,0,Germans,3
1,3,202,0,Chinese,3
1,3,202,1,Russians,3
1,3,202,1,Italians,3
1,3,202,1,Germans,2
1,3,202,1,Chinese,3
1,3,203,0,Russians,3
1,3,203,0,Italians,3
1,3,203,0,Germans,3
1,3,203,0,Chinese,3
1,3,203,1,Russians,3
1,3,203,1,Italians,2
1,3,203,1,Germans,2
1,3,203,1,Chinese,3
1,3,204,0,Russians,3
1,3,204,0,Italians,3
1,3,204,0,Germans,3
1,3,204,0,Chinese,3
1,3,204,1,Russians,3
1,3,204,1,Italians,2
1,3,204,1,Germans,3
1,3,204,1,Chinese,2
1,3,205,0,Russians,3
1,3,205,0,Italians,3
1,3,205,0,Germans,3
1,3,205,0,Chinese,3
1,3,205,1,Russians,3
1,3,205,1,Italians,3
1,3,205,1,Germans,3
1,3,205,1,Chinese,3
1,3,206,0,Russians,3
1,3,206,0,Italians,3
1,3,206,0,Germans,3
1,3,206,0,Chinese,3
1,3,206,1,Russians,3
1,3,206,1,Italians,3
1,3,206,1,Germans,1
1,3,206,1,Chinese,3
1,3,207,0,Russians,3
1,3,207,0,Italians,3
1,3,207,0,Germans,3
1,3,207,0,Chinese,3
1,3,207,1,Russians,3
1,3,207,1,Italians,3
1,3,207,1,Germans,2
1,3,207,1,Chinese,2
1,3,208,0,Russians,3
1,3,208,0,Italians,3
1,3,208,0,Germans,3
1,3,208,0,Chinese,3
1,3,208,1,Russians,3
1,3,208,1,Italians,3
1,3,208,1,Germans,3
1,3,208,1,Chinese,3
1,3,209,0,Russians,3
1,3,209,0,Italians,3
1,3,209,0,Germans,3
1,3,209,0,Chinese,3
1,3,209,1,Russians,3
1,3,209,1,Italians,2
1,3,209,1,Germans,3
1,3,209,1,Chinese,3
1,3,210,0,Russians,3
1,3,210,0,Italians,3
1,3,210,0,Germans,3
1,3,210,0,Chinese,3
1,3,210,1,Russians,3
1,3,210,1,Italians,3
1,3,210,1,Germans,1
1,3,210,1,Chinese,3
1,3,211,0,Russians,3
1,3,211,0,Italians,3
1,3,211,0,Germans,3
1,3,211,0,Chinese,3
1,3,211,1,Russians,3
1,3,211,1,Italians,3
1,3,211,1,Germans,3
1,3,211,1,Chinese,2
1,3,212,0,Russians,3
1,3,212,0,Italians,3
1,3,212,0,Germans,3
1,3,212,0,Chinese,3
1,3,212,1,Russians,3
1,3,212,1,Italians,2
1,3,212,1,Germans,2
1,3,212,1,Chinese,3
1,3,213,0,Russians,3
1,3,213,0,Italians,3
1,3,213,0,Germans,3
1,3,213,0,Chinese,3
1,3,213,1,Russians,3
1,3,213,1,Italians,2
1,3,213,1,Germans,1
1,3,213,1,Chinese,3
1,3,214,0,Russians,3
1,3,214,0,Italians,3
1,3,214,0,Germans,3
1,3,214,0,Chinese,3
1,3,214,1,Russians,3
1,3,214,1,Italians,3
1,3,214,1,Germans,2
1,3,214,1,Chinese,3
1,3,215,0,Russians,3
1,3,215,0,Italians,3
1,3,215,0,Germans,3
1,3,215,0,Chinese,3
1,3,215,1,Russians,3
1,3,215,1,Italians,3
1,3,215,1,Germans,2
1,3,215,1,Chinese,3
1,3,216,0,Russians,3
1,3,216,0,Italians,3
1,3,216,0,Germans,3
1,3,216,0,Chinese,3
1,3,216,1,Russians,3
1,3,216,1,Italians,2
1,3,216,1,Germans,3
1,3,216,1,Chinese,3
1,3,217,0,Russians,3
1,3,217,0,Italians,3
1,3,217,0,Germans,3
1,3,217,0,Chinese,3
1,3,217,1,Russians,3
1,3,217,1,Italians,3
1,3,217,1,Germans,2
1,3,217,1,Chinese,3
1,3,218,0,Russians,3
1,3,218,0,Italians,3
1,3,218,0,Germans,3
1,3,218,0,Chinese,3
1,3,218,1,Russians,3
1,3,218,1,Italians,3
1,3,218,1,Germans,2
1,3,218,1,Chinese,3
1,3,219,0,Russians,3
1,3,219,0,Italians,3
1,3,219,0,Germans,3
1,3,219,0,Chinese,3
1,3,219,1,Russians,3
1,3,219,1,Italians,2
1,3,219,1,Germans,2
1,3,219,1,Chinese,2
1,3,220,0,Russians,3
1,3,220,0,Italians,3
1,3,220,0,Germans,3
1,3,220,0,Chinese,3
1,3,220,1,Russians,3
1,3,220,1,Italians,3
1,3,220,1,Germans,3
1,3,220,1,Chinese,3
1,3,221,0,Russians,3
1,3,221,0,Italians,3
1,3,221,0,Germans,3
1,3,221,0,Chinese,3
1,3,221,1,Russians,3
1,3,221,1,Italians,2
1,3,221,1,Germans,2
1,3,221,1,Chinese,2
1,3,222,0,Russians,3
1,3,222,0,Italians,3
1,3,222,0,Germans,3
1,3,222,0,Chinese,3
1,3,222,1,Russians,3
1,3,222,1,Italians,2
1,3,222,1,Germans,3
1,3,222,1,Chinese,3
1,3,223,0,Russians,3
1,3,223,0,Italians,3
1,3,223,0,Germans,3
1,3,223,0,Chinese,3
1,3,223,1,Russians,3
1,3,223,1,Italians,3
1,3,223,1,Germans,3
1,3,223,1,Chinese,3
1,3,224,0,Russians,3
1,3,224,0,Italians,3
1,3,224,0,Germans,3
1,3,224,0,Chinese,3
1,3,224,1,Russians,3
1,3,224,1,Italians,2
1,3,224,1,Germans,1
1,3,224,1,Chinese,3
1,3,225,0,Russians,3
1,3,225,0,Italians,3
1,3,225,0,Germans,3
1,3,225,0,Chinese,3
1,3,225,1,Russians,3
1,3,225,1,Italians,3
1,3,225,1,Germans,3
1,3,225,1,Chinese,2
1,3,226,0,Russians,3
1,3,226,0,Italians,3
1,3,226,0,Germans,3
1,3,226,0,Chinese,3
1,3,226,1,Russians,3
1,3,226,1,Italians,3
1,3,226,1,Germans,2
1,3,226,1,Chinese,3
1,3,227,0,Russians,3
1,3,227,0,Italians,3
1,3,227,0,Germans,3
1,3,227,0,Chinese,3
1,3,227,1,Russians,3
1,3,227,1,Italians,3
1,3,227,1,Germans,3
1,3,227,1,Chinese,2
1,3,228,0,Russians,3
1,3,228,0,Italians,3
1,3,228,0,Germans,3
1,3,228,0,Chinese,3
1,3,228,1,Russians,3
1,3,228,1,Italians,2
1,3,228,1,Germans,2
1,3,228,1,Chinese,2
1,3,229,0,Russians,3
1,3,229,0,Italians,3
1,3,229,0,Germans,3
1,3,229,0,Chinese,3
1,3,229,1,Russians,3
1,3,229,1,Italians,3
1,3,229,1,Germans,3
1,3,229,1,Chinese,3
1,3,230,0,Russians,3
1,3,230,0,Italians,3
1,3,230,0,Germans,3
1,3,230,0,Chinese,3
1,3,230,1,Russians,3
1,3,230,1,Italians,3
1,3,230,1,Germans,2
1,3,230,1,Chinese,3
1,3,231,0,Russians,3
1,3,231,0,Italians,3
1,3,231,0,Germans,3
1,3,231,0,Chinese,3
1,3,231,1,Russians,3
1,3,231,1,Italians,3
1,3,231,1,Germans,2
1,3,231,1,Chinese,3
1,3,232,0,Russians,3
1,3,232,0,Italians,3
1,3,232,0,Germans,3
1,3,232,0,Chinese,3
1,3,232,1,Russians,3
1,3,232,1,Italians,3
1,3,232,1,Germans,1
1,3,232,1,Chinese,3
1,3,233,0,Russians,3
1,3,233,0,Italians,3
1,3,233,0,Germans,3
1,3,233,0,Chinese,3
1,3,233,1,Russians,3
1,3,233,1,Italians,3
1,3,233,1,Germans,3
1,3,233,1,Chinese,3
1,3,234,0,Russians,3
1,3,234,0,Italians,3
1,3,234,0,Germans,3
1,3,234,0,Chinese,3
1,3,234,1,Russians,3
1,3,234,1,Italians,2
1,3,234,1,Germans,3
1,3,234,1,Chinese,2
1,3,235,0,Russians,3
1,3,235,0,Italians,3
1,3,235,0,Germans,3
1,3,235,0,Chinese,3
1,3,235,1,Russians,3
1,3,235,1,Italians,3
1,3,235,1,Germans,3
1,3,235,1,Chinese,3
1,3,236,0,Russians,3
1,3,236,0,Italians,3
1,3,236,0,Germans,3
1,3,236,0,Chinese,3
1,3,236,1,Russians,3
1,3,236,1,Italians,3
1,3,236,1,Germans,3
1,3,236,1,Chinese,3
1,3,237,0,Russians,3
1,3,237,0,Italians,3
1,3,237,0,Germans,3
1,3,237,0,Chinese,3
1,3,237,1,Russians,3
1,3,237,1,Italians,2
1,3,237,1,Germans,1
1,3,237,1,Chinese,3
1,3,238,0,Russians,3
1,3,238,0,Italians,3
1,3,238,0,Germans,3
1,3,238,0,Chinese,3
1,3,238,1,Russians,3
1,3,238,1,Italians,3
1,3,238,1,Germans,3
1,3,238,1,Chinese,3
1,3,239,0,Russians,3
1,3,239,0,Italians,3
1,3,239,0,Germans,3
1,3,239,0,Chinese,3
1,3,239,1,Russians,3
1,3,239,1,Italians,3
1,3,239,1,Germans,3
1,3,239,1,Chinese,3
1,3,240,0,Russians,3
1,3,240,0,Italians,3
1,3,240,0,Germans,3
1,3,240,0,Chinese,3
1,3,240,1,Russians,3
1,3,240,1,Italians,3
1,3,240,1,Germans,3
1,3,240,1,Chinese,3
1,3,241,0,Russians,3
1,3,241,0,Italians,3
1,3,241,0,Germans,3
1,3,241,0,Chinese,3
1,3,241,1,Russians,3
1,3,241,1,Italians,3
1,3,241,1,Germans,3
1,3,241,1,Chinese,2
1,3,242,0,Russians,3
1,3,242,0,Italians,3
1,3,242,0,Germans,3
1,3,242,0,Chinese,3
1,3,242,1,Russians,3
1,3,242,1,Italians,3
1,3,242,1,Germans,3
1,3,242,1,Chinese,3
1,3,243,0,Russians,3
1,3,243,0,Italians,3
1,3,243,0,Germans,3
1,3,243,0,Chinese,3
1,3,243,1,Russians,3
1,3,243,1,Italians,3
1,3,243,1,Germans,2
1,3,243,1,Chinese,2
1,3,244,0,Russians,3
1,3,244,0,Italians,3
1,3,244,0,Germans,3
1,3,244,0,Chinese,3
1,3,244,1,Russians,3
1,3,244,1,Italians,3
1,3,244,1,Germans,2
1,3,244,1,Chinese,3
1,3,245,0,Russians,3
1,3,245,0,Italians,3
1,3,245,0,Germans,3
1,3,245,0,Chinese,3
1,3,245,1,Russians,3
1,3,245,1,Italians,3
1,3,245,1,Germans,1
1,3,245,1,Chinese,3
1,3,246,0,Russians,3
1,3,246,0,Italians,3
1,3,246,0,Germans,3
1,3,246,0,Chinese,3
1,3,246,1,Russians,3
1,3,246,1,Italians,3
1,3,246,1,Germans,3
1,3,246,1,Chinese,3
1,3,247,0,Russians,3
1,3,247,0,Italians,3
1,3,247,0,Germans,3
1,3,247,0,Chinese,3
1,3,247,1,Russians,3
1,3,247,1,Italians,3
1,3,247,1,Germans,3
1,3,247,1,Chinese,2
1,3,248,0,Russians,3
1,3,248,0,Italians,3
1,3,248,0,Germans,3
1,3,248,0,Chinese,3
1,3,248,1,Russians,3
1,3,248,1,Italians,3
1,3,248,1,Germans,2
1,3,248,1,Chinese,2
1,3,249,0,Russians,3
1,3,249,0,Italians,3
1,3,249,0,Germans,3
1,3,249,0,Chinese,3
1,3,249,1,Russians,3
1,3,249,1,Italians,3
1,3,249,1,Germans,1
1,3,249,1,Chinese,3
1,3,250,0,Russians,3
1,3,250,0,Italians,3
1,3,250,0,Germans,3
1,3,250,0,Chinese,3
1,3,250,1,Russians,3
1,3,250,1,Italians,3
1,3,250,1,Germans,2
1,3,250,1,Chinese,3
1,3,251,0,Russians,3
1,3,251,0,Italians,3
1,3,251,0,Germans,3
1,3,251,0,Chinese,3
1,3,251,1,Russians,3
1,3,251,1,Italians,2
1,3,251,1,Germans,3
1,3,251,1,Chinese,2
1,3,252,0,Russians,3
1,3,252,0,Italians,3
1,3,252,0,Germans,3
1,3,252,0,Chinese,3
1,3,252,1,Russians,3
1,3,252,1,Italians,3
1,3,252,1,Germans,2
1,3,252,1,Chinese,2
1,3,253,0,Russians,3
1,3,253,0,Italians,3
1,3,253,0,Germans,3
1,3,253,0,Chinese,3
1,3,253,1,Russians,3
1,3,253,1,Italians,3
1,3,253,1,Germans,2
1,3,253,1,Chinese,3
1,3,254,0,Russians,3
1,3,254,0,Italians,3
1,3,254,0,Germans,3
1,3,254,0,Chinese,3
1,3,254,1,Russians,3
1,3,254,1,Italians,2
1,3,254,1,Germans,2
1,3,254,1,Chinese,3
1,3,255,0,Russians,3
1,3,255,0,Italians,3
1,3,255,0,Germans,3
1,3,255,0,Chinese,3
1,3,255,1,Russians,3
1,3,255,1,Italians,3
1,3,255,1,Germans,2
1,3,255,1,Chinese,3
1,3,256,0,Russians,3
1,3,256,0,Italians,3
1,3,256,0,Germans,3
1,3,256,0,Chinese,3
1,3,256,1,Russians,3
1,3,256,1,Italians,3
1,3,256,1,Germans,2
1,3,256,1,Chinese,3
1,3,257,0,Russians,3
1,3,257,0,Italians,3
1,3,257,0,Germans,3
1,3,257,0,Chinese,3
1,3,257,1,Russians,3
1,3,257,1,Italians,2
1,3,257,1,Germans,3
1,3,257,1,Chinese,2
1,3,258,0,Russians,3
1,3,258,0,Italians,3
1,3,258,0,Germans,3
1,3,258,0,Chinese,3
1,3,258,1,Russians,3
1,3,258,1,Italians,3
1,3,258,1,Germans,3
1,3,258,1,Chinese,3
1,3,259,0,Russians,3
1,3,259,0,Italians,3
1,3,259,0,Germans,3
1,3,259,0,Chinese,3
1,3,259,1,Russians,3
1,3,259,1,Italians,3
1,3,259,1,Germans,3
1,3,259,1,Chinese,3
1,3,260,0,Russians,3
1,3,260,0,Italians,3
1,3,260,0,Germans,3
1,3,260,0,Chinese,3
1,3,260,1,Russians,3
1,3,260,1,Italians,3
1,3,260,1,Germans,2
1,3,260,1,Chinese,3
1,3,261,0,Russians,3
1,3,261,0,Italians,3
1,3,261,0,Germans,3
1,3,261,0,Chinese,3
1,3,261,1,Russians,3
1,3,261,1,Italians,2
1,3,261,1,Germans,2
1,3,261,1,Chinese,2
1,3,262,0,Russians,3
1,3,262,0,Italians,3
1,3,262,0,Germans,3
1,3,262,0,Chinese,3
1,3,262,1,Russians,3
1,3,262,1,Italians,3
1,3,262,1,Germans,2
1,3,262,1,Chinese,2
1,3,263,0,Russians,3
1,3,263,0,Italians,3
1,3,263,0,Germans,3
1,3,263,0,Chinese,3
1,3,263,1,Russians,3
1,3,263,1,Italians,2
1,3,263,1,Germans,2
1,3,263,1,Chinese,3
1,3,264,0,Russians,3
1,3,264,0,Italians,3
1,3,264,0,Germans,3
1,3,264,0,Chinese,3
1,3,264,1,Russians,3
1,3,264,1,Italians,2
1,3,264,1,Germans,3
1,3,264,1,Chinese,2
1,3,265,0,Russians,3
1,3,265,0,Italians,3
1,3,265,0,Germans,3
1,3,265,0,Chinese,3
1,3,265,1,Russians,3
1,3,265,1,Italians,3
1,3,265,1,Germans,3
1,3,265,1,Chinese,3
1,3,266,0,Russians,3
1,3,266,0,Italians,3
1,3,266,0,Germans,3
1,3,266,0,Chinese,3
1,3,266,1,Russians,3
1,3,266,1,Italians,3
1,3,266,1,Germans,2
1,3,266,1,Chinese,3
1,3,267,0,Russians,3
1,3,267,0,Italians,3
1,3,267,0,Germans,3
1,3,267,0,Chinese,3
1,3,267,1,Russians,3
1,3,267,1,Italians,3
1,3,267,1,Germans,2
1,3,267,1,Chinese,3
1,3,268,0,Russians,3
1,3,268,0,Italians,3
1,3,268,0,Germans,3
1,3,268,0,Chinese,3
1,3,268,1,Russians,3
1,3,268,1,Italians,3
1,3,268,1,Germans,2
1,3,268,1,Chinese,3
1,3,269,0,Russians,3
1,3,269,0,Italians,3
1,3,269,0,Germans,3
1,3,269,0,Chinese,3
1,3,269,1,Russians,3
1,3,269,1,Italians,3
1,3,269,1,Germans,2
1,3,269,1,Chinese,3
1,3,270,0,Russians,3
1,3,270,0,Italians,3
1,3,270,0,Germans,3
1,3,270,0,Chinese,3
1,3,270,1,Russians,3
1,3,270,1,Italians,3
1,3,270,1,Germans,3
1,3,270,1,Chinese,3
1,3,271,0,Russians,3
1,3,271,0,Italians,3
1,3,271,0,Germans,3
1,3,271,0,Chinese,3
1,3,271,1,Russians,3
1,3,271,1,Italians,3
1,3,271,1,Germans,2
1,3,271,1,Chinese,3
1,3,272,0,Russians,3
1,3,272,0,Italians,3
1,3,272,0,Germans,3
1,3,272,0,Chinese,3
1,3,272,1,Russians,3
1,3,272,1,Italians,2
1,3,272,1,Germans,3
1,3,272,1,Chinese,2
1,3,273,0,Russians,3
1,3,273,0,Italians,3
1,3,273,0,Germans,3
1,3,273,0,Chinese,3
1,3,273,1,Russians,3
1,3,273,1,Italians,2
1,3,273,1,Germans,1
1,3,273,1,Chinese,3
1,3,274,0,Russians,3
1,3,274,0,Italians,3
1,3,274,0,Germans,3
1,3,274,0,Chinese,3
1,3,274,1,Russians,3
1,3,274,1,Italians,3
1,3,274,1,Germans,2
1,3,274,1,Chinese,3
1,3,275,0,Russians,3
1,3,275,0,Italians,3
1,3,275,0,Germans,3
1,3,275,0,Chinese,3
1,3,275,1,Russians,3
1,3,275,1,Italians,2
1,3,275,1,Germans,3
1,3,275,1,Chinese,3
1,3,276,0,Russians,3
1,3,276,0,Italians,3
1,3,276,0,Germans,3
1,3,276,0,Chinese,3
1,3,276,1,Russians,3
1,3,276,1,Italians,2
1,3,276,1,Germans,2
1,3,276,1,Chinese,2
1,3,277,0,Russians,3
1,3,277,0,Italians,3
1,3,277,0,Germans,3
1,3,277,0,Chinese,3
1,3,277,1,Russians,3
1,3,277,1,Italians,3
1,3,277,1,Germans,3
1,3,277,1,Chinese,3
1,3,278,0,Russians,3
1,3,278,0,Italians,3
1,3,278,0,Germans,3
1,3,278,0,Chinese,3
1,3,278,1,Russians,3
1,3,278,1,Italians,2
1,3,278,1,Germans,3
1,3,278,1,Chinese,3
1,3,279,0,Russians,3
1,3,279,0,Italians,3
1,3,279,0,Germans,3
1,3,279,0,Chinese,3
1,3,279,1,Russians,3
1,3,279,1,Italians,2
1,3,279,1,Germans,1
1,3,279,1,Chinese,3
1,3,280,0,Russians,3
1,3,280,0,Italians,3
1,3,280,0,Germans,3
1,3,280,0,Chinese,3
1,3,280,1,Russians,3
1,3,280,1,Italians,3
1,3,280,1,Germans,3
1,3,280,1,Chinese,3
1,3,281,0,Russians,3
1,3,281,0,Italians,3
1,3,281,0,Germans,3
1,3,281,0,Chinese,3
1,3,281,1,Russians,3
1,3,281,1,Italians,2
1,3,281,1,Germans,2
1,3,281,1,Chinese,3
1,3,282,0,Russians,3
1,3,282,0,Italians,3
1,3,282,0,Germans,3
1,3,282,0,Chinese,3
1,3,282,1,Russians,3
1,3,282,1,Italians,3
1,3,282,1,Germans,3
1,3,282,1,Chinese,3
1,3,283,0,Russians,3
1,3,283,0,Italians,3
1,3,283,0,Germans,3
1,3,283,0,Chinese,3
1,3,283,1,Russians,3
1,3,283,1,Italians,3
1,3,283,1,Germans,2
1,3,283,1,Chinese,3
1,3,284,0,Russians,3
1,3,284,0,Italians,3
1,3,284,0,Germans,3
1,3,284,0,Chinese,3
1,3,284,1,Russians,3
1,3,284,1,Italians,3
1,3,284,1,Germans,3
1,3,284,1,Chinese,3
1,3,285,0,Russians,3
1,3,285,0,Italians,3
1,3,285,0,Germans,3
1,3,285,0,Chinese,3
1,3,285,1,Russians,3
1,3,285,1,Italians,3
1,3,285,1,Germans,3
1,3,285,1,Chinese,2
1,3,286,0,Russians,3
1,3,286,0,Italians,3
1,3,286,0,Germans,3
1,3,286,0,Chinese,3
1,3,286,1,Russians,3
1,3,286,1,Italians,3
1,3,286,1,Germans,2
1,3,286,1,Chinese,3
1,3,287,0,Russians,3
1,3,287,0,Italians,3
1,3,287,0,Germans,3
1,3,287,0,Chinese,3
1,3,287,1,Russians,3
1,3,287,1,Italians,2
1,3,287,1,Germans,3
1,3,287,1,Chinese,3
1,3,288,0,Russians,3
1,3,288,0,Italians,3
1,3,288,0,Germans,3
1,3,288,0,Chinese,3
1,3,288,1,Russians,3
1,3,288,1,Italians,3
1,3,288,1,Germans,2
1,3,288,1,Chinese,3
1,3,289,0,Russians,3
1,3,289,0,Italians,3
1,3,289,0,Germans,3
1,3,289,0,Chinese,3
1,3,289,1,Russians,3
1,3,289,1,Italians,3
1,3,289,1,Germans,2
1,3,289,1,Chinese,3
1,3,290,0,Russians,3
1,3,290,0,Italians,3
1,3,290,0,Germans,3
1,3,290,0,Chinese,3
1,3,290,1,Russians,3
1,3,290,1,Italians,2
1,3,290,1,Germans,2
1,3,290,1,Chinese,3
1,3,291,0,Russians,3
1,3,291,0,Italians,3
1,3,291,0,Germans,3
1,3,291,0,Chinese,3
1,3,291,1,Russians,3
1,3,291,1,Italians,2
1,3,291,1,Germans,2
1,3,291,1,Chinese,3
1,3,292,0,Russians,3
1,3,292,0,Italians,3
1,3,292,0,Germans,3
1,3,292,0,Chinese,3
1,3,292,1,Russians,3
1,3,292,1,Italians,3
1,3,292,1,Germans,2
1,3,292,1,Chinese,3
1,3,293,0,Russians,3
1,3,293,0,Italians,3
1,3,293,0,Germans,3
1,3,293,0,Chinese,3
1,3,293,1,Russians,3
1,3,293,1,Italians,3
1,3,293,1,Germans,2
1,3,293,1,Chinese,3
1,3,294,0,Russians,3
1,3,294,0,Italians,3
1,3,294,0,Germans,3
1,3,294,0,Chinese,3
1,3,294,1,Russians,3
1,3,294,1,Italians,3
1,3,294,1,Germans,2
1,3,294,1,Chinese,2
1,3,295,0,Russians,3
1,3,295,0,Italians,3
1,3,295,0,Germans,3
1,3,295,0,Chinese,3
1,3,295,1,Russians,3
1,3,295,1,Italians,3
1,3,295,1,Germans,2
1,3,295,1,Chinese,3
1,3,296,0,Russians,3
1,3,296,0,Italians,3
1,3,296,0,Germans,3
1,3,296,0,Chinese,3
1,3,296,1,Russians,3
1,3,296,1,Italians,2
1,3,296,1,Germans,2
1,3,296,1,Chinese,3
1,3,297,0,Russians,3
1,3,297,0,Italians,3
1,3,297,0,Germans,3
1,3,297,0,Chinese,3
1,3,297,1,Russians,3
1,3,297,1,Italians,2
1,3,297,1,Germans,2
1,3,297,1,Chinese,3
1,3,298,0,Russians,3
1,3,298,0,Italians,3
1,3,298,0,Germans,3
1,3,298,0,Chinese,3
1,3,298,1,Russians,3
1,3,298,1,Italians,3
1,3,298,1,Germans,2
1,3,298,1,Chinese,3
1,3,299,0,Russians,3
1,3,299,0,Italians,3
1,3,299,0,Germans,3
1,3,299,0,Chinese,3
1,3,299,1,Russians,3
1,3,299,1,Italians,3
1,3,299,1,Germans,3
1,3,299,1,Chinese,3
1,3,300,0,Russians,3
1,3,300,0,Italians,3
1,3,300,0,Germans,3
1,3,300,0,Chinese,3
1,3,300,1,Russians,3
1,3,300,1,Italians,2
1,3,300,1,Germans,3
1,3,300,1,Chinese,3
1,3,301,0,Russians,3
1,3,301,0,Italians,3
1,3,301,0,Germans,3
1,3,301,0,Chinese,3
1,3,301,1,Russians,3
1,3,301,1,Italians,3
1,3,301,1,Germans,2
1,3,301,1,Chinese,3
1,3,302,0,Russians,3
1,3,302,0,Italians,3
1,3,302,0,Germans,3
1,3,302,0,Chinese,3
1,3,302,1,Russians,3
1,3,302,1,Italians,3
1,3,302,1,Germans,3
1,3,302,1,Chinese,3
1,3,303,0,Russians,3
1,3,303,0,Italians,3
1,3,303,0,Germans,3
1,3,303,0,Chinese,3
1,3,303,1,Russians,3
1,3,303,1,Italians,3
1,3,303,1,Germans,2
1,3,303,1,Chinese,3
1,3,304,0,Russians,3
1,3,304,0,Italians,3
1,3,304,0,Germans,3
1,3,304,0,Chinese,3
1,3,304,1,Russians,3
1,3,304,1,Italians,3
1,3,304,1,Germans,2
1,3,304,1,Chinese,3
1,3,305,0,Russians,3
1,3,305,0,Italians,3
1,3,305,0,Germans,3
1,3,305,0,Chinese,3
1,3,305,1,Russians,3
1,3,305,1,Italians,3
1,3,305,1,Germans,3
1,3,305,1,Chinese,3
1,3,306,0,Russians,3
1,3,306,0,Italians,3
1,3,306,0,Germans,3
1,3,306,0,Chinese,3
1,3,306,1,Russians,3
1,3,306,1,Italians,2
1,3,306,1,Germans,3
1,3,306,1,Chinese,3
1,3,307,0,Russians,3
1,3,307,0,Italians,3
1,3,307,0,Germans,3
1,3,307,0,Chinese,3
1,3,307,1,Russians,3
1,3,307,1,Italians,3
1,3,307,1,Germans,2
1,3,307,1,Chinese,2
1,3,308,0,Russians,3
1,3,308,0,Italians,3
1,3,308,0,Germans,3
1,3,308,0,Chinese,3
1,3,308,1,Russians,3
1,3,308,1,Italians,3
1,3,308,1,Germans,2
1,3,308,1,Chinese,3
1,3,309,0,Russians,3
1,3,309,0,Italians,3
1,3,309,0,Germans,3
1,3,309,0,Chinese,3
1,3,309,1,Russians,3
1,3,309,1,Italians,3
1,3,309,1,Germans,2
1,3,309,1,Chinese,3
1,3,310,0,Russians,3
1,3,310,0,Italians,3
1,3,310,0,Germans,3
1,3,310,0,Chinese,3
1,3,310,1,Russians,3
1,3,310,1,Italians,3
1,3,310,1,Germans,2
1,3,310,1,Chinese,3
1,3,311,0,Russians,3
1,3,311,0,Italians,3
1,3,311,0,Germans,3
1,3,311,0,Chinese,3
1,3,311,1,Russians,3
1,3,311,1,Italians,3
1,3,311,1,Germans,1
1,3,311,1,Chinese,3
1,3,312,0,Russians,3
1,3,312,0,Italians,3
1,3,312,0,Germans,3
1,3,312,0,Chinese,3
1,3,312,1,Russians,3
1,3,312,1,Italians,2
1,3,312,1,Germans,1
1,3,312,1,Chinese,3
1,3,313,0,Russians,3
1,3,313,0,Italians,3
1,3,313,0,Germans,3
1,3,313,0,Chinese,3
1,3,313,1,Russians,3
1,3,313,1,Italians,3
1,3,313,1,Germans,3
1,3,313,1,Chinese,3
1,3,314,0,Russians,3
1,3,314,0,Italians,3
1,3,314,0,Germans,3
1,3,314,0,Chinese,3
1,3,314,1,Russians,3
1,3,314,1,Italians,2
1,3,314,1,Germans,3
1,3,314,1,Chinese,2
1,3,315,0,Russians,3
1,3,315,0,Italians,3
1,3,315,0,Germans,3
1,3,315,0,Chinese,3
1,3,315,1,Russians,3
1,3,315,1,Italians,3
1,3,315,1,Germans,3
1,3,315,1,Chinese,3
1,3,316,0,Russians,3
1,3,316,0,Italians,3
1,3,316,0,Germans,3
1,3,316,0,Chinese,3
1,3,316,1,Russians,3
1,3,316,1,Italians,3
1,3,316,1,Germans,2
1,3,316,1,Chinese,3
1,3,317,0,Russians,3
1,3,317,0,Italians,3
1,3,317,0,Germans,3
1,3,317,0,Chinese,3
1,3,317,1,Russians,3
1,3,317,1,Italians,3
1,3,317,1,Germans,2
1,3,317,1,Chinese,3
1,3,318,0,Russians,3
1,3,318,0,Italians,3
1,3,318,0,Germans,3
1,3,318,0,Chinese,3
1,3,318,1,Russians,3
1,3,318,1,Italians,3
1,3,318,1,Germans,1
1,3,318,1,Chinese,3
1,3,319,0,Russians,3
1,3,319,0,Italians,3
1,3,319,0,Germans,3
1,3,319,0,Chinese,3
1,3,319,1,Russians,3
1,3,319,1,Italians,3
1,3,319,1,Germans,2
1,3,319,1,Chinese,3
1,3,320,0,Russians,3
1,3,320,0,Italians,3
1,3,320,0,Germans,3
1,3,320,0,Chinese,3
1,3,320,1,Russians,3
1,3,320,1,Italians,3
1,3,320,1,Germans,3
1,3,320,1,Chinese,2
1,3,321,0,Russians,3
1,3,321,0,Italians,3
1,3,321,0,Germans,3
1,3,321,0,Chinese,3
1,3,321,1,Russians,3
1,3,321,1,Italians,3
1,3,321,1,Germans,2
1,3,321,1,Chinese,3
1,3,322,0,Russians,3
1,3,322,0,Italians,3
1,3,322,0,Germans,3
1,3,322,0,Chinese,3
1,3,322,1,Russians,3
1,3,322,1,Italians,3
1,3,322,1,Germans,2
1,3,322,1,Chinese,3
1,3,323,0,Russians,3
1,3,323,0,Italians,3
1,3,323,0,Germans,3
1,3,323,0,Chinese,3
1,3,323,1,Russians,3
1,3,323,1,Italians,3
1,3,323,1,Germans,3
1,3,323,1,Chinese,3
1,3,324,0,Russians,3
1,3,324,0,Italians,3
1,3,324,0,Germans,3
1,3,324,0,Chinese,3
1,3,324,1,Russians,3
1,3,324,1,Italians,3
1,3,324,1,Germans,2
1,3,324,1,Chinese,3
1,3,325,0,Russians,3
1,3,325,0,Italians,3
1,3,325,0,Germans,3
1,3,325,0,Chinese,3
1,3,325,1,Russians,3
1,3,325,1,Italians,3
1,3,325,1,Germans,2
1,3,325,1,Chinese,3
1,3,326,0,Russians,3
1,3,326,0,Italians,3
1,3,326,0,Germans,3
1,3,326,0,Chinese,3
1,3,326,1,Russians,3
1,3,326,1,Italians,3
1,3,326,1,Germans,2
1,3,326,1,Chinese,2
1,3,327,0,Russians,3
1,3,327,0,Italians,3
1,3,327,0,Germans,3
1,3,327,0,Chinese,3
1,3,327,1,Russians,3
1,3,327,1,Italians,3
1,3,327,1,Germans,2
1,3,327,1,Chinese,3
1,3,328,0,Russians,3
1,3,328,0,Italians,3
1,3,328,0,Germans,3
1,3,328,0,Chinese,3
1,3,328,1,Russians,3
1,3,328,1,Italians,3
1,3,328,1,Germans,3
1,3,328,1,Chinese,2
1,3,329,0,Russians,3
1,3,329,0,Italians,3
1,3,329,0,Germans,3
1,3,329,0,Chinese,3
1,3,329,1,Russians,3
1,3,329,1,Italians,3
1,3,329,1,Germans,3
1,3,329,1,Chinese,3
1,3,330,0,Russians,3
1,3,330,0,Italians,3
1,3,330,0,Germans,3
1,3,330,0,Chinese,3
1,3,330,1,Russians,3
1,3,330,1,Italians,3
1,3,330,1,Germans,2
1,3,330,1,Chinese,3
1,3,331,0,Russians,3
1,3,331,0,Italians,3
1,3,331,0,Germans,3
1,3,331,0,Chinese,3
1,3,331,1,Russians,3
1,3,331,1,Italians,3
1,3,331,1,Germans,3
1,3,331,1,Chinese,3
1,3,332,0,Russians,3
1,3,332,0,Italians,3
1,3,332,0,Germans,3
1,3,332,0,Chinese,3
1,3,332,1,Russians,3
1,3,332,1,Italians,2
1,3,332,1,Germans,2
1,3,332,1,Chinese,2
1,3,333,0,Russians,3
1,3,333,0,Italians,3
1,3,333,0,Germans,3
1,3,333,0,Chinese,3
1,3,333,1,Russians,3
1,3,333,1,Italians,2
1,3,333,1,Germans,2
1,3,333,1,Chinese,3
1,3,334,0,Russians,3
1,3,334,0,Italians,3
1,3,334,0,Germans,3
1,3,334,0,Chinese,3
1,3,334,1,Russians,3
1,3,334,1,Italians,3
1,3,334,1,Germans,3
1,3,334,1,Chinese,3
1,3,335,0,Russians,3
1,3,335,0,Italians,3
1,3,335,0,Germans,3
1,3,335,0,Chinese,3
1,3,335,1,Russians,3
1,3,335,1,Italians,2
1,3,335,1,Germans,1
1,3,335,1,Chinese,3
1,3,336,0,Russians,3
1,3,336,0,Italians,3
1,3,336,0,Germans,3
1,3,336,0,Chinese,3
1,3,336,1,Russians,3
1,3,336,1,Italians,3
1,3,336,1,Germans,3
1,3,336,1,Chinese,2
1,3,337,0,Russians,3
1,3,337,0,Italians,3
1,3,337,0,Germans,3
1,3,337,0,Chinese,3
1,3,337,1,Russians,3
1,3,337,1,Italians,3
1,3,337,1,Germans,3
1,3,337,1,Chinese,3
1,3,338,0,Russians,3
1,3,338,0,Italians,3
1,3,338,0,Germans,3
1,3,338,0,Chinese,3
1,3,338,1,Russians,3
1,3,338,1,Italians,2
1,3,338,1,Germans,2
1,3,338,1,Chinese,2
1,3,339,0,Russians,3
1,3,339,0,Italians,3
1,3,339,0,Germans,3
1,3,339,0,Chinese,3
1,3,339,1,Russians,3
1,3,339,1,Italians,3
1,3,339,1,Germans,3
1,3,339,1,Chinese,2
1,3,340,0,Russians,3
1,3,340,0,Italians,3
1,3,340,0,Germans,3
1,3,340,0,Chinese,3
1,3,340,1,Russians,3
1,3,340,1,Italians,3
1,3,340,1,Germans,3
1,3,340,1,Chinese,2
1,3,341,0,Russians,3
1,3,341,0,Italians,3
1,3,341,0,Germans,3
1,3,341,0,Chinese,3
1,3,341,1,Russians,3
1,3,341,1,Italians,3
1,3,341,1,Germans,3
1,3,341,1,Chinese,3
1,4,1,0,Russians,2
1,4,1,0,Italians,3
1,4,1,0,Germans,1
1,4,1,0,Chinese,3
1,4,1,1,Russians,3
1,4,1,1,Italians,3
1,4,1,1,Germans,2
1,4,1,1,Chinese,3
1,4,2,0,Russians,2
1,4,2,0,Italians,2
1,4,2,0,Germans,1
1,4,2,0,Chinese,3
1,4,2,1,Russians,3
1,4,2,1,Italians,3
1,4,2,1,Germans,2
1,4,2,1,Chinese,3
1,4,3,0,Russians,2
1,4,3,0,Italians,2
1,4,3,0,Germans,1
1,4,3,0,Chinese,3
1,4,3,1,Russians,3
1,4,3,1,Italians,3
1,4,3,1,Germans,2
1,4,3,1,Chinese,3
1,4,4,0,Russians,2
1,4,4,0,Italians,2
1,4,4,0,Germans,1
1,4,4,0,Chinese,3
1,4,4,1,Russians,3
1,4,4,1,Italians,3
1,4,4,1,Germans,2
1,4,4,1,Chinese,3
1,4,5,0,Russians,2
1,4,5,0,Italians,2
1,4,5,0,Germans,1
1,4,5,0,Chinese,3
1,4,5,1,Russians,3
1,4,5,1,Italians,3
1,4,5,1,Germans,2
1,4,5,1,Chinese,3
1,4,6,0,Russians,2
1,4,6,0,Italians,3
1,4,6,0,Germans,1
1,4,6,0,Chinese,3
1,4,6,1,Russians,3
1,4,6,1,Italians,3
1,4,6,1,Germans,2
1,4,6,1,Chinese,3
1,4,7,0,Russians,2
1,4,7,0,Italians,3
1,4,7,0,Germans,1
1,4,7,0,Chinese,3
1,4,7,1,Russians,3
1,4,7,1,Italians,3
1,4,7,1,Germans,2
1,4,7,1,Chinese,3
1,4,8,0,Russians,3
1,4,8,0,Italians,2
1,4,8,0,Germans,1
1,4,8,0,Chinese,3
1,4,8,1,Russians,3
1,4,8,1,Italians,3
1,4,8,1,Germans,2
1,4,8,1,Chinese,3
1,4,9,0,Russians,3
1,4,9,0,Italians,2
1,4,9,0,Germans,1
1,4,9,0,Chinese,3
1,4,9,1,Russians,3
1,4,9,1,Italians,3
1,4,9,1,Germans,2
1,4,9,1,Chinese,3
1,4,10,0,Russians,3
1,4,10,0,Italians,2
1,4,10,0,Germans,1
1,4,10,0,Chinese,3
1,4,10,1,Russians,3
1,4,10,1,Italians,3
1,4,10,1,Germans,2
1,4,10,1,Chinese,3
1,4,11,0,Russians,3
1,4,11,0,Italians,3
1,4,11,0,Germans,1
1,4,11,0,Chinese,3
1,4,11,1,Russians,3
1,4,11,1,Italians,3
1,4,11,1,Germans,2
1,4,11,1,Chinese,3
1,4,12,0,Russians,2
1,4,12,0,Italians,2
1,4,12,0,Germans,1
1,4,12,0,Chinese,3
1,4,12,1,Russians,3
1,4,12,1,Italians,3
1,4,12,1,Germans,2
1,4,12,1,Chinese,3
1,4,13,0,Russians,2
1,4,13,0,Italians,2
1,4,13,0,Germans,1
1,4,13,0,Chinese,3
1,4,13,1,Russians,3
1,4,13,1,Italians,3
1,4,13,1,Germans,2
1,4,13,1,Chinese,3
1,4,14,0,Russians,2
1,4,14,0,Italians,2
1,4,14,0,Germans,1
1,4,14,0,Chinese,3
1,4,14,1,Russians,3
1,4,14,1,Italians,3
1,4,14,1,Germans,2
1,4,14,1,Chinese,3
1,4,15,0,Russians,2
1,4,15,0,Italians,3
1,4,15,0,Germans,1
1,4,15,0,Chinese,3
1,4,15,1,Russians,3
1,4,15,1,Italians,3
1,4,15,1,Germans,2
1,4,15,1,Chinese,3
1,4,16,0,Russians,3
1,4,16,0,Italians,2
1,4,16,0,Germans,1
1,4,16,0,Chinese,3
1,4,16,1,Russians,3
1,4,16,1,Italians,3
1,4,16,1,Germans,2
1,4,16,1,Chinese,3
1,4,17,0,Russians,3
1,4,17,0,Italians,2
1,4,17,0,Germans,1
1,4,17,0,Chinese,3
1,4,17,1,Russians,3
1,4,17,1,Italians,3
1,4,17,1,Germans,2
1,4,17,1,Chinese,3
1,4,18,0,Russians,3
1,4,18,0,Italians,2
1,4,18,0,Germans,1
1,4,18,0,Chinese,3
1,4,18,1,Russians,3
1,4,18,1,Italians,3
1,4,18,1,Germans,2
1,4,18,1,Chinese,3
1,4,19,0,Russians,3
1,4,19,0,Italians,3
1,4,19,0,Germans,1
1,4,19,0,Chinese,3
1,4,19,1,Russians,3
1,4,19,1,Italians,3
1,4,19,1,Germans,2
1,4,19,1,Chinese,3
1,4,20,0,Russians,3
1,4,20,0,Italians,2
1,4,20,0,Germans,1
1,4,20,0,Chinese,3
1,4,20,1,Russians,3
1,4,20,1,Italians,3
1,4,20,1,Germans,2
1,4,20,1,Chinese,3
1,4,21,0,Russians,3
1,4,21,0,Italians,2
1,4,21,0,Germans,1
1,4,21,0,Chinese,3
1,4,21,1,Russians,3
1,4,21,1,Italians,3
1,4,21,1,Germans,2
1,4,21,1,Chinese,3
1,4,22,0,Russians,3
1,4,22,0,Italians,2
1,4,22,0,Germans,1
1,4,22,0,Chinese,3
1,4,22,1,Russians,3
1,4,22,1,Italians,3
1,4,22,1,Germans,2
1,4,22,1,Chinese,3
1,4,23,0,Russians,3
1,4,23,0,Italians,3
1,4,23,0,Germans,1
1,4,23,0,Chinese,3
1,4,23,1,Russians,3
1,4,23,1,Italians,3
1,4,23,1,Germans,2
1,4,23,1,Chinese,3
1,4,24,0,Russians,3
1,4,24,0,Italians,2
1,4,24,0,Germans,1
1,4,24,0,Chinese,3
1,4,24,1,Russians,3
1,4,24,1,Italians,3
1,4,24,1,Germans,2
1,4,24,1,Chinese,3
1,4,25,0,Russians,3
1,4,25,0,Italians,2
1,4,25,0,Germans,1
1,4,25,0,Chinese,3
1,4,25,1,Russians,3
1,4,25,1,Italians,3
1,4,25,1,Germans,2
1,4,25,1,Chinese,3
1,4,26,0,Russians,3
1,4,26,0,Italians,2
1,4,26,0,Germans,1
1,4,26,0,Chinese,3
1,4,26,1,Russians,3
1,4,26,1,Italians,3
1,4,26,1,Germans,2
1,4,26,1,Chinese,3
1,4,27,0,Russians,3
1,4,27,0,Italians,3
1,4,27,0,Germans,1
1,4,27,0,Chinese,3
1,4,27,1,Russians,3
1,4,27,1,Italians,3
1,4,27,1,Germans,2
1,4,27,1,Chinese,3
1,4,28,0,Russians,3
1,4,28,0,Italians,2
1,4,28,0,Germans,1
1,4,28,0,Chinese,3
1,4,28,1,Russians,3
1,4,28,1,Italians,3
1,4,28,1,Germans,2
1,4,28,1,Chinese,3
1,4,29,0,Russians,3
1,4,29,0,Italians,2
1,4,29,0,Germans,1
1,4,29,0,Chinese,3
1,4,29,1,Russians,3
1,4,29,1,Italians,3
1,4,29,1,Germans,2
1,4,29,1,Chinese,3
1,4,30,0,Russians,3
1,4,30,0,Italians,2
1,4,30,0,Germans,1
1,4,30,0,Chinese,3
1,4,30,1,Russians,3
1,4,30,1,Italians,3
1,4,30,1,Germans,2
1,4,30,1,Chinese,3
1,4,31,0,Russians,3
1,4,31,0,Italians,3
1,4,31,0,Germans,1
1,4,31,0,Chinese,3
1,4,31,1,Russians,3
1,4,31,1,Italians,3
1,4,31,1,Germans,2
1,4,31,1,Chinese,3
1,4,32,0,Russians,3
1,4,32,0,Italians,2
1,4,32,0,Germans,1
1,4,32,0,Chinese,3
1,4,32,1,Russians,3
1,4,32,1,Italians,3
1,4,32,1,Germans,2
1,4,32,1,Chinese,3
1,4,33,0,Russians,3
1,4,33,0,Italians,2
1,4,33,0,Germans,1
1,4,33,0,Chinese,3
1,4,33,1,Russians,3
1,4,33,1,Italians,3
1,4,33,1,Germans,2
1,4,33,1,Chinese,3
1,4,34,0,Russians,3
1,4,34,0,Italians,2
1,4,34,0,Germans,1
1,4,34,0,Chinese,3
1,4,34,1,Russians,3
1,4,34,1,Italians,3
1,4,34,1,Germans,2
1,4,34,1,Chinese,3
1,4,35,0,Russians,3
1,4,35,0,Italians,3
1,4,35,0,Germans,1
1,4,35,0,Chinese,3
1,4,35,1,Russians,3
1,4,35,1,Italians,3
1,4,35,1,Germans,2
1,4,35,1,Chinese,3
1,4,36,0,Russians,3
1,4,36,0,Italians,2
1,4,36,0,Germans,1
1,4,36,0,Chinese,3
1,4,36,1,Russians,3
1,4,36,1,Italians,3
1,4,36,1,Germans,2
1,4,36,1,Chinese,3
1,4,37,0,Russians,3
1,4,37,0,Italians,2
1,4,37,0,Germans,1
1,4,37,0,Chinese,3
1,4,37,1,Russians,3
1,4,37,1,Italians,3
1,4,37,1,Germans,2
1,4,37,1,Chinese,3
1,4,38,0,Russians,3
1,4,38,0,Italians,2
1,4,38,0,Germans,1
1,4,38,0,Chinese,3
1,4,38,1,Russians,3
1,4,38,1,Italians,3
1,4,38,1,Germans,2
1,4,38,1,Chinese,3
1,4,39,0,Russians,3
1,4,39,0,Italians,3
1,4,39,0,Germans,1
1,4,39,0,Chinese,3
1,4,39,1,Russians,3
1,4,39,1,Italians,3
1,4,39,1,Germans,2
1,4,39,1,Chinese,3
1,4,40,0,Russians,3
1,4,40,0,Italians,2
1,4,40,0,Germans,1
1,4,40,0,Chinese,3
1,4,40,1,Russians,3
1,4,40,1,Italians,3
1,4,40,1,Germans,2
1,4,40,1,Chinese,3
1,4,41,0,Russians,3
1,4,41,0,Italians,2
1,4,41,0,Germans,1
1,4,41,0,Chinese,3
1,4,41,1,Russians,3
1,4,41,1,Italians,3
1,4,41,1,Germans,2
1,4,41,1,Chinese,3
1,4,42,0,Russians,3
1,4,42,0,Italians,2
1,4,42,0,Germans,1
1,4,42,0,Chinese,3
1,4,42,1,Russians,3
1,4,42,1,Italians,3
1,4,42,1,Germans,2
1,4,42,1,Chinese,3
1,4,43,0,Russians,3
1,4,43,0,Italians,3
1,4,43,0,Germans,1
1,4,43,0,Chinese,3
1,4,43,1,Russians,3
1,4,43,1,Italians,3
1,4,43,1,Germans,2
1,4,43,1,Chinese,3
1,4,44,0,Russians,3
1,4,44,0,Italians,2
1,4,44,0,Germans,1
1,4,44,0,Chinese,3
1,4,44,1,Russians,3
1,4,44,1,Italians,3
1,4,44,1,Germans,2
1,4,44,1,Chinese,3
1,4,45,0,Russians,3
1,4,45,0,Italians,2
1,4,45,0,Germans,1
1,4,45,0,Chinese,3
1,4,45,1,Russians,3
1,4,45,1,Italians,3
1,4,45,1,Germans,2
1,4,45,1,Chinese,3
1,4,46,0,Russians,3
1,4,46,0,Italians,2
1,4,46,0,Germans,1
1,4,46,0,Chinese,3
1,4,46,1,Russians,3
1,4,46,1,Italians,3
1,4,46,1,Germans,2
1,4,46,1,Chinese,3
1,4,47,0,Russians,3
1,4,47,0,Italians,3
1,4,47,0,Germans,1
1,4,47,0,Chinese,3
1,4,47,1,Russians,3
1,4,47,1,Italians,3
1,4,47,1,Germans,2
1,4,47,1,Chinese,3
1,4,48,0,Russians,3
1,4,48,0,Italians,2
1,4,48,0,Germans,1
1,4,48,0,Chinese,3
1,4,48,1,Russians,3
1,4,48,1,Italians,3
1,4,48,1,Germans,2
1,4,48,1,Chinese,3
1,4,49,0,Russians,3
1,4,49,0,Italians,2
1,4,49,0,Germans,1
1,4,49,0,Chinese,3
1,4,49,1,Russians,3
1,4,49,1,Italians,3
1,4,49,1,Germans,2
1,4,49,1,Chinese,3
1,4,50,0,Russians,3
1,4,50,0,Italians,2
1,4,50,0,Germans,1
1,4,50,0,Chinese,3
1,4,50,1,Russians,3
1,4,50,1,Italians,3
1,4,50,1,Germans,2
1,4,50,1,Chinese,3
1,4,51,0,Russians,3
1,4,51,0,Italians,3
1,4,51,0,Germans,1
1,4,51,0,Chinese,3
1,4,51,1,Russians,3
1,4,51,1,Italians,3
1,4,51,1,Germans,2
1,4,51,1,Chinese,3
1,4,52,0,Russians,3
1,4,52,0,Italians,2
1,4,52,0,Germans,1
1,4,52,0,Chinese,3
1,4,52,1,Russians,3
1,4,52,1,Italians,3
1,4,52,1,Germans,2
1,4,52,1,Chinese,3
1,4,53,0,Russians,3
1,4,53,0,Italians,2
1,4,53,0,Germans,1
1,4,53,0,Chinese,3
1,4,53,1,Russians,3
1,4,53,1,Italians,3
1,4,53,1,Germans,2
1,4,53,1,Chinese,3
1,4,54,0,Russians,3
1,4,54,0,Italians,2
1,4,54,0,Germans,1
1,4,54,0,Chinese,3
1,4,54,1,Russians,3
1,4,54,1,Italians,3
1,4,54,1,Germans,2
1,4,54,1,Chinese,3
1,4,55,0,Russians,3
1,4,55,0,Italians,3
1,4,55,0,Germans,1
1,4,55,0,Chinese,3
1,4,55,1,Russians,3
1,4,55,1,Italians,3
1,4,55,1,Germans,2
1,4,55,1,Chinese,3
1,4,56,0,Russians,3
1,4,56,0,Italians,2
1,4,56,0,Germans,1
1,4,56,0,Chinese,3
1,4,56,1,Russians,3
1,4,56,1,Italians,3
1,4,56,1,Germans,2
1,4,56,1,Chinese,3
1,4,57,0,Russians,3
1,4,57,0,Italians,2
1,4,57,0,Germans,1
1,4,57,0,Chinese,3
1,4,57,1,Russians,3
1,4,57,1,Italians,3
1,4,57,1,Germans,2
1,4,57,1,Chinese,3
1,4,58,0,Russians,3
1,4,58,0,Italians,2
1,4,58,0,Germans,1
1,4,58,0,Chinese,3
1,4,58,1,Russians,3
1,4,58,1,Italians,3
1,4,58,1,Germans,2
1,4,58,1,Chinese,3
1,4,59,0,Russians,3
1,4,59,0,Italians,3
1,4,59,0,Germans,1
1,4,59,0,Chinese,3
1,4,59,1,Russians,3
1,4,59,1,Italians,3
1,4,59,1,Germans,2
1,4,59,1,Chinese,3
1,4,60,0,Russians,3
1,4,60,0,Italians,2
1,4,60,0,Germans,1
1,4,60,0,Chinese,3
1,4,60,1,Russians,3
1,4,60,1,Italians,3
1,4,60,1,Germans,2
1,4,60,1,Chinese,3
1,4,61,0,Russians,3
1,4,61,0,Italians,2
1,4,61,0,Germans,1
1,4,61,0,Chinese,3
1,4,61,1,Russians,3
1,4,61,1,Italians,3
1,4,61,1,Germans,2
1,4,61,1,Chinese,3
1,4,62,0,Russians,3
1,4,62,0,Italians,2
1,4,62,0,Germans,1
1,4,62,0,Chinese,3
1,4,62,1,Russians,3
1,4,62,1,Italians,3
1,4,62,1,Germans,2
1,4,62,1,Chinese,3
1,4,63,0,Russians,3
1,4,63,0,Italians,3
1,4,63,0,Germans,1
1,4,63,0,Chinese,3
1,4,63,1,Russians,3
1,4,63,1,Italians,3
1,4,63,1,Germans,2
1,4,63,1,Chinese,3
1,4,64,0,Russians,3
1,4,64,0,Italians,2
1,4,64,0,Germans,1
1,4,64,0,Chinese,3
1,4,64,1,Russians,3
1,4,64,1,Italians,3
1,4,64,1,Germans,2
1,4,64,1,Chinese,3
1,4,65,0,Russians,3
1,4,65,0,Italians,2
1,4,65,0,Germans,1
1,4,65,0,Chinese,3
1,4,65,1,Russians,3
1,4,65,1,Italians,3
1,4,65,1,Germans,2
1,4,65,1,Chinese,3
1,4,66,0,Russians,3
1,4,66,0,Italians,2
1,4,66,0,Germans,1
1,4,66,0,Chinese,3
1,4,66,1,Russians,3
1,4,66,1,Italians,3
1,4,66,1,Germans,2
1,4,66,1,Chinese,3
1,4,67,0,Russians,3
1,4,67,0,Italians,3
1,4,67,0,Germans,1
1,4,67,0,Chinese,3
1,4,67,1,Russians,3
1,4,67,1,Italians,3
1,4,67,1,Germans,2
1,4,67,1,Chinese,3
1,4,68,0,Russians,3
1,4,68,0,Italians,2
1,4,68,0,Germans,1
1,4,68,0,Chinese,3
1,4,68,1,Russians,3
1,4,68,1,Italians,3
1,4,68,1,Germans,2
1,4,68,1,Chinese,3
1,4,69,0,Russians,3
1,4,69,0,Italians,2
1,4,69,0,Germans,1
1,4,69,0,Chinese,3
1,4,69,1,Russians,3
1,4,69,1,Italians,3
1,4,69,1,Germans,2
1,4,69,1,Chinese,3
1,4,70,0,Russians,3
1,4,70,0,Italians,2
1,4,70,0,Germans,1
1,4,70,0,Chinese,3
1,4,70,1,Russians,3
1,4,70,1,Italians,3
1,4,70,1,Germans,2
1,4,70,1,Chinese,3
1,4,71,0,Russians,3
1,4,71,0,Italians,3
1,4,71,0,Germans,1
1,4,71,0,Chinese,3
1,4,71,1,Russians,3
1,4,71,1,Italians,3
1,4,71,1,Germans,2
1,4,71,1,Chinese,3
1,4,72,0,Russians,3
1,4,72,0,Italians,2
1,4,72,0,Germans,1
1,4,72,0,Chinese,3
1,4,72,1,Russians,3
1,4,72,1,Italians,3
1,4,72,1,Germans,2
1,4,72,1,Chinese,3
1,4,73,0,Russians,3
1,4,73,0,Italians,2
1,4,73,0,Germans,1
1,4,73,0,Chinese,3
1,4,73,1,Russians,3
1,4,73,1,Italians,3
1,4,73,1,Germans,2
1,4,73,1,Chinese,3
1,4,74,0,Russians,3
1,4,74,0,Italians,2
1,4,74,0,Germans,1
1,4,74,0,Chinese,3
1,4,74,1,Russians,3
1,4,74,1,Italians,3
1,4,74,1,Germans,2
1,4,74,1,Chinese,3
1,4,75,0,Russians,3
1,4,75,0,Italians,3
1,4,75,0,Germans,1
1,4,75,0,Chinese,3
1,4,75,1,Russians,3
1,4,75,1,Italians,3
1,4,75,1,Germans,2
1,4,75,1,Chinese,3
1,4,76,0,Russians,3
1,4,76,0,Italians,2
1,4,76,0,Germans,1
1,4,76,0,Chinese,3
1,4,76,1,Russians,3
1,4,76,1,Italians,3
1,4,76,1,Germans,2
1,4,76,1,Chinese,3
1,4,77,0,Russians,3
1,4,77,0,Italians,2
1,4,77,0,Germans,1
1,4,77,0,Chinese,3
1,4,77,1,Russians,3
1,4,77,1,Italians,3
1,4,77,1,Germans,2
1,4,77,1,Chinese,3
1,4,78,0,Russians,3
1,4,78,0,Italians,2
1,4,78,0,Germans,1
1,4,78,0,Chinese,3
1,4,78,1,Russians,3
1,4,78,1,Italians,3
1,4,78,1,Germans,2
1,4,78,1,Chinese,3
1,4,79,0,Russians,3
1,4,79,0,Italians,3
1,4,79,0,Germans,1
1,4,79,0,Chinese,3
1,4,79,1,Russians,3
1,4,79,1,Italians,3
1,4,79,1,Germans,2
1,4,79,1,Chinese,3
1,4,80,0,Russians,3
1,4,80,0,Italians,2
1,4,80,0,Germans,1
1,4,80,0,Chinese,3
1,4,80,1,Russians,3
1,4,80,1,Italians,3
1,4,80,1,Germans,2
1,4,80,1,Chinese,3
1,4,81,0,Russians,3
1,4,81,0,Italians,2
1,4,81,0,Germans,1
1,4,81,0,Chinese,3
1,4,81,1,Russians,3
1,4,81,1,Italians,3
1,4,81,1,Germans,2
1,4,81,1,Chinese,3
1,4,82,0,Russians,3
1,4,82,0,Italians,2
1,4,82,0,Germans,1
1,4,82,0,Chinese,3
1,4,82,1,Russians,3
1,4,82,1,Italians,3
1,4,82,1,Germans,2
1,4,82,1,Chinese,3
1,4,83,0,Russians,3
1,4,83,0,Italians,3
1,4,83,0,Germans,1
1,4,83,0,Chinese,3
1,4,83,1,Russians,3
1,4,83,1,Italians,3
1,4,83,1,Germans,2
1,4,83,1,Chinese,3
1,4,84,0,Russians,3
1,4,84,0,Italians,2
1,4,84,0,Germans,1
1,4,84,0,Chinese,3
1,4,84,1,Russians,3
1,4,84,1,Italians,3
1,4,84,1,Germans,2
1,4,84,1,Chinese,3
1,4,85,0,Russians,3
1,4,85,0,Italians,2
1,4,85,0,Germans,1
1,4,85,0,Chinese,3
1,4,85,1,Russians,3
1,4,85,1,Italians,3
1,4,85,1,Germans,2
1,4,85,1,Chinese,3
1,4,86,0,Russians,3
1,4,86,0,Italians,2
1,4,86,0,Germans,1
1,4,86,0,Chinese,3
1,4,86,1,Russians,3
1,4,86,1,Italians,3
1,4,86,1,Germans,2
1,4,86,1,Chinese,3
1,4,87,0,Russians,3
1,4,87,0,Italians,3
1,4,87,0,Germans,1
1,4,87,0,Chinese,3
1,4,87,1,Russians,3
1,4,87,1,Italians,3
1,4,87,1,Germans,2
1,4,87,1,Chinese,3
1,4,88,0,Russians,3
1,4,88,0,Italians,2
1,4,88,0,Germans,1
1,4,88,0,Chinese,3
1,4,88,1,Russians,3
1,4,88,1,Italians,3
1,4,88,1,Germans,2
1,4,88,1,Chinese,3
1,4,89,0,Russians,3
1,4,89,0,Italians,2
1,4,89,0,Germans,1
1,4,89,0,Chinese,3
1,4,89,1,Russians,3
1,4,89,1,Italians,3
1,4,89,1,Germans,2
1,4,89,1,Chinese,3
1,4,90,0,Russians,3
1,4,90,0,Italians,2
1,4,90,0,Germans,1
1,4,90,0,Chinese,3
1,4,90,1,Russians,3
1,4,90,1,Italians,3
1,4,90,1,Germans,2
1,4,90,1,Chinese,3
1,4,91,0,Russians,3
1,4,91,0,Italians,3
1,4,91,0,Germans,1
1,4,91,0,Chinese,3
1,4,91,1,Russians,3
1,4,91,1,Italians,3
1,4,91,1,Germans,2
1,4,91,1,Chinese,3
1,4,92,0,Russians,3
1,4,92,0,Italians,2
1,4,92,0,Germans,1
1,4,92,0,Chinese,3
1,4,92,1,Russians,3
1,4,92,1,Italians,3
1,4,92,1,Germans,2
1,4,92,1,Chinese,3
1,4,93,0,Russians,3
1,4,93,0,Italians,2
1,4,93,0,Germans,1
1,4,93,0,Chinese,3
1,4,93,1,Russians,3
1,4,93,1,Italians,3
1,4,93,1,Germans,2
1,4,93,1,Chinese,3
1,4,94,0,Russians,3
1,4,94,0,Italians,2
1,4,94,0,Germans,1
1,4,94,0,Chinese,3
1,4,94,1,Russians,3
1,4,94,1,Italians,3
1,4,94,1,Germans,2
1,4,94,1,Chinese,3
1,4,95,0,Russians,3
1,4,95,0,Italians,3
1,4,95,0,Germans,1
1,4,95,0,Chinese,3
1,4,95,1,Russians,3
1,4,95,1,Italians,3
1,4,95,1,Germans,2
1,4,95,1,Chinese,3
1,4,96,0,Russians,3
1,4,96,0,Italians,2
1,4,96,0,Germans,1
1,4,96,0,Chinese,3
1,4,96,1,Russians,3
1,4,96,1,Italians,3
1,4,96,1,Germans,2
1,4,96,1,Chinese,3
1,4,97,0,Russians,3
1,4,97,0,Italians,2
1,4,97,0,Germans,1
1,4,97,0,Chinese,3
1,4,97,1,Russians,3
1,4,97,1,Italians,3
1,4,97,1,Germans,2
1,4,97,1,Chinese,3
1,4,98,0,Russians,3
1,4,98,0,Italians,2
1,4,98,0,Germans,1
1,4,98,0,Chinese,3
1,4,98,1,Russians,3
1,4,98,1,Italians,3
1,4,98,1,Germans,2
1,4,98,1,Chinese,3
1,4,99,0,Russians,3
1,4,99,0,Italians,3
1,4,99,0,Germans,1
1,4,99,0,Chinese,3
1,4,99,1,Russians,3
1,4,99,1,Italians,3
1,4,99,1,Germans,2
1,4,99,1,Chinese,3
1,4,100,0,Russians,3
1,4,100,0,Italians,2
1,4,100,0,Germans,1
1,4,100,0,Chinese,3
1,4,100,1,Russians,3
1,4,100,1,Italians,3
1,4,100,1,Germans,2
1,4,100,1,Chinese,3
1,4,101,0,Russians,3
1,4,101,0,Italians,2
1,4,101,0,Germans,1
1,4,101,0,Chinese,3
1,4,101,1,Russians,3
1,4,101,1,Italians,3
1,4,101,1,Germans,2
1,4,101,1,Chinese,3
1,4,102,0,Russians,3
1,4,102,0,Italians,2
1,4,102,0,Germans,1
1,4,102,0,Chinese,3
1,4,102,1,Russians,3
1,4,102,1,Italians,3
1,4,102,1,Germans,2
1,4,102,1,Chinese,3
1,4,103,0,Russians,3
1,4,103,0,Italians,3
1,4,103,0,Germans,1
1,4,103,0,Chinese,3
1,4,103,1,Russians,3
1,4,103,1,Italians,3
1,4,103,1,Germans,2
1,4,103,1,Chinese,3
1,4,104,0,Russians,3
1,4,104,0,Italians,2
1,4,104,0,Germans,1
1,4,104,0,Chinese,3
1,4,104,1,Russians,3
1,4,104,1,Italians,3
1,4,104,1,Germans,2
1,4,104,1,Chinese,3
1,4,105,0,Russians,3
1,4,105,0,Italians,2
1,4,105,0,Germans,1
1,4,105,0,Chinese,3
1,4,105,1,Russians,3
1,4,105,1,Italians,3
1,4,105,1,Germans,2
1,4,105,1,Chinese,3
1,4,106,0,Russians,3
1,4,106,0,Italians,2
1,4,106,0,Germans,1
1,4,106,0,Chinese,3
1,4,106,1,Russians,3
1,4,106,1,Italians,3
1,4,106,1,Germans,2
1,4,106,1,Chinese,3
1,4,107,0,Russians,3
1,4,107,0,Italians,3
1,4,107,0,Germans,1
1,4,107,0,Chinese,3
1,4,107,1,Russians,3
1,4,107,1,Italians,3
1,4,107,1,Germans,2
1,4,107,1,Chinese,3
1,4,108,0,Russians,3
1,4,108,0,Italians,2
1,4,108,0,Germans,1
1,4,108,0,Chinese,3
1,4,108,1,Russians,3
1,4,108,1,Italians,3
1,4,108,1,Germans,2
1,4,108,1,Chinese,3
1,4,109,0,Russians,3
1,4,109,0,Italians,2
1,4,109,0,Germans,1
1,4,109,0,Chinese,3
1,4,109,1,Russians,3
1,4,109,1,Italians,3
1,4,109,1,Germans,2
1,4,109,1,Chinese,3
1,4,110,0,Russians,3
1,4,110,0,Italians,2
1,4,110,0,Germans,1
1,4,110,0,Chinese,3
1,4,110,1,Russians,3
1,4,110,1,Italians,3
1,4,110,1,Germans,2
1,4,110,1,Chinese,3
1,4,111,0,Russians,3
1,4,111,0,Italians,3
1,4,111,0,Germans,1
1,4,111,0,Chinese,3
1,4,111,1,Russians,3
1,4,111,1,Italians,3
1,4,111,1,Germans,2
1,4,111,1,Chinese,3
1,4,112,0,Russians,3
1,4,112,0,Italians,2
1,4,112,0,Germans,1
1,4,112,0,Chinese,3
1,4,112,1,Russians,3
1,4,112,1,Italians,3
1,4,112,1,Germans,2
1,4,112,1,Chinese,3
1,4,113,0,Russians,3
1,4,113,0,Italians,2
1,4,113,0,Germans,1
1,4,113,0,Chinese,3
1,4,113,1,Russians,3
1,4,113,1,Italians,3
1,4,113,1,Germans,2
1,4,113,1,Chinese,3
1,4,114,0,Russians,3
1,4,114,0,Italians,2
1,4,114,0,Germans,1
1,4,114,0,Chinese,3
1,4,114,1,Russians,3
1,4,114,1,Italians,3
1,4,114,1,Germans,2
1,4,114,1,Chinese,3
1,4,115,0,Russians,3
1,4,115,0,Italians,3
1,4,115,0,Germans,1
1,4,115,0,Chinese,3
1,4,115,1,Russians,3
1,4,115,1,Italians,3
1,4,115,1,Germans,2
1,4,115,1,Chinese,3
1,4,116,0,Russians,3
1,4,116,0,Italians,2
1,4,116,0,Germans,1
1,4,116,0,Chinese,3
1,4,116,1,Russians,3
1,4,116,1,Italians,3
1,4,116,1,Germans,2
1,4,116,1,Chinese,3
1,4,117,0,Russians,3
1,4,117,0,Italians,2
1,4,117,0,Germans,1
1,4,117,0,Chinese,3
1,4,117,1,Russians,3
1,4,117,1,Italians,3
1,4,117,1,Germans,2
1,4,117,1,Chinese,3
1,4,118,0,Russians,3
1,4,118,0,Italians,2
1,4,118,0,Germans,1
1,4,118,0,Chinese,3
1,4,118,1,Russians,3
1,4,118,1,Italians,3
1,4,118,1,Germans,2
1,4,118,1,Chinese,3
1,4,119,0,Russians,3
1,4,119,0,Italians,3
1,4,119,0,Germans,1
1,4,119,0,Chinese,3
1,4,119,1,Russians,3
1,4,119,1,Italians,3
1,4,119,1,Germans,2
1,4,119,1,Chinese,3
1,4,120,0,Russians,3
1,4,120,0,Italians,2
1,4,120,0,Germans,1
1,4,120,0,Chinese,3
1,4,120,1,Russians,3
1,4,120,1,Italians,3
1,4,120,1,Germans,2
1,4,120,1,Chinese,3
1,4,121,0,Russians,3
1,4,121,0,Italians,2
1,4,121,0,Germans,1
1,4,121,0,Chinese,3
1,4,121,1,Russians,3
1,4,121,1,Italians,3
1,4,121,1,Germans,2
1,4,121,1,Chinese,3
1,4,122,0,Russians,3
1,4,122,0,Italians,2
1,4,122,0,Germans,1
1,4,122,0,Chinese,3
1,4,122,1,Russians,3
1,4,122,1,Italians,3
1,4,122,1,Germans,2
1,4,122,1,Chinese,3
1,4,123,0,Russians,3
1,4,123,0,Italians,3
1,4,123,0,Germans,1
1,4,123,0,Chinese,3
1,4,123,1,Russians,3
1,4,123,1,Italians,3
1,4,123,1,Germans,2
1,4,123,1,Chinese,3
1,4,124,0,Russians,3
1,4,124,0,Italians,2
1,4,124,0,Germans,1
1,4,124,0,Chinese,3
1,4,124,1,Russians,3
1,4,124,1,Italians,3
1,4,124,1,Germans,2
1,4,124,1,Chinese,3
1,4,125,0,Russians,3
1,4,125,0,Italians,2
1,4,125,0,Germans,1
1,4,125,0,Chinese,3
1,4,125,1,Russians,3
1,4,125,1,Italians,3
1,4,125,1,Germans,2
1,4,125,1,Chinese,3
1,4,126,0,Russians,3
1,4,126,0,Italians,2
1,4,126,0,Germans,1
1,4,126,0,Chinese,3
1,4,126,1,Russians,3
1,4,126,1,Italians,3
1,4,126,1,Germans,2
1,4,126,1,Chinese,3
1,4,127,0,Russians,3
1,4,127,0,Italians,3
1,4,127,0,Germans,1
1,4,127,0,Chinese,3
1,4,127,1,Russians,3
1,4,127,1,Italians,3
1,4,127,1,Germans,2
1,4,127,1,Chinese,3
1,4,128,0,Russians,3
1,4,128,0,Italians,2
1,4,128,0,Germans,1
1,4,128,0,Chinese,3
1,4,128,1,Russians,3
1,4,128,1,Italians,3
1,4,128,1,Germans,2
1,4,128,1,Chinese,3
1,4,129,0,Russians,3
1,4,129,0,Italians,2
1,4,129,0,Germans,1
1,4,129,0,Chinese,3
1,4,129,1,Russians,3
1,4,129,1,Italians,3
1,4,129,1,Germans,2
1,4,129,1,Chinese,3
1,4,130,0,Russians,3
1,4,130,0,Italians,2
1,4,130,0,Germans,1
1,4,130,0,Chinese,3
1,4,130,1,Russians,3
1,4,130,1,Italians,3
1,4,130,1,Germans,2
1,4,130,1,Chinese,3
1,4,131,0,Russians,3
1,4,131,0,Italians,3
1,4,131,0,Germans,1
1,4,131,0,Chinese,3
1,4,131,1,Russians,3
1,4,131,1,Italians,3
1,4,131,1,Germans,2
1,4,131,1,Chinese,3
1,4,132,0,Russians,3
1,4,132,0,Italians,2
1,4,132,0,Germans,1
1,4,132,0,Chinese,3
1,4,132,1,Russians,3
1,4,132,1,Italians,3
1,4,132,1,Germans,2
1,4,132,1,Chinese,3
1,4,133,0,Russians,3
1,4,133,0,Italians,2
1,4,133,0,Germans,1
1,4,133,0,Chinese,3
1,4,133,1,Russians,3
1,4,133,1,Italians,3
1,4,133,1,Germans,2
1,4,133,1,Chinese,3
1,4,134,0,Russians,3
1,4,134,0,Italians,2
1,4,134,0,Germans,1
1,4,134,0,Chinese,3
1,4,134,1,Russians,3
1,4,134,1,Italians,3
1,4,134,1,Germans,2
1,4,134,1,Chinese,3
1,4,135,0,Russians,3
1,4,135,0,Italians,3
1,4,135,0,Germans,1
1,4,135,0,Chinese,3
1,4,135,1,Russians,3
1,4,135,1,Italians,3
1,4,135,1,Germans,2
1,4,135,1,Chinese,3
1,4,136,0,Russians,3
1,4,136,0,Italians,2
1,4,136,0,Germans,1
1,4,136,0,Chinese,3
1,4,136,1,Russians,3
1,4,136,1,Italians,3
1,4,136,1,Germans,2
1,4,136,1,Chinese,3
1,4,137,0,Russians,3
1,4,137,0,Italians,2
1,4,137,0,Germans,1
1,4,137,0,Chinese,3
1,4,137,1,Russians,3
1,4,137,1,Italians,3
1,4,137,1,Germans,2
1,4,137,1,Chinese,3
1,4,138,0,Russians,3
1,4,138,0,Italians,2
1,4,138,0,Germans,1
1,4,138,0,Chinese,3
1,4,138,1,Russians,3
1,4,138,1,Italians,3
1,4,138,1,Germans,2
1,4,138,1,Chinese,3
1,4,139,0,Russians,3
1,4,139,0,Italians,3
1,4,139,0,Germans,1
1,4,139,0,Chinese,3
1,4,139,1,Russians,3
1,4,139,1,Italians,3
1,4,139,1,Germans,2
1,4,139,1,Chinese,3
1,4,140,0,Russians,3
1,4,140,0,Italians,2
1,4,140,0,Germans,1
1,4,140,0,Chinese,3
1,4,140,1,Russians,3
1,4,140,1,Italians,3
1,4,140,1,Germans,2
1,4,140,1,Chinese,3
1,4,141,0,Russians,3
1,4,141,0,Italians,2
1,4,141,0,Germans,1
1,4,141,0,Chinese,3
1,4,141,1,Russians,3
1,4,141,1,Italians,3
1,4,141,1,Germans,2
1,4,141,1,Chinese,3
1,4,142,0,Russians,3
1,4,142,0,Italians,2
1,4,142,0,Germans,1
1,4,142,0,Chinese,3
1,4,142,1,Russians,3
1,4,142,1,Italians,3
1,4,142,1,Germans,2
1,4,142,1,Chinese,3
1,4,143,0,Russians,3
1,4,143,0,Italians,3
1,4,143,0,Germans,1
1,4,143,0,Chinese,3
1,4,143,1,Russians,3
1,4,143,1,Italians,3
1,4,143,1,Germans,2
1,4,143,1,Chinese,3
1,4,144,0,Russians,3
1,4,144,0,Italians,2
1,4,144,0,Germans,1
1,4,144,0,Chinese,3
1,4,144,1,Russians,3
1,4,144,1,Italians,3
1,4,144,1,Germans,2
1,4,144,1,Chinese,3
1,4,145,0,Russians,3
1,4,145,0,Italians,2
1,4,145,0,Germans,1
1,4,145,0,Chinese,3
1,4,145,1,Russians,3
1,4,145,1,Italians,3
1,4,145,1,Germans,2
1,4,145,1,Chinese,3
1,4,146,0,Russians,3
1,4,146,0,Italians,2
1,4,146,0,Germans,1
1,4,146,0,Chinese,3
1,4,146,1,Russians,3
1,4,146,1,Italians,3
1,4,146,1,Germans,2
1,4,146,1,Chinese,3
1,4,147,0,Russians,3
1,4,147,0,Italians,3
1,4,147,0,Germans,1
1,4,147,0,Chinese,3
1,4,147,1,Russians,3
1,4,147,1,Italians,3
1,4,147,1,Germans,2
1,4,147,1,Chinese,3
1,4,148,0,Russians,3
1,4,148,0,Italians,2
1,4,148,0,Germans,1
1,4,148,0,Chinese,3
1,4,148,1,Russians,3
1,4,148,1,Italians,3
1,4,148,1,Germans,2
1,4,148,1,Chinese,3
1,4,149,0,Russians,3
1,4,149,0,Italians,2
1,4,149,0,Germans,1
1,4,149,0,Chinese,3
1,4,149,1,Russians,3
1,4,149,1,Italians,3
1,4,149,1,Germans,2
1,4,149,1,Chinese,3
1,4,150,0,Russians,3
1,4,150,0,Italians,2
1,4,150,0,Germans,1
1,4,150,0,Chinese,3
1,4,150,1,Russians,3
1,4,150,1,Italians,3
1,4,150,1,Germans,2
1,4,150,1,Chinese,3
1,4,151,0,Russians,3
1,4,151,0,Italians,3
1,4,151,0,Germans,1
1,4,151,0,Chinese,3
1,4,151,1,Russians,3
1,4,151,1,Italians,3
1,4,151,1,Germans,2
1,4,151,1,Chinese,3
1,4,152,0,Russians,3
1,4,152,0,Italians,2
1,4,152,0,Germans,1
1,4,152,0,Chinese,3
1,4,152,1,Russians,3
1,4,152,1,Italians,3
1,4,152,1,Germans,2
1,4,152,1,Chinese,3
1,4,153,0,Russians,3
1,4,153,0,Italians,2
1,4,153,0,Germans,1
1,4,153,0,Chinese,3
1,4,153,1,Russians,3
1,4,153,1,Italians,3
1,4,153,1,Germans,2
1,4,153,1,Chinese,3
1,4,154,0,Russians,3
1,4,154,0,Italians,2
1,4,154,0,Germans,1
1,4,154,0,Chinese,3
1,4,154,1,Russians,3
1,4,154,1,Italians,3
1,4,154,1,Germans,2
1,4,154,1,Chinese,3
1,4,155,0,Russians,3
1,4,155,0,Italians,3
1,4,155,0,Germans,1
1,4,155,0,Chinese,3
1,4,155,1,Russians,3
1,4,155,1,Italians,3
1,4,155,1,Germans,2
1,4,155,1,Chinese,3
1,4,156,0,Russians,3
1,4,156,0,Italians,2
1,4,156,0,Germans,1
1,4,156,0,Chinese,3
1,4,156,1,Russians,3
1,4,156,1,Italians,3
1,4,156,1,Germans,2
1,4,156,1,Chinese,3
1,4,157,0,Russians,3
1,4,157,0,Italians,2
1,4,157,0,Germans,1
1,4,157,0,Chinese,3
1,4,157,1,Russians,3
1,4,157,1,Italians,3
1,4,157,1,Germans,2
1,4,157,1,Chinese,3
1,4,158,0,Russians,3
1,4,158,0,Italians,2
1,4,158,0,Germans,1
1,4,158,0,Chinese,3
1,4,158,1,Russians,3
1,4,158,1,Italians,3
1,4,158,1,Germans,2
1,4,158,1,Chinese,3
1,4,159,0,Russians,3
1,4,159,0,Italians,3
1,4,159,0,Germans,1
1,4,159,0,Chinese,3
1,4,159,1,Russians,3
1,4,159,1,Italians,3
1,4,159,1,Germans,2
1,4,159,1,Chinese,3
1,4,160,0,Russians,3
1,4,160,0,Italians,2
1,4,160,0,Germans,1
1,4,160,0,Chinese,3
1,4,160,1,Russians,3
1,4,160,1,Italians,3
1,4,160,1,Germans,2
1,4,160,1,Chinese,3
1,4,161,0,Russians,3
1,4,161,0,Italians,2
1,4,161,0,Germans,1
1,4,161,0,Chinese,3
1,4,161,1,Russians,3
1,4,161,1,Italians,3
1,4,161,1,Germans,2
1,4,161,1,Chinese,3
1,4,162,0,Russians,3
1,4,162,0,Italians,2
1,4,162,0,Germans,1
1,4,162,0,Chinese,3
1,4,162,1,Russians,3
1,4,162,1,Italians,3
1,4,162,1,Germans,2
1,4,162,1,Chinese,3
1,4,163,0,Russians,3
1,4,163,0,Italians,3
1,4,163,0,Germans,1
1,4,163,0,Chinese,3
1,4,163,1,Russians,3
1,4,163,1,Italians,3
1,4,163,1,Germans,2
1,4,163,1,Chinese,3
1,4,164,0,Russians,3
1,4,164,0,Italians,2
1,4,164,0,Germans,1
1,4,164,0,Chinese,3
1,4,164,1,Russians,3
1,4,164,1,Italians,3
1,4,164,1,Germans,2
1,4,164,1,Chinese,3
1,4,165,0,Russians,3
1,4,165,0,Italians,2
1,4,165,0,Germans,1
1,4,165,0,Chinese,3
1,4,165,1,Russians,3
1,4,165,1,Italians,3
1,4,165,1,Germans,2
1,4,165,1,Chinese,3
1,4,166,0,Russians,3
1,4,166,0,Italians,2
1,4,166,0,Germans,1
1,4,166,0,Chinese,3
1,4,166,1,Russians,3
1,4,166,1,Italians,3
1,4,166,1,Germans,2
1,4,166,1,Chinese,3
1,4,167,0,Russians,3
1,4,167,0,Italians,3
1,4,167,0,Germans,1
1,4,167,0,Chinese,3
1,4,167,1,Russians,3
1,4,167,1,Italians,3
1,4,167,1,Germans,2
1,4,167,1,Chinese,3
1,4,168,0,Russians,3
1,4,168,0,Italians,2
1,4,168,0,Germans,1
1,4,168,0,Chinese,3
1,4,168,1,Russians,3
1,4,168,1,Italians,3
1,4,168,1,Germans,2
1,4,168,1,Chinese,3
1,4,169,0,Russians,3
1,4,169,0,Italians,2
1,4,169,0,Germans,1
1,4,169,0,Chinese,3
1,4,169,1,Russians,3
1,4,169,1,Italians,3
1,4,169,1,Germans,2
1,4,169,1,Chinese,3
1,4,170,0,Russians,3
1,4,170,0,Italians,2
1,4,170,0,Germans,1
1,4,170,0,Chinese,3
1,4,170,1,Russians,3
1,4,170,1,Italians,3
1,4,170,1,Germans,2
1,4,170,1,Chinese,3
1,4,171,0,Russians,3
1,4,171,0,Italians,3
1,4,171,0,Germans,1
1,4,171,0,Chinese,3
1,4,171,1,Russians,3
1,4,171,1,Italians,3
1,4,171,1,Germans,2
1,4,171,1,Chinese,3
1,4,172,0,Russians,3
1,4,172,0,Italians,2
1,4,172,0,Germans,1
1,4,172,0,Chinese,3
1,4,172,1,Russians,3
1,4,172,1,Italians,3
1,4,172,1,Germans,2
1,4,172,1,Chinese,3
1,4,173,0,Russians,3
1,4,173,0,Italians,2
1,4,173,0,Germans,1
1,4,173,0,Chinese,3
1,4,173,1,Russians,3
1,4,173,1,Italians,3
1,4,173,1,Germans,2
1,4,173,1,Chinese,3
1,4,174,0,Russians,3
1,4,174,0,Italians,2
1,4,174,0,Germans,1
1,4,174,0,Chinese,3
1,4,174,1,Russians,3
1,4,174,1,Italians,3
1,4,174,1,Germans,2
1,4,174,1,Chinese,3
1,4,175,0,Russians,3
1,4,175,0,Italians,3
1,4,175,0,Germans,1
1,4,175,0,Chinese,3
1,4,175,1,Russians,3
1,4,175,1,Italians,3
1,4,175,1,Germans,2
1,4,175,1,Chinese,3
1,4,176,0,Russians,3
1,4,176,0,Italians,2
1,4,176,0,Germans,1
1,4,176,0,Chinese,3
1,4,176,1,Russians,3
1,4,176,1,Italians,3
1,4,176,1,Germans,2
1,4,176,1,Chinese,3
1,4,177,0,Russians,3
1,4,177,0,Italians,2
1,4,177,0,Germans,1
1,4,177,0,Chinese,3
1,4,177,1,Russians,3
1,4,177,1,Italians,3
1,4,177,1,Germans,2
1,4,177,1,Chinese,3
1,4,178,0,Russians,3
1,4,178,0,Italians,2
1,4,178,0,Germans,1
1,4,178,0,Chinese,3
1,4,178,1,Russians,3
1,4,178,1,Italians,3
1,4,178,1,Germans,2
1,4,178,1,Chinese,3
1,4,179,0,Russians,3
1,4,179,0,Italians,3
1,4,179,0,Germans,1
1,4,179,0,Chinese,3
1,4,179,1,Russians,3
1,4,179,1,Italians,3
1,4,179,1,Germans,2
1,4,179,1,Chinese,3
1,4,180,0,Russians,3
1,4,180,0,Italians,2
1,4,180,0,Germans,1
1,4,180,0,Chinese,3
1,4,180,1,Russians,3
1,4,180,1,Italians,3
1,4,180,1,Germans,2
1,4,180,1,Chinese,3
1,4,181,0,Russians,3
1,4,181,0,Italians,2
1,4,181,0,Germans,1
1,4,181,0,Chinese,3
1,4,181,1,Russians,3
1,4,181,1,Italians,3
1,4,181,1,Germans,2
1,4,181,1,Chinese,3
1,4,182,0,Russians,3
1,4,182,0,Italians,2
1,4,182,0,Germans,1
1,4,182,0,Chinese,3
1,4,182,1,Russians,3
1,4,182,1,Italians,3
1,4,182,1,Germans,2
1,4,182,1,Chinese,3
1,4,183,0,Russians,3
1,4,183,0,Italians,3
1,4,183,0,Germans,1
1,4,183,0,Chinese,3
1,4,183,1,Russians,3
1,4,183,1,Italians,3
1,4,183,1,Germans,2
1,4,183,1,Chinese,3
1,4,184,0,Russians,3
1,4,184,0,Italians,2
1,4,184,0,Germans,1
1,4,184,0,Chinese,3
1,4,184,1,Russians,3
1,4,184,1,Italians,3
1,4,184,1,Germans,2
1,4,184,1,Chinese,3
1,4,185,0,Russians,3
1,4,185,0,Italians,2
1,4,185,0,Germans,1
1,4,185,0,Chinese,3
1,4,185,1,Russians,3
1,4,185,1,Italians,3
1,4,185,1,Germans,2
1,4,185,1,Chinese,3
1,4,186,0,Russians,3
1,4,186,0,Italians,2
1,4,186,0,Germans,1
1,4,186,0,Chinese,3
1,4,186,1,Russians,3
1,4,186,1,Italians,3
1,4,186,1,Germans,2
1,4,186,1,Chinese,3
1,4,187,0,Russians,3
1,4,187,0,Italians,3
1,4,187,0,Germans,1
1,4,187,0,Chinese,3
1,4,187,1,Russians,3
1,4,187,1,Italians,3
1,4,187,1,Germans,2
1,4,187,1,Chinese,3
1,4,188,0,Russians,3
1,4,188,0,Italians,2
1,4,188,0,Germans,1
1,4,188,0,Chinese,3
1,4,188,1,Russians,3
1,4,188,1,Italians,3
1,4,188,1,Germans,2
1,4,188,1,Chinese,3
1,4,189,0,Russians,3
1,4,189,0,Italians,2
1,4,189,0,Germans,1
1,4,189,0,Chinese,3
1,4,189,1,Russians,3
1,4,189,1,Italians,3
1,4,189,1,Germans,2
1,4,189,1,Chinese,3
1,4,190,0,Russians,3
1,4,190,0,Italians,2
1,4,190,0,Germans,1
1,4,190,0,Chinese,3
1,4,190,1,Russians,3
1,4,190,1,Italians,3
1,4,190,1,Germans,2
1,4,190,1,Chinese,3
1,4,191,0,Russians,3
1,4,191,0,Italians,3
1,4,191,0,Germans,1
1,4,191,0,Chinese,3
1,4,191,1,Russians,3
1,4,191,1,Italians,3
1,4,191,1,Germans,2
1,4,191,1,Chinese,3
1,4,192,0,Russians,3
1,4,192,0,Italians,2
1,4,192,0,Germans,1
1,4,192,0,Chinese,3
1,4,192,1,Russians,3
1,4,192,1,Italians,3
1,4,192,1,Germans,2
1,4,192,1,Chinese,3
1,4,193,0,Russians,3
1,4,193,0,Italians,2
1,4,193,0,Germans,1
1,4,193,0,Chinese,3
1,4,193,1,Russians,3
1,4,193,1,Italians,3
1,4,193,1,Germans,2
1,4,193,1,Chinese,3
1,4,194,0,Russians,3
1,4,194,0,Italians,2
1,4,194,0,Germans,1
1,4,194,0,Chinese,3
1,4,194,1,Russians,3
1,4,194,1,Italians,3
1,4,194,1,Germans,2
1,4,194,1,Chinese,3
1,4,195,0,Russians,3
1,4,195,0,Italians,3
1,4,195,0,Germans,1
1,4,195,0,Chinese,3
1,4,195,1,Russians,3
1,4,195,1,Italians,3
1,4,195,1,Germans,2
1,4,195,1,Chinese,3
1,4,196,0,Russians,3
1,4,196,0,Italians,2
1,4,196,0,Germans,1
1,4,196,0,Chinese,3
1,4,196,1,Russians,3
1,4,196,1,Italians,3
1,4,196,1,Germans,2
1,4,196,1,Chinese,3
1,4,197,0,Russians,3
1,4,197,0,Italians,2
1,4,197,0,Germans,1
1,4,197,0,Chinese,3
1,4,197,1,Russians,3
1,4,197,1,Italians,3
1,4,197,1,Germans,2
1,4,197,1,Chinese,3
1,4,198,0,Russians,3
1,4,198,0,Italians,2
1,4,198,0,Germans,1
1,4,198,0,Chinese,3
1,4,198,1,Russians,3
1,4,198,1,Italians,3
1,4,198,1,Germans,2
1,4,198,1,Chinese,3
1,4,199,0,Russians,3
1,4,199,0,Italians,3
1,4,199,0,Germans,1
1,4,199,0,Chinese,3
1,4,199,1,Russians,3
1,4,199,1,Italians,3
1,4,199,1,Germans,2
1,4,199,1,Chinese,3
1,4,200,0,Russians,3
1,4,200,0,Italians,2
1,4,200,0,Germans,1
1,4,200,0,Chinese,3
1,4,200,1,Russians,3
1,4,200,1,Italians,3
1,4,200,1,Germans,2
1,4,200,1,Chinese,3
1,4,201,0,Russians,3
1,4,201,0,Italians,2
1,4,201,0,Germans,1
1,4,201,0,Chinese,3
1,4,201,1,Russians,3
1,4,201,1,Italians,3
1,4,201,1,Germans,2
1,4,201,1,Chinese,3
1,4,202,0,Russians,3
1,4,202,0,Italians,2
1,4,202,0,Germans,1
1,4,202,0,Chinese,3
1,4,202,1,Russians,3
1,4,202,1,Italians,3
1,4,202,1,Germans,2
1,4,202,1,Chinese,3
1,4,203,0,Russians,3
1,4,203,0,Italians,3
1,4,203,0,Germans,1
1,4,203,0,Chinese,3
1,4,203,1,Russians,3
1,4,203,1,Italians,3
1,4,203,1,Germans,2
1,4,203,1,Chinese,3
1,4,204,0,Russians,3
1,4,204,0,Italians,2
1,4,204,0,Germans,1
1,4,204,0,Chinese,3
1,4,204,1,Russians,3
1,4,204,1,Italians,3
1,4,204,1,Germans,2
1,4,204,1,Chinese,3
1,4,205,0,Russians,3
1,4,205,0,Italians,2
1,4,205,0,Germans,1
1,4,205,0,Chinese,3
1,4,205,1,Russians,3
1,4,205,1,Italians,3
1,4,205,1,Germans,2
1,4,205,1,Chinese,3
1,4,206,0,Russians,3
1,4,206,0,Italians,2
1,4,206,0,Germans,1
1,4,206,0,Chinese,3
1,4,206,1,Russians,3
1,4,206,1,Italians,3
1,4,206,1,Germans,2
1,4,206,1,Chinese,3
1,4,207,0,Russians,3
1,4,207,0,Italians,3
1,4,207,0,Germans,1
1,4,207,0,Chinese,3
1,4,207,1,Russians,3
1,4,207,1,Italians,3
1,4,207,1,Germans,2
1,4,207,1,Chinese,3
1,4,208,0,Russians,3
1,4,208,0,Italians,2
1,4,208,0,Germans,1
1,4,208,0,Chinese,3
1,4,208,1,Russians,3
1,4,208,1,Italians,3
1,4,208,1,Germans,2
1,4,208,1,Chinese,3
1,4,209,0,Russians,3
1,4,209,0,Italians,2
1,4,209,0,Germans,1
1,4,209,0,Chinese,3
1,4,209,1,Russians,3
1,4,209,1,Italians,3
1,4,209,1,Germans,2
1,4,209,1,Chinese,3
1,4,210,0,Russians,3
1,4,210,0,Italians,2
1,4,210,0,Germans,1
1,4,210,0,Chinese,3
1,4,210,1,Russians,3
1,4,210,1,Italians,3
1,4,210,1,Germans,2
1,4,210,1,Chinese,3
1,4,211,0,Russians,3
1,4,211,0,Italians,3
1,4,211,0,Germans,1
1,4,211,0,Chinese,3
1,4,211,1,Russians,3
1,4,211,1,Italians,3
1,4,211,1,Germans,2
1,4,211,1,Chinese,3
1,4,212,0,Russians,3
1,4,212,0,Italians,2
1,4,212,0,Germans,1
1,4,212,0,Chinese,3
1,4,212,1,Russians,3
1,4,212,1,Italians,3
1,4,212,1,Germans,2
1,4,212,1,Chinese,3
1,4,213,0,Russians,3
1,4,213,0,Italians,2
1,4,213,0,Germans,1
1,4,213,0,Chinese,3
1,4,213,1,Russians,3
1,4,213,1,Italians,3
1,4,213,1,Germans,2
1,4,213,1,Chinese,3
1,4,214,0,Russians,3
1,4,214,0,Italians,2
1,4,214,0,Germans,1
1,4,214,0,Chinese,3
1,4,214,1,Russians,3
1,4,214,1,Italians,3
1,4,214,1,Germans,2
1,4,214,1,Chinese,3
1,4,215,0,Russians,3
1,4,215,0,Italians,3
1,4,215,0,Germans,1
1,4,215,0,Chinese,3
1,4,215,1,Russians,3
1,4,215,1,Italians,3
1,4,215,1,Germans,2
1,4,215,1,Chinese,3
1,4,216,0,Russians,3
1,4,216,0,Italians,2
1,4,216,0,Germans,1
1,4,216,0,Chinese,3
1,4,216,1,Russians,3
1,4,216,1,Italians,3
1,4,216,1,Germans,2
1,4,216,1,Chinese,3
1,4,217,0,Russians,3
1,4,217,0,Italians,2
1,4,217,0,Germans,1
1,4,217,0,Chinese,3
1,4,217,1,Russians,3
1,4,217,1,Italians,3
1,4,217,1,Germans,2
1,4,217,1,Chinese,3
1,4,218,0,Russians,3
1,4,218,0,Italians,2
1,4,218,0,Germans,1
1,4,218,0,Chinese,3
1,4,218,1,Russians,3
1,4,218,1,Italians,3
1,4,218,1,Germans,2
1,4,218,1,Chinese,3
1,4,219,0,Russians,3
1,4,219,0,Italians,3
1,4,219,0,Germans,1
1,4,219,0,Chinese,3
1,4,219,1,Russians,3
1,4,219,1,Italians,3
1,4,219,1,Germans,2
1,4,219,1,Chinese,3
1,4,220,0,Russians,3
1,4,220,0,Italians,2
1,4,220,0,Germans,1
1,4,220,0,Chinese,3
1,4,220,1,Russians,3
1,4,220,1,Italians,3
1,4,220,1,Germans,2
1,4,220,1,Chinese,3
1,4,221,0,Russians,3
1,4,221,0,Italians,2
1,4,221,0,Germans,1
1,4,221,0,Chinese,3
1,4,221,1,Russians,3
1,4,221,1,Italians,3
1,4,221,1,Germans,2
1,4,221,1,Chinese,3
1,4,222,0,Russians,3
1,4,222,0,Italians,2
1,4,222,0,Germans,1
1,4,222,0,Chinese,3
1,4,222,1,Russians,3
1,4,222,1,Italians,3
1,4,222,1,Germans,2
1,4,222,1,Chinese,3
1,4,223,0,Russians,3
1,4,223,0,Italians,3
1,4,223,0,Germans,1
1,4,223,0,Chinese,3
1,4,223,1,Russians,3
1,4,223,1,Italians,3
1,4,223,1,Germans,2
1,4,223,1,Chinese,3
1,4,224,0,Russians,3
1,4,224,0,Italians,2
1,4,224,0,Germans,1
1,4,224,0,Chinese,3
1,4,224,1,Russians,3
1,4,224,1,Italians,3
1,4,224,1,Germans,2
1,4,224,1,Chinese,3
1,4,225,0,Russians,3
1,4,225,0,Italians,2
1,4,225,0,Germans,1
1,4,225,0,Chinese,3
1,4,225,1,Russians,3
1,4,225,1,Italians,3
1,4,225,1,Germans,2
1,4,225,1,Chinese,3
1,4,226,0,Russians,3
1,4,226,0,Italians,2
1,4,226,0,Germans,1
1,4,226,0,Chinese,3
1,4,226,1,Russians,3
1,4,226,1,Italians,3
1,4,226,1,Germans,2
1,4,226,1,Chinese,3
1,4,227,0,Russians,3
1,4,227,0,Italians,3
1,4,227,0,Germans,1
1,4,227,0,Chinese,3
1,4,227,1,Russians,3
1,4,227,1,Italians,3
1,4,227,1,Germans,2
1,4,227,1,Chinese,3
1,4,228,0,Russians,3
1,4,228,0,Italians,2
1,4,228,0,Germans,1
1,4,228,0,Chinese,3
1,4,228,1,Russians,3
1,4,228,1,Italians,3
1,4,228,1,Germans,2
1,4,228,1,Chinese,3
1,4,229,0,Russians,3
1,4,229,0,Italians,2
1,4,229,0,Germans,1
1,4,229,0,Chinese,3
1,4,229,1,Russians,3
1,4,229,1,Italians,3
1,4,229,1,Germans,2
1,4,229,1,Chinese,3
1,4,230,0,Russians,3
1,4,230,0,Italians,2
1,4,230,0,Germans,1
1,4,230,0,Chinese,3
1,4,230,1,Russians,3
1,4,230,1,Italians,3
1,4,230,1,Germans,2
1,4,230,1,Chinese,3
1,4,231,0,Russians,3
1,4,231,0,Italians,3
1,4,231,0,Germans,1
1,4,231,0,Chinese,3
1,4,231,1,Russians,3
1,4,231,1,Italians,3
1,4,231,1,Germans,2
1,4,231,1,Chinese,3
1,4,232,0,Russians,3
1,4,232,0,Italians,2
1,4,232,0,Germans,1
1,4,232,0,Chinese,3
1,4,232,1,Russians,3
1,4,232,1,Italians,3
1,4,232,1,Germans,2
1,4,232,1,Chinese,3
1,4,233,0,Russians,3
1,4,233,0,Italians,2
1,4,233,0,Germans,1
1,4,233,0,Chinese,3
1,4,233,1,Russians,3
1,4,233,1,Italians,3
1,4,233,1,Germans,2
1,4,233,1,Chinese,3
1,4,234,0,Russians,3
1,4,234,0,Italians,2
1,4,234,0,Germans,1
1,4,234,0,Chinese,3
1,4,234,1,Russians,3
1,4,234,1,Italians,3
1,4,234,1,Germans,2
1,4,234,1,Chinese,3
1,4,235,0,Russians,3
1,4,235,0,Italians,3
1,4,235,0,Germans,1
1,4,235,0,Chinese,3
1,4,235,1,Russians,3
1,4,235,1,Italians,3
1,4,235,1,Germans,2
1,4,235,1,Chinese,3
1,4,236,0,Russians,3
1,4,236,0,Italians,2
1,4,236,0,Germans,1
1,4,236,0,Chinese,3
1,4,236,1,Russians,3
1,4,236,1,Italians,3
1,4,236,1,Germans,2
1,4,236,1,Chinese,3
1,4,237,0,Russians,3
1,4,237,0,Italians,2
1,4,237,0,Germans,1
1,4,237,0,Chinese,3
1,4,237,1,Russians,3
1,4,237,1,Italians,3
1,4,237,1,Germans,2
1,4,237,1,Chinese,3
1,4,238,0,Russians,3
1,4,238,0,Italians,2
1,4,238,0,Germans,1
1,4,238,0,Chinese,3
1,4,238,1,Russians,3
1,4,238,1,Italians,3
1,4,238,1,Germans,2
1,4,238,1,Chinese,3
1,4,239,0,Russians,3
1,4,239,0,Italians,3
1,4,239,0,Germans,1
1,4,239,0,Chinese,3
1,4,239,1,Russians,3
1,4,239,1,Italians,3
1,4,239,1,Germans,2
1,4,239,1,Chinese,3
1,4,240,0,Russians,3
1,4,240,0,Italians,2
1,4,240,0,Germans,1
1,4,240,0,Chinese,3
1,4,240,1,Russians,3
1,4,240,1,Italians,3
1,4,240,1,Germans,2
1,4,240,1,Chinese,3
1,4,241,0,Russians,3
1,4,241,0,Italians,2
1,4,241,0,Germans,1
1,4,241,0,Chinese,3
1,4,241,1,Russians,3
1,4,241,1,Italians,3
1,4,241,1,Germans,2
1,4,241,1,Chinese,3
1,4,242,0,Russians,3
1,4,242,0,Italians,2
1,4,242,0,Germans,1
1,4,242,0,Chinese,3
1,4,242,1,Russians,3
1,4,242,1,Italians,3
1,4,242,1,Germans,2
1,4,242,1,Chinese,3
1,4,243,0,Russians,3
1,4,243,0,Italians,3
1,4,243,0,Germans,1
1,4,243,0,Chinese,3
1,4,243,1,Russians,3
1,4,243,1,Italians,3
1,4,243,1,Germans,2
1,4,243,1,Chinese,3
1,4,244,0,Russians,3
1,4,244,0,Italians,2
1,4,244,0,Germans,1
1,4,244,0,Chinese,3
1,4,244,1,Russians,3
1,4,244,1,Italians,3
1,4,244,1,Germans,2
1,4,244,1,Chinese,3
1,4,245,0,Russians,3
1,4,245,0,Italians,2
1,4,245,0,Germans,1
1,4,245,0,Chinese,3
1,4,245,1,Russians,3
1,4,245,1,Italians,3
1,4,245,1,Germans,2
1,4,245,1,Chinese,3
1,4,246,0,Russians,3
1,4,246,0,Italians,2
1,4,246,0,Germans,1
1,4,246,0,Chinese,3
1,4,246,1,Russians,3
1,4,246,1,Italians,3
1,4,246,1,Germans,2
1,4,246,1,Chinese,3
1,4,247,0,Russians,3
1,4,247,0,Italians,3
1,4,247,0,Germans,1
1,4,247,0,Chinese,3
1,4,247,1,Russians,3
1,4,247,1,Italians,3
1,4,247,1,Germans,2
1,4,247,1,Chinese,3
1,4,248,0,Russians,3
1,4,248,0,Italians,2
1,4,248,0,Germans,1
1,4,248,0,Chinese,3
1,4,248,1,Russians,3
1,4,248,1,Italians,3
1,4,248,1,Germans,2
1,4,248,1,Chinese,3
1,4,249,0,Russians,3
1,4,249,0,Italians,2
1,4,249,0,Germans,1
1,4,249,0,Chinese,3
1,4,249,1,Russians,3
1,4,249,1,Italians,3
1,4,249,1,Germans,2
1,4,249,1,Chinese,3
1,4,250,0,Russians,3
1,4,250,0,Italians,2
1,4,250,0,Germans,1
1,4,250,0,Chinese,3
1,4,250,1,Russians,3
1,4,250,1,Italians,3
1,4,250,1,Germans,2
1,4,250,1,Chinese,3
1,4,251,0,Russians,3
1,4,251,0,Italians,3
1,4,251,0,Germans,1
1,4,251,0,Chinese,3
1,4,251,1,Russians,3
1,4,251,1,Italians,3
1,4,251,1,Germans,2
1,4,251,1,Chinese,3
1,4,252,0,Russians,3
1,4,252,0,Italians,2
1,4,252,0,Germans,1
1,4,252,0,Chinese,3
1,4,252,1,Russians,3
1,4,252,1,Italians,3
1,4,252,1,Germans,2
1,4,252,1,Chinese,3
1,4,253,0,Russians,3
1,4,253,0,Italians,2
1,4,253,0,Germans,1
1,4,253,0,Chinese,3
1,4,253,1,Russians,3
1,4,253,1,Italians,3
1,4,253,1,Germans,2
1,4,253,1,Chinese,3
1,4,254,0,Russians,3
1,4,254,0,Italians,2
1,4,254,0,Germans,1
1,4,254,0,Chinese,3
1,4,254,1,Russians,3
1,4,254,1,Italians,3
1,4,254,1,Germans,2
1,4,254,1,Chinese,3
1,4,255,0,Russians,3
1,4,255,0,Italians,3
1,4,255,0,Germans,1
1,4,255,0,Chinese,3
1,4,255,1,Russians,3
1,4,255,1,Italians,3
1,4,255,1,Germans,2
1,4,255,1,Chinese,3
1,4,256,0,Russians,3
1,4,256,0,Italians,2
1,4,256,0,Germans,1
1,4,256,0,Chinese,3
1,4,256,1,Russians,3
1,4,256,1,Italians,3
1,4,256,1,Germans,2
1,4,256,1,Chinese,3
1,4,257,0,Russians,3
1,4,257,0,Italians,2
1,4,257,0,Germans,1
1,4,257,0,Chinese,3
1,4,257,1,Russians,3
1,4,257,1,Italians,3
1,4,257,1,Germans,2
1,4,257,1,Chinese,3
1,4,258,0,Russians,3
1,4,258,0,Italians,2
1,4,258,0,Germans,1
1,4,258,0,Chinese,3
1,4,258,1,Russians,3
1,4,258,1,Italians,3
1,4,258,1,Germans,2
1,4,258,1,Chinese,3
1,4,259,0,Russians,3
1,4,259,0,Italians,3
1,4,259,0,Germans,1
1,4,259,0,Chinese,3
1,4,259,1,Russians,3
1,4,259,1,Italians,3
1,4,259,1,Germans,2
1,4,259,1,Chinese,3
1,4,260,0,Russians,3
1,4,260,0,Italians,2
1,4,260,0,Germans,1
1,4,260,0,Chinese,3
1,4,260,1,Russians,3
1,4,260,1,Italians,3
1,4,260,1,Germans,2
1,4,260,1,Chinese,3
1,4,261,0,Russians,3
1,4,261,0,Italians,2
1,4,261,0,Germans,1
1,4,261,0,Chinese,3
1,4,261,1,Russians,3
1,4,261,1,Italians,3
1,4,261,1,Germans,2
1,4,261,1,Chinese,3
1,4,262,0,Russians,3
1,4,262,0,Italians,2
1,4,262,0,Germans,1
1,4,262,0,Chinese,3
1,4,262,1,Russians,3
1,4,262,1,Italians,3
1,4,262,1,Germans,2
1,4,262,1,Chinese,3
1,4,263,0,Russians,3
1,4,263,0,Italians,3
1,4,263,0,Germans,1
1,4,263,0,Chinese,3
1,4,263,1,Russians,3
1,4,263,1,Italians,3
1,4,263,1,Germans,2
1,4,263,1,Chinese,3
1,4,264,0,Russians,3
1,4,264,0,Italians,2
1,4,264,0,Germans,1
1,4,264,0,Chinese,3
1,4,264,1,Russians,3
1,4,264,1,Italians,3
1,4,264,1,Germans,2
1,4,264,1,Chinese,3
1,4,265,0,Russians,3
1,4,265,0,Italians,2
1,4,265,0,Germans,1
1,4,265,0,Chinese,3
1,4,265,1,Russians,3
1,4,265,1,Italians,3
1,4,265,1,Germans,2
1,4,265,1,Chinese,3
1,4,266,0,Russians,3
1,4,266,0,Italians,2
1,4,266,0,Germans,1
1,4,266,0,Chinese,3
1,4,266,1,Russians,3
1,4,266,1,Italians,3
1,4,266,1,Germans,2
1,4,266,1,Chinese,3
1,4,267,0,Russians,3
1,4,267,0,Italians,3
1,4,267,0,Germans,1
1,4,267,0,Chinese,3
1,4,267,1,Russians,3
1,4,267,1,Italians,3
1,4,267,1,Germans,2
1,4,267,1,Chinese,3
1,4,268,0,Russians,3
1,4,268,0,Italians,2
1,4,268,0,Germans,1
1,4,268,0,Chinese,3
1,4,268,1,Russians,3
1,4,268,1,Italians,3
1,4,268,1,Germans,2
1,4,268,1,Chinese,3
1,4,269,0,Russians,3
1,4,269,0,Italians,2
1,4,269,0,Germans,1
1,4,269,0,Chinese,3
1,4,269,1,Russians,3
1,4,269,1,Italians,3
1,4,269,1,Germans,2
1,4,269,1,Chinese,3
1,4,270,0,Russians,3
1,4,270,0,Italians,2
1,4,270,0,Germans,1
1,4,270,0,Chinese,3
1,4,270,1,Russians,3
1,4,270,1,Italians,3
1,4,270,1,Germans,2
1,4,270,1,Chinese,3
1,4,271,0,Russians,3
1,4,271,0,Italians,3
1,4,271,0,Germans,1
1,4,271,0,Chinese,3
1,4,271,1,Russians,3
1,4,271,1,Italians,3
1,4,271,1,Germans,2
1,4,271,1,Chinese,3
1,4,272,0,Russians,3
1,4,272,0,Italians,2
1,4,272,0,Germans,1
1,4,272,0,Chinese,3
1,4,272,1,Russians,3
1,4,272,1,Italians,3
1,4,272,1,Germans,2
1,4,272,1,Chinese,3
1,4,273,0,Russians,3
1,4,273,0,Italians,2
1,4,273,0,Germans,1
1,4,273,0,Chinese,3
1,4,273,1,Russians,3
1,4,273,1,Italians,3
1,4,273,1,Germans,2
1,4,273,1,Chinese,3
1,4,274,0,Russians,3
1,4,274,0,Italians,2
1,4,274,0,Germans,1
1,4,274,0,Chinese,3
1,4,274,1,Russians,3
1,4,274,1,Italians,3
1,4,274,1,Germans,2
1,4,274,1,Chinese,3
1,4,275,0,Russians,3
1,4,275,0,Italians,3
1,4,275,0,Germans,1
1,4,275,0,Chinese,3
1,4,275,1,Russians,3
1,4,275,1,Italians,3
1,4,275,1,Germans,2
1,4,275,1,Chinese,3
1,4,276,0,Russians,3
1,4,276,0,Italians,2
1,4,276,0,Germans,1
1,4,276,0,Chinese,3
1,4,276,1,Russians,3
1,4,276,1,Italians,3
1,4,276,1,Germans,2
1,4,276,1,Chinese,3
1,4,277,0,Russians,3
1,4,277,0,Italians,2
1,4,277,0,Germans,1
1,4,277,0,Chinese,3
1,4,277,1,Russians,3
1,4,277,1,Italians,3
1,4,277,1,Germans,2
1,4,277,1,Chinese,3
1,4,278,0,Russians,3
1,4,278,0,Italians,2
1,4,278,0,Germans,1
1,4,278,0,Chinese,3
1,4,278,1,Russians,3
1,4,278,1,Italians,3
1,4,278,1,Germans,2
1,4,278,1,Chinese,3
1,4,279,0,Russians,3
1,4,279,0,Italians,3
1,4,279,0,Germans,1
1,4,279,0,Chinese,3
1,4,279,1,Russians,3
1,4,279,1,Italians,3
1,4,279,1,Germans,2
1,4,279,1,Chinese,3
1,4,280,0,Russians,3
1,4,280,0,Italians,2
1,4,280,0,Germans,1
1,4,280,0,Chinese,3
1,4,280,1,Russians,3
1,4,280,1,Italians,3
1,4,280,1,Germans,2
1,4,280,1,Chinese,3
1,4,281,0,Russians,3
1,4,281,0,Italians,2
1,4,281,0,Germans,1
1,4,281,0,Chinese,3
1,4,281,1,Russians,3
1,4,281,1,Italians,3
1,4,281,1,Germans,2
1,4,281,1,Chinese,3
1,4,282,0,Russians,3
1,4,282,0,Italians,2
1,4,282,0,Germans,1
1,4,282,0,Chinese,3
1,4,282,1,Russians,3
1,4,282,1,Italians,3
1,4,282,1,Germans,2
1,4,282,1,Chinese,3
1,4,283,0,Russians,3
1,4,283,0,Italians,3
1,4,283,0,Germans,1
1,4,283,0,Chinese,3
1,4,283,1,Russians,3
1,4,283,1,Italians,3
1,4,283,1,Germans,2
1,4,283,1,Chinese,3
1,4,284,0,Russians,3
1,4,284,0,Italians,2
1,4,284,0,Germans,1
1,4,284,0,Chinese,3
1,4,284,1,Russians,3
1,4,284,1,Italians,3
1,4,284,1,Germans,2
1,4,284,1,Chinese,3
1,4,285,0,Russians,3
1,4,285,0,Italians,2
1,4,285,0,Germans,1
1,4,285,0,Chinese,3
1,4,285,1,Russians,3
1,4,285,1,Italians,3
1,4,285,1,Germans,2
1,4,285,1,Chinese,3
1,4,286,0,Russians,3
1,4,286,0,Italians,2
1,4,286,0,Germans,1
1,4,286,0,Chinese,3
1,4,286,1,Russians,3
1,4,286,1,Italians,3
1,4,286,1,Germans,2
1,4,286,1,Chinese,3
1,4,287,0,Russians,3
1,4,287,0,Italians,3
1,4,287,0,Germans,1
1,4,287,0,Chinese,3
1,4,287,1,Russians,3
1,4,287,1,Italians,3
1,4,287,1,Germans,2
1,4,287,1,Chinese,3
1,4,288,0,Russians,3
1,4,288,0,Italians,2
1,4,288,0,Germans,1
1,4,288,0,Chinese,3
1,4,288,1,Russians,3
1,4,288,1,Italians,3
1,4,288,1,Germans,2
1,4,288,1,Chinese,3
1,4,289,0,Russians,3
1,4,289,0,Italians,2
1,4,289,0,Germans,1
1,4,289,0,Chinese,3
1,4,289,1,Russians,3
1,4,289,1,Italians,3
1,4,289,1,Germans,2
1,4,289,1,Chinese,3
1,4,290,0,Russians,3
1,4,290,0,Italians,2
1,4,290,0,Germans,1
1,4,290,0,Chinese,3
1,4,290,1,Russians,3
1,4,290,1,Italians,3
1,4,290,1,Germans,2
1,4,290,1,Chinese,3
1,4,291,0,Russians,3
1,4,291,0,Italians,3
1,4,291,0,Germans,1
1,4,291,0,Chinese,3
1,4,291,1,Russians,3
1,4,291,1,Italians,3
1,4,291,1,Germans,2
1,4,291,1,Chinese,3
1,4,292,0,Russians,3
1,4,292,0,Italians,2
1,4,292,0,Germans,1
1,4,292,0,Chinese,3
1,4,292,1,Russians,3
1,4,292,1,Italians,3
1,4,292,1,Germans,2
1,4,292,1,Chinese,3
1,4,293,0,Russians,3
1,4,293,0,Italians,2
1,4,293,0,Germans,1
1,4,293,0,Chinese,3
1,4,293,1,Russians,3
1,4,293,1,Italians,3
1,4,293,1,Germans,2
1,4,293,1,Chinese,3
1,4,294,0,Russians,3
1,4,294,0,Italians,2
1,4,294,0,Germans,1
1,4,294,0,Chinese,3
1,4,294,1,Russians,3
1,4,294,1,Italians,3
1,4,294,1,Germans,2
1,4,294,1,Chinese,3
1,4,295,0,Russians,3
1,4,295,0,Italians,3
1,4,295,0,Germans,1
1,4,295,0,Chinese,3
1,4,295,1,Russians,3
1,4,295,1,Italians,3
1,4,295,1,Germans,2
1,4,295,1,Chinese,3
1,4,296,0,Russians,3
1,4,296,0,Italians,2
1,4,296,0,Germans,1
1,4,296,0,Chinese,3
1,4,296,1,Russians,3
1,4,296,1,Italians,3
1,4,296,1,Germans,2
1,4,296,1,Chinese,3
1,4,297,0,Russians,3
1,4,297,0,Italians,2
1,4,297,0,Germans,1
1,4,297,0,Chinese,3
1,4,297,1,Russians,3
1,4,297,1,Italians,3
1,4,297,1,Germans,2
1,4,297,1,Chinese,3
1,4,298,0,Russians,3
1,4,298,0,Italians,2
1,4,298,0,Germans,1
1,4,298,0,Chinese,3
1,4,298,1,Russians,3
1,4,298,1,Italians,3
1,4,298,1,Germans,2
1,4,298,1,Chinese,3
1,4,299,0,Russians,3
1,4,299,0,Italians,3
1,4,299,0,Germans,1
1,4,299,0,Chinese,3
1,4,299,1,Russians,3
1,4,299,1,Italians,3
1,4,299,1,Germans,2
1,4,299,1,Chinese,3
1,4,300,0,Russians,3
1,4,300,0,Italians,2
1,4,300,0,Germans,1
1,4,300,0,Chinese,3
1,4,300,1,Russians,3
1,4,300,1,Italians,3
1,4,300,1,Germans,2
1,4,300,1,Chinese,3
1,4,301,0,Russians,3
1,4,301,0,Italians,2
1,4,301,0,Germans,1
1,4,301,0,Chinese,3
1,4,301,1,Russians,3
1,4,301,1,Italians,3
1,4,301,1,Germans,2
1,4,301,1,Chinese,3
1,4,302,0,Russians,3
1,4,302,0,Italians,2
1,4,302,0,Germans,1
1,4,302,0,Chinese,3
1,4,302,1,Russians,3
1,4,302,1,Italians,3
1,4,302,1,Germans,2
1,4,302,1,Chinese,3
1,4,303,0,Russians,3
1,4,303,0,Italians,3
1,4,303,0,Germans,1
1,4,303,0,Chinese,3
1,4,303,1,Russians,3
1,4,303,1,Italians,3
1,4,303,1,Germans,2
1,4,303,1,Chinese,3
1,4,304,0,Russians,3
1,4,304,0,Italians,2
1,4,304,0,Germans,1
1,4,304,0,Chinese,3
1,4,304,1,Russians,3
1,4,304,1,Italians,3
1,4,304,1,Germans,2
1,4,304,1,Chinese,3
1,4,305,0,Russians,3
1,4,305,0,Italians,2
1,4,305,0,Germans,1
1,4,305,0,Chinese,3
1,4,305,1,Russians,3
1,4,305,1,Italians,3
1,4,305,1,Germans,2
1,4,305,1,Chinese,3
1,4,306,0,Russians,3
1,4,306,0,Italians,2
1,4,306,0,Germans,1
1,4,306,0,Chinese,3
1,4,306,1,Russians,3
1,4,306,1,Italians,3
1,4,306,1,Germans,2
1,4,306,1,Chinese,3
1,4,307,0,Russians,3
1,4,307,0,Italians,3
1,4,307,0,Germans,1
1,4,307,0,Chinese,3
1,4,307,1,Russians,3
1,4,307,1,Italians,3
1,4,307,1,Germans,2
1,4,307,1,Chinese,3
1,4,308,0,Russians,3
1,4,308,0,Italians,2
1,4,308,0,Germans,1
1,4,308,0,Chinese,3
1,4,308,1,Russians,3
1,4,308,1,Italians,3
1,4,308,1,Germans,2
1,4,308,1,Chinese,3
1,4,309,0,Russians,3
1,4,309,0,Italians,2
1,4,309,0,Germans,1
1,4,309,0,Chinese,3
1,4,309,1,Russians,3
1,4,309,1,Italians,3
1,4,309,1,Germans,2
1,4,309,1,Chinese,3
1,4,310,0,Russians,3
1,4,310,0,Italians,2
1,4,310,0,Germans,1
1,4,310,0,Chinese,3
1,4,310,1,Russians,3
1,4,310,1,Italians,3
1,4,310,1,Germans,2
1,4,310,1,Chinese,3
1,4,311,0,Russians,3
1,4,311,0,Italians,3
1,4,311,0,Germans,1
1,4,311,0,Chinese,3
1,4,311,1,Russians,3
1,4,311,1,Italians,3
1,4,311,1,Germans,2
1,4,311,1,Chinese,3
1,4,312,0,Russians,3
1,4,312,0,Italians,2
1,4,312,0,Germans,1
1,4,312,0,Chinese,3
1,4,312,1,Russians,3
1,4,312,1,Italians,3
1,4,312,1,Germans,2
1,4,312,1,Chinese,3
1,4,313,0,Russians,3
1,4,313,0,Italians,2
1,4,313,0,Germans,1
1,4,313,0,Chinese,3
1,4,313,1,Russians,3
1,4,313,1,Italians,3
1,4,313,1,Germans,2
1,4,313,1,Chinese,3
1,4,314,0,Russians,3
1,4,314,0,Italians,2
1,4,314,0,Germans,1
1,4,314,0,Chinese,3
1,4,314,1,Russians,3
1,4,314,1,Italians,3
1,4,314,1,Germans,2
1,4,314,1,Chinese,3
1,4,315,0,Russians,3
1,4,315,0,Italians,3
1,4,315,0,Germans,1
1,4,315,0,Chinese,3
1,4,315,1,Russians,3
1,4,315,1,Italians,3
1,4,315,1,Germans,2
1,4,315,1,Chinese,3
1,4,316,0,Russians,3
1,4,316,0,Italians,2
1,4,316,0,Germans,1
1,4,316,0,Chinese,3
1,4,316,1,Russians,3
1,4,316,1,Italians,3
1,4,316,1,Germans,2
1,4,316,1,Chinese,3
1,4,317,0,Russians,3
1,4,317,0,Italians,2
1,4,317,0,Germans,1
1,4,317,0,Chinese,3
1,4,317,1,Russians,3
1,4,317,1,Italians,3
1,4,317,1,Germans,2
1,4,317,1,Chinese,3
1,4,318,0,Russians,3
1,4,318,0,Italians,2
1,4,318,0,Germans,1
1,4,318,0,Chinese,3
1,4,318,1,Russians,3
1,4,318,1,Italians,3
1,4,318,1,Germans,2
1,4,318,1,Chinese,3
1,4,319,0,Russians,3
1,4,319,0,Italians,3
1,4,319,0,Germans,1
1,4,319,0,Chinese,3
1,4,319,1,Russians,3
1,4,319,1,Italians,3
1,4,319,1,Germans,2
1,4,319,1,Chinese,3
1,4,320,0,Russians,3
1,4,320,0,Italians,2
1,4,320,0,Germans,1
1,4,320,0,Chinese,3
1,4,320,1,Russians,3
1,4,320,1,Italians,3
1,4,320,1,Germans,2
1,4,320,1,Chinese,3
1,5,1,0,Russians,2
1,5,1,0,Italians,3
1,5,1,0,Germans,2
1,5,1,0,Chinese,3
1,5,1,1,Russians,1
1,5,1,1,Italians,2
1,5,1,1,Germans,5
1,5,1,1,Chinese,3
1,5,2,0,Russians,2
1,5,2,0,Italians,3
1,5,2,0,Germans,2
1,5,2,0,Chinese,3
1,5,2,1,Russians,1
1,5,2,1,Italians,3
1,5,2,1,Germans,5
1,5,2,1,Chinese,3
1,5,3,0,Russians,2
1,5,3,0,Italians,4
1,5,3,0,Germans,2
1,5,3,0,Chinese,3
1,5,3,1,Russians,2
1,5,3,1,Italians,2
1,5,3,1,Germans,2
1,5,3,1,Chinese,2
1,5,4,0,Russians,2
1,5,4,0,Italians,3
1,5,4,0,Germans,2
1,5,4,0,Chinese,3
1,5,4,1,Russians,1
1,5,4,1,Italians,2
1,5,4,1,Germans,5
1,5,4,1,Chinese,2
1,5,5,0,Russians,3
1,5,5,0,Italians,3
1,5,5,0,Germans,2
1,5,5,0,Chinese,3
1,5,5,1,Russians,1
1,5,5,1,Italians,2
1,5,5,1,Germans,5
1,5,5,1,Chinese,2
1,5,6,0,Russians,3
1,5,6,0,Italians,3
1,5,6,0,Germans,2
1,5,6,0,Chinese,3
1,5,6,1,Russians,2
1,5,6,1,Italians,2
1,5,6,1,Germans,3
1,5,6,1,Chinese,3
1,5,7,0,Russians,2
1,5,7,0,Italians,4
1,5,7,0,Germans,2
1,5,7,0,Chinese,3
1,5,7,1,Russians,2
1,5,7,1,Italians,4
1,5,7,1,Germans,2
1,5,7,1,Chinese,2
1,5,8,0,Russians,3
1,5,8,0,Italians,3
1,5,8,0,Germans,2
1,5,8,0,Chinese,3
1,5,8,1,Russians,1
1,5,8,1,Italians,2
1,5,8,1,Germans,5
1,5,8,1,Chinese,3
1,5,9,0,Russians,3
1,5,9,0,Italians,3
1,5,9,0,Germans,2
1,5,9,0,Chinese,3
1,5,9,1,Russians,2
1,5,9,1,Italians,2
1,5,9,1,Germans,3
1,5,9,1,Chinese,3
1,5,10,0,Russians,3
1,5,10,0,Italians,3
1,5,10,0,Germans,2
1,5,10,0,Chinese,3
1,5,10,1,Russians,1
1,5,10,1,Italians,3
1,5,10,1,Germans,4
1,5,10,1,Chinese,3
1,5,11,0,Russians,3
1,5,11,0,Italians,3
1,5,11,0,Germans,2
1,5,11,0,Chinese,3
1,5,11,1,Russians,1
1,5,11,1,Italians,3
1,5,11,1,Germans,4
1,5,11,1,Chinese,3
1,5,12,0,Russians,3
1,5,12,0,Italians,3
1,5,12,0,Germans,2
1,5,12,0,Chinese,3
1,5,12,1,Russians,2
1,5,12,1,Italians,2
1,5,12,1,Germans,3
1,5,12,1,Chinese,2
1,5,13,0,Russians,3
1,5,13,0,Italians,3
1,5,13,0,Germans,2
1,5,13,0,Chinese,3
1,5,13,1,Russians,1
1,5,13,1,Italians,3
1,5,13,1,Germans,5
1,5,13,1,Chinese,3
1,5,14,0,Russians,3
1,5,14,0,Italians,3
1,5,14,0,Germans,2
1,5,14,0,Chinese,3
1,5,14,1,Russians,2
1,5,14,1,Italians,3
1,5,14,1,Germans,2
1,5,14,1,Chinese,3
1,5,15,0,Russians,3
1,5,15,0,Italians,4
1,5,15,0,Germans,2
1,5,15,0,Chinese,3
1,5,15,1,Russians,1
1,5,15,1,Italians,2
1,5,15,1,Germans,5
1,5,15,1,Chinese,2
1,5,16,0,Russians,3
1,5,16,0,Italians,3
1,5,16,0,Germans,2
1,5,16,0,Chinese,3
1,5,16,1,Russians,1
1,5,16,1,Italians,2
1,5,16,1,Germans,4
1,5,16,1,Chinese,3
1,5,17,0,Russians,3
1,5,17,0,Italians,4
1,5,17,0,Germans,2
1,5,17,0,Chinese,3
1,5,17,1,Russians,2
1,5,17,1,Italians,2
1,5,17,1,Germans,3
1,5,17,1,Chinese,3
1,5,18,0,Russians,3
1,5,18,0,Italians,4
1,5,18,0,Germans,2
1,5,18,0,Chinese,3
1,5,18,1,Russians,1
1,5,18,1,Italians,2
1,5,18,1,Germans,5
1,5,18,1,Chinese,2
1,5,19,0,Russians,3
1,5,19,0,Italians,3
1,5,19,0,Germans,2
1,5,19,0,Chinese,3
1,5,19,1,Russians,1
1,5,19,1,Italians,3
1,5,19,1,Germans,4
1,5,19,1,Chinese,2
1,5,20,0,Russians,3
1,5,20,0,Italians,3
1,5,20,0,Germans,2
1,5,20,0,Chinese,3
1,5,20,1,Russians,2
1,5,20,1,Italians,2
1,5,20,1,Germans,3
1,5,20,1,Chinese,3
1,5,21,0,Russians,3
1,5,21,0,Italians,3
1,5,21,0,Germans,2
1,5,21,0,Chinese,3
1,5,21,1,Russians,1
1,5,21,1,Italians,3
1,5,21,1,Germans,5
1,5,21,1,Chinese,3
1,5,22,0,Russians,3
1,5,22,0,Italians,3
1,5,22,0,Germans,2
1,5,22,0,Chinese,3
1,5,22,1,Russians,1
1,5,22,1,Italians,2
1,5,22,1,Germans,4
1,5,22,1,Chinese,3
1,5,23,0,Russians,3
1,5,23,0,Italians,3
1,5,23,0,Germans,2
1,5,23,0,Chinese,3
1,5,23,1,Russians,1
1,5,23,1,Italians,2
1,5,23,1,Germans,4
1,5,23,1,Chinese,3
1,5,24,0,Russians,3
1,5,24,0,Italians,3
1,5,24,0,Germans,2
1,5,24,0,Chinese,3
1,5,24,1,Russians,2
1,5,24,1,Italians,2
1,5,24,1,Germans,2
1,5,24,1,Chinese,3
1,5,25,0,Russians,3
1,5,25,0,Italians,4
1,5,25,0,Germans,2
1,5,25,0,Chinese,3
1,5,25,1,Russians,1
1,5,25,1,Italians,3
1,5,25,1,Germans,5
1,5,25,1,Chinese,3
1,5,26,0,Russians,3
1,5,26,0,Italians,3
1,5,26,0,Germans,2
1,5,26,0,Chinese,3
1,5,26,1,Russians,1
1,5,26,1,Italians,2
1,5,26,1,Germans,5
1,5,26,1,Chinese,3
1,5,27,0,Russians,3
1,5,27,0,Italians,3
1,5,27,0,Germans,2
1,5,27,0,Chinese,3
1,5,27,1,Russians,2
1,5,27,1,Italians,2
1,5,27,1,Germans,3
1,5,27,1,Chinese,3
1,5,28,0,Russians,3
1,5,28,0,Italians,3
1,5,28,0,Germans,2
1,5,28,0,Chinese,3
1,5,28,1,Russians,1
1,5,28,1,Italians,2
1,5,28,1,Germans,5
1,5,28,1,Chinese,2
1,5,29,0,Russians,3
1,5,29,0,Italians,4
1,5,29,0,Germans,2
1,5,29,0,Chinese,3
1,5,29,1,Russians,1
1,5,29,1,Italians,4
1,5,29,1,Germans,4
1,5,29,1,Chinese,3
1,5,30,0,Russians,3
1,5,30,0,Italians,3
1,5,30,0,Germans,2
1,5,30,0,Chinese,3
1,5,30,1,Russians,1
1,5,30,1,Italians,3
1,5,30,1,Germans,5
1,5,30,1,Chinese,2
1,5,31,0,Russians,3
1,5,31,0,Italians,4
1,5,31,0,Germans,2
1,5,31,0,Chinese,3
1,5,31,1,Russians,2
1,5,31,1,Italians,4
1,5,31,1,Germans,3
1,5,31,1,Chinese,2
1,5,32,0,Russians,3
1,5,32,0,Italians,3
1,5,32,0,Germans,2
1,5,32,0,Chinese,3
1,5,32,1,Russians,1
1,5,32,1,Italians,3
1,5,32,1,Germans,5
1,5,32,1,Chinese,3
1,5,33,0,Russians,3
1,5,33,0,Italians,3
1,5,33,0,Germans,2
1,5,33,0,Chinese,3
1,5,33,1,Russians,1
1,5,33,1,Italians,3
1,5,33,1,Germans,5
1,5,33,1,Chinese,2
1,5,34,0,Russians,3
1,5,34,0,Italians,3
1,5,34,0,Germans,2
1,5,34,0,Chinese,3
1,5,34,1,Russians,2
1,5,34,1,Italians,3
1,5,34,1,Germans,2
1,5,34,1,Chinese,3
1,5,35,0,Russians,3
1,5,35,0,Italians,3
1,5,35,0,Germans,2
1,5,35,0,Chinese,3
1,5,35,1,Russians,1
1,5,35,1,Italians,2
1,5,35,1,Germans,5
1,5,35,1,Chinese,2
1,5,36,0,Russians,3
1,5,36,0,Italians,4
1,5,36,0,Germans,2
1,5,36,0,Chinese,3
1,5,36,1,Russians,1
1,5,36,1,Italians,3
1,5,36,1,Germans,5
1,5,36,1,Chinese,3
1,5,37,0,Russians,3
1,5,37,0,Italians,4
1,5,37,0,Germans,2
1,5,37,0,Chinese,3
1,5,37,1,Russians,1
1,5,37,1,Italians,2
1,5,37,1,Germans,5
1,5,37,1,Chinese,3
1,5,38,0,Russians,3
1,5,38,0,Italians,3
1,5,38,0,Germans,2
1,5,38,0,Chinese,3
1,5,38,1,Russians,2
1,5,38,1,Italians,3
1,5,38,1,Germans,2
1,5,38,1,Chinese,2
1,5,39,0,Russians,3
1,5,39,0,Italians,4
1,5,39,0,Germans,2
1,5,39,0,Chinese,3
1,5,39,1,Russians,1
1,5,39,1,Italians,3
1,5,39,1,Germans,5
1,5,39,1,Chinese,3
1,5,40,0,Russians,3
1,5,40,0,Italians,4
1,5,40,0,Germans,2
1,5,40,0,Chinese,3
1,5,40,1,Russians,1
1,5,40,1,Italians,2
1,5,40,1,Germans,5
1,5,40,1,Chinese,3
1,5,41,0,Russians,3
1,5,41,0,Italians,4
1,5,41,0,Germans,2
1,5,41,0,Chinese,3
1,5,41,1,Russians,1
1,5,41,1,Italians,2
1,5,41,1,Germans,5
1,5,41,1,Chinese,3
1,5,42,0,Russians,3
1,5,42,0,Italians,4
1,5,42,0,Germans,2
1,5,42,0,Chinese,3
1,5,42,1,Russians,2
1,5,42,1,Italians,4
1,5,42,1,Germans,3
1,5,42,1,Chinese,3
1,5,43,0,Russians,3
1,5,43,0,Italians,4
1,5,43,0,Germans,2
1,5,43,0,Chinese,3
1,5,43,1,Russians,1
1,5,43,1,Italians,3
1,5,43,1,Germans,4
1,5,43,1,Chinese,3
1,5,44,0,Russians,3
1,5,44,0,Italians,4
1,5,44,0,Germans,2
1,5,44,0,Chinese,3
1,5,44,1,Russians,1
1,5,44,1,Italians,3
1,5,44,1,Germans,4
1,5,44,1,Chinese,3
1,5,45,0,Russians,3
1,5,45,0,Italians,4
1,5,45,0,Germans,2
1,5,45,0,Chinese,3
1,5,45,1,Russians,1
1,5,45,1,Italians,2
1,5,45,1,Germans,5
1,5,45,1,Chinese,2
1,5,46,0,Russians,3
1,5,46,0,Italians,3
1,5,46,0,Germans,2
1,5,46,0,Chinese,3
1,5,46,1,Russians,2
1,5,46,1,Italians,2
1,5,46,1,Germans,2
1,5,46,1,Chinese,3
1,5,47,0,Russians,3
1,5,47,0,Italians,3
1,5,47,0,Germans,2
1,5,47,0,Chinese,3
1,5,47,1,Russians,1
1,5,47,1,Italians,2
1,5,47,1,Germans,5
1,5,47,1,Chinese,3
1,5,48,0,Russians,3
1,5,48,0,Italians,4
1,5,48,0,Germans,2
1,5,48,0,Chinese,3
1,5,48,1,Russians,1
1,5,48,1,Italians,4
1,5,48,1,Germans,4
1,5,48,1,Chinese,3
1,5,49,0,Russians,3
1,5,49,0,Italians,4
1,5,49,0,Germans,2
1,5,49,0,Chinese,3
1,5,49,1,Russians,1
1,5,49,1,Italians,4
1,5,49,1,Germans,5
1,5,49,1,Chinese,3
1,5,50,0,Russians,3
1,5,50,0,Italians,3
1,5,50,0,Germans,2
1,5,50,0,Chinese,3
1,5,50,1,Russians,2
1,5,50,1,Italians,2
1,5,50,1,Germans,2
1,5,50,1,Chinese,3
1,5,51,0,Russians,3
1,5,51,0,Italians,3
1,5,51,0,Germans,2
1,5,51,0,Chinese,3
1,5,51,1,Russians,1
1,5,51,1,Italians,2
1,5,51,1,Germans,4
1,5,51,1,Chinese,3
1,5,52,0,Russians,3
1,5,52,0,Italians,3
1,5,52,0,Germans,2
1,5,52,0,Chinese,3
1,5,52,1,Russians,1
1,5,52,1,Italians,3
1,5,52,1,Germans,5
1,5,52,1,Chinese,3
1,5,53,0,Russians,3
1,5,53,0,Italians,3
1,5,53,0,Germans,2
1,5,53,0,Chinese,3
1,5,53,1,Russians,1
1,5,53,1,Italians,3
1,5,53,1,Germans,4
1,5,53,1,Chinese,3
1,5,54,0,Russians,3
1,5,54,0,Italians,3
1,5,54,0,Germans,2
1,5,54,0,Chinese,3
1,5,54,1,Russians,2
1,5,54,1,Italians,2
1,5,54,1,Germans,2
1,5,54,1,Chinese,3
1,5,55,0,Russians,3
1,5,55,0,Italians,4
1,5,55,0,Germans,2
1,5,55,0,Chinese,3
1,5,55,1,Russians,1
1,5,55,1,Italians,2
1,5,55,1,Germans,5
1,5,55,1,Chinese,3
1,5,56,0,Russians,3
1,5,56,0,Italians,3
1,5,56,0,Germans,2
1,5,56,0,Chinese,3
1,5,56,1,Russians,1
1,5,56,1,Italians,3
1,5,56,1,Germans,5
1,5,56,1,Chinese,2
1,5,57,0,Russians,3
1,5,57,0,Italians,3
1,5,57,0,Germans,2
1,5,57,0,Chinese,3
1,5,57,1,Russians,1
1,5,57,1,Italians,3
1,5,57,1,Germans,5
1,5,57,1,Chinese,2
1,5,58,0,Russians,3
1,5,58,0,Italians,3
1,5,58,0,Germans,2
1,5,58,0,Chinese,3
1,5,58,1,Russians,1
1,5,58,1,Italians,2
1,5,58,1,Germans,4
1,5,58,1,Chinese,3
1,5,59,0,Russians,3
1,5,59,0,Italians,3
1,5,59,0,Germans,2
1,5,59,0,Chinese,3
1,5,59,1,Russians,2
1,5,59,1,Italians,3
1,5,59,1,Germans,3
1,5,59,1,Chinese,2
1,5,60,0,Russians,3
1,5,60,0,Italians,3
1,5,60,0,Germans,2
1,5,60,0,Chinese,3
1,5,60,1,Russians,1
1,5,60,1,Italians,3
1,5,60,1,Germans,4
1,5,60,1,Chinese,3
1,5,61,0,Russians,3
1,5,61,0,Italians,3
1,5,61,0,Germans,2
1,5,61,0,Chinese,3
1,5,61,1,Russians,1
1,5,61,1,Italians,2
1,5,61,1,Germans,4
1,5,61,1,Chinese,2
1,5,62,0,Russians,3
1,5,62,0,Italians,3
1,5,62,0,Germans,2
1,5,62,0,Chinese,3
1,5,62,1,Russians,1
1,5,62,1,Italians,2
1,5,62,1,Germans,4
1,5,62,1,Chinese,3
1,5,63,0,Russians,3
1,5,63,0,Italians,3
1,5,63,0,Germans,2
1,5,63,0,Chinese,3
1,5,63,1,Russians,2
1,5,63,1,Italians,3
1,5,63,1,Germans,3
1,5,63,1,Chinese,2
1,5,64,0,Russians,3
1,5,64,0,Italians,3
1,5,64,0,Germans,2
1,5,64,0,Chinese,3
1,5,64,1,Russians,1
1,5,64,1,Italians,3
1,5,64,1,Germans,5
1,5,64,1,Chinese,3
1,5,65,0,Russians,3
1,5,65,0,Italians,4
1,5,65,0,Germans,2
1,5,65,0,Chinese,3
1,5,65,1,Russians,1
1,5,65,1,Italians,2
1,5,65,1,Germans,5
1,5,65,1,Chinese,3
1,5,66,0,Russians,3
1,5,66,0,Italians,4
1,5,66,0,Germans,2
1,5,66,0,Chinese,3
1,5,66,1,Russians,1
1,5,66,1,Italians,2
1,5,66,1,Germans,5
1,5,66,1,Chinese,3
1,5,67,0,Russians,3
1,5,67,0,Italians,4
1,5,67,0,Germans,2
1,5,67,0,Chinese,3
1,5,67,1,Russians,1
1,5,67,1,Italians,2
1,5,67,1,Germans,5
1,5,67,1,Chinese,2
1,5,68,0,Russians,3
1,5,68,0,Italians,3
1,5,68,0,Germans,2
1,5,68,0,Chinese,3
1,5,68,1,Russians,2
1,5,68,1,Italians,2
1,5,68,1,Germans,3
1,5,68,1,Chinese,2
1,5,69,0,Russians,3
1,5,69,0,Italians,3
1,5,69,0,Germans,2
1,5,69,0,Chinese,3
1,5,69,1,Russians,1
1,5,69,1,Italians,3
1,5,69,1,Germans,5
1,5,69,1,Chinese,2
1,5,70,0,Russians,3
1,5,70,0,Italians,3
1,5,70,0,Germans,2
1,5,70,0,Chinese,3
1,5,70,1,Russians,1
1,5,70,1,Italians,3
1,5,70,1,Germans,4
1,5,70,1,Chinese,3
1,5,71,0,Russians,3
1,5,71,0,Italians,4
1,5,71,0,Germans,2
1,5,71,0,Chinese,3
1,5,71,1,Russians,1
1,5,71,1,Italians,3
1,5,71,1,Germans,5
1,5,71,1,Chinese,3
1,5,72,0,Russians,3
1,5,72,0,Italians,4
1,5,72,0,Germans,2
1,5,72,0,Chinese,3
1,5,72,1,Russians,2
1,5,72,1,Italians,4
1,5,72,1,Germans,3
1,5,72,1,Chinese,3
1,5,73,0,Russians,3
1,5,73,0,Italians,3
1,5,73,0,Germans,2
1,5,73,0,Chinese,3
1,5,73,1,Russians,1
1,5,73,1,Italians,3
1,5,73,1,Germans,5
1,5,73,1,Chinese,3
1,5,74,0,Russians,3
1,5,74,0,Italians,4
1,5,74,0,Germans,2
1,5,74,0,Chinese,3
1,5,74,1,Russians,1
1,5,74,1,Italians,2
1,5,74,1,Germans,4
1,5,74,1,Chinese,3
1,5,75,0,Russians,3
1,5,75,0,Italians,4
1,5,75,0,Germans,2
1,5,75,0,Chinese,3
1,5,75,1,Russians,1
1,5,75,1,Italians,4
1,5,75,1,Germans,5
1,5,75,1,Chinese,3
1,5,76,0,Russians,3
1,5,76,0,Italians,3
1,5,76,0,Germans,2
1,5,76,0,Chinese,3
1,5,76,1,Russians,1
1,5,76,1,Italians,2
1,5,76,1,Germans,5
1,5,76,1,Chinese,3
1,5,77,0,Russians,3
1,5,77,0,Italians,3
1,5,77,0,Germans,2
1,5,77,0,Chinese,3
1,5,77,1,Russians,2
1,5,77,1,Italians,2
1,5,77,1,Germans,3
1,5,77,1,Chinese,2
1,5,78,0,Russians,3
1,5,78,0,Italians,4
1,5,78,0,Germans,2
1,5,78,0,Chinese,3
1,5,78,1,Russians,1
1,5,78,1,Italians,2
1,5,78,1,Germans,5
1,5,78,1,Chinese,3
1,5,79,0,Russians,3
1,5,79,0,Italians,3
1,5,79,0,Germans,2
1,5,79,0,Chinese,3
1,5,79,1,Russians,1
1,5,79,1,Italians,3
1,5,79,1,Germans,5
1,5,79,1,Chinese,2
1,5,80,0,Russians,3
1,5,80,0,Italians,3
1,5,80,0,Germans,2
1,5,80,0,Chinese,3
1,5,80,1,Russians,1
1,5,80,1,Italians,3
1,5,80,1,Germans,5
1,5,80,1,Chinese,2
1,5,81,0,Russians,3
1,5,81,0,Italians,3
1,5,81,0,Germans,2
1,5,81,0,Chinese,3
1,5,81,1,Russians,1
1,5,81,1,Italians,2
1,5,81,1,Germans,4
1,5,81,1,Chinese,2
1,5,82,0,Russians,3
1,5,82,0,Italians,3
1,5,82,0,Germans,2
1,5,82,0,Chinese,3
1,5,82,1,Russians,2
1,5,82,1,Italians,2
1,5,82,1,Germans,3
1,5,82,1,Chinese,3
1,5,83,0,Russians,3
1,5,83,0,Italians,3
1,5,83,0,Germans,2
1,5,83,0,Chinese,3
1,5,83,1,Russians,1
1,5,83,1,Italians,2
1,5,83,1,Germans,4
1,5,83,1,Chinese,3
1,5,84,0,Russians,3
1,5,84,0,Italians,3
1,5,84,0,Germans,2
1,5,84,0,Chinese,3
1,5,84,1,Russians,1
1,5,84,1,Italians,3
1,5,84,1,Germans,5
1,5,84,1,Chinese,2
1,5,85,0,Russians,3
1,5,85,0,Italians,3
1,5,85,0,Germans,2
1,5,85,0,Chinese,3
1,5,85,1,Russians,1
1,5,85,1,Italians,2
1,5,85,1,Germans,5
1,5,85,1,Chinese,3
1,5,86,0,Russians,3
1,5,86,0,Italians,4
1,5,86,0,Germans,2
1,5,86,0,Chinese,3
1,5,86,1,Russians,1
1,5,86,1,Italians,2
1,5,86,1,Germans,4
1,5,86,1,Chinese,2
1,5,87,0,Russians,3
1,5,87,0,Italians,3
1,5,87,0,Germans,2
1,5,87,0,Chinese,3
1,5,87,1,Russians,1
1,5,87,1,Italians,3
1,5,87,1,Germans,5
1,5,87,1,Chinese,3
1,5,88,0,Russians,3
1,5,88,0,Italians,3
1,5,88,0,Germans,2
1,5,88,0,Chinese,3
1,5,88,1,Russians,2
1,5,88,1,Italians,3
1,5,88,1,Germans,2
1,5,88,1,Chinese,2
1,5,89,0,Russians,3
1,5,89,0,Italians,3
1,5,89,0,Germans,2
1,5,89,0,Chinese,3
1,5,89,1,Russians,1
1,5,89,1,Italians,2
1,5,89,1,Germans,4
1,5,89,1,Chinese,2
1,5,90,0,Russians,3
1,5,90,0,Italians,3
1,5,90,0,Germans,2
1,5,90,0,Chinese,3
1,5,90,1,Russians,1
1,5,90,1,Italians,3
1,5,90,1,Germans,5
1,5,90,1,Chinese,2
1,5,91,0,Russians,3
1,5,91,0,Italians,3
1,5,91,0,Germans,2
1,5,91,0,Chinese,3
1,5,91,1,Russians,1
1,5,91,1,Italians,3
1,5,91,1,Germans,5
1,5,91,1,Chinese,2
1,5,92,0,Russians,3
1,5,92,0,Italians,3
1,5,92,0,Germans,2
1,5,92,0,Chinese,3
1,5,92,1,Russians,1
1,5,92,1,Italians,2
1,5,92,1,Germans,4
1,5,92,1,Chinese,3
1,5,93,0,Russians,3
1,5,93,0,Italians,3
1,5,93,0,Germans,2
1,5,93,0,Chinese,3
1,5,93,1,Russians,2
1,5,93,1,Italians,2
1,5,93,1,Germans,2
1,5,93,1,Chinese,3
1,5,94,0,Russians,3
1,5,94,0,Italians,4
1,5,94,0,Germans,2
1,5,94,0,Chinese,3
1,5,94,1,Russians,1
1,5,94,1,Italians,2
1,5,94,1,Germans,5
1,5,94,1,Chinese,2
1,5,95,0,Russians,3
1,5,95,0,Italians,4
1,5,95,0,Germans,2
1,5,95,0,Chinese,3
1,5,95,1,Russians,1
1,5,95,1,Italians,3
1,5,95,1,Germans,4
1,5,95,1,Chinese,2
1,5,96,0,Russians,3
1,5,96,0,Italians,3
1,5,96,0,Germans,2
1,5,96,0,Chinese,3
1,5,96,1,Russians,1
1,5,96,1,Italians,2
1,5,96,1,Germans,4
1,5,96,1,Chinese,2
1,5,97,0,Russians,3
1,5,97,0,Italians,4
1,5,97,0,Germans,2
1,5,97,0,Chinese,3
1,5,97,1,Russians,1
1,5,97,1,Italians,2
1,5,97,1,Germans,4
1,5,97,1,Chinese,3
1,5,98,0,Russians,3
1,5,98,0,Italians,4
1,5,98,0,Germans,2
1,5,98,0,Chinese,3
1,5,98,1,Russians,2
1,5,98,1,Italians,2
1,5,98,1,Germans,3
1,5,98,1,Chinese,3
1,5,99,0,Russians,3
1,5,99,0,Italians,3
1,5,99,0,Germans,2
1,5,99,0,Chinese,3
1,5,99,1,Russians,1
1,5,99,1,Italians,3
1,5,99,1,Germans,5
1,5,99,1,Chinese,3
1,5,100,0,Russians,3
1,5,100,0,Italians,3
1,5,100,0,Germans,2
1,5,100,0,Chinese,3
1,5,100,1,Russians,1
1,5,100,1,Italians,2
1,5,100,1,Germans,5
1,5,100,1,Chinese,2
1,5,101,0,Russians,3
1,5,101,0,Italians,3
1,5,101,0,Germans,2
1,5,101,0,Chinese,3
1,5,101,1,Russians,1
1,5,101,1,Italians,3
1,5,101,1,Germans,4
1,5,101,1,Chinese,3
1,5,102,0,Russians,3
1,5,102,0,Italians,3
1,5,102,0,Germans,2
1,5,102,0,Chinese,3
1,5,102,1,Russians,1
1,5,102,1,Italians,3
1,5,102,1,Germans,5
1,5,102,1,Chinese,3
1,5,103,0,Russians,3
1,5,103,0,Italians,3
1,5,103,0,Germans,2
1,5,103,0,Chinese,3
1,5,103,1,Russians,1
1,5,103,1,Italians,3
1,5,103,1,Germans,5
1,5,103,1,Chinese,3
1,5,104,0,Russians,3
1,5,104,0,Italians,3
1,5,104,0,Germans,2
1,5,104,0,Chinese,3
1,5,104,1,Russians,2
1,5,104,1,Italians,2
1,5,104,1,Germans,3
1,5,104,1,Chinese,3
1,5,105,0,Russians,3
1,5,105,0,Italians,3
1,5,105,0,Germans,2
1,5,105,0,Chinese,3
1,5,105,1,Russians,1
1,5,105,1,Italians,2
1,5,105,1,Germans,5
1,5,105,1,Chinese,3
1,5,106,0,Russians,3
1,5,106,0,Italians,3
1,5,106,0,Germans,2
1,5,106,0,Chinese,3
1,5,106,1,Russians,1
1,5,106,1,Italians,2
1,5,106,1,Germans,4
1,5,106,1,Chinese,2
1,5,107,0,Russians,3
1,5,107,0,Italians,4
1,5,107,0,Germans,2
1,5,107,0,Chinese,3
1,5,107,1,Russians,1
1,5,107,1,Italians,3
1,5,107,1,Germans,4
1,5,107,1,Chinese,3
1,5,108,0,Russians,3
1,5,108,0,Italians,3
1,5,108,0,Germans,2
1,5,108,0,Chinese,3
1,5,108,1,Russians,1
1,5,108,1,Italians,2
1,5,108,1,Germans,5
1,5,108,1,Chinese,2
1,5,109,0,Russians,3
1,5,109,0,Italians,3
1,5,109,0,Germans,2
1,5,109,0,Chinese,3
1,5,109,1,Russians,1
1,5,109,1,Italians,3
1,5,109,1,Germans,5
1,5,109,1,Chinese,3
1,5,110,0,Russians,3
1,5,110,0,Italians,3
1,5,110,0,Germans,2
1,5,110,0,Chinese,3
1,5,110,1,Russians,2
1,5,110,1,Italians,2
1,5,110,1,Germans,3
1,5,110,1,Chinese,3
1,5,111,0,Russians,3
1,5,111,0,Italians,3
1,5,111,0,Germans,2
1,5,111,0,Chinese,3
1,5,111,1,Russians,1
1,5,111,1,Italians,3
1,5,111,1,Germans,5
1,5,111,1,Chinese,3
1,5,112,0,Russians,3
1,5,112,0,Italians,3
1,5,112,0,Germans,2
1,5,112,0,Chinese,3
1,5,112,1,Russians,1
1,5,112,1,Italians,3
1,5,112,1,Germans,5
1,5,112,1,Chinese,2
1,5,113,0,Russians,3
1,5,113,0,Italians,4
1,5,113,0,Germans,2
1,5,113,0,Chinese,3
1,5,113,1,Russians,1
1,5,113,1,Italians,2
1,5,113,1,Germans,5
1,5,113,1,Chinese,2
1,5,114,0,Russians,3
1,5,114,0,Italians,3
1,5,114,0,Germans,2
1,5,114,0,Chinese,3
1,5,114,1,Russians,1
1,5,114,1,Italians,3
1,5,114,1,Germans,5
1,5,114,1,Chinese,3
1,5,115,0,Russians,3
1,5,115,0,Italians,3
1,5,115,0,Germans,2
1,5,115,0,Chinese,3
1,5,115,1,Russians,1
1,5,115,1,Italians,3
1,5,115,1,Germans,5
1,5,115,1,Chinese,2
1,5,116,0,Russians,3
1,5,116,0,Italians,4
1,5,116,0,Germans,2
1,5,116,0,Chinese,3
1,5,116,1,Russians,2
1,5,116,1,Italians,2
1,5,116,1,Germans,3
1,5,116,1,Chinese,3
1,5,117,0,Russians,3
1,5,117,0,Italians,4
1,5,117,0,Germans,2
1,5,117,0,Chinese,3
1,5,117,1,Russians,1
1,5,117,1,Italians,3
1,5,117,1,Germans,5
1,5,117,1,Chinese,3
1,5,118,0,Russians,3
1,5,118,0,Italians,4
1,5,118,0,Germans,2
1,5,118,0,Chinese,3
1,5,118,1,Russians,1
1,5,118,1,Italians,3
1,5,118,1,Germans,5
1,5,118,1,Chinese,3
1,5,119,0,Russians,3
1,5,119,0,Italians,4
1,5,119,0,Germans,2
1,5,119,0,Chinese,3
1,5,119,1,Russians,1
1,5,119,1,Italians,4
1,5,119,1,Germans,4
1,5,119,1,Chinese,3
1,5,120,0,Russians,3
1,5,120,0,Italians,3
1,5,120,0,Germans,2
1,5,120,0,Chinese,3
1,5,120,1,Russians,1
1,5,120,1,Italians,3
1,5,120,1,Germans,4
1,5,120,1,Chinese,2
1,5,121,0,Russians,3
1,5,121,0,Italians,4
1,5,121,0,Germans,2
1,5,121,0,Chinese,3
1,5,121,1,Russians,1
1,5,121,1,Italians,2
1,5,121,1,Germans,5
1,5,121,1,Chinese,2
1,5,122,0,Russians,3
1,5,122,0,Italians,3
1,5,122,0,Germans,2
1,5,122,0,Chinese,3
1,5,122,1,Russians,2
1,5,122,1,Italians,2
1,5,122,1,Germans,3
1,5,122,1,Chinese,2
1,5,123,0,Russians,3
1,5,123,0,Italians,4
1,5,123,0,Germans,2
1,5,123,0,Chinese,3
1,5,123,1,Russians,1
1,5,123,1,Italians,3
1,5,123,1,Germans,4
1,5,123,1,Chinese,2
1,5,124,0,Russians,3
1,5,124,0,Italians,4
1,5,124,0,Germans,2
1,5,124,0,Chinese,3
1,5,124,1,Russians,1
1,5,124,1,Italians,3
1,5,124,1,Germans,5
1,5,124,1,Chinese,3
1,5,125,0,Russians,3
1,5,125,0,Italians,3
1,5,125,0,Germans,2
1,5,125,0,Chinese,3
1,5,125,1,Russians,1
1,5,125,1,Italians,3
1,5,125,1,Germans,5
1,5,125,1,Chinese,3
1,5,126,0,Russians,3
1,5,126,0,Italians,3
1,5,126,0,Germans,2
1,5,126,0,Chinese,3
1,5,126,1,Russians,1
1,5,126,1,Italians,2
1,5,126,1,Germans,5
1,5,126,1,Chinese,3
1,5,127,0,Russians,3
1,5,127,0,Italians,4
1,5,127,0,Germans,2
1,5,127,0,Chinese,3
1,5,127,1,Russians,1
1,5,127,1,Italians,3
1,5,127,1,Germans,5
1,5,127,1,Chinese,3
1,5,128,0,Russians,3
1,5,128,0,Italians,3
1,5,128,0,Germans,2
1,5,128,0,Chinese,3
1,5,128,1,Russians,2
1,5,128,1,Italians,3
1,5,128,1,Germans,3
1,5,128,1,Chinese,2
1,5,129,0,Russians,3
1,5,129,0,Italians,3
1,5,129,0,Germans,2
1,5,129,0,Chinese,3
1,5,129,1,Russians,1
1,5,129,1,Italians,2
1,5,129,1,Germans,5
1,5,129,1,Chinese,3
1,5,130,0,Russians,3
1,5,130,0,Italians,4
1,5,130,0,Germans,2
1,5,130,0,Chinese,3
1,5,130,1,Russians,1
1,5,130,1,Italians,3
1,5,130,1,Germans,4
1,5,130,1,Chinese,3
1,5,131,0,Russians,3
1,5,131,0,Italians,3
1,5,131,0,Germans,2
1,5,131,0,Chinese,3
1,5,131,1,Russians,1
1,5,131,1,Italians,2
1,5,131,1,Germans,5
1,5,131,1,Chinese,3
1,5,132,0,Russians,3
1,5,132,0,Italians,3
1,5,132,0,Germans,2
1,5,132,0,Chinese,3
1,5,132,1,Russians,1
1,5,132,1,Italians,2
1,5,132,1,Germans,4
1,5,132,1,Chinese,3
1,5,133,0,Russians,3
1,5,133,0,Italians,4
1,5,133,0,Germans,2
1,5,133,0,Chinese,3
1,5,133,1,Russians,1
1,5,133,1,Italians,4
1,5,133,1,Germans,5
1,5,133,1,Chinese,3
1,5,134,0,Russians,3
1,5,134,0,Italians,4
1,5,134,0,Germans,2
1,5,134,0,Chinese,3
1,5,134,1,Russians,2
1,5,134,1,Italians,4
1,5,134,1,Germans,2
1,5,134,1,Chinese,3
1,5,135,0,Russians,3
1,5,135,0,Italians,3
1,5,135,0,Germans,2
1,5,135,0,Chinese,3
1,5,135,1,Russians,1
1,5,135,1,Italians,3
1,5,135,1,Germans,4
1,5,135,1,Chinese,3
1,5,136,0,Russians,3
1,5,136,0,Italians,3
1,5,136,0,Germans,2
1,5,136,0,Chinese,3
1,5,136,1,Russians,1
1,5,136,1,Italians,2
1,5,136,1,Germans,5
1,5,136,1,Chinese,2
1,5,137,0,Russians,3
1,5,137,0,Italians,4
1,5,137,0,Germans,2
1,5,137,0,Chinese,3
1,5,137,1,Russians,1
1,5,137,1,Italians,4
1,5,137,1,Germans,5
1,5,137,1,Chinese,2
1,5,138,0,Russians,3
1,5,138,0,Italians,3
1,5,138,0,Germans,2
1,5,138,0,Chinese,3
1,5,138,1,Russians,1
1,5,138,1,Italians,2
1,5,138,1,Germans,5
1,5,138,1,Chinese,2
1,5,139,0,Russians,3
1,5,139,0,Italians,3
1,5,139,0,Germans,2
1,5,139,0,Chinese,3
1,5,139,1,Russians,1
1,5,139,1,Italians,2
1,5,139,1,Germans,5
1,5,139,1,Chinese,2
1,5,140,0,Russians,3
1,5,140,0,Italians,3
1,5,140,0,Germans,2
1,5,140,0,Chinese,3
1,5,140,1,Russians,1
1,5,140,1,Italians,2
1,5,140,1,Germans,4
1,5,140,1,Chinese,3
1,5,141,0,Russians,3
1,5,141,0,Italians,3
1,5,141,0,Germans,2
1,5,141,0,Chinese,3
1,5,141,1,Russians,2
1,5,141,1,Italians,3
1,5,141,1,Germans,2
1,5,141,1,Chinese,3
1,5,142,0,Russians,3
1,5,142,0,Italians,3
1,5,142,0,Germans,2
1,5,142,0,Chinese,3
1,5,142,1,Russians,1
1,5,142,1,Italians,3
1,5,142,1,Germans,5
1,5,142,1,Chinese,2
1,5,143,0,Russians,3
1,5,143,0,Italians,3
1,5,143,0,Germans,2
1,5,143,0,Chinese,3
1,5,143,1,Russians,1
1,5,143,1,Italians,3
1,5,143,1,Germans,4
1,5,143,1,Chinese,3
1,5,144,0,Russians,3
1,5,144,0,Italians,3
1,5,144,0,Germans,2
1,5,144,0,Chinese,3
1,5,144,1,Russians,1
1,5,144,1,Italians,2
1,5,144,1,Germans,5
1,5,144,1,Chinese,2
1,5,145,0,Russians,3
1,5,145,0,Italians,3
1,5,145,0,Germans,2
1,5,145,0,Chinese,3
1,5,145,1,Russians,1
1,5,145,1,Italians,3
1,5,145,1,Germans,4
1,5,145,1,Chinese,3
1,5,146,0,Russians,3
1,5,146,0,Italians,4
1,5,146,0,Germans,2
1,5,146,0,Chinese,3
1,5,146,1,Russians,1
1,5,146,1,Italians,3
1,5,146,1,Germans,5
1,5,146,1,Chinese,3
1,5,147,0,Russians,3
1,5,147,0,Italians,4
1,5,147,0,Germans,2
1,5,147,0,Chinese,3
1,5,147,1,Russians,2
1,5,147,1,Italians,3
1,5,147,1,Germans,3
1,5,147,1,Chinese,3
1,5,148,0,Russians,3
1,5,148,0,Italians,3
1,5,148,0,Germans,2
1,5,148,0,Chinese,3
1,5,148,1,Russians,1
1,5,148,1,Italians,2
1,5,148,1,Germans,5
1,5,148,1,Chinese,3
1,5,149,0,Russians,3
1,5,149,0,Italians,3
1,5,149,0,Germans,2
1,5,149,0,Chinese,3
1,5,149,1,Russians,1
1,5,149,1,Italians,2
1,5,149,1,Germans,5
1,5,149,1,Chinese,2
1,5,150,0,Russians,3
1,5,150,0,Italians,4
1,5,150,0,Germans,2
1,5,150,0,Chinese,3
1,5,150,1,Russians,1
1,5,150,1,Italians,4
1,5,150,1,Germans,5
1,5,150,1,Chinese,2
1,5,151,0,Russians,3
1,5,151,0,Italians,3
1,5,151,0,Germans,2
1,5,151,0,Chinese,3
1,5,151,1,Russians,1
1,5,151,1,Italians,3
1,5,151,1,Germans,5
1,5,151,1,Chinese,3
1,5,152,0,Russians,3
1,5,152,0,Italians,3
1,5,152,0,Germans,2
1,5,152,0,Chinese,3
1,5,152,1,Russians,1
1,5,152,1,Italians,3
1,5,152,1,Germans,5
1,5,152,1,Chinese,3
1,5,153,0,Russians,3
1,5,153,0,Italians,3
1,5,153,0,Germans,2
1,5,153,0,Chinese,3
1,5,153,1,Russians,1
1,5,153,1,Italians,3
1,5,153,1,Germans,5
1,5,153,1,Chinese,3
1,5,154,0,Russians,3
1,5,154,0,Italians,3
1,5,154,0,Germans,2
1,5,154,0,Chinese,3
1,5,154,1,Russians,2
1,5,154,1,Italians,2
1,5,154,1,Germans,2
1,5,154,1,Chinese,2
1,5,155,0,Russians,3
1,5,155,0,Italians,3
1,5,155,0,Germans,2
1,5,155,0,Chinese,3
1,5,155,1,Russians,1
1,5,155,1,Italians,3
1,5,155,1,Germans,5
1,5,155,1,Chinese,3
1,5,156,0,Russians,3
1,5,156,0,Italians,4
1,5,156,0,Germans,2
1,5,156,0,Chinese,3
1,5,156,1,Russians,1
1,5,156,1,Italians,2
1,5,156,1,Germans,4
1,5,156,1,Chinese,3
1,5,157,0,Russians,3
1,5,157,0,Italians,4
1,5,157,0,Germans,2
1,5,157,0,Chinese,3
1,5,157,1,Russians,1
1,5,157,1,Italians,3
1,5,157,1,Germans,5
1,5,157,1,Chinese,3
1,5,158,0,Russians,3
1,5,158,0,Italians,3
1,5,158,0,Germans,2
1,5,158,0,Chinese,3
1,5,158,1,Russians,1
1,5,158,1,Italians,3
1,5,158,1,Germans,5
1,5,158,1,Chinese,3
1,5,159,0,Russians,3
1,5,159,0,Italians,3
1,5,159,0,Germans,2
1,5,159,0,Chinese,3
1,5,159,1,Russians,1
1,5,159,1,Italians,3
1,5,159,1,Germans,5
1,5,159,1,Chinese,3
1,5,160,0,Russians,3
1,5,160,0,Italians,3
1,5,160,0,Germans,2
1,5,160,0,Chinese,3
1,5,160,1,Russians,1
1,5,160,1,Italians,2
1,5,160,1,Germans,5
1,5,160,1,Chinese,2
1,5,161,0,Russians,3
1,5,161,0,Italians,3
1,5,161,0,Germans,2
1,5,161,0,Chinese,3
1,5,161,1,Russians,2
1,5,161,1,Italians,2
1,5,161,1,Germans,2
1,5,161,1,Chinese,3
1,5,162,0,Russians,3
1,5,162,0,Italians,4
1,5,162,0,Germans,2
1,5,162,0,Chinese,3
1,5,162,1,Russians,1
1,5,162,1,Italians,4
1,5,162,1,Germans,5
1,5,162,1,Chinese,2
1,5,163,0,Russians,3
1,5,163,0,Italians,3
1,5,163,0,Germans,2
1,5,163,0,Chinese,3
1,5,163,1,Russians,1
1,5,163,1,Italians,3
1,5,163,1,Germans,4
1,5,163,1,Chinese,3
1,5,164,0,Russians,3
1,5,164,0,Italians,3
1,5,164,0,Germans,2
1,5,164,0,Chinese,3
1,5,164,1,Russians,1
1,5,164,1,Italians,3
1,5,164,1,Germans,4
1,5,164,1,Chinese,3
1,5,165,0,Russians,3
1,5,165,0,Italians,3
1,5,165,0,Germans,2
1,5,165,0,Chinese,3
1,5,165,1,Russians,1
1,5,165,1,Italians,2
1,5,165,1,Germans,5
1,5,165,1,Chinese,2
1,5,166,0,Russians,3
1,5,166,0,Italians,4
1,5,166,0,Germans,2
1,5,166,0,Chinese,3
1,5,166,1,Russians,1
1,5,166,1,Italians,4
1,5,166,1,Germans,5
1,5,166,1,Chinese,2
1,5,167,0,Russians,3
1,5,167,0,Italians,4
1,5,167,0,Germans,2
1,5,167,0,Chinese,3
1,5,167,1,Russians,1
1,5,167,1,Italians,3
1,5,167,1,Germans,5
1,5,167,1,Chinese,2
1,5,168,0,Russians,3
1,5,168,0,Italians,4
1,5,168,0,Germans,2
1,5,168,0,Chinese,3
1,5,168,1,Russians,2
1,5,168,1,Italians,4
1,5,168,1,Germans,3
1,5,168,1,Chinese,2
1,5,169,0,Russians,3
1,5,169,0,Italians,3
1,5,169,0,Germans,2
1,5,169,0,Chinese,3
1,5,169,1,Russians,1
1,5,169,1,Italians,2
1,5,169,1,Germans,4
1,5,169,1,Chinese,3
1,5,170,0,Russians,3
1,5,170,0,Italians,3
1,5,170,0,Germans,2
1,5,170,0,Chinese,3
1,5,170,1,Russians,1
1,5,170,1,Italians,3
1,5,170,1,Germans,4
1,5,170,1,Chinese,3
1,5,171,0,Russians,3
1,5,171,0,Italians,3
1,5,171,0,Germans,2
1,5,171,0,Chinese,3
1,5,171,1,Russians,1
1,5,171,1,Italians,2
1,5,171,1,Germans,5
1,5,171,1,Chinese,2
1,5,172,0,Russians,3
1,5,172,0,Italians,4
1,5,172,0,Germans,2
1,5,172,0,Chinese,3
1,5,172,1,Russians,1
1,5,172,1,Italians,2
1,5,172,1,Germans,5
1,5,172,1,Chinese,3
1,5,173,0,Russians,3
1,5,173,0,Italians,3
1,5,173,0,Germans,2
1,5,173,0,Chinese,3
1,5,173,1,Russians,1
1,5,173,1,Italians,3
1,5,173,1,Germans,5
1,5,173,1,Chinese,2
1,5,174,0,Russians,3
1,5,174,0,Italians,3
1,5,174,0,Germans,2
1,5,174,0,Chinese,3
1,5,174,1,Russians,1
1,5,174,1,Italians,2
1,5,174,1,Germans,5
1,5,174,1,Chinese,3
1,5,175,0,Russians,3
1,5,175,0,Italians,3
1,5,175,0,Germans,2
1,5,175,0,Chinese,3
1,5,175,1,Russians,1
1,5,175,1,Italians,3
1,5,175,1,Germans,5
1,5,175,1,Chinese,3
1,5,176,0,Russians,3
1,5,176,0,Italians,3
1,5,176,0,Germans,2
1,5,176,0,Chinese,3
1,5,176,1,Russians,2
1,5,176,1,Italians,3
1,5,176,1,Germans,3
1,5,176,1,Chinese,2
1,5,177,0,Russians,3
1,5,177,0,Italians,3
1,5,177,0,Germans,2
1,5,177,0,Chinese,3
1,5,177,1,Russians,1
1,5,177,1,Italians,2
1,5,177,1,Germans,5
1,5,177,1,Chinese,2
1,5,178,0,Russians,3
1,5,178,0,Italians,3
1,5,178,0,Germans,2
1,5,178,0,Chinese,3
1,5,178,1,Russians,1
1,5,178,1,Italians,3
1,5,178,1,Germans,5
1,5,178,1,Chinese,3
1,5,179,0,Russians,3
1,5,179,0,Italians,3
1,5,179,0,Germans,2
1,5,179,0,Chinese,3
1,5,179,1,Russians,1
1,5,179,1,Italians,3
1,5,179,1,Germans,5
1,5,179,1,Chinese,3
1,5,180,0,Russians,3
1,5,180,0,Italians,3
1,5,180,0,Germans,2
1,5,180,0,Chinese,3
1,5,180,1,Russians,1
1,5,180,1,Italians,2
1,5,180,1,Germans,5
1,5,180,1,Chinese,3
1,5,181,0,Russians,3
1,5,181,0,Italians,3
1,5,181,0,Germans,2
1,5,181,0,Chinese,3
1,5,181,1,Russians,1
1,5,181,1,Italians,3
1,5,181,1,Germans,5
1,5,181,1,Chinese,2
1,5,182,0,Russians,3
1,5,182,0,Italians,3
1,5,182,0,Germans,2
1,5,182,0,Chinese,3
1,5,182,1,Russians,1
1,5,182,1,Italians,3
1,5,182,1,Germans,5
1,5,182,1,Chinese,3
1,5,183,0,Russians,3
1,5,183,0,Italians,3
1,5,183,0,Germans,2
1,5,183,0,Chinese,3
1,5,183,1,Russians,2
1,5,183,1,Italians,2
1,5,183,1,Germans,2
1,5,183,1,Chinese,3
1,5,184,0,Russians,3
1,5,184,0,Italians,4
1,5,184,0,Germans,2
1,5,184,0,Chinese,3
1,5,184,1,Russians,1
1,5,184,1,Italians,2
1,5,184,1,Germans,5
1,5,184,1,Chinese,3
1,5,185,0,Russians,3
1,5,185,0,Italians,3
1,5,185,0,Germans,2
1,5,185,0,Chinese,3
1,5,185,1,Russians,1
1,5,185,1,Italians,2
1,5,185,1,Germans,5
1,5,185,1,Chinese,3
1,5,186,0,Russians,3
1,5,186,0,Italians,4
1,5,186,0,Germans,2
1,5,186,0,Chinese,3
1,5,186,1,Russians,1
1,5,186,1,Italians,2
1,5,186,1,Germans,5
1,5,186,1,Chinese,3
1,5,187,0,Russians,3
1,5,187,0,Italians,4
1,5,187,0,Germans,2
1,5,187,0,Chinese,3
1,5,187,1,Russians,1
1,5,187,1,Italians,4
1,5,187,1,Germans,4
1,5,187,1,Chinese,3
1,5,188,0,Russians,3
1,5,188,0,Italians,3
1,5,188,0,Germans,2
1,5,188,0,Chinese,3
1,5,188,1,Russians,1
1,5,188,1,Italians,3
1,5,188,1,Germans,5
1,5,188,1,Chinese,3
1,5,189,0,Russians,3
1,5,189,0,Italians,3
1,5,189,0,Germans,2
1,5,189,0,Chinese,3
1,5,189,1,Russians,1
1,5,189,1,Italians,3
1,5,189,1,Germans,5
1,5,189,1,Chinese,2
1,5,190,0,Russians,3
1,5,190,0,Italians,3
1,5,190,0,Germans,2
1,5,190,0,Chinese,3
1,5,190,1,Russians,1
1,5,190,1,Italians,2
1,5,190,1,Germans,5
1,5,190,1,Chinese,2
1,5,191,0,Russians,3
1,5,191,0,Italians,4
1,5,191,0,Germans,2
1,5,191,0,Chinese,3
1,5,191,1,Russians,2
1,5,191,1,Italians,3
1,5,191,1,Germans,3
1,5,191,1,Chinese,3
1,5,192,0,Russians,3
1,5,192,0,Italians,4
1,5,192,0,Germans,2
1,5,192,0,Chinese,3
1,5,192,1,Russians,1
1,5,192,1,Italians,2
1,5,192,1,Germans,5
1,5,192,1,Chinese,2
1,5,193,0,Russians,3
1,5,193,0,Italians,3
1,5,193,0,Germans,2
1,5,193,0,Chinese,3
1,5,193,1,Russians,1
1,5,193,1,Italians,3
1,5,193,1,Germans,5
1,5,193,1,Chinese,3
1,5,194,0,Russians,3
1,5,194,0,Italians,3
1,5,194,0,Germans,2
1,5,194,0,Chinese,3
1,5,194,1,Russians,1
1,5,194,1,Italians,2
1,5,194,1,Germans,5
1,5,194,1,Chinese,3
1,5,195,0,Russians,3
1,5,195,0,Italians,3
1,5,195,0,Germans,2
1,5,195,0,Chinese,3
1,5,195,1,Russians,1
1,5,195,1,Italians,2
1,5,195,1,Germans,4
1,5,195,1,Chinese,2
1,5,196,0,Russians,3
1,5,196,0,Italians,3
1,5,196,0,Germans,2
1,5,196,0,Chinese,3
1,5,196,1,Russians,1
1,5,196,1,Italians,2
1,5,196,1,Germans,5
1,5,196,1,Chinese,3
1,5,197,0,Russians,3
1,5,197,0,Italians,3
1,5,197,0,Germans,2
1,5,197,0,Chinese,3
1,5,197,1,Russians,1
1,5,197,1,Italians,2
1,5,197,1,Germans,5
1,5,197,1,Chinese,3
1,5,198,0,Russians,3
1,5,198,0,Italians,3
1,5,198,0,Germans,2
1,5,198,0,Chinese,3
1,5,198,1,Russians,1
1,5,198,1,Italians,2
1,5,198,1,Germans,5
1,5,198,1,Chinese,2
1,5,199,0,Russians,3
1,5,199,0,Italians,3
1,5,199,0,Germans,2
1,5,199,0,Chinese,3
1,5,199,1,Russians,2
1,5,199,1,Italians,2
1,5,199,1,Germans,2
1,5,199,1,Chinese,2
1,5,200,0,Russians,3
1,5,200,0,Italians,3
1,5,200,0,Germans,2
1,5,200,0,Chinese,3
1,5,200,1,Russians,1
1,5,200,1,Italians,2
1,5,200,1,Germans,5
1,5,200,1,Chinese,3
1,5,201,0,Russians,3
1,5,201,0,Italians,3
1,5,201,0,Germans,2
1,5,201,0,Chinese,3
1,5,201,1,Russians,1
1,5,201,1,Italians,2
1,5,201,1,Germans,5
1,5,201,1,Chinese,3
1,5,202,0,Russians,3
1,5,202,0,Italians,4
1,5,202,0,Germans,2
1,5,202,0,Chinese,3
1,5,202,1,Russians,1
1,5,202,1,Italians,2
1,5,202,1,Germans,5
1,5,202,1,Chinese,3
1,5,203,0,Russians,3
1,5,203,0,Italians,4
1,5,203,0,Germans,2
1,5,203,0,Chinese,3
1,5,203,1,Russians,1
1,5,203,1,Italians,2
1,5,203,1,Germans,4
1,5,203,1,Chinese,3
1,5,204,0,Russians,3
1,5,204,0,Italians,3
1,5,204,0,Germans,2
1,5,204,0,Chinese,3
1,5,204,1,Russians,1
1,5,204,1,Italians,2
1,5,204,1,Germans,5
1,5,204,1,Chinese,3
1,5,205,0,Russians,3
1,5,205,0,Italians,3
1,5,205,0,Germans,2
1,5,205,0,Chinese,3
1,5,205,1,Russians,1
1,5,205,1,Italians,2
1,5,205,1,Germans,5
1,5,205,1,Chinese,3
1,5,206,0,Russians,3
1,5,206,0,Italians,4
1,5,206,0,Germans,2
1,5,206,0,Chinese,3
1,5,206,1,Russians,1
1,5,206,1,Italians,3
1,5,206,1,Germans,5
1,5,206,1,Chinese,3
1,5,207,0,Russians,3
1,5,207,0,Italians,4
1,5,207,0,Germans,2
1,5,207,0,Chinese,3
1,5,207,1,Russians,2
1,5,207,1,Italians,4
1,5,207,1,Germans,3
1,5,207,1,Chinese,3
1,5,208,0,Russians,3
1,5,208,0,Italians,3
1,5,208,0,Germans,2
1,5,208,0,Chinese,3
1,5,208,1,Russians,1
1,5,208,1,Italians,3
1,5,208,1,Germans,5
1,5,208,1,Chinese,3
1,5,209,0,Russians,3
1,5,209,0,Italians,3
1,5,209,0,Germans,2
1,5,209,0,Chinese,3
1,5,209,1,Russians,1
1,5,209,1,Italians,2
1,5,209,1,Germans,5
1,5,209,1,Chinese,2
1,5,210,0,Russians,3
1,5,210,0,Italians,3
1,5,210,0,Germans,2
1,5,210,0,Chinese,3
1,5,210,1,Russians,1
1,5,210,1,Italians,2
1,5,210,1,Germans,5
1,5,210,1,Chinese,3
1,5,211,0,Russians,3
1,5,211,0,Italians,3
1,5,211,0,Germans,2
1,5,211,0,Chinese,3
1,5,211,1,Russians,1
1,5,211,1,Italians,2
1,5,211,1,Germans,5
1,5,211,1,Chinese,3
1,5,212,0,Russians,3
1,5,212,0,Italians,4
1,5,212,0,Germans,2
1,5,212,0,Chinese,3
1,5,212,1,Russians,1
1,5,212,1,Italians,3
1,5,212,1,Germans,5
1,5,212,1,Chinese,2
1,5,213,0,Russians,3
1,5,213,0,Italians,3
1,5,213,0,Germans,2
1,5,213,0,Chinese,3
1,5,213,1,Russians,1
1,5,213,1,Italians,2
1,5,213,1,Germans,5
1,5,213,1,Chinese,2
1,5,214,0,Russians,3
1,5,214,0,Italians,3
1,5,214,0,Germans,2
1,5,214,0,Chinese,3
1,5,214,1,Russians,1
1,5,214,1,Italians,3
1,5,214,1,Germans,5
1,5,214,1,Chinese,3
1,5,215,0,Russians,3
1,5,215,0,Italians,3
1,5,215,0,Germans,2
1,5,215,0,Chinese,3
1,5,215,1,Russians,2
1,5,215,1,Italians,3
1,5,215,1,Germans,2
1,5,215,1,Chinese,2
1,5,216,0,Russians,3
1,5,216,0,Italians,3
1,5,216,0,Germans,2
1,5,216,0,Chinese,3
1,5,216,1,Russians,1
1,5,216,1,Italians,2
1,5,216,1,Germans,5
1,5,216,1,Chinese,3
1,5,217,0,Russians,3
1,5,217,0,Italians,4
1,5,217,0,Germans,2
1,5,217,0,Chinese,3
1,5,217,1,Russians,1
1,5,217,1,Italians,2
1,5,217,1,Germans,5
1,5,217,1,Chinese,3
1,5,218,0,Russians,3
1,5,218,0,Italians,3
1,5,218,0,Germans,2
1,5,218,0,Chinese,3
1,5,218,1,Russians,1
1,5,218,1,Italians,2
1,5,218,1,Germans,5
1,5,218,1,Chinese,3
1,5,219,0,Russians,3
1,5,219,0,Italians,3
1,5,219,0,Germans,2
1,5,219,0,Chinese,3
1,5,219,1,Russians,1
1,5,219,1,Italians,3
1,5,219,1,Germans,5
1,5,219,1,Chinese,2
1,5,220,0,Russians,3
1,5,220,0,Italians,3
1,5,220,0,Germans,2
1,5,220,0,Chinese,3
1,5,220,1,Russians,1
1,5,220,1,Italians,2
1,5,220,1,Germans,4
1,5,220,1,Chinese,3
1,5,221,0,Russians,3
1,5,221,0,Italians,4
1,5,221,0,Germans,2
1,5,221,0,Chinese,3
1,5,221,1,Russians,1
1,5,221,1,Italians,4
1,5,221,1,Germans,4
1,5,221,1,Chinese,2
1,5,222,0,Russians,3
1,5,222,0,Italians,4
1,5,222,0,Germans,2
1,5,222,0,Chinese,3
1,5,222,1,Russians,1
1,5,222,1,Italians,2
1,5,222,1,Germans,5
1,5,222,1,Chinese,3
1,5,223,0,Russians,3
1,5,223,0,Italians,3
1,5,223,0,Germans,2
1,5,223,0,Chinese,3
1,5,223,1,Russians,2
1,5,223,1,Italians,2
1,5,223,1,Germans,3
1,5,223,1,Chinese,3
1,5,224,0,Russians,3
1,5,224,0,Italians,3
1,5,224,0,Germans,2
1,5,224,0,Chinese,3
1,5,224,1,Russians,1
1,5,224,1,Italians,2
1,5,224,1,Germans,5
1,5,224,1,Chinese,2
1,5,225,0,Russians,3
1,5,225,0,Italians,4
1,5,225,0,Germans,2
1,5,225,0,Chinese,3
1,5,225,1,Russians,1
1,5,225,1,Italians,2
1,5,225,1,Germans,4
1,5,225,1,Chinese,3
1,5,226,0,Russians,3
1,5,226,0,Italians,3
1,5,226,0,Germans,2
1,5,226,0,Chinese,3
1,5,226,1,Russians,1
1,5,226,1,Italians,3
1,5,226,1,Germans,4
1,5,226,1,Chinese,2
1,5,227,0,Russians,3
1,5,227,0,Italians,3
1,5,227,0,Germans,2
1,5,227,0,Chinese,3
1,5,227,1,Russians,1
1,5,227,1,Italians,2
1,5,227,1,Germans,5
1,5,227,1,Chinese,2
1,5,228,0,Russians,3
1,5,228,0,Italians,4
1,5,228,0,Germans,2
1,5,228,0,Chinese,3
1,5,228,1,Russians,1
1,5,228,1,Italians,3
1,5,228,1,Germans,5
1,5,228,1,Chinese,3
1,5,229,0,Russians,3
1,5,229,0,Italians,4
1,5,229,0,Germans,2
1,5,229,0,Chinese,3
1,5,229,1,Russians,1
1,5,229,1,Italians,2
1,5,229,1,Germans,4
1,5,229,1,Chinese,3
1,5,230,0,Russians,3
1,5,230,0,Italians,4
1,5,230,0,Germans,2
1,5,230,0,Chinese,3
1,5,230,1,Russians,1
1,5,230,1,Italians,2
1,5,230,1,Germans,5
1,5,230,1,Chinese,3
1,5,231,0,Russians,3
1,5,231,0,Italians,3
1,5,231,0,Germans,2
1,5,231,0,Chinese,3
1,5,231,1,Russians,1
1,5,231,1,Italians,3
1,5,231,1,Germans,5
1,5,231,1,Chinese,3
1,5,232,0,Russians,3
1,5,232,0,Italians,4
1,5,232,0,Germans,2
1,5,232,0,Chinese,3
1,5,232,1,Russians,2
1,5,232,1,Italians,3
1,5,232,1,Germans,3
1,5,232,1,Chinese,2
1,5,233,0,Russians,3
1,5,233,0,Italians,4
1,5,233,0,Germans,2
1,5,233,0,Chinese,3
1,5,233,1,Russians,1
1,5,233,1,Italians,2
1,5,233,1,Germans,4
1,5,233,1,Chinese,3
1,5,234,0,Russians,3
1,5,234,0,Italians,4
1,5,234,0,Germans,2
1,5,234,0,Chinese,3
1,5,234,1,Russians,1
1,5,234,1,Italians,4
1,5,234,1,Germans,5
1,5,234,1,Chinese,3
1,5,235,0,Russians,3
1,5,235,0,Italians,4
1,5,235,0,Germans,2
1,5,235,0,Chinese,3
1,5,235,1,Russians,1
1,5,235,1,Italians,3
1,5,235,1,Germans,5
1,5,235,1,Chinese,3
1,5,236,0,Russians,3
1,5,236,0,Italians,3
1,5,236,0,Germans,2
1,5,236,0,Chinese,3
1,5,236,1,Russians,1
1,5,236,1,Italians,2
1,5,236,1,Germans,5
1,5,236,1,Chinese,2
1,5,237,0,Russians,3
1,5,237,0,Italians,4
1,5,237,0,Germans,2
1,5,237,0,Chinese,3
1,5,237,1,Russians,1
1,5,237,1,Italians,2
1,5,237,1,Germans,4
1,5,237,1,Chinese,3
1,5,238,0,Russians,3
1,5,238,0,Italians,4
1,5,238,0,Germans,2
1,5,238,0,Chinese,3
1,5,238,1,Russians,1
1,5,238,1,Italians,2
1,5,238,1,Germans,5
1,5,238,1,Chinese,3
1,5,239,0,Russians,3
1,5,239,0,Italians,3
1,5,239,0,Germans,2
1,5,239,0,Chinese,3
1,5,239,1,Russians,1
1,5,239,1,Italians,2
1,5,239,1,Germans,4
1,5,239,1,Chinese,3
1,5,240,0,Russians,3
1,5,240,0,Italians,3
1,5,240,0,Germans,2
1,5,240,0,Chinese,3
1,5,240,1,Russians,1
1,5,240,1,Italians,3
1,5,240,1,Germans,5
1,5,240,1,Chinese,2
1,5,241,0,Russians,3
1,5,241,0,Italians,3
1,5,241,0,Germans,2
1,5,241,0,Chinese,3
1,5,241,1,Russians,2
1,5,241,1,Italians,2
1,5,241,1,Germans,3
1,5,241,1,Chinese,3
1,5,242,0,Russians,3
1,5,242,0,Italians,3
1,5,242,0,Germans,2
1,5,242,0,Chinese,3
1,5,242,1,Russians,1
1,5,242,1,Italians,2
1,5,242,1,Germans,5
1,5,242,1,Chinese,2
1,5,243,0,Russians,3
1,5,243,0,Italians,4
1,5,243,0,Germans,2
1,5,243,0,Chinese,3
1,5,243,1,Russians,1
1,5,243,1,Italians,4
1,5,243,1,Germans,5
1,5,243,1,Chinese,3
1,5,244,0,Russians,3
1,5,244,0,Italians,3
1,5,244,0,Germans,2
1,5,244,0,Chinese,3
1,5,244,1,Russians,1
1,5,244,1,Italians,2
1,5,244,1,Germans,5
1,5,244,1,Chinese,2
1,5,245,0,Russians,3
1,5,245,0,Italians,4
1,5,245,0,Germans,2
1,5,245,0,Chinese,3
1,5,245,1,Russians,1
1,5,245,1,Italians,3
1,5,245,1,Germans,5
1,5,245,1,Chinese,2
1,5,246,0,Russians,3
1,5,246,0,Italians,4
1,5,246,0,Germans,2
1,5,246,0,Chinese,3
1,5,246,1,Russians,1
1,5,246,1,Italians,3
1,5,246,1,Germans,5
1,5,246,1,Chinese,3
1,5,247,0,Russians,3
1,5,247,0,Italians,3
1,5,247,0,Germans,2
1,5,247,0,Chinese,3
1,5,247,1,Russians,1
1,5,247,1,Italians,2
1,5,247,1,Germans,5
1,5,247,1,Chinese,3
1,5,248,0,Russians,3
1,5,248,0,Italians,3
1,5,248,0,Germans,2
1,5,248,0,Chinese,3
1,5,248,1,Russians,1
1,5,248,1,Italians,2
1,5,248,1,Germans,4
1,5,248,1,Chinese,3
1,5,249,0,Russians,3
1,5,249,0,Italians,3
1,5,249,0,Germans,2
1,5,249,0,Chinese,3
1,5,249,1,Russians,1
1,5,249,1,Italians,2
1,5,249,1,Germans,5
1,5,249,1,Chinese,3
1,5,250,0,Russians,3
1,5,250,0,Italians,3
1,5,250,0,Germans,2
1,5,250,0,Chinese,3
1,5,250,1,Russians,2
1,5,250,1,Italians,2
1,5,250,1,Germans,3
1,5,250,1,Chinese,3
1,5,251,0,Russians,3
1,5,251,0,Italians,3
1,5,251,0,Germans,2
1,5,251,0,Chinese,3
1,5,251,1,Russians,1
1,5,251,1,Italians,3
1,5,251,1,Germans,5
1,5,251,1,Chinese,3
1,5,252,0,Russians,3
1,5,252,0,Italians,3
1,5,252,0,Germans,2
1,5,252,0,Chinese,3
1,5,252,1,Russians,1
1,5,252,1,Italians,3
1,5,252,1,Germans,5
1,5,252,1,Chinese,2
1,5,253,0,Russians,3
1,5,253,0,Italians,3
1,5,253,0,Germans,2
1,5,253,0,Chinese,3
1,5,253,1,Russians,1
1,5,253,1,Italians,3
1,5,253,1,Germans,5
1,5,253,1,Chinese,2
1,5,254,0,Russians,3
1,5,254,0,Italians,3
1,5,254,0,Germans,2
1,5,254,0,Chinese,3
1,5,254,1,Russians,1
1,5,254,1,Italians,2
1,5,254,1,Germans,4
1,5,254,1,Chinese,3
1,5,255,0,Russians,3
1,5,255,0,Italians,3
1,5,255,0,Germans,2
1,5,255,0,Chinese,3
1,5,255,1,Russians,1
1,5,255,1,Italians,2
1,5,255,1,Germans,5
1,5,255,1,Chinese,2
1,5,256,0,Russians,3
1,5,256,0,Italians,3
1,5,256,0,Germans,2
1,5,256,0,Chinese,3
1,5,256,1,Russians,1
1,5,256,1,Italians,2
1,5,256,1,Germans,4
1,5,256,1,Chinese,3
1,5,257,0,Russians,3
1,5,257,0,Italians,3
1,5,257,0,Germans,2
1,5,257,0,Chinese,3
1,5,257,1,Russians,1
1,5,257,1,Italians,3
1,5,257,1,Germans,4
1,5,257,1,Chinese,2
1,5,258,0,Russians,3
1,5,258,0,Italians,3
1,5,258,0,Germans,2
1,5,258,0,Chinese,3
1,5,258,1,Russians,1
1,5,258,1,Italians,2
1,5,258,1,Germans,5
1,5,258,1,Chinese,3
1,5,259,0,Russians,3
1,5,259,0,Italians,4
1,5,259,0,Germans,2
1,5,259,0,Chinese,3
1,5,259,1,Russians,2
1,5,259,1,Italians,3
1,5,259,1,Germans,3
1,5,259,1,Chinese,3
1,5,260,0,Russians,3
1,5,260,0,Italians,4
1,5,260,0,Germans,2
1,5,260,0,Chinese,3
1,5,260,1,Russians,1
1,5,260,1,Italians,2
1,5,260,1,Germans,5
1,5,260,1,Chinese,3
1,5,261,0,Russians,3
1,5,261,0,Italians,3
1,5,261,0,Germans,2
1,5,261,0,Chinese,3
1,5,261,1,Russians,1
1,5,261,1,Italians,3
1,5,261,1,Germans,5
1,5,261,1,Chinese,2
1,5,262,0,Russians,3
1,5,262,0,Italians,3
1,5,262,0,Germans,2
1,5,262,0,Chinese,3
1,5,262,1,Russians,1
1,5,262,1,Italians,3
1,5,262,1,Germans,5
1,5,262,1,Chinese,3
1,5,263,0,Russians,3
1,5,263,0,Italians,3
1,5,263,0,Germans,2
1,5,263,0,Chinese,3
1,5,263,1,Russians,1
1,5,263,1,Italians,2
1,5,263,1,Germans,5
1,5,263,1,Chinese,2
1,5,264,0,Russians,3
1,5,264,0,Italians,3
1,5,264,0,Germans,2
1,5,264,0,Chinese,3
1,5,264,1,Russians,1
1,5,264,1,Italians,3
1,5,264,1,Germans,5
1,5,264,1,Chinese,2
1,5,265,0,Russians,3
1,5,265,0,Italians,3
1,5,265,0,Germans,2
1,5,265,0,Chinese,3
1,5,265,1,Russians,1
1,5,265,1,Italians,2
1,5,265,1,Germans,4
1,5,265,1,Chinese,3
1,5,266,0,Russians,3
1,5,266,0,Italians,4
1,5,266,0,Germans,2
1,5,266,0,Chinese,3
1,5,266,1,Russians,1
1,5,266,1,Italians,2
1,5,266,1,Germans,5
1,5,266,1,Chinese,2
1,5,267,0,Russians,3
1,5,267,0,Italians,4
1,5,267,0,Germans,2
1,5,267,0,Chinese,3
1,5,267,1,Russians,1
1,5,267,1,Italians,4
1,5,267,1,Germans,5
1,5,267,1,Chinese,3
1,5,268,0,Russians,3
1,5,268,0,Italians,3
1,5,268,0,Germans,2
1,5,268,0,Chinese,3
1,5,268,1,Russians,1
1,5,268,1,Italians,3
1,5,268,1,Germans,5
1,5,268,1,Chinese,3
1,5,269,0,Russians,3
1,5,269,0,Italians,3
1,5,269,0,Germans,2
1,5,269,0,Chinese,3
1,5,269,1,Russians,2
1,5,269,1,Italians,2
1,5,269,1,Germans,3
1,5,269,1,Chinese,3
1,5,270,0,Russians,3
1,5,270,0,Italians,4
1,5,270,0,Germans,2
1,5,270,0,Chinese,3
1,5,270,1,Russians,1
1,5,270,1,Italians,3
1,5,270,1,Germans,4
1,5,270,1,Chinese,3
1,5,271,0,Russians,3
1,5,271,0,Italians,4
1,5,271,0,Germans,2
1,5,271,0,Chinese,3
1,5,271,1,Russians,1
1,5,271,1,Italians,3
1,5,271,1,Germans,5
1,5,271,1,Chinese,3
1,5,272,0,Russians,3
1,5,272,0,Italians,3
1,5,272,0,Germans,2
1,5,272,0,Chinese,3
1,5,272,1,Russians,1
1,5,272,1,Italians,2
1,5,272,1,Germans,4
1,5,272,1,Chinese,3
1,5,273,0,Russians,3
1,5,273,0,Italians,3
1,5,273,0,Germans,2
1,5,273,0,Chinese,3
1,5,273,1,Russians,1
1,5,273,1,Italians,2
1,5,273,1,Germans,5
1,5,273,1,Chinese,3
1,5,274,0,Russians,3
1,5,274,0,Italians,3
1,5,274,0,Germans,2
1,5,274,0,Chinese,3
1,5,274,1,Russians,1
1,5,274,1,Italians,3
1,5,274,1,Germans,5
1,5,274,1,Chinese,3
1,5,275,0,Russians,3
1,5,275,0,Italians,4
1,5,275,0,Germans,2
1,5,275,0,Chinese,3
1,5,275,1,Russians,1
1,5,275,1,Italians,2
1,5,275,1,Germans,5
1,5,275,1,Chinese,3
1,5,276,0,Russians,3
1,5,276,0,Italians,3
1,5,276,0,Germans,2
1,5,276,0,Chinese,3
1,5,276,1,Russians,1
1,5,276,1,Italians,2
1,5,276,1,Germans,5
1,5,276,1,Chinese,2
1,5,277,0,Russians,3
1,5,277,0,Italians,3
1,5,277,0,Germans,2
1,5,277,0,Chinese,3
1,5,277,1,Russians,1
1,5,277,1,Italians,2
1,5,277,1,Germans,4
1,5,277,1,Chinese,3
1,5,278,0,Russians,3
1,5,278,0,Italians,3
1,5,278,0,Germans,2
1,5,278,0,Chinese,3
1,5,278,1,Russians,2
1,5,278,1,Italians,2
1,5,278,1,Germans,3
1,5,278,1,Chinese,3
1,5,279,0,Russians,3
1,5,279,0,Italians,3
1,5,279,0,Germans,2
1,5,279,0,Chinese,3
1,5,279,1,Russians,1
1,5,279,1,Italians,3
1,5,279,1,Germans,5
1,5,279,1,Chinese,2
1,5,280,0,Russians,3
1,5,280,0,Italians,3
1,5,280,0,Germans,2
1,5,280,0,Chinese,3
1,5,280,1,Russians,1
1,5,280,1,Italians,2
1,5,280,1,Germans,5
1,5,280,1,Chinese,3
1,5,281,0,Russians,3
1,5,281,0,Italians,3
1,5,281,0,Germans,2
1,5,281,0,Chinese,3
1,5,281,1,Russians,1
1,5,281,1,Italians,3
1,5,281,1,Germans,5
1,5,281,1,Chinese,3
1,5,282,0,Russians,3
1,5,282,0,Italians,3
1,5,282,0,Germans,2
1,5,282,0,Chinese,3
1,5,282,1,Russians,1
1,5,282,1,Italians,2
1,5,282,1,Germans,5
1,5,282,1,Chinese,3
1,5,283,0,Russians,3
1,5,283,0,Italians,3
1,5,283,0,Germans,2
1,5,283,0,Chinese,3
1,5,283,1,Russians,1
1,5,283,1,Italians,3
1,5,283,1,Germans,4
1,5,283,1,Chinese,3
1,5,284,0,Russians,3
1,5,284,0,Italians,4
1,5,284,0,Germans,2
1,5,284,0,Chinese,3
1,5,284,1,Russians,1
1,5,284,1,Italians,3
1,5,284,1,Germans,5
1,5,284,1,Chinese,3
1,5,285,0,Russians,3
1,5,285,0,Italians,3
1,5,285,0,Germans,2
1,5,285,0,Chinese,3
1,5,285,1,Russians,1
1,5,285,1,Italians,3
1,5,285,1,Germans,4
1,5,285,1,Chinese,3
1,5,286,0,Russians,3
1,5,286,0,Italians,3
1,5,286,0,Germans,2
1,5,286,0,Chinese,3
1,5,286,1,Russians,1
1,5,286,1,Italians,2
1,5,286,1,Germans,4
1,5,286,1,Chinese,2
1,5,287,0,Russians,3
1,5,287,0,Italians,3
1,5,287,0,Germans,2
1,5,287,0,Chinese,3
1,5,287,1,Russians,1
1,5,287,1,Italians,3
1,5,287,1,Germans,5
1,5,287,1,Chinese,3
1,5,288,0,Russians,3
1,5,288,0,Italians,4
1,5,288,0,Germans,2
1,5,288,0,Chinese,3
1,5,288,1,Russians,2
1,5,288,1,Italians,2
1,5,288,1,Germans,3
1,5,288,1,Chinese,3
1,5,289,0,Russians,3
1,5,289,0,Italians,4
1,5,289,0,Germans,2
1,5,289,0,Chinese,3
1,5,289,1,Russians,1
1,5,289,1,Italians,4
1,5,289,1,Germans,4
1,5,289,1,Chinese,2
1,5,290,0,Russians,3
1,5,290,0,Italians,4
1,5,290,0,Germans,2
1,5,290,0,Chinese,3
1,5,290,1,Russians,1
1,5,290,1,Italians,3
1,5,290,1,Germans,5
1,5,290,1,Chinese,2
1,5,291,0,Russians,3
1,5,291,0,Italians,4
1,5,291,0,Germans,2
1,5,291,0,Chinese,3
1,5,291,1,Russians,1
1,5,291,1,Italians,2
1,5,291,1,Germans,4
1,5,291,1,Chinese,2
1,5,292,0,Russians,3
1,5,292,0,Italians,4
1,5,292,0,Germans,2
1,5,292,0,Chinese,3
1,5,292,1,Russians,1
1,5,292,1,Italians,2
1,5,292,1,Germans,5
1,5,292,1,Chinese,3
1,5,293,0,Russians,3
1,5,293,0,Italians,3
1,5,293,0,Germans,2
1,5,293,0,Chinese,3
1,5,293,1,Russians,1
1,5,293,1,Italians,2
1,5,293,1,Germans,4
1,5,293,1,Chinese,3
1,5,294,0,Russians,3
1,5,294,0,Italians,3
1,5,294,0,Germans,2
1,5,294,0,Chinese,3
1,5,294,1,Russians,1
1,5,294,1,Italians,2
1,5,294,1,Germans,5
1,5,294,1,Chinese,3
1,5,295,0,Russians,3
1,5,295,0,Italians,4
1,5,295,0,Germans,2
1,5,295,0,Chinese,3
1,5,295,1,Russians,1
1,5,295,1,Italians,2
1,5,295,1,Germans,5
1,5,295,1,Chinese,3
1,6,1,0,Russians,1
1,6,1,0,Italians,2
1,6,1,0,Germans,2
1,6,1,0,Chinese,1
1,6,1,1,Russians,5
1,6,1,1,Italians,2
1,6,1,1,Germans,2
1,6,1,1,Chinese,3
1,6,2,0,Russians,1
1,6,2,0,Italians,2
1,6,2,0,Germans,2
1,6,2,0,Chinese,1
1,6,2,1,Russians,3
1,6,2,1,Italians,5
1,6,2,1,Germans,2
1,6,2,1,Chinese,2
1,6,3,0,Russians,1
1,6,3,0,Italians,2
1,6,3,0,Germans,2
1,6,3,0,Chinese,1
1,6,3,1,Russians,3
1,6,3,1,Italians,5
1,6,3,1,Germans,2
1,6,3,1,Chinese,3
1,6,4,0,Russians,1
1,6,4,0,Italians,2
1,6,4,0,Germans,2
1,6,4,0,Chinese,1
1,6,4,1,Russians,3
1,6,4,1,Italians,3
1,6,4,1,Germans,2
1,6,4,1,Chinese,2
1,6,5,0,Russians,0
1,6,5,0,Italians,2
1,6,5,0,Germans,2
1,6,5,0,Chinese,2
1,6,5,1,Russians,3
1,6,5,1,Italians,2
1,6,5,1,Germans,2
1,6,5,1,Chinese,4
1,6,6,0,Russians,1
1,6,6,0,Italians,2
1,6,6,0,Germans,2
1,6,6,0,Chinese,1
1,6,6,1,Russians,5
1,6,6,1,Italians,3
1,6,6,1,Germans,3
1,6,6,1,Chinese,3
1,6,7,0,Russians,1
1,6,7,0,Italians,2
1,6,7,0,Germans,2
1,6,7,0,Chinese,1
1,6,7,1,Russians,3
1,6,7,1,Italians,3
1,6,7,1,Germans,2
1,6,7,1,Chinese,2
1,6,8,0,Russians,1
1,6,8,0,Italians,2
1,6,8,0,Germans,2
1,6,8,0,Chinese,1
1,6,8,1,Russians,3
1,6,8,1,Italians,5
1,6,8,1,Germans,3
1,6,8,1,Chinese,3
1,6,9,0,Russians,1
1,6,9,0,Italians,2
1,6,9,0,Germans,2
1,6,9,0,Chinese,2
1,6,9,1,Russians,3
1,6,9,1,Italians,2
1,6,9,1,Germans,3
1,6,9,1,Chinese,4
1,6,10,0,Russians,1
1,6,10,0,Italians,2
1,6,10,0,Germans,2
1,6,10,0,Chinese,1
1,6,10,1,Russians,5
1,6,10,1,Italians,2
1,6,10,1,Germans,3
1,6,10,1,Chinese,3
1,6,11,0,Russians,1
1,6,11,0,Italians,2
1,6,11,0,Germans,2
1,6,11,0,Chinese,1
1,6,11,1,Russians,5
1,6,11,1,Italians,3
1,6,11,1,Germans,3
1,6,11,1,Chinese,3
1,6,12,0,Russians,1
1,6,12,0,Italians,2
1,6,12,0,Germans,2
1,6,12,0,Chinese,1
1,6,12,1,Russians,5
1,6,12,1,Italians,3
1,6,12,1,Germans,2
1,6,12,1,Chinese,3
1,6,13,0,Russians,1
1,6,13,0,Italians,2
1,6,13,0,Germans,2
1,6,13,0,Chinese,1
1,6,13,1,Russians,5
1,6,13,1,Italians,2
1,6,13,1,Germans,2
1,6,13,1,Chinese,3
1,6,14,0,Russians,1
1,6,14,0,Italians,2
1,6,14,0,Germans,2
1,6,14,0,Chinese,1
1,6,14,1,Russians,5
1,6,14,1,Italians,2
1,6,14,1,Germans,2
1,6,14,1,Chinese,3
1,6,15,0,Russians,1
1,6,15,0,Italians,2
1,6,15,0,Germans,2
1,6,15,0,Chinese,1
1,6,15,1,Russians,3
1,6,15,1,Italians,2
1,6,15,1,Germans,2
1,6,15,1,Chinese,2
1,6,16,0,Russians,1
1,6,16,0,Italians,2
1,6,16,0,Germans,2
1,6,16,0,Chinese,1
1,6,16,1,Russians,3
1,6,16,1,Italians,3
1,6,16,1,Germans,2
1,6,16,1,Chinese,2
1,6,17,0,Russians,1
1,6,17,0,Italians,2
1,6,17,0,Germans,2
1,6,17,0,Chinese,1
1,6,17,1,Russians,5
1,6,17,1,Italians,3
1,6,17,1,Germans,2
1,6,17,1,Chinese,3
1,6,18,0,Russians,1
1,6,18,0,Italians,2
1,6,18,0,Germans,2
1,6,18,0,Chinese,1
1,6,18,1,Russians,5
1,6,18,1,Italians,2
1,6,18,1,Germans,2
1,6,18,1,Chinese,3
1,6,19,0,Russians,1
1,6,19,0,Italians,2
1,6,19,0,Germans,2
1,6,19,0,Chinese,1
1,6,19,1,Russians,3
1,6,19,1,Italians,3
1,6,19,1,Germans,2
1,6,19,1,Chinese,2
1,6,20,0,Russians,1
1,6,20,0,Italians,2
1,6,20,0,Germans,2
1,6,20,0,Chinese,1
1,6,20,1,Russians,5
1,6,20,1,Italians,2
1,6,20,1,Germans,3
1,6,20,1,Chinese,3
1,6,21,0,Russians,1
1,6,21,0,Italians,2
1,6,21,0,Germans,2
1,6,21,0,Chinese,1
1,6,21,1,Russians,3
1,6,21,1,Italians,3
1,6,21,1,Germans,2
1,6,21,1,Chinese,2
1,6,22,0,Russians,1
1,6,22,0,Italians,2
1,6,22,0,Germans,2
1,6,22,0,Chinese,1
1,6,22,1,Russians,5
1,6,22,1,Italians,3
1,6,22,1,Germans,3
1,6,22,1,Chinese,3
1,6,23,0,Russians,1
1,6,23,0,Italians,2
1,6,23,0,Germans,2
1,6,23,0,Chinese,1
1,6,23,1,Russians,3
1,6,23,1,Italians,5
1,6,23,1,Germans,3
1,6,23,1,Chinese,2
1,6,24,0,Russians,1
1,6,24,0,Italians,2
1,6,24,0,Germans,2
1,6,24,0,Chinese,1
1,6,24,1,Russians,5
1,6,24,1,Italians,2
1,6,24,1,Germans,2
1,6,24,1,Chinese,3
1,6,25,0,Russians,1
1,6,25,0,Italians,2
1,6,25,0,Germans,2
1,6,25,0,Chinese,1
1,6,25,1,Russians,5
1,6,25,1,Italians,2
1,6,25,1,Germans,2
1,6,25,1,Chinese,3
1,6,26,0,Russians,1
1,6,26,0,Italians,2
1,6,26,0,Germans,2
1,6,26,0,Chinese,1
1,6,26,1,Russians,3
1,6,26,1,Italians,2
1,6,26,1,Germans,3
1,6,26,1,Chinese,2
1,6,27,0,Russians,1
1,6,27,0,Italians,2
1,6,27,0,Germans,2
1,6,27,0,Chinese,1
1,6,27,1,Russians,5
1,6,27,1,Italians,2
1,6,27,1,Germans,2
1,6,27,1,Chinese,3
1,6,28,0,Russians,1
1,6,28,0,Italians,2
1,6,28,0,Germans,2
1,6,28,0,Chinese,1
1,6,28,1,Russians,5
1,6,28,1,Italians,2
1,6,28,1,Germans,2
1,6,28,1,Chinese,3
1,6,29,0,Russians,1
1,6,29,0,Italians,2
1,6,29,0,Germans,2
1,6,29,0,Chinese,1
1,6,29,1,Russians,3
1,6,29,1,Italians,2
1,6,29,1,Germans,3
1,6,29,1,Chinese,2
1,6,30,0,Russians,1
1,6,30,0,Italians,2
1,6,30,0,Germans,2
1,6,30,0,Chinese,1
1,6,30,1,Russians,3
1,6,30,1,Italians,1
1,6,30,1,Germans,2
1,6,30,1,Chinese,2
1,6,31,0,Russians,1
1,6,31,0,Italians,2
1,6,31,0,Germans,2
1,6,31,0,Chinese,1
1,6,31,1,Russians,5
1,6,31,1,Italians,3
1,6,31,1,Germans,2
1,6,31,1,Chinese,3
1,6,32,0,Russians,1
1,6,32,0,Italians,2
1,6,32,0,Germans,2
1,6,32,0,Chinese,1
1,6,32,1,Russians,5
1,6,32,1,Italians,2
1,6,32,1,Germans,3
1,6,32,1,Chinese,3
1,6,33,0,Russians,1
1,6,33,0,Italians,2
1,6,33,0,Germans,2
1,6,33,0,Chinese,1
1,6,33,1,Russians,3
1,6,33,1,Italians,4
1,6,33,1,Germans,2
1,6,33,1,Chinese,3
1,6,34,0,Russians,1
1,6,34,0,Italians,2
1,6,34,0,Germans,2
1,6,34,0,Chinese,1
1,6,34,1,Russians,5
1,6,34,1,Italians,3
1,6,34,1,Germans,3
1,6,34,1,Chinese,3
1,6,35,0,Russians,1
1,6,35,0,Italians,2
1,6,35,0,Germans,2
1,6,35,0,Chinese,1
1,6,35,1,Russians,5
1,6,35,1,Italians,3
1,6,35,1,Germans,2
1,6,35,1,Chinese,3
1,6,36,0,Russians,1
1,6,36,0,Italians,2
1,6,36,0,Germans,2
1,6,36,0,Chinese,1
1,6,36,1,Russians,5
1,6,36,1,Italians,2
1,6,36,1,Germans,2
1,6,36,1,Chinese,3
1,6,37,0,Russians,1
1,6,37,0,Italians,2
1,6,37,0,Germans,2
1,6,37,0,Chinese,1
1,6,37,1,Russians,3
1,6,37,1,Italians,1
1,6,37,1,Germans,2
1,6,37,1,Chinese,2
1,6,38,0,Russians,1
1,6,38,0,Italians,2
1,6,38,0,Germans,2
1,6,38,0,Chinese,1
1,6,38,1,Russians,5
1,6,38,1,Italians,2
1,6,38,1,Germans,2
1,6,38,1,Chinese,2
1,6,39,0,Russians,1
1,6,39,0,Italians,2
1,6,39,0,Germans,2
1,6,39,0,Chinese,1
1,6,39,1,Russians,3
1,6,39,1,Italians,5
1,6,39,1,Germans,2
1,6,39,1,Chinese,3
1,6,40,0,Russians,1
1,6,40,0,Italians,2
1,6,40,0,Germans,2
1,6,40,0,Chinese,1
1,6,40,1,Russians,3
1,6,40,1,Italians,5
1,6,40,1,Germans,2
1,6,40,1,Chinese,2
1,6,41,0,Russians,1
1,6,41,0,Italians,2
1,6,41,0,Germans,2
1,6,41,0,Chinese,1
1,6,41,1,Russians,5
1,6,41,1,Italians,3
1,6,41,1,Germans,3
1,6,41,1,Chinese,3
1,6,42,0,Russians,1
1,6,42,0,Italians,2
1,6,42,0,Germans,2
1,6,42,0,Chinese,1
1,6,42,1,Russians,5
1,6,42,1,Italians,2
1,6,42,1,Germans,2
1,6,42,1,Chinese,3
1,6,43,0,Russians,1
1,6,43,0,Italians,2
1,6,43,0,Germans,2
1,6,43,0,Chinese,1
1,6,43,1,Russians,3
1,6,43,1,Italians,3
1,6,43,1,Germans,2
1,6,43,1,Chinese,2
1,6,44,0,Russians,1
1,6,44,0,Italians,2
1,6,44,0,Germans,2
1,6,44,0,Chinese,4
1,6,44,1,Russians,3
1,6,44,1,Italians,2
1,6,44,1,Germans,2
1,6,44,1,Chinese,2
1,6,45,0,Russians,1
1,6,45,0,Italians,2
1,6,45,0,Germans,2
1,6,45,0,Chinese,1
1,6,45,1,Russians,5
1,6,45,1,Italians,2
1,6,45,1,Germans,2
1,6,45,1,Chinese,3
1,6,46,0,Russians,1
1,6,46,0,Italians,2
1,6,46,0,Germans,2
1,6,46,0,Chinese,1
1,6,46,1,Russians,5
1,6,46,1,Italians,2
1,6,46,1,Germans,2
1,6,46,1,Chinese,2
1,6,47,0,Russians,1
1,6,47,0,Italians,2
1,6,47,0,Germans,2
1,6,47,0,Chinese,1
1,6,47,1,Russians,3
1,6,47,1,Italians,2
1,6,47,1,Germans,3
1,6,47,1,Chinese,2
1,6,48,0,Russians,1
1,6,48,0,Italians,2
1,6,48,0,Germans,2
1,6,48,0,Chinese,1
1,6,48,1,Russians,5
1,6,48,1,Italians,2
1,6,48,1,Germans,3
1,6,48,1,Chinese,3
1,6,49,0,Russians,1
1,6,49,0,Italians,2
1,6,49,0,Germans,2
1,6,49,0,Chinese,1
1,6,49,1,Russians,5
1,6,49,1,Italians,3
1,6,49,1,Germans,2
1,6,49,1,Chinese,3
1,6,50,0,Russians,1
1,6,50,0,Italians,2
1,6,50,0,Germans,2
1,6,50,0,Chinese,1
1,6,50,1,Russians,3
1,6,50,1,Italians,5
1,6,50,1,Germans,2
1,6,50,1,Chinese,3
1,6,51,0,Russians,1
1,6,51,0,Italians,2
1,6,51,0,Germans,2
1,6,51,0,Chinese,1
1,6,51,1,Russians,5
1,6,51,1,Italians,3
1,6,51,1,Germans,2
1,6,51,1,Chinese,3
1,6,52,0,Russians,1
1,6,52,0,Italians,2
1,6,52,0,Germans,2
1,6,52,0,Chinese,1
1,6,52,1,Russians,3
1,6,52,1,Italians,5
1,6,52,1,Germans,2
1,6,52,1,Chinese,2
1,6,53,0,Russians,1
1,6,53,0,Italians,2
1,6,53,0,Germans,2
1,6,53,0,Chinese,1
1,6,53,1,Russians,3
1,6,53,1,Italians,5
1,6,53,1,Germans,2
1,6,53,1,Chinese,3
1,6,54,0,Russians,1
1,6,54,0,Italians,2
1,6,54,0,Germans,2
1,6,54,0,Chinese,1
1,6,54,1,Russians,3
1,6,54,1,Italians,3
1,6,54,1,Germans,2
1,6,54,1,Chinese,2
1,6,55,0,Russians,1
1,6,55,0,Italians,2
1,6,55,0,Germans,2
1,6,55,0,Chinese,1
1,6,55,1,Russians,5
1,6,55,1,Italians,3
1,6,55,1,Germans,2
1,6,55,1,Chinese,3
1,6,56,0,Russians,1
1,6,56,0,Italians,2
1,6,56,0,Germans,2
1,6,56,0,Chinese,1
1,6,56,1,Russians,3
1,6,56,1,Italians,4
1,6,56,1,Germans,2
1,6,56,1,Chinese,3
1,6,57,0,Russians,1
1,6,57,0,Italians,2
1,6,57,0,Germans,2
1,6,57,0,Chinese,1
1,6,57,1,Russians,3
1,6,57,1,Italians,3
1,6,57,1,Germans,2
1,6,57,1,Chinese,2
1,6,58,0,Russians,1
1,6,58,0,Italians,2
1,6,58,0,Germans,2
1,6,58,0,Chinese,1
1,6,58,1,Russians,5
1,6,58,1,Italians,2
1,6,58,1,Germans,3
1,6,58,1,Chinese,3
1,6,59,0,Russians,1
1,6,59,0,Italians,2
1,6,59,0,Germans,2
1,6,59,0,Chinese,1
1,6,59,1,Russians,5
1,6,59,1,Italians,2
1,6,59,1,Germans,2
1,6,59,1,Chinese,3
1,6,60,0,Russians,1
1,6,60,0,Italians,2
1,6,60,0,Germans,2
1,6,60,0,Chinese,1
1,6,60,1,Russians,5
1,6,60,1,Italians,2
1,6,60,1,Germans,2
1,6,60,1,Chinese,3
1,6,61,0,Russians,1
1,6,61,0,Italians,2
1,6,61,0,Germans,2
1,6,61,0,Chinese,1
1,6,61,1,Russians,5
1,6,61,1,Italians,3
1,6,61,1,Germans,2
1,6,61,1,Chinese,3
1,6,62,0,Russians,1
1,6,62,0,Italians,2
1,6,62,0,Germans,2
1,6,62,0,Chinese,1
1,6,62,1,Russians,5
1,6,62,1,Italians,2
1,6,62,1,Germans,3
1,6,62,1,Chinese,2
1,6,63,0,Russians,1
1,6,63,0,Italians,2
1,6,63,0,Germans,2
1,6,63,0,Chinese,1
1,6,63,1,Russians,3
1,6,63,1,Italians,3
1,6,63,1,Germans,2
1,6,63,1,Chinese,2
1,6,64,0,Russians,1
1,6,64,0,Italians,2
1,6,64,0,Germans,2
1,6,64,0,Chinese,1
1,6,64,1,Russians,3
1,6,64,1,Italians,4
1,6,64,1,Germans,2
1,6,64,1,Chinese,3
1,6,65,0,Russians,1
1,6,65,0,Italians,2
1,6,65,0,Germans,2
1,6,65,0,Chinese,1
1,6,65,1,Russians,5
1,6,65,1,Italians,2
1,6,65,1,Germans,2
1,6,65,1,Chinese,3
1,6,66,0,Russians,1
1,6,66,0,Italians,2
1,6,66,0,Germans,2
1,6,66,0,Chinese,1
1,6,66,1,Russians,3
1,6,66,1,Italians,4
1,6,66,1,Germans,2
1,6,66,1,Chinese,2
1,6,67,0,Russians,1
1,6,67,0,Italians,2
1,6,67,0,Germans,2
1,6,67,0,Chinese,1
1,6,67,1,Russians,3
1,6,67,1,Italians,4
1,6,67,1,Germans,2
1,6,67,1,Chinese,3
1,6,68,0,Russians,1
1,6,68,0,Italians,2
1,6,68,0,Germans,2
1,6,68,0,Chinese,1
1,6,68,1,Russians,5
1,6,68,1,Italians,2
1,6,68,1,Germans,2
1,6,68,1,Chinese,3
1,6,69,0,Russians,1
1,6,69,0,Italians,2
1,6,69,0,Germans,2
1,6,69,0,Chinese,1
1,6,69,1,Russians,3
1,6,69,1,Italians,4
1,6,69,1,Germans,2
1,6,69,1,Chinese,2
1,6,70,0,Russians,1
1,6,70,0,Italians,2
1,6,70,0,Germans,2
1,6,70,0,Chinese,1
1,6,70,1,Russians,5
1,6,70,1,Italians,3
1,6,70,1,Germans,3
1,6,70,1,Chinese,3
1,6,71,0,Russians,1
1,6,71,0,Italians,2
1,6,71,0,Germans,2
1,6,71,0,Chinese,1
1,6,71,1,Russians,3
1,6,71,1,Italians,3
1,6,71,1,Germans,2
1,6,71,1,Chinese,2
1,6,72,0,Russians,1
1,6,72,0,Italians,2
1,6,72,0,Germans,2
1,6,72,0,Chinese,1
1,6,72,1,Russians,5
1,6,72,1,Italians,2
1,6,72,1,Germans,3
1,6,72,1,Chinese,2
1,6,73,0,Russians,1
1,6,73,0,Italians,2
1,6,73,0,Germans,2
1,6,73,0,Chinese,1
1,6,73,1,Russians,5
1,6,73,1,Italians,3
1,6,73,1,Germans,2
1,6,73,1,Chinese,3
1,6,74,0,Russians,1
1,6,74,0,Italians,2
1,6,74,0,Germans,2
1,6,74,0,Chinese,1
1,6,74,1,Russians,5
1,6,74,1,Italians,2
1,6,74,1,Germans,2
1,6,74,1,Chinese,3
1,6,75,0,Russians,1
1,6,75,0,Italians,2
1,6,75,0,Germans,2
1,6,75,0,Chinese,1
1,6,75,1,Russians,5
1,6,75,1,Italians,2
1,6,75,1,Germans,2
1,6,75,1,Chinese,3
1,6,76,0,Russians,1
1,6,76,0,Italians,2
1,6,76,0,Germans,2
1,6,76,0,Chinese,1
1,6,76,1,Russians,3
1,6,76,1,Italians,4
1,6,76,1,Germans,2
1,6,76,1,Chinese,3
1,6,77,0,Russians,1
1,6,77,0,Italians,2
1,6,77,0,Germans,2
1,6,77,0,Chinese,1
1,6,77,1,Russians,5
1,6,77,1,Italians,2
1,6,77,1,Germans,2
1,6,77,1,Chinese,3
1,6,78,0,Russians,1
1,6,78,0,Italians,2
1,6,78,0,Germans,2
1,6,78,0,Chinese,1
1,6,78,1,Russians,5
1,6,78,1,Italians,2
1,6,78,1,Germans,2
1,6,78,1,Chinese,3
1,6,79,0,Russians,1
1,6,79,0,Italians,2
1,6,79,0,Germans,2
1,6,79,0,Chinese,1
1,6,79,1,Russians,3
1,6,79,1,Italians,5
1,6,79,1,Germans,2
1,6,79,1,Chinese,2
1,6,80,0,Russians,1
1,6,80,0,Italians,2
1,6,80,0,Germans,2
1,6,80,0,Chinese,1
1,6,80,1,Russians,5
1,6,80,1,Italians,3
1,6,80,1,Germans,2
1,6,80,1,Chinese,3
1,6,81,0,Russians,1
1,6,81,0,Italians,2
1,6,81,0,Germans,2
1,6,81,0,Chinese,1
1,6,81,1,Russians,3
1,6,81,1,Italians,1
1,6,81,1,Germans,2
1,6,81,1,Chinese,2
1,6,82,0,Russians,1
1,6,82,0,Italians,2
1,6,82,0,Germans,2
1,6,82,0,Chinese,1
1,6,82,1,Russians,5
1,6,82,1,Italians,2
1,6,82,1,Germans,2
1,6,82,1,Chinese,2
1,6,83,0,Russians,1
1,6,83,0,Italians,2
1,6,83,0,Germans,2
1,6,83,0,Chinese,1
1,6,83,1,Russians,3
1,6,83,1,Italians,4
1,6,83,1,Germans,2
1,6,83,1,Chinese,3
1,6,84,0,Russians,1
1,6,84,0,Italians,2
1,6,84,0,Germans,2
1,6,84,0,Chinese,1
1,6,84,1,Russians,3
1,6,84,1,Italians,4
1,6,84,1,Germans,3
1,6,84,1,Chinese,3
1,6,85,0,Russians,1
1,6,85,0,Italians,2
1,6,85,0,Germans,2
1,6,85,0,Chinese,1
1,6,85,1,Russians,5
1,6,85,1,Italians,3
1,6,85,1,Germans,3
1,6,85,1,Chinese,3
1,6,86,0,Russians,1
1,6,86,0,Italians,2
1,6,86,0,Germans,2
1,6,86,0,Chinese,1
1,6,86,1,Russians,5
1,6,86,1,Italians,3
1,6,86,1,Germans,2
1,6,86,1,Chinese,3
1,6,87,0,Russians,1
1,6,87,0,Italians,2
1,6,87,0,Germans,2
1,6,87,0,Chinese,1
1,6,87,1,Russians,3
1,6,87,1,Italians,4
1,6,87,1,Germans,2
1,6,87,1,Chinese,3
1,6,88,0,Russians,1
1,6,88,0,Italians,2
1,6,88,0,Germans,2
1,6,88,0,Chinese,1
1,6,88,1,Russians,5
1,6,88,1,Italians,2
1,6,88,1,Germans,3
1,6,88,1,Chinese,2
1,6,89,0,Russians,1
1,6,89,0,Italians,2
1,6,89,0,Germans,2
1,6,89,0,Chinese,1
1,6,89,1,Russians,5
1,6,89,1,Italians,3
1,6,89,1,Germans,3
1,6,89,1,Chinese,3
1,6,90,0,Russians,1
1,6,90,0,Italians,2
1,6,90,0,Germans,2
1,6,90,0,Chinese,1
1,6,90,1,Russians,3
1,6,90,1,Italians,2
1,6,90,1,Germans,3
1,6,90,1,Chinese,2
1,6,91,0,Russians,1
1,6,91,0,Italians,2
1,6,91,0,Germans,2
1,6,91,0,Chinese,1
1,6,91,1,Russians,5
1,6,91,1,Italians,2
1,6,91,1,Germans,2
1,6,91,1,Chinese,3
1,6,92,0,Russians,1
1,6,92,0,Italians,2
1,6,92,0,Germans,2
1,6,92,0,Chinese,1
1,6,92,1,Russians,3
1,6,92,1,Italians,4
1,6,92,1,Germans,3
1,6,92,1,Chinese,2
1,6,93,0,Russians,1
1,6,93,0,Italians,2
1,6,93,0,Germans,2
1,6,93,0,Chinese,1
1,6,93,1,Russians,5
1,6,93,1,Italians,3
1,6,93,1,Germans,2
1,6,93,1,Chinese,3
1,6,94,0,Russians,1
1,6,94,0,Italians,2
1,6,94,0,Germans,2
1,6,94,0,Chinese,1
1,6,94,1,Russians,3
1,6,94,1,Italians,1
1,6,94,1,Germans,2
1,6,94,1,Chinese,2
1,6,95,0,Russians,1
1,6,95,0,Italians,2
1,6,95,0,Germans,2
1,6,95,0,Chinese,1
1,6,95,1,Russians,5
1,6,95,1,Italians,3
1,6,95,1,Germans,3
1,6,95,1,Chinese,3
1,6,96,0,Russians,1
1,6,96,0,Italians,2
1,6,96,0,Germans,2
1,6,96,0,Chinese,1
1,6,96,1,Russians,5
1,6,96,1,Italians,3
1,6,96,1,Germans,2
1,6,96,1,Chinese,3
1,6,97,0,Russians,1
1,6,97,0,Italians,2
1,6,97,0,Germans,2
1,6,97,0,Chinese,1
1,6,97,1,Russians,3
1,6,97,1,Italians,4
1,6,97,1,Germans,3
1,6,97,1,Chinese,3
1,6,98,0,Russians,1
1,6,98,0,Italians,2
1,6,98,0,Germans,2
1,6,98,0,Chinese,1
1,6,98,1,Russians,5
1,6,98,1,Italians,2
1,6,98,1,Germans,2
1,6,98,1,Chinese,3
1,6,99,0,Russians,1
1,6,99,0,Italians,2
1,6,99,0,Germans,2
1,6,99,0,Chinese,1
1,6,99,1,Russians,5
1,6,99,1,Italians,2
1,6,99,1,Germans,2
1,6,99,1,Chinese,3
1,6,100,0,Russians,1
1,6,100,0,Italians,2
1,6,100,0,Germans,2
1,6,100,0,Chinese,1
1,6,100,1,Russians,3
1,6,100,1,Italians,2
1,6,100,1,Germans,2
1,6,100,1,Chinese,2
1,6,101,0,Russians,1
1,6,101,0,Italians,2
1,6,101,0,Germans,2
1,6,101,0,Chinese,1
1,6,101,1,Russians,5
1,6,101,1,Italians,2
1,6,101,1,Germans,2
1,6,101,1,Chinese,2
1,6,102,0,Russians,1
1,6,102,0,Italians,2
1,6,102,0,Germans,2
1,6,102,0,Chinese,1
1,6,102,1,Russians,5
1,6,102,1,Italians,2
1,6,102,1,Germans,3
1,6,102,1,Chinese,3
1,6,103,0,Russians,1
1,6,103,0,Italians,2
1,6,103,0,Germans,2
1,6,103,0,Chinese,1
1,6,103,1,Russians,5
1,6,103,1,Italians,2
1,6,103,1,Germans,2
1,6,103,1,Chinese,3
1,6,104,0,Russians,1
1,6,104,0,Italians,2
1,6,104,0,Germans,2
1,6,104,0,Chinese,1
1,6,104,1,Russians,3
1,6,104,1,Italians,3
1,6,104,1,Germans,2
1,6,104,1,Chinese,2
1,6,105,0,Russians,1
1,6,105,0,Italians,2
1,6,105,0,Germans,2
1,6,105,0,Chinese,1
1,6,105,1,Russians,5
1,6,105,1,Italians,2
1,6,105,1,Germans,2
1,6,105,1,Chinese,3
1,6,106,0,Russians,1
1,6,106,0,Italians,2
1,6,106,0,Germans,2
1,6,106,0,Chinese,1
1,6,106,1,Russians,3
1,6,106,1,Italians,4
1,6,106,1,Germans,2
1,6,106,1,Chinese,2
1,6,107,0,Russians,1
1,6,107,0,Italians,2
1,6,107,0,Germans,2
1,6,107,0,Chinese,1
1,6,107,1,Russians,3
1,6,107,1,Italians,4
1,6,107,1,Germans,3
1,6,107,1,Chinese,3
1,6,108,0,Russians,1
1,6,108,0,Italians,2
1,6,108,0,Germans,2
1,6,108,0,Chinese,1
1,6,108,1,Russians,5
1,6,108,1,Italians,2
1,6,108,1,Germans,3
1,6,108,1,Chinese,3
1,6,109,0,Russians,1
1,6,109,0,Italians,2
1,6,109,0,Germans,2
1,6,109,0,Chinese,1
1,6,109,1,Russians,5
1,6,109,1,Italians,2
1,6,109,1,Germans,2
1,6,109,1,Chinese,2
1,6,110,0,Russians,1
1,6,110,0,Italians,2
1,6,110,0,Germans,2
1,6,110,0,Chinese,1
1,6,110,1,Russians,3
1,6,110,1,Italians,4
1,6,110,1,Germans,3
1,6,110,1,Chinese,2
1,6,111,0,Russians,1
1,6,111,0,Italians,2
1,6,111,0,Germans,2
1,6,111,0,Chinese,1
1,6,111,1,Russians,5
1,6,111,1,Italians,3
1,6,111,1,Germans,2
1,6,111,1,Chinese,3
1,6,112,0,Russians,1
1,6,112,0,Italians,2
1,6,112,0,Germans,2
1,6,112,0,Chinese,1
1,6,112,1,Russians,3
1,6,112,1,Italians,5
1,6,112,1,Germans,2
1,6,112,1,Chinese,3
1,6,113,0,Russians,1
1,6,113,0,Italians,2
1,6,113,0,Germans,2
1,6,113,0,Chinese,1
1,6,113,1,Russians,3
1,6,113,1,Italians,4
1,6,113,1,Germans,3
1,6,113,1,Chinese,2
1,6,114,0,Russians,1
1,6,114,0,Italians,2
1,6,114,0,Germans,2
1,6,114,0,Chinese,1
1,6,114,1,Russians,5
1,6,114,1,Italians,2
1,6,114,1,Germans,2
1,6,114,1,Chinese,3
1,6,115,0,Russians,1
1,6,115,0,Italians,2
1,6,115,0,Germans,2
1,6,115,0,Chinese,1
1,6,115,1,Russians,5
1,6,115,1,Italians,2
1,6,115,1,Germans,2
1,6,115,1,Chinese,2
1,6,116,0,Russians,1
1,6,116,0,Italians,2
1,6,116,0,Germans,2
1,6,116,0,Chinese,1
1,6,116,1,Russians,5
1,6,116,1,Italians,2
1,6,116,1,Germans,3
1,6,116,1,Chinese,3
1,6,117,0,Russians,1
1,6,117,0,Italians,2
1,6,117,0,Germans,2
1,6,117,0,Chinese,4
1,6,117,1,Russians,3
1,6,117,1,Italians,2
1,6,117,1,Germans,2
1,6,117,1,Chinese,2
1,6,118,0,Russians,1
1,6,118,0,Italians,2
1,6,118,0,Germans,2
1,6,118,0,Chinese,1
1,6,118,1,Russians,5
1,6,118,1,Italians,2
1,6,118,1,Germans,3
1,6,118,1,Chinese,3
1,6,119,0,Russians,1
1,6,119,0,Italians,2
1,6,119,0,Germans,2
1,6,119,0,Chinese,1
1,6,119,1,Russians,5
1,6,119,1,Italians,3
1,6,119,1,Germans,2
1,6,119,1,Chinese,3
1,6,120,0,Russians,1
1,6,120,0,Italians,2
1,6,120,0,Germans,2
1,6,120,0,Chinese,1
1,6,120,1,Russians,3
1,6,120,1,Italians,4
1,6,120,1,Germans,2
1,6,120,1,Chinese,2
1,6,121,0,Russians,1
1,6,121,0,Italians,2
1,6,121,0,Germans,2
1,6,121,0,Chinese,1
1,6,121,1,Russians,5
1,6,121,1,Italians,3
1,6,121,1,Germans,2
1,6,121,1,Chinese,3
1,6,122,0,Russians,1
1,6,122,0,Italians,2
1,6,122,0,Germans,2
1,6,122,0,Chinese,1
1,6,122,1,Russians,3
1,6,122,1,Italians,3
1,6,122,1,Germans,3
1,6,122,1,Chinese,2
1,6,123,0,Russians,1
1,6,123,0,Italians,2
1,6,123,0,Germans,2
1,6,123,0,Chinese,1
1,6,123,1,Russians,3
1,6,123,1,Italians,5
1,6,123,1,Germans,2
1,6,123,1,Chinese,2
1,6,124,0,Russians,1
1,6,124,0,Italians,2
1,6,124,0,Germans,2
1,6,124,0,Chinese,1
1,6,124,1,Russians,5
1,6,124,1,Italians,2
1,6,124,1,Germans,2
1,6,124,1,Chinese,3
1,6,125,0,Russians,1
1,6,125,0,Italians,2
1,6,125,0,Germans,2
1,6,125,0,Chinese,1
1,6,125,1,Russians,5
1,6,125,1,Italians,3
1,6,125,1,Germans,2
1,6,125,1,Chinese,3
1,6,126,0,Russians,1
1,6,126,0,Italians,2
1,6,126,0,Germans,2
1,6,126,0,Chinese,1
1,6,126,1,Russians,3
1,6,126,1,Italians,2
1,6,126,1,Germans,2
1,6,126,1,Chinese,2
1,6,127,0,Russians,1
1,6,127,0,Italians,2
1,6,127,0,Germans,2
1,6,127,0,Chinese,1
1,6,127,1,Russians,3
1,6,127,1,Italians,3
1,6,127,1,Germans,2
1,6,127,1,Chinese,2
1,6,128,0,Russians,1
1,6,128,0,Italians,2
1,6,128,0,Germans,2
1,6,128,0,Chinese,1
1,6,128,1,Russians,5
1,6,128,1,Italians,2
1,6,128,1,Germans,2
1,6,128,1,Chinese,3
1,6,129,0,Russians,1
1,6,129,0,Italians,2
1,6,129,0,Germans,2
1,6,129,0,Chinese,1
1,6,129,1,Russians,5
1,6,129,1,Italians,2
1,6,129,1,Germans,2
1,6,129,1,Chinese,2
1,6,130,0,Russians,1
1,6,130,0,Italians,2
1,6,130,0,Germans,2
1,6,130,0,Chinese,1
1,6,130,1,Russians,3
1,6,130,1,Italians,4
1,6,130,1,Germans,2
1,6,130,1,Chinese,3
1,6,131,0,Russians,1
1,6,131,0,Italians,2
1,6,131,0,Germans,2
1,6,131,0,Chinese,1
1,6,131,1,Russians,5
1,6,131,1,Italians,2
1,6,131,1,Germans,2
1,6,131,1,Chinese,2
1,6,132,0,Russians,1
1,6,132,0,Italians,2
1,6,132,0,Germans,2
1,6,132,0,Chinese,1
1,6,132,1,Russians,3
1,6,132,1,Italians,4
1,6,132,1,Germans,2
1,6,132,1,Chinese,2
1,6,133,0,Russians,1
1,6,133,0,Italians,2
1,6,133,0,Germans,2
1,6,133,0,Chinese,1
1,6,133,1,Russians,5
1,6,133,1,Italians,2
1,6,133,1,Germans,2
1,6,133,1,Chinese,3
1,6,134,0,Russians,1
1,6,134,0,Italians,2
1,6,134,0,Germans,2
1,6,134,0,Chinese,1
1,6,134,1,Russians,5
1,6,134,1,Italians,2
1,6,134,1,Germans,2
1,6,134,1,Chinese,3
1,6,135,0,Russians,1
1,6,135,0,Italians,2
1,6,135,0,Germans,2
1,6,135,0,Chinese,1
1,6,135,1,Russians,3
1,6,135,1,Italians,5
1,6,135,1,Germans,3
1,6,135,1,Chinese,2
1,6,136,0,Russians,1
1,6,136,0,Italians,2
1,6,136,0,Germans,2
1,6,136,0,Chinese,1
1,6,136,1,Russians,5
1,6,136,1,Italians,2
1,6,136,1,Germans,3
1,6,136,1,Chinese,3
1,6,137,0,Russians,1
1,6,137,0,Italians,2
1,6,137,0,Germans,2
1,6,137,0,Chinese,1
1,6,137,1,Russians,5
1,6,137,1,Italians,2
1,6,137,1,Germans,2
1,6,137,1,Chinese,2
1,6,138,0,Russians,1
1,6,138,0,Italians,2
1,6,138,0,Germans,2
1,6,138,0,Chinese,1
1,6,138,1,Russians,5
1,6,138,1,Italians,2
1,6,138,1,Germans,3
1,6,138,1,Chinese,2
1,6,139,0,Russians,1
1,6,139,0,Italians,2
1,6,139,0,Germans,2
1,6,139,0,Chinese,1
1,6,139,1,Russians,3
1,6,139,1,Italians,5
1,6,139,1,Germans,2
1,6,139,1,Chinese,3
1,6,140,0,Russians,1
1,6,140,0,Italians,2
1,6,140,0,Germans,2
1,6,140,0,Chinese,1
1,6,140,1,Russians,3
1,6,140,1,Italians,3
1,6,140,1,Germans,2
1,6,140,1,Chinese,2
1,6,141,0,Russians,1
1,6,141,0,Italians,2
1,6,141,0,Germans,2
1,6,141,0,Chinese,1
1,6,141,1,Russians,5
1,6,141,1,Italians,2
1,6,141,1,Germans,2
1,6,141,1,Chinese,3
1,6,142,0,Russians,1
1,6,142,0,Italians,2
1,6,142,0,Germans,2
1,6,142,0,Chinese,1
1,6,142,1,Russians,3
1,6,142,1,Italians,5
1,6,142,1,Germans,2
1,6,142,1,Chinese,3
1,6,143,0,Russians,1
1,6,143,0,Italians,2
1,6,143,0,Germans,2
1,6,143,0,Chinese,1
1,6,143,1,Russians,3
1,6,143,1,Italians,2
1,6,143,1,Germans,2
1,6,143,1,Chinese,2
1,6,144,0,Russians,1
1,6,144,0,Italians,2
1,6,144,0,Germans,2
1,6,144,0,Chinese,1
1,6,144,1,Russians,5
1,6,144,1,Italians,2
1,6,144,1,Germans,3
1,6,144,1,Chinese,3
1,6,145,0,Russians,1
1,6,145,0,Italians,2
1,6,145,0,Germans,2
1,6,145,0,Chinese,1
1,6,145,1,Russians,5
1,6,145,1,Italians,2
1,6,145,1,Germans,2
1,6,145,1,Chinese,3
1,6,146,0,Russians,1
1,6,146,0,Italians,2
1,6,146,0,Germans,2
1,6,146,0,Chinese,1
1,6,146,1,Russians,3
1,6,146,1,Italians,4
1,6,146,1,Germans,2
1,6,146,1,Chinese,2
1,6,147,0,Russians,1
1,6,147,0,Italians,2
1,6,147,0,Germans,2
1,6,147,0,Chinese,1
1,6,147,1,Russians,5
1,6,147,1,Italians,3
1,6,147,1,Germans,2
1,6,147,1,Chinese,3
1,6,148,0,Russians,1
1,6,148,0,Italians,2
1,6,148,0,Germans,2
1,6,148,0,Chinese,1
1,6,148,1,Russians,5
1,6,148,1,Italians,3
1,6,148,1,Germans,2
1,6,148,1,Chinese,3
1,6,149,0,Russians,1
1,6,149,0,Italians,2
1,6,149,0,Germans,2
1,6,149,0,Chinese,1
1,6,149,1,Russians,3
1,6,149,1,Italians,2
1,6,149,1,Germans,2
1,6,149,1,Chinese,2
1,6,150,0,Russians,1
1,6,150,0,Italians,2
1,6,150,0,Germans,2
1,6,150,0,Chinese,1
1,6,150,1,Russians,5
1,6,150,1,Italians,2
1,6,150,1,Germans,2
1,6,150,1,Chinese,3
1,6,151,0,Russians,1
1,6,151,0,Italians,2
1,6,151,0,Germans,2
1,6,151,0,Chinese,1
1,6,151,1,Russians,5
1,6,151,1,Italians,2
1,6,151,1,Germans,2
1,6,151,1,Chinese,2
1,6,152,0,Russians,1
1,6,152,0,Italians,2
1,6,152,0,Germans,2
1,6,152,0,Chinese,1
1,6,152,1,Russians,3
1,6,152,1,Italians,5
1,6,152,1,Germans,3
1,6,152,1,Chinese,2
1,6,153,0,Russians,1
1,6,153,0,Italians,2
1,6,153,0,Germans,2
1,6,153,0,Chinese,1
1,6,153,1,Russians,3
1,6,153,1,Italians,3
1,6,153,1,Germans,2
1,6,153,1,Chinese,2
1,6,154,0,Russians,1
1,6,154,0,Italians,2
1,6,154,0,Germans,2
1,6,154,0,Chinese,1
1,6,154,1,Russians,5
1,6,154,1,Italians,2
1,6,154,1,Germans,3
1,6,154,1,Chinese,3
1,6,155,0,Russians,1
1,6,155,0,Italians,2
1,6,155,0,Germans,2
1,6,155,0,Chinese,1
1,6,155,1,Russians,5
1,6,155,1,Italians,2
1,6,155,1,Germans,3
1,6,155,1,Chinese,3
1,6,156,0,Russians,1
1,6,156,0,Italians,2
1,6,156,0,Germans,2
1,6,156,0,Chinese,1
1,6,156,1,Russians,3
1,6,156,1,Italians,2
1,6,156,1,Germans,2
1,6,156,1,Chinese,2
1,6,157,0,Russians,1
1,6,157,0,Italians,2
1,6,157,0,Germans,2
1,6,157,0,Chinese,1
1,6,157,1,Russians,5
1,6,157,1,Italians,2
1,6,157,1,Germans,2
1,6,157,1,Chinese,3
1,6,158,0,Russians,1
1,6,158,0,Italians,2
1,6,158,0,Germans,2
1,6,158,0,Chinese,1
1,6,158,1,Russians,5
1,6,158,1,Italians,2
1,6,158,1,Germans,2
1,6,158,1,Chinese,2
1,6,159,0,Russians,1
1,6,159,0,Italians,2
1,6,159,0,Germans,2
1,6,159,0,Chinese,1
1,6,159,1,Russians,3
1,6,159,1,Italians,4
1,6,159,1,Germans,3
1,6,159,1,Chinese,2
1,6,160,0,Russians,1
1,6,160,0,Italians,2
1,6,160,0,Germans,2
1,6,160,0,Chinese,1
1,6,160,1,Russians,5
1,6,160,1,Italians,2
1,6,160,1,Germans,2
1,6,160,1,Chinese,2
1,6,161,0,Russians,1
1,6,161,0,Italians,2
1,6,161,0,Germans,2
1,6,161,0,Chinese,1
1,6,161,1,Russians,5
1,6,161,1,Italians,3
1,6,161,1,Germans,2
1,6,161,1,Chinese,3
1,6,162,0,Russians,1
1,6,162,0,Italians,2
1,6,162,0,Germans,2
1,6,162,0,Chinese,1
1,6,162,1,Russians,5
1,6,162,1,Italians,2
1,6,162,1,Germans,2
1,6,162,1,Chinese,3
1,6,163,0,Russians,1
1,6,163,0,Italians,2
1,6,163,0,Germans,2
1,6,163,0,Chinese,1
1,6,163,1,Russians,5
1,6,163,1,Italians,2
1,6,163,1,Germans,2
1,6,163,1,Chinese,3
1,6,164,0,Russians,1
1,6,164,0,Italians,2
1,6,164,0,Germans,2
1,6,164,0,Chinese,1
1,6,164,1,Russians,5
1,6,164,1,Italians,2
1,6,164,1,Germans,3
1,6,164,1,Chinese,3
1,6,165,0,Russians,1
1,6,165,0,Italians,2
1,6,165,0,Germans,2
1,6,165,0,Chinese,1
1,6,165,1,Russians,5
1,6,165,1,Italians,3
1,6,165,1,Germans,3
1,6,165,1,Chinese,3
1,6,166,0,Russians,1
1,6,166,0,Italians,2
1,6,166,0,Germans,2
1,6,166,0,Chinese,1
1,6,166,1,Russians,3
1,6,166,1,Italians,1
1,6,166,1,Germans,2
1,6,166,1,Chinese,2
1,6,167,0,Russians,1
1,6,167,0,Italians,2
1,6,167,0,Germans,2
1,6,167,0,Chinese,1
1,6,167,1,Russians,5
1,6,167,1,Italians,2
1,6,167,1,Germans,2
1,6,167,1,Chinese,3
1,6,168,0,Russians,1
1,6,168,0,Italians,2
1,6,168,0,Germans,2
1,6,168,0,Chinese,1
1,6,168,1,Russians,3
1,6,168,1,Italians,5
1,6,168,1,Germans,3
1,6,168,1,Chinese,3
1,6,169,0,Russians,1
1,6,169,0,Italians,2
1,6,169,0,Germans,2
1,6,169,0,Chinese,1
1,6,169,1,Russians,3
1,6,169,1,Italians,4
1,6,169,1,Germans,2
1,6,169,1,Chinese,2
1,6,170,0,Russians,1
1,6,170,0,Italians,2
1,6,170,0,Germans,2
1,6,170,0,Chinese,1
1,6,170,1,Russians,5
1,6,170,1,Italians,3
1,6,170,1,Germans,3
1,6,170,1,Chinese,3
1,6,171,0,Russians,1
1,6,171,0,Italians,2
1,6,171,0,Germans,2
1,6,171,0,Chinese,1
1,6,171,1,Russians,5
1,6,171,1,Italians,2
1,6,171,1,Germans,2
1,6,171,1,Chinese,2
1,6,172,0,Russians,1
1,6,172,0,Italians,2
1,6,172,0,Germans,2
1,6,172,0,Chinese,1
1,6,172,1,Russians,3
1,6,172,1,Italians,3
1,6,172,1,Germans,2
1,6,172,1,Chinese,2
1,6,173,0,Russians,1
1,6,173,0,Italians,2
1,6,173,0,Germans,2
1,6,173,0,Chinese,1
1,6,173,1,Russians,5
1,6,173,1,Italians,2
1,6,173,1,Germans,2
1,6,173,1,Chinese,3
1,6,174,0,Russians,1
1,6,174,0,Italians,2
1,6,174,0,Germans,2
1,6,174,0,Chinese,1
1,6,174,1,Russians,5
1,6,174,1,Italians,3
1,6,174,1,Germans,2
1,6,174,1,Chinese,3
1,6,175,0,Russians,1
1,6,175,0,Italians,2
1,6,175,0,Germans,2
1,6,175,0,Chinese,1
1,6,175,1,Russians,5
1,6,175,1,Italians,2
1,6,175,1,Germans,3
1,6,175,1,Chinese,3
1,6,176,0,Russians,1
1,6,176,0,Italians,2
1,6,176,0,Germans,2
1,6,176,0,Chinese,1
1,6,176,1,Russians,5
1,6,176,1,Italians,2
1,6,176,1,Germans,3
1,6,176,1,Chinese,3
1,6,177,0,Russians,1
1,6,177,0,Italians,2
1,6,177,0,Germans,2
1,6,177,0,Chinese,1
1,6,177,1,Russians,3
1,6,177,1,Italians,4
1,6,177,1,Germans,2
1,6,177,1,Chinese,3
1,6,178,0,Russians,1
1,6,178,0,Italians,2
1,6,178,0,Germans,2
1,6,178,0,Chinese,1
1,6,178,1,Russians,3
1,6,178,1,Italians,4
1,6,178,1,Germans,2
1,6,178,1,Chinese,3
1,6,179,0,Russians,1
1,6,179,0,Italians,2
1,6,179,0,Germans,2
1,6,179,0,Chinese,1
1,6,179,1,Russians,5
1,6,179,1,Italians,3
1,6,179,1,Germans,2
1,6,179,1,Chinese,3
1,6,180,0,Russians,1
1,6,180,0,Italians,2
1,6,180,0,Germans,2
1,6,180,0,Chinese,1
1,6,180,1,Russians,3
1,6,180,1,Italians,5
1,6,180,1,Germans,2
1,6,180,1,Chinese,3
1,6,181,0,Russians,1
1,6,181,0,Italians,2
1,6,181,0,Germans,2
1,6,181,0,Chinese,1
1,6,181,1,Russians,5
1,6,181,1,Italians,2
1,6,181,1,Germans,2
1,6,181,1,Chinese,2
1,6,182,0,Russians,1
1,6,182,0,Italians,2
1,6,182,0,Germans,2
1,6,182,0,Chinese,1
1,6,182,1,Russians,3
1,6,182,1,Italians,3
1,6,182,1,Germans,2
1,6,182,1,Chinese,2
1,6,183,0,Russians,1
1,6,183,0,Italians,2
1,6,183,0,Germans,2
1,6,183,0,Chinese,1
1,6,183,1,Russians,5
1,6,183,1,Italians,2
1,6,183,1,Germans,3
1,6,183,1,Chinese,3
1,6,184,0,Russians,1
1,6,184,0,Italians,2
1,6,184,0,Germans,2
1,6,184,0,Chinese,1
1,6,184,1,Russians,5
1,6,184,1,Italians,2
1,6,184,1,Germans,3
1,6,184,1,Chinese,3
1,6,185,0,Russians,1
1,6,185,0,Italians,2
1,6,185,0,Germans,2
1,6,185,0,Chinese,1
1,6,185,1,Russians,5
1,6,185,1,Italians,3
1,6,185,1,Germans,2
1,6,185,1,Chinese,3
1,6,186,0,Russians,1
1,6,186,0,Italians,2
1,6,186,0,Germans,2
1,6,186,0,Chinese,1
1,6,186,1,Russians,5
1,6,186,1,Italians,2
1,6,186,1,Germans,2
1,6,186,1,Chinese,3
1,6,187,0,Russians,1
1,6,187,0,Italians,2
1,6,187,0,Germans,2
1,6,187,0,Chinese,1
1,6,187,1,Russians,3
1,6,187,1,Italians,4
1,6,187,1,Germans,2
1,6,187,1,Chinese,3
1,6,188,0,Russians,1
1,6,188,0,Italians,2
1,6,188,0,Germans,2
1,6,188,0,Chinese,1
1,6,188,1,Russians,3
1,6,188,1,Italians,2
1,6,188,1,Germans,2
1,6,188,1,Chinese,2
1,6,189,0,Russians,1
1,6,189,0,Italians,2
1,6,189,0,Germans,2
1,6,189,0,Chinese,1
1,6,189,1,Russians,5
1,6,189,1,Italians,2
1,6,189,1,Germans,2
1,6,189,1,Chinese,2
1,6,190,0,Russians,1
1,6,190,0,Italians,2
1,6,190,0,Germans,2
1,6,190,0,Chinese,1
1,6,190,1,Russians,3
1,6,190,1,Italians,5
1,6,190,1,Germans,2
1,6,190,1,Chinese,2
1,6,191,0,Russians,1
1,6,191,0,Italians,2
1,6,191,0,Germans,2
1,6,191,0,Chinese,1
1,6,191,1,Russians,3
1,6,191,1,Italians,2
1,6,191,1,Germans,2
1,6,191,1,Chinese,2
1,6,192,0,Russians,1
1,6,192,0,Italians,2
1,6,192,0,Germans,2
1,6,192,0,Chinese,1
1,6,192,1,Russians,5
1,6,192,1,Italians,3
1,6,192,1,Germans,2
1,6,192,1,Chinese,3
1,6,193,0,Russians,1
1,6,193,0,Italians,2
1,6,193,0,Germans,2
1,6,193,0,Chinese,1
1,6,193,1,Russians,3
1,6,193,1,Italians,5
1,6,193,1,Germans,2
1,6,193,1,Chinese,2
1,6,194,0,Russians,1
1,6,194,0,Italians,2
1,6,194,0,Germans,2
1,6,194,0,Chinese,1
1,6,194,1,Russians,3
1,6,194,1,Italians,5
1,6,194,1,Germans,2
1,6,194,1,Chinese,3
1,6,195,0,Russians,1
1,6,195,0,Italians,2
1,6,195,0,Germans,2
1,6,195,0,Chinese,1
1,6,195,1,Russians,5
1,6,195,1,Italians,3
1,6,195,1,Germans,2
1,6,195,1,Chinese,3
1,6,196,0,Russians,1
1,6,196,0,Italians,2
1,6,196,0,Germans,2
1,6,196,0,Chinese,1
1,6,196,1,Russians,3
1,6,196,1,Italians,3
1,6,196,1,Germans,2
1,6,196,1,Chinese,2
1,6,197,0,Russians,1
1,6,197,0,Italians,2
1,6,197,0,Germans,2
1,6,197,0,Chinese,1
1,6,197,1,Russians,3
1,6,197,1,Italians,4
1,6,197,1,Germans,3
1,6,197,1,Chinese,3
1,6,198,0,Russians,1
1,6,198,0,Italians,2
1,6,198,0,Germans,2
1,6,198,0,Chinese,1
1,6,198,1,Russians,5
1,6,198,1,Italians,2
1,6,198,1,Germans,2
1,6,198,1,Chinese,2
1,6,199,0,Russians,1
1,6,199,0,Italians,2
1,6,199,0,Germans,2
1,6,199,0,Chinese,1
1,6,199,1,Russians,5
1,6,199,1,Italians,2
1,6,199,1,Germans,3
1,6,199,1,Chinese,3
1,6,200,0,Russians,1
1,6,200,0,Italians,2
1,6,200,0,Germans,2
1,6,200,0,Chinese,1
1,6,200,1,Russians,3
1,6,200,1,Italians,4
1,6,200,1,Germans,3
1,6,200,1,Chinese,3
1,6,201,0,Russians,1
1,6,201,0,Italians,2
1,6,201,0,Germans,2
1,6,201,0,Chinese,1
1,6,201,1,Russians,5
1,6,201,1,Italians,2
1,6,201,1,Germans,2
1,6,201,1,Chinese,3
1,6,202,0,Russians,1
1,6,202,0,Italians,2
1,6,202,0,Germans,2
1,6,202,0,Chinese,1
1,6,202,1,Russians,5
1,6,202,1,Italians,2
1,6,202,1,Germans,2
1,6,202,1,Chinese,3
1,6,203,0,Russians,1
1,6,203,0,Italians,2
1,6,203,0,Germans,2
1,6,203,0,Chinese,1
1,6,203,1,Russians,3
1,6,203,1,Italians,3
1,6,203,1,Germans,2
1,6,203,1,Chinese,2
1,6,204,0,Russians,1
1,6,204,0,Italians,2
1,6,204,0,Germans,2
1,6,204,0,Chinese,1
1,6,204,1,Russians,5
1,6,204,1,Italians,2
1,6,204,1,Germans,2
1,6,204,1,Chinese,3
1,6,205,0,Russians,1
1,6,205,0,Italians,2
1,6,205,0,Germans,2
1,6,205,0,Chinese,1
1,6,205,1,Russians,5
1,6,205,1,Italians,3
1,6,205,1,Germans,3
1,6,205,1,Chinese,3
1,6,206,0,Russians,1
1,6,206,0,Italians,2
1,6,206,0,Germans,2
1,6,206,0,Chinese,1
1,6,206,1,Russians,3
1,6,206,1,Italians,4
1,6,206,1,Germans,3
1,6,206,1,Chinese,3
1,6,207,0,Russians,1
1,6,207,0,Italians,2
1,6,207,0,Germans,2
1,6,207,0,Chinese,1
1,6,207,1,Russians,5
1,6,207,1,Italians,2
1,6,207,1,Germans,3
1,6,207,1,Chinese,2
1,6,208,0,Russians,1
1,6,208,0,Italians,2
1,6,208,0,Germans,2
1,6,208,0,Chinese,1
1,6,208,1,Russians,5
1,6,208,1,Italians,3
1,6,208,1,Germans,2
1,6,208,1,Chinese,3
1,6,209,0,Russians,1
1,6,209,0,Italians,2
1,6,209,0,Germans,2
1,6,209,0,Chinese,1
1,6,209,1,Russians,5
1,6,209,1,Italians,3
1,6,209,1,Germans,2
1,6,209,1,Chinese,3
1,6,210,0,Russians,1
1,6,210,0,Italians,2
1,6,210,0,Germans,2
1,6,210,0,Chinese,1
1,6,210,1,Russians,3
1,6,210,1,Italians,2
1,6,210,1,Germans,2
1,6,210,1,Chinese,2
1,6,211,0,Russians,1
1,6,211,0,Italians,2
1,6,211,0,Germans,2
1,6,211,0,Chinese,2
1,6,211,1,Russians,3
1,6,211,1,Italians,2
1,6,211,1,Germans,2
1,6,211,1,Chinese,4
1,6,212,0,Russians,1
1,6,212,0,Italians,2
1,6,212,0,Germans,2
1,6,212,0,Chinese,1
1,6,212,1,Russians,5
1,6,212,1,Italians,2
1,6,212,1,Germans,3
1,6,212,1,Chinese,3
1,6,213,0,Russians,1
1,6,213,0,Italians,2
1,6,213,0,Germans,2
1,6,213,0,Chinese,1
1,6,213,1,Russians,3
1,6,213,1,Italians,4
1,6,213,1,Germans,2
1,6,213,1,Chinese,2
1,6,214,0,Russians,1
1,6,214,0,Italians,2
1,6,214,0,Germans,2
1,6,214,0,Chinese,1
1,6,214,1,Russians,5
1,6,214,1,Italians,2
1,6,214,1,Germans,2
1,6,214,1,Chinese,3
1,6,215,0,Russians,1
1,6,215,0,Italians,2
1,6,215,0,Germans,2
1,6,215,0,Chinese,1
1,6,215,1,Russians,5
1,6,215,1,Italians,3
1,6,215,1,Germans,3
1,6,215,1,Chinese,3
1,6,216,0,Russians,1
1,6,216,0,Italians,2
1,6,216,0,Germans,2
1,6,216,0,Chinese,1
1,6,216,1,Russians,3
1,6,216,1,Italians,5
1,6,216,1,Germans,2
1,6,216,1,Chinese,3
1,6,217,0,Russians,1
1,6,217,0,Italians,2
1,6,217,0,Germans,2
1,6,217,0,Chinese,1
1,6,217,1,Russians,3
1,6,217,1,Italians,4
1,6,217,1,Germans,2
1,6,217,1,Chinese,3
1,6,218,0,Russians,1
1,6,218,0,Italians,2
1,6,218,0,Germans,2
1,6,218,0,Chinese,1
1,6,218,1,Russians,5
1,6,218,1,Italians,2
1,6,218,1,Germans,3
1,6,218,1,Chinese,3
1,6,219,0,Russians,1
1,6,219,0,Italians,2
1,6,219,0,Germans,2
1,6,219,0,Chinese,1
1,6,219,1,Russians,3
1,6,219,1,Italians,4
1,6,219,1,Germans,2
1,6,219,1,Chinese,3
1,6,220,0,Russians,1
1,6,220,0,Italians,2
1,6,220,0,Germans,2
1,6,220,0,Chinese,1
1,6,220,1,Russians,3
1,6,220,1,Italians,5
1,6,220,1,Germans,2
1,6,220,1,Chinese,3
1,6,221,0,Russians,1
1,6,221,0,Italians,2
1,6,221,0,Germans,2
1,6,221,0,Chinese,1
1,6,221,1,Russians,5
1,6,221,1,Italians,2
1,6,221,1,Germans,3
1,6,221,1,Chinese,3
1,6,222,0,Russians,1
1,6,222,0,Italians,2
1,6,222,0,Germans,2
1,6,222,0,Chinese,1
1,6,222,1,Russians,5
1,6,222,1,Italians,2
1,6,222,1,Germans,3
1,6,222,1,Chinese,3
1,6,223,0,Russians,1
1,6,223,0,Italians,2
1,6,223,0,Germans,2
1,6,223,0,Chinese,1
1,6,223,1,Russians,3
1,6,223,1,Italians,3
1,6,223,1,Germans,2
1,6,223,1,Chinese,2
1,6,224,0,Russians,1
1,6,224,0,Italians,2
1,6,224,0,Germans,2
1,6,224,0,Chinese,1
1,6,224,1,Russians,5
1,6,224,1,Italians,2
1,6,224,1,Germans,3
1,6,224,1,Chinese,3
1,6,225,0,Russians,1
1,6,225,0,Italians,2
1,6,225,0,Germans,2
1,6,225,0,Chinese,1
1,6,225,1,Russians,5
1,6,225,1,Italians,2
1,6,225,1,Germans,2
1,6,225,1,Chinese,3
1,6,226,0,Russians,1
1,6,226,0,Italians,2
1,6,226,0,Germans,2
1,6,226,0,Chinese,1
1,6,226,1,Russians,3
1,6,226,1,Italians,5
1,6,226,1,Germans,2
1,6,226,1,Chinese,2
1,6,227,0,Russians,1
1,6,227,0,Italians,2
1,6,227,0,Germans,2
1,6,227,0,Chinese,1
1,6,227,1,Russians,3
1,6,227,1,Italians,3
1,6,227,1,Germans,2
1,6,227,1,Chinese,2
1,6,228,0,Russians,1
1,6,228,0,Italians,2
1,6,228,0,Germans,2
1,6,228,0,Chinese,1
1,6,228,1,Russians,5
1,6,228,1,Italians,2
1,6,228,1,Germans,2
1,6,228,1,Chinese,3
1,6,229,0,Russians,1
1,6,229,0,Italians,2
1,6,229,0,Germans,2
1,6,229,0,Chinese,1
1,6,229,1,Russians,3
1,6,229,1,Italians,5
1,6,229,1,Germans,3
1,6,229,1,Chinese,3
1,6,230,0,Russians,1
1,6,230,0,Italians,2
1,6,230,0,Germans,2
1,6,230,0,Chinese,1
1,6,230,1,Russians,3
1,6,230,1,Italians,4
1,6,230,1,Germans,2
1,6,230,1,Chinese,3
1,6,231,0,Russians,1
1,6,231,0,Italians,2
1,6,231,0,Germans,2
1,6,231,0,Chinese,1
1,6,231,1,Russians,5
1,6,231,1,Italians,2
1,6,231,1,Germans,3
1,6,231,1,Chinese,2
1,6,232,0,Russians,1
1,6,232,0,Italians,2
1,6,232,0,Germans,2
1,6,232,0,Chinese,1
1,6,232,1,Russians,5
1,6,232,1,Italians,2
1,6,232,1,Germans,2
1,6,232,1,Chinese,3
1,6,233,0,Russians,1
1,6,233,0,Italians,2
1,6,233,0,Germans,2
1,6,233,0,Chinese,1
1,6,233,1,Russians,5
1,6,233,1,Italians,2
1,6,233,1,Germans,2
1,6,233,1,Chinese,2
1,6,234,0,Russians,1
1,6,234,0,Italians,2
1,6,234,0,Germans,2
1,6,234,0,Chinese,1
1,6,234,1,Russians,5
1,6,234,1,Italians,2
1,6,234,1,Germans,2
1,6,234,1,Chinese,3
1,6,235,0,Russians,1
1,6,235,0,Italians,2
1,6,235,0,Germans,2
1,6,235,0,Chinese,1
1,6,235,1,Russians,3
1,6,235,1,Italians,5
1,6,235,1,Germans,2
1,6,235,1,Chinese,3
1,6,236,0,Russians,1
1,6,236,0,Italians,2
1,6,236,0,Germans,2
1,6,236,0,Chinese,1
1,6,236,1,Russians,5
1,6,236,1,Italians,3
1,6,236,1,Germans,2
1,6,236,1,Chinese,3
1,6,237,0,Russians,1
1,6,237,0,Italians,2
1,6,237,0,Germans,2
1,6,237,0,Chinese,1
1,6,237,1,Russians,5
1,6,237,1,Italians,2
1,6,237,1,Germans,2
1,6,237,1,Chinese,2
1,6,238,0,Russians,1
1,6,238,0,Italians,2
1,6,238,0,Germans,2
1,6,238,0,Chinese,1
1,6,238,1,Russians,3
1,6,238,1,Italians,4
1,6,238,1,Germans,2
1,6,238,1,Chinese,3
1,6,239,0,Russians,1
1,6,239,0,Italians,2
1,6,239,0,Germans,2
1,6,239,0,Chinese,1
1,6,239,1,Russians,3
1,6,239,1,Italians,4
1,6,239,1,Germans,3
1,6,239,1,Chinese,3
1,6,240,0,Russians,1
1,6,240,0,Italians,2
1,6,240,0,Germans,2
1,6,240,0,Chinese,1
1,6,240,1,Russians,5
1,6,240,1,Italians,2
1,6,240,1,Germans,2
1,6,240,1,Chinese,3
1,6,241,0,Russians,1
1,6,241,0,Italians,2
1,6,241,0,Germans,2
1,6,241,0,Chinese,1
1,6,241,1,Russians,3
1,6,241,1,Italians,5
1,6,241,1,Germans,2
1,6,241,1,Chinese,3
1,6,242,0,Russians,1
1,6,242,0,Italians,2
1,6,242,0,Germans,2
1,6,242,0,Chinese,1
1,6,242,1,Russians,5
1,6,242,1,Italians,2
1,6,242,1,Germans,2
1,6,242,1,Chinese,3
1,6,243,0,Russians,1
1,6,243,0,Italians,2
1,6,243,0,Germans,2
1,6,243,0,Chinese,1
1,6,243,1,Russians,3
1,6,243,1,Italians,1
1,6,243,1,Germans,2
1,6,243,1,Chinese,2
1,6,244,0,Russians,1
1,6,244,0,Italians,2
1,6,244,0,Germans,2
1,6,244,0,Chinese,1
1,6,244,1,Russians,5
1,6,244,1,Italians,2
1,6,244,1,Germans,3
1,6,244,1,Chinese,2
1,6,245,0,Russians,1
1,6,245,0,Italians,2
1,6,245,0,Germans,2
1,6,245,0,Chinese,1
1,6,245,1,Russians,5
1,6,245,1,Italians,3
1,6,245,1,Germans,3
1,6,245,1,Chinese,3
1,6,246,0,Russians,1
1,6,246,0,Italians,2
1,6,246,0,Germans,2
1,6,246,0,Chinese,1
1,6,246,1,Russians,3
1,6,246,1,Italians,5
1,6,246,1,Germans,2
1,6,246,1,Chinese,3
1,6,247,0,Russians,1
1,6,247,0,Italians,2
1,6,247,0,Germans,2
1,6,247,0,Chinese,1
1,6,247,1,Russians,5
1,6,247,1,Italians,3
1,6,247,1,Germans,2
1,6,247,1,Chinese,3
1,6,248,0,Russians,1
1,6,248,0,Italians,2
1,6,248,0,Germans,2
1,6,248,0,Chinese,1
1,6,248,1,Russians,5
1,6,248,1,Italians,2
1,6,248,1,Germans,2
1,6,248,1,Chinese,2
1,6,249,0,Russians,1
1,6,249,0,Italians,2
1,6,249,0,Germans,2
1,6,249,0,Chinese,1
1,6,249,1,Russians,3
1,6,249,1,Italians,5
1,6,249,1,Germans,2
1,6,249,1,Chinese,3
1,6,250,0,Russians,1
1,6,250,0,Italians,2
1,6,250,0,Germans,2
1,6,250,0,Chinese,1
1,6,250,1,Russians,5
1,6,250,1,Italians,2
1,6,250,1,Germans,2
1,6,250,1,Chinese,3
1,6,251,0,Russians,1
1,6,251,0,Italians,2
1,6,251,0,Germans,2
1,6,251,0,Chinese,1
1,6,251,1,Russians,3
1,6,251,1,Italians,4
1,6,251,1,Germans,2
1,6,251,1,Chinese,2
1,6,252,0,Russians,1
1,6,252,0,Italians,2
1,6,252,0,Germans,2
1,6,252,0,Chinese,1
1,6,252,1,Russians,5
1,6,252,1,Italians,2
1,6,252,1,Germans,2
1,6,252,1,Chinese,3
1,6,253,0,Russians,1
1,6,253,0,Italians,2
1,6,253,0,Germans,2
1,6,253,0,Chinese,1
1,6,253,1,Russians,5
1,6,253,1,Italians,2
1,6,253,1,Germans,2
1,6,253,1,Chinese,3
1,6,254,0,Russians,1
1,6,254,0,Italians,2
1,6,254,0,Germans,2
1,6,254,0,Chinese,1
1,6,254,1,Russians,3
1,6,254,1,Italians,4
1,6,254,1,Germans,2
1,6,254,1,Chinese,3
1,6,255,0,Russians,1
1,6,255,0,Italians,2
1,6,255,0,Germans,2
1,6,255,0,Chinese,1
1,6,255,1,Russians,3
1,6,255,1,Italians,4
1,6,255,1,Germans,2
1,6,255,1,Chinese,2
1,6,256,0,Russians,1
1,6,256,0,Italians,2
1,6,256,0,Germans,2
1,6,256,0,Chinese,1
1,6,256,1,Russians,5
1,6,256,1,Italians,3
1,6,256,1,Germans,3
1,6,256,1,Chinese,3
1,6,257,0,Russians,1
1,6,257,0,Italians,2
1,6,257,0,Germans,2
1,6,257,0,Chinese,1
1,6,257,1,Russians,5
1,6,257,1,Italians,2
1,6,257,1,Germans,3
1,6,257,1,Chinese,3
1,6,258,0,Russians,1
1,6,258,0,Italians,2
1,6,258,0,Germans,2
1,6,258,0,Chinese,1
1,6,258,1,Russians,5
1,6,258,1,Italians,2
1,6,258,1,Germans,2
1,6,258,1,Chinese,3
1,6,259,0,Russians,1
1,6,259,0,Italians,2
1,6,259,0,Germans,2
1,6,259,0,Chinese,1
1,6,259,1,Russians,5
1,6,259,1,Italians,2
1,6,259,1,Germans,2
1,6,259,1,Chinese,3
1,6,260,0,Russians,1
1,6,260,0,Italians,2
1,6,260,0,Germans,2
1,6,260,0,Chinese,1
1,6,260,1,Russians,3
1,6,260,1,Italians,5
1,6,260,1,Germans,2
1,6,260,1,Chinese,3
1,6,261,0,Russians,1
1,6,261,0,Italians,2
1,6,261,0,Germans,2
1,6,261,0,Chinese,1
1,6,261,1,Russians,5
1,6,261,1,Italians,2
1,6,261,1,Germans,2
1,6,261,1,Chinese,2
1,6,262,0,Russians,1
1,6,262,0,Italians,2
1,6,262,0,Germans,2
1,6,262,0,Chinese,2
1,6,262,1,Russians,3
1,6,262,1,Italians,2
1,6,262,1,Germans,3
1,6,262,1,Chinese,4
1,6,263,0,Russians,1
1,6,263,0,Italians,2
1,6,263,0,Germans,2
1,6,263,0,Chinese,1
1,6,263,1,Russians,5
1,6,263,1,Italians,2
1,6,263,1,Germans,2
1,6,263,1,Chinese,3
1,6,264,0,Russians,1
1,6,264,0,Italians,2
1,6,264,0,Germans,2
1,6,264,0,Chinese,1
1,6,264,1,Russians,5
1,6,264,1,Italians,2
1,6,264,1,Germans,2
1,6,264,1,Chinese,3
1,6,265,0,Russians,1
1,6,265,0,Italians,2
1,6,265,0,Germans,2
1,6,265,0,Chinese,1
1,6,265,1,Russians,3
1,6,265,1,Italians,5
1,6,265,1,Germans,2
1,6,265,1,Chinese,2
1,6,266,0,Russians,1
1,6,266,0,Italians,2
1,6,266,0,Germans,2
1,6,266,0,Chinese,1
1,6,266,1,Russians,5
1,6,266,1,Italians,2
1,6,266,1,Germans,2
1,6,266,1,Chinese,2
1,6,267,0,Russians,1
1,6,267,0,Italians,2
1,6,267,0,Germans,2
1,6,267,0,Chinese,1
1,6,267,1,Russians,5
1,6,267,1,Italians,2
1,6,267,1,Germans,3
1,6,267,1,Chinese,3
1,6,268,0,Russians,1
1,6,268,0,Italians,2
1,6,268,0,Germans,2
1,6,268,0,Chinese,1
1,6,268,1,Russians,3
1,6,268,1,Italians,2
1,6,268,1,Germans,2
1,6,268,1,Chinese,2
1,6,269,0,Russians,1
1,6,269,0,Italians,2
1,6,269,0,Germans,2
1,6,269,0,Chinese,1
1,6,269,1,Russians,5
1,6,269,1,Italians,2
1,6,269,1,Germans,3
1,6,269,1,Chinese,2
1,6,270,0,Russians,1
1,6,270,0,Italians,2
1,6,270,0,Germans,2
1,6,270,0,Chinese,1
1,6,270,1,Russians,3
1,6,270,1,Italians,5
1,6,270,1,Germans,2
1,6,270,1,Chinese,3
1,6,271,0,Russians,1
1,6,271,0,Italians,2
1,6,271,0,Germans,2
1,6,271,0,Chinese,1
1,6,271,1,Russians,3
1,6,271,1,Italians,2
1,6,271,1,Germans,2
1,6,271,1,Chinese,2
1,6,272,0,Russians,1
1,6,272,0,Italians,2
1,6,272,0,Germans,2
1,6,272,0,Chinese,1
1,6,272,1,Russians,5
1,6,272,1,Italians,2
1,6,272,1,Germans,2
1,6,272,1,Chinese,3
1,6,273,0,Russians,1
1,6,273,0,Italians,2
1,6,273,0,Germans,2
1,6,273,0,Chinese,1
1,6,273,1,Russians,3
1,6,273,1,Italians,4
1,6,273,1,Germans,2
1,6,273,1,Chinese,2
1,6,274,0,Russians,1
1,6,274,0,Italians,2
1,6,274,0,Germans,2
1,6,274,0,Chinese,1
1,6,274,1,Russians,3
1,6,274,1,Italians,4
1,6,274,1,Germans,2
1,6,274,1,Chinese,3
1,6,275,0,Russians,1
1,6,275,0,Italians,2
1,6,275,0,Germans,2
1,6,275,0,Chinese,1
1,6,275,1,Russians,5
1,6,275,1,Italians,3
1,6,275,1,Germans,2
1,6,275,1,Chinese,3
1,6,276,0,Russians,1
1,6,276,0,Italians,2
1,6,276,0,Germans,2
1,6,276,0,Chinese,1
1,6,276,1,Russians,5
1,6,276,1,Italians,2
1,6,276,1,Germans,2
1,6,276,1,Chinese,3
1,6,277,0,Russians,1
1,6,277,0,Italians,2
1,6,277,0,Germans,2
1,6,277,0,Chinese,1
1,6,277,1,Russians,5
1,6,277,1,Italians,2
1,6,277,1,Germans,3
1,6,277,1,Chinese,3
1,6,278,0,Russians,1
1,6,278,0,Italians,2
1,6,278,0,Germans,2
1,6,278,0,Chinese,1
1,6,278,1,Russians,3
1,6,278,1,Italians,1
1,6,278,1,Germans,2
1,6,278,1,Chinese,2
1,6,279,0,Russians,1
1,6,279,0,Italians,2
1,6,279,0,Germans,2
1,6,279,0,Chinese,1
1,6,279,1,Russians,5
1,6,279,1,Italians,3
1,6,279,1,Germans,2
1,6,279,1,Chinese,3
1,6,280,0,Russians,1
1,6,280,0,Italians,2
1,6,280,0,Germans,2
1,6,280,0,Chinese,1
1,6,280,1,Russians,5
1,6,280,1,Italians,2
1,6,280,1,Germans,2
1,6,280,1,Chinese,2
1,6,281,0,Russians,1
1,6,281,0,Italians,2
1,6,281,0,Germans,2
1,6,281,0,Chinese,1
1,6,281,1,Russians,3
1,6,281,1,Italians,5
1,6,281,1,Germans,2
1,6,281,1,Chinese,3
1,6,282,0,Russians,1
1,6,282,0,Italians,2
1,6,282,0,Germans,2
1,6,282,0,Chinese,1
1,6,282,1,Russians,5
1,6,282,1,Italians,2
1,6,282,1,Germans,3
1,6,282,1,Chinese,3
1,6,283,0,Russians,1
1,6,283,0,Italians,2
1,6,283,0,Germans,2
1,6,283,0,Chinese,1
1,6,283,1,Russians,3
1,6,283,1,Italians,4
1,6,283,1,Germans,3
1,6,283,1,Chinese,2
1,6,284,0,Russians,1
1,6,284,0,Italians,2
1,6,284,0,Germans,2
1,6,284,0,Chinese,1
1,6,284,1,Russians,3
1,6,284,1,Italians,2
1,6,284,1,Germans,3
1,6,284,1,Chinese,2
1,6,285,0,Russians,1
1,6,285,0,Italians,2
1,6,285,0,Germans,2
1,6,285,0,Chinese,1
1,6,285,1,Russians,5
1,6,285,1,Italians,3
1,6,285,1,Germans,2
1,6,285,1,Chinese,3
1,6,286,0,Russians,1
1,6,286,0,Italians,2
1,6,286,0,Germans,2
1,6,286,0,Chinese,1
1,6,286,1,Russians,5
1,6,286,1,Italians,3
1,6,286,1,Germans,3
1,6,286,1,Chinese,3
1,6,287,0,Russians,1
1,6,287,0,Italians,2
1,6,287,0,Germans,2
1,6,287,0,Chinese,1
1,6,287,1,Russians,5
1,6,287,1,Italians,2
1,6,287,1,Germans,2
1,6,287,1,Chinese,3
