game,round,num_iterations,max_depth,avg_depth,time_taken,num_children,value
928,1,790,2,2.0,1.0,3,0.033721579197462145
928,2,639,2,2.0,1.0,2,0.06748435054773125
928,3,591,2,2.0,1.0,2,0.06492945207268566
928,4,524,2,2.0,1.0,2,0.06081512069895103
928,5,515,2,2.0,1.0,1,0.2947061961092023
928,6,474,2,2.0,1.0,5,0.2988174961242377
928,7,486,2,2.0,1.0,2,0.30196195220561634
928,8,484,2,2.0,1.0,1,0.08461382710394638
928,9,473,2,2.0,1.0,1,0.07793368782862699
928,10,465,2,2.0,1.0,1,0.08231182795698955
928,11,465,2,2.0,1.0,1,0.3013899039409433
928,12,404,2,2.0,1.0,1,0.29182642219415994
928,13,432,2,2.0,1.0,7,0.3208299084002994
928,14,435,2,2.0,1.0,4,0.31522003443682495
928,15,367,2,2.0,1.0,1,0.3008386089989374
928,16,367,2,2.0,1.0,1,0.3064963515349729
928,17,432,2,2.0,1.0,1,0.29364526645816474
928,18,415,2,2.0,1.0,1,0.34601766756407787
928,19,433,2,2.0,1.0,2,0.11185215955223793
928,20,419,2,2.0,1.0,4,0.11800324299254117
928,21,380,2,2.0,1.0,4,0.3548066174957838
928,22,347,2,2.0,1.0,4,0.3614262060655943
928,23,403,2,2.0,1.0,2,0.3760028188412398
928,24,440,2,2.0,1.0,4,0.19155015037881515
928,25,463,2,2.0,1.0,4,0.4372245628967374
928,26,508,2,2.0,1.0,1,0.4246986201213833
928,27,460,2,2.0,1.0,2,0.21972936201582616
928,28,417,2,2.0,1.0,5,0.4313443083339902
928,29,423,2,2.0,1.0,4,0.4340752531750138
928,30,446,2,1.9820627802690582,1.0,3,0.4338481030739534
928,31,1174,2,0.01788756388415673,1.0,4,0.9949263802722306
929,1,803,2,2.0,1.0,3,0.033728738900097824
929,2,649,2,2.0,1.0,2,0.06479767458630462
929,3,611,2,2.0,1.0,1,0.06956433693842237
929,4,536,2,2.0,1.0,1,0.2803571428571439
929,5,527,2,2.0,1.0,1,0.30403436348015045
929,6,524,2,2.0,1.0,2,0.29779066636413365
929,7,513,2,2.0,1.0,1,0.3005111073443101
929,8,510,2,2.0,1.0,1,0.0656115779645195
929,9,491,2,2.0,1.0,1,0.06707367667702477
929,10,472,2,2.0,1.0,1,0.032943579974362716
929,11,518,2,2.0,1.0,1,0.042562250586078335
929,12,461,2,2.0,1.0,4,0.27558852415771545
929,13,376,2,2.0,1.0,1,0.27827327111108763
929,14,395,2,2.0,1.0,1,0.25784464259627565
929,15,393,2,2.0,1.0,6,0.25875727992024194
929,16,434,2,2.0,1.0,2,0.2764931592239669
929,17,443,2,2.0,1.0,2,0.2686177941135063
929,18,375,2,2.0,1.0,4,0.05353391783008672
929,19,372,2,2.0,1.0,3,0.01894390099498746
929,20,334,2,2.0,1.0,4,0.007840043852487677
929,21,389,2,2.0,1.0,4,0.00018986250974479906
929,22,363,2,2.0,1.0,4,0.23758613171642887
929,23,301,2,2.0,1.0,5,0.23883993912311918
929,24,329,2,2.0,1.0,3,0.2910530565904582
929,25,328,2,1.9481707317073171,1.0,1,-0.00545109259119714
930,1,791,2,2.0,1.0,3,0.03130422633915298
930,2,646,2,2.0,1.0,2,0.06743808049535648
930,3,602,2,2.0,1.0,2,0.0626640938043966
930,4,571,2,2.0,1.0,1,0.062452236904951434
930,5,538,2,2.0,1.0,1,0.07207249070631964
930,6,513,2,2.0,1.0,1,0.282156918366544
930,7,508,2,2.0,1.0,1,0.28776343286015016
930,8,473,2,2.0,1.0,3,0.2974682597283183
930,9,463,2,2.0,1.0,3,0.30531187561436396
930,10,429,2,2.0,1.0,1,0.3073661273264656
930,11,488,2,2.0,1.0,1,0.0756703417419767
930,12,486,2,2.0,1.0,1,0.08462839660301238
930,13,477,2,2.0,1.0,1,0.07360539811275596
930,14,477,2,2.0,1.0,1,0.3025490724472862
930,15,431,2,2.0,1.0,1,0.278814880857511
930,16,401,2,2.0,1.0,2,0.2967318355468719
930,17,424,2,2.0,1.0,6,0.299682451318853
930,18,423,2,2.0,1.0,4,0.326917004608354
930,19,437,2,2.0,1.0,1,0.2819721805790275
930,20,413,2,2.0,1.0,1,0.30640252141716257
930,21,390,2,2.0,1.0,6,0.3021211825661574
930,22,377,2,2.0,1.0,3,0.35180552030959306
930,23,444,2,2.0,1.0,3,0.41161234200693075
930,24,309,2,2.0,1.0,3,0.38358918802880787
930,25,309,2,2.0,1.0,7,0.392738508284653
930,26,443,2,2.0,1.0,2,0.4375703509774639
930,27,469,2,2.0,1.0,4,0.49855747326868116
930,28,1152,2,0.003472222222222222,1.0,14,0.9990216046782968
931,1,789,2,2.0,1.0,3,0.03402031419040085
931,2,648,2,2.0,1.0,2,0.06744191125087395
931,3,587,2,2.0,1.0,2,0.0626437161726127
931,4,537,2,2.0,1.0,1,0.28867345821009627
931,5,515,2,2.0,1.0,1,0.29642478067278705
931,6,470,2,2.0,1.0,1,0.3019662612435383
931,7,439,2,2.0,1.0,1,0.31126262801639343
931,8,435,2,2.0,1.0,2,0.34820186472196885
931,9,504,2,2.0,1.0,1,0.06520320748277694
931,10,486,2,2.0,1.0,1,0.028122830829490582
931,11,446,2,2.0,1.0,1,0.26331918958405826
931,12,425,2,2.0,1.0,1,0.28138319078104174
931,13,377,2,2.0,1.0,1,0.29550243194439557
931,14,399,2,2.0,1.0,2,0.12465642805177789
931,15,431,2,2.0,1.0,2,0.11152744648782262
931,16,410,2,2.0,1.0,2,0.05656034330859449
931,17,300,2,2.0,1.0,2,0.2533028838296801
931,18,323,2,2.0,1.0,2,0.2240928296966001
931,19,410,2,2.0,1.0,2,0.2512016445793617
931,20,423,2,2.0,1.0,1,-0.007317622903732918
931,21,365,2,2.0,1.0,2,-0.05798910925066888
932,1,783,2,2.0,1.0,3,0.03128302154054531
932,2,639,2,2.0,1.0,2,0.06478201494079845
932,3,591,2,2.0,1.0,1,0.06476119058606389
932,4,516,2,2.0,1.0,1,0.05945121951219457
932,5,526,2,2.0,1.0,2,0.300293797215635
932,6,520,2,2.0,1.0,1,0.29712037216336645
932,7,527,2,2.0,1.0,2,0.30196862894253806
932,8,499,2,2.0,1.0,1,0.311822303173335
932,9,489,2,2.0,1.0,2,0.3074395313900226
932,10,503,2,2.0,1.0,2,0.3255934330987537
932,11,484,2,2.0,1.0,1,0.08351073039068792
932,12,478,2,2.0,1.0,1,0.059039598671562624
932,13,454,2,2.0,1.0,4,0.30952304381804985
932,14,454,2,2.0,1.0,1,0.3184185204204217
932,15,424,2,2.0,1.0,2,0.3225892259899272
932,16,390,2,2.0,1.0,4,0.32093327375743136
932,17,358,2,2.0,1.0,1,0.3062551149405735
932,18,400,2,2.0,1.0,4,0.3162554751470054
932,19,346,2,2.0,1.0,1,0.3058204773809931
932,20,368,2,2.0,1.0,4,0.3216664953608307
932,21,372,2,2.0,1.0,3,0.3888156668243373
932,22,285,2,2.0,1.0,7,0.4142697501929438
932,23,404,2,2.0,1.0,8,0.49038469157674913
932,24,360,2,2.0,1.0,1,0.42211247138920205
932,25,1089,2,0.04224058769513315,1.0,6,0.9876656820851479
932,26,1202,2,0.0033277870216306157,1.0,10,0.9990332172030129
933,1,784,2,2.0,1.0,3,0.03113315412267492
933,2,645,2,2.0,1.0,2,0.06746519227846222
933,3,602,2,2.0,1.0,2,0.06275962683652464
933,4,537,2,2.0,1.0,1,0.2889062328842119
933,5,500,2,2.0,1.0,1,0.29656925482991703
933,6,486,2,2.0,1.0,3,0.3118419056686572
933,7,484,2,2.0,1.0,4,0.31594429819854164
933,8,502,2,2.0,1.0,1,0.291091250552473
933,9,464,2,2.0,1.0,1,0.07817689096217412
933,10,450,2,2.0,1.0,1,0.29283007059280597
933,11,345,2,2.0,1.0,4,0.3057869856767956
933,12,295,2,2.0,1.0,1,0.29086136702334764
933,13,357,2,2.0,1.0,2,0.30157920409376004
933,14,340,2,2.0,1.0,1,0.3489020949493963
933,15,357,2,2.0,1.0,2,0.28735097328795484
933,16,383,2,2.0,1.0,3,0.37265323570598646
933,17,370,2,2.0,1.0,3,0.06653459786647144
933,18,388,2,2.0,1.0,4,0.01791234261178441
933,19,335,2,2.0,1.0,3,0.24468242797865064
933,20,297,2,2.0,1.0,5,0.25289868383470354
933,21,247,2,2.0,1.0,4,0.2539722404936093
933,22,212,2,2.0,1.0,5,0.23652864571358528
933,23,281,2,2.0,1.0,3,0.33160804145819783
933,24,322,2,2.0,1.0,1,0.32504474099455016
933,25,349,2,2.0,1.0,10,0.292027790219312
933,26,343,2,2.0,1.0,1,0.15226217851126778
933,27,340,2,2.0,1.0,1,0.04953231600582563
933,28,455,2,2.0,1.0,2,0.07679012032603474
933,29,400,2,2.0,1.0,4,0.04597514695764399
933,30,387,2,2.0,1.0,4,0.04718570561732506
933,31,383,2,2.0,1.0,1,0.03399146880345003
933,32,388,2,2.0,1.0,5,0.24625292344784225
933,33,360,2,2.0,1.0,1,0.1523283238784556
933,34,366,2,1.994535519125683,1.0,2,-0.5013661202185792
934,1,779,2,2.0,1.0,3,0.03128864844967178
934,2,648,2,2.0,1.0,2,0.06479035639413061
934,3,597,2,2.0,1.0,1,0.06956407582177965
934,4,559,2,2.0,1.0,1,0.2845588235294095
934,5,511,2,2.0,1.0,5,0.2992737977974331
934,6,473,2,2.0,1.0,3,0.27690905707233554
934,7,515,2,2.0,1.0,1,0.06996853053066879
934,8,492,2,2.0,1.0,2,0.07404518812629976
934,9,501,2,2.0,1.0,2,0.2975777049504605
934,10,449,2,2.0,1.0,4,0.28738281487167683
934,11,433,2,2.0,1.0,4,0.28644484076625315
934,12,491,2,2.0,1.0,3,0.29262394944619224
934,13,415,2,2.0,1.0,4,0.28425791234212056
934,14,416,2,2.0,1.0,5,0.26862896667537756
934,15,427,2,2.0,1.0,1,0.04425921874786365
934,16,413,2,2.0,1.0,6,0.04328952304761544
934,17,428,2,2.0,1.0,4,0.02047880970025846
934,18,406,2,2.0,1.0,2,0.03368952844771626
934,19,369,2,2.0,1.0,4,0.2478371259409903
934,20,315,2,2.0,1.0,4,0.2548125313306731
934,21,434,2,2.0,1.0,2,0.2300487866832057
934,22,420,2,2.0,1.0,2,0.22468336091389715
934,23,362,2,2.0,1.0,1,-0.024526991710554447
934,24,423,2,2.0,1.0,2,-0.4978604207640503
935,1,776,2,2.0,1.0,3,0.03131867671118846
935,2,628,2,2.0,1.0,2,0.06478067539959202
935,3,594,2,2.0,1.0,1,0.06956401826684866
935,4,533,2,2.0,1.0,1,0.28035714285714386
935,5,522,2,2.0,1.0,1,0.2994230075207047
935,6,498,2,2.0,1.0,3,0.3091738540898263
935,7,485,2,2.0,1.0,1,0.3118958093389958
935,8,480,2,2.0,1.0,2,0.3093126901399439
935,9,484,2,2.0,1.0,4,0.08207815066369396
935,10,425,2,2.0,1.0,4,0.07029452216941563
935,11,390,2,2.0,1.0,4,0.06633067595199885
935,12,392,2,2.0,1.0,4,0.03207035490104053
935,13,409,2,2.0,1.0,4,0.2675440581714844
935,14,346,2,2.0,1.0,6,0.24505646177134605
935,15,344,2,2.0,1.0,4,0.23523763525882693
935,16,496,2,2.0,1.0,3,0.23903497260851908
935,17,345,2,2.0,1.0,1,0.24149270186689742
935,18,349,2,2.0,1.0,2,0.24404221070356755
935,19,327,2,2.0,1.0,6,-0.5
935,20,341,2,1.9941348973607038,1.0,3,0.2153167522331861
935,21,335,2,2.0,1.0,6,0.20516266518462323
935,22,320,2,2.0,1.0,4,0.20131355111072424
935,23,349,2,1.994269340974212,1.0,4,0.1605473427693212
936,1,801,2,2.0,1.0,3,0.03400938649054275
936,2,642,2,2.0,1.0,2,0.06478237230353322
936,3,594,2,2.0,1.0,1,0.06956401826684866
936,4,524,2,2.0,1.0,1,0.28035714285714364
936,5,528,2,2.0,1.0,5,0.30410397892152635
936,6,503,2,2.0,1.0,5,0.29420089514659825
936,7,519,2,2.0,1.0,3,0.3036708747750366
936,8,523,2,2.0,1.0,7,0.03441566277019586
936,9,499,2,2.0,1.0,1,-0.05000000000000044
936,10,520,2,2.0,1.0,1,-0.04214199257064115
936,11,457,2,2.0,1.0,1,-0.014643557567089646
936,12,426,2,2.0,1.0,3,0.21551092214530115
936,13,394,2,2.0,1.0,3,0.21996757321020596
936,14,356,2,2.0,1.0,1,0.019765958106266756
936,15,354,2,2.0,1.0,1,-0.13222777457152987
937,1,782,2,2.0,1.0,3,0.03127330116897528
937,2,630,2,2.0,1.0,2,0.06478026105620507
937,3,591,2,2.0,1.0,2,0.06956779731777359
937,4,552,2,2.0,1.0,1,0.2845588235294095
937,5,524,2,2.0,1.0,5,0.3041823540925465
937,6,513,2,2.0,1.0,2,0.29600842699067953
937,7,501,2,2.0,1.0,4,0.3004866689010917
937,8,539,2,2.0,1.0,6,0.30044750136965953
937,9,540,2,2.0,1.0,1,0.31052118171683346
937,10,501,2,2.0,1.0,1,0.30537155884776074
937,11,448,2,2.0,1.0,3,0.322429832080065
937,12,466,2,2.0,1.0,5,0.33058755498865555
937,13,465,2,2.0,1.0,1,0.3274415538308754
937,14,455,2,2.0,1.0,1,0.3277295385614066
937,15,466,2,2.0,1.0,4,0.35979846854160685
937,16,456,2,2.0,1.0,2,0.36380553878469657
937,17,372,2,2.0,1.0,3,0.1736567095005113
937,18,417,2,2.0,1.0,8,0.3515579185028699
937,19,391,2,2.0,1.0,2,0.3580703983022103
937,20,350,2,2.0,1.0,1,0.36375885387318935
937,21,408,2,2.0,1.0,4,0.3688330911449661
937,22,405,2,2.0,1.0,4,0.4226355522023552
937,23,358,2,1.988826815642458,1.0,3,0.4687317028759392
937,24,1122,2,0.011586452762923352,1.0,4,0.9967215381801027
938,1,801,2,2.0,1.0,3,0.03380863320194767
938,2,636,2,2.0,1.0,2,0.0624207285115304
938,3,592,2,2.0,1.0,2,0.06244820882202958
938,4,518,2,2.0,1.0,1,0.05945121951219457
938,5,516,2,2.0,1.0,2,0.294692729784459
938,6,502,2,2.0,1.0,2,0.2946264361642171
938,7,487,2,2.0,1.0,4,0.30635549740671875
938,8,494,2,2.0,1.0,3,0.3085249422524563
938,9,521,2,2.0,1.0,4,0.29339675332274956
938,10,504,2,2.0,1.0,4,0.2992598072370137
938,11,492,2,2.0,1.0,2,0.08028960067599332
938,12,475,2,2.0,1.0,1,0.07596626559385825
938,13,459,2,2.0,1.0,1,0.051099504830721704
938,14,441,2,2.0,1.0,1,0.07029539454487668
938,15,404,2,2.0,1.0,2,0.279371826023621
938,16,442,2,2.0,1.0,1,0.2934298356244025
938,17,416,2,2.0,1.0,1,0.2875422922869794
938,18,459,2,2.0,1.0,4,0.3067742779498814
938,19,470,2,2.0,1.0,1,0.33891396366099774
938,20,479,2,2.0,1.0,2,0.11086493596308705
938,21,441,2,2.0,1.0,3,0.005945487558368336
938,22,403,2,2.0,1.0,4,-0.00040370129072206607
938,23,391,2,2.0,1.0,4,0.22028389997343306
938,24,352,2,2.0,1.0,1,0.20918517383404447
938,25,613,2,1.0016313213703099,1.0,3,-0.7484111768382857
938,26,340,2,1.9441176470588235,1.0,4,0.10729009856066227
938,27,378,2,1.9867724867724867,1.0,3,-0.5006534391534392
939,1,776,2,2.0,1.0,3,0.03152519872804269
939,2,643,2,2.0,1.0,2,0.0647824906834127
939,3,596,2,2.0,1.0,1,0.06956405670118178
939,4,559,2,2.0,1.0,1,0.2845588235294095
939,5,504,2,2.0,1.0,5,0.29939561454126296
939,6,453,2,2.0,1.0,3,0.3082534872713574
939,7,496,2,2.0,1.0,1,0.31304891658887785
939,8,508,2,2.0,1.0,6,0.31973777172459533
939,9,493,2,2.0,1.0,4,0.3120335596296661
939,10,480,2,2.0,1.0,6,0.3159712040517986
939,11,439,2,2.0,1.0,4,0.08331976412503897
939,12,429,2,2.0,1.0,4,0.06500661278177527
939,13,351,2,2.0,1.0,1,0.2838555146109381
939,14,277,2,2.0,1.0,4,0.2794361572629693
939,15,406,2,2.0,1.0,4,0.30577303193576505
939,16,300,2,2.0,1.0,4,0.3668765259464567
939,17,316,2,2.0,1.0,1,0.31405261211217067
939,18,361,2,2.0,1.0,2,0.4260244596241604
939,19,380,2,1.9947368421052631,1.0,3,0.40219758441036213
939,20,1151,2,0.02693310165073849,1.0,3,0.9923281851748245
939,21,995,2,0.02613065326633166,1.0,3,0.9925303544356242
939,22,307,2,2.0,1.0,3,0.42621282207907724
939,23,376,2,2.0,1.0,1,0.42033050858399224
939,24,348,2,2.0,1.0,4,0.42280868923915
939,25,372,2,2.0,1.0,4,0.4421618176266694
939,26,397,2,1.9974811083123425,1.0,6,0.4437930671221582
939,27,332,2,2.0,1.0,6,0.43438498396378955
939,28,311,2,2.0,1.0,4,0.43845928717740534
939,29,298,2,2.0,1.0,9,0.43856680285228905
939,30,298,2,2.0,1.0,4,0.4384162685785613
939,31,274,2,2.0,1.0,4,0.4383510076665266
939,32,269,2,2.0,1.0,4,0.43809332121641975
939,33,254,2,2.0,1.0,4,0.43858790150781624
939,34,205,2,1.9951219512195122,1.0,4,0.5009193245778611
939,35,1178,2,0.003395585738539898,1.0,6,0.9991511035653651
940,1,774,2,2.0,1.0,3,0.034076896011531396
940,2,632,2,2.0,1.0,2,0.06242022679324895
940,3,591,2,2.0,1.0,2,0.06725457656705845
940,4,541,2,2.0,1.0,1,0.280357142857144
940,5,519,2,2.0,1.0,2,0.29468543987546647
940,6,502,2,2.0,1.0,2,0.2995376515334977
940,7,513,2,2.0,1.0,2,0.07648469643582949
940,8,512,2,2.0,1.0,2,0.2923263202309565
940,9,452,2,2.0,1.0,1,0.2848389254290499
940,10,495,2,2.0,1.0,4,0.3012513176601119
940,11,455,2,2.0,1.0,1,0.30588404892288473
940,12,484,2,2.0,1.0,1,0.31343423160123224
940,13,410,2,2.0,1.0,2,0.2944269604462097
940,14,382,2,2.0,1.0,1,0.3469015792246916
940,15,463,2,2.0,1.0,2,0.3410598493376874
940,16,510,2,2.0,1.0,2,0.3565455740870229
940,17,502,2,2.0,1.0,2,0.358697787488461
940,18,508,2,2.0,1.0,4,0.3598714387611976
940,19,516,2,2.0,1.0,5,0.36269938447687683
940,20,479,2,2.0,1.0,4,0.33754581218235397
940,21,442,2,2.0,1.0,1,0.33055701918776764
940,22,386,2,2.0,1.0,1,0.339736108411771
940,23,336,2,2.0,1.0,3,0.3529696390370682
940,24,400,2,2.0,1.0,1,0.37170097770467814
940,25,399,2,2.0,1.0,1,0.3719993859438272
940,26,376,2,2.0,1.0,3,0.4160365829839739
940,27,395,2,2.0,1.0,1,0.4214157570669689
940,28,369,2,2.0,1.0,1,0.4993691517103851
940,29,1107,2,0.037940379403794036,1.0,6,0.9896176381524475
940,30,1121,2,0.003568242640499554,1.0,13,0.9989779513729675
941,1,789,2,2.0,1.0,3,0.031367782509618414
941,2,644,2,2.0,1.0,2,0.06748447204968987
941,3,586,2,2.0,1.0,2,0.0603309083952978
941,4,566,2,2.0,1.0,1,0.06235946032765821
941,5,524,2,2.0,1.0,1,0.29108631826188913
941,6,520,2,2.0,1.0,1,0.2947151418543689
941,7,481,2,2.0,1.0,1,0.2711536599078385
941,8,486,2,2.0,1.0,1,0.2742986192506962
941,9,459,2,2.0,1.0,1,0.26750991091769394
941,10,460,2,2.0,1.0,1,0.2684847358765476
941,11,464,2,2.0,1.0,1,0.27813721563318555
941,12,427,2,2.0,1.0,1,0.2652125454996359
941,13,444,2,2.0,1.0,1,0.27616498077024365
941,14,417,2,2.0,1.0,1,0.2634957154869811
941,15,399,2,2.0,1.0,1,0.048145637579132615
941,16,406,2,2.0,1.0,1,0.2532809108076475
941,17,393,2,2.0,1.0,1,0.25338270463348955
941,18,354,2,2.0,1.0,1,0.2541657511345746
941,19,375,2,2.0,1.0,1,0.2834126887536603
941,20,388,2,2.0,1.0,3,0.3254548761558523
941,21,413,2,2.0,1.0,1,0.28501804405004066
941,22,358,2,2.0,1.0,1,0.014711516756716296
941,23,368,2,2.0,1.0,1,-0.03261364498307893
941,24,381,2,2.0,1.0,1,-0.11025228989233411
942,1,775,2,2.0,1.0,3,0.03150173971463011
942,2,654,2,2.0,1.0,2,0.06478376896890028
942,3,609,2,2.0,1.0,2,0.0695680241467492
942,4,545,2,2.0,1.0,1,0.28035714285714414
942,5,530,2,2.0,1.0,5,0.30414843472569114
942,6,473,2,2.0,1.0,4,0.3122848487949434
942,7,489,2,2.0,1.0,2,0.31161398577064503
942,8,469,2,2.0,1.0,5,0.31368128367993925
942,9,443,2,2.0,1.0,1,0.09619502298599433
942,10,439,2,2.0,1.0,2,0.09248061831134577
942,11,413,2,2.0,1.0,2,0.2828150614754677
942,12,389,2,2.0,1.0,1,0.3559048515061375
942,13,408,2,2.0,1.0,2,0.3271203155794119
942,14,395,2,2.0,1.0,2,0.3630063722648362
942,15,390,2,2.0,1.0,5,0.37441343653838227
942,16,359,2,2.0,1.0,5,0.41769154335067576
942,17,337,2,2.0,1.0,3,0.41792974051197174
942,18,378,2,2.0,1.0,18,0.4218107445349
942,19,521,2,2.0,1.0,3,0.5
942,20,849,2,0.004711425206124852,1.0,5,0.9988221436984688
943,1,772,2,2.0,1.0,3,0.031422743401556735
943,2,641,2,2.0,1.0,2,0.06478225355429375
943,3,597,2,2.0,1.0,1,0.06956407582177965
943,4,573,2,2.0,1.0,1,0.2845588235294095
943,5,523,2,2.0,1.0,5,0.3041406029146223
943,6,524,2,2.0,1.0,5,0.29380017484509174
943,7,536,2,2.0,1.0,3,0.3037019132719769
943,8,520,2,2.0,1.0,2,0.29026544213952454
943,9,500,2,2.0,1.0,1,0.30991386577564994
943,10,475,2,2.0,1.0,7,0.05916360492563016
943,11,448,2,2.0,1.0,4,0.26937670120515134
943,12,408,2,2.0,1.0,1,0.28570517821384983
943,13,253,2,2.0,1.0,1,0.3008432276523524
943,14,298,2,2.0,1.0,1,0.3025952718626112
943,15,459,2,2.0,1.0,1,0.30400621179839815
943,16,410,2,2.0,1.0,3,0.25530791823493537
943,17,385,2,2.0,1.0,1,0.006383393902235617
944,1,775,2,2.0,1.0,3,0.031158531844050437
944,2,639,2,2.0,1.0,2,0.06478201494079845
944,3,595,2,2.0,1.0,2,0.06956784891024646
944,4,556,2,2.0,1.0,1,0.2845588235294095
944,5,514,2,2.0,1.0,1,0.29954922457352323
944,6,477,2,2.0,1.0,3,0.28307264741129234
944,7,520,2,2.0,1.0,1,0.3005208674885749
944,8,495,2,2.0,1.0,1,0.2949572389118264
944,9,531,2,2.0,1.0,1,0.3004849901133823
944,10,502,2,2.0,1.0,1,0.07177983096573733
944,11,544,2,2.0,1.0,1,0.3065492579274934
944,12,480,2,2.0,1.0,3,0.30199344100935155
944,13,475,2,2.0,1.0,3,0.29748107329619294
944,14,475,2,2.0,1.0,3,0.29824978203268043
944,15,443,2,2.0,1.0,2,0.3185626602172645
944,16,429,2,2.0,1.0,3,0.32649049856877493
944,17,402,2,2.0,1.0,2,0.37948805833273486
944,18,373,2,2.0,1.0,2,0.41272287049359624
944,19,402,2,2.0,1.0,2,0.433254062309092
944,20,417,2,2.0,1.0,8,0.4252532304062601
944,21,475,2,2.0,1.0,6,0.4300131684081719
944,22,525,2,2.0,1.0,3,0.5
944,23,1195,2,0.0033472803347280333,1.0,7,0.999163179916318
945,1,791,2,2.0,1.0,3,0.034138809424133394
945,2,656,2,2.0,1.0,2,0.06744261965025358
945,3,604,2,2.0,1.0,2,0.062679469958381
945,4,545,2,2.0,1.0,1,0.2886535348084154
945,5,508,2,2.0,1.0,1,0.2979960902437457
945,6,496,2,2.0,1.0,1,0.3119662252939382
945,7,508,2,2.0,1.0,1,0.3196679801645888
945,8,479,2,2.0,1.0,1,0.31930236631809744
945,9,432,2,2.0,1.0,1,0.31729286268895085
945,10,425,2,2.0,1.0,1,0.2973528962389871
945,11,379,2,2.0,1.0,1,0.2738058730475451
945,12,343,2,2.0,1.0,1,0.26051285526389645
945,13,344,2,2.0,1.0,1,0.2709000429935665
945,14,352,2,2.0,1.0,1,0.3014975156752001
945,15,319,2,2.0,1.0,1,0.34561216058606176
945,16,342,2,2.0,1.0,5,0.30012954093073463
945,17,340,2,2.0,1.0,1,0.35161628255396754
945,18,353,2,2.0,1.0,1,0.12474177523829402
945,19,385,2,2.0,1.0,4,0.33217588577111073
945,20,333,2,2.0,1.0,4,0.326664550695222
945,21,334,2,2.0,1.0,3,0.32415900237402967
945,22,354,2,2.0,1.0,4,0.33399038401853337
945,23,317,2,2.0,1.0,6,0.3309594218815054
945,24,371,2,2.0,1.0,2,0.15018210920560443
945,25,369,2,2.0,1.0,4,0.08631535000972519
945,26,406,2,2.0,1.0,4,0.3169331510341967
945,27,383,2,2.0,1.0,1,0.30956239951731745
945,28,364,2,2.0,1.0,6,0.31533645391899756
945,29,313,2,2.0,1.0,4,0.3141386327269232
945,30,353,2,2.0,1.0,3,0.29248001097904136
945,31,310,2,2.0,1.0,4,0.25724385855968734
945,32,299,2,2.0,1.0,4,0.028444628690826153
945,33,317,2,2.0,1.0,1,0.007659545049102609
945,34,293,2,2.0,1.0,4,-0.011442126925622093
945,35,307,2,2.0,1.0,1,-0.023837404012128163
945,36,296,2,2.0,1.0,4,-0.03669193975383937
945,37,342,2,2.0,1.0,2,-0.5
945,38,584,1,1.0,1.0,1,-0.75
946,1,803,2,2.0,1.0,3,0.016558409145692475
946,2,626,2,2.0,1.0,3,0.06245939829605964
946,3,587,2,2.0,1.0,3,0.06221349485588823
946,4,570,2,2.0,1.0,1,0.06473967938714772
946,5,544,2,2.0,1.0,1,0.06737608932461878
946,6,546,2,2.0,1.0,1,0.0720900253592561
946,7,526,2,2.0,1.0,1,0.06733328458613624
946,8,543,2,2.0,1.0,1,0.07192404407453647
946,9,500,2,2.0,1.0,1,0.011123687495496104
946,10,479,2,2.0,1.0,1,0.014694631754821136
946,11,454,2,2.0,1.0,1,-0.05229422116797418
946,12,394,2,2.0,1.0,1,-0.07355382445820634
946,13,391,2,1.907928388746803,1.0,1,-0.5230179028132992
946,14,587,1,1.0,1.0,1,-0.75
947,1,780,2,2.0,1.0,3,0.03148740258809979
947,2,643,2,2.0,1.0,2,0.06478933104683586
947,3,606,2,2.0,1.0,1,0.0695642450674678
947,4,545,2,2.0,1.0,1,0.28843644213314684
947,5,495,2,2.0,1.0,4,0.29518517928060595
947,6,501,2,2.0,1.0,3,0.30938828812479074
947,7,467,2,2.0,1.0,4,0.30847070366426893
947,8,477,2,2.0,1.0,2,0.08150676092947813
947,9,510,2,2.0,1.0,4,0.3095319973425734
947,10,500,2,2.0,1.0,5,0.30953064935064817
947,11,465,2,2.0,1.0,4,0.08439850701876407
947,12,454,2,2.0,1.0,2,0.06563178220129938
947,13,397,2,2.0,1.0,4,0.29856388314691124
947,14,350,2,2.0,1.0,12,0.28888117697018834
947,15,322,2,2.0,1.0,4,0.2995962661083203
947,16,364,2,2.0,1.0,4,0.3186489322595883
947,17,372,2,2.0,1.0,5,0.13095005682182084
947,18,433,2,2.0,1.0,3,0.3703149318614703
947,19,414,2,2.0,1.0,1,0.13090697869666384
947,20,370,2,2.0,1.0,4,0.09180256891693782
947,21,380,2,2.0,1.0,1,0.24918877088786964
947,22,339,2,2.0,1.0,4,0.2704579942045243
947,23,339,2,2.0,1.0,8,0.039036461710639486
947,24,354,2,2.0,1.0,4,0.007172699943868283
947,25,291,2,2.0,1.0,4,0.19243915829878244
947,26,324,2,2.0,1.0,5,0.19326607602840887
947,27,347,2,2.0,1.0,4,0.2347892895595517
947,28,374,2,2.0,1.0,5,0.07202429890989373
947,29,355,2,2.0,1.0,2,0.052385149949489715
947,30,355,2,2.0,1.0,2,0.03783483221335703
947,31,363,2,2.0,1.0,3,0.03748166649547226
947,32,347,2,2.0,1.0,1,0.013478257260389415
947,33,356,2,2.0,1.0,2,-0.09713664371149014
948,1,791,2,2.0,1.0,3,0.03128076064579726
948,2,645,2,2.0,1.0,2,0.06478208034713144
948,3,602,2,2.0,1.0,2,0.0647651766837815
948,4,526,2,2.0,1.0,1,0.059451219512194564
948,5,541,2,2.0,1.0,2,0.3012662062645118
948,6,538,2,2.0,1.0,4,0.293876894480982
948,7,521,2,2.0,1.0,5,0.29423388189717126
948,8,509,2,2.0,1.0,5,0.305452061112349
948,9,490,2,2.0,1.0,3,0.3023263227333575
948,10,569,2,2.0,1.0,2,0.28772039622501905
948,11,540,2,2.0,1.0,4,0.03431694911459282
948,12,507,2,2.0,1.0,4,0.0286529759370624
948,13,463,2,2.0,1.0,2,0.25723699136849265
948,14,493,2,2.0,1.0,3,0.2658365126624299
948,15,440,2,2.0,1.0,4,0.2584325512185238
948,16,385,2,2.0,1.0,3,0.2574953051237739
948,17,374,2,2.0,1.0,6,0.24860871528067996
948,18,394,2,2.0,1.0,1,0.03279215812468153
948,19,391,2,2.0,1.0,6,0.024468191255042276
948,20,332,2,2.0,1.0,6,0.021064451217204856
948,21,397,2,2.0,1.0,2,-0.004804397145898649
948,22,386,2,1.9974093264248705,1.0,2,-0.5006476683937824
948,23,559,1,1.0,1.0,1,-0.75
949,1,783,2,2.0,1.0,3,0.03129906148963535
949,2,657,2,2.0,1.0,2,0.0674350966370873
949,3,599,2,2.0,1.0,1,0.06273321404081794
949,4,573,2,2.0,1.0,1,0.062435640111477314
949,5,536,2,2.0,1.0,1,0.07205367393800222
949,6,526,2,2.0,1.0,2,0.29967665347735006
949,7,488,2,2.0,1.0,5,0.2920473778422219
949,8,491,2,2.0,1.0,4,0.30913242171104943
949,9,470,2,2.0,1.0,1,0.08147631121253596
949,10,476,2,2.0,1.0,2,0.08582434068613515
949,11,475,2,2.0,1.0,7,0.08467543859649188
949,12,429,2,2.0,1.0,4,0.062465561295970605
949,13,469,2,2.0,1.0,3,0.31414406885372087
949,14,415,2,2.0,1.0,3,0.3131810726714904
949,15,392,2,2.0,1.0,1,0.30940388296361643
949,16,364,2,2.0,1.0,4,0.31423798224064203
949,17,381,2,2.0,1.0,5,0.29046250414037655
949,18,378,2,2.0,1.0,4,0.30418002714136616
949,19,349,2,2.0,1.0,4,0.3174122616701482
949,20,370,2,2.0,1.0,3,0.30953245852288497
949,21,359,2,2.0,1.0,11,0.3151818491748575
949,22,408,2,2.0,1.0,4,0.10941645040369097
949,23,364,2,2.0,1.0,4,0.32891427783968247
949,24,269,2,2.0,1.0,4,0.33828413327006174
949,25,252,2,2.0,1.0,4,0.43236144114069525
949,26,975,2,0.06974358974358974,1.0,4,0.9797262643685481
949,27,869,2,0.11622554660529344,1.0,4,0.9706315401889484
950,1,784,2,2.0,1.0,3,0.033944164127260146
950,2,666,2,2.0,1.0,2,0.06746996996997047
950,3,614,2,2.0,1.0,1,0.0672846625495606
950,4,525,2,2.0,1.0,1,0.29086234493797436
950,5,508,2,2.0,1.0,4,0.2981749050289313
950,6,512,2,2.0,1.0,3,0.30320779991796803
950,7,492,2,2.0,1.0,2,0.3073503916546036
950,8,482,2,2.0,1.0,2,0.3052048952101388
950,9,520,2,2.0,1.0,2,0.3074662802950497
950,10,481,2,2.0,1.0,4,0.07910239834021256
950,11,480,2,2.0,1.0,4,0.06388648921402024
950,12,472,2,2.0,1.0,2,0.31681657242143124
950,13,446,2,2.0,1.0,3,0.3177259008162766
950,14,463,2,2.0,1.0,2,0.3768450626834928
950,15,436,2,2.0,1.0,2,0.37950950641784004
950,16,441,2,2.0,1.0,4,0.3671535678847398
950,17,410,2,2.0,1.0,2,0.41569992995315264
950,18,956,2,0.14225941422594143,1.0,6,0.9603928309366373
950,19,1078,2,0.0037105751391465678,1.0,9,0.9990723562152134
951,1,771,2,2.0,1.0,3,0.03117665486103609
951,2,639,2,2.0,1.0,2,0.06478201494079845
951,3,586,2,2.0,1.0,1,0.06956386190601226
951,4,515,2,2.0,1.0,1,0.2803571428571434
951,5,511,2,2.0,1.0,2,0.2996269048384634
951,6,496,2,2.0,1.0,1,0.3077229230031538
951,7,487,2,2.0,1.0,3,0.3102953625581075
951,8,459,2,2.0,1.0,1,0.2996829680531064
951,9,508,2,2.0,1.0,1,0.3105041743033865
951,10,486,2,2.0,1.0,7,0.3050181102772602
951,11,458,2,2.0,1.0,2,0.305133902000467
951,12,447,2,2.0,1.0,1,0.3150826229497007
951,13,472,2,2.0,1.0,1,0.3196479155019361
951,14,456,2,2.0,1.0,1,0.3150910250549322
951,15,411,2,2.0,1.0,1,0.31685099689171065
951,16,428,2,2.0,1.0,1,0.3150601782769204
951,17,420,2,2.0,1.0,4,0.09318751583783064
951,18,307,2,2.0,1.0,1,0.0990203817066911
951,19,153,2,2.0,1.0,1,0.2845742964995378
951,20,134,2,2.0,1.01,1,0.29979797181269713
951,21,259,2,2.0,1.0,1,0.30723648725906827
951,22,304,2,2.0,1.0,3,0.30295177486441743
951,23,361,2,2.0,1.0,3,0.3504799827366563
951,24,321,2,2.0,1.0,8,0.3630572710559863
951,25,1003,2,0.07278165503489531,1.0,2,0.9738069358799674
951,26,330,2,2.0,1.0,4,0.1223209246043098
951,27,329,2,2.0,1.0,2,0.3277773374552934
951,28,346,2,2.0,1.0,3,0.3577161957458067
951,29,329,2,2.0,1.0,2,0.3695057835586747
951,30,304,2,2.0,1.0,2,0.36011076029017036
951,31,350,2,2.0,1.0,4,0.4875512928178157
951,32,362,2,2.0,1.0,4,0.35492144857395597
951,33,392,2,2.0,1.0,2,0.33050440986464086
951,34,376,2,2.0,1.0,6,0.33927660217519334
951,35,370,2,2.0,1.0,3,0.3648802476422261
951,36,379,2,2.0,1.0,2,0.36156211848820774
951,37,339,2,2.0,1.0,5,0.3516877401818733
951,38,365,2,2.0,1.0,1,0.337072034990078
951,39,352,2,2.0,1.0,1,0.10612650470128614
951,40,370,2,2.0,1.0,5,0.08882537500161161
951,41,392,2,2.0,1.0,4,0.29689664415613787
951,42,371,2,2.0,1.0,6,0.3280253764357493
951,43,377,2,2.0,1.0,2,0.3229815679965916
951,44,370,2,2.0,1.0,8,0.2952616459276939
951,45,377,2,2.0,1.0,1,0.3288125945753336
951,46,370,2,2.0,1.0,1,0.3336885641905558
951,47,339,2,2.0,1.0,4,0.31757717999348223
951,48,388,2,2.0,1.0,5,0.11101702928184574
951,49,437,2,2.0,1.0,4,0.09619668735608114
951,50,384,2,2.0,1.0,1,0.09756200116399215
951,51,374,2,2.0,1.0,5,0.08690779770600933
951,52,358,2,2.0,1.0,1,0.08445531029273914
951,53,370,2,2.0,1.0,1,0.3041815945228258
951,54,330,2,2.0,1.0,4,0.31217674716525945
951,55,321,2,2.0,1.0,4,0.2866537285295197
951,56,307,2,2.0,1.0,2,0.30241563865150234
951,57,284,2,2.0,1.0,5,0.2702309669695868
951,58,289,2,2.0,1.0,1,0.03519377143728046
951,59,412,2,2.0,1.0,4,-0.03523710844477029
951,60,415,2,2.0,1.0,4,-0.03463855421686747
951,61,405,2,2.0,1.0,4,-0.034722222222222224
951,62,472,2,1.9957627118644068,1.0,9,-0.03263185659975987
952,1,770,2,2.0,1.0,3,0.030624462444463943
952,2,632,2,2.0,1.0,2,0.06478050861794506
952,3,589,2,2.0,1.0,1,0.06476115141225519
952,4,551,2,2.0,1.0,1,0.29280303030302895
952,5,509,2,2.0,1.0,4,0.29459022779224114
952,6,491,2,2.0,1.0,3,0.3098793620317368
952,7,493,2,2.0,1.0,4,0.30551990691065833
952,8,465,2,2.0,1.0,3,0.3752553965088218
952,9,413,2,2.0,1.0,4,0.08807008414949108
952,10,385,2,2.0,1.0,4,0.07226176940122112
952,11,339,2,2.0,1.0,2,0.06947052791726929
952,12,314,2,2.0,1.0,1,0.294117080282926
952,13,369,2,2.0,1.0,1,0.28848912058516213
952,14,341,2,2.0,1.0,6,0.2703612788856325
952,15,321,2,2.0,1.0,2,0.2769151384414527
952,16,348,2,2.0,1.0,4,0.28405110525776606
952,17,362,2,2.0,1.0,1,0.05035698188580115
952,18,414,2,2.0,1.0,2,0.014777141719756588
952,19,421,2,2.0,1.0,2,-0.001418344795354371
952,20,381,2,2.0,1.0,4,-0.010241424851663745
952,21,383,2,2.0,1.0,4,0.2223230612898247
952,22,339,2,2.0,1.0,3,0.18146311243666413
952,23,306,2,1.9934640522875817,1.0,3,-0.49927832244008713
953,1,780,2,2.0,1.0,3,0.03137641319632467
953,2,630,2,2.0,1.0,2,0.06241997354497355
953,3,587,2,2.0,1.0,2,0.06244776767059883
953,4,524,2,2.0,1.0,1,0.059451219512194564
953,5,516,2,2.0,1.0,2,0.30027002941937664
953,6,490,2,2.0,1.0,3,0.3092898764900828
953,7,503,2,2.0,1.0,2,0.314376508297025
953,8,520,2,2.0,1.0,1,0.30954347534543947
953,9,498,2,2.0,1.0,1,0.30713535618894117
953,10,488,2,2.0,1.0,4,0.31510030198446903
953,11,473,2,2.0,1.0,3,0.09213855855950064
953,12,422,2,2.0,1.0,4,0.11649100171589
953,13,429,2,2.0,1.0,2,0.31449638558280946
953,14,389,2,2.0,1.0,3,0.31296010837686444
953,15,353,2,2.0,1.0,3,0.35205537396932557
953,16,367,2,2.0,1.0,1,0.3017638260299698
953,17,387,2,2.0,1.0,2,0.3669443127251172
953,18,371,2,2.0,1.0,3,0.3979659614720593
953,19,363,2,2.0,1.0,3,0.39861334409214233
953,20,383,2,2.0,1.0,3,0.4255134945754877
953,21,515,2,2.0,1.0,3,0.5
953,22,1239,2,0.003228410008071025,1.0,8,0.9991928974979822
954,1,786,2,2.0,1.0,3,0.03396966497030543
954,2,647,2,2.0,1.0,2,0.06743409349392014
954,3,595,2,2.0,1.0,2,0.06264986400946446
954,4,580,2,2.0,1.0,1,0.06238244514106583
954,5,553,2,2.0,1.0,1,0.0674207121991933
954,6,516,2,2.0,1.0,1,0.2830223880597018
954,7,524,2,2.0,1.0,4,0.29198888865017825
954,8,515,2,2.0,1.0,4,0.3086308789814378
954,9,481,2,2.0,1.0,2,0.30482033020648586
954,10,487,2,2.0,1.0,3,0.0735588203011556
954,11,465,2,2.0,1.0,3,0.06779375807177204
954,12,438,2,2.0,1.0,4,0.29258572684660933
954,13,437,2,2.0,1.0,4,0.3118317364859656
954,14,392,2,2.0,1.0,1,0.30954318783139106
954,15,463,2,2.0,1.0,1,0.08092212319725794
954,16,390,2,2.0,1.0,5,0.11159962554245548
954,17,429,2,2.0,1.0,1,0.3625105131611628
954,18,433,2,2.0,1.0,4,0.30688131135897717
954,19,374,2,2.0,1.0,1,0.2952386724124312
954,20,385,2,2.0,1.0,4,0.28466157117715346
954,21,388,2,2.0,1.0,2,0.2752646249411936
954,22,398,2,2.0,1.0,4,0.06484619873430215
954,23,430,2,2.0,1.0,2,0.2776738951327981
954,24,351,2,2.0,1.0,3,0.28650972751981196
954,25,345,2,2.0,1.0,1,0.26170068713544
954,26,364,2,2.0,1.0,2,0.2447277082792359
954,27,330,2,2.0,1.0,4,0.24338757111096052
954,28,350,2,2.0,1.0,4,0.26524001638294425
954,29,354,2,2.0,1.0,2,0.25017299581753444
954,30,371,2,2.0,1.0,4,0.03109425071070223
954,31,443,2,2.0,1.0,2,0.23651866164532256
954,32,421,2,2.0,1.0,5,-0.018051292725430584
954,33,390,2,2.0,1.0,4,-0.0297682595601226
954,34,346,2,2.0,1.0,4,-0.0661279111228069
954,35,424,2,1.9127358490566038,1.0,1,-0.5218160377358491
955,1,787,2,2.0,1.0,3,0.03126208915358875
955,2,643,2,2.0,1.0,2,0.062421591498185595
955,3,603,2,2.0,1.0,2,0.06725563359672282
955,4,543,2,2.0,1.0,1,0.2803571428571441
955,5,529,2,2.0,1.0,1,0.30410119618745246
955,6,516,2,2.0,1.0,1,0.29332763730542116
955,7,516,2,2.0,1.0,1,0.31107115338049046
955,8,497,2,2.0,1.0,3,0.30418579402072393
955,9,506,2,2.0,1.0,2,0.07316556723624386
955,10,471,2,2.0,1.0,4,0.06062969993243608
955,11,516,2,2.0,1.0,2,0.2911265217111307
955,12,491,2,2.0,1.0,2,0.2986443708019993
955,13,503,2,2.0,1.0,8,0.2887605604209551
955,14,511,2,2.0,1.0,1,0.28558792549964884
955,15,444,2,2.0,1.0,4,0.2721567907978747
955,16,408,2,2.0,1.0,4,0.2677693525048593
955,17,498,2,2.0,1.0,3,0.2438598840167156
955,18,408,2,2.0,1.0,3,-0.01251021241830075
955,19,434,2,2.0,1.0,3,0.01957792702909249
955,20,409,2,2.0,1.0,4,0.012833208437211651
955,21,464,2,2.0,1.0,5,0.2324808764229
955,22,390,2,2.0,1.0,2,-0.4395554911479023
955,23,403,2,2.0,1.0,4,-0.1317283832792526
955,24,450,2,2.0,1.0,1,-0.5
956,1,806,2,2.0,1.0,3,0.03401466680625613
956,2,648,2,2.0,1.0,2,0.06478307710226013
956,3,603,2,2.0,1.0,2,0.06956795004176049
956,4,534,2,2.0,1.0,1,0.28035714285714386
956,5,533,2,2.0,1.0,5,0.3041002312936765
956,6,520,2,2.0,1.0,5,0.2946561202861416
956,7,556,2,2.0,1.0,3,0.29380125020862247
956,8,538,2,2.0,1.0,4,0.3040143119625523
956,9,554,2,2.0,1.0,2,0.2991493128363354
956,10,489,2,2.0,1.0,1,0.29894211458589526
956,11,456,2,2.0,1.0,1,0.06539296464215075
956,12,426,2,2.0,1.0,1,0.06737250195738836
956,13,416,2,2.0,1.0,1,0.2856879898907599
956,14,475,2,2.0,1.0,3,0.2930225085618334
956,15,479,2,2.0,1.0,4,0.28463111606285674
956,16,441,2,2.0,1.0,1,0.05157118456228353
956,17,443,2,2.0,1.0,1,0.05978213534646913
956,18,441,2,2.0,1.0,4,0.018124364129284063
956,19,387,2,2.0,1.0,4,0.23774601319499847
956,20,400,2,2.0,1.0,10,0.27682674209400493
956,21,378,2,2.0,1.0,1,0.2238643098544738
956,22,370,2,2.0,1.0,3,0.03656310237590129
956,23,414,2,2.0,1.0,2,-0.031790627570568164
957,1,782,2,2.0,1.0,3,0.03102163582551411
957,2,635,2,2.0,1.0,2,0.06478087703659746
957,3,588,2,2.0,1.0,2,0.06476499690785427
957,4,525,2,2.0,1.0,1,0.059451219512194564
957,5,503,2,2.0,1.0,1,0.2995199986009525
957,6,501,2,2.0,1.0,1,0.2923528774826909
957,7,502,2,2.0,1.0,1,0.3058515244415177
957,8,493,2,2.0,1.0,1,0.2893830598707127
957,9,457,2,2.0,1.0,1,0.0751896116577069
957,10,467,2,2.0,1.0,1,0.07641059711981518
957,11,419,2,2.0,1.0,3,0.2956956337679719
957,12,377,2,2.0,1.0,1,0.295605736910693
957,13,349,2,2.0,1.0,1,0.30769662312940543
957,14,379,2,2.0,1.0,1,0.3144282725931176
957,15,375,2,2.0,1.0,1,0.32780924205222495
957,16,313,2,2.0,1.0,5,0.16105165132873253
957,17,337,2,1.9940652818991098,1.0,3,0.18335798830391856
957,18,402,2,1.9253731343283582,1.0,1,0.20255597567454658
957,19,288,2,2.0,1.0,4,0.417202599370986
957,20,291,2,2.0,1.0,5,0.4247291117566426
957,21,318,2,2.0,1.0,1,0.41514420586911915
957,22,316,2,2.0,1.0,4,0.3829573213473836
957,23,381,2,2.0,1.0,5,0.4345569316932305
957,24,485,2,2.0,1.0,3,0.499584230004868
957,25,981,2,0.014271151885830785,1.0,4,0.9960387562883118
957,26,951,2,0.004206098843322818,1.0,7,0.9988148144998927
958,1,794,2,2.0,1.0,3,0.01661521318957111
958,2,632,2,2.0,1.0,2,0.06248351793248944
958,3,584,2,2.0,1.0,3,0.05988180209555183
958,4,573,2,2.0,1.0,3,0.062308292347559364
958,5,551,2,2.0,1.0,5,0.0673938992042441
958,6,544,2,2.0,1.0,2,0.07209841628959272
958,7,543,2,2.0,1.0,4,0.06741925201869957
958,8,533,2,2.0,1.0,2,0.07196641355218719
958,9,531,2,2.0,1.0,4,0.06741742720556278
958,10,546,2,2.0,1.0,2,0.0762278108939595
958,11,499,2,2.0,1.0,1,-0.030666971456084158
958,12,471,2,2.0,1.0,1,-0.017710203198811985
958,13,452,2,2.0,1.0,1,-0.06921702798758829
958,14,403,2,2.0,1.0,1,-0.07449368982936327
958,15,432,2,2.0,1.0,1,-0.12295567613232455
959,1,778,2,2.0,1.0,3,0.03143078387582364
959,2,658,2,2.0,1.0,2,0.06746960486322237
959,3,601,2,2.0,1.0,2,0.06265637031046514
959,4,572,2,2.0,1.0,1,0.0624205340114431
959,5,549,2,2.0,1.0,1,0.0674201345102985
959,6,536,2,2.0,1.0,1,0.2951923076923059
959,7,484,2,2.0,1.0,4,0.28768119805076864
959,8,511,2,2.0,1.0,2,0.3054434406275931
959,9,473,2,2.0,1.0,1,0.2832198431741745
959,10,444,2,2.0,1.0,4,0.27527960493387926
959,11,489,2,2.0,1.0,6,0.274640446570256
959,12,409,2,2.0,1.0,5,0.01785912157060875
959,13,420,2,2.0,1.0,4,0.25573583180719267
959,14,432,2,2.0,1.0,5,0.04812633215189885
959,15,389,2,2.0,1.0,4,0.020466245713872785
959,16,405,2,2.0,1.0,1,0.02237217603090626
959,17,341,2,2.0,1.0,1,0.0018038755219217727
959,18,397,2,2.0,1.0,1,-0.00726248632419921
959,19,427,2,2.0,1.0,2,0.015314386539678808
959,20,400,2,2.0,1.0,1,-0.020408713151083245
959,21,431,2,2.0,1.0,3,-0.5
960,1,784,2,2.0,1.0,3,0.03376036431415546
960,2,651,2,2.0,1.0,2,0.06748463901689754
960,3,583,2,2.0,1.0,2,0.06495602240731553
960,4,580,2,2.0,1.0,4,0.28676090721687525
960,5,540,2,2.0,1.0,1,0.30407385937748765
960,6,517,2,2.0,1.0,4,0.3073529937574625
960,7,505,2,2.0,1.0,3,0.304316150010305
960,8,462,2,2.0,1.0,1,0.29576635976963
960,9,472,2,2.0,1.0,1,0.3143492398423676
960,10,465,2,2.0,1.0,3,0.31130300786623233
960,11,483,2,2.0,1.0,3,0.31624080251586095
960,12,430,2,2.0,1.0,3,0.09082444247022431
960,13,409,2,2.0,1.0,1,0.07780290540125073
960,14,402,2,2.0,1.0,4,0.08712662290164208
960,15,373,2,2.0,1.0,2,0.1545110916420741
960,16,369,2,2.0,1.0,4,0.3568221504187457
960,17,326,2,2.0,1.0,1,0.3061158411589768
960,18,330,2,2.0,1.0,4,0.31814517166085143
960,19,290,2,2.0,1.0,1,0.2943745208112483
960,20,277,2,2.0,1.0,4,0.11971182202407975
960,21,277,2,2.0,1.0,4,0.12311213058019119
960,22,257,2,2.0,1.0,4,0.11083780396698499
960,23,261,2,2.0,1.0,3,0.12641999089296652
960,24,279,2,2.0,1.0,3,0.10575271835836436
960,25,267,2,2.0,1.0,5,0.18530116634818666
960,26,258,2,2.0,1.0,4,0.40958515875261986
960,27,343,2,2.0,1.0,4,0.39273623509281774
960,28,382,2,2.0,1.0,6,0.4151804303819638
960,29,354,2,2.0,1.0,3,0.4182313182202324
960,30,427,2,1.9953161592505855,1.0,1,0.41255969817346094
960,31,719,2,0.14603616133518776,1.0,2,0.9584714544269637
960,32,418,2,2.0,1.0,4,0.38777287916761305
960,33,394,2,1.9898477157360406,1.0,3,0.4118834196179487
960,34,1143,2,0.04636920384951881,1.0,17,0.9865790037444429
961,1,789,2,2.0,1.0,3,0.024503754067529544
961,2,638,2,2.0,1.0,2,0.06740462155286034
961,3,594,2,2.0,1.0,1,0.06480544438091669
961,4,536,2,2.0,1.0,1,0.28946043591565906
961,5,510,2,2.0,1.0,1,0.29810114936286886
961,6,481,2,2.0,1.0,3,0.2972116765286719
961,7,481,2,2.0,1.0,1,0.07259399375767696
961,8,463,2,2.0,1.0,1,0.309300864182648
961,9,489,2,2.0,1.0,1,0.30947088277488544
961,10,495,2,2.0,1.0,7,0.3265530234913806
961,11,466,2,2.0,1.0,7,0.32678161928162075
961,12,455,2,2.0,1.0,4,0.3105446676918374
961,13,462,2,2.0,1.0,7,0.06616436187337792
961,14,419,2,2.0,1.0,4,0.30101628629294586
961,15,355,2,2.0,1.0,4,0.2841098302834167
961,16,389,2,2.0,1.0,2,0.289689995219855
961,17,352,2,2.0,1.0,4,0.2889016655207597
961,18,314,2,2.0,1.0,2,0.3426484891642949
961,19,319,2,2.0,1.0,2,0.3737388856095913
961,20,391,2,2.0,1.0,3,0.3535191702493621
961,21,331,2,2.0,1.0,2,0.3582036940912704
961,22,306,2,2.0,1.0,4,0.3726723482925079
961,23,336,2,2.0,1.0,2,0.37258558285037546
961,24,373,2,2.0,1.0,5,0.38281147585283504
961,25,325,2,2.0,1.0,4,0.3906601992833636
961,26,354,2,2.0,1.0,3,0.1987541809208872
961,27,382,2,2.0,1.0,1,0.4156410041484579
961,28,359,2,2.0,1.0,1,0.41346856311233127
961,29,357,2,2.0,1.0,4,0.4075193104786434
961,30,343,2,2.0,1.0,4,0.437034642497999
961,31,369,2,2.0,1.0,4,0.4315122748405329
961,32,378,2,1.9947089947089947,1.0,5,0.4394356154869565
961,33,421,2,2.0,1.0,6,0.4411734229168747
961,34,462,2,2.0,1.0,3,0.4997335997335997
961,35,1149,2,0.0034812880765883376,1.0,21,0.999129677980853
962,1,783,2,2.0,1.0,3,0.034017257504987346
962,2,634,2,2.0,1.0,2,0.06242047844374343
962,3,598,2,2.0,1.0,2,0.06722240928787314
962,4,531,2,2.0,1.0,1,0.2803571428571438
962,5,510,2,2.0,1.0,1,0.2996369344579914
962,6,516,2,2.0,1.0,1,0.2924403697078099
962,7,513,2,2.0,1.0,1,0.08920173282415628
962,8,531,2,2.0,1.0,1,0.29421269435652253
962,9,474,2,2.0,1.0,1,0.05241200037413488
962,10,517,2,2.0,1.0,1,0.29183488254568707
962,11,446,2,2.0,1.0,1,0.053934504396948746
962,12,488,2,2.0,1.0,1,0.2967655896071568
962,13,406,2,2.0,1.0,1,0.282737013148053
962,14,406,2,2.0,1.0,1,0.2339787462375084
962,15,441,2,2.0,1.0,1,0.2302555160608017
962,16,371,2,2.0,1.0,1,0.03347004807221919
962,17,431,2,2.0,1.0,1,0.03610691838814933
962,18,417,2,2.0,1.0,1,-0.020698693351341634
962,19,379,2,2.0,1.0,1,-0.020565669062779946
962,20,457,2,2.0,1.0,1,-0.07196261682242956
962,21,492,2,2.0,1.0,1,-0.5
962,22,688,1,1.0,1.0,1,-0.75
963,1,779,2,2.0,1.0,3,0.03390755884849228
963,2,638,2,2.0,1.0,2,0.06478124199049766
963,3,593,2,2.0,1.0,2,0.06476506208799651
963,4,517,2,2.0,1.0,1,0.05945121951219457
963,5,529,2,2.0,1.0,2,0.3011102659329703
963,6,499,2,2.0,1.0,3,0.3012737730053079
963,7,501,2,2.0,1.0,2,0.3030434845780196
963,8,503,2,2.0,1.0,4,0.0740957081431674
963,9,479,2,2.0,1.0,4,0.045400973163032605
963,10,460,2,2.0,1.0,4,0.29322978822978923
963,11,413,2,2.0,1.0,1,0.26866141244644715
963,12,422,2,2.0,1.0,2,0.294421727968348
963,13,366,2,2.0,1.0,3,0.2681055132512301
963,14,337,2,2.0,1.0,4,0.22693175215382627
963,15,362,2,2.0,1.0,4,0.2139538631607807
963,16,356,2,2.0,1.0,2,0.12230161097996112
963,17,349,2,2.0,1.0,4,-0.020290141023474668
963,18,447,2,2.0,1.0,1,-0.5
964,1,793,2,2.0,1.0,3,0.033837959376254785
964,2,649,2,2.0,1.0,2,0.06743836671802818
964,3,591,2,2.0,1.0,2,0.06271596308188478
964,4,575,2,2.0,1.0,1,0.06245256916996047
964,5,529,2,2.0,1.0,1,0.07207176094227125
964,6,535,2,2.0,1.0,2,0.30427055581398577
964,7,506,2,2.0,1.0,3,0.31381142925983696
964,8,497,2,2.0,1.0,1,0.310107912256765
964,9,464,2,2.0,1.0,3,0.32693889423198746
964,10,488,2,2.0,1.0,2,0.33242134222523423
964,11,418,2,2.0,1.0,4,0.30645125610513896
964,12,444,2,2.0,1.0,1,0.2905082742236177
964,13,416,2,2.0,1.0,4,0.06272622720546453
964,14,420,2,2.0,1.0,2,0.0308993363071216
964,15,359,2,2.0,1.0,4,0.2733516426176605
964,16,406,2,2.0,1.0,4,0.2520813774068063
964,17,384,2,2.0,1.0,3,0.25530364468300576
964,18,366,2,2.0,1.0,1,0.06112346675994917
964,19,380,2,2.0,1.0,3,0.07958129256260728
964,20,408,2,2.0,1.0,4,0.08013867484862058
964,21,376,2,2.0,1.0,4,0.29768168413298063
964,22,394,2,2.0,1.0,2,0.3171864323005512
964,23,354,2,2.0,1.0,6,0.32020008063550426
964,24,358,2,2.0,1.0,2,0.32999583396911614
964,25,427,2,2.0,1.0,3,0.3025388516039728
964,26,345,2,2.0,1.0,3,0.08798765759015127
964,27,341,2,2.0,1.0,4,0.08510688903041072
964,28,327,2,2.0,1.0,4,0.05860734551138855
964,29,337,2,2.0,1.0,5,0.011054987234916205
964,30,330,2,2.0,1.0,5,0.008831580867565742
964,31,332,2,2.0,1.0,4,-0.00016068813760715736
964,32,323,2,2.0,1.0,1,-0.021765117193494277
964,33,349,2,1.997134670487106,1.0,1,-0.06773320598535541
965,1,788,2,2.0,1.0,3,0.03411758265486605
965,2,639,2,2.0,1.0,2,0.06478201494079845
965,3,594,2,2.0,1.0,2,0.06956783607727025
965,4,530,2,2.0,1.0,1,0.2803571428571438
965,5,512,2,2.0,1.0,1,0.30409271933425264
965,6,528,2,2.0,1.0,1,0.29733633280408334
965,7,491,2,2.0,1.0,1,0.08362596158774852
965,8,503,2,2.0,1.0,1,0.29236609421211046
965,9,457,2,2.0,1.0,1,0.2862230812711182
965,10,464,2,2.0,1.0,1,0.309547983508549
965,11,418,2,2.0,1.0,1,0.29910879685170705
965,12,425,2,2.0,1.0,1,0.29942263277985615
965,13,425,2,2.0,1.0,2,0.31181968270800053
965,14,453,2,2.0,1.0,1,0.07094583540559596
965,15,471,2,2.0,1.0,1,0.08126419164162489
965,16,443,2,2.0,1.0,1,0.07094409969753432
965,17,401,2,2.0,1.0,1,0.07226937126030647
965,18,400,2,2.0,1.0,1,0.07091549075924032
965,19,434,2,2.0,1.0,1,0.058925755885645886
965,20,451,2,2.0,1.0,1,0.27557828790980504
965,21,424,2,2.0,1.0,2,0.29445627468451113
965,22,414,2,2.0,1.0,1,0.2968828535509443
965,23,444,2,2.0,1.0,1,0.2944487946737784
965,24,449,2,2.0,1.0,1,0.3177362654379329
965,25,370,2,2.0,1.0,1,0.0778205825995604
965,26,390,2,2.0,1.0,1,0.06323943426475029
965,27,425,2,2.0,1.0,1,0.2663884477280775
965,28,445,2,2.0,1.0,1,0.28163249663159723
965,29,377,2,2.0,1.0,1,0.2622722008039346
965,30,336,2,2.0,1.0,1,0.2981610254563562
965,31,310,2,2.0,1.0,3,0.25036254247862416
965,32,349,2,2.0,1.0,3,0.27730451837198916
965,33,351,2,2.0,1.0,3,0.32753948878112354
965,34,319,2,2.0,1.0,4,0.32799476799549887
965,35,340,2,2.0,1.0,5,0.2537268323823047
965,36,402,2,2.0,1.0,1,0.008300565212016383
965,37,438,2,2.0,1.0,4,0.006929268924175756
965,38,396,2,2.0,1.0,6,0.2183188679011404
965,39,403,2,2.0,1.0,4,0.22779192167397808
965,40,348,2,2.0,1.0,4,-0.49861643252447857
965,41,611,1,1.0,1.0,1,-0.75
966,1,787,2,2.0,1.0,3,0.034093363623380196
966,2,647,2,2.0,1.0,2,0.06478231654564429
966,3,609,2,2.0,1.0,1,0.06956430037106706
966,4,534,2,2.0,1.0,1,0.28035714285714386
966,5,531,2,2.0,1.0,2,0.29938486700789946
966,6,493,2,2.0,1.0,1,0.30959542364232595
966,7,487,2,2.0,1.0,1,0.3110850503762018
966,8,488,2,2.0,1.0,2,0.31780766955750706
966,9,547,2,2.0,1.0,2,0.31679056419131124
966,10,504,2,2.0,1.0,4,0.31441186462067605
966,11,450,2,2.0,1.0,4,0.28915055354271413
966,12,449,2,2.0,1.0,2,0.30666892552842845
966,13,403,2,2.0,1.0,5,0.3337879961587833
966,14,432,2,2.0,1.0,1,0.3791477401617447
966,15,414,2,2.0,1.0,4,0.49711741734257425
966,16,428,2,2.0,1.0,7,0.41609937448140527
966,17,1071,2,0.022408963585434174,1.0,4,0.9937246452514248
966,18,982,2,0.10896130346232179,1.0,4,0.972500263361191
967,1,778,2,2.0,1.0,3,0.03128704147743602
967,2,634,2,2.0,1.0,2,0.06478075461778131
967,3,590,2,2.0,1.0,2,0.06956778431034927
967,4,568,2,2.0,1.0,1,0.2845588235294095
967,5,514,2,2.0,1.0,5,0.2994437738329157
967,6,487,2,2.0,1.0,3,0.30934970281711976
967,7,477,2,2.0,1.0,1,0.31664754275247137
967,8,480,2,2.0,1.0,3,0.31142617440996107
967,9,472,2,2.0,1.0,1,0.31311707795206034
967,10,490,2,2.0,1.0,4,0.3117325647456479
967,11,480,2,2.0,1.0,1,0.3149282458669944
967,12,465,2,2.0,1.0,1,0.31948046304302613
967,13,431,2,2.0,1.0,4,0.30406374750597565
967,14,501,2,2.0,1.0,1,0.30316265060241376
967,15,458,2,2.0,1.0,1,0.30379116501653836
967,16,498,2,2.0,1.0,1,0.29652861234500133
967,17,472,2,2.0,1.0,1,0.30516007199286027
967,18,476,2,2.0,1.0,1,0.32105939824547686
967,19,443,2,2.0,1.0,1,0.3028511115715149
967,20,360,2,2.0,1.0,1,0.3238250203108
967,21,370,2,2.0,1.0,1,0.31973053304351245
967,22,330,2,2.0,1.0,2,0.33619067724582724
967,23,371,2,2.0,1.0,4,0.33901695470594806
967,24,385,2,2.0,1.0,4,0.32934892138673566
967,25,347,2,2.0,1.0,4,0.40096508582971185
967,26,366,2,2.0,1.0,2,0.4075388129970506
967,27,407,2,1.9950859950859952,1.0,3,0.499368386201276
967,28,1078,2,0.0037105751391465678,1.0,3,0.9990723562152134
968,1,787,2,2.0,1.0,3,0.03406226213655073
968,2,635,2,2.0,1.0,2,0.062420603674540685
968,3,581,2,2.0,1.0,2,0.06725366235465509
968,4,525,2,2.0,1.0,1,0.2803571428571437
968,5,502,2,2.0,1.0,5,0.299337835508626
968,6,464,2,2.0,1.0,3,0.30318611671773454
968,7,464,2,2.0,1.0,2,0.30694446496376326
968,8,479,2,2.0,1.0,1,0.07403503319180875
968,9,460,2,2.0,1.0,1,0.07984663686919763
968,10,471,2,2.0,1.0,1,0.3008301169087271
968,11,423,2,2.0,1.0,1,0.28708756671439434
968,12,439,2,2.0,1.0,1,0.3158036496773147
968,13,405,2,2.0,1.0,8,0.3749551191122676
968,14,467,2,2.0,1.0,4,0.3039695397487273
968,15,505,2,2.0,1.0,2,0.0793628056059702
968,16,442,2,2.0,1.0,4,0.04929591271924569
968,17,399,2,2.0,1.0,1,0.19748086073159016
968,18,376,2,2.0,1.0,4,0.24489574716700438
968,19,365,2,2.0,1.0,1,0.19854467308199036
968,20,377,2,2.0,1.0,1,0.23396440077622688
968,21,348,2,2.0,1.0,3,0.06669588025338001
968,22,380,2,2.0,1.0,4,0.013369008621055578
968,23,345,2,2.0,1.0,1,-0.11281874240448896
968,24,581,1,1.0,1.0,1,-0.75
969,1,796,2,2.0,1.0,3,0.03395979427937232
969,2,633,2,2.0,1.0,2,0.062420352817272255
969,3,585,2,2.0,1.0,2,0.060077003709078584
969,4,520,2,2.0,1.0,2,0.05787037037037025
969,5,512,2,2.0,1.0,2,0.3037887097795294
969,6,478,2,2.0,1.0,3,0.3025448663447055
969,7,463,2,2.0,1.0,1,0.0813230125185895
969,8,495,2,2.0,1.0,1,0.057284243592293387
969,9,503,2,2.0,1.0,2,0.3118654714563457
969,10,455,2,2.0,1.0,2,0.31083798072664437
969,11,453,2,2.0,1.0,5,0.08314472341393428
969,12,465,2,2.0,1.0,2,0.334041777778311
969,13,475,2,2.0,1.0,7,0.3048645204104153
969,14,391,2,2.0,1.0,3,0.3794376369804953
969,15,449,2,2.0,1.0,7,0.4205453014538155
969,16,376,2,2.0,1.0,3,0.4230856814637853
969,17,332,2,2.0,1.0,3,0.3731416759155087
969,18,367,2,1.9891008174386922,1.0,4,0.4304819034267742
969,19,1054,2,0.03795066413662239,1.0,4,0.988897666016142
969,20,1183,2,0.014370245139475908,1.0,4,0.9960398092473565
969,21,966,2,0.09730848861283643,1.0,8,0.9728617585564528
970,1,774,2,2.0,1.0,3,0.03389660742210557
970,2,635,2,2.0,1.0,2,0.0647894072203245
970,3,599,2,2.0,1.0,1,0.06956411387145023
970,4,524,2,2.0,1.0,1,0.28035714285714364
970,5,513,2,2.0,1.0,2,0.2946727272226308
970,6,498,2,2.0,1.0,2,0.2895112390029405
970,7,522,2,2.0,1.0,2,0.07133365590493608
970,8,497,2,2.0,1.0,4,0.2825531918219284
970,9,526,2,2.0,1.0,2,0.2947885265238881
970,10,541,2,2.0,1.0,2,0.04126698595399687
970,11,534,2,2.0,1.0,1,0.033187625057719376
970,12,470,2,2.0,1.0,1,0.26951423559165927
970,13,474,2,2.0,1.0,5,0.02620135926242378
970,14,443,2,2.0,1.0,1,0.009224137531794243
970,15,512,2,2.0,1.0,2,0.003103578640478901
970,16,488,2,2.0,1.0,2,-0.005037850932847963
970,17,430,2,2.0,1.0,2,-0.05100975253973998
971,1,796,2,2.0,1.0,3,0.03397663981850543
971,2,624,2,2.0,1.0,2,0.062419204059829064
971,3,592,2,2.0,1.0,2,0.06721756400065278
971,4,524,2,2.0,1.0,1,0.28035714285714364
971,5,499,2,2.0,1.0,1,0.29943215159041514
971,6,496,2,2.0,1.0,1,0.29231417354912625
971,7,495,2,2.0,1.0,1,0.3049505448202446
971,8,477,2,2.0,1.0,3,0.30139486586861924
971,9,477,2,2.0,1.0,2,0.06928816565024375
971,10,473,2,2.0,1.0,2,0.2944243458260203
971,11,490,2,2.0,1.0,1,0.29812289371539474
971,12,517,2,2.0,1.0,1,0.29826889779684546
971,13,465,2,2.0,1.0,1,0.3022140187484306
971,14,455,2,2.0,1.0,1,0.2798521778129608
971,15,457,2,2.0,1.0,1,0.05497890121236294
971,16,436,2,2.0,1.0,1,0.24370303640852986
971,17,415,2,2.0,1.0,1,0.24641767018787913
971,18,399,2,2.0,1.0,1,0.2663218630143897
971,19,368,2,2.0,1.0,4,0.2799649913359064
971,20,372,2,2.0,1.0,2,0.2793294979716698
971,21,357,2,2.0,1.0,2,0.28209334131230496
971,22,370,2,2.0,1.0,5,0.10128036522594087
971,23,372,2,2.0,1.0,4,0.0819775445310264
971,24,422,2,2.0,1.0,2,0.29120714089487426
971,25,431,2,2.0,1.0,2,0.31552440488114664
971,26,395,2,2.0,1.0,3,0.07571654700342247
971,27,425,2,2.0,1.0,2,0.2821146004132152
971,28,372,2,2.0,1.0,2,0.2708679785501502
971,29,384,2,1.9192708333333333,1.0,2,-0.5201822916666666
972,1,794,2,2.0,1.0,3,0.03394827869527719
972,2,636,2,2.0,1.0,2,0.06478099907044879
972,3,607,2,2.0,1.0,2,0.06956799960786497
972,4,533,2,2.0,1.0,1,0.28823529411764365
972,5,521,2,2.0,1.0,1,0.2942876193815623
972,6,447,2,2.0,1.0,4,0.3066974428412557
972,7,449,2,2.0,1.0,1,0.07039295631444727
972,8,394,2,2.0,1.0,1,0.07605023405351305
972,9,394,2,2.0,1.0,2,0.08606471979200507
972,10,403,2,2.0,1.0,4,0.26672313202699727
972,11,369,2,2.0,1.0,4,0.264012623432111
972,12,329,2,2.0,1.0,4,0.26931893130872564
972,13,346,2,2.0,1.0,2,0.33822336692880917
972,14,311,2,2.0,1.0,5,0.3299568186870607
972,15,389,2,2.0,1.0,3,0.17019788735324354
972,16,404,2,2.0,1.0,3,0.15957712785471231
972,17,373,2,2.0,1.0,4,0.35202334766367427
972,18,391,2,2.0,1.0,7,0.36282413263105984
972,19,411,2,2.0,1.0,1,0.3623539965822349
972,20,450,2,2.0,1.0,2,0.14218702240922082
972,21,482,2,2.0,1.0,3,0.3791279253650342
972,22,444,2,2.0,1.0,4,0.3994309940909017
972,23,341,2,2.0,1.0,4,0.3274967154145388
972,24,335,2,2.0,1.0,3,0.33237630576772287
972,25,368,2,2.0,1.0,5,0.34494799491679956
972,26,359,2,2.0,1.0,2,0.32031447222097054
972,27,372,2,2.0,1.0,4,0.09954654044575169
972,28,372,2,2.0,1.0,1,0.3238940947981706
972,29,360,2,2.0,1.0,5,0.31685944518641784
972,30,372,2,2.0,1.0,1,0.3136839452290202
972,31,327,2,2.0,1.0,5,0.31715321101572413
972,32,429,2,2.0,1.0,4,0.3150226357922562
972,33,387,2,2.0,1.0,6,0.32657016373794284
972,34,369,2,2.0,1.0,6,0.32921848837532014
972,35,425,2,2.0,1.0,2,0.33011841888799753
972,36,393,2,2.0,1.0,1,0.10095340658778724
972,37,415,2,2.0,1.0,4,0.0941303358929808
972,38,399,2,2.0,1.0,2,0.3249357907759213
972,39,362,2,2.0,1.0,4,0.31615514590366584
972,40,411,2,2.0,1.0,1,0.2971255944218507
972,41,389,2,2.0,1.0,4,0.29970343571535585
972,42,306,2,2.0,1.0,3,0.289640841009428
972,43,299,2,2.0,1.0,4,0.2485792581642073
972,44,339,2,2.0,1.0,4,0.08009093118565372
972,45,368,2,2.0,1.0,1,0.008338311146296044
972,46,338,2,2.0,1.0,2,-0.00010065397394550514
972,47,327,2,2.0,1.0,4,-0.02467096642673946
972,48,340,2,2.0,1.0,6,-0.03391990563981157
972,49,427,2,2.0,1.0,1,-0.5
972,50,451,2,1.93569844789357,1.0,2,-0.5160753880266076
972,51,682,1,1.0,1.0,1,-0.75
973,1,795,2,2.0,1.0,3,0.03396936840730369
973,2,633,2,2.0,1.0,2,0.06746453241644249
973,3,594,2,2.0,1.0,1,0.06278373967053216
973,4,540,2,2.0,1.0,1,0.2888616557734172
973,5,507,2,2.0,1.0,4,0.29839403339190895
973,6,481,2,2.0,1.0,3,0.30826805510342536
973,7,480,2,2.0,1.0,4,0.2999760415944974
973,8,478,2,2.0,1.0,3,0.317895495094763
973,9,458,2,2.0,1.0,3,0.31160818017279246
973,10,479,2,2.0,1.0,2,0.31546030988911866
973,11,425,2,2.0,1.0,1,0.31367609042590694
973,12,453,2,2.0,1.0,1,0.32107548996383534
973,13,410,2,2.0,1.0,1,0.314549673669942
973,14,385,2,2.0,1.0,1,0.31405041575689985
973,15,429,2,2.0,1.0,2,0.3208414374195334
973,16,389,2,2.0,1.0,1,0.3419569838758201
973,17,309,2,2.0,1.0,4,0.31690193248531834
973,18,298,2,2.0,1.0,3,0.30143486827511884
973,19,310,2,2.0,1.0,1,0.2902336661971366
973,20,390,2,2.0,1.0,2,0.3331229500998552
973,21,344,2,2.0,1.0,4,0.39605172034525365
973,22,351,2,2.0,1.0,8,0.48255186605051176
973,23,398,2,2.0,1.0,4,0.4987303754598454
973,24,1025,2,0.003902439024390244,1.0,3,0.9990243902439024
974,1,786,2,2.0,1.0,3,0.03135878532757203
974,2,645,2,2.0,1.0,2,0.06746124031007796
974,3,590,2,2.0,1.0,1,0.06277720720277487
974,4,534,2,2.0,1.0,1,0.288758537122711
974,5,517,2,2.0,1.0,4,0.302901706673843
974,6,520,2,2.0,1.0,2,0.2965479268325086
974,7,499,2,2.0,1.0,1,0.07971030972403953
974,8,487,2,2.0,1.0,1,0.04263388963621292
974,9,494,2,2.0,1.0,1,0.044886876022733876
974,10,479,2,2.0,1.0,1,0.29360262608504617
974,11,485,2,2.0,1.0,2,0.2986172485784331
974,12,467,2,2.0,1.0,2,0.30732406145065927
974,13,462,2,2.0,1.0,4,0.3134562794926409
974,14,431,2,2.0,1.0,16,0.29063014508386575
974,15,456,2,2.0,1.0,1,0.0764666774052501
974,16,436,2,2.0,1.0,1,0.049327206938493316
974,17,420,2,2.0,1.0,1,0.07554734053015882
974,18,355,2,2.0,1.0,4,0.2681677487613608
974,19,341,2,2.0,1.0,3,0.2966792598316407
974,20,405,2,2.0,1.0,5,0.29405358799058295
974,21,371,2,2.0,1.0,5,0.3361745344573411
974,22,452,2,1.9955752212389382,1.0,5,0.4961305459564963
974,23,380,2,1.9763157894736842,1.0,3,0.5041342205235473
974,24,1004,2,0.012948207171314742,1.0,4,0.9967629482071713
975,1,795,2,2.0,1.0,3,0.03148577801993504
975,2,656,2,2.0,1.0,2,0.06746189024390291
975,3,606,2,2.0,1.0,2,0.06273441204788116
975,4,571,2,2.0,1.0,4,0.06244029613118931
975,5,558,2,2.0,1.0,5,0.06742142266335825
975,6,553,2,2.0,1.0,1,0.29519230769230587
975,7,496,2,2.0,1.0,4,0.29197333713145907
975,8,458,2,2.0,1.0,4,0.2899676994255843
975,9,478,2,2.0,1.0,3,0.3032807603832727
975,10,463,2,2.0,1.0,4,0.3462947513493801
975,11,513,2,2.0,1.0,1,0.3583230790061033
975,12,450,2,2.0,1.0,1,0.2975893264086388
975,13,507,2,2.0,1.0,1,0.31583956923043954
975,14,474,2,2.0,1.0,1,0.3220502370470502
975,15,431,2,2.0,1.0,4,0.14477183207296002
975,16,423,2,2.0,1.0,2,0.09081255279143259
975,17,377,2,2.0,1.0,8,0.2937490272888023
975,18,375,2,2.0,1.0,4,0.33918710644329136
975,19,394,2,2.0,1.0,4,0.4100079308233829
975,20,392,2,2.0,1.0,1,0.3979814434283019
975,21,350,2,2.0,1.0,4,0.40355545194571546
975,22,338,2,2.0,1.0,4,0.42620707944777975
975,23,399,2,2.0,1.0,4,0.4276788341038934
975,24,477,2,2.0,1.0,1,0.5
975,25,1226,2,0.0032626427406199023,1.0,7,0.9991843393148451
976,1,794,2,2.0,1.0,3,0.03409758904693907
976,2,633,2,2.0,1.0,2,0.062420352817272255
976,3,591,2,2.0,1.0,2,0.06725457656705845
976,4,523,2,2.0,1.0,1,0.28035714285714364
976,5,507,2,2.0,1.0,1,0.29922586625832054
976,6,476,2,2.0,1.0,3,0.2916579169629143
976,7,464,2,2.0,1.0,1,0.295939176268557
976,8,460,2,2.0,1.0,1,0.30573605871813464
976,9,462,2,2.0,1.0,3,0.30316401099392937
976,10,453,2,2.0,1.0,1,0.31578376793049145
976,11,453,2,2.0,1.0,1,0.09111334984700181
976,12,454,2,2.0,1.0,1,0.0962426163114507
976,13,440,2,2.0,1.0,4,0.06379659306940483
976,14,405,2,2.0,1.0,1,0.3078082745443875
976,15,432,2,2.0,1.0,4,0.31368454536782553
976,16,433,2,2.0,1.0,4,0.32483682957053706
976,17,407,2,2.0,1.0,4,0.3480754204727578
976,18,410,2,2.0,1.0,2,0.3507788239231931
976,19,438,2,2.0,1.0,2,0.3656022554382184
976,20,395,2,2.0,1.0,4,0.3155629535396534
976,21,373,2,2.0,1.0,3,0.26800567566236483
976,22,372,2,2.0,1.0,3,0.10984637660918338
976,23,383,2,2.0,1.0,1,0.30000291216946545
976,24,353,2,2.0,1.0,4,0.2778503884020829
976,25,296,2,2.0,1.0,4,0.279543365739295
976,26,298,2,2.0,1.0,4,0.28757024674687187
976,27,325,2,2.0,1.0,4,0.29523109974936257
976,28,356,2,2.0,1.0,3,0.17456148172187172
976,29,343,2,2.0,1.0,4,0.1695941693174961
976,30,344,2,2.0,1.0,1,0.342960345226854
976,31,374,2,2.0,1.0,4,0.3195023011389376
976,32,372,2,2.0,1.0,4,0.32453326181152353
976,33,356,2,2.0,1.0,4,0.3323734582341369
976,34,360,2,2.0,1.0,2,0.33573632132726466
976,35,373,2,2.0,1.0,2,0.3620724424973589
976,36,371,2,2.0,1.0,4,0.32960211724648486
976,37,301,2,2.0,1.0,4,0.3057929345540365
976,38,364,2,2.0,1.0,5,0.35448181193835787
976,39,1021,2,0.04113614103819784,1.0,3,0.9883940386371676
976,40,1004,2,0.00398406374501992,1.0,3,0.998845675691395
977,1,793,2,2.0,1.0,3,0.03380931613162823
977,2,645,2,2.0,1.0,2,0.06479794342777397
977,3,604,2,2.0,1.0,1,0.06956420789319415
977,4,523,2,2.0,1.0,1,0.28035714285714364
977,5,521,2,2.0,1.0,2,0.2888677923362227
977,6,493,2,2.0,1.0,3,0.3025918010882528
977,7,501,2,2.0,1.0,3,0.30432615691358605
977,8,502,2,2.0,1.0,2,0.30054363272372925
977,9,496,2,2.0,1.0,2,0.30767340887698336
977,10,510,2,2.0,1.0,6,0.3111504853499514
977,11,511,2,2.0,1.0,3,0.07690400272022527
977,12,453,2,2.0,1.0,4,0.3086553623309068
977,13,482,2,2.0,1.0,2,0.3105197843208593
977,14,503,2,2.0,1.01,1,0.2960672458369237
977,15,450,2,2.0,1.0,1,0.09108973450491321
977,16,407,2,2.0,1.0,1,0.0848278669790304
977,17,412,2,2.0,1.0,3,0.30832561423751437
977,18,409,2,2.0,1.0,1,0.3221346486352302
977,19,392,2,2.0,1.0,4,0.3131026134007688
977,20,389,2,2.0,1.0,1,0.2952897214240691
977,21,367,2,2.0,1.0,2,0.2947699131976265
977,22,387,2,2.0,1.0,3,0.2978877628075533
977,23,385,2,2.0,1.0,2,0.2939183412444098
977,24,331,2,2.0,1.0,3,0.2782413889819152
977,25,340,2,2.0,1.0,3,0.2769823891271366
977,26,355,2,2.0,1.0,8,0.24064394813988446
977,27,385,2,2.0,1.0,4,0.2955608984224878
977,28,355,2,2.0,1.0,4,0.3154173238440093
977,29,320,2,2.0,1.0,3,0.33771446587046516
977,30,186,2,1.978494623655914,1.0,4,0.5002363203554798
977,31,1018,2,0.10117878192534381,1.0,4,0.9745155096413161
978,1,770,2,2.0,1.0,3,0.031246433369431052
978,2,625,2,2.0,1.0,2,0.06242912716912717
978,3,556,2,2.0,1.0,2,0.03555963078482053
978,4,486,2,2.0,1.0,1,0.059776833025625434
978,5,462,2,2.0,1.0,4,0.27865153664538966
978,6,386,2,2.0,1.0,3,0.05974973611771943
978,7,387,2,2.0,1.0,4,0.07367565776979575
978,8,393,2,2.0,1.0,4,0.10439085879068148
978,9,404,2,2.0,1.0,2,0.34950153334350836
978,10,356,2,2.0,1.0,1,0.38223847206188216
978,11,379,2,2.0,1.0,4,0.38232665016459416
978,12,300,2,2.0,1.0,1,0.31677317608261024
978,13,325,2,2.0,1.0,4,0.329434215723661
978,14,252,2,2.0,1.0,5,0.306839846897615
978,15,325,2,2.0,1.0,3,0.3053548499827027
978,16,430,2,2.0,1.0,6,0.08183733169545669
978,17,428,2,2.0,1.0,2,0.08227953028673322
978,18,353,2,2.0,1.0,1,0.2876181550429308
978,19,358,2,2.0,1.0,4,0.3201188496389699
978,20,349,2,2.0,1.0,4,0.24253071278419552
978,21,290,2,2.0,1.0,1,0.022840089400362428
978,22,347,2,2.0,1.0,5,-0.020657923856323767
978,23,346,2,2.0,1.0,4,-0.06431464442912399
978,24,372,2,1.9166666666666667,1.0,1,-0.5208333333333334
978,25,605,1,1.0,1.0,1,-0.75
979,1,790,2,2.0,1.0,3,0.03136789110581329
979,2,653,2,2.0,1.0,2,0.06242855678154299
979,3,582,2,2.0,1.0,2,0.035589554794296534
979,4,509,2,2.0,1.0,1,0.058240752371400334
979,5,467,2,2.0,1.0,1,0.2639747387021391
979,6,414,2,2.0,1.0,1,0.27101376914481234
979,7,372,2,2.0,1.0,1,0.2545552987071284
979,8,401,2,2.0,1.0,1,0.29818096770795693
979,9,374,2,2.0,1.0,1,0.2835293350960543
979,10,373,2,2.0,1.0,4,0.2749655155448298
979,11,359,2,2.0,1.0,4,0.394660552447827
979,12,358,2,2.0,1.0,1,0.3508949638381225
979,13,366,2,2.0,1.0,4,0.35023059293142295
979,14,365,2,2.0,1.0,1,0.3560486900819554
979,15,409,2,2.0,1.0,2,0.35978487968142714
979,16,348,2,2.0,1.0,4,0.36130097569361225
979,17,423,2,2.0,1.0,4,0.4036773844273453
979,18,392,2,2.0,1.0,3,0.41399778008670785
979,19,354,2,2.0,1.0,5,0.3857507009452972
979,20,519,2,2.0,1.0,4,0.49830355728570236
979,21,1279,2,0.003127443315089914,1.0,14,0.9992181391712275
980,1,779,2,2.0,1.0,3,0.03136839038239582
980,2,630,2,2.0,1.0,2,0.06462743991983688
980,3,554,2,2.0,1.0,2,0.037653473505898115
980,4,502,2,2.0,1.0,2,0.05688754643262638
980,5,460,2,2.0,1.0,2,0.2763586287679591
980,6,378,2,2.0,1.0,1,0.2659159774095385
980,7,358,2,2.0,1.0,4,0.09784953228699979
980,8,387,2,2.0,1.0,4,0.06367679547964339
980,9,338,2,2.0,1.0,4,0.31606481595589014
980,10,335,2,2.0,1.0,4,0.3306222197254274
980,11,365,2,2.0,1.0,3,0.33731245527231374
980,12,358,2,2.0,1.0,4,0.3185615111770786
980,13,264,2,2.0,1.0,4,0.2713653477437958
980,14,326,2,2.0,1.0,4,0.11192371889155579
980,15,243,2,2.0,1.0,4,0.12714963089942694
980,16,343,2,2.0,1.0,3,0.284822608385738
980,17,374,2,2.0,1.0,4,0.31836236644415467
980,18,307,2,2.0,1.0,6,0.31823996718701
980,19,329,2,2.0,1.0,1,0.2772848800186202
980,20,308,2,2.0,1.0,6,0.2704643461863344
980,21,289,2,1.9688581314878892,1.0,4,0.26633287159457375
980,22,287,2,2.0,1.0,6,0.3779795905204095
980,23,401,2,2.0,1.0,1,0.31982779853112314
980,24,377,2,2.0,1.0,4,0.31364980003504805
980,25,369,2,2.0,1.0,4,0.2771566713019475
980,26,282,2,2.0,1.0,4,0.2335376045417289
980,27,292,2,2.0,1.0,3,0.046404781527756095
980,28,336,2,2.0,1.0,1,0.01380997517372082
980,29,342,2,2.0,1.0,7,0.0023460337634741923
980,30,394,2,2.0,1.0,4,-0.016707127947115246
980,31,382,2,2.0,1.0,2,0.006473059161822787
980,32,339,2,2.0,1.0,4,-0.02710657698809226
980,33,610,1,1.0,1.0,1,-0.75
981,1,779,2,2.0,1.0,3,0.031158568858520582
981,2,621,2,2.0,1.0,2,0.06242487532745181
981,3,557,2,2.0,1.0,2,0.035613220602368705
981,4,500,2,2.0,1.0,1,0.05977138079312007
981,5,478,2,2.0,1.0,1,0.27383564988103315
981,6,420,2,2.0,1.0,1,0.27826185166860373
981,7,394,2,2.0,1.0,1,0.27025649809853947
981,8,352,2,2.0,1.0,3,0.24733295795000332
981,9,373,2,2.0,1.0,2,0.03692115683545152
981,10,328,2,2.0,1.0,4,0.01733304529687185
981,11,382,2,2.0,1.0,2,0.027251752925112428
981,12,392,2,2.0,1.0,4,0.2240380198342338
981,13,342,2,2.0,1.0,4,0.21352538913403263
981,14,351,2,2.0,1.0,1,-0.02455272747328832
981,15,363,2,2.0,1.0,8,-0.03881205506624894
981,16,338,2,1.9970414201183433,1.0,5,-0.5007396449704142
981,17,584,1,1.0,1.0,1,-0.75
982,1,786,2,2.0,1.0,3,0.03397605892940709
982,2,661,2,2.0,1.0,2,0.062431474953371605
982,3,578,2,2.0,1.0,2,0.037492986065650616
982,4,515,2,2.0,1.0,2,0.27976144944591563
982,5,461,2,2.0,1.0,4,0.27316157502629956
982,6,416,2,2.0,1.0,3,0.2854079143794103
982,7,362,2,2.0,1.0,4,0.2641962130144241
982,8,378,2,2.0,1.0,3,0.2901016728442676
982,9,363,2,2.0,1.0,4,0.06629481534408663
982,10,367,2,2.0,1.0,4,0.04505658023558269
982,11,368,2,2.0,1.0,4,0.3340736644401657
982,12,326,2,2.0,1.0,4,0.3332736987612436
982,13,359,2,2.0,1.0,4,0.30976476401972414
982,14,322,2,2.0,1.0,4,0.318465583414363
982,15,329,2,2.0,1.0,4,0.31334512613608007
982,16,330,2,2.0,1.0,4,0.24040255187894607
982,17,359,2,2.0,1.0,4,0.001963315508734681
982,18,412,2,2.0,1.0,1,0.004748337277511
982,19,358,2,2.0,1.0,4,-0.002313417234426514
982,20,402,2,2.0,1.0,2,-0.015424841884358418
982,21,386,2,2.0,1.0,1,-0.5
982,22,625,1,1.0,1.0,1,-0.75
983,1,783,2,2.0,1.0,3,0.03136369579253129
983,2,637,2,2.0,1.0,2,0.06462127482225732
983,3,568,2,2.0,1.0,2,0.03763525246257273
983,4,489,2,2.0,1.0,2,0.05694444444444383
983,5,478,2,2.0,1.0,1,0.26839318975477316
983,6,455,2,2.0,1.0,4,0.26812410426194433
983,7,454,2,2.0,1.0,2,0.26800408074229864
983,8,383,2,2.0,1.0,5,0.23990846112352146
983,9,337,2,2.0,1.0,4,0.15596507536848922
983,10,385,2,2.0,1.0,1,0.026942591337503295
983,11,428,2,2.0,1.0,4,0.036560158632086094
983,12,402,2,2.0,1.0,4,0.22674348271028927
983,13,421,2,2.0,1.0,4,0.08622419976790577
983,14,384,2,2.0,1.0,2,0.23693724464113128
983,15,363,2,2.0,1.0,4,0.2341374878975535
983,16,337,2,2.0,1.0,3,0.21628246002074322
983,17,339,2,2.0,1.0,1,0.2153227711904371
983,18,337,2,2.0,1.0,5,-0.5
983,19,541,1,1.0,1.0,2,-0.75
984,1,786,2,2.0,1.0,3,0.030729877579495385
984,2,652,2,2.0,1.0,2,0.06463015429959167
984,3,569,2,2.0,1.0,2,0.03765658458853701
984,4,511,2,2.0,1.0,1,0.05683265265605886
984,5,468,2,2.0,1.0,1,0.2811842064890845
984,6,428,2,2.0,1.0,1,0.28386905388911465
984,7,439,2,2.0,1.0,4,0.25778153986748614
984,8,421,2,2.0,1.0,4,0.27462137609579174
984,9,379,2,2.0,1.0,5,0.04282761601504166
984,10,383,2,2.0,1.0,1,0.24312208568206964
984,11,380,2,2.0,1.0,1,0.009426147677659712
984,12,381,2,2.0,1.0,2,0.23242682199060566
984,13,379,2,2.0,1.0,4,0.23156376013446411
984,14,317,2,2.0,1.0,5,0.22112978905785546
984,15,244,2,2.0,1.0,5,0.21676039251802856
984,16,318,2,2.0,1.0,2,0.013302048835461287
984,17,359,2,1.9944289693593316,1.0,2,-0.26219137756394056
985,1,777,2,2.0,1.0,3,0.031249417729648978
985,2,632,2,2.0,1.0,2,0.06462764733292643
985,3,549,2,2.0,1.0,2,0.03758244264925167
985,4,477,2,2.0,1.0,1,0.05679202240249492
985,5,463,2,2.0,1.0,1,0.2649744257486895
985,6,404,2,2.0,1.0,2,0.04763208919359044
985,7,417,2,2.0,1.0,2,0.25329005242970987
985,8,393,2,2.0,1.0,5,0.305467727553064
985,9,358,2,2.0,1.0,4,0.3252240220402302
985,10,362,2,2.0,1.0,3,0.32941738848169094
985,11,344,2,2.0,1.0,1,0.3615533701087909
985,12,345,2,2.0,1.0,4,0.09671686434406072
985,13,380,2,2.0,1.0,5,0.0006110191022441584
985,14,362,2,2.0,1.0,2,0.0704874443748133
985,15,369,2,2.0,1.0,10,-0.007572341016009041
985,16,332,2,2.0,1.0,4,-0.018567130671367484
985,17,371,2,2.0,1.0,4,-0.04237418624211117
985,18,618,1,1.0,1.0,1,-0.75
986,1,778,2,2.0,1.0,3,0.031220721354894457
986,2,634,2,2.0,1.0,2,0.06462785343741606
986,3,552,2,2.0,1.0,2,0.03764909936738422
986,4,495,2,2.0,1.0,2,0.056944444444443826
986,5,457,2,2.0,1.0,4,0.2775598853451032
986,6,403,2,2.0,1.0,3,0.2713706715037193
986,7,391,2,2.0,1.0,4,0.27119811437597524
986,8,409,2,2.0,1.0,2,0.30545331321192387
986,9,391,2,2.0,1.0,1,0.27781972785492826
986,10,350,2,2.0,1.0,1,0.06065295168633474
986,11,352,2,2.0,1.0,4,0.058166617768027076
986,12,349,2,2.0,1.0,3,0.3532413942646036
986,13,340,2,2.0,1.0,4,0.3329348140941926
986,14,335,2,2.0,1.0,4,0.33257912659640604
986,15,361,2,2.0,1.0,4,0.32597643186592345
986,16,380,2,2.0,1.0,4,0.33563208067771655
986,17,353,2,2.0,1.0,3,0.34830053780902054
986,18,378,2,2.0,1.0,3,0.14090054742509725
986,19,333,2,1.93993993993994,1.0,1,0.20137844232887445
986,20,297,2,2.0,1.0,4,0.34943494274821213
986,21,375,2,2.0,1.0,4,0.3663139622222569
986,22,255,2,2.0,1.0,4,0.31660209025403424
986,23,325,2,2.0,1.0,4,0.39286724100479875
986,24,358,2,2.0,1.0,4,0.40513229314908517
986,25,399,2,2.0,1.0,1,0.4138967185551833
986,26,391,2,2.0,1.0,1,0.16690834098003451
986,27,383,2,2.0,1.0,1,0.3573482308623044
986,28,317,2,2.0,1.0,4,0.1676767688724769
986,29,255,2,2.0,1.0,4,0.38280878750027764
986,30,235,2,2.0,1.0,4,0.14601737952311958
986,31,289,2,2.0,1.0,4,0.38570853777297126
986,32,294,2,2.0,1.0,4,0.3865913951597571
986,33,358,2,2.0,1.0,3,0.41889870669965645
986,34,276,2,2.0,1.0,2,0.3275501662729933
986,35,400,2,2.0,1.0,4,0.34373243290971733
986,36,365,2,2.0,1.0,4,0.3450503757427226
986,37,345,2,1.9971014492753623,1.0,2,0.39901601008083565
986,38,343,2,2.0,1.0,3,0.3746072207841715
986,39,332,2,2.0,1.0,3,0.40636460359284443
986,40,327,2,1.761467889908257,1.0,2,0.4894093855555067
986,41,377,2,2.0,1.0,4,0.36981272446744723
986,42,393,2,2.0,1.0,2,0.3614517595945387
986,43,312,2,2.0,1.0,4,0.3893730074584416
986,44,319,2,2.0,1.0,5,0.39466954398035003
986,45,222,2,2.0,1.0,4,0.4082171970025026
986,46,317,2,2.0,1.0,3,0.4193911729533711
986,47,305,2,1.9540983606557376,1.0,4,0.4476701001155917
986,48,1118,2,0.07245080500894455,1.0,4,0.9807484646308305
986,49,1231,2,0.007311129163281885,1.0,2,0.9980426975644837
987,1,784,2,2.0,1.0,3,0.033632734817800394
987,2,635,2,2.0,1.0,2,0.06462104897144196
987,3,556,2,2.0,1.0,2,0.03765788183965985
987,4,487,2,2.0,1.0,1,0.05682714340981403
987,5,456,2,2.0,1.0,1,0.26365303176237853
987,6,411,2,2.0,1.0,1,0.2622649166651245
987,7,390,2,2.0,1.0,2,0.2562991164517251
987,8,371,2,2.0,1.0,4,0.25888940983068637
987,9,328,2,2.0,1.0,5,0.023353846430673647
987,10,349,2,2.0,1.0,5,0.006159238644889921
987,11,373,2,2.0,1.0,4,0.23837009785625343
987,12,350,2,2.0,1.0,4,0.2391324525150981
987,13,350,2,2.0,1.0,6,0.23102000755670427
987,14,328,2,2.0,1.0,4,0.21265028432669844
987,15,307,2,2.0,1.0,5,0.00025942583770524293
987,16,363,2,1.9944903581267217,1.0,4,-0.4987521166628756
987,17,316,2,2.0,1.0,4,-0.029586195114427772
987,18,308,2,2.0,1.0,2,-0.028513117995859694
987,19,567,1,1.0,1.0,1,-0.75
988,1,786,2,2.0,1.0,3,0.03380295574199195
988,2,639,2,2.0,1.0,2,0.06462149925929607
988,3,567,2,2.0,1.0,1,0.03761129896657566
988,4,501,2,2.0,1.0,1,0.056944444444443826
988,5,480,2,2.0,1.0,4,0.275538426150019
988,6,426,2,2.0,1.0,6,0.2694134888484276
988,7,387,2,2.0,1.0,1,0.262113874975299
988,8,363,2,2.0,1.0,1,0.0495640842969284
988,9,348,2,2.0,1.0,5,0.04747602635533513
988,10,372,2,2.0,1.0,2,0.25859810756506507
988,11,350,2,2.0,1.0,1,0.04667217127312436
988,12,362,2,2.0,1.0,7,0.04139725636895768
988,13,398,2,2.0,1.0,4,0.00022775195910524333
988,14,373,2,2.0,1.0,1,0.21975627429854255
988,15,369,2,2.0,1.0,1,-0.01938847526506971
988,16,354,2,2.0,1.0,5,-0.024866605013644145
988,17,372,2,2.0,1.0,2,-0.02817675120295494
988,18,389,2,1.9588688946015425,1.0,1,-0.5102827763496144
988,19,607,1,1.0,1.0,1,-0.75
989,1,762,2,2.0,1.0,3,0.03135407311443756
989,2,642,2,2.0,1.0,2,0.06463656210130966
989,3,573,2,2.0,1.0,1,0.03759935884389034
989,4,497,2,2.0,1.0,1,0.05679293150205524
989,5,468,2,2.0,1.0,4,0.2782464180203523
989,6,420,2,2.0,1.0,5,0.27725248327267715
989,7,373,2,2.0,1.0,3,0.25296881339565963
989,8,357,2,2.0,1.0,3,0.2531859163196185
989,9,394,2,2.0,1.0,3,0.002249777587073858
989,10,341,2,2.0,1.0,2,0.05451882434808962
989,11,399,2,2.0,1.0,3,0.2426293710696595
989,12,410,2,2.0,1.0,4,0.2588500810974028
989,13,371,2,2.0,1.0,3,0.2125408718672357
989,14,311,2,2.0,1.0,4,-0.018257069953065048
989,15,397,2,2.0,1.0,2,-0.03308398094600878
990,1,787,2,2.0,1.0,3,0.03364936778305981
990,2,638,2,2.0,1.0,2,0.06242687708204949
990,3,569,2,2.0,1.0,2,0.03561982863644635
990,4,494,2,2.0,1.0,1,0.05814709266615982
990,5,474,2,2.0,1.0,1,0.2641601606467439
990,6,419,2,2.0,1.0,4,0.2809755745980292
990,7,408,2,2.0,1.0,4,0.25596326171008976
990,8,398,2,2.0,1.0,1,0.265412762356813
990,9,379,2,2.0,1.0,5,0.09800827006564229
990,10,358,2,2.0,1.0,2,0.0353460091387379
990,11,351,2,2.0,1.0,1,0.015865992276832414
990,12,316,2,2.0,1.0,1,0.3011467625545796
990,13,349,2,2.0,1.0,3,0.14116295303848744
990,14,388,2,2.0,1.0,3,0.13916404505734986
990,15,326,2,2.0,1.0,4,0.06443693039728243
990,16,322,2,2.0,1.0,1,0.03390001101523332
990,17,386,2,2.0,1.0,4,-0.0009329509005674913
990,18,391,2,2.0,1.0,4,3.861786304384436e-05
990,19,361,2,1.9390581717451523,1.0,4,-0.05422939393628648
990,20,373,2,1.9946380697050938,1.0,4,-0.5013404825737265
990,21,359,2,1.9972144846796658,1.0,4,-0.07522603771861676
990,22,360,2,1.9194444444444445,1.0,5,-0.5187615740740741
991,1,786,2,2.0,1.0,3,0.03133635377244923
991,2,639,2,2.0,1.0,2,0.06463667853895108
991,3,566,2,2.0,1.0,1,0.0376247901902582
991,4,499,2,2.0,1.0,1,0.056861186140396154
991,5,473,2,2.0,1.0,1,0.26840102986685827
991,6,427,2,2.0,1.0,1,0.2634739540853287
991,7,408,2,2.0,1.0,1,0.273683516216311
991,8,402,2,2.0,1.0,1,0.06559171308243977
991,9,375,2,2.0,1.0,6,0.0927456376098596
991,10,367,2,2.0,1.0,4,0.10276887518090387
991,11,423,2,2.0,1.0,3,0.2521782459283113
991,12,393,2,2.0,1.0,4,0.30580251638558276
991,13,377,2,2.0,1.0,4,0.31081098814655184
991,14,359,2,2.0,1.0,1,0.3037498544156869
991,15,403,2,2.0,1.0,2,0.3225349527973795
991,16,379,2,2.0,1.0,4,0.31736184426544856
991,17,379,2,2.0,1.0,4,0.3264127809276823
991,18,413,2,2.0,1.0,1,0.09924206081734602
991,19,395,2,2.0,1.0,2,0.13877275947692144
991,20,379,2,2.0,1.0,2,0.06227231062867904
991,21,373,2,2.0,1.0,1,0.06846642348510942
991,22,464,2,2.0,1.0,2,0.0577660320134156
991,23,370,2,2.0,1.0,2,0.007235818188223549
991,24,415,2,2.0,1.0,3,-0.023582581347490788
991,25,427,2,1.9976580796252927,1.0,2,-0.4776639344262294
992,1,790,2,2.0,1.0,3,0.03408129658643594
992,2,637,2,2.0,1.0,2,0.06242676228939965
992,3,580,2,2.0,1.0,2,0.03557950590529121
992,4,515,2,2.0,1.0,1,0.05824236443168445
992,5,478,2,2.0,1.0,1,0.2793977433936181
992,6,431,2,2.0,1.0,1,0.2720175277759612
992,7,406,2,2.0,1.0,1,0.05020194332061356
992,8,425,2,2.0,1.0,2,0.28349790646151474
992,9,382,2,2.0,1.0,4,0.07714760288051908
992,10,397,2,2.0,1.0,4,0.301023725101712
992,11,401,2,2.0,1.0,1,0.10568067762312126
992,12,322,2,2.0,1.0,4,0.2764813269550539
992,13,319,2,2.0,1.0,1,0.07851620618950685
992,14,348,2,2.0,1.0,6,0.08849114528497413
992,15,405,2,2.0,1.0,2,0.3164282727270804
992,16,450,2,2.0,1.0,1,0.32222942257811893
992,17,391,2,2.0,1.0,4,0.31109217407875744
992,18,367,2,2.0,1.0,4,0.22487272392526292
992,19,391,2,2.0,1.0,5,-0.016202991910162706
992,20,363,2,2.0,1.0,8,-0.035765664559852556
992,21,350,2,2.0,1.0,6,-0.024449434741374516
992,22,393,2,2.0,1.0,2,-0.5
992,23,674,1,1.0,1.0,1,-0.75
993,1,782,2,2.0,1.0,3,0.03397072970473431
993,2,642,2,2.0,1.0,2,0.06463656210130966
993,3,552,2,2.0,1.0,2,0.037614356464862865
993,4,492,2,2.0,1.0,1,0.056944444444443826
993,5,464,2,2.0,1.0,4,0.2775655569761541
993,6,382,2,2.0,1.0,5,0.27998687282941537
993,7,404,2,2.0,1.0,3,0.29181938248769834
993,8,416,2,2.0,1.0,1,0.05549769335979456
993,9,417,2,2.0,1.0,3,0.2900859985875704
993,10,383,2,2.0,1.0,4,0.32722562265445415
993,11,378,2,2.0,1.0,2,0.12913966500984286
993,12,369,2,2.0,1.0,4,0.08694016021034268
993,13,361,2,2.0,1.0,2,0.41227632198702424
993,14,363,2,2.0,1.0,3,0.3786540508146686
993,15,297,2,2.0,1.0,2,0.31257125985056294
993,16,312,2,2.0,1.0,2,0.30195634025073353
993,17,340,2,2.0,1.0,4,0.09511879321786479
993,18,329,2,2.0,1.0,3,0.10149789506876175
993,19,367,2,2.0,1.0,4,0.2782409186923028
993,20,351,2,2.0,1.0,4,0.3030241488572773
993,21,382,2,2.0,1.0,7,0.3101511454376729
993,22,380,2,2.0,1.0,4,0.3044541695934205
993,23,342,2,2.0,1.0,3,0.3101748334529297
993,24,361,2,2.0,1.0,4,0.029431347138486285
993,25,341,2,2.0,1.0,4,0.06913196872288227
993,26,367,2,2.0,1.0,3,0.08053388510574919
993,27,335,2,2.0,1.0,4,0.003095411770701852
993,28,410,2,2.0,1.0,6,0.19909876075848662
993,29,448,2,2.0,1.0,2,-0.5
993,30,712,1,1.0,1.0,1,-0.75
994,1,775,2,2.0,1.0,3,0.03131377479153543
994,2,639,2,2.0,1.0,2,0.062430679938504666
994,3,567,2,2.0,1.0,2,0.035596347779249866
994,4,485,2,2.0,1.0,1,0.05961588765526522
994,5,471,2,2.0,1.0,1,0.26185149360324145
994,6,420,2,2.0,1.0,1,0.2538084123877878
994,7,391,2,2.0,1.0,3,0.2506947586540392
994,8,394,2,2.0,1.0,4,0.04032512082011487
994,9,373,2,2.0,1.0,4,0.0175684356220104
994,10,427,2,2.0,1.0,2,0.0163806740030664
994,11,415,2,2.0,1.0,4,-0.002349249340866514
994,12,387,2,2.0,1.0,2,0.216235345422924
994,13,362,2,2.0,1.0,3,0.2208693079818004
994,14,349,2,2.0,1.0,6,0.16638596344780926
994,15,335,2,2.0,1.0,3,-0.5
994,16,552,1,1.0,1.0,2,-0.75
995,1,774,2,2.0,1.0,3,0.03132670339848804
995,2,638,2,2.0,1.0,2,0.06462138721666778
995,3,560,2,2.0,1.0,2,0.03765420875866098
995,4,501,2,2.0,1.0,1,0.05681487267011813
995,5,472,2,2.0,1.0,4,0.26840776001753686
995,6,426,2,2.0,1.0,1,0.2744929458605614
995,7,413,2,2.0,1.0,1,0.2723695410122544
995,8,399,2,2.0,1.0,1,0.2671290374314602
995,9,398,2,2.0,1.0,3,0.2729953285037361
995,10,366,2,2.0,1.0,2,0.32157475157624205
995,11,334,2,2.0,1.0,1,0.32871677876705346
995,12,333,2,2.0,1.0,5,0.13270292602169054
995,13,395,2,2.0,1.0,4,0.07009291386393952
995,14,335,2,2.0,1.0,5,0.2857555476156543
995,15,419,2,2.0,1.0,2,0.3082647271120154
995,16,382,2,2.0,1.0,3,0.3160883250602946
995,17,350,2,2.0,1.0,3,0.30482371201035896
995,18,281,2,2.0,1.0,4,0.2827663873324099
995,19,299,2,2.0,1.0,7,0.22465357425938814
995,20,353,2,2.0,1.0,2,0.21800933707177944
995,21,295,2,2.0,1.0,4,0.1972446894143901
995,22,311,2,1.9967845659163987,1.0,4,-0.052721431221120336
995,23,301,2,1.9335548172757475,1.0,4,-0.04936058376839095
996,1,786,2,2.0,1.0,3,0.02437665559005737
996,2,633,2,2.0,1.0,2,0.06243305068344562
996,3,552,2,2.0,1.0,2,0.035599700355507434
996,4,495,2,2.0,1.0,1,0.05965037763141385
996,5,473,2,2.0,1.0,1,0.282056954963095
996,6,417,2,2.0,1.0,3,0.26304569300933234
996,7,435,2,2.0,1.0,3,0.26297353653419236
996,8,402,2,2.0,1.0,1,0.25193437333612434
996,9,368,2,2.0,1.0,2,0.2445810359399682
996,10,363,2,2.0,1.0,1,0.04392338576067514
996,11,362,2,2.0,1.0,1,0.00989526286952909
996,12,409,2,2.0,1.0,6,0.23466250346806308
996,13,436,2,2.0,1.0,5,-0.0006695658927743118
996,14,386,2,2.0,1.0,5,-0.008226435033530738
996,15,332,2,2.0,1.0,1,-0.02583877910682439
996,16,384,2,2.0,1.0,1,-0.5
996,17,647,1,1.0,1.0,1,-0.75
997,1,785,2,2.0,1.0,3,0.03405013099045477
997,2,627,2,2.0,1.0,2,0.06242559422383983
997,3,557,2,2.0,1.0,2,0.035647422218706766
997,4,486,2,2.0,1.0,1,0.05963722208647189
997,5,459,2,2.0,1.0,1,0.2669048476910972
997,6,412,2,2.0,1.0,3,0.2527546912721429
997,7,386,2,2.0,1.0,4,0.11223804973966177
997,8,335,2,2.0,1.0,1,0.10194047934497756
997,9,367,2,2.0,1.0,4,0.31456125964655735
997,10,363,2,2.0,1.0,4,0.30923388110638883
997,11,310,2,2.0,1.0,8,0.2894969471741486
997,12,362,2,2.0,1.0,3,0.30672860840043226
997,13,357,2,2.0,1.0,3,0.10184685522679066
997,14,395,2,2.0,1.0,4,0.10088318481856724
997,15,335,2,2.0,1.0,6,0.16571651575620874
997,16,357,2,2.0,1.0,1,0.15064414951867067
997,17,400,2,2.0,1.0,2,0.267530005970997
997,18,410,2,2.0,1.0,2,0.30197472888426785
997,19,432,2,2.0,1.0,6,0.29123354195957657
997,20,373,2,2.0,1.0,4,0.046487033166298646
997,21,366,2,2.0,1.0,5,0.2522631967413072
997,22,346,2,2.0,1.0,1,0.018173556168625316
997,23,333,2,2.0,1.0,2,0.020748684472252713
997,24,356,2,2.0,1.0,5,-0.01662844036697238
997,25,387,2,2.0,1.0,2,-0.016657934337153332
997,26,369,2,2.0,1.0,2,-0.06347985208824065
997,27,648,1,1.0,1.0,1,-0.75
998,1,777,2,2.0,1.0,3,0.03398880555040743
998,2,650,2,2.0,1.0,2,0.06463725650567677
998,3,565,2,2.0,1.0,1,0.03761531291262185
998,4,494,2,2.0,1.0,1,0.056944444444443826
998,5,472,2,2.0,1.0,4,0.26525598012675117
998,6,393,2,2.0,1.0,1,0.058831815585247055
998,7,390,2,2.0,1.0,1,0.26865842807400564
998,8,386,2,2.0,1.0,1,0.3004700286272955
998,9,361,2,2.0,1.0,4,0.3075564093446294
998,10,338,2,2.0,1.0,6,0.2843947006758595
998,11,353,2,2.0,1.0,4,0.31170411396679815
998,12,338,2,2.0,1.0,5,0.3196598851321642
998,13,351,2,2.0,1.0,3,0.27349751462314403
998,14,299,2,2.0,1.0,4,0.10535611908285873
998,15,228,2,2.0,1.0,4,0.25491427289631624
998,16,315,2,2.0,1.0,1,0.01607104375744619
998,17,449,2,2.0,1.0,2,0.23538766998512775
998,18,402,2,2.0,1.0,5,-0.016651262038431563
998,19,366,2,2.0,1.0,1,-0.031088158759167893
998,20,375,2,2.0,1.0,4,-0.06579538092443299
998,21,641,1,1.0,1.0,1,-0.75
999,1,793,2,2.0,1.0,3,0.016652356079627804
999,2,638,2,2.0,1.0,3,0.06243301717439648
999,3,569,2,2.0,1.0,2,0.03557026760133774
999,4,503,2,2.0,1.0,3,0.05955990741398035
999,5,470,2,2.0,1.0,3,0.27686972420503686
999,6,422,2,2.0,1.0,4,0.26364154809520446
999,7,397,2,2.0,1.0,5,0.2690346131744402
999,8,388,2,2.0,1.0,5,0.24687279869090345
999,9,435,2,2.0,1.0,4,0.2507007746018152
999,10,416,2,2.0,1.0,4,-0.002882907718554186
999,11,381,2,2.0,1.0,4,-0.006939279549582121
999,12,348,2,2.0,1.0,4,-0.015839764323777504
999,13,356,2,2.0,1.0,4,-0.0196749695068138
999,14,409,2,2.0,1.0,6,-0.5
999,15,663,1,1.0,1.0,1,-0.75
1000,1,799,2,2.0,1.0,3,0.03387675817973368
1000,2,640,2,2.0,1.0,2,0.06463638578770084
1000,3,549,2,2.0,1.0,1,0.03765859672832514
1000,4,501,2,2.0,1.0,1,0.056804506928172065
1000,5,455,2,2.0,1.0,4,0.27760873608791875
1000,6,420,2,2.0,1.0,4,0.2666101365662655
1000,7,385,2,2.0,1.0,1,0.2545247018755439
1000,8,278,2,2.0,1.0,5,0.22946495649272441
1000,9,346,2,2.0,1.0,4,0.2215689136878563
1000,10,348,2,2.0,1.0,4,0.01620948082117242
1000,11,426,2,2.0,1.0,3,0.25853181539298076
1000,12,365,2,2.0,1.0,4,-0.005530926269109022
1000,13,347,2,2.0,1.0,4,0.2156766396764119
1000,14,327,2,2.0,1.0,4,-0.04764188208637727
1000,15,304,2,1.993421052631579,1.0,3,-0.08672306844805888
1001,1,787,2,2.0,1.0,3,0.03134870851301248
1001,2,631,2,2.0,1.0,2,0.0646350141627055
1001,3,561,2,2.0,1.0,1,0.03762590240229258
1001,4,483,2,2.0,1.0,1,0.05693906842299976
1001,5,470,2,2.0,1.0,1,0.2674084502114519
1001,6,412,2,2.0,1.0,1,0.2615575432038907
1001,7,407,2,2.0,1.0,1,0.2639426193436774
1001,8,371,2,2.0,1.0,1,0.24276645653570295
1001,9,353,2,2.0,1.0,1,0.2774465035815922
1001,10,372,2,2.0,1.0,4,0.03544315544079762
1001,11,333,2,2.0,1.0,4,0.08382216867326968
1001,12,338,2,2.0,1.0,5,0.33349281778721035
1001,13,343,2,2.0,1.0,4,0.32805372536181543
1001,14,363,2,2.0,1.0,1,0.33444929911556126
1001,15,372,2,2.0,1.0,3,0.32954977185006235
1001,16,374,2,2.0,1.0,1,0.329929144654316
1001,17,308,2,2.0,1.0,4,0.2784714493437591
1001,18,348,2,2.0,1.0,3,0.010002337338258106
1001,19,374,2,2.0,1.0,4,0.0011086541491520663
1001,20,413,2,2.0,1.0,2,-0.0035305134548198358
1001,21,400,2,2.0,1.0,1,-0.016656328596130088
1001,22,408,2,1.9975490196078431,1.0,2,-0.5006127450980392
1001,23,382,2,1.9371727748691099,1.0,1,-0.09071044211751003
1002,1,786,2,2.0,1.0,3,0.03393443179140015
1002,2,630,2,2.0,1.0,2,0.062429689651911875
1002,3,558,2,2.0,1.0,2,0.03558858331744621
1002,4,483,2,2.0,1.0,1,0.05977098560814481
1002,5,455,2,2.0,1.0,1,0.269687802068714
1002,6,422,2,2.0,1.0,3,0.24373999436457155
1002,7,444,2,2.0,1.0,1,0.25696494048956864
1002,8,403,2,2.0,1.0,6,0.05052223439491101
1002,9,370,2,2.0,1.0,4,0.2604970279657001
1002,10,363,2,2.0,1.0,4,0.30910016099113496
1002,11,379,2,2.0,1.0,2,0.32229892443016933
1002,12,353,2,2.0,1.0,4,0.26880611116078845
1002,13,322,2,2.0,1.0,4,0.027344948695522127
1002,14,333,2,2.0,1.0,4,0.02892277994214654
1002,15,322,2,2.0,1.0,1,0.023421235206906275
1002,16,370,2,2.0,1.0,4,0.007778586760709957
1002,17,391,2,2.0,1.0,4,-0.017204219747392863
1002,18,368,2,2.0,1.0,4,-0.028535155737957025
1002,19,323,2,2.0,1.0,5,-0.03319054865870858
1002,20,401,2,1.9975062344139651,1.0,6,-0.4982616656556806
1002,21,637,1,1.0,1.0,1,-0.75
1003,1,800,2,2.0,1.0,3,0.033622536001667896
1003,2,637,2,2.0,1.0,2,0.06463556017488853
1003,3,564,2,2.0,1.0,2,0.037648257409260207
1003,4,497,2,2.0,1.0,1,0.056944444444443826
1003,5,472,2,2.0,1.0,1,0.27609903614863773
1003,6,420,2,2.0,1.0,1,0.259381750374815
1003,7,424,2,2.0,1.0,2,0.29048369203431373
1003,8,417,2,2.0,1.0,1,0.25980457422834013
1003,9,394,2,2.0,1.0,3,0.062312687346824304
1003,10,392,2,2.0,1.0,2,0.28509170447985666
1003,11,402,2,2.0,1.0,4,0.2876221007537742
1003,12,340,2,2.0,1.0,1,0.2933891213651445
1003,13,344,2,2.0,1.0,3,0.31036663578478774
1003,14,348,2,2.0,1.0,4,0.02940727584363082
1003,15,331,2,2.0,1.0,5,0.02587520608067132
1003,16,347,2,2.0,1.0,2,0.029375418036869202
1003,17,376,2,2.0,1.0,1,-0.011200565893781069
1003,18,355,2,2.0,1.0,1,-0.020853660413691577
1003,19,330,2,2.0,1.0,4,-0.02928365419893859
1003,20,313,2,2.0,1.0,13,-0.02770323957834623
1003,21,295,2,2.0,1.0,1,-0.12588838628271626
1003,22,282,2,1.929078014184397,1.0,1,-0.12134408344514658
1004,1,778,2,2.0,1.0,3,0.03102026224972943
1004,2,629,2,2.0,1.0,2,0.062429577870754344
1004,3,563,2,2.0,1.0,2,0.03558272270786568
1004,4,509,2,2.0,1.0,1,0.2809257169574672
1004,5,457,2,2.0,1.0,1,0.27626531606405713
1004,6,423,2,2.0,1.0,1,0.2773551148032182
1004,7,368,2,2.0,1.0,1,0.2743715463535382
1004,8,373,2,2.0,1.0,1,0.2985114780507554
1004,9,384,2,2.0,1.0,4,0.32505785641330626
1004,10,390,2,2.0,1.0,2,0.29559159052785383
1004,11,381,2,2.0,1.0,4,0.06303216224509571
1004,12,417,2,2.0,1.0,2,0.024221706072728708
1004,13,431,2,2.0,1.0,4,0.00495953000729319
1004,14,424,2,2.0,1.0,3,0.012368337579791342
1004,15,368,2,2.0,1.0,4,0.22485757394591827
1004,16,335,2,2.0,1.0,6,0.20083468076071964
1004,17,325,2,2.0,1.0,7,-0.005372802705709671
1004,18,351,2,2.0,1.0,3,-0.04836376902230574
1004,19,340,2,1.9529411764705882,1.0,1,-0.5117647058823529
1005,1,773,2,2.0,1.0,3,0.021834825044233383
1005,2,632,2,2.0,1.0,2,0.06241597244761802
1005,3,561,2,2.0,1.0,2,0.035525753569258384
1005,4,495,2,2.0,1.0,2,0.059619255757091226
1005,5,477,2,2.0,1.0,1,0.2675872152094865
1005,6,400,2,2.0,1.0,5,0.26352704557611784
1005,7,399,2,2.0,1.0,2,0.2679805550728103
1005,8,355,2,2.0,1.0,4,0.2757775443857487
1005,9,407,2,2.0,1.0,4,0.24846416298149165
1005,10,366,2,2.0,1.0,4,0.25923160972019915
1005,11,317,2,2.0,1.0,4,0.25781034728406105
1005,12,385,2,2.0,1.0,5,0.0947250230037341
1005,13,392,2,2.0,1.0,1,0.011319533966128139
1005,14,390,2,2.0,1.0,4,-0.0027976186074445716
1005,15,391,2,2.0,1.0,4,-0.01266827728502433
1005,16,386,2,2.0,1.0,1,-0.02535813439220064
1005,17,384,2,2.0,1.0,1,-0.042619337729357824
1005,18,569,1,1.0,1.0,1,-0.75
1006,1,769,2,2.0,1.0,3,0.03095791276706886
1006,2,628,2,2.0,1.0,2,0.06242946573360587
1006,3,553,2,2.0,1.0,2,0.0356142350517676
1006,4,481,2,2.0,1.0,1,0.059662756088786253
1006,5,464,2,2.0,1.0,4,0.27626286648376974
1006,6,419,2,2.0,1.0,5,0.26681932165262434
1006,7,379,2,2.0,1.0,1,0.2636153540955059
1006,8,359,2,2.0,1.0,3,0.24325681311401406
1006,9,383,2,2.0,1.0,3,0.27015957687847836
1006,10,404,2,2.0,1.0,3,0.26421555656777496
1006,11,389,2,2.0,1.0,5,0.2552477352048168
1006,12,354,2,2.0,1.0,4,0.25117547333082973
1006,13,279,2,2.0,1.0,3,0.06197961750923562
1006,14,353,2,2.0,1.0,1,0.035291783967455734
1006,15,376,2,2.0,1.0,15,-0.004609851458414216
1006,16,382,2,2.0,1.0,1,-0.010330216279709554
1006,17,342,2,2.0,1.0,4,-0.020712074162918183
1006,18,335,2,2.0,1.0,5,-0.019068314534732463
1006,19,346,2,2.0,1.0,5,-0.035116912856528265
1006,20,619,1,1.0,1.0,1,-0.75
1007,1,775,2,2.0,1.0,3,0.031225145918144154
1007,2,627,2,2.0,1.0,2,0.06242559422383983
1007,3,553,2,2.0,1.0,2,0.03556502218609904
1007,4,491,2,2.0,1.0,1,0.05977117498635267
1007,5,465,2,2.0,1.0,4,0.27899912153790907
1007,6,386,2,2.0,1.0,1,0.2753518542936713
1007,7,398,2,2.0,1.0,1,0.2789702548833417
1007,8,343,2,2.0,1.0,4,0.2771688943149926
1007,9,385,2,2.0,1.0,1,0.28929712731210405
1007,10,365,2,2.0,1.0,1,0.34890071323115585
1007,11,350,2,2.0,1.0,4,0.06125392816324232
1007,12,376,2,2.0,1.0,2,0.10876733850415692
1007,13,362,2,2.0,1.0,1,0.018879433700916784
1007,14,370,2,2.0,1.0,4,0.2313721775178994
1007,15,380,2,2.0,1.0,4,0.23276414914580873
1007,16,337,2,2.0,1.0,3,0.22338384424165186
1007,17,310,2,2.0,1.0,6,0.01933219302388615
1007,18,360,2,2.0,1.0,5,0.21684453260879283
1007,19,350,2,2.0,1.0,1,-0.02234134784134798
1007,20,344,2,2.0,1.0,5,-0.025576855529371376
1007,21,389,2,2.0,1.0,2,-0.49640973740480027
1007,22,632,1,1.0,1.0,1,-0.75
1008,1,769,2,2.0,1.0,3,0.024393944917440687
1008,2,631,2,2.0,1.0,2,0.057869241605375044
1008,3,551,2,2.0,1.0,2,0.035575674143223913
1008,4,492,2,2.0,1.0,1,0.05961297157731987
1008,5,457,2,2.0,1.0,1,0.27665799166338284
1008,6,392,2,2.0,1.0,3,0.2785875376086364
1008,7,403,2,2.0,1.0,3,0.26908992758990163
1008,8,357,2,2.0,1.0,3,0.29146366646366245
1008,9,366,2,2.0,1.0,4,0.10725922721952708
1008,10,384,2,2.0,1.0,1,0.09696237018227978
1008,11,336,2,2.0,1.0,8,0.17664977344089353
1008,12,310,2,2.0,1.0,1,0.3651092273752186
1008,13,327,2,2.0,1.0,4,0.3945347262965656
1008,14,365,2,2.0,1.0,6,0.4129664956476262
1008,15,383,2,2.0,1.0,4,0.4146496627858947
1008,16,438,2,2.0,1.0,1,0.3926980695581487
1008,17,449,2,2.0,1.0,2,0.4334644415979152
1008,18,917,2,0.22900763358778625,1.0,4,0.9364823978276515
1008,19,465,2,2.0,1.0,6,0.4226104972731401
1008,20,436,2,2.0,1.0,6,0.18628411097649156
1008,21,406,2,2.0,1.0,4,0.493842259476911
1008,22,1120,2,0.0035714285714285713,1.0,6,0.9989563797327254
1009,1,772,2,2.0,1.0,3,0.031040498385460608
1009,2,629,2,2.0,1.0,2,0.062425830808183744
1009,3,551,2,2.0,1.0,2,0.03559499120108105
1009,4,476,2,2.0,1.0,1,0.059776711688019825
1009,5,464,2,2.0,1.0,1,0.26961464396996304
1009,6,439,2,2.0,1.0,3,0.2689095223122549
1009,7,419,2,2.0,1.0,2,0.28174930795529074
1009,8,393,2,2.0,1.0,1,0.26336067431717
1009,9,345,2,2.0,1.0,2,0.08225742896548852
1009,10,407,2,2.0,1.0,4,0.01375197448466967
1009,11,414,2,2.0,1.0,4,0.008694351779778803
1009,12,363,2,2.0,1.0,5,0.24176884903372994
1009,13,339,2,2.0,1.0,3,0.03811822544456061
1009,14,339,2,2.0,1.0,5,0.014740662124293083
1009,15,338,2,2.0,1.0,5,0.011422094854637589
1009,16,365,2,2.0,1.0,4,-0.012180575785263523
1009,17,360,2,2.0,1.0,1,-0.02764708028607935
1009,18,333,2,2.0,1.0,4,-0.028015342637135635
1009,19,346,2,2.0,1.0,1,-0.030897059536360363
1009,20,647,1,1.0,1.0,1,-0.75
1010,1,786,2,2.0,1.0,3,0.033825188720955385
1010,2,632,2,2.0,1.0,2,0.06242618287713224
1010,3,548,2,2.0,1.0,2,0.03560062537289819
1010,4,493,2,2.0,1.0,1,0.059618176803991105
1010,5,454,2,2.0,1.0,1,0.2791914437618782
1010,6,378,2,2.0,1.0,3,0.24761358230641692
1010,7,367,2,2.0,1.0,3,0.25895505579287986
1010,8,387,2,2.0,1.0,4,0.3122051869574704
1010,9,407,2,2.0,1.0,4,0.3231649427851448
1010,10,370,2,2.0,1.0,3,0.3312277096494285
1010,11,330,2,2.0,1.0,1,0.10791252387690267
1010,12,404,2,2.0,1.0,5,0.08757062720623383
1010,13,357,2,2.0,1.0,1,0.07222319791376311
1010,14,290,2,2.0,1.0,4,0.08020083223737048
1010,15,242,2,2.0,1.0,4,0.23690624831657398
1010,16,312,2,2.0,1.0,5,0.3233964693457219
1010,17,335,2,2.0,1.0,2,0.30506008450054617
1010,18,322,2,2.0,1.0,7,0.2860347065471627
1010,19,363,2,2.0,1.0,8,0.3380931719497637
1010,20,419,2,2.0,1.0,6,0.34240030815331296
1010,21,393,2,2.0,1.0,4,0.11883816593507106
1010,22,431,2,2.0,1.0,3,0.16301195154146073
1010,23,393,2,2.0,1.0,3,0.319071648922188
1010,24,305,2,2.0,1.0,1,0.3060977325590879
1010,25,283,2,2.0,1.0,4,0.355064289809342
1010,26,369,2,2.0,1.0,2,0.40597098531978787
1010,27,372,2,2.0,1.0,7,0.3376358867134776
1010,28,344,2,2.0,1.0,4,0.3317972748357839
1010,29,350,2,2.0,1.0,4,0.12560972184012265
1010,30,380,2,2.0,1.0,4,0.3436668789865456
1010,31,346,2,2.0,1.0,4,0.11808418973532968
1010,32,370,2,2.0,1.0,4,0.3281041959085142
1010,33,291,2,2.0,1.0,4,0.3637729740257555
1010,34,260,2,2.0,1.0,4,0.3674075607686198
1010,35,335,2,2.0,1.0,4,0.30405542475105884
1010,36,267,2,2.0,1.0,4,0.33083843440359667
1010,37,324,2,2.0,1.0,4,0.3286885241841052
1010,38,291,2,2.0,1.0,4,0.3769976980413218
1010,39,387,2,2.0,1.0,1,0.31955320094001155
1010,40,357,2,2.0,1.0,4,0.10141700619992211
1010,41,401,2,2.0,1.0,4,0.018488441450439475
1010,42,252,2,2.0,1.0,2,0.01789369747125786
1010,43,304,2,2.0,1.0,2,-0.009995332746817999
1010,44,324,2,2.0,1.0,4,0.21395738245891152
1010,45,267,2,2.0,1.0,4,-0.061139054563745965
1010,46,300,2,2.0,1.0,4,-0.020503590996911156
1010,47,319,2,2.0,1.0,5,-0.0604275040780631
1010,48,592,1,1.0,1.0,1,-0.75
1011,1,779,2,2.0,1.0,3,0.034059117346051264
1011,2,635,2,2.0,1.0,2,0.06462160979877443
1011,3,568,2,2.0,1.0,2,0.03760380219115525
1011,4,498,2,2.0,1.0,1,0.056944444444443826
1011,5,467,2,2.0,1.0,1,0.2811447746015188
1011,6,419,2,2.0,1.0,3,0.2809213629882451
1011,7,409,2,2.0,1.0,4,0.29194240412585154
1011,8,418,2,2.0,1.0,4,0.34954903869827963
1011,9,380,2,2.0,1.0,3,0.3170703293183048
1011,10,367,2,2.0,1.0,4,0.29800801635839647
1011,11,334,2,2.0,1.0,4,0.31737820303661973
1011,12,339,2,2.0,1.0,3,0.3215062470444831
1011,13,364,2,2.0,1.0,4,0.3262189977711927
1011,14,349,2,2.0,1.0,4,0.10724429629472768
1011,15,369,2,2.0,1.0,3,0.08254484165796895
1011,16,403,2,2.0,1.0,2,0.07570679568039432
1011,17,351,2,2.0,1.0,1,0.0958342903944276
1011,18,383,2,2.0,1.0,4,0.2854567352565835
1011,19,446,2,2.0,1.0,2,0.05376249696559258
1011,20,419,2,2.0,1.0,6,-0.011023001225175107
1011,21,385,2,2.0,1.0,3,-0.009246401804336812
1011,22,336,2,2.0,1.0,1,-0.02583433936569039
1011,23,386,2,2.0,1.0,1,-0.5
1011,24,692,1,1.0,1.0,1,-0.75
1012,1,771,2,2.0,1.0,3,0.03125507973989284
1012,2,626,2,2.0,1.0,2,0.062425475364772484
1012,3,555,2,2.0,1.0,2,0.035569594029423765
1012,4,497,2,2.0,1.0,1,0.05963561788741837
1012,5,461,2,2.0,1.0,1,0.2772973715213374
1012,6,418,2,2.0,1.0,1,0.2773036856265765
1012,7,383,2,2.0,1.0,3,0.05337538828917295
1012,8,368,2,2.0,1.0,4,0.055763811389017516
1012,9,344,2,2.0,1.0,4,0.0711865250880916
1012,10,348,2,2.0,1.0,5,0.2533136868852819
1012,11,312,2,2.0,1.0,4,0.03176738830136038
1012,12,298,2,2.0,1.0,4,0.036135916596742916
1012,13,323,2,2.0,1.0,5,0.21893766922412228
1012,14,309,2,2.0,1.0,4,-0.013053499014235649
1012,15,304,2,2.0,1.0,8,-0.0198898971386572
1012,16,358,2,1.9972067039106145,1.0,4,-0.5006983240223464
1012,17,371,2,1.9514824797843666,1.0,1,-0.5121293800539084
1013,1,767,2,2.0,1.0,3,0.0339113950367841
1013,2,623,2,2.0,1.0,2,0.06462023504453952
1013,3,559,2,2.0,1.0,2,0.037639781264343385
1013,4,479,2,2.0,1.0,2,0.05694444444444383
1013,5,455,2,2.0,1.0,1,0.27716091639807205
1013,6,414,2,2.0,1.0,1,0.2581605173967295
1013,7,353,2,2.0,1.0,3,0.2433606116825204
1013,8,348,2,2.0,1.0,3,0.2730832852663818
1013,9,378,2,2.0,1.0,5,0.25560023707567503
1013,10,359,2,2.0,1.0,3,0.03585377312412265
1013,11,332,2,2.0,1.0,4,0.0127711417238593
1013,12,306,2,2.0,1.0,4,0.23339422810752042
1013,13,289,2,2.0,1.0,2,0.23465063858702156
1013,14,346,2,2.0,1.0,3,0.22708957939554136
1013,15,359,2,2.0,1.0,1,0.21021921393177323
1013,16,319,2,2.0,1.0,1,0.007905771973643744
1013,17,290,2,2.0,1.0,5,0.13025685875189758
1013,18,343,2,1.9416909620991254,1.0,5,-0.5145772594752187
1014,1,777,2,2.0,1.0,3,0.033875687388459426
1014,2,622,2,2.0,1.0,2,0.062428785338753186
1014,3,545,2,2.0,1.0,2,0.035626295674837896
1014,4,483,2,2.0,1.0,1,0.059776797151898556
1014,5,463,2,2.0,1.0,1,0.26671504462783446
1014,6,390,2,2.0,1.0,3,0.03871289573957776
1014,7,383,2,2.0,1.0,3,0.029322977898386258
1014,8,381,2,2.0,1.0,4,0.3184846638416305
1014,9,351,2,2.0,1.0,4,0.32574058171025644
1014,10,365,2,2.0,1.0,4,0.33750630921030417
1014,11,350,2,2.0,1.0,1,0.11543835101429589
1014,12,366,2,2.0,1.0,2,0.35005198077964267
1014,13,383,2,2.0,1.0,4,0.09738981158947335
1014,14,294,2,2.0,1.0,2,0.17679536108662797
1014,15,371,2,2.0,1.0,4,0.4051455196495281
1014,16,353,2,2.0,1.0,4,0.33990887467432285
1014,17,376,2,2.0,1.0,4,0.3315960655201884
1014,18,394,2,2.0,1.0,4,0.34205132390217785
1014,19,394,2,2.0,1.0,3,0.4055438033934737
1014,20,428,2,2.0,1.0,2,0.12804868087651566
1014,21,371,2,2.0,1.0,4,0.09626807312893698
1014,22,372,2,2.0,1.0,4,0.31660045908593587
1014,23,368,2,2.0,1.0,9,0.32205920224790113
1014,24,405,2,2.0,1.0,6,0.32748848595112334
1014,25,365,2,2.0,1.0,1,0.314050236890375
1014,26,414,2,2.0,1.0,2,0.325064398782341
1014,27,389,2,2.0,1.0,6,0.37505653253406573
1014,28,388,2,2.0,1.0,6,0.40704837043887965
1014,29,414,2,2.0,1.0,6,0.4110785702265371
1014,30,444,2,2.0,1.0,3,0.4106913216287175
1014,31,461,2,2.0,1.0,4,0.3985956944274674
1014,32,525,2,2.0,1.0,2,0.4232340699978726
1014,33,501,2,2.0,1.0,6,0.4262050994914063
1014,34,463,2,2.0,1.0,3,0.4381404752756564
1014,35,515,2,2.0,1.0,4,0.4338962558059494
1014,36,1332,2,0.003003003003003003,1.0,8,0.9991428928928929
1015,1,783,2,2.0,1.0,3,0.03398553135197335
1015,2,633,2,2.0,1.0,2,0.06242629949186031
1015,3,550,2,2.0,1.0,2,0.035629849962041785
1015,4,487,2,2.0,1.0,1,0.059771081074982656
1015,5,465,2,2.0,1.0,4,0.27934522090043173
1015,6,402,2,2.0,1.0,3,0.26108027654377863
1015,7,373,2,2.0,1.0,5,0.027112920841996443
1015,8,360,2,2.0,1.0,3,0.26473438317927134
1015,9,359,2,2.0,1.0,3,0.2600622902861024
1015,10,321,2,2.0,1.0,4,0.24473846309247904
1015,11,326,2,2.0,1.0,4,0.02904075160515875
1015,12,324,2,2.0,1.0,5,0.0168769259749308
1015,13,320,2,2.0,1.0,4,0.22411840934737498
1015,14,381,2,2.0,1.0,2,-0.0004649425684668262
1015,15,329,2,2.0,1.0,4,-0.07004858498825522
1015,16,351,2,1.9088319088319088,1.0,1,-0.4888141609453085
1016,1,782,2,2.0,1.0,3,0.03132713853446222
1016,2,621,2,2.0,1.0,2,0.06242487532745181
1016,3,558,2,2.0,1.0,2,0.035608092073514105
1016,4,491,2,2.0,1.0,1,0.05977689184100249
1016,5,464,2,2.0,1.0,1,0.2824203390246511
1016,6,445,2,2.0,1.0,1,0.28107614910542533
1016,7,373,2,2.0,1.0,3,0.2633402096457668
1016,8,392,2,2.0,1.0,3,0.2758449698518822
1016,9,345,2,2.0,1.0,5,0.03718979270078729
1016,10,348,2,2.0,1.0,1,0.012313947953221124
1016,11,333,2,2.0,1.0,1,0.002262898881350256
1016,12,371,2,2.0,1.0,2,0.007201563836421191
1016,13,383,2,2.0,1.0,3,0.2290115965299202
1016,14,347,2,2.0,1.0,3,0.22100780917176704
1016,15,377,2,2.0,1.0,2,-0.07161602890958556
1016,16,416,2,1.9951923076923077,1.0,2,-0.03384957215949196
1016,17,718,1,1.0,1.0,1,-0.75
1017,1,784,2,2.0,1.0,3,0.03382666204242862
1017,2,632,2,2.0,1.0,2,0.062429912153013425
1017,3,558,2,2.0,1.0,2,0.03557395175039529
1017,4,480,2,2.0,1.0,1,0.059770912963847886
1017,5,480,2,2.0,1.0,4,0.2599915445456586
1017,6,433,2,2.0,1.0,1,0.2621701291340614
1017,7,414,2,2.0,1.0,1,0.2449255564271446
1017,8,354,2,2.0,1.0,1,0.22570341042154238
1017,9,379,2,2.0,1.0,1,0.24329746453388176
1017,10,360,2,2.0,1.0,3,0.028147476182064462
1017,11,397,2,2.0,1.0,3,0.08128100929677652
1017,12,379,2,2.0,1.0,3,0.2890315461036399
1017,13,350,2,2.0,1.0,1,0.2465091505271457
1017,14,398,2,2.0,1.0,4,0.008752304732791342
1017,15,379,2,2.0,1.0,3,0.0034096022112075665
1017,16,342,2,2.0,1.0,4,-0.023843768016651383
1017,17,392,2,2.0,1.0,1,-0.5
1017,18,665,1,1.0,1.0,1,-0.75
1018,1,795,2,2.0,1.0,3,0.033783503972960094
1018,2,644,2,2.0,1.0,2,0.06463711568116526
1018,3,568,2,2.0,1.0,1,0.037609880404232306
1018,4,486,2,2.0,1.0,1,0.056794845032901366
1018,5,458,2,2.0,1.0,4,0.28255836455294947
1018,6,426,2,2.0,1.0,3,0.2884609314049084
1018,7,412,2,2.0,1.0,3,0.293960273176449
1018,8,387,2,2.0,1.0,4,0.06580167150628365
1018,9,410,2,2.0,1.0,4,0.2545903431601804
1018,10,386,2,2.0,1.0,2,0.25586824718799667
1018,11,406,2,2.0,1.0,4,0.0279325383386068
1018,12,330,2,2.0,1.0,4,0.03399318373753649
1018,13,255,2,2.0,1.0,4,0.014865190770251679
1018,14,368,2,2.0,1.0,4,0.223281552636579
1018,15,357,2,2.0,1.0,4,-0.02072804975405089
1018,16,314,2,2.0,1.0,1,-0.043812896002203915
1018,17,334,2,2.0,1.0,5,-0.5
1018,18,480,1,1.0,1.0,1,-0.75
1019,1,813,2,2.0,1.0,3,0.019006257648208586
1019,2,623,2,2.0,1.0,2,0.062453697987405854
1019,3,558,2,2.0,1.0,2,0.03355949376710529
1019,4,508,2,2.0,1.0,3,0.056696416952457036
1019,5,473,2,2.0,1.0,3,0.2775238891924091
1019,6,421,2,2.0,1.0,3,0.25206181897832836
1019,7,391,2,2.0,1.0,1,0.29834930879591165
1019,8,446,2,2.0,1.0,2,0.2749791429327324
1019,9,393,2,2.0,1.0,3,0.10549187958087353
1019,10,370,2,2.0,1.0,4,0.03447484402438804
1019,11,379,2,2.0,1.0,5,0.31940821488903576
1019,12,425,2,2.0,1.0,3,0.33539719922461053
1019,13,388,2,2.0,1.0,5,0.33341188018328305
1019,14,406,2,2.0,1.0,4,0.3313627355107466
1019,15,409,2,2.0,1.0,3,0.2658657671160185
1019,16,350,2,2.0,1.0,5,0.27637327453197186
1019,17,363,2,2.0,1.0,4,0.03150412226180565
1019,18,328,2,2.0,1.0,4,0.023130759431087895
1019,19,322,2,2.0,1.0,1,0.04900323839299281
1019,20,333,2,2.0,1.0,4,0.23339714310285609
1019,21,381,2,2.0,1.0,5,-0.016165567260548578
1019,22,361,2,2.0,1.0,2,-0.025815459096800473
1019,23,349,2,2.0,1.0,2,-0.027899954288434264
1019,24,673,1,1.0,1.0,1,-0.75
1020,1,780,2,2.0,1.0,3,0.031240499873793213
1020,2,629,2,2.0,1.0,2,0.06462746954232954
1020,3,554,2,2.0,1.0,1,0.03763243858071033
1020,4,489,2,2.0,1.0,1,0.05684355334261918
1020,5,453,2,2.0,1.0,4,0.27926490169993673
1020,6,390,2,2.0,1.0,1,0.28382780381819167
1020,7,375,2,2.0,1.0,3,0.29273378542435174
1020,8,402,2,2.0,1.0,4,0.3042692281505506
1020,9,343,2,2.0,1.0,3,0.2877148853325614
1020,10,303,2,2.0,1.0,2,0.279232462613202
1020,11,321,2,2.0,1.0,2,0.0468576956997719
1020,12,357,2,2.0,1.0,5,0.023193638489245622
1020,13,329,2,2.0,1.0,4,0.02957566558620197
1020,14,235,2,2.0,1.0,5,0.23648898993565304
1020,15,367,2,2.0,1.0,2,0.2253968790855686
1020,16,360,2,2.0,1.0,3,0.21848900869856244
1020,17,303,2,2.0,1.0,2,-0.009960795336583563
1020,18,321,2,1.925233644859813,1.0,2,-0.5186915887850467
1021,1,769,2,2.0,1.0,3,0.03131430345048284
1021,2,639,2,2.0,1.0,2,0.06462149925929607
1021,3,552,2,2.0,1.0,1,0.037637881702429196
1021,4,486,2,2.0,1.0,1,0.05693910160831732
1021,5,451,2,2.0,1.0,4,0.05969584668793628
1021,6,433,2,2.0,1.0,1,0.2638840521072713
1021,7,386,2,2.0,1.0,3,0.047717084523622465
1021,8,360,2,2.0,1.0,3,0.059193716387738286
1021,9,348,2,2.0,1.0,5,0.3018601398246904
1021,10,343,2,2.0,1.0,4,0.29720916382552975
1021,11,352,2,2.0,1.0,3,0.05595606791040921
1021,12,383,2,2.0,1.0,4,0.06588795634673725
1021,13,303,2,2.0,1.0,1,0.025059247217170098
1021,14,326,2,2.0,1.0,4,0.21666189654410645
1021,15,352,2,2.0,1.0,4,-0.016986889414317634
1021,16,469,2,2.0,1.0,3,-0.025118122543204797
1021,17,411,2,2.0,1.0,2,-0.03467588979513458
1021,18,426,2,1.8779342723004695,1.0,1,-0.5305164319248826
1022,1,789,2,2.0,1.0,3,0.033760321486154474
1022,2,648,2,2.0,1.0,2,0.06463018614781045
1022,3,570,2,2.0,1.0,2,0.03765881057697947
1022,4,493,2,2.0,1.0,2,0.056944444444443826
1022,5,484,2,2.0,1.0,1,0.2661133693418846
1022,6,409,2,2.0,1.0,3,0.27379213517238754
1022,7,361,2,2.0,1.0,5,0.07128667091116991
1022,8,421,2,2.0,1.0,4,0.326821499337863
1022,9,361,2,2.0,1.0,1,0.0784033252319157
1022,10,376,2,2.0,1.0,4,0.3029807403127761
1022,11,333,2,2.0,1.0,8,0.3022720385912344
1022,12,324,2,2.0,1.0,3,0.2501667509389802
1022,13,416,2,2.0,1.0,3,0.3148498304425554
1022,14,389,2,2.0,1.0,3,0.0105246192480029
1022,15,354,2,2.0,1.0,5,0.006112559859218079
1022,16,375,2,2.0,1.0,1,0.0064678075922793244
1022,17,382,2,2.0,1.0,4,0.004776363088975939
1022,18,422,2,2.0,1.0,2,-0.0382339993043178
1022,19,421,2,2.0,1.0,2,-0.5
1022,20,687,1,1.0,1.0,1,-0.75
1023,1,781,2,2.0,1.0,3,0.03127011797829452
1023,2,624,2,2.0,1.0,2,0.06242523650376214
1023,3,570,2,2.0,1.0,2,0.03553362979056924
1023,4,513,2,2.0,1.0,1,0.05824730295554058
1023,5,461,2,2.0,1.0,1,0.27598739057482774
1023,6,411,2,2.0,1.0,1,0.27879242441774704
1023,7,402,2,2.0,1.0,3,0.2804434828381925
1023,8,383,2,2.0,1.0,3,0.24561257921753724
1023,9,377,2,2.0,1.0,4,0.03012985841156761
1023,10,374,2,2.0,1.0,4,0.0031145190996532653
1023,11,409,2,2.0,1.0,4,-0.01685669969479779
1023,12,374,2,2.0,1.0,3,-0.010489058972397743
1023,13,344,2,2.0,1.0,1,-0.032844374270793175
1023,14,349,2,2.0,1.0,4,-0.08915325496076938
1023,15,296,2,1.9324324324324325,1.0,4,-0.11694591551010423
1024,1,793,2,2.0,1.0,3,0.03390327243485553
1024,2,632,2,2.0,1.0,2,0.062429912153013425
1024,3,564,2,2.0,1.0,2,0.03558735342016457
1024,4,506,2,2.0,1.0,1,0.058132045501355346
1024,5,472,2,2.0,1.0,1,0.26420080239127497
1024,6,419,2,2.0,1.0,1,0.2634663740112993
1024,7,391,2,2.0,1.0,1,0.2736990294398725
1024,8,414,2,2.0,1.0,2,0.276431686884964
1024,9,359,2,2.0,1.0,1,0.058177655967208614
1024,10,360,2,2.0,1.0,1,0.23764034822337052
1024,11,351,2,2.0,1.0,4,0.05135471348138957
1024,12,330,2,2.0,1.0,4,0.03686792657922323
1024,13,355,2,2.0,1.0,3,0.3111439029818399
1024,14,371,2,2.0,1.0,4,0.005884087004494377
1024,15,387,2,2.0,1.0,4,0.22411541336403987
1024,16,348,2,2.0,1.0,6,0.21170505551193752
1024,17,361,2,2.0,1.0,4,0.21588995309216588
1024,18,335,2,2.0,1.0,15,0.0039059377825960686
1024,19,373,2,2.0,1.0,5,-0.4887176050044683
1024,20,622,1,1.0,1.0,1,-0.75
1025,1,788,2,2.0,1.0,3,0.033980711031466576
1025,2,635,2,2.0,1.0,2,0.062426531619445
1025,3,567,2,2.0,1.0,2,0.035629946192477904
1025,4,492,2,2.0,1.0,1,0.05915151921249445
1025,5,468,2,2.0,1.0,1,0.2638785593034057
1025,6,407,2,2.0,1.0,4,0.2733648257300987
1025,7,409,2,2.0,1.0,5,0.27134103659970077
1025,8,443,2,2.0,1.0,3,0.26528490360688545
1025,9,413,2,2.0,1.0,5,0.10414892646426138
1025,10,377,2,2.0,1.0,2,0.06234677955325299
1025,11,375,2,2.0,1.0,4,0.0680788511055039
1025,12,378,2,2.0,1.0,1,0.23698799632325127
1025,13,356,2,2.0,1.0,6,0.26452144062092264
1025,14,272,2,2.0,1.0,3,0.2321273797432152
1025,15,275,2,2.0,1.0,6,0.22542301588957356
1025,16,279,2,2.0,1.0,4,0.20992561828044598
1025,17,315,2,2.0,1.0,4,0.1764664565696193
1025,18,333,2,1.96996996996997,1.0,1,-0.5059894894894895
1026,1,771,2,2.0,1.0,3,0.031217302520916375
1026,2,619,2,2.0,1.0,2,0.062428440194999164
1026,3,561,2,2.0,1.0,2,0.035612220619271405
1026,4,476,2,2.0,1.0,1,0.059776711688019825
1026,5,455,2,2.0,1.0,4,0.26718566670596283
1026,6,398,2,2.0,1.0,1,0.25011355314869593
1026,7,407,2,2.0,1.0,1,0.10472949034307776
1026,8,416,2,2.0,1.0,3,0.10645269065428248
1026,9,374,2,2.0,1.0,4,0.3935533632614585
1026,10,317,2,2.0,1.0,3,0.3417779095686384
1026,11,378,2,2.0,1.0,7,0.4165758010182363
1026,12,409,2,2.0,1.0,5,0.42456450416242053
1026,13,428,2,2.0,1.0,3,0.4334672782421956
1026,14,417,2,2.0,1.0,6,0.49288962272069425
1026,15,1178,2,0.028862478777589132,1.0,4,0.9918992192018508
1026,16,1228,2,0.003257328990228013,1.0,14,0.9990850621422473
1027,1,780,2,2.0,1.0,3,0.031197049866292844
1027,2,632,2,2.0,1.0,2,0.06463566937417632
1027,3,560,2,2.0,1.0,2,0.03761761516898519
1027,4,492,2,2.0,1.0,1,0.056807224775145736
1027,5,474,2,2.0,1.0,1,0.2711175163845847
1027,6,411,2,2.0,1.0,1,0.2510162566462454
1027,7,380,2,2.0,1.0,1,0.24980337097298497
1027,8,350,2,2.0,1.0,5,0.033796450889436794
1027,9,339,2,2.0,1.0,4,0.31096509085388896
1027,10,316,2,2.0,1.0,5,0.09371387684302018
1027,11,317,2,2.0,1.0,1,0.09737557281868957
1027,12,376,2,2.0,1.0,3,0.2994291166767803
1027,13,320,2,2.0,1.0,5,0.3126711944356884
1027,14,309,2,2.0,1.0,2,0.3171464693182004
1027,15,378,2,2.0,1.0,1,0.15820463930829892
1027,16,335,2,2.0,1.0,1,0.32234099109572945
1027,17,303,2,2.0,1.0,4,0.10981792312157435
1027,18,340,2,2.0,1.0,2,0.07824618227786864
1027,19,394,2,2.0,1.0,4,0.06975891754419843
1027,20,404,2,2.0,1.0,3,0.2979884468073753
1027,21,383,2,2.0,1.0,6,0.06004027607734368
1027,22,334,2,2.0,1.0,4,0.04068424337496108
1027,23,403,2,2.0,1.0,1,-0.03186554012025727
1027,24,425,2,2.0,1.0,4,-0.03721848739495808
1027,25,446,2,1.9215246636771302,1.0,2,-0.5196188340807175
1028,1,779,2,2.0,1.0,3,0.03129401098264456
1028,2,638,2,2.0,1.0,2,0.062467998955067924
1028,3,590,2,2.0,1.0,2,0.06269124411960059
1028,4,532,2,2.0,1.0,1,0.28864993365767033
1028,5,514,2,2.0,1.0,1,0.2981369270211257
1028,6,480,2,2.0,1.0,3,0.3096957622241795
1028,7,470,2,2.0,1.0,1,0.3084848689963036
1028,8,512,2,2.0,1.0,4,0.3160977950914243
1028,9,490,2,2.0,1.0,1,0.3096414866957283
1028,10,502,2,2.0,1.0,4,0.3074930149531765
1028,11,500,2,2.0,1.0,1,0.30963389961389837
1028,12,500,2,2.0,1.0,5,0.3095602730602719
1028,13,475,2,2.0,1.0,1,0.3094791717054863
1028,14,452,2,2.0,1.0,1,0.309523255428005
1028,15,425,2,2.0,1.0,1,0.30854334365325126
1028,16,410,2,2.0,1.0,1,0.3084897887734863
1028,17,405,2,2.0,1.0,1,0.3085428849902539
1028,18,373,2,2.0,1.0,1,0.3084835550367515
1028,19,364,2,2.0,1.0,1,0.3085417871602087
1028,20,345,2,2.0,1.0,1,0.30847794882463125
1028,21,334,2,2.0,1.0,1,0.3085408131106213
1028,22,312,2,2.0,1.0,1,0.3084700496871554
1028,23,300,2,2.0,1.0,1,0.308539473684211
1028,24,279,2,2.0,1.0,1,0.3084602819365133
1028,25,269,2,2.0,1.0,1,0.30853795734689926
1028,26,252,2,2.0,1.0,1,0.3084503873319667
1028,27,244,2,2.0,1.0,1,0.3085364538395173
1028,28,229,2,2.0,1.0,1,0.3084401182591258
1028,29,221,2,2.0,1.0,1,0.3085347701833774
1028,30,206,2,2.0,1.0,1,0.30842755609234956
1028,31,201,2,2.0,1.0,1,0.30853299293008685
1028,32,187,2,2.0,1.0,1,0.30841484788782886
1029,1,780,2,2.0,1.0,3,0.03379416294566008
1029,2,636,2,2.0,1.0,2,0.05748296645702302
1029,3,592,2,2.0,1.0,2,0.064927738630569
1029,4,537,2,2.0,1.0,3,0.2755691133165143
1029,5,510,2,2.0,1.0,1,0.3008806803631499
1029,6,494,2,2.0,1.0,3,0.30888420525842086
1029,7,496,2,2.0,1.0,2,0.3074688189259576
1029,8,489,2,2.0,1.0,2,0.3073567349487616
1029,9,477,2,2.0,1.0,2,0.31050159177039954
1029,10,479,2,2.0,1.0,1,0.3151639212792235
1029,11,439,2,2.0,1.0,1,0.3150425355256132
1029,12,393,2,2.0,1.0,1,0.3019099532044249
1029,13,362,2,2.0,1.0,4,0.3012900371909974
1029,14,352,2,2.0,1.0,6,0.30816981223775347
1029,15,378,2,2.0,1.0,4,0.29463705383486277
1029,16,379,2,2.0,1.0,2,0.2946529994265234
1029,17,340,2,2.0,1.0,4,0.37609116153315364
1029,18,641,2,0.45241809672386896,1.0,3,0.8747862840177016
1030,1,786,2,2.0,1.0,3,0.03392997196930441
1030,2,637,2,2.0,1.0,2,0.05747448979591833
1030,3,587,2,2.0,1.0,2,0.06495390821010019
1030,4,523,2,2.0,1.0,3,0.059320420939013865
1030,5,519,2,2.0,1.0,3,0.3014056813351018
1030,6,493,2,2.0,1.0,3,0.2443284696857226
1030,7,502,2,2.0,1.0,1,0.022007042253521267
1030,8,497,2,2.0,1.0,4,0.04633256232793027
1030,9,524,2,2.0,1.0,4,0.2891309133164653
1030,10,484,2,2.0,1.0,3,0.261340326404222
1030,11,438,2,2.0,1.0,3,0.26555008462453955
1030,12,408,2,2.0,1.0,3,0.2507387085322407
1030,13,383,2,2.0,1.0,3,0.24251927944358054
1030,14,332,2,2.0,1.0,4,8.200972212507951e-05
1030,15,348,2,2.0,1.0,1,-0.030598173723667375
1030,16,321,2,2.0,1.0,1,-0.10505043244228192
1031,1,783,2,2.0,1.0,3,0.031366305007292324
1031,2,656,2,2.0,1.0,2,0.05997664843376367
1031,3,599,2,2.0,1.0,2,0.06953579502363663
1031,4,533,2,2.0,1.0,1,0.2884152612093755
1031,5,510,2,2.0,1.0,1,0.29528297915596013
1031,6,515,2,2.0,1.0,2,0.3078408737652867
1031,7,511,2,2.0,1.0,1,0.3078998179274791
1031,8,493,2,2.0,1.0,2,0.3163547105472639
1031,9,510,2,2.0,1.0,3,0.3119985389755763
1031,10,515,2,2.0,1.0,3,0.3115807288129386
1031,11,497,2,2.0,1.0,3,0.31161510976188533
1031,12,474,2,2.0,1.0,3,0.3147643697149459
1031,13,448,2,2.0,1.0,1,0.3094195982588828
1031,14,415,2,2.0,1.0,1,0.07602910911559195
1031,15,408,2,2.0,1.0,1,0.07484423256482134
1031,16,371,2,2.0,1.0,1,0.07477452330083338
1031,17,370,2,2.0,1.0,1,0.3085355618776677
1031,18,326,2,2.0,1.0,1,0.07478810792361106
1031,19,334,2,2.0,1.0,1,0.07484015485512528
1031,20,387,2,2.0,1.0,1,0.0652997109001674
1031,21,326,2,2.0,1.0,4,0.3150275405261426
1031,22,270,2,2.0,1.0,4,0.3017474863147969
1031,23,291,2,2.0,1.0,6,0.31864113639106406
1031,24,275,2,2.0,1.0,4,0.33317339765803955
1031,25,277,2,2.0,1.0,4,0.3827512951188543
1031,26,294,2,2.0,1.0,5,0.400633642974401
1031,27,265,2,2.0,1.0,2,0.4146342135490329
1031,28,561,2,0.21390374331550802,1.0,2,0.9448163549904994
1031,29,851,2,0.09400705052878966,1.0,11,0.9751421651860837
1032,1,787,2,2.0,1.0,3,0.03406647946448164
1032,2,652,2,2.0,1.0,2,0.05997620443883066
1032,3,599,2,2.0,1.0,1,0.06471497107974587
1032,4,531,2,2.0,1.0,1,0.059451219512194564
1032,5,516,2,2.0,1.0,2,0.30181415734175393
1032,6,504,2,2.0,1.0,5,0.3099772736050004
1032,7,505,2,2.0,1.0,5,0.3073155303246535
1032,8,484,2,2.0,1.0,3,0.3044898537707733
1032,9,487,2,2.0,1.0,1,0.30741997051545517
1032,10,479,2,2.0,1.0,1,0.3095202920147413
1032,11,484,2,2.0,1.0,1,0.31745089621122463
1032,12,454,2,2.0,1.0,4,0.0823393441216897
1032,13,423,2,2.0,1.0,4,0.0671343767054786
1032,14,387,2,2.0,1.0,2,0.3058541872365875
1032,15,324,2,2.0,1.0,1,0.2901655192741841
1032,16,354,2,2.0,1.0,1,0.2924384315420146
1032,17,348,2,2.0,1.0,6,0.29113251875977825
1032,18,338,2,2.0,1.0,4,0.3336968350150125
1032,19,338,2,2.0,1.0,6,0.3338500349998206
1032,20,407,2,1.9950859950859952,1.0,6,0.43885816783292314
1032,21,382,2,2.0,1.0,1,0.38133670918181556
1032,22,132,2,2.0,1.01,1,0.35892057106343556
1032,23,378,2,2.0,1.0,4,0.3601697409420338
1032,24,354,2,2.0,1.0,4,0.49665034451256285
1032,25,357,2,2.0,1.0,4,0.49867167214040875
1032,26,1018,2,0.003929273084479371,1.0,3,0.9990176817288802
1033,1,776,2,2.0,1.0,3,0.03143567298011027
1033,2,641,2,2.0,1.0,2,0.05747464898595939
1033,3,600,2,2.0,1.0,2,0.06032587248735916
1033,4,580,2,2.0,1.0,4,0.062428160919540225
1033,5,550,2,2.0,1.0,5,0.06742027972027978
1033,6,509,2,2.0,1.0,1,0.2830223880597019
1033,7,538,2,2.0,1.0,2,0.29430481371591294
1033,8,467,2,2.0,1.0,1,0.2922803127345004
1033,9,457,2,2.0,1.0,5,0.2873659872807857
1033,10,453,2,2.0,1.0,1,0.05444161151385407
1033,11,475,2,2.0,1.0,2,0.037457962236199786
1033,12,451,2,2.0,1.0,4,0.2555617036122956
1033,13,414,2,2.0,1.0,2,0.26144300111629537
1033,14,400,2,2.0,1.0,1,0.2705242644535519
1033,15,389,2,2.0,1.0,3,0.28111754382619897
1033,16,375,2,2.0,1.0,2,0.28698240919848167
1033,17,413,2,2.0,1.0,3,0.07940064032256332
1033,18,379,2,2.0,1.0,2,0.05233168286213686
1033,19,335,2,2.0,1.0,4,0.03559014013405731
1033,20,437,2,2.0,1.0,2,-0.014842130455443999
1034,1,789,2,2.0,1.0,3,0.033656608654989054
1034,2,624,2,2.0,1.0,2,0.0624553403092006
1034,3,578,2,2.0,1.0,2,0.06044074122434712
1034,4,551,2,2.0,1.0,1,0.05101262167959056
1034,5,524,2,2.0,1.0,1,0.28302238805970165
1034,6,510,2,2.0,1.0,1,0.29917989570380804
1034,7,495,2,2.0,1.0,3,0.29930035108084474
1034,8,507,2,2.0,1.0,1,0.29326943832770974
1034,9,479,2,2.0,1.0,5,0.0697505559914677
1034,10,484,2,2.0,1.0,4,0.048952337418698366
1034,11,414,2,2.0,1.0,1,0.04489615867236262
1034,12,390,2,2.0,1.0,1,0.2784246817876178
1034,13,381,2,2.0,1.0,4,0.2893848255273587
1034,14,346,2,2.0,1.0,1,0.2885491939840495
1034,15,278,2,2.0,1.0,4,0.27543398046968004
1034,16,381,2,2.0,1.0,4,0.3247205013083204
1034,17,368,2,2.0,1.0,2,0.2968233307583526
1034,18,362,2,2.0,1.0,2,0.28210520384579174
1034,19,368,2,2.0,1.0,4,0.08968863465591417
1034,20,344,2,2.0,1.0,4,0.2667276936425807
1034,21,390,2,2.0,1.0,1,0.08550099910748593
1034,22,313,2,2.0,1.0,1,0.2913766422933001
1034,23,376,2,2.0,1.0,6,0.2992742726774738
1034,24,343,2,2.0,1.0,4,0.29956025207235004
1034,25,376,2,2.0,1.0,3,0.32596724878443023
1034,26,341,2,2.0,1.0,3,0.26108673099940377
1034,27,355,2,2.0,1.0,2,0.07096637946027141
1034,28,325,2,2.0,1.0,4,0.07883926159417656
1034,29,378,2,2.0,1.0,5,0.06432453079892951
1034,30,358,2,2.0,1.0,1,0.20914468142488477
1034,31,387,2,2.0,1.0,6,0.006593885183039281
1034,32,377,2,2.0,1.0,4,-0.005608125086251088
1034,33,328,2,2.0,1.0,1,-0.0292448516872241
1034,34,382,2,2.0,1.0,1,-0.282405795187088
1034,35,626,1,1.0,1.0,1,-0.75
1035,1,782,2,2.0,1.0,3,0.03305740122833768
1035,2,654,2,2.0,1.0,2,0.059984709480122245
1035,3,602,2,2.0,1.0,1,0.06951625327283534
1035,4,519,2,2.0,1.0,1,0.28674140650997554
1035,5,492,2,2.0,1.0,2,0.29515662554636807
1035,6,522,2,2.0,1.0,1,0.29247200117889605
1035,7,535,2,2.0,1.0,2,0.2872822767846263
1035,8,506,2,2.0,1.0,2,0.2980929029123269
1035,9,457,2,2.0,1.0,2,0.2773499334056755
1035,10,482,2,2.0,1.0,2,0.28965220835093264
1035,11,474,2,2.0,1.0,3,0.266904938468676
1035,12,469,2,2.0,1.0,3,0.2551140138890812
1035,13,423,2,2.0,1.0,3,0.051930216008665604
1035,14,433,2,2.0,1.0,3,0.23718958511209848
1035,15,390,2,2.0,1.0,4,0.0309307023136155
1035,16,377,2,2.0,1.0,1,-0.0028814565262039763
1035,17,457,2,2.0,1.0,2,0.00031591454754899295
1035,18,447,2,2.0,1.0,1,-0.12656887843354292
1036,1,775,2,2.0,1.0,3,0.03143135104097023
1036,2,646,2,2.0,1.0,2,0.0599839130698718
1036,3,598,2,2.0,1.0,2,0.06953572867468265
1036,4,525,2,2.0,1.0,1,0.2803571428571437
1036,5,499,2,2.0,1.0,1,0.2994087536862074
1036,6,531,2,2.0,1.0,2,0.27952651589948213
1036,7,561,2,2.0,1.0,4,0.2965371301148151
1036,8,560,2,2.0,1.0,3,0.3044174498157488
1036,9,524,2,2.0,1.0,4,0.29653885428553617
1036,10,538,2,2.0,1.0,6,0.2993909325837741
1036,11,522,2,2.0,1.0,4,0.2927429079732968
1036,12,542,2,2.0,1.0,2,0.29922056180906903
1036,13,509,2,2.0,1.0,4,0.29416489846435584
1036,14,528,2,2.0,1.0,2,0.2979043353718858
1036,15,530,2,2.0,1.0,9,0.2981564468546149
1036,16,503,2,2.0,1.0,1,0.29789976122195416
1036,17,447,2,2.0,1.0,1,0.2842942260780614
1036,18,418,2,2.0,1.0,1,0.2891994534445591
1036,19,393,2,2.0,1.0,3,0.27301364278973383
1036,20,389,2,2.0,1.0,3,0.2679740961008089
1036,21,351,2,2.0,1.0,4,0.2992113356671567
1036,22,330,2,2.0,1.0,4,0.31858290109963666
1036,23,360,2,2.0,1.0,8,0.3280265348391553
1036,24,345,2,2.0,1.0,4,0.09093771721101895
1036,25,365,2,2.0,1.0,2,0.30772949894505425
1036,26,343,2,2.0,1.0,4,0.3001988385129393
1036,27,310,2,2.0,1.0,3,0.26515251151321034
1036,28,313,2,2.0,1.0,3,0.26776839583732304
1036,29,315,2,2.0,1.0,2,0.26968605536137763
1036,30,313,2,2.0,1.0,4,0.15774229213464294
1036,31,268,2,2.0,1.0,2,0.01896215460821308
1036,32,249,2,2.0,1.0,3,0.011842750269413662
1036,33,357,2,2.0,1.0,9,-0.02605480036354041
1036,34,375,2,2.0,1.0,5,-0.025859347226013924
1036,35,357,2,2.0,1.0,4,-0.022700216365902064
1036,36,386,2,2.0,1.0,8,-0.49878339354470697
1036,37,640,1,1.0,1.0,1,-0.75
1037,1,790,2,2.0,1.0,3,0.03402887290743178
1037,2,661,2,2.0,1.0,2,0.059993103141407794
1037,3,585,2,2.0,1.0,1,0.06951453239551951
1037,4,523,2,2.0,1.0,1,0.28786464351079943
1037,5,514,2,2.0,1.0,1,0.3042758692821626
1037,6,492,2,2.0,1.0,4,0.30973917470755774
1037,7,476,2,2.0,1.0,2,0.31425312214063406
1037,8,475,2,2.0,1.0,2,0.3134653311415444
1037,9,457,2,2.0,1.0,4,0.3133505526775535
1037,10,456,2,2.0,1.0,5,0.32338722159125166
1037,11,424,2,2.0,1.0,2,0.09406255254541726
1037,12,407,2,2.0,1.0,2,0.10297708934380748
1037,13,348,2,2.0,1.0,1,0.3041227976937991
1037,14,321,2,2.0,1.0,5,0.2867055381466549
1037,15,312,2,2.0,1.0,3,0.2999840921812243
1037,16,260,2,2.0,1.0,4,0.2867029156662818
1037,17,344,2,2.0,1.0,4,0.34408021094376867
1037,18,308,2,2.0,1.0,1,0.32939805009705264
1037,19,326,2,2.0,1.0,4,0.32342215569863114
1037,20,326,2,2.0,1.0,1,0.32095135864118435
1037,21,341,2,2.0,1.0,1,0.1020794670538033
1037,22,378,2,2.0,1.0,4,0.33273811155224464
1037,23,388,2,2.0,1.0,2,0.3342204267374862
1037,24,428,2,2.0,1.0,2,0.3338613495229059
1037,25,379,2,2.0,1.0,1,0.33139864118539314
1037,26,341,2,2.0,1.0,4,0.34586407419065757
1037,27,364,2,2.0,1.0,5,0.3426281639195273
1037,28,332,2,2.0,1.0,1,0.10229599231528198
1037,29,349,2,2.0,1.0,2,0.3484680987347107
1037,30,349,2,2.0,1.0,4,0.32661075242921656
1037,31,444,2,2.0,1.0,3,0.3498048008516974
1037,32,400,2,2.0,1.0,3,0.3534998372461012
1037,33,404,2,2.0,1.0,5,0.36193639318169685
1037,34,350,2,2.0,1.0,4,0.3544400048465939
1037,35,373,2,1.9785522788203753,1.0,4,0.43067251011391816
1037,36,1032,2,0.003875968992248062,1.0,4,0.9988848535977212
1037,37,1089,2,0.0036730945821854912,1.0,2,0.9989109528804065
1037,38,1039,2,0.0038498556304138597,1.0,2,0.9987959173212244
1037,39,261,2,2.0,1.0,4,0.401811119422175
1037,40,291,2,2.0,1.0,4,0.40623353437196325
1037,41,317,2,2.0,1.0,4,0.42291461314288037
1037,42,293,2,2.0,1.0,4,0.43795584165273954
1037,43,280,2,1.9714285714285715,1.0,10,0.4466790379941754
1037,44,297,2,1.9191919191919191,1.0,13,0.5170482884304097
1037,45,345,2,2.0,1.0,4,0.4996308975410698
1037,46,1157,2,0.003457216940363008,1.0,22,0.9991356957649092
1038,1,804,2,2.0,1.0,3,0.01922992602279728
1038,2,626,2,2.0,1.0,3,0.052838381666257504
1038,3,595,2,2.0,1.0,1,0.05757997769243399
1038,4,520,2,2.0,1.0,1,0.05929912537247489
1038,5,502,2,2.0,1.0,1,0.2949811535354843
1038,6,493,2,2.0,1.0,3,0.30443941308391625
1038,7,524,2,2.0,1.0,1,0.2977329234397846
1038,8,516,2,2.0,1.0,2,0.311936794044838
1038,9,468,2,2.0,1.0,4,0.3035181640716027
1038,10,435,2,2.0,1.0,1,0.3133764913459607
1038,11,415,2,2.0,1.0,1,0.3150017607242886
1038,12,436,2,2.0,1.0,1,0.31610913839823623
1038,13,463,2,2.0,1.0,1,0.32646431850215374
1038,14,430,2,2.0,1.0,2,0.09995603709942395
1038,15,398,2,2.0,1.0,1,0.31437819015142415
1038,16,445,2,2.0,1.0,1,0.30949997641713634
1038,17,406,2,2.0,1.0,1,0.3234645769234527
1038,18,362,2,2.0,1.0,2,0.35845611828106166
1038,19,367,2,2.0,1.0,1,0.4088712541199733
1038,20,402,2,2.0,1.0,1,0.31505576006102115
1038,21,396,2,2.0,1.0,1,0.3410178704448597
1038,22,358,2,2.0,1.0,3,0.3912640422978157
1038,23,380,2,2.0,1.0,1,0.4994334112149533
1038,24,1028,2,0.0038910505836575876,1.0,3,0.9990272373540856
1039,1,781,2,2.0,1.0,3,0.03125262400780166
1039,2,649,2,2.0,1.0,2,0.06000090637179361
1039,3,591,2,2.0,1.0,2,0.06473370193759384
1039,4,530,2,2.0,1.0,1,0.059451219512194564
1039,5,499,2,2.0,1.0,5,0.28170298423701695
1039,6,515,2,2.0,1.0,3,0.2988883385552461
1039,7,506,2,2.0,1.0,2,0.30211458101942634
1039,8,465,2,2.0,1.0,3,0.2851149470144093
1039,9,514,2,2.0,1.0,2,0.30559997075154516
1039,10,516,2,2.0,1.0,2,0.30683083793012883
1039,11,488,2,2.0,1.0,3,0.3080755769899075
1039,12,503,2,2.0,1.0,2,0.312800449422527
1039,13,473,2,2.0,1.0,1,0.08218718940005396
1039,14,446,2,2.0,1.0,4,0.0669372644190641
1039,15,394,2,2.0,1.0,1,0.05311055040556195
1039,16,410,2,2.0,1.0,4,0.3006784209325624
1039,17,346,2,2.0,1.0,4,0.30284519591045633
1039,18,390,2,2.0,1.0,3,0.31703109951478364
1039,19,268,2,2.0,1.0,4,0.3247482474483252
1039,20,358,2,2.0,1.0,2,0.16273801187644527
1039,21,379,2,2.0,1.0,2,0.38165347543616307
1039,22,379,2,2.0,1.0,4,0.40105464940268676
1039,23,390,2,2.0,1.0,4,0.41888490047406113
1039,24,426,2,2.0,1.0,4,0.4326107612961473
1039,25,414,2,2.0,1.0,5,0.43831233357594196
1039,26,472,2,2.0,1.0,2,0.4977502064559876
1039,27,1251,2,0.010391686650679457,1.0,4,0.9970923572152024
1040,1,802,2,2.0,1.0,3,0.03397473141790796
1040,2,648,2,2.0,1.0,2,0.059984114015976656
1040,3,607,2,2.0,1.0,1,0.06951674106876023
1040,4,558,2,2.0,1.0,1,0.2845588235294095
1040,5,510,2,2.0,1.0,1,0.30421718332263464
1040,6,519,2,2.0,1.0,1,0.29245627686378967
1040,7,543,2,2.0,1.0,1,0.29335027912375805
1040,8,531,2,2.0,1.0,1,0.29459784805901007
1040,9,527,2,2.0,1.0,1,0.30546843309907235
1040,10,528,2,2.0,1.0,2,0.3042531346437722
1040,11,526,2,2.0,1.0,4,0.29285856973842583
1040,12,542,2,2.0,1.0,2,0.2934369295489769
1040,13,490,2,2.0,1.0,3,0.296247616343461
1040,14,464,2,2.0,1.0,3,0.35035975932166913
1040,15,385,2,2.0,1.0,1,0.26677074737143947
1040,16,431,2,2.0,1.0,4,0.2854938356462349
1040,17,389,2,2.0,1.0,4,0.08602597347901626
1040,18,383,2,2.0,1.0,6,0.07429447799029447
1040,19,359,2,2.0,1.0,4,0.05485307338400315
1040,20,354,2,2.0,1.0,4,0.2691624111823822
1040,21,238,2,2.0,1.0,4,0.2814910229831209
1040,22,328,2,2.0,1.0,3,0.29828841096611264
1040,23,334,2,2.0,1.0,2,0.34389101650132714
1040,24,370,2,2.0,1.0,8,0.34157606239852
1040,25,426,2,2.0,1.0,2,0.16568013527786046
1040,26,363,2,2.0,1.0,4,0.3206702425218348
1040,27,358,2,2.0,1.0,2,0.31327286549890293
1040,28,141,2,2.0,1.01,5,0.336395752931668
1040,29,175,2,2.0,1.0,2,0.3348232543083919
1040,30,321,2,2.0,1.0,4,0.3244013810148494
1040,31,302,2,2.0,1.0,4,0.3243923843505495
1040,32,222,2,2.0,1.0,1,0.09030644256483747
1040,33,277,2,2.0,1.0,4,0.28935139839398594
1040,34,361,2,2.0,1.0,8,0.30418702933754477
1040,35,292,2,2.0,1.0,3,0.0862048070878057
1040,36,287,2,2.0,1.0,4,0.10363583479237348
1040,37,313,2,2.0,1.0,4,0.34473581901963646
1040,38,366,2,2.0,1.0,2,0.30651920558591034
1040,39,397,2,2.0,1.0,4,0.32100308142046624
1040,40,383,2,2.0,1.0,3,0.3008390120054918
1040,41,330,2,2.0,1.0,1,0.3085137692778956
1040,42,343,2,2.0,1.0,5,0.3218085087070668
1040,43,346,2,2.0,1.0,7,0.30014929566536236
1040,44,368,2,2.0,1.0,2,0.08475407033876095
1040,45,435,2,2.0,1.0,4,0.030303991916390362
1040,46,464,2,2.0,1.0,3,-0.010725362740152384
1040,47,405,2,2.0,1.0,4,-0.023167811882558783
1040,48,333,2,2.0,1.0,4,-0.032645334653278006
1040,49,363,2,2.0,1.0,1,-0.027089072543618083
1040,50,677,1,1.0,1.0,1,-0.75
1041,1,774,2,2.0,1.0,3,0.0313293892843801
1041,2,640,2,2.0,1.0,2,0.05747460937499995
1041,3,594,2,2.0,1.0,1,0.06503291612976156
1041,4,599,2,2.0,1.0,5,0.2906882802243515
1041,5,538,2,2.0,1.0,2,0.294714240259099
1041,6,525,2,2.0,1.0,2,0.29402306723437227
1041,7,506,2,2.0,1.0,2,0.293140423682553
1041,8,511,2,2.0,1.0,2,0.3061032667369747
1041,9,523,2,2.0,1.0,1,0.03033946848337827
1041,10,454,2,2.0,1.0,1,0.050275767876569025
1041,11,499,2,2.0,1.0,1,0.020885084196707586
1041,12,444,2,2.0,1.0,1,0.004868463000001136
1041,13,430,2,2.0,1.0,1,-0.014215686274509913
1041,14,440,2,2.0,1.0,5,0.020605508217040172
1041,15,388,2,2.0,1.0,5,0.015464871874872083
1041,16,368,2,2.0,1.0,3,-0.05768293427826957
1041,17,395,2,2.0,1.0,1,-0.5
1042,1,792,2,2.0,1.0,3,0.019118943244722745
1042,2,631,2,2.0,1.0,2,0.06242797350562802
1042,3,587,2,2.0,1.0,2,0.06247461335471156
1042,4,534,2,2.0,1.0,3,0.2890252125246915
1042,5,489,2,2.0,1.0,4,0.2861952298318971
1042,6,440,2,2.0,1.0,3,0.07081414079870818
1042,7,471,2,2.0,1.0,1,0.2917235647636914
1042,8,422,2,2.0,1.0,8,0.3052952849737128
1042,9,420,2,2.0,1.0,1,0.2876522426239553
1042,10,429,2,2.0,1.0,3,0.28087690181136576
1042,11,382,2,2.0,1.0,4,0.27337130836836143
1042,12,418,2,2.0,1.0,1,0.0673008943625789
1042,13,392,2,2.0,1.0,2,0.031811412088412816
1042,14,382,2,2.0,1.0,1,0.26819346656420373
1042,15,371,2,2.0,1.0,2,0.2795413424393131
1042,16,368,2,2.0,1.0,2,0.29460369627373817
1042,17,396,2,2.0,1.0,2,0.26355013393564314
1042,18,304,2,2.0,1.0,4,0.041306748980617855
1042,19,409,2,2.0,1.0,2,0.005048750594446306
1042,20,394,2,2.0,1.0,3,0.0023471382443728123
1042,21,406,2,2.0,1.0,2,0.2232162613522934
1042,22,368,2,2.0,1.0,1,0.14700900246434798
1042,23,380,2,1.9578947368421054,1.0,1,-0.0194927811280398
1042,24,587,2,1.0017035775127767,1.0,3,-0.7495741056218058
1043,1,780,2,2.0,1.0,3,0.03368722435641147
1043,2,660,2,2.0,1.0,2,0.060001708259061134
1043,3,593,2,2.0,1.0,2,0.06953539357330463
1043,4,560,2,2.0,1.0,1,0.2845588235294095
1043,5,510,2,2.0,1.0,1,0.2992672247530748
1043,6,522,2,2.0,1.0,2,0.29551187759401676
1043,7,527,2,2.0,1.0,1,0.06997031226015508
1043,8,513,2,2.0,1.0,2,0.30616173887885895
1043,9,459,2,2.0,1.0,2,0.08521043374838287
1043,10,461,2,2.0,1.0,2,0.29371300895398944
1043,11,447,2,2.0,1.0,6,0.3062852743615282
1043,12,453,2,2.0,1.0,3,0.3176055680936657
1043,13,369,2,2.0,1.0,3,0.2919378205040429
1043,14,400,2,2.0,1.0,2,0.36693042126300723
1043,15,314,2,2.0,1.0,4,0.3600988854190428
1043,16,427,2,2.0,1.0,3,0.39284216739261313
1043,17,401,2,2.0,1.0,4,0.1499389705927358
1043,18,457,2,2.0,1.0,2,0.17086786513056806
1043,19,359,2,2.0,1.0,1,0.3489170961193868
1043,20,375,2,2.0,1.0,3,0.355161042264784
1043,21,348,2,2.0,1.0,4,0.35816368428658263
1043,22,338,2,2.0,1.0,2,0.3374532833846377
1043,23,274,2,2.0,1.0,4,0.4114079419869573
1043,24,338,2,2.0,1.0,5,0.42438526700554013
1043,25,1049,2,0.0038131553860819827,1.0,9,0.9988945127886978
1044,1,779,2,2.0,1.0,3,0.03132452559590445
1044,2,635,2,2.0,1.0,2,0.05747440944881887
1044,3,579,2,2.0,1.0,2,0.06490811181518995
1044,4,534,2,2.0,1.0,3,0.06347258044484934
1044,5,525,2,2.0,1.0,4,0.29952394804075577
1044,6,483,2,2.0,1.0,3,0.3092027180343845
1044,7,509,2,2.0,1.0,3,0.30453406324383053
1044,8,492,2,2.0,1.0,4,0.31406360695854585
1044,9,470,2,2.0,1.0,2,0.3185446888660586
1044,10,455,2,2.0,1.0,4,0.31303553786714017
1044,11,444,2,2.0,1.0,2,0.31572026454888247
1044,12,447,2,2.0,1.0,3,0.32868680431581004
1044,13,437,2,2.0,1.0,1,0.09801665636364303
1044,14,410,2,2.0,1.0,1,0.33395734546277966
1044,15,377,2,2.0,1.0,1,0.2945181970594828
1044,16,307,2,2.0,1.0,1,0.3020297677407951
1044,17,374,2,2.0,1.0,4,0.2910037352309626
1044,18,356,2,2.0,1.0,4,0.30569539624417774
1044,19,363,2,2.0,1.0,4,0.4042004242041016
1044,20,349,2,2.0,1.0,10,0.19219777833905222
1044,21,362,2,2.0,1.0,3,0.4925953676316204
1044,22,391,2,1.9948849104859334,1.0,3,0.4275867935379841
1044,23,363,2,2.0,1.0,5,0.4311682547861929
1044,24,345,2,2.0,1.0,4,0.20291681890147426
1044,25,1109,2,0.02164111812443643,1.0,4,0.9928446498066557
1044,26,1145,2,0.0034934497816593887,1.0,19,0.9990037300014862
1045,1,774,2,2.0,1.0,3,0.03134683656146844
1045,2,663,2,2.0,1.0,2,0.06000192233756242
1045,3,592,2,2.0,1.0,1,0.06471428815178835
1045,4,517,2,2.0,1.0,1,0.05945121951219457
1045,5,526,2,2.0,1.0,1,0.3041680112957024
1045,6,508,2,2.0,1.0,1,0.2923821609698312
1045,7,509,2,2.0,1.0,1,0.31100087699244117
1045,8,507,2,2.0,1.0,2,0.2875382047036871
1045,9,481,2,2.0,1.0,1,0.06391843245291584
1045,10,502,2,2.0,1.0,1,0.0583240047661367
1045,11,431,2,2.0,1.0,1,0.04945156314562199
1045,12,376,2,2.0,1.0,1,0.05915986727044733
1045,13,380,2,2.0,1.0,2,0.2564757709062444
1045,14,362,2,2.0,1.0,2,0.24620057878122745
1045,15,399,2,2.0,1.0,4,0.2362604645465759
1045,16,376,2,2.0,1.0,1,0.23813070931344185
1045,17,316,2,2.0,1.0,3,0.22477691420054327
1045,18,361,2,2.0,1.0,2,-0.054243863089916515
1045,19,355,2,1.9492957746478874,1.0,1,-0.5126760563380282
1046,1,780,2,2.0,1.0,3,0.03133880421661272
1046,2,631,2,2.0,1.0,2,0.062439327553525374
1046,3,603,2,2.0,1.0,2,0.06272698589071776
1046,4,569,2,2.0,1.0,1,0.05138400702987669
1046,5,529,2,2.0,1.0,1,0.28302238805970154
1046,6,514,2,2.0,1.0,3,0.29937583905716775
1046,7,504,2,2.0,1.0,2,0.2995058822793671
1046,8,516,2,2.0,1.0,2,0.0767340040501898
1046,9,501,2,2.0,1.0,2,0.04553286740885266
1046,10,438,2,2.0,1.0,1,0.28747350129459387
1046,11,427,2,2.0,1.0,4,0.2990877773627182
1046,12,375,2,2.0,1.0,3,0.30716651149533225
1046,13,386,2,2.0,1.0,4,0.27712463622837563
1046,14,413,2,2.0,1.0,3,0.27113047248713185
1046,15,424,2,2.0,1.0,2,0.27005581405166273
1046,16,378,2,2.0,1.0,5,0.09290137315897344
1046,17,394,2,2.0,1.0,3,0.3079259756711924
1046,18,360,2,2.0,1.0,1,0.31678441249693545
1046,19,397,2,2.0,1.0,4,0.3007444957137764
1046,20,336,2,2.0,1.0,4,0.29900208347321444
1046,21,301,2,2.0,1.0,5,0.31234360663054084
1046,22,404,2,2.0,1.0,4,0.32497209763720303
1046,23,374,2,2.0,1.0,1,0.30545775189271157
1046,24,457,2,2.0,1.0,1,0.10020846977638521
1046,25,371,2,2.0,1.0,4,-0.0029209486827298276
1046,26,427,2,2.0,1.0,4,-0.004861513230265677
1046,27,369,2,2.0,1.0,6,-0.020809274567090228
1046,28,334,2,2.0,1.0,4,-0.0380747891193889
1046,29,331,2,2.0,1.0,5,-0.04038655503345348
1046,30,383,2,1.919060052219321,1.0,2,-0.5202349869451697
1046,31,646,1,1.0,1.0,1,-0.75
1047,1,785,2,2.0,1.0,3,0.02436794505463148
1047,2,644,2,2.0,1.0,2,0.05747476708074528
1047,3,600,2,2.0,1.0,2,0.06026418324143017
1047,4,578,2,2.0,1.0,2,0.06235364020831149
1047,5,562,2,2.0,1.0,1,0.0674219819326582
1047,6,556,2,2.0,1.0,1,0.29519230769230587
1047,7,518,2,2.0,1.0,1,0.29931311634042146
1047,8,508,2,2.0,1.0,5,0.30532504361714036
1047,9,477,2,2.0,1.0,1,0.30462217096347977
1047,10,474,2,2.0,1.0,2,0.31225366830266643
1047,11,451,2,2.0,1.0,2,0.3132177164198431
1047,12,439,2,2.0,1.0,4,0.3146555749040863
1047,13,464,2,2.0,1.0,4,0.31619762811589813
1047,14,476,2,2.0,1.0,5,0.32239881751860816
1047,15,483,2,2.0,1.0,2,0.3115201195431654
1047,16,496,2,2.0,1.0,2,0.3241241614817139
1047,17,459,2,2.0,1.0,2,0.09997704252218022
1047,18,452,2,2.0,1.0,2,0.33112909802999163
1047,19,386,2,2.0,1.0,4,0.33217936873317483
1047,20,404,2,2.0,1.0,4,0.3812821475053243
1047,21,418,2,2.0,1.0,6,0.4187622245116544
1047,22,417,2,2.0,1.0,2,0.4546659860530629
1047,23,493,2,1.997971602434077,1.0,3,0.5004204699121028
1047,24,1228,2,0.003257328990228013,1.0,5,0.999185667752443
1048,1,790,2,2.0,1.0,3,0.033789971273498434
1048,2,649,2,2.0,1.0,2,0.06000090637179361
1048,3,593,2,2.0,1.0,2,0.06953539357330463
1048,4,515,2,2.0,1.0,1,0.05988016305267019
1048,5,530,2,2.0,1.0,2,0.3041795456132752
1048,6,513,2,2.0,1.0,3,0.3010005735942439
1048,7,519,2,2.0,1.0,1,0.30177853373065955
1048,8,507,2,2.0,1.0,1,0.06999788010463004
1048,9,524,2,2.0,1.0,1,0.07327553263870291
1048,10,483,2,2.0,1.0,4,0.03799445605171259
1048,11,453,2,2.0,1.0,4,0.2915431116193347
1048,12,415,2,2.0,1.0,4,0.2730985795385402
1048,13,376,2,2.0,1.0,3,0.27157312848045434
1048,14,318,2,2.0,1.0,4,0.298938271493877
1048,15,350,2,2.0,1.0,2,0.28779901058934415
1048,16,343,2,2.0,1.0,2,0.286418104109502
1048,17,400,2,2.0,1.0,2,0.32785447105372917
1048,18,375,2,2.0,1.0,4,0.10000098459340873
1048,19,348,2,2.0,1.0,1,0.3046174977779549
1048,20,336,2,2.0,1.0,3,0.3067904385651597
1048,21,323,2,2.0,1.0,4,0.3173716635202942
1048,22,270,2,2.0,1.0,4,0.3429793763218692
1048,23,297,2,2.0,1.0,3,0.34790132513319666
1048,24,280,2,2.0,1.0,4,0.34438170012916364
1048,25,308,2,2.0,1.0,4,0.35717505443864495
1048,26,320,2,2.0,1.0,4,0.34338969514312245
1048,27,407,2,2.0,1.0,3,0.3387808949923185
1048,28,370,2,2.0,1.0,3,0.337717164585513
1048,29,360,2,2.0,1.0,4,0.32547397659755184
1048,30,341,2,2.0,1.0,2,0.0861674423993143
1048,31,390,2,2.0,1.0,4,0.3241695743681716
1048,32,345,2,2.0,1.0,4,0.3002301866846521
1048,33,264,2,2.0,1.0,4,0.30654550082746934
1048,34,254,2,2.0,1.0,8,0.23748190298371033
1048,35,277,2,2.0,1.0,4,0.31623346629167803
1048,36,402,2,2.0,1.0,3,0.32936523795573236
1048,37,367,2,2.0,1.0,4,0.2316619578690288
1048,38,347,2,2.0,1.0,2,0.02688818233710034
1048,39,372,2,2.0,1.0,1,-0.0040118955254775735
1048,40,402,2,2.0,1.0,2,-0.006279558863489326
1048,41,410,2,2.0,1.0,3,0.004109678317460727
1048,42,353,2,2.0,1.0,2,0.004617282065995085
1048,43,294,2,1.9965986394557824,1.0,3,-0.5008503401360545
1049,1,790,2,2.0,1.0,3,0.021711272562256766
1049,2,623,2,2.0,1.0,2,0.062443151417870525
1049,3,586,2,2.0,1.0,1,0.06231653432535653
1049,4,568,2,2.0,1.0,1,0.06473926103792627
1049,5,548,2,2.0,1.0,1,0.06737699378210332
1049,6,551,2,2.0,1.0,1,0.07209025547954767
1049,7,524,2,2.0,1.0,1,0.06733264826776271
1049,8,479,2,2.0,1.0,1,0.017273629066766896
1049,9,494,2,2.0,1.0,2,0.2946260104128498
1049,10,426,2,2.0,1.0,2,0.05669788877631866
1049,11,418,2,2.0,1.0,3,0.2810248697785074
1049,12,478,2,2.0,1.0,2,0.275444145580129
1049,13,488,2,2.0,1.0,1,0.04399373971341693
1049,14,431,2,2.0,1.0,3,0.05214845366439772
1049,15,466,2,2.0,1.0,1,-0.02158102468564716
1049,16,416,2,2.0,1.0,1,-0.06016277371209471
1049,17,364,2,2.0,1.0,2,-0.4815401665917129
1050,1,786,2,2.0,1.0,3,0.033960026168995495
1050,2,647,2,2.0,1.0,2,0.06001651665302896
1050,3,596,2,2.0,1.0,2,0.0695355953088322
1050,4,514,2,2.0,1.0,1,0.05988099757317695
1050,5,524,2,2.0,1.0,1,0.304064845388466
1050,6,509,2,2.0,1.0,1,0.29145043070877885
1050,7,531,2,2.0,1.0,1,0.3036620331651895
1050,8,494,2,2.0,1.0,1,0.28505124429327283
1050,9,520,2,2.0,1.0,1,0.07276595482422066
1050,10,495,2,2.0,1.0,2,0.293617229435529
1050,11,444,2,2.0,1.0,1,0.27566201204520613
1050,12,430,2,2.0,1.0,1,0.30941161366628467
1050,13,379,2,2.0,1.0,3,0.2900207821556621
1050,14,414,2,2.0,1.0,2,0.3031209577781043
1050,15,460,2,2.0,1.0,1,0.2834997739520904
1050,16,453,2,2.0,1.0,1,0.05930814222511519
1050,17,487,2,2.0,1.0,1,0.28457781533959037
1050,18,445,2,2.0,1.0,1,0.01519675595858005
1050,19,403,2,2.0,1.0,1,0.013344085628435722
1050,20,405,2,2.0,1.0,1,0.01930796116013474
1050,21,398,2,2.0,1.0,4,-0.025813419362535867
1050,22,373,2,2.0,1.0,4,-0.0323207830968333
1050,23,424,2,2.0,1.0,6,-0.5
1051,1,792,2,2.0,1.0,3,0.03133632580755377
1051,2,633,2,2.0,1.0,2,0.06246774618220117
1051,3,597,2,2.0,1.0,2,0.06268931455421622
1051,4,565,2,2.0,1.0,4,0.0624566629730263
1051,5,537,2,2.0,1.0,5,0.0720889106410521
1051,6,516,2,2.0,1.0,2,0.2952430446411387
1051,7,496,2,2.0,1.0,4,0.2952384628582965
1051,8,476,2,2.0,1.0,1,0.29724640232549765
1051,9,480,2,2.0,1.0,4,0.2966582405903942
1051,10,517,2,2.0,1.0,1,0.3063185605568591
1051,11,507,2,2.0,1.0,3,0.3543286574927232
1051,12,452,2,2.0,1.0,2,0.3426739388082149
1051,13,443,2,2.0,1.0,3,0.33134699297933207
1051,14,432,2,2.0,1.0,3,0.09210705806195485
1051,15,425,2,2.0,1.0,1,0.09295092890097233
1051,16,403,2,2.0,1.0,3,0.12805097646334565
1051,17,326,2,2.0,1.0,1,0.056463353464050854
1051,18,280,2,2.0,1.0,1,0.2834491460149464
1051,19,252,2,2.0,1.0,1,0.2951712631028026
1051,20,292,2,2.0,1.0,2,0.30214900339688633
1051,21,309,2,2.0,1.0,1,0.3364760289547934
1051,22,319,2,2.0,1.0,4,0.3366782186896934
1051,23,311,2,2.0,1.0,10,0.25036371063160145
1051,24,332,2,2.0,1.0,4,0.34926299971430846
1051,25,354,2,2.0,1.0,4,0.3444342721247495
1051,26,357,2,2.0,1.0,3,0.34785428113888106
1051,27,336,2,2.0,1.0,1,0.3506376456789362
1051,28,342,2,2.0,1.0,1,0.3723607205778662
1051,29,366,2,2.0,1.0,3,0.42301537063009365
1051,30,404,2,1.99009900990099,1.0,2,0.49536923911593284
1051,31,438,2,2.0,1.0,4,0.49590651394613067
1051,32,1153,2,0.011274934952298352,1.0,4,0.9971812662619254
1052,1,776,2,2.0,1.0,3,0.03136674669570036
1052,2,628,2,2.0,1.0,2,0.062434978768577495
1052,3,588,2,2.0,1.0,1,0.06038240768005259
1052,4,560,2,2.0,1.0,1,0.05101461038961012
1052,5,526,2,2.0,1.0,1,0.2830223880597016
1052,6,508,2,2.0,1.0,3,0.29916288829602017
1052,7,489,2,2.0,1.0,3,0.2823519496070772
1052,8,525,2,2.0,1.0,1,0.3076909706127706
1052,9,472,2,2.0,1.0,1,0.07445151479359827
1052,10,477,2,2.0,1.0,1,0.050867689641619945
1052,11,441,2,2.0,1.0,4,0.04182197945557244
1052,12,437,2,2.0,1.0,4,0.28997655662868843
1052,13,392,2,2.0,1.0,4,0.2945512445364421
1052,14,368,2,2.0,1.0,3,0.2974868555252868
1052,15,364,2,2.0,1.0,4,0.275013972450471
1052,16,340,2,2.0,1.0,1,0.029022285423696836
1052,17,403,2,2.0,1.0,1,0.010433811165826933
1052,18,364,2,2.0,1.0,4,0.024309340349634206
1052,19,324,2,2.0,1.0,4,0.2378138371748295
1052,20,373,2,2.0,1.0,4,0.2681343993472678
1052,21,313,2,2.0,1.0,1,0.027409048747809965
1052,22,323,2,2.0,1.0,4,0.2543319227172373
1052,23,327,2,2.0,1.0,4,0.22057109278092749
1052,24,319,2,1.9717868338557993,1.0,3,0.019477101958278016
1053,1,804,2,2.0,1.0,3,0.019152142372449974
1053,2,647,2,2.0,1.0,3,0.05283988229699239
1053,3,605,2,2.0,1.0,3,0.05758183438664676
1053,4,543,2,2.0,1.0,1,0.2791119210114997
1053,5,501,2,2.0,1.0,2,0.2947056892479982
1053,6,547,2,2.0,1.0,1,0.0717615237873961
1053,7,526,2,2.0,1.0,2,0.2946208457015649
1053,8,545,2,2.0,1.0,2,0.2929492054524054
1053,9,486,2,2.0,1.0,2,0.04644201198170575
1053,10,501,2,2.0,1.0,2,0.2847161109210331
1053,11,492,2,2.0,1.0,2,0.044986789720439534
1053,12,437,2,2.0,1.0,2,0.23663896574214827
1053,13,471,2,2.0,1.0,2,0.0329533218931259
1053,14,411,2,2.0,1.0,4,0.0036767540263436932
1053,15,372,2,2.0,1.0,4,0.22633194290549397
1053,16,365,2,2.0,1.0,4,-0.023157976386110925
1053,17,323,2,2.0,1.0,3,0.21657591402430232
1053,18,335,2,1.9582089552238806,1.0,5,-0.08556546649805591
1054,1,777,2,2.0,1.0,3,0.03134137798849016
1054,2,633,2,2.0,1.0,2,0.05747432859399682
1054,3,588,2,2.0,1.0,2,0.06032963499865298
1054,4,564,2,2.0,1.0,4,0.0624494391932168
1054,5,544,2,2.0,1.0,5,0.06741871962460201
1054,6,538,2,2.0,1.0,5,0.06909729043113567
1054,7,474,2,2.0,1.0,2,0.2710957021489236
1054,8,489,2,2.0,1.0,1,0.27801721044936434
1054,9,407,2,2.0,1.0,3,0.27711154538681126
1054,10,430,2,2.0,1.0,3,0.2717055426062375
1054,11,408,2,2.0,1.0,3,0.27837799233453514
1054,12,429,2,2.0,1.0,4,0.2930412294252534
1054,13,387,2,2.0,1.0,3,0.30053217848034247
1054,14,364,2,2.0,1.0,1,0.3022372291403058
1054,15,352,2,2.0,1.0,4,0.33511691696957
1054,16,529,2,2.0,1.0,2,0.34251301556035163
1054,17,409,2,2.0,1.0,4,0.06467836142002055
1054,18,372,2,2.0,1.0,4,0.2773052505190967
1054,19,382,2,2.0,1.0,3,0.2768704901829309
1054,20,381,2,2.0,1.0,4,0.3480542149707266
1054,21,333,2,2.0,1.0,1,0.2838495554580888
1054,22,343,2,2.0,1.0,1,0.26137407710779503
1054,23,355,2,2.0,1.0,5,0.27040336827925493
1054,24,333,2,2.0,1.0,4,0.2689776037687012
1054,25,406,2,2.0,1.0,5,0.057819970424795405
1054,26,365,2,2.0,1.0,6,0.04353044936958791
1054,27,359,2,2.0,1.0,1,0.015356999582254236
1054,28,394,2,2.0,1.0,4,0.23175539611405316
1054,29,351,2,2.0,1.0,4,0.21954763512402656
1054,30,347,2,2.0,1.0,4,-0.009050531353195163
1054,31,395,2,2.0,1.0,4,-0.016688444047345326
1054,32,360,2,2.0,1.0,1,-0.06868615828643153
1054,33,330,2,2.0,1.0,2,-0.04115455299990857
1055,1,790,2,2.0,1.0,3,0.03096028534865145
1055,2,655,2,2.0,1.0,2,0.059992590929501495
1055,3,598,2,2.0,1.0,1,0.06951585716296725
1055,4,517,2,2.0,1.0,1,0.05987850369661419
1055,5,512,2,2.0,1.0,5,0.3041712538380727
1055,6,528,2,2.0,1.0,2,0.29917758669180666
1055,7,565,2,2.0,1.0,4,0.2965320721413016
1055,8,539,2,2.0,1.0,4,0.2951817592345525
1055,9,547,2,2.0,1.0,7,0.30323466681005057
1055,10,563,2,2.0,1.0,2,0.3004919942337852
1055,11,502,2,2.0,1.0,4,0.29891693729284613
1055,12,451,2,2.0,1.0,4,0.3011547795519003
1055,13,392,2,2.0,1.0,4,0.2915317656047029
1055,14,384,2,2.0,1.0,3,0.2766545802840706
1055,15,372,2,2.0,1.0,4,0.2846280985102141
1055,16,340,2,2.0,1.0,6,0.29730054187976196
1055,17,379,2,2.0,1.0,4,0.33917262724383174
1055,18,331,2,2.0,1.0,4,0.3074938253305517
1055,19,353,2,2.0,1.0,2,0.13947606918143876
1055,20,392,2,2.0,1.0,1,0.32100516583425703
1055,21,175,2,2.0,1.0,5,0.3595558182068972
1055,22,332,2,2.0,1.0,4,0.3345968469292329
1055,23,349,2,2.0,1.0,4,0.32750689821186013
1055,24,256,2,2.0,1.0,4,0.28983945761781166
1055,25,263,2,2.0,1.0,4,0.3312825636146754
1055,26,384,2,2.0,1.0,7,0.11655333182245442
1055,27,353,2,2.0,1.0,1,0.3269148505116416
1055,28,406,2,2.0,1.0,4,0.33897307441134483
1055,29,360,2,2.0,1.0,4,0.3339674009914817
1055,30,348,2,2.0,1.0,4,0.32795714716837115
1055,31,342,2,2.0,1.0,4,0.3822375348043398
1055,32,279,2,2.0,1.0,4,0.17822685492204013
1055,33,1006,2,0.05467196819085487,1.0,6,0.9809524954191037
1055,34,301,2,1.9800664451827243,1.0,4,0.3936020383914228
1055,35,284,2,2.0,1.0,4,0.3991065202916927
1055,36,324,2,2.0,1.0,4,0.41012753641009425
1055,37,341,2,2.0,1.0,1,0.41659030189360696
1055,38,295,2,2.0,1.0,4,0.42782240465833393
1055,39,1048,2,0.02194656488549618,1.0,4,0.993942457842142
1055,40,1097,2,0.02643573381950775,1.0,12,0.992381843561654
1056,1,776,2,2.0,1.0,3,0.03373114048669288
1056,2,653,2,2.0,1.0,2,0.059992418100471345
1056,3,589,2,2.0,1.0,1,0.06951494624477313
1056,4,506,2,2.0,1.0,1,0.05988779248323201
1056,5,520,2,2.0,1.0,2,0.29945918363091245
1056,6,484,2,2.0,1.0,2,0.06772742027453849
1056,7,516,2,2.0,1.0,2,0.07531415907361512
1056,8,499,2,2.0,1.0,2,0.2951971228824245
1056,9,430,2,2.0,1.0,1,0.29303333491622824
1056,10,493,2,2.0,1.0,4,0.3039047604306055
1056,11,492,2,2.0,1.0,1,0.30243135237771346
1056,12,501,2,2.0,1.0,2,0.3052489401139174
1056,13,468,2,2.0,1.0,1,0.07551060542070799
1056,14,416,2,2.0,1.0,4,0.041939690537179816
1056,15,354,2,2.0,1.0,4,0.04850297470641317
1056,16,330,2,2.0,1.0,1,0.2587580689583657
1056,17,353,2,2.0,1.0,4,0.257123567840024
1056,18,333,2,2.0,1.0,4,0.23161110898112447
1056,19,308,2,2.0,1.0,4,0.25148271002069766
1056,20,346,2,2.0,1.0,5,0.24564715321001812
1056,21,321,2,2.0,1.0,4,0.24318280101633052
1056,22,344,2,1.9825581395348837,1.0,2,0.023395214437975143
1056,23,306,2,1.9542483660130718,1.0,6,-0.014584001568665203
1056,24,325,2,2.0,1.0,4,-0.025433977539799917
1056,25,348,2,1.9971264367816093,1.0,6,-0.02624708534592258
1057,1,781,2,2.0,1.0,3,0.0339025464489764
1057,2,633,2,2.0,1.0,2,0.06243096211628411
1057,3,596,2,2.0,1.0,1,0.06262889545947056
1057,4,579,2,2.0,1.0,1,0.062429345266132835
1057,5,540,2,2.0,1.0,1,0.07205555555555551
1057,6,507,2,2.0,1.0,2,0.28260745214804156
1057,7,502,2,2.0,1.0,4,0.2875635630539312
1057,8,470,2,2.0,1.0,2,0.2887289935702092
1057,9,480,2,2.0,1.0,2,0.30229895155587344
1057,10,450,2,2.0,1.0,1,0.07049479220200745
1057,11,480,2,2.0,1.0,1,0.06776422294172062
1057,12,483,2,2.0,1.0,2,0.28936182562032786
1057,13,460,2,2.0,1.0,1,0.06360729582924542
1057,14,462,2,2.0,1.0,4,0.2914623253038249
1057,15,472,2,2.0,1.0,4,0.29549690425289665
1057,16,473,2,2.0,1.0,3,0.28961901496921155
1057,17,506,2,2.0,1.0,3,0.2982728087164315
1057,18,528,2,2.0,1.0,3,0.30263819801507513
1057,19,494,2,2.0,1.0,1,0.07481345396765235
1057,20,458,2,2.0,1.0,1,0.07479126112480051
1057,21,456,2,2.0,1.0,1,0.07481372542513885
1057,22,471,2,2.0,1.0,1,0.06594758212358134
1057,23,408,2,2.0,1.0,1,0.29090245743069715
1057,24,356,2,2.0,1.0,1,0.3036000014152925
1057,25,333,2,2.0,1.0,1,0.3097666549725759
1057,26,340,2,2.0,1.0,1,0.2913966518596388
1057,27,353,2,2.0,1.0,1,0.3072124186201912
1057,28,381,2,2.0,1.0,5,0.339726065715502
1057,29,374,2,2.0,1.0,8,0.3432001248047017
1057,30,311,2,2.0,1.0,4,0.16607459083519951
1057,31,290,2,2.0,1.0,1,0.1295322989869325
1057,32,294,2,2.0,1.0,4,0.33350006197739346
1057,33,372,2,2.0,1.0,4,0.3266536954897103
1057,34,354,2,2.0,1.0,4,0.3146870766959431
1057,35,278,2,2.0,1.0,4,0.32142427101603
1057,36,208,2,2.0,1.0,4,0.3515110090244814
1057,37,318,2,2.0,1.0,7,0.307498559173778
1057,38,326,2,2.0,1.0,4,0.31701065784719157
1057,39,314,2,2.0,1.0,2,0.07460514301082859
1057,40,308,2,2.0,1.0,4,0.04937427094361858
1057,41,331,2,1.9939577039274925,1.0,4,-0.03117308857115249
1057,42,343,2,2.0,1.0,4,0.01329206045759606
1057,43,309,2,1.9967637540453074,1.0,9,-0.016834404885356584
1057,44,345,2,1.982608695652174,1.0,4,-0.5043478260869565
1058,1,780,2,2.0,1.0,3,0.030927860706636896
1058,2,625,2,2.0,1.0,2,0.06243007843137254
1058,3,582,2,2.0,1.0,2,0.06275169738267729
1058,4,540,2,2.0,1.0,1,0.2886301742919355
1058,5,521,2,2.0,1.0,1,0.3030107636060114
1058,6,500,2,2.0,1.0,3,0.3046620981054143
1058,7,484,2,2.0,1.0,2,0.0901905299808783
1058,8,465,2,2.0,1.0,2,0.06158121427759962
1058,9,413,2,2.0,1.0,2,0.27296022566034894
1058,10,435,2,2.0,1.0,2,0.3020699660291292
1058,11,471,2,2.0,1.0,3,0.307635132021623
1058,12,418,2,2.0,1.0,2,0.3272048272466703
1058,13,366,2,2.0,1.0,1,0.30052683352525444
1058,14,410,2,2.0,1.0,1,0.32363860754420937
1058,15,452,2,2.0,1.0,1,0.3394144816480337
1058,16,406,2,2.0,1.0,2,0.3146743454313675
1058,17,352,2,2.0,1.0,5,0.3384533245301875
1058,18,304,2,2.0,1.0,2,0.347107665656987
1058,19,333,2,2.0,1.0,8,0.3274504168026245
1058,20,335,2,2.0,1.0,1,0.39020542745773545
1058,21,378,2,2.0,1.0,2,0.3732559585055072
1058,22,387,2,2.0,1.0,3,0.1825983116539232
1058,23,385,2,2.0,1.0,6,0.3846103914566944
1058,24,1134,2,0.037037037037037035,1.0,10,0.9893996651694198
1058,25,1076,2,0.0037174721189591076,1.0,4,0.998940205461125
1059,1,779,2,2.0,1.0,3,0.03130284677693973
1059,2,654,2,2.0,1.0,2,0.06000127420998972
1059,3,596,2,2.0,1.0,2,0.06473402933134495
1059,4,521,2,2.0,1.0,1,0.059451219512194564
1059,5,514,2,2.0,1.0,1,0.2994261226896696
1059,6,504,2,2.0,1.0,1,0.2923598582180656
1059,7,495,2,2.0,1.0,1,0.3058417609736091
1059,8,473,2,2.0,1.0,3,0.27587338144634393
1059,9,502,2,2.0,1.0,1,0.022007042253521267
1059,10,506,2,2.0,1.0,1,0.04352696172314412
1059,11,513,2,2.0,1.0,1,0.28502756039527727
1059,12,503,2,2.0,1.0,1,0.28880574714725854
1059,13,441,2,2.0,1.0,3,0.2767265341832874
1059,14,327,2,2.0,1.0,4,0.2453271998877085
1059,15,421,2,2.0,1.0,2,0.06885416568444683
1059,16,437,2,2.0,1.0,3,0.019960453110040324
1059,17,394,2,2.0,1.0,1,-0.041779965613230705
1059,18,448,2,1.9419642857142858,1.0,1,-0.5145089285714286
1060,1,776,2,2.0,1.0,3,0.03138293319372436
1060,2,641,2,2.0,1.0,2,0.0574830993239729
1060,3,585,2,2.0,1.0,2,0.06902211376406729
1060,4,581,2,2.0,1.0,2,0.2871709546007358
1060,5,533,2,2.0,1.0,2,0.3052769043584072
1060,6,539,2,2.0,1.0,2,0.0329623053471683
1060,7,496,2,2.0,1.0,1,0.27422278945385475
1060,8,503,2,2.0,1.0,1,0.27983796117703547
1060,9,413,2,2.0,1.0,5,0.263967924002714
1060,10,481,2,2.0,1.0,2,0.2648675906634355
1060,11,458,2,2.0,1.0,4,0.004203896417698586
1060,12,460,2,2.0,1.0,1,0.2456774649455784
1060,13,470,2,2.0,1.0,2,0.2571465404485207
1060,14,414,2,2.0,1.0,1,0.2365581649700077
1060,15,358,2,2.0,1.0,1,0.019269221432013112
1060,16,427,2,2.0,1.0,1,-0.012044793228212603
1060,17,481,2,2.0,1.0,6,-0.029216166716166808
1060,18,456,2,1.9956140350877194,1.0,4,-0.5010964912280702
1060,19,693,1,1.0,1.0,1,-0.75
1061,1,770,2,2.0,1.0,3,0.03125412077296323
1061,2,663,2,2.0,1.0,2,0.06000192233756242
1061,3,597,2,2.0,1.0,1,0.06471477759166219
1061,4,527,2,2.0,1.0,1,0.059451219512194564
1061,5,539,2,2.0,1.0,1,0.3061499936232726
1061,6,524,2,2.0,1.0,1,0.29964770572693106
1061,7,524,2,2.0,1.0,1,0.30417136804590744
1061,8,498,2,2.0,1.0,4,0.30878513531251456
1061,9,505,2,2.0,1.0,3,0.3167851985603421
1061,10,478,2,2.0,1.0,2,0.31341586236784175
1061,11,450,2,2.0,1.0,1,0.3064995164937787
1061,12,441,2,2.0,1.0,1,0.31431652813714017
1061,13,433,2,2.0,1.0,1,0.3150710649286538
1061,14,393,2,2.0,1.0,2,0.09350060641322001
1061,15,458,2,2.0,1.0,2,0.07416200883479201
1061,16,423,2,2.0,1.0,1,0.06235810846143512
1061,17,360,2,2.0,1.0,4,0.30599976474802715
1061,18,331,2,2.0,1.0,4,0.34070272092667486
1061,19,328,2,2.0,1.0,3,0.33141356929160837
1061,20,377,2,2.0,1.0,3,0.29670892991728676
1061,21,323,2,2.0,1.0,2,0.29300776091674946
1061,22,298,2,2.0,1.0,4,0.3025319229949091
1061,23,284,2,2.0,1.0,4,0.3458669098261666
1061,24,295,2,2.0,1.0,1,0.2810460973519961
1061,25,349,2,2.0,1.0,4,0.2843630639915601
1061,26,353,2,2.0,1.0,2,0.32531727546763517
1061,27,327,2,2.0,1.0,6,0.07317765933288586
1061,28,412,2,2.0,1.0,2,0.016759601340171744
1061,29,405,2,2.0,1.0,4,-0.0040036851326351675
1061,30,424,2,2.0,1.0,1,-0.003206912068291266
1061,31,425,2,2.0,1.0,4,-0.011206059965697096
1061,32,434,2,2.0,1.0,2,-0.017316229090859583
1061,33,388,2,2.0,1.0,5,-0.023641170524014345
1061,34,224,2,2.0,1.02,1,-0.006038854402475026
1061,35,292,2,1.9965753424657535,1.0,6,-0.0031359418331753284
1062,1,795,2,2.0,1.0,3,0.024542049073604136
1062,2,631,2,2.0,1.0,2,0.06245240562395872
1062,3,582,2,2.0,1.0,2,0.06270277532556275
1062,4,571,2,2.0,1.0,4,0.06479918901440292
1062,5,530,2,2.0,1.0,5,0.07631900768693183
1062,6,514,2,2.0,1.0,1,0.2904850746268691
1062,7,511,2,2.0,1.0,2,0.2993966275552983
1062,8,499,2,2.0,1.0,4,0.30941057153604157
1062,9,484,2,2.0,1.0,2,0.0802470887698163
1062,10,479,2,2.0,1.0,1,0.07360518860707733
1062,11,448,2,2.0,1.0,1,0.052637791895604656
1062,12,429,2,2.0,1.0,1,0.05092523137689983
1062,13,368,2,2.0,1.0,4,0.28686845515614434
1062,14,386,2,2.0,1.0,3,0.2881616829804693
1062,15,429,2,2.0,1.0,5,0.3020988364782099
1062,16,398,2,2.0,1.0,2,0.2953729638484612
1062,17,370,2,2.0,1.0,2,0.29430253272829626
1062,18,333,2,2.0,1.0,2,0.28985663837364023
1062,19,365,2,2.0,1.0,4,0.27674809195493355
1062,20,414,2,2.0,1.0,4,0.2782193024175517
1062,21,344,2,2.0,1.0,4,0.2924808786892511
1062,22,342,2,2.0,1.0,3,0.2899052788862915
1062,23,343,2,2.0,1.0,8,0.2995780602666457
1062,24,325,2,2.0,1.0,3,0.25471358305891156
1062,25,327,2,2.0,1.0,1,0.03173086483536519
1062,26,374,2,2.0,1.0,7,0.002833826971814061
1062,27,388,2,2.0,1.0,4,-0.0030739091931220666
1062,28,353,2,2.0,1.0,4,-0.013312635221325862
1062,29,360,2,2.0,1.0,3,-0.04165260654190187
1062,30,652,1,1.0,1.0,1,-0.75
1063,1,787,2,2.0,1.0,3,0.03123779255915482
1063,2,629,2,2.0,1.0,2,0.06244723962717043
1063,3,586,2,2.0,1.0,1,0.0627377503307926
1063,4,535,2,2.0,1.0,1,0.2888675096206673
1063,5,523,2,2.0,1.0,1,0.2980976890838816
1063,6,489,2,2.0,1.0,3,0.3016782415612897
1063,7,456,2,2.0,1.0,1,0.29087911178122877
1063,8,491,2,2.0,1.0,5,0.34371427643001046
1063,9,456,2,2.0,1.0,3,0.3033972794100179
1063,10,483,2,2.0,1.0,3,0.05583014235117267
1063,11,483,2,2.0,1.0,2,0.057545216425985396
1063,12,467,2,2.0,1.0,1,0.015835398223942854
1063,13,477,2,2.0,1.0,1,0.00952509523430558
1063,14,465,2,2.0,1.0,2,-0.005607480726194416
1064,1,784,2,2.0,1.0,3,0.03390313413297034
1064,2,621,2,2.0,1.0,2,0.06245512456190205
1064,3,592,2,2.0,1.0,2,0.06270684924177573
1064,4,536,2,2.0,1.0,1,0.28879773924494845
1064,5,507,2,2.0,1.0,1,0.2983163837360635
1064,6,495,2,2.0,1.0,3,0.30610581708932294
1064,7,480,2,2.0,1.0,1,0.30627105309659797
1064,8,500,2,2.0,1.0,9,0.33152749587326197
1064,9,487,2,2.0,1.0,1,0.0779025340248941
1064,10,510,2,2.0,1.0,2,0.32495023217045604
1064,11,494,2,2.0,1.0,2,0.06409153080205646
1064,12,488,2,2.0,1.0,4,0.31741981025590055
1064,13,448,2,2.0,1.0,3,0.31766040137107937
1064,14,395,2,2.0,1.0,1,0.322376654962485
1064,15,399,2,2.0,1.0,1,0.36791910417326135
1064,16,370,2,2.0,1.0,3,0.37070225898850767
1064,17,393,2,2.0,1.0,3,0.37143123013991375
1064,18,335,2,1.9940298507462686,1.0,2,0.40662669928012213
1064,19,327,2,2.0,1.0,4,0.4501397218465062
1064,20,471,2,1.9936305732484076,1.0,11,0.5008047623355634
1064,21,1284,2,0.003115264797507788,1.0,8,0.9992211838006231
1065,1,784,2,2.0,1.0,3,0.034046695994221866
1065,2,647,2,2.0,1.0,2,0.059984013698214884
1065,3,600,2,2.0,1.0,2,0.06473428731762082
1065,4,521,2,2.0,1.0,1,0.059451219512194564
1065,5,532,2,2.0,1.0,1,0.29103269165400847
1065,6,496,2,2.0,1.0,5,0.3018389673919106
1065,7,498,2,2.0,1.0,1,0.2952081219135386
1065,8,506,2,2.0,1.0,7,0.3328154474430075
1065,9,489,2,2.0,1.0,3,0.30849555952962526
1065,10,495,2,2.0,1.0,2,0.3274330475694087
1065,11,513,2,2.0,1.0,1,0.3183303582287877
1065,12,501,2,2.0,1.0,1,0.31153268080760693
1065,13,473,2,2.0,1.0,1,0.08598683326907795
1065,14,453,2,2.0,1.0,2,0.1381543156491088
1065,15,415,2,2.0,1.0,3,0.3596022138149597
1065,16,411,2,2.0,1.0,3,0.363813666797438
1065,17,391,2,2.0,1.0,10,0.3784052028148145
1065,18,372,2,2.0,1.0,1,0.4227028758097656
1065,19,389,2,2.0,1.0,2,0.36950572298309914
1065,20,384,2,2.0,1.0,9,0.42649063430016815
1065,21,411,2,2.0,1.0,5,0.43777529195411574
1065,22,395,2,2.0,1.0,12,0.4386677300487917
1065,23,1206,2,0.003316749585406302,1.0,22,0.9990683717335652
1066,1,779,2,2.0,1.0,3,0.03084458203657861
1066,2,628,2,2.0,1.0,2,0.06247905944916123
1066,3,600,2,2.0,1.0,1,0.060361558145270104
1066,4,568,2,2.0,1.0,1,0.051016325224071436
1066,5,532,2,2.0,1.0,1,0.2830223880597015
1066,6,514,2,2.0,1.0,1,0.29941467842324726
1066,7,510,2,2.0,1.0,1,0.29284518583552666
1066,8,512,2,2.0,1.0,1,0.29412960473382543
1066,9,505,2,2.0,1.0,1,0.2785845355425156
1066,10,499,2,2.0,1.0,1,0.16599768746544127
1066,11,404,2,2.0,1.0,1,0.22235870296816954
1066,12,351,2,2.0,1.0,4,0.021619116954070212
1066,13,342,2,2.0,1.0,1,0.24076478858452907
1066,14,376,2,2.0,1.0,4,0.039621956030522085
1066,15,408,2,2.0,1.0,2,0.22763490642323675
1066,16,377,2,2.0,1.0,1,0.03695088406615568
1066,17,316,2,2.0,1.0,1,0.22988717481663737
1066,18,346,2,2.0,1.0,4,0.17611919532930925
1066,19,390,2,2.0,1.0,3,-0.04807204516346761
1066,20,655,2,1.001526717557252,1.0,4,-0.749618320610687
1067,1,779,2,2.0,1.0,3,0.031017268309295864
1067,2,650,2,2.0,1.0,2,0.057474999999999915
1067,3,592,2,2.0,1.0,2,0.0649375898196655
1067,4,525,2,2.0,1.0,3,0.0593148969368476
1067,5,529,2,2.0,1.0,3,0.30097397259186526
1067,6,508,2,2.0,1.0,3,0.30721848801364887
1067,7,490,2,2.0,1.0,2,0.303070633448186
1067,8,476,2,2.0,1.0,2,0.07793636159775386
1067,9,490,2,2.0,1.0,2,0.08346172143886256
1067,10,473,2,2.0,1.0,2,0.07551865382739019
1067,11,509,2,2.0,1.0,3,0.07298084545654589
1067,12,442,2,2.0,1.0,4,0.28339551239013383
1067,13,425,2,2.0,1.0,2,0.3151299324476192
1067,14,416,2,2.0,1.0,4,0.3028896612150416
1067,15,390,2,2.0,1.0,3,0.32347661335473726
1067,16,369,2,2.0,1.0,5,0.1430935427359044
1067,17,389,2,2.0,1.0,5,0.24858008076813576
1067,18,368,2,2.0,1.0,2,0.2621864856400974
1067,19,333,2,2.0,1.0,4,0.10661627578022627
1067,20,335,2,2.0,1.0,1,0.04489036960511829
1067,21,389,2,2.0,1.0,4,0.25959007381643845
1067,22,338,2,2.0,1.0,3,0.23397933263632884
1067,23,325,2,2.0,1.0,3,0.04131666269120166
1067,24,287,2,2.0,1.0,1,0.24749157454748008
1067,25,305,2,2.0,1.0,2,0.024588601138298964
1067,26,373,2,2.0,1.0,1,-0.0037747409562320063
1067,27,359,2,2.0,1.0,4,-0.009225261431216955
1067,28,339,2,2.0,1.0,4,-0.023815368555700184
1067,29,353,2,2.0,1.0,2,-0.04132008001759444
1067,30,635,1,1.0,1.0,1,-0.75
1068,1,808,2,2.0,1.0,3,0.01641909118969511
1068,2,639,2,2.0,1.0,3,0.2754632973529722
1068,3,557,2,2.0,1.0,3,0.06097225888391587
1068,4,554,2,2.0,1.0,3,0.03446340502957234
1068,5,529,2,2.0,1.0,5,0.03304400897667878
1068,6,529,2,2.0,1.0,3,0.06253726234444688
1068,7,508,2,2.0,1.0,2,0.0406066889719986
1068,8,514,2,2.0,1.0,2,0.040066749451245186
1068,9,486,2,2.0,1.0,2,0.02400923967514521
1068,10,453,2,2.0,1.0,5,0.011534746737124705
1068,11,431,2,2.0,1.0,1,0.029179970058901678
1068,12,410,2,2.0,1.0,1,0.03347723162861019
1068,13,413,2,2.0,1.0,2,0.011464964742855492
1068,14,391,2,2.0,1.0,7,0.2325783452246434
1068,15,341,2,2.0,1.0,1,0.008747974317584327
1068,16,379,2,2.0,1.0,3,0.007146089396161358
1068,17,332,2,2.0,1.0,1,0.25781463733052934
1068,18,303,2,2.0,1.0,1,0.21928666710785114
1068,19,336,2,2.0,1.0,2,0.003702141206101285
1068,20,338,2,2.0,1.0,1,-0.0686975841194826
1068,21,406,2,2.0,1.0,1,-0.5
1069,1,779,2,2.0,1.0,3,0.0313466943266301
1069,2,645,2,2.0,1.0,2,0.06000851193190443
1069,3,595,2,2.0,1.0,2,0.06473396429278801
1069,4,531,2,2.0,1.0,1,0.059451219512194564
1069,5,521,2,2.0,1.0,5,0.2945760022396013
1069,6,495,2,2.0,1.0,3,0.3091675651010108
1069,7,466,2,2.0,1.0,1,0.3067522345082496
1069,8,482,2,2.0,1.0,1,0.30836612817079834
1069,9,493,2,2.0,1.0,1,0.31635462171278295
1069,10,517,2,2.0,1.0,4,0.3021367982329837
1069,11,495,2,2.0,1.0,4,0.0729110204691861
1069,12,506,2,2.0,1.0,1,0.302989866576821
1069,13,496,2,2.0,1.0,1,0.30782243039389035
1069,14,486,2,2.0,1.0,1,0.30298778122851994
1069,15,494,2,2.0,1.0,1,0.30415418580522974
1069,16,500,2,2.0,1.0,1,0.3087704602583844
1069,17,462,2,2.0,1.0,1,0.3084523809523815
1069,18,419,2,2.0,1.0,1,0.30872372515440744
1069,19,411,2,2.0,1.0,4,0.3074628745550729
1069,20,394,2,2.0,1.0,4,0.2955088808179638
1069,21,417,2,2.0,1.0,8,0.3883569528002042
1069,22,413,2,2.0,1.0,5,0.35255693385446996
1069,23,401,2,2.0,1.0,3,0.38320340604836145
1069,24,451,2,2.0,1.0,3,0.4934901428195861
1069,25,1039,2,0.0038498556304138597,1.0,3,0.9990375360923965
1070,1,781,2,2.0,1.0,3,0.03110008654986854
1070,2,632,2,2.0,1.0,2,0.06247919198429312
1070,3,594,2,2.0,1.0,2,0.06037187761198063
1070,4,576,2,2.0,1.0,5,0.05118549885648915
1070,5,530,2,2.0,1.0,1,0.28302238805970154
1070,6,524,2,2.0,1.0,3,0.3065592336003687
1070,7,507,2,2.0,1.0,2,0.2862123631718332
1070,8,534,2,2.0,1.0,1,0.301738025449557
1070,9,525,2,2.0,1.0,1,0.2979039993674272
1070,10,503,2,2.0,1.0,1,0.05787037037037025
1070,11,504,2,2.0,1.0,1,0.06393571484818875
1070,12,536,2,2.0,1.0,1,0.31009559055386016
1070,13,497,2,2.0,1.0,1,0.06393472457708738
1070,14,496,2,2.0,1.0,1,0.06542274519522691
1070,15,526,2,2.0,1.0,1,0.3116785519269407
1070,16,456,2,2.0,1.0,1,0.07532658666313186
1070,17,406,2,2.0,1.0,1,0.08609270920321248
1070,18,496,2,2.0,1.0,5,0.2925715635934582
1070,19,422,2,2.0,1.0,4,0.2943002661384405
1070,20,405,2,2.0,1.0,1,0.3164358714165661
1070,21,358,2,2.0,1.0,4,0.4082959430784833
1070,22,361,2,2.0,1.0,3,0.17247465891545224
1070,23,366,2,1.994535519125683,1.0,3,0.3911434833594314
1070,24,1005,2,0.06965174129353234,1.0,2,0.9757082101035982
1071,1,798,2,2.0,1.0,3,0.034018599861874735
1071,2,638,2,2.0,1.0,2,0.06243599791013584
1071,3,594,2,2.0,1.0,1,0.06035568111270977
1071,4,561,2,2.0,1.0,1,0.05101482741857046
1071,5,534,2,2.0,1.0,1,0.2830223880597015
1071,6,511,2,2.0,1.0,3,0.30414393154885216
1071,7,511,2,2.0,1.0,2,0.30413364546361293
1071,8,516,2,2.0,1.0,1,0.07648550683414443
1071,9,494,2,2.0,1.0,1,0.2947190545388906
1071,10,471,2,2.0,1.0,2,0.29844982366619666
1071,11,476,2,2.0,1.0,2,0.2950353756526079
1071,12,461,2,2.0,1.0,2,0.2820444686282165
1071,13,453,2,2.0,1.0,2,0.28093848778370845
1071,14,435,2,2.0,1.0,3,0.2720536461684203
1071,15,471,2,2.0,1.0,1,0.06345274643686268
1071,16,467,2,2.0,1.0,2,0.27935949902436263
1071,17,446,2,2.0,1.0,1,0.016441742248977403
1071,18,408,2,2.0,1.0,1,-0.05115435499432853
1071,19,385,2,2.0,1.0,2,-0.07229657148137401
1071,20,385,2,1.9974025974025975,1.0,1,-0.5006493506493507
1072,1,770,2,2.0,1.0,3,0.031223292864758584
1072,2,634,2,2.0,1.0,2,0.06247925762472122
1072,3,601,2,2.0,1.0,1,0.060337184665093906
1072,4,581,2,2.0,1.0,1,0.062326144404457655
1072,5,523,2,2.0,1.0,1,0.2929684512428281
1072,6,514,2,2.0,1.0,2,0.30415140693068055
1072,7,516,2,2.0,1.0,2,0.2983704000991576
1072,8,509,2,2.0,1.0,1,0.3074264644910676
1072,9,482,2,2.0,1.0,1,0.286952556978082
1072,10,423,2,2.0,1.0,3,0.3010255305008952
1072,11,392,2,2.0,1.0,1,0.2927960258995005
1072,12,274,2,2.0,1.0,7,0.28841913937114133
1072,13,385,2,2.0,1.0,1,0.280261731146186
1072,14,441,2,2.0,1.0,2,0.28976522254995773
1072,15,363,2,2.0,1.0,4,0.26220111778751354
1072,16,395,2,2.0,1.0,3,0.2707673615243646
1072,17,370,2,2.0,1.0,4,0.25317408784825157
1072,18,361,2,2.0,1.0,6,0.2350428183349807
1072,19,396,2,2.0,1.0,1,0.23180360112178397
1072,20,310,2,2.0,1.0,2,0.06484238814316329
1072,21,340,2,2.0,1.0,6,0.030246026418834226
1072,22,299,2,2.0,1.0,1,0.07048812834551084
1072,23,355,2,2.0,1.0,4,0.06293051063897524
1072,24,299,2,2.0,1.0,2,0.024416684458586514
1072,25,292,2,2.0,1.0,1,0.05463461847040892
1072,26,322,2,2.0,1.0,4,0.012128812890166714
1072,27,367,2,1.9891008174386922,1.0,1,-0.502724795640327
1073,1,792,2,2.0,1.0,3,0.03386203882683465
1073,2,651,2,2.0,1.0,2,0.059984413120086656
1073,3,593,2,2.0,1.0,2,0.06953539357330463
1073,4,527,2,2.0,1.0,1,0.28674159360421925
1073,5,503,2,2.0,1.0,5,0.281262029562892
1073,6,494,2,2.0,1.0,1,0.28233396543646255
1073,7,507,2,2.0,1.0,1,0.2868309205356274
1073,8,424,2,2.0,1.0,3,0.28825501256566816
1073,9,434,2,2.0,1.0,3,0.2706497323034917
1073,10,396,2,2.0,1.0,3,0.275330810185139
1073,11,432,2,2.0,1.0,2,0.2645024816415243
1073,12,343,2,2.0,1.0,1,0.054203094047190564
1073,13,366,2,2.0,1.0,1,0.059799319778820643
1073,14,363,2,2.0,1.0,1,0.03427136397414311
1073,15,350,2,2.0,1.0,1,0.04118896440412251
1073,16,359,2,2.0,1.0,4,0.2206192110665827
1073,17,337,2,2.0,1.0,4,0.24586842244916585
1073,18,345,2,2.0,1.0,4,0.23450521065140947
1073,19,258,2,2.0,1.0,1,0.12106108554197503
1073,20,324,2,2.0,1.0,1,0.13634325185763396
1074,1,773,2,2.0,1.0,3,0.03134728520961093
1074,2,649,2,2.0,1.0,2,0.057474961479198686
1074,3,586,2,2.0,1.0,1,0.06496269443094754
1074,4,582,2,2.0,1.0,4,0.2866609056797796
1074,5,536,2,2.0,1.0,2,0.29945491205893826
1074,6,516,2,2.0,1.0,3,0.28341633114858444
1074,7,509,2,2.0,1.0,4,0.3004875617790449
1074,8,510,2,2.0,1.0,5,0.3029731726619611
1074,9,528,2,2.0,1.0,2,0.3053920122706636
1074,10,477,2,2.0,1.0,2,0.315611880397183
1074,11,457,2,2.0,1.0,3,0.3181225659951688
1074,12,437,2,2.0,1.0,3,0.30972114154816444
1074,13,411,2,2.0,1.0,4,0.3577925950795568
1074,14,362,2,2.0,1.0,3,0.3676454757481304
1074,15,389,2,1.9845758354755785,1.0,4,0.38670521483795567
1074,16,418,2,1.9904306220095693,1.0,3,0.4351390028422386
1074,17,381,2,1.984251968503937,1.0,3,0.43400458598387476
1074,18,379,2,2.0,1.0,3,0.3674640484044351
1074,19,406,2,2.0,1.0,4,0.4088138693392768
1074,20,419,2,2.0,1.0,3,0.4989774767930887
1074,21,1222,2,0.0032733224222585926,1.0,7,0.9991816693944353
1075,1,786,2,2.0,1.0,3,0.034138587567545654
1075,2,650,2,2.0,1.0,2,0.0599843137254901
1075,3,593,2,2.0,1.0,2,0.06953539357330463
1075,4,564,2,2.0,1.0,1,0.2845588235294095
1075,5,505,2,2.0,1.0,2,0.29946172386367126
1075,6,496,2,2.0,1.0,3,0.29719541964621443
1075,7,508,2,2.0,1.0,2,0.3119649148260314
1075,8,521,2,2.0,1.0,2,0.2980682260025198
1075,9,512,2,2.0,1.0,2,0.3102564127895445
1075,10,510,2,2.0,1.0,1,0.30728559038490777
1075,11,535,2,2.0,1.0,1,0.29796577701627347
1075,12,537,2,2.0,1.0,2,0.06535099763386762
1075,13,511,2,2.0,1.0,6,0.06100103469231003
1075,14,487,2,2.0,1.0,4,0.03490580245116968
1075,15,497,2,2.0,1.0,4,0.028435682347952653
1075,16,420,2,2.0,1.0,1,0.026772115823073265
1075,17,432,2,2.0,1.0,4,0.256352386713977
1075,18,363,2,2.0,1.0,3,0.26557105189831287
1075,19,401,2,2.0,1.0,5,0.2587677669873983
1075,20,377,2,2.0,1.0,1,0.1992231236492114
1075,21,401,2,2.0,1.0,5,0.02816776814796136
1075,22,415,2,2.0,1.0,1,-0.04012492593324091
1075,23,426,2,2.0,1.0,1,-0.5
1076,1,775,2,2.0,1.0,3,0.03333618924438197
1076,2,650,2,2.0,1.0,2,0.06000098039215676
1076,3,609,2,2.0,1.0,2,0.0695364465289647
1076,4,552,2,2.0,1.0,1,0.2845588235294095
1076,5,510,2,2.0,1.0,2,0.3042079245646607
1076,6,487,2,2.0,1.0,3,0.3018618320282302
1076,7,475,2,2.0,1.0,2,0.07911385095932182
1076,8,496,2,2.0,1.0,1,0.2996010254777773
1076,9,440,2,2.0,1.0,2,0.293648617684202
1076,10,455,2,2.0,1.0,1,0.30285210553187886
1076,11,457,2,2.0,1.0,3,0.3082533034050839
1076,12,477,2,2.0,1.0,5,0.30969605883923945
1076,13,492,2,2.0,1.0,4,0.30974373417923895
1076,14,478,2,2.0,1.0,7,0.31600156605854934
1076,15,442,2,2.0,1.0,1,0.08033291067927192
1076,16,413,2,2.0,1.0,4,0.06225785373096699
1076,17,406,2,2.0,1.0,1,0.3069165257223317
1076,18,310,2,2.0,1.0,1,0.2840007878065738
1076,19,331,2,2.0,1.0,7,0.30413020320750844
1076,20,328,2,2.0,1.0,4,0.3081593351565873
1076,21,339,2,2.0,1.0,1,0.3078538701979323
1076,22,313,2,2.0,1.0,3,0.32881577489367225
1076,23,346,2,2.0,1.0,1,0.2917591359499202
1076,24,317,2,2.0,1.0,4,0.3119028153619617
1076,25,339,2,2.0,1.0,4,0.2873589307894066
1076,26,292,2,2.0,1.0,2,0.055142118360452776
1076,27,297,2,2.0,1.0,4,0.2582951534096233
1076,28,333,2,2.0,1.0,1,0.32855382836858116
1076,29,330,2,2.0,1.0,8,0.33776764051403085
1076,30,360,2,2.0,1.0,4,0.28821524118097036
1076,31,306,2,2.0,1.0,4,0.4065014419937839
1076,32,347,2,2.0,1.0,3,0.39958944402085017
1076,33,378,2,2.0,1.0,12,0.3835590038394502
1076,34,420,2,2.0,1.0,3,0.41422421868083037
1076,35,382,2,2.0,1.0,8,0.4215100100592267
1076,36,391,2,2.0,1.0,6,0.4286224432705104
1076,37,354,2,2.0,1.0,9,0.43758228486615
1076,38,417,2,2.0,1.0,4,0.44264830833386043
1076,39,1111,2,0.012601260126012601,1.0,4,0.9966244929489838
1076,40,1115,2,0.003587443946188341,1.0,21,0.9990441238683475
1077,1,782,2,2.0,1.0,3,0.033941069261704454
1077,2,628,2,2.0,1.0,2,0.062447155613837894
1077,3,598,2,2.0,1.0,1,0.06266062284795187
1077,4,557,2,2.0,1.0,1,0.05142198465807056
1077,5,520,2,2.0,1.0,1,0.2830223880597017
1077,6,512,2,2.0,1.0,3,0.30176108510773125
1077,7,472,2,2.0,1.0,3,0.30432872808026823
1077,8,479,2,2.0,1.0,3,0.30631941639635063
1077,9,494,2,2.0,1.0,1,0.3063540511824413
1077,10,502,2,2.0,1.0,1,0.3081345613218111
1077,11,507,2,2.0,1.0,1,0.31410022838160356
1077,12,459,2,2.0,1.0,1,0.3095457188723431
1077,13,410,2,2.0,1.0,1,0.29419274530107825
1077,14,392,2,2.0,1.0,1,0.2918708309879446
1077,15,380,2,2.0,1.0,4,0.2969991640634429
1077,16,391,2,2.0,1.0,4,0.30498806476433044
1077,17,391,2,2.0,1.0,2,0.33388115116813466
1077,18,370,2,2.0,1.0,3,0.33969524004262497
1077,19,387,2,2.0,1.0,1,0.10701860281079585
1077,20,386,2,2.0,1.0,4,0.11218397481388538
1077,21,382,2,2.0,1.0,2,0.09121179728602094
1077,22,337,2,2.0,1.0,4,0.06894444849709283
1077,23,292,2,2.0,1.0,4,0.06517377053558462
1077,24,227,2,2.0,1.0,3,0.2220308479947558
1077,25,315,2,2.0,1.0,2,0.13925198804023523
1077,26,271,2,2.0,1.0,1,0.26216907368448084
1077,27,286,2,2.0,1.0,4,0.297539128228374
1077,28,318,2,2.0,1.0,3,0.292809683767702
1077,29,224,2,2.0,1.0,6,0.20194031239579827
1077,30,332,2,2.0,1.0,2,0.008263655749805976
1077,31,326,2,2.0,1.0,4,-0.019462946109800486
1077,32,367,2,2.0,1.0,4,-0.035666546707110364
1077,33,433,2,1.9953810623556583,1.0,7,-0.5011547344110855
1077,34,654,1,1.0,1.0,1,-0.75
1078,1,674,2,2.0,1.0,3,0.021913647798604045
1078,2,631,2,2.0,1.0,2,0.05302966625680317
1078,3,554,2,2.0,1.0,2,0.03447244132019708
1078,4,544,2,2.0,1.0,2,0.0321750094268472
1078,5,542,2,2.0,1.0,5,0.0674184196970175
1078,6,537,2,2.0,1.0,6,0.07938772084518719
1078,7,467,2,2.0,1.0,1,0.26576153394859875
1078,8,473,2,2.0,1.0,2,0.2518462546708097
1078,9,397,2,2.0,1.0,1,0.02073417568569312
1078,10,418,2,2.0,1.0,1,-0.022968427255305065
1078,11,406,2,2.0,1.0,1,-0.026249920117740914
1078,12,421,2,2.0,1.0,4,-0.03420677129165468
1078,13,453,2,2.0,1.0,4,-0.03754564585009564
1078,14,524,2,1.9961832061068703,1.0,6,-0.5009541984732825
1079,1,700,2,2.0,1.0,3,0.022801002159907595
1079,2,632,2,2.0,1.0,2,0.05047952630504161
1079,3,577,2,2.0,1.0,2,0.053218789323314794
1079,4,521,2,2.0,1.0,1,0.059451219512194564
1079,5,509,2,2.0,1.0,2,0.29058619093819676
1079,6,503,2,2.0,1.0,2,0.28748219637399214
1079,7,554,2,2.0,1.0,2,0.29739383273774195
1079,8,576,2,2.0,1.0,4,0.30329058267383235
1079,9,562,2,2.0,1.0,5,0.057870370370370315
1079,10,536,2,2.0,1.0,1,0.059306741830714015
1079,11,573,2,2.0,1.0,4,0.29839210553331474
1079,12,559,2,2.0,1.0,4,0.29273905529035343
1079,13,554,2,2.0,1.0,6,0.2983679816482061
1079,14,547,2,2.0,1.0,4,0.2941517622522446
1079,15,553,2,2.0,1.0,2,0.299638456198616
1079,16,519,2,2.0,1.0,4,0.2955121618891323
1079,17,535,2,2.0,1.0,4,0.2955342357843715
1079,18,548,2,2.0,1.0,7,0.29963298215985484
1079,19,515,2,2.0,1.0,4,0.30533181465601833
1079,20,523,2,2.0,1.0,6,0.30650787004867436
1079,21,487,2,2.0,1.0,10,0.3050992691957166
1079,22,403,2,2.0,1.0,6,0.3114829975734604
1079,23,388,2,2.0,1.0,3,0.29622275699176376
1079,24,420,2,2.0,1.0,5,0.34868415071979664
1079,25,346,2,2.0,1.0,9,0.33607442547502087
1079,26,389,2,2.0,1.0,1,0.3403032196440977
1079,27,382,2,2.0,1.0,4,0.31321984256331487
1079,28,267,2,2.0,1.0,5,0.31471287677695836
1079,29,158,2,2.0,1.0,4,0.3471073185384826
1079,30,340,2,2.0,1.0,2,0.36200214743985737
1079,31,310,2,2.0,1.0,4,0.34526969558804177
1079,32,349,2,2.0,1.0,1,0.34103144269619934
1079,33,379,2,1.9947229551451187,1.0,4,0.35021644789699374
1079,34,424,2,1.9952830188679245,1.0,1,0.3637166955293898
1079,35,410,2,2.0,1.0,3,0.4010653836727946
1079,36,1165,2,0.06094420600858369,1.0,5,0.9823386673109609
1080,1,693,2,2.0,1.0,3,0.006518093032795577
1080,2,637,2,2.0,1.0,3,0.0464635616164726
1080,3,574,2,2.0,1.0,3,0.04289666638727647
1080,4,522,2,2.0,1.0,3,0.02828684068542114
1080,5,516,2,2.0,1.0,1,0.019629212817399284
1080,6,465,2,2.0,1.0,5,0.06946960586155605
1080,7,443,2,2.0,1.0,2,0.10557317865011473
1080,8,409,2,2.0,1.0,3,0.2801600634822456
1080,9,387,2,2.0,1.0,4,0.27859177620767817
1080,10,446,2,2.0,1.0,2,0.3050001706312509
1080,11,449,2,2.0,1.0,3,0.29680399330288765
1080,12,412,2,2.0,1.0,3,0.296726766738688
1080,13,398,2,2.0,1.0,1,0.29947083687195164
1080,14,372,2,2.0,1.0,2,0.2976835578096655
1080,15,385,2,2.0,1.0,1,0.2382268698812291
1080,16,381,2,2.0,1.0,1,0.09222337915106975
1080,17,339,2,2.0,1.0,1,0.3266106802249937
1080,18,366,2,2.0,1.0,1,0.30977525524578453
1080,19,369,2,2.0,1.0,1,0.3190615543922885
1080,20,342,2,2.0,1.0,1,0.3513549698531491
1080,21,317,2,2.0,1.0,3,0.2876225317444879
1080,22,324,2,2.0,1.0,1,0.2758445542632208
1080,23,299,2,2.0,1.0,1,0.26516882998977614
1080,24,306,2,2.0,1.0,4,0.2542859739546787
1080,25,302,2,2.0,1.0,4,0.054858470658716636
1080,26,240,2,2.0,1.0,4,0.1130508373794183
1080,27,190,2,2.0,1.02,19,0.07033602662929847
1080,28,327,2,2.0,1.0,3,0.3171892068709967
1080,29,380,2,2.0,1.0,4,0.2215273799418812
1080,30,482,2,2.0,1.0,2,0.23138767042086375
1080,31,530,2,2.0,1.0,4,0.06008899217518231
1080,32,398,2,2.0,1.0,2,0.09465803967802298
1080,33,396,2,2.0,1.0,1,0.07358958126128796
1080,34,393,2,2.0,1.0,2,0.032578380010420474
1080,35,400,2,2.0,1.0,1,0.2442849756465429
1080,36,337,2,2.0,1.0,2,0.250568690769689
1080,37,309,2,2.0,1.0,4,0.3136425955405381
1080,38,296,2,2.0,1.0,2,0.12120637892644726
1080,39,293,2,2.0,1.0,4,0.22025209984861085
1080,40,266,2,2.0,1.0,6,0.04359543646897084
1080,41,275,2,2.0,1.0,6,0.20393570043556009
1080,42,252,2,2.0,1.0,4,0.22927748619789046
1080,43,311,2,1.9871382636655948,1.0,4,0.05250660489024661
1080,44,1118,0,0.0,1.0,0,-1.0
1081,1,706,2,2.0,1.0,3,0.021716307674629575
1081,2,642,2,2.0,1.0,2,0.05304609229406335
1081,3,585,2,2.0,1.0,2,0.03308429571598997
1081,4,585,2,2.0,1.0,2,0.058006595394655434
1081,5,518,2,2.0,1.0,3,0.053262714685127985
1081,6,463,2,2.0,1.0,1,0.27416654602643004
1081,7,448,2,2.0,1.0,4,0.265769913044821
1081,8,415,2,2.0,1.0,5,0.2560845178866331
1081,9,436,2,2.0,1.0,4,0.2640965897420122
1081,10,432,2,2.0,1.0,4,0.267272956292302
1081,11,432,2,2.0,1.0,3,0.27374004757029763
1081,12,400,2,2.0,1.0,2,0.30562123212163184
1081,13,392,2,2.0,1.0,1,0.026964733261725854
1081,14,414,2,2.0,1.0,4,0.005056245859385916
1081,15,420,2,2.0,1.0,5,-0.015398705389684669
1081,16,384,2,2.0,1.0,4,-0.01527483912345808
1081,17,404,2,2.0,1.0,1,-0.013981798982650378
1081,18,384,2,2.0,1.0,3,-0.5
1081,19,600,1,1.0,1.0,1,-0.75
1082,1,701,2,2.0,1.0,3,0.006648857044768143
1082,2,642,2,2.0,1.0,3,0.04637863898075158
1082,3,567,2,2.0,1.0,1,0.04530253090443449
1082,4,551,2,2.0,1.0,2,0.02840856015314923
1082,5,552,2,2.0,1.0,1,0.05791244346314207
1082,6,493,2,2.0,1.0,2,0.06645240683247328
1082,7,427,2,2.0,1.0,3,0.27746604336499875
1082,8,430,2,2.0,1.0,3,0.28264724123318336
1082,9,430,2,2.0,1.0,1,0.2615228174043869
1082,10,454,2,2.0,1.0,2,0.26578301117306213
1082,11,476,2,2.0,1.0,2,0.24688260720916985
1082,12,450,2,2.0,1.0,1,0.06031968121160566
1082,13,407,2,2.0,1.0,1,0.2357079118224854
1082,14,390,2,2.0,1.0,4,0.2436334751812007
1082,15,413,2,2.0,1.0,2,0.056746226177546426
1082,16,365,2,2.0,1.0,1,0.23231349191046208
1082,17,408,2,2.0,1.0,2,0.21680942559401906
1082,18,364,2,2.0,1.0,8,0.21009660698096386
1082,19,409,2,2.0,1.0,1,-0.47987857942066214
1082,20,411,2,1.9416058394160585,1.0,1,-0.12227589332569999
1082,21,1191,0,0.0,1.0,0,-1.0
1083,1,725,2,2.0,1.0,3,0.005562983606779058
1083,2,660,2,2.0,1.0,3,0.04643798819819571
1083,3,594,2,2.0,1.0,1,0.04529752554940658
1083,4,538,2,2.0,1.0,2,0.02840854732819151
1083,5,556,2,2.0,1.0,3,0.05793614099195556
1083,6,464,2,2.0,1.0,1,0.030703927390893074
1083,7,493,2,2.0,1.0,1,0.01760059559843561
1083,8,461,2,2.0,1.0,1,0.010552335412075458
1083,9,470,2,2.0,1.0,1,0.034077679646727886
1083,10,425,2,2.0,1.0,4,0.025587366170376918
1083,11,462,2,2.0,1.0,3,0.04734010257219145
1083,12,413,2,2.0,1.0,7,0.014930933826614985
1083,13,372,2,2.0,1.0,3,0.005624605828655728
1083,14,458,2,2.0,1.0,1,-0.0030177731466695433
1083,15,385,2,2.0,1.0,4,0.004694375158476308
1083,16,396,2,2.0,1.0,3,-0.031322456988695145
1083,17,468,2,2.0,1.0,1,-0.5
1084,1,688,2,2.0,1.0,3,0.022785929736232027
1084,2,636,2,2.0,1.0,2,0.053109978801994445
1084,3,558,2,2.0,1.0,1,0.03445587406227748
1084,4,544,2,2.0,1.0,1,0.03215744121074958
1084,5,562,2,2.0,1.0,1,0.07715900570109185
1084,6,495,2,2.0,1.0,1,0.2830223880597022
1084,7,494,2,2.0,1.0,4,0.2878593773108364
1084,8,449,2,2.0,1.0,3,0.29591920045454906
1084,9,485,2,2.0,1.0,2,0.31149048622103
1084,10,478,2,2.0,1.0,5,0.08330678778979035
1084,11,424,2,2.0,1.0,1,0.29406517224913276
1084,12,336,2,2.0,1.0,2,0.2771028155264966
1084,13,413,2,2.0,1.0,2,0.28712498778955364
1084,14,357,2,2.0,1.0,4,0.3007194991393155
1084,15,354,2,2.0,1.0,4,0.3185905626536246
1084,16,405,2,2.0,1.0,3,0.32881788444076077
1084,17,380,2,2.0,1.0,5,0.32070664934050375
1084,18,364,2,2.0,1.0,4,0.3006277581722116
1084,19,405,2,2.0,1.0,4,0.32294821853673583
1084,20,394,2,2.0,1.0,3,0.09845416434885233
1084,21,395,2,2.0,1.0,4,0.301483740752425
1084,22,421,2,2.0,1.0,6,0.29690349003859495
1084,23,382,2,2.0,1.0,4,0.31596337667845487
1084,24,406,2,2.0,1.0,5,0.32210337492575375
1084,25,395,2,2.0,1.0,4,0.3167489720494511
1084,26,402,2,2.0,1.0,2,0.3222547665675313
1084,27,355,2,2.0,1.0,4,0.08648266786096197
1084,28,375,2,2.0,1.0,1,0.099023358422966
1084,29,333,2,2.0,1.0,1,0.061902356194350965
1084,30,280,2,2.0,1.0,4,0.06579344604492107
1084,31,292,2,2.0,1.0,4,0.0581901635553619
1084,32,328,2,2.0,1.0,4,0.07235613582707516
1084,33,324,2,1.9567901234567902,1.0,3,0.0032226623156582515
1085,1,689,2,2.0,1.0,3,0.0017754257810641133
1085,2,610,2,2.0,1.0,3,0.01974083508827354
1085,3,563,2,2.0,1.0,2,0.029662664182858824
1085,4,567,2,2.0,1.0,2,0.0601062747201806
1085,5,569,2,2.0,1.0,3,0.05361536530253514
1085,6,503,2,2.0,1.0,1,0.0532351457755923
1085,7,498,2,2.0,1.0,1,0.04905874889993824
1085,8,474,2,2.0,1.0,1,0.05098989539472387
1085,9,479,2,2.0,1.0,1,0.04053848320549785
1085,10,493,2,2.0,1.0,1,0.054514814936719794
1085,11,441,2,2.0,1.0,1,0.02285565758981449
1085,12,401,2,2.0,1.0,1,0.039529105340879084
1085,13,411,2,2.0,1.0,1,0.0260305114438486
1085,14,398,2,2.0,1.0,1,0.046813455602807634
1085,15,395,2,2.0,1.0,2,-0.0258273032172073
1085,16,427,2,2.0,1.0,1,-0.5
1086,1,692,2,2.0,1.0,3,0.021949529191932767
1086,2,631,2,2.0,1.0,2,0.053199681052282545
1086,3,558,2,2.0,1.0,1,0.03445587406227748
1086,4,543,2,2.0,1.0,1,0.03215736841427404
1086,5,528,2,2.0,1.0,5,0.05283580772981636
1086,6,506,2,2.0,1.0,1,0.28278064267081876
1086,7,522,2,2.0,1.0,4,0.283295636090833
1086,8,502,2,2.0,1.0,1,0.27755133972217
1086,9,478,2,2.0,1.0,1,-0.026713919728106064
1086,10,386,2,2.0,1.0,1,-0.015375906413623611
1086,11,398,2,2.0,1.0,1,-0.006177059568516254
1086,12,382,2,2.0,1.0,3,-0.026443497515992273
1086,13,355,2,2.0,1.0,5,0.0019055073387551026
1086,14,562,1,1.0,1.0,5,-0.75
1087,1,674,2,2.0,1.0,3,0.015783358758087365
1087,2,607,2,2.0,1.0,2,0.02977416234195048
1087,3,585,2,2.0,1.0,2,0.050963696797029855
1087,4,531,2,2.0,1.0,1,0.059451219512194564
1087,5,559,2,2.0,1.0,3,0.2846191713928685
1087,6,501,2,2.0,1.0,1,0.28112944451921124
1087,7,481,2,2.0,1.0,1,0.27337306390950405
1087,8,460,2,2.0,1.0,1,0.060312875236590104
1087,9,528,2,2.0,1.0,2,0.040365563068079036
1087,10,451,2,2.0,1.0,3,0.02506539672309341
1087,11,405,2,2.0,1.0,1,0.02693791413916858
1087,12,401,2,2.0,1.0,1,-0.0013724311139207898
1087,13,419,2,2.0,1.0,1,-0.011537104465873914
1087,14,391,2,2.0,1.0,6,-0.017812191140115726
1087,15,361,2,2.0,1.0,5,0.009922099097547472
1087,16,363,2,2.0,1.0,2,-0.00022260300825762
1087,17,350,2,1.96,1.0,1,-0.030475728438897936
1087,18,1299,0,0.0,1.0,0,-1.0
1088,1,670,2,2.0,1.0,3,0.015717345739982347
1088,2,594,2,2.0,1.0,2,0.02979083673528095
1088,3,548,2,2.0,1.0,2,0.03416274187736216
1088,4,553,2,2.0,1.0,2,0.032175366827265094
1088,5,563,2,2.0,1.0,1,0.06750000000000013
1088,6,567,2,2.0,1.0,1,0.05339217117592789
1088,7,471,2,2.0,1.0,1,0.02169957782936467
1088,8,464,2,2.0,1.0,1,0.2590453502743808
1088,9,429,2,2.0,1.0,1,0.054936311442318767
1088,10,407,2,2.0,1.0,4,0.27238393366860586
1088,11,431,2,2.0,1.0,1,0.2897043382383212
1088,12,410,2,2.0,1.0,3,0.07265640166009996
1088,13,415,2,2.0,1.0,1,0.07948405244839918
1088,14,373,2,2.0,1.0,1,0.04571729189393669
1088,15,396,2,2.0,1.0,1,0.291229865860689
1088,16,317,2,2.0,1.0,1,0.2461319538520899
1088,17,312,2,2.0,1.0,4,0.24822251973062628
1088,18,372,2,2.0,1.0,3,0.24342421275927464
1088,19,409,2,2.0,1.0,2,-0.03320354351279755
1088,20,413,2,2.0,1.0,2,-0.07192015833675673
1088,21,429,2,2.0,1.0,1,-0.5
1089,1,681,2,2.0,1.0,3,0.02280457893077504
1089,2,629,2,2.0,1.0,2,0.05305912630045924
1089,3,548,2,2.0,1.0,4,0.03426272478464517
1089,4,546,2,2.0,1.0,5,0.03232490981039556
1089,5,523,2,2.0,1.0,1,0.05273147418614011
1089,6,514,2,2.0,1.0,1,0.2830223880597018
1089,7,525,2,2.0,1.0,2,0.06099927975223793
1089,8,427,2,2.0,1.0,1,0.2781289581100731
1089,9,439,2,2.0,1.0,1,0.26654742747143634
1089,10,434,2,2.0,1.0,4,0.2729695786095847
1089,11,422,2,2.0,1.0,3,0.078965411976362
1089,12,419,2,2.0,1.0,1,0.24247432420453066
1089,13,419,2,2.0,1.0,3,0.25399132653403755
1089,14,304,2,2.0,1.0,4,0.03215263018391188
1089,15,437,2,2.0,1.0,3,-0.02479017293612881
1089,16,443,2,1.9954853273137698,1.0,2,-0.031180111241773594
1089,17,460,2,1.9956521739130435,1.0,4,-0.5010869565217392
1089,18,658,1,1.0,1.0,1,-0.75
1090,1,677,2,2.0,1.0,3,0.016369058463467184
1090,2,606,2,2.0,1.0,1,0.029758126911592023
1090,3,566,2,2.0,1.0,3,0.0301209990447604
1090,4,552,2,2.0,1.0,1,0.028409090909091272
1090,5,551,2,2.0,1.0,1,0.06731432360742713
1090,6,550,2,2.0,1.0,1,0.07181590148981451
1090,7,540,2,2.0,1.0,1,0.06733760683760685
1090,8,539,2,2.0,1.0,1,0.07192262410762848
1090,9,529,2,2.0,1.0,1,0.06733423004216951
1090,10,484,2,2.0,1.0,1,0.2787718616048499
1090,11,464,2,2.0,1.0,7,0.3070872915347728
1090,12,470,2,2.0,1.0,3,0.2754883474220982
1090,13,435,2,2.0,1.0,4,0.32358018560338553
1090,14,418,2,2.0,1.0,4,0.22169349803172972
1090,15,424,2,2.0,1.0,4,0.2383487180628358
1090,16,412,2,2.0,1.0,1,0.2520703284667651
1090,17,417,2,2.0,1.0,3,0.04236756243464657
1090,18,445,2,2.0,1.0,2,0.01718506760425247
1090,19,423,2,2.0,1.0,2,0.059516383275363266
1090,20,412,2,2.0,1.0,2,0.04400988203910426
1090,21,423,2,2.0,1.0,6,0.04082647615996304
1090,22,410,2,2.0,1.0,4,0.017018233410648016
1090,23,425,2,2.0,1.0,4,-0.034657867049258884
1090,24,418,2,2.0,1.0,4,-0.040573549095564584
1091,1,679,2,2.0,1.0,3,0.01629948328919586
1091,2,603,2,2.0,1.0,2,0.029781320162406304
1091,3,563,2,2.0,1.0,4,0.034473120461363034
1091,4,542,2,2.0,1.0,5,0.03216170361004264
1091,5,545,2,2.0,1.0,5,0.06739273112208896
1091,6,554,2,2.0,1.0,6,0.07723652648821425
1091,7,547,2,2.0,1.0,3,0.28020697748569895
1091,8,482,2,2.0,1.0,2,0.27837003009434913
1091,9,472,2,2.0,1.0,2,0.04483836256085892
1091,10,447,2,2.0,1.0,5,0.0357928853719756
1091,11,425,2,2.0,1.0,4,0.0295437043122942
1091,12,382,2,2.0,1.0,3,0.013529882970928341
1091,13,353,2,2.0,1.0,1,0.003718757283818271
1091,14,341,2,2.0,1.0,4,-0.012497544609260667
1091,15,349,2,2.0,1.0,1,-0.02145126686240665
1091,16,367,2,1.994550408719346,1.0,1,-0.10663654824944728
1092,1,673,2,2.0,1.0,3,0.016321096044369807
1092,2,606,2,2.0,1.0,1,0.029758126911592023
1092,3,564,2,2.0,1.0,2,0.03447319458354703
1092,4,543,2,2.0,1.0,2,0.03217496898436079
1092,5,549,2,2.0,1.0,1,0.0720551352108729
1092,6,565,2,2.0,1.0,1,0.062294763419119506
1092,7,544,2,2.0,1.0,1,0.07181259836710599
1092,8,567,2,2.0,1.0,1,0.028375217635781377
1092,9,472,2,2.0,1.0,1,0.01954028325980964
1092,10,478,2,2.0,1.0,1,0.01146986968850601
1092,11,504,2,2.0,1.0,1,0.030029613589622098
1092,12,519,2,2.0,1.0,1,0.005706672252915049
1092,13,530,2,2.0,1.0,1,0.022888116517709545
1092,14,503,2,2.0,1.0,1,0.0006758897166451814
1092,15,474,2,2.0,1.0,1,0.006559038187774999
1092,16,470,2,2.0,1.0,1,-0.004275216593557503
1092,17,397,2,2.0,1.0,1,-0.016235711632152625
1092,18,385,2,1.9974025974025975,1.0,1,-0.05007542622152637
1092,19,619,1,1.0,1.0,1,-0.75
1092,20,1362,0,0.0,1.0,0,-1.0
1093,1,683,2,2.0,1.0,3,0.021943110635818972
1093,2,651,2,2.0,1.0,2,0.05315817111195923
1093,3,555,2,2.0,1.0,1,0.034455554866002575
1093,4,547,2,2.0,1.0,1,0.03217076190110879
1093,5,573,2,2.0,1.0,1,0.053802506071266375
1093,6,489,2,2.0,1.0,1,0.02173975344912019
1093,7,475,2,2.0,1.0,1,0.02393145597493102
1093,8,448,2,2.0,1.0,1,0.004843521246009181
1093,9,483,2,2.0,1.0,1,0.03120464967783131
1093,10,433,2,2.0,1.0,5,0.04529252657853421
1093,11,391,2,2.0,1.0,1,0.02476482642028797
1093,12,372,2,2.0,1.0,2,-0.008264702185093356
1093,13,450,2,2.0,1.0,7,-0.028963828314295694
1093,14,439,2,2.0,1.0,3,-0.27749681302376056
1093,15,367,2,2.0,1.0,8,-0.05704398231453388
1093,16,401,2,1.9276807980049875,1.0,1,-0.5180798004987531
1094,1,683,2,2.0,1.0,3,0.015890694047276745
1094,2,606,2,2.0,1.0,2,0.02979943140834207
1094,3,566,2,2.0,1.0,2,0.03443954733509605
1094,4,554,2,2.0,1.0,1,0.03217109304654384
1094,5,534,2,2.0,1.0,1,0.05272976788673263
1094,6,484,2,2.0,1.0,1,0.27155797101449075
1094,7,525,2,2.0,1.0,1,0.2850297899422709
1094,8,469,2,2.0,1.0,5,0.28434667169930705
1094,9,446,2,2.0,1.0,1,0.062340013079222725
1094,10,393,2,2.0,1.0,2,0.041452381103155946
1094,11,438,2,2.0,1.0,2,0.30072322297849824
1094,12,358,2,2.0,1.0,4,0.24374450292004163
1094,13,389,2,2.0,1.0,3,0.247322919810655
1094,14,409,2,2.0,1.0,3,0.04006435072825422
1094,15,420,2,2.0,1.0,6,0.018830839016264447
1094,16,397,2,2.0,1.0,4,-0.006103762017703389
1094,17,407,2,2.0,1.0,1,-0.4662357605539426
1094,18,603,1,1.0,1.0,1,-0.75
1095,1,685,2,2.0,1.0,3,0.016349697282112143
1095,2,599,2,2.0,1.0,1,0.029757547683256967
1095,3,566,2,2.0,1.0,3,0.0301209990447604
1095,4,564,2,2.0,1.0,1,0.028409090909091283
1095,5,566,2,2.0,1.0,1,0.06273851590106007
1095,6,581,2,2.0,1.0,1,0.06730172961314941
1095,7,504,2,2.0,1.0,2,0.27653655208003114
1095,8,501,2,2.0,1.0,3,0.29326802658640866
1095,9,510,2,2.0,1.0,1,0.2988431830433518
1095,10,505,2,2.0,1.0,1,0.2895966480246752
1095,11,478,2,2.0,1.0,1,0.17206627823926152
1095,12,445,2,2.0,1.0,2,0.28763450057873935
1095,13,407,2,2.0,1.0,4,0.2695902757718634
1095,14,390,2,2.0,1.0,1,0.3008262179053108
1095,15,337,2,2.0,1.0,2,0.28058767544454455
1095,16,410,2,2.0,1.0,5,0.279665859161908
1095,17,401,2,2.0,1.0,1,0.04784272630264422
1095,18,369,2,2.0,1.0,1,0.02703077378715169
1095,19,376,2,2.0,1.0,5,0.25762930872330086
1095,20,357,2,2.0,1.0,1,0.009385976565417684
1095,21,381,2,2.0,1.0,5,0.03986868090171037
1095,22,425,2,2.0,1.0,2,0.021148370676186194
1095,23,377,2,2.0,1.0,4,-0.01023571551423424
1095,24,371,2,2.0,1.0,5,-0.01109008481376851
1095,25,395,2,2.0,1.0,4,0.002164937157679004
1095,26,402,2,1.992537313432836,1.0,4,-0.047298289696299636
1095,27,1413,0,0.0,1.0,0,-1.0
1096,1,681,2,2.0,1.0,3,0.021909498407754975
1096,2,646,2,2.0,1.0,2,0.053019327518937294
1096,3,578,2,2.0,1.0,1,0.05566914822970163
1096,4,504,2,2.0,1.0,1,0.05945121951219458
1096,5,526,2,2.0,1.0,2,0.279216578660409
1096,6,507,2,2.0,1.0,1,0.017699826260993933
1096,7,476,2,2.0,1.0,1,0.2532891549558899
1096,8,436,2,2.0,1.0,3,0.25150574915658447
1096,9,424,2,2.0,1.0,3,0.24160449463254358
1096,10,402,2,2.0,1.0,3,0.23597263343924343
1096,11,370,2,2.0,1.0,3,-0.018184112449040755
1096,12,367,2,2.0,1.0,1,0.21230958283685944
1096,13,405,2,2.0,1.0,2,-0.5
1096,14,612,1,1.0,1.0,2,-0.75
1097,1,685,2,2.0,1.0,3,0.016249060283958876
1097,2,596,2,2.0,1.0,2,0.029765143995257086
1097,3,552,2,2.0,1.0,4,0.0348297557457867
1097,4,544,2,2.0,1.0,2,0.03076175772208505
1097,5,570,2,2.0,1.0,3,0.05361528822055074
1097,6,509,2,2.0,1.0,1,0.05312627381636558
1097,7,485,2,2.0,1.0,1,0.044447356752373074
1097,8,424,2,2.0,1.0,2,0.0416754970256594
1097,9,504,2,2.0,1.0,2,0.25390927284624165
1097,10,459,2,2.0,1.0,2,0.25205602164823365
1097,11,396,2,2.0,1.0,4,0.238893727589889
1097,12,336,2,2.0,1.0,4,-0.0026477351471384143
1097,13,422,2,2.0,1.0,1,-0.052454025368487575
1097,14,437,2,2.0,1.0,1,-0.03659368475302974
1098,1,688,2,2.0,1.0,3,0.02282483825701019
1098,2,630,2,2.0,1.0,2,0.05304238470460284
1098,3,586,2,2.0,1.0,1,0.05566932119833119
1098,4,517,2,2.0,1.0,1,0.05945121951219457
1098,5,512,2,2.0,1.0,2,0.07607205759600548
1098,6,508,2,2.0,1.0,3,0.2849596764318309
1098,7,533,2,2.0,1.0,2,0.29712479463200636
1098,8,504,2,2.0,1.0,1,0.06877090323482667
1098,9,455,2,2.0,1.0,1,0.27921965124077835
1098,10,434,2,2.0,1.0,4,0.2864547978765539
1098,11,370,2,2.0,1.0,4,0.2718724585544427
1098,12,413,2,2.0,1.0,4,0.2780924767631294
1098,13,415,2,2.0,1.0,2,0.05341379011263019
1098,14,376,2,2.0,1.0,3,0.09902872002232405
1098,15,427,2,2.0,1.0,1,0.27113506385614017
1098,16,452,2,2.0,1.0,5,0.0006830170792621634
1098,17,390,2,2.0,1.0,5,0.012847962767703182
1098,18,391,2,2.0,1.0,4,0.21457953386724718
1098,19,322,2,2.0,1.0,4,0.24181035321647842
1098,20,325,2,2.0,1.0,3,0.22431527301462634
1098,21,326,2,2.0,1.0,2,-0.04918292559685038
1098,22,320,2,1.95625,1.0,2,-0.0968737192622945
1099,1,692,2,2.0,1.0,3,0.021939057549141446
1099,2,637,2,2.0,1.0,2,0.05311018407976328
1099,3,576,2,2.0,1.0,1,0.05566910423681234
1099,4,517,2,2.0,1.0,1,0.05945121951219457
1099,5,516,2,2.0,1.0,2,0.06597131368337278
1099,6,514,2,2.0,1.0,3,0.2794403014952709
1099,7,539,2,2.0,1.0,1,0.3004954353282779
1099,8,513,2,2.0,1.0,1,0.06858039218793824
1099,9,527,2,2.0,1.0,1,0.06854620388674823
1099,10,526,2,2.0,1.0,1,0.3041387087154244
1099,11,486,2,2.0,1.0,1,0.07468167935647614
1099,12,478,2,2.0,1.0,3,0.3107300772914428
1099,13,450,2,2.0,1.0,3,0.31377792444602537
1099,14,471,2,2.0,1.0,1,0.31322226669212705
1099,15,470,2,2.0,1.0,2,0.3772572609181811
1099,16,488,2,2.0,1.0,2,0.3590714053933157
1099,17,405,2,2.0,1.0,5,0.3552654725971896
1099,18,384,2,2.0,1.0,6,0.3614145980070478
1099,19,371,2,2.0,1.0,3,0.3799124685543093
1099,20,370,2,2.0,1.0,4,0.36798085134844066
1099,21,397,2,2.0,1.0,4,0.4262767297699744
1099,22,415,2,2.0,1.0,4,0.43040616910041685
1099,23,417,2,2.0,1.0,3,0.43810046975428285
1099,24,357,2,2.0,1.0,4,0.43808754489437635
1099,25,248,2,1.9919354838709677,1.0,4,0.44112546222368515
1099,26,1149,2,0.011314186248912098,1.0,4,0.9968298888172227
1100,1,682,2,2.0,1.0,3,0.01624818796077518
1100,2,595,2,2.0,1.0,2,0.029790865063974076
1100,3,562,2,2.0,1.0,4,0.03378746439060506
1100,4,548,2,2.0,1.0,5,0.03252561200070814
1100,5,523,2,2.0,1.0,1,0.05272651105599319
1100,6,515,2,2.0,1.0,1,0.2830223880597018
1100,7,539,2,2.0,1.0,2,0.2895631335972897
1100,8,457,2,2.0,1.0,3,0.28450122817627466
1100,9,378,2,2.0,1.0,4,0.22301529086683622
1100,10,354,2,2.0,1.0,4,0.2462546520818217
1100,11,378,2,2.0,1.0,4,0.05452984147190782
1100,12,347,2,2.0,1.0,3,0.2580366488966725
1100,13,408,2,2.0,1.0,1,0.3152256588599138
1100,14,270,2,2.0,1.0,1,0.2580776262046716
1100,15,403,2,2.0,1.0,1,0.3316847151189023
1100,16,440,2,2.0,1.0,3,0.2736065754960345
1100,17,357,2,2.0,1.0,4,0.05044733104952738
1100,18,338,2,2.0,1.0,3,0.047992415887765594
1100,19,317,2,1.996845425867508,1.0,1,-0.08219737988900562
1101,1,683,2,2.0,1.0,3,0.016256476929053697
1101,2,598,2,2.0,1.0,2,0.029807311788916907
1101,3,573,2,2.0,1.0,4,0.030271911190363984
1101,4,572,2,2.0,1.0,4,0.05591187344950663
1101,5,491,2,2.0,1.0,1,0.049310555511635774
1101,6,512,2,2.0,1.0,1,0.04952182112069004
1101,7,456,2,2.0,1.0,2,0.26887888220738015
1101,8,441,2,2.0,1.0,3,0.2654558260298971
1101,9,474,2,2.0,1.0,1,0.0649698179926636
1101,10,418,2,2.0,1.0,3,0.06921113271863764
1101,11,373,2,2.0,1.0,1,0.05403121312956339
1101,12,398,2,2.0,1.0,1,0.017853328484190054
1101,13,404,2,2.0,1.0,2,0.23807817151133007
1101,14,358,2,2.0,1.0,4,0.24938740463337725
1101,15,288,2,2.0,1.0,3,0.25554184338459174
1101,16,357,2,2.0,1.0,1,0.24433689718156695
1101,17,381,2,2.0,1.0,1,0.0487685726742875
1101,18,367,2,2.0,1.0,4,0.01982933712405627
1101,19,323,2,2.0,1.0,4,0.03026660544875976
1101,20,366,2,2.0,1.0,4,0.032366823483998705
1101,21,377,2,2.0,1.0,1,0.18281319569108
1101,22,386,2,1.9352331606217616,1.0,1,-0.5161917098445595
1102,1,688,2,2.0,1.0,3,0.016279107005599144
1102,2,600,2,2.0,1.0,2,0.02979934879934857
1102,3,568,2,2.0,1.0,2,0.03444810013288041
1102,4,544,2,2.0,1.0,5,0.03216183326477399
1102,5,551,2,2.0,1.0,3,0.071916091549367
1102,6,516,2,2.0,1.0,1,0.2830223880597018
1102,7,517,2,2.0,1.0,4,0.2849284086265306
1102,8,429,2,2.0,1.0,3,0.290157167906734
1102,9,460,2,2.0,1.0,2,0.28855432683745985
1102,10,465,2,2.0,1.0,1,0.06627857083533839
1102,11,439,2,2.0,1.0,1,0.04440148977346062
1102,12,431,2,2.0,1.0,4,0.040234451589610434
1102,13,416,2,2.0,1.0,2,0.2880771447157512
1102,14,425,2,2.0,1.0,1,0.2678771915244481
1102,15,396,2,2.0,1.0,4,0.2677495305183778
1102,16,436,2,2.0,1.0,1,0.24749271513185644
1102,17,492,2,2.0,1.0,2,0.262205623511665
1102,18,411,2,2.0,1.0,2,0.23889547595233673
1102,19,400,2,2.0,1.0,1,0.0309633121613957
1102,20,410,2,2.0,1.0,1,-0.042901429548340905
1102,21,479,2,2.0,1.0,2,-0.008551454269813309
1102,22,454,2,2.0,1.0,1,-0.06676410446429859
1102,23,377,2,2.0,1.0,2,-0.0864409262193577
1102,24,428,2,1.9205607476635513,1.0,3,-0.5198598130841121
1103,1,688,2,2.0,1.0,3,0.02192086137530154
1103,2,641,2,2.0,1.0,2,0.05765836923993116
1103,3,582,2,2.0,1.0,2,0.050588169643604596
1103,4,530,2,2.0,1.0,2,0.028409090909091255
1103,5,560,2,2.0,1.0,1,0.06255117270788911
1103,6,566,2,2.0,1.0,1,0.053391854466748566
1103,7,460,2,2.0,1.0,1,0.019437151649398028
1103,8,490,2,2.0,1.0,1,0.017646132527084836
1103,9,508,2,2.0,1.0,1,0.03392284601943681
1103,10,518,2,2.0,1.0,1,0.01719864897035024
1103,11,506,2,2.0,1.0,1,0.05126845160898595
1103,12,540,2,2.0,1.0,2,0.22742872184259094
1103,13,511,2,2.0,1.0,1,0.0436976831859007
1103,14,403,2,2.0,1.0,2,0.042771877870528704
1103,15,471,2,2.0,1.0,2,-0.008472896925483581
1103,16,440,2,2.0,1.0,1,-0.018973404412206043
1103,17,406,2,2.0,1.0,4,-0.008527696464681829
1103,18,376,2,2.0,1.0,1,0.014950655092461941
1103,19,446,2,2.0,1.0,1,-0.0848372775884221
1103,20,471,2,2.0,1.0,1,-0.15936043075710876
1104,1,692,2,2.0,1.0,3,0.021934920657395246
1104,2,636,2,2.0,1.0,2,0.053015846178971836
1104,3,577,2,2.0,1.0,2,0.05567335690819203
1104,4,517,2,2.0,1.0,1,0.05945121951219457
1104,5,534,2,2.0,1.0,1,0.2901384069200897
1104,6,477,2,2.0,1.0,3,0.2927146371551936
1104,7,470,2,2.0,1.0,1,0.2882864301564499
1104,8,452,2,2.0,1.0,3,0.30106095911396835
1104,9,412,2,2.0,1.0,1,0.04495776595450821
1104,10,438,2,2.0,1.0,1,0.02338174874541544
1104,11,427,2,2.0,1.0,5,0.07651671947957485
1104,12,408,2,2.0,1.0,2,0.2620253053076223
1104,13,409,2,2.0,1.0,4,0.3001806992655166
1104,14,436,2,2.0,1.0,4,0.26590603505485555
1104,15,420,2,2.0,1.0,4,0.13791926736032373
1104,16,382,2,2.0,1.0,4,-0.010687177619441624
1104,17,348,2,2.0,1.0,2,-0.1098481876756527
1104,18,1264,0,0.0,1.0,0,-1.0
1105,1,685,2,2.0,1.0,3,0.022829840325878908
1105,2,636,2,2.0,1.0,2,0.053153915251497034
1105,3,552,2,2.0,1.0,2,0.03447228739246904
1105,4,556,2,2.0,1.0,2,0.0321754833895117
1105,5,585,2,2.0,1.0,1,0.06724210330732092
1105,6,564,2,2.0,1.0,1,0.07187568703129203
1105,7,562,2,2.0,1.0,1,0.05344750889679653
1105,8,492,2,2.0,1.0,1,0.05301849293123427
1105,9,492,2,2.0,1.0,1,0.04133274914278403
1105,10,480,2,2.0,1.0,1,0.030341337924058697
1105,11,579,2,2.0,1.0,1,0.037245222210934036
1105,12,515,2,2.0,1.0,1,0.00848690212917871
1105,13,494,2,2.0,1.0,1,0.03158548677519047
1105,14,470,2,2.0,1.0,1,-0.0489795918367345
1105,15,488,2,2.0,1.0,4,-0.005581899170455769
1105,16,435,2,2.0,1.0,2,-0.027993224980727045
1105,17,433,2,2.0,1.0,2,-0.08003798286057986
1106,1,704,2,2.0,1.0,3,0.006549356831621073
1106,2,637,2,2.0,1.0,3,0.04642598856528209
1106,3,575,2,2.0,1.0,1,0.04531017334470057
1106,4,541,2,2.0,1.0,3,0.028296134912028592
1106,5,533,2,2.0,1.0,3,0.030307899895418034
1106,6,474,2,2.0,1.0,3,0.026054055194508083
1106,7,449,2,2.0,1.0,3,0.26126679639956446
1106,8,449,2,2.0,1.0,1,0.261059135309776
1106,9,452,2,2.0,1.0,4,0.2582648158275436
1106,10,399,2,2.0,1.0,3,0.21165666143499726
1106,11,454,2,2.0,1.0,2,0.21287376625371493
1106,12,432,2,2.0,1.0,2,0.20025733744539714
1106,13,405,2,2.0,1.0,2,0.17626815384885003
1106,14,401,2,2.0,1.0,2,0.001935157308654451
1106,15,438,2,1.995433789954338,1.0,4,-0.5011415525114156
1106,16,655,1,1.0,1.0,1,-0.75
1107,1,674,2,2.0,1.0,3,0.01631411269895946
1107,2,598,2,2.0,1.0,2,0.029799320894638392
1107,3,556,2,2.0,1.0,2,0.03442918782900524
1107,4,561,2,2.0,1.0,2,0.057853183031063946
1107,5,488,2,2.0,1.0,1,0.026211701293951287
1107,6,460,2,2.0,1.0,1,0.05045021596692667
1107,7,434,2,2.0,1.0,2,0.06881293600933103
1107,8,398,2,2.0,1.0,4,0.0594251403996234
1107,9,429,2,2.0,1.0,5,0.2800188169861108
1107,10,447,2,2.0,1.0,2,0.26955564289059414
1107,11,461,2,2.0,1.0,2,0.29248657624443103
1107,12,422,2,2.0,1.0,1,0.2706206816435535
1107,13,446,2,2.0,1.0,4,0.07288223000845982
1107,14,419,2,2.0,1.0,1,0.06754542967604682
1107,15,415,2,2.0,1.0,1,0.3035202036122675
1107,16,431,2,2.0,1.0,1,0.06888657261283275
1107,17,451,2,2.0,1.0,1,0.08258469273200265
1107,18,436,2,2.0,1.0,4,0.06512610663192053
1107,19,409,2,2.0,1.0,4,0.3398093005844244
1107,20,461,2,2.0,1.0,1,0.3169499710258613
1107,21,445,2,2.0,1.0,2,0.3015500756258447
1107,22,412,2,2.0,1.0,4,0.0421369164464922
1107,23,426,2,2.0,1.0,6,0.27073172000256057
1107,24,367,2,2.0,1.0,6,0.29997723417625793
1107,25,387,2,2.0,1.0,4,0.2498966558687543
1107,26,290,2,2.0,1.0,2,0.25418916540742503
1107,27,295,2,2.0,1.0,4,0.26501636766786163
1107,28,335,2,2.0,1.0,2,0.23801105903912226
1107,29,356,2,2.0,1.0,1,-0.05836950970377952
1107,30,394,2,2.0,1.0,1,-0.06016576074749532
1108,1,684,2,2.0,1.0,3,0.02194469426908455
1108,2,644,2,2.0,1.0,2,0.05307077656658156
1108,3,553,2,2.0,1.0,1,0.034455340144457794
1108,4,555,2,2.0,1.0,1,0.03217113967113921
1108,5,562,2,2.0,1.0,1,0.05763171025626532
1108,6,504,2,2.0,1.0,1,0.013449367088607743
1108,7,499,2,2.0,1.0,4,0.03874660905310393
1108,8,473,2,2.0,1.0,6,0.24252098896255578
1108,9,451,2,2.0,1.0,2,0.046299359591816455
1108,10,421,2,2.0,1.0,1,0.23554680057700028
1108,11,434,2,2.0,1.0,1,0.23117386353675987
1108,12,375,2,2.0,1.0,1,0.2311882424650993
1108,13,379,2,2.0,1.0,2,0.0295749384990897
1108,14,342,2,2.0,1.0,2,0.009186799695513946
1108,15,396,2,2.0,1.0,3,-0.018785345239254646
1108,16,422,2,2.0,1.0,4,-0.49555375405337987
1108,17,625,1,1.0,1.0,1,-0.75
1109,1,678,2,2.0,1.0,3,0.01619841750004216
1109,2,607,2,2.0,1.0,2,0.029766455857888906
1109,3,567,2,2.0,1.0,2,0.028409090909091276
1109,4,576,2,2.0,1.0,1,0.0600615530303026
1109,5,512,2,2.0,1.0,1,0.05640243902438965
1109,6,514,2,2.0,1.0,1,0.29902274389838795
1109,7,510,2,2.0,1.0,3,0.3108216230605332
1109,8,558,2,2.0,1.0,1,0.3016369369563321
1109,9,547,2,2.0,1.0,1,0.30948531729576884
1109,10,504,2,2.0,1.0,1,0.3061481852909555
1109,11,491,2,2.0,1.0,1,0.3074159715267812
1109,12,525,2,2.0,1.0,1,0.30749175481191915
1109,13,519,2,2.0,1.0,1,0.3094109145484167
1109,14,500,2,2.0,1.0,1,0.28083333333333366
1109,15,469,2,2.0,1.0,1,0.2861208497455086
1109,16,510,2,2.0,1.0,1,0.30072475577914837
1109,17,445,2,2.0,1.0,1,0.30074085537568507
1109,18,417,2,2.0,1.0,1,0.28690558827147705
1109,19,408,2,2.0,1.0,1,0.33769130519082213
1109,20,476,2,2.0,1.0,1,0.3100276803578639
1109,21,451,2,2.0,1.0,1,0.2987423527835448
1109,22,440,2,2.0,1.0,5,0.27331486902513596
1109,23,507,2,2.0,1.0,4,0.2869323194678622
1109,24,494,2,2.0,1.0,4,0.12305284525959564
1109,25,464,2,2.0,1.0,3,0.2920815672560184
1109,26,423,2,2.0,1.0,2,0.2911166409731752
1109,27,448,2,2.0,1.0,2,0.2954987644334149
1109,28,442,2,2.0,1.0,2,0.34608671764480936
1109,29,440,2,2.0,1.0,5,0.3542974218460716
1109,30,403,2,2.0,1.0,5,0.3574525391053129
1109,31,435,2,2.0,1.0,5,0.37868708644790616
1109,32,454,2,2.0,1.0,6,0.39926263703143317
1109,33,487,2,2.0,1.0,2,0.4157552853366655
1109,34,415,2,2.0,1.0,2,0.406167300074095
1109,35,1082,2,0.03789279112754159,1.0,2,0.9877367970032755
1109,36,432,2,2.0,1.0,8,0.4239482689386543
1109,37,420,2,2.0,1.0,4,0.43341044578359295
1109,38,364,2,2.0,1.0,6,0.4384334983376871
1109,39,421,2,1.98812351543943,1.0,6,0.5005951079384522
1109,40,424,2,1.9976415094339623,1.0,22,0.5004138277428372
1109,41,1215,2,0.0032921810699588477,1.0,17,0.999075272683687
1110,1,676,2,2.0,1.0,3,0.01587125202241004
1110,2,600,2,2.0,1.0,2,0.029798969548969313
1110,3,551,2,2.0,1.0,1,0.034463666936849977
1110,4,540,2,2.0,1.0,1,0.03215714840714796
1110,5,548,2,2.0,1.0,1,0.07178751420658748
1110,6,515,2,2.0,1.0,1,0.2830223880597018
1110,7,522,2,2.0,1.0,4,0.29470744100626156
1110,8,472,2,2.0,1.0,3,0.29718287682437466
1110,9,461,2,2.0,1.0,3,0.3089232895987564
1110,10,414,2,2.0,1.0,4,0.12313163815947578
1110,11,472,2,2.0,1.0,1,0.08425064436273047
1110,12,468,2,2.0,1.0,5,0.06818589710471352
1110,13,425,2,2.0,1.0,1,0.06053997354975245
1110,14,412,2,2.0,1.0,8,0.2803765352934939
1110,15,430,2,2.0,1.0,1,0.2689910712958313
1110,16,354,2,2.0,1.0,1,0.2723893565147952
1110,17,368,2,2.0,1.0,2,0.29021914103366075
1110,18,412,2,2.0,1.0,1,0.2873573786210774
1110,19,354,2,2.0,1.0,4,0.0845174275315108
1110,20,380,2,2.0,1.0,3,0.049104345188788076
1110,21,464,2,2.0,1.0,3,-0.04560114980550527
1110,22,471,2,2.0,1.0,1,-0.5
1111,1,682,2,2.0,1.0,3,0.021925446468079725
1111,2,635,2,2.0,1.0,2,0.053060842342414656
1111,3,553,2,2.0,1.0,1,0.034455340144457794
1111,4,541,2,2.0,1.0,1,0.032170471241635294
1111,5,561,2,2.0,1.0,1,0.0537231559290377
1111,6,501,2,2.0,1.0,1,0.05322831348796615
1111,7,493,2,2.0,1.0,1,0.04917891881542648
1111,8,421,2,2.0,1.0,2,0.2542540974958333
1111,9,454,2,2.0,1.0,4,0.26583097813862194
1111,10,416,2,2.0,1.0,3,0.04084991721423015
1111,11,422,2,2.0,1.0,1,0.2715691630961013
1111,12,422,2,2.0,1.0,1,0.261706237713699
1111,13,441,2,2.0,1.0,1,0.03887141158991238
1111,14,423,2,2.0,1.0,1,0.04393021419931005
1111,15,472,2,2.0,1.0,2,0.021761691336042867
1111,16,444,2,2.0,1.0,7,0.013818493622255918
1111,17,444,2,2.0,1.0,1,0.004342484701154285
1111,18,413,2,2.0,1.0,1,0.004341135081617082
1111,19,415,2,2.0,1.0,4,0.002703450036807164
1111,20,422,2,2.0,1.0,1,0.25520958569004293
1111,21,356,2,2.0,1.0,3,0.0012291369285187172
1111,22,378,2,2.0,1.0,1,-0.020997254041816255
1111,23,382,2,2.0,1.0,1,-0.5
1112,1,683,2,2.0,1.0,3,0.015879658640841496
1112,2,592,2,2.0,1.0,1,0.029764856506659554
1112,3,581,2,2.0,1.0,2,0.05103205027903796
1112,4,519,2,2.0,1.0,1,0.05945121951219457
1112,5,548,2,2.0,1.0,3,0.28110866501377935
1112,6,500,2,2.0,1.0,1,0.2806142263226278
1112,7,463,2,2.0,1.0,1,0.2632244383065711
1112,8,480,2,2.0,1.0,1,0.25864275296332756
1112,9,463,2,2.0,1.0,3,0.2790083342789313
1112,10,443,2,2.0,1.0,1,0.2889216777662724
1112,11,410,2,2.0,1.0,2,0.2730004896632524
1112,12,387,2,2.0,1.0,2,0.0359262770426152
1112,13,372,2,2.0,1.0,1,0.2508952307887129
1112,14,337,2,2.0,1.0,4,0.27659862012875674
1112,15,357,2,2.0,1.0,6,0.27704550940683975
1112,16,296,2,2.0,1.0,4,0.2682736982493496
1112,17,301,2,2.0,1.0,6,0.033980102023897805
1112,18,380,2,2.0,1.0,2,0.03541229508196709
1112,19,386,2,2.0,1.0,4,0.0031563504154950234
1112,20,325,2,2.0,1.0,4,0.007131731627975147
1112,21,433,2,2.0,1.0,1,-0.006000924833159954
1112,22,418,2,2.0,1.0,3,0.21349472485562035
1112,23,368,2,2.0,1.0,1,-0.5
1112,24,623,1,1.0,1.0,1,-0.75
1113,1,706,2,2.0,1.0,3,0.006620931632085873
1113,2,646,2,2.0,1.0,3,0.046431893601872026
1113,3,583,2,2.0,1.0,3,0.045296664951189655
1113,4,549,2,2.0,1.0,3,0.033045087446304786
1113,5,553,2,2.0,1.0,2,0.0580018818235861
1113,6,486,2,2.0,1.0,2,0.051892570533637786
1113,7,423,2,2.0,1.0,1,0.27455941528374744
1113,8,413,2,2.0,1.0,2,0.26366387569592176
1113,9,437,2,2.0,1.0,2,0.06093071981154305
1113,10,433,2,2.0,1.0,2,0.06555282949045804
1113,11,435,2,2.0,1.0,6,0.025640635564570472
1113,12,418,2,2.0,1.0,4,0.02046364505955665
1113,13,423,2,2.0,1.0,3,0.23807079110559914
1113,14,438,2,2.0,1.0,4,0.23813832905852825
1113,15,403,2,2.0,1.0,3,0.2428842770092618
1113,16,323,2,2.0,1.0,3,0.22082988865822503
1113,17,366,2,2.0,1.01,1,0.16391481543804723
1113,18,551,2,1.0018148820326678,1.0,3,-0.7495462794918331
1113,19,1301,0,0.0,1.0,0,-1.0
1114,1,696,2,2.0,1.0,3,0.0066607521289156705
1114,2,637,2,2.0,1.0,3,0.04645945533811566
1114,3,569,2,2.0,1.0,1,0.04530982574635045
1114,4,554,2,2.0,1.0,3,0.028344478175254713
1114,5,507,2,2.0,1.0,3,0.058999559859960055
1114,6,476,2,2.0,1.0,3,0.26813324136823025
1114,7,433,2,2.0,1.0,1,0.2681428526254779
1114,8,452,2,2.0,1.0,4,0.2590058226984327
1114,9,353,2,2.0,1.0,3,0.02544986744553779
1114,10,420,2,2.0,1.0,4,0.31602275541209357
1114,11,446,2,2.0,1.0,5,0.2568852215097602
1114,12,440,2,2.0,1.0,1,0.03216514266003967
1114,13,361,2,2.0,1.0,4,-0.0033599407592445583
1114,14,361,2,2.0,1.0,4,-0.012006747667725757
1114,15,340,2,2.0,1.0,4,0.002266049826815857
1114,16,351,2,2.0,1.0,4,-0.5
1114,17,499,1,1.0,1.0,1,-0.75
1115,1,691,2,2.0,1.0,3,0.022615108446926723
1115,2,638,2,2.0,1.0,2,0.05301655117759807
1115,3,551,2,2.0,1.0,2,0.034472210009564026
1115,4,541,2,2.0,1.0,2,0.03217488765085762
1115,5,554,2,2.0,1.0,4,0.05392759066044207
1115,6,496,2,2.0,1.0,1,0.053345317548598496
1115,7,488,2,2.0,1.0,1,0.04814770050616228
1115,8,461,2,2.0,1.0,1,0.26409373791468593
1115,9,447,2,2.0,1.0,1,0.24919223720501843
1115,10,420,2,2.0,1.0,4,0.047931524960647565
1115,11,452,2,2.0,1.0,4,0.041724602656711775
1115,12,424,2,2.0,1.0,2,0.0020159106820919503
1115,13,379,2,2.0,1.0,4,-0.011775011786232357
1115,14,361,2,2.0,1.0,6,0.21715508172722395
1115,15,338,2,2.0,1.0,1,0.2285308378826134
1115,16,322,2,2.0,1.0,3,0.027883266671155354
1115,17,374,2,2.0,1.0,3,-0.058313401930654714
1115,18,506,1,1.0,1.0,2,-0.75
1116,1,684,2,2.0,1.0,3,0.016322055543462808
1116,2,599,2,2.0,1.0,2,0.029765357091980464
1116,3,550,2,2.0,1.0,2,0.03447213234526662
1116,4,525,2,2.0,1.0,1,0.03215601065601022
1116,5,557,2,2.0,1.0,1,0.05344639651192552
1116,6,500,2,2.0,1.0,1,0.01344936708860774
1116,7,462,2,2.0,1.0,1,0.00361338622140449
1116,8,482,2,2.0,1.0,1,0.02711834076073249
1116,9,482,2,2.0,1.0,1,0.009688691898235497
1116,10,454,2,2.0,1.0,1,0.0033809496915223683
1116,11,438,2,2.0,1.0,1,0.020557766171275138
1116,12,427,2,2.0,1.0,4,0.24102922491026904
1116,13,424,2,2.0,1.0,2,-0.03428294279998822
1117,1,679,2,2.0,1.0,3,0.02282576990324494
1117,2,635,2,2.0,1.0,2,0.05047684092741175
1117,3,565,2,2.0,1.0,2,0.03446493705739507
1117,4,545,2,2.0,1.0,3,0.032288926669660156
1117,5,542,2,2.0,1.0,1,0.0717405188265929
1117,6,566,2,2.0,1.0,1,0.05347993437657685
1117,7,467,2,2.0,1.0,1,0.05055535113592098
1117,8,416,2,2.0,1.0,2,0.04779360655943114
1117,9,430,2,2.0,1.0,4,0.04289262752579979
1117,10,461,2,2.0,1.0,1,0.2545223211778473
1117,11,364,2,2.0,1.0,1,0.016914979342587497
1117,12,443,2,2.0,1.0,1,-0.008639969785934055
1117,13,376,2,2.0,1.0,2,0.020403009230107478
1117,14,384,2,2.0,1.0,2,0.026694072280169123
1117,15,372,2,2.0,1.0,2,0.039136904363466236
1117,16,395,2,2.0,1.0,2,-0.033939548163858094
1117,17,441,2,2.0,1.0,2,-0.5
1117,18,444,2,1.9301801801801801,1.0,2,-0.517454954954955
1118,1,689,2,2.0,1.0,3,0.006582533409108497
1118,2,645,2,2.0,1.0,3,0.046396044255012536
1118,3,565,2,2.0,1.0,3,0.045337298441389486
1118,4,517,2,2.0,1.0,3,0.04880665496780624
1118,5,484,2,2.0,1.0,2,0.05626067985912927
1118,6,433,2,2.0,1.0,2,0.14159456530989542
1118,7,490,2,2.0,1.0,2,0.05897754170116052
1118,8,433,2,2.0,1.0,2,0.04371510251424535
1118,9,390,2,2.0,1.0,4,0.27411024337461487
1118,10,404,2,2.0,1.0,6,0.2641128302648933
1118,11,393,2,2.0,1.0,5,0.2659005071383336
1118,12,356,2,2.0,1.0,4,0.2475519595117083
1118,13,336,2,2.0,1.0,3,0.29030697855566806
1118,14,378,2,2.0,1.0,3,0.3586019988203513
1118,15,354,2,2.0,1.0,1,0.336791038003408
1118,16,333,2,2.0,1.0,8,0.13382149983379027
1118,17,354,2,2.0,1.0,1,0.10336152412933249
1118,18,341,2,2.0,1.0,4,0.0052981022910627736
1118,19,506,1,1.0,1.0,4,-0.75
1118,20,1064,0,0.0,1.0,0,-1.0
1119,1,678,2,2.0,1.0,3,0.016287085634547335
1119,2,616,2,2.0,1.0,2,0.029799565513850997
1119,3,569,2,2.0,1.0,2,0.03445649039352311
1119,4,578,2,2.0,1.0,2,0.05762810019317278
1119,5,570,2,2.0,1.0,4,0.05348997493734272
1119,6,510,2,2.0,1.0,5,0.053323835281238435
1119,7,500,2,2.0,1.0,4,0.04807641263401942
1119,8,462,2,2.0,1.0,2,0.042743580566815334
1119,9,478,2,2.0,1.0,2,0.034463904069969326
1119,10,478,2,2.0,1.0,4,0.24758115266724318
1119,11,464,2,2.0,1.0,2,0.23405865997604788
1119,12,501,2,2.0,1.0,3,0.2508948941580812
1119,13,380,2,2.0,1.0,2,0.04078742328498484
1119,14,394,2,2.0,1.0,1,0.0018647169027998056
1119,15,375,2,2.0,1.0,1,-0.001829334002798198
1119,16,429,2,2.0,1.0,2,-0.07564538684547635
1119,17,421,2,2.0,1.0,1,-0.5
1120,1,689,2,2.0,1.0,3,0.015862474009697147
1120,2,605,2,2.0,1.0,1,0.029782868646504774
1120,3,559,2,2.0,1.0,2,0.03448124213116332
1120,4,540,2,2.0,1.0,2,0.03217484675817964
1120,5,560,2,2.0,1.0,3,0.07727506370441196
1120,6,551,2,2.0,1.0,3,0.07193436523927896
1120,7,551,2,2.0,1.0,2,0.071916091549367
1120,8,517,2,2.0,1.0,1,0.014866266969347279
1120,9,469,2,2.0,1.0,1,0.016875853530054788
1120,10,418,2,2.0,1.0,1,0.03484580621570485
1120,11,433,2,2.0,1.0,4,0.2526734976943242
1120,12,391,2,2.0,1.0,5,0.00013981500916507154
1120,13,399,2,2.0,1.0,1,-0.058475515302948124
1121,1,677,2,2.0,1.0,3,0.016246716908631324
1121,2,592,2,2.0,1.0,2,0.02979077979077956
1121,3,553,2,2.0,1.0,3,0.03401638371521162
1121,4,541,2,2.0,1.0,5,0.03248796086439468
1121,5,562,2,2.0,1.0,1,0.07715900570109185
1121,6,547,2,2.0,1.0,1,0.07183308076408841
1121,7,558,2,2.0,1.0,1,0.07715656129751544
1121,8,540,2,2.0,1.0,2,0.03308452168746277
1121,9,458,2,2.0,1.0,5,0.02185256382730607
1121,10,435,2,2.0,1.0,4,0.23168328968027824
1121,11,414,2,2.0,1.0,1,0.03702983565561537
1121,12,436,2,2.0,1.0,3,0.2613922644212783
1121,13,361,2,2.0,1.0,1,0.007675303981557427
1121,14,481,2,2.0,1.0,2,0.0009970946865561325
1121,15,411,2,2.0,1.0,4,-0.026446284724559795
1121,16,461,2,2.0,1.0,1,-0.0757281553398061
1122,1,682,2,2.0,1.0,3,0.02277434290271473
1122,2,645,2,2.0,1.0,2,0.05303908345289993
1122,3,565,2,2.0,1.0,2,0.03447326844335161
1122,4,555,2,2.0,1.0,2,0.03217544467544421
1122,5,578,2,2.0,1.0,4,0.053803482177183996
1122,6,510,2,2.0,1.0,4,0.0360999702911464
1122,7,506,2,2.0,1.0,4,0.03889266304347825
1122,8,449,2,2.0,1.0,2,0.245691513820352
1122,9,460,2,2.0,1.0,1,0.028616475398197064
1122,10,483,2,2.0,1.0,5,0.03438930332047845
1122,11,416,2,2.0,1.0,1,0.22481535805741398
1122,12,438,2,2.0,1.0,2,-0.004760265588817186
1122,13,407,2,2.0,1.0,4,-0.005300169628177139
1122,14,413,2,2.0,1.0,2,-0.00952680684683124
1122,15,421,2,2.0,1.0,2,-0.024100737740103337
1122,16,505,2,2.0,1.0,1,-0.5
1123,1,687,2,2.0,1.0,3,0.0219458228219388
1123,2,648,2,2.0,1.0,2,0.05302001089307866
1123,3,548,2,2.0,1.0,4,0.0344719761663328
1123,4,545,2,2.0,1.0,5,0.032161897735291774
1123,5,560,2,2.0,1.0,4,0.05378023431594802
1123,6,509,2,2.0,1.0,3,0.049177240155510435
1123,7,481,2,2.0,1.0,4,0.04386193061588116
1123,8,470,2,2.0,1.0,2,0.01678448972294454
1123,9,555,2,2.0,1.0,4,0.03985994615304983
1123,10,490,2,2.0,1.0,1,0.03850870501031196
1123,11,472,2,2.0,1.0,1,-0.0052083333333333365
1123,12,470,2,2.0,1.0,1,0.009037640805428071
1123,13,440,2,2.0,1.0,1,0.23108173177628483
1123,14,405,2,2.0,1.0,1,0.22824063023328983
1123,15,370,2,2.0,1.0,1,0.23131334997315114
1123,16,345,2,2.0,1.0,2,-0.01779130731096506
1123,17,383,2,2.0,1.0,1,-0.5
1124,1,704,2,2.0,1.0,3,0.021682211111920285
1124,2,643,2,2.0,1.0,2,0.053119281633585556
1124,3,557,2,2.0,1.0,2,0.03447267013915365
1124,4,532,2,2.0,1.0,2,0.03217451408240837
1124,5,557,2,2.0,1.0,2,0.06257918218601782
1124,6,571,2,2.0,1.0,1,0.05344946209657179
1124,7,483,2,2.0,1.0,1,0.021807523092066877
1124,8,436,2,2.0,1.0,1,0.03362151593877833
1124,9,438,2,2.0,1.0,1,-0.006510894171896153
1124,10,507,2,2.0,1.0,2,0.2568746446993639
1124,11,433,2,2.0,1.0,1,-0.021757985195713304
1124,12,533,2,2.0,1.0,2,-0.01433203724152274
1125,1,686,2,2.0,1.0,3,0.02190990202489265
1125,2,634,2,2.0,1.0,2,0.05304312181979631
1125,3,565,2,2.0,1.0,4,0.033606804303872036
1125,4,541,2,2.0,1.0,5,0.03216163842319065
1125,5,549,2,2.0,1.0,1,0.06729321551134623
1125,6,547,2,2.0,1.0,1,0.07711309178064647
1125,7,530,2,2.0,1.0,1,0.27548507610359807
1125,8,478,2,2.0,1.0,5,0.26751009327796316
1125,9,485,2,2.0,1.0,2,0.2585112405367141
1125,10,489,2,2.0,1.0,1,0.25834756270363035
1125,11,447,2,2.0,1.0,1,0.24296286135605066
1125,12,386,2,2.0,1.0,1,0.03863490527194195
1125,13,421,2,2.0,1.0,2,0.015677337936194722
1125,14,307,2,2.0,1.0,4,-0.008549510988435984
1125,15,447,2,2.0,1.0,4,-0.5
1125,16,711,1,1.0,1.0,1,-0.75
1126,1,671,2,2.0,1.0,3,0.015769129310019656
1126,2,608,2,2.0,1.0,2,0.029773677573504773
1126,3,575,2,2.0,1.0,3,0.03011609511322368
1126,4,570,2,2.0,1.0,1,0.06005980861243973
1126,5,544,2,2.0,1.0,1,0.06170355448436554
1126,6,496,2,2.0,1.0,1,0.2715579710144907
1126,7,507,2,2.0,1.0,1,0.05084160026020483
1126,8,458,2,2.0,1.0,5,0.2606056699988473
1126,9,429,2,2.0,1.0,1,0.055386774353256785
1126,10,396,2,2.0,1.0,3,0.2648286906496625
1126,11,374,2,2.0,1.0,2,0.19580240249559674
1126,12,356,2,2.0,1.0,4,0.0037310761180160443
1126,13,390,2,2.0,1.0,6,0.0061877264240644365
1126,14,371,2,2.0,1.0,8,0.22392214177229314
1126,15,364,2,2.0,1.0,1,-0.006006883796162964
1126,16,342,2,2.0,1.0,3,-0.49856166150670794
1126,17,405,2,1.9950617283950618,1.0,2,-0.5012345679012346
1127,1,678,2,2.0,1.0,3,0.0163562360152858
1127,2,603,2,2.0,1.0,2,0.029799390309340326
1127,3,567,2,2.0,1.0,2,0.03423744084633629
1127,4,549,2,2.0,1.0,5,0.032325242118777076
1127,5,559,2,2.0,1.0,5,0.06742090067224246
1127,6,557,2,2.0,1.0,4,0.06975171076939109
1127,7,578,2,2.0,1.0,3,0.05769530473768012
1127,8,471,2,2.0,1.0,5,0.017041576479264332
1127,9,479,2,2.0,1.0,3,0.27563329097235234
1127,10,448,2,2.0,1.0,2,0.0033612220919215156
1127,11,480,2,2.0,1.0,1,-0.05535641137643157
1127,12,430,2,2.0,1.0,1,-0.07066659389159201
1128,1,750,2,2.0,1.0,3,0.05103020862783934
1128,2,638,2,2.0,1.0,2,0.0647818950730473
1128,3,581,2,2.0,1.0,2,0.06476490377092811
1128,4,509,2,2.0,1.0,1,0.05945121951219457
1128,5,506,2,2.0,1.0,2,0.3020637156303948
1128,6,523,2,2.0,1.0,4,0.03030251297459732
1128,7,526,2,2.0,1.0,5,0.2898705480773988
1128,8,471,2,2.0,1.0,8,0.3053300453233915
1128,9,442,2,2.0,1.0,3,0.28961463608135035
1128,10,458,2,2.0,1.0,3,0.09515378684605769
1128,11,494,2,2.0,1.0,1,0.2865445840024418
1128,12,517,2,2.0,1.0,1,0.29285768804226275
1128,13,490,2,2.0,1.0,4,0.2682587969475483
1128,14,497,2,2.0,1.0,8,0.06758762953918401
1128,15,465,2,2.0,1.0,1,0.05966295808115436
1128,16,473,2,2.0,1.0,1,0.02469715527688024
1128,17,491,2,2.0,1.0,4,0.02778783157068205
1128,18,494,2,2.0,1.0,2,0.024796743364435356
1128,19,443,2,2.0,1.0,4,0.26195779190133583
1128,20,495,2,2.0,1.0,2,0.017830890662216072
1128,21,461,2,2.0,1.0,1,-0.04168119516646037
1128,22,450,2,2.0,1.0,1,-0.04444444444444431
1128,23,423,2,2.0,1.0,1,-0.023146581782376465
1128,24,451,2,2.0,1.0,1,-0.09473684210526302
1129,1,760,2,2.0,1.0,3,0.04481712796063401
1129,2,627,2,2.0,1.0,2,0.062474747474747475
1129,3,602,2,2.0,1.0,2,0.06722297595245666
1129,4,553,2,2.0,1.0,1,0.29191176470588165
1129,5,500,2,2.0,1.0,1,0.29941840495395544
1129,6,462,2,2.0,1.0,1,0.31245198855455875
1129,7,498,2,2.0,1.0,1,0.319663469754761
1129,8,500,2,2.0,1.0,1,0.31977410476709894
1129,9,450,2,2.0,1.0,1,0.3166601588514251
1129,10,432,2,2.0,1.0,1,0.31171241211386336
1129,11,417,2,2.0,1.0,1,0.3222244847063558
1129,12,362,2,2.0,1.0,2,0.32406671775645357
1129,13,358,2,2.0,1.0,1,0.3004456785615121
1129,14,375,2,2.0,1.0,1,0.31968712428620716
1129,15,382,2,2.0,1.0,4,0.32184291278359484
1129,16,354,2,2.0,1.0,3,0.33192828400237306
1129,17,371,2,2.0,1.0,9,0.40594800039449624
1129,18,463,2,2.0,1.0,3,0.4974314078331864
1129,19,417,2,2.0,1.0,4,0.49548405471696416
1129,20,1115,2,0.04753363228699552,1.0,7,0.9877674789746077
1130,1,762,2,2.0,1.0,3,0.05093972243839201
1130,2,639,2,2.0,1.0,2,0.06478136288028724
1130,3,605,2,2.0,1.0,1,0.06956422651105351
1130,4,548,2,2.0,1.0,1,0.29191176470588176
1130,5,512,2,2.0,1.0,2,0.2946410129215518
1130,6,484,2,2.0,1.0,2,0.29932863576016255
1130,7,526,2,2.0,1.0,4,0.3041143948585365
1130,8,524,2,2.0,1.0,2,0.2981134603796818
1130,9,526,2,2.0,1.0,2,0.30435066531161437
1130,10,524,2,2.0,1.0,1,0.30058842239185857
1130,11,553,2,2.0,1.0,1,0.2993560149414591
1130,12,542,2,2.0,1.0,1,0.30162294614321533
1130,13,561,2,2.0,1.0,3,0.06838380812584327
1130,14,546,2,2.0,1.0,1,0.0625
1130,15,552,2,2.0,1.0,1,0.2993800463813486
1130,16,546,2,2.0,1.0,1,0.3006468204971737
1130,17,543,2,2.0,1.0,1,0.29938077667972335
1130,18,522,2,2.0,1.0,1,0.3000028252917002
1130,19,565,2,2.0,1.0,1,0.3029415430636937
1130,20,577,2,2.0,1.0,2,0.30775007320180325
1130,21,516,2,2.0,1.0,2,0.3142508160842014
1130,22,456,2,2.0,1.0,2,0.3278063177553766
1130,23,417,2,2.0,1.0,3,0.3176483766062931
1130,24,416,2,2.0,1.0,2,0.3751433385067405
1130,25,393,2,2.0,1.0,8,0.37025597193321086
1130,26,393,2,2.0,1.0,5,0.41230523957112225
1130,27,438,2,2.0,1.0,7,0.4360103111869165
1130,28,1114,2,0.05834829443447038,1.0,3,0.9847051528549247
1131,1,797,2,2.0,1.0,3,0.039236859058476285
1131,2,634,2,2.0,1.0,2,0.06245070977917981
1131,3,593,2,2.0,1.0,3,0.057616713178979796
1131,4,558,2,2.0,1.0,1,0.2791378648233502
1131,5,511,2,2.0,1.0,4,0.29966150179318624
1131,6,544,2,2.0,1.0,4,0.07187817643779916
1131,7,511,2,2.0,1.0,1,0.29519872046140244
1131,8,523,2,2.0,1.0,3,0.3004695864426599
1131,9,502,2,2.0,1.0,1,0.06558231360273233
1131,10,444,2,2.0,1.0,3,0.07901644931952669
1131,11,419,2,2.0,1.0,4,0.05774990607490393
1131,12,426,2,2.0,1.0,4,0.32137939494655093
1131,13,389,2,2.0,1.0,1,0.33120187741197454
1131,14,362,2,2.0,1.0,1,0.298749867526806
1131,15,353,2,2.0,1.0,1,0.35738413375864964
1131,16,352,2,2.0,1.0,1,0.2958782993455669
1131,17,362,2,2.0,1.0,2,0.37365676601842907
1131,18,362,2,2.0,1.0,1,0.29920485452265433
1131,19,369,2,2.0,1.0,4,0.30431445606296953
1131,20,357,2,2.0,1.0,2,0.08037065576217547
1131,21,363,2,2.0,1.0,1,0.3235479763273843
1131,22,316,2,2.0,1.0,4,0.38676377900117426
1131,23,350,2,2.0,1.0,4,0.3938167423851017
1131,24,869,2,0.14154200230149597,1.0,4,0.9631754334708974
1131,25,1052,2,0.0038022813688212928,1.0,3,0.9990494296577946
1132,1,760,2,2.0,1.0,3,0.05101481200579691
1132,2,633,2,2.0,1.0,2,0.06478129005335542
1132,3,597,2,2.0,1.0,2,0.06956787444722426
1132,4,561,2,2.0,1.0,1,0.29191176470588154
1132,5,511,2,2.0,1.0,2,0.29936990321253154
1132,6,490,2,2.0,1.0,2,0.04543874648010024
1132,7,490,2,2.0,1.0,2,0.04376686077974983
1132,8,457,2,2.0,1.0,3,0.28247656629631845
1132,9,442,2,2.0,1.0,2,0.28612265663468767
1132,10,488,2,2.0,1.0,4,0.29072125751120015
1132,11,435,2,2.0,1.0,2,0.2899738255803456
1132,12,452,2,2.0,1.0,2,0.28760487268736995
1132,13,427,2,2.0,1.0,2,0.27196637027927406
1132,14,447,2,2.0,1.0,2,0.28413279202650854
1132,15,436,2,2.0,1.0,4,0.058410087644148616
1132,16,464,2,2.0,1.0,2,0.030115848603603675
1132,17,441,2,2.0,1.0,2,0.01072087083991846
1132,18,425,2,2.0,1.0,4,0.24317322851352577
1132,19,421,2,2.0,1.0,5,0.23224443431527564
1132,20,363,2,2.0,1.0,4,0.2501323890325746
1132,21,333,2,2.0,1.0,1,0.23223969357506574
1132,22,369,2,2.0,1.0,3,0.06843051304159432
1132,23,421,2,1.9596199524940618,1.0,1,-0.05145428839855883
1132,24,442,2,2.0,1.0,8,-0.5
1132,25,488,2,1.9959016393442623,1.0,2,-0.5010245901639344
1132,26,724,1,1.0,1.0,1,-0.75
1133,1,758,2,2.0,1.0,3,0.051227076992810705
1133,2,650,2,2.0,1.0,2,0.06478992501209546
1133,3,601,2,2.0,1.0,1,0.0695641516678784
1133,4,561,2,2.0,1.0,1,0.29191176470588154
1133,5,521,2,2.0,1.0,2,0.30422066755043803
1133,6,465,2,2.0,1.0,4,0.30862272359008974
1133,7,491,2,2.0,1.0,2,0.3139335582674872
1133,8,485,2,2.0,1.0,2,0.31889289908502366
1133,9,500,2,2.0,1.0,2,0.31881479862603124
1133,10,471,2,2.0,1.0,4,0.31884101987341407
1133,11,471,2,2.0,1.0,4,0.3109436555942551
1133,12,402,2,2.0,1.0,1,0.3139381914371553
1133,13,394,2,2.0,1.0,4,0.07518730622475592
1133,14,391,2,2.0,1.0,4,0.3265118812587763
1133,15,390,2,2.0,1.0,3,0.2778229634929444
1133,16,381,2,2.0,1.0,3,0.2839630985222848
1133,17,353,2,2.0,1.0,4,0.309511496759129
1133,18,383,2,2.0,1.0,2,0.31586038571912894
1133,19,386,2,2.0,1.0,1,0.34276610410021674
1133,20,383,2,2.0,1.0,1,0.3185356043504776
1133,21,335,2,2.0,1.0,6,0.30304164648607107
1133,22,397,2,2.0,1.0,4,0.28887649682154587
1133,23,382,2,2.0,1.0,1,0.3268601781086689
1133,24,360,2,2.0,1.0,4,0.49350737311537657
1133,25,384,2,2.0,1.0,8,0.41937163023179563
1133,26,455,2,1.9978021978021978,1.0,3,0.5003628268283441
1133,27,1132,2,0.0035335689045936395,1.0,3,0.9991166077738516
1134,1,773,2,2.0,1.0,3,0.05488718367293241
1134,2,639,2,2.0,1.0,2,0.06478889812339798
1134,3,588,2,2.0,1.0,1,0.06476113172541766
1134,4,545,2,2.0,1.0,1,0.29265216929140164
1134,5,511,2,2.0,1.0,4,0.29931860635454266
1134,6,486,2,2.0,1.0,3,0.3055210893888364
1134,7,483,2,2.0,1.0,4,0.30462417958231974
1134,8,470,2,2.0,1.0,3,0.31683007739568114
1134,9,494,2,2.0,1.0,1,0.32496159923913137
1134,10,466,2,2.0,1.0,1,0.33819714916484106
1134,11,455,2,2.0,1.0,3,0.36770225291519626
1134,12,477,2,2.0,1.0,2,0.37597613134705477
1134,13,413,2,2.0,1.0,2,0.43743242356340956
1134,14,494,2,2.0,1.0,1,0.5
1134,15,1286,2,0.00933125972006221,1.0,3,0.9976671850699844
1135,1,752,2,2.0,1.0,3,0.05106791125555536
1135,2,624,2,2.0,1.0,2,0.062419204059829064
1135,3,589,2,2.0,1.0,2,0.06721710494306174
1135,4,553,2,2.0,1.0,1,0.29191176470588165
1135,5,502,2,2.0,1.0,5,0.2994663131945211
1135,6,521,2,2.0,1.0,3,0.2950922487637771
1135,7,509,2,2.0,1.0,1,0.07008115957270765
1135,8,482,2,2.0,1.0,2,0.07405368136079585
1135,9,473,2,2.0,1.0,1,0.049006901745579534
1135,10,456,2,2.0,1.0,2,0.28913174010749443
1135,11,458,2,2.0,1.0,10,0.3014086661116439
1135,12,455,2,2.0,1.0,4,0.29704265899090504
1135,13,478,2,2.0,1.0,3,0.060725301701097426
1135,14,412,2,2.0,1.0,4,0.2836163881373204
1135,15,394,2,2.0,1.0,3,0.2952622209554099
1135,16,398,2,2.0,1.0,1,0.29292666686045443
1135,17,427,2,2.0,1.0,2,0.3006400351487811
1135,18,455,2,2.0,1.0,1,0.02403137350428905
1135,19,415,2,2.0,1.0,1,-0.04253392094682324
1135,20,406,2,2.0,1.0,1,-0.5
1135,21,599,1,1.0,1.0,1,-0.75
1136,1,765,2,2.0,1.0,3,0.044958375267837275
1136,2,629,2,2.0,1.0,2,0.057514544595746626
1136,3,590,2,2.0,1.0,1,0.06488165018288937
1136,4,550,2,2.0,1.0,1,0.29048507462686934
1136,5,513,2,2.0,1.0,2,0.299559381108051
1136,6,497,2,2.0,1.0,1,0.30724682864219405
1136,7,518,2,2.0,1.0,3,0.3084716507810361
1136,8,478,2,2.0,1.0,3,0.3013086654693527
1136,9,490,2,2.0,1.0,1,0.30519918926474765
1136,10,503,2,2.0,1.0,1,0.07734303056122094
1136,11,434,2,2.0,1.0,4,0.31800401996952354
1136,12,358,2,2.0,1.0,1,0.3078506411069445
1136,13,388,2,2.0,1.0,1,0.3123826731089528
1136,14,364,2,2.0,1.0,4,0.34574335878608076
1136,15,345,2,2.0,1.0,4,0.4260830035288968
1136,16,339,2,2.0,1.0,4,0.4274265342255263
1136,17,319,2,2.0,1.0,3,0.4032062778108453
1136,18,334,2,2.0,1.0,4,0.4057971754355785
1136,19,319,2,1.9780564263322884,1.0,3,0.41808931549963996
1136,20,1001,2,0.07592407592407592,1.0,3,0.9772850733113161
1137,1,762,2,2.0,1.0,3,0.04476261879747407
1137,2,619,2,2.0,1.0,2,0.06244951534733441
1137,3,581,2,2.0,1.0,3,0.05758484712566301
1137,4,534,2,2.0,1.0,3,0.2795077581594445
1137,5,495,2,2.0,1.0,2,0.29473580827634915
1137,6,508,2,2.0,1.0,3,0.29047446865421284
1137,7,473,2,2.0,1.0,2,0.291274912872068
1137,8,457,2,2.0,1.0,2,0.29436639229545974
1137,9,482,2,2.0,1.0,1,0.2850786930279776
1137,10,436,2,2.0,1.0,1,0.2741547332515808
1137,11,451,2,2.0,1.0,1,0.04008748562494114
1137,12,433,2,2.0,1.0,1,0.04760461209272176
1137,13,396,2,2.0,1.0,1,0.009243239451572724
1137,14,456,2,2.0,1.0,1,-0.5
1138,1,760,2,2.0,1.0,3,0.051099196312830206
1138,2,642,2,2.0,1.0,2,0.06478237230353322
1138,3,608,2,2.0,1.0,2,0.0695680118974871
1138,4,551,2,2.0,1.0,1,0.2919117647058817
1138,5,501,2,2.0,1.0,2,0.29945756280443064
1138,6,510,2,2.0,1.0,1,0.2924079939668159
1138,7,514,2,2.0,1.0,2,0.29858658944998856
1138,8,489,2,2.0,1.0,3,0.30215314084949
1138,9,557,2,2.0,1.0,3,0.290883271474688
1138,10,500,2,2.0,1.0,5,0.0652623208116333
1138,11,494,2,2.0,1.0,2,0.04625385899603231
1138,12,480,2,2.0,1.0,2,0.0383003124145174
1138,13,421,2,2.0,1.0,4,0.2656126521899445
1138,14,404,2,2.0,1.0,2,0.25381093710704106
1138,15,366,2,2.0,1.0,2,0.19998454603820717
1138,16,395,2,2.0,1.0,4,0.2459768968305422
1138,17,423,2,2.0,1.0,4,0.20570799234191212
1138,18,394,2,2.0,1.0,1,-0.03315246584353008
1139,1,784,2,2.0,1.0,3,0.05503805866189865
1139,2,650,2,2.0,1.0,2,0.0674615384615389
1139,3,595,2,2.0,1.0,1,0.06271054439021405
1139,4,565,2,2.0,1.0,1,0.06244368463395012
1139,5,531,2,2.0,1.0,1,0.07205454150369396
1139,6,529,2,2.0,1.0,1,0.29484117989205105
1139,7,486,2,2.0,1.0,1,0.2948716928240581
1139,8,490,2,2.0,1.0,3,0.30932380735658505
1139,9,475,2,2.0,1.0,4,0.3016244771652903
1139,10,455,2,2.0,1.0,2,0.31693950935545573
1139,11,454,2,2.0,1.0,4,0.12354451630955912
1139,12,487,2,2.0,1.0,3,0.12827901650362034
1139,13,470,2,2.0,1.0,3,0.07775821279758441
1139,14,430,2,2.0,1.0,3,0.06959154454527651
1139,15,360,2,2.0,1.0,4,0.28999622507137335
1139,16,401,2,2.0,1.0,4,0.27784912604493556
1139,17,382,2,2.0,1.0,1,0.2555504706657438
1139,18,370,2,2.0,1.0,1,0.2471993630761938
1139,19,369,2,2.0,1.0,2,0.27324886319734215
1139,20,379,2,2.0,1.0,2,0.21930930869146514
1139,21,303,2,2.0,1.0,1,0.1715404221640909
1139,22,329,2,2.0,1.0,1,-0.032923459247985544
1139,23,300,2,2.0,1.0,6,-0.0939908994854687
1139,24,389,2,1.9511568123393317,1.0,1,-0.5122107969151671
1140,1,769,2,2.0,1.0,3,0.055106745198955975
1140,2,633,2,2.0,1.0,2,0.06477273291802103
1140,3,597,2,2.0,1.0,1,0.06956407582177965
1140,4,565,2,2.0,1.0,1,0.2919117647058815
1140,5,511,2,2.0,1.0,5,0.29955530684349696
1140,6,477,2,2.0,1.0,5,0.3092272802496071
1140,7,500,2,2.0,1.0,2,0.3080685988106946
1140,8,480,2,2.0,1.0,1,0.3150890365117337
1140,9,489,2,2.0,1.0,1,0.31990874529218366
1140,10,449,2,2.0,1.0,1,0.08748498536072596
1140,11,440,2,2.0,1.0,1,0.06393043502868066
1140,12,494,2,2.0,1.0,1,0.31834749397504275
1140,13,467,2,2.0,1.0,1,0.32459325234167336
1140,14,454,2,2.0,1.0,4,0.33316026121748904
1140,15,378,2,2.0,1.0,5,0.3354456590434955
1140,16,343,2,2.0,1.0,2,0.37212850711473183
1140,17,407,2,2.0,1.0,3,0.4088244356415494
1140,18,468,2,2.0,1.0,2,0.41692482242725304
1140,19,520,2,2.0,1.0,2,0.49965246645843114
1140,20,1233,2,0.0032441200324412004,1.0,8,0.9991889699918897
1141,1,757,2,2.0,1.0,3,0.05091819601854049
1141,2,643,2,2.0,1.0,2,0.062421591498185595
1141,3,597,2,2.0,1.0,2,0.062448642583989133
1141,4,551,2,2.0,1.0,1,0.2955144580518213
1141,5,525,2,2.0,1.0,4,0.30302401711778587
1141,6,495,2,2.0,1.0,4,0.3082558973954403
1141,7,497,2,2.0,1.0,4,0.30953608162171437
1141,8,485,2,2.0,1.0,3,0.3012251147275222
1141,9,484,2,2.0,1.0,3,0.2955437827721653
1141,10,449,2,2.0,1.0,2,0.08779032701487056
1141,11,444,2,2.0,1.0,2,0.0514631732242941
1141,12,403,2,2.0,1.0,4,0.294580498863701
1141,13,384,2,2.0,1.0,4,0.32078156754884707
1141,14,423,2,2.0,1.0,3,0.30479470864948915
1141,15,341,2,2.0,1.0,4,0.3052324979456076
1141,16,449,2,2.0,1.0,4,0.3096448770503776
1141,17,452,2,2.0,1.0,7,0.1307345685867409
1141,18,425,2,2.0,1.0,4,0.12579530152948235
1141,19,389,2,2.0,1.0,3,0.11002906562590464
1141,20,366,2,2.0,1.0,4,0.3237197281853499
1141,21,344,2,2.0,1.0,4,0.3403076766289952
1141,22,358,2,2.0,1.0,3,0.38144164728708324
1141,23,458,2,2.0,1.0,5,0.43321825619914434
1141,24,446,2,2.0,1.0,1,0.4154734765266548
1141,25,416,2,2.0,1.0,4,0.4284154516246093
1141,26,450,2,2.0,1.0,4,0.42968816988740366
1141,27,429,2,2.0,1.0,4,0.42532439138026934
1141,28,433,2,2.0,1.0,4,0.4316511538995046
1141,29,459,2,2.0,1.0,4,0.44238698332742593
1141,30,408,2,2.0,1.0,4,0.438280081083472
1141,31,358,2,2.0,1.0,9,0.43837174711081495
1141,32,432,2,1.4351851851851851,1.0,6,0.5969925696890338
1141,33,1123,2,0.01157613535173642,1.0,4,0.9967586950911408
1142,1,755,2,2.0,1.0,3,0.05100840321040135
1142,2,634,2,2.0,1.0,2,0.06748794714600362
1142,3,590,2,2.0,1.0,2,0.06274507392192077
1142,4,578,2,2.0,1.0,1,0.06245281535073922
1142,5,535,2,2.0,1.0,1,0.06736340762041697
1142,6,505,2,2.0,1.0,1,0.2847353389185058
1142,7,501,2,2.0,1.0,2,0.2947442667616175
1142,8,465,2,2.0,1.0,4,0.27661963561701486
1142,9,460,2,2.0,1.0,1,0.28545770723529906
1142,10,499,2,2.0,1.0,1,0.07044727889815092
1142,11,511,2,2.0,1.0,4,0.29578254946465266
1142,12,513,2,2.0,1.0,2,0.3078863078601508
1142,13,500,2,2.0,1.0,4,0.30319182562997565
1142,14,494,2,2.0,1.0,5,0.31200090670647745
1142,15,483,2,2.0,1.01,1,0.07753292706748142
1142,16,476,2,2.0,1.0,1,0.060624704427225964
1142,17,441,2,2.0,1.0,4,0.31210032135581467
1142,18,462,2,2.0,1.0,1,0.31611217847264583
1142,19,421,2,2.0,1.0,2,0.3666486158871884
1142,20,379,2,2.0,1.0,5,0.33953798434998045
1142,21,410,2,2.0,1.0,4,0.3937392097488693
1142,22,387,2,2.0,1.0,4,0.41110586852570846
1142,23,421,2,2.0,1.0,4,0.4422164095728554
1142,24,323,2,2.0,1.0,4,0.40538185245598857
1142,25,159,2,1.89937106918239,1.01,4,0.5150483548778667
1142,26,409,2,1.9975550122249388,1.0,3,0.5004046245794412
1142,27,1269,2,0.0031520882584712374,1.0,4,0.9992119779353822
1143,1,760,2,2.0,1.0,3,0.05096842115609076
1143,2,635,2,2.0,1.0,2,0.062420603674540685
1143,3,602,2,2.0,1.0,2,0.06725554712045875
1143,4,550,2,2.0,1.0,1,0.2919117647058817
1143,5,503,2,2.0,1.0,5,0.29924563855549435
1143,6,468,2,2.0,1.0,3,0.07816721942701316
1143,7,498,2,2.0,1.0,2,0.30014036389839976
1143,8,499,2,2.0,1.0,1,0.07134479998958998
1143,9,471,2,2.0,1.0,1,0.0739993672352835
1143,10,488,2,2.0,1.0,2,0.05219103432595608
1143,11,464,2,2.0,1.0,2,0.29549111664883687
1143,12,380,2,2.0,1.0,4,0.2949571239341931
1143,13,388,2,2.0,1.0,4,0.31373300299961726
1143,14,404,2,2.0,1.0,4,0.2971214008383018
1143,15,384,2,2.0,1.0,2,0.2741606342542547
1143,16,369,2,2.0,1.0,5,0.28082193276674744
1143,17,379,2,2.0,1.0,1,0.10677107318820743
1143,18,454,2,2.0,1.0,1,0.32411124556377435
1143,19,401,2,2.0,1.0,1,0.07898738873328812
1143,20,424,2,2.0,1.0,1,0.2387072076142084
1143,21,364,2,2.0,1.0,4,0.23061877074865442
1143,22,405,2,2.0,1.0,4,0.21810737826032423
1143,23,348,2,2.0,1.0,4,0.21081514725729286
1143,24,331,2,2.0,1.0,4,-0.007948742215317928
1143,25,296,2,1.989864864864865,1.0,1,-0.06532021622331252
1143,26,299,2,1.9364548494983278,1.0,3,-0.5158862876254181
1144,1,748,2,2.0,1.0,3,0.05076978855010451
1144,2,643,2,2.0,1.0,2,0.06479775510074981
1144,3,607,2,2.0,1.0,1,0.0695642635627407
1144,4,559,2,2.0,1.0,1,0.29191176470588154
1144,5,505,2,2.0,1.0,1,0.2992714097722623
1144,6,461,2,2.0,1.0,3,0.30551320279701283
1144,7,482,2,2.0,1.0,4,0.31306548963250064
1144,8,470,2,2.0,1.0,1,0.3073867191295075
1144,9,472,2,2.0,1.0,1,0.3131029664313304
1144,10,466,2,2.0,1.0,1,0.3051605677283351
1144,11,469,2,2.0,1.0,1,0.3052658166267763
1144,12,485,2,2.0,1.0,1,0.30966135369960535
1144,13,455,2,2.0,1.0,1,0.3140926354347394
1144,14,391,2,2.0,1.0,1,0.293765436122264
1144,15,385,2,2.0,1.0,1,0.29727020183771896
1144,16,375,2,2.0,1.0,1,0.2952775039784113
1144,17,350,2,2.0,1.0,1,0.2800641908431505
1144,18,316,2,2.0,1.0,1,0.2690523735642292
1144,19,324,2,2.0,1.0,12,0.30917939971849534
1144,20,374,2,2.0,1.0,8,0.4887740413991506
1144,21,1152,2,0.010416666666666666,1.0,3,0.9973958333333334
1145,1,761,2,2.0,1.0,3,0.0511084904362068
1145,2,633,2,2.0,1.0,2,0.062420352817272255
1145,3,584,2,2.0,1.0,2,0.062447499353838205
1145,4,517,2,2.0,1.0,1,0.05945121951219457
1145,5,514,2,2.0,1.0,2,0.3040895686420734
1145,6,495,2,2.0,1.0,1,0.3040669931664348
1145,7,474,2,2.0,1.0,1,0.08127196644131965
1145,8,480,2,2.0,1.0,1,0.2940116081303196
1145,9,447,2,2.0,1.0,1,0.07977861310164361
1145,10,399,2,2.0,1.0,1,0.2984605549603584
1145,11,385,2,2.0,1.0,1,0.30045219429289965
1145,12,384,2,2.0,1.0,1,0.3114217065153923
1145,13,371,2,2.0,1.0,1,0.28587419212952575
1145,14,404,2,2.0,1.0,1,0.08053871366511692
1145,15,422,2,2.0,1.0,1,0.060417865673331635
1145,16,349,2,2.0,1.0,1,0.2575853514429224
1145,17,355,2,2.0,1.0,4,0.27947503731908613
1145,18,327,2,2.0,1.0,1,0.28696334056695016
1145,19,354,2,2.0,1.0,1,0.3149207379184568
1145,20,330,2,2.0,1.0,5,0.07694188325033792
1145,21,285,2,2.0,1.0,3,0.10765921642875438
1145,22,328,2,2.0,1.0,3,0.10567582531038405
1145,23,368,2,2.0,1.0,3,0.19138670683033918
1145,24,316,2,2.0,1.0,1,0.3102871768342648
1145,25,318,2,2.0,1.0,4,0.32524136016877114
1145,26,246,2,2.0,1.0,3,0.30979449680258025
1145,27,323,2,2.0,1.0,4,0.3340856386054038
1145,28,373,2,2.0,1.0,6,0.3244821711635557
1145,29,333,2,2.0,1.0,4,0.37782315646117776
1145,30,212,2,2.0,1.0,2,0.07545249767863167
1145,31,280,2,2.0,1.0,1,-0.0023385422881610296
1145,32,369,2,2.0,1.0,4,-0.013704232473034858
1145,33,321,2,2.0,1.0,5,0.19397308327544233
1145,34,305,2,2.0,1.0,4,-0.4952932771845389
1145,35,274,2,1.9233576642335766,1.0,3,-0.44003214598060575
1146,1,786,2,2.0,1.0,3,0.05488197668521738
1146,2,654,2,2.0,1.0,2,0.06478376896890028
1146,3,601,2,2.0,1.0,1,0.06476138254424461
1146,4,531,2,2.0,1.0,1,0.059451219512194564
1146,5,508,2,2.0,1.0,1,0.2992134730077435
1146,6,472,2,2.0,1.0,1,0.30048907324388713
1146,7,524,2,2.0,1.0,3,0.3000603034253608
1146,8,510,2,2.0,1.0,1,0.29149195852673127
1146,9,513,2,2.0,1.0,1,0.29132524568365376
1146,10,415,2,2.0,1.0,1,0.2923464289555904
1146,11,409,2,2.0,1.0,3,0.32994059678976034
1146,12,389,2,2.0,1.0,2,0.2678478170004304
1146,13,452,2,2.0,1.0,2,0.3232340538531243
1146,14,468,2,2.0,1.0,8,0.10579475195589655
1146,15,436,2,2.0,1.0,2,0.08264336383234208
1146,16,392,2,2.0,1.0,2,0.06958687908474914
1146,17,399,2,2.0,1.0,1,0.2903497332200853
1146,18,409,2,2.0,1.0,4,0.32088715842877374
1146,19,365,2,2.0,1.0,4,0.3274603608770499
1146,20,347,2,2.0,1.0,4,0.31181089852518734
1146,21,320,2,2.0,1.0,4,0.077182585356529
1146,22,367,2,2.0,1.0,2,0.08043635435862902
1146,23,334,2,2.0,1.0,4,0.13166540302730295
1146,24,323,2,2.0,1.0,4,0.09420828959279501
1146,25,385,2,2.0,1.0,5,0.23974072907610666
1146,26,352,2,2.0,1.0,4,0.09464608454551993
1146,27,326,2,2.0,1.0,4,0.07404750589369358
1146,28,347,2,2.0,1.0,4,0.06637647938172096
1146,29,335,2,2.0,1.0,2,0.03753948384050633
1146,30,305,2,1.9967213114754099,1.0,3,-0.5008196721311475
1147,1,762,2,2.0,1.0,3,0.05519458598314656
1147,2,627,2,2.0,1.0,2,0.06241959064327486
1147,3,599,2,2.0,1.0,2,0.06721861725298882
1147,4,556,2,2.0,1.0,1,0.2919117647058816
1147,5,523,2,2.0,1.0,2,0.29285656737333954
1147,6,493,2,2.0,1.0,3,0.28716877068789615
1147,7,483,2,2.0,1.0,1,0.31003876426423566
1147,8,495,2,2.0,1.0,1,0.3079076985533289
1147,9,478,2,2.0,1.0,1,0.30710919143723325
1147,10,467,2,2.0,1.0,1,0.3051962194767492
1147,11,482,2,2.0,1.0,1,0.07982475162587123
1147,12,455,2,2.0,1.0,1,0.0709461733918251
1147,13,463,2,2.0,1.0,1,0.050200096696060924
1147,14,484,2,2.0,1.0,1,0.04998010193245048
1147,15,436,2,2.0,1.0,1,0.2805164574279735
1147,16,461,2,2.0,1.0,1,0.26264632186781167
1147,17,428,2,2.0,1.0,3,0.2956957658609203
1147,18,436,2,2.0,1.0,1,0.29604094166555933
1147,19,413,2,2.0,1.0,1,0.27401168173760226
1147,20,356,2,2.0,1.0,1,0.02465020491817073
1147,21,400,2,2.0,1.0,1,0.23206066051346652
1147,22,422,2,2.0,1.0,4,0.22736423442124337
1147,23,413,2,2.0,1.0,3,0.2236382546881897
1147,24,431,2,2.0,1.0,5,0.2210290673695065
1147,25,401,2,1.9825436408977557,1.0,3,-0.027960796295818106
1147,26,416,2,1.9927884615384615,1.0,1,-0.5018028846153846
1148,1,759,2,2.0,1.0,3,0.05100535153924553
1148,2,653,2,2.0,1.0,2,0.06744957958912468
1148,3,602,2,2.0,1.0,1,0.0626603326381351
1148,4,526,2,2.0,1.0,1,0.28437669744703903
1148,5,517,2,2.0,1.0,1,0.2862217747737196
1148,6,526,2,2.0,1.0,4,0.2981192893115394
1148,7,501,2,2.0,1.0,3,0.30482735389943494
1148,8,445,2,2.0,1.0,1,0.05488881426708692
1148,9,474,2,2.0,1.0,1,0.30411379608055983
1148,10,415,2,2.0,1.0,1,0.2989297913409566
1148,11,382,2,2.0,1.0,2,0.06342962332090409
1148,12,379,2,2.0,1.0,1,0.06615609414713042
1148,13,367,2,2.0,1.0,1,0.2808462619168281
1148,14,346,2,2.0,1.0,5,0.2672221030412795
1148,15,306,2,2.0,1.0,4,0.27587707553198637
1148,16,345,2,2.0,1.0,4,0.24383994854695965
1148,17,307,2,2.0,1.0,2,0.040538761377360726
1148,18,420,2,2.0,1.0,4,0.2460833488721163
1148,19,374,2,2.0,1.0,2,0.023394542352309616
1148,20,463,2,2.0,1.0,2,0.004151307657494438
1148,21,447,2,2.0,1.0,1,0.22437204537213773
1148,22,404,2,2.0,1.0,5,0.2326708176770078
1148,23,381,2,2.0,1.0,1,-0.007528872958596312
1148,24,393,2,2.0,1.0,3,-0.003108007880076598
1148,25,359,2,1.9526462395543176,1.0,1,-0.5118384401114207
1149,1,759,2,2.0,1.0,3,0.054883885728896506
1149,2,647,2,2.0,1.0,2,0.06748454404945949
1149,3,577,2,2.0,1.0,2,0.06490843244914427
1149,4,562,2,2.0,1.0,5,0.28618040953265145
1149,5,507,2,2.0,1.0,1,0.07683304000901457
1149,6,553,2,2.0,1.0,4,0.0674207121991933
1149,7,497,2,2.0,1.0,1,0.01721014492753621
1149,8,538,2,2.0,1.0,4,0.06741850157277668
1149,9,471,2,2.0,1.0,1,0.017210144927536166
1149,10,523,2,2.0,1.0,2,0.2847887393308359
1149,11,478,2,2.0,1.0,1,0.2834445019727194
1149,12,465,2,2.0,1.0,1,0.06503596625440933
1149,13,459,2,2.0,1.0,3,0.28034098282560344
1149,14,457,2,2.0,1.0,4,0.039380773495409804
1149,15,460,2,2.0,1.0,2,0.02246635342251534
1149,16,445,2,2.0,1.0,1,0.24008776524187198
1149,17,402,2,2.0,1.0,4,0.23883532100736035
1149,18,370,2,2.0,1.0,1,0.18770845672584385
1149,19,379,2,2.0,1.0,1,0.021414753435928028
1149,20,378,2,2.0,1.0,2,-0.05360363906693355
1150,1,763,2,2.0,1.0,3,0.05081697694697064
1150,2,644,2,2.0,1.0,2,0.0647826086956528
1150,3,594,2,2.0,1.0,2,0.06956783607727025
1150,4,548,2,2.0,1.0,1,0.29191176470588176
1150,5,503,2,2.0,1.0,1,0.29937000468222763
1150,6,523,2,2.0,1.0,2,0.2973125456539681
1150,7,495,2,2.0,1.0,1,0.07420029386357162
1150,8,478,2,2.0,1.0,2,0.0592154834288998
1150,9,435,2,2.0,1.0,1,0.27506145004421084
1150,10,483,2,2.0,1.0,2,0.2963369102658735
1150,11,427,2,2.0,1.0,3,0.2859827229361292
1150,12,424,2,2.0,1.0,1,0.29160028005971605
1150,13,469,2,2.0,1.0,2,0.2928639716939372
1150,14,459,2,2.0,1.0,1,0.034765788838819964
1150,15,367,2,2.0,1.0,4,0.2756135043522547
1150,16,473,2,2.0,1.0,2,0.26584542003493317
1150,17,383,2,2.0,1.0,4,0.2724619083167887
1150,18,372,2,2.0,1.0,2,0.2561522613893757
1150,19,371,2,2.0,1.0,4,0.04844211280706709
1150,20,363,2,2.0,1.0,8,0.13142288243530648
1150,21,391,2,2.0,1.0,5,0.028840848440544863
1150,22,382,2,2.0,1.0,1,0.22560305438196926
1150,23,367,2,2.0,1.0,2,0.018554649796090995
1150,24,346,2,2.0,1.0,3,0.010237244584966892
1150,25,384,2,2.0,1.0,2,-0.034750642368294345
1150,26,575,1,1.0,1.0,2,-0.75
1151,1,768,2,2.0,1.0,3,0.05496462916882338
1151,2,640,2,2.0,1.0,2,0.06478148339229622
1151,3,594,2,2.0,1.0,1,0.06956401826684866
1151,4,548,2,2.0,1.0,1,0.29191176470588176
1151,5,512,2,2.0,1.0,2,0.2937314774493289
1151,6,496,2,2.0,1.0,2,0.29458478487066303
1151,7,492,2,2.0,1.0,4,0.2981966763028861
1151,8,484,2,2.0,1.0,1,0.2862832842606838
1151,9,438,2,2.0,1.0,1,0.06498042917671117
1151,10,454,2,2.0,1.0,4,0.30233359019144335
1151,11,414,2,2.0,1.0,1,0.07315267059553192
1151,12,401,2,2.0,1.0,2,0.04847972390242705
1151,13,407,2,2.0,1.0,4,0.2723316203519975
1151,14,431,2,2.0,1.0,5,0.2702786222818141
1151,15,494,2,2.0,1.0,4,0.2572547915554867
1151,16,484,2,2.0,1.0,2,0.2838880266438981
1151,17,518,2,2.0,1.0,3,0.28679228480040375
1151,18,380,2,2.0,1.0,3,0.27531787865715984
1151,19,407,2,2.0,1.0,3,0.27640636688308456
1151,20,369,2,2.0,1.0,3,0.2541866989702085
1151,21,368,2,2.0,1.0,1,0.05765981664366914
1151,22,374,2,2.0,1.0,1,-0.031393993956185674
1151,23,421,2,2.0,1.0,2,-0.5
1152,1,776,2,2.0,1.0,3,0.05496335343265686
1152,2,649,2,2.0,1.0,2,0.06744200075588032
1152,3,604,2,2.0,1.0,2,0.0627351911915008
1152,4,568,2,2.0,1.0,1,0.06239596670934699
1152,5,555,2,2.0,1.0,1,0.06742099792099801
1152,6,548,2,2.0,1.0,2,0.2932917500947873
1152,7,492,2,2.0,1.0,1,0.28761353954974006
1152,8,527,2,2.0,1.0,1,0.2828177502825929
1152,9,490,2,2.0,1.0,1,0.2786343547711532
1152,10,482,2,2.0,1.0,1,0.2794348300233026
1152,11,432,2,2.0,1.0,3,0.28689762564438953
1152,12,448,2,2.0,1.0,1,0.2786138729431779
1152,13,467,2,2.0,1.0,1,0.26629350698955684
1152,14,453,2,2.0,1.0,1,0.054617117117117274
1152,15,427,2,2.0,1.0,1,0.030511002136236445
1152,16,427,2,2.0,1.0,1,0.029690541140530307
1152,17,401,2,2.0,1.0,1,0.24870519778983885
1152,18,368,2,2.0,1.0,1,0.2714472085539401
1152,19,375,2,2.0,1.0,1,0.2682326943951464
1152,20,420,2,2.0,1.0,1,0.2747902196759606
1152,21,426,2,2.0,1.0,1,0.1071192506372672
1152,22,411,2,2.0,1.0,1,0.12033580165516707
1152,23,393,2,2.0,1.0,1,0.10363387714998727
1152,24,362,2,2.0,1.0,1,0.32723445739806756
1152,25,339,2,2.0,1.0,1,0.2574783079934208
1152,26,336,2,2.0,1.0,1,0.30615465612472137
1152,27,382,2,2.0,1.0,1,0.3276415223914328
1152,28,307,2,2.0,1.0,1,0.2720845838831525
1152,29,282,2,2.0,1.0,1,0.09294726436160156
1152,30,284,2,2.0,1.0,1,0.24881109444850535
1152,31,310,2,2.0,1.0,4,0.22648221666600685
1152,32,280,2,2.0,1.0,6,0.16750081162522318
1152,33,309,2,2.0,1.0,6,0.2016708281820349
1152,34,308,2,1.9967532467532467,1.0,4,0.19268527307402855
1153,1,760,2,2.0,1.0,3,0.050836797315322826
1153,2,637,2,2.0,1.0,2,0.0647885257150762
1153,3,589,2,2.0,1.0,1,0.06956392103907899
1153,4,551,2,2.0,1.0,1,0.2919117647058817
1153,5,508,2,2.0,1.0,1,0.29923663187759064
1153,6,477,2,2.0,1.0,5,0.30278780983230325
1153,7,505,2,2.0,1.0,1,0.30581585379742077
1153,8,489,2,2.0,1.0,1,0.3109537240040095
1153,9,480,2,2.0,1.0,1,0.3104208492002185
1153,10,448,2,2.0,1.0,1,0.30744077146767207
1153,11,468,2,2.0,1.0,1,0.313605462345725
1153,12,437,2,2.0,1.0,1,0.3074392805892838
1153,13,454,2,2.0,1.0,1,0.3096443422346773
1153,14,486,2,2.0,1.0,1,0.31280463363796623
1153,15,440,2,2.0,1.0,1,0.08146166004614602
1153,16,391,2,2.0,1.0,1,0.2884984292294795
1153,17,295,2,2.0,1.0,4,0.2627356934222455
1153,18,308,2,2.0,1.0,2,0.30202622349736835
1153,19,339,2,2.0,1.0,1,0.30077443089204586
1153,20,300,2,2.0,1.0,6,0.34079861708983533
1153,21,382,2,1.9973821989528795,1.0,4,0.4867352387719139
1153,22,349,2,2.0,1.0,6,0.4352948604373042
1153,23,390,2,2.0,1.0,4,0.43824521039014885
1153,24,926,2,0.029157667386609073,1.0,11,0.9917887229805903
1154,1,790,2,2.0,1.0,3,0.03892063711624978
1154,2,622,2,2.0,1.0,2,0.06250613199769149
1154,3,583,2,2.0,1.0,2,0.05993338718952757
1154,4,568,2,2.0,1.0,2,0.062366623986342296
1154,5,550,2,2.0,1.0,5,0.06741758386541002
1154,6,540,2,2.0,1.0,2,0.0729174821421198
1154,7,520,2,2.0,1.0,5,0.2784660835262827
1154,8,540,2,2.0,1.0,5,0.06867674140137915
1154,9,479,2,2.0,1.0,2,0.2767716041715437
1154,10,485,2,2.0,1.0,3,0.2987504095849906
1154,11,479,2,2.0,1.0,1,0.08498446154940685
1154,12,482,2,2.0,1.0,1,0.29788389032971074
1154,13,422,2,2.0,1.0,1,0.26500258297141616
1154,14,438,2,2.0,1.0,1,0.3096658521840067
1154,15,380,2,2.0,1.0,1,0.28953241864628765
1154,16,397,2,2.0,1.0,1,0.2989277987105424
1154,17,491,2,2.0,1.0,1,0.33119355700905995
1154,18,467,2,2.0,1.0,2,0.32903254872518983
1154,19,483,2,2.0,1.0,2,0.32667824741789103
1154,20,403,2,2.0,1.0,4,0.32865116193557053
1154,21,437,2,2.0,1.0,5,0.3675286850276474
1154,22,404,2,2.0,1.0,3,0.3794565533237572
1154,23,428,2,2.0,1.0,3,0.3856540642263551
1154,24,396,2,2.0,1.0,4,0.432259365600423
1154,25,415,2,2.0,1.0,2,0.43367328372913294
1154,26,463,2,2.0,1.0,4,0.49861211964797886
1154,27,520,2,2.0,1.0,22,0.5
1154,28,1274,2,0.0031397174254317113,1.0,3,0.9992150706436421
1155,1,776,2,2.0,1.0,3,0.05488963156472693
1155,2,649,2,2.0,1.0,2,0.06743836671802818
1155,3,593,2,2.0,1.0,2,0.06273955092920065
1155,4,543,2,2.0,1.0,1,0.2886956992741814
1155,5,499,2,2.0,1.0,4,0.2979906763559536
1155,6,495,2,2.0,1.0,5,0.3076403416558778
1155,7,471,2,2.0,1.0,5,0.2928189794057766
1155,8,478,2,2.0,1.0,4,0.2878649638804138
1155,9,480,2,2.0,1.0,4,0.2974785686252004
1155,10,469,2,2.0,1.0,3,0.30109957457998177
1155,11,431,2,2.0,1.0,3,0.2951351981625711
1155,12,442,2,2.0,1.0,4,0.2857787060666071
1155,13,510,2,2.0,1.0,2,0.2926042632667494
1155,14,420,2,2.0,1.0,1,0.07310870115853914
1155,15,413,2,2.0,1.0,4,0.30503075130819485
1155,16,442,2,2.0,1.0,3,0.36965430696783613
1155,17,468,2,2.0,1.0,3,0.35285305679261325
1155,18,438,2,2.0,1.0,3,0.2864663725020196
1155,19,445,2,2.0,1.0,3,0.09237480418083839
1155,20,358,2,2.0,1.0,4,0.2924092374347673
1155,21,384,2,2.0,1.0,3,0.2553879982132102
1155,22,423,2,2.0,1.0,9,0.2762333361010841
1155,23,396,2,2.0,1.0,4,0.2715212938815092
1155,24,356,2,2.0,1.0,1,0.2863806684319218
1155,25,365,2,2.0,1.0,3,0.31060861493254305
1155,26,385,2,2.0,1.0,3,0.3005137664743381
1155,27,411,2,2.0,1.0,1,0.08141670110582017
1155,28,372,2,2.0,1.0,1,0.04881371371491244
1156,1,770,2,2.0,1.0,3,0.050920029861515455
1156,2,652,2,2.0,1.0,2,0.06743459891191156
1156,3,603,2,2.0,1.0,1,0.06264396450259589
1156,4,573,2,2.0,1.0,1,0.06245330166228121
1156,5,543,2,2.0,1.0,1,0.07207220359614462
1156,6,537,2,2.0,1.0,1,0.295146954259192
1156,7,480,2,2.0,1.0,1,0.2876238974453797
1156,8,488,2,2.0,1.0,1,0.2907787710369466
1156,9,471,2,2.0,1.0,3,0.29155294452426056
1156,10,453,2,2.0,1.0,5,0.2919100277106859
1156,11,460,2,2.0,1.0,4,0.33541172277787473
1156,12,450,2,2.0,1.0,3,0.3070757933150323
1156,13,442,2,2.0,1.0,2,0.3087167061426076
1156,14,457,2,2.0,1.0,4,0.29454899061424317
1156,15,434,2,2.0,1.0,4,0.2796529460482372
1156,16,495,2,2.0,1.0,6,0.06383184647556821
1156,17,460,2,2.0,1.0,1,0.05790014636578064
1156,18,378,2,2.0,1.0,4,0.29474939740759154
1156,19,382,2,2.0,1.0,1,0.27791149248381236
1156,20,379,2,2.0,1.0,1,0.2961880088093987
1156,21,388,2,2.0,1.0,1,0.30764724762254875
1156,22,366,2,2.0,1.0,3,0.2958404864046788
1156,23,388,2,2.0,1.0,1,0.08774789457755555
1156,24,337,2,2.0,1.0,1,0.29598624389860967
1156,25,355,2,2.0,1.0,3,0.35005374097252145
1156,26,363,2,2.0,1.0,1,0.3222425771940626
1156,27,360,2,2.0,1.0,4,0.2668857951536476
1156,28,352,2,2.0,1.0,2,0.2864713995401486
1156,29,339,2,2.0,1.0,4,0.2719930689312889
1156,30,261,2,2.0,1.0,4,0.2552684409250645
1156,31,317,2,2.0,1.0,4,0.34365847003691274
1156,32,392,2,2.0,1.0,5,0.35585623773135067
1156,33,401,2,2.0,1.0,2,0.05692869710624835
1156,34,395,2,2.0,1.0,2,0.08204872465717344
1156,35,369,2,2.0,1.0,2,0.05819260156866027
1156,36,382,2,2.0,1.0,7,0.29436300622588757
1156,37,386,2,2.0,1.0,4,0.3036164889887257
1156,38,353,2,2.0,1.0,4,0.3210249595310882
1156,39,404,2,2.0,1.0,1,0.31583095236644526
1156,40,398,2,2.0,1.0,2,0.3181557562431649
1156,41,342,2,2.0,1.0,4,0.0764744820969458
1156,42,308,2,2.0,1.0,4,0.04809953176601159
1156,43,339,2,2.0,1.0,4,-0.05811835412166387
1157,1,760,2,2.0,1.0,3,0.050883794126931246
1157,2,622,2,2.0,1.0,2,0.062418944265809226
1157,3,596,2,2.0,1.0,2,0.06725502216890941
1157,4,552,2,2.0,1.0,1,0.29191176470588165
1157,5,518,2,2.0,1.0,5,0.29941084180214705
1157,6,487,2,2.0,1.0,3,0.3014206205428119
1157,7,480,2,2.0,1.0,3,0.3034049205639277
1157,8,479,2,2.0,1.0,4,0.07398343693981403
1157,9,475,2,2.0,1.0,1,0.07147307924984929
1157,10,475,2,2.0,1.0,1,0.0768330644263943
1157,11,447,2,2.0,1.0,1,0.08155112970549225
1157,12,486,2,2.0,1.0,1,0.29842999472557885
1157,13,498,2,2.0,1.0,2,0.30568443982797205
1157,14,440,2,2.0,1.0,1,0.3182433741443163
1157,15,428,2,2.0,1.0,1,0.30911690189587765
1157,16,428,2,2.0,1.0,1,0.3585869714124842
1157,17,383,2,2.0,1.0,1,0.08787486209406818
1157,18,418,2,2.0,1.0,1,0.3656179363980546
1157,19,410,2,2.0,1.0,1,0.3693899321447116
1157,20,379,2,2.0,1.0,1,0.3445167474618984
1157,21,459,2,2.0,1.0,1,0.3829146756544948
1157,22,509,2,2.0,1.0,2,0.49961116346351675
1157,23,535,2,2.0,1.0,9,0.5
1157,24,1212,2,0.0033003300330033004,1.0,7,0.9991749174917491
1158,1,756,2,2.0,1.0,3,0.05477954516178349
1158,2,645,2,2.0,1.0,2,0.06479729743294192
1158,3,593,2,2.0,1.0,1,0.06956399895246204
1158,4,558,2,2.0,1.0,1,0.2919117647058816
1158,5,510,2,2.0,1.0,1,0.29927216790680694
1158,6,472,2,2.0,1.0,3,0.30556008266013907
1158,7,513,2,2.0,1.0,1,0.2993379330773514
1158,8,492,2,2.0,1.0,6,0.3118866592997925
1158,9,482,2,2.0,1.0,3,0.30138863431393564
1158,10,532,2,2.0,1.0,1,0.30414512754822765
1158,11,500,2,2.0,1.0,1,0.31268013468013367
1158,12,495,2,2.0,1.0,1,0.08344788039876776
1158,13,506,2,2.0,1.0,1,0.0854155219086986
1158,14,465,2,2.0,1.0,1,0.08568049833044888
1158,15,412,2,2.0,1.0,1,0.07550940419214983
1158,16,471,2,2.0,1.0,1,0.32001636607276523
1158,17,407,2,2.0,1.0,1,0.3104816471407944
1158,18,398,2,2.0,1.0,1,0.291063042615464
1158,19,417,2,2.0,1.0,1,0.3014260877121673
1158,20,364,2,2.0,1.0,5,0.3549979326144661
1158,21,311,2,2.0,1.0,8,0.3362836521702776
1158,22,338,2,2.0,1.0,5,0.28437508080731955
1158,23,361,2,2.0,1.0,4,0.3168456978884872
1158,24,313,2,2.0,1.0,4,0.35742991802346824
1158,25,319,2,2.0,1.0,3,0.4241307110433515
1158,26,378,2,2.0,1.0,4,0.42812107415800466
1158,27,392,2,2.0,1.0,2,0.4275102536146323
1158,28,336,2,2.0,1.0,4,0.434174622861177
1158,29,418,2,2.0,1.0,4,0.4968878698772944
1158,30,1079,2,0.0037071362372567192,1.0,9,0.9990122318009337
1159,1,764,2,2.0,1.0,3,0.04057990099344122
1159,2,631,2,2.0,1.0,3,0.062417459059693606
1159,3,595,2,2.0,1.0,3,0.05757997769243399
1159,4,541,2,2.0,1.0,1,0.2790995510958554
1159,5,507,2,2.0,1.0,1,0.2996483038737393
1159,6,514,2,2.0,1.0,3,0.3019296718836716
1159,7,537,2,2.0,1.0,1,0.30039985619516163
1159,8,523,2,2.0,1.0,1,0.3059046381387472
1159,9,517,2,2.0,1.0,1,0.3027859235793025
1159,10,512,2,2.0,1.0,1,0.30106382825275785
1159,11,516,2,2.0,1.0,1,0.3005329457364352
1159,12,516,2,2.0,1.0,1,0.30384699274522886
1159,13,506,2,2.0,1.0,1,0.2993216379966243
1159,14,504,2,2.0,1.0,1,0.3015283832625398
1159,15,497,2,2.0,1.0,1,0.2993517729904378
1159,16,461,2,2.0,1.0,1,0.3006126691457505
1159,17,454,2,2.0,1.0,1,0.2994552114448834
1159,18,464,2,2.0,1.0,1,0.3006384041961472
1159,19,515,2,2.0,1.0,1,0.3015669190907092
1159,20,525,2,2.0,1.0,1,0.06531951286261642
1159,21,492,2,2.0,1.0,1,0.0652722047708927
1159,22,505,2,2.0,1.0,1,0.06359718191646817
1159,23,459,2,2.0,1.0,1,0.29243147491660343
1159,24,426,2,2.0,1.0,3,0.23495432139695807
1159,25,415,2,2.0,1.0,1,0.30325063183638823
1159,26,399,2,2.0,1.0,2,0.2822431454620837
1159,27,386,2,2.0,1.0,2,0.10631701748831619
1159,28,352,2,2.0,1.0,1,0.27849392618645985
1159,29,352,2,2.0,1.0,4,0.2373519336761087
1159,30,312,2,2.0,1.0,4,0.2731116639413025
1159,31,299,2,2.0,1.0,3,0.26622268431253804
1159,32,306,2,2.0,1.0,1,0.2145039247513161
1159,33,286,2,2.0,1.0,3,0.2917161588157699
1159,34,270,2,2.0,1.0,4,0.07790862109641072
1159,35,339,2,2.0,1.0,4,0.31062310900077517
1159,36,293,2,2.0,1.0,1,0.3335716604480211
1159,37,304,2,2.0,1.0,1,0.3040336637988333
1159,38,329,2,2.0,1.0,3,0.26716333421621974
1159,39,308,2,2.0,1.0,2,0.014007582869993545
1160,1,769,2,2.0,1.0,3,0.05095144748846533
1160,2,643,2,2.0,1.0,2,0.06478977120059624
1160,3,600,2,2.0,1.0,1,0.06956413280116133
1160,4,551,2,2.0,1.0,1,0.2919117647058817
1160,5,522,2,2.0,1.0,2,0.29960710097661686
1160,6,490,2,2.0,1.0,1,0.282815638160026
1160,7,510,2,2.0,1.0,2,0.28406778746473327
1160,8,508,2,2.0,1.0,3,0.2928847111299481
1160,9,455,2,2.0,1.0,3,0.2664600356366165
1160,10,520,2,2.0,1.0,2,0.2700336421815103
1160,11,533,2,2.0,1.0,2,0.30153152373468484
1160,12,509,2,2.0,1.0,2,0.05982870451021006
1160,13,511,2,2.0,1.0,7,0.056689516510580275
1160,14,484,2,2.0,1.0,1,0.05381556448830815
1160,15,511,2,2.0,1.0,1,0.046530004016765686
1160,16,460,2,2.0,1.0,4,0.041512728358058644
1160,17,428,2,2.0,1.0,4,0.24906833412033463
1160,18,449,2,2.0,1.0,3,0.2478130501192202
1160,19,457,2,2.0,1.0,3,0.24319322707458266
1160,20,475,2,2.0,1.0,3,0.23795257575992312
1160,21,388,2,2.0,1.0,3,0.22432560708261665
1160,22,370,2,2.0,1.0,2,0.03157878715499319
1160,23,369,2,2.0,1.0,2,-0.48984425183094804
1160,24,378,2,2.0,1.0,4,-0.05905902081036674
1160,25,442,2,1.995475113122172,1.0,5,-0.501131221719457
1160,26,686,1,1.0,1.0,1,-0.75
1161,1,762,2,2.0,1.0,3,0.051007027206689884
1161,2,637,2,2.0,1.0,2,0.06477327142758472
1161,3,600,2,2.0,1.0,1,0.06956413280116133
1161,4,551,2,2.0,1.0,1,0.2919117647058817
1161,5,503,2,2.0,1.0,5,0.2993597240332119
1161,6,477,2,2.0,1.0,3,0.30234629735897456
1161,7,493,2,2.0,1.0,4,0.303155838433138
1161,8,458,2,2.0,1.0,3,0.3006879591097536
1161,9,466,2,2.0,1.0,2,0.08233234694988645
1161,10,425,2,2.0,1.0,2,0.0831716389286282
1161,11,407,2,2.0,1.0,5,0.07482974575683092
1161,12,394,2,2.0,1.0,4,0.2850261916775942
1161,13,428,2,2.0,1.0,1,0.28565883309181206
1161,14,443,2,2.0,1.0,4,0.3129055205806417
1161,15,430,2,2.0,1.0,3,0.31044396626641246
1161,16,399,2,2.0,1.0,4,0.3528965729345096
1161,17,437,2,2.0,1.0,2,0.37312918414817964
1161,18,408,2,2.0,1.0,2,0.3569562290108217
1161,19,428,2,2.0,1.0,1,0.09766238428512547
1161,20,399,2,2.0,1.0,1,0.2899244423438246
1161,21,400,2,2.0,1.0,4,0.3234991605219173
1161,22,296,2,2.0,1.0,4,0.3436044910886946
1161,23,305,2,2.0,1.0,8,0.3001908983438657
1161,24,385,2,2.0,1.0,4,0.4062619797122742
1161,25,368,2,2.0,1.0,2,0.4020700710427015
1161,26,386,2,2.0,1.0,3,0.49594810121506305
1161,27,1131,2,0.019451812555260833,1.0,8,0.9951370468611848
1162,1,762,2,2.0,1.0,3,0.050948788119633166
1162,2,633,2,2.0,1.0,2,0.06478868558660822
1162,3,598,2,2.0,1.0,1,0.06956409487842904
1162,4,562,2,2.0,1.0,1,0.2919117647058815
1162,5,519,2,2.0,1.0,2,0.30416238053889194
1162,6,527,2,2.0,1.0,2,0.2982215770312044
1162,7,500,2,2.0,1.0,1,0.2975579228598189
1162,8,509,2,2.0,1.0,1,0.0686039999520828
1162,9,516,2,2.0,1.0,7,0.040255459009312385
1162,10,525,2,2.0,1.0,1,0.05299228952197604
1162,11,417,2,2.0,1.0,1,0.2783897978266241
1162,12,437,2,2.0,1.0,3,0.28878538994512243
1162,13,414,2,2.0,1.0,2,0.2992457341437065
1162,14,404,2,2.0,1.0,4,0.29335489614426713
1162,15,403,2,2.0,1.0,4,0.33338163348436106
1162,16,424,2,2.0,1.0,1,0.1360123119707898
1162,17,469,2,2.0,1.0,2,0.369124270108313
1162,18,444,2,2.0,1.0,2,0.32439952945186873
1162,19,461,2,2.0,1.0,2,0.32870425416600785
1162,20,454,2,2.0,1.0,2,0.32967473178844064
1162,21,433,2,2.0,1.0,2,0.33013919996944424
1162,22,364,2,2.0,1.0,2,0.3164110201226877
1162,23,391,2,2.0,1.0,4,0.414593679236923
1162,24,390,2,2.0,1.0,3,0.48969185266982496
1162,25,376,2,2.0,1.0,3,0.40553648142993887
1162,26,408,2,2.0,1.0,3,0.39889615492073316
1162,27,374,2,2.0,1.0,4,0.4136594821723504
1162,28,395,2,2.0,1.0,4,0.4079630101038723
1162,29,297,2,2.0,1.0,19,0.4277487108071008
1162,30,435,2,1.986206896551724,1.0,10,0.4994019044893475
1162,31,415,2,2.0,1.0,3,0.4997944354738542
1162,32,1176,2,0.003401360544217687,1.0,8,0.9991496598639455
1163,1,757,2,2.0,1.0,3,0.05090462926557198
1163,2,632,2,2.0,1.0,2,0.06746447629684825
1163,3,591,2,2.0,1.0,2,0.0627973054943652
1163,4,568,2,2.0,1.0,4,0.06245779781605586
1163,5,522,2,2.0,1.0,5,0.07208814989466318
1163,6,525,2,2.0,1.0,2,0.2947737147909545
1163,7,476,2,2.0,1.0,4,0.2883388047299672
1163,8,492,2,2.0,1.0,2,0.3033635077202217
1163,9,445,2,2.0,1.0,3,0.2742187577862659
1163,10,404,2,2.0,1.0,4,0.26518757460758524
1163,11,401,2,2.0,1.0,4,0.25140235138367767
1163,12,397,2,2.0,1.0,1,0.2642562560361296
1163,13,346,2,2.0,1.0,1,0.023490623972443066
1163,14,332,2,2.0,1.0,1,0.010815498002184471
1163,15,313,2,2.0,1.0,1,0.017110572543775963
1163,16,338,2,2.0,1.0,1,0.24127287144360682
1163,17,296,2,2.0,1.0,1,0.004268884172576564
1163,18,324,2,2.0,1.0,3,0.020718124423301395
1163,19,284,2,2.0,1.0,4,0.24458568533643252
1163,20,249,2,2.0,1.0,1,0.21334587499785457
1163,21,274,2,1.9781021897810218,1.0,4,0.015526322371735402
1163,22,275,2,1.9636363636363636,1.0,5,-0.0740593777076098
1164,1,751,2,2.0,1.0,3,0.05500074527569653
1164,2,641,2,2.0,1.0,2,0.06748439937597546
1164,3,595,2,2.0,1.0,2,0.06952075502787151
1164,4,558,2,2.0,1.0,2,0.2828168727370399
1164,5,520,2,2.0,1.0,5,0.30074966771590145
1164,6,504,2,2.0,1.0,3,0.3056543834759667
1164,7,513,2,2.0,1.0,2,0.29694782294379585
1164,8,528,2,2.0,1.0,1,0.30527019657005067
1164,9,491,2,2.0,1.0,1,0.30741425568916503
1164,10,514,2,2.0,1.0,1,0.30524153710335405
1164,11,529,2,2.0,1.0,1,0.3095009670581741
1164,12,489,2,2.0,1.0,4,0.3141053169734139
1164,13,424,2,2.0,1.0,4,0.29397219315079887
1164,14,398,2,2.0,1.0,4,0.2918852971711366
1164,15,398,2,2.0,1.0,6,0.28968486597090576
1164,16,359,2,2.0,1.0,4,0.28998416864582477
1164,17,387,2,2.0,1.0,2,0.28400563809129636
1164,18,369,2,2.0,1.0,4,0.2862225245510746
1164,19,365,2,2.0,1.0,1,0.26334110580838044
1164,20,414,2,2.0,1.0,2,0.3300108589091997
1164,21,386,2,2.0,1.0,4,0.10305448016783832
1164,22,388,2,2.0,1.0,4,0.07584523928574115
1164,23,426,2,2.0,1.0,5,0.07084573119841021
1164,24,451,2,2.0,1.0,5,0.3041937906156829
1164,25,457,2,2.0,1.0,3,0.32661584404622446
1164,26,406,2,2.0,1.0,3,0.3220727452249222
1164,27,416,2,2.0,1.0,2,0.3353331789286495
1164,28,413,2,2.0,1.0,5,0.3221920187544399
1164,29,383,2,2.0,1.0,5,0.06026413842143873
1165,1,769,2,2.0,1.0,3,0.050957548816746245
1165,2,638,2,2.0,1.0,2,0.0647818950730473
1165,3,595,2,2.0,1.0,1,0.06476126814362128
1165,4,541,2,2.0,1.0,1,0.2928030303030291
1165,5,516,2,2.0,1.0,4,0.29938457507265404
1165,6,501,2,2.0,1.0,3,0.3090465404252804
1165,7,487,2,2.0,1.0,4,0.3149733722699293
1165,8,477,2,2.0,1.0,2,0.314245120860692
1165,9,478,2,2.0,1.0,1,0.316040309000868
1165,10,415,2,2.0,1.0,1,0.09768883273777591
1165,11,413,2,2.0,1.0,2,0.09765280061203413
1165,12,366,2,2.0,1.0,2,0.3077549710725024
1165,13,366,2,2.0,1.0,1,0.32738023900605273
1165,14,388,2,2.0,1.0,1,0.3424309329115263
1165,15,388,2,2.0,1.0,1,0.3335656968271826
1165,16,374,2,2.0,1.0,5,0.38449666316747205
1165,17,370,2,2.0,1.0,5,0.3844118841625131
1165,18,432,2,2.0,1.0,5,0.4251168224535181
1165,19,356,2,2.0,1.0,1,0.43781947503712426
1165,20,433,2,2.0,1.0,1,0.4386888900168367
1165,21,444,2,2.0,1.0,1,0.5
1165,22,1169,2,0.003421727972626176,1.0,9,0.9991445680068435
1166,1,757,2,2.0,1.0,3,0.05096468420049852
1166,2,644,2,2.0,1.0,2,0.06479784941047853
1166,3,611,2,2.0,1.0,1,0.06956433693842237
1166,4,561,2,2.0,1.0,1,0.29191176470588154
1166,5,530,2,2.0,1.0,1,0.30408598177047763
1166,6,494,2,2.0,1.0,5,0.06791511430953094
1166,7,513,2,2.0,1.0,4,0.07543474205922668
1166,8,486,2,2.0,1.0,4,0.06261645958066979
1166,9,512,2,2.0,1.0,2,0.06514607674983186
1166,10,507,2,2.0,1.0,2,0.07090840528001995
1166,11,484,2,2.0,1.0,4,0.05975649987962145
1166,12,515,2,2.0,1.0,2,0.06366212833106209
1166,13,502,2,2.0,1.0,2,0.06504858291053384
1166,14,526,2,2.0,1.0,5,0.06183203165142328
1166,15,519,2,2.0,1.0,5,0.05899009042072671
1166,16,490,2,2.0,1.0,1,0.06472467365324466
1166,17,517,2,2.0,1.0,2,0.07369896715550794
1166,18,507,2,2.0,1.0,2,0.07233981178571461
1166,19,472,2,2.0,1.0,4,0.06076629103824151
1166,20,488,2,2.0,1.0,1,0.05310736906536039
1166,21,523,2,2.0,1.0,2,0.06198601761876075
1166,22,475,2,2.0,1.0,4,0.052975939849623614
1166,23,496,2,2.0,1.0,2,0.2985927684178785
1166,24,478,2,2.0,1.0,3,0.06653038606450005
1166,25,507,2,2.0,1.0,2,0.06825723189376738
1166,26,503,2,2.0,1.0,7,0.2980149217902562
1166,27,445,2,2.0,1.0,3,0.29359788465786496
1166,28,413,2,2.0,1.0,4,0.291530112572549
1166,29,424,2,2.0,1.0,7,0.3540830680294547
1166,30,448,2,2.0,1.0,4,0.3457956520934574
1166,31,492,2,2.0,1.0,1,0.12215248983541817
1166,32,459,2,2.0,1.0,1,0.12893703340247994
1166,33,520,2,2.0,1.0,2,0.3702237546353523
1166,34,439,2,2.0,1.0,4,0.35781148597586804
1166,35,480,2,2.0,1.0,2,0.37767961554255636
1166,36,442,2,2.0,1.0,4,0.3629702194142312
1166,37,424,2,2.0,1.0,4,0.36373333227474763
1166,38,464,2,2.0,1.0,4,0.3637238671508827
1166,39,440,2,2.0,1.0,4,0.3632379862981488
1166,40,431,2,2.0,1.0,6,0.3550737774421256
1166,41,430,2,2.0,1.0,1,0.33100095405146357
1166,42,439,2,2.0,1.0,5,0.3874515039241369
1166,43,373,2,2.0,1.0,1,0.37826813156828937
1166,44,421,2,2.0,1.0,2,0.42450817703369165
1166,45,402,2,2.0,1.0,1,0.4183740346113403
1166,46,410,2,2.0,1.0,5,0.4232576308453354
1166,47,511,2,2.0,1.0,5,0.4998328440965427
1166,48,429,2,2.0,1.0,0,0.5
1166,49,1222,2,0.0032733224222585926,1.0,8,0.9991816693944353
1167,1,768,2,2.0,1.0,3,0.05496150829316072
1167,2,639,2,2.0,1.0,2,0.06478136288028724
1167,3,580,2,2.0,1.0,1,0.0647609717868341
1167,4,521,2,2.0,1.0,1,0.059451219512194564
1167,5,498,2,2.0,1.0,2,0.2993081920968794
1167,6,481,2,2.0,1.0,3,0.2973580528279423
1167,7,517,2,2.0,1.0,2,0.30049484833086026
1167,8,496,2,2.0,1.0,3,0.3120488352118926
1167,9,498,2,2.0,1.0,6,0.2751895167059817
1167,10,464,2,2.0,1.0,4,0.06803800396203477
1167,11,488,2,2.0,1.0,2,0.06520517676767706
1167,12,450,2,2.0,1.0,4,0.28931708186424876
1167,13,409,2,2.0,1.0,1,0.22831972036971496
1167,14,388,2,2.0,1.0,4,0.2799982072129376
1167,15,350,2,2.0,1.0,1,0.21925881115842114
1167,16,343,2,2.0,1.0,4,0.33350158360238663
1167,17,322,2,2.0,1.0,3,0.2869409829643297
1167,18,336,2,2.0,1.0,2,0.34930217104245614
1167,19,293,2,2.0,1.0,1,0.32610665856273113
1167,20,296,2,2.0,1.0,4,0.3468278471874457
1167,21,287,2,2.0,1.0,1,0.32900383640639524
1167,22,294,2,2.0,1.0,4,0.3679892337936091
1167,23,270,2,2.0,1.0,1,0.3270575855045928
1167,24,955,2,0.20628272251308902,1.0,4,0.940955070484931
1167,25,361,2,2.0,1.0,4,0.3902347391740455
1167,26,264,2,2.0,1.0,2,0.1694950304283625
1167,27,301,2,1.9136212624584719,1.0,4,0.3406434829773936
1167,28,165,2,1.4363636363636363,1.0,4,0.5922279914540959
1167,29,257,2,2.0,1.0,6,0.42967635606703447
1167,30,262,2,1.9312977099236641,1.0,11,0.370898783180277
1167,31,231,2,2.0,1.0,7,0.3376339520508715
1167,32,229,2,2.0,1.0,3,0.14057904049917247
1167,33,237,2,2.0,1.0,3,0.4684573851875418
1167,34,1038,2,0.017341040462427744,1.0,4,0.995507480448827
1168,1,774,2,2.0,1.0,3,0.035245225143217325
1168,2,627,2,2.0,1.0,2,0.06249933545986178
1168,3,597,2,2.0,1.0,3,0.062374675749332045
1168,4,572,2,2.0,1.0,1,0.06477956006257954
1168,5,548,2,2.0,1.0,1,0.06741213841578811
1168,6,553,2,2.0,1.0,1,0.06750000000000009
1168,7,529,2,2.0,1.0,1,0.06738948669477968
1168,8,529,2,2.0,1.0,1,0.07179528801107651
1168,9,498,2,2.0,1.0,1,0.2879048206229983
1168,10,497,2,2.0,1.0,2,0.28451786679140023
1168,11,502,2,2.0,1.0,1,0.2792735386833877
1168,12,510,2,2.0,1.0,1,0.04887438590608413
1168,13,454,2,2.0,1.0,1,0.26452894741879307
1168,14,444,2,2.0,1.0,1,0.2624676147333221
1168,15,335,2,2.0,1.0,3,0.23100533279329077
1168,16,333,2,2.0,1.0,3,0.24665651980392841
1168,17,346,2,2.0,1.0,3,0.23463512667039935
1168,18,397,2,2.0,1.0,1,0.19055527945598916
1168,19,372,2,2.0,1.0,3,0.22751815320524726
1168,20,374,2,2.0,1.0,3,0.23227852596685125
1168,21,377,2,2.0,1.0,3,0.020214834765112613
1168,22,358,2,2.0,1.0,3,-0.016004059696661136
1168,23,362,2,2.0,1.0,2,-0.044497364824908126
1169,1,757,2,2.0,1.0,3,0.051070007226026934
1169,2,640,2,2.0,1.0,2,0.06242122395833334
1169,3,592,2,2.0,1.0,1,0.06241235339112697
1169,4,525,2,2.0,1.0,1,0.059451219512194564
1169,5,521,2,2.0,1.0,5,0.3041374258059283
1169,6,499,2,2.0,1.0,3,0.30105247694551224
1169,7,481,2,2.0,1.0,3,0.07932070766373057
1169,8,490,2,2.0,1.0,2,0.05801214914936686
1169,9,420,2,2.0,1.0,4,0.27347605965462823
1169,10,495,2,2.0,1.0,4,0.31215426640995464
1169,11,495,2,2.0,1.0,2,0.3057231537524607
1169,12,463,2,2.0,1.0,4,0.3005628978039422
1169,13,486,2,2.0,1.0,1,0.2904904257302678
1169,14,517,2,2.0,1.0,1,0.07060486922882864
1169,15,493,2,2.0,1.0,1,0.07635623476140699
1169,16,485,2,2.0,1.0,4,0.05093203250316699
1169,17,451,2,2.0,1.0,8,0.08192736123550912
1169,18,396,2,2.0,1.0,1,0.28283948300621226
1169,19,392,2,2.0,1.0,1,0.2810822834489171
1169,20,422,2,2.0,1.0,1,0.28464149430001007
1169,21,399,2,2.0,1.0,1,0.2676712668507899
1169,22,388,2,2.0,1.0,1,0.28070075855444004
1169,23,430,2,2.0,1.0,4,0.04340514702596815
1169,24,443,2,2.0,1.0,2,0.038264231741879116
1169,25,425,2,2.0,1.0,1,0.011284540183568918
1169,26,420,2,2.0,1.0,1,0.0006671342904598542
1169,27,389,2,2.0,1.0,4,-0.015999490348916963
1169,28,445,2,2.0,1.0,2,-0.018640037145593726
1169,29,372,2,2.0,1.0,1,-0.07231921507128006
1169,30,400,2,1.96,1.0,1,-0.51
1170,1,772,2,2.0,1.0,3,0.05051211706756407
1170,2,633,2,2.0,1.0,2,0.06478129005335542
1170,3,596,2,2.0,1.0,2,0.06956786170015901
1170,4,556,2,2.0,1.0,1,0.2919117647058816
1170,5,515,2,2.0,1.0,5,0.2994674940077363
1170,6,518,2,2.0,1.0,3,0.29635926423967857
1170,7,510,2,2.0,1.0,1,0.3005044046604114
1170,8,490,2,2.0,1.0,1,0.06562317784256609
1170,9,474,2,2.0,1.0,1,0.06707166992556013
1170,10,464,2,2.0,1.0,1,0.032888439140023935
1170,11,449,2,2.0,1.0,4,0.287847101576009
1170,12,438,2,2.0,1.0,4,0.29257333820600223
1170,13,437,2,2.0,1.0,4,0.309543537315664
1170,14,466,2,2.0,1.0,3,0.3169503103385973
1170,15,464,2,2.0,1.0,3,0.3238293913261979
1170,16,489,2,2.0,1.0,2,0.1402041895944707
1170,17,438,2,2.0,1.0,1,0.052256414905587426
1170,18,421,2,2.0,1.0,1,0.3109069203713763
1170,19,372,2,2.0,1.0,4,0.31284520557901113
1170,20,371,2,2.0,1.0,3,0.3581868576138461
1170,21,393,2,2.0,1.0,4,0.3592557520194356
1170,22,309,2,2.0,1.0,8,0.3527439900078244
1170,23,386,2,2.0,1.0,5,0.36165795643346366
1170,24,360,2,2.0,1.0,4,0.3623968318765827
1170,25,1036,2,0.05308880308880309,1.0,6,0.9835464202292236
1170,26,906,2,0.152317880794702,1.0,7,0.954697839256224
1171,1,772,2,2.0,1.0,3,0.054886917744662846
1171,2,636,2,2.0,1.0,2,0.0624207285115304
1171,3,589,2,2.0,1.0,2,0.06725439620800705
1171,4,553,2,2.0,1.0,1,0.29191176470588165
1171,5,513,2,2.0,1.0,2,0.2995634042405666
1171,6,515,2,2.0,1.0,3,0.2972580609393583
1171,7,512,2,2.0,1.0,1,0.2973061803129288
1171,8,493,2,2.0,1.0,1,0.2978744199324464
1171,9,471,2,2.0,1.0,1,0.06707768984094666
1171,10,489,2,2.0,1.0,1,0.06267041581458757
1171,11,515,2,2.0,1.0,1,0.2991569586700133
1171,12,491,2,2.0,1.0,1,0.2978741211900367
1171,13,505,2,2.0,1.0,1,0.07316757469397808
1171,14,479,2,2.0,1.0,1,0.062451449240180604
1171,15,490,2,2.0,1.0,1,0.06396064449876383
1171,16,488,2,2.0,1.0,1,0.30658030585719925
1171,17,493,2,2.0,1.0,4,0.07286722204331254
1171,18,405,2,2.0,1.0,4,0.2692964221562407
1171,19,511,2,2.0,1.0,6,0.3032554184843521
1171,20,447,2,2.0,1.0,3,0.3228465840065857
1171,21,435,2,2.0,1.0,4,0.328588106880819
1171,22,414,2,2.0,1.0,1,0.3247394743900353
1171,23,442,2,2.0,1.0,1,0.3744616608676693
1171,24,397,2,2.0,1.0,1,0.37227629816512353
1171,25,407,2,2.0,1.0,1,0.3811829781328013
1171,26,460,2,2.0,1.0,1,0.45914314442969606
1171,27,487,2,2.0,1.0,5,0.49983518858748516
1171,28,1137,2,0.003518029903254178,1.0,8,0.9991204925241864
1172,1,769,2,2.0,1.0,3,0.05487389557928563
1172,2,638,2,2.0,1.0,2,0.0674410007689127
1172,3,595,2,2.0,1.0,2,0.06269804002878368
1172,4,544,2,2.0,1.0,1,0.2886002378892699
1172,5,511,2,2.0,1.0,1,0.2982783637754364
1172,6,466,2,2.0,1.0,1,0.3038567350145867
1172,7,443,2,2.0,1.0,5,0.2947221031090505
1172,8,498,2,2.0,1.0,5,0.3572621183786218
1172,9,488,2,2.0,1.0,4,0.35658877736357913
1172,10,466,2,2.0,1.0,2,0.3554596749752242
1172,11,439,2,2.0,1.0,4,0.1436138987598555
1172,12,439,2,2.0,1.0,1,0.12800633239865009
1172,13,402,2,2.0,1.0,4,0.3527602349201019
1172,14,381,2,2.0,1.0,2,0.31949025912802614
1172,15,339,2,2.0,1.0,4,0.3546717710816951
1172,16,313,2,2.0,1.0,3,0.35663843140502177
1172,17,333,2,2.0,1.0,4,0.41232852240374485
1172,18,317,2,2.0,1.0,3,0.40599491099475593
1172,19,294,2,2.0,1.0,3,0.4061948383324959
1172,20,299,2,2.0,1.0,1,0.41771726371164236
1172,21,302,2,2.0,1.0,2,0.41995744156026577
1172,22,342,2,2.0,1.0,6,0.4188451355539965
1172,23,302,2,2.0,1.0,2,0.4198891724159453
1172,24,282,2,2.0,1.0,6,0.41699603566528376
1172,25,304,2,2.0,1.0,1,0.4147525364215467
1172,26,300,2,2.0,1.0,4,0.41944657458791745
1172,27,350,2,2.0,1.0,6,0.42893395386720923
1172,28,349,2,2.0,1.0,4,0.43705264399792176
1172,29,1148,2,0.01916376306620209,1.0,4,0.9949653887061125
1172,30,388,2,2.0,1.0,2,0.49963617718909986
1172,31,1259,2,0.003177124702144559,1.0,7,0.9992057188244639
1173,1,756,2,2.0,1.0,3,0.05479461407721596
1173,2,647,2,2.0,1.0,2,0.0674418214691906
1173,3,597,2,2.0,1.0,2,0.06272183972596415
1173,4,534,2,2.0,1.0,1,0.28875853712271093
1173,5,506,2,2.0,1.0,4,0.2982095684299258
1173,6,517,2,2.0,1.0,1,0.2959432546853264
1173,7,498,2,2.0,1.0,2,0.30701502919855406
1173,8,510,2,2.0,1.0,1,0.3024972593226509
1173,9,524,2,2.0,1.0,2,0.3020493324266701
1173,10,496,2,2.0,1.0,7,0.08807145475492321
1173,11,512,2,2.0,1.0,1,0.2969742336295831
1173,12,478,2,2.0,1.0,1,0.2834319047080559
1173,13,492,2,2.0,1.0,2,0.3051239446554225
1173,14,463,2,2.0,1.0,3,0.3114269641634333
1173,15,517,2,2.0,1.0,3,0.3071427221273988
1173,16,468,2,2.0,1.0,5,0.3117063705451607
1173,17,378,2,2.0,1.0,3,0.3429846261813281
1173,18,419,2,2.0,1.0,1,0.36336936571054285
1173,19,451,2,2.0,1.0,2,0.36805591745476707
1173,20,428,2,2.0,1.0,2,0.36957565866862024
1173,21,384,2,2.0,1.0,3,0.3436577438240965
1173,22,399,2,2.0,1.0,2,0.34086609168162346
1173,23,403,2,2.0,1.0,4,0.3679552186487004
1173,24,313,2,2.0,1.0,4,0.11955669263517077
1173,25,279,2,2.0,1.0,4,0.1155954879596357
1173,26,301,2,2.0,1.0,2,0.2647578483584683
1173,27,292,2,2.0,1.0,4,0.2739802955069334
1173,28,332,2,2.0,1.0,3,0.30021861751381007
1173,29,294,2,2.0,1.0,10,0.310115606948212
1173,30,323,2,2.0,1.0,3,0.3115383045795365
1173,31,325,2,2.0,1.0,4,0.36522538581171315
1173,32,265,2,2.0,1.0,1,0.2614013132488803
1173,33,323,2,1.9442724458204335,1.0,1,-0.49071460564136965
1174,1,761,2,2.0,1.0,3,0.05110823336471217
1174,2,657,2,2.0,1.0,2,0.06747672128212064
1174,3,594,2,2.0,1.0,1,0.06272708336387584
1174,4,579,2,2.0,1.0,1,0.06244504631810331
1174,5,534,2,2.0,1.0,1,0.07205488331892819
1174,6,531,2,2.0,1.0,1,0.2997125077758191
1174,7,507,2,2.0,1.0,1,0.30005498553898485
1174,8,501,2,2.0,1.0,2,0.0830041423826013
1174,9,489,2,2.0,1.0,1,0.07608804913163655
1174,10,473,2,2.0,1.0,1,0.06146176744401928
1174,11,483,2,2.0,1.0,1,0.07312526880107309
1174,12,475,2,2.0,1.0,1,0.2913136975699311
1174,13,442,2,2.0,1.0,4,0.2799833293641345
1174,14,490,2,2.0,1.0,3,0.29694511245433436
1174,15,423,2,2.0,1.0,1,0.29491519461194765
1174,16,484,2,2.0,1.0,1,0.31596188844808265
1174,17,404,2,2.0,1.0,1,0.27332608592228097
1174,18,448,2,2.0,1.0,1,0.2910657937873959
1174,19,429,2,2.0,1.0,1,0.29295935890908253
1174,20,418,2,2.0,1.0,1,0.30884729899537244
1174,21,431,2,2.0,1.0,2,0.3124279391947148
1174,22,438,2,2.0,1.0,1,0.29911925355679075
1174,23,409,2,2.0,1.0,1,0.298937299819215
1174,24,379,2,2.0,1.0,10,0.07361095578629175
1174,25,404,2,2.0,1.0,1,0.030123885251183966
1174,26,343,2,2.0,1.0,4,0.26175706826262013
1174,27,406,2,2.0,1.0,4,0.2752815047558244
1174,28,385,2,2.0,1.0,1,0.2771050247979654
1174,29,395,2,2.0,1.0,1,0.29277133381088477
1174,30,394,2,2.0,1.0,5,0.29666701400999507
1174,31,264,2,2.0,1.0,4,0.2844464063883149
1174,32,358,2,2.0,1.0,4,0.11726350316487544
1174,33,362,2,2.0,1.0,4,0.3381940736958456
1174,34,354,2,2.0,1.0,2,0.3325604936178823
1174,35,337,2,2.0,1.0,4,0.33178471194344344
1174,36,331,2,2.0,1.0,6,0.3295890381004819
1174,37,337,2,2.0,1.0,4,0.33957296245734003
1174,38,365,2,2.0,1.0,4,0.3400629147612959
1174,39,349,2,2.0,1.0,4,0.1248451513614658
1174,40,344,2,2.0,1.0,2,0.17066215927317427
1174,41,396,2,2.0,1.0,1,0.3211581426481396
1174,42,363,2,2.0,1.0,4,0.3130394290479646
1174,43,338,2,2.0,1.0,8,0.3309391783875501
1174,44,381,2,2.0,1.0,1,0.33996236529501156
1174,45,398,2,2.0,1.0,4,0.340702024323082
1174,46,354,2,2.0,1.0,4,0.4102043087607113
1174,47,362,2,2.0,1.0,1,0.3379167335816864
1174,48,405,2,2.0,1.0,4,0.41413711496775346
1174,49,374,2,2.0,1.0,2,0.3449963787793123
1174,50,360,2,2.0,1.0,2,0.35608453809873886
1174,51,393,2,2.0,1.0,6,0.345855025392948
1174,52,274,2,2.0,1.0,4,0.35084614051091684
1174,53,372,2,2.0,1.0,1,0.3497400709577865
1174,54,395,2,2.0,1.0,2,0.4193328106274729
1174,55,377,2,2.0,1.0,2,0.4233263296409517
1174,56,363,2,2.0,1.0,3,0.42954313265541877
1174,57,339,2,2.0,1.0,4,0.4385270866017101
1174,58,387,2,1.958656330749354,1.0,10,0.5068967750352129
1174,59,1166,2,0.003430531732418525,1.0,8,0.9991423670668954
1175,1,762,2,2.0,1.0,3,0.05091969769174274
1175,2,646,2,2.0,1.0,2,0.06478950045758188
1175,3,599,2,2.0,1.0,1,0.06956411387145023
1175,4,543,2,2.0,1.0,1,0.2919117647058818
1175,5,505,2,2.0,1.0,1,0.2995097823490157
1175,6,461,2,2.0,1.0,1,0.07897011837671163
1175,7,503,2,2.0,1.0,2,0.3025439823443702
1175,8,481,2,2.0,1.0,1,0.07402029277029272
1175,9,476,2,2.0,1.0,1,0.0644698002117283
1175,10,467,2,2.0,1.0,1,0.2944472101132705
1175,11,417,2,2.0,1.0,2,0.29799073410182003
1175,12,420,2,2.0,1.0,1,0.30732473687239437
1175,13,403,2,2.0,1.0,3,0.30910300238169686
1175,14,435,2,2.0,1.0,3,0.26776342385732105
1175,15,432,2,2.0,1.0,1,0.025471980423047397
1175,16,364,2,2.0,1.0,1,0.2002021063537279
1175,17,514,2,2.0,1.0,1,0.2377485021377775
1175,18,442,2,2.0,1.0,1,0.2540724308219547
1175,19,385,2,2.0,1.0,3,0.2798664716091374
1175,20,357,2,2.0,1.0,3,0.3382655244273211
1175,21,344,2,2.0,1.0,1,0.2686459647138026
1175,22,425,2,2.0,1.0,1,0.3152680563115016
1175,23,395,2,2.0,1.0,4,0.061962783516044576
1175,24,473,2,2.0,1.0,3,-0.0154484654865048
1175,25,413,2,2.0,1.0,4,0.03244040303978246
1175,26,357,2,2.0,1.0,4,0.0018330450996950152
1175,27,443,2,2.0,1.0,3,0.02978199552976395
1175,28,398,2,2.0,1.0,3,0.0140003591905822
1175,29,358,2,2.0,1.0,1,-0.05313268156424576
1176,1,760,2,2.0,1.0,3,0.051153335753812694
1176,2,640,2,2.0,1.0,2,0.06478213443396288
1176,3,607,2,2.0,1.0,1,0.0695642635627407
1176,4,551,2,2.0,1.0,1,0.2919117647058817
1176,5,535,2,2.0,1.0,5,0.3041188047372552
1176,6,501,2,2.0,1.0,5,0.3025528595904688
1176,7,523,2,2.0,1.0,3,0.3052598210160761
1176,8,488,2,2.0,1.0,3,0.30310866152734717
1176,9,486,2,2.0,1.0,5,0.3052472490390799
1176,10,520,2,2.0,1.0,4,0.30485711246072167
1176,11,494,2,2.0,1.0,7,0.3239025814219796
1176,12,465,2,2.0,1.0,4,0.07757522942615008
1176,13,466,2,2.0,1.0,6,0.3407460450747458
1176,14,456,2,2.0,1.0,4,0.33956808591866994
1176,15,491,2,2.0,1.0,4,0.4059765410510805
1176,16,503,2,2.0,1.0,3,0.4636522330041212
1176,17,483,2,2.0,1.0,4,0.4993788819875776
1176,18,1111,2,0.0036003600360036,1.0,8,0.9990999099909991
1177,1,768,2,2.0,1.0,3,0.05512368888654684
1177,2,643,2,2.0,1.0,2,0.0647824906834127
1177,3,604,2,2.0,1.0,2,0.06956796249483392
1177,4,547,2,2.0,1.0,1,0.2884357066742236
1177,5,509,2,2.0,1.0,1,0.29420501327624604
1177,6,451,2,2.0,1.0,4,0.30071411583432617
1177,7,470,2,2.0,1.0,2,0.29110367119156894
1177,8,425,2,2.0,1.0,2,0.11379466293124532
1177,9,382,2,2.0,1.0,1,0.06894253956181334
1177,10,387,2,2.0,1.0,1,0.2918245863260175
1177,11,419,2,2.0,1.0,4,0.30067614755428507
1177,12,386,2,2.0,1.0,2,0.30655915715123755
1177,13,403,2,2.0,1.0,1,0.31487998097610403
1177,14,387,2,2.0,1.0,1,0.3074761193758406
1177,15,402,2,2.0,1.0,2,0.12059853751341292
1177,16,449,2,2.0,1.0,1,0.3145989786191986
1177,17,400,2,2.0,1.0,3,0.3177739886618785
1177,18,399,2,2.0,1.0,3,0.08503397302476791
1177,19,429,2,2.0,1.0,2,0.29033694217963296
1177,20,409,2,2.0,1.0,2,0.05671472338682231
1177,21,439,2,2.0,1.0,1,0.04812961995912424
1177,22,413,2,2.0,1.0,4,0.2703466491689654
1177,23,395,2,2.0,1.0,4,0.2978922893448827
1177,24,340,2,2.0,1.0,3,0.3055755914627976
1177,25,341,2,2.0,1.0,1,0.3507775294867451
1177,26,376,2,2.0,1.0,2,0.34805394511898324
1177,27,391,2,2.0,1.0,3,0.3524133690678847
1177,28,384,2,2.0,1.0,1,0.11854013670092671
1177,29,383,2,2.0,1.0,3,0.35705786000874473
1177,30,455,2,2.0,1.0,4,0.3685279773217814
1177,31,542,2,1.988929889298893,1.0,4,0.5010874139583009
1177,32,1267,2,0.0031570639305445935,1.0,3,0.9992107340173638
1178,1,766,2,2.0,1.0,3,0.054688980698371956
1178,2,631,2,2.0,1.0,2,0.06463557854520333
1178,3,560,2,2.0,1.0,2,0.03759912003490787
1178,4,509,2,2.0,1.0,2,0.2796976146534106
1178,5,459,2,2.0,1.0,1,0.28081641280949216
1178,6,446,2,2.0,1.0,1,0.26962873137222454
1178,7,403,2,2.0,1.0,5,0.2662270135511326
1178,8,370,2,2.0,1.0,5,0.23740778807466778
1178,9,369,2,2.0,1.0,4,0.2374902465277812
1178,10,403,2,2.0,1.0,2,0.013105431416915921
1178,11,394,2,2.0,1.0,1,0.03748296736280124
1178,12,422,2,2.0,1.0,4,-0.005654960307090394
1178,13,355,2,2.0,1.0,4,-0.012497784496427777
1178,14,366,2,2.0,1.0,7,-0.020605214118164898
1178,15,375,2,2.0,1.0,1,-0.5
1178,16,607,1,1.0,1.0,1,-0.75
1179,1,761,2,2.0,1.0,3,0.0509492072486681
1179,2,643,2,2.0,1.0,2,0.06462249779451144
1179,3,566,2,2.0,1.0,2,0.03767677656358153
1179,4,510,2,2.0,1.0,1,0.2793046430693491
1179,5,461,2,2.0,1.0,1,0.27774111954493585
1179,6,407,2,2.0,1.0,1,0.26901851296977886
1179,7,383,2,2.0,1.0,1,0.26977928323464295
1179,8,354,2,2.0,1.0,1,0.2736299612394219
1179,9,371,2,2.0,1.0,4,0.053743116660482815
1179,10,346,2,2.0,1.0,1,0.030036613962551216
1179,11,342,2,2.0,1.0,1,0.25833549888098095
1179,12,382,2,2.0,1.0,1,0.24341260107724452
1179,13,348,2,2.0,1.0,4,0.24113939821831695
1179,14,335,2,2.0,1.0,6,0.033727820068003324
1179,15,368,2,2.0,1.0,6,-0.001999366693929871
1179,16,401,2,2.0,1.0,3,-0.009023977120319505
1179,17,345,2,2.0,1.0,1,-0.026480220456669916
1179,18,384,2,2.0,1.0,2,-0.050402489778037095
1179,19,676,1,1.0,1.0,1,-0.75
1180,1,800,2,2.0,1.0,3,0.0390313834689612
1180,2,623,2,2.0,1.0,3,0.06235500509624766
1180,3,563,2,2.0,1.0,2,0.03564477698023407
1180,4,523,2,2.0,1.0,2,0.2662247403741613
1180,5,465,2,2.0,1.0,1,0.2640388531970612
1180,6,411,2,2.0,1.0,2,0.25574594865013645
1180,7,423,2,2.0,1.0,2,0.2785405891075574
1180,8,419,2,2.0,1.0,4,0.2830432850644108
1180,9,225,2,2.0,1.0,4,0.27280642412967293
1180,10,251,2,2.0,1.0,4,0.2272604011618444
1180,11,378,2,2.0,1.0,5,0.2765807609223387
1180,12,300,2,2.0,1.0,4,0.2442441076191358
1180,13,354,2,2.0,1.0,2,0.310338111706207
1180,14,322,2,2.0,1.0,8,0.3026520936029884
1180,15,345,2,2.0,1.0,4,0.009940080446427796
1180,16,380,2,2.0,1.0,2,-0.004263517346923004
1180,17,409,2,2.0,1.0,2,-0.015248625793196292
1180,18,395,2,2.0,1.0,1,-0.09016621317875298
1180,19,678,1,1.0,1.0,1,-0.75
1181,1,764,2,2.0,1.0,3,0.05487589260573341
1181,2,643,2,2.0,1.0,2,0.06242744568949856
1181,3,567,2,2.0,1.0,2,0.035586748232613284
1181,4,514,2,2.0,1.0,1,0.28017746743562066
1181,5,480,2,2.0,1.0,1,0.2748354376160372
1181,6,435,2,2.0,1.0,1,0.25152866180535294
1181,7,367,2,2.0,1.0,1,0.2582360714647455
1181,8,394,2,2.0,1.0,5,0.2609075208696494
1181,9,373,2,2.0,1.0,4,0.030437576707865288
1181,10,421,2,2.0,1.0,4,0.004344100842696484
1181,11,403,2,2.0,1.0,4,0.0031672741502973643
1181,12,400,2,2.0,1.0,4,0.21846864833620444
1181,13,371,2,2.0,1.0,4,0.21490529544889014
1181,14,365,2,2.0,1.0,2,0.21837388993069445
1181,15,396,2,2.0,1.0,1,-0.5
1181,16,668,1,1.0,1.0,1,-0.75
1182,1,768,2,2.0,1.0,3,0.0511274255590525
1182,2,645,2,2.0,1.0,2,0.06462951629720219
1182,3,560,2,2.0,1.0,2,0.037598045697360916
1182,4,503,2,2.0,1.0,2,0.2796256986911166
1182,5,446,2,2.0,1.0,1,0.2765583518598683
1182,6,414,2,2.0,1.0,1,0.25175842953044597
1182,7,397,2,2.0,1.0,1,0.26963730879735104
1182,8,382,2,2.0,1.0,3,0.28138829368407475
1182,9,388,2,2.0,1.0,3,0.3272361557089768
1182,10,420,2,2.0,1.0,5,0.3283605837725356
1182,11,408,2,2.0,1.0,1,0.31642888380037243
1182,12,409,2,2.0,1.0,4,0.27168979763168555
1182,13,386,2,2.0,1.0,1,0.2397997465843277
1182,14,287,2,2.0,1.0,3,0.2518104128486313
1182,15,343,2,2.0,1.0,4,0.02833154343882107
1182,16,283,2,2.0,1.0,4,0.02668020408805258
1182,17,353,2,2.0,1.0,1,0.030716885619808735
1182,18,336,2,2.0,1.0,2,-0.0007397584498952172
1182,19,389,2,2.0,1.0,4,-0.01680071364430377
1182,20,344,2,2.0,1.0,6,-0.02251892355437919
1182,21,322,2,2.0,1.0,13,-0.02775088602904131
1182,22,351,2,1.9344729344729346,1.0,1,-0.5163817663817664
1182,23,583,1,1.0,1.0,1,-0.75
1183,1,760,2,2.0,1.0,3,0.05090316560120432
1183,2,634,2,2.0,1.0,2,0.062430133250322525
1183,3,564,2,2.0,1.0,2,0.0356066546362743
1183,4,496,2,2.0,1.0,1,0.28037194472470756
1183,5,470,2,2.0,1.0,4,0.2759566638003249
1183,6,403,2,2.0,1.0,3,0.27326612794729094
1183,7,372,2,2.0,1.0,3,0.28530278981031965
1183,8,411,2,2.0,1.0,3,0.35429613958934353
1183,9,375,2,2.0,1.0,1,0.386120044916654
1183,10,342,2,2.0,1.0,1,0.3646556625245266
1183,11,341,2,2.0,1.0,1,0.3434352639374354
1183,12,324,2,2.0,1.0,1,0.34080618388794726
1183,13,316,2,2.0,1.0,4,0.3698645472577729
1183,14,306,2,2.0,1.0,4,0.4090171411545887
1183,15,364,2,2.0,1.0,5,0.4181133234875383
1183,16,376,2,2.0,1.0,7,0.42673589144532525
1183,17,838,2,0.16825775656324582,1.0,8,0.9510257261980234
1184,1,773,2,2.0,1.0,3,0.05486891712557139
1184,2,629,2,2.0,1.0,2,0.06462036280147666
1184,3,554,2,2.0,1.0,2,0.03762874673669778
1184,4,497,2,2.0,1.0,1,0.265691165681081
1184,5,462,2,2.0,1.0,1,0.268212027300193
1184,6,391,2,2.0,1.0,1,0.2685396296699012
1184,7,393,2,2.0,1.0,1,0.27406261169528623
1184,8,383,2,2.0,1.0,2,0.2753366981814168
1184,9,365,2,2.0,1.0,4,0.05531963360240151
1184,10,372,2,2.0,1.0,1,0.028893865241458982
1184,11,401,2,2.0,1.0,2,0.2581077805132076
1184,12,349,2,2.0,1.0,4,0.24672046181606044
1184,13,362,2,2.0,1.0,4,0.2707231686853512
1184,14,341,2,2.0,1.0,4,0.2782735019529145
1184,15,354,2,2.0,1.0,2,0.0195639587873181
1184,16,369,2,2.0,1.0,2,0.00784669064156465
1184,17,358,2,2.0,1.0,1,-0.013238317286638619
1184,18,375,2,2.0,1.0,1,0.21884519832137858
1184,19,358,2,2.0,1.0,2,0.012845185134729844
1184,20,381,2,2.0,1.0,3,-0.03227027988323875
1184,21,643,1,1.0,1.0,1,-0.75
1185,1,764,2,2.0,1.0,3,0.05490499021036296
1185,2,642,2,2.0,1.0,2,0.06462866501397332
1185,3,568,2,2.0,1.0,2,0.03767384015309943
1185,4,503,2,2.0,1.0,2,0.27923910783664063
1185,5,470,2,2.0,1.0,4,0.27629714980901254
1185,6,400,2,2.0,1.0,3,0.2871755272241732
1185,7,380,2,2.0,1.0,3,0.2799768806714424
1185,8,418,2,2.0,1.0,4,0.3550244494466282
1185,9,323,2,2.0,1.0,1,0.31875241012023947
1185,10,292,2,2.0,1.0,5,0.3248102199821203
1185,11,348,2,2.0,1.0,3,0.3404433639470058
1185,12,352,2,2.0,1.0,2,0.3420246879905568
1185,13,359,2,2.0,1.0,4,0.34508620719568334
1185,14,330,2,2.0,1.0,4,0.3282352537347366
1185,15,320,2,2.0,1.0,4,0.37220896710148793
1185,16,358,2,2.0,1.0,5,0.3952162581617881
1185,17,369,2,2.0,1.0,6,0.4092661627082205
1185,18,331,2,2.0,1.0,3,0.4050853000413331
1185,19,400,2,2.0,1.0,4,0.41989760039813
1185,20,402,2,2.0,1.0,4,0.42262765895465776
1185,21,363,2,1.9669421487603307,1.0,4,0.43283976645289235
1185,22,360,2,2.0,1.0,4,0.43125424004808327
1185,23,363,2,1.9641873278236914,1.0,12,0.5073782087933031
1185,24,842,2,0.1876484560570071,1.0,4,0.9496912206536646
1185,25,439,2,0.6560364464692483,1.0,4,0.8139494915732656
1186,1,770,2,2.0,1.0,3,0.05067359849682356
1186,2,637,2,2.0,1.0,2,0.06463556017488853
1186,3,570,2,2.0,1.0,2,0.0376431085916488
1186,4,506,2,2.0,1.0,1,0.2789588699295747
1186,5,473,2,2.0,1.0,1,0.2762584841721337
1186,6,412,2,2.0,1.0,3,0.2520170540665779
1186,7,401,2,2.0,1.0,1,0.27649379179360584
1186,8,409,2,2.0,1.0,2,0.27592188227745584
1186,9,428,2,2.0,1.0,3,0.04979030031956633
1186,10,416,2,2.0,1.0,4,0.25231212685542537
1186,11,346,2,2.0,1.0,4,0.2531813928634841
1186,12,320,2,2.0,1.0,5,0.2454441557819572
1186,13,324,2,2.0,1.0,6,0.04283338250873298
1186,14,368,2,2.0,1.0,5,0.0025456549578190962
1186,15,421,2,2.0,1.0,4,0.0014306149568381764
1186,16,415,2,2.0,1.0,1,0.22839151145578787
1186,17,374,2,2.0,1.0,4,0.21075041163518551
1186,18,366,2,2.0,1.0,4,0.0033845654861001102
1186,19,347,2,2.0,1.0,4,-0.5
1186,20,481,1,1.0,1.0,4,-0.75
1187,1,767,2,2.0,1.0,3,0.05105627123462235
1187,2,637,2,2.0,1.0,2,0.06464338710579239
1187,3,565,2,2.0,1.0,2,0.03766018367136703
1187,4,513,2,2.0,1.0,2,0.2661610578847208
1187,5,469,2,2.0,1.0,1,0.26519188168999963
1187,6,427,2,2.0,1.0,2,0.2645420966833125
1187,7,397,2,2.0,1.0,5,0.2651415322076774
1187,8,383,2,2.0,1.0,3,0.11099112739015887
1187,9,384,2,2.0,1.0,2,0.08224077068021408
1187,10,330,2,2.0,1.0,4,0.265522312536796
1187,11,360,2,2.0,1.0,4,0.3349196921612677
1187,12,324,2,2.0,1.0,4,0.3149026415551763
1187,13,346,2,2.0,1.0,1,0.059798967256485154
1187,14,406,2,2.0,1.0,2,0.25342488121604706
1187,15,439,2,2.0,1.0,4,-0.01014480963228125
1187,16,372,2,2.0,1.0,1,-0.014570047852135287
1187,17,370,2,2.0,1.0,1,-0.024632453546808666
1187,18,420,2,1.9976190476190476,1.0,4,-0.5005952380952381
1187,19,671,1,1.0,1.0,1,-0.75
1188,1,753,2,2.0,1.0,3,0.04478931346239298
1188,2,632,2,2.0,1.0,2,0.0578381838508424
1188,3,554,2,2.0,1.0,2,0.03349071109312561
1188,4,505,2,2.0,1.0,2,0.27766246071924616
1188,5,461,2,2.0,1.0,1,0.2777873493277702
1188,6,416,2,2.0,1.0,1,0.2523766560987703
1188,7,370,2,2.0,1.0,3,0.24707926460046067
1188,8,374,2,2.0,1.0,5,0.23572164720271635
1188,9,390,2,2.0,1.0,3,0.25663883081223465
1188,10,380,2,2.0,1.0,5,0.03650970785809851
1188,11,391,2,2.0,1.0,4,0.019365579433647993
1188,12,363,2,2.0,1.0,4,0.014452883913316969
1188,13,416,2,2.0,1.0,2,-0.01100346626958016
1188,14,351,2,2.0,1.0,7,-0.013686122427738034
1188,15,342,2,2.0,1.0,1,0.0006954688087550894
1188,16,347,2,2.0,1.0,3,0.010987598343877907
1188,17,319,2,1.9811912225705328,1.0,1,-0.5047021943573667
1189,1,757,2,2.0,1.0,3,0.05078536776909521
1189,2,636,2,2.0,1.0,2,0.06242664713576663
1189,3,563,2,2.0,1.0,2,0.0356310614551387
1189,4,503,2,2.0,1.0,1,0.28056903857177423
1189,5,459,2,2.0,1.0,4,0.2764925164136142
1189,6,402,2,2.0,1.0,5,0.2707915749646626
1189,7,379,2,2.0,1.0,2,0.2771026718926432
1189,8,331,2,2.0,1.0,3,0.2585465746999596
1189,9,384,2,2.0,1.0,5,0.31414363917480626
1189,10,337,2,2.0,1.0,1,0.08756339690977044
1189,11,314,2,2.0,1.0,4,0.25501776515930896
1189,12,411,2,2.0,1.0,2,0.24600347355027763
1189,13,319,2,2.0,1.0,4,0.24460317499729411
1189,14,293,2,2.0,1.0,3,0.24058338637471152
1189,15,290,2,2.0,1.0,1,0.02272243439789559
1189,16,340,2,2.0,1.0,5,-0.0003232885608440909
1189,17,332,2,2.0,1.0,5,0.18395414878685185
1190,1,777,2,2.0,1.0,3,0.05474143244691652
1190,2,638,2,2.0,1.0,2,0.06243057128637066
1190,3,557,2,2.0,1.0,2,0.03559104848104529
1190,4,502,2,2.0,1.0,1,0.28047495373198417
1190,5,464,2,2.0,1.0,1,0.27636958701471187
1190,6,413,2,2.0,1.0,1,0.28446062391049715
1190,7,399,2,2.0,1.0,3,0.2802562619337066
1190,8,388,2,2.0,1.0,2,0.30321450378935716
1190,9,398,2,2.0,1.0,2,0.0837320940173111
1190,10,372,2,2.0,1.0,4,0.27191142341069446
1190,11,333,2,2.0,1.0,4,0.32723306651074624
1190,12,336,2,2.0,1.0,4,0.32790965033189545
1190,13,351,2,2.0,1.0,4,0.33480511987668643
1190,14,365,2,2.0,1.0,1,0.3370537541480119
1190,15,361,2,2.0,1.0,4,0.34896190823940687
1190,16,407,2,2.0,1.0,4,0.3540613264562291
1190,17,372,2,2.0,1.0,6,0.41379774768511746
1190,18,412,2,2.0,1.0,6,0.43353888150778885
1190,19,396,2,2.0,1.0,4,0.49739389213219887
1190,20,453,2,2.0,1.0,4,0.49909514297414753
1190,21,1208,2,0.013245033112582781,1.0,4,0.9965362934526841
1190,22,1007,2,0.003972194637537239,1.0,19,0.9990069513406157
1191,1,757,2,2.0,1.0,3,0.050936418132386835
1191,2,626,2,2.0,1.0,2,0.062425475364772484
1191,3,561,2,2.0,1.0,2,0.03560251840368685
1191,4,503,2,2.0,1.0,1,0.280636717452722
1191,5,458,2,2.0,1.0,1,0.2763699474396127
1191,6,409,2,2.0,1.0,1,0.2642686656741788
1191,7,372,2,2.0,1.0,3,0.25262974311042635
1191,8,389,2,2.0,1.0,1,0.2748691961330824
1191,9,386,2,2.0,1.0,1,0.279096492411478
1191,10,376,2,2.0,1.0,2,0.26798868202651255
1191,11,338,2,2.0,1.0,4,0.021429158593237897
1191,12,298,2,2.0,1.0,4,0.05381947230676788
1191,13,306,2,2.0,1.0,1,0.02719904065246753
1191,14,284,2,2.0,1.0,4,0.014249962881968396
1191,15,344,2,2.0,1.0,5,0.24431590407597417
1191,16,326,2,2.0,1.0,3,0.08124421725537172
1191,17,356,2,2.0,1.0,5,0.05753573246369256
1191,18,378,2,2.0,1.0,1,0.06022479003843508
1191,19,364,2,2.0,1.0,4,0.05200065357796802
1191,20,399,2,2.0,1.0,4,0.0405531267894118
1191,21,380,2,2.0,1.0,1,-0.055407118391597864
1191,22,444,2,2.0,1.0,6,-0.5
1191,23,710,1,1.0,1.0,1,-0.75
1192,1,758,2,2.0,1.0,3,0.0508574214376018
1192,2,639,2,2.0,1.0,2,0.06462205657597232
1192,3,562,2,2.0,1.0,2,0.03763669643904146
1192,4,504,2,2.0,1.0,1,0.27893907809255925
1192,5,456,2,2.0,1.0,1,0.27784625081258574
1192,6,399,2,2.0,1.0,3,0.27347555055593403
1192,7,374,2,2.0,1.0,1,0.2834231301696721
1192,8,410,2,2.0,1.0,4,0.26987100850732193
1192,9,376,2,2.0,1.0,4,0.31345196828989724
1192,10,351,2,2.0,1.0,1,0.08050545491512467
1192,11,350,2,2.0,1.0,4,0.24614693568307572
1192,12,288,2,2.0,1.0,4,0.29093715719212065
1192,13,359,2,2.0,1.0,6,0.30758881745369815
1192,14,348,2,2.0,1.0,1,0.07497676639160217
1192,15,388,2,2.0,1.0,2,0.3002570792216592
1192,16,398,2,2.0,1.0,1,0.311548259616376
1192,17,395,2,2.0,1.0,4,0.2682729265603007
1192,18,327,2,2.0,1.0,1,0.019808747860174863
1192,19,325,2,2.0,1.0,3,-0.002877099021835871
1192,20,297,2,2.0,1.0,1,-0.010898062501449876
1192,21,297,2,2.0,1.0,2,-0.03331983389000193
1192,22,328,2,1.920731707317073,1.0,1,-0.5198170731707317
1193,1,767,2,2.0,1.0,3,0.054650825031642467
1193,2,637,2,2.0,1.0,2,0.06462871923398167
1193,3,563,2,2.0,1.0,1,0.037625455146867035
1193,4,506,2,2.0,1.0,1,0.27900604510578964
1193,5,467,2,2.0,1.0,4,0.27615715967091337
1193,6,415,2,2.0,1.0,3,0.25949036670004055
1193,7,389,2,2.0,1.0,3,0.25692341835489824
1193,8,417,2,2.0,1.0,3,0.27218948053984315
1193,9,401,2,2.0,1.0,4,0.2704938211091242
1193,10,342,2,2.0,1.0,5,0.06715256126753123
1193,11,405,2,2.0,1.0,3,0.02413865285611791
1193,12,386,2,2.0,1.0,4,0.11790739395697936
1193,13,387,2,2.0,1.0,5,0.004471194805497105
1193,14,387,2,2.0,1.0,4,-0.007984172971253055
1193,15,363,2,2.0,1.0,5,-0.020507227300953293
1193,16,409,2,2.0,1.0,4,-0.5
1193,17,327,2,1.996941896024465,1.0,5,-0.5007645259938838
1193,18,595,1,1.0,1.0,1,-0.75
1194,1,771,2,2.0,1.0,3,0.05478164487673079
1194,2,638,2,2.0,1.0,2,0.06462826176982184
1194,3,564,2,2.0,1.0,2,0.03766532535523008
1194,4,504,2,2.0,1.0,1,0.27932561311378623
1194,5,461,2,2.0,1.0,1,0.27691058798387475
1194,6,410,2,2.0,1.0,1,0.29333351509264055
1194,7,373,2,2.0,1.0,1,0.2955010555655005
1194,8,396,2,2.0,1.0,1,0.30257363799072257
1194,9,406,2,2.0,1.0,4,0.3523660328608217
1194,10,383,2,2.0,1.0,2,0.1250977983036105
1194,11,395,2,2.0,1.0,3,0.3431602768740845
1194,12,340,2,2.0,1.0,4,0.3887001353896019
1194,13,363,2,2.0,1.0,2,0.35648576071721894
1194,14,376,2,2.0,1.0,6,0.4006296273486513
1194,15,390,2,2.0,1.0,4,0.4943007895931916
1194,16,1017,2,0.003933136676499509,1.0,7,0.998851108719896
1194,17,402,2,2.0,1.0,4,0.3890925501278948
1194,18,398,2,2.0,1.0,2,0.4135650464275346
1194,19,336,2,2.0,1.0,4,0.41098554199717025
1194,20,313,2,2.0,1.0,2,0.433462847371136
1194,21,310,2,2.0,1.0,4,0.435684647361699
1194,22,252,2,1.9841269841269842,1.0,4,0.44710620426859066
1194,23,1019,2,0.014720314033366046,1.0,4,0.9961774969994938
1195,1,743,2,2.0,1.0,3,0.0509601095052973
1195,2,631,2,2.0,1.0,2,0.06462115735720637
1195,3,559,2,2.0,1.0,2,0.037595671185190305
1195,4,505,2,2.0,1.0,2,0.279231110926219
1195,5,458,2,2.0,1.0,1,0.28022526561518485
1195,6,423,2,2.0,1.0,3,0.27439365628748175
1195,7,415,2,2.0,1.0,3,0.28582660568697754
1195,8,393,2,2.0,1.0,2,0.3517286876582666
1195,9,366,2,2.0,1.0,4,0.09872321759008602
1195,10,399,2,2.0,1.0,4,0.020741265040485513
1195,11,361,2,2.0,1.0,4,0.07255597350649655
1195,12,329,2,2.0,1.0,4,0.29352348755171725
1195,13,325,2,2.0,1.0,4,0.31250716926413363
1195,14,384,2,2.0,1.0,3,0.32478929671433265
1195,15,345,2,2.0,1.0,1,0.07597238547820381
1195,16,337,2,2.0,1.0,1,0.076419017820287
1195,17,310,2,2.0,1.0,4,0.060020957388618484
1195,18,325,2,2.0,1.0,4,0.05177307124295947
1195,19,337,2,2.0,1.0,1,0.26098777630296294
1195,20,260,2,2.0,1.0,4,0.22422691186194882
1195,21,377,2,1.9496021220159152,1.0,1,-0.5125994694960212
1196,1,759,2,2.0,1.0,3,0.05485182800867647
1196,2,637,2,2.0,1.0,2,0.06462183388875045
1196,3,561,2,2.0,1.0,2,0.03764416658252292
1196,4,513,2,2.0,1.0,1,0.2657325506825021
1196,5,477,2,2.0,1.0,1,0.2682553896344113
1196,6,421,2,2.0,1.0,4,0.2724949855817654
1196,7,426,2,2.0,1.0,2,0.27201107467593116
1196,8,377,2,2.0,1.0,2,0.2752083044738048
1196,9,410,2,2.0,1.0,3,0.2501284885213982
1196,10,382,2,2.0,1.0,1,0.2658946525983029
1196,11,389,2,2.0,1.0,1,0.03211886794688049
1196,12,411,2,2.0,1.0,4,0.01436805654880869
1196,13,382,2,2.0,1.0,4,0.24356322731078037
1196,14,316,2,2.0,1.0,4,0.25017805402233945
1196,15,292,2,2.0,1.0,4,0.25545094438396543
1196,16,294,2,2.0,1.0,6,0.2213472705695135
1196,17,276,2,2.0,1.0,1,0.20523981022222113
1196,18,260,2,2.0,1.0,5,0.2147686897887826
1196,19,313,2,2.0,1.0,1,-0.06760924463697406
1196,20,364,2,1.9972527472527473,1.0,6,0.0004096888616116536
1197,1,750,2,2.0,1.0,3,0.05504541780065357
1197,2,627,2,2.0,1.0,2,0.06242559422383983
1197,3,571,2,2.0,1.0,2,0.035581185058340015
1197,4,502,2,2.0,1.0,3,0.2810352064060925
1197,5,459,2,2.0,1.0,4,0.2766704613969241
1197,6,383,2,2.0,1.0,3,0.2556535292402156
1197,7,401,2,2.0,1.0,4,0.27614591788524206
1197,8,442,2,2.0,1.0,2,0.35523871347666813
1197,9,412,2,2.0,1.0,4,0.290986954021184
1197,10,364,2,2.0,1.0,3,0.27332077392286847
1197,11,326,2,2.0,1.0,4,0.27897911903088113
1197,12,375,2,2.0,1.0,4,0.27091254921313795
1197,13,243,2,2.0,1.0,4,0.3444317679073491
1197,14,326,2,2.0,1.0,4,0.3725847782626203
1197,15,315,2,2.0,1.0,1,0.3891327932094314
1197,16,395,2,2.0,1.0,5,0.41962013429356837
1197,17,337,2,2.0,1.0,6,0.4236693480034106
1197,18,314,2,2.0,1.0,2,0.437759544507997
1197,19,358,2,1.9776536312849162,1.0,4,0.44058984367326776
1197,20,381,2,1.984251968503937,1.0,13,0.5009717668838404
1197,21,411,2,1.997566909975669,1.0,7,0.5004585438892007
1197,22,399,2,2.0,1.0,9,0.4996465219652906
1197,23,1193,2,0.003352891869237217,1.0,23,0.9991617770326907
1198,1,761,2,2.0,1.0,3,0.05099694095426614
1198,2,634,2,2.0,1.0,2,0.06242641573871857
1198,3,562,2,2.0,1.0,2,0.03556354808837992
1198,4,499,2,2.0,1.0,1,0.28037734507917544
1198,5,454,2,2.0,1.0,1,0.27632690122030057
1198,6,402,2,2.0,1.0,1,0.2741499091613882
1198,7,399,2,2.0,1.0,1,0.2620796909396321
1198,8,397,2,2.0,1.0,2,0.2709154447350672
1198,9,386,2,2.0,1.0,3,0.2847605288222609
1198,10,330,2,2.0,1.0,1,0.050813278000892005
1198,11,387,2,2.0,1.0,4,0.09050217865687821
1198,12,390,2,2.0,1.0,1,0.0048932381022604105
1198,13,402,2,2.0,1.0,4,0.23019066613327707
1198,14,366,2,2.0,1.0,6,0.21216080638011914
1198,15,356,2,2.0,1.0,6,0.013346647976640738
1198,16,332,2,2.0,1.0,4,-0.0167041404578709
1198,17,350,2,2.0,1.0,1,-0.5
1198,18,539,1,1.0,1.0,1,-0.75
1199,1,766,2,2.0,1.0,3,0.05089604549943869
1199,2,668,2,2.0,1.0,2,0.060237255470102266
1199,3,592,2,2.0,1.0,2,0.03546241944925301
1199,4,526,2,2.0,1.0,2,0.26762176353431105
1199,5,461,2,2.0,1.0,1,0.26249435627411943
1199,6,402,2,2.0,1.0,3,0.2690404811461765
1199,7,387,2,2.0,1.0,3,0.2760566799731261
1199,8,394,2,2.0,1.0,3,0.27720372450021435
1199,9,426,2,2.0,1.0,1,0.2733651291511675
1199,10,368,2,2.0,1.0,3,0.2775198188802014
1199,11,341,2,2.0,1.0,3,0.28279122653750116
1199,12,300,2,2.0,1.0,1,0.26225388454667753
1199,13,359,2,2.0,1.0,4,0.2241996372460495
1199,14,333,2,2.0,1.0,1,0.010584363139044161
1199,15,408,2,2.0,1.0,4,0.22149261224603328
1199,16,378,2,2.0,1.0,4,0.21764666743978373
1199,17,349,2,2.0,1.0,9,0.20857393580227213
1199,18,342,2,2.0,1.0,1,0.18546157436799482
1199,19,313,2,1.9488817891373802,1.0,4,-0.0040285093400106555
1200,1,752,2,2.0,1.0,3,0.05095207333408973
1200,2,627,2,2.0,1.0,2,0.06242559422383983
1200,3,575,2,2.0,1.0,2,0.035620483161314796
1200,4,512,2,2.0,1.0,3,0.2675152092086838
1200,5,473,2,2.0,1.0,1,0.26691305065999943
1200,6,413,2,2.0,1.0,3,0.2763553440525479
1200,7,421,2,2.0,1.0,5,0.25194537318849314
1200,8,392,2,2.0,1.0,4,0.05509069432630833
1200,9,409,2,2.0,1.0,4,0.017850143769553725
1200,10,406,2,2.0,1.0,4,0.23657091578974276
1200,11,400,2,2.0,1.0,6,0.22943923141430553
1200,12,372,2,2.0,1.0,6,0.210166117965092
1200,13,336,2,2.0,1.0,4,0.2031353243494601
1200,14,321,2,2.0,1.0,4,0.01840784320590074
1200,15,360,2,2.0,1.0,1,-0.5
1200,16,641,1,1.0,1.0,1,-0.75
1201,1,748,2,2.0,1.0,3,0.05100034184696974
1201,2,638,2,2.0,1.0,2,0.06462138721666778
1201,3,565,2,2.0,1.0,2,0.03762859871630649
1201,4,499,2,2.0,1.0,1,0.27918188698071267
1201,5,458,2,2.0,1.0,1,0.2778371928555852
1201,6,407,2,2.0,1.0,1,0.2736731727246588
1201,7,393,2,2.0,1.0,1,0.2888600818847188
1201,8,458,2,2.0,1.0,5,0.33025239298338094
1201,9,396,2,2.0,1.0,8,0.25900849816535926
1201,10,404,2,2.0,1.0,1,0.2909013297638926
1201,11,394,2,2.0,1.0,4,0.10538224054183773
1201,12,405,2,2.0,1.0,4,0.07675129894813695
1201,13,398,2,2.0,1.0,1,0.30021590355517636
1201,14,365,2,2.0,1.0,4,0.3121074746502675
1201,15,347,2,2.0,1.0,3,0.3159734061865691
1201,16,357,2,2.0,1.0,1,0.3097630991798047
1201,17,361,2,2.0,1.0,4,0.3100306442798921
1201,18,409,2,2.0,1.0,4,0.11582833545272456
1201,19,384,2,2.0,1.0,4,0.3144347391947042
1201,20,309,2,2.0,1.0,4,0.31020573439089744
1201,21,307,2,2.0,1.0,5,0.3214564216431407
1201,22,340,2,2.0,1.0,4,0.3110078168306805
1201,23,370,2,2.0,1.0,5,0.09214286222314784
1201,24,425,2,2.0,1.0,1,0.07585989400501651
1201,25,404,2,2.0,1.0,2,0.08277048297883485
1201,26,403,2,2.0,1.0,3,0.31619977345113004
1201,27,327,2,2.0,1.0,2,0.29732460961370794
1201,28,302,2,2.0,1.0,2,0.26338746559753673
1201,29,332,2,2.0,1.0,4,6.88242884051993e-05
1201,30,362,2,2.0,1.0,4,-0.01685183631291772
1201,31,341,2,2.0,1.0,2,-0.028738479796485205
1201,32,388,2,1.9896907216494846,1.0,1,-0.5025773195876289
1201,33,626,1,1.0,1.0,1,-0.75
1202,1,772,2,2.0,1.0,3,0.05477680463212944
1202,2,634,2,2.0,1.0,2,0.0646283705348948
1202,3,569,2,2.0,1.0,2,0.03762287969892052
1202,4,517,2,2.0,1.0,2,0.26616768855709544
1202,5,472,2,2.0,1.0,4,0.26643920141348304
1202,6,419,2,2.0,1.0,3,0.2742550640818681
1202,7,389,2,2.0,1.0,3,0.2704495868452743
1202,8,374,2,2.0,1.0,2,0.26102063955133
1202,9,374,2,2.0,1.0,4,0.11211201830514048
1202,10,388,2,2.0,1.0,2,0.03398128682856911
1202,11,347,2,2.0,1.0,4,0.10285760475993255
1202,12,254,2,2.0,1.0,4,0.2676130569461656
1202,13,274,2,2.0,1.0,2,0.37546017624327077
1202,14,343,2,2.0,1.0,4,0.3371284132772974
1202,15,376,2,2.0,1.0,2,0.3272282064401683
1202,16,407,2,2.0,1.0,4,0.32698474814669237
1202,17,387,2,2.0,1.0,4,0.29647127533770173
1202,18,403,2,2.0,1.0,2,0.299591854853779
1202,19,419,2,2.0,1.0,2,0.2925249916386456
1202,20,410,2,2.0,1.0,4,0.3075554854184038
1202,21,355,2,2.0,1.0,4,-0.0020977335508704374
1202,22,341,2,2.0,1.0,4,-0.019513138035735244
1202,23,337,2,2.0,1.0,10,-0.020149167523363862
1202,24,312,2,2.0,1.0,1,-0.06661686736161002
1202,25,372,2,1.935483870967742,1.0,1,-0.5161290322580645
1202,26,542,1,1.0,1.0,1,-0.75
1203,1,759,2,2.0,1.0,3,0.05091616372247658
1203,2,639,2,2.0,1.0,2,0.06462836305415097
1203,3,555,2,2.0,1.0,1,0.03762726350934438
1203,4,506,2,2.0,1.0,2,0.27964720123635944
1203,5,466,2,2.0,1.0,4,0.2778822525469719
1203,6,392,2,2.0,1.0,3,0.2691646140806348
1203,7,398,2,2.0,1.0,3,0.2828062208157038
1203,8,407,2,2.0,1.0,2,0.28949124620152067
1203,9,434,2,2.0,1.0,3,0.2712599041971982
1203,10,374,2,2.0,1.0,3,0.3081645582556332
1203,11,345,2,2.0,1.0,4,0.3136801614017596
1203,12,322,2,2.0,1.0,4,0.3212346398220416
1203,13,301,2,2.0,1.0,3,0.30296191967631464
1203,14,343,2,2.0,1.0,4,0.07721466770781137
1203,15,346,2,2.0,1.0,4,0.22750523564487013
1203,16,327,2,2.0,1.0,4,0.3094680675144569
1203,17,382,2,2.0,1.0,5,0.3072306482610914
1203,18,380,2,2.0,1.0,2,0.30451100709612733
1203,19,357,2,2.0,1.0,3,0.0747401504189518
1203,20,359,2,2.0,1.0,1,0.08088184267652127
1203,21,384,2,2.0,1.0,1,-0.014129813639707112
1203,22,338,2,2.0,1.0,4,-0.026053459947690625
1203,23,360,2,2.0,1.0,3,-0.02761776374892698
1203,24,667,1,1.0,1.0,1,-0.75
1204,1,773,2,2.0,1.0,3,0.054939750616769534
1204,2,638,2,2.0,1.0,2,0.0646288199600352
1204,3,560,2,2.0,1.0,1,0.03760166538848062
1204,4,506,2,2.0,1.0,1,0.27925799651933886
1204,5,471,2,2.0,1.0,1,0.27765692729531094
1204,6,414,2,2.0,1.0,1,0.28619788756830533
1204,7,389,2,2.0,1.0,1,0.27334379387341096
1204,8,404,2,2.0,1.0,1,0.2900308077013322
1204,9,387,2,2.0,1.0,4,0.11617459445225922
1204,10,360,2,2.0,1.0,1,0.039349502385473516
1204,11,325,2,2.0,1.0,1,0.25734694592515506
1204,12,360,2,2.0,1.0,4,0.29590588916269456
1204,13,355,2,2.0,1.0,4,0.23235500366532197
1204,14,367,2,2.0,1.0,6,0.22460060007729835
1204,15,344,2,2.0,1.0,4,0.22502728434900962
1204,16,396,2,2.0,1.0,1,-0.5
1204,17,476,2,1.995798319327731,1.0,2,-0.5010504201680672
1205,1,769,2,2.0,1.0,3,0.04471353408964392
1205,2,635,2,2.0,1.0,2,0.06240178791753595
1205,3,569,2,2.0,1.0,2,0.03556173139321179
1205,4,514,2,2.0,1.0,1,0.265899651040702
1205,5,477,2,2.0,1.0,1,0.26712433555184506
1205,6,425,2,2.0,1.0,1,0.2685806108594369
1205,7,397,2,2.0,1.0,1,0.27176270557346527
1205,8,389,2,2.0,1.0,4,0.10114408312614993
1205,9,405,2,2.0,1.0,2,0.31705321093702177
1205,10,345,2,2.0,1.0,3,0.3021541571821056
1205,11,327,2,2.0,1.0,3,0.29593687823490894
1205,12,352,2,2.0,1.0,2,0.11052963480950143
1205,13,380,2,2.0,1.0,4,0.08330318843508888
1205,14,343,2,2.0,1.0,1,0.07055345427458243
1205,15,359,2,2.0,1.0,6,0.293903414652123
1205,16,373,2,2.0,1.0,2,0.3041699838306549
1205,17,433,2,2.0,1.0,1,0.37209369278612836
1205,18,431,2,2.0,1.0,1,0.31627083152567464
1205,19,351,2,2.0,1.0,1,0.25232162759637505
1205,20,349,2,2.0,1.0,4,-0.004799142578766462
1205,21,323,2,2.0,1.0,4,-0.01857819286493457
1205,22,324,2,2.0,1.0,4,-0.018026858984392505
1205,23,312,2,2.0,1.0,4,-0.021178016017633153
1205,24,277,2,2.0,1.0,4,-0.08800916150126033
1205,25,295,2,1.9423728813559322,1.0,1,-0.514406779661017
1206,1,753,2,2.0,1.0,3,0.05087903624098195
1206,2,637,2,2.0,1.0,2,0.0646208923030778
1206,3,565,2,2.0,1.0,2,0.03763112154462639
1206,4,499,2,2.0,1.0,2,0.27918321316963457
1206,5,470,2,2.0,1.0,1,0.2805697059929185
1206,6,413,2,2.0,1.0,1,0.08054765881751093
1206,7,421,2,2.0,1.0,2,0.2597885275826244
1206,8,441,2,2.0,1.0,1,0.26901747106193175
1206,9,350,2,2.0,1.0,1,0.043188875874317
1206,10,422,2,2.0,1.0,3,0.25804169741259003
1206,11,377,2,2.0,1.0,1,0.2555022807421921
1206,12,370,2,2.0,1.0,2,0.22751026134207267
1206,13,338,2,2.0,1.0,1,0.22884465615601682
1206,14,317,2,2.0,1.0,4,0.19575339170752523
1206,15,312,2,2.0,1.0,2,0.005385187084913099
1206,16,362,2,2.0,1.0,5,-0.0048508670064065645
1206,17,329,2,2.0,1.0,4,-0.026101809053110322
1206,18,303,2,2.0,1.0,4,-0.06139246220513443
1206,19,368,2,1.9293478260869565,1.0,1,-0.5176630434782609
1206,20,585,1,1.0,1.0,1,-0.75
1207,1,757,2,2.0,1.0,3,0.05109925401687936
1207,2,637,2,2.0,1.0,2,0.06462127482225732
1207,3,565,2,2.0,1.0,2,0.03763829686153622
1207,4,504,2,2.0,1.0,1,0.26570959493952634
1207,5,471,2,2.0,1.0,1,0.2652032513306515
1207,6,408,2,2.0,1.0,3,0.26751743117339183
1207,7,396,2,2.0,1.0,1,0.27220793421806955
1207,8,391,2,2.0,1.0,1,0.26710668899662904
1207,9,371,2,2.0,1.0,1,0.2784175264424398
1207,10,294,2,2.0,1.0,4,0.2768497719644875
1207,11,267,2,2.0,1.0,4,0.2518915417567162
1207,12,296,2,2.0,1.0,3,0.3118514709685728
1207,13,335,2,2.0,1.0,2,0.3496791915055059
1207,14,360,2,2.0,1.0,4,0.1184312129954153
1207,15,378,2,2.0,1.0,2,0.33392448454927304
1207,16,403,2,2.0,1.0,2,0.33526555541440123
1207,17,428,2,2.0,1.0,3,0.34199590999728263
1207,18,403,2,2.0,1.0,5,0.34231285152581087
1207,19,281,2,2.0,1.0,8,0.39998518695214463
1207,20,360,2,2.0,1.0,4,0.36865393304941585
1207,21,364,2,2.0,1.0,4,0.12406885101052832
1207,22,446,2,2.0,1.0,6,0.33835686180442887
1207,23,355,2,2.0,1.0,1,0.32893399925787536
1207,24,350,2,2.0,1.0,1,0.32430487454301143
1207,25,352,2,2.0,1.0,4,0.31535824095208537
1207,26,377,2,2.0,1.0,1,0.3234302269196744
1207,27,368,2,2.0,1.0,1,0.37294034588901764
1207,28,349,2,2.0,1.0,4,0.3199686292751222
1207,29,309,2,2.0,1.0,4,0.23731301536352406
1207,30,281,2,2.0,1.0,4,0.03921430961437873
1207,31,358,2,2.0,1.0,3,-0.006365388199784561
1207,32,387,2,2.0,1.0,4,-0.013898989085355654
1207,33,406,2,2.0,1.0,2,-0.001380531789974684
1207,34,370,2,2.0,1.0,5,-0.020598209410291342
1207,35,341,2,2.0,1.0,1,-0.061766862170087894
1207,36,361,2,1.9473684210526316,1.0,1,-0.5131578947368421
1208,1,762,2,2.0,1.0,3,0.05492688215346235
1208,2,642,2,2.0,1.0,2,0.06462183329292616
1208,3,563,2,2.0,1.0,1,0.037603623021303656
1208,4,509,2,2.0,1.0,1,0.27936746783013994
1208,5,478,2,2.0,1.0,1,0.2719409952680328
1208,6,411,2,2.0,1.0,1,0.26663163049786537
1208,7,369,2,2.0,1.0,3,0.2775344473900439
1208,8,267,2,2.0,1.0,2,0.24151585471763187
1208,9,356,2,2.0,1.0,3,0.047077066055496615
1208,10,410,2,2.0,1.0,2,0.035217752003954376
1208,11,339,2,2.0,1.0,5,0.02957966197510861
1208,12,355,2,2.0,1.0,3,-0.006827217423083132
1208,13,392,2,2.0,1.0,4,-0.01387907959472803
1208,14,420,2,2.0,1.0,5,-0.003053304684254149
1208,15,394,2,2.0,1.0,2,0.21160706367702847
1208,16,689,1,1.0,1.0,1,-0.75
1209,1,753,2,2.0,1.0,3,0.05079802760734891
1209,2,633,2,2.0,1.0,2,0.064627750547971
1209,3,569,2,2.0,1.0,2,0.037656584588537
1209,4,506,2,2.0,1.0,1,0.26571476678675804
1209,5,470,2,2.0,1.0,1,0.2661632362789907
1209,6,397,2,2.0,1.0,1,0.269415439767802
1209,7,409,2,2.0,1.0,1,0.28300762796837203
1209,8,393,2,2.0,1.0,2,0.3312673373822122
1209,9,357,2,2.0,1.0,3,0.3215443063994838
1209,10,312,2,2.0,1.0,4,0.32239803968305897
1209,11,314,2,2.0,1.0,2,0.3098569421623444
1209,12,361,2,2.0,1.0,4,0.12326518698106799
1209,13,367,2,2.0,1.0,9,0.34600923979507914
1209,14,363,2,2.0,1.0,2,0.11552037448724527
1209,15,426,2,2.0,1.0,4,0.19265972746957813
1209,16,373,2,2.0,1.0,3,0.38580542288815933
1209,17,456,2,2.0,1.0,2,0.412511270034065
1209,18,401,2,2.0,1.0,6,0.41481947559033944
1209,19,481,2,2.0,1.0,5,0.41914533372755697
1209,20,431,2,2.0,1.0,3,0.4197263174190882
1209,21,386,2,2.0,1.0,3,0.42436429131099074
1209,22,422,2,2.0,1.0,1,0.4960348360039777
1209,23,1189,2,0.023549201009251473,1.0,6,0.9934893517401459
1209,24,1223,2,0.007358953393295176,1.0,2,0.9981099440216366
1210,1,753,2,2.0,1.0,3,0.05103727382796692
1210,2,630,2,2.0,1.0,2,0.06462009130137715
1210,3,559,2,2.0,1.0,2,0.03763249627577456
1210,4,506,2,2.0,1.0,1,0.27921898259842937
1210,5,460,2,2.0,1.0,1,0.2766076408438338
1210,6,400,2,2.0,1.0,3,0.25544197270086527
1210,7,379,2,2.0,1.0,1,0.2875695528643469
1210,8,428,2,2.0,1.0,5,0.34560052403736913
1210,9,357,2,2.0,1.0,1,0.28468731782842155
1210,10,373,2,2.0,1.0,2,0.2670153927456044
1210,11,365,2,2.0,1.0,2,0.26462232589070084
1210,12,246,2,2.0,1.0,3,0.1768105829704943
1210,13,316,2,2.0,1.0,4,0.03563914541987881
1210,14,323,2,2.0,1.0,1,0.2949749082216763
1210,15,364,2,2.0,1.0,6,0.2180685734794033
1210,16,382,2,2.0,1.0,4,0.042382530405332346
1210,17,407,2,2.0,1.0,4,-0.0034752727934546195
1210,18,376,2,2.0,1.0,5,-0.01859601036718924
1210,19,398,2,2.0,1.0,1,-0.033749152282030966
1210,20,668,1,1.0,1.0,1,-0.75
1211,1,765,2,2.0,1.0,3,0.050938535108016395
1211,2,629,2,2.0,1.0,2,0.062429577870754344
1211,3,566,2,2.0,1.0,2,0.03558694924897308
1211,4,506,2,2.0,1.0,1,0.2806465710772507
1211,5,462,2,2.0,1.0,4,0.276308066480966
1211,6,412,2,2.0,1.0,1,0.26363994609675107
1211,7,405,2,2.0,1.0,1,0.2861686059533821
1211,8,397,2,2.0,1.0,2,0.33335647926488504
1211,9,436,2,2.0,1.0,2,0.27103536293634567
1211,10,391,2,2.0,1.0,5,0.02148519871879104
1211,11,383,2,2.0,1.0,4,0.002547201144920494
1211,12,413,2,2.0,1.0,4,-0.008191495036036514
1211,13,359,2,2.0,1.0,5,-0.019747276443374047
1211,14,347,2,2.0,1.0,1,-0.03003917548143292
1211,15,352,2,1.9971590909090908,1.0,1,-0.5007102272727273
1211,16,624,1,1.0,1.0,1,-0.75
1212,1,767,2,2.0,1.0,3,0.054701355169816675
1212,2,634,2,2.0,1.0,2,0.06242641573871857
1212,3,568,2,2.0,1.0,2,0.0356152958621365
1212,4,512,2,2.0,1.0,1,0.26717238653273845
1212,5,463,2,2.0,1.0,4,0.2644054279220409
1212,6,402,2,2.0,1.0,1,0.1603715350096794
1212,7,306,2,2.0,1.0,1,0.2686968225210632
1212,8,362,2,2.0,1.0,3,0.2667988140784125
1212,9,358,2,2.0,1.0,3,0.28556377712653114
1212,10,337,2,2.0,1.0,3,0.12602133687646572
1212,11,384,2,2.0,1.0,3,0.09620673654912543
1212,12,377,2,2.0,1.0,1,0.38648430056620126
1212,13,314,2,2.0,1.0,9,0.3832647194205419
1212,14,231,2,2.0,1.0,2,0.3955986067690251
1212,15,319,2,2.0,1.0,4,0.3906822732178178
1212,16,369,2,2.0,1.0,5,0.4026641398126539
1212,17,356,2,2.0,1.0,5,0.42061028423096225
1212,18,286,2,2.0,1.0,5,0.4092665374227823
1212,19,363,2,2.0,1.0,5,0.18832082690011753
1212,20,359,2,2.0,1.0,3,0.4070450811683231
1212,21,327,2,2.0,1.0,1,0.40799613784357536
1212,22,349,2,2.0,1.0,5,0.42483706372625984
1212,23,313,2,2.0,1.0,4,0.4399586220563497
1212,24,416,2,2.0,1.0,4,0.4964309556013839
1212,25,371,2,1.9973045822102427,1.0,5,0.4315636071609463
1212,26,386,2,1.9818652849740932,1.0,4,0.5026040017537471
1212,27,1088,2,0.03952205882352941,1.0,19,0.9887812248693443
1213,1,752,2,2.0,1.0,3,0.050899192112149445
1213,2,635,2,2.0,1.0,2,0.06463594014464229
1213,3,581,2,2.0,1.0,2,0.03758035527098099
1213,4,517,2,2.0,1.0,1,0.2657424966910642
1213,5,482,2,2.0,1.0,1,0.2682491253762901
1213,6,406,2,2.0,1.0,3,0.2728541357739674
1213,7,406,2,2.0,1.0,1,0.2678942095690525
1213,8,407,2,2.0,1.0,2,0.3278604982509997
1213,9,388,2,2.0,1.0,1,0.01445575930047564
1213,10,373,2,2.0,1.0,4,0.23058864527867365
1213,11,400,2,2.0,1.0,4,0.22449436852670213
1213,12,392,2,2.0,1.0,4,0.22631058121107542
1213,13,357,2,2.0,1.0,6,-0.015504703798561123
1213,14,398,2,2.0,1.0,2,-0.02716655709393096
1213,15,641,1,1.0,1.0,1,-0.75
1214,1,761,2,2.0,1.0,3,0.05090959091155523
1214,2,635,2,2.0,1.0,2,0.06462795600279987
1214,3,564,2,2.0,1.0,2,0.03763617933366203
1214,4,507,2,2.0,1.0,1,0.26571733740905074
1214,5,468,2,2.0,1.0,4,0.26524146092075085
1214,6,407,2,2.0,1.0,3,0.2676337979189386
1214,7,367,2,2.0,1.0,3,0.07971412322955118
1214,8,370,2,2.0,1.0,5,0.2845844117699973
1214,9,373,2,2.0,1.0,5,0.09223841072853313
1214,10,391,2,2.0,1.0,1,0.26075161216116904
1214,11,366,2,2.0,1.0,4,0.24803869856985183
1214,12,334,2,2.0,1.0,3,0.24616750054745903
1214,13,297,2,2.0,1.0,1,0.21983081680149094
1214,14,333,2,2.0,1.0,3,0.026378246171842857
1214,15,366,2,2.0,1.0,4,0.01905134776597182
1214,16,374,2,2.0,1.0,2,-0.006385679436243056
1214,17,348,2,2.0,1.0,4,-0.021992591294236478
1214,18,319,2,2.0,1.0,5,-0.02272802408411955
1214,19,344,2,2.0,1.0,1,-0.07140469161293404
1214,20,346,2,1.9508670520231215,1.0,1,-0.5122832369942196
1215,1,765,2,2.0,1.0,3,0.05090446246296222
1215,2,624,2,2.0,1.0,2,0.06463493459107426
1215,3,564,2,2.0,1.0,1,0.03764466338970874
1215,4,501,2,2.0,1.0,1,0.26570175974581606
1215,5,467,2,2.0,1.0,4,0.2657193352384331
1215,6,395,2,2.0,1.0,1,0.2603707372594983
1215,7,398,2,2.0,1.0,3,0.27642080849505035
1215,8,377,2,2.0,1.0,2,0.28453954736311105
1215,9,372,2,2.0,1.0,2,0.27165589312787736
1215,10,319,2,2.0,1.0,3,0.33577953449600323
1215,11,291,2,2.0,1.0,1,0.3174594210047056
1215,12,325,2,2.0,1.0,1,0.27538014417208817
1215,13,273,2,2.0,1.0,4,0.24691624418495509
1215,14,337,2,2.0,1.0,6,0.02124347432769734
1215,15,339,2,2.0,1.0,4,0.22505667261823717
1215,16,411,2,2.0,1.0,2,-0.016437855664855176
1215,17,348,2,2.0,1.0,5,-0.022363853789486778
1215,18,356,2,2.0,1.0,4,0.20772478891938395
1215,19,305,2,2.0,1.0,4,-0.031041218596883677
1215,20,338,2,1.9319526627218935,1.0,1,-0.5170118343195266
1216,1,763,2,2.0,1.0,3,0.05108041639232105
1216,2,641,2,2.0,1.0,2,0.06242721931099466
1216,3,574,2,2.0,1.0,2,0.03554268957397091
1216,4,516,2,2.0,1.0,1,0.28047627989106105
1216,5,468,2,2.0,1.0,1,0.2797334724919912
1216,6,405,2,2.0,1.0,3,0.07448933012889816
1216,7,434,2,2.0,1.0,3,0.27577857602393785
1216,8,418,2,2.0,1.0,2,0.27448436730214415
1216,9,353,2,2.0,1.0,4,0.24297968253507812
1216,10,381,2,2.0,1.0,4,0.27804904657830115
1216,11,383,2,2.0,1.0,1,0.25122609970332554
1216,12,349,2,2.0,1.0,4,0.027553688119974724
1216,13,410,2,2.0,1.0,4,-0.002880294705087741
1216,14,396,2,2.0,1.0,4,-0.0007998896284782263
1216,15,355,2,2.0,1.0,4,-0.0105502169404386
1216,16,329,2,2.0,1.0,5,-0.027816807172487645
1216,17,393,2,1.9312977099236641,1.0,1,-0.517175572519084
1217,1,771,2,2.0,1.0,3,0.054416642603118306
1217,2,647,2,2.0,1.0,2,0.06242789424783242
1217,3,566,2,2.0,1.0,2,0.03555809972807409
1217,4,514,2,2.0,1.0,1,0.280750744968496
1217,5,470,2,2.0,1.0,4,0.27627987805378473
1217,6,422,2,2.0,1.0,1,0.2756376216979168
1217,7,398,2,2.0,1.0,1,0.2681854581159974
1217,8,375,2,2.0,1.0,2,0.24973418747961323
1217,9,361,2,2.0,1.0,4,0.26425525186714305
1217,10,361,2,2.0,1.0,3,0.04637602022032793
1217,11,329,2,2.0,1.0,1,0.03153616562507824
1217,12,323,2,2.0,1.0,1,0.2457757268990506
1217,13,361,2,2.0,1.0,2,0.2394564335099854
1217,14,377,2,2.0,1.0,4,-0.019621883808454622
1217,15,331,2,2.0,1.0,4,-0.020043891053255193
1217,16,358,2,2.0,1.0,2,-0.024625896126383127
1217,17,320,2,1.996875,1.0,5,-0.09280748279816445
1217,18,338,2,1.9289940828402368,1.0,1,-0.5177514792899408
1218,1,778,2,2.0,1.0,3,0.054882121411306634
1218,2,643,2,2.0,1.0,2,0.06462876504109956
1218,3,568,2,2.0,1.0,2,0.03760148823336184
1218,4,513,2,2.0,1.0,1,0.2657325506825021
1218,5,471,2,2.0,1.0,1,0.26834269314415604
1218,6,423,2,2.0,1.0,3,0.27621889668443483
1218,7,390,2,2.0,1.0,3,0.26854934689570226
1218,8,369,2,2.0,1.0,1,0.30962243532692296
1218,9,369,2,2.0,1.0,3,0.3112485695514719
1218,10,349,2,2.0,1.0,5,0.2590017663154543
1218,11,335,2,2.0,1.0,5,0.3005877298235618
1218,12,346,2,2.0,1.0,3,0.37303369762547417
1218,13,278,2,2.0,1.0,1,0.21063539299699852
1218,14,335,2,2.0,1.0,1,0.31042764275613327
1218,15,314,2,2.0,1.0,1,0.29047201949363805
1218,16,287,2,2.0,1.0,1,0.27421278965053175
1218,17,304,2,2.0,1.0,4,0.2861152195420707
1218,18,310,2,2.0,1.0,8,0.25881050018001184
1218,19,311,2,2.0,1.0,2,0.1309905334286731
1218,20,295,2,2.0,1.0,4,0.035417577692771436
1218,21,281,2,2.0,1.0,1,0.009240037377846209
1218,22,265,2,2.0,1.0,1,0.0012662463837450554
1218,23,281,2,2.0,1.0,1,-0.5
1218,24,452,1,1.0,1.0,1,-0.75
1219,1,771,2,2.0,1.0,3,0.05083959843198755
1219,2,637,2,2.0,1.0,2,0.06462871923398167
1219,3,568,2,2.0,1.0,1,0.03762917424949568
1219,4,501,2,2.0,1.0,1,0.2788531760009397
1219,5,463,2,2.0,1.0,4,0.276230236762523
1219,6,424,2,2.0,1.0,1,0.24916796038789454
1219,7,399,2,2.0,1.0,1,0.24751013260568477
1219,8,411,2,2.0,1.0,2,0.2641999043546609
1219,9,404,2,2.0,1.0,2,0.34670228942127845
1219,10,376,2,2.0,1.0,4,0.3924664082599901
1219,11,392,2,2.0,1.0,2,0.3878657750040217
1219,12,376,2,2.0,1.0,3,0.3835912926324238
1219,13,356,2,2.0,1.0,4,0.3998545665816278
1219,14,356,2,2.0,1.0,3,0.3878379606292445
1219,15,278,2,2.0,1.0,6,0.39206225973577513
1219,16,328,2,2.0,1.0,4,0.4064187545814569
1219,17,364,2,2.0,1.0,3,0.42128535656754373
1219,18,356,2,2.0,1.0,1,0.4246292986790688
1219,19,331,2,2.0,1.0,12,0.4343774140912703
1219,20,345,2,2.0,1.0,4,0.4380069357701609
1219,21,358,2,1.9776536312849162,1.0,4,0.4450751865754312
1219,22,370,2,1.981081081081081,1.0,4,0.5034969706903669
1219,23,1173,2,0.0034100596760443308,1.0,17,0.9991474850809889
1220,1,761,2,2.0,1.0,3,0.05504895500461866
1220,2,653,2,2.0,1.0,2,0.06462265867742535
1220,3,565,2,2.0,1.0,1,0.03762986013046644
1220,4,507,2,2.0,1.0,1,0.2792079453058034
1220,5,471,2,2.0,1.0,4,0.2778001268871911
1220,6,401,2,2.0,1.0,3,0.25785078972164255
1220,7,386,2,2.0,1.0,3,0.2578942171516933
1220,8,361,2,2.0,1.0,1,0.27154502271474934
1220,9,378,2,2.0,1.0,3,0.20546885141429802
1220,10,362,2,2.0,1.0,5,0.251567081207221
1220,11,375,2,2.0,1.0,4,0.2504742824398446
1220,12,358,2,2.0,1.0,3,0.26896045435204263
1220,13,347,2,2.0,1.0,4,0.25428102883553527
1220,14,356,2,2.0,1.0,2,0.24330383835847522
1220,15,359,2,2.0,1.0,1,0.022947674045056758
1220,16,367,2,2.0,1.0,6,-0.004540941852019806
1220,17,315,2,2.0,1.0,4,0.21146158763652126
1220,18,286,2,2.0,1.0,4,-0.009394134566323905
1220,19,318,2,1.940251572327044,1.0,3,-0.13146127512283076
1221,1,764,2,2.0,1.0,3,0.051020280585127316
1221,2,638,2,2.0,1.0,2,0.06242687708204949
1221,3,577,2,2.0,1.0,2,0.035613075921057676
1221,4,510,2,2.0,1.0,1,0.2797285973886134
1221,5,474,2,2.0,1.0,1,0.2764322765780917
1221,6,383,2,2.0,1.0,1,0.2734345981924789
1221,7,380,2,2.0,1.0,1,0.28047049015698367
1221,8,415,2,2.0,1.0,2,0.3400837922399177
1221,9,379,2,2.0,1.0,2,0.08153738736156094
1221,10,409,2,2.0,1.0,5,0.33591565164946513
1221,11,379,2,2.0,1.0,4,0.39434752073546236
1221,12,378,2,2.0,1.0,3,0.390077352649792
1221,13,341,2,2.0,1.0,4,0.40073686936066816
1221,14,446,2,2.0,1.0,5,0.41542949800553314
1221,15,406,2,2.0,1.0,4,0.42348113823973094
1221,16,358,2,2.0,1.0,4,0.4239023312882846
1221,17,340,2,2.0,1.0,4,0.43827293482740337
1221,18,335,2,2.0,1.0,4,0.4383605031175874
1221,19,428,2,1.9813084112149533,1.0,6,0.5018783710664552
1221,20,321,2,2.0,1.0,4,0.4125392378250743
1221,21,130,2,1.8076923076923077,1.0,4,0.5419624078374401
1222,1,762,2,2.0,1.0,3,0.0509573191583293
1222,2,639,2,2.0,1.0,2,0.06462892037082722
1222,3,562,2,2.0,1.0,2,0.03766230689203332
1222,4,500,2,2.0,1.0,2,0.2794587904360058
1222,5,467,2,2.0,1.0,4,0.2779891113422273
1222,6,383,2,2.0,1.0,3,0.2803000534485587
1222,7,355,2,2.0,1.0,1,0.06004507252627012
1222,8,401,2,2.0,1.0,4,0.30931380579337275
1222,9,404,2,2.0,1.0,2,0.3365749426357543
1222,10,342,2,2.0,1.0,4,0.34314608603306634
1222,11,350,2,2.0,1.0,2,0.3272614607040365
1222,12,386,2,2.0,1.0,4,0.3544111079076511
1222,13,357,2,2.0,1.0,4,0.3627379752501365
1222,14,375,2,2.0,1.0,8,0.18918617725201695
1222,15,345,2,2.0,1.0,1,0.4113174752133605
1222,16,280,2,2.0,1.0,4,0.4149119113676252
1222,17,328,2,1.9878048780487805,1.0,2,0.43511607685902354
1222,18,333,2,2.0,1.0,4,0.4185513461258947
1222,19,314,2,2.0,1.0,6,0.4282985196918916
1222,20,543,2,0.47882136279926335,1.0,4,0.8671855511946057
1222,21,696,2,0.3261494252873563,1.0,4,0.9177717750827108
1223,1,764,2,2.0,1.0,3,0.050794140986858693
1223,2,633,2,2.0,1.0,2,0.0646282684623494
1223,3,559,2,2.0,1.0,2,0.03766918798377878
1223,4,509,2,2.0,1.0,1,0.27910026692530254
1223,5,473,2,2.0,1.0,1,0.277709744714691
1223,6,394,2,2.0,1.0,3,0.25700389913019
1223,7,380,2,2.0,1.0,2,0.06751963748029509
1223,8,397,2,2.0,1.0,4,0.2719178467393152
1223,9,392,2,2.0,1.0,1,0.04032553259165596
1223,10,374,2,2.0,1.0,1,0.342767201666095
1223,11,372,2,2.0,1.0,4,0.34596749821855116
1223,12,365,2,2.0,1.0,3,0.34736118128782756
1223,13,358,2,2.0,1.0,3,0.3612602253207958
1223,14,361,2,2.0,1.0,5,0.353761715576035
1223,15,336,2,2.0,1.0,3,0.36078616275065434
1223,16,341,2,2.0,1.0,2,0.3634981969649231
1223,17,1014,2,0.06903353057199212,1.0,4,0.980263313716533
1224,1,769,2,2.0,1.0,3,0.05086539003648544
1224,2,634,2,2.0,1.0,2,0.06242641573871857
1224,3,561,2,2.0,1.0,2,0.03565102948160967
1224,4,505,2,2.0,1.0,1,0.28001312455476157
1224,5,467,2,2.0,1.0,4,0.27512591462713804
1224,6,405,2,2.0,1.0,3,0.2653934919707913
1224,7,409,2,2.0,1.0,3,0.2927233333642315
1224,8,389,2,2.0,1.0,4,0.3302910556171913
1224,9,350,2,2.0,1.0,1,0.2699319428083352
1224,10,338,2,2.0,1.0,5,0.24935746262564687
1224,11,316,2,2.0,1.0,4,0.24615816118350536
1224,12,301,2,2.0,1.0,4,0.22622286576193684
1224,13,296,2,2.0,1.0,4,0.12173998576487517
1224,14,304,2,2.0,1.0,8,0.023009024161948066
1224,15,368,2,2.0,1.0,4,0.0026678658330424616
1224,16,394,2,2.0,1.0,2,0.013218274051854866
1224,17,337,2,2.0,1.0,4,0.17678081049953617
1224,18,300,2,1.9966666666666666,1.0,4,-0.054606217629917936
1224,19,278,2,1.9280575539568345,1.0,4,-0.09216621664529155
1225,1,771,2,2.0,1.0,3,0.05460821572216271
1225,2,646,2,2.0,1.0,2,0.06462227384502035
1225,3,568,2,2.0,1.0,1,0.03767740886265408
1225,4,501,2,2.0,1.0,1,0.2792400264406254
1225,5,465,2,2.0,1.0,1,0.27754268923832603
1225,6,402,2,2.0,1.0,3,0.28307097819922195
1225,7,372,2,2.0,1.0,3,0.2667994957481467
1225,8,401,2,2.0,1.0,4,0.33314945310657884
1225,9,411,2,2.0,1.0,3,0.34422751843990257
1225,10,346,2,2.0,1.0,4,0.34863469447985873
1225,11,261,2,2.0,1.0,8,0.31926952058350927
1225,12,352,2,2.0,1.0,3,0.38701761856547956
1225,13,353,2,2.0,1.0,3,0.16997957561186253
1225,14,344,2,2.0,1.0,5,0.19266172181437255
1225,15,319,2,2.0,1.0,6,0.21994312605650346
1225,16,335,2,2.0,1.0,6,0.4186829748678933
1225,17,354,2,2.0,1.0,3,0.4234534189046748
1225,18,346,2,2.0,1.0,12,0.4258980822872806
1225,19,324,2,1.9876543209876543,1.0,4,0.4144137017128669
1225,20,926,2,0.1673866090712743,1.0,4,0.9524810470039575
1226,1,761,2,2.0,1.0,3,0.054927536339692294
1226,2,626,2,2.0,1.0,2,0.06462058367430756
1226,3,561,2,2.0,1.0,2,0.03760998105276929
1226,4,509,2,2.0,1.0,2,0.2661543229974561
1226,5,458,2,2.0,1.0,1,0.2651304851536602
1226,6,420,2,2.0,1.0,1,0.25987515592940613
1226,7,368,2,2.0,1.0,1,0.2706591214296098
1226,8,356,2,2.0,1.0,2,0.2932548814426705
1226,9,421,2,2.0,1.0,3,0.28308394704502615
1226,10,381,2,2.0,1.0,4,0.08871420741661253
1226,11,353,2,2.0,1.0,1,0.06806598064627421
1226,12,377,2,2.0,1.0,1,0.28646224975720586
1226,13,341,2,2.0,1.0,4,0.31564671531595223
1226,14,423,2,2.0,1.0,2,0.3184186143263645
1226,15,391,2,2.0,1.0,1,0.03371076412361573
1226,16,331,2,2.0,1.0,6,0.015910389230904442
1226,17,313,2,2.0,1.0,6,0.2069031326940378
1226,18,345,2,2.0,1.0,6,-0.024058364887963958
1226,19,386,2,2.0,1.0,4,-0.0294834374720159
1226,20,421,2,1.995249406175772,1.0,4,-0.501187648456057
1226,21,643,1,1.0,1.0,1,-0.75
1227,1,759,2,2.0,1.0,3,0.05458538327044134
1227,2,633,2,2.0,1.0,2,0.06462138429274801
1227,3,560,2,2.0,1.0,2,0.03762250753689126
1227,4,507,2,2.0,1.0,2,0.2797445360906901
1227,5,468,2,2.0,1.0,1,0.27769151533680314
1227,6,439,2,2.0,1.0,1,0.2665608928336088
1227,7,391,2,2.0,1.0,3,0.2592539030387681
1227,8,384,2,2.0,1.0,1,0.05557113009719886
1227,9,412,2,2.0,1.0,2,0.2602573458013567
1227,10,375,2,2.0,1.0,4,0.28501719556660443
1227,11,344,2,2.0,1.0,4,0.25238570408880195
1227,12,357,2,2.0,1.0,4,0.25695795046305536
1227,13,330,2,2.0,1.0,5,0.22147131565795042
1227,14,334,2,2.0,1.0,6,0.004797088794383761
1227,15,330,2,2.0,1.0,6,-0.02370771234332728
1227,16,348,2,2.0,1.0,5,-0.04618533694540125
1227,17,395,2,1.929113924050633,1.0,1,-0.5177215189873418
1227,18,585,1,1.0,1.0,1,-0.75
1228,1,672,2,2.0,1.0,3,0.0355307929878621
1228,2,593,2,2.0,1.0,2,0.03557143734951726
1228,3,520,2,2.0,1.0,2,0.03474018563838509
1228,4,491,2,2.0,1.0,1,0.26220382818593724
1228,5,427,2,2.0,1.0,1,0.2623173143928113
1228,6,388,2,2.0,1.0,1,0.260948090383
1228,7,393,2,2.0,1.0,1,0.2637878239651384
1228,8,383,2,2.0,1.0,2,0.25303378394286047
1228,9,390,2,2.0,1.0,2,0.2713946726510315
1228,10,394,2,2.0,1.0,3,0.26312266904543113
1228,11,394,2,2.0,1.0,4,0.011971545817435102
1228,12,428,2,2.0,1.0,6,0.005824798982812416
1228,13,359,2,2.0,1.0,3,0.2383016668537962
1228,14,334,2,2.0,1.0,1,0.25092696086060723
1228,15,258,2,2.0,1.0,3,0.22415551612812296
1228,16,314,2,2.0,1.0,2,0.22329540964848527
1228,17,322,2,2.0,1.0,2,0.02631964864757378
1228,18,305,2,2.0,1.0,4,-0.01368132657567755
1228,19,322,2,2.0,1.0,7,-0.015681921086164122
1228,20,320,2,2.0,1.0,8,-0.07049211093010413
1228,21,327,2,2.0,1.0,1,-0.07115754898629575
1228,22,277,2,1.9963898916967509,1.0,4,-0.5009025270758123
1228,23,529,1,1.0,1.0,1,-0.75
1229,1,674,2,2.0,1.0,3,0.03554809387683245
1229,2,592,2,2.0,1.0,2,0.03341247361833101
1229,3,531,2,2.0,1.0,2,0.03288309049459779
1229,4,489,2,2.0,1.0,1,0.276133404623483
1229,5,434,2,2.0,1.0,1,0.26831636417387794
1229,6,424,2,2.0,1.0,1,0.26137572640161555
1229,7,425,2,2.0,1.0,2,0.24295212186601547
1229,8,377,2,2.0,1.0,3,0.04316556633522055
1229,9,321,2,2.0,1.0,4,0.03479461535991922
1229,10,377,2,2.0,1.0,1,0.004593154591832203
1229,11,378,2,2.0,1.0,6,-0.01668974318056875
1229,12,321,2,2.0,1.0,4,-0.022841446742747972
1229,13,353,2,2.0,1.0,1,-0.035660353032650534
1229,14,319,2,1.9905956112852665,1.0,4,-0.06800981495214171
1229,15,365,2,1.9424657534246574,1.0,1,-0.5143835616438356
1230,1,673,2,2.0,1.0,3,0.0356349256412493
1230,2,595,2,2.0,1.0,2,0.03551764841253689
1230,3,516,2,2.0,1.0,2,0.03489481499732436
1230,4,479,2,2.0,1.0,1,0.253985670648652
1230,5,444,2,2.0,1.0,1,0.25762260636524237
1230,6,412,2,2.0,1.0,1,0.24731497433741867
1230,7,389,2,2.0,1.0,3,0.045363862351286796
1230,8,377,2,2.0,1.0,5,0.022209024565097414
1230,9,387,2,2.0,1.0,4,0.004446549906331114
1230,10,389,2,2.0,1.0,4,-0.004944032176781284
1230,11,393,2,2.0,1.0,2,-0.025849665552200744
1230,12,433,2,1.926096997690531,1.0,1,-0.5184757505773672
1230,13,481,2,1.920997920997921,1.0,1,-0.5197505197505198
1230,14,678,1,1.0,1.0,1,-0.75
1231,1,669,2,2.0,1.0,3,0.03577703181176978
1231,2,600,2,2.0,1.0,2,0.035533930812099775
1231,3,531,2,2.0,1.0,2,0.034895034839281275
1231,4,491,2,2.0,1.0,1,0.2748039343833822
1231,5,423,2,2.0,1.0,1,0.26702884402496857
1231,6,401,2,2.0,1.0,4,0.2761762472985341
1231,7,405,2,2.0,1.0,2,0.262700647256611
1231,8,366,2,2.0,1.0,4,0.04291562494535012
1231,9,360,2,2.0,1.0,4,0.022703815640338486
1231,10,328,2,2.0,1.0,5,0.01924751501865831
1231,11,404,2,2.0,1.0,2,0.0032550673642471827
1231,12,387,2,2.0,1.0,8,0.21957080085798916
1231,13,381,2,2.0,1.0,6,0.21040312671723538
1231,14,352,2,2.0,1.0,1,-0.5
1231,15,381,2,2.0,1.0,4,-0.0339524235521614
1231,16,652,1,1.0,1.0,1,-0.75
1232,1,684,2,2.0,1.0,3,0.03554578462977493
1232,2,592,2,2.0,1.0,2,0.03352607198924426
1232,3,524,2,2.0,1.0,2,0.03288293491361963
1232,4,494,2,2.0,1.0,1,0.2634802837526744
1232,5,436,2,2.0,1.0,1,0.25100217590566304
1232,6,402,2,2.0,1.0,1,0.24817939392941346
1232,7,405,2,2.0,1.0,3,0.24397643537216127
1232,8,379,2,2.0,1.0,1,0.03946365733260954
1232,9,375,2,2.0,1.0,4,0.21139895594865682
1232,10,383,2,2.0,1.0,4,0.006063208472590284
1232,11,376,2,2.0,1.0,4,-0.002009278582832116
1232,12,398,2,2.0,1.0,1,-0.012691628077982632
1232,13,359,2,2.0,1.0,4,-0.02398087404823387
1232,14,323,2,2.0,1.0,1,-0.05593093626190737
1232,15,403,2,1.9156327543424319,1.0,2,-0.5210918114143921
1232,16,580,1,1.0,1.0,1,-0.75
1233,1,673,2,2.0,1.0,3,0.03552263100335911
1233,2,594,2,2.0,1.0,2,0.03552867378880873
1233,3,536,2,2.0,1.0,2,0.034763435904046985
1233,4,491,2,2.0,1.0,2,0.27561724000536886
1233,5,416,2,2.0,1.0,1,0.2618072180891556
1233,6,380,2,2.0,1.0,3,0.24547799856299582
1233,7,373,2,2.0,1.0,2,0.2684081980414139
1233,8,332,2,2.0,1.0,4,0.0417414336490862
1233,9,382,2,2.0,1.0,4,0.2507400277261867
1233,10,376,2,2.0,1.0,4,0.0784875129694818
1233,11,373,2,2.0,1.0,1,0.006235125599564683
1233,12,386,2,2.0,1.0,4,-0.0015164839438737837
1233,13,373,2,2.0,1.0,6,-0.009111291071525208
1233,14,371,2,2.0,1.0,5,-0.025858117745318706
1233,15,451,2,2.0,1.0,2,-0.5
1233,16,670,1,1.0,1.0,1,-0.75
1234,1,691,2,2.0,1.0,3,0.03556991880929591
1234,2,603,2,2.0,1.0,2,0.0355504588072757
1234,3,543,2,2.0,1.0,2,0.03476065205929482
1234,4,495,2,2.0,1.0,2,0.27553369296468333
1234,5,428,2,2.0,1.0,4,0.25223982853655597
1234,6,401,2,2.0,1.0,5,0.26337492863032447
1234,7,444,2,2.0,1.0,6,0.2500025063611839
1234,8,363,2,2.0,1.0,4,0.23436396419909838
1234,9,380,2,2.0,1.0,7,0.024235375504223045
1234,10,417,2,2.0,1.0,1,0.0024874065953247116
1234,11,347,2,2.0,1.0,4,-0.013373435829439485
1234,12,389,2,2.0,1.0,4,-0.016596530083692725
1234,13,350,2,2.0,1.0,1,0.21255236669054967
1234,14,355,2,2.0,1.0,1,0.006579357399995671
1234,15,312,2,1.919871794871795,1.0,4,-0.126752407025845
1234,16,1255,0,0.0,1.0,0,-1.0
1235,1,660,2,2.0,1.0,3,0.035812852357552376
1235,2,580,2,2.0,1.0,2,0.03344553003259171
1235,3,525,2,2.0,1.0,2,0.03288295739348341
1235,4,484,2,2.0,1.0,1,0.2762951102564117
1235,5,431,2,2.0,1.0,4,0.26681427029336957
1235,6,400,2,2.0,1.0,6,0.2707115415620529
1235,7,364,2,2.0,1.0,3,0.2541826670562735
1235,8,425,2,2.0,1.0,2,0.27837306227655817
1235,9,417,2,2.0,1.0,2,0.2818481241960279
1235,10,377,2,2.0,1.0,4,0.29369205670188525
1235,11,360,2,2.0,1.0,4,0.28463320018989713
1235,12,360,2,2.0,1.0,2,0.28887958996081625
1235,13,311,2,2.0,1.0,4,0.2522939498234578
1235,14,326,2,2.0,1.0,4,0.027695163872300112
1235,15,350,2,2.0,1.0,3,0.0011741462019967952
1235,16,392,2,2.0,1.0,2,-0.010691204125216815
1235,17,377,2,2.0,1.0,4,-0.011894644188722691
1235,18,361,2,2.0,1.0,2,-0.09095396551624021
1235,19,457,2,1.9234135667396062,1.0,2,-0.5191466083150985
1235,20,624,1,1.0,1.0,1,-0.75
1236,1,672,2,2.0,1.0,3,0.035546794011927646
1236,2,584,2,2.0,1.0,2,0.03557896736064972
1236,3,512,2,2.0,1.0,2,0.03489475419728315
1236,4,485,2,2.0,1.0,2,0.2632972917994037
1236,5,437,2,2.0,1.0,2,0.2638647704684065
1236,6,370,2,2.0,1.0,5,0.2581130129874005
1236,7,422,2,2.0,1.0,2,0.25859778995223354
1236,8,429,2,2.0,1.0,5,0.06393972467086852
1236,9,399,2,2.0,1.0,4,0.029054808898026814
1236,10,349,2,2.0,1.0,4,0.294237310090375
1236,11,316,2,2.0,1.0,4,0.2408924356294014
1236,12,357,2,2.0,1.0,4,0.02063432278013068
1236,13,364,2,2.0,1.0,1,-0.010465650421007581
1236,14,383,2,2.0,1.0,2,0.20393807524269159
1236,15,336,2,2.0,1.0,1,-0.029513169784531276
1236,16,417,2,1.9880095923261392,1.0,1,-0.5007438493649525
1236,17,620,1,1.0,1.0,1,-0.75
1237,1,674,2,2.0,1.0,3,0.026135381725595954
1237,2,583,2,2.0,1.0,2,0.02913110499899625
1237,3,532,2,2.0,1.0,2,0.032826499514294144
1237,4,485,2,2.0,1.0,2,0.2752525229071657
1237,5,423,2,2.0,1.0,1,0.2668771954591503
1237,6,372,2,2.0,1.0,1,0.273633035577063
1237,7,390,2,2.0,1.0,1,0.25207701412522193
1237,8,328,2,2.0,1.0,4,0.039659186722718176
1237,9,368,2,2.0,1.0,4,0.010072598175908934
1237,10,354,2,2.0,1.0,4,0.01293447923883046
1237,11,389,2,2.0,1.0,5,-0.0076364519429998065
1237,12,375,2,2.0,1.0,4,-0.015884494517695618
1237,13,318,2,2.0,1.0,1,-0.02282593032375497
1237,14,420,2,1.9238095238095239,1.0,2,-0.5190476190476191
1237,15,636,1,1.0,1.0,1,-0.75
1238,1,674,2,2.0,1.0,3,0.03553927032925456
1238,2,587,2,2.0,1.0,2,0.033490709127281415
1238,3,543,2,2.0,1.0,2,0.03270316231860259
1238,4,484,2,2.0,1.0,1,0.27486031872336836
1238,5,416,2,2.0,1.0,1,0.27060889890869305
1238,6,380,2,2.0,1.0,1,0.2716321524173466
1238,7,396,2,2.0,1.0,3,0.240044376454257
1238,8,362,2,2.0,1.0,4,0.21983499475785145
1238,9,449,2,2.0,1.0,2,0.2369882326785005
1238,10,398,2,2.0,1.0,4,-0.012568352306031618
1238,11,415,2,2.0,1.0,2,0.21888388416049426
1238,12,399,2,2.0,1.0,4,-0.02174571615612504
1238,13,312,2,2.0,1.0,4,-0.06969377875903827
1238,14,289,2,1.944636678200692,1.0,4,-0.12019221791475843
1239,1,683,2,2.0,1.0,3,0.035545141783720646
1239,2,580,2,2.0,1.0,2,0.03349210138322739
1239,3,541,2,2.0,1.0,2,0.03288330576904342
1239,4,472,2,2.0,1.0,1,0.059660905547556264
1239,5,434,2,2.0,1.0,4,0.2813930237305376
1239,6,390,2,2.0,1.0,2,0.04692889759535183
1239,7,403,2,2.0,1.0,3,0.2623726708260976
1239,8,403,2,2.0,1.0,4,0.24905698492680314
1239,9,400,2,2.0,1.0,4,0.24935852400492797
1239,10,348,2,2.0,1.0,4,0.03349881130762622
1239,11,424,2,2.0,1.0,2,0.005607509329972377
1239,12,393,2,2.0,1.0,1,-0.002038588903171116
1239,13,405,2,2.0,1.0,4,-0.013944972449050033
1239,14,369,2,2.0,1.0,2,0.21710215238046307
1239,15,375,2,2.0,1.0,6,-0.5
1239,16,642,1,1.0,1.0,1,-0.75
1240,1,675,2,2.0,1.0,3,0.03554874092069618
1240,2,590,2,2.0,1.0,2,0.03551997558906365
1240,3,533,2,2.0,1.0,2,0.03476552310561366
1240,4,482,2,2.0,1.0,2,0.2743547781111213
1240,5,430,2,2.0,1.0,1,0.2624298924674713
1240,6,369,2,2.0,1.0,1,0.2797269544574091
1240,7,382,2,2.0,1.0,2,0.2607620834130582
1240,8,384,2,2.0,1.0,1,0.046642259660303116
1240,9,403,2,2.0,1.0,4,0.02266030773531668
1240,10,393,2,2.0,1.0,4,0.0005760937464274006
1240,11,397,2,2.0,1.0,5,-0.0037825000335393365
1240,12,403,2,2.0,1.0,3,0.2348980788048911
1240,13,406,2,2.0,1.0,1,-0.5
1240,14,422,2,1.990521327014218,1.0,2,-0.05574228929488154
1240,15,407,2,1.9950859950859952,1.0,2,-0.5012285012285013
1240,16,649,1,1.0,1.0,1,-0.75
1241,1,671,2,2.0,1.0,3,0.03552125330594782
1241,2,595,2,2.0,1.0,2,0.033420974233212275
1241,3,536,2,2.0,1.0,2,0.03274173162527416
1241,4,485,2,2.0,1.0,1,0.05965880324506848
1241,5,436,2,2.0,1.0,1,0.2785059212894137
1241,6,403,2,2.0,1.0,3,0.05702039015430507
1241,7,358,2,2.0,1.0,4,0.04299632697621365
1241,8,363,2,2.0,1.0,1,0.01906866641810255
1241,9,379,2,2.0,1.0,4,0.07660405815987123
1241,10,457,2,2.0,1.0,3,-0.004134765512064636
1241,11,425,2,2.0,1.0,4,0.22259023003868542
1241,12,397,2,2.0,1.0,3,-0.03620808131904516
1241,13,330,2,2.0,1.0,4,-0.07111304786699212
1241,14,629,1,1.0,1.0,1,-0.75
1242,1,678,2,2.0,1.0,3,0.035547995825886074
1242,2,581,2,2.0,1.0,2,0.03345387206957712
1242,3,540,2,2.0,1.0,2,0.0328832846003896
1242,4,487,2,2.0,1.0,1,0.058196040953014366
1242,5,449,2,2.0,1.0,1,0.2727260026120738
1242,6,386,2,2.0,1.0,3,0.24843286766307593
1242,7,375,2,2.0,1.0,1,0.26176887786696384
1242,8,369,2,2.0,1.0,1,0.2312832000923496
1242,9,337,2,2.0,1.0,4,0.03932115946017963
1242,10,378,2,2.0,1.0,1,0.024790709699246544
1242,11,424,2,2.0,1.0,5,0.2287100040813991
1242,12,397,2,2.0,1.0,2,-0.01701746624605552
1242,13,368,2,2.0,1.0,6,0.01852226799063442
1242,14,383,2,2.0,1.0,1,-0.0016983275343975097
1242,15,390,2,1.9230769230769231,1.0,1,-0.5192307692307693
1243,1,671,2,2.0,1.0,3,0.03552125330594782
1243,2,589,2,2.0,1.0,2,0.03552521837621852
1243,3,529,2,2.0,1.0,2,0.034747572641733504
1243,4,487,2,2.0,1.0,1,0.27374788237141545
1243,5,417,2,2.0,1.0,4,0.2581549126633173
1243,6,366,2,2.0,1.0,3,0.2430229188815375
1243,7,377,2,2.0,1.0,2,0.21122533447962702
1243,8,372,2,2.0,1.0,1,0.016271107214032507
1243,9,369,2,2.0,1.0,1,0.005572536427644747
1243,10,393,2,2.0,1.0,4,-0.000649071216894065
1243,11,377,2,2.0,1.0,3,-0.009018027060701818
1243,12,350,2,2.0,1.0,6,0.1957038926681791
1243,13,444,2,1.9954954954954955,1.0,1,-0.5011261261261262
1243,14,661,1,1.0,1.0,1,-0.75
1244,1,672,2,2.0,1.0,3,0.035798521637348896
1244,2,604,2,2.0,1.0,2,0.03555334552909399
1244,3,529,2,2.0,1.0,1,0.03489121066974039
1244,4,487,2,2.0,1.0,1,0.2581223699586341
1244,5,405,2,2.0,1.0,1,0.06602533900222604
1244,6,384,2,2.0,1.0,5,0.04471516828330088
1244,7,403,2,2.0,1.0,2,0.2528978090274506
1244,8,357,2,2.0,1.0,4,0.31407168491661724
1244,9,363,2,2.0,1.0,4,0.2794380515231147
1244,10,390,2,2.0,1.0,2,0.34646231074274947
1244,11,371,2,2.0,1.0,3,0.33380777979909687
1244,12,290,2,2.0,1.0,7,0.3005579630651573
1244,13,410,2,2.0,1.0,6,0.3947699926037107
1244,14,377,2,2.0,1.0,5,0.16774634766664612
1244,15,374,2,2.0,1.0,4,0.40424032834774065
1244,16,375,2,2.0,1.0,2,0.40040417930501176
1244,17,440,2,2.0,1.0,4,0.4226205611091999
1244,18,394,2,2.0,1.0,4,0.4194189455881868
1244,19,1177,2,0.027187765505522515,1.0,4,0.9907799148316969
1244,20,245,2,1.6571428571428573,1.0,6,0.5275857451290605
1244,21,907,2,0.12899669239250275,1.0,3,0.9634315503227465
1245,1,689,2,2.0,1.0,3,0.034095816810112554
1245,2,615,2,2.0,1.0,2,0.03332299289960626
1245,3,544,2,2.0,1.0,2,0.032730492627212567
1245,4,493,2,2.0,1.0,2,0.267089197958408
1245,5,448,2,2.0,1.0,1,0.2568333388995408
1245,6,410,2,2.0,1.0,1,0.2575209683887294
1245,7,391,2,2.0,1.0,3,0.23880727718602207
1245,8,361,2,2.0,1.0,5,0.039416524283780265
1245,9,385,2,2.0,1.0,3,0.012821745383171684
1245,10,388,2,2.0,1.0,1,0.011199990659385515
1245,11,412,2,2.0,1.0,4,-0.003019616046526639
1245,12,432,2,2.0,1.0,1,-0.00982289230489403
1245,13,397,2,2.0,1.0,6,0.20866252213836448
1245,14,386,2,2.0,1.0,2,-0.0023510503113173373
1245,15,384,2,2.0,1.0,2,-0.08174375730140214
1246,1,673,2,2.0,1.0,3,0.035774983168728854
1246,2,593,2,2.0,1.0,2,0.03554563183726552
1246,3,530,2,2.0,1.0,2,0.03474786514128231
1246,4,472,2,2.0,1.0,1,0.25677548689866997
1246,5,423,2,2.0,1.0,1,0.25383586434888933
1246,6,398,2,2.0,1.0,1,0.2512984549347225
1246,7,391,2,2.0,1.0,4,0.2133151210192043
1246,8,362,2,2.0,1.0,5,0.23771916239471974
1246,9,357,2,2.0,1.0,2,0.22135257485039064
1246,10,373,2,2.0,1.0,4,0.03901920876050543
1246,11,399,2,2.0,1.0,2,0.001581484528607434
1246,12,406,2,2.0,1.0,7,-0.012870181662858263
1246,13,386,2,2.0,1.0,4,-0.024893661364930434
1246,14,676,1,1.0,1.0,1,-0.75
1247,1,662,2,2.0,1.0,3,0.035537437453464035
1247,2,590,2,2.0,1.0,2,0.035512719958694476
1247,3,525,2,2.0,1.0,2,0.03488729941737481
1247,4,481,2,2.0,1.0,2,0.27532281381871215
1247,5,421,2,2.0,1.0,1,0.2606341084049752
1247,6,400,2,2.0,1.0,1,0.24784729431362806
1247,7,368,2,2.0,1.0,7,0.23028606309984512
1247,8,359,2,2.0,1.0,4,0.21637769269645066
1247,9,334,2,2.0,1.0,4,0.02880953780031869
1247,10,329,2,2.0,1.0,3,0.0006904535601920726
1247,11,373,2,2.0,1.0,7,-0.0032792406931546744
1247,12,412,2,2.0,1.0,6,-0.017565215411367345
1247,13,387,2,2.0,1.0,4,-0.4963755408903203
1247,14,621,1,1.0,1.0,1,-0.75
1248,1,680,2,2.0,1.0,3,0.035551947593962
1248,2,598,2,2.0,1.0,2,0.035564675541112555
1248,3,547,2,2.0,1.0,1,0.034587760924149336
1248,4,483,2,2.0,1.0,1,0.2751126524187292
1248,5,426,2,2.0,1.0,4,0.25690046275389444
1248,6,406,2,2.0,1.0,5,0.2459645280164159
1248,7,431,2,2.0,1.0,7,0.2447529283063842
1248,8,352,2,2.0,1.0,3,0.22408483877803362
1248,9,343,2,2.0,1.0,5,0.0492953838920249
1248,10,395,2,2.0,1.0,1,0.021479078118397534
1248,11,377,2,2.0,1.0,4,0.08057883599160082
1248,12,372,2,2.0,1.0,4,0.013362519600770279
1248,13,317,2,2.0,1.0,4,-0.01653559505753955
1248,14,383,2,2.0,1.0,5,-0.5
1248,15,625,1,1.0,1.0,1,-0.75
1249,1,672,2,2.0,1.0,3,0.03580431539963008
1249,2,600,2,2.0,1.0,2,0.033461700319047945
1249,3,542,2,2.0,1.0,2,0.03259537518544094
1249,4,516,2,2.0,1.0,3,0.26417245763805475
1249,5,443,2,2.0,1.0,4,0.26042825774510536
1249,6,385,2,2.0,1.0,4,0.2593090624000969
1249,7,392,2,2.0,1.0,2,0.2315724535063143
1249,8,358,2,2.0,1.0,4,0.036391369642439296
1249,9,380,2,2.0,1.0,2,0.00965697118112111
1249,10,374,2,2.0,1.0,1,-0.011570810804183306
1249,11,384,2,2.0,1.0,5,-0.004989611487474009
1249,12,372,2,2.0,1.0,2,0.224374700064464
1249,13,368,2,2.0,1.0,1,0.22801692118422442
1249,14,329,2,2.0,1.0,4,-0.024293042977263514
1249,15,330,2,1.9393939393939394,1.0,3,-0.5151515151515151
1249,16,1131,0,0.0,1.0,0,-1.0
1250,1,676,2,2.0,1.0,3,0.03577924325839945
1250,2,596,2,2.0,1.0,2,0.03343498610330861
1250,3,536,2,2.0,1.0,2,0.03279653387003124
1250,4,494,2,2.0,1.0,2,0.27688895903561556
1250,5,439,2,2.0,1.0,1,0.272906399279941
1250,6,388,2,2.0,1.0,1,0.2712597293400976
1250,7,373,2,2.0,1.0,3,0.171312301657976
1250,8,393,2,2.0,1.0,5,0.24546183901404012
1250,9,379,2,2.0,1.0,5,0.03505101780845025
1250,10,360,2,2.0,1.0,4,0.007722589648306548
1250,11,352,2,2.0,1.0,1,-0.001305222126354714
1250,12,388,2,2.0,1.0,4,-0.014122908457275164
1250,13,345,2,2.0,1.0,7,-0.01796900260854922
1250,14,351,2,2.0,1.0,6,-0.02630220551012361
1250,15,438,2,1.9292237442922375,1.0,1,-0.5176940639269406
1250,16,635,1,1.0,1.0,1,-0.75
1251,1,669,2,2.0,1.0,3,0.026127643167190358
1251,2,589,2,2.0,1.0,2,0.0334295742237427
1251,3,512,2,2.0,1.0,2,0.03286611385656757
1251,4,492,2,2.0,1.0,2,0.26257038964880614
1251,5,426,2,2.0,1.0,1,0.2590939855590607
1251,6,395,2,2.0,1.0,1,0.26010439944808034
1251,7,425,2,2.0,1.0,4,0.24551063262007483
1251,8,377,2,2.0,1.0,4,0.2262232669022455
1251,9,373,2,2.0,1.0,4,0.2426848888230858
1251,10,354,2,2.0,1.0,5,0.036142784092039554
1251,11,352,2,2.0,1.0,5,0.011714162652085691
1251,12,417,2,2.0,1.0,1,-0.010331410196518107
1251,13,393,2,2.0,1.0,2,-0.021484313852586128
1251,14,362,2,2.0,1.0,1,-0.5
1251,15,639,1,1.0,1.0,1,-0.75
1252,1,675,2,2.0,1.0,3,0.026135491793290413
1252,2,586,2,2.0,1.0,2,0.03347499152333442
1252,3,529,2,2.0,1.0,2,0.03288304646303821
1252,4,498,2,2.0,1.0,1,0.27634687002236874
1252,5,427,2,2.0,1.0,1,0.2635018530816258
1252,6,382,2,2.0,1.0,1,0.2527438445567136
1252,7,375,2,2.0,1.0,3,0.24535351364046012
1252,8,379,2,2.0,1.0,1,0.23723983236251092
1252,9,361,2,2.0,1.0,4,0.04004968430806756
1252,10,371,2,2.0,1.0,2,0.011734387972643891
1252,11,412,2,2.0,1.0,2,-0.006772550688445373
1252,12,389,2,2.0,1.0,6,0.20962722539164524
1252,13,355,2,2.0,1.0,1,-0.02793213524294018
1252,14,413,2,1.9951573849878934,1.0,1,-0.5012106537530266
1252,15,536,1,1.0,1.0,1,-0.75
1253,1,671,2,2.0,1.0,3,0.03553011630306779
1253,2,593,2,2.0,1.0,2,0.0355314653974055
1253,3,531,2,2.0,1.0,1,0.034770550671673284
1253,4,494,2,2.0,1.0,1,0.27390062781796626
1253,5,437,2,2.0,1.0,2,0.2735014337719462
1253,6,424,2,2.0,1.0,5,0.2620045046882618
1253,7,420,2,2.0,1.0,1,0.25392312492065505
1253,8,408,2,2.0,1.0,6,0.045255170372422916
1253,9,369,2,2.0,1.0,4,0.01814432684145797
1253,10,405,2,2.0,1.0,4,0.005811648068573404
1253,11,420,2,2.0,1.0,6,0.0016098535724771755
1253,12,404,2,2.0,1.0,1,0.219939153223344
1253,13,391,2,2.0,1.0,4,0.2199584404031157
1253,14,364,2,2.0,1.0,1,-0.051750089863407615
1253,15,627,1,1.0,1.0,1,-0.75
1254,1,689,2,2.0,1.0,3,0.03576249238566904
1254,2,602,2,2.0,1.0,2,0.03553973251433157
1254,3,544,2,2.0,1.0,2,0.034751847221536784
1254,4,484,2,2.0,1.0,1,0.05675802795266121
1254,5,446,2,2.0,1.0,1,0.278117118624099
1254,6,394,2,2.0,1.0,3,0.056813714526206975
1254,7,379,2,2.0,1.0,4,0.24444897503243618
1254,8,331,2,2.0,1.0,1,0.03269979851217351
1254,9,358,2,2.0,1.0,3,0.01642055668889022
1254,10,389,2,2.0,1.0,1,0.23770873654212873
1254,11,371,2,2.0,1.0,4,0.2902731543020631
1254,12,353,2,2.0,1.0,4,0.10382336093042396
1254,13,374,2,2.0,1.0,4,0.22419968917908328
1254,14,371,2,2.0,1.0,2,-0.023201188820127255
1254,15,344,2,2.0,1.0,6,-0.02794941429266494
1254,16,367,2,1.997275204359673,1.0,1,-0.5006811989100818
1254,17,612,1,1.0,1.0,1,-0.75
1255,1,669,2,2.0,1.0,3,0.03552875686455723
1255,2,592,2,2.0,1.0,2,0.033480834326932794
1255,3,531,2,2.0,1.0,2,0.03288309049459779
1255,4,486,2,2.0,1.0,1,0.27531300472777387
1255,5,442,2,2.0,1.0,4,0.24708065353791994
1255,6,411,2,2.0,1.0,5,0.24871528692542452
1255,7,376,2,2.0,1.0,3,0.04732590664686211
1255,8,419,2,2.0,1.0,5,0.2509798472217154
1255,9,378,2,2.0,1.0,3,0.021182134107710512
1255,10,394,2,2.0,1.0,3,0.011088346348719363
1255,11,440,2,2.0,1.0,3,0.23218850264700597
1255,12,411,2,2.0,1.0,7,0.2246827112106104
1255,13,347,2,2.0,1.0,4,0.21437954427124856
1255,14,355,2,2.0,1.0,6,-0.4959740687113334
1255,15,350,2,2.0,1.0,1,-0.4972532467532467
1255,16,590,1,1.0,1.0,1,-0.75
1256,1,668,2,2.0,1.0,3,0.035527219710961774
1256,2,591,2,2.0,1.0,2,0.035596173206849845
1256,3,543,2,2.0,1.0,2,0.03474356342978023
1256,4,478,2,2.0,1.0,2,0.27539276575098065
1256,5,412,2,2.0,1.0,1,0.2620650575230549
1256,6,395,2,2.0,1.0,1,0.23568947469475526
1256,7,390,2,2.0,1.0,3,0.25341456204306356
1256,8,341,2,2.0,1.0,4,0.24924435344989884
1256,9,339,2,2.0,1.0,4,0.011503011717793218
1256,10,359,2,2.0,1.0,1,0.0013766152942442968
1256,11,347,2,2.0,1.0,4,-0.011843604275217882
1256,12,334,2,2.0,1.0,4,0.21772658186269434
1256,13,357,2,2.0,1.0,4,-0.023260682040237783
1256,14,393,2,1.9465648854961832,1.0,1,-0.5133587786259542
1257,1,676,2,2.0,1.0,3,0.035797430471013
1257,2,586,2,2.0,1.0,2,0.03345418457564906
1257,3,527,2,2.0,1.0,2,0.032883002097273246
1257,4,492,2,2.0,1.0,1,0.2634341637572896
1257,5,421,2,2.0,1.0,4,0.26120898772251283
1257,6,402,2,2.0,1.0,1,0.25127351850887714
1257,7,414,2,2.0,1.0,1,0.26296682854682113
1257,8,390,2,2.0,1.0,4,0.2501967427782157
1257,9,365,2,2.0,1.0,2,0.2491929343286132
1257,10,405,2,2.0,1.0,2,0.24322353326289964
1257,11,381,2,2.0,1.0,4,-0.0067467109499920845
1257,12,381,2,2.0,1.0,4,-0.011530212583106107
1257,13,358,2,2.0,1.0,4,0.20480728658705924
1257,14,319,2,2.0,1.0,1,0.1944618743186737
1257,15,521,1,1.0,1.0,1,-0.75
1258,1,667,2,2.0,1.0,3,0.03578628658436724
1258,2,583,2,2.0,1.0,2,0.03556555031844703
1258,3,530,2,2.0,1.0,1,0.034891232154142006
1258,4,489,2,2.0,1.0,1,0.2746121915069247
1258,5,426,2,2.0,1.0,4,0.25681891813647517
1258,6,386,2,2.0,1.0,4,0.2654774085717948
1258,7,389,2,2.0,1.0,4,0.25559273927073145
1258,8,422,2,2.0,1.0,4,0.28165523318919083
1258,9,413,2,2.0,1.0,4,0.2846222989888481
1258,10,414,2,2.0,1.0,1,0.29946974211146926
1258,11,382,2,2.0,1.0,4,0.23903381262991122
1258,12,354,2,2.0,1.0,4,0.22948161250372662
1258,13,291,2,2.0,1.0,4,0.22931851283518406
1258,14,270,2,2.0,1.0,1,0.138330710270246
1258,15,354,2,2.0,1.0,3,0.221726165558493
1258,16,326,2,2.0,1.0,1,-0.027243795196671392
1258,17,408,2,2.0,1.0,2,-0.5
1258,18,642,1,1.0,1.0,1,-0.75
1259,1,665,2,2.0,1.0,3,0.035526013456314884
1259,2,589,2,2.0,1.0,2,0.03348511193285848
1259,3,547,2,2.0,1.0,2,0.032798468890549846
1259,4,490,2,2.0,1.0,1,0.2765612357534184
1259,5,420,2,2.0,1.0,1,0.27204069645709933
1259,6,383,2,2.0,1.0,3,0.28242373988477476
1259,7,383,2,2.0,1.0,4,0.27340587787698895
1259,8,443,2,2.0,1.0,3,0.3097247478354068
1259,9,387,2,2.0,1.0,5,0.30481673071638093
1259,10,387,2,2.0,1.0,4,0.3514534098445402
1259,11,354,2,2.0,1.0,4,0.3562724542559772
1259,12,356,2,2.0,1.0,8,0.26934883988603125
1259,13,361,2,2.0,1.0,4,0.26614198808865647
1259,14,356,2,2.0,1.0,4,0.012414068828918655
1259,15,423,2,2.0,1.0,4,-0.004894900845322353
1259,16,378,2,2.0,1.0,1,-0.0066373728701276955
1259,17,378,2,2.0,1.0,4,-0.0183639897820536
1259,18,351,2,2.0,1.0,4,0.16615701668986096
1259,19,326,2,2.0,1.0,1,-0.5
1259,20,301,2,1.9003322259136213,1.0,4,-0.5249169435215947
1259,21,1036,0,0.0,1.0,0,-1.0
1260,1,682,2,2.0,1.0,3,0.035812964496016966
1260,2,597,2,2.0,1.0,2,0.03554697877837602
1260,3,533,2,2.0,1.0,1,0.03489129612364552
1260,4,485,2,2.0,1.0,1,0.2748579725879607
1260,5,433,2,2.0,1.0,2,0.2761749946766247
1260,6,396,2,2.0,1.0,3,0.2729371410370131
1260,7,390,2,2.0,1.0,2,0.2616216873055924
1260,8,342,2,2.0,1.0,5,0.040212365883380626
1260,9,376,2,2.0,1.0,4,0.031486207799120834
1260,10,371,2,2.0,1.0,4,0.02361344511140565
1260,11,369,2,2.0,1.0,2,0.30062840499087684
1260,12,305,2,2.0,1.0,2,0.2999726195923193
1260,13,337,2,2.0,1.0,7,0.2294302264629003
1260,14,360,2,2.0,1.0,3,0.00517127604484008
1260,15,378,2,2.0,1.0,1,-0.03695333844521205
1260,16,441,2,2.0,1.0,4,-0.03654811439138728
1260,17,437,2,1.9954233409610984,1.0,3,-0.5011441647597255
1261,1,666,2,2.0,1.0,3,0.03575663219968249
1261,2,592,2,2.0,1.0,2,0.03553196333126869
1261,3,529,2,2.0,1.0,1,0.03489121066974039
1261,4,471,2,2.0,1.0,1,0.05675920797562948
1261,5,443,2,2.0,1.0,4,0.27775503080176644
1261,6,392,2,2.0,1.0,3,0.2604740475210718
1261,7,375,2,2.0,1.0,5,0.236727486314014
1261,8,377,2,2.0,1.0,1,0.24951268386528125
1261,9,432,2,2.0,1.0,4,0.02343950968468733
1261,10,390,2,2.0,1.0,3,0.012331009333880963
1261,11,355,2,2.0,1.0,1,-0.022935073269418942
1261,12,410,2,2.0,1.0,4,-0.021475549829208285
1261,13,347,2,2.0,1.0,1,-0.0620902258156275
1261,14,643,1,1.0,1.0,1,-0.75
1262,1,670,2,2.0,1.0,3,0.03577038067267712
1262,2,583,2,2.0,1.0,2,0.033463779082551263
1262,3,538,2,2.0,1.0,2,0.03272411440382456
1262,4,480,2,2.0,1.0,1,0.2765827555536691
1262,5,427,2,2.0,1.0,1,0.27014768794876703
1262,6,396,2,2.0,1.0,1,0.27123903543997924
1262,7,393,2,2.0,1.0,3,0.04277370707243325
1262,8,375,2,2.0,1.0,4,0.03866436168025391
1262,9,374,2,2.0,1.0,3,0.016769512317196412
1262,10,346,2,2.0,1.0,4,0.00011756322425897744
1262,11,363,2,2.0,1.0,2,-0.016634605232482648
1262,12,351,2,2.0,1.0,6,-0.017584603429581454
1262,13,334,2,2.0,1.0,1,-0.023129113414109392
1262,14,359,2,2.0,1.0,2,-0.06417298429388824
1262,15,562,1,1.0,1.0,6,-0.75
1263,1,670,2,2.0,1.0,3,0.03553661016116147
1263,2,591,2,2.0,1.0,2,0.03343071233312984
1263,3,530,2,2.0,1.0,2,0.03288306852035721
1263,4,483,2,2.0,1.0,1,0.0499884978145852
1263,5,432,2,2.0,1.0,1,0.26488999500324484
1263,6,431,2,2.0,1.0,4,0.2456865699376103
1263,7,391,2,2.0,1.0,3,0.2508219491580742
1263,8,409,2,2.0,1.0,5,0.25667402558690466
1263,9,382,2,2.0,1.0,1,0.03382305925838485
1263,10,345,2,2.0,1.0,5,0.010946343809942971
1263,11,375,2,2.0,1.0,3,0.011991888551078606
1263,12,382,2,2.0,1.0,4,0.22034368736599722
1263,13,332,2,2.0,1.0,1,-0.07083597548087041
1263,14,351,2,2.0,1.0,2,-0.023986022935645585
1263,15,617,1,1.0,1.0,1,-0.75
1264,1,665,2,2.0,1.0,3,0.03553323994820142
1264,2,590,2,2.0,1.0,2,0.03345375221214574
1264,3,520,2,2.0,1.0,2,0.03288284412955434
1264,4,473,2,2.0,1.0,2,0.05946352661802469
1264,5,452,2,2.0,1.0,2,0.2638851772394781
1264,6,396,2,2.0,1.0,3,0.2588534397269342
1264,7,379,2,2.0,1.0,1,0.26021172319079017
1264,8,384,2,2.0,1.0,3,0.07024374716936183
1264,9,376,2,2.0,1.0,4,0.25723900950234274
1264,10,441,2,2.0,1.0,3,0.3327144605096169
1264,11,289,2,2.0,1.0,3,0.2855516945297599
1264,12,344,2,2.0,1.0,7,0.31737221999709525
1264,13,342,2,2.0,1.0,4,0.3176299712785143
1264,14,352,2,2.0,1.0,1,0.31160114760657076
1264,15,367,2,2.0,1.0,9,0.10567035590775059
1264,16,384,2,2.0,1.0,3,0.32318299467060235
1264,17,353,2,2.0,1.0,4,0.07163197109692133
1264,18,328,2,2.0,1.0,4,0.13187655616587776
1264,19,338,2,2.0,1.0,3,0.13150187290465795
1264,20,323,2,2.0,1.0,1,0.058147695154196856
1264,21,330,2,2.0,1.0,4,-0.017952312158490556
1264,22,295,2,2.0,1.0,4,-0.029405893520407865
1264,23,345,2,1.991304347826087,1.0,4,-0.10854133118625871
1264,24,602,1,1.0,1.0,1,-0.75
1265,1,665,2,2.0,1.0,3,0.03553323994820142
1265,2,587,2,2.0,1.0,2,0.035532165989932
1265,3,536,2,2.0,1.0,2,0.03477259991045599
1265,4,475,2,2.0,1.0,2,0.053860858126691044
1265,5,426,2,2.0,1.0,2,0.26825836112347284
1265,6,390,2,2.0,1.0,1,0.2522871291122682
1265,7,386,2,2.0,1.0,3,0.22484527313200875
1265,8,341,2,2.0,1.0,4,0.23592878576445908
1265,9,370,2,2.0,1.0,4,0.02004540204610229
1265,10,387,2,2.0,1.0,1,0.22150692119420648
1265,11,355,2,2.0,1.0,1,-0.013116548330521678
1265,12,346,2,2.0,1.0,6,0.20855500034630026
1265,13,319,2,2.0,1.0,2,-0.017011836947403252
1265,14,343,2,1.9533527696793003,1.0,3,-0.49340908551738044
1265,15,1219,0,0.0,1.0,0,-1.0
1266,1,686,2,2.0,1.0,3,0.034073235105934165
1266,2,600,2,2.0,1.0,2,0.03540831676957092
1266,3,540,2,2.0,1.0,2,0.034727898252215596
1266,4,471,2,2.0,1.0,2,0.04890604984440308
1266,5,459,2,2.0,1.0,2,0.24725099166220904
1266,6,409,2,2.0,1.0,4,0.2520943789845014
1266,7,401,2,2.0,1.0,5,0.25178993375125436
1266,8,388,2,2.0,1.0,2,0.2599945153264627
1266,9,370,2,2.0,1.0,2,0.03366687351021031
1266,10,376,2,2.0,1.0,4,-0.002376096461440761
1266,11,357,2,2.0,1.0,4,-0.015282469673996928
1266,12,349,2,2.0,1.0,4,0.16438171560233913
1266,13,353,2,2.0,1.0,6,-0.01890209884033436
1266,14,454,1,1.0,1.0,1,-0.75
1267,1,679,2,2.0,1.0,3,0.03557134430997467
1267,2,589,2,2.0,1.0,2,0.03553226379149771
1267,3,531,2,2.0,1.0,1,0.03489125355762309
1267,4,485,2,2.0,1.0,1,0.27484488643570465
1267,5,417,2,2.0,1.0,1,0.26150804484434365
1267,6,402,2,2.0,1.0,1,0.2753590960368345
1267,7,346,2,2.0,1.0,3,0.2779177210573011
1267,8,392,2,2.0,1.0,2,0.25900398436300653
1267,9,360,2,2.0,1.0,1,0.25850767965871185
1267,10,380,2,2.0,1.0,1,0.26653657366758526
1267,11,369,2,2.0,1.0,3,0.03871708507564494
1267,12,388,2,2.0,1.0,4,0.006207430974490498
1267,13,422,2,2.0,1.0,3,0.22649227691998097
1267,14,399,2,2.0,1.0,4,0.22133023444304514
1267,15,345,2,2.0,1.0,5,0.009737959984491028
1267,16,318,2,2.0,1.0,3,0.17933121348555117
1267,17,345,2,2.0,1.0,1,-0.034111314630933066
1267,18,370,2,1.9567567567567568,1.0,2,-0.055101552733399325
1268,1,671,2,2.0,1.0,3,0.0357724014204791
1268,2,583,2,2.0,1.0,2,0.03342199901292413
1268,3,516,2,2.0,1.0,2,0.03288275193798418
1268,4,495,2,2.0,1.0,1,0.2633627183557239
1268,5,424,2,2.0,1.0,4,0.25078962101707897
1268,6,390,2,2.0,1.0,3,0.25419026401193845
1268,7,402,2,2.0,1.0,2,0.24594719577776158
1268,8,384,2,2.0,1.0,4,0.03104493479467256
1268,9,408,2,2.0,1.0,4,0.014320333293335525
1268,10,446,2,2.0,1.0,2,0.007525757652795546
1268,11,386,2,2.0,1.0,4,-0.008977235515299468
1268,12,380,2,2.0,1.0,4,0.22118823232656482
1268,13,343,2,2.0,1.0,2,0.02452913118869263
1268,14,360,2,2.0,1.0,1,-0.5
1268,15,620,1,1.0,1.0,1,-0.75
1269,1,666,2,2.0,1.0,3,0.035770806472548405
1269,2,594,2,2.0,1.0,2,0.035554698602429394
1269,3,536,2,2.0,1.0,2,0.03489510538558088
1269,4,489,2,2.0,1.0,1,0.2731453230646628
1269,5,438,2,2.0,1.0,1,0.270058220584612
1269,6,408,2,2.0,1.0,1,0.2583539146619281
1269,7,354,2,2.0,1.0,3,0.25740168152488274
1269,8,387,2,2.0,1.0,3,0.24473217637115877
1269,9,355,2,2.0,1.0,5,0.05354788286684388
1269,10,387,2,2.0,1.0,2,0.03766175717694768
1269,11,351,2,2.0,1.0,1,0.0693403995781407
1269,12,349,2,2.0,1.0,1,0.2444931874176047
1269,13,340,2,2.0,1.0,6,0.22554256770362457
1269,14,298,2,2.0,1.0,1,0.2238474441468201
1269,15,339,2,2.0,1.0,5,0.011542493642942643
1269,16,329,2,2.0,1.0,4,-0.5
1269,17,1099,0,0.0,1.0,0,-1.0
1270,1,680,2,2.0,1.0,3,0.035824117527542436
1270,2,592,2,2.0,1.0,2,0.035515334359319965
1270,3,527,2,2.0,1.0,2,0.034745246065861726
1270,4,491,2,2.0,1.0,2,0.2756039374236757
1270,5,408,2,2.0,1.0,1,0.27387210027500175
1270,6,387,2,2.0,1.0,4,0.2510579948647207
1270,7,395,2,2.0,1.0,2,0.2701452510049123
1270,8,354,2,2.0,1.0,4,0.2592083562477953
1270,9,364,2,2.0,1.0,4,0.05968210355300876
1270,10,383,2,2.0,1.0,4,0.013125139931489012
1270,11,393,2,2.0,1.0,4,-0.00017684270967309318
1270,12,366,2,2.0,1.0,1,-0.010486840241890677
1270,13,343,2,2.0,1.0,4,-0.021541904181513784
1270,14,350,2,2.0,1.0,2,-0.011250406694751981
1270,15,660,1,1.0,1.0,1,-0.75
1271,1,675,2,2.0,1.0,3,0.03553281101229315
1271,2,594,2,2.0,1.0,2,0.035520873964731525
1271,3,526,2,2.0,1.0,2,0.03489496295179726
1271,4,470,2,2.0,1.0,1,0.0512801543903421
1271,5,456,2,2.0,1.0,1,0.2591950577306877
1271,6,450,2,2.0,1.0,2,0.2595826087213711
1271,7,399,2,2.0,1.0,3,0.2679101515265972
1271,8,389,2,2.0,1.0,4,0.2571843549687567
1271,9,360,2,2.0,1.0,4,0.32582157868844397
1271,10,362,2,2.0,1.0,3,0.033599503690495316
1271,11,355,2,2.0,1.0,1,0.2478744612740318
1271,12,379,2,2.0,1.0,2,0.2564316505122804
1271,13,322,2,2.0,1.0,4,0.2228196750237365
1271,14,314,2,2.0,1.0,6,0.02033980309815179
1271,15,340,2,2.0,1.0,4,-0.0017841774958604676
1271,16,389,2,2.0,1.0,5,-0.021003223916891106
1271,17,356,2,2.0,1.0,1,-0.5
1271,18,609,1,1.0,1.0,1,-0.75
1272,1,674,2,2.0,1.0,3,0.03554096388112838
1272,2,588,2,2.0,1.0,2,0.03343559256785831
1272,3,531,2,2.0,1.0,2,0.03288309049459779
1272,4,482,2,2.0,1.0,1,0.05964723699690376
1272,5,436,2,2.0,1.0,1,0.2820962491957334
1272,6,398,2,2.0,1.0,2,0.2610484752737953
1272,7,370,2,2.0,1.0,5,0.24861274412794301
1272,8,393,2,2.0,1.0,1,0.028834466084460338
1272,9,393,2,2.0,1.0,4,0.23424123499022645
1272,10,413,2,2.0,1.0,2,0.23085840429223817
1272,11,371,2,2.0,1.0,4,0.21714248629022817
1272,12,359,2,2.0,1.0,4,0.21550613667762772
1272,13,354,2,2.0,1.0,4,-0.019834453097165035
1272,14,353,2,2.0,1.0,1,-0.5
1272,15,632,1,1.0,1.0,1,-0.75
1273,1,669,2,2.0,1.0,3,0.035519867371182796
1273,2,585,2,2.0,1.0,2,0.033463446993990426
1273,3,533,2,2.0,1.0,2,0.03288313419571415
1273,4,477,2,2.0,1.0,2,0.2755847539287419
1273,5,447,2,2.0,1.0,4,0.26210355363673626
1273,6,400,2,2.0,1.0,5,0.2543814101834058
1273,7,393,2,2.0,1.0,5,0.25591333422085144
1273,8,389,2,2.0,1.0,4,0.044601828597540846
1273,9,372,2,2.0,1.0,5,0.08137790757930147
1273,10,369,2,2.0,1.0,5,0.07305110148847649
1273,11,379,2,2.0,1.0,5,0.24353550628827061
1273,12,311,2,2.0,1.0,4,0.26860922482847555
1273,13,380,2,2.0,1.0,6,0.2349470405695089
1273,14,356,2,2.0,1.0,5,0.253982169249902
1273,15,387,2,2.0,1.0,3,0.03460105589317175
1273,16,383,2,2.0,1.0,1,-0.014788514481749686
1273,17,349,2,2.0,1.0,4,-0.024388092676666296
1273,18,328,2,1.9969512195121952,1.0,5,-0.06045536859022813
1273,19,300,2,1.9466666666666668,1.0,4,-0.07545769874235597
1273,20,335,2,1.9313432835820896,1.0,1,-0.5171641791044777
1274,1,684,2,2.0,1.0,3,0.03581617719508346
1274,2,589,2,2.0,1.0,2,0.03556430845897509
1274,3,527,2,2.0,1.0,2,0.03477973805021763
1274,4,486,2,2.0,1.0,2,0.26276538858018
1274,5,422,2,2.0,1.0,1,0.2526073161411943
1274,6,387,2,2.0,1.0,1,0.2537463438996061
1274,7,389,2,2.0,1.0,1,0.25547858888493274
1274,8,369,2,2.0,1.0,3,0.03868035185951399
1274,9,412,2,2.0,1.0,2,0.027999602083896877
1274,10,402,2,2.0,1.0,1,-0.0011640349130079453
1274,11,410,2,2.0,1.0,6,0.23066707732933703
1274,12,382,2,2.0,1.0,2,0.21101584812425803
1274,13,333,2,2.0,1.0,5,0.21002969036397995
1274,14,331,2,2.0,1.0,1,0.2341001093054742
1274,15,356,2,2.0,1.0,1,-0.4719872282894047
1274,16,400,2,1.9175,1.0,1,-0.520625
1275,1,668,2,2.0,1.0,3,0.03553526813025223
1275,2,596,2,2.0,1.0,2,0.03546734495343328
1275,3,534,2,2.0,1.0,1,0.03489131728708925
1275,4,484,2,2.0,1.0,1,0.2749617083930509
1275,5,421,2,2.0,1.0,4,0.26827637756565276
1275,6,384,2,2.0,1.0,1,0.246219148649511
1275,7,392,2,2.0,1.0,2,0.24651276918916962
1275,8,358,2,2.0,1.0,4,0.04500084571940197
1275,9,374,2,2.0,1.0,1,0.013581777646664541
1275,10,370,2,2.0,1.0,3,0.22625946372222897
1275,11,355,2,2.0,1.0,4,0.21543744724942615
1275,12,372,2,2.0,1.0,6,0.20945920980370075
1275,13,333,2,2.0,1.0,4,-0.012248680454962083
1275,14,546,1,1.0,1.0,1,-0.75
1276,1,670,2,2.0,1.0,3,0.03579049445013956
1276,2,596,2,2.0,1.0,2,0.03551321443599055
1276,3,538,2,2.0,1.0,1,0.034760258082643755
1276,4,479,2,2.0,1.0,1,0.05629610299234461
1276,5,443,2,2.0,1.0,4,0.2668508372817245
1276,6,408,2,2.0,1.0,3,0.2627837646341286
1276,7,418,2,2.0,1.0,3,0.26808914192752037
1276,8,365,2,2.0,1.0,4,0.26682218882101366
1276,9,371,2,2.0,1.0,1,0.0161585629328899
1276,10,389,2,2.0,1.0,4,0.029940767093307133
1276,11,350,2,2.0,1.0,4,0.003967105292544072
1276,12,377,2,2.0,1.0,2,-0.00806695909364575
1276,13,367,2,2.0,1.0,1,-0.018585004483249696
1276,14,328,2,2.0,1.0,4,-0.4985123209890356
1276,15,474,2,1.0021097046413503,1.0,4,-0.7494725738396625
1276,16,1057,0,0.0,1.0,0,-1.0
1277,1,678,2,2.0,1.0,3,0.03555676731713607
1277,2,597,2,2.0,1.0,2,0.03556600436636903
1277,3,537,2,2.0,1.0,2,0.03477284199144694
1277,4,493,2,2.0,1.0,1,0.2623553754507951
1277,5,437,2,2.0,1.0,1,0.25259288930894774
1277,6,386,2,2.0,1.0,5,0.2532972215991449
1277,7,410,2,2.0,1.0,2,0.22991067367055681
1277,8,410,2,2.0,1.0,4,0.03203694006812388
1277,9,400,2,2.0,1.0,2,0.025115832223133416
1277,10,398,2,2.0,1.0,4,-0.006579264441961742
1277,11,397,2,2.0,1.0,4,-0.011294204735310742
1277,12,381,2,2.0,1.0,2,-0.021230123087259217
1277,13,360,2,2.0,1.0,4,0.2147308763908346
1277,14,404,2,2.0,1.0,1,-0.5
1277,15,626,1,1.0,1.0,1,-0.75
1278,1,681,2,2.0,1.0,3,0.03112648532025196
1278,2,608,2,2.0,1.0,2,0.02979854440569473
1278,3,565,2,2.0,1.0,1,0.03446493705739507
1278,4,545,2,2.0,1.0,1,0.03215751374008209
1278,5,576,2,2.0,1.0,1,0.07714859717577154
1278,6,524,2,2.0,1.0,1,0.052721859123286675
1278,7,494,2,2.0,1.0,2,0.05249807152921621
1278,8,556,2,2.0,1.0,2,0.28674910092102135
1278,9,550,2,2.0,1.0,4,0.05942002268859848
1278,10,542,2,2.0,1.0,3,0.06093203251309574
1278,11,534,2,2.0,1.0,4,0.06096872449801245
1278,12,513,2,2.0,1.0,4,0.06093316457140126
1278,13,572,2,2.0,1.0,2,0.2957203781067385
1278,14,491,2,2.0,1.0,4,0.06388280277144058
1278,15,437,2,2.0,1.0,3,0.26121602363469687
1278,16,438,2,2.0,1.0,2,0.28102500253505985
1278,17,406,2,2.0,1.0,2,0.052970819258283744
1278,18,401,2,2.0,1.0,2,0.2824589093926343
1278,19,392,2,2.0,1.0,1,0.26624986419137314
1278,20,376,2,2.0,1.0,1,0.30289948023578683
1278,21,365,2,2.0,1.0,1,0.29304413272227553
1278,22,363,2,2.0,1.0,3,0.08115346807148173
1278,23,371,2,2.0,1.0,3,0.2802395523678321
1278,24,359,2,2.0,1.0,2,0.3023079060045355
1278,25,189,2,2.0,1.0,2,0.27430425435952965
1278,26,347,2,2.0,1.0,3,0.2921450676943729
1278,27,301,2,2.0,1.0,2,0.33575290959524007
1278,28,294,2,2.0,1.0,4,0.34567729108461986
1278,29,273,2,2.0,1.0,1,0.3243265887947522
1278,30,249,2,2.0,1.0,9,0.3559115104961653
1278,31,248,2,2.0,1.0,1,0.32925101983328603
1278,32,252,2,2.0,1.0,4,0.357113647625111
1278,33,203,2,2.0,1.0,4,0.3744512565564352
1278,34,243,2,2.0,1.0,1,0.4010628191072118
1278,35,214,2,2.0,1.0,2,0.380407257432055
1278,36,189,2,2.0,1.0,4,0.4021394615630857
1278,37,219,2,2.0,1.0,4,0.3599274563492052
1278,38,204,2,2.0,1.0,4,0.3915888191027222
1278,39,299,2,2.0,1.0,4,0.31159842017182265
1278,40,195,2,2.0,1.0,4,0.1394676512920252
1278,41,296,2,2.0,1.0,6,0.2016611193530009
1278,42,238,2,2.0,1.0,4,0.20502835416365014
1278,43,287,2,2.0,1.0,1,0.25382432847858416
1278,44,281,2,2.0,1.0,5,0.26373734515148556
1278,45,267,2,2.0,1.0,1,0.23319206220817548
1278,46,958,2,0.0824634655532359,1.0,1,0.9721310328560185
1278,47,230,2,2.0,1.0,9,0.34712408231024283
1278,48,346,2,2.0,1.0,4,0.35663742296849793
1278,49,379,2,2.0,1.0,3,0.3537831035725993
1278,50,383,2,2.0,1.0,3,0.34034846999893975
1278,51,317,2,2.0,1.0,3,0.312051597411226
1278,52,355,2,2.0,1.0,3,0.3612413955668289
1278,53,365,2,2.0,1.0,3,0.33764826842658924
1278,54,332,2,2.0,1.0,3,0.34766511747582934
1278,55,352,2,2.0,1.0,3,0.35165545310027757
1278,56,323,2,2.0,1.0,2,0.3492610102439247
1278,57,315,2,2.0,1.0,3,0.31269558870859104
1278,58,1177,2,0.013593882752761258,1.0,1,0.995573297829641
1279,1,678,2,2.0,1.0,3,0.03881482666664301
1279,2,634,2,2.0,1.0,2,0.053043636162244084
1279,3,571,2,2.0,1.0,1,0.0344572184879187
1279,4,548,2,2.0,1.0,1,0.03217080972555379
1279,5,559,2,2.0,1.0,1,0.06731698087243715
1279,6,541,2,2.0,1.0,1,0.0717853257005792
1279,7,558,2,2.0,1.0,1,0.05324707840125237
1279,8,483,2,2.0,1.0,1,0.021720806275013698
1279,9,498,2,2.0,1.0,1,0.0262568538996165
1279,10,448,2,2.0,1.0,1,0.2593004679908609
1279,11,365,2,2.0,1.0,1,0.023557998965120026
1279,12,457,2,2.0,1.0,1,-0.0036866955663852155
1279,13,417,2,2.0,1.0,1,-0.012050770231733808
1279,14,391,2,2.0,1.0,1,-0.02732841291998737
1279,15,370,2,2.0,1.0,1,-0.02755513118253127
1279,16,495,2,1.995959595959596,1.0,3,-0.03208032455935995
1280,1,701,2,2.0,1.0,3,0.026712395837933948
1280,2,627,2,2.0,1.0,2,0.057155996735613175
1280,3,565,2,2.0,1.0,1,0.045312328471211846
1280,4,526,2,2.0,1.0,1,0.02840909090909125
1280,5,556,2,2.0,1.0,1,0.05827149856469475
1280,6,500,2,2.0,1.0,1,0.11694150416806894
1280,7,443,2,2.0,1.0,1,0.05412550921702285
1280,8,392,2,2.0,1.0,1,0.05442559355054669
1280,9,448,2,2.0,1.0,1,0.27224298442383943
1280,10,424,2,2.0,1.0,1,0.26902475362543965
1280,11,519,2,2.0,1.0,1,0.056096315505769885
1280,12,516,2,2.0,1.0,1,0.07399766020902755
1280,13,460,2,2.0,1.0,1,0.005019301368869843
1280,14,406,2,2.0,1.0,1,-0.031014845197185493
1280,15,393,2,2.0,1.0,1,-0.5
1280,16,412,2,2.0,1.0,1,-0.5
1281,1,667,2,2.0,1.0,3,0.030829009672612324
1281,2,604,2,2.0,1.0,2,0.02976570754906417
1281,3,569,2,2.0,1.0,3,0.03458739342561143
1281,4,560,2,2.0,1.0,4,0.05814279003007627
1281,5,510,2,2.0,1.0,1,0.0532240654882638
1281,6,499,2,2.0,1.0,1,0.03588214753928497
1281,7,514,2,2.0,1.0,1,0.0370886422013682
1281,8,460,2,2.0,1.0,1,0.018554811770943726
1281,9,505,2,2.0,1.0,1,0.04508013311948745
1281,10,454,2,2.0,1.0,1,0.0012110157852200981
1281,11,463,2,2.0,1.0,1,0.009687670769470984
1281,12,412,2,2.0,1.0,1,-0.004243819576012065
1281,13,445,2,2.0,1.0,1,-0.08444409206234213
1282,1,673,2,2.0,1.0,3,0.03851339488286789
1282,2,634,2,2.0,1.0,2,0.0504764770374395
1282,3,562,2,2.0,1.0,2,0.03446467021585198
1282,4,533,2,2.0,1.0,2,0.032174556213017305
1282,5,553,2,2.0,1.0,1,0.07181752617223172
1282,6,572,2,2.0,1.0,1,0.06231408516856277
1282,7,514,2,2.0,1.0,2,0.2831248769786604
1282,8,494,2,2.0,1.0,4,0.287922295710193
1282,9,519,2,2.0,1.0,2,0.06430781833303217
1282,10,462,2,2.0,1.0,1,0.05038567944279167
1282,11,506,2,2.0,1.0,1,0.013640820875326197
1282,12,474,2,2.0,1.0,1,0.03676023006321692
1282,13,512,2,2.0,1.0,1,0.00841462210323027
1282,14,465,2,2.0,1.0,1,0.0026555763336969496
1282,15,427,2,2.0,1.0,1,0.01953249691062442
1282,16,407,2,2.0,1.0,6,0.037002265089930396
1282,17,395,2,2.0,1.0,1,-0.05529560463067553
1282,18,463,2,2.0,1.0,3,-0.5
1283,1,671,2,2.0,1.0,3,0.031084411660812803
1283,2,605,2,2.0,1.0,1,0.029799417753962977
1283,3,560,2,2.0,1.0,2,0.03431063387091866
1283,4,545,2,2.0,1.0,1,0.03232076056768758
1283,5,550,2,2.0,1.0,1,0.06731398601398608
1283,6,551,2,2.0,1.0,1,0.06722618953681062
1283,7,568,2,2.0,1.0,1,0.05342939992898505
1283,8,489,2,2.0,1.0,1,0.040688955690371724
1283,9,443,2,2.0,1.0,2,0.039492589727727255
1283,10,432,2,2.0,1.0,4,-0.017154868697704627
1283,11,486,2,2.0,1.0,3,0.2408663152563448
1283,12,367,2,2.0,1.0,1,0.0019967741621707107
1283,13,452,2,2.0,1.0,1,0.01260300915839687
1283,14,421,2,2.0,1.0,2,0.014011628071779155
1283,15,411,2,2.0,1.0,3,0.10858370089460337
1283,16,481,2,2.0,1.0,3,0.2710776399340275
1283,17,496,2,2.0,1.0,1,0.04421820451054304
1283,18,418,2,2.0,1.0,2,0.002372316687791107
1283,19,407,2,2.0,1.0,1,-0.05802385385239677
1283,20,383,2,1.9947780678851175,1.0,2,-0.1452448656716859
1283,21,1232,0,0.0,1.0,0,-1.0
1284,1,678,2,2.0,1.0,3,0.03084901558493504
1284,2,598,2,2.0,1.0,1,0.02978257806853101
1284,3,562,2,2.0,1.0,1,0.03445629435630493
1284,4,558,2,2.0,1.0,1,0.032171278542245815
1284,5,569,2,2.0,1.0,1,0.06750000000000016
1284,6,516,2,2.0,1.0,1,0.2830223880597018
1284,7,517,2,2.0,1.0,4,0.29114620968042604
1284,8,486,2,2.0,1.0,4,0.277212108913615
1284,9,533,2,2.0,1.0,1,0.26461395463708426
1284,10,495,2,2.0,1.0,1,0.05480095288661109
1284,11,480,2,2.0,1.0,1,0.024431486926322906
1284,12,439,2,2.0,1.0,4,0.02284317212302767
1284,13,411,2,2.0,1.0,1,0.25484505263486035
1284,14,371,2,2.0,1.0,4,0.26400381216073127
1284,15,365,2,2.0,1.0,1,0.26001571321987577
1284,16,363,2,2.0,1.0,5,0.015974050985316787
1284,17,337,2,2.0,1.0,5,-0.011541266357707714
1284,18,395,2,2.0,1.0,2,-0.1004921431689223
1284,19,414,2,2.0,1.0,1,-0.5
1285,1,670,2,2.0,1.0,3,0.038550673162637175
1285,2,637,2,2.0,1.0,2,0.05320006779974055
1285,3,553,2,2.0,1.0,2,0.03447236449550822
1285,4,540,2,2.0,1.0,2,0.03217484675817964
1285,5,520,2,2.0,1.0,5,0.052780268326492456
1285,6,515,2,2.0,1.0,1,0.2830223880597018
1285,7,526,2,2.0,1.0,1,0.059597863899105236
1285,8,423,2,2.0,1.0,1,0.27708945755033526
1285,9,452,2,2.0,1.0,1,0.26627809213558695
1285,10,438,2,2.0,1.0,1,0.26122645498319846
1285,11,517,2,2.0,1.0,1,0.0525908869076619
1285,12,431,2,2.0,1.0,1,0.2540144698488035
1285,13,450,2,2.0,1.0,1,0.06423532979270825
1285,14,382,2,2.0,1.0,4,0.23789662638397463
1285,15,464,2,2.0,1.0,2,0.26636081230289216
1285,16,441,2,2.0,1.0,2,0.016970307173365482
1285,17,402,2,2.0,1.0,2,0.03754268814126807
1285,18,344,2,2.0,1.0,3,-0.0016637266949404473
1285,19,596,1,1.0,1.0,2,-0.75
1285,20,631,1,1.0,1.0,2,-0.75
1286,1,688,2,2.0,1.0,3,0.02671146609927504
1286,2,615,2,2.0,1.0,2,0.06206243692998991
1286,3,571,2,2.0,1.0,1,0.053176543190678854
1286,4,534,2,2.0,1.0,1,0.05930311285928402
1286,5,523,2,2.0,1.0,2,0.2856694871127845
1286,6,468,2,2.0,1.0,3,0.2972488417448903
1286,7,439,2,2.0,1.0,2,0.29297551032698277
1286,8,424,2,2.0,1.0,4,0.28535672204799195
1286,9,488,2,2.0,1.0,7,0.048340643651693466
1286,10,461,2,2.0,1.0,4,0.2698788598768133
1286,11,475,2,2.0,1.0,2,0.04316865662906199
1286,12,443,2,2.0,1.0,2,0.06756801187517442
1286,13,420,2,2.0,1.0,2,0.05964317076293557
1286,14,383,2,2.0,1.0,4,0.08961348937609909
1286,15,369,2,2.0,1.0,1,0.218895103147785
1286,16,310,2,2.0,1.0,4,0.28050105466658204
1286,17,259,2,2.0,1.0,13,0.05939216078777535
1286,18,305,2,1.9934426229508198,1.0,3,-0.5016393442622951
1286,19,1192,0,0.0,1.0,0,-1.0
1287,1,684,2,2.0,1.0,3,0.03851697381848734
1287,2,636,2,2.0,1.0,2,0.050526370921162585
1287,3,577,2,2.0,1.0,2,0.03446597667574667
1287,4,571,2,2.0,1.0,2,0.05762513015597416
1287,5,573,2,2.0,1.0,1,0.053449887808525914
1287,6,505,2,2.0,1.0,1,0.021879649386895225
1287,7,515,2,2.0,1.0,1,0.04155588025353242
1287,8,492,2,2.0,1.0,1,0.013056073251762333
1287,9,532,2,2.0,1.0,1,0.02436731372215008
1287,10,533,2,2.0,1.0,1,0.053487294426592294
1287,11,514,2,2.0,1.0,1,0.04644687154244375
1287,12,515,2,2.0,1.0,2,0.2859538009584934
1287,13,505,2,2.0,1.0,2,0.28011397878523037
1287,14,516,2,2.0,1.0,3,0.2818333854317056
1287,15,506,2,2.0,1.0,3,0.33049419725340096
1287,16,516,2,2.0,1.0,2,0.39344354230584205
1287,17,499,2,2.0,1.0,2,0.3344343700990007
1287,18,488,2,2.0,1.0,4,0.3391554528310574
1287,19,456,2,2.0,1.0,4,0.2945704895174486
1287,20,543,2,2.0,1.0,2,0.31273201333944495
1287,21,502,2,2.0,1.0,4,0.3089812449115696
1287,22,543,2,2.0,1.0,7,0.31078242729814376
1287,23,527,2,2.0,1.0,1,0.30768417175963264
1287,24,515,2,2.0,1.0,4,0.3168723482629643
1287,25,492,2,2.0,1.0,3,0.3381175029590893
1287,26,513,2,2.0,1.0,2,0.33512422755720755
1287,27,482,2,2.0,1.0,2,0.3438033128014259
1287,28,466,2,2.0,1.0,2,0.3566657262404077
1287,29,458,2,2.0,1.0,4,0.37192379961661315
1287,30,419,2,2.0,1.0,9,0.4041546414898378
1287,31,452,2,2.0,1.0,6,0.49744727197831695
1287,32,1088,2,0.10845588235294118,1.0,4,0.9726580742323556
1288,1,669,2,2.0,1.0,3,0.03087823206548575
1288,2,599,2,2.0,1.0,2,0.029799334870286225
1288,3,565,2,2.0,1.0,2,0.03445607669455241
1288,4,539,2,2.0,1.0,2,0.03076155526969668
1288,5,574,2,2.0,1.0,1,0.05288461538461587
1288,6,547,2,2.0,1.0,2,0.05279016428195168
1288,7,497,2,2.0,1.0,1,0.0615086126071924
1288,8,536,2,2.0,1.0,2,0.2950324209741353
1288,9,503,2,2.0,1.0,1,0.062423737169853485
1288,10,464,2,2.0,1.0,2,0.050546263989902654
1288,11,488,2,2.0,1.0,1,0.28308176530386425
1288,12,419,2,2.0,1.0,4,0.2762750809032018
1288,13,441,2,2.0,1.0,1,0.2611727016236146
1288,14,452,2,2.0,1.0,2,0.2611003395062124
1288,15,391,2,2.0,1.0,1,0.2465485140573273
1288,16,416,2,2.0,1.0,1,0.24977875501241442
1288,17,424,2,2.0,1.0,1,0.27006612820018944
1288,18,427,2,2.0,1.0,3,0.27204220854665173
1288,19,388,2,2.0,1.0,3,0.2745921056700457
1288,20,368,2,2.0,1.0,1,0.2691402169976387
1288,21,397,2,2.0,1.0,3,0.2790730305870038
1288,22,431,2,2.0,1.0,2,0.28691013184840175
1288,23,299,2,2.0,1.0,1,0.23474504292757223
1288,24,391,2,2.0,1.0,1,0.2480598347878429
1288,25,346,2,2.0,1.0,1,0.21497903987640604
1288,26,359,2,2.0,1.0,1,0.22858560894954774
1288,27,345,2,2.0,1.0,2,0.23604048987411874
1288,28,351,2,2.0,1.0,1,0.006106563672845752
1288,29,443,2,2.0,1.0,1,0.02652603409082661
1288,30,332,2,2.0,1.0,1,-0.044497879473074244
1288,31,394,2,2.0,1.0,1,-0.06360512269725675
1289,1,686,2,2.0,1.0,3,0.021004943948174627
1289,2,639,2,2.0,1.0,3,0.04628735908846098
1289,3,569,2,2.0,1.0,1,0.04498350892788316
1289,4,546,2,2.0,1.0,3,0.03304485037021791
1289,5,553,2,2.0,1.0,2,0.062335963048102995
1289,6,488,2,2.0,1.0,2,0.05179123209689157
1289,7,458,2,2.0,1.0,1,0.05685394936458293
1289,8,433,2,2.0,1.0,1,0.05077207219365577
1289,9,478,2,2.0,1.0,1,0.04689392010016934
1289,10,469,2,2.0,1.0,5,0.2536388358943245
1289,11,418,2,2.0,1.0,6,0.035187575341618364
1289,12,432,2,2.0,1.0,1,0.012805327879103363
1289,13,472,2,2.0,1.0,2,0.02256529818983658
1289,14,397,2,2.0,1.0,1,0.015254680337608328
1289,15,358,2,2.0,1.0,1,0.028485984493371242
1289,16,325,2,2.0,1.0,1,0.2297727739599264
1289,17,367,2,2.0,1.0,1,-0.029908367081658664
1290,1,687,2,2.0,1.0,3,0.021103379173145014
1290,2,642,2,2.0,1.0,3,0.046461176567098555
1290,3,581,2,2.0,1.0,3,0.045859543398292096
1290,4,563,2,2.0,1.0,3,0.060096429570185336
1290,5,560,2,2.0,1.0,4,0.062400555528724894
1290,6,511,2,2.0,1.0,2,0.07151764114076596
1290,7,486,2,2.0,1.0,1,0.06043419814718074
1290,8,489,2,2.0,1.0,2,0.04761165723734651
1290,9,471,2,2.0,1.0,2,0.023461073908425976
1290,10,499,2,2.0,1.0,4,0.01830871798879559
1290,11,468,2,2.0,1.0,4,0.021698846690047284
1290,12,453,2,2.0,1.0,5,0.015545920152910137
1290,13,449,2,2.0,1.0,1,0.01735337787676308
1290,14,456,2,2.0,1.0,1,-0.0063317732610343284
1290,15,616,1,1.0,1.0,1,-0.75
1291,1,721,2,2.0,1.0,3,0.0267148644212619
1291,2,630,2,2.0,1.0,2,0.057119863556477905
1291,3,581,2,2.0,1.0,1,0.045812021021834216
1291,4,529,2,2.0,1.0,1,0.02840909090909125
1291,5,553,2,2.0,1.0,1,0.0583344097132521
1291,6,465,2,2.0,1.0,1,0.03108128323985923
1291,7,447,2,2.0,1.0,1,0.05241426286151707
1291,8,445,2,2.0,1.0,3,0.01995943289392311
1291,9,467,2,2.0,1.0,1,0.02903483586658707
1291,10,498,2,2.0,1.0,1,0.25943086474658705
1291,11,512,2,2.0,1.0,1,0.011961648466408317
1291,12,477,2,2.0,1.0,1,0.026767088574687944
1291,13,421,2,2.0,1.0,1,-0.04132451080194513
1291,14,443,2,2.0,1.0,1,-0.028279048691268436
1291,15,712,1,1.0,1.0,1,-0.75
1291,16,699,1,1.0,1.0,1,-0.75
1292,1,700,2,2.0,1.0,3,0.0267127389253283
1292,2,635,2,2.0,1.0,2,0.05713677809357656
1292,3,571,2,2.0,1.0,1,0.04531265220624188
1292,4,549,2,2.0,1.0,1,0.02840909090909127
1292,5,556,2,2.0,1.0,1,0.05818652959405844
1292,6,501,2,2.0,1.0,1,0.06636528910695819
1292,7,408,2,2.0,1.0,2,0.27390535527890003
1292,8,422,2,2.0,1.0,4,0.2764790862687687
1292,9,446,2,2.0,1.0,4,0.2619905940794013
1292,10,451,2,2.0,1.0,4,0.25683492618372217
1292,11,466,2,2.0,1.0,1,0.24796928066027168
1292,12,475,2,2.0,1.0,1,0.266321272984534
1292,13,480,2,2.0,1.0,1,0.039431223434334854
1292,14,415,2,2.0,1.0,1,0.01630800329585961
1292,15,390,2,2.0,1.0,4,0.0007938038485940265
1292,16,438,2,2.0,1.0,1,0.0020788435591737697
1292,17,381,2,2.0,1.0,1,0.009792095352514804
1292,18,464,2,2.0,1.0,1,-0.07142857142857201
1292,19,484,2,2.0,1.0,1,-0.5
1292,20,477,2,1.9580712788259957,1.0,1,-0.510482180293501
1293,1,698,2,2.0,1.0,3,0.026693077753910135
1293,2,618,2,2.0,1.0,2,0.05712111393975396
1293,3,570,2,2.0,1.0,1,0.045761945128929095
1293,4,540,2,2.0,1.0,3,0.028409090909091262
1293,5,552,2,2.0,1.0,3,0.05819487329747797
1293,6,465,2,2.0,1.0,4,0.03071501698154199
1293,7,431,2,2.0,1.0,3,0.044515251268676184
1293,8,434,2,2.0,1.0,2,0.05411828997118689
1293,9,500,2,2.0,1.0,2,0.26194352114045777
1293,10,475,2,2.0,1.0,2,0.042999014511474205
1293,11,417,2,2.0,1.0,1,0.004527679153978508
1293,12,390,2,2.0,1.0,4,-0.008181004527568796
1293,13,464,2,2.0,1.0,4,-0.03389494967995161
1293,14,465,2,2.0,1.0,7,-0.49898944643568305
1293,15,451,2,2.0,1.0,1,-0.5
1294,1,680,2,2.0,1.0,3,0.031129521717762135
1294,2,615,2,2.0,1.0,2,0.029791412291412057
1294,3,571,2,2.0,1.0,2,0.03447370616940887
1294,4,552,2,2.0,1.0,2,0.032175327691631575
1294,5,565,2,2.0,1.0,4,0.05383164770332856
1294,6,503,2,2.0,1.0,5,0.021791994511802564
1294,7,506,2,2.0,1.0,2,0.046309882296987064
1294,8,440,2,2.0,1.0,2,0.03954119413590014
1294,9,541,2,2.0,1.0,1,0.260208958181306
1294,10,473,2,2.0,1.0,5,0.0037735061755869988
1294,11,472,2,2.0,1.0,3,0.24947842522082841
1294,12,493,2,2.0,1.0,2,0.23551105384668583
1294,13,427,2,2.0,1.0,1,-0.009242906914762492
1294,14,425,2,2.0,1.0,1,0.22232552635322098
1294,15,392,2,2.0,1.0,1,-0.010359244033310724
1294,16,370,2,2.0,1.0,1,-0.08609165105699733
1295,1,697,2,2.0,1.0,3,0.026695219561740143
1295,2,619,2,2.0,1.0,2,0.06207449040631198
1295,3,565,2,2.0,1.0,1,0.05318087244916312
1295,4,520,2,2.0,1.0,1,0.05929912537247489
1295,5,524,2,2.0,1.0,1,0.07565231382134813
1295,6,538,2,2.0,1.0,1,0.2860824600558073
1295,7,492,2,2.0,1.0,1,0.28649884367209716
1295,8,529,2,2.0,1.0,1,0.2963268838032522
1295,9,483,2,2.0,1.0,1,0.2796045407787423
1295,10,490,2,2.0,1.0,1,0.27685671856387023
1295,11,511,2,2.0,1.0,1,0.27671222390647715
1295,12,431,2,2.0,1.0,1,0.04685127082893905
1295,13,405,2,2.0,1.0,1,0.2637248882994067
1295,14,417,2,2.0,1.0,1,0.2530093827060686
1295,15,354,2,2.0,1.0,1,0.2449934831037137
1295,16,413,2,2.0,1.0,1,0.01933543357048393
1295,17,358,2,2.0,1.0,1,0.0006524425968658588
1295,18,411,2,2.0,1.0,1,0.24183662881645385
1295,19,413,2,2.0,1.0,1,0.028628670677726717
1295,20,397,2,2.0,1.0,1,0.027735509554467862
1295,21,376,2,2.0,1.0,1,-0.020499850864983
1295,22,606,1,1.0,1.0,1,-0.75
1296,1,662,2,2.0,1.0,3,0.031041984690001932
1296,2,605,2,2.0,1.0,2,0.02976631953904658
1296,3,553,2,2.0,1.0,4,0.03377562506177547
1296,4,543,2,2.0,1.0,5,0.03248688907372276
1296,5,543,2,2.0,1.0,1,0.06731158804363228
1296,6,541,2,2.0,1.0,1,0.07708889459010052
1296,7,549,2,2.0,1.0,2,0.2847016447951451
1296,8,502,2,2.0,1.0,4,0.026385227505514634
1296,9,478,2,2.0,1.0,5,0.011516394994869589
1296,10,437,2,2.0,1.0,1,0.02635845026292339
1296,11,452,2,2.0,1.0,1,0.03711431033415714
1296,12,457,2,2.0,1.0,4,-0.027741322381096722
1296,13,437,2,2.0,1.0,1,-0.5
1297,1,725,2,2.0,1.0,3,0.02220390865575195
1297,2,651,2,2.0,1.0,2,0.04518287105553321
1297,3,598,2,2.0,1.0,3,0.023419799870536193
1297,4,537,2,2.0,1.0,4,0.029797202091439767
1297,5,567,2,2.0,1.0,3,0.06234579565708313
1297,6,490,2,2.0,1.0,2,0.06316326611939597
1297,7,422,2,2.0,1.0,3,0.2870100507107162
1297,8,431,2,2.0,1.0,2,0.2617447651907635
1297,9,437,2,2.0,1.0,5,0.2598748503043359
1297,10,445,2,2.0,1.0,1,0.016194182876739387
1297,11,402,2,2.0,1.0,4,0.015519554758204197
1297,12,383,2,2.0,1.0,1,0.22404214508671486
1297,13,365,2,2.0,1.0,1,0.20843548253740113
1297,14,376,2,1.9946808510638299,1.0,1,0.11198537151771343
1297,15,1203,0,0.0,1.0,0,-1.0
1298,1,689,2,2.0,1.0,3,0.021038188963131
1298,2,627,2,2.0,1.0,3,0.04630100144256853
1298,3,570,2,2.0,1.0,1,0.045740955739021094
1298,4,515,2,2.0,1.0,2,0.05764097704149806
1298,5,521,2,2.0,1.0,2,0.06404792890468054
1298,6,478,2,2.0,1.0,2,0.02169431243274409
1298,7,483,2,2.0,1.0,3,0.040874091324627236
1298,8,487,2,2.0,1.0,6,0.0267697138590362
1298,9,495,2,2.0,1.0,2,0.2544858384090584
1298,10,471,2,2.0,1.0,4,0.038488403211193005
1298,11,404,2,2.0,1.0,5,0.034730139104031
1298,12,487,2,2.0,1.0,3,0.017775548151435727
1298,13,428,2,2.0,1.0,3,0.005961961896753504
1298,14,412,2,2.0,1.0,1,-0.011765982148115962
1298,15,401,2,2.0,1.0,1,-0.06093451570908355
1298,16,425,2,2.0,1.0,1,-0.0869588817705306
1298,17,439,2,2.0,1.0,1,-0.5
1299,1,662,2,2.0,1.0,3,0.031084573832166743
1299,2,598,2,2.0,1.0,2,0.029774206655477326
1299,3,562,2,2.0,1.0,4,0.030280997325078204
1299,4,545,2,2.0,1.0,1,0.028409090909091265
1299,5,568,2,2.0,1.0,1,0.06251524069791888
1299,6,541,2,2.0,1.0,1,0.07181091933060905
1299,7,520,2,2.0,1.0,1,0.05267880113197878
1299,8,475,2,2.0,1.0,2,0.2756508726771884
1299,9,477,2,2.0,1.0,1,0.21581900522324382
1299,10,464,2,2.0,1.0,1,0.23430239293311694
1299,11,346,2,2.0,1.0,1,0.0032621564450981207
1299,12,413,2,2.0,1.0,1,-0.022652094240843964
1299,13,422,2,2.0,1.0,4,-0.020417629279982703
1299,14,383,2,2.0,1.0,4,-0.014440699099067048
1299,15,368,2,2.0,1.0,1,-0.49872307769726254
1299,16,392,2,1.9770408163265305,1.0,1,-0.06616916341416891
1299,17,1194,0,0.0,1.0,0,-1.0
1300,1,659,2,2.0,1.0,3,0.031079706453915674
1300,2,598,2,2.0,1.0,2,0.02976583524242364
1300,3,561,2,2.0,1.0,4,0.030058313146548214
1300,4,570,2,2.0,1.0,1,0.06005980861243973
1300,5,562,2,2.0,1.0,4,0.05386313633644535
1300,6,514,2,2.0,1.0,1,0.053206163385788534
1300,7,441,2,2.0,1.0,2,0.2657498404055336
1300,8,436,2,2.0,1.0,2,0.23428644653389413
1300,9,498,2,2.0,1.0,4,0.254813225232945
1300,10,476,2,2.0,1.0,2,0.009283971947441533
1300,11,404,2,2.0,1.0,4,0.014627665432467213
1300,12,389,2,2.0,1.0,4,0.23968520973346705
1300,13,309,2,2.0,1.0,1,0.22229110040384914
1300,14,316,2,2.0,1.0,3,0.1853014885743739
1300,15,337,2,2.0,1.0,2,-0.0307115748144097
1300,16,381,2,1.994750656167979,1.0,4,-0.5013123359580053
1301,1,679,2,2.0,1.0,3,0.030840847563355606
1301,2,603,2,2.0,1.0,1,0.02978278631263682
1301,3,569,2,2.0,1.0,2,0.03447356128644322
1301,4,551,2,2.0,1.0,2,0.03217528841394494
1301,5,551,2,2.0,1.0,5,0.0673938992042441
1301,6,550,2,2.0,1.0,6,0.07723461031721944
1301,7,528,2,2.0,1.0,2,0.05966208906977418
1301,8,483,2,2.0,1.0,1,0.28229730569762307
1301,9,480,2,2.0,1.0,1,0.06126930725448188
1301,10,436,2,2.0,1.0,1,0.050641544563022216
1301,11,477,2,2.0,1.0,4,0.0322395261758293
1301,12,450,2,2.0,1.0,4,0.27598761449549697
1301,13,434,2,2.0,1.0,9,0.2691936403849436
1301,14,425,2,2.0,1.0,4,0.29837123412930716
1301,15,465,2,2.0,1.0,2,0.2893254925837868
1301,16,417,2,2.0,1.0,4,0.06423887753632458
1301,17,438,2,2.0,1.0,2,0.05252158522685491
1301,18,398,2,2.0,1.0,4,0.026481673137148234
1301,19,381,2,2.0,1.0,4,0.014581976749157496
1301,20,403,2,2.0,1.0,2,0.2504805573640417
1301,21,375,2,2.0,1.0,4,0.22393298696676062
1301,22,344,2,2.0,1.0,4,-0.04090163852910638
1301,23,351,2,1.9259259259259258,1.0,7,-0.5185185185185185
1301,24,969,0,0.0,1.0,0,-1.0
1302,1,680,2,2.0,1.0,3,0.031110995668211117
1302,2,614,2,2.0,1.0,1,0.02975877271479854
1302,3,564,2,2.0,1.0,3,0.03448154074146448
1302,4,549,2,2.0,1.0,5,0.032162153268710185
1302,5,571,2,2.0,1.0,1,0.05361509558094435
1302,6,504,2,2.0,1.0,1,0.04940804355977994
1302,7,502,2,2.0,1.0,1,0.04574617556400106
1302,8,431,2,2.0,1.0,2,0.03182402271127499
1302,9,511,2,2.0,1.0,2,0.2582774221053289
1302,10,521,2,2.0,1.0,2,0.046953083370376104
1302,11,527,2,2.0,1.0,4,0.2598525159503076
1302,12,448,2,2.0,1.0,5,0.24825014636848303
1302,13,425,2,2.0,1.0,4,0.24090680533649173
1302,14,412,2,2.0,1.0,6,0.02781611108930581
1302,15,430,2,2.0,1.0,3,0.02414301681772784
1302,16,396,2,2.0,1.0,2,-0.06403341832105686
1302,17,369,2,2.0,1.0,2,-0.5
1303,1,671,2,2.0,1.0,3,0.03884540780976286
1303,2,630,2,2.0,1.0,2,0.05310816471224638
1303,3,599,2,2.0,1.0,1,0.06010694798808576
1303,4,522,2,2.0,1.0,1,0.059451219512194564
1303,5,510,2,2.0,1.0,5,0.287315391080995
1303,6,544,2,2.0,1.0,3,0.301127636072584
1303,7,499,2,2.0,1.0,3,0.2897847344255019
1303,8,485,2,2.0,1.0,1,0.2887001233506912
1303,9,511,2,2.0,1.0,1,0.2984475769988695
1303,10,470,2,2.0,1.0,1,0.06392691589408452
1303,11,450,2,2.0,1.0,1,0.0653087822671159
1303,12,418,2,2.0,1.0,1,0.26323575493861157
1303,13,404,2,2.0,1.0,1,0.2838575565818175
1303,14,483,2,2.0,1.0,1,0.30066732534793705
1303,15,471,2,2.0,1.0,1,0.30907699629485386
1303,16,436,2,2.0,1.0,1,0.04682997406102878
1303,17,462,2,2.0,1.0,1,0.060962911396195786
1303,18,348,2,2.0,1.0,4,0.3029235885119634
1303,19,404,2,2.0,1.0,1,0.29374326696551933
1303,20,365,2,2.0,1.0,1,0.31986430645737357
1303,21,371,2,2.0,1.0,2,0.3243488655515962
1303,22,341,2,2.0,1.0,2,0.37040755831227573
1303,23,405,2,2.0,1.0,4,0.3677452332493731
1303,24,467,2,2.0,1.0,3,0.18633748403489134
1303,25,422,2,2.0,1.0,5,0.4191735937633643
1303,26,376,2,2.0,1.0,4,0.4143872886670994
1303,27,957,2,0.10344827586206896,1.0,4,0.9698154686108938
1303,28,977,2,0.09723643807574207,1.0,4,0.972234203365478
1304,1,710,2,2.0,1.0,3,0.01968802397217652
1304,2,658,2,2.0,1.0,3,0.04636345497000259
1304,3,592,2,2.0,1.0,3,0.04558413130969226
1304,4,536,2,2.0,1.0,2,0.0576124588870486
1304,5,549,2,2.0,1.0,4,0.27971266604980227
1304,6,498,2,2.0,1.0,4,0.28087360149634877
1304,7,450,2,2.0,1.0,4,0.2518450537859556
1304,8,426,2,2.0,1.0,1,0.03287329498953262
1304,9,458,2,2.0,1.0,2,0.022187597037184988
1304,10,526,2,2.0,1.0,2,0.004835125561516953
1304,11,494,2,2.0,1.0,2,-0.0019575119448296545
1304,12,449,2,2.0,1.0,1,-0.05610183199915765
1304,13,503,2,2.0,1.0,1,-0.09795961075651341
1305,1,675,2,2.0,1.0,3,0.031094606145574084
1305,2,616,2,2.0,1.0,1,0.029783311926168836
1305,3,565,2,2.0,1.0,3,0.033898402812350736
1305,4,543,2,2.0,1.0,5,0.03216176855679573
1305,5,525,2,2.0,1.0,5,0.05288979554986517
1305,6,510,2,2.0,1.0,1,0.2830223880597019
1305,7,517,2,2.0,1.0,4,0.28488910892220903
1305,8,479,2,2.0,1.0,2,0.29553001039038274
1305,9,467,2,2.0,1.0,2,0.27199900343319905
1305,10,447,2,2.0,1.0,3,0.27315121405931825
1305,11,442,2,2.0,1.0,1,0.2755944268978425
1305,12,441,2,2.0,1.0,1,0.27813445247190693
1305,13,452,2,2.0,1.0,1,0.28024116252107373
1305,14,429,2,2.0,1.0,1,0.27839668835822523
1305,15,381,2,2.0,1.0,1,0.285304932455641
1305,16,407,2,2.0,1.0,1,0.26702265712601564
1305,17,420,2,2.0,1.0,1,0.26685696596240016
1305,18,375,2,2.0,1.0,1,0.27499965317931724
1305,19,362,2,2.0,1.0,4,0.26491928869293213
1305,20,342,2,2.0,1.0,3,0.04313294628388544
1305,21,356,2,2.0,1.0,1,0.00552443767479586
1305,22,430,2,2.0,1.0,4,0.23529769525257932
1305,23,366,2,2.0,1.0,4,0.2266191082330631
1305,24,351,2,2.0,1.0,4,0.21857246580488268
1305,25,330,2,2.0,1.0,4,-0.017678175011271512
1305,26,308,2,2.0,1.0,4,0.006703194544877353
1305,27,346,2,1.9942196531791907,1.0,1,-0.5014450867052023
1306,1,671,2,2.0,1.0,3,0.031132343193408532
1306,2,604,2,2.0,1.0,2,0.02979940405437071
1306,3,562,2,2.0,1.0,2,0.03431136088694078
1306,4,533,2,2.0,1.0,5,0.032492328461654355
1306,5,551,2,2.0,1.0,1,0.062465098422448684
1306,6,552,2,2.0,1.0,1,0.0673411371237459
1306,7,549,2,2.0,1.0,1,0.07192613522798838
1306,8,541,2,2.0,1.0,1,0.02445652173913069
1306,9,556,2,2.0,1.0,1,0.05269212723466757
1306,10,589,2,2.0,1.0,1,0.02850822550213373
1306,11,528,2,2.0,1.0,1,0.01919697978276261
1306,12,516,2,2.0,1.0,1,0.03351476711834941
1306,13,472,2,2.0,1.0,1,0.0173112341684343
1306,14,449,2,2.0,1.0,1,0.0019876081205729063
1306,15,439,2,2.0,1.0,1,0.23842242880105335
1306,16,387,2,2.0,1.0,1,0.0012109734730145416
1306,17,408,2,2.0,1.0,1,-0.5
1306,18,661,1,1.0,1.0,1,-0.75
1307,1,670,2,2.0,1.0,3,0.038550673162637175
1307,2,620,2,2.0,1.0,2,0.05303918541369739
1307,3,571,2,2.0,1.0,1,0.05566899290629565
1307,4,516,2,2.0,1.0,1,0.05945121951219457
1307,5,541,2,2.0,1.0,2,0.28957785644507844
1307,6,509,2,2.0,1.0,3,0.296427492128318
1307,7,520,2,2.0,1.0,4,0.29499841272727245
1307,8,515,2,2.0,1.0,2,0.2968509989628088
1307,9,513,2,2.0,1.0,4,0.29493528395438956
1307,10,527,2,2.0,1.0,2,0.2991897345118529
1307,11,485,2,2.0,1.0,4,0.28169680296713134
1307,12,454,2,2.0,1.0,4,0.2760471218595391
1307,13,443,2,2.0,1.0,1,0.2222157298153996
1307,14,458,2,2.0,1.0,3,0.2748377127822936
1307,15,438,2,2.0,1.0,1,0.024496125781234536
1307,16,401,2,2.0,1.0,1,-0.5
1308,1,673,2,2.0,1.0,3,0.03881380638260654
1308,2,626,2,2.0,1.0,2,0.053152528262850975
1308,3,572,2,2.0,1.0,1,0.055669015328106
1308,4,508,2,2.0,1.0,1,0.05945121951219457
1308,5,532,2,2.0,1.0,2,0.28046724676591533
1308,6,492,2,2.0,1.0,2,0.28112034154526305
1308,7,442,2,2.0,1.0,4,0.2551532421287696
1308,8,419,2,2.0,1.0,3,0.2597273053837713
1308,9,450,2,2.0,1.0,5,0.2615529261135403
1308,10,456,2,2.0,1.0,1,0.27793446787280973
1308,11,390,2,2.0,1.0,1,0.04867750326083685
1308,12,432,2,2.0,1.0,1,0.021536368081855613
1308,13,355,2,2.0,1.0,1,0.0333517212566508
1308,14,408,2,2.0,1.0,3,0.030363637199052888
1308,15,421,2,2.0,1.0,1,0.017160946127502786
1308,16,383,2,2.0,1.0,2,-0.015476674589734937
1308,17,452,2,2.0,1.0,1,-0.5
1309,1,689,2,2.0,1.0,3,0.026704599090685628
1309,2,610,2,2.0,1.0,2,0.062076419125431506
1309,3,566,2,2.0,1.0,2,0.05111814135466669
1309,4,530,2,2.0,1.0,2,0.057674506814351316
1309,5,513,2,2.0,1.0,2,0.28539607928223915
1309,6,492,2,2.0,1.0,4,0.2763830480622385
1309,7,483,2,2.0,1.0,2,0.2784776465232367
1309,8,478,2,2.0,1.0,2,0.025437648308575738
1309,9,488,2,2.0,1.0,4,0.008910082583508006
1309,10,488,2,2.0,1.0,4,0.2485679820521296
1309,11,406,2,2.0,1.0,1,0.2348985181004448
1309,12,374,2,2.0,1.0,1,0.29495454965733026
1309,13,312,2,2.0,1.0,2,0.015062643079105808
1309,14,304,2,2.0,1.0,1,-0.027691270398449108
1309,15,533,1,1.0,1.0,2,-0.75
1310,1,676,2,2.0,1.0,3,0.030984073734821243
1310,2,598,2,2.0,1.0,2,0.029799320894638392
1310,3,558,2,2.0,1.0,2,0.034638424176695944
1310,4,576,2,2.0,1.0,2,0.05093443242541474
1310,5,532,2,2.0,1.0,3,0.27937005044916124
1310,6,478,2,2.0,1.0,1,0.26117925481951326
1310,7,459,2,2.0,1.0,1,0.2703867140228047
1310,8,459,2,2.0,1.0,3,0.26460426162611794
1310,9,445,2,2.0,1.0,4,0.2515168805944732
1310,10,426,2,2.0,1.0,2,0.029791207048139805
1310,11,469,2,2.0,1.0,6,0.25752978554990114
1310,12,436,2,2.0,1.0,5,0.24928613515747242
1310,13,394,2,2.0,1.0,4,0.2332557061520127
1310,14,357,2,2.0,1.0,2,0.2294472609856916
1310,15,470,2,2.0,1.0,1,0.09261178073885606
1310,16,438,2,2.0,1.0,2,0.07192667474175163
1310,17,357,2,2.0,1.0,2,0.055087194999220594
1310,18,361,2,2.0,1.0,1,0.02701775538196291
1310,19,402,2,2.0,1.0,2,-0.04603143560013614
1310,20,719,1,1.0,1.0,1,-0.75
1311,1,681,2,2.0,1.0,3,0.021130790093121365
1311,2,640,2,2.0,1.0,3,0.0463929557003809
1311,3,585,2,2.0,1.0,3,0.04530938726079085
1311,4,565,2,2.0,1.0,2,0.028408573304623902
1311,5,539,2,2.0,1.0,1,0.06224318985122939
1311,6,502,2,2.0,1.0,1,0.034942982253738854
1311,7,495,2,2.0,1.0,4,0.07994681537958635
1311,8,468,2,2.0,1.0,1,0.03749326086458747
1311,9,456,2,2.0,1.0,2,0.27752442060693816
1311,10,460,2,2.0,1.0,1,0.04675851749128124
1311,11,483,2,2.0,1.0,2,0.26856024162480996
1311,12,462,2,2.0,1.0,1,0.0389354385392925
1311,13,453,2,2.0,1.0,1,0.023658660144640093
1311,14,416,2,2.0,1.0,2,0.03964097169233197
1311,15,440,2,2.0,1.0,2,0.014089011581348064
1311,16,336,2,2.0,1.0,1,0.02020582169869642
1311,17,335,2,2.0,1.0,6,0.0043105456304208195
1311,18,342,2,2.0,1.0,4,-0.017666257887384563
1311,19,342,2,2.0,1.0,1,-0.018518776573631174
1311,20,283,2,1.9964664310954063,1.0,5,0.002080082612262041
1312,1,665,2,2.0,1.0,3,0.03108312927241414
1312,2,610,2,2.0,1.0,2,0.029791278848655664
1312,3,563,2,2.0,1.0,1,0.03446475947900879
1312,4,553,2,2.0,1.0,1,0.03217104625332427
1312,5,566,2,2.0,1.0,1,0.05373700618841903
1312,6,502,2,2.0,1.0,1,0.05316708297906371
1312,7,502,2,2.0,1.0,1,0.03631436819566616
1312,8,504,2,2.0,1.0,1,0.02146843245044151
1312,9,519,2,2.0,1.0,1,0.030050157506805123
1312,10,506,2,2.0,1.0,1,0.03591678437650042
1312,11,463,2,2.0,1.0,1,0.022868117918987643
1312,12,424,2,2.0,1.0,2,0.04114190957361648
1312,13,487,2,2.0,1.0,2,0.23540694526055217
1312,14,425,2,2.0,1.0,1,0.013745873282677016
1312,15,446,2,2.0,1.0,2,0.011201847012713225
1312,16,424,2,2.0,1.0,2,-0.04754670736219019
1313,1,678,2,2.0,1.0,3,0.021198769606974407
1313,2,640,2,2.0,1.0,3,0.04635191176922149
1313,3,572,2,2.0,1.0,1,0.045269424786231874
1313,4,555,2,2.0,1.0,3,0.05771059328044611
1313,5,533,2,2.0,1.0,2,0.2856540296205638
1313,6,491,2,2.0,1.0,1,0.01770315037768432
1313,7,447,2,2.0,1.0,1,0.04809166773881585
1313,8,452,2,2.0,1.0,1,0.044359177023736346
1313,9,484,2,2.0,1.0,2,0.012808231962636687
1313,10,437,2,2.0,1.0,2,0.030501954929249026
1313,11,454,2,2.0,1.0,1,0.25543894486196
1313,12,445,2,2.0,1.0,1,0.24613330983256484
1313,13,409,2,2.0,1.0,1,-0.5
1313,14,409,2,1.9926650366748166,1.0,1,-0.00043100179214933634
1313,15,355,2,2.0,1.0,1,-0.02922073225350302
1313,16,367,2,2.0,1.0,1,-0.5
1313,17,560,1,1.0,1.0,1,-0.75
1314,1,667,2,2.0,1.0,3,0.03882818656572199
1314,2,633,2,2.0,1.0,2,0.0531087930346563
1314,3,572,2,2.0,1.0,1,0.055669015328106
1314,4,524,2,2.0,1.0,1,0.2867537313432822
1314,5,507,2,2.0,1.0,1,0.2948646980650441
1314,6,530,2,2.0,1.0,1,0.29244496707917345
1314,7,514,2,2.0,1.0,1,0.2978774163653124
1314,8,520,2,2.0,1.0,1,0.3008201200162557
1314,9,503,2,2.0,1.0,1,0.30043975278761864
1314,10,509,2,2.0,1.0,1,0.3089487483994558
1314,11,514,2,2.0,1.0,1,0.2978774163653124
1314,12,497,2,2.0,1.0,1,0.29921736300153906
1314,13,527,2,2.0,1.0,1,0.3102238347830013
1314,14,504,2,2.0,1.0,1,0.06644288551332388
1314,15,465,2,2.0,1.0,1,0.312789213464058
1314,16,439,2,2.0,1.0,1,0.3227645130573342
1314,17,405,2,2.0,1.0,1,0.3166090486515798
1314,18,424,2,2.0,1.0,1,0.36576816049098204
1314,19,368,2,2.0,1.0,4,0.4158391369412837
1314,20,359,2,2.0,1.0,4,0.4312806337831127
1314,21,441,2,2.0,1.0,3,0.4402154534361735
1314,22,437,2,2.0,1.0,8,0.431320621469511
1314,23,1103,2,0.009972801450589302,1.0,3,0.9972041839325999
1315,1,673,2,2.0,1.0,3,0.038526428953929645
1315,2,629,2,2.0,1.0,2,0.053021398047349386
1315,3,559,2,2.0,1.0,1,0.03445597969968509
1315,4,555,2,2.0,1.0,1,0.03217113967113921
1315,5,542,2,2.0,1.0,1,0.06731124042009654
1315,6,546,2,2.0,1.0,1,0.07709265929165637
1315,7,543,2,2.0,1.0,2,0.31114900616759067
1315,8,531,2,2.0,1.0,2,0.2775585381931357
1315,9,537,2,2.0,1.0,2,0.30021290609013424
1315,10,453,2,2.0,1.0,2,0.2714961197679258
1315,11,427,2,2.0,1.0,1,0.2846268790780422
1315,12,395,2,2.0,1.0,2,0.2725802319827511
1315,13,451,2,2.0,1.0,1,0.041207446071636705
1315,14,458,2,2.0,1.0,1,0.03570396639782913
1315,15,417,2,2.0,1.0,2,0.00661639836483687
1315,16,434,2,2.0,1.0,2,0.23539046415618856
1315,17,391,2,2.0,1.0,4,-0.05709068694396081
1315,18,335,2,2.0,1.0,5,-0.006315889648275843
1315,19,437,2,2.0,1.0,1,-0.5
1316,1,666,2,2.0,1.0,3,0.030978561542309272
1316,2,602,2,2.0,1.0,1,0.029782744940552018
1316,3,555,2,2.0,1.0,4,0.03359044176208353
1316,4,547,2,2.0,1.0,5,0.03216202596915531
1316,5,547,2,2.0,1.0,5,0.06741916540362615
1316,6,538,2,2.0,1.0,6,0.08245766295001214
1316,7,537,2,2.0,1.0,2,0.06266914030084743
1316,8,503,2,2.0,1.0,2,0.0524991330455612
1316,9,384,2,2.0,1.0,2,-0.0015599977817258328
1316,10,383,2,2.0,1.0,2,0.19081597217714255
1316,11,383,2,2.0,1.0,4,0.23878716462366537
1316,12,400,2,2.0,1.0,2,0.24917424221857998
1316,13,406,2,2.0,1.0,7,0.3089223936019951
1316,14,440,2,2.0,1.0,2,0.09203618375474923
1316,15,411,2,2.0,1.0,1,0.007701705156736436
1316,16,396,2,2.0,1.0,5,0.002618248310299875
1316,17,360,2,2.0,1.0,2,-0.0018886940862121884
1316,18,370,2,2.0,1.0,2,-0.009901589151766853
1316,19,349,2,2.0,1.0,5,-0.020619191643546798
1316,20,355,2,2.0,1.0,1,-0.026002012559442563
1316,21,348,2,2.0,1.0,1,-0.056093260188087905
1316,22,326,2,1.9325153374233128,1.0,1,-0.5168711656441718
1317,1,661,2,2.0,1.0,3,0.030845653917964806
1317,2,600,2,2.0,1.0,2,0.02979100529100506
1317,3,559,2,2.0,1.0,2,0.03448124213116332
1317,4,536,2,2.0,1.0,2,0.03217468166162151
1317,5,559,2,2.0,1.0,4,0.05348837209302264
1317,6,526,2,2.0,1.0,2,0.0531502275749681
1317,7,479,2,2.0,1.0,2,0.052807425671923175
1317,8,437,2,2.0,1.0,1,0.03842471469399559
1317,9,491,2,2.0,1.0,2,0.2572482613022874
1317,10,467,2,2.0,1.0,5,0.044506226859781686
1317,11,426,2,2.0,1.0,3,0.027003355799924033
1317,12,448,2,2.0,1.0,3,0.2491134569329092
1317,13,372,2,2.0,1.0,4,0.25676710766407984
1317,14,321,2,2.0,1.0,1,0.2543765995901062
1317,15,290,2,2.0,1.0,4,0.2090489051913813
1317,16,323,2,2.0,1.0,3,0.02329629105018499
1317,17,326,2,2.0,1.0,2,-0.025677574884303597
1317,18,358,2,2.0,1.0,1,-0.5
1317,19,615,1,1.0,1.0,1,-0.75
1318,1,661,2,2.0,1.0,3,0.038831559298617646
1318,2,633,2,2.0,1.0,2,0.05304332478060349
1318,3,565,2,2.0,1.0,2,0.05567317719972565
1318,4,520,2,2.0,1.0,1,0.059451219512194564
1318,5,534,2,2.0,1.0,2,0.2995646702933563
1318,6,483,2,2.0,1.0,3,0.3071478595637511
1318,7,497,2,2.0,1.0,2,0.3073162090895441
1318,8,498,2,2.0,1.0,1,0.3116990484460361
1318,9,488,2,2.0,1.0,1,0.3052168949771697
1318,10,474,2,2.0,1.0,1,0.30804929950499454
1318,11,471,2,2.0,1.0,1,0.30522106501405993
1318,12,469,2,2.0,1.0,1,0.30520326108503776
1318,13,488,2,2.0,1.0,1,0.30953773325699435
1318,14,451,2,2.0,1.0,4,0.3093534698179816
1318,15,374,2,2.0,1.0,4,0.3080183746404772
1318,16,372,2,2.0,1.0,4,0.2869508635012362
1318,17,377,2,2.0,1.0,4,0.2922254581739491
1318,18,355,2,2.0,1.0,2,0.26754969312311205
1318,19,303,2,2.0,1.0,4,0.11612964939738252
1318,20,355,2,2.0,1.0,1,0.07479440403294203
1318,21,317,2,2.0,1.0,1,0.0917218100566214
1318,22,383,2,2.0,1.0,2,0.316048312995729
1318,23,420,2,2.0,1.0,4,0.3319149922392617
1318,24,321,2,2.0,1.0,4,0.32494917158351333
1318,25,306,2,2.0,1.0,3,0.32280348076144216
1318,26,343,2,2.0,1.0,1,0.3020151807984816
1318,27,395,2,2.0,1.0,2,0.2893675720341068
1318,28,474,2,1.0021097046413503,1.0,4,-0.7479550249328731
1318,29,1224,0,0.0,1.0,0,-1.0
1319,1,656,2,2.0,1.0,3,0.0259828317698656
1319,2,598,2,2.0,1.0,2,0.034510782420885115
1319,3,572,2,2.0,1.0,3,0.032302358351308916
1319,4,568,2,2.0,1.0,1,0.05794379046015258
1319,5,503,2,2.0,1.0,1,0.04935359109709595
1319,6,498,2,2.0,1.0,1,0.05531692021645733
1319,7,424,2,2.0,1.0,2,0.04816085835947999
1319,8,427,2,2.0,1.0,2,0.024035467547642936
1319,9,464,2,2.0,1.0,2,0.06449633157015616
1319,10,458,2,2.0,1.0,1,0.025331301222770494
1319,11,422,2,2.0,1.0,1,0.1367699983841983
1319,12,423,2,2.0,1.0,4,0.2625306142549765
1319,13,429,2,2.0,1.0,2,0.05333888774040697
1319,14,408,2,2.0,1.0,2,0.19148758577653344
1319,15,433,2,2.0,1.0,2,-0.01854355456694376
1319,16,359,2,2.0,1.0,2,-0.5
1319,17,420,2,2.0,1.0,1,-0.1001318060377473
1320,1,701,2,2.0,1.0,3,0.026684990505019858
1320,2,616,2,2.0,1.0,2,0.0620568539497843
1320,3,573,2,2.0,1.0,2,0.05317676726589722
1320,4,527,2,2.0,1.0,1,0.059301145598239666
1320,5,513,2,2.0,1.0,2,0.28488168130004077
1320,6,514,2,2.0,1.0,1,0.053312584258176164
1320,7,467,2,2.0,1.0,2,0.25047325993782077
1320,8,435,2,2.0,1.0,4,0.2625189205361066
1320,9,467,2,2.0,1.0,3,0.2701445567178282
1320,10,438,2,2.0,1.0,4,0.2634005199212453
1320,11,428,2,2.0,1.0,3,0.2526838926676156
1320,12,422,2,2.0,1.0,4,0.24838692121721795
1320,13,416,2,2.0,1.0,5,0.056595716406048296
1320,14,377,2,2.0,1.0,5,0.20105263546774707
1320,15,365,2,2.0,1.0,4,-0.007807077181352084
1320,16,336,2,2.0,1.0,2,-0.03745768991510517
1320,17,434,2,1.9654377880184333,1.0,1,-0.5086405529953917
1321,1,673,2,2.0,1.0,3,0.03093277802713511
1321,2,611,2,2.0,1.0,2,0.029774381850727838
1321,3,577,2,2.0,1.0,3,0.03471299902902269
1321,4,570,2,2.0,1.0,4,0.05821360879606182
1321,5,525,2,2.0,1.0,1,0.05309539447963041
1321,6,502,2,2.0,1.0,1,0.04798473980665392
1321,7,483,2,2.0,1.0,1,0.02488894567182976
1321,8,549,2,2.0,1.0,1,0.0316322547889965
1321,9,446,2,2.0,1.0,1,-0.0006783342893649321
1321,10,487,2,2.0,1.0,2,0.253233456657103
1321,11,434,2,2.0,1.0,4,0.039785093113404994
1321,12,431,2,2.0,1.0,1,0.029524656402942162
1321,13,419,2,2.0,1.0,5,0.017697774326005337
1321,14,408,2,2.0,1.0,2,-0.09726715269866004
1321,15,378,2,2.0,1.0,1,-0.5
1321,16,612,1,1.0,1.0,1,-0.75
1321,17,1184,0,0.0,1.0,0,-1.0
1322,1,686,2,2.0,1.0,3,0.02673457487308078
1322,2,609,2,2.0,1.0,2,0.061127891565117345
1322,3,565,2,2.0,1.0,3,0.05361263081313507
1322,4,516,2,2.0,1.0,1,0.05929794634813598
1322,5,525,2,2.0,1.0,2,0.2859633954034504
1322,6,502,2,2.0,1.0,1,0.2737620690409066
1322,7,464,2,2.0,1.0,1,0.055127038291494936
1322,8,474,2,2.0,1.0,1,0.26032136673857265
1322,9,418,2,2.0,1.0,1,0.2845816985815186
1322,10,406,2,2.0,1.0,1,0.3049472696113521
1322,11,422,2,2.0,1.0,3,0.35380728630076097
1322,12,422,2,2.0,1.0,2,0.31417918631456676
1322,13,396,2,2.0,1.0,1,0.06676109751825597
1322,14,309,2,2.0,1.0,5,0.300445136842484
1322,15,358,2,2.0,1.0,2,0.30112261307933424
1322,16,373,2,2.0,1.0,2,0.35408060373877287
1322,17,397,2,2.0,1.0,4,0.4121909232922625
1322,18,356,2,2.0,1.0,5,0.3881955932683402
1322,19,417,2,2.0,1.0,6,0.4152985383389803
1322,20,423,2,2.0,1.0,4,0.41975435973611275
1322,21,1018,2,0.0137524557956778,1.0,4,0.9959734796760318
1322,22,406,2,2.0,1.0,1,0.36552703035360395
1322,23,391,2,2.0,1.0,6,0.4315108248509458
1322,24,429,2,2.0,1.0,5,0.43000170599930837
1322,25,454,2,2.0,1.0,19,0.4997064924511356
1322,26,1100,2,0.0036363636363636364,1.0,20,0.9990909090909091
1323,1,676,2,2.0,1.0,3,0.02102419770731169
1323,2,641,2,2.0,1.0,3,0.04634248284448712
1323,3,589,2,2.0,1.0,1,0.04527743607507003
1323,4,561,2,2.0,1.0,2,0.02840856961403947
1323,5,558,2,2.0,1.0,3,0.0580069723995583
1323,6,496,2,2.0,1.0,2,0.0663744851750601
1323,7,426,2,2.0,1.0,1,0.2887010950482362
1323,8,401,2,2.0,1.0,1,0.26606524345906607
1323,9,422,2,2.0,1.0,5,0.2841873478123787
1323,10,429,2,2.0,1.0,3,0.06068898456261189
1323,11,399,2,2.0,1.0,1,0.018229619044305107
1323,12,403,2,2.0,1.0,1,0.2417925533248128
1323,13,368,2,2.0,1.0,5,0.03258002623381252
1323,14,347,2,2.0,1.0,3,0.20673562909891408
1323,15,452,2,2.0,1.0,1,0.13872768437221486
1323,16,662,1,1.0,1.0,4,-0.75
1324,1,686,2,2.0,1.0,3,0.021072027792498185
1324,2,636,2,2.0,1.0,3,0.04649028227209769
1324,3,574,2,2.0,1.0,1,0.045289898770193696
1324,4,545,2,2.0,1.0,3,0.05770766159072273
1324,5,553,2,2.0,1.0,2,0.28073719619259535
1324,6,522,2,2.0,1.0,1,0.28044050175029783
1324,7,469,2,2.0,1.0,1,0.2750554979369147
1324,8,475,2,2.0,1.0,1,0.2591912561142677
1324,9,487,2,2.0,1.0,1,0.2707472383715376
1324,10,458,2,2.0,1.0,1,0.2814485426028341
1324,11,472,2,2.0,1.0,1,0.27165789026761616
1324,12,497,2,2.0,1.0,1,0.2871369578533073
1324,13,416,2,2.0,1.0,1,0.28750884044204994
1324,14,379,2,2.0,1.0,1,0.27659048145119763
1324,15,350,2,2.0,1.0,2,0.0643598408195183
1324,16,381,2,2.0,1.0,4,0.024517010882907735
1324,17,395,2,2.0,1.0,4,-0.0006129269405620976
1324,18,391,2,2.0,1.0,4,0.23294635283052081
1324,19,369,2,2.0,1.0,5,0.22536690922946911
1324,20,247,2,2.0,1.0,4,0.22260808498873952
1324,21,311,2,2.0,1.0,4,0.20943847029053347
1324,22,295,2,2.0,1.0,2,0.24144283187783352
1324,23,276,2,2.0,1.0,1,-0.0025904711097293354
1324,24,259,2,2.0,1.0,2,-0.031537477312710206
1324,25,238,2,2.0,1.0,2,-0.08356478008731086
1324,26,256,2,2.0,1.0,1,-0.4981644241898148
1324,27,1147,0,0.0,1.0,0,-1.0
1325,1,659,2,2.0,1.0,3,0.020830490509963946
1325,2,610,2,2.0,1.0,2,0.030156714476631565
1325,3,551,2,2.0,1.0,2,0.032256198295217794
1325,4,530,2,2.0,1.0,1,0.03078358208955256
1325,5,578,2,2.0,1.0,4,0.05347510976708958
1325,6,515,2,2.0,1.0,4,0.05319184721092941
1325,7,487,2,2.0,1.0,4,0.03323921971252573
1325,8,478,2,2.0,1.0,2,0.2639283219518431
1325,9,462,2,2.0,1.0,3,0.26119318197233315
1325,10,442,2,2.0,1.0,2,0.27442671408418423
1325,11,457,2,2.0,1.0,7,0.014631922391813098
1325,12,445,2,2.0,1.0,4,0.01852480761425268
1325,13,444,2,2.0,1.0,2,0.25965366549773994
1325,14,404,2,2.0,1.0,4,0.2578871758329863
1325,15,451,2,2.0,1.0,3,0.2928004887452926
1325,16,450,2,2.0,1.0,1,0.05637654595376059
1325,17,407,2,2.0,1.0,1,-0.012610803179442546
1326,1,664,2,2.0,1.0,3,0.038811083148383003
1326,2,624,2,2.0,1.0,2,0.05052288676253472
1326,3,552,2,2.0,1.0,2,0.034463759796335994
1326,4,556,2,2.0,1.0,5,0.032162591605037184
1326,5,567,2,2.0,1.0,3,0.057606519974244784
1326,6,502,2,2.0,1.0,4,0.021655171711379567
1326,7,455,2,2.0,1.0,4,0.03316141828444702
1326,8,445,2,2.0,1.0,2,0.04932189143366199
1326,9,467,2,2.0,1.0,2,0.035217215687814336
1326,10,422,2,2.0,1.0,3,0.03681968947446568
1326,11,408,2,2.0,1.0,1,0.004837641555640647
1326,12,434,2,2.0,1.0,2,0.003964152758194829
1326,13,398,2,2.0,1.0,6,-0.017728853324072657
1326,14,447,2,2.0,1.0,2,-0.0003482593118117055
1326,15,400,2,1.9375,1.0,1,-0.095333666522026
1327,1,694,2,2.0,1.0,3,0.02672144910055924
1327,2,625,2,2.0,1.0,2,0.057190983926820024
1327,3,578,2,2.0,1.0,2,0.0597815485455633
1327,4,518,2,2.0,1.0,3,0.014667501921505299
1327,5,478,2,2.0,1.0,3,0.03706738562567233
1327,6,416,2,2.0,1.0,3,0.08248638867295069
1327,7,430,2,2.0,1.0,1,0.2540480540592614
1327,8,443,2,2.0,1.0,3,0.2613720154174523
1327,9,436,2,2.0,1.0,1,0.2392947681952244
1327,10,476,2,2.0,1.0,1,0.05452525051517875
1327,11,431,2,2.0,1.0,1,0.04678771127392385
1327,12,409,2,2.0,1.0,1,0.2376802714199503
1327,13,411,2,2.0,1.0,4,0.024718751673318908
1327,14,397,2,2.0,1.0,4,-0.0001667592934847221
1327,15,390,2,2.0,1.0,4,0.2228143585386584
1327,16,373,2,2.0,1.0,1,0.011579538120369742
1327,17,355,2,1.9971830985915493,1.0,3,0.21567488134082954
1327,18,1133,0,0.0,1.0,0,-1.0
1328,1,745,2,2.0,1.0,3,0.08737536701350969
1328,2,625,2,2.0,1.0,2,0.06478030188679307
1328,3,586,2,2.0,1.0,1,0.06956386190601226
1328,4,559,2,2.0,1.0,1,0.29191176470588154
1328,5,510,2,2.0,1.0,1,0.2994409823766078
1328,6,510,2,2.0,1.0,1,0.294208201076066
1328,7,527,2,2.0,1.0,1,0.0717747650053555
1328,8,514,2,2.0,1.0,6,0.30390009658951855
1328,9,518,2,2.0,1.0,1,0.1630211280107531
1328,10,451,2,2.0,1.0,2,0.25968292959025996
1328,11,424,2,2.0,1.0,1,0.05637537151729577
1328,12,373,2,2.0,1.0,2,0.044554967369133024
1328,13,437,2,2.0,1.0,6,0.2814508607459672
1328,14,441,2,2.0,1.0,4,0.26264303483773094
1328,15,433,2,2.0,1.0,1,0.2886994169476925
1328,16,448,2,2.0,1.0,2,0.27426649284066895
1328,17,447,2,2.0,1.0,2,0.05686237158921962
1328,18,470,2,2.0,1.0,3,0.26255954418046157
1328,19,431,2,2.0,1.0,4,0.2653057160140124
1328,20,422,2,2.0,1.0,4,0.2685043265506771
1328,21,383,2,2.0,1.0,5,0.055503736961133435
1328,22,380,2,2.0,1.0,3,0.03267920563085816
1328,23,381,2,2.0,1.0,4,0.009598889884714405
1328,24,381,2,2.0,1.0,4,0.02804436567180551
1328,25,310,2,2.0,1.0,4,0.025750497690574987
1328,26,306,2,2.0,1.0,4,0.23428726200628622
1328,27,313,2,2.0,1.0,4,0.0228531134479923
1328,28,321,2,2.0,1.0,4,0.20122190203489396
1328,29,312,2,1.9326923076923077,1.0,4,-0.09677189835682685
1329,1,732,2,2.0,1.0,3,0.08726104743068669
1329,2,637,2,2.0,1.0,2,0.06748430141287325
1329,3,588,2,2.0,1.0,2,0.06498775324881263
1329,4,523,2,2.0,1.0,3,0.06081338421929813
1329,5,502,2,2.0,1.0,3,0.2995996659991888
1329,6,514,2,2.0,1.0,5,0.28101936666391014
1329,7,488,2,2.0,1.0,1,0.06530427601686628
1329,8,512,2,2.0,1.0,4,0.2977006367490034
1329,9,423,2,2.0,1.0,4,0.2714033196514428
1329,10,406,2,2.0,1.0,4,0.29440859802928926
1329,11,416,2,2.0,1.0,2,0.29391797181472507
1329,12,426,2,2.0,1.0,4,0.2986082852701054
1329,13,397,2,2.0,1.0,1,0.0626026722155295
1329,14,403,2,2.0,1.0,4,0.0661704652361673
1329,15,365,2,2.0,1.0,2,0.05673014030460256
1329,16,321,2,2.0,1.0,4,0.28581552821783907
1329,17,391,2,2.0,1.0,1,0.2834278156967493
1329,18,424,2,2.0,1.0,2,0.30029664672311374
1329,19,389,2,2.0,1.0,1,0.2963300492242823
1329,20,385,2,2.0,1.0,4,0.2915152198079421
1329,21,408,2,2.0,1.0,4,0.06033258767723451
1329,22,378,2,2.0,1.0,2,0.03315622728704554
1329,23,423,2,2.0,1.0,1,0.030680089986283892
1329,24,443,2,2.0,1.0,1,0.2436596141538559
1329,25,390,2,2.0,1.0,4,0.23792900473305773
1329,26,342,2,2.0,1.0,1,0.23961379571993718
1329,27,342,2,2.0,1.0,3,0.039524286671678
1329,28,354,2,2.0,1.0,1,0.0682818374350984
1329,29,325,2,2.0,1.0,4,0.04340379269307702
1329,30,378,2,2.0,1.0,1,-0.04319804733919149
1329,31,428,2,1.9953271028037383,1.0,4,-0.5011682242990654
1330,1,744,2,2.0,1.0,3,0.08151415945980672
1330,2,673,2,2.0,1.0,2,0.06493233927623003
1330,3,598,2,2.0,1.0,2,0.06495142470327066
1330,4,553,2,2.0,1.0,3,0.2789591487128065
1330,5,516,2,2.0,1.0,4,0.3053987181360598
1330,6,486,2,2.0,1.0,5,0.3087642877999384
1330,7,507,2,2.0,1.0,2,0.30427821594146404
1330,8,498,2,2.0,1.0,4,0.31389776709115286
1330,9,477,2,2.0,1.0,2,0.30080055025469854
1330,10,521,2,2.0,1.0,2,0.30510189786313596
1330,11,497,2,2.0,1.0,2,0.3163493124579246
1330,12,467,2,2.0,1.0,2,0.06950742839981415
1330,13,442,2,2.0,1.0,2,0.07600257880358174
1330,14,423,2,2.0,1.0,2,0.30007523998285307
1330,15,385,2,2.0,1.0,4,0.09610013896984293
1330,16,326,2,2.0,1.0,13,0.28820763303157215
1330,17,373,2,2.0,1.0,4,0.3026373585393108
1330,18,471,2,2.0,1.0,3,0.35177047027840663
1330,19,458,2,2.0,1.0,2,0.35562759693170776
1330,20,485,2,2.0,1.0,3,0.11345653847282741
1330,21,438,2,2.0,1.0,1,0.34846308323426184
1330,22,392,2,2.0,1.0,4,0.35435990207625107
1330,23,432,2,2.0,1.0,3,0.3651285421255781
1330,24,435,2,2.0,1.0,3,0.362887497412996
1330,25,444,2,2.0,1.0,3,0.36542405589547944
1330,26,440,2,2.0,1.0,3,0.36447551508641785
1330,27,419,2,2.0,1.0,3,0.41425775847954893
1330,28,429,2,2.0,1.0,8,0.43166367304120296
1330,29,415,2,1.966265060240964,1.0,2,0.44724177434896556
1330,30,1115,2,0.06726457399103139,1.0,4,0.9818037134808025
1331,1,731,2,2.0,1.0,3,0.08163100639589874
1331,2,633,2,2.0,1.0,2,0.06478129005335542
1331,3,584,2,2.0,1.0,1,0.06476105230386076
1331,4,524,2,2.0,1.0,1,0.059451219512194564
1331,5,521,2,2.0,1.0,5,0.30418754663135456
1331,6,476,2,2.0,1.0,4,0.30928402614792877
1331,7,478,2,2.0,1.0,2,0.08017277933595947
1331,8,475,2,2.0,1.0,2,0.07667988736409855
1331,9,491,2,2.0,1.0,1,0.055697231717437394
1331,10,459,2,2.0,1.0,1,0.04776617628255761
1331,11,380,2,2.0,1.0,1,0.28762191179328095
1331,12,360,2,2.0,1.0,1,0.29295365984556054
1331,13,363,2,2.0,1.0,1,0.3066789301968724
1331,14,387,2,2.0,1.0,1,0.3041515565460011
1331,15,438,2,2.0,1.0,1,0.28799933872762096
1331,16,448,2,2.0,1.0,1,0.10784799849764226
1331,17,485,2,2.0,1.0,1,0.10687441380583902
1331,18,454,2,2.0,1.0,1,0.3484781753709909
1331,19,425,2,2.0,1.0,1,0.35714821215887693
1331,20,427,2,2.0,1.0,1,0.3701739576714417
1331,21,464,2,2.0,1.0,1,0.3771356910152682
1331,22,464,2,2.0,1.0,1,0.37549162350634463
1331,23,447,2,2.0,1.0,1,0.39475208596779665
1331,24,372,2,2.0,1.0,2,0.371936112187133
1331,25,303,2,2.0,1.0,19,0.3471683768593771
1331,26,330,2,2.0,1.0,1,0.44243530978791884
1331,27,354,2,2.0,1.0,3,0.4961868890618814
1331,28,1121,2,0.03746654772524532,1.0,3,0.9906333630686887
1332,1,751,2,2.0,1.0,3,0.08137931863869301
1332,2,642,2,2.0,1.0,2,0.06242146936656283
1332,3,601,2,2.0,1.0,2,0.06722283499346292
1332,4,535,2,2.0,1.0,1,0.28749999999999715
1332,5,507,2,2.0,1.0,2,0.2994775007224171
1332,6,507,2,2.0,1.0,2,0.26843419862674983
1332,7,479,2,2.0,1.0,4,0.07397629316725023
1332,8,494,2,2.0,1.0,2,0.05963658335236506
1332,9,484,2,2.0,1.0,1,0.2633287594425741
1332,10,427,2,2.0,1.0,2,0.2803604679728188
1332,11,467,2,2.0,1.0,1,0.3137762534370885
1332,12,487,2,2.0,1.0,1,0.266196653603768
1332,13,428,2,2.0,1.0,3,0.28265416246422265
1332,14,404,2,2.0,1.0,1,0.2728131677584364
1332,15,428,2,2.0,1.0,1,0.2749114886605401
1332,16,455,2,2.0,1.0,1,0.2841045194991485
1332,17,322,2,2.0,1.0,1,0.1969673021843013
1332,18,316,2,2.0,1.0,2,0.0049532050992241805
1332,19,378,2,2.0,1.0,5,-0.011169972827101733
1332,20,391,2,2.0,1.0,2,-0.01634855617478766
1332,21,401,2,1.945137157107232,1.0,2,-0.11430261038828489
1333,1,750,2,2.0,1.0,3,0.0710211103758317
1333,2,635,2,2.0,1.0,2,0.0720002523722999
1333,3,594,2,2.0,1.0,2,0.06270340162723115
1333,4,564,2,2.0,1.0,5,0.06479067588645464
1333,5,534,2,2.0,1.0,5,0.06743265993265994
1333,6,513,2,2.0,1.0,3,0.30206623726158593
1333,7,480,2,2.0,1.0,3,0.28661446334131846
1333,8,474,2,2.0,1.0,2,0.29508788222129273
1333,9,464,2,2.0,1.0,7,0.31289119405731236
1333,10,456,2,2.0,1.0,4,0.30158504782016843
1333,11,464,2,2.0,1.0,1,0.2891615377707806
1333,12,482,2,2.0,1.0,2,0.2641193393351894
1333,13,534,2,2.0,1.0,2,0.06536918316819298
1333,14,487,2,2.0,1.0,1,0.0013266062551090382
1333,15,399,2,2.0,1.0,1,-0.05702058348854855
1333,16,383,2,2.0,1.0,1,-0.5
1334,1,763,2,2.0,1.0,3,0.07134966006910395
1334,2,675,2,2.0,1.0,3,0.06939876822846586
1334,3,620,2,2.0,1.0,2,0.06487441650063372
1334,4,561,2,2.0,1.0,1,0.28624833381723225
1334,5,509,2,2.0,1.0,1,0.281332749908834
1334,6,520,2,2.0,1.0,1,0.2989163890408244
1334,7,489,2,2.0,1.0,1,0.30923048851869195
1334,8,524,2,2.0,1.0,3,0.3041790144331321
1334,9,498,2,2.0,1.0,3,0.31138520859689295
1334,10,497,2,2.0,1.0,2,0.3189552379107567
1334,11,455,2,2.0,1.0,2,0.08151254431864971
1334,12,474,2,2.0,1.0,4,0.05757412677367624
1334,13,430,2,2.0,1.0,4,0.30526028884076456
1334,14,417,2,2.0,1.0,5,0.2733576107267425
1334,15,402,2,2.0,1.0,2,0.29597018457040725
1334,16,394,2,2.0,1.0,1,0.292869253486141
1334,17,368,2,2.0,1.0,2,0.30431825316030453
1334,18,367,2,2.0,1.0,2,0.3371575096572082
1334,19,322,2,2.0,1.0,4,0.3595729971069449
1334,20,376,2,2.0,1.0,3,0.35694572857357987
1334,21,364,2,2.0,1.0,4,0.3513369613056835
1334,22,350,2,2.0,1.0,4,0.3211278320288322
1334,23,373,2,2.0,1.0,11,0.3212499543753364
1334,24,381,2,2.0,1.0,5,0.36493722377031695
1334,25,421,2,2.0,1.0,5,0.39719029048892807
1334,26,404,2,2.0,1.0,4,0.4131280437646057
1334,27,466,2,1.997854077253219,1.0,8,0.5003551318733722
1334,28,1246,2,0.0032102728731942215,1.0,3,0.9991974317817014
1335,1,767,2,2.0,1.0,3,0.08781569184579473
1335,2,624,2,2.0,1.0,2,0.062419204059829064
1335,3,598,2,2.0,1.0,2,0.06722240928787314
1335,4,553,2,2.0,1.0,1,0.29191176470588165
1335,5,506,2,2.0,1.0,1,0.2992731503086786
1335,6,455,2,2.0,1.0,1,0.06801848465313833
1335,7,502,2,2.0,1.0,1,0.29756672107617566
1335,8,500,2,2.0,1.0,1,0.31394893199627244
1335,9,514,2,2.0,1.0,1,0.3118926308580545
1335,10,510,2,2.0,1.0,4,0.30534654554137713
1335,11,538,2,2.0,1.0,7,0.3053558646761691
1335,12,495,2,2.0,1.0,4,0.30047425348361056
1335,13,549,2,2.0,1.0,2,0.31176052520962033
1335,14,490,2,2.0,1.0,4,0.2986379639575143
1335,15,481,2,2.0,1.0,1,0.31881034089938204
1335,16,468,2,2.0,1.0,1,0.3084503946346057
1335,17,427,2,2.0,1.0,1,0.3084916744170417
1335,18,422,2,2.0,1.0,1,0.3085426540284365
1335,19,393,2,2.0,1.0,1,0.3084864007694467
1335,20,384,2,2.0,1.0,1,0.3085416666666672
1335,21,362,2,2.0,1.0,1,0.3084807290702905
1335,22,348,2,2.0,1.0,1,0.30854053236539675
1335,23,324,2,2.0,1.0,1,0.3084722960600159
1335,24,314,2,2.0,1.0,1,0.30853922225947084
1335,25,289,2,2.0,1.0,1,0.3084625668449203
1335,26,283,2,2.0,1.0,1,0.3085377533940864
1335,27,264,2,2.0,1.0,1,0.30845403798753135
1335,28,255,2,2.0,1.0,1,0.3085361197110428
1335,29,239,2,2.0,1.0,1,0.3084437248503539
1335,30,228,2,2.0,1.0,1,0.3075327023699605
1335,31,213,2,2.0,1.0,1,0.30843043107127666
1335,32,203,2,2.0,1.0,1,0.3085318900700031
1335,33,192,2,2.0,1.0,1,0.3084170653907501
1335,34,181,2,2.0,1.0,1,0.3072678588737041
1335,35,174,2,2.0,1.0,1,0.30840304130231583
1335,36,167,2,2.0,1.0,1,0.30852741884651796
1336,1,750,2,2.0,1.0,3,0.06892131878842313
1336,2,626,2,2.0,1.0,3,0.27571561691769686
1336,3,579,2,2.0,1.0,3,0.2930442957333458
1336,4,549,2,2.0,1.0,3,0.04849859460515165
1336,5,521,2,2.0,1.0,2,0.2872709622650706
1336,6,523,2,2.0,1.0,1,0.2904597109381442
1336,7,497,2,2.0,1.0,1,0.28971785728154287
1336,8,500,2,2.0,1.0,1,0.2934162104759249
1336,9,487,2,2.0,1.0,5,0.03566358918968859
1336,10,436,2,2.0,1.0,4,0.028141636298124814
1336,11,425,2,2.0,1.0,4,0.24037917531988434
1336,12,420,2,2.0,1.0,3,0.24474586448106933
1336,13,420,2,2.0,1.0,3,0.2330267966686647
1336,14,390,2,2.0,1.0,3,0.22961175808511688
1336,15,386,2,2.0,1.0,3,0.24093254159075794
1336,16,367,2,2.0,1.0,1,-0.5
1336,17,337,2,2.0,1.0,1,-0.06669259117450008
1336,18,418,2,1.9282296650717703,1.0,1,-0.5179425837320574
1337,1,749,2,2.0,1.0,3,0.08718223021506169
1337,2,644,2,2.0,1.0,2,0.06744155045118994
1337,3,596,2,2.0,1.0,2,0.0627786811094043
1337,4,549,2,2.0,1.0,1,0.28878442087217054
1337,5,510,2,2.0,1.0,1,0.28625712875782205
1337,6,475,2,2.0,1.0,1,0.3084111634401037
1337,7,454,2,2.0,1.0,2,0.07893785073876605
1337,8,473,2,2.0,1.0,2,0.10638061712209533
1337,9,449,2,2.0,1.0,1,0.046236845930609685
1337,10,358,2,2.0,1.0,1,0.28644119728113715
1337,11,345,2,2.0,1.0,1,0.300660142116624
1337,12,354,2,2.0,1.0,1,0.2825407434998822
1337,13,328,2,2.0,1.0,1,0.07373765107857946
1337,14,325,2,2.0,1.0,1,0.23464167077844314
1337,15,315,2,2.0,1.0,1,0.2569677245998064
1337,16,342,2,2.0,1.0,5,0.2736125643915305
1337,17,326,2,2.0,1.0,5,0.2725004771597636
1337,18,308,2,2.0,1.0,2,0.31359587601559424
1337,19,266,2,2.0,1.0,2,0.3119905383945785
1337,20,282,2,2.0,1.0,6,0.08507962539095694
1337,21,328,2,2.0,1.0,1,0.32724538885654825
1337,22,315,2,2.0,1.0,1,0.0695104951996867
1337,23,282,2,2.0,1.0,1,0.06605266467798622
1337,24,316,2,2.0,1.0,4,0.06229905396858509
1337,25,388,2,2.0,1.0,2,0.07002199098934377
1337,26,397,2,2.0,1.0,6,0.027335128599509113
1337,27,466,2,2.0,1.0,3,0.2469099448471702
1337,28,374,2,1.9973262032085561,1.0,5,0.01802796110949102
1337,29,308,2,1.9967532467532467,1.0,1,-0.02773499958846618
1338,1,766,2,2.0,1.0,3,0.077375808428028
1338,2,664,2,2.0,1.0,2,0.0674536125270317
1338,3,607,2,2.0,1.0,2,0.06272610545091975
1338,4,580,2,2.0,1.0,1,0.06245297805642633
1338,5,546,2,2.0,1.0,1,0.06736615948154415
1338,6,519,2,2.0,1.0,1,0.2850174151474714
1338,7,495,2,2.0,1.0,2,0.29467959651865155
1338,8,471,2,2.0,1.0,4,0.2761886892358113
1338,9,475,2,2.0,1.0,3,0.2828786705382258
1338,10,546,2,2.0,1.0,2,0.2788476448407718
1338,11,537,2,2.0,1.0,4,0.2887856346238709
1338,12,547,2,2.0,1.0,5,0.3054343463396033
1338,13,526,2,2.0,1.0,4,0.28745092977936615
1338,14,545,2,2.0,1.0,1,0.2748239436619713
1338,15,574,2,2.0,1.0,6,0.2882352941176434
1338,16,583,2,2.0,1.0,6,0.29327973675859736
1338,17,561,2,2.0,1.0,4,0.29921806898192443
1338,18,568,2,2.0,1.0,4,0.2989476366939936
1338,19,575,2,2.0,1.0,2,0.28856040474942707
1338,20,580,2,2.0,1.0,6,0.29923511705716505
1338,21,561,2,2.0,1.0,4,0.3018455010462714
1338,22,512,2,2.0,1.0,1,0.0746364686547258
1338,23,494,2,2.0,1.0,1,0.046684551567643555
1338,24,440,2,2.0,1.0,4,0.2964675038082712
1338,25,369,2,2.0,1.0,6,0.2967060873314029
1338,26,336,2,2.0,1.0,3,0.2933251629751372
1338,27,308,2,2.0,1.0,4,0.289861628358224
1338,28,366,2,2.0,1.0,4,0.29213898830606383
1338,29,371,2,2.0,1.0,5,0.11856921032653173
1338,30,381,2,2.0,1.0,3,0.09846662356637516
1338,31,389,2,2.0,1.0,3,0.29901886389324056
1338,32,376,2,2.0,1.0,2,0.3101388727697174
1338,33,392,2,2.0,1.0,1,0.297148570051375
1338,34,366,2,2.0,1.0,4,0.332733730666223
1338,35,396,2,2.0,1.0,2,0.339575414731062
1338,36,398,2,2.0,1.0,4,0.10027880937907935
1338,37,348,2,2.0,1.0,4,0.08827223608547723
1338,38,413,2,2.0,1.0,4,0.08812771621228079
1338,39,321,2,2.0,1.0,4,0.05047167442836765
1338,40,380,2,2.0,1.0,3,0.018268484413638906
1338,41,369,2,2.0,1.0,5,-0.037791550283709875
1339,1,739,2,2.0,1.0,3,0.08120445526768363
1339,2,642,2,2.0,1.0,2,0.0674531300793995
1339,3,593,2,2.0,1.0,2,0.06268708223908838
1339,4,556,2,2.0,1.0,1,0.06241824722040549
1339,5,535,2,2.0,1.0,1,0.06736340762041697
1339,6,516,2,2.0,1.0,1,0.28495825879546655
1339,7,501,2,2.0,1.0,2,0.2955763251170254
1339,8,513,2,2.0,1.0,2,0.29507545893052406
1339,9,459,2,2.0,1.0,2,0.05349394977759505
1339,10,485,2,2.0,1.0,3,0.06341390790906157
1339,11,493,2,2.0,1.0,3,0.2845107659085364
1339,12,525,2,2.0,1.0,2,0.06530582713166994
1339,13,459,2,2.0,1.0,2,0.041219172408213725
1339,14,462,2,2.0,1.0,2,0.029685356120857216
1339,15,420,2,2.0,1.0,4,0.27009907617724294
1339,16,400,2,2.0,1.0,3,0.2483946497896377
1339,17,382,2,2.0,1.0,3,0.2471159967638334
1339,18,440,2,2.0,1.0,3,0.13427514473474456
1339,19,346,2,2.0,1.0,2,0.03325796622305038
1339,20,282,2,2.0,1.0,3,-0.042092212740042524
1339,21,368,2,2.0,1.0,1,-0.013239126061376165
1339,22,408,2,2.0,1.0,2,-0.06037415580711082
1339,23,348,2,1.956896551724138,1.0,2,-0.5107758620689655
1340,1,749,2,2.0,1.0,3,0.08760170002317418
1340,2,631,2,2.0,1.0,2,0.06242010036978342
1340,3,579,2,2.0,1.0,2,0.06244704598038258
1340,4,523,2,2.0,1.0,1,0.059451219512194564
1340,5,505,2,2.0,1.0,5,0.29926009593877023
1340,6,463,2,2.0,1.0,3,0.2976933549937375
1340,7,454,2,2.0,1.0,4,0.2940017853564855
1340,8,445,2,2.0,1.0,4,0.2914392999887122
1340,9,481,2,2.0,1.0,2,0.3393145335985557
1340,10,415,2,2.0,1.0,3,0.2873569962639868
1340,11,419,2,2.0,1.0,3,0.29361416875181706
1340,12,413,2,2.0,1.0,4,0.27931439991570894
1340,13,373,2,2.0,1.0,1,0.25758661247380077
1340,14,406,2,2.0,1.0,6,0.2530732926324501
1340,15,376,2,2.0,1.0,4,0.2342152398069473
1340,16,403,2,2.0,1.0,4,0.013879244269189715
1340,17,400,2,2.0,1.0,4,0.019915516893989543
1340,18,409,2,2.0,1.0,4,0.24873735238006905
1340,19,311,2,2.0,1.0,4,0.2401116627007695
1340,20,359,2,2.0,1.0,3,0.24181703128777104
1340,21,287,2,1.9965156794425087,1.0,3,0.24530576654179237
1341,1,745,2,2.0,1.0,3,0.07736131891174057
1341,2,634,2,2.0,1.0,2,0.057480855392493
1341,3,607,2,2.0,1.0,3,0.0497255835630192
1341,4,552,2,2.0,1.0,3,0.04861111111111078
1341,5,501,2,2.0,1.0,4,0.29048546719270185
1341,6,497,2,2.0,1.0,3,0.07734835072107415
1341,7,485,2,2.0,1.0,2,0.29385851371268296
1341,8,473,2,2.0,1.0,4,0.276838313006003
1341,9,439,2,2.0,1.0,3,0.293667335547234
1341,10,495,2,2.0,1.0,1,0.2811565198476588
1341,11,456,2,2.0,1.0,2,0.27571445265183786
1341,12,439,2,2.0,1.0,3,0.06389532827315213
1341,13,450,2,2.0,1.0,2,0.3057431698404771
1341,14,450,2,2.0,1.0,2,0.04957745387430854
1341,15,435,2,2.0,1.0,2,0.2722408165392891
1341,16,401,2,2.0,1.0,4,0.27146317457799146
1341,17,348,2,2.0,1.0,4,0.257320184102152
1341,18,321,2,2.0,1.0,4,0.04595022146532743
1341,19,336,2,2.0,1.0,4,0.2611967899805933
1341,20,325,2,2.0,1.0,1,0.23785177620365472
1341,21,362,2,2.0,1.0,3,0.040168204328680866
1341,22,360,2,2.0,1.0,4,0.0655249346162747
1341,23,365,2,2.0,1.0,3,0.2318214426292253
1341,24,312,2,2.0,1.0,10,0.23905661310694035
1341,25,337,2,2.0,1.0,4,0.013428732652574701
1341,26,376,2,2.0,1.0,2,0.2424222866255876
1341,27,361,2,2.0,1.0,2,-0.011735849053284172
1341,28,332,2,1.9939759036144578,1.0,1,-0.06094871399344014
1342,1,787,2,2.0,1.0,3,0.06193624643969634
1342,2,645,2,2.0,1.0,2,0.2750366710931531
1342,3,562,2,2.0,1.0,2,0.2782677810469252
1342,4,561,2,2.0,1.0,2,0.04845754611797359
1342,5,501,2,2.0,1.0,2,0.05951757924337201
1342,6,523,2,2.0,1.0,2,0.2845141931492154
1342,7,433,2,2.0,1.0,3,0.2449414796750175
1342,8,462,2,2.0,1.0,1,0.28157612826560374
1342,9,447,2,2.0,1.0,2,0.05451370464131468
1342,10,493,2,2.0,1.0,4,0.055544248519919605
1342,11,490,2,2.0,1.0,5,0.02682762664679195
1342,12,480,2,2.0,1.0,7,0.01868319864246203
1342,13,428,2,2.0,1.0,4,0.014386199821191574
1342,14,422,2,2.0,1.0,4,0.229800865481002
1342,15,339,2,2.0,1.0,1,0.24159097262506818
1342,16,423,2,2.0,1.0,4,0.2319165535003532
1342,17,389,2,2.0,1.0,3,0.24986126733951242
1342,18,354,2,2.0,1.0,3,0.009251289091740753
1342,19,294,2,2.0,1.0,3,-0.019558286640092033
1342,20,319,2,1.9498432601880877,1.0,3,-0.512539184952978
1342,21,439,1,1.0,1.0,1,-0.75
1343,1,739,2,2.0,1.0,3,0.08728814608419555
1343,2,626,2,2.0,1.0,2,0.06241946219382322
1343,3,588,2,2.0,1.0,1,0.06723362421891887
1343,4,543,2,2.0,1.0,1,0.2919117647058818
1343,5,497,2,2.0,1.0,2,0.2992576073692237
1343,6,488,2,2.0,1.0,3,0.2976457587735276
1343,7,481,2,2.0,1.0,2,0.3045427084850612
1343,8,500,2,2.0,1.0,4,0.30529690002103554
1343,9,492,2,2.0,1.0,2,0.3109618252790775
1343,10,464,2,2.0,1.0,2,0.31297258396655747
1343,11,432,2,2.0,1.0,2,0.3183804145780846
1343,12,457,2,2.0,1.0,1,0.08277419282811598
1343,13,466,2,2.0,1.0,1,0.08178862070161783
1343,14,462,2,2.0,1.0,1,0.08904141625218799
1343,15,441,2,2.0,1.0,1,0.09394662205930739
1343,16,413,2,2.0,1.0,4,0.3178385706312871
1343,17,356,2,2.0,1.0,6,0.2820240789925628
1343,18,340,2,2.0,1.0,4,0.3716314902090466
1343,19,331,2,2.0,1.0,3,0.37215929725122093
1343,20,343,2,2.0,1.0,3,0.4120505708251708
1343,21,355,2,1.9887323943661972,1.0,7,0.5011988598066462
1343,22,1160,2,0.014655172413793103,1.0,6,0.9963362068965518
1344,1,747,2,2.0,1.0,3,0.08003861684922725
1344,2,631,2,2.0,1.0,2,0.0647810453607637
1344,3,580,2,2.0,1.0,2,0.0647648902821319
1344,4,563,2,2.0,1.0,1,0.2919117647058815
1344,5,506,2,2.0,1.0,5,0.29959720157309644
1344,6,470,2,2.0,1.0,4,0.3107125024275604
1344,7,475,2,2.0,1.0,3,0.3095411001111373
1344,8,501,2,2.0,1.0,2,0.3198399997487467
1344,9,497,2,2.0,1.0,1,0.3085399237530451
1344,10,485,2,2.0,1.0,1,0.3173931583880016
1344,11,478,2,2.0,1.0,1,0.07606646582451551
1344,12,454,2,2.0,1.0,1,0.07602868490969245
1344,13,460,2,2.0,1.0,1,0.06319177961626515
1344,14,386,2,2.0,1.0,1,0.29589620719229504
1344,15,340,2,2.0,1.0,1,0.29225525469129326
1344,16,320,2,2.0,1.0,1,0.3007150306509541
1344,17,325,2,2.0,1.0,4,0.2915103013437298
1344,18,373,2,2.0,1.0,5,0.3317196594058411
1344,19,414,2,2.0,1.0,6,0.30634637972752327
1344,20,460,2,2.0,1.0,2,0.3285190355139147
1344,21,429,2,2.0,1.0,4,0.34018915653873244
1344,22,427,2,2.0,1.0,2,0.34066616316841897
1344,23,425,2,2.0,1.0,1,0.33970167315951305
1344,24,430,2,2.0,1.0,2,0.32070515360916957
1344,25,382,2,2.0,1.0,1,0.2164932526309903
1344,26,443,2,2.0,1.0,2,0.3171204547968308
1344,27,403,2,2.0,1.0,2,0.3057441999801611
1344,28,376,2,2.0,1.0,1,0.3271856589170949
1344,29,375,2,2.0,1.0,1,0.38803966633133413
1344,30,373,2,2.0,1.0,2,0.3441662864320411
1344,31,505,2,2.0,1.0,2,0.4278853403253852
1344,32,408,2,2.0,1.0,1,0.12941672496684492
1344,33,370,2,2.0,1.0,1,0.10267421568094204
1344,34,359,2,2.0,1.0,4,0.3374203319653938
1344,35,332,2,2.0,1.0,4,0.40700345647247643
1344,36,337,2,2.0,1.0,4,0.35915737410246285
1344,37,359,2,2.0,1.0,1,0.35748131263710936
1344,38,348,2,2.0,1.0,4,0.4258550422338507
1344,39,347,2,2.0,1.0,9,0.3309062465690628
1344,40,299,2,2.0,1.0,2,0.10625011187446867
1344,41,348,2,2.0,1.0,5,0.1959332339585601
1344,42,309,2,2.0,1.0,3,0.33661290948389094
1344,43,331,2,2.0,1.0,3,0.34034744744843276
1344,44,324,2,2.0,1.0,2,0.34384765111988347
1344,45,332,2,2.0,1.0,11,0.3333205297358938
1344,46,348,2,2.0,1.0,4,0.3519904531433444
1344,47,338,2,2.0,1.0,4,0.3485048724663551
1344,48,325,2,2.0,1.0,4,0.4075264737749161
1344,49,288,2,2.0,1.0,16,0.4228835389201563
1344,50,334,2,1.9940119760479043,1.0,5,0.42167148323199294
1344,51,367,2,1.9182561307901906,1.0,2,0.46158562883101384
1344,52,374,2,2.0,1.0,2,0.43821594932780655
1344,53,343,2,2.0,1.0,4,0.43803205662130024
1344,54,366,2,2.0,1.0,4,0.4382597281172404
1344,55,292,2,1.9828767123287672,1.0,4,0.5027506832766726
1344,56,1216,2,0.003289473684210526,1.0,23,0.9990760331502301
1345,1,740,2,2.0,1.0,3,0.0813181852165192
1345,2,638,2,2.0,1.0,2,0.06477340499990206
1345,3,586,2,2.0,1.0,2,0.06476497052435641
1345,4,550,2,2.0,1.0,1,0.29253727110678845
1345,5,506,2,2.0,1.0,4,0.2948850457052505
1345,6,482,2,2.0,1.0,3,0.30943845838592393
1345,7,477,2,2.0,1.0,3,0.30478877650792835
1345,8,487,2,2.0,1.0,3,0.33291866175761575
1345,9,478,2,2.0,1.0,1,0.08451781435235958
1345,10,485,2,2.0,1.0,1,0.3325253688973994
1345,11,457,2,2.0,1.0,1,0.3108377405399558
1345,12,434,2,2.0,1.0,2,0.3056864028852612
1345,13,425,2,2.0,1.0,4,0.3151222060992146
1345,14,389,2,2.0,1.0,3,0.31143622614429645
1345,15,343,2,2.0,1.0,5,0.3484701744094008
1345,16,360,2,2.0,1.0,3,0.37232022345958865
1345,17,368,2,2.0,1.0,3,0.4180199407143059
1345,18,346,2,2.0,1.0,1,0.399183987173605
1345,19,326,2,2.0,1.0,9,0.32906564142808076
1345,20,399,2,2.0,1.0,2,0.42511362423494037
1345,21,431,2,2.0,1.0,4,0.37267772508338476
1345,22,382,2,2.0,1.0,3,0.37584153430741374
1345,23,385,2,2.0,1.0,4,0.37543315869203747
1345,24,403,2,2.0,1.0,4,0.38906349826783415
1345,25,357,2,2.0,1.0,17,0.3971682598228159
1345,26,362,2,1.988950276243094,1.0,6,0.4539712199667155
1345,27,1036,2,0.10810810810810811,1.0,7,0.9727620295222336
1346,1,736,2,2.0,1.0,3,0.08010466776910335
1346,2,642,2,2.0,1.0,2,0.06478172329003373
1346,3,595,2,2.0,1.0,1,0.06956403751631297
1346,4,546,2,2.0,1.0,1,0.2874999999999971
1346,5,511,2,2.0,1.0,1,0.30413029098212657
1346,6,476,2,2.0,1.0,1,0.30156947918624005
1346,7,467,2,2.0,1.0,1,0.07886568292740305
1346,8,464,2,2.0,1.0,1,0.06378993553519959
1346,9,444,2,2.0,1.0,1,0.29405979901045887
1346,10,398,2,2.0,1.0,1,0.2968988315071569
1346,11,384,2,2.0,1.0,3,0.28059991901501385
1346,12,398,2,2.0,1.0,3,0.26750661596163733
1346,13,412,2,2.0,1.0,3,0.2792630120144053
1346,14,330,2,2.0,1.0,3,0.07778368537788723
1346,15,402,2,2.0,1.0,2,0.2618369069416366
1346,16,384,2,2.0,1.0,9,0.2512397637593934
1346,17,354,2,2.0,1.0,1,0.04104067532177694
1346,18,377,2,2.0,1.0,2,-0.10187352646005465
1347,1,755,2,2.0,1.0,3,0.08775140094773097
1347,2,635,2,2.0,1.0,2,0.06478153320457647
1347,3,592,2,2.0,1.0,2,0.06476504914004934
1347,4,519,2,2.0,1.0,1,0.05945121951219457
1347,5,512,2,2.0,1.0,2,0.3014513761085085
1347,6,507,2,2.0,1.0,5,0.28201074640432944
1347,7,515,2,2.0,1.0,2,0.3077377397899481
1347,8,523,2,2.0,1.0,6,0.3121060641956283
1347,9,548,2,2.0,1.0,2,0.31775186309986564
1347,10,490,2,2.0,1.0,7,0.06063018358028147
1347,11,452,2,2.0,1.0,4,0.06811090681389328
1347,12,450,2,2.0,1.0,1,0.29422690494925113
1347,13,430,2,2.0,1.0,4,0.31489028493989574
1347,14,420,2,2.0,1.0,3,0.31300971672956507
1347,15,398,2,2.0,1.0,6,0.336821902896243
1347,16,372,2,2.0,1.0,4,0.3403513725402642
1347,17,446,2,2.0,1.0,1,0.3018424628853565
1347,18,404,2,2.0,1.0,1,0.2864709365656573
1347,19,343,2,2.0,1.0,3,0.3016587140176434
1347,20,349,2,2.0,1.0,2,0.3793251596180437
1347,21,395,2,2.0,1.0,5,0.4359873170550108
1347,22,409,2,2.0,1.0,3,0.4382660656628801
1347,23,410,2,2.0,1.0,2,0.4386750412875334
1347,24,1090,2,0.07889908256880734,1.0,12,0.9801498759448387
1348,1,747,2,2.0,1.0,3,0.08781381778643886
1348,2,633,2,2.0,1.0,2,0.062420352817272255
1348,3,590,2,2.0,1.0,1,0.06241205628397825
1348,4,528,2,2.0,1.0,1,0.059451219512194564
1348,5,517,2,2.0,1.0,2,0.30504763143981173
1348,6,520,2,2.0,1.0,2,0.29697954599457055
1348,7,542,2,2.0,1.0,2,0.3127368512004378
1348,8,556,2,2.0,1.0,1,0.32036777748926626
1348,9,505,2,2.0,1.0,3,0.3171149643764567
1348,10,482,2,2.0,1.0,2,0.3189840259108925
1348,11,457,2,2.0,1.0,4,0.3184152194775636
1348,12,342,2,2.0,1.0,4,0.3367230497679607
1348,13,371,2,2.0,1.0,3,0.36735054933134864
1348,14,379,2,2.0,1.0,4,0.3828525338264057
1348,15,427,2,2.0,1.0,3,0.3531673847044759
1348,16,396,2,2.0,1.0,3,0.3905098676650159
1348,17,1128,2,0.015070921985815602,1.0,1,0.9962322695035462
1349,1,752,2,2.0,1.0,3,0.08745937744975726
1349,2,644,2,2.0,1.0,2,0.06478993320051628
1349,3,599,2,2.0,1.0,1,0.06956411387145023
1349,4,557,2,2.0,1.0,1,0.2919117647058816
1349,5,526,2,2.0,1.0,1,0.29471367783863234
1349,6,511,2,2.0,1.0,1,0.29463845892539575
1349,7,500,2,2.0,1.0,1,0.29643781644904554
1349,8,432,2,2.0,1.0,3,0.3011929542159932
1349,9,487,2,2.0,1.0,2,0.28883268147923413
1349,10,443,2,2.0,1.0,4,0.27486431494095603
1349,11,491,2,2.0,1.0,1,0.3076686682487577
1349,12,457,2,2.0,1.0,4,0.2979055131300527
1349,13,487,2,2.0,1.0,1,0.2926182901458792
1349,14,508,2,2.0,1.0,1,0.07453693376314964
1349,15,518,2,2.0,1.0,1,0.07233838112105047
1349,16,524,2,2.0,1.0,5,0.050654565021412024
1349,17,479,2,2.0,1.0,1,0.04057581507300573
1349,18,465,2,2.0,1.0,4,0.030761743067346043
1349,19,426,2,2.0,1.0,4,0.26231706954505074
1349,20,386,2,2.0,1.0,1,0.25098928123752323
1349,21,372,2,2.0,1.0,4,0.2754901438530331
1349,22,360,2,2.0,1.0,4,0.2673526797852492
1349,23,386,2,2.0,1.0,4,0.21388171041072623
1349,24,364,2,2.0,1.0,3,-0.0069541430248322
1349,25,406,2,2.0,1.0,4,-0.022456555119491992
1349,26,372,2,2.0,1.0,4,-0.022333289464474996
1349,27,392,2,2.0,1.0,4,0.20368392497326984
1349,28,395,2,2.0,1.0,1,-0.5
1349,29,563,1,1.0,1.0,3,-0.75
1350,1,771,2,2.0,1.0,3,0.0715400868610997
1350,2,643,2,2.0,1.0,2,0.062443567291004566
1350,3,584,2,2.0,1.0,1,0.05967707540250095
1350,4,517,2,2.0,1.0,1,0.05608432519592664
1350,5,478,2,2.0,1.0,1,0.28107196704422277
1350,6,442,2,2.0,1.0,3,0.2951077024484358
1350,7,390,2,2.0,1.0,3,0.2954193823510041
1350,8,401,2,2.0,1.0,1,0.062235535358129326
1350,9,444,2,2.0,1.0,1,0.05074303585746698
1350,10,437,2,2.0,1.0,1,0.2923787897812198
1350,11,449,2,2.0,1.0,2,0.3618845495821185
1350,12,455,2,2.0,1.0,1,0.3782828480094013
1350,13,483,2,2.0,1.0,1,0.37165212054166297
1350,14,489,2,2.0,1.0,1,0.3765442673950634
1350,15,498,2,2.0,1.0,1,0.38058541100376375
1350,16,440,2,2.0,1.0,1,0.3744621709124999
1350,17,429,2,2.0,1.0,1,0.3980783775819016
1350,18,436,2,2.0,1.0,1,0.43294855616333805
1350,19,517,2,2.0,1.0,1,0.49827326871514843
1350,20,1279,2,0.003127443315089914,1.0,4,0.9992181391712275
1351,1,774,2,2.0,1.0,3,0.0720486445678959
1351,2,636,2,2.0,1.0,3,0.06234592782810388
1351,3,588,2,2.0,1.0,2,0.06718591086356103
1351,4,558,2,2.0,1.0,2,0.2932946187669362
1351,5,504,2,2.0,1.0,2,0.2922146501787911
1351,6,504,2,2.0,1.0,2,0.28079448182932
1351,7,496,2,2.0,1.0,1,0.2915350664103629
1351,8,530,2,2.0,1.0,4,0.2998420320154454
1351,9,504,2,2.0,1.0,1,0.3097154285428435
1351,10,469,2,2.0,1.0,2,0.3094060503771807
1351,11,482,2,2.0,1.0,2,0.3096912605807829
1351,12,451,2,2.0,1.0,1,0.3096584838574848
1351,13,447,2,2.0,1.0,1,0.3097080475184488
1351,14,414,2,2.0,1.0,1,0.30953472764627404
1351,15,417,2,2.0,1.0,1,0.30753466654545764
1351,16,392,2,2.0,1.0,1,0.3095055526587458
1351,17,380,2,2.0,1.0,1,0.30752451858043933
1351,18,361,2,2.0,1.0,1,0.3094804997950477
1351,19,349,2,2.0,1.0,1,0.3075143596132132
1351,20,333,2,2.0,1.0,1,0.30945386216723125
1351,21,317,2,2.0,1.0,1,0.3075017888345961
1351,22,303,2,2.0,1.0,1,0.3094198586890072
1351,23,290,2,2.0,1.0,1,0.3074890243467827
1351,24,277,2,2.0,1.0,1,0.30938443123840986
1351,25,265,2,2.0,1.0,1,0.30726139099915356
1351,26,257,2,2.0,1.0,1,0.3086129545478288
1351,27,302,2,2.0,1.0,1,0.3029080598646903
1351,28,414,2,2.0,1.0,1,0.31796318355282205
1351,29,383,2,2.0,1.0,1,0.08340669903059919
1351,30,386,2,2.0,1.0,1,0.07935726573816596
1351,31,327,2,2.0,1.0,4,0.2557639359248609
1351,32,328,2,2.0,1.0,1,0.363655569815664
1351,33,333,2,2.0,1.0,4,0.4047014371717001
1351,34,329,2,2.0,1.0,4,0.3622490560834984
1351,35,775,2,0.17806451612903226,1.0,5,0.9514737116684122
1351,36,1066,2,0.020637898686679174,1.0,8,0.994747201246647
1352,1,741,2,2.0,1.0,3,0.0809386201361719
1352,2,652,2,2.0,1.0,2,0.067442267623568
1352,3,591,2,2.0,1.0,2,0.06270782221960274
1352,4,554,2,2.0,1.0,1,0.28879273731152766
1352,5,505,2,2.0,1.0,1,0.2982216821617241
1352,6,484,2,2.0,1.0,1,0.31328395503802736
1352,7,509,2,2.0,1.0,1,0.3194760181031218
1352,8,503,2,2.0,1.0,1,0.31394875110240683
1352,9,483,2,2.0,1.0,1,0.3131223482906031
1352,10,504,2,2.0,1.0,1,0.31591442577110124
1352,11,488,2,2.0,1.0,1,0.3201212557176766
1352,12,464,2,2.0,1.0,1,0.31548774954627956
1352,13,441,2,2.0,1.0,1,0.325609726489682
1352,14,482,2,2.0,1.0,1,0.32877161320401765
1352,15,418,2,2.0,1.0,5,0.3303613227947039
1352,16,401,2,2.0,1.0,1,0.38263875159222593
1352,17,361,2,1.9556786703601108,1.0,4,0.43704099369549426
1352,18,369,2,1.9403794037940378,1.0,12,0.5116630965363724
1352,19,573,2,0.5602094240837696,1.0,6,0.8436409644115821
1353,1,750,2,2.0,1.0,3,0.08134493480944424
1353,2,642,2,2.0,1.0,2,0.06746884735202535
1353,3,598,2,2.0,1.0,2,0.06264911218333004
1353,4,578,2,2.0,1.0,1,0.0624449512425291
1353,5,540,2,2.0,1.0,1,0.07205555555555551
1353,6,538,2,2.0,1.0,1,0.3042669627187444
1353,7,497,2,2.0,1.0,1,0.29895858363642264
1353,8,491,2,2.0,1.0,2,0.3093796535543682
1353,9,458,2,2.0,1.0,4,0.07029811830576066
1353,10,459,2,2.0,1.0,1,0.0761987557157095
1353,11,480,2,2.0,1.0,1,0.05914109547755484
1353,12,440,2,2.0,1.0,1,0.05412697287937038
1353,13,416,2,2.0,1.0,1,0.27589316232645367
1353,14,395,2,2.0,1.0,1,0.2888123095383174
1353,15,391,2,2.0,1.0,4,0.30727958554863927
1353,16,376,2,2.0,1.0,4,0.3029303926306275
1353,17,427,2,2.0,1.0,3,0.3791084505891567
1353,18,403,2,2.0,1.0,3,0.1086702478480812
1353,19,411,2,2.0,1.0,1,0.3320163636979516
1353,20,330,2,2.0,1.0,1,0.2822794029838062
1353,21,346,2,2.0,1.0,2,0.2757707244404226
1353,22,355,2,2.0,1.0,3,0.32168388512706025
1353,23,349,2,2.0,1.0,3,0.34687734379012974
1353,24,427,2,2.0,1.0,2,0.3480817989171094
1353,25,410,2,2.0,1.0,1,0.12151034383084075
1353,26,390,2,2.0,1.0,4,0.09213158213597625
1353,27,402,2,2.0,1.0,1,0.29958821742335545
1353,28,354,2,2.0,1.0,5,0.3063165284319128
1353,29,342,2,2.0,1.0,5,0.33602885150024525
1353,30,302,2,2.0,1.0,2,0.3460284407470824
1353,31,370,2,2.0,1.0,1,0.33124440041151765
1353,32,377,2,2.0,1.0,4,0.347738298200574
1353,33,406,2,2.0,1.0,4,0.3484552835392451
1353,34,370,2,2.0,1.0,6,0.10786562346725315
1353,35,409,2,2.0,1.0,3,0.3215667023262203
1353,36,376,2,2.0,1.0,4,0.31325191885069603
1353,37,327,2,2.0,1.0,4,0.10577111552582895
1353,38,418,2,2.0,1.0,2,0.3090270124775708
1353,39,360,2,2.0,1.0,3,0.3270874662181337
1353,40,372,2,2.0,1.0,2,0.12106858788350397
1353,41,350,2,2.0,1.0,4,0.3279837348479
1353,42,336,2,2.0,1.0,2,0.33835027116472177
1353,43,417,2,2.0,1.0,1,0.33697917333096833
1353,44,421,2,2.0,1.0,4,0.3399944366519694
1353,45,388,2,2.0,1.0,4,0.10496695211173888
1353,46,378,2,2.0,1.0,4,0.08367434812600984
1353,47,413,2,2.0,1.0,1,0.3097014760421115
1353,48,395,2,2.0,1.0,5,0.30475626432877073
1353,49,392,2,2.0,1.0,1,0.10184292307606219
1353,50,483,2,2.0,1.0,2,0.0917791052836445
1353,51,457,2,2.0,1.0,4,0.30139140217223925
1353,52,415,2,2.0,1.0,4,0.3116820075944282
1353,53,292,2,2.0,1.0,5,0.3105487342739103
1353,54,325,2,2.0,1.0,3,0.2941821251646241
1353,55,307,2,2.0,1.0,4,0.27401145272561356
1353,56,348,2,2.0,1.0,5,0.29424636571870044
1353,57,304,2,2.0,1.0,3,0.3292040909161341
1353,58,327,2,2.0,1.0,3,0.3085337289173743
1353,59,463,2,2.0,1.0,2,0.3182174200126861
1353,60,446,2,2.0,1.0,2,0.03886217619995141
1353,61,377,2,1.9973474801061009,1.0,3,-0.04481697612732103
1354,1,743,2,2.0,1.0,3,0.0710088017735495
1354,2,637,2,2.0,1.0,2,0.057480945555479675
1354,3,597,2,2.0,1.0,1,0.04970089447090669
1354,4,548,2,2.0,1.0,3,0.04861111111111078
1354,5,510,2,2.0,1.0,3,0.2901643121016492
1354,6,507,2,2.0,1.0,3,0.08151277155021291
1354,7,507,2,2.0,1.0,2,0.3041053403291802
1354,8,500,2,2.0,1.0,4,0.07223372835096925
1354,9,446,2,2.0,1.0,3,0.29214218740734943
1354,10,459,2,2.0,1.0,3,0.2702241381822312
1354,11,439,2,2.0,1.0,4,0.23101008061567646
1354,12,509,2,2.0,1.0,2,0.021723759256604736
1354,13,500,2,2.0,1.0,4,0.00487243169638235
1354,14,504,2,2.0,1.0,4,-0.010786923930434516
1354,15,463,2,2.0,1.0,1,-0.001077904258175332
1354,16,512,2,2.0,1.0,2,-0.02901639635659564
1355,1,743,2,2.0,1.0,3,0.08144777692754968
1355,2,636,2,2.0,1.0,2,0.0624207285115304
1355,3,600,2,2.0,1.0,2,0.06725537330316797
1355,4,548,2,2.0,1.0,1,0.29191176470588176
1355,5,498,2,2.0,1.0,1,0.2991477841962486
1355,6,515,2,2.0,1.0,1,0.29421775550923335
1355,7,508,2,2.0,1.0,1,0.07680986204098816
1355,8,512,2,2.0,1.0,2,0.30075536871405456
1355,9,501,2,2.0,1.0,1,0.01750000000000006
1355,10,463,2,2.0,1.0,4,0.023656017242816855
1355,11,422,2,2.0,1.0,4,0.23075225427516158
1355,12,368,2,2.0,1.0,1,0.2382039039570459
1355,13,370,2,2.0,1.0,3,-0.011316843962810897
1355,14,320,2,2.0,1.0,5,-0.03064104768328386
1355,15,318,2,1.9937106918238994,1.0,1,-0.1269235088810562
1356,1,733,2,2.0,1.0,3,0.08104518001551357
1356,2,654,2,2.0,1.0,2,0.06746941896024511
1356,3,594,2,2.0,1.0,2,0.06269868484306149
1356,4,567,2,2.0,1.0,1,0.062419833253166586
1356,5,554,2,2.0,1.0,1,0.06742085531796731
1356,6,543,2,2.0,1.0,1,0.2951923076923059
1356,7,512,2,2.0,1.0,1,0.28761632106394835
1356,8,482,2,2.0,1.0,3,0.28663175319706824
1356,9,471,2,2.0,1.0,3,0.3072235115098411
1356,10,480,2,2.0,1.0,1,0.04998188200821825
1356,11,511,2,2.0,1.0,1,0.30056661602552087
1356,12,500,2,2.0,1.0,1,0.3082206452145614
1356,13,464,2,2.0,1.0,1,0.31309153465055484
1356,14,478,2,2.0,1.0,1,0.31245168512093074
1356,15,453,2,2.0,1.0,1,0.31017362270969717
1356,16,441,2,2.0,1.0,1,0.0543795375923164
1356,17,372,2,2.0,1.0,1,0.2651087089731258
1356,18,321,2,2.0,1.0,1,0.2799847513144188
1356,19,324,2,2.0,1.0,1,0.28623783300936184
1356,20,394,2,2.0,1.0,4,0.28799721043435456
1356,21,350,2,2.0,1.0,4,0.3541023522972805
1356,22,342,2,2.0,1.0,4,0.1794399033417817
1356,23,322,2,2.0,1.0,4,0.38632121217023513
1356,24,346,2,2.0,1.0,2,0.4137624233035073
1356,25,377,2,2.0,1.0,1,0.41958690969541007
1356,26,321,2,2.0,1.0,4,0.4163287130426103
1356,27,407,2,2.0,1.0,2,0.42816252606698063
1356,28,1178,2,0.003395585738539898,1.0,2,0.999003347534997
1357,1,745,2,2.0,1.0,3,0.0816471785843892
1357,2,641,2,2.0,1.0,2,0.0647891152605045
1357,3,603,2,2.0,1.0,1,0.06956418921358398
1357,4,553,2,2.0,1.0,1,0.28749999999999704
1357,5,515,2,2.0,1.0,1,0.299505445094896
1357,6,500,2,2.0,1.0,3,0.30310920536382097
1357,7,493,2,2.0,1.0,2,0.30515228716190324
1357,8,505,2,2.0,1.0,1,0.30529446514977604
1357,9,502,2,2.0,1.0,1,0.3099931260871989
1357,10,481,2,2.0,1.0,1,0.07985544947754274
1357,11,515,2,2.0,1.0,1,0.3006716812973134
1357,12,506,2,2.0,1.0,1,0.3077450241863603
1357,13,448,2,2.0,1.0,1,0.3135837667670098
1357,14,430,2,2.0,1.0,1,0.3256266237395257
1357,15,366,2,2.0,1.0,1,0.33218422714867757
1357,16,395,2,2.0,1.0,1,0.31563764781869474
1357,17,383,2,2.0,1.0,1,0.3245982462300761
1357,18,441,2,2.0,1.0,4,0.34255258646016185
1357,19,398,2,2.0,1.0,1,0.3013982538433914
1357,20,333,2,2.0,1.0,4,0.30484560402887345
1357,21,330,2,2.0,1.0,3,0.31048593856682205
1357,22,332,2,2.0,1.0,4,0.34311577222186895
1357,23,339,2,2.0,1.0,4,0.3840282415497757
1357,24,368,2,2.0,1.0,1,0.1929375757560446
1357,25,377,2,2.0,1.0,2,0.18327725471565165
1357,26,1003,2,0.06480558325024925,1.0,4,0.9812683592272259
1357,27,355,2,2.0,1.0,1,0.4193982016457714
1357,28,338,2,2.0,1.0,4,0.41947730993520405
1357,29,189,2,2.0,1.0,4,0.42801914161594906
1357,30,362,2,2.0,1.0,2,0.417987804797109
1357,31,399,2,2.0,1.0,6,0.43369066862446
1357,32,338,2,2.0,1.0,6,0.43846177782884244
1357,33,391,2,1.60613810741688,1.0,10,0.5489452239347641
1357,34,967,2,0.004136504653567736,1.0,16,0.9988161868485927
1358,1,747,2,2.0,1.0,3,0.08108216327917592
1358,2,639,2,2.0,1.0,2,0.06478201494079845
1358,3,590,2,2.0,1.0,1,0.06956394061646719
1358,4,547,2,2.0,1.0,1,0.29191176470588176
1358,5,507,2,2.0,1.0,2,0.29940276074720906
1358,6,484,2,2.0,1.0,3,0.2971629239590814
1358,7,504,2,2.0,1.0,2,0.31146065922905297
1358,8,495,2,2.0,1.0,2,0.3060830013791026
1358,9,496,2,2.0,1.0,1,0.30250806014423454
1358,10,509,2,2.0,1.0,1,0.31245761229378044
1358,11,441,2,2.0,1.0,1,0.07824098712253105
1358,12,450,2,2.0,1.0,1,0.30622031407865064
1358,13,423,2,2.0,1.0,4,0.3272033647067548
1358,14,352,2,2.0,1.0,5,0.3377323857034699
1358,15,435,2,2.0,1.0,1,0.3801513323549082
1358,16,429,2,2.0,1.0,2,0.394264968791291
1358,17,362,2,2.0,1.0,6,0.40902147800767036
1358,18,304,2,2.0,1.0,2,0.41969693469539604
1358,19,801,2,0.31335830212234705,1.0,6,0.9208753445401604
1358,20,475,2,2.0,1.0,0,0.5
1358,21,1224,2,0.0032679738562091504,1.0,7,0.9991830065359477
1359,1,741,2,2.0,1.0,3,0.08102759441456053
1359,2,636,2,2.0,1.0,2,0.0624207285115304
1359,3,599,2,2.0,1.0,2,0.06725528595925391
1359,4,555,2,2.0,1.0,1,0.2919117647058816
1359,5,516,2,2.0,1.0,2,0.29436959345689506
1359,6,497,2,2.0,1.0,2,0.2904888621324637
1359,7,491,2,2.0,1.0,3,0.3138812815771345
1359,8,467,2,2.0,1.0,2,0.30555618006149526
1359,9,432,2,2.0,1.0,2,0.06249370974235105
1359,10,446,2,2.0,1.0,2,0.3071497513929248
1359,11,429,2,2.0,1.0,1,0.06247466301814128
1359,12,448,2,2.0,1.0,4,0.3051715817854816
1359,13,395,2,2.0,1.0,1,0.062472482113373695
1359,14,418,2,2.0,1.0,4,0.3051650093374495
1359,15,367,2,2.0,1.0,1,0.0625
1359,16,387,2,2.0,1.0,4,0.3040731674146579
1359,17,343,2,2.0,1.0,1,0.0625
1359,18,352,2,2.0,1.0,4,0.3029681889056877
1359,19,311,2,2.0,1.0,1,0.06387362637362637
1359,20,318,2,2.0,1.0,4,0.30294906521321535
1359,21,288,2,2.0,1.0,1,0.0625
1359,22,287,2,2.0,1.0,4,0.3040405892780718
1359,23,369,2,2.0,1.0,2,0.3076825702467557
1359,24,333,2,2.0,1.0,4,0.30296406073433
1359,25,311,2,2.0,1.0,1,0.06372580563174189
1359,26,303,2,2.0,1.0,4,0.3029445367316648
1359,27,280,2,2.0,1.0,1,0.06230590062111802
1359,28,281,2,2.0,1.0,4,0.30403789723418734
1359,29,259,2,2.0,1.0,1,0.062385482482614774
1359,30,258,2,2.0,1.0,4,0.3029418282325259
1359,31,239,2,2.0,1.0,1,0.0592699891971814
1359,32,233,2,2.0,1.0,4,0.30291569438565197
1359,33,221,2,2.0,1.0,1,0.058880090497737535
1359,34,212,2,2.0,1.0,4,0.3039959864283354
1359,35,320,2,2.0,1.0,2,0.30748766447368475
1359,36,249,2,2.0,1.0,4,0.30293826031777854
1359,37,254,2,2.0,1.0,1,0.05954185753437301
1359,38,226,2,2.0,1.0,4,0.3028769122333596
1359,39,214,2,2.0,1.0,4,0.30514227478073935
1359,40,231,2,2.0,1.0,23,0.3085049078470136
1359,41,206,2,2.0,1.0,1,0.06226538854604772
1359,42,214,2,2.0,1.0,4,0.06385048063203702
1359,43,221,2,2.0,1.0,11,0.022617545890562866
1359,44,304,2,2.0,1.0,4,0.2501070042226334
1359,45,158,2,2.0,1.0,3,0.24052777461564384
1359,46,240,2,2.0,1.0,4,0.22031147653230027
1359,47,173,2,2.0,1.01,10,0.2514632265323879
1359,48,248,2,2.0,1.0,4,0.3487145203917182
1359,49,285,2,2.0,1.0,4,0.3652838445940059
1359,50,275,2,2.0,1.0,9,0.3823488115050853
1359,51,188,2,2.0,1.0,7,0.4925189491217957
1359,52,354,2,2.0,1.0,4,0.4292284764707929
1359,53,327,2,2.0,1.0,6,0.42567858055267005
1359,54,286,2,2.0,1.0,5,0.11973705142250049
1359,55,277,2,2.0,1.0,4,0.34061124741602444
1359,56,1081,2,0.02312673450508788,1.0,3,0.9926232382283439
1360,1,751,2,2.0,1.0,3,0.08098786375669592
1360,2,634,2,2.0,1.0,2,0.06478141182072558
1360,3,585,2,2.0,1.0,2,0.06476495726495748
1360,4,526,2,2.0,1.0,1,0.059451219512194564
1360,5,523,2,2.0,1.0,1,0.2946318238029653
1360,6,501,2,2.0,1.0,1,0.29463489421700584
1360,7,489,2,2.0,1.0,1,0.3063031995686608
1360,8,443,2,2.0,1.0,4,0.2982070418287211
1360,9,472,2,2.0,1.0,1,0.2868642820732618
1360,10,521,2,2.0,1.0,6,0.3032768098461207
1360,11,540,2,2.0,1.0,3,0.06533038720538724
1360,12,495,2,2.0,1.0,4,0.07099429816131671
1360,13,501,2,2.0,1.0,4,0.045435504051167815
1360,14,487,2,2.0,1.0,6,0.04277799842664693
1360,15,414,2,2.0,1.0,1,0.27524538532878806
1360,16,394,2,2.0,1.0,1,0.30066043679083404
1360,17,416,2,2.0,1.0,2,0.28816743409600215
1360,18,382,2,2.0,1.0,4,0.27422665844201793
1360,19,385,2,2.0,1.0,2,0.2870582831155683
1360,20,461,2,2.0,1.0,2,0.3168538255914837
1360,21,431,2,2.0,1.0,2,0.07598241687361494
1360,22,415,2,2.0,1.0,1,0.056939906931965635
1360,23,413,2,2.0,1.0,4,0.05254005999288633
1360,24,396,2,2.0,1.0,4,0.3332401497234933
1360,25,378,2,2.0,1.0,4,0.2880389744235181
1360,26,372,2,2.0,1.0,4,0.3294043424161129
1360,27,387,2,2.0,1.0,2,0.35705735993645255
1360,28,304,2,2.0,1.0,2,0.26590234889265146
1360,29,439,2,2.0,1.0,4,0.3858673819363584
1360,30,408,2,2.0,1.0,4,0.4231891509579253
1360,31,438,2,2.0,1.0,3,0.43301284004765495
1360,32,389,2,2.0,1.0,4,0.20091092827659124
1360,33,380,2,1.9894736842105263,1.0,4,0.4295987594344611
1360,34,982,2,0.15682281059063136,1.0,4,0.9554116245048326
1360,35,1137,2,0.047493403693931395,1.0,4,0.9866669170008757
1361,1,768,2,2.0,1.0,3,0.06884838122427284
1361,2,637,2,2.0,1.0,3,0.057449491502286495
1361,3,593,2,2.0,1.0,3,0.05974974801351373
1361,4,579,2,2.0,1.0,4,0.062441121055110696
1361,5,556,2,2.0,1.0,5,0.0674204738773085
1361,6,545,2,2.0,1.0,2,0.07353724954742108
1361,7,526,2,2.0,1.0,2,0.30417740414069333
1361,8,540,2,2.0,1.0,2,0.29952029235137984
1361,9,492,2,2.0,1.0,1,0.08524210689438201
1361,10,497,2,2.0,1.0,1,0.061151024182693255
1361,11,467,2,2.0,1.0,4,0.05448424977582274
1361,12,478,2,2.0,1.0,4,0.2923792651349933
1361,13,459,2,2.0,1.0,4,0.28633012433151217
1361,14,462,2,2.0,1.0,3,0.2933183949024344
1361,15,417,2,2.0,1.0,4,0.2954473121681812
1361,16,437,2,2.0,1.0,4,0.07775999449799892
1361,17,467,2,2.0,1.0,2,0.06393020497054741
1361,18,457,2,2.0,1.0,6,0.07269509890592799
1361,19,444,2,2.0,1.0,2,0.29824287757059814
1361,20,367,2,2.0,1.0,4,0.29689093789954435
1361,21,361,2,2.0,1.0,2,0.333794218585699
1361,22,386,2,2.0,1.0,3,0.35119431211501967
1361,23,414,2,2.0,1.0,5,0.33560413498307484
1361,24,484,2,2.0,1.0,3,0.4060868548600456
1361,25,424,2,2.0,1.0,2,0.37184162446812374
1361,26,425,2,2.0,1.0,4,0.37818307270866725
1361,27,415,2,2.0,1.0,1,0.37878776527312513
1361,28,429,2,2.0,1.0,1,0.39349359556383656
1361,29,441,2,2.0,1.0,4,0.398209014829146
1361,30,546,2,2.0,1.0,4,0.4984874647235481
1361,31,516,2,2.0,1.0,0,0.5
1361,32,1320,2,0.0030303030303030303,1.0,3,0.9992424242424243
1362,1,754,2,2.0,1.0,3,0.0874928127475963
1362,2,642,2,2.0,1.0,2,0.06242146936656283
1362,3,597,2,2.0,1.0,2,0.0672551103935975
1362,4,558,2,2.0,1.0,1,0.2919117647058816
1362,5,505,2,2.0,1.0,1,0.2950375443179271
1362,6,554,2,2.0,1.0,1,0.06742085531796731
1362,7,508,2,2.0,1.0,1,0.2821483999640524
1362,8,516,2,2.0,1.0,2,0.28538509095944076
1362,9,464,2,2.0,1.0,1,0.28904761358805675
1362,10,434,2,2.0,1.0,1,0.060385465524317984
1362,11,472,2,2.0,1.0,2,0.27898491677744924
1362,12,460,2,2.0,1.0,1,0.2908463906192418
1362,13,454,2,2.0,1.0,1,0.04752814540957701
1362,14,476,2,2.0,1.0,1,0.050848117024587955
1362,15,436,2,2.0,1.0,1,0.04260658562189052
1362,16,408,2,2.0,1.0,1,0.26054494495320507
1362,17,373,2,2.0,1.0,1,0.2683670979983568
1362,18,372,2,2.0,1.0,1,0.05471177704013325
1362,19,400,2,2.0,1.0,2,0.254020557826622
1362,20,412,2,2.0,1.0,1,0.047414661949520924
1362,21,382,2,2.0,1.0,1,-0.015499062115065729
1362,22,452,2,2.0,1.0,2,-0.01583854915802628
1362,23,507,2,2.0,1.0,1,-0.5
1362,24,487,2,1.9240246406570842,1.0,1,-0.518993839835729
1363,1,738,2,2.0,1.0,3,0.08752938768306046
1363,2,629,2,2.0,1.0,2,0.06478779172526379
1363,3,585,2,2.0,1.0,1,0.06956384206021378
1363,4,554,2,2.0,1.0,1,0.29191176470588165
1363,5,514,2,2.0,1.0,2,0.29033586955758983
1363,6,530,2,2.0,1.0,2,0.30415612468247144
1363,7,497,2,2.0,1.0,2,0.27114620802393014
1363,8,484,2,2.0,1.0,1,0.2659224493974865
1363,9,446,2,2.0,1.0,1,0.27120739912682473
1363,10,450,2,2.0,1.0,1,0.056592336055741876
1363,11,403,2,2.0,1.0,4,0.05637810992958611
1363,12,398,2,2.0,1.0,3,0.10584793746628482
1363,13,401,2,2.0,1.0,3,0.09717779744232359
1363,14,323,2,2.0,1.0,3,0.0665932737388603
1363,15,374,2,2.0,1.0,4,0.2869886864216569
1363,16,373,2,2.0,1.0,2,0.2866906223145354
1363,17,367,2,2.0,1.0,5,0.26372696985845917
1363,18,331,2,2.0,1.0,1,0.2710784361961382
1363,19,405,2,2.0,1.0,4,0.3036420228942095
1363,20,354,2,2.0,1.0,1,0.2719746546670546
1363,21,341,2,2.0,1.0,6,0.2125590932088267
1363,22,366,2,2.0,1.0,2,0.013783863373002945
1363,23,385,2,2.0,1.0,4,-0.038341881136173886
1363,24,375,2,1.9946666666666666,1.0,1,-0.1424305128002741
1364,1,740,2,2.0,1.0,3,0.08111759767530524
1364,2,641,2,2.0,1.0,2,0.06744863568127674
1364,3,587,2,2.0,1.0,1,0.06272979134266142
1364,4,545,2,2.0,1.0,1,0.2887614678899049
1364,5,502,2,2.0,1.0,1,0.29804212740213426
1364,6,478,2,2.0,1.0,1,0.30775919743497193
1364,7,421,2,2.0,1.0,1,0.2906165627825454
1364,8,436,2,2.0,1.0,1,0.3447892725910302
1364,9,455,2,2.0,1.0,2,0.36069832904106164
1364,10,494,2,2.0,1.0,1,0.3032937333279622
1364,11,517,2,2.0,1.0,5,0.06476148896117229
1364,12,495,2,2.0,1.0,3,0.3341315221367996
1364,13,542,2,2.0,1.0,3,0.27920264884978224
1364,14,522,2,2.0,1.0,1,0.06507990745746356
1364,15,499,2,2.0,1.0,1,0.07028877342313494
1364,16,475,2,2.0,1.0,1,0.05647168012301105
1364,17,488,2,2.0,1.0,1,0.06169642400709708
1364,18,454,2,2.0,1.0,2,0.04331490786033561
1364,19,446,2,2.0,1.0,3,0.2954823244836429
1364,20,403,2,2.0,1.0,4,0.27901181877087994
1364,21,365,2,2.0,1.0,3,0.2768558070150437
1364,22,464,2,2.0,1.0,2,0.34016632403711244
1364,23,454,2,2.0,1.0,2,0.1291379561184122
1364,24,411,2,2.0,1.0,4,0.3010018696760992
1364,25,410,2,2.0,1.0,5,0.34612188634904906
1364,26,377,2,2.0,1.0,4,0.34143254647791177
1364,27,345,2,2.0,1.0,4,0.36807858981337765
1364,28,355,2,2.0,1.0,4,0.17437404874020754
1364,29,334,2,2.0,1.0,5,0.38680216934520023
1364,30,350,2,2.0,1.0,4,0.407773211659909
1364,31,323,2,2.0,1.0,4,0.41241589685512237
1364,32,312,2,2.0,1.0,3,0.4171345301073592
1364,33,400,2,2.0,1.0,2,0.433123378982219
1364,34,1016,2,0.04625984251968504,1.0,2,0.9865560633433073
1364,35,1180,2,0.011016949152542373,1.0,4,0.9969131949726932
1365,1,772,2,2.0,1.0,3,0.06903787364661673
1365,2,645,2,2.0,1.0,3,0.27571084040851845
1365,3,571,2,2.0,1.0,3,0.2876113545931466
1365,4,565,2,2.0,1.0,2,0.023188758690400515
1365,5,532,2,2.0,1.0,2,0.03165044750097183
1365,6,538,2,2.0,1.0,2,0.2679087289429668
1365,7,494,2,2.0,1.0,2,0.28485767118445177
1365,8,475,2,2.0,1.0,3,0.2795450840872571
1365,9,486,2,2.0,1.0,3,0.22125150831619964
1365,10,530,2,2.0,1.0,2,0.2658898379917389
1365,11,452,2,2.0,1.0,2,0.2820103052811353
1365,12,439,2,2.0,1.0,4,0.2263779816001252
1365,13,432,2,2.0,1.0,1,-0.025571851782023338
1365,14,406,2,2.0,1.0,4,-0.025989326451363478
1365,15,326,2,2.0,1.0,4,-0.020871573025780916
1365,16,364,2,2.0,1.0,3,-0.01678522038045737
1365,17,361,2,1.997229916897507,1.0,4,-0.49937987912364645
1365,18,553,1,1.0,1.0,1,-0.75
1366,1,755,2,2.0,1.0,3,0.08750676139142913
1366,2,644,2,2.0,1.0,2,0.0674762513701137
1366,3,601,2,2.0,1.0,2,0.06280835762360269
1366,4,542,2,2.0,1.0,1,0.2843766473379009
1366,5,514,2,2.0,1.0,4,0.2863117295742504
1366,6,506,2,2.0,1.0,5,0.3064158919604847
1366,7,479,2,2.0,1.0,4,0.08212501399163431
1366,8,459,2,2.0,1.0,4,0.06379463900065502
1366,9,430,2,2.0,1.0,1,0.27243653287005076
1366,10,382,2,2.0,1.0,1,0.2841460957254439
1366,11,440,2,2.0,1.0,2,0.2886423641872695
1366,12,403,2,2.0,1.0,3,0.2906867440624781
1366,13,382,2,2.0,1.0,1,0.28605223660842133
1366,14,414,2,2.0,1.0,3,0.2684341348661654
1366,15,385,2,2.0,1.0,3,0.05966058474392086
1366,16,408,2,2.0,1.0,1,0.26572074393684114
1366,17,404,2,2.0,1.0,2,0.3971009237462559
1366,18,396,2,2.0,1.0,4,0.28049426306012054
1366,19,403,2,2.0,1.0,2,0.34091086062775655
1366,20,431,2,2.0,1.0,2,0.3376944951996797
1366,21,450,2,2.0,1.0,1,0.3153203984500921
1366,22,475,2,2.0,1.0,2,0.29151147087318474
1366,23,429,2,2.0,1.0,3,0.29584562606475145
1366,24,400,2,2.0,1.0,3,0.3558692938610172
1366,25,382,2,2.0,1.0,4,0.30123017333152646
1366,26,372,2,2.0,1.0,3,0.34318903542840556
1366,27,364,2,2.0,1.0,4,0.3088153199231276
1366,28,336,2,2.0,1.0,10,0.30906930184496795
1366,29,335,2,2.0,1.0,4,0.3746042184075438
1366,30,374,2,2.0,1.0,3,0.39522425397336153
1366,31,392,2,2.0,1.0,21,0.40303511646707046
1366,32,417,2,1.9976019184652278,1.0,4,0.5000166533439915
1366,33,1145,2,0.0034934497816593887,1.0,5,0.9991266375545852
1367,1,742,2,2.0,1.0,3,0.08123333550341855
1367,2,630,2,2.0,1.0,2,0.06478835318194426
1367,3,589,2,2.0,1.0,1,0.06956392103907899
1367,4,558,2,2.0,1.0,1,0.2919117647058816
1367,5,519,2,2.0,1.0,1,0.2994387351311724
1367,6,456,2,2.0,1.0,3,0.2897555997942344
1367,7,499,2,2.0,1.0,2,0.305620578413242
1367,8,510,2,2.0,1.0,1,0.3025442027449712
1367,9,444,2,2.0,1.0,1,0.07733155752777837
1367,10,498,2,2.0,1.0,1,0.3008127880078704
1367,11,504,2,2.0,1.0,1,0.30107731885649075
1367,12,451,2,2.0,1.0,1,0.29466005465143713
1367,13,451,2,2.0,1.0,1,0.3163000715556608
1367,14,400,2,2.0,1.0,1,0.3134979242801482
1367,15,459,2,2.0,1.0,1,0.3367510993738829
1367,16,474,2,2.0,1.0,2,0.3301451826505758
1367,17,415,2,2.0,1.0,2,0.33264799304145126
1367,18,386,2,2.0,1.0,3,0.33912643327814185
1367,19,371,2,2.0,1.0,3,0.3201734290335302
1367,20,354,2,2.0,1.0,2,0.32325937496331775
1367,21,395,2,2.0,1.0,1,0.31791902320252874
1367,22,331,2,2.0,1.0,4,0.32212716665400165
1367,23,377,2,2.0,1.0,3,0.4438006297334109
1367,24,399,2,2.0,1.0,3,0.4972871711690074
1367,25,1069,2,0.0037418147801683817,1.0,7,0.9990645463049579
1368,1,729,2,2.0,1.0,3,0.08135306731204993
1368,2,645,2,2.0,1.0,2,0.06748449612403144
1368,3,588,2,2.0,1.0,2,0.0649547554871007
1368,4,565,2,2.0,1.0,2,0.2826692509337817
1368,5,531,2,2.0,1.0,5,0.2943893721139959
1368,6,493,2,2.0,1.0,4,0.2820694369447514
1368,7,491,2,2.0,1.0,1,0.2702964858248931
1368,8,507,2,2.0,1.0,1,0.286956274309171
1368,9,426,2,2.0,1.0,1,0.27591773574225914
1368,10,409,2,2.0,1.0,3,0.2669256271230848
1368,11,447,2,2.0,1.0,1,0.27514231512414666
1368,12,459,2,2.0,1.0,1,0.2812072404885333
1368,13,402,2,2.0,1.0,1,0.28939489532372675
1368,14,415,2,2.0,1.0,3,0.33183701454597514
1368,15,418,2,2.0,1.0,1,0.26238485541393564
1368,16,456,2,2.0,1.0,1,0.27364818349073533
1368,17,417,2,2.0,1.0,1,0.27629519095346405
1368,18,397,2,2.0,1.0,1,0.27019915083517076
1368,19,417,2,2.0,1.0,1,0.2622450516278982
1368,20,420,2,2.0,1.0,1,0.2679222692421437
1368,21,410,2,2.0,1.0,1,0.26788219263717716
1368,22,384,2,2.0,1.0,1,0.26787863185785593
1368,23,363,2,2.0,1.0,1,0.26273109386180293
1368,24,371,2,2.0,1.0,1,0.25549894792152017
1368,25,402,2,2.0,1.0,1,0.2678988300256945
1368,26,373,2,2.0,1.0,1,0.2599838550386284
1368,27,343,2,2.0,1.0,1,0.25059794147236536
1368,28,407,2,2.0,1.0,1,0.2845482970482995
1368,29,428,2,2.0,1.0,1,0.28405172413792823
1368,30,423,2,2.0,1.0,4,0.0575688207014613
1368,31,397,2,2.0,1.0,1,0.24179641626102405
1368,32,353,2,2.0,1.0,4,0.24118166075490097
1368,33,378,2,2.0,1.0,5,0.32638213152023404
1368,34,367,2,2.0,1.0,3,0.3402426357437628
1368,35,360,2,2.0,1.01,4,0.40314462199887924
1368,36,361,2,2.0,1.0,4,0.4540575957984914
1368,37,861,2,0.16608594657375145,1.0,8,0.9553473242680012
1369,1,762,2,2.0,1.0,3,0.08756647368989479
1369,2,626,2,2.0,1.0,2,0.06242353411012968
1369,3,582,2,2.0,1.0,1,0.06242705699280296
1369,4,523,2,2.0,1.0,1,0.059451219512194564
1369,5,535,2,2.0,1.0,2,0.29922489189773244
1369,6,515,2,2.0,1.0,3,0.2961436934451758
1369,7,532,2,2.0,1.0,4,0.2949299152859507
1369,8,524,2,2.0,1.0,2,0.2966814458336646
1369,9,527,2,2.0,1.0,5,0.3007326350982395
1369,10,486,2,2.0,1.0,1,0.04516186534181527
1369,11,474,2,2.0,1.0,1,0.2811800537524784
1369,12,445,2,2.0,1.0,2,0.06152162323483552
1369,13,432,2,2.0,1.0,1,0.06342272956218362
1369,14,477,2,2.0,1.0,1,0.0511885599239399
1369,15,451,2,2.0,1.0,1,0.04252459784795222
1369,16,471,2,2.0,1.0,1,0.04825436288564192
1369,17,474,2,2.0,1.0,1,0.04291324917779034
1369,18,487,2,2.0,1.0,2,0.017560644906831752
1369,19,399,2,2.0,1.0,1,0.0031337521367265637
1369,20,375,2,2.0,1.0,4,0.21918747321243662
1369,21,269,2,2.0,1.0,1,0.23330570820613936
1369,22,320,2,2.0,1.0,1,0.25377681478154035
1369,23,342,2,2.0,1.0,3,0.0041163802108785405
1369,24,311,2,2.0,1.0,3,-0.063142151132477
1369,25,330,2,1.9575757575757575,1.0,1,-0.5106060606060606
1370,1,749,2,2.0,1.0,3,0.08762486410389103
1370,2,656,2,2.0,1.0,2,0.06744261965025358
1370,3,602,2,2.0,1.0,1,0.06276399664398791
1370,4,575,2,2.0,1.0,1,0.06242094861660079
1370,5,553,2,2.0,1.0,1,0.0674207121991933
1370,6,553,2,2.0,1.0,1,0.29519230769230587
1370,7,502,2,2.0,1.0,4,0.28762326316623793
1370,8,508,2,2.0,1.0,3,0.29075011494483344
1370,9,465,2,2.0,1.0,4,0.29076401239008337
1370,10,454,2,2.0,1.0,3,0.2759709997069727
1370,11,448,2,2.0,1.0,3,0.3034247341456758
1370,12,504,2,2.0,1.0,2,0.3611858238563845
1370,13,426,2,2.0,1.0,4,0.3414569346684162
1370,14,525,2,2.0,1.0,2,0.30707693920941986
1370,15,487,2,2.0,1.0,4,0.3089694174790432
1370,16,522,2,2.0,1.0,1,0.3127320419211533
1370,17,484,2,2.0,1.0,1,0.30807651573026074
1370,18,457,2,2.0,1.0,1,0.3089995045903998
1370,19,453,2,2.0,1.0,1,0.3089992519416547
1370,20,447,2,2.0,1.0,1,0.3169042449194427
1370,21,413,2,2.0,1.0,1,0.31683122795826907
1370,22,408,2,2.0,1.0,1,0.31690352611632755
1370,23,368,2,2.0,1.0,1,0.3168484633489381
1370,24,365,2,2.0,1.0,1,0.31690255554276403
1370,25,330,2,2.0,1.0,1,0.3168411741017753
1370,26,319,2,2.0,1.0,1,0.3169012275756692
1370,27,300,2,2.0,1.0,1,0.316834115041365
1370,28,285,2,2.0,1.0,1,0.3168999705145214
1370,29,263,2,2.0,1.0,1,0.31682319094407607
1370,30,252,2,2.0,1.0,1,0.3168984260370818
1370,31,235,2,2.0,1.0,1,0.3168126374745847
1370,32,268,2,2.0,1.0,1,0.3085127908015313
1370,33,277,2,2.0,1.0,4,0.09527265705194753
1370,34,174,2,2.0,1.0,1,0.3127561702470506
1370,35,147,2,2.0,1.0,4,0.34978275890871396
1370,36,50,2,2.0,1.04,9,0.36069588291562227
1370,37,298,2,2.0,1.0,4,0.3961754849544896
1370,38,254,2,2.0,1.0,5,0.4889982546243431
1370,39,271,2,2.0,1.0,4,0.4939763787467254
1370,40,912,2,0.0043859649122807015,1.0,3,0.9989035087719298
1371,1,757,2,2.0,1.0,3,0.0874571672365758
1371,2,638,2,2.0,1.0,2,0.06242097701149426
1371,3,593,2,2.0,1.0,2,0.06725475570952265
1371,4,555,2,2.0,1.0,1,0.2919117647058816
1371,5,513,2,2.0,1.0,5,0.3041753965291053
1371,6,525,2,2.0,1.0,2,0.29781387531284653
1371,7,500,2,2.0,1.0,1,0.08344271474585978
1371,8,519,2,2.0,1.0,1,0.2952252952260556
1371,9,460,2,2.0,1.0,4,0.27707521198108
1371,10,521,2,2.0,1.0,4,0.30741944213721356
1371,11,489,2,2.0,1.0,4,0.30968618451878893
1371,12,483,2,2.0,1.0,7,0.30495207783743883
1371,13,480,2,2.0,1.0,1,0.0638440860215049
1371,14,471,2,2.0,1.0,1,0.07601836989416141
1371,15,460,2,2.0,1.0,1,0.08242822244180967
1371,16,473,2,2.0,1.0,1,0.0747850761753697
1371,17,431,2,2.0,1.0,1,0.0748139137110695
1371,18,429,2,2.0,1.0,1,0.07485281812204946
1371,19,405,2,2.0,1.0,1,0.07481078577294412
1371,20,402,2,2.0,1.0,1,0.07485215862081586
1371,21,368,2,2.0,1.0,1,0.07480557243376286
1371,22,363,2,2.0,1.0,2,0.30806122883614095
1371,23,342,2,2.0,1.0,1,0.07479918131138612
1371,24,428,2,2.0,1.0,4,0.30423075104293607
1371,25,368,2,2.0,1.0,2,0.3276382118265703
1371,26,268,2,2.0,1.0,4,0.3400962023435396
1371,27,289,2,2.0,1.0,3,0.3313932881264126
1371,28,280,2,2.0,1.0,5,0.1552970042269794
1371,29,333,2,2.0,1.0,8,0.3867521939668892
1371,30,243,2,2.0,1.0,3,0.48844919773445633
1371,31,246,2,1.9959349593495934,1.0,8,0.49679206147812094
1371,32,1105,2,0.006334841628959276,1.0,1,0.9984162895927602
1372,1,746,2,2.0,1.0,3,0.08713105367977932
1372,2,636,2,2.0,1.0,2,0.0624207285115304
1372,3,592,2,2.0,1.0,2,0.0672546662895933
1372,4,551,2,2.0,1.0,1,0.2919117647058817
1372,5,522,2,2.0,1.0,2,0.30416145061515854
1372,6,515,2,2.0,1.0,1,0.2973198600262212
1372,7,522,2,2.0,1.0,1,0.30173692915447264
1372,8,495,2,2.0,1.0,1,0.05640243902438968
1372,9,492,2,2.0,1.0,1,0.06699881023200477
1372,10,513,2,2.0,1.0,1,0.3100866897290188
1372,11,483,2,2.0,1.0,1,0.0638959748383381
1372,12,499,2,2.0,1.0,1,0.06542306650954131
1372,13,505,2,2.0,1.0,2,0.07918416764036595
1372,14,510,2,2.0,1.0,1,0.3277205060587954
1372,15,427,2,2.0,1.0,1,0.320004644522614
1372,16,379,2,2.0,1.0,3,0.3573294553833579
1372,17,334,2,2.0,1.0,1,0.08935047795976632
1372,18,238,2,2.0,1.0,1,0.30923588828720644
1372,19,324,2,2.0,1.0,1,0.3834653527562681
1372,20,365,2,2.0,1.0,1,0.4227709516466927
1372,21,513,2,2.0,1.0,1,0.5
1372,22,1228,2,0.003257328990228013,1.0,6,0.999185667752443
1373,1,746,2,2.0,1.0,3,0.08121830226281153
1373,2,635,2,2.0,1.0,2,0.06478153320457647
1373,3,591,2,2.0,1.0,2,0.06476503614828508
1373,4,516,2,2.0,1.0,1,0.05945121951219457
1373,5,531,2,2.0,1.0,1,0.3061632318506105
1373,6,534,2,2.0,1.0,2,0.2992391061504532
1373,7,510,2,2.0,1.0,1,0.2846542130365674
1373,8,550,2,2.0,1.0,1,0.29174104683195473
1373,9,504,2,2.0,1.0,1,0.29656792503316204
1373,10,432,2,2.0,1.0,5,0.30106945720215994
1373,11,505,2,2.0,1.0,2,0.3098134460038961
1373,12,480,2,2.0,1.0,1,0.23096948035863257
1373,13,479,2,2.0,1.0,1,0.29580348977136484
1373,14,498,2,2.0,1.0,1,0.2933748309835672
1373,15,456,2,2.0,1.0,4,0.27906928793756225
1373,16,465,2,2.0,1.0,3,0.257638525494616
1373,17,422,2,2.0,1.0,2,0.24334551198553017
1373,18,356,2,2.0,1.0,4,0.23084731405860562
1373,19,397,2,2.0,1.0,2,-0.0010300741181361675
1373,20,370,2,2.0,1.0,4,0.04399461549737811
1373,21,369,2,2.0,1.0,5,0.2520129168477134
1373,22,364,2,2.0,1.0,4,0.25780310271239354
1373,23,378,2,2.0,1.0,1,0.27190962713220385
1373,24,380,2,2.0,1.0,1,-0.020578935341380677
1373,25,341,2,2.0,1.0,2,-0.01387324180054784
1373,26,318,2,2.0,1.0,2,-0.11128010701431534
1374,1,739,2,2.0,1.0,3,0.08159434443194506
1374,2,647,2,2.0,1.0,2,0.06478960708835228
1374,3,597,2,2.0,1.0,2,0.06476511344601815
1374,4,528,2,2.0,1.0,1,0.059451219512194564
1374,5,534,2,2.0,1.0,2,0.3061597778143444
1374,6,536,2,2.0,1.0,4,0.2938899253731326
1374,7,517,2,2.0,1.0,5,0.292895774438326
1374,8,514,2,2.0,1.0,6,0.3111995458256049
1374,9,498,2,2.0,1.0,3,0.3030436950202776
1374,10,518,2,2.0,1.0,2,0.06848612340460199
1374,11,490,2,2.0,1.0,2,0.09237960552255363
1374,12,469,2,2.0,1.0,4,0.07178615917703587
1374,13,480,2,2.0,1.0,2,0.29660240935092
1374,14,444,2,2.0,1.0,4,0.3121871498685643
1374,15,412,2,2.0,1.0,1,0.27718293628130997
1374,16,411,2,2.0,1.0,4,0.297826733360321
1374,17,387,2,2.0,1.0,2,0.3133457142663978
1374,18,390,2,2.0,1.0,4,0.3542208319508118
1374,19,459,2,2.0,1.0,1,0.3611558744084931
1374,20,474,2,2.0,1.0,3,0.2923493827223339
1374,21,470,2,2.0,1.0,4,0.12113728514296215
1374,22,435,2,2.0,1.0,5,0.344843854922674
1374,23,433,2,2.0,1.0,2,0.3011956302549801
1374,24,444,2,2.0,1.0,4,0.36654734935732597
1374,25,435,2,2.0,1.0,2,0.41382438443304503
1374,26,448,2,2.0,1.0,4,0.35085099311260837
1374,27,441,2,2.0,1.0,1,0.3919434586975596
1374,28,469,2,2.0,1.0,4,0.30505814821907457
1374,29,406,2,2.0,1.0,7,0.3630702005447572
1374,30,452,2,2.0,1.0,4,0.1434105970195576
1374,31,415,2,2.0,1.0,1,0.1498091552265412
1374,32,354,2,2.0,1.0,4,0.37237219346197165
1374,33,421,2,2.0,1.0,4,0.4981634930137254
1374,34,485,2,2.0,1.0,4,0.4609196715999318
1374,35,521,2,2.0,1.0,0,0.5
1374,36,1297,2,0.0030840400925212026,1.0,8,0.9992289899768697
1375,1,732,2,2.0,1.0,3,0.08159712804594293
1375,2,638,2,2.0,1.0,2,0.0647818950730473
1375,3,607,2,2.0,1.0,1,0.0695642635627407
1375,4,553,2,2.0,1.0,1,0.29191176470588165
1375,5,503,2,2.0,1.0,2,0.2995316189152789
1375,6,497,2,2.0,1.0,5,0.2976920597541173
1375,7,501,2,2.0,1.0,2,0.3016872287090308
1375,8,530,2,2.0,1.0,4,0.3077210365427904
1375,9,531,2,2.0,1.0,3,0.31206588545366654
1375,10,508,2,2.0,1.0,3,0.30527855964925976
1375,11,446,2,2.0,1.0,1,0.0813457821961596
1375,12,391,2,2.0,1.0,1,0.060253525974728245
1375,13,362,2,2.0,1.0,4,0.313198721436283
1375,14,319,2,2.0,1.0,4,0.27281372799554376
1375,15,378,2,2.0,1.0,1,0.31192670732145716
1375,16,343,2,2.0,1.0,4,0.2949859797993605
1375,17,327,2,2.0,1.0,4,0.33853404971529094
1375,18,327,2,2.0,1.0,3,0.27378996905467073
1375,19,413,2,2.0,1.0,3,0.25173188600758856
1375,20,430,2,2.0,1.0,2,0.23497082864414756
1375,21,490,2,2.0,1.0,4,0.2367659254000348
1375,22,475,2,2.0,1.0,2,0.24465348423785033
1375,23,405,2,2.0,1.0,4,0.24424463625081044
1375,24,350,2,2.0,1.0,1,0.3106536494417392
1375,25,354,2,2.0,1.0,1,0.10675359754334902
1375,26,373,2,2.0,1.0,1,0.09191754095392633
1375,27,376,2,2.0,1.0,1,0.29271666942556823
1375,28,421,2,1.9619952494061759,1.0,4,-0.26490989769390555
1376,1,741,2,2.0,1.0,3,0.08758636093008589
1376,2,641,2,2.0,1.0,2,0.06478225355429375
1376,3,603,2,2.0,1.0,2,0.06956795004176049
1376,4,566,2,2.0,1.0,1,0.2919117647058814
1376,5,517,2,2.0,1.0,5,0.29397592699945674
1376,6,509,2,2.0,1.0,5,0.2948087373755231
1376,7,507,2,2.0,1.0,3,0.2992848788228189
1376,8,482,2,2.0,1.0,3,0.30492833886371173
1376,9,448,2,2.0,1.0,2,0.2949508441781114
1376,10,457,2,2.0,1.0,7,0.2843399786329587
1376,11,417,2,2.0,1.0,4,0.03884055647959204
1376,12,461,2,2.0,1.0,2,0.28512278445199685
1376,13,430,2,2.0,1.0,2,0.26145350155399405
1376,14,382,2,2.0,1.0,5,0.23927541039033165
1376,15,360,2,2.0,1.0,1,0.026812038803532015
1376,16,393,2,2.0,1.0,1,0.25030013575158255
1376,17,392,2,2.0,1.0,2,0.22314660976553027
1376,18,404,2,2.0,1.0,1,0.19693392674473528
1376,19,346,2,2.0,1.0,1,-0.02865430439226263
1376,20,375,2,1.9973333333333334,1.0,3,-0.1117965988700564
1376,21,371,2,1.9272237196765498,1.0,1,-0.5181940700808625
1377,1,750,2,2.0,1.0,3,0.07793851458231184
1377,2,640,2,2.0,1.0,2,0.05748881906702893
1377,3,596,2,2.0,1.0,1,0.06487443970876944
1377,4,556,2,2.0,1.0,2,0.29048507462686934
1377,5,515,2,2.0,1.0,2,0.29935109797872017
1377,6,487,2,2.0,1.0,3,0.3091349448245762
1377,7,492,2,2.0,1.0,1,0.3051771202663638
1377,8,479,2,2.0,1.0,1,0.30513662882146114
1377,9,456,2,2.0,1.0,1,0.30291806716289216
1377,10,484,2,2.0,1.0,1,0.3144348383263453
1377,11,463,2,2.0,1.0,1,0.07981684412996895
1377,12,502,2,2.0,1.0,1,0.3006677248388496
1377,13,473,2,2.0,1.0,5,0.309898993876819
1377,14,456,2,2.0,1.0,1,0.314056576067827
1377,15,404,2,2.0,1.0,1,0.3128720469593201
1377,16,419,2,2.0,1.0,2,0.3220682429266998
1377,17,407,2,2.0,1.0,3,0.08141119303698093
1377,18,390,2,2.0,1.0,2,0.3523638902012687
1377,19,382,2,2.0,1.0,2,0.36545694976976706
1377,20,435,2,2.0,1.0,1,0.38152496938085473
1377,21,409,2,2.0,1.0,2,0.3528890396300459
1377,22,414,2,2.0,1.0,3,0.3544491650430012
1377,23,385,2,2.0,1.0,4,0.385777210411399
1377,24,378,2,2.0,1.0,2,0.4927469257498967
1377,25,990,2,0.1393939393939394,1.0,4,0.9596056382748458
1377,26,1103,2,0.024478694469628286,1.0,3,0.9930238586434527
1378,1,683,2,2.0,1.0,3,0.054985094629193466
1378,2,617,2,2.0,1.0,2,0.029799209884298787
1378,3,562,2,2.0,1.0,1,0.03416867050016097
1378,4,531,2,2.0,1.0,1,0.032438130154702205
1378,5,564,2,2.0,1.0,2,0.06252500793902825
1378,6,569,2,2.0,1.0,1,0.05340578605304931
1378,7,471,2,2.0,1.0,1,0.04965235637480746
1378,8,427,2,2.0,1.0,2,0.2611181507600002
1378,9,445,2,2.0,1.0,2,0.26833025779025116
1378,10,400,2,2.0,1.0,4,0.2536505021726756
1378,11,406,2,2.0,1.0,2,0.04146116537393209
1378,12,434,2,2.0,1.0,1,0.017391674339141353
1378,13,390,2,2.0,1.0,4,-0.016565682508723676
1378,14,346,2,2.0,1.0,4,-0.015615710160179626
1378,15,433,2,2.0,1.0,4,-0.05241045948320793
1378,16,359,2,2.0,1.0,1,-0.004108038804039399
1378,17,308,2,1.9155844155844155,1.0,1,-0.11146818173767657
1379,1,664,2,2.0,1.0,3,0.05729516374164722
1379,2,602,2,2.0,1.0,2,0.029791060729598702
1379,3,560,2,2.0,1.0,3,0.030124355902657562
1379,4,571,2,2.0,1.0,3,0.05571010928570948
1379,5,513,2,2.0,1.0,1,0.05330599807308772
1379,6,501,2,2.0,1.0,1,0.05543531480344237
1379,7,457,2,2.0,1.0,1,0.021692659440330348
1379,8,500,2,2.0,1.0,1,0.0022058823529411704
1379,9,518,2,2.0,1.0,1,0.0276712523334148
1379,10,433,2,2.0,1.0,1,-0.0013888888888888848
1379,11,447,2,2.0,1.0,1,0.19053923383700713
1379,12,432,2,2.0,1.0,2,0.016453348743105348
1379,13,380,2,2.0,1.0,3,-0.025247336757038483
1379,14,385,2,2.0,1.0,1,-0.13135064935064997
1380,1,703,2,2.0,1.0,3,0.04825439706116939
1380,2,658,2,2.0,1.0,3,0.046416757035839494
1380,3,581,2,2.0,1.0,3,0.045354598988948086
1380,4,562,2,2.0,1.0,3,0.05771258338654841
1380,5,527,2,2.0,1.0,2,0.2852306422811272
1380,6,543,2,2.0,1.0,2,0.2915215619358002
1380,7,556,2,2.0,1.0,1,0.2975823334719706
1380,8,546,2,2.0,1.0,2,0.30942980344804744
1380,9,527,2,2.0,1.0,5,0.2994599013019938
1380,10,555,2,2.0,1.0,2,0.3211220135829864
1380,11,506,2,2.0,1.0,1,0.07599639152298346
1380,12,534,2,2.0,1.0,1,0.286729585153139
1380,13,475,2,2.0,1.0,2,0.2936256936305976
1380,14,460,2,2.0,1.0,1,0.3187456595597245
1380,15,480,2,2.0,1.0,2,0.08562870282677806
1380,16,462,2,2.0,1.0,3,0.11784439323375959
1380,17,409,2,2.0,1.0,4,0.363511229548412
1380,18,459,2,2.0,1.0,2,0.3674666799456531
1380,19,447,2,2.0,1.0,4,0.3765427217745334
1380,20,386,2,2.0,1.0,4,0.36874895682639697
1380,21,421,2,2.0,1.0,1,0.39623124725457554
1380,22,405,2,2.0,1.0,8,0.3959775155550676
1380,23,822,2,0.29318734793187345,1.0,14,0.9219743388310906
1381,1,665,2,2.0,1.0,3,0.05735493800069913
1381,2,599,2,2.0,1.0,2,0.02979097743288037
1381,3,559,2,2.0,1.0,2,0.034472821320670574
1381,4,545,2,2.0,1.0,2,0.03217504972092082
1381,5,546,2,2.0,1.0,5,0.06739292758523532
1381,6,548,2,2.0,1.0,6,0.07723364174173485
1381,7,555,2,2.0,1.0,5,0.2798253417404685
1381,8,491,2,2.0,1.0,5,0.2647917316578078
1381,9,489,2,2.0,1.0,2,0.26867221378115225
1381,10,449,2,2.0,1.0,1,0.25840721546456574
1381,11,464,2,2.0,1.0,2,0.23959280915567105
1381,12,469,2,2.0,1.0,4,0.04419463488257856
1381,13,398,2,2.0,1.0,2,0.004402608134654307
1381,14,416,2,2.0,1.0,2,0.24369392009956772
1381,15,342,2,2.0,1.0,2,0.23338949699072475
1381,16,334,2,2.0,1.0,2,0.24376055247386225
1381,17,304,2,2.0,1.0,1,0.20454070864759677
1381,18,361,2,2.0,1.0,1,-0.5
1381,19,527,1,1.0,1.0,1,-0.75
1382,1,692,2,2.0,1.0,3,0.048358798021891136
1382,2,619,2,2.0,1.0,3,0.04629034658043891
1382,3,571,2,2.0,1.0,3,0.044446954337644756
1382,4,550,2,2.0,1.0,3,0.03304516589693717
1382,5,555,2,2.0,1.0,2,0.05791855457873227
1382,6,469,2,2.0,1.0,5,0.036687958622769974
1382,7,454,2,2.0,1.0,3,0.057753026377767004
1382,8,475,2,2.0,1.0,1,0.046709739168602334
1382,9,486,2,2.0,1.0,5,0.042285865639188056
1382,10,437,2,2.0,1.0,3,0.019275130954390967
1382,11,372,2,2.0,1.0,1,0.010674835905475506
1382,12,340,2,2.0,1.0,1,0.007301924601368863
1382,13,352,2,2.0,1.0,4,0.22418238557385253
1382,14,334,2,2.0,1.0,1,-0.48754497533351115
1382,15,565,1,1.0,1.0,1,-0.75
1382,16,1130,0,0.0,1.0,0,-1.0
1383,1,683,2,2.0,1.0,3,0.04825197693506955
1383,2,626,2,2.0,1.0,3,0.057279537735361104
1383,3,570,2,2.0,1.0,1,0.045309884187593526
1383,4,548,2,2.0,1.0,3,0.0501030759871099
1383,5,499,2,2.0,1.0,3,0.05941177779846754
1383,6,511,2,2.0,1.0,2,0.34104042198237355
1383,7,421,2,2.0,1.0,4,0.2933926159661997
1383,8,453,2,2.0,1.0,3,0.06977018549796825
1383,9,440,2,2.0,1.0,1,0.04922703051860066
1383,10,455,2,2.0,1.0,1,0.03654754464614988
1383,11,400,2,2.0,1.0,4,0.2717587169774695
1383,12,397,2,2.0,1.0,2,0.28801626508359013
1383,13,409,2,2.0,1.0,3,0.29601302621571934
1383,14,376,2,2.0,1.0,3,0.30359577128582016
1383,15,418,2,2.0,1.0,1,0.3022004054564717
1383,16,421,2,2.0,1.0,1,0.05904320570480837
1383,17,456,2,2.0,1.0,2,0.1000536277763129
1383,18,416,2,2.0,1.0,4,0.24024712886319927
1383,19,404,2,2.0,1.0,4,0.2534405973864616
1383,20,382,2,2.0,1.0,3,0.2576948650792711
1383,21,331,2,2.0,1.0,3,0.2584786675520924
1383,22,406,2,2.0,1.0,5,0.08724470092337397
1383,23,374,2,2.0,1.0,5,0.07413053472184311
1383,24,401,2,2.0,1.0,2,0.0669882032345095
1383,25,342,2,2.0,1.0,4,0.060395279344214334
1383,26,364,2,2.0,1.0,4,0.04254127218586764
1383,27,372,2,2.0,1.0,7,0.057760992181634455
1383,28,370,2,2.0,1.0,4,0.03878633743961631
1383,29,522,2,1.0019157088122606,1.0,4,-0.7485418708604354
1383,30,1158,0,0.0,1.0,0,-1.0
1384,1,689,2,2.0,1.0,3,0.04821087388551183
1384,2,648,2,2.0,1.0,3,0.04643834100333657
1384,3,583,2,2.0,1.0,1,0.045310625679660474
1384,4,536,2,2.0,1.0,3,0.02829508121802614
1384,5,562,2,2.0,1.0,3,0.05830944569507731
1384,6,478,2,2.0,1.0,2,0.08222031199183764
1384,7,426,2,2.0,1.0,2,0.09942569670345326
1384,8,440,2,2.0,1.0,1,0.2619504606867647
1384,9,474,2,2.0,1.0,4,0.2754056641206671
1384,10,439,2,2.0,1.0,5,0.2766738700676559
1384,11,490,2,2.0,1.0,3,0.27857801646691044
1384,12,461,2,2.0,1.0,6,0.252566146756292
1384,13,441,2,2.0,1.0,1,0.026136363636363538
1384,14,421,2,2.0,1.0,4,0.0029659773648176356
1384,15,380,2,2.0,1.0,6,0.009195645517827755
1384,16,379,2,2.0,1.0,4,0.0017326486405038514
1384,17,375,2,2.0,1.0,4,-0.0002509365780393818
1384,18,353,2,2.0,1.0,1,-0.5
1384,19,534,2,1.0131086142322097,1.0,6,-0.7467228464419475
1384,20,1252,0,0.0,1.0,0,-1.0
1385,1,674,2,2.0,1.0,3,0.0671635340496227
1385,2,630,2,2.0,1.0,2,0.05304238470460284
1385,3,558,2,2.0,1.0,1,0.03445587406227748
1385,4,550,2,2.0,1.0,1,0.03217090485272257
1385,5,522,2,2.0,1.0,1,0.052731180812196674
1385,6,518,2,2.0,1.0,1,0.28302238805970176
1385,7,519,2,2.0,1.0,4,0.0633432646148553
1385,8,449,2,2.0,1.0,3,0.05737338232330013
1385,9,472,2,2.0,1.0,3,0.05675462861599263
1385,10,449,2,2.0,1.0,4,0.21767514059194837
1385,11,398,2,2.0,1.0,7,0.2406571985798074
1385,12,382,2,2.0,1.0,1,0.02823865712204263
1385,13,365,2,2.0,1.0,1,0.06914125560595626
1385,14,391,2,2.0,1.0,1,0.24260625093679636
1385,15,331,2,2.0,1.0,4,0.035312289028252376
1385,16,321,2,2.0,1.0,3,0.046475255141167016
1385,17,404,2,2.0,1.0,2,0.27472590587256407
1385,18,333,2,2.0,1.0,1,0.25613588722178904
1385,19,314,2,2.0,1.0,3,0.00487214571157757
1385,20,357,2,2.0,1.0,1,-0.025118548506204964
1385,21,371,2,2.0,1.0,1,-0.5
1386,1,674,2,2.0,1.0,3,0.04347650139248361
1386,2,596,2,2.0,1.0,3,0.02245388138419088
1386,3,561,2,2.0,1.0,3,0.03440594418425844
1386,4,537,2,2.0,1.0,2,0.06665748195855005
1386,5,518,2,2.0,1.0,1,0.01344936708860775
1386,6,513,2,2.0,1.0,1,0.016628433097196426
1386,7,499,2,2.0,1.0,1,0.008822046085526582
1386,8,519,2,2.0,1.0,2,0.2571247402204598
1386,9,541,2,2.0,1.0,1,-0.0027037251191682683
1386,10,520,2,2.0,1.0,1,-0.0050229938020635145
1387,1,677,2,2.0,1.0,3,0.06717001855849766
1387,2,634,2,2.0,1.0,2,0.053043636162244084
1387,3,562,2,2.0,1.0,1,0.03445629435630493
1387,4,542,2,2.0,1.0,1,0.03217052013177429
1387,5,563,2,2.0,1.0,1,0.05376079581230498
1387,6,501,2,2.0,1.0,1,0.04952852914859967
1387,7,468,2,2.0,1.0,1,0.0446860623212615
1387,8,505,2,2.0,1.0,1,0.039949200802433055
1387,9,505,2,2.0,1.0,1,0.0318956828115245
1387,10,512,2,2.0,1.0,1,0.006243307329739134
1387,11,455,2,2.0,1.0,1,0.0006137396841980876
1387,12,435,2,2.0,1.0,1,-0.0500000000000004
1387,13,398,2,2.0,1.0,4,0.029525471864450672
1387,14,406,2,2.0,1.0,1,-0.041487992258415346
1387,15,364,2,2.0,1.0,1,-0.09707618993580204
1388,1,667,2,2.0,1.0,3,0.057311170436627916
1388,2,602,2,2.0,1.0,2,0.02978219964290961
1388,3,552,2,2.0,1.0,3,0.034342324943717036
1388,4,542,2,2.0,1.0,5,0.032325854017874724
1388,5,569,2,2.0,1.0,1,0.05352500281368175
1388,6,511,2,2.0,1.0,1,0.047669723738733266
1388,7,452,2,2.0,1.0,1,0.04578123083723189
1388,8,456,2,2.0,1.0,1,0.24768279994544978
1388,9,405,2,2.0,1.0,1,0.23334983085668448
1388,10,422,2,2.0,1.0,1,0.23523326566223512
1388,11,400,2,2.0,1.0,1,0.21725086599105073
1388,12,364,2,2.0,1.0,1,-0.5
1388,13,372,2,2.0,1.0,1,0.220611010797403
1388,14,383,2,2.0,1.0,2,-0.07008959522650446
1389,1,685,2,2.0,1.0,3,0.0550204356301457
1389,2,608,2,2.0,1.0,1,0.029799458582353087
1389,3,568,2,2.0,1.0,2,0.03443099918557135
1389,4,550,2,2.0,1.0,2,0.032144012553103
1389,5,527,2,2.0,1.0,1,0.027052238805969995
1389,6,542,2,2.0,1.0,1,0.07183047648501739
1389,7,552,2,2.0,1.0,1,0.05324355285592438
1389,8,461,2,2.0,1.0,1,0.011480343322353459
1389,9,449,2,2.0,1.0,1,0.03867905732103147
1389,10,417,2,2.0,1.0,1,0.0437324349165712
1389,11,441,2,2.0,1.0,1,0.032914941954769024
1389,12,395,2,2.0,1.0,4,-0.017415608906434604
1389,13,376,2,2.0,1.0,4,-0.011488670448422545
1389,14,373,2,2.0,1.0,1,0.22273787190237954
1389,15,333,2,2.0,1.0,1,0.21904397214262858
1389,16,351,2,1.9943019943019944,1.0,1,0.14593202846748496
1389,17,1236,0,0.0,1.0,0,-1.0
1390,1,675,2,2.0,1.0,3,0.06703984764906802
1390,2,628,2,2.0,1.0,2,0.050478073942845626
1390,3,571,2,2.0,1.0,2,0.034465462328663786
1390,4,581,2,2.0,1.0,2,0.05999668485057762
1390,5,534,2,2.0,1.0,1,0.05274819877414543
1390,6,500,2,2.0,1.0,1,0.27155797101449064
1390,7,510,2,2.0,1.0,1,0.07178330748521405
1390,8,429,2,2.0,1.0,1,0.28811947392781917
1390,9,461,2,2.0,1.0,1,0.29056574840291516
1390,10,454,2,2.0,1.0,1,0.2963442630144579
1390,11,482,2,2.0,1.0,2,0.056430014572683686
1390,12,427,2,2.0,1.0,4,0.06077118601746335
1390,13,426,2,2.0,1.0,1,0.27695135360504824
1390,14,446,2,2.0,1.0,1,0.27773923840588216
1390,15,373,2,2.0,1.0,1,0.2920921326170719
1390,16,339,2,2.0,1.0,4,0.27942704415895475
1390,17,342,2,2.0,1.0,2,0.26781038515831435
1390,18,366,2,2.0,1.0,4,0.03150089311807246
1390,19,321,2,2.0,1.0,1,0.2710050720239435
1390,20,340,2,2.0,1.0,6,0.2738677454202286
1390,21,305,2,2.0,1.0,4,0.2589490344199456
1390,22,378,2,2.0,1.0,3,0.2345228301763711
1390,23,329,2,2.0,1.0,6,0.232943986247141
1390,24,316,2,2.0,1.0,4,0.06256797629670674
1390,25,325,2,2.0,1.0,3,0.024073720285665772
1390,26,353,2,2.0,1.0,4,0.012366034658074905
1390,27,1249,0,0.0,1.0,0,-1.0
1391,1,686,2,2.0,1.0,3,0.06698696354590138
1391,2,638,2,2.0,1.0,2,0.05047792575300298
1391,3,575,2,2.0,1.0,2,0.05321871297055853
1391,4,540,2,2.0,1.0,1,0.27367724867724813
1391,5,503,2,2.0,1.0,1,0.28154510282662953
1391,6,524,2,2.0,1.0,3,0.3037794624716263
1391,7,527,2,2.0,1.0,1,0.3073775336087377
1391,8,519,2,2.0,1.0,1,0.30526915564705587
1391,9,521,2,2.0,1.0,1,0.30526930560302906
1391,10,522,2,2.0,1.0,1,0.3072342023605627
1391,11,524,2,2.0,1.0,7,0.3118088803062247
1391,12,478,2,2.0,1.0,1,0.08270084551259564
1391,13,490,2,2.0,1.0,7,0.06218454102288691
1391,14,511,2,2.0,1.0,2,0.31386283209914223
1391,15,462,2,2.0,1.0,3,0.3090505289761574
1391,16,436,2,2.0,1.0,3,0.3185879214573793
1391,17,453,2,2.0,1.0,2,0.33400496756969594
1391,18,462,2,2.0,1.0,6,0.3831772917033006
1391,19,465,2,2.0,1.0,1,0.37866528790954307
1391,20,456,2,2.0,1.0,1,0.43369222753368164
1391,21,515,2,2.0,1.0,9,0.499126213592233
1391,22,479,2,2.0,1.0,1,0.5
1391,23,1232,2,0.003246753246753247,1.0,5,0.9991883116883117
1392,1,668,2,2.0,1.0,3,0.057327993765815655
1392,2,603,2,2.0,1.0,1,0.029757880317581576
1392,3,562,2,2.0,1.0,1,0.03445629435630493
1392,4,556,2,2.0,1.0,1,0.03215829434354568
1392,5,553,2,2.0,1.0,1,0.06729471124001644
1392,6,551,2,2.0,1.0,1,0.07711590055174886
1392,7,548,2,2.0,1.0,2,0.060005438838057784
1392,8,494,2,2.0,1.0,2,0.04716455260487869
1392,9,511,2,2.0,1.0,2,0.1650762285256874
1392,10,498,2,2.0,1.0,2,0.24958337735344072
1392,11,438,2,2.0,1.0,5,0.05107090956396295
1392,12,408,2,2.0,1.0,4,0.0468924589924347
1392,13,414,2,2.0,1.0,1,0.25692265810020404
1392,14,441,2,2.0,1.0,6,0.26444938164485826
1392,15,430,2,2.0,1.0,3,0.26892126714639847
1392,16,411,2,2.0,1.0,3,0.25388012641882085
1392,17,365,2,2.0,1.0,3,0.044376304321268795
1392,18,405,2,2.0,1.0,7,0.24771145046692922
1392,19,417,2,2.0,1.0,1,0.2428063438810878
1392,20,382,2,2.0,1.0,1,0.2312399984456437
1392,21,392,2,2.0,1.0,1,-0.017609890585611805
1392,22,441,2,2.0,1.0,1,-0.08989898989899045
1393,1,669,2,2.0,1.0,3,0.04341242440177786
1393,2,613,2,2.0,1.0,3,0.024988148111794034
1393,3,560,2,2.0,1.0,2,0.022595935810221335
1393,4,560,2,2.0,1.0,2,0.05094671300921274
1393,5,522,2,2.0,1.0,1,0.056260487642357075
1393,6,500,2,2.0,1.0,1,0.28762283402805533
1393,7,508,2,2.0,1.0,1,0.29643543419549506
1393,8,478,2,2.0,1.0,2,0.07061100644715888
1393,9,507,2,2.0,1.0,1,0.07782964557032036
1393,10,484,2,2.0,1.0,2,0.30904829705348025
1393,11,492,2,2.0,1.0,4,0.07483696380501809
1393,12,489,2,2.0,1.0,4,0.050932527289546704
1393,13,471,2,2.0,1.0,9,0.053242140521300184
1393,14,378,2,2.0,1.0,1,0.29891899144627615
1393,15,408,2,2.0,1.0,2,0.3105841683293028
1393,16,380,2,2.0,1.0,4,0.07842836371092295
1393,17,417,2,2.0,1.0,1,0.32103474233184404
1393,18,419,2,2.0,1.0,1,0.34683605038408644
1393,19,493,2,2.0,1.0,7,0.3510649266536706
1393,20,496,2,2.0,1.0,2,0.45718714413842687
1393,21,545,2,2.0,1.0,3,0.499608079832609
1393,22,1316,2,0.00303951367781155,1.0,8,0.9992401215805471
1394,1,662,2,2.0,1.0,3,0.057328254080279174
1394,2,600,2,2.0,1.0,2,0.029798969548969313
1394,3,562,2,2.0,1.0,4,0.03360195668250587
1394,4,540,2,2.0,1.0,5,0.03216157299490588
1394,5,539,2,2.0,1.0,5,0.06741796563225136
1394,6,547,2,2.0,1.0,6,0.07935321040926056
1394,7,544,2,2.0,1.0,1,0.05486450659040504
1394,8,439,2,2.0,1.0,1,0.03563507472779095
1394,9,440,2,2.0,1.0,2,0.013912204097383168
1394,10,386,2,2.0,1.0,2,-0.014983464013094243
1394,11,388,2,2.0,1.0,4,-0.0122506349083567
1394,12,360,2,2.0,1.0,1,-0.009768410015503968
1394,13,423,2,2.0,1.0,7,0.21975659450806032
1394,14,389,2,2.0,1.0,4,0.0014525885338903999
1394,15,348,2,1.9597701149425288,1.0,3,-0.5100574712643678
1394,16,1326,0,0.0,1.0,0,-1.0
1395,1,680,2,2.0,1.0,3,0.04829311148119502
1395,2,633,2,2.0,1.0,3,0.04638846836213725
1395,3,562,2,2.0,1.0,3,0.04488002832334347
1395,4,555,2,2.0,1.0,2,0.028408563978417282
1395,5,539,2,2.0,1.0,2,0.057769587906814975
1395,6,472,2,2.0,1.0,3,0.030949252264450316
1395,7,454,2,2.0,1.0,2,0.0943201380896843
1395,8,467,2,2.0,1.0,3,0.08016253545212536
1395,9,452,2,2.0,1.0,5,0.03210620728911547
1395,10,459,2,2.0,1.0,2,0.04872297403810056
1395,11,432,2,2.0,1.0,4,0.018894011290635813
1395,12,383,2,2.0,1.0,1,0.23638335048957876
1395,13,432,2,2.0,1.0,3,0.02736497656369559
1395,14,386,2,2.0,1.0,1,0.010235548750430031
1395,15,412,2,1.9514563106796117,1.0,2,-0.5121359223300971
1396,1,664,2,2.0,1.0,3,0.05719636085630003
1396,2,602,2,2.0,1.0,2,0.029773338556220517
1396,3,552,2,2.0,1.0,1,0.03432526975145094
1396,4,548,2,2.0,1.0,1,0.0323396610188147
1396,5,558,2,2.0,1.0,1,0.05739116933113334
1396,6,501,2,2.0,1.0,1,0.06154051784842484
1396,7,442,2,2.0,1.0,2,0.26394424411800016
1396,8,457,2,2.0,1.0,4,0.2519778906403737
1396,9,463,2,2.0,1.0,4,0.041845643721408164
1396,10,440,2,2.0,1.0,4,0.26359495124440857
1396,11,408,2,2.0,1.0,1,0.019975140645340922
1396,12,431,2,2.0,1.0,2,0.04531456472488793
1396,13,399,2,2.0,1.0,1,0.04481959751299809
1396,14,372,2,2.0,1.0,1,0.013616111296653624
1396,15,328,2,2.0,1.0,1,-0.013719534257636258
1396,16,381,2,1.9921259842519685,1.0,1,-0.5006455846245026
1396,17,677,1,1.0,1.0,2,-0.75
1396,18,704,1,1.0,1.0,1,-0.75
1397,1,692,2,2.0,1.0,3,0.05106700745185426
1397,2,622,2,2.0,1.0,2,0.051750256955075694
1397,3,573,2,2.0,1.0,2,0.050688058983348064
1397,4,530,2,2.0,1.0,2,0.057674506814351316
1397,5,529,2,2.0,1.0,3,0.28563419925298966
1397,6,474,2,2.0,1.0,3,0.2996195497911218
1397,7,476,2,2.0,1.0,2,0.29358917487598807
1397,8,456,2,2.0,1.0,4,0.28724402417247924
1397,9,493,2,2.0,1.0,2,0.04880093696476087
1397,10,442,2,2.0,1.0,4,0.26341987864717775
1397,11,484,2,2.0,1.0,2,0.012990368717525914
1397,12,414,2,2.0,1.0,4,0.23860747974483298
1397,13,435,2,2.0,1.0,2,0.2476799015995286
1397,14,388,2,2.0,1.0,1,0.23507700558370215
1397,15,363,2,2.0,1.0,3,0.19518146638073489
1397,16,367,2,2.0,1.0,1,-0.006675395296992034
1397,17,311,2,2.0,1.0,2,-0.0715825888442703
1398,1,662,2,2.0,1.0,3,0.043388426431830864
1398,2,587,2,2.0,1.0,3,0.049772023877295866
1398,3,534,2,2.0,1.0,2,0.06253896233780656
1398,4,472,2,2.0,1.0,3,0.07087959211493981
1398,5,513,2,2.0,1.0,2,0.27515472891866816
1398,6,479,2,2.0,1.0,5,0.29819270567880074
1398,7,482,2,2.0,1.0,6,0.07893576226981866
1398,8,461,2,2.0,1.0,3,0.10633238785507172
1398,9,427,2,2.0,1.0,1,0.061732413109232234
1398,10,408,2,2.0,1.0,1,0.2952940913417919
1398,11,421,2,2.0,1.0,2,0.28318874757923934
1398,12,393,2,2.0,1.0,3,0.30115355613556155
1398,13,417,2,2.0,1.0,3,0.3233677897104773
1398,14,409,2,2.0,1.0,3,0.3445417023256941
1398,15,436,2,2.0,1.0,1,0.3373367336644173
1398,16,364,2,2.0,1.0,1,0.08171479925195357
1398,17,325,2,2.0,1.0,4,0.002386274784506011
1398,18,345,2,2.0,1.0,4,-0.010822532447601297
1398,19,383,2,2.0,1.0,4,0.23309890542557576
1398,20,276,2,2.0,1.0,4,0.25977007149563147
1398,21,328,2,1.9603658536585367,1.0,3,-0.4250014558213361
1398,22,1155,0,0.0,1.0,0,-1.0
1399,1,668,2,2.0,1.0,3,0.05738577017610442
1399,2,596,2,2.0,1.0,2,0.02979929280264828
1399,3,553,2,2.0,1.0,2,0.0344547996888689
1399,4,568,2,2.0,1.0,2,0.05791336834014539
1399,5,526,2,2.0,1.0,4,0.03728219062030009
1399,6,456,2,2.0,1.0,1,0.2731030114647708
1399,7,455,2,2.0,1.0,3,0.2498296305211211
1399,8,397,2,2.0,1.0,1,0.2649631729228001
1399,9,427,2,2.0,1.0,1,0.2573724806829955
1399,10,429,2,2.0,1.0,4,0.28551218772842657
1399,11,508,2,2.0,1.0,1,0.30023839808396746
1399,12,472,2,2.0,1.0,1,0.045963028319721225
1399,13,433,2,2.0,1.0,1,0.17795278901034234
1399,14,411,2,2.0,1.0,1,-0.07248850550358545
1400,1,668,2,2.0,1.0,3,0.05583083963271624
1400,2,603,2,2.0,1.0,2,0.029774484314285074
1400,3,546,2,2.0,1.0,1,0.0344631975372503
1400,4,547,2,2.0,1.0,1,0.03217076190110879
1400,5,565,2,2.0,1.0,1,0.053448166877369786
1400,6,515,2,2.0,1.0,1,0.053155323024668674
1400,7,494,2,2.0,1.0,1,0.04914956489366687
1400,8,456,2,2.0,1.0,1,0.04131843914199928
1400,9,480,2,2.0,1.0,1,0.24817419136424307
1400,10,428,2,2.0,1.0,1,0.23849380247560387
1400,11,417,2,2.0,1.0,1,0.21613916470219055
1400,12,449,2,2.0,1.0,1,0.036489505152196774
1400,13,399,2,2.0,1.0,1,0.21246302997170644
1400,14,411,2,2.0,1.0,1,-0.5
1400,15,625,1,1.0,1.0,3,-0.75
1401,1,683,2,2.0,1.0,3,0.04381869136077865
1401,2,624,2,2.0,1.0,2,0.029835353699363125
1401,3,577,2,2.0,1.0,2,0.029781095108040355
1401,4,546,2,2.0,1.0,4,0.05102998852998826
1401,5,508,2,2.0,1.0,1,0.056402439024389656
1401,6,529,2,2.0,1.0,1,0.28498673816930553
1401,7,451,2,2.0,1.0,5,0.27773817869040707
1401,8,469,2,2.0,1.0,2,0.2771660964675317
1401,9,435,2,2.0,1.0,2,0.2807553123635918
1401,10,448,2,2.0,1.0,4,0.054960204725829506
1401,11,432,2,2.0,1.0,3,0.026260199112704982
1401,12,435,2,2.0,1.0,3,0.26947712303194515
1401,13,392,2,2.0,1.0,4,0.24986268212095183
1401,14,381,2,2.0,1.0,1,0.022006243835625338
1401,15,353,2,2.0,1.0,1,0.029420900731902094
1401,16,322,2,2.0,1.0,4,0.012861618732959696
1401,17,374,2,2.0,1.0,4,-0.011112187903179466
1401,18,365,2,2.0,1.0,4,-0.05632982827554183
1401,19,381,2,2.0,1.0,1,-0.03313454092666795
1401,20,385,2,2.0,1.0,2,-0.07031115792379747
1401,21,370,2,2.0,1.0,3,-0.13332316131820998
1402,1,709,2,2.0,1.0,3,0.045769398493770784
1402,2,647,2,2.0,1.0,3,0.04638450781865145
1402,3,592,2,2.0,1.0,1,0.0452777690202381
1402,4,538,2,2.0,1.0,2,0.05761341766579701
1402,5,503,2,2.0,1.0,1,0.28167970938845577
1402,6,540,2,2.0,1.0,1,0.030314347961406966
1402,7,483,2,2.0,1.0,1,0.013429954117442787
1402,8,463,2,2.0,1.0,1,0.2575646948537994
1402,9,466,2,2.0,1.0,1,0.2619487302349901
1402,10,464,2,2.0,1.0,5,0.25664234598836766
1402,11,421,2,2.0,1.0,2,0.03354205119874397
1402,12,403,2,2.0,1.0,1,0.24788069971666266
1402,13,410,2,2.0,1.0,1,0.22886115951630978
1402,14,366,2,2.0,1.0,1,0.21469795495964805
1402,15,363,2,2.0,1.0,2,0.2202292076517083
1402,16,348,2,2.0,1.0,1,-0.006402373834500146
1402,17,327,2,2.0,1.0,1,-0.11981065816869604
1402,18,587,1,1.0,1.0,1,-0.75
1403,1,651,2,2.0,1.0,3,0.05734276822214357
1403,2,590,2,2.0,1.0,2,0.02976471130055436
1403,3,563,2,2.0,1.0,2,0.034473120461363034
1403,4,552,2,2.0,1.0,3,0.032315631228674244
1403,5,543,2,2.0,1.0,1,0.07174120918716158
1403,6,504,2,2.0,1.0,2,0.2823700970824709
1403,7,523,2,2.0,1.0,4,0.28262939751636584
1403,8,464,2,2.0,1.0,3,0.2963866577926575
1403,9,414,2,2.0,1.0,3,0.2809441810365184
1403,10,421,2,2.0,1.0,2,0.2543834604335868
1403,11,415,2,2.0,1.0,4,0.2499174650878638
1403,12,455,2,2.0,1.0,2,0.30194414588940305
1403,13,454,2,2.0,1.0,3,0.29246369935872796
1403,14,438,2,2.0,1.0,3,0.3133729507796932
1403,15,402,2,2.0,1.0,2,0.0876008509025201
1403,16,430,2,2.0,1.0,1,0.09446142463447779
1403,17,371,2,2.0,1.0,4,0.06609176607701968
1403,18,300,2,2.0,1.0,3,0.05613519557341856
1403,19,323,2,2.0,1.0,4,0.2802667454230652
1403,20,332,2,2.0,1.0,4,0.07170750298637903
1403,21,327,2,2.0,1.0,3,0.24416665270926471
1403,22,327,2,2.0,1.0,1,0.04933399003805265
1403,23,342,2,2.0,1.0,2,0.023690210306094247
1403,24,328,2,1.9298780487804879,1.0,1,-0.08179460070810457
1404,1,662,2,2.0,1.0,3,0.057330314059802816
1404,2,599,2,2.0,1.0,2,0.029799334870286225
1404,3,564,2,2.0,1.0,2,0.034572790368875714
1404,4,581,2,2.0,1.0,2,0.05760967779714411
1404,5,547,2,2.0,1.0,4,0.03307886641444002
1404,6,527,2,2.0,1.0,5,0.028390427242140942
1404,7,558,2,2.0,1.0,2,0.025735295704558053
1404,8,523,2,2.0,1.0,3,0.0371688390939372
1404,9,462,2,2.0,1.0,4,0.009597257367790313
1404,10,515,2,2.0,1.0,2,0.25863320265149525
1404,11,403,2,2.0,1.0,1,0.23356750650191777
1404,12,484,2,2.0,1.0,1,-0.09456521739130547
1405,1,666,2,2.0,1.0,3,0.057332353418467194
1405,2,601,2,2.0,1.0,2,0.029766044179521486
1405,3,563,2,2.0,1.0,2,0.030057422841614445
1405,4,568,2,2.0,1.0,1,0.06005921895006355
1405,5,518,2,2.0,1.0,1,0.056402439024389635
1405,6,501,2,2.0,1.0,1,0.3019945406976016
1405,7,526,2,2.0,1.0,1,0.29763275012310364
1405,8,468,2,2.0,1.0,1,0.29251826320006097
1405,9,475,2,2.0,1.0,1,0.2984006263178632
1405,10,498,2,2.0,1.0,1,0.30616561953598326
1405,11,518,2,2.0,1.0,2,0.3053477193904964
1405,12,494,2,2.0,1.0,1,0.3072701894171376
1405,13,469,2,2.0,1.0,1,0.31433700414385496
1405,14,463,2,2.0,1.0,6,0.2912376127853869
1405,15,428,2,2.0,1.0,3,0.11384397518349741
1405,16,437,2,2.0,1.0,3,0.11318012493637135
1405,17,419,2,2.0,1.0,1,0.2929568160888432
1405,18,381,2,2.0,1.0,1,0.2743871868071772
1405,19,421,2,2.0,1.0,1,0.28342985126534836
1405,20,386,2,2.0,1.0,1,0.2942327431032649
1405,21,422,2,2.0,1.0,5,0.37766420743639595
1405,22,469,2,2.0,1.0,3,0.41288380197518026
1405,23,471,2,2.0,1.0,3,0.40965896679527397
1405,24,450,2,2.0,1.0,3,0.41560214403586243
1405,25,427,2,2.0,1.0,4,0.42577459302203446
1405,26,992,2,0.09879032258064516,1.0,4,0.9721693922417926
1405,27,1099,2,0.003639672429481347,1.0,17,0.9989278939238617
1406,1,662,2,2.0,1.0,3,0.046151195721831705
1406,2,614,2,2.0,1.0,2,0.057038366743419305
1406,3,572,2,2.0,1.0,3,0.043886377394781094
1406,4,535,2,2.0,1.0,3,0.028426583037633412
1406,5,553,2,2.0,1.0,2,0.05836013148166265
1406,6,459,2,2.0,1.0,5,0.030815378209657223
1406,7,403,2,2.0,1.0,5,0.06124901866938951
1406,8,445,2,2.0,1.0,2,0.06770716300220249
1406,9,424,2,2.0,1.0,1,0.2631849839664129
1406,10,444,2,2.0,1.0,4,0.265223514332919
1406,11,447,2,2.0,1.0,1,0.2661207207074708
1406,12,387,2,2.0,1.0,4,0.03578235718335802
1406,13,344,2,2.0,1.0,1,0.03718613591559034
1406,14,415,2,2.0,1.0,1,0.018173490957416112
1406,15,416,2,2.0,1.0,2,0.07323993585504464
1406,16,385,2,2.0,1.0,6,0.08503921405160296
1406,17,394,2,2.0,1.0,5,0.08709374559841754
1406,18,431,2,2.0,1.0,3,0.30009511348243334
1406,19,419,2,2.0,1.0,2,0.082318505028387
1406,20,358,2,2.0,1.0,3,0.05995350896740807
1406,21,335,2,2.0,1.0,1,-0.007293655037070791
1407,1,660,2,2.0,1.0,3,0.057310336451192566
1407,2,600,2,2.0,1.0,1,0.029757631257631024
1407,3,562,2,2.0,1.0,1,0.03432864440664104
1407,4,551,2,2.0,1.0,1,0.032338884115066
1407,5,579,2,2.0,1.0,1,0.0576417489629925
1407,6,524,2,2.0,1.0,1,0.04649495424942599
1407,7,493,2,2.0,1.0,2,0.26075806564993237
1407,8,470,2,2.0,1.0,4,0.2473827938371243
1407,9,468,2,2.0,1.0,3,0.2490326637662806
1407,10,456,2,2.0,1.0,4,0.25276979421305673
1407,11,441,2,2.0,1.0,3,0.022556474097941974
1407,12,447,2,2.0,1.0,3,0.23227817628137098
1407,13,420,2,2.0,1.0,2,0.021836824544117568
1407,14,398,2,1.9949748743718594,1.0,2,0.16230422441040485
1407,15,387,2,1.9896640826873384,1.0,3,0.012161396324611787
1407,16,1220,0,0.0,1.0,0,-1.0
1408,1,668,2,2.0,1.0,3,0.057314878642332125
1408,2,603,2,2.0,1.0,2,0.029774106950723633
1408,3,562,2,2.0,1.0,1,0.02840909090909128
1408,4,563,2,2.0,1.0,1,0.06005772646536363
1408,5,511,2,2.0,1.0,1,0.2909180295272126
1408,6,491,2,2.0,1.0,5,0.287637053727771
1408,7,477,2,2.0,1.0,4,0.30475547709159034
1408,8,469,2,2.0,1.0,3,0.3067613030946578
1408,9,466,2,2.0,1.0,1,0.30098498658415385
1408,10,496,2,2.0,1.0,2,0.31262876174169396
1408,11,453,2,2.0,1.0,3,0.3230790847518062
1408,12,439,2,2.0,1.0,2,0.10380682752949874
1408,13,455,2,2.0,1.0,2,0.08435307330117771
1408,14,408,2,2.0,1.0,1,0.30452482052946755
1408,15,365,2,2.0,1.0,4,0.29273449515141975
1408,16,380,2,2.0,1.0,4,0.28025039178362493
1408,17,317,2,2.0,1.0,1,0.30396996612778465
1408,18,321,2,2.0,1.0,1,0.29818852822427794
1408,19,418,2,2.0,1.0,1,0.3388211442783773
1408,20,368,2,2.0,1.0,1,0.3033569139089753
1408,21,365,2,2.0,1.0,6,0.30255179205056615
1408,22,438,2,2.0,1.0,3,0.3112957756197243
1408,23,336,2,2.0,1.0,1,0.3001284791657964
1408,24,364,2,2.0,1.0,4,0.36934888473549976
1408,25,337,2,2.0,1.0,3,0.2752364453470024
1408,26,308,2,2.0,1.0,2,0.28878835162108685
1408,27,323,2,2.0,1.0,4,0.29684687313756436
1408,28,323,2,2.0,1.0,1,0.3423992217774513
1408,29,310,2,2.0,1.0,3,0.32805436017130324
1408,30,338,2,2.0,1.0,4,0.32690071944469273
1408,31,341,2,2.0,1.0,4,0.31232044888246774
1408,32,323,2,2.0,1.0,6,0.33756319717773675
1408,33,280,2,2.0,1.0,3,0.3805000332576799
1408,34,553,2,0.3779385171790235,1.0,4,0.8992543746153733
1408,35,309,2,2.0,1.0,13,0.4256823702448253
1408,36,327,2,2.0,1.0,2,0.43377961394500353
1408,37,354,2,2.0,1.0,4,0.4385654188588251
1408,38,336,2,2.0,1.0,4,0.4379577582570688
1408,39,305,2,2.0,1.0,4,0.43827775130747365
1408,40,354,2,2.0,1.0,4,0.43836891156288754
1408,41,940,2,0.00425531914893617,1.0,14,0.9987914764179082
1409,1,693,2,2.0,1.0,3,0.06704298596787371
1409,2,641,2,2.0,1.0,2,0.053017600426723537
1409,3,573,2,2.0,1.0,2,0.055673297841709476
1409,4,529,2,2.0,1.0,1,0.059451219512194564
1409,5,506,2,2.0,1.0,2,0.28212822786315417
1409,6,500,2,2.0,1.0,3,0.2872347039313212
1409,7,525,2,2.0,1.0,4,0.284587628760133
1409,8,480,2,2.0,1.0,1,0.26555012458019095
1409,9,482,2,2.0,1.0,1,0.26489241812305026
1409,10,474,2,2.0,1.0,1,0.042156743636084015
1409,11,436,2,2.0,1.0,2,0.06617079584959801
1409,12,413,2,2.0,1.0,2,0.31758860364983676
1409,13,393,2,2.0,1.0,1,0.25145225258670895
1409,14,422,2,2.0,1.0,1,0.05141063204872351
1409,15,403,2,2.0,1.0,1,0.012180166584828187
1409,16,344,2,2.0,1.0,4,-0.008048473410884644
1409,17,459,2,2.0,1.0,4,-0.018238727035966566
1409,18,351,2,2.0,1.0,10,-0.03551783713836702
1409,19,404,2,1.933168316831683,1.0,1,-0.5167079207920792
1410,1,693,2,2.0,1.0,3,0.0481971507077215
1410,2,634,2,2.0,1.0,3,0.0465087060060619
1410,3,575,2,2.0,1.0,3,0.04531017334470057
1410,4,543,2,2.0,1.0,3,0.028305519438729113
1410,5,559,2,2.0,1.0,2,0.05792729575808939
1410,6,469,2,2.0,1.0,5,0.03468432753117389
1410,7,484,2,2.0,1.0,2,0.08586455798239073
1410,8,481,2,2.0,1.0,1,0.01877132401105007
1410,9,549,2,2.0,1.0,2,0.013840762011331128
1410,10,531,2,2.0,1.0,4,0.0041562042268257025
1410,11,531,2,2.0,1.0,2,0.000650408175746489
1410,12,474,2,2.0,1.0,2,-0.005663488448342497
1410,13,441,2,2.0,1.0,4,-0.035012431152002324
1410,14,494,2,1.9959514170040487,1.0,2,-0.5010121457489879
1411,1,687,2,2.0,1.0,3,0.05102227078455396
1411,2,627,2,2.0,1.0,2,0.06215995404426389
1411,3,580,2,2.0,1.0,3,0.06482124586985148
1411,4,505,2,2.0,1.0,1,0.2828378531590952
1411,5,463,2,2.0,1.0,1,0.27542810593625733
1411,6,477,2,2.0,1.0,1,0.2730774421645444
1411,7,448,2,2.0,1.0,1,0.28433238160462737
1411,8,493,2,2.0,1.0,1,0.29296451458990064
1411,9,474,2,2.0,1.0,3,0.2992564276492677
1411,10,455,2,2.0,1.0,3,0.29436620268352054
1411,11,473,2,2.0,1.0,2,0.29681954309207725
1411,12,472,2,2.0,1.0,1,0.07303936416755745
1411,13,409,2,2.0,1.0,1,0.049445089166288675
1411,14,366,2,2.0,1.0,1,0.24326048822451463
1411,15,335,2,2.0,1.0,1,0.25807673694223177
1411,16,345,2,2.0,1.0,1,0.2653111978366276
1411,17,396,2,2.0,1.0,1,0.282606274892184
1411,18,393,2,2.0,1.0,2,0.060476270538518666
1411,19,414,2,2.0,1.0,2,0.27287395511363116
1411,20,423,2,2.0,1.0,2,0.2341239876548528
1411,21,445,2,2.0,1.0,2,0.2983026455806492
1411,22,491,2,2.0,1.0,4,0.06192447680027997
1411,23,473,2,2.0,1.0,4,0.3081866487867089
1411,24,522,2,2.0,1.0,1,0.07516811643744015
1411,25,476,2,2.0,1.0,1,0.07060998181740266
1411,26,448,2,2.0,1.0,4,0.025239944815861563
1411,27,433,2,2.0,1.0,4,0.014467009832267372
1411,28,383,2,2.0,1.0,4,0.25904863857117527
1411,29,382,2,2.0,1.0,4,0.2507536530393926
1411,30,399,2,2.0,1.0,4,0.24152977368809714
1411,31,375,2,2.0,1.0,5,0.1754870426208014
1411,32,411,2,1.9927007299270072,1.0,1,-0.06614265943436266
1411,33,1290,0,0.0,1.0,0,-1.0
1412,1,695,2,2.0,1.0,3,0.05106476083954977
1412,2,631,2,2.0,1.0,2,0.06215915830307162
1412,3,589,2,2.0,1.0,2,0.053629307930437915
1412,4,538,2,2.0,1.0,1,0.059304214023989665
1412,5,509,2,2.0,1.0,4,0.2855398627655174
1412,6,479,2,2.0,1.0,3,0.29395255911982177
1412,7,446,2,2.0,1.0,4,0.2612488632097027
1412,8,405,2,2.0,1.0,6,0.262765766732151
1412,9,404,2,2.0,1.0,1,0.05413240286414675
1412,10,435,2,2.0,1.0,1,0.2506115343839297
1412,11,480,2,2.0,1.0,2,0.25741898375511946
1412,12,402,2,2.0,1.0,1,0.23658773299126176
1412,13,414,2,2.0,1.0,2,0.03613453953566078
1412,14,397,2,2.0,1.0,2,0.006982843993319266
1412,15,324,2,2.0,1.0,2,-0.030033151276305094
1412,16,486,2,1.9958847736625513,1.0,2,-0.5010288065843621
1412,17,707,1,1.0,1.0,1,-0.75
1413,1,680,2,2.0,1.0,3,0.06720476856070638
1413,2,629,2,2.0,1.0,2,0.053042069353194034
1413,3,567,2,2.0,1.0,1,0.05566890242816146
1413,4,527,2,2.0,1.0,1,0.059451219512194564
1413,5,501,2,2.0,1.0,2,0.2915864121652661
1413,6,515,2,2.0,1.0,2,0.2928980034069641
1413,7,501,2,2.0,1.0,4,0.29790258707371103
1413,8,513,2,2.0,1.0,2,0.29598497929475565
1413,9,523,2,2.0,1.0,7,0.30186982116174305
1413,10,501,2,2.0,1.0,4,0.2987998135550307
1413,11,542,2,2.0,1.0,2,0.30049406911499354
1413,12,540,2,2.0,1.0,4,0.29106366459627253
1413,13,496,2,2.0,1.0,4,0.2896282322264571
1413,14,523,2,2.0,1.0,2,0.3052897581103619
1413,15,530,2,2.0,1.0,2,0.2992380332809736
1413,16,508,2,2.0,1.0,4,0.2979007521447849
1413,17,462,2,2.0,1.0,4,0.28156602662346664
1413,18,514,2,2.0,1.0,2,0.3005428562898648
1413,19,491,2,2.0,1.0,4,0.30048032096925925
1413,20,506,2,2.0,1.0,4,0.3021613380313432
1413,21,485,2,2.0,1.0,4,0.3004795396419404
1413,22,488,2,2.0,1.0,5,0.3066889862277746
1413,23,463,2,2.0,1.0,4,0.3004765015218188
1413,24,436,2,2.0,1.0,4,0.3004829125507373
1413,25,437,2,2.0,1.0,4,0.3005368941925561
1413,26,402,2,2.0,1.0,4,0.30047779007774156
1413,27,395,2,2.0,1.0,4,0.3029683836451331
1413,28,366,2,2.0,1.0,4,0.3029068819862286
1413,29,368,2,2.0,1.0,4,0.3029712884081993
1413,30,344,2,2.0,1.0,4,0.3029013771410961
1413,31,345,2,2.0,1.0,4,0.06828639993399806
1413,32,316,2,2.0,1.0,4,0.30289326240390996
1413,33,313,2,2.0,1.0,4,0.30296748069699936
1413,34,297,2,2.0,1.0,4,0.3028868845873817
1413,35,292,2,2.0,1.0,4,0.30296564844344065
1413,36,268,2,2.0,1.0,4,0.30287540652165806
1413,37,268,2,2.0,1.0,4,0.30296281640678097
1413,38,254,2,2.0,1.0,4,0.302868519593708
1413,39,246,2,2.0,1.0,4,0.3029605418257986
1413,40,230,2,2.0,1.0,4,0.3028559850149479
1413,41,225,2,2.0,1.0,4,0.3029575163398681
1413,42,213,2,2.0,1.0,4,0.3028450529190038
1413,43,205,2,2.0,1.0,4,0.30295355345848257
1414,1,663,2,2.0,1.0,3,0.046151262775303924
1414,2,623,2,2.0,1.0,2,0.062055720483702566
1414,3,575,2,2.0,1.0,1,0.0536624496667683
1414,4,530,2,2.0,1.0,3,0.05935173655288107
1414,5,541,2,2.0,1.0,2,0.2903795664133379
1414,6,493,2,2.0,1.0,3,0.27662903199066385
1414,7,430,2,2.0,1.0,1,0.05348086044545728
1414,8,422,2,2.0,1.0,1,0.04653912739405617
1414,9,465,2,2.0,1.0,4,0.010350630119771739
1414,10,466,2,2.0,1.0,7,0.24165020771904064
1414,11,450,2,2.0,1.0,3,0.26220648390928714
1414,12,429,2,2.0,1.0,1,0.2410968549345578
1414,13,414,2,2.0,1.0,1,0.021909267705398635
1414,14,402,2,2.0,1.0,4,0.04915790560279515
1414,15,322,2,2.0,1.0,4,-0.06817303697435134
1414,16,312,2,2.0,1.0,9,0.040105870910398474
1414,17,335,2,2.0,1.0,1,0.1879802959410966
1414,18,408,2,2.0,1.0,1,-0.5
1415,1,673,2,2.0,1.0,3,0.06712648319228254
1415,2,621,2,2.0,1.0,2,0.053148323393617816
1415,3,586,2,2.0,1.0,1,0.06012897085849244
1415,4,523,2,2.0,1.0,1,0.059451219512194564
1415,5,543,2,2.0,1.0,1,0.2897349104917107
1415,6,536,2,2.0,1.0,1,0.2873430209393786
1415,7,519,2,2.0,1.0,3,0.2819938422801469
1415,8,513,2,2.0,1.0,2,0.29327257648489696
1415,9,496,2,2.0,1.0,4,0.06751973101888349
1415,10,446,2,2.0,1.0,1,0.27961739382357864
1415,11,439,2,2.0,1.0,1,0.2737365205429577
1415,12,384,2,2.0,1.0,1,0.28030386758280285
1415,13,382,2,2.0,1.0,3,0.30004764400135076
1415,14,379,2,2.0,1.0,2,0.2936674608369742
1415,15,399,2,2.0,1.0,6,0.2633680305697615
1415,16,420,2,2.0,1.0,2,0.06556410985396308
1415,17,408,2,2.0,1.0,1,0.2736555223337389
1415,18,444,2,2.0,1.0,2,0.26239969672834446
1415,19,417,2,2.0,1.0,4,0.3145575300033695
1415,20,397,2,2.0,1.0,4,0.26721840787744
1415,21,361,2,2.0,1.0,3,0.2648214071962107
1415,22,318,2,2.0,1.0,3,0.2708615606906096
1415,23,296,2,2.0,1.0,2,0.03162558014917363
1415,24,334,2,2.0,1.0,2,0.01140961865322364
1415,25,346,2,2.0,1.0,4,-0.003929301996696604
1415,26,337,2,2.0,1.0,4,-0.009824361593978315
1415,27,360,2,2.0,1.0,4,0.2280334549209792
1415,28,315,2,2.0,1.0,11,-0.041612733273039736
1415,29,368,2,2.0,1.0,2,-0.5
1415,30,605,1,1.0,1.0,1,-0.75
1416,1,662,2,2.0,1.0,3,0.05730076089355568
1416,2,596,2,2.0,1.0,2,0.029781943005344685
1416,3,558,2,2.0,1.0,4,0.034036435446874104
1416,4,550,2,2.0,1.0,5,0.03232500889619196
1416,5,550,2,2.0,1.0,5,0.06739370629370636
1416,6,550,2,2.0,1.0,6,0.07723461031721944
1416,7,510,2,2.0,1.0,4,0.0744518670078239
1416,8,439,2,2.0,1.0,3,0.2673415254645326
1416,9,471,2,2.0,1.0,4,0.2748889424241679
1416,10,490,2,2.0,1.0,4,0.3005348896740005
1416,11,470,2,2.0,1.0,3,0.07287335887988454
1416,12,470,2,2.0,1.0,3,0.31554125346010237
1416,13,452,2,2.0,1.0,4,0.31492306978956547
1416,14,502,2,2.0,1.0,4,0.3247555919751633
1416,15,524,2,2.0,1.0,4,0.3090733069667664
1416,16,491,2,2.0,1.0,4,0.30905153199355484
1416,17,533,2,2.0,1.0,4,0.3091260646272393
1416,18,534,2,2.0,1.0,10,0.3137911092371846
1416,19,465,2,2.0,1.0,4,0.32184170977436377
1416,20,466,2,2.0,1.0,2,0.33122410607535774
1416,21,455,2,2.0,1.0,3,0.33865804903106334
1416,22,395,2,2.0,1.0,4,0.4133077087128178
1416,23,443,2,2.0,1.0,2,0.37147522779379544
1416,24,410,2,2.0,1.0,2,0.4153628914475174
1416,25,395,2,2.0,1.0,4,0.41462896665154303
1416,26,390,2,2.0,1.0,3,0.4146732555521071
1416,27,343,2,2.0,1.0,3,0.4313744547257814
1416,28,304,2,2.0,1.0,4,0.42980286444176896
1416,29,371,2,2.0,1.0,4,0.39169623907828816
1416,30,422,2,2.0,1.0,6,0.4933860672125701
1416,31,457,2,2.0,1.0,3,0.49887896977292134
1416,32,380,2,2.0,1.0,10,0.438478443449049
1416,33,412,2,2.0,1.0,1,0.5
1416,34,1239,2,0.003228410008071025,1.0,8,0.9991928974979822
1417,1,685,2,2.0,1.0,3,0.04326949230966128
1417,2,623,2,2.0,1.0,3,0.052558742166211425
1417,3,551,2,2.0,1.0,4,0.060923732066127834
1417,4,557,2,2.0,1.0,3,0.03445523147116165
1417,5,538,2,2.0,1.0,3,0.03300995964455392
1417,6,504,2,2.0,1.0,1,0.0489378858973309
1417,7,498,2,2.0,1.0,1,0.05117189803871256
1417,8,423,2,2.0,1.0,3,0.2519447501076968
1417,9,343,2,2.0,1.0,2,0.04611090865801692
1417,10,316,2,2.0,1.0,1,0.022996688111126724
1417,11,402,2,2.0,1.0,2,-0.004774819531402846
1417,12,371,2,2.0,1.0,3,0.008090817806586548
1417,13,338,2,2.0,1.0,5,-0.05642795905302114
1417,14,361,2,1.9778393351800554,1.0,5,-0.025556672721857944
1417,15,353,2,1.9943342776203965,1.0,5,-0.1079838335634481
1417,16,1225,0,0.0,1.0,0,-1.0
1418,1,661,2,2.0,1.0,3,0.05736385239699674
1418,2,609,2,2.0,1.0,1,0.029758371076104833
1418,3,550,2,2.0,1.0,3,0.03448069095084016
1418,4,547,2,2.0,1.0,5,0.03216202596915531
1418,5,571,2,2.0,1.0,4,0.05339580318896645
1418,6,533,2,2.0,1.0,5,0.05531272741312022
1418,7,483,2,2.0,1.0,1,0.04497488492046341
1418,8,482,2,2.0,1.0,1,0.018673987694949195
1418,9,550,2,2.0,1.0,2,0.007951233947635679
1418,10,446,2,2.0,1.0,1,-0.0028217060327423446
1418,11,430,2,2.0,1.0,1,-0.015066252922357496
1418,12,426,2,2.0,1.0,1,-0.08221329175171038
1419,1,660,2,2.0,1.0,3,0.057309299834141146
1419,2,596,2,2.0,1.0,1,0.029757295277429274
1419,3,547,2,2.0,1.0,4,0.03357692097800966
1419,4,546,2,2.0,1.0,5,0.03216196196965382
1419,5,537,2,2.0,1.0,5,0.06739113307549062
1419,6,545,2,2.0,1.0,6,0.07723217554948751
1419,7,538,2,2.0,1.0,6,0.3111782061937873
1419,8,529,2,2.0,1.0,2,0.2992032982535349
1419,9,514,2,2.0,1.0,2,0.29281509722773585
1419,10,511,2,2.0,1.0,1,0.06435946362719534
1419,11,441,2,2.0,1.0,1,0.07870352625534577
1419,12,475,2,2.0,1.0,1,0.30078941099709955
1419,13,424,2,2.0,1.0,4,0.30259280813526396
1419,14,371,2,2.0,1.0,1,0.29391615256624537
1419,15,339,2,2.0,1.0,3,0.3291437053370357
1419,16,384,2,2.0,1.0,3,0.3906493025881372
1419,17,466,2,2.0,1.0,3,0.17496233892217916
1419,18,518,2,2.0,1.0,3,0.3731769307698878
1419,19,532,2,2.0,1.0,2,0.3817502710573901
1419,20,450,2,2.0,1.0,1,0.38149565513526623
1419,21,438,2,2.0,1.0,1,0.3740702522250871
1419,22,432,2,2.0,1.0,1,0.3534144253570644
1419,23,401,2,2.0,1.0,1,0.3948030684538955
1419,24,423,2,2.0,1.0,1,0.3976455904193516
1419,25,369,2,2.0,1.0,1,0.43695808906630573
1419,26,413,2,2.0,1.0,1,0.4386888132045534
1419,27,441,2,2.0,1.0,1,0.5
1419,28,1349,2,0.0029651593773165306,1.0,5,0.9992587101556709
1420,1,703,2,2.0,1.0,3,0.05103802660412218
1420,2,613,2,2.0,1.0,2,0.062111972342575636
1420,3,578,2,2.0,1.0,1,0.05318221896783181
1420,4,525,2,2.0,1.0,1,0.2854588043609432
1420,5,543,2,2.0,1.0,2,0.2786009754245442
1420,6,471,2,2.0,1.0,5,0.27975540209479577
1420,7,461,2,2.0,1.0,4,0.2894047748992874
1420,8,476,2,2.0,1.0,6,0.32464024594806506
1420,9,478,2,2.0,1.0,2,0.10000720295457428
1420,10,466,2,2.0,1.0,1,0.05790339201280418
1420,11,443,2,2.0,1.0,4,0.03156174875078256
1420,12,455,2,2.0,1.0,3,0.0250928598016751
1420,13,404,2,2.0,1.0,4,0.24922652184728838
1420,14,379,2,2.0,1.0,2,0.25734281132830095
1420,15,345,2,2.0,1.0,2,0.24226366357159543
1420,16,300,2,2.0,1.0,5,0.25935928967214844
1420,17,359,2,2.0,1.0,3,0.05103564301653832
1420,18,332,2,2.0,1.0,3,0.008074939765081609
1420,19,356,2,2.0,1.0,3,-0.01056954076536466
1420,20,351,2,2.0,1.0,4,-0.01304933408173266
1420,21,329,2,2.0,1.0,4,-0.02135610715892929
1420,22,274,2,2.0,1.0,1,-0.06286240534824995
1420,23,344,2,1.9505813953488371,1.0,1,-0.5123546511627907
1421,1,660,2,2.0,1.0,3,0.05732964991921065
1421,2,592,2,2.0,1.0,2,0.02979923604923582
1421,3,562,2,2.0,1.0,2,0.03431136088694078
1421,4,548,2,2.0,1.0,5,0.03248424382393486
1421,5,544,2,2.0,1.0,1,0.06731193438914031
1421,6,560,2,2.0,1.0,1,0.0672305900621119
1421,7,548,2,2.0,1.0,1,0.06733997754070753
1421,8,554,2,2.0,1.0,1,0.07717352064040225
1421,9,554,2,2.0,1.0,1,0.07717352064040225
1421,10,508,2,2.0,1.0,1,0.012329643293898416
1421,11,530,2,2.0,1.0,2,0.019585198591924258
1421,12,407,2,2.0,1.0,4,-0.025514075824033065
1421,13,418,2,2.0,1.0,4,-0.012347906558441852
1421,14,374,2,2.0,1.0,4,-0.015144041993816476
1421,15,362,2,2.0,1.0,6,0.00979894149910438
1421,16,369,2,2.0,1.0,1,-0.012562951635172983
1421,17,334,2,2.0,1.0,4,-0.08653387588657624
1421,18,600,1,1.0,1.0,1,-0.75
1422,1,677,2,2.0,1.0,3,0.06714351465330903
1422,2,634,2,2.0,1.0,2,0.05306055859099774
1422,3,546,2,2.0,1.0,2,0.0341614518279271
1422,4,549,2,2.0,1.0,2,0.03217520942930733
1422,5,528,2,2.0,1.0,1,0.05270055985906124
1422,6,517,2,2.0,1.0,1,0.28302238805970176
1422,7,531,2,2.0,1.0,1,0.28444641550330263
1422,8,483,2,2.0,1.0,1,0.2861993070100497
1422,9,477,2,2.0,1.0,3,0.2658402830062337
1422,10,433,2,2.0,1.0,1,0.2672354282535496
1422,11,466,2,2.0,1.0,1,0.2890382830671073
1422,12,450,2,2.0,1.0,1,0.2908744944125894
1422,13,401,2,2.0,1.0,1,0.25546355786741953
1422,14,408,2,2.0,1.0,1,0.054903505031482475
1422,15,437,2,2.0,1.0,1,0.04993135011441688
1422,16,403,2,2.0,1.0,1,0.2676033206314151
1422,17,354,2,2.0,1.0,1,0.012381409739556764
1422,18,399,2,2.0,1.0,1,0.009173934821147419
1422,19,438,2,2.0,1.0,1,-0.06655794499514779
1422,20,446,2,2.0,1.0,1,-0.09473684210526302
1422,21,412,2,2.0,1.0,1,-0.11937955097087334
1423,1,652,2,2.0,1.0,3,0.051986257558248844
1423,2,597,2,2.0,1.0,2,0.03447500068759345
1423,3,561,2,2.0,1.0,2,0.03238796507513038
1423,4,566,2,2.0,1.0,1,0.06233189177785982
1423,5,508,2,2.0,1.0,1,0.05952380952380998
1423,6,510,2,2.0,1.0,3,0.2871252898832352
1423,7,492,2,2.0,1.0,1,0.28485909610688104
1423,8,489,2,2.0,1.0,1,0.284656110881613
1423,9,518,2,2.0,1.0,3,0.2924470220844534
1423,10,511,2,2.0,1.0,3,0.29340345727670525
1423,11,460,2,2.0,1.0,3,0.3029335502255349
1423,12,456,2,2.0,1.0,2,0.27031247053743607
1423,13,474,2,2.0,1.0,1,0.05013736263736232
1423,14,502,2,2.0,1.0,2,0.07312302956278714
1423,15,475,2,2.0,1.0,1,0.16017210785031397
1423,16,406,2,2.0,1.0,4,0.2522922165552445
1423,17,473,2,2.0,1.0,3,0.2735526715722731
1423,18,441,2,2.0,1.0,1,0.05776245980911338
1423,19,430,2,2.0,1.0,1,-0.007127563509772298
1423,20,349,2,2.0,1.0,2,-0.49878151138896126
1423,21,354,2,1.92090395480226,1.0,1,-0.519774011299435
1424,1,666,2,2.0,1.0,3,0.05726491466801531
1424,2,601,2,2.0,1.0,2,0.029799362682057958
1424,3,569,2,2.0,1.0,2,0.03445649039352311
1424,4,536,2,2.0,1.0,3,0.03442140549235666
1424,5,515,2,2.0,1.0,5,0.03298569648512538
1424,6,531,2,2.0,1.0,1,0.28960980000703196
1424,7,461,2,2.0,1.0,2,0.2720626123488805
1424,8,450,2,2.0,1.0,1,0.039130192355970504
1424,9,434,2,2.0,1.0,1,0.24223080822192253
1424,10,394,2,2.0,1.0,1,0.2370530946435012
1424,11,447,2,2.0,1.0,1,0.2354834363912034
1424,12,398,2,2.0,1.0,1,-0.4767936906756001
1424,13,398,2,2.0,1.0,3,0.21587867250795384
1424,14,619,1,1.0,1.0,1,-0.75
1424,15,1222,0,0.0,1.0,0,-1.0
1425,1,665,2,2.0,1.0,3,0.057341298809634574
1425,2,605,2,2.0,1.0,2,0.02976631953904658
1425,3,575,2,2.0,1.0,2,0.029970704818530678
1425,4,577,2,2.0,1.0,1,0.06232275090593981
1425,5,552,2,2.0,1.0,1,0.06231930855754671
1425,6,502,2,2.0,1.0,1,0.27155797101449064
1425,7,534,2,2.0,1.0,2,0.2848365121771834
1425,8,472,2,2.0,1.0,5,0.26437508261649334
1425,9,467,2,2.0,1.0,5,0.2527969570360873
1425,10,437,2,2.0,1.0,1,0.02821992382675342
1425,11,407,2,2.0,1.0,2,0.010904482722139255
1425,12,421,2,2.0,1.0,1,0.24855162111495913
1425,13,447,2,2.0,1.0,1,0.2644644390163843
1425,14,414,2,2.0,1.0,3,0.22983489383617467
1425,15,448,2,2.0,1.0,5,0.18971463208714678
1425,16,407,2,2.0,1.0,1,-0.004793658085746327
1425,17,411,2,2.0,1.0,1,-0.008781177413372053
1425,18,388,2,2.0,1.0,1,0.22501487391360228
1425,19,342,2,2.0,1.0,4,0.1990540420144854
1425,20,627,1,1.0,1.0,3,-0.75
1425,21,1188,0,0.0,1.0,0,-1.0
1426,1,687,2,2.0,1.0,3,0.06716477794162974
1426,2,638,2,2.0,1.0,2,0.05320299280850753
1426,3,579,2,2.0,1.0,1,0.05566917011217506
1426,4,527,2,2.0,1.0,1,0.059451219512194564
1426,5,546,2,2.0,1.0,2,0.28582484702083494
1426,6,465,2,2.0,1.0,3,0.2981280924961031
1426,7,467,2,2.0,1.0,4,0.29120738681153635
1426,8,444,2,2.0,1.0,5,0.033899808899808585
1426,9,444,2,2.0,1.0,1,0.2566506097404964
1426,10,478,2,2.0,1.0,4,0.26327449181342794
1426,11,459,2,2.0,1.0,4,0.2682185930537996
1426,12,397,2,2.0,1.0,4,0.2760954456120067
1426,13,385,2,2.0,1.0,3,0.2721782802252666
1426,14,392,2,2.0,1.0,3,0.32249202206173655
1426,15,334,2,2.0,1.0,4,0.09796389709885196
1426,16,387,2,2.0,1.0,2,0.06416166225445728
1426,17,378,2,2.0,1.0,4,0.07254643799949168
1426,18,382,2,2.0,1.0,5,0.2925330202579579
1426,19,414,2,2.0,1.0,6,0.09741055164446195
1426,20,369,2,2.0,1.0,3,0.05320586433543226
1426,21,327,2,1.981651376146789,1.0,3,0.014852071998102564
1426,22,352,2,2.0,1.0,1,0.0016506986159795802
1427,1,658,2,2.0,1.0,3,0.05730137038416398
1427,2,607,2,2.0,1.0,2,0.029774328271033147
1427,3,555,2,2.0,1.0,1,0.034248942690930824
1427,4,556,2,2.0,1.0,1,0.03231831146772732
1427,5,553,2,2.0,1.0,1,0.06731499513145091
1427,6,544,2,2.0,1.0,1,0.07709116171552276
1427,7,553,2,2.0,1.0,2,0.284206664134616
1427,8,470,2,2.0,1.0,2,0.25504524390695776
1427,9,357,2,2.0,1.0,1,0.020503505251238226
1427,10,331,2,2.0,1.0,1,-0.005847337889396704
1427,11,362,2,2.0,1.0,4,0.21090491246542087
1427,12,356,2,2.0,1.0,4,0.24065715656728076
1427,13,361,2,2.0,1.0,3,0.03309009640621457
1427,14,338,2,2.0,1.0,2,-0.5
1427,15,296,2,2.0,1.0,4,-0.0314523216403575
1427,16,497,1,1.0,1.0,1,-0.75
1427,17,1202,0,0.0,1.0,0,-1.0
1428,1,655,2,2.0,1.0,3,0.05765407688876953
1428,2,583,2,2.0,1.0,2,0.03554678808833968
1428,3,516,2,2.0,1.0,2,0.03475233703555342
1428,4,481,2,2.0,1.0,2,0.2741567251698075
1428,5,413,2,2.0,1.0,1,0.2724588173517545
1428,6,385,2,2.0,1.0,1,0.2445263921543068
1428,7,391,2,2.0,1.0,3,0.24661177234588524
1428,8,403,2,2.0,1.0,5,0.041330451906234016
1428,9,382,2,2.0,1.0,4,0.009527077573093257
1428,10,384,2,2.0,1.0,3,0.008941518791685704
1428,11,432,2,2.0,1.0,6,-0.0026361813650374565
1428,12,402,2,2.0,1.0,1,-0.02010594349680163
1428,13,419,2,2.0,1.0,2,-0.017064834235490482
1428,14,398,2,1.9974874371859297,1.0,5,-0.5006281407035176
1428,15,635,1,1.0,1.0,1,-0.75
1429,1,655,2,2.0,1.0,3,0.05766477458080553
1429,2,591,2,2.0,1.0,2,0.035557530167600875
1429,3,525,2,2.0,1.0,2,0.03488729941737481
1429,4,473,2,2.0,1.0,2,0.056746815985945866
1429,5,432,2,2.0,1.0,1,0.2698773084976077
1429,6,413,2,2.0,1.0,4,0.25329784050147175
1429,7,370,2,2.0,1.0,5,0.24531590150648844
1429,8,372,2,2.0,1.0,5,0.2424170859564361
1429,9,396,2,2.0,1.0,4,0.00255908247312689
1429,10,373,2,2.0,1.0,4,-0.010864110261556922
1429,11,361,2,2.0,1.0,4,-0.0155570432649986
1429,12,405,2,2.0,1.0,6,-0.01815196223117287
1429,13,348,2,2.0,1.0,1,-0.5
1429,14,626,1,1.0,1.0,1,-0.75
1430,1,658,2,2.0,1.0,3,0.057660996390059754
1430,2,588,2,2.0,1.0,2,0.03344469927043135
1430,3,526,2,2.0,1.0,2,0.03274347300688075
1430,4,489,2,2.0,1.0,1,0.2752710969880804
1430,5,424,2,2.0,1.0,4,0.26094500113365326
1430,6,371,2,2.0,1.0,3,0.26461445947851003
1430,7,395,2,2.0,1.0,3,0.2819044963290465
1430,8,385,2,2.0,1.0,4,0.2747668291636889
1430,9,362,2,2.0,1.0,4,0.11279770440167838
1430,10,366,2,2.0,1.0,4,0.3128876871266975
1430,11,363,2,2.0,1.0,4,0.3192993348434866
1430,12,353,2,2.0,1.0,6,0.3120952681691617
1430,13,328,2,2.0,1.0,6,0.3079204598471581
1430,14,370,2,2.0,1.0,5,0.23521225418388214
1430,15,389,2,2.0,1.0,6,0.027787112302577285
1430,16,357,2,2.0,1.0,4,-0.023330805171064346
1430,17,346,2,2.0,1.0,1,-0.02970479925400156
1430,18,398,2,1.9949748743718594,1.0,2,-0.5012562814070352
1430,19,602,1,1.0,1.0,1,-0.75
1431,1,657,2,2.0,1.0,3,0.05768945652126821
1431,2,591,2,2.0,1.0,2,0.03549238174346378
1431,3,519,2,2.0,1.0,2,0.03489485998232594
1431,4,484,2,2.0,1.0,1,0.2735055361576952
1431,5,439,2,2.0,1.0,1,0.25902900602598233
1431,6,381,2,2.0,1.0,1,0.25068364900151247
1431,7,392,2,2.0,1.0,1,0.25658250507910313
1431,8,373,2,2.0,1.0,4,0.050211452357826286
1431,9,378,2,2.0,1.0,4,0.309069988250387
1431,10,387,2,2.0,1.0,2,0.06262488271279845
1431,11,434,2,2.0,1.0,3,0.23293406597341867
1431,12,403,2,2.0,1.0,4,0.22438942679768198
1431,13,379,2,2.0,1.0,2,0.22737499475728196
1431,14,332,2,2.0,1.0,4,0.20772821851582068
1431,15,428,2,2.0,1.0,2,-0.021996455116150018
1431,16,362,2,2.0,1.0,5,-0.05744410951658387
1431,17,432,2,1.9444444444444444,1.0,1,-0.5138888888888888
1432,1,648,2,2.0,1.0,3,0.0574680830216689
1432,2,587,2,2.0,1.0,2,0.035523158690236215
1432,3,518,2,2.0,1.0,2,0.034894845045221175
1432,4,470,2,2.0,1.0,1,0.05678091273512126
1432,5,432,2,2.0,1.0,1,0.2785121967345197
1432,6,407,2,2.0,1.0,1,0.24910296012409416
1432,7,399,2,2.0,1.0,3,0.2409487605871017
1432,8,391,2,2.0,1.0,5,0.2303954713861587
1432,9,337,2,2.0,1.0,4,0.2307441526475112
1432,10,367,2,2.0,1.0,4,0.22684097677635773
1432,11,362,2,2.0,1.0,4,-0.0012549838946277064
1432,12,351,2,2.0,1.0,6,-0.007584416036554399
1432,13,332,2,2.0,1.0,6,-0.015061672402676335
1432,14,357,2,2.0,1.0,2,-0.035629992737835944
1432,15,606,1,1.0,1.0,1,-0.75
1433,1,656,2,2.0,1.0,3,0.05754495089277176
1433,2,597,2,2.0,1.0,2,0.03559812909377629
1433,3,531,2,2.0,1.0,2,0.034895034839281275
1433,4,486,2,2.0,1.0,1,0.053726780869590846
1433,5,420,2,2.0,1.0,1,0.26815242548354534
1433,6,383,2,2.0,1.0,1,0.27554023935057237
1433,7,383,2,2.0,1.0,5,0.24082214015885703
1433,8,371,2,2.0,1.0,4,0.25529500196391053
1433,9,335,2,2.0,1.0,4,0.23880727379308608
1433,10,330,2,2.0,1.0,4,0.033407221561204514
1433,11,327,2,2.0,1.0,4,0.23192849206829497
1433,12,327,2,2.0,1.0,4,0.22651903903596632
1433,13,319,2,2.0,1.0,4,-0.0004482168331042354
1433,14,319,2,2.0,1.0,1,-0.5
1433,15,475,1,1.0,1.0,1,-0.75
1433,16,1140,0,0.0,1.0,0,-1.0
1434,1,658,2,2.0,1.0,3,0.057663135721646795
1434,2,600,2,2.0,1.0,2,0.03554240368696881
1434,3,538,2,2.0,1.0,2,0.03474099912084896
1434,4,496,2,2.0,1.0,2,0.2755318063985942
1434,5,423,2,2.0,1.0,1,0.27354537079888047
1434,6,386,2,2.0,1.0,3,0.2810033765990284
1434,7,375,2,2.0,1.0,3,0.26299051703130477
1434,8,374,2,2.0,1.0,1,0.2651925283875183
1434,9,377,2,2.0,1.0,4,0.07216846861411765
1434,10,338,2,2.0,1.0,4,0.028997600665659727
1434,11,371,2,2.0,1.0,4,0.24099760701596634
1434,12,386,2,2.0,1.0,4,0.01628221432024482
1434,13,379,2,2.0,1.0,4,0.2175677826894888
1434,14,362,2,2.0,1.0,4,0.20646259014587934
1434,15,345,2,2.0,1.0,8,-0.031851617938906715
1434,16,375,2,2.0,1.0,1,-0.056688073394494665
1434,17,646,1,1.0,1.0,1,-0.75
1435,1,664,2,2.0,1.0,3,0.05768257860501883
1435,2,592,2,2.0,1.0,2,0.035543227296794114
1435,3,536,2,2.0,1.0,2,0.0347708908508241
1435,4,473,2,2.0,1.0,2,0.05683488445976826
1435,5,431,2,2.0,1.0,2,0.27516168973197686
1435,6,390,2,2.0,1.0,3,0.033964514121277184
1435,7,401,2,2.0,1.0,1,0.23792208690719993
1435,8,390,2,2.0,1.0,5,0.03621285572972749
1435,9,403,2,2.0,1.0,1,0.2138717653066161
1435,10,385,2,2.0,1.0,4,0.2253382461575115
1435,11,375,2,2.0,1.0,3,0.015408336790441278
1435,12,373,2,2.0,1.0,4,-0.48509249329758714
1435,13,360,2,2.0,1.0,7,-0.04857204557807312
1435,14,670,1,1.0,1.0,1,-0.75
1436,1,661,2,2.0,1.0,3,0.057547412462193866
1436,2,593,2,2.0,1.0,2,0.035577460351842546
1436,3,526,2,2.0,1.0,1,0.03489114572639709
1436,4,488,2,2.0,1.0,2,0.27524920728757724
1436,5,422,2,2.0,1.0,1,0.2564480735882902
1436,6,366,2,2.0,1.0,1,0.26499126407704127
1436,7,383,2,2.0,1.0,3,0.26272461641071077
1436,8,406,2,2.0,1.0,4,0.24900233524728563
1436,9,374,2,2.0,1.0,4,0.025700332586319426
1436,10,385,2,2.0,1.0,4,0.23700612785438258
1436,11,357,2,2.0,1.0,3,0.2316690243077824
1436,12,359,2,2.0,1.0,4,0.2201253191494304
1436,13,345,2,2.0,1.0,1,0.22547044606388364
1436,14,344,2,2.0,1.0,4,0.20916916210681036
1436,15,360,2,2.0,1.0,1,-0.024303881088037244
1436,16,328,2,2.0,1.0,5,-0.5
1436,17,581,1,1.0,1.0,1,-0.75
1437,1,668,2,2.0,1.0,3,0.05766286190122077
1437,2,595,2,2.0,1.0,2,0.035517648412536885
1437,3,533,2,2.0,1.0,2,0.03489506321662956
1437,4,495,2,2.0,1.0,1,0.2747476294094912
1437,5,430,2,2.0,1.0,1,0.2569506412517123
1437,6,377,2,2.0,1.0,4,0.2612222762090089
1437,7,378,2,2.0,1.0,5,0.25548450197236877
1437,8,360,2,2.0,1.0,5,0.09658599613267237
1437,9,380,2,2.0,1.0,5,0.0780963442561511
1437,10,370,2,2.0,1.0,2,0.0761169147568712
1437,11,370,2,2.0,1.0,3,0.2433518041449384
1437,12,274,2,2.0,1.0,1,0.23943473323274617
1437,13,348,2,2.0,1.0,5,0.21507290019968495
1437,14,343,2,2.0,1.0,4,0.18614393050537598
1437,15,321,2,2.0,1.0,3,0.2080200771169945
1437,16,286,2,1.9230769230769231,1.0,1,0.11943238047058023
1437,17,1087,0,0.0,1.0,0,-1.0
1438,1,657,2,2.0,1.0,3,0.05764292022469144
1438,2,581,2,2.0,1.0,2,0.03343148780525212
1438,3,528,2,2.0,1.0,2,0.03278573947981813
1438,4,483,2,2.0,1.0,2,0.275344677079181
1438,5,423,2,2.0,1.0,1,0.2606246341735527
1438,6,387,2,2.0,1.0,3,0.2702888270460574
1438,7,399,2,2.0,1.0,3,0.26258767288018686
1438,8,361,2,2.0,1.0,4,0.04366377620847372
1438,9,405,2,2.0,1.0,4,0.08177648205312554
1438,10,397,2,2.0,1.0,4,0.2976090755976552
1438,11,370,2,2.0,1.0,4,0.24778004339802517
1438,12,292,2,2.0,1.0,3,0.29822421291563095
1438,13,311,2,2.0,1.0,1,0.2864517870922374
1438,14,354,2,2.0,1.0,1,0.3176225583555928
1438,15,350,2,2.0,1.0,1,0.09883496708843316
1438,16,321,2,2.0,1.0,4,0.07996388384452527
1438,17,381,2,2.0,1.0,1,0.07535509681916075
1438,18,334,2,2.0,1.0,4,0.2844556286914706
1438,19,362,2,2.0,1.0,5,0.08639315169980655
1438,20,403,2,2.0,1.0,2,0.27983632162444316
1438,21,408,2,1.9681372549019607,1.0,4,-0.5079656862745098
1438,22,1281,0,0.0,1.0,0,-1.0
1439,1,654,2,2.0,1.0,3,0.05760399277085929
1439,2,590,2,2.0,1.0,2,0.03559918745647862
1439,3,529,2,2.0,1.0,1,0.03489121066974039
1439,4,484,2,2.0,1.0,1,0.27481897974435265
1439,5,424,2,2.0,1.0,4,0.2594799703853094
1439,6,387,2,2.0,1.0,1,0.26264504401544964
1439,7,430,2,2.0,1.0,2,0.26338352701136486
1439,8,363,2,2.0,1.0,5,0.04248898792199151
1439,9,379,2,2.0,1.0,3,0.02845808435988082
1439,10,394,2,2.0,1.0,4,0.02260880056561355
1439,11,378,2,2.0,1.0,7,0.22768380382059192
1439,12,420,2,2.0,1.0,2,-0.020463494977430108
1439,13,346,2,2.0,1.0,5,-0.026111241016245377
1439,14,390,2,2.0,1.0,1,-0.48209471603163184
1439,15,624,1,1.0,1.0,1,-0.75
1440,1,670,2,2.0,1.0,3,0.05766684738699713
1440,2,602,2,2.0,1.0,2,0.03555121445360492
1440,3,544,2,2.0,1.0,2,0.03488783372200581
1440,4,498,2,2.0,1.0,2,0.27527798392187713
1440,5,431,2,2.0,1.0,4,0.2569756677581492
1440,6,398,2,2.0,1.0,3,0.25965072857795857
1440,7,373,2,2.0,1.0,2,0.23605419820875484
1440,8,361,2,2.0,1.0,4,0.2289884298903366
1440,9,370,2,2.0,1.0,4,0.005425565097009579
1440,10,403,2,2.0,1.0,4,-0.008080547209146598
1440,11,374,2,2.0,1.0,4,-0.021847920867247784
1440,12,434,2,2.0,1.0,3,-0.49892733321848487
1440,13,686,1,1.0,1.0,1,-0.75
1441,1,656,2,2.0,1.0,3,0.05763495547786262
1441,2,596,2,2.0,1.0,2,0.03552917098301171
1441,3,539,2,2.0,1.0,2,0.03476704897904949
1441,4,493,2,2.0,1.0,1,0.27486657003622067
1441,5,441,2,2.0,1.0,1,0.26376452185390903
1441,6,408,2,2.0,1.0,3,0.26240228888369366
1441,7,403,2,2.0,1.0,2,0.2692680288081225
1441,8,365,2,2.0,1.0,5,0.25611224507741165
1441,9,395,2,2.0,1.0,6,0.05541165083176568
1441,10,357,2,2.0,1.0,1,0.08041266336077263
1441,11,384,2,2.0,1.0,4,0.06905195433495125
1441,12,432,2,2.0,1.0,4,0.29361621296995527
1441,13,375,2,2.0,1.0,2,0.3158294122499749
1441,14,388,2,2.0,1.0,2,0.3262145521628063
1441,15,366,2,2.0,1.0,2,0.09563090017449284
1441,16,376,2,2.0,1.0,4,0.3215236464637065
1441,17,360,2,2.0,1.0,6,0.10296055837452325
1441,18,380,2,2.0,1.0,2,0.08455142191491982
1441,19,379,2,2.0,1.0,2,0.10708541414564088
1441,20,388,2,2.0,1.0,2,0.08386125447981184
1441,21,401,2,2.0,1.0,5,0.09337545897198299
1441,22,380,2,2.0,1.0,4,0.31604418509123067
1441,23,412,2,2.0,1.0,4,0.3210233394215103
1441,24,411,2,2.0,1.0,4,0.2876446710958002
1441,25,386,2,2.0,1.0,1,0.09987518406569468
1441,26,376,2,2.0,1.0,2,0.06448488945815872
1441,27,350,2,2.0,1.0,2,0.06210985437723864
1441,28,350,2,2.0,1.0,4,0.28710503086875766
1441,29,292,2,2.0,1.0,4,0.2883182413629386
1441,30,332,2,2.0,1.0,3,0.08283178918500722
1441,31,312,2,2.0,1.0,4,0.039016304429657644
1441,32,305,2,2.0,1.0,2,0.007317038779429099
1442,1,656,2,2.0,1.0,3,0.05755504141920894
1442,2,581,2,2.0,1.0,2,0.03548155491088157
1442,3,523,2,2.0,1.0,1,0.03489108003800587
1442,4,484,2,2.0,1.0,1,0.2749347993022724
1442,5,412,2,2.0,1.0,4,0.2556986617958413
1442,6,400,2,2.0,1.0,4,0.24555364916085792
1442,7,357,2,2.0,1.0,3,0.2339781038240762
1442,8,340,2,2.0,1.0,4,0.20345283470538772
1442,9,342,2,2.0,1.0,4,0.03816685338596953
1442,10,374,2,2.0,1.0,4,0.007844135233756617
1442,11,396,2,2.0,1.0,4,-0.00016480946511854012
1442,12,423,2,2.0,1.0,2,-0.01300748571272004
1442,13,386,2,2.0,1.0,2,-0.02649048889856612
1442,14,357,2,2.0,1.0,1,-0.043030172965863075
1442,15,424,2,1.9952830188679245,1.0,7,-0.5011792452830188
1442,16,648,1,1.0,1.0,1,-0.75
1443,1,660,2,2.0,1.0,3,0.057546923132029956
1443,2,592,2,2.0,1.0,2,0.035501968218165994
1443,3,537,2,2.0,1.0,2,0.034782025933874645
1443,4,488,2,2.0,1.0,2,0.27546233464776737
1443,5,427,2,2.0,1.0,1,0.27289188241945694
1443,6,382,2,2.0,1.0,5,0.2775417076971048
1443,7,383,2,2.0,1.0,3,0.250818143462268
1443,8,382,2,2.0,1.0,1,0.04776855703301166
1443,9,372,2,2.0,1.0,4,0.031054578358992332
1443,10,376,2,2.0,1.0,4,-0.00289328891894164
1443,11,368,2,2.0,1.0,5,-0.01217156335362972
1443,12,374,2,2.0,1.0,6,-0.012774890966471235
1443,13,348,2,2.0,1.0,4,-0.02127045979861558
1443,14,331,2,2.0,1.0,1,-0.028172723900475743
1443,15,379,2,2.0,1.0,1,-0.5
1443,16,640,1,1.0,1.0,1,-0.75
1444,1,650,2,2.0,1.0,3,0.057541947020670815
1444,2,593,2,2.0,1.0,2,0.035562258693626975
1444,3,534,2,2.0,1.0,2,0.03474909860259723
1444,4,485,2,2.0,1.0,1,0.27500013797726885
1444,5,419,2,2.0,1.0,1,0.2735658373099942
1444,6,378,2,2.0,1.0,1,0.2809523134533974
1444,7,373,2,2.0,1.0,1,0.2558951794368604
1444,8,351,2,2.0,1.0,3,0.24908476575857585
1444,9,357,2,2.0,1.0,1,0.050985386427742876
1444,10,389,2,2.0,1.0,2,0.03268845495584284
1444,11,329,2,2.0,1.0,5,0.0212905567731049
1444,12,367,2,2.0,1.0,4,0.30194216116584943
1444,13,303,2,2.0,1.0,4,0.23120881116495967
1444,14,342,2,2.0,1.0,3,0.2143497993970662
1444,15,377,2,2.0,1.0,5,0.0017874597457798944
1444,16,338,2,2.0,1.0,4,-0.02425997257396991
1444,17,353,2,2.0,1.0,1,-0.4973359190913664
1444,18,642,1,1.0,1.0,1,-0.75
1445,1,655,2,2.0,1.0,3,0.05751415346063755
1445,2,588,2,2.0,1.0,2,0.03550462065615484
1445,3,531,2,2.0,1.0,2,0.03488747227596491
1445,4,488,2,2.0,1.0,2,0.2753279875589063
1445,5,423,2,2.0,1.0,1,0.26741260333260103
1445,6,377,2,2.0,1.0,1,0.27436655524934
1445,7,409,2,2.0,1.0,2,0.2620182125393273
1445,8,365,2,2.0,1.0,3,0.2536040556225425
1445,9,356,2,2.0,1.0,3,0.08558981381300555
1445,10,366,2,2.0,1.0,4,0.24464732753286314
1445,11,323,2,2.0,1.0,4,0.033354971485851856
1445,12,331,2,2.0,1.0,4,0.2215423709477279
1445,13,380,2,2.0,1.0,2,0.016499967195642447
1445,14,350,2,2.0,1.0,4,0.19584368605961525
1445,15,361,2,2.0,1.0,1,-0.05176727551914647
1445,16,416,2,1.9278846153846154,1.0,1,-0.5180288461538461
1445,17,604,1,1.0,1.0,1,-0.75
1446,1,661,2,2.0,1.0,3,0.057576411912605104
1446,2,583,2,2.0,1.0,2,0.03556546027682319
1446,3,535,2,2.0,1.0,2,0.034786184336873506
1446,4,485,2,2.0,1.0,2,0.2755050316692114
1446,5,408,2,2.0,1.0,1,0.2738026819289555
1446,6,355,2,2.0,1.0,1,0.06962741224815522
1446,7,386,2,2.0,1.0,3,0.26134014283501594
1446,8,392,2,2.0,1.0,3,0.26700252290466264
1446,9,363,2,2.0,1.0,4,0.2535498066125204
1446,10,351,2,2.0,1.0,1,0.24689198475182653
1446,11,395,2,2.0,1.0,2,0.23680372393380164
1446,12,367,2,2.0,1.0,4,0.2299764730059047
1446,13,400,2,2.0,1.0,2,-0.017713963963963984
1446,14,392,2,2.0,1.0,2,-0.03278587811271306
1446,15,646,1,1.0,1.0,1,-0.75
1447,1,658,2,2.0,1.0,3,0.05763815374555571
1447,2,576,2,2.0,1.0,2,0.03344973347099467
1447,3,526,2,2.0,1.0,2,0.03288297978787243
1447,4,480,2,2.0,1.0,1,0.04998842592592635
1447,5,432,2,2.0,1.0,4,0.2649348099717458
1447,6,410,2,2.0,1.0,3,0.05462608871293505
1447,7,401,2,2.0,1.0,1,0.2720445541085972
1447,8,404,2,2.0,1.0,8,0.24524453096024615
1447,9,363,2,2.0,1.0,4,0.02393736417293074
1447,10,331,2,2.0,1.0,4,0.21936993349158182
1447,11,309,2,2.0,1.0,5,0.016594495596901612
1447,12,311,2,2.0,1.0,4,0.19271842483077917
1447,13,353,2,2.0,1.0,2,-0.007294094047469867
1447,14,555,1,1.0,1.0,1,-0.75
1448,1,663,2,2.0,1.0,3,0.057558370684153363
1448,2,591,2,2.0,1.0,2,0.035536595415510436
1448,3,518,2,2.0,1.0,2,0.03475383977370765
1448,4,483,2,2.0,1.0,2,0.044662803806026656
1448,5,435,2,2.0,1.0,2,0.2617515490735397
1448,6,384,2,2.0,1.0,3,0.27342184764683863
1448,7,401,2,2.0,1.0,4,0.24623057579627797
1448,8,329,2,2.0,1.0,4,0.24522634286711487
1448,9,334,2,2.0,1.0,5,0.09017724709969792
1448,10,339,2,2.0,1.0,5,0.07390777576331962
1448,11,365,2,2.0,1.0,4,0.0830510013984956
1448,12,349,2,2.0,1.0,1,0.30087203882444574
1448,13,370,2,2.0,1.0,6,0.3201076723172964
1448,14,319,2,2.0,1.0,13,0.3084096783395599
1448,15,318,2,2.0,1.0,5,0.05522308943051531
1448,16,312,2,2.0,1.0,5,-0.018066982019374976
1448,17,368,2,1.951086956521739,1.0,5,-0.5122282608695652
1449,1,650,2,2.0,1.0,3,0.04743223453215231
1449,2,573,2,2.0,1.0,2,0.03344440727778754
1449,3,534,2,2.0,1.0,2,0.03286729308069088
1449,4,492,2,2.0,1.0,2,0.2752404161687122
1449,5,429,2,2.0,1.0,1,0.25757592770616805
1449,6,382,2,2.0,1.0,1,0.2655642372855046
1449,7,407,2,2.0,1.0,1,0.036997448288201715
1449,8,393,2,2.0,1.0,2,0.01248547119306621
1449,9,367,2,2.0,1.0,4,-0.0005025496478009703
1449,10,379,2,2.0,1.0,6,-0.003869856992424319
1449,11,352,2,2.0,1.0,1,-0.014300912743625443
1449,12,326,2,2.0,1.0,4,-0.025841300293365278
1449,13,385,2,2.0,1.0,2,-0.02155282625606457
1449,14,581,1,1.0,1.0,1,-0.75
1450,1,641,2,2.0,1.0,3,0.057537335772391056
1450,2,571,2,2.0,1.0,2,0.03550054957088218
1450,3,513,2,2.0,1.0,2,0.0348947694861824
1450,4,460,2,2.0,1.0,1,0.05670961982776673
1450,5,422,2,2.0,1.0,1,0.2665413089769412
1450,6,402,2,2.0,1.0,1,0.24552861910349202
1450,7,363,2,2.0,1.0,1,0.05071440361217212
1450,8,377,2,2.0,1.0,1,0.018436690985270645
1450,9,363,2,2.0,1.0,4,0.22442031220558753
1450,10,294,2,2.0,1.0,4,0.24451217830095334
1450,11,364,2,2.0,1.0,5,-0.005031812892662099
1450,12,408,2,2.0,1.0,1,0.0014380871634619358
1450,13,390,2,2.0,1.0,2,0.21119665532170107
1450,14,345,2,2.0,1.0,1,-0.041939751491386686
1450,15,369,2,1.9403794037940378,1.0,1,-0.5149051490514905
1451,1,670,2,2.0,1.0,3,0.057561630382367605
1451,2,600,2,2.0,1.0,2,0.035564663184478956
1451,3,537,2,2.0,1.0,2,0.0348004308199376
1451,4,497,2,2.0,1.0,2,0.27561686011746406
1451,5,435,2,2.0,1.0,1,0.2775905974779024
1451,6,387,2,2.0,1.0,1,0.27152724097309594
1451,7,398,2,2.0,1.0,2,0.2563776362156637
1451,8,363,2,2.0,1.0,5,0.2681324068109392
1451,9,377,2,2.0,1.0,5,0.03357176602462647
1451,10,398,2,2.0,1.0,4,0.004047645319613083
1451,11,382,2,2.0,1.0,4,0.22559934647565152
1451,12,371,2,2.0,1.0,4,0.21976437919184894
1451,13,363,2,2.0,1.0,4,0.2209794245481015
1451,14,376,2,2.0,1.0,1,-0.06633545114263201
1451,15,446,2,1.9349775784753362,1.0,1,-0.5162556053811659
1451,16,672,1,1.0,1.0,1,-0.75
1452,1,661,2,2.0,1.0,3,0.05767546581843147
1452,2,596,2,2.0,1.0,2,0.03552917098301171
1452,3,530,2,2.0,1.0,2,0.03478973872029466
1452,4,485,2,2.0,1.0,2,0.27549642230451626
1452,5,424,2,2.0,1.0,1,0.27374904064272226
1452,6,376,2,2.0,1.0,3,0.27204579055083017
1452,7,368,2,2.0,1.0,1,0.2529697302668514
1452,8,327,2,2.0,1.0,1,0.051322973543916676
1452,9,361,2,2.0,1.0,2,0.010112769903990236
1452,10,329,2,2.0,1.0,4,0.010036984569622917
1452,11,404,2,2.0,1.0,5,-0.0071632821994799326
1452,12,371,2,2.0,1.0,4,-0.014898200471100452
1452,13,370,2,2.0,1.0,4,-0.025848630784150978
1452,14,356,2,2.0,1.0,1,-0.5
1452,15,513,1,1.0,1.0,4,-0.75
1453,1,658,2,2.0,1.0,3,0.05754594000972496
1453,2,595,2,2.0,1.0,2,0.035548236868659364
1453,3,529,2,2.0,1.0,2,0.034728964542453916
1453,4,485,2,2.0,1.0,2,0.04719387755102034
1453,5,453,2,2.0,1.0,1,0.26518291182228876
1453,6,403,2,2.0,1.0,3,0.26330117142824816
1453,7,387,2,2.0,1.0,1,0.24604060271051345
1453,8,390,2,2.0,1.0,4,0.25883992739239997
1453,9,376,2,2.0,1.0,4,0.04564348843085221
1453,10,358,2,2.0,1.0,4,0.03243405967211902
1453,11,406,2,2.0,1.0,4,0.0073830740270944255
1453,12,383,2,2.0,1.0,6,0.2313392094157064
1453,13,348,2,2.0,1.0,3,0.2180405480845836
1453,14,339,2,2.0,1.0,1,0.19183895771687554
1453,15,330,2,2.0,1.0,4,0.01580661275058421
1453,16,490,1,1.0,1.0,1,-0.75
1453,17,1112,0,0.0,1.0,0,-1.0
1454,1,667,2,2.0,1.0,3,0.0576488542417285
1454,2,609,2,2.0,1.0,2,0.03556159791946122
1454,3,542,2,2.0,1.0,2,0.03479682370623182
1454,4,490,2,2.0,1.0,2,0.05679629175135925
1454,5,433,2,2.0,1.0,4,0.27290161629721055
1454,6,405,2,2.0,1.0,3,0.25485499165616077
1454,7,352,2,2.0,1.0,4,0.23966680116385444
1454,8,360,2,2.0,1.0,4,0.25177396944158187
1454,9,367,2,2.0,1.0,4,0.0368638264641086
1454,10,398,2,2.0,1.0,1,0.006496461355404128
1454,11,383,2,2.0,1.0,5,6.883895325668405e-05
1454,12,413,2,2.0,1.0,4,-0.003289280470956305
1454,13,385,2,2.0,1.0,3,-0.02052706183623293
1454,14,364,2,2.0,1.0,4,-0.026168969918969942
1454,15,425,2,2.0,1.0,1,-0.5
1454,16,659,1,1.0,1.0,1,-0.75
1455,1,657,2,2.0,1.0,3,0.057555521371950434
1455,2,594,2,2.0,1.0,2,0.035589597991788874
1455,3,530,2,2.0,1.0,2,0.03489502057029388
1455,4,483,2,2.0,1.0,1,0.04719387755102034
1455,5,444,2,2.0,1.0,1,0.26373108432456077
1455,6,384,2,2.0,1.0,1,0.05451138193655752
1455,7,390,2,2.0,1.0,1,0.2528485145901405
1455,8,357,2,2.0,1.0,1,0.23213002049156198
1455,9,341,2,2.0,1.0,5,0.23198337152766016
1455,10,363,2,2.0,1.0,4,0.23097145694099092
1455,11,365,2,2.0,1.0,4,0.013309649005852941
1455,12,391,2,2.0,1.0,6,0.013898063900642093
1455,13,366,2,2.0,1.0,1,-0.4986118455843469
1455,14,581,1,1.0,1.0,3,-0.75
1455,15,1250,0,0.0,1.0,0,-1.0
1456,1,664,2,2.0,1.0,3,0.057538902655539875
1456,2,589,2,2.0,1.0,2,0.0355517959854004
1456,3,529,2,2.0,1.0,1,0.03489121066974039
1456,4,483,2,2.0,1.0,1,0.27481934548488723
1456,5,416,2,2.0,1.0,4,0.2668939034380725
1456,6,368,2,2.0,1.0,3,0.24463775033603924
1456,7,388,2,2.0,1.0,3,0.2431141009686853
1456,8,368,2,2.0,1.0,5,0.04855971844309007
1456,9,362,2,2.0,1.0,5,0.019202019880216335
1456,10,385,2,2.0,1.0,1,0.009883820632352708
1456,11,400,2,2.0,1.0,1,-0.015779447671970974
1456,12,351,2,2.0,1.0,4,-0.02580465321291016
1456,13,361,2,2.0,1.0,2,-0.01680105579601109
1456,14,356,2,2.0,1.0,1,-0.5
1456,15,590,1,1.0,1.0,1,-0.75
1457,1,654,2,2.0,1.0,3,0.05765971581525661
1457,2,589,2,2.0,1.0,2,0.03556218233508401
1457,3,522,2,2.0,1.0,2,0.03489490445025855
1457,4,483,2,2.0,1.0,2,0.2754395929170908
1457,5,413,2,2.0,1.0,1,0.26731142759167703
1457,6,414,2,2.0,1.0,1,0.27718408463060823
1457,7,375,2,2.0,1.0,4,0.25490069085609024
1457,8,371,2,2.0,1.0,4,0.2592758152860742
1457,9,376,2,2.0,1.0,3,0.2787175932143993
1457,10,384,2,2.0,1.0,2,0.05883052006943156
1457,11,385,2,2.0,1.0,4,0.281937175184196
1457,12,337,2,2.0,1.0,1,0.23495433660494644
1457,13,335,2,2.0,1.0,1,0.07272575977266704
1457,14,309,2,2.0,1.0,1,0.0149594532274566
1457,15,310,2,1.9967741935483871,1.0,1,0.005451478383325699
1457,16,1192,0,0.0,1.0,0,-1.0
1458,1,657,2,2.0,1.0,3,0.057680577779512764
1458,2,587,2,2.0,1.0,2,0.033440271136760916
1458,3,532,2,2.0,1.0,2,0.032883112386228444
1458,4,470,2,2.0,1.0,1,0.059610566770997554
1458,5,441,2,2.0,1.0,4,0.27181364439022637
1458,6,391,2,2.0,1.0,1,0.04933382699953478
1458,7,422,2,2.0,1.0,2,0.020008522803822936
1458,8,380,2,2.0,1.0,4,0.23643408733262194
1458,9,350,2,2.0,1.0,4,0.2845579693047605
1458,10,348,2,2.0,1.0,4,0.2386035614329891
1458,11,351,2,2.0,1.0,2,0.22154198685848067
1458,12,346,2,2.0,1.0,3,0.016782577473220036
1458,13,376,2,2.0,1.0,2,-0.018215665913283014
1458,14,369,2,2.0,1.0,6,-0.03384864909255182
1458,15,397,2,2.0,1.0,3,-0.4953067819970534
1458,16,628,1,1.0,1.0,1,-0.75
1459,1,659,2,2.0,1.0,3,0.057656400989679786
1459,2,585,2,2.0,1.0,2,0.035554102185557566
1459,3,515,2,2.0,1.0,2,0.03488700236911803
1459,4,489,2,2.0,1.0,1,0.2621139580576621
1459,5,424,2,2.0,1.0,1,0.26248773591215324
1459,6,391,2,2.0,1.0,1,0.2715168918565047
1459,7,426,2,2.0,1.0,2,0.3191047988448894
1459,8,380,2,2.0,1.0,2,0.05431394985280606
1459,9,369,2,2.0,1.0,3,0.020422527825535414
1459,10,380,2,2.0,1.0,3,0.06895618331602822
1459,11,389,2,2.0,1.0,4,-0.008686523543643427
1459,12,351,2,2.0,1.0,6,0.2064155119753145
1459,13,304,2,2.0,1.0,9,0.19422783211167824
1459,14,341,2,2.0,1.0,1,0.13489639100522904
1459,15,313,2,2.0,1.0,1,-0.11753646994996678
1459,16,308,2,1.9090909090909092,1.0,1,-0.11288458756921996
1460,1,651,2,2.0,1.0,3,0.05768937949617469
1460,2,589,2,2.0,1.0,2,0.03552983887107671
1460,3,525,2,2.0,1.0,1,0.03476430678867168
1460,4,493,2,2.0,1.0,1,0.27477486532233714
1460,5,419,2,2.0,1.0,4,0.27037102460480156
1460,6,369,2,2.0,1.0,3,0.27755462732508673
1460,7,356,2,2.0,1.0,4,0.26919800585640397
1460,8,382,2,2.0,1.0,3,0.2921577118136584
1460,9,345,2,2.0,1.0,4,0.2867017374020444
1460,10,370,2,2.0,1.0,3,0.3458643891961616
1460,11,389,2,2.0,1.0,3,0.1694018654255254
1460,12,362,2,2.0,1.0,4,0.07879799855996694
1460,13,328,2,2.0,1.0,1,0.2523408958973066
1460,14,341,2,2.0,1.0,4,0.33218226041316773
1460,15,344,2,2.0,1.0,4,0.3446352968507233
1460,16,321,2,2.0,1.0,4,0.33240980659193625
1460,17,331,2,2.0,1.0,4,0.33784262705866175
1460,18,380,2,2.0,1.0,4,0.12034637906569014
1460,19,340,2,2.0,1.0,4,0.10012772397858431
1460,20,374,2,2.0,1.0,4,0.08786296841101175
1460,21,411,2,2.0,1.0,3,0.4027708680917043
1460,22,211,2,2.0,1.0,4,0.3409437002481857
1460,23,319,2,2.0,1.0,4,0.3439375005098669
1460,24,348,2,2.0,1.0,2,0.33536043461767173
1460,25,418,2,2.0,1.0,2,0.3259433834934034
1460,26,398,2,2.0,1.0,2,0.30836916162399175
1460,27,405,2,2.0,1.0,2,0.12069331801667087
1460,28,361,2,2.0,1.0,3,0.09773884345486296
1460,29,349,2,2.0,1.0,4,0.07593294271090219
1460,30,361,2,2.0,1.0,4,0.05875867448793755
1460,31,328,2,2.0,1.0,4,0.22662665534801232
1460,32,369,2,2.0,1.0,4,0.0025713544830476952
1460,33,336,2,2.0,1.0,1,-0.04415484830991032
1460,34,397,2,1.9168765743073048,1.0,1,-0.5207808564231738
1461,1,658,2,2.0,1.0,3,0.05769602048857411
1461,2,584,2,2.0,1.0,2,0.033453546070720944
1461,3,527,2,2.0,1.0,2,0.032883002097273246
1461,4,486,2,2.0,1.0,1,0.2763422455296805
1461,5,425,2,2.0,1.0,1,0.26631033069157795
1461,6,389,2,2.0,1.0,1,0.2661282305592212
1461,7,388,2,2.0,1.0,3,0.23051828340505204
1461,8,373,2,2.0,1.0,4,0.041998691295626216
1461,9,368,2,2.0,1.0,4,0.011691982144556167
1461,10,367,2,2.0,1.0,4,-0.002913001039648568
1461,11,404,2,2.0,1.0,5,0.22827121236029713
1461,12,379,2,2.0,1.0,2,0.2131258244749948
1461,13,333,2,2.0,1.0,4,-0.06262211951599453
1461,14,299,2,1.9130434782608696,1.0,4,-0.12106355542974948
1462,1,655,2,2.0,1.0,3,0.05764479593097469
1462,2,589,2,2.0,1.0,2,0.0354974954070694
1462,3,523,2,2.0,1.0,2,0.03489491915953645
1462,4,491,2,2.0,1.0,2,0.2625355864657836
1462,5,429,2,2.0,1.0,1,0.26249456858907266
1462,6,370,2,2.0,1.0,1,0.2677483091760675
1462,7,349,2,2.0,1.0,4,0.2585682212268138
1462,8,345,2,2.0,1.0,3,0.2404419692430805
1462,9,367,2,2.0,1.0,3,0.05472165680294043
1462,10,334,2,2.0,1.0,5,0.03074574147547614
1462,11,357,2,2.0,1.0,4,0.07787939410953731
1462,12,405,2,2.0,1.0,4,0.2416357639104975
1462,13,369,2,2.0,1.0,2,0.30114255440822035
1462,14,376,2,2.0,1.0,7,0.3029045300083308
1462,15,390,2,2.0,1.0,4,0.10357944929631008
1462,16,356,2,2.0,1.0,4,0.29053103358557913
1462,17,383,2,2.0,1.0,5,0.07030445088137069
1462,18,373,2,2.0,1.0,5,0.06293543460217571
1462,19,330,2,2.0,1.0,4,0.07715481151066703
1462,20,384,2,2.0,1.0,6,0.044106528664128425
1462,21,990,0,0.0,1.0,0,-1.0
1463,1,644,2,2.0,1.0,3,0.05755700311782679
1463,2,583,2,2.0,1.0,2,0.03552108801763877
1463,3,528,2,2.0,1.0,2,0.03476422505355887
1463,4,479,2,2.0,1.0,2,0.27441569172503827
1463,5,419,2,2.0,1.0,4,0.25236635779367994
1463,6,396,2,2.0,1.0,1,0.24351218840092168
1463,7,416,2,2.0,1.0,2,0.2412947724847757
1463,8,366,2,2.0,1.0,4,0.23207405744696946
1463,9,381,2,2.0,1.0,3,0.03218664640923979
1463,10,325,2,2.0,1.0,5,0.01070253017422822
1463,11,359,2,2.0,1.0,2,0.0011867050857001812
1463,12,406,2,2.0,1.0,2,-0.011191618426412494
1463,13,372,2,2.0,1.0,4,-0.015850417932616056
1463,14,339,2,2.0,1.0,1,-0.024371248828673357
1463,15,316,2,2.0,1.0,4,-0.034568606573659955
1463,16,389,2,1.9460154241645244,1.0,1,-0.5134961439588689
1463,17,581,1,1.0,1.0,1,-0.75
1464,1,664,2,2.0,1.0,3,0.05756644189049387
1464,2,590,2,2.0,1.0,2,0.03561692209154108
1464,3,513,2,2.0,1.0,2,0.03477940627954668
1464,4,491,2,2.0,1.0,2,0.26266189628784176
1464,5,430,2,2.0,1.0,1,0.25235089626484386
1464,6,422,2,2.0,1.0,3,0.2550878589516034
1464,7,405,2,2.0,1.0,2,0.2771812570620197
1464,8,388,2,2.0,1.0,3,0.2655305505679328
1464,9,384,2,2.0,1.0,3,0.3206141609932014
1464,10,397,2,2.0,1.0,3,0.05087751931982627
1464,11,312,2,2.0,1.0,4,0.2522627715381417
1464,12,364,2,2.0,1.0,4,0.12931729545939008
1464,13,345,2,2.0,1.0,1,0.22580368940116752
1464,14,378,2,2.0,1.0,3,0.2436196125354946
1464,15,342,2,2.0,1.0,2,0.2268675296310735
1464,16,290,2,2.0,1.0,2,0.10508877483850895
1464,17,300,2,2.0,1.0,2,0.2036121464060611
1464,18,302,2,2.0,1.0,4,0.163137201106495
1464,19,316,2,1.9493670886075949,1.0,1,-0.4526671560516939
1464,20,1114,0,0.0,1.0,0,-1.0
1465,1,654,2,2.0,1.0,3,0.05756179466603087
1465,2,593,2,2.0,1.0,2,0.03551313741652468
1465,3,536,2,2.0,1.0,2,0.03479103913399294
1465,4,489,2,2.0,1.0,2,0.27925837504327367
1465,5,405,2,2.0,1.0,1,0.2729750928048219
1465,6,395,2,2.0,1.0,1,0.24891158118342507
1465,7,373,2,2.0,1.0,7,0.24011322071581173
1465,8,368,2,2.0,1.0,4,0.23773916121821587
1465,9,344,2,2.0,1.0,3,0.23063587091977372
1465,10,380,2,2.0,1.0,5,0.006044649411095588
1465,11,436,2,2.0,1.0,2,-0.0007503723661309812
1465,12,390,2,2.0,1.0,4,-0.013541824192626884
1465,13,357,2,2.0,1.0,2,-0.08465695316522817
1465,14,414,2,1.9444444444444444,1.0,2,-0.5138888888888888
1465,15,652,1,1.0,1.0,1,-0.75
1466,1,655,2,2.0,1.0,3,0.05757590878193486
1466,2,589,2,2.0,1.0,2,0.03552272400525143
1466,3,526,2,2.0,1.0,1,0.03489114572639709
1466,4,481,2,2.0,1.0,1,0.27405389015390824
1466,5,428,2,2.0,1.0,4,0.24953040611290703
1466,6,376,2,2.0,1.0,1,0.256068128583957
1466,7,379,2,2.0,1.0,2,0.24688096982047528
1466,8,363,2,2.0,1.0,1,0.056935078998319004
1466,9,388,2,2.0,1.0,5,0.10638917337320994
1466,10,379,2,2.0,1.0,2,0.08534466663311606
1466,11,364,2,2.0,1.0,4,0.2209171337672005
1466,12,347,2,2.0,1.0,4,0.01175785062539329
1466,13,347,2,2.0,1.0,6,0.20392450173938526
1466,14,333,2,2.0,1.0,2,-0.0197135241948072
1466,15,346,2,2.0,1.0,7,0.1221698313564406
1466,16,342,2,1.9385964912280702,1.0,1,-0.5153508771929824
1467,1,660,2,2.0,1.0,3,0.057676783929174136
1467,2,603,2,2.0,1.0,2,0.035548965597227755
1467,3,541,2,2.0,1.0,2,0.03474020196536385
1467,4,476,2,2.0,1.0,1,0.05679170218812106
1467,5,426,2,2.0,1.0,1,0.2774797626586846
1467,6,388,2,2.0,1.0,3,0.05250007625717294
1467,7,365,2,2.0,1.0,3,0.25890798868269765
1467,8,324,2,2.0,1.0,5,0.010971189081771299
1467,9,387,2,2.0,1.0,2,0.008115271051012883
1467,10,372,2,2.0,1.0,1,-0.009286473176303173
1467,11,355,2,2.0,1.0,5,-0.02716774342226599
1467,12,345,2,2.0,1.0,6,-0.006492606558813376
1467,13,434,2,2.0,1.0,2,-0.5
1467,14,640,1,1.0,1.0,1,-0.75
1468,1,650,2,2.0,1.0,3,0.057595368854943714
1468,2,585,2,2.0,1.0,2,0.03559416084457885
1468,3,531,2,2.0,1.0,2,0.03488747227596491
1468,4,478,2,2.0,1.0,2,0.05678147676510366
1468,5,427,2,2.0,1.0,2,0.26927124454333873
1468,6,420,2,2.0,1.0,2,0.2508809934202343
1468,7,383,2,2.0,1.0,3,0.2510573711953456
1468,8,375,2,2.0,1.0,5,0.2597637908135744
1468,9,372,2,2.0,1.0,4,0.04610806503296729
1468,10,341,2,2.0,1.0,1,0.20165020253702012
1468,11,394,2,2.0,1.0,2,0.023636845679227962
1468,12,360,2,2.0,1.0,5,-0.013143291565826843
1468,13,348,2,2.0,1.0,1,-0.03247452978056444
1468,14,370,2,1.972972972972973,1.0,1,-0.5067567567567568
1468,15,643,1,1.0,1.0,1,-0.75
1469,1,651,2,2.0,1.0,3,0.05769414575866229
1469,2,593,2,2.0,1.0,2,0.03557523411968867
1469,3,535,2,2.0,1.0,1,0.03489133837141731
1469,4,483,2,2.0,1.0,1,0.27380065751385957
1469,5,427,2,2.0,1.0,4,0.2495303260406216
1469,6,388,2,2.0,1.0,3,0.25069586018035983
1469,7,355,2,2.0,1.0,5,0.23698071825410927
1469,8,362,2,2.0,1.0,6,0.043504468309771595
1469,9,392,2,2.0,1.0,4,0.07020835391624257
1469,10,346,2,2.0,1.0,4,0.008948114426275007
1469,11,346,2,2.0,1.0,1,0.21882122716845204
1469,12,355,2,2.0,1.0,1,0.20731436560686303
1469,13,338,2,2.0,1.0,4,-0.021254276679470878
1469,14,308,2,2.0,1.0,1,0.13718652178176075
1469,15,376,2,2.0,1.0,1,-0.0703567245754434
1470,1,651,2,2.0,1.0,3,0.05754245151122336
1470,2,587,2,2.0,1.0,2,0.035549189528152725
1470,3,520,2,2.0,1.0,2,0.034768638198483214
1470,4,489,2,2.0,1.0,2,0.262691415368106
1470,5,427,2,2.0,1.0,1,0.2622910254722689
1470,6,383,2,2.0,1.0,3,0.2705410327804576
1470,7,376,2,2.0,1.0,1,0.2556478296259466
1470,8,408,2,2.0,1.0,2,0.1133426763518963
1470,9,390,2,2.0,1.0,1,0.09145567502208089
1470,10,305,2,2.0,1.0,4,0.2892298857261852
1470,11,380,2,2.0,1.0,2,0.30474285589570616
1470,12,363,2,2.0,1.0,4,0.30674789866509916
1470,13,345,2,2.0,1.0,1,0.2981054447077026
1470,14,360,2,2.0,1.0,5,0.306257490346099
1470,15,402,2,2.0,1.0,2,0.3272541531473968
1470,16,372,2,2.0,1.0,1,0.11214083524296395
1470,17,420,2,2.0,1.0,1,0.09273269520395093
1470,18,376,2,2.0,1.0,4,0.07873718075585186
1470,19,370,2,2.0,1.0,4,0.30814153049117166
1470,20,385,2,2.0,1.0,5,0.24653651880749133
1470,21,284,2,2.0,1.0,4,0.30185034504016517
1470,22,313,2,2.0,1.0,4,0.08275640765363942
1470,23,311,2,2.0,1.0,5,0.2647702237843177
1470,24,330,2,2.0,1.0,3,0.08427442334528051
1470,25,337,2,2.0,1.0,4,0.03786497727957797
1470,26,357,2,2.0,1.0,4,-0.015334249189699507
1470,27,413,2,2.0,1.0,4,-0.001045825870527924
1470,28,449,2,2.0,1.0,4,-0.016999927603078113
1470,29,401,2,2.0,1.0,4,-0.00701200970574091
1471,1,667,2,2.0,1.0,3,0.05756489367609387
1471,2,594,2,2.0,1.0,2,0.03555283092029533
1471,3,541,2,2.0,1.0,1,0.034759280675435385
1471,4,477,2,2.0,1.0,1,0.26729266057000467
1471,5,416,2,2.0,1.0,4,0.2727041673723272
1471,6,393,2,2.0,1.0,1,0.26932787515325657
1471,7,390,2,2.0,1.0,5,0.0317814351350195
1471,8,375,2,2.0,1.0,2,0.15502535161092101
1471,9,379,2,2.0,1.0,3,0.30364661815888744
1471,10,365,2,2.0,1.0,4,0.30298985668157186
1471,11,320,2,2.0,1.0,3,0.3053507263206502
1471,12,320,2,2.0,1.0,5,0.3162322100262243
1471,13,296,2,2.0,1.0,6,0.3146553733890552
1471,14,367,2,2.0,1.0,6,0.3095136636910604
1471,15,385,2,2.0,1.0,7,0.06401650475937418
1471,16,387,2,2.0,1.0,1,0.0800010193167449
1471,17,368,2,2.0,1.0,4,0.06072741222653437
1471,18,383,2,2.0,1.0,4,0.07939364166305589
1471,19,370,2,2.0,1.0,4,0.08810791888260684
1471,20,335,2,2.0,1.0,1,0.2612805120100811
1471,21,314,2,2.0,1.0,1,0.018419738633817843
1471,22,300,2,2.0,1.0,2,-0.019778003892132287
1471,23,397,2,2.0,1.0,1,-0.5
1471,24,663,1,1.0,1.0,1,-0.75
1472,1,667,2,2.0,1.0,3,0.047424037572048286
1472,2,590,2,2.0,1.0,2,0.029179510219771103
1472,3,541,2,2.0,1.0,2,0.03269545777479868
1472,4,492,2,2.0,1.0,2,0.2770169628779685
1472,5,419,2,2.0,1.0,1,0.27245915661966863
1472,6,377,2,2.0,1.0,3,0.2811671389753115
1472,7,372,2,2.0,1.0,4,0.2731215481491995
1472,8,398,2,2.0,1.0,4,0.3193544118584549
1472,9,393,2,2.0,1.0,2,0.03995472802894342
1472,10,404,2,2.0,1.0,2,0.03467836690401095
1472,11,441,2,2.0,1.0,2,0.2336136297949134
1472,12,395,2,2.0,1.0,5,0.22688911072359627
1472,13,369,2,2.0,1.0,2,0.2040297593517797
1472,14,353,2,2.0,1.0,5,0.009034095216053901
1472,15,381,2,2.0,1.0,2,-0.05411244219172133
1472,16,428,2,1.9742990654205608,1.0,1,-0.5064252336448598
1472,17,681,1,1.0,1.0,1,-0.75
1473,1,658,2,2.0,1.0,3,0.05757373036232292
1473,2,596,2,2.0,1.0,2,0.03549482660709153
1473,3,529,2,2.0,1.0,2,0.034783132287049226
1473,4,487,2,2.0,1.0,2,0.2756498772784101
1473,5,418,2,2.0,1.0,1,0.27370227853360857
1473,6,389,2,2.0,1.0,1,0.2668239471586364
1473,7,410,2,2.0,1.0,2,0.25759922085995224
1473,8,372,2,2.0,1.0,4,0.01672659624018466
1473,9,408,2,2.0,1.0,4,-0.0029279064801783863
1473,10,398,2,2.0,1.0,4,-0.0082661462661078
1473,11,418,2,2.0,1.0,4,-0.018855545702136482
1473,12,367,2,2.0,1.0,3,0.20810104446315686
1473,13,431,2,1.9976798143851509,1.0,1,-0.5005800464037123
1473,14,644,1,1.0,1.0,1,-0.75
1474,1,671,2,2.0,1.0,3,0.05756209050157477
1474,2,593,2,2.0,1.0,2,0.03556359069302153
1474,3,529,2,2.0,1.0,2,0.03488741509212131
1474,4,482,2,2.0,1.0,2,0.04719387755102034
1474,5,449,2,2.0,1.0,4,0.2637145956501378
1474,6,410,2,2.0,1.0,3,0.24107792682450707
1474,7,359,2,2.0,1.0,1,0.041430438242785146
1474,8,370,2,2.0,1.0,3,0.012196770946611776
1474,9,451,2,2.0,1.0,2,-0.004393179049419993
1474,10,386,2,2.0,1.0,4,-0.0064732172335920735
1474,11,415,2,2.0,1.0,2,-0.0016526372249263792
1474,12,382,2,2.0,1.0,1,-0.09525865520201811
1474,13,417,2,2.0,1.0,2,-0.49886833652344176
1474,14,677,1,1.0,1.0,1,-0.75
1475,1,663,2,2.0,1.0,3,0.057674682567176845
1475,2,586,2,2.0,1.0,2,0.03344949400585785
1475,3,526,2,2.0,1.0,2,0.03277137436307909
1475,4,485,2,2.0,1.0,1,0.04999427262313904
1475,5,445,2,2.0,1.0,4,0.2654456679118399
1475,6,390,2,2.0,1.0,3,0.238174989116472
1475,7,381,2,2.0,1.0,1,0.03545476338118483
1475,8,396,2,2.0,1.0,4,0.2404275415101928
1475,9,355,2,2.0,1.0,4,0.22926907551242823
1475,10,347,2,2.0,1.0,5,0.025297599233510503
1475,11,320,2,2.0,1.0,3,0.025431317458250523
1475,12,328,2,2.0,1.0,3,-0.012301448672924941
1475,13,344,2,2.0,1.0,1,-0.013107278486835667
1475,14,334,2,2.0,1.0,3,-0.06975194692575593
1475,15,415,2,1.9903614457831325,1.0,2,-0.5024096385542168
1475,16,634,1,1.0,1.0,1,-0.75
1476,1,655,2,2.0,1.0,3,0.05756860141584886
1476,2,581,2,2.0,1.0,2,0.03554058664123973
1476,3,523,2,2.0,1.0,2,0.03489491915953645
1476,4,485,2,2.0,1.0,2,0.2623359995260116
1476,5,426,2,2.0,1.0,1,0.26203053178505453
1476,6,374,2,2.0,1.0,1,0.25264010297648115
1476,7,416,2,2.0,1.0,1,0.26240501805441
1476,8,390,2,2.0,1.0,5,0.04520693594493031
1476,9,367,2,2.0,1.0,4,0.017542403989710437
1476,10,410,2,2.0,1.0,2,0.006315334231515969
1476,11,420,2,2.0,1.0,2,-9.93979971301415e-05
1476,12,381,2,2.0,1.0,4,-0.013981376285428932
1476,13,350,2,2.0,1.0,1,-0.027496769510523728
1476,14,352,2,2.0,1.0,2,-0.02923632405150757
1476,15,606,1,1.0,1.0,1,-0.75
1477,1,663,2,2.0,1.0,3,0.05764788837371599
1477,2,598,2,2.0,1.0,2,0.03552226954348822
1477,3,531,2,2.0,1.0,2,0.034774294534031185
1477,4,470,2,2.0,1.0,2,0.05675707415644772
1477,5,435,2,2.0,1.0,2,0.27851827207206176
1477,6,401,2,2.0,1.0,3,0.25638776014515113
1477,7,417,2,2.0,1.0,5,0.2333722660525516
1477,8,370,2,2.0,1.0,1,0.23137163301264074
1477,9,446,2,2.0,1.0,7,0.2278790716018156
1477,10,374,2,2.0,1.0,4,0.01884263533282363
1477,11,345,2,2.0,1.0,3,0.22347721400357826
1477,12,315,2,2.0,1.0,4,-0.052363396128639564
1477,13,309,2,2.0,1.0,4,-0.07368056351382854
1477,14,357,2,2.0,1.0,6,-0.5
1477,15,383,2,1.9947780678851175,1.0,2,-0.08711599981182168
1478,1,657,2,2.0,1.0,3,0.06222576029459348
1478,2,624,2,2.0,1.0,2,0.05304047743502459
1478,3,564,2,2.0,1.0,1,0.05566883372734414
1478,4,523,2,2.0,1.0,1,0.059451219512194564
1478,5,534,2,2.0,1.0,1,0.2853466877220559
1478,6,463,2,2.0,1.0,3,0.05767215585018503
1478,7,457,2,2.0,1.0,1,0.057367895245323756
1478,8,454,2,2.0,1.0,1,0.056964876159228676
1478,9,465,2,2.0,1.0,1,0.03073802850063852
1478,10,411,2,2.0,1.0,1,0.023183736851743957
1478,11,362,2,2.0,1.0,1,0.017046135063295224
1478,12,302,2,2.0,1.0,1,0.2568294698062882
1478,13,339,2,2.0,1.0,4,0.2509545308618869
1478,14,312,2,2.0,1.0,5,0.25371384412571996
1478,15,318,2,2.0,1.0,5,0.26268954223564595
1478,16,318,2,2.0,1.0,5,0.2972847713566657
1478,17,398,2,2.0,1.0,2,0.07335564751205985
1478,18,379,2,1.9419525065963061,1.0,1,-0.06422038793410842
1479,1,668,2,2.0,1.0,3,0.05274721919549314
1479,2,621,2,2.0,1.0,1,0.02977544686481861
1479,3,588,2,2.0,1.0,4,0.05063645922810314
1479,4,572,2,2.0,1.0,4,0.06244040050858233
1479,5,571,2,2.0,1.0,3,0.06735508340763605
1479,6,508,2,2.0,1.0,1,0.2830223880597019
1479,7,502,2,2.0,1.0,2,0.2879811319804243
1479,8,450,2,2.0,1.0,2,0.28971825876302765
1479,9,479,2,2.0,1.0,4,0.3151889346250576
1479,10,511,2,2.0,1.0,4,0.3117525266648458
1479,11,494,2,2.0,1.0,1,0.30968980503393434
1479,12,471,2,2.0,1.0,1,0.3117501159399975
1479,13,495,2,2.0,1.0,1,0.3116871771477036
1479,14,481,2,2.0,1.0,1,0.3148639639458259
1479,15,509,2,2.0,1.0,1,0.3207173262232209
1479,16,449,2,2.0,1.0,1,0.0844704550100604
1479,17,429,2,2.0,1.0,1,0.062204401048031814
1479,18,362,2,2.0,1.0,1,0.05489787230680362
1479,19,266,2,2.0,1.0,3,0.2849011650110503
1479,20,349,2,2.0,1.0,4,0.3189917434526613
1479,21,338,2,2.0,1.0,3,0.3381732808026191
1479,22,363,2,2.0,1.0,2,0.3312631831126646
1479,23,382,2,2.0,1.0,4,0.3158816116427752
1479,24,337,2,2.0,1.0,2,0.10356380904391922
1479,25,364,2,2.0,1.0,4,0.09340031562578262
1479,26,331,2,2.0,1.0,4,0.09400485257028719
1479,27,324,2,2.0,1.0,4,0.324197406839878
1479,28,323,2,2.0,1.0,4,0.29603365081582594
1479,29,289,2,2.0,1.0,4,0.32744979457635537
1479,30,317,2,2.0,1.0,1,0.31212919603070255
1479,31,344,2,1.941860465116279,1.0,8,0.14094706284545036
1479,32,1069,0,0.0,1.0,0,-1.0
1480,1,675,2,2.0,1.0,3,0.0434066516552044
1480,2,646,2,2.0,1.0,3,0.04642337290188948
1480,3,575,2,2.0,1.0,1,0.04498726157129554
1480,4,527,2,2.0,1.0,3,0.033014402824265765
1480,5,543,2,2.0,1.0,1,0.016933619968010672
1480,6,494,2,2.0,1.0,1,0.026119045789653936
1480,7,502,2,2.0,1.0,1,0.04887413545690903
1480,8,492,2,2.0,1.0,1,0.017623328360074807
1480,9,485,2,2.0,1.0,1,0.015387843593180791
1480,10,526,2,2.0,1.0,1,0.01833649663190377
1480,11,501,2,2.0,1.0,1,0.00917369805842859
1480,12,459,2,2.0,1.0,1,-0.02269473913641147
1480,13,458,2,2.0,1.0,1,0.00048593379796280333
1480,14,459,2,2.0,1.0,1,-0.06843582914566902
1480,15,406,2,2.0,1.0,1,-0.07474747474747523
1480,16,398,2,2.0,1.0,1,-0.12137412233685725
1480,17,375,2,1.92,1.0,1,-0.17752852233676944
1481,1,689,2,2.0,1.0,3,0.05100219056906614
1481,2,622,2,2.0,1.0,2,0.05712918663894075
1481,3,578,2,2.0,1.0,1,0.045814454674603725
1481,4,541,2,2.0,1.0,1,0.028409090909091262
1481,5,546,2,2.0,1.0,1,0.058326566700950655
1481,6,493,2,2.0,1.0,3,0.06629259059280115
1481,7,438,2,2.0,1.0,3,0.2683917586742969
1481,8,426,2,2.0,1.0,2,0.2714352513118899
1481,9,410,2,2.0,1.0,3,0.2544856713508389
1481,10,438,2,2.0,1.0,1,0.0611799759524929
1481,11,473,2,2.0,1.0,1,0.028153688501257778
1481,12,408,2,2.0,1.0,4,0.2320817527254447
1481,13,439,2,2.0,1.0,1,0.0030631052854716116
1481,14,426,2,2.0,1.0,2,-0.010187828457881425
1481,15,376,2,2.0,1.0,5,-0.4600671176076392
1481,16,405,2,1.982716049382716,1.0,5,-0.504320987654321
1481,17,1121,0,0.0,1.0,0,-1.0
1482,1,652,2,2.0,1.0,3,0.06210627189530075
1482,2,634,2,2.0,1.0,2,0.05310956630376496
1482,3,545,2,2.0,1.0,1,0.034454465498899245
1482,4,541,2,2.0,1.0,1,0.032170471241635294
1482,5,561,2,2.0,1.0,1,0.05376913391619217
1482,6,505,2,2.0,1.0,1,0.05326197644394933
1482,7,480,2,2.0,1.0,1,0.03551166960794151
1482,8,477,2,2.0,1.0,1,0.018945044292194037
1482,9,547,2,2.0,1.0,1,0.03029689688739065
1482,10,450,2,2.0,1.0,1,-0.0013888888888888846
1482,11,411,2,2.0,1.0,6,0.1694947741791328
1482,12,438,2,2.0,1.0,1,0.00975919443695758
1482,13,407,2,2.0,1.0,2,0.004834524944204221
1482,14,347,2,2.0,1.0,7,-0.018391548039871135
1482,15,376,2,2.0,1.0,5,-0.5
1482,16,547,1,1.0,1.0,1,-0.75
1483,1,675,2,2.0,1.0,3,0.050990765744954224
1483,2,614,2,2.0,1.0,2,0.06207155998483362
1483,3,564,2,2.0,1.0,1,0.05318076629970996
1483,4,518,2,2.0,1.0,1,0.0592985381364142
1483,5,518,2,2.0,1.0,1,0.2854351583128459
1483,6,478,2,2.0,1.0,3,0.2939289865556359
1483,7,446,2,2.0,1.0,1,0.2803056373983343
1483,8,418,2,2.0,1.0,1,0.2594683154997483
1483,9,468,2,2.0,1.0,1,0.26026806996009966
1483,10,424,2,2.0,1.0,4,0.26645159015227504
1483,11,437,2,2.0,1.0,5,0.27577127939508117
1483,12,461,2,2.0,1.0,3,0.27114550560744355
1483,13,435,2,2.0,1.0,1,0.273244329902812
1483,14,428,2,2.0,1.0,1,0.03729305921603961
1483,15,432,2,2.0,1.0,2,0.2517658989247799
1483,16,387,2,2.0,1.0,1,0.00814194791572174
1483,17,388,2,2.0,1.0,1,0.021461494330905554
1483,18,424,2,2.0,1.0,1,0.014653674683506
1483,19,398,2,2.0,1.0,1,0.23010258265405842
1483,20,361,2,2.0,1.0,4,0.22731768086208912
1483,21,380,2,2.0,1.0,3,0.22756250021172936
1483,22,363,2,2.0,1.0,5,0.17328634678622432
1483,23,561,1,1.0,1.0,3,-0.75
1483,24,1141,0,0.0,1.0,0,-1.0
1484,1,650,2,2.0,1.0,3,0.062119792010135705
1484,2,615,2,2.0,1.0,2,0.0504693382853825
1484,3,572,2,2.0,1.0,2,0.05321859744029534
1484,4,520,2,2.0,1.0,1,0.059451219512194564
1484,5,557,2,2.0,1.0,1,0.2993993686015405
1484,6,550,2,2.0,1.0,1,0.07178233505624808
1484,7,552,2,2.0,1.0,1,0.07181698657360282
1484,8,527,2,2.0,1.0,1,0.28647336046377714
1484,9,531,2,2.0,1.0,1,0.07169653710736973
1484,10,541,2,2.0,1.0,1,0.28992942719318493
1484,11,501,2,2.0,1.0,2,0.2755131915340288
1484,12,442,2,2.0,1.0,1,0.047653834636882456
1484,13,441,2,2.0,1.0,1,0.03725822984159498
1484,14,440,2,2.0,1.0,4,0.03864666426728313
1484,15,420,2,2.0,1.0,1,0.035885830804046344
1484,16,439,2,2.0,1.0,1,0.002865986379066722
1484,17,400,2,2.0,1.0,5,0.23387570812493572
1484,18,373,2,2.0,1.0,1,0.22834495789561737
1484,19,346,2,2.0,1.0,3,0.22169537129588598
1484,20,367,2,2.0,1.0,1,-0.4773672190344553
1484,21,481,1,1.0,1.0,2,-0.75
1485,1,674,2,2.0,1.0,3,0.043282879231932685
1485,2,649,2,2.0,1.0,3,0.04641817180588538
1485,3,575,2,2.0,1.0,1,0.04528999135886276
1485,4,542,2,2.0,1.0,3,0.057706760988621354
1485,5,558,2,2.0,1.0,2,0.2781591761096231
1485,6,506,2,2.0,1.0,2,0.28778313170030984
1485,7,474,2,2.0,1.0,1,0.2805450718084146
1485,8,478,2,2.0,1.0,4,0.2707283122447159
1485,9,481,2,2.0,1.0,4,0.25351976062409926
1485,10,501,2,2.0,1.0,4,0.009277195682931956
1485,11,494,2,2.0,1.0,1,0.0012435070534899137
1485,12,439,2,2.0,1.0,4,0.22787524585130572
1485,13,438,2,2.0,1.0,3,0.23186963147695125
1485,14,397,2,2.0,1.0,4,0.22527906490607516
1485,15,348,2,2.0,1.0,5,-0.0056074797147064245
1485,16,365,2,2.0,1.0,3,0.2250042038751688
1485,17,364,2,2.0,1.0,3,0.019327121344860396
1485,18,339,2,2.0,1.0,4,-0.05292936242366404
1485,19,363,2,1.9586776859504131,1.0,2,-0.5103305785123967
1485,20,497,1,1.0,1.0,1,-0.75
1486,1,656,2,2.0,1.0,3,0.05276164351994691
1486,2,588,2,2.0,1.0,1,0.02976456510665253
1486,3,553,2,2.0,1.0,2,0.033062851147363306
1486,4,568,2,2.0,1.0,2,0.05771788292904143
1486,5,545,2,2.0,1.0,1,0.07186733060175478
1486,6,556,2,2.0,1.0,1,0.062294729433844225
1486,7,561,2,2.0,1.0,1,0.06225780826164458
1486,8,491,2,2.0,1.0,2,0.2714806675073848
1486,9,498,2,2.0,1.0,4,0.050856571104714775
1486,10,486,2,2.0,1.0,3,0.2796953571917048
1486,11,440,2,2.0,1.0,2,0.2546800021321064
1486,12,441,2,2.0,1.0,5,0.25499744878060965
1486,13,408,2,2.0,1.0,3,0.2718536417282861
1486,14,425,2,2.0,1.0,1,0.09190496936601054
1486,15,400,2,2.0,1.0,1,0.026156719340235352
1486,16,438,2,2.0,1.0,2,0.014813191196906326
1486,17,395,2,2.0,1.0,4,-0.0030235680399715685
1486,18,417,2,2.0,1.0,2,0.00782290641333212
1486,19,388,2,2.0,1.0,1,-0.5
1487,1,659,2,2.0,1.0,3,0.05263179887091488
1487,2,599,2,2.0,1.0,2,0.029799334870286225
1487,3,562,2,2.0,1.0,2,0.03457299629412747
1487,4,525,2,2.0,1.0,2,0.030760967887833893
1487,5,559,2,2.0,1.0,3,0.05355226169179596
1487,6,497,2,2.0,1.0,5,0.013447353763124401
1487,7,509,2,2.0,1.0,1,0.011507941572780888
1487,8,484,2,2.0,1.0,1,0.03308087422947683
1487,9,518,2,2.0,1.0,2,0.008062962345211195
1487,10,497,2,2.0,1.0,1,-0.043298969072164815
1487,11,467,2,2.0,1.0,2,-0.029281111465993315
1487,12,451,2,2.0,1.0,4,-0.008986532258313026
1487,13,397,2,2.0,1.0,1,-0.05162349375622603
1487,14,423,2,2.0,1.0,1,-0.028632865550022722
1487,15,408,2,2.0,1.0,1,-0.5
1487,16,418,2,2.0,1.0,1,-0.5
1488,1,655,2,2.0,1.0,3,0.062135144690366385
1488,2,623,2,2.0,1.0,2,0.053011153355050494
1488,3,541,2,2.0,1.0,2,0.034158184974459375
1488,4,541,2,2.0,1.0,2,0.03217488765085762
1488,5,561,2,2.0,1.0,1,0.053792122909769376
1488,6,505,2,2.0,1.0,4,0.0366072543016256
1488,7,500,2,2.0,1.0,4,0.03874507018716577
1488,8,498,2,2.0,1.0,2,0.037207654145995715
1488,9,477,2,2.0,1.0,4,0.023760054069421072
1488,10,490,2,2.0,1.0,1,0.007687520701164366
1488,11,512,2,2.0,1.0,1,0.004781396308488161
1488,12,505,2,2.0,1.0,1,0.005399950934784933
1488,13,464,2,2.0,1.0,1,-0.0037181251811069134
1488,14,467,2,2.0,1.0,1,-0.007275479081585341
1488,15,428,2,2.0,1.0,1,-0.006246567469919115
1488,16,393,2,2.0,1.0,1,-0.019875023800868807
1488,17,376,2,2.0,1.0,1,-0.05750398796171519
1489,1,661,2,2.0,1.0,3,0.05278041906204363
1489,2,617,2,2.0,1.0,1,0.029759010573434972
1489,3,582,2,2.0,1.0,2,0.050588169643604596
1489,4,562,2,2.0,1.0,2,0.062365200043135983
1489,5,541,2,2.0,1.0,1,0.0719231989490907
1489,6,546,2,2.0,1.0,1,0.07714901319416413
1489,7,538,2,2.0,1.0,1,0.030339961263315927
1489,8,456,2,2.0,1.0,1,0.021840796440906175
1489,9,433,2,2.0,1.0,1,0.24996412388068903
1489,10,407,2,2.0,1.0,1,-0.007884548956920054
1489,11,406,2,2.0,1.0,1,0.2314057415042712
1489,12,430,2,2.0,1.0,1,0.2683703981231941
1489,13,412,2,2.0,1.0,1,0.25875683299206925
1489,14,436,2,2.0,1.0,1,0.2703518142259002
1489,15,419,2,2.0,1.0,1,0.2539922843941123
1489,16,393,2,2.0,1.0,1,0.0429666616762936
1489,17,407,2,2.0,1.0,1,0.015980312916555377
1489,18,369,2,2.0,1.0,1,0.01427009588717844
1489,19,373,2,2.0,1.0,1,-0.000948107776479797
1489,20,385,2,2.0,1.0,1,0.2423422915857716
1489,21,356,2,2.0,1.0,1,-0.042375535925487984
1489,22,319,2,2.0,1.0,1,-0.0021447546975715943
1489,23,415,2,2.0,1.0,1,-0.5
1489,24,559,1,1.0,1.0,1,-0.75
1490,1,668,2,2.0,1.0,3,0.04331149099822933
1490,2,644,2,2.0,1.0,3,0.046496921405377
1490,3,562,2,2.0,1.0,1,0.04530216963797125
1490,4,537,2,2.0,1.0,2,0.057558076451335455
1490,5,527,2,2.0,1.0,2,0.28434741896503984
1490,6,489,2,2.0,1.0,3,0.2648735767534214
1490,7,474,2,2.0,1.0,2,0.277193078537413
1490,8,462,2,2.0,1.0,1,0.2667550051615176
1490,9,475,2,2.0,1.0,1,0.038013906674678875
1490,10,444,2,2.0,1.0,2,0.04199200432212682
1490,11,400,2,2.0,1.0,4,0.015068507400992947
1490,12,428,2,2.0,1.0,1,0.2545144697660441
1490,13,443,2,2.0,1.0,2,0.23699138392916527
1490,14,497,2,2.0,1.0,2,0.25719492799555627
1490,15,461,2,2.0,1.0,3,0.25212564693743283
1490,16,440,2,2.0,1.0,2,0.25782353018091714
1490,17,374,2,2.0,1.0,2,-0.009944567168290805
1490,18,348,2,2.0,1.0,2,-0.0557914824193465
1491,1,671,2,2.0,1.0,3,0.06224155552761635
1491,2,634,2,2.0,1.0,2,0.053043636162244084
1491,3,573,2,2.0,1.0,1,0.055669037671655236
1491,4,535,2,2.0,1.0,1,0.059451219512194564
1491,5,554,2,2.0,1.0,1,0.29027765839960895
1491,6,531,2,2.0,1.0,1,0.0390625
1491,7,482,2,2.0,1.0,1,0.2748021972792126
1491,8,477,2,2.0,1.0,2,0.2594606024474523
1491,9,460,2,2.0,1.0,4,0.2547618453617361
1491,10,461,2,2.0,1.0,2,0.024984712549115735
1491,11,416,2,2.0,1.0,1,0.03289663515776317
1491,12,377,2,2.0,1.0,1,0.04993715025552363
1491,13,410,2,2.0,1.0,1,0.2407616898486273
1491,14,394,2,2.0,1.0,1,0.2354140066658122
1491,15,348,2,2.0,1.0,1,0.08770163956592954
1491,16,408,2,2.0,1.0,3,0.18555247580995504
1491,17,375,2,2.0,1.0,1,0.005618096288150443
1491,18,484,2,2.0,1.0,1,-0.5
1492,1,656,2,2.0,1.0,3,0.052416438002170045
1492,2,598,2,2.0,1.0,2,0.029765286297305363
1492,3,572,2,2.0,1.0,2,0.03447377823095384
1492,4,541,2,2.0,1.0,3,0.032170471241635294
1492,5,567,2,2.0,1.0,3,0.05763159859279782
1492,6,508,2,2.0,1.0,1,0.05289002618794856
1492,7,497,2,2.0,1.0,1,0.03571758195382257
1492,8,476,2,2.0,1.0,1,0.03005339733166421
1492,9,461,2,2.0,1.0,3,0.2572241272207249
1492,10,454,2,2.0,1.0,3,0.26230864561147643
1492,11,385,2,2.0,1.0,2,0.23967834510066177
1492,12,377,2,2.0,1.0,1,0.21660902800001583
1492,13,371,2,2.0,1.0,1,0.23152410576689683
1492,14,351,2,2.0,1.0,3,-0.0002409525478175747
1492,15,346,2,2.0,1.0,1,-0.019892993737559386
1492,16,420,2,1.9428571428571428,1.0,1,-0.5142857142857142
1493,1,658,2,2.0,1.0,3,0.05251414252645919
1493,2,607,2,2.0,1.0,2,0.029765915051989843
1493,3,566,2,2.0,1.0,2,0.034473342042167475
1493,4,551,2,2.0,1.0,2,0.03076203498265177
1493,5,586,2,2.0,1.0,1,0.07739761092150214
1493,6,534,2,2.0,1.0,1,0.3028494897497248
1493,7,507,2,2.0,1.0,4,0.2878062515329091
1493,8,512,2,2.0,1.0,6,0.31334323231322747
1493,9,481,2,2.0,1.0,1,0.30322462663676053
1493,10,456,2,2.0,1.0,4,0.1218756690952236
1493,11,451,2,2.0,1.0,1,0.12723946380588458
1493,12,472,2,2.0,1.0,5,0.1183295796034882
1493,13,461,2,2.0,1.0,4,0.06242823183030785
1493,14,439,2,2.0,1.0,6,0.29007559756902557
1493,15,412,2,2.0,1.0,4,0.30668223429740177
1493,16,476,2,2.0,1.0,2,0.36391724550577786
1493,17,448,2,2.0,1.0,1,0.3621691141664979
1493,18,501,2,2.0,1.0,1,0.3630550797104164
1493,19,507,2,2.0,1.0,1,0.36638245967429894
1493,20,432,2,2.0,1.0,1,0.37639254119520166
1493,21,398,2,2.0,1.0,1,0.3770727314063593
1493,22,351,2,2.0,1.0,1,0.3661532146901456
1493,23,391,2,2.0,1.0,4,0.3404095634698868
1493,24,348,2,2.0,1.0,16,0.3357170079226556
1493,25,287,2,2.0,1.0,4,0.3993690875059773
1493,26,317,2,2.0,1.0,3,0.35888712995640454
1493,27,364,2,2.0,1.0,4,0.3636794006721108
1493,28,312,2,2.0,1.0,6,0.3528453363951412
1493,29,298,2,2.0,1.0,6,0.3691904641332713
1493,30,336,2,2.0,1.0,4,0.42832372238057687
1493,31,1084,2,0.023985239852398525,1.0,5,0.9909912081505184
1493,32,337,2,2.0,1.0,4,0.4977455203009484
1493,33,1160,2,0.0034482758620689655,1.0,10,0.9991379310344828
1494,1,656,2,2.0,1.0,3,0.06204298757565674
1494,2,623,2,2.0,1.0,2,0.05768335074817817
1494,3,585,2,2.0,1.0,2,0.059912057383029224
1494,4,531,2,2.0,1.0,1,0.2803571428571438
1494,5,523,2,2.0,1.0,2,0.28400418172756753
1494,6,482,2,2.0,1.0,3,0.30693766664581146
1494,7,492,2,2.0,1.0,6,0.29503039678130955
1494,8,505,2,2.0,1.0,2,0.29859031731318014
1494,9,506,2,2.0,1.0,1,0.31169568778264384
1494,10,494,2,2.0,1.0,1,0.30950333723612955
1494,11,500,2,2.0,1.0,1,0.31741350649350425
1494,12,497,2,2.0,1.0,1,0.3095037874464422
1494,13,453,2,2.0,1.0,1,0.30951077648968783
1494,14,398,2,2.0,1.0,1,0.30989550402353705
1494,15,375,2,2.0,1.0,1,0.3043008860989216
1494,16,375,2,2.0,1.0,6,0.29374996707062934
1494,17,411,2,2.0,1.0,3,0.2912361725820841
1494,18,348,2,2.0,1.0,6,0.295307710319677
1494,19,345,2,2.0,1.0,4,0.33848613370206565
1494,20,333,2,2.0,1.0,3,0.34476250603323133
1494,21,361,2,2.0,1.0,5,0.3445763209127963
1494,22,351,2,2.0,1.0,3,0.36074688464181315
1494,23,308,2,2.0,1.0,2,0.32389879004165034
1494,24,300,2,2.0,1.0,4,0.3492677504990183
1494,25,301,2,2.0,1.0,4,0.3494548658104713
1494,26,350,2,2.0,1.0,5,0.3559040573161783
1494,27,376,2,2.0,1.0,4,0.4042435783162541
1494,28,373,2,2.0,1.0,4,0.13039705043448202
1494,29,348,2,2.0,1.0,1,0.36442713424940554
1494,30,304,2,2.0,1.0,4,0.34305607610454536
1494,31,325,2,2.0,1.0,6,0.3098838849389194
1494,32,317,2,2.0,1.0,2,0.38138069400903424
1494,33,311,2,2.0,1.0,3,0.40679266540219394
1494,34,374,2,2.0,1.0,3,0.4201780135804987
1494,35,396,2,1.9974747474747474,1.0,3,0.5004168843608499
1494,36,1154,2,0.0034662045060658577,1.0,3,0.9991334488734835
1495,1,676,2,2.0,1.0,3,0.05101803149924545
1495,2,619,2,2.0,1.0,2,0.06208891850013834
1495,3,568,2,2.0,1.0,1,0.05154605284107299
1495,4,519,2,2.0,1.0,3,0.05980440095728945
1495,5,516,2,2.0,1.0,2,0.285917448171861
1495,6,443,2,2.0,1.0,5,0.2705067564634736
1495,7,466,2,2.0,1.0,5,0.2629125255795406
1495,8,432,2,2.0,1.0,5,0.30224168042053695
1495,9,417,2,2.0,1.0,1,0.09799529440435015
1495,10,406,2,2.0,1.0,1,0.04587894084699866
1495,11,417,2,2.0,1.0,6,0.028016312090802728
1495,12,369,2,2.0,1.0,4,0.006569187575666315
1495,13,368,2,2.0,1.0,1,0.23603988476709328
1495,14,386,2,2.0,1.0,1,0.1670407230690838
1495,15,389,2,2.0,1.0,2,-0.05918597040347615
1495,16,437,2,2.0,1.0,1,-0.5
1496,1,663,2,2.0,1.0,3,0.062112804337460165
1496,2,633,2,2.0,1.0,2,0.053207262569674306
1496,3,567,2,2.0,1.0,2,0.05567320767938029
1496,4,525,2,2.0,1.0,1,0.28763305322128546
1496,5,492,2,2.0,1.0,1,0.2825793983502673
1496,6,504,2,2.0,1.0,3,0.30787847289731224
1496,7,444,2,2.0,1.0,4,0.2819939164017841
1496,8,456,2,2.0,1.0,4,0.2948552243547901
1496,9,473,2,2.0,1.0,2,0.3045148468887572
1496,10,448,2,2.0,1.0,1,0.3339022799070112
1496,11,368,2,2.0,1.0,2,0.10039350606323419
1496,12,337,2,2.0,1.0,3,0.10783196473830733
1496,13,356,2,2.0,1.0,2,0.05761901952235722
1496,14,346,2,2.0,1.0,4,0.0321035631584656
1496,15,353,2,2.0,1.0,1,0.023736390901745716
1496,16,310,2,2.0,1.0,6,0.2702742400309052
1496,17,313,2,2.0,1.0,2,0.2908782936035342
1496,18,363,2,2.0,1.0,1,0.029980423960115417
1496,19,329,2,2.0,1.0,1,-0.023388405993558924
1496,20,324,2,1.9382716049382716,1.0,1,-0.5154320987654321
1497,1,676,2,2.0,1.0,3,0.04328821596608345
1497,2,644,2,2.0,1.0,3,0.04639665302297285
1497,3,574,2,2.0,1.0,3,0.04532292010881044
1497,4,554,2,2.0,1.0,3,0.0283546679970784
1497,5,504,2,2.0,1.0,4,0.060115040933541634
1497,6,462,2,2.0,1.0,5,0.10754462903532629
1497,7,495,2,2.0,1.0,2,0.33226055127506887
1497,8,454,2,2.0,1.0,2,0.2831495207515638
1497,9,391,2,2.0,1.0,2,0.023942388491825024
1497,10,355,2,2.0,1.0,1,0.030732770605627305
1497,11,348,2,2.0,1.0,4,0.2193740485136242
1497,12,386,2,2.0,1.0,6,0.21406050102435456
1497,13,344,2,2.0,1.0,1,0.13853049807712323
1497,14,393,2,1.9465648854961832,1.0,4,0.15760935239724888
1497,15,344,2,1.9854651162790697,1.0,3,-0.04316055605990592
1497,16,701,1,1.0,1.0,1,-0.75
1498,1,660,2,2.0,1.0,3,0.052493567011487864
1498,2,593,2,2.0,1.0,2,0.029764928742411715
1498,3,568,2,2.0,1.0,3,0.03458752101021086
1498,4,569,2,2.0,1.0,2,0.05762426815170563
1498,5,562,2,2.0,1.0,1,0.062310777075476706
1498,6,539,2,2.0,1.0,1,0.03305351066046245
1498,7,518,2,2.0,1.0,1,0.02831230772407276
1498,8,488,2,2.0,1.0,1,-0.03217588020570465
1498,9,449,2,2.0,1.0,4,0.24396476851344445
1498,10,418,2,2.0,1.0,1,-0.0024313489398613015
1498,11,418,2,2.0,1.0,1,-0.07952547049220807
1499,1,656,2,2.0,1.0,3,0.052785209631587095
1499,2,588,2,2.0,1.0,1,0.02979917852366809
1499,3,557,2,2.0,1.0,2,0.03445523147116165
1499,4,543,2,2.0,1.0,1,0.030757344617945218
1499,5,550,2,2.0,1.0,5,0.06741960631960639
1499,6,536,2,2.0,1.0,5,0.07854967785740605
1499,7,564,2,2.0,1.0,4,0.05343975356099825
1499,8,468,2,2.0,1.0,5,0.02182935748197189
1499,9,466,2,2.0,1.0,4,0.017667434959995686
1499,10,447,2,2.0,1.0,1,0.1997011761888646
1499,11,542,2,2.0,1.0,4,0.03162696502866339
1499,12,505,2,2.0,1.0,1,-0.032523264916721854
1499,13,434,2,2.0,1.0,1,-0.02857975301403075
1499,14,427,2,2.0,1.0,4,-0.07198107534204659
1499,15,497,2,2.0,1.0,1,-0.07405660377358464
1500,1,658,2,2.0,1.0,3,0.052631414651289204
1500,2,600,2,2.0,1.0,2,0.02979934879934857
1500,3,559,2,2.0,1.0,2,0.034472821320670574
1500,4,523,2,2.0,1.0,2,0.0321741276569188
1500,5,547,2,2.0,1.0,1,0.07181425898638359
1500,6,569,2,2.0,1.0,1,0.062313104949767856
1500,7,581,2,2.0,1.0,1,0.06724032777071037
1500,8,518,2,2.0,1.0,1,-0.03209876543209904
1500,9,470,2,2.0,1.0,1,0.017039243993557725
1500,10,445,2,2.0,1.0,1,-0.0352869655902007
1500,11,446,2,2.0,1.0,1,0.23757048890366447
1500,12,420,2,2.0,1.0,5,0.006898318241845094
1500,13,387,2,2.0,1.0,2,-0.013988380559752139
1500,14,407,2,2.0,1.0,1,-0.14091555670502937
1501,1,651,2,2.0,1.0,3,0.05277881850409325
1501,2,606,2,2.0,1.0,1,0.02505767518143734
1501,3,563,2,2.0,1.0,4,0.030005118532712635
1501,4,525,2,2.0,1.0,5,0.03201432055269965
1501,5,563,2,2.0,1.0,3,0.05348896219233634
1501,6,529,2,2.0,1.0,3,0.03902222246090393
1501,7,497,2,2.0,1.0,2,0.044149051796334916
1501,8,473,2,2.0,1.0,4,0.02282269003195254
1501,9,429,2,2.0,1.0,2,0.031206526298402835
1501,10,431,2,2.0,1.0,3,0.256997113923537
1501,11,449,2,2.0,1.0,2,0.0071837533617777425
1501,12,426,2,2.0,1.0,6,0.020089346754135765
1501,13,452,2,2.0,1.0,1,0.24372665778260863
1501,14,392,2,2.0,1.0,1,0.23351297433341278
1501,15,384,2,2.0,1.0,1,-0.005549269954252891
1501,16,366,2,2.0,1.0,1,0.012810501900874002
1501,17,378,2,2.0,1.0,2,-0.041417008704108575
1501,18,371,2,2.0,1.0,2,-0.12140217879604735
1502,1,654,2,2.0,1.0,3,0.052769521468254414
1502,2,596,2,2.0,1.0,2,0.029798911006964465
1502,3,552,2,2.0,1.0,2,0.0341738215278124
1502,4,549,2,2.0,1.0,2,0.03217520942930733
1502,5,550,2,2.0,1.0,3,0.07197686805947674
1502,6,575,2,2.0,1.0,1,0.053450310559005565
1502,7,498,2,2.0,1.0,1,0.022962571004739498
1502,8,486,2,2.0,1.0,2,0.05268548921301428
1502,9,461,2,2.0,1.0,1,0.013445248359372977
1502,10,433,2,2.0,1.0,1,0.009738487780563715
1502,11,417,2,2.0,1.0,1,-0.0010757970353753796
1502,12,409,2,2.0,1.0,4,0.04417816809406027
1502,13,383,2,2.0,1.0,2,-0.025665326905974558
1502,14,411,2,2.0,1.0,1,-0.5
1503,1,673,2,2.0,1.0,3,0.05099975442835292
1503,2,619,2,2.0,1.0,2,0.05709935744898512
1503,3,562,2,2.0,1.0,1,0.044179089192023506
1503,4,518,2,2.0,1.0,1,0.028409090909091245
1503,5,547,2,2.0,1.0,3,0.053406644305818055
1503,6,468,2,2.0,1.0,3,0.026005947286576073
1503,7,430,2,2.0,1.0,2,0.04591890401369503
1503,8,457,2,2.0,1.0,3,0.27420662655197153
1503,9,388,2,2.0,1.0,3,0.2640770509687597
1503,10,444,2,2.0,1.0,1,0.2820358102424997
1503,11,385,2,2.0,1.0,4,0.26529510728089106
1503,12,370,2,2.0,1.0,2,0.20971963627749468
1503,13,347,2,2.0,1.0,5,0.26984621849740564
1503,14,405,2,2.0,1.0,2,0.22041757912369647
1503,15,406,2,2.0,1.0,1,0.0433314095296369
1503,16,411,2,2.0,1.0,1,-0.025553187779272152
1503,17,363,2,2.0,1.0,1,-0.06822178514719927
1504,1,670,2,2.0,1.0,3,0.062184927110220854
1504,2,631,2,2.0,1.0,2,0.05305970194052352
1504,3,574,2,2.0,1.0,2,0.05567331268550758
1504,4,523,2,2.0,1.0,1,0.059451219512194564
1504,5,531,2,2.0,1.0,1,0.2763365116993516
1504,6,500,2,2.0,1.0,1,0.2644856095855817
1504,7,476,2,2.0,1.0,1,0.26393074113507536
1504,8,435,2,2.0,1.0,1,0.25121551255180485
1504,9,427,2,2.0,1.0,1,0.23438262395868445
1504,10,383,2,2.0,1.0,1,0.16912291347925645
1504,11,376,2,2.0,1.0,1,0.042574423976195465
1504,12,357,2,2.0,1.0,3,0.009721654438895857
1504,13,386,2,1.9844559585492227,1.0,5,-0.028505952145395
1504,14,362,2,1.9806629834254144,1.0,1,-0.5048342541436464
1504,15,562,1,1.0,1.0,1,-0.75
1504,16,1063,0,0.0,1.0,0,-1.0
1505,1,695,2,2.0,1.0,3,0.05100447990779026
1505,2,625,2,2.0,1.0,2,0.057125357463628686
1505,3,563,2,2.0,1.0,1,0.04531221902615432
1505,4,535,2,2.0,1.0,1,0.02840909090909126
1505,5,533,2,2.0,1.0,1,0.05814575458183506
1505,6,482,2,2.0,1.0,3,0.06616831970856246
1505,7,418,2,2.0,1.0,2,0.2845809346625392
1505,8,428,2,2.0,1.0,4,0.290258291902051
1505,9,449,2,2.0,1.0,3,0.06902312399586673
1505,10,401,2,2.0,1.0,4,0.047170349350316665
1505,11,368,2,2.0,1.0,4,0.25381701835030496
1505,12,423,2,2.0,1.0,4,0.27336637882325454
1505,13,402,2,2.0,1.0,2,0.2737607545900418
1505,14,419,2,2.0,1.0,1,0.26836324551949364
1505,15,351,2,2.0,1.0,2,-0.01692993676609577
1505,16,371,2,2.0,1.0,3,0.0040042339966473925
1505,17,443,2,2.0,1.0,2,-0.05544359744555608
1505,18,376,2,2.0,1.0,1,-0.5
1506,1,679,2,2.0,1.0,3,0.05265642773238858
1506,2,610,2,2.0,1.0,2,0.029766120513903132
1506,3,564,2,2.0,1.0,2,0.03458803587288516
1506,4,579,2,2.0,1.0,2,0.058072081554411174
1506,5,499,2,2.0,1.0,1,0.049548402913141616
1506,6,493,2,2.0,1.0,1,0.03614725286512628
1506,7,470,2,2.0,1.0,1,0.028206250388447863
1506,8,447,2,2.0,1.0,1,0.04731876217062625
1506,9,418,2,2.0,1.0,1,0.005350348763474961
1506,10,400,2,2.0,1.0,5,0.22812816636852337
1506,11,406,2,2.0,1.0,4,0.255056051264748
1506,12,432,2,2.0,1.0,2,0.043997477494536634
1506,13,427,2,2.0,1.0,2,0.022332483845399303
1506,14,424,2,2.0,1.0,1,0.051053587366530054
1506,15,427,2,2.0,1.0,2,0.25005469435269934
1506,16,395,2,2.0,1.0,3,0.2522247761332057
1506,17,415,2,2.0,1.0,3,0.23917798336604063
1506,18,415,2,2.0,1.0,2,-0.0241370889212578
1506,19,365,2,2.0,1.0,2,-0.006045230281125866
1506,20,392,2,2.0,1.0,2,-0.11991208439897633
1507,1,684,2,2.0,1.0,3,0.059863309808760895
1507,2,641,2,2.0,1.0,2,0.05047900042422051
1507,3,581,2,2.0,1.0,4,0.034866075751258226
1507,4,540,2,2.0,1.0,2,0.04841386501834231
1507,5,519,2,2.0,1.0,1,0.056402439024389635
1507,6,523,2,2.0,1.0,3,0.28602484990550403
1507,7,439,2,2.0,1.0,3,0.28507617913695166
1507,8,413,2,2.0,1.0,4,0.28304971112202026
1507,9,407,2,2.0,1.0,2,0.28375828594417923
1507,10,409,2,2.0,1.0,4,0.0585337579015386
1507,11,436,2,2.0,1.0,3,0.05568788971312338
1507,12,466,2,2.0,1.0,1,0.03818879279632821
1507,13,406,2,2.0,1.0,3,0.27331151563274314
1507,14,398,2,2.0,1.0,4,0.2709983340538934
1507,15,387,2,2.0,1.0,3,0.2739301859145333
1507,16,418,2,2.0,1.0,2,0.29936152267902916
1507,17,395,2,2.0,1.0,1,0.0211902537842754
1507,18,370,2,2.0,1.0,5,0.0014621708172403132
1507,19,383,2,2.0,1.0,1,-0.040389660824795344
1508,1,652,2,2.0,1.0,3,0.062101482199217475
1508,2,632,2,2.0,1.0,2,0.05304301241357796
1508,3,560,2,2.0,1.0,1,0.05566874098124076
1508,4,511,2,2.0,1.0,1,0.05945121951219457
1508,5,542,2,2.0,1.0,2,0.30419546691414723
1508,6,550,2,2.0,1.0,2,0.07191572919833787
1508,7,570,2,2.0,1.0,1,0.05773993808049534
1508,8,489,2,2.0,1.0,5,0.05325536180200828
1508,9,500,2,2.0,1.0,2,0.041831306430808575
1508,10,477,2,2.0,1.0,4,0.25894378684835895
1508,11,511,2,2.0,1.0,2,0.029575018323682385
1508,12,467,2,2.0,1.0,1,0.25436752169359306
1508,13,429,2,2.0,1.0,2,0.24593603358859983
1508,14,416,2,2.0,1.0,4,0.24184020856732902
1508,15,386,2,2.0,1.0,5,0.24331012311208436
1508,16,359,2,2.0,1.0,11,0.012489208608506462
1508,17,408,2,2.0,1.0,4,0.05521186549209267
1508,18,396,2,2.0,1.0,1,0.20872225787539994
1508,19,495,2,2.0,1.0,2,-0.5
1509,1,653,2,2.0,1.0,3,0.05271838618325738
1509,2,592,2,2.0,1.0,1,0.029755291230700833
1509,3,558,2,2.0,1.0,4,0.03447274586537942
1509,4,541,2,2.0,1.0,5,0.03216163842319065
1509,5,562,2,2.0,1.0,1,0.0627208264726191
1509,6,572,2,2.0,1.0,1,0.06231408516856277
1509,7,570,2,2.0,1.0,1,0.028338331423950754
1509,8,475,2,2.0,1.0,1,0.012611207268429884
1509,9,499,2,2.0,1.0,1,-0.03362292142030187
1509,10,412,2,2.0,1.0,1,-0.07364387217408117
1509,11,404,2,2.0,1.0,1,-0.08982668354217886
1510,1,653,2,2.0,1.0,3,0.06208800806606352
1510,2,620,2,2.0,1.0,2,0.050471259324773046
1510,3,560,2,2.0,1.0,2,0.0344644907331474
1510,4,544,2,2.0,1.0,2,0.0321750094268472
1510,5,553,2,2.0,1.0,5,0.0673942829322577
1510,6,549,2,2.0,1.0,4,0.06731679469918962
1510,7,566,2,2.0,1.0,1,0.057530809375540136
1510,8,493,2,2.0,1.0,1,0.026204412928481163
1510,9,468,2,2.0,1.0,1,0.011457272585117317
1510,10,481,2,2.0,1.0,1,0.26201447767494696
1510,11,505,2,2.0,1.0,4,0.046031643156763474
1510,12,495,2,2.0,1.0,1,0.25327063382497067
1510,13,446,2,2.0,1.0,5,0.019142462430002966
1510,14,425,2,2.0,1.0,1,0.008303557850801798
1510,15,399,2,2.0,1.0,3,0.2340493616842449
1510,16,404,2,2.0,1.0,1,0.22313280528782478
1510,17,369,2,1.994579945799458,1.0,1,0.11189931606382024
1510,18,583,1,1.0,1.0,2,-0.75
1511,1,668,2,2.0,1.0,3,0.05275629678499499
1511,2,608,2,2.0,1.0,2,0.0297990843221104
1511,3,567,2,2.0,1.0,1,0.034456811384672034
1511,4,556,2,2.0,1.0,1,0.032171186128020196
1511,5,551,2,2.0,1.0,1,0.06729396609025243
1511,6,551,2,2.0,1.0,1,0.07711590055174886
1511,7,555,2,2.0,1.0,2,0.2938891473501393
1511,8,481,2,2.0,1.0,2,0.2794911446132627
1511,9,486,2,2.0,1.0,1,0.05933204605011603
1511,10,452,2,2.0,1.0,1,0.03537194234996866
1511,11,454,2,2.0,1.0,1,0.01784097966250815
1511,12,427,2,2.0,1.0,1,0.258117025202341
1511,13,450,2,2.0,1.0,1,0.24975943650246837
1511,14,414,2,2.0,1.0,3,0.27072223378734783
1511,15,340,2,2.0,1.0,3,0.20863523695958908
1511,16,354,2,2.0,1.0,3,0.255438117129574
1511,17,350,2,2.0,1.0,1,0.07835400376914944
1511,18,365,2,2.0,1.0,1,0.0662537730145963
1511,19,396,2,2.0,1.0,3,0.016969050866767227
1511,20,346,2,1.9971098265895955,1.0,1,-0.07948718003983561
1512,1,652,2,2.0,1.0,3,0.05268901393081434
1512,2,599,2,2.0,1.0,2,0.029799334870286225
1512,3,559,2,2.0,1.0,2,0.03445544504505064
1512,4,567,2,2.0,1.0,2,0.057623400066278224
1512,5,539,2,2.0,1.0,1,0.05274083592313912
1512,6,515,2,2.0,1.0,1,0.2830223880597018
1512,7,510,2,2.0,1.0,1,0.2839999410972545
1512,8,467,2,2.0,1.0,1,0.28675292436437555
1512,9,441,2,2.0,1.0,1,0.24780873996147507
1512,10,464,2,2.0,1.0,1,0.2711427779563512
1512,11,441,2,2.0,1.0,1,0.26593602142488126
1512,12,461,2,2.0,1.0,1,0.2670966863162022
1512,13,422,2,2.0,1.0,1,0.04883381902792678
1512,14,416,2,2.0,1.0,1,0.052133270624055136
1512,15,452,2,2.0,1.0,1,0.267214380038874
1512,16,389,2,2.0,1.0,1,0.26474136782140134
1512,17,386,2,2.0,1.0,1,0.25673570736470536
1512,18,413,2,2.0,1.0,2,0.23371711970609435
1512,19,398,2,2.0,1.0,4,0.005293999621139889
1512,20,358,2,2.0,1.0,1,-0.007796037881858246
1512,21,339,2,2.0,1.0,4,-0.003926792787138158
1512,22,352,2,2.0,1.0,4,-0.042563493418972226
1512,23,372,2,1.913978494623656,1.0,1,-0.521505376344086
1513,1,651,2,2.0,1.0,3,0.05267854544111143
1513,2,608,2,2.0,1.0,2,0.029766523680997133
1513,3,563,2,2.0,1.0,1,0.034328975278695203
1513,4,550,2,2.0,1.0,1,0.03231963519613559
1513,5,556,2,2.0,1.0,1,0.053739984203113114
1513,6,490,2,2.0,1.0,1,0.021851620486126273
1513,7,459,2,2.0,1.0,1,0.03599531002301519
1513,8,442,2,2.0,1.0,1,0.249565462437329
1513,9,477,2,2.0,1.0,2,0.040521008260792524
1513,10,447,2,2.0,1.0,3,-0.004927125841479408
1513,11,423,2,2.0,1.0,1,-0.02518007292752456
1513,12,399,2,2.0,1.0,4,-0.02292962182444375
1513,13,390,2,2.0,1.0,1,-0.03383495959600662
1513,14,461,2,1.997830802603037,1.0,2,-0.5005422993492408
1514,1,652,2,2.0,1.0,3,0.05265941186829427
1514,2,601,2,2.0,1.0,2,0.029765497974561867
1514,3,564,2,2.0,1.0,2,0.03447319458354703
1514,4,561,2,2.0,1.0,2,0.058028354736492184
1514,5,502,2,2.0,1.0,1,0.03605323026077472
1514,6,496,2,2.0,1.0,1,0.0531269863340215
1514,7,500,2,2.0,1.0,1,0.06198419540229885
1514,8,481,2,2.0,1.0,1,0.04898561927204897
1514,9,457,2,2.0,1.0,1,0.02256083471704503
1514,10,412,2,2.0,1.0,1,-0.03820224719101095
1514,11,415,2,2.0,1.0,1,0.230633014785902
1514,12,359,2,2.0,1.0,3,0.02534573621748226
1514,13,343,2,2.0,1.0,3,0.162369182746883
1514,14,357,2,2.0,1.0,1,0.041484482678751655
1514,15,448,2,2.0,1.0,4,0.015003772470370014
1514,16,389,2,2.0,1.0,1,-0.1037681011335069
1514,17,464,2,1.9288793103448276,1.0,1,-0.5177801724137931
1515,1,658,2,2.0,1.0,3,0.05278137835323897
1515,2,605,2,2.0,1.0,2,0.029774594092775677
1515,3,576,2,2.0,1.0,1,0.050969767115600174
1515,4,514,2,2.0,1.0,1,0.05945121951219457
1515,5,519,2,2.0,1.0,4,0.2854564173131846
1515,6,479,2,2.0,1.0,3,0.29626009544231846
1515,7,474,2,2.0,1.0,2,0.29661203123841634
1515,8,428,2,2.0,1.0,2,0.06263087812118445
1515,9,422,2,2.0,1.0,1,0.025784962620445974
1515,10,368,2,2.0,1.0,1,0.08382516718689795
1515,11,409,2,2.0,1.0,2,0.31025077581697325
1515,12,402,2,2.0,1.0,4,0.3291564575583021
1515,13,415,2,2.0,1.0,3,0.3390565914862172
1515,14,413,2,2.0,1.0,3,0.34899053618964754
1515,15,445,2,2.0,1.0,2,0.409875996139502
1515,16,457,2,2.0,1.0,10,0.40630151088139743
1515,17,461,2,2.0,1.0,2,0.42401760387118054
1515,18,436,2,2.0,1.0,4,0.4189479094741542
1515,19,431,2,2.0,1.0,4,0.19075548033697484
1515,20,370,2,2.0,1.0,4,0.4063303020043323
1515,21,341,2,2.0,1.0,4,0.39982403484543544
1515,22,331,2,2.0,1.0,4,0.38940391859795453
1515,23,311,2,2.0,1.0,3,0.35240604108507195
1515,24,336,2,1.994047619047619,1.0,1,0.413343506082459
1515,25,362,2,1.9668508287292819,1.0,8,0.42535625220013096
1515,26,1001,2,0.08891108891108891,1.0,3,0.9745612718850997
1515,27,365,2,2.0,1.0,1,0.43303905826177147
1515,28,348,2,2.0,1.0,4,0.4337194404933443
1515,29,984,2,0.04065040650406504,1.0,9,0.9886749347755158
1515,30,1038,2,0.0038535645472061657,1.0,17,0.9988874412256659
1516,1,656,2,2.0,1.0,3,0.06226827965395038
1516,2,630,2,2.0,1.0,2,0.053202513469685526
1516,3,574,2,2.0,1.0,2,0.05567331268550758
1516,4,533,2,2.0,1.0,1,0.059451219512194564
1516,5,535,2,2.0,1.0,3,0.2858737886993847
1516,6,472,2,2.0,1.0,5,0.2983732926452966
1516,7,479,2,2.0,1.0,3,0.30039297721198804
1516,8,431,2,2.0,1.0,1,0.2563478468432391
1516,9,402,2,2.0,1.0,4,0.26472770143467567
1516,10,439,2,2.0,1.0,2,0.2693560691328736
1516,11,438,2,2.0,1.0,2,0.038177040517241134
1516,12,450,2,2.0,1.0,1,0.026998457844571486
1516,13,372,2,2.0,1.0,4,0.020700862685175285
1516,14,388,2,2.0,1.0,2,-0.0009261510708441738
1516,15,420,2,2.0,1.0,3,-0.5
1517,1,669,2,2.0,1.0,3,0.043367190274879605
1517,2,636,2,2.0,1.0,3,0.04626534503781224
1517,3,564,2,2.0,1.0,1,0.04528895482542934
1517,4,557,2,2.0,1.0,3,0.057711166986334536
1517,5,560,2,2.0,1.0,2,0.2804567843216025
1517,6,510,2,2.0,1.0,2,0.28110830451125673
1517,7,433,2,2.0,1.0,1,0.25801531006255063
1517,8,423,2,2.0,1.0,3,0.057508195503318094
1517,9,445,2,2.0,1.0,1,0.05107498364859083
1517,10,486,2,2.0,1.0,7,0.019713134831284305
1517,11,469,2,2.0,1.0,1,0.007542200192836644
1517,12,467,2,2.0,1.0,1,0.0019990382896723927
1517,13,437,2,2.0,1.0,1,-0.00029810487209718574
1517,14,415,2,2.0,1.0,1,0.22241044297157608
1517,15,340,2,2.0,1.0,1,0.19935333952131837
1517,16,397,2,2.0,1.0,3,-0.043061822366113035
1517,17,375,2,2.0,1.0,2,-0.5
1518,1,665,2,2.0,1.0,3,0.05275155290332798
1518,2,606,2,2.0,1.0,1,0.029766387810942034
1518,3,557,2,2.0,1.0,1,0.0344557680455614
1518,4,545,2,2.0,1.0,1,0.03217066572571114
1518,5,551,2,2.0,1.0,1,0.06731432360742713
1518,6,546,2,2.0,1.0,1,0.07709265929165637
1518,7,546,2,2.0,1.0,2,0.06349000211605596
1518,8,506,2,2.0,1.0,1,0.2764323313619106
1518,9,480,2,2.0,1.0,1,0.04759364483772557
1518,10,488,2,2.0,1.0,4,0.009690223009895168
1518,11,453,2,2.0,1.0,4,0.0015043018672674972
1518,12,435,2,2.0,1.0,1,-0.015143169240089082
1518,13,399,2,2.0,1.0,1,-0.061865681127070304
1518,14,626,1,1.0,1.0,1,-0.75
1519,1,662,2,2.0,1.0,3,0.06225647973156435
1519,2,627,2,2.0,1.0,2,0.053107530377181814
1519,3,568,2,2.0,1.0,1,0.055668925167164374
1519,4,516,2,2.0,1.0,1,0.05945121951219457
1519,5,540,2,2.0,1.0,2,0.29033693737634386
1519,6,490,2,2.0,1.0,3,0.27468037193145417
1519,7,455,2,2.0,1.0,1,0.2681679234985379
1519,8,432,2,2.0,1.0,4,0.052078644844033586
1519,9,380,2,2.0,1.0,1,0.028514050585537035
1519,10,397,2,2.0,1.0,4,0.24335074612625163
1519,11,378,2,2.0,1.0,7,0.2634224267856758
1519,12,387,2,2.0,1.0,4,0.27015205485092014
1519,13,376,2,2.0,1.0,1,0.2730543650442992
1519,14,371,2,2.0,1.0,4,0.32429639509104846
1519,15,419,2,2.0,1.0,4,0.3258459858597261
1519,16,418,2,2.0,1.0,1,0.03746506753609663
1519,17,396,2,2.0,1.0,4,0.008900917591557204
1519,18,425,2,2.0,1.0,3,0.24117225331156927
1519,19,399,2,2.0,1.0,4,0.22525239911655265
1519,20,376,2,2.0,1.0,4,0.23815326149241162
1519,21,391,2,2.0,1.0,4,0.2395140692520025
1519,22,419,2,2.0,1.0,4,0.09098292066919833
1519,23,357,2,1.9579831932773109,1.0,4,-0.002774899421191628
1519,24,1212,0,0.0,1.0,0,-1.0
1520,1,654,2,2.0,1.0,3,0.05275636984805996
1520,2,600,2,2.0,1.0,2,0.029765974765974534
1520,3,556,2,2.0,1.0,4,0.033592104502391175
1520,4,554,2,2.0,1.0,5,0.03216246749640205
1520,5,544,2,2.0,1.0,5,0.06741871962460201
1520,6,549,2,2.0,1.0,6,0.0823387129987929
1520,7,532,2,2.0,1.0,5,0.3057886905983974
1520,8,520,2,2.0,1.0,3,0.022810762007945233
1520,9,489,2,2.0,1.0,1,0.022007042253521254
1520,10,463,2,2.0,1.0,1,0.2635761464821771
1520,11,461,2,2.0,1.0,1,0.24308104860441648
1520,12,373,2,2.0,1.0,1,0.22932446243885302
1520,13,386,2,2.0,1.0,2,0.005521535566599114
1520,14,449,2,2.0,1.0,2,-0.055810055902707545
1520,15,387,2,2.0,1.0,2,-0.06152306864019327
1521,1,658,2,2.0,1.0,3,0.06209113870385939
1521,2,628,2,2.0,1.0,2,0.05047426936101557
1521,3,569,2,2.0,1.0,2,0.034465288469105015
1521,4,568,2,2.0,1.0,2,0.05806492619216008
1521,5,515,2,2.0,1.0,1,0.03595542806707817
1521,6,501,2,2.0,1.0,1,0.03866998623074705
1521,7,505,2,2.0,1.0,1,0.028912504165672242
1521,8,466,2,2.0,1.0,1,0.0185785878781534
1521,9,507,2,2.0,1.0,1,0.0449670292631491
1521,10,452,2,2.0,1.0,1,-0.041756444786456307
1521,11,460,2,2.0,1.0,1,0.009397928043816575
1521,12,435,2,2.0,1.0,1,-0.02329726933066766
1521,13,439,2,2.0,1.0,1,-0.04618650534376644
1521,14,443,2,2.0,1.0,1,-0.08455723839121969
1521,15,398,2,2.0,1.0,1,-0.08423833764590728
1521,16,397,2,2.0,1.0,1,-0.13705135231545226
1521,17,412,2,1.9514563106796117,1.0,1,-0.5121359223300971
1522,1,653,2,2.0,1.0,3,0.05273590534489529
1522,2,601,2,2.0,1.0,2,0.029799362682057958
1522,3,567,2,2.0,1.0,2,0.03457248420487709
1522,4,570,2,2.0,1.0,2,0.05752106250600618
1522,5,514,2,2.0,1.0,1,0.05640243902438964
1522,6,525,2,2.0,1.0,2,0.2992655420377117
1522,7,492,2,2.0,1.0,4,0.2842703472418944
1522,8,484,2,2.0,1.0,2,0.06801554554709928
1522,9,495,2,2.0,1.0,2,0.050592007575731915
1522,10,438,2,2.0,1.0,2,0.28707676000989757
1522,11,381,2,2.0,1.0,5,0.27239411783820616
1522,12,389,2,2.0,1.0,4,0.2795666712750441
1522,13,412,2,2.0,1.0,1,0.2957981754714274
1522,14,465,2,2.0,1.0,1,0.2938657062818769
1522,15,497,2,2.0,1.0,4,0.32460183967692435
1522,16,521,2,2.0,1.0,2,0.3014231635962225
1522,17,506,2,2.0,1.0,1,0.2977564102564093
1522,18,507,2,2.0,1.0,2,0.31599868861029334
1522,19,507,2,2.0,1.0,2,0.0823719193911507
1522,20,460,2,2.0,1.0,1,0.055907330893744035
1522,21,427,2,2.0,1.0,1,0.056337425855925105
1522,22,378,2,2.0,1.0,4,0.2656893199038796
1522,23,352,2,2.0,1.0,5,0.27317992561066834
1522,24,329,2,2.0,1.0,4,0.2921474066024314
1522,25,327,2,2.0,1.0,3,0.3336195008026386
1522,26,322,2,2.0,1.0,4,0.3812972915394209
1522,27,315,2,2.0,1.0,2,0.352537125020944
1522,28,387,2,2.0,1.0,9,0.2947660020131233
1522,29,357,2,2.0,1.0,4,0.07557468576989648
1522,30,334,2,2.0,1.0,1,0.07865408885629246
1522,31,423,2,2.0,1.0,4,0.311234970393907
1522,32,381,2,2.0,1.0,4,0.25370392298015365
1522,33,374,2,2.0,1.0,2,0.31653155359736995
1522,34,381,2,2.0,1.0,3,0.38376275109972835
1522,35,408,2,2.0,1.0,2,0.32292085234940404
1522,36,353,2,2.0,1.0,6,0.257141242219709
1522,37,320,2,1.996875,1.0,6,-0.008058840641643299
1522,38,1210,0,0.0,1.0,0,-1.0
1523,1,671,2,2.0,1.0,3,0.04328078933411419
1523,2,635,2,2.0,1.0,3,0.0463738257155956
1523,3,556,2,2.0,1.0,1,0.04528817522212756
1523,4,512,2,2.0,1.0,3,0.05431736286545255
1523,5,526,2,2.0,1.0,2,0.2854398577714354
1523,6,478,2,2.0,1.0,4,0.26468708217957176
1523,7,444,2,2.0,1.0,1,0.046532041959914526
1523,8,424,2,2.0,1.0,2,0.01896053075537182
1523,9,448,2,2.0,1.0,1,0.01834439878379011
1523,10,448,2,2.0,1.0,1,0.23879140322397013
1523,11,436,2,2.0,1.0,1,0.23589300235421795
1523,12,415,2,2.0,1.0,1,0.2312447501442231
1523,13,360,2,2.0,1.0,1,-0.003893442622950849
1523,14,332,2,2.0,1.0,1,0.17817627924816462
1523,15,319,2,2.0,1.0,3,-0.014710092361544818
1523,16,294,2,2.0,1.0,1,-0.04413395031489886
1524,1,665,2,2.0,1.0,3,0.0527213858079435
1524,2,604,2,2.0,1.0,1,0.02977453929440661
1524,3,557,2,2.0,1.0,1,0.034326972225613275
1524,4,527,2,2.0,1.0,1,0.03232498871886962
1524,5,556,2,2.0,1.0,1,0.05367039701572016
1524,6,484,2,2.0,1.0,1,0.021694960320054697
1524,7,528,2,2.0,1.0,1,0.046528892930749535
1524,8,502,2,2.0,1.0,1,0.026237392776878053
1524,9,457,2,2.0,1.0,1,0.010670514575500546
1524,10,433,2,2.0,1.0,1,0.0006423210161662771
1524,11,421,2,2.0,1.0,4,0.05046216777923463
1524,12,405,2,2.0,1.0,1,-0.013358428735213555
1524,13,421,2,2.0,1.0,2,-0.05018505412052296
1524,14,463,2,2.0,1.0,1,-0.5
1525,1,678,2,2.0,1.0,3,0.05100117308863716
1525,2,623,2,2.0,1.0,2,0.057131563080872104
1525,3,572,2,2.0,1.0,1,0.044055792480162566
1525,4,528,2,2.0,1.0,3,0.028426814940852713
1525,5,554,2,2.0,1.0,1,0.058302915651508684
1525,6,494,2,2.0,1.0,1,0.05208628132463193
1525,7,432,2,2.0,1.0,3,0.27241680705436255
1525,8,452,2,2.0,1.0,3,0.2751547007018406
1525,9,469,2,2.0,1.0,2,0.30645969217151225
1525,10,462,2,2.0,1.0,2,0.3012478849243541
1525,11,470,2,2.0,1.0,4,0.31520126558712347
1525,12,471,2,2.0,1.0,1,0.32296153131126554
1525,13,489,2,2.0,1.0,1,0.3389841737173584
1525,14,490,2,2.0,1.0,1,0.33782664228482323
1525,15,427,2,2.0,1.0,3,0.34716262257142255
1525,16,378,2,2.0,1.0,3,0.4207351857176511
1525,17,428,2,2.0,1.0,1,0.4619794529961552
1525,18,477,2,2.0,1.0,1,0.4997641509433962
1525,19,1240,2,0.0032258064516129032,1.0,7,0.9991935483870967
1526,1,683,2,2.0,1.0,3,0.050992471137532996
1526,2,638,2,2.0,1.0,2,0.057132991245717704
1526,3,570,2,2.0,1.0,1,0.045312598723700366
1526,4,540,2,2.0,1.0,1,0.028409090909091262
1526,5,557,2,2.0,1.0,1,0.058333566716684125
1526,6,451,2,2.0,1.0,1,0.030632231421321997
1526,7,441,2,2.0,1.0,3,0.07038217883248112
1526,8,443,2,2.0,1.0,1,0.048429150590358704
1526,9,430,2,2.0,1.0,1,0.02846428389287182
1526,10,444,2,2.0,1.0,1,0.046236975070812966
1526,11,425,2,2.0,1.0,1,0.04109042551050997
1526,12,356,2,2.0,1.0,6,0.11625502193733175
1526,13,363,2,2.0,1.0,4,-0.47386537171683735
1526,14,401,2,1.9900249376558603,1.0,3,-0.48841096294166736
1526,15,631,1,1.0,1.0,2,-0.75
1527,1,680,2,2.0,1.0,3,0.043368199065045285
1527,2,637,2,2.0,1.0,3,0.046246625343635744
1527,3,561,2,2.0,1.0,3,0.045317351763854125
1527,4,544,2,2.0,1.0,3,0.057761519257416905
1527,5,531,2,2.0,1.0,2,0.2854613978412593
1527,6,505,2,2.0,1.0,3,0.289740447928915
1527,7,454,2,2.0,1.0,4,0.26041817244176974
1527,8,457,2,2.0,1.0,2,0.047207592083793465
1527,9,480,2,2.0,1.0,1,0.036148842569156424
1527,10,440,2,2.0,1.0,4,0.2592666805094155
1527,11,366,2,2.0,1.0,8,0.28643861890763445
1527,12,409,2,2.0,1.0,4,0.2799824681900951
1527,13,435,2,2.0,1.0,1,0.28600712800523737
1527,14,329,2,2.0,1.0,1,0.10181380448715403
1527,15,328,2,2.0,1.0,1,0.236450526619504
1527,16,352,2,2.0,1.0,2,0.07500591595894344
1527,17,391,2,2.0,1.0,3,0.3060063909363664
1527,18,356,2,2.0,1.0,2,0.08947168430187094
1527,19,407,2,2.0,1.0,2,0.03407681279517872
1527,20,385,2,1.9974025974025975,1.0,1,-0.021376059086215822
