game,round,iteration,depth,current_player,terr_attacked_in_round (actions taken)
1,1,1,0,Russians,1
1,1,1,0,Italians,2
1,1,1,0,Germans,1
1,1,1,0,Chinese,3
1,1,1,1,Russians,1
1,1,1,1,Italians,2
1,1,1,1,Germans,1
1,1,1,1,Chinese,2
1,1,1,2,Russians,1
1,1,1,2,Italians,1
1,1,1,2,Germans,1
1,1,1,2,Chinese,3
1,1,1,3,Russians,0
1,1,1,3,Italians,1
1,1,1,3,Germans,1
1,1,1,3,Chinese,2
1,1,1,4,Russians,0
1,1,1,4,Italians,1
1,1,1,4,Germans,2
1,1,1,4,Chinese,1
1,1,2,0,Russians,2
1,1,2,0,Italians,3
1,1,2,0,Germans,2
1,1,2,0,Chinese,3
1,1,2,1,Russians,1
1,1,2,1,Italians,2
1,1,2,1,Germans,1
1,1,2,1,Chinese,1
1,1,2,2,Russians,1
1,1,2,2,Italians,2
1,1,2,2,Germans,2
1,1,2,2,Chinese,2
1,1,2,3,Russians,0
1,1,2,3,Italians,2
1,1,2,3,Germans,2
1,1,2,3,Chinese,2
1,1,2,4,Russians,0
1,1,2,4,Italians,1
1,1,2,4,Germans,3
1,1,2,4,Chinese,2
1,1,3,0,Russians,2
1,1,3,0,Italians,3
1,1,3,0,Germans,2
1,1,3,0,Chinese,3
1,1,3,1,Russians,2
1,1,3,1,Italians,2
1,1,3,1,Germans,2
1,1,3,1,Chinese,2
1,1,3,2,Russians,1
1,1,3,2,Italians,2
1,1,3,2,Germans,3
1,1,3,2,Chinese,2
1,1,3,3,Russians,0
1,1,3,3,Italians,0
1,1,3,3,Germans,3
1,1,3,3,Chinese,1
1,1,3,4,Russians,0
1,1,3,4,Italians,0
1,1,3,4,Germans,2
1,1,3,4,Chinese,2
1,1,4,0,Russians,1
1,1,4,0,Italians,3
1,1,4,0,Germans,1
1,1,4,0,Chinese,3
1,1,4,1,Russians,2
1,1,4,1,Italians,2
1,1,4,1,Germans,1
1,1,4,1,Chinese,2
1,1,4,2,Russians,2
1,1,4,2,Italians,1
1,1,4,2,Germans,2
1,1,4,2,Chinese,2
1,1,4,3,Russians,2
1,1,4,3,Italians,2
1,1,4,3,Germans,2
1,1,4,3,Chinese,2
1,1,4,4,Russians,0
1,1,4,4,Italians,1
1,1,4,4,Germans,2
1,1,4,4,Chinese,2
1,1,5,0,Russians,2
1,1,5,0,Italians,2
1,1,5,0,Germans,1
1,1,5,0,Chinese,3
1,1,5,1,Russians,2
1,1,5,1,Italians,2
1,1,5,1,Germans,1
1,1,5,1,Chinese,2
1,1,5,2,Russians,0
1,1,5,2,Italians,2
1,1,5,2,Germans,1
1,1,5,2,Chinese,2
1,1,5,3,Russians,0
1,1,5,3,Italians,1
1,1,5,3,Germans,1
1,1,5,3,Chinese,2
1,1,5,4,Russians,0
1,1,5,4,Italians,2
1,1,5,4,Germans,1
1,1,5,4,Chinese,2
1,1,6,0,Russians,1
1,1,6,0,Italians,3
1,1,6,0,Germans,2
1,1,6,0,Chinese,2
1,1,6,1,Russians,1
1,1,6,1,Italians,3
1,1,6,1,Germans,1
1,1,6,1,Chinese,1
1,1,6,2,Russians,0
1,1,6,2,Italians,2
1,1,6,2,Germans,2
1,1,6,2,Chinese,1
1,1,6,3,Russians,0
1,1,6,3,Italians,2
1,1,6,3,Germans,2
1,1,6,3,Chinese,2
1,1,6,4,Russians,0
1,1,6,4,Italians,2
1,1,6,4,Germans,2
1,1,6,4,Chinese,2
1,1,7,0,Russians,1
1,1,7,0,Italians,3
1,1,7,0,Germans,2
1,1,7,0,Chinese,3
1,1,7,1,Russians,1
1,1,7,1,Italians,3
1,1,7,1,Germans,1
1,1,7,1,Chinese,2
1,1,7,2,Russians,1
1,1,7,2,Italians,2
1,1,7,2,Germans,2
1,1,7,2,Chinese,2
1,1,7,3,Russians,1
1,1,7,3,Italians,2
1,1,7,3,Germans,3
1,1,7,3,Chinese,2
1,1,7,4,Russians,0
1,1,7,4,Italians,1
1,1,7,4,Germans,1
1,1,7,4,Chinese,2
1,1,8,0,Russians,2
1,1,8,0,Italians,3
1,1,8,0,Germans,2
1,1,8,0,Chinese,3
1,1,8,1,Russians,1
1,1,8,1,Italians,1
1,1,8,1,Germans,3
1,1,8,1,Chinese,3
1,1,8,2,Russians,0
1,1,8,2,Italians,1
1,1,8,2,Germans,2
1,1,8,2,Chinese,3
1,1,8,3,Russians,0
1,1,8,3,Italians,0
1,1,8,3,Germans,3
1,1,8,3,Chinese,1
1,1,8,4,Russians,0
1,1,8,4,Italians,0
1,1,8,4,Germans,2
1,1,8,4,Chinese,3
1,1,9,0,Russians,2
1,1,9,0,Italians,3
1,1,9,0,Germans,2
1,1,9,0,Chinese,2
1,1,9,1,Russians,2
1,1,9,1,Italians,2
1,1,9,1,Germans,2
1,1,9,1,Chinese,2
1,1,9,2,Russians,0
1,1,9,2,Italians,3
1,1,9,2,Germans,3
1,1,9,2,Chinese,2
1,1,9,3,Russians,0
1,1,9,3,Italians,1
1,1,9,3,Germans,3
1,1,9,3,Chinese,1
1,1,9,4,Russians,0
1,1,9,4,Italians,1
1,1,9,4,Germans,1
1,1,9,4,Chinese,1
1,1,10,0,Russians,1
1,1,10,0,Italians,3
1,1,10,0,Germans,2
1,1,10,0,Chinese,3
1,1,10,1,Russians,1
1,1,10,1,Italians,3
1,1,10,1,Germans,1
1,1,10,1,Chinese,2
1,1,10,2,Russians,1
1,1,10,2,Italians,2
1,1,10,2,Germans,2
1,1,10,2,Chinese,2
1,1,10,3,Russians,1
1,1,10,3,Italians,2
1,1,10,3,Germans,3
1,1,10,3,Chinese,2
1,1,10,4,Russians,0
1,1,10,4,Italians,1
1,1,10,4,Germans,1
1,1,10,4,Chinese,2
1,1,11,0,Russians,2
1,1,11,0,Italians,3
1,1,11,0,Germans,2
1,1,11,0,Chinese,3
1,1,11,1,Russians,1
1,1,11,1,Italians,2
1,1,11,1,Germans,1
1,1,11,1,Chinese,1
1,1,11,2,Russians,0
1,1,11,2,Italians,2
1,1,11,2,Germans,2
1,1,11,2,Chinese,1
1,1,11,3,Russians,0
1,1,11,3,Italians,1
1,1,11,3,Germans,2
1,1,11,3,Chinese,2
1,1,11,4,Russians,0
1,1,11,4,Italians,1
1,1,11,4,Germans,2
1,1,11,4,Chinese,3
1,1,12,0,Russians,1
1,1,12,0,Italians,3
1,1,12,0,Germans,1
1,1,12,0,Chinese,3
1,1,12,1,Russians,2
1,1,12,1,Italians,2
1,1,12,1,Germans,1
1,1,12,1,Chinese,2
1,1,12,2,Russians,1
1,1,12,2,Italians,1
1,1,12,2,Germans,2
1,1,12,2,Chinese,2
1,1,12,3,Russians,1
1,1,12,3,Italians,1
1,1,12,3,Germans,2
1,1,12,3,Chinese,2
1,1,12,4,Russians,1
1,1,12,4,Italians,1
1,1,12,4,Germans,3
1,1,12,4,Chinese,1
1,1,13,0,Russians,2
1,1,13,0,Italians,3
1,1,13,0,Germans,2
1,1,13,0,Chinese,3
1,1,13,1,Russians,1
1,1,13,1,Italians,2
1,1,13,1,Germans,2
1,1,13,1,Chinese,3
1,1,13,2,Russians,1
1,1,13,2,Italians,3
1,1,13,2,Germans,3
1,1,13,2,Chinese,2
1,1,13,3,Russians,1
1,1,13,3,Italians,2
1,1,13,3,Germans,3
1,1,13,3,Chinese,1
1,1,13,4,Russians,0
1,1,13,4,Italians,1
1,1,13,4,Germans,3
1,1,13,4,Chinese,1
1,1,14,0,Russians,1
1,1,14,0,Italians,3
1,1,14,0,Germans,2
1,1,14,0,Chinese,3
1,1,14,1,Russians,1
1,1,14,1,Italians,3
1,1,14,1,Germans,1
1,1,14,1,Chinese,2
1,1,14,2,Russians,1
1,1,14,2,Italians,2
1,1,14,2,Germans,2
1,1,14,2,Chinese,2
1,1,14,3,Russians,1
1,1,14,3,Italians,2
1,1,14,3,Germans,3
1,1,14,3,Chinese,2
1,1,14,4,Russians,0
1,1,14,4,Italians,1
1,1,14,4,Germans,1
1,1,14,4,Chinese,2
1,1,15,0,Russians,2
1,1,15,0,Italians,2
1,1,15,0,Germans,1
1,1,15,0,Chinese,2
1,1,15,1,Russians,2
1,1,15,1,Italians,2
1,1,15,1,Germans,2
1,1,15,1,Chinese,2
1,1,15,2,Russians,0
1,1,15,2,Italians,2
1,1,15,2,Germans,2
1,1,15,2,Chinese,2
1,1,15,3,Russians,0
1,1,15,3,Italians,1
1,1,15,3,Germans,2
1,1,15,3,Chinese,3
1,1,15,4,Russians,0
1,1,15,4,Italians,1
1,1,15,4,Germans,2
1,1,15,4,Chinese,3
1,1,16,0,Russians,1
1,1,16,0,Italians,3
1,1,16,0,Germans,2
1,1,16,0,Chinese,2
1,1,16,1,Russians,1
1,1,16,1,Italians,2
1,1,16,1,Germans,1
1,1,16,1,Chinese,2
1,1,16,2,Russians,0
1,1,16,2,Italians,2
1,1,16,2,Germans,2
1,1,16,2,Chinese,1
1,1,16,3,Russians,0
1,1,16,3,Italians,2
1,1,16,3,Germans,2
1,1,16,3,Chinese,2
1,1,16,4,Russians,0
1,1,16,4,Italians,1
1,1,16,4,Germans,2
1,1,16,4,Chinese,3
1,1,17,0,Russians,1
1,1,17,0,Italians,3
1,1,17,0,Germans,2
1,1,17,0,Chinese,3
1,1,17,1,Russians,1
1,1,17,1,Italians,2
1,1,17,1,Germans,2
1,1,17,1,Chinese,3
1,1,17,2,Russians,1
1,1,17,2,Italians,2
1,1,17,2,Germans,3
1,1,17,2,Chinese,2
1,1,17,3,Russians,0
1,1,17,3,Italians,1
1,1,17,3,Germans,2
1,1,17,3,Chinese,1
1,1,17,4,Russians,0
1,1,17,4,Italians,1
1,1,17,4,Germans,0
1,1,17,4,Chinese,2
1,1,18,0,Russians,2
1,1,18,0,Italians,3
1,1,18,0,Germans,2
1,1,18,0,Chinese,3
1,1,18,1,Russians,1
1,1,18,1,Italians,2
1,1,18,1,Germans,1
1,1,18,1,Chinese,2
1,1,18,2,Russians,0
1,1,18,2,Italians,2
1,1,18,2,Germans,2
1,1,18,2,Chinese,2
1,1,18,3,Russians,0
1,1,18,3,Italians,1
1,1,18,3,Germans,2
1,1,18,3,Chinese,2
1,1,18,4,Russians,0
1,1,18,4,Italians,1
1,1,18,4,Germans,2
1,1,18,4,Chinese,2
1,1,19,0,Russians,2
1,1,19,0,Italians,3
1,1,19,0,Germans,2
1,1,19,0,Chinese,2
1,1,19,1,Russians,2
1,1,19,1,Italians,2
1,1,19,1,Germans,2
1,1,19,1,Chinese,2
1,1,19,2,Russians,0
1,1,19,2,Italians,2
1,1,19,2,Germans,3
1,1,19,2,Chinese,2
1,1,19,3,Russians,0
1,1,19,3,Italians,1
1,1,19,3,Germans,4
1,1,19,3,Chinese,1
1,1,19,4,Russians,0
1,1,19,4,Italians,1
1,1,19,4,Germans,5
1,1,19,4,Chinese,1
1,1,20,0,Russians,1
1,1,20,0,Italians,2
1,1,20,0,Germans,2
1,1,20,0,Chinese,3
1,1,20,1,Russians,1
1,1,20,1,Italians,1
1,1,20,1,Germans,1
1,1,20,1,Chinese,3
1,1,20,2,Russians,0
1,1,20,2,Italians,1
1,1,20,2,Germans,2
1,1,20,2,Chinese,2
1,1,20,3,Russians,1
1,1,20,3,Italians,2
1,1,20,3,Germans,1
1,1,20,3,Chinese,0
1,1,20,4,Russians,1
1,1,20,4,Italians,2
1,1,20,4,Germans,0
1,1,20,4,Chinese,2
1,1,21,0,Russians,2
1,1,21,0,Italians,2
1,1,21,0,Germans,2
1,1,21,0,Chinese,3
1,1,21,1,Russians,2
1,1,21,1,Italians,1
1,1,21,1,Germans,2
1,1,21,1,Chinese,3
1,1,21,2,Russians,0
1,1,21,2,Italians,2
1,1,21,2,Germans,1
1,1,21,2,Chinese,3
1,1,21,3,Russians,0
1,1,21,3,Italians,1
1,1,21,3,Germans,2
1,1,21,3,Chinese,2
1,1,21,4,Russians,0
1,1,21,4,Italians,1
1,1,21,4,Germans,2
1,1,21,4,Chinese,3
1,1,22,0,Russians,2
1,1,22,0,Italians,3
1,1,22,0,Germans,1
1,1,22,0,Chinese,3
1,1,22,1,Russians,1
1,1,22,1,Italians,3
1,1,22,1,Germans,2
1,1,22,1,Chinese,2
1,1,22,2,Russians,1
1,1,22,2,Italians,2
1,1,22,2,Germans,2
1,1,22,2,Chinese,2
1,1,22,3,Russians,2
1,1,22,3,Italians,0
1,1,22,3,Germans,2
1,1,22,3,Chinese,2
1,1,22,4,Russians,1
1,1,22,4,Italians,1
1,1,22,4,Germans,2
1,1,22,4,Chinese,1
1,1,23,0,Russians,1
1,1,23,0,Italians,3
1,1,23,0,Germans,2
1,1,23,0,Chinese,3
1,1,23,1,Russians,1
1,1,23,1,Italians,1
1,1,23,1,Germans,2
1,1,23,1,Chinese,3
1,1,23,2,Russians,0
1,1,23,2,Italians,1
1,1,23,2,Germans,3
1,1,23,2,Chinese,3
1,1,23,3,Russians,0
1,1,23,3,Italians,2
1,1,23,3,Germans,3
1,1,23,3,Chinese,1
1,1,23,4,Russians,0
1,1,23,4,Italians,1
1,1,23,4,Germans,1
1,1,23,4,Chinese,3
1,1,24,0,Russians,2
1,1,24,0,Italians,3
1,1,24,0,Germans,2
1,1,24,0,Chinese,3
1,1,24,1,Russians,1
1,1,24,1,Italians,2
1,1,24,1,Germans,1
1,1,24,1,Chinese,2
1,1,24,2,Russians,0
1,1,24,2,Italians,2
1,1,24,2,Germans,2
1,1,24,2,Chinese,2
1,1,24,3,Russians,0
1,1,24,3,Italians,1
1,1,24,3,Germans,2
1,1,24,3,Chinese,2
1,1,24,4,Russians,0
1,1,24,4,Italians,1
1,1,24,4,Germans,3
1,1,24,4,Chinese,2
1,1,25,0,Russians,1
1,1,25,0,Italians,3
1,1,25,0,Germans,2
1,1,25,0,Chinese,3
1,1,25,1,Russians,2
1,1,25,1,Italians,2
1,1,25,1,Germans,1
1,1,25,1,Chinese,2
1,1,25,2,Russians,2
1,1,25,2,Italians,1
1,1,25,2,Germans,2
1,1,25,2,Chinese,1
1,1,25,3,Russians,2
1,1,25,3,Italians,2
1,1,25,3,Germans,3
1,1,25,3,Chinese,2
1,1,25,4,Russians,1
1,1,25,4,Italians,2
1,1,25,4,Germans,1
1,1,25,4,Chinese,2
1,1,26,0,Russians,1
1,1,26,0,Italians,2
1,1,26,0,Germans,1
1,1,26,0,Chinese,3
1,1,26,1,Russians,1
1,1,26,1,Italians,2
1,1,26,1,Germans,1
1,1,26,1,Chinese,2
1,1,26,2,Russians,0
1,1,26,2,Italians,1
1,1,26,2,Germans,1
1,1,26,2,Chinese,3
1,1,26,3,Russians,1
1,1,26,3,Italians,2
1,1,26,3,Germans,1
1,1,26,3,Chinese,1
1,1,26,4,Russians,1
1,1,26,4,Italians,2
1,1,26,4,Germans,2
1,1,26,4,Chinese,2
1,1,27,0,Russians,2
1,1,27,0,Italians,2
1,1,27,0,Germans,2
1,1,27,0,Chinese,3
1,1,27,1,Russians,2
1,1,27,1,Italians,1
1,1,27,1,Germans,1
1,1,27,1,Chinese,2
1,1,27,2,Russians,1
1,1,27,2,Italians,2
1,1,27,2,Germans,2
1,1,27,2,Chinese,3
1,1,27,3,Russians,0
1,1,27,3,Italians,1
1,1,27,3,Germans,2
1,1,27,3,Chinese,1
1,1,27,4,Russians,0
1,1,27,4,Italians,2
1,1,27,4,Germans,2
1,1,27,4,Chinese,3
1,1,28,0,Russians,2
1,1,28,0,Italians,3
1,1,28,0,Germans,1
1,1,28,0,Chinese,2
1,1,28,1,Russians,2
1,1,28,1,Italians,2
1,1,28,1,Germans,1
1,1,28,1,Chinese,1
1,1,28,2,Russians,1
1,1,28,2,Italians,2
1,1,28,2,Germans,2
1,1,28,2,Chinese,2
1,1,28,3,Russians,1
1,1,28,3,Italians,0
1,1,28,3,Germans,2
1,1,28,3,Chinese,2
1,1,28,4,Russians,1
1,1,28,4,Italians,0
1,1,28,4,Germans,3
1,1,28,4,Chinese,2
1,1,29,0,Russians,1
1,1,29,0,Italians,2
1,1,29,0,Germans,1
1,1,29,0,Chinese,3
1,1,29,1,Russians,1
1,1,29,1,Italians,2
1,1,29,1,Germans,1
1,1,29,1,Chinese,2
1,1,29,2,Russians,1
1,1,29,2,Italians,1
1,1,29,2,Germans,1
1,1,29,2,Chinese,3
1,1,29,3,Russians,0
1,1,29,3,Italians,1
1,1,29,3,Germans,1
1,1,29,3,Chinese,2
1,1,29,4,Russians,0
1,1,29,4,Italians,1
1,1,29,4,Germans,2
1,1,29,4,Chinese,1
1,1,30,0,Russians,2
1,1,30,0,Italians,2
1,1,30,0,Germans,2
1,1,30,0,Chinese,3
1,1,30,1,Russians,2
1,1,30,1,Italians,1
1,1,30,1,Germans,1
1,1,30,1,Chinese,2
1,1,30,2,Russians,0
1,1,30,2,Italians,2
1,1,30,2,Germans,2
1,1,30,2,Chinese,1
1,1,30,3,Russians,0
1,1,30,3,Italians,1
1,1,30,3,Germans,2
1,1,30,3,Chinese,2
1,1,30,4,Russians,0
1,1,30,4,Italians,2
1,1,30,4,Germans,1
1,1,30,4,Chinese,3
1,1,31,0,Russians,2
1,1,31,0,Italians,3
1,1,31,0,Germans,2
1,1,31,0,Chinese,2
1,1,31,1,Russians,2
1,1,31,1,Italians,3
1,1,31,1,Germans,1
1,1,31,1,Chinese,1
1,1,31,2,Russians,0
1,1,31,2,Italians,2
1,1,31,2,Germans,2
1,1,31,2,Chinese,2
1,1,31,3,Russians,0
1,1,31,3,Italians,1
1,1,31,3,Germans,2
1,1,31,3,Chinese,2
1,1,31,4,Russians,0
1,1,31,4,Italians,2
1,1,31,4,Germans,2
1,1,31,4,Chinese,1
1,1,32,0,Russians,1
1,1,32,0,Italians,3
1,1,32,0,Germans,1
1,1,32,0,Chinese,3
1,1,32,1,Russians,2
1,1,32,1,Italians,2
1,1,32,1,Germans,1
1,1,32,1,Chinese,2
1,1,32,2,Russians,2
1,1,32,2,Italians,1
1,1,32,2,Germans,2
1,1,32,2,Chinese,2
1,1,32,3,Russians,2
1,1,32,3,Italians,2
1,1,32,3,Germans,2
1,1,32,3,Chinese,2
1,1,32,4,Russians,0
1,1,32,4,Italians,1
1,1,32,4,Germans,2
1,1,32,4,Chinese,2
1,1,33,0,Russians,2
1,1,33,0,Italians,2
1,1,33,0,Germans,1
1,1,33,0,Chinese,2
1,1,33,1,Russians,2
1,1,33,1,Italians,2
1,1,33,1,Germans,2
1,1,33,1,Chinese,2
1,1,33,2,Russians,0
1,1,33,2,Italians,2
1,1,33,2,Germans,2
1,1,33,2,Chinese,2
1,1,33,3,Russians,0
1,1,33,3,Italians,1
1,1,33,3,Germans,2
1,1,33,3,Chinese,3
1,1,33,4,Russians,0
1,1,33,4,Italians,1
1,1,33,4,Germans,1
1,1,33,4,Chinese,2
1,1,34,0,Russians,1
1,1,34,0,Italians,3
1,1,34,0,Germans,2
1,1,34,0,Chinese,3
1,1,34,1,Russians,2
1,1,34,1,Italians,2
1,1,34,1,Germans,2
1,1,34,1,Chinese,3
1,1,34,2,Russians,1
1,1,34,2,Italians,2
1,1,34,2,Germans,3
1,1,34,2,Chinese,3
1,1,34,3,Russians,0
1,1,34,3,Italians,0
1,1,34,3,Germans,3
1,1,34,3,Chinese,1
1,1,34,4,Russians,0
1,1,34,4,Italians,0
1,1,34,4,Germans,2
1,1,34,4,Chinese,3
1,1,35,0,Russians,1
1,1,35,0,Italians,3
1,1,35,0,Germans,2
1,1,35,0,Chinese,3
1,1,35,1,Russians,1
1,1,35,1,Italians,3
1,1,35,1,Germans,1
1,1,35,1,Chinese,2
1,1,35,2,Russians,1
1,1,35,2,Italians,2
1,1,35,2,Germans,2
1,1,35,2,Chinese,2
1,1,35,3,Russians,1
1,1,35,3,Italians,2
1,1,35,3,Germans,3
1,1,35,3,Chinese,2
1,1,35,4,Russians,0
1,1,35,4,Italians,1
1,1,35,4,Germans,1
1,1,35,4,Chinese,2
1,1,36,0,Russians,2
1,1,36,0,Italians,2
1,1,36,0,Germans,1
1,1,36,0,Chinese,3
1,1,36,1,Russians,2
1,1,36,1,Italians,2
1,1,36,1,Germans,1
1,1,36,1,Chinese,2
1,1,36,2,Russians,0
1,1,36,2,Italians,2
1,1,36,2,Germans,2
1,1,36,2,Chinese,2
1,1,36,3,Russians,0
1,1,36,3,Italians,1
1,1,36,3,Germans,2
1,1,36,3,Chinese,2
1,1,36,4,Russians,0
1,1,36,4,Italians,1
1,1,36,4,Germans,2
1,1,36,4,Chinese,2
1,1,37,0,Russians,1
1,1,37,0,Italians,3
1,1,37,0,Germans,2
1,1,37,0,Chinese,2
1,1,37,1,Russians,1
1,1,37,1,Italians,2
1,1,37,1,Germans,1
1,1,37,1,Chinese,2
1,1,37,2,Russians,0
1,1,37,2,Italians,2
1,1,37,2,Germans,2
1,1,37,2,Chinese,1
1,1,37,3,Russians,0
1,1,37,3,Italians,2
1,1,37,3,Germans,1
1,1,37,3,Chinese,2
1,1,37,4,Russians,0
1,1,37,4,Italians,1
1,1,37,4,Germans,0
1,1,37,4,Chinese,2
1,1,38,0,Russians,1
1,1,38,0,Italians,2
1,1,38,0,Germans,1
1,1,38,0,Chinese,3
1,1,38,1,Russians,1
1,1,38,1,Italians,2
1,1,38,1,Germans,1
1,1,38,1,Chinese,2
1,1,38,2,Russians,1
1,1,38,2,Italians,1
1,1,38,2,Germans,2
1,1,38,2,Chinese,3
1,1,38,3,Russians,0
1,1,38,3,Italians,1
1,1,38,3,Germans,2
1,1,38,3,Chinese,2
1,1,38,4,Russians,0
1,1,38,4,Italians,1
1,1,38,4,Germans,2
1,1,38,4,Chinese,2
1,1,39,0,Russians,2
1,1,39,0,Italians,3
1,1,39,0,Germans,2
1,1,39,0,Chinese,3
1,1,39,1,Russians,1
1,1,39,1,Italians,2
1,1,39,1,Germans,1
1,1,39,1,Chinese,1
1,1,39,2,Russians,1
1,1,39,2,Italians,2
1,1,39,2,Germans,2
1,1,39,2,Chinese,2
1,1,39,3,Russians,0
1,1,39,3,Italians,1
1,1,39,3,Germans,2
1,1,39,3,Chinese,2
1,1,39,4,Russians,0
1,1,39,4,Italians,1
1,1,39,4,Germans,2
1,1,39,4,Chinese,2
1,1,40,0,Russians,2
1,1,40,0,Italians,3
1,1,40,0,Germans,2
1,1,40,0,Chinese,2
1,1,40,1,Russians,2
1,1,40,1,Italians,3
1,1,40,1,Germans,1
1,1,40,1,Chinese,1
1,1,40,2,Russians,0
1,1,40,2,Italians,2
1,1,40,2,Germans,2
1,1,40,2,Chinese,2
1,1,40,3,Russians,0
1,1,40,3,Italians,2
1,1,40,3,Germans,2
1,1,40,3,Chinese,2
1,1,40,4,Russians,0
1,1,40,4,Italians,1
1,1,40,4,Germans,2
1,1,40,4,Chinese,2
1,1,41,0,Russians,1
1,1,41,0,Italians,2
1,1,41,0,Germans,2
1,1,41,0,Chinese,3
1,1,41,1,Russians,1
1,1,41,1,Italians,1
1,1,41,1,Germans,1
1,1,41,1,Chinese,3
1,1,41,2,Russians,1
1,1,41,2,Italians,1
1,1,41,2,Germans,2
1,1,41,2,Chinese,2
1,1,41,3,Russians,0
1,1,41,3,Italians,1
1,1,41,3,Germans,2
1,1,41,3,Chinese,1
1,1,41,4,Russians,0
1,1,41,4,Italians,1
1,1,41,4,Germans,2
1,1,41,4,Chinese,1
1,1,42,0,Russians,2
1,1,42,0,Italians,2
1,1,42,0,Germans,1
1,1,42,0,Chinese,3
1,1,42,1,Russians,2
1,1,42,1,Italians,2
1,1,42,1,Germans,1
1,1,42,1,Chinese,2
1,1,42,2,Russians,0
1,1,42,2,Italians,2
1,1,42,2,Germans,2
1,1,42,2,Chinese,2
1,1,42,3,Russians,0
1,1,42,3,Italians,1
1,1,42,3,Germans,2
1,1,42,3,Chinese,2
1,1,42,4,Russians,0
1,1,42,4,Italians,1
1,1,42,4,Germans,3
1,1,42,4,Chinese,2
1,2,1,0,Russians,2
1,2,1,0,Italians,2
1,2,1,0,Germans,3
1,2,1,0,Chinese,3
1,2,1,1,Russians,1
1,2,1,1,Italians,3
1,2,1,1,Germans,3
1,2,1,1,Chinese,3
1,2,1,2,Russians,2
1,2,1,2,Italians,2
1,2,1,2,Germans,1
1,2,1,2,Chinese,3
1,2,1,3,Russians,1
1,2,1,3,Italians,1
1,2,1,3,Germans,2
1,2,1,3,Chinese,2
1,2,1,4,Russians,1
1,2,1,4,Italians,1
1,2,1,4,Germans,2
1,2,1,4,Chinese,1
1,2,2,0,Russians,2
1,2,2,0,Italians,2
1,2,2,0,Germans,3
1,2,2,0,Chinese,3
1,2,2,1,Russians,2
1,2,2,1,Italians,3
1,2,2,1,Germans,3
1,2,2,1,Chinese,2
1,2,2,2,Russians,2
1,2,2,2,Italians,2
1,2,2,2,Germans,2
1,2,2,2,Chinese,2
1,2,2,3,Russians,1
1,2,2,3,Italians,1
1,2,2,3,Germans,2
1,2,2,3,Chinese,3
1,2,2,4,Russians,1
1,2,2,4,Italians,1
1,2,2,4,Germans,1
1,2,2,4,Chinese,1
1,2,3,0,Russians,1
1,2,3,0,Italians,2
1,2,3,0,Germans,3
1,2,3,0,Chinese,2
1,2,3,1,Russians,2
1,2,3,1,Italians,3
1,2,3,1,Germans,3
1,2,3,1,Chinese,3
1,2,3,2,Russians,3
1,2,3,2,Italians,2
1,2,3,2,Germans,2
1,2,3,2,Chinese,2
1,2,3,3,Russians,1
1,2,3,3,Italians,1
1,2,3,3,Germans,2
1,2,3,3,Chinese,2
1,2,3,4,Russians,1
1,2,3,4,Italians,1
1,2,3,4,Germans,3
1,2,3,4,Chinese,1
1,2,4,0,Russians,1
1,2,4,0,Italians,3
1,2,4,0,Germans,3
1,2,4,0,Chinese,3
1,2,4,1,Russians,1
1,2,4,1,Italians,2
1,2,4,1,Germans,2
1,2,4,1,Chinese,3
1,2,4,2,Russians,1
1,2,4,2,Italians,2
1,2,4,2,Germans,1
1,2,4,2,Chinese,2
1,2,4,3,Russians,1
1,2,4,3,Italians,1
1,2,4,3,Germans,2
1,2,4,3,Chinese,3
1,2,4,4,Russians,1
1,2,4,4,Italians,1
1,2,4,4,Germans,3
1,2,4,4,Chinese,3
1,2,5,0,Russians,2
1,2,5,0,Italians,2
1,2,5,0,Germans,3
1,2,5,0,Chinese,3
1,2,5,1,Russians,1
1,2,5,1,Italians,3
1,2,5,1,Germans,3
1,2,5,1,Chinese,3
1,2,5,2,Russians,1
1,2,5,2,Italians,2
1,2,5,2,Germans,1
1,2,5,2,Chinese,3
1,2,5,3,Russians,1
1,2,5,3,Italians,1
1,2,5,3,Germans,2
1,2,5,3,Chinese,2
1,2,5,4,Russians,0
1,2,5,4,Italians,0
1,2,5,4,Germans,3
1,2,5,4,Chinese,2
1,2,6,0,Russians,1
1,2,6,0,Italians,3
1,2,6,0,Germans,3
1,2,6,0,Chinese,3
1,2,6,1,Russians,1
1,2,6,1,Italians,3
1,2,6,1,Germans,3
1,2,6,1,Chinese,3
1,2,6,2,Russians,1
1,2,6,2,Italians,1
1,2,6,2,Germans,1
1,2,6,2,Chinese,3
1,2,6,3,Russians,1
1,2,6,3,Italians,2
1,2,6,3,Germans,1
1,2,6,3,Chinese,2
1,2,6,4,Russians,1
1,2,6,4,Italians,1
1,2,6,4,Germans,2
1,2,6,4,Chinese,2
1,2,7,0,Russians,1
1,2,7,0,Italians,2
1,2,7,0,Germans,3
1,2,7,0,Chinese,3
1,2,7,1,Russians,1
1,2,7,1,Italians,3
1,2,7,1,Germans,3
1,2,7,1,Chinese,3
1,2,7,2,Russians,2
1,2,7,2,Italians,2
1,2,7,2,Germans,1
1,2,7,2,Chinese,3
1,2,7,3,Russians,1
1,2,7,3,Italians,1
1,2,7,3,Germans,2
1,2,7,3,Chinese,2
1,2,7,4,Russians,1
1,2,7,4,Italians,0
1,2,7,4,Germans,3
1,2,7,4,Chinese,1
1,2,8,0,Russians,2
1,2,8,0,Italians,2
1,2,8,0,Germans,3
1,2,8,0,Chinese,3
1,2,8,1,Russians,2
1,2,8,1,Italians,3
1,2,8,1,Germans,3
1,2,8,1,Chinese,2
1,2,8,2,Russians,1
1,2,8,2,Italians,2
1,2,8,2,Germans,2
1,2,8,2,Chinese,2
1,2,8,3,Russians,1
1,2,8,3,Italians,1
1,2,8,3,Germans,2
1,2,8,3,Chinese,3
1,2,8,4,Russians,0
1,2,8,4,Italians,1
1,2,8,4,Germans,1
1,2,8,4,Chinese,2
1,2,9,0,Russians,2
1,2,9,0,Italians,2
1,2,9,0,Germans,3
1,2,9,0,Chinese,3
1,2,9,1,Russians,1
1,2,9,1,Italians,3
1,2,9,1,Germans,3
1,2,9,1,Chinese,3
1,2,9,2,Russians,2
1,2,9,2,Italians,2
1,2,9,2,Germans,1
1,2,9,2,Chinese,3
1,2,9,3,Russians,1
1,2,9,3,Italians,1
1,2,9,3,Germans,1
1,2,9,3,Chinese,2
1,2,9,4,Russians,0
1,2,9,4,Italians,1
1,2,9,4,Germans,2
1,2,9,4,Chinese,0
1,2,10,0,Russians,1
1,2,10,0,Italians,2
1,2,10,0,Germans,3
1,2,10,0,Chinese,3
1,2,10,1,Russians,1
1,2,10,1,Italians,1
1,2,10,1,Germans,2
1,2,10,1,Chinese,3
1,2,10,2,Russians,1
1,2,10,2,Italians,2
1,2,10,2,Germans,1
1,2,10,2,Chinese,3
1,2,10,3,Russians,1
1,2,10,3,Italians,1
1,2,10,3,Germans,1
1,2,10,3,Chinese,2
1,2,10,4,Russians,0
1,2,10,4,Italians,1
1,2,10,4,Germans,1
1,2,10,4,Chinese,2
1,2,11,0,Russians,1
1,2,11,0,Italians,2
1,2,11,0,Germans,3
1,2,11,0,Chinese,3
1,2,11,1,Russians,1
1,2,11,1,Italians,3
1,2,11,1,Germans,3
1,2,11,1,Chinese,3
1,2,11,2,Russians,2
1,2,11,2,Italians,2
1,2,11,2,Germans,1
1,2,11,2,Chinese,3
1,2,11,3,Russians,1
1,2,11,3,Italians,1
1,2,11,3,Germans,2
1,2,11,3,Chinese,2
1,2,11,4,Russians,1
1,2,11,4,Italians,1
1,2,11,4,Germans,2
1,2,11,4,Chinese,1
1,2,12,0,Russians,1
1,2,12,0,Italians,2
1,2,12,0,Germans,3
1,2,12,0,Chinese,3
1,2,12,1,Russians,1
1,2,12,1,Italians,1
1,2,12,1,Germans,2
1,2,12,1,Chinese,3
1,2,12,2,Russians,1
1,2,12,2,Italians,2
1,2,12,2,Germans,1
1,2,12,2,Chinese,3
1,2,12,3,Russians,1
1,2,12,3,Italians,1
1,2,12,3,Germans,1
1,2,12,3,Chinese,2
1,2,12,4,Russians,0
1,2,12,4,Italians,1
1,2,12,4,Germans,1
1,2,12,4,Chinese,2
1,2,13,0,Russians,2
1,2,13,0,Italians,2
1,2,13,0,Germans,3
1,2,13,0,Chinese,3
1,2,13,1,Russians,1
1,2,13,1,Italians,3
1,2,13,1,Germans,3
1,2,13,1,Chinese,3
1,2,13,2,Russians,2
1,2,13,2,Italians,2
1,2,13,2,Germans,1
1,2,13,2,Chinese,3
1,2,13,3,Russians,1
1,2,13,3,Italians,1
1,2,13,3,Germans,2
1,2,13,3,Chinese,2
1,2,13,4,Russians,1
1,2,13,4,Italians,0
1,2,13,4,Germans,3
1,2,13,4,Chinese,1
1,2,14,0,Russians,2
1,2,14,0,Italians,2
1,2,14,0,Germans,3
1,2,14,0,Chinese,3
1,2,14,1,Russians,1
1,2,14,1,Italians,3
1,2,14,1,Germans,3
1,2,14,1,Chinese,3
1,2,14,2,Russians,1
1,2,14,2,Italians,1
1,2,14,2,Germans,1
1,2,14,2,Chinese,3
1,2,14,3,Russians,1
1,2,14,3,Italians,1
1,2,14,3,Germans,2
1,2,14,3,Chinese,2
1,2,14,4,Russians,1
1,2,14,4,Italians,0
1,2,14,4,Germans,2
1,2,14,4,Chinese,1
1,2,15,0,Russians,1
1,2,15,0,Italians,2
1,2,15,0,Germans,3
1,2,15,0,Chinese,3
1,2,15,1,Russians,1
1,2,15,1,Italians,3
1,2,15,1,Germans,3
1,2,15,1,Chinese,3
1,2,15,2,Russians,2
1,2,15,2,Italians,2
1,2,15,2,Germans,1
1,2,15,2,Chinese,3
1,2,15,3,Russians,1
1,2,15,3,Italians,1
1,2,15,3,Germans,2
1,2,15,3,Chinese,2
1,2,15,4,Russians,0
1,2,15,4,Italians,0
1,2,15,4,Germans,1
1,2,15,4,Chinese,2
1,2,16,0,Russians,2
1,2,16,0,Italians,2
1,2,16,0,Germans,3
1,2,16,0,Chinese,3
1,2,16,1,Russians,2
1,2,16,1,Italians,3
1,2,16,1,Germans,3
1,2,16,1,Chinese,2
1,2,16,2,Russians,2
1,2,16,2,Italians,2
1,2,16,2,Germans,2
1,2,16,2,Chinese,2
1,2,16,3,Russians,1
1,2,16,3,Italians,1
1,2,16,3,Germans,2
1,2,16,3,Chinese,3
1,2,16,4,Russians,1
1,2,16,4,Italians,1
1,2,16,4,Germans,2
1,2,16,4,Chinese,1
1,2,17,0,Russians,2
1,2,17,0,Italians,2
1,2,17,0,Germans,3
1,2,17,0,Chinese,2
1,2,17,1,Russians,2
1,2,17,1,Italians,3
1,2,17,1,Germans,3
1,2,17,1,Chinese,3
1,2,17,2,Russians,3
1,2,17,2,Italians,2
1,2,17,2,Germans,2
1,2,17,2,Chinese,2
1,2,17,3,Russians,1
1,2,17,3,Italians,1
1,2,17,3,Germans,2
1,2,17,3,Chinese,2
1,2,17,4,Russians,1
1,2,17,4,Italians,1
1,2,17,4,Germans,2
1,2,17,4,Chinese,1
1,2,18,0,Russians,1
1,2,18,0,Italians,3
1,2,18,0,Germans,3
1,2,18,0,Chinese,3
1,2,18,1,Russians,1
1,2,18,1,Italians,2
1,2,18,1,Germans,2
1,2,18,1,Chinese,2
1,2,18,2,Russians,1
1,2,18,2,Italians,2
1,2,18,2,Germans,2
1,2,18,2,Chinese,2
1,2,18,3,Russians,1
1,2,18,3,Italians,1
1,2,18,3,Germans,1
1,2,18,3,Chinese,3
1,2,18,4,Russians,0
1,2,18,4,Italians,2
1,2,18,4,Germans,2
1,2,18,4,Chinese,3
1,2,19,0,Russians,1
1,2,19,0,Italians,2
1,2,19,0,Germans,3
1,2,19,0,Chinese,2
1,2,19,1,Russians,2
1,2,19,1,Italians,3
1,2,19,1,Germans,3
1,2,19,1,Chinese,2
1,2,19,2,Russians,3
1,2,19,2,Italians,2
1,2,19,2,Germans,2
1,2,19,2,Chinese,2
1,2,19,3,Russians,1
1,2,19,3,Italians,1
1,2,19,3,Germans,2
1,2,19,3,Chinese,2
1,2,19,4,Russians,1
1,2,19,4,Italians,1
1,2,19,4,Germans,2
1,2,19,4,Chinese,1
1,2,20,0,Russians,1
1,2,20,0,Italians,3
1,2,20,0,Germans,3
1,2,20,0,Chinese,3
1,2,20,1,Russians,1
1,2,20,1,Italians,2
1,2,20,1,Germans,2
1,2,20,1,Chinese,3
1,2,20,2,Russians,1
1,2,20,2,Italians,2
1,2,20,2,Germans,1
1,2,20,2,Chinese,3
1,2,20,3,Russians,1
1,2,20,3,Italians,1
1,2,20,3,Germans,1
1,2,20,3,Chinese,3
1,2,20,4,Russians,0
1,2,20,4,Italians,1
1,2,20,4,Germans,2
1,2,20,4,Chinese,3
1,2,21,0,Russians,2
1,2,21,0,Italians,2
1,2,21,0,Germans,3
1,2,21,0,Chinese,3
1,2,21,1,Russians,1
1,2,21,1,Italians,3
1,2,21,1,Germans,3
1,2,21,1,Chinese,3
1,2,21,2,Russians,2
1,2,21,2,Italians,2
1,2,21,2,Germans,1
1,2,21,2,Chinese,3
1,2,21,3,Russians,1
1,2,21,3,Italians,1
1,2,21,3,Germans,1
1,2,21,3,Chinese,2
1,2,21,4,Russians,1
1,2,21,4,Italians,1
1,2,21,4,Germans,2
1,2,21,4,Chinese,0
1,2,22,0,Russians,2
1,2,22,0,Italians,2
1,2,22,0,Germans,3
1,2,22,0,Chinese,3
1,2,22,1,Russians,1
1,2,22,1,Italians,3
1,2,22,1,Germans,3
1,2,22,1,Chinese,3
1,2,22,2,Russians,1
1,2,22,2,Italians,1
1,2,22,2,Germans,1
1,2,22,2,Chinese,3
1,2,22,3,Russians,1
1,2,22,3,Italians,1
1,2,22,3,Germans,2
1,2,22,3,Chinese,2
1,2,22,4,Russians,1
1,2,22,4,Italians,0
1,2,22,4,Germans,2
1,2,22,4,Chinese,1
1,2,23,0,Russians,1
1,2,23,0,Italians,2
1,2,23,0,Germans,3
1,2,23,0,Chinese,2
1,2,23,1,Russians,2
1,2,23,1,Italians,3
1,2,23,1,Germans,3
1,2,23,1,Chinese,3
1,2,23,2,Russians,3
1,2,23,2,Italians,2
1,2,23,2,Germans,2
1,2,23,2,Chinese,2
1,2,23,3,Russians,1
1,2,23,3,Italians,1
1,2,23,3,Germans,2
1,2,23,3,Chinese,2
1,2,23,4,Russians,1
1,2,23,4,Italians,1
1,2,23,4,Germans,3
1,2,23,4,Chinese,1
1,2,24,0,Russians,1
1,2,24,0,Italians,3
1,2,24,0,Germans,3
1,2,24,0,Chinese,3
1,2,24,1,Russians,1
1,2,24,1,Italians,3
1,2,24,1,Germans,3
1,2,24,1,Chinese,3
1,2,24,2,Russians,1
1,2,24,2,Italians,1
1,2,24,2,Germans,1
1,2,24,2,Chinese,2
1,2,24,3,Russians,1
1,2,24,3,Italians,2
1,2,24,3,Germans,3
1,2,24,3,Chinese,2
1,2,24,4,Russians,1
1,2,24,4,Italians,0
1,2,24,4,Germans,3
1,2,24,4,Chinese,2
1,2,25,0,Russians,2
1,2,25,0,Italians,2
1,2,25,0,Germans,3
1,2,25,0,Chinese,3
1,2,25,1,Russians,1
1,2,25,1,Italians,3
1,2,25,1,Germans,3
1,2,25,1,Chinese,3
1,2,25,2,Russians,2
1,2,25,2,Italians,2
1,2,25,2,Germans,1
1,2,25,2,Chinese,3
1,2,25,3,Russians,1
1,2,25,3,Italians,1
1,2,25,3,Germans,2
1,2,25,3,Chinese,2
1,2,25,4,Russians,1
1,2,25,4,Italians,0
1,2,25,4,Germans,2
1,2,25,4,Chinese,1
1,2,26,0,Russians,1
1,2,26,0,Italians,3
1,2,26,0,Germans,3
1,2,26,0,Chinese,3
1,2,26,1,Russians,1
1,2,26,1,Italians,2
1,2,26,1,Germans,2
1,2,26,1,Chinese,3
1,2,26,2,Russians,1
1,2,26,2,Italians,2
1,2,26,2,Germans,1
1,2,26,2,Chinese,3
1,2,26,3,Russians,1
1,2,26,3,Italians,1
1,2,26,3,Germans,2
1,2,26,3,Chinese,2
1,2,26,4,Russians,0
1,2,26,4,Italians,1
1,2,26,4,Germans,2
1,2,26,4,Chinese,3
1,2,27,0,Russians,1
1,2,27,0,Italians,2
1,2,27,0,Germans,3
1,2,27,0,Chinese,3
1,2,27,1,Russians,1
1,2,27,1,Italians,3
1,2,27,1,Germans,3
1,2,27,1,Chinese,3
1,2,27,2,Russians,2
1,2,27,2,Italians,2
1,2,27,2,Germans,1
1,2,27,2,Chinese,3
1,2,27,3,Russians,1
1,2,27,3,Italians,1
1,2,27,3,Germans,2
1,2,27,3,Chinese,2
1,2,27,4,Russians,0
1,2,27,4,Italians,0
1,2,27,4,Germans,2
1,2,27,4,Chinese,2
1,2,28,0,Russians,2
1,2,28,0,Italians,2
1,2,28,0,Germans,3
1,2,28,0,Chinese,3
1,2,28,1,Russians,2
1,2,28,1,Italians,3
1,2,28,1,Germans,3
1,2,28,1,Chinese,2
1,2,28,2,Russians,2
1,2,28,2,Italians,2
1,2,28,2,Germans,2
1,2,28,2,Chinese,2
1,2,28,3,Russians,1
1,2,28,3,Italians,1
1,2,28,3,Germans,2
1,2,28,3,Chinese,3
1,2,28,4,Russians,1
1,2,28,4,Italians,1
1,2,28,4,Germans,1
1,2,28,4,Chinese,1
1,2,29,0,Russians,2
1,2,29,0,Italians,2
1,2,29,0,Germans,3
1,2,29,0,Chinese,3
1,2,29,1,Russians,1
1,2,29,1,Italians,3
1,2,29,1,Germans,3
1,2,29,1,Chinese,3
1,2,29,2,Russians,2
1,2,29,2,Italians,2
1,2,29,2,Germans,1
1,2,29,2,Chinese,3
1,2,29,3,Russians,1
1,2,29,3,Italians,1
1,2,29,3,Germans,1
1,2,29,3,Chinese,2
1,2,29,4,Russians,1
1,2,29,4,Italians,1
1,2,29,4,Germans,2
1,2,29,4,Chinese,0
1,2,30,0,Russians,1
1,2,30,0,Italians,3
1,2,30,0,Germans,3
1,2,30,0,Chinese,3
1,2,30,1,Russians,1
1,2,30,1,Italians,2
1,2,30,1,Germans,2
1,2,30,1,Chinese,2
1,2,30,2,Russians,1
1,2,30,2,Italians,2
1,2,30,2,Germans,2
1,2,30,2,Chinese,2
1,2,30,3,Russians,1
1,2,30,3,Italians,1
1,2,30,3,Germans,1
1,2,30,3,Chinese,3
1,2,30,4,Russians,0
1,2,30,4,Italians,2
1,2,30,4,Germans,1
1,2,30,4,Chinese,3
1,2,31,0,Russians,1
1,2,31,0,Italians,2
1,2,31,0,Germans,3
1,2,31,0,Chinese,2
1,2,31,1,Russians,2
1,2,31,1,Italians,3
1,2,31,1,Germans,3
1,2,31,1,Chinese,3
1,2,31,2,Russians,3
1,2,31,2,Italians,2
1,2,31,2,Germans,2
1,2,31,2,Chinese,2
1,2,31,3,Russians,1
1,2,31,3,Italians,1
1,2,31,3,Germans,2
1,2,31,3,Chinese,2
1,2,31,4,Russians,1
1,2,31,4,Italians,1
1,2,31,4,Germans,3
1,2,31,4,Chinese,1
1,2,32,0,Russians,1
1,2,32,0,Italians,3
1,2,32,0,Germans,3
1,2,32,0,Chinese,3
1,2,32,1,Russians,1
1,2,32,1,Italians,2
1,2,32,1,Germans,2
1,2,32,1,Chinese,3
1,2,32,2,Russians,1
1,2,32,2,Italians,2
1,2,32,2,Germans,1
1,2,32,2,Chinese,3
1,2,32,3,Russians,1
1,2,32,3,Italians,1
1,2,32,3,Germans,2
1,2,32,3,Chinese,2
1,2,32,4,Russians,0
1,2,32,4,Italians,1
1,2,32,4,Germans,2
1,2,32,4,Chinese,3
1,2,33,0,Russians,2
1,2,33,0,Italians,2
1,2,33,0,Germans,3
1,2,33,0,Chinese,3
1,2,33,1,Russians,1
1,2,33,1,Italians,3
1,2,33,1,Germans,3
1,2,33,1,Chinese,3
1,2,33,2,Russians,1
1,2,33,2,Italians,2
1,2,33,2,Germans,1
1,2,33,2,Chinese,3
1,2,33,3,Russians,1
1,2,33,3,Italians,1
1,2,33,3,Germans,3
1,2,33,3,Chinese,1
1,2,33,4,Russians,0
1,2,33,4,Italians,0
1,2,33,4,Germans,2
1,2,33,4,Chinese,2
1,2,34,0,Russians,2
1,2,34,0,Italians,2
1,2,34,0,Germans,3
1,2,34,0,Chinese,3
1,2,34,1,Russians,1
1,2,34,1,Italians,3
1,2,34,1,Germans,3
1,2,34,1,Chinese,3
1,2,34,2,Russians,0
1,2,34,2,Italians,2
1,2,34,2,Germans,2
1,2,34,2,Chinese,2
1,2,34,3,Russians,1
1,2,34,3,Italians,1
1,2,34,3,Germans,2
1,2,34,3,Chinese,3
1,2,34,4,Russians,0
1,2,34,4,Italians,1
1,2,34,4,Germans,1
1,2,34,4,Chinese,2
1,2,35,0,Russians,1
1,2,35,0,Italians,2
1,2,35,0,Germans,3
1,2,35,0,Chinese,3
1,2,35,1,Russians,1
1,2,35,1,Italians,3
1,2,35,1,Germans,3
1,2,35,1,Chinese,3
1,2,35,2,Russians,2
1,2,35,2,Italians,2
1,2,35,2,Germans,1
1,2,35,2,Chinese,3
1,2,35,3,Russians,1
1,2,35,3,Italians,1
1,2,35,3,Germans,2
1,2,35,3,Chinese,2
1,2,35,4,Russians,1
1,2,35,4,Italians,0
1,2,35,4,Germans,2
1,2,35,4,Chinese,1
1,2,36,0,Russians,1
1,2,36,0,Italians,3
1,2,36,0,Germans,3
1,2,36,0,Chinese,3
1,2,36,1,Russians,1
1,2,36,1,Italians,2
1,2,36,1,Germans,2
1,2,36,1,Chinese,3
1,2,36,2,Russians,1
1,2,36,2,Italians,2
1,2,36,2,Germans,2
1,2,36,2,Chinese,2
1,2,36,3,Russians,1
1,2,36,3,Italians,1
1,2,36,3,Germans,1
1,2,36,3,Chinese,3
1,2,36,4,Russians,0
1,2,36,4,Italians,2
1,2,36,4,Germans,2
1,2,36,4,Chinese,3
1,2,37,0,Russians,2
1,2,37,0,Italians,2
1,2,37,0,Germans,3
1,2,37,0,Chinese,3
1,2,37,1,Russians,1
1,2,37,1,Italians,3
1,2,37,1,Germans,3
1,2,37,1,Chinese,3
1,2,37,2,Russians,1
1,2,37,2,Italians,2
1,2,37,2,Germans,1
1,2,37,2,Chinese,3
1,2,37,3,Russians,1
1,2,37,3,Italians,1
1,2,37,3,Germans,3
1,2,37,3,Chinese,1
1,2,37,4,Russians,0
1,2,37,4,Italians,0
1,2,37,4,Germans,3
1,2,37,4,Chinese,2
1,2,38,0,Russians,1
1,2,38,0,Italians,2
1,2,38,0,Germans,3
1,2,38,0,Chinese,3
1,2,38,1,Russians,1
1,2,38,1,Italians,1
1,2,38,1,Germans,2
1,2,38,1,Chinese,2
1,3,1,0,Russians,1
1,3,1,0,Italians,2
1,3,1,0,Germans,3
1,3,1,0,Chinese,3
1,3,1,1,Russians,1
1,3,1,1,Italians,2
1,3,1,1,Germans,2
1,3,1,1,Chinese,2
1,3,1,2,Russians,2
1,3,1,2,Italians,2
1,3,1,2,Germans,1
1,3,1,2,Chinese,2
1,3,1,3,Russians,1
1,3,1,3,Italians,0
1,3,1,3,Germans,3
1,3,1,3,Chinese,3
1,3,1,4,Russians,1
1,3,1,4,Italians,0
1,3,1,4,Germans,1
1,3,1,4,Chinese,2
1,3,2,0,Russians,2
1,3,2,0,Italians,2
1,3,2,0,Germans,3
1,3,2,0,Chinese,3
1,3,2,1,Russians,1
1,3,2,1,Italians,2
1,3,2,1,Germans,2
1,3,2,1,Chinese,2
1,3,2,2,Russians,2
1,3,2,2,Italians,2
1,3,2,2,Germans,1
1,3,2,2,Chinese,2
1,3,2,3,Russians,1
1,3,2,3,Italians,0
1,3,2,3,Germans,3
1,3,2,3,Chinese,3
1,3,2,4,Russians,1
1,3,2,4,Italians,1
1,3,2,4,Germans,2
1,3,2,4,Chinese,3
1,3,3,0,Russians,1
1,3,3,0,Italians,2
1,3,3,0,Germans,3
1,3,3,0,Chinese,3
1,3,3,1,Russians,1
1,3,3,1,Italians,1
1,3,3,1,Germans,2
1,3,3,1,Chinese,2
1,3,3,2,Russians,2
1,3,3,2,Italians,2
1,3,3,2,Germans,3
1,3,3,2,Chinese,3
1,3,3,3,Russians,1
1,3,3,3,Italians,1
1,3,3,3,Germans,2
1,3,3,3,Chinese,2
1,3,3,4,Russians,1
1,3,3,4,Italians,1
1,3,3,4,Germans,1
1,3,3,4,Chinese,3
1,3,4,0,Russians,2
1,3,4,0,Italians,2
1,3,4,0,Germans,3
1,3,4,0,Chinese,3
1,3,4,1,Russians,1
1,3,4,1,Italians,2
1,3,4,1,Germans,2
1,3,4,1,Chinese,2
1,3,4,2,Russians,2
1,3,4,2,Italians,2
1,3,4,2,Germans,3
1,3,4,2,Chinese,3
1,3,4,3,Russians,1
1,3,4,3,Italians,0
1,3,4,3,Germans,2
1,3,4,3,Chinese,2
1,3,4,4,Russians,1
1,3,4,4,Italians,0
1,3,4,4,Germans,2
1,3,4,4,Chinese,4
1,3,5,0,Russians,1
1,3,5,0,Italians,2
1,3,5,0,Germans,3
1,3,5,0,Chinese,3
1,3,5,1,Russians,1
1,3,5,1,Italians,2
1,3,5,1,Germans,2
1,3,5,1,Chinese,2
1,3,5,2,Russians,2
1,3,5,2,Italians,2
1,3,5,2,Germans,1
1,3,5,2,Chinese,2
1,3,5,3,Russians,1
1,3,5,3,Italians,0
1,3,5,3,Germans,3
1,3,5,3,Chinese,3
1,3,5,4,Russians,1
1,3,5,4,Italians,1
1,3,5,4,Germans,1
1,3,5,4,Chinese,3
1,3,6,0,Russians,2
1,3,6,0,Italians,2
1,3,6,0,Germans,3
1,3,6,0,Chinese,3
1,3,6,1,Russians,1
1,3,6,1,Italians,2
1,3,6,1,Germans,2
1,3,6,1,Chinese,3
1,3,6,2,Russians,2
1,3,6,2,Italians,2
1,3,6,2,Germans,1
1,3,6,2,Chinese,2
1,3,6,3,Russians,1
1,3,6,3,Italians,1
1,3,6,3,Germans,3
1,3,6,3,Chinese,3
1,3,6,4,Russians,1
1,3,6,4,Italians,1
1,3,6,4,Germans,1
1,3,6,4,Chinese,1
1,3,7,0,Russians,1
1,3,7,0,Italians,2
1,3,7,0,Germans,3
1,3,7,0,Chinese,3
1,3,7,1,Russians,1
1,3,7,1,Italians,2
1,3,7,1,Germans,2
1,3,7,1,Chinese,2
1,3,7,2,Russians,2
1,3,7,2,Italians,2
1,3,7,2,Germans,2
1,3,7,2,Chinese,3
1,3,7,3,Russians,1
1,3,7,3,Italians,1
1,3,7,3,Germans,2
1,3,7,3,Chinese,1
1,3,7,4,Russians,1
1,3,7,4,Italians,3
1,3,7,4,Germans,2
1,3,7,4,Chinese,3
1,3,8,0,Russians,2
1,3,8,0,Italians,2
1,3,8,0,Germans,3
1,3,8,0,Chinese,3
1,3,8,1,Russians,1
1,3,8,1,Italians,2
1,3,8,1,Germans,2
1,3,8,1,Chinese,3
1,3,8,2,Russians,2
1,3,8,2,Italians,2
1,3,8,2,Germans,3
1,3,8,2,Chinese,2
1,3,8,3,Russians,1
1,3,8,3,Italians,0
1,3,8,3,Germans,2
1,3,8,3,Chinese,3
1,3,8,4,Russians,1
1,3,8,4,Italians,0
1,3,8,4,Germans,4
1,3,8,4,Chinese,3
1,3,9,0,Russians,1
1,3,9,0,Italians,2
1,3,9,0,Germans,3
1,3,9,0,Chinese,3
1,3,9,1,Russians,1
1,3,9,1,Italians,2
1,3,9,1,Germans,2
1,3,9,1,Chinese,3
1,3,9,2,Russians,2
1,3,9,2,Italians,2
1,3,9,2,Germans,2
1,3,9,2,Chinese,1
1,3,9,3,Russians,1
1,3,9,3,Italians,0
1,3,9,3,Germans,3
1,3,9,3,Chinese,2
1,3,9,4,Russians,1
1,3,9,4,Italians,0
1,3,9,4,Germans,1
1,3,9,4,Chinese,3
1,3,10,0,Russians,2
1,3,10,0,Italians,2
1,3,10,0,Germans,3
1,3,10,0,Chinese,3
1,3,10,1,Russians,1
1,3,10,1,Italians,2
1,3,10,1,Germans,2
1,3,10,1,Chinese,2
1,3,10,2,Russians,2
1,3,10,2,Italians,2
1,3,10,2,Germans,2
1,3,10,2,Chinese,1
1,3,10,3,Russians,1
1,3,10,3,Italians,0
1,3,10,3,Germans,3
1,3,10,3,Chinese,2
1,3,10,4,Russians,1
1,3,10,4,Italians,0
1,3,10,4,Germans,3
1,3,10,4,Chinese,3
1,3,11,0,Russians,1
1,3,11,0,Italians,2
1,3,11,0,Germans,3
1,3,11,0,Chinese,3
1,3,11,1,Russians,1
1,3,11,1,Italians,2
1,3,11,1,Germans,2
1,3,11,1,Chinese,3
1,3,11,2,Russians,2
1,3,11,2,Italians,2
1,3,11,2,Germans,3
1,3,11,2,Chinese,2
1,3,11,3,Russians,1
1,3,11,3,Italians,0
1,3,11,3,Germans,2
1,3,11,3,Chinese,3
1,3,11,4,Russians,1
1,3,11,4,Italians,0
1,3,11,4,Germans,3
1,3,11,4,Chinese,3
1,3,12,0,Russians,2
1,3,12,0,Italians,2
1,3,12,0,Germans,3
1,3,12,0,Chinese,3
1,3,12,1,Russians,1
1,3,12,1,Italians,2
1,3,12,1,Germans,2
1,3,12,1,Chinese,3
1,3,12,2,Russians,2
1,3,12,2,Italians,2
1,3,12,2,Germans,2
1,3,12,2,Chinese,3
1,3,12,3,Russians,1
1,3,12,3,Italians,0
1,3,12,3,Germans,2
1,3,12,3,Chinese,3
1,3,12,4,Russians,1
1,3,12,4,Italians,0
1,3,12,4,Germans,3
1,3,12,4,Chinese,1
1,3,13,0,Russians,1
1,3,13,0,Italians,2
1,3,13,0,Germans,3
1,3,13,0,Chinese,3
1,3,13,1,Russians,1
1,3,13,1,Italians,2
1,3,13,1,Germans,2
1,3,13,1,Chinese,3
1,3,13,2,Russians,2
1,3,13,2,Italians,2
1,3,13,2,Germans,2
1,3,13,2,Chinese,2
1,3,13,3,Russians,1
1,3,13,3,Italians,1
1,3,13,3,Germans,3
1,3,13,3,Chinese,2
1,3,13,4,Russians,1
1,3,13,4,Italians,0
1,3,13,4,Germans,1
1,3,13,4,Chinese,2
1,3,14,0,Russians,2
1,3,14,0,Italians,2
1,3,14,0,Germans,3
1,3,14,0,Chinese,3
1,3,14,1,Russians,1
1,3,14,1,Italians,2
1,3,14,1,Germans,2
1,3,14,1,Chinese,3
1,3,14,2,Russians,2
1,3,14,2,Italians,2
1,3,14,2,Germans,1
1,3,14,2,Chinese,2
1,3,14,3,Russians,1
1,3,14,3,Italians,0
1,3,14,3,Germans,2
1,3,14,3,Chinese,3
1,3,14,4,Russians,1
1,3,14,4,Italians,0
1,3,14,4,Germans,1
1,3,14,4,Chinese,2
1,3,15,0,Russians,1
1,3,15,0,Italians,2
1,3,15,0,Germans,3
1,3,15,0,Chinese,3
1,3,15,1,Russians,1
1,3,15,1,Italians,1
1,3,15,1,Germans,2
1,3,15,1,Chinese,2
1,3,15,2,Russians,2
1,3,15,2,Italians,2
1,3,15,2,Germans,3
1,3,15,2,Chinese,3
1,3,15,3,Russians,1
1,3,15,3,Italians,0
1,3,15,3,Germans,2
1,3,15,3,Chinese,1
1,3,15,4,Russians,1
1,3,15,4,Italians,1
1,3,15,4,Germans,2
1,3,15,4,Chinese,3
1,3,16,0,Russians,2
1,3,16,0,Italians,2
1,3,16,0,Germans,3
1,3,16,0,Chinese,3
1,3,16,1,Russians,1
1,3,16,1,Italians,1
1,3,16,1,Germans,2
1,3,16,1,Chinese,3
1,3,16,2,Russians,2
1,3,16,2,Italians,2
1,3,16,2,Germans,2
1,3,16,2,Chinese,2
1,3,16,3,Russians,1
1,3,16,3,Italians,0
1,3,16,3,Germans,2
1,3,16,3,Chinese,3
1,3,16,4,Russians,1
1,3,16,4,Italians,1
1,3,16,4,Germans,3
1,3,16,4,Chinese,1
1,3,17,0,Russians,1
1,3,17,0,Italians,2
1,3,17,0,Germans,3
1,3,17,0,Chinese,3
1,3,17,1,Russians,1
1,3,17,1,Italians,2
1,3,17,1,Germans,2
1,3,17,1,Chinese,3
1,3,17,2,Russians,2
1,3,17,2,Italians,2
1,3,17,2,Germans,1
1,3,17,2,Chinese,2
1,3,17,3,Russians,1
1,3,17,3,Italians,1
1,3,17,3,Germans,3
1,3,17,3,Chinese,3
1,3,17,4,Russians,1
1,3,17,4,Italians,1
1,3,17,4,Germans,2
1,3,17,4,Chinese,0
1,3,18,0,Russians,2
1,3,18,0,Italians,2
1,3,18,0,Germans,3
1,3,18,0,Chinese,3
1,3,18,1,Russians,1
1,3,18,1,Italians,2
1,3,18,1,Germans,2
1,3,18,1,Chinese,3
1,3,18,2,Russians,2
1,3,18,2,Italians,2
1,3,18,2,Germans,1
1,3,18,2,Chinese,2
1,3,18,3,Russians,1
1,3,18,3,Italians,0
1,3,18,3,Germans,3
1,3,18,3,Chinese,3
1,3,18,4,Russians,1
1,3,18,4,Italians,0
1,3,18,4,Germans,1
1,3,18,4,Chinese,2
1,3,19,0,Russians,1
1,3,19,0,Italians,2
1,3,19,0,Germans,3
1,3,19,0,Chinese,3
1,3,19,1,Russians,1
1,3,19,1,Italians,1
1,3,19,1,Germans,2
1,3,19,1,Chinese,2
1,3,19,2,Russians,2
1,3,19,2,Italians,2
1,3,19,2,Germans,3
1,3,19,2,Chinese,2
1,3,19,3,Russians,1
1,3,19,3,Italians,1
1,3,19,3,Germans,2
1,3,19,3,Chinese,1
1,3,19,4,Russians,1
1,3,19,4,Italians,1
1,3,19,4,Germans,1
1,3,19,4,Chinese,3
1,3,20,0,Russians,2
1,3,20,0,Italians,2
1,3,20,0,Germans,3
1,3,20,0,Chinese,3
1,3,20,1,Russians,1
1,3,20,1,Italians,1
1,3,20,1,Germans,2
1,3,20,1,Chinese,3
1,3,20,2,Russians,2
1,3,20,2,Italians,2
1,3,20,2,Germans,2
1,3,20,2,Chinese,2
1,3,20,3,Russians,1
1,3,20,3,Italians,1
1,3,20,3,Germans,2
1,3,20,3,Chinese,3
1,3,20,4,Russians,0
1,3,20,4,Italians,1
1,3,20,4,Germans,3
1,3,20,4,Chinese,2
1,3,21,0,Russians,1
1,3,21,0,Italians,2
1,3,21,0,Germans,3
1,3,21,0,Chinese,3
1,3,21,1,Russians,1
1,3,21,1,Italians,2
1,3,21,1,Germans,2
1,3,21,1,Chinese,3
1,3,21,2,Russians,2
1,3,21,2,Italians,2
1,3,21,2,Germans,2
1,3,21,2,Chinese,2
1,3,21,3,Russians,1
1,3,21,3,Italians,0
1,3,21,3,Germans,3
1,3,21,3,Chinese,3
1,3,21,4,Russians,1
1,3,21,4,Italians,0
1,3,21,4,Germans,3
1,3,21,4,Chinese,2
1,3,22,0,Russians,2
1,3,22,0,Italians,2
1,3,22,0,Germans,3
1,3,22,0,Chinese,3
1,3,22,1,Russians,1
1,3,22,1,Italians,3
1,3,22,1,Germans,2
1,3,22,1,Chinese,3
1,3,22,2,Russians,2
1,3,22,2,Italians,2
1,3,22,2,Germans,0
1,3,22,2,Chinese,2
1,3,22,3,Russians,1
1,3,22,3,Italians,2
1,3,22,3,Germans,1
1,3,22,3,Chinese,3
1,3,22,4,Russians,1
1,3,22,4,Italians,2
1,3,22,4,Germans,2
1,3,22,4,Chinese,1
1,3,23,0,Russians,1
1,3,23,0,Italians,2
1,3,23,0,Germans,3
1,3,23,0,Chinese,3
1,3,23,1,Russians,1
1,3,23,1,Italians,2
1,3,23,1,Germans,2
1,3,23,1,Chinese,3
1,3,23,2,Russians,2
1,3,23,2,Italians,2
1,3,23,2,Germans,2
1,3,23,2,Chinese,3
1,3,23,3,Russians,1
1,3,23,3,Italians,0
1,3,23,3,Germans,3
1,3,23,3,Chinese,3
1,3,23,4,Russians,0
1,3,23,4,Italians,0
1,3,23,4,Germans,3
1,3,23,4,Chinese,5
1,3,24,0,Russians,2
1,3,24,0,Italians,2
1,3,24,0,Germans,3
1,3,24,0,Chinese,3
1,3,24,1,Russians,1
1,3,24,1,Italians,2
1,3,24,1,Germans,2
1,3,24,1,Chinese,3
1,3,24,2,Russians,2
1,3,24,2,Italians,2
1,3,24,2,Germans,2
1,3,24,2,Chinese,2
1,3,24,3,Russians,1
1,3,24,3,Italians,0
1,3,24,3,Germans,3
1,3,24,3,Chinese,3
1,3,24,4,Russians,0
1,3,24,4,Italians,0
1,3,24,4,Germans,3
1,3,24,4,Chinese,2
1,3,25,0,Russians,1
1,3,25,0,Italians,2
1,3,25,0,Germans,3
1,3,25,0,Chinese,3
1,3,25,1,Russians,1
1,3,25,1,Italians,2
1,3,25,1,Germans,2
1,3,25,1,Chinese,3
1,3,25,2,Russians,2
1,3,25,2,Italians,2
1,3,25,2,Germans,1
1,3,25,2,Chinese,2
1,3,25,3,Russians,1
1,3,25,3,Italians,1
1,3,25,3,Germans,3
1,3,25,3,Chinese,2
1,3,25,4,Russians,1
1,3,25,4,Italians,0
1,3,25,4,Germans,2
1,3,25,4,Chinese,3
1,3,26,0,Russians,2
1,3,26,0,Italians,2
1,3,26,0,Germans,3
1,3,26,0,Chinese,3
1,3,26,1,Russians,1
1,3,26,1,Italians,2
1,3,26,1,Germans,2
1,3,26,1,Chinese,2
1,3,26,2,Russians,2
1,3,26,2,Italians,2
1,3,26,2,Germans,2
1,3,26,2,Chinese,2
1,3,26,3,Russians,1
1,3,26,3,Italians,0
1,3,26,3,Germans,3
1,3,26,3,Chinese,2
1,3,26,4,Russians,1
1,3,26,4,Italians,0
1,3,26,4,Germans,1
1,3,26,4,Chinese,2
1,3,27,0,Russians,1
1,3,27,0,Italians,2
1,3,27,0,Germans,3
1,3,27,0,Chinese,3
1,3,27,1,Russians,1
1,3,27,1,Italians,2
1,3,27,1,Germans,2
1,3,27,1,Chinese,3
1,3,27,2,Russians,2
1,3,27,2,Italians,2
1,3,27,2,Germans,3
1,3,27,2,Chinese,2
1,3,27,3,Russians,1
1,3,27,3,Italians,0
1,3,27,3,Germans,2
1,3,27,3,Chinese,3
1,3,27,4,Russians,1
1,3,27,4,Italians,0
1,3,27,4,Germans,4
1,3,27,4,Chinese,3
1,3,28,0,Russians,2
1,3,28,0,Italians,2
1,3,28,0,Germans,3
1,3,28,0,Chinese,3
1,3,28,1,Russians,1
1,3,28,1,Italians,2
1,3,28,1,Germans,2
1,3,28,1,Chinese,3
1,3,28,2,Russians,2
1,3,28,2,Italians,2
1,3,28,2,Germans,3
1,3,28,2,Chinese,2
1,3,28,3,Russians,1
1,3,28,3,Italians,0
1,3,28,3,Germans,2
1,3,28,3,Chinese,2
1,3,28,4,Russians,1
1,3,28,4,Italians,0
1,3,28,4,Germans,2
1,3,28,4,Chinese,4
1,3,29,0,Russians,1
1,3,29,0,Italians,2
1,3,29,0,Germans,3
1,3,29,0,Chinese,3
1,3,29,1,Russians,1
1,3,29,1,Italians,2
1,3,29,1,Germans,2
1,3,29,1,Chinese,3
1,3,29,2,Russians,2
1,3,29,2,Italians,2
1,3,29,2,Germans,1
1,3,29,2,Chinese,2
1,3,29,3,Russians,1
1,3,29,3,Italians,0
1,3,29,3,Germans,2
1,3,29,3,Chinese,3
1,3,29,4,Russians,1
1,3,29,4,Italians,0
1,3,29,4,Germans,1
1,3,29,4,Chinese,3
1,3,30,0,Russians,2
1,3,30,0,Italians,2
1,3,30,0,Germans,3
1,3,30,0,Chinese,3
1,3,30,1,Russians,1
1,3,30,1,Italians,2
1,3,30,1,Germans,2
1,3,30,1,Chinese,2
1,3,30,2,Russians,2
1,3,30,2,Italians,2
1,3,30,2,Germans,2
1,3,30,2,Chinese,2
1,3,30,3,Russians,1
1,3,30,3,Italians,0
1,3,30,3,Germans,3
1,3,30,3,Chinese,4
1,3,30,4,Russians,1
1,3,30,4,Italians,0
1,3,30,4,Germans,2
1,3,30,4,Chinese,3
1,3,31,0,Russians,1
1,3,31,0,Italians,2
1,3,31,0,Germans,3
1,3,31,0,Chinese,3
1,3,31,1,Russians,1
1,3,31,1,Italians,2
1,3,31,1,Germans,2
1,3,31,1,Chinese,2
1,3,31,2,Russians,2
1,3,31,2,Italians,2
1,3,31,2,Germans,2
1,3,31,2,Chinese,2
1,3,31,3,Russians,1
1,3,31,3,Italians,2
1,3,31,3,Germans,2
1,3,31,3,Chinese,1
1,3,31,4,Russians,1
1,3,31,4,Italians,3
1,3,31,4,Germans,2
1,3,31,4,Chinese,4
1,3,32,0,Russians,2
1,3,32,0,Italians,2
1,3,32,0,Germans,3
1,3,32,0,Chinese,3
1,3,32,1,Russians,1
1,3,32,1,Italians,1
1,3,32,1,Germans,2
1,3,32,1,Chinese,2
1,3,32,2,Russians,2
1,3,32,2,Italians,2
1,3,32,2,Germans,3
1,3,32,2,Chinese,3
1,3,32,3,Russians,1
1,3,32,3,Italians,0
1,3,32,3,Germans,2
1,3,32,3,Chinese,2
1,3,32,4,Russians,1
1,3,32,4,Italians,1
1,3,32,4,Germans,2
1,3,32,4,Chinese,3
1,3,33,0,Russians,1
1,3,33,0,Italians,2
1,3,33,0,Germans,3
1,3,33,0,Chinese,3
1,3,33,1,Russians,1
1,3,33,1,Italians,2
1,3,33,1,Germans,2
1,3,33,1,Chinese,3
1,3,33,2,Russians,2
1,3,33,2,Italians,2
1,3,33,2,Germans,1
1,3,33,2,Chinese,2
1,3,33,3,Russians,1
1,3,33,3,Italians,1
1,3,33,3,Germans,3
1,3,33,3,Chinese,3
1,3,33,4,Russians,1
1,3,33,4,Italians,1
1,3,33,4,Germans,1
1,3,33,4,Chinese,1
1,3,34,0,Russians,2
1,3,34,0,Italians,2
1,3,34,0,Germans,3
1,3,34,0,Chinese,3
1,4,1,0,Russians,1
1,4,1,0,Italians,2
1,4,1,0,Germans,2
1,4,1,0,Chinese,2
1,4,1,1,Russians,2
1,4,1,1,Italians,1
1,4,1,1,Germans,3
1,4,1,1,Chinese,3
1,4,1,2,Russians,1
1,4,1,2,Italians,2
1,4,1,2,Germans,2
1,4,1,2,Chinese,1
1,4,1,3,Russians,2
1,4,1,3,Italians,0
1,4,1,3,Germans,3
1,4,1,3,Chinese,2
1,4,1,4,Russians,1
1,4,1,4,Italians,0
1,4,1,4,Germans,3
1,4,1,4,Chinese,2
1,4,2,0,Russians,1
1,4,2,0,Italians,3
1,4,2,0,Germans,3
1,4,2,0,Chinese,3
1,4,2,1,Russians,2
1,4,2,1,Italians,2
1,4,2,1,Germans,2
1,4,2,1,Chinese,2
1,4,2,2,Russians,1
1,4,2,2,Italians,1
1,4,2,2,Germans,3
1,4,2,2,Chinese,2
1,4,2,3,Russians,1
1,4,2,3,Italians,3
1,4,2,3,Germans,2
1,4,2,3,Chinese,2
1,4,2,4,Russians,1
1,4,2,4,Italians,1
1,4,2,4,Germans,2
1,4,2,4,Chinese,3
1,4,3,0,Russians,1
1,4,3,0,Italians,2
1,4,3,0,Germans,2
1,4,3,0,Chinese,2
1,4,3,1,Russians,2
1,4,3,1,Italians,0
1,4,3,1,Germans,3
1,4,3,1,Chinese,3
1,4,3,2,Russians,1
1,4,3,2,Italians,2
1,4,3,2,Germans,2
1,4,3,2,Chinese,1
1,4,3,3,Russians,1
1,4,3,3,Italians,0
1,4,3,3,Germans,2
1,4,3,3,Chinese,1
1,4,3,4,Russians,1
1,4,3,4,Italians,0
1,4,3,4,Germans,2
1,4,3,4,Chinese,4
1,4,4,0,Russians,1
1,4,4,0,Italians,3
1,4,4,0,Germans,3
1,4,4,0,Chinese,3
1,4,4,1,Russians,2
1,4,4,1,Italians,1
1,4,4,1,Germans,2
1,4,4,1,Chinese,2
1,4,4,2,Russians,1
1,4,4,2,Italians,1
1,4,4,2,Germans,3
1,4,4,2,Chinese,2
1,4,4,3,Russians,1
1,4,4,3,Italians,0
1,4,4,3,Germans,2
1,4,4,3,Chinese,2
1,4,4,4,Russians,2
1,4,4,4,Italians,0
1,4,4,4,Germans,3
1,4,4,4,Chinese,4
1,4,5,0,Russians,1
1,4,5,0,Italians,2
1,4,5,0,Germans,2
1,4,5,0,Chinese,2
1,4,5,1,Russians,2
1,4,5,1,Italians,1
1,4,5,1,Germans,3
1,4,5,1,Chinese,3
1,4,5,2,Russians,1
1,4,5,2,Italians,2
1,4,5,2,Germans,2
1,4,5,2,Chinese,1
1,4,5,3,Russians,1
1,4,5,3,Italians,1
1,4,5,3,Germans,2
1,4,5,3,Chinese,1
1,4,5,4,Russians,1
1,4,5,4,Italians,0
1,4,5,4,Germans,2
1,4,5,4,Chinese,3
1,4,6,0,Russians,1
1,4,6,0,Italians,3
1,4,6,0,Germans,3
1,4,6,0,Chinese,3
1,4,6,1,Russians,2
1,4,6,1,Italians,1
1,4,6,1,Germans,2
1,4,6,1,Chinese,2
1,4,6,2,Russians,1
1,4,6,2,Italians,1
1,4,6,2,Germans,3
1,4,6,2,Chinese,3
1,4,6,3,Russians,2
1,4,6,3,Italians,1
1,4,6,3,Germans,2
1,4,6,3,Chinese,1
1,4,6,4,Russians,1
1,4,6,4,Italians,0
1,4,6,4,Germans,3
1,4,6,4,Chinese,4
1,4,7,0,Russians,1
1,4,7,0,Italians,2
1,4,7,0,Germans,2
1,4,7,0,Chinese,2
1,4,7,1,Russians,2
1,4,7,1,Italians,2
1,4,7,1,Germans,2
1,4,7,1,Chinese,3
1,4,7,2,Russians,1
1,4,7,2,Italians,3
1,4,7,2,Germans,1
1,4,7,2,Chinese,1
1,4,7,3,Russians,1
1,4,7,3,Italians,2
1,4,7,3,Germans,3
1,4,7,3,Chinese,2
1,4,7,4,Russians,1
1,4,7,4,Italians,1
1,4,7,4,Germans,2
1,4,7,4,Chinese,3
1,4,8,0,Russians,1
1,4,8,0,Italians,3
1,4,8,0,Germans,3
1,4,8,0,Chinese,3
1,4,8,1,Russians,2
1,4,8,1,Italians,2
1,4,8,1,Germans,1
1,4,8,1,Chinese,2
1,4,8,2,Russians,1
1,4,8,2,Italians,2
1,4,8,2,Germans,2
1,4,8,2,Chinese,2
1,4,8,3,Russians,1
1,4,8,3,Italians,2
1,4,8,3,Germans,2
1,4,8,3,Chinese,1
1,4,8,4,Russians,1
1,4,8,4,Italians,1
1,4,8,4,Germans,2
1,4,8,4,Chinese,4
1,4,9,0,Russians,1
1,4,9,0,Italians,2
1,4,9,0,Germans,2
1,4,9,0,Chinese,2
1,4,9,1,Russians,2
1,4,9,1,Italians,0
1,4,9,1,Germans,3
1,4,9,1,Chinese,3
1,4,9,2,Russians,1
1,4,9,2,Italians,2
1,4,9,2,Germans,2
1,4,9,2,Chinese,2
1,4,9,3,Russians,1
1,4,9,3,Italians,0
1,4,9,3,Germans,3
1,4,9,3,Chinese,1
1,4,9,4,Russians,1
1,4,9,4,Italians,0
1,4,9,4,Germans,3
1,4,9,4,Chinese,3
1,4,10,0,Russians,1
1,4,10,0,Italians,3
1,4,10,0,Germans,3
1,4,10,0,Chinese,3
1,4,10,1,Russians,2
1,4,10,1,Italians,0
1,4,10,1,Germans,2
1,4,10,1,Chinese,2
1,4,10,2,Russians,1
1,4,10,2,Italians,1
1,4,10,2,Germans,3
1,4,10,2,Chinese,3
1,4,10,3,Russians,1
1,4,10,3,Italians,1
1,4,10,3,Germans,2
1,4,10,3,Chinese,1
1,4,10,4,Russians,1
1,4,10,4,Italians,0
1,4,10,4,Germans,2
1,4,10,4,Chinese,4
1,4,11,0,Russians,1
1,4,11,0,Italians,2
1,4,11,0,Germans,2
1,4,11,0,Chinese,2
1,4,11,1,Russians,3
1,4,11,1,Italians,1
1,4,11,1,Germans,3
1,4,11,1,Chinese,3
1,4,11,2,Russians,2
1,4,11,2,Italians,2
1,4,11,2,Germans,2
1,4,11,2,Chinese,0
1,4,11,3,Russians,1
1,4,11,3,Italians,2
1,4,11,3,Germans,3
1,4,11,3,Chinese,2
1,4,11,4,Russians,1
1,4,11,4,Italians,2
1,4,11,4,Germans,2
1,4,11,4,Chinese,2
1,4,12,0,Russians,1
1,4,12,0,Italians,3
1,4,12,0,Germans,3
1,4,12,0,Chinese,3
1,4,12,1,Russians,2
1,4,12,1,Italians,2
1,4,12,1,Germans,1
1,4,12,1,Chinese,2
1,4,12,2,Russians,1
1,4,12,2,Italians,2
1,4,12,2,Germans,2
1,4,12,2,Chinese,2
1,4,12,3,Russians,1
1,4,12,3,Italians,2
1,4,12,3,Germans,2
1,4,12,3,Chinese,2
1,4,12,4,Russians,2
1,4,12,4,Italians,2
1,4,12,4,Germans,2
1,4,12,4,Chinese,3
1,4,13,0,Russians,1
1,4,13,0,Italians,2
1,4,13,0,Germans,2
1,4,13,0,Chinese,2
1,4,13,1,Russians,2
1,4,13,1,Italians,1
1,4,13,1,Germans,3
1,4,13,1,Chinese,3
1,4,13,2,Russians,1
1,4,13,2,Italians,2
1,4,13,2,Germans,2
1,4,13,2,Chinese,1
1,4,13,3,Russians,1
1,4,13,3,Italians,1
1,4,13,3,Germans,2
1,4,13,3,Chinese,1
1,4,13,4,Russians,1
1,4,13,4,Italians,0
1,4,13,4,Germans,2
1,4,13,4,Chinese,3
1,4,14,0,Russians,1
1,4,14,0,Italians,3
1,4,14,0,Germans,3
1,4,14,0,Chinese,3
1,4,14,1,Russians,2
1,4,14,1,Italians,2
1,4,14,1,Germans,2
1,4,14,1,Chinese,2
1,4,14,2,Russians,1
1,4,14,2,Italians,1
1,4,14,2,Germans,3
1,4,14,2,Chinese,3
1,4,14,3,Russians,1
1,4,14,3,Italians,2
1,4,14,3,Germans,2
1,4,14,3,Chinese,1
1,4,14,4,Russians,2
1,4,14,4,Italians,0
1,4,14,4,Germans,2
1,4,14,4,Chinese,3
1,4,15,0,Russians,1
1,4,15,0,Italians,2
1,4,15,0,Germans,2
1,4,15,0,Chinese,2
1,4,15,1,Russians,2
1,4,15,1,Italians,2
1,4,15,1,Germans,2
1,4,15,1,Chinese,3
1,4,15,2,Russians,1
1,4,15,2,Italians,3
1,4,15,2,Germans,1
1,4,15,2,Chinese,1
1,4,15,3,Russians,2
1,4,15,3,Italians,1
1,4,15,3,Germans,2
1,4,15,3,Chinese,1
1,4,15,4,Russians,2
1,4,15,4,Italians,3
1,4,15,4,Germans,2
1,4,15,4,Chinese,2
1,4,16,0,Russians,1
1,4,16,0,Italians,3
1,4,16,0,Germans,3
1,4,16,0,Chinese,3
1,4,16,1,Russians,2
1,4,16,1,Italians,1
1,4,16,1,Germans,2
1,4,16,1,Chinese,2
1,4,16,2,Russians,1
1,4,16,2,Italians,1
1,4,16,2,Germans,3
1,4,16,2,Chinese,2
1,4,16,3,Russians,2
1,4,16,3,Italians,1
1,4,16,3,Germans,2
1,4,16,3,Chinese,2
1,4,16,4,Russians,2
1,4,16,4,Italians,0
1,4,16,4,Germans,2
1,4,16,4,Chinese,3
1,4,17,0,Russians,1
1,4,17,0,Italians,2
1,4,17,0,Germans,2
1,4,17,0,Chinese,2
1,4,17,1,Russians,2
1,4,17,1,Italians,2
1,4,17,1,Germans,2
1,4,17,1,Chinese,3
1,4,17,2,Russians,1
1,4,17,2,Italians,3
1,4,17,2,Germans,1
1,4,17,2,Chinese,1
1,4,17,3,Russians,2
1,4,17,3,Italians,1
1,4,17,3,Germans,2
1,4,17,3,Chinese,1
1,4,17,4,Russians,1
1,4,17,4,Italians,1
1,4,17,4,Germans,2
1,4,17,4,Chinese,4
1,4,18,0,Russians,1
1,4,18,0,Italians,3
1,4,18,0,Germans,3
1,4,18,0,Chinese,3
1,4,18,1,Russians,2
1,4,18,1,Italians,0
1,4,18,1,Germans,2
1,4,18,1,Chinese,2
1,4,18,2,Russians,1
1,4,18,2,Italians,1
1,4,18,2,Germans,3
1,4,18,2,Chinese,2
1,4,18,3,Russians,1
1,4,18,3,Italians,1
1,4,18,3,Germans,2
1,4,18,3,Chinese,1
1,4,18,4,Russians,1
1,4,18,4,Italians,0
1,4,18,4,Germans,3
1,4,18,4,Chinese,4
1,4,19,0,Russians,1
1,4,19,0,Italians,2
1,4,19,0,Germans,2
1,4,19,0,Chinese,2
1,4,19,1,Russians,2
1,4,19,1,Italians,1
1,4,19,1,Germans,3
1,4,19,1,Chinese,3
1,4,19,2,Russians,1
1,4,19,2,Italians,2
1,4,19,2,Germans,2
1,4,19,2,Chinese,2
1,4,19,3,Russians,2
1,4,19,3,Italians,0
1,4,19,3,Germans,3
1,4,19,3,Chinese,1
1,4,19,4,Russians,1
1,4,19,4,Italians,1
1,4,19,4,Germans,2
1,4,19,4,Chinese,2
1,4,20,0,Russians,1
1,4,20,0,Italians,3
1,4,20,0,Germans,3
1,4,20,0,Chinese,3
1,4,20,1,Russians,3
1,4,20,1,Italians,1
1,4,20,1,Germans,2
1,4,20,1,Chinese,2
1,4,20,2,Russians,1
1,4,20,2,Italians,1
1,4,20,2,Germans,3
1,4,20,2,Chinese,3
1,4,20,3,Russians,1
1,4,20,3,Italians,1
1,4,20,3,Germans,2
1,4,20,3,Chinese,2
1,4,20,4,Russians,1
1,4,20,4,Italians,1
1,4,20,4,Germans,2
1,4,20,4,Chinese,3
1,4,21,0,Russians,1
1,4,21,0,Italians,2
1,4,21,0,Germans,2
1,4,21,0,Chinese,2
1,4,21,1,Russians,2
1,4,21,1,Italians,1
1,4,21,1,Germans,3
1,4,21,1,Chinese,3
1,4,21,2,Russians,2
1,4,21,2,Italians,2
1,4,21,2,Germans,2
1,4,21,2,Chinese,1
1,4,21,3,Russians,1
1,4,21,3,Italians,0
1,4,21,3,Germans,3
1,4,21,3,Chinese,2
1,4,21,4,Russians,1
1,4,21,4,Italians,0
1,4,21,4,Germans,3
1,4,21,4,Chinese,1
1,4,22,0,Russians,1
1,4,22,0,Italians,3
1,4,22,0,Germans,3
1,4,22,0,Chinese,3
1,4,22,1,Russians,2
1,4,22,1,Italians,1
1,4,22,1,Germans,2
1,4,22,1,Chinese,2
1,4,22,2,Russians,1
1,4,22,2,Italians,1
1,4,22,2,Germans,3
1,4,22,2,Chinese,3
1,4,22,3,Russians,2
1,4,22,3,Italians,1
1,4,22,3,Germans,3
1,4,22,3,Chinese,2
1,4,22,4,Russians,2
1,4,22,4,Italians,0
1,4,22,4,Germans,1
1,4,22,4,Chinese,4
1,4,23,0,Russians,1
1,4,23,0,Italians,2
1,4,23,0,Germans,2
1,4,23,0,Chinese,2
1,4,23,1,Russians,2
1,4,23,1,Italians,0
1,4,23,1,Germans,3
1,4,23,1,Chinese,3
1,4,23,2,Russians,1
1,4,23,2,Italians,2
1,4,23,2,Germans,2
1,4,23,2,Chinese,0
1,4,23,3,Russians,1
1,4,23,3,Italians,1
1,4,23,3,Germans,3
1,4,23,3,Chinese,2
1,4,23,4,Russians,1
1,4,23,4,Italians,2
1,4,23,4,Germans,3
1,4,23,4,Chinese,2
1,4,24,0,Russians,1
1,4,24,0,Italians,3
1,4,24,0,Germans,3
1,4,24,0,Chinese,3
1,4,24,1,Russians,2
1,4,24,1,Italians,2
1,4,24,1,Germans,1
1,4,24,1,Chinese,2
1,4,24,2,Russians,1
1,4,24,2,Italians,2
1,4,24,2,Germans,2
1,4,24,2,Chinese,2
1,4,24,3,Russians,1
1,4,24,3,Italians,3
1,4,24,3,Germans,2
1,4,24,3,Chinese,2
1,4,24,4,Russians,1
1,4,24,4,Italians,3
1,4,24,4,Germans,2
1,4,24,4,Chinese,3
1,4,25,0,Russians,1
1,4,25,0,Italians,2
1,4,25,0,Germans,2
1,4,25,0,Chinese,2
1,4,25,1,Russians,2
1,4,25,1,Italians,2
1,4,25,1,Germans,3
1,4,25,1,Chinese,3
1,4,25,2,Russians,1
1,4,25,2,Italians,2
1,4,25,2,Germans,2
1,4,25,2,Chinese,2
1,4,25,3,Russians,2
1,4,25,3,Italians,1
1,4,25,3,Germans,3
1,4,25,3,Chinese,2
1,4,25,4,Russians,1
1,4,25,4,Italians,0
1,4,25,4,Germans,2
1,4,25,4,Chinese,3
1,4,26,0,Russians,1
1,4,26,0,Italians,3
1,4,26,0,Germans,3
1,4,26,0,Chinese,3
1,4,26,1,Russians,2
1,4,26,1,Italians,2
1,4,26,1,Germans,2
1,4,26,1,Chinese,2
1,4,26,2,Russians,1
1,4,26,2,Italians,0
1,4,26,2,Germans,3
1,4,26,2,Chinese,3
1,4,26,3,Russians,1
1,4,26,3,Italians,1
1,4,26,3,Germans,2
1,4,26,3,Chinese,2
1,4,26,4,Russians,2
1,4,26,4,Italians,0
1,4,26,4,Germans,2
1,4,26,4,Chinese,4
1,4,27,0,Russians,1
1,4,27,0,Italians,2
1,4,27,0,Germans,2
1,4,27,0,Chinese,2
1,4,27,1,Russians,2
1,4,27,1,Italians,0
1,4,27,1,Germans,3
1,4,27,1,Chinese,3
1,4,27,2,Russians,1
1,4,27,2,Italians,2
1,4,27,2,Germans,2
1,4,27,2,Chinese,0
1,4,27,3,Russians,1
1,4,27,3,Italians,1
1,4,27,3,Germans,3
1,4,27,3,Chinese,2
1,4,27,4,Russians,1
1,4,27,4,Italians,2
1,4,27,4,Germans,2
1,4,27,4,Chinese,2
1,4,28,0,Russians,1
1,4,28,0,Italians,3
1,4,28,0,Germans,3
1,4,28,0,Chinese,3
1,4,28,1,Russians,2
1,4,28,1,Italians,1
1,4,28,1,Germans,2
1,4,28,1,Chinese,2
1,4,28,2,Russians,1
1,4,28,2,Italians,1
1,4,28,2,Germans,3
1,4,28,2,Chinese,2
1,4,28,3,Russians,2
1,4,28,3,Italians,1
1,4,28,3,Germans,2
1,4,28,3,Chinese,2
1,4,28,4,Russians,2
1,4,28,4,Italians,0
1,4,28,4,Germans,3
1,4,28,4,Chinese,3
1,4,29,0,Russians,1
1,4,29,0,Italians,2
1,4,29,0,Germans,2
1,4,29,0,Chinese,2
1,4,29,1,Russians,2
1,4,29,1,Italians,2
1,4,29,1,Germans,2
1,4,29,1,Chinese,3
1,4,29,2,Russians,1
1,4,29,2,Italians,3
1,4,29,2,Germans,1
1,4,29,2,Chinese,1
1,4,29,3,Russians,2
1,4,29,3,Italians,1
1,4,29,3,Germans,3
1,4,29,3,Chinese,2
1,4,29,4,Russians,2
1,4,29,4,Italians,2
1,4,29,4,Germans,2
1,4,29,4,Chinese,2
1,4,30,0,Russians,1
1,4,30,0,Italians,3
1,4,30,0,Germans,3
1,4,30,0,Chinese,3
1,4,30,1,Russians,2
1,4,30,1,Italians,2
1,4,30,1,Germans,1
1,4,30,1,Chinese,2
1,4,30,2,Russians,1
1,4,30,2,Italians,2
1,4,30,2,Germans,2
1,4,30,2,Chinese,2
1,4,30,3,Russians,3
1,4,30,3,Italians,2
1,4,30,3,Germans,3
1,4,30,3,Chinese,3
1,4,30,4,Russians,2
1,4,30,4,Italians,1
1,4,30,4,Germans,1
1,4,30,4,Chinese,3
1,4,31,0,Russians,1
1,4,31,0,Italians,2
1,4,31,0,Germans,2
1,4,31,0,Chinese,2
1,4,31,1,Russians,2
1,4,31,1,Italians,1
1,4,31,1,Germans,3
1,4,31,1,Chinese,3
1,4,31,2,Russians,1
1,4,31,2,Italians,3
1,4,31,2,Germans,2
1,4,31,2,Chinese,1
1,4,31,3,Russians,1
1,4,31,3,Italians,0
1,4,31,3,Germans,2
1,4,31,3,Chinese,2
1,4,31,4,Russians,1
1,4,31,4,Italians,0
1,4,31,4,Germans,2
1,4,31,4,Chinese,4
1,4,32,0,Russians,1
1,4,32,0,Italians,3
1,4,32,0,Germans,3
1,4,32,0,Chinese,3
1,4,32,1,Russians,2
1,4,32,1,Italians,1
1,4,32,1,Germans,2
1,4,32,1,Chinese,2
1,4,32,2,Russians,1
1,4,32,2,Italians,1
1,4,32,2,Germans,3
1,4,32,2,Chinese,3
1,4,32,3,Russians,2
1,4,32,3,Italians,1
1,4,32,3,Germans,3
1,4,32,3,Chinese,2
1,4,32,4,Russians,2
1,4,32,4,Italians,0
1,4,32,4,Germans,1
1,4,32,4,Chinese,4
1,5,1,0,Russians,3
1,5,1,0,Italians,2
1,5,1,0,Germans,2
1,5,1,0,Chinese,2
1,5,1,1,Russians,2
1,5,1,1,Italians,1
1,5,1,1,Germans,3
1,5,1,1,Chinese,2
1,5,1,2,Russians,1
1,5,1,2,Italians,2
1,5,1,2,Germans,3
1,5,1,2,Chinese,3
1,5,1,3,Russians,0
1,5,1,3,Italians,2
1,5,1,3,Germans,4
1,5,1,3,Chinese,3
1,5,1,4,Russians,0
1,5,1,4,Italians,1
1,5,1,4,Germans,4
1,5,1,4,Chinese,3
1,5,2,0,Russians,3
1,5,2,0,Italians,2
1,5,2,0,Germans,2
1,5,2,0,Chinese,2
1,5,2,1,Russians,2
1,5,2,1,Italians,1
1,5,2,1,Germans,3
1,5,2,1,Chinese,2
1,5,2,2,Russians,1
1,5,2,2,Italians,2
1,5,2,2,Germans,2
1,5,2,2,Chinese,2
1,5,2,3,Russians,1
1,5,2,3,Italians,1
1,5,2,3,Germans,1
1,5,2,3,Chinese,3
1,5,2,4,Russians,1
1,5,2,4,Italians,1
1,5,2,4,Germans,1
1,5,2,4,Chinese,2
1,5,3,0,Russians,3
1,5,3,0,Italians,1
1,5,3,0,Germans,2
1,5,3,0,Chinese,2
1,5,3,1,Russians,3
1,5,3,1,Italians,2
1,5,3,1,Germans,3
1,5,3,1,Chinese,2
1,5,3,2,Russians,2
1,5,3,2,Italians,0
1,5,3,2,Germans,3
1,5,3,2,Chinese,3
1,5,3,3,Russians,2
1,5,3,3,Italians,0
1,5,3,3,Germans,3
1,5,3,3,Chinese,3
1,5,3,4,Russians,2
1,5,3,4,Italians,0
1,5,3,4,Germans,1
1,5,3,4,Chinese,3
1,5,4,0,Russians,3
1,5,4,0,Italians,1
1,5,4,0,Germans,2
1,5,4,0,Chinese,2
1,5,4,1,Russians,3
1,5,4,1,Italians,1
1,5,4,1,Germans,3
1,5,4,1,Chinese,2
1,5,4,2,Russians,2
1,5,4,2,Italians,1
1,5,4,2,Germans,1
1,5,4,2,Chinese,1
1,5,4,3,Russians,2
1,5,4,3,Italians,1
1,5,4,3,Germans,2
1,5,4,3,Chinese,3
1,5,4,4,Russians,1
1,5,4,4,Italians,1
1,5,4,4,Germans,0
1,5,4,4,Chinese,3
1,5,5,0,Russians,3
1,5,5,0,Italians,2
1,5,5,0,Germans,2
1,5,5,0,Chinese,2
1,5,5,1,Russians,2
1,5,5,1,Italians,1
1,5,5,1,Germans,3
1,5,5,1,Chinese,3
1,5,5,2,Russians,1
1,5,5,2,Italians,2
1,5,5,2,Germans,3
1,5,5,2,Chinese,2
1,5,5,3,Russians,1
1,5,5,3,Italians,1
1,5,5,3,Germans,4
1,5,5,3,Chinese,3
1,5,5,4,Russians,1
1,5,5,4,Italians,0
1,5,5,4,Germans,2
1,5,5,4,Chinese,4
1,5,6,0,Russians,3
1,5,6,0,Italians,2
1,5,6,0,Germans,2
1,5,6,0,Chinese,2
1,5,6,1,Russians,2
1,5,6,1,Italians,2
1,5,6,1,Germans,3
1,5,6,1,Chinese,2
1,5,6,2,Russians,1
1,5,6,2,Italians,3
1,5,6,2,Germans,2
1,5,6,2,Chinese,1
1,5,6,3,Russians,1
1,5,6,3,Italians,1
1,5,6,3,Germans,3
1,5,6,3,Chinese,3
1,5,6,4,Russians,1
1,5,6,4,Italians,1
1,5,6,4,Germans,2
1,5,6,4,Chinese,2
1,5,7,0,Russians,2
1,5,7,0,Italians,1
1,5,7,0,Germans,2
1,5,7,0,Chinese,2
1,5,7,1,Russians,3
1,5,7,1,Italians,1
1,5,7,1,Germans,3
1,5,7,1,Chinese,2
1,5,7,2,Russians,2
1,5,7,2,Italians,1
1,5,7,2,Germans,3
1,5,7,2,Chinese,2
1,5,7,3,Russians,1
1,5,7,3,Italians,0
1,5,7,3,Germans,3
1,5,7,3,Chinese,4
1,5,7,4,Russians,0
1,5,7,4,Italians,0
1,5,7,4,Germans,2
1,5,7,4,Chinese,4
1,5,8,0,Russians,2
1,5,8,0,Italians,1
1,5,8,0,Germans,2
1,5,8,0,Chinese,2
1,5,8,1,Russians,3
1,5,8,1,Italians,1
1,5,8,1,Germans,3
1,5,8,1,Chinese,2
1,5,8,2,Russians,2
1,5,8,2,Italians,1
1,5,8,2,Germans,2
1,5,8,2,Chinese,1
1,5,8,3,Russians,1
1,5,8,3,Italians,1
1,5,8,3,Germans,1
1,5,8,3,Chinese,3
1,5,8,4,Russians,1
1,5,8,4,Italians,1
1,5,8,4,Germans,0
1,5,8,4,Chinese,3
1,5,9,0,Russians,3
1,5,9,0,Italians,2
1,5,9,0,Germans,2
1,5,9,0,Chinese,2
1,5,9,1,Russians,2
1,5,9,1,Italians,2
1,5,9,1,Germans,2
1,5,9,1,Chinese,2
1,5,9,2,Russians,2
1,5,9,2,Italians,1
1,5,9,2,Germans,3
1,5,9,2,Chinese,2
1,5,9,3,Russians,1
1,5,9,3,Italians,0
1,5,9,3,Germans,4
1,5,9,3,Chinese,3
1,5,9,4,Russians,1
1,5,9,4,Italians,1
1,5,9,4,Germans,3
1,5,9,4,Chinese,1
1,5,10,0,Russians,3
1,5,10,0,Italians,2
1,5,10,0,Germans,2
1,5,10,0,Chinese,2
1,5,10,1,Russians,2
1,5,10,1,Italians,2
1,5,10,1,Germans,3
1,5,10,1,Chinese,2
1,5,10,2,Russians,2
1,5,10,2,Italians,2
1,5,10,2,Germans,2
1,5,10,2,Chinese,0
1,5,10,3,Russians,2
1,5,10,3,Italians,1
1,5,10,3,Germans,3
1,5,10,3,Chinese,3
1,5,10,4,Russians,1
1,5,10,4,Italians,2
1,5,10,4,Germans,1
1,5,10,4,Chinese,2
1,5,11,0,Russians,3
1,5,11,0,Italians,1
1,5,11,0,Germans,2
1,5,11,0,Chinese,2
1,5,11,1,Russians,3
1,5,11,1,Italians,1
1,5,11,1,Germans,3
1,5,11,1,Chinese,2
1,5,11,2,Russians,2
1,5,11,2,Italians,1
1,5,11,2,Germans,3
1,5,11,2,Chinese,3
1,5,11,3,Russians,0
1,5,11,3,Italians,1
1,5,11,3,Germans,4
1,5,11,3,Chinese,3
1,5,11,4,Russians,0
1,5,11,4,Italians,0
1,5,11,4,Germans,3
1,5,11,4,Chinese,3
1,5,12,0,Russians,3
1,5,12,0,Italians,1
1,5,12,0,Germans,2
1,5,12,0,Chinese,2
1,5,12,1,Russians,3
1,5,12,1,Italians,1
1,5,12,1,Germans,3
1,5,12,1,Chinese,2
1,5,12,2,Russians,1
1,5,12,2,Italians,1
1,5,12,2,Germans,1
1,5,12,2,Chinese,3
1,5,12,3,Russians,2
1,5,12,3,Italians,1
1,5,12,3,Germans,2
1,5,12,3,Chinese,4
1,5,12,4,Russians,1
1,5,12,4,Italians,1
1,5,12,4,Germans,2
1,5,12,4,Chinese,3
1,5,13,0,Russians,3
1,5,13,0,Italians,2
1,5,13,0,Germans,2
1,5,13,0,Chinese,2
1,5,13,1,Russians,2
1,5,13,1,Italians,2
1,5,13,1,Germans,3
1,5,13,1,Chinese,2
1,5,13,2,Russians,1
1,5,13,2,Italians,2
1,5,13,2,Germans,3
1,5,13,2,Chinese,3
1,5,13,3,Russians,1
1,5,13,3,Italians,1
1,5,13,3,Germans,4
1,5,13,3,Chinese,4
1,5,13,4,Russians,1
1,5,13,4,Italians,0
1,5,13,4,Germans,3
1,5,13,4,Chinese,4
1,5,14,0,Russians,3
1,5,14,0,Italians,2
1,5,14,0,Germans,2
1,5,14,0,Chinese,2
1,5,14,1,Russians,2
1,5,14,1,Italians,1
1,5,14,1,Germans,3
1,5,14,1,Chinese,2
1,5,14,2,Russians,1
1,5,14,2,Italians,2
1,5,14,2,Germans,2
1,5,14,2,Chinese,1
1,5,14,3,Russians,1
1,5,14,3,Italians,0
1,5,14,3,Germans,1
1,5,14,3,Chinese,3
1,5,14,4,Russians,1
1,5,14,4,Italians,0
1,5,14,4,Germans,1
1,5,14,4,Chinese,5
1,5,15,0,Russians,2
1,5,15,0,Italians,1
1,5,15,0,Germans,2
1,5,15,0,Chinese,2
1,5,15,1,Russians,3
1,5,15,1,Italians,1
1,5,15,1,Germans,3
1,5,15,1,Chinese,2
1,5,15,2,Russians,1
1,5,15,2,Italians,0
1,5,15,2,Germans,3
1,5,15,2,Chinese,3
1,5,15,3,Russians,2
1,5,15,3,Italians,0
1,5,15,3,Germans,2
1,5,15,3,Chinese,4
1,5,15,4,Russians,1
1,5,15,4,Italians,0
1,5,15,4,Germans,1
1,5,15,4,Chinese,5
1,5,16,0,Russians,2
1,5,16,0,Italians,1
1,5,16,0,Germans,2
1,5,16,0,Chinese,2
1,5,16,1,Russians,3
1,5,16,1,Italians,1
1,5,16,1,Germans,3
1,5,16,1,Chinese,2
1,5,16,2,Russians,2
1,5,16,2,Italians,1
1,5,16,2,Germans,2
1,5,16,2,Chinese,1
1,5,16,3,Russians,2
1,5,16,3,Italians,1
1,5,16,3,Germans,2
1,5,16,3,Chinese,3
1,5,16,4,Russians,2
1,5,16,4,Italians,0
1,5,16,4,Germans,1
1,5,16,4,Chinese,4
1,5,17,0,Russians,3
1,5,17,0,Italians,2
1,5,17,0,Germans,2
1,5,17,0,Chinese,2
1,5,17,1,Russians,2
1,5,17,1,Italians,2
1,5,17,1,Germans,3
1,5,17,1,Chinese,2
1,5,17,2,Russians,2
1,5,17,2,Italians,1
1,5,17,2,Germans,3
1,5,17,2,Chinese,3
1,5,17,3,Russians,1
1,5,17,3,Italians,3
1,5,17,3,Germans,4
1,5,17,3,Chinese,2
1,5,17,4,Russians,1
1,5,17,4,Italians,1
1,5,17,4,Germans,3
1,5,17,4,Chinese,1
1,5,18,0,Russians,3
1,5,18,0,Italians,2
1,5,18,0,Germans,2
1,5,18,0,Chinese,2
1,5,18,1,Russians,2
1,5,18,1,Italians,1
1,5,18,1,Germans,3
1,5,18,1,Chinese,2
1,5,18,2,Russians,2
1,5,18,2,Italians,2
1,5,18,2,Germans,2
1,5,18,2,Chinese,2
1,5,18,3,Russians,1
1,5,18,3,Italians,0
1,5,18,3,Germans,3
1,5,18,3,Chinese,2
1,5,18,4,Russians,1
1,5,18,4,Italians,1
1,5,18,4,Germans,3
1,5,18,4,Chinese,4
1,5,19,0,Russians,3
1,5,19,0,Italians,1
1,5,19,0,Germans,2
1,5,19,0,Chinese,2
1,5,19,1,Russians,3
1,5,19,1,Italians,1
1,5,19,1,Germans,3
1,5,19,1,Chinese,3
1,5,19,2,Russians,1
1,5,19,2,Italians,0
1,5,19,2,Germans,3
1,5,19,2,Chinese,4
1,5,19,3,Russians,2
1,5,19,3,Italians,0
1,5,19,3,Germans,3
1,5,19,3,Chinese,4
1,5,19,4,Russians,1
1,5,19,4,Italians,0
1,5,19,4,Germans,1
1,5,19,4,Chinese,4
1,5,20,0,Russians,3
1,5,20,0,Italians,1
1,5,20,0,Germans,2
1,5,20,0,Chinese,2
1,5,20,1,Russians,3
1,5,20,1,Italians,1
1,5,20,1,Germans,3
1,5,20,1,Chinese,2
1,5,20,2,Russians,2
1,5,20,2,Italians,1
1,5,20,2,Germans,1
1,5,20,2,Chinese,2
1,5,20,3,Russians,2
1,5,20,3,Italians,1
1,5,20,3,Germans,2
1,5,20,3,Chinese,3
1,5,20,4,Russians,1
1,5,20,4,Italians,1
1,5,20,4,Germans,0
1,5,20,4,Chinese,2
1,5,21,0,Russians,3
1,5,21,0,Italians,2
1,5,21,0,Germans,2
1,5,21,0,Chinese,2
1,5,21,1,Russians,2
1,5,21,1,Italians,2
1,5,21,1,Germans,3
1,5,21,1,Chinese,2
1,5,21,2,Russians,1
1,5,21,2,Italians,2
1,5,21,2,Germans,3
1,5,21,2,Chinese,3
1,5,21,3,Russians,1
1,5,21,3,Italians,2
1,5,21,3,Germans,4
1,5,21,3,Chinese,3
1,5,21,4,Russians,1
1,5,21,4,Italians,1
1,5,21,4,Germans,2
1,5,21,4,Chinese,3
1,5,22,0,Russians,3
1,5,22,0,Italians,2
1,5,22,0,Germans,2
1,5,22,0,Chinese,2
1,5,22,1,Russians,2
1,5,22,1,Italians,1
1,5,22,1,Germans,3
1,5,22,1,Chinese,2
1,5,22,2,Russians,1
1,5,22,2,Italians,2
1,5,22,2,Germans,2
1,5,22,2,Chinese,2
1,5,22,3,Russians,1
1,5,22,3,Italians,0
1,5,22,3,Germans,1
1,5,22,3,Chinese,3
1,5,22,4,Russians,1
1,5,22,4,Italians,0
1,5,22,4,Germans,1
1,5,22,4,Chinese,4
1,5,23,0,Russians,2
1,5,23,0,Italians,1
1,5,23,0,Germans,2
1,5,23,0,Chinese,2
1,5,23,1,Russians,3
1,5,23,1,Italians,1
1,5,23,1,Germans,3
1,5,23,1,Chinese,2
1,5,23,2,Russians,2
1,5,23,2,Italians,0
1,5,23,2,Germans,3
1,5,23,2,Chinese,3
1,5,23,3,Russians,1
1,5,23,3,Italians,0
1,5,23,3,Germans,3
1,5,23,3,Chinese,3
1,5,23,4,Russians,0
1,5,23,4,Italians,0
1,5,23,4,Germans,2
1,5,23,4,Chinese,4
1,5,24,0,Russians,2
1,5,24,0,Italians,1
1,5,24,0,Germans,2
1,5,24,0,Chinese,2
1,5,24,1,Russians,3
1,5,24,1,Italians,1
1,5,24,1,Germans,3
1,5,24,1,Chinese,2
1,5,24,2,Russians,1
1,5,24,2,Italians,1
1,5,24,2,Germans,2
1,5,24,2,Chinese,2
1,5,24,3,Russians,1
1,5,24,3,Italians,1
1,5,24,3,Germans,1
1,5,24,3,Chinese,4
1,5,24,4,Russians,1
1,5,24,4,Italians,1
1,5,24,4,Germans,0
1,5,24,4,Chinese,4
1,5,25,0,Russians,3
1,5,25,0,Italians,2
1,5,25,0,Germans,2
1,5,25,0,Chinese,2
1,5,25,1,Russians,2
1,5,25,1,Italians,3
1,5,25,1,Germans,3
1,5,25,1,Chinese,2
1,5,25,2,Russians,2
1,5,25,2,Italians,2
1,5,25,2,Germans,3
1,5,25,2,Chinese,2
1,5,25,3,Russians,2
1,5,25,3,Italians,1
1,5,25,3,Germans,4
1,5,25,3,Chinese,2
1,5,25,4,Russians,1
1,5,25,4,Italians,1
1,5,25,4,Germans,4
1,5,25,4,Chinese,1
1,5,26,0,Russians,3
1,5,26,0,Italians,2
1,5,26,0,Germans,2
1,5,26,0,Chinese,2
1,5,26,1,Russians,2
1,5,26,1,Italians,2
1,5,26,1,Germans,3
1,5,26,1,Chinese,2
1,5,26,2,Russians,2
1,5,26,2,Italians,3
1,5,26,2,Germans,2
1,5,26,2,Chinese,2
1,5,26,3,Russians,2
1,5,26,3,Italians,2
1,5,26,3,Germans,2
1,5,26,3,Chinese,1
1,5,26,4,Russians,1
1,5,26,4,Italians,3
1,5,26,4,Germans,1
1,5,26,4,Chinese,3
1,5,27,0,Russians,3
1,5,27,0,Italians,1
1,5,27,0,Germans,2
1,5,27,0,Chinese,2
1,5,27,1,Russians,3
1,5,27,1,Italians,2
1,5,27,1,Germans,3
1,5,27,1,Chinese,2
1,5,27,2,Russians,1
1,5,27,2,Italians,0
1,5,27,2,Germans,3
1,5,27,2,Chinese,4
1,5,27,3,Russians,3
1,5,27,3,Italians,0
1,5,27,3,Germans,2
1,5,27,3,Chinese,4
1,5,27,4,Russians,1
1,5,27,4,Italians,0
1,5,27,4,Germans,0
1,5,27,4,Chinese,3
1,5,28,0,Russians,3
1,5,28,0,Italians,1
1,5,28,0,Germans,2
1,5,28,0,Chinese,2
1,5,28,1,Russians,3
1,5,28,1,Italians,1
1,5,28,1,Germans,3
1,5,28,1,Chinese,2
1,5,28,2,Russians,1
1,5,28,2,Italians,1
1,5,28,2,Germans,1
1,5,28,2,Chinese,3
1,5,28,3,Russians,2
1,5,28,3,Italians,1
1,5,28,3,Germans,2
1,5,28,3,Chinese,4
1,5,28,4,Russians,1
1,5,28,4,Italians,1
1,5,28,4,Germans,0
1,5,28,4,Chinese,3
1,5,29,0,Russians,3
1,5,29,0,Italians,2
1,5,29,0,Germans,2
1,5,29,0,Chinese,2
1,5,29,1,Russians,2
1,5,29,1,Italians,1
1,5,29,1,Germans,3
1,5,29,1,Chinese,2
1,5,29,2,Russians,1
1,5,29,2,Italians,2
1,5,29,2,Germans,3
1,5,29,2,Chinese,3
1,5,29,3,Russians,0
1,5,29,3,Italians,1
1,5,29,3,Germans,3
1,5,29,3,Chinese,4
1,5,29,4,Russians,0
1,5,29,4,Italians,0
1,5,29,4,Germans,2
1,5,29,4,Chinese,3
1,5,30,0,Russians,3
1,5,30,0,Italians,2
1,5,30,0,Germans,2
1,5,30,0,Chinese,2
1,5,30,1,Russians,2
1,5,30,1,Italians,2
1,5,30,1,Germans,3
1,5,30,1,Chinese,2
1,5,30,2,Russians,1
1,5,30,2,Italians,2
1,5,30,2,Germans,2
1,5,30,2,Chinese,2
1,5,30,3,Russians,1
1,5,30,3,Italians,2
1,5,30,3,Germans,3
1,5,30,3,Chinese,3
1,5,30,4,Russians,1
1,5,30,4,Italians,2
1,5,30,4,Germans,2
1,5,30,4,Chinese,0
1,5,31,0,Russians,3
1,5,31,0,Italians,1
1,5,31,0,Germans,2
1,5,31,0,Chinese,2
1,5,31,1,Russians,3
1,5,31,1,Italians,1
1,5,31,1,Germans,3
1,5,31,1,Chinese,3
1,5,31,2,Russians,2
1,5,31,2,Italians,0
1,5,31,2,Germans,2
1,5,31,2,Chinese,3
1,5,31,3,Russians,1
1,5,31,3,Italians,0
1,5,31,3,Germans,3
1,5,31,3,Chinese,4
1,5,31,4,Russians,1
1,5,31,4,Italians,0
1,5,31,4,Germans,1
1,5,31,4,Chinese,2
1,5,32,0,Russians,2
1,5,32,0,Italians,1
1,5,32,0,Germans,2
1,5,32,0,Chinese,2
1,5,32,1,Russians,3
1,5,32,1,Italians,1
1,5,32,1,Germans,3
1,5,32,1,Chinese,3
1,5,32,2,Russians,2
1,5,32,2,Italians,1
1,5,32,2,Germans,2
1,5,32,2,Chinese,3
1,5,32,3,Russians,2
1,5,32,3,Italians,1
1,5,32,3,Germans,2
1,5,32,3,Chinese,4
1,6,1,0,Russians,2
1,6,1,0,Italians,2
1,6,1,0,Germans,2
1,6,1,0,Chinese,2
1,6,1,1,Russians,2
1,6,1,1,Italians,2
1,6,1,1,Germans,2
1,6,1,1,Chinese,3
1,6,1,2,Russians,1
1,6,1,2,Italians,2
1,6,1,2,Germans,2
1,6,1,2,Chinese,2
1,6,1,3,Russians,0
1,6,1,3,Italians,2
1,6,1,3,Germans,5
1,6,1,3,Chinese,1
1,6,1,4,Russians,0
1,6,1,4,Italians,0
1,6,1,4,Germans,3
1,6,1,4,Chinese,2
1,6,2,0,Russians,3
1,6,2,0,Italians,2
1,6,2,0,Germans,2
1,6,2,0,Chinese,2
1,6,2,1,Russians,2
1,6,2,1,Italians,2
1,6,2,1,Germans,2
1,6,2,1,Chinese,3
1,6,2,2,Russians,1
1,6,2,2,Italians,2
1,6,2,2,Germans,1
1,6,2,2,Chinese,2
1,6,2,3,Russians,0
1,6,2,3,Italians,1
1,6,2,3,Germans,2
1,6,2,3,Chinese,4
1,6,2,4,Russians,0
1,6,2,4,Italians,1
1,6,2,4,Germans,1
1,6,2,4,Chinese,3
1,6,3,0,Russians,3
1,6,3,0,Italians,2
1,6,3,0,Germans,2
1,6,3,0,Chinese,2
1,6,3,1,Russians,2
1,6,3,1,Italians,2
1,6,3,1,Germans,2
1,6,3,1,Chinese,3
1,6,3,2,Russians,1
1,6,3,2,Italians,2
1,6,3,2,Germans,1
1,6,3,2,Chinese,3
1,6,3,3,Russians,0
1,6,3,3,Italians,1
1,6,3,3,Germans,3
1,6,3,3,Chinese,3
1,6,3,4,Russians,0
1,6,3,4,Italians,1
1,6,3,4,Germans,2
1,6,3,4,Chinese,2
1,6,4,0,Russians,3
1,6,4,0,Italians,2
1,6,4,0,Germans,2
1,6,4,0,Chinese,2
1,6,4,1,Russians,2
1,6,4,1,Italians,2
1,6,4,1,Germans,2
1,6,4,1,Chinese,3
1,6,4,2,Russians,0
1,6,4,2,Italians,2
1,6,4,2,Germans,1
1,6,4,2,Chinese,2
1,6,4,3,Russians,0
1,6,4,3,Italians,1
1,6,4,3,Germans,2
1,6,4,3,Chinese,3
1,6,4,4,Russians,1
1,6,4,4,Italians,1
1,6,4,4,Germans,4
1,6,4,4,Chinese,3
1,6,5,0,Russians,2
1,6,5,0,Italians,2
1,6,5,0,Germans,2
1,6,5,0,Chinese,2
1,6,5,1,Russians,2
1,6,5,1,Italians,2
1,6,5,1,Germans,2
1,6,5,1,Chinese,3
1,6,5,2,Russians,1
1,6,5,2,Italians,2
1,6,5,2,Germans,2
1,6,5,2,Chinese,2
1,6,5,3,Russians,0
1,6,5,3,Italians,1
1,6,5,3,Germans,3
1,6,5,3,Chinese,4
1,6,5,4,Russians,0
1,6,5,4,Italians,0
1,6,5,4,Germans,4
1,6,5,4,Chinese,4
1,6,6,0,Russians,3
1,6,6,0,Italians,2
1,6,6,0,Germans,2
1,6,6,0,Chinese,2
1,6,6,1,Russians,2
1,6,6,1,Italians,2
1,6,6,1,Germans,2
1,6,6,1,Chinese,3
1,6,6,2,Russians,1
1,6,6,2,Italians,2
1,6,6,2,Germans,2
1,6,6,2,Chinese,4
1,6,6,3,Russians,0
1,6,6,3,Italians,0
1,6,6,3,Germans,3
1,6,6,3,Chinese,4
1,6,6,4,Russians,0
1,6,6,4,Italians,0
1,6,6,4,Germans,3
1,6,6,4,Chinese,1
1,6,7,0,Russians,3
1,6,7,0,Italians,2
1,6,7,0,Germans,2
1,6,7,0,Chinese,2
1,6,7,1,Russians,2
1,6,7,1,Italians,2
1,6,7,1,Germans,2
1,6,7,1,Chinese,3
1,6,7,2,Russians,1
1,6,7,2,Italians,2
1,6,7,2,Germans,3
1,6,7,2,Chinese,3
1,6,7,3,Russians,0
1,6,7,3,Italians,1
1,6,7,3,Germans,4
1,6,7,3,Chinese,3
1,6,7,4,Russians,0
1,6,7,4,Italians,1
1,6,7,4,Germans,4
1,6,7,4,Chinese,3
1,6,8,0,Russians,3
1,6,8,0,Italians,2
1,6,8,0,Germans,2
1,6,8,0,Chinese,2
1,6,8,1,Russians,2
1,6,8,1,Italians,2
1,6,8,1,Germans,2
1,6,8,1,Chinese,3
1,6,8,2,Russians,1
1,6,8,2,Italians,2
1,6,8,2,Germans,2
1,6,8,2,Chinese,2
1,6,8,3,Russians,0
1,6,8,3,Italians,1
1,6,8,3,Germans,3
1,6,8,3,Chinese,4
1,6,8,4,Russians,0
1,6,8,4,Italians,1
1,6,8,4,Germans,3
1,6,8,4,Chinese,3
1,6,9,0,Russians,2
1,6,9,0,Italians,2
1,6,9,0,Germans,2
1,6,9,0,Chinese,2
1,6,9,1,Russians,2
1,6,9,1,Italians,2
1,6,9,1,Germans,2
1,6,9,1,Chinese,3
1,6,9,2,Russians,1
1,6,9,2,Italians,2
1,6,9,2,Germans,1
1,6,9,2,Chinese,2
1,6,9,3,Russians,0
1,6,9,3,Italians,1
1,6,9,3,Germans,3
1,6,9,3,Chinese,3
1,6,9,4,Russians,0
1,6,9,4,Italians,1
1,6,9,4,Germans,2
1,6,9,4,Chinese,3
1,6,10,0,Russians,3
1,6,10,0,Italians,2
1,6,10,0,Germans,2
1,6,10,0,Chinese,2
1,6,10,1,Russians,2
1,6,10,1,Italians,2
1,6,10,1,Germans,2
1,6,10,1,Chinese,3
1,6,10,2,Russians,1
1,6,10,2,Italians,2
1,6,10,2,Germans,2
1,6,10,2,Chinese,2
1,6,10,3,Russians,0
1,6,10,3,Italians,1
1,6,10,3,Germans,4
1,6,10,3,Chinese,3
1,6,10,4,Russians,0
1,6,10,4,Italians,0
1,6,10,4,Germans,4
1,6,10,4,Chinese,3
1,6,11,0,Russians,3
1,6,11,0,Italians,2
1,6,11,0,Germans,2
1,6,11,0,Chinese,2
1,6,11,1,Russians,2
1,6,11,1,Italians,2
1,6,11,1,Germans,2
1,6,11,1,Chinese,3
1,6,11,2,Russians,1
1,6,11,2,Italians,2
1,6,11,2,Germans,2
1,6,11,2,Chinese,3
1,6,11,3,Russians,0
1,6,11,3,Italians,2
1,6,11,3,Germans,2
1,6,11,3,Chinese,4
1,6,11,4,Russians,0
1,6,11,4,Italians,1
1,6,11,4,Germans,2
1,6,11,4,Chinese,3
1,6,12,0,Russians,3
1,6,12,0,Italians,2
1,6,12,0,Germans,2
1,6,12,0,Chinese,2
1,6,12,1,Russians,2
1,6,12,1,Italians,2
1,6,12,1,Germans,2
1,6,12,1,Chinese,3
1,6,12,2,Russians,1
1,6,12,2,Italians,2
1,6,12,2,Germans,3
1,6,12,2,Chinese,2
1,6,12,3,Russians,0
1,6,12,3,Italians,1
1,6,12,3,Germans,4
1,6,12,3,Chinese,2
1,6,12,4,Russians,0
1,6,12,4,Italians,0
1,6,12,4,Germans,5
1,6,12,4,Chinese,3
1,6,13,0,Russians,2
1,6,13,0,Italians,3
1,6,13,0,Germans,2
1,6,13,0,Chinese,2
1,6,13,1,Russians,2
1,6,13,1,Italians,2
1,6,13,1,Germans,2
1,6,13,1,Chinese,3
1,6,13,2,Russians,0
1,6,13,2,Italians,2
1,6,13,2,Germans,2
1,6,13,2,Chinese,2
1,6,13,3,Russians,0
1,6,13,3,Italians,0
1,6,13,3,Germans,5
1,6,13,3,Chinese,4
1,6,13,4,Russians,0
1,6,13,4,Italians,0
1,6,13,4,Germans,4
1,6,13,4,Chinese,4
1,6,14,0,Russians,3
1,6,14,0,Italians,3
1,6,14,0,Germans,2
1,6,14,0,Chinese,2
1,6,14,1,Russians,1
1,6,14,1,Italians,2
1,6,14,1,Germans,2
1,6,14,1,Chinese,3
1,6,14,2,Russians,0
1,6,14,2,Italians,1
1,6,14,2,Germans,3
1,6,14,2,Chinese,2
1,6,14,3,Russians,1
1,6,14,3,Italians,0
1,6,14,3,Germans,4
1,6,14,3,Chinese,3
1,6,14,4,Russians,0
1,6,14,4,Italians,0
1,6,14,4,Germans,4
1,6,14,4,Chinese,3
1,6,15,0,Russians,3
1,6,15,0,Italians,3
1,6,15,0,Germans,2
1,6,15,0,Chinese,2
1,6,15,1,Russians,1
1,6,15,1,Italians,2
1,6,15,1,Germans,2
1,6,15,1,Chinese,4
1,6,15,2,Russians,0
1,6,15,2,Italians,1
1,6,15,2,Germans,2
1,6,15,2,Chinese,3
1,6,15,3,Russians,0
1,6,15,3,Italians,0
1,6,15,3,Germans,4
1,6,15,3,Chinese,4
1,6,15,4,Russians,0
1,6,15,4,Italians,0
1,6,15,4,Germans,3
1,6,15,4,Chinese,3
1,6,16,0,Russians,3
1,6,16,0,Italians,2
1,6,16,0,Germans,2
1,6,16,0,Chinese,2
1,6,16,1,Russians,2
1,6,16,1,Italians,2
1,6,16,1,Germans,2
1,6,16,1,Chinese,3
1,6,16,2,Russians,0
1,6,16,2,Italians,2
1,6,16,2,Germans,2
1,6,16,2,Chinese,2
1,6,16,3,Russians,0
1,6,16,3,Italians,1
1,6,16,3,Germans,5
1,6,16,3,Chinese,4
1,6,16,4,Russians,0
1,6,16,4,Italians,0
1,6,16,4,Germans,4
1,6,16,4,Chinese,4
1,6,17,0,Russians,2
1,6,17,0,Italians,2
1,6,17,0,Germans,2
1,6,17,0,Chinese,2
1,6,17,1,Russians,2
1,6,17,1,Italians,2
1,6,17,1,Germans,2
1,6,17,1,Chinese,3
1,6,17,2,Russians,0
1,6,17,2,Italians,2
1,6,17,2,Germans,2
1,6,17,2,Chinese,2
1,6,17,3,Russians,0
1,6,17,3,Italians,1
1,6,17,3,Germans,2
1,6,17,3,Chinese,3
1,6,17,4,Russians,0
1,6,17,4,Italians,1
1,6,17,4,Germans,2
1,6,17,4,Chinese,3
1,6,18,0,Russians,3
1,6,18,0,Italians,2
1,6,18,0,Germans,2
1,6,18,0,Chinese,2
1,6,18,1,Russians,2
1,6,18,1,Italians,2
1,6,18,1,Germans,2
1,6,18,1,Chinese,3
1,6,18,2,Russians,0
1,6,18,2,Italians,2
1,6,18,2,Germans,2
1,6,18,2,Chinese,2
1,6,18,3,Russians,0
1,6,18,3,Italians,2
1,6,18,3,Germans,4
1,6,18,3,Chinese,4
1,6,18,4,Russians,0
1,6,18,4,Italians,1
1,6,18,4,Germans,2
1,6,18,4,Chinese,3
1,6,19,0,Russians,3
1,6,19,0,Italians,3
1,6,19,0,Germans,2
1,6,19,0,Chinese,2
1,6,19,1,Russians,2
1,6,19,1,Italians,2
1,6,19,1,Germans,1
1,6,19,1,Chinese,3
1,6,19,2,Russians,0
1,6,19,2,Italians,2
1,6,19,2,Germans,2
1,6,19,2,Chinese,4
1,6,19,3,Russians,0
1,6,19,3,Italians,2
1,6,19,3,Germans,4
1,6,19,3,Chinese,4
1,6,19,4,Russians,0
1,6,19,4,Italians,1
1,6,19,4,Germans,4
1,6,19,4,Chinese,3
1,6,20,0,Russians,3
1,6,20,0,Italians,3
1,6,20,0,Germans,2
1,6,20,0,Chinese,2
1,6,20,1,Russians,2
1,6,20,1,Italians,2
1,6,20,1,Germans,2
1,6,20,1,Chinese,4
1,6,20,2,Russians,1
1,6,20,2,Italians,2
1,6,20,2,Germans,2
1,6,20,2,Chinese,1
1,6,20,3,Russians,0
1,6,20,3,Italians,2
1,6,20,3,Germans,3
1,6,20,3,Chinese,2
1,6,20,4,Russians,0
1,6,20,4,Italians,2
1,6,20,4,Germans,4
1,6,20,4,Chinese,3
1,6,21,0,Russians,2
1,6,21,0,Italians,2
1,6,21,0,Germans,2
1,6,21,0,Chinese,2
1,6,21,1,Russians,2
1,6,21,1,Italians,2
1,6,21,1,Germans,2
1,6,21,1,Chinese,3
1,6,21,2,Russians,1
1,6,21,2,Italians,1
1,6,21,2,Germans,3
1,6,21,2,Chinese,3
1,6,21,3,Russians,0
1,6,21,3,Italians,1
1,6,21,3,Germans,3
1,6,21,3,Chinese,2
1,6,21,4,Russians,0
1,6,21,4,Italians,1
1,6,21,4,Germans,2
1,6,21,4,Chinese,3
1,6,22,0,Russians,3
1,6,22,0,Italians,2
1,6,22,0,Germans,2
1,6,22,0,Chinese,2
1,6,22,1,Russians,2
1,6,22,1,Italians,2
1,6,22,1,Germans,2
1,6,22,1,Chinese,3
1,6,22,2,Russians,1
1,6,22,2,Italians,1
1,6,22,2,Germans,2
1,6,22,2,Chinese,3
1,6,22,3,Russians,0
1,6,22,3,Italians,1
1,6,22,3,Germans,3
1,6,22,3,Chinese,4
1,6,22,4,Russians,0
1,6,22,4,Italians,1
1,6,22,4,Germans,2
1,6,22,4,Chinese,3
1,6,23,0,Russians,3
1,6,23,0,Italians,2
1,6,23,0,Germans,2
1,6,23,0,Chinese,2
1,6,23,1,Russians,2
1,6,23,1,Italians,2
1,6,23,1,Germans,2
1,6,23,1,Chinese,3
1,6,23,2,Russians,1
1,6,23,2,Italians,2
1,6,23,2,Germans,2
1,6,23,2,Chinese,4
1,6,23,3,Russians,0
1,6,23,3,Italians,1
1,6,23,3,Germans,3
1,6,23,3,Chinese,4
1,6,23,4,Russians,0
1,6,23,4,Italians,0
1,6,23,4,Germans,2
1,6,23,4,Chinese,4
1,6,24,0,Russians,3
1,6,24,0,Italians,2
1,6,24,0,Germans,2
1,6,24,0,Chinese,2
1,6,24,1,Russians,2
1,6,24,1,Italians,2
1,6,24,1,Germans,2
1,6,24,1,Chinese,3
1,6,24,2,Russians,0
1,6,24,2,Italians,1
1,6,24,2,Germans,3
1,6,24,2,Chinese,2
1,6,24,3,Russians,0
1,6,24,3,Italians,0
1,6,24,3,Germans,5
1,6,24,3,Chinese,4
1,6,24,4,Russians,0
1,6,24,4,Italians,0
1,6,24,4,Germans,3
1,6,24,4,Chinese,3
1,6,25,0,Russians,2
1,6,25,0,Italians,2
1,6,25,0,Germans,2
1,6,25,0,Chinese,2
1,6,25,1,Russians,2
1,6,25,1,Italians,2
1,6,25,1,Germans,2
1,6,25,1,Chinese,3
1,6,25,2,Russians,1
1,6,25,2,Italians,2
1,6,25,2,Germans,3
1,6,25,2,Chinese,2
1,6,25,3,Russians,0
1,6,25,3,Italians,2
1,6,25,3,Germans,4
1,6,25,3,Chinese,1
1,6,25,4,Russians,0
1,6,25,4,Italians,1
1,6,25,4,Germans,5
1,6,25,4,Chinese,3
1,6,26,0,Russians,3
1,6,26,0,Italians,2
1,6,26,0,Germans,2
1,6,26,0,Chinese,2
1,6,26,1,Russians,2
1,6,26,1,Italians,2
1,6,26,1,Germans,2
1,6,26,1,Chinese,3
1,6,26,2,Russians,0
1,6,26,2,Italians,1
1,6,26,2,Germans,2
1,6,26,2,Chinese,4
1,6,26,3,Russians,0
1,6,26,3,Italians,1
1,6,26,3,Germans,2
1,6,26,3,Chinese,4
1,6,26,4,Russians,1
1,6,26,4,Italians,1
1,6,26,4,Germans,1
1,6,26,4,Chinese,3
1,6,27,0,Russians,3
1,6,27,0,Italians,2
1,6,27,0,Germans,2
1,6,27,0,Chinese,2
1,6,27,1,Russians,2
1,6,27,1,Italians,2
1,6,27,1,Germans,2
1,6,27,1,Chinese,3
1,6,27,2,Russians,1
1,6,27,2,Italians,2
1,6,27,2,Germans,2
1,6,27,2,Chinese,4
1,6,27,3,Russians,0
1,6,27,3,Italians,2
1,6,27,3,Germans,3
1,6,27,3,Chinese,3
1,6,27,4,Russians,0
1,6,27,4,Italians,0
1,6,27,4,Germans,5
1,6,27,4,Chinese,4
1,6,28,0,Russians,3
1,6,28,0,Italians,2
1,6,28,0,Germans,2
1,6,28,0,Chinese,2
1,6,28,1,Russians,2
1,6,28,1,Italians,2
1,6,28,1,Germans,2
1,6,28,1,Chinese,4
1,6,28,2,Russians,1
1,6,28,2,Italians,2
1,6,28,2,Germans,2
1,6,28,2,Chinese,2
1,6,28,3,Russians,0
1,6,28,3,Italians,2
1,6,28,3,Germans,5
1,6,28,3,Chinese,1
1,6,28,4,Russians,0
1,6,28,4,Italians,0
1,6,28,4,Germans,3
1,6,28,4,Chinese,3
1,6,29,0,Russians,2
1,6,29,0,Italians,2
1,6,29,0,Germans,2
1,6,29,0,Chinese,2
1,6,29,1,Russians,2
1,6,29,1,Italians,2
1,6,29,1,Germans,2
1,6,29,1,Chinese,3
1,6,29,2,Russians,0
1,6,29,2,Italians,1
1,6,29,2,Germans,2
1,6,29,2,Chinese,3
1,6,29,3,Russians,0
1,6,29,3,Italians,1
1,6,29,3,Germans,4
1,6,29,3,Chinese,4
1,6,29,4,Russians,0
1,6,29,4,Italians,1
1,6,29,4,Germans,3
1,6,29,4,Chinese,3
1,6,30,0,Russians,3
1,6,30,0,Italians,3
1,6,30,0,Germans,2
1,6,30,0,Chinese,2
1,6,30,1,Russians,2
1,6,30,1,Italians,2
1,6,30,1,Germans,2
1,6,30,1,Chinese,3
1,6,30,2,Russians,0
1,6,30,2,Italians,2
1,6,30,2,Germans,4
1,6,30,2,Chinese,3
1,6,30,3,Russians,0
1,6,30,3,Italians,0
1,6,30,3,Germans,4
1,6,30,3,Chinese,2
1,6,30,4,Russians,0
1,6,30,4,Italians,0
1,6,30,4,Germans,4
1,6,30,4,Chinese,3
1,6,31,0,Russians,3
1,6,31,0,Italians,3
1,6,31,0,Germans,2
1,6,31,0,Chinese,2
1,6,31,1,Russians,2
1,6,31,1,Italians,2
1,6,31,1,Germans,2
1,6,31,1,Chinese,4
1,7,1,0,Russians,2
1,7,1,0,Italians,3
1,7,1,0,Germans,2
1,7,1,0,Chinese,2
1,7,1,1,Russians,1
1,7,1,1,Italians,2
1,7,1,1,Germans,1
1,7,1,1,Chinese,3
1,7,1,2,Russians,0
1,7,1,2,Italians,2
1,7,1,2,Germans,3
1,7,1,2,Chinese,2
1,7,1,3,Russians,1
1,7,1,3,Italians,0
1,7,1,3,Germans,3
1,7,1,3,Chinese,2
1,7,1,4,Russians,0
1,7,1,4,Italians,0
1,7,1,4,Germans,4
1,7,1,4,Chinese,3
1,7,2,0,Russians,3
1,7,2,0,Italians,3
1,7,2,0,Germans,2
1,7,2,0,Chinese,2
1,7,2,1,Russians,2
1,7,2,1,Italians,2
1,7,2,1,Germans,2
1,7,2,1,Chinese,3
1,7,2,2,Russians,0
1,7,2,2,Italians,2
1,7,2,2,Germans,4
1,7,2,2,Chinese,2
1,7,2,3,Russians,0
1,7,2,3,Italians,0
1,7,2,3,Germans,5
1,7,2,3,Chinese,2
1,7,2,4,Russians,0
1,7,2,4,Italians,0
1,7,2,4,Germans,4
1,7,2,4,Chinese,2
1,7,3,0,Russians,1
1,7,3,0,Italians,2
1,7,3,0,Germans,2
1,7,3,0,Chinese,2
1,7,3,1,Russians,2
1,7,3,1,Italians,1
1,7,3,1,Germans,1
1,7,3,1,Chinese,3
1,7,3,2,Russians,0
1,7,3,2,Italians,2
1,7,3,2,Germans,3
1,7,3,2,Chinese,2
1,7,3,3,Russians,0
1,7,3,3,Italians,0
1,7,3,3,Germans,3
1,7,3,3,Chinese,3
1,7,3,4,Russians,0
1,7,3,4,Italians,1
1,7,3,4,Germans,4
1,7,3,4,Chinese,2
1,7,4,0,Russians,1
1,7,4,0,Italians,2
1,7,4,0,Germans,2
1,7,4,0,Chinese,2
1,7,4,1,Russians,2
1,7,4,1,Italians,2
1,7,4,1,Germans,2
1,7,4,1,Chinese,3
1,7,4,2,Russians,1
1,7,4,2,Italians,2
1,7,4,2,Germans,3
1,7,4,2,Chinese,2
1,7,4,3,Russians,0
1,7,4,3,Italians,2
1,7,4,3,Germans,3
1,7,4,3,Chinese,2
1,7,4,4,Russians,0
1,7,4,4,Italians,0
1,7,4,4,Germans,3
1,7,4,4,Chinese,3
1,7,5,0,Russians,1
1,7,5,0,Italians,3
1,7,5,0,Germans,2
1,7,5,0,Chinese,2
1,7,5,1,Russians,1
1,7,5,1,Italians,2
1,7,5,1,Germans,1
1,7,5,1,Chinese,3
1,7,5,2,Russians,0
1,7,5,2,Italians,2
1,7,5,2,Germans,3
1,7,5,2,Chinese,2
1,7,5,3,Russians,1
1,7,5,3,Italians,0
1,7,5,3,Germans,4
1,7,5,3,Chinese,2
1,7,5,4,Russians,0
1,7,5,4,Italians,0
1,7,5,4,Germans,3
1,7,5,4,Chinese,3
1,7,6,0,Russians,2
1,7,6,0,Italians,2
1,7,6,0,Germans,2
1,7,6,0,Chinese,2
1,7,6,1,Russians,2
1,7,6,1,Italians,2
1,7,6,1,Germans,2
1,7,6,1,Chinese,3
1,7,6,2,Russians,1
1,7,6,2,Italians,2
1,7,6,2,Germans,3
1,7,6,2,Chinese,2
1,7,6,3,Russians,0
1,7,6,3,Italians,2
1,7,6,3,Germans,3
1,7,6,3,Chinese,2
1,7,6,4,Russians,0
1,7,6,4,Italians,0
1,7,6,4,Germans,3
1,7,6,4,Chinese,3
1,7,7,0,Russians,2
1,7,7,0,Italians,2
1,7,7,0,Germans,2
1,7,7,0,Chinese,2
1,7,7,1,Russians,2
1,7,7,1,Italians,1
1,7,7,1,Germans,1
1,7,7,1,Chinese,3
1,7,7,2,Russians,1
1,7,7,2,Italians,2
1,7,7,2,Germans,3
1,7,7,2,Chinese,2
1,7,7,3,Russians,0
1,7,7,3,Italians,0
1,7,7,3,Germans,4
1,7,7,3,Chinese,4
1,7,7,4,Russians,0
1,7,7,4,Italians,0
1,7,7,4,Germans,4
1,7,7,4,Chinese,4
1,7,8,0,Russians,2
1,7,8,0,Italians,2
1,7,8,0,Germans,2
1,7,8,0,Chinese,2
1,7,8,1,Russians,2
1,7,8,1,Italians,2
1,7,8,1,Germans,2
1,7,8,1,Chinese,3
1,7,8,2,Russians,0
1,7,8,2,Italians,2
1,7,8,2,Germans,3
1,7,8,2,Chinese,3
1,7,8,3,Russians,0
1,7,8,3,Italians,2
1,7,8,3,Germans,3
1,7,8,3,Chinese,2
1,7,8,4,Russians,0
1,7,8,4,Italians,0
1,7,8,4,Germans,3
1,7,8,4,Chinese,3
1,7,9,0,Russians,0
1,7,9,0,Italians,3
1,7,9,0,Germans,2
1,7,9,0,Chinese,2
1,7,9,1,Russians,1
1,7,9,1,Italians,1
1,7,9,1,Germans,2
1,7,9,1,Chinese,3
1,7,9,2,Russians,1
1,7,9,2,Italians,2
1,7,9,2,Germans,3
1,7,9,2,Chinese,2
1,7,9,3,Russians,1
1,7,9,3,Italians,0
1,7,9,3,Germans,4
1,7,9,3,Chinese,3
1,7,9,4,Russians,0
1,7,9,4,Italians,0
1,7,9,4,Germans,3
1,7,9,4,Chinese,3
1,7,10,0,Russians,3
1,7,10,0,Italians,3
1,7,10,0,Germans,2
1,7,10,0,Chinese,2
1,7,10,1,Russians,2
1,7,10,1,Italians,2
1,7,10,1,Germans,2
1,7,10,1,Chinese,3
1,7,10,2,Russians,0
1,7,10,2,Italians,2
1,7,10,2,Germans,5
1,7,10,2,Chinese,2
1,7,10,3,Russians,0
1,7,10,3,Italians,0
1,7,10,3,Germans,4
1,7,10,3,Chinese,3
1,7,10,4,Russians,0
1,7,10,4,Italians,0
1,7,10,4,Germans,4
1,7,10,4,Chinese,3
1,7,11,0,Russians,0
1,7,11,0,Italians,3
1,7,11,0,Germans,2
1,7,11,0,Chinese,2
1,7,11,1,Russians,1
1,7,11,1,Italians,2
1,7,11,1,Germans,2
1,7,11,1,Chinese,3
1,7,11,2,Russians,0
1,7,11,2,Italians,2
1,7,11,2,Germans,3
1,7,11,2,Chinese,2
1,7,11,3,Russians,1
1,7,11,3,Italians,0
1,7,11,3,Germans,3
1,7,11,3,Chinese,3
1,7,11,4,Russians,0
1,7,11,4,Italians,0
1,7,11,4,Germans,4
1,7,11,4,Chinese,3
1,7,12,0,Russians,0
1,7,12,0,Italians,2
1,7,12,0,Germans,2
1,7,12,0,Chinese,2
1,7,12,1,Russians,2
1,7,12,1,Italians,2
1,7,12,1,Germans,2
1,7,12,1,Chinese,3
1,7,12,2,Russians,1
1,7,12,2,Italians,2
1,7,12,2,Germans,3
1,7,12,2,Chinese,2
1,7,12,3,Russians,0
1,7,12,3,Italians,2
1,7,12,3,Germans,3
1,7,12,3,Chinese,1
1,7,12,4,Russians,0
1,7,12,4,Italians,0
1,7,12,4,Germans,3
1,7,12,4,Chinese,4
1,7,13,0,Russians,1
1,7,13,0,Italians,2
1,7,13,0,Germans,2
1,7,13,0,Chinese,2
1,7,13,1,Russians,2
1,7,13,1,Italians,1
1,7,13,1,Germans,1
1,7,13,1,Chinese,3
1,7,13,2,Russians,1
1,7,13,2,Italians,2
1,7,13,2,Germans,3
1,7,13,2,Chinese,2
1,7,13,3,Russians,0
1,7,13,3,Italians,0
1,7,13,3,Germans,5
1,7,13,3,Chinese,3
1,7,13,4,Russians,0
1,7,13,4,Italians,0
1,7,13,4,Germans,3
1,7,13,4,Chinese,4
1,7,14,0,Russians,1
1,7,14,0,Italians,2
1,7,14,0,Germans,2
1,7,14,0,Chinese,2
1,7,14,1,Russians,2
1,7,14,1,Italians,2
1,7,14,1,Germans,2
1,7,14,1,Chinese,3
1,7,14,2,Russians,1
1,7,14,2,Italians,2
1,7,14,2,Germans,3
1,7,14,2,Chinese,2
1,7,14,3,Russians,0
1,7,14,3,Italians,2
1,7,14,3,Germans,4
1,7,14,3,Chinese,1
1,7,14,4,Russians,0
1,7,14,4,Italians,0
1,7,14,4,Germans,3
1,7,14,4,Chinese,3
1,7,15,0,Russians,1
1,7,15,0,Italians,3
1,7,15,0,Germans,2
1,7,15,0,Chinese,2
1,7,15,1,Russians,1
1,7,15,1,Italians,1
1,7,15,1,Germans,2
1,7,15,1,Chinese,3
1,7,15,2,Russians,0
1,7,15,2,Italians,2
1,7,15,2,Germans,3
1,7,15,2,Chinese,2
1,7,15,3,Russians,1
1,7,15,3,Italians,0
1,7,15,3,Germans,3
1,7,15,3,Chinese,2
1,7,15,4,Russians,0
1,7,15,4,Italians,1
1,7,15,4,Germans,3
1,7,15,4,Chinese,4
1,7,16,0,Russians,1
1,7,16,0,Italians,2
1,7,16,0,Germans,2
1,7,16,0,Chinese,2
1,7,16,1,Russians,2
1,7,16,1,Italians,2
1,7,16,1,Germans,2
1,7,16,1,Chinese,3
1,7,16,2,Russians,0
1,7,16,2,Italians,2
1,7,16,2,Germans,3
1,7,16,2,Chinese,2
1,7,16,3,Russians,0
1,7,16,3,Italians,2
1,7,16,3,Germans,4
1,7,16,3,Chinese,2
1,7,16,4,Russians,0
1,7,16,4,Italians,0
1,7,16,4,Germans,3
1,7,16,4,Chinese,4
1,7,17,0,Russians,1
1,7,17,0,Italians,2
1,7,17,0,Germans,2
1,7,17,0,Chinese,2
1,7,17,1,Russians,2
1,7,17,1,Italians,2
1,7,17,1,Germans,1
1,7,17,1,Chinese,3
1,7,17,2,Russians,0
1,7,17,2,Italians,2
1,7,17,2,Germans,3
1,7,17,2,Chinese,2
1,7,17,3,Russians,0
1,7,17,3,Italians,0
1,7,17,3,Germans,3
1,7,17,3,Chinese,3
1,7,17,4,Russians,0
1,7,17,4,Italians,0
1,7,17,4,Germans,4
1,7,17,4,Chinese,4
1,7,18,0,Russians,2
1,7,18,0,Italians,3
1,7,18,0,Germans,2
1,7,18,0,Chinese,2
1,7,18,1,Russians,2
1,7,18,1,Italians,1
1,7,18,1,Germans,2
1,7,18,1,Chinese,3
1,7,18,2,Russians,0
1,7,18,2,Italians,2
1,7,18,2,Germans,4
1,7,18,2,Chinese,2
1,7,18,3,Russians,0
1,7,18,3,Italians,0
1,7,18,3,Germans,4
1,7,18,3,Chinese,4
1,7,18,4,Russians,0
1,7,18,4,Italians,0
1,7,18,4,Germans,5
1,7,18,4,Chinese,2
1,7,19,0,Russians,2
1,7,19,0,Italians,2
1,7,19,0,Germans,2
1,7,19,0,Chinese,2
1,7,19,1,Russians,2
1,7,19,1,Italians,1
1,7,19,1,Germans,1
1,7,19,1,Chinese,3
1,7,19,2,Russians,1
1,7,19,2,Italians,2
1,7,19,2,Germans,3
1,7,19,2,Chinese,2
1,7,19,3,Russians,0
1,7,19,3,Italians,0
1,7,19,3,Germans,4
1,7,19,3,Chinese,4
1,7,19,4,Russians,0
1,7,19,4,Italians,0
1,7,19,4,Germans,3
1,7,19,4,Chinese,3
1,7,20,0,Russians,1
1,7,20,0,Italians,2
1,7,20,0,Germans,2
1,7,20,0,Chinese,2
1,7,20,1,Russians,2
1,7,20,1,Italians,2
1,7,20,1,Germans,2
1,7,20,1,Chinese,3
1,7,20,2,Russians,1
1,7,20,2,Italians,2
1,7,20,2,Germans,3
1,7,20,2,Chinese,2
1,7,20,3,Russians,0
1,7,20,3,Italians,2
1,7,20,3,Germans,3
1,7,20,3,Chinese,1
1,7,20,4,Russians,0
1,7,20,4,Italians,0
1,7,20,4,Germans,3
1,7,20,4,Chinese,4
1,7,21,0,Russians,0
1,7,21,0,Italians,3
1,7,21,0,Germans,2
1,7,21,0,Chinese,2
1,7,21,1,Russians,1
1,7,21,1,Italians,2
1,7,21,1,Germans,2
1,7,21,1,Chinese,3
1,7,21,2,Russians,0
1,7,21,2,Italians,2
1,7,21,2,Germans,3
1,7,21,2,Chinese,2
1,7,21,3,Russians,1
1,7,21,3,Italians,0
1,7,21,3,Germans,4
1,7,21,3,Chinese,2
1,7,21,4,Russians,0
1,7,21,4,Italians,0
1,7,21,4,Germans,3
1,7,21,4,Chinese,3
1,7,22,0,Russians,2
1,7,22,0,Italians,2
1,7,22,0,Germans,2
1,7,22,0,Chinese,2
1,7,22,1,Russians,2
1,7,22,1,Italians,2
1,7,22,1,Germans,2
1,7,22,1,Chinese,3
1,7,22,2,Russians,1
1,7,22,2,Italians,2
1,7,22,2,Germans,3
1,7,22,2,Chinese,2
1,7,22,3,Russians,0
1,7,22,3,Italians,2
1,7,22,3,Germans,3
1,7,22,3,Chinese,2
1,7,22,4,Russians,0
1,7,22,4,Italians,0
1,7,22,4,Germans,3
1,7,22,4,Chinese,4
1,7,23,0,Russians,0
1,7,23,0,Italians,3
1,7,23,0,Germans,2
1,7,23,0,Chinese,2
1,7,23,1,Russians,1
1,7,23,1,Italians,2
1,7,23,1,Germans,2
1,7,23,1,Chinese,3
1,7,23,2,Russians,0
1,7,23,2,Italians,1
1,7,23,2,Germans,3
1,7,23,2,Chinese,1
1,7,23,3,Russians,0
1,7,23,3,Italians,0
1,7,23,3,Germans,5
1,7,23,3,Chinese,2
1,7,23,4,Russians,0
1,7,23,4,Italians,0
1,7,23,4,Germans,2
1,7,23,4,Chinese,3
1,7,24,0,Russians,2
1,7,24,0,Italians,2
1,7,24,0,Germans,2
1,7,24,0,Chinese,2
1,7,24,1,Russians,2
1,7,24,1,Italians,2
1,7,24,1,Germans,2
1,7,24,1,Chinese,3
1,7,24,2,Russians,1
1,7,24,2,Italians,2
1,7,24,2,Germans,3
1,7,24,2,Chinese,2
1,7,24,3,Russians,0
1,7,24,3,Italians,2
1,7,24,3,Germans,4
1,7,24,3,Chinese,1
1,7,24,4,Russians,0
1,7,24,4,Italians,0
1,7,24,4,Germans,3
1,7,24,4,Chinese,4
1,7,25,0,Russians,1
1,7,25,0,Italians,2
1,7,25,0,Germans,2
1,7,25,0,Chinese,2
1,7,25,1,Russians,2
1,7,25,1,Italians,1
1,7,25,1,Germans,1
1,7,25,1,Chinese,3
1,7,25,2,Russians,1
1,7,25,2,Italians,2
1,7,25,2,Germans,3
1,7,25,2,Chinese,2
1,7,25,3,Russians,0
1,7,25,3,Italians,0
1,7,25,3,Germans,3
1,7,25,3,Chinese,3
1,7,25,4,Russians,0
1,7,25,4,Italians,0
1,7,25,4,Germans,4
1,7,25,4,Chinese,4
1,7,26,0,Russians,3
1,7,26,0,Italians,2
1,7,26,0,Germans,2
1,7,26,0,Chinese,2
1,7,26,1,Russians,2
1,7,26,1,Italians,1
1,7,26,1,Germans,1
1,7,26,1,Chinese,3
1,7,26,2,Russians,1
1,7,26,2,Italians,2
1,7,26,2,Germans,3
1,7,26,2,Chinese,2
1,7,26,3,Russians,0
1,7,26,3,Italians,0
1,7,26,3,Germans,4
1,7,26,3,Chinese,3
1,7,26,4,Russians,0
1,7,26,4,Italians,0
1,7,26,4,Germans,2
1,7,26,4,Chinese,4
1,7,27,0,Russians,1
1,7,27,0,Italians,3
1,7,27,0,Germans,2
1,7,27,0,Chinese,2
1,7,27,1,Russians,1
1,7,27,1,Italians,2
1,7,27,1,Germans,2
1,7,27,1,Chinese,3
1,7,27,2,Russians,0
1,7,27,2,Italians,2
1,7,27,2,Germans,3
1,7,27,2,Chinese,1
1,7,27,3,Russians,0
1,7,27,3,Italians,1
1,7,27,3,Germans,4
1,7,27,3,Chinese,2
1,7,27,4,Russians,0
1,7,27,4,Italians,0
1,7,27,4,Germans,2
1,7,27,4,Chinese,4
1,7,28,0,Russians,0
1,7,28,0,Italians,2
1,7,28,0,Germans,2
1,7,28,0,Chinese,2
1,7,28,1,Russians,2
1,7,28,1,Italians,2
1,7,28,1,Germans,2
1,7,28,1,Chinese,3
1,7,28,2,Russians,1
1,7,28,2,Italians,2
1,7,28,2,Germans,3
1,7,28,2,Chinese,2
1,7,28,3,Russians,0
1,7,28,3,Italians,2
1,7,28,3,Germans,3
1,7,28,3,Chinese,2
1,7,28,4,Russians,0
1,7,28,4,Italians,0
1,7,28,4,Germans,3
1,7,28,4,Chinese,4
1,7,29,0,Russians,1
1,7,29,0,Italians,3
1,7,29,0,Germans,2
1,7,29,0,Chinese,2
1,7,29,1,Russians,1
1,7,29,1,Italians,2
1,7,29,1,Germans,2
1,7,29,1,Chinese,3
1,7,29,2,Russians,0
1,7,29,2,Italians,2
1,7,29,2,Germans,3
1,7,29,2,Chinese,2
1,7,29,3,Russians,0
1,7,29,3,Italians,0
1,7,29,3,Germans,4
1,7,29,3,Chinese,3
1,7,29,4,Russians,0
1,7,29,4,Italians,0
1,7,29,4,Germans,4
1,7,29,4,Chinese,3
1,7,30,0,Russians,1
1,7,30,0,Italians,2
1,7,30,0,Germans,2
1,7,30,0,Chinese,2
1,7,30,1,Russians,2
1,7,30,1,Italians,2
1,7,30,1,Germans,2
1,7,30,1,Chinese,3
1,7,30,2,Russians,1
1,7,30,2,Italians,2
1,7,30,2,Germans,3
1,7,30,2,Chinese,2
1,7,30,3,Russians,0
1,7,30,3,Italians,2
1,7,30,3,Germans,4
1,7,30,3,Chinese,1
1,7,30,4,Russians,0
1,7,30,4,Italians,0
1,7,30,4,Germans,3
1,7,30,4,Chinese,4
1,7,31,0,Russians,2
1,7,31,0,Italians,3
1,7,31,0,Germans,2
1,7,31,0,Chinese,2
1,7,31,1,Russians,2
1,7,31,1,Italians,2
1,7,31,1,Germans,2
1,7,31,1,Chinese,3
1,7,31,2,Russians,0
1,7,31,2,Italians,2
1,7,31,2,Germans,3
1,7,31,2,Chinese,1
1,7,31,3,Russians,0
1,7,31,3,Italians,0
1,7,31,3,Germans,5
1,7,31,3,Chinese,2
1,7,31,4,Russians,0
1,7,31,4,Italians,0
1,7,31,4,Germans,3
1,7,31,4,Chinese,3
1,8,1,0,Russians,1
1,8,1,0,Italians,2
1,8,1,0,Germans,2
1,8,1,0,Chinese,2
1,8,1,1,Russians,2
1,8,1,1,Italians,2
1,8,1,1,Germans,3
1,8,1,1,Chinese,3
1,8,1,2,Russians,2
1,8,1,2,Italians,1
1,8,1,2,Germans,3
1,8,1,2,Chinese,1
1,8,1,3,Russians,1
1,8,1,3,Italians,1
1,8,1,3,Germans,2
1,8,1,3,Chinese,2
1,8,1,4,Russians,1
1,8,1,4,Italians,0
1,8,1,4,Germans,2
1,8,1,4,Chinese,3
1,8,2,0,Russians,1
1,8,2,0,Italians,3
1,8,2,0,Germans,2
1,8,2,0,Chinese,2
1,8,2,1,Russians,1
1,8,2,1,Italians,2
1,8,2,1,Germans,1
1,8,2,1,Chinese,3
1,8,2,2,Russians,1
1,8,2,2,Italians,1
1,8,2,2,Germans,3
1,8,2,2,Chinese,1
1,8,2,3,Russians,1
1,8,2,3,Italians,1
1,8,2,3,Germans,3
1,8,2,3,Chinese,2
1,8,2,4,Russians,0
1,8,2,4,Italians,0
1,8,2,4,Germans,3
1,8,2,4,Chinese,3
1,8,3,0,Russians,1
1,8,3,0,Italians,3
1,8,3,0,Germans,2
1,8,3,0,Chinese,2
1,8,3,1,Russians,1
1,8,3,1,Italians,2
1,8,3,1,Germans,3
1,8,3,1,Chinese,3
1,8,3,2,Russians,0
1,8,3,2,Italians,1
1,8,3,2,Germans,4
1,8,3,2,Chinese,2
1,8,3,3,Russians,0
1,8,3,3,Italians,1
1,8,3,3,Germans,3
1,8,3,3,Chinese,3
1,8,3,4,Russians,0
1,8,3,4,Italians,0
1,8,3,4,Germans,3
1,8,3,4,Chinese,3
1,8,4,0,Russians,1
1,8,4,0,Italians,2
1,8,4,0,Germans,2
1,8,4,0,Chinese,2
1,8,4,1,Russians,2
1,8,4,1,Italians,2
1,8,4,1,Germans,3
1,8,4,1,Chinese,3
1,8,4,2,Russians,2
1,8,4,2,Italians,1
1,8,4,2,Germans,3
1,8,4,2,Chinese,1
1,8,4,3,Russians,0
1,8,4,3,Italians,1
1,8,4,3,Germans,3
1,8,4,3,Chinese,2
1,8,4,4,Russians,1
1,8,4,4,Italians,0
1,8,4,4,Germans,3
1,8,4,4,Chinese,3
1,8,5,0,Russians,1
1,8,5,0,Italians,3
1,8,5,0,Germans,2
1,8,5,0,Chinese,2
1,8,5,1,Russians,1
1,8,5,1,Italians,1
1,8,5,1,Germans,2
1,8,5,1,Chinese,4
1,8,5,2,Russians,0
1,8,5,2,Italians,1
1,8,5,2,Germans,3
1,8,5,2,Chinese,3
1,8,5,3,Russians,0
1,8,5,3,Italians,0
1,8,5,3,Germans,3
1,8,5,3,Chinese,2
1,8,5,4,Russians,0
1,8,5,4,Italians,0
1,8,5,4,Germans,3
1,8,5,4,Chinese,4
1,8,6,0,Russians,0
1,8,6,0,Italians,3
1,8,6,0,Germans,2
1,8,6,0,Chinese,2
1,8,6,1,Russians,1
1,8,6,1,Italians,2
1,8,6,1,Germans,2
1,8,6,1,Chinese,2
1,8,6,2,Russians,1
1,8,6,2,Italians,2
1,8,6,2,Germans,3
1,8,6,2,Chinese,2
1,8,6,3,Russians,1
1,8,6,3,Italians,1
1,8,6,3,Germans,3
1,8,6,3,Chinese,2
1,8,6,4,Russians,1
1,8,6,4,Italians,0
1,8,6,4,Germans,4
1,8,6,4,Chinese,3
1,8,7,0,Russians,1
1,8,7,0,Italians,3
1,8,7,0,Germans,2
1,8,7,0,Chinese,2
1,8,7,1,Russians,1
1,8,7,1,Italians,2
1,8,7,1,Germans,2
1,8,7,1,Chinese,2
1,8,7,2,Russians,1
1,8,7,2,Italians,2
1,8,7,2,Germans,3
1,8,7,2,Chinese,1
1,8,7,3,Russians,1
1,8,7,3,Italians,3
1,8,7,3,Germans,2
1,8,7,3,Chinese,2
1,8,7,4,Russians,1
1,8,7,4,Italians,0
1,8,7,4,Germans,2
1,8,7,4,Chinese,3
1,8,8,0,Russians,1
1,8,8,0,Italians,2
1,8,8,0,Germans,2
1,8,8,0,Chinese,2
1,8,8,1,Russians,2
1,8,8,1,Italians,2
1,8,8,1,Germans,3
1,8,8,1,Chinese,4
1,8,8,2,Russians,2
1,8,8,2,Italians,1
1,8,8,2,Germans,3
1,8,8,2,Chinese,2
1,8,8,3,Russians,0
1,8,8,3,Italians,1
1,8,8,3,Germans,3
1,8,8,3,Chinese,2
1,8,8,4,Russians,0
1,8,8,4,Italians,0
1,8,8,4,Germans,3
1,8,8,4,Chinese,2
1,8,9,0,Russians,1
1,8,9,0,Italians,3
1,8,9,0,Germans,2
1,8,9,0,Chinese,2
1,8,9,1,Russians,1
1,8,9,1,Italians,2
1,8,9,1,Germans,2
1,8,9,1,Chinese,3
1,8,9,2,Russians,0
1,8,9,2,Italians,1
1,8,9,2,Germans,3
1,8,9,2,Chinese,2
1,8,9,3,Russians,0
1,8,9,3,Italians,0
1,8,9,3,Germans,3
1,8,9,3,Chinese,3
1,8,9,4,Russians,0
1,8,9,4,Italians,0
1,8,9,4,Germans,2
1,8,9,4,Chinese,3
1,8,10,0,Russians,1
1,8,10,0,Italians,3
1,8,10,0,Germans,2
1,8,10,0,Chinese,2
1,8,10,1,Russians,1
1,8,10,1,Italians,2
1,8,10,1,Germans,3
1,8,10,1,Chinese,2
1,8,10,2,Russians,2
1,8,10,2,Italians,1
1,8,10,2,Germans,4
1,8,10,2,Chinese,1
1,8,10,3,Russians,1
1,8,10,3,Italians,1
1,8,10,3,Germans,3
1,8,10,3,Chinese,2
1,8,10,4,Russians,1
1,8,10,4,Italians,0
1,8,10,4,Germans,3
1,8,10,4,Chinese,1
1,8,11,0,Russians,1
1,8,11,0,Italians,2
1,8,11,0,Germans,2
1,8,11,0,Chinese,2
1,8,11,1,Russians,2
1,8,11,1,Italians,1
1,8,11,1,Germans,2
1,8,11,1,Chinese,4
1,8,11,2,Russians,2
1,8,11,2,Italians,0
1,8,11,2,Germans,3
1,8,11,2,Chinese,3
1,8,11,3,Russians,0
1,8,11,3,Italians,0
1,8,11,3,Germans,4
1,8,11,3,Chinese,2
1,8,11,4,Russians,0
1,8,11,4,Italians,0
1,8,11,4,Germans,2
1,8,11,4,Chinese,3
1,8,12,0,Russians,1
1,8,12,0,Italians,3
1,8,12,0,Germans,2
1,8,12,0,Chinese,2
1,8,12,1,Russians,1
1,8,12,1,Italians,3
1,8,12,1,Germans,3
1,8,12,1,Chinese,3
1,8,12,2,Russians,0
1,8,12,2,Italians,1
1,8,12,2,Germans,4
1,8,12,2,Chinese,1
1,8,12,3,Russians,0
1,8,12,3,Italians,1
1,8,12,3,Germans,3
1,8,12,3,Chinese,2
1,8,12,4,Russians,0
1,8,12,4,Italians,0
1,8,12,4,Germans,3
1,8,12,4,Chinese,3
1,8,13,0,Russians,1
1,8,13,0,Italians,3
1,8,13,0,Germans,2
1,8,13,0,Chinese,2
1,8,13,1,Russians,1
1,8,13,1,Italians,1
1,8,13,1,Germans,2
1,8,13,1,Chinese,2
1,8,13,2,Russians,1
1,8,13,2,Italians,1
1,8,13,2,Germans,3
1,8,13,2,Chinese,2
1,8,13,3,Russians,1
1,8,13,3,Italians,0
1,8,13,3,Germans,3
1,8,13,3,Chinese,1
1,8,13,4,Russians,1
1,8,13,4,Italians,0
1,8,13,4,Germans,3
1,8,13,4,Chinese,2
1,8,14,0,Russians,1
1,8,14,0,Italians,2
1,8,14,0,Germans,2
1,8,14,0,Chinese,2
1,8,14,1,Russians,2
1,8,14,1,Italians,2
1,8,14,1,Germans,2
1,8,14,1,Chinese,4
1,8,14,2,Russians,2
1,8,14,2,Italians,1
1,8,14,2,Germans,3
1,8,14,2,Chinese,2
1,8,14,3,Russians,0
1,8,14,3,Italians,1
1,8,14,3,Germans,3
1,8,14,3,Chinese,3
1,8,14,4,Russians,0
1,8,14,4,Italians,0
1,8,14,4,Germans,3
1,8,14,4,Chinese,3
1,8,15,0,Russians,1
1,8,15,0,Italians,3
1,8,15,0,Germans,2
1,8,15,0,Chinese,2
1,8,15,1,Russians,1
1,8,15,1,Italians,2
1,8,15,1,Germans,3
1,8,15,1,Chinese,4
1,8,15,2,Russians,0
1,8,15,2,Italians,1
1,8,15,2,Germans,4
1,8,15,2,Chinese,2
1,8,15,3,Russians,0
1,8,15,3,Italians,1
1,8,15,3,Germans,2
1,8,15,3,Chinese,3
1,8,15,4,Russians,0
1,8,15,4,Italians,0
1,8,15,4,Germans,3
1,8,15,4,Chinese,3
1,8,16,0,Russians,1
1,8,16,0,Italians,3
1,8,16,0,Germans,2
1,8,16,0,Chinese,2
1,8,16,1,Russians,1
1,8,16,1,Italians,2
1,8,16,1,Germans,1
1,8,16,1,Chinese,3
1,8,16,2,Russians,1
1,8,16,2,Italians,1
1,8,16,2,Germans,3
1,8,16,2,Chinese,1
1,8,16,3,Russians,1
1,8,16,3,Italians,1
1,8,16,3,Germans,3
1,8,16,3,Chinese,2
1,8,16,4,Russians,0
1,8,16,4,Italians,0
1,8,16,4,Germans,3
1,8,16,4,Chinese,4
1,8,17,0,Russians,1
1,8,17,0,Italians,2
1,8,17,0,Germans,2
1,8,17,0,Chinese,2
1,8,17,1,Russians,2
1,8,17,1,Italians,2
1,8,17,1,Germans,2
1,8,17,1,Chinese,3
1,8,17,2,Russians,2
1,8,17,2,Italians,1
1,8,17,2,Germans,3
1,8,17,2,Chinese,1
1,8,17,3,Russians,1
1,8,17,3,Italians,1
1,8,17,3,Germans,3
1,8,17,3,Chinese,3
1,8,17,4,Russians,0
1,8,17,4,Italians,0
1,8,17,4,Germans,3
1,8,17,4,Chinese,3
1,8,18,0,Russians,1
1,8,18,0,Italians,3
1,8,18,0,Germans,2
1,8,18,0,Chinese,2
1,8,18,1,Russians,1
1,8,18,1,Italians,2
1,8,18,1,Germans,2
1,8,18,1,Chinese,3
1,8,18,2,Russians,0
1,8,18,2,Italians,1
1,8,18,2,Germans,3
1,8,18,2,Chinese,2
1,8,18,3,Russians,0
1,8,18,3,Italians,1
1,8,18,3,Germans,3
1,8,18,3,Chinese,3
1,8,18,4,Russians,0
1,8,18,4,Italians,0
1,8,18,4,Germans,2
1,8,18,4,Chinese,3
1,8,19,0,Russians,1
1,8,19,0,Italians,3
1,8,19,0,Germans,2
1,8,19,0,Chinese,2
1,8,19,1,Russians,1
1,8,19,1,Italians,2
1,8,19,1,Germans,3
1,8,19,1,Chinese,2
1,8,19,2,Russians,2
1,8,19,2,Italians,1
1,8,19,2,Germans,4
1,8,19,2,Chinese,1
1,8,19,3,Russians,1
1,8,19,3,Italians,1
1,8,19,3,Germans,3
1,8,19,3,Chinese,2
1,8,19,4,Russians,1
1,8,19,4,Italians,0
1,8,19,4,Germans,3
1,8,19,4,Chinese,1
1,8,20,0,Russians,1
1,8,20,0,Italians,2
1,8,20,0,Germans,2
1,8,20,0,Chinese,2
1,8,20,1,Russians,2
1,8,20,1,Italians,2
1,8,20,1,Germans,2
1,8,20,1,Chinese,4
1,8,20,2,Russians,2
1,8,20,2,Italians,1
1,8,20,2,Germans,3
1,8,20,2,Chinese,2
1,8,20,3,Russians,0
1,8,20,3,Italians,1
1,8,20,3,Germans,3
1,8,20,3,Chinese,3
1,8,20,4,Russians,0
1,8,20,4,Italians,0
1,8,20,4,Germans,3
1,8,20,4,Chinese,4
1,8,21,0,Russians,1
1,8,21,0,Italians,3
1,8,21,0,Germans,2
1,8,21,0,Chinese,2
1,8,21,1,Russians,1
1,8,21,1,Italians,2
1,8,21,1,Germans,1
1,8,21,1,Chinese,4
1,8,21,2,Russians,0
1,8,21,2,Italians,1
1,8,21,2,Germans,3
1,8,21,2,Chinese,2
1,8,21,3,Russians,0
1,8,21,3,Italians,1
1,8,21,3,Germans,2
1,8,21,3,Chinese,4
1,8,21,4,Russians,0
1,8,21,4,Italians,0
1,8,21,4,Germans,2
1,8,21,4,Chinese,3
1,8,22,0,Russians,0
1,8,22,0,Italians,3
1,8,22,0,Germans,2
1,8,22,0,Chinese,2
1,8,22,1,Russians,1
1,8,22,1,Italians,1
1,8,22,1,Germans,2
1,8,22,1,Chinese,2
1,8,22,2,Russians,1
1,8,22,2,Italians,1
1,8,22,2,Germans,3
1,8,22,2,Chinese,2
1,8,22,3,Russians,1
1,8,22,3,Italians,2
1,8,22,3,Germans,3
1,8,22,3,Chinese,2
1,8,22,4,Russians,1
1,8,22,4,Italians,0
1,8,22,4,Germans,2
1,8,22,4,Chinese,4
1,8,23,0,Russians,1
1,8,23,0,Italians,2
1,8,23,0,Germans,2
1,8,23,0,Chinese,2
1,8,23,1,Russians,2
1,8,23,1,Italians,2
1,8,23,1,Germans,2
1,8,23,1,Chinese,4
1,8,23,2,Russians,2
1,8,23,2,Italians,1
1,8,23,2,Germans,3
1,8,23,2,Chinese,3
1,8,23,3,Russians,0
1,8,23,3,Italians,0
1,8,23,3,Germans,4
1,8,23,3,Chinese,2
1,8,23,4,Russians,0
1,8,23,4,Italians,0
1,8,23,4,Germans,2
1,8,23,4,Chinese,4
1,8,24,0,Russians,1
1,8,24,0,Italians,3
1,8,24,0,Germans,2
1,8,24,0,Chinese,2
1,8,24,1,Russians,1
1,8,24,1,Italians,2
1,8,24,1,Germans,1
1,8,24,1,Chinese,4
1,8,24,2,Russians,0
1,8,24,2,Italians,1
1,8,24,2,Germans,3
1,8,24,2,Chinese,2
1,8,24,3,Russians,0
1,8,24,3,Italians,1
1,8,24,3,Germans,2
1,8,24,3,Chinese,3
1,8,24,4,Russians,0
1,8,24,4,Italians,0
1,8,24,4,Germans,2
1,8,24,4,Chinese,4
1,8,25,0,Russians,1
1,8,25,0,Italians,3
1,8,25,0,Germans,2
1,8,25,0,Chinese,2
1,8,25,1,Russians,1
1,8,25,1,Italians,2
1,8,25,1,Germans,2
1,8,25,1,Chinese,2
1,8,25,2,Russians,1
1,8,25,2,Italians,2
1,8,25,2,Germans,3
1,8,25,2,Chinese,1
1,8,25,3,Russians,1
1,8,25,3,Italians,2
1,8,25,3,Germans,2
1,8,25,3,Chinese,2
1,8,25,4,Russians,1
1,8,25,4,Italians,0
1,8,25,4,Germans,3
1,8,25,4,Chinese,3
1,8,26,0,Russians,1
1,8,26,0,Italians,2
1,8,26,0,Germans,2
1,8,26,0,Chinese,2
1,8,26,1,Russians,2
1,8,26,1,Italians,2
1,8,26,1,Germans,3
1,8,26,1,Chinese,3
1,8,26,2,Russians,2
1,8,26,2,Italians,1
1,8,26,2,Germans,3
1,8,26,2,Chinese,1
1,8,26,3,Russians,1
1,8,26,3,Italians,1
1,8,26,3,Germans,3
1,8,26,3,Chinese,3
1,8,26,4,Russians,1
1,8,26,4,Italians,0
1,8,26,4,Germans,2
1,8,26,4,Chinese,4
1,8,27,0,Russians,1
1,8,27,0,Italians,3
1,8,27,0,Germans,2
1,8,27,0,Chinese,2
1,8,27,1,Russians,1
1,8,27,1,Italians,2
1,8,27,1,Germans,2
1,8,27,1,Chinese,3
1,8,27,2,Russians,1
1,8,27,2,Italians,3
1,8,27,2,Germans,4
1,8,27,2,Chinese,1
1,8,27,3,Russians,0
1,8,27,3,Italians,1
1,8,27,3,Germans,3
1,8,27,3,Chinese,2
1,8,27,4,Russians,0
1,8,27,4,Italians,0
1,8,27,4,Germans,3
1,8,27,4,Chinese,3
1,8,28,0,Russians,1
1,8,28,0,Italians,3
1,8,28,0,Germans,2
1,8,28,0,Chinese,2
1,8,28,1,Russians,1
1,8,28,1,Italians,2
1,8,28,1,Germans,2
1,8,28,1,Chinese,3
1,8,28,2,Russians,0
1,8,28,2,Italians,2
1,8,28,2,Germans,4
1,8,28,2,Chinese,2
1,8,28,3,Russians,0
1,8,28,3,Italians,1
1,8,28,3,Germans,3
1,8,28,3,Chinese,3
1,8,28,4,Russians,0
1,8,28,4,Italians,0
1,8,28,4,Germans,2
1,8,28,4,Chinese,3
1,8,29,0,Russians,1
1,8,29,0,Italians,2
1,8,29,0,Germans,2
1,8,29,0,Chinese,2
1,8,29,1,Russians,2
1,8,29,1,Italians,2
1,8,29,1,Germans,3
1,8,29,1,Chinese,4
1,8,29,2,Russians,2
1,8,29,2,Italians,1
1,8,29,2,Germans,3
1,8,29,2,Chinese,2
1,8,29,3,Russians,0
1,8,29,3,Italians,1
1,8,29,3,Germans,3
1,8,29,3,Chinese,3
1,8,29,4,Russians,0
1,8,29,4,Italians,0
1,8,29,4,Germans,3
1,8,29,4,Chinese,2
1,8,30,0,Russians,1
1,8,30,0,Italians,3
1,8,30,0,Germans,2
1,8,30,0,Chinese,2
1,8,30,1,Russians,1
1,8,30,1,Italians,1
1,8,30,1,Germans,2
1,8,30,1,Chinese,4
1,8,30,2,Russians,0
1,8,30,2,Italians,1
1,8,30,2,Germans,3
1,8,30,2,Chinese,3
1,8,30,3,Russians,0
1,8,30,3,Italians,1
1,8,30,3,Germans,3
1,8,30,3,Chinese,2
1,8,30,4,Russians,0
1,8,30,4,Italians,0
1,8,30,4,Germans,2
1,8,30,4,Chinese,3
1,9,1,0,Russians,1
1,9,1,0,Italians,3
1,9,1,0,Germans,2
1,9,1,0,Chinese,1
1,9,1,1,Russians,1
1,9,1,1,Italians,3
1,9,1,1,Germans,2
1,9,1,1,Chinese,3
1,9,1,2,Russians,1
1,9,1,2,Italians,2
1,9,1,2,Germans,2
1,9,1,2,Chinese,1
1,9,1,3,Russians,2
1,9,1,3,Italians,1
1,9,1,3,Germans,4
1,9,1,3,Chinese,1
1,9,1,4,Russians,1
1,9,1,4,Italians,1
1,9,1,4,Germans,4
1,9,1,4,Chinese,1
1,9,2,0,Russians,2
1,9,2,0,Italians,3
1,9,2,0,Germans,2
1,9,2,0,Chinese,2
1,9,2,1,Russians,1
1,9,2,1,Italians,3
1,9,2,1,Germans,2
1,9,2,1,Chinese,2
1,9,2,2,Russians,1
1,9,2,2,Italians,3
1,9,2,2,Germans,3
1,9,2,2,Chinese,1
1,9,2,3,Russians,1
1,9,2,3,Italians,2
1,9,2,3,Germans,3
1,9,2,3,Chinese,2
1,9,2,4,Russians,1
1,9,2,4,Italians,1
1,9,2,4,Germans,4
1,9,2,4,Chinese,1
1,9,3,0,Russians,1
1,9,3,0,Italians,3
1,9,3,0,Germans,2
1,9,3,0,Chinese,2
1,9,3,1,Russians,1
1,9,3,1,Italians,2
1,9,3,1,Germans,2
1,9,3,1,Chinese,3
1,9,3,2,Russians,1
1,9,3,2,Italians,2
1,9,3,2,Germans,3
1,9,3,2,Chinese,1
1,9,3,3,Russians,1
1,9,3,3,Italians,1
1,9,3,3,Germans,4
1,9,3,3,Chinese,3
1,9,3,4,Russians,1
1,9,3,4,Italians,0
1,9,3,4,Germans,3
1,9,3,4,Chinese,0
1,9,4,0,Russians,1
1,9,4,0,Italians,3
1,9,4,0,Germans,2
1,9,4,0,Chinese,1
1,9,4,1,Russians,1
1,9,4,1,Italians,3
1,9,4,1,Germans,1
1,9,4,1,Chinese,3
1,9,4,2,Russians,2
1,9,4,2,Italians,2
1,9,4,2,Germans,2
1,9,4,2,Chinese,1
1,9,4,3,Russians,1
1,9,4,3,Italians,1
1,9,4,3,Germans,4
1,9,4,3,Chinese,3
1,9,4,4,Russians,1
1,9,4,4,Italians,0
1,9,4,4,Germans,4
1,9,4,4,Chinese,2
1,9,5,0,Russians,2
1,9,5,0,Italians,3
1,9,5,0,Germans,2
1,9,5,0,Chinese,2
1,9,5,1,Russians,1
1,9,5,1,Italians,3
1,9,5,1,Germans,1
1,9,5,1,Chinese,2
1,9,5,2,Russians,1
1,9,5,2,Italians,2
1,9,5,2,Germans,3
1,9,5,2,Chinese,1
1,9,5,3,Russians,1
1,9,5,3,Italians,1
1,9,5,3,Germans,3
1,9,5,3,Chinese,2
1,9,5,4,Russians,1
1,9,5,4,Italians,1
1,9,5,4,Germans,4
1,9,5,4,Chinese,1
1,9,6,0,Russians,2
1,9,6,0,Italians,2
1,9,6,0,Germans,3
1,9,6,0,Chinese,2
1,9,6,1,Russians,2
1,9,6,1,Italians,1
1,9,6,1,Germans,2
1,9,6,1,Chinese,3
1,9,6,2,Russians,0
1,9,6,2,Italians,1
1,9,6,2,Germans,4
1,9,6,2,Chinese,2
1,9,6,3,Russians,0
1,9,6,3,Italians,0
1,9,6,3,Germans,4
1,9,6,3,Chinese,2
1,9,6,4,Russians,0
1,9,6,4,Italians,0
1,9,6,4,Germans,4
1,9,6,4,Chinese,1
1,9,7,0,Russians,1
1,9,7,0,Italians,3
1,9,7,0,Germans,2
1,9,7,0,Chinese,1
1,9,7,1,Russians,1
1,9,7,1,Italians,3
1,9,7,1,Germans,2
1,9,7,1,Chinese,2
1,9,7,2,Russians,2
1,9,7,2,Italians,3
1,9,7,2,Germans,3
1,9,7,2,Chinese,1
1,9,7,3,Russians,2
1,9,7,3,Italians,2
1,9,7,3,Germans,3
1,9,7,3,Chinese,2
1,9,7,4,Russians,1
1,9,7,4,Italians,1
1,9,7,4,Germans,3
1,9,7,4,Chinese,0
1,9,8,0,Russians,2
1,9,8,0,Italians,3
1,9,8,0,Germans,2
1,9,8,0,Chinese,2
1,9,8,1,Russians,1
1,9,8,1,Italians,3
1,9,8,1,Germans,1
1,9,8,1,Chinese,2
1,9,8,2,Russians,1
1,9,8,2,Italians,3
1,9,8,2,Germans,3
1,9,8,2,Chinese,1
1,9,8,3,Russians,1
1,9,8,3,Italians,1
1,9,8,3,Germans,3
1,9,8,3,Chinese,2
1,9,8,4,Russians,1
1,9,8,4,Italians,1
1,9,8,4,Germans,3
1,9,8,4,Chinese,0
1,9,9,0,Russians,2
1,9,9,0,Italians,3
1,9,9,0,Germans,2
1,9,9,0,Chinese,2
1,9,9,1,Russians,1
1,9,9,1,Italians,2
1,9,9,1,Germans,1
1,9,9,1,Chinese,3
1,9,9,2,Russians,1
1,9,9,2,Italians,3
1,9,9,2,Germans,3
1,9,9,2,Chinese,2
1,9,9,3,Russians,1
1,9,9,3,Italians,1
1,9,9,3,Germans,3
1,9,9,3,Chinese,3
1,9,9,4,Russians,1
1,9,9,4,Italians,0
1,9,9,4,Germans,4
1,9,9,4,Chinese,1
1,9,10,0,Russians,1
1,9,10,0,Italians,3
1,9,10,0,Germans,2
1,9,10,0,Chinese,1
1,9,10,1,Russians,1
1,9,10,1,Italians,3
1,9,10,1,Germans,2
1,9,10,1,Chinese,2
1,9,10,2,Russians,2
1,9,10,2,Italians,2
1,9,10,2,Germans,2
1,9,10,2,Chinese,1
1,9,10,3,Russians,2
1,9,10,3,Italians,1
1,9,10,3,Germans,3
1,9,10,3,Chinese,1
1,9,10,4,Russians,2
1,9,10,4,Italians,1
1,9,10,4,Germans,4
1,9,10,4,Chinese,1
1,9,11,0,Russians,2
1,9,11,0,Italians,3
1,9,11,0,Germans,2
1,9,11,0,Chinese,2
1,9,11,1,Russians,1
1,9,11,1,Italians,3
1,9,11,1,Germans,2
1,9,11,1,Chinese,3
1,9,11,2,Russians,1
1,9,11,2,Italians,2
1,9,11,2,Germans,3
1,9,11,2,Chinese,2
1,9,11,3,Russians,1
1,9,11,3,Italians,1
1,9,11,3,Germans,2
1,9,11,3,Chinese,2
1,9,11,4,Russians,0
1,9,11,4,Italians,1
1,9,11,4,Germans,3
1,9,11,4,Chinese,1
1,9,12,0,Russians,2
1,9,12,0,Italians,3
1,9,12,0,Germans,2
1,9,12,0,Chinese,2
1,9,12,1,Russians,1
1,9,12,1,Italians,2
1,9,12,1,Germans,2
1,9,12,1,Chinese,3
1,9,12,2,Russians,1
1,9,12,2,Italians,2
1,9,12,2,Germans,3
1,9,12,2,Chinese,2
1,9,12,3,Russians,1
1,9,12,3,Italians,0
1,9,12,3,Germans,5
1,9,12,3,Chinese,3
1,9,12,4,Russians,1
1,9,12,4,Italians,0
1,9,12,4,Germans,4
1,9,12,4,Chinese,1
1,9,13,0,Russians,1
1,9,13,0,Italians,3
1,9,13,0,Germans,2
1,9,13,0,Chinese,1
1,9,13,1,Russians,1
1,9,13,1,Italians,3
1,9,13,1,Germans,2
1,9,13,1,Chinese,2
1,9,13,2,Russians,1
1,9,13,2,Italians,2
1,9,13,2,Germans,3
1,9,13,2,Chinese,2
1,9,13,3,Russians,1
1,9,13,3,Italians,1
1,9,13,3,Germans,3
1,9,13,3,Chinese,1
1,9,13,4,Russians,2
1,9,13,4,Italians,1
1,9,13,4,Germans,2
1,9,13,4,Chinese,3
1,9,14,0,Russians,2
1,9,14,0,Italians,3
1,9,14,0,Germans,2
1,9,14,0,Chinese,2
1,9,14,1,Russians,1
1,9,14,1,Italians,3
1,9,14,1,Germans,2
1,9,14,1,Chinese,3
1,9,14,2,Russians,1
1,9,14,2,Italians,3
1,9,14,2,Germans,3
1,9,14,2,Chinese,2
1,9,14,3,Russians,1
1,9,14,3,Italians,0
1,9,14,3,Germans,3
1,9,14,3,Chinese,2
1,9,14,4,Russians,0
1,9,14,4,Italians,1
1,9,14,4,Germans,5
1,9,14,4,Chinese,3
1,9,15,0,Russians,2
1,9,15,0,Italians,2
1,9,15,0,Germans,3
1,9,15,0,Chinese,2
1,9,15,1,Russians,2
1,9,15,1,Italians,1
1,9,15,1,Germans,3
1,9,15,1,Chinese,3
1,9,15,2,Russians,2
1,9,15,2,Italians,1
1,9,15,2,Germans,3
1,9,15,2,Chinese,2
1,9,15,3,Russians,0
1,9,15,3,Italians,0
1,9,15,3,Germans,3
1,9,15,3,Chinese,3
1,9,15,4,Russians,0
1,9,15,4,Italians,0
1,9,15,4,Germans,3
1,9,15,4,Chinese,2
1,9,16,0,Russians,1
1,9,16,0,Italians,3
1,9,16,0,Germans,2
1,9,16,0,Chinese,1
1,9,16,1,Russians,1
1,9,16,1,Italians,3
1,9,16,1,Germans,2
1,9,16,1,Chinese,3
1,9,16,2,Russians,2
1,9,16,2,Italians,1
1,9,16,2,Germans,3
1,9,16,2,Chinese,0
1,9,16,3,Russians,2
1,9,16,3,Italians,1
1,9,16,3,Germans,2
1,9,16,3,Chinese,3
1,9,16,4,Russians,1
1,9,16,4,Italians,0
1,9,16,4,Germans,4
1,9,16,4,Chinese,1
1,9,17,0,Russians,2
1,9,17,0,Italians,3
1,9,17,0,Germans,2
1,9,17,0,Chinese,2
1,9,17,1,Russians,1
1,9,17,1,Italians,3
1,9,17,1,Germans,2
1,9,17,1,Chinese,3
1,9,17,2,Russians,1
1,9,17,2,Italians,2
1,9,17,2,Germans,3
1,9,17,2,Chinese,2
1,9,17,3,Russians,1
1,9,17,3,Italians,2
1,9,17,3,Germans,2
1,9,17,3,Chinese,1
1,9,17,4,Russians,0
1,9,17,4,Italians,1
1,9,17,4,Germans,5
1,9,17,4,Chinese,3
1,9,18,0,Russians,1
1,9,18,0,Italians,3
1,9,18,0,Germans,2
1,9,18,0,Chinese,2
1,9,18,1,Russians,1
1,9,18,1,Italians,2
1,9,18,1,Germans,2
1,9,18,1,Chinese,3
1,9,18,2,Russians,1
1,9,18,2,Italians,1
1,9,18,2,Germans,2
1,9,18,2,Chinese,1
1,9,18,3,Russians,1
1,9,18,3,Italians,0
1,9,18,3,Germans,3
1,9,18,3,Chinese,2
1,9,18,4,Russians,1
1,9,18,4,Italians,0
1,9,18,4,Germans,4
1,9,18,4,Chinese,1
1,9,19,0,Russians,1
1,9,19,0,Italians,3
1,9,19,0,Germans,2
1,9,19,0,Chinese,1
1,9,19,1,Russians,1
1,9,19,1,Italians,3
1,9,19,1,Germans,1
1,9,19,1,Chinese,3
1,9,19,2,Russians,2
1,9,19,2,Italians,1
1,9,19,2,Germans,3
1,9,19,2,Chinese,1
1,9,19,3,Russians,1
1,9,19,3,Italians,0
1,9,19,3,Germans,3
1,9,19,3,Chinese,3
1,9,19,4,Russians,1
1,9,19,4,Italians,0
1,9,19,4,Germans,4
1,9,19,4,Chinese,2
1,9,20,0,Russians,2
1,9,20,0,Italians,2
1,9,20,0,Germans,3
1,9,20,0,Chinese,2
1,9,20,1,Russians,2
1,9,20,1,Italians,1
1,9,20,1,Germans,2
1,9,20,1,Chinese,3
1,9,20,2,Russians,0
1,9,20,2,Italians,1
1,9,20,2,Germans,4
1,9,20,2,Chinese,2
1,9,20,3,Russians,0
1,9,20,3,Italians,0
1,9,20,3,Germans,4
1,9,20,3,Chinese,3
1,9,20,4,Russians,1
1,9,20,4,Italians,0
1,9,20,4,Germans,4
1,9,20,4,Chinese,1
1,9,21,0,Russians,2
1,9,21,0,Italians,3
1,9,21,0,Germans,2
1,9,21,0,Chinese,2
1,9,21,1,Russians,1
1,9,21,1,Italians,3
1,9,21,1,Germans,2
1,9,21,1,Chinese,2
1,9,21,2,Russians,1
1,9,21,2,Italians,2
1,9,21,2,Germans,2
1,9,21,2,Chinese,1
1,9,21,3,Russians,1
1,9,21,3,Italians,1
1,9,21,3,Germans,4
1,9,21,3,Chinese,1
1,9,21,4,Russians,1
1,9,21,4,Italians,2
1,9,21,4,Germans,3
1,9,21,4,Chinese,1
1,9,22,0,Russians,1
1,9,22,0,Italians,3
1,9,22,0,Germans,2
1,9,22,0,Chinese,1
1,9,22,1,Russians,1
1,9,22,1,Italians,3
1,9,22,1,Germans,1
1,9,22,1,Chinese,3
1,9,22,2,Russians,2
1,9,22,2,Italians,1
1,9,22,2,Germans,3
1,9,22,2,Chinese,1
1,9,22,3,Russians,1
1,9,22,3,Italians,1
1,9,22,3,Germans,3
1,9,22,3,Chinese,3
1,9,22,4,Russians,1
1,9,22,4,Italians,0
1,9,22,4,Germans,3
1,9,22,4,Chinese,2
1,9,23,0,Russians,2
1,9,23,0,Italians,3
1,9,23,0,Germans,2
1,9,23,0,Chinese,2
1,9,23,1,Russians,1
1,9,23,1,Italians,3
1,9,23,1,Germans,1
1,9,23,1,Chinese,2
1,9,23,2,Russians,1
1,9,23,2,Italians,3
1,9,23,2,Germans,3
1,9,23,2,Chinese,1
1,9,23,3,Russians,1
1,9,23,3,Italians,1
1,9,23,3,Germans,4
1,9,23,3,Chinese,2
1,9,23,4,Russians,1
1,9,23,4,Italians,1
1,9,23,4,Germans,4
1,9,23,4,Chinese,0
1,9,24,0,Russians,1
1,9,24,0,Italians,3
1,9,24,0,Germans,2
1,9,24,0,Chinese,2
1,9,24,1,Russians,1
1,9,24,1,Italians,2
1,9,24,1,Germans,2
1,9,24,1,Chinese,3
1,9,24,2,Russians,1
1,9,24,2,Italians,1
1,9,24,2,Germans,3
1,9,24,2,Chinese,2
1,9,24,3,Russians,1
1,9,24,3,Italians,0
1,9,24,3,Germans,3
1,9,24,3,Chinese,3
1,9,24,4,Russians,1
1,9,24,4,Italians,0
1,9,24,4,Germans,2
1,9,24,4,Chinese,2
1,9,25,0,Russians,1
1,9,25,0,Italians,3
1,9,25,0,Germans,2
1,9,25,0,Chinese,1
1,9,25,1,Russians,1
1,9,25,1,Italians,3
1,9,25,1,Germans,2
1,9,25,1,Chinese,3
1,9,25,2,Russians,0
1,9,25,2,Italians,2
1,9,25,2,Germans,3
1,9,25,2,Chinese,3
1,9,25,3,Russians,2
1,9,25,3,Italians,1
1,9,25,3,Germans,2
1,9,25,3,Chinese,2
1,9,25,4,Russians,1
1,9,25,4,Italians,1
1,9,25,4,Germans,3
1,9,25,4,Chinese,0
1,9,26,0,Russians,2
1,9,26,0,Italians,3
1,9,26,0,Germans,2
1,9,26,0,Chinese,2
1,9,26,1,Russians,1
1,9,26,1,Italians,3
1,9,26,1,Germans,2
1,9,26,1,Chinese,2
1,9,26,2,Russians,1
1,9,26,2,Italians,2
1,9,26,2,Germans,2
1,9,26,2,Chinese,1
1,9,26,3,Russians,1
1,9,26,3,Italians,0
1,9,26,3,Germans,4
1,9,26,3,Chinese,1
1,9,26,4,Russians,1
1,9,26,4,Italians,1
1,9,26,4,Germans,4
1,9,26,4,Chinese,1
1,9,27,0,Russians,2
1,9,27,0,Italians,2
1,9,27,0,Germans,3
1,9,27,0,Chinese,2
1,9,27,1,Russians,2
1,9,27,1,Italians,1
1,9,27,1,Germans,3
1,9,27,1,Chinese,3
1,9,27,2,Russians,1
1,9,27,2,Italians,1
1,9,27,2,Germans,3
1,9,27,2,Chinese,2
1,9,27,3,Russians,0
1,9,27,3,Italians,0
1,9,27,3,Germans,3
1,9,27,3,Chinese,3
1,9,27,4,Russians,0
1,9,27,4,Italians,0
1,9,27,4,Germans,4
1,9,27,4,Chinese,1
1,9,28,0,Russians,1
1,9,28,0,Italians,3
1,9,28,0,Germans,2
1,9,28,0,Chinese,1
1,9,28,1,Russians,1
1,9,28,1,Italians,3
1,9,28,1,Germans,2
1,9,28,1,Chinese,2
1,9,28,2,Russians,2
1,9,28,2,Italians,3
1,9,28,2,Germans,3
1,9,28,2,Chinese,2
1,9,28,3,Russians,2
1,9,28,3,Italians,2
1,9,28,3,Germans,3
1,9,28,3,Chinese,1
1,9,28,4,Russians,3
1,9,28,4,Italians,0
1,9,28,4,Germans,2
1,9,28,4,Chinese,0
1,9,29,0,Russians,2
1,9,29,0,Italians,3
1,9,29,0,Germans,2
1,9,29,0,Chinese,2
1,9,29,1,Russians,1
1,9,29,1,Italians,3
1,9,29,1,Germans,2
1,9,29,1,Chinese,3
1,9,29,2,Russians,1
1,9,29,2,Italians,2
1,9,29,2,Germans,3
1,9,29,2,Chinese,1
1,9,29,3,Russians,1
1,9,29,3,Italians,0
1,9,29,3,Germans,3
1,9,29,3,Chinese,2
1,9,29,4,Russians,0
1,9,29,4,Italians,1
1,9,29,4,Germans,4
1,9,29,4,Chinese,2
1,9,30,0,Russians,1
1,9,30,0,Italians,3
1,9,30,0,Germans,2
1,9,30,0,Chinese,1
1,9,30,1,Russians,1
1,9,30,1,Italians,3
1,9,30,1,Germans,2
1,9,30,1,Chinese,2
1,9,30,2,Russians,2
1,9,30,2,Italians,3
1,9,30,2,Germans,3
1,9,30,2,Chinese,2
1,9,30,3,Russians,1
1,9,30,3,Italians,2
1,9,30,3,Germans,4
1,9,30,3,Chinese,1
1,9,30,4,Russians,2
1,9,30,4,Italians,2
1,9,30,4,Germans,4
1,9,30,4,Chinese,0
1,9,31,0,Russians,1
1,9,31,0,Italians,3
1,9,31,0,Germans,2
1,9,31,0,Chinese,2
1,9,31,1,Russians,1
1,9,31,1,Italians,2
1,9,31,1,Germans,2
1,9,31,1,Chinese,3
1,9,31,2,Russians,1
1,9,31,2,Italians,2
1,9,31,2,Germans,3
1,9,31,2,Chinese,1
1,9,31,3,Russians,1
1,9,31,3,Italians,0
1,9,31,3,Germans,5
1,9,31,3,Chinese,3
1,9,31,4,Russians,1
1,9,31,4,Italians,0
1,9,31,4,Germans,4
1,9,31,4,Chinese,1
1,9,32,0,Russians,1
1,9,32,0,Italians,3
1,9,32,0,Germans,2
1,9,32,0,Chinese,1
1,9,32,1,Russians,1
1,9,32,1,Italians,3
1,9,32,1,Germans,2
1,9,32,1,Chinese,3
1,9,32,2,Russians,2
1,9,32,2,Italians,1
1,9,32,2,Germans,2
1,9,32,2,Chinese,1
1,9,32,3,Russians,2
1,9,32,3,Italians,0
1,9,32,3,Germans,4
1,9,32,3,Chinese,1
1,9,32,4,Russians,1
1,9,32,4,Italians,0
1,9,32,4,Germans,5
1,9,32,4,Chinese,1
1,9,33,0,Russians,2
1,9,33,0,Italians,3
1,9,33,0,Germans,2
1,9,33,0,Chinese,2
1,9,33,1,Russians,1
1,9,33,1,Italians,3
1,9,33,1,Germans,1
1,9,33,1,Chinese,2
1,9,33,2,Russians,1
1,9,33,2,Italians,2
1,9,33,2,Germans,3
1,9,33,2,Chinese,1
1,9,33,3,Russians,1
1,9,33,3,Italians,1
1,9,33,3,Germans,4
1,9,33,3,Chinese,2
1,9,33,4,Russians,1
1,9,33,4,Italians,2
1,9,33,4,Germans,2
1,9,33,4,Chinese,0
1,9,34,0,Russians,2
1,9,34,0,Italians,2
1,9,34,0,Germans,3
1,9,34,0,Chinese,2
1,9,34,1,Russians,2
1,9,34,1,Italians,1
1,9,34,1,Germans,2
1,9,34,1,Chinese,3
1,9,34,2,Russians,1
1,9,34,2,Italians,1
1,9,34,2,Germans,4
1,9,34,2,Chinese,3
1,9,34,3,Russians,0
1,9,34,3,Italians,0
1,9,34,3,Germans,4
1,9,34,3,Chinese,1
1,10,1,0,Russians,1
1,10,1,0,Italians,2
1,10,1,0,Germans,3
1,10,1,0,Chinese,2
1,10,1,1,Russians,2
1,10,1,1,Italians,1
1,10,1,1,Germans,3
1,10,1,1,Chinese,2
1,10,1,2,Russians,3
1,10,1,2,Italians,0
1,10,1,2,Germans,3
1,10,1,2,Chinese,3
1,10,1,3,Russians,2
1,10,1,3,Italians,0
1,10,1,3,Germans,3
1,10,1,3,Chinese,1
1,10,1,4,Russians,1
1,10,1,4,Italians,0
1,10,1,4,Germans,3
1,10,1,4,Chinese,2
1,10,2,0,Russians,1
1,10,2,0,Italians,2
1,10,2,0,Germans,3
1,10,2,0,Chinese,2
1,10,2,1,Russians,2
1,10,2,1,Italians,1
1,10,2,1,Germans,3
1,10,2,1,Chinese,2
1,10,2,2,Russians,2
1,10,2,2,Italians,1
1,10,2,2,Germans,3
1,10,2,2,Chinese,2
1,10,2,3,Russians,2
1,10,2,3,Italians,0
1,10,2,3,Germans,3
1,10,2,3,Chinese,1
1,10,2,4,Russians,1
1,10,2,4,Italians,0
1,10,2,4,Germans,3
1,10,2,4,Chinese,2
1,10,3,0,Russians,1
1,10,3,0,Italians,3
1,10,3,0,Germans,3
1,10,3,0,Chinese,2
1,10,3,1,Russians,1
1,10,3,1,Italians,3
1,10,3,1,Germans,3
1,10,3,1,Chinese,2
1,10,3,2,Russians,2
1,10,3,2,Italians,1
1,10,3,2,Germans,3
1,10,3,2,Chinese,2
1,10,3,3,Russians,2
1,10,3,3,Italians,0
1,10,3,3,Germans,3
1,10,3,3,Chinese,1
1,10,3,4,Russians,2
1,10,3,4,Italians,0
1,10,3,4,Germans,3
1,10,3,4,Chinese,1
1,10,4,0,Russians,1
1,10,4,0,Italians,4
1,10,4,0,Germans,4
1,10,4,0,Chinese,2
1,10,4,1,Russians,2
1,10,4,1,Italians,2
1,10,4,1,Germans,3
1,10,4,1,Chinese,1
1,10,4,2,Russians,3
1,10,4,2,Italians,0
1,10,4,2,Germans,3
1,10,4,2,Chinese,3
1,10,4,3,Russians,3
1,10,4,3,Italians,0
1,10,4,3,Germans,1
1,10,4,3,Chinese,0
1,10,4,4,Russians,2
1,10,4,4,Italians,0
1,10,4,4,Germans,2
1,10,4,4,Chinese,0
1,10,5,0,Russians,1
1,10,5,0,Italians,2
1,10,5,0,Germans,3
1,10,5,0,Chinese,2
1,10,5,1,Russians,2
1,10,5,1,Italians,1
1,10,5,1,Germans,3
1,10,5,1,Chinese,3
1,10,5,2,Russians,1
1,10,5,2,Italians,0
1,10,5,2,Germans,3
1,10,5,2,Chinese,4
1,10,5,3,Russians,1
1,10,5,3,Italians,0
1,10,5,3,Germans,3
1,10,5,3,Chinese,3
1,10,5,4,Russians,0
1,10,5,4,Italians,0
1,10,5,4,Germans,2
1,10,5,4,Chinese,3
1,10,6,0,Russians,1
1,10,6,0,Italians,2
1,10,6,0,Germans,3
1,10,6,0,Chinese,2
1,10,6,1,Russians,2
1,10,6,1,Italians,1
1,10,6,1,Germans,3
1,10,6,1,Chinese,3
1,10,6,2,Russians,2
1,10,6,2,Italians,0
1,10,6,2,Germans,2
1,10,6,2,Chinese,4
1,10,6,3,Russians,0
1,10,6,3,Italians,0
1,10,6,3,Germans,3
1,10,6,3,Chinese,3
1,10,6,4,Russians,0
1,10,6,4,Italians,0
1,10,6,4,Germans,4
1,10,6,4,Chinese,2
1,10,7,0,Russians,2
1,10,7,0,Italians,4
1,10,7,0,Germans,3
1,10,7,0,Chinese,1
1,10,7,1,Russians,2
1,10,7,1,Italians,3
1,10,7,1,Germans,3
1,10,7,1,Chinese,2
1,10,7,2,Russians,3
1,10,7,2,Italians,1
1,10,7,2,Germans,3
1,10,7,2,Chinese,2
1,10,7,3,Russians,3
1,10,7,3,Italians,0
1,10,7,3,Germans,3
1,10,7,3,Chinese,1
1,10,7,4,Russians,1
1,10,7,4,Italians,0
1,10,7,4,Germans,3
1,10,7,4,Chinese,0
1,10,8,0,Russians,1
1,10,8,0,Italians,2
1,10,8,0,Germans,3
1,10,8,0,Chinese,2
1,10,8,1,Russians,2
1,10,8,1,Italians,1
1,10,8,1,Germans,3
1,10,8,1,Chinese,3
1,10,8,2,Russians,2
1,10,8,2,Italians,1
1,10,8,2,Germans,2
1,10,8,2,Chinese,3
1,10,8,3,Russians,2
1,10,8,3,Italians,0
1,10,8,3,Germans,3
1,10,8,3,Chinese,2
1,10,8,4,Russians,1
1,10,8,4,Italians,0
1,10,8,4,Germans,4
1,10,8,4,Chinese,2
1,10,9,0,Russians,1
1,10,9,0,Italians,2
1,10,9,0,Germans,3
1,10,9,0,Chinese,2
1,10,9,1,Russians,2
1,10,9,1,Italians,1
1,10,9,1,Germans,3
1,10,9,1,Chinese,3
1,10,9,2,Russians,2
1,10,9,2,Italians,0
1,10,9,2,Germans,2
1,10,9,2,Chinese,2
1,10,9,3,Russians,1
1,10,9,3,Italians,1
1,10,9,3,Germans,3
1,10,9,3,Chinese,1
1,10,9,4,Russians,1
1,10,9,4,Italians,0
1,10,9,4,Germans,4
1,10,9,4,Chinese,2
1,10,10,0,Russians,1
1,10,10,0,Italians,3
1,10,10,0,Germans,4
1,10,10,0,Chinese,2
1,10,10,1,Russians,2
1,10,10,1,Italians,2
1,10,10,1,Germans,3
1,10,10,1,Chinese,3
1,10,10,2,Russians,1
1,10,10,2,Italians,0
1,10,10,2,Germans,2
1,10,10,2,Chinese,3
1,10,10,3,Russians,1
1,10,10,3,Italians,0
1,10,10,3,Germans,3
1,10,10,3,Chinese,2
1,10,10,4,Russians,1
1,10,10,4,Italians,0
1,10,10,4,Germans,3
1,10,10,4,Chinese,3
1,10,11,0,Russians,1
1,10,11,0,Italians,2
1,10,11,0,Germans,3
1,10,11,0,Chinese,2
1,10,11,1,Russians,2
1,10,11,1,Italians,1
1,10,11,1,Germans,3
1,10,11,1,Chinese,3
1,10,11,2,Russians,2
1,10,11,2,Italians,0
1,10,11,2,Germans,3
1,10,11,2,Chinese,3
1,10,11,3,Russians,2
1,10,11,3,Italians,0
1,10,11,3,Germans,3
1,10,11,3,Chinese,2
1,10,11,4,Russians,2
1,10,11,4,Italians,1
1,10,11,4,Germans,4
1,10,11,4,Chinese,2
1,10,12,0,Russians,1
1,10,12,0,Italians,2
1,10,12,0,Germans,3
1,10,12,0,Chinese,2
1,10,12,1,Russians,2
1,10,12,1,Italians,1
1,10,12,1,Germans,2
1,10,12,1,Chinese,3
1,10,12,2,Russians,1
1,10,12,2,Italians,0
1,10,12,2,Germans,3
1,10,12,2,Chinese,5
1,10,12,3,Russians,1
1,10,12,3,Italians,0
1,10,12,3,Germans,3
1,10,12,3,Chinese,3
1,10,12,4,Russians,0
1,10,12,4,Italians,0
1,10,12,4,Germans,2
1,10,12,4,Chinese,2
1,10,13,0,Russians,1
1,10,13,0,Italians,4
1,10,13,0,Germans,4
1,10,13,0,Chinese,2
1,10,13,1,Russians,2
1,10,13,1,Italians,3
1,10,13,1,Germans,3
1,10,13,1,Chinese,1
1,10,13,2,Russians,2
1,10,13,2,Italians,2
1,10,13,2,Germans,3
1,10,13,2,Chinese,3
1,10,13,3,Russians,2
1,10,13,3,Italians,0
1,10,13,3,Germans,3
1,10,13,3,Chinese,0
1,10,13,4,Russians,2
1,10,13,4,Italians,0
1,10,13,4,Germans,3
1,10,13,4,Chinese,0
1,10,14,0,Russians,2
1,10,14,0,Italians,4
1,10,14,0,Germans,3
1,10,14,0,Chinese,1
1,10,14,1,Russians,2
1,10,14,1,Italians,2
1,10,14,1,Germans,3
1,10,14,1,Chinese,2
1,10,14,2,Russians,3
1,10,14,2,Italians,0
1,10,14,2,Germans,3
1,10,14,2,Chinese,1
1,10,14,3,Russians,4
1,10,14,3,Italians,0
1,10,14,3,Germans,3
1,10,14,3,Chinese,1
1,10,14,4,Russians,2
1,10,14,4,Italians,0
1,10,14,4,Germans,2
1,10,14,4,Chinese,0
1,10,15,0,Russians,1
1,10,15,0,Italians,2
1,10,15,0,Germans,3
1,10,15,0,Chinese,2
1,10,15,1,Russians,2
1,10,15,1,Italians,1
1,10,15,1,Germans,3
1,10,15,1,Chinese,2
1,10,15,2,Russians,2
1,10,15,2,Italians,1
1,10,15,2,Germans,3
1,10,15,2,Chinese,2
1,10,15,3,Russians,2
1,10,15,3,Italians,0
1,10,15,3,Germans,3
1,10,15,3,Chinese,1
1,10,15,4,Russians,2
1,10,15,4,Italians,0
1,10,15,4,Germans,3
1,10,15,4,Chinese,0
1,10,16,0,Russians,1
1,10,16,0,Italians,2
1,10,16,0,Germans,3
1,10,16,0,Chinese,2
1,10,16,1,Russians,2
1,10,16,1,Italians,1
1,10,16,1,Germans,3
1,10,16,1,Chinese,3
1,10,16,2,Russians,2
1,10,16,2,Italians,0
1,10,16,2,Germans,3
1,10,16,2,Chinese,3
1,10,16,3,Russians,0
1,10,16,3,Italians,0
1,10,16,3,Germans,3
1,10,16,3,Chinese,3
1,10,16,4,Russians,0
1,10,16,4,Italians,0
1,10,16,4,Germans,3
1,10,16,4,Chinese,3
1,10,17,0,Russians,1
1,10,17,0,Italians,3
1,10,17,0,Germans,3
1,10,17,0,Chinese,2
1,10,17,1,Russians,2
1,10,17,1,Italians,2
1,10,17,1,Germans,3
1,10,17,1,Chinese,2
1,10,17,2,Russians,2
1,10,17,2,Italians,1
1,10,17,2,Germans,3
1,10,17,2,Chinese,3
1,10,17,3,Russians,2
1,10,17,3,Italians,0
1,10,17,3,Germans,4
1,10,17,3,Chinese,2
1,10,17,4,Russians,1
1,10,17,4,Italians,0
1,10,17,4,Germans,2
1,10,17,4,Chinese,2
1,10,18,0,Russians,1
1,10,18,0,Italians,2
1,10,18,0,Germans,3
1,10,18,0,Chinese,2
1,10,18,1,Russians,2
1,10,18,1,Italians,1
1,10,18,1,Germans,3
1,10,18,1,Chinese,3
1,10,18,2,Russians,1
1,10,18,2,Italians,0
1,10,18,2,Germans,3
1,10,18,2,Chinese,4
1,10,18,3,Russians,1
1,10,18,3,Italians,0
1,10,18,3,Germans,3
1,10,18,3,Chinese,3
1,10,18,4,Russians,0
1,10,18,4,Italians,0
1,10,18,4,Germans,3
1,10,18,4,Chinese,2
1,10,19,0,Russians,1
1,10,19,0,Italians,2
1,10,19,0,Germans,3
1,10,19,0,Chinese,2
1,10,19,1,Russians,2
1,10,19,1,Italians,1
1,10,19,1,Germans,3
1,10,19,1,Chinese,2
1,10,19,2,Russians,2
1,10,19,2,Italians,0
1,10,19,2,Germans,3
1,10,19,2,Chinese,3
1,10,19,3,Russians,2
1,10,19,3,Italians,0
1,10,19,3,Germans,3
1,10,19,3,Chinese,3
1,10,19,4,Russians,2
1,10,19,4,Italians,0
1,10,19,4,Germans,2
1,10,19,4,Chinese,1
1,10,20,0,Russians,1
1,10,20,0,Italians,4
1,10,20,0,Germans,4
1,10,20,0,Chinese,1
1,10,20,1,Russians,2
1,10,20,1,Italians,2
1,10,20,1,Germans,3
1,10,20,1,Chinese,2
1,10,20,2,Russians,3
1,10,20,2,Italians,0
1,10,20,2,Germans,3
1,10,20,2,Chinese,1
1,10,20,3,Russians,4
1,10,20,3,Italians,0
1,10,20,3,Germans,4
1,10,20,3,Chinese,1
1,10,20,4,Russians,2
1,10,20,4,Italians,0
1,10,20,4,Germans,3
1,10,20,4,Chinese,0
1,10,21,0,Russians,2
1,10,21,0,Italians,4
1,10,21,0,Germans,3
1,10,21,0,Chinese,1
1,10,21,1,Russians,2
1,10,21,1,Italians,2
1,10,21,1,Germans,3
1,10,21,1,Chinese,2
1,10,21,2,Russians,2
1,10,21,2,Italians,1
1,10,21,2,Germans,3
1,10,21,2,Chinese,1
1,10,21,3,Russians,3
1,10,21,3,Italians,0
1,10,21,3,Germans,3
1,10,21,3,Chinese,1
1,10,21,4,Russians,3
1,10,21,4,Italians,0
1,10,21,4,Germans,4
1,10,21,4,Chinese,0
1,10,22,0,Russians,1
1,10,22,0,Italians,2
1,10,22,0,Germans,3
1,10,22,0,Chinese,2
1,10,22,1,Russians,2
1,10,22,1,Italians,1
1,10,22,1,Germans,3
1,10,22,1,Chinese,3
1,10,22,2,Russians,1
1,10,22,2,Italians,0
1,10,22,2,Germans,3
1,10,22,2,Chinese,5
1,10,22,3,Russians,2
1,10,22,3,Italians,0
1,10,22,3,Germans,3
1,10,22,3,Chinese,3
1,10,22,4,Russians,1
1,10,22,4,Italians,0
1,10,22,4,Germans,2
1,10,22,4,Chinese,3
1,10,23,0,Russians,1
1,10,23,0,Italians,2
1,10,23,0,Germans,3
1,10,23,0,Chinese,2
1,10,23,1,Russians,2
1,10,23,1,Italians,1
1,10,23,1,Germans,3
1,10,23,1,Chinese,4
1,10,23,2,Russians,1
1,10,23,2,Italians,0
1,10,23,2,Germans,3
1,10,23,2,Chinese,3
1,10,23,3,Russians,1
1,10,23,3,Italians,0
1,10,23,3,Germans,3
1,10,23,3,Chinese,2
1,10,23,4,Russians,1
1,10,23,4,Italians,0
1,10,23,4,Germans,4
1,10,23,4,Chinese,1
1,10,24,0,Russians,1
1,10,24,0,Italians,3
1,10,24,0,Germans,4
1,10,24,0,Chinese,2
1,10,24,1,Russians,1
1,10,24,1,Italians,2
1,10,24,1,Germans,3
1,10,24,1,Chinese,2
1,10,24,2,Russians,2
1,10,24,2,Italians,1
1,10,24,2,Germans,3
1,10,24,2,Chinese,2
1,10,24,3,Russians,2
1,10,24,3,Italians,0
1,10,24,3,Germans,3
1,10,24,3,Chinese,1
1,10,24,4,Russians,2
1,10,24,4,Italians,0
1,10,24,4,Germans,3
1,10,24,4,Chinese,1
1,10,25,0,Russians,1
1,10,25,0,Italians,2
1,10,25,0,Germans,3
1,10,25,0,Chinese,2
1,10,25,1,Russians,2
1,10,25,1,Italians,1
1,10,25,1,Germans,3
1,10,25,1,Chinese,3
1,10,25,2,Russians,2
1,10,25,2,Italians,1
1,10,25,2,Germans,3
1,10,25,2,Chinese,3
1,10,25,3,Russians,2
1,10,25,3,Italians,0
1,10,25,3,Germans,3
1,10,25,3,Chinese,2
1,10,25,4,Russians,1
1,10,25,4,Italians,0
1,10,25,4,Germans,4
1,10,25,4,Chinese,1
1,10,26,0,Russians,1
1,10,26,0,Italians,4
1,10,26,0,Germans,4
1,10,26,0,Chinese,1
1,10,26,1,Russians,2
1,10,26,1,Italians,2
1,10,26,1,Germans,3
1,10,26,1,Chinese,2
1,10,26,2,Russians,3
1,10,26,2,Italians,1
1,10,26,2,Germans,3
1,10,26,2,Chinese,2
1,10,26,3,Russians,3
1,10,26,3,Italians,0
1,10,26,3,Germans,2
1,10,26,3,Chinese,1
1,10,26,4,Russians,3
1,10,26,4,Italians,0
1,10,26,4,Germans,1
1,10,26,4,Chinese,0
1,10,27,0,Russians,1
1,10,27,0,Italians,2
1,10,27,0,Germans,3
1,10,27,0,Chinese,2
1,10,27,1,Russians,2
1,10,27,1,Italians,1
1,10,27,1,Germans,3
1,10,27,1,Chinese,3
1,10,27,2,Russians,2
1,10,27,2,Italians,1
1,10,27,2,Germans,3
1,10,27,2,Chinese,3
1,10,27,3,Russians,2
1,10,27,3,Italians,0
1,10,27,3,Germans,3
1,10,27,3,Chinese,2
1,10,27,4,Russians,2
1,10,27,4,Italians,0
1,10,27,4,Germans,2
1,10,27,4,Chinese,2
1,10,28,0,Russians,2
1,10,28,0,Italians,4
1,10,28,0,Germans,4
1,10,28,0,Chinese,1
1,10,28,1,Russians,2
1,10,28,1,Italians,3
1,10,28,1,Germans,3
1,10,28,1,Chinese,2
1,10,28,2,Russians,3
1,10,28,2,Italians,0
1,10,28,2,Germans,3
1,10,28,2,Chinese,2
1,10,28,3,Russians,2
1,10,28,3,Italians,0
1,10,28,3,Germans,4
1,10,28,3,Chinese,1
1,10,28,4,Russians,3
1,10,28,4,Italians,0
1,10,28,4,Germans,4
1,10,28,4,Chinese,0
1,10,29,0,Russians,1
1,10,29,0,Italians,2
1,10,29,0,Germans,3
1,10,29,0,Chinese,2
1,10,29,1,Russians,2
1,10,29,1,Italians,1
1,10,29,1,Germans,3
1,10,29,1,Chinese,2
1,10,29,2,Russians,1
1,10,29,2,Italians,1
1,10,29,2,Germans,3
1,10,29,2,Chinese,2
1,10,29,3,Russians,2
1,10,29,3,Italians,0
1,10,29,3,Germans,3
1,10,29,3,Chinese,1
1,10,29,4,Russians,3
1,10,29,4,Italians,0
1,10,29,4,Germans,3
1,10,29,4,Chinese,0
1,10,30,0,Russians,1
1,10,30,0,Italians,2
1,10,30,0,Germans,3
1,10,30,0,Chinese,2
1,10,30,1,Russians,2
1,10,30,1,Italians,1
1,10,30,1,Germans,3
1,10,30,1,Chinese,3
1,10,30,2,Russians,1
1,10,30,2,Italians,0
1,10,30,2,Germans,2
1,10,30,2,Chinese,4
1,10,30,3,Russians,1
1,10,30,3,Italians,0
1,10,30,3,Germans,3
1,10,30,3,Chinese,3
1,10,30,4,Russians,1
1,10,30,4,Italians,0
1,10,30,4,Germans,3
1,10,30,4,Chinese,3
1,10,31,0,Russians,1
1,10,31,0,Italians,4
1,10,31,0,Germans,4
1,10,31,0,Chinese,1
1,10,31,1,Russians,2
1,10,31,1,Italians,2
1,10,31,1,Germans,3
1,10,31,1,Chinese,2
1,10,31,2,Russians,3
1,10,31,2,Italians,0
1,10,31,2,Germans,3
1,10,31,2,Chinese,1
1,10,31,3,Russians,3
1,10,31,3,Italians,0
1,10,31,3,Germans,3
1,10,31,3,Chinese,1
1,10,31,4,Russians,2
1,10,31,4,Italians,0
1,10,31,4,Germans,2
1,10,31,4,Chinese,0
1,10,32,0,Russians,2
1,10,32,0,Italians,4
1,10,32,0,Germans,4
1,10,32,0,Chinese,1
1,10,32,1,Russians,2
1,10,32,1,Italians,2
1,10,32,1,Germans,3
1,10,32,1,Chinese,2
1,10,32,2,Russians,3
1,10,32,2,Italians,0
1,10,32,2,Germans,3
1,10,32,2,Chinese,2
1,10,32,3,Russians,3
1,10,32,3,Italians,0
1,10,32,3,Germans,2
1,10,32,3,Chinese,1
1,10,32,4,Russians,3
1,10,32,4,Italians,0
1,10,32,4,Germans,2
1,10,32,4,Chinese,0
1,10,33,0,Russians,1
1,10,33,0,Italians,2
1,10,33,0,Germans,3
1,10,33,0,Chinese,2
1,11,1,0,Russians,2
1,11,1,0,Italians,3
1,11,1,0,Germans,3
1,11,1,0,Chinese,2
1,11,1,1,Russians,2
1,11,1,1,Italians,1
1,11,1,1,Germans,3
1,11,1,1,Chinese,1
1,11,1,2,Russians,2
1,11,1,2,Italians,1
1,11,1,2,Germans,2
1,11,1,2,Chinese,0
1,11,1,3,Russians,1
1,11,1,3,Italians,0
1,11,1,3,Germans,3
1,11,1,3,Chinese,0
1,11,1,4,Russians,2
1,11,1,4,Italians,0
1,11,1,4,Germans,3
1,11,1,4,Chinese,0
1,11,2,0,Russians,2
1,11,2,0,Italians,3
1,11,2,0,Germans,3
1,11,2,0,Chinese,2
1,11,2,1,Russians,2
1,11,2,1,Italians,1
1,11,2,1,Germans,3
1,11,2,1,Chinese,1
1,11,2,2,Russians,2
1,11,2,2,Italians,1
1,11,2,2,Germans,2
1,11,2,2,Chinese,3
1,11,2,3,Russians,2
1,11,2,3,Italians,0
1,11,2,3,Germans,2
1,11,2,3,Chinese,1
1,11,2,4,Russians,3
1,11,2,4,Italians,0
1,11,2,4,Germans,2
1,11,2,4,Chinese,1
1,11,3,0,Russians,1
1,11,3,0,Italians,3
1,11,3,0,Germans,3
1,11,3,0,Chinese,2
1,11,3,1,Russians,2
1,11,3,1,Italians,1
1,11,3,1,Germans,3
1,11,3,1,Chinese,1
1,11,3,2,Russians,2
1,11,3,2,Italians,0
1,11,3,2,Germans,2
1,11,3,2,Chinese,0
1,11,3,3,Russians,1
1,11,3,3,Italians,0
1,11,3,3,Germans,3
1,11,3,3,Chinese,0
1,11,3,4,Russians,2
1,11,3,4,Italians,0
1,11,3,4,Germans,3
1,11,3,4,Chinese,0
1,11,4,0,Russians,2
1,11,4,0,Italians,2
1,11,4,0,Germans,3
1,11,4,0,Chinese,2
1,11,4,1,Russians,2
1,11,4,1,Italians,1
1,11,4,1,Germans,4
1,11,4,1,Chinese,3
1,11,4,2,Russians,1
1,11,4,2,Italians,0
1,11,4,2,Germans,3
1,11,4,2,Chinese,2
1,11,4,3,Russians,1
1,11,4,3,Italians,0
1,11,4,3,Germans,2
1,11,4,3,Chinese,1
1,11,4,4,Russians,1
1,11,4,4,Italians,0
1,11,4,4,Germans,4
1,11,4,4,Chinese,2
1,11,5,0,Russians,2
1,11,5,0,Italians,3
1,11,5,0,Germans,3
1,11,5,0,Chinese,2
1,11,5,1,Russians,2
1,11,5,1,Italians,1
1,11,5,1,Germans,3
1,11,5,1,Chinese,1
1,11,5,2,Russians,2
1,11,5,2,Italians,0
1,11,5,2,Germans,2
1,11,5,2,Chinese,2
1,11,5,3,Russians,2
1,11,5,3,Italians,0
1,11,5,3,Germans,3
1,11,5,3,Chinese,0
1,11,5,4,Russians,2
1,11,5,4,Italians,0
1,11,5,4,Germans,3
1,11,5,4,Chinese,0
1,11,6,0,Russians,2
1,11,6,0,Italians,3
1,11,6,0,Germans,3
1,11,6,0,Chinese,2
1,11,6,1,Russians,2
1,11,6,1,Italians,1
1,11,6,1,Germans,3
1,11,6,1,Chinese,1
1,11,6,2,Russians,2
1,11,6,2,Italians,1
1,11,6,2,Germans,2
1,11,6,2,Chinese,3
1,11,6,3,Russians,2
1,11,6,3,Italians,0
1,11,6,3,Germans,1
1,11,6,3,Chinese,1
1,11,6,4,Russians,3
1,11,6,4,Italians,0
1,11,6,4,Germans,2
1,11,6,4,Chinese,1
1,11,7,0,Russians,2
1,11,7,0,Italians,3
1,11,7,0,Germans,3
1,11,7,0,Chinese,2
1,11,7,1,Russians,2
1,11,7,1,Italians,1
1,11,7,1,Germans,3
1,11,7,1,Chinese,1
1,11,7,2,Russians,2
1,11,7,2,Italians,0
1,11,7,2,Germans,2
1,11,7,2,Chinese,2
1,11,7,3,Russians,2
1,11,7,3,Italians,1
1,11,7,3,Germans,3
1,11,7,3,Chinese,1
1,11,7,4,Russians,2
1,11,7,4,Italians,0
1,11,7,4,Germans,3
1,11,7,4,Chinese,1
1,11,8,0,Russians,2
1,11,8,0,Italians,3
1,11,8,0,Germans,3
1,11,8,0,Chinese,2
1,11,8,1,Russians,2
1,11,8,1,Italians,0
1,11,8,1,Germans,3
1,11,8,1,Chinese,1
1,11,8,2,Russians,2
1,11,8,2,Italians,0
1,11,8,2,Germans,2
1,11,8,2,Chinese,3
1,11,8,3,Russians,2
1,11,8,3,Italians,0
1,11,8,3,Germans,2
1,11,8,3,Chinese,1
1,11,8,4,Russians,2
1,11,8,4,Italians,0
1,11,8,4,Germans,3
1,11,8,4,Chinese,1
1,11,9,0,Russians,1
1,11,9,0,Italians,3
1,11,9,0,Germans,3
1,11,9,0,Chinese,2
1,11,9,1,Russians,2
1,11,9,1,Italians,0
1,11,9,1,Germans,3
1,11,9,1,Chinese,1
1,11,9,2,Russians,2
1,11,9,2,Italians,0
1,11,9,2,Germans,1
1,11,9,2,Chinese,2
1,11,9,3,Russians,2
1,11,9,3,Italians,0
1,11,9,3,Germans,3
1,11,9,3,Chinese,0
1,11,9,4,Russians,2
1,11,9,4,Italians,0
1,11,9,4,Germans,3
1,11,9,4,Chinese,0
1,11,10,0,Russians,2
1,11,10,0,Italians,3
1,11,10,0,Germans,3
1,11,10,0,Chinese,2
1,11,10,1,Russians,2
1,11,10,1,Italians,1
1,11,10,1,Germans,3
1,11,10,1,Chinese,1
1,11,10,2,Russians,2
1,11,10,2,Italians,1
1,11,10,2,Germans,2
1,11,10,2,Chinese,0
1,11,10,3,Russians,3
1,11,10,3,Italians,0
1,11,10,3,Germans,3
1,11,10,3,Chinese,0
1,11,10,4,Russians,3
1,11,10,4,Italians,0
1,11,10,4,Germans,3
1,11,10,4,Chinese,0
1,11,11,0,Russians,2
1,11,11,0,Italians,2
1,11,11,0,Germans,3
1,11,11,0,Chinese,2
1,11,11,1,Russians,2
1,11,11,1,Italians,2
1,11,11,1,Germans,3
1,11,11,1,Chinese,3
1,11,11,2,Russians,2
1,11,11,2,Italians,0
1,11,11,2,Germans,3
1,11,11,2,Chinese,2
1,11,11,3,Russians,2
1,11,11,3,Italians,0
1,11,11,3,Germans,2
1,11,11,3,Chinese,2
1,11,11,4,Russians,2
1,11,11,4,Italians,0
1,11,11,4,Germans,3
1,11,11,4,Chinese,2
1,11,12,0,Russians,2
1,11,12,0,Italians,3
1,11,12,0,Germans,3
1,11,12,0,Chinese,2
1,11,12,1,Russians,2
1,11,12,1,Italians,1
1,11,12,1,Germans,3
1,11,12,1,Chinese,1
1,11,12,2,Russians,2
1,11,12,2,Italians,0
1,11,12,2,Germans,2
1,11,12,2,Chinese,2
1,11,12,3,Russians,2
1,11,12,3,Italians,0
1,11,12,3,Germans,3
1,11,12,3,Chinese,0
1,11,12,4,Russians,2
1,11,12,4,Italians,0
1,11,12,4,Germans,4
1,11,12,4,Chinese,0
1,11,13,0,Russians,2
1,11,13,0,Italians,2
1,11,13,0,Germans,4
1,11,13,0,Chinese,2
1,11,13,1,Russians,2
1,11,13,1,Italians,1
1,11,13,1,Germans,3
1,11,13,1,Chinese,3
1,11,13,2,Russians,2
1,11,13,2,Italians,1
1,11,13,2,Germans,3
1,11,13,2,Chinese,2
1,11,13,3,Russians,1
1,11,13,3,Italians,1
1,11,13,3,Germans,2
1,11,13,3,Chinese,1
1,11,13,4,Russians,2
1,11,13,4,Italians,1
1,11,13,4,Germans,3
1,11,13,4,Chinese,1
1,11,14,0,Russians,2
1,11,14,0,Italians,3
1,11,14,0,Germans,4
1,11,14,0,Chinese,2
1,11,14,1,Russians,2
1,11,14,1,Italians,1
1,11,14,1,Germans,4
1,11,14,1,Chinese,1
1,11,14,2,Russians,1
1,11,14,2,Italians,1
1,11,14,2,Germans,3
1,11,14,2,Chinese,2
1,11,14,3,Russians,1
1,11,14,3,Italians,0
1,11,14,3,Germans,4
1,11,14,3,Chinese,1
1,11,14,4,Russians,2
1,11,14,4,Italians,0
1,11,14,4,Germans,4
1,11,14,4,Chinese,1
1,11,15,0,Russians,2
1,11,15,0,Italians,3
1,11,15,0,Germans,4
1,11,15,0,Chinese,2
1,11,15,1,Russians,2
1,11,15,1,Italians,1
1,11,15,1,Germans,4
1,11,15,1,Chinese,1
1,11,15,2,Russians,2
1,11,15,2,Italians,1
1,11,15,2,Germans,3
1,11,15,2,Chinese,2
1,11,15,3,Russians,2
1,11,15,3,Italians,0
1,11,15,3,Germans,2
1,11,15,3,Chinese,0
1,11,15,4,Russians,1
1,11,15,4,Italians,0
1,11,15,4,Germans,4
1,11,15,4,Chinese,0
1,11,16,0,Russians,1
1,11,16,0,Italians,3
1,11,16,0,Germans,3
1,11,16,0,Chinese,2
1,11,16,1,Russians,2
1,11,16,1,Italians,1
1,11,16,1,Germans,3
1,11,16,1,Chinese,1
1,11,16,2,Russians,2
1,11,16,2,Italians,0
1,11,16,2,Germans,2
1,11,16,2,Chinese,0
1,11,16,3,Russians,1
1,11,16,3,Italians,0
1,11,16,3,Germans,3
1,11,16,3,Chinese,0
1,11,16,4,Russians,2
1,11,16,4,Italians,0
1,11,16,4,Germans,3
1,11,16,4,Chinese,0
1,11,17,0,Russians,2
1,11,17,0,Italians,3
1,11,17,0,Germans,3
1,11,17,0,Chinese,2
1,11,17,1,Russians,2
1,11,17,1,Italians,1
1,11,17,1,Germans,3
1,11,17,1,Chinese,1
1,11,17,2,Russians,2
1,11,17,2,Italians,0
1,11,17,2,Germans,2
1,11,17,2,Chinese,2
1,11,17,3,Russians,2
1,11,17,3,Italians,0
1,11,17,3,Germans,1
1,11,17,3,Chinese,0
1,11,17,4,Russians,1
1,11,17,4,Italians,0
1,11,17,4,Germans,2
1,11,17,4,Chinese,0
1,11,18,0,Russians,2
1,11,18,0,Italians,3
1,11,18,0,Germans,3
1,11,18,0,Chinese,2
1,11,18,1,Russians,2
1,11,18,1,Italians,1
1,11,18,1,Germans,3
1,11,18,1,Chinese,1
1,11,18,2,Russians,2
1,11,18,2,Italians,0
1,11,18,2,Germans,2
1,11,18,2,Chinese,0
1,11,18,3,Russians,1
1,11,18,3,Italians,0
1,11,18,3,Germans,3
1,11,18,3,Chinese,0
1,11,18,4,Russians,2
1,11,18,4,Italians,0
1,11,18,4,Germans,3
1,11,18,4,Chinese,0
1,11,19,0,Russians,2
1,11,19,0,Italians,2
1,11,19,0,Germans,3
1,11,19,0,Chinese,2
1,11,19,1,Russians,2
1,11,19,1,Italians,2
1,11,19,1,Germans,4
1,11,19,1,Chinese,3
1,11,19,2,Russians,1
1,11,19,2,Italians,0
1,11,19,2,Germans,3
1,11,19,2,Chinese,2
1,11,19,3,Russians,1
1,11,19,3,Italians,0
1,11,19,3,Germans,2
1,11,19,3,Chinese,2
1,11,19,4,Russians,1
1,11,19,4,Italians,0
1,11,19,4,Germans,3
1,11,19,4,Chinese,3
1,11,20,0,Russians,1
1,11,20,0,Italians,3
1,11,20,0,Germans,3
1,11,20,0,Chinese,2
1,11,20,1,Russians,2
1,11,20,1,Italians,1
1,11,20,1,Germans,3
1,11,20,1,Chinese,1
1,11,20,2,Russians,2
1,11,20,2,Italians,0
1,11,20,2,Germans,3
1,11,20,2,Chinese,2
1,11,20,3,Russians,2
1,11,20,3,Italians,0
1,11,20,3,Germans,3
1,11,20,3,Chinese,0
1,11,20,4,Russians,2
1,11,20,4,Italians,0
1,11,20,4,Germans,3
1,11,20,4,Chinese,0
1,11,21,0,Russians,2
1,11,21,0,Italians,3
1,11,21,0,Germans,3
1,11,21,0,Chinese,2
1,11,21,1,Russians,2
1,11,21,1,Italians,1
1,11,21,1,Germans,3
1,11,21,1,Chinese,1
1,11,21,2,Russians,1
1,11,21,2,Italians,0
1,11,21,2,Germans,2
1,11,21,2,Chinese,2
1,11,21,3,Russians,2
1,11,21,3,Italians,0
1,11,21,3,Germans,3
1,11,21,3,Chinese,1
1,11,21,4,Russians,2
1,11,21,4,Italians,0
1,11,21,4,Germans,3
1,11,21,4,Chinese,1
1,11,22,0,Russians,2
1,11,22,0,Italians,3
1,11,22,0,Germans,3
1,11,22,0,Chinese,2
1,11,22,1,Russians,2
1,11,22,1,Italians,1
1,11,22,1,Germans,3
1,11,22,1,Chinese,1
1,11,22,2,Russians,2
1,11,22,2,Italians,0
1,11,22,2,Germans,2
1,11,22,2,Chinese,3
1,11,22,3,Russians,2
1,11,22,3,Italians,0
1,11,22,3,Germans,1
1,11,22,3,Chinese,1
1,11,22,4,Russians,2
1,11,22,4,Italians,0
1,11,22,4,Germans,2
1,11,22,4,Chinese,1
1,11,23,0,Russians,2
1,11,23,0,Italians,3
1,11,23,0,Germans,4
1,11,23,0,Chinese,2
1,11,23,1,Russians,2
1,11,23,1,Italians,1
1,11,23,1,Germans,4
1,11,23,1,Chinese,1
1,11,23,2,Russians,2
1,11,23,2,Italians,1
1,11,23,2,Germans,3
1,11,23,2,Chinese,0
1,11,23,3,Russians,1
1,11,23,3,Italians,0
1,11,23,3,Germans,4
1,11,23,3,Chinese,0
1,11,23,4,Russians,2
1,11,23,4,Italians,0
1,11,23,4,Germans,4
1,11,23,4,Chinese,0
1,11,24,0,Russians,2
1,11,24,0,Italians,2
1,11,24,0,Germans,3
1,11,24,0,Chinese,2
1,11,24,1,Russians,2
1,11,24,1,Italians,1
1,11,24,1,Germans,4
1,11,24,1,Chinese,3
1,11,24,2,Russians,2
1,11,24,2,Italians,0
1,11,24,2,Germans,3
1,11,24,2,Chinese,2
1,11,24,3,Russians,1
1,11,24,3,Italians,0
1,11,24,3,Germans,2
1,11,24,3,Chinese,2
1,11,24,4,Russians,1
1,11,24,4,Italians,0
1,11,24,4,Germans,3
1,11,24,4,Chinese,1
1,11,25,0,Russians,1
1,11,25,0,Italians,3
1,11,25,0,Germans,3
1,11,25,0,Chinese,2
1,11,25,1,Russians,2
1,11,25,1,Italians,0
1,11,25,1,Germans,3
1,11,25,1,Chinese,1
1,11,25,2,Russians,2
1,11,25,2,Italians,0
1,11,25,2,Germans,2
1,11,25,2,Chinese,2
1,11,25,3,Russians,2
1,11,25,3,Italians,0
1,11,25,3,Germans,3
1,11,25,3,Chinese,0
1,11,25,4,Russians,2
1,11,25,4,Italians,0
1,11,25,4,Germans,3
1,11,25,4,Chinese,0
1,11,26,0,Russians,2
1,11,26,0,Italians,3
1,11,26,0,Germans,3
1,11,26,0,Chinese,2
1,11,26,1,Russians,2
1,11,26,1,Italians,1
1,11,26,1,Germans,3
1,11,26,1,Chinese,1
1,11,26,2,Russians,2
1,11,26,2,Italians,0
1,11,26,2,Germans,2
1,11,26,2,Chinese,0
1,11,26,3,Russians,1
1,11,26,3,Italians,0
1,11,26,3,Germans,3
1,11,26,3,Chinese,0
1,11,26,4,Russians,2
1,11,26,4,Italians,0
1,11,26,4,Germans,3
1,11,26,4,Chinese,0
1,11,27,0,Russians,2
1,11,27,0,Italians,3
1,11,27,0,Germans,3
1,11,27,0,Chinese,2
1,11,27,1,Russians,2
1,11,27,1,Italians,1
1,11,27,1,Germans,3
1,11,27,1,Chinese,1
1,11,27,2,Russians,2
1,11,27,2,Italians,1
1,11,27,2,Germans,2
1,11,27,2,Chinese,2
1,11,27,3,Russians,2
1,11,27,3,Italians,0
1,11,27,3,Germans,1
1,11,27,3,Chinese,0
1,11,27,4,Russians,1
1,11,27,4,Italians,0
1,11,27,4,Germans,2
1,11,27,4,Chinese,0
1,11,28,0,Russians,2
1,11,28,0,Italians,3
1,11,28,0,Germans,3
1,11,28,0,Chinese,2
1,11,28,1,Russians,2
1,11,28,1,Italians,0
1,11,28,1,Germans,3
1,11,28,1,Chinese,1
1,11,28,2,Russians,2
1,11,28,2,Italians,0
1,11,28,2,Germans,1
1,11,28,2,Chinese,0
1,11,28,3,Russians,1
1,11,28,3,Italians,0
1,11,28,3,Germans,3
1,11,28,3,Chinese,0
1,11,28,4,Russians,2
1,11,28,4,Italians,0
1,11,28,4,Germans,3
1,11,28,4,Chinese,0
1,11,29,0,Russians,2
1,11,29,0,Italians,3
1,11,29,0,Germans,3
1,11,29,0,Chinese,2
1,11,29,1,Russians,2
1,11,29,1,Italians,0
1,11,29,1,Germans,3
1,11,29,1,Chinese,1
1,11,29,2,Russians,2
1,11,29,2,Italians,0
1,11,29,2,Germans,2
1,11,29,2,Chinese,2
1,11,29,3,Russians,2
1,11,29,3,Italians,0
1,11,29,3,Germans,1
1,11,29,3,Chinese,0
1,11,29,4,Russians,1
1,11,29,4,Italians,0
1,11,29,4,Germans,3
1,11,29,4,Chinese,0
1,11,30,0,Russians,1
1,11,30,0,Italians,3
1,11,30,0,Germans,4
1,11,30,0,Chinese,2
1,11,30,1,Russians,2
1,11,30,1,Italians,1
1,11,30,1,Germans,4
1,11,30,1,Chinese,2
1,11,30,2,Russians,2
1,11,30,2,Italians,1
1,11,30,2,Germans,3
1,11,30,2,Chinese,0
1,11,30,3,Russians,2
1,11,30,3,Italians,0
1,11,30,3,Germans,4
1,11,30,3,Chinese,0
1,11,30,4,Russians,3
1,11,30,4,Italians,0
1,11,30,4,Germans,4
1,11,30,4,Chinese,0
1,11,31,0,Russians,2
1,11,31,0,Italians,2
1,11,31,0,Germans,3
1,11,31,0,Chinese,2
1,11,31,1,Russians,2
1,11,31,1,Italians,2
1,11,31,1,Germans,3
1,11,31,1,Chinese,3
1,11,31,2,Russians,2
1,11,31,2,Italians,0
1,11,31,2,Germans,3
1,11,31,2,Chinese,2
1,11,31,3,Russians,2
1,11,31,3,Italians,0
1,11,31,3,Germans,2
1,11,31,3,Chinese,2
1,11,31,4,Russians,2
1,11,31,4,Italians,0
1,11,31,4,Germans,3
1,11,31,4,Chinese,2
1,11,32,0,Russians,2
1,11,32,0,Italians,3
1,11,32,0,Germans,3
1,11,32,0,Chinese,2
1,11,32,1,Russians,2
1,11,32,1,Italians,0
1,11,32,1,Germans,3
1,11,32,1,Chinese,1
1,11,32,2,Russians,2
1,11,32,2,Italians,0
1,11,32,2,Germans,2
1,11,32,2,Chinese,2
1,11,32,3,Russians,2
1,11,32,3,Italians,0
1,11,32,3,Germans,3
1,11,32,3,Chinese,0
1,11,32,4,Russians,2
1,11,32,4,Italians,0
1,11,32,4,Germans,3
1,11,32,4,Chinese,0
1,11,33,0,Russians,2
1,11,33,0,Italians,3
1,11,33,0,Germans,3
1,11,33,0,Chinese,2
1,11,33,1,Russians,2
1,11,33,1,Italians,1
1,11,33,1,Germans,3
1,11,33,1,Chinese,1
1,12,1,0,Russians,1
1,12,1,0,Italians,3
1,12,1,0,Germans,3
1,12,1,0,Chinese,2
1,12,1,1,Russians,1
1,12,1,1,Italians,1
1,12,1,1,Germans,2
1,12,1,1,Chinese,3
1,12,1,2,Russians,3
1,12,1,2,Italians,1
1,12,1,2,Germans,2
1,12,1,2,Chinese,1
1,12,1,3,Russians,2
1,12,1,3,Italians,1
1,12,1,3,Germans,3
1,12,1,3,Chinese,1
1,12,1,4,Russians,1
1,12,1,4,Italians,1
1,12,1,4,Germans,1
1,12,1,4,Chinese,2
1,12,2,0,Russians,1
1,12,2,0,Italians,2
1,12,2,0,Germans,4
1,12,2,0,Chinese,2
1,12,2,1,Russians,2
1,12,2,1,Italians,1
1,12,2,1,Germans,3
1,12,2,1,Chinese,3
1,12,2,2,Russians,2
1,12,2,2,Italians,2
1,12,2,2,Germans,2
1,12,2,2,Chinese,1
1,12,2,3,Russians,2
1,12,2,3,Italians,1
1,12,2,3,Germans,3
1,12,2,3,Chinese,1
1,12,2,4,Russians,0
1,12,2,4,Italians,1
1,12,2,4,Germans,1
1,12,2,4,Chinese,2
1,12,3,0,Russians,1
1,12,3,0,Italians,3
1,12,3,0,Germans,3
1,12,3,0,Chinese,2
1,12,3,1,Russians,2
1,12,3,1,Italians,2
1,12,3,1,Germans,3
1,12,3,1,Chinese,3
1,12,3,2,Russians,1
1,12,3,2,Italians,2
1,12,3,2,Germans,2
1,12,3,2,Chinese,2
1,12,3,3,Russians,1
1,12,3,3,Italians,1
1,12,3,3,Germans,3
1,12,3,3,Chinese,1
1,12,3,4,Russians,0
1,12,3,4,Italians,1
1,12,3,4,Germans,2
1,12,3,4,Chinese,3
1,12,4,0,Russians,1
1,12,4,0,Italians,3
1,12,4,0,Germans,4
1,12,4,0,Chinese,2
1,12,4,1,Russians,2
1,12,4,1,Italians,2
1,12,4,1,Germans,3
1,12,4,1,Chinese,3
1,12,4,2,Russians,3
1,12,4,2,Italians,3
1,12,4,2,Germans,2
1,12,4,2,Chinese,2
1,12,4,3,Russians,1
1,12,4,3,Italians,2
1,12,4,3,Germans,3
1,12,4,3,Chinese,2
1,12,4,4,Russians,1
1,12,4,4,Italians,1
1,12,4,4,Germans,1
1,12,4,4,Chinese,4
1,12,5,0,Russians,1
1,12,5,0,Italians,3
1,12,5,0,Germans,3
1,12,5,0,Chinese,2
1,12,5,1,Russians,1
1,12,5,1,Italians,2
1,12,5,1,Germans,2
1,12,5,1,Chinese,3
1,12,5,2,Russians,2
1,12,5,2,Italians,3
1,12,5,2,Germans,2
1,12,5,2,Chinese,1
1,12,5,3,Russians,1
1,12,5,3,Italians,2
1,12,5,3,Germans,3
1,12,5,3,Chinese,2
1,12,5,4,Russians,1
1,12,5,4,Italians,2
1,12,5,4,Germans,2
1,12,5,4,Chinese,2
1,12,6,0,Russians,1
1,12,6,0,Italians,3
1,12,6,0,Germans,4
1,12,6,0,Chinese,2
1,12,6,1,Russians,2
1,12,6,1,Italians,2
1,12,6,1,Germans,3
1,12,6,1,Chinese,3
1,12,6,2,Russians,1
1,12,6,2,Italians,2
1,12,6,2,Germans,1
1,12,6,2,Chinese,2
1,12,6,3,Russians,1
1,12,6,3,Italians,2
1,12,6,3,Germans,2
1,12,6,3,Chinese,2
1,12,6,4,Russians,1
1,12,6,4,Italians,2
1,12,6,4,Germans,1
1,12,6,4,Chinese,3
1,12,7,0,Russians,1
1,12,7,0,Italians,3
1,12,7,0,Germans,3
1,12,7,0,Chinese,2
1,12,7,1,Russians,2
1,12,7,1,Italians,1
1,12,7,1,Germans,2
1,12,7,1,Chinese,3
1,12,7,2,Russians,1
1,12,7,2,Italians,2
1,12,7,2,Germans,1
1,12,7,2,Chinese,2
1,12,7,3,Russians,1
1,12,7,3,Italians,2
1,12,7,3,Germans,3
1,12,7,3,Chinese,3
1,12,7,4,Russians,0
1,12,7,4,Italians,1
1,12,7,4,Germans,2
1,12,7,4,Chinese,4
1,12,8,0,Russians,2
1,12,8,0,Italians,1
1,12,8,0,Germans,4
1,12,8,0,Chinese,2
1,12,8,1,Russians,2
1,12,8,1,Italians,2
1,12,8,1,Germans,3
1,12,8,1,Chinese,3
1,12,8,2,Russians,2
1,12,8,2,Italians,2
1,12,8,2,Germans,2
1,12,8,2,Chinese,3
1,12,8,3,Russians,0
1,12,8,3,Italians,1
1,12,8,3,Germans,3
1,12,8,3,Chinese,4
1,12,8,4,Russians,0
1,12,8,4,Italians,2
1,12,8,4,Germans,2
1,12,8,4,Chinese,2
1,12,9,0,Russians,1
1,12,9,0,Italians,2
1,12,9,0,Germans,3
1,12,9,0,Chinese,2
1,12,9,1,Russians,2
1,12,9,1,Italians,2
1,12,9,1,Germans,3
1,12,9,1,Chinese,3
1,12,9,2,Russians,1
1,12,9,2,Italians,2
1,12,9,2,Germans,2
1,12,9,2,Chinese,2
1,12,9,3,Russians,1
1,12,9,3,Italians,2
1,12,9,3,Germans,3
1,12,9,3,Chinese,1
1,12,9,4,Russians,0
1,12,9,4,Italians,2
1,12,9,4,Germans,2
1,12,9,4,Chinese,3
1,12,10,0,Russians,1
1,12,10,0,Italians,2
1,12,10,0,Germans,4
1,12,10,0,Chinese,2
1,12,10,1,Russians,2
1,12,10,1,Italians,1
1,12,10,1,Germans,3
1,12,10,1,Chinese,3
1,12,10,2,Russians,2
1,12,10,2,Italians,1
1,12,10,2,Germans,1
1,12,10,2,Chinese,1
1,12,10,3,Russians,2
1,12,10,3,Italians,2
1,12,10,3,Germans,2
1,12,10,3,Chinese,1
1,12,10,4,Russians,0
1,12,10,4,Italians,2
1,12,10,4,Germans,1
1,12,10,4,Chinese,2
1,12,11,0,Russians,1
1,12,11,0,Italians,3
1,12,11,0,Germans,3
1,12,11,0,Chinese,2
1,12,11,1,Russians,2
1,12,11,1,Italians,1
1,12,11,1,Germans,2
1,12,11,1,Chinese,3
1,12,11,2,Russians,1
1,12,11,2,Italians,2
1,12,11,2,Germans,1
1,12,11,2,Chinese,2
1,12,11,3,Russians,1
1,12,11,3,Italians,2
1,12,11,3,Germans,3
1,12,11,3,Chinese,2
1,12,11,4,Russians,0
1,12,11,4,Italians,1
1,12,11,4,Germans,2
1,12,11,4,Chinese,4
1,12,12,0,Russians,1
1,12,12,0,Italians,3
1,12,12,0,Germans,4
1,12,12,0,Chinese,2
1,12,12,1,Russians,2
1,12,12,1,Italians,2
1,12,12,1,Germans,3
1,12,12,1,Chinese,3
1,12,12,2,Russians,2
1,12,12,2,Italians,3
1,12,12,2,Germans,2
1,12,12,2,Chinese,3
1,12,12,3,Russians,1
1,12,12,3,Italians,2
1,12,12,3,Germans,3
1,12,12,3,Chinese,3
1,12,12,4,Russians,0
1,12,12,4,Italians,2
1,12,12,4,Germans,2
1,12,12,4,Chinese,3
1,12,13,0,Russians,1
1,12,13,0,Italians,2
1,12,13,0,Germans,3
1,12,13,0,Chinese,2
1,12,13,1,Russians,2
1,12,13,1,Italians,2
1,12,13,1,Germans,3
1,12,13,1,Chinese,3
1,12,13,2,Russians,1
1,12,13,2,Italians,2
1,12,13,2,Germans,1
1,12,13,2,Chinese,2
1,12,13,3,Russians,1
1,12,13,3,Italians,2
1,12,13,3,Germans,3
1,12,13,3,Chinese,1
1,12,13,4,Russians,0
1,12,13,4,Italians,2
1,12,13,4,Germans,1
1,12,13,4,Chinese,2
1,12,14,0,Russians,1
1,12,14,0,Italians,4
1,12,14,0,Germans,4
1,12,14,0,Chinese,2
1,12,14,1,Russians,2
1,12,14,1,Italians,2
1,12,14,1,Germans,3
1,12,14,1,Chinese,3
1,12,14,2,Russians,1
1,12,14,2,Italians,2
1,12,14,2,Germans,1
1,12,14,2,Chinese,1
1,12,14,3,Russians,2
1,12,14,3,Italians,1
1,12,14,3,Germans,2
1,12,14,3,Chinese,2
1,12,14,4,Russians,1
1,12,14,4,Italians,2
1,12,14,4,Germans,1
1,12,14,4,Chinese,2
1,12,15,0,Russians,1
1,12,15,0,Italians,3
1,12,15,0,Germans,3
1,12,15,0,Chinese,2
1,12,15,1,Russians,1
1,12,15,1,Italians,1
1,12,15,1,Germans,2
1,12,15,1,Chinese,3
1,12,15,2,Russians,3
1,12,15,2,Italians,3
1,12,15,2,Germans,2
1,12,15,2,Chinese,2
1,12,15,3,Russians,2
1,12,15,3,Italians,2
1,12,15,3,Germans,3
1,12,15,3,Chinese,3
1,12,15,4,Russians,1
1,12,15,4,Italians,2
1,12,15,4,Germans,3
1,12,15,4,Chinese,1
1,12,16,0,Russians,1
1,12,16,0,Italians,2
1,12,16,0,Germans,4
1,12,16,0,Chinese,2
1,12,16,1,Russians,1
1,12,16,1,Italians,2
1,12,16,1,Germans,3
1,12,16,1,Chinese,3
1,12,16,2,Russians,2
1,12,16,2,Italians,3
1,12,16,2,Germans,2
1,12,16,2,Chinese,3
1,12,16,3,Russians,1
1,12,16,3,Italians,2
1,12,16,3,Germans,3
1,12,16,3,Chinese,3
1,12,16,4,Russians,1
1,12,16,4,Italians,2
1,12,16,4,Germans,2
1,12,16,4,Chinese,4
1,12,17,0,Russians,1
1,12,17,0,Italians,3
1,12,17,0,Germans,3
1,12,17,0,Chinese,2
1,12,17,1,Russians,1
1,12,17,1,Italians,1
1,12,17,1,Germans,2
1,12,17,1,Chinese,3
1,12,17,2,Russians,2
1,12,17,2,Italians,1
1,12,17,2,Germans,2
1,12,17,2,Chinese,1
1,12,17,3,Russians,2
1,12,17,3,Italians,1
1,12,17,3,Germans,3
1,12,17,3,Chinese,1
1,12,17,4,Russians,2
1,12,17,4,Italians,1
1,12,17,4,Germans,1
1,12,17,4,Chinese,2
1,12,18,0,Russians,1
1,12,18,0,Italians,3
1,12,18,0,Germans,4
1,12,18,0,Chinese,2
1,12,18,1,Russians,2
1,12,18,1,Italians,2
1,12,18,1,Germans,3
1,12,18,1,Chinese,3
1,12,18,2,Russians,3
1,12,18,2,Italians,3
1,12,18,2,Germans,2
1,12,18,2,Chinese,2
1,12,18,3,Russians,1
1,12,18,3,Italians,2
1,12,18,3,Germans,3
1,12,18,3,Chinese,2
1,12,18,4,Russians,1
1,12,18,4,Italians,1
1,12,18,4,Germans,1
1,12,18,4,Chinese,2
1,12,19,0,Russians,1
1,12,19,0,Italians,3
1,12,19,0,Germans,3
1,12,19,0,Chinese,2
1,12,19,1,Russians,2
1,12,19,1,Italians,1
1,12,19,1,Germans,2
1,12,19,1,Chinese,3
1,12,19,2,Russians,1
1,12,19,2,Italians,2
1,12,19,2,Germans,1
1,12,19,2,Chinese,2
1,12,19,3,Russians,1
1,12,19,3,Italians,2
1,12,19,3,Germans,3
1,12,19,3,Chinese,3
1,12,19,4,Russians,0
1,12,19,4,Italians,1
1,12,19,4,Germans,2
1,12,19,4,Chinese,4
1,12,20,0,Russians,1
1,12,20,0,Italians,4
1,12,20,0,Germans,5
1,12,20,0,Chinese,2
1,12,20,1,Russians,2
1,12,20,1,Italians,2
1,12,20,1,Germans,3
1,12,20,1,Chinese,3
1,12,20,2,Russians,1
1,12,20,2,Italians,2
1,12,20,2,Germans,2
1,12,20,2,Chinese,3
1,12,20,3,Russians,1
1,12,20,3,Italians,3
1,12,20,3,Germans,3
1,12,20,3,Chinese,2
1,12,20,4,Russians,2
1,12,20,4,Italians,2
1,12,20,4,Germans,2
1,12,20,4,Chinese,3
1,12,21,0,Russians,1
1,12,21,0,Italians,3
1,12,21,0,Germans,3
1,12,21,0,Chinese,2
1,12,21,1,Russians,1
1,12,21,1,Italians,2
1,12,21,1,Germans,3
1,12,21,1,Chinese,3
1,12,21,2,Russians,2
1,12,21,2,Italians,2
1,12,21,2,Germans,2
1,12,21,2,Chinese,1
1,12,21,3,Russians,1
1,12,21,3,Italians,2
1,12,21,3,Germans,3
1,12,21,3,Chinese,2
1,12,21,4,Russians,1
1,12,21,4,Italians,1
1,12,21,4,Germans,3
1,12,21,4,Chinese,3
1,12,22,0,Russians,2
1,12,22,0,Italians,1
1,12,22,0,Germans,4
1,12,22,0,Chinese,2
1,12,22,1,Russians,2
1,12,22,1,Italians,2
1,12,22,1,Germans,3
1,12,22,1,Chinese,3
1,12,22,2,Russians,2
1,12,22,2,Italians,3
1,12,22,2,Germans,2
1,12,22,2,Chinese,3
1,12,22,3,Russians,0
1,12,22,3,Italians,2
1,12,22,3,Germans,3
1,12,22,3,Chinese,4
1,12,22,4,Russians,0
1,12,22,4,Italians,2
1,12,22,4,Germans,2
1,12,22,4,Chinese,1
1,12,23,0,Russians,1
1,12,23,0,Italians,3
1,12,23,0,Germans,3
1,12,23,0,Chinese,2
1,12,23,1,Russians,1
1,12,23,1,Italians,1
1,12,23,1,Germans,2
1,12,23,1,Chinese,3
1,12,23,2,Russians,2
1,12,23,2,Italians,1
1,12,23,2,Germans,1
1,12,23,2,Chinese,1
1,12,23,3,Russians,2
1,12,23,3,Italians,2
1,12,23,3,Germans,3
1,12,23,3,Chinese,1
1,12,23,4,Russians,2
1,12,23,4,Italians,2
1,12,23,4,Germans,1
1,12,23,4,Chinese,1
1,12,24,0,Russians,1
1,12,24,0,Italians,3
1,12,24,0,Germans,4
1,12,24,0,Chinese,2
1,12,24,1,Russians,2
1,12,24,1,Italians,2
1,12,24,1,Germans,2
1,12,24,1,Chinese,3
1,12,24,2,Russians,2
1,12,24,2,Italians,3
1,12,24,2,Germans,3
1,12,24,2,Chinese,2
1,12,24,3,Russians,1
1,12,24,3,Italians,2
1,12,24,3,Germans,3
1,12,24,3,Chinese,2
1,12,24,4,Russians,0
1,12,24,4,Italians,2
1,12,24,4,Germans,2
1,12,24,4,Chinese,4
1,12,25,0,Russians,1
1,12,25,0,Italians,3
1,12,25,0,Germans,3
1,12,25,0,Chinese,2
1,12,25,1,Russians,2
1,12,25,1,Italians,1
1,12,25,1,Germans,2
1,12,25,1,Chinese,3
1,12,25,2,Russians,1
1,12,25,2,Italians,2
1,12,25,2,Germans,1
1,12,25,2,Chinese,2
1,12,25,3,Russians,1
1,12,25,3,Italians,2
1,12,25,3,Germans,3
1,12,25,3,Chinese,2
1,12,25,4,Russians,0
1,12,25,4,Italians,1
1,12,25,4,Germans,1
1,12,25,4,Chinese,4
1,12,26,0,Russians,1
1,12,26,0,Italians,3
1,12,26,0,Germans,5
1,12,26,0,Chinese,2
1,12,26,1,Russians,1
1,12,26,1,Italians,2
1,12,26,1,Germans,2
1,12,26,1,Chinese,3
1,12,26,2,Russians,1
1,12,26,2,Italians,3
1,12,26,2,Germans,2
1,12,26,2,Chinese,3
1,12,26,3,Russians,1
1,12,26,3,Italians,3
1,12,26,3,Germans,3
1,12,26,3,Chinese,2
1,12,26,4,Russians,1
1,12,26,4,Italians,2
1,12,26,4,Germans,2
1,12,26,4,Chinese,2
1,12,27,0,Russians,1
1,12,27,0,Italians,2
1,12,27,0,Germans,3
1,12,27,0,Chinese,2
1,12,27,1,Russians,1
1,12,27,1,Italians,1
1,12,27,1,Germans,2
1,12,27,1,Chinese,3
1,12,27,2,Russians,3
1,12,27,2,Italians,2
1,12,27,2,Germans,2
1,12,27,2,Chinese,2
1,12,27,3,Russians,1
1,12,27,3,Italians,2
1,12,27,3,Germans,3
1,12,27,3,Chinese,3
1,12,27,4,Russians,1
1,12,27,4,Italians,2
1,12,27,4,Germans,2
1,12,27,4,Chinese,3
1,12,28,0,Russians,1
1,12,28,0,Italians,1
1,12,28,0,Germans,4
1,12,28,0,Chinese,2
1,12,28,1,Russians,1
1,12,28,1,Italians,2
1,12,28,1,Germans,3
1,12,28,1,Chinese,3
1,12,28,2,Russians,2
1,12,28,2,Italians,3
1,12,28,2,Germans,2
1,12,28,2,Chinese,3
1,12,28,3,Russians,2
1,12,28,3,Italians,2
1,12,28,3,Germans,4
1,12,28,3,Chinese,3
1,12,28,4,Russians,0
1,12,28,4,Italians,2
1,12,28,4,Germans,3
1,12,28,4,Chinese,2
1,12,29,0,Russians,1
1,12,29,0,Italians,3
1,12,29,0,Germans,3
1,12,29,0,Chinese,2
1,12,29,1,Russians,1
1,12,29,1,Italians,1
1,12,29,1,Germans,2
1,12,29,1,Chinese,3
1,12,29,2,Russians,3
1,12,29,2,Italians,2
1,12,29,2,Germans,2
1,12,29,2,Chinese,1
1,12,29,3,Russians,2
1,12,29,3,Italians,1
1,12,29,3,Germans,3
1,12,29,3,Chinese,1
1,12,29,4,Russians,1
1,12,29,4,Italians,2
1,12,29,4,Germans,2
1,12,29,4,Chinese,2
1,12,30,0,Russians,1
1,12,30,0,Italians,3
1,12,30,0,Germans,3
1,12,30,0,Chinese,2
1,12,30,1,Russians,2
1,12,30,1,Italians,1
1,12,30,1,Germans,3
1,12,30,1,Chinese,3
1,12,30,2,Russians,1
1,12,30,2,Italians,0
1,12,30,2,Germans,2
1,12,30,2,Chinese,2
1,12,30,3,Russians,1
1,12,30,3,Italians,0
1,12,30,3,Germans,3
1,12,30,3,Chinese,2
1,12,30,4,Russians,0
1,12,30,4,Italians,0
1,12,30,4,Germans,2
1,12,30,4,Chinese,2
1,12,31,0,Russians,1
1,12,31,0,Italians,2
1,12,31,0,Germans,4
1,12,31,0,Chinese,2
1,12,31,1,Russians,2
1,12,31,1,Italians,2
1,12,31,1,Germans,2
1,12,31,1,Chinese,3
1,12,31,2,Russians,2
1,12,31,2,Italians,3
1,12,31,2,Germans,3
1,12,31,2,Chinese,2
1,12,31,3,Russians,1
1,12,31,3,Italians,2
1,12,31,3,Germans,3
1,12,31,3,Chinese,3
1,13,1,0,Russians,1
1,13,1,0,Italians,2
1,13,1,0,Germans,1
1,13,1,0,Chinese,2
1,13,1,1,Russians,2
1,13,1,1,Italians,3
1,13,1,1,Germans,4
1,13,1,1,Chinese,2
1,13,1,2,Russians,1
1,13,1,2,Italians,2
1,13,1,2,Germans,4
1,13,1,2,Chinese,2
1,13,1,3,Russians,1
1,13,1,3,Italians,2
1,13,1,3,Germans,3
1,13,1,3,Chinese,2
1,13,1,4,Russians,1
1,13,1,4,Italians,2
1,13,1,4,Germans,3
1,13,1,4,Chinese,1
1,13,2,0,Russians,1
1,13,2,0,Italians,1
1,13,2,0,Germans,1
1,13,2,0,Chinese,2
1,13,2,1,Russians,2
1,13,2,1,Italians,1
1,13,2,1,Germans,3
1,13,2,1,Chinese,2
1,13,2,2,Russians,2
1,13,2,2,Italians,2
1,13,2,2,Germans,4
1,13,2,2,Chinese,2
1,13,2,3,Russians,2
1,13,2,3,Italians,2
1,13,2,3,Germans,3
1,13,2,3,Chinese,2
1,13,2,4,Russians,2
1,13,2,4,Italians,2
1,13,2,4,Germans,2
1,13,2,4,Chinese,2
1,13,3,0,Russians,2
1,13,3,0,Italians,2
1,13,3,0,Germans,1
1,13,3,0,Chinese,2
1,13,3,1,Russians,2
1,13,3,1,Italians,2
1,13,3,1,Germans,4
1,13,3,1,Chinese,2
1,13,3,2,Russians,3
1,13,3,2,Italians,2
1,13,3,2,Germans,3
1,13,3,2,Chinese,2
1,13,3,3,Russians,1
1,13,3,3,Italians,2
1,13,3,3,Germans,2
1,13,3,3,Chinese,1
1,13,3,4,Russians,1
1,13,3,4,Italians,2
1,13,3,4,Germans,2
1,13,3,4,Chinese,2
1,13,4,0,Russians,1
1,13,4,0,Italians,2
1,13,4,0,Germans,1
1,13,4,0,Chinese,2
1,13,4,1,Russians,3
1,13,4,1,Italians,2
1,13,4,1,Germans,3
1,13,4,1,Chinese,3
1,13,4,2,Russians,2
1,13,4,2,Italians,2
1,13,4,2,Germans,2
1,13,4,2,Chinese,2
1,13,4,3,Russians,0
1,13,4,3,Italians,2
1,13,4,3,Germans,3
1,13,4,3,Chinese,2
1,13,4,4,Russians,0
1,13,4,4,Italians,1
1,13,4,4,Germans,2
1,13,4,4,Chinese,0
1,13,5,0,Russians,1
1,13,5,0,Italians,2
1,13,5,0,Germans,1
1,13,5,0,Chinese,2
1,13,5,1,Russians,3
1,13,5,1,Italians,2
1,13,5,1,Germans,3
1,13,5,1,Chinese,4
1,13,5,2,Russians,1
1,13,5,2,Italians,2
1,13,5,2,Germans,2
1,13,5,2,Chinese,2
1,13,5,3,Russians,0
1,13,5,3,Italians,2
1,13,5,3,Germans,3
1,13,5,3,Chinese,3
1,13,5,4,Russians,0
1,13,5,4,Italians,1
1,13,5,4,Germans,1
1,13,5,4,Chinese,3
1,13,6,0,Russians,2
1,13,6,0,Italians,1
1,13,6,0,Germans,1
1,13,6,0,Chinese,2
1,13,6,1,Russians,2
1,13,6,1,Italians,2
1,13,6,1,Germans,3
1,13,6,1,Chinese,2
1,13,6,2,Russians,2
1,13,6,2,Italians,2
1,13,6,2,Germans,2
1,13,6,2,Chinese,3
1,13,6,3,Russians,2
1,13,6,3,Italians,2
1,13,6,3,Germans,3
1,13,6,3,Chinese,2
1,13,6,4,Russians,1
1,13,6,4,Italians,1
1,13,6,4,Germans,1
1,13,6,4,Chinese,1
1,13,7,0,Russians,1
1,13,7,0,Italians,2
1,13,7,0,Germans,1
1,13,7,0,Chinese,2
1,13,7,1,Russians,3
1,13,7,1,Italians,2
1,13,7,1,Germans,3
1,13,7,1,Chinese,3
1,13,7,2,Russians,3
1,13,7,2,Italians,2
1,13,7,2,Germans,2
1,13,7,2,Chinese,2
1,13,7,3,Russians,1
1,13,7,3,Italians,2
1,13,7,3,Germans,2
1,13,7,3,Chinese,1
1,13,7,4,Russians,1
1,13,7,4,Italians,2
1,13,7,4,Germans,1
1,13,7,4,Chinese,1
1,13,8,0,Russians,2
1,13,8,0,Italians,3
1,13,8,0,Germans,2
1,13,8,0,Chinese,2
1,13,8,1,Russians,2
1,13,8,1,Italians,2
1,13,8,1,Germans,3
1,13,8,1,Chinese,3
1,13,8,2,Russians,2
1,13,8,2,Italians,2
1,13,8,2,Germans,1
1,13,8,2,Chinese,2
1,13,8,3,Russians,0
1,13,8,3,Italians,1
1,13,8,3,Germans,3
1,13,8,3,Chinese,2
1,13,8,4,Russians,0
1,13,8,4,Italians,0
1,13,8,4,Germans,3
1,13,8,4,Chinese,3
1,13,9,0,Russians,1
1,13,9,0,Italians,3
1,13,9,0,Germans,2
1,13,9,0,Chinese,2
1,13,9,1,Russians,2
1,13,9,1,Italians,3
1,13,9,1,Germans,3
1,13,9,1,Chinese,3
1,13,9,2,Russians,1
1,13,9,2,Italians,1
1,13,9,2,Germans,3
1,13,9,2,Chinese,3
1,13,9,3,Russians,1
1,13,9,3,Italians,0
1,13,9,3,Germans,4
1,13,9,3,Chinese,2
1,13,9,4,Russians,0
1,13,9,4,Italians,0
1,13,9,4,Germans,3
1,13,9,4,Chinese,2
1,13,10,0,Russians,0
1,13,10,0,Italians,3
1,13,10,0,Germans,2
1,13,10,0,Chinese,2
1,13,10,1,Russians,2
1,13,10,1,Italians,3
1,13,10,1,Germans,3
1,13,10,1,Chinese,2
1,13,10,2,Russians,2
1,13,10,2,Italians,2
1,13,10,2,Germans,3
1,13,10,2,Chinese,2
1,13,10,3,Russians,1
1,13,10,3,Italians,2
1,13,10,3,Germans,3
1,13,10,3,Chinese,1
1,13,10,4,Russians,1
1,13,10,4,Italians,2
1,13,10,4,Germans,2
1,13,10,4,Chinese,1
1,13,11,0,Russians,0
1,13,11,0,Italians,4
1,13,11,0,Germans,3
1,13,11,0,Chinese,2
1,13,11,1,Russians,2
1,13,11,1,Italians,2
1,13,11,1,Germans,3
1,13,11,1,Chinese,3
1,13,11,2,Russians,2
1,13,11,2,Italians,1
1,13,11,2,Germans,4
1,13,11,2,Chinese,2
1,13,11,3,Russians,0
1,13,11,3,Italians,1
1,13,11,3,Germans,2
1,13,11,3,Chinese,2
1,13,11,4,Russians,0
1,13,11,4,Italians,1
1,13,11,4,Germans,3
1,13,11,4,Chinese,2
1,13,12,0,Russians,2
1,13,12,0,Italians,3
1,13,12,0,Germans,2
1,13,12,0,Chinese,2
1,13,12,1,Russians,2
1,13,12,1,Italians,2
1,13,12,1,Germans,3
1,13,12,1,Chinese,2
1,13,12,2,Russians,2
1,13,12,2,Italians,1
1,13,12,2,Germans,4
1,13,12,2,Chinese,2
1,13,12,3,Russians,1
1,13,12,3,Italians,1
1,13,12,3,Germans,3
1,13,12,3,Chinese,2
1,13,12,4,Russians,1
1,13,12,4,Italians,1
1,13,12,4,Germans,5
1,13,12,4,Chinese,1
1,13,13,0,Russians,1
1,13,13,0,Italians,1
1,13,13,0,Germans,1
1,13,13,0,Chinese,2
1,13,13,1,Russians,3
1,13,13,1,Italians,3
1,13,13,1,Germans,3
1,13,13,1,Chinese,3
1,13,13,2,Russians,2
1,13,13,2,Italians,3
1,13,13,2,Germans,3
1,13,13,2,Chinese,2
1,13,13,3,Russians,1
1,13,13,3,Italians,2
1,13,13,3,Germans,2
1,13,13,3,Chinese,2
1,13,13,4,Russians,0
1,13,13,4,Italians,2
1,13,13,4,Germans,3
1,13,13,4,Chinese,0
1,13,14,0,Russians,1
1,13,14,0,Italians,3
1,13,14,0,Germans,2
1,13,14,0,Chinese,2
1,13,14,1,Russians,3
1,13,14,1,Italians,1
1,13,14,1,Germans,3
1,13,14,1,Chinese,5
1,13,14,2,Russians,2
1,13,14,2,Italians,1
1,13,14,2,Germans,2
1,13,14,2,Chinese,3
1,13,14,3,Russians,0
1,13,14,3,Italians,1
1,13,14,3,Germans,3
1,13,14,3,Chinese,2
1,13,14,4,Russians,0
1,13,14,4,Italians,1
1,13,14,4,Germans,0
1,13,14,4,Chinese,3
1,13,15,0,Russians,2
1,13,15,0,Italians,2
1,13,15,0,Germans,1
1,13,15,0,Chinese,2
1,13,15,1,Russians,3
1,13,15,1,Italians,3
1,13,15,1,Germans,3
1,13,15,1,Chinese,3
1,13,15,2,Russians,1
1,13,15,2,Italians,2
1,13,15,2,Germans,3
1,13,15,2,Chinese,2
1,13,15,3,Russians,1
1,13,15,3,Italians,2
1,13,15,3,Germans,3
1,13,15,3,Chinese,1
1,13,15,4,Russians,0
1,13,15,4,Italians,1
1,13,15,4,Germans,4
1,13,15,4,Chinese,1
1,13,16,0,Russians,1
1,13,16,0,Italians,3
1,13,16,0,Germans,2
1,13,16,0,Chinese,2
1,13,16,1,Russians,1
1,13,16,1,Italians,3
1,13,16,1,Germans,3
1,13,16,1,Chinese,2
1,13,16,2,Russians,1
1,13,16,2,Italians,1
1,13,16,2,Germans,3
1,13,16,2,Chinese,2
1,13,16,3,Russians,1
1,13,16,3,Italians,1
1,13,16,3,Germans,3
1,13,16,3,Chinese,1
1,13,16,4,Russians,2
1,13,16,4,Italians,1
1,13,16,4,Germans,2
1,13,16,4,Chinese,2
1,13,17,0,Russians,1
1,13,17,0,Italians,2
1,13,17,0,Germans,1
1,13,17,0,Chinese,2
1,13,17,1,Russians,2
1,13,17,1,Italians,3
1,13,17,1,Germans,3
1,13,17,1,Chinese,2
1,13,17,2,Russians,1
1,13,17,2,Italians,2
1,13,17,2,Germans,4
1,13,17,2,Chinese,2
1,13,17,3,Russians,1
1,13,17,3,Italians,2
1,13,17,3,Germans,4
1,13,17,3,Chinese,2
1,13,17,4,Russians,1
1,13,17,4,Italians,2
1,13,17,4,Germans,4
1,13,17,4,Chinese,1
1,13,18,0,Russians,2
1,13,18,0,Italians,1
1,13,18,0,Germans,1
1,13,18,0,Chinese,2
1,13,18,1,Russians,2
1,13,18,1,Italians,2
1,13,18,1,Germans,3
1,13,18,1,Chinese,2
1,13,18,2,Russians,2
1,13,18,2,Italians,3
1,13,18,2,Germans,3
1,13,18,2,Chinese,2
1,13,18,3,Russians,2
1,13,18,3,Italians,2
1,13,18,3,Germans,2
1,13,18,3,Chinese,2
1,13,18,4,Russians,2
1,13,18,4,Italians,3
1,13,18,4,Germans,3
1,13,18,4,Chinese,2
1,13,19,0,Russians,1
1,13,19,0,Italians,1
1,13,19,0,Germans,1
1,13,19,0,Chinese,2
1,13,19,1,Russians,3
1,13,19,1,Italians,2
1,13,19,1,Germans,3
1,13,19,1,Chinese,3
1,13,19,2,Russians,3
1,13,19,2,Italians,2
1,13,19,2,Germans,3
1,13,19,2,Chinese,2
1,13,19,3,Russians,0
1,13,19,3,Italians,2
1,13,19,3,Germans,1
1,13,19,3,Chinese,2
1,13,19,4,Russians,0
1,13,19,4,Italians,2
1,13,19,4,Germans,2
1,13,19,4,Chinese,2
1,13,20,0,Russians,1
1,13,20,0,Italians,2
1,13,20,0,Germans,1
1,13,20,0,Chinese,2
1,13,20,1,Russians,3
1,13,20,1,Italians,1
1,13,20,1,Germans,3
1,13,20,1,Chinese,4
1,13,20,2,Russians,3
1,13,20,2,Italians,2
1,13,20,2,Germans,2
1,13,20,2,Chinese,2
1,13,20,3,Russians,0
1,13,20,3,Italians,2
1,13,20,3,Germans,2
1,13,20,3,Chinese,3
1,13,20,4,Russians,0
1,13,20,4,Italians,2
1,13,20,4,Germans,1
1,13,20,4,Chinese,3
1,13,21,0,Russians,1
1,13,21,0,Italians,2
1,13,21,0,Germans,2
1,13,21,0,Chinese,2
1,13,21,1,Russians,2
1,13,21,1,Italians,1
1,13,21,1,Germans,2
1,13,21,1,Chinese,3
1,13,21,2,Russians,2
1,13,21,2,Italians,2
1,13,21,2,Germans,4
1,13,21,2,Chinese,3
1,13,21,3,Russians,0
1,13,21,3,Italians,2
1,13,21,3,Germans,3
1,13,21,3,Chinese,2
1,13,21,4,Russians,0
1,13,21,4,Italians,2
1,13,21,4,Germans,1
1,13,21,4,Chinese,3
1,13,22,0,Russians,1
1,13,22,0,Italians,3
1,13,22,0,Germans,2
1,13,22,0,Chinese,2
1,13,22,1,Russians,1
1,13,22,1,Italians,3
1,13,22,1,Germans,4
1,13,22,1,Chinese,2
1,13,22,2,Russians,1
1,13,22,2,Italians,1
1,13,22,2,Germans,4
1,13,22,2,Chinese,2
1,13,22,3,Russians,1
1,13,22,3,Italians,1
1,13,22,3,Germans,3
1,13,22,3,Chinese,2
1,13,22,4,Russians,1
1,13,22,4,Italians,0
1,13,22,4,Germans,2
1,13,22,4,Chinese,1
1,13,23,0,Russians,1
1,13,23,0,Italians,1
1,13,23,0,Germans,1
1,13,23,0,Chinese,2
1,13,23,1,Russians,2
1,13,23,1,Italians,1
1,13,23,1,Germans,3
1,13,23,1,Chinese,2
1,13,23,2,Russians,2
1,13,23,2,Italians,2
1,13,23,2,Germans,4
1,13,23,2,Chinese,3
1,13,23,3,Russians,1
1,13,23,3,Italians,2
1,13,23,3,Germans,3
1,13,23,3,Chinese,1
1,13,23,4,Russians,1
1,13,23,4,Italians,2
1,13,23,4,Germans,1
1,13,23,4,Chinese,1
1,13,24,0,Russians,2
1,13,24,0,Italians,1
1,13,24,0,Germans,1
1,13,24,0,Chinese,2
1,13,24,1,Russians,3
1,13,24,1,Italians,2
1,13,24,1,Germans,3
1,13,24,1,Chinese,3
1,13,24,2,Russians,2
1,13,24,2,Italians,1
1,13,24,2,Germans,3
1,13,24,2,Chinese,3
1,13,24,3,Russians,0
1,13,24,3,Italians,2
1,13,24,3,Germans,3
1,13,24,3,Chinese,3
1,13,24,4,Russians,0
1,13,24,4,Italians,2
1,13,24,4,Germans,3
1,13,24,4,Chinese,1
1,13,25,0,Russians,1
1,13,25,0,Italians,1
1,13,25,0,Germans,1
1,13,25,0,Chinese,2
1,13,25,1,Russians,3
1,13,25,1,Italians,3
1,13,25,1,Germans,3
1,13,25,1,Chinese,3
1,13,25,2,Russians,2
1,13,25,2,Italians,3
1,13,25,2,Germans,3
1,13,25,2,Chinese,2
1,13,25,3,Russians,2
1,13,25,3,Italians,2
1,13,25,3,Germans,2
1,13,25,3,Chinese,3
1,13,25,4,Russians,0
1,13,25,4,Italians,2
1,13,25,4,Germans,2
1,13,25,4,Chinese,1
1,13,26,0,Russians,1
1,13,26,0,Italians,3
1,13,26,0,Germans,2
1,13,26,0,Chinese,2
1,13,26,1,Russians,3
1,13,26,1,Italians,2
1,13,26,1,Germans,3
1,13,26,1,Chinese,4
1,13,26,2,Russians,1
1,13,26,2,Italians,1
1,13,26,2,Germans,1
1,13,26,2,Chinese,3
1,13,26,3,Russians,0
1,13,26,3,Italians,0
1,13,26,3,Germans,3
1,13,26,3,Chinese,3
1,13,26,4,Russians,0
1,13,26,4,Italians,0
1,13,26,4,Germans,2
1,13,26,4,Chinese,3
1,13,27,0,Russians,2
1,13,27,0,Italians,1
1,13,27,0,Germans,1
1,13,27,0,Chinese,2
1,13,27,1,Russians,3
1,13,27,1,Italians,3
1,13,27,1,Germans,3
1,13,27,1,Chinese,3
1,13,27,2,Russians,1
1,13,27,2,Italians,3
1,13,27,2,Germans,3
1,13,27,2,Chinese,3
1,13,27,3,Russians,0
1,13,27,3,Italians,2
1,13,27,3,Germans,2
1,13,27,3,Chinese,3
1,13,27,4,Russians,0
1,13,27,4,Italians,2
1,13,27,4,Germans,2
1,13,27,4,Chinese,2
1,13,28,0,Russians,0
1,13,28,0,Italians,3
1,13,28,0,Germans,2
1,13,28,0,Chinese,2
1,13,28,1,Russians,2
1,13,28,1,Italians,2
1,13,28,1,Germans,3
1,13,28,1,Chinese,2
1,13,28,2,Russians,2
1,13,28,2,Italians,2
1,13,28,2,Germans,4
1,13,28,2,Chinese,2
1,13,28,3,Russians,1
1,13,28,3,Italians,2
1,13,28,3,Germans,2
1,13,28,3,Chinese,1
1,13,28,4,Russians,1
1,13,28,4,Italians,2
1,13,28,4,Germans,4
1,13,28,4,Chinese,1
1,13,29,0,Russians,0
1,13,29,0,Italians,3
1,13,29,0,Germans,2
1,13,29,0,Chinese,2
1,13,29,1,Russians,2
1,13,29,1,Italians,3
1,13,29,1,Germans,3
1,13,29,1,Chinese,2
1,13,29,2,Russians,1
1,13,29,2,Italians,2
1,13,29,2,Germans,4
1,13,29,2,Chinese,2
1,13,29,3,Russians,0
1,13,29,3,Italians,2
1,13,29,3,Germans,3
1,13,29,3,Chinese,1
1,13,29,4,Russians,0
1,13,29,4,Italians,2
1,13,29,4,Germans,3
1,13,29,4,Chinese,1
1,13,30,0,Russians,1
1,13,30,0,Italians,4
1,13,30,0,Germans,3
1,13,30,0,Chinese,2
1,13,30,1,Russians,2
1,13,30,1,Italians,2
1,13,30,1,Germans,4
1,13,30,1,Chinese,3
1,13,30,2,Russians,1
1,13,30,2,Italians,1
1,13,30,2,Germans,3
1,13,30,2,Chinese,2
1,13,30,3,Russians,0
1,13,30,3,Italians,1
1,13,30,3,Germans,3
1,13,30,3,Chinese,2
1,13,30,4,Russians,0
1,13,30,4,Italians,1
1,13,30,4,Germans,3
1,13,30,4,Chinese,2
1,13,31,0,Russians,1
1,13,31,0,Italians,2
1,13,31,0,Germans,1
1,13,31,0,Chinese,2
1,14,1,0,Russians,3
1,14,1,0,Italians,3
1,14,1,0,Germans,2
1,14,1,0,Chinese,2
1,14,1,1,Russians,1
1,14,1,1,Italians,2
1,14,1,1,Germans,3
1,14,1,1,Chinese,3
1,14,1,2,Russians,1
1,14,1,2,Italians,2
1,14,1,2,Germans,3
1,14,1,2,Chinese,1
1,14,1,3,Russians,1
1,14,1,3,Italians,2
1,14,1,3,Germans,3
1,14,1,3,Chinese,2
1,14,1,4,Russians,0
1,14,1,4,Italians,2
1,14,1,4,Germans,3
1,14,1,4,Chinese,3
1,14,2,0,Russians,3
1,14,2,0,Italians,3
1,14,2,0,Germans,2
1,14,2,0,Chinese,2
1,14,2,1,Russians,1
1,14,2,1,Italians,2
1,14,2,1,Germans,3
1,14,2,1,Chinese,4
1,14,2,2,Russians,1
1,14,2,2,Italians,3
1,14,2,2,Germans,2
1,14,2,2,Chinese,1
1,14,2,3,Russians,0
1,14,2,3,Italians,2
1,14,2,3,Germans,3
1,14,2,3,Chinese,3
1,14,2,4,Russians,0
1,14,2,4,Italians,1
1,14,2,4,Germans,2
1,14,2,4,Chinese,3
1,14,3,0,Russians,2
1,14,3,0,Italians,3
1,14,3,0,Germans,2
1,14,3,0,Chinese,2
1,14,3,1,Russians,1
1,14,3,1,Italians,2
1,14,3,1,Germans,3
1,14,3,1,Chinese,4
1,14,3,2,Russians,1
1,14,3,2,Italians,2
1,14,3,2,Germans,3
1,14,3,2,Chinese,2
1,14,3,3,Russians,0
1,14,3,3,Italians,0
1,14,3,3,Germans,3
1,14,3,3,Chinese,3
1,14,3,4,Russians,0
1,14,3,4,Italians,1
1,14,3,4,Germans,2
1,14,3,4,Chinese,3
1,14,4,0,Russians,2
1,14,4,0,Italians,3
1,14,4,0,Germans,2
1,14,4,0,Chinese,2
1,14,4,1,Russians,1
1,14,4,1,Italians,2
1,14,4,1,Germans,3
1,14,4,1,Chinese,4
1,14,4,2,Russians,1
1,14,4,2,Italians,1
1,14,4,2,Germans,3
1,14,4,2,Chinese,3
1,14,4,3,Russians,0
1,14,4,3,Italians,2
1,14,4,3,Germans,2
1,14,4,3,Chinese,4
1,14,4,4,Russians,0
1,14,4,4,Italians,0
1,14,4,4,Germans,1
1,14,4,4,Chinese,3
1,14,5,0,Russians,3
1,14,5,0,Italians,3
1,14,5,0,Germans,2
1,14,5,0,Chinese,2
1,14,5,1,Russians,1
1,14,5,1,Italians,2
1,14,5,1,Germans,3
1,14,5,1,Chinese,3
1,14,5,2,Russians,1
1,14,5,2,Italians,2
1,14,5,2,Germans,3
1,14,5,2,Chinese,3
1,14,5,3,Russians,0
1,14,5,3,Italians,1
1,14,5,3,Germans,3
1,14,5,3,Chinese,3
1,14,5,4,Russians,0
1,14,5,4,Italians,1
1,14,5,4,Germans,2
1,14,5,4,Chinese,4
1,14,6,0,Russians,3
1,14,6,0,Italians,3
1,14,6,0,Germans,2
1,14,6,0,Chinese,2
1,14,6,1,Russians,1
1,14,6,1,Italians,2
1,14,6,1,Germans,3
1,14,6,1,Chinese,3
1,14,6,2,Russians,1
1,14,6,2,Italians,3
1,14,6,2,Germans,1
1,14,6,2,Chinese,1
1,14,6,3,Russians,0
1,14,6,3,Italians,2
1,14,6,3,Germans,3
1,14,6,3,Chinese,3
1,14,6,4,Russians,0
1,14,6,4,Italians,1
1,14,6,4,Germans,2
1,14,6,4,Chinese,3
1,14,7,0,Russians,2
1,14,7,0,Italians,2
1,14,7,0,Germans,2
1,14,7,0,Chinese,2
1,14,7,1,Russians,2
1,14,7,1,Italians,2
1,14,7,1,Germans,3
1,14,7,1,Chinese,3
1,14,7,2,Russians,1
1,14,7,2,Italians,1
1,14,7,2,Germans,2
1,14,7,2,Chinese,3
1,14,7,3,Russians,1
1,14,7,3,Italians,1
1,14,7,3,Germans,2
1,14,7,3,Chinese,3
1,14,7,4,Russians,0
1,14,7,4,Italians,1
1,14,7,4,Germans,2
1,14,7,4,Chinese,2
1,14,8,0,Russians,2
1,14,8,0,Italians,2
1,14,8,0,Germans,2
1,14,8,0,Chinese,2
1,14,8,1,Russians,1
1,14,8,1,Italians,2
1,14,8,1,Germans,3
1,14,8,1,Chinese,3
1,14,8,2,Russians,1
1,14,8,2,Italians,3
1,14,8,2,Germans,1
1,14,8,2,Chinese,2
1,14,8,3,Russians,1
1,14,8,3,Italians,1
1,14,8,3,Germans,2
1,14,8,3,Chinese,4
1,14,8,4,Russians,1
1,14,8,4,Italians,1
1,14,8,4,Germans,2
1,14,8,4,Chinese,3
1,14,9,0,Russians,3
1,14,9,0,Italians,1
1,14,9,0,Germans,2
1,14,9,0,Chinese,2
1,14,9,1,Russians,2
1,14,9,1,Italians,2
1,14,9,1,Germans,3
1,14,9,1,Chinese,3
1,14,9,2,Russians,1
1,14,9,2,Italians,2
1,14,9,2,Germans,2
1,14,9,2,Chinese,2
1,14,9,3,Russians,1
1,14,9,3,Italians,1
1,14,9,3,Germans,2
1,14,9,3,Chinese,4
1,14,9,4,Russians,1
1,14,9,4,Italians,1
1,14,9,4,Germans,3
1,14,9,4,Chinese,3
1,14,10,0,Russians,3
1,14,10,0,Italians,2
1,14,10,0,Germans,2
1,14,10,0,Chinese,2
1,14,10,1,Russians,1
1,14,10,1,Italians,2
1,14,10,1,Germans,3
1,14,10,1,Chinese,4
1,14,10,2,Russians,1
1,14,10,2,Italians,2
1,14,10,2,Germans,1
1,14,10,2,Chinese,2
1,14,10,3,Russians,1
1,14,10,3,Italians,0
1,14,10,3,Germans,2
1,14,10,3,Chinese,4
1,14,10,4,Russians,1
1,14,10,4,Italians,0
1,14,10,4,Germans,2
1,14,10,4,Chinese,2
1,14,11,0,Russians,2
1,14,11,0,Italians,2
1,14,11,0,Germans,2
1,14,11,0,Chinese,2
1,14,11,1,Russians,2
1,14,11,1,Italians,1
1,14,11,1,Germans,3
1,14,11,1,Chinese,5
1,14,11,2,Russians,1
1,14,11,2,Italians,2
1,14,11,2,Germans,2
1,14,11,2,Chinese,2
1,14,11,3,Russians,1
1,14,11,3,Italians,2
1,14,11,3,Germans,2
1,14,11,3,Chinese,2
1,14,11,4,Russians,0
1,14,11,4,Italians,2
1,14,11,4,Germans,2
1,14,11,4,Chinese,3
1,14,12,0,Russians,2
1,14,12,0,Italians,3
1,14,12,0,Germans,2
1,14,12,0,Chinese,2
1,14,12,1,Russians,1
1,14,12,1,Italians,2
1,14,12,1,Germans,3
1,14,12,1,Chinese,3
1,14,12,2,Russians,1
1,14,12,2,Italians,3
1,14,12,2,Germans,2
1,14,12,2,Chinese,1
1,14,12,3,Russians,1
1,14,12,3,Italians,2
1,14,12,3,Germans,2
1,14,12,3,Chinese,3
1,14,12,4,Russians,0
1,14,12,4,Italians,2
1,14,12,4,Germans,2
1,14,12,4,Chinese,2
1,14,13,0,Russians,3
1,14,13,0,Italians,2
1,14,13,0,Germans,2
1,14,13,0,Chinese,2
1,14,13,1,Russians,2
1,14,13,1,Italians,2
1,14,13,1,Germans,3
1,14,13,1,Chinese,3
1,14,13,2,Russians,1
1,14,13,2,Italians,2
1,14,13,2,Germans,3
1,14,13,2,Chinese,2
1,14,13,3,Russians,1
1,14,13,3,Italians,1
1,14,13,3,Germans,2
1,14,13,3,Chinese,3
1,14,13,4,Russians,0
1,14,13,4,Italians,1
1,14,13,4,Germans,2
1,14,13,4,Chinese,2
1,14,14,0,Russians,3
1,14,14,0,Italians,3
1,14,14,0,Germans,2
1,14,14,0,Chinese,2
1,14,14,1,Russians,1
1,14,14,1,Italians,2
1,14,14,1,Germans,3
1,14,14,1,Chinese,4
1,14,14,2,Russians,1
1,14,14,2,Italians,2
1,14,14,2,Germans,1
1,14,14,2,Chinese,1
1,14,14,3,Russians,0
1,14,14,3,Italians,1
1,14,14,3,Germans,2
1,14,14,3,Chinese,3
1,14,14,4,Russians,0
1,14,14,4,Italians,1
1,14,14,4,Germans,2
1,14,14,4,Chinese,3
1,14,15,0,Russians,2
1,14,15,0,Italians,1
1,14,15,0,Germans,2
1,14,15,0,Chinese,2
1,14,15,1,Russians,2
1,14,15,1,Italians,2
1,14,15,1,Germans,3
1,14,15,1,Chinese,5
1,14,15,2,Russians,1
1,14,15,2,Italians,2
1,14,15,2,Germans,2
1,14,15,2,Chinese,2
1,14,15,3,Russians,1
1,14,15,3,Italians,1
1,14,15,3,Germans,3
1,14,15,3,Chinese,3
1,14,15,4,Russians,1
1,14,15,4,Italians,1
1,14,15,4,Germans,2
1,14,15,4,Chinese,1
1,14,16,0,Russians,2
1,14,16,0,Italians,2
1,14,16,0,Germans,2
1,14,16,0,Chinese,2
1,14,16,1,Russians,1
1,14,16,1,Italians,2
1,14,16,1,Germans,3
1,14,16,1,Chinese,3
1,14,16,2,Russians,1
1,14,16,2,Italians,3
1,14,16,2,Germans,2
1,14,16,2,Chinese,2
1,14,16,3,Russians,1
1,14,16,3,Italians,0
1,14,16,3,Germans,3
1,14,16,3,Chinese,3
1,14,16,4,Russians,1
1,14,16,4,Italians,0
1,14,16,4,Germans,2
1,14,16,4,Chinese,3
1,14,17,0,Russians,3
1,14,17,0,Italians,2
1,14,17,0,Germans,2
1,14,17,0,Chinese,2
1,14,17,1,Russians,1
1,14,17,1,Italians,2
1,14,17,1,Germans,3
1,14,17,1,Chinese,3
1,14,17,2,Russians,1
1,14,17,2,Italians,2
1,14,17,2,Germans,2
1,14,17,2,Chinese,1
1,14,17,3,Russians,1
1,14,17,3,Italians,1
1,14,17,3,Germans,3
1,14,17,3,Chinese,3
1,14,17,4,Russians,1
1,14,17,4,Italians,1
1,14,17,4,Germans,2
1,14,17,4,Chinese,2
1,14,18,0,Russians,3
1,14,18,0,Italians,2
1,14,18,0,Germans,2
1,14,18,0,Chinese,2
1,14,18,1,Russians,1
1,14,18,1,Italians,2
1,14,18,1,Germans,3
1,14,18,1,Chinese,3
1,14,18,2,Russians,1
1,14,18,2,Italians,3
1,14,18,2,Germans,2
1,14,18,2,Chinese,2
1,14,18,3,Russians,1
1,14,18,3,Italians,1
1,14,18,3,Germans,3
1,14,18,3,Chinese,3
1,14,18,4,Russians,1
1,14,18,4,Italians,1
1,14,18,4,Germans,2
1,14,18,4,Chinese,3
1,14,19,0,Russians,2
1,14,19,0,Italians,3
1,14,19,0,Germans,2
1,14,19,0,Chinese,2
1,14,19,1,Russians,2
1,14,19,1,Italians,2
1,14,19,1,Germans,3
1,14,19,1,Chinese,5
1,14,19,2,Russians,1
1,14,19,2,Italians,1
1,14,19,2,Germans,3
1,14,19,2,Chinese,3
1,14,19,3,Russians,1
1,14,19,3,Italians,1
1,14,19,3,Germans,2
1,14,19,3,Chinese,1
1,14,19,4,Russians,0
1,14,19,4,Italians,1
1,14,19,4,Germans,1
1,14,19,4,Chinese,3
1,14,20,0,Russians,2
1,14,20,0,Italians,3
1,14,20,0,Germans,2
1,14,20,0,Chinese,2
1,14,20,1,Russians,1
1,14,20,1,Italians,2
1,14,20,1,Germans,3
1,14,20,1,Chinese,3
1,14,20,2,Russians,1
1,14,20,2,Italians,2
1,14,20,2,Germans,1
1,14,20,2,Chinese,2
1,14,20,3,Russians,0
1,14,20,3,Italians,1
1,14,20,3,Germans,3
1,14,20,3,Chinese,3
1,14,20,4,Russians,0
1,14,20,4,Italians,1
1,14,20,4,Germans,0
1,14,20,4,Chinese,4
1,14,21,0,Russians,3
1,14,21,0,Italians,2
1,14,21,0,Germans,2
1,14,21,0,Chinese,2
1,14,21,1,Russians,2
1,14,21,1,Italians,2
1,14,21,1,Germans,3
1,14,21,1,Chinese,3
1,14,21,2,Russians,1
1,14,21,2,Italians,2
1,14,21,2,Germans,3
1,14,21,2,Chinese,1
1,14,21,3,Russians,1
1,14,21,3,Italians,1
1,14,21,3,Germans,2
1,14,21,3,Chinese,4
1,14,21,4,Russians,0
1,14,21,4,Italians,1
1,14,21,4,Germans,2
1,14,21,4,Chinese,4
1,14,22,0,Russians,3
1,14,22,0,Italians,3
1,14,22,0,Germans,2
1,14,22,0,Chinese,2
1,14,22,1,Russians,1
1,14,22,1,Italians,2
1,14,22,1,Germans,3
1,14,22,1,Chinese,4
1,14,22,2,Russians,1
1,14,22,2,Italians,1
1,14,22,2,Germans,3
1,14,22,2,Chinese,3
1,14,22,3,Russians,0
1,14,22,3,Italians,2
1,14,22,3,Germans,2
1,14,22,3,Chinese,4
1,14,22,4,Russians,0
1,14,22,4,Italians,0
1,14,22,4,Germans,1
1,14,22,4,Chinese,3
1,14,23,0,Russians,2
1,14,23,0,Italians,1
1,14,23,0,Germans,2
1,14,23,0,Chinese,2
1,14,23,1,Russians,2
1,14,23,1,Italians,2
1,14,23,1,Germans,3
1,14,23,1,Chinese,3
1,14,23,2,Russians,1
1,14,23,2,Italians,2
1,14,23,2,Germans,2
1,14,23,2,Chinese,3
1,14,23,3,Russians,1
1,14,23,3,Italians,1
1,14,23,3,Germans,2
1,14,23,3,Chinese,2
1,14,23,4,Russians,1
1,14,23,4,Italians,1
1,14,23,4,Germans,2
1,14,23,4,Chinese,2
1,14,24,0,Russians,2
1,14,24,0,Italians,2
1,14,24,0,Germans,2
1,14,24,0,Chinese,2
1,14,24,1,Russians,1
1,14,24,1,Italians,2
1,14,24,1,Germans,3
1,14,24,1,Chinese,3
1,14,24,2,Russians,1
1,14,24,2,Italians,3
1,14,24,2,Germans,3
1,14,24,2,Chinese,1
1,14,24,3,Russians,1
1,14,24,3,Italians,2
1,14,24,3,Germans,1
1,14,24,3,Chinese,2
1,14,24,4,Russians,1
1,14,24,4,Italians,1
1,14,24,4,Germans,2
1,14,24,4,Chinese,4
1,14,25,0,Russians,3
1,14,25,0,Italians,1
1,14,25,0,Germans,2
1,14,25,0,Chinese,2
1,14,25,1,Russians,2
1,14,25,1,Italians,1
1,14,25,1,Germans,3
1,14,25,1,Chinese,5
1,14,25,2,Russians,1
1,14,25,2,Italians,2
1,14,25,2,Germans,2
1,14,25,2,Chinese,2
1,14,25,3,Russians,1
1,14,25,3,Italians,2
1,14,25,3,Germans,2
1,14,25,3,Chinese,2
1,14,25,4,Russians,1
1,14,25,4,Italians,2
1,14,25,4,Germans,2
1,14,25,4,Chinese,1
1,14,26,0,Russians,3
1,14,26,0,Italians,2
1,14,26,0,Germans,2
1,14,26,0,Chinese,2
1,14,26,1,Russians,1
1,14,26,1,Italians,2
1,14,26,1,Germans,3
1,14,26,1,Chinese,3
1,14,26,2,Russians,1
1,14,26,2,Italians,3
1,14,26,2,Germans,3
1,14,26,2,Chinese,2
1,14,26,3,Russians,1
1,14,26,3,Italians,2
1,14,26,3,Germans,1
1,14,26,3,Chinese,4
1,14,26,4,Russians,0
1,14,26,4,Italians,1
1,14,26,4,Germans,1
1,14,26,4,Chinese,4
1,14,27,0,Russians,2
1,14,27,0,Italians,3
1,14,27,0,Germans,2
1,14,27,0,Chinese,2
1,14,27,1,Russians,2
1,14,27,1,Italians,1
1,14,27,1,Germans,3
1,14,27,1,Chinese,5
1,14,27,2,Russians,1
1,14,27,2,Italians,2
1,14,27,2,Germans,2
1,14,27,2,Chinese,2
1,14,27,3,Russians,1
1,14,27,3,Italians,2
1,14,27,3,Germans,1
1,14,27,3,Chinese,3
1,14,27,4,Russians,0
1,14,27,4,Italians,2
1,14,27,4,Germans,1
1,14,27,4,Chinese,2
1,14,28,0,Russians,2
1,14,28,0,Italians,3
1,14,28,0,Germans,2
1,14,28,0,Chinese,2
1,14,28,1,Russians,1
1,14,28,1,Italians,2
1,14,28,1,Germans,3
1,14,28,1,Chinese,3
1,14,28,2,Russians,1
1,14,28,2,Italians,2
1,14,28,2,Germans,3
1,14,28,2,Chinese,1
1,14,28,3,Russians,0
1,14,28,3,Italians,2
1,14,28,3,Germans,1
1,14,28,3,Chinese,3
1,14,28,4,Russians,0
1,14,28,4,Italians,1
1,14,28,4,Germans,2
1,14,28,4,Chinese,3
1,14,29,0,Russians,3
1,14,29,0,Italians,3
1,14,29,0,Germans,2
1,14,29,0,Chinese,2
1,14,29,1,Russians,2
1,14,29,1,Italians,1
1,14,29,1,Germans,3
1,14,29,1,Chinese,3
1,14,29,2,Russians,1
1,14,29,2,Italians,1
1,14,29,2,Germans,2
1,14,29,2,Chinese,3
1,14,29,3,Russians,1
1,14,29,3,Italians,1
1,14,29,3,Germans,1
1,14,29,3,Chinese,4
1,14,29,4,Russians,0
1,14,29,4,Italians,1
1,14,29,4,Germans,0
1,14,29,4,Chinese,4
1,14,30,0,Russians,3
1,14,30,0,Italians,3
1,14,30,0,Germans,2
1,14,30,0,Chinese,2
1,14,30,1,Russians,1
1,14,30,1,Italians,2
1,14,30,1,Germans,3
1,14,30,1,Chinese,3
1,14,30,2,Russians,1
1,14,30,2,Italians,3
1,14,30,2,Germans,3
1,14,30,2,Chinese,1
1,14,30,3,Russians,0
1,14,30,3,Italians,0
1,14,30,3,Germans,3
1,14,30,3,Chinese,2
1,14,30,4,Russians,0
1,14,30,4,Italians,0
1,14,30,4,Germans,3
1,14,30,4,Chinese,4
1,14,31,0,Russians,2
1,14,31,0,Italians,1
1,14,31,0,Germans,2
1,14,31,0,Chinese,2
1,14,31,1,Russians,2
1,14,31,1,Italians,2
1,14,31,1,Germans,3
1,14,31,1,Chinese,3
1,14,31,2,Russians,1
1,14,31,2,Italians,2
1,14,31,2,Germans,2
1,14,31,2,Chinese,2
1,14,31,3,Russians,1
1,14,31,3,Italians,1
1,14,31,3,Germans,2
1,14,31,3,Chinese,3
1,14,31,4,Russians,1
1,14,31,4,Italians,1
1,14,31,4,Germans,3
1,14,31,4,Chinese,1
1,14,32,0,Russians,2
1,14,32,0,Italians,2
1,14,32,0,Germans,2
1,14,32,0,Chinese,2
1,15,1,0,Russians,2
1,15,1,0,Italians,2
1,15,1,0,Germans,2
1,15,1,0,Chinese,4
1,15,1,1,Russians,1
1,15,1,1,Italians,2
1,15,1,1,Germans,3
1,15,1,1,Chinese,4
1,15,1,2,Russians,1
1,15,1,2,Italians,2
1,15,1,2,Germans,2
1,15,1,2,Chinese,3
1,15,1,3,Russians,1
1,15,1,3,Italians,1
1,15,1,3,Germans,2
1,15,1,3,Chinese,2
1,15,1,4,Russians,1
1,15,1,4,Italians,1
1,15,1,4,Germans,4
1,15,1,4,Chinese,2
1,15,2,0,Russians,3
1,15,2,0,Italians,2
1,15,2,0,Germans,2
1,15,2,0,Chinese,4
1,15,2,1,Russians,1
1,15,2,1,Italians,2
1,15,2,1,Germans,3
1,15,2,1,Chinese,4
1,15,2,2,Russians,1
1,15,2,2,Italians,1
1,15,2,2,Germans,1
1,15,2,2,Chinese,2
1,15,2,3,Russians,1
1,15,2,3,Italians,1
1,15,2,3,Germans,2
1,15,2,3,Chinese,4
1,15,2,4,Russians,1
1,15,2,4,Italians,0
1,15,2,4,Germans,2
1,15,2,4,Chinese,1
1,15,3,0,Russians,2
1,15,3,0,Italians,2
1,15,3,0,Germans,2
1,15,3,0,Chinese,4
1,15,3,1,Russians,1
1,15,3,1,Italians,2
1,15,3,1,Germans,3
1,15,3,1,Chinese,4
1,15,3,2,Russians,1
1,15,3,2,Italians,1
1,15,3,2,Germans,2
1,15,3,2,Chinese,3
1,15,3,3,Russians,0
1,15,3,3,Italians,0
1,15,3,3,Germans,2
1,15,3,3,Chinese,3
1,15,3,4,Russians,0
1,15,3,4,Italians,0
1,15,3,4,Germans,2
1,15,3,4,Chinese,1
1,15,4,0,Russians,3
1,15,4,0,Italians,2
1,15,4,0,Germans,2
1,15,4,0,Chinese,4
1,15,4,1,Russians,1
1,15,4,1,Italians,2
1,15,4,1,Germans,3
1,15,4,1,Chinese,4
1,15,4,2,Russians,1
1,15,4,2,Italians,1
1,15,4,2,Germans,2
1,15,4,2,Chinese,3
1,15,4,3,Russians,0
1,15,4,3,Italians,0
1,15,4,3,Germans,2
1,15,4,3,Chinese,3
1,15,4,4,Russians,0
1,15,4,4,Italians,0
1,15,4,4,Germans,2
1,15,4,4,Chinese,1
1,15,5,0,Russians,2
1,15,5,0,Italians,2
1,15,5,0,Germans,2
1,15,5,0,Chinese,4
1,15,5,1,Russians,1
1,15,5,1,Italians,2
1,15,5,1,Germans,3
1,15,5,1,Chinese,4
1,15,5,2,Russians,1
1,15,5,2,Italians,1
1,15,5,2,Germans,1
1,15,5,2,Chinese,2
1,15,5,3,Russians,1
1,15,5,3,Italians,0
1,15,5,3,Germans,2
1,15,5,3,Chinese,2
1,15,5,4,Russians,1
1,15,5,4,Italians,0
1,15,5,4,Germans,3
1,15,5,4,Chinese,3
1,15,6,0,Russians,3
1,15,6,0,Italians,2
1,15,6,0,Germans,2
1,15,6,0,Chinese,4
1,15,6,1,Russians,1
1,15,6,1,Italians,2
1,15,6,1,Germans,3
1,15,6,1,Chinese,4
1,15,6,2,Russians,1
1,15,6,2,Italians,1
1,15,6,2,Germans,1
1,15,6,2,Chinese,3
1,15,6,3,Russians,1
1,15,6,3,Italians,0
1,15,6,3,Germans,2
1,15,6,3,Chinese,4
1,15,6,4,Russians,1
1,15,6,4,Italians,0
1,15,6,4,Germans,4
1,15,6,4,Chinese,1
1,15,7,0,Russians,2
1,15,7,0,Italians,2
1,15,7,0,Germans,2
1,15,7,0,Chinese,4
1,15,7,1,Russians,1
1,15,7,1,Italians,2
1,15,7,1,Germans,3
1,15,7,1,Chinese,4
1,15,7,2,Russians,1
1,15,7,2,Italians,1
1,15,7,2,Germans,2
1,15,7,2,Chinese,3
1,15,7,3,Russians,0
1,15,7,3,Italians,0
1,15,7,3,Germans,1
1,15,7,3,Chinese,2
1,15,7,4,Russians,0
1,15,7,4,Italians,0
1,15,7,4,Germans,2
1,15,7,4,Chinese,3
1,15,8,0,Russians,3
1,15,8,0,Italians,2
1,15,8,0,Germans,2
1,15,8,0,Chinese,4
1,15,8,1,Russians,1
1,15,8,1,Italians,2
1,15,8,1,Germans,3
1,15,8,1,Chinese,4
1,15,8,2,Russians,1
1,15,8,2,Italians,0
1,15,8,2,Germans,2
1,15,8,2,Chinese,3
1,15,8,3,Russians,1
1,15,8,3,Italians,1
1,15,8,3,Germans,2
1,15,8,3,Chinese,3
1,15,8,4,Russians,0
1,15,8,4,Italians,0
1,15,8,4,Germans,2
1,15,8,4,Chinese,2
1,15,9,0,Russians,2
1,15,9,0,Italians,2
1,15,9,0,Germans,2
1,15,9,0,Chinese,4
1,15,9,1,Russians,1
1,15,9,1,Italians,2
1,15,9,1,Germans,3
1,15,9,1,Chinese,4
1,15,9,2,Russians,1
1,15,9,2,Italians,1
1,15,9,2,Germans,1
1,15,9,2,Chinese,3
1,15,9,3,Russians,1
1,15,9,3,Italians,1
1,15,9,3,Germans,2
1,15,9,3,Chinese,3
1,15,9,4,Russians,0
1,15,9,4,Italians,0
1,15,9,4,Germans,2
1,15,9,4,Chinese,1
1,15,10,0,Russians,3
1,15,10,0,Italians,2
1,15,10,0,Germans,2
1,15,10,0,Chinese,4
1,15,10,1,Russians,1
1,15,10,1,Italians,2
1,15,10,1,Germans,3
1,15,10,1,Chinese,4
1,15,10,2,Russians,1
1,15,10,2,Italians,1
1,15,10,2,Germans,1
1,15,10,2,Chinese,3
1,15,10,3,Russians,1
1,15,10,3,Italians,0
1,15,10,3,Germans,2
1,15,10,3,Chinese,3
1,15,10,4,Russians,0
1,15,10,4,Italians,0
1,15,10,4,Germans,2
1,15,10,4,Chinese,1
1,15,11,0,Russians,2
1,15,11,0,Italians,2
1,15,11,0,Germans,2
1,15,11,0,Chinese,4
1,15,11,1,Russians,1
1,15,11,1,Italians,2
1,15,11,1,Germans,3
1,15,11,1,Chinese,4
1,15,11,2,Russians,1
1,15,11,2,Italians,1
1,15,11,2,Germans,3
1,15,11,2,Chinese,3
1,15,11,3,Russians,0
1,15,11,3,Italians,1
1,15,11,3,Germans,2
1,15,11,3,Chinese,2
1,15,11,4,Russians,0
1,15,11,4,Italians,0
1,15,11,4,Germans,3
1,15,11,4,Chinese,3
1,15,12,0,Russians,3
1,15,12,0,Italians,2
1,15,12,0,Germans,2
1,15,12,0,Chinese,4
1,15,12,1,Russians,1
1,15,12,1,Italians,2
1,15,12,1,Germans,3
1,15,12,1,Chinese,4
1,15,12,2,Russians,1
1,15,12,2,Italians,1
1,15,12,2,Germans,3
1,15,12,2,Chinese,3
1,15,12,3,Russians,1
1,15,12,3,Italians,0
1,15,12,3,Germans,2
1,15,12,3,Chinese,3
1,15,12,4,Russians,1
1,15,12,4,Italians,0
1,15,12,4,Germans,2
1,15,12,4,Chinese,2
1,15,13,0,Russians,3
1,15,13,0,Italians,2
1,15,13,0,Germans,2
1,15,13,0,Chinese,4
1,15,13,1,Russians,1
1,15,13,1,Italians,2
1,15,13,1,Germans,3
1,15,13,1,Chinese,4
1,15,13,2,Russians,1
1,15,13,2,Italians,2
1,15,13,2,Germans,1
1,15,13,2,Chinese,3
1,15,13,3,Russians,1
1,15,13,3,Italians,1
1,15,13,3,Germans,2
1,15,13,3,Chinese,3
1,15,13,4,Russians,1
1,15,13,4,Italians,0
1,15,13,4,Germans,4
1,15,13,4,Chinese,3
1,15,14,0,Russians,2
1,15,14,0,Italians,2
1,15,14,0,Germans,2
1,15,14,0,Chinese,4
1,15,14,1,Russians,1
1,15,14,1,Italians,2
1,15,14,1,Germans,3
1,15,14,1,Chinese,4
1,15,14,2,Russians,1
1,15,14,2,Italians,1
1,15,14,2,Germans,1
1,15,14,2,Chinese,3
1,15,14,3,Russians,1
1,15,14,3,Italians,0
1,15,14,3,Germans,2
1,15,14,3,Chinese,3
1,15,14,4,Russians,1
1,15,14,4,Italians,0
1,15,14,4,Germans,3
1,15,14,4,Chinese,2
1,15,15,0,Russians,3
1,15,15,0,Italians,2
1,15,15,0,Germans,2
1,15,15,0,Chinese,4
1,15,15,1,Russians,1
1,15,15,1,Italians,2
1,15,15,1,Germans,3
1,15,15,1,Chinese,4
1,15,15,2,Russians,1
1,15,15,2,Italians,1
1,15,15,2,Germans,1
1,15,15,2,Chinese,3
1,15,15,3,Russians,0
1,15,15,3,Italians,1
1,15,15,3,Germans,2
1,15,15,3,Chinese,2
1,15,15,4,Russians,0
1,15,15,4,Italians,1
1,15,15,4,Germans,2
1,15,15,4,Chinese,3
1,15,16,0,Russians,2
1,15,16,0,Italians,2
1,15,16,0,Germans,2
1,15,16,0,Chinese,4
1,15,16,1,Russians,1
1,15,16,1,Italians,2
1,15,16,1,Germans,3
1,15,16,1,Chinese,4
1,15,16,2,Russians,1
1,15,16,2,Italians,1
1,15,16,2,Germans,3
1,15,16,2,Chinese,3
1,15,16,3,Russians,0
1,15,16,3,Italians,0
1,15,16,3,Germans,2
1,15,16,3,Chinese,3
1,15,16,4,Russians,0
1,15,16,4,Italians,0
1,15,16,4,Germans,3
1,15,16,4,Chinese,1
1,15,17,0,Russians,3
1,15,17,0,Italians,2
1,15,17,0,Germans,2
1,15,17,0,Chinese,4
1,15,17,1,Russians,1
1,15,17,1,Italians,2
1,15,17,1,Germans,3
1,15,17,1,Chinese,4
1,15,17,2,Russians,1
1,15,17,2,Italians,0
1,15,17,2,Germans,1
1,15,17,2,Chinese,3
1,15,17,3,Russians,1
1,15,17,3,Italians,0
1,15,17,3,Germans,2
1,15,17,3,Chinese,3
1,15,17,4,Russians,0
1,15,17,4,Italians,0
1,15,17,4,Germans,1
1,15,17,4,Chinese,1
1,15,18,0,Russians,2
1,15,18,0,Italians,2
1,15,18,0,Germans,2
1,15,18,0,Chinese,4
1,15,18,1,Russians,1
1,15,18,1,Italians,2
1,15,18,1,Germans,3
1,15,18,1,Chinese,4
1,15,18,2,Russians,1
1,15,18,2,Italians,1
1,15,18,2,Germans,2
1,15,18,2,Chinese,3
1,15,18,3,Russians,1
1,15,18,3,Italians,0
1,15,18,3,Germans,2
1,15,18,3,Chinese,3
1,15,18,4,Russians,0
1,15,18,4,Italians,0
1,15,18,4,Germans,2
1,15,18,4,Chinese,1
1,15,19,0,Russians,3
1,15,19,0,Italians,2
1,15,19,0,Germans,2
1,15,19,0,Chinese,4
1,15,19,1,Russians,1
1,15,19,1,Italians,2
1,15,19,1,Germans,3
1,15,19,1,Chinese,4
1,15,19,2,Russians,1
1,15,19,2,Italians,0
1,15,19,2,Germans,3
1,15,19,2,Chinese,3
1,15,19,3,Russians,1
1,15,19,3,Italians,1
1,15,19,3,Germans,2
1,15,19,3,Chinese,2
1,15,19,4,Russians,0
1,15,19,4,Italians,0
1,15,19,4,Germans,3
1,15,19,4,Chinese,3
1,15,20,0,Russians,2
1,15,20,0,Italians,2
1,15,20,0,Germans,2
1,15,20,0,Chinese,4
1,15,20,1,Russians,1
1,15,20,1,Italians,2
1,15,20,1,Germans,3
1,15,20,1,Chinese,4
1,15,20,2,Russians,1
1,15,20,2,Italians,2
1,15,20,2,Germans,2
1,15,20,2,Chinese,3
1,15,20,3,Russians,0
1,15,20,3,Italians,0
1,15,20,3,Germans,2
1,15,20,3,Chinese,2
1,15,20,4,Russians,0
1,15,20,4,Italians,0
1,15,20,4,Germans,3
1,15,20,4,Chinese,1
1,15,21,0,Russians,3
1,15,21,0,Italians,2
1,15,21,0,Germans,2
1,15,21,0,Chinese,4
1,15,21,1,Russians,1
1,15,21,1,Italians,2
1,15,21,1,Germans,3
1,15,21,1,Chinese,4
1,15,21,2,Russians,1
1,15,21,2,Italians,1
1,15,21,2,Germans,0
1,15,21,2,Chinese,2
1,15,21,3,Russians,1
1,15,21,3,Italians,0
1,15,21,3,Germans,1
1,15,21,3,Chinese,4
1,15,21,4,Russians,1
1,15,21,4,Italians,0
1,15,21,4,Germans,2
1,15,21,4,Chinese,2
1,15,22,0,Russians,2
1,15,22,0,Italians,2
1,15,22,0,Germans,2
1,15,22,0,Chinese,4
1,15,22,1,Russians,1
1,15,22,1,Italians,2
1,15,22,1,Germans,3
1,15,22,1,Chinese,4
1,15,22,2,Russians,1
1,15,22,2,Italians,1
1,15,22,2,Germans,1
1,15,22,2,Chinese,2
1,15,22,3,Russians,1
1,15,22,3,Italians,1
1,15,22,3,Germans,2
1,15,22,3,Chinese,4
1,15,22,4,Russians,1
1,15,22,4,Italians,0
1,15,22,4,Germans,2
1,15,22,4,Chinese,2
1,15,23,0,Russians,3
1,15,23,0,Italians,2
1,15,23,0,Germans,2
1,15,23,0,Chinese,4
1,15,23,1,Russians,1
1,15,23,1,Italians,2
1,15,23,1,Germans,3
1,15,23,1,Chinese,4
1,15,23,2,Russians,1
1,15,23,2,Italians,1
1,15,23,2,Germans,3
1,15,23,2,Chinese,3
1,15,23,3,Russians,0
1,15,23,3,Italians,0
1,15,23,3,Germans,2
1,15,23,3,Chinese,2
1,15,23,4,Russians,0
1,15,23,4,Italians,0
1,15,23,4,Germans,4
1,15,23,4,Chinese,2
1,15,24,0,Russians,2
1,15,24,0,Italians,2
1,15,24,0,Germans,2
1,15,24,0,Chinese,4
1,15,24,1,Russians,1
1,15,24,1,Italians,2
1,15,24,1,Germans,3
1,15,24,1,Chinese,4
1,15,24,2,Russians,1
1,15,24,2,Italians,0
1,15,24,2,Germans,3
1,15,24,2,Chinese,3
1,15,24,3,Russians,1
1,15,24,3,Italians,1
1,15,24,3,Germans,1
1,15,24,3,Chinese,3
1,15,24,4,Russians,0
1,15,24,4,Italians,0
1,15,24,4,Germans,3
1,15,24,4,Chinese,2
1,15,25,0,Russians,3
1,15,25,0,Italians,2
1,15,25,0,Germans,2
1,15,25,0,Chinese,4
1,15,25,1,Russians,1
1,15,25,1,Italians,2
1,15,25,1,Germans,3
1,15,25,1,Chinese,4
1,15,25,2,Russians,1
1,15,25,2,Italians,1
1,15,25,2,Germans,1
1,15,25,2,Chinese,3
1,15,25,3,Russians,1
1,15,25,3,Italians,0
1,15,25,3,Germans,2
1,15,25,3,Chinese,3
1,15,25,4,Russians,0
1,15,25,4,Italians,0
1,15,25,4,Germans,1
1,15,25,4,Chinese,1
1,15,26,0,Russians,2
1,15,26,0,Italians,2
1,15,26,0,Germans,2
1,15,26,0,Chinese,4
1,15,26,1,Russians,1
1,15,26,1,Italians,2
1,15,26,1,Germans,3
1,15,26,1,Chinese,4
1,15,26,2,Russians,1
1,15,26,2,Italians,1
1,15,26,2,Germans,1
1,15,26,2,Chinese,3
1,15,26,3,Russians,1
1,15,26,3,Italians,0
1,15,26,3,Germans,2
1,15,26,3,Chinese,3
1,15,26,4,Russians,0
1,15,26,4,Italians,0
1,15,26,4,Germans,3
1,15,26,4,Chinese,2
1,15,27,0,Russians,3
1,15,27,0,Italians,2
1,15,27,0,Germans,2
1,15,27,0,Chinese,4
1,15,27,1,Russians,1
1,15,27,1,Italians,2
1,15,27,1,Germans,3
1,15,27,1,Chinese,4
1,15,27,2,Russians,1
1,15,27,2,Italians,1
1,15,27,2,Germans,2
1,15,27,2,Chinese,3
1,15,27,3,Russians,0
1,15,27,3,Italians,0
1,15,27,3,Germans,1
1,15,27,3,Chinese,3
1,15,27,4,Russians,0
1,15,27,4,Italians,0
1,15,27,4,Germans,2
1,15,27,4,Chinese,2
1,15,28,0,Russians,2
1,15,28,0,Italians,2
1,15,28,0,Germans,2
1,15,28,0,Chinese,4
1,15,28,1,Russians,1
1,15,28,1,Italians,2
1,15,28,1,Germans,3
1,15,28,1,Chinese,4
1,15,28,2,Russians,1
1,15,28,2,Italians,1
1,15,28,2,Germans,2
1,15,28,2,Chinese,3
1,15,28,3,Russians,0
1,15,28,3,Italians,1
1,15,28,3,Germans,2
1,15,28,3,Chinese,2
1,15,28,4,Russians,0
1,15,28,4,Italians,0
1,15,28,4,Germans,3
1,15,28,4,Chinese,2
1,15,29,0,Russians,3
1,15,29,0,Italians,2
1,15,29,0,Germans,2
1,15,29,0,Chinese,4
1,15,29,1,Russians,1
1,15,29,1,Italians,2
1,15,29,1,Germans,3
1,15,29,1,Chinese,4
1,15,29,2,Russians,1
1,15,29,2,Italians,1
1,15,29,2,Germans,2
1,15,29,2,Chinese,2
1,15,29,3,Russians,1
1,15,29,3,Italians,1
1,15,29,3,Germans,2
1,15,29,3,Chinese,4
1,15,29,4,Russians,1
1,15,29,4,Italians,0
1,15,29,4,Germans,2
1,15,29,4,Chinese,2
1,15,30,0,Russians,2
1,15,30,0,Italians,2
1,15,30,0,Germans,2
1,15,30,0,Chinese,4
1,15,30,1,Russians,1
1,15,30,1,Italians,2
1,15,30,1,Germans,3
1,15,30,1,Chinese,4
1,15,30,2,Russians,1
1,15,30,2,Italians,2
1,15,30,2,Germans,1
1,15,30,2,Chinese,3
1,15,30,3,Russians,1
1,15,30,3,Italians,1
1,15,30,3,Germans,2
1,15,30,3,Chinese,3
1,15,30,4,Russians,1
1,15,30,4,Italians,0
1,15,30,4,Germans,3
1,15,30,4,Chinese,3
1,15,31,0,Russians,3
1,15,31,0,Italians,2
1,15,31,0,Germans,2
1,15,31,0,Chinese,4
1,15,31,1,Russians,1
1,15,31,1,Italians,2
1,15,31,1,Germans,3
1,15,31,1,Chinese,4
1,15,31,2,Russians,1
1,15,31,2,Italians,1
1,15,31,2,Germans,2
1,15,31,2,Chinese,3
1,16,1,0,Russians,2
1,16,1,0,Italians,2
1,16,1,0,Germans,2
1,16,1,0,Chinese,4
1,16,1,1,Russians,1
1,16,1,1,Italians,2
1,16,1,1,Germans,3
1,16,1,1,Chinese,3
1,16,1,2,Russians,1
1,16,1,2,Italians,2
1,16,1,2,Germans,2
1,16,1,2,Chinese,2
1,16,1,3,Russians,0
1,16,1,3,Italians,3
1,16,1,3,Germans,3
1,16,1,3,Chinese,2
1,16,1,4,Russians,0
1,16,1,4,Italians,1
1,16,1,4,Germans,2
1,16,1,4,Chinese,2
1,16,2,0,Russians,2
1,16,2,0,Italians,2
1,16,2,0,Germans,2
1,16,2,0,Chinese,4
1,16,2,1,Russians,1
1,16,2,1,Italians,2
1,16,2,1,Germans,3
1,16,2,1,Chinese,3
1,16,2,2,Russians,1
1,16,2,2,Italians,2
1,16,2,2,Germans,1
1,16,2,2,Chinese,1
1,16,2,3,Russians,0
1,16,2,3,Italians,3
1,16,2,3,Germans,2
1,16,2,3,Chinese,2
1,16,2,4,Russians,0
1,16,2,4,Italians,2
1,16,2,4,Germans,2
1,16,2,4,Chinese,3
1,16,3,0,Russians,3
1,16,3,0,Italians,2
1,16,3,0,Germans,2
1,16,3,0,Chinese,4
1,16,3,1,Russians,1
1,16,3,1,Italians,2
1,16,3,1,Germans,3
1,16,3,1,Chinese,3
1,16,3,2,Russians,1
1,16,3,2,Italians,2
1,16,3,2,Germans,2
1,16,3,2,Chinese,2
1,16,3,3,Russians,0
1,16,3,3,Italians,2
1,16,3,3,Germans,2
1,16,3,3,Chinese,2
1,16,3,4,Russians,0
1,16,3,4,Italians,1
1,16,3,4,Germans,2
1,16,3,4,Chinese,3
1,16,4,0,Russians,2
1,16,4,0,Italians,2
1,16,4,0,Germans,2
1,16,4,0,Chinese,3
1,16,4,1,Russians,1
1,16,4,1,Italians,2
1,16,4,1,Germans,3
1,16,4,1,Chinese,3
1,16,4,2,Russians,1
1,16,4,2,Italians,2
1,16,4,2,Germans,2
1,16,4,2,Chinese,2
1,16,4,3,Russians,0
1,16,4,3,Italians,2
1,16,4,3,Germans,2
1,16,4,3,Chinese,2
1,16,4,4,Russians,0
1,16,4,4,Italians,1
1,16,4,4,Germans,3
1,16,4,4,Chinese,2
1,16,5,0,Russians,2
1,16,5,0,Italians,2
1,16,5,0,Germans,2
1,16,5,0,Chinese,3
1,16,5,1,Russians,1
1,16,5,1,Italians,2
1,16,5,1,Germans,3
1,16,5,1,Chinese,3
1,16,5,2,Russians,1
1,16,5,2,Italians,2
1,16,5,2,Germans,2
1,16,5,2,Chinese,2
1,16,5,3,Russians,0
1,16,5,3,Italians,2
1,16,5,3,Germans,2
1,16,5,3,Chinese,2
1,16,5,4,Russians,0
1,16,5,4,Italians,1
1,16,5,4,Germans,2
1,16,5,4,Chinese,3
1,16,6,0,Russians,2
1,16,6,0,Italians,2
1,16,6,0,Germans,2
1,16,6,0,Chinese,2
1,16,6,1,Russians,2
1,16,6,1,Italians,2
1,16,6,1,Germans,3
1,16,6,1,Chinese,3
1,16,6,2,Russians,2
1,16,6,2,Italians,2
1,16,6,2,Germans,2
1,16,6,2,Chinese,1
1,16,6,3,Russians,0
1,16,6,3,Italians,2
1,16,6,3,Germans,3
1,16,6,3,Chinese,2
1,16,6,4,Russians,0
1,16,6,4,Italians,2
1,16,6,4,Germans,4
1,16,6,4,Chinese,2
1,16,7,0,Russians,2
1,16,7,0,Italians,2
1,16,7,0,Germans,2
1,16,7,0,Chinese,4
1,16,7,1,Russians,1
1,16,7,1,Italians,2
1,16,7,1,Germans,3
1,16,7,1,Chinese,3
1,16,7,2,Russians,1
1,16,7,2,Italians,1
1,16,7,2,Germans,1
1,16,7,2,Chinese,2
1,16,7,3,Russians,0
1,16,7,3,Italians,2
1,16,7,3,Germans,3
1,16,7,3,Chinese,1
1,16,7,4,Russians,0
1,16,7,4,Italians,0
1,16,7,4,Germans,3
1,16,7,4,Chinese,2
1,16,8,0,Russians,2
1,16,8,0,Italians,2
1,16,8,0,Germans,2
1,16,8,0,Chinese,4
1,16,8,1,Russians,1
1,16,8,1,Italians,2
1,16,8,1,Germans,3
1,16,8,1,Chinese,3
1,16,8,2,Russians,1
1,16,8,2,Italians,2
1,16,8,2,Germans,1
1,16,8,2,Chinese,1
1,16,8,3,Russians,0
1,16,8,3,Italians,1
1,16,8,3,Germans,2
1,16,8,3,Chinese,2
1,16,8,4,Russians,0
1,16,8,4,Italians,0
1,16,8,4,Germans,2
1,16,8,4,Chinese,4
1,16,9,0,Russians,3
1,16,9,0,Italians,2
1,16,9,0,Germans,2
1,16,9,0,Chinese,4
1,16,9,1,Russians,1
1,16,9,1,Italians,2
1,16,9,1,Germans,3
1,16,9,1,Chinese,3
1,16,9,2,Russians,1
1,16,9,2,Italians,2
1,16,9,2,Germans,2
1,16,9,2,Chinese,2
1,16,9,3,Russians,0
1,16,9,3,Italians,2
1,16,9,3,Germans,2
1,16,9,3,Chinese,2
1,16,9,4,Russians,0
1,16,9,4,Italians,1
1,16,9,4,Germans,3
1,16,9,4,Chinese,2
1,16,10,0,Russians,2
1,16,10,0,Italians,3
1,16,10,0,Germans,2
1,16,10,0,Chinese,3
1,16,10,1,Russians,0
1,16,10,1,Italians,3
1,16,10,1,Germans,3
1,16,10,1,Chinese,3
1,16,10,2,Russians,0
1,16,10,2,Italians,3
1,16,10,2,Germans,1
1,16,10,2,Chinese,1
1,16,10,3,Russians,0
1,16,10,3,Italians,3
1,16,10,3,Germans,3
1,16,10,3,Chinese,2
1,16,10,4,Russians,0
1,16,10,4,Italians,1
1,16,10,4,Germans,2
1,16,10,4,Chinese,3
1,16,11,0,Russians,2
1,16,11,0,Italians,3
1,16,11,0,Germans,2
1,16,11,0,Chinese,3
1,16,11,1,Russians,0
1,16,11,1,Italians,3
1,16,11,1,Germans,3
1,16,11,1,Chinese,3
1,16,11,2,Russians,0
1,16,11,2,Italians,3
1,16,11,2,Germans,1
1,16,11,2,Chinese,1
1,16,11,3,Russians,0
1,16,11,3,Italians,3
1,16,11,3,Germans,3
1,16,11,3,Chinese,2
1,16,11,4,Russians,0
1,16,11,4,Italians,1
1,16,11,4,Germans,2
1,16,11,4,Chinese,4
1,16,12,0,Russians,2
1,16,12,0,Italians,3
1,16,12,0,Germans,2
1,16,12,0,Chinese,2
1,16,12,1,Russians,1
1,16,12,1,Italians,3
1,16,12,1,Germans,3
1,16,12,1,Chinese,3
1,16,12,2,Russians,1
1,16,12,2,Italians,3
1,16,12,2,Germans,2
1,16,12,2,Chinese,1
1,16,12,3,Russians,0
1,16,12,3,Italians,3
1,16,12,3,Germans,3
1,16,12,3,Chinese,1
1,16,12,4,Russians,0
1,16,12,4,Italians,2
1,16,12,4,Germans,3
1,16,12,4,Chinese,1
1,16,13,0,Russians,1
1,16,13,0,Italians,2
1,16,13,0,Germans,2
1,16,13,0,Chinese,4
1,16,13,1,Russians,1
1,16,13,1,Italians,2
1,16,13,1,Germans,3
1,16,13,1,Chinese,3
1,16,13,2,Russians,1
1,16,13,2,Italians,2
1,16,13,2,Germans,1
1,16,13,2,Chinese,2
1,16,13,3,Russians,0
1,16,13,3,Italians,1
1,16,13,3,Germans,3
1,16,13,3,Chinese,2
1,16,13,4,Russians,0
1,16,13,4,Italians,0
1,16,13,4,Germans,3
1,16,13,4,Chinese,4
1,16,14,0,Russians,1
1,16,14,0,Italians,2
1,16,14,0,Germans,2
1,16,14,0,Chinese,4
1,16,14,1,Russians,1
1,16,14,1,Italians,2
1,16,14,1,Germans,3
1,16,14,1,Chinese,3
1,16,14,2,Russians,1
1,16,14,2,Italians,2
1,16,14,2,Germans,2
1,16,14,2,Chinese,3
1,16,14,3,Russians,0
1,16,14,3,Italians,2
1,16,14,3,Germans,2
1,16,14,3,Chinese,2
1,16,14,4,Russians,0
1,16,14,4,Italians,1
1,16,14,4,Germans,2
1,16,14,4,Chinese,3
1,16,15,0,Russians,2
1,16,15,0,Italians,2
1,16,15,0,Germans,2
1,16,15,0,Chinese,3
1,16,15,1,Russians,1
1,16,15,1,Italians,2
1,16,15,1,Germans,3
1,16,15,1,Chinese,3
1,16,15,2,Russians,1
1,16,15,2,Italians,2
1,16,15,2,Germans,1
1,16,15,2,Chinese,1
1,16,15,3,Russians,0
1,16,15,3,Italians,1
1,16,15,3,Germans,2
1,16,15,3,Chinese,2
1,16,15,4,Russians,0
1,16,15,4,Italians,0
1,16,15,4,Germans,2
1,16,15,4,Chinese,3
1,16,16,0,Russians,2
1,16,16,0,Italians,2
1,16,16,0,Germans,2
1,16,16,0,Chinese,3
1,16,16,1,Russians,1
1,16,16,1,Italians,2
1,16,16,1,Germans,3
1,16,16,1,Chinese,3
1,16,16,2,Russians,1
1,16,16,2,Italians,2
1,16,16,2,Germans,1
1,16,16,2,Chinese,1
1,16,16,3,Russians,0
1,16,16,3,Italians,1
1,16,16,3,Germans,2
1,16,16,3,Chinese,2
1,16,16,4,Russians,0
1,16,16,4,Italians,0
1,16,16,4,Germans,2
1,16,16,4,Chinese,3
1,16,17,0,Russians,2
1,16,17,0,Italians,2
1,16,17,0,Germans,2
1,16,17,0,Chinese,3
1,16,17,1,Russians,1
1,16,17,1,Italians,2
1,16,17,1,Germans,3
1,16,17,1,Chinese,3
1,16,17,2,Russians,1
1,16,17,2,Italians,2
1,16,17,2,Germans,3
1,16,17,2,Chinese,2
1,16,17,3,Russians,0
1,16,17,3,Italians,1
1,16,17,3,Germans,3
1,16,17,3,Chinese,2
1,16,17,4,Russians,0
1,16,17,4,Italians,1
1,16,17,4,Germans,3
1,16,17,4,Chinese,3
1,16,18,0,Russians,2
1,16,18,0,Italians,2
1,16,18,0,Germans,2
1,16,18,0,Chinese,3
1,16,18,1,Russians,2
1,16,18,1,Italians,2
1,16,18,1,Germans,3
1,16,18,1,Chinese,3
1,16,18,2,Russians,2
1,16,18,2,Italians,2
1,16,18,2,Germans,1
1,16,18,2,Chinese,1
1,16,18,3,Russians,0
1,16,18,3,Italians,3
1,16,18,3,Germans,2
1,16,18,3,Chinese,2
1,16,18,4,Russians,0
1,16,18,4,Italians,2
1,16,18,4,Germans,3
1,16,18,4,Chinese,2
1,16,19,0,Russians,2
1,16,19,0,Italians,2
1,16,19,0,Germans,2
1,16,19,0,Chinese,4
1,16,19,1,Russians,1
1,16,19,1,Italians,2
1,16,19,1,Germans,3
1,16,19,1,Chinese,3
1,16,19,2,Russians,1
1,16,19,2,Italians,2
1,16,19,2,Germans,2
1,16,19,2,Chinese,2
1,16,19,3,Russians,0
1,16,19,3,Italians,3
1,16,19,3,Germans,2
1,16,19,3,Chinese,2
1,16,19,4,Russians,0
1,16,19,4,Italians,1
1,16,19,4,Germans,2
1,16,19,4,Chinese,4
1,16,20,0,Russians,2
1,16,20,0,Italians,2
1,16,20,0,Germans,2
1,16,20,0,Chinese,3
1,16,20,1,Russians,2
1,16,20,1,Italians,2
1,16,20,1,Germans,3
1,16,20,1,Chinese,3
1,16,20,2,Russians,1
1,16,20,2,Italians,1
1,16,20,2,Germans,2
1,16,20,2,Chinese,2
1,16,20,3,Russians,0
1,16,20,3,Italians,2
1,16,20,3,Germans,3
1,16,20,3,Chinese,2
1,16,20,4,Russians,0
1,16,20,4,Italians,1
1,16,20,4,Germans,2
1,16,20,4,Chinese,3
1,16,21,0,Russians,3
1,16,21,0,Italians,2
1,16,21,0,Germans,2
1,16,21,0,Chinese,4
1,16,21,1,Russians,1
1,16,21,1,Italians,2
1,16,21,1,Germans,3
1,16,21,1,Chinese,3
1,16,21,2,Russians,1
1,16,21,2,Italians,1
1,16,21,2,Germans,2
1,16,21,2,Chinese,2
1,16,21,3,Russians,0
1,16,21,3,Italians,2
1,16,21,3,Germans,2
1,16,21,3,Chinese,2
1,16,21,4,Russians,0
1,16,21,4,Italians,1
1,16,21,4,Germans,2
1,16,21,4,Chinese,1
1,16,22,0,Russians,2
1,16,22,0,Italians,3
1,16,22,0,Germans,2
1,16,22,0,Chinese,3
1,16,22,1,Russians,0
1,16,22,1,Italians,3
1,16,22,1,Germans,3
1,16,22,1,Chinese,3
1,16,22,2,Russians,0
1,16,22,2,Italians,2
1,16,22,2,Germans,2
1,16,22,2,Chinese,1
1,16,22,3,Russians,0
1,16,22,3,Italians,2
1,16,22,3,Germans,3
1,16,22,3,Chinese,2
1,16,22,4,Russians,0
1,16,22,4,Italians,0
1,16,22,4,Germans,3
1,16,22,4,Chinese,3
1,16,23,0,Russians,2
1,16,23,0,Italians,3
1,16,23,0,Germans,2
1,16,23,0,Chinese,4
1,16,23,1,Russians,0
1,16,23,1,Italians,3
1,16,23,1,Germans,3
1,16,23,1,Chinese,3
1,16,23,2,Russians,0
1,16,23,2,Italians,3
1,16,23,2,Germans,1
1,16,23,2,Chinese,0
1,16,23,3,Russians,0
1,16,23,3,Italians,2
1,16,23,3,Germans,3
1,16,23,3,Chinese,1
1,16,23,4,Russians,0
1,16,23,4,Italians,1
1,16,23,4,Germans,3
1,16,23,4,Chinese,4
1,16,24,0,Russians,2
1,16,24,0,Italians,3
1,16,24,0,Germans,2
1,16,24,0,Chinese,2
1,16,24,1,Russians,1
1,16,24,1,Italians,3
1,16,24,1,Germans,3
1,16,24,1,Chinese,3
1,16,24,2,Russians,1
1,16,24,2,Italians,3
1,16,24,2,Germans,2
1,16,24,2,Chinese,1
1,16,24,3,Russians,0
1,16,24,3,Italians,3
1,16,24,3,Germans,3
1,16,24,3,Chinese,1
1,16,24,4,Russians,0
1,16,24,4,Italians,2
1,16,24,4,Germans,3
1,16,24,4,Chinese,1
1,16,25,0,Russians,1
1,16,25,0,Italians,3
1,16,25,0,Germans,2
1,16,25,0,Chinese,3
1,16,25,1,Russians,0
1,16,25,1,Italians,3
1,16,25,1,Germans,3
1,16,25,1,Chinese,3
1,16,25,2,Russians,0
1,16,25,2,Italians,2
1,16,25,2,Germans,2
1,16,25,2,Chinese,2
1,16,25,3,Russians,0
1,16,25,3,Italians,2
1,16,25,3,Germans,3
1,16,25,3,Chinese,1
1,16,25,4,Russians,0
1,16,25,4,Italians,1
1,16,25,4,Germans,4
1,16,25,4,Chinese,3
1,16,26,0,Russians,1
1,16,26,0,Italians,3
1,16,26,0,Germans,2
1,16,26,0,Chinese,3
1,16,26,1,Russians,0
1,16,26,1,Italians,3
1,16,26,1,Germans,3
1,16,26,1,Chinese,3
1,16,26,2,Russians,0
1,16,26,2,Italians,2
1,16,26,2,Germans,2
1,16,26,2,Chinese,1
1,16,26,3,Russians,0
1,16,26,3,Italians,2
1,16,26,3,Germans,3
1,16,26,3,Chinese,3
1,16,26,4,Russians,0
1,16,26,4,Italians,2
1,16,26,4,Germans,3
1,16,26,4,Chinese,2
1,16,27,0,Russians,2
1,16,27,0,Italians,3
1,16,27,0,Germans,2
1,16,27,0,Chinese,3
1,16,27,1,Russians,0
1,16,27,1,Italians,3
1,16,27,1,Germans,3
1,16,27,1,Chinese,3
1,16,27,2,Russians,0
1,16,27,2,Italians,2
1,16,27,2,Germans,2
1,16,27,2,Chinese,2
1,16,27,3,Russians,0
1,16,27,3,Italians,2
1,16,27,3,Germans,3
1,16,27,3,Chinese,3
1,16,27,4,Russians,0
1,16,27,4,Italians,2
1,16,27,4,Germans,3
1,16,27,4,Chinese,2
1,16,28,0,Russians,2
1,16,28,0,Italians,2
1,16,28,0,Germans,3
1,16,28,0,Chinese,3
1,16,28,1,Russians,0
1,16,28,1,Italians,3
1,16,28,1,Germans,3
1,16,28,1,Chinese,3
1,16,28,2,Russians,0
1,16,28,2,Italians,2
1,16,28,2,Germans,2
1,16,28,2,Chinese,3
1,16,28,3,Russians,0
1,16,28,3,Italians,1
1,16,28,3,Germans,3
1,16,28,3,Chinese,1
1,16,28,4,Russians,0
1,16,28,4,Italians,0
1,16,28,4,Germans,4
1,16,28,4,Chinese,2
1,16,29,0,Russians,2
1,16,29,0,Italians,2
1,16,29,0,Germans,3
1,16,29,0,Chinese,3
1,16,29,1,Russians,0
1,16,29,1,Italians,3
1,16,29,1,Germans,3
1,16,29,1,Chinese,3
1,16,29,2,Russians,0
1,16,29,2,Italians,2
1,16,29,2,Germans,2
1,16,29,2,Chinese,1
1,16,29,3,Russians,0
1,16,29,3,Italians,2
1,16,29,3,Germans,3
1,16,29,3,Chinese,0
1,16,29,4,Russians,0
1,16,29,4,Italians,0
1,16,29,4,Germans,4
1,16,29,4,Chinese,3
1,16,30,0,Russians,2
1,16,30,0,Italians,2
1,16,30,0,Germans,3
1,16,30,0,Chinese,3
1,16,30,1,Russians,1
1,16,30,1,Italians,3
1,16,30,1,Germans,2
1,16,30,1,Chinese,3
1,16,30,2,Russians,1
1,16,30,2,Italians,2
1,16,30,2,Germans,2
1,16,30,2,Chinese,1
1,16,30,3,Russians,0
1,16,30,3,Italians,2
1,16,30,3,Germans,3
1,16,30,3,Chinese,2
1,16,30,4,Russians,0
1,16,30,4,Italians,2
1,16,30,4,Germans,3
1,16,30,4,Chinese,2
1,17,1,0,Russians,2
1,17,1,0,Italians,2
1,17,1,0,Germans,2
1,17,1,0,Chinese,3
1,17,1,1,Russians,2
1,17,1,1,Italians,1
1,17,1,1,Germans,4
1,17,1,1,Chinese,2
1,17,1,2,Russians,2
1,17,1,2,Italians,0
1,17,1,2,Germans,3
1,17,1,2,Chinese,4
1,17,1,3,Russians,0
1,17,1,3,Italians,0
1,17,1,3,Germans,4
1,17,1,3,Chinese,4
1,17,1,4,Russians,0
1,17,1,4,Italians,0
1,17,1,4,Germans,2
1,17,1,4,Chinese,3
1,17,2,0,Russians,2
1,17,2,0,Italians,2
1,17,2,0,Germans,2
1,17,2,0,Chinese,3
1,17,2,1,Russians,1
1,17,2,1,Italians,2
1,17,2,1,Germans,4
1,17,2,1,Chinese,1
1,17,2,2,Russians,3
1,17,2,2,Italians,0
1,17,2,2,Germans,4
1,17,2,2,Chinese,3
1,17,2,3,Russians,1
1,17,2,3,Italians,0
1,17,2,3,Germans,3
1,17,2,3,Chinese,3
1,17,2,4,Russians,1
1,17,2,4,Italians,0
1,17,2,4,Germans,2
1,17,2,4,Chinese,2
1,17,3,0,Russians,2
1,17,3,0,Italians,2
1,17,3,0,Germans,2
1,17,3,0,Chinese,3
1,17,3,1,Russians,1
1,17,3,1,Italians,2
1,17,3,1,Germans,3
1,17,3,1,Chinese,2
1,17,3,2,Russians,1
1,17,3,2,Italians,1
1,17,3,2,Germans,4
1,17,3,2,Chinese,3
1,17,3,3,Russians,0
1,17,3,3,Italians,0
1,17,3,3,Germans,3
1,17,3,3,Chinese,3
1,17,3,4,Russians,0
1,17,3,4,Italians,0
1,17,3,4,Germans,4
1,17,3,4,Chinese,2
1,17,4,0,Russians,1
1,17,4,0,Italians,2
1,17,4,0,Germans,2
1,17,4,0,Chinese,3
1,17,4,1,Russians,1
1,17,4,1,Italians,2
1,17,4,1,Germans,4
1,17,4,1,Chinese,2
1,17,4,2,Russians,1
1,17,4,2,Italians,1
1,17,4,2,Germans,4
1,17,4,2,Chinese,3
1,17,4,3,Russians,1
1,17,4,3,Italians,0
1,17,4,3,Germans,4
1,17,4,3,Chinese,3
1,17,4,4,Russians,1
1,17,4,4,Italians,0
1,17,4,4,Germans,3
1,17,4,4,Chinese,2
1,17,5,0,Russians,1
1,17,5,0,Italians,2
1,17,5,0,Germans,2
1,17,5,0,Chinese,3
1,17,5,1,Russians,2
1,17,5,1,Italians,2
1,17,5,1,Germans,3
1,17,5,1,Chinese,1
1,17,5,2,Russians,2
1,17,5,2,Italians,0
1,17,5,2,Germans,6
1,17,5,2,Chinese,3
1,17,5,3,Russians,1
1,17,5,3,Italians,0
1,17,5,3,Germans,4
1,17,5,3,Chinese,2
1,17,5,4,Russians,1
1,17,5,4,Italians,0
1,17,5,4,Germans,4
1,17,5,4,Chinese,3
1,17,6,0,Russians,1
1,17,6,0,Italians,2
1,17,6,0,Germans,2
1,17,6,0,Chinese,3
1,17,6,1,Russians,0
1,17,6,1,Italians,2
1,17,6,1,Germans,4
1,17,6,1,Chinese,2
1,17,6,2,Russians,1
1,17,6,2,Italians,2
1,17,6,2,Germans,3
1,17,6,2,Chinese,3
1,17,6,3,Russians,0
1,17,6,3,Italians,0
1,17,6,3,Germans,4
1,17,6,3,Chinese,4
1,17,6,4,Russians,0
1,17,6,4,Italians,0
1,17,6,4,Germans,2
1,17,6,4,Chinese,3
1,17,7,0,Russians,2
1,17,7,0,Italians,2
1,17,7,0,Germans,2
1,17,7,0,Chinese,3
1,17,7,1,Russians,1
1,17,7,1,Italians,2
1,17,7,1,Germans,4
1,17,7,1,Chinese,2
1,17,7,2,Russians,2
1,17,7,2,Italians,1
1,17,7,2,Germans,3
1,17,7,2,Chinese,3
1,17,7,3,Russians,0
1,17,7,3,Italians,0
1,17,7,3,Germans,4
1,17,7,3,Chinese,4
1,17,7,4,Russians,0
1,17,7,4,Italians,0
1,17,7,4,Germans,2
1,17,7,4,Chinese,2
1,17,8,0,Russians,2
1,17,8,0,Italians,2
1,17,8,0,Germans,2
1,17,8,0,Chinese,3
1,17,8,1,Russians,2
1,17,8,1,Italians,2
1,17,8,1,Germans,3
1,17,8,1,Chinese,2
1,17,8,2,Russians,1
1,17,8,2,Italians,0
1,17,8,2,Germans,5
1,17,8,2,Chinese,3
1,17,8,3,Russians,1
1,17,8,3,Italians,0
1,17,8,3,Germans,5
1,17,8,3,Chinese,3
1,17,8,4,Russians,1
1,17,8,4,Italians,0
1,17,8,4,Germans,3
1,17,8,4,Chinese,1
1,17,9,0,Russians,2
1,17,9,0,Italians,2
1,17,9,0,Germans,2
1,17,9,0,Chinese,3
1,17,9,1,Russians,1
1,17,9,1,Italians,2
1,17,9,1,Germans,3
1,17,9,1,Chinese,2
1,17,9,2,Russians,0
1,17,9,2,Italians,1
1,17,9,2,Germans,5
1,17,9,2,Chinese,3
1,17,9,3,Russians,0
1,17,9,3,Italians,0
1,17,9,3,Germans,3
1,17,9,3,Chinese,3
1,17,9,4,Russians,0
1,17,9,4,Italians,0
1,17,9,4,Germans,2
1,17,9,4,Chinese,2
1,17,10,0,Russians,1
1,17,10,0,Italians,2
1,17,10,0,Germans,2
1,17,10,0,Chinese,3
1,17,10,1,Russians,2
1,17,10,1,Italians,2
1,17,10,1,Germans,3
1,17,10,1,Chinese,2
1,17,10,2,Russians,1
1,17,10,2,Italians,0
1,17,10,2,Germans,5
1,17,10,2,Chinese,3
1,17,10,3,Russians,1
1,17,10,3,Italians,0
1,17,10,3,Germans,5
1,17,10,3,Chinese,2
1,17,10,4,Russians,1
1,17,10,4,Italians,0
1,17,10,4,Germans,3
1,17,10,4,Chinese,3
1,17,11,0,Russians,1
1,17,11,0,Italians,2
1,17,11,0,Germans,2
1,17,11,0,Chinese,3
1,17,11,1,Russians,2
1,17,11,1,Italians,2
1,17,11,1,Germans,3
1,17,11,1,Chinese,2
1,17,11,2,Russians,1
1,17,11,2,Italians,0
1,17,11,2,Germans,5
1,17,11,2,Chinese,3
1,17,11,3,Russians,0
1,17,11,3,Italians,0
1,17,11,3,Germans,4
1,17,11,3,Chinese,3
1,17,11,4,Russians,0
1,17,11,4,Italians,0
1,17,11,4,Germans,3
1,17,11,4,Chinese,3
1,17,12,0,Russians,1
1,17,12,0,Italians,2
1,17,12,0,Germans,2
1,17,12,0,Chinese,3
1,17,12,1,Russians,0
1,17,12,1,Italians,2
1,17,12,1,Germans,4
1,17,12,1,Chinese,2
1,17,12,2,Russians,1
1,17,12,2,Italians,2
1,17,12,2,Germans,3
1,17,12,2,Chinese,3
1,17,12,3,Russians,0
1,17,12,3,Italians,0
1,17,12,3,Germans,4
1,17,12,3,Chinese,4
1,17,12,4,Russians,0
1,17,12,4,Italians,0
1,17,12,4,Germans,2
1,17,12,4,Chinese,3
1,17,13,0,Russians,2
1,17,13,0,Italians,2
1,17,13,0,Germans,2
1,17,13,0,Chinese,3
1,17,13,1,Russians,1
1,17,13,1,Italians,2
1,17,13,1,Germans,4
1,17,13,1,Chinese,2
1,17,13,2,Russians,2
1,17,13,2,Italians,0
1,17,13,2,Germans,3
1,17,13,2,Chinese,3
1,17,13,3,Russians,1
1,17,13,3,Italians,0
1,17,13,3,Germans,4
1,17,13,3,Chinese,3
1,17,13,4,Russians,1
1,17,13,4,Italians,0
1,17,13,4,Germans,4
1,17,13,4,Chinese,1
1,17,14,0,Russians,2
1,17,14,0,Italians,2
1,17,14,0,Germans,2
1,17,14,0,Chinese,3
1,17,14,1,Russians,2
1,17,14,1,Italians,2
1,17,14,1,Germans,3
1,17,14,1,Chinese,2
1,17,14,2,Russians,1
1,17,14,2,Italians,0
1,17,14,2,Germans,5
1,17,14,2,Chinese,3
1,17,14,3,Russians,1
1,17,14,3,Italians,0
1,17,14,3,Germans,4
1,17,14,3,Chinese,3
1,17,14,4,Russians,1
1,17,14,4,Italians,0
1,17,14,4,Germans,2
1,17,14,4,Chinese,2
1,17,15,0,Russians,2
1,17,15,0,Italians,2
1,17,15,0,Germans,2
1,17,15,0,Chinese,3
1,17,15,1,Russians,1
1,17,15,1,Italians,2
1,17,15,1,Germans,4
1,17,15,1,Chinese,2
1,17,15,2,Russians,2
1,17,15,2,Italians,0
1,17,15,2,Germans,3
1,17,15,2,Chinese,2
1,17,15,3,Russians,0
1,17,15,3,Italians,0
1,17,15,3,Germans,4
1,17,15,3,Chinese,3
1,17,15,4,Russians,0
1,17,15,4,Italians,0
1,17,15,4,Germans,4
1,17,15,4,Chinese,2
1,17,16,0,Russians,1
1,17,16,0,Italians,2
1,17,16,0,Germans,2
1,17,16,0,Chinese,3
1,17,16,1,Russians,1
1,17,16,1,Italians,2
1,17,16,1,Germans,4
1,17,16,1,Chinese,2
1,17,16,2,Russians,3
1,17,16,2,Italians,0
1,17,16,2,Germans,3
1,17,16,2,Chinese,3
1,17,16,3,Russians,1
1,17,16,3,Italians,0
1,17,16,3,Germans,4
1,17,16,3,Chinese,3
1,17,16,4,Russians,0
1,17,16,4,Italians,0
1,17,16,4,Germans,3
1,17,16,4,Chinese,2
1,17,17,0,Russians,2
1,17,17,0,Italians,2
1,17,17,0,Germans,2
1,17,17,0,Chinese,3
1,17,17,1,Russians,2
1,17,17,1,Italians,2
1,17,17,1,Germans,3
1,17,17,1,Chinese,2
1,17,17,2,Russians,1
1,17,17,2,Italians,0
1,17,17,2,Germans,4
1,17,17,2,Chinese,3
1,17,17,3,Russians,1
1,17,17,3,Italians,0
1,17,17,3,Germans,4
1,17,17,3,Chinese,3
1,17,17,4,Russians,0
1,17,17,4,Italians,0
1,17,17,4,Germans,3
1,17,17,4,Chinese,3
1,17,18,0,Russians,1
1,17,18,0,Italians,2
1,17,18,0,Germans,2
1,17,18,0,Chinese,3
1,17,18,1,Russians,0
1,17,18,1,Italians,2
1,17,18,1,Germans,4
1,17,18,1,Chinese,3
1,17,18,2,Russians,1
1,17,18,2,Italians,1
1,17,18,2,Germans,4
1,17,18,2,Chinese,3
1,17,18,3,Russians,0
1,17,18,3,Italians,0
1,17,18,3,Germans,4
1,17,18,3,Chinese,3
1,17,18,4,Russians,0
1,17,18,4,Italians,0
1,17,18,4,Germans,2
1,17,18,4,Chinese,4
1,17,19,0,Russians,2
1,17,19,0,Italians,2
1,17,19,0,Germans,2
1,17,19,0,Chinese,3
1,17,19,1,Russians,1
1,17,19,1,Italians,2
1,17,19,1,Germans,4
1,17,19,1,Chinese,2
1,17,19,2,Russians,1
1,17,19,2,Italians,0
1,17,19,2,Germans,3
1,17,19,2,Chinese,3
1,17,19,3,Russians,0
1,17,19,3,Italians,1
1,17,19,3,Germans,4
1,17,19,3,Chinese,4
1,17,19,4,Russians,0
1,17,19,4,Italians,0
1,17,19,4,Germans,4
1,17,19,4,Chinese,2
1,17,20,0,Russians,2
1,17,20,0,Italians,2
1,17,20,0,Germans,2
1,17,20,0,Chinese,3
1,17,20,1,Russians,2
1,17,20,1,Italians,1
1,17,20,1,Germans,4
1,17,20,1,Chinese,2
1,17,20,2,Russians,2
1,17,20,2,Italians,0
1,17,20,2,Germans,3
1,17,20,2,Chinese,4
1,17,20,3,Russians,0
1,17,20,3,Italians,0
1,17,20,3,Germans,4
1,17,20,3,Chinese,4
1,17,20,4,Russians,0
1,17,20,4,Italians,0
1,17,20,4,Germans,3
1,17,20,4,Chinese,2
1,17,21,0,Russians,2
1,17,21,0,Italians,2
1,17,21,0,Germans,2
1,17,21,0,Chinese,3
1,17,21,1,Russians,1
1,17,21,1,Italians,2
1,17,21,1,Germans,4
1,17,21,1,Chinese,2
1,17,21,2,Russians,2
1,17,21,2,Italians,0
1,17,21,2,Germans,3
1,17,21,2,Chinese,2
1,17,21,3,Russians,0
1,17,21,3,Italians,0
1,17,21,3,Germans,4
1,17,21,3,Chinese,4
1,17,21,4,Russians,0
1,17,21,4,Italians,0
1,17,21,4,Germans,4
1,17,21,4,Chinese,2
1,17,22,0,Russians,1
1,17,22,0,Italians,2
1,17,22,0,Germans,2
1,17,22,0,Chinese,3
1,17,22,1,Russians,2
1,17,22,1,Italians,2
1,17,22,1,Germans,3
1,17,22,1,Chinese,1
1,17,22,2,Russians,2
1,17,22,2,Italians,0
1,17,22,2,Germans,5
1,17,22,2,Chinese,3
1,17,22,3,Russians,1
1,17,22,3,Italians,0
1,17,22,3,Germans,5
1,17,22,3,Chinese,3
1,17,22,4,Russians,1
1,17,22,4,Italians,0
1,17,22,4,Germans,3
1,17,22,4,Chinese,2
1,17,23,0,Russians,2
1,17,23,0,Italians,2
1,17,23,0,Germans,2
1,17,23,0,Chinese,3
1,17,23,1,Russians,1
1,17,23,1,Italians,2
1,17,23,1,Germans,4
1,17,23,1,Chinese,2
1,17,23,2,Russians,2
1,17,23,2,Italians,0
1,17,23,2,Germans,3
1,17,23,2,Chinese,3
1,17,23,3,Russians,1
1,17,23,3,Italians,0
1,17,23,3,Germans,4
1,17,23,3,Chinese,3
1,17,23,4,Russians,0
1,17,23,4,Italians,0
1,17,23,4,Germans,3
1,17,23,4,Chinese,2
1,17,24,0,Russians,1
1,17,24,0,Italians,2
1,17,24,0,Germans,2
1,17,24,0,Chinese,3
1,17,24,1,Russians,1
1,17,24,1,Italians,2
1,17,24,1,Germans,4
1,17,24,1,Chinese,2
1,17,24,2,Russians,2
1,17,24,2,Italians,0
1,17,24,2,Germans,4
1,17,24,2,Chinese,2
1,17,24,3,Russians,0
1,17,24,3,Italians,0
1,17,24,3,Germans,4
1,17,24,3,Chinese,2
1,17,24,4,Russians,0
1,17,24,4,Italians,0
1,17,24,4,Germans,3
1,17,24,4,Chinese,3
1,17,25,0,Russians,2
1,17,25,0,Italians,2
1,17,25,0,Germans,2
1,17,25,0,Chinese,3
1,17,25,1,Russians,1
1,17,25,1,Italians,2
1,17,25,1,Germans,4
1,17,25,1,Chinese,2
1,17,25,2,Russians,2
1,17,25,2,Italians,0
1,17,25,2,Germans,3
1,17,25,2,Chinese,3
1,17,25,3,Russians,1
1,17,25,3,Italians,0
1,17,25,3,Germans,4
1,17,25,3,Chinese,3
1,17,25,4,Russians,1
1,17,25,4,Italians,0
1,17,25,4,Germans,3
1,17,25,4,Chinese,2
1,17,26,0,Russians,3
1,17,26,0,Italians,2
1,17,26,0,Germans,2
1,17,26,0,Chinese,3
1,17,26,1,Russians,2
1,17,26,1,Italians,2
1,17,26,1,Germans,3
1,17,26,1,Chinese,2
1,17,26,2,Russians,1
1,17,26,2,Italians,0
1,17,26,2,Germans,4
1,17,26,2,Chinese,3
1,17,26,3,Russians,1
1,17,26,3,Italians,1
1,17,26,3,Germans,4
1,17,26,3,Chinese,3
1,17,26,4,Russians,1
1,17,26,4,Italians,0
1,17,26,4,Germans,2
1,17,26,4,Chinese,2
1,17,27,0,Russians,2
1,17,27,0,Italians,2
1,17,27,0,Germans,2
1,17,27,0,Chinese,3
1,17,27,1,Russians,2
1,17,27,1,Italians,2
1,17,27,1,Germans,4
1,17,27,1,Chinese,2
1,17,27,2,Russians,2
1,17,27,2,Italians,0
1,17,27,2,Germans,3
1,17,27,2,Chinese,2
1,17,27,3,Russians,0
1,17,27,3,Italians,0
1,17,27,3,Germans,4
1,17,27,3,Chinese,4
1,17,27,4,Russians,0
1,17,27,4,Italians,0
1,17,27,4,Germans,4
1,17,27,4,Chinese,2
1,17,28,0,Russians,1
1,17,28,0,Italians,2
1,17,28,0,Germans,2
1,17,28,0,Chinese,3
1,17,28,1,Russians,1
1,17,28,1,Italians,2
1,17,28,1,Germans,4
1,17,28,1,Chinese,2
1,17,28,2,Russians,2
1,17,28,2,Italians,0
1,17,28,2,Germans,4
1,17,28,2,Chinese,3
1,17,28,3,Russians,1
1,17,28,3,Italians,0
1,17,28,3,Germans,3
1,17,28,3,Chinese,3
1,17,28,4,Russians,1
1,17,28,4,Italians,0
1,17,28,4,Germans,2
1,17,28,4,Chinese,2
1,17,29,0,Russians,2
1,17,29,0,Italians,2
1,17,29,0,Germans,2
1,17,29,0,Chinese,3
1,17,29,1,Russians,2
1,17,29,1,Italians,2
1,17,29,1,Germans,3
1,17,29,1,Chinese,2
1,17,29,2,Russians,1
1,17,29,2,Italians,0
1,17,29,2,Germans,5
1,17,29,2,Chinese,3
1,17,29,3,Russians,1
1,17,29,3,Italians,1
1,17,29,3,Germans,4
1,17,29,3,Chinese,3
1,17,29,4,Russians,0
1,17,29,4,Italians,0
1,17,29,4,Germans,3
1,17,29,4,Chinese,2
1,17,30,0,Russians,1
1,17,30,0,Italians,2
1,17,30,0,Germans,2
1,17,30,0,Chinese,3
1,17,30,1,Russians,1
1,17,30,1,Italians,2
1,17,30,1,Germans,4
1,17,30,1,Chinese,2
1,17,30,2,Russians,2
1,17,30,2,Italians,0
1,17,30,2,Germans,3
1,17,30,2,Chinese,2
1,17,30,3,Russians,0
1,17,30,3,Italians,0
1,17,30,3,Germans,4
1,17,30,3,Chinese,3
1,17,30,4,Russians,0
1,17,30,4,Italians,0
1,17,30,4,Germans,4
1,17,30,4,Chinese,2
1,17,31,0,Russians,2
1,17,31,0,Italians,2
1,17,31,0,Germans,2
1,17,31,0,Chinese,3
1,17,31,1,Russians,1
1,17,31,1,Italians,2
1,17,31,1,Germans,4
1,17,31,1,Chinese,2
1,17,31,2,Russians,2
1,17,31,2,Italians,0
1,17,31,2,Germans,3
1,17,31,2,Chinese,3
1,18,1,0,Russians,1
1,18,1,0,Italians,2
1,18,1,0,Germans,4
1,18,1,0,Chinese,3
1,18,1,1,Russians,1
1,18,1,1,Italians,1
1,18,1,1,Germans,3
1,18,1,1,Chinese,2
1,18,1,2,Russians,1
1,18,1,2,Italians,1
1,18,1,2,Germans,3
1,18,1,2,Chinese,3
1,18,1,3,Russians,0
1,18,1,3,Italians,1
1,18,1,3,Germans,3
1,18,1,3,Chinese,2
1,18,1,4,Russians,0
1,18,1,4,Italians,0
1,18,1,4,Germans,3
1,18,1,4,Chinese,3
1,18,2,0,Russians,2
1,18,2,0,Italians,2
1,18,2,0,Germans,4
1,18,2,0,Chinese,3
1,18,2,1,Russians,2
1,18,2,1,Italians,1
1,18,2,1,Germans,3
1,18,2,1,Chinese,2
1,18,2,2,Russians,0
1,18,2,2,Italians,1
1,18,2,2,Germans,3
1,18,2,2,Chinese,4
1,18,2,3,Russians,0
1,18,2,3,Italians,1
1,18,2,3,Germans,4
1,18,2,3,Chinese,4
1,18,2,4,Russians,0
1,18,2,4,Italians,0
1,18,2,4,Germans,2
1,18,2,4,Chinese,3
1,18,3,0,Russians,2
1,18,3,0,Italians,2
1,18,3,0,Germans,3
1,18,3,0,Chinese,3
1,18,3,1,Russians,1
1,18,3,1,Italians,1
1,18,3,1,Germans,4
1,18,3,1,Chinese,2
1,18,3,2,Russians,0
1,18,3,2,Italians,1
1,18,3,2,Germans,2
1,18,3,2,Chinese,3
1,18,3,3,Russians,0
1,18,3,3,Italians,1
1,18,3,3,Germans,3
1,18,3,3,Chinese,2
1,18,3,4,Russians,0
1,18,3,4,Italians,0
1,18,3,4,Germans,3
1,18,3,4,Chinese,1
1,18,4,0,Russians,2
1,18,4,0,Italians,2
1,18,4,0,Germans,3
1,18,4,0,Chinese,3
1,18,4,1,Russians,1
1,18,4,1,Italians,1
1,18,4,1,Germans,4
1,18,4,1,Chinese,2
1,18,4,2,Russians,1
1,18,4,2,Italians,1
1,18,4,2,Germans,3
1,18,4,2,Chinese,3
1,18,4,3,Russians,0
1,18,4,3,Italians,0
1,18,4,3,Germans,3
1,18,4,3,Chinese,5
1,18,4,4,Russians,0
1,18,4,4,Italians,0
1,18,4,4,Germans,2
1,18,4,4,Chinese,3
1,18,5,0,Russians,1
1,18,5,0,Italians,2
1,18,5,0,Germans,4
1,18,5,0,Chinese,3
1,18,5,1,Russians,2
1,18,5,1,Italians,1
1,18,5,1,Germans,3
1,18,5,1,Chinese,2
1,18,5,2,Russians,0
1,18,5,2,Italians,1
1,18,5,2,Germans,2
1,18,5,2,Chinese,4
1,18,5,3,Russians,0
1,18,5,3,Italians,1
1,18,5,3,Germans,3
1,18,5,3,Chinese,3
1,18,5,4,Russians,0
1,18,5,4,Italians,0
1,18,5,4,Germans,3
1,18,5,4,Chinese,2
1,18,6,0,Russians,2
1,18,6,0,Italians,2
1,18,6,0,Germans,4
1,18,6,0,Chinese,3
1,18,6,1,Russians,2
1,18,6,1,Italians,1
1,18,6,1,Germans,3
1,18,6,1,Chinese,2
1,18,6,2,Russians,0
1,18,6,2,Italians,1
1,18,6,2,Germans,3
1,18,6,2,Chinese,5
1,18,6,3,Russians,0
1,18,6,3,Italians,1
1,18,6,3,Germans,3
1,18,6,3,Chinese,3
1,18,6,4,Russians,0
1,18,6,4,Italians,0
1,18,6,4,Germans,3
1,18,6,4,Chinese,3
1,18,7,0,Russians,2
1,18,7,0,Italians,3
1,18,7,0,Germans,4
1,18,7,0,Chinese,3
1,18,7,1,Russians,1
1,18,7,1,Italians,2
1,18,7,1,Germans,3
1,18,7,1,Chinese,2
1,18,7,2,Russians,0
1,18,7,2,Italians,1
1,18,7,2,Germans,3
1,18,7,2,Chinese,3
1,18,7,3,Russians,0
1,18,7,3,Italians,1
1,18,7,3,Germans,2
1,18,7,3,Chinese,2
1,18,7,4,Russians,0
1,18,7,4,Italians,0
1,18,7,4,Germans,4
1,18,7,4,Chinese,3
1,18,8,0,Russians,1
1,18,8,0,Italians,3
1,18,8,0,Germans,4
1,18,8,0,Chinese,3
1,18,8,1,Russians,0
1,18,8,1,Italians,2
1,18,8,1,Germans,3
1,18,8,1,Chinese,2
1,18,8,2,Russians,1
1,18,8,2,Italians,2
1,18,8,2,Germans,4
1,18,8,2,Chinese,1
1,18,8,3,Russians,0
1,18,8,3,Italians,3
1,18,8,3,Germans,4
1,18,8,3,Chinese,2
1,18,8,4,Russians,0
1,18,8,4,Italians,2
1,18,8,4,Germans,4
1,18,8,4,Chinese,2
1,18,9,0,Russians,1
1,18,9,0,Italians,1
1,18,9,0,Germans,3
1,18,9,0,Chinese,3
1,18,9,1,Russians,2
1,18,9,1,Italians,0
1,18,9,1,Germans,3
1,18,9,1,Chinese,4
1,18,9,2,Russians,0
1,18,9,2,Italians,0
1,18,9,2,Germans,2
1,18,9,2,Chinese,3
1,18,9,3,Russians,0
1,18,9,3,Italians,0
1,18,9,3,Germans,2
1,18,9,3,Chinese,1
1,18,9,4,Russians,0
1,18,9,4,Italians,0
1,18,9,4,Germans,4
1,18,9,4,Chinese,2
1,18,10,0,Russians,2
1,18,10,0,Italians,1
1,18,10,0,Germans,3
1,18,10,0,Chinese,3
1,18,10,1,Russians,3
1,18,10,1,Italians,0
1,18,10,1,Germans,3
1,18,10,1,Chinese,3
1,18,10,2,Russians,1
1,18,10,2,Italians,0
1,18,10,2,Germans,2
1,18,10,2,Chinese,3
1,18,10,3,Russians,1
1,18,10,3,Italians,0
1,18,10,3,Germans,2
1,18,10,3,Chinese,3
1,18,10,4,Russians,0
1,18,10,4,Italians,0
1,18,10,4,Germans,4
1,18,10,4,Chinese,2
1,18,11,0,Russians,2
1,18,11,0,Italians,2
1,18,11,0,Germans,3
1,18,11,0,Chinese,3
1,18,11,1,Russians,1
1,18,11,1,Italians,0
1,18,11,1,Germans,3
1,18,11,1,Chinese,2
1,18,11,2,Russians,1
1,18,11,2,Italians,1
1,18,11,2,Germans,3
1,18,11,2,Chinese,3
1,18,11,3,Russians,0
1,18,11,3,Italians,0
1,18,11,3,Germans,2
1,18,11,3,Chinese,2
1,18,11,4,Russians,0
1,18,11,4,Italians,0
1,18,11,4,Germans,2
1,18,11,4,Chinese,4
1,18,12,0,Russians,2
1,18,12,0,Italians,2
1,18,12,0,Germans,3
1,18,12,0,Chinese,3
1,18,12,1,Russians,1
1,18,12,1,Italians,2
1,18,12,1,Germans,4
1,18,12,1,Chinese,2
1,18,12,2,Russians,0
1,18,12,2,Italians,1
1,18,12,2,Germans,4
1,18,12,2,Chinese,1
1,18,12,3,Russians,0
1,18,12,3,Italians,1
1,18,12,3,Germans,3
1,18,12,3,Chinese,3
1,18,12,4,Russians,0
1,18,12,4,Italians,1
1,18,12,4,Germans,3
1,18,12,4,Chinese,2
1,18,13,0,Russians,2
1,18,13,0,Italians,1
1,18,13,0,Germans,3
1,18,13,0,Chinese,3
1,18,13,1,Russians,2
1,18,13,1,Italians,0
1,18,13,1,Germans,3
1,18,13,1,Chinese,3
1,18,13,2,Russians,1
1,18,13,2,Italians,0
1,18,13,2,Germans,2
1,18,13,2,Chinese,3
1,18,13,3,Russians,0
1,18,13,3,Italians,0
1,18,13,3,Germans,2
1,18,13,3,Chinese,2
1,18,13,4,Russians,0
1,18,13,4,Italians,0
1,18,13,4,Germans,4
1,18,13,4,Chinese,3
1,18,14,0,Russians,1
1,18,14,0,Italians,1
1,18,14,0,Germans,3
1,18,14,0,Chinese,3
1,18,14,1,Russians,2
1,18,14,1,Italians,0
1,18,14,1,Germans,3
1,18,14,1,Chinese,3
1,18,14,2,Russians,0
1,18,14,2,Italians,0
1,18,14,2,Germans,2
1,18,14,2,Chinese,3
1,18,14,3,Russians,0
1,18,14,3,Italians,0
1,18,14,3,Germans,2
1,18,14,3,Chinese,3
1,18,14,4,Russians,0
1,18,14,4,Italians,0
1,18,14,4,Germans,4
1,18,14,4,Chinese,3
1,18,15,0,Russians,2
1,18,15,0,Italians,3
1,18,15,0,Germans,4
1,18,15,0,Chinese,3
1,18,15,1,Russians,1
1,18,15,1,Italians,2
1,18,15,1,Germans,3
1,18,15,1,Chinese,2
1,18,15,2,Russians,1
1,18,15,2,Italians,1
1,18,15,2,Germans,3
1,18,15,2,Chinese,2
1,18,15,3,Russians,1
1,18,15,3,Italians,1
1,18,15,3,Germans,4
1,18,15,3,Chinese,2
1,18,15,4,Russians,1
1,18,15,4,Italians,0
1,18,15,4,Germans,4
1,18,15,4,Chinese,3
1,18,16,0,Russians,2
1,18,16,0,Italians,2
1,18,16,0,Germans,3
1,18,16,0,Chinese,3
1,18,16,1,Russians,1
1,18,16,1,Italians,2
1,18,16,1,Germans,4
1,18,16,1,Chinese,1
1,18,16,2,Russians,0
1,18,16,2,Italians,1
1,18,16,2,Germans,3
1,18,16,2,Chinese,3
1,18,16,3,Russians,0
1,18,16,3,Italians,1
1,18,16,3,Germans,3
1,18,16,3,Chinese,2
1,18,16,4,Russians,0
1,18,16,4,Italians,1
1,18,16,4,Germans,3
1,18,16,4,Chinese,3
1,18,17,0,Russians,2
1,18,17,0,Italians,2
1,18,17,0,Germans,4
1,18,17,0,Chinese,3
1,18,17,1,Russians,3
1,18,17,1,Italians,1
1,18,17,1,Germans,3
1,18,17,1,Chinese,2
1,18,17,2,Russians,1
1,18,17,2,Italians,1
1,18,17,2,Germans,3
1,18,17,2,Chinese,3
1,18,17,3,Russians,0
1,18,17,3,Italians,1
1,18,17,3,Germans,3
1,18,17,3,Chinese,2
1,18,17,4,Russians,0
1,18,17,4,Italians,0
1,18,17,4,Germans,4
1,18,17,4,Chinese,2
1,18,18,0,Russians,1
1,18,18,0,Italians,2
1,18,18,0,Germans,4
1,18,18,0,Chinese,3
1,18,18,1,Russians,2
1,18,18,1,Italians,1
1,18,18,1,Germans,3
1,18,18,1,Chinese,2
1,18,18,2,Russians,0
1,18,18,2,Italians,1
1,18,18,2,Germans,2
1,18,18,2,Chinese,4
1,18,18,3,Russians,0
1,18,18,3,Italians,1
1,18,18,3,Germans,2
1,18,18,3,Chinese,2
1,18,18,4,Russians,0
1,18,18,4,Italians,0
1,18,18,4,Germans,3
1,18,18,4,Chinese,2
1,18,19,0,Russians,2
1,18,19,0,Italians,3
1,18,19,0,Germans,4
1,18,19,0,Chinese,3
1,18,19,1,Russians,2
1,18,19,1,Italians,2
1,18,19,1,Germans,4
1,18,19,1,Chinese,2
1,18,19,2,Russians,1
1,18,19,2,Italians,0
1,18,19,2,Germans,2
1,18,19,2,Chinese,3
1,18,19,3,Russians,0
1,18,19,3,Italians,0
1,18,19,3,Germans,4
1,18,19,3,Chinese,3
1,18,19,4,Russians,0
1,18,19,4,Italians,0
1,18,19,4,Germans,2
1,18,19,4,Chinese,4
1,18,20,0,Russians,2
1,18,20,0,Italians,3
1,18,20,0,Germans,4
1,18,20,0,Chinese,3
1,18,20,1,Russians,1
1,18,20,1,Italians,2
1,18,20,1,Germans,3
1,18,20,1,Chinese,1
1,18,20,2,Russians,0
1,18,20,2,Italians,4
1,18,20,2,Germans,3
1,18,20,2,Chinese,3
1,18,20,3,Russians,0
1,18,20,3,Italians,2
1,18,20,3,Germans,3
1,18,20,3,Chinese,1
1,18,20,4,Russians,0
1,18,20,4,Italians,1
1,18,20,4,Germans,4
1,18,20,4,Chinese,3
1,18,21,0,Russians,2
1,18,21,0,Italians,2
1,18,21,0,Germans,4
1,18,21,0,Chinese,3
1,18,21,1,Russians,1
1,18,21,1,Italians,1
1,18,21,1,Germans,3
1,18,21,1,Chinese,2
1,18,21,2,Russians,2
1,18,21,2,Italians,1
1,18,21,2,Germans,3
1,18,21,2,Chinese,3
1,18,21,3,Russians,1
1,18,21,3,Italians,1
1,18,21,3,Germans,3
1,18,21,3,Chinese,1
1,18,21,4,Russians,0
1,18,21,4,Italians,0
1,18,21,4,Germans,3
1,18,21,4,Chinese,2
1,18,22,0,Russians,1
1,18,22,0,Italians,2
1,18,22,0,Germans,4
1,18,22,0,Chinese,3
1,18,22,1,Russians,1
1,18,22,1,Italians,1
1,18,22,1,Germans,3
1,18,22,1,Chinese,2
1,18,22,2,Russians,1
1,18,22,2,Italians,1
1,18,22,2,Germans,4
1,18,22,2,Chinese,2
1,18,22,3,Russians,0
1,18,22,3,Italians,1
1,18,22,3,Germans,4
1,18,22,3,Chinese,2
1,18,22,4,Russians,0
1,18,22,4,Italians,0
1,18,22,4,Germans,3
1,18,22,4,Chinese,3
1,18,23,0,Russians,2
1,18,23,0,Italians,3
1,18,23,0,Germans,4
1,18,23,0,Chinese,3
1,18,23,1,Russians,1
1,18,23,1,Italians,2
1,18,23,1,Germans,3
1,18,23,1,Chinese,2
1,18,23,2,Russians,0
1,18,23,2,Italians,1
1,18,23,2,Germans,3
1,18,23,2,Chinese,3
1,18,23,3,Russians,0
1,18,23,3,Italians,1
1,18,23,3,Germans,2
1,18,23,3,Chinese,3
1,18,23,4,Russians,0
1,18,23,4,Italians,0
1,18,23,4,Germans,3
1,18,23,4,Chinese,2
1,18,24,0,Russians,1
1,18,24,0,Italians,2
1,18,24,0,Germans,3
1,18,24,0,Chinese,3
1,18,24,1,Russians,0
1,18,24,1,Italians,1
1,18,24,1,Germans,4
1,18,24,1,Chinese,2
1,18,24,2,Russians,1
1,18,24,2,Italians,1
1,18,24,2,Germans,3
1,18,24,2,Chinese,3
1,18,24,3,Russians,0
1,18,24,3,Italians,2
1,18,24,3,Germans,2
1,18,24,3,Chinese,2
1,18,24,4,Russians,0
1,18,24,4,Italians,0
1,18,24,4,Germans,4
1,18,24,4,Chinese,1
1,18,25,0,Russians,2
1,18,25,0,Italians,2
1,18,25,0,Germans,4
1,18,25,0,Chinese,3
1,18,25,1,Russians,3
1,18,25,1,Italians,1
1,18,25,1,Germans,3
1,18,25,1,Chinese,2
1,18,25,2,Russians,0
1,18,25,2,Italians,1
1,18,25,2,Germans,4
1,18,25,2,Chinese,4
1,18,25,3,Russians,0
1,18,25,3,Italians,1
1,18,25,3,Germans,4
1,18,25,3,Chinese,2
1,18,25,4,Russians,0
1,18,25,4,Italians,0
1,18,25,4,Germans,3
1,18,25,4,Chinese,4
1,18,26,0,Russians,1
1,18,26,0,Italians,1
1,18,26,0,Germans,3
1,18,26,0,Chinese,3
1,18,26,1,Russians,2
1,18,26,1,Italians,0
1,18,26,1,Germans,3
1,18,26,1,Chinese,3
1,18,26,2,Russians,2
1,18,26,2,Italians,0
1,18,26,2,Germans,2
1,18,26,2,Chinese,3
1,18,26,3,Russians,2
1,18,26,3,Italians,0
1,18,26,3,Germans,2
1,18,26,3,Chinese,2
1,18,26,4,Russians,0
1,18,26,4,Italians,0
1,18,26,4,Germans,3
1,18,26,4,Chinese,2
1,18,27,0,Russians,2
1,18,27,0,Italians,2
1,18,27,0,Germans,3
1,18,27,0,Chinese,3
1,18,27,1,Russians,1
1,18,27,1,Italians,0
1,18,27,1,Germans,3
1,18,27,1,Chinese,2
1,18,27,2,Russians,1
1,18,27,2,Italians,1
1,18,27,2,Germans,4
1,18,27,2,Chinese,3
1,18,27,3,Russians,0
1,18,27,3,Italians,0
1,18,27,3,Germans,3
1,18,27,3,Chinese,3
1,18,27,4,Russians,0
1,18,27,4,Italians,0
1,18,27,4,Germans,4
1,18,27,4,Chinese,3
1,18,28,0,Russians,1
1,18,28,0,Italians,2
1,18,28,0,Germans,3
1,18,28,0,Chinese,3
1,18,28,1,Russians,2
1,18,28,1,Italians,1
1,18,28,1,Germans,3
1,18,28,1,Chinese,2
1,18,28,2,Russians,1
1,18,28,2,Italians,2
1,18,28,2,Germans,3
1,18,28,2,Chinese,3
1,18,28,3,Russians,0
1,18,28,3,Italians,2
1,18,28,3,Germans,3
1,18,28,3,Chinese,2
1,18,28,4,Russians,0
1,18,28,4,Italians,1
1,18,28,4,Germans,3
1,18,28,4,Chinese,3
1,18,29,0,Russians,2
1,18,29,0,Italians,1
1,18,29,0,Germans,3
1,18,29,0,Chinese,3
1,18,29,1,Russians,2
1,18,29,1,Italians,0
1,18,29,1,Germans,4
1,18,29,1,Chinese,4
1,18,29,2,Russians,1
1,18,29,2,Italians,0
1,18,29,2,Germans,2
1,18,29,2,Chinese,3
1,18,29,3,Russians,0
1,18,29,3,Italians,0
1,18,29,3,Germans,2
1,18,29,3,Chinese,2
1,19,1,0,Russians,0
1,19,1,0,Italians,3
1,19,1,0,Germans,4
1,19,1,0,Chinese,2
1,19,1,1,Russians,0
1,19,1,1,Italians,2
1,19,1,1,Germans,4
1,19,1,1,Chinese,5
1,19,1,2,Russians,0
1,19,1,2,Italians,1
1,19,1,2,Germans,4
1,19,1,2,Chinese,4
1,19,1,3,Russians,0
1,19,1,3,Italians,0
1,19,1,3,Germans,3
1,19,1,3,Chinese,2
1,19,1,4,Russians,0
1,19,1,4,Italians,0
1,19,1,4,Germans,4
1,19,1,4,Chinese,2
1,19,2,0,Russians,1
1,19,2,0,Italians,3
1,19,2,0,Germans,4
1,19,2,0,Chinese,2
1,19,2,1,Russians,0
1,19,2,1,Italians,2
1,19,2,1,Germans,4
1,19,2,1,Chinese,2
1,19,2,2,Russians,0
1,19,2,2,Italians,1
1,19,2,2,Germans,4
1,19,2,2,Chinese,3
1,19,2,3,Russians,0
1,19,2,3,Italians,1
1,19,2,3,Germans,4
1,19,2,3,Chinese,3
1,19,2,4,Russians,0
1,19,2,4,Italians,0
1,19,2,4,Germans,3
1,19,2,4,Chinese,2
1,19,3,0,Russians,0
1,19,3,0,Italians,3
1,19,3,0,Germans,4
1,19,3,0,Chinese,2
1,19,3,1,Russians,0
1,19,3,1,Italians,2
1,19,3,1,Germans,3
1,19,3,1,Chinese,1
1,19,3,2,Russians,0
1,19,3,2,Italians,1
1,19,3,2,Germans,3
1,19,3,2,Chinese,2
1,19,3,3,Russians,0
1,19,3,3,Italians,0
1,19,3,3,Germans,3
1,19,3,3,Chinese,2
1,19,3,4,Russians,0
1,19,3,4,Italians,0
1,19,3,4,Germans,3
1,19,3,4,Chinese,2
1,19,4,0,Russians,1
1,19,4,0,Italians,3
1,19,4,0,Germans,4
1,19,4,0,Chinese,2
1,19,4,1,Russians,0
1,19,4,1,Italians,2
1,19,4,1,Germans,3
1,19,4,1,Chinese,1
1,19,4,2,Russians,0
1,19,4,2,Italians,1
1,19,4,2,Germans,3
1,19,4,2,Chinese,2
1,19,4,3,Russians,0
1,19,4,3,Italians,0
1,19,4,3,Germans,3
1,19,4,3,Chinese,3
1,19,4,4,Russians,0
1,19,4,4,Italians,0
1,19,4,4,Germans,3
1,19,4,4,Chinese,2
1,19,5,0,Russians,0
1,19,5,0,Italians,3
1,19,5,0,Germans,4
1,19,5,0,Chinese,2
1,19,5,1,Russians,0
1,19,5,1,Italians,2
1,19,5,1,Germans,3
1,19,5,1,Chinese,4
1,19,5,2,Russians,0
1,19,5,2,Italians,0
1,19,5,2,Germans,2
1,19,5,2,Chinese,3
1,19,5,3,Russians,0
1,19,5,3,Italians,0
1,19,5,3,Germans,3
1,19,5,3,Chinese,2
1,19,5,4,Russians,0
1,19,5,4,Italians,0
1,19,5,4,Germans,3
1,19,5,4,Chinese,1
1,19,6,0,Russians,1
1,19,6,0,Italians,3
1,19,6,0,Germans,4
1,19,6,0,Chinese,2
1,19,6,1,Russians,0
1,19,6,1,Italians,1
1,19,6,1,Germans,4
1,19,6,1,Chinese,5
1,19,6,2,Russians,0
1,19,6,2,Italians,0
1,19,6,2,Germans,3
1,19,6,2,Chinese,3
1,19,6,3,Russians,0
1,19,6,3,Italians,0
1,19,6,3,Germans,2
1,19,6,3,Chinese,2
1,19,6,4,Russians,0
1,19,6,4,Italians,0
1,19,6,4,Germans,2
1,19,6,4,Chinese,2
1,19,7,0,Russians,0
1,19,7,0,Italians,3
1,19,7,0,Germans,4
1,19,7,0,Chinese,2
1,19,7,1,Russians,0
1,19,7,1,Italians,1
1,19,7,1,Germans,3
1,19,7,1,Chinese,4
1,19,7,2,Russians,0
1,19,7,2,Italians,0
1,19,7,2,Germans,3
1,19,7,2,Chinese,3
1,19,7,3,Russians,0
1,19,7,3,Italians,0
1,19,7,3,Germans,4
1,19,7,3,Chinese,3
1,19,7,4,Russians,0
1,19,7,4,Italians,0
1,19,7,4,Germans,3
1,19,7,4,Chinese,2
1,19,8,0,Russians,2
1,19,8,0,Italians,3
1,19,8,0,Germans,4
1,19,8,0,Chinese,2
1,19,8,1,Russians,1
1,19,8,1,Italians,0
1,19,8,1,Germans,4
1,19,8,1,Chinese,4
1,19,8,2,Russians,0
1,19,8,2,Italians,0
1,19,8,2,Germans,4
1,19,8,2,Chinese,4
1,19,8,3,Russians,0
1,19,8,3,Italians,0
1,19,8,3,Germans,4
1,19,8,3,Chinese,2
1,19,8,4,Russians,0
1,19,8,4,Italians,0
1,19,8,4,Germans,3
1,19,8,4,Chinese,3
1,19,9,0,Russians,0
1,19,9,0,Italians,3
1,19,9,0,Germans,4
1,19,9,0,Chinese,2
1,19,9,1,Russians,0
1,19,9,1,Italians,1
1,19,9,1,Germans,4
1,19,9,1,Chinese,4
1,19,9,2,Russians,0
1,19,9,2,Italians,0
1,19,9,2,Germans,4
1,19,9,2,Chinese,3
1,19,9,3,Russians,0
1,19,9,3,Italians,0
1,19,9,3,Germans,2
1,19,9,3,Chinese,2
1,19,9,4,Russians,0
1,19,9,4,Italians,0
1,19,9,4,Germans,4
1,19,9,4,Chinese,3
1,19,10,0,Russians,1
1,19,10,0,Italians,3
1,19,10,0,Germans,4
1,19,10,0,Chinese,2
1,19,10,1,Russians,0
1,19,10,1,Italians,2
1,19,10,1,Germans,4
1,19,10,1,Chinese,5
1,19,10,2,Russians,0
1,19,10,2,Italians,0
1,19,10,2,Germans,4
1,19,10,2,Chinese,4
1,19,10,3,Russians,0
1,19,10,3,Italians,0
1,19,10,3,Germans,3
1,19,10,3,Chinese,2
1,19,10,4,Russians,0
1,19,10,4,Italians,0
1,19,10,4,Germans,4
1,19,10,4,Chinese,3
1,19,11,0,Russians,0
1,19,11,0,Italians,3
1,19,11,0,Germans,4
1,19,11,0,Chinese,2
1,19,11,1,Russians,0
1,19,11,1,Italians,2
1,19,11,1,Germans,3
1,19,11,1,Chinese,1
1,19,11,2,Russians,0
1,19,11,2,Italians,1
1,19,11,2,Germans,3
1,19,11,2,Chinese,3
1,19,11,3,Russians,0
1,19,11,3,Italians,0
1,19,11,3,Germans,4
1,19,11,3,Chinese,3
1,19,11,4,Russians,0
1,19,11,4,Italians,0
1,19,11,4,Germans,2
1,19,11,4,Chinese,2
1,19,12,0,Russians,2
1,19,12,0,Italians,3
1,19,12,0,Germans,4
1,19,12,0,Chinese,2
1,19,12,1,Russians,1
1,19,12,1,Italians,0
1,19,12,1,Germans,4
1,19,12,1,Chinese,4
1,19,12,2,Russians,0
1,19,12,2,Italians,0
1,19,12,2,Germans,3
1,19,12,2,Chinese,4
1,19,12,3,Russians,0
1,19,12,3,Italians,0
1,19,12,3,Germans,4
1,19,12,3,Chinese,3
1,19,12,4,Russians,0
1,19,12,4,Italians,0
1,19,12,4,Germans,4
1,19,12,4,Chinese,3
1,19,13,0,Russians,0
1,19,13,0,Italians,3
1,19,13,0,Germans,4
1,19,13,0,Chinese,2
1,19,13,1,Russians,0
1,19,13,1,Italians,2
1,19,13,1,Germans,4
1,19,13,1,Chinese,2
1,19,13,2,Russians,0
1,19,13,2,Italians,1
1,19,13,2,Germans,4
1,19,13,2,Chinese,3
1,19,13,3,Russians,0
1,19,13,3,Italians,0
1,19,13,3,Germans,4
1,19,13,3,Chinese,3
1,19,13,4,Russians,0
1,19,13,4,Italians,0
1,19,13,4,Germans,3
1,19,13,4,Chinese,2
1,19,14,0,Russians,1
1,19,14,0,Italians,3
1,19,14,0,Germans,4
1,19,14,0,Chinese,2
1,19,14,1,Russians,0
1,19,14,1,Italians,2
1,19,14,1,Germans,3
1,19,14,1,Chinese,1
1,19,14,2,Russians,0
1,19,14,2,Italians,1
1,19,14,2,Germans,3
1,19,14,2,Chinese,2
1,19,14,3,Russians,0
1,19,14,3,Italians,0
1,19,14,3,Germans,4
1,19,14,3,Chinese,2
1,19,14,4,Russians,0
1,19,14,4,Italians,0
1,19,14,4,Germans,3
1,19,14,4,Chinese,1
1,19,15,0,Russians,0
1,19,15,0,Italians,3
1,19,15,0,Germans,4
1,19,15,0,Chinese,2
1,19,15,1,Russians,0
1,19,15,1,Italians,1
1,19,15,1,Germans,3
1,19,15,1,Chinese,3
1,19,15,2,Russians,0
1,19,15,2,Italians,0
1,19,15,2,Germans,4
1,19,15,2,Chinese,4
1,19,15,3,Russians,0
1,19,15,3,Italians,0
1,19,15,3,Germans,3
1,19,15,3,Chinese,4
1,19,15,4,Russians,0
1,19,15,4,Italians,0
1,19,15,4,Germans,3
1,19,15,4,Chinese,4
1,19,16,0,Russians,1
1,19,16,0,Italians,3
1,19,16,0,Germans,4
1,19,16,0,Chinese,2
1,19,16,1,Russians,0
1,19,16,1,Italians,1
1,19,16,1,Germans,3
1,19,16,1,Chinese,4
1,19,16,2,Russians,0
1,19,16,2,Italians,1
1,19,16,2,Germans,3
1,19,16,2,Chinese,3
1,19,16,3,Russians,0
1,19,16,3,Italians,0
1,19,16,3,Germans,4
1,19,16,3,Chinese,3
1,19,16,4,Russians,0
1,19,16,4,Italians,0
1,19,16,4,Germans,4
1,19,16,4,Chinese,0
1,19,17,0,Russians,0
1,19,17,0,Italians,3
1,19,17,0,Germans,4
1,19,17,0,Chinese,2
1,19,17,1,Russians,0
1,19,17,1,Italians,1
1,19,17,1,Germans,4
1,19,17,1,Chinese,4
1,19,17,2,Russians,0
1,19,17,2,Italians,0
1,19,17,2,Germans,4
1,19,17,2,Chinese,4
1,19,17,3,Russians,0
1,19,17,3,Italians,0
1,19,17,3,Germans,3
1,19,17,3,Chinese,3
1,19,17,4,Russians,0
1,19,17,4,Italians,0
1,19,17,4,Germans,3
1,19,17,4,Chinese,3
1,19,18,0,Russians,1
1,19,18,0,Italians,3
1,19,18,0,Germans,4
1,19,18,0,Chinese,2
1,19,18,1,Russians,0
1,19,18,1,Italians,2
1,19,18,1,Germans,4
1,19,18,1,Chinese,5
1,19,18,2,Russians,0
1,19,18,2,Italians,1
1,19,18,2,Germans,4
1,19,18,2,Chinese,4
1,19,18,3,Russians,0
1,19,18,3,Italians,0
1,19,18,3,Germans,3
1,19,18,3,Chinese,3
1,19,18,4,Russians,0
1,19,18,4,Italians,0
1,19,18,4,Germans,4
1,19,18,4,Chinese,2
1,19,19,0,Russians,0
1,19,19,0,Italians,3
1,19,19,0,Germans,4
1,19,19,0,Chinese,2
1,19,19,1,Russians,0
1,19,19,1,Italians,1
1,19,19,1,Germans,4
1,19,19,1,Chinese,5
1,19,19,2,Russians,0
1,19,19,2,Italians,0
1,19,19,2,Germans,4
1,19,19,2,Chinese,3
1,19,19,3,Russians,0
1,19,19,3,Italians,0
1,19,19,3,Germans,3
1,19,19,3,Chinese,2
1,19,19,4,Russians,0
1,19,19,4,Italians,0
1,19,19,4,Germans,3
1,19,19,4,Chinese,3
1,19,20,0,Russians,1
1,19,20,0,Italians,3
1,19,20,0,Germans,4
1,19,20,0,Chinese,2
1,19,20,1,Russians,0
1,19,20,1,Italians,1
1,19,20,1,Germans,4
1,19,20,1,Chinese,5
1,19,20,2,Russians,0
1,19,20,2,Italians,0
1,19,20,2,Germans,3
1,19,20,2,Chinese,3
1,19,20,3,Russians,0
1,19,20,3,Italians,0
1,19,20,3,Germans,3
1,19,20,3,Chinese,2
1,19,20,4,Russians,0
1,19,20,4,Italians,0
1,19,20,4,Germans,4
1,19,20,4,Chinese,1
1,19,21,0,Russians,0
1,19,21,0,Italians,3
1,19,21,0,Germans,4
1,19,21,0,Chinese,2
1,19,21,1,Russians,0
1,19,21,1,Italians,2
1,19,21,1,Germans,4
1,19,21,1,Chinese,5
1,19,21,2,Russians,0
1,19,21,2,Italians,0
1,19,21,2,Germans,3
1,19,21,2,Chinese,3
1,19,21,3,Russians,0
1,19,21,3,Italians,0
1,19,21,3,Germans,3
1,19,21,3,Chinese,1
1,19,21,4,Russians,0
1,19,21,4,Italians,0
1,19,21,4,Germans,3
1,19,21,4,Chinese,2
1,19,22,0,Russians,1
1,19,22,0,Italians,3
1,19,22,0,Germans,4
1,19,22,0,Chinese,2
1,19,22,1,Russians,0
1,19,22,1,Italians,2
1,19,22,1,Germans,4
1,19,22,1,Chinese,2
1,19,22,2,Russians,0
1,19,22,2,Italians,1
1,19,22,2,Germans,4
1,19,22,2,Chinese,3
1,19,22,3,Russians,0
1,19,22,3,Italians,1
1,19,22,3,Germans,4
1,19,22,3,Chinese,2
1,19,22,4,Russians,0
1,19,22,4,Italians,0
1,19,22,4,Germans,3
1,19,22,4,Chinese,2
1,19,23,0,Russians,0
1,19,23,0,Italians,3
1,19,23,0,Germans,4
1,19,23,0,Chinese,2
1,19,23,1,Russians,0
1,19,23,1,Italians,1
1,19,23,1,Germans,4
1,19,23,1,Chinese,4
1,19,23,2,Russians,0
1,19,23,2,Italians,0
1,19,23,2,Germans,4
1,19,23,2,Chinese,4
1,19,23,3,Russians,0
1,19,23,3,Italians,0
1,19,23,3,Germans,3
1,19,23,3,Chinese,2
1,19,23,4,Russians,0
1,19,23,4,Italians,0
1,19,23,4,Germans,3
1,19,23,4,Chinese,3
1,19,24,0,Russians,2
1,19,24,0,Italians,3
1,19,24,0,Germans,4
1,19,24,0,Chinese,2
1,19,24,1,Russians,1
1,19,24,1,Italians,0
1,19,24,1,Germans,3
1,19,24,1,Chinese,3
1,19,24,2,Russians,0
1,19,24,2,Italians,0
1,19,24,2,Germans,3
1,19,24,2,Chinese,4
1,19,24,3,Russians,0
1,19,24,3,Italians,0
1,19,24,3,Germans,4
1,19,24,3,Chinese,3
1,19,24,4,Russians,0
1,19,24,4,Italians,0
1,19,24,4,Germans,3
1,19,24,4,Chinese,1
1,19,25,0,Russians,0
1,19,25,0,Italians,3
1,19,25,0,Germans,4
1,19,25,0,Chinese,2
1,19,25,1,Russians,0
1,19,25,1,Italians,1
1,19,25,1,Germans,4
1,19,25,1,Chinese,4
1,19,25,2,Russians,0
1,19,25,2,Italians,0
1,19,25,2,Germans,3
1,19,25,2,Chinese,3
1,19,25,3,Russians,0
1,19,25,3,Italians,0
1,19,25,3,Germans,2
1,19,25,3,Chinese,1
1,19,25,4,Russians,0
1,19,25,4,Italians,0
1,19,25,4,Germans,4
1,19,25,4,Chinese,2
1,19,26,0,Russians,1
1,19,26,0,Italians,3
1,19,26,0,Germans,4
1,19,26,0,Chinese,2
1,19,26,1,Russians,0
1,19,26,1,Italians,1
1,19,26,1,Germans,4
1,19,26,1,Chinese,4
1,19,26,2,Russians,0
1,19,26,2,Italians,0
1,19,26,2,Germans,3
1,19,26,2,Chinese,3
1,19,26,3,Russians,0
1,19,26,3,Italians,0
1,19,26,3,Germans,3
1,19,26,3,Chinese,2
1,19,26,4,Russians,0
1,19,26,4,Italians,0
1,19,26,4,Germans,4
1,19,26,4,Chinese,2
1,19,27,0,Russians,0
1,19,27,0,Italians,3
1,19,27,0,Germans,4
1,19,27,0,Chinese,2
1,19,27,1,Russians,0
1,19,27,1,Italians,1
1,19,27,1,Germans,4
1,19,27,1,Chinese,4
1,19,27,2,Russians,0
1,19,27,2,Italians,0
1,19,27,2,Germans,4
1,19,27,2,Chinese,3
1,19,27,3,Russians,0
1,19,27,3,Italians,0
1,19,27,3,Germans,3
1,19,27,3,Chinese,3
1,19,27,4,Russians,0
1,19,27,4,Italians,0
1,19,27,4,Germans,3
1,19,27,4,Chinese,4
1,19,28,0,Russians,1
1,19,28,0,Italians,3
1,19,28,0,Germans,4
1,19,28,0,Chinese,2
1,19,28,1,Russians,0
1,19,28,1,Italians,1
1,19,28,1,Germans,3
1,19,28,1,Chinese,4
1,19,28,2,Russians,0
1,19,28,2,Italians,1
1,19,28,2,Germans,3
1,19,28,2,Chinese,2
1,19,28,3,Russians,0
1,19,28,3,Italians,0
1,19,28,3,Germans,4
1,19,28,3,Chinese,2
1,19,28,4,Russians,0
1,19,28,4,Italians,0
1,19,28,4,Germans,3
1,19,28,4,Chinese,1
1,19,29,0,Russians,0
1,19,29,0,Italians,3
1,19,29,0,Germans,4
1,19,29,0,Chinese,2
1,19,29,1,Russians,0
1,19,29,1,Italians,1
1,19,29,1,Germans,4
1,19,29,1,Chinese,5
1,19,29,2,Russians,0
1,19,29,2,Italians,0
1,19,29,2,Germans,3
1,19,29,2,Chinese,3
1,19,29,3,Russians,0
1,19,29,3,Italians,0
1,19,29,3,Germans,3
1,19,29,3,Chinese,2
1,19,29,4,Russians,0
1,19,29,4,Italians,0
1,19,29,4,Germans,3
1,19,29,4,Chinese,2
1,19,30,0,Russians,1
1,19,30,0,Italians,3
1,19,30,0,Germans,4
1,19,30,0,Chinese,2
1,19,30,1,Russians,0
1,19,30,1,Italians,1
1,19,30,1,Germans,3
1,19,30,1,Chinese,3
1,19,30,2,Russians,0
1,19,30,2,Italians,0
1,19,30,2,Germans,3
1,19,30,2,Chinese,4
1,19,30,3,Russians,0
1,19,30,3,Italians,0
1,19,30,3,Germans,3
1,19,30,3,Chinese,4
1,20,1,0,Russians,0
1,20,1,0,Italians,2
1,20,1,0,Germans,4
1,20,1,0,Chinese,2
1,20,1,1,Russians,0
1,20,1,1,Italians,1
1,20,1,1,Germans,4
1,20,1,1,Chinese,4
1,20,1,2,Russians,0
1,20,1,2,Italians,0
1,20,1,2,Germans,4
1,20,1,2,Chinese,1
1,20,1,3,Russians,0
1,20,1,3,Italians,1
1,20,1,3,Germans,4
1,20,1,3,Chinese,1
1,20,1,4,Russians,0
1,20,1,4,Italians,0
1,20,1,4,Germans,3
1,20,1,4,Chinese,2
1,20,2,0,Russians,1
1,20,2,0,Italians,2
1,20,2,0,Germans,4
1,20,2,0,Chinese,2
1,20,2,1,Russians,0
1,20,2,1,Italians,1
1,20,2,1,Germans,4
1,20,2,1,Chinese,3
1,20,2,2,Russians,0
1,20,2,2,Italians,0
1,20,2,2,Germans,4
1,20,2,2,Chinese,2
1,20,2,3,Russians,0
1,20,2,3,Italians,0
1,20,2,3,Germans,4
1,20,2,3,Chinese,2
1,20,2,4,Russians,0
1,20,2,4,Italians,0
1,20,2,4,Germans,3
1,20,2,4,Chinese,2
1,20,3,0,Russians,1
1,20,3,0,Italians,3
1,20,3,0,Germans,3
1,20,3,0,Chinese,2
1,20,3,1,Russians,0
1,20,3,1,Italians,1
1,20,3,1,Germans,4
1,20,3,1,Chinese,2
1,20,3,2,Russians,0
1,20,3,2,Italians,0
1,20,3,2,Germans,4
1,20,3,2,Chinese,2
1,20,3,3,Russians,0
1,20,3,3,Italians,0
1,20,3,3,Germans,3
1,20,3,3,Chinese,2
1,20,3,4,Russians,0
1,20,3,4,Italians,0
1,20,3,4,Germans,3
1,20,3,4,Chinese,2
1,20,4,0,Russians,0
1,20,4,0,Italians,3
1,20,4,0,Germans,3
1,20,4,0,Chinese,2
1,20,4,1,Russians,0
1,20,4,1,Italians,1
1,20,4,1,Germans,4
1,20,4,1,Chinese,3
1,20,4,2,Russians,0
1,20,4,2,Italians,0
1,20,4,2,Germans,4
1,20,4,2,Chinese,2
1,20,4,3,Russians,0
1,20,4,3,Italians,0
1,20,4,3,Germans,4
1,20,4,3,Chinese,3
1,20,4,4,Russians,0
1,20,4,4,Italians,0
1,20,4,4,Germans,3
1,20,4,4,Chinese,2
1,20,5,0,Russians,1
1,20,5,0,Italians,2
1,20,5,0,Germans,4
1,20,5,0,Chinese,2
1,20,5,1,Russians,0
1,20,5,1,Italians,1
1,20,5,1,Germans,4
1,20,5,1,Chinese,4
1,20,5,2,Russians,0
1,20,5,2,Italians,0
1,20,5,2,Germans,4
1,20,5,2,Chinese,3
1,20,5,3,Russians,0
1,20,5,3,Italians,0
1,20,5,3,Germans,4
1,20,5,3,Chinese,2
1,20,5,4,Russians,0
1,20,5,4,Italians,0
1,20,5,4,Germans,3
1,20,5,4,Chinese,2
1,20,6,0,Russians,1
1,20,6,0,Italians,2
1,20,6,0,Germans,4
1,20,6,0,Chinese,2
1,20,6,1,Russians,0
1,20,6,1,Italians,1
1,20,6,1,Germans,4
1,20,6,1,Chinese,4
1,20,6,2,Russians,0
1,20,6,2,Italians,0
1,20,6,2,Germans,4
1,20,6,2,Chinese,2
1,20,6,3,Russians,0
1,20,6,3,Italians,1
1,20,6,3,Germans,3
1,20,6,3,Chinese,2
1,20,6,4,Russians,0
1,20,6,4,Italians,0
1,20,6,4,Germans,2
1,20,6,4,Chinese,2
1,20,7,0,Russians,0
1,20,7,0,Italians,2
1,20,7,0,Germans,4
1,20,7,0,Chinese,2
1,20,7,1,Russians,0
1,20,7,1,Italians,1
1,20,7,1,Germans,4
1,20,7,1,Chinese,4
1,20,7,2,Russians,0
1,20,7,2,Italians,0
1,20,7,2,Germans,4
1,20,7,2,Chinese,3
1,20,7,3,Russians,0
1,20,7,3,Italians,0
1,20,7,3,Germans,4
1,20,7,3,Chinese,2
1,20,7,4,Russians,0
1,20,7,4,Italians,0
1,20,7,4,Germans,3
1,20,7,4,Chinese,2
1,20,8,0,Russians,1
1,20,8,0,Italians,2
1,20,8,0,Germans,4
1,20,8,0,Chinese,2
1,20,8,1,Russians,0
1,20,8,1,Italians,1
1,20,8,1,Germans,4
1,20,8,1,Chinese,4
1,20,8,2,Russians,0
1,20,8,2,Italians,0
1,20,8,2,Germans,3
1,20,8,2,Chinese,2
1,20,8,3,Russians,0
1,20,8,3,Italians,1
1,20,8,3,Germans,4
1,20,8,3,Chinese,2
1,20,8,4,Russians,0
1,20,8,4,Italians,0
1,20,8,4,Germans,3
1,20,8,4,Chinese,2
1,20,9,0,Russians,1
1,20,9,0,Italians,2
1,20,9,0,Germans,4
1,20,9,0,Chinese,2
1,20,9,1,Russians,0
1,20,9,1,Italians,1
1,20,9,1,Germans,4
1,20,9,1,Chinese,3
1,20,9,2,Russians,0
1,20,9,2,Italians,0
1,20,9,2,Germans,4
1,20,9,2,Chinese,1
1,20,9,3,Russians,0
1,20,9,3,Italians,1
1,20,9,3,Germans,4
1,20,9,3,Chinese,3
1,20,9,4,Russians,0
1,20,9,4,Italians,0
1,20,9,4,Germans,2
1,20,9,4,Chinese,2
1,20,10,0,Russians,0
1,20,10,0,Italians,3
1,20,10,0,Germans,3
1,20,10,0,Chinese,2
1,20,10,1,Russians,0
1,20,10,1,Italians,1
1,20,10,1,Germans,4
1,20,10,1,Chinese,3
1,20,10,2,Russians,0
1,20,10,2,Italians,0
1,20,10,2,Germans,4
1,20,10,2,Chinese,2
1,20,10,3,Russians,0
1,20,10,3,Italians,0
1,20,10,3,Germans,4
1,20,10,3,Chinese,2
1,20,10,4,Russians,0
1,20,10,4,Italians,0
1,20,10,4,Germans,3
1,20,10,4,Chinese,2
1,20,11,0,Russians,1
1,20,11,0,Italians,2
1,20,11,0,Germans,4
1,20,11,0,Chinese,2
1,20,11,1,Russians,0
1,20,11,1,Italians,1
1,20,11,1,Germans,4
1,20,11,1,Chinese,4
1,20,11,2,Russians,0
1,20,11,2,Italians,0
1,20,11,2,Germans,4
1,20,11,2,Chinese,1
1,20,11,3,Russians,0
1,20,11,3,Italians,1
1,20,11,3,Germans,4
1,20,11,3,Chinese,2
1,20,11,4,Russians,0
1,20,11,4,Italians,0
1,20,11,4,Germans,3
1,20,11,4,Chinese,2
1,20,12,0,Russians,1
1,20,12,0,Italians,3
1,20,12,0,Germans,3
1,20,12,0,Chinese,2
1,20,12,1,Russians,0
1,20,12,1,Italians,1
1,20,12,1,Germans,4
1,20,12,1,Chinese,3
1,20,12,2,Russians,0
1,20,12,2,Italians,0
1,20,12,2,Germans,4
1,20,12,2,Chinese,2
1,20,12,3,Russians,0
1,20,12,3,Italians,0
1,20,12,3,Germans,3
1,20,12,3,Chinese,2
1,20,12,4,Russians,0
1,20,12,4,Italians,0
1,20,12,4,Germans,4
1,20,12,4,Chinese,2
1,20,13,0,Russians,0
1,20,13,0,Italians,3
1,20,13,0,Germans,3
1,20,13,0,Chinese,2
1,20,13,1,Russians,0
1,20,13,1,Italians,1
1,20,13,1,Germans,4
1,20,13,1,Chinese,4
1,20,13,2,Russians,0
1,20,13,2,Italians,0
1,20,13,2,Germans,4
1,20,13,2,Chinese,2
1,20,13,3,Russians,0
1,20,13,3,Italians,0
1,20,13,3,Germans,4
1,20,13,3,Chinese,2
1,20,13,4,Russians,0
1,20,13,4,Italians,0
1,20,13,4,Germans,2
1,20,13,4,Chinese,2
1,20,14,0,Russians,1
1,20,14,0,Italians,2
1,20,14,0,Germans,4
1,20,14,0,Chinese,2
1,20,14,1,Russians,0
1,20,14,1,Italians,1
1,20,14,1,Germans,4
1,20,14,1,Chinese,4
1,20,14,2,Russians,0
1,20,14,2,Italians,0
1,20,14,2,Germans,4
1,20,14,2,Chinese,1
1,20,14,3,Russians,0
1,20,14,3,Italians,1
1,20,14,3,Germans,4
1,20,14,3,Chinese,2
1,20,14,4,Russians,0
1,20,14,4,Italians,0
1,20,14,4,Germans,2
1,20,14,4,Chinese,2
1,20,15,0,Russians,1
1,20,15,0,Italians,2
1,20,15,0,Germans,4
1,20,15,0,Chinese,2
1,20,15,1,Russians,0
1,20,15,1,Italians,1
1,20,15,1,Germans,4
1,20,15,1,Chinese,3
1,20,15,2,Russians,0
1,20,15,2,Italians,0
1,20,15,2,Germans,4
1,20,15,2,Chinese,3
1,20,15,3,Russians,0
1,20,15,3,Italians,0
1,20,15,3,Germans,4
1,20,15,3,Chinese,3
1,20,15,4,Russians,0
1,20,15,4,Italians,0
1,20,15,4,Germans,3
1,20,15,4,Chinese,2
1,20,16,0,Russians,0
1,20,16,0,Italians,2
1,20,16,0,Germans,4
1,20,16,0,Chinese,2
1,20,16,1,Russians,0
1,20,16,1,Italians,1
1,20,16,1,Germans,4
1,20,16,1,Chinese,3
1,20,16,2,Russians,0
1,20,16,2,Italians,0
1,20,16,2,Germans,4
1,20,16,2,Chinese,2
1,20,16,3,Russians,0
1,20,16,3,Italians,1
1,20,16,3,Germans,4
1,20,16,3,Chinese,2
1,20,16,4,Russians,0
1,20,16,4,Italians,0
1,20,16,4,Germans,2
1,20,16,4,Chinese,1
1,20,17,0,Russians,1
1,20,17,0,Italians,2
1,20,17,0,Germans,4
1,20,17,0,Chinese,2
1,20,17,1,Russians,0
1,20,17,1,Italians,1
1,20,17,1,Germans,4
1,20,17,1,Chinese,4
1,20,17,2,Russians,0
1,20,17,2,Italians,0
1,20,17,2,Germans,4
1,20,17,2,Chinese,1
1,20,17,3,Russians,0
1,20,17,3,Italians,1
1,20,17,3,Germans,4
1,20,17,3,Chinese,2
1,20,17,4,Russians,0
1,20,17,4,Italians,0
1,20,17,4,Germans,3
1,20,17,4,Chinese,2
1,20,18,0,Russians,1
1,20,18,0,Italians,3
1,20,18,0,Germans,3
1,20,18,0,Chinese,2
1,20,18,1,Russians,0
1,20,18,1,Italians,1
1,20,18,1,Germans,4
1,20,18,1,Chinese,2
1,20,18,2,Russians,0
1,20,18,2,Italians,0
1,20,18,2,Germans,4
1,20,18,2,Chinese,2
1,20,18,3,Russians,0
1,20,18,3,Italians,0
1,20,18,3,Germans,3
1,20,18,3,Chinese,3
1,20,18,4,Russians,0
1,20,18,4,Italians,0
1,20,18,4,Germans,4
1,20,18,4,Chinese,2
1,20,19,0,Russians,0
1,20,19,0,Italians,2
1,20,19,0,Germans,4
1,20,19,0,Chinese,2
1,20,19,1,Russians,0
1,20,19,1,Italians,1
1,20,19,1,Germans,4
1,20,19,1,Chinese,3
1,20,19,2,Russians,0
1,20,19,2,Italians,0
1,20,19,2,Germans,3
1,20,19,2,Chinese,2
1,20,19,3,Russians,0
1,20,19,3,Italians,0
1,20,19,3,Germans,4
1,20,19,3,Chinese,2
1,20,19,4,Russians,0
1,20,19,4,Italians,0
1,20,19,4,Germans,3
1,20,19,4,Chinese,3
1,20,20,0,Russians,1
1,20,20,0,Italians,2
1,20,20,0,Germans,4
1,20,20,0,Chinese,2
1,20,20,1,Russians,0
1,20,20,1,Italians,1
1,20,20,1,Germans,4
1,20,20,1,Chinese,4
1,20,20,2,Russians,0
1,20,20,2,Italians,0
1,20,20,2,Germans,4
1,20,20,2,Chinese,2
1,20,20,3,Russians,0
1,20,20,3,Italians,1
1,20,20,3,Germans,4
1,20,20,3,Chinese,2
1,20,20,4,Russians,0
1,20,20,4,Italians,0
1,20,20,4,Germans,2
1,20,20,4,Chinese,2
1,20,21,0,Russians,1
1,20,21,0,Italians,3
1,20,21,0,Germans,3
1,20,21,0,Chinese,2
1,20,21,1,Russians,0
1,20,21,1,Italians,1
1,20,21,1,Germans,4
1,20,21,1,Chinese,3
1,20,21,2,Russians,0
1,20,21,2,Italians,0
1,20,21,2,Germans,4
1,20,21,2,Chinese,2
1,20,21,3,Russians,0
1,20,21,3,Italians,0
1,20,21,3,Germans,3
1,20,21,3,Chinese,3
1,20,21,4,Russians,0
1,20,21,4,Italians,0
1,20,21,4,Germans,3
1,20,21,4,Chinese,1
1,20,22,0,Russians,0
1,20,22,0,Italians,3
1,20,22,0,Germans,3
1,20,22,0,Chinese,2
1,20,22,1,Russians,0
1,20,22,1,Italians,1
1,20,22,1,Germans,4
1,20,22,1,Chinese,3
1,20,22,2,Russians,0
1,20,22,2,Italians,0
1,20,22,2,Germans,3
1,20,22,2,Chinese,3
1,20,22,3,Russians,0
1,20,22,3,Italians,0
1,20,22,3,Germans,3
1,20,22,3,Chinese,3
1,20,22,4,Russians,0
1,20,22,4,Italians,0
1,20,22,4,Germans,3
1,20,22,4,Chinese,2
1,20,23,0,Russians,1
1,20,23,0,Italians,2
1,20,23,0,Germans,4
1,20,23,0,Chinese,2
1,20,23,1,Russians,0
1,20,23,1,Italians,1
1,20,23,1,Germans,4
1,20,23,1,Chinese,3
1,20,23,2,Russians,0
1,20,23,2,Italians,0
1,20,23,2,Germans,4
1,20,23,2,Chinese,3
1,20,23,3,Russians,0
1,20,23,3,Italians,0
1,20,23,3,Germans,4
1,20,23,3,Chinese,3
1,20,23,4,Russians,0
1,20,23,4,Italians,0
1,20,23,4,Germans,3
1,20,23,4,Chinese,3
1,20,24,0,Russians,1
1,20,24,0,Italians,3
1,20,24,0,Germans,3
1,20,24,0,Chinese,2
1,20,24,1,Russians,0
1,20,24,1,Italians,1
1,20,24,1,Germans,4
1,20,24,1,Chinese,2
1,20,24,2,Russians,0
1,20,24,2,Italians,0
1,20,24,2,Germans,4
1,20,24,2,Chinese,3
1,20,24,3,Russians,0
1,20,24,3,Italians,0
1,20,24,3,Germans,3
1,20,24,3,Chinese,2
1,20,24,4,Russians,0
1,20,24,4,Italians,0
1,20,24,4,Germans,4
1,20,24,4,Chinese,2
1,20,25,0,Russians,0
1,20,25,0,Italians,3
1,20,25,0,Germans,3
1,20,25,0,Chinese,2
1,20,25,1,Russians,0
1,20,25,1,Italians,1
1,20,25,1,Germans,4
1,20,25,1,Chinese,2
1,20,25,2,Russians,0
1,20,25,2,Italians,0
1,20,25,2,Germans,4
1,20,25,2,Chinese,2
1,20,25,3,Russians,0
1,20,25,3,Italians,0
1,20,25,3,Germans,3
1,20,25,3,Chinese,2
1,20,25,4,Russians,0
1,20,25,4,Italians,0
1,20,25,4,Germans,4
1,20,25,4,Chinese,2
1,20,26,0,Russians,1
1,20,26,0,Italians,2
1,20,26,0,Germans,4
1,20,26,0,Chinese,2
1,20,26,1,Russians,0
1,20,26,1,Italians,1
1,20,26,1,Germans,4
1,20,26,1,Chinese,4
1,20,26,2,Russians,0
1,20,26,2,Italians,0
1,20,26,2,Germans,4
1,20,26,2,Chinese,2
1,20,26,3,Russians,0
1,20,26,3,Italians,1
1,20,26,3,Germans,4
1,20,26,3,Chinese,2
1,20,26,4,Russians,0
1,20,26,4,Italians,0
1,20,26,4,Germans,3
1,20,26,4,Chinese,2
1,20,27,0,Russians,1
1,20,27,0,Italians,2
1,20,27,0,Germans,4
1,20,27,0,Chinese,2
1,20,27,1,Russians,0
1,20,27,1,Italians,1
1,20,27,1,Germans,4
1,20,27,1,Chinese,3
1,20,27,2,Russians,0
1,20,27,2,Italians,0
1,20,27,2,Germans,4
1,20,27,2,Chinese,1
1,20,27,3,Russians,0
1,20,27,3,Italians,1
1,20,27,3,Germans,4
1,20,27,3,Chinese,1
1,20,27,4,Russians,0
1,20,27,4,Italians,0
1,20,27,4,Germans,3
1,20,27,4,Chinese,2
1,20,28,0,Russians,0
1,20,28,0,Italians,2
1,20,28,0,Germans,4
1,20,28,0,Chinese,2
1,20,28,1,Russians,0
1,20,28,1,Italians,1
1,20,28,1,Germans,4
1,20,28,1,Chinese,3
1,20,28,2,Russians,0
1,20,28,2,Italians,0
1,20,28,2,Germans,4
1,20,28,2,Chinese,1
1,20,28,3,Russians,0
1,20,28,3,Italians,1
1,20,28,3,Germans,4
1,20,28,3,Chinese,2
1,20,28,4,Russians,0
1,20,28,4,Italians,0
1,20,28,4,Germans,2
1,20,28,4,Chinese,2
1,20,29,0,Russians,1
1,20,29,0,Italians,2
1,20,29,0,Germans,4
1,20,29,0,Chinese,2
1,20,29,1,Russians,0
1,20,29,1,Italians,1
1,20,29,1,Germans,4
1,20,29,1,Chinese,3
1,20,29,2,Russians,0
1,20,29,2,Italians,0
1,20,29,2,Germans,4
1,20,29,2,Chinese,2
1,20,29,3,Russians,0
1,20,29,3,Italians,0
1,20,29,3,Germans,4
1,20,29,3,Chinese,1
1,20,29,4,Russians,0
1,20,29,4,Italians,0
1,20,29,4,Germans,4
1,20,29,4,Chinese,2
1,20,30,0,Russians,1
1,20,30,0,Italians,2
1,20,30,0,Germans,4
1,20,30,0,Chinese,2
1,20,30,1,Russians,0
1,20,30,1,Italians,1
1,20,30,1,Germans,4
1,20,30,1,Chinese,3
1,20,30,2,Russians,0
1,20,30,2,Italians,0
1,20,30,2,Germans,4
1,20,30,2,Chinese,2
1,20,30,3,Russians,1
1,20,30,3,Italians,1
1,20,30,3,Germans,4
1,20,30,3,Chinese,2
1,20,30,4,Russians,0
1,20,30,4,Italians,0
1,20,30,4,Germans,3
1,20,30,4,Chinese,2
1,21,1,0,Russians,0
1,21,1,0,Italians,1
1,21,1,0,Germans,4
1,21,1,0,Chinese,2
1,21,1,1,Russians,0
1,21,1,1,Italians,1
1,21,1,1,Germans,3
1,21,1,1,Chinese,1
1,21,1,2,Russians,0
1,21,1,2,Italians,0
1,21,1,2,Germans,4
1,21,1,2,Chinese,2
1,21,1,3,Russians,0
1,21,1,3,Italians,0
1,21,1,3,Germans,3
1,21,1,3,Chinese,2
1,21,1,4,Russians,0
1,21,1,4,Italians,0
1,21,1,4,Germans,2
1,21,1,4,Chinese,2
1,21,2,0,Russians,1
1,21,2,0,Italians,1
1,21,2,0,Germans,4
1,21,2,0,Chinese,2
1,21,2,1,Russians,0
1,21,2,1,Italians,2
1,21,2,1,Germans,3
1,21,2,1,Chinese,1
1,21,2,2,Russians,0
1,21,2,2,Italians,0
1,21,2,2,Germans,4
1,21,2,2,Chinese,2
1,21,2,3,Russians,0
1,21,2,3,Italians,0
1,21,2,3,Germans,3
1,21,2,3,Chinese,3
1,21,2,4,Russians,0
1,21,2,4,Italians,0
1,21,2,4,Germans,2
1,21,2,4,Chinese,2
1,21,3,0,Russians,1
1,21,3,0,Italians,1
1,21,3,0,Germans,4
1,21,3,0,Chinese,2
1,21,3,1,Russians,0
1,21,3,1,Italians,2
1,21,3,1,Germans,3
1,21,3,1,Chinese,2
1,21,3,2,Russians,0
1,21,3,2,Italians,0
1,21,3,2,Germans,4
1,21,3,2,Chinese,2
1,21,3,3,Russians,0
1,21,3,3,Italians,0
1,21,3,3,Germans,4
1,21,3,3,Chinese,2
1,21,3,4,Russians,0
1,21,3,4,Italians,0
1,21,3,4,Germans,2
1,21,3,4,Chinese,2
1,21,4,0,Russians,0
1,21,4,0,Italians,1
1,21,4,0,Germans,4
1,21,4,0,Chinese,2
1,21,4,1,Russians,0
1,21,4,1,Italians,2
1,21,4,1,Germans,3
1,21,4,1,Chinese,1
1,21,4,2,Russians,0
1,21,4,2,Italians,0
1,21,4,2,Germans,4
1,21,4,2,Chinese,2
1,21,4,3,Russians,0
1,21,4,3,Italians,0
1,21,4,3,Germans,3
1,21,4,3,Chinese,2
1,21,4,4,Russians,0
1,21,4,4,Italians,0
1,21,4,4,Germans,3
1,21,4,4,Chinese,2
1,21,5,0,Russians,1
1,21,5,0,Italians,1
1,21,5,0,Germans,4
1,21,5,0,Chinese,2
1,21,5,1,Russians,0
1,21,5,1,Italians,1
1,21,5,1,Germans,3
1,21,5,1,Chinese,2
1,21,5,2,Russians,0
1,21,5,2,Italians,0
1,21,5,2,Germans,4
1,21,5,2,Chinese,1
1,21,5,3,Russians,0
1,21,5,3,Italians,0
1,21,5,3,Germans,3
1,21,5,3,Chinese,2
1,21,5,4,Russians,0
1,21,5,4,Italians,0
1,21,5,4,Germans,3
1,21,5,4,Chinese,0
1,21,6,0,Russians,1
1,21,6,0,Italians,1
1,21,6,0,Germans,4
1,21,6,0,Chinese,2
1,21,6,1,Russians,0
1,21,6,1,Italians,2
1,21,6,1,Germans,3
1,21,6,1,Chinese,2
1,21,6,2,Russians,0
1,21,6,2,Italians,0
1,21,6,2,Germans,4
1,21,6,2,Chinese,2
1,21,6,3,Russians,0
1,21,6,3,Italians,0
1,21,6,3,Germans,3
1,21,6,3,Chinese,2
1,21,6,4,Russians,0
1,21,6,4,Italians,0
1,21,6,4,Germans,3
1,21,6,4,Chinese,2
1,21,7,0,Russians,0
1,21,7,0,Italians,1
1,21,7,0,Germans,4
1,21,7,0,Chinese,2
1,21,7,1,Russians,0
1,21,7,1,Italians,1
1,21,7,1,Germans,3
1,21,7,1,Chinese,1
1,21,7,2,Russians,0
1,21,7,2,Italians,0
1,21,7,2,Germans,4
1,21,7,2,Chinese,1
1,21,7,3,Russians,0
1,21,7,3,Italians,0
1,21,7,3,Germans,4
1,21,7,3,Chinese,2
1,21,7,4,Russians,0
1,21,7,4,Italians,0
1,21,7,4,Germans,3
1,21,7,4,Chinese,1
1,21,8,0,Russians,1
1,21,8,0,Italians,1
1,21,8,0,Germans,4
1,21,8,0,Chinese,2
1,21,8,1,Russians,0
1,21,8,1,Italians,1
1,21,8,1,Germans,3
1,21,8,1,Chinese,2
1,21,8,2,Russians,0
1,21,8,2,Italians,0
1,21,8,2,Germans,4
1,21,8,2,Chinese,1
1,21,8,3,Russians,0
1,21,8,3,Italians,0
1,21,8,3,Germans,4
1,21,8,3,Chinese,2
1,21,8,4,Russians,0
1,21,8,4,Italians,0
1,21,8,4,Germans,3
1,21,8,4,Chinese,1
1,21,9,0,Russians,1
1,21,9,0,Italians,1
1,21,9,0,Germans,4
1,21,9,0,Chinese,2
1,21,9,1,Russians,0
1,21,9,1,Italians,1
1,21,9,1,Germans,3
1,21,9,1,Chinese,3
1,21,9,2,Russians,0
1,21,9,2,Italians,0
1,21,9,2,Germans,4
1,21,9,2,Chinese,1
1,21,9,3,Russians,0
1,21,9,3,Italians,0
1,21,9,3,Germans,3
1,21,9,3,Chinese,2
1,21,9,4,Russians,0
1,21,9,4,Italians,0
1,21,9,4,Germans,2
1,21,9,4,Chinese,1
1,21,10,0,Russians,0
1,21,10,0,Italians,1
1,21,10,0,Germans,4
1,21,10,0,Chinese,2
1,21,10,1,Russians,0
1,21,10,1,Italians,1
1,21,10,1,Germans,3
1,21,10,1,Chinese,3
1,21,10,2,Russians,0
1,21,10,2,Italians,0
1,21,10,2,Germans,4
1,21,10,2,Chinese,1
1,21,10,3,Russians,0
1,21,10,3,Italians,0
1,21,10,3,Germans,3
1,21,10,3,Chinese,2
1,21,10,4,Russians,0
1,21,10,4,Italians,0
1,21,10,4,Germans,3
1,21,10,4,Chinese,1
1,21,11,0,Russians,1
1,21,11,0,Italians,1
1,21,11,0,Germans,4
1,21,11,0,Chinese,2
1,21,11,1,Russians,0
1,21,11,1,Italians,1
1,21,11,1,Germans,3
1,21,11,1,Chinese,1
1,21,11,2,Russians,0
1,21,11,2,Italians,0
1,21,11,2,Germans,4
1,21,11,2,Chinese,2
1,21,11,3,Russians,0
1,21,11,3,Italians,0
1,21,11,3,Germans,3
1,21,11,3,Chinese,2
1,21,11,4,Russians,0
1,21,11,4,Italians,0
1,21,11,4,Germans,3
1,21,11,4,Chinese,2
1,21,12,0,Russians,1
1,21,12,0,Italians,1
1,21,12,0,Germans,4
1,21,12,0,Chinese,2
1,21,12,1,Russians,0
1,21,12,1,Italians,1
1,21,12,1,Germans,3
1,21,12,1,Chinese,2
1,21,12,2,Russians,0
1,21,12,2,Italians,0
1,21,12,2,Germans,4
1,21,12,2,Chinese,2
1,21,12,3,Russians,0
1,21,12,3,Italians,0
1,21,12,3,Germans,1
1,21,12,3,Chinese,2
1,21,12,4,Russians,0
1,21,12,4,Italians,0
1,21,12,4,Germans,3
1,21,12,4,Chinese,4
1,21,13,0,Russians,0
1,21,13,0,Italians,1
1,21,13,0,Germans,4
1,21,13,0,Chinese,2
1,21,13,1,Russians,0
1,21,13,1,Italians,1
1,21,13,1,Germans,3
1,21,13,1,Chinese,3
1,21,13,2,Russians,0
1,21,13,2,Italians,0
1,21,13,2,Germans,4
1,21,13,2,Chinese,1
1,21,13,3,Russians,0
1,21,13,3,Italians,0
1,21,13,3,Germans,3
1,21,13,3,Chinese,2
1,21,13,4,Russians,0
1,21,13,4,Italians,0
1,21,13,4,Germans,2
1,21,13,4,Chinese,1
1,21,14,0,Russians,1
1,21,14,0,Italians,1
1,21,14,0,Germans,4
1,21,14,0,Chinese,2
1,21,14,1,Russians,0
1,21,14,1,Italians,1
1,21,14,1,Germans,3
1,21,14,1,Chinese,1
1,21,14,2,Russians,0
1,21,14,2,Italians,0
1,21,14,2,Germans,4
1,21,14,2,Chinese,2
1,21,14,3,Russians,0
1,21,14,3,Italians,0
1,21,14,3,Germans,3
1,21,14,3,Chinese,2
1,21,14,4,Russians,0
1,21,14,4,Italians,0
1,21,14,4,Germans,3
1,21,14,4,Chinese,2
1,21,15,0,Russians,1
1,21,15,0,Italians,1
1,21,15,0,Germans,4
1,21,15,0,Chinese,2
1,21,15,1,Russians,0
1,21,15,1,Italians,1
1,21,15,1,Germans,3
1,21,15,1,Chinese,3
1,21,15,2,Russians,0
1,21,15,2,Italians,0
1,21,15,2,Germans,4
1,21,15,2,Chinese,1
1,21,15,3,Russians,0
1,21,15,3,Italians,0
1,21,15,3,Germans,3
1,21,15,3,Chinese,2
1,21,15,4,Russians,0
1,21,15,4,Italians,0
1,21,15,4,Germans,3
1,21,15,4,Chinese,1
1,21,16,0,Russians,0
1,21,16,0,Italians,1
1,21,16,0,Germans,4
1,21,16,0,Chinese,2
1,21,16,1,Russians,0
1,21,16,1,Italians,1
1,21,16,1,Germans,3
1,21,16,1,Chinese,3
1,21,16,2,Russians,0
1,21,16,2,Italians,0
1,21,16,2,Germans,4
1,21,16,2,Chinese,1
1,21,16,3,Russians,0
1,21,16,3,Italians,0
1,21,16,3,Germans,3
1,21,16,3,Chinese,2
1,21,16,4,Russians,0
1,21,16,4,Italians,0
1,21,16,4,Germans,3
1,21,16,4,Chinese,1
1,21,17,0,Russians,1
1,21,17,0,Italians,1
1,21,17,0,Germans,4
1,21,17,0,Chinese,2
1,21,17,1,Russians,0
1,21,17,1,Italians,2
1,21,17,1,Germans,3
1,21,17,1,Chinese,2
1,21,17,2,Russians,0
1,21,17,2,Italians,0
1,21,17,2,Germans,4
1,21,17,2,Chinese,2
1,21,17,3,Russians,0
1,21,17,3,Italians,0
1,21,17,3,Germans,4
1,21,17,3,Chinese,2
1,21,17,4,Russians,0
1,21,17,4,Italians,0
1,21,17,4,Germans,2
1,21,17,4,Chinese,2
1,21,18,0,Russians,1
1,21,18,0,Italians,1
1,21,18,0,Germans,4
1,21,18,0,Chinese,2
1,21,18,1,Russians,0
1,21,18,1,Italians,1
1,21,18,1,Germans,3
1,21,18,1,Chinese,2
1,21,18,2,Russians,0
1,21,18,2,Italians,0
1,21,18,2,Germans,4
1,21,18,2,Chinese,2
1,21,18,3,Russians,0
1,21,18,3,Italians,0
1,21,18,3,Germans,1
1,21,18,3,Chinese,2
1,21,18,4,Russians,0
1,21,18,4,Italians,0
1,21,18,4,Germans,2
1,21,18,4,Chinese,2
1,21,19,0,Russians,0
1,21,19,0,Italians,1
1,21,19,0,Germans,4
1,21,19,0,Chinese,2
1,21,19,1,Russians,0
1,21,19,1,Italians,1
1,21,19,1,Germans,3
1,21,19,1,Chinese,2
1,21,19,2,Russians,0
1,21,19,2,Italians,0
1,21,19,2,Germans,4
1,21,19,2,Chinese,2
1,21,19,3,Russians,0
1,21,19,3,Italians,0
1,21,19,3,Germans,3
1,21,19,3,Chinese,2
1,21,19,4,Russians,0
1,21,19,4,Italians,0
1,21,19,4,Germans,4
1,21,19,4,Chinese,2
1,21,20,0,Russians,1
1,21,20,0,Italians,1
1,21,20,0,Germans,4
1,21,20,0,Chinese,2
1,21,20,1,Russians,0
1,21,20,1,Italians,2
1,21,20,1,Germans,3
1,21,20,1,Chinese,3
1,21,20,2,Russians,0
1,21,20,2,Italians,0
1,21,20,2,Germans,4
1,21,20,2,Chinese,2
1,21,20,3,Russians,0
1,21,20,3,Italians,0
1,21,20,3,Germans,3
1,21,20,3,Chinese,2
1,21,20,4,Russians,0
1,21,20,4,Italians,0
1,21,20,4,Germans,2
1,21,20,4,Chinese,2
1,21,21,0,Russians,1
1,21,21,0,Italians,1
1,21,21,0,Germans,4
1,21,21,0,Chinese,2
1,21,21,1,Russians,0
1,21,21,1,Italians,2
1,21,21,1,Germans,3
1,21,21,1,Chinese,1
1,21,21,2,Russians,0
1,21,21,2,Italians,0
1,21,21,2,Germans,4
1,21,21,2,Chinese,2
1,21,21,3,Russians,0
1,21,21,3,Italians,0
1,21,21,3,Germans,4
1,21,21,3,Chinese,2
1,21,21,4,Russians,0
1,21,21,4,Italians,0
1,21,21,4,Germans,3
1,21,21,4,Chinese,1
1,21,22,0,Russians,0
1,21,22,0,Italians,1
1,21,22,0,Germans,4
1,21,22,0,Chinese,2
1,21,22,1,Russians,0
1,21,22,1,Italians,2
1,21,22,1,Germans,3
1,21,22,1,Chinese,1
1,21,22,2,Russians,0
1,21,22,2,Italians,0
1,21,22,2,Germans,4
1,21,22,2,Chinese,2
1,21,22,3,Russians,0
1,21,22,3,Italians,0
1,21,22,3,Germans,2
1,21,22,3,Chinese,2
1,21,22,4,Russians,0
1,21,22,4,Italians,0
1,21,22,4,Germans,2
1,21,22,4,Chinese,3
1,21,23,0,Russians,1
1,21,23,0,Italians,1
1,21,23,0,Germans,4
1,21,23,0,Chinese,2
1,21,23,1,Russians,0
1,21,23,1,Italians,1
1,21,23,1,Germans,3
1,21,23,1,Chinese,1
1,21,23,2,Russians,0
1,21,23,2,Italians,0
1,21,23,2,Germans,4
1,21,23,2,Chinese,2
1,21,23,3,Russians,0
1,21,23,3,Italians,0
1,21,23,3,Germans,3
1,21,23,3,Chinese,3
1,21,23,4,Russians,0
1,21,23,4,Italians,0
1,21,23,4,Germans,2
1,21,23,4,Chinese,2
1,21,24,0,Russians,1
1,21,24,0,Italians,1
1,21,24,0,Germans,4
1,21,24,0,Chinese,2
1,21,24,1,Russians,0
1,21,24,1,Italians,1
1,21,24,1,Germans,3
1,21,24,1,Chinese,1
1,21,24,2,Russians,0
1,21,24,2,Italians,0
1,21,24,2,Germans,4
1,21,24,2,Chinese,1
1,21,24,3,Russians,0
1,21,24,3,Italians,0
1,21,24,3,Germans,4
1,21,24,3,Chinese,2
1,21,24,4,Russians,0
1,21,24,4,Italians,0
1,21,24,4,Germans,3
1,21,24,4,Chinese,1
1,21,25,0,Russians,0
1,21,25,0,Italians,1
1,21,25,0,Germans,4
1,21,25,0,Chinese,2
1,21,25,1,Russians,0
1,21,25,1,Italians,2
1,21,25,1,Germans,3
1,21,25,1,Chinese,3
1,21,25,2,Russians,0
1,21,25,2,Italians,0
1,21,25,2,Germans,4
1,21,25,2,Chinese,2
1,21,25,3,Russians,0
1,21,25,3,Italians,0
1,21,25,3,Germans,3
1,21,25,3,Chinese,2
1,21,25,4,Russians,0
1,21,25,4,Italians,0
1,21,25,4,Germans,2
1,21,25,4,Chinese,3
1,21,26,0,Russians,1
1,21,26,0,Italians,1
1,21,26,0,Germans,4
1,21,26,0,Chinese,2
1,21,26,1,Russians,0
1,21,26,1,Italians,1
1,21,26,1,Germans,3
1,21,26,1,Chinese,3
1,21,26,2,Russians,0
1,21,26,2,Italians,0
1,21,26,2,Germans,3
1,21,26,2,Chinese,2
1,21,26,3,Russians,0
1,21,26,3,Italians,0
1,21,26,3,Germans,3
1,21,26,3,Chinese,2
1,21,26,4,Russians,0
1,21,26,4,Italians,0
1,21,26,4,Germans,3
1,21,26,4,Chinese,1
1,21,27,0,Russians,1
1,21,27,0,Italians,1
1,21,27,0,Germans,4
1,21,27,0,Chinese,2
1,21,27,1,Russians,0
1,21,27,1,Italians,1
1,21,27,1,Germans,3
1,21,27,1,Chinese,2
1,21,27,2,Russians,0
1,21,27,2,Italians,0
1,21,27,2,Germans,4
1,21,27,2,Chinese,2
1,21,27,3,Russians,0
1,21,27,3,Italians,0
1,21,27,3,Germans,2
1,21,27,3,Chinese,2
1,21,27,4,Russians,0
1,21,27,4,Italians,0
1,21,27,4,Germans,3
1,21,27,4,Chinese,2
1,21,28,0,Russians,0
1,21,28,0,Italians,1
1,21,28,0,Germans,4
1,21,28,0,Chinese,2
1,21,28,1,Russians,0
1,21,28,1,Italians,2
1,21,28,1,Germans,3
1,21,28,1,Chinese,2
1,21,28,2,Russians,0
1,21,28,2,Italians,0
1,21,28,2,Germans,4
1,21,28,2,Chinese,2
1,21,28,3,Russians,0
1,21,28,3,Italians,0
1,21,28,3,Germans,2
1,21,28,3,Chinese,2
1,21,28,4,Russians,0
1,21,28,4,Italians,0
1,21,28,4,Germans,3
1,21,28,4,Chinese,2
1,21,29,0,Russians,1
1,21,29,0,Italians,1
1,21,29,0,Germans,4
1,21,29,0,Chinese,2
1,21,29,1,Russians,0
1,21,29,1,Italians,2
1,21,29,1,Germans,3
1,21,29,1,Chinese,3
1,21,29,2,Russians,0
1,21,29,2,Italians,0
1,21,29,2,Germans,4
1,21,29,2,Chinese,2
1,21,29,3,Russians,0
1,21,29,3,Italians,0
1,21,29,3,Germans,3
1,21,29,3,Chinese,2
1,21,29,4,Russians,0
1,21,29,4,Italians,0
1,21,29,4,Germans,3
1,21,29,4,Chinese,2
1,21,30,0,Russians,1
1,21,30,0,Italians,1
1,21,30,0,Germans,4
1,21,30,0,Chinese,2
1,21,30,1,Russians,0
1,21,30,1,Italians,1
1,21,30,1,Germans,3
1,21,30,1,Chinese,2
1,21,30,2,Russians,0
1,21,30,2,Italians,0
1,21,30,2,Germans,4
1,21,30,2,Chinese,1
1,21,30,3,Russians,0
1,21,30,3,Italians,0
1,21,30,3,Germans,4
1,21,30,3,Chinese,2
1,21,30,4,Russians,0
1,21,30,4,Italians,0
1,21,30,4,Germans,3
1,21,30,4,Chinese,1
1,21,31,0,Russians,0
1,21,31,0,Italians,1
1,21,31,0,Germans,4
1,21,31,0,Chinese,2
1,21,31,1,Russians,0
1,21,31,1,Italians,1
1,21,31,1,Germans,3
1,21,31,1,Chinese,1
1,21,31,2,Russians,0
1,21,31,2,Italians,0
1,21,31,2,Germans,4
1,21,31,2,Chinese,1
1,21,31,3,Russians,0
1,21,31,3,Italians,0
1,21,31,3,Germans,4
1,21,31,3,Chinese,1
1,21,31,4,Russians,0
1,21,31,4,Italians,0
1,21,31,4,Germans,3
1,21,31,4,Chinese,1
1,22,1,0,Russians,0
1,22,1,0,Italians,0
1,22,1,0,Germans,4
1,22,1,0,Chinese,2
1,22,1,1,Russians,0
1,22,1,1,Italians,0
1,22,1,1,Germans,4
1,22,1,1,Chinese,3
1,22,1,2,Russians,0
1,22,1,2,Italians,0
1,22,1,2,Germans,2
1,22,1,2,Chinese,2
1,22,1,3,Russians,0
1,22,1,3,Italians,0
1,22,1,3,Germans,3
1,22,1,3,Chinese,3
1,22,1,4,Russians,0
1,22,1,4,Italians,0
1,22,1,4,Germans,3
1,22,1,4,Chinese,1
1,22,2,0,Russians,1
1,22,2,0,Italians,0
1,22,2,0,Germans,3
1,22,2,0,Chinese,2
1,22,2,1,Russians,0
1,22,2,1,Italians,0
1,22,2,1,Germans,4
1,22,2,1,Chinese,2
1,22,2,2,Russians,0
1,22,2,2,Italians,0
1,22,2,2,Germans,3
1,22,2,2,Chinese,2
1,22,2,3,Russians,0
1,22,2,3,Italians,0
1,22,2,3,Germans,3
1,22,2,3,Chinese,2
1,22,2,4,Russians,0
1,22,2,4,Italians,0
1,22,2,4,Germans,2
1,22,2,4,Chinese,2
1,22,3,0,Russians,1
1,22,3,0,Italians,0
1,22,3,0,Germans,4
1,22,3,0,Chinese,2
1,22,3,1,Russians,0
1,22,3,1,Italians,0
1,22,3,1,Germans,4
1,22,3,1,Chinese,3
1,22,3,2,Russians,0
1,22,3,2,Italians,0
1,22,3,2,Germans,2
1,22,3,2,Chinese,2
1,22,3,3,Russians,0
1,22,3,3,Italians,0
1,22,3,3,Germans,3
1,22,3,3,Chinese,2
1,22,3,4,Russians,0
1,22,3,4,Italians,0
1,22,3,4,Germans,3
1,22,3,4,Chinese,0
1,22,4,0,Russians,0
1,22,4,0,Italians,0
1,22,4,0,Germans,4
1,22,4,0,Chinese,2
1,22,4,1,Russians,0
1,22,4,1,Italians,0
1,22,4,1,Germans,4
1,22,4,1,Chinese,3
1,22,4,2,Russians,0
1,22,4,2,Italians,0
1,22,4,2,Germans,3
1,22,4,2,Chinese,2
1,22,4,3,Russians,0
1,22,4,3,Italians,0
1,22,4,3,Germans,3
1,22,4,3,Chinese,3
1,22,4,4,Russians,0
1,22,4,4,Italians,0
1,22,4,4,Germans,3
1,22,4,4,Chinese,1
1,22,5,0,Russians,1
1,22,5,0,Italians,0
1,22,5,0,Germans,3
1,22,5,0,Chinese,2
1,22,5,1,Russians,0
1,22,5,1,Italians,0
1,22,5,1,Germans,4
1,22,5,1,Chinese,2
1,22,5,2,Russians,0
1,22,5,2,Italians,0
1,22,5,2,Germans,3
1,22,5,2,Chinese,2
1,22,5,3,Russians,0
1,22,5,3,Italians,0
1,22,5,3,Germans,2
1,22,5,3,Chinese,1
1,22,5,4,Russians,0
1,22,5,4,Italians,0
1,22,5,4,Germans,2
1,22,5,4,Chinese,1
1,22,6,0,Russians,1
1,22,6,0,Italians,0
1,22,6,0,Germans,4
1,22,6,0,Chinese,2
1,22,6,1,Russians,0
1,22,6,1,Italians,0
1,22,6,1,Germans,4
1,22,6,1,Chinese,2
1,22,6,2,Russians,0
1,22,6,2,Italians,0
1,22,6,2,Germans,2
1,22,6,2,Chinese,2
1,22,6,3,Russians,0
1,22,6,3,Italians,0
1,22,6,3,Germans,2
1,22,6,3,Chinese,1
1,22,6,4,Russians,0
1,22,6,4,Italians,0
1,22,6,4,Germans,2
1,22,6,4,Chinese,1
1,22,7,0,Russians,0
1,22,7,0,Italians,0
1,22,7,0,Germans,4
1,22,7,0,Chinese,2
1,22,7,1,Russians,0
1,22,7,1,Italians,0
1,22,7,1,Germans,4
1,22,7,1,Chinese,3
1,22,7,2,Russians,0
1,22,7,2,Italians,0
1,22,7,2,Germans,2
1,22,7,2,Chinese,2
1,22,7,3,Russians,0
1,22,7,3,Italians,0
1,22,7,3,Germans,3
1,22,7,3,Chinese,3
1,22,7,4,Russians,0
1,22,7,4,Italians,0
1,22,7,4,Germans,3
1,22,7,4,Chinese,1
1,22,8,0,Russians,1
1,22,8,0,Italians,0
1,22,8,0,Germans,4
1,22,8,0,Chinese,2
1,22,8,1,Russians,0
1,22,8,1,Italians,0
1,22,8,1,Germans,4
1,22,8,1,Chinese,3
1,22,8,2,Russians,0
1,22,8,2,Italians,0
1,22,8,2,Germans,3
1,22,8,2,Chinese,2
1,22,8,3,Russians,0
1,22,8,3,Italians,0
1,22,8,3,Germans,3
1,22,8,3,Chinese,2
1,22,8,4,Russians,0
1,22,8,4,Italians,0
1,22,8,4,Germans,3
1,22,8,4,Chinese,1
1,22,9,0,Russians,1
1,22,9,0,Italians,0
1,22,9,0,Germans,4
1,22,9,0,Chinese,2
1,22,9,1,Russians,0
1,22,9,1,Italians,0
1,22,9,1,Germans,4
1,22,9,1,Chinese,2
1,22,9,2,Russians,0
1,22,9,2,Italians,0
1,22,9,2,Germans,2
1,22,9,2,Chinese,2
1,22,9,3,Russians,0
1,22,9,3,Italians,0
1,22,9,3,Germans,3
1,22,9,3,Chinese,3
1,22,9,4,Russians,0
1,22,9,4,Italians,0
1,22,9,4,Germans,2
1,22,9,4,Chinese,1
1,22,10,0,Russians,0
1,22,10,0,Italians,0
1,22,10,0,Germans,3
1,22,10,0,Chinese,2
1,22,10,1,Russians,0
1,22,10,1,Italians,0
1,22,10,1,Germans,4
1,22,10,1,Chinese,2
1,22,10,2,Russians,0
1,22,10,2,Italians,0
1,22,10,2,Germans,4
1,22,10,2,Chinese,1
1,22,10,3,Russians,0
1,22,10,3,Italians,0
1,22,10,3,Germans,2
1,22,10,3,Chinese,2
1,22,10,4,Russians,0
1,22,10,4,Italians,0
1,22,10,4,Germans,2
1,22,10,4,Chinese,2
1,22,11,0,Russians,1
1,22,11,0,Italians,0
1,22,11,0,Germans,4
1,22,11,0,Chinese,2
1,22,11,1,Russians,0
1,22,11,1,Italians,0
1,22,11,1,Germans,4
1,22,11,1,Chinese,3
1,22,11,2,Russians,0
1,22,11,2,Italians,0
1,22,11,2,Germans,2
1,22,11,2,Chinese,2
1,22,11,3,Russians,0
1,22,11,3,Italians,0
1,22,11,3,Germans,3
1,22,11,3,Chinese,3
1,22,11,4,Russians,0
1,22,11,4,Italians,0
1,22,11,4,Germans,3
1,22,11,4,Chinese,1
1,22,12,0,Russians,1
1,22,12,0,Italians,0
1,22,12,0,Germans,3
1,22,12,0,Chinese,2
1,22,12,1,Russians,0
1,22,12,1,Italians,0
1,22,12,1,Germans,4
1,22,12,1,Chinese,2
1,22,12,2,Russians,0
1,22,12,2,Italians,0
1,22,12,2,Germans,2
1,22,12,2,Chinese,3
1,22,12,3,Russians,0
1,22,12,3,Italians,0
1,22,12,3,Germans,2
1,22,12,3,Chinese,2
1,22,12,4,Russians,0
1,22,12,4,Italians,0
1,22,12,4,Germans,2
1,22,12,4,Chinese,2
1,22,13,0,Russians,0
1,22,13,0,Italians,0
1,22,13,0,Germans,4
1,22,13,0,Chinese,2
1,22,13,1,Russians,0
1,22,13,1,Italians,0
1,22,13,1,Germans,4
1,22,13,1,Chinese,3
1,22,13,2,Russians,0
1,22,13,2,Italians,0
1,22,13,2,Germans,2
1,22,13,2,Chinese,2
1,22,13,3,Russians,0
1,22,13,3,Italians,0
1,22,13,3,Germans,3
1,22,13,3,Chinese,3
1,22,13,4,Russians,0
1,22,13,4,Italians,0
1,22,13,4,Germans,3
1,22,13,4,Chinese,1
1,22,14,0,Russians,1
1,22,14,0,Italians,0
1,22,14,0,Germans,4
1,22,14,0,Chinese,2
1,22,14,1,Russians,0
1,22,14,1,Italians,0
1,22,14,1,Germans,4
1,22,14,1,Chinese,1
1,22,14,2,Russians,0
1,22,14,2,Italians,0
1,22,14,2,Germans,2
1,22,14,2,Chinese,2
1,22,14,3,Russians,0
1,22,14,3,Italians,0
1,22,14,3,Germans,1
1,22,14,3,Chinese,2
1,22,14,4,Russians,0
1,22,14,4,Italians,0
1,22,14,4,Germans,2
1,22,14,4,Chinese,2
1,22,15,0,Russians,1
1,22,15,0,Italians,0
1,22,15,0,Germans,4
1,22,15,0,Chinese,2
1,22,15,1,Russians,0
1,22,15,1,Italians,0
1,22,15,1,Germans,4
1,22,15,1,Chinese,3
1,22,15,2,Russians,0
1,22,15,2,Italians,0
1,22,15,2,Germans,3
1,22,15,2,Chinese,2
1,22,15,3,Russians,0
1,22,15,3,Italians,0
1,22,15,3,Germans,3
1,22,15,3,Chinese,3
1,22,15,4,Russians,0
1,22,15,4,Italians,0
1,22,15,4,Germans,3
1,22,15,4,Chinese,1
1,22,16,0,Russians,0
1,22,16,0,Italians,0
1,22,16,0,Germans,4
1,22,16,0,Chinese,2
1,22,16,1,Russians,0
1,22,16,1,Italians,0
1,22,16,1,Germans,4
1,22,16,1,Chinese,2
1,22,16,2,Russians,0
1,22,16,2,Italians,0
1,22,16,2,Germans,1
1,22,16,2,Chinese,3
1,22,16,3,Russians,0
1,22,16,3,Italians,0
1,22,16,3,Germans,2
1,22,16,3,Chinese,1
1,22,16,4,Russians,0
1,22,16,4,Italians,0
1,22,16,4,Germans,2
1,22,16,4,Chinese,2
1,22,17,0,Russians,1
1,22,17,0,Italians,0
1,22,17,0,Germans,3
1,22,17,0,Chinese,2
1,22,17,1,Russians,0
1,22,17,1,Italians,0
1,22,17,1,Germans,4
1,22,17,1,Chinese,2
1,22,17,2,Russians,0
1,22,17,2,Italians,0
1,22,17,2,Germans,4
1,22,17,2,Chinese,1
1,22,17,3,Russians,0
1,22,17,3,Italians,0
1,22,17,3,Germans,3
1,22,17,3,Chinese,1
1,22,17,4,Russians,0
1,22,17,4,Italians,0
1,22,17,4,Germans,2
1,22,17,4,Chinese,1
1,22,18,0,Russians,1
1,22,18,0,Italians,0
1,22,18,0,Germans,4
1,22,18,0,Chinese,2
1,22,18,1,Russians,0
1,22,18,1,Italians,0
1,22,18,1,Germans,4
1,22,18,1,Chinese,3
1,22,18,2,Russians,0
1,22,18,2,Italians,0
1,22,18,2,Germans,3
1,22,18,2,Chinese,2
1,22,18,3,Russians,0
1,22,18,3,Italians,0
1,22,18,3,Germans,3
1,22,18,3,Chinese,3
1,22,18,4,Russians,0
1,22,18,4,Italians,0
1,22,18,4,Germans,3
1,22,18,4,Chinese,1
1,22,19,0,Russians,0
1,22,19,0,Italians,0
1,22,19,0,Germans,3
1,22,19,0,Chinese,2
1,22,19,1,Russians,0
1,22,19,1,Italians,0
1,22,19,1,Germans,4
1,22,19,1,Chinese,2
1,22,19,2,Russians,0
1,22,19,2,Italians,0
1,22,19,2,Germans,4
1,22,19,2,Chinese,1
1,22,19,3,Russians,0
1,22,19,3,Italians,0
1,22,19,3,Germans,3
1,22,19,3,Chinese,1
1,22,19,4,Russians,0
1,22,19,4,Italians,0
1,22,19,4,Germans,2
1,22,19,4,Chinese,1
1,22,20,0,Russians,1
1,22,20,0,Italians,0
1,22,20,0,Germans,4
1,22,20,0,Chinese,2
1,22,20,1,Russians,0
1,22,20,1,Italians,0
1,22,20,1,Germans,4
1,22,20,1,Chinese,2
1,22,20,2,Russians,0
1,22,20,2,Italians,0
1,22,20,2,Germans,2
1,22,20,2,Chinese,3
1,22,20,3,Russians,0
1,22,20,3,Italians,0
1,22,20,3,Germans,3
1,22,20,3,Chinese,1
1,22,20,4,Russians,0
1,22,20,4,Italians,0
1,22,20,4,Germans,2
1,22,20,4,Chinese,1
1,22,21,0,Russians,1
1,22,21,0,Italians,0
1,22,21,0,Germans,3
1,22,21,0,Chinese,2
1,22,21,1,Russians,0
1,22,21,1,Italians,0
1,22,21,1,Germans,4
1,22,21,1,Chinese,2
1,22,21,2,Russians,0
1,22,21,2,Italians,0
1,22,21,2,Germans,3
1,22,21,2,Chinese,2
1,22,21,3,Russians,0
1,22,21,3,Italians,0
1,22,21,3,Germans,2
1,22,21,3,Chinese,1
1,22,21,4,Russians,0
1,22,21,4,Italians,0
1,22,21,4,Germans,3
1,22,21,4,Chinese,0
1,22,22,0,Russians,0
1,22,22,0,Italians,0
1,22,22,0,Germans,3
1,22,22,0,Chinese,2
1,22,22,1,Russians,0
1,22,22,1,Italians,0
1,22,22,1,Germans,4
1,22,22,1,Chinese,2
1,22,22,2,Russians,0
1,22,22,2,Italians,0
1,22,22,2,Germans,3
1,22,22,2,Chinese,2
1,22,22,3,Russians,0
1,22,22,3,Italians,0
1,22,22,3,Germans,1
1,22,22,3,Chinese,2
1,22,22,4,Russians,0
1,22,22,4,Italians,0
1,22,22,4,Germans,2
1,22,22,4,Chinese,2
1,22,23,0,Russians,1
1,22,23,0,Italians,0
1,22,23,0,Germans,4
1,22,23,0,Chinese,2
1,22,23,1,Russians,0
1,22,23,1,Italians,0
1,22,23,1,Germans,4
1,22,23,1,Chinese,2
1,22,23,2,Russians,0
1,22,23,2,Italians,0
1,22,23,2,Germans,2
1,22,23,2,Chinese,2
1,22,23,3,Russians,0
1,22,23,3,Italians,0
1,22,23,3,Germans,3
1,22,23,3,Chinese,2
1,22,23,4,Russians,0
1,22,23,4,Italians,0
1,22,23,4,Germans,2
1,22,23,4,Chinese,1
1,22,24,0,Russians,1
1,22,24,0,Italians,0
1,22,24,0,Germans,3
1,22,24,0,Chinese,2
1,22,24,1,Russians,0
1,22,24,1,Italians,0
1,22,24,1,Germans,4
1,22,24,1,Chinese,2
1,22,24,2,Russians,0
1,22,24,2,Italians,0
1,22,24,2,Germans,4
1,22,24,2,Chinese,1
1,22,24,3,Russians,0
1,22,24,3,Italians,0
1,22,24,3,Germans,2
1,22,24,3,Chinese,2
1,22,24,4,Russians,0
1,22,24,4,Italians,0
1,22,24,4,Germans,3
1,22,24,4,Chinese,1
1,22,25,0,Russians,0
1,22,25,0,Italians,0
1,22,25,0,Germans,4
1,22,25,0,Chinese,2
1,22,25,1,Russians,0
1,22,25,1,Italians,0
1,22,25,1,Germans,4
1,22,25,1,Chinese,3
1,22,25,2,Russians,0
1,22,25,2,Italians,0
1,22,25,2,Germans,3
1,22,25,2,Chinese,2
1,22,25,3,Russians,0
1,22,25,3,Italians,0
1,22,25,3,Germans,3
1,22,25,3,Chinese,2
1,22,25,4,Russians,0
1,22,25,4,Italians,0
1,22,25,4,Germans,3
1,22,25,4,Chinese,0
1,22,26,0,Russians,1
1,22,26,0,Italians,0
1,22,26,0,Germans,3
1,22,26,0,Chinese,2
1,22,26,1,Russians,0
1,22,26,1,Italians,0
1,22,26,1,Germans,4
1,22,26,1,Chinese,2
1,22,26,2,Russians,0
1,22,26,2,Italians,0
1,22,26,2,Germans,3
1,22,26,2,Chinese,2
1,22,26,3,Russians,0
1,22,26,3,Italians,0
1,22,26,3,Germans,2
1,22,26,3,Chinese,3
1,22,26,4,Russians,0
1,22,26,4,Italians,0
1,22,26,4,Germans,3
1,22,26,4,Chinese,2
1,22,27,0,Russians,1
1,22,27,0,Italians,0
1,22,27,0,Germans,4
1,22,27,0,Chinese,2
1,22,27,1,Russians,0
1,22,27,1,Italians,0
1,22,27,1,Germans,4
1,22,27,1,Chinese,2
1,22,27,2,Russians,0
1,22,27,2,Italians,0
1,22,27,2,Germans,1
1,22,27,2,Chinese,2
1,22,27,3,Russians,0
1,22,27,3,Italians,0
1,22,27,3,Germans,2
1,22,27,3,Chinese,2
1,22,27,4,Russians,0
1,22,27,4,Italians,0
1,22,27,4,Germans,2
1,22,27,4,Chinese,2
1,22,28,0,Russians,0
1,22,28,0,Italians,0
1,22,28,0,Germans,3
1,22,28,0,Chinese,2
1,22,28,1,Russians,0
1,22,28,1,Italians,0
1,22,28,1,Germans,4
1,22,28,1,Chinese,2
1,22,28,2,Russians,0
1,22,28,2,Italians,0
1,22,28,2,Germans,4
1,22,28,2,Chinese,1
1,22,28,3,Russians,0
1,22,28,3,Italians,0
1,22,28,3,Germans,2
1,22,28,3,Chinese,1
1,22,28,4,Russians,0
1,22,28,4,Italians,0
1,22,28,4,Germans,3
1,22,28,4,Chinese,0
1,22,29,0,Russians,1
1,22,29,0,Italians,0
1,22,29,0,Germans,4
1,22,29,0,Chinese,2
1,22,29,1,Russians,0
1,22,29,1,Italians,0
1,22,29,1,Germans,4
1,22,29,1,Chinese,2
1,22,29,2,Russians,0
1,22,29,2,Italians,0
1,22,29,2,Germans,1
1,22,29,2,Chinese,3
1,22,29,3,Russians,0
1,22,29,3,Italians,0
1,22,29,3,Germans,2
1,22,29,3,Chinese,2
1,22,29,4,Russians,0
1,22,29,4,Italians,0
1,22,29,4,Germans,2
1,22,29,4,Chinese,1
1,22,30,0,Russians,1
1,22,30,0,Italians,0
1,22,30,0,Germans,4
1,22,30,0,Chinese,2
1,22,30,1,Russians,0
1,22,30,1,Italians,0
1,22,30,1,Germans,4
1,22,30,1,Chinese,2
1,22,30,2,Russians,0
1,22,30,2,Italians,0
1,22,30,2,Germans,2
1,22,30,2,Chinese,2
1,22,30,3,Russians,0
1,22,30,3,Italians,0
1,22,30,3,Germans,2
1,22,30,3,Chinese,1
1,22,30,4,Russians,0
1,22,30,4,Italians,0
1,22,30,4,Germans,2
1,22,30,4,Chinese,1
1,22,31,0,Russians,0
1,22,31,0,Italians,0
1,22,31,0,Germans,3
1,22,31,0,Chinese,2
1,22,31,1,Russians,0
1,22,31,1,Italians,0
1,22,31,1,Germans,4
1,22,31,1,Chinese,2
1,22,31,2,Russians,0
1,22,31,2,Italians,0
1,22,31,2,Germans,3
1,22,31,2,Chinese,1
1,22,31,3,Russians,0
1,22,31,3,Italians,0
1,22,31,3,Germans,2
1,22,31,3,Chinese,2
1,22,31,4,Russians,0
1,22,31,4,Italians,0
1,22,31,4,Germans,2
1,22,31,4,Chinese,2
1,22,32,0,Russians,1
1,22,32,0,Italians,0
1,22,32,0,Germans,4
1,22,32,0,Chinese,2
1,22,32,1,Russians,0
1,22,32,1,Italians,0
1,22,32,1,Germans,4
1,22,32,1,Chinese,1
1,22,32,2,Russians,0
1,22,32,2,Italians,0
1,22,32,2,Germans,3
1,22,32,2,Chinese,2
1,22,32,3,Russians,0
1,22,32,3,Italians,0
1,22,32,3,Germans,2
1,22,32,3,Chinese,1
1,22,32,4,Russians,0
1,22,32,4,Italians,0
1,22,32,4,Germans,2
1,22,32,4,Chinese,1
1,23,1,0,Russians,0
1,23,1,0,Italians,0
1,23,1,0,Germans,4
1,23,1,0,Chinese,2
1,23,1,1,Russians,0
1,23,1,1,Italians,0
1,23,1,1,Germans,3
1,23,1,1,Chinese,2
1,23,1,2,Russians,0
1,23,1,2,Italians,0
1,23,1,2,Germans,3
1,23,2,0,Russians,1
1,23,2,0,Italians,0
1,23,2,0,Germans,4
1,23,2,0,Chinese,1
1,23,2,1,Russians,0
1,23,2,1,Italians,0
1,23,2,1,Germans,4
1,23,2,1,Chinese,2
1,23,2,2,Russians,0
1,23,2,2,Italians,0
1,23,2,2,Germans,2
1,23,3,0,Russians,0
1,23,3,0,Italians,0
1,23,3,0,Germans,4
1,23,3,0,Chinese,1
1,23,3,1,Russians,0
1,23,3,1,Italians,0
1,23,3,1,Germans,4
1,23,3,1,Chinese,2
1,23,3,2,Russians,0
1,23,3,2,Italians,0
1,23,3,2,Germans,2
1,23,3,2,Chinese,0
1,23,3,3,Russians,0
1,23,3,3,Italians,0
1,23,3,3,Germans,2
1,23,4,0,Russians,1
1,23,4,0,Italians,0
1,23,4,0,Germans,4
1,23,4,0,Chinese,1
1,23,4,1,Russians,0
1,23,4,1,Italians,0
1,23,4,1,Germans,4
1,23,4,1,Chinese,2
1,23,4,2,Russians,0
1,23,4,2,Italians,0
1,23,4,2,Germans,2
1,23,4,2,Chinese,0
1,23,4,3,Russians,0
1,23,4,3,Italians,0
1,23,4,3,Germans,2
1,23,5,0,Russians,0
1,23,5,0,Italians,0
1,23,5,0,Germans,4
1,23,5,0,Chinese,1
1,23,5,1,Russians,0
1,23,5,1,Italians,0
1,23,5,1,Germans,4
1,23,5,1,Chinese,2
1,23,5,2,Russians,0
1,23,5,2,Italians,0
1,23,5,2,Germans,1
1,23,5,2,Chinese,2
1,23,5,3,Russians,0
1,23,5,3,Italians,0
1,23,5,3,Germans,2
1,23,5,3,Chinese,0
1,23,5,4,Russians,0
1,23,5,4,Italians,0
1,23,5,4,Germans,1
1,23,5,4,Chinese,0
1,23,6,0,Russians,1
1,23,6,0,Italians,0
1,23,6,0,Germans,4
1,23,6,0,Chinese,1
1,23,6,1,Russians,0
1,23,6,1,Italians,0
1,23,6,1,Germans,4
1,23,6,1,Chinese,2
1,23,6,2,Russians,0
1,23,6,2,Italians,0
1,23,6,2,Germans,2
1,23,6,2,Chinese,0
1,23,6,3,Russians,0
1,23,6,3,Italians,0
1,23,6,3,Germans,2
1,23,7,0,Russians,0
1,23,7,0,Italians,0
1,23,7,0,Germans,4
1,23,7,0,Chinese,3
1,23,7,1,Russians,0
1,23,7,1,Italians,0
1,23,7,1,Germans,4
1,23,7,1,Chinese,2
1,23,7,2,Russians,0
1,23,7,2,Italians,0
1,23,7,2,Germans,3
1,23,7,2,Chinese,1
1,23,7,3,Russians,0
1,23,7,3,Italians,0
1,23,7,3,Germans,4
1,23,8,0,Russians,1
1,23,8,0,Italians,0
1,23,8,0,Germans,4
1,23,8,0,Chinese,2
1,23,8,1,Russians,0
1,23,8,1,Italians,0
1,23,8,1,Germans,5
1,23,8,1,Chinese,2
1,23,8,2,Russians,0
1,23,8,2,Italians,0
1,23,8,2,Germans,1
1,23,8,2,Chinese,2
1,23,8,3,Russians,0
1,23,8,3,Italians,0
1,23,8,3,Germans,3
1,23,8,3,Chinese,0
1,23,8,4,Russians,0
1,23,8,4,Italians,0
1,23,8,4,Germans,1
1,23,8,4,Chinese,0
1,23,9,0,Russians,0
1,23,9,0,Italians,0
1,23,9,0,Germans,4
1,23,9,0,Chinese,1
1,23,9,1,Russians,0
1,23,9,1,Italians,0
1,23,9,1,Germans,4
1,23,9,1,Chinese,2
1,23,9,2,Russians,0
1,23,9,2,Italians,0
1,23,9,2,Germans,3
1,23,10,0,Russians,1
1,23,10,0,Italians,0
1,23,10,0,Germans,4
1,23,10,0,Chinese,2
1,23,10,1,Russians,0
1,23,10,1,Italians,0
1,23,10,1,Germans,3
1,23,10,1,Chinese,2
1,23,10,2,Russians,0
1,23,10,2,Italians,0
1,23,10,2,Germans,3
1,23,10,2,Chinese,1
1,23,10,3,Russians,0
1,23,10,3,Italians,0
1,23,10,3,Germans,3
1,23,11,0,Russians,1
1,23,11,0,Italians,0
1,23,11,0,Germans,4
1,23,11,0,Chinese,2
1,23,11,1,Russians,0
1,23,11,1,Italians,0
1,23,11,1,Germans,5
1,23,11,1,Chinese,2
1,23,11,2,Russians,0
1,23,11,2,Italians,0
1,23,11,2,Germans,1
1,23,11,2,Chinese,2
1,23,11,3,Russians,0
1,23,11,3,Italians,0
1,23,11,3,Germans,3
1,23,11,3,Chinese,1
1,23,11,4,Russians,0
1,23,11,4,Italians,0
1,23,11,4,Germans,1
1,23,11,4,Chinese,0
1,23,12,0,Russians,0
1,23,12,0,Italians,0
1,23,12,0,Germans,4
1,23,12,0,Chinese,2
1,23,12,1,Russians,0
1,23,12,1,Italians,0
1,23,12,1,Germans,3
1,23,12,1,Chinese,2
1,23,12,2,Russians,0
1,23,12,2,Italians,0
1,23,12,2,Germans,4
1,23,13,0,Russians,1
1,23,13,0,Italians,0
1,23,13,0,Germans,4
1,23,13,0,Chinese,2
1,23,13,1,Russians,0
1,23,13,1,Italians,0
1,23,13,1,Germans,5
1,23,13,1,Chinese,2
1,23,13,2,Russians,0
1,23,13,2,Italians,0
1,23,13,2,Germans,2
1,23,13,2,Chinese,0
1,23,13,3,Russians,0
1,23,13,3,Italians,0
1,23,13,3,Germans,3
1,23,14,0,Russians,0
1,23,14,0,Italians,0
1,23,14,0,Germans,4
1,23,14,0,Chinese,3
1,23,14,1,Russians,0
1,23,14,1,Italians,0
1,23,14,1,Germans,4
1,23,14,1,Chinese,2
1,23,14,2,Russians,0
1,23,14,2,Italians,0
1,23,14,2,Germans,1
1,23,14,2,Chinese,1
1,23,14,3,Russians,0
1,23,14,3,Italians,0
1,23,14,3,Germans,3
1,23,14,3,Chinese,1
1,23,14,4,Russians,0
1,23,14,4,Italians,0
1,23,14,4,Germans,3
1,23,14,4,Chinese,0
1,23,15,0,Russians,1
1,23,15,0,Italians,0
1,23,15,0,Germans,4
1,23,15,0,Chinese,1
1,23,15,1,Russians,0
1,23,15,1,Italians,0
1,23,15,1,Germans,4
1,23,15,1,Chinese,2
1,23,15,2,Russians,0
1,23,15,2,Italians,0
1,23,15,2,Germans,1
1,23,15,2,Chinese,2
1,23,15,3,Russians,0
1,23,15,3,Italians,0
1,23,15,3,Germans,3
1,23,15,3,Chinese,1
1,23,15,4,Russians,0
1,23,15,4,Italians,0
1,23,15,4,Germans,2
1,23,15,4,Chinese,0
1,23,16,0,Russians,0
1,23,16,0,Italians,0
1,23,16,0,Germans,4
1,23,16,0,Chinese,2
1,23,16,1,Russians,0
1,23,16,1,Italians,0
1,23,16,1,Germans,3
1,23,16,1,Chinese,2
1,23,16,2,Russians,0
1,23,16,2,Italians,0
1,23,16,2,Germans,3
1,23,17,0,Russians,1
1,23,17,0,Italians,0
1,23,17,0,Germans,4
1,23,17,0,Chinese,3
1,23,17,1,Russians,0
1,23,17,1,Italians,0
1,23,17,1,Germans,4
1,23,17,1,Chinese,2
1,23,17,2,Russians,0
1,23,17,2,Italians,0
1,23,17,2,Germans,1
1,23,17,2,Chinese,1
1,23,17,3,Russians,0
1,23,17,3,Italians,0
1,23,17,3,Germans,3
1,23,17,3,Chinese,2
1,23,17,4,Russians,0
1,23,17,4,Italians,0
1,23,17,4,Germans,2
1,23,17,4,Chinese,1
1,23,18,0,Russians,0
1,23,18,0,Italians,0
1,23,18,0,Germans,4
1,23,18,0,Chinese,2
1,23,18,1,Russians,0
1,23,18,1,Italians,0
1,23,18,1,Germans,5
1,23,18,1,Chinese,2
1,23,18,2,Russians,0
1,23,18,2,Italians,0
1,23,18,2,Germans,1
1,23,18,2,Chinese,2
1,23,18,3,Russians,0
1,23,18,3,Italians,0
1,23,18,3,Germans,3
1,23,18,3,Chinese,1
1,23,18,4,Russians,0
1,23,18,4,Italians,0
1,23,18,4,Germans,1
1,23,18,4,Chinese,0
1,23,19,0,Russians,1
1,23,19,0,Italians,0
1,23,19,0,Germans,4
1,23,19,0,Chinese,2
1,23,19,1,Russians,0
1,23,19,1,Italians,0
1,23,19,1,Germans,3
1,23,19,1,Chinese,2
1,23,19,2,Russians,0
1,23,19,2,Italians,0
1,23,19,2,Germans,4
1,23,20,0,Russians,0
1,23,20,0,Italians,0
1,23,20,0,Germans,4
1,23,20,0,Chinese,1
1,23,20,1,Russians,0
1,23,20,1,Italians,0
1,23,20,1,Germans,4
1,23,20,1,Chinese,2
1,23,20,2,Russians,0
1,23,20,2,Italians,0
1,23,20,2,Germans,3
1,23,21,0,Russians,1
1,23,21,0,Italians,0
1,23,21,0,Germans,4
1,23,21,0,Chinese,3
1,23,21,1,Russians,0
1,23,21,1,Italians,0
1,23,21,1,Germans,4
1,23,21,1,Chinese,2
1,23,21,2,Russians,0
1,23,21,2,Italians,0
1,23,21,2,Germans,1
1,23,21,2,Chinese,1
1,23,21,3,Russians,0
1,23,21,3,Italians,0
1,23,21,3,Germans,3
1,23,21,3,Chinese,2
1,23,21,4,Russians,0
1,23,21,4,Italians,0
1,23,21,4,Germans,2
1,23,21,4,Chinese,1
1,23,22,0,Russians,1
1,23,22,0,Italians,0
1,23,22,0,Germans,4
1,23,22,0,Chinese,3
1,23,22,1,Russians,0
1,23,22,1,Italians,0
1,23,22,1,Germans,4
1,23,22,1,Chinese,2
1,23,22,2,Russians,0
1,23,22,2,Italians,0
1,23,22,2,Germans,3
1,23,22,2,Chinese,1
1,23,22,3,Russians,0
1,23,22,3,Italians,0
1,23,22,3,Germans,4
1,23,23,0,Russians,0
1,23,23,0,Italians,0
1,23,23,0,Germans,4
1,23,23,0,Chinese,2
1,23,23,1,Russians,0
1,23,23,1,Italians,0
1,23,23,1,Germans,5
1,23,23,1,Chinese,2
1,23,23,2,Russians,0
1,23,23,2,Italians,0
1,23,23,2,Germans,1
1,23,23,2,Chinese,2
1,23,23,3,Russians,0
1,23,23,3,Italians,0
1,23,23,3,Germans,3
1,23,23,3,Chinese,1
1,23,23,4,Russians,0
1,23,23,4,Italians,0
1,23,23,4,Germans,1
1,23,23,4,Chinese,0
1,23,24,0,Russians,0
1,23,24,0,Italians,0
1,23,24,0,Germans,4
1,23,24,0,Chinese,1
1,23,24,1,Russians,0
1,23,24,1,Italians,0
1,23,24,1,Germans,4
1,23,24,1,Chinese,2
1,23,24,2,Russians,0
1,23,24,2,Italians,0
1,23,24,2,Germans,2
1,23,24,2,Chinese,0
1,23,24,3,Russians,0
1,23,24,3,Italians,0
1,23,24,3,Germans,2
1,23,25,0,Russians,1
1,23,25,0,Italians,0
1,23,25,0,Germans,4
1,23,25,0,Chinese,2
1,23,25,1,Russians,0
1,23,25,1,Italians,0
1,23,25,1,Germans,3
1,23,25,1,Chinese,2
1,23,25,2,Russians,0
1,23,25,2,Italians,0
1,23,25,2,Germans,2
1,23,26,0,Russians,0
1,23,26,0,Italians,0
1,23,26,0,Germans,4
1,23,26,0,Chinese,3
1,23,26,1,Russians,0
1,23,26,1,Italians,0
1,23,26,1,Germans,3
1,23,26,1,Chinese,2
1,23,26,2,Russians,0
1,23,26,2,Italians,0
1,23,26,2,Germans,2
1,23,26,2,Chinese,2
1,23,26,3,Russians,0
1,23,26,3,Italians,0
1,23,26,3,Germans,2
1,23,26,3,Chinese,1
1,23,26,4,Russians,0
1,23,26,4,Italians,0
1,23,26,4,Germans,3
1,23,26,4,Chinese,1
1,23,27,0,Russians,1
1,23,27,0,Italians,0
1,23,27,0,Germans,4
1,23,27,0,Chinese,2
1,23,27,1,Russians,0
1,23,27,1,Italians,0
1,23,27,1,Germans,3
1,23,27,1,Chinese,2
1,23,27,2,Russians,0
1,23,27,2,Italians,0
1,23,27,2,Germans,3
1,23,27,2,Chinese,1
1,23,27,3,Russians,0
1,23,27,3,Italians,0
1,23,27,3,Germans,3
1,23,28,0,Russians,0
1,23,28,0,Italians,0
1,23,28,0,Germans,4
1,23,28,0,Chinese,1
1,23,28,1,Russians,0
1,23,28,1,Italians,0
1,23,28,1,Germans,4
1,23,28,1,Chinese,2
1,23,28,2,Russians,0
1,23,28,2,Italians,0
1,23,28,2,Germans,2
1,23,28,2,Chinese,0
1,23,28,3,Russians,0
1,23,28,3,Italians,0
1,23,28,3,Germans,2
1,23,29,0,Russians,1
1,23,29,0,Italians,0
1,23,29,0,Germans,4
1,23,29,0,Chinese,3
1,23,29,1,Russians,0
1,23,29,1,Italians,0
1,23,29,1,Germans,4
1,23,29,1,Chinese,2
1,23,29,2,Russians,0
1,23,29,2,Italians,0
1,23,29,2,Germans,2
1,23,29,2,Chinese,1
1,23,29,3,Russians,0
1,23,29,3,Italians,0
1,23,29,3,Germans,4
1,23,30,0,Russians,0
1,23,30,0,Italians,0
1,23,30,0,Germans,4
1,23,30,0,Chinese,2
1,23,30,1,Russians,0
1,23,30,1,Italians,0
1,23,30,1,Germans,3
1,23,30,1,Chinese,2
1,23,30,2,Russians,0
1,23,30,2,Italians,0
1,23,30,2,Germans,2
1,23,30,2,Chinese,0
1,23,30,3,Russians,0
1,23,30,3,Italians,0
1,23,30,3,Germans,3
1,23,31,0,Russians,1
1,23,31,0,Italians,0
1,23,31,0,Germans,4
1,23,31,0,Chinese,3
1,23,31,1,Russians,0
1,23,31,1,Italians,0
1,23,31,1,Germans,4
1,23,31,1,Chinese,2
1,23,31,2,Russians,0
1,23,31,2,Italians,0
1,23,31,2,Germans,3
1,23,31,2,Chinese,2
1,23,31,3,Russians,0
1,23,31,3,Italians,0
1,23,31,3,Germans,3
1,23,31,3,Chinese,0
1,23,31,4,Russians,0
1,23,31,4,Italians,0
1,23,31,4,Germans,2
1,23,31,4,Chinese,0
1,23,32,0,Russians,0
1,23,32,0,Italians,0
1,23,32,0,Germans,4
1,23,32,0,Chinese,2
1,23,32,1,Russians,0
1,23,32,1,Italians,0
1,23,32,1,Germans,5
1,23,32,1,Chinese,2
1,23,32,2,Russians,0
1,23,32,2,Italians,0
1,23,32,2,Germans,2
1,23,32,2,Chinese,1
1,23,32,3,Russians,0
1,23,32,3,Italians,0
1,23,32,3,Germans,3
1,23,32,3,Chinese,0
1,23,32,4,Russians,0
1,23,32,4,Italians,0
1,23,32,4,Germans,1
1,23,32,4,Chinese,0
1,23,33,0,Russians,1
1,23,33,0,Italians,0
1,23,33,0,Germans,4
1,23,33,0,Chinese,1
1,23,33,1,Russians,0
1,23,33,1,Italians,0
1,23,33,1,Germans,4
1,23,33,1,Chinese,2
1,23,33,2,Russians,0
1,23,33,2,Italians,0
1,23,33,2,Germans,2
1,23,33,2,Chinese,0
1,23,33,3,Russians,0
1,23,33,3,Italians,0
1,23,33,3,Germans,2
1,23,34,0,Russians,0
1,23,34,0,Italians,0
1,23,34,0,Germans,4
1,23,34,0,Chinese,2
1,23,34,1,Russians,0
1,23,34,1,Italians,0
1,23,34,1,Germans,5
1,23,34,1,Chinese,2
1,23,34,2,Russians,0
1,23,34,2,Italians,0
1,23,34,2,Germans,1
1,23,34,2,Chinese,2
1,23,34,3,Russians,0
1,23,34,3,Italians,0
1,23,34,3,Germans,3
1,23,34,3,Chinese,1
1,23,34,4,Russians,0
1,23,34,4,Italians,0
1,23,34,4,Germans,1
1,23,34,4,Chinese,0
1,23,35,0,Russians,0
1,23,35,0,Italians,0
1,23,35,0,Germans,4
1,23,35,0,Chinese,3
1,23,35,1,Russians,0
1,23,35,1,Italians,0
1,23,35,1,Germans,4
1,23,35,1,Chinese,2
1,23,35,2,Russians,0
1,23,35,2,Italians,0
1,23,35,2,Germans,2
1,23,35,2,Chinese,2
1,23,35,3,Russians,0
1,23,35,3,Italians,0
1,23,35,3,Germans,3
1,23,35,3,Chinese,1
1,23,35,4,Russians,0
1,23,35,4,Italians,0
1,23,35,4,Germans,2
1,23,35,4,Chinese,0
1,23,36,0,Russians,1
1,23,36,0,Italians,0
1,23,36,0,Germans,4
1,23,36,0,Chinese,1
1,23,36,1,Russians,0
1,23,36,1,Italians,0
1,23,36,1,Germans,4
1,23,36,1,Chinese,2
1,23,36,2,Russians,0
1,23,36,2,Italians,0
1,23,36,2,Germans,1
1,23,36,2,Chinese,1
1,23,36,3,Russians,0
1,23,36,3,Italians,0
1,23,36,3,Germans,3
1,23,36,3,Chinese,0
1,23,36,4,Russians,0
1,23,36,4,Italians,0
1,23,36,4,Germans,1
1,23,37,0,Russians,0
1,23,37,0,Italians,0
1,23,37,0,Germans,4
1,23,37,0,Chinese,2
1,23,37,1,Russians,0
1,23,37,1,Italians,0
1,23,37,1,Germans,5
1,23,37,1,Chinese,2
1,23,37,2,Russians,0
1,23,37,2,Italians,0
1,23,37,2,Germans,2
1,23,37,2,Chinese,0
1,23,37,3,Russians,0
1,23,37,3,Italians,0
1,23,37,3,Germans,3
1,23,38,0,Russians,1
1,23,38,0,Italians,0
1,23,38,0,Germans,4
1,23,38,0,Chinese,2
1,23,38,1,Russians,0
1,23,38,1,Italians,0
1,23,38,1,Germans,5
1,23,38,1,Chinese,2
1,23,38,2,Russians,0
1,23,38,2,Italians,0
1,23,38,2,Germans,2
1,23,38,2,Chinese,1
1,23,38,3,Russians,0
1,23,38,3,Italians,0
1,23,38,3,Germans,3
1,23,38,3,Chinese,0
1,23,38,4,Russians,0
1,23,38,4,Italians,0
1,23,38,4,Germans,1
1,23,38,4,Chinese,0
1,23,39,0,Russians,1
1,23,39,0,Italians,0
1,23,39,0,Germans,4
1,23,39,0,Chinese,1
1,23,39,1,Russians,0
1,23,39,1,Italians,0
1,23,39,1,Germans,4
1,23,39,1,Chinese,2
1,23,39,2,Russians,0
1,23,39,2,Italians,0
1,23,39,2,Germans,1
1,23,39,2,Chinese,2
1,23,39,3,Russians,0
1,23,39,3,Italians,0
1,23,39,3,Germans,3
1,23,39,3,Chinese,1
1,23,39,4,Russians,0
1,23,39,4,Italians,0
1,23,39,4,Germans,2
1,23,39,4,Chinese,0
1,23,40,0,Russians,0
1,23,40,0,Italians,0
1,23,40,0,Germans,4
1,23,40,0,Chinese,2
1,23,40,1,Russians,0
1,23,40,1,Italians,0
1,23,40,1,Germans,3
1,23,40,1,Chinese,2
1,23,40,2,Russians,0
1,23,40,2,Italians,0
1,23,40,2,Germans,2
1,24,1,0,Russians,0
1,24,1,0,Italians,0
1,24,1,0,Germans,4
1,24,1,0,Chinese,2
1,24,1,1,Russians,0
1,24,1,1,Italians,0
1,24,1,1,Germans,3
1,24,1,1,Chinese,1
1,24,1,2,Russians,0
1,24,1,2,Italians,0
1,24,1,2,Germans,3
1,24,1,2,Chinese,1
1,24,1,3,Russians,0
1,24,1,3,Italians,0
1,24,1,3,Germans,2
1,24,1,3,Chinese,1
1,24,1,4,Russians,0
1,24,1,4,Italians,0
1,24,1,4,Germans,2
1,24,1,4,Chinese,0
1,24,2,0,Russians,0
1,24,2,0,Italians,0
1,24,2,0,Germans,4
1,24,2,0,Chinese,2
1,24,2,1,Russians,0
1,24,2,1,Italians,0
1,24,2,1,Germans,3
1,24,2,1,Chinese,1
1,24,2,2,Russians,0
1,24,2,2,Italians,0
1,24,2,2,Germans,3
1,24,2,2,Chinese,1
1,24,2,3,Russians,0
1,24,2,3,Italians,0
1,24,2,3,Germans,2
1,24,2,3,Chinese,1
1,24,2,4,Russians,0
1,24,2,4,Italians,0
1,24,2,4,Germans,3
1,24,2,4,Chinese,1
1,24,3,0,Russians,0
1,24,3,0,Italians,0
1,24,3,0,Germans,4
1,24,3,0,Chinese,2
1,24,3,1,Russians,0
1,24,3,1,Italians,0
1,24,3,1,Germans,1
1,24,3,1,Chinese,2
1,24,3,2,Russians,0
1,24,3,2,Italians,0
1,24,3,2,Germans,3
1,24,3,2,Chinese,1
1,24,3,3,Russians,0
1,24,3,3,Italians,0
1,24,3,3,Germans,3
1,24,3,3,Chinese,0
1,24,3,4,Russians,0
1,24,3,4,Italians,0
1,24,3,4,Germans,2
1,24,4,0,Russians,0
1,24,4,0,Italians,0
1,24,4,0,Germans,4
1,24,4,0,Chinese,2
1,24,4,1,Russians,0
1,24,4,1,Italians,0
1,24,4,1,Germans,2
1,24,4,1,Chinese,1
1,24,4,2,Russians,0
1,24,4,2,Italians,0
1,24,4,2,Germans,3
1,24,4,2,Chinese,1
1,24,4,3,Russians,0
1,24,4,3,Italians,0
1,24,4,3,Germans,2
1,24,4,3,Chinese,0
1,24,4,4,Russians,0
1,24,4,4,Italians,0
1,24,4,4,Germans,1
1,24,5,0,Russians,0
1,24,5,0,Italians,0
1,24,5,0,Germans,4
1,24,5,0,Chinese,2
1,24,5,1,Russians,0
1,24,5,1,Italians,0
1,24,5,1,Germans,1
1,24,5,1,Chinese,2
1,24,5,2,Russians,0
1,24,5,2,Italians,0
1,24,5,2,Germans,3
1,24,5,2,Chinese,1
1,24,5,3,Russians,0
1,24,5,3,Italians,0
1,24,5,3,Germans,3
1,24,5,3,Chinese,1
1,24,5,4,Russians,0
1,24,5,4,Italians,0
1,24,5,4,Germans,3
1,24,6,0,Russians,0
1,24,6,0,Italians,0
1,24,6,0,Germans,4
1,24,6,0,Chinese,2
1,24,6,1,Russians,0
1,24,6,1,Italians,0
1,24,6,1,Germans,2
1,24,6,1,Chinese,2
1,24,6,2,Russians,0
1,24,6,2,Italians,0
1,24,6,2,Germans,3
1,24,6,2,Chinese,1
1,24,6,3,Russians,0
1,24,6,3,Italians,0
1,24,6,3,Germans,2
1,24,6,3,Chinese,1
1,24,6,4,Russians,0
1,24,6,4,Italians,0
1,24,6,4,Germans,2
1,24,6,4,Chinese,0
1,24,7,0,Russians,0
1,24,7,0,Italians,0
1,24,7,0,Germans,4
1,24,7,0,Chinese,2
1,24,7,1,Russians,0
1,24,7,1,Italians,0
1,24,7,1,Germans,1
1,24,7,1,Chinese,2
1,24,7,2,Russians,0
1,24,7,2,Italians,0
1,24,7,2,Germans,3
1,24,7,2,Chinese,1
1,24,7,3,Russians,0
1,24,7,3,Italians,0
1,24,7,3,Germans,2
1,24,7,3,Chinese,1
1,24,7,4,Russians,0
1,24,7,4,Italians,0
1,24,7,4,Germans,2
1,24,8,0,Russians,0
1,24,8,0,Italians,0
1,24,8,0,Germans,4
1,24,8,0,Chinese,2
1,24,8,1,Russians,0
1,24,8,1,Italians,0
1,24,8,1,Germans,2
1,24,8,1,Chinese,1
1,24,8,2,Russians,0
1,24,8,2,Italians,0
1,24,8,2,Germans,3
1,24,8,2,Chinese,1
1,24,8,3,Russians,0
1,24,8,3,Italians,0
1,24,8,3,Germans,2
1,24,8,3,Chinese,0
1,24,8,4,Russians,0
1,24,8,4,Italians,0
1,24,8,4,Germans,1
1,24,9,0,Russians,0
1,24,9,0,Italians,0
1,24,9,0,Germans,4
1,24,9,0,Chinese,2
1,24,9,1,Russians,0
1,24,9,1,Italians,0
1,24,9,1,Germans,1
1,24,9,1,Chinese,1
1,24,9,2,Russians,0
1,24,9,2,Italians,0
1,24,9,2,Germans,3
1,24,9,2,Chinese,1
1,24,9,3,Russians,0
1,24,9,3,Italians,0
1,24,9,3,Germans,2
1,24,9,3,Chinese,2
1,24,9,4,Russians,0
1,24,9,4,Italians,0
1,24,9,4,Germans,3
1,24,9,4,Chinese,1
1,24,10,0,Russians,0
1,24,10,0,Italians,0
1,24,10,0,Germans,4
1,24,10,0,Chinese,2
1,24,10,1,Russians,0
1,24,10,1,Italians,0
1,24,10,1,Germans,2
1,24,10,1,Chinese,1
1,24,10,2,Russians,0
1,24,10,2,Italians,0
1,24,10,2,Germans,3
1,24,10,2,Chinese,1
1,24,10,3,Russians,0
1,24,10,3,Italians,0
1,24,10,3,Germans,2
1,24,10,3,Chinese,1
1,24,10,4,Russians,0
1,24,10,4,Italians,0
1,24,10,4,Germans,3
1,24,10,4,Chinese,1
1,24,11,0,Russians,0
1,24,11,0,Italians,0
1,24,11,0,Germans,4
1,24,11,0,Chinese,2
1,24,11,1,Russians,0
1,24,11,1,Italians,0
1,24,11,1,Germans,1
1,24,11,1,Chinese,1
1,24,11,2,Russians,0
1,24,11,2,Italians,0
1,24,11,2,Germans,3
1,24,11,2,Chinese,2
1,24,11,3,Russians,0
1,24,11,3,Italians,0
1,24,11,3,Germans,3
1,24,11,3,Chinese,1
1,24,11,4,Russians,0
1,24,11,4,Italians,0
1,24,11,4,Germans,2
1,24,11,4,Chinese,0
1,24,12,0,Russians,0
1,24,12,0,Italians,0
1,24,12,0,Germans,4
1,24,12,0,Chinese,1
1,24,12,1,Russians,0
1,24,12,1,Italians,0
1,24,12,1,Germans,2
1,24,12,1,Chinese,1
1,24,12,2,Russians,0
1,24,12,2,Italians,0
1,24,12,2,Germans,3
1,24,12,2,Chinese,1
1,24,12,3,Russians,0
1,24,12,3,Italians,0
1,24,12,3,Germans,2
1,24,12,3,Chinese,0
1,24,12,4,Russians,0
1,24,12,4,Italians,0
1,24,12,4,Germans,1
1,24,13,0,Russians,0
1,24,13,0,Italians,0
1,24,13,0,Germans,4
1,24,13,0,Chinese,1
1,24,13,1,Russians,0
1,24,13,1,Italians,0
1,24,13,1,Germans,1
1,24,13,1,Chinese,1
1,24,13,2,Russians,0
1,24,13,2,Italians,0
1,24,13,2,Germans,3
1,24,13,2,Chinese,2
1,24,13,3,Russians,0
1,24,13,3,Italians,0
1,24,13,3,Germans,1
1,24,13,3,Chinese,0
1,24,13,4,Russians,0
1,24,13,4,Italians,0
1,24,13,4,Germans,2
1,24,14,0,Russians,0
1,24,14,0,Italians,0
1,24,14,0,Germans,4
1,24,14,0,Chinese,2
1,24,14,1,Russians,0
1,24,14,1,Italians,0
1,24,14,1,Germans,1
1,24,14,1,Chinese,1
1,24,14,2,Russians,0
1,24,14,2,Italians,0
1,24,14,2,Germans,3
1,24,14,2,Chinese,1
1,24,14,3,Russians,0
1,24,14,3,Italians,0
1,24,14,3,Germans,2
1,24,14,3,Chinese,2
1,24,14,4,Russians,0
1,24,14,4,Italians,0
1,24,14,4,Germans,2
1,24,14,4,Chinese,2
1,24,15,0,Russians,0
1,24,15,0,Italians,0
1,24,15,0,Germans,4
1,24,15,0,Chinese,2
1,24,15,1,Russians,0
1,24,15,1,Italians,0
1,24,15,1,Germans,2
1,24,15,1,Chinese,1
1,24,15,2,Russians,0
1,24,15,2,Italians,0
1,24,15,2,Germans,3
1,24,15,2,Chinese,1
1,24,15,3,Russians,0
1,24,15,3,Italians,0
1,24,15,3,Germans,2
1,24,15,3,Chinese,2
1,24,15,4,Russians,0
1,24,15,4,Italians,0
1,24,15,4,Germans,2
1,24,15,4,Chinese,0
1,24,16,0,Russians,0
1,24,16,0,Italians,0
1,24,16,0,Germans,4
1,24,16,0,Chinese,2
1,24,16,1,Russians,0
1,24,16,1,Italians,0
1,24,16,1,Germans,1
1,24,16,1,Chinese,1
1,24,16,2,Russians,0
1,24,16,2,Italians,0
1,24,16,2,Germans,3
1,24,16,2,Chinese,1
1,24,16,3,Russians,0
1,24,16,3,Italians,0
1,24,16,3,Germans,2
1,24,16,3,Chinese,2
1,24,16,4,Russians,0
1,24,16,4,Italians,0
1,24,16,4,Germans,3
1,24,16,4,Chinese,1
1,24,17,0,Russians,0
1,24,17,0,Italians,0
1,24,17,0,Germans,4
1,24,17,0,Chinese,2
1,24,17,1,Russians,0
1,24,17,1,Italians,0
1,24,17,1,Germans,2
1,24,17,1,Chinese,1
1,24,17,2,Russians,0
1,24,17,2,Italians,0
1,24,17,2,Germans,3
1,24,17,2,Chinese,2
1,24,17,3,Russians,0
1,24,17,3,Italians,0
1,24,17,3,Germans,3
1,24,17,3,Chinese,0
1,24,17,4,Russians,0
1,24,17,4,Italians,0
1,24,17,4,Germans,3
1,24,17,4,Chinese,0
1,24,18,0,Russians,0
1,24,18,0,Italians,0
1,24,18,0,Germans,4
1,24,18,0,Chinese,3
1,24,18,1,Russians,0
1,24,18,1,Italians,0
1,24,18,1,Germans,3
1,24,18,1,Chinese,1
1,24,18,2,Russians,0
1,24,18,2,Italians,0
1,24,18,2,Germans,3
1,24,18,2,Chinese,1
1,24,18,3,Russians,0
1,24,18,3,Italians,0
1,24,18,3,Germans,2
1,24,18,3,Chinese,0
1,24,18,4,Russians,0
1,24,18,4,Italians,0
1,24,18,4,Germans,2
1,24,19,0,Russians,0
1,24,19,0,Italians,0
1,24,19,0,Germans,4
1,24,19,0,Chinese,2
1,24,19,1,Russians,0
1,24,19,1,Italians,0
1,24,19,1,Germans,1
1,24,19,1,Chinese,2
1,24,19,2,Russians,0
1,24,19,2,Italians,0
1,24,19,2,Germans,3
1,24,19,2,Chinese,1
1,24,19,3,Russians,0
1,24,19,3,Italians,0
1,24,19,3,Germans,2
1,24,19,3,Chinese,1
1,24,19,4,Russians,0
1,24,19,4,Italians,0
1,24,19,4,Germans,2
1,24,20,0,Russians,0
1,24,20,0,Italians,0
1,24,20,0,Germans,4
1,24,20,0,Chinese,2
1,24,20,1,Russians,0
1,24,20,1,Italians,0
1,24,20,1,Germans,2
1,24,20,1,Chinese,1
1,24,20,2,Russians,0
1,24,20,2,Italians,0
1,24,20,2,Germans,3
1,24,20,2,Chinese,3
1,24,20,3,Russians,0
1,24,20,3,Italians,0
1,24,20,3,Germans,3
1,24,20,3,Chinese,0
1,24,20,4,Russians,0
1,24,20,4,Italians,0
1,24,20,4,Germans,3
1,24,20,4,Chinese,0
1,24,21,0,Russians,0
1,24,21,0,Italians,0
1,24,21,0,Germans,4
1,24,21,0,Chinese,2
1,24,21,1,Russians,0
1,24,21,1,Italians,0
1,24,21,1,Germans,2
1,24,21,1,Chinese,1
1,24,21,2,Russians,0
1,24,21,2,Italians,0
1,24,21,2,Germans,3
1,24,21,2,Chinese,1
1,24,21,3,Russians,0
1,24,21,3,Italians,0
1,24,21,3,Germans,2
1,24,21,3,Chinese,0
1,24,21,4,Russians,0
1,24,21,4,Italians,0
1,24,21,4,Germans,1
1,24,22,0,Russians,0
1,24,22,0,Italians,0
1,24,22,0,Germans,4
1,24,22,0,Chinese,2
1,24,22,1,Russians,0
1,24,22,1,Italians,0
1,24,22,1,Germans,2
1,24,22,1,Chinese,2
1,24,22,2,Russians,0
1,24,22,2,Italians,0
1,24,22,2,Germans,3
1,24,22,2,Chinese,2
1,24,22,3,Russians,0
1,24,22,3,Italians,0
1,24,22,3,Germans,3
1,24,22,3,Chinese,2
1,24,22,4,Russians,0
1,24,22,4,Italians,0
1,24,22,4,Germans,3
1,24,22,4,Chinese,1
1,24,23,0,Russians,0
1,24,23,0,Italians,0
1,24,23,0,Germans,4
1,24,23,0,Chinese,3
1,24,23,1,Russians,0
1,24,23,1,Italians,0
1,24,23,1,Germans,4
1,24,23,1,Chinese,1
1,24,23,2,Russians,0
1,24,23,2,Italians,0
1,24,23,2,Germans,3
1,24,23,2,Chinese,1
1,24,23,3,Russians,0
1,24,23,3,Italians,0
1,24,23,3,Germans,2
1,24,23,3,Chinese,0
1,24,23,4,Russians,0
1,24,23,4,Italians,0
1,24,23,4,Germans,2
1,24,24,0,Russians,0
1,24,24,0,Italians,0
1,24,24,0,Germans,4
1,24,24,0,Chinese,2
1,24,24,1,Russians,0
1,24,24,1,Italians,0
1,24,24,1,Germans,1
1,24,24,1,Chinese,2
1,24,24,2,Russians,0
1,24,24,2,Italians,0
1,24,24,2,Germans,3
1,24,24,2,Chinese,1
1,24,24,3,Russians,0
1,24,24,3,Italians,0
1,24,24,3,Germans,2
1,24,24,3,Chinese,1
1,24,24,4,Russians,0
1,24,24,4,Italians,0
1,24,24,4,Germans,2
1,24,25,0,Russians,0
1,24,25,0,Italians,0
1,24,25,0,Germans,4
1,24,25,0,Chinese,2
1,24,25,1,Russians,0
1,24,25,1,Italians,0
1,24,25,1,Germans,2
1,24,25,1,Chinese,1
1,24,25,2,Russians,0
1,24,25,2,Italians,0
1,24,25,2,Germans,3
1,24,25,2,Chinese,2
1,24,25,3,Russians,0
1,24,25,3,Italians,0
1,24,25,3,Germans,2
1,24,25,3,Chinese,1
1,24,25,4,Russians,0
1,24,25,4,Italians,0
1,24,25,4,Germans,2
1,24,25,4,Chinese,0
1,24,26,0,Russians,0
1,24,26,0,Italians,0
1,24,26,0,Germans,4
1,24,26,0,Chinese,2
1,24,26,1,Russians,0
1,24,26,1,Italians,0
1,24,26,1,Germans,2
1,24,26,1,Chinese,2
1,24,26,2,Russians,0
1,24,26,2,Italians,0
1,24,26,2,Germans,3
1,24,26,2,Chinese,1
1,24,26,3,Russians,0
1,24,26,3,Italians,0
1,24,26,3,Germans,2
1,24,26,3,Chinese,1
1,24,26,4,Russians,0
1,24,26,4,Italians,0
1,24,26,4,Germans,2
1,24,26,4,Chinese,0
1,24,27,0,Russians,0
1,24,27,0,Italians,0
1,24,27,0,Germans,4
1,24,27,0,Chinese,2
1,24,27,1,Russians,0
1,24,27,1,Italians,0
1,24,27,1,Germans,3
1,24,27,1,Chinese,2
1,24,27,2,Russians,0
1,24,27,2,Italians,0
1,24,27,2,Germans,3
1,24,27,2,Chinese,2
1,24,27,3,Russians,0
1,24,27,3,Italians,0
1,24,27,3,Germans,3
1,24,27,3,Chinese,0
1,24,27,4,Russians,0
1,24,27,4,Italians,0
1,24,27,4,Germans,3
1,24,27,4,Chinese,0
1,24,28,0,Russians,0
1,24,28,0,Italians,0
1,24,28,0,Germans,4
1,24,28,0,Chinese,2
1,24,28,1,Russians,0
1,24,28,1,Italians,0
1,24,28,1,Germans,1
1,24,28,1,Chinese,2
1,24,28,2,Russians,0
1,24,28,2,Italians,0
1,24,28,2,Germans,3
1,24,28,2,Chinese,1
1,24,28,3,Russians,0
1,24,28,3,Italians,0
1,24,28,3,Germans,2
1,24,28,3,Chinese,1
1,24,28,4,Russians,0
1,24,28,4,Italians,0
1,24,28,4,Germans,2
1,24,29,0,Russians,0
1,24,29,0,Italians,0
1,24,29,0,Germans,4
1,24,29,0,Chinese,1
1,24,29,1,Russians,0
1,24,29,1,Italians,0
1,24,29,1,Germans,2
1,24,29,1,Chinese,1
1,24,29,2,Russians,0
1,24,29,2,Italians,0
1,24,29,2,Germans,3
1,24,29,2,Chinese,1
1,24,29,3,Russians,0
1,24,29,3,Italians,0
1,24,29,3,Germans,2
1,24,29,3,Chinese,0
1,24,29,4,Russians,0
1,24,29,4,Italians,0
1,24,29,4,Germans,1
1,24,30,0,Russians,0
1,24,30,0,Italians,0
1,24,30,0,Germans,4
1,24,30,0,Chinese,2
1,24,30,1,Russians,0
1,24,30,1,Italians,0
1,24,30,1,Germans,1
1,24,30,1,Chinese,2
1,24,30,2,Russians,0
1,24,30,2,Italians,0
1,24,30,2,Germans,3
1,24,30,2,Chinese,1
1,24,30,3,Russians,0
1,24,30,3,Italians,0
1,24,30,3,Germans,2
1,24,30,3,Chinese,0
1,24,30,4,Russians,0
1,24,30,4,Italians,0
1,24,30,4,Germans,1
1,24,31,0,Russians,0
1,24,31,0,Italians,0
1,24,31,0,Germans,4
1,24,31,0,Chinese,2
1,24,31,1,Russians,0
1,24,31,1,Italians,0
1,24,31,1,Germans,1
1,24,31,1,Chinese,1
1,24,31,2,Russians,0
1,24,31,2,Italians,0
1,24,31,2,Germans,3
1,24,31,2,Chinese,3
1,24,31,3,Russians,0
1,24,31,3,Italians,0
1,24,31,3,Germans,3
1,24,31,3,Chinese,2
1,24,31,4,Russians,0
1,24,31,4,Italians,0
1,24,31,4,Germans,2
1,24,31,4,Chinese,0
1,24,32,0,Russians,0
1,24,32,0,Italians,0
1,24,32,0,Germans,4
1,24,32,0,Chinese,2
1,24,32,1,Russians,0
1,24,32,1,Italians,0
1,24,32,1,Germans,1
1,24,32,1,Chinese,2
1,24,32,2,Russians,0
1,24,32,2,Italians,0
1,24,32,2,Germans,3
1,24,32,2,Chinese,1
1,24,32,3,Russians,0
1,24,32,3,Italians,0
1,24,32,3,Germans,2
1,24,32,3,Chinese,1
1,24,32,4,Russians,0
1,24,32,4,Italians,0
1,24,32,4,Germans,2
1,24,33,0,Russians,0
1,24,33,0,Italians,0
1,24,33,0,Germans,4
1,24,33,0,Chinese,2
1,24,33,1,Russians,0
1,24,33,1,Italians,0
1,24,33,1,Germans,1
1,24,33,1,Chinese,1
1,24,33,2,Russians,0
1,24,33,2,Italians,0
1,24,33,2,Germans,3
1,24,33,2,Chinese,1
1,24,33,3,Russians,0
1,24,33,3,Italians,0
1,24,33,3,Germans,2
1,24,33,3,Chinese,2
1,24,33,4,Russians,0
1,24,33,4,Italians,0
1,24,33,4,Germans,3
1,24,33,4,Chinese,1
1,24,34,0,Russians,0
1,24,34,0,Italians,0
1,24,34,0,Germans,4
1,24,34,0,Chinese,2
1,24,34,1,Russians,0
1,24,34,1,Italians,0
1,24,34,1,Germans,1
1,24,34,1,Chinese,2
1,24,34,2,Russians,0
1,24,34,2,Italians,0
1,24,34,2,Germans,3
1,24,34,2,Chinese,1
1,24,34,3,Russians,0
1,24,34,3,Italians,0
1,24,34,3,Germans,2
1,24,34,3,Chinese,1
1,24,34,4,Russians,0
1,24,34,4,Italians,0
1,24,34,4,Germans,2
