5000 1 22213
5001 1 22213
5002 1 22213
5003 1 22213
5000 2 22213
5001 2 22213
5002 2 22213
5003 2 22213
5000 3 22213
5001 3 22213
5002 3 22213
5003 3 22214
5000 4 22214
5001 4 22214
5002 4 22214
5003 4 22215
5000 5 22215
5001 5 22215
5002 5 22215
5003 5 22216
5000 6 22216
5001 6 22217
5002 6 22217
5003 6 22219
5000 7 22219
5001 7 22219
5002 7 22219
5003 7 22221
5000 8 22223
5001 8 22224
5002 8 22225
5003 8 22227
5000 9 22229
5001 9 22231
5002 9 22231
5003 9 22234
5000 10 22235
5001 10 22236
5002 10 22236
5003 10 22238
5000 11 22239
5001 11 22240
5002 11 22241
5003 11 22242
5000 12 22244
5001 12 22246
5002 12 22247
5003 12 22249
5000 13 22249
5001 13 22249
5002 13 22251
5003 13 22252
5000 14 22253
5001 14 22253
5002 14 22254
5003 14 22254
5000 15 22255
5001 15 22255
5002 15 22255
5003 15 22255
5000 16 22256
5002 16 22256
5003 16 22256
5000 17 22256
5002 17 22256
5003 17 22256
5000 18 22256
5002 18 22256
5003 18 22256
5000 19 22259
5002 19 22259
5003 19 22259
5000 20 22261
5002 20 22262
5003 20 22262
5000 21 22264
5002 21 22268
5003 21 22269
5000 22 22271
5002 22 22271
5003 22 22271
5000 23 22271
5002 23 22271
5003 23 22271
5000 24 22273
5002 24 22275
5003 24 22275
5000 25 22277
5002 25 22283
5000 26 22287
5002 26 22292
5000 27 22294
5002 27 22295
5000 28 22296
5002 28 22296
5000 29 22299
5002 29 22299
5000 30 22301
5002 30 22301
5000 1 22301
5001 1 22301
5002 1 22301
5003 1 22301
5000 2 22301
5001 2 22301
5002 2 22302
5003 2 22302
5000 3 22302
5001 3 22302
5002 3 22302
5003 3 22302
5000 4 22302
5001 4 22302
5002 4 22302
5003 4 22302
5000 5 22302
5001 5 22302
5002 5 22302
5003 5 22302
5000 6 22302
5001 6 22302
5002 6 22303
5003 6 22303
5000 7 22303
5001 7 22303
5002 7 22303
5003 7 22303
5000 8 22303
5001 8 22303
5002 8 22303
5003 8 22303
5000 9 22303
5001 9 22304
5002 9 22304
5003 9 22305
5000 10 22306
5001 10 22306
5002 10 22308
5003 10 22308
5000 11 22309
5001 11 22309
5002 11 22310
5003 11 22310
5000 12 22310
5001 12 22310
5002 12 22311
5003 12 22311
5000 13 22311
5001 13 22312
5002 13 22314
5003 13 22314
5000 14 22315
5001 14 22315
5002 14 22318
5003 14 22318
5000 15 22319
5001 15 22319
5002 15 22320
5003 15 22320
5000 16 22321
5001 16 22321
5002 16 22324
5003 16 22325
5000 17 22325
5001 17 22326
5002 17 22328
5003 17 22330
5000 18 22332
5001 18 22334
5002 18 22335
5003 18 22337
5000 19 22342
5001 19 22342
5002 19 22344
5003 19 22345
5000 20 22346
5001 20 22346
5002 20 22348
5003 20 22349
5000 21 22351
5001 21 22353
5002 21 22355
5003 21 22356
5000 22 22357
5001 22 22357
5002 22 22358
5003 22 22358
5000 23 22359
5001 23 22359
5002 23 22362
5003 23 22363
5000 24 22365
5001 24 22365
5002 24 22369
5000 25 22369
5001 25 22370
5002 25 22372
5000 26 22373
5001 26 22374
5002 26 22375
5000 27 22377
5001 27 22377
5002 27 22380
5000 28 22381
5001 28 22381
5002 28 22385
5000 29 22385
5002 29 22386
5000 30 22388
5002 30 22390
5000 31 22390
5002 31 22392
5000 32 22392
5002 32 22392
5000 33 22392
5002 33 22393
5000 34 22394
5002 34 22395
5000 35 22395
5002 35 22397
5000 36 22398
5002 36 22401
5000 37 22401
5002 37 22404
5000 38 22404
5002 38 22409
5000 39 22409
5002 39 22412
5000 40 22412
5002 40 22415
5000 41 22415
5002 41 22420
5000 42 22420
5002 42 22425
5000 43 22425
5002 43 22430
5000 1 22430
5001 1 22430
5002 1 22430
5003 1 22430
5000 2 22430
5001 2 22430
5002 2 22430
5003 2 22430
5000 3 22430
5001 3 22431
5002 3 22431
5003 3 22431
5000 4 22431
5001 4 22431
5002 4 22431
5003 4 22431
5000 5 22433
5001 5 22433
5002 5 22433
5003 5 22434
5000 6 22434
5001 6 22434
5002 6 22435
5003 6 22435
5000 7 22435
5001 7 22435
5002 7 22436
5003 7 22436
5000 8 22436
5001 8 22437
5002 8 22438
5003 8 22439
5000 9 22439
5001 9 22439
5002 9 22439
5003 9 22439
5000 10 22440
5001 10 22440
5002 10 22440
5003 10 22441
5000 11 22442
5001 11 22442
5002 11 22442
5003 11 22442
5000 12 22450
5001 12 22452
5002 12 22452
5003 12 22453
5000 13 22457
5001 13 22457
5002 13 22459
5003 13 22460
5000 14 22462
5001 14 22464
5002 14 22467
5003 14 22470
5000 15 22470
5001 15 22475
5002 15 22479
5003 15 22479
5001 16 22482
5002 16 22483
5003 16 22484
5001 17 22487
5002 17 22487
5003 17 22489
5001 18 22492
5002 18 22492
5003 18 22495
5001 19 22498
5002 19 22499
5003 19 22502
5001 20 22504
5003 20 22504
5001 21 22507
5003 21 22510
5001 22 22514
5003 22 22515
5001 23 22515
5003 23 22515
5001 24 22515
5003 24 22516
5001 25 22518
5003 25 22518
5001 26 22522
5003 26 22522
5001 27 22522
5000 1 22522
5001 1 22522
5002 1 22522
5003 1 22522
5000 2 22522
5001 2 22522
5002 2 22522
5003 2 22522
5000 3 22522
5001 3 22522
5002 3 22522
5003 3 22522
5000 4 22524
5001 4 22524
5002 4 22524
5003 4 22524
5000 5 22524
5001 5 22524
5002 5 22525
5003 5 22525
5000 6 22525
5001 6 22526
5002 6 22527
5003 6 22527
5000 7 22528
5001 7 22528
5002 7 22528
5003 7 22528
5000 8 22528
5001 8 22529
5002 8 22529
5003 8 22532
5000 9 22534
5001 9 22534
5002 9 22534
5003 9 22534
5000 10 22535
5001 10 22536
5002 10 22536
5003 10 22536
5000 11 22537
5001 11 22538
5002 11 22538
5003 11 22539
5000 12 22541
5001 12 22541
5002 12 22541
5003 12 22542
5000 13 22545
5001 13 22545
5002 13 22546
5003 13 22547
5000 14 22548
5001 14 22548
5002 14 22549
5003 14 22551
5000 15 22552
5001 15 22552
5002 15 22553
5003 15 22555
5000 16 22557
5001 16 22557
5002 16 22559
5003 16 22562
5000 17 22563
5002 17 22563
5003 17 22564
5000 18 22564
5002 18 22564
5003 18 22565
5000 19 22565
5002 19 22566
5003 19 22567
5000 20 22571
5002 20 22573
5003 20 22573
5000 21 22575
5002 21 22575
5003 21 22577
5000 22 22579
5002 22 22580
5003 22 22580
5000 23 22581
5002 23 22583
5003 23 22583
5000 24 22586
5002 24 22588
5003 24 22593
5000 25 22598
5002 25 22599
5003 25 22600
5000 26 22604
5002 26 22604
5003 26 22604
5000 27 22609
5003 27 22609
5000 28 22612
5003 28 22613
5000 29 22614
5003 29 22614
5000 30 22614
5003 30 22614
5000 31 22615
5003 31 22616
5000 32 22617
5003 32 22617
5000 33 22618
5003 33 22618
5000 34 22618
5003 34 22618
5000 35 22619
5000 1 22619
5001 1 22619
5002 1 22619
5003 1 22619
5000 2 22619
5001 2 22619
5002 2 22619
5003 2 22619
5000 3 22619
5001 3 22619
5002 3 22619
5003 3 22619
5000 4 22619
5001 4 22620
5002 4 22620
5003 4 22620
5000 5 22620
5001 5 22621
5002 5 22622
5003 5 22622
5000 6 22623
5001 6 22623
5002 6 22624
5003 6 22625
5000 7 22625
5001 7 22627
5002 7 22627
5003 7 22627
5000 8 22627
5001 8 22627
5002 8 22627
5003 8 22627
5000 9 22627
5001 9 22627
5002 9 22627
5003 9 22628
5000 10 22628
5001 10 22628
5002 10 22629
5003 10 22631
5000 11 22633
5001 11 22633
5002 11 22636
5003 11 22638
5000 12 22638
5001 12 22638
5002 12 22638
5003 12 22638
5000 13 22638
5001 13 22639
5002 13 22641
5003 13 22642
5000 14 22642
5001 14 22644
5002 14 22646
5003 14 22648
5000 15 22649
5001 15 22651
5002 15 22653
5003 15 22655
5000 16 22655
5001 16 22655
5002 16 22656
5003 16 22657
5000 17 22657
5001 17 22658
5002 17 22658
5003 17 22660
5000 18 22661
5001 18 22665
5002 18 22667
5003 18 22667
5000 19 22667
5001 19 22669
5002 19 22669
5003 19 22670
5000 20 22670
5001 20 22673
5002 20 22673
5003 20 22674
5000 21 22674
5001 21 22676
5002 21 22676
5003 21 22676
5000 22 22676
5001 22 22677
5002 22 22679
5003 22 22681
5000 23 22681
5001 23 22681
5002 23 22682
5003 23 22682
5000 24 22683
5001 24 22683
5002 24 22686
5003 24 22687
5000 25 22687
5001 25 22687
5002 25 22689
5003 25 22691
5001 26 22693
5002 26 22695
5003 26 22698
5001 27 22700
5002 27 22701
5003 27 22704
5001 28 22706
5002 28 22707
5003 28 22713
5001 29 22714
5002 29 22714
5003 29 22717
5001 30 22717
5002 30 22719
5003 30 22724
5001 31 22724
5002 31 22724
5003 31 22726
5001 32 22726
5002 32 22729
5003 32 22730
5001 33 22730
5002 33 22731
5003 33 22732
5002 34 22735
5003 34 22739
5002 35 22739
5003 35 22741
5002 36 22741
5003 36 22742
5002 37 22742
5003 37 22744
5002 38 22744
5003 38 22745
5000 1 22745
5001 1 22745
5002 1 22745
5003 1 22745
5000 2 22745
5001 2 22745
5002 2 22745
5003 2 22745
5000 3 22745
5001 3 22745
5002 3 22746
5003 3 22746
5000 4 22746
5001 4 22748
5002 4 22751
5003 4 22751
5000 5 22751
5001 5 22751
5002 5 22751
5003 5 22751
5000 6 22751
5001 6 22752
5002 6 22752
5003 6 22752
5000 7 22752
5001 7 22753
5002 7 22753
5003 7 22753
5000 8 22754
5001 8 22756
5002 8 22756
5003 8 22756
5000 9 22759
5001 9 22759
5002 9 22760
5003 9 22761
5000 10 22764
5001 10 22764
5002 10 22766
5003 10 22766
5000 11 22769
5001 11 22771
5002 11 22776
5003 11 22777
5000 12 22777
5001 12 22777
5002 12 22778
5003 12 22778
5000 13 22778
5001 13 22779
5002 13 22780
5003 13 22780
5000 14 22780
5001 14 22782
5002 14 22783
5003 14 22783
5000 15 22783
5001 15 22784
5002 15 22786
5003 15 22788
5000 16 22788
5001 16 22789
5002 16 22790
5003 16 22793
5000 17 22794
5001 17 22794
5003 17 22795
5000 18 22796
5001 18 22797
5003 18 22798
5000 19 22798
5001 19 22798
5003 19 22798
5000 20 22798
5001 20 22799
5003 20 22799
5000 21 22800
5001 21 22802
5003 21 22804
5000 22 22805
5001 22 22805
5003 22 22808
5000 23 22808
5001 23 22809
5003 23 22813
5000 24 22813
5001 24 22813
5003 24 22816
5000 25 22816
5001 25 22817
5003 25 22821
5001 26 22823
5003 26 22824
5001 27 22825
5003 27 22826
5001 28 22830
5003 28 22830
5001 29 22832
5003 29 22833
5001 30 22834
5003 30 22834
5001 31 22834
5003 31 22836
5001 32 22841
5003 32 22844
5001 33 22846
5003 33 22848
5001 34 22848
5003 34 22849
5001 35 22849
5003 35 22849
5001 36 22849
5003 36 22852
5001 37 22853
5003 37 22854
5001 38 22854
5003 38 22856
5001 39 22858
5003 39 22858
5001 40 22862
5003 40 22862
5001 41 22865
5003 41 22867
5001 42 22870
5003 42 22872
5001 43 22877
5003 43 22877
5001 44 22878
5003 44 22879
5001 45 22880
5003 45 22882
5001 46 22883
5003 46 22883
5001 47 22883
5003 47 22883
5001 48 22883
5003 48 22883
5001 49 22884
5003 49 22885
5001 50 22886
5003 50 22888
5001 51 22890
5003 51 22891
5001 52 22895
5000 1 22895
5001 1 22895
5002 1 22895
5003 1 22895
5000 2 22895
5001 2 22895
5002 2 22895
5003 2 22895
5000 3 22895
5001 3 22896
5002 3 22896
5003 3 22896
5000 4 22896
5001 4 22897
5002 4 22898
5003 4 22898
5000 5 22898
5001 5 22898
5002 5 22898
5003 5 22899
5000 6 22899
5001 6 22900
5002 6 22900
5003 6 22901
5000 7 22901
5001 7 22903
5002 7 22904
5003 7 22905
5000 8 22905
5001 8 22907
5002 8 22907
5003 8 22907
5000 9 22907
5001 9 22907
5002 9 22908
5003 9 22908
5000 10 22909
5001 10 22909
5002 10 22911
5003 10 22911
5000 11 22913
5001 11 22914
5002 11 22915
5003 11 22915
5000 12 22915
5001 12 22917
5002 12 22917
5003 12 22917
5000 13 22917
5001 13 22919
5002 13 22920
5003 13 22920
5000 14 22920
5001 14 22923
5002 14 22925
5003 14 22927
5000 15 22927
5001 15 22930
5002 15 22930
5003 15 22932
5000 16 22932
5001 16 22935
5002 16 22935
5003 16 22937
5001 17 22937
5002 17 22937
5003 17 22938
5001 18 22940
5002 18 22940
5003 18 22941
5001 19 22943
5002 19 22943
5003 19 22946
5001 20 22948
5003 20 22949
5001 21 22949
5003 21 22950
5001 22 22953
5003 22 22953
5001 23 22957
5003 23 22959
5001 24 22961
5003 24 22964
5001 25 22964
5003 25 22966
5001 26 22966
5003 26 22966
5001 27 22966
5003 27 22966
5001 28 22966
5003 28 22966
5001 29 22966
5003 29 22966
5000 1 22966
5001 1 22966
5002 1 22966
5003 1 22966
5000 2 22967
5001 2 22967
5002 2 22967
5003 2 22967
5000 3 22967
5001 3 22967
5002 3 22967
5003 3 22967
5000 4 22967
5001 4 22967
5002 4 22967
5003 4 22967
5000 5 22969
5001 5 22969
5002 5 22969
5003 5 22970
5000 6 22972
5001 6 22972
5002 6 22972
5003 6 22972
5000 7 22972
5001 7 22972
5002 7 22973
5003 7 22973
5000 8 22973
5001 8 22974
5002 8 22974
5003 8 22975
5000 9 22976
5001 9 22976
5002 9 22978
5003 9 22978
5000 10 22978
5001 10 22978
5002 10 22983
5003 10 22983
5000 11 22984
5001 11 22986
5002 11 22987
5003 11 22987
5000 12 22990
5001 12 22990
5002 12 22991
5003 12 22991
5000 13 22994
5001 13 22997
5002 13 23000
5003 13 23000
5000 14 23001
5001 14 23001
5002 14 23002
5003 14 23002
5000 15 23002
5001 15 23002
5002 15 23006
5003 15 23006
5000 16 23006
5001 16 23007
5002 16 23007
5003 16 23007
5000 17 23009
5001 17 23010
5002 17 23011
5003 17 23012
5000 18 23012
5001 18 23014
5002 18 23014
5003 18 23016
5000 19 23016
5001 19 23018
5002 19 23018
5003 19 23019
5000 20 23019
5001 20 23020
5002 20 23020
5003 20 23021
5001 21 23022
5002 21 23022
5003 21 23022
5001 22 23022
5002 22 23023
5003 22 23023
5001 23 23025
5002 23 23027
5003 23 23028
5001 24 23032
5002 24 23032
5003 24 23032
5001 25 23035
5002 25 23035
5001 26 23036
5002 26 23036
5001 27 23036
5002 27 23037
5001 28 23037
5002 28 23038
5001 29 23042
5002 29 23042
5000 1 23042
5001 1 23042
5002 1 23042
5003 1 23042
5000 2 23042
5001 2 23042
5002 2 23042
5003 2 23042
5000 3 23042
5001 3 23042
5002 3 23042
5003 3 23042
5000 4 23044
5001 4 23044
5002 4 23044
5003 4 23044
5000 5 23045
5001 5 23045
5002 5 23046
5003 5 23046
5000 6 23048
5001 6 23049
5002 6 23050
5003 6 23050
5000 7 23050
5001 7 23052
5002 7 23053
5003 7 23054
5000 8 23055
5001 8 23055
5002 8 23057
5003 8 23057
5000 9 23058
5001 9 23059
5002 9 23060
5003 9 23060
5000 10 23060
5001 10 23060
5002 10 23061
5003 10 23061
5000 11 23062
5001 11 23064
5002 11 23065
5003 11 23067
5000 12 23069
5001 12 23069
5002 12 23070
5003 12 23071
5000 13 23072
5001 13 23072
5002 13 23072
5003 13 23075
5000 14 23075
5001 14 23077
5002 14 23077
5003 14 23079
5000 15 23079
5001 15 23079
5002 15 23079
5003 15 23081
5000 16 23082
5001 16 23082
5002 16 23082
5003 16 23084
5000 17 23085
5001 17 23090
5003 17 23091
5000 18 23092
5001 18 23093
5003 18 23094
5000 19 23096
5001 19 23098
5003 19 23103
5000 20 23106
5001 20 23107
5003 20 23107
5000 21 23112
5001 21 23115
5003 21 23116
5000 22 23117
5001 22 23118
5003 22 23121
5000 23 23121
5001 23 23125
5003 23 23128
5001 24 23129
5003 24 23131
5001 25 23131
5003 25 23132
5001 26 23134
5003 26 23134
5001 27 23136
5003 27 23138
5001 28 23139
5003 28 23143
5001 29 23147
5003 29 23150
5001 30 23151
5003 30 23153
5001 31 23153
5003 31 23153
5001 32 23153
5003 32 23155
5001 33 23155
5003 33 23157
5001 34 23158
5003 34 23161
5001 35 23161
5003 35 23164
5001 36 23164
5003 36 23166
5001 37 23169
5003 37 23171
5001 38 23171
5003 38 23174
5001 39 23174
5003 39 23174
5001 40 23176
5003 40 23176
5001 41 23180
5003 41 23181
5001 42 23185
5003 42 23186
5001 43 23188
5003 43 23189
5001 44 23193
5003 44 23194
5001 45 23197
5003 45 23200
5001 46 23201
5003 46 23203
5001 47 23203
5003 47 23203
5001 48 23205
5003 48 23206
5001 49 23209
5003 49 23210
5001 50 23212
5003 50 23215
5001 51 23217
5003 51 23217
5001 52 23217
5003 52 23219
5000 1 23219
5001 1 23219
5002 1 23219
5003 1 23219
5000 2 23219
5001 2 23219
5002 2 23219
5003 2 23219
5000 3 23219
5001 3 23219
5002 3 23219
5003 3 23219
5000 4 23219
5001 4 23219
5002 4 23219
5003 4 23219
5000 5 23219
5001 5 23219
5002 5 23220
5003 5 23220
5000 6 23220
5001 6 23221
5002 6 23221
5003 6 23223
5000 7 23223
5001 7 23223
5002 7 23225
5003 7 23226
5000 8 23226
5001 8 23226
5002 8 23227
5003 8 23229
5000 9 23229
5001 9 23230
5002 9 23231
5003 9 23231
5000 10 23231
5001 10 23233
5002 10 23234
5003 10 23235
5000 11 23235
5001 11 23236
5002 11 23236
5003 11 23237
5000 12 23239
5001 12 23240
5002 12 23240
5003 12 23241
5000 13 23242
5001 13 23243
5002 13 23245
5003 13 23246
5000 14 23247
5001 14 23248
5002 14 23252
5003 14 23252
5000 15 23254
5001 15 23255
5002 15 23257
5003 15 23257
5000 16 23257
5001 16 23258
5002 16 23262
5003 16 23263
5000 17 23264
5001 17 23266
5002 17 23267
5003 17 23267
5000 18 23268
5001 18 23268
5002 18 23269
5003 18 23269
5000 19 23272
5001 19 23272
5002 19 23274
5003 19 23275
5000 20 23279
5002 20 23281
5000 21 23283
5002 21 23283
5000 22 23283
5002 22 23283
5000 23 23285
5002 23 23285
5000 24 23285
5002 24 23285
5000 25 23287
5002 25 23291
5000 26 23291
5002 26 23294
5000 27 23295
5002 27 23296
5000 28 23297
5002 28 23298
5000 29 23299
5002 29 23301
5000 30 23301
5002 30 23304
5000 31 23305
5002 31 23306
5000 32 23306
5002 32 23307
5000 1 23307
5001 1 23307
5002 1 23307
5003 1 23307
5000 2 23307
5001 2 23307
5002 2 23307
5003 2 23307
5000 3 23307
5001 3 23307
5002 3 23307
5003 3 23307
5000 4 23307
5001 4 23307
5002 4 23307
5003 4 23307
5000 5 23307
5001 5 23307
5002 5 23307
5003 5 23307
5000 6 23307
5001 6 23307
5002 6 23308
5003 6 23309
5000 7 23309
5001 7 23311
5002 7 23311
5003 7 23311
5000 8 23312
5001 8 23312
5002 8 23312
5003 8 23312
5000 9 23313
5001 9 23313
5002 9 23313
5003 9 23313
5000 10 23314
5001 10 23314
5002 10 23314
5003 10 23315
5000 11 23315
5001 11 23315
5002 11 23316
5003 11 23316
5000 12 23317
5001 12 23319
5002 12 23319
5003 12 23320
5000 13 23322
5001 13 23323
5002 13 23324
5003 13 23326
5000 14 23329
5001 14 23330
5002 14 23331
5003 14 23332
5000 15 23332
5001 15 23332
5002 15 23333
5003 15 23333
5000 16 23333
5001 16 23334
5002 16 23335
5003 16 23336
5000 17 23336
5001 17 23338
5002 17 23338
5003 17 23338
5000 18 23339
5001 18 23341
5002 18 23342
5003 18 23343
5000 19 23344
5001 19 23345
5002 19 23345
5003 19 23345
5000 20 23346
5001 20 23346
5002 20 23346
5003 20 23346
5000 21 23346
5001 21 23347
5002 21 23347
5003 21 23347
5000 22 23349
5001 22 23349
5002 22 23350
5003 22 23350
5000 23 23350
5001 23 23351
5002 23 23353
5003 23 23353
5000 24 23353
5001 24 23355
5002 24 23357
5003 24 23358
5000 25 23359
5001 25 23360
5002 25 23364
5003 25 23364
5000 26 23364
5001 26 23364
5002 26 23364
5003 26 23364
5000 27 23364
5001 27 23365
5002 27 23365
5003 27 23366
5000 28 23367
5001 28 23367
5002 28 23367
5003 28 23369
5000 29 23370
5001 29 23373
5002 29 23373
5003 29 23373
5000 30 23373
5001 30 23373
5002 30 23373
5003 30 23373
5000 31 23374
5001 31 23375
5002 31 23375
5003 31 23375
5000 32 23375
5001 32 23379
5002 32 23379
5003 32 23380
5000 33 23381
5001 33 23382
5002 33 23382
5003 33 23383
5000 34 23384
5001 34 23385
5002 34 23385
5003 34 23386
5000 35 23386
5001 35 23387
5003 35 23387
5000 36 23388
5001 36 23390
5003 36 23390
5001 37 23392
5003 37 23395
5001 38 23398
5003 38 23399
5001 39 23402
5003 39 23403
5001 40 23406
5003 40 23407
5001 41 23409
5003 41 23409
5001 42 23411
5003 42 23411
5001 43 23415
5003 43 23416
5001 44 23416
5003 44 23421
5001 45 23424
5003 45 23426
5001 46 23427
5003 46 23429
5001 47 23431
5003 47 23434
5001 48 23435
5003 48 23435
5001 49 23438
5003 49 23439
5001 50 23441
5003 50 23442
5001 51 23450
5003 51 23452
5001 52 23453
5003 52 23453
5000 1 23453
5001 1 23453
5002 1 23453
5003 1 23453
5000 2 23453
5001 2 23453
5002 2 23453
5003 2 23453
5000 3 23453
5001 3 23453
5002 3 23453
5003 3 23453
5000 4 23455
5001 4 23455
5002 4 23455
5003 4 23455
5000 5 23455
5001 5 23455
5002 5 23455
5003 5 23455
5000 6 23455
5001 6 23455
5002 6 23456
5003 6 23457
5000 7 23458
5001 7 23459
5002 7 23459
5003 7 23460
5000 8 23460
5001 8 23461
5002 8 23461
5003 8 23461
5000 9 23465
5001 9 23465
5002 9 23466
5003 9 23466
5000 10 23467
5001 10 23467
5002 10 23468
5003 10 23468
5000 11 23469
5001 11 23469
5002 11 23469
5003 11 23469
5000 12 23471
5001 12 23471
5002 12 23471
5000 13 23472
5001 13 23474
5002 13 23475
5000 14 23476
5001 14 23476
5002 14 23476
5000 15 23476
5001 15 23477
5002 15 23479
5000 16 23481
5001 16 23482
5002 16 23483
5000 17 23485
5001 17 23487
5002 17 23487
5000 18 23489
5001 18 23489
5002 18 23489
5000 19 23489
5001 19 23489
5002 19 23490
5000 20 23492
5001 20 23492
5002 20 23493
5000 21 23495
5001 21 23495
5002 21 23495
5000 22 23498
5001 22 23498
5000 23 23503
5001 23 23504
5000 24 23504
5001 24 23505
5000 25 23506
5001 25 23506
5000 26 23510
5001 26 23510
5000 27 23511
5001 27 23511
5000 28 23512
5000 1 23512
5001 1 23512
5002 1 23512
5003 1 23512
5000 2 23512
5001 2 23512
5002 2 23512
5003 2 23512
5000 3 23512
5001 3 23512
5002 3 23512
5003 3 23512
5000 4 23512
5001 4 23513
5002 4 23513
5003 4 23513
5000 5 23513
5001 5 23513
5002 5 23513
5003 5 23513
5000 6 23514
5001 6 23514
5002 6 23514
5003 6 23515
5000 7 23515
5001 7 23516
5002 7 23516
5003 7 23516
5000 8 23516
5001 8 23518
5002 8 23520
5003 8 23520
5000 9 23520
5001 9 23520
5002 9 23521
5003 9 23521
5000 10 23522
5001 10 23522
5002 10 23523
5003 10 23524
5000 11 23525
5001 11 23526
5002 11 23527
5003 11 23530
5000 12 23530
5001 12 23531
5002 12 23531
5003 12 23533
5000 13 23536
5001 13 23536
5002 13 23536
5003 13 23536
5000 14 23537
5001 14 23537
5002 14 23537
5003 14 23537
5000 15 23538
5001 15 23540
5002 15 23540
5003 15 23541
5000 16 23541
5001 16 23542
5002 16 23542
5003 16 23543
5000 17 23544
5001 17 23545
5002 17 23546
5003 17 23546
5000 18 23547
5001 18 23551
5002 18 23552
5003 18 23554
5000 19 23555
5001 19 23555
5002 19 23555
5003 19 23555
5000 20 23556
5001 20 23556
5002 20 23559
5003 20 23559
5000 21 23559
5001 21 23560
5002 21 23563
5000 22 23563
5001 22 23564
5002 22 23564
5000 23 23566
5001 23 23566
5002 23 23571
5000 24 23574
5001 24 23574
5002 24 23576
5000 25 23578
5001 25 23578
5002 25 23579
5000 26 23586
5001 26 23586
5002 26 23588
5000 27 23594
5001 27 23594
5002 27 23597
5000 28 23601
5001 28 23601
5002 28 23602
5000 29 23608
5002 29 23610
5000 30 23611
5002 30 23613
5000 31 23615
5002 31 23618
5000 32 23618
5002 32 23619
5000 33 23622
5002 33 23624
5000 34 23626
5002 34 23626
5000 35 23629
5002 35 23631
5000 36 23632
5002 36 23633
5000 37 23635
5002 37 23638
5000 38 23639
5002 38 23639
5000 39 23640
5002 39 23640
5000 40 23643
5002 40 23643
5000 41 23645
5002 41 23646
5000 1 23646
5001 1 23646
5002 1 23646
5003 1 23646
5000 2 23646
5001 2 23646
5002 2 23646
5003 2 23647
5000 3 23647
5001 3 23649
5002 3 23649
5003 3 23649
5000 4 23650
5001 4 23650
5002 4 23651
5003 4 23652
5000 5 23652
5001 5 23652
5002 5 23652
5003 5 23653
5000 6 23653
5001 6 23653
5002 6 23653
5003 6 23653
5000 7 23653
5001 7 23653
5002 7 23653
5003 7 23654
5000 8 23654
5001 8 23655
5002 8 23656
5003 8 23656
5000 9 23657
5001 9 23658
5002 9 23658
5003 9 23658
5000 10 23658
5001 10 23658
5002 10 23658
5003 10 23659
5000 11 23660
5001 11 23660
5002 11 23662
5003 11 23662
5000 12 23663
5001 12 23663
5002 12 23663
5003 12 23664
5000 13 23664
5001 13 23664
5002 13 23666
5003 13 23668
5000 14 23669
5001 14 23669
5002 14 23671
5003 14 23672
5000 15 23673
5001 15 23676
5002 15 23679
5003 15 23679
5000 16 23681
5001 16 23682
5002 16 23683
5003 16 23685
5000 17 23685
5001 17 23687
5002 17 23688
5003 17 23688
5000 18 23690
5001 18 23690
5003 18 23692
5000 19 23692
5001 19 23693
5003 19 23694
5000 20 23695
5001 20 23695
5003 20 23696
5000 21 23696
5001 21 23698
5003 21 23699
5001 22 23700
5003 22 23703
5001 23 23706
5003 23 23707
5001 24 23710
5003 24 23711
5001 25 23712
5003 25 23714
5001 26 23716
5003 26 23719
5001 27 23720
5003 27 23720
5001 28 23721
5003 28 23721
5001 29 23722
5003 29 23722
5001 30 23724
5003 30 23725
5001 31 23727
5003 31 23729
5001 32 23729
5003 32 23731
5001 33 23733
5003 33 23736
5001 34 23737
5003 34 23740
5001 35 23741
5003 35 23741
5001 36 23741
5003 36 23741
5001 37 23743
5003 37 23743
5001 38 23743
5003 38 23743
5001 39 23744
5003 39 23746
5001 40 23747
5003 40 23748
5001 41 23748
5003 41 23748
5001 42 23749
5003 42 23750
5001 43 23751
5003 43 23752
5003 44 23753
5000 1 23753
5001 1 23753
5002 1 23753
5003 1 23753
5000 2 23753
5001 2 23753
5002 2 23753
5003 2 23753
5000 3 23753
5001 3 23753
5002 3 23753
5003 3 23753
5000 4 23753
5001 4 23753
5002 4 23753
5003 4 23753
5000 5 23753
5001 5 23753
5002 5 23754
5003 5 23754
5000 6 23755
5001 6 23756
5002 6 23756
5003 6 23758
5000 7 23758
5001 7 23758
5002 7 23759
5003 7 23760
5000 8 23760
5001 8 23760
5002 8 23760
5003 8 23761
5000 9 23762
5001 9 23764
5002 9 23764
5003 9 23764
5000 10 23764
5001 10 23764
5002 10 23765
5003 10 23766
5000 11 23766
5001 11 23766
5002 11 23768
5003 11 23768
5000 12 23769
5001 12 23771
5002 12 23773
5003 12 23775
5000 13 23778
5001 13 23779
5002 13 23780
5003 13 23780
5000 14 23780
5001 14 23780
5002 14 23782
5003 14 23783
5000 15 23784
5001 15 23784
5002 15 23785
5003 15 23786
5000 16 23786
5001 16 23787
5002 16 23787
5003 16 23789
5000 17 23791
5001 17 23792
5002 17 23796
5003 17 23798
5000 18 23798
5001 18 23799
5002 18 23800
5003 18 23802
5000 19 23802
5001 19 23803
5002 19 23803
5003 19 23803
5000 20 23803
5001 20 23803
5002 20 23804
5003 20 23804
5000 21 23805
5001 21 23805
5002 21 23806
5003 21 23808
5000 22 23810
5001 22 23811
5002 22 23814
5003 22 23815
5000 23 23817
5001 23 23817
5002 23 23821
5003 23 23824
5000 24 23825
5002 24 23827
5000 25 23827
5002 25 23827
5000 26 23829
5002 26 23829
5000 27 23831
5002 27 23833
5000 28 23836
5002 28 23837
5000 29 23843
5002 29 23843
5000 30 23844
5002 30 23846
5000 31 23847
5002 31 23848
5000 32 23850
5002 32 23851
5000 33 23854
5002 33 23855
5000 34 23856
5002 34 23858
5000 35 23860
5002 35 23861
5000 36 23864
5002 36 23865
5000 37 23865
5002 37 23866
5000 38 23866
5002 38 23867
5000 39 23869
5002 39 23870
5000 40 23871
5002 40 23873
5000 41 23873
5002 41 23877
5000 1 23877
5001 1 23877
5002 1 23877
5003 1 23877
5000 2 23877
5001 2 23877
5002 2 23877
5003 2 23877
5000 3 23877
5001 3 23878
5002 3 23878
5003 3 23878
5000 4 23878
5001 4 23879
5002 4 23880
5003 4 23880
5000 5 23880
5001 5 23880
5002 5 23881
5003 5 23882
5000 6 23882
5001 6 23882
5002 6 23882
5003 6 23882
5000 7 23883
5001 7 23883
5002 7 23883
5003 7 23884
5000 8 23885
5001 8 23885
5002 8 23886
5003 8 23886
5000 9 23887
5001 9 23888
5002 9 23888
5003 9 23888
5000 10 23888
5001 10 23889
5002 10 23890
5003 10 23891
5000 11 23892
5001 11 23893
5002 11 23894
5003 11 23894
5000 12 23895
5001 12 23895
5002 12 23895
5003 12 23896
5000 13 23897
5001 13 23897
5002 13 23898
5003 13 23899
5000 14 23900
5001 14 23901
5002 14 23902
5003 14 23904
5000 15 23905
5001 15 23906
5002 15 23907
5003 15 23907
5000 16 23907
5001 16 23909
5002 16 23909
5003 16 23910
5000 17 23911
5001 17 23911
5002 17 23911
5003 17 23912
5000 18 23913
5001 18 23914
5002 18 23916
5003 18 23918
5000 19 23918
5001 19 23918
5002 19 23918
5003 19 23919
5000 20 23922
5001 20 23923
5002 20 23923
5003 20 23923
5000 21 23924
5001 21 23925
5002 21 23925
5003 21 23928
5000 22 23928
5001 22 23930
5002 22 23930
5003 22 23932
5000 23 23933
5001 23 23936
5003 23 23936
5000 24 23936
5001 24 23937
5003 24 23938
5000 25 23939
5001 25 23939
5003 25 23941
5001 26 23944
5003 26 23945
5001 27 23946
5003 27 23947
5001 28 23948
5003 28 23951
5001 29 23952
5003 29 23953
5001 30 23956
5003 30 23956
5001 31 23957
5003 31 23958
5001 32 23959
5003 32 23964
5001 33 23965
5003 33 23965
5001 34 23967
5003 34 23968
5001 35 23969
5003 35 23970
5001 36 23971
5003 36 23972
5001 37 23974
5003 37 23976
5001 38 23977
5003 38 23979
5000 1 23979
5001 1 23979
5002 1 23979
5003 1 23979
5000 2 23979
5001 2 23979
5002 2 23979
5003 2 23979
5000 3 23979
5001 3 23979
5002 3 23980
5003 3 23980
5000 4 23980
5001 4 23980
5002 4 23980
5003 4 23980
5000 5 23980
5001 5 23980
5002 5 23980
5003 5 23980
5000 6 23981
5001 6 23982
5002 6 23983
5003 6 23983
5000 7 23983
5001 7 23983
5002 7 23983
5003 7 23984
5000 8 23984
5001 8 23984
5002 8 23985
5003 8 23985
5000 9 23985
5001 9 23986
5002 9 23986
5003 9 23986
5000 10 23988
5001 10 23988
5002 10 23988
5003 10 23988
5000 11 23990
5001 11 23990
5002 11 23990
5003 11 23991
5000 12 23993
5001 12 23994
5002 12 23996
5003 12 23998
5000 13 23998
5001 13 23999
5002 13 23999
5003 13 23999
5000 14 23999
5001 14 23999
5002 14 23999
5003 14 23999
5000 15 23999
5001 15 24000
5002 15 24001
5003 15 24001
5000 16 24001
5001 16 24003
5002 16 24003
5003 16 24003
5000 17 24004
5001 17 24004
5002 17 24005
5003 17 24006
5000 18 24006
5001 18 24006
5002 18 24006
5003 18 24006
5000 19 24006
5001 19 24007
5002 19 24007
5003 19 24009
5000 20 24009
5001 20 24009
5002 20 24010
5003 20 24010
5000 21 24010
5001 21 24010
5002 21 24010
5003 21 24011
5000 22 24011
5001 22 24011
5002 22 24011
5003 22 24012
5000 23 24012
5001 23 24013
5002 23 24014
5003 23 24014
5000 24 24016
5001 24 24016
5002 24 24016
5003 24 24017
5000 25 24017
5001 25 24017
5002 25 24017
5003 25 24017
5000 26 24018
5001 26 24018
5002 26 24018
5003 26 24018
5000 27 24018
5001 27 24018
5002 27 24019
5003 27 24019
5000 28 24019
5001 28 24020
5002 28 24021
5003 28 24022
5000 29 24023
5001 29 24023
5002 29 24024
5003 29 24025
5000 30 24027
5001 30 24031
5002 30 24032
5003 30 24035
5000 31 24037
5001 31 24039
5002 31 24041
5003 31 24041
5000 32 24042
5002 32 24044
5003 32 24044
5000 33 24045
5002 33 24048
5003 33 24049
5000 34 24050
5002 34 24050
5003 34 24050
5000 35 24051
5002 35 24051
5003 35 24051
5000 36 24051
5002 36 24053
5003 36 24053
5000 37 24053
5002 37 24055
5003 37 24055
5000 38 24057
5002 38 24059
5003 38 24059
5000 39 24061
5002 39 24063
5000 40 24064
5002 40 24068
5000 41 24068
5002 41 24071
5000 42 24073
5002 42 24074
5000 1 24074
5001 1 24074
5002 1 24074
5003 1 24074
5000 2 24074
5001 2 24074
5002 2 24074
5003 2 24074
5000 3 24074
5001 3 24074
5002 3 24075
5003 3 24075
5000 4 24075
5001 4 24075
5002 4 24076
5003 4 24076
5000 5 24076
5001 5 24076
5002 5 24076
5003 5 24076
5000 6 24076
5001 6 24078
5002 6 24079
5003 6 24079
5000 7 24079
5001 7 24079
5002 7 24079
5003 7 24079
5000 8 24081
5001 8 24082
5002 8 24083
5003 8 24083
5000 9 24086
5001 9 24087
5002 9 24089
5003 9 24090
5000 10 24092
5001 10 24092
5002 10 24092
5003 10 24095
5000 11 24095
5001 11 24095
5002 11 24096
5003 11 24097
5000 12 24097
5001 12 24097
5002 12 24098
5003 12 24098
5000 13 24098
5001 13 24098
5002 13 24098
5003 13 24098
5000 14 24098
5001 14 24099
5002 14 24102
5003 14 24102
5000 15 24103
5001 15 24103
5002 15 24103
5003 15 24104
5000 16 24105
5001 16 24105
5002 16 24105
5003 16 24105
5000 17 24106
5001 17 24108
5002 17 24108
5003 17 24108
5000 18 24108
5001 18 24109
5002 18 24109
5003 18 24109
5000 19 24109
5001 19 24109
5002 19 24109
5003 19 24110
5000 20 24111
5001 20 24111
5002 20 24112
5003 20 24113
5000 21 24114
5001 21 24114
5002 21 24114
5003 21 24115
5000 22 24118
5001 22 24118
5002 22 24118
5003 22 24119
5000 23 24120
5001 23 24122
5002 23 24123
5003 23 24123
5000 24 24123
5001 24 24124
5002 24 24125
5003 24 24126
5000 25 24128
5001 25 24128
5002 25 24128
5000 26 24129
5001 26 24130
5002 26 24130
5000 27 24131
5001 27 24131
5002 27 24131
5000 28 24134
5002 28 24135
5000 29 24136
5002 29 24139
5000 30 24139
5002 30 24140
5000 31 24141
5002 31 24141
5000 32 24143
5002 32 24143
5000 33 24145
5002 33 24146
5000 34 24148
5002 34 24149
5000 35 24149
5002 35 24149
5000 36 24150
5002 36 24150
5000 37 24155
5002 37 24155
5000 38 24159
5002 38 24159
5000 1 24159
5001 1 24159
5002 1 24159
5003 1 24159
5000 2 24159
5001 2 24159
5002 2 24159
5003 2 24159
5000 3 24159
5001 3 24159
5002 3 24159
5003 3 24159
5000 4 24159
5001 4 24161
5002 4 24161
5003 4 24161
5000 5 24162
5001 5 24163
5002 5 24163
5003 5 24163
5000 6 24163
5001 6 24164
5002 6 24164
5003 6 24164
5000 7 24164
5001 7 24166
5002 7 24166
5003 7 24166
5000 8 24168
5001 8 24168
5002 8 24169
5003 8 24169
5000 9 24169
5001 9 24171
5002 9 24171
5003 9 24171
5000 10 24171
5001 10 24175
5002 10 24177
5003 10 24178
5000 11 24180
5001 11 24181
5002 11 24183
5003 11 24184
5000 12 24186
5001 12 24186
5002 12 24187
5003 12 24189
5000 13 24190
5001 13 24192
5002 13 24194
5003 13 24195
5000 14 24196
5001 14 24198
5002 14 24201
5003 14 24202
5000 15 24202
5001 15 24202
5002 15 24207
5003 15 24207
5000 16 24208
5001 16 24210
5002 16 24213
5003 16 24214
5000 17 24215
5001 17 24216
5002 17 24220
5003 17 24220
5000 18 24222
5001 18 24224
5002 18 24226
5003 18 24226
5000 19 24228
5001 19 24228
5002 19 24229
5000 20 24230
5001 20 24232
5002 20 24234
5000 21 24234
5001 21 24235
5002 21 24235
5000 22 24235
5001 22 24236
5002 22 24237
5000 23 24238
5001 23 24238
5002 23 24238
5000 24 24239
5001 24 24240
5002 24 24241
5000 25 24243
5001 25 24244
5002 25 24245
5000 26 24245
5001 26 24246
5002 26 24247
5000 27 24248
5001 27 24249
5002 27 24249
5000 28 24250
5001 28 24250
5002 28 24250
5000 29 24253
5001 29 24254
5002 29 24254
5000 30 24255
5001 30 24256
5002 30 24257
5000 31 24259
5001 31 24260
5002 31 24261
5000 32 24262
5001 32 24263
5002 32 24264
5000 33 24266
5001 33 24267
5002 33 24267
5000 34 24267
5001 34 24270
5002 34 24271
5000 35 24272
5001 35 24273
5002 35 24276
5000 36 24277
5001 36 24277
5002 36 24280
5000 37 24281
5001 37 24281
5002 37 24283
5000 38 24285
5002 38 24286
5000 39 24286
5002 39 24286
5000 40 24288
5002 40 24288
5000 41 24291
5000 1 24291
5001 1 24291
5002 1 24291
5003 1 24291
5000 2 24291
5001 2 24291
5002 2 24291
5003 2 24291
5000 3 24291
5001 3 24291
5002 3 24291
5003 3 24291
5000 4 24291
5001 4 24291
5002 4 24292
5003 4 24292
5000 5 24293
5001 5 24293
5002 5 24293
5003 5 24293
5000 6 24293
5001 6 24293
5002 6 24293
5003 6 24293
5000 7 24293
5001 7 24293
5002 7 24293
5003 7 24293
5000 8 24293
5001 8 24293
5002 8 24295
5003 8 24296
5000 9 24296
5001 9 24298
5002 9 24300
5003 9 24303
5000 10 24305
5001 10 24307
5002 10 24308
5003 10 24308
5000 11 24308
5001 11 24308
5002 11 24310
5003 11 24312
5000 12 24312
5001 12 24312
5002 12 24312
5003 12 24313
5001 13 24314
5002 13 24315
5003 13 24316
5001 14 24317
5002 14 24318
5003 14 24319
5001 15 24320
5002 15 24320
5003 15 24322
5001 16 24322
5002 16 24323
5003 16 24323
5001 17 24324
5002 17 24330
5003 17 24331
5001 18 24331
5002 18 24332
5003 18 24334
5001 19 24335
5002 19 24336
5003 19 24336
5001 20 24336
5002 20 24337
5003 20 24339
5001 21 24340
5002 21 24340
5003 21 24341
5001 22 24345
5002 22 24347
5003 22 24348
5001 23 24350
5002 23 24350
5003 23 24351
5001 24 24351
5002 24 24351
5003 24 24353
5001 25 24353
5002 25 24353
5003 25 24353
5001 26 24355
5002 26 24355
5003 26 24355
5001 27 24355
5003 27 24361
5001 28 24361
5003 28 24363
5001 29 24364
5003 29 24365
5001 30 24366
5003 30 24366
5001 31 24366
5003 31 24367
5001 32 24369
5003 32 24369
5001 33 24371
5003 33 24373
5001 34 24373
5003 34 24373
5001 35 24373
5003 35 24374
5001 36 24374
5003 36 24375
5001 37 24375
5003 37 24377
5001 38 24378
5003 38 24381
5001 39 24381
5003 39 24386
5000 1 24386
5001 1 24386
5002 1 24386
5003 1 24386
5000 2 24386
5001 2 24386
5002 2 24386
5003 2 24386
5000 3 24386
5001 3 24386
5002 3 24386
5003 3 24386
5000 4 24386
5001 4 24386
5002 4 24386
5003 4 24386
5000 5 24386
5001 5 24386
5002 5 24386
5003 5 24387
5000 6 24387
5001 6 24387
5002 6 24387
5003 6 24387
5000 7 24387
5001 7 24388
5002 7 24389
5003 7 24390
5000 8 24390
5001 8 24391
5002 8 24392
5003 8 24393
5000 9 24393
5001 9 24393
5002 9 24393
5003 9 24393
5000 10 24393
5001 10 24393
5002 10 24393
5003 10 24393
5000 11 24394
5001 11 24395
5002 11 24397
5003 11 24397
5000 12 24399
5001 12 24399
5002 12 24400
5003 12 24400
5000 13 24401
5001 13 24402
5002 13 24404
5003 13 24405
5000 14 24406
5001 14 24407
5002 14 24409
5003 14 24409
5000 15 24411
5001 15 24411
5002 15 24413
5003 15 24414
5000 16 24416
5001 16 24416
5002 16 24417
5003 16 24418
5000 17 24418
5001 17 24418
5002 17 24420
5003 17 24420
5000 18 24422
5001 18 24422
5002 18 24427
5000 19 24428
5001 19 24428
5002 19 24430
5000 20 24431
5001 20 24434
5002 20 24434
5000 21 24435
5001 21 24436
5002 21 24436
5000 22 24437
5001 22 24439
5002 22 24441
5000 23 24442
5001 23 24443
5002 23 24445
5000 24 24446
5001 24 24447
5002 24 24449
5000 25 24450
5001 25 24451
5002 25 24454
5000 26 24454
5001 26 24454
5002 26 24454
5000 27 24456
5001 27 24456
5002 27 24456
5000 28 24459
5001 28 24460
5002 28 24463
5000 29 24465
5002 29 24466
5000 30 24467
5002 30 24469
5000 31 24470
5002 31 24471
5000 32 24474
5002 32 24478
5000 1 24478
5001 1 24478
5002 1 24478
5003 1 24478
5000 2 24478
5001 2 24478
5002 2 24478
5003 2 24478
5000 3 24478
5001 3 24478
5002 3 24478
5003 3 24478
5000 4 24478
5001 4 24478
5002 4 24478
5003 4 24478
5000 5 24478
5001 5 24480
5002 5 24480
5003 5 24480
5000 6 24481
5001 6 24482
5002 6 24482
5003 6 24483
5000 7 24483
5001 7 24483
5002 7 24483
5003 7 24483
5000 8 24484
5001 8 24484
5002 8 24484
5003 8 24485
5000 9 24486
5001 9 24486
5002 9 24488
5003 9 24488
5000 10 24490
5001 10 24490
5002 10 24490
5003 10 24492
5000 11 24493
5001 11 24493
5002 11 24493
5003 11 24493
5000 12 24494
5001 12 24494
5002 12 24496
5003 12 24496
5000 13 24497
5001 13 24497
5002 13 24499
5003 13 24500
5000 14 24502
5001 14 24504
5002 14 24505
5003 14 24505
5000 15 24507
5001 15 24509
5002 15 24512
5003 15 24512
5000 16 24515
5001 16 24518
5002 16 24518
5003 16 24518
5000 17 24518
5001 17 24518
5002 17 24519
5003 17 24520
5000 18 24520
5001 18 24520
5002 18 24520
5003 18 24520
5000 19 24520
5001 19 24522
5002 19 24523
5003 19 24523
5000 20 24525
5001 20 24528
5002 20 24531
5000 21 24531
5001 21 24531
5002 21 24534
5000 22 24536
5002 22 24539
5000 23 24544
5002 23 24546
5000 24 24548
5002 24 24549
5000 25 24550
5002 25 24550
5000 26 24552
5002 26 24553
5000 27 24554
5002 27 24556
5000 28 24556
5002 28 24557
5000 29 24557
5002 29 24557
5000 30 24557
5002 30 24560
5000 31 24561
5002 31 24562
5000 32 24563
5002 32 24565
5000 33 24567
5002 33 24568
5000 34 24569
5002 34 24570
5000 35 24573
5002 35 24576
5000 36 24579
5002 36 24581
5000 37 24582
5002 37 24583
5000 38 24583
5002 38 24585
5000 39 24585
5002 39 24588
5000 40 24588
5002 40 24590
5002 41 24590
5000 1 24590
5001 1 24590
5002 1 24590
5003 1 24590
5000 2 24590
5001 2 24590
5002 2 24590
5003 2 24590
5000 3 24590
5001 3 24590
5002 3 24590
5003 3 24590
5000 4 24590
5001 4 24590
5002 4 24590
5003 4 24590
5000 5 24590
5001 5 24591
5002 5 24591
5003 5 24591
5000 6 24591
5001 6 24592
5002 6 24593
5003 6 24595
5000 7 24595
5001 7 24596
5002 7 24596
5003 7 24597
5000 8 24598
5001 8 24600
5002 8 24601
5003 8 24602
5000 9 24603
5001 9 24604
5002 9 24605
5003 9 24605
5000 10 24605
5001 10 24605
5002 10 24605
5003 10 24605
5000 11 24605
5001 11 24607
5002 11 24607
5003 11 24607
5000 12 24608
5001 12 24608
5002 12 24610
5003 12 24611
5000 13 24611
5001 13 24612
5002 13 24613
5003 13 24613
5000 14 24614
5001 14 24614
5002 14 24616
5003 14 24616
5000 15 24618
5001 15 24618
5002 15 24621
5003 15 24621
5000 16 24621
5001 16 24621
5002 16 24621
5003 16 24622
5000 17 24622
5001 17 24623
5002 17 24623
5003 17 24623
5000 18 24624
5001 18 24626
5002 18 24629
5003 18 24629
5000 19 24630
5002 19 24632
5003 19 24632
5000 20 24632
5002 20 24632
5003 20 24633
5000 21 24635
5002 21 24636
5003 21 24636
5000 22 24636
5002 22 24636
5003 22 24637
5000 23 24637
5002 23 24637
5003 23 24637
5000 24 24640
5002 24 24643
5000 25 24646
5002 25 24647
5000 26 24648
5002 26 24648
5000 27 24650
5002 27 24652
5000 28 24653
5002 28 24657
5000 29 24659
5002 29 24662
5000 30 24666
5002 30 24668
5000 31 24668
5002 31 24669
5000 32 24671
5002 32 24672
5000 33 24672
5002 33 24675
5000 34 24677
5002 34 24681
5000 35 24682
5002 35 24683
5000 1 24683
5001 1 24683
5002 1 24683
5003 1 24683
5000 2 24683
5001 2 24683
5002 2 24683
5003 2 24683
5000 3 24683
5001 3 24683
5002 3 24683
5003 3 24683
5000 4 24684
5001 4 24684
5002 4 24684
5003 4 24684
5000 5 24684
5001 5 24684
5002 5 24684
5003 5 24685
5000 6 24686
5001 6 24687
5002 6 24687
5003 6 24687
5000 7 24688
5001 7 24689
5002 7 24689
5003 7 24689
5000 8 24689
5001 8 24690
5002 8 24690
5003 8 24690
5000 9 24691
5001 9 24691
5002 9 24691
5003 9 24692
5000 10 24692
5001 10 24692
5002 10 24692
5003 10 24695
5000 11 24696
5001 11 24696
5002 11 24698
5003 11 24698
5000 12 24700
5001 12 24700
5002 12 24701
5000 13 24705
5001 13 24705
5002 13 24706
5000 14 24708
5001 14 24708
5002 14 24709
5000 15 24710
5001 15 24711
5002 15 24711
5000 16 24711
5001 16 24712
5002 16 24713
5000 17 24713
5001 17 24714
5002 17 24715
5000 18 24715
5001 18 24715
5002 18 24721
5000 19 24723
5002 19 24725
5000 20 24729
5002 20 24731
5000 21 24734
5002 21 24734
5000 22 24735
5002 22 24740
5000 23 24742
5002 23 24747
5000 24 24748
5002 24 24750
5000 25 24750
5002 25 24751
5000 26 24753
5002 26 24753
5000 27 24753
5002 27 24753
5000 28 24753
5002 28 24754
5000 29 24754
5002 29 24755
5000 30 24755
5002 30 24760
5000 31 24763
5002 31 24764
5000 32 24769
5002 32 24773
5000 33 24773
5002 33 24775
5000 34 24777
5002 34 24778
5000 35 24779
5002 35 24780
5000 36 24781
5002 36 24782
5000 37 24783
5002 37 24784
5000 38 24785
5002 38 24785
5000 39 24785
5002 39 24786
5000 40 24787
5002 40 24787
5000 41 24787
5000 42 24787
5000 43 24788
5000 44 24788
5000 45 24788
5000 46 24788
5000 47 24788
5000 48 24790
5000 49 24792
5000 50 24793
5000 51 24793
5000 1 24793
5001 1 24793
5002 1 24793
5003 1 24793
5000 2 24793
5001 2 24793
5002 2 24793
5003 2 24793
5000 3 24793
5001 3 24793
5002 3 24793
5003 3 24793
5000 4 24793
5001 4 24793
5002 4 24793
5003 4 24793
5000 5 24793
5001 5 24793
5002 5 24793
5003 5 24793
5000 6 24793
5001 6 24794
5002 6 24794
5003 6 24795
5000 7 24795
5001 7 24795
5002 7 24795
5003 7 24796
5000 8 24797
5001 8 24798
5002 8 24798
5003 8 24799
5000 9 24800
5001 9 24802
5002 9 24804
5003 9 24805
5000 10 24806
5001 10 24807
5002 10 24808
5003 10 24810
5000 11 24810
5001 11 24812
5002 11 24813
5003 11 24816
5000 12 24816
5001 12 24816
5002 12 24816
5003 12 24817
5001 13 24817
5002 13 24817
5003 13 24819
5001 14 24820
5002 14 24821
5003 14 24822
5001 15 24822
5002 15 24824
5003 15 24825
5001 16 24825
5002 16 24825
5003 16 24825
5001 17 24826
5002 17 24826
5003 17 24829
5001 18 24829
5002 18 24830
5003 18 24833
5001 19 24833
5002 19 24833
5003 19 24834
5001 20 24835
5002 20 24835
5003 20 24836
5001 21 24837
5002 21 24837
5003 21 24838
5002 22 24838
5003 22 24840
5002 23 24840
5003 23 24841
5002 24 24842
5003 24 24844
5002 25 24844
5003 25 24847
5000 1 24847
5001 1 24847
5002 1 24847
5003 1 24847
5000 2 24847
5001 2 24847
5002 2 24847
5003 2 24847
5000 3 24847
5001 3 24847
5002 3 24847
5003 3 24847
5000 4 24848
5001 4 24848
5002 4 24848
5003 4 24848
5000 5 24848
5001 5 24850
5002 5 24850
5003 5 24850
5000 6 24850
5001 6 24851
5002 6 24852
5003 6 24852
5000 7 24852
5001 7 24852
5002 7 24853
5003 7 24854
5000 8 24854
5001 8 24854
5002 8 24854
5003 8 24855
5000 9 24855
5001 9 24855
5002 9 24855
5003 9 24856
5000 10 24856
5001 10 24856
5002 10 24857
5003 10 24858
5000 11 24858
5001 11 24859
5002 11 24860
5003 11 24860
5000 12 24861
5001 12 24862
5002 12 24863
5003 12 24864
5000 13 24866
5001 13 24867
5002 13 24870
5003 13 24871
5000 14 24875
5001 14 24876
5002 14 24877
5003 14 24878
5000 15 24880
5001 15 24880
5002 15 24880
5003 15 24884
5000 16 24887
5001 16 24888
5002 16 24888
5003 16 24889
5000 17 24889
5001 17 24889
5002 17 24889
5003 17 24890
5000 18 24891
5001 18 24891
5002 18 24891
5003 18 24891
5000 19 24891
5001 19 24891
5002 19 24893
5003 19 24893
5000 20 24894
5001 20 24894
5002 20 24895
5003 20 24895
5000 21 24895
5001 21 24895
5002 21 24896
5003 21 24896
5000 22 24898
5001 22 24898
5002 22 24901
5003 22 24901
5000 23 24905
5001 23 24906
5002 23 24906
5003 23 24906
5000 24 24909
5001 24 24909
5002 24 24909
5000 25 24909
5001 25 24909
5002 25 24912
5003 25 24912
5000 26 24913
5001 26 24913
5002 26 24917
5003 26 24917
5000 27 24919
5001 27 24919
5002 27 24922
5003 27 24922
5000 28 24924
5001 28 24925
5002 28 24928
5003 28 24928
5000 29 24928
5001 29 24928
5002 29 24930
5003 29 24930
5000 30 24930
5002 30 24931
5003 30 24931
5000 31 24934
5002 31 24937
5003 31 24937
5000 32 24938
5002 32 24939
5003 32 24939
5000 33 24939
5002 33 24940
5003 33 24940
5000 34 24942
5002 34 24942
5003 34 24943
5000 35 24945
5002 35 24946
5003 35 24947
5000 36 24949
5002 36 24949
5003 36 24949
5000 37 24949
5002 37 24949
5003 37 24949
5000 38 24949
5002 38 24949
5003 38 24949
5000 39 24949
5002 39 24949
5003 39 24949
5000 40 24951
5002 40 24952
5003 40 24952
5000 41 24954
5002 41 24956
5003 41 24956
5000 42 24960
5002 42 24963
5003 42 24964
5000 43 24968
5002 43 24970
5000 44 24970
5002 44 24971
5000 45 24973
5002 45 24976
5000 46 24977
5002 46 24978
5000 47 24979
5002 47 24979
5000 48 24980
5002 48 24980
5000 49 24982
5002 49 24982
5000 50 24982
5002 50 24982
5000 51 24982
5002 51 24983
5000 52 24984
5002 52 24985
5000 53 24985
5002 53 24987
5000 1 24987
5001 1 24987
5002 1 24987
5003 1 24987
5000 2 24987
5001 2 24987
5002 2 24987
5003 2 24987
5000 3 24987
5001 3 24987
5002 3 24987
5003 3 24987
5000 4 24987
5001 4 24987
5002 4 24988
5003 4 24988
5000 5 24989
5001 5 24989
5002 5 24991
5003 5 24991
5000 6 24991
5001 6 24991
5002 6 24991
5003 6 24991
5000 7 24991
5001 7 24991
5002 7 24991
5003 7 24991
5000 8 24992
5001 8 24995
5002 8 24995
5003 8 24995
5000 9 24997
5001 9 24997
5002 9 24998
5003 9 24998
5000 10 24999
5001 10 25001
5002 10 25001
5003 10 25001
5000 11 25002
5001 11 25003
5002 11 25004
5003 11 25005
5000 12 25006
5001 12 25007
5002 12 25007
5003 12 25008
5000 13 25009
5001 13 25010
5002 13 25013
5003 13 25014
5000 14 25014
5001 14 25015
5002 14 25016
5003 14 25017
5000 15 25018
5001 15 25021
5002 15 25021
5003 15 25022
5000 16 25023
5001 16 25023
5002 16 25023
5003 16 25023
5000 17 25023
5001 17 25023
5002 17 25024
5003 17 25024
5000 18 25024
5001 18 25024
5002 18 25026
5003 18 25026
5000 19 25027
5001 19 25027
5002 19 25027
5003 19 25030
5000 20 25030
5001 20 25030
5002 20 25031
5003 20 25034
5000 21 25035
5001 21 25036
5002 21 25038
5003 21 25038
5000 22 25038
5001 22 25038
5002 22 25038
5003 22 25038
5000 23 25038
5001 23 25039
5002 23 25040
5003 23 25040
5000 24 25040
5001 24 25042
5002 24 25042
5003 24 25044
5000 25 25045
5001 25 25047
5002 25 25047
5003 25 25049
5000 26 25049
5001 26 25050
5002 26 25050
5003 26 25052
5000 27 25053
5001 27 25055
5002 27 25055
5003 27 25058
5000 28 25058
5001 28 25060
5002 28 25062
5003 28 25066
5001 29 25069
5002 29 25071
5003 29 25072
5000 30 25072
5001 30 25074
5002 30 25076
5003 30 25078
5000 31 25078
5001 31 25079
5002 31 25081
5003 31 25083
5000 32 25083
5001 32 25085
5002 32 25086
5003 32 25087
5001 33 25087
5003 33 25088
5001 34 25090
5003 34 25093
5001 35 25094
5003 35 25097
5001 36 25100
5003 36 25103
5001 37 25104
5003 37 25107
5001 38 25107
5003 38 25109
5001 39 25113
5003 39 25116
5001 40 25117
5003 40 25117
5001 41 25118
5003 41 25119
5001 42 25120
5003 42 25121
5001 43 25122
5003 43 25123
5001 44 25126
5003 44 25129
5001 45 25131
5003 45 25134
5001 46 25135
5003 46 25138
5001 47 25139
5003 47 25140
5001 48 25142
5003 48 25142
5001 49 25142
5003 49 25142
5001 50 25142
5003 50 25143
5001 51 25144
5003 51 25147
5001 52 25150
5003 52 25155
5001 53 25156
5003 53 25158
5001 54 25159
5003 54 25162
5001 55 25162
5003 55 25164
5001 56 25165
5003 56 25167
5001 57 25168
5003 57 25170
5001 58 25171
5003 58 25172
5001 59 25172
5003 59 25173
5001 60 25177
5003 60 25180
5001 61 25182
5003 61 25186
5001 62 25188
5003 62 25189
5003 63 25190
5003 64 25191
5003 65 25191
5003 66 25191
5003 67 25192
5003 68 25192
5003 69 25193
5000 1 25193
5001 1 25193
5002 1 25193
5003 1 25193
5000 2 25193
5001 2 25193
5002 2 25193
5003 2 25193
5000 3 25195
5001 3 25195
5002 3 25195
5003 3 25195
5000 4 25196
5001 4 25196
5002 4 25196
5003 4 25197
5000 5 25197
5001 5 25198
5002 5 25198
5003 5 25199
5000 6 25199
5001 6 25199
5002 6 25199
5003 6 25199
5000 7 25199
5001 7 25199
5002 7 25200
5003 7 25200
5000 8 25202
5001 8 25202
5002 8 25202
5003 8 25202
5000 9 25203
5001 9 25203
5002 9 25204
5003 9 25204
5000 10 25204
5001 10 25207
5002 10 25209
5003 10 25209
5000 11 25210
5001 11 25211
5002 11 25211
5003 11 25212
5000 12 25212
5001 12 25213
5002 12 25213
5003 12 25213
5000 13 25213
5001 13 25215
5002 13 25215
5003 13 25216
5000 14 25217
5001 14 25217
5002 14 25217
5003 14 25218
5000 15 25219
5001 15 25220
5002 15 25221
5003 15 25221
5000 16 25222
5001 16 25225
5002 16 25228
5003 16 25228
5000 17 25228
5001 17 25230
5002 17 25232
5003 17 25232
5000 18 25234
5001 18 25236
5002 18 25237
5003 18 25238
5000 19 25240
5001 19 25241
5002 19 25242
5003 19 25243
5000 20 25245
5001 20 25247
5002 20 25247
5003 20 25247
5000 21 25247
5001 21 25249
5002 21 25249
5003 21 25251
5000 22 25253
5001 22 25254
5002 22 25254
5003 22 25255
5000 23 25255
5001 23 25256
5002 23 25256
5003 23 25257
5000 24 25257
5001 24 25260
5002 24 25261
5003 24 25263
5000 25 25263
5001 25 25265
5002 25 25265
5003 25 25265
5000 26 25266
5001 26 25268
5002 26 25268
5003 26 25268
5000 27 25269
5001 27 25270
5002 27 25270
5003 27 25271
5000 28 25271
5001 28 25273
5002 28 25273
5003 28 25273
5000 29 25273
5001 29 25273
5002 29 25273
5003 29 25273
5000 30 25273
5001 30 25275
5002 30 25277
5003 30 25278
5000 31 25280
5001 31 25282
5002 31 25283
5003 31 25284
5000 32 25285
5001 32 25288
5002 32 25288
5003 32 25289
5000 33 25290
5001 33 25290
5002 33 25290
5003 33 25290
5000 34 25292
5001 34 25295
5002 34 25295
5003 34 25297
5000 35 25297
5001 35 25299
5002 35 25299
5003 35 25299
5000 36 25299
5001 36 25299
5002 36 25299
5003 36 25299
5000 37 25299
5001 37 25301
5002 37 25302
5003 37 25302
5000 38 25302
5001 38 25303
5002 38 25304
5003 38 25307
5000 39 25308
5001 39 25309
5002 39 25309
5003 39 25310
5000 40 25311
5001 40 25311
5002 40 25311
5003 40 25313
5000 41 25314
5001 41 25315
5002 41 25315
5003 41 25316
5000 42 25317
5001 42 25319
5002 42 25319
5003 42 25321
5000 43 25321
5001 43 25321
5002 43 25323
5003 43 25324
5000 44 25324
5001 44 25324
5002 44 25325
5003 44 25326
5000 45 25326
5001 45 25326
5002 45 25326
5003 45 25326
5000 46 25326
5001 46 25327
5002 46 25328
5003 46 25330
5000 47 25330
5001 47 25332
5002 47 25333
5003 47 25337
5000 48 25337
5001 48 25337
5002 48 25337
5003 48 25337
5001 49 25337
5003 49 25337
5001 50 25338
5003 50 25339
5001 51 25341
5003 51 25342
5001 52 25343
5003 52 25343
5001 53 25343
5003 53 25346
5001 54 25346
5003 54 25346
5001 55 25347
5003 55 25348
5001 56 25348
5003 56 25349
5001 57 25349
5003 57 25350
5001 58 25350
5003 58 25351
5001 59 25351
5003 59 25351
5000 1 25351
5001 1 25351
5002 1 25351
5003 1 25351
5000 2 25351
5001 2 25351
5002 2 25351
5003 2 25351
5000 3 25351
5001 3 25351
5002 3 25351
5003 3 25351
5000 4 25351
5001 4 25351
5002 4 25351
5003 4 25351
5000 5 25351
5001 5 25351
5002 5 25351
5003 5 25351
5000 6 25352
5001 6 25352
5002 6 25352
5003 6 25352
5000 7 25353
5001 7 25353
5002 7 25355
5003 7 25355
5000 8 25356
5001 8 25356
5002 8 25357
5003 8 25358
5000 9 25358
5001 9 25358
5002 9 25358
5003 9 25358
5000 10 25359
5001 10 25360
5002 10 25362
5003 10 25363
5000 11 25365
5001 11 25365
5002 11 25366
5003 11 25366
5000 12 25369
5001 12 25369
5002 12 25370
5003 12 25370
5000 13 25373
5001 13 25373
5002 13 25374
5003 13 25375
5000 14 25378
5001 14 25378
5002 14 25378
5003 14 25379
5000 15 25380
5001 15 25380
5002 15 25381
5003 15 25382
5000 16 25385
5001 16 25386
5002 16 25386
5003 16 25387
5000 17 25390
5001 17 25391
5002 17 25391
5003 17 25393
5000 18 25395
5001 18 25395
5002 18 25395
5003 18 25397
5000 19 25398
5001 19 25398
5002 19 25398
5003 19 25398
5000 20 25402
5001 20 25402
5002 20 25403
5003 20 25403
5000 21 25406
5002 21 25408
5003 21 25408
5000 22 25410
5002 22 25410
5003 22 25410
5000 23 25410
5002 23 25412
5003 23 25412
5000 24 25413
5002 24 25415
5003 24 25415
5000 25 25417
5002 25 25419
5003 25 25419
5000 26 25421
5002 26 25423
5003 26 25424
5000 27 25427
5002 27 25428
5003 27 25429
5000 28 25430
5003 28 25430
5000 29 25431
5003 29 25432
5000 30 25432
5003 30 25432
5000 31 25434
5003 31 25434
5000 32 25436
5003 32 25436
5000 33 25439
5003 33 25439
5000 34 25441
5003 34 25441
5000 35 25445
5000 1 25445
5001 1 25445
5002 1 25445
5003 1 25445
5000 2 25445
5001 2 25445
5002 2 25445
5003 2 25445
5000 3 25445
5001 3 25445
5002 3 25445
5003 3 25445
5000 4 25445
5001 4 25445
5002 4 25445
5003 4 25445
5000 5 25445
5001 5 25445
5002 5 25445
5003 5 25445
5000 6 25445
5001 6 25445
5002 6 25445
5003 6 25445
5000 7 25446
5001 7 25447
5002 7 25448
5003 7 25448
5000 8 25448
5001 8 25448
5002 8 25449
5003 8 25449
5000 9 25450
5001 9 25450
5002 9 25451
5003 9 25452
5000 10 25452
5001 10 25453
5002 10 25453
5003 10 25453
5000 11 25453
5001 11 25454
5002 11 25455
5003 11 25456
5000 12 25457
5001 12 25458
5002 12 25459
5003 12 25459
5000 13 25459
5001 13 25463
5002 13 25465
5003 13 25465
5000 14 25465
5001 14 25465
5002 14 25466
5003 14 25468
5000 15 25468
5001 15 25468
5002 15 25470
5003 15 25472
5000 16 25473
5001 16 25473
5002 16 25477
5003 16 25479
5000 17 25479
5001 17 25480
5002 17 25482
5003 17 25484
5000 18 25484
5001 18 25485
5002 18 25490
5003 18 25491
5000 19 25491
5001 19 25491
5002 19 25491
5003 19 25493
5000 20 25495
5001 20 25495
5002 20 25495
5003 20 25495
5000 21 25496
5001 21 25496
5002 21 25499
5003 21 25500
5000 22 25500
5001 22 25501
5002 22 25502
5003 22 25503
5000 23 25503
5001 23 25503
5002 23 25503
5003 23 25505
5000 24 25506
5001 24 25509
5002 24 25509
5003 24 25509
5000 25 25510
5001 25 25513
5002 25 25515
5003 25 25517
5000 26 25518
5001 26 25521
5002 26 25523
5003 26 25524
5000 27 25524
5001 27 25526
5002 27 25529
5003 27 25529
5000 28 25529
5001 28 25532
5002 28 25533
5003 28 25534
5000 29 25537
5001 29 25538
5002 29 25541
5003 29 25541
5000 30 25542
5001 30 25542
5002 30 25543
5003 30 25544
5000 31 25545
5001 31 25546
5002 31 25546
5003 31 25546
5000 32 25547
5001 32 25548
5002 32 25550
5003 32 25550
5000 33 25550
5001 33 25550
5002 33 25551
5003 33 25551
5000 34 25552
5001 34 25552
5002 34 25552
5003 34 25552
5000 35 25552
5001 35 25552
5002 35 25552
5003 35 25552
5000 36 25554
5001 36 25555
5002 36 25555
5003 36 25555
5000 37 25557
5001 37 25560
5002 37 25560
5003 37 25560
5000 38 25560
5001 38 25561
5002 38 25561
5003 38 25562
5000 39 25562
5001 39 25562
5002 39 25562
5003 39 25562
5000 40 25563
5001 40 25563
5002 40 25564
5003 40 25566
5000 41 25566
5001 41 25568
5002 41 25569
5003 41 25570
5001 42 25572
5002 42 25575
5003 42 25578
5001 43 25578
5002 43 25579
5003 43 25579
5001 44 25579
5002 44 25579
5003 44 25579
5001 45 25580
5002 45 25580
5003 45 25580
5001 46 25580
5002 46 25582
5003 46 25582
5001 47 25583
5002 47 25585
5003 47 25586
5001 48 25587
5002 48 25589
5003 48 25590
5001 49 25592
5002 49 25593
5003 49 25594
5001 50 25594
5002 50 25597
5003 50 25598
5001 51 25599
5002 51 25599
5003 51 25600
5001 52 25600
5002 52 25600
5003 52 25600
5001 53 25601
5002 53 25601
5003 53 25603
5001 54 25605
5002 54 25606
5003 54 25607
5001 55 25609
5002 55 25610
5003 55 25610
5001 56 25612
5002 56 25614
5003 56 25614
5001 57 25616
5002 57 25617
5003 57 25617
5001 58 25620
5002 58 25621
5003 58 25623
5001 59 25626
5002 59 25627
5003 59 25628
5001 60 25629
5002 60 25629
5003 60 25630
5001 61 25630
5002 61 25632
5003 61 25632
5001 62 25632
5002 62 25635
5003 62 25635
5001 63 25637
5002 63 25642
5003 63 25643
5001 64 25645
5002 64 25647
5003 64 25649
5001 65 25651
5002 65 25653
5003 65 25653
5001 66 25658
5002 66 25659
5003 66 25659
5001 67 25661
5002 67 25661
5003 67 25661
5001 68 25662
5002 68 25663
5003 68 25663
5001 69 25665
5002 69 25667
5003 69 25667
5001 70 25668
5002 70 25670
5003 70 25670
5001 71 25673
5002 71 25674
5003 71 25674
5001 72 25677
5002 72 25678
5001 73 25682
5002 73 25683
5001 74 25685
5002 74 25687
5001 75 25687
5002 75 25690
5001 76 25691
5002 76 25692
5001 77 25692
5002 77 25692
5001 78 25693
5002 78 25695
5001 79 25697
5002 79 25697
5001 80 25699
5002 80 25699
5001 81 25701
5002 81 25701
5001 82 25705
5002 82 25705
5001 83 25705
5002 83 25705
5000 1 25705
5001 1 25705
5002 1 25705
5003 1 25705
5000 2 25705
5001 2 25705
5002 2 25705
5003 2 25705
5000 3 25705
5001 3 25705
5002 3 25705
5003 3 25705
5000 4 25705
5001 4 25705
5002 4 25706
5003 4 25706
5000 5 25706
5001 5 25706
5002 5 25707
5003 5 25707
5000 6 25707
5001 6 25707
5002 6 25707
5003 6 25707
5000 7 25707
5001 7 25708
5002 7 25708
5003 7 25708
5000 8 25708
5001 8 25708
5002 8 25709
5003 8 25709
5000 9 25709
5001 9 25709
5002 9 25709
5003 9 25711
5000 10 25711
5001 10 25711
5002 10 25711
5003 10 25712
5000 11 25712
5001 11 25712
5002 11 25712
5003 11 25714
5000 12 25714
5001 12 25715
5002 12 25715
5003 12 25718
5000 13 25719
5001 13 25720
5002 13 25720
5003 13 25723
5000 14 25727
5001 14 25729
5002 14 25730
5003 14 25732
5000 15 25735
5001 15 25736
5002 15 25736
5003 15 25736
5000 16 25738
5001 16 25740
5003 16 25740
5000 17 25743
5001 17 25743
5003 17 25745
5000 18 25748
5001 18 25748
5003 18 25750
5000 19 25754
5001 19 25754
5003 19 25755
5000 20 25757
5001 20 25758
5003 20 25758
5000 21 25759
5001 21 25759
5003 21 25759
5000 22 25761
5001 22 25761
5003 22 25762
5000 23 25764
5001 23 25765
5003 23 25768
5000 24 25772
5001 24 25772
5003 24 25775
5000 25 25779
5001 25 25781
5003 25 25784
5000 26 25785
5001 26 25786
5003 26 25787
5000 27 25787
5001 27 25787
5003 27 25789
5000 28 25791
5001 28 25791
5003 28 25793
5000 29 25796
5001 29 25798
5003 29 25798
5000 30 25799
5001 30 25801
5003 30 25801
5000 31 25803
5001 31 25803
5003 31 25803
5000 32 25804
5001 32 25804
5003 32 25804
5000 33 25806
5001 33 25807
5003 33 25808
5000 34 25810
5001 34 25810
5003 34 25811
5000 35 25814
5001 35 25814
5003 35 25815
5000 36 25815
5001 36 25816
5003 36 25819
5000 37 25822
5001 37 25822
5003 37 25823
5000 38 25824
5001 38 25825
5003 38 25826
5000 39 25827
5001 39 25829
5003 39 25829
5000 40 25829
5001 40 25829
5003 40 25829
5000 41 25829
5001 41 25829
5003 41 25829
5000 42 25830
5001 42 25831
5003 42 25832
5000 43 25837
5001 43 25837
5003 43 25841
5000 44 25843
5001 44 25844
5003 44 25846
5000 45 25847
5001 45 25847
5003 45 25850
5000 46 25851
5003 46 25851
5000 47 25851
5003 47 25851
5000 48 25851
5003 48 25853
5000 49 25854
5003 49 25854
5000 50 25855
5003 50 25857
5000 51 25858
5003 51 25859
5000 52 25860
5003 52 25862
5000 1 25862
5001 1 25862
5002 1 25862
5003 1 25862
5000 2 25862
5001 2 25862
5002 2 25862
5003 2 25863
5000 3 25863
5001 3 25863
5002 3 25863
5003 3 25863
5000 4 25863
5001 4 25863
5002 4 25863
5003 4 25863
5000 5 25863
5001 5 25863
5002 5 25864
5003 5 25864
5000 6 25864
5001 6 25864
5002 6 25864
5003 6 25865
5000 7 25865
5001 7 25865
5002 7 25866
5003 7 25866
5000 8 25866
5001 8 25866
5002 8 25866
5003 8 25866
5000 9 25866
5001 9 25866
5002 9 25866
5003 9 25867
5000 10 25868
5001 10 25868
5002 10 25868
5003 10 25868
5000 11 25870
5001 11 25870
5002 11 25870
5003 11 25871
5000 12 25873
5001 12 25874
5002 12 25874
5003 12 25875
5000 13 25877
5001 13 25878
5002 13 25878
5003 13 25882
5000 14 25884
5001 14 25886
5002 14 25886
5003 14 25886
5000 15 25889
5001 15 25889
5002 15 25889
5003 15 25889
5000 16 25890
5001 16 25892
5002 16 25892
5003 16 25892
5000 17 25893
5001 17 25895
5002 17 25896
5003 17 25896
5000 18 25897
5001 18 25897
5002 18 25897
5003 18 25897
5000 19 25901
5002 19 25901
5003 19 25901
5000 20 25901
5002 20 25901
5003 20 25902
5000 21 25902
5002 21 25902
5003 21 25904
5000 22 25906
5002 22 25906
5003 22 25909
5000 23 25909
5002 23 25910
5003 23 25912
5000 24 25915
5002 24 25916
5000 25 25918
5002 25 25919
5000 26 25920
5002 26 25922
5000 27 25929
5002 27 25932
5000 28 25933
5002 28 25937
5000 29 25940
5002 29 25944
5000 30 25946
5002 30 25946
5000 1 25946
5001 1 25946
5002 1 25946
5003 1 25946
5000 2 25946
5001 2 25946
5002 2 25946
5003 2 25946
5000 3 25946
5001 3 25947
5002 3 25947
5003 3 25947
5000 4 25948
5001 4 25948
5002 4 25948
5003 4 25948
5000 5 25948
5001 5 25948
5002 5 25948
5003 5 25948
5000 6 25948
5001 6 25948
5002 6 25948
5003 6 25949
5000 7 25950
5001 7 25954
5002 7 25954
5003 7 25954
5000 8 25954
5001 8 25954
5002 8 25954
5003 8 25954
5000 9 25954
5001 9 25954
5002 9 25954
5003 9 25954
5000 10 25954
5001 10 25954
5002 10 25954
5003 10 25954
5000 11 25954
5001 11 25954
5002 11 25954
5003 11 25955
5000 12 25955
5001 12 25958
5002 12 25959
5003 12 25960
5000 13 25960
5001 13 25960
5002 13 25961
5003 13 25961
5000 14 25961
5001 14 25963
5002 14 25963
5003 14 25963
5000 15 25964
5001 15 25965
5002 15 25965
5003 15 25966
5000 16 25968
5001 16 25970
5002 16 25970
5003 16 25970
5000 17 25971
5001 17 25971
5002 17 25972
5003 17 25973
5000 18 25974
5001 18 25974
5002 18 25977
5003 18 25979
5000 19 25981
5001 19 25983
5002 19 25984
5003 19 25985
5000 20 25988
5001 20 25989
5002 20 25990
5003 20 25991
5000 21 25992
5001 21 25993
5002 21 25994
5003 21 25994
5000 22 25995
5001 22 25998
5002 22 25998
5003 22 25998
5000 23 26000
5001 23 26000
5002 23 26000
5003 23 26001
5000 24 26002
5001 24 26003
5002 24 26003
5003 24 26005
5000 25 26005
5001 25 26005
5002 25 26006
5003 25 26006
5000 26 26008
5001 26 26008
5002 26 26008
5003 26 26009
5000 27 26012
5001 27 26014
5002 27 26015
5003 27 26016
5000 28 26016
5001 28 26017
5002 28 26018
5003 28 26020
5000 29 26021
5001 29 26023
5002 29 26024
5003 29 26026
5000 30 26027
5001 30 26028
5002 30 26030
5003 30 26036
5000 31 26037
5001 31 26038
5002 31 26038
5003 31 26042
5000 32 26044
5001 32 26045
5003 32 26048
5000 33 26050
5001 33 26051
5003 33 26052
5000 34 26053
5001 34 26053
5003 34 26055
5000 35 26057
5001 35 26058
5003 35 26064
5000 36 26065
5001 36 26069
5003 36 26071
5000 37 26074
5001 37 26078
5003 37 26080
5000 38 26081
5001 38 26082
5003 38 26082
5000 39 26085
5001 39 26089
5003 39 26089
5000 40 26089
5001 40 26089
5003 40 26089
5000 41 26090
5001 41 26090
5003 41 26091
5000 42 26091
5001 42 26091
5003 42 26092
5000 43 26092
5001 43 26095
5003 43 26096
5000 44 26096
5001 44 26098
5003 44 26101
5000 45 26101
5001 45 26104
5003 45 26104
5000 46 26105
5001 46 26106
5003 46 26108
5000 47 26111
5001 47 26114
5003 47 26115
5001 48 26116
5003 48 26116
5001 49 26117
5003 49 26118
5001 50 26120
5003 50 26120
5000 1 26120
5001 1 26120
5002 1 26120
5003 1 26120
5000 2 26120
5001 2 26120
5002 2 26120
5003 2 26120
5000 3 26120
5001 3 26120
5002 3 26120
5003 3 26120
5000 4 26120
5001 4 26121
5002 4 26121
5003 4 26121
5000 5 26121
5001 5 26121
5002 5 26122
5003 5 26123
5000 6 26123
5001 6 26124
5002 6 26124
5003 6 26124
5000 7 26124
5001 7 26124
5002 7 26124
5003 7 26124
5000 8 26124
5001 8 26124
5002 8 26124
5003 8 26124
5000 9 26125
5001 9 26126
5002 9 26128
5003 9 26128
5000 10 26128
5001 10 26129
5002 10 26129
5003 10 26131
5000 11 26131
5001 11 26131
5002 11 26131
5003 11 26132
5000 12 26132
5001 12 26134
5002 12 26135
5003 12 26135
5000 13 26135
5001 13 26135
5002 13 26139
5003 13 26140
5000 14 26142
5001 14 26142
5002 14 26144
5003 14 26145
5000 15 26148
5001 15 26149
5002 15 26149
5003 15 26149
5000 16 26150
5001 16 26153
5003 16 26154
5000 17 26155
5001 17 26156
5003 17 26161
5000 18 26163
5001 18 26164
5003 18 26165
5000 19 26171
5001 19 26173
5003 19 26175
5000 20 26177
5001 20 26177
5003 20 26178
5000 21 26181
5001 21 26185
5003 21 26187
5000 22 26189
5001 22 26193
5003 22 26194
5000 23 26197
5001 23 26198
5003 23 26199
5000 24 26201
5001 24 26201
5003 24 26202
5000 25 26202
5001 25 26205
5003 25 26205
5000 26 26206
5001 26 26210
5003 26 26210
5000 27 26215
5001 27 26218
5003 27 26218
5000 28 26219
5001 28 26222
5003 28 26224
5000 29 26224
5001 29 26225
5003 29 26226
5000 30 26228
5001 30 26231
5003 30 26232
5000 31 26232
5001 31 26234
5003 31 26235
5000 32 26239
5001 32 26241
5003 32 26242
5000 33 26247
5001 33 26247
5003 33 26247
5000 34 26251
5001 34 26251
5003 34 26252
5000 35 26253
5001 35 26255
5003 35 26257
5000 36 26258
5001 36 26259
5003 36 26263
5000 37 26263
5001 37 26265
5003 37 26266
5000 38 26268
5001 38 26269
5003 38 26269
5000 39 26270
5001 39 26274
5003 39 26274
5000 40 26276
5001 40 26279
5003 40 26280
5000 41 26284
5001 41 26284
5003 41 26285
5000 42 26287
5001 42 26296
5003 42 26297
5000 43 26298
5001 43 26302
5003 43 26306
5001 44 26308
5003 44 26308
5001 45 26312
5003 45 26312
5001 46 26314
5003 46 26314
5001 47 26315
5003 47 26315
5001 48 26317
5003 48 26317
5001 49 26318
5000 1 26318
5001 1 26318
5002 1 26318
5003 1 26318
5000 2 26318
5001 2 26318
5002 2 26318
5003 2 26318
5000 3 26318
5001 3 26318
5002 3 26318
5003 3 26318
5000 4 26318
5001 4 26318
5002 4 26318
5003 4 26318
5000 5 26319
5001 5 26319
5002 5 26320
5003 5 26320
5000 6 26321
5001 6 26322
5002 6 26322
5003 6 26322
5000 7 26323
5001 7 26326
5002 7 26327
5003 7 26327
5000 8 26328
5001 8 26330
5002 8 26331
5003 8 26331
5000 9 26331
5001 9 26331
5002 9 26332
5003 9 26333
5000 10 26333
5001 10 26334
5002 10 26335
5003 10 26336
5000 11 26336
5001 11 26336
5002 11 26337
5003 11 26339
5000 12 26340
5001 12 26340
5002 12 26341
5003 12 26341
5000 13 26341
5001 13 26343
5002 13 26344
5003 13 26344
5000 14 26344
5001 14 26344
5002 14 26345
5003 14 26345
5000 15 26345
5001 15 26346
5002 15 26346
5003 15 26347
5000 16 26348
5001 16 26348
5002 16 26348
5003 16 26348
5000 17 26349
5001 17 26349
5002 17 26349
5003 17 26349
5000 18 26350
5001 18 26350
5002 18 26350
5003 18 26351
5000 19 26353
5001 19 26353
5002 19 26353
5003 19 26354
5000 20 26355
5002 20 26356
5003 20 26360
5000 21 26360
5002 21 26361
5003 21 26365
5000 22 26365
5002 22 26365
5003 22 26365
5000 23 26366
5002 23 26366
5003 23 26366
5000 24 26367
5002 24 26368
5003 24 26369
5000 25 26369
5002 25 26370
5003 25 26372
5000 26 26373
5002 26 26376
5003 26 26376
5000 27 26376
5002 27 26378
5003 27 26378
5000 28 26379
5002 28 26381
5003 28 26381
5000 29 26382
5002 29 26383
5003 29 26383
5000 30 26383
5002 30 26385
5003 30 26386
5000 31 26387
5002 31 26389
5003 31 26391
5000 32 26393
5002 32 26394
5003 32 26395
5000 33 26397
5002 33 26399
5003 33 26400
5000 34 26401
5002 34 26404
5003 34 26408
5000 35 26410
5002 35 26412
5003 35 26413
5000 36 26413
5002 36 26415
5003 36 26416
5000 37 26416
5002 37 26417
5003 37 26417
5000 38 26419
5002 38 26422
5003 38 26422
5000 39 26422
5002 39 26426
5003 39 26426
5000 40 26426
5002 40 26429
5003 40 26429
5000 41 26430
5002 41 26432
5003 41 26432
5000 42 26433
5002 42 26437
5003 42 26437
5000 43 26437
5002 43 26442
5003 43 26442
5000 44 26442
5002 44 26449
5003 44 26449
5000 45 26450
5002 45 26454
5003 45 26454
5000 46 26454
5002 46 26457
5003 46 26457
5000 47 26459
5002 47 26465
5003 47 26465
5000 48 26469
5002 48 26474
5003 48 26474
5000 49 26474
5002 49 26479
5003 49 26479
5000 50 26479
5002 50 26481
5003 50 26481
5000 51 26482
5002 51 26486
5003 51 26486
5000 52 26488
5002 52 26490
5003 52 26490
5000 53 26491
5002 53 26495
5003 53 26496
5000 54 26497
5002 54 26502
5003 54 26502
5000 55 26504
5002 55 26505
5003 55 26505
5000 56 26507
5002 56 26507
5003 56 26508
5000 57 26508
5002 57 26508
5003 57 26508
5000 58 26508
5002 58 26508
5003 58 26508
5000 59 26510
5002 59 26510
5003 59 26510
5000 60 26510
5002 60 26512
5003 60 26512
5000 61 26512
5002 61 26515
5003 61 26519
5000 62 26519
5002 62 26527
5003 62 26531
5000 63 26531
5002 63 26534
5003 63 26536
5000 64 26536
5002 64 26537
5003 64 26538
5000 65 26538
5002 65 26540
5003 65 26542
5000 66 26544
5002 66 26546
5003 66 26549
5000 67 26550
5002 67 26552
5003 67 26554
5000 68 26556
5002 68 26558
5003 68 26558
5000 69 26561
5002 69 26562
5003 69 26562
5000 70 26565
5002 70 26567
5000 71 26570
5002 71 26572
5000 72 26574
5002 72 26578
5000 73 26581
5002 73 26583
5000 74 26585
5002 74 26587
5000 75 26588
5002 75 26592
5000 76 26592
5002 76 26592
5000 77 26592
5002 77 26594
5000 78 26594
5002 78 26594
5000 1 26594
5001 1 26594
5002 1 26594
5003 1 26594
5000 2 26594
5001 2 26594
5002 2 26594
5003 2 26594
5000 3 26594
5001 3 26595
5002 3 26595
5003 3 26595
5000 4 26596
5001 4 26596
5002 4 26598
5003 4 26598
5000 5 26598
5001 5 26598
5002 5 26598
5003 5 26598
5000 6 26598
5001 6 26598
5002 6 26598
5003 6 26598
5000 7 26598
5001 7 26598
5002 7 26598
5003 7 26598
5000 8 26598
5001 8 26599
5002 8 26599
5003 8 26603
5000 9 26606
5001 9 26607
5002 9 26607
5003 9 26611
5000 10 26614
5001 10 26614
5002 10 26616
5003 10 26621
5000 11 26623
5001 11 26624
5002 11 26625
5003 11 26627
5000 12 26630
5001 12 26632
5002 12 26632
5003 12 26632
5000 13 26634
5001 13 26634
5002 13 26634
5003 13 26634
5000 14 26635
5001 14 26636
5002 14 26636
5003 14 26636
5000 15 26637
5001 15 26638
5002 15 26638
5003 15 26638
5000 16 26638
5001 16 26639
5002 16 26639
5003 16 26639
5000 17 26639
5001 17 26639
5002 17 26641
5003 17 26643
5000 18 26643
5001 18 26643
5002 18 26645
5003 18 26648
5000 19 26648
5001 19 26649
5002 19 26651
5003 19 26654
5000 20 26654
5001 20 26656
5002 20 26656
5003 20 26660
5000 21 26660
5001 21 26660
5002 21 26660
5003 21 26661
5000 22 26663
5001 22 26664
5003 22 26665
5000 23 26667
5001 23 26667
5003 23 26669
5000 24 26671
5001 24 26672
5003 24 26675
5000 25 26675
5001 25 26676
5003 25 26682
5000 26 26683
5001 26 26683
5003 26 26687
5000 27 26687
5001 27 26687
5003 27 26691
5000 28 26691
5001 28 26691
5003 28 26692
5001 29 26692
5003 29 26692
5001 30 26692
5003 30 26694
5001 31 26695
5003 31 26695
5001 32 26696
5003 32 26698
5001 33 26699
5003 33 26701
5001 34 26702
5003 34 26704
5001 35 26704
5003 35 26704
5001 36 26704
5003 36 26707
5001 37 26708
5003 37 26709
5001 38 26709
5003 38 26709
5001 39 26710
5003 39 26710
5001 40 26710
5003 40 26712
5001 41 26712
5003 41 26714
5001 42 26714
5003 42 26717
5001 43 26717
5003 43 26721
5001 44 26722
5003 44 26723
5000 1 26723
5001 1 26723
5002 1 26723
5003 1 26723
5000 2 26723
5001 2 26723
5002 2 26723
5003 2 26723
5000 3 26723
5001 3 26723
5002 3 26723
5003 3 26723
5000 4 26723
5001 4 26723
5002 4 26723
5003 4 26723
5000 5 26723
5001 5 26723
5002 5 26723
5003 5 26723
5000 6 26724
5001 6 26724
5002 6 26725
5003 6 26726
5000 7 26726
5001 7 26726
5002 7 26726
5003 7 26726
5000 8 26726
5001 8 26727
5002 8 26727
5003 8 26727
5000 9 26728
5001 9 26728
5002 9 26729
5003 9 26730
5000 10 26731
5001 10 26731
5002 10 26731
5003 10 26731
5000 11 26732
5001 11 26733
5002 11 26735
5003 11 26736
5000 12 26739
5001 12 26739
5002 12 26740
5003 12 26741
5000 13 26741
5001 13 26741
5002 13 26742
5003 13 26742
5000 14 26742
5001 14 26743
5002 14 26745
5003 14 26746
5000 15 26748
5001 15 26749
5002 15 26751
5003 15 26752
5000 16 26753
5001 16 26753
5002 16 26753
5003 16 26753
5000 17 26753
5001 17 26753
5002 17 26753
5003 17 26755
5000 18 26757
5001 18 26760
5002 18 26762
5003 18 26765
5000 19 26765
5001 19 26765
5002 19 26765
5003 19 26767
5000 20 26768
5001 20 26768
5002 20 26769
5003 20 26769
5000 21 26769
5001 21 26770
5002 21 26771
5003 21 26772
5000 22 26773
5001 22 26773
5002 22 26775
5003 22 26776
5000 23 26776
5001 23 26776
5002 23 26776
5003 23 26776
5000 24 26777
5001 24 26778
5002 24 26779
5003 24 26781
5000 25 26782
5001 25 26782
5002 25 26783
5003 25 26785
5000 26 26786
5001 26 26788
5002 26 26789
5003 26 26793
5000 27 26793
5001 27 26797
5002 27 26797
5003 27 26802
5000 28 26802
5001 28 26804
5002 28 26804
5003 28 26806
5000 29 26807
5001 29 26808
5002 29 26808
5003 29 26810
5000 30 26810
5001 30 26812
5002 30 26812
5003 30 26813
5000 31 26814
5001 31 26815
5002 31 26816
5003 31 26818
5000 32 26819
5001 32 26820
5003 32 26823
5000 33 26824
5001 33 26825
5003 33 26826
5000 34 26826
5001 34 26828
5003 34 26831
5000 35 26832
5001 35 26834
5003 35 26838
5000 36 26840
5001 36 26842
5003 36 26842
5000 37 26842
5001 37 26847
5003 37 26849
5000 38 26850
5001 38 26853
5003 38 26855
5000 39 26855
5001 39 26856
5003 39 26861
5000 40 26861
5001 40 26863
5003 40 26868
5000 41 26868
5001 41 26868
5003 41 26870
5000 42 26872
5001 42 26873
5003 42 26875
5001 43 26875
5003 43 26877
5001 44 26878
5003 44 26882
5001 45 26885
5003 45 26887
5001 46 26889
5003 46 26891
5001 47 26896
5003 47 26898
5001 48 26898
5003 48 26900
5001 49 26901
5003 49 26903
5001 50 26904
5003 50 26904
5001 51 26905
5000 1 26905
5001 1 26905
5002 1 26905
5003 1 26905
5000 2 26905
5001 2 26905
5002 2 26905
5003 2 26905
5000 3 26905
5001 3 26905
5002 3 26905
5003 3 26905
5000 4 26905
5001 4 26905
5002 4 26905
5003 4 26906
5000 5 26906
5001 5 26906
5002 5 26906
5003 5 26908
5000 6 26908
5001 6 26908
5002 6 26909
5003 6 26910
5000 7 26910
5001 7 26910
5002 7 26910
5003 7 26910
5000 8 26910
5001 8 26912
5002 8 26912
5003 8 26913
5000 9 26913
5001 9 26913
5002 9 26914
5003 9 26915
5000 10 26915
5001 10 26915
5002 10 26916
5003 10 26918
5000 11 26918
5001 11 26918
5002 11 26918
5003 11 26919
5000 12 26919
5001 12 26920
5002 12 26920
5003 12 26920
5000 13 26920
5001 13 26922
5002 13 26922
5003 13 26924
5000 14 26924
5001 14 26925
5002 14 26928
5003 14 26928
5000 15 26929
5001 15 26930
5002 15 26930
5003 15 26934
5000 16 26938
5001 16 26938
5002 16 26938
5003 16 26942
5000 17 26942
5001 17 26944
5002 17 26944
5003 17 26945
5000 18 26946
5001 18 26947
5002 18 26948
5003 18 26949
5000 19 26950
5001 19 26953
5002 19 26954
5003 19 26955
5000 20 26956
5001 20 26957
5002 20 26957
5003 20 26957
5000 21 26958
5001 21 26960
5002 21 26961
5003 21 26961
5000 22 26962
5001 22 26962
5002 22 26962
5003 22 26962
5000 23 26962
5001 23 26963
5002 23 26964
5003 23 26964
5000 24 26964
5001 24 26965
5002 24 26967
5003 24 26967
5000 25 26969
5001 25 26969
5002 25 26969
5003 25 26969
5000 26 26969
5001 26 26971
5002 26 26972
5003 26 26972
5000 27 26974
5001 27 26976
5002 27 26976
5003 27 26976
5000 28 26977
5001 28 26979
5002 28 26979
5003 28 26981
5000 29 26982
5001 29 26985
5002 29 26985
5003 29 26985
5000 30 26987
5001 30 26989
5002 30 26989
5003 30 26990
5000 31 26990
5001 31 26991
5002 31 26992
5003 31 26994
5000 32 26995
5002 32 26997
5003 32 27000
5000 33 27003
5002 33 27004
5003 33 27007
5000 34 27009
5002 34 27010
5003 34 27010
5000 35 27012
5002 35 27013
5003 35 27013
5000 36 27015
5002 36 27015
5000 37 27019
5002 37 27019
5000 38 27020
5002 38 27021
5000 39 27023
5002 39 27025
5000 40 27026
5002 40 27027
5000 41 27029
5002 41 27029
5000 42 27029
5002 42 27033
5000 43 27035
5002 43 27035
5000 44 27036
5002 44 27036
5000 45 27037
5000 1 27037
5001 1 27037
5002 1 27037
5003 1 27037
5000 2 27037
5001 2 27037
5002 2 27037
5003 2 27037
5000 3 27037
5001 3 27037
5002 3 27037
5003 3 27037
5000 4 27037
5001 4 27037
5002 4 27037
5003 4 27037
5000 5 27037
5001 5 27038
5002 5 27038
5003 5 27038
5000 6 27038
5001 6 27038
5002 6 27038
5003 6 27038
5000 7 27038
5001 7 27038
5002 7 27038
5003 7 27040
5000 8 27041
5001 8 27042
5002 8 27042
5003 8 27046
5000 9 27046
5001 9 27048
5002 9 27048
5003 9 27049
5000 10 27053
5001 10 27054
5002 10 27054
5003 10 27056
5000 11 27056
5001 11 27056
5002 11 27056
5003 11 27057
5000 12 27057
5001 12 27057
5002 12 27057
5003 12 27057
5000 13 27057
5001 13 27058
5002 13 27058
5003 13 27058
5000 14 27058
5001 14 27058
5002 14 27058
5003 14 27059
5000 15 27060
5001 15 27061
5002 15 27062
5003 15 27066
5000 16 27068
5001 16 27068
5002 16 27069
5003 16 27070
5000 17 27070
5001 17 27071
5002 17 27072
5003 17 27074
5000 18 27075
5001 18 27075
5002 18 27076
5003 18 27076
5000 19 27078
5001 19 27081
5002 19 27081
5003 19 27082
5000 20 27084
5001 20 27084
5002 20 27085
5003 20 27087
5000 21 27089
5002 21 27089
5003 21 27092
5000 22 27092
5002 22 27092
5003 22 27092
5000 23 27094
5002 23 27095
5000 24 27096
5002 24 27096
5000 25 27098
5002 25 27098
5000 26 27100
5002 26 27102
5000 27 27105
5002 27 27105
5000 28 27107
5002 28 27108
5000 29 27109
5002 29 27110
5000 30 27112
5002 30 27114
5000 31 27115
5002 31 27117
5000 32 27117
5002 32 27117
5000 33 27117
5002 33 27117
5000 34 27117
5002 34 27120
5000 35 27121
5002 35 27122
5000 36 27123
5002 36 27124
5000 37 27126
5002 37 27128
5000 38 27131
5002 38 27133
5000 39 27135
5002 39 27140
5000 40 27142
5002 40 27147
5000 41 27151
5002 41 27154
5000 42 27157
5002 42 27158
5000 43 27159
5002 43 27163
5000 44 27163
5002 44 27164
5000 45 27165
5002 45 27170
5000 1 27170
5001 1 27170
5002 1 27170
5003 1 27170
5000 2 27170
5001 2 27170
5002 2 27170
5003 2 27170
5000 3 27170
5001 3 27170
5002 3 27171
5003 3 27171
5000 4 27171
5001 4 27171
5002 4 27171
5003 4 27171
5000 5 27171
5001 5 27171
5002 5 27171
5003 5 27171
5000 6 27172
5001 6 27172
5002 6 27173
5003 6 27174
5000 7 27174
5001 7 27176
5002 7 27176
5003 7 27178
5000 8 27178
5001 8 27180
5002 8 27181
5003 8 27181
5000 9 27181
5001 9 27181
5002 9 27181
5003 9 27182
5000 10 27183
5001 10 27185
5002 10 27186
5003 10 27186
5000 11 27187
5001 11 27188
5002 11 27188
5003 11 27188
5000 12 27189
5001 12 27189
5002 12 27189
5003 12 27189
5000 13 27190
5001 13 27191
5002 13 27191
5003 13 27191
5000 14 27192
5001 14 27192
5002 14 27192
5003 14 27193
5000 15 27194
5001 15 27195
5002 15 27195
5003 15 27197
5000 16 27197
5001 16 27197
5002 16 27197
5003 16 27199
5000 17 27201
5001 17 27202
5002 17 27202
5003 17 27204
5000 18 27204
5001 18 27206
5002 18 27208
5003 18 27208
5000 19 27209
5001 19 27211
5002 19 27215
5003 19 27216
5000 20 27218
5001 20 27221
5002 20 27223
5003 20 27223
5000 21 27224
5001 21 27224
5002 21 27226
5003 21 27226
5000 22 27226
5001 22 27226
5002 22 27228
5003 22 27228
5000 23 27228
5001 23 27228
5002 23 27231
5003 23 27232
5000 24 27232
5001 24 27232
5002 24 27234
5003 24 27234
5000 25 27234
5001 25 27236
5002 25 27237
5003 25 27237
5000 26 27239
5001 26 27239
5002 26 27240
5003 26 27240
5000 27 27240
5001 27 27242
5002 27 27243
5003 27 27244
5000 28 27246
5001 28 27250
5002 28 27250
5003 28 27250
5000 29 27251
5001 29 27252
5002 29 27252
5003 29 27253
5000 30 27255
5001 30 27257
5002 30 27258
5003 30 27258
5000 31 27258
5001 31 27258
5002 31 27258
5003 31 27260
5000 32 27262
5001 32 27263
5002 32 27265
5003 32 27267
5000 33 27269
5001 33 27271
5002 33 27276
5003 33 27278
5000 34 27278
5001 34 27280
5002 34 27284
5003 34 27284
5000 35 27286
5001 35 27287
5002 35 27290
5003 35 27290
5000 36 27291
5001 36 27292
5002 36 27292
5000 37 27292
5001 37 27293
5002 37 27294
5000 38 27294
5001 38 27294
5002 38 27295
5000 39 27297
5001 39 27298
5002 39 27298
5000 40 27300
5001 40 27301
5002 40 27304
5000 41 27305
5001 41 27306
5002 41 27307
5000 42 27312
5001 42 27312
5002 42 27317
5000 43 27317
5001 43 27317
5002 43 27320
5000 44 27322
5002 44 27322
5000 45 27322
5002 45 27324
5000 46 27327
5002 46 27328
5000 47 27329
5002 47 27330
5000 48 27333
5002 48 27336
5000 49 27338
5002 49 27339
5000 50 27344
5002 50 27345
5000 51 27351
5002 51 27353
5000 52 27356
5002 52 27360
5000 53 27361
5002 53 27361
5000 54 27362
5002 54 27362
5000 55 27363
5002 55 27367
5000 56 27371
5002 56 27371
5000 57 27372
5002 57 27372
5000 58 27372
5002 58 27372
5000 59 27374
5000 1 27374
5001 1 27374
5002 1 27374
5003 1 27374
5000 2 27374
5001 2 27374
5002 2 27374
5003 2 27374
5000 3 27375
5001 3 27375
5002 3 27375
5003 3 27375
5000 4 27375
5001 4 27376
5002 4 27376
5003 4 27376
5000 5 27376
5001 5 27376
5002 5 27376
5003 5 27376
5000 6 27376
5001 6 27376
5002 6 27376
5003 6 27376
5000 7 27376
5001 7 27376
5002 7 27376
5003 7 27377
5000 8 27377
5001 8 27378
5002 8 27379
5003 8 27381
5000 9 27382
5001 9 27383
5002 9 27383
5003 9 27386
5000 10 27387
5001 10 27387
5002 10 27387
5003 10 27390
5000 11 27390
5001 11 27390
5002 11 27391
5003 11 27396
5000 12 27396
5001 12 27397
5002 12 27397
5003 12 27397
5000 13 27398
5001 13 27399
5002 13 27399
5003 13 27399
5000 14 27400
5001 14 27401
5002 14 27402
5003 14 27402
5000 15 27404
5001 15 27404
5002 15 27404
5003 15 27404
5000 16 27406
5001 16 27406
5002 16 27406
5003 16 27408
5000 17 27410
5001 17 27410
5002 17 27411
5003 17 27411
5000 18 27412
5001 18 27413
5002 18 27414
5003 18 27416
5000 19 27419
5001 19 27419
5002 19 27419
5003 19 27420
5000 20 27420
5001 20 27421
5002 20 27421
5003 20 27423
5000 21 27424
5001 21 27427
5002 21 27428
5003 21 27430
5000 22 27430
5001 22 27432
5002 22 27433
5003 22 27438
5000 23 27439
5001 23 27441
5002 23 27443
5003 23 27446
5000 24 27446
5001 24 27446
5002 24 27446
5003 24 27449
5000 25 27449
5001 25 27449
5002 25 27450
5003 25 27452
5000 26 27453
5001 26 27453
5002 26 27454
5003 26 27455
5000 27 27455
5001 27 27456
5002 27 27457
5003 27 27458
5000 28 27458
5001 28 27458
5002 28 27459
5003 28 27459
5000 29 27462
5001 29 27463
5002 29 27463
5003 29 27463
5000 30 27464
5001 30 27466
5002 30 27466
5003 30 27466
5000 31 27468
5001 31 27468
5002 31 27468
5003 31 27471
5000 32 27471
5001 32 27472
5002 32 27472
5003 32 27474
5000 33 27475
5001 33 27476
5002 33 27477
5003 33 27480
5000 34 27480
5001 34 27480
5002 34 27481
5003 34 27484
5000 35 27485
5001 35 27485
5002 35 27487
5003 35 27488
5000 36 27489
5001 36 27489
5002 36 27489
5003 36 27490
5000 37 27490
5001 37 27490
5002 37 27490
5003 37 27493
5000 38 27493
5001 38 27494
5002 38 27494
5003 38 27497
5001 39 27498
5002 39 27498
5003 39 27499
5001 40 27499
5002 40 27499
5003 40 27500
5001 41 27500
5002 41 27500
5003 41 27500
5001 42 27501
5003 42 27502
5001 43 27504
5003 43 27506
5001 44 27507
5003 44 27508
5001 45 27509
5003 45 27510
5001 46 27510
5003 46 27512
5001 47 27514
5003 47 27517
5001 48 27519
5003 48 27523
5001 49 27523
5003 49 27527
5001 50 27527
5003 50 27529
5001 51 27529
5003 51 27534
5000 1 27534
5001 1 27534
5002 1 27534
5003 1 27534
5000 2 27534
5001 2 27534
5002 2 27534
5003 2 27534
5000 3 27534
5001 3 27534
5002 3 27534
5003 3 27534
5000 4 27534
5001 4 27534
5002 4 27534
5003 4 27534
5000 5 27534
5001 5 27534
5002 5 27534
5003 5 27534
5000 6 27534
5001 6 27534
5002 6 27534
5003 6 27534
5000 7 27534
5001 7 27534
5002 7 27534
5003 7 27534
5000 8 27536
5001 8 27536
5002 8 27536
5003 8 27537
5000 9 27538
5001 9 27538
5002 9 27538
5003 9 27538
5000 10 27538
5001 10 27538
5002 10 27538
5003 10 27539
5000 11 27539
5001 11 27539
5002 11 27539
5003 11 27539
5000 12 27539
5001 12 27539
5002 12 27539
5003 12 27539
5000 13 27539
5001 13 27539
5002 13 27539
5003 13 27539
5000 14 27541
5001 14 27541
5002 14 27541
5003 14 27541
5000 15 27544
5001 15 27544
5002 15 27545
5003 15 27545
5000 16 27547
5001 16 27547
5002 16 27548
5003 16 27548
5000 17 27550
5001 17 27550
5002 17 27550
5003 17 27550
5000 18 27551
5001 18 27551
5002 18 27553
5003 18 27553
5000 19 27553
5001 19 27554
5002 19 27555
5003 19 27555
5000 20 27556
5001 20 27559
5002 20 27559
5003 20 27559
5000 21 27560
5001 21 27562
5002 21 27562
5003 21 27562
5000 22 27563
5001 22 27564
5002 22 27565
5003 22 27565
5000 23 27565
5001 23 27566
5002 23 27567
5003 23 27567
5000 24 27567
5001 24 27570
5002 24 27570
5003 24 27570
5000 25 27570
5001 25 27571
5002 25 27571
5003 25 27571
5000 26 27574
5001 26 27574
5002 26 27574
5003 26 27574
5000 27 27578
5001 27 27578
5002 27 27578
5003 27 27578
5000 28 27579
5001 28 27579
5002 28 27579
5003 28 27580
5000 29 27582
5001 29 27582
5002 29 27582
5003 29 27582
5000 30 27585
5001 30 27585
5003 30 27586
5000 31 27588
5001 31 27590
5003 31 27591
5000 32 27593
5001 32 27596
5003 32 27596
5000 33 27598
5001 33 27601
5003 33 27601
5000 34 27602
5001 34 27607
5000 35 27607
5001 35 27609
5000 36 27609
5001 36 27610
5000 37 27610
5001 37 27611
5000 38 27611
5001 38 27613
5000 39 27613
5001 39 27614
5000 40 27615
5001 40 27616
5000 41 27618
5001 41 27622
5000 42 27623
5001 42 27631
5000 1 27631
5001 1 27631
5002 1 27631
5003 1 27631
5000 2 27631
5001 2 27631
5002 2 27631
5003 2 27631
5000 3 27631
5001 3 27631
5002 3 27631
5003 3 27631
5000 4 27631
5001 4 27631
5002 4 27631
5003 4 27631
5000 5 27631
5001 5 27631
5002 5 27632
5003 5 27632
5000 6 27633
5001 6 27634
5002 6 27634
5003 6 27634
5000 7 27634
5001 7 27634
5002 7 27634
5003 7 27634
5000 8 27634
5001 8 27634
5002 8 27634
5003 8 27635
5000 9 27639
5001 9 27639
5002 9 27639
5003 9 27641
5000 10 27641
5001 10 27643
5002 10 27643
5003 10 27643
5000 11 27643
5001 11 27644
5002 11 27644
5003 11 27645
5000 12 27647
5001 12 27648
5002 12 27648
5003 12 27650
5000 13 27653
5001 13 27655
5002 13 27655
5003 13 27656
5000 14 27657
5001 14 27658
5002 14 27658
5003 14 27659
5000 15 27664
5001 15 27665
5002 15 27665
5003 15 27665
5000 16 27666
5001 16 27668
5002 16 27670
5003 16 27670
5000 17 27671
5001 17 27673
5002 17 27673
5003 17 27673
5000 18 27673
5001 18 27674
5002 18 27675
5003 18 27675
5000 19 27675
5001 19 27676
5002 19 27676
5003 19 27677
5000 20 27677
5001 20 27680
5002 20 27680
5003 20 27680
5000 21 27680
5001 21 27682
5002 21 27684
5003 21 27684
5000 22 27685
5001 22 27686
5002 22 27686
5003 22 27688
5000 23 27688
5001 23 27690
5002 23 27691
5003 23 27691
5000 24 27691
5001 24 27693
5002 24 27693
5003 24 27693
5000 25 27693
5001 25 27696
5002 25 27696
5003 25 27696
5000 26 27696
5001 26 27701
5003 26 27701
5000 27 27702
5001 27 27706
5003 27 27707
5000 28 27707
5001 28 27711
5003 28 27712
5001 29 27717
5003 29 27718
5001 30 27722
5003 30 27722
5001 31 27724
5003 31 27725
5001 32 27726
5003 32 27727
5001 33 27728
5003 33 27729
5001 34 27732
5003 34 27732
5001 35 27736
5000 1 27736
5001 1 27736
5002 1 27736
5003 1 27736
5000 2 27736
5001 2 27736
5002 2 27736
5003 2 27736
5000 3 27736
5001 3 27737
5002 3 27737
5003 3 27737
5000 4 27737
5001 4 27737
5002 4 27737
5003 4 27737
5000 5 27738
5001 5 27738
5002 5 27738
5003 5 27739
5000 6 27739
5001 6 27740
5002 6 27740
5003 6 27740
5000 7 27740
5001 7 27740
5002 7 27741
5003 7 27742
5000 8 27742
5001 8 27743
5002 8 27744
5003 8 27746
5000 9 27746
5001 9 27746
5002 9 27746
5003 9 27747
5000 10 27747
5001 10 27747
5002 10 27748
5003 10 27749
5000 11 27749
5001 11 27749
5002 11 27749
5003 11 27750
5000 12 27751
5001 12 27751
5002 12 27752
5003 12 27753
5000 13 27753
5001 13 27753
5002 13 27757
5003 13 27757
5000 14 27757
5001 14 27757
5002 14 27759
5003 14 27760
5000 15 27762
5001 15 27762
5002 15 27766
5003 15 27768
5000 16 27770
5002 16 27772
5003 16 27773
5000 17 27774
5002 17 27775
5003 17 27777
5000 18 27779
5002 18 27780
5003 18 27780
5000 19 27781
5002 19 27781
5003 19 27781
5000 20 27781
5002 20 27782
5003 20 27782
5000 21 27784
5002 21 27787
5003 21 27788
5000 22 27790
5002 22 27790
5000 23 27791
5002 23 27792
5000 24 27794
5002 24 27799
5000 25 27801
5002 25 27803
5000 26 27806
5002 26 27810
5000 27 27811
5002 27 27814
5000 28 27814
5002 28 27817
5000 29 27817
5002 29 27821
5000 30 27822
5002 30 27826
5000 31 27828
5002 31 27830
5000 32 27832
5002 32 27832
5000 33 27835
5002 33 27837
5000 34 27839
5002 34 27840
5000 35 27843
5002 35 27845
5000 36 27847
5002 36 27848
5000 37 27849
5002 37 27849
5000 38 27852
5002 38 27852
5000 39 27852
5002 39 27854
5000 40 27854
5002 40 27858
5000 41 27859
5002 41 27862
5000 42 27862
5002 42 27865
5000 43 27867
5002 43 27871
5000 44 27872
5002 44 27875
5000 45 27875
5002 45 27879
5002 46 27882
5000 1 27882
5001 1 27882
5002 1 27882
5003 1 27882
5000 2 27882
5001 2 27882
5002 2 27882
5003 2 27882
5000 3 27882
5001 3 27882
5002 3 27882
5003 3 27884
5000 4 27884
5001 4 27884
5002 4 27884
5003 4 27884
5000 5 27884
5001 5 27884
5002 5 27884
5003 5 27885
5000 6 27885
5001 6 27885
5002 6 27885
5003 6 27886
5000 7 27886
5001 7 27886
5002 7 27887
5003 7 27887
5000 8 27888
5001 8 27888
5002 8 27888
5003 8 27891
5000 9 27892
5001 9 27892
5002 9 27893
5003 9 27897
5000 10 27898
5001 10 27899
5002 10 27900
5003 10 27902
5000 11 27903
5001 11 27903
5002 11 27903
5003 11 27907
5000 12 27908
5001 12 27908
5002 12 27909
5003 12 27909
5000 13 27910
5001 13 27910
5002 13 27913
5003 13 27913
5000 14 27914
5001 14 27915
5002 14 27918
5003 14 27919
5000 15 27920
5001 15 27920
5002 15 27924
5003 15 27925
5000 16 27925
5001 16 27925
5002 16 27927
5003 16 27929
5000 17 27930
5001 17 27930
5002 17 27930
5003 17 27931
5000 18 27931
5001 18 27933
5002 18 27933
5003 18 27933
5000 19 27934
5001 19 27935
5002 19 27935
5003 19 27935
5000 20 27935
5001 20 27935
5002 20 27935
5003 20 27937
5000 21 27938
5001 21 27938
5002 21 27938
5003 21 27940
5000 22 27941
5001 22 27942
5002 22 27943
5003 22 27944
5000 23 27944
5001 23 27946
5002 23 27946
5003 23 27949
5000 24 27951
5001 24 27951
5002 24 27951
5003 24 27952
5000 25 27954
5001 25 27954
5002 25 27954
5003 25 27954
5000 26 27955
5001 26 27955
5002 26 27957
5003 26 27957
5000 27 27958
5001 27 27958
5002 27 27958
5003 27 27960
5000 28 27961
5001 28 27962
5002 28 27963
5003 28 27963
5000 29 27965
5001 29 27965
5002 29 27972
5003 29 27972
5000 30 27973
5002 30 27974
5003 30 27978
5000 31 27978
5002 31 27981
5003 31 27981
5000 32 27981
5002 32 27983
5003 32 27983
5000 33 27985
5002 33 27987
5003 33 27988
5000 34 27990
5002 34 27992
5003 34 27992
5000 35 27992
5002 35 27993
5003 35 27997
5000 36 27997
5002 36 27997
5003 36 27997
5000 37 27997
5002 37 27999
5003 37 27999
5000 38 28002
5002 38 28005
5003 38 28005
5000 39 28006
5002 39 28008
5000 40 28008
5002 40 28011
5000 41 28011
5002 41 28015
5000 42 28015
5002 42 28018
5000 43 28018
5002 43 28022
5000 44 28023
5002 44 28028
5000 45 28029
5002 45 28031
5000 46 28031
5002 46 28033
5000 47 28033
5002 47 28035
5000 1 28035
5001 1 28035
5002 1 28035
5003 1 28035
5000 2 28035
5001 2 28035
5002 2 28035
5003 2 28035
5000 3 28035
5001 3 28035
5002 3 28035
5003 3 28035
5000 4 28035
5001 4 28035
5002 4 28035
5003 4 28035
5000 5 28035
5001 5 28035
5002 5 28035
5003 5 28035
5000 6 28036
5001 6 28039
5002 6 28039
5003 6 28039
5000 7 28039
5001 7 28043
5002 7 28043
5003 7 28044
5000 8 28046
5001 8 28047
5002 8 28047
5003 8 28048
5000 9 28049
5001 9 28051
5002 9 28053
5003 9 28054
5000 10 28055
5001 10 28056
5002 10 28056
5003 10 28057
5000 11 28057
5001 11 28059
5002 11 28059
5003 11 28060
5000 12 28061
5001 12 28064
5002 12 28066
5003 12 28067
5000 13 28068
5001 13 28069
5002 13 28070
5003 13 28071
5000 14 28071
5001 14 28071
5002 14 28072
5003 14 28077
5000 15 28077
5001 15 28077
5002 15 28077
5003 15 28077
5000 16 28079
5001 16 28080
5002 16 28080
5003 16 28080
5000 17 28081
5001 17 28082
5002 17 28084
5003 17 28084
5000 18 28085
5001 18 28085
5002 18 28087
5003 18 28087
5000 19 28087
5001 19 28088
5002 19 28089
5003 19 28089
5000 20 28089
5001 20 28090
5002 20 28091
5003 20 28091
5000 21 28091
5001 21 28093
5002 21 28094
5003 21 28095
5000 22 28095
5001 22 28096
5002 22 28097
5003 22 28097
5000 23 28097
5001 23 28097
5002 23 28100
5003 23 28100
5000 24 28101
5001 24 28101
5002 24 28104
5003 24 28106
5000 25 28108
5001 25 28108
5002 25 28109
5003 25 28111
5000 26 28111
5001 26 28114
5002 26 28116
5003 26 28116
5000 27 28116
5001 27 28116
5002 27 28118
5003 27 28119
5000 28 28119
5001 28 28120
5002 28 28121
5003 28 28122
5000 29 28122
5001 29 28122
5002 29 28123
5003 29 28125
5000 30 28127
5001 30 28127
5002 30 28131
5003 30 28133
5000 31 28134
5001 31 28134
5002 31 28134
5003 31 28134
5000 32 28135
5001 32 28135
5002 32 28136
5003 32 28136
5000 33 28137
5001 33 28138
5002 33 28139
5003 33 28141
5000 34 28141
5001 34 28141
5002 34 28142
5003 34 28143
5000 35 28143
5001 35 28143
5002 35 28143
5003 35 28143
5000 36 28143
5001 36 28143
5002 36 28143
5003 36 28144
5000 37 28145
5001 37 28145
5002 37 28145
5003 37 28147
5000 38 28148
5001 38 28148
5002 38 28150
5003 38 28153
5000 39 28154
5001 39 28154
5002 39 28154
5003 39 28155
5000 40 28155
5001 40 28155
5002 40 28155
5003 40 28156
5000 41 28158
5001 41 28158
5002 41 28159
5003 41 28160
5000 42 28161
5001 42 28161
5002 42 28161
5003 42 28163
5000 43 28165
5001 43 28165
5002 43 28165
5003 43 28166
5000 44 28169
5001 44 28169
5002 44 28169
5003 44 28169
5000 45 28171
5001 45 28171
5002 45 28174
5003 45 28174
5000 46 28174
5001 46 28175
5002 46 28175
5003 46 28176
5000 47 28178
5001 47 28178
5002 47 28178
5003 47 28178
5000 48 28182
5001 48 28184
5002 48 28184
5003 48 28185
5000 49 28185
5001 49 28186
5002 49 28186
5003 49 28188
5000 50 28188
5001 50 28192
5002 50 28192
5003 50 28193
5000 51 28193
5001 51 28194
5002 51 28194
5003 51 28194
5000 52 28194
5001 52 28194
5002 52 28194
5003 52 28195
5000 53 28196
5001 53 28196
5002 53 28197
5003 53 28197
5000 54 28198
5001 54 28198
5002 54 28199
5003 54 28200
5000 55 28203
5001 55 28206
5002 55 28207
5003 55 28209
5000 56 28215
5001 56 28217
5002 56 28217
5003 56 28219
5000 57 28220
5001 57 28223
5002 57 28223
5003 57 28223
5000 58 28226
5001 58 28227
5002 58 28229
5003 58 28231
5000 59 28233
5001 59 28233
5002 59 28233
5003 59 28234
5000 60 28236
5001 60 28237
5002 60 28237
5003 60 28238
5000 61 28240
5001 61 28245
5003 61 28246
5000 62 28246
5001 62 28247
5003 62 28249
5000 63 28249
5001 63 28249
5003 63 28251
5000 64 28251
5001 64 28253
5003 64 28255
5000 65 28256
5001 65 28258
5003 65 28260
5000 66 28260
5001 66 28260
5003 66 28262
5001 67 28263
5003 67 28264
5001 68 28267
5003 68 28269
5001 69 28270
5003 69 28272
5001 70 28273
5003 70 28276
5001 71 28278
5003 71 28280
5001 72 28281
5003 72 28281
5001 73 28282
5003 73 28284
5001 74 28287
5003 74 28287
5001 75 28288
5003 75 28288
5001 76 28291
5003 76 28291
5001 77 28296
5003 77 28299
5001 78 28300
5003 78 28301
5001 79 28304
5003 79 28305
5001 80 28307
5003 80 28307
5001 81 28308
5003 81 28308
5001 82 28309
5003 82 28310
5001 83 28312
5003 83 28313
5001 84 28315
5003 84 28316
5001 85 28317
5003 85 28318
5001 86 28319
5003 86 28321
5001 87 28325
5003 87 28326
5001 88 28327
5003 88 28327
5001 89 28327
5003 89 28330
5001 90 28330
5003 90 28332
5001 91 28332
5003 91 28334
5001 92 28334
5003 92 28335
5001 93 28335
5003 93 28336
5001 94 28336
5003 94 28336
5001 95 28337
5003 95 28337
5001 96 28337
5003 96 28337
5000 1 28337
5001 1 28337
5002 1 28337
5003 1 28337
5000 2 28337
5001 2 28337
5002 2 28337
5003 2 28337
5000 3 28337
5001 3 28338
5002 3 28338
5003 3 28338
5000 4 28338
5001 4 28338
5002 4 28338
5003 4 28338
5000 5 28338
5001 5 28338
5002 5 28338
5003 5 28338
5000 6 28338
5001 6 28340
5002 6 28340
5003 6 28340
5000 7 28340
5001 7 28340
5002 7 28340
5003 7 28341
5000 8 28341
5001 8 28342
5002 8 28342
5003 8 28342
5000 9 28342
5001 9 28343
5002 9 28343
5003 9 28343
5000 10 28344
5001 10 28345
5002 10 28345
5003 10 28345
5000 11 28345
5001 11 28349
5002 11 28349
5003 11 28351
5000 12 28352
5001 12 28352
5002 12 28354
5003 12 28356
5000 13 28357
5001 13 28357
5002 13 28357
5003 13 28358
5000 14 28358
5001 14 28358
5002 14 28359
5003 14 28359
5000 15 28359
5001 15 28359
5002 15 28360
5003 15 28361
5000 16 28363
5001 16 28363
5002 16 28363
5003 16 28365
5000 17 28368
5001 17 28368
5002 17 28368
5003 17 28371
5000 18 28372
5001 18 28372
5002 18 28372
5003 18 28374
5000 19 28375
5001 19 28375
5002 19 28375
5003 19 28375
5000 20 28377
5001 20 28377
5002 20 28378
5003 20 28378
5000 21 28381
5001 21 28382
5002 21 28382
5003 21 28382
5000 22 28385
5001 22 28386
5002 22 28386
5003 22 28386
5000 23 28389
5001 23 28391
5002 23 28391
5003 23 28392
5000 24 28395
5001 24 28397
5002 24 28399
5003 24 28400
5000 25 28403
5001 25 28405
5002 25 28405
5003 25 28407
5000 26 28409
5001 26 28410
5002 26 28411
5003 26 28413
5000 27 28413
5001 27 28414
5002 27 28415
5003 27 28417
5000 28 28421
5001 28 28422
5002 28 28422
5003 28 28425
5000 29 28428
5001 29 28429
5002 29 28431
5003 29 28432
5000 30 28432
5001 30 28432
5002 30 28434
5003 30 28436
5000 31 28438
5001 31 28438
5002 31 28439
5003 31 28441
5000 32 28441
5001 32 28442
5002 32 28442
5003 32 28444
5000 33 28444
5001 33 28445
5002 33 28445
5003 33 28447
5000 34 28447
5001 34 28448
5002 34 28448
5003 34 28450
5000 35 28450
5001 35 28450
5002 35 28451
5003 35 28451
5000 36 28452
5001 36 28452
5002 36 28455
5003 36 28459
5000 37 28460
5001 37 28461
5002 37 28462
5003 37 28467
5000 38 28469
5001 38 28471
5002 38 28471
5003 38 28475
5000 39 28477
5001 39 28481
5002 39 28481
5003 39 28483
5000 40 28486
5001 40 28487
5002 40 28488
5003 40 28489
5000 41 28490
5001 41 28490
5002 41 28493
5003 41 28494
5000 42 28494
5001 42 28494
5002 42 28495
5003 42 28497
5000 43 28498
5001 43 28499
5002 43 28499
5003 43 28499
5000 44 28502
5001 44 28503
5002 44 28506
5003 44 28508
5000 45 28511
5001 45 28511
5002 45 28514
5003 45 28514
5000 46 28515
5001 46 28515
5002 46 28516
5003 46 28516
5000 47 28517
5001 47 28518
5002 47 28521
5003 47 28521
5000 48 28521
5001 48 28522
5002 48 28531
5003 48 28531
5000 49 28531
5001 49 28532
5002 49 28534
5000 50 28535
5001 50 28537
5002 50 28537
5000 51 28537
5001 51 28538
5002 51 28540
5000 52 28540
5002 52 28541
5000 53 28541
5002 53 28542
5000 54 28543
5002 54 28543
5000 55 28543
5002 55 28543
5000 56 28543
5002 56 28543
5000 57 28543
5002 57 28544
5000 58 28546
5002 58 28547
5000 59 28548
5002 59 28550
5000 1 28550
5001 1 28550
5002 1 28550
5003 1 28550
5000 2 28550
5001 2 28550
5002 2 28550
5003 2 28550
5000 3 28550
5001 3 28550
5002 3 28550
5003 3 28550
5000 4 28550
5001 4 28551
5002 4 28551
5003 4 28551
5000 5 28551
5001 5 28551
5002 5 28551
5003 5 28552
5000 6 28553
5001 6 28556
5002 6 28556
5003 6 28556
5000 7 28556
5001 7 28556
5002 7 28557
5003 7 28558
5000 8 28558
5001 8 28558
5002 8 28558
5003 8 28558
5000 9 28559
5001 9 28560
5002 9 28560
5003 9 28560
5000 10 28560
5001 10 28561
5002 10 28561
5003 10 28563
5000 11 28563
5001 11 28564
5002 11 28564
5003 11 28564
5000 12 28565
5001 12 28566
5002 12 28566
5003 12 28567
5000 13 28570
5001 13 28571
5002 13 28571
5003 13 28572
5000 14 28572
5001 14 28572
5002 14 28573
5003 14 28574
5000 15 28574
5001 15 28574
5002 15 28574
5003 15 28574
5000 16 28574
5001 16 28575
5002 16 28576
5003 16 28577
5000 17 28578
5001 17 28580
5003 17 28582
5000 18 28583
5001 18 28584
5003 18 28585
5000 19 28586
5001 19 28586
5003 19 28588
5000 20 28588
5001 20 28588
5003 20 28588
5000 21 28589
5001 21 28589
5003 21 28589
5000 22 28591
5001 22 28591
5003 22 28591
5000 23 28591
5001 23 28594
5003 23 28594
5000 24 28595
5001 24 28598
5003 24 28599
5000 25 28599
5001 25 28600
5003 25 28600
5000 26 28600
5001 26 28602
5003 26 28603
5000 27 28605
5001 27 28607
5003 27 28608
5000 28 28609
5001 28 28609
5003 28 28610
5000 29 28611
5001 29 28611
5003 29 28614
5000 30 28614
5001 30 28615
5003 30 28615
5000 31 28615
5001 31 28617
5003 31 28618
5000 32 28618
5001 32 28620
5003 32 28620
5000 33 28621
5001 33 28621
5003 33 28622
5000 34 28624
5001 34 28624
5003 34 28624
5000 35 28627
5001 35 28627
5003 35 28627
5000 36 28629
5003 36 28629
5000 37 28629
5003 37 28629
5000 38 28629
5003 38 28629
5000 39 28630
5003 39 28631
5000 40 28632
5003 40 28633
5000 1 28633
5001 1 28633
5002 1 28633
5003 1 28633
5000 2 28633
5001 2 28633
5002 2 28633
5003 2 28633
5000 3 28633
5001 3 28633
5002 3 28633
5003 3 28633
5000 4 28633
5001 4 28633
5002 4 28633
5003 4 28633
5000 5 28633
5001 5 28633
5002 5 28633
5003 5 28633
5000 6 28633
5001 6 28633
5002 6 28633
5003 6 28633
5000 7 28633
5001 7 28634
5002 7 28634
5003 7 28638
5000 8 28638
5001 8 28638
5002 8 28639
5003 8 28643
5000 9 28643
5001 9 28645
5002 9 28646
5003 9 28648
5000 10 28648
5001 10 28649
5002 10 28650
5003 10 28653
5000 11 28654
5001 11 28655
5002 11 28656
5003 11 28659
5000 12 28660
5001 12 28663
5002 12 28663
5003 12 28666
5000 13 28667
5001 13 28667
5002 13 28668
5003 13 28669
5000 14 28670
5001 14 28670
5002 14 28670
5003 14 28671
5000 15 28673
5001 15 28675
5002 15 28675
5003 15 28678
5000 16 28681
5001 16 28681
5002 16 28681
5003 16 28685
5000 17 28686
5001 17 28687
5002 17 28688
5003 17 28690
5000 18 28691
5001 18 28692
5002 18 28693
5003 18 28696
5000 19 28697
5001 19 28697
5002 19 28698
5003 19 28700
5000 20 28700
5001 20 28700
5002 20 28701
5003 20 28703
5000 21 28703
5001 21 28703
5002 21 28705
5003 21 28707
5000 22 28707
5001 22 28707
5002 22 28710
5003 22 28711
5000 23 28713
5001 23 28714
5002 23 28717
5003 23 28717
5000 24 28719
5001 24 28719
5002 24 28720
5003 24 28721
5000 25 28722
5001 25 28722
5002 25 28724
5003 25 28725
5000 26 28725
5001 26 28725
5002 26 28725
5003 26 28726
5000 27 28726
5001 27 28727
5002 27 28727
5003 27 28727
5000 28 28727
5001 28 28727
5002 28 28728
5003 28 28731
5000 29 28732
5001 29 28733
5002 29 28734
5003 29 28734
5000 30 28735
5001 30 28741
5002 30 28744
5003 30 28744
5000 31 28745
5001 31 28748
5002 31 28753
5003 31 28754
5000 32 28754
5001 32 28755
5002 32 28756
5003 32 28757
5000 33 28757
5001 33 28757
5002 33 28761
5003 33 28761
5000 34 28762
5001 34 28762
5002 34 28767
5000 35 28767
5001 35 28767
5002 35 28771
5000 36 28772
5001 36 28772
5002 36 28775
5000 37 28775
5001 37 28775
5002 37 28776
5000 38 28777
5002 38 28780
5000 39 28783
5002 39 28785
5000 40 28786
5002 40 28787
5000 41 28790
5002 41 28793
5000 42 28793
5002 42 28797
5000 43 28798
5002 43 28802
5000 44 28802
5002 44 28803
5000 45 28803
5002 45 28803
5000 46 28803
5002 46 28804
5000 1 28804
5001 1 28804
5002 1 28804
5003 1 28804
5000 2 28804
5001 2 28804
5002 2 28804
5003 2 28804
5000 3 28804
5001 3 28804
5002 3 28806
5003 3 28806
5000 4 28807
5001 4 28807
5002 4 28807
5003 4 28808
5000 5 28808
5001 5 28808
5002 5 28808
5003 5 28811
5000 6 28811
5001 6 28812
5002 6 28812
5003 6 28812
5000 7 28812
5001 7 28812
5002 7 28813
5003 7 28813
5000 8 28814
5001 8 28814
5002 8 28814
5003 8 28814
5000 9 28815
5001 9 28817
5002 9 28817
5003 9 28818
5000 10 28818
5001 10 28819
5002 10 28820
5003 10 28821
5000 11 28821
5001 11 28824
5002 11 28826
5003 11 28828
5000 12 28829
5001 12 28835
5002 12 28838
5003 12 28840
5000 13 28840
5001 13 28841
5002 13 28841
5003 13 28843
5000 14 28844
5001 14 28845
5002 14 28845
5003 14 28846
5000 15 28846
5001 15 28846
5002 15 28846
5003 15 28846
5000 16 28846
5001 16 28846
5003 16 28847
5000 17 28847
5001 17 28847
5003 17 28847
5000 18 28848
5001 18 28848
5003 18 28848
5000 19 28849
5001 19 28850
5003 19 28852
5000 20 28853
5001 20 28855
5003 20 28857
5000 21 28858
5001 21 28861
5003 21 28863
5000 22 28864
5001 22 28865
5003 22 28868
5000 23 28869
5001 23 28869
5003 23 28871
5000 24 28871
5001 24 28871
5003 24 28874
5001 25 28874
5003 25 28876
5001 26 28876
5003 26 28877
5001 27 28877
5003 27 28878
5001 28 28878
5003 28 28878
5001 29 28878
5003 29 28880
5001 30 28882
5003 30 28885
5001 31 28885
5003 31 28888
5001 32 28888
5003 32 28889
5001 33 28890
5003 33 28893
5001 34 28895
5003 34 28896
5001 35 28899
5003 35 28904
5001 36 28909
5003 36 28909
5001 37 28914
5003 37 28915
5001 38 28919
5003 38 28921
5001 39 28924
5003 39 28925
5001 40 28927
5003 40 28931
5001 41 28933
5003 41 28933
5001 42 28933
5003 42 28936
5001 43 28936
5003 43 28939
5001 44 28939
5003 44 28940
5001 45 28940
5003 45 28941
5001 46 28941
5003 46 28942
5001 47 28942
5003 47 28942
5001 48 28942
5003 48 28942
5001 49 28942
5003 49 28944
5000 1 28944
5001 1 28944
5002 1 28944
5003 1 28944
5000 2 28944
5001 2 28944
5002 2 28944
5003 2 28944
5000 3 28945
5001 3 28945
5002 3 28945
5003 3 28945
5000 4 28945
5001 4 28945
5002 4 28945
5003 4 28945
5000 5 28945
5001 5 28945
5002 5 28945
5003 5 28946
5000 6 28946
5001 6 28946
5002 6 28946
5003 6 28947
5000 7 28947
5001 7 28947
5002 7 28947
5003 7 28948
5000 8 28949
5001 8 28950
5002 8 28950
5003 8 28951
5000 9 28951
5001 9 28951
5002 9 28951
5003 9 28954
5000 10 28954
5001 10 28955
5002 10 28956
5003 10 28959
5000 11 28959
5001 11 28959
5002 11 28961
5003 11 28963
5000 12 28963
5001 12 28963
5002 12 28964
5003 12 28964
5000 13 28965
5001 13 28966
5002 13 28969
5003 13 28971
5000 14 28972
5001 14 28973
5002 14 28975
5003 14 28976
5000 15 28976
5001 15 28976
5002 15 28977
5003 15 28978
5000 16 28979
5001 16 28979
5002 16 28981
5003 16 28981
5000 17 28983
5001 17 28983
5002 17 28984
5003 17 28984
5000 18 28986
5001 18 28986
5002 18 28988
5003 18 28989
5000 19 28993
5001 19 28993
5002 19 28994
5003 19 28994
5000 20 28995
5001 20 28995
5002 20 28997
5003 20 28997
5000 21 28997
5001 21 28997
5002 21 28997
5003 21 28999
5000 22 29000
5001 22 29001
5002 22 29002
5003 22 29002
5000 23 29003
5001 23 29003
5002 23 29003
5003 23 29003
5000 24 29003
5001 24 29003
5002 24 29006
5003 24 29006
5000 25 29007
5001 25 29007
5002 25 29007
5000 26 29008
5002 26 29010
5000 27 29010
5002 27 29011
5000 28 29011
5002 28 29012
5000 29 29016
5002 29 29017
5000 30 29020
5002 30 29023
5000 31 29025
5002 31 29028
5000 32 29029
5002 32 29031
5000 1 29031
5001 1 29031
5002 1 29031
5003 1 29031
5000 2 29031
5001 2 29032
5002 2 29032
5003 2 29032
5000 3 29032
5001 3 29032
5002 3 29032
5003 3 29032
5000 4 29032
5001 4 29032
5002 4 29032
5003 4 29032
5000 5 29032
5001 5 29032
5002 5 29032
5003 5 29033
5000 6 29033
5001 6 29033
5002 6 29033
5003 6 29034
5000 7 29034
5001 7 29035
5002 7 29035
5003 7 29035
5000 8 29035
5001 8 29036
5002 8 29036
5003 8 29036
5000 9 29036
5001 9 29036
5002 9 29036
5003 9 29036
5000 10 29036
5001 10 29036
5002 10 29036
5003 10 29037
5000 11 29040
5001 11 29040
5002 11 29040
5003 11 29043
5000 12 29045
5001 12 29045
5002 12 29045
5003 12 29048
5000 13 29049
5001 13 29049
5002 13 29050
5003 13 29052
5000 14 29055
5001 14 29056
5002 14 29056
5003 14 29058
5000 15 29058
5001 15 29059
5002 15 29060
5003 15 29060
5000 16 29062
5001 16 29063
5002 16 29063
5003 16 29064
5000 17 29064
5001 17 29064
5002 17 29064
5003 17 29064
5000 18 29065
5001 18 29065
5002 18 29066
5003 18 29066
5000 19 29067
5001 19 29067
5002 19 29067
5003 19 29067
5000 20 29067
5001 20 29068
5002 20 29069
5003 20 29071
5000 21 29072
5001 21 29073
5002 21 29074
5003 21 29075
5000 22 29075
5001 22 29076
5002 22 29079
5000 23 29079
5001 23 29082
5002 23 29083
5000 24 29083
5001 24 29085
5002 24 29086
5000 25 29086
5001 25 29088
5002 25 29090
5000 26 29091
5001 26 29093
5002 26 29097
5000 27 29097
5001 27 29100
5002 27 29102
5000 28 29102
5001 28 29104
5002 28 29106
5000 29 29108
5001 29 29108
5002 29 29109
5000 30 29109
5001 30 29109
5002 30 29109
5000 31 29109
5001 31 29113
5002 31 29114
5000 32 29114
5001 32 29116
5002 32 29116
5000 33 29118
5001 33 29120
5002 33 29120
5000 34 29120
5001 34 29123
5002 34 29123
5000 35 29123
5001 35 29127
5002 35 29127
5000 36 29127
5001 36 29128
5002 36 29128
5000 37 29128
5001 37 29128
5002 37 29131
5000 38 29131
5001 38 29132
5002 38 29133
5000 39 29134
5001 39 29136
5002 39 29137
5000 40 29137
5001 40 29140
5002 40 29141
5000 41 29141
5001 41 29143
5002 41 29145
5000 42 29146
5001 42 29148
5002 42 29151
5000 43 29151
5001 43 29152
5002 43 29155
5000 44 29155
5001 44 29158
5002 44 29160
5000 45 29161
5001 45 29164
5002 45 29165
5000 46 29165
5001 46 29165
5002 46 29166
5000 47 29166
5001 47 29166
5002 47 29168
5000 48 29168
5001 48 29168
5002 48 29169
5000 49 29169
5001 49 29169
5002 49 29170
5000 50 29170
5001 50 29170
5002 50 29172
5000 51 29172
5001 51 29174
5002 51 29178
5000 52 29178
5001 52 29182
5002 52 29185
5001 53 29190
5002 53 29192
5001 54 29195
5002 54 29197
5001 55 29201
5002 55 29203
5001 56 29206
5002 56 29208
5001 57 29209
5002 57 29211
5001 58 29211
5002 58 29213
5001 59 29214
5002 59 29216
5001 60 29217
5002 60 29219
5001 61 29219
5002 61 29223
5001 62 29226
5002 62 29226
5001 63 29226
5002 63 29229
5001 64 29229
5002 64 29232
5001 65 29232
5002 65 29233
5001 66 29233
5002 66 29234
5001 67 29236
5002 67 29238
5001 68 29239
5002 68 29239
5001 69 29241
5002 69 29241
5001 70 29244
5002 70 29248
5001 71 29253
5002 71 29255
5001 72 29261
5002 72 29261
5000 1 29261
5001 1 29261
5002 1 29261
5003 1 29261
5000 2 29261
5001 2 29261
5002 2 29261
5003 2 29261
5000 3 29261
5001 3 29261
5002 3 29261
5003 3 29261
5000 4 29261
5001 4 29261
5002 4 29261
5003 4 29261
5000 5 29261
5001 5 29261
5002 5 29262
5003 5 29262
5000 6 29266
5001 6 29266
5002 6 29266
5003 6 29266
5000 7 29268
5001 7 29268
5002 7 29268
5003 7 29269
5000 8 29272
5001 8 29273
5002 8 29274
5003 8 29274
5000 9 29275
5001 9 29275
5002 9 29276
5003 9 29277
5000 10 29278
5001 10 29279
5002 10 29280
5003 10 29283
5000 11 29287
5001 11 29287
5002 11 29292
5003 11 29292
5000 12 29293
5001 12 29293
5002 12 29293
5003 12 29293
5000 13 29293
5001 13 29293
5002 13 29295
5003 13 29297
5000 14 29298
5001 14 29299
5002 14 29299
5003 14 29300
5000 15 29301
5001 15 29301
5002 15 29302
5003 15 29302
5000 16 29302
5001 16 29304
5002 16 29305
5003 16 29305
5000 17 29306
5001 17 29306
5002 17 29307
5003 17 29309
5000 18 29309
5001 18 29310
5002 18 29311
5003 18 29312
5000 19 29312
5001 19 29312
5002 19 29313
5003 19 29313
5000 20 29313
5001 20 29313
5002 20 29315
5003 20 29315
5000 21 29318
5001 21 29319
5002 21 29319
5003 21 29319
5000 22 29320
5001 22 29323
5002 22 29325
5003 22 29325
5000 23 29326
5001 23 29326
5002 23 29328
5003 23 29328
5000 24 29328
5001 24 29328
5002 24 29330
5003 24 29330
5000 25 29331
5001 25 29332
5002 25 29332
5003 25 29332
5000 26 29332
5001 26 29333
5002 26 29335
5003 26 29336
5000 27 29337
5001 27 29337
5002 27 29339
5003 27 29339
5000 28 29339
5001 28 29339
5002 28 29340
5003 28 29340
5000 29 29340
5001 29 29341
5002 29 29343
5003 29 29343
5000 30 29343
5001 30 29343
5002 30 29345
5003 30 29345
5000 31 29345
5001 31 29346
5002 31 29350
5000 32 29350
5001 32 29350
5002 32 29352
5000 33 29352
5001 33 29352
5002 33 29353
5000 34 29353
5001 34 29353
5002 34 29355
5000 35 29356
5001 35 29356
5002 35 29357
5000 36 29359
5001 36 29359
5002 36 29359
5000 37 29365
5002 37 29368
5000 38 29370
5002 38 29371
5000 39 29372
5002 39 29375
5000 40 29376
5002 40 29377
5000 41 29378
5002 41 29382
5000 42 29382
5002 42 29384
5000 43 29384
5002 43 29384
5000 44 29384
5002 44 29385
5000 45 29386
5002 45 29391
5000 46 29392
5002 46 29397
5000 47 29401
5002 47 29402
5000 48 29402
5002 48 29403
5000 49 29403
5002 49 29404
5000 50 29406
5002 50 29407
5000 51 29408
5002 51 29410
5000 52 29411
5002 52 29412
5000 53 29414
5002 53 29418
5000 54 29419
5002 54 29424
5000 55 29424
5002 55 29428
5000 56 29428
5002 56 29434
5000 57 29434
5002 57 29437
5000 58 29437
5002 58 29438
5000 59 29438
5002 59 29441
5000 60 29442
5002 60 29442
5000 61 29442
5002 61 29442
5000 62 29442
5002 62 29442
5000 63 29442
5002 63 29442
5000 64 29442
5002 64 29443
5000 65 29443
5002 65 29444
5000 1 29444
5001 1 29444
5002 1 29444
5003 1 29444
5000 2 29444
5001 2 29444
5002 2 29444
5003 2 29444
5000 3 29444
5001 3 29445
5002 3 29445
5003 3 29445
5000 4 29445
5001 4 29446
5002 4 29446
5003 4 29447
5000 5 29448
5001 5 29448
5002 5 29448
5003 5 29448
5000 6 29449
5001 6 29450
5002 6 29450
5003 6 29450
5000 7 29450
5001 7 29451
5002 7 29451
5003 7 29451
5000 8 29451
5001 8 29451
5002 8 29451
5003 8 29452
5000 9 29453
5001 9 29454
5002 9 29457
5003 9 29459
5000 10 29459
5001 10 29459
5002 10 29459
5003 10 29459
5000 11 29460
5001 11 29461
5002 11 29462
5003 11 29463
5000 12 29464
5001 12 29465
5002 12 29467
5003 12 29467
5000 13 29469
5001 13 29470
5002 13 29470
5003 13 29470
5000 14 29472
5001 14 29472
5002 14 29473
5003 14 29473
5000 15 29474
5001 15 29474
5002 15 29475
5003 15 29477
5000 16 29480
5001 16 29484
5002 16 29485
5003 16 29485
5000 17 29487
5001 17 29489
5002 17 29490
5003 17 29491
5000 18 29491
5001 18 29491
5002 18 29492
5003 18 29492
5000 19 29493
5001 19 29493
5002 19 29494
5003 19 29494
5000 20 29494
5001 20 29494
5002 20 29494
5003 20 29495
5000 21 29495
5001 21 29495
5002 21 29496
5003 21 29496
5000 22 29496
5001 22 29496
5002 22 29497
5003 22 29499
5000 23 29501
5001 23 29502
5002 23 29503
5003 23 29505
5000 24 29505
5001 24 29507
5002 24 29507
5003 24 29508
5000 25 29508
5001 25 29508
5002 25 29508
5003 25 29508
5000 26 29511
5001 26 29513
5002 26 29515
5003 26 29516
5000 27 29516
5001 27 29517
5002 27 29517
5003 27 29517
5000 28 29518
5001 28 29522
5002 28 29524
5000 29 29524
5001 29 29525
5002 29 29525
5000 30 29526
5001 30 29530
5002 30 29531
5000 31 29532
5001 31 29535
5002 31 29535
5000 32 29536
5001 32 29539
5002 32 29540
5000 33 29544
5001 33 29544
5002 33 29544
5000 34 29546
5001 34 29547
5002 34 29547
5000 35 29549
5001 35 29549
5000 36 29550
5001 36 29550
5000 37 29551
5001 37 29551
5000 38 29552
5001 38 29552
5000 39 29553
5001 39 29555
5000 40 29556
5001 40 29559
5000 41 29559
5001 41 29561
5000 42 29562
5001 42 29564
5000 43 29564
5001 43 29567
5000 44 29567
5001 44 29569
5001 45 29570
5001 46 29570
5001 47 29570
5001 48 29570
5001 49 29570
5001 50 29570
5001 51 29570
5001 52 29570
5001 53 29570
5001 54 29570
5001 55 29570
5001 56 29570
5001 57 29570
5000 1 29570
5001 1 29570
5002 1 29570
5003 1 29570
5000 2 29570
5001 2 29570
5002 2 29570
5003 2 29570
5000 3 29570
5001 3 29572
5002 3 29572
5003 3 29572
5000 4 29572
5001 4 29574
5002 4 29574
5003 4 29574
5000 5 29574
5001 5 29575
5002 5 29575
5003 5 29575
5000 6 29575
5001 6 29576
5002 6 29576
5003 6 29576
5000 7 29576
5001 7 29577
5002 7 29577
5003 7 29578
5000 8 29578
5001 8 29578
5002 8 29578
5003 8 29578
5000 9 29578
5001 9 29578
5002 9 29578
5003 9 29578
5000 10 29579
5001 10 29579
5002 10 29580
5003 10 29580
5000 11 29581
5001 11 29582
5002 11 29582
5003 11 29584
5000 12 29588
5001 12 29588
5002 12 29589
5003 12 29592
5000 13 29596
5001 13 29596
5002 13 29596
5003 13 29597
5000 14 29598
5001 14 29599
5002 14 29602
5003 14 29606
5000 15 29609
5001 15 29609
5002 15 29610
5003 15 29611
5000 16 29611
5001 16 29613
5002 16 29613
5003 16 29613
5000 17 29614
5001 17 29616
5002 17 29616
5003 17 29616
5000 18 29616
5001 18 29616
5002 18 29616
5003 18 29617
5000 19 29617
5001 19 29618
5002 19 29624
5003 19 29628
5000 20 29628
5001 20 29628
5002 20 29630
5003 20 29634
5000 21 29635
5001 21 29635
5002 21 29637
5003 21 29642
5000 22 29642
5002 22 29643
5003 22 29646
5000 23 29648
5002 23 29651
5003 23 29651
5000 24 29651
5002 24 29653
5003 24 29653
5000 25 29654
5002 25 29655
5003 25 29656
5000 26 29656
5002 26 29658
5003 26 29660
5000 27 29660
5002 27 29661
5003 27 29665
5002 28 29668
5003 28 29670
5002 29 29673
5003 29 29673
5002 30 29675
5003 30 29675
5002 31 29675
5003 31 29675
5002 32 29675
5003 32 29675
5002 33 29675
5003 33 29676
5002 34 29678
5003 34 29678
5002 35 29679
5003 35 29682
5002 36 29686
5003 36 29686
5002 37 29689
5003 37 29689
5000 1 29689
5001 1 29689
5002 1 29689
5003 1 29689
5000 2 29689
5001 2 29689
5002 2 29689
5003 2 29689
5000 3 29689
5001 3 29689
5002 3 29689
5003 3 29689
5000 4 29689
5001 4 29689
5002 4 29689
5003 4 29689
5000 5 29689
5001 5 29690
5002 5 29690
5003 5 29690
5000 6 29690
5001 6 29690
5002 6 29690
5003 6 29691
5000 7 29691
5001 7 29692
5002 7 29693
5003 7 29694
5000 8 29694
5001 8 29694
5002 8 29694
5003 8 29695
5000 9 29697
5001 9 29699
5002 9 29700
5003 9 29702
5000 10 29703
5001 10 29705
5002 10 29705
5003 10 29705
5000 11 29705
5001 11 29705
5002 11 29706
5003 11 29707
5000 12 29707
5001 12 29707
5002 12 29708
5003 12 29708
5000 13 29708
5001 13 29709
5002 13 29710
5003 13 29710
5000 14 29710
5001 14 29711
5002 14 29712
5003 14 29712
5000 15 29712
5001 15 29714
5002 15 29716
5003 15 29716
5000 16 29716
5001 16 29717
5002 16 29720
5003 16 29723
5000 17 29723
5001 17 29723
5002 17 29723
5003 17 29725
5000 18 29725
5001 18 29725
5002 18 29727
5003 18 29727
5000 19 29727
5001 19 29727
5002 19 29730
5003 19 29730
5000 20 29732
5001 20 29732
5002 20 29735
5003 20 29736
5000 21 29736
5001 21 29736
5002 21 29739
5003 21 29740
5000 22 29742
5001 22 29742
5002 22 29743
5003 22 29744
5000 23 29746
5001 23 29746
5002 23 29746
5003 23 29748
5000 24 29750
5001 24 29750
5002 24 29750
5003 24 29753
5000 25 29754
5001 25 29755
5002 25 29756
5003 25 29759
5000 26 29761
5001 26 29762
5002 26 29766
5003 26 29770
5000 27 29773
5001 27 29773
5002 27 29773
5003 27 29778
5000 28 29781
5002 28 29782
5003 28 29785
5000 29 29786
5002 29 29786
5003 29 29791
5000 30 29793
5002 30 29793
5003 30 29798
5000 31 29801
5002 31 29802
5003 31 29804
5000 32 29805
5002 32 29805
5003 32 29808
5000 33 29810
5002 33 29810
5003 33 29813
5000 34 29815
5002 34 29815
5003 34 29818
5000 35 29820
5002 35 29821
5003 35 29823
5000 36 29826
5002 36 29826
5003 36 29828
5000 37 29829
5002 37 29830
5003 37 29833
5000 38 29835
5002 38 29836
5003 38 29839
5000 39 29841
5002 39 29841
5003 39 29847
5000 40 29848
5002 40 29849
5003 40 29850
5000 41 29850
5002 41 29850
5003 41 29851
5000 42 29852
5002 42 29856
5003 42 29856
5000 43 29856
5002 43 29858
5003 43 29859
5000 44 29860
5002 44 29863
5003 44 29866
5000 45 29867
5002 45 29868
5003 45 29873
5000 46 29878
5002 46 29879
5003 46 29879
5000 47 29880
5002 47 29882
5003 47 29882
5000 48 29883
5002 48 29884
5003 48 29885
5000 49 29885
5002 49 29885
5003 49 29887
5000 50 29888
5002 50 29888
5003 50 29890
5000 51 29892
5002 51 29892
5003 51 29895
5000 52 29895
5002 52 29895
5003 52 29898
5000 53 29898
5002 53 29899
5003 53 29899
5000 54 29902
5002 54 29904
5003 54 29905
5000 55 29907
5002 55 29907
5003 55 29909
5000 56 29910
5002 56 29910
5003 56 29911
5000 57 29912
5002 57 29913
5003 57 29914
5000 58 29915
5002 58 29915
5003 58 29917
5000 59 29918
5002 59 29920
5003 59 29921
5000 60 29922
5002 60 29927
5003 60 29927
5000 61 29928
5002 61 29930
5003 61 29930
5000 62 29931
5002 62 29933
5003 62 29933
5000 63 29933
5002 63 29933
5003 63 29933
5000 64 29936
5002 64 29946
5003 64 29948
5000 65 29951
5002 65 29952
5003 65 29954
5000 66 29957
5002 66 29963
5003 66 29964
5000 67 29967
5002 67 29971
5003 67 29972
5000 68 29973
5002 68 29981
5003 68 29982
5000 69 29983
5002 69 29984
5003 69 29985
5000 70 29986
5002 70 29988
5003 70 29989
5000 71 29991
5002 71 29992
5003 71 29994
5000 72 29995
5002 72 29997
5003 72 29999
5000 73 30000
5002 73 30002
5003 73 30002
5000 74 30004
5002 74 30006
5003 74 30006
5000 75 30006
5002 75 30010
5003 75 30010
5000 76 30013
5002 76 30016
5003 76 30016
5000 77 30019
5002 77 30021
5003 77 30022
5000 78 30023
5002 78 30027
5003 78 30028
5000 79 30031
5002 79 30033
5003 79 30037
5000 80 30039
5002 80 30044
5003 80 30044
5000 81 30044
5002 81 30049
5003 81 30049
5002 82 30050
5000 1 30050
5001 1 30050
5002 1 30050
5003 1 30050
5000 2 30050
5001 2 30050
5002 2 30050
5003 2 30050
5000 3 30050
5001 3 30050
5002 3 30050
5003 3 30050
5000 4 30050
5001 4 30050
5002 4 30050
5003 4 30051
5000 5 30051
5001 5 30051
5002 5 30051
5003 5 30051
5000 6 30051
5001 6 30051
5002 6 30052
5003 6 30052
5000 7 30052
5001 7 30052
5002 7 30052
5003 7 30053
5000 8 30055
5001 8 30056
5002 8 30056
5003 8 30056
5000 9 30057
5001 9 30061
5002 9 30061
5003 9 30061
5000 10 30062
5001 10 30064
5002 10 30066
5003 10 30067
5000 11 30070
5001 11 30071
5002 11 30072
5003 11 30072
5000 12 30073
5001 12 30074
5002 12 30074
5003 12 30074
5000 13 30077
5001 13 30079
5002 13 30080
5003 13 30080
5000 14 30083
5001 14 30084
5002 14 30087
5003 14 30087
5000 15 30088
5001 15 30089
5002 15 30089
5003 15 30091
5000 16 30093
5001 16 30094
5002 16 30095
5003 16 30095
5000 17 30097
5001 17 30097
5002 17 30098
5003 17 30099
5000 18 30101
5001 18 30102
5002 18 30102
5003 18 30104
5000 19 30105
5001 19 30107
5002 19 30108
5003 19 30108
5000 20 30112
5001 20 30112
5002 20 30113
5003 20 30114
5000 21 30117
5001 21 30117
5002 21 30117
5003 21 30117
5000 22 30117
5001 22 30118
5002 22 30118
5003 22 30118
5000 23 30118
5001 23 30121
5002 23 30122
5000 24 30122
5001 24 30123
5002 24 30123
5000 25 30126
5001 25 30128
5002 25 30130
5000 26 30131
5001 26 30133
5002 26 30134
5000 27 30136
5001 27 30138
5002 27 30142
5000 28 30144
5001 28 30146
5002 28 30147
5000 29 30148
5001 29 30150
5002 29 30152
5000 30 30153
5001 30 30155
5002 30 30156
5000 31 30157
5001 31 30159
5002 31 30159
5000 32 30160
5001 32 30160
5002 32 30161
5000 33 30161
5001 33 30161
5002 33 30161
5000 34 30162
5001 34 30162
5002 34 30163
5000 35 30164
5001 35 30164
5002 35 30164
5000 36 30166
5001 36 30166
5002 36 30166
5000 37 30168
5001 37 30168
5002 37 30169
5000 38 30169
5001 38 30169
5002 38 30171
5000 39 30171
5001 39 30171
5002 39 30171
5000 40 30171
5001 40 30172
5002 40 30175
5000 41 30178
5001 41 30180
5002 41 30182
5000 42 30183
5001 42 30184
5002 42 30184
5000 43 30184
5001 43 30189
5002 43 30190
5000 44 30190
5001 44 30190
5002 44 30192
5000 45 30197
5001 45 30198
5002 45 30198
5000 46 30201
5001 46 30201
5000 47 30202
5001 47 30202
5000 48 30202
5001 48 30204
5000 49 30204
5001 49 30207
5000 50 30207
5001 50 30207
5000 51 30209
5001 51 30209
5000 52 30210
5001 52 30210
5000 53 30210
5000 1 30210
5001 1 30210
5002 1 30210
5003 1 30210
5000 2 30210
5001 2 30210
5002 2 30210
5003 2 30210
5000 3 30210
5001 3 30210
5002 3 30210
5003 3 30210
5000 4 30210
5001 4 30210
5002 4 30210
5003 4 30210
5000 5 30210
5001 5 30210
5002 5 30210
5003 5 30210
5000 6 30210
5001 6 30211
5002 6 30211
5003 6 30212
5000 7 30212
5001 7 30212
5002 7 30213
5003 7 30213
5000 8 30213
5001 8 30214
5002 8 30215
5003 8 30216
5000 9 30217
5001 9 30219
5002 9 30219
5003 9 30220
5000 10 30220
5001 10 30220
5002 10 30221
5003 10 30221
5000 11 30221
5001 11 30221
5002 11 30221
5003 11 30221
5000 12 30222
5001 12 30223
5002 12 30223
5003 12 30224
5000 13 30225
5001 13 30225
5002 13 30226
5003 13 30226
5000 14 30228
5001 14 30228
5002 14 30229
5003 14 30229
5000 15 30229
5001 15 30230
5002 15 30231
5003 15 30231
5000 16 30231
5001 16 30234
5002 16 30237
5003 16 30237
5000 17 30239
5001 17 30243
5002 17 30244
5003 17 30245
5000 18 30245
5001 18 30246
5002 18 30248
5003 18 30251
5000 19 30251
5001 19 30251
5002 19 30251
5003 19 30251
5000 20 30252
5001 20 30253
5002 20 30254
5003 20 30254
5000 21 30254
5001 21 30255
5002 21 30255
5003 21 30255
5000 22 30255
5001 22 30255
5002 22 30256
5003 22 30257
5000 23 30258
5001 23 30259
5002 23 30260
5000 24 30262
5001 24 30262
5002 24 30262
5000 25 30264
5001 25 30265
5002 25 30266
5000 26 30267
5001 26 30267
5002 26 30268
5000 27 30270
5002 27 30270
5000 28 30271
5002 28 30272
5000 29 30276
5002 29 30276
5000 30 30278
5002 30 30281
5000 31 30281
5002 31 30283
5000 32 30285
5002 32 30285
5000 33 30287
5002 33 30287
5000 34 30292
5002 34 30292
5000 35 30293
5000 1 30293
5001 1 30293
5002 1 30293
5003 1 30293
5000 2 30293
5001 2 30293
5002 2 30293
5003 2 30293
5000 3 30293
5001 3 30294
5002 3 30294
5003 3 30295
5000 4 30295
5001 4 30298
5002 4 30298
5003 4 30298
5000 5 30298
5001 5 30299
5002 5 30299
5003 5 30299
5000 6 30300
5001 6 30300
5002 6 30300
5003 6 30301
5000 7 30301
5001 7 30302
5002 7 30303
5003 7 30304
5000 8 30305
5001 8 30306
5002 8 30307
5003 8 30308
5000 9 30312
5001 9 30315
5002 9 30317
5003 9 30317
5000 10 30319
5001 10 30319
5002 10 30321
5003 10 30322
5000 11 30322
5001 11 30323
5002 11 30323
5003 11 30324
5000 12 30325
5001 12 30326
5002 12 30327
5003 12 30328
5000 13 30329
5001 13 30329
5002 13 30330
5003 13 30331
5000 14 30331
5001 14 30332
5002 14 30332
5003 14 30336
5000 15 30336
5001 15 30336
5002 15 30336
5003 15 30337
5000 16 30338
5001 16 30339
5002 16 30339
5003 16 30341
5000 17 30342
5001 17 30347
5002 17 30347
5003 17 30349
5000 18 30352
5001 18 30356
5002 18 30356
5003 18 30356
5000 19 30356
5001 19 30357
5002 19 30357
5003 19 30358
5000 20 30360
5001 20 30360
5002 20 30360
5003 20 30360
5000 21 30362
5001 21 30362
5002 21 30364
5003 21 30364
5000 22 30367
5001 22 30369
5002 22 30369
5003 22 30369
5000 23 30370
5001 23 30370
5002 23 30371
5003 23 30372
5000 24 30372
5001 24 30373
5002 24 30373
5003 24 30374
5000 25 30377
5001 25 30377
5002 25 30377
5003 25 30381
5000 26 30383
5001 26 30383
5002 26 30384
5003 26 30384
5000 27 30389
5002 27 30391
5003 27 30391
5000 28 30396
5002 28 30396
5003 28 30396
5000 29 30396
5002 29 30396
5003 29 30396
5000 30 30397
5002 30 30399
5000 31 30403
5002 31 30404
5000 32 30406
5002 32 30407
5000 33 30411
5002 33 30411
5000 1 30411
5001 1 30411
5002 1 30411
5003 1 30411
5000 2 30411
5001 2 30411
5002 2 30411
5003 2 30411
5000 3 30411
5001 3 30411
5002 3 30411
5003 3 30411
5000 4 30412
5001 4 30416
5002 4 30416
5003 4 30416
5000 5 30416
5001 5 30416
5002 5 30417
5003 5 30417
5000 6 30417
5001 6 30418
5002 6 30420
5003 6 30420
5000 7 30420
5001 7 30421
5002 7 30421
5003 7 30421
5000 8 30421
5001 8 30422
5002 8 30422
5003 8 30423
5000 9 30424
5001 9 30425
5002 9 30425
5003 9 30425
5000 10 30426
5001 10 30427
5002 10 30430
5003 10 30431
5000 11 30433
5001 11 30434
5002 11 30434
5003 11 30434
5000 12 30436
5001 12 30439
5002 12 30441
5003 12 30441
5000 13 30441
5001 13 30443
5002 13 30445
5003 13 30445
5000 14 30445
5001 14 30445
5002 14 30445
5003 14 30445
5000 15 30445
5001 15 30445
5002 15 30445
5003 15 30445
5000 16 30445
5001 16 30445
5002 16 30445
5003 16 30448
5000 17 30448
5001 17 30449
5002 17 30450
5003 17 30451
5000 18 30451
5001 18 30452
5002 18 30453
5003 18 30454
5000 19 30454
5001 19 30458
5002 19 30459
5003 19 30460
5000 20 30460
5001 20 30465
5002 20 30466
5003 20 30467
5000 21 30468
5001 21 30470
5002 21 30473
5003 21 30473
5001 22 30474
5002 22 30474
5003 22 30474
5001 23 30475
5002 23 30478
5003 23 30478
5001 24 30479
5002 24 30479
5003 24 30479
5001 25 30483
5002 25 30487
5003 25 30487
5001 26 30489
5002 26 30490
5001 27 30491
5002 27 30493
5001 28 30496
5002 28 30498
5001 29 30498
5002 29 30500
5001 30 30503
5002 30 30507
5001 31 30507
5002 31 30507
5001 32 30508
5002 32 30508
5001 33 30510
5002 33 30510
5001 34 30512
5002 34 30512
5001 35 30514
5002 35 30515
5001 36 30517
5002 36 30518
5001 37 30521
5002 37 30521
5001 38 30524
5002 38 30526
5001 39 30527
5002 39 30533
5001 40 30535
5002 40 30538
5001 41 30539
5002 41 30542
5001 42 30542
5002 42 30545
5001 43 30546
5002 43 30547
5001 44 30547
5002 44 30549
5001 45 30549
5002 45 30550
5001 46 30553
5002 46 30553
5001 47 30553
5002 47 30553
5001 48 30555
5002 48 30557
5001 49 30560
5002 49 30564
5002 50 30564
5002 51 30565
5000 1 30565
5001 1 30565
5002 1 30565
5003 1 30565
5000 2 30565
5001 2 30565
5002 2 30565
5003 2 30565
5000 3 30565
5001 3 30565
5002 3 30565
5003 3 30565
5000 4 30565
5001 4 30566
5002 4 30566
5003 4 30567
5000 5 30567
5001 5 30567
5002 5 30567
5003 5 30570
5000 6 30570
5001 6 30570
5002 6 30570
5003 6 30571
5000 7 30571
5001 7 30572
5002 7 30573
5003 7 30573
5000 8 30574
5001 8 30574
5002 8 30575
5003 8 30575
5000 9 30575
5001 9 30575
5002 9 30575
5003 9 30575
5000 10 30575
5001 10 30575
5002 10 30575
5003 10 30575
5000 11 30575
5001 11 30575
5002 11 30577
5003 11 30577
5000 12 30577
5001 12 30577
5002 12 30577
5003 12 30577
5000 13 30577
5001 13 30577
5002 13 30578
5003 13 30578
5000 14 30580
5001 14 30580
5002 14 30581
5003 14 30581
5000 15 30584
5001 15 30584
5002 15 30585
5003 15 30585
5000 16 30587
5001 16 30587
5002 16 30588
5003 16 30588
5000 17 30591
5001 17 30591
5002 17 30592
5003 17 30592
5000 18 30595
5001 18 30595
5002 18 30595
5003 18 30595
5000 19 30597
5001 19 30598
5002 19 30600
5003 19 30600
5000 20 30600
5001 20 30601
5002 20 30602
5003 20 30602
5000 21 30603
5001 21 30603
5002 21 30605
5003 21 30609
5000 22 30610
5001 22 30612
5002 22 30614
5003 22 30618
5000 23 30619
5001 23 30620
5002 23 30623
5003 23 30627
5000 24 30627
5001 24 30630
5002 24 30631
5003 24 30634
5000 25 30635
5001 25 30636
5002 25 30638
5003 25 30645
5000 26 30645
5001 26 30645
5002 26 30651
5003 26 30658
5000 27 30662
5001 27 30665
5002 27 30665
5003 27 30666
5000 28 30671
5001 28 30674
5003 28 30674
5000 29 30680
5001 29 30680
5003 29 30680
5000 30 30687
5001 30 30688
5003 30 30689
5000 31 30694
5001 31 30697
5003 31 30698
5000 32 30706
5001 32 30706
5003 32 30708
5000 33 30708
5001 33 30711
5003 33 30712
5000 34 30713
5001 34 30714
5003 34 30715
5000 35 30717
5001 35 30718
5003 35 30720
5000 36 30721
5001 36 30722
5003 36 30724
5000 37 30725
5001 37 30725
5003 37 30726
5000 38 30728
5001 38 30728
5003 38 30730
5000 39 30732
5001 39 30732
5003 39 30733
5000 40 30733
5001 40 30734
5003 40 30734
5000 41 30737
5001 41 30737
5003 41 30737
5000 42 30739
5001 42 30743
5003 42 30744
5000 43 30745
5001 43 30750
5003 43 30750
5000 44 30751
5001 44 30751
5003 44 30752
5000 45 30753
5001 45 30756
5003 45 30758
5000 46 30760
5001 46 30763
5003 46 30764
5000 47 30767
5001 47 30768
5003 47 30769
5000 48 30772
5001 48 30773
5003 48 30774
5000 49 30776
5001 49 30777
5003 49 30778
5000 50 30779
5001 50 30779
5003 50 30780
5000 51 30782
5001 51 30782
5003 51 30783
5000 52 30786
5001 52 30787
5003 52 30788
5000 53 30791
5001 53 30792
5003 53 30793
5000 54 30793
5001 54 30794
5003 54 30794
5000 55 30797
5001 55 30799
5003 55 30799
5000 56 30800
5001 56 30805
5003 56 30805
5000 57 30805
5001 57 30806
5003 57 30807
5000 58 30807
5001 58 30808
5003 58 30808
5000 59 30810
5001 59 30811
5000 60 30811
5001 60 30811
5000 61 30811
5001 61 30811
5000 62 30813
5001 62 30813
5000 63 30814
5001 63 30815
5000 64 30816
5001 64 30818
5000 65 30820
5000 66 30820
5000 67 30820
5000 68 30821
5000 69 30822
5000 70 30823
5000 71 30823
5000 72 30823
5000 73 30823
5000 74 30824
5000 75 30824
5000 76 30826
5000 77 30827
5000 78 30827
5000 79 30828
5000 1 30828
5001 1 30828
5002 1 30828
5003 1 30828
5000 2 30828
5001 2 30828
5002 2 30828
5003 2 30828
5000 3 30828
5001 3 30828
5002 3 30828
5003 3 30828
5000 4 30828
5001 4 30829
5002 4 30829
5003 4 30830
5000 5 30830
5001 5 30830
5002 5 30830
5003 5 30830
5000 6 30830
5001 6 30830
5002 6 30830
5003 6 30830
5000 7 30830
5001 7 30830
5002 7 30830
5003 7 30831
5000 8 30832
5001 8 30832
5002 8 30835
5003 8 30837
5000 9 30837
5001 9 30837
5002 9 30838
5003 9 30838
5000 10 30838
5001 10 30838
5002 10 30839
5003 10 30839
5000 11 30840
5001 11 30840
5002 11 30840
5003 11 30841
5000 12 30843
5001 12 30843
5002 12 30843
5003 12 30845
5000 13 30845
5001 13 30846
5002 13 30846
5003 13 30846
5000 14 30846
5001 14 30846
5002 14 30847
5003 14 30847
5000 15 30847
5001 15 30848
5002 15 30848
5003 15 30848
5000 16 30849
5001 16 30851
5002 16 30852
5003 16 30853
5000 17 30854
5001 17 30857
5002 17 30857
5003 17 30857
5000 18 30859
5001 18 30860
5002 18 30860
5003 18 30860
5000 19 30861
5001 19 30862
5002 19 30863
5003 19 30863
5000 20 30863
5001 20 30863
5002 20 30864
5003 20 30865
5000 21 30865
5001 21 30865
5002 21 30866
5003 21 30867
5000 22 30869
5001 22 30871
5002 22 30872
5003 22 30872
5000 23 30872
5001 23 30875
5002 23 30876
5003 23 30877
5000 24 30879
5001 24 30879
5002 24 30880
5003 24 30881
5000 25 30881
5001 25 30882
5002 25 30884
5003 25 30884
5000 26 30884
5001 26 30884
5002 26 30885
5003 26 30887
5000 27 30887
5001 27 30890
5002 27 30890
5003 27 30892
5000 28 30893
5001 28 30893
5002 28 30896
5003 28 30897
5000 29 30897
5001 29 30901
5002 29 30903
5003 29 30905
5000 30 30906
5001 30 30906
5002 30 30911
5003 30 30912
5000 31 30913
5001 31 30914
5002 31 30917
5003 31 30917
5000 32 30919
5002 32 30920
5003 32 30923
5000 33 30923
5002 33 30923
5003 33 30924
5000 34 30926
5002 34 30928
5003 34 30930
5000 35 30932
5002 35 30933
5003 35 30934
5000 36 30935
5002 36 30936
5003 36 30940
5000 37 30940
5002 37 30942
5003 37 30945
5000 38 30948
5002 38 30948
5003 38 30949
5000 39 30949
5002 39 30949
5003 39 30949
5000 40 30950
5002 40 30952
5003 40 30953
5000 41 30953
5002 41 30953
5003 41 30954
5000 42 30956
5002 42 30957
5003 42 30960
5000 43 30961
5002 43 30962
5003 43 30963
5000 44 30963
5002 44 30965
5003 44 30966
5000 45 30967
5002 45 30969
5003 45 30969
5000 46 30971
5002 46 30971
5003 46 30971
5000 47 30973
5002 47 30974
5003 47 30975
5000 48 30975
5002 48 30977
5003 48 30977
5000 49 30977
5002 49 30979
5003 49 30979
5000 50 30980
5002 50 30983
5003 50 30984
5002 51 30986
5003 51 30986
5002 52 30989
5003 52 30989
5000 1 30989
5001 1 30989
5002 1 30989
5003 1 30989
5000 2 30989
5001 2 30989
5002 2 30989
5003 2 30989
5000 3 30989
5001 3 30989
5002 3 30989
5003 3 30990
5000 4 30990
5001 4 30990
5002 4 30990
5003 4 30990
5000 5 30990
5001 5 30990
5002 5 30990
5003 5 30991
5000 6 30991
5001 6 30993
5002 6 30994
5003 6 30994
5000 7 30994
5001 7 30995
5002 7 30995
5003 7 30995
5000 8 30997
5001 8 30998
5002 8 30998
5003 8 30999
5000 9 30999
5001 9 31001
5002 9 31001
5003 9 31001
5000 10 31002
5001 10 31005
5002 10 31005
5003 10 31007
5000 11 31009
5001 11 31010
5002 11 31010
5003 11 31010
5000 12 31011
5001 12 31012
5002 12 31013
5003 12 31015
5000 13 31017
5001 13 31019
5002 13 31019
5003 13 31021
5000 14 31022
5001 14 31024
5002 14 31025
5003 14 31026
5000 15 31027
5001 15 31030
5002 15 31031
5003 15 31032
5000 16 31033
5001 16 31035
5002 16 31037
5003 16 31039
5000 17 31040
5001 17 31040
5002 17 31041
5003 17 31047
5000 18 31047
5001 18 31047
5002 18 31050
5003 18 31054
5000 19 31054
5001 19 31057
5002 19 31059
5003 19 31059
5000 20 31059
5001 20 31061
5002 20 31063
5003 20 31063
5000 21 31064
5001 21 31065
5002 21 31068
5003 21 31069
5000 22 31070
5001 22 31070
5002 22 31071
5000 23 31072
5002 23 31072
5000 24 31075
5002 24 31075
5000 25 31077
5002 25 31077
5000 26 31084
5002 26 31088
5000 27 31089
5002 27 31092
5000 28 31093
5002 28 31096
5000 29 31097
5002 29 31098
5000 30 31098
5002 30 31100
5000 1 31100
5001 1 31100
5002 1 31100
5003 1 31100
5000 2 31100
5001 2 31100
5002 2 31100
5003 2 31100
5000 3 31100
5001 3 31100
5002 3 31100
5003 3 31100
5000 4 31100
5001 4 31101
5002 4 31101
5003 4 31101
5000 5 31101
5001 5 31101
5002 5 31101
5003 5 31101
5000 6 31102
5001 6 31102
5002 6 31102
5003 6 31102
5000 7 31103
5001 7 31103
5002 7 31103
5003 7 31103
5000 8 31105
5001 8 31105
5002 8 31105
5003 8 31108
5000 9 31108
5001 9 31109
5002 9 31109
5003 9 31109
5000 10 31109
5001 10 31110
5002 10 31111
5003 10 31111
5000 11 31111
5001 11 31111
5002 11 31112
5003 11 31114
5000 12 31114
5001 12 31116
5002 12 31116
5003 12 31117
5000 13 31118
5001 13 31123
5002 13 31124
5003 13 31125
5000 14 31126
5001 14 31128
5002 14 31129
5003 14 31130
5000 15 31131
5001 15 31131
5002 15 31132
5003 15 31134
5000 16 31135
5001 16 31135
5002 16 31135
5003 16 31135
5000 17 31136
5001 17 31136
5002 17 31137
5003 17 31137
5000 18 31137
5001 18 31138
5002 18 31138
5003 18 31138
5000 19 31143
5001 19 31143
5002 19 31143
5003 19 31143
5000 20 31143
5001 20 31143
5002 20 31146
5003 20 31146
5000 21 31148
5001 21 31148
5002 21 31151
5003 21 31151
5000 22 31151
5002 22 31151
5003 22 31151
5000 23 31151
5002 23 31153
5003 23 31158
5000 24 31159
5002 24 31163
5003 24 31163
5000 25 31164
5002 25 31165
5003 25 31165
5000 26 31167
5002 26 31168
5003 26 31168
5000 27 31169
5002 27 31174
5003 27 31175
5000 28 31175
5002 28 31178
5003 28 31178
5000 29 31179
5002 29 31181
5003 29 31181
5000 30 31181
5002 30 31183
5000 31 31184
5002 31 31187
5000 32 31188
5002 32 31189
5000 33 31190
5002 33 31192
5000 34 31195
5002 34 31198
5000 35 31201
5002 35 31203
5000 36 31204
5002 36 31204
5000 37 31205
5002 37 31205
5000 38 31205
5002 38 31205
5000 39 31205
5002 39 31205
5000 40 31205
5002 40 31206
5000 41 31206
5002 41 31206
5000 42 31207
5002 42 31208
5000 43 31210
5002 43 31211
5000 44 31213
5002 44 31214
5000 45 31217
5002 45 31220
5000 46 31222
5002 46 31223
5000 47 31226
5002 47 31227
5000 48 31230
5002 48 31231
5000 49 31234
5002 49 31237
5000 50 31239
5002 50 31240
5000 51 31240
5002 51 31243
5000 52 31244
5002 52 31245
5000 53 31246
5002 53 31248
5000 54 31252
5002 54 31253
5000 55 31258
5002 55 31260
5000 56 31265
5002 56 31268
5000 57 31270
5002 57 31276
5000 58 31280
5002 58 31281
5000 59 31284
5002 59 31288
5000 60 31290
5002 60 31295
5000 61 31297
5002 61 31298
5000 62 31299
5002 62 31299
5000 63 31300
5002 63 31301
5000 64 31301
5002 64 31304
5002 65 31305
5000 1 31305
5001 1 31305
5002 1 31305
5003 1 31305
5000 2 31305
5001 2 31305
5002 2 31305
5003 2 31306
5000 3 31306
5001 3 31306
5002 3 31306
5003 3 31307
5000 4 31307
5001 4 31308
5002 4 31310
5003 4 31311
5000 5 31311
5001 5 31311
5002 5 31312
5003 5 31313
5000 6 31313
5001 6 31313
5002 6 31315
5003 6 31315
5000 7 31315
5001 7 31315
5002 7 31315
5003 7 31315
5000 8 31315
5001 8 31317
5002 8 31317
5003 8 31319
5000 9 31320
5001 9 31320
5002 9 31321
5003 9 31321
5000 10 31322
5001 10 31323
5002 10 31323
5003 10 31324
5000 11 31324
5001 11 31324
5002 11 31324
5003 11 31326
5000 12 31326
5001 12 31327
5002 12 31327
5003 12 31328
5000 13 31328
5001 13 31329
5002 13 31329
5003 13 31329
5000 14 31332
5001 14 31333
5002 14 31334
5003 14 31334
5000 15 31336
5001 15 31337
5002 15 31340
5003 15 31341
5000 16 31342
5001 16 31343
5002 16 31345
5003 16 31346
5000 17 31347
5001 17 31348
5002 17 31348
5003 17 31348
5000 18 31348
5001 18 31349
5002 18 31349
5003 18 31349
5000 19 31349
5001 19 31350
5002 19 31350
5003 19 31350
5000 20 31350
5001 20 31350
5002 20 31350
5003 20 31350
5000 21 31350
5001 21 31350
5002 21 31350
5003 21 31353
5000 22 31354
5001 22 31354
5002 22 31357
5003 22 31359
5000 23 31359
5001 23 31361
5002 23 31361
5003 23 31361
5000 24 31361
5001 24 31363
5003 24 31363
5000 25 31363
5001 25 31363
5003 25 31365
5000 26 31367
5001 26 31370
5003 26 31371
5000 27 31372
5001 27 31374
5003 27 31376
5000 28 31379
5001 28 31385
5003 28 31386
5000 29 31389
5001 29 31389
5003 29 31389
5000 30 31390
5001 30 31393
5003 30 31393
5000 31 31396
5001 31 31399
5003 31 31399
5000 32 31401
5001 32 31404
5003 32 31404
5000 33 31406
5001 33 31409
5003 33 31409
5000 34 31409
5001 34 31410
5003 34 31410
5000 35 31410
5001 35 31411
5003 35 31411
5000 36 31411
5001 36 31411
5003 36 31411
5000 37 31411
5001 37 31411
5003 37 31411
5000 38 31411
5001 38 31412
5003 38 31412
5000 39 31413
5001 39 31418
5003 39 31418
5000 40 31419
5001 40 31422
5003 40 31422
5000 41 31422
5001 41 31422
5003 41 31422
5000 42 31422
5001 42 31423
5003 42 31423
5000 43 31424
5001 43 31424
5000 44 31426
5001 44 31430
5000 45 31432
5001 45 31433
5000 46 31435
5001 46 31437
5000 47 31440
5001 47 31441
5000 48 31442
5001 48 31443
5000 49 31444
5001 49 31445
5000 50 31445
5001 50 31447
5000 51 31448
5001 51 31449
5000 52 31449
5001 52 31452
5000 53 31452
5001 53 31455
5000 54 31456
5001 54 31461
5000 55 31461
5001 55 31466
5000 56 31467
5001 56 31470
5000 57 31472
5001 57 31475
5000 58 31477
5001 58 31480
5000 59 31481
5001 59 31483
5000 60 31484
5001 60 31487
5000 61 31488
5001 61 31490
5000 62 31490
5001 62 31492
5000 63 31493
5001 63 31494
5000 64 31496
5001 64 31497
5000 65 31497
5001 65 31498
5000 66 31498
5001 66 31499
5000 67 31499
5001 67 31500
5000 68 31500
5001 68 31501
5000 69 31501
5001 69 31502
5000 70 31502
5001 70 31503
5000 1 31503
5001 1 31503
5002 1 31503
5003 1 31503
5000 2 31503
5001 2 31504
5002 2 31504
5003 2 31504
5000 3 31504
5001 3 31504
5002 3 31504
5003 3 31504
5000 4 31504
5001 4 31504
5002 4 31506
5003 4 31506
5000 5 31506
5001 5 31507
5002 5 31507
5003 5 31508
5000 6 31508
5001 6 31509
5002 6 31510
5003 6 31511
5000 7 31511
5001 7 31512
5002 7 31513
5003 7 31513
5000 8 31514
5001 8 31514
5002 8 31515
5003 8 31515
5000 9 31516
5001 9 31517
5002 9 31518
5003 9 31519
5000 10 31519
5001 10 31521
5002 10 31521
5003 10 31522
5000 11 31522
5001 11 31523
5002 11 31524
5003 11 31524
5000 12 31524
5001 12 31526
5002 12 31526
5003 12 31526
5000 13 31526
5001 13 31527
5002 13 31527
5003 13 31528
5000 14 31528
5001 14 31528
5002 14 31528
5003 14 31528
5000 15 31529
5001 15 31529
5002 15 31529
5003 15 31529
5000 16 31532
5001 16 31534
5003 16 31534
5000 17 31535
5001 17 31536
5003 17 31536
5000 18 31539
5001 18 31541
5003 18 31542
5000 19 31544
5001 19 31546
5003 19 31547
5000 20 31547
5001 20 31547
5003 20 31547
5000 21 31548
5001 21 31548
5003 21 31548
5000 22 31550
5001 22 31550
5003 22 31551
5000 23 31552
5001 23 31553
5003 23 31553
5000 24 31554
5001 24 31554
5003 24 31554
5000 25 31557
5001 25 31558
5003 25 31559
5000 26 31563
5001 26 31563
5003 26 31564
5000 27 31566
5001 27 31566
5003 27 31567
5000 28 31567
5001 28 31568
5003 28 31570
5000 29 31572
5001 29 31572
5003 29 31574
5000 30 31574
5001 30 31575
5003 30 31578
5000 31 31578
5001 31 31578
5003 31 31580
5000 32 31580
5001 32 31583
5003 32 31585
5000 33 31585
5001 33 31586
5003 33 31594
5000 34 31597
5001 34 31601
5003 34 31604
5000 35 31605
5001 35 31608
5003 35 31609
5000 36 31609
5001 36 31609
5003 36 31613
5000 37 31613
5001 37 31613
5003 37 31613
5000 38 31613
5001 38 31614
5003 38 31615
5000 39 31615
5001 39 31617
5003 39 31620
5000 40 31620
5001 40 31620
5003 40 31620
5000 41 31620
5001 41 31620
5003 41 31621
5000 42 31622
5001 42 31622
5003 42 31622
5000 43 31622
5001 43 31624
5003 43 31626
5000 44 31626
5001 44 31628
5003 44 31629
5000 45 31629
5001 45 31631
5003 45 31631
5000 46 31631
5001 46 31632
5003 46 31632
5000 47 31632
5001 47 31633
5003 47 31634
5001 48 31634
5003 48 31635
5001 49 31637
5003 49 31637
5001 50 31638
5003 50 31641
5001 51 31643
5003 51 31644
5001 52 31644
5003 52 31645
5001 53 31645
5003 53 31646
5001 54 31647
5003 54 31648
5001 55 31651
5003 55 31653
5001 56 31653
5003 56 31656
5001 57 31657
5003 57 31660
5001 58 31660
5003 58 31663
5001 59 31663
5003 59 31666
5001 60 31667
5003 60 31669
5001 61 31672
5003 61 31675
5001 62 31678
5003 62 31680
5001 63 31683
5003 63 31684
5001 64 31686
5003 64 31686
5001 65 31687
5003 65 31688
5001 66 31688
5003 66 31689
5001 67 31693
5003 67 31695
5001 68 31699
5003 68 31700
5001 69 31701
5003 69 31702
5001 70 31704
5003 70 31704
5001 71 31705
5003 71 31711
5001 72 31712
5003 72 31715
5001 73 31717
5003 73 31719
5001 74 31719
5003 74 31720
5001 75 31722
5003 75 31723
5001 76 31725
5003 76 31725
5001 77 31725
5003 77 31725
5001 78 31725
5003 78 31725
5001 79 31725
5003 79 31726
5001 80 31728
5003 80 31729
5001 81 31730
5003 81 31730
5001 82 31730
5003 82 31731
5001 83 31732
5003 83 31733
5001 84 31733
5003 84 31734
5001 85 31734
5003 85 31734
5001 86 31737
5003 86 31738
5001 87 31741
5003 87 31742
5001 88 31744
5003 88 31744
5001 89 31746
5003 89 31746
5001 90 31747
5003 90 31748
5001 91 31750
5003 91 31750
5001 92 31753
5003 92 31753
5001 93 31755
5003 93 31757
5001 94 31760
5003 94 31761
5001 95 31762
5003 95 31763
5001 96 31766
5003 96 31766
5001 97 31771
5003 97 31773
5001 98 31774
5003 98 31776
5001 99 31777
5003 99 31778
5001 100 31781
5003 100 31781
5001 101 31783
5003 101 31784
5001 102 31786
5003 102 31787
5001 103 31788
5003 103 31788
5001 104 31788
5003 104 31790
5001 105 31792
5003 105 31793
5001 106 31794
5003 106 31794
5001 107 31796
5003 107 31796
5001 108 31799
5003 108 31800
5001 109 31802
5003 109 31802
5001 110 31804
5003 110 31804
5001 111 31806
5003 111 31807
5001 112 31814
5003 112 31814
5001 113 31819
5003 113 31820
5001 114 31821
5003 114 31821
5001 115 31823
5003 115 31825
5001 116 31826
5003 116 31829
5001 117 31829
5003 117 31830
5001 118 31830
5003 118 31830
5001 119 31830
5003 119 31830
5001 120 31830
5003 120 31830
5001 121 31830
5003 121 31830
5001 122 31830
5003 122 31830
5001 123 31830
5003 123 31830
5001 124 31830
5003 124 31830
5001 125 31830
5003 125 31830
5001 126 31830
5003 126 31830
5001 127 31830
5003 127 31830
5001 128 31830
5003 128 31830
5001 129 31830
5003 129 31830
5001 130 31830
5003 130 31830
5001 131 31830
5003 131 31831
5001 132 31831
5003 132 31831
5001 133 31831
5003 133 31832
5001 134 31832
5003 134 31832
5001 135 31832
5003 135 31832
5001 136 31832
5003 136 31832
5001 137 31832
5003 137 31834
5001 138 31835
5003 138 31835
5001 139 31835
5003 139 31835
5001 140 31835
5003 140 31835
5001 141 31835
5003 141 31835
5001 142 31835
5003 142 31835
5001 143 31835
5003 143 31836
5001 144 31836
5003 144 31836
5001 145 31836
5003 145 31836
5001 146 31838
5001 147 31839
5001 148 31839
5001 149 31839
5001 150 31839
5001 151 31839
5001 152 31839
5001 153 31839
5001 154 31839
5001 155 31840
5001 156 31840
5001 157 31840
5001 158 31840
5001 159 31840
5001 160 31840
5001 161 31840
5001 162 31840
5001 163 31840
5001 164 31840
5001 165 31840
5001 166 31840
5001 167 31840
5001 168 31840
5001 169 31840
5001 170 31841
5001 171 31841
5001 172 31841
5001 173 31841
5001 174 31841
5001 175 31841
5001 176 31841
5001 177 31841
5001 178 31846
5001 179 31846
5001 180 31846
5001 181 31846
5001 182 31847
5001 183 31848
5001 184 31848
5001 185 31849
5001 186 31852
5001 187 31852
5001 188 31852
5001 189 31853
5001 190 31854
5001 191 31855
5001 192 31857
5001 193 31861
5001 194 31863
5001 195 31865
5001 196 31866
5001 197 31867
5001 198 31867
5001 199 31868
5000 1 31868
5001 1 31868
5002 1 31868
5003 1 31868
5000 2 31868
5001 2 31869
5002 2 31869
5003 2 31869
5000 3 31869
5001 3 31869
5002 3 31869
5003 3 31869
5000 4 31869
5001 4 31869
5002 4 31869
5003 4 31869
5000 5 31869
5001 5 31869
5002 5 31869
5003 5 31870
5000 6 31871
5001 6 31871
5002 6 31871
5003 6 31872
5000 7 31872
5001 7 31872
5002 7 31872
5003 7 31874
5000 8 31874
5001 8 31875
5002 8 31875
5003 8 31875
5000 9 31876
5001 9 31879
5002 9 31879
5003 9 31879
5000 10 31879
5001 10 31880
5002 10 31881
5003 10 31881
5000 11 31882
5001 11 31884
5002 11 31886
5003 11 31886
5000 12 31886
5001 12 31889
5002 12 31889
5003 12 31889
5000 13 31890
5001 13 31895
5002 13 31895
5003 13 31896
5000 14 31896
5001 14 31900
5002 14 31900
5003 14 31900
5000 15 31900
5001 15 31902
5002 15 31903
5003 15 31903
5000 16 31903
5001 16 31904
5002 16 31905
5003 16 31906
5000 17 31906
5001 17 31908
5002 17 31909
5003 17 31909
5000 18 31911
5001 18 31914
5002 18 31914
5003 18 31915
5000 19 31917
5001 19 31918
5002 19 31919
5003 19 31920
5000 20 31921
5001 20 31922
5002 20 31922
5000 21 31923
5001 21 31926
5000 22 31927
5001 22 31929
5000 23 31933
5001 23 31935
5000 24 31937
5001 24 31938
5000 25 31939
5001 25 31940
5000 26 31941
5001 26 31942
5000 27 31943
5001 27 31946
5000 28 31947
5001 28 31951
5000 29 31952
5001 29 31952
5000 30 31956
5001 30 31957
5000 31 31957
5001 31 31961
5000 32 31962
5001 32 31965
5000 33 31965
5001 33 31968
5000 34 31972
5001 34 31973
5000 35 31973
5001 35 31974
5000 36 31974
5001 36 31974
5000 37 31974
5001 37 31976
5000 38 31977
5001 38 31980
5000 39 31981
5001 39 31985
5000 40 31986
5001 40 31988
5000 41 31989
5001 41 31991
5000 42 31993
5001 42 31994
5000 43 31996
5001 43 31997
5000 44 31999
5000 45 31999
5000 46 31999
5000 47 31999
5000 1 31999
5001 1 31999
5002 1 31999
5003 1 31999
5000 2 31999
5001 2 31999
5002 2 31999
5003 2 31999
5000 3 31999
5001 3 31999
5002 3 31999
5003 3 32000
5000 4 32000
5001 4 32000
5002 4 32000
5003 4 32000
5000 5 32000
5001 5 32000
5002 5 32000
5003 5 32000
5000 6 32002
5001 6 32002
5002 6 32002
5003 6 32002
5000 7 32002
5001 7 32002
5002 7 32002
5003 7 32002
5000 8 32002
5001 8 32003
5002 8 32003
5003 8 32003
5000 9 32003
5001 9 32003
5002 9 32003
5003 9 32004
5000 10 32004
5001 10 32005
5002 10 32005
5003 10 32006
5000 11 32006
5001 11 32006
5002 11 32006
5003 11 32006
5000 12 32009
5001 12 32009
5002 12 32009
5003 12 32009
5000 13 32009
5001 13 32009
5002 13 32011
5003 13 32012
5000 14 32013
5001 14 32013
5002 14 32014
5003 14 32015
5000 15 32016
5001 15 32016
5002 15 32016
5003 15 32016
5000 16 32016
5001 16 32017
5002 16 32017
5003 16 32017
5000 17 32018
5001 17 32018
5002 17 32018
5003 17 32018
5000 18 32020
5001 18 32021
5002 18 32022
5003 18 32023
5000 19 32024
5001 19 32025
5002 19 32025
5003 19 32025
5000 20 32028
5001 20 32028
5002 20 32028
5003 20 32028
5000 21 32028
5001 21 32028
5002 21 32028
5003 21 32031
5000 22 32032
5001 22 32033
5002 22 32034
5003 22 32035
5000 23 32038
5001 23 32039
5002 23 32039
5003 23 32039
5000 24 32040
5001 24 32041
5002 24 32041
5003 24 32041
5000 25 32042
5001 25 32044
5002 25 32045
5003 25 32045
5000 26 32045
5001 26 32045
5002 26 32046
5003 26 32046
5000 27 32046
5001 27 32048
5002 27 32048
5003 27 32048
5000 28 32049
5001 28 32050
5002 28 32051
5003 28 32052
5000 29 32052
5001 29 32052
5002 29 32052
5003 29 32054
5000 30 32054
5001 30 32054
5002 30 32054
5003 30 32055
5000 31 32057
5001 31 32057
5002 31 32058
5000 32 32060
5001 32 32060
5002 32 32060
5000 33 32062
5001 33 32062
5002 33 32062
5000 34 32065
5002 34 32065
5000 35 32066
5002 35 32066
5000 36 32066
5002 36 32067
5000 37 32068
5002 37 32070
5000 38 32071
5002 38 32076
5000 39 32077
5002 39 32080
5000 40 32080
5002 40 32083
5000 41 32084
5002 41 32085
5000 42 32085
5002 42 32090
5000 43 32090
5002 43 32091
5000 44 32094
5002 44 32095
5000 45 32097
5002 45 32097
5000 46 32100
5002 46 32101
5000 47 32104
5002 47 32104
5000 48 32105
5002 48 32105
5000 49 32108
5002 49 32108
5000 50 32110
5002 50 32110
5000 51 32111
5002 51 32111
5000 52 32112
5002 52 32112
5000 53 32114
5002 53 32114
5000 54 32115
5002 54 32115
5000 55 32122
5002 55 32122
5000 56 32123
5002 56 32125
5000 57 32127
5002 57 32127
5000 58 32128
5002 58 32129
5000 59 32131
5002 59 32133
5000 60 32135
5002 60 32135
5000 61 32138
5002 61 32138
5000 62 32138
5002 62 32139
5000 63 32140
5002 63 32142
5000 64 32145
5002 64 32146
5000 1 32146
5001 1 32146
5002 1 32146
5003 1 32146
5000 2 32146
5001 2 32146
5002 2 32146
5003 2 32147
5000 3 32147
5001 3 32147
5002 3 32148
5003 3 32148
5000 4 32148
5001 4 32149
5002 4 32149
5003 4 32149
5000 5 32149
5001 5 32149
5002 5 32149
5003 5 32149
5000 6 32149
5001 6 32149
5002 6 32149
5003 6 32149
5000 7 32149
5001 7 32150
5002 7 32150
5003 7 32150
5000 8 32151
5001 8 32151
5002 8 32151
5003 8 32152
5000 9 32153
5001 9 32153
5002 9 32153
5003 9 32154
5000 10 32156
5001 10 32157
5002 10 32157
5003 10 32161
5000 11 32162
5001 11 32163
5002 11 32164
5003 11 32166
5000 12 32166
5001 12 32166
5002 12 32166
5003 12 32166
5000 13 32169
5001 13 32170
5002 13 32172
5003 13 32172
5000 14 32172
5001 14 32172
5002 14 32172
5003 14 32175
5000 15 32175
5001 15 32176
5002 15 32177
5003 15 32179
5000 16 32179
5001 16 32180
5002 16 32180
5003 16 32180
5000 17 32181
5001 17 32182
5002 17 32182
5003 17 32182
5000 18 32184
5001 18 32185
5002 18 32186
5003 18 32186
5000 19 32187
5001 19 32188
5002 19 32191
5003 19 32194
5000 20 32197
5001 20 32197
5002 20 32197
5003 20 32199
5000 21 32200
5001 21 32202
5002 21 32203
5003 21 32204
5000 22 32206
5001 22 32206
5002 22 32206
5003 22 32206
5000 23 32207
5001 23 32209
5002 23 32211
5003 23 32213
5000 24 32214
5001 24 32214
5002 24 32215
5003 24 32218
5000 25 32219
5001 25 32221
5002 25 32222
5003 25 32232
5000 26 32232
5002 26 32233
5003 26 32235
5000 27 32239
5002 27 32240
5003 27 32240
5000 28 32243
5002 28 32243
5003 28 32244
5000 29 32247
5002 29 32248
5003 29 32249
5000 30 32251
5002 30 32251
5003 30 32252
5000 31 32253
5002 31 32254
5003 31 32255
5000 32 32256
5002 32 32258
5003 32 32258
5000 33 32261
5002 33 32265
5003 33 32265
5000 34 32267
5002 34 32268
5003 34 32268
5000 35 32269
5002 35 32271
5003 35 32271
5000 36 32273
5002 36 32274
5003 36 32276
5000 37 32277
5002 37 32278
5003 37 32279
5000 38 32279
5002 38 32281
5003 38 32282
5000 39 32283
5002 39 32287
5003 39 32289
5000 40 32292
5002 40 32294
5003 40 32296
5000 41 32297
5002 41 32300
5003 41 32300
5000 42 32300
5002 42 32304
5003 42 32305
5000 43 32306
5002 43 32307
5003 43 32308
5000 44 32308
5002 44 32310
5003 44 32310
5002 45 32310
5003 45 32310
5002 46 32310
5003 46 32311
5002 47 32311
5003 47 32312
5002 48 32313
5003 48 32313
5002 49 32315
5003 49 32317
5002 50 32320
5003 50 32320
5000 1 32320
5001 1 32320
5002 1 32320
5003 1 32320
5000 2 32320
5001 2 32320
5002 2 32320
5003 2 32320
5000 3 32320
5001 3 32320
5002 3 32320
5003 3 32320
5000 4 32320
5001 4 32320
5002 4 32320
5003 4 32320
5000 5 32320
5001 5 32320
5002 5 32320
5003 5 32321
5000 6 32321
5001 6 32321
5002 6 32321
5003 6 32322
5000 7 32322
5001 7 32322
5002 7 32322
5003 7 32324
5000 8 32325
5001 8 32326
5002 8 32326
5003 8 32326
5000 9 32326
5001 9 32326
5002 9 32326
5003 9 32327
5000 10 32328
5001 10 32329
5002 10 32329
5003 10 32329
5000 11 32331
5001 11 32331
5002 11 32332
5003 11 32332
5000 12 32333
5001 12 32333
5002 12 32334
5003 12 32334
5000 13 32335
5001 13 32335
5002 13 32335
5003 13 32336
5000 14 32336
5001 14 32336
5002 14 32336
5003 14 32336
5000 15 32336
5001 15 32336
5002 15 32336
5003 15 32336
5000 16 32336
5001 16 32336
5002 16 32336
5003 16 32336
5000 17 32336
5001 17 32339
5002 17 32339
5003 17 32340
5000 18 32342
5001 18 32343
5002 18 32347
5003 18 32347
5000 19 32347
5001 19 32348
5002 19 32350
5003 19 32350
5000 20 32350
5001 20 32350
5002 20 32352
5003 20 32353
5000 21 32353
5001 21 32354
5002 21 32355
5003 21 32355
5000 22 32356
5001 22 32357
5002 22 32358
5003 22 32358
5000 23 32358
5001 23 32359
5002 23 32359
5003 23 32359
5000 24 32360
5001 24 32361
5002 24 32364
5003 24 32364
5000 25 32366
5001 25 32366
5002 25 32367
5003 25 32367
5000 26 32367
5001 26 32367
5002 26 32368
5003 26 32368
5000 27 32370
5001 27 32371
5002 27 32372
5003 27 32372
5000 28 32372
5001 28 32373
5002 28 32374
5003 28 32374
5000 29 32374
5001 29 32376
5002 29 32378
5003 29 32378
5000 30 32379
5001 30 32379
5002 30 32381
5003 30 32383
5000 31 32383
5001 31 32383
5002 31 32385
5003 31 32385
5000 32 32385
5001 32 32386
5002 32 32386
5003 32 32386
5000 33 32386
5001 33 32386
5002 33 32387
5003 33 32387
5000 34 32387
5001 34 32389
5002 34 32393
5003 34 32393
5000 35 32393
5001 35 32393
5002 35 32394
5003 35 32394
5000 36 32396
5002 36 32398
5003 36 32398
5000 37 32399
5002 37 32400
5003 37 32402
5000 38 32402
5002 38 32404
5003 38 32406
5000 39 32406
5002 39 32408
5003 39 32409
5002 40 32410
5003 40 32410
5002 41 32412
5003 41 32413
5002 42 32413
5003 42 32414
5002 43 32416
5003 43 32417
5002 44 32418
5002 45 32418
5002 46 32418
5002 47 32419
5002 48 32419
5000 1 32419
5001 1 32419
5002 1 32419
5003 1 32419
5000 2 32419
5001 2 32419
5002 2 32419
5003 2 32419
5000 3 32419
5001 3 32419
5002 3 32419
5003 3 32420
5000 4 32420
5001 4 32420
5002 4 32420
5003 4 32420
5000 5 32420
5001 5 32420
5002 5 32421
5003 5 32421
5000 6 32421
5001 6 32421
5002 6 32422
5003 6 32423
5000 7 32423
5001 7 32424
5002 7 32424
5003 7 32426
5000 8 32426
5001 8 32426
5002 8 32426
5003 8 32426
5000 9 32428
5001 9 32428
5002 9 32429
5003 9 32429
5000 10 32430
5001 10 32430
5002 10 32431
5003 10 32431
5000 11 32432
5001 11 32432
5002 11 32432
5003 11 32432
5000 12 32434
5001 12 32434
5002 12 32435
5003 12 32435
5000 13 32438
5001 13 32438
5002 13 32439
5003 13 32441
5000 14 32443
5002 14 32443
5003 14 32445
5000 15 32447
5002 15 32448
5003 15 32449
5000 16 32450
5002 16 32450
5003 16 32451
5000 17 32452
5002 17 32452
5003 17 32453
5000 18 32453
5003 18 32453
5000 19 32454
5003 19 32455
5000 20 32458
5003 20 32459
5000 21 32460
5003 21 32463
5000 22 32465
5003 22 32466
5000 23 32466
5003 23 32467
5000 24 32471
5003 24 32471
5000 25 32472
5003 25 32472
5000 26 32472
5003 26 32472
5000 27 32473
5003 27 32473
5000 28 32474
5000 29 32474
5000 30 32474
5000 1 32474
5001 1 32474
5002 1 32474
5003 1 32474
5000 2 32474
5001 2 32474
5002 2 32474
5003 2 32474
5000 3 32474
5001 3 32474
5002 3 32476
5003 3 32476
5000 4 32476
5001 4 32477
5002 4 32478
5003 4 32478
5000 5 32478
5001 5 32478
5002 5 32480
5003 5 32480
5000 6 32480
5001 6 32480
5002 6 32481
5003 6 32481
5000 7 32484
5001 7 32484
5002 7 32486
5003 7 32486
5000 8 32487
5001 8 32487
5002 8 32488
5003 8 32488
5000 9 32488
5001 9 32488
5002 9 32489
5003 9 32489
5000 10 32489
5001 10 32489
5002 10 32491
5003 10 32492
5000 11 32493
5001 11 32493
5002 11 32496
5003 11 32499
5000 12 32503
5001 12 32504
5002 12 32508
5003 12 32509
5000 13 32510
5001 13 32513
5002 13 32516
5003 13 32517
5000 14 32518
5001 14 32521
5002 14 32522
5003 14 32523
5000 15 32524
5001 15 32525
5002 15 32527
5003 15 32527
5000 16 32528
5001 16 32529
5002 16 32529
5003 16 32529
5000 17 32531
5001 17 32531
5002 17 32532
5003 17 32533
5000 18 32534
5001 18 32535
5002 18 32536
5003 18 32536
5000 19 32537
5001 19 32538
5002 19 32540
5003 19 32540
5000 20 32540
5001 20 32542
5002 20 32542
5003 20 32543
5000 21 32543
5001 21 32544
5002 21 32545
5003 21 32545
5000 22 32546
5001 22 32548
5002 22 32549
5003 22 32549
5000 23 32549
5001 23 32549
5002 23 32550
5003 23 32550
5000 24 32550
5001 24 32551
5002 24 32553
5003 24 32553
5000 25 32553
5001 25 32554
5002 25 32556
5003 25 32557
5000 26 32558
5001 26 32558
5002 26 32559
5003 26 32559
5000 27 32560
5001 27 32560
5002 27 32561
5003 27 32561
5000 28 32564
5001 28 32566
5002 28 32569
5003 28 32570
5000 29 32574
5001 29 32575
5002 29 32578
5003 29 32578
5000 30 32578
5001 30 32579
5002 30 32580
5003 30 32580
5000 31 32580
5001 31 32581
5002 31 32581
5003 31 32581
5000 32 32581
5001 32 32581
5002 32 32582
5003 32 32583
5000 33 32583
5001 33 32587
5002 33 32587
5003 33 32587
5000 34 32587
5001 34 32588
5002 34 32589
5003 34 32589
5000 35 32593
5001 35 32594
5002 35 32594
5003 35 32596
5000 36 32600
5001 36 32602
5002 36 32604
5003 36 32604
5000 37 32608
5001 37 32610
5002 37 32611
5003 37 32611
5000 38 32611
5001 38 32612
5002 38 32612
5003 38 32617
5001 39 32617
5002 39 32617
5003 39 32621
5001 40 32622
5003 40 32625
5001 41 32626
5003 41 32628
5001 42 32628
5003 42 32631
5001 43 32631
5003 43 32632
5001 44 32637
5003 44 32639
5001 45 32642
5003 45 32643
5001 46 32646
5003 46 32646
5001 47 32646
5003 47 32646
5001 48 32646
5003 48 32646
5001 49 32646
5003 49 32646
5001 50 32646
5003 50 32646
5001 51 32646
5003 51 32646
5001 52 32646
5003 52 32646
5001 53 32646
5003 53 32649
5001 54 32649
5003 54 32653
5001 55 32657
5003 55 32658
5001 56 32661
5003 56 32662
5001 57 32665
5003 57 32665
5000 1 32665
5001 1 32665
5002 1 32665
5003 1 32665
5000 2 32665
5001 2 32665
5002 2 32665
5003 2 32665
5000 3 32665
5001 3 32665
5002 3 32665
5003 3 32665
5000 4 32665
5001 4 32665
5002 4 32665
5003 4 32665
5000 5 32665
5001 5 32665
5002 5 32666
5003 5 32666
5000 6 32666
5001 6 32666
5002 6 32666
5003 6 32667
5000 7 32668
5001 7 32668
5002 7 32668
5003 7 32668
5000 8 32671
5001 8 32672
5002 8 32672
5003 8 32672
5000 9 32672
5001 9 32672
5002 9 32672
5003 9 32673
5000 10 32674
5001 10 32674
5002 10 32674
5003 10 32675
5000 11 32675
5001 11 32676
5002 11 32676
5003 11 32676
5000 12 32677
5001 12 32677
5002 12 32677
5003 12 32678
5000 13 32679
5001 13 32680
5002 13 32680
5003 13 32681
5000 14 32683
5001 14 32686
5002 14 32688
5003 14 32688
5000 15 32689
5001 15 32691
5002 15 32693
5003 15 32693
5000 16 32693
5001 16 32694
5002 16 32695
5003 16 32695
5000 17 32696
5001 17 32697
5002 17 32699
5003 17 32699
5000 18 32699
5001 18 32699
5002 18 32699
5003 18 32701
5000 19 32701
5001 19 32702
5002 19 32702
5003 19 32702
5000 20 32702
5001 20 32702
5002 20 32704
5003 20 32704
5000 21 32705
5001 21 32705
5002 21 32707
5003 21 32708
5000 22 32709
5001 22 32709
5002 22 32710
5003 22 32712
5000 23 32716
5001 23 32716
5002 23 32718
5003 23 32719
5000 24 32721
5001 24 32722
5003 24 32722
5000 25 32724
5001 25 32726
5003 25 32727
5000 26 32728
5001 26 32730
5003 26 32731
5000 27 32733
5001 27 32733
5003 27 32736
5000 28 32738
5001 28 32738
5003 28 32740
5000 29 32742
5001 29 32746
5003 29 32749
5000 30 32750
5001 30 32752
5003 30 32753
5000 31 32753
5001 31 32753
5003 31 32754
5001 32 32754
5003 32 32756
5000 1 32756
5001 1 32756
5002 1 32756
5003 1 32756
5000 2 32756
5001 2 32756
5002 2 32756
5003 2 32756
5000 3 32756
5001 3 32756
5002 3 32756
5003 3 32756
5000 4 32756
5001 4 32756
5002 4 32756
5003 4 32756
5000 5 32756
5001 5 32756
5002 5 32756
5003 5 32756
5000 6 32756
5001 6 32756
5002 6 32756
5003 6 32757
5000 7 32757
5001 7 32758
5002 7 32758
5003 7 32759
5000 8 32759
5001 8 32759
5002 8 32759
5003 8 32759
5000 9 32760
5001 9 32762
5002 9 32763
5003 9 32763
5000 10 32763
5001 10 32767
5002 10 32769
5003 10 32770
5000 11 32770
5001 11 32770
5002 11 32770
5003 11 32770
5000 12 32771
5001 12 32771
5002 12 32772
5003 12 32772
5000 13 32774
5001 13 32774
5002 13 32776
5003 13 32777
5000 14 32778
5001 14 32778
5002 14 32779
5003 14 32779
5000 15 32781
5001 15 32781
5002 15 32784
5003 15 32784
5000 16 32785
5001 16 32787
5002 16 32787
5003 16 32787
5000 17 32788
5001 17 32789
5002 17 32790
5003 17 32791
5000 18 32791
5001 18 32792
5002 18 32792
5003 18 32794
5000 19 32794
5001 19 32794
5002 19 32796
5003 19 32797
5000 20 32798
5001 20 32798
5002 20 32801
5003 20 32803
5000 21 32803
5001 21 32803
5002 21 32805
5003 21 32807
5000 22 32807
5001 22 32807
5002 22 32808
5003 22 32809
5000 23 32810
5001 23 32810
5002 23 32812
5003 23 32812
5000 24 32812
5001 24 32812
5002 24 32814
5003 24 32814
5000 25 32815
5001 25 32815
5002 25 32816
5003 25 32816
5000 26 32816
5001 26 32817
5002 26 32817
5003 26 32819
5000 27 32820
5001 27 32820
5002 27 32823
5003 27 32823
5000 28 32823
5001 28 32823
5002 28 32825
5003 28 32825
5000 29 32825
5001 29 32825
5002 29 32827
5003 29 32827
5000 30 32827
5001 30 32827
5002 30 32828
5003 30 32829
5000 31 32829
5001 31 32832
5002 31 32832
5003 31 32835
5000 32 32837
5001 32 32839
5002 32 32840
5003 32 32841
5000 33 32842
5001 33 32842
5002 33 32845
5003 33 32846
5000 34 32847
5001 34 32847
5002 34 32848
5003 34 32848
5000 35 32850
5001 35 32851
5002 35 32852
5003 35 32853
5000 36 32854
5001 36 32854
5002 36 32855
5003 36 32856
5000 37 32856
5001 37 32856
5002 37 32858
5003 37 32858
5000 38 32861
5001 38 32861
5002 38 32863
5003 38 32864
5000 39 32866
5001 39 32866
5002 39 32867
5003 39 32867
5000 40 32871
5002 40 32872
5003 40 32873
5000 41 32875
5002 41 32875
5003 41 32875
5000 42 32876
5002 42 32878
5003 42 32878
5000 43 32878
5002 43 32881
5003 43 32882
5002 44 32882
5003 44 32882
5002 45 32884
5003 45 32884
5002 46 32886
5003 46 32886
5002 47 32887
5003 47 32889
5002 48 32894
5003 48 32895
5002 49 32898
5003 49 32900
5002 50 32900
5003 50 32903
5002 51 32904
5003 51 32904
5002 52 32906
5003 52 32906
5002 53 32907
5003 53 32908
5002 54 32909
5003 54 32910
5002 55 32912
5003 55 32912
5002 56 32914
5003 56 32914
5002 57 32916
5003 57 32916
5002 58 32919
5003 58 32919
5002 59 32920
5003 59 32920
5002 60 32922
5003 60 32922
5002 61 32924
5003 61 32924
5002 62 32925
5003 62 32925
5000 1 32925
5001 1 32925
5002 1 32925
5003 1 32925
5000 2 32925
5001 2 32925
5002 2 32925
5003 2 32925
5000 3 32925
5001 3 32925
5002 3 32925
5003 3 32925
5000 4 32925
5001 4 32925
5002 4 32925
5003 4 32925
5000 5 32925
5001 5 32926
5002 5 32926
5003 5 32926
5000 6 32926
5001 6 32927
5002 6 32927
5003 6 32927
5000 7 32927
5001 7 32928
5002 7 32928
5003 7 32928
5000 8 32928
5001 8 32930
5002 8 32930
5003 8 32933
5000 9 32933
5001 9 32934
5002 9 32934
5003 9 32934
5000 10 32934
5001 10 32934
5002 10 32934
5003 10 32934
5000 11 32934
5001 11 32934
5002 11 32934
5003 11 32935
5000 12 32935
5001 12 32936
5002 12 32937
5003 12 32939
5000 13 32940
5001 13 32941
5002 13 32942
5003 13 32942
5000 14 32943
5001 14 32944
5002 14 32945
5003 14 32946
5000 15 32946
5001 15 32946
5002 15 32946
5003 15 32947
5000 16 32947
5001 16 32948
5002 16 32950
5003 16 32950
5000 17 32952
5001 17 32954
5002 17 32957
5003 17 32957
5000 18 32957
5001 18 32957
5002 18 32958
5003 18 32958
5000 19 32958
5001 19 32959
5002 19 32960
5000 20 32960
5001 20 32961
5002 20 32963
5000 21 32965
5001 21 32966
5002 21 32967
5000 22 32968
5001 22 32969
5002 22 32971
5000 23 32971
5001 23 32971
5002 23 32971
5000 24 32976
5001 24 32976
5002 24 32982
5000 25 32983
5002 25 32986
5000 26 32987
5002 26 32989
5000 27 32994
5002 27 32994
5000 28 32995
5002 28 32995
5000 29 32996
5002 29 32996
5000 30 32997
5002 30 32998
5000 31 32999
5002 31 32999
5000 32 33000
5000 1 33000
5001 1 33000
5002 1 33000
5003 1 33000
5000 2 33000
5001 2 33000
5002 2 33000
5003 2 33000
5000 3 33000
5001 3 33001
5002 3 33001
5003 3 33001
5000 4 33001
5001 4 33001
5002 4 33001
5003 4 33001
5000 5 33001
5001 5 33001
5002 5 33001
5003 5 33001
5000 6 33001
5001 6 33001
5002 6 33001
5003 6 33001
5000 7 33001
5001 7 33001
5002 7 33001
5003 7 33001
5000 8 33001
5001 8 33003
5002 8 33004
5003 8 33004
5000 9 33005
5001 9 33006
5002 9 33007
5003 9 33007
5000 10 33008
5001 10 33011
5002 10 33011
5003 10 33011
5000 11 33013
5001 11 33015
5002 11 33016
5003 11 33016
5000 12 33016
5001 12 33016
5002 12 33016
5003 12 33016
5000 13 33016
5001 13 33017
5002 13 33017
5003 13 33017
5000 14 33017
5001 14 33017
5002 14 33018
5003 14 33018
5000 15 33018
5001 15 33022
5002 15 33022
5003 15 33024
5000 16 33024
5001 16 33026
5002 16 33027
5003 16 33027
5000 17 33027
5001 17 33030
5002 17 33032
5003 17 33032
5000 18 33033
5001 18 33037
5002 18 33039
5003 18 33039
5000 19 33042
5001 19 33043
5002 19 33045
5003 19 33045
5000 20 33047
5001 20 33049
5002 20 33050
5003 20 33051
5000 21 33051
5001 21 33053
5002 21 33053
5003 21 33053
5000 22 33055
5001 22 33057
5002 22 33057
5000 23 33057
5001 23 33059
5002 23 33059
5000 24 33061
5001 24 33061
5002 24 33062
5000 25 33063
5001 25 33064
5002 25 33065
5000 26 33065
5001 26 33065
5002 26 33068
5000 27 33069
5002 27 33070
5000 28 33072
5002 28 33074
5000 29 33078
5002 29 33078
5000 30 33079
5000 31 33081
5000 1 33081
5001 1 33081
5002 1 33081
5003 1 33081
5000 2 33081
5001 2 33081
5002 2 33081
5003 2 33081
5000 3 33081
5001 3 33081
5002 3 33081
5003 3 33081
5000 4 33082
5001 4 33083
5002 4 33083
5003 4 33083
5000 5 33084
5001 5 33084
5002 5 33084
5003 5 33084
5000 6 33085
5001 6 33085
5002 6 33085
5003 6 33085
5000 7 33085
5001 7 33085
5002 7 33086
5003 7 33086
5000 8 33086
5001 8 33087
5002 8 33089
5003 8 33090
5000 9 33090
5001 9 33091
5002 9 33094
5003 9 33097
5000 10 33097
5001 10 33098
5002 10 33101
5003 10 33103
5000 11 33103
5001 11 33103
5002 11 33103
5003 11 33104
5000 12 33105
5001 12 33105
5002 12 33106
5003 12 33107
5000 13 33109
5001 13 33109
5002 13 33110
5003 13 33111
5000 14 33113
5001 14 33113
5002 14 33114
5003 14 33116
5000 15 33118
5001 15 33120
5002 15 33121
5003 15 33123
5000 16 33123
5001 16 33125
5002 16 33125
5003 16 33125
5000 17 33125
5001 17 33127
5002 17 33129
5003 17 33129
5000 18 33131
5001 18 33132
5002 18 33133
5003 18 33133
5000 19 33137
5001 19 33138
5002 19 33138
5003 19 33139
5000 20 33139
5001 20 33140
5002 20 33140
5003 20 33141
5000 21 33144
5001 21 33145
5002 21 33146
5003 21 33149
5000 22 33151
5001 22 33153
5002 22 33153
5003 22 33154
5000 23 33154
5001 23 33156
5002 23 33156
5003 23 33157
5000 24 33157
5001 24 33158
5002 24 33158
5003 24 33159
5000 25 33159
5001 25 33162
5002 25 33163
5003 25 33165
5000 26 33165
5001 26 33165
5003 26 33165
5000 27 33168
5001 27 33171
5003 27 33171
5000 28 33174
5001 28 33175
5003 28 33176
5000 29 33179
5001 29 33179
5003 29 33182
5000 30 33182
5001 30 33184
5003 30 33184
5000 31 33187
5001 31 33188
5003 31 33189
5000 32 33192
5001 32 33196
5003 32 33199
5000 33 33200
5001 33 33202
5003 33 33202
5000 34 33204
5001 34 33206
5003 34 33207
5000 35 33209
5001 35 33210
5003 35 33211
5000 36 33213
5001 36 33216
5003 36 33217
5000 37 33219
5001 37 33222
5003 37 33222
5000 38 33222
5001 38 33225
5003 38 33226
5000 39 33226
5001 39 33229
5000 40 33229
5001 40 33230
5000 41 33231
5001 41 33233
5000 42 33233
5001 42 33239
5000 43 33239
5001 43 33239
5000 44 33240
5001 44 33241
5001 45 33241
5000 1 33241
5001 1 33241
5002 1 33241
5003 1 33241
5000 2 33241
5001 2 33241
5002 2 33241
5003 2 33241
5000 3 33241
5001 3 33241
5002 3 33241
5003 3 33241
5000 4 33241
5001 4 33242
5002 4 33242
5003 4 33243
5000 5 33243
5001 5 33244
5002 5 33244
5003 5 33245
5000 6 33245
5001 6 33247
5002 6 33247
5003 6 33247
5000 7 33247
5001 7 33247
5002 7 33247
5003 7 33247
5000 8 33247
5001 8 33248
5002 8 33248
5003 8 33248
5000 9 33248
5001 9 33248
5002 9 33249
5003 9 33249
5000 10 33250
5001 10 33250
5002 10 33251
5003 10 33252
5000 11 33253
5001 11 33255
5002 11 33256
5003 11 33257
5000 12 33263
5001 12 33264
5002 12 33265
5003 12 33266
5000 13 33268
5001 13 33270
5002 13 33270
5003 13 33270
5000 14 33274
5001 14 33275
5002 14 33275
5003 14 33275
5000 15 33275
5001 15 33276
5002 15 33276
5000 16 33276
5001 16 33278
5002 16 33281
5000 17 33283
5001 17 33289
5002 17 33290
5000 18 33290
5001 18 33293
5002 18 33296
5000 19 33297
5001 19 33299
5002 19 33302
5000 20 33302
5001 20 33302
5002 20 33304
5000 21 33305
5001 21 33306
5002 21 33306
5000 22 33306
5001 22 33306
5002 22 33306
5000 23 33306
5001 23 33307
5002 23 33308
5000 24 33309
5001 24 33309
5002 24 33311
5000 25 33312
5001 25 33312
5002 25 33314
5000 26 33315
5001 26 33318
5002 26 33320
5000 27 33321
5001 27 33324
5002 27 33326
5000 28 33327
5001 28 33328
5002 28 33328
5000 29 33328
5001 29 33330
5002 29 33333
5000 30 33334
5001 30 33338
5002 30 33340
5000 31 33342
5001 31 33344
5002 31 33344
5000 32 33345
5001 32 33347
5002 32 33347
5000 33 33349
5001 33 33349
5002 33 33351
5000 34 33354
5002 34 33354
5000 35 33355
5002 35 33357
5000 36 33358
5002 36 33358
5000 37 33358
5002 37 33360
5000 38 33360
5002 38 33360
5000 39 33360
5002 39 33365
5000 40 33365
5002 40 33367
5000 41 33368
5002 41 33370
5000 42 33371
5002 42 33373
5000 43 33376
5002 43 33380
5000 44 33383
5002 44 33388
5000 45 33389
5002 45 33393
5000 46 33395
5002 46 33397
5000 47 33400
5002 47 33402
5000 48 33404
5002 48 33407
5000 49 33407
5002 49 33412
5000 50 33413
5002 50 33417
5000 51 33418
5002 51 33420
5000 52 33420
5002 52 33422
5000 53 33422
5002 53 33423
5000 54 33423
5002 54 33423
5000 55 33425
5002 55 33426
5000 56 33428
5002 56 33428
5000 57 33431
5002 57 33431
5000 58 33434
5002 58 33434
5000 59 33437
5002 59 33438
5000 60 33441
5002 60 33444
5000 61 33449
5002 61 33449
5000 62 33451
5002 62 33451
5000 63 33452
5002 63 33452
5000 64 33453
5002 64 33453
5000 65 33454
5002 65 33454
5000 66 33454
5002 66 33454
5000 67 33457
5002 67 33457
5000 1 33457
5001 1 33457
5002 1 33457
5003 1 33457
5000 2 33457
5001 2 33457
5002 2 33457
5003 2 33457
5000 3 33458
5001 3 33458
5002 3 33459
5003 3 33459
5000 4 33460
5001 4 33460
5002 4 33460
5003 4 33460
5000 5 33461
5001 5 33461
5002 5 33461
5003 5 33461
5000 6 33461
5001 6 33461
5002 6 33461
5003 6 33461
5000 7 33461
5001 7 33461
5002 7 33461
5003 7 33464
5000 8 33464
5001 8 33464
5002 8 33464
5003 8 33467
5000 9 33467
5001 9 33468
5002 9 33468
5003 9 33468
5000 10 33468
5001 10 33468
5002 10 33468
5003 10 33468
5000 11 33468
5001 11 33468
5002 11 33468
5003 11 33468
5000 12 33469
5001 12 33469
5002 12 33469
5003 12 33469
5000 13 33471
5001 13 33471
5002 13 33471
5003 13 33471
5000 14 33471
5001 14 33471
5002 14 33471
5003 14 33471
5000 15 33471
5001 15 33471
5002 15 33472
5003 15 33472
5000 16 33474
5001 16 33478
5002 16 33478
5003 16 33478
5000 17 33478
5001 17 33479
5002 17 33480
5003 17 33483
5000 18 33483
5001 18 33484
5002 18 33484
5003 18 33484
5000 19 33484
5001 19 33484
5002 19 33484
5003 19 33484
5000 20 33485
5001 20 33486
5002 20 33487
5003 20 33487
5000 21 33488
5002 21 33488
5003 21 33488
5000 22 33489
5002 22 33489
5003 22 33490
5000 23 33491
5002 23 33491
5003 23 33491
5000 24 33493
5002 24 33493
5003 24 33496
5000 25 33498
5002 25 33498
5003 25 33502
5000 26 33504
5002 26 33506
5003 26 33506
5000 27 33507
5002 27 33507
5003 27 33509
5000 28 33512
5002 28 33513
5003 28 33517
5000 29 33519
5002 29 33520
5003 29 33523
5000 30 33524
5002 30 33526
5003 30 33531
5000 31 33532
5002 31 33533
5003 31 33534
5000 32 33534
5002 32 33534
5003 32 33534
5000 33 33534
5002 33 33534
5003 33 33534
5000 34 33534
5002 34 33534
5003 34 33534
5000 35 33534
5002 35 33536
5003 35 33537
5000 36 33538
5002 36 33541
5003 36 33542
5000 37 33542
5002 37 33543
5003 37 33545
5000 38 33546
5002 38 33546
5003 38 33546
5000 39 33546
5002 39 33547
5003 39 33549
5000 40 33549
5002 40 33551
5003 40 33555
5000 41 33555
5002 41 33557
5003 41 33558
5000 42 33558
5002 42 33560
5003 42 33562
5000 43 33563
5002 43 33565
5003 43 33566
5000 44 33566
5002 44 33568
5003 44 33569
5000 45 33569
5002 45 33572
5003 45 33573
5000 46 33573
5002 46 33575
5003 46 33575
5000 47 33575
5002 47 33575
5003 47 33577
5000 48 33578
5002 48 33578
5003 48 33580
5000 49 33580
5002 49 33581
5003 49 33583
5000 50 33583
5002 50 33583
5003 50 33584
5000 51 33584
5002 51 33584
5003 51 33586
5000 52 33587
5002 52 33589
5003 52 33591
5000 53 33591
5002 53 33591
5003 53 33592
5000 54 33595
5002 54 33595
5003 54 33597
5000 55 33598
5002 55 33599
5003 55 33601
5000 56 33601
5002 56 33602
5003 56 33602
5000 57 33602
5002 57 33603
5003 57 33603
5000 58 33604
5002 58 33606
5003 58 33608
5000 59 33609
5002 59 33609
5003 59 33611
5000 60 33614
5002 60 33615
5003 60 33615
5000 61 33616
5002 61 33617
5003 61 33617
5000 62 33617
5002 62 33621
5003 62 33621
5000 63 33622
5002 63 33625
5003 63 33625
5000 64 33626
5002 64 33629
5000 1 33629
5001 1 33629
5002 1 33629
5003 1 33629
5000 2 33629
5001 2 33629
5002 2 33629
5003 2 33629
5000 3 33629
5001 3 33629
5002 3 33629
5003 3 33629
5000 4 33629
5001 4 33629
5002 4 33629
5003 4 33629
5000 5 33629
5001 5 33630
5002 5 33631
5003 5 33632
5000 6 33632
5001 6 33633
5002 6 33634
5003 6 33634
5000 7 33634
5001 7 33634
5002 7 33635
5003 7 33635
5000 8 33635
5001 8 33637
5002 8 33637
5003 8 33637
5000 9 33639
5001 9 33641
5002 9 33642
5003 9 33642
5000 10 33643
5001 10 33643
5002 10 33645
5003 10 33645
5000 11 33645
5001 11 33645
5002 11 33648
5003 11 33649
5000 12 33649
5001 12 33654
5002 12 33656
5003 12 33656
5000 13 33656
5001 13 33657
5002 13 33661
5003 13 33662
5000 14 33664
5001 14 33664
5002 14 33665
5003 14 33667
5000 15 33667
5001 15 33668
5002 15 33669
5003 15 33669
5000 16 33671
5001 16 33674
5002 16 33675
5003 16 33675
5000 17 33675
5001 17 33678
5002 17 33679
5003 17 33680
5000 18 33680
5001 18 33681
5002 18 33681
5003 18 33685
5000 19 33686
5001 19 33688
5002 19 33689
5003 19 33691
5000 20 33693
5001 20 33693
5002 20 33695
5003 20 33697
5000 21 33697
5001 21 33699
5002 21 33700
5003 21 33701
5000 22 33701
5001 22 33703
5002 22 33703
5003 22 33704
5000 23 33705
5001 23 33705
5002 23 33705
5003 23 33705
5000 24 33706
5001 24 33708
5002 24 33708
5003 24 33708
5000 25 33709
5001 25 33711
5002 25 33712
5003 25 33712
5000 26 33712
5001 26 33713
5002 26 33715
5003 26 33715
5000 27 33715
5001 27 33715
5002 27 33717
5003 27 33719
5000 28 33719
5001 28 33721
5002 28 33722
5003 28 33722
5000 29 33722
5001 29 33723
5002 29 33723
5003 29 33723
5000 30 33723
5001 30 33723
5002 30 33724
5003 30 33724
5000 31 33724
5001 31 33726
5002 31 33728
5003 31 33728
5001 32 33730
5002 32 33730
5003 32 33730
5001 33 33733
5002 33 33734
5003 33 33734
5001 34 33736
5002 34 33737
5001 35 33737
5002 35 33738
5001 36 33740
5002 36 33741
5001 37 33744
5002 37 33744
5001 38 33747
5002 38 33748
5001 39 33752
5002 39 33753
5001 40 33755
5002 40 33756
5001 41 33757
5002 41 33758
5001 42 33759
5002 42 33761
5001 43 33763
5002 43 33765
5001 44 33770
5002 44 33773
5001 45 33775
5002 45 33776
5001 46 33778
5002 46 33778
5001 47 33779
5002 47 33780
5001 48 33781
5002 48 33784
5001 49 33784
5002 49 33785
5001 50 33787
5002 50 33787
5000 1 33787
5001 1 33787
5002 1 33787
5003 1 33787
5000 2 33787
5001 2 33787
5002 2 33787
5003 2 33787
5000 3 33789
5001 3 33789
5002 3 33789
5003 3 33789
5000 4 33791
5001 4 33791
5002 4 33791
5003 4 33791
5000 5 33793
5001 5 33793
5002 5 33794
5003 5 33794
5000 6 33794
5001 6 33794
5002 6 33795
5003 6 33795
5000 7 33796
5001 7 33796
5002 7 33799
5003 7 33799
5000 8 33799
5001 8 33800
5002 8 33804
5003 8 33804
5000 9 33805
5001 9 33806
5002 9 33808
5003 9 33808
5000 10 33808
5001 10 33809
5002 10 33810
5003 10 33812
5000 11 33814
5001 11 33815
5002 11 33817
5003 11 33817
5000 12 33819
5001 12 33820
5002 12 33820
5003 12 33820
5000 13 33824
5001 13 33825
5002 13 33825
5003 13 33827
5000 14 33831
5001 14 33832
5002 14 33832
5003 14 33833
5000 15 33837
5001 15 33839
5002 15 33840
5003 15 33843
5000 16 33849
5001 16 33849
5002 16 33853
5003 16 33855
5000 17 33856
5001 17 33857
5002 17 33858
5003 17 33859
5000 18 33860
5001 18 33861
5002 18 33861
5003 18 33863
5000 19 33865
5001 19 33866
5002 19 33867
5003 19 33869
5000 20 33870
5001 20 33870
5002 20 33870
5003 20 33873
5001 21 33873
5002 21 33875
5003 21 33877
5001 22 33877
5002 22 33878
5003 22 33881
5001 23 33881
5002 23 33882
5003 23 33886
5001 24 33887
5002 24 33888
5003 24 33890
5001 25 33891
5002 25 33891
5003 25 33892
5001 26 33892
5002 26 33894
5003 26 33899
5001 27 33899
5002 27 33899
5003 27 33901
5001 28 33901
5003 28 33906
5001 29 33908
5003 29 33908
5001 30 33908
5003 30 33909
5001 31 33910
5003 31 33910
5001 32 33910
5003 32 33912
5001 33 33913
5003 33 33913
5000 1 33913
5001 1 33913
5002 1 33913
5003 1 33913
5000 2 33913
5001 2 33913
5002 2 33913
5003 2 33913
5000 3 33913
5001 3 33913
5002 3 33913
5003 3 33913
5000 4 33913
5001 4 33913
5002 4 33914
5003 4 33914
5000 5 33914
5001 5 33914
5002 5 33914
5003 5 33914
5000 6 33914
5001 6 33914
5002 6 33914
5003 6 33914
5000 7 33914
5001 7 33914
5002 7 33914
5003 7 33914
5000 8 33915
5001 8 33915
5002 8 33917
5003 8 33917
5000 9 33918
5001 9 33918
5002 9 33921
5003 9 33921
5000 10 33923
5001 10 33923
5002 10 33925
5003 10 33925
5000 11 33926
5001 11 33927
5002 11 33927
5003 11 33927
5000 12 33929
5001 12 33934
5002 12 33934
5003 12 33934
5000 13 33936
5001 13 33937
5002 13 33938
5003 13 33938
5000 14 33941
5001 14 33941
5002 14 33941
5003 14 33941
5000 15 33943
5001 15 33943
5002 15 33944
5003 15 33944
5000 16 33944
5001 16 33944
5002 16 33944
5003 16 33946
5000 17 33947
5001 17 33947
5002 17 33947
5003 17 33948
5000 18 33950
5002 18 33950
5003 18 33950
5000 19 33952
5002 19 33953
5003 19 33953
5000 20 33956
5002 20 33956
5003 20 33956
5000 21 33957
5002 21 33957
5003 21 33957
5000 22 33957
5002 22 33957
5003 22 33957
5000 23 33961
5002 23 33964
5003 23 33964
5000 24 33967
5002 24 33970
5003 24 33970
5000 25 33971
5002 25 33972
5003 25 33973
5000 26 33974
5002 26 33974
5003 26 33974
5000 27 33975
5002 27 33975
5003 27 33975
5000 28 33975
5002 28 33975
5003 28 33975
5000 29 33977
5002 29 33979
5003 29 33979
5000 30 33982
5003 30 33982
5000 31 33983
5003 31 33983
5000 1 33983
5001 1 33983
5002 1 33983
5003 1 33983
5000 2 33983
5001 2 33983
5002 2 33983
5003 2 33983
5000 3 33983
5001 3 33983
5002 3 33983
5003 3 33983
5000 4 33983
5001 4 33983
5002 4 33983
5003 4 33986
5000 5 33986
5001 5 33986
5002 5 33986
5003 5 33987
5000 6 33987
5001 6 33987
5002 6 33987
5003 6 33990
5000 7 33992
5001 7 33992
5002 7 33992
5003 7 33992
5000 8 33993
5001 8 33993
5002 8 33995
5003 8 33995
5000 9 33996
5001 9 33996
5002 9 33997
5003 9 33997
5000 10 33997
5001 10 33997
5002 10 33997
5003 10 33997
5000 11 33999
5001 11 33999
5002 11 33999
5003 11 33999
5000 12 33999
5001 12 33999
5002 12 34001
5003 12 34002
5000 13 34002
5001 13 34002
5002 13 34006
5003 13 34006
5000 14 34006
5001 14 34007
5002 14 34009
5003 14 34010
5000 15 34010
5002 15 34012
5003 15 34013
5000 16 34013
5002 16 34013
5003 16 34014
5000 17 34015
5002 17 34016
5003 17 34016
5000 18 34016
5002 18 34019
5003 18 34020
5000 19 34020
5002 19 34022
5003 19 34024
5000 20 34028
5002 20 34028
5003 20 34030
5000 21 34033
5002 21 34035
5003 21 34039
5000 22 34041
5002 22 34043
5003 22 34044
5000 23 34044
5002 23 34044
5003 23 34044
5000 24 34044
5002 24 34045
5003 24 34045
5000 25 34045
5002 25 34048
5003 25 34048
5000 26 34048
5002 26 34049
5003 26 34051
5000 27 34052
5002 27 34053
5003 27 34054
5000 28 34056
5002 28 34058
5003 28 34059
5000 29 34061
5002 29 34063
5003 29 34064
5000 30 34071
5002 30 34072
5003 30 34074
5000 31 34076
5002 31 34077
5003 31 34080
5000 32 34082
5002 32 34082
5003 32 34085
5000 33 34087
5002 33 34090
5003 33 34091
5000 34 34093
5002 34 34095
5003 34 34095
5000 35 34096
5002 35 34098
5003 35 34098
5000 36 34098
5002 36 34099
5003 36 34100
5000 37 34100
5002 37 34100
5003 37 34101
5000 38 34101
5002 38 34103
5003 38 34105
5000 39 34106
5002 39 34109
5003 39 34112
5000 40 34118
5002 40 34119
5003 40 34120
5000 41 34122
5002 41 34122
5003 41 34122
5000 42 34124
5002 42 34124
5003 42 34126
5000 43 34127
5002 43 34129
5003 43 34130
5000 44 34130
5002 44 34131
5003 44 34133
5000 45 34133
5002 45 34134
5003 45 34136
5000 46 34136
5002 46 34137
5003 46 34137
5000 47 34137
5002 47 34137
5003 47 34138
5000 48 34139
5002 48 34141
5003 48 34141
5000 49 34143
5002 49 34145
5003 49 34148
5000 50 34153
5002 50 34153
5003 50 34153
5000 51 34155
5002 51 34156
5003 51 34156
5000 52 34156
5002 52 34157
5003 52 34157
5000 53 34158
5002 53 34160
5003 53 34161
5000 54 34163
5002 54 34166
5003 54 34166
5000 55 34166
5002 55 34168
5003 55 34168
5000 56 34168
5002 56 34170
5003 56 34170
5000 57 34173
5002 57 34174
5003 57 34174
5000 58 34174
5002 58 34181
5003 58 34181
5002 59 34181
5003 59 34181
5002 60 34181
5003 60 34181
5002 61 34181
5003 61 34183
5002 62 34185
5003 62 34188
5002 63 34189
5003 63 34193
5002 64 34194
5003 64 34198
5002 65 34200
5003 65 34201
5002 66 34204
5003 66 34204
5002 67 34204
5003 67 34204
5002 68 34204
5003 68 34204
5002 69 34205
5000 1 34205
5001 1 34205
5002 1 34205
5003 1 34205
5000 2 34205
5001 2 34205
5002 2 34205
5003 2 34205
5000 3 34205
5001 3 34205
5002 3 34205
5003 3 34205
5000 4 34205
5001 4 34205
5002 4 34205
5003 4 34205
5000 5 34205
5001 5 34205
5002 5 34206
5003 5 34206
5000 6 34206
5001 6 34206
5002 6 34206
5003 6 34206
5000 7 34206
5001 7 34206
5002 7 34207
5003 7 34207
5000 8 34207
5001 8 34207
5002 8 34207
5003 8 34207
5000 9 34207
5001 9 34208
5002 9 34208
5003 9 34208
5000 10 34208
5001 10 34209
5002 10 34212
5003 10 34212
5000 11 34212
5001 11 34212
5002 11 34213
5003 11 34214
5000 12 34214
5001 12 34216
5002 12 34217
5003 12 34217
5000 13 34218
5001 13 34222
5002 13 34222
5003 13 34222
5000 14 34223
5001 14 34225
5002 14 34225
5003 14 34225
5000 15 34226
5001 15 34228
5002 15 34228
5003 15 34228
5000 16 34229
5001 16 34229
5002 16 34230
5003 16 34231
5000 17 34233
5001 17 34235
5002 17 34237
5003 17 34238
5000 18 34239
5001 18 34241
5002 18 34242
5003 18 34244
5000 19 34245
5001 19 34245
5002 19 34245
5003 19 34247
5000 20 34247
5001 20 34248
5002 20 34248
5003 20 34249
5000 21 34249
5001 21 34252
5002 21 34252
5003 21 34252
5001 22 34254
5003 22 34254
5001 23 34257
5003 23 34258
5001 24 34261
5003 24 34261
5001 25 34264
5003 25 34265
5001 26 34267
5003 26 34268
5001 27 34271
5003 27 34272
5001 28 34272
5003 28 34272
5001 29 34273
5003 29 34273
5001 30 34274
5003 30 34274
5001 31 34274
5003 31 34274
5000 1 34274
5001 1 34274
5002 1 34274
5003 1 34274
5000 2 34274
5001 2 34274
5002 2 34274
5003 2 34274
5000 3 34274
5001 3 34275
5002 3 34275
5003 3 34275
5000 4 34275
5001 4 34275
5002 4 34275
5003 4 34276
5000 5 34276
5001 5 34277
5002 5 34277
5003 5 34279
5000 6 34279
5001 6 34280
5002 6 34280
5003 6 34281
5000 7 34281
5001 7 34281
5002 7 34281
5003 7 34281
5000 8 34281
5001 8 34282
5002 8 34282
5003 8 34282
5000 9 34283
5001 9 34283
5002 9 34290
5003 9 34290
5000 10 34290
5001 10 34292
5002 10 34298
5003 10 34299
5000 11 34300
5001 11 34301
5002 11 34303
5003 11 34304
5000 12 34304
5001 12 34304
5002 12 34304
5003 12 34305
5000 13 34306
5001 13 34306
5002 13 34306
5003 13 34308
5000 14 34309
5001 14 34310
5002 14 34313
5003 14 34313
5000 15 34314
5001 15 34315
5002 15 34316
5003 15 34317
5000 16 34320
5001 16 34320
5002 16 34322
5003 16 34324
5000 17 34325
5001 17 34326
5002 17 34327
5003 17 34329
5000 18 34329
5001 18 34329
5002 18 34329
5003 18 34331
5000 19 34332
5001 19 34332
5002 19 34334
5003 19 34335
5000 20 34336
5002 20 34336
5003 20 34337
5000 21 34340
5002 21 34341
5003 21 34342
5000 22 34344
5002 22 34347
5003 22 34348
5000 23 34350
5002 23 34352
5003 23 34352
5000 24 34352
5002 24 34352
5003 24 34353
5000 25 34354
5002 25 34355
5003 25 34356
5000 26 34358
5002 26 34360
5003 26 34360
5000 27 34362
5002 27 34363
5003 27 34364
5000 28 34364
5002 28 34366
5003 28 34368
5000 29 34368
5002 29 34369
5003 29 34369
5000 30 34369
5002 30 34373
5003 30 34373
5002 31 34375
5003 31 34375
5002 32 34377
5000 1 34377
5001 1 34377
5002 1 34377
5003 1 34377
5000 2 34377
5001 2 34377
5002 2 34377
5003 2 34377
5000 3 34377
5001 3 34377
5002 3 34377
5003 3 34377
5000 4 34377
5001 4 34377
5002 4 34378
5003 4 34378
5000 5 34378
5001 5 34378
5002 5 34380
5003 5 34380
5000 6 34380
5001 6 34380
5002 6 34380
5003 6 34380
5000 7 34381
5001 7 34381
5002 7 34381
5003 7 34381
5000 8 34382
5001 8 34383
5002 8 34383
5003 8 34383
5000 9 34383
5001 9 34385
5002 9 34386
5003 9 34386
5000 10 34387
5001 10 34387
5002 10 34387
5003 10 34388
5000 11 34388
5001 11 34388
5002 11 34389
5003 11 34390
5000 12 34394
5001 12 34396
5002 12 34396
5003 12 34397
5000 13 34397
5001 13 34399
5002 13 34400
5003 13 34404
5000 14 34404
5001 14 34406
5002 14 34409
5003 14 34412
5000 15 34412
5001 15 34421
5002 15 34423
5003 15 34425
5000 16 34425
5001 16 34426
5003 16 34428
5000 17 34429
5001 17 34432
5003 17 34434
5000 18 34434
5001 18 34437
5003 18 34440
5000 19 34440
5001 19 34443
5003 19 34444
5000 20 34444
5001 20 34446
5003 20 34447
5000 21 34447
5001 21 34449
5003 21 34449
5000 22 34450
5001 22 34454
5003 22 34454
5000 23 34454
5001 23 34457
5003 23 34457
5000 24 34458
5001 24 34459
5003 24 34462
5001 25 34467
5003 25 34467
5001 26 34468
5003 26 34468
5001 27 34469
5003 27 34469
5001 28 34470
5003 28 34470
5001 29 34472
5003 29 34472
5001 30 34473
5000 1 34473
5001 1 34473
5002 1 34473
5003 1 34473
5000 2 34473
5001 2 34473
5002 2 34473
5003 2 34473
5000 3 34473
5001 3 34473
5002 3 34473
5003 3 34473
5000 4 34473
5001 4 34473
5002 4 34473
5003 4 34473
5000 5 34473
5001 5 34473
5002 5 34473
5003 5 34473
5000 6 34473
5001 6 34473
5002 6 34473
5003 6 34473
5000 7 34473
5001 7 34474
5002 7 34474
5003 7 34474
5000 8 34476
5001 8 34478
5002 8 34478
5003 8 34478
5000 9 34481
5001 9 34481
5002 9 34481
5003 9 34482
5000 10 34482
5001 10 34483
5002 10 34484
5003 10 34484
5000 11 34484
5001 11 34486
5002 11 34486
5003 11 34487
5000 12 34489
5001 12 34490
5002 12 34492
5003 12 34493
5000 13 34494
5001 13 34496
5002 13 34496
5003 13 34496
5000 14 34497
5001 14 34498
5002 14 34500
5003 14 34502
5000 15 34502
5001 15 34503
5002 15 34505
5003 15 34506
5000 16 34506
5001 16 34506
5002 16 34508
5003 16 34510
5000 17 34512
5001 17 34512
5002 17 34513
5003 17 34515
5000 18 34518
5001 18 34521
5002 18 34521
5003 18 34521
5000 19 34523
5001 19 34524
5002 19 34524
5003 19 34524
5000 20 34526
5001 20 34527
5002 20 34527
5003 20 34527
5000 21 34529
5001 21 34529
5002 21 34530
5003 21 34533
5000 22 34533
5001 22 34533
5002 22 34533
5003 22 34536
5000 23 34536
5001 23 34536
5002 23 34538
5003 23 34539
5000 24 34541
5001 24 34542
5002 24 34544
5003 24 34545
5000 25 34546
5002 25 34546
5003 25 34546
5000 26 34547
5002 26 34549
5003 26 34550
5000 27 34551
5002 27 34555
5003 27 34556
5000 28 34558
5002 28 34559
5003 28 34560
5000 29 34562
5002 29 34563
5003 29 34565
5000 30 34565
5002 30 34567
5003 30 34569
5000 31 34569
5002 31 34571
5003 31 34571
5000 32 34571
5002 32 34574
5003 32 34579
5000 33 34579
5002 33 34579
5003 33 34581
5000 34 34581
5002 34 34582
5003 34 34582
5000 35 34582
5002 35 34584
5003 35 34584
5000 36 34586
5002 36 34586
5003 36 34588
5000 37 34588
5002 37 34588
5003 37 34588
5000 38 34588
5002 38 34590
5003 38 34590
5000 39 34590
5002 39 34591
5003 39 34591
5000 40 34591
5002 40 34592
5003 40 34592
5000 41 34592
5002 41 34594
5003 41 34594
5002 42 34598
5003 42 34600
5002 43 34603
5003 43 34603
5002 44 34604
5003 44 34604
5002 45 34606
5003 45 34606
5002 46 34608
5003 46 34609
5002 47 34609
5003 47 34609
5000 1 34609
5001 1 34609
5002 1 34609
5003 1 34609
5000 2 34609
5001 2 34609
5002 2 34609
5003 2 34609
5000 3 34609
5001 3 34609
5002 3 34609
5003 3 34609
5000 4 34609
5001 4 34609
5002 4 34609
5003 4 34609
5000 5 34609
5001 5 34609
5002 5 34609
5003 5 34610
5000 6 34610
5001 6 34610
5002 6 34610
5003 6 34611
5000 7 34611
5001 7 34611
5002 7 34612
5003 7 34612
5000 8 34612
5001 8 34612
5002 8 34612
5003 8 34612
5000 9 34612
5001 9 34612
5002 9 34612
5003 9 34613
5000 10 34614
5001 10 34614
5002 10 34615
5003 10 34615
5000 11 34616
5001 11 34617
5002 11 34618
5003 11 34618
5000 12 34618
5001 12 34618
5002 12 34619
5003 12 34619
5000 13 34619
5001 13 34621
5002 13 34622
5003 13 34624
5000 14 34624
5001 14 34624
5002 14 34626
5003 14 34627
5000 15 34627
5001 15 34627
5002 15 34630
5003 15 34631
5000 16 34631
5001 16 34631
5002 16 34634
5003 16 34634
5000 17 34634
5001 17 34634
5002 17 34635
5003 17 34635
5000 18 34637
5001 18 34637
5002 18 34638
5003 18 34638
5000 19 34638
5001 19 34639
5002 19 34640
5003 19 34640
5000 20 34642
5001 20 34644
5002 20 34646
5003 20 34647
5000 21 34649
5001 21 34650
5002 21 34651
5003 21 34651
5000 22 34652
5001 22 34652
5002 22 34654
5003 22 34655
5000 23 34655
5002 23 34658
5003 23 34658
5000 24 34659
5002 24 34662
5003 24 34663
5000 25 34664
5002 25 34669
5000 26 34669
5002 26 34672
5000 27 34672
5002 27 34674
5000 28 34674
5002 28 34675
5000 29 34675
5002 29 34677
5000 30 34677
5002 30 34678
5000 1 34678
5001 1 34678
5002 1 34678
5003 1 34678
5000 2 34678
5001 2 34678
5002 2 34678
5003 2 34678
5000 3 34678
5001 3 34678
5002 3 34679
5003 3 34679
5000 4 34679
5001 4 34679
5002 4 34679
5003 4 34679
5000 5 34679
5001 5 34679
5002 5 34681
5003 5 34681
5000 6 34681
5001 6 34681
5002 6 34681
5003 6 34681
5000 7 34681
5001 7 34681
5002 7 34681
5003 7 34682
5000 8 34682
5001 8 34683
5002 8 34683
5003 8 34683
5000 9 34683
5001 9 34685
5002 9 34686
5003 9 34686
5000 10 34687
5001 10 34687
5002 10 34688
5003 10 34690
5000 11 34691
5001 11 34691
5002 11 34691
5003 11 34692
5000 12 34694
5001 12 34694
5002 12 34694
5003 12 34695
5000 13 34698
5001 13 34698
5002 13 34699
5003 13 34701
5000 14 34702
5001 14 34702
5002 14 34706
5003 14 34706
5000 15 34706
5001 15 34707
5002 15 34708
5003 15 34709
5000 16 34709
5001 16 34710
5002 16 34712
5003 16 34712
5000 17 34713
5001 17 34713
5002 17 34715
5003 17 34715
5000 18 34715
5001 18 34715
5002 18 34716
5003 18 34716
5000 19 34716
5001 19 34717
5002 19 34718
5003 19 34718
5000 20 34718
5001 20 34718
5002 20 34718
5003 20 34719
5000 21 34719
5001 21 34719
5002 21 34719
5003 21 34720
5000 22 34720
5001 22 34720
5002 22 34720
5003 22 34721
5000 23 34721
5001 23 34721
5002 23 34721
5003 23 34721
5000 24 34721
5001 24 34722
5002 24 34723
5003 24 34724
5000 25 34724
5001 25 34725
5002 25 34727
5003 25 34729
5000 26 34730
5001 26 34730
5002 26 34731
5003 26 34735
5000 27 34737
5001 27 34737
5003 27 34738
5000 28 34742
5001 28 34742
5003 28 34743
5000 29 34744
5001 29 34744
5003 29 34745
5000 30 34747
5001 30 34748
5003 30 34750
5000 31 34751
5001 31 34751
5003 31 34752
5000 32 34752
5001 32 34753
5003 32 34755
5000 33 34756
5001 33 34757
5003 33 34759
5000 34 34759
5001 34 34760
5003 34 34763
5000 35 34763
5001 35 34763
5003 35 34765
5000 36 34765
5003 36 34765
5000 37 34765
5003 37 34765
5000 38 34767
5003 38 34768
5000 39 34768
5003 39 34771
5000 40 34771
5003 40 34772
5000 1 34772
5001 1 34772
5002 1 34772
5003 1 34772
5000 2 34772
5001 2 34772
5002 2 34772
5003 2 34772
5000 3 34772
5001 3 34772
5002 3 34772
5003 3 34773
5000 4 34773
5001 4 34773
5002 4 34773
5003 4 34775
5000 5 34775
5001 5 34776
5002 5 34776
5003 5 34776
5000 6 34776
5001 6 34776
5002 6 34776
5003 6 34776
5000 7 34778
5001 7 34779
5002 7 34780
5003 7 34782
5000 8 34782
5001 8 34786
5002 8 34787
5003 8 34788
5000 9 34788
5001 9 34790
5002 9 34790
5003 9 34790
5000 10 34791
5001 10 34791
5002 10 34791
5003 10 34791
5000 11 34791
5001 11 34791
5002 11 34792
5003 11 34793
5000 12 34794
5001 12 34795
5002 12 34796
5003 12 34796
5000 13 34797
5001 13 34797
5002 13 34799
5003 13 34800
5000 14 34800
5001 14 34801
5002 14 34801
5003 14 34804
5000 15 34804
5001 15 34804
5002 15 34805
5003 15 34807
5000 16 34809
5001 16 34810
5002 16 34813
5003 16 34814
5000 17 34814
5001 17 34814
5002 17 34816
5003 17 34816
5000 18 34816
5001 18 34816
5002 18 34816
5003 18 34816
5000 19 34817
5001 19 34819
5002 19 34820
5003 19 34820
5000 20 34820
5001 20 34821
5002 20 34822
5003 20 34822
5000 21 34823
5001 21 34824
5002 21 34824
5003 21 34825
5000 22 34826
5001 22 34828
5002 22 34828
5003 22 34828
5000 23 34828
5001 23 34828
5002 23 34828
5003 23 34828
5000 24 34828
5001 24 34828
5002 24 34828
5003 24 34828
5000 25 34828
5001 25 34829
5002 25 34829
5003 25 34829
5000 26 34830
5001 26 34830
5002 26 34831
5003 26 34831
5000 27 34832
5001 27 34833
5002 27 34833
5003 27 34833
5000 28 34835
5001 28 34836
5002 28 34836
5003 28 34837
5000 29 34838
5001 29 34840
5002 29 34842
5003 29 34842
5000 30 34845
5001 30 34850
5002 30 34850
5003 30 34850
5000 31 34851
5001 31 34855
5002 31 34857
5003 31 34857
5000 32 34858
5001 32 34859
5002 32 34860
5003 32 34861
5000 33 34862
5001 33 34862
5002 33 34864
5003 33 34865
5000 34 34865
5001 34 34865
5002 34 34867
5003 34 34868
5000 35 34868
5001 35 34870
5002 35 34870
5003 35 34875
5000 36 34877
5001 36 34879
5002 36 34879
5003 36 34882
5000 37 34883
5001 37 34883
5002 37 34884
5003 37 34884
5000 38 34884
5001 38 34886
5002 38 34888
5003 38 34889
5000 39 34891
5001 39 34891
5002 39 34891
5003 39 34892
5000 40 34893
5001 40 34895
5002 40 34895
5003 40 34897
5000 41 34898
5001 41 34899
5002 41 34900
5003 41 34900
5000 42 34900
5001 42 34900
5002 42 34901
5003 42 34903
5000 43 34904
5001 43 34904
5002 43 34904
5003 43 34907
5000 44 34908
5001 44 34908
5002 44 34909
5003 44 34912
5000 45 34913
5001 45 34913
5002 45 34913
5003 45 34914
5000 46 34914
5001 46 34915
5002 46 34915
5003 46 34916
5000 47 34916
5001 47 34916
5002 47 34916
5003 47 34916
5000 48 34917
5001 48 34917
5002 48 34917
5003 48 34918
5000 49 34919
5001 49 34920
5002 49 34920
5003 49 34920
5000 50 34922
5001 50 34923
5002 50 34923
5003 50 34924
5000 51 34924
5001 51 34924
5002 51 34924
5003 51 34925
5000 52 34925
5001 52 34925
5002 52 34926
5003 52 34928
5000 53 34928
5001 53 34931
5002 53 34931
5003 53 34933
5000 54 34935
5001 54 34936
5002 54 34936
5003 54 34938
5000 55 34940
5001 55 34940
5002 55 34941
5003 55 34941
5000 56 34941
5001 56 34941
5002 56 34941
5003 56 34943
5000 57 34943
5001 57 34943
5002 57 34944
5003 57 34946
5000 58 34946
5001 58 34947
5002 58 34949
5003 58 34950
5000 59 34950
5001 59 34951
5002 59 34951
5003 59 34951
5000 60 34951
5001 60 34951
5002 60 34951
5003 60 34952
5000 61 34952
5001 61 34952
5002 61 34954
5003 61 34962
5000 62 34963
5001 62 34963
5002 62 34964
5003 62 34966
5000 63 34967
5001 63 34968
5002 63 34968
5003 63 34971
5000 64 34971
5001 64 34972
5003 64 34975
5001 65 34976
5003 65 34978
5001 66 34979
5003 66 34981
5001 67 34981
5003 67 34982
5001 68 34982
5003 68 34983
5001 69 34983
5003 69 34984
5001 70 34984
5003 70 34985
5001 71 34987
5003 71 34988
5001 72 34989
5003 72 34989
5001 73 34989
5003 73 34991
5001 74 34991
5003 74 34992
5001 75 34992
5003 75 34993
5001 76 34993
5003 76 34994
5001 77 34994
5003 77 34996
5001 78 34996
5003 78 34998
5001 79 34998
5003 79 34999
5000 1 34999
5001 1 34999
5002 1 34999
5003 1 34999
5000 2 34999
5001 2 34999
5002 2 34999
5003 2 34999
5000 3 34999
5001 3 34999
5002 3 34999
5003 3 34999
5000 4 34999
5001 4 34999
5002 4 34999
5003 4 35000
5000 5 35000
5001 5 35000
5002 5 35000
5003 5 35000
5000 6 35000
5001 6 35001
5002 6 35001
5003 6 35001
5000 7 35001
5001 7 35001
5002 7 35001
5003 7 35001
5000 8 35001
5001 8 35002
5002 8 35002
5003 8 35002
5000 9 35002
5001 9 35003
5002 9 35003
5003 9 35003
5000 10 35003
5001 10 35003
5002 10 35003
5003 10 35004
5000 11 35004
5001 11 35004
5002 11 35004
5003 11 35006
5000 12 35011
5001 12 35012
5002 12 35012
5003 12 35014
5000 13 35017
5001 13 35019
5002 13 35019
5003 13 35020
5000 14 35022
5001 14 35023
5002 14 35024
5003 14 35027
5000 15 35030
5001 15 35032
5003 15 35035
5000 16 35039
5001 16 35040
5003 16 35042
5000 17 35042
5001 17 35045
5003 17 35048
5000 18 35049
5001 18 35049
5003 18 35049
5000 19 35051
5001 19 35051
5003 19 35052
5000 20 35054
5001 20 35055
5003 20 35056
5000 21 35057
5001 21 35059
5003 21 35059
5000 22 35061
5001 22 35062
5003 22 35062
5000 23 35062
5001 23 35063
5003 23 35063
5000 24 35063
5001 24 35065
5003 24 35065
5000 25 35065
5001 25 35067
5003 25 35068
5000 26 35069
5001 26 35071
5003 26 35073
5000 27 35073
5001 27 35074
5003 27 35075
5000 28 35075
5001 28 35075
5003 28 35077
5000 29 35077
5001 29 35078
5003 29 35080
5000 30 35080
5001 30 35080
5003 30 35081
5000 31 35081
5001 31 35082
5003 31 35083
5000 32 35083
5001 32 35084
5003 32 35087
5000 33 35087
5001 33 35089
5003 33 35089
5000 34 35089
5001 34 35090
5003 34 35090
5000 35 35092
5001 35 35094
5003 35 35095
5000 36 35096
5001 36 35096
5003 36 35096
5000 37 35097
5001 37 35097
5003 37 35097
5000 38 35099
5001 38 35099
5003 38 35099
5000 39 35100
5001 39 35100
5003 39 35101
5000 40 35101
5001 40 35101
5003 40 35102
5000 41 35102
5001 41 35104
5003 41 35104
5000 42 35105
5001 42 35105
5003 42 35108
5000 43 35109
5001 43 35110
5003 43 35113
5000 44 35113
5001 44 35114
5003 44 35116
5000 45 35116
5001 45 35116
5003 45 35118
5000 46 35118
5001 46 35120
5003 46 35123
5000 47 35123
5001 47 35124
5003 47 35125
5000 48 35125
5001 48 35125
5003 48 35127
5000 49 35127
5001 49 35128
5003 49 35129
5000 50 35129
5001 50 35129
5003 50 35131
5000 51 35131
5001 51 35131
5003 51 35138
5000 52 35139
5001 52 35139
5003 52 35146
5000 1 35146
5001 1 35146
5002 1 35146
5003 1 35146
5000 2 35146
5001 2 35146
5002 2 35146
5003 2 35146
5000 3 35146
5001 3 35146
5002 3 35146
5003 3 35146
5000 4 35147
5001 4 35147
5002 4 35148
5003 4 35148
5000 5 35148
5001 5 35150
5002 5 35150
5003 5 35150
5000 6 35150
5001 6 35150
5002 6 35150
5003 6 35150
5000 7 35150
5001 7 35151
5002 7 35151
5003 7 35151
5000 8 35151
5001 8 35157
5002 8 35158
5003 8 35160
5000 9 35161
5001 9 35161
5002 9 35161
5003 9 35163
5000 10 35165
5001 10 35165
5002 10 35165
5003 10 35166
5000 11 35168
5001 11 35171
5002 11 35172
5003 11 35175
5000 12 35175
5001 12 35175
5002 12 35178
5003 12 35178
5000 13 35178
5001 13 35178
5002 13 35179
5003 13 35179
5000 14 35179
5001 14 35179
5002 14 35180
5003 14 35180
5000 15 35180
5001 15 35185
5002 15 35185
5003 15 35185
5000 16 35186
5001 16 35189
5002 16 35191
5000 17 35191
5001 17 35192
5002 17 35193
5000 18 35193
5001 18 35197
5002 18 35200
5000 19 35201
5001 19 35203
5002 19 35204
5000 20 35204
5001 20 35205
5002 20 35206
5000 21 35206
5001 21 35207
5002 21 35208
5000 22 35208
5001 22 35211
5002 22 35212
5000 23 35213
5001 23 35214
5002 23 35215
5000 24 35215
5001 24 35216
5002 24 35216
5000 25 35217
5001 25 35218
5002 25 35218
5000 26 35218
5001 26 35221
5002 26 35221
5000 27 35222
5001 27 35224
5002 27 35225
5000 28 35225
5001 28 35233
5002 28 35235
5001 29 35237
5002 29 35243
5001 30 35243
5002 30 35246
5000 1 35246
5001 1 35246
5002 1 35246
5003 1 35246
5000 2 35246
5001 2 35246
5002 2 35246
5003 2 35246
5000 3 35246
5001 3 35246
5002 3 35246
5003 3 35246
5000 4 35250
5001 4 35250
5002 4 35250
5003 4 35250
5000 5 35250
5001 5 35250
5002 5 35250
5003 5 35250
5000 6 35251
5001 6 35251
5002 6 35251
5003 6 35252
5000 7 35253
5001 7 35253
5002 7 35253
5003 7 35253
5000 8 35254
5001 8 35255
5002 8 35255
5003 8 35257
5000 9 35260
5001 9 35261
5002 9 35261
5003 9 35261
5000 10 35261
5001 10 35261
5002 10 35262
5003 10 35262
5000 11 35264
5001 11 35264
5002 11 35264
5003 11 35265
5000 12 35269
5001 12 35270
5002 12 35271
5003 12 35271
5000 13 35271
5001 13 35271
5002 13 35274
5003 13 35274
5000 14 35274
5001 14 35278
5002 14 35281
5003 14 35284
5000 15 35285
5001 15 35287
5002 15 35287
5003 15 35289
5000 16 35292
5001 16 35295
5003 16 35296
5000 17 35301
5001 17 35304
5003 17 35306
5000 18 35309
5001 18 35312
5003 18 35317
5000 19 35317
5001 19 35317
5003 19 35321
5001 20 35325
5003 20 35327
5001 21 35332
5003 21 35333
5001 22 35337
5003 22 35338
5001 23 35340
5003 23 35343
5001 24 35346
5003 24 35347
5001 25 35349
5003 25 35351
5001 26 35351
5003 26 35355
5001 27 35356
5003 27 35360
5001 28 35360
5003 28 35364
5001 29 35365
5003 29 35368
5001 30 35369
5003 30 35373
5001 31 35374
5003 31 35375
5000 1 35375
5001 1 35375
5002 1 35375
5003 1 35375
5000 2 35375
5001 2 35375
5002 2 35375
5003 2 35375
5000 3 35375
5001 3 35375
5002 3 35375
5003 3 35375
5000 4 35375
5001 4 35375
5002 4 35375
5003 4 35375
5000 5 35376
5001 5 35376
5002 5 35376
5003 5 35376
5000 6 35377
5001 6 35378
5002 6 35378
5003 6 35380
5000 7 35380
5001 7 35380
5002 7 35381
5003 7 35381
5000 8 35381
5001 8 35381
5002 8 35382
5003 8 35382
5000 9 35382
5001 9 35383
5002 9 35383
5003 9 35383
5000 10 35384
5001 10 35385
5002 10 35385
5003 10 35385
5000 11 35386
5001 11 35386
5002 11 35386
5003 11 35387
5000 12 35388
5001 12 35388
5002 12 35388
5003 12 35389
5000 13 35390
5001 13 35390
5002 13 35390
5003 13 35392
5000 14 35392
5001 14 35393
5002 14 35395
5003 14 35395
5000 15 35397
5001 15 35399
5002 15 35402
5000 16 35403
5001 16 35405
5002 16 35406
5000 17 35406
5001 17 35407
5002 17 35410
5000 18 35411
5001 18 35412
5002 18 35413
5000 19 35414
5001 19 35414
5002 19 35417
5000 20 35418
5001 20 35418
5002 20 35420
5000 21 35420
5002 21 35423
5000 22 35425
5002 22 35427
5000 23 35431
5002 23 35431
5000 24 35438
5002 24 35440
5000 25 35442
5002 25 35445
5000 26 35453
5002 26 35454
5000 27 35455
5002 27 35457
5000 28 35457
5002 28 35461
5000 1 35461
5001 1 35461
5002 1 35461
5003 1 35461
5000 2 35461
5001 2 35461
5002 2 35461
5003 2 35461
5000 3 35461
5001 3 35461
5002 3 35461
5003 3 35461
5000 4 35461
5001 4 35461
5002 4 35461
5003 4 35461
5000 5 35461
5001 5 35461
5002 5 35461
5003 5 35461
5000 6 35461
5001 6 35461
5002 6 35462
5003 6 35462
5000 7 35462
5001 7 35462
5002 7 35463
5003 7 35463
5000 8 35464
5001 8 35464
5002 8 35464
5003 8 35464
5000 9 35464
5001 9 35465
5002 9 35465
5003 9 35467
5000 10 35467
5001 10 35467
5002 10 35468
5003 10 35468
5000 11 35468
5001 11 35468
5002 11 35468
5003 11 35469
5000 12 35471
5001 12 35472
5002 12 35473
5003 12 35473
5000 13 35473
5001 13 35474
5002 13 35478
5003 13 35478
5000 14 35478
5001 14 35478
5002 14 35481
5003 14 35484
5000 15 35484
5001 15 35485
5002 15 35489
5003 15 35491
5000 16 35491
5001 16 35492
5002 16 35492
5003 16 35495
5000 17 35496
5001 17 35498
5002 17 35498
5003 17 35501
5000 18 35502
5001 18 35503
5002 18 35503
5003 18 35505
5000 19 35505
5001 19 35506
5002 19 35507
5003 19 35508
5000 20 35508
5001 20 35508
5002 20 35509
5003 20 35509
5000 21 35509
5001 21 35510
5002 21 35510
5003 21 35511
5000 22 35511
5001 22 35512
5002 22 35512
5003 22 35516
5001 23 35518
5002 23 35518
5003 23 35518
5001 24 35518
5002 24 35518
5003 24 35519
5001 25 35519
5002 25 35520
5003 25 35520
5001 26 35521
5002 26 35521
5003 26 35524
5001 27 35524
5002 27 35525
5003 27 35528
5001 28 35528
5002 28 35528
5003 28 35533
5001 29 35533
5003 29 35534
5001 30 35534
5003 30 35534
5001 31 35536
5003 31 35538
5001 32 35540
5003 32 35545
5001 33 35547
5003 33 35551
5001 34 35554
5003 34 35558
5001 35 35558
5003 35 35559
5001 36 35559
5003 36 35560
5001 37 35561
5003 37 35563
5001 38 35566
5003 38 35568
5001 39 35570
5003 39 35574
5001 40 35575
5003 40 35580
5001 41 35581
5003 41 35583
5001 42 35585
5003 42 35586
5001 43 35587
5003 43 35588
5001 44 35590
5003 44 35590
5000 1 35590
5001 1 35590
5002 1 35590
5003 1 35590
5000 2 35590
5001 2 35590
5002 2 35590
5003 2 35591
5000 3 35591
5001 3 35591
5002 3 35591
5003 3 35591
5000 4 35591
5001 4 35591
5002 4 35591
5003 4 35592
5000 5 35592
5001 5 35592
5002 5 35592
5003 5 35592
5000 6 35592
5001 6 35592
5002 6 35592
5003 6 35592
5000 7 35593
5001 7 35593
5002 7 35593
5003 7 35594
5000 8 35596
5001 8 35596
5002 8 35597
5003 8 35598
5000 9 35598
5001 9 35598
5002 9 35598
5003 9 35599
5000 10 35600
5001 10 35602
5002 10 35602
5003 10 35603
5000 11 35606
5001 11 35606
5002 11 35607
5003 11 35607
5000 12 35608
5001 12 35608
5002 12 35609
5003 12 35610
5000 13 35610
5001 13 35610
5002 13 35610
5003 13 35610
5000 14 35610
5001 14 35610
5002 14 35610
5003 14 35610
5000 15 35610
5001 15 35611
5002 15 35612
5003 15 35612
5000 16 35612
5001 16 35613
5002 16 35613
5003 16 35614
5000 17 35616
5001 17 35618
5002 17 35619
5003 17 35621
5000 18 35621
5001 18 35621
5002 18 35621
5003 18 35622
5000 19 35622
5001 19 35622
5002 19 35622
5003 19 35622
5000 20 35623
5001 20 35623
5002 20 35623
5003 20 35624
5000 21 35624
5001 21 35625
5002 21 35625
5003 21 35625
5000 22 35625
5001 22 35627
5002 22 35627
5003 22 35628
5000 23 35629
5001 23 35629
5002 23 35629
5003 23 35629
5000 24 35633
5001 24 35633
5002 24 35635
5003 24 35635
5000 25 35637
5001 25 35638
5002 25 35640
5003 25 35640
5000 26 35644
5001 26 35645
5002 26 35645
5003 26 35645
5000 27 35645
5001 27 35645
5002 27 35647
5003 27 35649
5000 28 35649
5001 28 35651
5002 28 35653
5003 28 35656
5000 29 35659
5001 29 35662
5002 29 35662
5003 29 35663
5000 30 35664
5001 30 35665
5002 30 35665
5003 30 35666
5000 31 35667
5001 31 35669
5002 31 35669
5003 31 35673
5000 32 35673
5001 32 35675
5003 32 35678
5000 33 35678
5001 33 35678
5003 33 35680
5000 34 35680
5001 34 35682
5003 34 35684
5001 35 35687
5003 35 35689
5001 36 35689
5003 36 35692
5001 37 35692
5003 37 35696
5001 38 35696
5003 38 35700
5001 39 35700
5003 39 35703
5001 40 35703
5003 40 35704
5001 41 35704
5003 41 35704
5001 42 35704
5003 42 35704
5001 43 35704
5003 43 35708
5001 44 35711
5003 44 35716
5001 45 35716
5003 45 35717
5000 1 35717
5001 1 35717
5002 1 35717
5003 1 35717
5000 2 35717
5001 2 35717
5002 2 35717
5003 2 35717
5000 3 35717
5001 3 35718
5002 3 35718
5003 3 35718
5000 4 35718
5001 4 35718
5002 4 35718
5003 4 35718
5000 5 35718
5001 5 35718
5002 5 35718
5003 5 35718
5000 6 35718
5001 6 35718
5002 6 35718
5003 6 35718
5000 7 35718
5001 7 35719
5002 7 35720
5003 7 35721
5000 8 35721
5001 8 35721
5002 8 35722
5003 8 35723
5000 9 35723
5001 9 35723
5002 9 35726
5003 9 35726
5000 10 35726
5001 10 35726
5002 10 35727
5003 10 35729
5000 11 35729
5001 11 35729
5002 11 35732
5003 11 35735
5000 12 35736
5001 12 35737
5002 12 35739
5003 12 35740
5000 13 35740
5001 13 35741
5002 13 35742
5003 13 35744
5000 14 35745
5001 14 35746
5002 14 35746
5003 14 35748
5000 15 35748
5001 15 35750
5002 15 35751
5003 15 35753
5000 16 35753
5001 16 35755
5002 16 35755
5003 16 35757
5000 17 35758
5001 17 35760
5002 17 35760
5003 17 35762
5001 18 35763
5002 18 35763
5003 18 35763
5001 19 35764
5002 19 35765
5003 19 35766
5001 20 35767
5002 20 35767
5003 20 35772
5001 21 35773
5002 21 35773
5003 21 35775
5001 22 35775
5002 22 35775
5003 22 35775
5001 23 35776
5002 23 35776
5003 23 35781
5001 24 35782
5002 24 35782
5003 24 35786
5001 25 35788
5002 25 35788
5003 25 35790
5001 26 35790
5002 26 35790
5003 26 35792
5001 27 35792
5002 27 35792
5003 27 35793
5001 28 35793
5003 28 35793
5001 29 35796
5003 29 35797
5001 30 35799
5003 30 35800
5001 31 35802
5003 31 35803
5001 32 35805
5003 32 35806
5001 33 35810
5003 33 35811
5001 34 35815
5003 34 35815
5001 35 35817
5003 35 35817
5001 36 35818
5003 36 35822
5001 37 35826
5003 37 35828
5001 38 35829
5003 38 35831
5001 39 35832
5003 39 35833
5001 40 35837
5003 40 35839
5001 41 35840
5003 41 35840
5001 42 35841
5003 42 35842
5001 43 35842
5003 43 35844
5001 44 35845
5003 44 35846
5001 45 35846
5003 45 35846
5001 46 35848
5003 46 35849
5001 47 35851
5003 47 35851
5001 48 35852
5003 48 35853
5001 49 35855
5003 49 35856
5001 50 35857
5003 50 35857
5001 51 35858
5003 51 35858
5001 52 35861
5003 52 35861
5000 1 35861
5001 1 35861
5002 1 35861
5003 1 35861
5000 2 35861
5001 2 35861
5002 2 35861
5003 2 35861
5000 3 35861
5001 3 35861
5002 3 35861
5003 3 35861
5000 4 35861
5001 4 35861
5002 4 35861
5003 4 35862
5000 5 35862
5001 5 35862
5002 5 35862
5003 5 35863
5000 6 35864
5001 6 35864
5002 6 35864
5003 6 35865
5000 7 35865
5001 7 35866
5002 7 35866
5003 7 35866
5000 8 35867
5001 8 35867
5002 8 35867
5003 8 35868
5000 9 35869
5001 9 35869
5002 9 35869
5003 9 35869
5000 10 35871
5001 10 35872
5002 10 35873
5003 10 35875
5000 11 35877
5001 11 35879
5002 11 35879
5003 11 35880
5000 12 35881
5001 12 35882
5002 12 35882
5003 12 35882
5000 13 35883
5001 13 35884
5002 13 35884
5003 13 35885
5000 14 35885
5001 14 35885
5002 14 35886
5003 14 35886
5000 15 35886
5001 15 35886
5002 15 35886
5003 15 35887
5000 16 35887
5001 16 35890
5002 16 35892
5003 16 35894
5000 17 35895
5001 17 35898
5002 17 35900
5003 17 35901
5000 18 35901
5001 18 35901
5002 18 35904
5003 18 35911
5000 19 35911
5001 19 35911
5002 19 35912
5003 19 35913
5000 20 35913
5001 20 35915
5002 20 35916
5003 20 35918
5000 21 35922
5001 21 35923
5002 21 35923
5003 21 35925
5000 22 35925
5001 22 35926
5002 22 35927
5003 22 35927
5000 23 35927
5001 23 35927
5002 23 35929
5003 23 35931
5000 24 35931
5001 24 35931
5002 24 35934
5003 24 35936
5000 25 35938
5001 25 35939
5002 25 35939
5003 25 35939
5000 26 35940
5001 26 35941
5002 26 35942
5003 26 35943
5000 27 35945
5001 27 35945
5002 27 35945
5003 27 35945
5000 28 35945
5001 28 35945
5002 28 35946
5003 28 35946
5000 29 35947
5001 29 35947
5002 29 35949
5003 29 35950
5000 30 35951
5001 30 35952
5002 30 35954
5003 30 35956
5000 31 35956
5001 31 35956
5002 31 35956
5003 31 35956
5000 32 35956
5001 32 35956
5003 32 35956
5000 33 35957
5001 33 35957
5003 33 35958
5000 34 35959
5001 34 35962
5003 34 35966
5000 35 35967
5001 35 35967
5003 35 35967
5000 36 35967
5001 36 35968
5003 36 35968
5000 37 35969
5001 37 35969
5003 37 35969
5000 38 35970
5001 38 35970
5003 38 35973
5000 39 35975
5001 39 35976
5003 39 35976
5000 40 35977
5001 40 35977
5003 40 35979
5000 41 35980
5001 41 35981
5003 41 35983
5000 42 35983
5001 42 35983
5003 42 35986
5000 43 35986
5003 43 35988
5000 44 35988
5003 44 35990
5000 45 35993
5003 45 35994
5000 46 35994
5003 46 35994
5000 47 35995
5003 47 35997
5000 48 35998
5003 48 36000
5000 49 36001
5003 49 36002
5000 50 36003
5003 50 36004
5000 51 36006
5003 51 36009
5000 52 36010
5003 52 36013
5000 53 36013
5003 53 36014
5003 54 36016
5003 55 36016
5003 56 36016
5003 57 36016
5003 58 36016
5000 1 36016
5001 1 36016
5002 1 36016
5003 1 36016
5000 2 36016
5001 2 36016
5002 2 36016
5003 2 36016
5000 3 36016
5001 3 36016
5002 3 36016
5003 3 36016
5000 4 36016
5001 4 36016
5002 4 36016
5003 4 36016
5000 5 36016
5001 5 36017
5002 5 36018
5003 5 36018
5000 6 36018
5001 6 36018
5002 6 36019
5003 6 36019
5000 7 36019
5001 7 36019
5002 7 36019
5003 7 36019
5000 8 36020
5001 8 36020
5002 8 36020
5003 8 36020
5000 9 36022
5001 9 36024
5002 9 36025
5003 9 36025
5000 10 36028
5001 10 36028
5002 10 36031
5003 10 36034
5000 11 36034
5001 11 36034
5002 11 36035
5003 11 36036
5000 12 36037
5001 12 36037
5002 12 36038
5003 12 36038
5000 13 36038
5001 13 36039
5002 13 36040
5003 13 36040
5000 14 36040
5001 14 36040
5002 14 36040
5003 14 36042
5000 15 36042
5001 15 36043
5002 15 36044
5003 15 36044
5000 16 36045
5001 16 36046
5002 16 36047
5003 16 36048
5000 17 36048
5001 17 36048
5002 17 36050
5003 17 36050
5000 18 36055
5001 18 36056
5002 18 36058
5003 18 36058
5000 19 36058
5001 19 36059
5002 19 36060
5003 19 36060
5000 20 36060
5001 20 36060
5002 20 36062
5003 20 36065
5000 21 36067
5001 21 36067
5002 21 36068
5003 21 36068
5000 22 36068
5001 22 36068
5002 22 36071
5003 22 36071
5000 23 36071
5001 23 36072
5002 23 36074
5000 24 36074
5001 24 36074
5002 24 36076
5000 25 36076
5002 25 36076
5000 26 36078
5002 26 36080
5000 27 36082
5002 27 36086
5000 28 36088
5002 28 36089
5000 29 36089
5002 29 36091
5000 30 36091
5002 30 36091
5000 1 36091
5001 1 36091
5002 1 36091
5003 1 36091
5000 2 36091
5001 2 36091
5002 2 36091
5003 2 36091
5000 3 36091
5001 3 36091
5002 3 36091
5003 3 36091
5000 4 36093
5001 4 36093
5002 4 36094
5003 4 36094
5000 5 36094
5001 5 36094
5002 5 36096
5003 5 36096
5000 6 36096
5001 6 36096
5002 6 36096
5003 6 36096
5000 7 36096
5001 7 36096
5002 7 36097
5003 7 36097
5000 8 36097
5001 8 36097
5002 8 36097
5003 8 36097
5000 9 36098
5001 9 36099
5002 9 36100
5003 9 36103
5000 10 36103
5001 10 36103
5002 10 36104
5003 10 36104
5000 11 36105
5001 11 36105
5002 11 36105
5003 11 36105
5000 12 36105
5001 12 36106
5002 12 36106
5003 12 36106
5000 13 36107
5001 13 36108
5002 13 36109
5003 13 36110
5000 14 36110
5001 14 36111
5002 14 36111
5003 14 36114
5000 15 36115
5001 15 36116
5002 15 36119
5003 15 36123
5000 16 36125
5001 16 36126
5002 16 36128
5003 16 36128
5000 17 36128
5001 17 36129
5002 17 36131
5003 17 36131
5000 18 36132
5001 18 36132
5002 18 36133
5003 18 36134
5000 19 36136
5001 19 36137
5002 19 36138
5003 19 36139
5000 20 36141
5001 20 36141
5002 20 36142
5003 20 36143
5000 21 36144
5001 21 36145
5002 21 36146
5003 21 36146
5000 22 36149
5001 22 36150
5002 22 36151
5003 22 36151
5000 23 36151
5001 23 36152
5002 23 36153
5003 23 36156
5000 24 36157
5001 24 36158
5002 24 36160
5003 24 36163
5000 25 36164
5001 25 36167
5002 25 36170
5000 26 36172
5001 26 36173
5002 26 36174
5000 27 36176
5001 27 36176
5002 27 36176
5000 28 36177
5001 28 36177
5002 28 36178
5000 29 36182
5001 29 36182
5002 29 36182
5000 30 36186
5001 30 36186
5002 30 36186
5000 31 36187
5001 31 36187
5002 31 36187
5000 32 36189
5001 32 36190
5002 32 36190
5000 33 36192
5002 33 36192
5000 34 36192
5002 34 36192
5000 35 36194
5002 35 36194
5000 36 36194
5002 36 36194
5000 37 36195
5002 37 36195
5000 38 36196
5002 38 36196
5000 39 36198
5002 39 36199
5000 40 36201
5002 40 36201
5000 41 36203
5002 41 36204
5000 42 36204
5002 42 36206
5000 43 36208
5002 43 36209
5000 44 36212
5002 44 36215
5000 45 36216
5002 45 36216
5000 46 36216
5002 46 36216
5000 47 36218
5002 47 36220
5000 48 36221
5002 48 36225
5000 49 36230
5002 49 36232
5000 50 36232
5002 50 36235
5000 51 36237
5002 51 36237
5000 52 36238
5002 52 36239
5000 53 36243
5002 53 36245
5000 54 36247
5002 54 36249
5000 55 36251
5002 55 36256
5000 56 36259
5002 56 36262
5002 57 36262
5002 58 36262
5002 59 36262
5002 60 36262
5002 61 36262
