245  07:12:38.035 [main] INFO  o.t.game.client.HeadedGameRunner - Launching game, version: 2.7+00000 
356  07:12:38.146 [Thread-5] DEBUG g.s.e.data.gameparser.GameParser - Parsing game XML: /home/sanjana/triplea/downloadedMaps/capture_the_flag/map/games/capture_the_flag.xml
242  07:13:59.103 [main] INFO  o.t.game.client.HeadedGameRunner - Launching game, version: 2.7+00000 
362  07:13:59.223 [Thread-5] DEBUG g.s.e.data.gameparser.GameParser - Parsing game XML: /home/sanjana/triplea/downloadedMaps/capture_the_flag/map/games/capture_the_flag.xml
230  07:14:53.103 [main] INFO  o.t.game.client.HeadedGameRunner - Launching game, version: 2.7+00000 
346  07:14:53.219 [Thread-5] DEBUG g.s.e.data.gameparser.GameParser - Parsing game XML: /home/sanjana/triplea/downloadedMaps/capture_the_flag/map/games/capture_the_flag.xml
229  07:15:57.132 [main] INFO  o.t.game.client.HeadedGameRunner - Launching game, version: 2.7+00000 
339  07:15:57.242 [Thread-5] DEBUG g.s.e.data.gameparser.GameParser - Parsing game XML: /home/sanjana/triplea/downloadedMaps/capture_the_flag/map/games/capture_the_flag.xml
236  07:16:47.204 [main] INFO  o.t.game.client.HeadedGameRunner - Launching game, version: 2.7+00000 
346  07:16:47.314 [Thread-5] DEBUG g.s.e.data.gameparser.GameParser - Parsing game XML: /home/sanjana/triplea/downloadedMaps/capture_the_flag/map/games/capture_the_flag.xml
225  07:17:31.361 [main] INFO  o.t.game.client.HeadedGameRunner - Launching game, version: 2.7+00000 
321  07:17:31.457 [Thread-5] DEBUG g.s.e.data.gameparser.GameParser - Parsing game XML: /home/sanjana/triplea/downloadedMaps/capture_the_flag/map/games/capture_the_flag.xml
254  07:18:35.447 [main] INFO  o.t.game.client.HeadedGameRunner - Launching game, version: 2.7+00000 
369  07:18:35.562 [Thread-5] DEBUG g.s.e.data.gameparser.GameParser - Parsing game XML: /home/sanjana/triplea/downloadedMaps/capture_the_flag/map/games/capture_the_flag.xml
19621 07:18:54.814 [AWT-EventQueue-0] ERROR o.t.game.client.HeadedGameRunner - Vector Enumeration
java.util.NoSuchElementException: Vector Enumeration
	at java.base/java.util.Vector$1.nextElement(Vector.java:344)
	at java.desktop/javax.swing.tree.DefaultMutableTreeNode$PreorderEnumeration.nextElement(DefaultMutableTreeNode.java:1349)
	at java.desktop/javax.swing.tree.DefaultMutableTreeNode$PreorderEnumeration.nextElement(DefaultMutableTreeNode.java:1333)
	at games.strategy.engine.history.History.getCurrentPlayer(History.java:177)
	at games.strategy.triplea.util.UnitSeparator.getComparatorUnitCategories(UnitSeparator.java:128)
	at games.strategy.triplea.util.UnitSeparator.getSortedUnitCategories(UnitSeparator.java:101)
	at games.strategy.triplea.ui.SimpleUnitPanel.setUnits(SimpleUnitPanel.java:130)
	at games.strategy.triplea.ui.PlacementUnitsCollapsiblePanel.lambda$updateStep$0(PlacementUnitsCollapsiblePanel.java:50)
	at java.desktop/java.awt.event.InvocationEvent.dispatch(InvocationEvent.java:318)
	at java.desktop/java.awt.EventQueue.dispatchEventImpl(EventQueue.java:773)
	at java.desktop/java.awt.EventQueue$4.run(EventQueue.java:720)
	at java.desktop/java.awt.EventQueue$4.run(EventQueue.java:714)
	at java.base/java.security.AccessController.doPrivileged(AccessController.java:400)
	at java.base/java.security.ProtectionDomain$JavaSecurityAccessImpl.doIntersectionPrivilege(ProtectionDomain.java:87)
	at java.desktop/java.awt.EventQueue.dispatchEvent(EventQueue.java:742)
	at java.desktop/java.awt.EventDispatchThread.pumpOneEventForFilters(EventDispatchThread.java:203)
	at java.desktop/java.awt.EventDispatchThread.pumpEventsForFilter(EventDispatchThread.java:124)
	at java.desktop/java.awt.EventDispatchThread.pumpEventsForHierarchy(EventDispatchThread.java:113)
	at java.desktop/java.awt.EventDispatchThread.pumpEvents(EventDispatchThread.java:109)
	at java.desktop/java.awt.EventDispatchThread.pumpEvents(EventDispatchThread.java:101)
	at java.desktop/java.awt.EventDispatchThread.run(EventDispatchThread.java:90)
227  07:19:27.513 [main] INFO  o.t.game.client.HeadedGameRunner - Launching game, version: 2.7+00000 
349  07:19:27.635 [Thread-5] DEBUG g.s.e.data.gameparser.GameParser - Parsing game XML: /home/sanjana/triplea/downloadedMaps/capture_the_flag/map/games/capture_the_flag.xml
230  07:20:07.605 [main] INFO  o.t.game.client.HeadedGameRunner - Launching game, version: 2.7+00000 
345  07:20:07.720 [Thread-5] DEBUG g.s.e.data.gameparser.GameParser - Parsing game XML: /home/sanjana/triplea/downloadedMaps/capture_the_flag/map/games/capture_the_flag.xml
218  07:21:11.716 [main] INFO  o.t.game.client.HeadedGameRunner - Launching game, version: 2.7+00000 
327  07:21:11.825 [Thread-5] DEBUG g.s.e.data.gameparser.GameParser - Parsing game XML: /home/sanjana/triplea/downloadedMaps/capture_the_flag/map/games/capture_the_flag.xml
263  07:22:23.820 [main] INFO  o.t.game.client.HeadedGameRunner - Launching game, version: 2.7+00000 
374  07:22:23.931 [Thread-5] DEBUG g.s.e.data.gameparser.GameParser - Parsing game XML: /home/sanjana/triplea/downloadedMaps/capture_the_flag/map/games/capture_the_flag.xml
226  07:23:09.881 [main] INFO  o.t.game.client.HeadedGameRunner - Launching game, version: 2.7+00000 
344  07:23:09.999 [Thread-5] DEBUG g.s.e.data.gameparser.GameParser - Parsing game XML: /home/sanjana/triplea/downloadedMaps/capture_the_flag/map/games/capture_the_flag.xml
222  07:23:55.948 [main] INFO  o.t.game.client.HeadedGameRunner - Launching game, version: 2.7+00000 
335  07:23:56.061 [Thread-5] DEBUG g.s.e.data.gameparser.GameParser - Parsing game XML: /home/sanjana/triplea/downloadedMaps/capture_the_flag/map/games/capture_the_flag.xml
238  07:25:00.071 [main] INFO  o.t.game.client.HeadedGameRunner - Launching game, version: 2.7+00000 
349  07:25:00.182 [Thread-5] DEBUG g.s.e.data.gameparser.GameParser - Parsing game XML: /home/sanjana/triplea/downloadedMaps/capture_the_flag/map/games/capture_the_flag.xml
231  07:25:48.180 [main] INFO  o.t.game.client.HeadedGameRunner - Launching game, version: 2.7+00000 
341  07:25:48.290 [Thread-5] DEBUG g.s.e.data.gameparser.GameParser - Parsing game XML: /home/sanjana/triplea/downloadedMaps/capture_the_flag/map/games/capture_the_flag.xml
229  07:26:38.221 [main] INFO  o.t.game.client.HeadedGameRunner - Launching game, version: 2.7+00000 
349  07:26:38.341 [Thread-5] DEBUG g.s.e.data.gameparser.GameParser - Parsing game XML: /home/sanjana/triplea/downloadedMaps/capture_the_flag/map/games/capture_the_flag.xml
261  07:27:22.436 [main] INFO  o.t.game.client.HeadedGameRunner - Launching game, version: 2.7+00000 
384  07:27:22.559 [Thread-5] DEBUG g.s.e.data.gameparser.GameParser - Parsing game XML: /home/sanjana/triplea/downloadedMaps/capture_the_flag/map/games/capture_the_flag.xml
228  07:28:06.442 [main] INFO  o.t.game.client.HeadedGameRunner - Launching game, version: 2.7+00000 
339  07:28:06.553 [Thread-5] DEBUG g.s.e.data.gameparser.GameParser - Parsing game XML: /home/sanjana/triplea/downloadedMaps/capture_the_flag/map/games/capture_the_flag.xml
224  07:28:54.508 [main] INFO  o.t.game.client.HeadedGameRunner - Launching game, version: 2.7+00000 
339  07:28:54.623 [Thread-5] DEBUG g.s.e.data.gameparser.GameParser - Parsing game XML: /home/sanjana/triplea/downloadedMaps/capture_the_flag/map/games/capture_the_flag.xml
222  07:29:56.605 [main] INFO  o.t.game.client.HeadedGameRunner - Launching game, version: 2.7+00000 
345  07:29:56.728 [Thread-5] DEBUG g.s.e.data.gameparser.GameParser - Parsing game XML: /home/sanjana/triplea/downloadedMaps/capture_the_flag/map/games/capture_the_flag.xml
219  07:30:40.701 [main] INFO  o.t.game.client.HeadedGameRunner - Launching game, version: 2.7+00000 
329  07:30:40.811 [Thread-5] DEBUG g.s.e.data.gameparser.GameParser - Parsing game XML: /home/sanjana/triplea/downloadedMaps/capture_the_flag/map/games/capture_the_flag.xml
225  07:31:42.881 [main] INFO  o.t.game.client.HeadedGameRunner - Launching game, version: 2.7+00000 
339  07:31:42.995 [Thread-5] DEBUG g.s.e.data.gameparser.GameParser - Parsing game XML: /home/sanjana/triplea/downloadedMaps/capture_the_flag/map/games/capture_the_flag.xml
229  07:33:04.981 [main] INFO  o.t.game.client.HeadedGameRunner - Launching game, version: 2.7+00000 
337  07:33:05.089 [Thread-5] DEBUG g.s.e.data.gameparser.GameParser - Parsing game XML: /home/sanjana/triplea/downloadedMaps/capture_the_flag/map/games/capture_the_flag.xml
245  07:33:55.106 [main] INFO  o.t.game.client.HeadedGameRunner - Launching game, version: 2.7+00000 
369  07:33:55.230 [Thread-5] DEBUG g.s.e.data.gameparser.GameParser - Parsing game XML: /home/sanjana/triplea/downloadedMaps/capture_the_flag/map/games/capture_the_flag.xml
227  07:34:57.137 [main] INFO  o.t.game.client.HeadedGameRunner - Launching game, version: 2.7+00000 
337  07:34:57.247 [Thread-5] DEBUG g.s.e.data.gameparser.GameParser - Parsing game XML: /home/sanjana/triplea/downloadedMaps/capture_the_flag/map/games/capture_the_flag.xml
228  07:36:21.297 [main] INFO  o.t.game.client.HeadedGameRunner - Launching game, version: 2.7+00000 
338  07:36:21.407 [Thread-5] DEBUG g.s.e.data.gameparser.GameParser - Parsing game XML: /home/sanjana/triplea/downloadedMaps/capture_the_flag/map/games/capture_the_flag.xml
228  07:37:07.385 [main] INFO  o.t.game.client.HeadedGameRunner - Launching game, version: 2.7+00000 
352  07:37:07.509 [Thread-5] DEBUG g.s.e.data.gameparser.GameParser - Parsing game XML: /home/sanjana/triplea/downloadedMaps/capture_the_flag/map/games/capture_the_flag.xml
252  07:38:07.502 [main] INFO  o.t.game.client.HeadedGameRunner - Launching game, version: 2.7+00000 
366  07:38:07.616 [Thread-5] DEBUG g.s.e.data.gameparser.GameParser - Parsing game XML: /home/sanjana/triplea/downloadedMaps/capture_the_flag/map/games/capture_the_flag.xml
252  07:39:07.640 [main] INFO  o.t.game.client.HeadedGameRunner - Launching game, version: 2.7+00000 
366  07:39:07.754 [Thread-5] DEBUG g.s.e.data.gameparser.GameParser - Parsing game XML: /home/sanjana/triplea/downloadedMaps/capture_the_flag/map/games/capture_the_flag.xml
230  07:39:49.662 [main] INFO  o.t.game.client.HeadedGameRunner - Launching game, version: 2.7+00000 
350  07:39:49.782 [Thread-5] DEBUG g.s.e.data.gameparser.GameParser - Parsing game XML: /home/sanjana/triplea/downloadedMaps/capture_the_flag/map/games/capture_the_flag.xml
237  07:40:43.968 [main] INFO  o.t.game.client.HeadedGameRunner - Launching game, version: 2.7+00000 
344  07:40:44.075 [Thread-5] DEBUG g.s.e.data.gameparser.GameParser - Parsing game XML: /home/sanjana/triplea/downloadedMaps/capture_the_flag/map/games/capture_the_flag.xml
239  07:41:22.101 [main] INFO  o.t.game.client.HeadedGameRunner - Launching game, version: 2.7+00000 
356  07:41:22.218 [Thread-5] DEBUG g.s.e.data.gameparser.GameParser - Parsing game XML: /home/sanjana/triplea/downloadedMaps/capture_the_flag/map/games/capture_the_flag.xml
231  07:42:20.148 [main] INFO  o.t.game.client.HeadedGameRunner - Launching game, version: 2.7+00000 
344  07:42:20.261 [Thread-5] DEBUG g.s.e.data.gameparser.GameParser - Parsing game XML: /home/sanjana/triplea/downloadedMaps/capture_the_flag/map/games/capture_the_flag.xml
240  07:43:00.298 [main] INFO  o.t.game.client.HeadedGameRunner - Launching game, version: 2.7+00000 
355  07:43:00.413 [Thread-5] DEBUG g.s.e.data.gameparser.GameParser - Parsing game XML: /home/sanjana/triplea/downloadedMaps/capture_the_flag/map/games/capture_the_flag.xml
221  07:44:16.366 [main] INFO  o.t.game.client.HeadedGameRunner - Launching game, version: 2.7+00000 
328  07:44:16.473 [Thread-5] DEBUG g.s.e.data.gameparser.GameParser - Parsing game XML: /home/sanjana/triplea/downloadedMaps/capture_the_flag/map/games/capture_the_flag.xml
232  07:45:12.449 [main] INFO  o.t.game.client.HeadedGameRunner - Launching game, version: 2.7+00000 
348  07:45:12.565 [Thread-5] DEBUG g.s.e.data.gameparser.GameParser - Parsing game XML: /home/sanjana/triplea/downloadedMaps/capture_the_flag/map/games/capture_the_flag.xml
232  07:46:44.718 [main] INFO  o.t.game.client.HeadedGameRunner - Launching game, version: 2.7+00000 
342  07:46:44.828 [Thread-5] DEBUG g.s.e.data.gameparser.GameParser - Parsing game XML: /home/sanjana/triplea/downloadedMaps/capture_the_flag/map/games/capture_the_flag.xml
225  07:47:28.814 [main] INFO  o.t.game.client.HeadedGameRunner - Launching game, version: 2.7+00000 
332  07:47:28.921 [Thread-5] DEBUG g.s.e.data.gameparser.GameParser - Parsing game XML: /home/sanjana/triplea/downloadedMaps/capture_the_flag/map/games/capture_the_flag.xml
237  07:48:02.957 [main] INFO  o.t.game.client.HeadedGameRunner - Launching game, version: 2.7+00000 
357  07:48:03.077 [Thread-5] DEBUG g.s.e.data.gameparser.GameParser - Parsing game XML: /home/sanjana/triplea/downloadedMaps/capture_the_flag/map/games/capture_the_flag.xml
255  07:48:39.037 [main] INFO  o.t.game.client.HeadedGameRunner - Launching game, version: 2.7+00000 
368  07:48:39.150 [Thread-5] DEBUG g.s.e.data.gameparser.GameParser - Parsing game XML: /home/sanjana/triplea/downloadedMaps/capture_the_flag/map/games/capture_the_flag.xml
246  07:49:15.097 [main] INFO  o.t.game.client.HeadedGameRunner - Launching game, version: 2.7+00000 
355  07:49:15.206 [Thread-5] DEBUG g.s.e.data.gameparser.GameParser - Parsing game XML: /home/sanjana/triplea/downloadedMaps/capture_the_flag/map/games/capture_the_flag.xml
255  07:50:07.211 [main] INFO  o.t.game.client.HeadedGameRunner - Launching game, version: 2.7+00000 
364  07:50:07.320 [Thread-5] DEBUG g.s.e.data.gameparser.GameParser - Parsing game XML: /home/sanjana/triplea/downloadedMaps/capture_the_flag/map/games/capture_the_flag.xml
234  07:50:49.252 [main] INFO  o.t.game.client.HeadedGameRunner - Launching game, version: 2.7+00000 
353  07:50:49.371 [Thread-5] DEBUG g.s.e.data.gameparser.GameParser - Parsing game XML: /home/sanjana/triplea/downloadedMaps/capture_the_flag/map/games/capture_the_flag.xml
274  07:51:39.424 [main] INFO  o.t.game.client.HeadedGameRunner - Launching game, version: 2.7+00000 
389  07:51:39.539 [Thread-5] DEBUG g.s.e.data.gameparser.GameParser - Parsing game XML: /home/sanjana/triplea/downloadedMaps/capture_the_flag/map/games/capture_the_flag.xml
235  07:52:43.458 [main] INFO  o.t.game.client.HeadedGameRunner - Launching game, version: 2.7+00000 
345  07:52:43.568 [Thread-5] DEBUG g.s.e.data.gameparser.GameParser - Parsing game XML: /home/sanjana/triplea/downloadedMaps/capture_the_flag/map/games/capture_the_flag.xml
259  07:54:39.596 [main] INFO  o.t.game.client.HeadedGameRunner - Launching game, version: 2.7+00000 
374  07:54:39.711 [Thread-5] DEBUG g.s.e.data.gameparser.GameParser - Parsing game XML: /home/sanjana/triplea/downloadedMaps/capture_the_flag/map/games/capture_the_flag.xml
236  07:55:29.750 [main] INFO  o.t.game.client.HeadedGameRunner - Launching game, version: 2.7+00000 
361  07:55:29.875 [Thread-5] DEBUG g.s.e.data.gameparser.GameParser - Parsing game XML: /home/sanjana/triplea/downloadedMaps/capture_the_flag/map/games/capture_the_flag.xml
250  07:56:13.825 [main] INFO  o.t.game.client.HeadedGameRunner - Launching game, version: 2.7+00000 
363  07:56:13.938 [Thread-5] DEBUG g.s.e.data.gameparser.GameParser - Parsing game XML: /home/sanjana/triplea/downloadedMaps/capture_the_flag/map/games/capture_the_flag.xml
218  07:57:25.933 [main] INFO  o.t.game.client.HeadedGameRunner - Launching game, version: 2.7+00000 
328  07:57:26.043 [Thread-5] DEBUG g.s.e.data.gameparser.GameParser - Parsing game XML: /home/sanjana/triplea/downloadedMaps/capture_the_flag/map/games/capture_the_flag.xml
229  07:58:10.018 [main] INFO  o.t.game.client.HeadedGameRunner - Launching game, version: 2.7+00000 
346  07:58:10.135 [Thread-5] DEBUG g.s.e.data.gameparser.GameParser - Parsing game XML: /home/sanjana/triplea/downloadedMaps/capture_the_flag/map/games/capture_the_flag.xml
242  07:59:06.142 [main] INFO  o.t.game.client.HeadedGameRunner - Launching game, version: 2.7+00000 
355  07:59:06.255 [Thread-5] DEBUG g.s.e.data.gameparser.GameParser - Parsing game XML: /home/sanjana/triplea/downloadedMaps/capture_the_flag/map/games/capture_the_flag.xml
227  08:00:14.220 [main] INFO  o.t.game.client.HeadedGameRunner - Launching game, version: 2.7+00000 
340  08:00:14.333 [Thread-5] DEBUG g.s.e.data.gameparser.GameParser - Parsing game XML: /home/sanjana/triplea/downloadedMaps/capture_the_flag/map/games/capture_the_flag.xml
218  08:00:56.301 [main] INFO  o.t.game.client.HeadedGameRunner - Launching game, version: 2.7+00000 
343  08:00:56.426 [Thread-5] DEBUG g.s.e.data.gameparser.GameParser - Parsing game XML: /home/sanjana/triplea/downloadedMaps/capture_the_flag/map/games/capture_the_flag.xml
231  08:02:00.414 [main] INFO  o.t.game.client.HeadedGameRunner - Launching game, version: 2.7+00000 
346  08:02:00.529 [Thread-5] DEBUG g.s.e.data.gameparser.GameParser - Parsing game XML: /home/sanjana/triplea/downloadedMaps/capture_the_flag/map/games/capture_the_flag.xml
235  08:02:42.540 [main] INFO  o.t.game.client.HeadedGameRunner - Launching game, version: 2.7+00000 
351  08:02:42.656 [Thread-5] DEBUG g.s.e.data.gameparser.GameParser - Parsing game XML: /home/sanjana/triplea/downloadedMaps/capture_the_flag/map/games/capture_the_flag.xml
232  08:03:22.615 [main] INFO  o.t.game.client.HeadedGameRunner - Launching game, version: 2.7+00000 
338  08:03:22.721 [Thread-5] DEBUG g.s.e.data.gameparser.GameParser - Parsing game XML: /home/sanjana/triplea/downloadedMaps/capture_the_flag/map/games/capture_the_flag.xml
232  08:04:06.702 [main] INFO  o.t.game.client.HeadedGameRunner - Launching game, version: 2.7+00000 
360  08:04:06.830 [Thread-5] DEBUG g.s.e.data.gameparser.GameParser - Parsing game XML: /home/sanjana/triplea/downloadedMaps/capture_the_flag/map/games/capture_the_flag.xml
250  08:05:20.836 [main] INFO  o.t.game.client.HeadedGameRunner - Launching game, version: 2.7+00000 
365  08:05:20.951 [Thread-5] DEBUG g.s.e.data.gameparser.GameParser - Parsing game XML: /home/sanjana/triplea/downloadedMaps/capture_the_flag/map/games/capture_the_flag.xml
230  08:06:24.909 [main] INFO  o.t.game.client.HeadedGameRunner - Launching game, version: 2.7+00000 
343  08:06:25.022 [Thread-5] DEBUG g.s.e.data.gameparser.GameParser - Parsing game XML: /home/sanjana/triplea/downloadedMaps/capture_the_flag/map/games/capture_the_flag.xml
231  08:07:33.002 [main] INFO  o.t.game.client.HeadedGameRunner - Launching game, version: 2.7+00000 
345  08:07:33.116 [Thread-5] DEBUG g.s.e.data.gameparser.GameParser - Parsing game XML: /home/sanjana/triplea/downloadedMaps/capture_the_flag/map/games/capture_the_flag.xml
258  08:08:21.327 [main] INFO  o.t.game.client.HeadedGameRunner - Launching game, version: 2.7+00000 
379  08:08:21.448 [Thread-5] DEBUG g.s.e.data.gameparser.GameParser - Parsing game XML: /home/sanjana/triplea/downloadedMaps/capture_the_flag/map/games/capture_the_flag.xml
244  08:08:59.386 [main] INFO  o.t.game.client.HeadedGameRunner - Launching game, version: 2.7+00000 
358  08:08:59.500 [Thread-5] DEBUG g.s.e.data.gameparser.GameParser - Parsing game XML: /home/sanjana/triplea/downloadedMaps/capture_the_flag/map/games/capture_the_flag.xml
232  08:09:39.496 [main] INFO  o.t.game.client.HeadedGameRunner - Launching game, version: 2.7+00000 
346  08:09:39.610 [Thread-5] DEBUG g.s.e.data.gameparser.GameParser - Parsing game XML: /home/sanjana/triplea/downloadedMaps/capture_the_flag/map/games/capture_the_flag.xml
252  08:10:25.616 [main] INFO  o.t.game.client.HeadedGameRunner - Launching game, version: 2.7+00000 
371  08:10:25.735 [Thread-5] DEBUG g.s.e.data.gameparser.GameParser - Parsing game XML: /home/sanjana/triplea/downloadedMaps/capture_the_flag/map/games/capture_the_flag.xml
231  08:11:03.662 [main] INFO  o.t.game.client.HeadedGameRunner - Launching game, version: 2.7+00000 
335  08:11:03.766 [Thread-5] DEBUG g.s.e.data.gameparser.GameParser - Parsing game XML: /home/sanjana/triplea/downloadedMaps/capture_the_flag/map/games/capture_the_flag.xml
255  08:11:41.765 [main] INFO  o.t.game.client.HeadedGameRunner - Launching game, version: 2.7+00000 
368  08:11:41.878 [Thread-5] DEBUG g.s.e.data.gameparser.GameParser - Parsing game XML: /home/sanjana/triplea/downloadedMaps/capture_the_flag/map/games/capture_the_flag.xml
238  08:12:23.872 [main] INFO  o.t.game.client.HeadedGameRunner - Launching game, version: 2.7+00000 
346  08:12:23.980 [Thread-5] DEBUG g.s.e.data.gameparser.GameParser - Parsing game XML: /home/sanjana/triplea/downloadedMaps/capture_the_flag/map/games/capture_the_flag.xml
239  08:13:03.959 [main] INFO  o.t.game.client.HeadedGameRunner - Launching game, version: 2.7+00000 
356  08:13:04.076 [Thread-5] DEBUG g.s.e.data.gameparser.GameParser - Parsing game XML: /home/sanjana/triplea/downloadedMaps/capture_the_flag/map/games/capture_the_flag.xml
258  08:13:42.057 [main] INFO  o.t.game.client.HeadedGameRunner - Launching game, version: 2.7+00000 
367  08:13:42.166 [Thread-5] DEBUG g.s.e.data.gameparser.GameParser - Parsing game XML: /home/sanjana/triplea/downloadedMaps/capture_the_flag/map/games/capture_the_flag.xml
228  08:14:22.098 [main] INFO  o.t.game.client.HeadedGameRunner - Launching game, version: 2.7+00000 
347  08:14:22.217 [Thread-5] DEBUG g.s.e.data.gameparser.GameParser - Parsing game XML: /home/sanjana/triplea/downloadedMaps/capture_the_flag/map/games/capture_the_flag.xml
257  08:15:02.227 [main] INFO  o.t.game.client.HeadedGameRunner - Launching game, version: 2.7+00000 
379  08:15:02.349 [Thread-5] DEBUG g.s.e.data.gameparser.GameParser - Parsing game XML: /home/sanjana/triplea/downloadedMaps/capture_the_flag/map/games/capture_the_flag.xml
232  08:15:40.308 [main] INFO  o.t.game.client.HeadedGameRunner - Launching game, version: 2.7+00000 
342  08:15:40.418 [Thread-5] DEBUG g.s.e.data.gameparser.GameParser - Parsing game XML: /home/sanjana/triplea/downloadedMaps/capture_the_flag/map/games/capture_the_flag.xml
245  08:17:02.431 [main] INFO  o.t.game.client.HeadedGameRunner - Launching game, version: 2.7+00000 
368  08:17:02.554 [Thread-5] DEBUG g.s.e.data.gameparser.GameParser - Parsing game XML: /home/sanjana/triplea/downloadedMaps/capture_the_flag/map/games/capture_the_flag.xml
251  08:17:42.522 [main] INFO  o.t.game.client.HeadedGameRunner - Launching game, version: 2.7+00000 
373  08:17:42.644 [Thread-5] DEBUG g.s.e.data.gameparser.GameParser - Parsing game XML: /home/sanjana/triplea/downloadedMaps/capture_the_flag/map/games/capture_the_flag.xml
228  08:18:38.583 [main] INFO  o.t.game.client.HeadedGameRunner - Launching game, version: 2.7+00000 
340  08:18:38.695 [Thread-5] DEBUG g.s.e.data.gameparser.GameParser - Parsing game XML: /home/sanjana/triplea/downloadedMaps/capture_the_flag/map/games/capture_the_flag.xml
232  08:19:28.697 [main] INFO  o.t.game.client.HeadedGameRunner - Launching game, version: 2.7+00000 
342  08:19:28.807 [Thread-5] DEBUG g.s.e.data.gameparser.GameParser - Parsing game XML: /home/sanjana/triplea/downloadedMaps/capture_the_flag/map/games/capture_the_flag.xml
235  08:20:12.774 [main] INFO  o.t.game.client.HeadedGameRunner - Launching game, version: 2.7+00000 
346  08:20:12.885 [Thread-5] DEBUG g.s.e.data.gameparser.GameParser - Parsing game XML: /home/sanjana/triplea/downloadedMaps/capture_the_flag/map/games/capture_the_flag.xml
225  08:20:58.896 [main] INFO  o.t.game.client.HeadedGameRunner - Launching game, version: 2.7+00000 
334  08:20:59.005 [Thread-5] DEBUG g.s.e.data.gameparser.GameParser - Parsing game XML: /home/sanjana/triplea/downloadedMaps/capture_the_flag/map/games/capture_the_flag.xml
231  08:21:36.962 [main] INFO  o.t.game.client.HeadedGameRunner - Launching game, version: 2.7+00000 
343  08:21:37.074 [Thread-5] DEBUG g.s.e.data.gameparser.GameParser - Parsing game XML: /home/sanjana/triplea/downloadedMaps/capture_the_flag/map/games/capture_the_flag.xml
226  08:22:15.082 [main] INFO  o.t.game.client.HeadedGameRunner - Launching game, version: 2.7+00000 
340  08:22:15.196 [Thread-5] DEBUG g.s.e.data.gameparser.GameParser - Parsing game XML: /home/sanjana/triplea/downloadedMaps/capture_the_flag/map/games/capture_the_flag.xml
232  08:22:59.170 [main] INFO  o.t.game.client.HeadedGameRunner - Launching game, version: 2.7+00000 
345  08:22:59.283 [Thread-5] DEBUG g.s.e.data.gameparser.GameParser - Parsing game XML: /home/sanjana/triplea/downloadedMaps/capture_the_flag/map/games/capture_the_flag.xml
226  08:23:57.259 [main] INFO  o.t.game.client.HeadedGameRunner - Launching game, version: 2.7+00000 
356  08:23:57.389 [Thread-5] DEBUG g.s.e.data.gameparser.GameParser - Parsing game XML: /home/sanjana/triplea/downloadedMaps/capture_the_flag/map/games/capture_the_flag.xml
229  08:24:53.375 [main] INFO  o.t.game.client.HeadedGameRunner - Launching game, version: 2.7+00000 
343  08:24:53.489 [Thread-5] DEBUG g.s.e.data.gameparser.GameParser - Parsing game XML: /home/sanjana/triplea/downloadedMaps/capture_the_flag/map/games/capture_the_flag.xml
251  08:25:41.463 [main] INFO  o.t.game.client.HeadedGameRunner - Launching game, version: 2.7+00000 
371  08:25:41.583 [Thread-5] DEBUG g.s.e.data.gameparser.GameParser - Parsing game XML: /home/sanjana/triplea/downloadedMaps/capture_the_flag/map/games/capture_the_flag.xml
222  08:26:27.550 [main] INFO  o.t.game.client.HeadedGameRunner - Launching game, version: 2.7+00000 
322  08:26:27.650 [Thread-5] DEBUG g.s.e.data.gameparser.GameParser - Parsing game XML: /home/sanjana/triplea/downloadedMaps/capture_the_flag/map/games/capture_the_flag.xml
256  08:27:49.659 [main] INFO  o.t.game.client.HeadedGameRunner - Launching game, version: 2.7+00000 
379  08:27:49.782 [Thread-5] DEBUG g.s.e.data.gameparser.GameParser - Parsing game XML: /home/sanjana/triplea/downloadedMaps/capture_the_flag/map/games/capture_the_flag.xml
262  08:29:47.825 [main] INFO  o.t.game.client.HeadedGameRunner - Launching game, version: 2.7+00000 
377  08:29:47.940 [Thread-5] DEBUG g.s.e.data.gameparser.GameParser - Parsing game XML: /home/sanjana/triplea/downloadedMaps/capture_the_flag/map/games/capture_the_flag.xml
227  08:31:01.920 [main] INFO  o.t.game.client.HeadedGameRunner - Launching game, version: 2.7+00000 
338  08:31:02.031 [Thread-5] DEBUG g.s.e.data.gameparser.GameParser - Parsing game XML: /home/sanjana/triplea/downloadedMaps/capture_the_flag/map/games/capture_the_flag.xml
234  08:31:54.011 [main] INFO  o.t.game.client.HeadedGameRunner - Launching game, version: 2.7+00000 
341  08:31:54.118 [Thread-5] DEBUG g.s.e.data.gameparser.GameParser - Parsing game XML: /home/sanjana/triplea/downloadedMaps/capture_the_flag/map/games/capture_the_flag.xml
246  08:32:34.163 [main] INFO  o.t.game.client.HeadedGameRunner - Launching game, version: 2.7+00000 
360  08:32:34.277 [Thread-5] DEBUG g.s.e.data.gameparser.GameParser - Parsing game XML: /home/sanjana/triplea/downloadedMaps/capture_the_flag/map/games/capture_the_flag.xml
227  08:33:20.375 [main] INFO  o.t.game.client.HeadedGameRunner - Launching game, version: 2.7+00000 
330  08:33:20.478 [Thread-5] DEBUG g.s.e.data.gameparser.GameParser - Parsing game XML: /home/sanjana/triplea/downloadedMaps/capture_the_flag/map/games/capture_the_flag.xml
234  08:33:54.480 [main] INFO  o.t.game.client.HeadedGameRunner - Launching game, version: 2.7+00000 
350  08:33:54.596 [Thread-5] DEBUG g.s.e.data.gameparser.GameParser - Parsing game XML: /home/sanjana/triplea/downloadedMaps/capture_the_flag/map/games/capture_the_flag.xml
254  08:34:40.605 [main] INFO  o.t.game.client.HeadedGameRunner - Launching game, version: 2.7+00000 
365  08:34:40.716 [Thread-5] DEBUG g.s.e.data.gameparser.GameParser - Parsing game XML: /home/sanjana/triplea/downloadedMaps/capture_the_flag/map/games/capture_the_flag.xml
230  08:35:16.651 [main] INFO  o.t.game.client.HeadedGameRunner - Launching game, version: 2.7+00000 
345  08:35:16.766 [Thread-5] DEBUG g.s.e.data.gameparser.GameParser - Parsing game XML: /home/sanjana/triplea/downloadedMaps/capture_the_flag/map/games/capture_the_flag.xml
238  08:35:54.754 [main] INFO  o.t.game.client.HeadedGameRunner - Launching game, version: 2.7+00000 
347  08:35:54.863 [Thread-5] DEBUG g.s.e.data.gameparser.GameParser - Parsing game XML: /home/sanjana/triplea/downloadedMaps/capture_the_flag/map/games/capture_the_flag.xml
244  08:36:32.871 [main] INFO  o.t.game.client.HeadedGameRunner - Launching game, version: 2.7+00000 
366  08:36:32.993 [Thread-5] DEBUG g.s.e.data.gameparser.GameParser - Parsing game XML: /home/sanjana/triplea/downloadedMaps/capture_the_flag/map/games/capture_the_flag.xml
237  08:37:20.953 [main] INFO  o.t.game.client.HeadedGameRunner - Launching game, version: 2.7+00000 
347  08:37:21.063 [Thread-5] DEBUG g.s.e.data.gameparser.GameParser - Parsing game XML: /home/sanjana/triplea/downloadedMaps/capture_the_flag/map/games/capture_the_flag.xml
231  08:37:59.043 [main] INFO  o.t.game.client.HeadedGameRunner - Launching game, version: 2.7+00000 
342  08:37:59.154 [Thread-5] DEBUG g.s.e.data.gameparser.GameParser - Parsing game XML: /home/sanjana/triplea/downloadedMaps/capture_the_flag/map/games/capture_the_flag.xml
240  08:38:35.115 [main] INFO  o.t.game.client.HeadedGameRunner - Launching game, version: 2.7+00000 
353  08:38:35.228 [Thread-5] DEBUG g.s.e.data.gameparser.GameParser - Parsing game XML: /home/sanjana/triplea/downloadedMaps/capture_the_flag/map/games/capture_the_flag.xml
220  08:39:17.183 [main] INFO  o.t.game.client.HeadedGameRunner - Launching game, version: 2.7+00000 
330  08:39:17.293 [Thread-5] DEBUG g.s.e.data.gameparser.GameParser - Parsing game XML: /home/sanjana/triplea/downloadedMaps/capture_the_flag/map/games/capture_the_flag.xml
226  08:40:13.320 [main] INFO  o.t.game.client.HeadedGameRunner - Launching game, version: 2.7+00000 
345  08:40:13.439 [Thread-5] DEBUG g.s.e.data.gameparser.GameParser - Parsing game XML: /home/sanjana/triplea/downloadedMaps/capture_the_flag/map/games/capture_the_flag.xml
233  08:40:53.404 [main] INFO  o.t.game.client.HeadedGameRunner - Launching game, version: 2.7+00000 
345  08:40:53.516 [Thread-5] DEBUG g.s.e.data.gameparser.GameParser - Parsing game XML: /home/sanjana/triplea/downloadedMaps/capture_the_flag/map/games/capture_the_flag.xml
259  08:41:33.527 [main] INFO  o.t.game.client.HeadedGameRunner - Launching game, version: 2.7+00000 
377  08:41:33.645 [Thread-5] DEBUG g.s.e.data.gameparser.GameParser - Parsing game XML: /home/sanjana/triplea/downloadedMaps/capture_the_flag/map/games/capture_the_flag.xml
230  08:42:13.616 [main] INFO  o.t.game.client.HeadedGameRunner - Launching game, version: 2.7+00000 
329  08:42:13.715 [Thread-5] DEBUG g.s.e.data.gameparser.GameParser - Parsing game XML: /home/sanjana/triplea/downloadedMaps/capture_the_flag/map/games/capture_the_flag.xml
233  08:42:53.679 [main] INFO  o.t.game.client.HeadedGameRunner - Launching game, version: 2.7+00000 
352  08:42:53.798 [Thread-5] DEBUG g.s.e.data.gameparser.GameParser - Parsing game XML: /home/sanjana/triplea/downloadedMaps/capture_the_flag/map/games/capture_the_flag.xml
205  08:43:35.787 [main] INFO  o.t.game.client.HeadedGameRunner - Launching game, version: 2.7+00000 
310  08:43:35.892 [Thread-5] DEBUG g.s.e.data.gameparser.GameParser - Parsing game XML: /home/sanjana/triplea/downloadedMaps/capture_the_flag/map/games/capture_the_flag.xml
227  08:44:17.874 [main] INFO  o.t.game.client.HeadedGameRunner - Launching game, version: 2.7+00000 
324  08:44:17.971 [Thread-5] DEBUG g.s.e.data.gameparser.GameParser - Parsing game XML: /home/sanjana/triplea/downloadedMaps/capture_the_flag/map/games/capture_the_flag.xml
212  08:44:59.937 [main] INFO  o.t.game.client.HeadedGameRunner - Launching game, version: 2.7+00000 
313  08:45:00.038 [Thread-5] DEBUG g.s.e.data.gameparser.GameParser - Parsing game XML: /home/sanjana/triplea/downloadedMaps/capture_the_flag/map/games/capture_the_flag.xml
217  08:45:38.030 [main] INFO  o.t.game.client.HeadedGameRunner - Launching game, version: 2.7+00000 
321  08:45:38.134 [Thread-5] DEBUG g.s.e.data.gameparser.GameParser - Parsing game XML: /home/sanjana/triplea/downloadedMaps/capture_the_flag/map/games/capture_the_flag.xml
236  08:46:16.142 [main] INFO  o.t.game.client.HeadedGameRunner - Launching game, version: 2.7+00000 
341  08:46:16.247 [Thread-5] DEBUG g.s.e.data.gameparser.GameParser - Parsing game XML: /home/sanjana/triplea/downloadedMaps/capture_the_flag/map/games/capture_the_flag.xml
232  08:46:54.317 [main] INFO  o.t.game.client.HeadedGameRunner - Launching game, version: 2.7+00000 
335  08:46:54.420 [Thread-5] DEBUG g.s.e.data.gameparser.GameParser - Parsing game XML: /home/sanjana/triplea/downloadedMaps/capture_the_flag/map/games/capture_the_flag.xml
244  08:47:40.400 [main] INFO  o.t.game.client.HeadedGameRunner - Launching game, version: 2.7+00000 
363  08:47:40.519 [Thread-5] DEBUG g.s.e.data.gameparser.GameParser - Parsing game XML: /home/sanjana/triplea/downloadedMaps/capture_the_flag/map/games/capture_the_flag.xml
239  08:48:18.459 [main] INFO  o.t.game.client.HeadedGameRunner - Launching game, version: 2.7+00000 
351  08:48:18.571 [Thread-5] DEBUG g.s.e.data.gameparser.GameParser - Parsing game XML: /home/sanjana/triplea/downloadedMaps/capture_the_flag/map/games/capture_the_flag.xml
251  08:48:56.564 [main] INFO  o.t.game.client.HeadedGameRunner - Launching game, version: 2.7+00000 
361  08:48:56.674 [Thread-5] DEBUG g.s.e.data.gameparser.GameParser - Parsing game XML: /home/sanjana/triplea/downloadedMaps/capture_the_flag/map/games/capture_the_flag.xml
245  08:49:34.681 [main] INFO  o.t.game.client.HeadedGameRunner - Launching game, version: 2.7+00000 
354  08:49:34.790 [Thread-5] DEBUG g.s.e.data.gameparser.GameParser - Parsing game XML: /home/sanjana/triplea/downloadedMaps/capture_the_flag/map/games/capture_the_flag.xml
234  08:50:12.763 [main] INFO  o.t.game.client.HeadedGameRunner - Launching game, version: 2.7+00000 
348  08:50:12.877 [Thread-5] DEBUG g.s.e.data.gameparser.GameParser - Parsing game XML: /home/sanjana/triplea/downloadedMaps/capture_the_flag/map/games/capture_the_flag.xml
230  08:50:46.803 [main] INFO  o.t.game.client.HeadedGameRunner - Launching game, version: 2.7+00000 
344  08:50:46.917 [Thread-5] DEBUG g.s.e.data.gameparser.GameParser - Parsing game XML: /home/sanjana/triplea/downloadedMaps/capture_the_flag/map/games/capture_the_flag.xml
233  08:51:48.943 [main] INFO  o.t.game.client.HeadedGameRunner - Launching game, version: 2.7+00000 
342  08:51:49.052 [Thread-5] DEBUG g.s.e.data.gameparser.GameParser - Parsing game XML: /home/sanjana/triplea/downloadedMaps/capture_the_flag/map/games/capture_the_flag.xml
245  08:52:31.063 [main] INFO  o.t.game.client.HeadedGameRunner - Launching game, version: 2.7+00000 
358  08:52:31.176 [Thread-5] DEBUG g.s.e.data.gameparser.GameParser - Parsing game XML: /home/sanjana/triplea/downloadedMaps/capture_the_flag/map/games/capture_the_flag.xml
231  08:53:11.150 [main] INFO  o.t.game.client.HeadedGameRunner - Launching game, version: 2.7+00000 
345  08:53:11.264 [Thread-5] DEBUG g.s.e.data.gameparser.GameParser - Parsing game XML: /home/sanjana/triplea/downloadedMaps/capture_the_flag/map/games/capture_the_flag.xml
268  09:01:35.259 [main] INFO  o.t.game.client.HeadedGameRunner - Launching game, version: 2.7+00000 
383  09:01:35.374 [Thread-5] DEBUG g.s.e.data.gameparser.GameParser - Parsing game XML: /home/sanjana/triplea/downloadedMaps/capture_the_flag/map/games/capture_the_flag.xml
227  09:02:25.317 [main] INFO  o.t.game.client.HeadedGameRunner - Launching game, version: 2.7+00000 
348  09:02:25.438 [Thread-5] DEBUG g.s.e.data.gameparser.GameParser - Parsing game XML: /home/sanjana/triplea/downloadedMaps/capture_the_flag/map/games/capture_the_flag.xml
235  09:03:13.436 [main] INFO  o.t.game.client.HeadedGameRunner - Launching game, version: 2.7+00000 
344  09:03:13.545 [Thread-5] DEBUG g.s.e.data.gameparser.GameParser - Parsing game XML: /home/sanjana/triplea/downloadedMaps/capture_the_flag/map/games/capture_the_flag.xml
252  09:04:11.716 [main] INFO  o.t.game.client.HeadedGameRunner - Launching game, version: 2.7+00000 
359  09:04:11.823 [Thread-5] DEBUG g.s.e.data.gameparser.GameParser - Parsing game XML: /home/sanjana/triplea/downloadedMaps/capture_the_flag/map/games/capture_the_flag.xml
228  09:04:51.803 [main] INFO  o.t.game.client.HeadedGameRunner - Launching game, version: 2.7+00000 
338  09:04:51.913 [Thread-5] DEBUG g.s.e.data.gameparser.GameParser - Parsing game XML: /home/sanjana/triplea/downloadedMaps/capture_the_flag/map/games/capture_the_flag.xml
257  09:05:39.940 [main] INFO  o.t.game.client.HeadedGameRunner - Launching game, version: 2.7+00000 
364  09:05:40.047 [Thread-5] DEBUG g.s.e.data.gameparser.GameParser - Parsing game XML: /home/sanjana/triplea/downloadedMaps/capture_the_flag/map/games/capture_the_flag.xml
235  09:06:24.196 [main] INFO  o.t.game.client.HeadedGameRunner - Launching game, version: 2.7+00000 
354  09:06:24.315 [Thread-5] DEBUG g.s.e.data.gameparser.GameParser - Parsing game XML: /home/sanjana/triplea/downloadedMaps/capture_the_flag/map/games/capture_the_flag.xml
241  09:07:02.322 [main] INFO  o.t.game.client.HeadedGameRunner - Launching game, version: 2.7+00000 
358  09:07:02.439 [Thread-5] DEBUG g.s.e.data.gameparser.GameParser - Parsing game XML: /home/sanjana/triplea/downloadedMaps/capture_the_flag/map/games/capture_the_flag.xml
233  09:07:36.388 [main] INFO  o.t.game.client.HeadedGameRunner - Launching game, version: 2.7+00000 
350  09:07:36.505 [Thread-5] DEBUG g.s.e.data.gameparser.GameParser - Parsing game XML: /home/sanjana/triplea/downloadedMaps/capture_the_flag/map/games/capture_the_flag.xml
230  09:08:30.675 [main] INFO  o.t.game.client.HeadedGameRunner - Launching game, version: 2.7+00000 
342  09:08:30.787 [Thread-5] DEBUG g.s.e.data.gameparser.GameParser - Parsing game XML: /home/sanjana/triplea/downloadedMaps/capture_the_flag/map/games/capture_the_flag.xml
233  09:09:04.716 [main] INFO  o.t.game.client.HeadedGameRunner - Launching game, version: 2.7+00000 
347  09:09:04.830 [Thread-5] DEBUG g.s.e.data.gameparser.GameParser - Parsing game XML: /home/sanjana/triplea/downloadedMaps/capture_the_flag/map/games/capture_the_flag.xml
237  09:09:40.874 [main] INFO  o.t.game.client.HeadedGameRunner - Launching game, version: 2.7+00000 
349  09:09:40.986 [Thread-5] DEBUG g.s.e.data.gameparser.GameParser - Parsing game XML: /home/sanjana/triplea/downloadedMaps/capture_the_flag/map/games/capture_the_flag.xml
240  09:10:39.650 [main] INFO  o.t.game.client.HeadedGameRunner - Launching game, version: 2.7+00000 
355  09:10:39.765 [Thread-5] DEBUG g.s.e.data.gameparser.GameParser - Parsing game XML: /home/sanjana/triplea/downloadedMaps/capture_the_flag/map/games/capture_the_flag.xml
260  09:11:21.815 [main] INFO  o.t.game.client.HeadedGameRunner - Launching game, version: 2.7+00000 
378  09:11:21.933 [Thread-5] DEBUG g.s.e.data.gameparser.GameParser - Parsing game XML: /home/sanjana/triplea/downloadedMaps/capture_the_flag/map/games/capture_the_flag.xml
228  09:12:03.871 [main] INFO  o.t.game.client.HeadedGameRunner - Launching game, version: 2.7+00000 
345  09:12:03.988 [Thread-5] DEBUG g.s.e.data.gameparser.GameParser - Parsing game XML: /home/sanjana/triplea/downloadedMaps/capture_the_flag/map/games/capture_the_flag.xml
274  09:12:46.199 [main] INFO  o.t.game.client.HeadedGameRunner - Launching game, version: 2.7+00000 
386  09:12:46.311 [Thread-5] DEBUG g.s.e.data.gameparser.GameParser - Parsing game XML: /home/sanjana/triplea/downloadedMaps/capture_the_flag/map/games/capture_the_flag.xml
19062 09:13:04.987 [AWT-EventQueue-0] ERROR o.t.game.client.HeadedGameRunner - Vector Enumeration
java.util.NoSuchElementException: Vector Enumeration
	at java.base/java.util.Vector$1.nextElement(Vector.java:344)
	at java.desktop/javax.swing.tree.DefaultMutableTreeNode$PreorderEnumeration.nextElement(DefaultMutableTreeNode.java:1349)
	at java.desktop/javax.swing.tree.DefaultMutableTreeNode$PreorderEnumeration.nextElement(DefaultMutableTreeNode.java:1333)
	at games.strategy.engine.history.History.getCurrentPlayer(History.java:177)
	at games.strategy.triplea.util.UnitSeparator.getComparatorUnitCategories(UnitSeparator.java:128)
	at games.strategy.triplea.util.UnitSeparator.getSortedUnitCategories(UnitSeparator.java:101)
	at games.strategy.triplea.ui.SimpleUnitPanel.setUnits(SimpleUnitPanel.java:130)
	at games.strategy.triplea.ui.PlacePanel.lambda$updateUnitsInUnitsToPlacePanel$0(PlacePanel.java:234)
	at java.desktop/java.awt.event.InvocationEvent.dispatch(InvocationEvent.java:318)
	at java.desktop/java.awt.EventQueue.dispatchEventImpl(EventQueue.java:773)
	at java.desktop/java.awt.EventQueue$4.run(EventQueue.java:720)
	at java.desktop/java.awt.EventQueue$4.run(EventQueue.java:714)
	at java.base/java.security.AccessController.doPrivileged(AccessController.java:400)
	at java.base/java.security.ProtectionDomain$JavaSecurityAccessImpl.doIntersectionPrivilege(ProtectionDomain.java:87)
	at java.desktop/java.awt.EventQueue.dispatchEvent(EventQueue.java:742)
	at java.desktop/java.awt.EventDispatchThread.pumpOneEventForFilters(EventDispatchThread.java:203)
	at java.desktop/java.awt.EventDispatchThread.pumpEventsForFilter(EventDispatchThread.java:124)
	at java.desktop/java.awt.EventDispatchThread.pumpEventsForHierarchy(EventDispatchThread.java:113)
	at java.desktop/java.awt.EventDispatchThread.pumpEvents(EventDispatchThread.java:109)
	at java.desktop/java.awt.EventDispatchThread.pumpEvents(EventDispatchThread.java:101)
	at java.desktop/java.awt.EventDispatchThread.run(EventDispatchThread.java:90)
229  09:13:20.275 [main] INFO  o.t.game.client.HeadedGameRunner - Launching game, version: 2.7+00000 
351  09:13:20.397 [Thread-5] DEBUG g.s.e.data.gameparser.GameParser - Parsing game XML: /home/sanjana/triplea/downloadedMaps/capture_the_flag/map/games/capture_the_flag.xml
229  09:14:06.343 [main] INFO  o.t.game.client.HeadedGameRunner - Launching game, version: 2.7+00000 
342  09:14:06.456 [Thread-5] DEBUG g.s.e.data.gameparser.GameParser - Parsing game XML: /home/sanjana/triplea/downloadedMaps/capture_the_flag/map/games/capture_the_flag.xml
223  09:15:16.614 [main] INFO  o.t.game.client.HeadedGameRunner - Launching game, version: 2.7+00000 
337  09:15:16.728 [Thread-5] DEBUG g.s.e.data.gameparser.GameParser - Parsing game XML: /home/sanjana/triplea/downloadedMaps/capture_the_flag/map/games/capture_the_flag.xml
230  09:16:00.714 [main] INFO  o.t.game.client.HeadedGameRunner - Launching game, version: 2.7+00000 
339  09:16:00.823 [Thread-5] DEBUG g.s.e.data.gameparser.GameParser - Parsing game XML: /home/sanjana/triplea/downloadedMaps/capture_the_flag/map/games/capture_the_flag.xml
224  09:17:16.469 [main] INFO  o.t.game.client.HeadedGameRunner - Launching game, version: 2.7+00000 
338  09:17:16.583 [Thread-5] DEBUG g.s.e.data.gameparser.GameParser - Parsing game XML: /home/sanjana/triplea/downloadedMaps/capture_the_flag/map/games/capture_the_flag.xml
227  09:17:56.320 [main] INFO  o.t.game.client.HeadedGameRunner - Launching game, version: 2.7+00000 
337  09:17:56.430 [Thread-5] DEBUG g.s.e.data.gameparser.GameParser - Parsing game XML: /home/sanjana/triplea/downloadedMaps/capture_the_flag/map/games/capture_the_flag.xml
227  09:18:54.378 [main] INFO  o.t.game.client.HeadedGameRunner - Launching game, version: 2.7+00000 
341  09:18:54.492 [Thread-5] DEBUG g.s.e.data.gameparser.GameParser - Parsing game XML: /home/sanjana/triplea/downloadedMaps/capture_the_flag/map/games/capture_the_flag.xml
242  09:19:44.469 [main] INFO  o.t.game.client.HeadedGameRunner - Launching game, version: 2.7+00000 
345  09:19:44.572 [Thread-5] DEBUG g.s.e.data.gameparser.GameParser - Parsing game XML: /home/sanjana/triplea/downloadedMaps/capture_the_flag/map/games/capture_the_flag.xml
223  09:20:40.582 [main] INFO  o.t.game.client.HeadedGameRunner - Launching game, version: 2.7+00000 
335  09:20:40.694 [Thread-5] DEBUG g.s.e.data.gameparser.GameParser - Parsing game XML: /home/sanjana/triplea/downloadedMaps/capture_the_flag/map/games/capture_the_flag.xml
229  09:21:38.709 [main] INFO  o.t.game.client.HeadedGameRunner - Launching game, version: 2.7+00000 
344  09:21:38.824 [Thread-5] DEBUG g.s.e.data.gameparser.GameParser - Parsing game XML: /home/sanjana/triplea/downloadedMaps/capture_the_flag/map/games/capture_the_flag.xml
260  09:22:42.805 [main] INFO  o.t.game.client.HeadedGameRunner - Launching game, version: 2.7+00000 
372  09:22:42.917 [Thread-5] DEBUG g.s.e.data.gameparser.GameParser - Parsing game XML: /home/sanjana/triplea/downloadedMaps/capture_the_flag/map/games/capture_the_flag.xml
232  09:23:34.903 [main] INFO  o.t.game.client.HeadedGameRunner - Launching game, version: 2.7+00000 
348  09:23:35.019 [Thread-5] DEBUG g.s.e.data.gameparser.GameParser - Parsing game XML: /home/sanjana/triplea/downloadedMaps/capture_the_flag/map/games/capture_the_flag.xml
248  09:24:29.035 [main] INFO  o.t.game.client.HeadedGameRunner - Launching game, version: 2.7+00000 
353  09:24:29.140 [Thread-5] DEBUG g.s.e.data.gameparser.GameParser - Parsing game XML: /home/sanjana/triplea/downloadedMaps/capture_the_flag/map/games/capture_the_flag.xml
234  09:25:29.141 [main] INFO  o.t.game.client.HeadedGameRunner - Launching game, version: 2.7+00000 
349  09:25:29.256 [Thread-5] DEBUG g.s.e.data.gameparser.GameParser - Parsing game XML: /home/sanjana/triplea/downloadedMaps/capture_the_flag/map/games/capture_the_flag.xml
260  09:26:25.263 [main] INFO  o.t.game.client.HeadedGameRunner - Launching game, version: 2.7+00000 
376  09:26:25.379 [Thread-5] DEBUG g.s.e.data.gameparser.GameParser - Parsing game XML: /home/sanjana/triplea/downloadedMaps/capture_the_flag/map/games/capture_the_flag.xml
245  09:27:27.352 [main] INFO  o.t.game.client.HeadedGameRunner - Launching game, version: 2.7+00000 
356  09:27:27.463 [Thread-5] DEBUG g.s.e.data.gameparser.GameParser - Parsing game XML: /home/sanjana/triplea/downloadedMaps/capture_the_flag/map/games/capture_the_flag.xml
248  09:28:27.484 [main] INFO  o.t.game.client.HeadedGameRunner - Launching game, version: 2.7+00000 
358  09:28:27.594 [Thread-5] DEBUG g.s.e.data.gameparser.GameParser - Parsing game XML: /home/sanjana/triplea/downloadedMaps/capture_the_flag/map/games/capture_the_flag.xml
223  09:29:15.536 [main] INFO  o.t.game.client.HeadedGameRunner - Launching game, version: 2.7+00000 
342  09:29:15.655 [Thread-5] DEBUG g.s.e.data.gameparser.GameParser - Parsing game XML: /home/sanjana/triplea/downloadedMaps/capture_the_flag/map/games/capture_the_flag.xml
234  09:30:07.621 [main] INFO  o.t.game.client.HeadedGameRunner - Launching game, version: 2.7+00000 
362  09:30:07.749 [Thread-5] DEBUG g.s.e.data.gameparser.GameParser - Parsing game XML: /home/sanjana/triplea/downloadedMaps/capture_the_flag/map/games/capture_the_flag.xml
239  09:30:51.726 [main] INFO  o.t.game.client.HeadedGameRunner - Launching game, version: 2.7+00000 
357  09:30:51.844 [Thread-5] DEBUG g.s.e.data.gameparser.GameParser - Parsing game XML: /home/sanjana/triplea/downloadedMaps/capture_the_flag/map/games/capture_the_flag.xml
232  09:31:45.853 [main] INFO  o.t.game.client.HeadedGameRunner - Launching game, version: 2.7+00000 
348  09:31:45.969 [Thread-5] DEBUG g.s.e.data.gameparser.GameParser - Parsing game XML: /home/sanjana/triplea/downloadedMaps/capture_the_flag/map/games/capture_the_flag.xml
238  09:32:41.935 [main] INFO  o.t.game.client.HeadedGameRunner - Launching game, version: 2.7+00000 
348  09:32:42.045 [Thread-5] DEBUG g.s.e.data.gameparser.GameParser - Parsing game XML: /home/sanjana/triplea/downloadedMaps/capture_the_flag/map/games/capture_the_flag.xml
220  09:33:30.000 [main] INFO  o.t.game.client.HeadedGameRunner - Launching game, version: 2.7+00000 
337  09:33:30.117 [Thread-5] DEBUG g.s.e.data.gameparser.GameParser - Parsing game XML: /home/sanjana/triplea/downloadedMaps/capture_the_flag/map/games/capture_the_flag.xml
236  09:34:26.156 [main] INFO  o.t.game.client.HeadedGameRunner - Launching game, version: 2.7+00000 
358  09:34:26.278 [Thread-5] DEBUG g.s.e.data.gameparser.GameParser - Parsing game XML: /home/sanjana/triplea/downloadedMaps/capture_the_flag/map/games/capture_the_flag.xml
230  09:35:22.225 [main] INFO  o.t.game.client.HeadedGameRunner - Launching game, version: 2.7+00000 
355  09:35:22.350 [Thread-5] DEBUG g.s.e.data.gameparser.GameParser - Parsing game XML: /home/sanjana/triplea/downloadedMaps/capture_the_flag/map/games/capture_the_flag.xml
228  09:36:38.322 [main] INFO  o.t.game.client.HeadedGameRunner - Launching game, version: 2.7+00000 
338  09:36:38.432 [Thread-5] DEBUG g.s.e.data.gameparser.GameParser - Parsing game XML: /home/sanjana/triplea/downloadedMaps/capture_the_flag/map/games/capture_the_flag.xml
232  09:38:02.481 [main] INFO  o.t.game.client.HeadedGameRunner - Launching game, version: 2.7+00000 
342  09:38:02.591 [Thread-5] DEBUG g.s.e.data.gameparser.GameParser - Parsing game XML: /home/sanjana/triplea/downloadedMaps/capture_the_flag/map/games/capture_the_flag.xml
220  09:39:04.547 [main] INFO  o.t.game.client.HeadedGameRunner - Launching game, version: 2.7+00000 
331  09:39:04.658 [Thread-5] DEBUG g.s.e.data.gameparser.GameParser - Parsing game XML: /home/sanjana/triplea/downloadedMaps/capture_the_flag/map/games/capture_the_flag.xml
250  09:39:56.700 [main] INFO  o.t.game.client.HeadedGameRunner - Launching game, version: 2.7+00000 
376  09:39:56.826 [Thread-5] DEBUG g.s.e.data.gameparser.GameParser - Parsing game XML: /home/sanjana/triplea/downloadedMaps/capture_the_flag/map/games/capture_the_flag.xml
234  09:40:42.772 [main] INFO  o.t.game.client.HeadedGameRunner - Launching game, version: 2.7+00000 
343  09:40:42.881 [Thread-5] DEBUG g.s.e.data.gameparser.GameParser - Parsing game XML: /home/sanjana/triplea/downloadedMaps/capture_the_flag/map/games/capture_the_flag.xml
233  09:41:28.869 [main] INFO  o.t.game.client.HeadedGameRunner - Launching game, version: 2.7+00000 
355  09:41:28.991 [Thread-5] DEBUG g.s.e.data.gameparser.GameParser - Parsing game XML: /home/sanjana/triplea/downloadedMaps/capture_the_flag/map/games/capture_the_flag.xml
264  09:42:27.015 [main] INFO  o.t.game.client.HeadedGameRunner - Launching game, version: 2.7+00000 
379  09:42:27.130 [Thread-5] DEBUG g.s.e.data.gameparser.GameParser - Parsing game XML: /home/sanjana/triplea/downloadedMaps/capture_the_flag/map/games/capture_the_flag.xml
222  09:43:21.067 [main] INFO  o.t.game.client.HeadedGameRunner - Launching game, version: 2.7+00000 
330  09:43:21.175 [Thread-5] DEBUG g.s.e.data.gameparser.GameParser - Parsing game XML: /home/sanjana/triplea/downloadedMaps/capture_the_flag/map/games/capture_the_flag.xml
253  09:44:05.178 [main] INFO  o.t.game.client.HeadedGameRunner - Launching game, version: 2.7+00000 
376  09:44:05.301 [Thread-5] DEBUG g.s.e.data.gameparser.GameParser - Parsing game XML: /home/sanjana/triplea/downloadedMaps/capture_the_flag/map/games/capture_the_flag.xml
234  09:44:49.274 [main] INFO  o.t.game.client.HeadedGameRunner - Launching game, version: 2.7+00000 
354  09:44:49.394 [Thread-5] DEBUG g.s.e.data.gameparser.GameParser - Parsing game XML: /home/sanjana/triplea/downloadedMaps/capture_the_flag/map/games/capture_the_flag.xml
225  09:45:41.373 [main] INFO  o.t.game.client.HeadedGameRunner - Launching game, version: 2.7+00000 
332  09:45:41.480 [Thread-5] DEBUG g.s.e.data.gameparser.GameParser - Parsing game XML: /home/sanjana/triplea/downloadedMaps/capture_the_flag/map/games/capture_the_flag.xml
229  09:46:37.509 [main] INFO  o.t.game.client.HeadedGameRunner - Launching game, version: 2.7+00000 
338  09:46:37.618 [Thread-5] DEBUG g.s.e.data.gameparser.GameParser - Parsing game XML: /home/sanjana/triplea/downloadedMaps/capture_the_flag/map/games/capture_the_flag.xml
236  09:47:53.633 [main] INFO  o.t.game.client.HeadedGameRunner - Launching game, version: 2.7+00000 
350  09:47:53.747 [Thread-5] DEBUG g.s.e.data.gameparser.GameParser - Parsing game XML: /home/sanjana/triplea/downloadedMaps/capture_the_flag/map/games/capture_the_flag.xml
234  09:48:53.671 [main] INFO  o.t.game.client.HeadedGameRunner - Launching game, version: 2.7+00000 
341  09:48:53.778 [Thread-5] DEBUG g.s.e.data.gameparser.GameParser - Parsing game XML: /home/sanjana/triplea/downloadedMaps/capture_the_flag/map/games/capture_the_flag.xml
239  09:49:37.828 [main] INFO  o.t.game.client.HeadedGameRunner - Launching game, version: 2.7+00000 
361  09:49:37.950 [Thread-5] DEBUG g.s.e.data.gameparser.GameParser - Parsing game XML: /home/sanjana/triplea/downloadedMaps/capture_the_flag/map/games/capture_the_flag.xml
216  09:50:29.900 [main] INFO  o.t.game.client.HeadedGameRunner - Launching game, version: 2.7+00000 
326  09:50:30.010 [Thread-5] DEBUG g.s.e.data.gameparser.GameParser - Parsing game XML: /home/sanjana/triplea/downloadedMaps/capture_the_flag/map/games/capture_the_flag.xml
258  09:51:20.014 [main] INFO  o.t.game.client.HeadedGameRunner - Launching game, version: 2.7+00000 
374  09:51:20.130 [Thread-5] DEBUG g.s.e.data.gameparser.GameParser - Parsing game XML: /home/sanjana/triplea/downloadedMaps/capture_the_flag/map/games/capture_the_flag.xml
218  09:52:10.048 [main] INFO  o.t.game.client.HeadedGameRunner - Launching game, version: 2.7+00000 
325  09:52:10.155 [Thread-5] DEBUG g.s.e.data.gameparser.GameParser - Parsing game XML: /home/sanjana/triplea/downloadedMaps/capture_the_flag/map/games/capture_the_flag.xml
229  09:53:44.173 [main] INFO  o.t.game.client.HeadedGameRunner - Launching game, version: 2.7+00000 
331  09:53:44.275 [Thread-5] DEBUG g.s.e.data.gameparser.GameParser - Parsing game XML: /home/sanjana/triplea/downloadedMaps/capture_the_flag/map/games/capture_the_flag.xml
240  09:55:10.307 [main] INFO  o.t.game.client.HeadedGameRunner - Launching game, version: 2.7+00000 
353  09:55:10.420 [Thread-5] DEBUG g.s.e.data.gameparser.GameParser - Parsing game XML: /home/sanjana/triplea/downloadedMaps/capture_the_flag/map/games/capture_the_flag.xml
223  09:55:56.380 [main] INFO  o.t.game.client.HeadedGameRunner - Launching game, version: 2.7+00000 
335  09:55:56.492 [Thread-5] DEBUG g.s.e.data.gameparser.GameParser - Parsing game XML: /home/sanjana/triplea/downloadedMaps/capture_the_flag/map/games/capture_the_flag.xml
236  09:56:46.515 [main] INFO  o.t.game.client.HeadedGameRunner - Launching game, version: 2.7+00000 
349  09:56:46.628 [Thread-5] DEBUG g.s.e.data.gameparser.GameParser - Parsing game XML: /home/sanjana/triplea/downloadedMaps/capture_the_flag/map/games/capture_the_flag.xml
232  09:57:42.606 [main] INFO  o.t.game.client.HeadedGameRunner - Launching game, version: 2.7+00000 
342  09:57:42.716 [Thread-5] DEBUG g.s.e.data.gameparser.GameParser - Parsing game XML: /home/sanjana/triplea/downloadedMaps/capture_the_flag/map/games/capture_the_flag.xml
229  09:58:54.735 [main] INFO  o.t.game.client.HeadedGameRunner - Launching game, version: 2.7+00000 
338  09:58:54.844 [Thread-5] DEBUG g.s.e.data.gameparser.GameParser - Parsing game XML: /home/sanjana/triplea/downloadedMaps/capture_the_flag/map/games/capture_the_flag.xml
229  09:59:46.798 [main] INFO  o.t.game.client.HeadedGameRunner - Launching game, version: 2.7+00000 
350  09:59:46.919 [Thread-5] DEBUG g.s.e.data.gameparser.GameParser - Parsing game XML: /home/sanjana/triplea/downloadedMaps/capture_the_flag/map/games/capture_the_flag.xml
246  10:00:40.911 [main] INFO  o.t.game.client.HeadedGameRunner - Launching game, version: 2.7+00000 
355  10:00:41.020 [Thread-5] DEBUG g.s.e.data.gameparser.GameParser - Parsing game XML: /home/sanjana/triplea/downloadedMaps/capture_the_flag/map/games/capture_the_flag.xml
239  10:02:27.040 [main] INFO  o.t.game.client.HeadedGameRunner - Launching game, version: 2.7+00000 
350  10:02:27.151 [Thread-5] DEBUG g.s.e.data.gameparser.GameParser - Parsing game XML: /home/sanjana/triplea/downloadedMaps/capture_the_flag/map/games/capture_the_flag.xml
228  10:03:27.107 [main] INFO  o.t.game.client.HeadedGameRunner - Launching game, version: 2.7+00000 
342  10:03:27.221 [Thread-5] DEBUG g.s.e.data.gameparser.GameParser - Parsing game XML: /home/sanjana/triplea/downloadedMaps/capture_the_flag/map/games/capture_the_flag.xml
250  10:04:19.266 [main] INFO  o.t.game.client.HeadedGameRunner - Launching game, version: 2.7+00000 
357  10:04:19.373 [Thread-5] DEBUG g.s.e.data.gameparser.GameParser - Parsing game XML: /home/sanjana/triplea/downloadedMaps/capture_the_flag/map/games/capture_the_flag.xml
235  10:05:19.364 [main] INFO  o.t.game.client.HeadedGameRunner - Launching game, version: 2.7+00000 
352  10:05:19.481 [Thread-5] DEBUG g.s.e.data.gameparser.GameParser - Parsing game XML: /home/sanjana/triplea/downloadedMaps/capture_the_flag/map/games/capture_the_flag.xml
235  10:06:35.448 [main] INFO  o.t.game.client.HeadedGameRunner - Launching game, version: 2.7+00000 
348  10:06:35.561 [Thread-5] DEBUG g.s.e.data.gameparser.GameParser - Parsing game XML: /home/sanjana/triplea/downloadedMaps/capture_the_flag/map/games/capture_the_flag.xml
219  10:07:19.521 [main] INFO  o.t.game.client.HeadedGameRunner - Launching game, version: 2.7+00000 
331  10:07:19.633 [Thread-5] DEBUG g.s.e.data.gameparser.GameParser - Parsing game XML: /home/sanjana/triplea/downloadedMaps/capture_the_flag/map/games/capture_the_flag.xml
225  10:08:07.607 [main] INFO  o.t.game.client.HeadedGameRunner - Launching game, version: 2.7+00000 
328  10:08:07.710 [Thread-5] DEBUG g.s.e.data.gameparser.GameParser - Parsing game XML: /home/sanjana/triplea/downloadedMaps/capture_the_flag/map/games/capture_the_flag.xml
231  10:09:17.743 [main] INFO  o.t.game.client.HeadedGameRunner - Launching game, version: 2.7+00000 
341  10:09:17.853 [Thread-5] DEBUG g.s.e.data.gameparser.GameParser - Parsing game XML: /home/sanjana/triplea/downloadedMaps/capture_the_flag/map/games/capture_the_flag.xml
231  10:10:49.850 [main] INFO  o.t.game.client.HeadedGameRunner - Launching game, version: 2.7+00000 
334  10:10:49.953 [Thread-5] DEBUG g.s.e.data.gameparser.GameParser - Parsing game XML: /home/sanjana/triplea/downloadedMaps/capture_the_flag/map/games/capture_the_flag.xml
248  10:11:27.966 [main] INFO  o.t.game.client.HeadedGameRunner - Launching game, version: 2.7+00000 
363  10:11:28.081 [Thread-5] DEBUG g.s.e.data.gameparser.GameParser - Parsing game XML: /home/sanjana/triplea/downloadedMaps/capture_the_flag/map/games/capture_the_flag.xml
236  10:12:10.060 [main] INFO  o.t.game.client.HeadedGameRunner - Launching game, version: 2.7+00000 
344  10:12:10.168 [Thread-5] DEBUG g.s.e.data.gameparser.GameParser - Parsing game XML: /home/sanjana/triplea/downloadedMaps/capture_the_flag/map/games/capture_the_flag.xml
216  10:13:26.134 [main] INFO  o.t.game.client.HeadedGameRunner - Launching game, version: 2.7+00000 
318  10:13:26.236 [Thread-5] DEBUG g.s.e.data.gameparser.GameParser - Parsing game XML: /home/sanjana/triplea/downloadedMaps/capture_the_flag/map/games/capture_the_flag.xml
251  10:14:08.276 [main] INFO  o.t.game.client.HeadedGameRunner - Launching game, version: 2.7+00000 
382  10:14:08.407 [Thread-5] DEBUG g.s.e.data.gameparser.GameParser - Parsing game XML: /home/sanjana/triplea/downloadedMaps/capture_the_flag/map/games/capture_the_flag.xml
241  10:15:00.396 [main] INFO  o.t.game.client.HeadedGameRunner - Launching game, version: 2.7+00000 
357  10:15:00.512 [Thread-5] DEBUG g.s.e.data.gameparser.GameParser - Parsing game XML: /home/sanjana/triplea/downloadedMaps/capture_the_flag/map/games/capture_the_flag.xml
223  10:15:42.436 [main] INFO  o.t.game.client.HeadedGameRunner - Launching game, version: 2.7+00000 
334  10:15:42.547 [Thread-5] DEBUG g.s.e.data.gameparser.GameParser - Parsing game XML: /home/sanjana/triplea/downloadedMaps/capture_the_flag/map/games/capture_the_flag.xml
232  10:16:28.552 [main] INFO  o.t.game.client.HeadedGameRunner - Launching game, version: 2.7+00000 
357  10:16:28.677 [Thread-5] DEBUG g.s.e.data.gameparser.GameParser - Parsing game XML: /home/sanjana/triplea/downloadedMaps/capture_the_flag/map/games/capture_the_flag.xml
220  10:17:14.610 [main] INFO  o.t.game.client.HeadedGameRunner - Launching game, version: 2.7+00000 
335  10:17:14.725 [Thread-5] DEBUG g.s.e.data.gameparser.GameParser - Parsing game XML: /home/sanjana/triplea/downloadedMaps/capture_the_flag/map/games/capture_the_flag.xml
233  10:17:56.747 [main] INFO  o.t.game.client.HeadedGameRunner - Launching game, version: 2.7+00000 
348  10:17:56.862 [Thread-5] DEBUG g.s.e.data.gameparser.GameParser - Parsing game XML: /home/sanjana/triplea/downloadedMaps/capture_the_flag/map/games/capture_the_flag.xml
232  10:18:38.819 [main] INFO  o.t.game.client.HeadedGameRunner - Launching game, version: 2.7+00000 
345  10:18:38.932 [Thread-5] DEBUG g.s.e.data.gameparser.GameParser - Parsing game XML: /home/sanjana/triplea/downloadedMaps/capture_the_flag/map/games/capture_the_flag.xml
231  10:19:30.960 [main] INFO  o.t.game.client.HeadedGameRunner - Launching game, version: 2.7+00000 
341  10:19:31.070 [Thread-5] DEBUG g.s.e.data.gameparser.GameParser - Parsing game XML: /home/sanjana/triplea/downloadedMaps/capture_the_flag/map/games/capture_the_flag.xml
249  10:20:19.073 [main] INFO  o.t.game.client.HeadedGameRunner - Launching game, version: 2.7+00000 
369  10:20:19.193 [Thread-5] DEBUG g.s.e.data.gameparser.GameParser - Parsing game XML: /home/sanjana/triplea/downloadedMaps/capture_the_flag/map/games/capture_the_flag.xml
225  10:20:59.174 [main] INFO  o.t.game.client.HeadedGameRunner - Launching game, version: 2.7+00000 
333  10:20:59.282 [Thread-5] DEBUG g.s.e.data.gameparser.GameParser - Parsing game XML: /home/sanjana/triplea/downloadedMaps/capture_the_flag/map/games/capture_the_flag.xml
230  10:21:39.234 [main] INFO  o.t.game.client.HeadedGameRunner - Launching game, version: 2.7+00000 
349  10:21:39.353 [Thread-5] DEBUG g.s.e.data.gameparser.GameParser - Parsing game XML: /home/sanjana/triplea/downloadedMaps/capture_the_flag/map/games/capture_the_flag.xml
215  10:22:45.301 [main] INFO  o.t.game.client.HeadedGameRunner - Launching game, version: 2.7+00000 
322  10:22:45.408 [Thread-5] DEBUG g.s.e.data.gameparser.GameParser - Parsing game XML: /home/sanjana/triplea/downloadedMaps/capture_the_flag/map/games/capture_the_flag.xml
222  10:23:25.460 [main] INFO  o.t.game.client.HeadedGameRunner - Launching game, version: 2.7+00000 
334  10:23:25.572 [Thread-5] DEBUG g.s.e.data.gameparser.GameParser - Parsing game XML: /home/sanjana/triplea/downloadedMaps/capture_the_flag/map/games/capture_the_flag.xml
228  10:24:05.529 [main] INFO  o.t.game.client.HeadedGameRunner - Launching game, version: 2.7+00000 
335  10:24:05.636 [Thread-5] DEBUG g.s.e.data.gameparser.GameParser - Parsing game XML: /home/sanjana/triplea/downloadedMaps/capture_the_flag/map/games/capture_the_flag.xml
226  10:25:11.681 [main] INFO  o.t.game.client.HeadedGameRunner - Launching game, version: 2.7+00000 
339  10:25:11.794 [Thread-5] DEBUG g.s.e.data.gameparser.GameParser - Parsing game XML: /home/sanjana/triplea/downloadedMaps/capture_the_flag/map/games/capture_the_flag.xml
223  10:26:01.750 [main] INFO  o.t.game.client.HeadedGameRunner - Launching game, version: 2.7+00000 
345  10:26:01.872 [Thread-5] DEBUG g.s.e.data.gameparser.GameParser - Parsing game XML: /home/sanjana/triplea/downloadedMaps/capture_the_flag/map/games/capture_the_flag.xml
235  10:26:51.852 [main] INFO  o.t.game.client.HeadedGameRunner - Launching game, version: 2.7+00000 
356  10:26:51.973 [Thread-5] DEBUG g.s.e.data.gameparser.GameParser - Parsing game XML: /home/sanjana/triplea/downloadedMaps/capture_the_flag/map/games/capture_the_flag.xml
220  10:27:35.937 [main] INFO  o.t.game.client.HeadedGameRunner - Launching game, version: 2.7+00000 
326  10:27:36.043 [Thread-5] DEBUG g.s.e.data.gameparser.GameParser - Parsing game XML: /home/sanjana/triplea/downloadedMaps/capture_the_flag/map/games/capture_the_flag.xml
262  10:28:36.054 [main] INFO  o.t.game.client.HeadedGameRunner - Launching game, version: 2.7+00000 
376  10:28:36.168 [Thread-5] DEBUG g.s.e.data.gameparser.GameParser - Parsing game XML: /home/sanjana/triplea/downloadedMaps/capture_the_flag/map/games/capture_the_flag.xml
233  10:29:36.146 [main] INFO  o.t.game.client.HeadedGameRunner - Launching game, version: 2.7+00000 
348  10:29:36.261 [Thread-5] DEBUG g.s.e.data.gameparser.GameParser - Parsing game XML: /home/sanjana/triplea/downloadedMaps/capture_the_flag/map/games/capture_the_flag.xml
233  10:30:30.266 [main] INFO  o.t.game.client.HeadedGameRunner - Launching game, version: 2.7+00000 
358  10:30:30.391 [Thread-5] DEBUG g.s.e.data.gameparser.GameParser - Parsing game XML: /home/sanjana/triplea/downloadedMaps/capture_the_flag/map/games/capture_the_flag.xml
230  10:31:42.323 [main] INFO  o.t.game.client.HeadedGameRunner - Launching game, version: 2.7+00000 
348  10:31:42.441 [Thread-5] DEBUG g.s.e.data.gameparser.GameParser - Parsing game XML: /home/sanjana/triplea/downloadedMaps/capture_the_flag/map/games/capture_the_flag.xml
263  10:32:30.478 [main] INFO  o.t.game.client.HeadedGameRunner - Launching game, version: 2.7+00000 
376  10:32:30.591 [Thread-5] DEBUG g.s.e.data.gameparser.GameParser - Parsing game XML: /home/sanjana/triplea/downloadedMaps/capture_the_flag/map/games/capture_the_flag.xml
224  10:33:22.518 [main] INFO  o.t.game.client.HeadedGameRunner - Launching game, version: 2.7+00000 
344  10:33:22.638 [Thread-5] DEBUG g.s.e.data.gameparser.GameParser - Parsing game XML: /home/sanjana/triplea/downloadedMaps/capture_the_flag/map/games/capture_the_flag.xml
223  10:34:08.637 [main] INFO  o.t.game.client.HeadedGameRunner - Launching game, version: 2.7+00000 
337  10:34:08.751 [Thread-5] DEBUG g.s.e.data.gameparser.GameParser - Parsing game XML: /home/sanjana/triplea/downloadedMaps/capture_the_flag/map/games/capture_the_flag.xml
236  10:34:48.724 [main] INFO  o.t.game.client.HeadedGameRunner - Launching game, version: 2.7+00000 
344  10:34:48.832 [Thread-5] DEBUG g.s.e.data.gameparser.GameParser - Parsing game XML: /home/sanjana/triplea/downloadedMaps/capture_the_flag/map/games/capture_the_flag.xml
234  10:35:32.773 [main] INFO  o.t.game.client.HeadedGameRunner - Launching game, version: 2.7+00000 
340  10:35:32.879 [Thread-5] DEBUG g.s.e.data.gameparser.GameParser - Parsing game XML: /home/sanjana/triplea/downloadedMaps/capture_the_flag/map/games/capture_the_flag.xml
228  10:36:12.900 [main] INFO  o.t.game.client.HeadedGameRunner - Launching game, version: 2.7+00000 
344  10:36:13.016 [Thread-5] DEBUG g.s.e.data.gameparser.GameParser - Parsing game XML: /home/sanjana/triplea/downloadedMaps/capture_the_flag/map/games/capture_the_flag.xml
237  10:37:01.018 [main] INFO  o.t.game.client.HeadedGameRunner - Launching game, version: 2.7+00000 
360  10:37:01.141 [Thread-5] DEBUG g.s.e.data.gameparser.GameParser - Parsing game XML: /home/sanjana/triplea/downloadedMaps/capture_the_flag/map/games/capture_the_flag.xml
13572 10:37:14.353 [AWT-EventQueue-0] ERROR o.t.game.client.HeadedGameRunner - Vector Enumeration
java.util.NoSuchElementException: Vector Enumeration
	at java.base/java.util.Vector$1.nextElement(Vector.java:344)
	at java.desktop/javax.swing.tree.DefaultMutableTreeNode$PreorderEnumeration.nextElement(DefaultMutableTreeNode.java:1349)
	at java.desktop/javax.swing.tree.DefaultMutableTreeNode$PreorderEnumeration.nextElement(DefaultMutableTreeNode.java:1333)
	at games.strategy.engine.history.History.getCurrentPlayer(History.java:177)
	at games.strategy.triplea.util.UnitSeparator.getComparatorUnitCategories(UnitSeparator.java:128)
	at games.strategy.triplea.util.UnitSeparator.getSortedUnitCategories(UnitSeparator.java:101)
	at games.strategy.triplea.ui.BattleModel.refresh(BattleModel.java:132)
	at games.strategy.triplea.ui.BattleDisplay.<init>(BattleDisplay.java:167)
	at games.strategy.triplea.ui.BattlePanel.lambda$showBattle$9(BattlePanel.java:255)
	at java.desktop/java.awt.event.InvocationEvent.dispatch(InvocationEvent.java:318)
	at java.desktop/java.awt.EventQueue.dispatchEventImpl(EventQueue.java:773)
	at java.desktop/java.awt.EventQueue$4.run(EventQueue.java:720)
	at java.desktop/java.awt.EventQueue$4.run(EventQueue.java:714)
	at java.base/java.security.AccessController.doPrivileged(AccessController.java:400)
	at java.base/java.security.ProtectionDomain$JavaSecurityAccessImpl.doIntersectionPrivilege(ProtectionDomain.java:87)
	at java.desktop/java.awt.EventQueue.dispatchEvent(EventQueue.java:742)
	at java.desktop/java.awt.EventDispatchThread.pumpOneEventForFilters(EventDispatchThread.java:203)
	at java.desktop/java.awt.EventDispatchThread.pumpEventsForFilter(EventDispatchThread.java:124)
	at java.desktop/java.awt.EventDispatchThread.pumpEventsForHierarchy(EventDispatchThread.java:113)
	at java.desktop/java.awt.EventDispatchThread.pumpEvents(EventDispatchThread.java:109)
	at java.desktop/java.awt.EventDispatchThread.pumpEvents(EventDispatchThread.java:101)
	at java.desktop/java.awt.EventDispatchThread.run(EventDispatchThread.java:90)
224  10:37:41.122 [main] INFO  o.t.game.client.HeadedGameRunner - Launching game, version: 2.7+00000 
336  10:37:41.234 [Thread-5] DEBUG g.s.e.data.gameparser.GameParser - Parsing game XML: /home/sanjana/triplea/downloadedMaps/capture_the_flag/map/games/capture_the_flag.xml
237  10:38:41.239 [main] INFO  o.t.game.client.HeadedGameRunner - Launching game, version: 2.7+00000 
343  10:38:41.345 [Thread-5] DEBUG g.s.e.data.gameparser.GameParser - Parsing game XML: /home/sanjana/triplea/downloadedMaps/capture_the_flag/map/games/capture_the_flag.xml
228  10:39:23.333 [main] INFO  o.t.game.client.HeadedGameRunner - Launching game, version: 2.7+00000 
341  10:39:23.446 [Thread-5] DEBUG g.s.e.data.gameparser.GameParser - Parsing game XML: /home/sanjana/triplea/downloadedMaps/capture_the_flag/map/games/capture_the_flag.xml
233  10:40:07.433 [main] INFO  o.t.game.client.HeadedGameRunner - Launching game, version: 2.7+00000 
349  10:40:07.549 [Thread-5] DEBUG g.s.e.data.gameparser.GameParser - Parsing game XML: /home/sanjana/triplea/downloadedMaps/capture_the_flag/map/games/capture_the_flag.xml
34915 10:40:42.115 [AWT-EventQueue-0] ERROR o.t.game.client.HeadedGameRunner - Vector Enumeration
java.util.NoSuchElementException: Vector Enumeration
	at java.base/java.util.Vector$1.nextElement(Vector.java:344)
	at java.desktop/javax.swing.tree.DefaultMutableTreeNode$PreorderEnumeration.nextElement(DefaultMutableTreeNode.java:1349)
	at java.desktop/javax.swing.tree.DefaultMutableTreeNode$PreorderEnumeration.nextElement(DefaultMutableTreeNode.java:1333)
	at games.strategy.engine.history.History.getCurrentPlayer(History.java:177)
	at games.strategy.triplea.util.UnitSeparator.getComparatorUnitCategories(UnitSeparator.java:128)
	at games.strategy.triplea.util.UnitSeparator.getSortedUnitCategories(UnitSeparator.java:101)
	at games.strategy.triplea.ui.BattleDisplay.updateKilledUnits(BattleDisplay.java:237)
	at games.strategy.triplea.ui.BattleDisplay.deadUnitNotification(BattleDisplay.java:281)
	at games.strategy.triplea.ui.BattlePanel.lambda$deadUnitNotification$14(BattlePanel.java:366)
	at java.desktop/java.awt.event.InvocationEvent.dispatch(InvocationEvent.java:318)
	at java.desktop/java.awt.EventQueue.dispatchEventImpl(EventQueue.java:773)
	at java.desktop/java.awt.EventQueue$4.run(EventQueue.java:720)
	at java.desktop/java.awt.EventQueue$4.run(EventQueue.java:714)
	at java.base/java.security.AccessController.doPrivileged(AccessController.java:400)
	at java.base/java.security.ProtectionDomain$JavaSecurityAccessImpl.doIntersectionPrivilege(ProtectionDomain.java:87)
	at java.desktop/java.awt.EventQueue.dispatchEvent(EventQueue.java:742)
	at java.desktop/java.awt.EventDispatchThread.pumpOneEventForFilters(EventDispatchThread.java:203)
	at java.desktop/java.awt.EventDispatchThread.pumpEventsForFilter(EventDispatchThread.java:124)
	at java.desktop/java.awt.EventDispatchThread.pumpEventsForHierarchy(EventDispatchThread.java:113)
	at java.desktop/java.awt.EventDispatchThread.pumpEvents(EventDispatchThread.java:109)
	at java.desktop/java.awt.EventDispatchThread.pumpEvents(EventDispatchThread.java:101)
	at java.desktop/java.awt.EventDispatchThread.run(EventDispatchThread.java:90)
239  10:40:59.511 [main] INFO  o.t.game.client.HeadedGameRunner - Launching game, version: 2.7+00000 
352  10:40:59.624 [Thread-5] DEBUG g.s.e.data.gameparser.GameParser - Parsing game XML: /home/sanjana/triplea/downloadedMaps/capture_the_flag/map/games/capture_the_flag.xml
235  10:41:49.637 [main] INFO  o.t.game.client.HeadedGameRunner - Launching game, version: 2.7+00000 
348  10:41:49.750 [Thread-5] DEBUG g.s.e.data.gameparser.GameParser - Parsing game XML: /home/sanjana/triplea/downloadedMaps/capture_the_flag/map/games/capture_the_flag.xml
233  10:42:41.687 [main] INFO  o.t.game.client.HeadedGameRunner - Launching game, version: 2.7+00000 
351  10:42:41.805 [Thread-5] DEBUG g.s.e.data.gameparser.GameParser - Parsing game XML: /home/sanjana/triplea/downloadedMaps/capture_the_flag/map/games/capture_the_flag.xml
223  10:44:01.825 [main] INFO  o.t.game.client.HeadedGameRunner - Launching game, version: 2.7+00000 
343  10:44:01.945 [Thread-5] DEBUG g.s.e.data.gameparser.GameParser - Parsing game XML: /home/sanjana/triplea/downloadedMaps/capture_the_flag/map/games/capture_the_flag.xml
219  10:44:45.872 [main] INFO  o.t.game.client.HeadedGameRunner - Launching game, version: 2.7+00000 
329  10:44:45.982 [Thread-5] DEBUG g.s.e.data.gameparser.GameParser - Parsing game XML: /home/sanjana/triplea/downloadedMaps/capture_the_flag/map/games/capture_the_flag.xml
235  10:45:28.048 [main] INFO  o.t.game.client.HeadedGameRunner - Launching game, version: 2.7+00000 
348  10:45:28.161 [Thread-5] DEBUG g.s.e.data.gameparser.GameParser - Parsing game XML: /home/sanjana/triplea/downloadedMaps/capture_the_flag/map/games/capture_the_flag.xml
225  10:46:12.094 [main] INFO  o.t.game.client.HeadedGameRunner - Launching game, version: 2.7+00000 
342  10:46:12.211 [Thread-5] DEBUG g.s.e.data.gameparser.GameParser - Parsing game XML: /home/sanjana/triplea/downloadedMaps/capture_the_flag/map/games/capture_the_flag.xml
231  10:47:10.255 [main] INFO  o.t.game.client.HeadedGameRunner - Launching game, version: 2.7+00000 
343  10:47:10.367 [Thread-5] DEBUG g.s.e.data.gameparser.GameParser - Parsing game XML: /home/sanjana/triplea/downloadedMaps/capture_the_flag/map/games/capture_the_flag.xml
230  10:47:54.363 [main] INFO  o.t.game.client.HeadedGameRunner - Launching game, version: 2.7+00000 
346  10:47:54.479 [Thread-5] DEBUG g.s.e.data.gameparser.GameParser - Parsing game XML: /home/sanjana/triplea/downloadedMaps/capture_the_flag/map/games/capture_the_flag.xml
222  10:49:18.415 [main] INFO  o.t.game.client.HeadedGameRunner - Launching game, version: 2.7+00000 
333  10:49:18.526 [Thread-5] DEBUG g.s.e.data.gameparser.GameParser - Parsing game XML: /home/sanjana/triplea/downloadedMaps/capture_the_flag/map/games/capture_the_flag.xml
236  10:50:14.549 [main] INFO  o.t.game.client.HeadedGameRunner - Launching game, version: 2.7+00000 
345  10:50:14.658 [Thread-5] DEBUG g.s.e.data.gameparser.GameParser - Parsing game XML: /home/sanjana/triplea/downloadedMaps/capture_the_flag/map/games/capture_the_flag.xml
220  10:51:06.634 [main] INFO  o.t.game.client.HeadedGameRunner - Launching game, version: 2.7+00000 
333  10:51:06.747 [Thread-5] DEBUG g.s.e.data.gameparser.GameParser - Parsing game XML: /home/sanjana/triplea/downloadedMaps/capture_the_flag/map/games/capture_the_flag.xml
218  10:52:06.726 [main] INFO  o.t.game.client.HeadedGameRunner - Launching game, version: 2.7+00000 
321  10:52:06.829 [Thread-5] DEBUG g.s.e.data.gameparser.GameParser - Parsing game XML: /home/sanjana/triplea/downloadedMaps/capture_the_flag/map/games/capture_the_flag.xml
232  10:53:10.864 [main] INFO  o.t.game.client.HeadedGameRunner - Launching game, version: 2.7+00000 
351  10:53:10.983 [Thread-5] DEBUG g.s.e.data.gameparser.GameParser - Parsing game XML: /home/sanjana/triplea/downloadedMaps/capture_the_flag/map/games/capture_the_flag.xml
238  10:54:20.976 [main] INFO  o.t.game.client.HeadedGameRunner - Launching game, version: 2.7+00000 
356  10:54:21.094 [Thread-5] DEBUG g.s.e.data.gameparser.GameParser - Parsing game XML: /home/sanjana/triplea/downloadedMaps/capture_the_flag/map/games/capture_the_flag.xml
229  10:55:43.108 [main] INFO  o.t.game.client.HeadedGameRunner - Launching game, version: 2.7+00000 
352  10:55:43.231 [Thread-5] DEBUG g.s.e.data.gameparser.GameParser - Parsing game XML: /home/sanjana/triplea/downloadedMaps/capture_the_flag/map/games/capture_the_flag.xml
230  10:56:23.177 [main] INFO  o.t.game.client.HeadedGameRunner - Launching game, version: 2.7+00000 
340  10:56:23.287 [Thread-5] DEBUG g.s.e.data.gameparser.GameParser - Parsing game XML: /home/sanjana/triplea/downloadedMaps/capture_the_flag/map/games/capture_the_flag.xml
261  10:57:07.289 [main] INFO  o.t.game.client.HeadedGameRunner - Launching game, version: 2.7+00000 
374  10:57:07.402 [Thread-5] DEBUG g.s.e.data.gameparser.GameParser - Parsing game XML: /home/sanjana/triplea/downloadedMaps/capture_the_flag/map/games/capture_the_flag.xml
225  10:57:53.369 [main] INFO  o.t.game.client.HeadedGameRunner - Launching game, version: 2.7+00000 
329  10:57:53.473 [Thread-5] DEBUG g.s.e.data.gameparser.GameParser - Parsing game XML: /home/sanjana/triplea/downloadedMaps/capture_the_flag/map/games/capture_the_flag.xml
233  10:58:37.457 [main] INFO  o.t.game.client.HeadedGameRunner - Launching game, version: 2.7+00000 
345  10:58:37.569 [Thread-5] DEBUG g.s.e.data.gameparser.GameParser - Parsing game XML: /home/sanjana/triplea/downloadedMaps/capture_the_flag/map/games/capture_the_flag.xml
231  10:59:29.583 [main] INFO  o.t.game.client.HeadedGameRunner - Launching game, version: 2.7+00000 
347  10:59:29.699 [Thread-5] DEBUG g.s.e.data.gameparser.GameParser - Parsing game XML: /home/sanjana/triplea/downloadedMaps/capture_the_flag/map/games/capture_the_flag.xml
231  11:00:53.717 [main] INFO  o.t.game.client.HeadedGameRunner - Launching game, version: 2.7+00000 
347  11:00:53.833 [Thread-5] DEBUG g.s.e.data.gameparser.GameParser - Parsing game XML: /home/sanjana/triplea/downloadedMaps/capture_the_flag/map/games/capture_the_flag.xml
225  11:01:39.806 [main] INFO  o.t.game.client.HeadedGameRunner - Launching game, version: 2.7+00000 
336  11:01:39.917 [Thread-5] DEBUG g.s.e.data.gameparser.GameParser - Parsing game XML: /home/sanjana/triplea/downloadedMaps/capture_the_flag/map/games/capture_the_flag.xml
224  11:02:21.887 [main] INFO  o.t.game.client.HeadedGameRunner - Launching game, version: 2.7+00000 
328  11:02:21.991 [Thread-5] DEBUG g.s.e.data.gameparser.GameParser - Parsing game XML: /home/sanjana/triplea/downloadedMaps/capture_the_flag/map/games/capture_the_flag.xml
221  11:03:11.999 [main] INFO  o.t.game.client.HeadedGameRunner - Launching game, version: 2.7+00000 
327  11:03:12.105 [Thread-5] DEBUG g.s.e.data.gameparser.GameParser - Parsing game XML: /home/sanjana/triplea/downloadedMaps/capture_the_flag/map/games/capture_the_flag.xml
230  11:04:02.106 [main] INFO  o.t.game.client.HeadedGameRunner - Launching game, version: 2.7+00000 
342  11:04:02.218 [Thread-5] DEBUG g.s.e.data.gameparser.GameParser - Parsing game XML: /home/sanjana/triplea/downloadedMaps/capture_the_flag/map/games/capture_the_flag.xml
234  11:05:18.213 [main] INFO  o.t.game.client.HeadedGameRunner - Launching game, version: 2.7+00000 
350  11:05:18.329 [Thread-5] DEBUG g.s.e.data.gameparser.GameParser - Parsing game XML: /home/sanjana/triplea/downloadedMaps/capture_the_flag/map/games/capture_the_flag.xml
254  11:06:06.316 [main] INFO  o.t.game.client.HeadedGameRunner - Launching game, version: 2.7+00000 
374  11:06:06.436 [Thread-5] DEBUG g.s.e.data.gameparser.GameParser - Parsing game XML: /home/sanjana/triplea/downloadedMaps/capture_the_flag/map/games/capture_the_flag.xml
238  11:07:10.434 [main] INFO  o.t.game.client.HeadedGameRunner - Launching game, version: 2.7+00000 
348  11:07:10.544 [Thread-5] DEBUG g.s.e.data.gameparser.GameParser - Parsing game XML: /home/sanjana/triplea/downloadedMaps/capture_the_flag/map/games/capture_the_flag.xml
220  11:07:46.507 [main] INFO  o.t.game.client.HeadedGameRunner - Launching game, version: 2.7+00000 
326  11:07:46.613 [Thread-5] DEBUG g.s.e.data.gameparser.GameParser - Parsing game XML: /home/sanjana/triplea/downloadedMaps/capture_the_flag/map/games/capture_the_flag.xml
235  11:08:38.621 [main] INFO  o.t.game.client.HeadedGameRunner - Launching game, version: 2.7+00000 
361  11:08:38.747 [Thread-5] DEBUG g.s.e.data.gameparser.GameParser - Parsing game XML: /home/sanjana/triplea/downloadedMaps/capture_the_flag/map/games/capture_the_flag.xml
233  11:09:30.697 [main] INFO  o.t.game.client.HeadedGameRunner - Launching game, version: 2.7+00000 
352  11:09:30.816 [Thread-5] DEBUG g.s.e.data.gameparser.GameParser - Parsing game XML: /home/sanjana/triplea/downloadedMaps/capture_the_flag/map/games/capture_the_flag.xml
234  11:10:20.827 [main] INFO  o.t.game.client.HeadedGameRunner - Launching game, version: 2.7+00000 
343  11:10:20.936 [Thread-5] DEBUG g.s.e.data.gameparser.GameParser - Parsing game XML: /home/sanjana/triplea/downloadedMaps/capture_the_flag/map/games/capture_the_flag.xml
233  11:11:12.918 [main] INFO  o.t.game.client.HeadedGameRunner - Launching game, version: 2.7+00000 
346  11:11:13.031 [Thread-5] DEBUG g.s.e.data.gameparser.GameParser - Parsing game XML: /home/sanjana/triplea/downloadedMaps/capture_the_flag/map/games/capture_the_flag.xml
225  11:12:31.034 [main] INFO  o.t.game.client.HeadedGameRunner - Launching game, version: 2.7+00000 
335  11:12:31.144 [Thread-5] DEBUG g.s.e.data.gameparser.GameParser - Parsing game XML: /home/sanjana/triplea/downloadedMaps/capture_the_flag/map/games/capture_the_flag.xml
240  11:13:53.143 [main] INFO  o.t.game.client.HeadedGameRunner - Launching game, version: 2.7+00000 
354  11:13:53.257 [Thread-5] DEBUG g.s.e.data.gameparser.GameParser - Parsing game XML: /home/sanjana/triplea/downloadedMaps/capture_the_flag/map/games/capture_the_flag.xml
258  11:14:57.277 [main] INFO  o.t.game.client.HeadedGameRunner - Launching game, version: 2.7+00000 
378  11:14:57.397 [Thread-5] DEBUG g.s.e.data.gameparser.GameParser - Parsing game XML: /home/sanjana/triplea/downloadedMaps/capture_the_flag/map/games/capture_the_flag.xml
215  11:16:15.330 [main] INFO  o.t.game.client.HeadedGameRunner - Launching game, version: 2.7+00000 
315  11:16:15.430 [Thread-5] DEBUG g.s.e.data.gameparser.GameParser - Parsing game XML: /home/sanjana/triplea/downloadedMaps/capture_the_flag/map/games/capture_the_flag.xml
231  11:17:05.440 [main] INFO  o.t.game.client.HeadedGameRunner - Launching game, version: 2.7+00000 
337  11:17:05.546 [Thread-5] DEBUG g.s.e.data.gameparser.GameParser - Parsing game XML: /home/sanjana/triplea/downloadedMaps/capture_the_flag/map/games/capture_the_flag.xml
265  11:18:05.612 [main] INFO  o.t.game.client.HeadedGameRunner - Launching game, version: 2.7+00000 
382  11:18:05.729 [Thread-5] DEBUG g.s.e.data.gameparser.GameParser - Parsing game XML: /home/sanjana/triplea/downloadedMaps/capture_the_flag/map/games/capture_the_flag.xml
228  11:19:01.678 [main] INFO  o.t.game.client.HeadedGameRunner - Launching game, version: 2.7+00000 
348  11:19:01.798 [Thread-5] DEBUG g.s.e.data.gameparser.GameParser - Parsing game XML: /home/sanjana/triplea/downloadedMaps/capture_the_flag/map/games/capture_the_flag.xml
234  11:19:45.758 [main] INFO  o.t.game.client.HeadedGameRunner - Launching game, version: 2.7+00000 
349  11:19:45.873 [Thread-5] DEBUG g.s.e.data.gameparser.GameParser - Parsing game XML: /home/sanjana/triplea/downloadedMaps/capture_the_flag/map/games/capture_the_flag.xml
233  11:21:17.901 [main] INFO  o.t.game.client.HeadedGameRunner - Launching game, version: 2.7+00000 
345  11:21:18.013 [Thread-5] DEBUG g.s.e.data.gameparser.GameParser - Parsing game XML: /home/sanjana/triplea/downloadedMaps/capture_the_flag/map/games/capture_the_flag.xml
237  11:21:55.985 [main] INFO  o.t.game.client.HeadedGameRunner - Launching game, version: 2.7+00000 
353  11:21:56.101 [Thread-5] DEBUG g.s.e.data.gameparser.GameParser - Parsing game XML: /home/sanjana/triplea/downloadedMaps/capture_the_flag/map/games/capture_the_flag.xml
246  11:23:10.109 [main] INFO  o.t.game.client.HeadedGameRunner - Launching game, version: 2.7+00000 
356  11:23:10.219 [Thread-5] DEBUG g.s.e.data.gameparser.GameParser - Parsing game XML: /home/sanjana/triplea/downloadedMaps/capture_the_flag/map/games/capture_the_flag.xml
221  11:23:50.161 [main] INFO  o.t.game.client.HeadedGameRunner - Launching game, version: 2.7+00000 
323  11:23:50.263 [Thread-5] DEBUG g.s.e.data.gameparser.GameParser - Parsing game XML: /home/sanjana/triplea/downloadedMaps/capture_the_flag/map/games/capture_the_flag.xml
254  11:24:36.280 [main] INFO  o.t.game.client.HeadedGameRunner - Launching game, version: 2.7+00000 
368  11:24:36.394 [Thread-5] DEBUG g.s.e.data.gameparser.GameParser - Parsing game XML: /home/sanjana/triplea/downloadedMaps/capture_the_flag/map/games/capture_the_flag.xml
233  11:25:30.380 [main] INFO  o.t.game.client.HeadedGameRunner - Launching game, version: 2.7+00000 
352  11:25:30.499 [Thread-5] DEBUG g.s.e.data.gameparser.GameParser - Parsing game XML: /home/sanjana/triplea/downloadedMaps/capture_the_flag/map/games/capture_the_flag.xml
221  11:26:26.510 [main] INFO  o.t.game.client.HeadedGameRunner - Launching game, version: 2.7+00000 
335  11:26:26.624 [Thread-5] DEBUG g.s.e.data.gameparser.GameParser - Parsing game XML: /home/sanjana/triplea/downloadedMaps/capture_the_flag/map/games/capture_the_flag.xml
240  11:27:26.608 [main] INFO  o.t.game.client.HeadedGameRunner - Launching game, version: 2.7+00000 
355  11:27:26.723 [Thread-5] DEBUG g.s.e.data.gameparser.GameParser - Parsing game XML: /home/sanjana/triplea/downloadedMaps/capture_the_flag/map/games/capture_the_flag.xml
251  11:28:18.753 [main] INFO  o.t.game.client.HeadedGameRunner - Launching game, version: 2.7+00000 
359  11:28:18.861 [Thread-5] DEBUG g.s.e.data.gameparser.GameParser - Parsing game XML: /home/sanjana/triplea/downloadedMaps/capture_the_flag/map/games/capture_the_flag.xml
230  11:29:24.811 [main] INFO  o.t.game.client.HeadedGameRunner - Launching game, version: 2.7+00000 
341  11:29:24.922 [Thread-5] DEBUG g.s.e.data.gameparser.GameParser - Parsing game XML: /home/sanjana/triplea/downloadedMaps/capture_the_flag/map/games/capture_the_flag.xml
252  11:30:10.948 [main] INFO  o.t.game.client.HeadedGameRunner - Launching game, version: 2.7+00000 
372  11:30:11.068 [Thread-5] DEBUG g.s.e.data.gameparser.GameParser - Parsing game XML: /home/sanjana/triplea/downloadedMaps/capture_the_flag/map/games/capture_the_flag.xml
236  11:31:15.038 [main] INFO  o.t.game.client.HeadedGameRunner - Launching game, version: 2.7+00000 
347  11:31:15.149 [Thread-5] DEBUG g.s.e.data.gameparser.GameParser - Parsing game XML: /home/sanjana/triplea/downloadedMaps/capture_the_flag/map/games/capture_the_flag.xml
227  11:31:59.114 [main] INFO  o.t.game.client.HeadedGameRunner - Launching game, version: 2.7+00000 
340  11:31:59.227 [Thread-5] DEBUG g.s.e.data.gameparser.GameParser - Parsing game XML: /home/sanjana/triplea/downloadedMaps/capture_the_flag/map/games/capture_the_flag.xml
226  11:33:05.217 [main] INFO  o.t.game.client.HeadedGameRunner - Launching game, version: 2.7+00000 
345  11:33:05.336 [Thread-5] DEBUG g.s.e.data.gameparser.GameParser - Parsing game XML: /home/sanjana/triplea/downloadedMaps/capture_the_flag/map/games/capture_the_flag.xml
224  11:33:45.307 [main] INFO  o.t.game.client.HeadedGameRunner - Launching game, version: 2.7+00000 
339  11:33:45.422 [Thread-5] DEBUG g.s.e.data.gameparser.GameParser - Parsing game XML: /home/sanjana/triplea/downloadedMaps/capture_the_flag/map/games/capture_the_flag.xml
236  11:34:39.437 [main] INFO  o.t.game.client.HeadedGameRunner - Launching game, version: 2.7+00000 
354  11:34:39.555 [Thread-5] DEBUG g.s.e.data.gameparser.GameParser - Parsing game XML: /home/sanjana/triplea/downloadedMaps/capture_the_flag/map/games/capture_the_flag.xml
256  11:35:51.709 [main] INFO  o.t.game.client.HeadedGameRunner - Launching game, version: 2.7+00000 
375  11:35:51.828 [Thread-5] DEBUG g.s.e.data.gameparser.GameParser - Parsing game XML: /home/sanjana/triplea/downloadedMaps/capture_the_flag/map/games/capture_the_flag.xml
232  11:36:27.797 [main] INFO  o.t.game.client.HeadedGameRunner - Launching game, version: 2.7+00000 
346  11:36:27.911 [Thread-5] DEBUG g.s.e.data.gameparser.GameParser - Parsing game XML: /home/sanjana/triplea/downloadedMaps/capture_the_flag/map/games/capture_the_flag.xml
234  11:37:29.899 [main] INFO  o.t.game.client.HeadedGameRunner - Launching game, version: 2.7+00000 
346  11:37:30.011 [Thread-5] DEBUG g.s.e.data.gameparser.GameParser - Parsing game XML: /home/sanjana/triplea/downloadedMaps/capture_the_flag/map/games/capture_the_flag.xml
221  11:38:10.031 [main] INFO  o.t.game.client.HeadedGameRunner - Launching game, version: 2.7+00000 
340  11:38:10.150 [Thread-5] DEBUG g.s.e.data.gameparser.GameParser - Parsing game XML: /home/sanjana/triplea/downloadedMaps/capture_the_flag/map/games/capture_the_flag.xml
225  11:38:50.129 [main] INFO  o.t.game.client.HeadedGameRunner - Launching game, version: 2.7+00000 
326  11:38:50.230 [Thread-5] DEBUG g.s.e.data.gameparser.GameParser - Parsing game XML: /home/sanjana/triplea/downloadedMaps/capture_the_flag/map/games/capture_the_flag.xml
249  11:39:56.254 [main] INFO  o.t.game.client.HeadedGameRunner - Launching game, version: 2.7+00000 
360  11:39:56.365 [Thread-5] DEBUG g.s.e.data.gameparser.GameParser - Parsing game XML: /home/sanjana/triplea/downloadedMaps/capture_the_flag/map/games/capture_the_flag.xml
236  11:40:30.348 [main] INFO  o.t.game.client.HeadedGameRunner - Launching game, version: 2.7+00000 
345  11:40:30.457 [Thread-5] DEBUG g.s.e.data.gameparser.GameParser - Parsing game XML: /home/sanjana/triplea/downloadedMaps/capture_the_flag/map/games/capture_the_flag.xml
252  11:41:10.431 [main] INFO  o.t.game.client.HeadedGameRunner - Launching game, version: 2.7+00000 
367  11:41:10.546 [Thread-5] DEBUG g.s.e.data.gameparser.GameParser - Parsing game XML: /home/sanjana/triplea/downloadedMaps/capture_the_flag/map/games/capture_the_flag.xml
258  11:41:48.552 [main] INFO  o.t.game.client.HeadedGameRunner - Launching game, version: 2.7+00000 
372  11:41:48.666 [Thread-5] DEBUG g.s.e.data.gameparser.GameParser - Parsing game XML: /home/sanjana/triplea/downloadedMaps/capture_the_flag/map/games/capture_the_flag.xml
225  11:42:22.588 [main] INFO  o.t.game.client.HeadedGameRunner - Launching game, version: 2.7+00000 
347  11:42:22.710 [Thread-5] DEBUG g.s.e.data.gameparser.GameParser - Parsing game XML: /home/sanjana/triplea/downloadedMaps/capture_the_flag/map/games/capture_the_flag.xml
237  11:43:12.707 [main] INFO  o.t.game.client.HeadedGameRunner - Launching game, version: 2.7+00000 
347  11:43:12.817 [Thread-5] DEBUG g.s.e.data.gameparser.GameParser - Parsing game XML: /home/sanjana/triplea/downloadedMaps/capture_the_flag/map/games/capture_the_flag.xml
228  11:44:02.780 [main] INFO  o.t.game.client.HeadedGameRunner - Launching game, version: 2.7+00000 
340  11:44:02.892 [Thread-5] DEBUG g.s.e.data.gameparser.GameParser - Parsing game XML: /home/sanjana/triplea/downloadedMaps/capture_the_flag/map/games/capture_the_flag.xml
239  11:44:56.918 [main] INFO  o.t.game.client.HeadedGameRunner - Launching game, version: 2.7+00000 
343  11:44:57.022 [Thread-5] DEBUG g.s.e.data.gameparser.GameParser - Parsing game XML: /home/sanjana/triplea/downloadedMaps/capture_the_flag/map/games/capture_the_flag.xml
220  11:45:51.014 [main] INFO  o.t.game.client.HeadedGameRunner - Launching game, version: 2.7+00000 
331  11:45:51.125 [Thread-5] DEBUG g.s.e.data.gameparser.GameParser - Parsing game XML: /home/sanjana/triplea/downloadedMaps/capture_the_flag/map/games/capture_the_flag.xml
231  11:46:31.101 [main] INFO  o.t.game.client.HeadedGameRunner - Launching game, version: 2.7+00000 
344  11:46:31.214 [Thread-5] DEBUG g.s.e.data.gameparser.GameParser - Parsing game XML: /home/sanjana/triplea/downloadedMaps/capture_the_flag/map/games/capture_the_flag.xml
240  11:47:41.239 [main] INFO  o.t.game.client.HeadedGameRunner - Launching game, version: 2.7+00000 
359  11:47:41.358 [Thread-5] DEBUG g.s.e.data.gameparser.GameParser - Parsing game XML: /home/sanjana/triplea/downloadedMaps/capture_the_flag/map/games/capture_the_flag.xml
225  11:48:25.294 [main] INFO  o.t.game.client.HeadedGameRunner - Launching game, version: 2.7+00000 
346  11:48:25.415 [Thread-5] DEBUG g.s.e.data.gameparser.GameParser - Parsing game XML: /home/sanjana/triplea/downloadedMaps/capture_the_flag/map/games/capture_the_flag.xml
236  11:49:09.402 [main] INFO  o.t.game.client.HeadedGameRunner - Launching game, version: 2.7+00000 
352  11:49:09.518 [Thread-5] DEBUG g.s.e.data.gameparser.GameParser - Parsing game XML: /home/sanjana/triplea/downloadedMaps/capture_the_flag/map/games/capture_the_flag.xml
222  11:49:45.496 [main] INFO  o.t.game.client.HeadedGameRunner - Launching game, version: 2.7+00000 
333  11:49:45.607 [Thread-5] DEBUG g.s.e.data.gameparser.GameParser - Parsing game XML: /home/sanjana/triplea/downloadedMaps/capture_the_flag/map/games/capture_the_flag.xml
220  11:50:35.558 [main] INFO  o.t.game.client.HeadedGameRunner - Launching game, version: 2.7+00000 
332  11:50:35.670 [Thread-5] DEBUG g.s.e.data.gameparser.GameParser - Parsing game XML: /home/sanjana/triplea/downloadedMaps/capture_the_flag/map/games/capture_the_flag.xml
254  11:51:21.709 [main] INFO  o.t.game.client.HeadedGameRunner - Launching game, version: 2.7+00000 
371  11:51:21.826 [Thread-5] DEBUG g.s.e.data.gameparser.GameParser - Parsing game XML: /home/sanjana/triplea/downloadedMaps/capture_the_flag/map/games/capture_the_flag.xml
240  11:52:01.784 [main] INFO  o.t.game.client.HeadedGameRunner - Launching game, version: 2.7+00000 
365  11:52:01.909 [Thread-5] DEBUG g.s.e.data.gameparser.GameParser - Parsing game XML: /home/sanjana/triplea/downloadedMaps/capture_the_flag/map/games/capture_the_flag.xml
223  11:53:05.882 [main] INFO  o.t.game.client.HeadedGameRunner - Launching game, version: 2.7+00000 
335  11:53:05.994 [Thread-5] DEBUG g.s.e.data.gameparser.GameParser - Parsing game XML: /home/sanjana/triplea/downloadedMaps/capture_the_flag/map/games/capture_the_flag.xml
239  11:53:46.001 [main] INFO  o.t.game.client.HeadedGameRunner - Launching game, version: 2.7+00000 
350  11:53:46.112 [Thread-5] DEBUG g.s.e.data.gameparser.GameParser - Parsing game XML: /home/sanjana/triplea/downloadedMaps/capture_the_flag/map/games/capture_the_flag.xml
252  11:54:34.139 [main] INFO  o.t.game.client.HeadedGameRunner - Launching game, version: 2.7+00000 
360  11:54:34.247 [Thread-5] DEBUG g.s.e.data.gameparser.GameParser - Parsing game XML: /home/sanjana/triplea/downloadedMaps/capture_the_flag/map/games/capture_the_flag.xml
254  11:55:20.173 [main] INFO  o.t.game.client.HeadedGameRunner - Launching game, version: 2.7+00000 
374  11:55:20.293 [Thread-5] DEBUG g.s.e.data.gameparser.GameParser - Parsing game XML: /home/sanjana/triplea/downloadedMaps/capture_the_flag/map/games/capture_the_flag.xml
259  11:56:08.282 [main] INFO  o.t.game.client.HeadedGameRunner - Launching game, version: 2.7+00000 
365  11:56:08.388 [Thread-5] DEBUG g.s.e.data.gameparser.GameParser - Parsing game XML: /home/sanjana/triplea/downloadedMaps/capture_the_flag/map/games/capture_the_flag.xml
251  11:56:42.389 [main] INFO  o.t.game.client.HeadedGameRunner - Launching game, version: 2.7+00000 
356  11:56:42.494 [Thread-5] DEBUG g.s.e.data.gameparser.GameParser - Parsing game XML: /home/sanjana/triplea/downloadedMaps/capture_the_flag/map/games/capture_the_flag.xml
243  11:57:30.434 [main] INFO  o.t.game.client.HeadedGameRunner - Launching game, version: 2.7+00000 
354  11:57:30.545 [Thread-5] DEBUG g.s.e.data.gameparser.GameParser - Parsing game XML: /home/sanjana/triplea/downloadedMaps/capture_the_flag/map/games/capture_the_flag.xml
230  11:59:04.538 [main] INFO  o.t.game.client.HeadedGameRunner - Launching game, version: 2.7+00000 
333  11:59:04.641 [Thread-5] DEBUG g.s.e.data.gameparser.GameParser - Parsing game XML: /home/sanjana/triplea/downloadedMaps/capture_the_flag/map/games/capture_the_flag.xml
225  12:00:18.665 [main] INFO  o.t.game.client.HeadedGameRunner - Launching game, version: 2.7+00000 
346  12:00:18.786 [Thread-5] DEBUG g.s.e.data.gameparser.GameParser - Parsing game XML: /home/sanjana/triplea/downloadedMaps/capture_the_flag/map/games/capture_the_flag.xml
222  12:01:18.704 [main] INFO  o.t.game.client.HeadedGameRunner - Launching game, version: 2.7+00000 
331  12:01:18.813 [Thread-5] DEBUG g.s.e.data.gameparser.GameParser - Parsing game XML: /home/sanjana/triplea/downloadedMaps/capture_the_flag/map/games/capture_the_flag.xml
224  12:01:52.846 [main] INFO  o.t.game.client.HeadedGameRunner - Launching game, version: 2.7+00000 
339  12:01:52.961 [Thread-5] DEBUG g.s.e.data.gameparser.GameParser - Parsing game XML: /home/sanjana/triplea/downloadedMaps/capture_the_flag/map/games/capture_the_flag.xml
231  12:02:36.926 [main] INFO  o.t.game.client.HeadedGameRunner - Launching game, version: 2.7+00000 
342  12:02:37.037 [Thread-5] DEBUG g.s.e.data.gameparser.GameParser - Parsing game XML: /home/sanjana/triplea/downloadedMaps/capture_the_flag/map/games/capture_the_flag.xml
224  12:03:37.028 [main] INFO  o.t.game.client.HeadedGameRunner - Launching game, version: 2.7+00000 
358  12:03:37.162 [Thread-5] DEBUG g.s.e.data.gameparser.GameParser - Parsing game XML: /home/sanjana/triplea/downloadedMaps/capture_the_flag/map/games/capture_the_flag.xml
228  12:04:17.137 [main] INFO  o.t.game.client.HeadedGameRunner - Launching game, version: 2.7+00000 
341  12:04:17.250 [Thread-5] DEBUG g.s.e.data.gameparser.GameParser - Parsing game XML: /home/sanjana/triplea/downloadedMaps/capture_the_flag/map/games/capture_the_flag.xml
259  12:05:01.253 [main] INFO  o.t.game.client.HeadedGameRunner - Launching game, version: 2.7+00000 
371  12:05:01.365 [Thread-5] DEBUG g.s.e.data.gameparser.GameParser - Parsing game XML: /home/sanjana/triplea/downloadedMaps/capture_the_flag/map/games/capture_the_flag.xml
224  12:05:45.304 [main] INFO  o.t.game.client.HeadedGameRunner - Launching game, version: 2.7+00000 
336  12:05:45.416 [Thread-5] DEBUG g.s.e.data.gameparser.GameParser - Parsing game XML: /home/sanjana/triplea/downloadedMaps/capture_the_flag/map/games/capture_the_flag.xml
255  12:06:29.446 [main] INFO  o.t.game.client.HeadedGameRunner - Launching game, version: 2.7+00000 
368  12:06:29.559 [Thread-5] DEBUG g.s.e.data.gameparser.GameParser - Parsing game XML: /home/sanjana/triplea/downloadedMaps/capture_the_flag/map/games/capture_the_flag.xml
217  12:07:41.544 [main] INFO  o.t.game.client.HeadedGameRunner - Launching game, version: 2.7+00000 
321  12:07:41.648 [Thread-5] DEBUG g.s.e.data.gameparser.GameParser - Parsing game XML: /home/sanjana/triplea/downloadedMaps/capture_the_flag/map/games/capture_the_flag.xml
234  12:08:17.631 [main] INFO  o.t.game.client.HeadedGameRunner - Launching game, version: 2.7+00000 
349  12:08:17.746 [Thread-5] DEBUG g.s.e.data.gameparser.GameParser - Parsing game XML: /home/sanjana/triplea/downloadedMaps/capture_the_flag/map/games/capture_the_flag.xml
230  12:08:55.716 [main] INFO  o.t.game.client.HeadedGameRunner - Launching game, version: 2.7+00000 
353  12:08:55.839 [Thread-5] DEBUG g.s.e.data.gameparser.GameParser - Parsing game XML: /home/sanjana/triplea/downloadedMaps/capture_the_flag/map/games/capture_the_flag.xml
222  12:09:45.812 [main] INFO  o.t.game.client.HeadedGameRunner - Launching game, version: 2.7+00000 
333  12:09:45.923 [Thread-5] DEBUG g.s.e.data.gameparser.GameParser - Parsing game XML: /home/sanjana/triplea/downloadedMaps/capture_the_flag/map/games/capture_the_flag.xml
218  12:10:49.885 [main] INFO  o.t.game.client.HeadedGameRunner - Launching game, version: 2.7+00000 
339  12:10:50.006 [Thread-5] DEBUG g.s.e.data.gameparser.GameParser - Parsing game XML: /home/sanjana/triplea/downloadedMaps/capture_the_flag/map/games/capture_the_flag.xml
229  12:12:28.023 [main] INFO  o.t.game.client.HeadedGameRunner - Launching game, version: 2.7+00000 
343  12:12:28.137 [Thread-5] DEBUG g.s.e.data.gameparser.GameParser - Parsing game XML: /home/sanjana/triplea/downloadedMaps/capture_the_flag/map/games/capture_the_flag.xml
221  12:13:12.102 [main] INFO  o.t.game.client.HeadedGameRunner - Launching game, version: 2.7+00000 
335  12:13:12.216 [Thread-5] DEBUG g.s.e.data.gameparser.GameParser - Parsing game XML: /home/sanjana/triplea/downloadedMaps/capture_the_flag/map/games/capture_the_flag.xml
237  12:14:12.229 [main] INFO  o.t.game.client.HeadedGameRunner - Launching game, version: 2.7+00000 
351  12:14:12.343 [Thread-5] DEBUG g.s.e.data.gameparser.GameParser - Parsing game XML: /home/sanjana/triplea/downloadedMaps/capture_the_flag/map/games/capture_the_flag.xml
241  12:15:04.364 [main] INFO  o.t.game.client.HeadedGameRunner - Launching game, version: 2.7+00000 
361  12:15:04.484 [Thread-5] DEBUG g.s.e.data.gameparser.GameParser - Parsing game XML: /home/sanjana/triplea/downloadedMaps/capture_the_flag/map/games/capture_the_flag.xml
233  12:15:58.451 [main] INFO  o.t.game.client.HeadedGameRunner - Launching game, version: 2.7+00000 
349  12:15:58.567 [Thread-5] DEBUG g.s.e.data.gameparser.GameParser - Parsing game XML: /home/sanjana/triplea/downloadedMaps/capture_the_flag/map/games/capture_the_flag.xml
254  12:17:04.615 [main] INFO  o.t.game.client.HeadedGameRunner - Launching game, version: 2.7+00000 
362  12:17:04.723 [Thread-5] DEBUG g.s.e.data.gameparser.GameParser - Parsing game XML: /home/sanjana/triplea/downloadedMaps/capture_the_flag/map/games/capture_the_flag.xml
226  12:17:40.634 [main] INFO  o.t.game.client.HeadedGameRunner - Launching game, version: 2.7+00000 
346  12:17:40.754 [Thread-5] DEBUG g.s.e.data.gameparser.GameParser - Parsing game XML: /home/sanjana/triplea/downloadedMaps/capture_the_flag/map/games/capture_the_flag.xml
232  12:18:40.752 [main] INFO  o.t.game.client.HeadedGameRunner - Launching game, version: 2.7+00000 
343  12:18:40.863 [Thread-5] DEBUG g.s.e.data.gameparser.GameParser - Parsing game XML: /home/sanjana/triplea/downloadedMaps/capture_the_flag/map/games/capture_the_flag.xml
221  12:19:46.838 [main] INFO  o.t.game.client.HeadedGameRunner - Launching game, version: 2.7+00000 
334  12:19:46.951 [Thread-5] DEBUG g.s.e.data.gameparser.GameParser - Parsing game XML: /home/sanjana/triplea/downloadedMaps/capture_the_flag/map/games/capture_the_flag.xml
224  12:20:30.958 [main] INFO  o.t.game.client.HeadedGameRunner - Launching game, version: 2.7+00000 
336  12:20:31.070 [Thread-5] DEBUG g.s.e.data.gameparser.GameParser - Parsing game XML: /home/sanjana/triplea/downloadedMaps/capture_the_flag/map/games/capture_the_flag.xml
252  12:21:19.060 [main] INFO  o.t.game.client.HeadedGameRunner - Launching game, version: 2.7+00000 
374  12:21:19.182 [Thread-5] DEBUG g.s.e.data.gameparser.GameParser - Parsing game XML: /home/sanjana/triplea/downloadedMaps/capture_the_flag/map/games/capture_the_flag.xml
220  12:22:37.136 [main] INFO  o.t.game.client.HeadedGameRunner - Launching game, version: 2.7+00000 
325  12:22:37.241 [Thread-5] DEBUG g.s.e.data.gameparser.GameParser - Parsing game XML: /home/sanjana/triplea/downloadedMaps/capture_the_flag/map/games/capture_the_flag.xml
244  12:23:41.275 [main] INFO  o.t.game.client.HeadedGameRunner - Launching game, version: 2.7+00000 
362  12:23:41.393 [Thread-5] DEBUG g.s.e.data.gameparser.GameParser - Parsing game XML: /home/sanjana/triplea/downloadedMaps/capture_the_flag/map/games/capture_the_flag.xml
223  12:24:49.387 [main] INFO  o.t.game.client.HeadedGameRunner - Launching game, version: 2.7+00000 
335  12:24:49.499 [Thread-5] DEBUG g.s.e.data.gameparser.GameParser - Parsing game XML: /home/sanjana/triplea/downloadedMaps/capture_the_flag/map/games/capture_the_flag.xml
217  12:26:29.585 [main] INFO  o.t.game.client.HeadedGameRunner - Launching game, version: 2.7+00000 
344  12:26:29.712 [Thread-5] DEBUG g.s.e.data.gameparser.GameParser - Parsing game XML: /home/sanjana/triplea/downloadedMaps/capture_the_flag/map/games/capture_the_flag.xml
228  12:27:49.766 [main] INFO  o.t.game.client.HeadedGameRunner - Launching game, version: 2.7+00000 
341  12:27:49.879 [Thread-5] DEBUG g.s.e.data.gameparser.GameParser - Parsing game XML: /home/sanjana/triplea/downloadedMaps/capture_the_flag/map/games/capture_the_flag.xml
233  12:28:31.857 [main] INFO  o.t.game.client.HeadedGameRunner - Launching game, version: 2.7+00000 
348  12:28:31.972 [Thread-5] DEBUG g.s.e.data.gameparser.GameParser - Parsing game XML: /home/sanjana/triplea/downloadedMaps/capture_the_flag/map/games/capture_the_flag.xml
240  12:29:27.943 [main] INFO  o.t.game.client.HeadedGameRunner - Launching game, version: 2.7+00000 
356  12:29:28.059 [Thread-5] DEBUG g.s.e.data.gameparser.GameParser - Parsing game XML: /home/sanjana/triplea/downloadedMaps/capture_the_flag/map/games/capture_the_flag.xml
227  12:30:22.040 [main] INFO  o.t.game.client.HeadedGameRunner - Launching game, version: 2.7+00000 
332  12:30:22.145 [Thread-5] DEBUG g.s.e.data.gameparser.GameParser - Parsing game XML: /home/sanjana/triplea/downloadedMaps/capture_the_flag/map/games/capture_the_flag.xml
226  12:31:40.150 [main] INFO  o.t.game.client.HeadedGameRunner - Launching game, version: 2.7+00000 
335  12:31:40.259 [Thread-5] DEBUG g.s.e.data.gameparser.GameParser - Parsing game XML: /home/sanjana/triplea/downloadedMaps/capture_the_flag/map/games/capture_the_flag.xml
224  12:33:02.230 [main] INFO  o.t.game.client.HeadedGameRunner - Launching game, version: 2.7+00000 
339  12:33:02.345 [Thread-5] DEBUG g.s.e.data.gameparser.GameParser - Parsing game XML: /home/sanjana/triplea/downloadedMaps/capture_the_flag/map/games/capture_the_flag.xml
246  12:33:54.381 [main] INFO  o.t.game.client.HeadedGameRunner - Launching game, version: 2.7+00000 
350  12:33:54.485 [Thread-5] DEBUG g.s.e.data.gameparser.GameParser - Parsing game XML: /home/sanjana/triplea/downloadedMaps/capture_the_flag/map/games/capture_the_flag.xml
234  12:34:54.532 [main] INFO  o.t.game.client.HeadedGameRunner - Launching game, version: 2.7+00000 
348  12:34:54.646 [Thread-5] DEBUG g.s.e.data.gameparser.GameParser - Parsing game XML: /home/sanjana/triplea/downloadedMaps/capture_the_flag/map/games/capture_the_flag.xml
228  12:35:40.574 [main] INFO  o.t.game.client.HeadedGameRunner - Launching game, version: 2.7+00000 
339  12:35:40.685 [Thread-5] DEBUG g.s.e.data.gameparser.GameParser - Parsing game XML: /home/sanjana/triplea/downloadedMaps/capture_the_flag/map/games/capture_the_flag.xml
233  12:36:40.719 [main] INFO  o.t.game.client.HeadedGameRunner - Launching game, version: 2.7+00000 
346  12:36:40.832 [Thread-5] DEBUG g.s.e.data.gameparser.GameParser - Parsing game XML: /home/sanjana/triplea/downloadedMaps/capture_the_flag/map/games/capture_the_flag.xml
231  12:37:34.808 [main] INFO  o.t.game.client.HeadedGameRunner - Launching game, version: 2.7+00000 
348  12:37:34.925 [Thread-5] DEBUG g.s.e.data.gameparser.GameParser - Parsing game XML: /home/sanjana/triplea/downloadedMaps/capture_the_flag/map/games/capture_the_flag.xml
234  12:38:46.885 [main] INFO  o.t.game.client.HeadedGameRunner - Launching game, version: 2.7+00000 
348  12:38:46.999 [Thread-5] DEBUG g.s.e.data.gameparser.GameParser - Parsing game XML: /home/sanjana/triplea/downloadedMaps/capture_the_flag/map/games/capture_the_flag.xml
237  12:40:21.014 [main] INFO  o.t.game.client.HeadedGameRunner - Launching game, version: 2.7+00000 
353  12:40:21.130 [Thread-5] DEBUG g.s.e.data.gameparser.GameParser - Parsing game XML: /home/sanjana/triplea/downloadedMaps/capture_the_flag/map/games/capture_the_flag.xml
216  12:41:01.092 [main] INFO  o.t.game.client.HeadedGameRunner - Launching game, version: 2.7+00000 
319  12:41:01.195 [Thread-5] DEBUG g.s.e.data.gameparser.GameParser - Parsing game XML: /home/sanjana/triplea/downloadedMaps/capture_the_flag/map/games/capture_the_flag.xml
227  12:41:59.215 [main] INFO  o.t.game.client.HeadedGameRunner - Launching game, version: 2.7+00000 
349  12:41:59.337 [Thread-5] DEBUG g.s.e.data.gameparser.GameParser - Parsing game XML: /home/sanjana/triplea/downloadedMaps/capture_the_flag/map/games/capture_the_flag.xml
226  12:43:01.320 [main] INFO  o.t.game.client.HeadedGameRunner - Launching game, version: 2.7+00000 
339  12:43:01.433 [Thread-5] DEBUG g.s.e.data.gameparser.GameParser - Parsing game XML: /home/sanjana/triplea/downloadedMaps/capture_the_flag/map/games/capture_the_flag.xml
227  12:43:49.404 [main] INFO  o.t.game.client.HeadedGameRunner - Launching game, version: 2.7+00000 
341  12:43:49.518 [Thread-5] DEBUG g.s.e.data.gameparser.GameParser - Parsing game XML: /home/sanjana/triplea/downloadedMaps/capture_the_flag/map/games/capture_the_flag.xml
226  12:44:41.519 [main] INFO  o.t.game.client.HeadedGameRunner - Launching game, version: 2.7+00000 
340  12:44:41.633 [Thread-5] DEBUG g.s.e.data.gameparser.GameParser - Parsing game XML: /home/sanjana/triplea/downloadedMaps/capture_the_flag/map/games/capture_the_flag.xml
243  12:46:03.625 [main] INFO  o.t.game.client.HeadedGameRunner - Launching game, version: 2.7+00000 
355  12:46:03.737 [Thread-5] DEBUG g.s.e.data.gameparser.GameParser - Parsing game XML: /home/sanjana/triplea/downloadedMaps/capture_the_flag/map/games/capture_the_flag.xml
229  12:46:49.731 [main] INFO  o.t.game.client.HeadedGameRunner - Launching game, version: 2.7+00000 
344  12:46:49.846 [Thread-5] DEBUG g.s.e.data.gameparser.GameParser - Parsing game XML: /home/sanjana/triplea/downloadedMaps/capture_the_flag/map/games/capture_the_flag.xml
223  12:47:29.790 [main] INFO  o.t.game.client.HeadedGameRunner - Launching game, version: 2.7+00000 
325  12:47:29.892 [Thread-5] DEBUG g.s.e.data.gameparser.GameParser - Parsing game XML: /home/sanjana/triplea/downloadedMaps/capture_the_flag/map/games/capture_the_flag.xml
232  12:48:11.953 [main] INFO  o.t.game.client.HeadedGameRunner - Launching game, version: 2.7+00000 
330  12:48:12.051 [Thread-5] DEBUG g.s.e.data.gameparser.GameParser - Parsing game XML: /home/sanjana/triplea/downloadedMaps/capture_the_flag/map/games/capture_the_flag.xml
226  12:48:59.984 [main] INFO  o.t.game.client.HeadedGameRunner - Launching game, version: 2.7+00000 
342  12:49:00.100 [Thread-5] DEBUG g.s.e.data.gameparser.GameParser - Parsing game XML: /home/sanjana/triplea/downloadedMaps/capture_the_flag/map/games/capture_the_flag.xml
248  12:50:02.116 [main] INFO  o.t.game.client.HeadedGameRunner - Launching game, version: 2.7+00000 
362  12:50:02.230 [Thread-5] DEBUG g.s.e.data.gameparser.GameParser - Parsing game XML: /home/sanjana/triplea/downloadedMaps/capture_the_flag/map/games/capture_the_flag.xml
237  12:51:02.237 [main] INFO  o.t.game.client.HeadedGameRunner - Launching game, version: 2.7+00000 
353  12:51:02.353 [Thread-5] DEBUG g.s.e.data.gameparser.GameParser - Parsing game XML: /home/sanjana/triplea/downloadedMaps/capture_the_flag/map/games/capture_the_flag.xml
239  12:51:46.325 [main] INFO  o.t.game.client.HeadedGameRunner - Launching game, version: 2.7+00000 
350  12:51:46.436 [Thread-5] DEBUG g.s.e.data.gameparser.GameParser - Parsing game XML: /home/sanjana/triplea/downloadedMaps/capture_the_flag/map/games/capture_the_flag.xml
232  12:52:40.439 [main] INFO  o.t.game.client.HeadedGameRunner - Launching game, version: 2.7+00000 
347  12:52:40.554 [Thread-5] DEBUG g.s.e.data.gameparser.GameParser - Parsing game XML: /home/sanjana/triplea/downloadedMaps/capture_the_flag/map/games/capture_the_flag.xml
233  12:53:38.512 [main] INFO  o.t.game.client.HeadedGameRunner - Launching game, version: 2.7+00000 
344  12:53:38.623 [Thread-5] DEBUG g.s.e.data.gameparser.GameParser - Parsing game XML: /home/sanjana/triplea/downloadedMaps/capture_the_flag/map/games/capture_the_flag.xml
224  12:54:48.635 [main] INFO  o.t.game.client.HeadedGameRunner - Launching game, version: 2.7+00000 
344  12:54:48.755 [Thread-5] DEBUG g.s.e.data.gameparser.GameParser - Parsing game XML: /home/sanjana/triplea/downloadedMaps/capture_the_flag/map/games/capture_the_flag.xml
249  12:55:48.736 [main] INFO  o.t.game.client.HeadedGameRunner - Launching game, version: 2.7+00000 
372  12:55:48.859 [Thread-5] DEBUG g.s.e.data.gameparser.GameParser - Parsing game XML: /home/sanjana/triplea/downloadedMaps/capture_the_flag/map/games/capture_the_flag.xml
249  12:56:34.850 [main] INFO  o.t.game.client.HeadedGameRunner - Launching game, version: 2.7+00000 
353  12:56:34.954 [Thread-5] DEBUG g.s.e.data.gameparser.GameParser - Parsing game XML: /home/sanjana/triplea/downloadedMaps/capture_the_flag/map/games/capture_the_flag.xml
242  12:57:34.938 [main] INFO  o.t.game.client.HeadedGameRunner - Launching game, version: 2.7+00000 
349  12:57:35.045 [Thread-5] DEBUG g.s.e.data.gameparser.GameParser - Parsing game XML: /home/sanjana/triplea/downloadedMaps/capture_the_flag/map/games/capture_the_flag.xml
238  12:58:25.048 [main] INFO  o.t.game.client.HeadedGameRunner - Launching game, version: 2.7+00000 
353  12:58:25.163 [Thread-5] DEBUG g.s.e.data.gameparser.GameParser - Parsing game XML: /home/sanjana/triplea/downloadedMaps/capture_the_flag/map/games/capture_the_flag.xml
239  12:59:17.143 [main] INFO  o.t.game.client.HeadedGameRunner - Launching game, version: 2.7+00000 
355  12:59:17.259 [Thread-5] DEBUG g.s.e.data.gameparser.GameParser - Parsing game XML: /home/sanjana/triplea/downloadedMaps/capture_the_flag/map/games/capture_the_flag.xml
231  12:59:55.244 [main] INFO  o.t.game.client.HeadedGameRunner - Launching game, version: 2.7+00000 
353  12:59:55.366 [Thread-5] DEBUG g.s.e.data.gameparser.GameParser - Parsing game XML: /home/sanjana/triplea/downloadedMaps/capture_the_flag/map/games/capture_the_flag.xml
247  13:00:49.343 [main] INFO  o.t.game.client.HeadedGameRunner - Launching game, version: 2.7+00000 
370  13:00:49.466 [Thread-5] DEBUG g.s.e.data.gameparser.GameParser - Parsing game XML: /home/sanjana/triplea/downloadedMaps/capture_the_flag/map/games/capture_the_flag.xml
234  13:01:39.463 [main] INFO  o.t.game.client.HeadedGameRunner - Launching game, version: 2.7+00000 
349  13:01:39.578 [Thread-5] DEBUG g.s.e.data.gameparser.GameParser - Parsing game XML: /home/sanjana/triplea/downloadedMaps/capture_the_flag/map/games/capture_the_flag.xml
258  13:02:53.579 [main] INFO  o.t.game.client.HeadedGameRunner - Launching game, version: 2.7+00000 
363  13:02:53.684 [Thread-5] DEBUG g.s.e.data.gameparser.GameParser - Parsing game XML: /home/sanjana/triplea/downloadedMaps/capture_the_flag/map/games/capture_the_flag.xml
233  13:04:07.684 [main] INFO  o.t.game.client.HeadedGameRunner - Launching game, version: 2.7+00000 
344  13:04:07.795 [Thread-5] DEBUG g.s.e.data.gameparser.GameParser - Parsing game XML: /home/sanjana/triplea/downloadedMaps/capture_the_flag/map/games/capture_the_flag.xml
224  13:05:13.751 [main] INFO  o.t.game.client.HeadedGameRunner - Launching game, version: 2.7+00000 
336  13:05:13.863 [Thread-5] DEBUG g.s.e.data.gameparser.GameParser - Parsing game XML: /home/sanjana/triplea/downloadedMaps/capture_the_flag/map/games/capture_the_flag.xml
234  13:05:57.843 [main] INFO  o.t.game.client.HeadedGameRunner - Launching game, version: 2.7+00000 
349  13:05:57.958 [Thread-5] DEBUG g.s.e.data.gameparser.GameParser - Parsing game XML: /home/sanjana/triplea/downloadedMaps/capture_the_flag/map/games/capture_the_flag.xml
229  13:07:31.965 [main] INFO  o.t.game.client.HeadedGameRunner - Launching game, version: 2.7+00000 
342  13:07:32.078 [Thread-5] DEBUG g.s.e.data.gameparser.GameParser - Parsing game XML: /home/sanjana/triplea/downloadedMaps/capture_the_flag/map/games/capture_the_flag.xml
229  13:08:32.072 [main] INFO  o.t.game.client.HeadedGameRunner - Launching game, version: 2.7+00000 
359  13:08:32.202 [Thread-5] DEBUG g.s.e.data.gameparser.GameParser - Parsing game XML: /home/sanjana/triplea/downloadedMaps/capture_the_flag/map/games/capture_the_flag.xml
228  13:09:32.181 [main] INFO  o.t.game.client.HeadedGameRunner - Launching game, version: 2.7+00000 
349  13:09:32.302 [Thread-5] DEBUG g.s.e.data.gameparser.GameParser - Parsing game XML: /home/sanjana/triplea/downloadedMaps/capture_the_flag/map/games/capture_the_flag.xml
254  13:10:14.299 [main] INFO  o.t.game.client.HeadedGameRunner - Launching game, version: 2.7+00000 
368  13:10:14.413 [Thread-5] DEBUG g.s.e.data.gameparser.GameParser - Parsing game XML: /home/sanjana/triplea/downloadedMaps/capture_the_flag/map/games/capture_the_flag.xml
261  13:11:00.375 [main] INFO  o.t.game.client.HeadedGameRunner - Launching game, version: 2.7+00000 
373  13:11:00.487 [Thread-5] DEBUG g.s.e.data.gameparser.GameParser - Parsing game XML: /home/sanjana/triplea/downloadedMaps/capture_the_flag/map/games/capture_the_flag.xml
259  13:11:44.498 [main] INFO  o.t.game.client.HeadedGameRunner - Launching game, version: 2.7+00000 
369  13:11:44.608 [Thread-5] DEBUG g.s.e.data.gameparser.GameParser - Parsing game XML: /home/sanjana/triplea/downloadedMaps/capture_the_flag/map/games/capture_the_flag.xml
235  13:12:40.584 [main] INFO  o.t.game.client.HeadedGameRunner - Launching game, version: 2.7+00000 
349  13:12:40.698 [Thread-5] DEBUG g.s.e.data.gameparser.GameParser - Parsing game XML: /home/sanjana/triplea/downloadedMaps/capture_the_flag/map/games/capture_the_flag.xml
235  13:13:28.639 [main] INFO  o.t.game.client.HeadedGameRunner - Launching game, version: 2.7+00000 
350  13:13:28.754 [Thread-5] DEBUG g.s.e.data.gameparser.GameParser - Parsing game XML: /home/sanjana/triplea/downloadedMaps/capture_the_flag/map/games/capture_the_flag.xml
229  13:14:10.771 [main] INFO  o.t.game.client.HeadedGameRunner - Launching game, version: 2.7+00000 
341  13:14:10.883 [Thread-5] DEBUG g.s.e.data.gameparser.GameParser - Parsing game XML: /home/sanjana/triplea/downloadedMaps/capture_the_flag/map/games/capture_the_flag.xml
230  13:14:54.871 [main] INFO  o.t.game.client.HeadedGameRunner - Launching game, version: 2.7+00000 
339  13:14:54.980 [Thread-5] DEBUG g.s.e.data.gameparser.GameParser - Parsing game XML: /home/sanjana/triplea/downloadedMaps/capture_the_flag/map/games/capture_the_flag.xml
244  13:15:42.973 [main] INFO  o.t.game.client.HeadedGameRunner - Launching game, version: 2.7+00000 
360  13:15:43.089 [Thread-5] DEBUG g.s.e.data.gameparser.GameParser - Parsing game XML: /home/sanjana/triplea/downloadedMaps/capture_the_flag/map/games/capture_the_flag.xml
257  13:16:29.050 [main] INFO  o.t.game.client.HeadedGameRunner - Launching game, version: 2.7+00000 
368  13:16:29.161 [Thread-5] DEBUG g.s.e.data.gameparser.GameParser - Parsing game XML: /home/sanjana/triplea/downloadedMaps/capture_the_flag/map/games/capture_the_flag.xml
227  13:17:17.123 [main] INFO  o.t.game.client.HeadedGameRunner - Launching game, version: 2.7+00000 
334  13:17:17.230 [Thread-5] DEBUG g.s.e.data.gameparser.GameParser - Parsing game XML: /home/sanjana/triplea/downloadedMaps/capture_the_flag/map/games/capture_the_flag.xml
226  13:17:57.231 [main] INFO  o.t.game.client.HeadedGameRunner - Launching game, version: 2.7+00000 
338  13:17:57.343 [Thread-5] DEBUG g.s.e.data.gameparser.GameParser - Parsing game XML: /home/sanjana/triplea/downloadedMaps/capture_the_flag/map/games/capture_the_flag.xml
235  13:18:41.332 [main] INFO  o.t.game.client.HeadedGameRunner - Launching game, version: 2.7+00000 
352  13:18:41.449 [Thread-5] DEBUG g.s.e.data.gameparser.GameParser - Parsing game XML: /home/sanjana/triplea/downloadedMaps/capture_the_flag/map/games/capture_the_flag.xml
247  13:19:31.411 [main] INFO  o.t.game.client.HeadedGameRunner - Launching game, version: 2.7+00000 
367  13:19:31.531 [Thread-5] DEBUG g.s.e.data.gameparser.GameParser - Parsing game XML: /home/sanjana/triplea/downloadedMaps/capture_the_flag/map/games/capture_the_flag.xml
228  13:20:35.540 [main] INFO  o.t.game.client.HeadedGameRunner - Launching game, version: 2.7+00000 
340  13:20:35.652 [Thread-5] DEBUG g.s.e.data.gameparser.GameParser - Parsing game XML: /home/sanjana/triplea/downloadedMaps/capture_the_flag/map/games/capture_the_flag.xml
251  13:21:25.658 [main] INFO  o.t.game.client.HeadedGameRunner - Launching game, version: 2.7+00000 
373  13:21:25.780 [Thread-5] DEBUG g.s.e.data.gameparser.GameParser - Parsing game XML: /home/sanjana/triplea/downloadedMaps/capture_the_flag/map/games/capture_the_flag.xml
258  13:22:33.810 [main] INFO  o.t.game.client.HeadedGameRunner - Launching game, version: 2.7+00000 
374  13:22:33.926 [Thread-5] DEBUG g.s.e.data.gameparser.GameParser - Parsing game XML: /home/sanjana/triplea/downloadedMaps/capture_the_flag/map/games/capture_the_flag.xml
242  13:23:35.830 [main] INFO  o.t.game.client.HeadedGameRunner - Launching game, version: 2.7+00000 
363  13:23:35.951 [Thread-5] DEBUG g.s.e.data.gameparser.GameParser - Parsing game XML: /home/sanjana/triplea/downloadedMaps/capture_the_flag/map/games/capture_the_flag.xml
220  13:24:39.947 [main] INFO  o.t.game.client.HeadedGameRunner - Launching game, version: 2.7+00000 
332  13:24:40.059 [Thread-5] DEBUG g.s.e.data.gameparser.GameParser - Parsing game XML: /home/sanjana/triplea/downloadedMaps/capture_the_flag/map/games/capture_the_flag.xml
229  13:25:28.031 [main] INFO  o.t.game.client.HeadedGameRunner - Launching game, version: 2.7+00000 
347  13:25:28.149 [Thread-5] DEBUG g.s.e.data.gameparser.GameParser - Parsing game XML: /home/sanjana/triplea/downloadedMaps/capture_the_flag/map/games/capture_the_flag.xml
260  13:26:18.154 [main] INFO  o.t.game.client.HeadedGameRunner - Launching game, version: 2.7+00000 
382  13:26:18.276 [Thread-5] DEBUG g.s.e.data.gameparser.GameParser - Parsing game XML: /home/sanjana/triplea/downloadedMaps/capture_the_flag/map/games/capture_the_flag.xml
250  13:27:08.233 [main] INFO  o.t.game.client.HeadedGameRunner - Launching game, version: 2.7+00000 
383  13:27:08.366 [Thread-5] DEBUG g.s.e.data.gameparser.GameParser - Parsing game XML: /home/sanjana/triplea/downloadedMaps/capture_the_flag/map/games/capture_the_flag.xml
232  13:28:08.313 [main] INFO  o.t.game.client.HeadedGameRunner - Launching game, version: 2.7+00000 
353  13:28:08.434 [Thread-5] DEBUG g.s.e.data.gameparser.GameParser - Parsing game XML: /home/sanjana/triplea/downloadedMaps/capture_the_flag/map/games/capture_the_flag.xml
225  13:28:52.406 [main] INFO  o.t.game.client.HeadedGameRunner - Launching game, version: 2.7+00000 
331  13:28:52.512 [Thread-5] DEBUG g.s.e.data.gameparser.GameParser - Parsing game XML: /home/sanjana/triplea/downloadedMaps/capture_the_flag/map/games/capture_the_flag.xml
228  13:29:44.520 [main] INFO  o.t.game.client.HeadedGameRunner - Launching game, version: 2.7+00000 
346  13:29:44.638 [Thread-5] DEBUG g.s.e.data.gameparser.GameParser - Parsing game XML: /home/sanjana/triplea/downloadedMaps/capture_the_flag/map/games/capture_the_flag.xml
247  13:30:42.627 [main] INFO  o.t.game.client.HeadedGameRunner - Launching game, version: 2.7+00000 
365  13:30:42.745 [Thread-5] DEBUG g.s.e.data.gameparser.GameParser - Parsing game XML: /home/sanjana/triplea/downloadedMaps/capture_the_flag/map/games/capture_the_flag.xml
239  13:31:48.718 [main] INFO  o.t.game.client.HeadedGameRunner - Launching game, version: 2.7+00000 
360  13:31:48.839 [Thread-5] DEBUG g.s.e.data.gameparser.GameParser - Parsing game XML: /home/sanjana/triplea/downloadedMaps/capture_the_flag/map/games/capture_the_flag.xml
229  13:32:46.827 [main] INFO  o.t.game.client.HeadedGameRunner - Launching game, version: 2.7+00000 
356  13:32:46.954 [Thread-5] DEBUG g.s.e.data.gameparser.GameParser - Parsing game XML: /home/sanjana/triplea/downloadedMaps/capture_the_flag/map/games/capture_the_flag.xml
259  13:33:38.944 [main] INFO  o.t.game.client.HeadedGameRunner - Launching game, version: 2.7+00000 
373  13:33:39.058 [Thread-5] DEBUG g.s.e.data.gameparser.GameParser - Parsing game XML: /home/sanjana/triplea/downloadedMaps/capture_the_flag/map/games/capture_the_flag.xml
222  13:34:46.999 [main] INFO  o.t.game.client.HeadedGameRunner - Launching game, version: 2.7+00000 
335  13:34:47.112 [Thread-5] DEBUG g.s.e.data.gameparser.GameParser - Parsing game XML: /home/sanjana/triplea/downloadedMaps/capture_the_flag/map/games/capture_the_flag.xml
220  13:35:37.123 [main] INFO  o.t.game.client.HeadedGameRunner - Launching game, version: 2.7+00000 
331  13:35:37.234 [Thread-5] DEBUG g.s.e.data.gameparser.GameParser - Parsing game XML: /home/sanjana/triplea/downloadedMaps/capture_the_flag/map/games/capture_the_flag.xml
217  13:36:51.237 [main] INFO  o.t.game.client.HeadedGameRunner - Launching game, version: 2.7+00000 
337  13:36:51.357 [Thread-5] DEBUG g.s.e.data.gameparser.GameParser - Parsing game XML: /home/sanjana/triplea/downloadedMaps/capture_the_flag/map/games/capture_the_flag.xml
228  13:37:35.377 [main] INFO  o.t.game.client.HeadedGameRunner - Launching game, version: 2.7+00000 
347  13:37:35.496 [Thread-5] DEBUG g.s.e.data.gameparser.GameParser - Parsing game XML: /home/sanjana/triplea/downloadedMaps/capture_the_flag/map/games/capture_the_flag.xml
255  13:38:25.495 [main] INFO  o.t.game.client.HeadedGameRunner - Launching game, version: 2.7+00000 
364  13:38:25.604 [Thread-5] DEBUG g.s.e.data.gameparser.GameParser - Parsing game XML: /home/sanjana/triplea/downloadedMaps/capture_the_flag/map/games/capture_the_flag.xml
219  13:39:17.536 [main] INFO  o.t.game.client.HeadedGameRunner - Launching game, version: 2.7+00000 
335  13:39:17.652 [Thread-5] DEBUG g.s.e.data.gameparser.GameParser - Parsing game XML: /home/sanjana/triplea/downloadedMaps/capture_the_flag/map/games/capture_the_flag.xml
228  13:40:01.678 [main] INFO  o.t.game.client.HeadedGameRunner - Launching game, version: 2.7+00000 
349  13:40:01.799 [Thread-5] DEBUG g.s.e.data.gameparser.GameParser - Parsing game XML: /home/sanjana/triplea/downloadedMaps/capture_the_flag/map/games/capture_the_flag.xml
223  13:41:07.767 [main] INFO  o.t.game.client.HeadedGameRunner - Launching game, version: 2.7+00000 
328  13:41:07.872 [Thread-5] DEBUG g.s.e.data.gameparser.GameParser - Parsing game XML: /home/sanjana/triplea/downloadedMaps/capture_the_flag/map/games/capture_the_flag.xml
256  13:41:59.919 [main] INFO  o.t.game.client.HeadedGameRunner - Launching game, version: 2.7+00000 
378  13:42:00.041 [Thread-5] DEBUG g.s.e.data.gameparser.GameParser - Parsing game XML: /home/sanjana/triplea/downloadedMaps/capture_the_flag/map/games/capture_the_flag.xml
266  13:42:53.987 [main] INFO  o.t.game.client.HeadedGameRunner - Launching game, version: 2.7+00000 
382  13:42:54.103 [Thread-5] DEBUG g.s.e.data.gameparser.GameParser - Parsing game XML: /home/sanjana/triplea/downloadedMaps/capture_the_flag/map/games/capture_the_flag.xml
235  13:43:50.075 [main] INFO  o.t.game.client.HeadedGameRunner - Launching game, version: 2.7+00000 
346  13:43:50.186 [Thread-5] DEBUG g.s.e.data.gameparser.GameParser - Parsing game XML: /home/sanjana/triplea/downloadedMaps/capture_the_flag/map/games/capture_the_flag.xml
227  13:44:50.161 [main] INFO  o.t.game.client.HeadedGameRunner - Launching game, version: 2.7+00000 
342  13:44:50.276 [Thread-5] DEBUG g.s.e.data.gameparser.GameParser - Parsing game XML: /home/sanjana/triplea/downloadedMaps/capture_the_flag/map/games/capture_the_flag.xml
224  13:46:36.301 [main] INFO  o.t.game.client.HeadedGameRunner - Launching game, version: 2.7+00000 
342  13:46:36.419 [Thread-5] DEBUG g.s.e.data.gameparser.GameParser - Parsing game XML: /home/sanjana/triplea/downloadedMaps/capture_the_flag/map/games/capture_the_flag.xml
234  13:47:42.420 [main] INFO  o.t.game.client.HeadedGameRunner - Launching game, version: 2.7+00000 
346  13:47:42.532 [Thread-5] DEBUG g.s.e.data.gameparser.GameParser - Parsing game XML: /home/sanjana/triplea/downloadedMaps/capture_the_flag/map/games/capture_the_flag.xml
229  13:48:46.501 [main] INFO  o.t.game.client.HeadedGameRunner - Launching game, version: 2.7+00000 
348  13:48:46.620 [Thread-5] DEBUG g.s.e.data.gameparser.GameParser - Parsing game XML: /home/sanjana/triplea/downloadedMaps/capture_the_flag/map/games/capture_the_flag.xml
228  13:49:30.638 [main] INFO  o.t.game.client.HeadedGameRunner - Launching game, version: 2.7+00000 
350  13:49:30.760 [Thread-5] DEBUG g.s.e.data.gameparser.GameParser - Parsing game XML: /home/sanjana/triplea/downloadedMaps/capture_the_flag/map/games/capture_the_flag.xml
226  13:50:20.696 [main] INFO  o.t.game.client.HeadedGameRunner - Launching game, version: 2.7+00000 
340  13:50:20.810 [Thread-5] DEBUG g.s.e.data.gameparser.GameParser - Parsing game XML: /home/sanjana/triplea/downloadedMaps/capture_the_flag/map/games/capture_the_flag.xml
222  13:51:08.778 [main] INFO  o.t.game.client.HeadedGameRunner - Launching game, version: 2.7+00000 
340  13:51:08.896 [Thread-5] DEBUG g.s.e.data.gameparser.GameParser - Parsing game XML: /home/sanjana/triplea/downloadedMaps/capture_the_flag/map/games/capture_the_flag.xml
252  13:52:00.955 [main] INFO  o.t.game.client.HeadedGameRunner - Launching game, version: 2.7+00000 
368  13:52:01.071 [Thread-5] DEBUG g.s.e.data.gameparser.GameParser - Parsing game XML: /home/sanjana/triplea/downloadedMaps/capture_the_flag/map/games/capture_the_flag.xml
223  13:53:29.193 [main] INFO  o.t.game.client.HeadedGameRunner - Launching game, version: 2.7+00000 
341  13:53:29.311 [Thread-5] DEBUG g.s.e.data.gameparser.GameParser - Parsing game XML: /home/sanjana/triplea/downloadedMaps/capture_the_flag/map/games/capture_the_flag.xml
226  13:54:21.271 [main] INFO  o.t.game.client.HeadedGameRunner - Launching game, version: 2.7+00000 
345  13:54:21.390 [Thread-5] DEBUG g.s.e.data.gameparser.GameParser - Parsing game XML: /home/sanjana/triplea/downloadedMaps/capture_the_flag/map/games/capture_the_flag.xml
219  13:55:03.378 [main] INFO  o.t.game.client.HeadedGameRunner - Launching game, version: 2.7+00000 
341  13:55:03.500 [Thread-5] DEBUG g.s.e.data.gameparser.GameParser - Parsing game XML: /home/sanjana/triplea/downloadedMaps/capture_the_flag/map/games/capture_the_flag.xml
221  13:55:41.435 [main] INFO  o.t.game.client.HeadedGameRunner - Launching game, version: 2.7+00000 
332  13:55:41.546 [Thread-5] DEBUG g.s.e.data.gameparser.GameParser - Parsing game XML: /home/sanjana/triplea/downloadedMaps/capture_the_flag/map/games/capture_the_flag.xml
227  13:56:21.544 [main] INFO  o.t.game.client.HeadedGameRunner - Launching game, version: 2.7+00000 
339  13:56:21.656 [Thread-5] DEBUG g.s.e.data.gameparser.GameParser - Parsing game XML: /home/sanjana/triplea/downloadedMaps/capture_the_flag/map/games/capture_the_flag.xml
220  13:57:07.657 [main] INFO  o.t.game.client.HeadedGameRunner - Launching game, version: 2.7+00000 
333  13:57:07.770 [Thread-5] DEBUG g.s.e.data.gameparser.GameParser - Parsing game XML: /home/sanjana/triplea/downloadedMaps/capture_the_flag/map/games/capture_the_flag.xml
224  13:57:45.758 [main] INFO  o.t.game.client.HeadedGameRunner - Launching game, version: 2.7+00000 
328  13:57:45.862 [Thread-5] DEBUG g.s.e.data.gameparser.GameParser - Parsing game XML: /home/sanjana/triplea/downloadedMaps/capture_the_flag/map/games/capture_the_flag.xml
231  13:58:25.878 [main] INFO  o.t.game.client.HeadedGameRunner - Launching game, version: 2.7+00000 
344  13:58:25.991 [Thread-5] DEBUG g.s.e.data.gameparser.GameParser - Parsing game XML: /home/sanjana/triplea/downloadedMaps/capture_the_flag/map/games/capture_the_flag.xml
225  13:59:05.952 [main] INFO  o.t.game.client.HeadedGameRunner - Launching game, version: 2.7+00000 
353  13:59:06.080 [Thread-5] DEBUG g.s.e.data.gameparser.GameParser - Parsing game XML: /home/sanjana/triplea/downloadedMaps/capture_the_flag/map/games/capture_the_flag.xml
223  13:59:46.052 [main] INFO  o.t.game.client.HeadedGameRunner - Launching game, version: 2.7+00000 
330  13:59:46.159 [Thread-5] DEBUG g.s.e.data.gameparser.GameParser - Parsing game XML: /home/sanjana/triplea/downloadedMaps/capture_the_flag/map/games/capture_the_flag.xml
232  14:00:34.148 [main] INFO  o.t.game.client.HeadedGameRunner - Launching game, version: 2.7+00000 
339  14:00:34.255 [Thread-5] DEBUG g.s.e.data.gameparser.GameParser - Parsing game XML: /home/sanjana/triplea/downloadedMaps/capture_the_flag/map/games/capture_the_flag.xml
217  14:01:14.229 [main] INFO  o.t.game.client.HeadedGameRunner - Launching game, version: 2.7+00000 
324  14:01:14.336 [Thread-5] DEBUG g.s.e.data.gameparser.GameParser - Parsing game XML: /home/sanjana/triplea/downloadedMaps/capture_the_flag/map/games/capture_the_flag.xml
243  14:02:02.390 [main] INFO  o.t.game.client.HeadedGameRunner - Launching game, version: 2.7+00000 
364  14:02:02.511 [Thread-5] DEBUG g.s.e.data.gameparser.GameParser - Parsing game XML: /home/sanjana/triplea/downloadedMaps/capture_the_flag/map/games/capture_the_flag.xml
221  14:02:44.431 [main] INFO  o.t.game.client.HeadedGameRunner - Launching game, version: 2.7+00000 
346  14:02:44.556 [Thread-5] DEBUG g.s.e.data.gameparser.GameParser - Parsing game XML: /home/sanjana/triplea/downloadedMaps/capture_the_flag/map/games/capture_the_flag.xml
229  14:03:24.567 [main] INFO  o.t.game.client.HeadedGameRunner - Launching game, version: 2.7+00000 
352  14:03:24.690 [Thread-5] DEBUG g.s.e.data.gameparser.GameParser - Parsing game XML: /home/sanjana/triplea/downloadedMaps/capture_the_flag/map/games/capture_the_flag.xml
239  14:04:04.661 [main] INFO  o.t.game.client.HeadedGameRunner - Launching game, version: 2.7+00000 
359  14:04:04.781 [Thread-5] DEBUG g.s.e.data.gameparser.GameParser - Parsing game XML: /home/sanjana/triplea/downloadedMaps/capture_the_flag/map/games/capture_the_flag.xml
225  14:04:46.734 [main] INFO  o.t.game.client.HeadedGameRunner - Launching game, version: 2.7+00000 
340  14:04:46.849 [Thread-5] DEBUG g.s.e.data.gameparser.GameParser - Parsing game XML: /home/sanjana/triplea/downloadedMaps/capture_the_flag/map/games/capture_the_flag.xml
228  14:05:32.822 [main] INFO  o.t.game.client.HeadedGameRunner - Launching game, version: 2.7+00000 
344  14:05:32.938 [Thread-5] DEBUG g.s.e.data.gameparser.GameParser - Parsing game XML: /home/sanjana/triplea/downloadedMaps/capture_the_flag/map/games/capture_the_flag.xml
227  14:06:18.902 [main] INFO  o.t.game.client.HeadedGameRunner - Launching game, version: 2.7+00000 
339  14:06:19.014 [Thread-5] DEBUG g.s.e.data.gameparser.GameParser - Parsing game XML: /home/sanjana/triplea/downloadedMaps/capture_the_flag/map/games/capture_the_flag.xml
255  14:07:07.051 [main] INFO  o.t.game.client.HeadedGameRunner - Launching game, version: 2.7+00000 
373  14:07:07.169 [Thread-5] DEBUG g.s.e.data.gameparser.GameParser - Parsing game XML: /home/sanjana/triplea/downloadedMaps/capture_the_flag/map/games/capture_the_flag.xml
240  14:07:49.167 [main] INFO  o.t.game.client.HeadedGameRunner - Launching game, version: 2.7+00000 
362  14:07:49.289 [Thread-5] DEBUG g.s.e.data.gameparser.GameParser - Parsing game XML: /home/sanjana/triplea/downloadedMaps/capture_the_flag/map/games/capture_the_flag.xml
247  14:08:31.248 [main] INFO  o.t.game.client.HeadedGameRunner - Launching game, version: 2.7+00000 
366  14:08:31.367 [Thread-5] DEBUG g.s.e.data.gameparser.GameParser - Parsing game XML: /home/sanjana/triplea/downloadedMaps/capture_the_flag/map/games/capture_the_flag.xml
243  14:09:13.346 [main] INFO  o.t.game.client.HeadedGameRunner - Launching game, version: 2.7+00000 
373  14:09:13.476 [Thread-5] DEBUG g.s.e.data.gameparser.GameParser - Parsing game XML: /home/sanjana/triplea/downloadedMaps/capture_the_flag/map/games/capture_the_flag.xml
234  14:09:55.395 [main] INFO  o.t.game.client.HeadedGameRunner - Launching game, version: 2.7+00000 
357  14:09:55.518 [Thread-5] DEBUG g.s.e.data.gameparser.GameParser - Parsing game XML: /home/sanjana/triplea/downloadedMaps/capture_the_flag/map/games/capture_the_flag.xml
235  14:10:35.494 [main] INFO  o.t.game.client.HeadedGameRunner - Launching game, version: 2.7+00000 
360  14:10:35.619 [Thread-5] DEBUG g.s.e.data.gameparser.GameParser - Parsing game XML: /home/sanjana/triplea/downloadedMaps/capture_the_flag/map/games/capture_the_flag.xml
260  14:11:13.649 [main] INFO  o.t.game.client.HeadedGameRunner - Launching game, version: 2.7+00000 
368  14:11:13.757 [Thread-5] DEBUG g.s.e.data.gameparser.GameParser - Parsing game XML: /home/sanjana/triplea/downloadedMaps/capture_the_flag/map/games/capture_the_flag.xml
234  14:11:57.722 [main] INFO  o.t.game.client.HeadedGameRunner - Launching game, version: 2.7+00000 
355  14:11:57.843 [Thread-5] DEBUG g.s.e.data.gameparser.GameParser - Parsing game XML: /home/sanjana/triplea/downloadedMaps/capture_the_flag/map/games/capture_the_flag.xml
226  14:12:39.796 [main] INFO  o.t.game.client.HeadedGameRunner - Launching game, version: 2.7+00000 
337  14:12:39.907 [Thread-5] DEBUG g.s.e.data.gameparser.GameParser - Parsing game XML: /home/sanjana/triplea/downloadedMaps/capture_the_flag/map/games/capture_the_flag.xml
221  14:13:17.891 [main] INFO  o.t.game.client.HeadedGameRunner - Launching game, version: 2.7+00000 
333  14:13:18.003 [Thread-5] DEBUG g.s.e.data.gameparser.GameParser - Parsing game XML: /home/sanjana/triplea/downloadedMaps/capture_the_flag/map/games/capture_the_flag.xml
220  14:13:55.988 [main] INFO  o.t.game.client.HeadedGameRunner - Launching game, version: 2.7+00000 
342  14:13:56.110 [Thread-5] DEBUG g.s.e.data.gameparser.GameParser - Parsing game XML: /home/sanjana/triplea/downloadedMaps/capture_the_flag/map/games/capture_the_flag.xml
219  14:14:38.099 [main] INFO  o.t.game.client.HeadedGameRunner - Launching game, version: 2.7+00000 
343  14:14:38.223 [Thread-5] DEBUG g.s.e.data.gameparser.GameParser - Parsing game XML: /home/sanjana/triplea/downloadedMaps/capture_the_flag/map/games/capture_the_flag.xml
226  14:15:20.185 [main] INFO  o.t.game.client.HeadedGameRunner - Launching game, version: 2.7+00000 
346  14:15:20.305 [Thread-5] DEBUG g.s.e.data.gameparser.GameParser - Parsing game XML: /home/sanjana/triplea/downloadedMaps/capture_the_flag/map/games/capture_the_flag.xml
260  14:16:04.321 [main] INFO  o.t.game.client.HeadedGameRunner - Launching game, version: 2.7+00000 
371  14:16:04.432 [Thread-5] DEBUG g.s.e.data.gameparser.GameParser - Parsing game XML: /home/sanjana/triplea/downloadedMaps/capture_the_flag/map/games/capture_the_flag.xml
253  14:16:44.418 [main] INFO  o.t.game.client.HeadedGameRunner - Launching game, version: 2.7+00000 
367  14:16:44.532 [Thread-5] DEBUG g.s.e.data.gameparser.GameParser - Parsing game XML: /home/sanjana/triplea/downloadedMaps/capture_the_flag/map/games/capture_the_flag.xml
221  14:17:24.490 [main] INFO  o.t.game.client.HeadedGameRunner - Launching game, version: 2.7+00000 
326  14:17:24.595 [Thread-5] DEBUG g.s.e.data.gameparser.GameParser - Parsing game XML: /home/sanjana/triplea/downloadedMaps/capture_the_flag/map/games/capture_the_flag.xml
233  14:18:04.551 [main] INFO  o.t.game.client.HeadedGameRunner - Launching game, version: 2.7+00000 
347  14:18:04.665 [Thread-5] DEBUG g.s.e.data.gameparser.GameParser - Parsing game XML: /home/sanjana/triplea/downloadedMaps/capture_the_flag/map/games/capture_the_flag.xml
240  14:18:56.671 [main] INFO  o.t.game.client.HeadedGameRunner - Launching game, version: 2.7+00000 
367  14:18:56.798 [Thread-5] DEBUG g.s.e.data.gameparser.GameParser - Parsing game XML: /home/sanjana/triplea/downloadedMaps/capture_the_flag/map/games/capture_the_flag.xml
226  14:19:36.738 [main] INFO  o.t.game.client.HeadedGameRunner - Launching game, version: 2.7+00000 
344  14:19:36.856 [Thread-5] DEBUG g.s.e.data.gameparser.GameParser - Parsing game XML: /home/sanjana/triplea/downloadedMaps/capture_the_flag/map/games/capture_the_flag.xml
232  14:21:10.857 [main] INFO  o.t.game.client.HeadedGameRunner - Launching game, version: 2.7+00000 
352  14:21:10.977 [Thread-5] DEBUG g.s.e.data.gameparser.GameParser - Parsing game XML: /home/sanjana/triplea/downloadedMaps/capture_the_flag/map/games/capture_the_flag.xml
233  14:21:56.997 [main] INFO  o.t.game.client.HeadedGameRunner - Launching game, version: 2.7+00000 
341  14:21:57.105 [Thread-5] DEBUG g.s.e.data.gameparser.GameParser - Parsing game XML: /home/sanjana/triplea/downloadedMaps/capture_the_flag/map/games/capture_the_flag.xml
236  14:22:41.112 [main] INFO  o.t.game.client.HeadedGameRunner - Launching game, version: 2.7+00000 
353  14:22:41.229 [Thread-5] DEBUG g.s.e.data.gameparser.GameParser - Parsing game XML: /home/sanjana/triplea/downloadedMaps/capture_the_flag/map/games/capture_the_flag.xml
258  14:23:19.183 [main] INFO  o.t.game.client.HeadedGameRunner - Launching game, version: 2.7+00000 
375  14:23:19.300 [Thread-5] DEBUG g.s.e.data.gameparser.GameParser - Parsing game XML: /home/sanjana/triplea/downloadedMaps/capture_the_flag/map/games/capture_the_flag.xml
237  14:23:59.286 [main] INFO  o.t.game.client.HeadedGameRunner - Launching game, version: 2.7+00000 
346  14:23:59.395 [Thread-5] DEBUG g.s.e.data.gameparser.GameParser - Parsing game XML: /home/sanjana/triplea/downloadedMaps/capture_the_flag/map/games/capture_the_flag.xml
230  14:24:41.356 [main] INFO  o.t.game.client.HeadedGameRunner - Launching game, version: 2.7+00000 
349  14:24:41.475 [Thread-5] DEBUG g.s.e.data.gameparser.GameParser - Parsing game XML: /home/sanjana/triplea/downloadedMaps/capture_the_flag/map/games/capture_the_flag.xml
256  14:25:21.484 [main] INFO  o.t.game.client.HeadedGameRunner - Launching game, version: 2.7+00000 
360  14:25:21.588 [Thread-5] DEBUG g.s.e.data.gameparser.GameParser - Parsing game XML: /home/sanjana/triplea/downloadedMaps/capture_the_flag/map/games/capture_the_flag.xml
226  14:26:05.572 [main] INFO  o.t.game.client.HeadedGameRunner - Launching game, version: 2.7+00000 
346  14:26:05.692 [Thread-5] DEBUG g.s.e.data.gameparser.GameParser - Parsing game XML: /home/sanjana/triplea/downloadedMaps/capture_the_flag/map/games/capture_the_flag.xml
229  14:26:45.637 [main] INFO  o.t.game.client.HeadedGameRunner - Launching game, version: 2.7+00000 
348  14:26:45.756 [Thread-5] DEBUG g.s.e.data.gameparser.GameParser - Parsing game XML: /home/sanjana/triplea/downloadedMaps/capture_the_flag/map/games/capture_the_flag.xml
229  14:27:33.749 [main] INFO  o.t.game.client.HeadedGameRunner - Launching game, version: 2.7+00000 
346  14:27:33.866 [Thread-5] DEBUG g.s.e.data.gameparser.GameParser - Parsing game XML: /home/sanjana/triplea/downloadedMaps/capture_the_flag/map/games/capture_the_flag.xml
225  14:28:15.862 [main] INFO  o.t.game.client.HeadedGameRunner - Launching game, version: 2.7+00000 
355  14:28:15.992 [Thread-5] DEBUG g.s.e.data.gameparser.GameParser - Parsing game XML: /home/sanjana/triplea/downloadedMaps/capture_the_flag/map/games/capture_the_flag.xml
227  14:29:01.909 [main] INFO  o.t.game.client.HeadedGameRunner - Launching game, version: 2.7+00000 
346  14:29:02.028 [Thread-5] DEBUG g.s.e.data.gameparser.GameParser - Parsing game XML: /home/sanjana/triplea/downloadedMaps/capture_the_flag/map/games/capture_the_flag.xml
230  14:29:40.028 [main] INFO  o.t.game.client.HeadedGameRunner - Launching game, version: 2.7+00000 
345  14:29:40.143 [Thread-5] DEBUG g.s.e.data.gameparser.GameParser - Parsing game XML: /home/sanjana/triplea/downloadedMaps/capture_the_flag/map/games/capture_the_flag.xml
232  14:30:38.124 [main] INFO  o.t.game.client.HeadedGameRunner - Launching game, version: 2.7+00000 
350  14:30:38.242 [Thread-5] DEBUG g.s.e.data.gameparser.GameParser - Parsing game XML: /home/sanjana/triplea/downloadedMaps/capture_the_flag/map/games/capture_the_flag.xml
224  14:31:26.205 [main] INFO  o.t.game.client.HeadedGameRunner - Launching game, version: 2.7+00000 
355  14:31:26.336 [Thread-5] DEBUG g.s.e.data.gameparser.GameParser - Parsing game XML: /home/sanjana/triplea/downloadedMaps/capture_the_flag/map/games/capture_the_flag.xml
229  14:32:16.339 [main] INFO  o.t.game.client.HeadedGameRunner - Launching game, version: 2.7+00000 
338  14:32:16.448 [Thread-5] DEBUG g.s.e.data.gameparser.GameParser - Parsing game XML: /home/sanjana/triplea/downloadedMaps/capture_the_flag/map/games/capture_the_flag.xml
231  14:33:00.413 [main] INFO  o.t.game.client.HeadedGameRunner - Launching game, version: 2.7+00000 
345  14:33:00.527 [Thread-5] DEBUG g.s.e.data.gameparser.GameParser - Parsing game XML: /home/sanjana/triplea/downloadedMaps/capture_the_flag/map/games/capture_the_flag.xml
19137 14:33:19.319 [AWT-EventQueue-0] ERROR o.t.game.client.HeadedGameRunner - Vector Enumeration
java.util.NoSuchElementException: Vector Enumeration
	at java.base/java.util.Vector$1.nextElement(Vector.java:344)
	at java.desktop/javax.swing.tree.DefaultMutableTreeNode$PreorderEnumeration.nextElement(DefaultMutableTreeNode.java:1349)
	at java.desktop/javax.swing.tree.DefaultMutableTreeNode$PreorderEnumeration.nextElement(DefaultMutableTreeNode.java:1333)
	at games.strategy.engine.history.History.getCurrentPlayer(History.java:177)
	at games.strategy.triplea.util.UnitSeparator.getComparatorUnitCategories(UnitSeparator.java:128)
	at games.strategy.triplea.util.UnitSeparator.getSortedUnitCategories(UnitSeparator.java:101)
	at games.strategy.triplea.ui.SimpleUnitPanel.setUnits(SimpleUnitPanel.java:130)
	at games.strategy.triplea.ui.PlacePanel.lambda$updateUnitsInUnitsToPlacePanel$0(PlacePanel.java:234)
	at java.desktop/java.awt.event.InvocationEvent.dispatch(InvocationEvent.java:318)
	at java.desktop/java.awt.EventQueue.dispatchEventImpl(EventQueue.java:773)
	at java.desktop/java.awt.EventQueue$4.run(EventQueue.java:720)
	at java.desktop/java.awt.EventQueue$4.run(EventQueue.java:714)
	at java.base/java.security.AccessController.doPrivileged(AccessController.java:400)
	at java.base/java.security.ProtectionDomain$JavaSecurityAccessImpl.doIntersectionPrivilege(ProtectionDomain.java:87)
	at java.desktop/java.awt.EventQueue.dispatchEvent(EventQueue.java:742)
	at java.desktop/java.awt.EventDispatchThread.pumpOneEventForFilters(EventDispatchThread.java:203)
	at java.desktop/java.awt.EventDispatchThread.pumpEventsForFilter(EventDispatchThread.java:124)
	at java.desktop/java.awt.EventDispatchThread.pumpEventsForHierarchy(EventDispatchThread.java:113)
	at java.desktop/java.awt.EventDispatchThread.pumpEvents(EventDispatchThread.java:109)
	at java.desktop/java.awt.EventDispatchThread.pumpEvents(EventDispatchThread.java:101)
	at java.desktop/java.awt.EventDispatchThread.run(EventDispatchThread.java:90)
243  14:33:50.550 [main] INFO  o.t.game.client.HeadedGameRunner - Launching game, version: 2.7+00000 
364  14:33:50.671 [Thread-5] DEBUG g.s.e.data.gameparser.GameParser - Parsing game XML: /home/sanjana/triplea/downloadedMaps/capture_the_flag/map/games/capture_the_flag.xml
234  14:34:26.630 [main] INFO  o.t.game.client.HeadedGameRunner - Launching game, version: 2.7+00000 
351  14:34:26.747 [Thread-5] DEBUG g.s.e.data.gameparser.GameParser - Parsing game XML: /home/sanjana/triplea/downloadedMaps/capture_the_flag/map/games/capture_the_flag.xml
223  14:35:14.726 [main] INFO  o.t.game.client.HeadedGameRunner - Launching game, version: 2.7+00000 
341  14:35:14.844 [Thread-5] DEBUG g.s.e.data.gameparser.GameParser - Parsing game XML: /home/sanjana/triplea/downloadedMaps/capture_the_flag/map/games/capture_the_flag.xml
236  14:35:54.807 [main] INFO  o.t.game.client.HeadedGameRunner - Launching game, version: 2.7+00000 
341  14:35:54.912 [Thread-5] DEBUG g.s.e.data.gameparser.GameParser - Parsing game XML: /home/sanjana/triplea/downloadedMaps/capture_the_flag/map/games/capture_the_flag.xml
220  14:36:44.891 [main] INFO  o.t.game.client.HeadedGameRunner - Launching game, version: 2.7+00000 
331  14:36:45.002 [Thread-5] DEBUG g.s.e.data.gameparser.GameParser - Parsing game XML: /home/sanjana/triplea/downloadedMaps/capture_the_flag/map/games/capture_the_flag.xml
218  14:37:27.003 [main] INFO  o.t.game.client.HeadedGameRunner - Launching game, version: 2.7+00000 
341  14:37:27.126 [Thread-5] DEBUG g.s.e.data.gameparser.GameParser - Parsing game XML: /home/sanjana/triplea/downloadedMaps/capture_the_flag/map/games/capture_the_flag.xml
232  14:38:15.146 [main] INFO  o.t.game.client.HeadedGameRunner - Launching game, version: 2.7+00000 
345  14:38:15.259 [Thread-5] DEBUG g.s.e.data.gameparser.GameParser - Parsing game XML: /home/sanjana/triplea/downloadedMaps/capture_the_flag/map/games/capture_the_flag.xml
255  14:39:41.243 [main] INFO  o.t.game.client.HeadedGameRunner - Launching game, version: 2.7+00000 
362  14:39:41.350 [Thread-5] DEBUG g.s.e.data.gameparser.GameParser - Parsing game XML: /home/sanjana/triplea/downloadedMaps/capture_the_flag/map/games/capture_the_flag.xml
226  14:40:37.349 [main] INFO  o.t.game.client.HeadedGameRunner - Launching game, version: 2.7+00000 
348  14:40:37.471 [Thread-5] DEBUG g.s.e.data.gameparser.GameParser - Parsing game XML: /home/sanjana/triplea/downloadedMaps/capture_the_flag/map/games/capture_the_flag.xml
241  14:41:13.425 [main] INFO  o.t.game.client.HeadedGameRunner - Launching game, version: 2.7+00000 
366  14:41:13.550 [Thread-5] DEBUG g.s.e.data.gameparser.GameParser - Parsing game XML: /home/sanjana/triplea/downloadedMaps/capture_the_flag/map/games/capture_the_flag.xml
232  14:42:05.539 [main] INFO  o.t.game.client.HeadedGameRunner - Launching game, version: 2.7+00000 
343  14:42:05.650 [Thread-5] DEBUG g.s.e.data.gameparser.GameParser - Parsing game XML: /home/sanjana/triplea/downloadedMaps/capture_the_flag/map/games/capture_the_flag.xml
222  14:43:11.638 [main] INFO  o.t.game.client.HeadedGameRunner - Launching game, version: 2.7+00000 
328  14:43:11.744 [Thread-5] DEBUG g.s.e.data.gameparser.GameParser - Parsing game XML: /home/sanjana/triplea/downloadedMaps/capture_the_flag/map/games/capture_the_flag.xml
231  14:43:47.703 [main] INFO  o.t.game.client.HeadedGameRunner - Launching game, version: 2.7+00000 
352  14:43:47.824 [Thread-5] DEBUG g.s.e.data.gameparser.GameParser - Parsing game XML: /home/sanjana/triplea/downloadedMaps/capture_the_flag/map/games/capture_the_flag.xml
220  14:44:35.844 [main] INFO  o.t.game.client.HeadedGameRunner - Launching game, version: 2.7+00000 
318  14:44:35.942 [Thread-5] DEBUG g.s.e.data.gameparser.GameParser - Parsing game XML: /home/sanjana/triplea/downloadedMaps/capture_the_flag/map/games/capture_the_flag.xml
238  14:45:17.911 [main] INFO  o.t.game.client.HeadedGameRunner - Launching game, version: 2.7+00000 
356  14:45:18.029 [Thread-5] DEBUG g.s.e.data.gameparser.GameParser - Parsing game XML: /home/sanjana/triplea/downloadedMaps/capture_the_flag/map/games/capture_the_flag.xml
221  14:46:02.011 [main] INFO  o.t.game.client.HeadedGameRunner - Launching game, version: 2.7+00000 
331  14:46:02.121 [Thread-5] DEBUG g.s.e.data.gameparser.GameParser - Parsing game XML: /home/sanjana/triplea/downloadedMaps/capture_the_flag/map/games/capture_the_flag.xml
248  14:46:52.134 [main] INFO  o.t.game.client.HeadedGameRunner - Launching game, version: 2.7+00000 
359  14:46:52.245 [Thread-5] DEBUG g.s.e.data.gameparser.GameParser - Parsing game XML: /home/sanjana/triplea/downloadedMaps/capture_the_flag/map/games/capture_the_flag.xml
252  14:47:58.235 [main] INFO  o.t.game.client.HeadedGameRunner - Launching game, version: 2.7+00000 
378  14:47:58.361 [Thread-5] DEBUG g.s.e.data.gameparser.GameParser - Parsing game XML: /home/sanjana/triplea/downloadedMaps/capture_the_flag/map/games/capture_the_flag.xml
233  14:48:40.287 [main] INFO  o.t.game.client.HeadedGameRunner - Launching game, version: 2.7+00000 
352  14:48:40.406 [Thread-5] DEBUG g.s.e.data.gameparser.GameParser - Parsing game XML: /home/sanjana/triplea/downloadedMaps/capture_the_flag/map/games/capture_the_flag.xml
254  14:49:20.476 [main] INFO  o.t.game.client.HeadedGameRunner - Launching game, version: 2.7+00000 
371  14:49:20.593 [Thread-5] DEBUG g.s.e.data.gameparser.GameParser - Parsing game XML: /home/sanjana/triplea/downloadedMaps/capture_the_flag/map/games/capture_the_flag.xml
226  14:50:22.516 [main] INFO  o.t.game.client.HeadedGameRunner - Launching game, version: 2.7+00000 
340  14:50:22.630 [Thread-5] DEBUG g.s.e.data.gameparser.GameParser - Parsing game XML: /home/sanjana/triplea/downloadedMaps/capture_the_flag/map/games/capture_the_flag.xml
248  14:51:18.658 [main] INFO  o.t.game.client.HeadedGameRunner - Launching game, version: 2.7+00000 
370  14:51:18.780 [Thread-5] DEBUG g.s.e.data.gameparser.GameParser - Parsing game XML: /home/sanjana/triplea/downloadedMaps/capture_the_flag/map/games/capture_the_flag.xml
228  14:51:56.667 [main] INFO  o.t.game.client.HeadedGameRunner - Launching game, version: 2.7+00000 
345  14:51:56.784 [Thread-5] DEBUG g.s.e.data.gameparser.GameParser - Parsing game XML: /home/sanjana/triplea/downloadedMaps/capture_the_flag/map/games/capture_the_flag.xml
231  14:52:54.782 [main] INFO  o.t.game.client.HeadedGameRunner - Launching game, version: 2.7+00000 
352  14:52:54.903 [Thread-5] DEBUG g.s.e.data.gameparser.GameParser - Parsing game XML: /home/sanjana/triplea/downloadedMaps/capture_the_flag/map/games/capture_the_flag.xml
227  14:53:36.881 [main] INFO  o.t.game.client.HeadedGameRunner - Launching game, version: 2.7+00000 
340  14:53:36.994 [Thread-5] DEBUG g.s.e.data.gameparser.GameParser - Parsing game XML: /home/sanjana/triplea/downloadedMaps/capture_the_flag/map/games/capture_the_flag.xml
243  14:54:13.012 [main] INFO  o.t.game.client.HeadedGameRunner - Launching game, version: 2.7+00000 
366  14:54:13.135 [Thread-5] DEBUG g.s.e.data.gameparser.GameParser - Parsing game XML: /home/sanjana/triplea/downloadedMaps/capture_the_flag/map/games/capture_the_flag.xml
224  14:55:03.090 [main] INFO  o.t.game.client.HeadedGameRunner - Launching game, version: 2.7+00000 
343  14:55:03.209 [Thread-5] DEBUG g.s.e.data.gameparser.GameParser - Parsing game XML: /home/sanjana/triplea/downloadedMaps/capture_the_flag/map/games/capture_the_flag.xml
236  14:55:43.166 [main] INFO  o.t.game.client.HeadedGameRunner - Launching game, version: 2.7+00000 
357  14:55:43.287 [Thread-5] DEBUG g.s.e.data.gameparser.GameParser - Parsing game XML: /home/sanjana/triplea/downloadedMaps/capture_the_flag/map/games/capture_the_flag.xml
232  14:56:19.293 [main] INFO  o.t.game.client.HeadedGameRunner - Launching game, version: 2.7+00000 
346  14:56:19.407 [Thread-5] DEBUG g.s.e.data.gameparser.GameParser - Parsing game XML: /home/sanjana/triplea/downloadedMaps/capture_the_flag/map/games/capture_the_flag.xml
233  14:57:19.380 [main] INFO  o.t.game.client.HeadedGameRunner - Launching game, version: 2.7+00000 
365  14:57:19.512 [Thread-5] DEBUG g.s.e.data.gameparser.GameParser - Parsing game XML: /home/sanjana/triplea/downloadedMaps/capture_the_flag/map/games/capture_the_flag.xml
236  14:58:09.492 [main] INFO  o.t.game.client.HeadedGameRunner - Launching game, version: 2.7+00000 
348  14:58:09.604 [Thread-5] DEBUG g.s.e.data.gameparser.GameParser - Parsing game XML: /home/sanjana/triplea/downloadedMaps/capture_the_flag/map/games/capture_the_flag.xml
233  14:58:47.585 [main] INFO  o.t.game.client.HeadedGameRunner - Launching game, version: 2.7+00000 
350  14:58:47.702 [Thread-5] DEBUG g.s.e.data.gameparser.GameParser - Parsing game XML: /home/sanjana/triplea/downloadedMaps/capture_the_flag/map/games/capture_the_flag.xml
249  14:59:27.718 [main] INFO  o.t.game.client.HeadedGameRunner - Launching game, version: 2.7+00000 
364  14:59:27.833 [Thread-5] DEBUG g.s.e.data.gameparser.GameParser - Parsing game XML: /home/sanjana/triplea/downloadedMaps/capture_the_flag/map/games/capture_the_flag.xml
228  15:00:13.763 [main] INFO  o.t.game.client.HeadedGameRunner - Launching game, version: 2.7+00000 
345  15:00:13.880 [Thread-5] DEBUG g.s.e.data.gameparser.GameParser - Parsing game XML: /home/sanjana/triplea/downloadedMaps/capture_the_flag/map/games/capture_the_flag.xml
232  15:01:17.891 [main] INFO  o.t.game.client.HeadedGameRunner - Launching game, version: 2.7+00000 
354  15:01:18.013 [Thread-5] DEBUG g.s.e.data.gameparser.GameParser - Parsing game XML: /home/sanjana/triplea/downloadedMaps/capture_the_flag/map/games/capture_the_flag.xml
221  15:02:23.976 [main] INFO  o.t.game.client.HeadedGameRunner - Launching game, version: 2.7+00000 
316  15:02:24.071 [Thread-5] DEBUG g.s.e.data.gameparser.GameParser - Parsing game XML: /home/sanjana/triplea/downloadedMaps/capture_the_flag/map/games/capture_the_flag.xml
225  15:03:36.065 [main] INFO  o.t.game.client.HeadedGameRunner - Launching game, version: 2.7+00000 
351  15:03:36.191 [Thread-5] DEBUG g.s.e.data.gameparser.GameParser - Parsing game XML: /home/sanjana/triplea/downloadedMaps/capture_the_flag/map/games/capture_the_flag.xml
232  15:04:22.195 [main] INFO  o.t.game.client.HeadedGameRunner - Launching game, version: 2.7+00000 
360  15:04:22.323 [Thread-5] DEBUG g.s.e.data.gameparser.GameParser - Parsing game XML: /home/sanjana/triplea/downloadedMaps/capture_the_flag/map/games/capture_the_flag.xml
230  15:05:04.288 [main] INFO  o.t.game.client.HeadedGameRunner - Launching game, version: 2.7+00000 
341  15:05:04.399 [Thread-5] DEBUG g.s.e.data.gameparser.GameParser - Parsing game XML: /home/sanjana/triplea/downloadedMaps/capture_the_flag/map/games/capture_the_flag.xml
230  15:06:10.393 [main] INFO  o.t.game.client.HeadedGameRunner - Launching game, version: 2.7+00000 
342  15:06:10.505 [Thread-5] DEBUG g.s.e.data.gameparser.GameParser - Parsing game XML: /home/sanjana/triplea/downloadedMaps/capture_the_flag/map/games/capture_the_flag.xml
230  15:06:56.509 [main] INFO  o.t.game.client.HeadedGameRunner - Launching game, version: 2.7+00000 
349  15:06:56.628 [Thread-5] DEBUG g.s.e.data.gameparser.GameParser - Parsing game XML: /home/sanjana/triplea/downloadedMaps/capture_the_flag/map/games/capture_the_flag.xml
232  15:07:50.628 [main] INFO  o.t.game.client.HeadedGameRunner - Launching game, version: 2.7+00000 
354  15:07:50.750 [Thread-5] DEBUG g.s.e.data.gameparser.GameParser - Parsing game XML: /home/sanjana/triplea/downloadedMaps/capture_the_flag/map/games/capture_the_flag.xml
225  15:08:38.703 [main] INFO  o.t.game.client.HeadedGameRunner - Launching game, version: 2.7+00000 
348  15:08:38.826 [Thread-5] DEBUG g.s.e.data.gameparser.GameParser - Parsing game XML: /home/sanjana/triplea/downloadedMaps/capture_the_flag/map/games/capture_the_flag.xml
237  15:09:26.789 [main] INFO  o.t.game.client.HeadedGameRunner - Launching game, version: 2.7+00000 
350  15:09:26.902 [Thread-5] DEBUG g.s.e.data.gameparser.GameParser - Parsing game XML: /home/sanjana/triplea/downloadedMaps/capture_the_flag/map/games/capture_the_flag.xml
235  15:10:02.905 [main] INFO  o.t.game.client.HeadedGameRunner - Launching game, version: 2.7+00000 
368  15:10:03.038 [Thread-5] DEBUG g.s.e.data.gameparser.GameParser - Parsing game XML: /home/sanjana/triplea/downloadedMaps/capture_the_flag/map/games/capture_the_flag.xml
229  15:10:51.005 [main] INFO  o.t.game.client.HeadedGameRunner - Launching game, version: 2.7+00000 
343  15:10:51.119 [Thread-5] DEBUG g.s.e.data.gameparser.GameParser - Parsing game XML: /home/sanjana/triplea/downloadedMaps/capture_the_flag/map/games/capture_the_flag.xml
231  15:11:47.143 [main] INFO  o.t.game.client.HeadedGameRunner - Launching game, version: 2.7+00000 
354  15:11:47.266 [Thread-5] DEBUG g.s.e.data.gameparser.GameParser - Parsing game XML: /home/sanjana/triplea/downloadedMaps/capture_the_flag/map/games/capture_the_flag.xml
231  15:12:31.175 [main] INFO  o.t.game.client.HeadedGameRunner - Launching game, version: 2.7+00000 
347  15:12:31.291 [Thread-5] DEBUG g.s.e.data.gameparser.GameParser - Parsing game XML: /home/sanjana/triplea/downloadedMaps/capture_the_flag/map/games/capture_the_flag.xml
222  15:13:27.301 [main] INFO  o.t.game.client.HeadedGameRunner - Launching game, version: 2.7+00000 
343  15:13:27.422 [Thread-5] DEBUG g.s.e.data.gameparser.GameParser - Parsing game XML: /home/sanjana/triplea/downloadedMaps/capture_the_flag/map/games/capture_the_flag.xml
250  15:14:41.429 [main] INFO  o.t.game.client.HeadedGameRunner - Launching game, version: 2.7+00000 
364  15:14:41.543 [Thread-5] DEBUG g.s.e.data.gameparser.GameParser - Parsing game XML: /home/sanjana/triplea/downloadedMaps/capture_the_flag/map/games/capture_the_flag.xml
243  15:15:41.526 [main] INFO  o.t.game.client.HeadedGameRunner - Launching game, version: 2.7+00000 
356  15:15:41.639 [Thread-5] DEBUG g.s.e.data.gameparser.GameParser - Parsing game XML: /home/sanjana/triplea/downloadedMaps/capture_the_flag/map/games/capture_the_flag.xml
251  15:17:03.634 [main] INFO  o.t.game.client.HeadedGameRunner - Launching game, version: 2.7+00000 
371  15:17:03.754 [Thread-5] DEBUG g.s.e.data.gameparser.GameParser - Parsing game XML: /home/sanjana/triplea/downloadedMaps/capture_the_flag/map/games/capture_the_flag.xml
249  15:17:51.725 [main] INFO  o.t.game.client.HeadedGameRunner - Launching game, version: 2.7+00000 
360  15:17:51.836 [Thread-5] DEBUG g.s.e.data.gameparser.GameParser - Parsing game XML: /home/sanjana/triplea/downloadedMaps/capture_the_flag/map/games/capture_the_flag.xml
237  15:18:39.820 [main] INFO  o.t.game.client.HeadedGameRunner - Launching game, version: 2.7+00000 
358  15:18:39.941 [Thread-5] DEBUG g.s.e.data.gameparser.GameParser - Parsing game XML: /home/sanjana/triplea/downloadedMaps/capture_the_flag/map/games/capture_the_flag.xml
232  15:19:29.956 [main] INFO  o.t.game.client.HeadedGameRunner - Launching game, version: 2.7+00000 
357  15:19:30.081 [Thread-5] DEBUG g.s.e.data.gameparser.GameParser - Parsing game XML: /home/sanjana/triplea/downloadedMaps/capture_the_flag/map/games/capture_the_flag.xml
246  15:20:24.069 [main] INFO  o.t.game.client.HeadedGameRunner - Launching game, version: 2.7+00000 
344  15:20:24.167 [Thread-5] DEBUG g.s.e.data.gameparser.GameParser - Parsing game XML: /home/sanjana/triplea/downloadedMaps/capture_the_flag/map/games/capture_the_flag.xml
219  15:21:12.140 [main] INFO  o.t.game.client.HeadedGameRunner - Launching game, version: 2.7+00000 
334  15:21:12.255 [Thread-5] DEBUG g.s.e.data.gameparser.GameParser - Parsing game XML: /home/sanjana/triplea/downloadedMaps/capture_the_flag/map/games/capture_the_flag.xml
229  15:22:40.236 [main] INFO  o.t.game.client.HeadedGameRunner - Launching game, version: 2.7+00000 
344  15:22:40.351 [Thread-5] DEBUG g.s.e.data.gameparser.GameParser - Parsing game XML: /home/sanjana/triplea/downloadedMaps/capture_the_flag/map/games/capture_the_flag.xml
242  15:23:40.342 [main] INFO  o.t.game.client.HeadedGameRunner - Launching game, version: 2.7+00000 
364  15:23:40.464 [Thread-5] DEBUG g.s.e.data.gameparser.GameParser - Parsing game XML: /home/sanjana/triplea/downloadedMaps/capture_the_flag/map/games/capture_the_flag.xml
238  15:24:30.471 [main] INFO  o.t.game.client.HeadedGameRunner - Launching game, version: 2.7+00000 
350  15:24:30.583 [Thread-5] DEBUG g.s.e.data.gameparser.GameParser - Parsing game XML: /home/sanjana/triplea/downloadedMaps/capture_the_flag/map/games/capture_the_flag.xml
227  15:25:18.515 [main] INFO  o.t.game.client.HeadedGameRunner - Launching game, version: 2.7+00000 
348  15:25:18.636 [Thread-5] DEBUG g.s.e.data.gameparser.GameParser - Parsing game XML: /home/sanjana/triplea/downloadedMaps/capture_the_flag/map/games/capture_the_flag.xml
232  15:26:36.635 [main] INFO  o.t.game.client.HeadedGameRunner - Launching game, version: 2.7+00000 
352  15:26:36.755 [Thread-5] DEBUG g.s.e.data.gameparser.GameParser - Parsing game XML: /home/sanjana/triplea/downloadedMaps/capture_the_flag/map/games/capture_the_flag.xml
229  15:27:40.786 [main] INFO  o.t.game.client.HeadedGameRunner - Launching game, version: 2.7+00000 
339  15:27:40.896 [Thread-5] DEBUG g.s.e.data.gameparser.GameParser - Parsing game XML: /home/sanjana/triplea/downloadedMaps/capture_the_flag/map/games/capture_the_flag.xml
227  15:29:04.860 [main] INFO  o.t.game.client.HeadedGameRunner - Launching game, version: 2.7+00000 
342  15:29:04.975 [Thread-5] DEBUG g.s.e.data.gameparser.GameParser - Parsing game XML: /home/sanjana/triplea/downloadedMaps/capture_the_flag/map/games/capture_the_flag.xml
246  15:30:00.972 [main] INFO  o.t.game.client.HeadedGameRunner - Launching game, version: 2.7+00000 
365  15:30:01.091 [Thread-5] DEBUG g.s.e.data.gameparser.GameParser - Parsing game XML: /home/sanjana/triplea/downloadedMaps/capture_the_flag/map/games/capture_the_flag.xml
228  15:30:49.046 [main] INFO  o.t.game.client.HeadedGameRunner - Launching game, version: 2.7+00000 
344  15:30:49.162 [Thread-5] DEBUG g.s.e.data.gameparser.GameParser - Parsing game XML: /home/sanjana/triplea/downloadedMaps/capture_the_flag/map/games/capture_the_flag.xml
241  15:31:35.191 [main] INFO  o.t.game.client.HeadedGameRunner - Launching game, version: 2.7+00000 
364  15:31:35.314 [Thread-5] DEBUG g.s.e.data.gameparser.GameParser - Parsing game XML: /home/sanjana/triplea/downloadedMaps/capture_the_flag/map/games/capture_the_flag.xml
255  15:32:27.305 [main] INFO  o.t.game.client.HeadedGameRunner - Launching game, version: 2.7+00000 
371  15:32:27.421 [Thread-5] DEBUG g.s.e.data.gameparser.GameParser - Parsing game XML: /home/sanjana/triplea/downloadedMaps/capture_the_flag/map/games/capture_the_flag.xml
259  15:33:27.445 [main] INFO  o.t.game.client.HeadedGameRunner - Launching game, version: 2.7+00000 
380  15:33:27.566 [Thread-5] DEBUG g.s.e.data.gameparser.GameParser - Parsing game XML: /home/sanjana/triplea/downloadedMaps/capture_the_flag/map/games/capture_the_flag.xml
243  15:35:01.524 [main] INFO  o.t.game.client.HeadedGameRunner - Launching game, version: 2.7+00000 
351  15:35:01.632 [Thread-5] DEBUG g.s.e.data.gameparser.GameParser - Parsing game XML: /home/sanjana/triplea/downloadedMaps/capture_the_flag/map/games/capture_the_flag.xml
232  15:35:51.577 [main] INFO  o.t.game.client.HeadedGameRunner - Launching game, version: 2.7+00000 
354  15:35:51.699 [Thread-5] DEBUG g.s.e.data.gameparser.GameParser - Parsing game XML: /home/sanjana/triplea/downloadedMaps/capture_the_flag/map/games/capture_the_flag.xml
225  15:36:45.676 [main] INFO  o.t.game.client.HeadedGameRunner - Launching game, version: 2.7+00000 
338  15:36:45.789 [Thread-5] DEBUG g.s.e.data.gameparser.GameParser - Parsing game XML: /home/sanjana/triplea/downloadedMaps/capture_the_flag/map/games/capture_the_flag.xml
236  15:37:57.828 [main] INFO  o.t.game.client.HeadedGameRunner - Launching game, version: 2.7+00000 
372  15:37:57.964 [Thread-5] DEBUG g.s.e.data.gameparser.GameParser - Parsing game XML: /home/sanjana/triplea/downloadedMaps/capture_the_flag/map/games/capture_the_flag.xml
251  15:38:39.938 [main] INFO  o.t.game.client.HeadedGameRunner - Launching game, version: 2.7+00000 
365  15:38:40.052 [Thread-5] DEBUG g.s.e.data.gameparser.GameParser - Parsing game XML: /home/sanjana/triplea/downloadedMaps/capture_the_flag/map/games/capture_the_flag.xml
252  15:39:42.031 [main] INFO  o.t.game.client.HeadedGameRunner - Launching game, version: 2.7+00000 
365  15:39:42.144 [Thread-5] DEBUG g.s.e.data.gameparser.GameParser - Parsing game XML: /home/sanjana/triplea/downloadedMaps/capture_the_flag/map/games/capture_the_flag.xml
66581 15:40:48.360 [AWT-EventQueue-0] ERROR o.t.game.client.HeadedGameRunner - Vector Enumeration
java.util.NoSuchElementException: Vector Enumeration
	at java.base/java.util.Vector$1.nextElement(Vector.java:344)
	at java.desktop/javax.swing.tree.DefaultMutableTreeNode$PreorderEnumeration.nextElement(DefaultMutableTreeNode.java:1349)
	at java.desktop/javax.swing.tree.DefaultMutableTreeNode$PreorderEnumeration.nextElement(DefaultMutableTreeNode.java:1333)
	at games.strategy.engine.history.History.getCurrentPlayer(History.java:177)
	at games.strategy.triplea.util.UnitSeparator.getComparatorUnitCategories(UnitSeparator.java:128)
	at games.strategy.triplea.util.UnitSeparator.getSortedUnitCategories(UnitSeparator.java:101)
	at games.strategy.triplea.ui.BattleModel.refresh(BattleModel.java:132)
	at games.strategy.triplea.ui.BattleModel.removeCasualties(BattleModel.java:80)
	at games.strategy.triplea.ui.BattleDisplay.casualtyNotification(BattleDisplay.java:271)
	at games.strategy.triplea.ui.BattlePanel.lambda$casualtyNotification$13(BattlePanel.java:354)
	at java.desktop/java.awt.event.InvocationEvent.dispatch(InvocationEvent.java:318)
	at java.desktop/java.awt.EventQueue.dispatchEventImpl(EventQueue.java:773)
	at java.desktop/java.awt.EventQueue$4.run(EventQueue.java:720)
	at java.desktop/java.awt.EventQueue$4.run(EventQueue.java:714)
	at java.base/java.security.AccessController.doPrivileged(AccessController.java:400)
	at java.base/java.security.ProtectionDomain$JavaSecurityAccessImpl.doIntersectionPrivilege(ProtectionDomain.java:87)
	at java.desktop/java.awt.EventQueue.dispatchEvent(EventQueue.java:742)
	at java.desktop/java.awt.EventDispatchThread.pumpOneEventForFilters(EventDispatchThread.java:203)
	at java.desktop/java.awt.EventDispatchThread.pumpEventsForFilter(EventDispatchThread.java:124)
	at java.desktop/java.awt.EventDispatchThread.pumpEventsForHierarchy(EventDispatchThread.java:113)
	at java.desktop/java.awt.EventDispatchThread.pumpEvents(EventDispatchThread.java:109)
	at java.desktop/java.awt.EventDispatchThread.pumpEvents(EventDispatchThread.java:101)
	at java.desktop/java.awt.EventDispatchThread.run(EventDispatchThread.java:90)
259  15:41:06.166 [main] INFO  o.t.game.client.HeadedGameRunner - Launching game, version: 2.7+00000 
374  15:41:06.281 [Thread-5] DEBUG g.s.e.data.gameparser.GameParser - Parsing game XML: /home/sanjana/triplea/downloadedMaps/capture_the_flag/map/games/capture_the_flag.xml
231  15:42:13.015 [main] INFO  o.t.game.client.HeadedGameRunner - Launching game, version: 2.7+00000 
345  15:42:13.129 [Thread-5] DEBUG g.s.e.data.gameparser.GameParser - Parsing game XML: /home/sanjana/triplea/downloadedMaps/capture_the_flag/map/games/capture_the_flag.xml
236  15:43:05.123 [main] INFO  o.t.game.client.HeadedGameRunner - Launching game, version: 2.7+00000 
345  15:43:05.232 [Thread-5] DEBUG g.s.e.data.gameparser.GameParser - Parsing game XML: /home/sanjana/triplea/downloadedMaps/capture_the_flag/map/games/capture_the_flag.xml
246  15:43:49.227 [main] INFO  o.t.game.client.HeadedGameRunner - Launching game, version: 2.7+00000 
359  15:43:49.340 [Thread-5] DEBUG g.s.e.data.gameparser.GameParser - Parsing game XML: /home/sanjana/triplea/downloadedMaps/capture_the_flag/map/games/capture_the_flag.xml
238  15:45:01.330 [main] INFO  o.t.game.client.HeadedGameRunner - Launching game, version: 2.7+00000 
358  15:45:01.450 [Thread-5] DEBUG g.s.e.data.gameparser.GameParser - Parsing game XML: /home/sanjana/triplea/downloadedMaps/capture_the_flag/map/games/capture_the_flag.xml
226  15:45:57.420 [main] INFO  o.t.game.client.HeadedGameRunner - Launching game, version: 2.7+00000 
342  15:45:57.536 [Thread-5] DEBUG g.s.e.data.gameparser.GameParser - Parsing game XML: /home/sanjana/triplea/downloadedMaps/capture_the_flag/map/games/capture_the_flag.xml
235  15:46:59.543 [main] INFO  o.t.game.client.HeadedGameRunner - Launching game, version: 2.7+00000 
346  15:46:59.654 [Thread-5] DEBUG g.s.e.data.gameparser.GameParser - Parsing game XML: /home/sanjana/triplea/downloadedMaps/capture_the_flag/map/games/capture_the_flag.xml
243  15:47:47.647 [main] INFO  o.t.game.client.HeadedGameRunner - Launching game, version: 2.7+00000 
354  15:47:47.758 [Thread-5] DEBUG g.s.e.data.gameparser.GameParser - Parsing game XML: /home/sanjana/triplea/downloadedMaps/capture_the_flag/map/games/capture_the_flag.xml
227  15:48:29.736 [main] INFO  o.t.game.client.HeadedGameRunner - Launching game, version: 2.7+00000 
341  15:48:29.850 [Thread-5] DEBUG g.s.e.data.gameparser.GameParser - Parsing game XML: /home/sanjana/triplea/downloadedMaps/capture_the_flag/map/games/capture_the_flag.xml
225  15:49:23.826 [main] INFO  o.t.game.client.HeadedGameRunner - Launching game, version: 2.7+00000 
337  15:49:23.938 [Thread-5] DEBUG g.s.e.data.gameparser.GameParser - Parsing game XML: /home/sanjana/triplea/downloadedMaps/capture_the_flag/map/games/capture_the_flag.xml
238  15:50:19.908 [main] INFO  o.t.game.client.HeadedGameRunner - Launching game, version: 2.7+00000 
354  15:50:20.024 [Thread-5] DEBUG g.s.e.data.gameparser.GameParser - Parsing game XML: /home/sanjana/triplea/downloadedMaps/capture_the_flag/map/games/capture_the_flag.xml
253  15:51:10.076 [main] INFO  o.t.game.client.HeadedGameRunner - Launching game, version: 2.7+00000 
368  15:51:10.191 [Thread-5] DEBUG g.s.e.data.gameparser.GameParser - Parsing game XML: /home/sanjana/triplea/downloadedMaps/capture_the_flag/map/games/capture_the_flag.xml
234  15:52:00.096 [main] INFO  o.t.game.client.HeadedGameRunner - Launching game, version: 2.7+00000 
353  15:52:00.215 [Thread-5] DEBUG g.s.e.data.gameparser.GameParser - Parsing game XML: /home/sanjana/triplea/downloadedMaps/capture_the_flag/map/games/capture_the_flag.xml
220  15:52:48.194 [main] INFO  o.t.game.client.HeadedGameRunner - Launching game, version: 2.7+00000 
323  15:52:48.297 [Thread-5] DEBUG g.s.e.data.gameparser.GameParser - Parsing game XML: /home/sanjana/triplea/downloadedMaps/capture_the_flag/map/games/capture_the_flag.xml
231  15:53:48.302 [main] INFO  o.t.game.client.HeadedGameRunner - Launching game, version: 2.7+00000 
341  15:53:48.412 [Thread-5] DEBUG g.s.e.data.gameparser.GameParser - Parsing game XML: /home/sanjana/triplea/downloadedMaps/capture_the_flag/map/games/capture_the_flag.xml
219  15:54:46.407 [main] INFO  o.t.game.client.HeadedGameRunner - Launching game, version: 2.7+00000 
327  15:54:46.515 [Thread-5] DEBUG g.s.e.data.gameparser.GameParser - Parsing game XML: /home/sanjana/triplea/downloadedMaps/capture_the_flag/map/games/capture_the_flag.xml
231  15:55:50.548 [main] INFO  o.t.game.client.HeadedGameRunner - Launching game, version: 2.7+00000 
344  15:55:50.661 [Thread-5] DEBUG g.s.e.data.gameparser.GameParser - Parsing game XML: /home/sanjana/triplea/downloadedMaps/capture_the_flag/map/games/capture_the_flag.xml
254  15:56:32.664 [main] INFO  o.t.game.client.HeadedGameRunner - Launching game, version: 2.7+00000 
370  15:56:32.780 [Thread-5] DEBUG g.s.e.data.gameparser.GameParser - Parsing game XML: /home/sanjana/triplea/downloadedMaps/capture_the_flag/map/games/capture_the_flag.xml
230  15:58:12.766 [main] INFO  o.t.game.client.HeadedGameRunner - Launching game, version: 2.7+00000 
344  15:58:12.880 [Thread-5] DEBUG g.s.e.data.gameparser.GameParser - Parsing game XML: /home/sanjana/triplea/downloadedMaps/capture_the_flag/map/games/capture_the_flag.xml
234  16:00:04.868 [main] INFO  o.t.game.client.HeadedGameRunner - Launching game, version: 2.7+00000 
348  16:00:04.982 [Thread-5] DEBUG g.s.e.data.gameparser.GameParser - Parsing game XML: /home/sanjana/triplea/downloadedMaps/capture_the_flag/map/games/capture_the_flag.xml
221  16:01:03.187 [main] INFO  o.t.game.client.HeadedGameRunner - Launching game, version: 2.7+00000 
332  16:01:03.298 [Thread-5] DEBUG g.s.e.data.gameparser.GameParser - Parsing game XML: /home/sanjana/triplea/downloadedMaps/capture_the_flag/map/games/capture_the_flag.xml
250  16:01:45.257 [main] INFO  o.t.game.client.HeadedGameRunner - Launching game, version: 2.7+00000 
357  16:01:45.364 [Thread-5] DEBUG g.s.e.data.gameparser.GameParser - Parsing game XML: /home/sanjana/triplea/downloadedMaps/capture_the_flag/map/games/capture_the_flag.xml
231  16:02:23.338 [main] INFO  o.t.game.client.HeadedGameRunner - Launching game, version: 2.7+00000 
347  16:02:23.454 [Thread-5] DEBUG g.s.e.data.gameparser.GameParser - Parsing game XML: /home/sanjana/triplea/downloadedMaps/capture_the_flag/map/games/capture_the_flag.xml
240  16:02:59.461 [main] INFO  o.t.game.client.HeadedGameRunner - Launching game, version: 2.7+00000 
351  16:02:59.572 [Thread-5] DEBUG g.s.e.data.gameparser.GameParser - Parsing game XML: /home/sanjana/triplea/downloadedMaps/capture_the_flag/map/games/capture_the_flag.xml
249  16:03:53.552 [main] INFO  o.t.game.client.HeadedGameRunner - Launching game, version: 2.7+00000 
356  16:03:53.659 [Thread-5] DEBUG g.s.e.data.gameparser.GameParser - Parsing game XML: /home/sanjana/triplea/downloadedMaps/capture_the_flag/map/games/capture_the_flag.xml
230  16:04:41.696 [main] INFO  o.t.game.client.HeadedGameRunner - Launching game, version: 2.7+00000 
345  16:04:41.811 [Thread-5] DEBUG g.s.e.data.gameparser.GameParser - Parsing game XML: /home/sanjana/triplea/downloadedMaps/capture_the_flag/map/games/capture_the_flag.xml
226  16:05:27.771 [main] INFO  o.t.game.client.HeadedGameRunner - Launching game, version: 2.7+00000 
340  16:05:27.885 [Thread-5] DEBUG g.s.e.data.gameparser.GameParser - Parsing game XML: /home/sanjana/triplea/downloadedMaps/capture_the_flag/map/games/capture_the_flag.xml
219  16:06:37.898 [main] INFO  o.t.game.client.HeadedGameRunner - Launching game, version: 2.7+00000 
342  16:06:38.021 [Thread-5] DEBUG g.s.e.data.gameparser.GameParser - Parsing game XML: /home/sanjana/triplea/downloadedMaps/capture_the_flag/map/games/capture_the_flag.xml
258  16:08:30.062 [main] INFO  o.t.game.client.HeadedGameRunner - Launching game, version: 2.7+00000 
372  16:08:30.176 [Thread-5] DEBUG g.s.e.data.gameparser.GameParser - Parsing game XML: /home/sanjana/triplea/downloadedMaps/capture_the_flag/map/games/capture_the_flag.xml
241  16:09:06.106 [main] INFO  o.t.game.client.HeadedGameRunner - Launching game, version: 2.7+00000 
356  16:09:06.221 [Thread-5] DEBUG g.s.e.data.gameparser.GameParser - Parsing game XML: /home/sanjana/triplea/downloadedMaps/capture_the_flag/map/games/capture_the_flag.xml
230  16:09:50.229 [main] INFO  o.t.game.client.HeadedGameRunner - Launching game, version: 2.7+00000 
355  16:09:50.354 [Thread-5] DEBUG g.s.e.data.gameparser.GameParser - Parsing game XML: /home/sanjana/triplea/downloadedMaps/capture_the_flag/map/games/capture_the_flag.xml
227  16:10:46.285 [main] INFO  o.t.game.client.HeadedGameRunner - Launching game, version: 2.7+00000 
342  16:10:46.400 [Thread-5] DEBUG g.s.e.data.gameparser.GameParser - Parsing game XML: /home/sanjana/triplea/downloadedMaps/capture_the_flag/map/games/capture_the_flag.xml
223  16:11:32.415 [main] INFO  o.t.game.client.HeadedGameRunner - Launching game, version: 2.7+00000 
339  16:11:32.531 [Thread-5] DEBUG g.s.e.data.gameparser.GameParser - Parsing game XML: /home/sanjana/triplea/downloadedMaps/capture_the_flag/map/games/capture_the_flag.xml
226  16:12:16.491 [main] INFO  o.t.game.client.HeadedGameRunner - Launching game, version: 2.7+00000 
345  16:12:16.610 [Thread-5] DEBUG g.s.e.data.gameparser.GameParser - Parsing game XML: /home/sanjana/triplea/downloadedMaps/capture_the_flag/map/games/capture_the_flag.xml
235  16:13:04.568 [main] INFO  o.t.game.client.HeadedGameRunner - Launching game, version: 2.7+00000 
346  16:13:04.679 [Thread-5] DEBUG g.s.e.data.gameparser.GameParser - Parsing game XML: /home/sanjana/triplea/downloadedMaps/capture_the_flag/map/games/capture_the_flag.xml
227  16:13:40.648 [main] INFO  o.t.game.client.HeadedGameRunner - Launching game, version: 2.7+00000 
339  16:13:40.760 [Thread-5] DEBUG g.s.e.data.gameparser.GameParser - Parsing game XML: /home/sanjana/triplea/downloadedMaps/capture_the_flag/map/games/capture_the_flag.xml
226  16:14:38.783 [main] INFO  o.t.game.client.HeadedGameRunner - Launching game, version: 2.7+00000 
345  16:14:38.902 [Thread-5] DEBUG g.s.e.data.gameparser.GameParser - Parsing game XML: /home/sanjana/triplea/downloadedMaps/capture_the_flag/map/games/capture_the_flag.xml
221  16:15:14.870 [main] INFO  o.t.game.client.HeadedGameRunner - Launching game, version: 2.7+00000 
338  16:15:14.987 [Thread-5] DEBUG g.s.e.data.gameparser.GameParser - Parsing game XML: /home/sanjana/triplea/downloadedMaps/capture_the_flag/map/games/capture_the_flag.xml
228  16:16:06.958 [main] INFO  o.t.game.client.HeadedGameRunner - Launching game, version: 2.7+00000 
342  16:16:07.072 [Thread-5] DEBUG g.s.e.data.gameparser.GameParser - Parsing game XML: /home/sanjana/triplea/downloadedMaps/capture_the_flag/map/games/capture_the_flag.xml
228  16:17:17.049 [main] INFO  o.t.game.client.HeadedGameRunner - Launching game, version: 2.7+00000 
351  16:17:17.172 [Thread-5] DEBUG g.s.e.data.gameparser.GameParser - Parsing game XML: /home/sanjana/triplea/downloadedMaps/capture_the_flag/map/games/capture_the_flag.xml
234  16:18:31.160 [main] INFO  o.t.game.client.HeadedGameRunner - Launching game, version: 2.7+00000 
372  16:18:31.298 [Thread-5] DEBUG g.s.e.data.gameparser.GameParser - Parsing game XML: /home/sanjana/triplea/downloadedMaps/capture_the_flag/map/games/capture_the_flag.xml
226  16:19:17.285 [main] INFO  o.t.game.client.HeadedGameRunner - Launching game, version: 2.7+00000 
348  16:19:17.407 [Thread-5] DEBUG g.s.e.data.gameparser.GameParser - Parsing game XML: /home/sanjana/triplea/downloadedMaps/capture_the_flag/map/games/capture_the_flag.xml
259  16:19:57.403 [main] INFO  o.t.game.client.HeadedGameRunner - Launching game, version: 2.7+00000 
369  16:19:57.513 [Thread-5] DEBUG g.s.e.data.gameparser.GameParser - Parsing game XML: /home/sanjana/triplea/downloadedMaps/capture_the_flag/map/games/capture_the_flag.xml
226  16:20:37.454 [main] INFO  o.t.game.client.HeadedGameRunner - Launching game, version: 2.7+00000 
337  16:20:37.565 [Thread-5] DEBUG g.s.e.data.gameparser.GameParser - Parsing game XML: /home/sanjana/triplea/downloadedMaps/capture_the_flag/map/games/capture_the_flag.xml
230  16:21:15.554 [main] INFO  o.t.game.client.HeadedGameRunner - Launching game, version: 2.7+00000 
346  16:21:15.670 [Thread-5] DEBUG g.s.e.data.gameparser.GameParser - Parsing game XML: /home/sanjana/triplea/downloadedMaps/capture_the_flag/map/games/capture_the_flag.xml
225  16:21:59.667 [main] INFO  o.t.game.client.HeadedGameRunner - Launching game, version: 2.7+00000 
340  16:21:59.782 [Thread-5] DEBUG g.s.e.data.gameparser.GameParser - Parsing game XML: /home/sanjana/triplea/downloadedMaps/capture_the_flag/map/games/capture_the_flag.xml
226  16:22:43.733 [main] INFO  o.t.game.client.HeadedGameRunner - Launching game, version: 2.7+00000 
348  16:22:43.855 [Thread-5] DEBUG g.s.e.data.gameparser.GameParser - Parsing game XML: /home/sanjana/triplea/downloadedMaps/capture_the_flag/map/games/capture_the_flag.xml
222  16:23:35.846 [main] INFO  o.t.game.client.HeadedGameRunner - Launching game, version: 2.7+00000 
332  16:23:35.956 [Thread-5] DEBUG g.s.e.data.gameparser.GameParser - Parsing game XML: /home/sanjana/triplea/downloadedMaps/capture_the_flag/map/games/capture_the_flag.xml
224  16:24:43.974 [main] INFO  o.t.game.client.HeadedGameRunner - Launching game, version: 2.7+00000 
338  16:24:44.088 [Thread-5] DEBUG g.s.e.data.gameparser.GameParser - Parsing game XML: /home/sanjana/triplea/downloadedMaps/capture_the_flag/map/games/capture_the_flag.xml
250  16:25:24.085 [main] INFO  o.t.game.client.HeadedGameRunner - Launching game, version: 2.7+00000 
364  16:25:24.199 [Thread-5] DEBUG g.s.e.data.gameparser.GameParser - Parsing game XML: /home/sanjana/triplea/downloadedMaps/capture_the_flag/map/games/capture_the_flag.xml
233  16:26:08.157 [main] INFO  o.t.game.client.HeadedGameRunner - Launching game, version: 2.7+00000 
344  16:26:08.268 [Thread-5] DEBUG g.s.e.data.gameparser.GameParser - Parsing game XML: /home/sanjana/triplea/downloadedMaps/capture_the_flag/map/games/capture_the_flag.xml
258  16:26:46.270 [main] INFO  o.t.game.client.HeadedGameRunner - Launching game, version: 2.7+00000 
375  16:26:46.387 [Thread-5] DEBUG g.s.e.data.gameparser.GameParser - Parsing game XML: /home/sanjana/triplea/downloadedMaps/capture_the_flag/map/games/capture_the_flag.xml
255  16:27:24.352 [main] INFO  o.t.game.client.HeadedGameRunner - Launching game, version: 2.7+00000 
364  16:27:24.461 [Thread-5] DEBUG g.s.e.data.gameparser.GameParser - Parsing game XML: /home/sanjana/triplea/downloadedMaps/capture_the_flag/map/games/capture_the_flag.xml
238  16:28:14.469 [main] INFO  o.t.game.client.HeadedGameRunner - Launching game, version: 2.7+00000 
349  16:28:14.580 [Thread-5] DEBUG g.s.e.data.gameparser.GameParser - Parsing game XML: /home/sanjana/triplea/downloadedMaps/capture_the_flag/map/games/capture_the_flag.xml
248  16:29:00.556 [main] INFO  o.t.game.client.HeadedGameRunner - Launching game, version: 2.7+00000 
365  16:29:00.673 [Thread-5] DEBUG g.s.e.data.gameparser.GameParser - Parsing game XML: /home/sanjana/triplea/downloadedMaps/capture_the_flag/map/games/capture_the_flag.xml
252  16:30:10.672 [main] INFO  o.t.game.client.HeadedGameRunner - Launching game, version: 2.7+00000 
381  16:30:10.801 [Thread-5] DEBUG g.s.e.data.gameparser.GameParser - Parsing game XML: /home/sanjana/triplea/downloadedMaps/capture_the_flag/map/games/capture_the_flag.xml
231  16:31:26.734 [main] INFO  o.t.game.client.HeadedGameRunner - Launching game, version: 2.7+00000 
344  16:31:26.847 [Thread-5] DEBUG g.s.e.data.gameparser.GameParser - Parsing game XML: /home/sanjana/triplea/downloadedMaps/capture_the_flag/map/games/capture_the_flag.xml
260  16:32:30.858 [main] INFO  o.t.game.client.HeadedGameRunner - Launching game, version: 2.7+00000 
368  16:32:30.966 [Thread-5] DEBUG g.s.e.data.gameparser.GameParser - Parsing game XML: /home/sanjana/triplea/downloadedMaps/capture_the_flag/map/games/capture_the_flag.xml
259  16:33:20.976 [main] INFO  o.t.game.client.HeadedGameRunner - Launching game, version: 2.7+00000 
369  16:33:21.086 [Thread-5] DEBUG g.s.e.data.gameparser.GameParser - Parsing game XML: /home/sanjana/triplea/downloadedMaps/capture_the_flag/map/games/capture_the_flag.xml
255  16:34:09.077 [main] INFO  o.t.game.client.HeadedGameRunner - Launching game, version: 2.7+00000 
371  16:34:09.193 [Thread-5] DEBUG g.s.e.data.gameparser.GameParser - Parsing game XML: /home/sanjana/triplea/downloadedMaps/capture_the_flag/map/games/capture_the_flag.xml
225  16:34:55.113 [main] INFO  o.t.game.client.HeadedGameRunner - Launching game, version: 2.7+00000 
325  16:34:55.213 [Thread-5] DEBUG g.s.e.data.gameparser.GameParser - Parsing game XML: /home/sanjana/triplea/downloadedMaps/capture_the_flag/map/games/capture_the_flag.xml
226  16:35:57.241 [main] INFO  o.t.game.client.HeadedGameRunner - Launching game, version: 2.7+00000 
339  16:35:57.354 [Thread-5] DEBUG g.s.e.data.gameparser.GameParser - Parsing game XML: /home/sanjana/triplea/downloadedMaps/capture_the_flag/map/games/capture_the_flag.xml
255  16:36:45.361 [main] INFO  o.t.game.client.HeadedGameRunner - Launching game, version: 2.7+00000 
368  16:36:45.474 [Thread-5] DEBUG g.s.e.data.gameparser.GameParser - Parsing game XML: /home/sanjana/triplea/downloadedMaps/capture_the_flag/map/games/capture_the_flag.xml
236  16:37:33.423 [main] INFO  o.t.game.client.HeadedGameRunner - Launching game, version: 2.7+00000 
346  16:37:33.533 [Thread-5] DEBUG g.s.e.data.gameparser.GameParser - Parsing game XML: /home/sanjana/triplea/downloadedMaps/capture_the_flag/map/games/capture_the_flag.xml
230  16:38:15.499 [main] INFO  o.t.game.client.HeadedGameRunner - Launching game, version: 2.7+00000 
343  16:38:15.612 [Thread-5] DEBUG g.s.e.data.gameparser.GameParser - Parsing game XML: /home/sanjana/triplea/downloadedMaps/capture_the_flag/map/games/capture_the_flag.xml
222  16:38:57.614 [main] INFO  o.t.game.client.HeadedGameRunner - Launching game, version: 2.7+00000 
332  16:38:57.724 [Thread-5] DEBUG g.s.e.data.gameparser.GameParser - Parsing game XML: /home/sanjana/triplea/downloadedMaps/capture_the_flag/map/games/capture_the_flag.xml
230  16:39:45.701 [main] INFO  o.t.game.client.HeadedGameRunner - Launching game, version: 2.7+00000 
347  16:39:45.818 [Thread-5] DEBUG g.s.e.data.gameparser.GameParser - Parsing game XML: /home/sanjana/triplea/downloadedMaps/capture_the_flag/map/games/capture_the_flag.xml
232  16:40:39.810 [main] INFO  o.t.game.client.HeadedGameRunner - Launching game, version: 2.7+00000 
342  16:40:39.920 [Thread-5] DEBUG g.s.e.data.gameparser.GameParser - Parsing game XML: /home/sanjana/triplea/downloadedMaps/capture_the_flag/map/games/capture_the_flag.xml
237  16:41:37.943 [main] INFO  o.t.game.client.HeadedGameRunner - Launching game, version: 2.7+00000 
341  16:41:38.047 [Thread-5] DEBUG g.s.e.data.gameparser.GameParser - Parsing game XML: /home/sanjana/triplea/downloadedMaps/capture_the_flag/map/games/capture_the_flag.xml
234  16:42:14.048 [main] INFO  o.t.game.client.HeadedGameRunner - Launching game, version: 2.7+00000 
352  16:42:14.166 [Thread-5] DEBUG g.s.e.data.gameparser.GameParser - Parsing game XML: /home/sanjana/triplea/downloadedMaps/capture_the_flag/map/games/capture_the_flag.xml
240  16:43:00.121 [main] INFO  o.t.game.client.HeadedGameRunner - Launching game, version: 2.7+00000 
352  16:43:00.233 [Thread-5] DEBUG g.s.e.data.gameparser.GameParser - Parsing game XML: /home/sanjana/triplea/downloadedMaps/capture_the_flag/map/games/capture_the_flag.xml
231  16:43:40.183 [main] INFO  o.t.game.client.HeadedGameRunner - Launching game, version: 2.7+00000 
347  16:43:40.299 [Thread-5] DEBUG g.s.e.data.gameparser.GameParser - Parsing game XML: /home/sanjana/triplea/downloadedMaps/capture_the_flag/map/games/capture_the_flag.xml
225  16:44:18.247 [main] INFO  o.t.game.client.HeadedGameRunner - Launching game, version: 2.7+00000 
347  16:44:18.369 [Thread-5] DEBUG g.s.e.data.gameparser.GameParser - Parsing game XML: /home/sanjana/triplea/downloadedMaps/capture_the_flag/map/games/capture_the_flag.xml
237  16:45:04.391 [main] INFO  o.t.game.client.HeadedGameRunner - Launching game, version: 2.7+00000 
350  16:45:04.504 [Thread-5] DEBUG g.s.e.data.gameparser.GameParser - Parsing game XML: /home/sanjana/triplea/downloadedMaps/capture_the_flag/map/games/capture_the_flag.xml
227  16:45:42.466 [main] INFO  o.t.game.client.HeadedGameRunner - Launching game, version: 2.7+00000 
353  16:45:42.592 [Thread-5] DEBUG g.s.e.data.gameparser.GameParser - Parsing game XML: /home/sanjana/triplea/downloadedMaps/capture_the_flag/map/games/capture_the_flag.xml
238  16:46:24.567 [main] INFO  o.t.game.client.HeadedGameRunner - Launching game, version: 2.7+00000 
352  16:46:24.681 [Thread-5] DEBUG g.s.e.data.gameparser.GameParser - Parsing game XML: /home/sanjana/triplea/downloadedMaps/capture_the_flag/map/games/capture_the_flag.xml
243  16:47:12.700 [main] INFO  o.t.game.client.HeadedGameRunner - Launching game, version: 2.7+00000 
360  16:47:12.817 [Thread-5] DEBUG g.s.e.data.gameparser.GameParser - Parsing game XML: /home/sanjana/triplea/downloadedMaps/capture_the_flag/map/games/capture_the_flag.xml
232  16:47:56.792 [main] INFO  o.t.game.client.HeadedGameRunner - Launching game, version: 2.7+00000 
357  16:47:56.917 [Thread-5] DEBUG g.s.e.data.gameparser.GameParser - Parsing game XML: /home/sanjana/triplea/downloadedMaps/capture_the_flag/map/games/capture_the_flag.xml
237  16:48:38.873 [main] INFO  o.t.game.client.HeadedGameRunner - Launching game, version: 2.7+00000 
351  16:48:38.987 [Thread-5] DEBUG g.s.e.data.gameparser.GameParser - Parsing game XML: /home/sanjana/triplea/downloadedMaps/capture_the_flag/map/games/capture_the_flag.xml
227  16:49:18.971 [main] INFO  o.t.game.client.HeadedGameRunner - Launching game, version: 2.7+00000 
344  16:49:19.088 [Thread-5] DEBUG g.s.e.data.gameparser.GameParser - Parsing game XML: /home/sanjana/triplea/downloadedMaps/capture_the_flag/map/games/capture_the_flag.xml
233  16:50:05.051 [main] INFO  o.t.game.client.HeadedGameRunner - Launching game, version: 2.7+00000 
367  16:50:05.185 [Thread-5] DEBUG g.s.e.data.gameparser.GameParser - Parsing game XML: /home/sanjana/triplea/downloadedMaps/capture_the_flag/map/games/capture_the_flag.xml
246  16:50:47.223 [main] INFO  o.t.game.client.HeadedGameRunner - Launching game, version: 2.7+00000 
357  16:50:47.334 [Thread-5] DEBUG g.s.e.data.gameparser.GameParser - Parsing game XML: /home/sanjana/triplea/downloadedMaps/capture_the_flag/map/games/capture_the_flag.xml
240  16:51:31.251 [main] INFO  o.t.game.client.HeadedGameRunner - Launching game, version: 2.7+00000 
358  16:51:31.369 [Thread-5] DEBUG g.s.e.data.gameparser.GameParser - Parsing game XML: /home/sanjana/triplea/downloadedMaps/capture_the_flag/map/games/capture_the_flag.xml
219  16:52:11.347 [main] INFO  o.t.game.client.HeadedGameRunner - Launching game, version: 2.7+00000 
325  16:52:11.453 [Thread-5] DEBUG g.s.e.data.gameparser.GameParser - Parsing game XML: /home/sanjana/triplea/downloadedMaps/capture_the_flag/map/games/capture_the_flag.xml
228  16:53:01.449 [main] INFO  o.t.game.client.HeadedGameRunner - Launching game, version: 2.7+00000 
338  16:53:01.559 [Thread-5] DEBUG g.s.e.data.gameparser.GameParser - Parsing game XML: /home/sanjana/triplea/downloadedMaps/capture_the_flag/map/games/capture_the_flag.xml
230  16:53:45.579 [main] INFO  o.t.game.client.HeadedGameRunner - Launching game, version: 2.7+00000 
345  16:53:45.694 [Thread-5] DEBUG g.s.e.data.gameparser.GameParser - Parsing game XML: /home/sanjana/triplea/downloadedMaps/capture_the_flag/map/games/capture_the_flag.xml
227  16:54:23.651 [main] INFO  o.t.game.client.HeadedGameRunner - Launching game, version: 2.7+00000 
359  16:54:23.783 [Thread-5] DEBUG g.s.e.data.gameparser.GameParser - Parsing game XML: /home/sanjana/triplea/downloadedMaps/capture_the_flag/map/games/capture_the_flag.xml
214  16:55:15.737 [main] INFO  o.t.game.client.HeadedGameRunner - Launching game, version: 2.7+00000 
344  16:55:15.867 [Thread-5] DEBUG g.s.e.data.gameparser.GameParser - Parsing game XML: /home/sanjana/triplea/downloadedMaps/capture_the_flag/map/games/capture_the_flag.xml
225  16:56:09.870 [main] INFO  o.t.game.client.HeadedGameRunner - Launching game, version: 2.7+00000 
332  16:56:09.977 [Thread-5] DEBUG g.s.e.data.gameparser.GameParser - Parsing game XML: /home/sanjana/triplea/downloadedMaps/capture_the_flag/map/games/capture_the_flag.xml
222  16:56:49.924 [main] INFO  o.t.game.client.HeadedGameRunner - Launching game, version: 2.7+00000 
350  16:56:50.052 [Thread-5] DEBUG g.s.e.data.gameparser.GameParser - Parsing game XML: /home/sanjana/triplea/downloadedMaps/capture_the_flag/map/games/capture_the_flag.xml
215  16:57:30.049 [main] INFO  o.t.game.client.HeadedGameRunner - Launching game, version: 2.7+00000 
318  16:57:30.152 [Thread-5] DEBUG g.s.e.data.gameparser.GameParser - Parsing game XML: /home/sanjana/triplea/downloadedMaps/capture_the_flag/map/games/capture_the_flag.xml
220  16:58:08.131 [main] INFO  o.t.game.client.HeadedGameRunner - Launching game, version: 2.7+00000 
334  16:58:08.245 [Thread-5] DEBUG g.s.e.data.gameparser.GameParser - Parsing game XML: /home/sanjana/triplea/downloadedMaps/capture_the_flag/map/games/capture_the_flag.xml
223  16:59:00.214 [main] INFO  o.t.game.client.HeadedGameRunner - Launching game, version: 2.7+00000 
337  16:59:00.328 [Thread-5] DEBUG g.s.e.data.gameparser.GameParser - Parsing game XML: /home/sanjana/triplea/downloadedMaps/capture_the_flag/map/games/capture_the_flag.xml
219  16:59:42.351 [main] INFO  o.t.game.client.HeadedGameRunner - Launching game, version: 2.7+00000 
339  16:59:42.471 [Thread-5] DEBUG g.s.e.data.gameparser.GameParser - Parsing game XML: /home/sanjana/triplea/downloadedMaps/capture_the_flag/map/games/capture_the_flag.xml
245  17:00:30.462 [main] INFO  o.t.game.client.HeadedGameRunner - Launching game, version: 2.7+00000 
365  17:00:30.582 [Thread-5] DEBUG g.s.e.data.gameparser.GameParser - Parsing game XML: /home/sanjana/triplea/downloadedMaps/capture_the_flag/map/games/capture_the_flag.xml
244  17:01:20.588 [main] INFO  o.t.game.client.HeadedGameRunner - Launching game, version: 2.7+00000 
365  17:01:20.709 [Thread-5] DEBUG g.s.e.data.gameparser.GameParser - Parsing game XML: /home/sanjana/triplea/downloadedMaps/capture_the_flag/map/games/capture_the_flag.xml
231  17:02:12.652 [main] INFO  o.t.game.client.HeadedGameRunner - Launching game, version: 2.7+00000 
344  17:02:12.765 [Thread-5] DEBUG g.s.e.data.gameparser.GameParser - Parsing game XML: /home/sanjana/triplea/downloadedMaps/capture_the_flag/map/games/capture_the_flag.xml
252  17:02:56.781 [main] INFO  o.t.game.client.HeadedGameRunner - Launching game, version: 2.7+00000 
362  17:02:56.891 [Thread-5] DEBUG g.s.e.data.gameparser.GameParser - Parsing game XML: /home/sanjana/triplea/downloadedMaps/capture_the_flag/map/games/capture_the_flag.xml
253  17:03:36.925 [main] INFO  o.t.game.client.HeadedGameRunner - Launching game, version: 2.7+00000 
366  17:03:37.038 [Thread-5] DEBUG g.s.e.data.gameparser.GameParser - Parsing game XML: /home/sanjana/triplea/downloadedMaps/capture_the_flag/map/games/capture_the_flag.xml
240  17:04:20.927 [main] INFO  o.t.game.client.HeadedGameRunner - Launching game, version: 2.7+00000 
352  17:04:21.039 [Thread-5] DEBUG g.s.e.data.gameparser.GameParser - Parsing game XML: /home/sanjana/triplea/downloadedMaps/capture_the_flag/map/games/capture_the_flag.xml
254  17:05:05.041 [main] INFO  o.t.game.client.HeadedGameRunner - Launching game, version: 2.7+00000 
363  17:05:05.150 [Thread-5] DEBUG g.s.e.data.gameparser.GameParser - Parsing game XML: /home/sanjana/triplea/downloadedMaps/capture_the_flag/map/games/capture_the_flag.xml
227  17:05:45.116 [main] INFO  o.t.game.client.HeadedGameRunner - Launching game, version: 2.7+00000 
339  17:05:45.228 [Thread-5] DEBUG g.s.e.data.gameparser.GameParser - Parsing game XML: /home/sanjana/triplea/downloadedMaps/capture_the_flag/map/games/capture_the_flag.xml
228  17:06:27.219 [main] INFO  o.t.game.client.HeadedGameRunner - Launching game, version: 2.7+00000 
348  17:06:27.339 [Thread-5] DEBUG g.s.e.data.gameparser.GameParser - Parsing game XML: /home/sanjana/triplea/downloadedMaps/capture_the_flag/map/games/capture_the_flag.xml
234  17:07:09.309 [main] INFO  o.t.game.client.HeadedGameRunner - Launching game, version: 2.7+00000 
344  17:07:09.419 [Thread-5] DEBUG g.s.e.data.gameparser.GameParser - Parsing game XML: /home/sanjana/triplea/downloadedMaps/capture_the_flag/map/games/capture_the_flag.xml
237  17:07:57.420 [main] INFO  o.t.game.client.HeadedGameRunner - Launching game, version: 2.7+00000 
363  17:07:57.546 [Thread-5] DEBUG g.s.e.data.gameparser.GameParser - Parsing game XML: /home/sanjana/triplea/downloadedMaps/capture_the_flag/map/games/capture_the_flag.xml
255  17:08:39.529 [main] INFO  o.t.game.client.HeadedGameRunner - Launching game, version: 2.7+00000 
370  17:08:39.644 [Thread-5] DEBUG g.s.e.data.gameparser.GameParser - Parsing game XML: /home/sanjana/triplea/downloadedMaps/capture_the_flag/map/games/capture_the_flag.xml
253  17:09:19.627 [main] INFO  o.t.game.client.HeadedGameRunner - Launching game, version: 2.7+00000 
358  17:09:19.732 [Thread-5] DEBUG g.s.e.data.gameparser.GameParser - Parsing game XML: /home/sanjana/triplea/downloadedMaps/capture_the_flag/map/games/capture_the_flag.xml
5290 17:09:24.664 [AWT-EventQueue-0] ERROR o.t.game.client.HeadedGameRunner - Vector Enumeration
java.util.NoSuchElementException: Vector Enumeration
	at java.base/java.util.Vector$1.nextElement(Vector.java:344)
	at java.desktop/javax.swing.tree.DefaultMutableTreeNode$PreorderEnumeration.nextElement(DefaultMutableTreeNode.java:1349)
	at java.desktop/javax.swing.tree.DefaultMutableTreeNode$PreorderEnumeration.nextElement(DefaultMutableTreeNode.java:1333)
	at games.strategy.engine.history.History.getCurrentPlayer(History.java:177)
	at games.strategy.triplea.util.UnitSeparator.getComparatorUnitCategories(UnitSeparator.java:128)
	at games.strategy.triplea.util.UnitSeparator.getSortedUnitCategories(UnitSeparator.java:101)
	at games.strategy.triplea.ui.SimpleUnitPanel.setUnits(SimpleUnitPanel.java:130)
	at games.strategy.triplea.ui.PlacementUnitsCollapsiblePanel.lambda$updateStep$0(PlacementUnitsCollapsiblePanel.java:50)
	at java.desktop/java.awt.event.InvocationEvent.dispatch(InvocationEvent.java:318)
	at java.desktop/java.awt.EventQueue.dispatchEventImpl(EventQueue.java:773)
	at java.desktop/java.awt.EventQueue$4.run(EventQueue.java:720)
	at java.desktop/java.awt.EventQueue$4.run(EventQueue.java:714)
	at java.base/java.security.AccessController.doPrivileged(AccessController.java:400)
	at java.base/java.security.ProtectionDomain$JavaSecurityAccessImpl.doIntersectionPrivilege(ProtectionDomain.java:87)
	at java.desktop/java.awt.EventQueue.dispatchEvent(EventQueue.java:742)
	at java.desktop/java.awt.EventDispatchThread.pumpOneEventForFilters(EventDispatchThread.java:203)
	at java.desktop/java.awt.EventDispatchThread.pumpEventsForFilter(EventDispatchThread.java:124)
	at java.desktop/java.awt.EventDispatchThread.pumpEventsForHierarchy(EventDispatchThread.java:113)
	at java.desktop/java.awt.EventDispatchThread.pumpEvents(EventDispatchThread.java:109)
	at java.desktop/java.awt.EventDispatchThread.pumpEvents(EventDispatchThread.java:101)
	at java.desktop/java.awt.EventDispatchThread.run(EventDispatchThread.java:90)
229  17:09:59.668 [main] INFO  o.t.game.client.HeadedGameRunner - Launching game, version: 2.7+00000 
339  17:09:59.778 [Thread-5] DEBUG g.s.e.data.gameparser.GameParser - Parsing game XML: /home/sanjana/triplea/downloadedMaps/capture_the_flag/map/games/capture_the_flag.xml
16900 17:10:16.339 [AWT-EventQueue-0] ERROR o.t.game.client.HeadedGameRunner - Vector Enumeration
java.util.NoSuchElementException: Vector Enumeration
	at java.base/java.util.Vector$1.nextElement(Vector.java:344)
	at java.desktop/javax.swing.tree.DefaultMutableTreeNode$PreorderEnumeration.nextElement(DefaultMutableTreeNode.java:1349)
	at java.desktop/javax.swing.tree.DefaultMutableTreeNode$PreorderEnumeration.nextElement(DefaultMutableTreeNode.java:1333)
	at games.strategy.engine.history.History.getCurrentPlayer(History.java:177)
	at games.strategy.triplea.util.UnitSeparator.getComparatorUnitCategories(UnitSeparator.java:128)
	at games.strategy.triplea.util.UnitSeparator.getSortedUnitCategories(UnitSeparator.java:101)
	at games.strategy.triplea.ui.SimpleUnitPanel.setUnits(SimpleUnitPanel.java:130)
	at games.strategy.triplea.ui.PlacePanel.lambda$updateUnitsInUnitsToPlacePanel$0(PlacePanel.java:234)
	at java.desktop/java.awt.event.InvocationEvent.dispatch(InvocationEvent.java:318)
	at java.desktop/java.awt.EventQueue.dispatchEventImpl(EventQueue.java:773)
	at java.desktop/java.awt.EventQueue$4.run(EventQueue.java:720)
	at java.desktop/java.awt.EventQueue$4.run(EventQueue.java:714)
	at java.base/java.security.AccessController.doPrivileged(AccessController.java:400)
	at java.base/java.security.ProtectionDomain$JavaSecurityAccessImpl.doIntersectionPrivilege(ProtectionDomain.java:87)
	at java.desktop/java.awt.EventQueue.dispatchEvent(EventQueue.java:742)
	at java.desktop/java.awt.EventDispatchThread.pumpOneEventForFilters(EventDispatchThread.java:203)
	at java.desktop/java.awt.EventDispatchThread.pumpEventsForFilter(EventDispatchThread.java:124)
	at java.desktop/java.awt.EventDispatchThread.pumpEventsForHierarchy(EventDispatchThread.java:113)
	at java.desktop/java.awt.EventDispatchThread.pumpEvents(EventDispatchThread.java:109)
	at java.desktop/java.awt.EventDispatchThread.pumpEvents(EventDispatchThread.java:101)
	at java.desktop/java.awt.EventDispatchThread.run(EventDispatchThread.java:90)
253  17:10:47.816 [main] INFO  o.t.game.client.HeadedGameRunner - Launching game, version: 2.7+00000 
373  17:10:47.936 [Thread-5] DEBUG g.s.e.data.gameparser.GameParser - Parsing game XML: /home/sanjana/triplea/downloadedMaps/capture_the_flag/map/games/capture_the_flag.xml
237  17:11:29.893 [main] INFO  o.t.game.client.HeadedGameRunner - Launching game, version: 2.7+00000 
348  17:11:30.004 [Thread-5] DEBUG g.s.e.data.gameparser.GameParser - Parsing game XML: /home/sanjana/triplea/downloadedMaps/capture_the_flag/map/games/capture_the_flag.xml
228  17:12:07.968 [main] INFO  o.t.game.client.HeadedGameRunner - Launching game, version: 2.7+00000 
341  17:12:08.081 [Thread-5] DEBUG g.s.e.data.gameparser.GameParser - Parsing game XML: /home/sanjana/triplea/downloadedMaps/capture_the_flag/map/games/capture_the_flag.xml
5329 17:12:13.069 [AWT-EventQueue-0] ERROR o.t.game.client.HeadedGameRunner - Vector Enumeration
java.util.NoSuchElementException: Vector Enumeration
	at java.base/java.util.Vector$1.nextElement(Vector.java:344)
	at java.desktop/javax.swing.tree.DefaultMutableTreeNode$PreorderEnumeration.nextElement(DefaultMutableTreeNode.java:1349)
	at java.desktop/javax.swing.tree.DefaultMutableTreeNode$PreorderEnumeration.nextElement(DefaultMutableTreeNode.java:1333)
	at games.strategy.engine.history.History.getCurrentPlayer(History.java:177)
	at games.strategy.triplea.util.UnitSeparator.getComparatorUnitCategories(UnitSeparator.java:128)
	at games.strategy.triplea.util.UnitSeparator.getSortedUnitCategories(UnitSeparator.java:101)
	at games.strategy.triplea.ui.SimpleUnitPanel.setUnits(SimpleUnitPanel.java:130)
	at games.strategy.triplea.ui.PlacementUnitsCollapsiblePanel.lambda$updateStep$0(PlacementUnitsCollapsiblePanel.java:50)
	at java.desktop/java.awt.event.InvocationEvent.dispatch(InvocationEvent.java:318)
	at java.desktop/java.awt.EventQueue.dispatchEventImpl(EventQueue.java:773)
	at java.desktop/java.awt.EventQueue$4.run(EventQueue.java:720)
	at java.desktop/java.awt.EventQueue$4.run(EventQueue.java:714)
	at java.base/java.security.AccessController.doPrivileged(AccessController.java:400)
	at java.base/java.security.ProtectionDomain$JavaSecurityAccessImpl.doIntersectionPrivilege(ProtectionDomain.java:87)
	at java.desktop/java.awt.EventQueue.dispatchEvent(EventQueue.java:742)
	at java.desktop/java.awt.EventDispatchThread.pumpOneEventForFilters(EventDispatchThread.java:203)
	at java.desktop/java.awt.EventDispatchThread.pumpEventsForFilter(EventDispatchThread.java:124)
	at java.desktop/java.awt.EventDispatchThread.pumpEventsForHierarchy(EventDispatchThread.java:113)
	at java.desktop/java.awt.EventDispatchThread.pumpEvents(EventDispatchThread.java:109)
	at java.desktop/java.awt.EventDispatchThread.pumpEvents(EventDispatchThread.java:101)
	at java.desktop/java.awt.EventDispatchThread.run(EventDispatchThread.java:90)
225  17:12:56.071 [main] INFO  o.t.game.client.HeadedGameRunner - Launching game, version: 2.7+00000 
335  17:12:56.181 [Thread-5] DEBUG g.s.e.data.gameparser.GameParser - Parsing game XML: /home/sanjana/triplea/downloadedMaps/capture_the_flag/map/games/capture_the_flag.xml
227  17:13:36.152 [main] INFO  o.t.game.client.HeadedGameRunner - Launching game, version: 2.7+00000 
338  17:13:36.263 [Thread-5] DEBUG g.s.e.data.gameparser.GameParser - Parsing game XML: /home/sanjana/triplea/downloadedMaps/capture_the_flag/map/games/capture_the_flag.xml
217  17:14:18.221 [main] INFO  o.t.game.client.HeadedGameRunner - Launching game, version: 2.7+00000 
316  17:14:18.320 [Thread-5] DEBUG g.s.e.data.gameparser.GameParser - Parsing game XML: /home/sanjana/triplea/downloadedMaps/capture_the_flag/map/games/capture_the_flag.xml
230  17:15:02.357 [main] INFO  o.t.game.client.HeadedGameRunner - Launching game, version: 2.7+00000 
342  17:15:02.469 [Thread-5] DEBUG g.s.e.data.gameparser.GameParser - Parsing game XML: /home/sanjana/triplea/downloadedMaps/capture_the_flag/map/games/capture_the_flag.xml
229  17:15:44.478 [main] INFO  o.t.game.client.HeadedGameRunner - Launching game, version: 2.7+00000 
344  17:15:44.593 [Thread-5] DEBUG g.s.e.data.gameparser.GameParser - Parsing game XML: /home/sanjana/triplea/downloadedMaps/capture_the_flag/map/games/capture_the_flag.xml
222  17:16:28.596 [main] INFO  o.t.game.client.HeadedGameRunner - Launching game, version: 2.7+00000 
334  17:16:28.708 [Thread-5] DEBUG g.s.e.data.gameparser.GameParser - Parsing game XML: /home/sanjana/triplea/downloadedMaps/capture_the_flag/map/games/capture_the_flag.xml
245  17:17:10.678 [main] INFO  o.t.game.client.HeadedGameRunner - Launching game, version: 2.7+00000 
360  17:17:10.793 [Thread-5] DEBUG g.s.e.data.gameparser.GameParser - Parsing game XML: /home/sanjana/triplea/downloadedMaps/capture_the_flag/map/games/capture_the_flag.xml
235  17:17:58.734 [main] INFO  o.t.game.client.HeadedGameRunner - Launching game, version: 2.7+00000 
347  17:17:58.846 [Thread-5] DEBUG g.s.e.data.gameparser.GameParser - Parsing game XML: /home/sanjana/triplea/downloadedMaps/capture_the_flag/map/games/capture_the_flag.xml
229  17:18:42.886 [main] INFO  o.t.game.client.HeadedGameRunner - Launching game, version: 2.7+00000 
341  17:18:42.998 [Thread-5] DEBUG g.s.e.data.gameparser.GameParser - Parsing game XML: /home/sanjana/triplea/downloadedMaps/capture_the_flag/map/games/capture_the_flag.xml
230  17:19:30.948 [main] INFO  o.t.game.client.HeadedGameRunner - Launching game, version: 2.7+00000 
337  17:19:31.055 [Thread-5] DEBUG g.s.e.data.gameparser.GameParser - Parsing game XML: /home/sanjana/triplea/downloadedMaps/capture_the_flag/map/games/capture_the_flag.xml
225  17:20:09.070 [main] INFO  o.t.game.client.HeadedGameRunner - Launching game, version: 2.7+00000 
348  17:20:09.193 [Thread-5] DEBUG g.s.e.data.gameparser.GameParser - Parsing game XML: /home/sanjana/triplea/downloadedMaps/capture_the_flag/map/games/capture_the_flag.xml
234  17:20:47.185 [main] INFO  o.t.game.client.HeadedGameRunner - Launching game, version: 2.7+00000 
347  17:20:47.298 [Thread-5] DEBUG g.s.e.data.gameparser.GameParser - Parsing game XML: /home/sanjana/triplea/downloadedMaps/capture_the_flag/map/games/capture_the_flag.xml
238  17:21:39.273 [main] INFO  o.t.game.client.HeadedGameRunner - Launching game, version: 2.7+00000 
346  17:21:39.381 [Thread-5] DEBUG g.s.e.data.gameparser.GameParser - Parsing game XML: /home/sanjana/triplea/downloadedMaps/capture_the_flag/map/games/capture_the_flag.xml
231  17:22:29.338 [main] INFO  o.t.game.client.HeadedGameRunner - Launching game, version: 2.7+00000 
341  17:22:29.448 [Thread-5] DEBUG g.s.e.data.gameparser.GameParser - Parsing game XML: /home/sanjana/triplea/downloadedMaps/capture_the_flag/map/games/capture_the_flag.xml
236  17:23:07.422 [main] INFO  o.t.game.client.HeadedGameRunner - Launching game, version: 2.7+00000 
345  17:23:07.531 [Thread-5] DEBUG g.s.e.data.gameparser.GameParser - Parsing game XML: /home/sanjana/triplea/downloadedMaps/capture_the_flag/map/games/capture_the_flag.xml
233  17:23:51.555 [main] INFO  o.t.game.client.HeadedGameRunner - Launching game, version: 2.7+00000 
356  17:23:51.678 [Thread-5] DEBUG g.s.e.data.gameparser.GameParser - Parsing game XML: /home/sanjana/triplea/downloadedMaps/capture_the_flag/map/games/capture_the_flag.xml
229  17:24:43.653 [main] INFO  o.t.game.client.HeadedGameRunner - Launching game, version: 2.7+00000 
351  17:24:43.775 [Thread-5] DEBUG g.s.e.data.gameparser.GameParser - Parsing game XML: /home/sanjana/triplea/downloadedMaps/capture_the_flag/map/games/capture_the_flag.xml
237  17:25:29.759 [main] INFO  o.t.game.client.HeadedGameRunner - Launching game, version: 2.7+00000 
350  17:25:29.872 [Thread-5] DEBUG g.s.e.data.gameparser.GameParser - Parsing game XML: /home/sanjana/triplea/downloadedMaps/capture_the_flag/map/games/capture_the_flag.xml
223  17:26:31.862 [main] INFO  o.t.game.client.HeadedGameRunner - Launching game, version: 2.7+00000 
332  17:26:31.971 [Thread-5] DEBUG g.s.e.data.gameparser.GameParser - Parsing game XML: /home/sanjana/triplea/downloadedMaps/capture_the_flag/map/games/capture_the_flag.xml
233  17:27:07.947 [main] INFO  o.t.game.client.HeadedGameRunner - Launching game, version: 2.7+00000 
349  17:27:08.063 [Thread-5] DEBUG g.s.e.data.gameparser.GameParser - Parsing game XML: /home/sanjana/triplea/downloadedMaps/capture_the_flag/map/games/capture_the_flag.xml
221  17:28:02.018 [main] INFO  o.t.game.client.HeadedGameRunner - Launching game, version: 2.7+00000 
333  17:28:02.130 [Thread-5] DEBUG g.s.e.data.gameparser.GameParser - Parsing game XML: /home/sanjana/triplea/downloadedMaps/capture_the_flag/map/games/capture_the_flag.xml
225  17:29:00.163 [main] INFO  o.t.game.client.HeadedGameRunner - Launching game, version: 2.7+00000 
340  17:29:00.278 [Thread-5] DEBUG g.s.e.data.gameparser.GameParser - Parsing game XML: /home/sanjana/triplea/downloadedMaps/capture_the_flag/map/games/capture_the_flag.xml
235  17:30:08.278 [main] INFO  o.t.game.client.HeadedGameRunner - Launching game, version: 2.7+00000 
359  17:30:08.402 [Thread-5] DEBUG g.s.e.data.gameparser.GameParser - Parsing game XML: /home/sanjana/triplea/downloadedMaps/capture_the_flag/map/games/capture_the_flag.xml
232  17:31:34.370 [main] INFO  o.t.game.client.HeadedGameRunner - Launching game, version: 2.7+00000 
340  17:31:34.478 [Thread-5] DEBUG g.s.e.data.gameparser.GameParser - Parsing game XML: /home/sanjana/triplea/downloadedMaps/capture_the_flag/map/games/capture_the_flag.xml
256  17:32:32.486 [main] INFO  o.t.game.client.HeadedGameRunner - Launching game, version: 2.7+00000 
361  17:32:32.591 [Thread-5] DEBUG g.s.e.data.gameparser.GameParser - Parsing game XML: /home/sanjana/triplea/downloadedMaps/capture_the_flag/map/games/capture_the_flag.xml
240  17:33:28.540 [main] INFO  o.t.game.client.HeadedGameRunner - Launching game, version: 2.7+00000 
363  17:33:28.663 [Thread-5] DEBUG g.s.e.data.gameparser.GameParser - Parsing game XML: /home/sanjana/triplea/downloadedMaps/capture_the_flag/map/games/capture_the_flag.xml
228  17:34:04.666 [main] INFO  o.t.game.client.HeadedGameRunner - Launching game, version: 2.7+00000 
338  17:34:04.776 [Thread-5] DEBUG g.s.e.data.gameparser.GameParser - Parsing game XML: /home/sanjana/triplea/downloadedMaps/capture_the_flag/map/games/capture_the_flag.xml
222  17:35:04.747 [main] INFO  o.t.game.client.HeadedGameRunner - Launching game, version: 2.7+00000 
350  17:35:04.875 [Thread-5] DEBUG g.s.e.data.gameparser.GameParser - Parsing game XML: /home/sanjana/triplea/downloadedMaps/capture_the_flag/map/games/capture_the_flag.xml
257  17:36:00.856 [main] INFO  o.t.game.client.HeadedGameRunner - Launching game, version: 2.7+00000 
370  17:36:00.969 [Thread-5] DEBUG g.s.e.data.gameparser.GameParser - Parsing game XML: /home/sanjana/triplea/downloadedMaps/capture_the_flag/map/games/capture_the_flag.xml
234  17:36:46.951 [main] INFO  o.t.game.client.HeadedGameRunner - Launching game, version: 2.7+00000 
358  17:36:47.075 [Thread-5] DEBUG g.s.e.data.gameparser.GameParser - Parsing game XML: /home/sanjana/triplea/downloadedMaps/capture_the_flag/map/games/capture_the_flag.xml
223  17:37:25.031 [main] INFO  o.t.game.client.HeadedGameRunner - Launching game, version: 2.7+00000 
328  17:37:25.136 [Thread-5] DEBUG g.s.e.data.gameparser.GameParser - Parsing game XML: /home/sanjana/triplea/downloadedMaps/capture_the_flag/map/games/capture_the_flag.xml
262  17:38:05.225 [main] INFO  o.t.game.client.HeadedGameRunner - Launching game, version: 2.7+00000 
379  17:38:05.342 [Thread-5] DEBUG g.s.e.data.gameparser.GameParser - Parsing game XML: /home/sanjana/triplea/downloadedMaps/capture_the_flag/map/games/capture_the_flag.xml
226  17:38:55.232 [main] INFO  o.t.game.client.HeadedGameRunner - Launching game, version: 2.7+00000 
353  17:38:55.359 [Thread-5] DEBUG g.s.e.data.gameparser.GameParser - Parsing game XML: /home/sanjana/triplea/downloadedMaps/capture_the_flag/map/games/capture_the_flag.xml
235  17:39:31.331 [main] INFO  o.t.game.client.HeadedGameRunner - Launching game, version: 2.7+00000 
358  17:39:31.454 [Thread-5] DEBUG g.s.e.data.gameparser.GameParser - Parsing game XML: /home/sanjana/triplea/downloadedMaps/capture_the_flag/map/games/capture_the_flag.xml
236  17:40:23.416 [main] INFO  o.t.game.client.HeadedGameRunner - Launching game, version: 2.7+00000 
345  17:40:23.525 [Thread-5] DEBUG g.s.e.data.gameparser.GameParser - Parsing game XML: /home/sanjana/triplea/downloadedMaps/capture_the_flag/map/games/capture_the_flag.xml
218  17:41:03.503 [main] INFO  o.t.game.client.HeadedGameRunner - Launching game, version: 2.7+00000 
330  17:41:03.615 [Thread-5] DEBUG g.s.e.data.gameparser.GameParser - Parsing game XML: /home/sanjana/triplea/downloadedMaps/capture_the_flag/map/games/capture_the_flag.xml
230  17:41:47.596 [main] INFO  o.t.game.client.HeadedGameRunner - Launching game, version: 2.7+00000 
345  17:41:47.711 [Thread-5] DEBUG g.s.e.data.gameparser.GameParser - Parsing game XML: /home/sanjana/triplea/downloadedMaps/capture_the_flag/map/games/capture_the_flag.xml
252  17:43:25.750 [main] INFO  o.t.game.client.HeadedGameRunner - Launching game, version: 2.7+00000 
358  17:43:25.856 [Thread-5] DEBUG g.s.e.data.gameparser.GameParser - Parsing game XML: /home/sanjana/triplea/downloadedMaps/capture_the_flag/map/games/capture_the_flag.xml
231  17:44:01.837 [main] INFO  o.t.game.client.HeadedGameRunner - Launching game, version: 2.7+00000 
347  17:44:01.953 [Thread-5] DEBUG g.s.e.data.gameparser.GameParser - Parsing game XML: /home/sanjana/triplea/downloadedMaps/capture_the_flag/map/games/capture_the_flag.xml
226  17:44:47.911 [main] INFO  o.t.game.client.HeadedGameRunner - Launching game, version: 2.7+00000 
352  17:44:48.037 [Thread-5] DEBUG g.s.e.data.gameparser.GameParser - Parsing game XML: /home/sanjana/triplea/downloadedMaps/capture_the_flag/map/games/capture_the_flag.xml
231  17:46:30.056 [main] INFO  o.t.game.client.HeadedGameRunner - Launching game, version: 2.7+00000 
341  17:46:30.166 [Thread-5] DEBUG g.s.e.data.gameparser.GameParser - Parsing game XML: /home/sanjana/triplea/downloadedMaps/capture_the_flag/map/games/capture_the_flag.xml
253  17:47:24.151 [main] INFO  o.t.game.client.HeadedGameRunner - Launching game, version: 2.7+00000 
361  17:47:24.259 [Thread-5] DEBUG g.s.e.data.gameparser.GameParser - Parsing game XML: /home/sanjana/triplea/downloadedMaps/capture_the_flag/map/games/capture_the_flag.xml
217  17:48:16.215 [main] INFO  o.t.game.client.HeadedGameRunner - Launching game, version: 2.7+00000 
333  17:48:16.331 [Thread-5] DEBUG g.s.e.data.gameparser.GameParser - Parsing game XML: /home/sanjana/triplea/downloadedMaps/capture_the_flag/map/games/capture_the_flag.xml
240  17:49:06.332 [main] INFO  o.t.game.client.HeadedGameRunner - Launching game, version: 2.7+00000 
351  17:49:06.443 [Thread-5] DEBUG g.s.e.data.gameparser.GameParser - Parsing game XML: /home/sanjana/triplea/downloadedMaps/capture_the_flag/map/games/capture_the_flag.xml
224  17:49:54.402 [main] INFO  o.t.game.client.HeadedGameRunner - Launching game, version: 2.7+00000 
337  17:49:54.515 [Thread-5] DEBUG g.s.e.data.gameparser.GameParser - Parsing game XML: /home/sanjana/triplea/downloadedMaps/capture_the_flag/map/games/capture_the_flag.xml
217  17:50:32.531 [main] INFO  o.t.game.client.HeadedGameRunner - Launching game, version: 2.7+00000 
334  17:50:32.648 [Thread-5] DEBUG g.s.e.data.gameparser.GameParser - Parsing game XML: /home/sanjana/triplea/downloadedMaps/capture_the_flag/map/games/capture_the_flag.xml
244  17:51:20.626 [main] INFO  o.t.game.client.HeadedGameRunner - Launching game, version: 2.7+00000 
367  17:51:20.749 [Thread-5] DEBUG g.s.e.data.gameparser.GameParser - Parsing game XML: /home/sanjana/triplea/downloadedMaps/capture_the_flag/map/games/capture_the_flag.xml
246  17:52:08.692 [main] INFO  o.t.game.client.HeadedGameRunner - Launching game, version: 2.7+00000 
359  17:52:08.805 [Thread-5] DEBUG g.s.e.data.gameparser.GameParser - Parsing game XML: /home/sanjana/triplea/downloadedMaps/capture_the_flag/map/games/capture_the_flag.xml
238  17:52:52.833 [main] INFO  o.t.game.client.HeadedGameRunner - Launching game, version: 2.7+00000 
355  17:52:52.950 [Thread-5] DEBUG g.s.e.data.gameparser.GameParser - Parsing game XML: /home/sanjana/triplea/downloadedMaps/capture_the_flag/map/games/capture_the_flag.xml
227  17:54:02.897 [main] INFO  o.t.game.client.HeadedGameRunner - Launching game, version: 2.7+00000 
340  17:54:03.010 [Thread-5] DEBUG g.s.e.data.gameparser.GameParser - Parsing game XML: /home/sanjana/triplea/downloadedMaps/capture_the_flag/map/games/capture_the_flag.xml
239  17:54:44.999 [main] INFO  o.t.game.client.HeadedGameRunner - Launching game, version: 2.7+00000 
357  17:54:45.117 [Thread-5] DEBUG g.s.e.data.gameparser.GameParser - Parsing game XML: /home/sanjana/triplea/downloadedMaps/capture_the_flag/map/games/capture_the_flag.xml
239  17:55:29.122 [main] INFO  o.t.game.client.HeadedGameRunner - Launching game, version: 2.7+00000 
361  17:55:29.244 [Thread-5] DEBUG g.s.e.data.gameparser.GameParser - Parsing game XML: /home/sanjana/triplea/downloadedMaps/capture_the_flag/map/games/capture_the_flag.xml
244  17:56:21.206 [main] INFO  o.t.game.client.HeadedGameRunner - Launching game, version: 2.7+00000 
358  17:56:21.320 [Thread-5] DEBUG g.s.e.data.gameparser.GameParser - Parsing game XML: /home/sanjana/triplea/downloadedMaps/capture_the_flag/map/games/capture_the_flag.xml
231  17:56:57.315 [main] INFO  o.t.game.client.HeadedGameRunner - Launching game, version: 2.7+00000 
342  17:56:57.426 [Thread-5] DEBUG g.s.e.data.gameparser.GameParser - Parsing game XML: /home/sanjana/triplea/downloadedMaps/capture_the_flag/map/games/capture_the_flag.xml
226  17:57:33.392 [main] INFO  o.t.game.client.HeadedGameRunner - Launching game, version: 2.7+00000 
340  17:57:33.506 [Thread-5] DEBUG g.s.e.data.gameparser.GameParser - Parsing game XML: /home/sanjana/triplea/downloadedMaps/capture_the_flag/map/games/capture_the_flag.xml
231  17:58:17.482 [main] INFO  o.t.game.client.HeadedGameRunner - Launching game, version: 2.7+00000 
348  17:58:17.599 [Thread-5] DEBUG g.s.e.data.gameparser.GameParser - Parsing game XML: /home/sanjana/triplea/downloadedMaps/capture_the_flag/map/games/capture_the_flag.xml
243  17:58:49.607 [main] INFO  o.t.game.client.HeadedGameRunner - Launching game, version: 2.7+00000 
354  17:58:49.718 [Thread-5] DEBUG g.s.e.data.gameparser.GameParser - Parsing game XML: /home/sanjana/triplea/downloadedMaps/capture_the_flag/map/games/capture_the_flag.xml
235  17:59:57.690 [main] INFO  o.t.game.client.HeadedGameRunner - Launching game, version: 2.7+00000 
340  17:59:57.795 [Thread-5] DEBUG g.s.e.data.gameparser.GameParser - Parsing game XML: /home/sanjana/triplea/downloadedMaps/capture_the_flag/map/games/capture_the_flag.xml
228  18:00:55.816 [main] INFO  o.t.game.client.HeadedGameRunner - Launching game, version: 2.7+00000 
348  18:00:55.936 [Thread-5] DEBUG g.s.e.data.gameparser.GameParser - Parsing game XML: /home/sanjana/triplea/downloadedMaps/capture_the_flag/map/games/capture_the_flag.xml
222  21:56:31.056 [main] INFO  o.t.game.client.HeadedGameRunner - Launching game, version: 2.7+00000 
333  21:56:31.167 [Thread-5] DEBUG g.s.e.data.gameparser.GameParser - Parsing game XML: /home/sanjana/triplea/downloadedMaps/capture_the_flag/map/games/capture_the_flag.xml
230  21:57:37.459 [main] INFO  o.t.game.client.HeadedGameRunner - Launching game, version: 2.7+00000 
341  21:57:37.570 [Thread-5] DEBUG g.s.e.data.gameparser.GameParser - Parsing game XML: /home/sanjana/triplea/downloadedMaps/capture_the_flag/map/games/capture_the_flag.xml
227  21:58:33.552 [main] INFO  o.t.game.client.HeadedGameRunner - Launching game, version: 2.7+00000 
340  21:58:33.665 [Thread-5] DEBUG g.s.e.data.gameparser.GameParser - Parsing game XML: /home/sanjana/triplea/downloadedMaps/capture_the_flag/map/games/capture_the_flag.xml
236  21:59:31.614 [main] INFO  o.t.game.client.HeadedGameRunner - Launching game, version: 2.7+00000 
357  21:59:31.735 [Thread-5] DEBUG g.s.e.data.gameparser.GameParser - Parsing game XML: /home/sanjana/triplea/downloadedMaps/capture_the_flag/map/games/capture_the_flag.xml
234  22:00:19.641 [main] INFO  o.t.game.client.HeadedGameRunner - Launching game, version: 2.7+00000 
349  22:00:19.756 [Thread-5] DEBUG g.s.e.data.gameparser.GameParser - Parsing game XML: /home/sanjana/triplea/downloadedMaps/capture_the_flag/map/games/capture_the_flag.xml
225  22:01:15.726 [main] INFO  o.t.game.client.HeadedGameRunner - Launching game, version: 2.7+00000 
344  22:01:15.845 [Thread-5] DEBUG g.s.e.data.gameparser.GameParser - Parsing game XML: /home/sanjana/triplea/downloadedMaps/capture_the_flag/map/games/capture_the_flag.xml
220  22:02:31.840 [main] INFO  o.t.game.client.HeadedGameRunner - Launching game, version: 2.7+00000 
330  22:02:31.950 [Thread-5] DEBUG g.s.e.data.gameparser.GameParser - Parsing game XML: /home/sanjana/triplea/downloadedMaps/capture_the_flag/map/games/capture_the_flag.xml
224  22:03:23.911 [main] INFO  o.t.game.client.HeadedGameRunner - Launching game, version: 2.7+00000 
342  22:03:24.029 [Thread-5] DEBUG g.s.e.data.gameparser.GameParser - Parsing game XML: /home/sanjana/triplea/downloadedMaps/capture_the_flag/map/games/capture_the_flag.xml
253  22:04:16.045 [main] INFO  o.t.game.client.HeadedGameRunner - Launching game, version: 2.7+00000 
364  22:04:16.156 [Thread-5] DEBUG g.s.e.data.gameparser.GameParser - Parsing game XML: /home/sanjana/triplea/downloadedMaps/capture_the_flag/map/games/capture_the_flag.xml
228  22:04:54.110 [main] INFO  o.t.game.client.HeadedGameRunner - Launching game, version: 2.7+00000 
343  22:04:54.225 [Thread-5] DEBUG g.s.e.data.gameparser.GameParser - Parsing game XML: /home/sanjana/triplea/downloadedMaps/capture_the_flag/map/games/capture_the_flag.xml
232  22:05:46.205 [main] INFO  o.t.game.client.HeadedGameRunner - Launching game, version: 2.7+00000 
344  22:05:46.317 [Thread-5] DEBUG g.s.e.data.gameparser.GameParser - Parsing game XML: /home/sanjana/triplea/downloadedMaps/capture_the_flag/map/games/capture_the_flag.xml
236  22:06:44.289 [main] INFO  o.t.game.client.HeadedGameRunner - Launching game, version: 2.7+00000 
347  22:06:44.400 [Thread-5] DEBUG g.s.e.data.gameparser.GameParser - Parsing game XML: /home/sanjana/triplea/downloadedMaps/capture_the_flag/map/games/capture_the_flag.xml
237  22:07:58.464 [main] INFO  o.t.game.client.HeadedGameRunner - Launching game, version: 2.7+00000 
348  22:07:58.575 [Thread-5] DEBUG g.s.e.data.gameparser.GameParser - Parsing game XML: /home/sanjana/triplea/downloadedMaps/capture_the_flag/map/games/capture_the_flag.xml
238  22:09:00.508 [main] INFO  o.t.game.client.HeadedGameRunner - Launching game, version: 2.7+00000 
342  22:09:00.612 [Thread-5] DEBUG g.s.e.data.gameparser.GameParser - Parsing game XML: /home/sanjana/triplea/downloadedMaps/capture_the_flag/map/games/capture_the_flag.xml
241  22:09:52.601 [main] INFO  o.t.game.client.HeadedGameRunner - Launching game, version: 2.7+00000 
355  22:09:52.715 [Thread-5] DEBUG g.s.e.data.gameparser.GameParser - Parsing game XML: /home/sanjana/triplea/downloadedMaps/capture_the_flag/map/games/capture_the_flag.xml
256  22:10:38.744 [main] INFO  o.t.game.client.HeadedGameRunner - Launching game, version: 2.7+00000 
381  22:10:38.869 [Thread-5] DEBUG g.s.e.data.gameparser.GameParser - Parsing game XML: /home/sanjana/triplea/downloadedMaps/capture_the_flag/map/games/capture_the_flag.xml
254  22:11:20.802 [main] INFO  o.t.game.client.HeadedGameRunner - Launching game, version: 2.7+00000 
368  22:11:20.916 [Thread-5] DEBUG g.s.e.data.gameparser.GameParser - Parsing game XML: /home/sanjana/triplea/downloadedMaps/capture_the_flag/map/games/capture_the_flag.xml
229  22:12:10.934 [main] INFO  o.t.game.client.HeadedGameRunner - Launching game, version: 2.7+00000 
346  22:12:11.051 [Thread-5] DEBUG g.s.e.data.gameparser.GameParser - Parsing game XML: /home/sanjana/triplea/downloadedMaps/capture_the_flag/map/games/capture_the_flag.xml
226  22:13:37.049 [main] INFO  o.t.game.client.HeadedGameRunner - Launching game, version: 2.7+00000 
341  22:13:37.164 [Thread-5] DEBUG g.s.e.data.gameparser.GameParser - Parsing game XML: /home/sanjana/triplea/downloadedMaps/capture_the_flag/map/games/capture_the_flag.xml
223  22:14:13.116 [main] INFO  o.t.game.client.HeadedGameRunner - Launching game, version: 2.7+00000 
332  22:14:13.225 [Thread-5] DEBUG g.s.e.data.gameparser.GameParser - Parsing game XML: /home/sanjana/triplea/downloadedMaps/capture_the_flag/map/games/capture_the_flag.xml
222  22:15:25.233 [main] INFO  o.t.game.client.HeadedGameRunner - Launching game, version: 2.7+00000 
332  22:15:25.343 [Thread-5] DEBUG g.s.e.data.gameparser.GameParser - Parsing game XML: /home/sanjana/triplea/downloadedMaps/capture_the_flag/map/games/capture_the_flag.xml
225  22:16:15.309 [main] INFO  o.t.game.client.HeadedGameRunner - Launching game, version: 2.7+00000 
335  22:16:15.419 [Thread-5] DEBUG g.s.e.data.gameparser.GameParser - Parsing game XML: /home/sanjana/triplea/downloadedMaps/capture_the_flag/map/games/capture_the_flag.xml
235  22:17:13.434 [main] INFO  o.t.game.client.HeadedGameRunner - Launching game, version: 2.7+00000 
347  22:17:13.546 [Thread-5] DEBUG g.s.e.data.gameparser.GameParser - Parsing game XML: /home/sanjana/triplea/downloadedMaps/capture_the_flag/map/games/capture_the_flag.xml
246  22:17:57.472 [main] INFO  o.t.game.client.HeadedGameRunner - Launching game, version: 2.7+00000 
351  22:17:57.577 [Thread-5] DEBUG g.s.e.data.gameparser.GameParser - Parsing game XML: /home/sanjana/triplea/downloadedMaps/capture_the_flag/map/games/capture_the_flag.xml
19820 22:18:17.046 [AWT-EventQueue-0] ERROR o.t.game.client.HeadedGameRunner - Vector Enumeration
java.util.NoSuchElementException: Vector Enumeration
	at java.base/java.util.Vector$1.nextElement(Vector.java:344)
	at java.desktop/javax.swing.tree.DefaultMutableTreeNode$PreorderEnumeration.nextElement(DefaultMutableTreeNode.java:1349)
	at java.desktop/javax.swing.tree.DefaultMutableTreeNode$PreorderEnumeration.nextElement(DefaultMutableTreeNode.java:1333)
	at games.strategy.engine.history.History.getCurrentPlayer(History.java:177)
	at games.strategy.triplea.util.UnitSeparator.getComparatorUnitCategories(UnitSeparator.java:128)
	at games.strategy.triplea.util.UnitSeparator.getSortedUnitCategories(UnitSeparator.java:101)
	at games.strategy.triplea.ui.SimpleUnitPanel.setUnits(SimpleUnitPanel.java:130)
	at games.strategy.triplea.ui.PlacementUnitsCollapsiblePanel.lambda$updateStep$0(PlacementUnitsCollapsiblePanel.java:50)
	at java.desktop/java.awt.event.InvocationEvent.dispatch(InvocationEvent.java:318)
	at java.desktop/java.awt.EventQueue.dispatchEventImpl(EventQueue.java:773)
	at java.desktop/java.awt.EventQueue$4.run(EventQueue.java:720)
	at java.desktop/java.awt.EventQueue$4.run(EventQueue.java:714)
	at java.base/java.security.AccessController.doPrivileged(AccessController.java:400)
	at java.base/java.security.ProtectionDomain$JavaSecurityAccessImpl.doIntersectionPrivilege(ProtectionDomain.java:87)
	at java.desktop/java.awt.EventQueue.dispatchEvent(EventQueue.java:742)
	at java.desktop/java.awt.EventDispatchThread.pumpOneEventForFilters(EventDispatchThread.java:203)
	at java.desktop/java.awt.EventDispatchThread.pumpEventsForFilter(EventDispatchThread.java:124)
	at java.desktop/java.awt.EventDispatchThread.pumpEventsForHierarchy(EventDispatchThread.java:113)
	at java.desktop/java.awt.EventDispatchThread.pumpEvents(EventDispatchThread.java:109)
	at java.desktop/java.awt.EventDispatchThread.pumpEvents(EventDispatchThread.java:101)
	at java.desktop/java.awt.EventDispatchThread.run(EventDispatchThread.java:90)
217  22:20:27.628 [main] INFO  o.t.game.client.HeadedGameRunner - Launching game, version: 2.7+00000 
326  22:20:27.737 [Thread-5] DEBUG g.s.e.data.gameparser.GameParser - Parsing game XML: /home/sanjana/triplea/downloadedMaps/capture_the_flag/map/games/capture_the_flag.xml
237  22:21:19.764 [main] INFO  o.t.game.client.HeadedGameRunner - Launching game, version: 2.7+00000 
361  22:21:19.888 [Thread-5] DEBUG g.s.e.data.gameparser.GameParser - Parsing game XML: /home/sanjana/triplea/downloadedMaps/capture_the_flag/map/games/capture_the_flag.xml
235  22:22:07.848 [main] INFO  o.t.game.client.HeadedGameRunner - Launching game, version: 2.7+00000 
349  22:22:07.962 [Thread-5] DEBUG g.s.e.data.gameparser.GameParser - Parsing game XML: /home/sanjana/triplea/downloadedMaps/capture_the_flag/map/games/capture_the_flag.xml
218  22:23:21.939 [main] INFO  o.t.game.client.HeadedGameRunner - Launching game, version: 2.7+00000 
323  22:23:22.044 [Thread-5] DEBUG g.s.e.data.gameparser.GameParser - Parsing game XML: /home/sanjana/triplea/downloadedMaps/capture_the_flag/map/games/capture_the_flag.xml
248  22:24:14.103 [main] INFO  o.t.game.client.HeadedGameRunner - Launching game, version: 2.7+00000 
362  22:24:14.217 [Thread-5] DEBUG g.s.e.data.gameparser.GameParser - Parsing game XML: /home/sanjana/triplea/downloadedMaps/capture_the_flag/map/games/capture_the_flag.xml
229  22:25:06.159 [main] INFO  o.t.game.client.HeadedGameRunner - Launching game, version: 2.7+00000 
340  22:25:06.270 [Thread-5] DEBUG g.s.e.data.gameparser.GameParser - Parsing game XML: /home/sanjana/triplea/downloadedMaps/capture_the_flag/map/games/capture_the_flag.xml
241  22:26:04.263 [main] INFO  o.t.game.client.HeadedGameRunner - Launching game, version: 2.7+00000 
359  22:26:04.381 [Thread-5] DEBUG g.s.e.data.gameparser.GameParser - Parsing game XML: /home/sanjana/triplea/downloadedMaps/capture_the_flag/map/games/capture_the_flag.xml
217  22:26:42.373 [main] INFO  o.t.game.client.HeadedGameRunner - Launching game, version: 2.7+00000 
323  22:26:42.479 [Thread-5] DEBUG g.s.e.data.gameparser.GameParser - Parsing game XML: /home/sanjana/triplea/downloadedMaps/capture_the_flag/map/games/capture_the_flag.xml
237  22:27:30.513 [main] INFO  o.t.game.client.HeadedGameRunner - Launching game, version: 2.7+00000 
347  22:27:30.623 [Thread-5] DEBUG g.s.e.data.gameparser.GameParser - Parsing game XML: /home/sanjana/triplea/downloadedMaps/capture_the_flag/map/games/capture_the_flag.xml
257  22:28:44.617 [main] INFO  o.t.game.client.HeadedGameRunner - Launching game, version: 2.7+00000 
378  22:28:44.738 [Thread-5] DEBUG g.s.e.data.gameparser.GameParser - Parsing game XML: /home/sanjana/triplea/downloadedMaps/capture_the_flag/map/games/capture_the_flag.xml
234  22:29:58.698 [main] INFO  o.t.game.client.HeadedGameRunner - Launching game, version: 2.7+00000 
353  22:29:58.817 [Thread-5] DEBUG g.s.e.data.gameparser.GameParser - Parsing game XML: /home/sanjana/triplea/downloadedMaps/capture_the_flag/map/games/capture_the_flag.xml
236  22:30:46.781 [main] INFO  o.t.game.client.HeadedGameRunner - Launching game, version: 2.7+00000 
349  22:30:46.894 [Thread-5] DEBUG g.s.e.data.gameparser.GameParser - Parsing game XML: /home/sanjana/triplea/downloadedMaps/capture_the_flag/map/games/capture_the_flag.xml
234  22:31:28.851 [main] INFO  o.t.game.client.HeadedGameRunner - Launching game, version: 2.7+00000 
347  22:31:28.964 [Thread-5] DEBUG g.s.e.data.gameparser.GameParser - Parsing game XML: /home/sanjana/triplea/downloadedMaps/capture_the_flag/map/games/capture_the_flag.xml
229  22:32:40.995 [main] INFO  o.t.game.client.HeadedGameRunner - Launching game, version: 2.7+00000 
340  22:32:41.106 [Thread-5] DEBUG g.s.e.data.gameparser.GameParser - Parsing game XML: /home/sanjana/triplea/downloadedMaps/capture_the_flag/map/games/capture_the_flag.xml
216  22:34:07.065 [main] INFO  o.t.game.client.HeadedGameRunner - Launching game, version: 2.7+00000 
324  22:34:07.173 [Thread-5] DEBUG g.s.e.data.gameparser.GameParser - Parsing game XML: /home/sanjana/triplea/downloadedMaps/capture_the_flag/map/games/capture_the_flag.xml
237  22:34:49.172 [main] INFO  o.t.game.client.HeadedGameRunner - Launching game, version: 2.7+00000 
351  22:34:49.286 [Thread-5] DEBUG g.s.e.data.gameparser.GameParser - Parsing game XML: /home/sanjana/triplea/downloadedMaps/capture_the_flag/map/games/capture_the_flag.xml
243  22:35:47.311 [main] INFO  o.t.game.client.HeadedGameRunner - Launching game, version: 2.7+00000 
356  22:35:47.424 [Thread-5] DEBUG g.s.e.data.gameparser.GameParser - Parsing game XML: /home/sanjana/triplea/downloadedMaps/capture_the_flag/map/games/capture_the_flag.xml
219  22:36:39.362 [main] INFO  o.t.game.client.HeadedGameRunner - Launching game, version: 2.7+00000 
328  22:36:39.471 [Thread-5] DEBUG g.s.e.data.gameparser.GameParser - Parsing game XML: /home/sanjana/triplea/downloadedMaps/capture_the_flag/map/games/capture_the_flag.xml
220  22:37:27.430 [main] INFO  o.t.game.client.HeadedGameRunner - Launching game, version: 2.7+00000 
334  22:37:27.544 [Thread-5] DEBUG g.s.e.data.gameparser.GameParser - Parsing game XML: /home/sanjana/triplea/downloadedMaps/capture_the_flag/map/games/capture_the_flag.xml
248  22:38:07.551 [main] INFO  o.t.game.client.HeadedGameRunner - Launching game, version: 2.7+00000 
351  22:38:07.654 [Thread-5] DEBUG g.s.e.data.gameparser.GameParser - Parsing game XML: /home/sanjana/triplea/downloadedMaps/capture_the_flag/map/games/capture_the_flag.xml
234  22:39:09.675 [main] INFO  o.t.game.client.HeadedGameRunner - Launching game, version: 2.7+00000 
340  22:39:09.781 [Thread-5] DEBUG g.s.e.data.gameparser.GameParser - Parsing game XML: /home/sanjana/triplea/downloadedMaps/capture_the_flag/map/games/capture_the_flag.xml
231  22:41:07.787 [main] INFO  o.t.game.client.HeadedGameRunner - Launching game, version: 2.7+00000 
353  22:41:07.909 [Thread-5] DEBUG g.s.e.data.gameparser.GameParser - Parsing game XML: /home/sanjana/triplea/downloadedMaps/capture_the_flag/map/games/capture_the_flag.xml
221  22:41:59.895 [main] INFO  o.t.game.client.HeadedGameRunner - Launching game, version: 2.7+00000 
345  22:42:00.019 [Thread-5] DEBUG g.s.e.data.gameparser.GameParser - Parsing game XML: /home/sanjana/triplea/downloadedMaps/capture_the_flag/map/games/capture_the_flag.xml
228  22:42:51.988 [main] INFO  o.t.game.client.HeadedGameRunner - Launching game, version: 2.7+00000 
352  22:42:52.112 [Thread-5] DEBUG g.s.e.data.gameparser.GameParser - Parsing game XML: /home/sanjana/triplea/downloadedMaps/capture_the_flag/map/games/capture_the_flag.xml
230  22:43:46.118 [main] INFO  o.t.game.client.HeadedGameRunner - Launching game, version: 2.7+00000 
348  22:43:46.236 [Thread-5] DEBUG g.s.e.data.gameparser.GameParser - Parsing game XML: /home/sanjana/triplea/downloadedMaps/capture_the_flag/map/games/capture_the_flag.xml
224  22:45:12.245 [main] INFO  o.t.game.client.HeadedGameRunner - Launching game, version: 2.7+00000 
347  22:45:12.368 [Thread-5] DEBUG g.s.e.data.gameparser.GameParser - Parsing game XML: /home/sanjana/triplea/downloadedMaps/capture_the_flag/map/games/capture_the_flag.xml
219  22:46:16.348 [main] INFO  o.t.game.client.HeadedGameRunner - Launching game, version: 2.7+00000 
333  22:46:16.462 [Thread-5] DEBUG g.s.e.data.gameparser.GameParser - Parsing game XML: /home/sanjana/triplea/downloadedMaps/capture_the_flag/map/games/capture_the_flag.xml
231  22:47:14.448 [main] INFO  o.t.game.client.HeadedGameRunner - Launching game, version: 2.7+00000 
337  22:47:14.554 [Thread-5] DEBUG g.s.e.data.gameparser.GameParser - Parsing game XML: /home/sanjana/triplea/downloadedMaps/capture_the_flag/map/games/capture_the_flag.xml
21429 22:47:35.646 [AWT-EventQueue-0] ERROR o.t.game.client.HeadedGameRunner - Vector Enumeration
java.util.NoSuchElementException: Vector Enumeration
	at java.base/java.util.Vector$1.nextElement(Vector.java:344)
	at java.desktop/javax.swing.tree.DefaultMutableTreeNode$PreorderEnumeration.nextElement(DefaultMutableTreeNode.java:1349)
	at java.desktop/javax.swing.tree.DefaultMutableTreeNode$PreorderEnumeration.nextElement(DefaultMutableTreeNode.java:1333)
	at games.strategy.engine.history.History.getCurrentPlayer(History.java:177)
	at games.strategy.triplea.util.UnitSeparator.getComparatorUnitCategories(UnitSeparator.java:128)
	at games.strategy.triplea.util.UnitSeparator.getSortedUnitCategories(UnitSeparator.java:101)
	at games.strategy.triplea.ui.BattleDisplay.updateKilledUnits(BattleDisplay.java:237)
	at games.strategy.triplea.ui.BattleDisplay.deadUnitNotification(BattleDisplay.java:281)
	at games.strategy.triplea.ui.BattlePanel.lambda$deadUnitNotification$14(BattlePanel.java:366)
	at java.desktop/java.awt.event.InvocationEvent.dispatch(InvocationEvent.java:318)
	at java.desktop/java.awt.EventQueue.dispatchEventImpl(EventQueue.java:773)
	at java.desktop/java.awt.EventQueue$4.run(EventQueue.java:720)
	at java.desktop/java.awt.EventQueue$4.run(EventQueue.java:714)
	at java.base/java.security.AccessController.doPrivileged(AccessController.java:400)
	at java.base/java.security.ProtectionDomain$JavaSecurityAccessImpl.doIntersectionPrivilege(ProtectionDomain.java:87)
	at java.desktop/java.awt.EventQueue.dispatchEvent(EventQueue.java:742)
	at java.desktop/java.awt.EventDispatchThread.pumpOneEventForFilters(EventDispatchThread.java:203)
	at java.desktop/java.awt.EventDispatchThread.pumpEventsForFilter(EventDispatchThread.java:124)
	at java.desktop/java.awt.EventDispatchThread.pumpEventsForHierarchy(EventDispatchThread.java:113)
	at java.desktop/java.awt.EventDispatchThread.pumpEvents(EventDispatchThread.java:109)
	at java.desktop/java.awt.EventDispatchThread.pumpEvents(EventDispatchThread.java:101)
	at java.desktop/java.awt.EventDispatchThread.run(EventDispatchThread.java:90)
223  22:48:02.528 [main] INFO  o.t.game.client.HeadedGameRunner - Launching game, version: 2.7+00000 
329  22:48:02.634 [Thread-5] DEBUG g.s.e.data.gameparser.GameParser - Parsing game XML: /home/sanjana/triplea/downloadedMaps/capture_the_flag/map/games/capture_the_flag.xml
225  22:49:18.648 [main] INFO  o.t.game.client.HeadedGameRunner - Launching game, version: 2.7+00000 
335  22:49:18.758 [Thread-5] DEBUG g.s.e.data.gameparser.GameParser - Parsing game XML: /home/sanjana/triplea/downloadedMaps/capture_the_flag/map/games/capture_the_flag.xml
227  22:50:00.737 [main] INFO  o.t.game.client.HeadedGameRunner - Launching game, version: 2.7+00000 
338  22:50:00.848 [Thread-5] DEBUG g.s.e.data.gameparser.GameParser - Parsing game XML: /home/sanjana/triplea/downloadedMaps/capture_the_flag/map/games/capture_the_flag.xml
231  22:50:52.862 [main] INFO  o.t.game.client.HeadedGameRunner - Launching game, version: 2.7+00000 
346  22:50:52.977 [Thread-5] DEBUG g.s.e.data.gameparser.GameParser - Parsing game XML: /home/sanjana/triplea/downloadedMaps/capture_the_flag/map/games/capture_the_flag.xml
226  22:51:38.936 [main] INFO  o.t.game.client.HeadedGameRunner - Launching game, version: 2.7+00000 
331  22:51:39.041 [Thread-5] DEBUG g.s.e.data.gameparser.GameParser - Parsing game XML: /home/sanjana/triplea/downloadedMaps/capture_the_flag/map/games/capture_the_flag.xml
226  22:52:21.019 [main] INFO  o.t.game.client.HeadedGameRunner - Launching game, version: 2.7+00000 
344  22:52:21.137 [Thread-5] DEBUG g.s.e.data.gameparser.GameParser - Parsing game XML: /home/sanjana/triplea/downloadedMaps/capture_the_flag/map/games/capture_the_flag.xml
239  22:53:05.138 [main] INFO  o.t.game.client.HeadedGameRunner - Launching game, version: 2.7+00000 
346  22:53:05.245 [Thread-5] DEBUG g.s.e.data.gameparser.GameParser - Parsing game XML: /home/sanjana/triplea/downloadedMaps/capture_the_flag/map/games/capture_the_flag.xml
215  22:55:01.254 [main] INFO  o.t.game.client.HeadedGameRunner - Launching game, version: 2.7+00000 
332  22:55:01.371 [Thread-5] DEBUG g.s.e.data.gameparser.GameParser - Parsing game XML: /home/sanjana/triplea/downloadedMaps/capture_the_flag/map/games/capture_the_flag.xml
230  22:55:47.351 [main] INFO  o.t.game.client.HeadedGameRunner - Launching game, version: 2.7+00000 
350  22:55:47.471 [Thread-5] DEBUG g.s.e.data.gameparser.GameParser - Parsing game XML: /home/sanjana/triplea/downloadedMaps/capture_the_flag/map/games/capture_the_flag.xml
231  22:56:33.424 [main] INFO  o.t.game.client.HeadedGameRunner - Launching game, version: 2.7+00000 
338  22:56:33.531 [Thread-5] DEBUG g.s.e.data.gameparser.GameParser - Parsing game XML: /home/sanjana/triplea/downloadedMaps/capture_the_flag/map/games/capture_the_flag.xml
239  22:57:11.520 [main] INFO  o.t.game.client.HeadedGameRunner - Launching game, version: 2.7+00000 
353  22:57:11.634 [Thread-5] DEBUG g.s.e.data.gameparser.GameParser - Parsing game XML: /home/sanjana/triplea/downloadedMaps/capture_the_flag/map/games/capture_the_flag.xml
230  22:58:03.650 [main] INFO  o.t.game.client.HeadedGameRunner - Launching game, version: 2.7+00000 
344  22:58:03.764 [Thread-5] DEBUG g.s.e.data.gameparser.GameParser - Parsing game XML: /home/sanjana/triplea/downloadedMaps/capture_the_flag/map/games/capture_the_flag.xml
229  22:58:59.766 [main] INFO  o.t.game.client.HeadedGameRunner - Launching game, version: 2.7+00000 
347  22:58:59.884 [Thread-5] DEBUG g.s.e.data.gameparser.GameParser - Parsing game XML: /home/sanjana/triplea/downloadedMaps/capture_the_flag/map/games/capture_the_flag.xml
237  22:59:53.844 [main] INFO  o.t.game.client.HeadedGameRunner - Launching game, version: 2.7+00000 
356  22:59:53.963 [Thread-5] DEBUG g.s.e.data.gameparser.GameParser - Parsing game XML: /home/sanjana/triplea/downloadedMaps/capture_the_flag/map/games/capture_the_flag.xml
238  23:01:01.970 [main] INFO  o.t.game.client.HeadedGameRunner - Launching game, version: 2.7+00000 
347  23:01:02.079 [Thread-5] DEBUG g.s.e.data.gameparser.GameParser - Parsing game XML: /home/sanjana/triplea/downloadedMaps/capture_the_flag/map/games/capture_the_flag.xml
253  23:01:44.070 [main] INFO  o.t.game.client.HeadedGameRunner - Launching game, version: 2.7+00000 
372  23:01:44.189 [Thread-5] DEBUG g.s.e.data.gameparser.GameParser - Parsing game XML: /home/sanjana/triplea/downloadedMaps/capture_the_flag/map/games/capture_the_flag.xml
231  23:02:38.177 [main] INFO  o.t.game.client.HeadedGameRunner - Launching game, version: 2.7+00000 
345  23:02:38.291 [Thread-5] DEBUG g.s.e.data.gameparser.GameParser - Parsing game XML: /home/sanjana/triplea/downloadedMaps/capture_the_flag/map/games/capture_the_flag.xml
220  23:03:20.251 [main] INFO  o.t.game.client.HeadedGameRunner - Launching game, version: 2.7+00000 
322  23:03:20.353 [Thread-5] DEBUG g.s.e.data.gameparser.GameParser - Parsing game XML: /home/sanjana/triplea/downloadedMaps/capture_the_flag/map/games/capture_the_flag.xml
236  23:04:22.352 [main] INFO  o.t.game.client.HeadedGameRunner - Launching game, version: 2.7+00000 
345  23:04:22.461 [Thread-5] DEBUG g.s.e.data.gameparser.GameParser - Parsing game XML: /home/sanjana/triplea/downloadedMaps/capture_the_flag/map/games/capture_the_flag.xml
226  23:05:12.447 [main] INFO  o.t.game.client.HeadedGameRunner - Launching game, version: 2.7+00000 
331  23:05:12.552 [Thread-5] DEBUG g.s.e.data.gameparser.GameParser - Parsing game XML: /home/sanjana/triplea/downloadedMaps/capture_the_flag/map/games/capture_the_flag.xml
236  23:05:50.535 [main] INFO  o.t.game.client.HeadedGameRunner - Launching game, version: 2.7+00000 
354  23:05:50.653 [Thread-5] DEBUG g.s.e.data.gameparser.GameParser - Parsing game XML: /home/sanjana/triplea/downloadedMaps/capture_the_flag/map/games/capture_the_flag.xml
257  23:06:30.694 [main] INFO  o.t.game.client.HeadedGameRunner - Launching game, version: 2.7+00000 
365  23:06:30.802 [Thread-5] DEBUG g.s.e.data.gameparser.GameParser - Parsing game XML: /home/sanjana/triplea/downloadedMaps/capture_the_flag/map/games/capture_the_flag.xml
255  23:07:24.754 [main] INFO  o.t.game.client.HeadedGameRunner - Launching game, version: 2.7+00000 
369  23:07:24.868 [Thread-5] DEBUG g.s.e.data.gameparser.GameParser - Parsing game XML: /home/sanjana/triplea/downloadedMaps/capture_the_flag/map/games/capture_the_flag.xml
239  23:08:14.870 [main] INFO  o.t.game.client.HeadedGameRunner - Launching game, version: 2.7+00000 
355  23:08:14.986 [Thread-5] DEBUG g.s.e.data.gameparser.GameParser - Parsing game XML: /home/sanjana/triplea/downloadedMaps/capture_the_flag/map/games/capture_the_flag.xml
225  23:09:06.927 [main] INFO  o.t.game.client.HeadedGameRunner - Launching game, version: 2.7+00000 
333  23:09:07.035 [Thread-5] DEBUG g.s.e.data.gameparser.GameParser - Parsing game XML: /home/sanjana/triplea/downloadedMaps/capture_the_flag/map/games/capture_the_flag.xml
240  23:09:53.027 [main] INFO  o.t.game.client.HeadedGameRunner - Launching game, version: 2.7+00000 
355  23:09:53.142 [Thread-5] DEBUG g.s.e.data.gameparser.GameParser - Parsing game XML: /home/sanjana/triplea/downloadedMaps/capture_the_flag/map/games/capture_the_flag.xml
231  23:10:37.126 [main] INFO  o.t.game.client.HeadedGameRunner - Launching game, version: 2.7+00000 
339  23:10:37.234 [Thread-5] DEBUG g.s.e.data.gameparser.GameParser - Parsing game XML: /home/sanjana/triplea/downloadedMaps/capture_the_flag/map/games/capture_the_flag.xml
223  23:11:25.202 [main] INFO  o.t.game.client.HeadedGameRunner - Launching game, version: 2.7+00000 
333  23:11:25.312 [Thread-5] DEBUG g.s.e.data.gameparser.GameParser - Parsing game XML: /home/sanjana/triplea/downloadedMaps/capture_the_flag/map/games/capture_the_flag.xml
236  23:12:17.359 [main] INFO  o.t.game.client.HeadedGameRunner - Launching game, version: 2.7+00000 
347  23:12:17.470 [Thread-5] DEBUG g.s.e.data.gameparser.GameParser - Parsing game XML: /home/sanjana/triplea/downloadedMaps/capture_the_flag/map/games/capture_the_flag.xml
244  23:13:09.444 [main] INFO  o.t.game.client.HeadedGameRunner - Launching game, version: 2.7+00000 
352  23:13:09.552 [Thread-5] DEBUG g.s.e.data.gameparser.GameParser - Parsing game XML: /home/sanjana/triplea/downloadedMaps/capture_the_flag/map/games/capture_the_flag.xml
230  23:13:57.561 [main] INFO  o.t.game.client.HeadedGameRunner - Launching game, version: 2.7+00000 
352  23:13:57.683 [Thread-5] DEBUG g.s.e.data.gameparser.GameParser - Parsing game XML: /home/sanjana/triplea/downloadedMaps/capture_the_flag/map/games/capture_the_flag.xml
230  23:15:51.637 [main] INFO  o.t.game.client.HeadedGameRunner - Launching game, version: 2.7+00000 
342  23:15:51.749 [Thread-5] DEBUG g.s.e.data.gameparser.GameParser - Parsing game XML: /home/sanjana/triplea/downloadedMaps/capture_the_flag/map/games/capture_the_flag.xml
229  23:16:45.800 [main] INFO  o.t.game.client.HeadedGameRunner - Launching game, version: 2.7+00000 
351  23:16:45.922 [Thread-5] DEBUG g.s.e.data.gameparser.GameParser - Parsing game XML: /home/sanjana/triplea/downloadedMaps/capture_the_flag/map/games/capture_the_flag.xml
227  23:17:27.885 [main] INFO  o.t.game.client.HeadedGameRunner - Launching game, version: 2.7+00000 
337  23:17:27.995 [Thread-5] DEBUG g.s.e.data.gameparser.GameParser - Parsing game XML: /home/sanjana/triplea/downloadedMaps/capture_the_flag/map/games/capture_the_flag.xml
245  23:18:14.013 [main] INFO  o.t.game.client.HeadedGameRunner - Launching game, version: 2.7+00000 
346  23:18:14.114 [Thread-5] DEBUG g.s.e.data.gameparser.GameParser - Parsing game XML: /home/sanjana/triplea/downloadedMaps/capture_the_flag/map/games/capture_the_flag.xml
238  23:19:34.134 [main] INFO  o.t.game.client.HeadedGameRunner - Launching game, version: 2.7+00000 
364  23:19:34.260 [Thread-5] DEBUG g.s.e.data.gameparser.GameParser - Parsing game XML: /home/sanjana/triplea/downloadedMaps/capture_the_flag/map/games/capture_the_flag.xml
220  23:20:16.193 [main] INFO  o.t.game.client.HeadedGameRunner - Launching game, version: 2.7+00000 
331  23:20:16.304 [Thread-5] DEBUG g.s.e.data.gameparser.GameParser - Parsing game XML: /home/sanjana/triplea/downloadedMaps/capture_the_flag/map/games/capture_the_flag.xml
220  23:20:58.248 [main] INFO  o.t.game.client.HeadedGameRunner - Launching game, version: 2.7+00000 
336  23:20:58.364 [Thread-5] DEBUG g.s.e.data.gameparser.GameParser - Parsing game XML: /home/sanjana/triplea/downloadedMaps/capture_the_flag/map/games/capture_the_flag.xml
242  23:21:42.367 [main] INFO  o.t.game.client.HeadedGameRunner - Launching game, version: 2.7+00000 
352  23:21:42.477 [Thread-5] DEBUG g.s.e.data.gameparser.GameParser - Parsing game XML: /home/sanjana/triplea/downloadedMaps/capture_the_flag/map/games/capture_the_flag.xml
225  23:22:26.531 [main] INFO  o.t.game.client.HeadedGameRunner - Launching game, version: 2.7+00000 
332  23:22:26.638 [Thread-5] DEBUG g.s.e.data.gameparser.GameParser - Parsing game XML: /home/sanjana/triplea/downloadedMaps/capture_the_flag/map/games/capture_the_flag.xml
224  23:23:22.584 [main] INFO  o.t.game.client.HeadedGameRunner - Launching game, version: 2.7+00000 
332  23:23:22.692 [Thread-5] DEBUG g.s.e.data.gameparser.GameParser - Parsing game XML: /home/sanjana/triplea/downloadedMaps/capture_the_flag/map/games/capture_the_flag.xml
232  23:24:08.659 [main] INFO  o.t.game.client.HeadedGameRunner - Launching game, version: 2.7+00000 
349  23:24:08.776 [Thread-5] DEBUG g.s.e.data.gameparser.GameParser - Parsing game XML: /home/sanjana/triplea/downloadedMaps/capture_the_flag/map/games/capture_the_flag.xml
246  23:24:52.752 [main] INFO  o.t.game.client.HeadedGameRunner - Launching game, version: 2.7+00000 
349  23:24:52.855 [Thread-5] DEBUG g.s.e.data.gameparser.GameParser - Parsing game XML: /home/sanjana/triplea/downloadedMaps/capture_the_flag/map/games/capture_the_flag.xml
229  23:25:40.890 [main] INFO  o.t.game.client.HeadedGameRunner - Launching game, version: 2.7+00000 
342  23:25:41.003 [Thread-5] DEBUG g.s.e.data.gameparser.GameParser - Parsing game XML: /home/sanjana/triplea/downloadedMaps/capture_the_flag/map/games/capture_the_flag.xml
223  23:26:20.976 [main] INFO  o.t.game.client.HeadedGameRunner - Launching game, version: 2.7+00000 
344  23:26:21.097 [Thread-5] DEBUG g.s.e.data.gameparser.GameParser - Parsing game XML: /home/sanjana/triplea/downloadedMaps/capture_the_flag/map/games/capture_the_flag.xml
217  23:27:09.042 [main] INFO  o.t.game.client.HeadedGameRunner - Launching game, version: 2.7+00000 
323  23:27:09.148 [Thread-5] DEBUG g.s.e.data.gameparser.GameParser - Parsing game XML: /home/sanjana/triplea/downloadedMaps/capture_the_flag/map/games/capture_the_flag.xml
221  23:27:53.149 [main] INFO  o.t.game.client.HeadedGameRunner - Launching game, version: 2.7+00000 
330  23:27:53.258 [Thread-5] DEBUG g.s.e.data.gameparser.GameParser - Parsing game XML: /home/sanjana/triplea/downloadedMaps/capture_the_flag/map/games/capture_the_flag.xml
224  23:28:33.224 [main] INFO  o.t.game.client.HeadedGameRunner - Launching game, version: 2.7+00000 
326  23:28:33.326 [Thread-5] DEBUG g.s.e.data.gameparser.GameParser - Parsing game XML: /home/sanjana/triplea/downloadedMaps/capture_the_flag/map/games/capture_the_flag.xml
218  23:29:31.371 [main] INFO  o.t.game.client.HeadedGameRunner - Launching game, version: 2.7+00000 
326  23:29:31.479 [Thread-5] DEBUG g.s.e.data.gameparser.GameParser - Parsing game XML: /home/sanjana/triplea/downloadedMaps/capture_the_flag/map/games/capture_the_flag.xml
225  23:30:33.486 [main] INFO  o.t.game.client.HeadedGameRunner - Launching game, version: 2.7+00000 
342  23:30:33.603 [Thread-5] DEBUG g.s.e.data.gameparser.GameParser - Parsing game XML: /home/sanjana/triplea/downloadedMaps/capture_the_flag/map/games/capture_the_flag.xml
250  23:31:15.598 [main] INFO  o.t.game.client.HeadedGameRunner - Launching game, version: 2.7+00000 
365  23:31:15.713 [Thread-5] DEBUG g.s.e.data.gameparser.GameParser - Parsing game XML: /home/sanjana/triplea/downloadedMaps/capture_the_flag/map/games/capture_the_flag.xml
226  23:31:55.691 [main] INFO  o.t.game.client.HeadedGameRunner - Launching game, version: 2.7+00000 
342  23:31:55.807 [Thread-5] DEBUG g.s.e.data.gameparser.GameParser - Parsing game XML: /home/sanjana/triplea/downloadedMaps/capture_the_flag/map/games/capture_the_flag.xml
234  23:32:55.785 [main] INFO  o.t.game.client.HeadedGameRunner - Launching game, version: 2.7+00000 
344  23:32:55.895 [Thread-5] DEBUG g.s.e.data.gameparser.GameParser - Parsing game XML: /home/sanjana/triplea/downloadedMaps/capture_the_flag/map/games/capture_the_flag.xml
231  23:33:51.887 [main] INFO  o.t.game.client.HeadedGameRunner - Launching game, version: 2.7+00000 
341  23:33:51.997 [Thread-5] DEBUG g.s.e.data.gameparser.GameParser - Parsing game XML: /home/sanjana/triplea/downloadedMaps/capture_the_flag/map/games/capture_the_flag.xml
250  23:34:37.988 [main] INFO  o.t.game.client.HeadedGameRunner - Launching game, version: 2.7+00000 
374  23:34:38.112 [Thread-5] DEBUG g.s.e.data.gameparser.GameParser - Parsing game XML: /home/sanjana/triplea/downloadedMaps/capture_the_flag/map/games/capture_the_flag.xml
229  23:35:54.078 [main] INFO  o.t.game.client.HeadedGameRunner - Launching game, version: 2.7+00000 
341  23:35:54.190 [Thread-5] DEBUG g.s.e.data.gameparser.GameParser - Parsing game XML: /home/sanjana/triplea/downloadedMaps/capture_the_flag/map/games/capture_the_flag.xml
230  23:36:36.156 [main] INFO  o.t.game.client.HeadedGameRunner - Launching game, version: 2.7+00000 
357  23:36:36.283 [Thread-5] DEBUG g.s.e.data.gameparser.GameParser - Parsing game XML: /home/sanjana/triplea/downloadedMaps/capture_the_flag/map/games/capture_the_flag.xml
253  23:37:54.362 [main] INFO  o.t.game.client.HeadedGameRunner - Launching game, version: 2.7+00000 
368  23:37:54.477 [Thread-5] DEBUG g.s.e.data.gameparser.GameParser - Parsing game XML: /home/sanjana/triplea/downloadedMaps/capture_the_flag/map/games/capture_the_flag.xml
252  23:39:36.483 [main] INFO  o.t.game.client.HeadedGameRunner - Launching game, version: 2.7+00000 
362  23:39:36.593 [Thread-5] DEBUG g.s.e.data.gameparser.GameParser - Parsing game XML: /home/sanjana/triplea/downloadedMaps/capture_the_flag/map/games/capture_the_flag.xml
228  23:40:28.513 [main] INFO  o.t.game.client.HeadedGameRunner - Launching game, version: 2.7+00000 
343  23:40:28.628 [Thread-5] DEBUG g.s.e.data.gameparser.GameParser - Parsing game XML: /home/sanjana/triplea/downloadedMaps/capture_the_flag/map/games/capture_the_flag.xml
230  23:41:26.615 [main] INFO  o.t.game.client.HeadedGameRunner - Launching game, version: 2.7+00000 
340  23:41:26.725 [Thread-5] DEBUG g.s.e.data.gameparser.GameParser - Parsing game XML: /home/sanjana/triplea/downloadedMaps/capture_the_flag/map/games/capture_the_flag.xml
228  23:43:18.767 [main] INFO  o.t.game.client.HeadedGameRunner - Launching game, version: 2.7+00000 
347  23:43:18.886 [Thread-5] DEBUG g.s.e.data.gameparser.GameParser - Parsing game XML: /home/sanjana/triplea/downloadedMaps/capture_the_flag/map/games/capture_the_flag.xml
235  23:43:58.854 [main] INFO  o.t.game.client.HeadedGameRunner - Launching game, version: 2.7+00000 
342  23:43:58.961 [Thread-5] DEBUG g.s.e.data.gameparser.GameParser - Parsing game XML: /home/sanjana/triplea/downloadedMaps/capture_the_flag/map/games/capture_the_flag.xml
227  23:44:52.990 [main] INFO  o.t.game.client.HeadedGameRunner - Launching game, version: 2.7+00000 
345  23:44:53.108 [Thread-5] DEBUG g.s.e.data.gameparser.GameParser - Parsing game XML: /home/sanjana/triplea/downloadedMaps/capture_the_flag/map/games/capture_the_flag.xml
231  23:45:47.050 [main] INFO  o.t.game.client.HeadedGameRunner - Launching game, version: 2.7+00000 
341  23:45:47.160 [Thread-5] DEBUG g.s.e.data.gameparser.GameParser - Parsing game XML: /home/sanjana/triplea/downloadedMaps/capture_the_flag/map/games/capture_the_flag.xml
253  23:46:43.152 [main] INFO  o.t.game.client.HeadedGameRunner - Launching game, version: 2.7+00000 
363  23:46:43.262 [Thread-5] DEBUG g.s.e.data.gameparser.GameParser - Parsing game XML: /home/sanjana/triplea/downloadedMaps/capture_the_flag/map/games/capture_the_flag.xml
231  23:47:27.256 [main] INFO  o.t.game.client.HeadedGameRunner - Launching game, version: 2.7+00000 
345  23:47:27.370 [Thread-5] DEBUG g.s.e.data.gameparser.GameParser - Parsing game XML: /home/sanjana/triplea/downloadedMaps/capture_the_flag/map/games/capture_the_flag.xml
228  23:48:35.380 [main] INFO  o.t.game.client.HeadedGameRunner - Launching game, version: 2.7+00000 
343  23:48:35.495 [Thread-5] DEBUG g.s.e.data.gameparser.GameParser - Parsing game XML: /home/sanjana/triplea/downloadedMaps/capture_the_flag/map/games/capture_the_flag.xml
219  23:49:25.476 [main] INFO  o.t.game.client.HeadedGameRunner - Launching game, version: 2.7+00000 
332  23:49:25.589 [Thread-5] DEBUG g.s.e.data.gameparser.GameParser - Parsing game XML: /home/sanjana/triplea/downloadedMaps/capture_the_flag/map/games/capture_the_flag.xml
225  23:51:03.581 [main] INFO  o.t.game.client.HeadedGameRunner - Launching game, version: 2.7+00000 
327  23:51:03.683 [Thread-5] DEBUG g.s.e.data.gameparser.GameParser - Parsing game XML: /home/sanjana/triplea/downloadedMaps/capture_the_flag/map/games/capture_the_flag.xml
249  23:51:43.694 [main] INFO  o.t.game.client.HeadedGameRunner - Launching game, version: 2.7+00000 
353  23:51:43.798 [Thread-5] DEBUG g.s.e.data.gameparser.GameParser - Parsing game XML: /home/sanjana/triplea/downloadedMaps/capture_the_flag/map/games/capture_the_flag.xml
222  23:52:33.806 [main] INFO  o.t.game.client.HeadedGameRunner - Launching game, version: 2.7+00000 
334  23:52:33.918 [Thread-5] DEBUG g.s.e.data.gameparser.GameParser - Parsing game XML: /home/sanjana/triplea/downloadedMaps/capture_the_flag/map/games/capture_the_flag.xml
235  23:53:41.905 [main] INFO  o.t.game.client.HeadedGameRunner - Launching game, version: 2.7+00000 
345  23:53:42.015 [Thread-5] DEBUG g.s.e.data.gameparser.GameParser - Parsing game XML: /home/sanjana/triplea/downloadedMaps/capture_the_flag/map/games/capture_the_flag.xml
7557 23:53:49.227 [AWT-EventQueue-0] ERROR o.t.game.client.HeadedGameRunner - Vector Enumeration
java.util.NoSuchElementException: Vector Enumeration
	at java.base/java.util.Vector$1.nextElement(Vector.java:344)
	at java.desktop/javax.swing.tree.DefaultMutableTreeNode$PreorderEnumeration.nextElement(DefaultMutableTreeNode.java:1349)
	at java.desktop/javax.swing.tree.DefaultMutableTreeNode$PreorderEnumeration.nextElement(DefaultMutableTreeNode.java:1333)
	at games.strategy.engine.history.History.getCurrentPlayer(History.java:177)
	at games.strategy.triplea.util.UnitSeparator.getComparatorUnitCategories(UnitSeparator.java:128)
	at games.strategy.triplea.util.UnitSeparator.getSortedUnitCategories(UnitSeparator.java:101)
	at games.strategy.triplea.ui.SimpleUnitPanel.setUnits(SimpleUnitPanel.java:130)
	at games.strategy.triplea.ui.PlacementUnitsCollapsiblePanel.lambda$updateStep$0(PlacementUnitsCollapsiblePanel.java:50)
	at java.desktop/java.awt.event.InvocationEvent.dispatch(InvocationEvent.java:318)
	at java.desktop/java.awt.EventQueue.dispatchEventImpl(EventQueue.java:773)
	at java.desktop/java.awt.EventQueue$4.run(EventQueue.java:720)
	at java.desktop/java.awt.EventQueue$4.run(EventQueue.java:714)
	at java.base/java.security.AccessController.doPrivileged(AccessController.java:400)
	at java.base/java.security.ProtectionDomain$JavaSecurityAccessImpl.doIntersectionPrivilege(ProtectionDomain.java:87)
	at java.desktop/java.awt.EventQueue.dispatchEvent(EventQueue.java:742)
	at java.desktop/java.awt.EventDispatchThread.pumpOneEventForFilters(EventDispatchThread.java:203)
	at java.desktop/java.awt.EventDispatchThread.pumpEventsForFilter(EventDispatchThread.java:124)
	at java.desktop/java.awt.EventDispatchThread.pumpEventsForHierarchy(EventDispatchThread.java:113)
	at java.desktop/java.awt.EventDispatchThread.pumpEvents(EventDispatchThread.java:109)
	at java.desktop/java.awt.EventDispatchThread.pumpEvents(EventDispatchThread.java:101)
	at java.desktop/java.awt.EventDispatchThread.run(EventDispatchThread.java:90)
236  23:54:35.976 [main] INFO  o.t.game.client.HeadedGameRunner - Launching game, version: 2.7+00000 
354  23:54:36.094 [Thread-5] DEBUG g.s.e.data.gameparser.GameParser - Parsing game XML: /home/sanjana/triplea/downloadedMaps/capture_the_flag/map/games/capture_the_flag.xml
241  23:55:18.120 [main] INFO  o.t.game.client.HeadedGameRunner - Launching game, version: 2.7+00000 
359  23:55:18.238 [Thread-5] DEBUG g.s.e.data.gameparser.GameParser - Parsing game XML: /home/sanjana/triplea/downloadedMaps/capture_the_flag/map/games/capture_the_flag.xml
225  23:56:28.255 [main] INFO  o.t.game.client.HeadedGameRunner - Launching game, version: 2.7+00000 
331  23:56:28.361 [Thread-5] DEBUG g.s.e.data.gameparser.GameParser - Parsing game XML: /home/sanjana/triplea/downloadedMaps/capture_the_flag/map/games/capture_the_flag.xml
248  23:57:54.355 [main] INFO  o.t.game.client.HeadedGameRunner - Launching game, version: 2.7+00000 
354  23:57:54.461 [Thread-5] DEBUG g.s.e.data.gameparser.GameParser - Parsing game XML: /home/sanjana/triplea/downloadedMaps/capture_the_flag/map/games/capture_the_flag.xml
245  23:58:50.443 [main] INFO  o.t.game.client.HeadedGameRunner - Launching game, version: 2.7+00000 
351  23:58:50.549 [Thread-5] DEBUG g.s.e.data.gameparser.GameParser - Parsing game XML: /home/sanjana/triplea/downloadedMaps/capture_the_flag/map/games/capture_the_flag.xml
