541  00:01:56.283 [main] INFO  o.t.game.client.HeadedGameRunner - Launching game, version: 2.7+00000 
794  00:01:56.536 [Thread-5] DEBUG g.s.e.data.gameparser.GameParser - Parsing game XML: /storage/home/hcoda1/6/snayak89/triplea/downloadedMaps/capture_the_flag/map/games/capture_the_flag.xml
1845 00:01:57.587 [Thread-6] INFO  org.triplea.sound.ClipPlayer - Unable to create audio device, is there audio on the system? Cannot create AudioDevice
javazoom.jl.decoder.JavaLayerException: Cannot create AudioDevice
	at javazoom.jl.player.FactoryRegistry.createAudioDevice(FactoryRegistry.java:97)
	at org.triplea.sound.ClipPlayer.hasAudio(ClipPlayer.java:144)
	at org.triplea.sound.ClipPlayer.isSoundEnabled(ClipPlayer.java:251)
	at org.triplea.sound.ClipPlayer.play(ClipPlayer.java:220)
	at org.triplea.sound.ClipPlayer.play(ClipPlayer.java:209)
	at games.strategy.engine.framework.startup.mc.HeadedLaunchAction.startGame(HeadedLaunchAction.java:100)
	at games.strategy.triplea.TripleA.startGame(TripleA.java:62)
	at games.strategy.engine.framework.startup.launcher.LocalLauncher.loadGame(LocalLauncher.java:78)
	at games.strategy.engine.framework.startup.launcher.LocalLauncher.launch(LocalLauncher.java:59)
	at games.strategy.engine.framework.startup.ui.panels.main.MainPanelBuilder.lambda$launch$3(MainPanelBuilder.java:65)
	at java.base/java.lang.Thread.run(Thread.java:840)
1899 00:01:57.641 [AWT-EventQueue-0] INFO  org.triplea.sound.ClipPlayer - Unable to create audio device, is there audio on the system? Cannot create AudioDevice
javazoom.jl.decoder.JavaLayerException: Cannot create AudioDevice
	at javazoom.jl.player.FactoryRegistry.createAudioDevice(FactoryRegistry.java:97)
	at org.triplea.sound.ClipPlayer.hasAudio(ClipPlayer.java:144)
	at org.triplea.sound.SoundOptions.buildGlobalSoundSwitchMenuItem(SoundOptions.java:76)
	at games.strategy.triplea.ui.menubar.GameMenu.<init>(GameMenu.java:63)
	at games.strategy.triplea.ui.menubar.TripleAMenuBar.<init>(TripleAMenuBar.java:24)
	at games.strategy.triplea.ui.TripleAFrame.lambda$new$1(TripleAFrame.java:307)
	at java.desktop/java.awt.event.InvocationEvent.dispatch(InvocationEvent.java:318)
	at java.desktop/java.awt.EventQueue.dispatchEventImpl(EventQueue.java:773)
	at java.desktop/java.awt.EventQueue$4.run(EventQueue.java:720)
	at java.desktop/java.awt.EventQueue$4.run(EventQueue.java:714)
	at java.base/java.security.AccessController.doPrivileged(AccessController.java:399)
	at java.base/java.security.ProtectionDomain$JavaSecurityAccessImpl.doIntersectionPrivilege(ProtectionDomain.java:86)
	at java.desktop/java.awt.EventQueue.dispatchEvent(EventQueue.java:742)
	at java.desktop/java.awt.EventDispatchThread.pumpOneEventForFilters(EventDispatchThread.java:203)
	at java.desktop/java.awt.EventDispatchThread.pumpEventsForFilter(EventDispatchThread.java:124)
	at java.desktop/java.awt.EventDispatchThread.pumpEventsForHierarchy(EventDispatchThread.java:113)
	at java.desktop/java.awt.EventDispatchThread.pumpEvents(EventDispatchThread.java:109)
	at java.desktop/java.awt.EventDispatchThread.pumpEvents(EventDispatchThread.java:101)
	at java.desktop/java.awt.EventDispatchThread.run(EventDispatchThread.java:90)
1933 00:01:57.675 [AWT-EventQueue-0] INFO  org.triplea.sound.ClipPlayer - Unable to create audio device, is there audio on the system? Cannot create AudioDevice
javazoom.jl.decoder.JavaLayerException: Cannot create AudioDevice
	at javazoom.jl.player.FactoryRegistry.createAudioDevice(FactoryRegistry.java:97)
	at org.triplea.sound.ClipPlayer.hasAudio(ClipPlayer.java:144)
	at org.triplea.sound.SoundOptions.buildSoundOptionsMenuItem(SoundOptions.java:22)
	at games.strategy.triplea.ui.menubar.GameMenu.<init>(GameMenu.java:64)
	at games.strategy.triplea.ui.menubar.TripleAMenuBar.<init>(TripleAMenuBar.java:24)
	at games.strategy.triplea.ui.TripleAFrame.lambda$new$1(TripleAFrame.java:307)
	at java.desktop/java.awt.event.InvocationEvent.dispatch(InvocationEvent.java:318)
	at java.desktop/java.awt.EventQueue.dispatchEventImpl(EventQueue.java:773)
	at java.desktop/java.awt.EventQueue$4.run(EventQueue.java:720)
	at java.desktop/java.awt.EventQueue$4.run(EventQueue.java:714)
	at java.base/java.security.AccessController.doPrivileged(AccessController.java:399)
	at java.base/java.security.ProtectionDomain$JavaSecurityAccessImpl.doIntersectionPrivilege(ProtectionDomain.java:86)
	at java.desktop/java.awt.EventQueue.dispatchEvent(EventQueue.java:742)
	at java.desktop/java.awt.EventDispatchThread.pumpOneEventForFilters(EventDispatchThread.java:203)
	at java.desktop/java.awt.EventDispatchThread.pumpEventsForFilter(EventDispatchThread.java:124)
	at java.desktop/java.awt.EventDispatchThread.pumpEventsForHierarchy(EventDispatchThread.java:113)
	at java.desktop/java.awt.EventDispatchThread.pumpEvents(EventDispatchThread.java:109)
	at java.desktop/java.awt.EventDispatchThread.pumpEvents(EventDispatchThread.java:101)
	at java.desktop/java.awt.EventDispatchThread.run(EventDispatchThread.java:90)
586  00:05:18.062 [main] INFO  o.t.game.client.HeadedGameRunner - Launching game, version: 2.7+00000 
867  00:05:18.343 [Thread-5] DEBUG g.s.e.data.gameparser.GameParser - Parsing game XML: /storage/home/hcoda1/6/snayak89/triplea/downloadedMaps/capture_the_flag/map/games/capture_the_flag.xml
1947 00:05:19.423 [Thread-6] INFO  org.triplea.sound.ClipPlayer - Unable to create audio device, is there audio on the system? Cannot create AudioDevice
javazoom.jl.decoder.JavaLayerException: Cannot create AudioDevice
	at javazoom.jl.player.FactoryRegistry.createAudioDevice(FactoryRegistry.java:97)
	at org.triplea.sound.ClipPlayer.hasAudio(ClipPlayer.java:144)
	at org.triplea.sound.ClipPlayer.isSoundEnabled(ClipPlayer.java:251)
	at org.triplea.sound.ClipPlayer.play(ClipPlayer.java:220)
	at org.triplea.sound.ClipPlayer.play(ClipPlayer.java:209)
	at games.strategy.engine.framework.startup.mc.HeadedLaunchAction.startGame(HeadedLaunchAction.java:100)
	at games.strategy.triplea.TripleA.startGame(TripleA.java:62)
	at games.strategy.engine.framework.startup.launcher.LocalLauncher.loadGame(LocalLauncher.java:78)
	at games.strategy.engine.framework.startup.launcher.LocalLauncher.launch(LocalLauncher.java:59)
	at games.strategy.engine.framework.startup.ui.panels.main.MainPanelBuilder.lambda$launch$3(MainPanelBuilder.java:65)
	at java.base/java.lang.Thread.run(Thread.java:840)
1992 00:05:19.468 [AWT-EventQueue-0] INFO  org.triplea.sound.ClipPlayer - Unable to create audio device, is there audio on the system? Cannot create AudioDevice
javazoom.jl.decoder.JavaLayerException: Cannot create AudioDevice
	at javazoom.jl.player.FactoryRegistry.createAudioDevice(FactoryRegistry.java:97)
	at org.triplea.sound.ClipPlayer.hasAudio(ClipPlayer.java:144)
	at org.triplea.sound.SoundOptions.buildGlobalSoundSwitchMenuItem(SoundOptions.java:76)
	at games.strategy.triplea.ui.menubar.GameMenu.<init>(GameMenu.java:63)
	at games.strategy.triplea.ui.menubar.TripleAMenuBar.<init>(TripleAMenuBar.java:24)
	at games.strategy.triplea.ui.TripleAFrame.lambda$new$1(TripleAFrame.java:307)
	at java.desktop/java.awt.event.InvocationEvent.dispatch(InvocationEvent.java:318)
	at java.desktop/java.awt.EventQueue.dispatchEventImpl(EventQueue.java:773)
	at java.desktop/java.awt.EventQueue$4.run(EventQueue.java:720)
	at java.desktop/java.awt.EventQueue$4.run(EventQueue.java:714)
	at java.base/java.security.AccessController.doPrivileged(AccessController.java:399)
	at java.base/java.security.ProtectionDomain$JavaSecurityAccessImpl.doIntersectionPrivilege(ProtectionDomain.java:86)
	at java.desktop/java.awt.EventQueue.dispatchEvent(EventQueue.java:742)
	at java.desktop/java.awt.EventDispatchThread.pumpOneEventForFilters(EventDispatchThread.java:203)
	at java.desktop/java.awt.EventDispatchThread.pumpEventsForFilter(EventDispatchThread.java:124)
	at java.desktop/java.awt.EventDispatchThread.pumpEventsForHierarchy(EventDispatchThread.java:113)
	at java.desktop/java.awt.EventDispatchThread.pumpEvents(EventDispatchThread.java:109)
	at java.desktop/java.awt.EventDispatchThread.pumpEvents(EventDispatchThread.java:101)
	at java.desktop/java.awt.EventDispatchThread.run(EventDispatchThread.java:90)
2026 00:05:19.502 [AWT-EventQueue-0] INFO  org.triplea.sound.ClipPlayer - Unable to create audio device, is there audio on the system? Cannot create AudioDevice
javazoom.jl.decoder.JavaLayerException: Cannot create AudioDevice
	at javazoom.jl.player.FactoryRegistry.createAudioDevice(FactoryRegistry.java:97)
	at org.triplea.sound.ClipPlayer.hasAudio(ClipPlayer.java:144)
	at org.triplea.sound.SoundOptions.buildSoundOptionsMenuItem(SoundOptions.java:22)
	at games.strategy.triplea.ui.menubar.GameMenu.<init>(GameMenu.java:64)
	at games.strategy.triplea.ui.menubar.TripleAMenuBar.<init>(TripleAMenuBar.java:24)
	at games.strategy.triplea.ui.TripleAFrame.lambda$new$1(TripleAFrame.java:307)
	at java.desktop/java.awt.event.InvocationEvent.dispatch(InvocationEvent.java:318)
	at java.desktop/java.awt.EventQueue.dispatchEventImpl(EventQueue.java:773)
	at java.desktop/java.awt.EventQueue$4.run(EventQueue.java:720)
	at java.desktop/java.awt.EventQueue$4.run(EventQueue.java:714)
	at java.base/java.security.AccessController.doPrivileged(AccessController.java:399)
	at java.base/java.security.ProtectionDomain$JavaSecurityAccessImpl.doIntersectionPrivilege(ProtectionDomain.java:86)
	at java.desktop/java.awt.EventQueue.dispatchEvent(EventQueue.java:742)
	at java.desktop/java.awt.EventDispatchThread.pumpOneEventForFilters(EventDispatchThread.java:203)
	at java.desktop/java.awt.EventDispatchThread.pumpEventsForFilter(EventDispatchThread.java:124)
	at java.desktop/java.awt.EventDispatchThread.pumpEventsForHierarchy(EventDispatchThread.java:113)
	at java.desktop/java.awt.EventDispatchThread.pumpEvents(EventDispatchThread.java:109)
	at java.desktop/java.awt.EventDispatchThread.pumpEvents(EventDispatchThread.java:101)
	at java.desktop/java.awt.EventDispatchThread.run(EventDispatchThread.java:90)
541  00:07:48.865 [main] INFO  o.t.game.client.HeadedGameRunner - Launching game, version: 2.7+00000 
813  00:07:49.137 [Thread-5] DEBUG g.s.e.data.gameparser.GameParser - Parsing game XML: /storage/home/hcoda1/6/snayak89/triplea/downloadedMaps/capture_the_flag/map/games/capture_the_flag.xml
1959 00:07:50.283 [Thread-6] INFO  org.triplea.sound.ClipPlayer - Unable to create audio device, is there audio on the system? Cannot create AudioDevice
javazoom.jl.decoder.JavaLayerException: Cannot create AudioDevice
	at javazoom.jl.player.FactoryRegistry.createAudioDevice(FactoryRegistry.java:97)
	at org.triplea.sound.ClipPlayer.hasAudio(ClipPlayer.java:144)
	at org.triplea.sound.ClipPlayer.isSoundEnabled(ClipPlayer.java:251)
	at org.triplea.sound.ClipPlayer.play(ClipPlayer.java:220)
	at org.triplea.sound.ClipPlayer.play(ClipPlayer.java:209)
	at games.strategy.engine.framework.startup.mc.HeadedLaunchAction.startGame(HeadedLaunchAction.java:100)
	at games.strategy.triplea.TripleA.startGame(TripleA.java:62)
	at games.strategy.engine.framework.startup.launcher.LocalLauncher.loadGame(LocalLauncher.java:78)
	at games.strategy.engine.framework.startup.launcher.LocalLauncher.launch(LocalLauncher.java:59)
	at games.strategy.engine.framework.startup.ui.panels.main.MainPanelBuilder.lambda$launch$3(MainPanelBuilder.java:65)
	at java.base/java.lang.Thread.run(Thread.java:840)
2007 00:07:50.331 [AWT-EventQueue-0] INFO  org.triplea.sound.ClipPlayer - Unable to create audio device, is there audio on the system? Cannot create AudioDevice
javazoom.jl.decoder.JavaLayerException: Cannot create AudioDevice
	at javazoom.jl.player.FactoryRegistry.createAudioDevice(FactoryRegistry.java:97)
	at org.triplea.sound.ClipPlayer.hasAudio(ClipPlayer.java:144)
	at org.triplea.sound.SoundOptions.buildGlobalSoundSwitchMenuItem(SoundOptions.java:76)
	at games.strategy.triplea.ui.menubar.GameMenu.<init>(GameMenu.java:63)
	at games.strategy.triplea.ui.menubar.TripleAMenuBar.<init>(TripleAMenuBar.java:24)
	at games.strategy.triplea.ui.TripleAFrame.lambda$new$1(TripleAFrame.java:307)
	at java.desktop/java.awt.event.InvocationEvent.dispatch(InvocationEvent.java:318)
	at java.desktop/java.awt.EventQueue.dispatchEventImpl(EventQueue.java:773)
	at java.desktop/java.awt.EventQueue$4.run(EventQueue.java:720)
	at java.desktop/java.awt.EventQueue$4.run(EventQueue.java:714)
	at java.base/java.security.AccessController.doPrivileged(AccessController.java:399)
	at java.base/java.security.ProtectionDomain$JavaSecurityAccessImpl.doIntersectionPrivilege(ProtectionDomain.java:86)
	at java.desktop/java.awt.EventQueue.dispatchEvent(EventQueue.java:742)
	at java.desktop/java.awt.EventDispatchThread.pumpOneEventForFilters(EventDispatchThread.java:203)
	at java.desktop/java.awt.EventDispatchThread.pumpEventsForFilter(EventDispatchThread.java:124)
	at java.desktop/java.awt.EventDispatchThread.pumpEventsForHierarchy(EventDispatchThread.java:113)
	at java.desktop/java.awt.EventDispatchThread.pumpEvents(EventDispatchThread.java:109)
	at java.desktop/java.awt.EventDispatchThread.pumpEvents(EventDispatchThread.java:101)
	at java.desktop/java.awt.EventDispatchThread.run(EventDispatchThread.java:90)
2040 00:07:50.364 [AWT-EventQueue-0] INFO  org.triplea.sound.ClipPlayer - Unable to create audio device, is there audio on the system? Cannot create AudioDevice
javazoom.jl.decoder.JavaLayerException: Cannot create AudioDevice
	at javazoom.jl.player.FactoryRegistry.createAudioDevice(FactoryRegistry.java:97)
	at org.triplea.sound.ClipPlayer.hasAudio(ClipPlayer.java:144)
	at org.triplea.sound.SoundOptions.buildSoundOptionsMenuItem(SoundOptions.java:22)
	at games.strategy.triplea.ui.menubar.GameMenu.<init>(GameMenu.java:64)
	at games.strategy.triplea.ui.menubar.TripleAMenuBar.<init>(TripleAMenuBar.java:24)
	at games.strategy.triplea.ui.TripleAFrame.lambda$new$1(TripleAFrame.java:307)
	at java.desktop/java.awt.event.InvocationEvent.dispatch(InvocationEvent.java:318)
	at java.desktop/java.awt.EventQueue.dispatchEventImpl(EventQueue.java:773)
	at java.desktop/java.awt.EventQueue$4.run(EventQueue.java:720)
	at java.desktop/java.awt.EventQueue$4.run(EventQueue.java:714)
	at java.base/java.security.AccessController.doPrivileged(AccessController.java:399)
	at java.base/java.security.ProtectionDomain$JavaSecurityAccessImpl.doIntersectionPrivilege(ProtectionDomain.java:86)
	at java.desktop/java.awt.EventQueue.dispatchEvent(EventQueue.java:742)
	at java.desktop/java.awt.EventDispatchThread.pumpOneEventForFilters(EventDispatchThread.java:203)
	at java.desktop/java.awt.EventDispatchThread.pumpEventsForFilter(EventDispatchThread.java:124)
	at java.desktop/java.awt.EventDispatchThread.pumpEventsForHierarchy(EventDispatchThread.java:113)
	at java.desktop/java.awt.EventDispatchThread.pumpEvents(EventDispatchThread.java:109)
	at java.desktop/java.awt.EventDispatchThread.pumpEvents(EventDispatchThread.java:101)
	at java.desktop/java.awt.EventDispatchThread.run(EventDispatchThread.java:90)
619  00:11:58.139 [main] INFO  o.t.game.client.HeadedGameRunner - Launching game, version: 2.7+00000 
889  00:11:58.409 [Thread-5] DEBUG g.s.e.data.gameparser.GameParser - Parsing game XML: /storage/home/hcoda1/6/snayak89/triplea/downloadedMaps/capture_the_flag/map/games/capture_the_flag.xml
1965 00:11:59.485 [Thread-6] INFO  org.triplea.sound.ClipPlayer - Unable to create audio device, is there audio on the system? Cannot create AudioDevice
javazoom.jl.decoder.JavaLayerException: Cannot create AudioDevice
	at javazoom.jl.player.FactoryRegistry.createAudioDevice(FactoryRegistry.java:97)
	at org.triplea.sound.ClipPlayer.hasAudio(ClipPlayer.java:144)
	at org.triplea.sound.ClipPlayer.isSoundEnabled(ClipPlayer.java:251)
	at org.triplea.sound.ClipPlayer.play(ClipPlayer.java:220)
	at org.triplea.sound.ClipPlayer.play(ClipPlayer.java:209)
	at games.strategy.engine.framework.startup.mc.HeadedLaunchAction.startGame(HeadedLaunchAction.java:100)
	at games.strategy.triplea.TripleA.startGame(TripleA.java:62)
	at games.strategy.engine.framework.startup.launcher.LocalLauncher.loadGame(LocalLauncher.java:78)
	at games.strategy.engine.framework.startup.launcher.LocalLauncher.launch(LocalLauncher.java:59)
	at games.strategy.engine.framework.startup.ui.panels.main.MainPanelBuilder.lambda$launch$3(MainPanelBuilder.java:65)
	at java.base/java.lang.Thread.run(Thread.java:840)
2008 00:11:59.528 [AWT-EventQueue-0] INFO  org.triplea.sound.ClipPlayer - Unable to create audio device, is there audio on the system? Cannot create AudioDevice
javazoom.jl.decoder.JavaLayerException: Cannot create AudioDevice
	at javazoom.jl.player.FactoryRegistry.createAudioDevice(FactoryRegistry.java:97)
	at org.triplea.sound.ClipPlayer.hasAudio(ClipPlayer.java:144)
	at org.triplea.sound.SoundOptions.buildGlobalSoundSwitchMenuItem(SoundOptions.java:76)
	at games.strategy.triplea.ui.menubar.GameMenu.<init>(GameMenu.java:63)
	at games.strategy.triplea.ui.menubar.TripleAMenuBar.<init>(TripleAMenuBar.java:24)
	at games.strategy.triplea.ui.TripleAFrame.lambda$new$1(TripleAFrame.java:307)
	at java.desktop/java.awt.event.InvocationEvent.dispatch(InvocationEvent.java:318)
	at java.desktop/java.awt.EventQueue.dispatchEventImpl(EventQueue.java:773)
	at java.desktop/java.awt.EventQueue$4.run(EventQueue.java:720)
	at java.desktop/java.awt.EventQueue$4.run(EventQueue.java:714)
	at java.base/java.security.AccessController.doPrivileged(AccessController.java:399)
	at java.base/java.security.ProtectionDomain$JavaSecurityAccessImpl.doIntersectionPrivilege(ProtectionDomain.java:86)
	at java.desktop/java.awt.EventQueue.dispatchEvent(EventQueue.java:742)
	at java.desktop/java.awt.EventDispatchThread.pumpOneEventForFilters(EventDispatchThread.java:203)
	at java.desktop/java.awt.EventDispatchThread.pumpEventsForFilter(EventDispatchThread.java:124)
	at java.desktop/java.awt.EventDispatchThread.pumpEventsForHierarchy(EventDispatchThread.java:113)
	at java.desktop/java.awt.EventDispatchThread.pumpEvents(EventDispatchThread.java:109)
	at java.desktop/java.awt.EventDispatchThread.pumpEvents(EventDispatchThread.java:101)
	at java.desktop/java.awt.EventDispatchThread.run(EventDispatchThread.java:90)
2042 00:11:59.562 [AWT-EventQueue-0] INFO  org.triplea.sound.ClipPlayer - Unable to create audio device, is there audio on the system? Cannot create AudioDevice
javazoom.jl.decoder.JavaLayerException: Cannot create AudioDevice
	at javazoom.jl.player.FactoryRegistry.createAudioDevice(FactoryRegistry.java:97)
	at org.triplea.sound.ClipPlayer.hasAudio(ClipPlayer.java:144)
	at org.triplea.sound.SoundOptions.buildSoundOptionsMenuItem(SoundOptions.java:22)
	at games.strategy.triplea.ui.menubar.GameMenu.<init>(GameMenu.java:64)
	at games.strategy.triplea.ui.menubar.TripleAMenuBar.<init>(TripleAMenuBar.java:24)
	at games.strategy.triplea.ui.TripleAFrame.lambda$new$1(TripleAFrame.java:307)
	at java.desktop/java.awt.event.InvocationEvent.dispatch(InvocationEvent.java:318)
	at java.desktop/java.awt.EventQueue.dispatchEventImpl(EventQueue.java:773)
	at java.desktop/java.awt.EventQueue$4.run(EventQueue.java:720)
	at java.desktop/java.awt.EventQueue$4.run(EventQueue.java:714)
	at java.base/java.security.AccessController.doPrivileged(AccessController.java:399)
	at java.base/java.security.ProtectionDomain$JavaSecurityAccessImpl.doIntersectionPrivilege(ProtectionDomain.java:86)
	at java.desktop/java.awt.EventQueue.dispatchEvent(EventQueue.java:742)
	at java.desktop/java.awt.EventDispatchThread.pumpOneEventForFilters(EventDispatchThread.java:203)
	at java.desktop/java.awt.EventDispatchThread.pumpEventsForFilter(EventDispatchThread.java:124)
	at java.desktop/java.awt.EventDispatchThread.pumpEventsForHierarchy(EventDispatchThread.java:113)
	at java.desktop/java.awt.EventDispatchThread.pumpEvents(EventDispatchThread.java:109)
	at java.desktop/java.awt.EventDispatchThread.pumpEvents(EventDispatchThread.java:101)
	at java.desktop/java.awt.EventDispatchThread.run(EventDispatchThread.java:90)
581  00:14:00.810 [main] INFO  o.t.game.client.HeadedGameRunner - Launching game, version: 2.7+00000 
841  00:14:01.070 [Thread-5] DEBUG g.s.e.data.gameparser.GameParser - Parsing game XML: /storage/home/hcoda1/6/snayak89/triplea/downloadedMaps/capture_the_flag/map/games/capture_the_flag.xml
2063 00:14:02.292 [Thread-6] INFO  org.triplea.sound.ClipPlayer - Unable to create audio device, is there audio on the system? Cannot create AudioDevice
javazoom.jl.decoder.JavaLayerException: Cannot create AudioDevice
	at javazoom.jl.player.FactoryRegistry.createAudioDevice(FactoryRegistry.java:97)
	at org.triplea.sound.ClipPlayer.hasAudio(ClipPlayer.java:144)
	at org.triplea.sound.ClipPlayer.isSoundEnabled(ClipPlayer.java:251)
	at org.triplea.sound.ClipPlayer.play(ClipPlayer.java:220)
	at org.triplea.sound.ClipPlayer.play(ClipPlayer.java:209)
	at games.strategy.engine.framework.startup.mc.HeadedLaunchAction.startGame(HeadedLaunchAction.java:100)
	at games.strategy.triplea.TripleA.startGame(TripleA.java:62)
	at games.strategy.engine.framework.startup.launcher.LocalLauncher.loadGame(LocalLauncher.java:78)
	at games.strategy.engine.framework.startup.launcher.LocalLauncher.launch(LocalLauncher.java:59)
	at games.strategy.engine.framework.startup.ui.panels.main.MainPanelBuilder.lambda$launch$3(MainPanelBuilder.java:65)
	at java.base/java.lang.Thread.run(Thread.java:840)
2119 00:14:02.348 [AWT-EventQueue-0] INFO  org.triplea.sound.ClipPlayer - Unable to create audio device, is there audio on the system? Cannot create AudioDevice
javazoom.jl.decoder.JavaLayerException: Cannot create AudioDevice
	at javazoom.jl.player.FactoryRegistry.createAudioDevice(FactoryRegistry.java:97)
	at org.triplea.sound.ClipPlayer.hasAudio(ClipPlayer.java:144)
	at org.triplea.sound.SoundOptions.buildGlobalSoundSwitchMenuItem(SoundOptions.java:76)
	at games.strategy.triplea.ui.menubar.GameMenu.<init>(GameMenu.java:63)
	at games.strategy.triplea.ui.menubar.TripleAMenuBar.<init>(TripleAMenuBar.java:24)
	at games.strategy.triplea.ui.TripleAFrame.lambda$new$1(TripleAFrame.java:307)
	at java.desktop/java.awt.event.InvocationEvent.dispatch(InvocationEvent.java:318)
	at java.desktop/java.awt.EventQueue.dispatchEventImpl(EventQueue.java:773)
	at java.desktop/java.awt.EventQueue$4.run(EventQueue.java:720)
	at java.desktop/java.awt.EventQueue$4.run(EventQueue.java:714)
	at java.base/java.security.AccessController.doPrivileged(AccessController.java:399)
	at java.base/java.security.ProtectionDomain$JavaSecurityAccessImpl.doIntersectionPrivilege(ProtectionDomain.java:86)
	at java.desktop/java.awt.EventQueue.dispatchEvent(EventQueue.java:742)
	at java.desktop/java.awt.EventDispatchThread.pumpOneEventForFilters(EventDispatchThread.java:203)
	at java.desktop/java.awt.EventDispatchThread.pumpEventsForFilter(EventDispatchThread.java:124)
	at java.desktop/java.awt.EventDispatchThread.pumpEventsForHierarchy(EventDispatchThread.java:113)
	at java.desktop/java.awt.EventDispatchThread.pumpEvents(EventDispatchThread.java:109)
	at java.desktop/java.awt.EventDispatchThread.pumpEvents(EventDispatchThread.java:101)
	at java.desktop/java.awt.EventDispatchThread.run(EventDispatchThread.java:90)
2151 00:14:02.380 [AWT-EventQueue-0] INFO  org.triplea.sound.ClipPlayer - Unable to create audio device, is there audio on the system? Cannot create AudioDevice
javazoom.jl.decoder.JavaLayerException: Cannot create AudioDevice
	at javazoom.jl.player.FactoryRegistry.createAudioDevice(FactoryRegistry.java:97)
	at org.triplea.sound.ClipPlayer.hasAudio(ClipPlayer.java:144)
	at org.triplea.sound.SoundOptions.buildSoundOptionsMenuItem(SoundOptions.java:22)
	at games.strategy.triplea.ui.menubar.GameMenu.<init>(GameMenu.java:64)
	at games.strategy.triplea.ui.menubar.TripleAMenuBar.<init>(TripleAMenuBar.java:24)
	at games.strategy.triplea.ui.TripleAFrame.lambda$new$1(TripleAFrame.java:307)
	at java.desktop/java.awt.event.InvocationEvent.dispatch(InvocationEvent.java:318)
	at java.desktop/java.awt.EventQueue.dispatchEventImpl(EventQueue.java:773)
	at java.desktop/java.awt.EventQueue$4.run(EventQueue.java:720)
	at java.desktop/java.awt.EventQueue$4.run(EventQueue.java:714)
	at java.base/java.security.AccessController.doPrivileged(AccessController.java:399)
	at java.base/java.security.ProtectionDomain$JavaSecurityAccessImpl.doIntersectionPrivilege(ProtectionDomain.java:86)
	at java.desktop/java.awt.EventQueue.dispatchEvent(EventQueue.java:742)
	at java.desktop/java.awt.EventDispatchThread.pumpOneEventForFilters(EventDispatchThread.java:203)
	at java.desktop/java.awt.EventDispatchThread.pumpEventsForFilter(EventDispatchThread.java:124)
	at java.desktop/java.awt.EventDispatchThread.pumpEventsForHierarchy(EventDispatchThread.java:113)
	at java.desktop/java.awt.EventDispatchThread.pumpEvents(EventDispatchThread.java:109)
	at java.desktop/java.awt.EventDispatchThread.pumpEvents(EventDispatchThread.java:101)
	at java.desktop/java.awt.EventDispatchThread.run(EventDispatchThread.java:90)
526  00:16:10.943 [main] INFO  o.t.game.client.HeadedGameRunner - Launching game, version: 2.7+00000 
820  00:16:11.237 [Thread-5] DEBUG g.s.e.data.gameparser.GameParser - Parsing game XML: /storage/home/hcoda1/6/snayak89/triplea/downloadedMaps/capture_the_flag/map/games/capture_the_flag.xml
2326 00:16:12.743 [Thread-6] INFO  org.triplea.sound.ClipPlayer - Unable to create audio device, is there audio on the system? Cannot create AudioDevice
javazoom.jl.decoder.JavaLayerException: Cannot create AudioDevice
	at javazoom.jl.player.FactoryRegistry.createAudioDevice(FactoryRegistry.java:97)
	at org.triplea.sound.ClipPlayer.hasAudio(ClipPlayer.java:144)
	at org.triplea.sound.ClipPlayer.isSoundEnabled(ClipPlayer.java:251)
	at org.triplea.sound.ClipPlayer.play(ClipPlayer.java:220)
	at org.triplea.sound.ClipPlayer.play(ClipPlayer.java:209)
	at games.strategy.engine.framework.startup.mc.HeadedLaunchAction.startGame(HeadedLaunchAction.java:100)
	at games.strategy.triplea.TripleA.startGame(TripleA.java:62)
	at games.strategy.engine.framework.startup.launcher.LocalLauncher.loadGame(LocalLauncher.java:78)
	at games.strategy.engine.framework.startup.launcher.LocalLauncher.launch(LocalLauncher.java:59)
	at games.strategy.engine.framework.startup.ui.panels.main.MainPanelBuilder.lambda$launch$3(MainPanelBuilder.java:65)
	at java.base/java.lang.Thread.run(Thread.java:840)
2363 00:16:12.780 [AWT-EventQueue-0] INFO  org.triplea.sound.ClipPlayer - Unable to create audio device, is there audio on the system? Cannot create AudioDevice
javazoom.jl.decoder.JavaLayerException: Cannot create AudioDevice
	at javazoom.jl.player.FactoryRegistry.createAudioDevice(FactoryRegistry.java:97)
	at org.triplea.sound.ClipPlayer.hasAudio(ClipPlayer.java:144)
	at org.triplea.sound.SoundOptions.buildGlobalSoundSwitchMenuItem(SoundOptions.java:76)
	at games.strategy.triplea.ui.menubar.GameMenu.<init>(GameMenu.java:63)
	at games.strategy.triplea.ui.menubar.TripleAMenuBar.<init>(TripleAMenuBar.java:24)
	at games.strategy.triplea.ui.TripleAFrame.lambda$new$1(TripleAFrame.java:307)
	at java.desktop/java.awt.event.InvocationEvent.dispatch(InvocationEvent.java:318)
	at java.desktop/java.awt.EventQueue.dispatchEventImpl(EventQueue.java:773)
	at java.desktop/java.awt.EventQueue$4.run(EventQueue.java:720)
	at java.desktop/java.awt.EventQueue$4.run(EventQueue.java:714)
	at java.base/java.security.AccessController.doPrivileged(AccessController.java:399)
	at java.base/java.security.ProtectionDomain$JavaSecurityAccessImpl.doIntersectionPrivilege(ProtectionDomain.java:86)
	at java.desktop/java.awt.EventQueue.dispatchEvent(EventQueue.java:742)
	at java.desktop/java.awt.EventDispatchThread.pumpOneEventForFilters(EventDispatchThread.java:203)
	at java.desktop/java.awt.EventDispatchThread.pumpEventsForFilter(EventDispatchThread.java:124)
	at java.desktop/java.awt.EventDispatchThread.pumpEventsForHierarchy(EventDispatchThread.java:113)
	at java.desktop/java.awt.EventDispatchThread.pumpEvents(EventDispatchThread.java:109)
	at java.desktop/java.awt.EventDispatchThread.pumpEvents(EventDispatchThread.java:101)
	at java.desktop/java.awt.EventDispatchThread.run(EventDispatchThread.java:90)
2395 00:16:12.812 [AWT-EventQueue-0] INFO  org.triplea.sound.ClipPlayer - Unable to create audio device, is there audio on the system? Cannot create AudioDevice
javazoom.jl.decoder.JavaLayerException: Cannot create AudioDevice
	at javazoom.jl.player.FactoryRegistry.createAudioDevice(FactoryRegistry.java:97)
	at org.triplea.sound.ClipPlayer.hasAudio(ClipPlayer.java:144)
	at org.triplea.sound.SoundOptions.buildSoundOptionsMenuItem(SoundOptions.java:22)
	at games.strategy.triplea.ui.menubar.GameMenu.<init>(GameMenu.java:64)
	at games.strategy.triplea.ui.menubar.TripleAMenuBar.<init>(TripleAMenuBar.java:24)
	at games.strategy.triplea.ui.TripleAFrame.lambda$new$1(TripleAFrame.java:307)
	at java.desktop/java.awt.event.InvocationEvent.dispatch(InvocationEvent.java:318)
	at java.desktop/java.awt.EventQueue.dispatchEventImpl(EventQueue.java:773)
	at java.desktop/java.awt.EventQueue$4.run(EventQueue.java:720)
	at java.desktop/java.awt.EventQueue$4.run(EventQueue.java:714)
	at java.base/java.security.AccessController.doPrivileged(AccessController.java:399)
	at java.base/java.security.ProtectionDomain$JavaSecurityAccessImpl.doIntersectionPrivilege(ProtectionDomain.java:86)
	at java.desktop/java.awt.EventQueue.dispatchEvent(EventQueue.java:742)
	at java.desktop/java.awt.EventDispatchThread.pumpOneEventForFilters(EventDispatchThread.java:203)
	at java.desktop/java.awt.EventDispatchThread.pumpEventsForFilter(EventDispatchThread.java:124)
	at java.desktop/java.awt.EventDispatchThread.pumpEventsForHierarchy(EventDispatchThread.java:113)
	at java.desktop/java.awt.EventDispatchThread.pumpEvents(EventDispatchThread.java:109)
	at java.desktop/java.awt.EventDispatchThread.pumpEvents(EventDispatchThread.java:101)
	at java.desktop/java.awt.EventDispatchThread.run(EventDispatchThread.java:90)
592  00:18:21.977 [main] INFO  o.t.game.client.HeadedGameRunner - Launching game, version: 2.7+00000 
848  00:18:22.233 [Thread-5] DEBUG g.s.e.data.gameparser.GameParser - Parsing game XML: /storage/home/hcoda1/6/snayak89/triplea/downloadedMaps/capture_the_flag/map/games/capture_the_flag.xml
1945 00:18:23.330 [Thread-6] INFO  org.triplea.sound.ClipPlayer - Unable to create audio device, is there audio on the system? Cannot create AudioDevice
javazoom.jl.decoder.JavaLayerException: Cannot create AudioDevice
	at javazoom.jl.player.FactoryRegistry.createAudioDevice(FactoryRegistry.java:97)
	at org.triplea.sound.ClipPlayer.hasAudio(ClipPlayer.java:144)
	at org.triplea.sound.ClipPlayer.isSoundEnabled(ClipPlayer.java:251)
	at org.triplea.sound.ClipPlayer.play(ClipPlayer.java:220)
	at org.triplea.sound.ClipPlayer.play(ClipPlayer.java:209)
	at games.strategy.engine.framework.startup.mc.HeadedLaunchAction.startGame(HeadedLaunchAction.java:100)
	at games.strategy.triplea.TripleA.startGame(TripleA.java:62)
	at games.strategy.engine.framework.startup.launcher.LocalLauncher.loadGame(LocalLauncher.java:78)
	at games.strategy.engine.framework.startup.launcher.LocalLauncher.launch(LocalLauncher.java:59)
	at games.strategy.engine.framework.startup.ui.panels.main.MainPanelBuilder.lambda$launch$3(MainPanelBuilder.java:65)
	at java.base/java.lang.Thread.run(Thread.java:840)
1979 00:18:23.364 [AWT-EventQueue-0] INFO  org.triplea.sound.ClipPlayer - Unable to create audio device, is there audio on the system? Cannot create AudioDevice
javazoom.jl.decoder.JavaLayerException: Cannot create AudioDevice
	at javazoom.jl.player.FactoryRegistry.createAudioDevice(FactoryRegistry.java:97)
	at org.triplea.sound.ClipPlayer.hasAudio(ClipPlayer.java:144)
	at org.triplea.sound.SoundOptions.buildGlobalSoundSwitchMenuItem(SoundOptions.java:76)
	at games.strategy.triplea.ui.menubar.GameMenu.<init>(GameMenu.java:63)
	at games.strategy.triplea.ui.menubar.TripleAMenuBar.<init>(TripleAMenuBar.java:24)
	at games.strategy.triplea.ui.TripleAFrame.lambda$new$1(TripleAFrame.java:307)
	at java.desktop/java.awt.event.InvocationEvent.dispatch(InvocationEvent.java:318)
	at java.desktop/java.awt.EventQueue.dispatchEventImpl(EventQueue.java:773)
	at java.desktop/java.awt.EventQueue$4.run(EventQueue.java:720)
	at java.desktop/java.awt.EventQueue$4.run(EventQueue.java:714)
	at java.base/java.security.AccessController.doPrivileged(AccessController.java:399)
	at java.base/java.security.ProtectionDomain$JavaSecurityAccessImpl.doIntersectionPrivilege(ProtectionDomain.java:86)
	at java.desktop/java.awt.EventQueue.dispatchEvent(EventQueue.java:742)
	at java.desktop/java.awt.EventDispatchThread.pumpOneEventForFilters(EventDispatchThread.java:203)
	at java.desktop/java.awt.EventDispatchThread.pumpEventsForFilter(EventDispatchThread.java:124)
	at java.desktop/java.awt.EventDispatchThread.pumpEventsForHierarchy(EventDispatchThread.java:113)
	at java.desktop/java.awt.EventDispatchThread.pumpEvents(EventDispatchThread.java:109)
	at java.desktop/java.awt.EventDispatchThread.pumpEvents(EventDispatchThread.java:101)
	at java.desktop/java.awt.EventDispatchThread.run(EventDispatchThread.java:90)
2013 00:18:23.398 [AWT-EventQueue-0] INFO  org.triplea.sound.ClipPlayer - Unable to create audio device, is there audio on the system? Cannot create AudioDevice
javazoom.jl.decoder.JavaLayerException: Cannot create AudioDevice
	at javazoom.jl.player.FactoryRegistry.createAudioDevice(FactoryRegistry.java:97)
	at org.triplea.sound.ClipPlayer.hasAudio(ClipPlayer.java:144)
	at org.triplea.sound.SoundOptions.buildSoundOptionsMenuItem(SoundOptions.java:22)
	at games.strategy.triplea.ui.menubar.GameMenu.<init>(GameMenu.java:64)
	at games.strategy.triplea.ui.menubar.TripleAMenuBar.<init>(TripleAMenuBar.java:24)
	at games.strategy.triplea.ui.TripleAFrame.lambda$new$1(TripleAFrame.java:307)
	at java.desktop/java.awt.event.InvocationEvent.dispatch(InvocationEvent.java:318)
	at java.desktop/java.awt.EventQueue.dispatchEventImpl(EventQueue.java:773)
	at java.desktop/java.awt.EventQueue$4.run(EventQueue.java:720)
	at java.desktop/java.awt.EventQueue$4.run(EventQueue.java:714)
	at java.base/java.security.AccessController.doPrivileged(AccessController.java:399)
	at java.base/java.security.ProtectionDomain$JavaSecurityAccessImpl.doIntersectionPrivilege(ProtectionDomain.java:86)
	at java.desktop/java.awt.EventQueue.dispatchEvent(EventQueue.java:742)
	at java.desktop/java.awt.EventDispatchThread.pumpOneEventForFilters(EventDispatchThread.java:203)
	at java.desktop/java.awt.EventDispatchThread.pumpEventsForFilter(EventDispatchThread.java:124)
	at java.desktop/java.awt.EventDispatchThread.pumpEventsForHierarchy(EventDispatchThread.java:113)
	at java.desktop/java.awt.EventDispatchThread.pumpEvents(EventDispatchThread.java:109)
	at java.desktop/java.awt.EventDispatchThread.pumpEvents(EventDispatchThread.java:101)
	at java.desktop/java.awt.EventDispatchThread.run(EventDispatchThread.java:90)
523  00:20:07.715 [main] INFO  o.t.game.client.HeadedGameRunner - Launching game, version: 2.7+00000 
789  00:20:07.981 [Thread-5] DEBUG g.s.e.data.gameparser.GameParser - Parsing game XML: /storage/home/hcoda1/6/snayak89/triplea/downloadedMaps/capture_the_flag/map/games/capture_the_flag.xml
1811 00:20:09.003 [Thread-6] INFO  org.triplea.sound.ClipPlayer - Unable to create audio device, is there audio on the system? Cannot create AudioDevice
javazoom.jl.decoder.JavaLayerException: Cannot create AudioDevice
	at javazoom.jl.player.FactoryRegistry.createAudioDevice(FactoryRegistry.java:97)
	at org.triplea.sound.ClipPlayer.hasAudio(ClipPlayer.java:144)
	at org.triplea.sound.ClipPlayer.isSoundEnabled(ClipPlayer.java:251)
	at org.triplea.sound.ClipPlayer.play(ClipPlayer.java:220)
	at org.triplea.sound.ClipPlayer.play(ClipPlayer.java:209)
	at games.strategy.engine.framework.startup.mc.HeadedLaunchAction.startGame(HeadedLaunchAction.java:100)
	at games.strategy.triplea.TripleA.startGame(TripleA.java:62)
	at games.strategy.engine.framework.startup.launcher.LocalLauncher.loadGame(LocalLauncher.java:78)
	at games.strategy.engine.framework.startup.launcher.LocalLauncher.launch(LocalLauncher.java:59)
	at games.strategy.engine.framework.startup.ui.panels.main.MainPanelBuilder.lambda$launch$3(MainPanelBuilder.java:65)
	at java.base/java.lang.Thread.run(Thread.java:840)
1863 00:20:09.055 [AWT-EventQueue-0] INFO  org.triplea.sound.ClipPlayer - Unable to create audio device, is there audio on the system? Cannot create AudioDevice
javazoom.jl.decoder.JavaLayerException: Cannot create AudioDevice
	at javazoom.jl.player.FactoryRegistry.createAudioDevice(FactoryRegistry.java:97)
	at org.triplea.sound.ClipPlayer.hasAudio(ClipPlayer.java:144)
	at org.triplea.sound.SoundOptions.buildGlobalSoundSwitchMenuItem(SoundOptions.java:76)
	at games.strategy.triplea.ui.menubar.GameMenu.<init>(GameMenu.java:63)
	at games.strategy.triplea.ui.menubar.TripleAMenuBar.<init>(TripleAMenuBar.java:24)
	at games.strategy.triplea.ui.TripleAFrame.lambda$new$1(TripleAFrame.java:307)
	at java.desktop/java.awt.event.InvocationEvent.dispatch(InvocationEvent.java:318)
	at java.desktop/java.awt.EventQueue.dispatchEventImpl(EventQueue.java:773)
	at java.desktop/java.awt.EventQueue$4.run(EventQueue.java:720)
	at java.desktop/java.awt.EventQueue$4.run(EventQueue.java:714)
	at java.base/java.security.AccessController.doPrivileged(AccessController.java:399)
	at java.base/java.security.ProtectionDomain$JavaSecurityAccessImpl.doIntersectionPrivilege(ProtectionDomain.java:86)
	at java.desktop/java.awt.EventQueue.dispatchEvent(EventQueue.java:742)
	at java.desktop/java.awt.EventDispatchThread.pumpOneEventForFilters(EventDispatchThread.java:203)
	at java.desktop/java.awt.EventDispatchThread.pumpEventsForFilter(EventDispatchThread.java:124)
	at java.desktop/java.awt.EventDispatchThread.pumpEventsForHierarchy(EventDispatchThread.java:113)
	at java.desktop/java.awt.EventDispatchThread.pumpEvents(EventDispatchThread.java:109)
	at java.desktop/java.awt.EventDispatchThread.pumpEvents(EventDispatchThread.java:101)
	at java.desktop/java.awt.EventDispatchThread.run(EventDispatchThread.java:90)
1895 00:20:09.087 [AWT-EventQueue-0] INFO  org.triplea.sound.ClipPlayer - Unable to create audio device, is there audio on the system? Cannot create AudioDevice
javazoom.jl.decoder.JavaLayerException: Cannot create AudioDevice
	at javazoom.jl.player.FactoryRegistry.createAudioDevice(FactoryRegistry.java:97)
	at org.triplea.sound.ClipPlayer.hasAudio(ClipPlayer.java:144)
	at org.triplea.sound.SoundOptions.buildSoundOptionsMenuItem(SoundOptions.java:22)
	at games.strategy.triplea.ui.menubar.GameMenu.<init>(GameMenu.java:64)
	at games.strategy.triplea.ui.menubar.TripleAMenuBar.<init>(TripleAMenuBar.java:24)
	at games.strategy.triplea.ui.TripleAFrame.lambda$new$1(TripleAFrame.java:307)
	at java.desktop/java.awt.event.InvocationEvent.dispatch(InvocationEvent.java:318)
	at java.desktop/java.awt.EventQueue.dispatchEventImpl(EventQueue.java:773)
	at java.desktop/java.awt.EventQueue$4.run(EventQueue.java:720)
	at java.desktop/java.awt.EventQueue$4.run(EventQueue.java:714)
	at java.base/java.security.AccessController.doPrivileged(AccessController.java:399)
	at java.base/java.security.ProtectionDomain$JavaSecurityAccessImpl.doIntersectionPrivilege(ProtectionDomain.java:86)
	at java.desktop/java.awt.EventQueue.dispatchEvent(EventQueue.java:742)
	at java.desktop/java.awt.EventDispatchThread.pumpOneEventForFilters(EventDispatchThread.java:203)
	at java.desktop/java.awt.EventDispatchThread.pumpEventsForFilter(EventDispatchThread.java:124)
	at java.desktop/java.awt.EventDispatchThread.pumpEventsForHierarchy(EventDispatchThread.java:113)
	at java.desktop/java.awt.EventDispatchThread.pumpEvents(EventDispatchThread.java:109)
	at java.desktop/java.awt.EventDispatchThread.pumpEvents(EventDispatchThread.java:101)
	at java.desktop/java.awt.EventDispatchThread.run(EventDispatchThread.java:90)
514  00:21:22.755 [main] INFO  o.t.game.client.HeadedGameRunner - Launching game, version: 2.7+00000 
778  00:21:23.019 [Thread-5] DEBUG g.s.e.data.gameparser.GameParser - Parsing game XML: /storage/home/hcoda1/6/snayak89/triplea/downloadedMaps/capture_the_flag/map/games/capture_the_flag.xml
2046 00:21:24.287 [Thread-6] INFO  org.triplea.sound.ClipPlayer - Unable to create audio device, is there audio on the system? Cannot create AudioDevice
javazoom.jl.decoder.JavaLayerException: Cannot create AudioDevice
	at javazoom.jl.player.FactoryRegistry.createAudioDevice(FactoryRegistry.java:97)
	at org.triplea.sound.ClipPlayer.hasAudio(ClipPlayer.java:144)
	at org.triplea.sound.ClipPlayer.isSoundEnabled(ClipPlayer.java:251)
	at org.triplea.sound.ClipPlayer.play(ClipPlayer.java:220)
	at org.triplea.sound.ClipPlayer.play(ClipPlayer.java:209)
	at games.strategy.engine.framework.startup.mc.HeadedLaunchAction.startGame(HeadedLaunchAction.java:100)
	at games.strategy.triplea.TripleA.startGame(TripleA.java:62)
	at games.strategy.engine.framework.startup.launcher.LocalLauncher.loadGame(LocalLauncher.java:78)
	at games.strategy.engine.framework.startup.launcher.LocalLauncher.launch(LocalLauncher.java:59)
	at games.strategy.engine.framework.startup.ui.panels.main.MainPanelBuilder.lambda$launch$3(MainPanelBuilder.java:65)
	at java.base/java.lang.Thread.run(Thread.java:840)
2078 00:21:24.319 [AWT-EventQueue-0] INFO  org.triplea.sound.ClipPlayer - Unable to create audio device, is there audio on the system? Cannot create AudioDevice
javazoom.jl.decoder.JavaLayerException: Cannot create AudioDevice
	at javazoom.jl.player.FactoryRegistry.createAudioDevice(FactoryRegistry.java:97)
	at org.triplea.sound.ClipPlayer.hasAudio(ClipPlayer.java:144)
	at org.triplea.sound.SoundOptions.buildGlobalSoundSwitchMenuItem(SoundOptions.java:76)
	at games.strategy.triplea.ui.menubar.GameMenu.<init>(GameMenu.java:63)
	at games.strategy.triplea.ui.menubar.TripleAMenuBar.<init>(TripleAMenuBar.java:24)
	at games.strategy.triplea.ui.TripleAFrame.lambda$new$1(TripleAFrame.java:307)
	at java.desktop/java.awt.event.InvocationEvent.dispatch(InvocationEvent.java:318)
	at java.desktop/java.awt.EventQueue.dispatchEventImpl(EventQueue.java:773)
	at java.desktop/java.awt.EventQueue$4.run(EventQueue.java:720)
	at java.desktop/java.awt.EventQueue$4.run(EventQueue.java:714)
	at java.base/java.security.AccessController.doPrivileged(AccessController.java:399)
	at java.base/java.security.ProtectionDomain$JavaSecurityAccessImpl.doIntersectionPrivilege(ProtectionDomain.java:86)
	at java.desktop/java.awt.EventQueue.dispatchEvent(EventQueue.java:742)
	at java.desktop/java.awt.EventDispatchThread.pumpOneEventForFilters(EventDispatchThread.java:203)
	at java.desktop/java.awt.EventDispatchThread.pumpEventsForFilter(EventDispatchThread.java:124)
	at java.desktop/java.awt.EventDispatchThread.pumpEventsForHierarchy(EventDispatchThread.java:113)
	at java.desktop/java.awt.EventDispatchThread.pumpEvents(EventDispatchThread.java:109)
	at java.desktop/java.awt.EventDispatchThread.pumpEvents(EventDispatchThread.java:101)
	at java.desktop/java.awt.EventDispatchThread.run(EventDispatchThread.java:90)
2112 00:21:24.353 [AWT-EventQueue-0] INFO  org.triplea.sound.ClipPlayer - Unable to create audio device, is there audio on the system? Cannot create AudioDevice
javazoom.jl.decoder.JavaLayerException: Cannot create AudioDevice
	at javazoom.jl.player.FactoryRegistry.createAudioDevice(FactoryRegistry.java:97)
	at org.triplea.sound.ClipPlayer.hasAudio(ClipPlayer.java:144)
	at org.triplea.sound.SoundOptions.buildSoundOptionsMenuItem(SoundOptions.java:22)
	at games.strategy.triplea.ui.menubar.GameMenu.<init>(GameMenu.java:64)
	at games.strategy.triplea.ui.menubar.TripleAMenuBar.<init>(TripleAMenuBar.java:24)
	at games.strategy.triplea.ui.TripleAFrame.lambda$new$1(TripleAFrame.java:307)
	at java.desktop/java.awt.event.InvocationEvent.dispatch(InvocationEvent.java:318)
	at java.desktop/java.awt.EventQueue.dispatchEventImpl(EventQueue.java:773)
	at java.desktop/java.awt.EventQueue$4.run(EventQueue.java:720)
	at java.desktop/java.awt.EventQueue$4.run(EventQueue.java:714)
	at java.base/java.security.AccessController.doPrivileged(AccessController.java:399)
	at java.base/java.security.ProtectionDomain$JavaSecurityAccessImpl.doIntersectionPrivilege(ProtectionDomain.java:86)
	at java.desktop/java.awt.EventQueue.dispatchEvent(EventQueue.java:742)
	at java.desktop/java.awt.EventDispatchThread.pumpOneEventForFilters(EventDispatchThread.java:203)
	at java.desktop/java.awt.EventDispatchThread.pumpEventsForFilter(EventDispatchThread.java:124)
	at java.desktop/java.awt.EventDispatchThread.pumpEventsForHierarchy(EventDispatchThread.java:113)
	at java.desktop/java.awt.EventDispatchThread.pumpEvents(EventDispatchThread.java:109)
	at java.desktop/java.awt.EventDispatchThread.pumpEvents(EventDispatchThread.java:101)
	at java.desktop/java.awt.EventDispatchThread.run(EventDispatchThread.java:90)
518  00:25:32.420 [main] INFO  o.t.game.client.HeadedGameRunner - Launching game, version: 2.7+00000 
785  00:25:32.687 [Thread-5] DEBUG g.s.e.data.gameparser.GameParser - Parsing game XML: /storage/home/hcoda1/6/snayak89/triplea/downloadedMaps/capture_the_flag/map/games/capture_the_flag.xml
1833 00:25:33.735 [Thread-6] INFO  org.triplea.sound.ClipPlayer - Unable to create audio device, is there audio on the system? Cannot create AudioDevice
javazoom.jl.decoder.JavaLayerException: Cannot create AudioDevice
	at javazoom.jl.player.FactoryRegistry.createAudioDevice(FactoryRegistry.java:97)
	at org.triplea.sound.ClipPlayer.hasAudio(ClipPlayer.java:144)
	at org.triplea.sound.ClipPlayer.isSoundEnabled(ClipPlayer.java:251)
	at org.triplea.sound.ClipPlayer.play(ClipPlayer.java:220)
	at org.triplea.sound.ClipPlayer.play(ClipPlayer.java:209)
	at games.strategy.engine.framework.startup.mc.HeadedLaunchAction.startGame(HeadedLaunchAction.java:100)
	at games.strategy.triplea.TripleA.startGame(TripleA.java:62)
	at games.strategy.engine.framework.startup.launcher.LocalLauncher.loadGame(LocalLauncher.java:78)
	at games.strategy.engine.framework.startup.launcher.LocalLauncher.launch(LocalLauncher.java:59)
	at games.strategy.engine.framework.startup.ui.panels.main.MainPanelBuilder.lambda$launch$3(MainPanelBuilder.java:65)
	at java.base/java.lang.Thread.run(Thread.java:840)
1866 00:25:33.768 [AWT-EventQueue-0] INFO  org.triplea.sound.ClipPlayer - Unable to create audio device, is there audio on the system? Cannot create AudioDevice
javazoom.jl.decoder.JavaLayerException: Cannot create AudioDevice
	at javazoom.jl.player.FactoryRegistry.createAudioDevice(FactoryRegistry.java:97)
	at org.triplea.sound.ClipPlayer.hasAudio(ClipPlayer.java:144)
	at org.triplea.sound.SoundOptions.buildGlobalSoundSwitchMenuItem(SoundOptions.java:76)
	at games.strategy.triplea.ui.menubar.GameMenu.<init>(GameMenu.java:63)
	at games.strategy.triplea.ui.menubar.TripleAMenuBar.<init>(TripleAMenuBar.java:24)
	at games.strategy.triplea.ui.TripleAFrame.lambda$new$1(TripleAFrame.java:307)
	at java.desktop/java.awt.event.InvocationEvent.dispatch(InvocationEvent.java:318)
	at java.desktop/java.awt.EventQueue.dispatchEventImpl(EventQueue.java:773)
	at java.desktop/java.awt.EventQueue$4.run(EventQueue.java:720)
	at java.desktop/java.awt.EventQueue$4.run(EventQueue.java:714)
	at java.base/java.security.AccessController.doPrivileged(AccessController.java:399)
	at java.base/java.security.ProtectionDomain$JavaSecurityAccessImpl.doIntersectionPrivilege(ProtectionDomain.java:86)
	at java.desktop/java.awt.EventQueue.dispatchEvent(EventQueue.java:742)
	at java.desktop/java.awt.EventDispatchThread.pumpOneEventForFilters(EventDispatchThread.java:203)
	at java.desktop/java.awt.EventDispatchThread.pumpEventsForFilter(EventDispatchThread.java:124)
	at java.desktop/java.awt.EventDispatchThread.pumpEventsForHierarchy(EventDispatchThread.java:113)
	at java.desktop/java.awt.EventDispatchThread.pumpEvents(EventDispatchThread.java:109)
	at java.desktop/java.awt.EventDispatchThread.pumpEvents(EventDispatchThread.java:101)
	at java.desktop/java.awt.EventDispatchThread.run(EventDispatchThread.java:90)
1899 00:25:33.801 [AWT-EventQueue-0] INFO  org.triplea.sound.ClipPlayer - Unable to create audio device, is there audio on the system? Cannot create AudioDevice
javazoom.jl.decoder.JavaLayerException: Cannot create AudioDevice
	at javazoom.jl.player.FactoryRegistry.createAudioDevice(FactoryRegistry.java:97)
	at org.triplea.sound.ClipPlayer.hasAudio(ClipPlayer.java:144)
	at org.triplea.sound.SoundOptions.buildSoundOptionsMenuItem(SoundOptions.java:22)
	at games.strategy.triplea.ui.menubar.GameMenu.<init>(GameMenu.java:64)
	at games.strategy.triplea.ui.menubar.TripleAMenuBar.<init>(TripleAMenuBar.java:24)
	at games.strategy.triplea.ui.TripleAFrame.lambda$new$1(TripleAFrame.java:307)
	at java.desktop/java.awt.event.InvocationEvent.dispatch(InvocationEvent.java:318)
	at java.desktop/java.awt.EventQueue.dispatchEventImpl(EventQueue.java:773)
	at java.desktop/java.awt.EventQueue$4.run(EventQueue.java:720)
	at java.desktop/java.awt.EventQueue$4.run(EventQueue.java:714)
	at java.base/java.security.AccessController.doPrivileged(AccessController.java:399)
	at java.base/java.security.ProtectionDomain$JavaSecurityAccessImpl.doIntersectionPrivilege(ProtectionDomain.java:86)
	at java.desktop/java.awt.EventQueue.dispatchEvent(EventQueue.java:742)
	at java.desktop/java.awt.EventDispatchThread.pumpOneEventForFilters(EventDispatchThread.java:203)
	at java.desktop/java.awt.EventDispatchThread.pumpEventsForFilter(EventDispatchThread.java:124)
	at java.desktop/java.awt.EventDispatchThread.pumpEventsForHierarchy(EventDispatchThread.java:113)
	at java.desktop/java.awt.EventDispatchThread.pumpEvents(EventDispatchThread.java:109)
	at java.desktop/java.awt.EventDispatchThread.pumpEvents(EventDispatchThread.java:101)
	at java.desktop/java.awt.EventDispatchThread.run(EventDispatchThread.java:90)
542  00:27:06.603 [main] INFO  o.t.game.client.HeadedGameRunner - Launching game, version: 2.7+00000 
807  00:27:06.868 [Thread-5] DEBUG g.s.e.data.gameparser.GameParser - Parsing game XML: /storage/home/hcoda1/6/snayak89/triplea/downloadedMaps/capture_the_flag/map/games/capture_the_flag.xml
1819 00:27:07.880 [Thread-6] INFO  org.triplea.sound.ClipPlayer - Unable to create audio device, is there audio on the system? Cannot create AudioDevice
javazoom.jl.decoder.JavaLayerException: Cannot create AudioDevice
	at javazoom.jl.player.FactoryRegistry.createAudioDevice(FactoryRegistry.java:97)
	at org.triplea.sound.ClipPlayer.hasAudio(ClipPlayer.java:144)
	at org.triplea.sound.ClipPlayer.isSoundEnabled(ClipPlayer.java:251)
	at org.triplea.sound.ClipPlayer.play(ClipPlayer.java:220)
	at org.triplea.sound.ClipPlayer.play(ClipPlayer.java:209)
	at games.strategy.engine.framework.startup.mc.HeadedLaunchAction.startGame(HeadedLaunchAction.java:100)
	at games.strategy.triplea.TripleA.startGame(TripleA.java:62)
	at games.strategy.engine.framework.startup.launcher.LocalLauncher.loadGame(LocalLauncher.java:78)
	at games.strategy.engine.framework.startup.launcher.LocalLauncher.launch(LocalLauncher.java:59)
	at games.strategy.engine.framework.startup.ui.panels.main.MainPanelBuilder.lambda$launch$3(MainPanelBuilder.java:65)
	at java.base/java.lang.Thread.run(Thread.java:840)
1871 00:27:07.932 [AWT-EventQueue-0] INFO  org.triplea.sound.ClipPlayer - Unable to create audio device, is there audio on the system? Cannot create AudioDevice
javazoom.jl.decoder.JavaLayerException: Cannot create AudioDevice
	at javazoom.jl.player.FactoryRegistry.createAudioDevice(FactoryRegistry.java:97)
	at org.triplea.sound.ClipPlayer.hasAudio(ClipPlayer.java:144)
	at org.triplea.sound.SoundOptions.buildGlobalSoundSwitchMenuItem(SoundOptions.java:76)
	at games.strategy.triplea.ui.menubar.GameMenu.<init>(GameMenu.java:63)
	at games.strategy.triplea.ui.menubar.TripleAMenuBar.<init>(TripleAMenuBar.java:24)
	at games.strategy.triplea.ui.TripleAFrame.lambda$new$1(TripleAFrame.java:307)
	at java.desktop/java.awt.event.InvocationEvent.dispatch(InvocationEvent.java:318)
	at java.desktop/java.awt.EventQueue.dispatchEventImpl(EventQueue.java:773)
	at java.desktop/java.awt.EventQueue$4.run(EventQueue.java:720)
	at java.desktop/java.awt.EventQueue$4.run(EventQueue.java:714)
	at java.base/java.security.AccessController.doPrivileged(AccessController.java:399)
	at java.base/java.security.ProtectionDomain$JavaSecurityAccessImpl.doIntersectionPrivilege(ProtectionDomain.java:86)
	at java.desktop/java.awt.EventQueue.dispatchEvent(EventQueue.java:742)
	at java.desktop/java.awt.EventDispatchThread.pumpOneEventForFilters(EventDispatchThread.java:203)
	at java.desktop/java.awt.EventDispatchThread.pumpEventsForFilter(EventDispatchThread.java:124)
	at java.desktop/java.awt.EventDispatchThread.pumpEventsForHierarchy(EventDispatchThread.java:113)
	at java.desktop/java.awt.EventDispatchThread.pumpEvents(EventDispatchThread.java:109)
	at java.desktop/java.awt.EventDispatchThread.pumpEvents(EventDispatchThread.java:101)
	at java.desktop/java.awt.EventDispatchThread.run(EventDispatchThread.java:90)
1904 00:27:07.965 [AWT-EventQueue-0] INFO  org.triplea.sound.ClipPlayer - Unable to create audio device, is there audio on the system? Cannot create AudioDevice
javazoom.jl.decoder.JavaLayerException: Cannot create AudioDevice
	at javazoom.jl.player.FactoryRegistry.createAudioDevice(FactoryRegistry.java:97)
	at org.triplea.sound.ClipPlayer.hasAudio(ClipPlayer.java:144)
	at org.triplea.sound.SoundOptions.buildSoundOptionsMenuItem(SoundOptions.java:22)
	at games.strategy.triplea.ui.menubar.GameMenu.<init>(GameMenu.java:64)
	at games.strategy.triplea.ui.menubar.TripleAMenuBar.<init>(TripleAMenuBar.java:24)
	at games.strategy.triplea.ui.TripleAFrame.lambda$new$1(TripleAFrame.java:307)
	at java.desktop/java.awt.event.InvocationEvent.dispatch(InvocationEvent.java:318)
	at java.desktop/java.awt.EventQueue.dispatchEventImpl(EventQueue.java:773)
	at java.desktop/java.awt.EventQueue$4.run(EventQueue.java:720)
	at java.desktop/java.awt.EventQueue$4.run(EventQueue.java:714)
	at java.base/java.security.AccessController.doPrivileged(AccessController.java:399)
	at java.base/java.security.ProtectionDomain$JavaSecurityAccessImpl.doIntersectionPrivilege(ProtectionDomain.java:86)
	at java.desktop/java.awt.EventQueue.dispatchEvent(EventQueue.java:742)
	at java.desktop/java.awt.EventDispatchThread.pumpOneEventForFilters(EventDispatchThread.java:203)
	at java.desktop/java.awt.EventDispatchThread.pumpEventsForFilter(EventDispatchThread.java:124)
	at java.desktop/java.awt.EventDispatchThread.pumpEventsForHierarchy(EventDispatchThread.java:113)
	at java.desktop/java.awt.EventDispatchThread.pumpEvents(EventDispatchThread.java:109)
	at java.desktop/java.awt.EventDispatchThread.pumpEvents(EventDispatchThread.java:101)
	at java.desktop/java.awt.EventDispatchThread.run(EventDispatchThread.java:90)
507  00:28:13.094 [main] INFO  o.t.game.client.HeadedGameRunner - Launching game, version: 2.7+00000 
765  00:28:13.352 [Thread-5] DEBUG g.s.e.data.gameparser.GameParser - Parsing game XML: /storage/home/hcoda1/6/snayak89/triplea/downloadedMaps/capture_the_flag/map/games/capture_the_flag.xml
1844 00:28:14.431 [Thread-6] INFO  org.triplea.sound.ClipPlayer - Unable to create audio device, is there audio on the system? Cannot create AudioDevice
javazoom.jl.decoder.JavaLayerException: Cannot create AudioDevice
	at javazoom.jl.player.FactoryRegistry.createAudioDevice(FactoryRegistry.java:97)
	at org.triplea.sound.ClipPlayer.hasAudio(ClipPlayer.java:144)
	at org.triplea.sound.ClipPlayer.isSoundEnabled(ClipPlayer.java:251)
	at org.triplea.sound.ClipPlayer.play(ClipPlayer.java:220)
	at org.triplea.sound.ClipPlayer.play(ClipPlayer.java:209)
	at games.strategy.engine.framework.startup.mc.HeadedLaunchAction.startGame(HeadedLaunchAction.java:100)
	at games.strategy.triplea.TripleA.startGame(TripleA.java:62)
	at games.strategy.engine.framework.startup.launcher.LocalLauncher.loadGame(LocalLauncher.java:78)
	at games.strategy.engine.framework.startup.launcher.LocalLauncher.launch(LocalLauncher.java:59)
	at games.strategy.engine.framework.startup.ui.panels.main.MainPanelBuilder.lambda$launch$3(MainPanelBuilder.java:65)
	at java.base/java.lang.Thread.run(Thread.java:840)
1877 00:28:14.464 [AWT-EventQueue-0] INFO  org.triplea.sound.ClipPlayer - Unable to create audio device, is there audio on the system? Cannot create AudioDevice
javazoom.jl.decoder.JavaLayerException: Cannot create AudioDevice
	at javazoom.jl.player.FactoryRegistry.createAudioDevice(FactoryRegistry.java:97)
	at org.triplea.sound.ClipPlayer.hasAudio(ClipPlayer.java:144)
	at org.triplea.sound.SoundOptions.buildGlobalSoundSwitchMenuItem(SoundOptions.java:76)
	at games.strategy.triplea.ui.menubar.GameMenu.<init>(GameMenu.java:63)
	at games.strategy.triplea.ui.menubar.TripleAMenuBar.<init>(TripleAMenuBar.java:24)
	at games.strategy.triplea.ui.TripleAFrame.lambda$new$1(TripleAFrame.java:307)
	at java.desktop/java.awt.event.InvocationEvent.dispatch(InvocationEvent.java:318)
	at java.desktop/java.awt.EventQueue.dispatchEventImpl(EventQueue.java:773)
	at java.desktop/java.awt.EventQueue$4.run(EventQueue.java:720)
	at java.desktop/java.awt.EventQueue$4.run(EventQueue.java:714)
	at java.base/java.security.AccessController.doPrivileged(AccessController.java:399)
	at java.base/java.security.ProtectionDomain$JavaSecurityAccessImpl.doIntersectionPrivilege(ProtectionDomain.java:86)
	at java.desktop/java.awt.EventQueue.dispatchEvent(EventQueue.java:742)
	at java.desktop/java.awt.EventDispatchThread.pumpOneEventForFilters(EventDispatchThread.java:203)
	at java.desktop/java.awt.EventDispatchThread.pumpEventsForFilter(EventDispatchThread.java:124)
	at java.desktop/java.awt.EventDispatchThread.pumpEventsForHierarchy(EventDispatchThread.java:113)
	at java.desktop/java.awt.EventDispatchThread.pumpEvents(EventDispatchThread.java:109)
	at java.desktop/java.awt.EventDispatchThread.pumpEvents(EventDispatchThread.java:101)
	at java.desktop/java.awt.EventDispatchThread.run(EventDispatchThread.java:90)
1911 00:28:14.498 [AWT-EventQueue-0] INFO  org.triplea.sound.ClipPlayer - Unable to create audio device, is there audio on the system? Cannot create AudioDevice
javazoom.jl.decoder.JavaLayerException: Cannot create AudioDevice
	at javazoom.jl.player.FactoryRegistry.createAudioDevice(FactoryRegistry.java:97)
	at org.triplea.sound.ClipPlayer.hasAudio(ClipPlayer.java:144)
	at org.triplea.sound.SoundOptions.buildSoundOptionsMenuItem(SoundOptions.java:22)
	at games.strategy.triplea.ui.menubar.GameMenu.<init>(GameMenu.java:64)
	at games.strategy.triplea.ui.menubar.TripleAMenuBar.<init>(TripleAMenuBar.java:24)
	at games.strategy.triplea.ui.TripleAFrame.lambda$new$1(TripleAFrame.java:307)
	at java.desktop/java.awt.event.InvocationEvent.dispatch(InvocationEvent.java:318)
	at java.desktop/java.awt.EventQueue.dispatchEventImpl(EventQueue.java:773)
	at java.desktop/java.awt.EventQueue$4.run(EventQueue.java:720)
	at java.desktop/java.awt.EventQueue$4.run(EventQueue.java:714)
	at java.base/java.security.AccessController.doPrivileged(AccessController.java:399)
	at java.base/java.security.ProtectionDomain$JavaSecurityAccessImpl.doIntersectionPrivilege(ProtectionDomain.java:86)
	at java.desktop/java.awt.EventQueue.dispatchEvent(EventQueue.java:742)
	at java.desktop/java.awt.EventDispatchThread.pumpOneEventForFilters(EventDispatchThread.java:203)
	at java.desktop/java.awt.EventDispatchThread.pumpEventsForFilter(EventDispatchThread.java:124)
	at java.desktop/java.awt.EventDispatchThread.pumpEventsForHierarchy(EventDispatchThread.java:113)
	at java.desktop/java.awt.EventDispatchThread.pumpEvents(EventDispatchThread.java:109)
	at java.desktop/java.awt.EventDispatchThread.pumpEvents(EventDispatchThread.java:101)
	at java.desktop/java.awt.EventDispatchThread.run(EventDispatchThread.java:90)
550  00:30:22.061 [main] INFO  o.t.game.client.HeadedGameRunner - Launching game, version: 2.7+00000 
827  00:30:22.338 [Thread-5] DEBUG g.s.e.data.gameparser.GameParser - Parsing game XML: /storage/home/hcoda1/6/snayak89/triplea/downloadedMaps/capture_the_flag/map/games/capture_the_flag.xml
1860 00:30:23.371 [Thread-6] INFO  org.triplea.sound.ClipPlayer - Unable to create audio device, is there audio on the system? Cannot create AudioDevice
javazoom.jl.decoder.JavaLayerException: Cannot create AudioDevice
	at javazoom.jl.player.FactoryRegistry.createAudioDevice(FactoryRegistry.java:97)
	at org.triplea.sound.ClipPlayer.hasAudio(ClipPlayer.java:144)
	at org.triplea.sound.ClipPlayer.isSoundEnabled(ClipPlayer.java:251)
	at org.triplea.sound.ClipPlayer.play(ClipPlayer.java:220)
	at org.triplea.sound.ClipPlayer.play(ClipPlayer.java:209)
	at games.strategy.engine.framework.startup.mc.HeadedLaunchAction.startGame(HeadedLaunchAction.java:100)
	at games.strategy.triplea.TripleA.startGame(TripleA.java:62)
	at games.strategy.engine.framework.startup.launcher.LocalLauncher.loadGame(LocalLauncher.java:78)
	at games.strategy.engine.framework.startup.launcher.LocalLauncher.launch(LocalLauncher.java:59)
	at games.strategy.engine.framework.startup.ui.panels.main.MainPanelBuilder.lambda$launch$3(MainPanelBuilder.java:65)
	at java.base/java.lang.Thread.run(Thread.java:840)
1897 00:30:23.408 [AWT-EventQueue-0] INFO  org.triplea.sound.ClipPlayer - Unable to create audio device, is there audio on the system? Cannot create AudioDevice
javazoom.jl.decoder.JavaLayerException: Cannot create AudioDevice
	at javazoom.jl.player.FactoryRegistry.createAudioDevice(FactoryRegistry.java:97)
	at org.triplea.sound.ClipPlayer.hasAudio(ClipPlayer.java:144)
	at org.triplea.sound.SoundOptions.buildGlobalSoundSwitchMenuItem(SoundOptions.java:76)
	at games.strategy.triplea.ui.menubar.GameMenu.<init>(GameMenu.java:63)
	at games.strategy.triplea.ui.menubar.TripleAMenuBar.<init>(TripleAMenuBar.java:24)
	at games.strategy.triplea.ui.TripleAFrame.lambda$new$1(TripleAFrame.java:307)
	at java.desktop/java.awt.event.InvocationEvent.dispatch(InvocationEvent.java:318)
	at java.desktop/java.awt.EventQueue.dispatchEventImpl(EventQueue.java:773)
	at java.desktop/java.awt.EventQueue$4.run(EventQueue.java:720)
	at java.desktop/java.awt.EventQueue$4.run(EventQueue.java:714)
	at java.base/java.security.AccessController.doPrivileged(AccessController.java:399)
	at java.base/java.security.ProtectionDomain$JavaSecurityAccessImpl.doIntersectionPrivilege(ProtectionDomain.java:86)
	at java.desktop/java.awt.EventQueue.dispatchEvent(EventQueue.java:742)
	at java.desktop/java.awt.EventDispatchThread.pumpOneEventForFilters(EventDispatchThread.java:203)
	at java.desktop/java.awt.EventDispatchThread.pumpEventsForFilter(EventDispatchThread.java:124)
	at java.desktop/java.awt.EventDispatchThread.pumpEventsForHierarchy(EventDispatchThread.java:113)
	at java.desktop/java.awt.EventDispatchThread.pumpEvents(EventDispatchThread.java:109)
	at java.desktop/java.awt.EventDispatchThread.pumpEvents(EventDispatchThread.java:101)
	at java.desktop/java.awt.EventDispatchThread.run(EventDispatchThread.java:90)
1929 00:30:23.440 [AWT-EventQueue-0] INFO  org.triplea.sound.ClipPlayer - Unable to create audio device, is there audio on the system? Cannot create AudioDevice
javazoom.jl.decoder.JavaLayerException: Cannot create AudioDevice
	at javazoom.jl.player.FactoryRegistry.createAudioDevice(FactoryRegistry.java:97)
	at org.triplea.sound.ClipPlayer.hasAudio(ClipPlayer.java:144)
	at org.triplea.sound.SoundOptions.buildSoundOptionsMenuItem(SoundOptions.java:22)
	at games.strategy.triplea.ui.menubar.GameMenu.<init>(GameMenu.java:64)
	at games.strategy.triplea.ui.menubar.TripleAMenuBar.<init>(TripleAMenuBar.java:24)
	at games.strategy.triplea.ui.TripleAFrame.lambda$new$1(TripleAFrame.java:307)
	at java.desktop/java.awt.event.InvocationEvent.dispatch(InvocationEvent.java:318)
	at java.desktop/java.awt.EventQueue.dispatchEventImpl(EventQueue.java:773)
	at java.desktop/java.awt.EventQueue$4.run(EventQueue.java:720)
	at java.desktop/java.awt.EventQueue$4.run(EventQueue.java:714)
	at java.base/java.security.AccessController.doPrivileged(AccessController.java:399)
	at java.base/java.security.ProtectionDomain$JavaSecurityAccessImpl.doIntersectionPrivilege(ProtectionDomain.java:86)
	at java.desktop/java.awt.EventQueue.dispatchEvent(EventQueue.java:742)
	at java.desktop/java.awt.EventDispatchThread.pumpOneEventForFilters(EventDispatchThread.java:203)
	at java.desktop/java.awt.EventDispatchThread.pumpEventsForFilter(EventDispatchThread.java:124)
	at java.desktop/java.awt.EventDispatchThread.pumpEventsForHierarchy(EventDispatchThread.java:113)
	at java.desktop/java.awt.EventDispatchThread.pumpEvents(EventDispatchThread.java:109)
	at java.desktop/java.awt.EventDispatchThread.pumpEvents(EventDispatchThread.java:101)
	at java.desktop/java.awt.EventDispatchThread.run(EventDispatchThread.java:90)
618  00:35:19.651 [main] INFO  o.t.game.client.HeadedGameRunner - Launching game, version: 2.7+00000 
885  00:35:19.918 [Thread-5] DEBUG g.s.e.data.gameparser.GameParser - Parsing game XML: /storage/home/hcoda1/6/snayak89/triplea/downloadedMaps/capture_the_flag/map/games/capture_the_flag.xml
2056 00:35:21.089 [Thread-6] INFO  org.triplea.sound.ClipPlayer - Unable to create audio device, is there audio on the system? Cannot create AudioDevice
javazoom.jl.decoder.JavaLayerException: Cannot create AudioDevice
	at javazoom.jl.player.FactoryRegistry.createAudioDevice(FactoryRegistry.java:97)
	at org.triplea.sound.ClipPlayer.hasAudio(ClipPlayer.java:144)
	at org.triplea.sound.ClipPlayer.isSoundEnabled(ClipPlayer.java:251)
	at org.triplea.sound.ClipPlayer.play(ClipPlayer.java:220)
	at org.triplea.sound.ClipPlayer.play(ClipPlayer.java:209)
	at games.strategy.engine.framework.startup.mc.HeadedLaunchAction.startGame(HeadedLaunchAction.java:100)
	at games.strategy.triplea.TripleA.startGame(TripleA.java:62)
	at games.strategy.engine.framework.startup.launcher.LocalLauncher.loadGame(LocalLauncher.java:78)
	at games.strategy.engine.framework.startup.launcher.LocalLauncher.launch(LocalLauncher.java:59)
	at games.strategy.engine.framework.startup.ui.panels.main.MainPanelBuilder.lambda$launch$3(MainPanelBuilder.java:65)
	at java.base/java.lang.Thread.run(Thread.java:840)
2090 00:35:21.123 [AWT-EventQueue-0] INFO  org.triplea.sound.ClipPlayer - Unable to create audio device, is there audio on the system? Cannot create AudioDevice
javazoom.jl.decoder.JavaLayerException: Cannot create AudioDevice
	at javazoom.jl.player.FactoryRegistry.createAudioDevice(FactoryRegistry.java:97)
	at org.triplea.sound.ClipPlayer.hasAudio(ClipPlayer.java:144)
	at org.triplea.sound.SoundOptions.buildGlobalSoundSwitchMenuItem(SoundOptions.java:76)
	at games.strategy.triplea.ui.menubar.GameMenu.<init>(GameMenu.java:63)
	at games.strategy.triplea.ui.menubar.TripleAMenuBar.<init>(TripleAMenuBar.java:24)
	at games.strategy.triplea.ui.TripleAFrame.lambda$new$1(TripleAFrame.java:307)
	at java.desktop/java.awt.event.InvocationEvent.dispatch(InvocationEvent.java:318)
	at java.desktop/java.awt.EventQueue.dispatchEventImpl(EventQueue.java:773)
	at java.desktop/java.awt.EventQueue$4.run(EventQueue.java:720)
	at java.desktop/java.awt.EventQueue$4.run(EventQueue.java:714)
	at java.base/java.security.AccessController.doPrivileged(AccessController.java:399)
	at java.base/java.security.ProtectionDomain$JavaSecurityAccessImpl.doIntersectionPrivilege(ProtectionDomain.java:86)
	at java.desktop/java.awt.EventQueue.dispatchEvent(EventQueue.java:742)
	at java.desktop/java.awt.EventDispatchThread.pumpOneEventForFilters(EventDispatchThread.java:203)
	at java.desktop/java.awt.EventDispatchThread.pumpEventsForFilter(EventDispatchThread.java:124)
	at java.desktop/java.awt.EventDispatchThread.pumpEventsForHierarchy(EventDispatchThread.java:113)
	at java.desktop/java.awt.EventDispatchThread.pumpEvents(EventDispatchThread.java:109)
	at java.desktop/java.awt.EventDispatchThread.pumpEvents(EventDispatchThread.java:101)
	at java.desktop/java.awt.EventDispatchThread.run(EventDispatchThread.java:90)
2123 00:35:21.156 [AWT-EventQueue-0] INFO  org.triplea.sound.ClipPlayer - Unable to create audio device, is there audio on the system? Cannot create AudioDevice
javazoom.jl.decoder.JavaLayerException: Cannot create AudioDevice
	at javazoom.jl.player.FactoryRegistry.createAudioDevice(FactoryRegistry.java:97)
	at org.triplea.sound.ClipPlayer.hasAudio(ClipPlayer.java:144)
	at org.triplea.sound.SoundOptions.buildSoundOptionsMenuItem(SoundOptions.java:22)
	at games.strategy.triplea.ui.menubar.GameMenu.<init>(GameMenu.java:64)
	at games.strategy.triplea.ui.menubar.TripleAMenuBar.<init>(TripleAMenuBar.java:24)
	at games.strategy.triplea.ui.TripleAFrame.lambda$new$1(TripleAFrame.java:307)
	at java.desktop/java.awt.event.InvocationEvent.dispatch(InvocationEvent.java:318)
	at java.desktop/java.awt.EventQueue.dispatchEventImpl(EventQueue.java:773)
	at java.desktop/java.awt.EventQueue$4.run(EventQueue.java:720)
	at java.desktop/java.awt.EventQueue$4.run(EventQueue.java:714)
	at java.base/java.security.AccessController.doPrivileged(AccessController.java:399)
	at java.base/java.security.ProtectionDomain$JavaSecurityAccessImpl.doIntersectionPrivilege(ProtectionDomain.java:86)
	at java.desktop/java.awt.EventQueue.dispatchEvent(EventQueue.java:742)
	at java.desktop/java.awt.EventDispatchThread.pumpOneEventForFilters(EventDispatchThread.java:203)
	at java.desktop/java.awt.EventDispatchThread.pumpEventsForFilter(EventDispatchThread.java:124)
	at java.desktop/java.awt.EventDispatchThread.pumpEventsForHierarchy(EventDispatchThread.java:113)
	at java.desktop/java.awt.EventDispatchThread.pumpEvents(EventDispatchThread.java:109)
	at java.desktop/java.awt.EventDispatchThread.pumpEvents(EventDispatchThread.java:101)
	at java.desktop/java.awt.EventDispatchThread.run(EventDispatchThread.java:90)
522  00:36:44.157 [main] INFO  o.t.game.client.HeadedGameRunner - Launching game, version: 2.7+00000 
765  00:36:44.400 [Thread-5] DEBUG g.s.e.data.gameparser.GameParser - Parsing game XML: /storage/home/hcoda1/6/snayak89/triplea/downloadedMaps/capture_the_flag/map/games/capture_the_flag.xml
1802 00:36:45.437 [Thread-6] INFO  org.triplea.sound.ClipPlayer - Unable to create audio device, is there audio on the system? Cannot create AudioDevice
javazoom.jl.decoder.JavaLayerException: Cannot create AudioDevice
	at javazoom.jl.player.FactoryRegistry.createAudioDevice(FactoryRegistry.java:97)
	at org.triplea.sound.ClipPlayer.hasAudio(ClipPlayer.java:144)
	at org.triplea.sound.ClipPlayer.isSoundEnabled(ClipPlayer.java:251)
	at org.triplea.sound.ClipPlayer.play(ClipPlayer.java:220)
	at org.triplea.sound.ClipPlayer.play(ClipPlayer.java:209)
	at games.strategy.engine.framework.startup.mc.HeadedLaunchAction.startGame(HeadedLaunchAction.java:100)
	at games.strategy.triplea.TripleA.startGame(TripleA.java:62)
	at games.strategy.engine.framework.startup.launcher.LocalLauncher.loadGame(LocalLauncher.java:78)
	at games.strategy.engine.framework.startup.launcher.LocalLauncher.launch(LocalLauncher.java:59)
	at games.strategy.engine.framework.startup.ui.panels.main.MainPanelBuilder.lambda$launch$3(MainPanelBuilder.java:65)
	at java.base/java.lang.Thread.run(Thread.java:840)
1836 00:36:45.471 [AWT-EventQueue-0] INFO  org.triplea.sound.ClipPlayer - Unable to create audio device, is there audio on the system? Cannot create AudioDevice
javazoom.jl.decoder.JavaLayerException: Cannot create AudioDevice
	at javazoom.jl.player.FactoryRegistry.createAudioDevice(FactoryRegistry.java:97)
	at org.triplea.sound.ClipPlayer.hasAudio(ClipPlayer.java:144)
	at org.triplea.sound.SoundOptions.buildGlobalSoundSwitchMenuItem(SoundOptions.java:76)
	at games.strategy.triplea.ui.menubar.GameMenu.<init>(GameMenu.java:63)
	at games.strategy.triplea.ui.menubar.TripleAMenuBar.<init>(TripleAMenuBar.java:24)
	at games.strategy.triplea.ui.TripleAFrame.lambda$new$1(TripleAFrame.java:307)
	at java.desktop/java.awt.event.InvocationEvent.dispatch(InvocationEvent.java:318)
	at java.desktop/java.awt.EventQueue.dispatchEventImpl(EventQueue.java:773)
	at java.desktop/java.awt.EventQueue$4.run(EventQueue.java:720)
	at java.desktop/java.awt.EventQueue$4.run(EventQueue.java:714)
	at java.base/java.security.AccessController.doPrivileged(AccessController.java:399)
	at java.base/java.security.ProtectionDomain$JavaSecurityAccessImpl.doIntersectionPrivilege(ProtectionDomain.java:86)
	at java.desktop/java.awt.EventQueue.dispatchEvent(EventQueue.java:742)
	at java.desktop/java.awt.EventDispatchThread.pumpOneEventForFilters(EventDispatchThread.java:203)
	at java.desktop/java.awt.EventDispatchThread.pumpEventsForFilter(EventDispatchThread.java:124)
	at java.desktop/java.awt.EventDispatchThread.pumpEventsForHierarchy(EventDispatchThread.java:113)
	at java.desktop/java.awt.EventDispatchThread.pumpEvents(EventDispatchThread.java:109)
	at java.desktop/java.awt.EventDispatchThread.pumpEvents(EventDispatchThread.java:101)
	at java.desktop/java.awt.EventDispatchThread.run(EventDispatchThread.java:90)
1869 00:36:45.504 [AWT-EventQueue-0] INFO  org.triplea.sound.ClipPlayer - Unable to create audio device, is there audio on the system? Cannot create AudioDevice
javazoom.jl.decoder.JavaLayerException: Cannot create AudioDevice
	at javazoom.jl.player.FactoryRegistry.createAudioDevice(FactoryRegistry.java:97)
	at org.triplea.sound.ClipPlayer.hasAudio(ClipPlayer.java:144)
	at org.triplea.sound.SoundOptions.buildSoundOptionsMenuItem(SoundOptions.java:22)
	at games.strategy.triplea.ui.menubar.GameMenu.<init>(GameMenu.java:64)
	at games.strategy.triplea.ui.menubar.TripleAMenuBar.<init>(TripleAMenuBar.java:24)
	at games.strategy.triplea.ui.TripleAFrame.lambda$new$1(TripleAFrame.java:307)
	at java.desktop/java.awt.event.InvocationEvent.dispatch(InvocationEvent.java:318)
	at java.desktop/java.awt.EventQueue.dispatchEventImpl(EventQueue.java:773)
	at java.desktop/java.awt.EventQueue$4.run(EventQueue.java:720)
	at java.desktop/java.awt.EventQueue$4.run(EventQueue.java:714)
	at java.base/java.security.AccessController.doPrivileged(AccessController.java:399)
	at java.base/java.security.ProtectionDomain$JavaSecurityAccessImpl.doIntersectionPrivilege(ProtectionDomain.java:86)
	at java.desktop/java.awt.EventQueue.dispatchEvent(EventQueue.java:742)
	at java.desktop/java.awt.EventDispatchThread.pumpOneEventForFilters(EventDispatchThread.java:203)
	at java.desktop/java.awt.EventDispatchThread.pumpEventsForFilter(EventDispatchThread.java:124)
	at java.desktop/java.awt.EventDispatchThread.pumpEventsForHierarchy(EventDispatchThread.java:113)
	at java.desktop/java.awt.EventDispatchThread.pumpEvents(EventDispatchThread.java:109)
	at java.desktop/java.awt.EventDispatchThread.pumpEvents(EventDispatchThread.java:101)
	at java.desktop/java.awt.EventDispatchThread.run(EventDispatchThread.java:90)
529  00:41:03.827 [main] INFO  o.t.game.client.HeadedGameRunner - Launching game, version: 2.7+00000 
806  00:41:04.104 [Thread-5] DEBUG g.s.e.data.gameparser.GameParser - Parsing game XML: /storage/home/hcoda1/6/snayak89/triplea/downloadedMaps/capture_the_flag/map/games/capture_the_flag.xml
1931 00:41:05.229 [Thread-6] INFO  org.triplea.sound.ClipPlayer - Unable to create audio device, is there audio on the system? Cannot create AudioDevice
javazoom.jl.decoder.JavaLayerException: Cannot create AudioDevice
	at javazoom.jl.player.FactoryRegistry.createAudioDevice(FactoryRegistry.java:97)
	at org.triplea.sound.ClipPlayer.hasAudio(ClipPlayer.java:144)
	at org.triplea.sound.ClipPlayer.isSoundEnabled(ClipPlayer.java:251)
	at org.triplea.sound.ClipPlayer.play(ClipPlayer.java:220)
	at org.triplea.sound.ClipPlayer.play(ClipPlayer.java:209)
	at games.strategy.engine.framework.startup.mc.HeadedLaunchAction.startGame(HeadedLaunchAction.java:100)
	at games.strategy.triplea.TripleA.startGame(TripleA.java:62)
	at games.strategy.engine.framework.startup.launcher.LocalLauncher.loadGame(LocalLauncher.java:78)
	at games.strategy.engine.framework.startup.launcher.LocalLauncher.launch(LocalLauncher.java:59)
	at games.strategy.engine.framework.startup.ui.panels.main.MainPanelBuilder.lambda$launch$3(MainPanelBuilder.java:65)
	at java.base/java.lang.Thread.run(Thread.java:840)
1965 00:41:05.263 [AWT-EventQueue-0] INFO  org.triplea.sound.ClipPlayer - Unable to create audio device, is there audio on the system? Cannot create AudioDevice
javazoom.jl.decoder.JavaLayerException: Cannot create AudioDevice
	at javazoom.jl.player.FactoryRegistry.createAudioDevice(FactoryRegistry.java:97)
	at org.triplea.sound.ClipPlayer.hasAudio(ClipPlayer.java:144)
	at org.triplea.sound.SoundOptions.buildGlobalSoundSwitchMenuItem(SoundOptions.java:76)
	at games.strategy.triplea.ui.menubar.GameMenu.<init>(GameMenu.java:63)
	at games.strategy.triplea.ui.menubar.TripleAMenuBar.<init>(TripleAMenuBar.java:24)
	at games.strategy.triplea.ui.TripleAFrame.lambda$new$1(TripleAFrame.java:307)
	at java.desktop/java.awt.event.InvocationEvent.dispatch(InvocationEvent.java:318)
	at java.desktop/java.awt.EventQueue.dispatchEventImpl(EventQueue.java:773)
	at java.desktop/java.awt.EventQueue$4.run(EventQueue.java:720)
	at java.desktop/java.awt.EventQueue$4.run(EventQueue.java:714)
	at java.base/java.security.AccessController.doPrivileged(AccessController.java:399)
	at java.base/java.security.ProtectionDomain$JavaSecurityAccessImpl.doIntersectionPrivilege(ProtectionDomain.java:86)
	at java.desktop/java.awt.EventQueue.dispatchEvent(EventQueue.java:742)
	at java.desktop/java.awt.EventDispatchThread.pumpOneEventForFilters(EventDispatchThread.java:203)
	at java.desktop/java.awt.EventDispatchThread.pumpEventsForFilter(EventDispatchThread.java:124)
	at java.desktop/java.awt.EventDispatchThread.pumpEventsForHierarchy(EventDispatchThread.java:113)
	at java.desktop/java.awt.EventDispatchThread.pumpEvents(EventDispatchThread.java:109)
	at java.desktop/java.awt.EventDispatchThread.pumpEvents(EventDispatchThread.java:101)
	at java.desktop/java.awt.EventDispatchThread.run(EventDispatchThread.java:90)
1998 00:41:05.296 [AWT-EventQueue-0] INFO  org.triplea.sound.ClipPlayer - Unable to create audio device, is there audio on the system? Cannot create AudioDevice
javazoom.jl.decoder.JavaLayerException: Cannot create AudioDevice
	at javazoom.jl.player.FactoryRegistry.createAudioDevice(FactoryRegistry.java:97)
	at org.triplea.sound.ClipPlayer.hasAudio(ClipPlayer.java:144)
	at org.triplea.sound.SoundOptions.buildSoundOptionsMenuItem(SoundOptions.java:22)
	at games.strategy.triplea.ui.menubar.GameMenu.<init>(GameMenu.java:64)
	at games.strategy.triplea.ui.menubar.TripleAMenuBar.<init>(TripleAMenuBar.java:24)
	at games.strategy.triplea.ui.TripleAFrame.lambda$new$1(TripleAFrame.java:307)
	at java.desktop/java.awt.event.InvocationEvent.dispatch(InvocationEvent.java:318)
	at java.desktop/java.awt.EventQueue.dispatchEventImpl(EventQueue.java:773)
	at java.desktop/java.awt.EventQueue$4.run(EventQueue.java:720)
	at java.desktop/java.awt.EventQueue$4.run(EventQueue.java:714)
	at java.base/java.security.AccessController.doPrivileged(AccessController.java:399)
	at java.base/java.security.ProtectionDomain$JavaSecurityAccessImpl.doIntersectionPrivilege(ProtectionDomain.java:86)
	at java.desktop/java.awt.EventQueue.dispatchEvent(EventQueue.java:742)
	at java.desktop/java.awt.EventDispatchThread.pumpOneEventForFilters(EventDispatchThread.java:203)
	at java.desktop/java.awt.EventDispatchThread.pumpEventsForFilter(EventDispatchThread.java:124)
	at java.desktop/java.awt.EventDispatchThread.pumpEventsForHierarchy(EventDispatchThread.java:113)
	at java.desktop/java.awt.EventDispatchThread.pumpEvents(EventDispatchThread.java:109)
	at java.desktop/java.awt.EventDispatchThread.pumpEvents(EventDispatchThread.java:101)
	at java.desktop/java.awt.EventDispatchThread.run(EventDispatchThread.java:90)
523  00:45:38.518 [main] INFO  o.t.game.client.HeadedGameRunner - Launching game, version: 2.7+00000 
798  00:45:38.793 [Thread-5] DEBUG g.s.e.data.gameparser.GameParser - Parsing game XML: /storage/home/hcoda1/6/snayak89/triplea/downloadedMaps/capture_the_flag/map/games/capture_the_flag.xml
2014 00:45:40.009 [Thread-6] INFO  org.triplea.sound.ClipPlayer - Unable to create audio device, is there audio on the system? Cannot create AudioDevice
javazoom.jl.decoder.JavaLayerException: Cannot create AudioDevice
	at javazoom.jl.player.FactoryRegistry.createAudioDevice(FactoryRegistry.java:97)
	at org.triplea.sound.ClipPlayer.hasAudio(ClipPlayer.java:144)
	at org.triplea.sound.ClipPlayer.isSoundEnabled(ClipPlayer.java:251)
	at org.triplea.sound.ClipPlayer.play(ClipPlayer.java:220)
	at org.triplea.sound.ClipPlayer.play(ClipPlayer.java:209)
	at games.strategy.engine.framework.startup.mc.HeadedLaunchAction.startGame(HeadedLaunchAction.java:100)
	at games.strategy.triplea.TripleA.startGame(TripleA.java:62)
	at games.strategy.engine.framework.startup.launcher.LocalLauncher.loadGame(LocalLauncher.java:78)
	at games.strategy.engine.framework.startup.launcher.LocalLauncher.launch(LocalLauncher.java:59)
	at games.strategy.engine.framework.startup.ui.panels.main.MainPanelBuilder.lambda$launch$3(MainPanelBuilder.java:65)
	at java.base/java.lang.Thread.run(Thread.java:840)
2048 00:45:40.043 [AWT-EventQueue-0] INFO  org.triplea.sound.ClipPlayer - Unable to create audio device, is there audio on the system? Cannot create AudioDevice
javazoom.jl.decoder.JavaLayerException: Cannot create AudioDevice
	at javazoom.jl.player.FactoryRegistry.createAudioDevice(FactoryRegistry.java:97)
	at org.triplea.sound.ClipPlayer.hasAudio(ClipPlayer.java:144)
	at org.triplea.sound.SoundOptions.buildGlobalSoundSwitchMenuItem(SoundOptions.java:76)
	at games.strategy.triplea.ui.menubar.GameMenu.<init>(GameMenu.java:63)
	at games.strategy.triplea.ui.menubar.TripleAMenuBar.<init>(TripleAMenuBar.java:24)
	at games.strategy.triplea.ui.TripleAFrame.lambda$new$1(TripleAFrame.java:307)
	at java.desktop/java.awt.event.InvocationEvent.dispatch(InvocationEvent.java:318)
	at java.desktop/java.awt.EventQueue.dispatchEventImpl(EventQueue.java:773)
	at java.desktop/java.awt.EventQueue$4.run(EventQueue.java:720)
	at java.desktop/java.awt.EventQueue$4.run(EventQueue.java:714)
	at java.base/java.security.AccessController.doPrivileged(AccessController.java:399)
	at java.base/java.security.ProtectionDomain$JavaSecurityAccessImpl.doIntersectionPrivilege(ProtectionDomain.java:86)
	at java.desktop/java.awt.EventQueue.dispatchEvent(EventQueue.java:742)
	at java.desktop/java.awt.EventDispatchThread.pumpOneEventForFilters(EventDispatchThread.java:203)
	at java.desktop/java.awt.EventDispatchThread.pumpEventsForFilter(EventDispatchThread.java:124)
	at java.desktop/java.awt.EventDispatchThread.pumpEventsForHierarchy(EventDispatchThread.java:113)
	at java.desktop/java.awt.EventDispatchThread.pumpEvents(EventDispatchThread.java:109)
	at java.desktop/java.awt.EventDispatchThread.pumpEvents(EventDispatchThread.java:101)
	at java.desktop/java.awt.EventDispatchThread.run(EventDispatchThread.java:90)
2082 00:45:40.077 [AWT-EventQueue-0] INFO  org.triplea.sound.ClipPlayer - Unable to create audio device, is there audio on the system? Cannot create AudioDevice
javazoom.jl.decoder.JavaLayerException: Cannot create AudioDevice
	at javazoom.jl.player.FactoryRegistry.createAudioDevice(FactoryRegistry.java:97)
	at org.triplea.sound.ClipPlayer.hasAudio(ClipPlayer.java:144)
	at org.triplea.sound.SoundOptions.buildSoundOptionsMenuItem(SoundOptions.java:22)
	at games.strategy.triplea.ui.menubar.GameMenu.<init>(GameMenu.java:64)
	at games.strategy.triplea.ui.menubar.TripleAMenuBar.<init>(TripleAMenuBar.java:24)
	at games.strategy.triplea.ui.TripleAFrame.lambda$new$1(TripleAFrame.java:307)
	at java.desktop/java.awt.event.InvocationEvent.dispatch(InvocationEvent.java:318)
	at java.desktop/java.awt.EventQueue.dispatchEventImpl(EventQueue.java:773)
	at java.desktop/java.awt.EventQueue$4.run(EventQueue.java:720)
	at java.desktop/java.awt.EventQueue$4.run(EventQueue.java:714)
	at java.base/java.security.AccessController.doPrivileged(AccessController.java:399)
	at java.base/java.security.ProtectionDomain$JavaSecurityAccessImpl.doIntersectionPrivilege(ProtectionDomain.java:86)
	at java.desktop/java.awt.EventQueue.dispatchEvent(EventQueue.java:742)
	at java.desktop/java.awt.EventDispatchThread.pumpOneEventForFilters(EventDispatchThread.java:203)
	at java.desktop/java.awt.EventDispatchThread.pumpEventsForFilter(EventDispatchThread.java:124)
	at java.desktop/java.awt.EventDispatchThread.pumpEventsForHierarchy(EventDispatchThread.java:113)
	at java.desktop/java.awt.EventDispatchThread.pumpEvents(EventDispatchThread.java:109)
	at java.desktop/java.awt.EventDispatchThread.pumpEvents(EventDispatchThread.java:101)
	at java.desktop/java.awt.EventDispatchThread.run(EventDispatchThread.java:90)
553  00:52:07.580 [main] INFO  o.t.game.client.HeadedGameRunner - Launching game, version: 2.7+00000 
807  00:52:07.834 [Thread-5] DEBUG g.s.e.data.gameparser.GameParser - Parsing game XML: /storage/home/hcoda1/6/snayak89/triplea/downloadedMaps/capture_the_flag/map/games/capture_the_flag.xml
1976 00:52:09.003 [Thread-6] INFO  org.triplea.sound.ClipPlayer - Unable to create audio device, is there audio on the system? Cannot create AudioDevice
javazoom.jl.decoder.JavaLayerException: Cannot create AudioDevice
	at javazoom.jl.player.FactoryRegistry.createAudioDevice(FactoryRegistry.java:97)
	at org.triplea.sound.ClipPlayer.hasAudio(ClipPlayer.java:144)
	at org.triplea.sound.ClipPlayer.isSoundEnabled(ClipPlayer.java:251)
	at org.triplea.sound.ClipPlayer.play(ClipPlayer.java:220)
	at org.triplea.sound.ClipPlayer.play(ClipPlayer.java:209)
	at games.strategy.engine.framework.startup.mc.HeadedLaunchAction.startGame(HeadedLaunchAction.java:100)
	at games.strategy.triplea.TripleA.startGame(TripleA.java:62)
	at games.strategy.engine.framework.startup.launcher.LocalLauncher.loadGame(LocalLauncher.java:78)
	at games.strategy.engine.framework.startup.launcher.LocalLauncher.launch(LocalLauncher.java:59)
	at games.strategy.engine.framework.startup.ui.panels.main.MainPanelBuilder.lambda$launch$3(MainPanelBuilder.java:65)
	at java.base/java.lang.Thread.run(Thread.java:840)
2008 00:52:09.035 [AWT-EventQueue-0] INFO  org.triplea.sound.ClipPlayer - Unable to create audio device, is there audio on the system? Cannot create AudioDevice
javazoom.jl.decoder.JavaLayerException: Cannot create AudioDevice
	at javazoom.jl.player.FactoryRegistry.createAudioDevice(FactoryRegistry.java:97)
	at org.triplea.sound.ClipPlayer.hasAudio(ClipPlayer.java:144)
	at org.triplea.sound.SoundOptions.buildGlobalSoundSwitchMenuItem(SoundOptions.java:76)
	at games.strategy.triplea.ui.menubar.GameMenu.<init>(GameMenu.java:63)
	at games.strategy.triplea.ui.menubar.TripleAMenuBar.<init>(TripleAMenuBar.java:24)
	at games.strategy.triplea.ui.TripleAFrame.lambda$new$1(TripleAFrame.java:307)
	at java.desktop/java.awt.event.InvocationEvent.dispatch(InvocationEvent.java:318)
	at java.desktop/java.awt.EventQueue.dispatchEventImpl(EventQueue.java:773)
	at java.desktop/java.awt.EventQueue$4.run(EventQueue.java:720)
	at java.desktop/java.awt.EventQueue$4.run(EventQueue.java:714)
	at java.base/java.security.AccessController.doPrivileged(AccessController.java:399)
	at java.base/java.security.ProtectionDomain$JavaSecurityAccessImpl.doIntersectionPrivilege(ProtectionDomain.java:86)
	at java.desktop/java.awt.EventQueue.dispatchEvent(EventQueue.java:742)
	at java.desktop/java.awt.EventDispatchThread.pumpOneEventForFilters(EventDispatchThread.java:203)
	at java.desktop/java.awt.EventDispatchThread.pumpEventsForFilter(EventDispatchThread.java:124)
	at java.desktop/java.awt.EventDispatchThread.pumpEventsForHierarchy(EventDispatchThread.java:113)
	at java.desktop/java.awt.EventDispatchThread.pumpEvents(EventDispatchThread.java:109)
	at java.desktop/java.awt.EventDispatchThread.pumpEvents(EventDispatchThread.java:101)
	at java.desktop/java.awt.EventDispatchThread.run(EventDispatchThread.java:90)
2022 00:52:09.049 [AWT-EventQueue-0] INFO  org.triplea.sound.ClipPlayer - Unable to create audio device, is there audio on the system? Cannot create AudioDevice
javazoom.jl.decoder.JavaLayerException: Cannot create AudioDevice
	at javazoom.jl.player.FactoryRegistry.createAudioDevice(FactoryRegistry.java:97)
	at org.triplea.sound.ClipPlayer.hasAudio(ClipPlayer.java:144)
	at org.triplea.sound.SoundOptions.buildSoundOptionsMenuItem(SoundOptions.java:22)
	at games.strategy.triplea.ui.menubar.GameMenu.<init>(GameMenu.java:64)
	at games.strategy.triplea.ui.menubar.TripleAMenuBar.<init>(TripleAMenuBar.java:24)
	at games.strategy.triplea.ui.TripleAFrame.lambda$new$1(TripleAFrame.java:307)
	at java.desktop/java.awt.event.InvocationEvent.dispatch(InvocationEvent.java:318)
	at java.desktop/java.awt.EventQueue.dispatchEventImpl(EventQueue.java:773)
	at java.desktop/java.awt.EventQueue$4.run(EventQueue.java:720)
	at java.desktop/java.awt.EventQueue$4.run(EventQueue.java:714)
	at java.base/java.security.AccessController.doPrivileged(AccessController.java:399)
	at java.base/java.security.ProtectionDomain$JavaSecurityAccessImpl.doIntersectionPrivilege(ProtectionDomain.java:86)
	at java.desktop/java.awt.EventQueue.dispatchEvent(EventQueue.java:742)
	at java.desktop/java.awt.EventDispatchThread.pumpOneEventForFilters(EventDispatchThread.java:203)
	at java.desktop/java.awt.EventDispatchThread.pumpEventsForFilter(EventDispatchThread.java:124)
	at java.desktop/java.awt.EventDispatchThread.pumpEventsForHierarchy(EventDispatchThread.java:113)
	at java.desktop/java.awt.EventDispatchThread.pumpEvents(EventDispatchThread.java:109)
	at java.desktop/java.awt.EventDispatchThread.pumpEvents(EventDispatchThread.java:101)
	at java.desktop/java.awt.EventDispatchThread.run(EventDispatchThread.java:90)
525  10:55:59.650 [main] INFO  o.t.game.client.HeadedGameRunner - Launching game, version: 2.7+00000 
798  10:55:59.923 [Thread-5] DEBUG g.s.e.data.gameparser.GameParser - Parsing game XML: /storage/home/hcoda1/6/snayak89/triplea/downloadedMaps/capture_the_flag/map/games/capture_the_flag.xml
1888 10:56:01.013 [Thread-6] INFO  org.triplea.sound.ClipPlayer - Unable to create audio device, is there audio on the system? Cannot create AudioDevice
javazoom.jl.decoder.JavaLayerException: Cannot create AudioDevice
	at javazoom.jl.player.FactoryRegistry.createAudioDevice(FactoryRegistry.java:97)
	at org.triplea.sound.ClipPlayer.hasAudio(ClipPlayer.java:144)
	at org.triplea.sound.ClipPlayer.isSoundEnabled(ClipPlayer.java:251)
	at org.triplea.sound.ClipPlayer.play(ClipPlayer.java:220)
	at org.triplea.sound.ClipPlayer.play(ClipPlayer.java:209)
	at games.strategy.engine.framework.startup.mc.HeadedLaunchAction.startGame(HeadedLaunchAction.java:100)
	at games.strategy.triplea.TripleA.startGame(TripleA.java:62)
	at games.strategy.engine.framework.startup.launcher.LocalLauncher.loadGame(LocalLauncher.java:78)
	at games.strategy.engine.framework.startup.launcher.LocalLauncher.launch(LocalLauncher.java:59)
	at games.strategy.engine.framework.startup.ui.panels.main.MainPanelBuilder.lambda$launch$3(MainPanelBuilder.java:65)
	at java.base/java.lang.Thread.run(Thread.java:840)
1946 10:56:01.071 [AWT-EventQueue-0] INFO  org.triplea.sound.ClipPlayer - Unable to create audio device, is there audio on the system? Cannot create AudioDevice
javazoom.jl.decoder.JavaLayerException: Cannot create AudioDevice
	at javazoom.jl.player.FactoryRegistry.createAudioDevice(FactoryRegistry.java:97)
	at org.triplea.sound.ClipPlayer.hasAudio(ClipPlayer.java:144)
	at org.triplea.sound.SoundOptions.buildGlobalSoundSwitchMenuItem(SoundOptions.java:76)
	at games.strategy.triplea.ui.menubar.GameMenu.<init>(GameMenu.java:63)
	at games.strategy.triplea.ui.menubar.TripleAMenuBar.<init>(TripleAMenuBar.java:24)
	at games.strategy.triplea.ui.TripleAFrame.lambda$new$1(TripleAFrame.java:307)
	at java.desktop/java.awt.event.InvocationEvent.dispatch(InvocationEvent.java:318)
	at java.desktop/java.awt.EventQueue.dispatchEventImpl(EventQueue.java:773)
	at java.desktop/java.awt.EventQueue$4.run(EventQueue.java:720)
	at java.desktop/java.awt.EventQueue$4.run(EventQueue.java:714)
	at java.base/java.security.AccessController.doPrivileged(AccessController.java:399)
	at java.base/java.security.ProtectionDomain$JavaSecurityAccessImpl.doIntersectionPrivilege(ProtectionDomain.java:86)
	at java.desktop/java.awt.EventQueue.dispatchEvent(EventQueue.java:742)
	at java.desktop/java.awt.EventDispatchThread.pumpOneEventForFilters(EventDispatchThread.java:203)
	at java.desktop/java.awt.EventDispatchThread.pumpEventsForFilter(EventDispatchThread.java:124)
	at java.desktop/java.awt.EventDispatchThread.pumpEventsForHierarchy(EventDispatchThread.java:113)
	at java.desktop/java.awt.EventDispatchThread.pumpEvents(EventDispatchThread.java:109)
	at java.desktop/java.awt.EventDispatchThread.pumpEvents(EventDispatchThread.java:101)
	at java.desktop/java.awt.EventDispatchThread.run(EventDispatchThread.java:90)
1979 10:56:01.104 [AWT-EventQueue-0] INFO  org.triplea.sound.ClipPlayer - Unable to create audio device, is there audio on the system? Cannot create AudioDevice
javazoom.jl.decoder.JavaLayerException: Cannot create AudioDevice
	at javazoom.jl.player.FactoryRegistry.createAudioDevice(FactoryRegistry.java:97)
	at org.triplea.sound.ClipPlayer.hasAudio(ClipPlayer.java:144)
	at org.triplea.sound.SoundOptions.buildSoundOptionsMenuItem(SoundOptions.java:22)
	at games.strategy.triplea.ui.menubar.GameMenu.<init>(GameMenu.java:64)
	at games.strategy.triplea.ui.menubar.TripleAMenuBar.<init>(TripleAMenuBar.java:24)
	at games.strategy.triplea.ui.TripleAFrame.lambda$new$1(TripleAFrame.java:307)
	at java.desktop/java.awt.event.InvocationEvent.dispatch(InvocationEvent.java:318)
	at java.desktop/java.awt.EventQueue.dispatchEventImpl(EventQueue.java:773)
	at java.desktop/java.awt.EventQueue$4.run(EventQueue.java:720)
	at java.desktop/java.awt.EventQueue$4.run(EventQueue.java:714)
	at java.base/java.security.AccessController.doPrivileged(AccessController.java:399)
	at java.base/java.security.ProtectionDomain$JavaSecurityAccessImpl.doIntersectionPrivilege(ProtectionDomain.java:86)
	at java.desktop/java.awt.EventQueue.dispatchEvent(EventQueue.java:742)
	at java.desktop/java.awt.EventDispatchThread.pumpOneEventForFilters(EventDispatchThread.java:203)
	at java.desktop/java.awt.EventDispatchThread.pumpEventsForFilter(EventDispatchThread.java:124)
	at java.desktop/java.awt.EventDispatchThread.pumpEventsForHierarchy(EventDispatchThread.java:113)
	at java.desktop/java.awt.EventDispatchThread.pumpEvents(EventDispatchThread.java:109)
	at java.desktop/java.awt.EventDispatchThread.pumpEvents(EventDispatchThread.java:101)
	at java.desktop/java.awt.EventDispatchThread.run(EventDispatchThread.java:90)
534  11:00:29.957 [main] INFO  o.t.game.client.HeadedGameRunner - Launching game, version: 2.7+00000 
802  11:00:30.225 [Thread-5] DEBUG g.s.e.data.gameparser.GameParser - Parsing game XML: /storage/home/hcoda1/6/snayak89/triplea/downloadedMaps/capture_the_flag/map/games/capture_the_flag.xml
1988 11:00:31.411 [Thread-6] INFO  org.triplea.sound.ClipPlayer - Unable to create audio device, is there audio on the system? Cannot create AudioDevice
javazoom.jl.decoder.JavaLayerException: Cannot create AudioDevice
	at javazoom.jl.player.FactoryRegistry.createAudioDevice(FactoryRegistry.java:97)
	at org.triplea.sound.ClipPlayer.hasAudio(ClipPlayer.java:144)
	at org.triplea.sound.ClipPlayer.isSoundEnabled(ClipPlayer.java:251)
	at org.triplea.sound.ClipPlayer.play(ClipPlayer.java:220)
	at org.triplea.sound.ClipPlayer.play(ClipPlayer.java:209)
	at games.strategy.engine.framework.startup.mc.HeadedLaunchAction.startGame(HeadedLaunchAction.java:100)
	at games.strategy.triplea.TripleA.startGame(TripleA.java:62)
	at games.strategy.engine.framework.startup.launcher.LocalLauncher.loadGame(LocalLauncher.java:78)
	at games.strategy.engine.framework.startup.launcher.LocalLauncher.launch(LocalLauncher.java:59)
	at games.strategy.engine.framework.startup.ui.panels.main.MainPanelBuilder.lambda$launch$3(MainPanelBuilder.java:65)
	at java.base/java.lang.Thread.run(Thread.java:840)
2033 11:00:31.456 [AWT-EventQueue-0] INFO  org.triplea.sound.ClipPlayer - Unable to create audio device, is there audio on the system? Cannot create AudioDevice
javazoom.jl.decoder.JavaLayerException: Cannot create AudioDevice
	at javazoom.jl.player.FactoryRegistry.createAudioDevice(FactoryRegistry.java:97)
	at org.triplea.sound.ClipPlayer.hasAudio(ClipPlayer.java:144)
	at org.triplea.sound.SoundOptions.buildGlobalSoundSwitchMenuItem(SoundOptions.java:76)
	at games.strategy.triplea.ui.menubar.GameMenu.<init>(GameMenu.java:63)
	at games.strategy.triplea.ui.menubar.TripleAMenuBar.<init>(TripleAMenuBar.java:24)
	at games.strategy.triplea.ui.TripleAFrame.lambda$new$1(TripleAFrame.java:307)
	at java.desktop/java.awt.event.InvocationEvent.dispatch(InvocationEvent.java:318)
	at java.desktop/java.awt.EventQueue.dispatchEventImpl(EventQueue.java:773)
	at java.desktop/java.awt.EventQueue$4.run(EventQueue.java:720)
	at java.desktop/java.awt.EventQueue$4.run(EventQueue.java:714)
	at java.base/java.security.AccessController.doPrivileged(AccessController.java:399)
	at java.base/java.security.ProtectionDomain$JavaSecurityAccessImpl.doIntersectionPrivilege(ProtectionDomain.java:86)
	at java.desktop/java.awt.EventQueue.dispatchEvent(EventQueue.java:742)
	at java.desktop/java.awt.EventDispatchThread.pumpOneEventForFilters(EventDispatchThread.java:203)
	at java.desktop/java.awt.EventDispatchThread.pumpEventsForFilter(EventDispatchThread.java:124)
	at java.desktop/java.awt.EventDispatchThread.pumpEventsForHierarchy(EventDispatchThread.java:113)
	at java.desktop/java.awt.EventDispatchThread.pumpEvents(EventDispatchThread.java:109)
	at java.desktop/java.awt.EventDispatchThread.pumpEvents(EventDispatchThread.java:101)
	at java.desktop/java.awt.EventDispatchThread.run(EventDispatchThread.java:90)
2068 11:00:31.491 [AWT-EventQueue-0] INFO  org.triplea.sound.ClipPlayer - Unable to create audio device, is there audio on the system? Cannot create AudioDevice
javazoom.jl.decoder.JavaLayerException: Cannot create AudioDevice
	at javazoom.jl.player.FactoryRegistry.createAudioDevice(FactoryRegistry.java:97)
	at org.triplea.sound.ClipPlayer.hasAudio(ClipPlayer.java:144)
	at org.triplea.sound.SoundOptions.buildSoundOptionsMenuItem(SoundOptions.java:22)
	at games.strategy.triplea.ui.menubar.GameMenu.<init>(GameMenu.java:64)
	at games.strategy.triplea.ui.menubar.TripleAMenuBar.<init>(TripleAMenuBar.java:24)
	at games.strategy.triplea.ui.TripleAFrame.lambda$new$1(TripleAFrame.java:307)
	at java.desktop/java.awt.event.InvocationEvent.dispatch(InvocationEvent.java:318)
	at java.desktop/java.awt.EventQueue.dispatchEventImpl(EventQueue.java:773)
	at java.desktop/java.awt.EventQueue$4.run(EventQueue.java:720)
	at java.desktop/java.awt.EventQueue$4.run(EventQueue.java:714)
	at java.base/java.security.AccessController.doPrivileged(AccessController.java:399)
	at java.base/java.security.ProtectionDomain$JavaSecurityAccessImpl.doIntersectionPrivilege(ProtectionDomain.java:86)
	at java.desktop/java.awt.EventQueue.dispatchEvent(EventQueue.java:742)
	at java.desktop/java.awt.EventDispatchThread.pumpOneEventForFilters(EventDispatchThread.java:203)
	at java.desktop/java.awt.EventDispatchThread.pumpEventsForFilter(EventDispatchThread.java:124)
	at java.desktop/java.awt.EventDispatchThread.pumpEventsForHierarchy(EventDispatchThread.java:113)
	at java.desktop/java.awt.EventDispatchThread.pumpEvents(EventDispatchThread.java:109)
	at java.desktop/java.awt.EventDispatchThread.pumpEvents(EventDispatchThread.java:101)
	at java.desktop/java.awt.EventDispatchThread.run(EventDispatchThread.java:90)
536  11:02:23.031 [main] INFO  o.t.game.client.HeadedGameRunner - Launching game, version: 2.7+00000 
793  11:02:23.288 [Thread-5] DEBUG g.s.e.data.gameparser.GameParser - Parsing game XML: /storage/home/hcoda1/6/snayak89/triplea/downloadedMaps/capture_the_flag/map/games/capture_the_flag.xml
1942 11:02:24.437 [Thread-6] INFO  org.triplea.sound.ClipPlayer - Unable to create audio device, is there audio on the system? Cannot create AudioDevice
javazoom.jl.decoder.JavaLayerException: Cannot create AudioDevice
	at javazoom.jl.player.FactoryRegistry.createAudioDevice(FactoryRegistry.java:97)
	at org.triplea.sound.ClipPlayer.hasAudio(ClipPlayer.java:144)
	at org.triplea.sound.ClipPlayer.isSoundEnabled(ClipPlayer.java:251)
	at org.triplea.sound.ClipPlayer.play(ClipPlayer.java:220)
	at org.triplea.sound.ClipPlayer.play(ClipPlayer.java:209)
	at games.strategy.engine.framework.startup.mc.HeadedLaunchAction.startGame(HeadedLaunchAction.java:100)
	at games.strategy.triplea.TripleA.startGame(TripleA.java:62)
	at games.strategy.engine.framework.startup.launcher.LocalLauncher.loadGame(LocalLauncher.java:78)
	at games.strategy.engine.framework.startup.launcher.LocalLauncher.launch(LocalLauncher.java:59)
	at games.strategy.engine.framework.startup.ui.panels.main.MainPanelBuilder.lambda$launch$3(MainPanelBuilder.java:65)
	at java.base/java.lang.Thread.run(Thread.java:840)
2013 11:02:24.508 [AWT-EventQueue-0] INFO  org.triplea.sound.ClipPlayer - Unable to create audio device, is there audio on the system? Cannot create AudioDevice
javazoom.jl.decoder.JavaLayerException: Cannot create AudioDevice
	at javazoom.jl.player.FactoryRegistry.createAudioDevice(FactoryRegistry.java:97)
	at org.triplea.sound.ClipPlayer.hasAudio(ClipPlayer.java:144)
	at org.triplea.sound.SoundOptions.buildGlobalSoundSwitchMenuItem(SoundOptions.java:76)
	at games.strategy.triplea.ui.menubar.GameMenu.<init>(GameMenu.java:63)
	at games.strategy.triplea.ui.menubar.TripleAMenuBar.<init>(TripleAMenuBar.java:24)
	at games.strategy.triplea.ui.TripleAFrame.lambda$new$1(TripleAFrame.java:307)
	at java.desktop/java.awt.event.InvocationEvent.dispatch(InvocationEvent.java:318)
	at java.desktop/java.awt.EventQueue.dispatchEventImpl(EventQueue.java:773)
	at java.desktop/java.awt.EventQueue$4.run(EventQueue.java:720)
	at java.desktop/java.awt.EventQueue$4.run(EventQueue.java:714)
	at java.base/java.security.AccessController.doPrivileged(AccessController.java:399)
	at java.base/java.security.ProtectionDomain$JavaSecurityAccessImpl.doIntersectionPrivilege(ProtectionDomain.java:86)
	at java.desktop/java.awt.EventQueue.dispatchEvent(EventQueue.java:742)
	at java.desktop/java.awt.EventDispatchThread.pumpOneEventForFilters(EventDispatchThread.java:203)
	at java.desktop/java.awt.EventDispatchThread.pumpEventsForFilter(EventDispatchThread.java:124)
	at java.desktop/java.awt.EventDispatchThread.pumpEventsForHierarchy(EventDispatchThread.java:113)
	at java.desktop/java.awt.EventDispatchThread.pumpEvents(EventDispatchThread.java:109)
	at java.desktop/java.awt.EventDispatchThread.pumpEvents(EventDispatchThread.java:101)
	at java.desktop/java.awt.EventDispatchThread.run(EventDispatchThread.java:90)
2048 11:02:24.543 [AWT-EventQueue-0] INFO  org.triplea.sound.ClipPlayer - Unable to create audio device, is there audio on the system? Cannot create AudioDevice
javazoom.jl.decoder.JavaLayerException: Cannot create AudioDevice
	at javazoom.jl.player.FactoryRegistry.createAudioDevice(FactoryRegistry.java:97)
	at org.triplea.sound.ClipPlayer.hasAudio(ClipPlayer.java:144)
	at org.triplea.sound.SoundOptions.buildSoundOptionsMenuItem(SoundOptions.java:22)
	at games.strategy.triplea.ui.menubar.GameMenu.<init>(GameMenu.java:64)
	at games.strategy.triplea.ui.menubar.TripleAMenuBar.<init>(TripleAMenuBar.java:24)
	at games.strategy.triplea.ui.TripleAFrame.lambda$new$1(TripleAFrame.java:307)
	at java.desktop/java.awt.event.InvocationEvent.dispatch(InvocationEvent.java:318)
	at java.desktop/java.awt.EventQueue.dispatchEventImpl(EventQueue.java:773)
	at java.desktop/java.awt.EventQueue$4.run(EventQueue.java:720)
	at java.desktop/java.awt.EventQueue$4.run(EventQueue.java:714)
	at java.base/java.security.AccessController.doPrivileged(AccessController.java:399)
	at java.base/java.security.ProtectionDomain$JavaSecurityAccessImpl.doIntersectionPrivilege(ProtectionDomain.java:86)
	at java.desktop/java.awt.EventQueue.dispatchEvent(EventQueue.java:742)
	at java.desktop/java.awt.EventDispatchThread.pumpOneEventForFilters(EventDispatchThread.java:203)
	at java.desktop/java.awt.EventDispatchThread.pumpEventsForFilter(EventDispatchThread.java:124)
	at java.desktop/java.awt.EventDispatchThread.pumpEventsForHierarchy(EventDispatchThread.java:113)
	at java.desktop/java.awt.EventDispatchThread.pumpEvents(EventDispatchThread.java:109)
	at java.desktop/java.awt.EventDispatchThread.pumpEvents(EventDispatchThread.java:101)
	at java.desktop/java.awt.EventDispatchThread.run(EventDispatchThread.java:90)
543  11:17:47.338 [main] INFO  o.t.game.client.HeadedGameRunner - Launching game, version: 2.7+00000 
801  11:17:47.596 [Thread-5] DEBUG g.s.e.data.gameparser.GameParser - Parsing game XML: /storage/home/hcoda1/6/snayak89/triplea/downloadedMaps/capture_the_flag/map/games/capture_the_flag.xml
1813 11:17:48.608 [Thread-6] INFO  org.triplea.sound.ClipPlayer - Unable to create audio device, is there audio on the system? Cannot create AudioDevice
javazoom.jl.decoder.JavaLayerException: Cannot create AudioDevice
	at javazoom.jl.player.FactoryRegistry.createAudioDevice(FactoryRegistry.java:97)
	at org.triplea.sound.ClipPlayer.hasAudio(ClipPlayer.java:144)
	at org.triplea.sound.ClipPlayer.isSoundEnabled(ClipPlayer.java:251)
	at org.triplea.sound.ClipPlayer.play(ClipPlayer.java:220)
	at org.triplea.sound.ClipPlayer.play(ClipPlayer.java:209)
	at games.strategy.engine.framework.startup.mc.HeadedLaunchAction.startGame(HeadedLaunchAction.java:100)
	at games.strategy.triplea.TripleA.startGame(TripleA.java:62)
	at games.strategy.engine.framework.startup.launcher.LocalLauncher.loadGame(LocalLauncher.java:78)
	at games.strategy.engine.framework.startup.launcher.LocalLauncher.launch(LocalLauncher.java:59)
	at games.strategy.engine.framework.startup.ui.panels.main.MainPanelBuilder.lambda$launch$3(MainPanelBuilder.java:65)
	at java.base/java.lang.Thread.run(Thread.java:840)
1880 11:17:48.675 [AWT-EventQueue-0] INFO  org.triplea.sound.ClipPlayer - Unable to create audio device, is there audio on the system? Cannot create AudioDevice
javazoom.jl.decoder.JavaLayerException: Cannot create AudioDevice
	at javazoom.jl.player.FactoryRegistry.createAudioDevice(FactoryRegistry.java:97)
	at org.triplea.sound.ClipPlayer.hasAudio(ClipPlayer.java:144)
	at org.triplea.sound.SoundOptions.buildGlobalSoundSwitchMenuItem(SoundOptions.java:76)
	at games.strategy.triplea.ui.menubar.GameMenu.<init>(GameMenu.java:63)
	at games.strategy.triplea.ui.menubar.TripleAMenuBar.<init>(TripleAMenuBar.java:24)
	at games.strategy.triplea.ui.TripleAFrame.lambda$new$1(TripleAFrame.java:307)
	at java.desktop/java.awt.event.InvocationEvent.dispatch(InvocationEvent.java:318)
	at java.desktop/java.awt.EventQueue.dispatchEventImpl(EventQueue.java:773)
	at java.desktop/java.awt.EventQueue$4.run(EventQueue.java:720)
	at java.desktop/java.awt.EventQueue$4.run(EventQueue.java:714)
	at java.base/java.security.AccessController.doPrivileged(AccessController.java:399)
	at java.base/java.security.ProtectionDomain$JavaSecurityAccessImpl.doIntersectionPrivilege(ProtectionDomain.java:86)
	at java.desktop/java.awt.EventQueue.dispatchEvent(EventQueue.java:742)
	at java.desktop/java.awt.EventDispatchThread.pumpOneEventForFilters(EventDispatchThread.java:203)
	at java.desktop/java.awt.EventDispatchThread.pumpEventsForFilter(EventDispatchThread.java:124)
	at java.desktop/java.awt.EventDispatchThread.pumpEventsForHierarchy(EventDispatchThread.java:113)
	at java.desktop/java.awt.EventDispatchThread.pumpEvents(EventDispatchThread.java:109)
	at java.desktop/java.awt.EventDispatchThread.pumpEvents(EventDispatchThread.java:101)
	at java.desktop/java.awt.EventDispatchThread.run(EventDispatchThread.java:90)
1910 11:17:48.705 [AWT-EventQueue-0] INFO  org.triplea.sound.ClipPlayer - Unable to create audio device, is there audio on the system? Cannot create AudioDevice
javazoom.jl.decoder.JavaLayerException: Cannot create AudioDevice
	at javazoom.jl.player.FactoryRegistry.createAudioDevice(FactoryRegistry.java:97)
	at org.triplea.sound.ClipPlayer.hasAudio(ClipPlayer.java:144)
	at org.triplea.sound.SoundOptions.buildSoundOptionsMenuItem(SoundOptions.java:22)
	at games.strategy.triplea.ui.menubar.GameMenu.<init>(GameMenu.java:64)
	at games.strategy.triplea.ui.menubar.TripleAMenuBar.<init>(TripleAMenuBar.java:24)
	at games.strategy.triplea.ui.TripleAFrame.lambda$new$1(TripleAFrame.java:307)
	at java.desktop/java.awt.event.InvocationEvent.dispatch(InvocationEvent.java:318)
	at java.desktop/java.awt.EventQueue.dispatchEventImpl(EventQueue.java:773)
	at java.desktop/java.awt.EventQueue$4.run(EventQueue.java:720)
	at java.desktop/java.awt.EventQueue$4.run(EventQueue.java:714)
	at java.base/java.security.AccessController.doPrivileged(AccessController.java:399)
	at java.base/java.security.ProtectionDomain$JavaSecurityAccessImpl.doIntersectionPrivilege(ProtectionDomain.java:86)
	at java.desktop/java.awt.EventQueue.dispatchEvent(EventQueue.java:742)
	at java.desktop/java.awt.EventDispatchThread.pumpOneEventForFilters(EventDispatchThread.java:203)
	at java.desktop/java.awt.EventDispatchThread.pumpEventsForFilter(EventDispatchThread.java:124)
	at java.desktop/java.awt.EventDispatchThread.pumpEventsForHierarchy(EventDispatchThread.java:113)
	at java.desktop/java.awt.EventDispatchThread.pumpEvents(EventDispatchThread.java:109)
	at java.desktop/java.awt.EventDispatchThread.pumpEvents(EventDispatchThread.java:101)
	at java.desktop/java.awt.EventDispatchThread.run(EventDispatchThread.java:90)
1071237 11:35:38.032 [Thread-2157] DEBUG g.s.e.data.gameparser.GameParser - Parsing game XML: /storage/home/hcoda1/6/snayak89/triplea/downloadedMaps/capture_the_flag/map/games/capture_the_flag.xml
1071558 11:35:38.353 [Thread-2158] INFO  org.triplea.sound.ClipPlayer - Unable to create audio device, is there audio on the system? Cannot create AudioDevice
javazoom.jl.decoder.JavaLayerException: Cannot create AudioDevice
	at javazoom.jl.player.FactoryRegistry.createAudioDevice(FactoryRegistry.java:97)
	at org.triplea.sound.ClipPlayer.hasAudio(ClipPlayer.java:144)
	at org.triplea.sound.ClipPlayer.isSoundEnabled(ClipPlayer.java:251)
	at org.triplea.sound.ClipPlayer.play(ClipPlayer.java:220)
	at org.triplea.sound.ClipPlayer.play(ClipPlayer.java:209)
	at games.strategy.engine.framework.startup.mc.HeadedLaunchAction.startGame(HeadedLaunchAction.java:100)
	at games.strategy.triplea.TripleA.startGame(TripleA.java:62)
	at games.strategy.engine.framework.startup.launcher.LocalLauncher.loadGame(LocalLauncher.java:78)
	at games.strategy.engine.framework.startup.launcher.LocalLauncher.launch(LocalLauncher.java:59)
	at games.strategy.engine.framework.startup.ui.panels.main.MainPanelBuilder.lambda$launch$3(MainPanelBuilder.java:65)
	at java.base/java.lang.Thread.run(Thread.java:840)
1071629 11:35:38.424 [AWT-EventQueue-0] INFO  org.triplea.sound.ClipPlayer - Unable to create audio device, is there audio on the system? Cannot create AudioDevice
javazoom.jl.decoder.JavaLayerException: Cannot create AudioDevice
	at javazoom.jl.player.FactoryRegistry.createAudioDevice(FactoryRegistry.java:97)
	at org.triplea.sound.ClipPlayer.hasAudio(ClipPlayer.java:144)
	at org.triplea.sound.SoundOptions.buildGlobalSoundSwitchMenuItem(SoundOptions.java:76)
	at games.strategy.triplea.ui.menubar.GameMenu.<init>(GameMenu.java:63)
	at games.strategy.triplea.ui.menubar.TripleAMenuBar.<init>(TripleAMenuBar.java:24)
	at games.strategy.triplea.ui.TripleAFrame.lambda$new$1(TripleAFrame.java:307)
	at java.desktop/java.awt.event.InvocationEvent.dispatch(InvocationEvent.java:318)
	at java.desktop/java.awt.EventQueue.dispatchEventImpl(EventQueue.java:773)
	at java.desktop/java.awt.EventQueue$4.run(EventQueue.java:720)
	at java.desktop/java.awt.EventQueue$4.run(EventQueue.java:714)
	at java.base/java.security.AccessController.doPrivileged(AccessController.java:399)
	at java.base/java.security.ProtectionDomain$JavaSecurityAccessImpl.doIntersectionPrivilege(ProtectionDomain.java:86)
	at java.desktop/java.awt.EventQueue.dispatchEvent(EventQueue.java:742)
	at java.desktop/java.awt.EventDispatchThread.pumpOneEventForFilters(EventDispatchThread.java:203)
	at java.desktop/java.awt.EventDispatchThread.pumpEventsForFilter(EventDispatchThread.java:124)
	at java.desktop/java.awt.EventDispatchThread.pumpEventsForHierarchy(EventDispatchThread.java:113)
	at java.desktop/java.awt.EventDispatchThread.pumpEvents(EventDispatchThread.java:109)
	at java.desktop/java.awt.EventDispatchThread.pumpEvents(EventDispatchThread.java:101)
	at java.desktop/java.awt.EventDispatchThread.run(EventDispatchThread.java:90)
1071663 11:35:38.458 [AWT-EventQueue-0] INFO  org.triplea.sound.ClipPlayer - Unable to create audio device, is there audio on the system? Cannot create AudioDevice
javazoom.jl.decoder.JavaLayerException: Cannot create AudioDevice
	at javazoom.jl.player.FactoryRegistry.createAudioDevice(FactoryRegistry.java:97)
	at org.triplea.sound.ClipPlayer.hasAudio(ClipPlayer.java:144)
	at org.triplea.sound.SoundOptions.buildSoundOptionsMenuItem(SoundOptions.java:22)
	at games.strategy.triplea.ui.menubar.GameMenu.<init>(GameMenu.java:64)
	at games.strategy.triplea.ui.menubar.TripleAMenuBar.<init>(TripleAMenuBar.java:24)
	at games.strategy.triplea.ui.TripleAFrame.lambda$new$1(TripleAFrame.java:307)
	at java.desktop/java.awt.event.InvocationEvent.dispatch(InvocationEvent.java:318)
	at java.desktop/java.awt.EventQueue.dispatchEventImpl(EventQueue.java:773)
	at java.desktop/java.awt.EventQueue$4.run(EventQueue.java:720)
	at java.desktop/java.awt.EventQueue$4.run(EventQueue.java:714)
	at java.base/java.security.AccessController.doPrivileged(AccessController.java:399)
	at java.base/java.security.ProtectionDomain$JavaSecurityAccessImpl.doIntersectionPrivilege(ProtectionDomain.java:86)
	at java.desktop/java.awt.EventQueue.dispatchEvent(EventQueue.java:742)
	at java.desktop/java.awt.EventDispatchThread.pumpOneEventForFilters(EventDispatchThread.java:203)
	at java.desktop/java.awt.EventDispatchThread.pumpEventsForFilter(EventDispatchThread.java:124)
	at java.desktop/java.awt.EventDispatchThread.pumpEventsForHierarchy(EventDispatchThread.java:113)
	at java.desktop/java.awt.EventDispatchThread.pumpEvents(EventDispatchThread.java:109)
	at java.desktop/java.awt.EventDispatchThread.pumpEvents(EventDispatchThread.java:101)
	at java.desktop/java.awt.EventDispatchThread.run(EventDispatchThread.java:90)
524  11:36:56.416 [main] INFO  o.t.game.client.HeadedGameRunner - Launching game, version: 2.7+00000 
805  11:36:56.697 [Thread-5] DEBUG g.s.e.data.gameparser.GameParser - Parsing game XML: /storage/home/hcoda1/6/snayak89/triplea/downloadedMaps/capture_the_flag/map/games/capture_the_flag.xml
1917 11:36:57.809 [Thread-6] INFO  org.triplea.sound.ClipPlayer - Unable to create audio device, is there audio on the system? Cannot create AudioDevice
javazoom.jl.decoder.JavaLayerException: Cannot create AudioDevice
	at javazoom.jl.player.FactoryRegistry.createAudioDevice(FactoryRegistry.java:97)
	at org.triplea.sound.ClipPlayer.hasAudio(ClipPlayer.java:144)
	at org.triplea.sound.ClipPlayer.isSoundEnabled(ClipPlayer.java:251)
	at org.triplea.sound.ClipPlayer.play(ClipPlayer.java:220)
	at org.triplea.sound.ClipPlayer.play(ClipPlayer.java:209)
	at games.strategy.engine.framework.startup.mc.HeadedLaunchAction.startGame(HeadedLaunchAction.java:100)
	at games.strategy.triplea.TripleA.startGame(TripleA.java:62)
	at games.strategy.engine.framework.startup.launcher.LocalLauncher.loadGame(LocalLauncher.java:78)
	at games.strategy.engine.framework.startup.launcher.LocalLauncher.launch(LocalLauncher.java:59)
	at games.strategy.engine.framework.startup.ui.panels.main.MainPanelBuilder.lambda$launch$3(MainPanelBuilder.java:65)
	at java.base/java.lang.Thread.run(Thread.java:840)
1971 11:36:57.863 [AWT-EventQueue-0] INFO  org.triplea.sound.ClipPlayer - Unable to create audio device, is there audio on the system? Cannot create AudioDevice
javazoom.jl.decoder.JavaLayerException: Cannot create AudioDevice
	at javazoom.jl.player.FactoryRegistry.createAudioDevice(FactoryRegistry.java:97)
	at org.triplea.sound.ClipPlayer.hasAudio(ClipPlayer.java:144)
	at org.triplea.sound.SoundOptions.buildGlobalSoundSwitchMenuItem(SoundOptions.java:76)
	at games.strategy.triplea.ui.menubar.GameMenu.<init>(GameMenu.java:63)
	at games.strategy.triplea.ui.menubar.TripleAMenuBar.<init>(TripleAMenuBar.java:24)
	at games.strategy.triplea.ui.TripleAFrame.lambda$new$1(TripleAFrame.java:307)
	at java.desktop/java.awt.event.InvocationEvent.dispatch(InvocationEvent.java:318)
	at java.desktop/java.awt.EventQueue.dispatchEventImpl(EventQueue.java:773)
	at java.desktop/java.awt.EventQueue$4.run(EventQueue.java:720)
	at java.desktop/java.awt.EventQueue$4.run(EventQueue.java:714)
	at java.base/java.security.AccessController.doPrivileged(AccessController.java:399)
	at java.base/java.security.ProtectionDomain$JavaSecurityAccessImpl.doIntersectionPrivilege(ProtectionDomain.java:86)
	at java.desktop/java.awt.EventQueue.dispatchEvent(EventQueue.java:742)
	at java.desktop/java.awt.EventDispatchThread.pumpOneEventForFilters(EventDispatchThread.java:203)
	at java.desktop/java.awt.EventDispatchThread.pumpEventsForFilter(EventDispatchThread.java:124)
	at java.desktop/java.awt.EventDispatchThread.pumpEventsForHierarchy(EventDispatchThread.java:113)
	at java.desktop/java.awt.EventDispatchThread.pumpEvents(EventDispatchThread.java:109)
	at java.desktop/java.awt.EventDispatchThread.pumpEvents(EventDispatchThread.java:101)
	at java.desktop/java.awt.EventDispatchThread.run(EventDispatchThread.java:90)
2005 11:36:57.897 [AWT-EventQueue-0] INFO  org.triplea.sound.ClipPlayer - Unable to create audio device, is there audio on the system? Cannot create AudioDevice
javazoom.jl.decoder.JavaLayerException: Cannot create AudioDevice
	at javazoom.jl.player.FactoryRegistry.createAudioDevice(FactoryRegistry.java:97)
	at org.triplea.sound.ClipPlayer.hasAudio(ClipPlayer.java:144)
	at org.triplea.sound.SoundOptions.buildSoundOptionsMenuItem(SoundOptions.java:22)
	at games.strategy.triplea.ui.menubar.GameMenu.<init>(GameMenu.java:64)
	at games.strategy.triplea.ui.menubar.TripleAMenuBar.<init>(TripleAMenuBar.java:24)
	at games.strategy.triplea.ui.TripleAFrame.lambda$new$1(TripleAFrame.java:307)
	at java.desktop/java.awt.event.InvocationEvent.dispatch(InvocationEvent.java:318)
	at java.desktop/java.awt.EventQueue.dispatchEventImpl(EventQueue.java:773)
	at java.desktop/java.awt.EventQueue$4.run(EventQueue.java:720)
	at java.desktop/java.awt.EventQueue$4.run(EventQueue.java:714)
	at java.base/java.security.AccessController.doPrivileged(AccessController.java:399)
	at java.base/java.security.ProtectionDomain$JavaSecurityAccessImpl.doIntersectionPrivilege(ProtectionDomain.java:86)
	at java.desktop/java.awt.EventQueue.dispatchEvent(EventQueue.java:742)
	at java.desktop/java.awt.EventDispatchThread.pumpOneEventForFilters(EventDispatchThread.java:203)
	at java.desktop/java.awt.EventDispatchThread.pumpEventsForFilter(EventDispatchThread.java:124)
	at java.desktop/java.awt.EventDispatchThread.pumpEventsForHierarchy(EventDispatchThread.java:113)
	at java.desktop/java.awt.EventDispatchThread.pumpEvents(EventDispatchThread.java:109)
	at java.desktop/java.awt.EventDispatchThread.pumpEvents(EventDispatchThread.java:101)
	at java.desktop/java.awt.EventDispatchThread.run(EventDispatchThread.java:90)
502  11:39:05.841 [main] INFO  o.t.game.client.HeadedGameRunner - Launching game, version: 2.7+00000 
758  11:39:06.097 [Thread-5] DEBUG g.s.e.data.gameparser.GameParser - Parsing game XML: /storage/home/hcoda1/6/snayak89/triplea/downloadedMaps/capture_the_flag/map/games/capture_the_flag.xml
1814 11:39:07.153 [Thread-6] INFO  org.triplea.sound.ClipPlayer - Unable to create audio device, is there audio on the system? Cannot create AudioDevice
javazoom.jl.decoder.JavaLayerException: Cannot create AudioDevice
	at javazoom.jl.player.FactoryRegistry.createAudioDevice(FactoryRegistry.java:97)
	at org.triplea.sound.ClipPlayer.hasAudio(ClipPlayer.java:144)
	at org.triplea.sound.ClipPlayer.isSoundEnabled(ClipPlayer.java:251)
	at org.triplea.sound.ClipPlayer.play(ClipPlayer.java:220)
	at org.triplea.sound.ClipPlayer.play(ClipPlayer.java:209)
	at games.strategy.engine.framework.startup.mc.HeadedLaunchAction.startGame(HeadedLaunchAction.java:100)
	at games.strategy.triplea.TripleA.startGame(TripleA.java:62)
	at games.strategy.engine.framework.startup.launcher.LocalLauncher.loadGame(LocalLauncher.java:78)
	at games.strategy.engine.framework.startup.launcher.LocalLauncher.launch(LocalLauncher.java:59)
	at games.strategy.engine.framework.startup.ui.panels.main.MainPanelBuilder.lambda$launch$3(MainPanelBuilder.java:65)
	at java.base/java.lang.Thread.run(Thread.java:840)
1864 11:39:07.203 [AWT-EventQueue-0] INFO  org.triplea.sound.ClipPlayer - Unable to create audio device, is there audio on the system? Cannot create AudioDevice
javazoom.jl.decoder.JavaLayerException: Cannot create AudioDevice
	at javazoom.jl.player.FactoryRegistry.createAudioDevice(FactoryRegistry.java:97)
	at org.triplea.sound.ClipPlayer.hasAudio(ClipPlayer.java:144)
	at org.triplea.sound.SoundOptions.buildGlobalSoundSwitchMenuItem(SoundOptions.java:76)
	at games.strategy.triplea.ui.menubar.GameMenu.<init>(GameMenu.java:63)
	at games.strategy.triplea.ui.menubar.TripleAMenuBar.<init>(TripleAMenuBar.java:24)
	at games.strategy.triplea.ui.TripleAFrame.lambda$new$1(TripleAFrame.java:307)
	at java.desktop/java.awt.event.InvocationEvent.dispatch(InvocationEvent.java:318)
	at java.desktop/java.awt.EventQueue.dispatchEventImpl(EventQueue.java:773)
	at java.desktop/java.awt.EventQueue$4.run(EventQueue.java:720)
	at java.desktop/java.awt.EventQueue$4.run(EventQueue.java:714)
	at java.base/java.security.AccessController.doPrivileged(AccessController.java:399)
	at java.base/java.security.ProtectionDomain$JavaSecurityAccessImpl.doIntersectionPrivilege(ProtectionDomain.java:86)
	at java.desktop/java.awt.EventQueue.dispatchEvent(EventQueue.java:742)
	at java.desktop/java.awt.EventDispatchThread.pumpOneEventForFilters(EventDispatchThread.java:203)
	at java.desktop/java.awt.EventDispatchThread.pumpEventsForFilter(EventDispatchThread.java:124)
	at java.desktop/java.awt.EventDispatchThread.pumpEventsForHierarchy(EventDispatchThread.java:113)
	at java.desktop/java.awt.EventDispatchThread.pumpEvents(EventDispatchThread.java:109)
	at java.desktop/java.awt.EventDispatchThread.pumpEvents(EventDispatchThread.java:101)
	at java.desktop/java.awt.EventDispatchThread.run(EventDispatchThread.java:90)
1898 11:39:07.237 [AWT-EventQueue-0] INFO  org.triplea.sound.ClipPlayer - Unable to create audio device, is there audio on the system? Cannot create AudioDevice
javazoom.jl.decoder.JavaLayerException: Cannot create AudioDevice
	at javazoom.jl.player.FactoryRegistry.createAudioDevice(FactoryRegistry.java:97)
	at org.triplea.sound.ClipPlayer.hasAudio(ClipPlayer.java:144)
	at org.triplea.sound.SoundOptions.buildSoundOptionsMenuItem(SoundOptions.java:22)
	at games.strategy.triplea.ui.menubar.GameMenu.<init>(GameMenu.java:64)
	at games.strategy.triplea.ui.menubar.TripleAMenuBar.<init>(TripleAMenuBar.java:24)
	at games.strategy.triplea.ui.TripleAFrame.lambda$new$1(TripleAFrame.java:307)
	at java.desktop/java.awt.event.InvocationEvent.dispatch(InvocationEvent.java:318)
	at java.desktop/java.awt.EventQueue.dispatchEventImpl(EventQueue.java:773)
	at java.desktop/java.awt.EventQueue$4.run(EventQueue.java:720)
	at java.desktop/java.awt.EventQueue$4.run(EventQueue.java:714)
	at java.base/java.security.AccessController.doPrivileged(AccessController.java:399)
	at java.base/java.security.ProtectionDomain$JavaSecurityAccessImpl.doIntersectionPrivilege(ProtectionDomain.java:86)
	at java.desktop/java.awt.EventQueue.dispatchEvent(EventQueue.java:742)
	at java.desktop/java.awt.EventDispatchThread.pumpOneEventForFilters(EventDispatchThread.java:203)
	at java.desktop/java.awt.EventDispatchThread.pumpEventsForFilter(EventDispatchThread.java:124)
	at java.desktop/java.awt.EventDispatchThread.pumpEventsForHierarchy(EventDispatchThread.java:113)
	at java.desktop/java.awt.EventDispatchThread.pumpEvents(EventDispatchThread.java:109)
	at java.desktop/java.awt.EventDispatchThread.pumpEvents(EventDispatchThread.java:101)
	at java.desktop/java.awt.EventDispatchThread.run(EventDispatchThread.java:90)
520  11:48:26.895 [main] INFO  o.t.game.client.HeadedGameRunner - Launching game, version: 2.7+00000 
771  11:48:27.146 [Thread-5] DEBUG g.s.e.data.gameparser.GameParser - Parsing game XML: /storage/home/hcoda1/6/snayak89/triplea/downloadedMaps/capture_the_flag/map/games/capture_the_flag.xml
1745 11:48:28.120 [Thread-6] INFO  org.triplea.sound.ClipPlayer - Unable to create audio device, is there audio on the system? Cannot create AudioDevice
javazoom.jl.decoder.JavaLayerException: Cannot create AudioDevice
	at javazoom.jl.player.FactoryRegistry.createAudioDevice(FactoryRegistry.java:97)
	at org.triplea.sound.ClipPlayer.hasAudio(ClipPlayer.java:144)
	at org.triplea.sound.ClipPlayer.isSoundEnabled(ClipPlayer.java:251)
	at org.triplea.sound.ClipPlayer.play(ClipPlayer.java:220)
	at org.triplea.sound.ClipPlayer.play(ClipPlayer.java:209)
	at games.strategy.engine.framework.startup.mc.HeadedLaunchAction.startGame(HeadedLaunchAction.java:100)
	at games.strategy.triplea.TripleA.startGame(TripleA.java:62)
	at games.strategy.engine.framework.startup.launcher.LocalLauncher.loadGame(LocalLauncher.java:78)
	at games.strategy.engine.framework.startup.launcher.LocalLauncher.launch(LocalLauncher.java:59)
	at games.strategy.engine.framework.startup.ui.panels.main.MainPanelBuilder.lambda$launch$3(MainPanelBuilder.java:65)
	at java.base/java.lang.Thread.run(Thread.java:840)
1777 11:48:28.152 [AWT-EventQueue-0] INFO  org.triplea.sound.ClipPlayer - Unable to create audio device, is there audio on the system? Cannot create AudioDevice
javazoom.jl.decoder.JavaLayerException: Cannot create AudioDevice
	at javazoom.jl.player.FactoryRegistry.createAudioDevice(FactoryRegistry.java:97)
	at org.triplea.sound.ClipPlayer.hasAudio(ClipPlayer.java:144)
	at org.triplea.sound.SoundOptions.buildGlobalSoundSwitchMenuItem(SoundOptions.java:76)
	at games.strategy.triplea.ui.menubar.GameMenu.<init>(GameMenu.java:63)
	at games.strategy.triplea.ui.menubar.TripleAMenuBar.<init>(TripleAMenuBar.java:24)
	at games.strategy.triplea.ui.TripleAFrame.lambda$new$1(TripleAFrame.java:307)
	at java.desktop/java.awt.event.InvocationEvent.dispatch(InvocationEvent.java:318)
	at java.desktop/java.awt.EventQueue.dispatchEventImpl(EventQueue.java:773)
	at java.desktop/java.awt.EventQueue$4.run(EventQueue.java:720)
	at java.desktop/java.awt.EventQueue$4.run(EventQueue.java:714)
	at java.base/java.security.AccessController.doPrivileged(AccessController.java:399)
	at java.base/java.security.ProtectionDomain$JavaSecurityAccessImpl.doIntersectionPrivilege(ProtectionDomain.java:86)
	at java.desktop/java.awt.EventQueue.dispatchEvent(EventQueue.java:742)
	at java.desktop/java.awt.EventDispatchThread.pumpOneEventForFilters(EventDispatchThread.java:203)
	at java.desktop/java.awt.EventDispatchThread.pumpEventsForFilter(EventDispatchThread.java:124)
	at java.desktop/java.awt.EventDispatchThread.pumpEventsForHierarchy(EventDispatchThread.java:113)
	at java.desktop/java.awt.EventDispatchThread.pumpEvents(EventDispatchThread.java:109)
	at java.desktop/java.awt.EventDispatchThread.pumpEvents(EventDispatchThread.java:101)
	at java.desktop/java.awt.EventDispatchThread.run(EventDispatchThread.java:90)
1811 11:48:28.186 [AWT-EventQueue-0] INFO  org.triplea.sound.ClipPlayer - Unable to create audio device, is there audio on the system? Cannot create AudioDevice
javazoom.jl.decoder.JavaLayerException: Cannot create AudioDevice
	at javazoom.jl.player.FactoryRegistry.createAudioDevice(FactoryRegistry.java:97)
	at org.triplea.sound.ClipPlayer.hasAudio(ClipPlayer.java:144)
	at org.triplea.sound.SoundOptions.buildSoundOptionsMenuItem(SoundOptions.java:22)
	at games.strategy.triplea.ui.menubar.GameMenu.<init>(GameMenu.java:64)
	at games.strategy.triplea.ui.menubar.TripleAMenuBar.<init>(TripleAMenuBar.java:24)
	at games.strategy.triplea.ui.TripleAFrame.lambda$new$1(TripleAFrame.java:307)
	at java.desktop/java.awt.event.InvocationEvent.dispatch(InvocationEvent.java:318)
	at java.desktop/java.awt.EventQueue.dispatchEventImpl(EventQueue.java:773)
	at java.desktop/java.awt.EventQueue$4.run(EventQueue.java:720)
	at java.desktop/java.awt.EventQueue$4.run(EventQueue.java:714)
	at java.base/java.security.AccessController.doPrivileged(AccessController.java:399)
	at java.base/java.security.ProtectionDomain$JavaSecurityAccessImpl.doIntersectionPrivilege(ProtectionDomain.java:86)
	at java.desktop/java.awt.EventQueue.dispatchEvent(EventQueue.java:742)
	at java.desktop/java.awt.EventDispatchThread.pumpOneEventForFilters(EventDispatchThread.java:203)
	at java.desktop/java.awt.EventDispatchThread.pumpEventsForFilter(EventDispatchThread.java:124)
	at java.desktop/java.awt.EventDispatchThread.pumpEventsForHierarchy(EventDispatchThread.java:113)
	at java.desktop/java.awt.EventDispatchThread.pumpEvents(EventDispatchThread.java:109)
	at java.desktop/java.awt.EventDispatchThread.pumpEvents(EventDispatchThread.java:101)
	at java.desktop/java.awt.EventDispatchThread.run(EventDispatchThread.java:90)
1706560 12:16:52.935 [Thread-3554] DEBUG g.s.e.data.gameparser.GameParser - Parsing game XML: /storage/home/hcoda1/6/snayak89/triplea/downloadedMaps/capture_the_flag/map/games/capture_the_flag.xml
542  12:17:16.337 [main] INFO  o.t.game.client.HeadedGameRunner - Launching game, version: 2.7+00000 
825  12:17:16.620 [Thread-5] DEBUG g.s.e.data.gameparser.GameParser - Parsing game XML: /storage/home/hcoda1/6/snayak89/triplea/downloadedMaps/capture_the_flag/map/games/capture_the_flag.xml
1825 12:17:17.620 [Thread-6] INFO  org.triplea.sound.ClipPlayer - Unable to create audio device, is there audio on the system? Cannot create AudioDevice
javazoom.jl.decoder.JavaLayerException: Cannot create AudioDevice
	at javazoom.jl.player.FactoryRegistry.createAudioDevice(FactoryRegistry.java:97)
	at org.triplea.sound.ClipPlayer.hasAudio(ClipPlayer.java:144)
	at org.triplea.sound.ClipPlayer.isSoundEnabled(ClipPlayer.java:251)
	at org.triplea.sound.ClipPlayer.play(ClipPlayer.java:220)
	at org.triplea.sound.ClipPlayer.play(ClipPlayer.java:209)
	at games.strategy.engine.framework.startup.mc.HeadedLaunchAction.startGame(HeadedLaunchAction.java:100)
	at games.strategy.triplea.TripleA.startGame(TripleA.java:62)
	at games.strategy.engine.framework.startup.launcher.LocalLauncher.loadGame(LocalLauncher.java:78)
	at games.strategy.engine.framework.startup.launcher.LocalLauncher.launch(LocalLauncher.java:59)
	at games.strategy.engine.framework.startup.ui.panels.main.MainPanelBuilder.lambda$launch$3(MainPanelBuilder.java:65)
	at java.base/java.lang.Thread.run(Thread.java:840)
1893 12:17:17.688 [AWT-EventQueue-0] INFO  org.triplea.sound.ClipPlayer - Unable to create audio device, is there audio on the system? Cannot create AudioDevice
javazoom.jl.decoder.JavaLayerException: Cannot create AudioDevice
	at javazoom.jl.player.FactoryRegistry.createAudioDevice(FactoryRegistry.java:97)
	at org.triplea.sound.ClipPlayer.hasAudio(ClipPlayer.java:144)
	at org.triplea.sound.SoundOptions.buildGlobalSoundSwitchMenuItem(SoundOptions.java:76)
	at games.strategy.triplea.ui.menubar.GameMenu.<init>(GameMenu.java:63)
	at games.strategy.triplea.ui.menubar.TripleAMenuBar.<init>(TripleAMenuBar.java:24)
	at games.strategy.triplea.ui.TripleAFrame.lambda$new$1(TripleAFrame.java:307)
	at java.desktop/java.awt.event.InvocationEvent.dispatch(InvocationEvent.java:318)
	at java.desktop/java.awt.EventQueue.dispatchEventImpl(EventQueue.java:773)
	at java.desktop/java.awt.EventQueue$4.run(EventQueue.java:720)
	at java.desktop/java.awt.EventQueue$4.run(EventQueue.java:714)
	at java.base/java.security.AccessController.doPrivileged(AccessController.java:399)
	at java.base/java.security.ProtectionDomain$JavaSecurityAccessImpl.doIntersectionPrivilege(ProtectionDomain.java:86)
	at java.desktop/java.awt.EventQueue.dispatchEvent(EventQueue.java:742)
	at java.desktop/java.awt.EventDispatchThread.pumpOneEventForFilters(EventDispatchThread.java:203)
	at java.desktop/java.awt.EventDispatchThread.pumpEventsForFilter(EventDispatchThread.java:124)
	at java.desktop/java.awt.EventDispatchThread.pumpEventsForHierarchy(EventDispatchThread.java:113)
	at java.desktop/java.awt.EventDispatchThread.pumpEvents(EventDispatchThread.java:109)
	at java.desktop/java.awt.EventDispatchThread.pumpEvents(EventDispatchThread.java:101)
	at java.desktop/java.awt.EventDispatchThread.run(EventDispatchThread.java:90)
1926 12:17:17.721 [AWT-EventQueue-0] INFO  org.triplea.sound.ClipPlayer - Unable to create audio device, is there audio on the system? Cannot create AudioDevice
javazoom.jl.decoder.JavaLayerException: Cannot create AudioDevice
	at javazoom.jl.player.FactoryRegistry.createAudioDevice(FactoryRegistry.java:97)
	at org.triplea.sound.ClipPlayer.hasAudio(ClipPlayer.java:144)
	at org.triplea.sound.SoundOptions.buildSoundOptionsMenuItem(SoundOptions.java:22)
	at games.strategy.triplea.ui.menubar.GameMenu.<init>(GameMenu.java:64)
	at games.strategy.triplea.ui.menubar.TripleAMenuBar.<init>(TripleAMenuBar.java:24)
	at games.strategy.triplea.ui.TripleAFrame.lambda$new$1(TripleAFrame.java:307)
	at java.desktop/java.awt.event.InvocationEvent.dispatch(InvocationEvent.java:318)
	at java.desktop/java.awt.EventQueue.dispatchEventImpl(EventQueue.java:773)
	at java.desktop/java.awt.EventQueue$4.run(EventQueue.java:720)
	at java.desktop/java.awt.EventQueue$4.run(EventQueue.java:714)
	at java.base/java.security.AccessController.doPrivileged(AccessController.java:399)
	at java.base/java.security.ProtectionDomain$JavaSecurityAccessImpl.doIntersectionPrivilege(ProtectionDomain.java:86)
	at java.desktop/java.awt.EventQueue.dispatchEvent(EventQueue.java:742)
	at java.desktop/java.awt.EventDispatchThread.pumpOneEventForFilters(EventDispatchThread.java:203)
	at java.desktop/java.awt.EventDispatchThread.pumpEventsForFilter(EventDispatchThread.java:124)
	at java.desktop/java.awt.EventDispatchThread.pumpEventsForHierarchy(EventDispatchThread.java:113)
	at java.desktop/java.awt.EventDispatchThread.pumpEvents(EventDispatchThread.java:109)
	at java.desktop/java.awt.EventDispatchThread.pumpEvents(EventDispatchThread.java:101)
	at java.desktop/java.awt.EventDispatchThread.run(EventDispatchThread.java:90)
557  12:21:15.968 [main] INFO  o.t.game.client.HeadedGameRunner - Launching game, version: 2.7+00000 
818  12:21:16.229 [Thread-5] DEBUG g.s.e.data.gameparser.GameParser - Parsing game XML: /storage/home/hcoda1/6/snayak89/triplea/downloadedMaps/capture_the_flag/map/games/capture_the_flag.xml
1847 12:21:17.258 [Thread-6] INFO  org.triplea.sound.ClipPlayer - Unable to create audio device, is there audio on the system? Cannot create AudioDevice
javazoom.jl.decoder.JavaLayerException: Cannot create AudioDevice
	at javazoom.jl.player.FactoryRegistry.createAudioDevice(FactoryRegistry.java:97)
	at org.triplea.sound.ClipPlayer.hasAudio(ClipPlayer.java:144)
	at org.triplea.sound.ClipPlayer.isSoundEnabled(ClipPlayer.java:251)
	at org.triplea.sound.ClipPlayer.play(ClipPlayer.java:220)
	at org.triplea.sound.ClipPlayer.play(ClipPlayer.java:209)
	at games.strategy.engine.framework.startup.mc.HeadedLaunchAction.startGame(HeadedLaunchAction.java:100)
	at games.strategy.triplea.TripleA.startGame(TripleA.java:62)
	at games.strategy.engine.framework.startup.launcher.LocalLauncher.loadGame(LocalLauncher.java:78)
	at games.strategy.engine.framework.startup.launcher.LocalLauncher.launch(LocalLauncher.java:59)
	at games.strategy.engine.framework.startup.ui.panels.main.MainPanelBuilder.lambda$launch$3(MainPanelBuilder.java:65)
	at java.base/java.lang.Thread.run(Thread.java:840)
1896 12:21:17.307 [AWT-EventQueue-0] INFO  org.triplea.sound.ClipPlayer - Unable to create audio device, is there audio on the system? Cannot create AudioDevice
javazoom.jl.decoder.JavaLayerException: Cannot create AudioDevice
	at javazoom.jl.player.FactoryRegistry.createAudioDevice(FactoryRegistry.java:97)
	at org.triplea.sound.ClipPlayer.hasAudio(ClipPlayer.java:144)
	at org.triplea.sound.SoundOptions.buildGlobalSoundSwitchMenuItem(SoundOptions.java:76)
	at games.strategy.triplea.ui.menubar.GameMenu.<init>(GameMenu.java:63)
	at games.strategy.triplea.ui.menubar.TripleAMenuBar.<init>(TripleAMenuBar.java:24)
	at games.strategy.triplea.ui.TripleAFrame.lambda$new$1(TripleAFrame.java:307)
	at java.desktop/java.awt.event.InvocationEvent.dispatch(InvocationEvent.java:318)
	at java.desktop/java.awt.EventQueue.dispatchEventImpl(EventQueue.java:773)
	at java.desktop/java.awt.EventQueue$4.run(EventQueue.java:720)
	at java.desktop/java.awt.EventQueue$4.run(EventQueue.java:714)
	at java.base/java.security.AccessController.doPrivileged(AccessController.java:399)
	at java.base/java.security.ProtectionDomain$JavaSecurityAccessImpl.doIntersectionPrivilege(ProtectionDomain.java:86)
	at java.desktop/java.awt.EventQueue.dispatchEvent(EventQueue.java:742)
	at java.desktop/java.awt.EventDispatchThread.pumpOneEventForFilters(EventDispatchThread.java:203)
	at java.desktop/java.awt.EventDispatchThread.pumpEventsForFilter(EventDispatchThread.java:124)
	at java.desktop/java.awt.EventDispatchThread.pumpEventsForHierarchy(EventDispatchThread.java:113)
	at java.desktop/java.awt.EventDispatchThread.pumpEvents(EventDispatchThread.java:109)
	at java.desktop/java.awt.EventDispatchThread.pumpEvents(EventDispatchThread.java:101)
	at java.desktop/java.awt.EventDispatchThread.run(EventDispatchThread.java:90)
1931 12:21:17.342 [AWT-EventQueue-0] INFO  org.triplea.sound.ClipPlayer - Unable to create audio device, is there audio on the system? Cannot create AudioDevice
javazoom.jl.decoder.JavaLayerException: Cannot create AudioDevice
	at javazoom.jl.player.FactoryRegistry.createAudioDevice(FactoryRegistry.java:97)
	at org.triplea.sound.ClipPlayer.hasAudio(ClipPlayer.java:144)
	at org.triplea.sound.SoundOptions.buildSoundOptionsMenuItem(SoundOptions.java:22)
	at games.strategy.triplea.ui.menubar.GameMenu.<init>(GameMenu.java:64)
	at games.strategy.triplea.ui.menubar.TripleAMenuBar.<init>(TripleAMenuBar.java:24)
	at games.strategy.triplea.ui.TripleAFrame.lambda$new$1(TripleAFrame.java:307)
	at java.desktop/java.awt.event.InvocationEvent.dispatch(InvocationEvent.java:318)
	at java.desktop/java.awt.EventQueue.dispatchEventImpl(EventQueue.java:773)
	at java.desktop/java.awt.EventQueue$4.run(EventQueue.java:720)
	at java.desktop/java.awt.EventQueue$4.run(EventQueue.java:714)
	at java.base/java.security.AccessController.doPrivileged(AccessController.java:399)
	at java.base/java.security.ProtectionDomain$JavaSecurityAccessImpl.doIntersectionPrivilege(ProtectionDomain.java:86)
	at java.desktop/java.awt.EventQueue.dispatchEvent(EventQueue.java:742)
	at java.desktop/java.awt.EventDispatchThread.pumpOneEventForFilters(EventDispatchThread.java:203)
	at java.desktop/java.awt.EventDispatchThread.pumpEventsForFilter(EventDispatchThread.java:124)
	at java.desktop/java.awt.EventDispatchThread.pumpEventsForHierarchy(EventDispatchThread.java:113)
	at java.desktop/java.awt.EventDispatchThread.pumpEvents(EventDispatchThread.java:109)
	at java.desktop/java.awt.EventDispatchThread.pumpEvents(EventDispatchThread.java:101)
	at java.desktop/java.awt.EventDispatchThread.run(EventDispatchThread.java:90)
1323260 12:43:18.671 [Thread-2240] DEBUG g.s.e.data.gameparser.GameParser - Parsing game XML: /storage/home/hcoda1/6/snayak89/triplea/downloadedMaps/capture_the_flag/map/games/capture_the_flag.xml
1323491 12:43:18.902 [Thread-2241] INFO  org.triplea.sound.ClipPlayer - Unable to create audio device, is there audio on the system? Cannot create AudioDevice
javazoom.jl.decoder.JavaLayerException: Cannot create AudioDevice
	at javazoom.jl.player.FactoryRegistry.createAudioDevice(FactoryRegistry.java:97)
	at org.triplea.sound.ClipPlayer.hasAudio(ClipPlayer.java:144)
	at org.triplea.sound.ClipPlayer.isSoundEnabled(ClipPlayer.java:251)
	at org.triplea.sound.ClipPlayer.play(ClipPlayer.java:220)
	at org.triplea.sound.ClipPlayer.play(ClipPlayer.java:209)
	at games.strategy.engine.framework.startup.mc.HeadedLaunchAction.startGame(HeadedLaunchAction.java:100)
	at games.strategy.triplea.TripleA.startGame(TripleA.java:62)
	at games.strategy.engine.framework.startup.launcher.LocalLauncher.loadGame(LocalLauncher.java:78)
	at games.strategy.engine.framework.startup.launcher.LocalLauncher.launch(LocalLauncher.java:59)
	at games.strategy.engine.framework.startup.ui.panels.main.MainPanelBuilder.lambda$launch$3(MainPanelBuilder.java:65)
	at java.base/java.lang.Thread.run(Thread.java:840)
1323567 12:43:18.978 [AWT-EventQueue-0] INFO  org.triplea.sound.ClipPlayer - Unable to create audio device, is there audio on the system? Cannot create AudioDevice
javazoom.jl.decoder.JavaLayerException: Cannot create AudioDevice
	at javazoom.jl.player.FactoryRegistry.createAudioDevice(FactoryRegistry.java:97)
	at org.triplea.sound.ClipPlayer.hasAudio(ClipPlayer.java:144)
	at org.triplea.sound.SoundOptions.buildGlobalSoundSwitchMenuItem(SoundOptions.java:76)
	at games.strategy.triplea.ui.menubar.GameMenu.<init>(GameMenu.java:63)
	at games.strategy.triplea.ui.menubar.TripleAMenuBar.<init>(TripleAMenuBar.java:24)
	at games.strategy.triplea.ui.TripleAFrame.lambda$new$1(TripleAFrame.java:307)
	at java.desktop/java.awt.event.InvocationEvent.dispatch(InvocationEvent.java:318)
	at java.desktop/java.awt.EventQueue.dispatchEventImpl(EventQueue.java:773)
	at java.desktop/java.awt.EventQueue$4.run(EventQueue.java:720)
	at java.desktop/java.awt.EventQueue$4.run(EventQueue.java:714)
	at java.base/java.security.AccessController.doPrivileged(AccessController.java:399)
	at java.base/java.security.ProtectionDomain$JavaSecurityAccessImpl.doIntersectionPrivilege(ProtectionDomain.java:86)
	at java.desktop/java.awt.EventQueue.dispatchEvent(EventQueue.java:742)
	at java.desktop/java.awt.EventDispatchThread.pumpOneEventForFilters(EventDispatchThread.java:203)
	at java.desktop/java.awt.EventDispatchThread.pumpEventsForFilter(EventDispatchThread.java:124)
	at java.desktop/java.awt.EventDispatchThread.pumpEventsForHierarchy(EventDispatchThread.java:113)
	at java.desktop/java.awt.EventDispatchThread.pumpEvents(EventDispatchThread.java:109)
	at java.desktop/java.awt.EventDispatchThread.pumpEvents(EventDispatchThread.java:101)
	at java.desktop/java.awt.EventDispatchThread.run(EventDispatchThread.java:90)
1323601 12:43:19.012 [AWT-EventQueue-0] INFO  org.triplea.sound.ClipPlayer - Unable to create audio device, is there audio on the system? Cannot create AudioDevice
javazoom.jl.decoder.JavaLayerException: Cannot create AudioDevice
	at javazoom.jl.player.FactoryRegistry.createAudioDevice(FactoryRegistry.java:97)
	at org.triplea.sound.ClipPlayer.hasAudio(ClipPlayer.java:144)
	at org.triplea.sound.SoundOptions.buildSoundOptionsMenuItem(SoundOptions.java:22)
	at games.strategy.triplea.ui.menubar.GameMenu.<init>(GameMenu.java:64)
	at games.strategy.triplea.ui.menubar.TripleAMenuBar.<init>(TripleAMenuBar.java:24)
	at games.strategy.triplea.ui.TripleAFrame.lambda$new$1(TripleAFrame.java:307)
	at java.desktop/java.awt.event.InvocationEvent.dispatch(InvocationEvent.java:318)
	at java.desktop/java.awt.EventQueue.dispatchEventImpl(EventQueue.java:773)
	at java.desktop/java.awt.EventQueue$4.run(EventQueue.java:720)
	at java.desktop/java.awt.EventQueue$4.run(EventQueue.java:714)
	at java.base/java.security.AccessController.doPrivileged(AccessController.java:399)
	at java.base/java.security.ProtectionDomain$JavaSecurityAccessImpl.doIntersectionPrivilege(ProtectionDomain.java:86)
	at java.desktop/java.awt.EventQueue.dispatchEvent(EventQueue.java:742)
	at java.desktop/java.awt.EventDispatchThread.pumpOneEventForFilters(EventDispatchThread.java:203)
	at java.desktop/java.awt.EventDispatchThread.pumpEventsForFilter(EventDispatchThread.java:124)
	at java.desktop/java.awt.EventDispatchThread.pumpEventsForHierarchy(EventDispatchThread.java:113)
	at java.desktop/java.awt.EventDispatchThread.pumpEvents(EventDispatchThread.java:109)
	at java.desktop/java.awt.EventDispatchThread.pumpEvents(EventDispatchThread.java:101)
	at java.desktop/java.awt.EventDispatchThread.run(EventDispatchThread.java:90)
568  13:05:25.770 [main] INFO  o.t.game.client.HeadedGameRunner - Launching game, version: 2.7+00000 
859  13:05:26.061 [Thread-5] DEBUG g.s.e.data.gameparser.GameParser - Parsing game XML: /storage/home/hcoda1/6/snayak89/triplea/downloadedMaps/capture_the_flag/map/games/capture_the_flag.xml
1934 13:05:27.136 [Thread-6] INFO  org.triplea.sound.ClipPlayer - Unable to create audio device, is there audio on the system? Cannot create AudioDevice
javazoom.jl.decoder.JavaLayerException: Cannot create AudioDevice
	at javazoom.jl.player.FactoryRegistry.createAudioDevice(FactoryRegistry.java:97)
	at org.triplea.sound.ClipPlayer.hasAudio(ClipPlayer.java:144)
	at org.triplea.sound.ClipPlayer.isSoundEnabled(ClipPlayer.java:251)
	at org.triplea.sound.ClipPlayer.play(ClipPlayer.java:220)
	at org.triplea.sound.ClipPlayer.play(ClipPlayer.java:209)
	at games.strategy.engine.framework.startup.mc.HeadedLaunchAction.startGame(HeadedLaunchAction.java:100)
	at games.strategy.triplea.TripleA.startGame(TripleA.java:62)
	at games.strategy.engine.framework.startup.launcher.LocalLauncher.loadGame(LocalLauncher.java:78)
	at games.strategy.engine.framework.startup.launcher.LocalLauncher.launch(LocalLauncher.java:59)
	at games.strategy.engine.framework.startup.ui.panels.main.MainPanelBuilder.lambda$launch$3(MainPanelBuilder.java:65)
	at java.base/java.lang.Thread.run(Thread.java:840)
1991 13:05:27.193 [AWT-EventQueue-0] INFO  org.triplea.sound.ClipPlayer - Unable to create audio device, is there audio on the system? Cannot create AudioDevice
javazoom.jl.decoder.JavaLayerException: Cannot create AudioDevice
	at javazoom.jl.player.FactoryRegistry.createAudioDevice(FactoryRegistry.java:97)
	at org.triplea.sound.ClipPlayer.hasAudio(ClipPlayer.java:144)
	at org.triplea.sound.SoundOptions.buildGlobalSoundSwitchMenuItem(SoundOptions.java:76)
	at games.strategy.triplea.ui.menubar.GameMenu.<init>(GameMenu.java:63)
	at games.strategy.triplea.ui.menubar.TripleAMenuBar.<init>(TripleAMenuBar.java:24)
	at games.strategy.triplea.ui.TripleAFrame.lambda$new$1(TripleAFrame.java:307)
	at java.desktop/java.awt.event.InvocationEvent.dispatch(InvocationEvent.java:318)
	at java.desktop/java.awt.EventQueue.dispatchEventImpl(EventQueue.java:773)
	at java.desktop/java.awt.EventQueue$4.run(EventQueue.java:720)
	at java.desktop/java.awt.EventQueue$4.run(EventQueue.java:714)
	at java.base/java.security.AccessController.doPrivileged(AccessController.java:399)
	at java.base/java.security.ProtectionDomain$JavaSecurityAccessImpl.doIntersectionPrivilege(ProtectionDomain.java:86)
	at java.desktop/java.awt.EventQueue.dispatchEvent(EventQueue.java:742)
	at java.desktop/java.awt.EventDispatchThread.pumpOneEventForFilters(EventDispatchThread.java:203)
	at java.desktop/java.awt.EventDispatchThread.pumpEventsForFilter(EventDispatchThread.java:124)
	at java.desktop/java.awt.EventDispatchThread.pumpEventsForHierarchy(EventDispatchThread.java:113)
	at java.desktop/java.awt.EventDispatchThread.pumpEvents(EventDispatchThread.java:109)
	at java.desktop/java.awt.EventDispatchThread.pumpEvents(EventDispatchThread.java:101)
	at java.desktop/java.awt.EventDispatchThread.run(EventDispatchThread.java:90)
2024 13:05:27.226 [AWT-EventQueue-0] INFO  org.triplea.sound.ClipPlayer - Unable to create audio device, is there audio on the system? Cannot create AudioDevice
javazoom.jl.decoder.JavaLayerException: Cannot create AudioDevice
	at javazoom.jl.player.FactoryRegistry.createAudioDevice(FactoryRegistry.java:97)
	at org.triplea.sound.ClipPlayer.hasAudio(ClipPlayer.java:144)
	at org.triplea.sound.SoundOptions.buildSoundOptionsMenuItem(SoundOptions.java:22)
	at games.strategy.triplea.ui.menubar.GameMenu.<init>(GameMenu.java:64)
	at games.strategy.triplea.ui.menubar.TripleAMenuBar.<init>(TripleAMenuBar.java:24)
	at games.strategy.triplea.ui.TripleAFrame.lambda$new$1(TripleAFrame.java:307)
	at java.desktop/java.awt.event.InvocationEvent.dispatch(InvocationEvent.java:318)
	at java.desktop/java.awt.EventQueue.dispatchEventImpl(EventQueue.java:773)
	at java.desktop/java.awt.EventQueue$4.run(EventQueue.java:720)
	at java.desktop/java.awt.EventQueue$4.run(EventQueue.java:714)
	at java.base/java.security.AccessController.doPrivileged(AccessController.java:399)
	at java.base/java.security.ProtectionDomain$JavaSecurityAccessImpl.doIntersectionPrivilege(ProtectionDomain.java:86)
	at java.desktop/java.awt.EventQueue.dispatchEvent(EventQueue.java:742)
	at java.desktop/java.awt.EventDispatchThread.pumpOneEventForFilters(EventDispatchThread.java:203)
	at java.desktop/java.awt.EventDispatchThread.pumpEventsForFilter(EventDispatchThread.java:124)
	at java.desktop/java.awt.EventDispatchThread.pumpEventsForHierarchy(EventDispatchThread.java:113)
	at java.desktop/java.awt.EventDispatchThread.pumpEvents(EventDispatchThread.java:109)
	at java.desktop/java.awt.EventDispatchThread.pumpEvents(EventDispatchThread.java:101)
	at java.desktop/java.awt.EventDispatchThread.run(EventDispatchThread.java:90)
1159771 13:24:44.973 [Thread-2569] DEBUG g.s.e.data.gameparser.GameParser - Parsing game XML: /storage/home/hcoda1/6/snayak89/triplea/downloadedMaps/capture_the_flag/map/games/capture_the_flag.xml
1160038 13:24:45.240 [Thread-2570] INFO  org.triplea.sound.ClipPlayer - Unable to create audio device, is there audio on the system? Cannot create AudioDevice
javazoom.jl.decoder.JavaLayerException: Cannot create AudioDevice
	at javazoom.jl.player.FactoryRegistry.createAudioDevice(FactoryRegistry.java:97)
	at org.triplea.sound.ClipPlayer.hasAudio(ClipPlayer.java:144)
	at org.triplea.sound.ClipPlayer.isSoundEnabled(ClipPlayer.java:251)
	at org.triplea.sound.ClipPlayer.play(ClipPlayer.java:220)
	at org.triplea.sound.ClipPlayer.play(ClipPlayer.java:209)
	at games.strategy.engine.framework.startup.mc.HeadedLaunchAction.startGame(HeadedLaunchAction.java:100)
	at games.strategy.triplea.TripleA.startGame(TripleA.java:62)
	at games.strategy.engine.framework.startup.launcher.LocalLauncher.loadGame(LocalLauncher.java:78)
	at games.strategy.engine.framework.startup.launcher.LocalLauncher.launch(LocalLauncher.java:59)
	at games.strategy.engine.framework.startup.ui.panels.main.MainPanelBuilder.lambda$launch$3(MainPanelBuilder.java:65)
	at java.base/java.lang.Thread.run(Thread.java:840)
1160103 13:24:45.305 [AWT-EventQueue-0] INFO  org.triplea.sound.ClipPlayer - Unable to create audio device, is there audio on the system? Cannot create AudioDevice
javazoom.jl.decoder.JavaLayerException: Cannot create AudioDevice
	at javazoom.jl.player.FactoryRegistry.createAudioDevice(FactoryRegistry.java:97)
	at org.triplea.sound.ClipPlayer.hasAudio(ClipPlayer.java:144)
	at org.triplea.sound.SoundOptions.buildGlobalSoundSwitchMenuItem(SoundOptions.java:76)
	at games.strategy.triplea.ui.menubar.GameMenu.<init>(GameMenu.java:63)
	at games.strategy.triplea.ui.menubar.TripleAMenuBar.<init>(TripleAMenuBar.java:24)
	at games.strategy.triplea.ui.TripleAFrame.lambda$new$1(TripleAFrame.java:307)
	at java.desktop/java.awt.event.InvocationEvent.dispatch(InvocationEvent.java:318)
	at java.desktop/java.awt.EventQueue.dispatchEventImpl(EventQueue.java:773)
	at java.desktop/java.awt.EventQueue$4.run(EventQueue.java:720)
	at java.desktop/java.awt.EventQueue$4.run(EventQueue.java:714)
	at java.base/java.security.AccessController.doPrivileged(AccessController.java:399)
	at java.base/java.security.ProtectionDomain$JavaSecurityAccessImpl.doIntersectionPrivilege(ProtectionDomain.java:86)
	at java.desktop/java.awt.EventQueue.dispatchEvent(EventQueue.java:742)
	at java.desktop/java.awt.EventDispatchThread.pumpOneEventForFilters(EventDispatchThread.java:203)
	at java.desktop/java.awt.EventDispatchThread.pumpEventsForFilter(EventDispatchThread.java:124)
	at java.desktop/java.awt.EventDispatchThread.pumpEventsForHierarchy(EventDispatchThread.java:113)
	at java.desktop/java.awt.EventDispatchThread.pumpEvents(EventDispatchThread.java:109)
	at java.desktop/java.awt.EventDispatchThread.pumpEvents(EventDispatchThread.java:101)
	at java.desktop/java.awt.EventDispatchThread.run(EventDispatchThread.java:90)
1160140 13:24:45.342 [AWT-EventQueue-0] INFO  org.triplea.sound.ClipPlayer - Unable to create audio device, is there audio on the system? Cannot create AudioDevice
javazoom.jl.decoder.JavaLayerException: Cannot create AudioDevice
	at javazoom.jl.player.FactoryRegistry.createAudioDevice(FactoryRegistry.java:97)
	at org.triplea.sound.ClipPlayer.hasAudio(ClipPlayer.java:144)
	at org.triplea.sound.SoundOptions.buildSoundOptionsMenuItem(SoundOptions.java:22)
	at games.strategy.triplea.ui.menubar.GameMenu.<init>(GameMenu.java:64)
	at games.strategy.triplea.ui.menubar.TripleAMenuBar.<init>(TripleAMenuBar.java:24)
	at games.strategy.triplea.ui.TripleAFrame.lambda$new$1(TripleAFrame.java:307)
	at java.desktop/java.awt.event.InvocationEvent.dispatch(InvocationEvent.java:318)
	at java.desktop/java.awt.EventQueue.dispatchEventImpl(EventQueue.java:773)
	at java.desktop/java.awt.EventQueue$4.run(EventQueue.java:720)
	at java.desktop/java.awt.EventQueue$4.run(EventQueue.java:714)
	at java.base/java.security.AccessController.doPrivileged(AccessController.java:399)
	at java.base/java.security.ProtectionDomain$JavaSecurityAccessImpl.doIntersectionPrivilege(ProtectionDomain.java:86)
	at java.desktop/java.awt.EventQueue.dispatchEvent(EventQueue.java:742)
	at java.desktop/java.awt.EventDispatchThread.pumpOneEventForFilters(EventDispatchThread.java:203)
	at java.desktop/java.awt.EventDispatchThread.pumpEventsForFilter(EventDispatchThread.java:124)
	at java.desktop/java.awt.EventDispatchThread.pumpEventsForHierarchy(EventDispatchThread.java:113)
	at java.desktop/java.awt.EventDispatchThread.pumpEvents(EventDispatchThread.java:109)
	at java.desktop/java.awt.EventDispatchThread.pumpEvents(EventDispatchThread.java:101)
	at java.desktop/java.awt.EventDispatchThread.run(EventDispatchThread.java:90)
514  13:25:16.811 [main] INFO  o.t.game.client.HeadedGameRunner - Launching game, version: 2.7+00000 
790  13:25:17.087 [Thread-5] DEBUG g.s.e.data.gameparser.GameParser - Parsing game XML: /storage/home/hcoda1/6/snayak89/triplea/downloadedMaps/capture_the_flag/map/games/capture_the_flag.xml
1946 13:25:18.243 [Thread-6] INFO  org.triplea.sound.ClipPlayer - Unable to create audio device, is there audio on the system? Cannot create AudioDevice
javazoom.jl.decoder.JavaLayerException: Cannot create AudioDevice
	at javazoom.jl.player.FactoryRegistry.createAudioDevice(FactoryRegistry.java:97)
	at org.triplea.sound.ClipPlayer.hasAudio(ClipPlayer.java:144)
	at org.triplea.sound.ClipPlayer.isSoundEnabled(ClipPlayer.java:251)
	at org.triplea.sound.ClipPlayer.play(ClipPlayer.java:220)
	at org.triplea.sound.ClipPlayer.play(ClipPlayer.java:209)
	at games.strategy.engine.framework.startup.mc.HeadedLaunchAction.startGame(HeadedLaunchAction.java:100)
	at games.strategy.triplea.TripleA.startGame(TripleA.java:62)
	at games.strategy.engine.framework.startup.launcher.LocalLauncher.loadGame(LocalLauncher.java:78)
	at games.strategy.engine.framework.startup.launcher.LocalLauncher.launch(LocalLauncher.java:59)
	at games.strategy.engine.framework.startup.ui.panels.main.MainPanelBuilder.lambda$launch$3(MainPanelBuilder.java:65)
	at java.base/java.lang.Thread.run(Thread.java:840)
1980 13:25:18.277 [AWT-EventQueue-0] INFO  org.triplea.sound.ClipPlayer - Unable to create audio device, is there audio on the system? Cannot create AudioDevice
javazoom.jl.decoder.JavaLayerException: Cannot create AudioDevice
	at javazoom.jl.player.FactoryRegistry.createAudioDevice(FactoryRegistry.java:97)
	at org.triplea.sound.ClipPlayer.hasAudio(ClipPlayer.java:144)
	at org.triplea.sound.SoundOptions.buildGlobalSoundSwitchMenuItem(SoundOptions.java:76)
	at games.strategy.triplea.ui.menubar.GameMenu.<init>(GameMenu.java:63)
	at games.strategy.triplea.ui.menubar.TripleAMenuBar.<init>(TripleAMenuBar.java:24)
	at games.strategy.triplea.ui.TripleAFrame.lambda$new$1(TripleAFrame.java:307)
	at java.desktop/java.awt.event.InvocationEvent.dispatch(InvocationEvent.java:318)
	at java.desktop/java.awt.EventQueue.dispatchEventImpl(EventQueue.java:773)
	at java.desktop/java.awt.EventQueue$4.run(EventQueue.java:720)
	at java.desktop/java.awt.EventQueue$4.run(EventQueue.java:714)
	at java.base/java.security.AccessController.doPrivileged(AccessController.java:399)
	at java.base/java.security.ProtectionDomain$JavaSecurityAccessImpl.doIntersectionPrivilege(ProtectionDomain.java:86)
	at java.desktop/java.awt.EventQueue.dispatchEvent(EventQueue.java:742)
	at java.desktop/java.awt.EventDispatchThread.pumpOneEventForFilters(EventDispatchThread.java:203)
	at java.desktop/java.awt.EventDispatchThread.pumpEventsForFilter(EventDispatchThread.java:124)
	at java.desktop/java.awt.EventDispatchThread.pumpEventsForHierarchy(EventDispatchThread.java:113)
	at java.desktop/java.awt.EventDispatchThread.pumpEvents(EventDispatchThread.java:109)
	at java.desktop/java.awt.EventDispatchThread.pumpEvents(EventDispatchThread.java:101)
	at java.desktop/java.awt.EventDispatchThread.run(EventDispatchThread.java:90)
2021 13:25:18.318 [AWT-EventQueue-0] INFO  org.triplea.sound.ClipPlayer - Unable to create audio device, is there audio on the system? Cannot create AudioDevice
javazoom.jl.decoder.JavaLayerException: Cannot create AudioDevice
	at javazoom.jl.player.FactoryRegistry.createAudioDevice(FactoryRegistry.java:97)
	at org.triplea.sound.ClipPlayer.hasAudio(ClipPlayer.java:144)
	at org.triplea.sound.SoundOptions.buildSoundOptionsMenuItem(SoundOptions.java:22)
	at games.strategy.triplea.ui.menubar.GameMenu.<init>(GameMenu.java:64)
	at games.strategy.triplea.ui.menubar.TripleAMenuBar.<init>(TripleAMenuBar.java:24)
	at games.strategy.triplea.ui.TripleAFrame.lambda$new$1(TripleAFrame.java:307)
	at java.desktop/java.awt.event.InvocationEvent.dispatch(InvocationEvent.java:318)
	at java.desktop/java.awt.EventQueue.dispatchEventImpl(EventQueue.java:773)
	at java.desktop/java.awt.EventQueue$4.run(EventQueue.java:720)
	at java.desktop/java.awt.EventQueue$4.run(EventQueue.java:714)
	at java.base/java.security.AccessController.doPrivileged(AccessController.java:399)
	at java.base/java.security.ProtectionDomain$JavaSecurityAccessImpl.doIntersectionPrivilege(ProtectionDomain.java:86)
	at java.desktop/java.awt.EventQueue.dispatchEvent(EventQueue.java:742)
	at java.desktop/java.awt.EventDispatchThread.pumpOneEventForFilters(EventDispatchThread.java:203)
	at java.desktop/java.awt.EventDispatchThread.pumpEventsForFilter(EventDispatchThread.java:124)
	at java.desktop/java.awt.EventDispatchThread.pumpEventsForHierarchy(EventDispatchThread.java:113)
	at java.desktop/java.awt.EventDispatchThread.pumpEvents(EventDispatchThread.java:109)
	at java.desktop/java.awt.EventDispatchThread.pumpEvents(EventDispatchThread.java:101)
	at java.desktop/java.awt.EventDispatchThread.run(EventDispatchThread.java:90)
510  13:26:41.569 [main] INFO  o.t.game.client.HeadedGameRunner - Launching game, version: 2.7+00000 
762  13:26:41.821 [Thread-5] DEBUG g.s.e.data.gameparser.GameParser - Parsing game XML: /storage/home/hcoda1/6/snayak89/triplea/downloadedMaps/capture_the_flag/map/games/capture_the_flag.xml
1885 13:26:42.944 [Thread-6] INFO  org.triplea.sound.ClipPlayer - Unable to create audio device, is there audio on the system? Cannot create AudioDevice
javazoom.jl.decoder.JavaLayerException: Cannot create AudioDevice
	at javazoom.jl.player.FactoryRegistry.createAudioDevice(FactoryRegistry.java:97)
	at org.triplea.sound.ClipPlayer.hasAudio(ClipPlayer.java:144)
	at org.triplea.sound.ClipPlayer.isSoundEnabled(ClipPlayer.java:251)
	at org.triplea.sound.ClipPlayer.play(ClipPlayer.java:220)
	at org.triplea.sound.ClipPlayer.play(ClipPlayer.java:209)
	at games.strategy.engine.framework.startup.mc.HeadedLaunchAction.startGame(HeadedLaunchAction.java:100)
	at games.strategy.triplea.TripleA.startGame(TripleA.java:62)
	at games.strategy.engine.framework.startup.launcher.LocalLauncher.loadGame(LocalLauncher.java:78)
	at games.strategy.engine.framework.startup.launcher.LocalLauncher.launch(LocalLauncher.java:59)
	at games.strategy.engine.framework.startup.ui.panels.main.MainPanelBuilder.lambda$launch$3(MainPanelBuilder.java:65)
	at java.base/java.lang.Thread.run(Thread.java:840)
1918 13:26:42.977 [AWT-EventQueue-0] INFO  org.triplea.sound.ClipPlayer - Unable to create audio device, is there audio on the system? Cannot create AudioDevice
javazoom.jl.decoder.JavaLayerException: Cannot create AudioDevice
	at javazoom.jl.player.FactoryRegistry.createAudioDevice(FactoryRegistry.java:97)
	at org.triplea.sound.ClipPlayer.hasAudio(ClipPlayer.java:144)
	at org.triplea.sound.SoundOptions.buildGlobalSoundSwitchMenuItem(SoundOptions.java:76)
	at games.strategy.triplea.ui.menubar.GameMenu.<init>(GameMenu.java:63)
	at games.strategy.triplea.ui.menubar.TripleAMenuBar.<init>(TripleAMenuBar.java:24)
	at games.strategy.triplea.ui.TripleAFrame.lambda$new$1(TripleAFrame.java:307)
	at java.desktop/java.awt.event.InvocationEvent.dispatch(InvocationEvent.java:318)
	at java.desktop/java.awt.EventQueue.dispatchEventImpl(EventQueue.java:773)
	at java.desktop/java.awt.EventQueue$4.run(EventQueue.java:720)
	at java.desktop/java.awt.EventQueue$4.run(EventQueue.java:714)
	at java.base/java.security.AccessController.doPrivileged(AccessController.java:399)
	at java.base/java.security.ProtectionDomain$JavaSecurityAccessImpl.doIntersectionPrivilege(ProtectionDomain.java:86)
	at java.desktop/java.awt.EventQueue.dispatchEvent(EventQueue.java:742)
	at java.desktop/java.awt.EventDispatchThread.pumpOneEventForFilters(EventDispatchThread.java:203)
	at java.desktop/java.awt.EventDispatchThread.pumpEventsForFilter(EventDispatchThread.java:124)
	at java.desktop/java.awt.EventDispatchThread.pumpEventsForHierarchy(EventDispatchThread.java:113)
	at java.desktop/java.awt.EventDispatchThread.pumpEvents(EventDispatchThread.java:109)
	at java.desktop/java.awt.EventDispatchThread.pumpEvents(EventDispatchThread.java:101)
	at java.desktop/java.awt.EventDispatchThread.run(EventDispatchThread.java:90)
1953 13:26:43.012 [AWT-EventQueue-0] INFO  org.triplea.sound.ClipPlayer - Unable to create audio device, is there audio on the system? Cannot create AudioDevice
javazoom.jl.decoder.JavaLayerException: Cannot create AudioDevice
	at javazoom.jl.player.FactoryRegistry.createAudioDevice(FactoryRegistry.java:97)
	at org.triplea.sound.ClipPlayer.hasAudio(ClipPlayer.java:144)
	at org.triplea.sound.SoundOptions.buildSoundOptionsMenuItem(SoundOptions.java:22)
	at games.strategy.triplea.ui.menubar.GameMenu.<init>(GameMenu.java:64)
	at games.strategy.triplea.ui.menubar.TripleAMenuBar.<init>(TripleAMenuBar.java:24)
	at games.strategy.triplea.ui.TripleAFrame.lambda$new$1(TripleAFrame.java:307)
	at java.desktop/java.awt.event.InvocationEvent.dispatch(InvocationEvent.java:318)
	at java.desktop/java.awt.EventQueue.dispatchEventImpl(EventQueue.java:773)
	at java.desktop/java.awt.EventQueue$4.run(EventQueue.java:720)
	at java.desktop/java.awt.EventQueue$4.run(EventQueue.java:714)
	at java.base/java.security.AccessController.doPrivileged(AccessController.java:399)
	at java.base/java.security.ProtectionDomain$JavaSecurityAccessImpl.doIntersectionPrivilege(ProtectionDomain.java:86)
	at java.desktop/java.awt.EventQueue.dispatchEvent(EventQueue.java:742)
	at java.desktop/java.awt.EventDispatchThread.pumpOneEventForFilters(EventDispatchThread.java:203)
	at java.desktop/java.awt.EventDispatchThread.pumpEventsForFilter(EventDispatchThread.java:124)
	at java.desktop/java.awt.EventDispatchThread.pumpEventsForHierarchy(EventDispatchThread.java:113)
	at java.desktop/java.awt.EventDispatchThread.pumpEvents(EventDispatchThread.java:109)
	at java.desktop/java.awt.EventDispatchThread.pumpEvents(EventDispatchThread.java:101)
	at java.desktop/java.awt.EventDispatchThread.run(EventDispatchThread.java:90)
1209114 13:46:50.173 [Thread-2581] DEBUG g.s.e.data.gameparser.GameParser - Parsing game XML: /storage/home/hcoda1/6/snayak89/triplea/downloadedMaps/capture_the_flag/map/games/capture_the_flag.xml
1209391 13:46:50.450 [Thread-2582] INFO  org.triplea.sound.ClipPlayer - Unable to create audio device, is there audio on the system? Cannot create AudioDevice
javazoom.jl.decoder.JavaLayerException: Cannot create AudioDevice
	at javazoom.jl.player.FactoryRegistry.createAudioDevice(FactoryRegistry.java:97)
	at org.triplea.sound.ClipPlayer.hasAudio(ClipPlayer.java:144)
	at org.triplea.sound.ClipPlayer.isSoundEnabled(ClipPlayer.java:251)
	at org.triplea.sound.ClipPlayer.play(ClipPlayer.java:220)
	at org.triplea.sound.ClipPlayer.play(ClipPlayer.java:209)
	at games.strategy.engine.framework.startup.mc.HeadedLaunchAction.startGame(HeadedLaunchAction.java:100)
	at games.strategy.triplea.TripleA.startGame(TripleA.java:62)
	at games.strategy.engine.framework.startup.launcher.LocalLauncher.loadGame(LocalLauncher.java:78)
	at games.strategy.engine.framework.startup.launcher.LocalLauncher.launch(LocalLauncher.java:59)
	at games.strategy.engine.framework.startup.ui.panels.main.MainPanelBuilder.lambda$launch$3(MainPanelBuilder.java:65)
	at java.base/java.lang.Thread.run(Thread.java:840)
1209456 13:46:50.515 [AWT-EventQueue-0] INFO  org.triplea.sound.ClipPlayer - Unable to create audio device, is there audio on the system? Cannot create AudioDevice
javazoom.jl.decoder.JavaLayerException: Cannot create AudioDevice
	at javazoom.jl.player.FactoryRegistry.createAudioDevice(FactoryRegistry.java:97)
	at org.triplea.sound.ClipPlayer.hasAudio(ClipPlayer.java:144)
	at org.triplea.sound.SoundOptions.buildGlobalSoundSwitchMenuItem(SoundOptions.java:76)
	at games.strategy.triplea.ui.menubar.GameMenu.<init>(GameMenu.java:63)
	at games.strategy.triplea.ui.menubar.TripleAMenuBar.<init>(TripleAMenuBar.java:24)
	at games.strategy.triplea.ui.TripleAFrame.lambda$new$1(TripleAFrame.java:307)
	at java.desktop/java.awt.event.InvocationEvent.dispatch(InvocationEvent.java:318)
	at java.desktop/java.awt.EventQueue.dispatchEventImpl(EventQueue.java:773)
	at java.desktop/java.awt.EventQueue$4.run(EventQueue.java:720)
	at java.desktop/java.awt.EventQueue$4.run(EventQueue.java:714)
	at java.base/java.security.AccessController.doPrivileged(AccessController.java:399)
	at java.base/java.security.ProtectionDomain$JavaSecurityAccessImpl.doIntersectionPrivilege(ProtectionDomain.java:86)
	at java.desktop/java.awt.EventQueue.dispatchEvent(EventQueue.java:742)
	at java.desktop/java.awt.EventDispatchThread.pumpOneEventForFilters(EventDispatchThread.java:203)
	at java.desktop/java.awt.EventDispatchThread.pumpEventsForFilter(EventDispatchThread.java:124)
	at java.desktop/java.awt.EventDispatchThread.pumpEventsForHierarchy(EventDispatchThread.java:113)
	at java.desktop/java.awt.EventDispatchThread.pumpEvents(EventDispatchThread.java:109)
	at java.desktop/java.awt.EventDispatchThread.pumpEvents(EventDispatchThread.java:101)
	at java.desktop/java.awt.EventDispatchThread.run(EventDispatchThread.java:90)
1209492 13:46:50.551 [AWT-EventQueue-0] INFO  org.triplea.sound.ClipPlayer - Unable to create audio device, is there audio on the system? Cannot create AudioDevice
javazoom.jl.decoder.JavaLayerException: Cannot create AudioDevice
	at javazoom.jl.player.FactoryRegistry.createAudioDevice(FactoryRegistry.java:97)
	at org.triplea.sound.ClipPlayer.hasAudio(ClipPlayer.java:144)
	at org.triplea.sound.SoundOptions.buildSoundOptionsMenuItem(SoundOptions.java:22)
	at games.strategy.triplea.ui.menubar.GameMenu.<init>(GameMenu.java:64)
	at games.strategy.triplea.ui.menubar.TripleAMenuBar.<init>(TripleAMenuBar.java:24)
	at games.strategy.triplea.ui.TripleAFrame.lambda$new$1(TripleAFrame.java:307)
	at java.desktop/java.awt.event.InvocationEvent.dispatch(InvocationEvent.java:318)
	at java.desktop/java.awt.EventQueue.dispatchEventImpl(EventQueue.java:773)
	at java.desktop/java.awt.EventQueue$4.run(EventQueue.java:720)
	at java.desktop/java.awt.EventQueue$4.run(EventQueue.java:714)
	at java.base/java.security.AccessController.doPrivileged(AccessController.java:399)
	at java.base/java.security.ProtectionDomain$JavaSecurityAccessImpl.doIntersectionPrivilege(ProtectionDomain.java:86)
	at java.desktop/java.awt.EventQueue.dispatchEvent(EventQueue.java:742)
	at java.desktop/java.awt.EventDispatchThread.pumpOneEventForFilters(EventDispatchThread.java:203)
	at java.desktop/java.awt.EventDispatchThread.pumpEventsForFilter(EventDispatchThread.java:124)
	at java.desktop/java.awt.EventDispatchThread.pumpEventsForHierarchy(EventDispatchThread.java:113)
	at java.desktop/java.awt.EventDispatchThread.pumpEvents(EventDispatchThread.java:109)
	at java.desktop/java.awt.EventDispatchThread.pumpEvents(EventDispatchThread.java:101)
	at java.desktop/java.awt.EventDispatchThread.run(EventDispatchThread.java:90)
522  13:47:19.731 [main] INFO  o.t.game.client.HeadedGameRunner - Launching game, version: 2.7+00000 
787  13:47:19.996 [Thread-5] DEBUG g.s.e.data.gameparser.GameParser - Parsing game XML: /storage/home/hcoda1/6/snayak89/triplea/downloadedMaps/capture_the_flag/map/games/capture_the_flag.xml
1826 13:47:21.035 [Thread-6] INFO  org.triplea.sound.ClipPlayer - Unable to create audio device, is there audio on the system? Cannot create AudioDevice
javazoom.jl.decoder.JavaLayerException: Cannot create AudioDevice
	at javazoom.jl.player.FactoryRegistry.createAudioDevice(FactoryRegistry.java:97)
	at org.triplea.sound.ClipPlayer.hasAudio(ClipPlayer.java:144)
	at org.triplea.sound.ClipPlayer.isSoundEnabled(ClipPlayer.java:251)
	at org.triplea.sound.ClipPlayer.play(ClipPlayer.java:220)
	at org.triplea.sound.ClipPlayer.play(ClipPlayer.java:209)
	at games.strategy.engine.framework.startup.mc.HeadedLaunchAction.startGame(HeadedLaunchAction.java:100)
	at games.strategy.triplea.TripleA.startGame(TripleA.java:62)
	at games.strategy.engine.framework.startup.launcher.LocalLauncher.loadGame(LocalLauncher.java:78)
	at games.strategy.engine.framework.startup.launcher.LocalLauncher.launch(LocalLauncher.java:59)
	at games.strategy.engine.framework.startup.ui.panels.main.MainPanelBuilder.lambda$launch$3(MainPanelBuilder.java:65)
	at java.base/java.lang.Thread.run(Thread.java:840)
1861 13:47:21.070 [AWT-EventQueue-0] INFO  org.triplea.sound.ClipPlayer - Unable to create audio device, is there audio on the system? Cannot create AudioDevice
javazoom.jl.decoder.JavaLayerException: Cannot create AudioDevice
	at javazoom.jl.player.FactoryRegistry.createAudioDevice(FactoryRegistry.java:97)
	at org.triplea.sound.ClipPlayer.hasAudio(ClipPlayer.java:144)
	at org.triplea.sound.SoundOptions.buildGlobalSoundSwitchMenuItem(SoundOptions.java:76)
	at games.strategy.triplea.ui.menubar.GameMenu.<init>(GameMenu.java:63)
	at games.strategy.triplea.ui.menubar.TripleAMenuBar.<init>(TripleAMenuBar.java:24)
	at games.strategy.triplea.ui.TripleAFrame.lambda$new$1(TripleAFrame.java:307)
	at java.desktop/java.awt.event.InvocationEvent.dispatch(InvocationEvent.java:318)
	at java.desktop/java.awt.EventQueue.dispatchEventImpl(EventQueue.java:773)
	at java.desktop/java.awt.EventQueue$4.run(EventQueue.java:720)
	at java.desktop/java.awt.EventQueue$4.run(EventQueue.java:714)
	at java.base/java.security.AccessController.doPrivileged(AccessController.java:399)
	at java.base/java.security.ProtectionDomain$JavaSecurityAccessImpl.doIntersectionPrivilege(ProtectionDomain.java:86)
	at java.desktop/java.awt.EventQueue.dispatchEvent(EventQueue.java:742)
	at java.desktop/java.awt.EventDispatchThread.pumpOneEventForFilters(EventDispatchThread.java:203)
	at java.desktop/java.awt.EventDispatchThread.pumpEventsForFilter(EventDispatchThread.java:124)
	at java.desktop/java.awt.EventDispatchThread.pumpEventsForHierarchy(EventDispatchThread.java:113)
	at java.desktop/java.awt.EventDispatchThread.pumpEvents(EventDispatchThread.java:109)
	at java.desktop/java.awt.EventDispatchThread.pumpEvents(EventDispatchThread.java:101)
	at java.desktop/java.awt.EventDispatchThread.run(EventDispatchThread.java:90)
1877 13:47:21.086 [AWT-EventQueue-0] INFO  org.triplea.sound.ClipPlayer - Unable to create audio device, is there audio on the system? Cannot create AudioDevice
javazoom.jl.decoder.JavaLayerException: Cannot create AudioDevice
	at javazoom.jl.player.FactoryRegistry.createAudioDevice(FactoryRegistry.java:97)
	at org.triplea.sound.ClipPlayer.hasAudio(ClipPlayer.java:144)
	at org.triplea.sound.SoundOptions.buildSoundOptionsMenuItem(SoundOptions.java:22)
	at games.strategy.triplea.ui.menubar.GameMenu.<init>(GameMenu.java:64)
	at games.strategy.triplea.ui.menubar.TripleAMenuBar.<init>(TripleAMenuBar.java:24)
	at games.strategy.triplea.ui.TripleAFrame.lambda$new$1(TripleAFrame.java:307)
	at java.desktop/java.awt.event.InvocationEvent.dispatch(InvocationEvent.java:318)
	at java.desktop/java.awt.EventQueue.dispatchEventImpl(EventQueue.java:773)
	at java.desktop/java.awt.EventQueue$4.run(EventQueue.java:720)
	at java.desktop/java.awt.EventQueue$4.run(EventQueue.java:714)
	at java.base/java.security.AccessController.doPrivileged(AccessController.java:399)
	at java.base/java.security.ProtectionDomain$JavaSecurityAccessImpl.doIntersectionPrivilege(ProtectionDomain.java:86)
	at java.desktop/java.awt.EventQueue.dispatchEvent(EventQueue.java:742)
	at java.desktop/java.awt.EventDispatchThread.pumpOneEventForFilters(EventDispatchThread.java:203)
	at java.desktop/java.awt.EventDispatchThread.pumpEventsForFilter(EventDispatchThread.java:124)
	at java.desktop/java.awt.EventDispatchThread.pumpEventsForHierarchy(EventDispatchThread.java:113)
	at java.desktop/java.awt.EventDispatchThread.pumpEvents(EventDispatchThread.java:109)
	at java.desktop/java.awt.EventDispatchThread.pumpEvents(EventDispatchThread.java:101)
	at java.desktop/java.awt.EventDispatchThread.run(EventDispatchThread.java:90)
529  13:48:30.742 [main] INFO  o.t.game.client.HeadedGameRunner - Launching game, version: 2.7+00000 
788  13:48:31.001 [Thread-5] DEBUG g.s.e.data.gameparser.GameParser - Parsing game XML: /storage/home/hcoda1/6/snayak89/triplea/downloadedMaps/capture_the_flag/map/games/capture_the_flag.xml
1823 13:48:32.036 [Thread-6] INFO  org.triplea.sound.ClipPlayer - Unable to create audio device, is there audio on the system? Cannot create AudioDevice
javazoom.jl.decoder.JavaLayerException: Cannot create AudioDevice
	at javazoom.jl.player.FactoryRegistry.createAudioDevice(FactoryRegistry.java:97)
	at org.triplea.sound.ClipPlayer.hasAudio(ClipPlayer.java:144)
	at org.triplea.sound.ClipPlayer.isSoundEnabled(ClipPlayer.java:251)
	at org.triplea.sound.ClipPlayer.play(ClipPlayer.java:220)
	at org.triplea.sound.ClipPlayer.play(ClipPlayer.java:209)
	at games.strategy.engine.framework.startup.mc.HeadedLaunchAction.startGame(HeadedLaunchAction.java:100)
	at games.strategy.triplea.TripleA.startGame(TripleA.java:62)
	at games.strategy.engine.framework.startup.launcher.LocalLauncher.loadGame(LocalLauncher.java:78)
	at games.strategy.engine.framework.startup.launcher.LocalLauncher.launch(LocalLauncher.java:59)
	at games.strategy.engine.framework.startup.ui.panels.main.MainPanelBuilder.lambda$launch$3(MainPanelBuilder.java:65)
	at java.base/java.lang.Thread.run(Thread.java:840)
1881 13:48:32.094 [AWT-EventQueue-0] INFO  org.triplea.sound.ClipPlayer - Unable to create audio device, is there audio on the system? Cannot create AudioDevice
javazoom.jl.decoder.JavaLayerException: Cannot create AudioDevice
	at javazoom.jl.player.FactoryRegistry.createAudioDevice(FactoryRegistry.java:97)
	at org.triplea.sound.ClipPlayer.hasAudio(ClipPlayer.java:144)
	at org.triplea.sound.SoundOptions.buildGlobalSoundSwitchMenuItem(SoundOptions.java:76)
	at games.strategy.triplea.ui.menubar.GameMenu.<init>(GameMenu.java:63)
	at games.strategy.triplea.ui.menubar.TripleAMenuBar.<init>(TripleAMenuBar.java:24)
	at games.strategy.triplea.ui.TripleAFrame.lambda$new$1(TripleAFrame.java:307)
	at java.desktop/java.awt.event.InvocationEvent.dispatch(InvocationEvent.java:318)
	at java.desktop/java.awt.EventQueue.dispatchEventImpl(EventQueue.java:773)
	at java.desktop/java.awt.EventQueue$4.run(EventQueue.java:720)
	at java.desktop/java.awt.EventQueue$4.run(EventQueue.java:714)
	at java.base/java.security.AccessController.doPrivileged(AccessController.java:399)
	at java.base/java.security.ProtectionDomain$JavaSecurityAccessImpl.doIntersectionPrivilege(ProtectionDomain.java:86)
	at java.desktop/java.awt.EventQueue.dispatchEvent(EventQueue.java:742)
	at java.desktop/java.awt.EventDispatchThread.pumpOneEventForFilters(EventDispatchThread.java:203)
	at java.desktop/java.awt.EventDispatchThread.pumpEventsForFilter(EventDispatchThread.java:124)
	at java.desktop/java.awt.EventDispatchThread.pumpEventsForHierarchy(EventDispatchThread.java:113)
	at java.desktop/java.awt.EventDispatchThread.pumpEvents(EventDispatchThread.java:109)
	at java.desktop/java.awt.EventDispatchThread.pumpEvents(EventDispatchThread.java:101)
	at java.desktop/java.awt.EventDispatchThread.run(EventDispatchThread.java:90)
1915 13:48:32.128 [AWT-EventQueue-0] INFO  org.triplea.sound.ClipPlayer - Unable to create audio device, is there audio on the system? Cannot create AudioDevice
javazoom.jl.decoder.JavaLayerException: Cannot create AudioDevice
	at javazoom.jl.player.FactoryRegistry.createAudioDevice(FactoryRegistry.java:97)
	at org.triplea.sound.ClipPlayer.hasAudio(ClipPlayer.java:144)
	at org.triplea.sound.SoundOptions.buildSoundOptionsMenuItem(SoundOptions.java:22)
	at games.strategy.triplea.ui.menubar.GameMenu.<init>(GameMenu.java:64)
	at games.strategy.triplea.ui.menubar.TripleAMenuBar.<init>(TripleAMenuBar.java:24)
	at games.strategy.triplea.ui.TripleAFrame.lambda$new$1(TripleAFrame.java:307)
	at java.desktop/java.awt.event.InvocationEvent.dispatch(InvocationEvent.java:318)
	at java.desktop/java.awt.EventQueue.dispatchEventImpl(EventQueue.java:773)
	at java.desktop/java.awt.EventQueue$4.run(EventQueue.java:720)
	at java.desktop/java.awt.EventQueue$4.run(EventQueue.java:714)
	at java.base/java.security.AccessController.doPrivileged(AccessController.java:399)
	at java.base/java.security.ProtectionDomain$JavaSecurityAccessImpl.doIntersectionPrivilege(ProtectionDomain.java:86)
	at java.desktop/java.awt.EventQueue.dispatchEvent(EventQueue.java:742)
	at java.desktop/java.awt.EventDispatchThread.pumpOneEventForFilters(EventDispatchThread.java:203)
	at java.desktop/java.awt.EventDispatchThread.pumpEventsForFilter(EventDispatchThread.java:124)
	at java.desktop/java.awt.EventDispatchThread.pumpEventsForHierarchy(EventDispatchThread.java:113)
	at java.desktop/java.awt.EventDispatchThread.pumpEvents(EventDispatchThread.java:109)
	at java.desktop/java.awt.EventDispatchThread.pumpEvents(EventDispatchThread.java:101)
	at java.desktop/java.awt.EventDispatchThread.run(EventDispatchThread.java:90)
946200 14:04:16.413 [Thread-1862] DEBUG g.s.e.data.gameparser.GameParser - Parsing game XML: /storage/home/hcoda1/6/snayak89/triplea/downloadedMaps/capture_the_flag/map/games/capture_the_flag.xml
946536 14:04:16.749 [Thread-1863] INFO  org.triplea.sound.ClipPlayer - Unable to create audio device, is there audio on the system? Cannot create AudioDevice
javazoom.jl.decoder.JavaLayerException: Cannot create AudioDevice
	at javazoom.jl.player.FactoryRegistry.createAudioDevice(FactoryRegistry.java:97)
	at org.triplea.sound.ClipPlayer.hasAudio(ClipPlayer.java:144)
	at org.triplea.sound.ClipPlayer.isSoundEnabled(ClipPlayer.java:251)
	at org.triplea.sound.ClipPlayer.play(ClipPlayer.java:220)
	at org.triplea.sound.ClipPlayer.play(ClipPlayer.java:209)
	at games.strategy.engine.framework.startup.mc.HeadedLaunchAction.startGame(HeadedLaunchAction.java:100)
	at games.strategy.triplea.TripleA.startGame(TripleA.java:62)
	at games.strategy.engine.framework.startup.launcher.LocalLauncher.loadGame(LocalLauncher.java:78)
	at games.strategy.engine.framework.startup.launcher.LocalLauncher.launch(LocalLauncher.java:59)
	at games.strategy.engine.framework.startup.ui.panels.main.MainPanelBuilder.lambda$launch$3(MainPanelBuilder.java:65)
	at java.base/java.lang.Thread.run(Thread.java:840)
946569 14:04:16.782 [AWT-EventQueue-0] INFO  org.triplea.sound.ClipPlayer - Unable to create audio device, is there audio on the system? Cannot create AudioDevice
javazoom.jl.decoder.JavaLayerException: Cannot create AudioDevice
	at javazoom.jl.player.FactoryRegistry.createAudioDevice(FactoryRegistry.java:97)
	at org.triplea.sound.ClipPlayer.hasAudio(ClipPlayer.java:144)
	at org.triplea.sound.SoundOptions.buildGlobalSoundSwitchMenuItem(SoundOptions.java:76)
	at games.strategy.triplea.ui.menubar.GameMenu.<init>(GameMenu.java:63)
	at games.strategy.triplea.ui.menubar.TripleAMenuBar.<init>(TripleAMenuBar.java:24)
	at games.strategy.triplea.ui.TripleAFrame.lambda$new$1(TripleAFrame.java:307)
	at java.desktop/java.awt.event.InvocationEvent.dispatch(InvocationEvent.java:318)
	at java.desktop/java.awt.EventQueue.dispatchEventImpl(EventQueue.java:773)
	at java.desktop/java.awt.EventQueue$4.run(EventQueue.java:720)
	at java.desktop/java.awt.EventQueue$4.run(EventQueue.java:714)
	at java.base/java.security.AccessController.doPrivileged(AccessController.java:399)
	at java.base/java.security.ProtectionDomain$JavaSecurityAccessImpl.doIntersectionPrivilege(ProtectionDomain.java:86)
	at java.desktop/java.awt.EventQueue.dispatchEvent(EventQueue.java:742)
	at java.desktop/java.awt.EventDispatchThread.pumpOneEventForFilters(EventDispatchThread.java:203)
	at java.desktop/java.awt.EventDispatchThread.pumpEventsForFilter(EventDispatchThread.java:124)
	at java.desktop/java.awt.EventDispatchThread.pumpEventsForHierarchy(EventDispatchThread.java:113)
	at java.desktop/java.awt.EventDispatchThread.pumpEvents(EventDispatchThread.java:109)
	at java.desktop/java.awt.EventDispatchThread.pumpEvents(EventDispatchThread.java:101)
	at java.desktop/java.awt.EventDispatchThread.run(EventDispatchThread.java:90)
946605 14:04:16.818 [AWT-EventQueue-0] INFO  org.triplea.sound.ClipPlayer - Unable to create audio device, is there audio on the system? Cannot create AudioDevice
javazoom.jl.decoder.JavaLayerException: Cannot create AudioDevice
	at javazoom.jl.player.FactoryRegistry.createAudioDevice(FactoryRegistry.java:97)
	at org.triplea.sound.ClipPlayer.hasAudio(ClipPlayer.java:144)
	at org.triplea.sound.SoundOptions.buildSoundOptionsMenuItem(SoundOptions.java:22)
	at games.strategy.triplea.ui.menubar.GameMenu.<init>(GameMenu.java:64)
	at games.strategy.triplea.ui.menubar.TripleAMenuBar.<init>(TripleAMenuBar.java:24)
	at games.strategy.triplea.ui.TripleAFrame.lambda$new$1(TripleAFrame.java:307)
	at java.desktop/java.awt.event.InvocationEvent.dispatch(InvocationEvent.java:318)
	at java.desktop/java.awt.EventQueue.dispatchEventImpl(EventQueue.java:773)
	at java.desktop/java.awt.EventQueue$4.run(EventQueue.java:720)
	at java.desktop/java.awt.EventQueue$4.run(EventQueue.java:714)
	at java.base/java.security.AccessController.doPrivileged(AccessController.java:399)
	at java.base/java.security.ProtectionDomain$JavaSecurityAccessImpl.doIntersectionPrivilege(ProtectionDomain.java:86)
	at java.desktop/java.awt.EventQueue.dispatchEvent(EventQueue.java:742)
	at java.desktop/java.awt.EventDispatchThread.pumpOneEventForFilters(EventDispatchThread.java:203)
	at java.desktop/java.awt.EventDispatchThread.pumpEventsForFilter(EventDispatchThread.java:124)
	at java.desktop/java.awt.EventDispatchThread.pumpEventsForHierarchy(EventDispatchThread.java:113)
	at java.desktop/java.awt.EventDispatchThread.pumpEvents(EventDispatchThread.java:109)
	at java.desktop/java.awt.EventDispatchThread.pumpEvents(EventDispatchThread.java:101)
	at java.desktop/java.awt.EventDispatchThread.run(EventDispatchThread.java:90)
538  14:04:43.813 [main] INFO  o.t.game.client.HeadedGameRunner - Launching game, version: 2.7+00000 
809  14:04:44.084 [Thread-5] DEBUG g.s.e.data.gameparser.GameParser - Parsing game XML: /storage/home/hcoda1/6/snayak89/triplea/downloadedMaps/capture_the_flag/map/games/capture_the_flag.xml
1819 14:04:45.094 [Thread-6] INFO  org.triplea.sound.ClipPlayer - Unable to create audio device, is there audio on the system? Cannot create AudioDevice
javazoom.jl.decoder.JavaLayerException: Cannot create AudioDevice
	at javazoom.jl.player.FactoryRegistry.createAudioDevice(FactoryRegistry.java:97)
	at org.triplea.sound.ClipPlayer.hasAudio(ClipPlayer.java:144)
	at org.triplea.sound.ClipPlayer.isSoundEnabled(ClipPlayer.java:251)
	at org.triplea.sound.ClipPlayer.play(ClipPlayer.java:220)
	at org.triplea.sound.ClipPlayer.play(ClipPlayer.java:209)
	at games.strategy.engine.framework.startup.mc.HeadedLaunchAction.startGame(HeadedLaunchAction.java:100)
	at games.strategy.triplea.TripleA.startGame(TripleA.java:62)
	at games.strategy.engine.framework.startup.launcher.LocalLauncher.loadGame(LocalLauncher.java:78)
	at games.strategy.engine.framework.startup.launcher.LocalLauncher.launch(LocalLauncher.java:59)
	at games.strategy.engine.framework.startup.ui.panels.main.MainPanelBuilder.lambda$launch$3(MainPanelBuilder.java:65)
	at java.base/java.lang.Thread.run(Thread.java:840)
1853 14:04:45.128 [AWT-EventQueue-0] INFO  org.triplea.sound.ClipPlayer - Unable to create audio device, is there audio on the system? Cannot create AudioDevice
javazoom.jl.decoder.JavaLayerException: Cannot create AudioDevice
	at javazoom.jl.player.FactoryRegistry.createAudioDevice(FactoryRegistry.java:97)
	at org.triplea.sound.ClipPlayer.hasAudio(ClipPlayer.java:144)
	at org.triplea.sound.SoundOptions.buildGlobalSoundSwitchMenuItem(SoundOptions.java:76)
	at games.strategy.triplea.ui.menubar.GameMenu.<init>(GameMenu.java:63)
	at games.strategy.triplea.ui.menubar.TripleAMenuBar.<init>(TripleAMenuBar.java:24)
	at games.strategy.triplea.ui.TripleAFrame.lambda$new$1(TripleAFrame.java:307)
	at java.desktop/java.awt.event.InvocationEvent.dispatch(InvocationEvent.java:318)
	at java.desktop/java.awt.EventQueue.dispatchEventImpl(EventQueue.java:773)
	at java.desktop/java.awt.EventQueue$4.run(EventQueue.java:720)
	at java.desktop/java.awt.EventQueue$4.run(EventQueue.java:714)
	at java.base/java.security.AccessController.doPrivileged(AccessController.java:399)
	at java.base/java.security.ProtectionDomain$JavaSecurityAccessImpl.doIntersectionPrivilege(ProtectionDomain.java:86)
	at java.desktop/java.awt.EventQueue.dispatchEvent(EventQueue.java:742)
	at java.desktop/java.awt.EventDispatchThread.pumpOneEventForFilters(EventDispatchThread.java:203)
	at java.desktop/java.awt.EventDispatchThread.pumpEventsForFilter(EventDispatchThread.java:124)
	at java.desktop/java.awt.EventDispatchThread.pumpEventsForHierarchy(EventDispatchThread.java:113)
	at java.desktop/java.awt.EventDispatchThread.pumpEvents(EventDispatchThread.java:109)
	at java.desktop/java.awt.EventDispatchThread.pumpEvents(EventDispatchThread.java:101)
	at java.desktop/java.awt.EventDispatchThread.run(EventDispatchThread.java:90)
1902 14:04:45.177 [AWT-EventQueue-0] INFO  org.triplea.sound.ClipPlayer - Unable to create audio device, is there audio on the system? Cannot create AudioDevice
javazoom.jl.decoder.JavaLayerException: Cannot create AudioDevice
	at javazoom.jl.player.FactoryRegistry.createAudioDevice(FactoryRegistry.java:97)
	at org.triplea.sound.ClipPlayer.hasAudio(ClipPlayer.java:144)
	at org.triplea.sound.SoundOptions.buildSoundOptionsMenuItem(SoundOptions.java:22)
	at games.strategy.triplea.ui.menubar.GameMenu.<init>(GameMenu.java:64)
	at games.strategy.triplea.ui.menubar.TripleAMenuBar.<init>(TripleAMenuBar.java:24)
	at games.strategy.triplea.ui.TripleAFrame.lambda$new$1(TripleAFrame.java:307)
	at java.desktop/java.awt.event.InvocationEvent.dispatch(InvocationEvent.java:318)
	at java.desktop/java.awt.EventQueue.dispatchEventImpl(EventQueue.java:773)
	at java.desktop/java.awt.EventQueue$4.run(EventQueue.java:720)
	at java.desktop/java.awt.EventQueue$4.run(EventQueue.java:714)
	at java.base/java.security.AccessController.doPrivileged(AccessController.java:399)
	at java.base/java.security.ProtectionDomain$JavaSecurityAccessImpl.doIntersectionPrivilege(ProtectionDomain.java:86)
	at java.desktop/java.awt.EventQueue.dispatchEvent(EventQueue.java:742)
	at java.desktop/java.awt.EventDispatchThread.pumpOneEventForFilters(EventDispatchThread.java:203)
	at java.desktop/java.awt.EventDispatchThread.pumpEventsForFilter(EventDispatchThread.java:124)
	at java.desktop/java.awt.EventDispatchThread.pumpEventsForHierarchy(EventDispatchThread.java:113)
	at java.desktop/java.awt.EventDispatchThread.pumpEvents(EventDispatchThread.java:109)
	at java.desktop/java.awt.EventDispatchThread.pumpEvents(EventDispatchThread.java:101)
	at java.desktop/java.awt.EventDispatchThread.run(EventDispatchThread.java:90)
517  14:06:03.809 [main] INFO  o.t.game.client.HeadedGameRunner - Launching game, version: 2.7+00000 
788  14:06:04.080 [Thread-5] DEBUG g.s.e.data.gameparser.GameParser - Parsing game XML: /storage/home/hcoda1/6/snayak89/triplea/downloadedMaps/capture_the_flag/map/games/capture_the_flag.xml
1849 14:06:05.141 [Thread-6] INFO  org.triplea.sound.ClipPlayer - Unable to create audio device, is there audio on the system? Cannot create AudioDevice
javazoom.jl.decoder.JavaLayerException: Cannot create AudioDevice
	at javazoom.jl.player.FactoryRegistry.createAudioDevice(FactoryRegistry.java:97)
	at org.triplea.sound.ClipPlayer.hasAudio(ClipPlayer.java:144)
	at org.triplea.sound.ClipPlayer.isSoundEnabled(ClipPlayer.java:251)
	at org.triplea.sound.ClipPlayer.play(ClipPlayer.java:220)
	at org.triplea.sound.ClipPlayer.play(ClipPlayer.java:209)
	at games.strategy.engine.framework.startup.mc.HeadedLaunchAction.startGame(HeadedLaunchAction.java:100)
	at games.strategy.triplea.TripleA.startGame(TripleA.java:62)
	at games.strategy.engine.framework.startup.launcher.LocalLauncher.loadGame(LocalLauncher.java:78)
	at games.strategy.engine.framework.startup.launcher.LocalLauncher.launch(LocalLauncher.java:59)
	at games.strategy.engine.framework.startup.ui.panels.main.MainPanelBuilder.lambda$launch$3(MainPanelBuilder.java:65)
	at java.base/java.lang.Thread.run(Thread.java:840)
1882 14:06:05.174 [AWT-EventQueue-0] INFO  org.triplea.sound.ClipPlayer - Unable to create audio device, is there audio on the system? Cannot create AudioDevice
javazoom.jl.decoder.JavaLayerException: Cannot create AudioDevice
	at javazoom.jl.player.FactoryRegistry.createAudioDevice(FactoryRegistry.java:97)
	at org.triplea.sound.ClipPlayer.hasAudio(ClipPlayer.java:144)
	at org.triplea.sound.SoundOptions.buildGlobalSoundSwitchMenuItem(SoundOptions.java:76)
	at games.strategy.triplea.ui.menubar.GameMenu.<init>(GameMenu.java:63)
	at games.strategy.triplea.ui.menubar.TripleAMenuBar.<init>(TripleAMenuBar.java:24)
	at games.strategy.triplea.ui.TripleAFrame.lambda$new$1(TripleAFrame.java:307)
	at java.desktop/java.awt.event.InvocationEvent.dispatch(InvocationEvent.java:318)
	at java.desktop/java.awt.EventQueue.dispatchEventImpl(EventQueue.java:773)
	at java.desktop/java.awt.EventQueue$4.run(EventQueue.java:720)
	at java.desktop/java.awt.EventQueue$4.run(EventQueue.java:714)
	at java.base/java.security.AccessController.doPrivileged(AccessController.java:399)
	at java.base/java.security.ProtectionDomain$JavaSecurityAccessImpl.doIntersectionPrivilege(ProtectionDomain.java:86)
	at java.desktop/java.awt.EventQueue.dispatchEvent(EventQueue.java:742)
	at java.desktop/java.awt.EventDispatchThread.pumpOneEventForFilters(EventDispatchThread.java:203)
	at java.desktop/java.awt.EventDispatchThread.pumpEventsForFilter(EventDispatchThread.java:124)
	at java.desktop/java.awt.EventDispatchThread.pumpEventsForHierarchy(EventDispatchThread.java:113)
	at java.desktop/java.awt.EventDispatchThread.pumpEvents(EventDispatchThread.java:109)
	at java.desktop/java.awt.EventDispatchThread.pumpEvents(EventDispatchThread.java:101)
	at java.desktop/java.awt.EventDispatchThread.run(EventDispatchThread.java:90)
1917 14:06:05.209 [AWT-EventQueue-0] INFO  org.triplea.sound.ClipPlayer - Unable to create audio device, is there audio on the system? Cannot create AudioDevice
javazoom.jl.decoder.JavaLayerException: Cannot create AudioDevice
	at javazoom.jl.player.FactoryRegistry.createAudioDevice(FactoryRegistry.java:97)
	at org.triplea.sound.ClipPlayer.hasAudio(ClipPlayer.java:144)
	at org.triplea.sound.SoundOptions.buildSoundOptionsMenuItem(SoundOptions.java:22)
	at games.strategy.triplea.ui.menubar.GameMenu.<init>(GameMenu.java:64)
	at games.strategy.triplea.ui.menubar.TripleAMenuBar.<init>(TripleAMenuBar.java:24)
	at games.strategy.triplea.ui.TripleAFrame.lambda$new$1(TripleAFrame.java:307)
	at java.desktop/java.awt.event.InvocationEvent.dispatch(InvocationEvent.java:318)
	at java.desktop/java.awt.EventQueue.dispatchEventImpl(EventQueue.java:773)
	at java.desktop/java.awt.EventQueue$4.run(EventQueue.java:720)
	at java.desktop/java.awt.EventQueue$4.run(EventQueue.java:714)
	at java.base/java.security.AccessController.doPrivileged(AccessController.java:399)
	at java.base/java.security.ProtectionDomain$JavaSecurityAccessImpl.doIntersectionPrivilege(ProtectionDomain.java:86)
	at java.desktop/java.awt.EventQueue.dispatchEvent(EventQueue.java:742)
	at java.desktop/java.awt.EventDispatchThread.pumpOneEventForFilters(EventDispatchThread.java:203)
	at java.desktop/java.awt.EventDispatchThread.pumpEventsForFilter(EventDispatchThread.java:124)
	at java.desktop/java.awt.EventDispatchThread.pumpEventsForHierarchy(EventDispatchThread.java:113)
	at java.desktop/java.awt.EventDispatchThread.pumpEvents(EventDispatchThread.java:109)
	at java.desktop/java.awt.EventDispatchThread.pumpEvents(EventDispatchThread.java:101)
	at java.desktop/java.awt.EventDispatchThread.run(EventDispatchThread.java:90)
1022957 14:23:06.249 [Thread-2191] DEBUG g.s.e.data.gameparser.GameParser - Parsing game XML: /storage/home/hcoda1/6/snayak89/triplea/downloadedMaps/capture_the_flag/map/games/capture_the_flag.xml
1023230 14:23:06.522 [Thread-2192] INFO  org.triplea.sound.ClipPlayer - Unable to create audio device, is there audio on the system? Cannot create AudioDevice
javazoom.jl.decoder.JavaLayerException: Cannot create AudioDevice
	at javazoom.jl.player.FactoryRegistry.createAudioDevice(FactoryRegistry.java:97)
	at org.triplea.sound.ClipPlayer.hasAudio(ClipPlayer.java:144)
	at org.triplea.sound.ClipPlayer.isSoundEnabled(ClipPlayer.java:251)
	at org.triplea.sound.ClipPlayer.play(ClipPlayer.java:220)
	at org.triplea.sound.ClipPlayer.play(ClipPlayer.java:209)
	at games.strategy.engine.framework.startup.mc.HeadedLaunchAction.startGame(HeadedLaunchAction.java:100)
	at games.strategy.triplea.TripleA.startGame(TripleA.java:62)
	at games.strategy.engine.framework.startup.launcher.LocalLauncher.loadGame(LocalLauncher.java:78)
	at games.strategy.engine.framework.startup.launcher.LocalLauncher.launch(LocalLauncher.java:59)
	at games.strategy.engine.framework.startup.ui.panels.main.MainPanelBuilder.lambda$launch$3(MainPanelBuilder.java:65)
	at java.base/java.lang.Thread.run(Thread.java:840)
1023300 14:23:06.592 [AWT-EventQueue-0] INFO  org.triplea.sound.ClipPlayer - Unable to create audio device, is there audio on the system? Cannot create AudioDevice
javazoom.jl.decoder.JavaLayerException: Cannot create AudioDevice
	at javazoom.jl.player.FactoryRegistry.createAudioDevice(FactoryRegistry.java:97)
	at org.triplea.sound.ClipPlayer.hasAudio(ClipPlayer.java:144)
	at org.triplea.sound.SoundOptions.buildGlobalSoundSwitchMenuItem(SoundOptions.java:76)
	at games.strategy.triplea.ui.menubar.GameMenu.<init>(GameMenu.java:63)
	at games.strategy.triplea.ui.menubar.TripleAMenuBar.<init>(TripleAMenuBar.java:24)
	at games.strategy.triplea.ui.TripleAFrame.lambda$new$1(TripleAFrame.java:307)
	at java.desktop/java.awt.event.InvocationEvent.dispatch(InvocationEvent.java:318)
	at java.desktop/java.awt.EventQueue.dispatchEventImpl(EventQueue.java:773)
	at java.desktop/java.awt.EventQueue$4.run(EventQueue.java:720)
	at java.desktop/java.awt.EventQueue$4.run(EventQueue.java:714)
	at java.base/java.security.AccessController.doPrivileged(AccessController.java:399)
	at java.base/java.security.ProtectionDomain$JavaSecurityAccessImpl.doIntersectionPrivilege(ProtectionDomain.java:86)
	at java.desktop/java.awt.EventQueue.dispatchEvent(EventQueue.java:742)
	at java.desktop/java.awt.EventDispatchThread.pumpOneEventForFilters(EventDispatchThread.java:203)
	at java.desktop/java.awt.EventDispatchThread.pumpEventsForFilter(EventDispatchThread.java:124)
	at java.desktop/java.awt.EventDispatchThread.pumpEventsForHierarchy(EventDispatchThread.java:113)
	at java.desktop/java.awt.EventDispatchThread.pumpEvents(EventDispatchThread.java:109)
	at java.desktop/java.awt.EventDispatchThread.pumpEvents(EventDispatchThread.java:101)
	at java.desktop/java.awt.EventDispatchThread.run(EventDispatchThread.java:90)
1023332 14:23:06.624 [AWT-EventQueue-0] INFO  org.triplea.sound.ClipPlayer - Unable to create audio device, is there audio on the system? Cannot create AudioDevice
javazoom.jl.decoder.JavaLayerException: Cannot create AudioDevice
	at javazoom.jl.player.FactoryRegistry.createAudioDevice(FactoryRegistry.java:97)
	at org.triplea.sound.ClipPlayer.hasAudio(ClipPlayer.java:144)
	at org.triplea.sound.SoundOptions.buildSoundOptionsMenuItem(SoundOptions.java:22)
	at games.strategy.triplea.ui.menubar.GameMenu.<init>(GameMenu.java:64)
	at games.strategy.triplea.ui.menubar.TripleAMenuBar.<init>(TripleAMenuBar.java:24)
	at games.strategy.triplea.ui.TripleAFrame.lambda$new$1(TripleAFrame.java:307)
	at java.desktop/java.awt.event.InvocationEvent.dispatch(InvocationEvent.java:318)
	at java.desktop/java.awt.EventQueue.dispatchEventImpl(EventQueue.java:773)
	at java.desktop/java.awt.EventQueue$4.run(EventQueue.java:720)
	at java.desktop/java.awt.EventQueue$4.run(EventQueue.java:714)
	at java.base/java.security.AccessController.doPrivileged(AccessController.java:399)
	at java.base/java.security.ProtectionDomain$JavaSecurityAccessImpl.doIntersectionPrivilege(ProtectionDomain.java:86)
	at java.desktop/java.awt.EventQueue.dispatchEvent(EventQueue.java:742)
	at java.desktop/java.awt.EventDispatchThread.pumpOneEventForFilters(EventDispatchThread.java:203)
	at java.desktop/java.awt.EventDispatchThread.pumpEventsForFilter(EventDispatchThread.java:124)
	at java.desktop/java.awt.EventDispatchThread.pumpEventsForHierarchy(EventDispatchThread.java:113)
	at java.desktop/java.awt.EventDispatchThread.pumpEvents(EventDispatchThread.java:109)
	at java.desktop/java.awt.EventDispatchThread.pumpEvents(EventDispatchThread.java:101)
	at java.desktop/java.awt.EventDispatchThread.run(EventDispatchThread.java:90)
490  14:23:36.041 [main] INFO  o.t.game.client.HeadedGameRunner - Launching game, version: 2.7+00000 
741  14:23:36.292 [Thread-5] DEBUG g.s.e.data.gameparser.GameParser - Parsing game XML: /storage/home/hcoda1/6/snayak89/triplea/downloadedMaps/capture_the_flag/map/games/capture_the_flag.xml
1728 14:23:37.279 [Thread-6] INFO  org.triplea.sound.ClipPlayer - Unable to create audio device, is there audio on the system? Cannot create AudioDevice
javazoom.jl.decoder.JavaLayerException: Cannot create AudioDevice
	at javazoom.jl.player.FactoryRegistry.createAudioDevice(FactoryRegistry.java:97)
	at org.triplea.sound.ClipPlayer.hasAudio(ClipPlayer.java:144)
	at org.triplea.sound.ClipPlayer.isSoundEnabled(ClipPlayer.java:251)
	at org.triplea.sound.ClipPlayer.play(ClipPlayer.java:220)
	at org.triplea.sound.ClipPlayer.play(ClipPlayer.java:209)
	at games.strategy.engine.framework.startup.mc.HeadedLaunchAction.startGame(HeadedLaunchAction.java:100)
	at games.strategy.triplea.TripleA.startGame(TripleA.java:62)
	at games.strategy.engine.framework.startup.launcher.LocalLauncher.loadGame(LocalLauncher.java:78)
	at games.strategy.engine.framework.startup.launcher.LocalLauncher.launch(LocalLauncher.java:59)
	at games.strategy.engine.framework.startup.ui.panels.main.MainPanelBuilder.lambda$launch$3(MainPanelBuilder.java:65)
	at java.base/java.lang.Thread.run(Thread.java:840)
1762 14:23:37.313 [AWT-EventQueue-0] INFO  org.triplea.sound.ClipPlayer - Unable to create audio device, is there audio on the system? Cannot create AudioDevice
javazoom.jl.decoder.JavaLayerException: Cannot create AudioDevice
	at javazoom.jl.player.FactoryRegistry.createAudioDevice(FactoryRegistry.java:97)
	at org.triplea.sound.ClipPlayer.hasAudio(ClipPlayer.java:144)
	at org.triplea.sound.SoundOptions.buildGlobalSoundSwitchMenuItem(SoundOptions.java:76)
	at games.strategy.triplea.ui.menubar.GameMenu.<init>(GameMenu.java:63)
	at games.strategy.triplea.ui.menubar.TripleAMenuBar.<init>(TripleAMenuBar.java:24)
	at games.strategy.triplea.ui.TripleAFrame.lambda$new$1(TripleAFrame.java:307)
	at java.desktop/java.awt.event.InvocationEvent.dispatch(InvocationEvent.java:318)
	at java.desktop/java.awt.EventQueue.dispatchEventImpl(EventQueue.java:773)
	at java.desktop/java.awt.EventQueue$4.run(EventQueue.java:720)
	at java.desktop/java.awt.EventQueue$4.run(EventQueue.java:714)
	at java.base/java.security.AccessController.doPrivileged(AccessController.java:399)
	at java.base/java.security.ProtectionDomain$JavaSecurityAccessImpl.doIntersectionPrivilege(ProtectionDomain.java:86)
	at java.desktop/java.awt.EventQueue.dispatchEvent(EventQueue.java:742)
	at java.desktop/java.awt.EventDispatchThread.pumpOneEventForFilters(EventDispatchThread.java:203)
	at java.desktop/java.awt.EventDispatchThread.pumpEventsForFilter(EventDispatchThread.java:124)
	at java.desktop/java.awt.EventDispatchThread.pumpEventsForHierarchy(EventDispatchThread.java:113)
	at java.desktop/java.awt.EventDispatchThread.pumpEvents(EventDispatchThread.java:109)
	at java.desktop/java.awt.EventDispatchThread.pumpEvents(EventDispatchThread.java:101)
	at java.desktop/java.awt.EventDispatchThread.run(EventDispatchThread.java:90)
1806 14:23:37.357 [AWT-EventQueue-0] INFO  org.triplea.sound.ClipPlayer - Unable to create audio device, is there audio on the system? Cannot create AudioDevice
javazoom.jl.decoder.JavaLayerException: Cannot create AudioDevice
	at javazoom.jl.player.FactoryRegistry.createAudioDevice(FactoryRegistry.java:97)
	at org.triplea.sound.ClipPlayer.hasAudio(ClipPlayer.java:144)
	at org.triplea.sound.SoundOptions.buildSoundOptionsMenuItem(SoundOptions.java:22)
	at games.strategy.triplea.ui.menubar.GameMenu.<init>(GameMenu.java:64)
	at games.strategy.triplea.ui.menubar.TripleAMenuBar.<init>(TripleAMenuBar.java:24)
	at games.strategy.triplea.ui.TripleAFrame.lambda$new$1(TripleAFrame.java:307)
	at java.desktop/java.awt.event.InvocationEvent.dispatch(InvocationEvent.java:318)
	at java.desktop/java.awt.EventQueue.dispatchEventImpl(EventQueue.java:773)
	at java.desktop/java.awt.EventQueue$4.run(EventQueue.java:720)
	at java.desktop/java.awt.EventQueue$4.run(EventQueue.java:714)
	at java.base/java.security.AccessController.doPrivileged(AccessController.java:399)
	at java.base/java.security.ProtectionDomain$JavaSecurityAccessImpl.doIntersectionPrivilege(ProtectionDomain.java:86)
	at java.desktop/java.awt.EventQueue.dispatchEvent(EventQueue.java:742)
	at java.desktop/java.awt.EventDispatchThread.pumpOneEventForFilters(EventDispatchThread.java:203)
	at java.desktop/java.awt.EventDispatchThread.pumpEventsForFilter(EventDispatchThread.java:124)
	at java.desktop/java.awt.EventDispatchThread.pumpEventsForHierarchy(EventDispatchThread.java:113)
	at java.desktop/java.awt.EventDispatchThread.pumpEvents(EventDispatchThread.java:109)
	at java.desktop/java.awt.EventDispatchThread.pumpEvents(EventDispatchThread.java:101)
	at java.desktop/java.awt.EventDispatchThread.run(EventDispatchThread.java:90)
489  14:24:58.982 [main] INFO  o.t.game.client.HeadedGameRunner - Launching game, version: 2.7+00000 
745  14:24:59.238 [Thread-5] DEBUG g.s.e.data.gameparser.GameParser - Parsing game XML: /storage/home/hcoda1/6/snayak89/triplea/downloadedMaps/capture_the_flag/map/games/capture_the_flag.xml
1764 14:25:00.257 [Thread-6] INFO  org.triplea.sound.ClipPlayer - Unable to create audio device, is there audio on the system? Cannot create AudioDevice
javazoom.jl.decoder.JavaLayerException: Cannot create AudioDevice
	at javazoom.jl.player.FactoryRegistry.createAudioDevice(FactoryRegistry.java:97)
	at org.triplea.sound.ClipPlayer.hasAudio(ClipPlayer.java:144)
	at org.triplea.sound.ClipPlayer.isSoundEnabled(ClipPlayer.java:251)
	at org.triplea.sound.ClipPlayer.play(ClipPlayer.java:220)
	at org.triplea.sound.ClipPlayer.play(ClipPlayer.java:209)
	at games.strategy.engine.framework.startup.mc.HeadedLaunchAction.startGame(HeadedLaunchAction.java:100)
	at games.strategy.triplea.TripleA.startGame(TripleA.java:62)
	at games.strategy.engine.framework.startup.launcher.LocalLauncher.loadGame(LocalLauncher.java:78)
	at games.strategy.engine.framework.startup.launcher.LocalLauncher.launch(LocalLauncher.java:59)
	at games.strategy.engine.framework.startup.ui.panels.main.MainPanelBuilder.lambda$launch$3(MainPanelBuilder.java:65)
	at java.base/java.lang.Thread.run(Thread.java:840)
1797 14:25:00.290 [AWT-EventQueue-0] INFO  org.triplea.sound.ClipPlayer - Unable to create audio device, is there audio on the system? Cannot create AudioDevice
javazoom.jl.decoder.JavaLayerException: Cannot create AudioDevice
	at javazoom.jl.player.FactoryRegistry.createAudioDevice(FactoryRegistry.java:97)
	at org.triplea.sound.ClipPlayer.hasAudio(ClipPlayer.java:144)
	at org.triplea.sound.SoundOptions.buildGlobalSoundSwitchMenuItem(SoundOptions.java:76)
	at games.strategy.triplea.ui.menubar.GameMenu.<init>(GameMenu.java:63)
	at games.strategy.triplea.ui.menubar.TripleAMenuBar.<init>(TripleAMenuBar.java:24)
	at games.strategy.triplea.ui.TripleAFrame.lambda$new$1(TripleAFrame.java:307)
	at java.desktop/java.awt.event.InvocationEvent.dispatch(InvocationEvent.java:318)
	at java.desktop/java.awt.EventQueue.dispatchEventImpl(EventQueue.java:773)
	at java.desktop/java.awt.EventQueue$4.run(EventQueue.java:720)
	at java.desktop/java.awt.EventQueue$4.run(EventQueue.java:714)
	at java.base/java.security.AccessController.doPrivileged(AccessController.java:399)
	at java.base/java.security.ProtectionDomain$JavaSecurityAccessImpl.doIntersectionPrivilege(ProtectionDomain.java:86)
	at java.desktop/java.awt.EventQueue.dispatchEvent(EventQueue.java:742)
	at java.desktop/java.awt.EventDispatchThread.pumpOneEventForFilters(EventDispatchThread.java:203)
	at java.desktop/java.awt.EventDispatchThread.pumpEventsForFilter(EventDispatchThread.java:124)
	at java.desktop/java.awt.EventDispatchThread.pumpEventsForHierarchy(EventDispatchThread.java:113)
	at java.desktop/java.awt.EventDispatchThread.pumpEvents(EventDispatchThread.java:109)
	at java.desktop/java.awt.EventDispatchThread.pumpEvents(EventDispatchThread.java:101)
	at java.desktop/java.awt.EventDispatchThread.run(EventDispatchThread.java:90)
1831 14:25:00.324 [AWT-EventQueue-0] INFO  org.triplea.sound.ClipPlayer - Unable to create audio device, is there audio on the system? Cannot create AudioDevice
javazoom.jl.decoder.JavaLayerException: Cannot create AudioDevice
	at javazoom.jl.player.FactoryRegistry.createAudioDevice(FactoryRegistry.java:97)
	at org.triplea.sound.ClipPlayer.hasAudio(ClipPlayer.java:144)
	at org.triplea.sound.SoundOptions.buildSoundOptionsMenuItem(SoundOptions.java:22)
	at games.strategy.triplea.ui.menubar.GameMenu.<init>(GameMenu.java:64)
	at games.strategy.triplea.ui.menubar.TripleAMenuBar.<init>(TripleAMenuBar.java:24)
	at games.strategy.triplea.ui.TripleAFrame.lambda$new$1(TripleAFrame.java:307)
	at java.desktop/java.awt.event.InvocationEvent.dispatch(InvocationEvent.java:318)
	at java.desktop/java.awt.EventQueue.dispatchEventImpl(EventQueue.java:773)
	at java.desktop/java.awt.EventQueue$4.run(EventQueue.java:720)
	at java.desktop/java.awt.EventQueue$4.run(EventQueue.java:714)
	at java.base/java.security.AccessController.doPrivileged(AccessController.java:399)
	at java.base/java.security.ProtectionDomain$JavaSecurityAccessImpl.doIntersectionPrivilege(ProtectionDomain.java:86)
	at java.desktop/java.awt.EventQueue.dispatchEvent(EventQueue.java:742)
	at java.desktop/java.awt.EventDispatchThread.pumpOneEventForFilters(EventDispatchThread.java:203)
	at java.desktop/java.awt.EventDispatchThread.pumpEventsForFilter(EventDispatchThread.java:124)
	at java.desktop/java.awt.EventDispatchThread.pumpEventsForHierarchy(EventDispatchThread.java:113)
	at java.desktop/java.awt.EventDispatchThread.pumpEvents(EventDispatchThread.java:109)
	at java.desktop/java.awt.EventDispatchThread.pumpEvents(EventDispatchThread.java:101)
	at java.desktop/java.awt.EventDispatchThread.run(EventDispatchThread.java:90)
1773600 14:54:32.093 [Thread-3644] DEBUG g.s.e.data.gameparser.GameParser - Parsing game XML: /storage/home/hcoda1/6/snayak89/triplea/downloadedMaps/capture_the_flag/map/games/capture_the_flag.xml
1773904 14:54:32.397 [Thread-3645] INFO  org.triplea.sound.ClipPlayer - Unable to create audio device, is there audio on the system? Cannot create AudioDevice
javazoom.jl.decoder.JavaLayerException: Cannot create AudioDevice
	at javazoom.jl.player.FactoryRegistry.createAudioDevice(FactoryRegistry.java:97)
	at org.triplea.sound.ClipPlayer.hasAudio(ClipPlayer.java:144)
	at org.triplea.sound.ClipPlayer.isSoundEnabled(ClipPlayer.java:251)
	at org.triplea.sound.ClipPlayer.play(ClipPlayer.java:220)
	at org.triplea.sound.ClipPlayer.play(ClipPlayer.java:209)
	at games.strategy.engine.framework.startup.mc.HeadedLaunchAction.startGame(HeadedLaunchAction.java:100)
	at games.strategy.triplea.TripleA.startGame(TripleA.java:62)
	at games.strategy.engine.framework.startup.launcher.LocalLauncher.loadGame(LocalLauncher.java:78)
	at games.strategy.engine.framework.startup.launcher.LocalLauncher.launch(LocalLauncher.java:59)
	at games.strategy.engine.framework.startup.ui.panels.main.MainPanelBuilder.lambda$launch$3(MainPanelBuilder.java:65)
	at java.base/java.lang.Thread.run(Thread.java:840)
1773939 14:54:32.432 [AWT-EventQueue-0] INFO  org.triplea.sound.ClipPlayer - Unable to create audio device, is there audio on the system? Cannot create AudioDevice
javazoom.jl.decoder.JavaLayerException: Cannot create AudioDevice
	at javazoom.jl.player.FactoryRegistry.createAudioDevice(FactoryRegistry.java:97)
	at org.triplea.sound.ClipPlayer.hasAudio(ClipPlayer.java:144)
	at org.triplea.sound.SoundOptions.buildGlobalSoundSwitchMenuItem(SoundOptions.java:76)
	at games.strategy.triplea.ui.menubar.GameMenu.<init>(GameMenu.java:63)
	at games.strategy.triplea.ui.menubar.TripleAMenuBar.<init>(TripleAMenuBar.java:24)
	at games.strategy.triplea.ui.TripleAFrame.lambda$new$1(TripleAFrame.java:307)
	at java.desktop/java.awt.event.InvocationEvent.dispatch(InvocationEvent.java:318)
	at java.desktop/java.awt.EventQueue.dispatchEventImpl(EventQueue.java:773)
	at java.desktop/java.awt.EventQueue$4.run(EventQueue.java:720)
	at java.desktop/java.awt.EventQueue$4.run(EventQueue.java:714)
	at java.base/java.security.AccessController.doPrivileged(AccessController.java:399)
	at java.base/java.security.ProtectionDomain$JavaSecurityAccessImpl.doIntersectionPrivilege(ProtectionDomain.java:86)
	at java.desktop/java.awt.EventQueue.dispatchEvent(EventQueue.java:742)
	at java.desktop/java.awt.EventDispatchThread.pumpOneEventForFilters(EventDispatchThread.java:203)
	at java.desktop/java.awt.EventDispatchThread.pumpEventsForFilter(EventDispatchThread.java:124)
	at java.desktop/java.awt.EventDispatchThread.pumpEventsForHierarchy(EventDispatchThread.java:113)
	at java.desktop/java.awt.EventDispatchThread.pumpEvents(EventDispatchThread.java:109)
	at java.desktop/java.awt.EventDispatchThread.pumpEvents(EventDispatchThread.java:101)
	at java.desktop/java.awt.EventDispatchThread.run(EventDispatchThread.java:90)
1773973 14:54:32.466 [AWT-EventQueue-0] INFO  org.triplea.sound.ClipPlayer - Unable to create audio device, is there audio on the system? Cannot create AudioDevice
javazoom.jl.decoder.JavaLayerException: Cannot create AudioDevice
	at javazoom.jl.player.FactoryRegistry.createAudioDevice(FactoryRegistry.java:97)
	at org.triplea.sound.ClipPlayer.hasAudio(ClipPlayer.java:144)
	at org.triplea.sound.SoundOptions.buildSoundOptionsMenuItem(SoundOptions.java:22)
	at games.strategy.triplea.ui.menubar.GameMenu.<init>(GameMenu.java:64)
	at games.strategy.triplea.ui.menubar.TripleAMenuBar.<init>(TripleAMenuBar.java:24)
	at games.strategy.triplea.ui.TripleAFrame.lambda$new$1(TripleAFrame.java:307)
	at java.desktop/java.awt.event.InvocationEvent.dispatch(InvocationEvent.java:318)
	at java.desktop/java.awt.EventQueue.dispatchEventImpl(EventQueue.java:773)
	at java.desktop/java.awt.EventQueue$4.run(EventQueue.java:720)
	at java.desktop/java.awt.EventQueue$4.run(EventQueue.java:714)
	at java.base/java.security.AccessController.doPrivileged(AccessController.java:399)
	at java.base/java.security.ProtectionDomain$JavaSecurityAccessImpl.doIntersectionPrivilege(ProtectionDomain.java:86)
	at java.desktop/java.awt.EventQueue.dispatchEvent(EventQueue.java:742)
	at java.desktop/java.awt.EventDispatchThread.pumpOneEventForFilters(EventDispatchThread.java:203)
	at java.desktop/java.awt.EventDispatchThread.pumpEventsForFilter(EventDispatchThread.java:124)
	at java.desktop/java.awt.EventDispatchThread.pumpEventsForHierarchy(EventDispatchThread.java:113)
	at java.desktop/java.awt.EventDispatchThread.pumpEvents(EventDispatchThread.java:109)
	at java.desktop/java.awt.EventDispatchThread.pumpEvents(EventDispatchThread.java:101)
	at java.desktop/java.awt.EventDispatchThread.run(EventDispatchThread.java:90)
495  14:55:05.561 [main] INFO  o.t.game.client.HeadedGameRunner - Launching game, version: 2.7+00000 
778  14:55:05.844 [Thread-5] DEBUG g.s.e.data.gameparser.GameParser - Parsing game XML: /storage/home/hcoda1/6/snayak89/triplea/downloadedMaps/capture_the_flag/map/games/capture_the_flag.xml
1770 14:55:06.836 [Thread-7] INFO  org.triplea.sound.ClipPlayer - Unable to create audio device, is there audio on the system? Cannot create AudioDevice
javazoom.jl.decoder.JavaLayerException: Cannot create AudioDevice
	at javazoom.jl.player.FactoryRegistry.createAudioDevice(FactoryRegistry.java:97)
	at org.triplea.sound.ClipPlayer.hasAudio(ClipPlayer.java:144)
	at org.triplea.sound.ClipPlayer.isSoundEnabled(ClipPlayer.java:251)
	at org.triplea.sound.ClipPlayer.play(ClipPlayer.java:220)
	at org.triplea.sound.ClipPlayer.play(ClipPlayer.java:209)
	at games.strategy.engine.framework.startup.mc.HeadedLaunchAction.startGame(HeadedLaunchAction.java:100)
	at games.strategy.triplea.TripleA.startGame(TripleA.java:62)
	at games.strategy.engine.framework.startup.launcher.LocalLauncher.loadGame(LocalLauncher.java:78)
	at games.strategy.engine.framework.startup.launcher.LocalLauncher.launch(LocalLauncher.java:59)
	at games.strategy.engine.framework.startup.ui.panels.main.MainPanelBuilder.lambda$launch$3(MainPanelBuilder.java:65)
	at java.base/java.lang.Thread.run(Thread.java:840)
1802 14:55:06.868 [AWT-EventQueue-0] INFO  org.triplea.sound.ClipPlayer - Unable to create audio device, is there audio on the system? Cannot create AudioDevice
javazoom.jl.decoder.JavaLayerException: Cannot create AudioDevice
	at javazoom.jl.player.FactoryRegistry.createAudioDevice(FactoryRegistry.java:97)
	at org.triplea.sound.ClipPlayer.hasAudio(ClipPlayer.java:144)
	at org.triplea.sound.SoundOptions.buildGlobalSoundSwitchMenuItem(SoundOptions.java:76)
	at games.strategy.triplea.ui.menubar.GameMenu.<init>(GameMenu.java:63)
	at games.strategy.triplea.ui.menubar.TripleAMenuBar.<init>(TripleAMenuBar.java:24)
	at games.strategy.triplea.ui.TripleAFrame.lambda$new$1(TripleAFrame.java:307)
	at java.desktop/java.awt.event.InvocationEvent.dispatch(InvocationEvent.java:318)
	at java.desktop/java.awt.EventQueue.dispatchEventImpl(EventQueue.java:773)
	at java.desktop/java.awt.EventQueue$4.run(EventQueue.java:720)
	at java.desktop/java.awt.EventQueue$4.run(EventQueue.java:714)
	at java.base/java.security.AccessController.doPrivileged(AccessController.java:399)
	at java.base/java.security.ProtectionDomain$JavaSecurityAccessImpl.doIntersectionPrivilege(ProtectionDomain.java:86)
	at java.desktop/java.awt.EventQueue.dispatchEvent(EventQueue.java:742)
	at java.desktop/java.awt.EventDispatchThread.pumpOneEventForFilters(EventDispatchThread.java:203)
	at java.desktop/java.awt.EventDispatchThread.pumpEventsForFilter(EventDispatchThread.java:124)
	at java.desktop/java.awt.EventDispatchThread.pumpEventsForHierarchy(EventDispatchThread.java:113)
	at java.desktop/java.awt.EventDispatchThread.pumpEvents(EventDispatchThread.java:109)
	at java.desktop/java.awt.EventDispatchThread.pumpEvents(EventDispatchThread.java:101)
	at java.desktop/java.awt.EventDispatchThread.run(EventDispatchThread.java:90)
1834 14:55:06.900 [AWT-EventQueue-0] INFO  org.triplea.sound.ClipPlayer - Unable to create audio device, is there audio on the system? Cannot create AudioDevice
javazoom.jl.decoder.JavaLayerException: Cannot create AudioDevice
	at javazoom.jl.player.FactoryRegistry.createAudioDevice(FactoryRegistry.java:97)
	at org.triplea.sound.ClipPlayer.hasAudio(ClipPlayer.java:144)
	at org.triplea.sound.SoundOptions.buildSoundOptionsMenuItem(SoundOptions.java:22)
	at games.strategy.triplea.ui.menubar.GameMenu.<init>(GameMenu.java:64)
	at games.strategy.triplea.ui.menubar.TripleAMenuBar.<init>(TripleAMenuBar.java:24)
	at games.strategy.triplea.ui.TripleAFrame.lambda$new$1(TripleAFrame.java:307)
	at java.desktop/java.awt.event.InvocationEvent.dispatch(InvocationEvent.java:318)
	at java.desktop/java.awt.EventQueue.dispatchEventImpl(EventQueue.java:773)
	at java.desktop/java.awt.EventQueue$4.run(EventQueue.java:720)
	at java.desktop/java.awt.EventQueue$4.run(EventQueue.java:714)
	at java.base/java.security.AccessController.doPrivileged(AccessController.java:399)
	at java.base/java.security.ProtectionDomain$JavaSecurityAccessImpl.doIntersectionPrivilege(ProtectionDomain.java:86)
	at java.desktop/java.awt.EventQueue.dispatchEvent(EventQueue.java:742)
	at java.desktop/java.awt.EventDispatchThread.pumpOneEventForFilters(EventDispatchThread.java:203)
	at java.desktop/java.awt.EventDispatchThread.pumpEventsForFilter(EventDispatchThread.java:124)
	at java.desktop/java.awt.EventDispatchThread.pumpEventsForHierarchy(EventDispatchThread.java:113)
	at java.desktop/java.awt.EventDispatchThread.pumpEvents(EventDispatchThread.java:109)
	at java.desktop/java.awt.EventDispatchThread.pumpEvents(EventDispatchThread.java:101)
	at java.desktop/java.awt.EventDispatchThread.run(EventDispatchThread.java:90)
561  15:12:59.380 [main] INFO  o.t.game.client.HeadedGameRunner - Launching game, version: 2.7+00000 
827  15:12:59.646 [Thread-5] DEBUG g.s.e.data.gameparser.GameParser - Parsing game XML: /storage/home/hcoda1/6/snayak89/triplea/downloadedMaps/capture_the_flag/map/games/capture_the_flag.xml
2017 15:13:00.836 [Thread-6] INFO  org.triplea.sound.ClipPlayer - Unable to create audio device, is there audio on the system? Cannot create AudioDevice
javazoom.jl.decoder.JavaLayerException: Cannot create AudioDevice
	at javazoom.jl.player.FactoryRegistry.createAudioDevice(FactoryRegistry.java:97)
	at org.triplea.sound.ClipPlayer.hasAudio(ClipPlayer.java:144)
	at org.triplea.sound.ClipPlayer.isSoundEnabled(ClipPlayer.java:251)
	at org.triplea.sound.ClipPlayer.play(ClipPlayer.java:220)
	at org.triplea.sound.ClipPlayer.play(ClipPlayer.java:209)
	at games.strategy.engine.framework.startup.mc.HeadedLaunchAction.startGame(HeadedLaunchAction.java:100)
	at games.strategy.triplea.TripleA.startGame(TripleA.java:62)
	at games.strategy.engine.framework.startup.launcher.LocalLauncher.loadGame(LocalLauncher.java:78)
	at games.strategy.engine.framework.startup.launcher.LocalLauncher.launch(LocalLauncher.java:59)
	at games.strategy.engine.framework.startup.ui.panels.main.MainPanelBuilder.lambda$launch$3(MainPanelBuilder.java:65)
	at java.base/java.lang.Thread.run(Thread.java:840)
2107 15:13:00.926 [AWT-EventQueue-0] INFO  org.triplea.sound.ClipPlayer - Unable to create audio device, is there audio on the system? Cannot create AudioDevice
javazoom.jl.decoder.JavaLayerException: Cannot create AudioDevice
	at javazoom.jl.player.FactoryRegistry.createAudioDevice(FactoryRegistry.java:97)
	at org.triplea.sound.ClipPlayer.hasAudio(ClipPlayer.java:144)
	at org.triplea.sound.SoundOptions.buildGlobalSoundSwitchMenuItem(SoundOptions.java:76)
	at games.strategy.triplea.ui.menubar.GameMenu.<init>(GameMenu.java:63)
	at games.strategy.triplea.ui.menubar.TripleAMenuBar.<init>(TripleAMenuBar.java:24)
	at games.strategy.triplea.ui.TripleAFrame.lambda$new$1(TripleAFrame.java:307)
	at java.desktop/java.awt.event.InvocationEvent.dispatch(InvocationEvent.java:318)
	at java.desktop/java.awt.EventQueue.dispatchEventImpl(EventQueue.java:773)
	at java.desktop/java.awt.EventQueue$4.run(EventQueue.java:720)
	at java.desktop/java.awt.EventQueue$4.run(EventQueue.java:714)
	at java.base/java.security.AccessController.doPrivileged(AccessController.java:399)
	at java.base/java.security.ProtectionDomain$JavaSecurityAccessImpl.doIntersectionPrivilege(ProtectionDomain.java:86)
	at java.desktop/java.awt.EventQueue.dispatchEvent(EventQueue.java:742)
	at java.desktop/java.awt.EventDispatchThread.pumpOneEventForFilters(EventDispatchThread.java:203)
	at java.desktop/java.awt.EventDispatchThread.pumpEventsForFilter(EventDispatchThread.java:124)
	at java.desktop/java.awt.EventDispatchThread.pumpEventsForHierarchy(EventDispatchThread.java:113)
	at java.desktop/java.awt.EventDispatchThread.pumpEvents(EventDispatchThread.java:109)
	at java.desktop/java.awt.EventDispatchThread.pumpEvents(EventDispatchThread.java:101)
	at java.desktop/java.awt.EventDispatchThread.run(EventDispatchThread.java:90)
2141 15:13:00.960 [AWT-EventQueue-0] INFO  org.triplea.sound.ClipPlayer - Unable to create audio device, is there audio on the system? Cannot create AudioDevice
javazoom.jl.decoder.JavaLayerException: Cannot create AudioDevice
	at javazoom.jl.player.FactoryRegistry.createAudioDevice(FactoryRegistry.java:97)
	at org.triplea.sound.ClipPlayer.hasAudio(ClipPlayer.java:144)
	at org.triplea.sound.SoundOptions.buildSoundOptionsMenuItem(SoundOptions.java:22)
	at games.strategy.triplea.ui.menubar.GameMenu.<init>(GameMenu.java:64)
	at games.strategy.triplea.ui.menubar.TripleAMenuBar.<init>(TripleAMenuBar.java:24)
	at games.strategy.triplea.ui.TripleAFrame.lambda$new$1(TripleAFrame.java:307)
	at java.desktop/java.awt.event.InvocationEvent.dispatch(InvocationEvent.java:318)
	at java.desktop/java.awt.EventQueue.dispatchEventImpl(EventQueue.java:773)
	at java.desktop/java.awt.EventQueue$4.run(EventQueue.java:720)
	at java.desktop/java.awt.EventQueue$4.run(EventQueue.java:714)
	at java.base/java.security.AccessController.doPrivileged(AccessController.java:399)
	at java.base/java.security.ProtectionDomain$JavaSecurityAccessImpl.doIntersectionPrivilege(ProtectionDomain.java:86)
	at java.desktop/java.awt.EventQueue.dispatchEvent(EventQueue.java:742)
	at java.desktop/java.awt.EventDispatchThread.pumpOneEventForFilters(EventDispatchThread.java:203)
	at java.desktop/java.awt.EventDispatchThread.pumpEventsForFilter(EventDispatchThread.java:124)
	at java.desktop/java.awt.EventDispatchThread.pumpEventsForHierarchy(EventDispatchThread.java:113)
	at java.desktop/java.awt.EventDispatchThread.pumpEvents(EventDispatchThread.java:109)
	at java.desktop/java.awt.EventDispatchThread.pumpEvents(EventDispatchThread.java:101)
	at java.desktop/java.awt.EventDispatchThread.run(EventDispatchThread.java:90)
538  15:31:08.606 [main] INFO  o.t.game.client.HeadedGameRunner - Launching game, version: 2.7+00000 
810  15:31:08.878 [Thread-5] DEBUG g.s.e.data.gameparser.GameParser - Parsing game XML: /storage/home/hcoda1/6/snayak89/triplea/downloadedMaps/capture_the_flag/map/games/capture_the_flag.xml
1834 15:31:09.902 [Thread-6] INFO  org.triplea.sound.ClipPlayer - Unable to create audio device, is there audio on the system? Cannot create AudioDevice
javazoom.jl.decoder.JavaLayerException: Cannot create AudioDevice
	at javazoom.jl.player.FactoryRegistry.createAudioDevice(FactoryRegistry.java:97)
	at org.triplea.sound.ClipPlayer.hasAudio(ClipPlayer.java:144)
	at org.triplea.sound.ClipPlayer.isSoundEnabled(ClipPlayer.java:251)
	at org.triplea.sound.ClipPlayer.play(ClipPlayer.java:220)
	at org.triplea.sound.ClipPlayer.play(ClipPlayer.java:209)
	at games.strategy.engine.framework.startup.mc.HeadedLaunchAction.startGame(HeadedLaunchAction.java:100)
	at games.strategy.triplea.TripleA.startGame(TripleA.java:62)
	at games.strategy.engine.framework.startup.launcher.LocalLauncher.loadGame(LocalLauncher.java:78)
	at games.strategy.engine.framework.startup.launcher.LocalLauncher.launch(LocalLauncher.java:59)
	at games.strategy.engine.framework.startup.ui.panels.main.MainPanelBuilder.lambda$launch$3(MainPanelBuilder.java:65)
	at java.base/java.lang.Thread.run(Thread.java:840)
1895 15:31:09.963 [AWT-EventQueue-0] INFO  org.triplea.sound.ClipPlayer - Unable to create audio device, is there audio on the system? Cannot create AudioDevice
javazoom.jl.decoder.JavaLayerException: Cannot create AudioDevice
	at javazoom.jl.player.FactoryRegistry.createAudioDevice(FactoryRegistry.java:97)
	at org.triplea.sound.ClipPlayer.hasAudio(ClipPlayer.java:144)
	at org.triplea.sound.SoundOptions.buildGlobalSoundSwitchMenuItem(SoundOptions.java:76)
	at games.strategy.triplea.ui.menubar.GameMenu.<init>(GameMenu.java:63)
	at games.strategy.triplea.ui.menubar.TripleAMenuBar.<init>(TripleAMenuBar.java:24)
	at games.strategy.triplea.ui.TripleAFrame.lambda$new$1(TripleAFrame.java:307)
	at java.desktop/java.awt.event.InvocationEvent.dispatch(InvocationEvent.java:318)
	at java.desktop/java.awt.EventQueue.dispatchEventImpl(EventQueue.java:773)
	at java.desktop/java.awt.EventQueue$4.run(EventQueue.java:720)
	at java.desktop/java.awt.EventQueue$4.run(EventQueue.java:714)
	at java.base/java.security.AccessController.doPrivileged(AccessController.java:399)
	at java.base/java.security.ProtectionDomain$JavaSecurityAccessImpl.doIntersectionPrivilege(ProtectionDomain.java:86)
	at java.desktop/java.awt.EventQueue.dispatchEvent(EventQueue.java:742)
	at java.desktop/java.awt.EventDispatchThread.pumpOneEventForFilters(EventDispatchThread.java:203)
	at java.desktop/java.awt.EventDispatchThread.pumpEventsForFilter(EventDispatchThread.java:124)
	at java.desktop/java.awt.EventDispatchThread.pumpEventsForHierarchy(EventDispatchThread.java:113)
	at java.desktop/java.awt.EventDispatchThread.pumpEvents(EventDispatchThread.java:109)
	at java.desktop/java.awt.EventDispatchThread.pumpEvents(EventDispatchThread.java:101)
	at java.desktop/java.awt.EventDispatchThread.run(EventDispatchThread.java:90)
1928 15:31:09.996 [AWT-EventQueue-0] INFO  org.triplea.sound.ClipPlayer - Unable to create audio device, is there audio on the system? Cannot create AudioDevice
javazoom.jl.decoder.JavaLayerException: Cannot create AudioDevice
	at javazoom.jl.player.FactoryRegistry.createAudioDevice(FactoryRegistry.java:97)
	at org.triplea.sound.ClipPlayer.hasAudio(ClipPlayer.java:144)
	at org.triplea.sound.SoundOptions.buildSoundOptionsMenuItem(SoundOptions.java:22)
	at games.strategy.triplea.ui.menubar.GameMenu.<init>(GameMenu.java:64)
	at games.strategy.triplea.ui.menubar.TripleAMenuBar.<init>(TripleAMenuBar.java:24)
	at games.strategy.triplea.ui.TripleAFrame.lambda$new$1(TripleAFrame.java:307)
	at java.desktop/java.awt.event.InvocationEvent.dispatch(InvocationEvent.java:318)
	at java.desktop/java.awt.EventQueue.dispatchEventImpl(EventQueue.java:773)
	at java.desktop/java.awt.EventQueue$4.run(EventQueue.java:720)
	at java.desktop/java.awt.EventQueue$4.run(EventQueue.java:714)
	at java.base/java.security.AccessController.doPrivileged(AccessController.java:399)
	at java.base/java.security.ProtectionDomain$JavaSecurityAccessImpl.doIntersectionPrivilege(ProtectionDomain.java:86)
	at java.desktop/java.awt.EventQueue.dispatchEvent(EventQueue.java:742)
	at java.desktop/java.awt.EventDispatchThread.pumpOneEventForFilters(EventDispatchThread.java:203)
	at java.desktop/java.awt.EventDispatchThread.pumpEventsForFilter(EventDispatchThread.java:124)
	at java.desktop/java.awt.EventDispatchThread.pumpEventsForHierarchy(EventDispatchThread.java:113)
	at java.desktop/java.awt.EventDispatchThread.pumpEvents(EventDispatchThread.java:109)
	at java.desktop/java.awt.EventDispatchThread.pumpEvents(EventDispatchThread.java:101)
	at java.desktop/java.awt.EventDispatchThread.run(EventDispatchThread.java:90)
542  15:44:21.221 [main] INFO  o.t.game.client.HeadedGameRunner - Launching game, version: 2.7+00000 
815  15:44:21.494 [Thread-5] DEBUG g.s.e.data.gameparser.GameParser - Parsing game XML: /storage/home/hcoda1/6/snayak89/triplea/downloadedMaps/capture_the_flag/map/games/capture_the_flag.xml
1874 15:44:22.553 [Thread-6] INFO  org.triplea.sound.ClipPlayer - Unable to create audio device, is there audio on the system? Cannot create AudioDevice
javazoom.jl.decoder.JavaLayerException: Cannot create AudioDevice
	at javazoom.jl.player.FactoryRegistry.createAudioDevice(FactoryRegistry.java:97)
	at org.triplea.sound.ClipPlayer.hasAudio(ClipPlayer.java:144)
	at org.triplea.sound.ClipPlayer.isSoundEnabled(ClipPlayer.java:251)
	at org.triplea.sound.ClipPlayer.play(ClipPlayer.java:220)
	at org.triplea.sound.ClipPlayer.play(ClipPlayer.java:209)
	at games.strategy.engine.framework.startup.mc.HeadedLaunchAction.startGame(HeadedLaunchAction.java:100)
	at games.strategy.triplea.TripleA.startGame(TripleA.java:62)
	at games.strategy.engine.framework.startup.launcher.LocalLauncher.loadGame(LocalLauncher.java:78)
	at games.strategy.engine.framework.startup.launcher.LocalLauncher.launch(LocalLauncher.java:59)
	at games.strategy.engine.framework.startup.ui.panels.main.MainPanelBuilder.lambda$launch$3(MainPanelBuilder.java:65)
	at java.base/java.lang.Thread.run(Thread.java:840)
1928 15:44:22.607 [AWT-EventQueue-0] INFO  org.triplea.sound.ClipPlayer - Unable to create audio device, is there audio on the system? Cannot create AudioDevice
javazoom.jl.decoder.JavaLayerException: Cannot create AudioDevice
	at javazoom.jl.player.FactoryRegistry.createAudioDevice(FactoryRegistry.java:97)
	at org.triplea.sound.ClipPlayer.hasAudio(ClipPlayer.java:144)
	at org.triplea.sound.SoundOptions.buildGlobalSoundSwitchMenuItem(SoundOptions.java:76)
	at games.strategy.triplea.ui.menubar.GameMenu.<init>(GameMenu.java:63)
	at games.strategy.triplea.ui.menubar.TripleAMenuBar.<init>(TripleAMenuBar.java:24)
	at games.strategy.triplea.ui.TripleAFrame.lambda$new$1(TripleAFrame.java:307)
	at java.desktop/java.awt.event.InvocationEvent.dispatch(InvocationEvent.java:318)
	at java.desktop/java.awt.EventQueue.dispatchEventImpl(EventQueue.java:773)
	at java.desktop/java.awt.EventQueue$4.run(EventQueue.java:720)
	at java.desktop/java.awt.EventQueue$4.run(EventQueue.java:714)
	at java.base/java.security.AccessController.doPrivileged(AccessController.java:399)
	at java.base/java.security.ProtectionDomain$JavaSecurityAccessImpl.doIntersectionPrivilege(ProtectionDomain.java:86)
	at java.desktop/java.awt.EventQueue.dispatchEvent(EventQueue.java:742)
	at java.desktop/java.awt.EventDispatchThread.pumpOneEventForFilters(EventDispatchThread.java:203)
	at java.desktop/java.awt.EventDispatchThread.pumpEventsForFilter(EventDispatchThread.java:124)
	at java.desktop/java.awt.EventDispatchThread.pumpEventsForHierarchy(EventDispatchThread.java:113)
	at java.desktop/java.awt.EventDispatchThread.pumpEvents(EventDispatchThread.java:109)
	at java.desktop/java.awt.EventDispatchThread.pumpEvents(EventDispatchThread.java:101)
	at java.desktop/java.awt.EventDispatchThread.run(EventDispatchThread.java:90)
1962 15:44:22.641 [AWT-EventQueue-0] INFO  org.triplea.sound.ClipPlayer - Unable to create audio device, is there audio on the system? Cannot create AudioDevice
javazoom.jl.decoder.JavaLayerException: Cannot create AudioDevice
	at javazoom.jl.player.FactoryRegistry.createAudioDevice(FactoryRegistry.java:97)
	at org.triplea.sound.ClipPlayer.hasAudio(ClipPlayer.java:144)
	at org.triplea.sound.SoundOptions.buildSoundOptionsMenuItem(SoundOptions.java:22)
	at games.strategy.triplea.ui.menubar.GameMenu.<init>(GameMenu.java:64)
	at games.strategy.triplea.ui.menubar.TripleAMenuBar.<init>(TripleAMenuBar.java:24)
	at games.strategy.triplea.ui.TripleAFrame.lambda$new$1(TripleAFrame.java:307)
	at java.desktop/java.awt.event.InvocationEvent.dispatch(InvocationEvent.java:318)
	at java.desktop/java.awt.EventQueue.dispatchEventImpl(EventQueue.java:773)
	at java.desktop/java.awt.EventQueue$4.run(EventQueue.java:720)
	at java.desktop/java.awt.EventQueue$4.run(EventQueue.java:714)
	at java.base/java.security.AccessController.doPrivileged(AccessController.java:399)
	at java.base/java.security.ProtectionDomain$JavaSecurityAccessImpl.doIntersectionPrivilege(ProtectionDomain.java:86)
	at java.desktop/java.awt.EventQueue.dispatchEvent(EventQueue.java:742)
	at java.desktop/java.awt.EventDispatchThread.pumpOneEventForFilters(EventDispatchThread.java:203)
	at java.desktop/java.awt.EventDispatchThread.pumpEventsForFilter(EventDispatchThread.java:124)
	at java.desktop/java.awt.EventDispatchThread.pumpEventsForHierarchy(EventDispatchThread.java:113)
	at java.desktop/java.awt.EventDispatchThread.pumpEvents(EventDispatchThread.java:109)
	at java.desktop/java.awt.EventDispatchThread.pumpEvents(EventDispatchThread.java:101)
	at java.desktop/java.awt.EventDispatchThread.run(EventDispatchThread.java:90)
975548 16:00:36.227 [Thread-1797] DEBUG g.s.e.data.gameparser.GameParser - Parsing game XML: /storage/home/hcoda1/6/snayak89/triplea/downloadedMaps/capture_the_flag/map/games/capture_the_flag.xml
975774 16:00:36.453 [Thread-1798] INFO  org.triplea.sound.ClipPlayer - Unable to create audio device, is there audio on the system? Cannot create AudioDevice
javazoom.jl.decoder.JavaLayerException: Cannot create AudioDevice
	at javazoom.jl.player.FactoryRegistry.createAudioDevice(FactoryRegistry.java:97)
	at org.triplea.sound.ClipPlayer.hasAudio(ClipPlayer.java:144)
	at org.triplea.sound.ClipPlayer.isSoundEnabled(ClipPlayer.java:251)
	at org.triplea.sound.ClipPlayer.play(ClipPlayer.java:220)
	at org.triplea.sound.ClipPlayer.play(ClipPlayer.java:209)
	at games.strategy.engine.framework.startup.mc.HeadedLaunchAction.startGame(HeadedLaunchAction.java:100)
	at games.strategy.triplea.TripleA.startGame(TripleA.java:62)
	at games.strategy.engine.framework.startup.launcher.LocalLauncher.loadGame(LocalLauncher.java:78)
	at games.strategy.engine.framework.startup.launcher.LocalLauncher.launch(LocalLauncher.java:59)
	at games.strategy.engine.framework.startup.ui.panels.main.MainPanelBuilder.lambda$launch$3(MainPanelBuilder.java:65)
	at java.base/java.lang.Thread.run(Thread.java:840)
975845 16:00:36.524 [AWT-EventQueue-0] INFO  org.triplea.sound.ClipPlayer - Unable to create audio device, is there audio on the system? Cannot create AudioDevice
javazoom.jl.decoder.JavaLayerException: Cannot create AudioDevice
	at javazoom.jl.player.FactoryRegistry.createAudioDevice(FactoryRegistry.java:97)
	at org.triplea.sound.ClipPlayer.hasAudio(ClipPlayer.java:144)
	at org.triplea.sound.SoundOptions.buildGlobalSoundSwitchMenuItem(SoundOptions.java:76)
	at games.strategy.triplea.ui.menubar.GameMenu.<init>(GameMenu.java:63)
	at games.strategy.triplea.ui.menubar.TripleAMenuBar.<init>(TripleAMenuBar.java:24)
	at games.strategy.triplea.ui.TripleAFrame.lambda$new$1(TripleAFrame.java:307)
	at java.desktop/java.awt.event.InvocationEvent.dispatch(InvocationEvent.java:318)
	at java.desktop/java.awt.EventQueue.dispatchEventImpl(EventQueue.java:773)
	at java.desktop/java.awt.EventQueue$4.run(EventQueue.java:720)
	at java.desktop/java.awt.EventQueue$4.run(EventQueue.java:714)
	at java.base/java.security.AccessController.doPrivileged(AccessController.java:399)
	at java.base/java.security.ProtectionDomain$JavaSecurityAccessImpl.doIntersectionPrivilege(ProtectionDomain.java:86)
	at java.desktop/java.awt.EventQueue.dispatchEvent(EventQueue.java:742)
	at java.desktop/java.awt.EventDispatchThread.pumpOneEventForFilters(EventDispatchThread.java:203)
	at java.desktop/java.awt.EventDispatchThread.pumpEventsForFilter(EventDispatchThread.java:124)
	at java.desktop/java.awt.EventDispatchThread.pumpEventsForHierarchy(EventDispatchThread.java:113)
	at java.desktop/java.awt.EventDispatchThread.pumpEvents(EventDispatchThread.java:109)
	at java.desktop/java.awt.EventDispatchThread.pumpEvents(EventDispatchThread.java:101)
	at java.desktop/java.awt.EventDispatchThread.run(EventDispatchThread.java:90)
975879 16:00:36.558 [AWT-EventQueue-0] INFO  org.triplea.sound.ClipPlayer - Unable to create audio device, is there audio on the system? Cannot create AudioDevice
javazoom.jl.decoder.JavaLayerException: Cannot create AudioDevice
	at javazoom.jl.player.FactoryRegistry.createAudioDevice(FactoryRegistry.java:97)
	at org.triplea.sound.ClipPlayer.hasAudio(ClipPlayer.java:144)
	at org.triplea.sound.SoundOptions.buildSoundOptionsMenuItem(SoundOptions.java:22)
	at games.strategy.triplea.ui.menubar.GameMenu.<init>(GameMenu.java:64)
	at games.strategy.triplea.ui.menubar.TripleAMenuBar.<init>(TripleAMenuBar.java:24)
	at games.strategy.triplea.ui.TripleAFrame.lambda$new$1(TripleAFrame.java:307)
	at java.desktop/java.awt.event.InvocationEvent.dispatch(InvocationEvent.java:318)
	at java.desktop/java.awt.EventQueue.dispatchEventImpl(EventQueue.java:773)
	at java.desktop/java.awt.EventQueue$4.run(EventQueue.java:720)
	at java.desktop/java.awt.EventQueue$4.run(EventQueue.java:714)
	at java.base/java.security.AccessController.doPrivileged(AccessController.java:399)
	at java.base/java.security.ProtectionDomain$JavaSecurityAccessImpl.doIntersectionPrivilege(ProtectionDomain.java:86)
	at java.desktop/java.awt.EventQueue.dispatchEvent(EventQueue.java:742)
	at java.desktop/java.awt.EventDispatchThread.pumpOneEventForFilters(EventDispatchThread.java:203)
	at java.desktop/java.awt.EventDispatchThread.pumpEventsForFilter(EventDispatchThread.java:124)
	at java.desktop/java.awt.EventDispatchThread.pumpEventsForHierarchy(EventDispatchThread.java:113)
	at java.desktop/java.awt.EventDispatchThread.pumpEvents(EventDispatchThread.java:109)
	at java.desktop/java.awt.EventDispatchThread.pumpEvents(EventDispatchThread.java:101)
	at java.desktop/java.awt.EventDispatchThread.run(EventDispatchThread.java:90)
509  16:01:07.001 [main] INFO  o.t.game.client.HeadedGameRunner - Launching game, version: 2.7+00000 
757  16:01:07.249 [Thread-5] DEBUG g.s.e.data.gameparser.GameParser - Parsing game XML: /storage/home/hcoda1/6/snayak89/triplea/downloadedMaps/capture_the_flag/map/games/capture_the_flag.xml
1764 16:01:08.256 [Thread-6] INFO  org.triplea.sound.ClipPlayer - Unable to create audio device, is there audio on the system? Cannot create AudioDevice
javazoom.jl.decoder.JavaLayerException: Cannot create AudioDevice
	at javazoom.jl.player.FactoryRegistry.createAudioDevice(FactoryRegistry.java:97)
	at org.triplea.sound.ClipPlayer.hasAudio(ClipPlayer.java:144)
	at org.triplea.sound.ClipPlayer.isSoundEnabled(ClipPlayer.java:251)
	at org.triplea.sound.ClipPlayer.play(ClipPlayer.java:220)
	at org.triplea.sound.ClipPlayer.play(ClipPlayer.java:209)
	at games.strategy.engine.framework.startup.mc.HeadedLaunchAction.startGame(HeadedLaunchAction.java:100)
	at games.strategy.triplea.TripleA.startGame(TripleA.java:62)
	at games.strategy.engine.framework.startup.launcher.LocalLauncher.loadGame(LocalLauncher.java:78)
	at games.strategy.engine.framework.startup.launcher.LocalLauncher.launch(LocalLauncher.java:59)
	at games.strategy.engine.framework.startup.ui.panels.main.MainPanelBuilder.lambda$launch$3(MainPanelBuilder.java:65)
	at java.base/java.lang.Thread.run(Thread.java:840)
1798 16:01:08.290 [AWT-EventQueue-0] INFO  org.triplea.sound.ClipPlayer - Unable to create audio device, is there audio on the system? Cannot create AudioDevice
javazoom.jl.decoder.JavaLayerException: Cannot create AudioDevice
	at javazoom.jl.player.FactoryRegistry.createAudioDevice(FactoryRegistry.java:97)
	at org.triplea.sound.ClipPlayer.hasAudio(ClipPlayer.java:144)
	at org.triplea.sound.SoundOptions.buildGlobalSoundSwitchMenuItem(SoundOptions.java:76)
	at games.strategy.triplea.ui.menubar.GameMenu.<init>(GameMenu.java:63)
	at games.strategy.triplea.ui.menubar.TripleAMenuBar.<init>(TripleAMenuBar.java:24)
	at games.strategy.triplea.ui.TripleAFrame.lambda$new$1(TripleAFrame.java:307)
	at java.desktop/java.awt.event.InvocationEvent.dispatch(InvocationEvent.java:318)
	at java.desktop/java.awt.EventQueue.dispatchEventImpl(EventQueue.java:773)
	at java.desktop/java.awt.EventQueue$4.run(EventQueue.java:720)
	at java.desktop/java.awt.EventQueue$4.run(EventQueue.java:714)
	at java.base/java.security.AccessController.doPrivileged(AccessController.java:399)
	at java.base/java.security.ProtectionDomain$JavaSecurityAccessImpl.doIntersectionPrivilege(ProtectionDomain.java:86)
	at java.desktop/java.awt.EventQueue.dispatchEvent(EventQueue.java:742)
	at java.desktop/java.awt.EventDispatchThread.pumpOneEventForFilters(EventDispatchThread.java:203)
	at java.desktop/java.awt.EventDispatchThread.pumpEventsForFilter(EventDispatchThread.java:124)
	at java.desktop/java.awt.EventDispatchThread.pumpEventsForHierarchy(EventDispatchThread.java:113)
	at java.desktop/java.awt.EventDispatchThread.pumpEvents(EventDispatchThread.java:109)
	at java.desktop/java.awt.EventDispatchThread.pumpEvents(EventDispatchThread.java:101)
	at java.desktop/java.awt.EventDispatchThread.run(EventDispatchThread.java:90)
1832 16:01:08.324 [AWT-EventQueue-0] INFO  org.triplea.sound.ClipPlayer - Unable to create audio device, is there audio on the system? Cannot create AudioDevice
javazoom.jl.decoder.JavaLayerException: Cannot create AudioDevice
	at javazoom.jl.player.FactoryRegistry.createAudioDevice(FactoryRegistry.java:97)
	at org.triplea.sound.ClipPlayer.hasAudio(ClipPlayer.java:144)
	at org.triplea.sound.SoundOptions.buildSoundOptionsMenuItem(SoundOptions.java:22)
	at games.strategy.triplea.ui.menubar.GameMenu.<init>(GameMenu.java:64)
	at games.strategy.triplea.ui.menubar.TripleAMenuBar.<init>(TripleAMenuBar.java:24)
	at games.strategy.triplea.ui.TripleAFrame.lambda$new$1(TripleAFrame.java:307)
	at java.desktop/java.awt.event.InvocationEvent.dispatch(InvocationEvent.java:318)
	at java.desktop/java.awt.EventQueue.dispatchEventImpl(EventQueue.java:773)
	at java.desktop/java.awt.EventQueue$4.run(EventQueue.java:720)
	at java.desktop/java.awt.EventQueue$4.run(EventQueue.java:714)
	at java.base/java.security.AccessController.doPrivileged(AccessController.java:399)
	at java.base/java.security.ProtectionDomain$JavaSecurityAccessImpl.doIntersectionPrivilege(ProtectionDomain.java:86)
	at java.desktop/java.awt.EventQueue.dispatchEvent(EventQueue.java:742)
	at java.desktop/java.awt.EventDispatchThread.pumpOneEventForFilters(EventDispatchThread.java:203)
	at java.desktop/java.awt.EventDispatchThread.pumpEventsForFilter(EventDispatchThread.java:124)
	at java.desktop/java.awt.EventDispatchThread.pumpEventsForHierarchy(EventDispatchThread.java:113)
	at java.desktop/java.awt.EventDispatchThread.pumpEvents(EventDispatchThread.java:109)
	at java.desktop/java.awt.EventDispatchThread.pumpEvents(EventDispatchThread.java:101)
	at java.desktop/java.awt.EventDispatchThread.run(EventDispatchThread.java:90)
524  16:02:29.164 [main] INFO  o.t.game.client.HeadedGameRunner - Launching game, version: 2.7+00000 
775  16:02:29.415 [Thread-5] DEBUG g.s.e.data.gameparser.GameParser - Parsing game XML: /storage/home/hcoda1/6/snayak89/triplea/downloadedMaps/capture_the_flag/map/games/capture_the_flag.xml
1773 16:02:30.413 [Thread-6] INFO  org.triplea.sound.ClipPlayer - Unable to create audio device, is there audio on the system? Cannot create AudioDevice
javazoom.jl.decoder.JavaLayerException: Cannot create AudioDevice
	at javazoom.jl.player.FactoryRegistry.createAudioDevice(FactoryRegistry.java:97)
	at org.triplea.sound.ClipPlayer.hasAudio(ClipPlayer.java:144)
	at org.triplea.sound.ClipPlayer.isSoundEnabled(ClipPlayer.java:251)
	at org.triplea.sound.ClipPlayer.play(ClipPlayer.java:220)
	at org.triplea.sound.ClipPlayer.play(ClipPlayer.java:209)
	at games.strategy.engine.framework.startup.mc.HeadedLaunchAction.startGame(HeadedLaunchAction.java:100)
	at games.strategy.triplea.TripleA.startGame(TripleA.java:62)
	at games.strategy.engine.framework.startup.launcher.LocalLauncher.loadGame(LocalLauncher.java:78)
	at games.strategy.engine.framework.startup.launcher.LocalLauncher.launch(LocalLauncher.java:59)
	at games.strategy.engine.framework.startup.ui.panels.main.MainPanelBuilder.lambda$launch$3(MainPanelBuilder.java:65)
	at java.base/java.lang.Thread.run(Thread.java:840)
1803 16:02:30.443 [AWT-EventQueue-0] INFO  org.triplea.sound.ClipPlayer - Unable to create audio device, is there audio on the system? Cannot create AudioDevice
javazoom.jl.decoder.JavaLayerException: Cannot create AudioDevice
	at javazoom.jl.player.FactoryRegistry.createAudioDevice(FactoryRegistry.java:97)
	at org.triplea.sound.ClipPlayer.hasAudio(ClipPlayer.java:144)
	at org.triplea.sound.SoundOptions.buildGlobalSoundSwitchMenuItem(SoundOptions.java:76)
	at games.strategy.triplea.ui.menubar.GameMenu.<init>(GameMenu.java:63)
	at games.strategy.triplea.ui.menubar.TripleAMenuBar.<init>(TripleAMenuBar.java:24)
	at games.strategy.triplea.ui.TripleAFrame.lambda$new$1(TripleAFrame.java:307)
	at java.desktop/java.awt.event.InvocationEvent.dispatch(InvocationEvent.java:318)
	at java.desktop/java.awt.EventQueue.dispatchEventImpl(EventQueue.java:773)
	at java.desktop/java.awt.EventQueue$4.run(EventQueue.java:720)
	at java.desktop/java.awt.EventQueue$4.run(EventQueue.java:714)
	at java.base/java.security.AccessController.doPrivileged(AccessController.java:399)
	at java.base/java.security.ProtectionDomain$JavaSecurityAccessImpl.doIntersectionPrivilege(ProtectionDomain.java:86)
	at java.desktop/java.awt.EventQueue.dispatchEvent(EventQueue.java:742)
	at java.desktop/java.awt.EventDispatchThread.pumpOneEventForFilters(EventDispatchThread.java:203)
	at java.desktop/java.awt.EventDispatchThread.pumpEventsForFilter(EventDispatchThread.java:124)
	at java.desktop/java.awt.EventDispatchThread.pumpEventsForHierarchy(EventDispatchThread.java:113)
	at java.desktop/java.awt.EventDispatchThread.pumpEvents(EventDispatchThread.java:109)
	at java.desktop/java.awt.EventDispatchThread.pumpEvents(EventDispatchThread.java:101)
	at java.desktop/java.awt.EventDispatchThread.run(EventDispatchThread.java:90)
1835 16:02:30.475 [AWT-EventQueue-0] INFO  org.triplea.sound.ClipPlayer - Unable to create audio device, is there audio on the system? Cannot create AudioDevice
javazoom.jl.decoder.JavaLayerException: Cannot create AudioDevice
	at javazoom.jl.player.FactoryRegistry.createAudioDevice(FactoryRegistry.java:97)
	at org.triplea.sound.ClipPlayer.hasAudio(ClipPlayer.java:144)
	at org.triplea.sound.SoundOptions.buildSoundOptionsMenuItem(SoundOptions.java:22)
	at games.strategy.triplea.ui.menubar.GameMenu.<init>(GameMenu.java:64)
	at games.strategy.triplea.ui.menubar.TripleAMenuBar.<init>(TripleAMenuBar.java:24)
	at games.strategy.triplea.ui.TripleAFrame.lambda$new$1(TripleAFrame.java:307)
	at java.desktop/java.awt.event.InvocationEvent.dispatch(InvocationEvent.java:318)
	at java.desktop/java.awt.EventQueue.dispatchEventImpl(EventQueue.java:773)
	at java.desktop/java.awt.EventQueue$4.run(EventQueue.java:720)
	at java.desktop/java.awt.EventQueue$4.run(EventQueue.java:714)
	at java.base/java.security.AccessController.doPrivileged(AccessController.java:399)
	at java.base/java.security.ProtectionDomain$JavaSecurityAccessImpl.doIntersectionPrivilege(ProtectionDomain.java:86)
	at java.desktop/java.awt.EventQueue.dispatchEvent(EventQueue.java:742)
	at java.desktop/java.awt.EventDispatchThread.pumpOneEventForFilters(EventDispatchThread.java:203)
	at java.desktop/java.awt.EventDispatchThread.pumpEventsForFilter(EventDispatchThread.java:124)
	at java.desktop/java.awt.EventDispatchThread.pumpEventsForHierarchy(EventDispatchThread.java:113)
	at java.desktop/java.awt.EventDispatchThread.pumpEvents(EventDispatchThread.java:109)
	at java.desktop/java.awt.EventDispatchThread.pumpEvents(EventDispatchThread.java:101)
	at java.desktop/java.awt.EventDispatchThread.run(EventDispatchThread.java:90)
891775 16:17:20.415 [Thread-1754] DEBUG g.s.e.data.gameparser.GameParser - Parsing game XML: /storage/home/hcoda1/6/snayak89/triplea/downloadedMaps/capture_the_flag/map/games/capture_the_flag.xml
892002 16:17:20.642 [Thread-1755] INFO  org.triplea.sound.ClipPlayer - Unable to create audio device, is there audio on the system? Cannot create AudioDevice
javazoom.jl.decoder.JavaLayerException: Cannot create AudioDevice
	at javazoom.jl.player.FactoryRegistry.createAudioDevice(FactoryRegistry.java:97)
	at org.triplea.sound.ClipPlayer.hasAudio(ClipPlayer.java:144)
	at org.triplea.sound.ClipPlayer.isSoundEnabled(ClipPlayer.java:251)
	at org.triplea.sound.ClipPlayer.play(ClipPlayer.java:220)
	at org.triplea.sound.ClipPlayer.play(ClipPlayer.java:209)
	at games.strategy.engine.framework.startup.mc.HeadedLaunchAction.startGame(HeadedLaunchAction.java:100)
	at games.strategy.triplea.TripleA.startGame(TripleA.java:62)
	at games.strategy.engine.framework.startup.launcher.LocalLauncher.loadGame(LocalLauncher.java:78)
	at games.strategy.engine.framework.startup.launcher.LocalLauncher.launch(LocalLauncher.java:59)
	at games.strategy.engine.framework.startup.ui.panels.main.MainPanelBuilder.lambda$launch$3(MainPanelBuilder.java:65)
	at java.base/java.lang.Thread.run(Thread.java:840)
892074 16:17:20.714 [AWT-EventQueue-0] INFO  org.triplea.sound.ClipPlayer - Unable to create audio device, is there audio on the system? Cannot create AudioDevice
javazoom.jl.decoder.JavaLayerException: Cannot create AudioDevice
	at javazoom.jl.player.FactoryRegistry.createAudioDevice(FactoryRegistry.java:97)
	at org.triplea.sound.ClipPlayer.hasAudio(ClipPlayer.java:144)
	at org.triplea.sound.SoundOptions.buildGlobalSoundSwitchMenuItem(SoundOptions.java:76)
	at games.strategy.triplea.ui.menubar.GameMenu.<init>(GameMenu.java:63)
	at games.strategy.triplea.ui.menubar.TripleAMenuBar.<init>(TripleAMenuBar.java:24)
	at games.strategy.triplea.ui.TripleAFrame.lambda$new$1(TripleAFrame.java:307)
	at java.desktop/java.awt.event.InvocationEvent.dispatch(InvocationEvent.java:318)
	at java.desktop/java.awt.EventQueue.dispatchEventImpl(EventQueue.java:773)
	at java.desktop/java.awt.EventQueue$4.run(EventQueue.java:720)
	at java.desktop/java.awt.EventQueue$4.run(EventQueue.java:714)
	at java.base/java.security.AccessController.doPrivileged(AccessController.java:399)
	at java.base/java.security.ProtectionDomain$JavaSecurityAccessImpl.doIntersectionPrivilege(ProtectionDomain.java:86)
	at java.desktop/java.awt.EventQueue.dispatchEvent(EventQueue.java:742)
	at java.desktop/java.awt.EventDispatchThread.pumpOneEventForFilters(EventDispatchThread.java:203)
	at java.desktop/java.awt.EventDispatchThread.pumpEventsForFilter(EventDispatchThread.java:124)
	at java.desktop/java.awt.EventDispatchThread.pumpEventsForHierarchy(EventDispatchThread.java:113)
	at java.desktop/java.awt.EventDispatchThread.pumpEvents(EventDispatchThread.java:109)
	at java.desktop/java.awt.EventDispatchThread.pumpEvents(EventDispatchThread.java:101)
	at java.desktop/java.awt.EventDispatchThread.run(EventDispatchThread.java:90)
892107 16:17:20.747 [AWT-EventQueue-0] INFO  org.triplea.sound.ClipPlayer - Unable to create audio device, is there audio on the system? Cannot create AudioDevice
javazoom.jl.decoder.JavaLayerException: Cannot create AudioDevice
	at javazoom.jl.player.FactoryRegistry.createAudioDevice(FactoryRegistry.java:97)
	at org.triplea.sound.ClipPlayer.hasAudio(ClipPlayer.java:144)
	at org.triplea.sound.SoundOptions.buildSoundOptionsMenuItem(SoundOptions.java:22)
	at games.strategy.triplea.ui.menubar.GameMenu.<init>(GameMenu.java:64)
	at games.strategy.triplea.ui.menubar.TripleAMenuBar.<init>(TripleAMenuBar.java:24)
	at games.strategy.triplea.ui.TripleAFrame.lambda$new$1(TripleAFrame.java:307)
	at java.desktop/java.awt.event.InvocationEvent.dispatch(InvocationEvent.java:318)
	at java.desktop/java.awt.EventQueue.dispatchEventImpl(EventQueue.java:773)
	at java.desktop/java.awt.EventQueue$4.run(EventQueue.java:720)
	at java.desktop/java.awt.EventQueue$4.run(EventQueue.java:714)
	at java.base/java.security.AccessController.doPrivileged(AccessController.java:399)
	at java.base/java.security.ProtectionDomain$JavaSecurityAccessImpl.doIntersectionPrivilege(ProtectionDomain.java:86)
	at java.desktop/java.awt.EventQueue.dispatchEvent(EventQueue.java:742)
	at java.desktop/java.awt.EventDispatchThread.pumpOneEventForFilters(EventDispatchThread.java:203)
	at java.desktop/java.awt.EventDispatchThread.pumpEventsForFilter(EventDispatchThread.java:124)
	at java.desktop/java.awt.EventDispatchThread.pumpEventsForHierarchy(EventDispatchThread.java:113)
	at java.desktop/java.awt.EventDispatchThread.pumpEvents(EventDispatchThread.java:109)
	at java.desktop/java.awt.EventDispatchThread.pumpEvents(EventDispatchThread.java:101)
	at java.desktop/java.awt.EventDispatchThread.run(EventDispatchThread.java:90)
505  16:17:57.656 [main] INFO  o.t.game.client.HeadedGameRunner - Launching game, version: 2.7+00000 
791  16:17:57.942 [Thread-5] DEBUG g.s.e.data.gameparser.GameParser - Parsing game XML: /storage/home/hcoda1/6/snayak89/triplea/downloadedMaps/capture_the_flag/map/games/capture_the_flag.xml
1873 16:17:59.024 [Thread-6] INFO  org.triplea.sound.ClipPlayer - Unable to create audio device, is there audio on the system? Cannot create AudioDevice
javazoom.jl.decoder.JavaLayerException: Cannot create AudioDevice
	at javazoom.jl.player.FactoryRegistry.createAudioDevice(FactoryRegistry.java:97)
	at org.triplea.sound.ClipPlayer.hasAudio(ClipPlayer.java:144)
	at org.triplea.sound.ClipPlayer.isSoundEnabled(ClipPlayer.java:251)
	at org.triplea.sound.ClipPlayer.play(ClipPlayer.java:220)
	at org.triplea.sound.ClipPlayer.play(ClipPlayer.java:209)
	at games.strategy.engine.framework.startup.mc.HeadedLaunchAction.startGame(HeadedLaunchAction.java:100)
	at games.strategy.triplea.TripleA.startGame(TripleA.java:62)
	at games.strategy.engine.framework.startup.launcher.LocalLauncher.loadGame(LocalLauncher.java:78)
	at games.strategy.engine.framework.startup.launcher.LocalLauncher.launch(LocalLauncher.java:59)
	at games.strategy.engine.framework.startup.ui.panels.main.MainPanelBuilder.lambda$launch$3(MainPanelBuilder.java:65)
	at java.base/java.lang.Thread.run(Thread.java:840)
1912 16:17:59.063 [AWT-EventQueue-0] INFO  org.triplea.sound.ClipPlayer - Unable to create audio device, is there audio on the system? Cannot create AudioDevice
javazoom.jl.decoder.JavaLayerException: Cannot create AudioDevice
	at javazoom.jl.player.FactoryRegistry.createAudioDevice(FactoryRegistry.java:97)
	at org.triplea.sound.ClipPlayer.hasAudio(ClipPlayer.java:144)
	at org.triplea.sound.SoundOptions.buildGlobalSoundSwitchMenuItem(SoundOptions.java:76)
	at games.strategy.triplea.ui.menubar.GameMenu.<init>(GameMenu.java:63)
	at games.strategy.triplea.ui.menubar.TripleAMenuBar.<init>(TripleAMenuBar.java:24)
	at games.strategy.triplea.ui.TripleAFrame.lambda$new$1(TripleAFrame.java:307)
	at java.desktop/java.awt.event.InvocationEvent.dispatch(InvocationEvent.java:318)
	at java.desktop/java.awt.EventQueue.dispatchEventImpl(EventQueue.java:773)
	at java.desktop/java.awt.EventQueue$4.run(EventQueue.java:720)
	at java.desktop/java.awt.EventQueue$4.run(EventQueue.java:714)
	at java.base/java.security.AccessController.doPrivileged(AccessController.java:399)
	at java.base/java.security.ProtectionDomain$JavaSecurityAccessImpl.doIntersectionPrivilege(ProtectionDomain.java:86)
	at java.desktop/java.awt.EventQueue.dispatchEvent(EventQueue.java:742)
	at java.desktop/java.awt.EventDispatchThread.pumpOneEventForFilters(EventDispatchThread.java:203)
	at java.desktop/java.awt.EventDispatchThread.pumpEventsForFilter(EventDispatchThread.java:124)
	at java.desktop/java.awt.EventDispatchThread.pumpEventsForHierarchy(EventDispatchThread.java:113)
	at java.desktop/java.awt.EventDispatchThread.pumpEvents(EventDispatchThread.java:109)
	at java.desktop/java.awt.EventDispatchThread.pumpEvents(EventDispatchThread.java:101)
	at java.desktop/java.awt.EventDispatchThread.run(EventDispatchThread.java:90)
1946 16:17:59.097 [AWT-EventQueue-0] INFO  org.triplea.sound.ClipPlayer - Unable to create audio device, is there audio on the system? Cannot create AudioDevice
javazoom.jl.decoder.JavaLayerException: Cannot create AudioDevice
	at javazoom.jl.player.FactoryRegistry.createAudioDevice(FactoryRegistry.java:97)
	at org.triplea.sound.ClipPlayer.hasAudio(ClipPlayer.java:144)
	at org.triplea.sound.SoundOptions.buildSoundOptionsMenuItem(SoundOptions.java:22)
	at games.strategy.triplea.ui.menubar.GameMenu.<init>(GameMenu.java:64)
	at games.strategy.triplea.ui.menubar.TripleAMenuBar.<init>(TripleAMenuBar.java:24)
	at games.strategy.triplea.ui.TripleAFrame.lambda$new$1(TripleAFrame.java:307)
	at java.desktop/java.awt.event.InvocationEvent.dispatch(InvocationEvent.java:318)
	at java.desktop/java.awt.EventQueue.dispatchEventImpl(EventQueue.java:773)
	at java.desktop/java.awt.EventQueue$4.run(EventQueue.java:720)
	at java.desktop/java.awt.EventQueue$4.run(EventQueue.java:714)
	at java.base/java.security.AccessController.doPrivileged(AccessController.java:399)
	at java.base/java.security.ProtectionDomain$JavaSecurityAccessImpl.doIntersectionPrivilege(ProtectionDomain.java:86)
	at java.desktop/java.awt.EventQueue.dispatchEvent(EventQueue.java:742)
	at java.desktop/java.awt.EventDispatchThread.pumpOneEventForFilters(EventDispatchThread.java:203)
	at java.desktop/java.awt.EventDispatchThread.pumpEventsForFilter(EventDispatchThread.java:124)
	at java.desktop/java.awt.EventDispatchThread.pumpEventsForHierarchy(EventDispatchThread.java:113)
	at java.desktop/java.awt.EventDispatchThread.pumpEvents(EventDispatchThread.java:109)
	at java.desktop/java.awt.EventDispatchThread.pumpEvents(EventDispatchThread.java:101)
	at java.desktop/java.awt.EventDispatchThread.run(EventDispatchThread.java:90)
514  16:19:59.490 [main] INFO  o.t.game.client.HeadedGameRunner - Launching game, version: 2.7+00000 
803  16:19:59.779 [Thread-5] DEBUG g.s.e.data.gameparser.GameParser - Parsing game XML: /storage/home/hcoda1/6/snayak89/triplea/downloadedMaps/capture_the_flag/map/games/capture_the_flag.xml
1901 16:20:00.877 [Thread-6] INFO  org.triplea.sound.ClipPlayer - Unable to create audio device, is there audio on the system? Cannot create AudioDevice
javazoom.jl.decoder.JavaLayerException: Cannot create AudioDevice
	at javazoom.jl.player.FactoryRegistry.createAudioDevice(FactoryRegistry.java:97)
	at org.triplea.sound.ClipPlayer.hasAudio(ClipPlayer.java:144)
	at org.triplea.sound.ClipPlayer.isSoundEnabled(ClipPlayer.java:251)
	at org.triplea.sound.ClipPlayer.play(ClipPlayer.java:220)
	at org.triplea.sound.ClipPlayer.play(ClipPlayer.java:209)
	at games.strategy.engine.framework.startup.mc.HeadedLaunchAction.startGame(HeadedLaunchAction.java:100)
	at games.strategy.triplea.TripleA.startGame(TripleA.java:62)
	at games.strategy.engine.framework.startup.launcher.LocalLauncher.loadGame(LocalLauncher.java:78)
	at games.strategy.engine.framework.startup.launcher.LocalLauncher.launch(LocalLauncher.java:59)
	at games.strategy.engine.framework.startup.ui.panels.main.MainPanelBuilder.lambda$launch$3(MainPanelBuilder.java:65)
	at java.base/java.lang.Thread.run(Thread.java:840)
1935 16:20:00.911 [AWT-EventQueue-0] INFO  org.triplea.sound.ClipPlayer - Unable to create audio device, is there audio on the system? Cannot create AudioDevice
javazoom.jl.decoder.JavaLayerException: Cannot create AudioDevice
	at javazoom.jl.player.FactoryRegistry.createAudioDevice(FactoryRegistry.java:97)
	at org.triplea.sound.ClipPlayer.hasAudio(ClipPlayer.java:144)
	at org.triplea.sound.SoundOptions.buildGlobalSoundSwitchMenuItem(SoundOptions.java:76)
	at games.strategy.triplea.ui.menubar.GameMenu.<init>(GameMenu.java:63)
	at games.strategy.triplea.ui.menubar.TripleAMenuBar.<init>(TripleAMenuBar.java:24)
	at games.strategy.triplea.ui.TripleAFrame.lambda$new$1(TripleAFrame.java:307)
	at java.desktop/java.awt.event.InvocationEvent.dispatch(InvocationEvent.java:318)
	at java.desktop/java.awt.EventQueue.dispatchEventImpl(EventQueue.java:773)
	at java.desktop/java.awt.EventQueue$4.run(EventQueue.java:720)
	at java.desktop/java.awt.EventQueue$4.run(EventQueue.java:714)
	at java.base/java.security.AccessController.doPrivileged(AccessController.java:399)
	at java.base/java.security.ProtectionDomain$JavaSecurityAccessImpl.doIntersectionPrivilege(ProtectionDomain.java:86)
	at java.desktop/java.awt.EventQueue.dispatchEvent(EventQueue.java:742)
	at java.desktop/java.awt.EventDispatchThread.pumpOneEventForFilters(EventDispatchThread.java:203)
	at java.desktop/java.awt.EventDispatchThread.pumpEventsForFilter(EventDispatchThread.java:124)
	at java.desktop/java.awt.EventDispatchThread.pumpEventsForHierarchy(EventDispatchThread.java:113)
	at java.desktop/java.awt.EventDispatchThread.pumpEvents(EventDispatchThread.java:109)
	at java.desktop/java.awt.EventDispatchThread.pumpEvents(EventDispatchThread.java:101)
	at java.desktop/java.awt.EventDispatchThread.run(EventDispatchThread.java:90)
1970 16:20:00.946 [AWT-EventQueue-0] INFO  org.triplea.sound.ClipPlayer - Unable to create audio device, is there audio on the system? Cannot create AudioDevice
javazoom.jl.decoder.JavaLayerException: Cannot create AudioDevice
	at javazoom.jl.player.FactoryRegistry.createAudioDevice(FactoryRegistry.java:97)
	at org.triplea.sound.ClipPlayer.hasAudio(ClipPlayer.java:144)
	at org.triplea.sound.SoundOptions.buildSoundOptionsMenuItem(SoundOptions.java:22)
	at games.strategy.triplea.ui.menubar.GameMenu.<init>(GameMenu.java:64)
	at games.strategy.triplea.ui.menubar.TripleAMenuBar.<init>(TripleAMenuBar.java:24)
	at games.strategy.triplea.ui.TripleAFrame.lambda$new$1(TripleAFrame.java:307)
	at java.desktop/java.awt.event.InvocationEvent.dispatch(InvocationEvent.java:318)
	at java.desktop/java.awt.EventQueue.dispatchEventImpl(EventQueue.java:773)
	at java.desktop/java.awt.EventQueue$4.run(EventQueue.java:720)
	at java.desktop/java.awt.EventQueue$4.run(EventQueue.java:714)
	at java.base/java.security.AccessController.doPrivileged(AccessController.java:399)
	at java.base/java.security.ProtectionDomain$JavaSecurityAccessImpl.doIntersectionPrivilege(ProtectionDomain.java:86)
	at java.desktop/java.awt.EventQueue.dispatchEvent(EventQueue.java:742)
	at java.desktop/java.awt.EventDispatchThread.pumpOneEventForFilters(EventDispatchThread.java:203)
	at java.desktop/java.awt.EventDispatchThread.pumpEventsForFilter(EventDispatchThread.java:124)
	at java.desktop/java.awt.EventDispatchThread.pumpEventsForHierarchy(EventDispatchThread.java:113)
	at java.desktop/java.awt.EventDispatchThread.pumpEvents(EventDispatchThread.java:109)
	at java.desktop/java.awt.EventDispatchThread.pumpEvents(EventDispatchThread.java:101)
	at java.desktop/java.awt.EventDispatchThread.run(EventDispatchThread.java:90)
1295439 16:41:34.415 [Thread-2519] DEBUG g.s.e.data.gameparser.GameParser - Parsing game XML: /storage/home/hcoda1/6/snayak89/triplea/downloadedMaps/capture_the_flag/map/games/capture_the_flag.xml
1295813 16:41:34.789 [Thread-2520] INFO  org.triplea.sound.ClipPlayer - Unable to create audio device, is there audio on the system? Cannot create AudioDevice
javazoom.jl.decoder.JavaLayerException: Cannot create AudioDevice
	at javazoom.jl.player.FactoryRegistry.createAudioDevice(FactoryRegistry.java:97)
	at org.triplea.sound.ClipPlayer.hasAudio(ClipPlayer.java:144)
	at org.triplea.sound.ClipPlayer.isSoundEnabled(ClipPlayer.java:251)
	at org.triplea.sound.ClipPlayer.play(ClipPlayer.java:220)
	at org.triplea.sound.ClipPlayer.play(ClipPlayer.java:209)
	at games.strategy.engine.framework.startup.mc.HeadedLaunchAction.startGame(HeadedLaunchAction.java:100)
	at games.strategy.triplea.TripleA.startGame(TripleA.java:62)
	at games.strategy.engine.framework.startup.launcher.LocalLauncher.loadGame(LocalLauncher.java:78)
	at games.strategy.engine.framework.startup.launcher.LocalLauncher.launch(LocalLauncher.java:59)
	at games.strategy.engine.framework.startup.ui.panels.main.MainPanelBuilder.lambda$launch$3(MainPanelBuilder.java:65)
	at java.base/java.lang.Thread.run(Thread.java:840)
1295847 16:41:34.823 [AWT-EventQueue-0] INFO  org.triplea.sound.ClipPlayer - Unable to create audio device, is there audio on the system? Cannot create AudioDevice
javazoom.jl.decoder.JavaLayerException: Cannot create AudioDevice
	at javazoom.jl.player.FactoryRegistry.createAudioDevice(FactoryRegistry.java:97)
	at org.triplea.sound.ClipPlayer.hasAudio(ClipPlayer.java:144)
	at org.triplea.sound.SoundOptions.buildGlobalSoundSwitchMenuItem(SoundOptions.java:76)
	at games.strategy.triplea.ui.menubar.GameMenu.<init>(GameMenu.java:63)
	at games.strategy.triplea.ui.menubar.TripleAMenuBar.<init>(TripleAMenuBar.java:24)
	at games.strategy.triplea.ui.TripleAFrame.lambda$new$1(TripleAFrame.java:307)
	at java.desktop/java.awt.event.InvocationEvent.dispatch(InvocationEvent.java:318)
	at java.desktop/java.awt.EventQueue.dispatchEventImpl(EventQueue.java:773)
	at java.desktop/java.awt.EventQueue$4.run(EventQueue.java:720)
	at java.desktop/java.awt.EventQueue$4.run(EventQueue.java:714)
	at java.base/java.security.AccessController.doPrivileged(AccessController.java:399)
	at java.base/java.security.ProtectionDomain$JavaSecurityAccessImpl.doIntersectionPrivilege(ProtectionDomain.java:86)
	at java.desktop/java.awt.EventQueue.dispatchEvent(EventQueue.java:742)
	at java.desktop/java.awt.EventDispatchThread.pumpOneEventForFilters(EventDispatchThread.java:203)
	at java.desktop/java.awt.EventDispatchThread.pumpEventsForFilter(EventDispatchThread.java:124)
	at java.desktop/java.awt.EventDispatchThread.pumpEventsForHierarchy(EventDispatchThread.java:113)
	at java.desktop/java.awt.EventDispatchThread.pumpEvents(EventDispatchThread.java:109)
	at java.desktop/java.awt.EventDispatchThread.pumpEvents(EventDispatchThread.java:101)
	at java.desktop/java.awt.EventDispatchThread.run(EventDispatchThread.java:90)
1295881 16:41:34.857 [AWT-EventQueue-0] INFO  org.triplea.sound.ClipPlayer - Unable to create audio device, is there audio on the system? Cannot create AudioDevice
javazoom.jl.decoder.JavaLayerException: Cannot create AudioDevice
	at javazoom.jl.player.FactoryRegistry.createAudioDevice(FactoryRegistry.java:97)
	at org.triplea.sound.ClipPlayer.hasAudio(ClipPlayer.java:144)
	at org.triplea.sound.SoundOptions.buildSoundOptionsMenuItem(SoundOptions.java:22)
	at games.strategy.triplea.ui.menubar.GameMenu.<init>(GameMenu.java:64)
	at games.strategy.triplea.ui.menubar.TripleAMenuBar.<init>(TripleAMenuBar.java:24)
	at games.strategy.triplea.ui.TripleAFrame.lambda$new$1(TripleAFrame.java:307)
	at java.desktop/java.awt.event.InvocationEvent.dispatch(InvocationEvent.java:318)
	at java.desktop/java.awt.EventQueue.dispatchEventImpl(EventQueue.java:773)
	at java.desktop/java.awt.EventQueue$4.run(EventQueue.java:720)
	at java.desktop/java.awt.EventQueue$4.run(EventQueue.java:714)
	at java.base/java.security.AccessController.doPrivileged(AccessController.java:399)
	at java.base/java.security.ProtectionDomain$JavaSecurityAccessImpl.doIntersectionPrivilege(ProtectionDomain.java:86)
	at java.desktop/java.awt.EventQueue.dispatchEvent(EventQueue.java:742)
	at java.desktop/java.awt.EventDispatchThread.pumpOneEventForFilters(EventDispatchThread.java:203)
	at java.desktop/java.awt.EventDispatchThread.pumpEventsForFilter(EventDispatchThread.java:124)
	at java.desktop/java.awt.EventDispatchThread.pumpEventsForHierarchy(EventDispatchThread.java:113)
	at java.desktop/java.awt.EventDispatchThread.pumpEvents(EventDispatchThread.java:109)
	at java.desktop/java.awt.EventDispatchThread.pumpEvents(EventDispatchThread.java:101)
	at java.desktop/java.awt.EventDispatchThread.run(EventDispatchThread.java:90)
486  16:42:05.520 [main] INFO  o.t.game.client.HeadedGameRunner - Launching game, version: 2.7+00000 
749  16:42:05.783 [Thread-5] DEBUG g.s.e.data.gameparser.GameParser - Parsing game XML: /storage/home/hcoda1/6/snayak89/triplea/downloadedMaps/capture_the_flag/map/games/capture_the_flag.xml
1840 16:42:06.874 [Thread-6] INFO  org.triplea.sound.ClipPlayer - Unable to create audio device, is there audio on the system? Cannot create AudioDevice
javazoom.jl.decoder.JavaLayerException: Cannot create AudioDevice
	at javazoom.jl.player.FactoryRegistry.createAudioDevice(FactoryRegistry.java:97)
	at org.triplea.sound.ClipPlayer.hasAudio(ClipPlayer.java:144)
	at org.triplea.sound.ClipPlayer.isSoundEnabled(ClipPlayer.java:251)
	at org.triplea.sound.ClipPlayer.play(ClipPlayer.java:220)
	at org.triplea.sound.ClipPlayer.play(ClipPlayer.java:209)
	at games.strategy.engine.framework.startup.mc.HeadedLaunchAction.startGame(HeadedLaunchAction.java:100)
	at games.strategy.triplea.TripleA.startGame(TripleA.java:62)
	at games.strategy.engine.framework.startup.launcher.LocalLauncher.loadGame(LocalLauncher.java:78)
	at games.strategy.engine.framework.startup.launcher.LocalLauncher.launch(LocalLauncher.java:59)
	at games.strategy.engine.framework.startup.ui.panels.main.MainPanelBuilder.lambda$launch$3(MainPanelBuilder.java:65)
	at java.base/java.lang.Thread.run(Thread.java:840)
1874 16:42:06.908 [AWT-EventQueue-0] INFO  org.triplea.sound.ClipPlayer - Unable to create audio device, is there audio on the system? Cannot create AudioDevice
javazoom.jl.decoder.JavaLayerException: Cannot create AudioDevice
	at javazoom.jl.player.FactoryRegistry.createAudioDevice(FactoryRegistry.java:97)
	at org.triplea.sound.ClipPlayer.hasAudio(ClipPlayer.java:144)
	at org.triplea.sound.SoundOptions.buildGlobalSoundSwitchMenuItem(SoundOptions.java:76)
	at games.strategy.triplea.ui.menubar.GameMenu.<init>(GameMenu.java:63)
	at games.strategy.triplea.ui.menubar.TripleAMenuBar.<init>(TripleAMenuBar.java:24)
	at games.strategy.triplea.ui.TripleAFrame.lambda$new$1(TripleAFrame.java:307)
	at java.desktop/java.awt.event.InvocationEvent.dispatch(InvocationEvent.java:318)
	at java.desktop/java.awt.EventQueue.dispatchEventImpl(EventQueue.java:773)
	at java.desktop/java.awt.EventQueue$4.run(EventQueue.java:720)
	at java.desktop/java.awt.EventQueue$4.run(EventQueue.java:714)
	at java.base/java.security.AccessController.doPrivileged(AccessController.java:399)
	at java.base/java.security.ProtectionDomain$JavaSecurityAccessImpl.doIntersectionPrivilege(ProtectionDomain.java:86)
	at java.desktop/java.awt.EventQueue.dispatchEvent(EventQueue.java:742)
	at java.desktop/java.awt.EventDispatchThread.pumpOneEventForFilters(EventDispatchThread.java:203)
	at java.desktop/java.awt.EventDispatchThread.pumpEventsForFilter(EventDispatchThread.java:124)
	at java.desktop/java.awt.EventDispatchThread.pumpEventsForHierarchy(EventDispatchThread.java:113)
	at java.desktop/java.awt.EventDispatchThread.pumpEvents(EventDispatchThread.java:109)
	at java.desktop/java.awt.EventDispatchThread.pumpEvents(EventDispatchThread.java:101)
	at java.desktop/java.awt.EventDispatchThread.run(EventDispatchThread.java:90)
1907 16:42:06.941 [AWT-EventQueue-0] INFO  org.triplea.sound.ClipPlayer - Unable to create audio device, is there audio on the system? Cannot create AudioDevice
javazoom.jl.decoder.JavaLayerException: Cannot create AudioDevice
	at javazoom.jl.player.FactoryRegistry.createAudioDevice(FactoryRegistry.java:97)
	at org.triplea.sound.ClipPlayer.hasAudio(ClipPlayer.java:144)
	at org.triplea.sound.SoundOptions.buildSoundOptionsMenuItem(SoundOptions.java:22)
	at games.strategy.triplea.ui.menubar.GameMenu.<init>(GameMenu.java:64)
	at games.strategy.triplea.ui.menubar.TripleAMenuBar.<init>(TripleAMenuBar.java:24)
	at games.strategy.triplea.ui.TripleAFrame.lambda$new$1(TripleAFrame.java:307)
	at java.desktop/java.awt.event.InvocationEvent.dispatch(InvocationEvent.java:318)
	at java.desktop/java.awt.EventQueue.dispatchEventImpl(EventQueue.java:773)
	at java.desktop/java.awt.EventQueue$4.run(EventQueue.java:720)
	at java.desktop/java.awt.EventQueue$4.run(EventQueue.java:714)
	at java.base/java.security.AccessController.doPrivileged(AccessController.java:399)
	at java.base/java.security.ProtectionDomain$JavaSecurityAccessImpl.doIntersectionPrivilege(ProtectionDomain.java:86)
	at java.desktop/java.awt.EventQueue.dispatchEvent(EventQueue.java:742)
	at java.desktop/java.awt.EventDispatchThread.pumpOneEventForFilters(EventDispatchThread.java:203)
	at java.desktop/java.awt.EventDispatchThread.pumpEventsForFilter(EventDispatchThread.java:124)
	at java.desktop/java.awt.EventDispatchThread.pumpEventsForHierarchy(EventDispatchThread.java:113)
	at java.desktop/java.awt.EventDispatchThread.pumpEvents(EventDispatchThread.java:109)
	at java.desktop/java.awt.EventDispatchThread.pumpEvents(EventDispatchThread.java:101)
	at java.desktop/java.awt.EventDispatchThread.run(EventDispatchThread.java:90)
491  16:43:28.834 [main] INFO  o.t.game.client.HeadedGameRunner - Launching game, version: 2.7+00000 
753  16:43:29.096 [Thread-5] DEBUG g.s.e.data.gameparser.GameParser - Parsing game XML: /storage/home/hcoda1/6/snayak89/triplea/downloadedMaps/capture_the_flag/map/games/capture_the_flag.xml
1719 16:43:30.062 [Thread-6] INFO  org.triplea.sound.ClipPlayer - Unable to create audio device, is there audio on the system? Cannot create AudioDevice
javazoom.jl.decoder.JavaLayerException: Cannot create AudioDevice
	at javazoom.jl.player.FactoryRegistry.createAudioDevice(FactoryRegistry.java:97)
	at org.triplea.sound.ClipPlayer.hasAudio(ClipPlayer.java:144)
	at org.triplea.sound.ClipPlayer.isSoundEnabled(ClipPlayer.java:251)
	at org.triplea.sound.ClipPlayer.play(ClipPlayer.java:220)
	at org.triplea.sound.ClipPlayer.play(ClipPlayer.java:209)
	at games.strategy.engine.framework.startup.mc.HeadedLaunchAction.startGame(HeadedLaunchAction.java:100)
	at games.strategy.triplea.TripleA.startGame(TripleA.java:62)
	at games.strategy.engine.framework.startup.launcher.LocalLauncher.loadGame(LocalLauncher.java:78)
	at games.strategy.engine.framework.startup.launcher.LocalLauncher.launch(LocalLauncher.java:59)
	at games.strategy.engine.framework.startup.ui.panels.main.MainPanelBuilder.lambda$launch$3(MainPanelBuilder.java:65)
	at java.base/java.lang.Thread.run(Thread.java:840)
1752 16:43:30.095 [AWT-EventQueue-0] INFO  org.triplea.sound.ClipPlayer - Unable to create audio device, is there audio on the system? Cannot create AudioDevice
javazoom.jl.decoder.JavaLayerException: Cannot create AudioDevice
	at javazoom.jl.player.FactoryRegistry.createAudioDevice(FactoryRegistry.java:97)
	at org.triplea.sound.ClipPlayer.hasAudio(ClipPlayer.java:144)
	at org.triplea.sound.SoundOptions.buildGlobalSoundSwitchMenuItem(SoundOptions.java:76)
	at games.strategy.triplea.ui.menubar.GameMenu.<init>(GameMenu.java:63)
	at games.strategy.triplea.ui.menubar.TripleAMenuBar.<init>(TripleAMenuBar.java:24)
	at games.strategy.triplea.ui.TripleAFrame.lambda$new$1(TripleAFrame.java:307)
	at java.desktop/java.awt.event.InvocationEvent.dispatch(InvocationEvent.java:318)
	at java.desktop/java.awt.EventQueue.dispatchEventImpl(EventQueue.java:773)
	at java.desktop/java.awt.EventQueue$4.run(EventQueue.java:720)
	at java.desktop/java.awt.EventQueue$4.run(EventQueue.java:714)
	at java.base/java.security.AccessController.doPrivileged(AccessController.java:399)
	at java.base/java.security.ProtectionDomain$JavaSecurityAccessImpl.doIntersectionPrivilege(ProtectionDomain.java:86)
	at java.desktop/java.awt.EventQueue.dispatchEvent(EventQueue.java:742)
	at java.desktop/java.awt.EventDispatchThread.pumpOneEventForFilters(EventDispatchThread.java:203)
	at java.desktop/java.awt.EventDispatchThread.pumpEventsForFilter(EventDispatchThread.java:124)
	at java.desktop/java.awt.EventDispatchThread.pumpEventsForHierarchy(EventDispatchThread.java:113)
	at java.desktop/java.awt.EventDispatchThread.pumpEvents(EventDispatchThread.java:109)
	at java.desktop/java.awt.EventDispatchThread.pumpEvents(EventDispatchThread.java:101)
	at java.desktop/java.awt.EventDispatchThread.run(EventDispatchThread.java:90)
1786 16:43:30.129 [AWT-EventQueue-0] INFO  org.triplea.sound.ClipPlayer - Unable to create audio device, is there audio on the system? Cannot create AudioDevice
javazoom.jl.decoder.JavaLayerException: Cannot create AudioDevice
	at javazoom.jl.player.FactoryRegistry.createAudioDevice(FactoryRegistry.java:97)
	at org.triplea.sound.ClipPlayer.hasAudio(ClipPlayer.java:144)
	at org.triplea.sound.SoundOptions.buildSoundOptionsMenuItem(SoundOptions.java:22)
	at games.strategy.triplea.ui.menubar.GameMenu.<init>(GameMenu.java:64)
	at games.strategy.triplea.ui.menubar.TripleAMenuBar.<init>(TripleAMenuBar.java:24)
	at games.strategy.triplea.ui.TripleAFrame.lambda$new$1(TripleAFrame.java:307)
	at java.desktop/java.awt.event.InvocationEvent.dispatch(InvocationEvent.java:318)
	at java.desktop/java.awt.EventQueue.dispatchEventImpl(EventQueue.java:773)
	at java.desktop/java.awt.EventQueue$4.run(EventQueue.java:720)
	at java.desktop/java.awt.EventQueue$4.run(EventQueue.java:714)
	at java.base/java.security.AccessController.doPrivileged(AccessController.java:399)
	at java.base/java.security.ProtectionDomain$JavaSecurityAccessImpl.doIntersectionPrivilege(ProtectionDomain.java:86)
	at java.desktop/java.awt.EventQueue.dispatchEvent(EventQueue.java:742)
	at java.desktop/java.awt.EventDispatchThread.pumpOneEventForFilters(EventDispatchThread.java:203)
	at java.desktop/java.awt.EventDispatchThread.pumpEventsForFilter(EventDispatchThread.java:124)
	at java.desktop/java.awt.EventDispatchThread.pumpEventsForHierarchy(EventDispatchThread.java:113)
	at java.desktop/java.awt.EventDispatchThread.pumpEvents(EventDispatchThread.java:109)
	at java.desktop/java.awt.EventDispatchThread.pumpEvents(EventDispatchThread.java:101)
	at java.desktop/java.awt.EventDispatchThread.run(EventDispatchThread.java:90)
811031 16:56:59.374 [Thread-1509] DEBUG g.s.e.data.gameparser.GameParser - Parsing game XML: /storage/home/hcoda1/6/snayak89/triplea/downloadedMaps/capture_the_flag/map/games/capture_the_flag.xml
811321 16:56:59.664 [Thread-1510] INFO  org.triplea.sound.ClipPlayer - Unable to create audio device, is there audio on the system? Cannot create AudioDevice
javazoom.jl.decoder.JavaLayerException: Cannot create AudioDevice
	at javazoom.jl.player.FactoryRegistry.createAudioDevice(FactoryRegistry.java:97)
	at org.triplea.sound.ClipPlayer.hasAudio(ClipPlayer.java:144)
	at org.triplea.sound.ClipPlayer.isSoundEnabled(ClipPlayer.java:251)
	at org.triplea.sound.ClipPlayer.play(ClipPlayer.java:220)
	at org.triplea.sound.ClipPlayer.play(ClipPlayer.java:209)
	at games.strategy.engine.framework.startup.mc.HeadedLaunchAction.startGame(HeadedLaunchAction.java:100)
	at games.strategy.triplea.TripleA.startGame(TripleA.java:62)
	at games.strategy.engine.framework.startup.launcher.LocalLauncher.loadGame(LocalLauncher.java:78)
	at games.strategy.engine.framework.startup.launcher.LocalLauncher.launch(LocalLauncher.java:59)
	at games.strategy.engine.framework.startup.ui.panels.main.MainPanelBuilder.lambda$launch$3(MainPanelBuilder.java:65)
	at java.base/java.lang.Thread.run(Thread.java:840)
811356 16:56:59.699 [AWT-EventQueue-0] INFO  org.triplea.sound.ClipPlayer - Unable to create audio device, is there audio on the system? Cannot create AudioDevice
javazoom.jl.decoder.JavaLayerException: Cannot create AudioDevice
	at javazoom.jl.player.FactoryRegistry.createAudioDevice(FactoryRegistry.java:97)
	at org.triplea.sound.ClipPlayer.hasAudio(ClipPlayer.java:144)
	at org.triplea.sound.SoundOptions.buildGlobalSoundSwitchMenuItem(SoundOptions.java:76)
	at games.strategy.triplea.ui.menubar.GameMenu.<init>(GameMenu.java:63)
	at games.strategy.triplea.ui.menubar.TripleAMenuBar.<init>(TripleAMenuBar.java:24)
	at games.strategy.triplea.ui.TripleAFrame.lambda$new$1(TripleAFrame.java:307)
	at java.desktop/java.awt.event.InvocationEvent.dispatch(InvocationEvent.java:318)
	at java.desktop/java.awt.EventQueue.dispatchEventImpl(EventQueue.java:773)
	at java.desktop/java.awt.EventQueue$4.run(EventQueue.java:720)
	at java.desktop/java.awt.EventQueue$4.run(EventQueue.java:714)
	at java.base/java.security.AccessController.doPrivileged(AccessController.java:399)
	at java.base/java.security.ProtectionDomain$JavaSecurityAccessImpl.doIntersectionPrivilege(ProtectionDomain.java:86)
	at java.desktop/java.awt.EventQueue.dispatchEvent(EventQueue.java:742)
	at java.desktop/java.awt.EventDispatchThread.pumpOneEventForFilters(EventDispatchThread.java:203)
	at java.desktop/java.awt.EventDispatchThread.pumpEventsForFilter(EventDispatchThread.java:124)
	at java.desktop/java.awt.EventDispatchThread.pumpEventsForHierarchy(EventDispatchThread.java:113)
	at java.desktop/java.awt.EventDispatchThread.pumpEvents(EventDispatchThread.java:109)
	at java.desktop/java.awt.EventDispatchThread.pumpEvents(EventDispatchThread.java:101)
	at java.desktop/java.awt.EventDispatchThread.run(EventDispatchThread.java:90)
811391 16:56:59.734 [AWT-EventQueue-0] INFO  org.triplea.sound.ClipPlayer - Unable to create audio device, is there audio on the system? Cannot create AudioDevice
javazoom.jl.decoder.JavaLayerException: Cannot create AudioDevice
	at javazoom.jl.player.FactoryRegistry.createAudioDevice(FactoryRegistry.java:97)
	at org.triplea.sound.ClipPlayer.hasAudio(ClipPlayer.java:144)
	at org.triplea.sound.SoundOptions.buildSoundOptionsMenuItem(SoundOptions.java:22)
	at games.strategy.triplea.ui.menubar.GameMenu.<init>(GameMenu.java:64)
	at games.strategy.triplea.ui.menubar.TripleAMenuBar.<init>(TripleAMenuBar.java:24)
	at games.strategy.triplea.ui.TripleAFrame.lambda$new$1(TripleAFrame.java:307)
	at java.desktop/java.awt.event.InvocationEvent.dispatch(InvocationEvent.java:318)
	at java.desktop/java.awt.EventQueue.dispatchEventImpl(EventQueue.java:773)
	at java.desktop/java.awt.EventQueue$4.run(EventQueue.java:720)
	at java.desktop/java.awt.EventQueue$4.run(EventQueue.java:714)
	at java.base/java.security.AccessController.doPrivileged(AccessController.java:399)
	at java.base/java.security.ProtectionDomain$JavaSecurityAccessImpl.doIntersectionPrivilege(ProtectionDomain.java:86)
	at java.desktop/java.awt.EventQueue.dispatchEvent(EventQueue.java:742)
	at java.desktop/java.awt.EventDispatchThread.pumpOneEventForFilters(EventDispatchThread.java:203)
	at java.desktop/java.awt.EventDispatchThread.pumpEventsForFilter(EventDispatchThread.java:124)
	at java.desktop/java.awt.EventDispatchThread.pumpEventsForHierarchy(EventDispatchThread.java:113)
	at java.desktop/java.awt.EventDispatchThread.pumpEvents(EventDispatchThread.java:109)
	at java.desktop/java.awt.EventDispatchThread.pumpEvents(EventDispatchThread.java:101)
	at java.desktop/java.awt.EventDispatchThread.run(EventDispatchThread.java:90)
516  16:57:33.271 [main] INFO  o.t.game.client.HeadedGameRunner - Launching game, version: 2.7+00000 
771  16:57:33.526 [Thread-5] DEBUG g.s.e.data.gameparser.GameParser - Parsing game XML: /storage/home/hcoda1/6/snayak89/triplea/downloadedMaps/capture_the_flag/map/games/capture_the_flag.xml
1762 16:57:34.517 [Thread-6] INFO  org.triplea.sound.ClipPlayer - Unable to create audio device, is there audio on the system? Cannot create AudioDevice
javazoom.jl.decoder.JavaLayerException: Cannot create AudioDevice
	at javazoom.jl.player.FactoryRegistry.createAudioDevice(FactoryRegistry.java:97)
	at org.triplea.sound.ClipPlayer.hasAudio(ClipPlayer.java:144)
	at org.triplea.sound.ClipPlayer.isSoundEnabled(ClipPlayer.java:251)
	at org.triplea.sound.ClipPlayer.play(ClipPlayer.java:220)
	at org.triplea.sound.ClipPlayer.play(ClipPlayer.java:209)
	at games.strategy.engine.framework.startup.mc.HeadedLaunchAction.startGame(HeadedLaunchAction.java:100)
	at games.strategy.triplea.TripleA.startGame(TripleA.java:62)
	at games.strategy.engine.framework.startup.launcher.LocalLauncher.loadGame(LocalLauncher.java:78)
	at games.strategy.engine.framework.startup.launcher.LocalLauncher.launch(LocalLauncher.java:59)
	at games.strategy.engine.framework.startup.ui.panels.main.MainPanelBuilder.lambda$launch$3(MainPanelBuilder.java:65)
	at java.base/java.lang.Thread.run(Thread.java:840)
1799 16:57:34.554 [AWT-EventQueue-0] INFO  org.triplea.sound.ClipPlayer - Unable to create audio device, is there audio on the system? Cannot create AudioDevice
javazoom.jl.decoder.JavaLayerException: Cannot create AudioDevice
	at javazoom.jl.player.FactoryRegistry.createAudioDevice(FactoryRegistry.java:97)
	at org.triplea.sound.ClipPlayer.hasAudio(ClipPlayer.java:144)
	at org.triplea.sound.SoundOptions.buildGlobalSoundSwitchMenuItem(SoundOptions.java:76)
	at games.strategy.triplea.ui.menubar.GameMenu.<init>(GameMenu.java:63)
	at games.strategy.triplea.ui.menubar.TripleAMenuBar.<init>(TripleAMenuBar.java:24)
	at games.strategy.triplea.ui.TripleAFrame.lambda$new$1(TripleAFrame.java:307)
	at java.desktop/java.awt.event.InvocationEvent.dispatch(InvocationEvent.java:318)
	at java.desktop/java.awt.EventQueue.dispatchEventImpl(EventQueue.java:773)
	at java.desktop/java.awt.EventQueue$4.run(EventQueue.java:720)
	at java.desktop/java.awt.EventQueue$4.run(EventQueue.java:714)
	at java.base/java.security.AccessController.doPrivileged(AccessController.java:399)
	at java.base/java.security.ProtectionDomain$JavaSecurityAccessImpl.doIntersectionPrivilege(ProtectionDomain.java:86)
	at java.desktop/java.awt.EventQueue.dispatchEvent(EventQueue.java:742)
	at java.desktop/java.awt.EventDispatchThread.pumpOneEventForFilters(EventDispatchThread.java:203)
	at java.desktop/java.awt.EventDispatchThread.pumpEventsForFilter(EventDispatchThread.java:124)
	at java.desktop/java.awt.EventDispatchThread.pumpEventsForHierarchy(EventDispatchThread.java:113)
	at java.desktop/java.awt.EventDispatchThread.pumpEvents(EventDispatchThread.java:109)
	at java.desktop/java.awt.EventDispatchThread.pumpEvents(EventDispatchThread.java:101)
	at java.desktop/java.awt.EventDispatchThread.run(EventDispatchThread.java:90)
1831 16:57:34.586 [AWT-EventQueue-0] INFO  org.triplea.sound.ClipPlayer - Unable to create audio device, is there audio on the system? Cannot create AudioDevice
javazoom.jl.decoder.JavaLayerException: Cannot create AudioDevice
	at javazoom.jl.player.FactoryRegistry.createAudioDevice(FactoryRegistry.java:97)
	at org.triplea.sound.ClipPlayer.hasAudio(ClipPlayer.java:144)
	at org.triplea.sound.SoundOptions.buildSoundOptionsMenuItem(SoundOptions.java:22)
	at games.strategy.triplea.ui.menubar.GameMenu.<init>(GameMenu.java:64)
	at games.strategy.triplea.ui.menubar.TripleAMenuBar.<init>(TripleAMenuBar.java:24)
	at games.strategy.triplea.ui.TripleAFrame.lambda$new$1(TripleAFrame.java:307)
	at java.desktop/java.awt.event.InvocationEvent.dispatch(InvocationEvent.java:318)
	at java.desktop/java.awt.EventQueue.dispatchEventImpl(EventQueue.java:773)
	at java.desktop/java.awt.EventQueue$4.run(EventQueue.java:720)
	at java.desktop/java.awt.EventQueue$4.run(EventQueue.java:714)
	at java.base/java.security.AccessController.doPrivileged(AccessController.java:399)
	at java.base/java.security.ProtectionDomain$JavaSecurityAccessImpl.doIntersectionPrivilege(ProtectionDomain.java:86)
	at java.desktop/java.awt.EventQueue.dispatchEvent(EventQueue.java:742)
	at java.desktop/java.awt.EventDispatchThread.pumpOneEventForFilters(EventDispatchThread.java:203)
	at java.desktop/java.awt.EventDispatchThread.pumpEventsForFilter(EventDispatchThread.java:124)
	at java.desktop/java.awt.EventDispatchThread.pumpEventsForHierarchy(EventDispatchThread.java:113)
	at java.desktop/java.awt.EventDispatchThread.pumpEvents(EventDispatchThread.java:109)
	at java.desktop/java.awt.EventDispatchThread.pumpEvents(EventDispatchThread.java:101)
	at java.desktop/java.awt.EventDispatchThread.run(EventDispatchThread.java:90)
509  16:59:28.949 [main] INFO  o.t.game.client.HeadedGameRunner - Launching game, version: 2.7+00000 
796  16:59:29.236 [Thread-5] DEBUG g.s.e.data.gameparser.GameParser - Parsing game XML: /storage/home/hcoda1/6/snayak89/triplea/downloadedMaps/capture_the_flag/map/games/capture_the_flag.xml
1990 16:59:30.430 [Thread-6] INFO  org.triplea.sound.ClipPlayer - Unable to create audio device, is there audio on the system? Cannot create AudioDevice
javazoom.jl.decoder.JavaLayerException: Cannot create AudioDevice
	at javazoom.jl.player.FactoryRegistry.createAudioDevice(FactoryRegistry.java:97)
	at org.triplea.sound.ClipPlayer.hasAudio(ClipPlayer.java:144)
	at org.triplea.sound.ClipPlayer.isSoundEnabled(ClipPlayer.java:251)
	at org.triplea.sound.ClipPlayer.play(ClipPlayer.java:220)
	at org.triplea.sound.ClipPlayer.play(ClipPlayer.java:209)
	at games.strategy.engine.framework.startup.mc.HeadedLaunchAction.startGame(HeadedLaunchAction.java:100)
	at games.strategy.triplea.TripleA.startGame(TripleA.java:62)
	at games.strategy.engine.framework.startup.launcher.LocalLauncher.loadGame(LocalLauncher.java:78)
	at games.strategy.engine.framework.startup.launcher.LocalLauncher.launch(LocalLauncher.java:59)
	at games.strategy.engine.framework.startup.ui.panels.main.MainPanelBuilder.lambda$launch$3(MainPanelBuilder.java:65)
	at java.base/java.lang.Thread.run(Thread.java:840)
2022 16:59:30.462 [AWT-EventQueue-0] INFO  org.triplea.sound.ClipPlayer - Unable to create audio device, is there audio on the system? Cannot create AudioDevice
javazoom.jl.decoder.JavaLayerException: Cannot create AudioDevice
	at javazoom.jl.player.FactoryRegistry.createAudioDevice(FactoryRegistry.java:97)
	at org.triplea.sound.ClipPlayer.hasAudio(ClipPlayer.java:144)
	at org.triplea.sound.SoundOptions.buildGlobalSoundSwitchMenuItem(SoundOptions.java:76)
	at games.strategy.triplea.ui.menubar.GameMenu.<init>(GameMenu.java:63)
	at games.strategy.triplea.ui.menubar.TripleAMenuBar.<init>(TripleAMenuBar.java:24)
	at games.strategy.triplea.ui.TripleAFrame.lambda$new$1(TripleAFrame.java:307)
	at java.desktop/java.awt.event.InvocationEvent.dispatch(InvocationEvent.java:318)
	at java.desktop/java.awt.EventQueue.dispatchEventImpl(EventQueue.java:773)
	at java.desktop/java.awt.EventQueue$4.run(EventQueue.java:720)
	at java.desktop/java.awt.EventQueue$4.run(EventQueue.java:714)
	at java.base/java.security.AccessController.doPrivileged(AccessController.java:399)
	at java.base/java.security.ProtectionDomain$JavaSecurityAccessImpl.doIntersectionPrivilege(ProtectionDomain.java:86)
	at java.desktop/java.awt.EventQueue.dispatchEvent(EventQueue.java:742)
	at java.desktop/java.awt.EventDispatchThread.pumpOneEventForFilters(EventDispatchThread.java:203)
	at java.desktop/java.awt.EventDispatchThread.pumpEventsForFilter(EventDispatchThread.java:124)
	at java.desktop/java.awt.EventDispatchThread.pumpEventsForHierarchy(EventDispatchThread.java:113)
	at java.desktop/java.awt.EventDispatchThread.pumpEvents(EventDispatchThread.java:109)
	at java.desktop/java.awt.EventDispatchThread.pumpEvents(EventDispatchThread.java:101)
	at java.desktop/java.awt.EventDispatchThread.run(EventDispatchThread.java:90)
2054 16:59:30.494 [AWT-EventQueue-0] INFO  org.triplea.sound.ClipPlayer - Unable to create audio device, is there audio on the system? Cannot create AudioDevice
javazoom.jl.decoder.JavaLayerException: Cannot create AudioDevice
	at javazoom.jl.player.FactoryRegistry.createAudioDevice(FactoryRegistry.java:97)
	at org.triplea.sound.ClipPlayer.hasAudio(ClipPlayer.java:144)
	at org.triplea.sound.SoundOptions.buildSoundOptionsMenuItem(SoundOptions.java:22)
	at games.strategy.triplea.ui.menubar.GameMenu.<init>(GameMenu.java:64)
	at games.strategy.triplea.ui.menubar.TripleAMenuBar.<init>(TripleAMenuBar.java:24)
	at games.strategy.triplea.ui.TripleAFrame.lambda$new$1(TripleAFrame.java:307)
	at java.desktop/java.awt.event.InvocationEvent.dispatch(InvocationEvent.java:318)
	at java.desktop/java.awt.EventQueue.dispatchEventImpl(EventQueue.java:773)
	at java.desktop/java.awt.EventQueue$4.run(EventQueue.java:720)
	at java.desktop/java.awt.EventQueue$4.run(EventQueue.java:714)
	at java.base/java.security.AccessController.doPrivileged(AccessController.java:399)
	at java.base/java.security.ProtectionDomain$JavaSecurityAccessImpl.doIntersectionPrivilege(ProtectionDomain.java:86)
	at java.desktop/java.awt.EventQueue.dispatchEvent(EventQueue.java:742)
	at java.desktop/java.awt.EventDispatchThread.pumpOneEventForFilters(EventDispatchThread.java:203)
	at java.desktop/java.awt.EventDispatchThread.pumpEventsForFilter(EventDispatchThread.java:124)
	at java.desktop/java.awt.EventDispatchThread.pumpEventsForHierarchy(EventDispatchThread.java:113)
	at java.desktop/java.awt.EventDispatchThread.pumpEvents(EventDispatchThread.java:109)
	at java.desktop/java.awt.EventDispatchThread.pumpEvents(EventDispatchThread.java:101)
	at java.desktop/java.awt.EventDispatchThread.run(EventDispatchThread.java:90)
1323502 17:21:31.942 [Thread-2767] DEBUG g.s.e.data.gameparser.GameParser - Parsing game XML: /storage/home/hcoda1/6/snayak89/triplea/downloadedMaps/capture_the_flag/map/games/capture_the_flag.xml
1323747 17:21:32.187 [Thread-2768] INFO  org.triplea.sound.ClipPlayer - Unable to create audio device, is there audio on the system? Cannot create AudioDevice
javazoom.jl.decoder.JavaLayerException: Cannot create AudioDevice
	at javazoom.jl.player.FactoryRegistry.createAudioDevice(FactoryRegistry.java:97)
	at org.triplea.sound.ClipPlayer.hasAudio(ClipPlayer.java:144)
	at org.triplea.sound.ClipPlayer.isSoundEnabled(ClipPlayer.java:251)
	at org.triplea.sound.ClipPlayer.play(ClipPlayer.java:220)
	at org.triplea.sound.ClipPlayer.play(ClipPlayer.java:209)
	at games.strategy.engine.framework.startup.mc.HeadedLaunchAction.startGame(HeadedLaunchAction.java:100)
	at games.strategy.triplea.TripleA.startGame(TripleA.java:62)
	at games.strategy.engine.framework.startup.launcher.LocalLauncher.loadGame(LocalLauncher.java:78)
	at games.strategy.engine.framework.startup.launcher.LocalLauncher.launch(LocalLauncher.java:59)
	at games.strategy.engine.framework.startup.ui.panels.main.MainPanelBuilder.lambda$launch$3(MainPanelBuilder.java:65)
	at java.base/java.lang.Thread.run(Thread.java:840)
1323819 17:21:32.259 [AWT-EventQueue-0] INFO  org.triplea.sound.ClipPlayer - Unable to create audio device, is there audio on the system? Cannot create AudioDevice
javazoom.jl.decoder.JavaLayerException: Cannot create AudioDevice
	at javazoom.jl.player.FactoryRegistry.createAudioDevice(FactoryRegistry.java:97)
	at org.triplea.sound.ClipPlayer.hasAudio(ClipPlayer.java:144)
	at org.triplea.sound.SoundOptions.buildGlobalSoundSwitchMenuItem(SoundOptions.java:76)
	at games.strategy.triplea.ui.menubar.GameMenu.<init>(GameMenu.java:63)
	at games.strategy.triplea.ui.menubar.TripleAMenuBar.<init>(TripleAMenuBar.java:24)
	at games.strategy.triplea.ui.TripleAFrame.lambda$new$1(TripleAFrame.java:307)
	at java.desktop/java.awt.event.InvocationEvent.dispatch(InvocationEvent.java:318)
	at java.desktop/java.awt.EventQueue.dispatchEventImpl(EventQueue.java:773)
	at java.desktop/java.awt.EventQueue$4.run(EventQueue.java:720)
	at java.desktop/java.awt.EventQueue$4.run(EventQueue.java:714)
	at java.base/java.security.AccessController.doPrivileged(AccessController.java:399)
	at java.base/java.security.ProtectionDomain$JavaSecurityAccessImpl.doIntersectionPrivilege(ProtectionDomain.java:86)
	at java.desktop/java.awt.EventQueue.dispatchEvent(EventQueue.java:742)
	at java.desktop/java.awt.EventDispatchThread.pumpOneEventForFilters(EventDispatchThread.java:203)
	at java.desktop/java.awt.EventDispatchThread.pumpEventsForFilter(EventDispatchThread.java:124)
	at java.desktop/java.awt.EventDispatchThread.pumpEventsForHierarchy(EventDispatchThread.java:113)
	at java.desktop/java.awt.EventDispatchThread.pumpEvents(EventDispatchThread.java:109)
	at java.desktop/java.awt.EventDispatchThread.pumpEvents(EventDispatchThread.java:101)
	at java.desktop/java.awt.EventDispatchThread.run(EventDispatchThread.java:90)
1323852 17:21:32.292 [AWT-EventQueue-0] INFO  org.triplea.sound.ClipPlayer - Unable to create audio device, is there audio on the system? Cannot create AudioDevice
javazoom.jl.decoder.JavaLayerException: Cannot create AudioDevice
	at javazoom.jl.player.FactoryRegistry.createAudioDevice(FactoryRegistry.java:97)
	at org.triplea.sound.ClipPlayer.hasAudio(ClipPlayer.java:144)
	at org.triplea.sound.SoundOptions.buildSoundOptionsMenuItem(SoundOptions.java:22)
	at games.strategy.triplea.ui.menubar.GameMenu.<init>(GameMenu.java:64)
	at games.strategy.triplea.ui.menubar.TripleAMenuBar.<init>(TripleAMenuBar.java:24)
	at games.strategy.triplea.ui.TripleAFrame.lambda$new$1(TripleAFrame.java:307)
	at java.desktop/java.awt.event.InvocationEvent.dispatch(InvocationEvent.java:318)
	at java.desktop/java.awt.EventQueue.dispatchEventImpl(EventQueue.java:773)
	at java.desktop/java.awt.EventQueue$4.run(EventQueue.java:720)
	at java.desktop/java.awt.EventQueue$4.run(EventQueue.java:714)
	at java.base/java.security.AccessController.doPrivileged(AccessController.java:399)
	at java.base/java.security.ProtectionDomain$JavaSecurityAccessImpl.doIntersectionPrivilege(ProtectionDomain.java:86)
	at java.desktop/java.awt.EventQueue.dispatchEvent(EventQueue.java:742)
	at java.desktop/java.awt.EventDispatchThread.pumpOneEventForFilters(EventDispatchThread.java:203)
	at java.desktop/java.awt.EventDispatchThread.pumpEventsForFilter(EventDispatchThread.java:124)
	at java.desktop/java.awt.EventDispatchThread.pumpEventsForHierarchy(EventDispatchThread.java:113)
	at java.desktop/java.awt.EventDispatchThread.pumpEvents(EventDispatchThread.java:109)
	at java.desktop/java.awt.EventDispatchThread.pumpEvents(EventDispatchThread.java:101)
	at java.desktop/java.awt.EventDispatchThread.run(EventDispatchThread.java:90)
