181312 18:21:23.003 [Thread-8] INFO  org.triplea.sound.ClipPlayer - Unable to create audio device, is there audio on the system? Cannot create AudioDevice
javazoom.jl.decoder.JavaLayerException: Cannot create AudioDevice
	at javazoom.jl.player.FactoryRegistry.createAudioDevice(FactoryRegistry.java:97)
	at org.triplea.sound.ClipPlayer.hasAudio(ClipPlayer.java:144)
	at org.triplea.sound.ClipPlayer.isSoundEnabled(ClipPlayer.java:251)
	at org.triplea.sound.ClipPlayer.play(ClipPlayer.java:220)
	at org.triplea.sound.DefaultSoundChannel.playSoundForAll(DefaultSoundChannel.java:22)
	at jdk.internal.reflect.GeneratedMethodAccessor55.invoke(Unknown Source)
	at java.base/jdk.internal.reflect.DelegatingMethodAccessorImpl.invoke(DelegatingMethodAccessorImpl.java:43)
	at java.base/java.lang.reflect.Method.invoke(Method.java:569)
	at games.strategy.engine.message.unifiedmessenger.EndPoint.invokeSingle(EndPoint.java:137)
	at games.strategy.engine.message.unifiedmessenger.EndPoint.lambda$invokeMultiple$0(EndPoint.java:121)
	at java.base/java.util.stream.ReferencePipeline$3$1.accept(ReferencePipeline.java:197)
	at java.base/java.util.Spliterators$ArraySpliterator.forEachRemaining(Spliterators.java:992)
	at java.base/java.util.stream.AbstractPipeline.copyInto(AbstractPipeline.java:509)
	at java.base/java.util.stream.AbstractPipeline.wrapAndCopyInto(AbstractPipeline.java:499)
	at java.base/java.util.stream.ReduceOps$ReduceOp.evaluateSequential(ReduceOps.java:921)
	at java.base/java.util.stream.AbstractPipeline.evaluate(AbstractPipeline.java:234)
	at java.base/java.util.stream.ReferencePipeline.collect(ReferencePipeline.java:682)
	at games.strategy.engine.message.unifiedmessenger.EndPoint.invokeMultiple(EndPoint.java:122)
	at games.strategy.engine.message.unifiedmessenger.EndPoint.invokeLocal(EndPoint.java:112)
	at games.strategy.engine.message.unifiedmessenger.UnifiedMessenger.invoke(UnifiedMessenger.java:153)
	at games.strategy.engine.message.UnifiedInvocationHandler.invoke(UnifiedInvocationHandler.java:47)
	at jdk.proxy2/jdk.proxy2.$Proxy25.playSoundForAll(Unknown Source)
	at jdk.internal.reflect.GeneratedMethodAccessor54.invoke(Unknown Source)
	at java.base/jdk.internal.reflect.DelegatingMethodAccessorImpl.invoke(DelegatingMethodAccessorImpl.java:43)
	at java.base/java.lang.reflect.Method.invoke(Method.java:569)
	at games.strategy.engine.delegate.DelegateExecutionManager.lambda$newOutboundImplementation$1(DelegateExecutionManager.java:79)
	at jdk.proxy2/jdk.proxy2.$Proxy25.playSoundForAll(Unknown Source)
	at org.triplea.sound.SoundUtils.playBattleType(SoundUtils.java:42)
	at games.strategy.triplea.delegate.battle.MustFightBattle.fight(MustFightBattle.java:686)
	at games.strategy.triplea.delegate.battle.BattleDelegate.fightBattle(BattleDelegate.java:243)
	at java.base/jdk.internal.reflect.NativeMethodAccessorImpl.invoke0(Native Method)
	at java.base/jdk.internal.reflect.NativeMethodAccessorImpl.invoke(NativeMethodAccessorImpl.java:77)
	at java.base/jdk.internal.reflect.DelegatingMethodAccessorImpl.invoke(DelegatingMethodAccessorImpl.java:43)
	at java.base/java.lang.reflect.Method.invoke(Method.java:569)
	at games.strategy.engine.delegate.DelegateExecutionManager$1.invoke(DelegateExecutionManager.java:120)
	at jdk.proxy2/jdk.proxy2.$Proxy13.fightBattle(Unknown Source)
	at java.base/jdk.internal.reflect.NativeMethodAccessorImpl.invoke0(Native Method)
	at java.base/jdk.internal.reflect.NativeMethodAccessorImpl.invoke(NativeMethodAccessorImpl.java:77)
	at java.base/jdk.internal.reflect.DelegatingMethodAccessorImpl.invoke(DelegatingMethodAccessorImpl.java:43)
	at java.base/java.lang.reflect.Method.invoke(Method.java:569)
	at games.strategy.engine.message.unifiedmessenger.EndPoint.invokeSingle(EndPoint.java:137)
	at games.strategy.engine.message.unifiedmessenger.EndPoint.lambda$invokeMultiple$0(EndPoint.java:121)
	at java.base/java.util.stream.ReferencePipeline$3$1.accept(ReferencePipeline.java:197)
	at java.base/java.util.Spliterators$ArraySpliterator.forEachRemaining(Spliterators.java:992)
	at java.base/java.util.stream.AbstractPipeline.copyInto(AbstractPipeline.java:509)
	at java.base/java.util.stream.AbstractPipeline.wrapAndCopyInto(AbstractPipeline.java:499)
	at java.base/java.util.stream.ReduceOps$ReduceOp.evaluateSequential(ReduceOps.java:921)
	at java.base/java.util.stream.AbstractPipeline.evaluate(AbstractPipeline.java:234)
	at java.base/java.util.stream.ReferencePipeline.collect(ReferencePipeline.java:682)
	at games.strategy.engine.message.unifiedmessenger.EndPoint.invokeMultiple(EndPoint.java:122)
	at games.strategy.engine.message.unifiedmessenger.EndPoint.invokeLocal(EndPoint.java:112)
	at games.strategy.engine.message.unifiedmessenger.UnifiedMessenger.invokeAndWait(UnifiedMessenger.java:97)
	at games.strategy.engine.message.UnifiedInvocationHandler.invoke(UnifiedInvocationHandler.java:55)
	at jdk.proxy2/jdk.proxy2.$Proxy13.fightBattle(Unknown Source)
	at java.base/jdk.internal.reflect.NativeMethodAccessorImpl.invoke0(Native Method)
	at java.base/jdk.internal.reflect.NativeMethodAccessorImpl.invoke(NativeMethodAccessorImpl.java:77)
	at java.base/jdk.internal.reflect.DelegatingMethodAccessorImpl.invoke(DelegatingMethodAccessorImpl.java:43)
	at java.base/java.lang.reflect.Method.invoke(Method.java:569)
	at games.strategy.engine.player.PlayerBridge$GameOverInvocationHandler.invoke(PlayerBridge.java:151)
	at jdk.proxy2/jdk.proxy2.$Proxy13.fightBattle(Unknown Source)
	at games.strategy.triplea.ai.AbstractAi.battle(AbstractAi.java:618)
	at games.strategy.triplea.ai.AbstractAi.start(AbstractAi.java:525)
	at games.strategy.engine.framework.ServerGame.waitForPlayerToFinishStep(ServerGame.java:648)
	at games.strategy.engine.framework.ServerGame.runStep(ServerGame.java:478)
	at games.strategy.engine.framework.ServerGame.runNextStep(ServerGame.java:365)
	at games.strategy.engine.framework.ServerGame.startGame(ServerGame.java:333)
	at games.strategy.engine.framework.startup.launcher.LocalLauncher.launchInternal(LocalLauncher.java:92)
	at games.strategy.engine.framework.startup.launcher.LocalLauncher.lambda$launch$0(LocalLauncher.java:60)
	at java.base/java.lang.Thread.run(Thread.java:840)
189919 18:21:31.610 [Thread-8] INFO  org.triplea.sound.ClipPlayer - Unable to create audio device, is there audio on the system? Cannot create AudioDevice
javazoom.jl.decoder.JavaLayerException: Cannot create AudioDevice
	at javazoom.jl.player.FactoryRegistry.createAudioDevice(FactoryRegistry.java:97)
	at org.triplea.sound.ClipPlayer.hasAudio(ClipPlayer.java:144)
	at org.triplea.sound.ClipPlayer.isSoundEnabled(ClipPlayer.java:251)
	at org.triplea.sound.ClipPlayer.play(ClipPlayer.java:220)
	at org.triplea.sound.DefaultSoundChannel.playSoundForAll(DefaultSoundChannel.java:22)
	at jdk.internal.reflect.GeneratedMethodAccessor55.invoke(Unknown Source)
	at java.base/jdk.internal.reflect.DelegatingMethodAccessorImpl.invoke(DelegatingMethodAccessorImpl.java:43)
	at java.base/java.lang.reflect.Method.invoke(Method.java:569)
	at games.strategy.engine.message.unifiedmessenger.EndPoint.invokeSingle(EndPoint.java:137)
	at games.strategy.engine.message.unifiedmessenger.EndPoint.lambda$invokeMultiple$0(EndPoint.java:121)
	at java.base/java.util.stream.ReferencePipeline$3$1.accept(ReferencePipeline.java:197)
	at java.base/java.util.Spliterators$ArraySpliterator.forEachRemaining(Spliterators.java:992)
	at java.base/java.util.stream.AbstractPipeline.copyInto(AbstractPipeline.java:509)
	at java.base/java.util.stream.AbstractPipeline.wrapAndCopyInto(AbstractPipeline.java:499)
	at java.base/java.util.stream.ReduceOps$ReduceOp.evaluateSequential(ReduceOps.java:921)
	at java.base/java.util.stream.AbstractPipeline.evaluate(AbstractPipeline.java:234)
	at java.base/java.util.stream.ReferencePipeline.collect(ReferencePipeline.java:682)
	at games.strategy.engine.message.unifiedmessenger.EndPoint.invokeMultiple(EndPoint.java:122)
	at games.strategy.engine.message.unifiedmessenger.EndPoint.invokeLocal(EndPoint.java:112)
	at games.strategy.engine.message.unifiedmessenger.UnifiedMessenger.invoke(UnifiedMessenger.java:153)
	at games.strategy.engine.message.UnifiedInvocationHandler.invoke(UnifiedInvocationHandler.java:47)
	at jdk.proxy2/jdk.proxy2.$Proxy25.playSoundForAll(Unknown Source)
	at jdk.internal.reflect.GeneratedMethodAccessor54.invoke(Unknown Source)
	at java.base/jdk.internal.reflect.DelegatingMethodAccessorImpl.invoke(DelegatingMethodAccessorImpl.java:43)
	at java.base/java.lang.reflect.Method.invoke(Method.java:569)
	at games.strategy.engine.delegate.DelegateExecutionManager.lambda$newOutboundImplementation$1(DelegateExecutionManager.java:79)
	at jdk.proxy2/jdk.proxy2.$Proxy25.playSoundForAll(Unknown Source)
	at games.strategy.triplea.delegate.battle.BattleTracker.takeOver(BattleTracker.java:794)
	at games.strategy.triplea.delegate.battle.MustFightBattle.attackerWins(MustFightBattle.java:1430)
	at games.strategy.triplea.delegate.battle.MustFightBattle.endBattle(MustFightBattle.java:462)
	at games.strategy.triplea.delegate.battle.steps.change.CheckGeneralBattleEnd.execute(CheckGeneralBattleEnd.java:64)
	at games.strategy.triplea.delegate.ExecutionStack.execute(ExecutionStack.java:34)
	at games.strategy.triplea.delegate.battle.MustFightBattle.fight(MustFightBattle.java:690)
	at games.strategy.triplea.delegate.battle.BattleDelegate.fightBattle(BattleDelegate.java:243)
	at java.base/jdk.internal.reflect.NativeMethodAccessorImpl.invoke0(Native Method)
	at java.base/jdk.internal.reflect.NativeMethodAccessorImpl.invoke(NativeMethodAccessorImpl.java:77)
	at java.base/jdk.internal.reflect.DelegatingMethodAccessorImpl.invoke(DelegatingMethodAccessorImpl.java:43)
	at java.base/java.lang.reflect.Method.invoke(Method.java:569)
	at games.strategy.engine.delegate.DelegateExecutionManager$1.invoke(DelegateExecutionManager.java:120)
	at jdk.proxy2/jdk.proxy2.$Proxy13.fightBattle(Unknown Source)
	at java.base/jdk.internal.reflect.NativeMethodAccessorImpl.invoke0(Native Method)
	at java.base/jdk.internal.reflect.NativeMethodAccessorImpl.invoke(NativeMethodAccessorImpl.java:77)
	at java.base/jdk.internal.reflect.DelegatingMethodAccessorImpl.invoke(DelegatingMethodAccessorImpl.java:43)
	at java.base/java.lang.reflect.Method.invoke(Method.java:569)
	at games.strategy.engine.message.unifiedmessenger.EndPoint.invokeSingle(EndPoint.java:137)
	at games.strategy.engine.message.unifiedmessenger.EndPoint.lambda$invokeMultiple$0(EndPoint.java:121)
	at java.base/java.util.stream.ReferencePipeline$3$1.accept(ReferencePipeline.java:197)
	at java.base/java.util.Spliterators$ArraySpliterator.forEachRemaining(Spliterators.java:992)
	at java.base/java.util.stream.AbstractPipeline.copyInto(AbstractPipeline.java:509)
	at java.base/java.util.stream.AbstractPipeline.wrapAndCopyInto(AbstractPipeline.java:499)
	at java.base/java.util.stream.ReduceOps$ReduceOp.evaluateSequential(ReduceOps.java:921)
	at java.base/java.util.stream.AbstractPipeline.evaluate(AbstractPipeline.java:234)
	at java.base/java.util.stream.ReferencePipeline.collect(ReferencePipeline.java:682)
	at games.strategy.engine.message.unifiedmessenger.EndPoint.invokeMultiple(EndPoint.java:122)
	at games.strategy.engine.message.unifiedmessenger.EndPoint.invokeLocal(EndPoint.java:112)
	at games.strategy.engine.message.unifiedmessenger.UnifiedMessenger.invokeAndWait(UnifiedMessenger.java:97)
	at games.strategy.engine.message.UnifiedInvocationHandler.invoke(UnifiedInvocationHandler.java:55)
	at jdk.proxy2/jdk.proxy2.$Proxy13.fightBattle(Unknown Source)
	at java.base/jdk.internal.reflect.NativeMethodAccessorImpl.invoke0(Native Method)
	at java.base/jdk.internal.reflect.NativeMethodAccessorImpl.invoke(NativeMethodAccessorImpl.java:77)
	at java.base/jdk.internal.reflect.DelegatingMethodAccessorImpl.invoke(DelegatingMethodAccessorImpl.java:43)
	at java.base/java.lang.reflect.Method.invoke(Method.java:569)
	at games.strategy.engine.player.PlayerBridge$GameOverInvocationHandler.invoke(PlayerBridge.java:151)
	at jdk.proxy2/jdk.proxy2.$Proxy13.fightBattle(Unknown Source)
	at games.strategy.triplea.ai.AbstractAi.battle(AbstractAi.java:618)
	at games.strategy.triplea.ai.AbstractAi.start(AbstractAi.java:525)
	at games.strategy.engine.framework.ServerGame.waitForPlayerToFinishStep(ServerGame.java:648)
	at games.strategy.engine.framework.ServerGame.runStep(ServerGame.java:478)
	at games.strategy.engine.framework.ServerGame.runNextStep(ServerGame.java:365)
	at games.strategy.engine.framework.ServerGame.startGame(ServerGame.java:333)
	at games.strategy.engine.framework.startup.launcher.LocalLauncher.launchInternal(LocalLauncher.java:92)
	at games.strategy.engine.framework.startup.launcher.LocalLauncher.lambda$launch$0(LocalLauncher.java:60)
	at java.base/java.lang.Thread.run(Thread.java:840)
190054 18:21:31.745 [Thread-8] INFO  org.triplea.sound.ClipPlayer - Unable to create audio device, is there audio on the system? Cannot create AudioDevice
javazoom.jl.decoder.JavaLayerException: Cannot create AudioDevice
	at javazoom.jl.player.FactoryRegistry.createAudioDevice(FactoryRegistry.java:97)
	at org.triplea.sound.ClipPlayer.hasAudio(ClipPlayer.java:144)
	at org.triplea.sound.ClipPlayer.isSoundEnabled(ClipPlayer.java:251)
	at org.triplea.sound.ClipPlayer.play(ClipPlayer.java:220)
	at org.triplea.sound.DefaultSoundChannel.playSoundForAll(DefaultSoundChannel.java:22)
	at jdk.internal.reflect.GeneratedMethodAccessor55.invoke(Unknown Source)
	at java.base/jdk.internal.reflect.DelegatingMethodAccessorImpl.invoke(DelegatingMethodAccessorImpl.java:43)
	at java.base/java.lang.reflect.Method.invoke(Method.java:569)
	at games.strategy.engine.message.unifiedmessenger.EndPoint.invokeSingle(EndPoint.java:137)
	at games.strategy.engine.message.unifiedmessenger.EndPoint.lambda$invokeMultiple$0(EndPoint.java:121)
	at java.base/java.util.stream.ReferencePipeline$3$1.accept(ReferencePipeline.java:197)
	at java.base/java.util.Spliterators$ArraySpliterator.forEachRemaining(Spliterators.java:992)
	at java.base/java.util.stream.AbstractPipeline.copyInto(AbstractPipeline.java:509)
	at java.base/java.util.stream.AbstractPipeline.wrapAndCopyInto(AbstractPipeline.java:499)
	at java.base/java.util.stream.ReduceOps$ReduceOp.evaluateSequential(ReduceOps.java:921)
	at java.base/java.util.stream.AbstractPipeline.evaluate(AbstractPipeline.java:234)
	at java.base/java.util.stream.ReferencePipeline.collect(ReferencePipeline.java:682)
	at games.strategy.engine.message.unifiedmessenger.EndPoint.invokeMultiple(EndPoint.java:122)
	at games.strategy.engine.message.unifiedmessenger.EndPoint.invokeLocal(EndPoint.java:112)
	at games.strategy.engine.message.unifiedmessenger.UnifiedMessenger.invoke(UnifiedMessenger.java:153)
	at games.strategy.engine.message.UnifiedInvocationHandler.invoke(UnifiedInvocationHandler.java:47)
	at jdk.proxy2/jdk.proxy2.$Proxy25.playSoundForAll(Unknown Source)
	at jdk.internal.reflect.GeneratedMethodAccessor54.invoke(Unknown Source)
	at java.base/jdk.internal.reflect.DelegatingMethodAccessorImpl.invoke(DelegatingMethodAccessorImpl.java:43)
	at java.base/java.lang.reflect.Method.invoke(Method.java:569)
	at games.strategy.engine.delegate.DelegateExecutionManager.lambda$newOutboundImplementation$1(DelegateExecutionManager.java:79)
	at jdk.proxy2/jdk.proxy2.$Proxy25.playSoundForAll(Unknown Source)
	at org.triplea.sound.SoundUtils.playBattleType(SoundUtils.java:42)
	at games.strategy.triplea.delegate.battle.MustFightBattle.fight(MustFightBattle.java:686)
	at games.strategy.triplea.delegate.battle.BattleDelegate.fightBattle(BattleDelegate.java:243)
	at java.base/jdk.internal.reflect.NativeMethodAccessorImpl.invoke0(Native Method)
	at java.base/jdk.internal.reflect.NativeMethodAccessorImpl.invoke(NativeMethodAccessorImpl.java:77)
	at java.base/jdk.internal.reflect.DelegatingMethodAccessorImpl.invoke(DelegatingMethodAccessorImpl.java:43)
	at java.base/java.lang.reflect.Method.invoke(Method.java:569)
	at games.strategy.engine.delegate.DelegateExecutionManager$1.invoke(DelegateExecutionManager.java:120)
	at jdk.proxy2/jdk.proxy2.$Proxy13.fightBattle(Unknown Source)
	at java.base/jdk.internal.reflect.NativeMethodAccessorImpl.invoke0(Native Method)
	at java.base/jdk.internal.reflect.NativeMethodAccessorImpl.invoke(NativeMethodAccessorImpl.java:77)
	at java.base/jdk.internal.reflect.DelegatingMethodAccessorImpl.invoke(DelegatingMethodAccessorImpl.java:43)
	at java.base/java.lang.reflect.Method.invoke(Method.java:569)
	at games.strategy.engine.message.unifiedmessenger.EndPoint.invokeSingle(EndPoint.java:137)
	at games.strategy.engine.message.unifiedmessenger.EndPoint.lambda$invokeMultiple$0(EndPoint.java:121)
	at java.base/java.util.stream.ReferencePipeline$3$1.accept(ReferencePipeline.java:197)
	at java.base/java.util.Spliterators$ArraySpliterator.forEachRemaining(Spliterators.java:992)
	at java.base/java.util.stream.AbstractPipeline.copyInto(AbstractPipeline.java:509)
	at java.base/java.util.stream.AbstractPipeline.wrapAndCopyInto(AbstractPipeline.java:499)
	at java.base/java.util.stream.ReduceOps$ReduceOp.evaluateSequential(ReduceOps.java:921)
	at java.base/java.util.stream.AbstractPipeline.evaluate(AbstractPipeline.java:234)
	at java.base/java.util.stream.ReferencePipeline.collect(ReferencePipeline.java:682)
	at games.strategy.engine.message.unifiedmessenger.EndPoint.invokeMultiple(EndPoint.java:122)
	at games.strategy.engine.message.unifiedmessenger.EndPoint.invokeLocal(EndPoint.java:112)
	at games.strategy.engine.message.unifiedmessenger.UnifiedMessenger.invokeAndWait(UnifiedMessenger.java:97)
	at games.strategy.engine.message.UnifiedInvocationHandler.invoke(UnifiedInvocationHandler.java:55)
	at jdk.proxy2/jdk.proxy2.$Proxy13.fightBattle(Unknown Source)
	at java.base/jdk.internal.reflect.NativeMethodAccessorImpl.invoke0(Native Method)
	at java.base/jdk.internal.reflect.NativeMethodAccessorImpl.invoke(NativeMethodAccessorImpl.java:77)
	at java.base/jdk.internal.reflect.DelegatingMethodAccessorImpl.invoke(DelegatingMethodAccessorImpl.java:43)
	at java.base/java.lang.reflect.Method.invoke(Method.java:569)
	at games.strategy.engine.player.PlayerBridge$GameOverInvocationHandler.invoke(PlayerBridge.java:151)
	at jdk.proxy2/jdk.proxy2.$Proxy13.fightBattle(Unknown Source)
	at games.strategy.triplea.ai.AbstractAi.battle(AbstractAi.java:618)
	at games.strategy.triplea.ai.AbstractAi.start(AbstractAi.java:525)
	at games.strategy.engine.framework.ServerGame.waitForPlayerToFinishStep(ServerGame.java:648)
	at games.strategy.engine.framework.ServerGame.runStep(ServerGame.java:478)
	at games.strategy.engine.framework.ServerGame.runNextStep(ServerGame.java:365)
	at games.strategy.engine.framework.ServerGame.startGame(ServerGame.java:333)
	at games.strategy.engine.framework.startup.launcher.LocalLauncher.launchInternal(LocalLauncher.java:92)
	at games.strategy.engine.framework.startup.launcher.LocalLauncher.lambda$launch$0(LocalLauncher.java:60)
	at java.base/java.lang.Thread.run(Thread.java:840)
192254 18:21:33.945 [Thread-8] INFO  org.triplea.sound.ClipPlayer - Unable to create audio device, is there audio on the system? Cannot create AudioDevice
javazoom.jl.decoder.JavaLayerException: Cannot create AudioDevice
	at javazoom.jl.player.FactoryRegistry.createAudioDevice(FactoryRegistry.java:97)
	at org.triplea.sound.ClipPlayer.hasAudio(ClipPlayer.java:144)
	at org.triplea.sound.ClipPlayer.isSoundEnabled(ClipPlayer.java:251)
	at org.triplea.sound.ClipPlayer.play(ClipPlayer.java:220)
	at org.triplea.sound.DefaultSoundChannel.playSoundForAll(DefaultSoundChannel.java:22)
	at jdk.internal.reflect.GeneratedMethodAccessor55.invoke(Unknown Source)
	at java.base/jdk.internal.reflect.DelegatingMethodAccessorImpl.invoke(DelegatingMethodAccessorImpl.java:43)
	at java.base/java.lang.reflect.Method.invoke(Method.java:569)
	at games.strategy.engine.message.unifiedmessenger.EndPoint.invokeSingle(EndPoint.java:137)
	at games.strategy.engine.message.unifiedmessenger.EndPoint.lambda$invokeMultiple$0(EndPoint.java:121)
	at java.base/java.util.stream.ReferencePipeline$3$1.accept(ReferencePipeline.java:197)
	at java.base/java.util.Spliterators$ArraySpliterator.forEachRemaining(Spliterators.java:992)
	at java.base/java.util.stream.AbstractPipeline.copyInto(AbstractPipeline.java:509)
	at java.base/java.util.stream.AbstractPipeline.wrapAndCopyInto(AbstractPipeline.java:499)
	at java.base/java.util.stream.ReduceOps$ReduceOp.evaluateSequential(ReduceOps.java:921)
	at java.base/java.util.stream.AbstractPipeline.evaluate(AbstractPipeline.java:234)
	at java.base/java.util.stream.ReferencePipeline.collect(ReferencePipeline.java:682)
	at games.strategy.engine.message.unifiedmessenger.EndPoint.invokeMultiple(EndPoint.java:122)
	at games.strategy.engine.message.unifiedmessenger.EndPoint.invokeLocal(EndPoint.java:112)
	at games.strategy.engine.message.unifiedmessenger.UnifiedMessenger.invoke(UnifiedMessenger.java:153)
	at games.strategy.engine.message.UnifiedInvocationHandler.invoke(UnifiedInvocationHandler.java:47)
	at jdk.proxy2/jdk.proxy2.$Proxy25.playSoundForAll(Unknown Source)
	at jdk.internal.reflect.GeneratedMethodAccessor54.invoke(Unknown Source)
	at java.base/jdk.internal.reflect.DelegatingMethodAccessorImpl.invoke(DelegatingMethodAccessorImpl.java:43)
	at java.base/java.lang.reflect.Method.invoke(Method.java:569)
	at games.strategy.engine.delegate.DelegateExecutionManager.lambda$newOutboundImplementation$1(DelegateExecutionManager.java:79)
	at jdk.proxy2/jdk.proxy2.$Proxy25.playSoundForAll(Unknown Source)
	at org.triplea.sound.SoundUtils.playRetreatType(SoundUtils.java:110)
	at games.strategy.triplea.delegate.battle.steps.retreat.OffensiveGeneralRetreat.retreat(OffensiveGeneralRetreat.java:165)
	at games.strategy.triplea.delegate.battle.steps.retreat.OffensiveGeneralRetreat.lambda$retreatUnits$0(OffensiveGeneralRetreat.java:136)
	at java.base/java.util.Optional.ifPresent(Optional.java:178)
	at games.strategy.triplea.delegate.battle.steps.retreat.OffensiveGeneralRetreat.retreatUnits(OffensiveGeneralRetreat.java:136)
	at games.strategy.triplea.delegate.battle.steps.retreat.OffensiveGeneralRetreat.execute(OffensiveGeneralRetreat.java:93)
	at games.strategy.triplea.delegate.ExecutionStack.execute(ExecutionStack.java:34)
	at games.strategy.triplea.delegate.battle.MustFightBattle.fight(MustFightBattle.java:690)
	at games.strategy.triplea.delegate.battle.BattleDelegate.fightBattle(BattleDelegate.java:243)
	at java.base/jdk.internal.reflect.NativeMethodAccessorImpl.invoke0(Native Method)
	at java.base/jdk.internal.reflect.NativeMethodAccessorImpl.invoke(NativeMethodAccessorImpl.java:77)
	at java.base/jdk.internal.reflect.DelegatingMethodAccessorImpl.invoke(DelegatingMethodAccessorImpl.java:43)
	at java.base/java.lang.reflect.Method.invoke(Method.java:569)
	at games.strategy.engine.delegate.DelegateExecutionManager$1.invoke(DelegateExecutionManager.java:120)
	at jdk.proxy2/jdk.proxy2.$Proxy13.fightBattle(Unknown Source)
	at java.base/jdk.internal.reflect.NativeMethodAccessorImpl.invoke0(Native Method)
	at java.base/jdk.internal.reflect.NativeMethodAccessorImpl.invoke(NativeMethodAccessorImpl.java:77)
	at java.base/jdk.internal.reflect.DelegatingMethodAccessorImpl.invoke(DelegatingMethodAccessorImpl.java:43)
	at java.base/java.lang.reflect.Method.invoke(Method.java:569)
	at games.strategy.engine.message.unifiedmessenger.EndPoint.invokeSingle(EndPoint.java:137)
	at games.strategy.engine.message.unifiedmessenger.EndPoint.lambda$invokeMultiple$0(EndPoint.java:121)
	at java.base/java.util.stream.ReferencePipeline$3$1.accept(ReferencePipeline.java:197)
	at java.base/java.util.Spliterators$ArraySpliterator.forEachRemaining(Spliterators.java:992)
	at java.base/java.util.stream.AbstractPipeline.copyInto(AbstractPipeline.java:509)
	at java.base/java.util.stream.AbstractPipeline.wrapAndCopyInto(AbstractPipeline.java:499)
	at java.base/java.util.stream.ReduceOps$ReduceOp.evaluateSequential(ReduceOps.java:921)
	at java.base/java.util.stream.AbstractPipeline.evaluate(AbstractPipeline.java:234)
	at java.base/java.util.stream.ReferencePipeline.collect(ReferencePipeline.java:682)
	at games.strategy.engine.message.unifiedmessenger.EndPoint.invokeMultiple(EndPoint.java:122)
	at games.strategy.engine.message.unifiedmessenger.EndPoint.invokeLocal(EndPoint.java:112)
	at games.strategy.engine.message.unifiedmessenger.UnifiedMessenger.invokeAndWait(UnifiedMessenger.java:97)
	at games.strategy.engine.message.UnifiedInvocationHandler.invoke(UnifiedInvocationHandler.java:55)
	at jdk.proxy2/jdk.proxy2.$Proxy13.fightBattle(Unknown Source)
	at java.base/jdk.internal.reflect.NativeMethodAccessorImpl.invoke0(Native Method)
	at java.base/jdk.internal.reflect.NativeMethodAccessorImpl.invoke(NativeMethodAccessorImpl.java:77)
	at java.base/jdk.internal.reflect.DelegatingMethodAccessorImpl.invoke(DelegatingMethodAccessorImpl.java:43)
	at java.base/java.lang.reflect.Method.invoke(Method.java:569)
	at games.strategy.engine.player.PlayerBridge$GameOverInvocationHandler.invoke(PlayerBridge.java:151)
	at jdk.proxy2/jdk.proxy2.$Proxy13.fightBattle(Unknown Source)
	at games.strategy.triplea.ai.AbstractAi.battle(AbstractAi.java:618)
	at games.strategy.triplea.ai.AbstractAi.start(AbstractAi.java:525)
	at games.strategy.engine.framework.ServerGame.waitForPlayerToFinishStep(ServerGame.java:648)
	at games.strategy.engine.framework.ServerGame.runStep(ServerGame.java:478)
	at games.strategy.engine.framework.ServerGame.runNextStep(ServerGame.java:365)
	at games.strategy.engine.framework.ServerGame.startGame(ServerGame.java:333)
	at games.strategy.engine.framework.startup.launcher.LocalLauncher.launchInternal(LocalLauncher.java:92)
	at games.strategy.engine.framework.startup.launcher.LocalLauncher.lambda$launch$0(LocalLauncher.java:60)
	at java.base/java.lang.Thread.run(Thread.java:840)
192359 18:21:34.050 [Thread-8] INFO  org.triplea.sound.ClipPlayer - Unable to create audio device, is there audio on the system? Cannot create AudioDevice
javazoom.jl.decoder.JavaLayerException: Cannot create AudioDevice
	at javazoom.jl.player.FactoryRegistry.createAudioDevice(FactoryRegistry.java:97)
	at org.triplea.sound.ClipPlayer.hasAudio(ClipPlayer.java:144)
	at org.triplea.sound.ClipPlayer.isSoundEnabled(ClipPlayer.java:251)
	at org.triplea.sound.ClipPlayer.play(ClipPlayer.java:220)
	at org.triplea.sound.DefaultSoundChannel.playSoundForAll(DefaultSoundChannel.java:22)
	at jdk.internal.reflect.GeneratedMethodAccessor55.invoke(Unknown Source)
	at java.base/jdk.internal.reflect.DelegatingMethodAccessorImpl.invoke(DelegatingMethodAccessorImpl.java:43)
	at java.base/java.lang.reflect.Method.invoke(Method.java:569)
	at games.strategy.engine.message.unifiedmessenger.EndPoint.invokeSingle(EndPoint.java:137)
	at games.strategy.engine.message.unifiedmessenger.EndPoint.lambda$invokeMultiple$0(EndPoint.java:121)
	at java.base/java.util.stream.ReferencePipeline$3$1.accept(ReferencePipeline.java:197)
	at java.base/java.util.Spliterators$ArraySpliterator.forEachRemaining(Spliterators.java:992)
	at java.base/java.util.stream.AbstractPipeline.copyInto(AbstractPipeline.java:509)
	at java.base/java.util.stream.AbstractPipeline.wrapAndCopyInto(AbstractPipeline.java:499)
	at java.base/java.util.stream.ReduceOps$ReduceOp.evaluateSequential(ReduceOps.java:921)
	at java.base/java.util.stream.AbstractPipeline.evaluate(AbstractPipeline.java:234)
	at java.base/java.util.stream.ReferencePipeline.collect(ReferencePipeline.java:682)
	at games.strategy.engine.message.unifiedmessenger.EndPoint.invokeMultiple(EndPoint.java:122)
	at games.strategy.engine.message.unifiedmessenger.EndPoint.invokeLocal(EndPoint.java:112)
	at games.strategy.engine.message.unifiedmessenger.UnifiedMessenger.invoke(UnifiedMessenger.java:153)
	at games.strategy.engine.message.UnifiedInvocationHandler.invoke(UnifiedInvocationHandler.java:47)
	at jdk.proxy2/jdk.proxy2.$Proxy25.playSoundForAll(Unknown Source)
	at jdk.internal.reflect.GeneratedMethodAccessor54.invoke(Unknown Source)
	at java.base/jdk.internal.reflect.DelegatingMethodAccessorImpl.invoke(DelegatingMethodAccessorImpl.java:43)
	at java.base/java.lang.reflect.Method.invoke(Method.java:569)
	at games.strategy.engine.delegate.DelegateExecutionManager.lambda$newOutboundImplementation$1(DelegateExecutionManager.java:79)
	at jdk.proxy2/jdk.proxy2.$Proxy25.playSoundForAll(Unknown Source)
	at games.strategy.triplea.delegate.battle.MustFightBattle.defenderWins(MustFightBattle.java:1386)
	at games.strategy.triplea.delegate.battle.MustFightBattle.endBattle(MustFightBattle.java:465)
	at games.strategy.triplea.delegate.battle.steps.retreat.OffensiveGeneralRetreat.retreat(OffensiveGeneralRetreat.java:180)
	at games.strategy.triplea.delegate.battle.steps.retreat.OffensiveGeneralRetreat.lambda$retreatUnits$0(OffensiveGeneralRetreat.java:136)
	at java.base/java.util.Optional.ifPresent(Optional.java:178)
	at games.strategy.triplea.delegate.battle.steps.retreat.OffensiveGeneralRetreat.retreatUnits(OffensiveGeneralRetreat.java:136)
	at games.strategy.triplea.delegate.battle.steps.retreat.OffensiveGeneralRetreat.execute(OffensiveGeneralRetreat.java:93)
	at games.strategy.triplea.delegate.ExecutionStack.execute(ExecutionStack.java:34)
	at games.strategy.triplea.delegate.battle.MustFightBattle.fight(MustFightBattle.java:690)
	at games.strategy.triplea.delegate.battle.BattleDelegate.fightBattle(BattleDelegate.java:243)
	at java.base/jdk.internal.reflect.NativeMethodAccessorImpl.invoke0(Native Method)
	at java.base/jdk.internal.reflect.NativeMethodAccessorImpl.invoke(NativeMethodAccessorImpl.java:77)
	at java.base/jdk.internal.reflect.DelegatingMethodAccessorImpl.invoke(DelegatingMethodAccessorImpl.java:43)
	at java.base/java.lang.reflect.Method.invoke(Method.java:569)
	at games.strategy.engine.delegate.DelegateExecutionManager$1.invoke(DelegateExecutionManager.java:120)
	at jdk.proxy2/jdk.proxy2.$Proxy13.fightBattle(Unknown Source)
	at java.base/jdk.internal.reflect.NativeMethodAccessorImpl.invoke0(Native Method)
	at java.base/jdk.internal.reflect.NativeMethodAccessorImpl.invoke(NativeMethodAccessorImpl.java:77)
	at java.base/jdk.internal.reflect.DelegatingMethodAccessorImpl.invoke(DelegatingMethodAccessorImpl.java:43)
	at java.base/java.lang.reflect.Method.invoke(Method.java:569)
	at games.strategy.engine.message.unifiedmessenger.EndPoint.invokeSingle(EndPoint.java:137)
	at games.strategy.engine.message.unifiedmessenger.EndPoint.lambda$invokeMultiple$0(EndPoint.java:121)
	at java.base/java.util.stream.ReferencePipeline$3$1.accept(ReferencePipeline.java:197)
	at java.base/java.util.Spliterators$ArraySpliterator.forEachRemaining(Spliterators.java:992)
	at java.base/java.util.stream.AbstractPipeline.copyInto(AbstractPipeline.java:509)
	at java.base/java.util.stream.AbstractPipeline.wrapAndCopyInto(AbstractPipeline.java:499)
	at java.base/java.util.stream.ReduceOps$ReduceOp.evaluateSequential(ReduceOps.java:921)
	at java.base/java.util.stream.AbstractPipeline.evaluate(AbstractPipeline.java:234)
	at java.base/java.util.stream.ReferencePipeline.collect(ReferencePipeline.java:682)
	at games.strategy.engine.message.unifiedmessenger.EndPoint.invokeMultiple(EndPoint.java:122)
	at games.strategy.engine.message.unifiedmessenger.EndPoint.invokeLocal(EndPoint.java:112)
	at games.strategy.engine.message.unifiedmessenger.UnifiedMessenger.invokeAndWait(UnifiedMessenger.java:97)
	at games.strategy.engine.message.UnifiedInvocationHandler.invoke(UnifiedInvocationHandler.java:55)
	at jdk.proxy2/jdk.proxy2.$Proxy13.fightBattle(Unknown Source)
	at java.base/jdk.internal.reflect.NativeMethodAccessorImpl.invoke0(Native Method)
	at java.base/jdk.internal.reflect.NativeMethodAccessorImpl.invoke(NativeMethodAccessorImpl.java:77)
	at java.base/jdk.internal.reflect.DelegatingMethodAccessorImpl.invoke(DelegatingMethodAccessorImpl.java:43)
	at java.base/java.lang.reflect.Method.invoke(Method.java:569)
	at games.strategy.engine.player.PlayerBridge$GameOverInvocationHandler.invoke(PlayerBridge.java:151)
	at jdk.proxy2/jdk.proxy2.$Proxy13.fightBattle(Unknown Source)
	at games.strategy.triplea.ai.AbstractAi.battle(AbstractAi.java:618)
	at games.strategy.triplea.ai.AbstractAi.start(AbstractAi.java:525)
	at games.strategy.engine.framework.ServerGame.waitForPlayerToFinishStep(ServerGame.java:648)
	at games.strategy.engine.framework.ServerGame.runStep(ServerGame.java:478)
	at games.strategy.engine.framework.ServerGame.runNextStep(ServerGame.java:365)
	at games.strategy.engine.framework.ServerGame.startGame(ServerGame.java:333)
	at games.strategy.engine.framework.startup.launcher.LocalLauncher.launchInternal(LocalLauncher.java:92)
	at games.strategy.engine.framework.startup.launcher.LocalLauncher.lambda$launch$0(LocalLauncher.java:60)
	at java.base/java.lang.Thread.run(Thread.java:840)
193559 18:21:35.250 [Thread-8] INFO  org.triplea.sound.ClipPlayer - Unable to create audio device, is there audio on the system? Cannot create AudioDevice
javazoom.jl.decoder.JavaLayerException: Cannot create AudioDevice
	at javazoom.jl.player.FactoryRegistry.createAudioDevice(FactoryRegistry.java:97)
	at org.triplea.sound.ClipPlayer.hasAudio(ClipPlayer.java:144)
	at org.triplea.sound.ClipPlayer.isSoundEnabled(ClipPlayer.java:251)
	at org.triplea.sound.ClipPlayer.play(ClipPlayer.java:220)
	at org.triplea.sound.DefaultSoundChannel.playSoundForAll(DefaultSoundChannel.java:22)
	at jdk.internal.reflect.GeneratedMethodAccessor55.invoke(Unknown Source)
	at java.base/jdk.internal.reflect.DelegatingMethodAccessorImpl.invoke(DelegatingMethodAccessorImpl.java:43)
	at java.base/java.lang.reflect.Method.invoke(Method.java:569)
	at games.strategy.engine.message.unifiedmessenger.EndPoint.invokeSingle(EndPoint.java:137)
	at games.strategy.engine.message.unifiedmessenger.EndPoint.lambda$invokeMultiple$0(EndPoint.java:121)
	at java.base/java.util.stream.ReferencePipeline$3$1.accept(ReferencePipeline.java:197)
	at java.base/java.util.Spliterators$ArraySpliterator.forEachRemaining(Spliterators.java:992)
	at java.base/java.util.stream.AbstractPipeline.copyInto(AbstractPipeline.java:509)
	at java.base/java.util.stream.AbstractPipeline.wrapAndCopyInto(AbstractPipeline.java:499)
	at java.base/java.util.stream.ReduceOps$ReduceOp.evaluateSequential(ReduceOps.java:921)
	at java.base/java.util.stream.AbstractPipeline.evaluate(AbstractPipeline.java:234)
	at java.base/java.util.stream.ReferencePipeline.collect(ReferencePipeline.java:682)
	at games.strategy.engine.message.unifiedmessenger.EndPoint.invokeMultiple(EndPoint.java:122)
	at games.strategy.engine.message.unifiedmessenger.EndPoint.invokeLocal(EndPoint.java:112)
	at games.strategy.engine.message.unifiedmessenger.UnifiedMessenger.invoke(UnifiedMessenger.java:153)
	at games.strategy.engine.message.UnifiedInvocationHandler.invoke(UnifiedInvocationHandler.java:47)
	at jdk.proxy2/jdk.proxy2.$Proxy25.playSoundForAll(Unknown Source)
	at jdk.internal.reflect.GeneratedMethodAccessor54.invoke(Unknown Source)
	at java.base/jdk.internal.reflect.DelegatingMethodAccessorImpl.invoke(DelegatingMethodAccessorImpl.java:43)
	at java.base/java.lang.reflect.Method.invoke(Method.java:569)
	at games.strategy.engine.delegate.DelegateExecutionManager.lambda$newOutboundImplementation$1(DelegateExecutionManager.java:79)
	at jdk.proxy2/jdk.proxy2.$Proxy25.playSoundForAll(Unknown Source)
	at games.strategy.triplea.delegate.AbstractPlaceDelegate.placeUnits(AbstractPlaceDelegate.java:302)
	at games.strategy.triplea.delegate.AbstractPlaceDelegate.placeUnits(AbstractPlaceDelegate.java:201)
	at jdk.internal.reflect.GeneratedMethodAccessor42.invoke(Unknown Source)
	at java.base/jdk.internal.reflect.DelegatingMethodAccessorImpl.invoke(DelegatingMethodAccessorImpl.java:43)
	at java.base/java.lang.reflect.Method.invoke(Method.java:569)
	at games.strategy.engine.delegate.DelegateExecutionManager$1.invoke(DelegateExecutionManager.java:120)
	at jdk.proxy2/jdk.proxy2.$Proxy16.placeUnits(Unknown Source)
	at jdk.internal.reflect.GeneratedMethodAccessor61.invoke(Unknown Source)
	at java.base/jdk.internal.reflect.DelegatingMethodAccessorImpl.invoke(DelegatingMethodAccessorImpl.java:43)
	at java.base/java.lang.reflect.Method.invoke(Method.java:569)
	at games.strategy.engine.message.unifiedmessenger.EndPoint.invokeSingle(EndPoint.java:137)
	at games.strategy.engine.message.unifiedmessenger.EndPoint.lambda$invokeMultiple$0(EndPoint.java:121)
	at java.base/java.util.stream.ReferencePipeline$3$1.accept(ReferencePipeline.java:197)
	at java.base/java.util.Spliterators$ArraySpliterator.forEachRemaining(Spliterators.java:992)
	at java.base/java.util.stream.AbstractPipeline.copyInto(AbstractPipeline.java:509)
	at java.base/java.util.stream.AbstractPipeline.wrapAndCopyInto(AbstractPipeline.java:499)
	at java.base/java.util.stream.ReduceOps$ReduceOp.evaluateSequential(ReduceOps.java:921)
	at java.base/java.util.stream.AbstractPipeline.evaluate(AbstractPipeline.java:234)
	at java.base/java.util.stream.ReferencePipeline.collect(ReferencePipeline.java:682)
	at games.strategy.engine.message.unifiedmessenger.EndPoint.invokeMultiple(EndPoint.java:122)
	at games.strategy.engine.message.unifiedmessenger.EndPoint.invokeLocal(EndPoint.java:112)
	at games.strategy.engine.message.unifiedmessenger.UnifiedMessenger.invokeAndWait(UnifiedMessenger.java:97)
	at games.strategy.engine.message.UnifiedInvocationHandler.invoke(UnifiedInvocationHandler.java:55)
	at jdk.proxy2/jdk.proxy2.$Proxy16.placeUnits(Unknown Source)
	at jdk.internal.reflect.GeneratedMethodAccessor42.invoke(Unknown Source)
	at java.base/jdk.internal.reflect.DelegatingMethodAccessorImpl.invoke(DelegatingMethodAccessorImpl.java:43)
	at java.base/java.lang.reflect.Method.invoke(Method.java:569)
	at games.strategy.engine.player.PlayerBridge$GameOverInvocationHandler.invoke(PlayerBridge.java:151)
	at jdk.proxy2/jdk.proxy2.$Proxy16.placeUnits(Unknown Source)
	at games.strategy.triplea.ai.tripleMind.ProPurchaseAi.doPlace(ProPurchaseAi.java:2627)
	at games.strategy.triplea.ai.tripleMind.ProPurchaseAi.placeUnits(ProPurchaseAi.java:2545)
	at games.strategy.triplea.ai.tripleMind.ProPurchaseAi.place(ProPurchaseAi.java:562)
	at games.strategy.triplea.ai.tripleMind.AbstractTripleMindAi.place(AbstractTripleMindAi.java:380)
	at games.strategy.triplea.ai.AbstractAi.start(AbstractAi.java:531)
	at games.strategy.engine.framework.ServerGame.waitForPlayerToFinishStep(ServerGame.java:648)
	at games.strategy.engine.framework.ServerGame.runStep(ServerGame.java:478)
	at games.strategy.engine.framework.ServerGame.runNextStep(ServerGame.java:365)
	at games.strategy.engine.framework.ServerGame.startGame(ServerGame.java:333)
	at games.strategy.engine.framework.startup.launcher.LocalLauncher.launchInternal(LocalLauncher.java:92)
	at games.strategy.engine.framework.startup.launcher.LocalLauncher.lambda$launch$0(LocalLauncher.java:60)
	at java.base/java.lang.Thread.run(Thread.java:840)
193697 18:21:35.388 [Thread-8] INFO  org.triplea.sound.ClipPlayer - Unable to create audio device, is there audio on the system? Cannot create AudioDevice
javazoom.jl.decoder.JavaLayerException: Cannot create AudioDevice
	at javazoom.jl.player.FactoryRegistry.createAudioDevice(FactoryRegistry.java:97)
	at org.triplea.sound.ClipPlayer.hasAudio(ClipPlayer.java:144)
	at org.triplea.sound.ClipPlayer.isSoundEnabled(ClipPlayer.java:251)
	at org.triplea.sound.ClipPlayer.play(ClipPlayer.java:220)
	at org.triplea.sound.DefaultSoundChannel.playSoundForAll(DefaultSoundChannel.java:22)
	at jdk.internal.reflect.GeneratedMethodAccessor55.invoke(Unknown Source)
	at java.base/jdk.internal.reflect.DelegatingMethodAccessorImpl.invoke(DelegatingMethodAccessorImpl.java:43)
	at java.base/java.lang.reflect.Method.invoke(Method.java:569)
	at games.strategy.engine.message.unifiedmessenger.EndPoint.invokeSingle(EndPoint.java:137)
	at games.strategy.engine.message.unifiedmessenger.EndPoint.lambda$invokeMultiple$0(EndPoint.java:121)
	at java.base/java.util.stream.ReferencePipeline$3$1.accept(ReferencePipeline.java:197)
	at java.base/java.util.Spliterators$ArraySpliterator.forEachRemaining(Spliterators.java:992)
	at java.base/java.util.stream.AbstractPipeline.copyInto(AbstractPipeline.java:509)
	at java.base/java.util.stream.AbstractPipeline.wrapAndCopyInto(AbstractPipeline.java:499)
	at java.base/java.util.stream.ReduceOps$ReduceOp.evaluateSequential(ReduceOps.java:921)
	at java.base/java.util.stream.AbstractPipeline.evaluate(AbstractPipeline.java:234)
	at java.base/java.util.stream.ReferencePipeline.collect(ReferencePipeline.java:682)
	at games.strategy.engine.message.unifiedmessenger.EndPoint.invokeMultiple(EndPoint.java:122)
	at games.strategy.engine.message.unifiedmessenger.EndPoint.invokeLocal(EndPoint.java:112)
	at games.strategy.engine.message.unifiedmessenger.UnifiedMessenger.invoke(UnifiedMessenger.java:153)
	at games.strategy.engine.message.UnifiedInvocationHandler.invoke(UnifiedInvocationHandler.java:47)
	at jdk.proxy2/jdk.proxy2.$Proxy25.playSoundForAll(Unknown Source)
	at jdk.internal.reflect.GeneratedMethodAccessor54.invoke(Unknown Source)
	at java.base/jdk.internal.reflect.DelegatingMethodAccessorImpl.invoke(DelegatingMethodAccessorImpl.java:43)
	at java.base/java.lang.reflect.Method.invoke(Method.java:569)
	at games.strategy.engine.delegate.DelegateExecutionManager.lambda$newOutboundImplementation$1(DelegateExecutionManager.java:79)
	at jdk.proxy2/jdk.proxy2.$Proxy25.playSoundForAll(Unknown Source)
	at games.strategy.triplea.delegate.AbstractPlaceDelegate.placeUnits(AbstractPlaceDelegate.java:302)
	at games.strategy.triplea.delegate.AbstractPlaceDelegate.placeUnits(AbstractPlaceDelegate.java:201)
	at jdk.internal.reflect.GeneratedMethodAccessor42.invoke(Unknown Source)
	at java.base/jdk.internal.reflect.DelegatingMethodAccessorImpl.invoke(DelegatingMethodAccessorImpl.java:43)
	at java.base/java.lang.reflect.Method.invoke(Method.java:569)
	at games.strategy.engine.delegate.DelegateExecutionManager$1.invoke(DelegateExecutionManager.java:120)
	at jdk.proxy2/jdk.proxy2.$Proxy16.placeUnits(Unknown Source)
	at jdk.internal.reflect.GeneratedMethodAccessor61.invoke(Unknown Source)
	at java.base/jdk.internal.reflect.DelegatingMethodAccessorImpl.invoke(DelegatingMethodAccessorImpl.java:43)
	at java.base/java.lang.reflect.Method.invoke(Method.java:569)
	at games.strategy.engine.message.unifiedmessenger.EndPoint.invokeSingle(EndPoint.java:137)
	at games.strategy.engine.message.unifiedmessenger.EndPoint.lambda$invokeMultiple$0(EndPoint.java:121)
	at java.base/java.util.stream.ReferencePipeline$3$1.accept(ReferencePipeline.java:197)
	at java.base/java.util.Spliterators$ArraySpliterator.forEachRemaining(Spliterators.java:992)
	at java.base/java.util.stream.AbstractPipeline.copyInto(AbstractPipeline.java:509)
	at java.base/java.util.stream.AbstractPipeline.wrapAndCopyInto(AbstractPipeline.java:499)
	at java.base/java.util.stream.ReduceOps$ReduceOp.evaluateSequential(ReduceOps.java:921)
	at java.base/java.util.stream.AbstractPipeline.evaluate(AbstractPipeline.java:234)
	at java.base/java.util.stream.ReferencePipeline.collect(ReferencePipeline.java:682)
	at games.strategy.engine.message.unifiedmessenger.EndPoint.invokeMultiple(EndPoint.java:122)
	at games.strategy.engine.message.unifiedmessenger.EndPoint.invokeLocal(EndPoint.java:112)
	at games.strategy.engine.message.unifiedmessenger.UnifiedMessenger.invokeAndWait(UnifiedMessenger.java:97)
	at games.strategy.engine.message.UnifiedInvocationHandler.invoke(UnifiedInvocationHandler.java:55)
	at jdk.proxy2/jdk.proxy2.$Proxy16.placeUnits(Unknown Source)
	at jdk.internal.reflect.GeneratedMethodAccessor42.invoke(Unknown Source)
	at java.base/jdk.internal.reflect.DelegatingMethodAccessorImpl.invoke(DelegatingMethodAccessorImpl.java:43)
	at java.base/java.lang.reflect.Method.invoke(Method.java:569)
	at games.strategy.engine.player.PlayerBridge$GameOverInvocationHandler.invoke(PlayerBridge.java:151)
	at jdk.proxy2/jdk.proxy2.$Proxy16.placeUnits(Unknown Source)
	at games.strategy.triplea.ai.tripleMind.ProPurchaseAi.doPlace(ProPurchaseAi.java:2627)
	at games.strategy.triplea.ai.tripleMind.ProPurchaseAi.placeUnits(ProPurchaseAi.java:2545)
	at games.strategy.triplea.ai.tripleMind.ProPurchaseAi.place(ProPurchaseAi.java:562)
	at games.strategy.triplea.ai.tripleMind.AbstractTripleMindAi.place(AbstractTripleMindAi.java:380)
	at games.strategy.triplea.ai.AbstractAi.start(AbstractAi.java:531)
	at games.strategy.engine.framework.ServerGame.waitForPlayerToFinishStep(ServerGame.java:648)
	at games.strategy.engine.framework.ServerGame.runStep(ServerGame.java:478)
	at games.strategy.engine.framework.ServerGame.runNextStep(ServerGame.java:365)
	at games.strategy.engine.framework.ServerGame.startGame(ServerGame.java:333)
	at games.strategy.engine.framework.startup.launcher.LocalLauncher.launchInternal(LocalLauncher.java:92)
	at games.strategy.engine.framework.startup.launcher.LocalLauncher.lambda$launch$0(LocalLauncher.java:60)
	at java.base/java.lang.Thread.run(Thread.java:840)
193828 18:21:35.519 [Thread-8] INFO  org.triplea.sound.ClipPlayer - Unable to create audio device, is there audio on the system? Cannot create AudioDevice
javazoom.jl.decoder.JavaLayerException: Cannot create AudioDevice
	at javazoom.jl.player.FactoryRegistry.createAudioDevice(FactoryRegistry.java:97)
	at org.triplea.sound.ClipPlayer.hasAudio(ClipPlayer.java:144)
	at org.triplea.sound.ClipPlayer.isSoundEnabled(ClipPlayer.java:251)
	at org.triplea.sound.ClipPlayer.play(ClipPlayer.java:220)
	at org.triplea.sound.DefaultSoundChannel.playSoundForAll(DefaultSoundChannel.java:22)
	at jdk.internal.reflect.GeneratedMethodAccessor55.invoke(Unknown Source)
	at java.base/jdk.internal.reflect.DelegatingMethodAccessorImpl.invoke(DelegatingMethodAccessorImpl.java:43)
	at java.base/java.lang.reflect.Method.invoke(Method.java:569)
	at games.strategy.engine.message.unifiedmessenger.EndPoint.invokeSingle(EndPoint.java:137)
	at games.strategy.engine.message.unifiedmessenger.EndPoint.lambda$invokeMultiple$0(EndPoint.java:121)
	at java.base/java.util.stream.ReferencePipeline$3$1.accept(ReferencePipeline.java:197)
	at java.base/java.util.Spliterators$ArraySpliterator.forEachRemaining(Spliterators.java:992)
	at java.base/java.util.stream.AbstractPipeline.copyInto(AbstractPipeline.java:509)
	at java.base/java.util.stream.AbstractPipeline.wrapAndCopyInto(AbstractPipeline.java:499)
	at java.base/java.util.stream.ReduceOps$ReduceOp.evaluateSequential(ReduceOps.java:921)
	at java.base/java.util.stream.AbstractPipeline.evaluate(AbstractPipeline.java:234)
	at java.base/java.util.stream.ReferencePipeline.collect(ReferencePipeline.java:682)
	at games.strategy.engine.message.unifiedmessenger.EndPoint.invokeMultiple(EndPoint.java:122)
	at games.strategy.engine.message.unifiedmessenger.EndPoint.invokeLocal(EndPoint.java:112)
	at games.strategy.engine.message.unifiedmessenger.UnifiedMessenger.invoke(UnifiedMessenger.java:153)
	at games.strategy.engine.message.UnifiedInvocationHandler.invoke(UnifiedInvocationHandler.java:47)
	at jdk.proxy2/jdk.proxy2.$Proxy25.playSoundForAll(Unknown Source)
	at jdk.internal.reflect.GeneratedMethodAccessor54.invoke(Unknown Source)
	at java.base/jdk.internal.reflect.DelegatingMethodAccessorImpl.invoke(DelegatingMethodAccessorImpl.java:43)
	at java.base/java.lang.reflect.Method.invoke(Method.java:569)
	at games.strategy.engine.delegate.DelegateExecutionManager.lambda$newOutboundImplementation$1(DelegateExecutionManager.java:79)
	at jdk.proxy2/jdk.proxy2.$Proxy25.playSoundForAll(Unknown Source)
	at games.strategy.triplea.delegate.AbstractPlaceDelegate.placeUnits(AbstractPlaceDelegate.java:302)
	at games.strategy.triplea.delegate.AbstractPlaceDelegate.placeUnits(AbstractPlaceDelegate.java:201)
	at jdk.internal.reflect.GeneratedMethodAccessor42.invoke(Unknown Source)
	at java.base/jdk.internal.reflect.DelegatingMethodAccessorImpl.invoke(DelegatingMethodAccessorImpl.java:43)
	at java.base/java.lang.reflect.Method.invoke(Method.java:569)
	at games.strategy.engine.delegate.DelegateExecutionManager$1.invoke(DelegateExecutionManager.java:120)
	at jdk.proxy2/jdk.proxy2.$Proxy16.placeUnits(Unknown Source)
	at jdk.internal.reflect.GeneratedMethodAccessor61.invoke(Unknown Source)
	at java.base/jdk.internal.reflect.DelegatingMethodAccessorImpl.invoke(DelegatingMethodAccessorImpl.java:43)
	at java.base/java.lang.reflect.Method.invoke(Method.java:569)
	at games.strategy.engine.message.unifiedmessenger.EndPoint.invokeSingle(EndPoint.java:137)
	at games.strategy.engine.message.unifiedmessenger.EndPoint.lambda$invokeMultiple$0(EndPoint.java:121)
	at java.base/java.util.stream.ReferencePipeline$3$1.accept(ReferencePipeline.java:197)
	at java.base/java.util.Spliterators$ArraySpliterator.forEachRemaining(Spliterators.java:992)
	at java.base/java.util.stream.AbstractPipeline.copyInto(AbstractPipeline.java:509)
	at java.base/java.util.stream.AbstractPipeline.wrapAndCopyInto(AbstractPipeline.java:499)
	at java.base/java.util.stream.ReduceOps$ReduceOp.evaluateSequential(ReduceOps.java:921)
	at java.base/java.util.stream.AbstractPipeline.evaluate(AbstractPipeline.java:234)
	at java.base/java.util.stream.ReferencePipeline.collect(ReferencePipeline.java:682)
	at games.strategy.engine.message.unifiedmessenger.EndPoint.invokeMultiple(EndPoint.java:122)
	at games.strategy.engine.message.unifiedmessenger.EndPoint.invokeLocal(EndPoint.java:112)
	at games.strategy.engine.message.unifiedmessenger.UnifiedMessenger.invokeAndWait(UnifiedMessenger.java:97)
	at games.strategy.engine.message.UnifiedInvocationHandler.invoke(UnifiedInvocationHandler.java:55)
	at jdk.proxy2/jdk.proxy2.$Proxy16.placeUnits(Unknown Source)
	at jdk.internal.reflect.GeneratedMethodAccessor42.invoke(Unknown Source)
	at java.base/jdk.internal.reflect.DelegatingMethodAccessorImpl.invoke(DelegatingMethodAccessorImpl.java:43)
	at java.base/java.lang.reflect.Method.invoke(Method.java:569)
	at games.strategy.engine.player.PlayerBridge$GameOverInvocationHandler.invoke(PlayerBridge.java:151)
	at jdk.proxy2/jdk.proxy2.$Proxy16.placeUnits(Unknown Source)
	at games.strategy.triplea.ai.tripleMind.ProPurchaseAi.doPlace(ProPurchaseAi.java:2627)
	at games.strategy.triplea.ai.tripleMind.ProPurchaseAi.placeUnits(ProPurchaseAi.java:2545)
	at games.strategy.triplea.ai.tripleMind.ProPurchaseAi.place(ProPurchaseAi.java:562)
	at games.strategy.triplea.ai.tripleMind.AbstractTripleMindAi.place(AbstractTripleMindAi.java:380)
	at games.strategy.triplea.ai.AbstractAi.start(AbstractAi.java:531)
	at games.strategy.engine.framework.ServerGame.waitForPlayerToFinishStep(ServerGame.java:648)
	at games.strategy.engine.framework.ServerGame.runStep(ServerGame.java:478)
	at games.strategy.engine.framework.ServerGame.runNextStep(ServerGame.java:365)
	at games.strategy.engine.framework.ServerGame.startGame(ServerGame.java:333)
	at games.strategy.engine.framework.startup.launcher.LocalLauncher.launchInternal(LocalLauncher.java:92)
	at games.strategy.engine.framework.startup.launcher.LocalLauncher.lambda$launch$0(LocalLauncher.java:60)
	at java.base/java.lang.Thread.run(Thread.java:840)
193963 18:21:35.654 [Thread-8] INFO  org.triplea.sound.ClipPlayer - Unable to create audio device, is there audio on the system? Cannot create AudioDevice
javazoom.jl.decoder.JavaLayerException: Cannot create AudioDevice
	at javazoom.jl.player.FactoryRegistry.createAudioDevice(FactoryRegistry.java:97)
	at org.triplea.sound.ClipPlayer.hasAudio(ClipPlayer.java:144)
	at org.triplea.sound.ClipPlayer.isSoundEnabled(ClipPlayer.java:251)
	at org.triplea.sound.ClipPlayer.play(ClipPlayer.java:220)
	at org.triplea.sound.DefaultSoundChannel.playSoundForAll(DefaultSoundChannel.java:22)
	at jdk.internal.reflect.GeneratedMethodAccessor55.invoke(Unknown Source)
	at java.base/jdk.internal.reflect.DelegatingMethodAccessorImpl.invoke(DelegatingMethodAccessorImpl.java:43)
	at java.base/java.lang.reflect.Method.invoke(Method.java:569)
	at games.strategy.engine.message.unifiedmessenger.EndPoint.invokeSingle(EndPoint.java:137)
	at games.strategy.engine.message.unifiedmessenger.EndPoint.lambda$invokeMultiple$0(EndPoint.java:121)
	at java.base/java.util.stream.ReferencePipeline$3$1.accept(ReferencePipeline.java:197)
	at java.base/java.util.Spliterators$ArraySpliterator.forEachRemaining(Spliterators.java:992)
	at java.base/java.util.stream.AbstractPipeline.copyInto(AbstractPipeline.java:509)
	at java.base/java.util.stream.AbstractPipeline.wrapAndCopyInto(AbstractPipeline.java:499)
	at java.base/java.util.stream.ReduceOps$ReduceOp.evaluateSequential(ReduceOps.java:921)
	at java.base/java.util.stream.AbstractPipeline.evaluate(AbstractPipeline.java:234)
	at java.base/java.util.stream.ReferencePipeline.collect(ReferencePipeline.java:682)
	at games.strategy.engine.message.unifiedmessenger.EndPoint.invokeMultiple(EndPoint.java:122)
	at games.strategy.engine.message.unifiedmessenger.EndPoint.invokeLocal(EndPoint.java:112)
	at games.strategy.engine.message.unifiedmessenger.UnifiedMessenger.invoke(UnifiedMessenger.java:153)
	at games.strategy.engine.message.UnifiedInvocationHandler.invoke(UnifiedInvocationHandler.java:47)
	at jdk.proxy2/jdk.proxy2.$Proxy25.playSoundForAll(Unknown Source)
	at jdk.internal.reflect.GeneratedMethodAccessor54.invoke(Unknown Source)
	at java.base/jdk.internal.reflect.DelegatingMethodAccessorImpl.invoke(DelegatingMethodAccessorImpl.java:43)
	at java.base/java.lang.reflect.Method.invoke(Method.java:569)
	at games.strategy.engine.delegate.DelegateExecutionManager.lambda$newOutboundImplementation$1(DelegateExecutionManager.java:79)
	at jdk.proxy2/jdk.proxy2.$Proxy25.playSoundForAll(Unknown Source)
	at games.strategy.triplea.delegate.AbstractPlaceDelegate.placeUnits(AbstractPlaceDelegate.java:302)
	at games.strategy.triplea.delegate.AbstractPlaceDelegate.placeUnits(AbstractPlaceDelegate.java:201)
	at jdk.internal.reflect.GeneratedMethodAccessor42.invoke(Unknown Source)
	at java.base/jdk.internal.reflect.DelegatingMethodAccessorImpl.invoke(DelegatingMethodAccessorImpl.java:43)
	at java.base/java.lang.reflect.Method.invoke(Method.java:569)
	at games.strategy.engine.delegate.DelegateExecutionManager$1.invoke(DelegateExecutionManager.java:120)
	at jdk.proxy2/jdk.proxy2.$Proxy16.placeUnits(Unknown Source)
	at jdk.internal.reflect.GeneratedMethodAccessor61.invoke(Unknown Source)
	at java.base/jdk.internal.reflect.DelegatingMethodAccessorImpl.invoke(DelegatingMethodAccessorImpl.java:43)
	at java.base/java.lang.reflect.Method.invoke(Method.java:569)
	at games.strategy.engine.message.unifiedmessenger.EndPoint.invokeSingle(EndPoint.java:137)
	at games.strategy.engine.message.unifiedmessenger.EndPoint.lambda$invokeMultiple$0(EndPoint.java:121)
	at java.base/java.util.stream.ReferencePipeline$3$1.accept(ReferencePipeline.java:197)
	at java.base/java.util.Spliterators$ArraySpliterator.forEachRemaining(Spliterators.java:992)
	at java.base/java.util.stream.AbstractPipeline.copyInto(AbstractPipeline.java:509)
	at java.base/java.util.stream.AbstractPipeline.wrapAndCopyInto(AbstractPipeline.java:499)
	at java.base/java.util.stream.ReduceOps$ReduceOp.evaluateSequential(ReduceOps.java:921)
	at java.base/java.util.stream.AbstractPipeline.evaluate(AbstractPipeline.java:234)
	at java.base/java.util.stream.ReferencePipeline.collect(ReferencePipeline.java:682)
	at games.strategy.engine.message.unifiedmessenger.EndPoint.invokeMultiple(EndPoint.java:122)
	at games.strategy.engine.message.unifiedmessenger.EndPoint.invokeLocal(EndPoint.java:112)
	at games.strategy.engine.message.unifiedmessenger.UnifiedMessenger.invokeAndWait(UnifiedMessenger.java:97)
	at games.strategy.engine.message.UnifiedInvocationHandler.invoke(UnifiedInvocationHandler.java:55)
	at jdk.proxy2/jdk.proxy2.$Proxy16.placeUnits(Unknown Source)
	at jdk.internal.reflect.GeneratedMethodAccessor42.invoke(Unknown Source)
	at java.base/jdk.internal.reflect.DelegatingMethodAccessorImpl.invoke(DelegatingMethodAccessorImpl.java:43)
	at java.base/java.lang.reflect.Method.invoke(Method.java:569)
	at games.strategy.engine.player.PlayerBridge$GameOverInvocationHandler.invoke(PlayerBridge.java:151)
	at jdk.proxy2/jdk.proxy2.$Proxy16.placeUnits(Unknown Source)
	at games.strategy.triplea.ai.tripleMind.ProPurchaseAi.doPlace(ProPurchaseAi.java:2627)
	at games.strategy.triplea.ai.tripleMind.ProPurchaseAi.placeUnits(ProPurchaseAi.java:2545)
	at games.strategy.triplea.ai.tripleMind.ProPurchaseAi.place(ProPurchaseAi.java:562)
	at games.strategy.triplea.ai.tripleMind.AbstractTripleMindAi.place(AbstractTripleMindAi.java:380)
	at games.strategy.triplea.ai.AbstractAi.start(AbstractAi.java:531)
	at games.strategy.engine.framework.ServerGame.waitForPlayerToFinishStep(ServerGame.java:648)
	at games.strategy.engine.framework.ServerGame.runStep(ServerGame.java:478)
	at games.strategy.engine.framework.ServerGame.runNextStep(ServerGame.java:365)
	at games.strategy.engine.framework.ServerGame.startGame(ServerGame.java:333)
	at games.strategy.engine.framework.startup.launcher.LocalLauncher.launchInternal(LocalLauncher.java:92)
	at games.strategy.engine.framework.startup.launcher.LocalLauncher.lambda$launch$0(LocalLauncher.java:60)
	at java.base/java.lang.Thread.run(Thread.java:840)
194096 18:21:35.787 [Thread-8] INFO  org.triplea.sound.ClipPlayer - Unable to create audio device, is there audio on the system? Cannot create AudioDevice
javazoom.jl.decoder.JavaLayerException: Cannot create AudioDevice
	at javazoom.jl.player.FactoryRegistry.createAudioDevice(FactoryRegistry.java:97)
	at org.triplea.sound.ClipPlayer.hasAudio(ClipPlayer.java:144)
	at org.triplea.sound.ClipPlayer.isSoundEnabled(ClipPlayer.java:251)
	at org.triplea.sound.ClipPlayer.play(ClipPlayer.java:220)
	at org.triplea.sound.DefaultSoundChannel.playSoundForAll(DefaultSoundChannel.java:22)
	at jdk.internal.reflect.GeneratedMethodAccessor55.invoke(Unknown Source)
	at java.base/jdk.internal.reflect.DelegatingMethodAccessorImpl.invoke(DelegatingMethodAccessorImpl.java:43)
	at java.base/java.lang.reflect.Method.invoke(Method.java:569)
	at games.strategy.engine.message.unifiedmessenger.EndPoint.invokeSingle(EndPoint.java:137)
	at games.strategy.engine.message.unifiedmessenger.EndPoint.lambda$invokeMultiple$0(EndPoint.java:121)
	at java.base/java.util.stream.ReferencePipeline$3$1.accept(ReferencePipeline.java:197)
	at java.base/java.util.Spliterators$ArraySpliterator.forEachRemaining(Spliterators.java:992)
	at java.base/java.util.stream.AbstractPipeline.copyInto(AbstractPipeline.java:509)
	at java.base/java.util.stream.AbstractPipeline.wrapAndCopyInto(AbstractPipeline.java:499)
	at java.base/java.util.stream.ReduceOps$ReduceOp.evaluateSequential(ReduceOps.java:921)
	at java.base/java.util.stream.AbstractPipeline.evaluate(AbstractPipeline.java:234)
	at java.base/java.util.stream.ReferencePipeline.collect(ReferencePipeline.java:682)
	at games.strategy.engine.message.unifiedmessenger.EndPoint.invokeMultiple(EndPoint.java:122)
	at games.strategy.engine.message.unifiedmessenger.EndPoint.invokeLocal(EndPoint.java:112)
	at games.strategy.engine.message.unifiedmessenger.UnifiedMessenger.invoke(UnifiedMessenger.java:153)
	at games.strategy.engine.message.UnifiedInvocationHandler.invoke(UnifiedInvocationHandler.java:47)
	at jdk.proxy2/jdk.proxy2.$Proxy25.playSoundForAll(Unknown Source)
	at jdk.internal.reflect.GeneratedMethodAccessor54.invoke(Unknown Source)
	at java.base/jdk.internal.reflect.DelegatingMethodAccessorImpl.invoke(DelegatingMethodAccessorImpl.java:43)
	at java.base/java.lang.reflect.Method.invoke(Method.java:569)
	at games.strategy.engine.delegate.DelegateExecutionManager.lambda$newOutboundImplementation$1(DelegateExecutionManager.java:79)
	at jdk.proxy2/jdk.proxy2.$Proxy25.playSoundForAll(Unknown Source)
	at games.strategy.triplea.delegate.AbstractPlaceDelegate.placeUnits(AbstractPlaceDelegate.java:302)
	at games.strategy.triplea.delegate.AbstractPlaceDelegate.placeUnits(AbstractPlaceDelegate.java:201)
	at jdk.internal.reflect.GeneratedMethodAccessor42.invoke(Unknown Source)
	at java.base/jdk.internal.reflect.DelegatingMethodAccessorImpl.invoke(DelegatingMethodAccessorImpl.java:43)
	at java.base/java.lang.reflect.Method.invoke(Method.java:569)
	at games.strategy.engine.delegate.DelegateExecutionManager$1.invoke(DelegateExecutionManager.java:120)
	at jdk.proxy2/jdk.proxy2.$Proxy16.placeUnits(Unknown Source)
	at jdk.internal.reflect.GeneratedMethodAccessor61.invoke(Unknown Source)
	at java.base/jdk.internal.reflect.DelegatingMethodAccessorImpl.invoke(DelegatingMethodAccessorImpl.java:43)
	at java.base/java.lang.reflect.Method.invoke(Method.java:569)
	at games.strategy.engine.message.unifiedmessenger.EndPoint.invokeSingle(EndPoint.java:137)
	at games.strategy.engine.message.unifiedmessenger.EndPoint.lambda$invokeMultiple$0(EndPoint.java:121)
	at java.base/java.util.stream.ReferencePipeline$3$1.accept(ReferencePipeline.java:197)
	at java.base/java.util.Spliterators$ArraySpliterator.forEachRemaining(Spliterators.java:992)
	at java.base/java.util.stream.AbstractPipeline.copyInto(AbstractPipeline.java:509)
	at java.base/java.util.stream.AbstractPipeline.wrapAndCopyInto(AbstractPipeline.java:499)
	at java.base/java.util.stream.ReduceOps$ReduceOp.evaluateSequential(ReduceOps.java:921)
	at java.base/java.util.stream.AbstractPipeline.evaluate(AbstractPipeline.java:234)
	at java.base/java.util.stream.ReferencePipeline.collect(ReferencePipeline.java:682)
	at games.strategy.engine.message.unifiedmessenger.EndPoint.invokeMultiple(EndPoint.java:122)
	at games.strategy.engine.message.unifiedmessenger.EndPoint.invokeLocal(EndPoint.java:112)
	at games.strategy.engine.message.unifiedmessenger.UnifiedMessenger.invokeAndWait(UnifiedMessenger.java:97)
	at games.strategy.engine.message.UnifiedInvocationHandler.invoke(UnifiedInvocationHandler.java:55)
	at jdk.proxy2/jdk.proxy2.$Proxy16.placeUnits(Unknown Source)
	at jdk.internal.reflect.GeneratedMethodAccessor42.invoke(Unknown Source)
	at java.base/jdk.internal.reflect.DelegatingMethodAccessorImpl.invoke(DelegatingMethodAccessorImpl.java:43)
	at java.base/java.lang.reflect.Method.invoke(Method.java:569)
	at games.strategy.engine.player.PlayerBridge$GameOverInvocationHandler.invoke(PlayerBridge.java:151)
	at jdk.proxy2/jdk.proxy2.$Proxy16.placeUnits(Unknown Source)
	at games.strategy.triplea.ai.tripleMind.ProPurchaseAi.doPlace(ProPurchaseAi.java:2627)
	at games.strategy.triplea.ai.tripleMind.ProPurchaseAi.placeUnits(ProPurchaseAi.java:2545)
	at games.strategy.triplea.ai.tripleMind.ProPurchaseAi.place(ProPurchaseAi.java:562)
	at games.strategy.triplea.ai.tripleMind.AbstractTripleMindAi.place(AbstractTripleMindAi.java:380)
	at games.strategy.triplea.ai.AbstractAi.start(AbstractAi.java:531)
	at games.strategy.engine.framework.ServerGame.waitForPlayerToFinishStep(ServerGame.java:648)
	at games.strategy.engine.framework.ServerGame.runStep(ServerGame.java:478)
	at games.strategy.engine.framework.ServerGame.runNextStep(ServerGame.java:365)
	at games.strategy.engine.framework.ServerGame.startGame(ServerGame.java:333)
	at games.strategy.engine.framework.startup.launcher.LocalLauncher.launchInternal(LocalLauncher.java:92)
	at games.strategy.engine.framework.startup.launcher.LocalLauncher.lambda$launch$0(LocalLauncher.java:60)
	at java.base/java.lang.Thread.run(Thread.java:840)
194227 18:21:35.918 [Thread-8] INFO  org.triplea.sound.ClipPlayer - Unable to create audio device, is there audio on the system? Cannot create AudioDevice
javazoom.jl.decoder.JavaLayerException: Cannot create AudioDevice
	at javazoom.jl.player.FactoryRegistry.createAudioDevice(FactoryRegistry.java:97)
	at org.triplea.sound.ClipPlayer.hasAudio(ClipPlayer.java:144)
	at org.triplea.sound.ClipPlayer.isSoundEnabled(ClipPlayer.java:251)
	at org.triplea.sound.ClipPlayer.play(ClipPlayer.java:220)
	at org.triplea.sound.DefaultSoundChannel.playSoundForAll(DefaultSoundChannel.java:22)
	at jdk.internal.reflect.GeneratedMethodAccessor55.invoke(Unknown Source)
	at java.base/jdk.internal.reflect.DelegatingMethodAccessorImpl.invoke(DelegatingMethodAccessorImpl.java:43)
	at java.base/java.lang.reflect.Method.invoke(Method.java:569)
	at games.strategy.engine.message.unifiedmessenger.EndPoint.invokeSingle(EndPoint.java:137)
	at games.strategy.engine.message.unifiedmessenger.EndPoint.lambda$invokeMultiple$0(EndPoint.java:121)
	at java.base/java.util.stream.ReferencePipeline$3$1.accept(ReferencePipeline.java:197)
	at java.base/java.util.Spliterators$ArraySpliterator.forEachRemaining(Spliterators.java:992)
	at java.base/java.util.stream.AbstractPipeline.copyInto(AbstractPipeline.java:509)
	at java.base/java.util.stream.AbstractPipeline.wrapAndCopyInto(AbstractPipeline.java:499)
	at java.base/java.util.stream.ReduceOps$ReduceOp.evaluateSequential(ReduceOps.java:921)
	at java.base/java.util.stream.AbstractPipeline.evaluate(AbstractPipeline.java:234)
	at java.base/java.util.stream.ReferencePipeline.collect(ReferencePipeline.java:682)
	at games.strategy.engine.message.unifiedmessenger.EndPoint.invokeMultiple(EndPoint.java:122)
	at games.strategy.engine.message.unifiedmessenger.EndPoint.invokeLocal(EndPoint.java:112)
	at games.strategy.engine.message.unifiedmessenger.UnifiedMessenger.invoke(UnifiedMessenger.java:153)
	at games.strategy.engine.message.UnifiedInvocationHandler.invoke(UnifiedInvocationHandler.java:47)
	at jdk.proxy2/jdk.proxy2.$Proxy25.playSoundForAll(Unknown Source)
	at jdk.internal.reflect.GeneratedMethodAccessor54.invoke(Unknown Source)
	at java.base/jdk.internal.reflect.DelegatingMethodAccessorImpl.invoke(DelegatingMethodAccessorImpl.java:43)
	at java.base/java.lang.reflect.Method.invoke(Method.java:569)
	at games.strategy.engine.delegate.DelegateExecutionManager.lambda$newOutboundImplementation$1(DelegateExecutionManager.java:79)
	at jdk.proxy2/jdk.proxy2.$Proxy25.playSoundForAll(Unknown Source)
	at games.strategy.triplea.delegate.AbstractPlaceDelegate.placeUnits(AbstractPlaceDelegate.java:302)
	at games.strategy.triplea.delegate.AbstractPlaceDelegate.placeUnits(AbstractPlaceDelegate.java:201)
	at jdk.internal.reflect.GeneratedMethodAccessor42.invoke(Unknown Source)
	at java.base/jdk.internal.reflect.DelegatingMethodAccessorImpl.invoke(DelegatingMethodAccessorImpl.java:43)
	at java.base/java.lang.reflect.Method.invoke(Method.java:569)
	at games.strategy.engine.delegate.DelegateExecutionManager$1.invoke(DelegateExecutionManager.java:120)
	at jdk.proxy2/jdk.proxy2.$Proxy16.placeUnits(Unknown Source)
	at jdk.internal.reflect.GeneratedMethodAccessor61.invoke(Unknown Source)
	at java.base/jdk.internal.reflect.DelegatingMethodAccessorImpl.invoke(DelegatingMethodAccessorImpl.java:43)
	at java.base/java.lang.reflect.Method.invoke(Method.java:569)
	at games.strategy.engine.message.unifiedmessenger.EndPoint.invokeSingle(EndPoint.java:137)
	at games.strategy.engine.message.unifiedmessenger.EndPoint.lambda$invokeMultiple$0(EndPoint.java:121)
	at java.base/java.util.stream.ReferencePipeline$3$1.accept(ReferencePipeline.java:197)
	at java.base/java.util.Spliterators$ArraySpliterator.forEachRemaining(Spliterators.java:992)
	at java.base/java.util.stream.AbstractPipeline.copyInto(AbstractPipeline.java:509)
	at java.base/java.util.stream.AbstractPipeline.wrapAndCopyInto(AbstractPipeline.java:499)
	at java.base/java.util.stream.ReduceOps$ReduceOp.evaluateSequential(ReduceOps.java:921)
	at java.base/java.util.stream.AbstractPipeline.evaluate(AbstractPipeline.java:234)
	at java.base/java.util.stream.ReferencePipeline.collect(ReferencePipeline.java:682)
	at games.strategy.engine.message.unifiedmessenger.EndPoint.invokeMultiple(EndPoint.java:122)
	at games.strategy.engine.message.unifiedmessenger.EndPoint.invokeLocal(EndPoint.java:112)
	at games.strategy.engine.message.unifiedmessenger.UnifiedMessenger.invokeAndWait(UnifiedMessenger.java:97)
	at games.strategy.engine.message.UnifiedInvocationHandler.invoke(UnifiedInvocationHandler.java:55)
	at jdk.proxy2/jdk.proxy2.$Proxy16.placeUnits(Unknown Source)
	at jdk.internal.reflect.GeneratedMethodAccessor42.invoke(Unknown Source)
	at java.base/jdk.internal.reflect.DelegatingMethodAccessorImpl.invoke(DelegatingMethodAccessorImpl.java:43)
	at java.base/java.lang.reflect.Method.invoke(Method.java:569)
	at games.strategy.engine.player.PlayerBridge$GameOverInvocationHandler.invoke(PlayerBridge.java:151)
	at jdk.proxy2/jdk.proxy2.$Proxy16.placeUnits(Unknown Source)
	at games.strategy.triplea.ai.tripleMind.ProPurchaseAi.doPlace(ProPurchaseAi.java:2627)
	at games.strategy.triplea.ai.tripleMind.ProPurchaseAi.placeUnits(ProPurchaseAi.java:2545)
	at games.strategy.triplea.ai.tripleMind.ProPurchaseAi.place(ProPurchaseAi.java:562)
	at games.strategy.triplea.ai.tripleMind.AbstractTripleMindAi.place(AbstractTripleMindAi.java:380)
	at games.strategy.triplea.ai.AbstractAi.start(AbstractAi.java:531)
	at games.strategy.engine.framework.ServerGame.waitForPlayerToFinishStep(ServerGame.java:648)
	at games.strategy.engine.framework.ServerGame.runStep(ServerGame.java:478)
	at games.strategy.engine.framework.ServerGame.runNextStep(ServerGame.java:365)
	at games.strategy.engine.framework.ServerGame.startGame(ServerGame.java:333)
	at games.strategy.engine.framework.startup.launcher.LocalLauncher.launchInternal(LocalLauncher.java:92)
	at games.strategy.engine.framework.startup.launcher.LocalLauncher.lambda$launch$0(LocalLauncher.java:60)
	at java.base/java.lang.Thread.run(Thread.java:840)
194356 18:21:36.047 [Thread-8] INFO  org.triplea.sound.ClipPlayer - Unable to create audio device, is there audio on the system? Cannot create AudioDevice
javazoom.jl.decoder.JavaLayerException: Cannot create AudioDevice
	at javazoom.jl.player.FactoryRegistry.createAudioDevice(FactoryRegistry.java:97)
	at org.triplea.sound.ClipPlayer.hasAudio(ClipPlayer.java:144)
	at org.triplea.sound.ClipPlayer.isSoundEnabled(ClipPlayer.java:251)
	at org.triplea.sound.ClipPlayer.play(ClipPlayer.java:220)
	at org.triplea.sound.DefaultSoundChannel.playSoundForAll(DefaultSoundChannel.java:22)
	at jdk.internal.reflect.GeneratedMethodAccessor55.invoke(Unknown Source)
	at java.base/jdk.internal.reflect.DelegatingMethodAccessorImpl.invoke(DelegatingMethodAccessorImpl.java:43)
	at java.base/java.lang.reflect.Method.invoke(Method.java:569)
	at games.strategy.engine.message.unifiedmessenger.EndPoint.invokeSingle(EndPoint.java:137)
	at games.strategy.engine.message.unifiedmessenger.EndPoint.lambda$invokeMultiple$0(EndPoint.java:121)
	at java.base/java.util.stream.ReferencePipeline$3$1.accept(ReferencePipeline.java:197)
	at java.base/java.util.Spliterators$ArraySpliterator.forEachRemaining(Spliterators.java:992)
	at java.base/java.util.stream.AbstractPipeline.copyInto(AbstractPipeline.java:509)
	at java.base/java.util.stream.AbstractPipeline.wrapAndCopyInto(AbstractPipeline.java:499)
	at java.base/java.util.stream.ReduceOps$ReduceOp.evaluateSequential(ReduceOps.java:921)
	at java.base/java.util.stream.AbstractPipeline.evaluate(AbstractPipeline.java:234)
	at java.base/java.util.stream.ReferencePipeline.collect(ReferencePipeline.java:682)
	at games.strategy.engine.message.unifiedmessenger.EndPoint.invokeMultiple(EndPoint.java:122)
	at games.strategy.engine.message.unifiedmessenger.EndPoint.invokeLocal(EndPoint.java:112)
	at games.strategy.engine.message.unifiedmessenger.UnifiedMessenger.invoke(UnifiedMessenger.java:153)
	at games.strategy.engine.message.UnifiedInvocationHandler.invoke(UnifiedInvocationHandler.java:47)
	at jdk.proxy2/jdk.proxy2.$Proxy25.playSoundForAll(Unknown Source)
	at jdk.internal.reflect.GeneratedMethodAccessor54.invoke(Unknown Source)
	at java.base/jdk.internal.reflect.DelegatingMethodAccessorImpl.invoke(DelegatingMethodAccessorImpl.java:43)
	at java.base/java.lang.reflect.Method.invoke(Method.java:569)
	at games.strategy.engine.delegate.DelegateExecutionManager.lambda$newOutboundImplementation$1(DelegateExecutionManager.java:79)
	at jdk.proxy2/jdk.proxy2.$Proxy25.playSoundForAll(Unknown Source)
	at games.strategy.triplea.delegate.AbstractPlaceDelegate.placeUnits(AbstractPlaceDelegate.java:302)
	at games.strategy.triplea.delegate.AbstractPlaceDelegate.placeUnits(AbstractPlaceDelegate.java:201)
	at jdk.internal.reflect.GeneratedMethodAccessor42.invoke(Unknown Source)
	at java.base/jdk.internal.reflect.DelegatingMethodAccessorImpl.invoke(DelegatingMethodAccessorImpl.java:43)
	at java.base/java.lang.reflect.Method.invoke(Method.java:569)
	at games.strategy.engine.delegate.DelegateExecutionManager$1.invoke(DelegateExecutionManager.java:120)
	at jdk.proxy2/jdk.proxy2.$Proxy16.placeUnits(Unknown Source)
	at jdk.internal.reflect.GeneratedMethodAccessor61.invoke(Unknown Source)
	at java.base/jdk.internal.reflect.DelegatingMethodAccessorImpl.invoke(DelegatingMethodAccessorImpl.java:43)
	at java.base/java.lang.reflect.Method.invoke(Method.java:569)
	at games.strategy.engine.message.unifiedmessenger.EndPoint.invokeSingle(EndPoint.java:137)
	at games.strategy.engine.message.unifiedmessenger.EndPoint.lambda$invokeMultiple$0(EndPoint.java:121)
	at java.base/java.util.stream.ReferencePipeline$3$1.accept(ReferencePipeline.java:197)
	at java.base/java.util.Spliterators$ArraySpliterator.forEachRemaining(Spliterators.java:992)
	at java.base/java.util.stream.AbstractPipeline.copyInto(AbstractPipeline.java:509)
	at java.base/java.util.stream.AbstractPipeline.wrapAndCopyInto(AbstractPipeline.java:499)
	at java.base/java.util.stream.ReduceOps$ReduceOp.evaluateSequential(ReduceOps.java:921)
	at java.base/java.util.stream.AbstractPipeline.evaluate(AbstractPipeline.java:234)
	at java.base/java.util.stream.ReferencePipeline.collect(ReferencePipeline.java:682)
	at games.strategy.engine.message.unifiedmessenger.EndPoint.invokeMultiple(EndPoint.java:122)
	at games.strategy.engine.message.unifiedmessenger.EndPoint.invokeLocal(EndPoint.java:112)
	at games.strategy.engine.message.unifiedmessenger.UnifiedMessenger.invokeAndWait(UnifiedMessenger.java:97)
	at games.strategy.engine.message.UnifiedInvocationHandler.invoke(UnifiedInvocationHandler.java:55)
	at jdk.proxy2/jdk.proxy2.$Proxy16.placeUnits(Unknown Source)
	at jdk.internal.reflect.GeneratedMethodAccessor42.invoke(Unknown Source)
	at java.base/jdk.internal.reflect.DelegatingMethodAccessorImpl.invoke(DelegatingMethodAccessorImpl.java:43)
	at java.base/java.lang.reflect.Method.invoke(Method.java:569)
	at games.strategy.engine.player.PlayerBridge$GameOverInvocationHandler.invoke(PlayerBridge.java:151)
	at jdk.proxy2/jdk.proxy2.$Proxy16.placeUnits(Unknown Source)
	at games.strategy.triplea.ai.tripleMind.ProPurchaseAi.doPlace(ProPurchaseAi.java:2627)
	at games.strategy.triplea.ai.tripleMind.ProPurchaseAi.placeUnits(ProPurchaseAi.java:2545)
	at games.strategy.triplea.ai.tripleMind.ProPurchaseAi.place(ProPurchaseAi.java:562)
	at games.strategy.triplea.ai.tripleMind.AbstractTripleMindAi.place(AbstractTripleMindAi.java:380)
	at games.strategy.triplea.ai.AbstractAi.start(AbstractAi.java:531)
	at games.strategy.engine.framework.ServerGame.waitForPlayerToFinishStep(ServerGame.java:648)
	at games.strategy.engine.framework.ServerGame.runStep(ServerGame.java:478)
	at games.strategy.engine.framework.ServerGame.runNextStep(ServerGame.java:365)
	at games.strategy.engine.framework.ServerGame.startGame(ServerGame.java:333)
	at games.strategy.engine.framework.startup.launcher.LocalLauncher.launchInternal(LocalLauncher.java:92)
	at games.strategy.engine.framework.startup.launcher.LocalLauncher.lambda$launch$0(LocalLauncher.java:60)
	at java.base/java.lang.Thread.run(Thread.java:840)
194488 18:21:36.179 [Thread-8] INFO  org.triplea.sound.ClipPlayer - Unable to create audio device, is there audio on the system? Cannot create AudioDevice
javazoom.jl.decoder.JavaLayerException: Cannot create AudioDevice
	at javazoom.jl.player.FactoryRegistry.createAudioDevice(FactoryRegistry.java:97)
	at org.triplea.sound.ClipPlayer.hasAudio(ClipPlayer.java:144)
	at org.triplea.sound.ClipPlayer.isSoundEnabled(ClipPlayer.java:251)
	at org.triplea.sound.ClipPlayer.play(ClipPlayer.java:220)
	at org.triplea.sound.DefaultSoundChannel.playSoundForAll(DefaultSoundChannel.java:22)
	at jdk.internal.reflect.GeneratedMethodAccessor55.invoke(Unknown Source)
	at java.base/jdk.internal.reflect.DelegatingMethodAccessorImpl.invoke(DelegatingMethodAccessorImpl.java:43)
	at java.base/java.lang.reflect.Method.invoke(Method.java:569)
	at games.strategy.engine.message.unifiedmessenger.EndPoint.invokeSingle(EndPoint.java:137)
	at games.strategy.engine.message.unifiedmessenger.EndPoint.lambda$invokeMultiple$0(EndPoint.java:121)
	at java.base/java.util.stream.ReferencePipeline$3$1.accept(ReferencePipeline.java:197)
	at java.base/java.util.Spliterators$ArraySpliterator.forEachRemaining(Spliterators.java:992)
	at java.base/java.util.stream.AbstractPipeline.copyInto(AbstractPipeline.java:509)
	at java.base/java.util.stream.AbstractPipeline.wrapAndCopyInto(AbstractPipeline.java:499)
	at java.base/java.util.stream.ReduceOps$ReduceOp.evaluateSequential(ReduceOps.java:921)
	at java.base/java.util.stream.AbstractPipeline.evaluate(AbstractPipeline.java:234)
	at java.base/java.util.stream.ReferencePipeline.collect(ReferencePipeline.java:682)
	at games.strategy.engine.message.unifiedmessenger.EndPoint.invokeMultiple(EndPoint.java:122)
	at games.strategy.engine.message.unifiedmessenger.EndPoint.invokeLocal(EndPoint.java:112)
	at games.strategy.engine.message.unifiedmessenger.UnifiedMessenger.invoke(UnifiedMessenger.java:153)
	at games.strategy.engine.message.UnifiedInvocationHandler.invoke(UnifiedInvocationHandler.java:47)
	at jdk.proxy2/jdk.proxy2.$Proxy25.playSoundForAll(Unknown Source)
	at jdk.internal.reflect.GeneratedMethodAccessor54.invoke(Unknown Source)
	at java.base/jdk.internal.reflect.DelegatingMethodAccessorImpl.invoke(DelegatingMethodAccessorImpl.java:43)
	at java.base/java.lang.reflect.Method.invoke(Method.java:569)
	at games.strategy.engine.delegate.DelegateExecutionManager.lambda$newOutboundImplementation$1(DelegateExecutionManager.java:79)
	at jdk.proxy2/jdk.proxy2.$Proxy25.playSoundForAll(Unknown Source)
	at games.strategy.triplea.delegate.AbstractPlaceDelegate.placeUnits(AbstractPlaceDelegate.java:302)
	at games.strategy.triplea.delegate.AbstractPlaceDelegate.placeUnits(AbstractPlaceDelegate.java:201)
	at jdk.internal.reflect.GeneratedMethodAccessor42.invoke(Unknown Source)
	at java.base/jdk.internal.reflect.DelegatingMethodAccessorImpl.invoke(DelegatingMethodAccessorImpl.java:43)
	at java.base/java.lang.reflect.Method.invoke(Method.java:569)
	at games.strategy.engine.delegate.DelegateExecutionManager$1.invoke(DelegateExecutionManager.java:120)
	at jdk.proxy2/jdk.proxy2.$Proxy16.placeUnits(Unknown Source)
	at jdk.internal.reflect.GeneratedMethodAccessor61.invoke(Unknown Source)
	at java.base/jdk.internal.reflect.DelegatingMethodAccessorImpl.invoke(DelegatingMethodAccessorImpl.java:43)
	at java.base/java.lang.reflect.Method.invoke(Method.java:569)
	at games.strategy.engine.message.unifiedmessenger.EndPoint.invokeSingle(EndPoint.java:137)
	at games.strategy.engine.message.unifiedmessenger.EndPoint.lambda$invokeMultiple$0(EndPoint.java:121)
	at java.base/java.util.stream.ReferencePipeline$3$1.accept(ReferencePipeline.java:197)
	at java.base/java.util.Spliterators$ArraySpliterator.forEachRemaining(Spliterators.java:992)
	at java.base/java.util.stream.AbstractPipeline.copyInto(AbstractPipeline.java:509)
	at java.base/java.util.stream.AbstractPipeline.wrapAndCopyInto(AbstractPipeline.java:499)
	at java.base/java.util.stream.ReduceOps$ReduceOp.evaluateSequential(ReduceOps.java:921)
	at java.base/java.util.stream.AbstractPipeline.evaluate(AbstractPipeline.java:234)
	at java.base/java.util.stream.ReferencePipeline.collect(ReferencePipeline.java:682)
	at games.strategy.engine.message.unifiedmessenger.EndPoint.invokeMultiple(EndPoint.java:122)
	at games.strategy.engine.message.unifiedmessenger.EndPoint.invokeLocal(EndPoint.java:112)
	at games.strategy.engine.message.unifiedmessenger.UnifiedMessenger.invokeAndWait(UnifiedMessenger.java:97)
	at games.strategy.engine.message.UnifiedInvocationHandler.invoke(UnifiedInvocationHandler.java:55)
	at jdk.proxy2/jdk.proxy2.$Proxy16.placeUnits(Unknown Source)
	at jdk.internal.reflect.GeneratedMethodAccessor42.invoke(Unknown Source)
	at java.base/jdk.internal.reflect.DelegatingMethodAccessorImpl.invoke(DelegatingMethodAccessorImpl.java:43)
	at java.base/java.lang.reflect.Method.invoke(Method.java:569)
	at games.strategy.engine.player.PlayerBridge$GameOverInvocationHandler.invoke(PlayerBridge.java:151)
	at jdk.proxy2/jdk.proxy2.$Proxy16.placeUnits(Unknown Source)
	at games.strategy.triplea.ai.tripleMind.ProPurchaseAi.doPlace(ProPurchaseAi.java:2627)
	at games.strategy.triplea.ai.tripleMind.ProPurchaseAi.placeUnits(ProPurchaseAi.java:2545)
	at games.strategy.triplea.ai.tripleMind.ProPurchaseAi.place(ProPurchaseAi.java:562)
	at games.strategy.triplea.ai.tripleMind.AbstractTripleMindAi.place(AbstractTripleMindAi.java:380)
	at games.strategy.triplea.ai.AbstractAi.start(AbstractAi.java:531)
	at games.strategy.engine.framework.ServerGame.waitForPlayerToFinishStep(ServerGame.java:648)
	at games.strategy.engine.framework.ServerGame.runStep(ServerGame.java:478)
	at games.strategy.engine.framework.ServerGame.runNextStep(ServerGame.java:365)
	at games.strategy.engine.framework.ServerGame.startGame(ServerGame.java:333)
	at games.strategy.engine.framework.startup.launcher.LocalLauncher.launchInternal(LocalLauncher.java:92)
	at games.strategy.engine.framework.startup.launcher.LocalLauncher.lambda$launch$0(LocalLauncher.java:60)
	at java.base/java.lang.Thread.run(Thread.java:840)
194622 18:21:36.313 [Thread-8] INFO  org.triplea.sound.ClipPlayer - Unable to create audio device, is there audio on the system? Cannot create AudioDevice
javazoom.jl.decoder.JavaLayerException: Cannot create AudioDevice
	at javazoom.jl.player.FactoryRegistry.createAudioDevice(FactoryRegistry.java:97)
	at org.triplea.sound.ClipPlayer.hasAudio(ClipPlayer.java:144)
	at org.triplea.sound.ClipPlayer.isSoundEnabled(ClipPlayer.java:251)
	at org.triplea.sound.ClipPlayer.play(ClipPlayer.java:220)
	at org.triplea.sound.DefaultSoundChannel.playSoundForAll(DefaultSoundChannel.java:22)
	at jdk.internal.reflect.GeneratedMethodAccessor55.invoke(Unknown Source)
	at java.base/jdk.internal.reflect.DelegatingMethodAccessorImpl.invoke(DelegatingMethodAccessorImpl.java:43)
	at java.base/java.lang.reflect.Method.invoke(Method.java:569)
	at games.strategy.engine.message.unifiedmessenger.EndPoint.invokeSingle(EndPoint.java:137)
	at games.strategy.engine.message.unifiedmessenger.EndPoint.lambda$invokeMultiple$0(EndPoint.java:121)
	at java.base/java.util.stream.ReferencePipeline$3$1.accept(ReferencePipeline.java:197)
	at java.base/java.util.Spliterators$ArraySpliterator.forEachRemaining(Spliterators.java:992)
	at java.base/java.util.stream.AbstractPipeline.copyInto(AbstractPipeline.java:509)
	at java.base/java.util.stream.AbstractPipeline.wrapAndCopyInto(AbstractPipeline.java:499)
	at java.base/java.util.stream.ReduceOps$ReduceOp.evaluateSequential(ReduceOps.java:921)
	at java.base/java.util.stream.AbstractPipeline.evaluate(AbstractPipeline.java:234)
	at java.base/java.util.stream.ReferencePipeline.collect(ReferencePipeline.java:682)
	at games.strategy.engine.message.unifiedmessenger.EndPoint.invokeMultiple(EndPoint.java:122)
	at games.strategy.engine.message.unifiedmessenger.EndPoint.invokeLocal(EndPoint.java:112)
	at games.strategy.engine.message.unifiedmessenger.UnifiedMessenger.invoke(UnifiedMessenger.java:153)
	at games.strategy.engine.message.UnifiedInvocationHandler.invoke(UnifiedInvocationHandler.java:47)
	at jdk.proxy2/jdk.proxy2.$Proxy25.playSoundForAll(Unknown Source)
	at jdk.internal.reflect.GeneratedMethodAccessor54.invoke(Unknown Source)
	at java.base/jdk.internal.reflect.DelegatingMethodAccessorImpl.invoke(DelegatingMethodAccessorImpl.java:43)
	at java.base/java.lang.reflect.Method.invoke(Method.java:569)
	at games.strategy.engine.delegate.DelegateExecutionManager.lambda$newOutboundImplementation$1(DelegateExecutionManager.java:79)
	at jdk.proxy2/jdk.proxy2.$Proxy25.playSoundForAll(Unknown Source)
	at games.strategy.triplea.delegate.AbstractPlaceDelegate.placeUnits(AbstractPlaceDelegate.java:302)
	at games.strategy.triplea.delegate.AbstractPlaceDelegate.placeUnits(AbstractPlaceDelegate.java:201)
	at jdk.internal.reflect.GeneratedMethodAccessor42.invoke(Unknown Source)
	at java.base/jdk.internal.reflect.DelegatingMethodAccessorImpl.invoke(DelegatingMethodAccessorImpl.java:43)
	at java.base/java.lang.reflect.Method.invoke(Method.java:569)
	at games.strategy.engine.delegate.DelegateExecutionManager$1.invoke(DelegateExecutionManager.java:120)
	at jdk.proxy2/jdk.proxy2.$Proxy16.placeUnits(Unknown Source)
	at jdk.internal.reflect.GeneratedMethodAccessor61.invoke(Unknown Source)
	at java.base/jdk.internal.reflect.DelegatingMethodAccessorImpl.invoke(DelegatingMethodAccessorImpl.java:43)
	at java.base/java.lang.reflect.Method.invoke(Method.java:569)
	at games.strategy.engine.message.unifiedmessenger.EndPoint.invokeSingle(EndPoint.java:137)
	at games.strategy.engine.message.unifiedmessenger.EndPoint.lambda$invokeMultiple$0(EndPoint.java:121)
	at java.base/java.util.stream.ReferencePipeline$3$1.accept(ReferencePipeline.java:197)
	at java.base/java.util.Spliterators$ArraySpliterator.forEachRemaining(Spliterators.java:992)
	at java.base/java.util.stream.AbstractPipeline.copyInto(AbstractPipeline.java:509)
	at java.base/java.util.stream.AbstractPipeline.wrapAndCopyInto(AbstractPipeline.java:499)
	at java.base/java.util.stream.ReduceOps$ReduceOp.evaluateSequential(ReduceOps.java:921)
	at java.base/java.util.stream.AbstractPipeline.evaluate(AbstractPipeline.java:234)
	at java.base/java.util.stream.ReferencePipeline.collect(ReferencePipeline.java:682)
	at games.strategy.engine.message.unifiedmessenger.EndPoint.invokeMultiple(EndPoint.java:122)
	at games.strategy.engine.message.unifiedmessenger.EndPoint.invokeLocal(EndPoint.java:112)
	at games.strategy.engine.message.unifiedmessenger.UnifiedMessenger.invokeAndWait(UnifiedMessenger.java:97)
	at games.strategy.engine.message.UnifiedInvocationHandler.invoke(UnifiedInvocationHandler.java:55)
	at jdk.proxy2/jdk.proxy2.$Proxy16.placeUnits(Unknown Source)
	at jdk.internal.reflect.GeneratedMethodAccessor42.invoke(Unknown Source)
	at java.base/jdk.internal.reflect.DelegatingMethodAccessorImpl.invoke(DelegatingMethodAccessorImpl.java:43)
	at java.base/java.lang.reflect.Method.invoke(Method.java:569)
	at games.strategy.engine.player.PlayerBridge$GameOverInvocationHandler.invoke(PlayerBridge.java:151)
	at jdk.proxy2/jdk.proxy2.$Proxy16.placeUnits(Unknown Source)
	at games.strategy.triplea.ai.tripleMind.ProPurchaseAi.doPlace(ProPurchaseAi.java:2627)
	at games.strategy.triplea.ai.tripleMind.ProPurchaseAi.placeUnits(ProPurchaseAi.java:2545)
	at games.strategy.triplea.ai.tripleMind.ProPurchaseAi.place(ProPurchaseAi.java:562)
	at games.strategy.triplea.ai.tripleMind.AbstractTripleMindAi.place(AbstractTripleMindAi.java:380)
	at games.strategy.triplea.ai.AbstractAi.start(AbstractAi.java:531)
	at games.strategy.engine.framework.ServerGame.waitForPlayerToFinishStep(ServerGame.java:648)
	at games.strategy.engine.framework.ServerGame.runStep(ServerGame.java:478)
	at games.strategy.engine.framework.ServerGame.runNextStep(ServerGame.java:365)
	at games.strategy.engine.framework.ServerGame.startGame(ServerGame.java:333)
	at games.strategy.engine.framework.startup.launcher.LocalLauncher.launchInternal(LocalLauncher.java:92)
	at games.strategy.engine.framework.startup.launcher.LocalLauncher.lambda$launch$0(LocalLauncher.java:60)
	at java.base/java.lang.Thread.run(Thread.java:840)
194758 18:21:36.449 [Thread-8] INFO  org.triplea.sound.ClipPlayer - Unable to create audio device, is there audio on the system? Cannot create AudioDevice
javazoom.jl.decoder.JavaLayerException: Cannot create AudioDevice
	at javazoom.jl.player.FactoryRegistry.createAudioDevice(FactoryRegistry.java:97)
	at org.triplea.sound.ClipPlayer.hasAudio(ClipPlayer.java:144)
	at org.triplea.sound.ClipPlayer.isSoundEnabled(ClipPlayer.java:251)
	at org.triplea.sound.ClipPlayer.play(ClipPlayer.java:220)
	at org.triplea.sound.DefaultSoundChannel.playSoundForAll(DefaultSoundChannel.java:22)
	at jdk.internal.reflect.GeneratedMethodAccessor55.invoke(Unknown Source)
	at java.base/jdk.internal.reflect.DelegatingMethodAccessorImpl.invoke(DelegatingMethodAccessorImpl.java:43)
	at java.base/java.lang.reflect.Method.invoke(Method.java:569)
	at games.strategy.engine.message.unifiedmessenger.EndPoint.invokeSingle(EndPoint.java:137)
	at games.strategy.engine.message.unifiedmessenger.EndPoint.lambda$invokeMultiple$0(EndPoint.java:121)
	at java.base/java.util.stream.ReferencePipeline$3$1.accept(ReferencePipeline.java:197)
	at java.base/java.util.Spliterators$ArraySpliterator.forEachRemaining(Spliterators.java:992)
	at java.base/java.util.stream.AbstractPipeline.copyInto(AbstractPipeline.java:509)
	at java.base/java.util.stream.AbstractPipeline.wrapAndCopyInto(AbstractPipeline.java:499)
	at java.base/java.util.stream.ReduceOps$ReduceOp.evaluateSequential(ReduceOps.java:921)
	at java.base/java.util.stream.AbstractPipeline.evaluate(AbstractPipeline.java:234)
	at java.base/java.util.stream.ReferencePipeline.collect(ReferencePipeline.java:682)
	at games.strategy.engine.message.unifiedmessenger.EndPoint.invokeMultiple(EndPoint.java:122)
	at games.strategy.engine.message.unifiedmessenger.EndPoint.invokeLocal(EndPoint.java:112)
	at games.strategy.engine.message.unifiedmessenger.UnifiedMessenger.invoke(UnifiedMessenger.java:153)
	at games.strategy.engine.message.UnifiedInvocationHandler.invoke(UnifiedInvocationHandler.java:47)
	at jdk.proxy2/jdk.proxy2.$Proxy25.playSoundForAll(Unknown Source)
	at jdk.internal.reflect.GeneratedMethodAccessor54.invoke(Unknown Source)
	at java.base/jdk.internal.reflect.DelegatingMethodAccessorImpl.invoke(DelegatingMethodAccessorImpl.java:43)
	at java.base/java.lang.reflect.Method.invoke(Method.java:569)
	at games.strategy.engine.delegate.DelegateExecutionManager.lambda$newOutboundImplementation$1(DelegateExecutionManager.java:79)
	at jdk.proxy2/jdk.proxy2.$Proxy25.playSoundForAll(Unknown Source)
	at games.strategy.triplea.delegate.AbstractPlaceDelegate.placeUnits(AbstractPlaceDelegate.java:302)
	at games.strategy.triplea.delegate.AbstractPlaceDelegate.placeUnits(AbstractPlaceDelegate.java:201)
	at jdk.internal.reflect.GeneratedMethodAccessor42.invoke(Unknown Source)
	at java.base/jdk.internal.reflect.DelegatingMethodAccessorImpl.invoke(DelegatingMethodAccessorImpl.java:43)
	at java.base/java.lang.reflect.Method.invoke(Method.java:569)
	at games.strategy.engine.delegate.DelegateExecutionManager$1.invoke(DelegateExecutionManager.java:120)
	at jdk.proxy2/jdk.proxy2.$Proxy16.placeUnits(Unknown Source)
	at jdk.internal.reflect.GeneratedMethodAccessor61.invoke(Unknown Source)
	at java.base/jdk.internal.reflect.DelegatingMethodAccessorImpl.invoke(DelegatingMethodAccessorImpl.java:43)
	at java.base/java.lang.reflect.Method.invoke(Method.java:569)
	at games.strategy.engine.message.unifiedmessenger.EndPoint.invokeSingle(EndPoint.java:137)
	at games.strategy.engine.message.unifiedmessenger.EndPoint.lambda$invokeMultiple$0(EndPoint.java:121)
	at java.base/java.util.stream.ReferencePipeline$3$1.accept(ReferencePipeline.java:197)
	at java.base/java.util.Spliterators$ArraySpliterator.forEachRemaining(Spliterators.java:992)
	at java.base/java.util.stream.AbstractPipeline.copyInto(AbstractPipeline.java:509)
	at java.base/java.util.stream.AbstractPipeline.wrapAndCopyInto(AbstractPipeline.java:499)
	at java.base/java.util.stream.ReduceOps$ReduceOp.evaluateSequential(ReduceOps.java:921)
	at java.base/java.util.stream.AbstractPipeline.evaluate(AbstractPipeline.java:234)
	at java.base/java.util.stream.ReferencePipeline.collect(ReferencePipeline.java:682)
	at games.strategy.engine.message.unifiedmessenger.EndPoint.invokeMultiple(EndPoint.java:122)
	at games.strategy.engine.message.unifiedmessenger.EndPoint.invokeLocal(EndPoint.java:112)
	at games.strategy.engine.message.unifiedmessenger.UnifiedMessenger.invokeAndWait(UnifiedMessenger.java:97)
	at games.strategy.engine.message.UnifiedInvocationHandler.invoke(UnifiedInvocationHandler.java:55)
	at jdk.proxy2/jdk.proxy2.$Proxy16.placeUnits(Unknown Source)
	at jdk.internal.reflect.GeneratedMethodAccessor42.invoke(Unknown Source)
	at java.base/jdk.internal.reflect.DelegatingMethodAccessorImpl.invoke(DelegatingMethodAccessorImpl.java:43)
	at java.base/java.lang.reflect.Method.invoke(Method.java:569)
	at games.strategy.engine.player.PlayerBridge$GameOverInvocationHandler.invoke(PlayerBridge.java:151)
	at jdk.proxy2/jdk.proxy2.$Proxy16.placeUnits(Unknown Source)
	at games.strategy.triplea.ai.tripleMind.ProPurchaseAi.doPlace(ProPurchaseAi.java:2627)
	at games.strategy.triplea.ai.tripleMind.ProPurchaseAi.placeUnits(ProPurchaseAi.java:2545)
	at games.strategy.triplea.ai.tripleMind.ProPurchaseAi.place(ProPurchaseAi.java:562)
	at games.strategy.triplea.ai.tripleMind.AbstractTripleMindAi.place(AbstractTripleMindAi.java:380)
	at games.strategy.triplea.ai.AbstractAi.start(AbstractAi.java:531)
	at games.strategy.engine.framework.ServerGame.waitForPlayerToFinishStep(ServerGame.java:648)
	at games.strategy.engine.framework.ServerGame.runStep(ServerGame.java:478)
	at games.strategy.engine.framework.ServerGame.runNextStep(ServerGame.java:365)
	at games.strategy.engine.framework.ServerGame.startGame(ServerGame.java:333)
	at games.strategy.engine.framework.startup.launcher.LocalLauncher.launchInternal(LocalLauncher.java:92)
	at games.strategy.engine.framework.startup.launcher.LocalLauncher.lambda$launch$0(LocalLauncher.java:60)
	at java.base/java.lang.Thread.run(Thread.java:840)
195831 18:21:37.522 [Thread-8] INFO  org.triplea.sound.ClipPlayer - Unable to create audio device, is there audio on the system? Cannot create AudioDevice
javazoom.jl.decoder.JavaLayerException: Cannot create AudioDevice
	at javazoom.jl.player.FactoryRegistry.createAudioDevice(FactoryRegistry.java:97)
	at org.triplea.sound.ClipPlayer.hasAudio(ClipPlayer.java:144)
	at org.triplea.sound.ClipPlayer.isSoundEnabled(ClipPlayer.java:251)
	at org.triplea.sound.ClipPlayer.play(ClipPlayer.java:220)
	at org.triplea.sound.DefaultSoundChannel.playSoundForAll(DefaultSoundChannel.java:22)
	at jdk.internal.reflect.GeneratedMethodAccessor55.invoke(Unknown Source)
	at java.base/jdk.internal.reflect.DelegatingMethodAccessorImpl.invoke(DelegatingMethodAccessorImpl.java:43)
	at java.base/java.lang.reflect.Method.invoke(Method.java:569)
	at games.strategy.engine.message.unifiedmessenger.EndPoint.invokeSingle(EndPoint.java:137)
	at games.strategy.engine.message.unifiedmessenger.EndPoint.lambda$invokeMultiple$0(EndPoint.java:121)
	at java.base/java.util.stream.ReferencePipeline$3$1.accept(ReferencePipeline.java:197)
	at java.base/java.util.Spliterators$ArraySpliterator.forEachRemaining(Spliterators.java:992)
	at java.base/java.util.stream.AbstractPipeline.copyInto(AbstractPipeline.java:509)
	at java.base/java.util.stream.AbstractPipeline.wrapAndCopyInto(AbstractPipeline.java:499)
	at java.base/java.util.stream.ReduceOps$ReduceOp.evaluateSequential(ReduceOps.java:921)
	at java.base/java.util.stream.AbstractPipeline.evaluate(AbstractPipeline.java:234)
	at java.base/java.util.stream.ReferencePipeline.collect(ReferencePipeline.java:682)
	at games.strategy.engine.message.unifiedmessenger.EndPoint.invokeMultiple(EndPoint.java:122)
	at games.strategy.engine.message.unifiedmessenger.EndPoint.invokeLocal(EndPoint.java:112)
	at games.strategy.engine.message.unifiedmessenger.UnifiedMessenger.invoke(UnifiedMessenger.java:153)
	at games.strategy.engine.message.UnifiedInvocationHandler.invoke(UnifiedInvocationHandler.java:47)
	at jdk.proxy2/jdk.proxy2.$Proxy25.playSoundForAll(Unknown Source)
	at jdk.internal.reflect.GeneratedMethodAccessor54.invoke(Unknown Source)
	at java.base/jdk.internal.reflect.DelegatingMethodAccessorImpl.invoke(DelegatingMethodAccessorImpl.java:43)
	at java.base/java.lang.reflect.Method.invoke(Method.java:569)
	at games.strategy.engine.delegate.DelegateExecutionManager.lambda$newOutboundImplementation$1(DelegateExecutionManager.java:79)
	at jdk.proxy2/jdk.proxy2.$Proxy25.playSoundForAll(Unknown Source)
	at games.strategy.triplea.delegate.battle.BattleTracker.takeOver(BattleTracker.java:794)
	at games.strategy.triplea.delegate.battle.BattleTracker.addEmptyBattle(BattleTracker.java:523)
	at games.strategy.triplea.delegate.battle.BattleTracker.addBattle(BattleTracker.java:345)
	at games.strategy.triplea.delegate.battle.BattleTracker.addBattle(BattleTracker.java:293)
	at games.strategy.triplea.delegate.MovePerformer$3.execute(MovePerformer.java:267)
	at games.strategy.triplea.delegate.ExecutionStack.execute(ExecutionStack.java:34)
	at games.strategy.triplea.delegate.MovePerformer.populateStack(MovePerformer.java:324)
	at games.strategy.triplea.delegate.MovePerformer.moveUnits(MovePerformer.java:81)
	at games.strategy.triplea.delegate.MoveDelegate.performMove(MoveDelegate.java:675)
	at jdk.internal.reflect.GeneratedMethodAccessor45.invoke(Unknown Source)
	at java.base/jdk.internal.reflect.DelegatingMethodAccessorImpl.invoke(DelegatingMethodAccessorImpl.java:43)
	at java.base/java.lang.reflect.Method.invoke(Method.java:569)
	at games.strategy.engine.delegate.DelegateExecutionManager$1.invoke(DelegateExecutionManager.java:120)
	at jdk.proxy2/jdk.proxy2.$Proxy14.performMove(Unknown Source)
	at jdk.internal.reflect.GeneratedMethodAccessor56.invoke(Unknown Source)
	at java.base/jdk.internal.reflect.DelegatingMethodAccessorImpl.invoke(DelegatingMethodAccessorImpl.java:43)
	at java.base/java.lang.reflect.Method.invoke(Method.java:569)
	at games.strategy.engine.message.unifiedmessenger.EndPoint.invokeSingle(EndPoint.java:137)
	at games.strategy.engine.message.unifiedmessenger.EndPoint.lambda$invokeMultiple$0(EndPoint.java:121)
	at java.base/java.util.stream.ReferencePipeline$3$1.accept(ReferencePipeline.java:197)
	at java.base/java.util.Spliterators$ArraySpliterator.forEachRemaining(Spliterators.java:992)
	at java.base/java.util.stream.AbstractPipeline.copyInto(AbstractPipeline.java:509)
	at java.base/java.util.stream.AbstractPipeline.wrapAndCopyInto(AbstractPipeline.java:499)
	at java.base/java.util.stream.ReduceOps$ReduceOp.evaluateSequential(ReduceOps.java:921)
	at java.base/java.util.stream.AbstractPipeline.evaluate(AbstractPipeline.java:234)
	at java.base/java.util.stream.ReferencePipeline.collect(ReferencePipeline.java:682)
	at games.strategy.engine.message.unifiedmessenger.EndPoint.invokeMultiple(EndPoint.java:122)
	at games.strategy.engine.message.unifiedmessenger.EndPoint.invokeLocal(EndPoint.java:112)
	at games.strategy.engine.message.unifiedmessenger.UnifiedMessenger.invokeAndWait(UnifiedMessenger.java:97)
	at games.strategy.engine.message.UnifiedInvocationHandler.invoke(UnifiedInvocationHandler.java:55)
	at jdk.proxy2/jdk.proxy2.$Proxy14.performMove(Unknown Source)
	at jdk.internal.reflect.GeneratedMethodAccessor45.invoke(Unknown Source)
	at java.base/jdk.internal.reflect.DelegatingMethodAccessorImpl.invoke(DelegatingMethodAccessorImpl.java:43)
	at java.base/java.lang.reflect.Method.invoke(Method.java:569)
	at games.strategy.engine.player.PlayerBridge$GameOverInvocationHandler.invoke(PlayerBridge.java:151)
	at jdk.proxy2/jdk.proxy2.$Proxy14.performMove(Unknown Source)
	at games.strategy.triplea.ai.weak.WeakAi.doMove(WeakAi.java:237)
	at games.strategy.triplea.ai.weak.WeakAi.doCombatMove(WeakAi.java:152)
	at games.strategy.triplea.ai.weak.WeakAi.move(WeakAi.java:124)
	at games.strategy.triplea.ai.AbstractAi.start(AbstractAi.java:521)
	at games.strategy.engine.framework.ServerGame.waitForPlayerToFinishStep(ServerGame.java:648)
	at games.strategy.engine.framework.ServerGame.runStep(ServerGame.java:478)
	at games.strategy.engine.framework.ServerGame.runNextStep(ServerGame.java:365)
	at games.strategy.engine.framework.ServerGame.startGame(ServerGame.java:333)
	at games.strategy.engine.framework.startup.launcher.LocalLauncher.launchInternal(LocalLauncher.java:92)
	at games.strategy.engine.framework.startup.launcher.LocalLauncher.lambda$launch$0(LocalLauncher.java:60)
	at java.base/java.lang.Thread.run(Thread.java:840)
197192 18:21:38.883 [Thread-8] INFO  org.triplea.sound.ClipPlayer - Unable to create audio device, is there audio on the system? Cannot create AudioDevice
javazoom.jl.decoder.JavaLayerException: Cannot create AudioDevice
	at javazoom.jl.player.FactoryRegistry.createAudioDevice(FactoryRegistry.java:97)
	at org.triplea.sound.ClipPlayer.hasAudio(ClipPlayer.java:144)
	at org.triplea.sound.ClipPlayer.isSoundEnabled(ClipPlayer.java:251)
	at org.triplea.sound.ClipPlayer.play(ClipPlayer.java:220)
	at org.triplea.sound.DefaultSoundChannel.playSoundForAll(DefaultSoundChannel.java:22)
	at jdk.internal.reflect.GeneratedMethodAccessor55.invoke(Unknown Source)
	at java.base/jdk.internal.reflect.DelegatingMethodAccessorImpl.invoke(DelegatingMethodAccessorImpl.java:43)
	at java.base/java.lang.reflect.Method.invoke(Method.java:569)
	at games.strategy.engine.message.unifiedmessenger.EndPoint.invokeSingle(EndPoint.java:137)
	at games.strategy.engine.message.unifiedmessenger.EndPoint.lambda$invokeMultiple$0(EndPoint.java:121)
	at java.base/java.util.stream.ReferencePipeline$3$1.accept(ReferencePipeline.java:197)
	at java.base/java.util.Spliterators$ArraySpliterator.forEachRemaining(Spliterators.java:992)
	at java.base/java.util.stream.AbstractPipeline.copyInto(AbstractPipeline.java:509)
	at java.base/java.util.stream.AbstractPipeline.wrapAndCopyInto(AbstractPipeline.java:499)
	at java.base/java.util.stream.ReduceOps$ReduceOp.evaluateSequential(ReduceOps.java:921)
	at java.base/java.util.stream.AbstractPipeline.evaluate(AbstractPipeline.java:234)
	at java.base/java.util.stream.ReferencePipeline.collect(ReferencePipeline.java:682)
	at games.strategy.engine.message.unifiedmessenger.EndPoint.invokeMultiple(EndPoint.java:122)
	at games.strategy.engine.message.unifiedmessenger.EndPoint.invokeLocal(EndPoint.java:112)
	at games.strategy.engine.message.unifiedmessenger.UnifiedMessenger.invoke(UnifiedMessenger.java:153)
	at games.strategy.engine.message.UnifiedInvocationHandler.invoke(UnifiedInvocationHandler.java:47)
	at jdk.proxy2/jdk.proxy2.$Proxy25.playSoundForAll(Unknown Source)
	at jdk.internal.reflect.GeneratedMethodAccessor54.invoke(Unknown Source)
	at java.base/jdk.internal.reflect.DelegatingMethodAccessorImpl.invoke(DelegatingMethodAccessorImpl.java:43)
	at java.base/java.lang.reflect.Method.invoke(Method.java:569)
	at games.strategy.engine.delegate.DelegateExecutionManager.lambda$newOutboundImplementation$1(DelegateExecutionManager.java:79)
	at jdk.proxy2/jdk.proxy2.$Proxy25.playSoundForAll(Unknown Source)
	at org.triplea.sound.SoundUtils.playBattleType(SoundUtils.java:42)
	at games.strategy.triplea.delegate.battle.MustFightBattle.fight(MustFightBattle.java:686)
	at games.strategy.triplea.delegate.battle.BattleTracker.fightBattleIfOnlyOne(BattleTracker.java:1300)
	at games.strategy.triplea.delegate.battle.BattleDelegate.start(BattleDelegate.java:125)
	at games.strategy.engine.framework.ServerGame.startStep(ServerGame.java:611)
	at games.strategy.engine.framework.ServerGame.runStep(ServerGame.java:471)
	at games.strategy.engine.framework.ServerGame.runNextStep(ServerGame.java:365)
	at games.strategy.engine.framework.ServerGame.startGame(ServerGame.java:333)
	at games.strategy.engine.framework.startup.launcher.LocalLauncher.launchInternal(LocalLauncher.java:92)
	at games.strategy.engine.framework.startup.launcher.LocalLauncher.lambda$launch$0(LocalLauncher.java:60)
	at java.base/java.lang.Thread.run(Thread.java:840)
199515 18:21:41.206 [Thread-8] INFO  org.triplea.sound.ClipPlayer - Unable to create audio device, is there audio on the system? Cannot create AudioDevice
javazoom.jl.decoder.JavaLayerException: Cannot create AudioDevice
	at javazoom.jl.player.FactoryRegistry.createAudioDevice(FactoryRegistry.java:97)
	at org.triplea.sound.ClipPlayer.hasAudio(ClipPlayer.java:144)
	at org.triplea.sound.ClipPlayer.isSoundEnabled(ClipPlayer.java:251)
	at org.triplea.sound.ClipPlayer.play(ClipPlayer.java:220)
	at org.triplea.sound.DefaultSoundChannel.playSoundForAll(DefaultSoundChannel.java:22)
	at jdk.internal.reflect.GeneratedMethodAccessor55.invoke(Unknown Source)
	at java.base/jdk.internal.reflect.DelegatingMethodAccessorImpl.invoke(DelegatingMethodAccessorImpl.java:43)
	at java.base/java.lang.reflect.Method.invoke(Method.java:569)
	at games.strategy.engine.message.unifiedmessenger.EndPoint.invokeSingle(EndPoint.java:137)
	at games.strategy.engine.message.unifiedmessenger.EndPoint.lambda$invokeMultiple$0(EndPoint.java:121)
	at java.base/java.util.stream.ReferencePipeline$3$1.accept(ReferencePipeline.java:197)
	at java.base/java.util.Spliterators$ArraySpliterator.forEachRemaining(Spliterators.java:992)
	at java.base/java.util.stream.AbstractPipeline.copyInto(AbstractPipeline.java:509)
	at java.base/java.util.stream.AbstractPipeline.wrapAndCopyInto(AbstractPipeline.java:499)
	at java.base/java.util.stream.ReduceOps$ReduceOp.evaluateSequential(ReduceOps.java:921)
	at java.base/java.util.stream.AbstractPipeline.evaluate(AbstractPipeline.java:234)
	at java.base/java.util.stream.ReferencePipeline.collect(ReferencePipeline.java:682)
	at games.strategy.engine.message.unifiedmessenger.EndPoint.invokeMultiple(EndPoint.java:122)
	at games.strategy.engine.message.unifiedmessenger.EndPoint.invokeLocal(EndPoint.java:112)
	at games.strategy.engine.message.unifiedmessenger.UnifiedMessenger.invoke(UnifiedMessenger.java:153)
	at games.strategy.engine.message.UnifiedInvocationHandler.invoke(UnifiedInvocationHandler.java:47)
	at jdk.proxy2/jdk.proxy2.$Proxy25.playSoundForAll(Unknown Source)
	at jdk.internal.reflect.GeneratedMethodAccessor54.invoke(Unknown Source)
	at java.base/jdk.internal.reflect.DelegatingMethodAccessorImpl.invoke(DelegatingMethodAccessorImpl.java:43)
	at java.base/java.lang.reflect.Method.invoke(Method.java:569)
	at games.strategy.engine.delegate.DelegateExecutionManager.lambda$newOutboundImplementation$1(DelegateExecutionManager.java:79)
	at jdk.proxy2/jdk.proxy2.$Proxy25.playSoundForAll(Unknown Source)
	at games.strategy.triplea.delegate.battle.BattleTracker.takeOver(BattleTracker.java:794)
	at games.strategy.triplea.delegate.battle.MustFightBattle.attackerWins(MustFightBattle.java:1430)
	at games.strategy.triplea.delegate.battle.MustFightBattle.endBattle(MustFightBattle.java:462)
	at games.strategy.triplea.delegate.battle.steps.change.CheckGeneralBattleEnd.execute(CheckGeneralBattleEnd.java:64)
	at games.strategy.triplea.delegate.ExecutionStack.execute(ExecutionStack.java:34)
	at games.strategy.triplea.delegate.battle.MustFightBattle.fight(MustFightBattle.java:690)
	at games.strategy.triplea.delegate.battle.BattleTracker.fightBattleIfOnlyOne(BattleTracker.java:1300)
	at games.strategy.triplea.delegate.battle.BattleDelegate.start(BattleDelegate.java:125)
	at games.strategy.engine.framework.ServerGame.startStep(ServerGame.java:611)
	at games.strategy.engine.framework.ServerGame.runStep(ServerGame.java:471)
	at games.strategy.engine.framework.ServerGame.runNextStep(ServerGame.java:365)
	at games.strategy.engine.framework.ServerGame.startGame(ServerGame.java:333)
	at games.strategy.engine.framework.startup.launcher.LocalLauncher.launchInternal(LocalLauncher.java:92)
	at games.strategy.engine.framework.startup.launcher.LocalLauncher.lambda$launch$0(LocalLauncher.java:60)
	at java.base/java.lang.Thread.run(Thread.java:840)
201483 18:21:43.174 [Thread-8] INFO  org.triplea.sound.ClipPlayer - Unable to create audio device, is there audio on the system? Cannot create AudioDevice
javazoom.jl.decoder.JavaLayerException: Cannot create AudioDevice
	at javazoom.jl.player.FactoryRegistry.createAudioDevice(FactoryRegistry.java:97)
	at org.triplea.sound.ClipPlayer.hasAudio(ClipPlayer.java:144)
	at org.triplea.sound.ClipPlayer.isSoundEnabled(ClipPlayer.java:251)
	at org.triplea.sound.ClipPlayer.play(ClipPlayer.java:220)
	at org.triplea.sound.DefaultSoundChannel.playSoundForAll(DefaultSoundChannel.java:22)
	at jdk.internal.reflect.GeneratedMethodAccessor55.invoke(Unknown Source)
	at java.base/jdk.internal.reflect.DelegatingMethodAccessorImpl.invoke(DelegatingMethodAccessorImpl.java:43)
	at java.base/java.lang.reflect.Method.invoke(Method.java:569)
	at games.strategy.engine.message.unifiedmessenger.EndPoint.invokeSingle(EndPoint.java:137)
	at games.strategy.engine.message.unifiedmessenger.EndPoint.lambda$invokeMultiple$0(EndPoint.java:121)
	at java.base/java.util.stream.ReferencePipeline$3$1.accept(ReferencePipeline.java:197)
	at java.base/java.util.Spliterators$ArraySpliterator.forEachRemaining(Spliterators.java:992)
	at java.base/java.util.stream.AbstractPipeline.copyInto(AbstractPipeline.java:509)
	at java.base/java.util.stream.AbstractPipeline.wrapAndCopyInto(AbstractPipeline.java:499)
	at java.base/java.util.stream.ReduceOps$ReduceOp.evaluateSequential(ReduceOps.java:921)
	at java.base/java.util.stream.AbstractPipeline.evaluate(AbstractPipeline.java:234)
	at java.base/java.util.stream.ReferencePipeline.collect(ReferencePipeline.java:682)
	at games.strategy.engine.message.unifiedmessenger.EndPoint.invokeMultiple(EndPoint.java:122)
	at games.strategy.engine.message.unifiedmessenger.EndPoint.invokeLocal(EndPoint.java:112)
	at games.strategy.engine.message.unifiedmessenger.UnifiedMessenger.invoke(UnifiedMessenger.java:153)
	at games.strategy.engine.message.UnifiedInvocationHandler.invoke(UnifiedInvocationHandler.java:47)
	at jdk.proxy2/jdk.proxy2.$Proxy25.playSoundForAll(Unknown Source)
	at jdk.internal.reflect.GeneratedMethodAccessor54.invoke(Unknown Source)
	at java.base/jdk.internal.reflect.DelegatingMethodAccessorImpl.invoke(DelegatingMethodAccessorImpl.java:43)
	at java.base/java.lang.reflect.Method.invoke(Method.java:569)
	at games.strategy.engine.delegate.DelegateExecutionManager.lambda$newOutboundImplementation$1(DelegateExecutionManager.java:79)
	at jdk.proxy2/jdk.proxy2.$Proxy25.playSoundForAll(Unknown Source)
	at games.strategy.triplea.delegate.AbstractPlaceDelegate.placeUnits(AbstractPlaceDelegate.java:302)
	at games.strategy.triplea.delegate.AbstractPlaceDelegate.placeUnits(AbstractPlaceDelegate.java:201)
	at jdk.internal.reflect.GeneratedMethodAccessor42.invoke(Unknown Source)
	at java.base/jdk.internal.reflect.DelegatingMethodAccessorImpl.invoke(DelegatingMethodAccessorImpl.java:43)
	at java.base/java.lang.reflect.Method.invoke(Method.java:569)
	at games.strategy.engine.delegate.DelegateExecutionManager$1.invoke(DelegateExecutionManager.java:120)
	at jdk.proxy2/jdk.proxy2.$Proxy16.placeUnits(Unknown Source)
	at jdk.internal.reflect.GeneratedMethodAccessor61.invoke(Unknown Source)
	at java.base/jdk.internal.reflect.DelegatingMethodAccessorImpl.invoke(DelegatingMethodAccessorImpl.java:43)
	at java.base/java.lang.reflect.Method.invoke(Method.java:569)
	at games.strategy.engine.message.unifiedmessenger.EndPoint.invokeSingle(EndPoint.java:137)
	at games.strategy.engine.message.unifiedmessenger.EndPoint.lambda$invokeMultiple$0(EndPoint.java:121)
	at java.base/java.util.stream.ReferencePipeline$3$1.accept(ReferencePipeline.java:197)
	at java.base/java.util.Spliterators$ArraySpliterator.forEachRemaining(Spliterators.java:992)
	at java.base/java.util.stream.AbstractPipeline.copyInto(AbstractPipeline.java:509)
	at java.base/java.util.stream.AbstractPipeline.wrapAndCopyInto(AbstractPipeline.java:499)
	at java.base/java.util.stream.ReduceOps$ReduceOp.evaluateSequential(ReduceOps.java:921)
	at java.base/java.util.stream.AbstractPipeline.evaluate(AbstractPipeline.java:234)
	at java.base/java.util.stream.ReferencePipeline.collect(ReferencePipeline.java:682)
	at games.strategy.engine.message.unifiedmessenger.EndPoint.invokeMultiple(EndPoint.java:122)
	at games.strategy.engine.message.unifiedmessenger.EndPoint.invokeLocal(EndPoint.java:112)
	at games.strategy.engine.message.unifiedmessenger.UnifiedMessenger.invokeAndWait(UnifiedMessenger.java:97)
	at games.strategy.engine.message.UnifiedInvocationHandler.invoke(UnifiedInvocationHandler.java:55)
	at jdk.proxy2/jdk.proxy2.$Proxy16.placeUnits(Unknown Source)
	at jdk.internal.reflect.GeneratedMethodAccessor42.invoke(Unknown Source)
	at java.base/jdk.internal.reflect.DelegatingMethodAccessorImpl.invoke(DelegatingMethodAccessorImpl.java:43)
	at java.base/java.lang.reflect.Method.invoke(Method.java:569)
	at games.strategy.engine.player.PlayerBridge$GameOverInvocationHandler.invoke(PlayerBridge.java:151)
	at jdk.proxy2/jdk.proxy2.$Proxy16.placeUnits(Unknown Source)
	at games.strategy.triplea.ai.weak.WeakAi.doPlace(WeakAi.java:1110)
	at games.strategy.triplea.ai.weak.WeakAi.placeAllWeCanOn(WeakAi.java:1104)
	at games.strategy.triplea.ai.weak.WeakAi.lambda$place$15(WeakAi.java:1054)
	at java.base/java.util.Optional.ifPresent(Optional.java:178)
	at games.strategy.triplea.ai.weak.WeakAi.place(WeakAi.java:1054)
	at games.strategy.triplea.ai.AbstractAi.start(AbstractAi.java:531)
	at games.strategy.engine.framework.ServerGame.waitForPlayerToFinishStep(ServerGame.java:648)
	at games.strategy.engine.framework.ServerGame.runStep(ServerGame.java:478)
	at games.strategy.engine.framework.ServerGame.runNextStep(ServerGame.java:365)
	at games.strategy.engine.framework.ServerGame.startGame(ServerGame.java:333)
	at games.strategy.engine.framework.startup.launcher.LocalLauncher.launchInternal(LocalLauncher.java:92)
	at games.strategy.engine.framework.startup.launcher.LocalLauncher.lambda$launch$0(LocalLauncher.java:60)
	at java.base/java.lang.Thread.run(Thread.java:840)
202253 18:21:43.944 [Thread-8] INFO  org.triplea.sound.ClipPlayer - Unable to create audio device, is there audio on the system? Cannot create AudioDevice
javazoom.jl.decoder.JavaLayerException: Cannot create AudioDevice
	at javazoom.jl.player.FactoryRegistry.createAudioDevice(FactoryRegistry.java:97)
	at org.triplea.sound.ClipPlayer.hasAudio(ClipPlayer.java:144)
	at org.triplea.sound.ClipPlayer.isSoundEnabled(ClipPlayer.java:251)
	at org.triplea.sound.ClipPlayer.play(ClipPlayer.java:220)
	at org.triplea.sound.DefaultSoundChannel.playSoundForAll(DefaultSoundChannel.java:22)
	at jdk.internal.reflect.GeneratedMethodAccessor55.invoke(Unknown Source)
	at java.base/jdk.internal.reflect.DelegatingMethodAccessorImpl.invoke(DelegatingMethodAccessorImpl.java:43)
	at java.base/java.lang.reflect.Method.invoke(Method.java:569)
	at games.strategy.engine.message.unifiedmessenger.EndPoint.invokeSingle(EndPoint.java:137)
	at games.strategy.engine.message.unifiedmessenger.EndPoint.lambda$invokeMultiple$0(EndPoint.java:121)
	at java.base/java.util.stream.ReferencePipeline$3$1.accept(ReferencePipeline.java:197)
	at java.base/java.util.Spliterators$ArraySpliterator.forEachRemaining(Spliterators.java:992)
	at java.base/java.util.stream.AbstractPipeline.copyInto(AbstractPipeline.java:509)
	at java.base/java.util.stream.AbstractPipeline.wrapAndCopyInto(AbstractPipeline.java:499)
	at java.base/java.util.stream.ReduceOps$ReduceOp.evaluateSequential(ReduceOps.java:921)
	at java.base/java.util.stream.AbstractPipeline.evaluate(AbstractPipeline.java:234)
	at java.base/java.util.stream.ReferencePipeline.collect(ReferencePipeline.java:682)
	at games.strategy.engine.message.unifiedmessenger.EndPoint.invokeMultiple(EndPoint.java:122)
	at games.strategy.engine.message.unifiedmessenger.EndPoint.invokeLocal(EndPoint.java:112)
	at games.strategy.engine.message.unifiedmessenger.UnifiedMessenger.invoke(UnifiedMessenger.java:153)
	at games.strategy.engine.message.UnifiedInvocationHandler.invoke(UnifiedInvocationHandler.java:47)
	at jdk.proxy2/jdk.proxy2.$Proxy25.playSoundForAll(Unknown Source)
	at jdk.internal.reflect.GeneratedMethodAccessor54.invoke(Unknown Source)
	at java.base/jdk.internal.reflect.DelegatingMethodAccessorImpl.invoke(DelegatingMethodAccessorImpl.java:43)
	at java.base/java.lang.reflect.Method.invoke(Method.java:569)
	at games.strategy.engine.delegate.DelegateExecutionManager.lambda$newOutboundImplementation$1(DelegateExecutionManager.java:79)
	at jdk.proxy2/jdk.proxy2.$Proxy25.playSoundForAll(Unknown Source)
	at games.strategy.triplea.delegate.battle.BattleTracker.takeOver(BattleTracker.java:794)
	at games.strategy.triplea.delegate.battle.BattleTracker.addEmptyBattle(BattleTracker.java:523)
	at games.strategy.triplea.delegate.battle.BattleTracker.addBattle(BattleTracker.java:345)
	at games.strategy.triplea.delegate.battle.BattleTracker.addBattle(BattleTracker.java:293)
	at games.strategy.triplea.delegate.MovePerformer$3.execute(MovePerformer.java:267)
	at games.strategy.triplea.delegate.ExecutionStack.execute(ExecutionStack.java:34)
	at games.strategy.triplea.delegate.MovePerformer.populateStack(MovePerformer.java:324)
	at games.strategy.triplea.delegate.MovePerformer.moveUnits(MovePerformer.java:81)
	at games.strategy.triplea.delegate.MoveDelegate.performMove(MoveDelegate.java:675)
	at jdk.internal.reflect.GeneratedMethodAccessor45.invoke(Unknown Source)
	at java.base/jdk.internal.reflect.DelegatingMethodAccessorImpl.invoke(DelegatingMethodAccessorImpl.java:43)
	at java.base/java.lang.reflect.Method.invoke(Method.java:569)
	at games.strategy.engine.delegate.DelegateExecutionManager$1.invoke(DelegateExecutionManager.java:120)
	at jdk.proxy2/jdk.proxy2.$Proxy14.performMove(Unknown Source)
	at jdk.internal.reflect.GeneratedMethodAccessor56.invoke(Unknown Source)
	at java.base/jdk.internal.reflect.DelegatingMethodAccessorImpl.invoke(DelegatingMethodAccessorImpl.java:43)
	at java.base/java.lang.reflect.Method.invoke(Method.java:569)
	at games.strategy.engine.message.unifiedmessenger.EndPoint.invokeSingle(EndPoint.java:137)
	at games.strategy.engine.message.unifiedmessenger.EndPoint.lambda$invokeMultiple$0(EndPoint.java:121)
	at java.base/java.util.stream.ReferencePipeline$3$1.accept(ReferencePipeline.java:197)
	at java.base/java.util.Spliterators$ArraySpliterator.forEachRemaining(Spliterators.java:992)
	at java.base/java.util.stream.AbstractPipeline.copyInto(AbstractPipeline.java:509)
	at java.base/java.util.stream.AbstractPipeline.wrapAndCopyInto(AbstractPipeline.java:499)
	at java.base/java.util.stream.ReduceOps$ReduceOp.evaluateSequential(ReduceOps.java:921)
	at java.base/java.util.stream.AbstractPipeline.evaluate(AbstractPipeline.java:234)
	at java.base/java.util.stream.ReferencePipeline.collect(ReferencePipeline.java:682)
	at games.strategy.engine.message.unifiedmessenger.EndPoint.invokeMultiple(EndPoint.java:122)
	at games.strategy.engine.message.unifiedmessenger.EndPoint.invokeLocal(EndPoint.java:112)
	at games.strategy.engine.message.unifiedmessenger.UnifiedMessenger.invokeAndWait(UnifiedMessenger.java:97)
	at games.strategy.engine.message.UnifiedInvocationHandler.invoke(UnifiedInvocationHandler.java:55)
	at jdk.proxy2/jdk.proxy2.$Proxy14.performMove(Unknown Source)
	at jdk.internal.reflect.GeneratedMethodAccessor45.invoke(Unknown Source)
	at java.base/jdk.internal.reflect.DelegatingMethodAccessorImpl.invoke(DelegatingMethodAccessorImpl.java:43)
	at java.base/java.lang.reflect.Method.invoke(Method.java:569)
	at games.strategy.engine.player.PlayerBridge$GameOverInvocationHandler.invoke(PlayerBridge.java:151)
	at jdk.proxy2/jdk.proxy2.$Proxy14.performMove(Unknown Source)
	at games.strategy.triplea.ai.weak.WeakAi.doMove(WeakAi.java:237)
	at games.strategy.triplea.ai.weak.WeakAi.doCombatMove(WeakAi.java:152)
	at games.strategy.triplea.ai.weak.WeakAi.move(WeakAi.java:124)
	at games.strategy.triplea.ai.AbstractAi.start(AbstractAi.java:521)
	at games.strategy.engine.framework.ServerGame.waitForPlayerToFinishStep(ServerGame.java:648)
	at games.strategy.engine.framework.ServerGame.runStep(ServerGame.java:478)
	at games.strategy.engine.framework.ServerGame.runNextStep(ServerGame.java:365)
	at games.strategy.engine.framework.ServerGame.startGame(ServerGame.java:333)
	at games.strategy.engine.framework.startup.launcher.LocalLauncher.launchInternal(LocalLauncher.java:92)
	at games.strategy.engine.framework.startup.launcher.LocalLauncher.lambda$launch$0(LocalLauncher.java:60)
	at java.base/java.lang.Thread.run(Thread.java:840)
203615 18:21:45.306 [Thread-8] INFO  org.triplea.sound.ClipPlayer - Unable to create audio device, is there audio on the system? Cannot create AudioDevice
javazoom.jl.decoder.JavaLayerException: Cannot create AudioDevice
	at javazoom.jl.player.FactoryRegistry.createAudioDevice(FactoryRegistry.java:97)
	at org.triplea.sound.ClipPlayer.hasAudio(ClipPlayer.java:144)
	at org.triplea.sound.ClipPlayer.isSoundEnabled(ClipPlayer.java:251)
	at org.triplea.sound.ClipPlayer.play(ClipPlayer.java:220)
	at org.triplea.sound.DefaultSoundChannel.playSoundForAll(DefaultSoundChannel.java:22)
	at jdk.internal.reflect.GeneratedMethodAccessor55.invoke(Unknown Source)
	at java.base/jdk.internal.reflect.DelegatingMethodAccessorImpl.invoke(DelegatingMethodAccessorImpl.java:43)
	at java.base/java.lang.reflect.Method.invoke(Method.java:569)
	at games.strategy.engine.message.unifiedmessenger.EndPoint.invokeSingle(EndPoint.java:137)
	at games.strategy.engine.message.unifiedmessenger.EndPoint.lambda$invokeMultiple$0(EndPoint.java:121)
	at java.base/java.util.stream.ReferencePipeline$3$1.accept(ReferencePipeline.java:197)
	at java.base/java.util.Spliterators$ArraySpliterator.forEachRemaining(Spliterators.java:992)
	at java.base/java.util.stream.AbstractPipeline.copyInto(AbstractPipeline.java:509)
	at java.base/java.util.stream.AbstractPipeline.wrapAndCopyInto(AbstractPipeline.java:499)
	at java.base/java.util.stream.ReduceOps$ReduceOp.evaluateSequential(ReduceOps.java:921)
	at java.base/java.util.stream.AbstractPipeline.evaluate(AbstractPipeline.java:234)
	at java.base/java.util.stream.ReferencePipeline.collect(ReferencePipeline.java:682)
	at games.strategy.engine.message.unifiedmessenger.EndPoint.invokeMultiple(EndPoint.java:122)
	at games.strategy.engine.message.unifiedmessenger.EndPoint.invokeLocal(EndPoint.java:112)
	at games.strategy.engine.message.unifiedmessenger.UnifiedMessenger.invoke(UnifiedMessenger.java:153)
	at games.strategy.engine.message.UnifiedInvocationHandler.invoke(UnifiedInvocationHandler.java:47)
	at jdk.proxy2/jdk.proxy2.$Proxy25.playSoundForAll(Unknown Source)
	at jdk.internal.reflect.GeneratedMethodAccessor54.invoke(Unknown Source)
	at java.base/jdk.internal.reflect.DelegatingMethodAccessorImpl.invoke(DelegatingMethodAccessorImpl.java:43)
	at java.base/java.lang.reflect.Method.invoke(Method.java:569)
	at games.strategy.engine.delegate.DelegateExecutionManager.lambda$newOutboundImplementation$1(DelegateExecutionManager.java:79)
	at jdk.proxy2/jdk.proxy2.$Proxy25.playSoundForAll(Unknown Source)
	at org.triplea.sound.SoundUtils.playBattleType(SoundUtils.java:42)
	at games.strategy.triplea.delegate.battle.MustFightBattle.fight(MustFightBattle.java:686)
	at games.strategy.triplea.delegate.battle.BattleTracker.fightBattleIfOnlyOne(BattleTracker.java:1300)
	at games.strategy.triplea.delegate.battle.BattleDelegate.start(BattleDelegate.java:125)
	at games.strategy.engine.framework.ServerGame.startStep(ServerGame.java:611)
	at games.strategy.engine.framework.ServerGame.runStep(ServerGame.java:471)
	at games.strategy.engine.framework.ServerGame.runNextStep(ServerGame.java:365)
	at games.strategy.engine.framework.ServerGame.startGame(ServerGame.java:333)
	at games.strategy.engine.framework.startup.launcher.LocalLauncher.launchInternal(LocalLauncher.java:92)
	at games.strategy.engine.framework.startup.launcher.LocalLauncher.lambda$launch$0(LocalLauncher.java:60)
	at java.base/java.lang.Thread.run(Thread.java:840)
205792 18:21:47.483 [Thread-8] INFO  org.triplea.sound.ClipPlayer - Unable to create audio device, is there audio on the system? Cannot create AudioDevice
javazoom.jl.decoder.JavaLayerException: Cannot create AudioDevice
	at javazoom.jl.player.FactoryRegistry.createAudioDevice(FactoryRegistry.java:97)
	at org.triplea.sound.ClipPlayer.hasAudio(ClipPlayer.java:144)
	at org.triplea.sound.ClipPlayer.isSoundEnabled(ClipPlayer.java:251)
	at org.triplea.sound.ClipPlayer.play(ClipPlayer.java:220)
	at org.triplea.sound.DefaultSoundChannel.playSoundForAll(DefaultSoundChannel.java:22)
	at jdk.internal.reflect.GeneratedMethodAccessor55.invoke(Unknown Source)
	at java.base/jdk.internal.reflect.DelegatingMethodAccessorImpl.invoke(DelegatingMethodAccessorImpl.java:43)
	at java.base/java.lang.reflect.Method.invoke(Method.java:569)
	at games.strategy.engine.message.unifiedmessenger.EndPoint.invokeSingle(EndPoint.java:137)
	at games.strategy.engine.message.unifiedmessenger.EndPoint.lambda$invokeMultiple$0(EndPoint.java:121)
	at java.base/java.util.stream.ReferencePipeline$3$1.accept(ReferencePipeline.java:197)
	at java.base/java.util.Spliterators$ArraySpliterator.forEachRemaining(Spliterators.java:992)
	at java.base/java.util.stream.AbstractPipeline.copyInto(AbstractPipeline.java:509)
	at java.base/java.util.stream.AbstractPipeline.wrapAndCopyInto(AbstractPipeline.java:499)
	at java.base/java.util.stream.ReduceOps$ReduceOp.evaluateSequential(ReduceOps.java:921)
	at java.base/java.util.stream.AbstractPipeline.evaluate(AbstractPipeline.java:234)
	at java.base/java.util.stream.ReferencePipeline.collect(ReferencePipeline.java:682)
	at games.strategy.engine.message.unifiedmessenger.EndPoint.invokeMultiple(EndPoint.java:122)
	at games.strategy.engine.message.unifiedmessenger.EndPoint.invokeLocal(EndPoint.java:112)
	at games.strategy.engine.message.unifiedmessenger.UnifiedMessenger.invoke(UnifiedMessenger.java:153)
	at games.strategy.engine.message.UnifiedInvocationHandler.invoke(UnifiedInvocationHandler.java:47)
	at jdk.proxy2/jdk.proxy2.$Proxy25.playSoundForAll(Unknown Source)
	at jdk.internal.reflect.GeneratedMethodAccessor54.invoke(Unknown Source)
	at java.base/jdk.internal.reflect.DelegatingMethodAccessorImpl.invoke(DelegatingMethodAccessorImpl.java:43)
	at java.base/java.lang.reflect.Method.invoke(Method.java:569)
	at games.strategy.engine.delegate.DelegateExecutionManager.lambda$newOutboundImplementation$1(DelegateExecutionManager.java:79)
	at jdk.proxy2/jdk.proxy2.$Proxy25.playSoundForAll(Unknown Source)
	at games.strategy.triplea.delegate.battle.BattleTracker.takeOver(BattleTracker.java:794)
	at games.strategy.triplea.delegate.battle.MustFightBattle.attackerWins(MustFightBattle.java:1430)
	at games.strategy.triplea.delegate.battle.MustFightBattle.endBattle(MustFightBattle.java:462)
	at games.strategy.triplea.delegate.battle.steps.change.CheckGeneralBattleEnd.execute(CheckGeneralBattleEnd.java:64)
	at games.strategy.triplea.delegate.ExecutionStack.execute(ExecutionStack.java:34)
	at games.strategy.triplea.delegate.battle.MustFightBattle.fight(MustFightBattle.java:690)
	at games.strategy.triplea.delegate.battle.BattleTracker.fightBattleIfOnlyOne(BattleTracker.java:1300)
	at games.strategy.triplea.delegate.battle.BattleDelegate.start(BattleDelegate.java:125)
	at games.strategy.engine.framework.ServerGame.startStep(ServerGame.java:611)
	at games.strategy.engine.framework.ServerGame.runStep(ServerGame.java:471)
	at games.strategy.engine.framework.ServerGame.runNextStep(ServerGame.java:365)
	at games.strategy.engine.framework.ServerGame.startGame(ServerGame.java:333)
	at games.strategy.engine.framework.startup.launcher.LocalLauncher.launchInternal(LocalLauncher.java:92)
	at games.strategy.engine.framework.startup.launcher.LocalLauncher.lambda$launch$0(LocalLauncher.java:60)
	at java.base/java.lang.Thread.run(Thread.java:840)
209358 18:21:51.049 [Thread-8] INFO  org.triplea.sound.ClipPlayer - Unable to create audio device, is there audio on the system? Cannot create AudioDevice
javazoom.jl.decoder.JavaLayerException: Cannot create AudioDevice
	at javazoom.jl.player.FactoryRegistry.createAudioDevice(FactoryRegistry.java:97)
	at org.triplea.sound.ClipPlayer.hasAudio(ClipPlayer.java:144)
	at org.triplea.sound.ClipPlayer.isSoundEnabled(ClipPlayer.java:251)
	at org.triplea.sound.ClipPlayer.play(ClipPlayer.java:220)
	at org.triplea.sound.DefaultSoundChannel.playSoundForAll(DefaultSoundChannel.java:22)
	at jdk.internal.reflect.GeneratedMethodAccessor55.invoke(Unknown Source)
	at java.base/jdk.internal.reflect.DelegatingMethodAccessorImpl.invoke(DelegatingMethodAccessorImpl.java:43)
	at java.base/java.lang.reflect.Method.invoke(Method.java:569)
	at games.strategy.engine.message.unifiedmessenger.EndPoint.invokeSingle(EndPoint.java:137)
	at games.strategy.engine.message.unifiedmessenger.EndPoint.lambda$invokeMultiple$0(EndPoint.java:121)
	at java.base/java.util.stream.ReferencePipeline$3$1.accept(ReferencePipeline.java:197)
	at java.base/java.util.Spliterators$ArraySpliterator.forEachRemaining(Spliterators.java:992)
	at java.base/java.util.stream.AbstractPipeline.copyInto(AbstractPipeline.java:509)
	at java.base/java.util.stream.AbstractPipeline.wrapAndCopyInto(AbstractPipeline.java:499)
	at java.base/java.util.stream.ReduceOps$ReduceOp.evaluateSequential(ReduceOps.java:921)
	at java.base/java.util.stream.AbstractPipeline.evaluate(AbstractPipeline.java:234)
	at java.base/java.util.stream.ReferencePipeline.collect(ReferencePipeline.java:682)
	at games.strategy.engine.message.unifiedmessenger.EndPoint.invokeMultiple(EndPoint.java:122)
	at games.strategy.engine.message.unifiedmessenger.EndPoint.invokeLocal(EndPoint.java:112)
	at games.strategy.engine.message.unifiedmessenger.UnifiedMessenger.invoke(UnifiedMessenger.java:153)
	at games.strategy.engine.message.UnifiedInvocationHandler.invoke(UnifiedInvocationHandler.java:47)
	at jdk.proxy2/jdk.proxy2.$Proxy25.playSoundForAll(Unknown Source)
	at jdk.internal.reflect.GeneratedMethodAccessor54.invoke(Unknown Source)
	at java.base/jdk.internal.reflect.DelegatingMethodAccessorImpl.invoke(DelegatingMethodAccessorImpl.java:43)
	at java.base/java.lang.reflect.Method.invoke(Method.java:569)
	at games.strategy.engine.delegate.DelegateExecutionManager.lambda$newOutboundImplementation$1(DelegateExecutionManager.java:79)
	at jdk.proxy2/jdk.proxy2.$Proxy25.playSoundForAll(Unknown Source)
	at games.strategy.triplea.delegate.AbstractPlaceDelegate.placeUnits(AbstractPlaceDelegate.java:302)
	at games.strategy.triplea.delegate.AbstractPlaceDelegate.placeUnits(AbstractPlaceDelegate.java:201)
	at jdk.internal.reflect.GeneratedMethodAccessor42.invoke(Unknown Source)
	at java.base/jdk.internal.reflect.DelegatingMethodAccessorImpl.invoke(DelegatingMethodAccessorImpl.java:43)
	at java.base/java.lang.reflect.Method.invoke(Method.java:569)
	at games.strategy.engine.delegate.DelegateExecutionManager$1.invoke(DelegateExecutionManager.java:120)
	at jdk.proxy2/jdk.proxy2.$Proxy16.placeUnits(Unknown Source)
	at jdk.internal.reflect.GeneratedMethodAccessor61.invoke(Unknown Source)
	at java.base/jdk.internal.reflect.DelegatingMethodAccessorImpl.invoke(DelegatingMethodAccessorImpl.java:43)
	at java.base/java.lang.reflect.Method.invoke(Method.java:569)
	at games.strategy.engine.message.unifiedmessenger.EndPoint.invokeSingle(EndPoint.java:137)
	at games.strategy.engine.message.unifiedmessenger.EndPoint.lambda$invokeMultiple$0(EndPoint.java:121)
	at java.base/java.util.stream.ReferencePipeline$3$1.accept(ReferencePipeline.java:197)
	at java.base/java.util.Spliterators$ArraySpliterator.forEachRemaining(Spliterators.java:992)
	at java.base/java.util.stream.AbstractPipeline.copyInto(AbstractPipeline.java:509)
	at java.base/java.util.stream.AbstractPipeline.wrapAndCopyInto(AbstractPipeline.java:499)
	at java.base/java.util.stream.ReduceOps$ReduceOp.evaluateSequential(ReduceOps.java:921)
	at java.base/java.util.stream.AbstractPipeline.evaluate(AbstractPipeline.java:234)
	at java.base/java.util.stream.ReferencePipeline.collect(ReferencePipeline.java:682)
	at games.strategy.engine.message.unifiedmessenger.EndPoint.invokeMultiple(EndPoint.java:122)
	at games.strategy.engine.message.unifiedmessenger.EndPoint.invokeLocal(EndPoint.java:112)
	at games.strategy.engine.message.unifiedmessenger.UnifiedMessenger.invokeAndWait(UnifiedMessenger.java:97)
	at games.strategy.engine.message.UnifiedInvocationHandler.invoke(UnifiedInvocationHandler.java:55)
	at jdk.proxy2/jdk.proxy2.$Proxy16.placeUnits(Unknown Source)
	at jdk.internal.reflect.GeneratedMethodAccessor42.invoke(Unknown Source)
	at java.base/jdk.internal.reflect.DelegatingMethodAccessorImpl.invoke(DelegatingMethodAccessorImpl.java:43)
	at java.base/java.lang.reflect.Method.invoke(Method.java:569)
	at games.strategy.engine.player.PlayerBridge$GameOverInvocationHandler.invoke(PlayerBridge.java:151)
	at jdk.proxy2/jdk.proxy2.$Proxy16.placeUnits(Unknown Source)
	at games.strategy.triplea.ai.weak.WeakAi.doPlace(WeakAi.java:1110)
	at games.strategy.triplea.ai.weak.WeakAi.placeAllWeCanOn(WeakAi.java:1104)
	at games.strategy.triplea.ai.weak.WeakAi.lambda$place$15(WeakAi.java:1054)
	at java.base/java.util.Optional.ifPresent(Optional.java:178)
	at games.strategy.triplea.ai.weak.WeakAi.place(WeakAi.java:1054)
	at games.strategy.triplea.ai.AbstractAi.start(AbstractAi.java:531)
	at games.strategy.engine.framework.ServerGame.waitForPlayerToFinishStep(ServerGame.java:648)
	at games.strategy.engine.framework.ServerGame.runStep(ServerGame.java:478)
	at games.strategy.engine.framework.ServerGame.runNextStep(ServerGame.java:365)
	at games.strategy.engine.framework.ServerGame.startGame(ServerGame.java:333)
	at games.strategy.engine.framework.startup.launcher.LocalLauncher.launchInternal(LocalLauncher.java:92)
	at games.strategy.engine.framework.startup.launcher.LocalLauncher.lambda$launch$0(LocalLauncher.java:60)
	at java.base/java.lang.Thread.run(Thread.java:840)
210925 18:21:52.616 [Thread-8] INFO  org.triplea.sound.ClipPlayer - Unable to create audio device, is there audio on the system? Cannot create AudioDevice
javazoom.jl.decoder.JavaLayerException: Cannot create AudioDevice
	at javazoom.jl.player.FactoryRegistry.createAudioDevice(FactoryRegistry.java:97)
	at org.triplea.sound.ClipPlayer.hasAudio(ClipPlayer.java:144)
	at org.triplea.sound.ClipPlayer.isSoundEnabled(ClipPlayer.java:251)
	at org.triplea.sound.ClipPlayer.play(ClipPlayer.java:220)
	at org.triplea.sound.DefaultSoundChannel.playSoundForAll(DefaultSoundChannel.java:22)
	at jdk.internal.reflect.GeneratedMethodAccessor55.invoke(Unknown Source)
	at java.base/jdk.internal.reflect.DelegatingMethodAccessorImpl.invoke(DelegatingMethodAccessorImpl.java:43)
	at java.base/java.lang.reflect.Method.invoke(Method.java:569)
	at games.strategy.engine.message.unifiedmessenger.EndPoint.invokeSingle(EndPoint.java:137)
	at games.strategy.engine.message.unifiedmessenger.EndPoint.lambda$invokeMultiple$0(EndPoint.java:121)
	at java.base/java.util.stream.ReferencePipeline$3$1.accept(ReferencePipeline.java:197)
	at java.base/java.util.Spliterators$ArraySpliterator.forEachRemaining(Spliterators.java:992)
	at java.base/java.util.stream.AbstractPipeline.copyInto(AbstractPipeline.java:509)
	at java.base/java.util.stream.AbstractPipeline.wrapAndCopyInto(AbstractPipeline.java:499)
	at java.base/java.util.stream.ReduceOps$ReduceOp.evaluateSequential(ReduceOps.java:921)
	at java.base/java.util.stream.AbstractPipeline.evaluate(AbstractPipeline.java:234)
	at java.base/java.util.stream.ReferencePipeline.collect(ReferencePipeline.java:682)
	at games.strategy.engine.message.unifiedmessenger.EndPoint.invokeMultiple(EndPoint.java:122)
	at games.strategy.engine.message.unifiedmessenger.EndPoint.invokeLocal(EndPoint.java:112)
	at games.strategy.engine.message.unifiedmessenger.UnifiedMessenger.invoke(UnifiedMessenger.java:153)
	at games.strategy.engine.message.UnifiedInvocationHandler.invoke(UnifiedInvocationHandler.java:47)
	at jdk.proxy2/jdk.proxy2.$Proxy25.playSoundForAll(Unknown Source)
	at jdk.internal.reflect.GeneratedMethodAccessor54.invoke(Unknown Source)
	at java.base/jdk.internal.reflect.DelegatingMethodAccessorImpl.invoke(DelegatingMethodAccessorImpl.java:43)
	at java.base/java.lang.reflect.Method.invoke(Method.java:569)
	at games.strategy.engine.delegate.DelegateExecutionManager.lambda$newOutboundImplementation$1(DelegateExecutionManager.java:79)
	at jdk.proxy2/jdk.proxy2.$Proxy25.playSoundForAll(Unknown Source)
	at org.triplea.sound.SoundUtils.playBattleType(SoundUtils.java:42)
	at games.strategy.triplea.delegate.battle.MustFightBattle.fight(MustFightBattle.java:686)
	at games.strategy.triplea.delegate.battle.BattleTracker.fightBattleIfOnlyOne(BattleTracker.java:1300)
	at games.strategy.triplea.delegate.battle.BattleDelegate.start(BattleDelegate.java:125)
	at games.strategy.engine.framework.ServerGame.startStep(ServerGame.java:611)
	at games.strategy.engine.framework.ServerGame.runStep(ServerGame.java:471)
	at games.strategy.engine.framework.ServerGame.runNextStep(ServerGame.java:365)
	at games.strategy.engine.framework.ServerGame.startGame(ServerGame.java:333)
	at games.strategy.engine.framework.startup.launcher.LocalLauncher.launchInternal(LocalLauncher.java:92)
	at games.strategy.engine.framework.startup.launcher.LocalLauncher.lambda$launch$0(LocalLauncher.java:60)
	at java.base/java.lang.Thread.run(Thread.java:840)
215238 18:21:56.929 [Thread-8] INFO  org.triplea.sound.ClipPlayer - Unable to create audio device, is there audio on the system? Cannot create AudioDevice
javazoom.jl.decoder.JavaLayerException: Cannot create AudioDevice
	at javazoom.jl.player.FactoryRegistry.createAudioDevice(FactoryRegistry.java:97)
	at org.triplea.sound.ClipPlayer.hasAudio(ClipPlayer.java:144)
	at org.triplea.sound.ClipPlayer.isSoundEnabled(ClipPlayer.java:251)
	at org.triplea.sound.ClipPlayer.play(ClipPlayer.java:220)
	at org.triplea.sound.DefaultSoundChannel.playSoundForAll(DefaultSoundChannel.java:22)
	at jdk.internal.reflect.GeneratedMethodAccessor55.invoke(Unknown Source)
	at java.base/jdk.internal.reflect.DelegatingMethodAccessorImpl.invoke(DelegatingMethodAccessorImpl.java:43)
	at java.base/java.lang.reflect.Method.invoke(Method.java:569)
	at games.strategy.engine.message.unifiedmessenger.EndPoint.invokeSingle(EndPoint.java:137)
	at games.strategy.engine.message.unifiedmessenger.EndPoint.lambda$invokeMultiple$0(EndPoint.java:121)
	at java.base/java.util.stream.ReferencePipeline$3$1.accept(ReferencePipeline.java:197)
	at java.base/java.util.Spliterators$ArraySpliterator.forEachRemaining(Spliterators.java:992)
	at java.base/java.util.stream.AbstractPipeline.copyInto(AbstractPipeline.java:509)
	at java.base/java.util.stream.AbstractPipeline.wrapAndCopyInto(AbstractPipeline.java:499)
	at java.base/java.util.stream.ReduceOps$ReduceOp.evaluateSequential(ReduceOps.java:921)
	at java.base/java.util.stream.AbstractPipeline.evaluate(AbstractPipeline.java:234)
	at java.base/java.util.stream.ReferencePipeline.collect(ReferencePipeline.java:682)
	at games.strategy.engine.message.unifiedmessenger.EndPoint.invokeMultiple(EndPoint.java:122)
	at games.strategy.engine.message.unifiedmessenger.EndPoint.invokeLocal(EndPoint.java:112)
	at games.strategy.engine.message.unifiedmessenger.UnifiedMessenger.invoke(UnifiedMessenger.java:153)
	at games.strategy.engine.message.UnifiedInvocationHandler.invoke(UnifiedInvocationHandler.java:47)
	at jdk.proxy2/jdk.proxy2.$Proxy25.playSoundForAll(Unknown Source)
	at jdk.internal.reflect.GeneratedMethodAccessor54.invoke(Unknown Source)
	at java.base/jdk.internal.reflect.DelegatingMethodAccessorImpl.invoke(DelegatingMethodAccessorImpl.java:43)
	at java.base/java.lang.reflect.Method.invoke(Method.java:569)
	at games.strategy.engine.delegate.DelegateExecutionManager.lambda$newOutboundImplementation$1(DelegateExecutionManager.java:79)
	at jdk.proxy2/jdk.proxy2.$Proxy25.playSoundForAll(Unknown Source)
	at games.strategy.triplea.delegate.battle.BattleTracker.takeOver(BattleTracker.java:794)
	at games.strategy.triplea.delegate.battle.MustFightBattle.attackerWins(MustFightBattle.java:1430)
	at games.strategy.triplea.delegate.battle.MustFightBattle.endBattle(MustFightBattle.java:462)
	at games.strategy.triplea.delegate.battle.steps.change.CheckGeneralBattleEnd.execute(CheckGeneralBattleEnd.java:64)
	at games.strategy.triplea.delegate.ExecutionStack.execute(ExecutionStack.java:34)
	at games.strategy.triplea.delegate.battle.MustFightBattle.fight(MustFightBattle.java:690)
	at games.strategy.triplea.delegate.battle.BattleTracker.fightBattleIfOnlyOne(BattleTracker.java:1300)
	at games.strategy.triplea.delegate.battle.BattleDelegate.start(BattleDelegate.java:125)
	at games.strategy.engine.framework.ServerGame.startStep(ServerGame.java:611)
	at games.strategy.engine.framework.ServerGame.runStep(ServerGame.java:471)
	at games.strategy.engine.framework.ServerGame.runNextStep(ServerGame.java:365)
	at games.strategy.engine.framework.ServerGame.startGame(ServerGame.java:333)
	at games.strategy.engine.framework.startup.launcher.LocalLauncher.launchInternal(LocalLauncher.java:92)
	at games.strategy.engine.framework.startup.launcher.LocalLauncher.lambda$launch$0(LocalLauncher.java:60)
	at java.base/java.lang.Thread.run(Thread.java:840)
217621 18:21:59.312 [Thread-8] INFO  org.triplea.sound.ClipPlayer - Unable to create audio device, is there audio on the system? Cannot create AudioDevice
javazoom.jl.decoder.JavaLayerException: Cannot create AudioDevice
	at javazoom.jl.player.FactoryRegistry.createAudioDevice(FactoryRegistry.java:97)
	at org.triplea.sound.ClipPlayer.hasAudio(ClipPlayer.java:144)
	at org.triplea.sound.ClipPlayer.isSoundEnabled(ClipPlayer.java:251)
	at org.triplea.sound.ClipPlayer.play(ClipPlayer.java:220)
	at org.triplea.sound.DefaultSoundChannel.playSoundForAll(DefaultSoundChannel.java:22)
	at jdk.internal.reflect.GeneratedMethodAccessor55.invoke(Unknown Source)
	at java.base/jdk.internal.reflect.DelegatingMethodAccessorImpl.invoke(DelegatingMethodAccessorImpl.java:43)
	at java.base/java.lang.reflect.Method.invoke(Method.java:569)
	at games.strategy.engine.message.unifiedmessenger.EndPoint.invokeSingle(EndPoint.java:137)
	at games.strategy.engine.message.unifiedmessenger.EndPoint.lambda$invokeMultiple$0(EndPoint.java:121)
	at java.base/java.util.stream.ReferencePipeline$3$1.accept(ReferencePipeline.java:197)
	at java.base/java.util.Spliterators$ArraySpliterator.forEachRemaining(Spliterators.java:992)
	at java.base/java.util.stream.AbstractPipeline.copyInto(AbstractPipeline.java:509)
	at java.base/java.util.stream.AbstractPipeline.wrapAndCopyInto(AbstractPipeline.java:499)
	at java.base/java.util.stream.ReduceOps$ReduceOp.evaluateSequential(ReduceOps.java:921)
	at java.base/java.util.stream.AbstractPipeline.evaluate(AbstractPipeline.java:234)
	at java.base/java.util.stream.ReferencePipeline.collect(ReferencePipeline.java:682)
	at games.strategy.engine.message.unifiedmessenger.EndPoint.invokeMultiple(EndPoint.java:122)
	at games.strategy.engine.message.unifiedmessenger.EndPoint.invokeLocal(EndPoint.java:112)
	at games.strategy.engine.message.unifiedmessenger.UnifiedMessenger.invoke(UnifiedMessenger.java:153)
	at games.strategy.engine.message.UnifiedInvocationHandler.invoke(UnifiedInvocationHandler.java:47)
	at jdk.proxy2/jdk.proxy2.$Proxy25.playSoundForAll(Unknown Source)
	at jdk.internal.reflect.GeneratedMethodAccessor54.invoke(Unknown Source)
	at java.base/jdk.internal.reflect.DelegatingMethodAccessorImpl.invoke(DelegatingMethodAccessorImpl.java:43)
	at java.base/java.lang.reflect.Method.invoke(Method.java:569)
	at games.strategy.engine.delegate.DelegateExecutionManager.lambda$newOutboundImplementation$1(DelegateExecutionManager.java:79)
	at jdk.proxy2/jdk.proxy2.$Proxy25.playSoundForAll(Unknown Source)
	at games.strategy.triplea.delegate.AbstractPlaceDelegate.placeUnits(AbstractPlaceDelegate.java:302)
	at games.strategy.triplea.delegate.AbstractPlaceDelegate.placeUnits(AbstractPlaceDelegate.java:201)
	at jdk.internal.reflect.GeneratedMethodAccessor42.invoke(Unknown Source)
	at java.base/jdk.internal.reflect.DelegatingMethodAccessorImpl.invoke(DelegatingMethodAccessorImpl.java:43)
	at java.base/java.lang.reflect.Method.invoke(Method.java:569)
	at games.strategy.engine.delegate.DelegateExecutionManager$1.invoke(DelegateExecutionManager.java:120)
	at jdk.proxy2/jdk.proxy2.$Proxy16.placeUnits(Unknown Source)
	at jdk.internal.reflect.GeneratedMethodAccessor61.invoke(Unknown Source)
	at java.base/jdk.internal.reflect.DelegatingMethodAccessorImpl.invoke(DelegatingMethodAccessorImpl.java:43)
	at java.base/java.lang.reflect.Method.invoke(Method.java:569)
	at games.strategy.engine.message.unifiedmessenger.EndPoint.invokeSingle(EndPoint.java:137)
	at games.strategy.engine.message.unifiedmessenger.EndPoint.lambda$invokeMultiple$0(EndPoint.java:121)
	at java.base/java.util.stream.ReferencePipeline$3$1.accept(ReferencePipeline.java:197)
	at java.base/java.util.Spliterators$ArraySpliterator.forEachRemaining(Spliterators.java:992)
	at java.base/java.util.stream.AbstractPipeline.copyInto(AbstractPipeline.java:509)
	at java.base/java.util.stream.AbstractPipeline.wrapAndCopyInto(AbstractPipeline.java:499)
	at java.base/java.util.stream.ReduceOps$ReduceOp.evaluateSequential(ReduceOps.java:921)
	at java.base/java.util.stream.AbstractPipeline.evaluate(AbstractPipeline.java:234)
	at java.base/java.util.stream.ReferencePipeline.collect(ReferencePipeline.java:682)
	at games.strategy.engine.message.unifiedmessenger.EndPoint.invokeMultiple(EndPoint.java:122)
	at games.strategy.engine.message.unifiedmessenger.EndPoint.invokeLocal(EndPoint.java:112)
	at games.strategy.engine.message.unifiedmessenger.UnifiedMessenger.invokeAndWait(UnifiedMessenger.java:97)
	at games.strategy.engine.message.UnifiedInvocationHandler.invoke(UnifiedInvocationHandler.java:55)
	at jdk.proxy2/jdk.proxy2.$Proxy16.placeUnits(Unknown Source)
	at jdk.internal.reflect.GeneratedMethodAccessor42.invoke(Unknown Source)
	at java.base/jdk.internal.reflect.DelegatingMethodAccessorImpl.invoke(DelegatingMethodAccessorImpl.java:43)
	at java.base/java.lang.reflect.Method.invoke(Method.java:569)
	at games.strategy.engine.player.PlayerBridge$GameOverInvocationHandler.invoke(PlayerBridge.java:151)
	at jdk.proxy2/jdk.proxy2.$Proxy16.placeUnits(Unknown Source)
	at games.strategy.triplea.ai.weak.WeakAi.doPlace(WeakAi.java:1110)
	at games.strategy.triplea.ai.weak.WeakAi.placeAllWeCanOn(WeakAi.java:1104)
	at games.strategy.triplea.ai.weak.WeakAi.lambda$place$15(WeakAi.java:1054)
	at java.base/java.util.Optional.ifPresent(Optional.java:178)
	at games.strategy.triplea.ai.weak.WeakAi.place(WeakAi.java:1054)
	at games.strategy.triplea.ai.AbstractAi.start(AbstractAi.java:531)
	at games.strategy.engine.framework.ServerGame.waitForPlayerToFinishStep(ServerGame.java:648)
	at games.strategy.engine.framework.ServerGame.runStep(ServerGame.java:478)
	at games.strategy.engine.framework.ServerGame.runNextStep(ServerGame.java:365)
	at games.strategy.engine.framework.ServerGame.startGame(ServerGame.java:333)
	at games.strategy.engine.framework.startup.launcher.LocalLauncher.launchInternal(LocalLauncher.java:92)
	at games.strategy.engine.framework.startup.launcher.LocalLauncher.lambda$launch$0(LocalLauncher.java:60)
	at java.base/java.lang.Thread.run(Thread.java:840)
220637 18:22:02.328 [Thread-8] INFO  org.triplea.sound.ClipPlayer - Unable to create audio device, is there audio on the system? Cannot create AudioDevice
javazoom.jl.decoder.JavaLayerException: Cannot create AudioDevice
	at javazoom.jl.player.FactoryRegistry.createAudioDevice(FactoryRegistry.java:97)
	at org.triplea.sound.ClipPlayer.hasAudio(ClipPlayer.java:144)
	at org.triplea.sound.ClipPlayer.isSoundEnabled(ClipPlayer.java:251)
	at org.triplea.sound.ClipPlayer.play(ClipPlayer.java:220)
	at org.triplea.sound.DefaultSoundChannel.playSoundForAll(DefaultSoundChannel.java:22)
	at jdk.internal.reflect.GeneratedMethodAccessor55.invoke(Unknown Source)
	at java.base/jdk.internal.reflect.DelegatingMethodAccessorImpl.invoke(DelegatingMethodAccessorImpl.java:43)
	at java.base/java.lang.reflect.Method.invoke(Method.java:569)
	at games.strategy.engine.message.unifiedmessenger.EndPoint.invokeSingle(EndPoint.java:137)
	at games.strategy.engine.message.unifiedmessenger.EndPoint.lambda$invokeMultiple$0(EndPoint.java:121)
	at java.base/java.util.stream.ReferencePipeline$3$1.accept(ReferencePipeline.java:197)
	at java.base/java.util.Spliterators$ArraySpliterator.forEachRemaining(Spliterators.java:992)
	at java.base/java.util.stream.AbstractPipeline.copyInto(AbstractPipeline.java:509)
	at java.base/java.util.stream.AbstractPipeline.wrapAndCopyInto(AbstractPipeline.java:499)
	at java.base/java.util.stream.ReduceOps$ReduceOp.evaluateSequential(ReduceOps.java:921)
	at java.base/java.util.stream.AbstractPipeline.evaluate(AbstractPipeline.java:234)
	at java.base/java.util.stream.ReferencePipeline.collect(ReferencePipeline.java:682)
	at games.strategy.engine.message.unifiedmessenger.EndPoint.invokeMultiple(EndPoint.java:122)
	at games.strategy.engine.message.unifiedmessenger.EndPoint.invokeLocal(EndPoint.java:112)
	at games.strategy.engine.message.unifiedmessenger.UnifiedMessenger.invoke(UnifiedMessenger.java:153)
	at games.strategy.engine.message.UnifiedInvocationHandler.invoke(UnifiedInvocationHandler.java:47)
	at jdk.proxy2/jdk.proxy2.$Proxy25.playSoundForAll(Unknown Source)
	at jdk.internal.reflect.GeneratedMethodAccessor54.invoke(Unknown Source)
	at java.base/jdk.internal.reflect.DelegatingMethodAccessorImpl.invoke(DelegatingMethodAccessorImpl.java:43)
	at java.base/java.lang.reflect.Method.invoke(Method.java:569)
	at games.strategy.engine.delegate.DelegateExecutionManager.lambda$newOutboundImplementation$1(DelegateExecutionManager.java:79)
	at jdk.proxy2/jdk.proxy2.$Proxy25.playSoundForAll(Unknown Source)
	at org.triplea.sound.SoundUtils.playBattleType(SoundUtils.java:42)
	at games.strategy.triplea.delegate.battle.MustFightBattle.fight(MustFightBattle.java:686)
	at games.strategy.triplea.delegate.battle.BattleTracker.fightBattleIfOnlyOne(BattleTracker.java:1300)
	at games.strategy.triplea.delegate.battle.BattleDelegate.start(BattleDelegate.java:125)
	at games.strategy.engine.framework.ServerGame.startStep(ServerGame.java:611)
	at games.strategy.engine.framework.ServerGame.runStep(ServerGame.java:471)
	at games.strategy.engine.framework.ServerGame.runNextStep(ServerGame.java:365)
	at games.strategy.engine.framework.ServerGame.startGame(ServerGame.java:333)
	at games.strategy.engine.framework.startup.launcher.LocalLauncher.launchInternal(LocalLauncher.java:92)
	at games.strategy.engine.framework.startup.launcher.LocalLauncher.lambda$launch$0(LocalLauncher.java:60)
	at java.base/java.lang.Thread.run(Thread.java:840)
224952 18:22:06.643 [Thread-8] INFO  org.triplea.sound.ClipPlayer - Unable to create audio device, is there audio on the system? Cannot create AudioDevice
javazoom.jl.decoder.JavaLayerException: Cannot create AudioDevice
	at javazoom.jl.player.FactoryRegistry.createAudioDevice(FactoryRegistry.java:97)
	at org.triplea.sound.ClipPlayer.hasAudio(ClipPlayer.java:144)
	at org.triplea.sound.ClipPlayer.isSoundEnabled(ClipPlayer.java:251)
	at org.triplea.sound.ClipPlayer.play(ClipPlayer.java:220)
	at org.triplea.sound.DefaultSoundChannel.playSoundForAll(DefaultSoundChannel.java:22)
	at jdk.internal.reflect.GeneratedMethodAccessor55.invoke(Unknown Source)
	at java.base/jdk.internal.reflect.DelegatingMethodAccessorImpl.invoke(DelegatingMethodAccessorImpl.java:43)
	at java.base/java.lang.reflect.Method.invoke(Method.java:569)
	at games.strategy.engine.message.unifiedmessenger.EndPoint.invokeSingle(EndPoint.java:137)
	at games.strategy.engine.message.unifiedmessenger.EndPoint.lambda$invokeMultiple$0(EndPoint.java:121)
	at java.base/java.util.stream.ReferencePipeline$3$1.accept(ReferencePipeline.java:197)
	at java.base/java.util.Spliterators$ArraySpliterator.forEachRemaining(Spliterators.java:992)
	at java.base/java.util.stream.AbstractPipeline.copyInto(AbstractPipeline.java:509)
	at java.base/java.util.stream.AbstractPipeline.wrapAndCopyInto(AbstractPipeline.java:499)
	at java.base/java.util.stream.ReduceOps$ReduceOp.evaluateSequential(ReduceOps.java:921)
	at java.base/java.util.stream.AbstractPipeline.evaluate(AbstractPipeline.java:234)
	at java.base/java.util.stream.ReferencePipeline.collect(ReferencePipeline.java:682)
	at games.strategy.engine.message.unifiedmessenger.EndPoint.invokeMultiple(EndPoint.java:122)
	at games.strategy.engine.message.unifiedmessenger.EndPoint.invokeLocal(EndPoint.java:112)
	at games.strategy.engine.message.unifiedmessenger.UnifiedMessenger.invoke(UnifiedMessenger.java:153)
	at games.strategy.engine.message.UnifiedInvocationHandler.invoke(UnifiedInvocationHandler.java:47)
	at jdk.proxy2/jdk.proxy2.$Proxy25.playSoundForAll(Unknown Source)
	at jdk.internal.reflect.GeneratedMethodAccessor54.invoke(Unknown Source)
	at java.base/jdk.internal.reflect.DelegatingMethodAccessorImpl.invoke(DelegatingMethodAccessorImpl.java:43)
	at java.base/java.lang.reflect.Method.invoke(Method.java:569)
	at games.strategy.engine.delegate.DelegateExecutionManager.lambda$newOutboundImplementation$1(DelegateExecutionManager.java:79)
	at jdk.proxy2/jdk.proxy2.$Proxy25.playSoundForAll(Unknown Source)
	at games.strategy.triplea.delegate.battle.BattleTracker.takeOver(BattleTracker.java:794)
	at games.strategy.triplea.delegate.battle.MustFightBattle.attackerWins(MustFightBattle.java:1430)
	at games.strategy.triplea.delegate.battle.MustFightBattle.endBattle(MustFightBattle.java:462)
	at games.strategy.triplea.delegate.battle.steps.change.CheckGeneralBattleEnd.execute(CheckGeneralBattleEnd.java:64)
	at games.strategy.triplea.delegate.ExecutionStack.execute(ExecutionStack.java:34)
	at games.strategy.triplea.delegate.battle.MustFightBattle.fight(MustFightBattle.java:690)
	at games.strategy.triplea.delegate.battle.BattleTracker.fightBattleIfOnlyOne(BattleTracker.java:1300)
	at games.strategy.triplea.delegate.battle.BattleDelegate.start(BattleDelegate.java:125)
	at games.strategy.engine.framework.ServerGame.startStep(ServerGame.java:611)
	at games.strategy.engine.framework.ServerGame.runStep(ServerGame.java:471)
	at games.strategy.engine.framework.ServerGame.runNextStep(ServerGame.java:365)
	at games.strategy.engine.framework.ServerGame.startGame(ServerGame.java:333)
	at games.strategy.engine.framework.startup.launcher.LocalLauncher.launchInternal(LocalLauncher.java:92)
	at games.strategy.engine.framework.startup.launcher.LocalLauncher.lambda$launch$0(LocalLauncher.java:60)
	at java.base/java.lang.Thread.run(Thread.java:840)
226543 18:22:08.234 [Thread-8] INFO  org.triplea.sound.ClipPlayer - Unable to create audio device, is there audio on the system? Cannot create AudioDevice
javazoom.jl.decoder.JavaLayerException: Cannot create AudioDevice
	at javazoom.jl.player.FactoryRegistry.createAudioDevice(FactoryRegistry.java:97)
	at org.triplea.sound.ClipPlayer.hasAudio(ClipPlayer.java:144)
	at org.triplea.sound.ClipPlayer.isSoundEnabled(ClipPlayer.java:251)
	at org.triplea.sound.ClipPlayer.play(ClipPlayer.java:220)
	at org.triplea.sound.DefaultSoundChannel.playSoundForAll(DefaultSoundChannel.java:22)
	at jdk.internal.reflect.GeneratedMethodAccessor55.invoke(Unknown Source)
	at java.base/jdk.internal.reflect.DelegatingMethodAccessorImpl.invoke(DelegatingMethodAccessorImpl.java:43)
	at java.base/java.lang.reflect.Method.invoke(Method.java:569)
	at games.strategy.engine.message.unifiedmessenger.EndPoint.invokeSingle(EndPoint.java:137)
	at games.strategy.engine.message.unifiedmessenger.EndPoint.lambda$invokeMultiple$0(EndPoint.java:121)
	at java.base/java.util.stream.ReferencePipeline$3$1.accept(ReferencePipeline.java:197)
	at java.base/java.util.Spliterators$ArraySpliterator.forEachRemaining(Spliterators.java:992)
	at java.base/java.util.stream.AbstractPipeline.copyInto(AbstractPipeline.java:509)
	at java.base/java.util.stream.AbstractPipeline.wrapAndCopyInto(AbstractPipeline.java:499)
	at java.base/java.util.stream.ReduceOps$ReduceOp.evaluateSequential(ReduceOps.java:921)
	at java.base/java.util.stream.AbstractPipeline.evaluate(AbstractPipeline.java:234)
	at java.base/java.util.stream.ReferencePipeline.collect(ReferencePipeline.java:682)
	at games.strategy.engine.message.unifiedmessenger.EndPoint.invokeMultiple(EndPoint.java:122)
	at games.strategy.engine.message.unifiedmessenger.EndPoint.invokeLocal(EndPoint.java:112)
	at games.strategy.engine.message.unifiedmessenger.UnifiedMessenger.invoke(UnifiedMessenger.java:153)
	at games.strategy.engine.message.UnifiedInvocationHandler.invoke(UnifiedInvocationHandler.java:47)
	at jdk.proxy2/jdk.proxy2.$Proxy25.playSoundForAll(Unknown Source)
	at jdk.internal.reflect.GeneratedMethodAccessor54.invoke(Unknown Source)
	at java.base/jdk.internal.reflect.DelegatingMethodAccessorImpl.invoke(DelegatingMethodAccessorImpl.java:43)
	at java.base/java.lang.reflect.Method.invoke(Method.java:569)
	at games.strategy.engine.delegate.DelegateExecutionManager.lambda$newOutboundImplementation$1(DelegateExecutionManager.java:79)
	at jdk.proxy2/jdk.proxy2.$Proxy25.playSoundForAll(Unknown Source)
	at games.strategy.triplea.delegate.AbstractPlaceDelegate.placeUnits(AbstractPlaceDelegate.java:302)
	at games.strategy.triplea.delegate.AbstractPlaceDelegate.placeUnits(AbstractPlaceDelegate.java:201)
	at jdk.internal.reflect.GeneratedMethodAccessor42.invoke(Unknown Source)
	at java.base/jdk.internal.reflect.DelegatingMethodAccessorImpl.invoke(DelegatingMethodAccessorImpl.java:43)
	at java.base/java.lang.reflect.Method.invoke(Method.java:569)
	at games.strategy.engine.delegate.DelegateExecutionManager$1.invoke(DelegateExecutionManager.java:120)
	at jdk.proxy2/jdk.proxy2.$Proxy16.placeUnits(Unknown Source)
	at jdk.internal.reflect.GeneratedMethodAccessor61.invoke(Unknown Source)
	at java.base/jdk.internal.reflect.DelegatingMethodAccessorImpl.invoke(DelegatingMethodAccessorImpl.java:43)
	at java.base/java.lang.reflect.Method.invoke(Method.java:569)
	at games.strategy.engine.message.unifiedmessenger.EndPoint.invokeSingle(EndPoint.java:137)
	at games.strategy.engine.message.unifiedmessenger.EndPoint.lambda$invokeMultiple$0(EndPoint.java:121)
	at java.base/java.util.stream.ReferencePipeline$3$1.accept(ReferencePipeline.java:197)
	at java.base/java.util.Spliterators$ArraySpliterator.forEachRemaining(Spliterators.java:992)
	at java.base/java.util.stream.AbstractPipeline.copyInto(AbstractPipeline.java:509)
	at java.base/java.util.stream.AbstractPipeline.wrapAndCopyInto(AbstractPipeline.java:499)
	at java.base/java.util.stream.ReduceOps$ReduceOp.evaluateSequential(ReduceOps.java:921)
	at java.base/java.util.stream.AbstractPipeline.evaluate(AbstractPipeline.java:234)
	at java.base/java.util.stream.ReferencePipeline.collect(ReferencePipeline.java:682)
	at games.strategy.engine.message.unifiedmessenger.EndPoint.invokeMultiple(EndPoint.java:122)
	at games.strategy.engine.message.unifiedmessenger.EndPoint.invokeLocal(EndPoint.java:112)
	at games.strategy.engine.message.unifiedmessenger.UnifiedMessenger.invokeAndWait(UnifiedMessenger.java:97)
	at games.strategy.engine.message.UnifiedInvocationHandler.invoke(UnifiedInvocationHandler.java:55)
	at jdk.proxy2/jdk.proxy2.$Proxy16.placeUnits(Unknown Source)
	at jdk.internal.reflect.GeneratedMethodAccessor42.invoke(Unknown Source)
	at java.base/jdk.internal.reflect.DelegatingMethodAccessorImpl.invoke(DelegatingMethodAccessorImpl.java:43)
	at java.base/java.lang.reflect.Method.invoke(Method.java:569)
	at games.strategy.engine.player.PlayerBridge$GameOverInvocationHandler.invoke(PlayerBridge.java:151)
	at jdk.proxy2/jdk.proxy2.$Proxy16.placeUnits(Unknown Source)
	at games.strategy.triplea.ai.tripleMind.ProPurchaseAi.doPlace(ProPurchaseAi.java:2627)
	at games.strategy.triplea.ai.tripleMind.ProPurchaseAi.placeUnits(ProPurchaseAi.java:2545)
	at games.strategy.triplea.ai.tripleMind.ProPurchaseAi.place(ProPurchaseAi.java:562)
	at games.strategy.triplea.ai.tripleMind.AbstractTripleMindAi.place(AbstractTripleMindAi.java:380)
	at games.strategy.triplea.ai.AbstractAi.start(AbstractAi.java:531)
	at games.strategy.engine.framework.ServerGame.waitForPlayerToFinishStep(ServerGame.java:648)
	at games.strategy.engine.framework.ServerGame.runStep(ServerGame.java:478)
	at games.strategy.engine.framework.ServerGame.runNextStep(ServerGame.java:365)
	at games.strategy.engine.framework.ServerGame.startGame(ServerGame.java:333)
	at games.strategy.engine.framework.startup.launcher.LocalLauncher.launchInternal(LocalLauncher.java:92)
	at games.strategy.engine.framework.startup.launcher.LocalLauncher.lambda$launch$0(LocalLauncher.java:60)
	at java.base/java.lang.Thread.run(Thread.java:840)
226675 18:22:08.366 [Thread-8] INFO  org.triplea.sound.ClipPlayer - Unable to create audio device, is there audio on the system? Cannot create AudioDevice
javazoom.jl.decoder.JavaLayerException: Cannot create AudioDevice
	at javazoom.jl.player.FactoryRegistry.createAudioDevice(FactoryRegistry.java:97)
	at org.triplea.sound.ClipPlayer.hasAudio(ClipPlayer.java:144)
	at org.triplea.sound.ClipPlayer.isSoundEnabled(ClipPlayer.java:251)
	at org.triplea.sound.ClipPlayer.play(ClipPlayer.java:220)
	at org.triplea.sound.DefaultSoundChannel.playSoundForAll(DefaultSoundChannel.java:22)
	at jdk.internal.reflect.GeneratedMethodAccessor55.invoke(Unknown Source)
	at java.base/jdk.internal.reflect.DelegatingMethodAccessorImpl.invoke(DelegatingMethodAccessorImpl.java:43)
	at java.base/java.lang.reflect.Method.invoke(Method.java:569)
	at games.strategy.engine.message.unifiedmessenger.EndPoint.invokeSingle(EndPoint.java:137)
	at games.strategy.engine.message.unifiedmessenger.EndPoint.lambda$invokeMultiple$0(EndPoint.java:121)
	at java.base/java.util.stream.ReferencePipeline$3$1.accept(ReferencePipeline.java:197)
	at java.base/java.util.Spliterators$ArraySpliterator.forEachRemaining(Spliterators.java:992)
	at java.base/java.util.stream.AbstractPipeline.copyInto(AbstractPipeline.java:509)
	at java.base/java.util.stream.AbstractPipeline.wrapAndCopyInto(AbstractPipeline.java:499)
	at java.base/java.util.stream.ReduceOps$ReduceOp.evaluateSequential(ReduceOps.java:921)
	at java.base/java.util.stream.AbstractPipeline.evaluate(AbstractPipeline.java:234)
	at java.base/java.util.stream.ReferencePipeline.collect(ReferencePipeline.java:682)
	at games.strategy.engine.message.unifiedmessenger.EndPoint.invokeMultiple(EndPoint.java:122)
	at games.strategy.engine.message.unifiedmessenger.EndPoint.invokeLocal(EndPoint.java:112)
	at games.strategy.engine.message.unifiedmessenger.UnifiedMessenger.invoke(UnifiedMessenger.java:153)
	at games.strategy.engine.message.UnifiedInvocationHandler.invoke(UnifiedInvocationHandler.java:47)
	at jdk.proxy2/jdk.proxy2.$Proxy25.playSoundForAll(Unknown Source)
	at jdk.internal.reflect.GeneratedMethodAccessor54.invoke(Unknown Source)
	at java.base/jdk.internal.reflect.DelegatingMethodAccessorImpl.invoke(DelegatingMethodAccessorImpl.java:43)
	at java.base/java.lang.reflect.Method.invoke(Method.java:569)
	at games.strategy.engine.delegate.DelegateExecutionManager.lambda$newOutboundImplementation$1(DelegateExecutionManager.java:79)
	at jdk.proxy2/jdk.proxy2.$Proxy25.playSoundForAll(Unknown Source)
	at games.strategy.triplea.delegate.AbstractPlaceDelegate.placeUnits(AbstractPlaceDelegate.java:302)
	at games.strategy.triplea.delegate.AbstractPlaceDelegate.placeUnits(AbstractPlaceDelegate.java:201)
	at jdk.internal.reflect.GeneratedMethodAccessor42.invoke(Unknown Source)
	at java.base/jdk.internal.reflect.DelegatingMethodAccessorImpl.invoke(DelegatingMethodAccessorImpl.java:43)
	at java.base/java.lang.reflect.Method.invoke(Method.java:569)
	at games.strategy.engine.delegate.DelegateExecutionManager$1.invoke(DelegateExecutionManager.java:120)
	at jdk.proxy2/jdk.proxy2.$Proxy16.placeUnits(Unknown Source)
	at jdk.internal.reflect.GeneratedMethodAccessor61.invoke(Unknown Source)
	at java.base/jdk.internal.reflect.DelegatingMethodAccessorImpl.invoke(DelegatingMethodAccessorImpl.java:43)
	at java.base/java.lang.reflect.Method.invoke(Method.java:569)
	at games.strategy.engine.message.unifiedmessenger.EndPoint.invokeSingle(EndPoint.java:137)
	at games.strategy.engine.message.unifiedmessenger.EndPoint.lambda$invokeMultiple$0(EndPoint.java:121)
	at java.base/java.util.stream.ReferencePipeline$3$1.accept(ReferencePipeline.java:197)
	at java.base/java.util.Spliterators$ArraySpliterator.forEachRemaining(Spliterators.java:992)
	at java.base/java.util.stream.AbstractPipeline.copyInto(AbstractPipeline.java:509)
	at java.base/java.util.stream.AbstractPipeline.wrapAndCopyInto(AbstractPipeline.java:499)
	at java.base/java.util.stream.ReduceOps$ReduceOp.evaluateSequential(ReduceOps.java:921)
	at java.base/java.util.stream.AbstractPipeline.evaluate(AbstractPipeline.java:234)
	at java.base/java.util.stream.ReferencePipeline.collect(ReferencePipeline.java:682)
	at games.strategy.engine.message.unifiedmessenger.EndPoint.invokeMultiple(EndPoint.java:122)
	at games.strategy.engine.message.unifiedmessenger.EndPoint.invokeLocal(EndPoint.java:112)
	at games.strategy.engine.message.unifiedmessenger.UnifiedMessenger.invokeAndWait(UnifiedMessenger.java:97)
	at games.strategy.engine.message.UnifiedInvocationHandler.invoke(UnifiedInvocationHandler.java:55)
	at jdk.proxy2/jdk.proxy2.$Proxy16.placeUnits(Unknown Source)
	at jdk.internal.reflect.GeneratedMethodAccessor42.invoke(Unknown Source)
	at java.base/jdk.internal.reflect.DelegatingMethodAccessorImpl.invoke(DelegatingMethodAccessorImpl.java:43)
	at java.base/java.lang.reflect.Method.invoke(Method.java:569)
	at games.strategy.engine.player.PlayerBridge$GameOverInvocationHandler.invoke(PlayerBridge.java:151)
	at jdk.proxy2/jdk.proxy2.$Proxy16.placeUnits(Unknown Source)
	at games.strategy.triplea.ai.tripleMind.ProPurchaseAi.doPlace(ProPurchaseAi.java:2627)
	at games.strategy.triplea.ai.tripleMind.ProPurchaseAi.placeUnits(ProPurchaseAi.java:2545)
	at games.strategy.triplea.ai.tripleMind.ProPurchaseAi.place(ProPurchaseAi.java:562)
	at games.strategy.triplea.ai.tripleMind.AbstractTripleMindAi.place(AbstractTripleMindAi.java:380)
	at games.strategy.triplea.ai.AbstractAi.start(AbstractAi.java:531)
	at games.strategy.engine.framework.ServerGame.waitForPlayerToFinishStep(ServerGame.java:648)
	at games.strategy.engine.framework.ServerGame.runStep(ServerGame.java:478)
	at games.strategy.engine.framework.ServerGame.runNextStep(ServerGame.java:365)
	at games.strategy.engine.framework.ServerGame.startGame(ServerGame.java:333)
	at games.strategy.engine.framework.startup.launcher.LocalLauncher.launchInternal(LocalLauncher.java:92)
	at games.strategy.engine.framework.startup.launcher.LocalLauncher.lambda$launch$0(LocalLauncher.java:60)
	at java.base/java.lang.Thread.run(Thread.java:840)
226809 18:22:08.500 [Thread-8] INFO  org.triplea.sound.ClipPlayer - Unable to create audio device, is there audio on the system? Cannot create AudioDevice
javazoom.jl.decoder.JavaLayerException: Cannot create AudioDevice
	at javazoom.jl.player.FactoryRegistry.createAudioDevice(FactoryRegistry.java:97)
	at org.triplea.sound.ClipPlayer.hasAudio(ClipPlayer.java:144)
	at org.triplea.sound.ClipPlayer.isSoundEnabled(ClipPlayer.java:251)
	at org.triplea.sound.ClipPlayer.play(ClipPlayer.java:220)
	at org.triplea.sound.DefaultSoundChannel.playSoundForAll(DefaultSoundChannel.java:22)
	at jdk.internal.reflect.GeneratedMethodAccessor55.invoke(Unknown Source)
	at java.base/jdk.internal.reflect.DelegatingMethodAccessorImpl.invoke(DelegatingMethodAccessorImpl.java:43)
	at java.base/java.lang.reflect.Method.invoke(Method.java:569)
	at games.strategy.engine.message.unifiedmessenger.EndPoint.invokeSingle(EndPoint.java:137)
	at games.strategy.engine.message.unifiedmessenger.EndPoint.lambda$invokeMultiple$0(EndPoint.java:121)
	at java.base/java.util.stream.ReferencePipeline$3$1.accept(ReferencePipeline.java:197)
	at java.base/java.util.Spliterators$ArraySpliterator.forEachRemaining(Spliterators.java:992)
	at java.base/java.util.stream.AbstractPipeline.copyInto(AbstractPipeline.java:509)
	at java.base/java.util.stream.AbstractPipeline.wrapAndCopyInto(AbstractPipeline.java:499)
	at java.base/java.util.stream.ReduceOps$ReduceOp.evaluateSequential(ReduceOps.java:921)
	at java.base/java.util.stream.AbstractPipeline.evaluate(AbstractPipeline.java:234)
	at java.base/java.util.stream.ReferencePipeline.collect(ReferencePipeline.java:682)
	at games.strategy.engine.message.unifiedmessenger.EndPoint.invokeMultiple(EndPoint.java:122)
	at games.strategy.engine.message.unifiedmessenger.EndPoint.invokeLocal(EndPoint.java:112)
	at games.strategy.engine.message.unifiedmessenger.UnifiedMessenger.invoke(UnifiedMessenger.java:153)
	at games.strategy.engine.message.UnifiedInvocationHandler.invoke(UnifiedInvocationHandler.java:47)
	at jdk.proxy2/jdk.proxy2.$Proxy25.playSoundForAll(Unknown Source)
	at jdk.internal.reflect.GeneratedMethodAccessor54.invoke(Unknown Source)
	at java.base/jdk.internal.reflect.DelegatingMethodAccessorImpl.invoke(DelegatingMethodAccessorImpl.java:43)
	at java.base/java.lang.reflect.Method.invoke(Method.java:569)
	at games.strategy.engine.delegate.DelegateExecutionManager.lambda$newOutboundImplementation$1(DelegateExecutionManager.java:79)
	at jdk.proxy2/jdk.proxy2.$Proxy25.playSoundForAll(Unknown Source)
	at games.strategy.triplea.delegate.AbstractPlaceDelegate.placeUnits(AbstractPlaceDelegate.java:302)
	at games.strategy.triplea.delegate.AbstractPlaceDelegate.placeUnits(AbstractPlaceDelegate.java:201)
	at jdk.internal.reflect.GeneratedMethodAccessor42.invoke(Unknown Source)
	at java.base/jdk.internal.reflect.DelegatingMethodAccessorImpl.invoke(DelegatingMethodAccessorImpl.java:43)
	at java.base/java.lang.reflect.Method.invoke(Method.java:569)
	at games.strategy.engine.delegate.DelegateExecutionManager$1.invoke(DelegateExecutionManager.java:120)
	at jdk.proxy2/jdk.proxy2.$Proxy16.placeUnits(Unknown Source)
	at jdk.internal.reflect.GeneratedMethodAccessor61.invoke(Unknown Source)
	at java.base/jdk.internal.reflect.DelegatingMethodAccessorImpl.invoke(DelegatingMethodAccessorImpl.java:43)
	at java.base/java.lang.reflect.Method.invoke(Method.java:569)
	at games.strategy.engine.message.unifiedmessenger.EndPoint.invokeSingle(EndPoint.java:137)
	at games.strategy.engine.message.unifiedmessenger.EndPoint.lambda$invokeMultiple$0(EndPoint.java:121)
	at java.base/java.util.stream.ReferencePipeline$3$1.accept(ReferencePipeline.java:197)
	at java.base/java.util.Spliterators$ArraySpliterator.forEachRemaining(Spliterators.java:992)
	at java.base/java.util.stream.AbstractPipeline.copyInto(AbstractPipeline.java:509)
	at java.base/java.util.stream.AbstractPipeline.wrapAndCopyInto(AbstractPipeline.java:499)
	at java.base/java.util.stream.ReduceOps$ReduceOp.evaluateSequential(ReduceOps.java:921)
	at java.base/java.util.stream.AbstractPipeline.evaluate(AbstractPipeline.java:234)
	at java.base/java.util.stream.ReferencePipeline.collect(ReferencePipeline.java:682)
	at games.strategy.engine.message.unifiedmessenger.EndPoint.invokeMultiple(EndPoint.java:122)
	at games.strategy.engine.message.unifiedmessenger.EndPoint.invokeLocal(EndPoint.java:112)
	at games.strategy.engine.message.unifiedmessenger.UnifiedMessenger.invokeAndWait(UnifiedMessenger.java:97)
	at games.strategy.engine.message.UnifiedInvocationHandler.invoke(UnifiedInvocationHandler.java:55)
	at jdk.proxy2/jdk.proxy2.$Proxy16.placeUnits(Unknown Source)
	at jdk.internal.reflect.GeneratedMethodAccessor42.invoke(Unknown Source)
	at java.base/jdk.internal.reflect.DelegatingMethodAccessorImpl.invoke(DelegatingMethodAccessorImpl.java:43)
	at java.base/java.lang.reflect.Method.invoke(Method.java:569)
	at games.strategy.engine.player.PlayerBridge$GameOverInvocationHandler.invoke(PlayerBridge.java:151)
	at jdk.proxy2/jdk.proxy2.$Proxy16.placeUnits(Unknown Source)
	at games.strategy.triplea.ai.tripleMind.ProPurchaseAi.doPlace(ProPurchaseAi.java:2627)
	at games.strategy.triplea.ai.tripleMind.ProPurchaseAi.placeUnits(ProPurchaseAi.java:2545)
	at games.strategy.triplea.ai.tripleMind.ProPurchaseAi.place(ProPurchaseAi.java:562)
	at games.strategy.triplea.ai.tripleMind.AbstractTripleMindAi.place(AbstractTripleMindAi.java:380)
	at games.strategy.triplea.ai.AbstractAi.start(AbstractAi.java:531)
	at games.strategy.engine.framework.ServerGame.waitForPlayerToFinishStep(ServerGame.java:648)
	at games.strategy.engine.framework.ServerGame.runStep(ServerGame.java:478)
	at games.strategy.engine.framework.ServerGame.runNextStep(ServerGame.java:365)
	at games.strategy.engine.framework.ServerGame.startGame(ServerGame.java:333)
	at games.strategy.engine.framework.startup.launcher.LocalLauncher.launchInternal(LocalLauncher.java:92)
	at games.strategy.engine.framework.startup.launcher.LocalLauncher.lambda$launch$0(LocalLauncher.java:60)
	at java.base/java.lang.Thread.run(Thread.java:840)
226943 18:22:08.634 [Thread-8] INFO  org.triplea.sound.ClipPlayer - Unable to create audio device, is there audio on the system? Cannot create AudioDevice
javazoom.jl.decoder.JavaLayerException: Cannot create AudioDevice
	at javazoom.jl.player.FactoryRegistry.createAudioDevice(FactoryRegistry.java:97)
	at org.triplea.sound.ClipPlayer.hasAudio(ClipPlayer.java:144)
	at org.triplea.sound.ClipPlayer.isSoundEnabled(ClipPlayer.java:251)
	at org.triplea.sound.ClipPlayer.play(ClipPlayer.java:220)
	at org.triplea.sound.DefaultSoundChannel.playSoundForAll(DefaultSoundChannel.java:22)
	at jdk.internal.reflect.GeneratedMethodAccessor55.invoke(Unknown Source)
	at java.base/jdk.internal.reflect.DelegatingMethodAccessorImpl.invoke(DelegatingMethodAccessorImpl.java:43)
	at java.base/java.lang.reflect.Method.invoke(Method.java:569)
	at games.strategy.engine.message.unifiedmessenger.EndPoint.invokeSingle(EndPoint.java:137)
	at games.strategy.engine.message.unifiedmessenger.EndPoint.lambda$invokeMultiple$0(EndPoint.java:121)
	at java.base/java.util.stream.ReferencePipeline$3$1.accept(ReferencePipeline.java:197)
	at java.base/java.util.Spliterators$ArraySpliterator.forEachRemaining(Spliterators.java:992)
	at java.base/java.util.stream.AbstractPipeline.copyInto(AbstractPipeline.java:509)
	at java.base/java.util.stream.AbstractPipeline.wrapAndCopyInto(AbstractPipeline.java:499)
	at java.base/java.util.stream.ReduceOps$ReduceOp.evaluateSequential(ReduceOps.java:921)
	at java.base/java.util.stream.AbstractPipeline.evaluate(AbstractPipeline.java:234)
	at java.base/java.util.stream.ReferencePipeline.collect(ReferencePipeline.java:682)
	at games.strategy.engine.message.unifiedmessenger.EndPoint.invokeMultiple(EndPoint.java:122)
	at games.strategy.engine.message.unifiedmessenger.EndPoint.invokeLocal(EndPoint.java:112)
	at games.strategy.engine.message.unifiedmessenger.UnifiedMessenger.invoke(UnifiedMessenger.java:153)
	at games.strategy.engine.message.UnifiedInvocationHandler.invoke(UnifiedInvocationHandler.java:47)
	at jdk.proxy2/jdk.proxy2.$Proxy25.playSoundForAll(Unknown Source)
	at jdk.internal.reflect.GeneratedMethodAccessor54.invoke(Unknown Source)
	at java.base/jdk.internal.reflect.DelegatingMethodAccessorImpl.invoke(DelegatingMethodAccessorImpl.java:43)
	at java.base/java.lang.reflect.Method.invoke(Method.java:569)
	at games.strategy.engine.delegate.DelegateExecutionManager.lambda$newOutboundImplementation$1(DelegateExecutionManager.java:79)
	at jdk.proxy2/jdk.proxy2.$Proxy25.playSoundForAll(Unknown Source)
	at games.strategy.triplea.delegate.AbstractPlaceDelegate.placeUnits(AbstractPlaceDelegate.java:302)
	at games.strategy.triplea.delegate.AbstractPlaceDelegate.placeUnits(AbstractPlaceDelegate.java:201)
	at jdk.internal.reflect.GeneratedMethodAccessor42.invoke(Unknown Source)
	at java.base/jdk.internal.reflect.DelegatingMethodAccessorImpl.invoke(DelegatingMethodAccessorImpl.java:43)
	at java.base/java.lang.reflect.Method.invoke(Method.java:569)
	at games.strategy.engine.delegate.DelegateExecutionManager$1.invoke(DelegateExecutionManager.java:120)
	at jdk.proxy2/jdk.proxy2.$Proxy16.placeUnits(Unknown Source)
	at jdk.internal.reflect.GeneratedMethodAccessor61.invoke(Unknown Source)
	at java.base/jdk.internal.reflect.DelegatingMethodAccessorImpl.invoke(DelegatingMethodAccessorImpl.java:43)
	at java.base/java.lang.reflect.Method.invoke(Method.java:569)
	at games.strategy.engine.message.unifiedmessenger.EndPoint.invokeSingle(EndPoint.java:137)
	at games.strategy.engine.message.unifiedmessenger.EndPoint.lambda$invokeMultiple$0(EndPoint.java:121)
	at java.base/java.util.stream.ReferencePipeline$3$1.accept(ReferencePipeline.java:197)
	at java.base/java.util.Spliterators$ArraySpliterator.forEachRemaining(Spliterators.java:992)
	at java.base/java.util.stream.AbstractPipeline.copyInto(AbstractPipeline.java:509)
	at java.base/java.util.stream.AbstractPipeline.wrapAndCopyInto(AbstractPipeline.java:499)
	at java.base/java.util.stream.ReduceOps$ReduceOp.evaluateSequential(ReduceOps.java:921)
	at java.base/java.util.stream.AbstractPipeline.evaluate(AbstractPipeline.java:234)
	at java.base/java.util.stream.ReferencePipeline.collect(ReferencePipeline.java:682)
	at games.strategy.engine.message.unifiedmessenger.EndPoint.invokeMultiple(EndPoint.java:122)
	at games.strategy.engine.message.unifiedmessenger.EndPoint.invokeLocal(EndPoint.java:112)
	at games.strategy.engine.message.unifiedmessenger.UnifiedMessenger.invokeAndWait(UnifiedMessenger.java:97)
	at games.strategy.engine.message.UnifiedInvocationHandler.invoke(UnifiedInvocationHandler.java:55)
	at jdk.proxy2/jdk.proxy2.$Proxy16.placeUnits(Unknown Source)
	at jdk.internal.reflect.GeneratedMethodAccessor42.invoke(Unknown Source)
	at java.base/jdk.internal.reflect.DelegatingMethodAccessorImpl.invoke(DelegatingMethodAccessorImpl.java:43)
	at java.base/java.lang.reflect.Method.invoke(Method.java:569)
	at games.strategy.engine.player.PlayerBridge$GameOverInvocationHandler.invoke(PlayerBridge.java:151)
	at jdk.proxy2/jdk.proxy2.$Proxy16.placeUnits(Unknown Source)
	at games.strategy.triplea.ai.tripleMind.ProPurchaseAi.doPlace(ProPurchaseAi.java:2627)
	at games.strategy.triplea.ai.tripleMind.ProPurchaseAi.placeUnits(ProPurchaseAi.java:2545)
	at games.strategy.triplea.ai.tripleMind.ProPurchaseAi.place(ProPurchaseAi.java:562)
	at games.strategy.triplea.ai.tripleMind.AbstractTripleMindAi.place(AbstractTripleMindAi.java:380)
	at games.strategy.triplea.ai.AbstractAi.start(AbstractAi.java:531)
	at games.strategy.engine.framework.ServerGame.waitForPlayerToFinishStep(ServerGame.java:648)
	at games.strategy.engine.framework.ServerGame.runStep(ServerGame.java:478)
	at games.strategy.engine.framework.ServerGame.runNextStep(ServerGame.java:365)
	at games.strategy.engine.framework.ServerGame.startGame(ServerGame.java:333)
	at games.strategy.engine.framework.startup.launcher.LocalLauncher.launchInternal(LocalLauncher.java:92)
	at games.strategy.engine.framework.startup.launcher.LocalLauncher.lambda$launch$0(LocalLauncher.java:60)
	at java.base/java.lang.Thread.run(Thread.java:840)
227076 18:22:08.767 [Thread-8] INFO  org.triplea.sound.ClipPlayer - Unable to create audio device, is there audio on the system? Cannot create AudioDevice
javazoom.jl.decoder.JavaLayerException: Cannot create AudioDevice
	at javazoom.jl.player.FactoryRegistry.createAudioDevice(FactoryRegistry.java:97)
	at org.triplea.sound.ClipPlayer.hasAudio(ClipPlayer.java:144)
	at org.triplea.sound.ClipPlayer.isSoundEnabled(ClipPlayer.java:251)
	at org.triplea.sound.ClipPlayer.play(ClipPlayer.java:220)
	at org.triplea.sound.DefaultSoundChannel.playSoundForAll(DefaultSoundChannel.java:22)
	at jdk.internal.reflect.GeneratedMethodAccessor55.invoke(Unknown Source)
	at java.base/jdk.internal.reflect.DelegatingMethodAccessorImpl.invoke(DelegatingMethodAccessorImpl.java:43)
	at java.base/java.lang.reflect.Method.invoke(Method.java:569)
	at games.strategy.engine.message.unifiedmessenger.EndPoint.invokeSingle(EndPoint.java:137)
	at games.strategy.engine.message.unifiedmessenger.EndPoint.lambda$invokeMultiple$0(EndPoint.java:121)
	at java.base/java.util.stream.ReferencePipeline$3$1.accept(ReferencePipeline.java:197)
	at java.base/java.util.Spliterators$ArraySpliterator.forEachRemaining(Spliterators.java:992)
	at java.base/java.util.stream.AbstractPipeline.copyInto(AbstractPipeline.java:509)
	at java.base/java.util.stream.AbstractPipeline.wrapAndCopyInto(AbstractPipeline.java:499)
	at java.base/java.util.stream.ReduceOps$ReduceOp.evaluateSequential(ReduceOps.java:921)
	at java.base/java.util.stream.AbstractPipeline.evaluate(AbstractPipeline.java:234)
	at java.base/java.util.stream.ReferencePipeline.collect(ReferencePipeline.java:682)
	at games.strategy.engine.message.unifiedmessenger.EndPoint.invokeMultiple(EndPoint.java:122)
	at games.strategy.engine.message.unifiedmessenger.EndPoint.invokeLocal(EndPoint.java:112)
	at games.strategy.engine.message.unifiedmessenger.UnifiedMessenger.invoke(UnifiedMessenger.java:153)
	at games.strategy.engine.message.UnifiedInvocationHandler.invoke(UnifiedInvocationHandler.java:47)
	at jdk.proxy2/jdk.proxy2.$Proxy25.playSoundForAll(Unknown Source)
	at jdk.internal.reflect.GeneratedMethodAccessor54.invoke(Unknown Source)
	at java.base/jdk.internal.reflect.DelegatingMethodAccessorImpl.invoke(DelegatingMethodAccessorImpl.java:43)
	at java.base/java.lang.reflect.Method.invoke(Method.java:569)
	at games.strategy.engine.delegate.DelegateExecutionManager.lambda$newOutboundImplementation$1(DelegateExecutionManager.java:79)
	at jdk.proxy2/jdk.proxy2.$Proxy25.playSoundForAll(Unknown Source)
	at games.strategy.triplea.delegate.AbstractPlaceDelegate.placeUnits(AbstractPlaceDelegate.java:302)
	at games.strategy.triplea.delegate.AbstractPlaceDelegate.placeUnits(AbstractPlaceDelegate.java:201)
	at jdk.internal.reflect.GeneratedMethodAccessor42.invoke(Unknown Source)
	at java.base/jdk.internal.reflect.DelegatingMethodAccessorImpl.invoke(DelegatingMethodAccessorImpl.java:43)
	at java.base/java.lang.reflect.Method.invoke(Method.java:569)
	at games.strategy.engine.delegate.DelegateExecutionManager$1.invoke(DelegateExecutionManager.java:120)
	at jdk.proxy2/jdk.proxy2.$Proxy16.placeUnits(Unknown Source)
	at jdk.internal.reflect.GeneratedMethodAccessor61.invoke(Unknown Source)
	at java.base/jdk.internal.reflect.DelegatingMethodAccessorImpl.invoke(DelegatingMethodAccessorImpl.java:43)
	at java.base/java.lang.reflect.Method.invoke(Method.java:569)
	at games.strategy.engine.message.unifiedmessenger.EndPoint.invokeSingle(EndPoint.java:137)
	at games.strategy.engine.message.unifiedmessenger.EndPoint.lambda$invokeMultiple$0(EndPoint.java:121)
	at java.base/java.util.stream.ReferencePipeline$3$1.accept(ReferencePipeline.java:197)
	at java.base/java.util.Spliterators$ArraySpliterator.forEachRemaining(Spliterators.java:992)
	at java.base/java.util.stream.AbstractPipeline.copyInto(AbstractPipeline.java:509)
	at java.base/java.util.stream.AbstractPipeline.wrapAndCopyInto(AbstractPipeline.java:499)
	at java.base/java.util.stream.ReduceOps$ReduceOp.evaluateSequential(ReduceOps.java:921)
	at java.base/java.util.stream.AbstractPipeline.evaluate(AbstractPipeline.java:234)
	at java.base/java.util.stream.ReferencePipeline.collect(ReferencePipeline.java:682)
	at games.strategy.engine.message.unifiedmessenger.EndPoint.invokeMultiple(EndPoint.java:122)
	at games.strategy.engine.message.unifiedmessenger.EndPoint.invokeLocal(EndPoint.java:112)
	at games.strategy.engine.message.unifiedmessenger.UnifiedMessenger.invokeAndWait(UnifiedMessenger.java:97)
	at games.strategy.engine.message.UnifiedInvocationHandler.invoke(UnifiedInvocationHandler.java:55)
	at jdk.proxy2/jdk.proxy2.$Proxy16.placeUnits(Unknown Source)
	at jdk.internal.reflect.GeneratedMethodAccessor42.invoke(Unknown Source)
	at java.base/jdk.internal.reflect.DelegatingMethodAccessorImpl.invoke(DelegatingMethodAccessorImpl.java:43)
	at java.base/java.lang.reflect.Method.invoke(Method.java:569)
	at games.strategy.engine.player.PlayerBridge$GameOverInvocationHandler.invoke(PlayerBridge.java:151)
	at jdk.proxy2/jdk.proxy2.$Proxy16.placeUnits(Unknown Source)
	at games.strategy.triplea.ai.tripleMind.ProPurchaseAi.doPlace(ProPurchaseAi.java:2627)
	at games.strategy.triplea.ai.tripleMind.ProPurchaseAi.placeUnits(ProPurchaseAi.java:2545)
	at games.strategy.triplea.ai.tripleMind.ProPurchaseAi.place(ProPurchaseAi.java:562)
	at games.strategy.triplea.ai.tripleMind.AbstractTripleMindAi.place(AbstractTripleMindAi.java:380)
	at games.strategy.triplea.ai.AbstractAi.start(AbstractAi.java:531)
	at games.strategy.engine.framework.ServerGame.waitForPlayerToFinishStep(ServerGame.java:648)
	at games.strategy.engine.framework.ServerGame.runStep(ServerGame.java:478)
	at games.strategy.engine.framework.ServerGame.runNextStep(ServerGame.java:365)
	at games.strategy.engine.framework.ServerGame.startGame(ServerGame.java:333)
	at games.strategy.engine.framework.startup.launcher.LocalLauncher.launchInternal(LocalLauncher.java:92)
	at games.strategy.engine.framework.startup.launcher.LocalLauncher.lambda$launch$0(LocalLauncher.java:60)
	at java.base/java.lang.Thread.run(Thread.java:840)
227208 18:22:08.899 [Thread-8] INFO  org.triplea.sound.ClipPlayer - Unable to create audio device, is there audio on the system? Cannot create AudioDevice
javazoom.jl.decoder.JavaLayerException: Cannot create AudioDevice
	at javazoom.jl.player.FactoryRegistry.createAudioDevice(FactoryRegistry.java:97)
	at org.triplea.sound.ClipPlayer.hasAudio(ClipPlayer.java:144)
	at org.triplea.sound.ClipPlayer.isSoundEnabled(ClipPlayer.java:251)
	at org.triplea.sound.ClipPlayer.play(ClipPlayer.java:220)
	at org.triplea.sound.DefaultSoundChannel.playSoundForAll(DefaultSoundChannel.java:22)
	at jdk.internal.reflect.GeneratedMethodAccessor55.invoke(Unknown Source)
	at java.base/jdk.internal.reflect.DelegatingMethodAccessorImpl.invoke(DelegatingMethodAccessorImpl.java:43)
	at java.base/java.lang.reflect.Method.invoke(Method.java:569)
	at games.strategy.engine.message.unifiedmessenger.EndPoint.invokeSingle(EndPoint.java:137)
	at games.strategy.engine.message.unifiedmessenger.EndPoint.lambda$invokeMultiple$0(EndPoint.java:121)
	at java.base/java.util.stream.ReferencePipeline$3$1.accept(ReferencePipeline.java:197)
	at java.base/java.util.Spliterators$ArraySpliterator.forEachRemaining(Spliterators.java:992)
	at java.base/java.util.stream.AbstractPipeline.copyInto(AbstractPipeline.java:509)
	at java.base/java.util.stream.AbstractPipeline.wrapAndCopyInto(AbstractPipeline.java:499)
	at java.base/java.util.stream.ReduceOps$ReduceOp.evaluateSequential(ReduceOps.java:921)
	at java.base/java.util.stream.AbstractPipeline.evaluate(AbstractPipeline.java:234)
	at java.base/java.util.stream.ReferencePipeline.collect(ReferencePipeline.java:682)
	at games.strategy.engine.message.unifiedmessenger.EndPoint.invokeMultiple(EndPoint.java:122)
	at games.strategy.engine.message.unifiedmessenger.EndPoint.invokeLocal(EndPoint.java:112)
	at games.strategy.engine.message.unifiedmessenger.UnifiedMessenger.invoke(UnifiedMessenger.java:153)
	at games.strategy.engine.message.UnifiedInvocationHandler.invoke(UnifiedInvocationHandler.java:47)
	at jdk.proxy2/jdk.proxy2.$Proxy25.playSoundForAll(Unknown Source)
	at jdk.internal.reflect.GeneratedMethodAccessor54.invoke(Unknown Source)
	at java.base/jdk.internal.reflect.DelegatingMethodAccessorImpl.invoke(DelegatingMethodAccessorImpl.java:43)
	at java.base/java.lang.reflect.Method.invoke(Method.java:569)
	at games.strategy.engine.delegate.DelegateExecutionManager.lambda$newOutboundImplementation$1(DelegateExecutionManager.java:79)
	at jdk.proxy2/jdk.proxy2.$Proxy25.playSoundForAll(Unknown Source)
	at games.strategy.triplea.delegate.AbstractPlaceDelegate.placeUnits(AbstractPlaceDelegate.java:302)
	at games.strategy.triplea.delegate.AbstractPlaceDelegate.placeUnits(AbstractPlaceDelegate.java:201)
	at jdk.internal.reflect.GeneratedMethodAccessor42.invoke(Unknown Source)
	at java.base/jdk.internal.reflect.DelegatingMethodAccessorImpl.invoke(DelegatingMethodAccessorImpl.java:43)
	at java.base/java.lang.reflect.Method.invoke(Method.java:569)
	at games.strategy.engine.delegate.DelegateExecutionManager$1.invoke(DelegateExecutionManager.java:120)
	at jdk.proxy2/jdk.proxy2.$Proxy16.placeUnits(Unknown Source)
	at jdk.internal.reflect.GeneratedMethodAccessor61.invoke(Unknown Source)
	at java.base/jdk.internal.reflect.DelegatingMethodAccessorImpl.invoke(DelegatingMethodAccessorImpl.java:43)
	at java.base/java.lang.reflect.Method.invoke(Method.java:569)
	at games.strategy.engine.message.unifiedmessenger.EndPoint.invokeSingle(EndPoint.java:137)
	at games.strategy.engine.message.unifiedmessenger.EndPoint.lambda$invokeMultiple$0(EndPoint.java:121)
	at java.base/java.util.stream.ReferencePipeline$3$1.accept(ReferencePipeline.java:197)
	at java.base/java.util.Spliterators$ArraySpliterator.forEachRemaining(Spliterators.java:992)
	at java.base/java.util.stream.AbstractPipeline.copyInto(AbstractPipeline.java:509)
	at java.base/java.util.stream.AbstractPipeline.wrapAndCopyInto(AbstractPipeline.java:499)
	at java.base/java.util.stream.ReduceOps$ReduceOp.evaluateSequential(ReduceOps.java:921)
	at java.base/java.util.stream.AbstractPipeline.evaluate(AbstractPipeline.java:234)
	at java.base/java.util.stream.ReferencePipeline.collect(ReferencePipeline.java:682)
	at games.strategy.engine.message.unifiedmessenger.EndPoint.invokeMultiple(EndPoint.java:122)
	at games.strategy.engine.message.unifiedmessenger.EndPoint.invokeLocal(EndPoint.java:112)
	at games.strategy.engine.message.unifiedmessenger.UnifiedMessenger.invokeAndWait(UnifiedMessenger.java:97)
	at games.strategy.engine.message.UnifiedInvocationHandler.invoke(UnifiedInvocationHandler.java:55)
	at jdk.proxy2/jdk.proxy2.$Proxy16.placeUnits(Unknown Source)
	at jdk.internal.reflect.GeneratedMethodAccessor42.invoke(Unknown Source)
	at java.base/jdk.internal.reflect.DelegatingMethodAccessorImpl.invoke(DelegatingMethodAccessorImpl.java:43)
	at java.base/java.lang.reflect.Method.invoke(Method.java:569)
	at games.strategy.engine.player.PlayerBridge$GameOverInvocationHandler.invoke(PlayerBridge.java:151)
	at jdk.proxy2/jdk.proxy2.$Proxy16.placeUnits(Unknown Source)
	at games.strategy.triplea.ai.tripleMind.ProPurchaseAi.doPlace(ProPurchaseAi.java:2627)
	at games.strategy.triplea.ai.tripleMind.ProPurchaseAi.placeUnits(ProPurchaseAi.java:2545)
	at games.strategy.triplea.ai.tripleMind.ProPurchaseAi.place(ProPurchaseAi.java:562)
	at games.strategy.triplea.ai.tripleMind.AbstractTripleMindAi.place(AbstractTripleMindAi.java:380)
	at games.strategy.triplea.ai.AbstractAi.start(AbstractAi.java:531)
	at games.strategy.engine.framework.ServerGame.waitForPlayerToFinishStep(ServerGame.java:648)
	at games.strategy.engine.framework.ServerGame.runStep(ServerGame.java:478)
	at games.strategy.engine.framework.ServerGame.runNextStep(ServerGame.java:365)
	at games.strategy.engine.framework.ServerGame.startGame(ServerGame.java:333)
	at games.strategy.engine.framework.startup.launcher.LocalLauncher.launchInternal(LocalLauncher.java:92)
	at games.strategy.engine.framework.startup.launcher.LocalLauncher.lambda$launch$0(LocalLauncher.java:60)
	at java.base/java.lang.Thread.run(Thread.java:840)
227343 18:22:09.034 [Thread-8] INFO  org.triplea.sound.ClipPlayer - Unable to create audio device, is there audio on the system? Cannot create AudioDevice
javazoom.jl.decoder.JavaLayerException: Cannot create AudioDevice
	at javazoom.jl.player.FactoryRegistry.createAudioDevice(FactoryRegistry.java:97)
	at org.triplea.sound.ClipPlayer.hasAudio(ClipPlayer.java:144)
	at org.triplea.sound.ClipPlayer.isSoundEnabled(ClipPlayer.java:251)
	at org.triplea.sound.ClipPlayer.play(ClipPlayer.java:220)
	at org.triplea.sound.DefaultSoundChannel.playSoundForAll(DefaultSoundChannel.java:22)
	at jdk.internal.reflect.GeneratedMethodAccessor55.invoke(Unknown Source)
	at java.base/jdk.internal.reflect.DelegatingMethodAccessorImpl.invoke(DelegatingMethodAccessorImpl.java:43)
	at java.base/java.lang.reflect.Method.invoke(Method.java:569)
	at games.strategy.engine.message.unifiedmessenger.EndPoint.invokeSingle(EndPoint.java:137)
	at games.strategy.engine.message.unifiedmessenger.EndPoint.lambda$invokeMultiple$0(EndPoint.java:121)
	at java.base/java.util.stream.ReferencePipeline$3$1.accept(ReferencePipeline.java:197)
	at java.base/java.util.Spliterators$ArraySpliterator.forEachRemaining(Spliterators.java:992)
	at java.base/java.util.stream.AbstractPipeline.copyInto(AbstractPipeline.java:509)
	at java.base/java.util.stream.AbstractPipeline.wrapAndCopyInto(AbstractPipeline.java:499)
	at java.base/java.util.stream.ReduceOps$ReduceOp.evaluateSequential(ReduceOps.java:921)
	at java.base/java.util.stream.AbstractPipeline.evaluate(AbstractPipeline.java:234)
	at java.base/java.util.stream.ReferencePipeline.collect(ReferencePipeline.java:682)
	at games.strategy.engine.message.unifiedmessenger.EndPoint.invokeMultiple(EndPoint.java:122)
	at games.strategy.engine.message.unifiedmessenger.EndPoint.invokeLocal(EndPoint.java:112)
	at games.strategy.engine.message.unifiedmessenger.UnifiedMessenger.invoke(UnifiedMessenger.java:153)
	at games.strategy.engine.message.UnifiedInvocationHandler.invoke(UnifiedInvocationHandler.java:47)
	at jdk.proxy2/jdk.proxy2.$Proxy25.playSoundForAll(Unknown Source)
	at jdk.internal.reflect.GeneratedMethodAccessor54.invoke(Unknown Source)
	at java.base/jdk.internal.reflect.DelegatingMethodAccessorImpl.invoke(DelegatingMethodAccessorImpl.java:43)
	at java.base/java.lang.reflect.Method.invoke(Method.java:569)
	at games.strategy.engine.delegate.DelegateExecutionManager.lambda$newOutboundImplementation$1(DelegateExecutionManager.java:79)
	at jdk.proxy2/jdk.proxy2.$Proxy25.playSoundForAll(Unknown Source)
	at games.strategy.triplea.delegate.AbstractPlaceDelegate.placeUnits(AbstractPlaceDelegate.java:302)
	at games.strategy.triplea.delegate.AbstractPlaceDelegate.placeUnits(AbstractPlaceDelegate.java:201)
	at jdk.internal.reflect.GeneratedMethodAccessor42.invoke(Unknown Source)
	at java.base/jdk.internal.reflect.DelegatingMethodAccessorImpl.invoke(DelegatingMethodAccessorImpl.java:43)
	at java.base/java.lang.reflect.Method.invoke(Method.java:569)
	at games.strategy.engine.delegate.DelegateExecutionManager$1.invoke(DelegateExecutionManager.java:120)
	at jdk.proxy2/jdk.proxy2.$Proxy16.placeUnits(Unknown Source)
	at jdk.internal.reflect.GeneratedMethodAccessor61.invoke(Unknown Source)
	at java.base/jdk.internal.reflect.DelegatingMethodAccessorImpl.invoke(DelegatingMethodAccessorImpl.java:43)
	at java.base/java.lang.reflect.Method.invoke(Method.java:569)
	at games.strategy.engine.message.unifiedmessenger.EndPoint.invokeSingle(EndPoint.java:137)
	at games.strategy.engine.message.unifiedmessenger.EndPoint.lambda$invokeMultiple$0(EndPoint.java:121)
	at java.base/java.util.stream.ReferencePipeline$3$1.accept(ReferencePipeline.java:197)
	at java.base/java.util.Spliterators$ArraySpliterator.forEachRemaining(Spliterators.java:992)
	at java.base/java.util.stream.AbstractPipeline.copyInto(AbstractPipeline.java:509)
	at java.base/java.util.stream.AbstractPipeline.wrapAndCopyInto(AbstractPipeline.java:499)
	at java.base/java.util.stream.ReduceOps$ReduceOp.evaluateSequential(ReduceOps.java:921)
	at java.base/java.util.stream.AbstractPipeline.evaluate(AbstractPipeline.java:234)
	at java.base/java.util.stream.ReferencePipeline.collect(ReferencePipeline.java:682)
	at games.strategy.engine.message.unifiedmessenger.EndPoint.invokeMultiple(EndPoint.java:122)
	at games.strategy.engine.message.unifiedmessenger.EndPoint.invokeLocal(EndPoint.java:112)
	at games.strategy.engine.message.unifiedmessenger.UnifiedMessenger.invokeAndWait(UnifiedMessenger.java:97)
	at games.strategy.engine.message.UnifiedInvocationHandler.invoke(UnifiedInvocationHandler.java:55)
	at jdk.proxy2/jdk.proxy2.$Proxy16.placeUnits(Unknown Source)
	at jdk.internal.reflect.GeneratedMethodAccessor42.invoke(Unknown Source)
	at java.base/jdk.internal.reflect.DelegatingMethodAccessorImpl.invoke(DelegatingMethodAccessorImpl.java:43)
	at java.base/java.lang.reflect.Method.invoke(Method.java:569)
	at games.strategy.engine.player.PlayerBridge$GameOverInvocationHandler.invoke(PlayerBridge.java:151)
	at jdk.proxy2/jdk.proxy2.$Proxy16.placeUnits(Unknown Source)
	at games.strategy.triplea.ai.tripleMind.ProPurchaseAi.doPlace(ProPurchaseAi.java:2627)
	at games.strategy.triplea.ai.tripleMind.ProPurchaseAi.placeUnits(ProPurchaseAi.java:2545)
	at games.strategy.triplea.ai.tripleMind.ProPurchaseAi.place(ProPurchaseAi.java:562)
	at games.strategy.triplea.ai.tripleMind.AbstractTripleMindAi.place(AbstractTripleMindAi.java:380)
	at games.strategy.triplea.ai.AbstractAi.start(AbstractAi.java:531)
	at games.strategy.engine.framework.ServerGame.waitForPlayerToFinishStep(ServerGame.java:648)
	at games.strategy.engine.framework.ServerGame.runStep(ServerGame.java:478)
	at games.strategy.engine.framework.ServerGame.runNextStep(ServerGame.java:365)
	at games.strategy.engine.framework.ServerGame.startGame(ServerGame.java:333)
	at games.strategy.engine.framework.startup.launcher.LocalLauncher.launchInternal(LocalLauncher.java:92)
	at games.strategy.engine.framework.startup.launcher.LocalLauncher.lambda$launch$0(LocalLauncher.java:60)
	at java.base/java.lang.Thread.run(Thread.java:840)
227476 18:22:09.167 [Thread-8] INFO  org.triplea.sound.ClipPlayer - Unable to create audio device, is there audio on the system? Cannot create AudioDevice
javazoom.jl.decoder.JavaLayerException: Cannot create AudioDevice
	at javazoom.jl.player.FactoryRegistry.createAudioDevice(FactoryRegistry.java:97)
	at org.triplea.sound.ClipPlayer.hasAudio(ClipPlayer.java:144)
	at org.triplea.sound.ClipPlayer.isSoundEnabled(ClipPlayer.java:251)
	at org.triplea.sound.ClipPlayer.play(ClipPlayer.java:220)
	at org.triplea.sound.DefaultSoundChannel.playSoundForAll(DefaultSoundChannel.java:22)
	at jdk.internal.reflect.GeneratedMethodAccessor55.invoke(Unknown Source)
	at java.base/jdk.internal.reflect.DelegatingMethodAccessorImpl.invoke(DelegatingMethodAccessorImpl.java:43)
	at java.base/java.lang.reflect.Method.invoke(Method.java:569)
	at games.strategy.engine.message.unifiedmessenger.EndPoint.invokeSingle(EndPoint.java:137)
	at games.strategy.engine.message.unifiedmessenger.EndPoint.lambda$invokeMultiple$0(EndPoint.java:121)
	at java.base/java.util.stream.ReferencePipeline$3$1.accept(ReferencePipeline.java:197)
	at java.base/java.util.Spliterators$ArraySpliterator.forEachRemaining(Spliterators.java:992)
	at java.base/java.util.stream.AbstractPipeline.copyInto(AbstractPipeline.java:509)
	at java.base/java.util.stream.AbstractPipeline.wrapAndCopyInto(AbstractPipeline.java:499)
	at java.base/java.util.stream.ReduceOps$ReduceOp.evaluateSequential(ReduceOps.java:921)
	at java.base/java.util.stream.AbstractPipeline.evaluate(AbstractPipeline.java:234)
	at java.base/java.util.stream.ReferencePipeline.collect(ReferencePipeline.java:682)
	at games.strategy.engine.message.unifiedmessenger.EndPoint.invokeMultiple(EndPoint.java:122)
	at games.strategy.engine.message.unifiedmessenger.EndPoint.invokeLocal(EndPoint.java:112)
	at games.strategy.engine.message.unifiedmessenger.UnifiedMessenger.invoke(UnifiedMessenger.java:153)
	at games.strategy.engine.message.UnifiedInvocationHandler.invoke(UnifiedInvocationHandler.java:47)
	at jdk.proxy2/jdk.proxy2.$Proxy25.playSoundForAll(Unknown Source)
	at jdk.internal.reflect.GeneratedMethodAccessor54.invoke(Unknown Source)
	at java.base/jdk.internal.reflect.DelegatingMethodAccessorImpl.invoke(DelegatingMethodAccessorImpl.java:43)
	at java.base/java.lang.reflect.Method.invoke(Method.java:569)
	at games.strategy.engine.delegate.DelegateExecutionManager.lambda$newOutboundImplementation$1(DelegateExecutionManager.java:79)
	at jdk.proxy2/jdk.proxy2.$Proxy25.playSoundForAll(Unknown Source)
	at games.strategy.triplea.delegate.AbstractPlaceDelegate.placeUnits(AbstractPlaceDelegate.java:302)
	at games.strategy.triplea.delegate.AbstractPlaceDelegate.placeUnits(AbstractPlaceDelegate.java:201)
	at jdk.internal.reflect.GeneratedMethodAccessor42.invoke(Unknown Source)
	at java.base/jdk.internal.reflect.DelegatingMethodAccessorImpl.invoke(DelegatingMethodAccessorImpl.java:43)
	at java.base/java.lang.reflect.Method.invoke(Method.java:569)
	at games.strategy.engine.delegate.DelegateExecutionManager$1.invoke(DelegateExecutionManager.java:120)
	at jdk.proxy2/jdk.proxy2.$Proxy16.placeUnits(Unknown Source)
	at jdk.internal.reflect.GeneratedMethodAccessor61.invoke(Unknown Source)
	at java.base/jdk.internal.reflect.DelegatingMethodAccessorImpl.invoke(DelegatingMethodAccessorImpl.java:43)
	at java.base/java.lang.reflect.Method.invoke(Method.java:569)
	at games.strategy.engine.message.unifiedmessenger.EndPoint.invokeSingle(EndPoint.java:137)
	at games.strategy.engine.message.unifiedmessenger.EndPoint.lambda$invokeMultiple$0(EndPoint.java:121)
	at java.base/java.util.stream.ReferencePipeline$3$1.accept(ReferencePipeline.java:197)
	at java.base/java.util.Spliterators$ArraySpliterator.forEachRemaining(Spliterators.java:992)
	at java.base/java.util.stream.AbstractPipeline.copyInto(AbstractPipeline.java:509)
	at java.base/java.util.stream.AbstractPipeline.wrapAndCopyInto(AbstractPipeline.java:499)
	at java.base/java.util.stream.ReduceOps$ReduceOp.evaluateSequential(ReduceOps.java:921)
	at java.base/java.util.stream.AbstractPipeline.evaluate(AbstractPipeline.java:234)
	at java.base/java.util.stream.ReferencePipeline.collect(ReferencePipeline.java:682)
	at games.strategy.engine.message.unifiedmessenger.EndPoint.invokeMultiple(EndPoint.java:122)
	at games.strategy.engine.message.unifiedmessenger.EndPoint.invokeLocal(EndPoint.java:112)
	at games.strategy.engine.message.unifiedmessenger.UnifiedMessenger.invokeAndWait(UnifiedMessenger.java:97)
	at games.strategy.engine.message.UnifiedInvocationHandler.invoke(UnifiedInvocationHandler.java:55)
	at jdk.proxy2/jdk.proxy2.$Proxy16.placeUnits(Unknown Source)
	at jdk.internal.reflect.GeneratedMethodAccessor42.invoke(Unknown Source)
	at java.base/jdk.internal.reflect.DelegatingMethodAccessorImpl.invoke(DelegatingMethodAccessorImpl.java:43)
	at java.base/java.lang.reflect.Method.invoke(Method.java:569)
	at games.strategy.engine.player.PlayerBridge$GameOverInvocationHandler.invoke(PlayerBridge.java:151)
	at jdk.proxy2/jdk.proxy2.$Proxy16.placeUnits(Unknown Source)
	at games.strategy.triplea.ai.tripleMind.ProPurchaseAi.doPlace(ProPurchaseAi.java:2627)
	at games.strategy.triplea.ai.tripleMind.ProPurchaseAi.placeUnits(ProPurchaseAi.java:2545)
	at games.strategy.triplea.ai.tripleMind.ProPurchaseAi.place(ProPurchaseAi.java:562)
	at games.strategy.triplea.ai.tripleMind.AbstractTripleMindAi.place(AbstractTripleMindAi.java:380)
	at games.strategy.triplea.ai.AbstractAi.start(AbstractAi.java:531)
	at games.strategy.engine.framework.ServerGame.waitForPlayerToFinishStep(ServerGame.java:648)
	at games.strategy.engine.framework.ServerGame.runStep(ServerGame.java:478)
	at games.strategy.engine.framework.ServerGame.runNextStep(ServerGame.java:365)
	at games.strategy.engine.framework.ServerGame.startGame(ServerGame.java:333)
	at games.strategy.engine.framework.startup.launcher.LocalLauncher.launchInternal(LocalLauncher.java:92)
	at games.strategy.engine.framework.startup.launcher.LocalLauncher.lambda$launch$0(LocalLauncher.java:60)
	at java.base/java.lang.Thread.run(Thread.java:840)
227611 18:22:09.302 [Thread-8] INFO  org.triplea.sound.ClipPlayer - Unable to create audio device, is there audio on the system? Cannot create AudioDevice
javazoom.jl.decoder.JavaLayerException: Cannot create AudioDevice
	at javazoom.jl.player.FactoryRegistry.createAudioDevice(FactoryRegistry.java:97)
	at org.triplea.sound.ClipPlayer.hasAudio(ClipPlayer.java:144)
	at org.triplea.sound.ClipPlayer.isSoundEnabled(ClipPlayer.java:251)
	at org.triplea.sound.ClipPlayer.play(ClipPlayer.java:220)
	at org.triplea.sound.DefaultSoundChannel.playSoundForAll(DefaultSoundChannel.java:22)
	at jdk.internal.reflect.GeneratedMethodAccessor55.invoke(Unknown Source)
	at java.base/jdk.internal.reflect.DelegatingMethodAccessorImpl.invoke(DelegatingMethodAccessorImpl.java:43)
	at java.base/java.lang.reflect.Method.invoke(Method.java:569)
	at games.strategy.engine.message.unifiedmessenger.EndPoint.invokeSingle(EndPoint.java:137)
	at games.strategy.engine.message.unifiedmessenger.EndPoint.lambda$invokeMultiple$0(EndPoint.java:121)
	at java.base/java.util.stream.ReferencePipeline$3$1.accept(ReferencePipeline.java:197)
	at java.base/java.util.Spliterators$ArraySpliterator.forEachRemaining(Spliterators.java:992)
	at java.base/java.util.stream.AbstractPipeline.copyInto(AbstractPipeline.java:509)
	at java.base/java.util.stream.AbstractPipeline.wrapAndCopyInto(AbstractPipeline.java:499)
	at java.base/java.util.stream.ReduceOps$ReduceOp.evaluateSequential(ReduceOps.java:921)
	at java.base/java.util.stream.AbstractPipeline.evaluate(AbstractPipeline.java:234)
	at java.base/java.util.stream.ReferencePipeline.collect(ReferencePipeline.java:682)
	at games.strategy.engine.message.unifiedmessenger.EndPoint.invokeMultiple(EndPoint.java:122)
	at games.strategy.engine.message.unifiedmessenger.EndPoint.invokeLocal(EndPoint.java:112)
	at games.strategy.engine.message.unifiedmessenger.UnifiedMessenger.invoke(UnifiedMessenger.java:153)
	at games.strategy.engine.message.UnifiedInvocationHandler.invoke(UnifiedInvocationHandler.java:47)
	at jdk.proxy2/jdk.proxy2.$Proxy25.playSoundForAll(Unknown Source)
	at jdk.internal.reflect.GeneratedMethodAccessor54.invoke(Unknown Source)
	at java.base/jdk.internal.reflect.DelegatingMethodAccessorImpl.invoke(DelegatingMethodAccessorImpl.java:43)
	at java.base/java.lang.reflect.Method.invoke(Method.java:569)
	at games.strategy.engine.delegate.DelegateExecutionManager.lambda$newOutboundImplementation$1(DelegateExecutionManager.java:79)
	at jdk.proxy2/jdk.proxy2.$Proxy25.playSoundForAll(Unknown Source)
	at games.strategy.triplea.delegate.AbstractPlaceDelegate.placeUnits(AbstractPlaceDelegate.java:302)
	at games.strategy.triplea.delegate.AbstractPlaceDelegate.placeUnits(AbstractPlaceDelegate.java:201)
	at jdk.internal.reflect.GeneratedMethodAccessor42.invoke(Unknown Source)
	at java.base/jdk.internal.reflect.DelegatingMethodAccessorImpl.invoke(DelegatingMethodAccessorImpl.java:43)
	at java.base/java.lang.reflect.Method.invoke(Method.java:569)
	at games.strategy.engine.delegate.DelegateExecutionManager$1.invoke(DelegateExecutionManager.java:120)
	at jdk.proxy2/jdk.proxy2.$Proxy16.placeUnits(Unknown Source)
	at jdk.internal.reflect.GeneratedMethodAccessor61.invoke(Unknown Source)
	at java.base/jdk.internal.reflect.DelegatingMethodAccessorImpl.invoke(DelegatingMethodAccessorImpl.java:43)
	at java.base/java.lang.reflect.Method.invoke(Method.java:569)
	at games.strategy.engine.message.unifiedmessenger.EndPoint.invokeSingle(EndPoint.java:137)
	at games.strategy.engine.message.unifiedmessenger.EndPoint.lambda$invokeMultiple$0(EndPoint.java:121)
	at java.base/java.util.stream.ReferencePipeline$3$1.accept(ReferencePipeline.java:197)
	at java.base/java.util.Spliterators$ArraySpliterator.forEachRemaining(Spliterators.java:992)
	at java.base/java.util.stream.AbstractPipeline.copyInto(AbstractPipeline.java:509)
	at java.base/java.util.stream.AbstractPipeline.wrapAndCopyInto(AbstractPipeline.java:499)
	at java.base/java.util.stream.ReduceOps$ReduceOp.evaluateSequential(ReduceOps.java:921)
	at java.base/java.util.stream.AbstractPipeline.evaluate(AbstractPipeline.java:234)
	at java.base/java.util.stream.ReferencePipeline.collect(ReferencePipeline.java:682)
	at games.strategy.engine.message.unifiedmessenger.EndPoint.invokeMultiple(EndPoint.java:122)
	at games.strategy.engine.message.unifiedmessenger.EndPoint.invokeLocal(EndPoint.java:112)
	at games.strategy.engine.message.unifiedmessenger.UnifiedMessenger.invokeAndWait(UnifiedMessenger.java:97)
	at games.strategy.engine.message.UnifiedInvocationHandler.invoke(UnifiedInvocationHandler.java:55)
	at jdk.proxy2/jdk.proxy2.$Proxy16.placeUnits(Unknown Source)
	at jdk.internal.reflect.GeneratedMethodAccessor42.invoke(Unknown Source)
	at java.base/jdk.internal.reflect.DelegatingMethodAccessorImpl.invoke(DelegatingMethodAccessorImpl.java:43)
	at java.base/java.lang.reflect.Method.invoke(Method.java:569)
	at games.strategy.engine.player.PlayerBridge$GameOverInvocationHandler.invoke(PlayerBridge.java:151)
	at jdk.proxy2/jdk.proxy2.$Proxy16.placeUnits(Unknown Source)
	at games.strategy.triplea.ai.tripleMind.ProPurchaseAi.doPlace(ProPurchaseAi.java:2627)
	at games.strategy.triplea.ai.tripleMind.ProPurchaseAi.placeUnits(ProPurchaseAi.java:2545)
	at games.strategy.triplea.ai.tripleMind.ProPurchaseAi.place(ProPurchaseAi.java:562)
	at games.strategy.triplea.ai.tripleMind.AbstractTripleMindAi.place(AbstractTripleMindAi.java:380)
	at games.strategy.triplea.ai.AbstractAi.start(AbstractAi.java:531)
	at games.strategy.engine.framework.ServerGame.waitForPlayerToFinishStep(ServerGame.java:648)
	at games.strategy.engine.framework.ServerGame.runStep(ServerGame.java:478)
	at games.strategy.engine.framework.ServerGame.runNextStep(ServerGame.java:365)
	at games.strategy.engine.framework.ServerGame.startGame(ServerGame.java:333)
	at games.strategy.engine.framework.startup.launcher.LocalLauncher.launchInternal(LocalLauncher.java:92)
	at games.strategy.engine.framework.startup.launcher.LocalLauncher.lambda$launch$0(LocalLauncher.java:60)
	at java.base/java.lang.Thread.run(Thread.java:840)
227742 18:22:09.433 [Thread-8] INFO  org.triplea.sound.ClipPlayer - Unable to create audio device, is there audio on the system? Cannot create AudioDevice
javazoom.jl.decoder.JavaLayerException: Cannot create AudioDevice
	at javazoom.jl.player.FactoryRegistry.createAudioDevice(FactoryRegistry.java:97)
	at org.triplea.sound.ClipPlayer.hasAudio(ClipPlayer.java:144)
	at org.triplea.sound.ClipPlayer.isSoundEnabled(ClipPlayer.java:251)
	at org.triplea.sound.ClipPlayer.play(ClipPlayer.java:220)
	at org.triplea.sound.DefaultSoundChannel.playSoundForAll(DefaultSoundChannel.java:22)
	at jdk.internal.reflect.GeneratedMethodAccessor55.invoke(Unknown Source)
	at java.base/jdk.internal.reflect.DelegatingMethodAccessorImpl.invoke(DelegatingMethodAccessorImpl.java:43)
	at java.base/java.lang.reflect.Method.invoke(Method.java:569)
	at games.strategy.engine.message.unifiedmessenger.EndPoint.invokeSingle(EndPoint.java:137)
	at games.strategy.engine.message.unifiedmessenger.EndPoint.lambda$invokeMultiple$0(EndPoint.java:121)
	at java.base/java.util.stream.ReferencePipeline$3$1.accept(ReferencePipeline.java:197)
	at java.base/java.util.Spliterators$ArraySpliterator.forEachRemaining(Spliterators.java:992)
	at java.base/java.util.stream.AbstractPipeline.copyInto(AbstractPipeline.java:509)
	at java.base/java.util.stream.AbstractPipeline.wrapAndCopyInto(AbstractPipeline.java:499)
	at java.base/java.util.stream.ReduceOps$ReduceOp.evaluateSequential(ReduceOps.java:921)
	at java.base/java.util.stream.AbstractPipeline.evaluate(AbstractPipeline.java:234)
	at java.base/java.util.stream.ReferencePipeline.collect(ReferencePipeline.java:682)
	at games.strategy.engine.message.unifiedmessenger.EndPoint.invokeMultiple(EndPoint.java:122)
	at games.strategy.engine.message.unifiedmessenger.EndPoint.invokeLocal(EndPoint.java:112)
	at games.strategy.engine.message.unifiedmessenger.UnifiedMessenger.invoke(UnifiedMessenger.java:153)
	at games.strategy.engine.message.UnifiedInvocationHandler.invoke(UnifiedInvocationHandler.java:47)
	at jdk.proxy2/jdk.proxy2.$Proxy25.playSoundForAll(Unknown Source)
	at jdk.internal.reflect.GeneratedMethodAccessor54.invoke(Unknown Source)
	at java.base/jdk.internal.reflect.DelegatingMethodAccessorImpl.invoke(DelegatingMethodAccessorImpl.java:43)
	at java.base/java.lang.reflect.Method.invoke(Method.java:569)
	at games.strategy.engine.delegate.DelegateExecutionManager.lambda$newOutboundImplementation$1(DelegateExecutionManager.java:79)
	at jdk.proxy2/jdk.proxy2.$Proxy25.playSoundForAll(Unknown Source)
	at games.strategy.triplea.delegate.AbstractPlaceDelegate.placeUnits(AbstractPlaceDelegate.java:302)
	at games.strategy.triplea.delegate.AbstractPlaceDelegate.placeUnits(AbstractPlaceDelegate.java:201)
	at jdk.internal.reflect.GeneratedMethodAccessor42.invoke(Unknown Source)
	at java.base/jdk.internal.reflect.DelegatingMethodAccessorImpl.invoke(DelegatingMethodAccessorImpl.java:43)
	at java.base/java.lang.reflect.Method.invoke(Method.java:569)
	at games.strategy.engine.delegate.DelegateExecutionManager$1.invoke(DelegateExecutionManager.java:120)
	at jdk.proxy2/jdk.proxy2.$Proxy16.placeUnits(Unknown Source)
	at jdk.internal.reflect.GeneratedMethodAccessor61.invoke(Unknown Source)
	at java.base/jdk.internal.reflect.DelegatingMethodAccessorImpl.invoke(DelegatingMethodAccessorImpl.java:43)
	at java.base/java.lang.reflect.Method.invoke(Method.java:569)
	at games.strategy.engine.message.unifiedmessenger.EndPoint.invokeSingle(EndPoint.java:137)
	at games.strategy.engine.message.unifiedmessenger.EndPoint.lambda$invokeMultiple$0(EndPoint.java:121)
	at java.base/java.util.stream.ReferencePipeline$3$1.accept(ReferencePipeline.java:197)
	at java.base/java.util.Spliterators$ArraySpliterator.forEachRemaining(Spliterators.java:992)
	at java.base/java.util.stream.AbstractPipeline.copyInto(AbstractPipeline.java:509)
	at java.base/java.util.stream.AbstractPipeline.wrapAndCopyInto(AbstractPipeline.java:499)
	at java.base/java.util.stream.ReduceOps$ReduceOp.evaluateSequential(ReduceOps.java:921)
	at java.base/java.util.stream.AbstractPipeline.evaluate(AbstractPipeline.java:234)
	at java.base/java.util.stream.ReferencePipeline.collect(ReferencePipeline.java:682)
	at games.strategy.engine.message.unifiedmessenger.EndPoint.invokeMultiple(EndPoint.java:122)
	at games.strategy.engine.message.unifiedmessenger.EndPoint.invokeLocal(EndPoint.java:112)
	at games.strategy.engine.message.unifiedmessenger.UnifiedMessenger.invokeAndWait(UnifiedMessenger.java:97)
	at games.strategy.engine.message.UnifiedInvocationHandler.invoke(UnifiedInvocationHandler.java:55)
	at jdk.proxy2/jdk.proxy2.$Proxy16.placeUnits(Unknown Source)
	at jdk.internal.reflect.GeneratedMethodAccessor42.invoke(Unknown Source)
	at java.base/jdk.internal.reflect.DelegatingMethodAccessorImpl.invoke(DelegatingMethodAccessorImpl.java:43)
	at java.base/java.lang.reflect.Method.invoke(Method.java:569)
	at games.strategy.engine.player.PlayerBridge$GameOverInvocationHandler.invoke(PlayerBridge.java:151)
	at jdk.proxy2/jdk.proxy2.$Proxy16.placeUnits(Unknown Source)
	at games.strategy.triplea.ai.tripleMind.ProPurchaseAi.doPlace(ProPurchaseAi.java:2627)
	at games.strategy.triplea.ai.tripleMind.ProPurchaseAi.placeUnits(ProPurchaseAi.java:2545)
	at games.strategy.triplea.ai.tripleMind.ProPurchaseAi.place(ProPurchaseAi.java:562)
	at games.strategy.triplea.ai.tripleMind.AbstractTripleMindAi.place(AbstractTripleMindAi.java:380)
	at games.strategy.triplea.ai.AbstractAi.start(AbstractAi.java:531)
	at games.strategy.engine.framework.ServerGame.waitForPlayerToFinishStep(ServerGame.java:648)
	at games.strategy.engine.framework.ServerGame.runStep(ServerGame.java:478)
	at games.strategy.engine.framework.ServerGame.runNextStep(ServerGame.java:365)
	at games.strategy.engine.framework.ServerGame.startGame(ServerGame.java:333)
	at games.strategy.engine.framework.startup.launcher.LocalLauncher.launchInternal(LocalLauncher.java:92)
	at games.strategy.engine.framework.startup.launcher.LocalLauncher.lambda$launch$0(LocalLauncher.java:60)
	at java.base/java.lang.Thread.run(Thread.java:840)
228814 18:22:10.505 [Thread-8] INFO  org.triplea.sound.ClipPlayer - Unable to create audio device, is there audio on the system? Cannot create AudioDevice
javazoom.jl.decoder.JavaLayerException: Cannot create AudioDevice
	at javazoom.jl.player.FactoryRegistry.createAudioDevice(FactoryRegistry.java:97)
	at org.triplea.sound.ClipPlayer.hasAudio(ClipPlayer.java:144)
	at org.triplea.sound.ClipPlayer.isSoundEnabled(ClipPlayer.java:251)
	at org.triplea.sound.ClipPlayer.play(ClipPlayer.java:220)
	at org.triplea.sound.DefaultSoundChannel.playSoundForAll(DefaultSoundChannel.java:22)
	at jdk.internal.reflect.GeneratedMethodAccessor55.invoke(Unknown Source)
	at java.base/jdk.internal.reflect.DelegatingMethodAccessorImpl.invoke(DelegatingMethodAccessorImpl.java:43)
	at java.base/java.lang.reflect.Method.invoke(Method.java:569)
	at games.strategy.engine.message.unifiedmessenger.EndPoint.invokeSingle(EndPoint.java:137)
	at games.strategy.engine.message.unifiedmessenger.EndPoint.lambda$invokeMultiple$0(EndPoint.java:121)
	at java.base/java.util.stream.ReferencePipeline$3$1.accept(ReferencePipeline.java:197)
	at java.base/java.util.Spliterators$ArraySpliterator.forEachRemaining(Spliterators.java:992)
	at java.base/java.util.stream.AbstractPipeline.copyInto(AbstractPipeline.java:509)
	at java.base/java.util.stream.AbstractPipeline.wrapAndCopyInto(AbstractPipeline.java:499)
	at java.base/java.util.stream.ReduceOps$ReduceOp.evaluateSequential(ReduceOps.java:921)
	at java.base/java.util.stream.AbstractPipeline.evaluate(AbstractPipeline.java:234)
	at java.base/java.util.stream.ReferencePipeline.collect(ReferencePipeline.java:682)
	at games.strategy.engine.message.unifiedmessenger.EndPoint.invokeMultiple(EndPoint.java:122)
	at games.strategy.engine.message.unifiedmessenger.EndPoint.invokeLocal(EndPoint.java:112)
	at games.strategy.engine.message.unifiedmessenger.UnifiedMessenger.invoke(UnifiedMessenger.java:153)
	at games.strategy.engine.message.UnifiedInvocationHandler.invoke(UnifiedInvocationHandler.java:47)
	at jdk.proxy2/jdk.proxy2.$Proxy25.playSoundForAll(Unknown Source)
	at jdk.internal.reflect.GeneratedMethodAccessor54.invoke(Unknown Source)
	at java.base/jdk.internal.reflect.DelegatingMethodAccessorImpl.invoke(DelegatingMethodAccessorImpl.java:43)
	at java.base/java.lang.reflect.Method.invoke(Method.java:569)
	at games.strategy.engine.delegate.DelegateExecutionManager.lambda$newOutboundImplementation$1(DelegateExecutionManager.java:79)
	at jdk.proxy2/jdk.proxy2.$Proxy25.playSoundForAll(Unknown Source)
	at games.strategy.triplea.delegate.battle.BattleTracker.takeOver(BattleTracker.java:794)
	at games.strategy.triplea.delegate.battle.BattleTracker.addEmptyBattle(BattleTracker.java:523)
	at games.strategy.triplea.delegate.battle.BattleTracker.addBattle(BattleTracker.java:345)
	at games.strategy.triplea.delegate.battle.BattleTracker.addBattle(BattleTracker.java:293)
	at games.strategy.triplea.delegate.MovePerformer$3.execute(MovePerformer.java:267)
	at games.strategy.triplea.delegate.ExecutionStack.execute(ExecutionStack.java:34)
	at games.strategy.triplea.delegate.MovePerformer.populateStack(MovePerformer.java:324)
	at games.strategy.triplea.delegate.MovePerformer.moveUnits(MovePerformer.java:81)
	at games.strategy.triplea.delegate.MoveDelegate.performMove(MoveDelegate.java:675)
	at jdk.internal.reflect.GeneratedMethodAccessor45.invoke(Unknown Source)
	at java.base/jdk.internal.reflect.DelegatingMethodAccessorImpl.invoke(DelegatingMethodAccessorImpl.java:43)
	at java.base/java.lang.reflect.Method.invoke(Method.java:569)
	at games.strategy.engine.delegate.DelegateExecutionManager$1.invoke(DelegateExecutionManager.java:120)
	at jdk.proxy2/jdk.proxy2.$Proxy14.performMove(Unknown Source)
	at jdk.internal.reflect.GeneratedMethodAccessor56.invoke(Unknown Source)
	at java.base/jdk.internal.reflect.DelegatingMethodAccessorImpl.invoke(DelegatingMethodAccessorImpl.java:43)
	at java.base/java.lang.reflect.Method.invoke(Method.java:569)
	at games.strategy.engine.message.unifiedmessenger.EndPoint.invokeSingle(EndPoint.java:137)
	at games.strategy.engine.message.unifiedmessenger.EndPoint.lambda$invokeMultiple$0(EndPoint.java:121)
	at java.base/java.util.stream.ReferencePipeline$3$1.accept(ReferencePipeline.java:197)
	at java.base/java.util.Spliterators$ArraySpliterator.forEachRemaining(Spliterators.java:992)
	at java.base/java.util.stream.AbstractPipeline.copyInto(AbstractPipeline.java:509)
	at java.base/java.util.stream.AbstractPipeline.wrapAndCopyInto(AbstractPipeline.java:499)
	at java.base/java.util.stream.ReduceOps$ReduceOp.evaluateSequential(ReduceOps.java:921)
	at java.base/java.util.stream.AbstractPipeline.evaluate(AbstractPipeline.java:234)
	at java.base/java.util.stream.ReferencePipeline.collect(ReferencePipeline.java:682)
	at games.strategy.engine.message.unifiedmessenger.EndPoint.invokeMultiple(EndPoint.java:122)
	at games.strategy.engine.message.unifiedmessenger.EndPoint.invokeLocal(EndPoint.java:112)
	at games.strategy.engine.message.unifiedmessenger.UnifiedMessenger.invokeAndWait(UnifiedMessenger.java:97)
	at games.strategy.engine.message.UnifiedInvocationHandler.invoke(UnifiedInvocationHandler.java:55)
	at jdk.proxy2/jdk.proxy2.$Proxy14.performMove(Unknown Source)
	at jdk.internal.reflect.GeneratedMethodAccessor45.invoke(Unknown Source)
	at java.base/jdk.internal.reflect.DelegatingMethodAccessorImpl.invoke(DelegatingMethodAccessorImpl.java:43)
	at java.base/java.lang.reflect.Method.invoke(Method.java:569)
	at games.strategy.engine.player.PlayerBridge$GameOverInvocationHandler.invoke(PlayerBridge.java:151)
	at jdk.proxy2/jdk.proxy2.$Proxy14.performMove(Unknown Source)
	at games.strategy.triplea.ai.weak.WeakAi.doMove(WeakAi.java:237)
	at games.strategy.triplea.ai.weak.WeakAi.doCombatMove(WeakAi.java:152)
	at games.strategy.triplea.ai.weak.WeakAi.move(WeakAi.java:124)
	at games.strategy.triplea.ai.AbstractAi.start(AbstractAi.java:521)
	at games.strategy.engine.framework.ServerGame.waitForPlayerToFinishStep(ServerGame.java:648)
	at games.strategy.engine.framework.ServerGame.runStep(ServerGame.java:478)
	at games.strategy.engine.framework.ServerGame.runNextStep(ServerGame.java:365)
	at games.strategy.engine.framework.ServerGame.startGame(ServerGame.java:333)
	at games.strategy.engine.framework.startup.launcher.LocalLauncher.launchInternal(LocalLauncher.java:92)
	at games.strategy.engine.framework.startup.launcher.LocalLauncher.lambda$launch$0(LocalLauncher.java:60)
	at java.base/java.lang.Thread.run(Thread.java:840)
230175 18:22:11.866 [Thread-8] INFO  org.triplea.sound.ClipPlayer - Unable to create audio device, is there audio on the system? Cannot create AudioDevice
javazoom.jl.decoder.JavaLayerException: Cannot create AudioDevice
	at javazoom.jl.player.FactoryRegistry.createAudioDevice(FactoryRegistry.java:97)
	at org.triplea.sound.ClipPlayer.hasAudio(ClipPlayer.java:144)
	at org.triplea.sound.ClipPlayer.isSoundEnabled(ClipPlayer.java:251)
	at org.triplea.sound.ClipPlayer.play(ClipPlayer.java:220)
	at org.triplea.sound.DefaultSoundChannel.playSoundForAll(DefaultSoundChannel.java:22)
	at jdk.internal.reflect.GeneratedMethodAccessor55.invoke(Unknown Source)
	at java.base/jdk.internal.reflect.DelegatingMethodAccessorImpl.invoke(DelegatingMethodAccessorImpl.java:43)
	at java.base/java.lang.reflect.Method.invoke(Method.java:569)
	at games.strategy.engine.message.unifiedmessenger.EndPoint.invokeSingle(EndPoint.java:137)
	at games.strategy.engine.message.unifiedmessenger.EndPoint.lambda$invokeMultiple$0(EndPoint.java:121)
	at java.base/java.util.stream.ReferencePipeline$3$1.accept(ReferencePipeline.java:197)
	at java.base/java.util.Spliterators$ArraySpliterator.forEachRemaining(Spliterators.java:992)
	at java.base/java.util.stream.AbstractPipeline.copyInto(AbstractPipeline.java:509)
	at java.base/java.util.stream.AbstractPipeline.wrapAndCopyInto(AbstractPipeline.java:499)
	at java.base/java.util.stream.ReduceOps$ReduceOp.evaluateSequential(ReduceOps.java:921)
	at java.base/java.util.stream.AbstractPipeline.evaluate(AbstractPipeline.java:234)
	at java.base/java.util.stream.ReferencePipeline.collect(ReferencePipeline.java:682)
	at games.strategy.engine.message.unifiedmessenger.EndPoint.invokeMultiple(EndPoint.java:122)
	at games.strategy.engine.message.unifiedmessenger.EndPoint.invokeLocal(EndPoint.java:112)
	at games.strategy.engine.message.unifiedmessenger.UnifiedMessenger.invoke(UnifiedMessenger.java:153)
	at games.strategy.engine.message.UnifiedInvocationHandler.invoke(UnifiedInvocationHandler.java:47)
	at jdk.proxy2/jdk.proxy2.$Proxy25.playSoundForAll(Unknown Source)
	at jdk.internal.reflect.GeneratedMethodAccessor54.invoke(Unknown Source)
	at java.base/jdk.internal.reflect.DelegatingMethodAccessorImpl.invoke(DelegatingMethodAccessorImpl.java:43)
	at java.base/java.lang.reflect.Method.invoke(Method.java:569)
	at games.strategy.engine.delegate.DelegateExecutionManager.lambda$newOutboundImplementation$1(DelegateExecutionManager.java:79)
	at jdk.proxy2/jdk.proxy2.$Proxy25.playSoundForAll(Unknown Source)
	at org.triplea.sound.SoundUtils.playBattleType(SoundUtils.java:42)
	at games.strategy.triplea.delegate.battle.MustFightBattle.fight(MustFightBattle.java:686)
	at games.strategy.triplea.delegate.battle.BattleTracker.fightBattleIfOnlyOne(BattleTracker.java:1300)
	at games.strategy.triplea.delegate.battle.BattleDelegate.start(BattleDelegate.java:125)
	at games.strategy.engine.framework.ServerGame.startStep(ServerGame.java:611)
	at games.strategy.engine.framework.ServerGame.runStep(ServerGame.java:471)
	at games.strategy.engine.framework.ServerGame.runNextStep(ServerGame.java:365)
	at games.strategy.engine.framework.ServerGame.startGame(ServerGame.java:333)
	at games.strategy.engine.framework.startup.launcher.LocalLauncher.launchInternal(LocalLauncher.java:92)
	at games.strategy.engine.framework.startup.launcher.LocalLauncher.lambda$launch$0(LocalLauncher.java:60)
	at java.base/java.lang.Thread.run(Thread.java:840)
240223 18:22:21.914 [Thread-8] INFO  org.triplea.sound.ClipPlayer - Unable to create audio device, is there audio on the system? Cannot create AudioDevice
javazoom.jl.decoder.JavaLayerException: Cannot create AudioDevice
	at javazoom.jl.player.FactoryRegistry.createAudioDevice(FactoryRegistry.java:97)
	at org.triplea.sound.ClipPlayer.hasAudio(ClipPlayer.java:144)
	at org.triplea.sound.ClipPlayer.isSoundEnabled(ClipPlayer.java:251)
	at org.triplea.sound.ClipPlayer.play(ClipPlayer.java:220)
	at org.triplea.sound.DefaultSoundChannel.playSoundForAll(DefaultSoundChannel.java:22)
	at jdk.internal.reflect.GeneratedMethodAccessor55.invoke(Unknown Source)
	at java.base/jdk.internal.reflect.DelegatingMethodAccessorImpl.invoke(DelegatingMethodAccessorImpl.java:43)
	at java.base/java.lang.reflect.Method.invoke(Method.java:569)
	at games.strategy.engine.message.unifiedmessenger.EndPoint.invokeSingle(EndPoint.java:137)
	at games.strategy.engine.message.unifiedmessenger.EndPoint.lambda$invokeMultiple$0(EndPoint.java:121)
	at java.base/java.util.stream.ReferencePipeline$3$1.accept(ReferencePipeline.java:197)
	at java.base/java.util.Spliterators$ArraySpliterator.forEachRemaining(Spliterators.java:992)
	at java.base/java.util.stream.AbstractPipeline.copyInto(AbstractPipeline.java:509)
	at java.base/java.util.stream.AbstractPipeline.wrapAndCopyInto(AbstractPipeline.java:499)
	at java.base/java.util.stream.ReduceOps$ReduceOp.evaluateSequential(ReduceOps.java:921)
	at java.base/java.util.stream.AbstractPipeline.evaluate(AbstractPipeline.java:234)
	at java.base/java.util.stream.ReferencePipeline.collect(ReferencePipeline.java:682)
	at games.strategy.engine.message.unifiedmessenger.EndPoint.invokeMultiple(EndPoint.java:122)
	at games.strategy.engine.message.unifiedmessenger.EndPoint.invokeLocal(EndPoint.java:112)
	at games.strategy.engine.message.unifiedmessenger.UnifiedMessenger.invoke(UnifiedMessenger.java:153)
	at games.strategy.engine.message.UnifiedInvocationHandler.invoke(UnifiedInvocationHandler.java:47)
	at jdk.proxy2/jdk.proxy2.$Proxy25.playSoundForAll(Unknown Source)
	at jdk.internal.reflect.GeneratedMethodAccessor54.invoke(Unknown Source)
	at java.base/jdk.internal.reflect.DelegatingMethodAccessorImpl.invoke(DelegatingMethodAccessorImpl.java:43)
	at java.base/java.lang.reflect.Method.invoke(Method.java:569)
	at games.strategy.engine.delegate.DelegateExecutionManager.lambda$newOutboundImplementation$1(DelegateExecutionManager.java:79)
	at jdk.proxy2/jdk.proxy2.$Proxy25.playSoundForAll(Unknown Source)
	at games.strategy.triplea.delegate.battle.MustFightBattle.defenderWins(MustFightBattle.java:1386)
	at games.strategy.triplea.delegate.battle.MustFightBattle.endBattle(MustFightBattle.java:465)
	at games.strategy.triplea.delegate.battle.steps.change.CheckGeneralBattleEnd.execute(CheckGeneralBattleEnd.java:62)
	at games.strategy.triplea.delegate.ExecutionStack.execute(ExecutionStack.java:34)
	at games.strategy.triplea.delegate.battle.MustFightBattle.fight(MustFightBattle.java:690)
	at games.strategy.triplea.delegate.battle.BattleTracker.fightBattleIfOnlyOne(BattleTracker.java:1300)
	at games.strategy.triplea.delegate.battle.BattleDelegate.start(BattleDelegate.java:125)
	at games.strategy.engine.framework.ServerGame.startStep(ServerGame.java:611)
	at games.strategy.engine.framework.ServerGame.runStep(ServerGame.java:471)
	at games.strategy.engine.framework.ServerGame.runNextStep(ServerGame.java:365)
	at games.strategy.engine.framework.ServerGame.startGame(ServerGame.java:333)
	at games.strategy.engine.framework.startup.launcher.LocalLauncher.launchInternal(LocalLauncher.java:92)
	at games.strategy.engine.framework.startup.launcher.LocalLauncher.lambda$launch$0(LocalLauncher.java:60)
	at java.base/java.lang.Thread.run(Thread.java:840)
241467 18:22:23.158 [Thread-8] INFO  org.triplea.sound.ClipPlayer - Unable to create audio device, is there audio on the system? Cannot create AudioDevice
javazoom.jl.decoder.JavaLayerException: Cannot create AudioDevice
	at javazoom.jl.player.FactoryRegistry.createAudioDevice(FactoryRegistry.java:97)
	at org.triplea.sound.ClipPlayer.hasAudio(ClipPlayer.java:144)
	at org.triplea.sound.ClipPlayer.isSoundEnabled(ClipPlayer.java:251)
	at org.triplea.sound.ClipPlayer.play(ClipPlayer.java:220)
	at org.triplea.sound.DefaultSoundChannel.playSoundForAll(DefaultSoundChannel.java:22)
	at jdk.internal.reflect.GeneratedMethodAccessor55.invoke(Unknown Source)
	at java.base/jdk.internal.reflect.DelegatingMethodAccessorImpl.invoke(DelegatingMethodAccessorImpl.java:43)
	at java.base/java.lang.reflect.Method.invoke(Method.java:569)
	at games.strategy.engine.message.unifiedmessenger.EndPoint.invokeSingle(EndPoint.java:137)
	at games.strategy.engine.message.unifiedmessenger.EndPoint.lambda$invokeMultiple$0(EndPoint.java:121)
	at java.base/java.util.stream.ReferencePipeline$3$1.accept(ReferencePipeline.java:197)
	at java.base/java.util.Spliterators$ArraySpliterator.forEachRemaining(Spliterators.java:992)
	at java.base/java.util.stream.AbstractPipeline.copyInto(AbstractPipeline.java:509)
	at java.base/java.util.stream.AbstractPipeline.wrapAndCopyInto(AbstractPipeline.java:499)
	at java.base/java.util.stream.ReduceOps$ReduceOp.evaluateSequential(ReduceOps.java:921)
	at java.base/java.util.stream.AbstractPipeline.evaluate(AbstractPipeline.java:234)
	at java.base/java.util.stream.ReferencePipeline.collect(ReferencePipeline.java:682)
	at games.strategy.engine.message.unifiedmessenger.EndPoint.invokeMultiple(EndPoint.java:122)
	at games.strategy.engine.message.unifiedmessenger.EndPoint.invokeLocal(EndPoint.java:112)
	at games.strategy.engine.message.unifiedmessenger.UnifiedMessenger.invoke(UnifiedMessenger.java:153)
	at games.strategy.engine.message.UnifiedInvocationHandler.invoke(UnifiedInvocationHandler.java:47)
	at jdk.proxy2/jdk.proxy2.$Proxy25.playSoundForAll(Unknown Source)
	at jdk.internal.reflect.GeneratedMethodAccessor54.invoke(Unknown Source)
	at java.base/jdk.internal.reflect.DelegatingMethodAccessorImpl.invoke(DelegatingMethodAccessorImpl.java:43)
	at java.base/java.lang.reflect.Method.invoke(Method.java:569)
	at games.strategy.engine.delegate.DelegateExecutionManager.lambda$newOutboundImplementation$1(DelegateExecutionManager.java:79)
	at jdk.proxy2/jdk.proxy2.$Proxy25.playSoundForAll(Unknown Source)
	at games.strategy.triplea.delegate.AbstractPlaceDelegate.placeUnits(AbstractPlaceDelegate.java:302)
	at games.strategy.triplea.delegate.AbstractPlaceDelegate.placeUnits(AbstractPlaceDelegate.java:201)
	at jdk.internal.reflect.GeneratedMethodAccessor42.invoke(Unknown Source)
	at java.base/jdk.internal.reflect.DelegatingMethodAccessorImpl.invoke(DelegatingMethodAccessorImpl.java:43)
	at java.base/java.lang.reflect.Method.invoke(Method.java:569)
	at games.strategy.engine.delegate.DelegateExecutionManager$1.invoke(DelegateExecutionManager.java:120)
	at jdk.proxy2/jdk.proxy2.$Proxy16.placeUnits(Unknown Source)
	at jdk.internal.reflect.GeneratedMethodAccessor61.invoke(Unknown Source)
	at java.base/jdk.internal.reflect.DelegatingMethodAccessorImpl.invoke(DelegatingMethodAccessorImpl.java:43)
	at java.base/java.lang.reflect.Method.invoke(Method.java:569)
	at games.strategy.engine.message.unifiedmessenger.EndPoint.invokeSingle(EndPoint.java:137)
	at games.strategy.engine.message.unifiedmessenger.EndPoint.lambda$invokeMultiple$0(EndPoint.java:121)
	at java.base/java.util.stream.ReferencePipeline$3$1.accept(ReferencePipeline.java:197)
	at java.base/java.util.Spliterators$ArraySpliterator.forEachRemaining(Spliterators.java:992)
	at java.base/java.util.stream.AbstractPipeline.copyInto(AbstractPipeline.java:509)
	at java.base/java.util.stream.AbstractPipeline.wrapAndCopyInto(AbstractPipeline.java:499)
	at java.base/java.util.stream.ReduceOps$ReduceOp.evaluateSequential(ReduceOps.java:921)
	at java.base/java.util.stream.AbstractPipeline.evaluate(AbstractPipeline.java:234)
	at java.base/java.util.stream.ReferencePipeline.collect(ReferencePipeline.java:682)
	at games.strategy.engine.message.unifiedmessenger.EndPoint.invokeMultiple(EndPoint.java:122)
	at games.strategy.engine.message.unifiedmessenger.EndPoint.invokeLocal(EndPoint.java:112)
	at games.strategy.engine.message.unifiedmessenger.UnifiedMessenger.invokeAndWait(UnifiedMessenger.java:97)
	at games.strategy.engine.message.UnifiedInvocationHandler.invoke(UnifiedInvocationHandler.java:55)
	at jdk.proxy2/jdk.proxy2.$Proxy16.placeUnits(Unknown Source)
	at jdk.internal.reflect.GeneratedMethodAccessor42.invoke(Unknown Source)
	at java.base/jdk.internal.reflect.DelegatingMethodAccessorImpl.invoke(DelegatingMethodAccessorImpl.java:43)
	at java.base/java.lang.reflect.Method.invoke(Method.java:569)
	at games.strategy.engine.player.PlayerBridge$GameOverInvocationHandler.invoke(PlayerBridge.java:151)
	at jdk.proxy2/jdk.proxy2.$Proxy16.placeUnits(Unknown Source)
	at games.strategy.triplea.ai.weak.WeakAi.doPlace(WeakAi.java:1110)
	at games.strategy.triplea.ai.weak.WeakAi.placeAllWeCanOn(WeakAi.java:1104)
	at games.strategy.triplea.ai.weak.WeakAi.lambda$place$15(WeakAi.java:1054)
	at java.base/java.util.Optional.ifPresent(Optional.java:178)
	at games.strategy.triplea.ai.weak.WeakAi.place(WeakAi.java:1054)
	at games.strategy.triplea.ai.AbstractAi.start(AbstractAi.java:531)
	at games.strategy.engine.framework.ServerGame.waitForPlayerToFinishStep(ServerGame.java:648)
	at games.strategy.engine.framework.ServerGame.runStep(ServerGame.java:478)
	at games.strategy.engine.framework.ServerGame.runNextStep(ServerGame.java:365)
	at games.strategy.engine.framework.ServerGame.startGame(ServerGame.java:333)
	at games.strategy.engine.framework.startup.launcher.LocalLauncher.launchInternal(LocalLauncher.java:92)
	at games.strategy.engine.framework.startup.launcher.LocalLauncher.lambda$launch$0(LocalLauncher.java:60)
	at java.base/java.lang.Thread.run(Thread.java:840)
242236 18:22:23.927 [Thread-8] INFO  org.triplea.sound.ClipPlayer - Unable to create audio device, is there audio on the system? Cannot create AudioDevice
javazoom.jl.decoder.JavaLayerException: Cannot create AudioDevice
	at javazoom.jl.player.FactoryRegistry.createAudioDevice(FactoryRegistry.java:97)
	at org.triplea.sound.ClipPlayer.hasAudio(ClipPlayer.java:144)
	at org.triplea.sound.ClipPlayer.isSoundEnabled(ClipPlayer.java:251)
	at org.triplea.sound.ClipPlayer.play(ClipPlayer.java:220)
	at org.triplea.sound.DefaultSoundChannel.playSoundForAll(DefaultSoundChannel.java:22)
	at jdk.internal.reflect.GeneratedMethodAccessor55.invoke(Unknown Source)
	at java.base/jdk.internal.reflect.DelegatingMethodAccessorImpl.invoke(DelegatingMethodAccessorImpl.java:43)
	at java.base/java.lang.reflect.Method.invoke(Method.java:569)
	at games.strategy.engine.message.unifiedmessenger.EndPoint.invokeSingle(EndPoint.java:137)
	at games.strategy.engine.message.unifiedmessenger.EndPoint.lambda$invokeMultiple$0(EndPoint.java:121)
	at java.base/java.util.stream.ReferencePipeline$3$1.accept(ReferencePipeline.java:197)
	at java.base/java.util.Spliterators$ArraySpliterator.forEachRemaining(Spliterators.java:992)
	at java.base/java.util.stream.AbstractPipeline.copyInto(AbstractPipeline.java:509)
	at java.base/java.util.stream.AbstractPipeline.wrapAndCopyInto(AbstractPipeline.java:499)
	at java.base/java.util.stream.ReduceOps$ReduceOp.evaluateSequential(ReduceOps.java:921)
	at java.base/java.util.stream.AbstractPipeline.evaluate(AbstractPipeline.java:234)
	at java.base/java.util.stream.ReferencePipeline.collect(ReferencePipeline.java:682)
	at games.strategy.engine.message.unifiedmessenger.EndPoint.invokeMultiple(EndPoint.java:122)
	at games.strategy.engine.message.unifiedmessenger.EndPoint.invokeLocal(EndPoint.java:112)
	at games.strategy.engine.message.unifiedmessenger.UnifiedMessenger.invoke(UnifiedMessenger.java:153)
	at games.strategy.engine.message.UnifiedInvocationHandler.invoke(UnifiedInvocationHandler.java:47)
	at jdk.proxy2/jdk.proxy2.$Proxy25.playSoundForAll(Unknown Source)
	at jdk.internal.reflect.GeneratedMethodAccessor54.invoke(Unknown Source)
	at java.base/jdk.internal.reflect.DelegatingMethodAccessorImpl.invoke(DelegatingMethodAccessorImpl.java:43)
	at java.base/java.lang.reflect.Method.invoke(Method.java:569)
	at games.strategy.engine.delegate.DelegateExecutionManager.lambda$newOutboundImplementation$1(DelegateExecutionManager.java:79)
	at jdk.proxy2/jdk.proxy2.$Proxy25.playSoundForAll(Unknown Source)
	at games.strategy.triplea.delegate.battle.BattleTracker.takeOver(BattleTracker.java:794)
	at games.strategy.triplea.delegate.battle.BattleTracker.addEmptyBattle(BattleTracker.java:523)
	at games.strategy.triplea.delegate.battle.BattleTracker.addBattle(BattleTracker.java:345)
	at games.strategy.triplea.delegate.battle.BattleTracker.addBattle(BattleTracker.java:293)
	at games.strategy.triplea.delegate.MovePerformer$3.execute(MovePerformer.java:267)
	at games.strategy.triplea.delegate.ExecutionStack.execute(ExecutionStack.java:34)
	at games.strategy.triplea.delegate.MovePerformer.populateStack(MovePerformer.java:324)
	at games.strategy.triplea.delegate.MovePerformer.moveUnits(MovePerformer.java:81)
	at games.strategy.triplea.delegate.MoveDelegate.performMove(MoveDelegate.java:675)
	at jdk.internal.reflect.GeneratedMethodAccessor45.invoke(Unknown Source)
	at java.base/jdk.internal.reflect.DelegatingMethodAccessorImpl.invoke(DelegatingMethodAccessorImpl.java:43)
	at java.base/java.lang.reflect.Method.invoke(Method.java:569)
	at games.strategy.engine.delegate.DelegateExecutionManager$1.invoke(DelegateExecutionManager.java:120)
	at jdk.proxy2/jdk.proxy2.$Proxy14.performMove(Unknown Source)
	at jdk.internal.reflect.GeneratedMethodAccessor56.invoke(Unknown Source)
	at java.base/jdk.internal.reflect.DelegatingMethodAccessorImpl.invoke(DelegatingMethodAccessorImpl.java:43)
	at java.base/java.lang.reflect.Method.invoke(Method.java:569)
	at games.strategy.engine.message.unifiedmessenger.EndPoint.invokeSingle(EndPoint.java:137)
	at games.strategy.engine.message.unifiedmessenger.EndPoint.lambda$invokeMultiple$0(EndPoint.java:121)
	at java.base/java.util.stream.ReferencePipeline$3$1.accept(ReferencePipeline.java:197)
	at java.base/java.util.Spliterators$ArraySpliterator.forEachRemaining(Spliterators.java:992)
	at java.base/java.util.stream.AbstractPipeline.copyInto(AbstractPipeline.java:509)
	at java.base/java.util.stream.AbstractPipeline.wrapAndCopyInto(AbstractPipeline.java:499)
	at java.base/java.util.stream.ReduceOps$ReduceOp.evaluateSequential(ReduceOps.java:921)
	at java.base/java.util.stream.AbstractPipeline.evaluate(AbstractPipeline.java:234)
	at java.base/java.util.stream.ReferencePipeline.collect(ReferencePipeline.java:682)
	at games.strategy.engine.message.unifiedmessenger.EndPoint.invokeMultiple(EndPoint.java:122)
	at games.strategy.engine.message.unifiedmessenger.EndPoint.invokeLocal(EndPoint.java:112)
	at games.strategy.engine.message.unifiedmessenger.UnifiedMessenger.invokeAndWait(UnifiedMessenger.java:97)
	at games.strategy.engine.message.UnifiedInvocationHandler.invoke(UnifiedInvocationHandler.java:55)
	at jdk.proxy2/jdk.proxy2.$Proxy14.performMove(Unknown Source)
	at jdk.internal.reflect.GeneratedMethodAccessor45.invoke(Unknown Source)
	at java.base/jdk.internal.reflect.DelegatingMethodAccessorImpl.invoke(DelegatingMethodAccessorImpl.java:43)
	at java.base/java.lang.reflect.Method.invoke(Method.java:569)
	at games.strategy.engine.player.PlayerBridge$GameOverInvocationHandler.invoke(PlayerBridge.java:151)
	at jdk.proxy2/jdk.proxy2.$Proxy14.performMove(Unknown Source)
	at games.strategy.triplea.ai.weak.WeakAi.doMove(WeakAi.java:237)
	at games.strategy.triplea.ai.weak.WeakAi.doCombatMove(WeakAi.java:152)
	at games.strategy.triplea.ai.weak.WeakAi.move(WeakAi.java:124)
	at games.strategy.triplea.ai.AbstractAi.start(AbstractAi.java:521)
	at games.strategy.engine.framework.ServerGame.waitForPlayerToFinishStep(ServerGame.java:648)
	at games.strategy.engine.framework.ServerGame.runStep(ServerGame.java:478)
	at games.strategy.engine.framework.ServerGame.runNextStep(ServerGame.java:365)
	at games.strategy.engine.framework.ServerGame.startGame(ServerGame.java:333)
	at games.strategy.engine.framework.startup.launcher.LocalLauncher.launchInternal(LocalLauncher.java:92)
	at games.strategy.engine.framework.startup.launcher.LocalLauncher.lambda$launch$0(LocalLauncher.java:60)
	at java.base/java.lang.Thread.run(Thread.java:840)
242809 18:22:24.500 [Thread-8] INFO  org.triplea.sound.ClipPlayer - Unable to create audio device, is there audio on the system? Cannot create AudioDevice
javazoom.jl.decoder.JavaLayerException: Cannot create AudioDevice
	at javazoom.jl.player.FactoryRegistry.createAudioDevice(FactoryRegistry.java:97)
	at org.triplea.sound.ClipPlayer.hasAudio(ClipPlayer.java:144)
	at org.triplea.sound.ClipPlayer.isSoundEnabled(ClipPlayer.java:251)
	at org.triplea.sound.ClipPlayer.play(ClipPlayer.java:220)
	at org.triplea.sound.DefaultSoundChannel.playSoundForAll(DefaultSoundChannel.java:22)
	at jdk.internal.reflect.GeneratedMethodAccessor55.invoke(Unknown Source)
	at java.base/jdk.internal.reflect.DelegatingMethodAccessorImpl.invoke(DelegatingMethodAccessorImpl.java:43)
	at java.base/java.lang.reflect.Method.invoke(Method.java:569)
	at games.strategy.engine.message.unifiedmessenger.EndPoint.invokeSingle(EndPoint.java:137)
	at games.strategy.engine.message.unifiedmessenger.EndPoint.lambda$invokeMultiple$0(EndPoint.java:121)
	at java.base/java.util.stream.ReferencePipeline$3$1.accept(ReferencePipeline.java:197)
	at java.base/java.util.Spliterators$ArraySpliterator.forEachRemaining(Spliterators.java:992)
	at java.base/java.util.stream.AbstractPipeline.copyInto(AbstractPipeline.java:509)
	at java.base/java.util.stream.AbstractPipeline.wrapAndCopyInto(AbstractPipeline.java:499)
	at java.base/java.util.stream.ReduceOps$ReduceOp.evaluateSequential(ReduceOps.java:921)
	at java.base/java.util.stream.AbstractPipeline.evaluate(AbstractPipeline.java:234)
	at java.base/java.util.stream.ReferencePipeline.collect(ReferencePipeline.java:682)
	at games.strategy.engine.message.unifiedmessenger.EndPoint.invokeMultiple(EndPoint.java:122)
	at games.strategy.engine.message.unifiedmessenger.EndPoint.invokeLocal(EndPoint.java:112)
	at games.strategy.engine.message.unifiedmessenger.UnifiedMessenger.invoke(UnifiedMessenger.java:153)
	at games.strategy.engine.message.UnifiedInvocationHandler.invoke(UnifiedInvocationHandler.java:47)
	at jdk.proxy2/jdk.proxy2.$Proxy25.playSoundForAll(Unknown Source)
	at jdk.internal.reflect.GeneratedMethodAccessor54.invoke(Unknown Source)
	at java.base/jdk.internal.reflect.DelegatingMethodAccessorImpl.invoke(DelegatingMethodAccessorImpl.java:43)
	at java.base/java.lang.reflect.Method.invoke(Method.java:569)
	at games.strategy.engine.delegate.DelegateExecutionManager.lambda$newOutboundImplementation$1(DelegateExecutionManager.java:79)
	at jdk.proxy2/jdk.proxy2.$Proxy25.playSoundForAll(Unknown Source)
	at games.strategy.triplea.delegate.battle.BattleTracker.takeOver(BattleTracker.java:794)
	at games.strategy.triplea.delegate.battle.BattleTracker.addEmptyBattle(BattleTracker.java:523)
	at games.strategy.triplea.delegate.battle.BattleTracker.addBattle(BattleTracker.java:345)
	at games.strategy.triplea.delegate.battle.BattleTracker.addBattle(BattleTracker.java:293)
	at games.strategy.triplea.delegate.MovePerformer$3.execute(MovePerformer.java:267)
	at games.strategy.triplea.delegate.ExecutionStack.execute(ExecutionStack.java:34)
	at games.strategy.triplea.delegate.MovePerformer.populateStack(MovePerformer.java:324)
	at games.strategy.triplea.delegate.MovePerformer.moveUnits(MovePerformer.java:81)
	at games.strategy.triplea.delegate.MoveDelegate.performMove(MoveDelegate.java:675)
	at jdk.internal.reflect.GeneratedMethodAccessor45.invoke(Unknown Source)
	at java.base/jdk.internal.reflect.DelegatingMethodAccessorImpl.invoke(DelegatingMethodAccessorImpl.java:43)
	at java.base/java.lang.reflect.Method.invoke(Method.java:569)
	at games.strategy.engine.delegate.DelegateExecutionManager$1.invoke(DelegateExecutionManager.java:120)
	at jdk.proxy2/jdk.proxy2.$Proxy14.performMove(Unknown Source)
	at jdk.internal.reflect.GeneratedMethodAccessor56.invoke(Unknown Source)
	at java.base/jdk.internal.reflect.DelegatingMethodAccessorImpl.invoke(DelegatingMethodAccessorImpl.java:43)
	at java.base/java.lang.reflect.Method.invoke(Method.java:569)
	at games.strategy.engine.message.unifiedmessenger.EndPoint.invokeSingle(EndPoint.java:137)
	at games.strategy.engine.message.unifiedmessenger.EndPoint.lambda$invokeMultiple$0(EndPoint.java:121)
	at java.base/java.util.stream.ReferencePipeline$3$1.accept(ReferencePipeline.java:197)
	at java.base/java.util.Spliterators$ArraySpliterator.forEachRemaining(Spliterators.java:992)
	at java.base/java.util.stream.AbstractPipeline.copyInto(AbstractPipeline.java:509)
	at java.base/java.util.stream.AbstractPipeline.wrapAndCopyInto(AbstractPipeline.java:499)
	at java.base/java.util.stream.ReduceOps$ReduceOp.evaluateSequential(ReduceOps.java:921)
	at java.base/java.util.stream.AbstractPipeline.evaluate(AbstractPipeline.java:234)
	at java.base/java.util.stream.ReferencePipeline.collect(ReferencePipeline.java:682)
	at games.strategy.engine.message.unifiedmessenger.EndPoint.invokeMultiple(EndPoint.java:122)
	at games.strategy.engine.message.unifiedmessenger.EndPoint.invokeLocal(EndPoint.java:112)
	at games.strategy.engine.message.unifiedmessenger.UnifiedMessenger.invokeAndWait(UnifiedMessenger.java:97)
	at games.strategy.engine.message.UnifiedInvocationHandler.invoke(UnifiedInvocationHandler.java:55)
	at jdk.proxy2/jdk.proxy2.$Proxy14.performMove(Unknown Source)
	at jdk.internal.reflect.GeneratedMethodAccessor45.invoke(Unknown Source)
	at java.base/jdk.internal.reflect.DelegatingMethodAccessorImpl.invoke(DelegatingMethodAccessorImpl.java:43)
	at java.base/java.lang.reflect.Method.invoke(Method.java:569)
	at games.strategy.engine.player.PlayerBridge$GameOverInvocationHandler.invoke(PlayerBridge.java:151)
	at jdk.proxy2/jdk.proxy2.$Proxy14.performMove(Unknown Source)
	at games.strategy.triplea.ai.weak.WeakAi.doMove(WeakAi.java:237)
	at games.strategy.triplea.ai.weak.WeakAi.doCombatMove(WeakAi.java:152)
	at games.strategy.triplea.ai.weak.WeakAi.move(WeakAi.java:124)
	at games.strategy.triplea.ai.AbstractAi.start(AbstractAi.java:521)
	at games.strategy.engine.framework.ServerGame.waitForPlayerToFinishStep(ServerGame.java:648)
	at games.strategy.engine.framework.ServerGame.runStep(ServerGame.java:478)
	at games.strategy.engine.framework.ServerGame.runNextStep(ServerGame.java:365)
	at games.strategy.engine.framework.ServerGame.startGame(ServerGame.java:333)
	at games.strategy.engine.framework.startup.launcher.LocalLauncher.launchInternal(LocalLauncher.java:92)
	at games.strategy.engine.framework.startup.launcher.LocalLauncher.lambda$launch$0(LocalLauncher.java:60)
	at java.base/java.lang.Thread.run(Thread.java:840)
247448 18:22:29.139 [Thread-8] INFO  org.triplea.sound.ClipPlayer - Unable to create audio device, is there audio on the system? Cannot create AudioDevice
javazoom.jl.decoder.JavaLayerException: Cannot create AudioDevice
	at javazoom.jl.player.FactoryRegistry.createAudioDevice(FactoryRegistry.java:97)
	at org.triplea.sound.ClipPlayer.hasAudio(ClipPlayer.java:144)
	at org.triplea.sound.ClipPlayer.isSoundEnabled(ClipPlayer.java:251)
	at org.triplea.sound.ClipPlayer.play(ClipPlayer.java:220)
	at org.triplea.sound.DefaultSoundChannel.playSoundForAll(DefaultSoundChannel.java:22)
	at jdk.internal.reflect.GeneratedMethodAccessor55.invoke(Unknown Source)
	at java.base/jdk.internal.reflect.DelegatingMethodAccessorImpl.invoke(DelegatingMethodAccessorImpl.java:43)
	at java.base/java.lang.reflect.Method.invoke(Method.java:569)
	at games.strategy.engine.message.unifiedmessenger.EndPoint.invokeSingle(EndPoint.java:137)
	at games.strategy.engine.message.unifiedmessenger.EndPoint.lambda$invokeMultiple$0(EndPoint.java:121)
	at java.base/java.util.stream.ReferencePipeline$3$1.accept(ReferencePipeline.java:197)
	at java.base/java.util.Spliterators$ArraySpliterator.forEachRemaining(Spliterators.java:992)
	at java.base/java.util.stream.AbstractPipeline.copyInto(AbstractPipeline.java:509)
	at java.base/java.util.stream.AbstractPipeline.wrapAndCopyInto(AbstractPipeline.java:499)
	at java.base/java.util.stream.ReduceOps$ReduceOp.evaluateSequential(ReduceOps.java:921)
	at java.base/java.util.stream.AbstractPipeline.evaluate(AbstractPipeline.java:234)
	at java.base/java.util.stream.ReferencePipeline.collect(ReferencePipeline.java:682)
	at games.strategy.engine.message.unifiedmessenger.EndPoint.invokeMultiple(EndPoint.java:122)
	at games.strategy.engine.message.unifiedmessenger.EndPoint.invokeLocal(EndPoint.java:112)
	at games.strategy.engine.message.unifiedmessenger.UnifiedMessenger.invoke(UnifiedMessenger.java:153)
	at games.strategy.engine.message.UnifiedInvocationHandler.invoke(UnifiedInvocationHandler.java:47)
	at jdk.proxy2/jdk.proxy2.$Proxy25.playSoundForAll(Unknown Source)
	at jdk.internal.reflect.GeneratedMethodAccessor54.invoke(Unknown Source)
	at java.base/jdk.internal.reflect.DelegatingMethodAccessorImpl.invoke(DelegatingMethodAccessorImpl.java:43)
	at java.base/java.lang.reflect.Method.invoke(Method.java:569)
	at games.strategy.engine.delegate.DelegateExecutionManager.lambda$newOutboundImplementation$1(DelegateExecutionManager.java:79)
	at jdk.proxy2/jdk.proxy2.$Proxy25.playSoundForAll(Unknown Source)
	at games.strategy.triplea.delegate.AbstractPlaceDelegate.placeUnits(AbstractPlaceDelegate.java:302)
	at games.strategy.triplea.delegate.AbstractPlaceDelegate.placeUnits(AbstractPlaceDelegate.java:201)
	at jdk.internal.reflect.GeneratedMethodAccessor42.invoke(Unknown Source)
	at java.base/jdk.internal.reflect.DelegatingMethodAccessorImpl.invoke(DelegatingMethodAccessorImpl.java:43)
	at java.base/java.lang.reflect.Method.invoke(Method.java:569)
	at games.strategy.engine.delegate.DelegateExecutionManager$1.invoke(DelegateExecutionManager.java:120)
	at jdk.proxy2/jdk.proxy2.$Proxy16.placeUnits(Unknown Source)
	at jdk.internal.reflect.GeneratedMethodAccessor61.invoke(Unknown Source)
	at java.base/jdk.internal.reflect.DelegatingMethodAccessorImpl.invoke(DelegatingMethodAccessorImpl.java:43)
	at java.base/java.lang.reflect.Method.invoke(Method.java:569)
	at games.strategy.engine.message.unifiedmessenger.EndPoint.invokeSingle(EndPoint.java:137)
	at games.strategy.engine.message.unifiedmessenger.EndPoint.lambda$invokeMultiple$0(EndPoint.java:121)
	at java.base/java.util.stream.ReferencePipeline$3$1.accept(ReferencePipeline.java:197)
	at java.base/java.util.Spliterators$ArraySpliterator.forEachRemaining(Spliterators.java:992)
	at java.base/java.util.stream.AbstractPipeline.copyInto(AbstractPipeline.java:509)
	at java.base/java.util.stream.AbstractPipeline.wrapAndCopyInto(AbstractPipeline.java:499)
	at java.base/java.util.stream.ReduceOps$ReduceOp.evaluateSequential(ReduceOps.java:921)
	at java.base/java.util.stream.AbstractPipeline.evaluate(AbstractPipeline.java:234)
	at java.base/java.util.stream.ReferencePipeline.collect(ReferencePipeline.java:682)
	at games.strategy.engine.message.unifiedmessenger.EndPoint.invokeMultiple(EndPoint.java:122)
	at games.strategy.engine.message.unifiedmessenger.EndPoint.invokeLocal(EndPoint.java:112)
	at games.strategy.engine.message.unifiedmessenger.UnifiedMessenger.invokeAndWait(UnifiedMessenger.java:97)
	at games.strategy.engine.message.UnifiedInvocationHandler.invoke(UnifiedInvocationHandler.java:55)
	at jdk.proxy2/jdk.proxy2.$Proxy16.placeUnits(Unknown Source)
	at jdk.internal.reflect.GeneratedMethodAccessor42.invoke(Unknown Source)
	at java.base/jdk.internal.reflect.DelegatingMethodAccessorImpl.invoke(DelegatingMethodAccessorImpl.java:43)
	at java.base/java.lang.reflect.Method.invoke(Method.java:569)
	at games.strategy.engine.player.PlayerBridge$GameOverInvocationHandler.invoke(PlayerBridge.java:151)
	at jdk.proxy2/jdk.proxy2.$Proxy16.placeUnits(Unknown Source)
	at games.strategy.triplea.ai.weak.WeakAi.doPlace(WeakAi.java:1110)
	at games.strategy.triplea.ai.weak.WeakAi.placeAllWeCanOn(WeakAi.java:1104)
	at games.strategy.triplea.ai.weak.WeakAi.lambda$place$15(WeakAi.java:1054)
	at java.base/java.util.Optional.ifPresent(Optional.java:178)
	at games.strategy.triplea.ai.weak.WeakAi.place(WeakAi.java:1054)
	at games.strategy.triplea.ai.AbstractAi.start(AbstractAi.java:531)
	at games.strategy.engine.framework.ServerGame.waitForPlayerToFinishStep(ServerGame.java:648)
	at games.strategy.engine.framework.ServerGame.runStep(ServerGame.java:478)
	at games.strategy.engine.framework.ServerGame.runNextStep(ServerGame.java:365)
	at games.strategy.engine.framework.ServerGame.startGame(ServerGame.java:333)
	at games.strategy.engine.framework.startup.launcher.LocalLauncher.launchInternal(LocalLauncher.java:92)
	at games.strategy.engine.framework.startup.launcher.LocalLauncher.lambda$launch$0(LocalLauncher.java:60)
	at java.base/java.lang.Thread.run(Thread.java:840)
250596 18:22:32.287 [Thread-8] INFO  org.triplea.sound.ClipPlayer - Unable to create audio device, is there audio on the system? Cannot create AudioDevice
javazoom.jl.decoder.JavaLayerException: Cannot create AudioDevice
	at javazoom.jl.player.FactoryRegistry.createAudioDevice(FactoryRegistry.java:97)
	at org.triplea.sound.ClipPlayer.hasAudio(ClipPlayer.java:144)
	at org.triplea.sound.ClipPlayer.isSoundEnabled(ClipPlayer.java:251)
	at org.triplea.sound.ClipPlayer.play(ClipPlayer.java:220)
	at org.triplea.sound.DefaultSoundChannel.playSoundForAll(DefaultSoundChannel.java:22)
	at jdk.internal.reflect.GeneratedMethodAccessor55.invoke(Unknown Source)
	at java.base/jdk.internal.reflect.DelegatingMethodAccessorImpl.invoke(DelegatingMethodAccessorImpl.java:43)
	at java.base/java.lang.reflect.Method.invoke(Method.java:569)
	at games.strategy.engine.message.unifiedmessenger.EndPoint.invokeSingle(EndPoint.java:137)
	at games.strategy.engine.message.unifiedmessenger.EndPoint.lambda$invokeMultiple$0(EndPoint.java:121)
	at java.base/java.util.stream.ReferencePipeline$3$1.accept(ReferencePipeline.java:197)
	at java.base/java.util.Spliterators$ArraySpliterator.forEachRemaining(Spliterators.java:992)
	at java.base/java.util.stream.AbstractPipeline.copyInto(AbstractPipeline.java:509)
	at java.base/java.util.stream.AbstractPipeline.wrapAndCopyInto(AbstractPipeline.java:499)
	at java.base/java.util.stream.ReduceOps$ReduceOp.evaluateSequential(ReduceOps.java:921)
	at java.base/java.util.stream.AbstractPipeline.evaluate(AbstractPipeline.java:234)
	at java.base/java.util.stream.ReferencePipeline.collect(ReferencePipeline.java:682)
	at games.strategy.engine.message.unifiedmessenger.EndPoint.invokeMultiple(EndPoint.java:122)
	at games.strategy.engine.message.unifiedmessenger.EndPoint.invokeLocal(EndPoint.java:112)
	at games.strategy.engine.message.unifiedmessenger.UnifiedMessenger.invoke(UnifiedMessenger.java:153)
	at games.strategy.engine.message.UnifiedInvocationHandler.invoke(UnifiedInvocationHandler.java:47)
	at jdk.proxy2/jdk.proxy2.$Proxy25.playSoundForAll(Unknown Source)
	at jdk.internal.reflect.GeneratedMethodAccessor54.invoke(Unknown Source)
	at java.base/jdk.internal.reflect.DelegatingMethodAccessorImpl.invoke(DelegatingMethodAccessorImpl.java:43)
	at java.base/java.lang.reflect.Method.invoke(Method.java:569)
	at games.strategy.engine.delegate.DelegateExecutionManager.lambda$newOutboundImplementation$1(DelegateExecutionManager.java:79)
	at jdk.proxy2/jdk.proxy2.$Proxy25.playSoundForAll(Unknown Source)
	at games.strategy.triplea.delegate.AbstractPlaceDelegate.placeUnits(AbstractPlaceDelegate.java:302)
	at games.strategy.triplea.delegate.AbstractPlaceDelegate.placeUnits(AbstractPlaceDelegate.java:201)
	at jdk.internal.reflect.GeneratedMethodAccessor42.invoke(Unknown Source)
	at java.base/jdk.internal.reflect.DelegatingMethodAccessorImpl.invoke(DelegatingMethodAccessorImpl.java:43)
	at java.base/java.lang.reflect.Method.invoke(Method.java:569)
	at games.strategy.engine.delegate.DelegateExecutionManager$1.invoke(DelegateExecutionManager.java:120)
	at jdk.proxy2/jdk.proxy2.$Proxy16.placeUnits(Unknown Source)
	at jdk.internal.reflect.GeneratedMethodAccessor61.invoke(Unknown Source)
	at java.base/jdk.internal.reflect.DelegatingMethodAccessorImpl.invoke(DelegatingMethodAccessorImpl.java:43)
	at java.base/java.lang.reflect.Method.invoke(Method.java:569)
	at games.strategy.engine.message.unifiedmessenger.EndPoint.invokeSingle(EndPoint.java:137)
	at games.strategy.engine.message.unifiedmessenger.EndPoint.lambda$invokeMultiple$0(EndPoint.java:121)
	at java.base/java.util.stream.ReferencePipeline$3$1.accept(ReferencePipeline.java:197)
	at java.base/java.util.Spliterators$ArraySpliterator.forEachRemaining(Spliterators.java:992)
	at java.base/java.util.stream.AbstractPipeline.copyInto(AbstractPipeline.java:509)
	at java.base/java.util.stream.AbstractPipeline.wrapAndCopyInto(AbstractPipeline.java:499)
	at java.base/java.util.stream.ReduceOps$ReduceOp.evaluateSequential(ReduceOps.java:921)
	at java.base/java.util.stream.AbstractPipeline.evaluate(AbstractPipeline.java:234)
	at java.base/java.util.stream.ReferencePipeline.collect(ReferencePipeline.java:682)
	at games.strategy.engine.message.unifiedmessenger.EndPoint.invokeMultiple(EndPoint.java:122)
	at games.strategy.engine.message.unifiedmessenger.EndPoint.invokeLocal(EndPoint.java:112)
	at games.strategy.engine.message.unifiedmessenger.UnifiedMessenger.invokeAndWait(UnifiedMessenger.java:97)
	at games.strategy.engine.message.UnifiedInvocationHandler.invoke(UnifiedInvocationHandler.java:55)
	at jdk.proxy2/jdk.proxy2.$Proxy16.placeUnits(Unknown Source)
	at jdk.internal.reflect.GeneratedMethodAccessor42.invoke(Unknown Source)
	at java.base/jdk.internal.reflect.DelegatingMethodAccessorImpl.invoke(DelegatingMethodAccessorImpl.java:43)
	at java.base/java.lang.reflect.Method.invoke(Method.java:569)
	at games.strategy.engine.player.PlayerBridge$GameOverInvocationHandler.invoke(PlayerBridge.java:151)
	at jdk.proxy2/jdk.proxy2.$Proxy16.placeUnits(Unknown Source)
	at games.strategy.triplea.ai.weak.WeakAi.doPlace(WeakAi.java:1110)
	at games.strategy.triplea.ai.weak.WeakAi.placeAllWeCanOn(WeakAi.java:1104)
	at games.strategy.triplea.ai.weak.WeakAi.lambda$place$15(WeakAi.java:1054)
	at java.base/java.util.Optional.ifPresent(Optional.java:178)
	at games.strategy.triplea.ai.weak.WeakAi.place(WeakAi.java:1054)
	at games.strategy.triplea.ai.AbstractAi.start(AbstractAi.java:531)
	at games.strategy.engine.framework.ServerGame.waitForPlayerToFinishStep(ServerGame.java:648)
	at games.strategy.engine.framework.ServerGame.runStep(ServerGame.java:478)
	at games.strategy.engine.framework.ServerGame.runNextStep(ServerGame.java:365)
	at games.strategy.engine.framework.ServerGame.startGame(ServerGame.java:333)
	at games.strategy.engine.framework.startup.launcher.LocalLauncher.launchInternal(LocalLauncher.java:92)
	at games.strategy.engine.framework.startup.launcher.LocalLauncher.lambda$launch$0(LocalLauncher.java:60)
	at java.base/java.lang.Thread.run(Thread.java:840)
253926 18:22:35.617 [Thread-8] INFO  org.triplea.sound.ClipPlayer - Unable to create audio device, is there audio on the system? Cannot create AudioDevice
javazoom.jl.decoder.JavaLayerException: Cannot create AudioDevice
	at javazoom.jl.player.FactoryRegistry.createAudioDevice(FactoryRegistry.java:97)
	at org.triplea.sound.ClipPlayer.hasAudio(ClipPlayer.java:144)
	at org.triplea.sound.ClipPlayer.isSoundEnabled(ClipPlayer.java:251)
	at org.triplea.sound.ClipPlayer.play(ClipPlayer.java:220)
	at org.triplea.sound.DefaultSoundChannel.playSoundForAll(DefaultSoundChannel.java:22)
	at jdk.internal.reflect.GeneratedMethodAccessor55.invoke(Unknown Source)
	at java.base/jdk.internal.reflect.DelegatingMethodAccessorImpl.invoke(DelegatingMethodAccessorImpl.java:43)
	at java.base/java.lang.reflect.Method.invoke(Method.java:569)
	at games.strategy.engine.message.unifiedmessenger.EndPoint.invokeSingle(EndPoint.java:137)
	at games.strategy.engine.message.unifiedmessenger.EndPoint.lambda$invokeMultiple$0(EndPoint.java:121)
	at java.base/java.util.stream.ReferencePipeline$3$1.accept(ReferencePipeline.java:197)
	at java.base/java.util.Spliterators$ArraySpliterator.forEachRemaining(Spliterators.java:992)
	at java.base/java.util.stream.AbstractPipeline.copyInto(AbstractPipeline.java:509)
	at java.base/java.util.stream.AbstractPipeline.wrapAndCopyInto(AbstractPipeline.java:499)
	at java.base/java.util.stream.ReduceOps$ReduceOp.evaluateSequential(ReduceOps.java:921)
	at java.base/java.util.stream.AbstractPipeline.evaluate(AbstractPipeline.java:234)
	at java.base/java.util.stream.ReferencePipeline.collect(ReferencePipeline.java:682)
	at games.strategy.engine.message.unifiedmessenger.EndPoint.invokeMultiple(EndPoint.java:122)
	at games.strategy.engine.message.unifiedmessenger.EndPoint.invokeLocal(EndPoint.java:112)
	at games.strategy.engine.message.unifiedmessenger.UnifiedMessenger.invoke(UnifiedMessenger.java:153)
	at games.strategy.engine.message.UnifiedInvocationHandler.invoke(UnifiedInvocationHandler.java:47)
	at jdk.proxy2/jdk.proxy2.$Proxy25.playSoundForAll(Unknown Source)
	at jdk.internal.reflect.GeneratedMethodAccessor54.invoke(Unknown Source)
	at java.base/jdk.internal.reflect.DelegatingMethodAccessorImpl.invoke(DelegatingMethodAccessorImpl.java:43)
	at java.base/java.lang.reflect.Method.invoke(Method.java:569)
	at games.strategy.engine.delegate.DelegateExecutionManager.lambda$newOutboundImplementation$1(DelegateExecutionManager.java:79)
	at jdk.proxy2/jdk.proxy2.$Proxy25.playSoundForAll(Unknown Source)
	at games.strategy.triplea.delegate.AbstractPlaceDelegate.placeUnits(AbstractPlaceDelegate.java:302)
	at games.strategy.triplea.delegate.AbstractPlaceDelegate.placeUnits(AbstractPlaceDelegate.java:201)
	at jdk.internal.reflect.GeneratedMethodAccessor42.invoke(Unknown Source)
	at java.base/jdk.internal.reflect.DelegatingMethodAccessorImpl.invoke(DelegatingMethodAccessorImpl.java:43)
	at java.base/java.lang.reflect.Method.invoke(Method.java:569)
	at games.strategy.engine.delegate.DelegateExecutionManager$1.invoke(DelegateExecutionManager.java:120)
	at jdk.proxy2/jdk.proxy2.$Proxy16.placeUnits(Unknown Source)
	at jdk.internal.reflect.GeneratedMethodAccessor61.invoke(Unknown Source)
	at java.base/jdk.internal.reflect.DelegatingMethodAccessorImpl.invoke(DelegatingMethodAccessorImpl.java:43)
	at java.base/java.lang.reflect.Method.invoke(Method.java:569)
	at games.strategy.engine.message.unifiedmessenger.EndPoint.invokeSingle(EndPoint.java:137)
	at games.strategy.engine.message.unifiedmessenger.EndPoint.lambda$invokeMultiple$0(EndPoint.java:121)
	at java.base/java.util.stream.ReferencePipeline$3$1.accept(ReferencePipeline.java:197)
	at java.base/java.util.Spliterators$ArraySpliterator.forEachRemaining(Spliterators.java:992)
	at java.base/java.util.stream.AbstractPipeline.copyInto(AbstractPipeline.java:509)
	at java.base/java.util.stream.AbstractPipeline.wrapAndCopyInto(AbstractPipeline.java:499)
	at java.base/java.util.stream.ReduceOps$ReduceOp.evaluateSequential(ReduceOps.java:921)
	at java.base/java.util.stream.AbstractPipeline.evaluate(AbstractPipeline.java:234)
	at java.base/java.util.stream.ReferencePipeline.collect(ReferencePipeline.java:682)
	at games.strategy.engine.message.unifiedmessenger.EndPoint.invokeMultiple(EndPoint.java:122)
	at games.strategy.engine.message.unifiedmessenger.EndPoint.invokeLocal(EndPoint.java:112)
	at games.strategy.engine.message.unifiedmessenger.UnifiedMessenger.invokeAndWait(UnifiedMessenger.java:97)
	at games.strategy.engine.message.UnifiedInvocationHandler.invoke(UnifiedInvocationHandler.java:55)
	at jdk.proxy2/jdk.proxy2.$Proxy16.placeUnits(Unknown Source)
	at jdk.internal.reflect.GeneratedMethodAccessor42.invoke(Unknown Source)
	at java.base/jdk.internal.reflect.DelegatingMethodAccessorImpl.invoke(DelegatingMethodAccessorImpl.java:43)
	at java.base/java.lang.reflect.Method.invoke(Method.java:569)
	at games.strategy.engine.player.PlayerBridge$GameOverInvocationHandler.invoke(PlayerBridge.java:151)
	at jdk.proxy2/jdk.proxy2.$Proxy16.placeUnits(Unknown Source)
	at games.strategy.triplea.ai.tripleMind.ProPurchaseAi.doPlace(ProPurchaseAi.java:2627)
	at games.strategy.triplea.ai.tripleMind.ProPurchaseAi.placeUnits(ProPurchaseAi.java:2545)
	at games.strategy.triplea.ai.tripleMind.ProPurchaseAi.place(ProPurchaseAi.java:562)
	at games.strategy.triplea.ai.tripleMind.AbstractTripleMindAi.place(AbstractTripleMindAi.java:380)
	at games.strategy.triplea.ai.AbstractAi.start(AbstractAi.java:531)
	at games.strategy.engine.framework.ServerGame.waitForPlayerToFinishStep(ServerGame.java:648)
	at games.strategy.engine.framework.ServerGame.runStep(ServerGame.java:478)
	at games.strategy.engine.framework.ServerGame.runNextStep(ServerGame.java:365)
	at games.strategy.engine.framework.ServerGame.startGame(ServerGame.java:333)
	at games.strategy.engine.framework.startup.launcher.LocalLauncher.launchInternal(LocalLauncher.java:92)
	at games.strategy.engine.framework.startup.launcher.LocalLauncher.lambda$launch$0(LocalLauncher.java:60)
	at java.base/java.lang.Thread.run(Thread.java:840)
254049 18:22:35.740 [Thread-8] INFO  org.triplea.sound.ClipPlayer - Unable to create audio device, is there audio on the system? Cannot create AudioDevice
javazoom.jl.decoder.JavaLayerException: Cannot create AudioDevice
	at javazoom.jl.player.FactoryRegistry.createAudioDevice(FactoryRegistry.java:97)
	at org.triplea.sound.ClipPlayer.hasAudio(ClipPlayer.java:144)
	at org.triplea.sound.ClipPlayer.isSoundEnabled(ClipPlayer.java:251)
	at org.triplea.sound.ClipPlayer.play(ClipPlayer.java:220)
	at org.triplea.sound.DefaultSoundChannel.playSoundForAll(DefaultSoundChannel.java:22)
	at jdk.internal.reflect.GeneratedMethodAccessor55.invoke(Unknown Source)
	at java.base/jdk.internal.reflect.DelegatingMethodAccessorImpl.invoke(DelegatingMethodAccessorImpl.java:43)
	at java.base/java.lang.reflect.Method.invoke(Method.java:569)
	at games.strategy.engine.message.unifiedmessenger.EndPoint.invokeSingle(EndPoint.java:137)
	at games.strategy.engine.message.unifiedmessenger.EndPoint.lambda$invokeMultiple$0(EndPoint.java:121)
	at java.base/java.util.stream.ReferencePipeline$3$1.accept(ReferencePipeline.java:197)
	at java.base/java.util.Spliterators$ArraySpliterator.forEachRemaining(Spliterators.java:992)
	at java.base/java.util.stream.AbstractPipeline.copyInto(AbstractPipeline.java:509)
	at java.base/java.util.stream.AbstractPipeline.wrapAndCopyInto(AbstractPipeline.java:499)
	at java.base/java.util.stream.ReduceOps$ReduceOp.evaluateSequential(ReduceOps.java:921)
	at java.base/java.util.stream.AbstractPipeline.evaluate(AbstractPipeline.java:234)
	at java.base/java.util.stream.ReferencePipeline.collect(ReferencePipeline.java:682)
	at games.strategy.engine.message.unifiedmessenger.EndPoint.invokeMultiple(EndPoint.java:122)
	at games.strategy.engine.message.unifiedmessenger.EndPoint.invokeLocal(EndPoint.java:112)
	at games.strategy.engine.message.unifiedmessenger.UnifiedMessenger.invoke(UnifiedMessenger.java:153)
	at games.strategy.engine.message.UnifiedInvocationHandler.invoke(UnifiedInvocationHandler.java:47)
	at jdk.proxy2/jdk.proxy2.$Proxy25.playSoundForAll(Unknown Source)
	at jdk.internal.reflect.GeneratedMethodAccessor54.invoke(Unknown Source)
	at java.base/jdk.internal.reflect.DelegatingMethodAccessorImpl.invoke(DelegatingMethodAccessorImpl.java:43)
	at java.base/java.lang.reflect.Method.invoke(Method.java:569)
	at games.strategy.engine.delegate.DelegateExecutionManager.lambda$newOutboundImplementation$1(DelegateExecutionManager.java:79)
	at jdk.proxy2/jdk.proxy2.$Proxy25.playSoundForAll(Unknown Source)
	at games.strategy.triplea.delegate.AbstractPlaceDelegate.placeUnits(AbstractPlaceDelegate.java:302)
	at games.strategy.triplea.delegate.AbstractPlaceDelegate.placeUnits(AbstractPlaceDelegate.java:201)
	at jdk.internal.reflect.GeneratedMethodAccessor42.invoke(Unknown Source)
	at java.base/jdk.internal.reflect.DelegatingMethodAccessorImpl.invoke(DelegatingMethodAccessorImpl.java:43)
	at java.base/java.lang.reflect.Method.invoke(Method.java:569)
	at games.strategy.engine.delegate.DelegateExecutionManager$1.invoke(DelegateExecutionManager.java:120)
	at jdk.proxy2/jdk.proxy2.$Proxy16.placeUnits(Unknown Source)
	at jdk.internal.reflect.GeneratedMethodAccessor61.invoke(Unknown Source)
	at java.base/jdk.internal.reflect.DelegatingMethodAccessorImpl.invoke(DelegatingMethodAccessorImpl.java:43)
	at java.base/java.lang.reflect.Method.invoke(Method.java:569)
	at games.strategy.engine.message.unifiedmessenger.EndPoint.invokeSingle(EndPoint.java:137)
	at games.strategy.engine.message.unifiedmessenger.EndPoint.lambda$invokeMultiple$0(EndPoint.java:121)
	at java.base/java.util.stream.ReferencePipeline$3$1.accept(ReferencePipeline.java:197)
	at java.base/java.util.Spliterators$ArraySpliterator.forEachRemaining(Spliterators.java:992)
	at java.base/java.util.stream.AbstractPipeline.copyInto(AbstractPipeline.java:509)
	at java.base/java.util.stream.AbstractPipeline.wrapAndCopyInto(AbstractPipeline.java:499)
	at java.base/java.util.stream.ReduceOps$ReduceOp.evaluateSequential(ReduceOps.java:921)
	at java.base/java.util.stream.AbstractPipeline.evaluate(AbstractPipeline.java:234)
	at java.base/java.util.stream.ReferencePipeline.collect(ReferencePipeline.java:682)
	at games.strategy.engine.message.unifiedmessenger.EndPoint.invokeMultiple(EndPoint.java:122)
	at games.strategy.engine.message.unifiedmessenger.EndPoint.invokeLocal(EndPoint.java:112)
	at games.strategy.engine.message.unifiedmessenger.UnifiedMessenger.invokeAndWait(UnifiedMessenger.java:97)
	at games.strategy.engine.message.UnifiedInvocationHandler.invoke(UnifiedInvocationHandler.java:55)
	at jdk.proxy2/jdk.proxy2.$Proxy16.placeUnits(Unknown Source)
	at jdk.internal.reflect.GeneratedMethodAccessor42.invoke(Unknown Source)
	at java.base/jdk.internal.reflect.DelegatingMethodAccessorImpl.invoke(DelegatingMethodAccessorImpl.java:43)
	at java.base/java.lang.reflect.Method.invoke(Method.java:569)
	at games.strategy.engine.player.PlayerBridge$GameOverInvocationHandler.invoke(PlayerBridge.java:151)
	at jdk.proxy2/jdk.proxy2.$Proxy16.placeUnits(Unknown Source)
	at games.strategy.triplea.ai.tripleMind.ProPurchaseAi.doPlace(ProPurchaseAi.java:2627)
	at games.strategy.triplea.ai.tripleMind.ProPurchaseAi.placeUnits(ProPurchaseAi.java:2545)
	at games.strategy.triplea.ai.tripleMind.ProPurchaseAi.place(ProPurchaseAi.java:562)
	at games.strategy.triplea.ai.tripleMind.AbstractTripleMindAi.place(AbstractTripleMindAi.java:380)
	at games.strategy.triplea.ai.AbstractAi.start(AbstractAi.java:531)
	at games.strategy.engine.framework.ServerGame.waitForPlayerToFinishStep(ServerGame.java:648)
	at games.strategy.engine.framework.ServerGame.runStep(ServerGame.java:478)
	at games.strategy.engine.framework.ServerGame.runNextStep(ServerGame.java:365)
	at games.strategy.engine.framework.ServerGame.startGame(ServerGame.java:333)
	at games.strategy.engine.framework.startup.launcher.LocalLauncher.launchInternal(LocalLauncher.java:92)
	at games.strategy.engine.framework.startup.launcher.LocalLauncher.lambda$launch$0(LocalLauncher.java:60)
	at java.base/java.lang.Thread.run(Thread.java:840)
254215 18:22:35.906 [Thread-8] INFO  org.triplea.sound.ClipPlayer - Unable to create audio device, is there audio on the system? Cannot create AudioDevice
javazoom.jl.decoder.JavaLayerException: Cannot create AudioDevice
	at javazoom.jl.player.FactoryRegistry.createAudioDevice(FactoryRegistry.java:97)
	at org.triplea.sound.ClipPlayer.hasAudio(ClipPlayer.java:144)
	at org.triplea.sound.ClipPlayer.isSoundEnabled(ClipPlayer.java:251)
	at org.triplea.sound.ClipPlayer.play(ClipPlayer.java:220)
	at org.triplea.sound.DefaultSoundChannel.playSoundForAll(DefaultSoundChannel.java:22)
	at jdk.internal.reflect.GeneratedMethodAccessor55.invoke(Unknown Source)
	at java.base/jdk.internal.reflect.DelegatingMethodAccessorImpl.invoke(DelegatingMethodAccessorImpl.java:43)
	at java.base/java.lang.reflect.Method.invoke(Method.java:569)
	at games.strategy.engine.message.unifiedmessenger.EndPoint.invokeSingle(EndPoint.java:137)
	at games.strategy.engine.message.unifiedmessenger.EndPoint.lambda$invokeMultiple$0(EndPoint.java:121)
	at java.base/java.util.stream.ReferencePipeline$3$1.accept(ReferencePipeline.java:197)
	at java.base/java.util.Spliterators$ArraySpliterator.forEachRemaining(Spliterators.java:992)
	at java.base/java.util.stream.AbstractPipeline.copyInto(AbstractPipeline.java:509)
	at java.base/java.util.stream.AbstractPipeline.wrapAndCopyInto(AbstractPipeline.java:499)
	at java.base/java.util.stream.ReduceOps$ReduceOp.evaluateSequential(ReduceOps.java:921)
	at java.base/java.util.stream.AbstractPipeline.evaluate(AbstractPipeline.java:234)
	at java.base/java.util.stream.ReferencePipeline.collect(ReferencePipeline.java:682)
	at games.strategy.engine.message.unifiedmessenger.EndPoint.invokeMultiple(EndPoint.java:122)
	at games.strategy.engine.message.unifiedmessenger.EndPoint.invokeLocal(EndPoint.java:112)
	at games.strategy.engine.message.unifiedmessenger.UnifiedMessenger.invoke(UnifiedMessenger.java:153)
	at games.strategy.engine.message.UnifiedInvocationHandler.invoke(UnifiedInvocationHandler.java:47)
	at jdk.proxy2/jdk.proxy2.$Proxy25.playSoundForAll(Unknown Source)
	at jdk.internal.reflect.GeneratedMethodAccessor54.invoke(Unknown Source)
	at java.base/jdk.internal.reflect.DelegatingMethodAccessorImpl.invoke(DelegatingMethodAccessorImpl.java:43)
	at java.base/java.lang.reflect.Method.invoke(Method.java:569)
	at games.strategy.engine.delegate.DelegateExecutionManager.lambda$newOutboundImplementation$1(DelegateExecutionManager.java:79)
	at jdk.proxy2/jdk.proxy2.$Proxy25.playSoundForAll(Unknown Source)
	at games.strategy.triplea.delegate.AbstractPlaceDelegate.placeUnits(AbstractPlaceDelegate.java:302)
	at games.strategy.triplea.delegate.AbstractPlaceDelegate.placeUnits(AbstractPlaceDelegate.java:201)
	at jdk.internal.reflect.GeneratedMethodAccessor42.invoke(Unknown Source)
	at java.base/jdk.internal.reflect.DelegatingMethodAccessorImpl.invoke(DelegatingMethodAccessorImpl.java:43)
	at java.base/java.lang.reflect.Method.invoke(Method.java:569)
	at games.strategy.engine.delegate.DelegateExecutionManager$1.invoke(DelegateExecutionManager.java:120)
	at jdk.proxy2/jdk.proxy2.$Proxy16.placeUnits(Unknown Source)
	at jdk.internal.reflect.GeneratedMethodAccessor61.invoke(Unknown Source)
	at java.base/jdk.internal.reflect.DelegatingMethodAccessorImpl.invoke(DelegatingMethodAccessorImpl.java:43)
	at java.base/java.lang.reflect.Method.invoke(Method.java:569)
	at games.strategy.engine.message.unifiedmessenger.EndPoint.invokeSingle(EndPoint.java:137)
	at games.strategy.engine.message.unifiedmessenger.EndPoint.lambda$invokeMultiple$0(EndPoint.java:121)
	at java.base/java.util.stream.ReferencePipeline$3$1.accept(ReferencePipeline.java:197)
	at java.base/java.util.Spliterators$ArraySpliterator.forEachRemaining(Spliterators.java:992)
	at java.base/java.util.stream.AbstractPipeline.copyInto(AbstractPipeline.java:509)
	at java.base/java.util.stream.AbstractPipeline.wrapAndCopyInto(AbstractPipeline.java:499)
	at java.base/java.util.stream.ReduceOps$ReduceOp.evaluateSequential(ReduceOps.java:921)
	at java.base/java.util.stream.AbstractPipeline.evaluate(AbstractPipeline.java:234)
	at java.base/java.util.stream.ReferencePipeline.collect(ReferencePipeline.java:682)
	at games.strategy.engine.message.unifiedmessenger.EndPoint.invokeMultiple(EndPoint.java:122)
	at games.strategy.engine.message.unifiedmessenger.EndPoint.invokeLocal(EndPoint.java:112)
	at games.strategy.engine.message.unifiedmessenger.UnifiedMessenger.invokeAndWait(UnifiedMessenger.java:97)
	at games.strategy.engine.message.UnifiedInvocationHandler.invoke(UnifiedInvocationHandler.java:55)
	at jdk.proxy2/jdk.proxy2.$Proxy16.placeUnits(Unknown Source)
	at jdk.internal.reflect.GeneratedMethodAccessor42.invoke(Unknown Source)
	at java.base/jdk.internal.reflect.DelegatingMethodAccessorImpl.invoke(DelegatingMethodAccessorImpl.java:43)
	at java.base/java.lang.reflect.Method.invoke(Method.java:569)
	at games.strategy.engine.player.PlayerBridge$GameOverInvocationHandler.invoke(PlayerBridge.java:151)
	at jdk.proxy2/jdk.proxy2.$Proxy16.placeUnits(Unknown Source)
	at games.strategy.triplea.ai.tripleMind.ProPurchaseAi.doPlace(ProPurchaseAi.java:2627)
	at games.strategy.triplea.ai.tripleMind.ProPurchaseAi.placeUnits(ProPurchaseAi.java:2545)
	at games.strategy.triplea.ai.tripleMind.ProPurchaseAi.place(ProPurchaseAi.java:562)
	at games.strategy.triplea.ai.tripleMind.AbstractTripleMindAi.place(AbstractTripleMindAi.java:380)
	at games.strategy.triplea.ai.AbstractAi.start(AbstractAi.java:531)
	at games.strategy.engine.framework.ServerGame.waitForPlayerToFinishStep(ServerGame.java:648)
	at games.strategy.engine.framework.ServerGame.runStep(ServerGame.java:478)
	at games.strategy.engine.framework.ServerGame.runNextStep(ServerGame.java:365)
	at games.strategy.engine.framework.ServerGame.startGame(ServerGame.java:333)
	at games.strategy.engine.framework.startup.launcher.LocalLauncher.launchInternal(LocalLauncher.java:92)
	at games.strategy.engine.framework.startup.launcher.LocalLauncher.lambda$launch$0(LocalLauncher.java:60)
	at java.base/java.lang.Thread.run(Thread.java:840)
254360 18:22:36.051 [Thread-8] INFO  org.triplea.sound.ClipPlayer - Unable to create audio device, is there audio on the system? Cannot create AudioDevice
javazoom.jl.decoder.JavaLayerException: Cannot create AudioDevice
	at javazoom.jl.player.FactoryRegistry.createAudioDevice(FactoryRegistry.java:97)
	at org.triplea.sound.ClipPlayer.hasAudio(ClipPlayer.java:144)
	at org.triplea.sound.ClipPlayer.isSoundEnabled(ClipPlayer.java:251)
	at org.triplea.sound.ClipPlayer.play(ClipPlayer.java:220)
	at org.triplea.sound.DefaultSoundChannel.playSoundForAll(DefaultSoundChannel.java:22)
	at jdk.internal.reflect.GeneratedMethodAccessor55.invoke(Unknown Source)
	at java.base/jdk.internal.reflect.DelegatingMethodAccessorImpl.invoke(DelegatingMethodAccessorImpl.java:43)
	at java.base/java.lang.reflect.Method.invoke(Method.java:569)
	at games.strategy.engine.message.unifiedmessenger.EndPoint.invokeSingle(EndPoint.java:137)
	at games.strategy.engine.message.unifiedmessenger.EndPoint.lambda$invokeMultiple$0(EndPoint.java:121)
	at java.base/java.util.stream.ReferencePipeline$3$1.accept(ReferencePipeline.java:197)
	at java.base/java.util.Spliterators$ArraySpliterator.forEachRemaining(Spliterators.java:992)
	at java.base/java.util.stream.AbstractPipeline.copyInto(AbstractPipeline.java:509)
	at java.base/java.util.stream.AbstractPipeline.wrapAndCopyInto(AbstractPipeline.java:499)
	at java.base/java.util.stream.ReduceOps$ReduceOp.evaluateSequential(ReduceOps.java:921)
	at java.base/java.util.stream.AbstractPipeline.evaluate(AbstractPipeline.java:234)
	at java.base/java.util.stream.ReferencePipeline.collect(ReferencePipeline.java:682)
	at games.strategy.engine.message.unifiedmessenger.EndPoint.invokeMultiple(EndPoint.java:122)
	at games.strategy.engine.message.unifiedmessenger.EndPoint.invokeLocal(EndPoint.java:112)
	at games.strategy.engine.message.unifiedmessenger.UnifiedMessenger.invoke(UnifiedMessenger.java:153)
	at games.strategy.engine.message.UnifiedInvocationHandler.invoke(UnifiedInvocationHandler.java:47)
	at jdk.proxy2/jdk.proxy2.$Proxy25.playSoundForAll(Unknown Source)
	at jdk.internal.reflect.GeneratedMethodAccessor54.invoke(Unknown Source)
	at java.base/jdk.internal.reflect.DelegatingMethodAccessorImpl.invoke(DelegatingMethodAccessorImpl.java:43)
	at java.base/java.lang.reflect.Method.invoke(Method.java:569)
	at games.strategy.engine.delegate.DelegateExecutionManager.lambda$newOutboundImplementation$1(DelegateExecutionManager.java:79)
	at jdk.proxy2/jdk.proxy2.$Proxy25.playSoundForAll(Unknown Source)
	at games.strategy.triplea.delegate.AbstractPlaceDelegate.placeUnits(AbstractPlaceDelegate.java:302)
	at games.strategy.triplea.delegate.AbstractPlaceDelegate.placeUnits(AbstractPlaceDelegate.java:201)
	at jdk.internal.reflect.GeneratedMethodAccessor42.invoke(Unknown Source)
	at java.base/jdk.internal.reflect.DelegatingMethodAccessorImpl.invoke(DelegatingMethodAccessorImpl.java:43)
	at java.base/java.lang.reflect.Method.invoke(Method.java:569)
	at games.strategy.engine.delegate.DelegateExecutionManager$1.invoke(DelegateExecutionManager.java:120)
	at jdk.proxy2/jdk.proxy2.$Proxy16.placeUnits(Unknown Source)
	at jdk.internal.reflect.GeneratedMethodAccessor61.invoke(Unknown Source)
	at java.base/jdk.internal.reflect.DelegatingMethodAccessorImpl.invoke(DelegatingMethodAccessorImpl.java:43)
	at java.base/java.lang.reflect.Method.invoke(Method.java:569)
	at games.strategy.engine.message.unifiedmessenger.EndPoint.invokeSingle(EndPoint.java:137)
	at games.strategy.engine.message.unifiedmessenger.EndPoint.lambda$invokeMultiple$0(EndPoint.java:121)
	at java.base/java.util.stream.ReferencePipeline$3$1.accept(ReferencePipeline.java:197)
	at java.base/java.util.Spliterators$ArraySpliterator.forEachRemaining(Spliterators.java:992)
	at java.base/java.util.stream.AbstractPipeline.copyInto(AbstractPipeline.java:509)
	at java.base/java.util.stream.AbstractPipeline.wrapAndCopyInto(AbstractPipeline.java:499)
	at java.base/java.util.stream.ReduceOps$ReduceOp.evaluateSequential(ReduceOps.java:921)
	at java.base/java.util.stream.AbstractPipeline.evaluate(AbstractPipeline.java:234)
	at java.base/java.util.stream.ReferencePipeline.collect(ReferencePipeline.java:682)
	at games.strategy.engine.message.unifiedmessenger.EndPoint.invokeMultiple(EndPoint.java:122)
	at games.strategy.engine.message.unifiedmessenger.EndPoint.invokeLocal(EndPoint.java:112)
	at games.strategy.engine.message.unifiedmessenger.UnifiedMessenger.invokeAndWait(UnifiedMessenger.java:97)
	at games.strategy.engine.message.UnifiedInvocationHandler.invoke(UnifiedInvocationHandler.java:55)
	at jdk.proxy2/jdk.proxy2.$Proxy16.placeUnits(Unknown Source)
	at jdk.internal.reflect.GeneratedMethodAccessor42.invoke(Unknown Source)
	at java.base/jdk.internal.reflect.DelegatingMethodAccessorImpl.invoke(DelegatingMethodAccessorImpl.java:43)
	at java.base/java.lang.reflect.Method.invoke(Method.java:569)
	at games.strategy.engine.player.PlayerBridge$GameOverInvocationHandler.invoke(PlayerBridge.java:151)
	at jdk.proxy2/jdk.proxy2.$Proxy16.placeUnits(Unknown Source)
	at games.strategy.triplea.ai.tripleMind.ProPurchaseAi.doPlace(ProPurchaseAi.java:2627)
	at games.strategy.triplea.ai.tripleMind.ProPurchaseAi.placeUnits(ProPurchaseAi.java:2545)
	at games.strategy.triplea.ai.tripleMind.ProPurchaseAi.place(ProPurchaseAi.java:562)
	at games.strategy.triplea.ai.tripleMind.AbstractTripleMindAi.place(AbstractTripleMindAi.java:380)
	at games.strategy.triplea.ai.AbstractAi.start(AbstractAi.java:531)
	at games.strategy.engine.framework.ServerGame.waitForPlayerToFinishStep(ServerGame.java:648)
	at games.strategy.engine.framework.ServerGame.runStep(ServerGame.java:478)
	at games.strategy.engine.framework.ServerGame.runNextStep(ServerGame.java:365)
	at games.strategy.engine.framework.ServerGame.startGame(ServerGame.java:333)
	at games.strategy.engine.framework.startup.launcher.LocalLauncher.launchInternal(LocalLauncher.java:92)
	at games.strategy.engine.framework.startup.launcher.LocalLauncher.lambda$launch$0(LocalLauncher.java:60)
	at java.base/java.lang.Thread.run(Thread.java:840)
254508 18:22:36.199 [Thread-8] INFO  org.triplea.sound.ClipPlayer - Unable to create audio device, is there audio on the system? Cannot create AudioDevice
javazoom.jl.decoder.JavaLayerException: Cannot create AudioDevice
	at javazoom.jl.player.FactoryRegistry.createAudioDevice(FactoryRegistry.java:97)
	at org.triplea.sound.ClipPlayer.hasAudio(ClipPlayer.java:144)
	at org.triplea.sound.ClipPlayer.isSoundEnabled(ClipPlayer.java:251)
	at org.triplea.sound.ClipPlayer.play(ClipPlayer.java:220)
	at org.triplea.sound.DefaultSoundChannel.playSoundForAll(DefaultSoundChannel.java:22)
	at jdk.internal.reflect.GeneratedMethodAccessor55.invoke(Unknown Source)
	at java.base/jdk.internal.reflect.DelegatingMethodAccessorImpl.invoke(DelegatingMethodAccessorImpl.java:43)
	at java.base/java.lang.reflect.Method.invoke(Method.java:569)
	at games.strategy.engine.message.unifiedmessenger.EndPoint.invokeSingle(EndPoint.java:137)
	at games.strategy.engine.message.unifiedmessenger.EndPoint.lambda$invokeMultiple$0(EndPoint.java:121)
	at java.base/java.util.stream.ReferencePipeline$3$1.accept(ReferencePipeline.java:197)
	at java.base/java.util.Spliterators$ArraySpliterator.forEachRemaining(Spliterators.java:992)
	at java.base/java.util.stream.AbstractPipeline.copyInto(AbstractPipeline.java:509)
	at java.base/java.util.stream.AbstractPipeline.wrapAndCopyInto(AbstractPipeline.java:499)
	at java.base/java.util.stream.ReduceOps$ReduceOp.evaluateSequential(ReduceOps.java:921)
	at java.base/java.util.stream.AbstractPipeline.evaluate(AbstractPipeline.java:234)
	at java.base/java.util.stream.ReferencePipeline.collect(ReferencePipeline.java:682)
	at games.strategy.engine.message.unifiedmessenger.EndPoint.invokeMultiple(EndPoint.java:122)
	at games.strategy.engine.message.unifiedmessenger.EndPoint.invokeLocal(EndPoint.java:112)
	at games.strategy.engine.message.unifiedmessenger.UnifiedMessenger.invoke(UnifiedMessenger.java:153)
	at games.strategy.engine.message.UnifiedInvocationHandler.invoke(UnifiedInvocationHandler.java:47)
	at jdk.proxy2/jdk.proxy2.$Proxy25.playSoundForAll(Unknown Source)
	at jdk.internal.reflect.GeneratedMethodAccessor54.invoke(Unknown Source)
	at java.base/jdk.internal.reflect.DelegatingMethodAccessorImpl.invoke(DelegatingMethodAccessorImpl.java:43)
	at java.base/java.lang.reflect.Method.invoke(Method.java:569)
	at games.strategy.engine.delegate.DelegateExecutionManager.lambda$newOutboundImplementation$1(DelegateExecutionManager.java:79)
	at jdk.proxy2/jdk.proxy2.$Proxy25.playSoundForAll(Unknown Source)
	at games.strategy.triplea.delegate.AbstractPlaceDelegate.placeUnits(AbstractPlaceDelegate.java:302)
	at games.strategy.triplea.delegate.AbstractPlaceDelegate.placeUnits(AbstractPlaceDelegate.java:201)
	at jdk.internal.reflect.GeneratedMethodAccessor42.invoke(Unknown Source)
	at java.base/jdk.internal.reflect.DelegatingMethodAccessorImpl.invoke(DelegatingMethodAccessorImpl.java:43)
	at java.base/java.lang.reflect.Method.invoke(Method.java:569)
	at games.strategy.engine.delegate.DelegateExecutionManager$1.invoke(DelegateExecutionManager.java:120)
	at jdk.proxy2/jdk.proxy2.$Proxy16.placeUnits(Unknown Source)
	at jdk.internal.reflect.GeneratedMethodAccessor61.invoke(Unknown Source)
	at java.base/jdk.internal.reflect.DelegatingMethodAccessorImpl.invoke(DelegatingMethodAccessorImpl.java:43)
	at java.base/java.lang.reflect.Method.invoke(Method.java:569)
	at games.strategy.engine.message.unifiedmessenger.EndPoint.invokeSingle(EndPoint.java:137)
	at games.strategy.engine.message.unifiedmessenger.EndPoint.lambda$invokeMultiple$0(EndPoint.java:121)
	at java.base/java.util.stream.ReferencePipeline$3$1.accept(ReferencePipeline.java:197)
	at java.base/java.util.Spliterators$ArraySpliterator.forEachRemaining(Spliterators.java:992)
	at java.base/java.util.stream.AbstractPipeline.copyInto(AbstractPipeline.java:509)
	at java.base/java.util.stream.AbstractPipeline.wrapAndCopyInto(AbstractPipeline.java:499)
	at java.base/java.util.stream.ReduceOps$ReduceOp.evaluateSequential(ReduceOps.java:921)
	at java.base/java.util.stream.AbstractPipeline.evaluate(AbstractPipeline.java:234)
	at java.base/java.util.stream.ReferencePipeline.collect(ReferencePipeline.java:682)
	at games.strategy.engine.message.unifiedmessenger.EndPoint.invokeMultiple(EndPoint.java:122)
	at games.strategy.engine.message.unifiedmessenger.EndPoint.invokeLocal(EndPoint.java:112)
	at games.strategy.engine.message.unifiedmessenger.UnifiedMessenger.invokeAndWait(UnifiedMessenger.java:97)
	at games.strategy.engine.message.UnifiedInvocationHandler.invoke(UnifiedInvocationHandler.java:55)
	at jdk.proxy2/jdk.proxy2.$Proxy16.placeUnits(Unknown Source)
	at jdk.internal.reflect.GeneratedMethodAccessor42.invoke(Unknown Source)
	at java.base/jdk.internal.reflect.DelegatingMethodAccessorImpl.invoke(DelegatingMethodAccessorImpl.java:43)
	at java.base/java.lang.reflect.Method.invoke(Method.java:569)
	at games.strategy.engine.player.PlayerBridge$GameOverInvocationHandler.invoke(PlayerBridge.java:151)
	at jdk.proxy2/jdk.proxy2.$Proxy16.placeUnits(Unknown Source)
	at games.strategy.triplea.ai.tripleMind.ProPurchaseAi.doPlace(ProPurchaseAi.java:2627)
	at games.strategy.triplea.ai.tripleMind.ProPurchaseAi.placeUnits(ProPurchaseAi.java:2545)
	at games.strategy.triplea.ai.tripleMind.ProPurchaseAi.place(ProPurchaseAi.java:562)
	at games.strategy.triplea.ai.tripleMind.AbstractTripleMindAi.place(AbstractTripleMindAi.java:380)
	at games.strategy.triplea.ai.AbstractAi.start(AbstractAi.java:531)
	at games.strategy.engine.framework.ServerGame.waitForPlayerToFinishStep(ServerGame.java:648)
	at games.strategy.engine.framework.ServerGame.runStep(ServerGame.java:478)
	at games.strategy.engine.framework.ServerGame.runNextStep(ServerGame.java:365)
	at games.strategy.engine.framework.ServerGame.startGame(ServerGame.java:333)
	at games.strategy.engine.framework.startup.launcher.LocalLauncher.launchInternal(LocalLauncher.java:92)
	at games.strategy.engine.framework.startup.launcher.LocalLauncher.lambda$launch$0(LocalLauncher.java:60)
	at java.base/java.lang.Thread.run(Thread.java:840)
254649 18:22:36.340 [Thread-8] INFO  org.triplea.sound.ClipPlayer - Unable to create audio device, is there audio on the system? Cannot create AudioDevice
javazoom.jl.decoder.JavaLayerException: Cannot create AudioDevice
	at javazoom.jl.player.FactoryRegistry.createAudioDevice(FactoryRegistry.java:97)
	at org.triplea.sound.ClipPlayer.hasAudio(ClipPlayer.java:144)
	at org.triplea.sound.ClipPlayer.isSoundEnabled(ClipPlayer.java:251)
	at org.triplea.sound.ClipPlayer.play(ClipPlayer.java:220)
	at org.triplea.sound.DefaultSoundChannel.playSoundForAll(DefaultSoundChannel.java:22)
	at jdk.internal.reflect.GeneratedMethodAccessor55.invoke(Unknown Source)
	at java.base/jdk.internal.reflect.DelegatingMethodAccessorImpl.invoke(DelegatingMethodAccessorImpl.java:43)
	at java.base/java.lang.reflect.Method.invoke(Method.java:569)
	at games.strategy.engine.message.unifiedmessenger.EndPoint.invokeSingle(EndPoint.java:137)
	at games.strategy.engine.message.unifiedmessenger.EndPoint.lambda$invokeMultiple$0(EndPoint.java:121)
	at java.base/java.util.stream.ReferencePipeline$3$1.accept(ReferencePipeline.java:197)
	at java.base/java.util.Spliterators$ArraySpliterator.forEachRemaining(Spliterators.java:992)
	at java.base/java.util.stream.AbstractPipeline.copyInto(AbstractPipeline.java:509)
	at java.base/java.util.stream.AbstractPipeline.wrapAndCopyInto(AbstractPipeline.java:499)
	at java.base/java.util.stream.ReduceOps$ReduceOp.evaluateSequential(ReduceOps.java:921)
	at java.base/java.util.stream.AbstractPipeline.evaluate(AbstractPipeline.java:234)
	at java.base/java.util.stream.ReferencePipeline.collect(ReferencePipeline.java:682)
	at games.strategy.engine.message.unifiedmessenger.EndPoint.invokeMultiple(EndPoint.java:122)
	at games.strategy.engine.message.unifiedmessenger.EndPoint.invokeLocal(EndPoint.java:112)
	at games.strategy.engine.message.unifiedmessenger.UnifiedMessenger.invoke(UnifiedMessenger.java:153)
	at games.strategy.engine.message.UnifiedInvocationHandler.invoke(UnifiedInvocationHandler.java:47)
	at jdk.proxy2/jdk.proxy2.$Proxy25.playSoundForAll(Unknown Source)
	at jdk.internal.reflect.GeneratedMethodAccessor54.invoke(Unknown Source)
	at java.base/jdk.internal.reflect.DelegatingMethodAccessorImpl.invoke(DelegatingMethodAccessorImpl.java:43)
	at java.base/java.lang.reflect.Method.invoke(Method.java:569)
	at games.strategy.engine.delegate.DelegateExecutionManager.lambda$newOutboundImplementation$1(DelegateExecutionManager.java:79)
	at jdk.proxy2/jdk.proxy2.$Proxy25.playSoundForAll(Unknown Source)
	at games.strategy.triplea.delegate.AbstractPlaceDelegate.placeUnits(AbstractPlaceDelegate.java:302)
	at games.strategy.triplea.delegate.AbstractPlaceDelegate.placeUnits(AbstractPlaceDelegate.java:201)
	at jdk.internal.reflect.GeneratedMethodAccessor42.invoke(Unknown Source)
	at java.base/jdk.internal.reflect.DelegatingMethodAccessorImpl.invoke(DelegatingMethodAccessorImpl.java:43)
	at java.base/java.lang.reflect.Method.invoke(Method.java:569)
	at games.strategy.engine.delegate.DelegateExecutionManager$1.invoke(DelegateExecutionManager.java:120)
	at jdk.proxy2/jdk.proxy2.$Proxy16.placeUnits(Unknown Source)
	at jdk.internal.reflect.GeneratedMethodAccessor61.invoke(Unknown Source)
	at java.base/jdk.internal.reflect.DelegatingMethodAccessorImpl.invoke(DelegatingMethodAccessorImpl.java:43)
	at java.base/java.lang.reflect.Method.invoke(Method.java:569)
	at games.strategy.engine.message.unifiedmessenger.EndPoint.invokeSingle(EndPoint.java:137)
	at games.strategy.engine.message.unifiedmessenger.EndPoint.lambda$invokeMultiple$0(EndPoint.java:121)
	at java.base/java.util.stream.ReferencePipeline$3$1.accept(ReferencePipeline.java:197)
	at java.base/java.util.Spliterators$ArraySpliterator.forEachRemaining(Spliterators.java:992)
	at java.base/java.util.stream.AbstractPipeline.copyInto(AbstractPipeline.java:509)
	at java.base/java.util.stream.AbstractPipeline.wrapAndCopyInto(AbstractPipeline.java:499)
	at java.base/java.util.stream.ReduceOps$ReduceOp.evaluateSequential(ReduceOps.java:921)
	at java.base/java.util.stream.AbstractPipeline.evaluate(AbstractPipeline.java:234)
	at java.base/java.util.stream.ReferencePipeline.collect(ReferencePipeline.java:682)
	at games.strategy.engine.message.unifiedmessenger.EndPoint.invokeMultiple(EndPoint.java:122)
	at games.strategy.engine.message.unifiedmessenger.EndPoint.invokeLocal(EndPoint.java:112)
	at games.strategy.engine.message.unifiedmessenger.UnifiedMessenger.invokeAndWait(UnifiedMessenger.java:97)
	at games.strategy.engine.message.UnifiedInvocationHandler.invoke(UnifiedInvocationHandler.java:55)
	at jdk.proxy2/jdk.proxy2.$Proxy16.placeUnits(Unknown Source)
	at jdk.internal.reflect.GeneratedMethodAccessor42.invoke(Unknown Source)
	at java.base/jdk.internal.reflect.DelegatingMethodAccessorImpl.invoke(DelegatingMethodAccessorImpl.java:43)
	at java.base/java.lang.reflect.Method.invoke(Method.java:569)
	at games.strategy.engine.player.PlayerBridge$GameOverInvocationHandler.invoke(PlayerBridge.java:151)
	at jdk.proxy2/jdk.proxy2.$Proxy16.placeUnits(Unknown Source)
	at games.strategy.triplea.ai.tripleMind.ProPurchaseAi.doPlace(ProPurchaseAi.java:2627)
	at games.strategy.triplea.ai.tripleMind.ProPurchaseAi.placeUnits(ProPurchaseAi.java:2545)
	at games.strategy.triplea.ai.tripleMind.ProPurchaseAi.place(ProPurchaseAi.java:562)
	at games.strategy.triplea.ai.tripleMind.AbstractTripleMindAi.place(AbstractTripleMindAi.java:380)
	at games.strategy.triplea.ai.AbstractAi.start(AbstractAi.java:531)
	at games.strategy.engine.framework.ServerGame.waitForPlayerToFinishStep(ServerGame.java:648)
	at games.strategy.engine.framework.ServerGame.runStep(ServerGame.java:478)
	at games.strategy.engine.framework.ServerGame.runNextStep(ServerGame.java:365)
	at games.strategy.engine.framework.ServerGame.startGame(ServerGame.java:333)
	at games.strategy.engine.framework.startup.launcher.LocalLauncher.launchInternal(LocalLauncher.java:92)
	at games.strategy.engine.framework.startup.launcher.LocalLauncher.lambda$launch$0(LocalLauncher.java:60)
	at java.base/java.lang.Thread.run(Thread.java:840)
254796 18:22:36.487 [Thread-8] INFO  org.triplea.sound.ClipPlayer - Unable to create audio device, is there audio on the system? Cannot create AudioDevice
javazoom.jl.decoder.JavaLayerException: Cannot create AudioDevice
	at javazoom.jl.player.FactoryRegistry.createAudioDevice(FactoryRegistry.java:97)
	at org.triplea.sound.ClipPlayer.hasAudio(ClipPlayer.java:144)
	at org.triplea.sound.ClipPlayer.isSoundEnabled(ClipPlayer.java:251)
	at org.triplea.sound.ClipPlayer.play(ClipPlayer.java:220)
	at org.triplea.sound.DefaultSoundChannel.playSoundForAll(DefaultSoundChannel.java:22)
	at jdk.internal.reflect.GeneratedMethodAccessor55.invoke(Unknown Source)
	at java.base/jdk.internal.reflect.DelegatingMethodAccessorImpl.invoke(DelegatingMethodAccessorImpl.java:43)
	at java.base/java.lang.reflect.Method.invoke(Method.java:569)
	at games.strategy.engine.message.unifiedmessenger.EndPoint.invokeSingle(EndPoint.java:137)
	at games.strategy.engine.message.unifiedmessenger.EndPoint.lambda$invokeMultiple$0(EndPoint.java:121)
	at java.base/java.util.stream.ReferencePipeline$3$1.accept(ReferencePipeline.java:197)
	at java.base/java.util.Spliterators$ArraySpliterator.forEachRemaining(Spliterators.java:992)
	at java.base/java.util.stream.AbstractPipeline.copyInto(AbstractPipeline.java:509)
	at java.base/java.util.stream.AbstractPipeline.wrapAndCopyInto(AbstractPipeline.java:499)
	at java.base/java.util.stream.ReduceOps$ReduceOp.evaluateSequential(ReduceOps.java:921)
	at java.base/java.util.stream.AbstractPipeline.evaluate(AbstractPipeline.java:234)
	at java.base/java.util.stream.ReferencePipeline.collect(ReferencePipeline.java:682)
	at games.strategy.engine.message.unifiedmessenger.EndPoint.invokeMultiple(EndPoint.java:122)
	at games.strategy.engine.message.unifiedmessenger.EndPoint.invokeLocal(EndPoint.java:112)
	at games.strategy.engine.message.unifiedmessenger.UnifiedMessenger.invoke(UnifiedMessenger.java:153)
	at games.strategy.engine.message.UnifiedInvocationHandler.invoke(UnifiedInvocationHandler.java:47)
	at jdk.proxy2/jdk.proxy2.$Proxy25.playSoundForAll(Unknown Source)
	at jdk.internal.reflect.GeneratedMethodAccessor54.invoke(Unknown Source)
	at java.base/jdk.internal.reflect.DelegatingMethodAccessorImpl.invoke(DelegatingMethodAccessorImpl.java:43)
	at java.base/java.lang.reflect.Method.invoke(Method.java:569)
	at games.strategy.engine.delegate.DelegateExecutionManager.lambda$newOutboundImplementation$1(DelegateExecutionManager.java:79)
	at jdk.proxy2/jdk.proxy2.$Proxy25.playSoundForAll(Unknown Source)
	at games.strategy.triplea.delegate.AbstractPlaceDelegate.placeUnits(AbstractPlaceDelegate.java:302)
	at games.strategy.triplea.delegate.AbstractPlaceDelegate.placeUnits(AbstractPlaceDelegate.java:201)
	at jdk.internal.reflect.GeneratedMethodAccessor42.invoke(Unknown Source)
	at java.base/jdk.internal.reflect.DelegatingMethodAccessorImpl.invoke(DelegatingMethodAccessorImpl.java:43)
	at java.base/java.lang.reflect.Method.invoke(Method.java:569)
	at games.strategy.engine.delegate.DelegateExecutionManager$1.invoke(DelegateExecutionManager.java:120)
	at jdk.proxy2/jdk.proxy2.$Proxy16.placeUnits(Unknown Source)
	at jdk.internal.reflect.GeneratedMethodAccessor61.invoke(Unknown Source)
	at java.base/jdk.internal.reflect.DelegatingMethodAccessorImpl.invoke(DelegatingMethodAccessorImpl.java:43)
	at java.base/java.lang.reflect.Method.invoke(Method.java:569)
	at games.strategy.engine.message.unifiedmessenger.EndPoint.invokeSingle(EndPoint.java:137)
	at games.strategy.engine.message.unifiedmessenger.EndPoint.lambda$invokeMultiple$0(EndPoint.java:121)
	at java.base/java.util.stream.ReferencePipeline$3$1.accept(ReferencePipeline.java:197)
	at java.base/java.util.Spliterators$ArraySpliterator.forEachRemaining(Spliterators.java:992)
	at java.base/java.util.stream.AbstractPipeline.copyInto(AbstractPipeline.java:509)
	at java.base/java.util.stream.AbstractPipeline.wrapAndCopyInto(AbstractPipeline.java:499)
	at java.base/java.util.stream.ReduceOps$ReduceOp.evaluateSequential(ReduceOps.java:921)
	at java.base/java.util.stream.AbstractPipeline.evaluate(AbstractPipeline.java:234)
	at java.base/java.util.stream.ReferencePipeline.collect(ReferencePipeline.java:682)
	at games.strategy.engine.message.unifiedmessenger.EndPoint.invokeMultiple(EndPoint.java:122)
	at games.strategy.engine.message.unifiedmessenger.EndPoint.invokeLocal(EndPoint.java:112)
	at games.strategy.engine.message.unifiedmessenger.UnifiedMessenger.invokeAndWait(UnifiedMessenger.java:97)
	at games.strategy.engine.message.UnifiedInvocationHandler.invoke(UnifiedInvocationHandler.java:55)
	at jdk.proxy2/jdk.proxy2.$Proxy16.placeUnits(Unknown Source)
	at jdk.internal.reflect.GeneratedMethodAccessor42.invoke(Unknown Source)
	at java.base/jdk.internal.reflect.DelegatingMethodAccessorImpl.invoke(DelegatingMethodAccessorImpl.java:43)
	at java.base/java.lang.reflect.Method.invoke(Method.java:569)
	at games.strategy.engine.player.PlayerBridge$GameOverInvocationHandler.invoke(PlayerBridge.java:151)
	at jdk.proxy2/jdk.proxy2.$Proxy16.placeUnits(Unknown Source)
	at games.strategy.triplea.ai.tripleMind.ProPurchaseAi.doPlace(ProPurchaseAi.java:2627)
	at games.strategy.triplea.ai.tripleMind.ProPurchaseAi.placeUnits(ProPurchaseAi.java:2545)
	at games.strategy.triplea.ai.tripleMind.ProPurchaseAi.place(ProPurchaseAi.java:562)
	at games.strategy.triplea.ai.tripleMind.AbstractTripleMindAi.place(AbstractTripleMindAi.java:380)
	at games.strategy.triplea.ai.AbstractAi.start(AbstractAi.java:531)
	at games.strategy.engine.framework.ServerGame.waitForPlayerToFinishStep(ServerGame.java:648)
	at games.strategy.engine.framework.ServerGame.runStep(ServerGame.java:478)
	at games.strategy.engine.framework.ServerGame.runNextStep(ServerGame.java:365)
	at games.strategy.engine.framework.ServerGame.startGame(ServerGame.java:333)
	at games.strategy.engine.framework.startup.launcher.LocalLauncher.launchInternal(LocalLauncher.java:92)
	at games.strategy.engine.framework.startup.launcher.LocalLauncher.lambda$launch$0(LocalLauncher.java:60)
	at java.base/java.lang.Thread.run(Thread.java:840)
254940 18:22:36.631 [Thread-8] INFO  org.triplea.sound.ClipPlayer - Unable to create audio device, is there audio on the system? Cannot create AudioDevice
javazoom.jl.decoder.JavaLayerException: Cannot create AudioDevice
	at javazoom.jl.player.FactoryRegistry.createAudioDevice(FactoryRegistry.java:97)
	at org.triplea.sound.ClipPlayer.hasAudio(ClipPlayer.java:144)
	at org.triplea.sound.ClipPlayer.isSoundEnabled(ClipPlayer.java:251)
	at org.triplea.sound.ClipPlayer.play(ClipPlayer.java:220)
	at org.triplea.sound.DefaultSoundChannel.playSoundForAll(DefaultSoundChannel.java:22)
	at jdk.internal.reflect.GeneratedMethodAccessor55.invoke(Unknown Source)
	at java.base/jdk.internal.reflect.DelegatingMethodAccessorImpl.invoke(DelegatingMethodAccessorImpl.java:43)
	at java.base/java.lang.reflect.Method.invoke(Method.java:569)
	at games.strategy.engine.message.unifiedmessenger.EndPoint.invokeSingle(EndPoint.java:137)
	at games.strategy.engine.message.unifiedmessenger.EndPoint.lambda$invokeMultiple$0(EndPoint.java:121)
	at java.base/java.util.stream.ReferencePipeline$3$1.accept(ReferencePipeline.java:197)
	at java.base/java.util.Spliterators$ArraySpliterator.forEachRemaining(Spliterators.java:992)
	at java.base/java.util.stream.AbstractPipeline.copyInto(AbstractPipeline.java:509)
	at java.base/java.util.stream.AbstractPipeline.wrapAndCopyInto(AbstractPipeline.java:499)
	at java.base/java.util.stream.ReduceOps$ReduceOp.evaluateSequential(ReduceOps.java:921)
	at java.base/java.util.stream.AbstractPipeline.evaluate(AbstractPipeline.java:234)
	at java.base/java.util.stream.ReferencePipeline.collect(ReferencePipeline.java:682)
	at games.strategy.engine.message.unifiedmessenger.EndPoint.invokeMultiple(EndPoint.java:122)
	at games.strategy.engine.message.unifiedmessenger.EndPoint.invokeLocal(EndPoint.java:112)
	at games.strategy.engine.message.unifiedmessenger.UnifiedMessenger.invoke(UnifiedMessenger.java:153)
	at games.strategy.engine.message.UnifiedInvocationHandler.invoke(UnifiedInvocationHandler.java:47)
	at jdk.proxy2/jdk.proxy2.$Proxy25.playSoundForAll(Unknown Source)
	at jdk.internal.reflect.GeneratedMethodAccessor54.invoke(Unknown Source)
	at java.base/jdk.internal.reflect.DelegatingMethodAccessorImpl.invoke(DelegatingMethodAccessorImpl.java:43)
	at java.base/java.lang.reflect.Method.invoke(Method.java:569)
	at games.strategy.engine.delegate.DelegateExecutionManager.lambda$newOutboundImplementation$1(DelegateExecutionManager.java:79)
	at jdk.proxy2/jdk.proxy2.$Proxy25.playSoundForAll(Unknown Source)
	at games.strategy.triplea.delegate.AbstractPlaceDelegate.placeUnits(AbstractPlaceDelegate.java:302)
	at games.strategy.triplea.delegate.AbstractPlaceDelegate.placeUnits(AbstractPlaceDelegate.java:201)
	at jdk.internal.reflect.GeneratedMethodAccessor42.invoke(Unknown Source)
	at java.base/jdk.internal.reflect.DelegatingMethodAccessorImpl.invoke(DelegatingMethodAccessorImpl.java:43)
	at java.base/java.lang.reflect.Method.invoke(Method.java:569)
	at games.strategy.engine.delegate.DelegateExecutionManager$1.invoke(DelegateExecutionManager.java:120)
	at jdk.proxy2/jdk.proxy2.$Proxy16.placeUnits(Unknown Source)
	at jdk.internal.reflect.GeneratedMethodAccessor61.invoke(Unknown Source)
	at java.base/jdk.internal.reflect.DelegatingMethodAccessorImpl.invoke(DelegatingMethodAccessorImpl.java:43)
	at java.base/java.lang.reflect.Method.invoke(Method.java:569)
	at games.strategy.engine.message.unifiedmessenger.EndPoint.invokeSingle(EndPoint.java:137)
	at games.strategy.engine.message.unifiedmessenger.EndPoint.lambda$invokeMultiple$0(EndPoint.java:121)
	at java.base/java.util.stream.ReferencePipeline$3$1.accept(ReferencePipeline.java:197)
	at java.base/java.util.Spliterators$ArraySpliterator.forEachRemaining(Spliterators.java:992)
	at java.base/java.util.stream.AbstractPipeline.copyInto(AbstractPipeline.java:509)
	at java.base/java.util.stream.AbstractPipeline.wrapAndCopyInto(AbstractPipeline.java:499)
	at java.base/java.util.stream.ReduceOps$ReduceOp.evaluateSequential(ReduceOps.java:921)
	at java.base/java.util.stream.AbstractPipeline.evaluate(AbstractPipeline.java:234)
	at java.base/java.util.stream.ReferencePipeline.collect(ReferencePipeline.java:682)
	at games.strategy.engine.message.unifiedmessenger.EndPoint.invokeMultiple(EndPoint.java:122)
	at games.strategy.engine.message.unifiedmessenger.EndPoint.invokeLocal(EndPoint.java:112)
	at games.strategy.engine.message.unifiedmessenger.UnifiedMessenger.invokeAndWait(UnifiedMessenger.java:97)
	at games.strategy.engine.message.UnifiedInvocationHandler.invoke(UnifiedInvocationHandler.java:55)
	at jdk.proxy2/jdk.proxy2.$Proxy16.placeUnits(Unknown Source)
	at jdk.internal.reflect.GeneratedMethodAccessor42.invoke(Unknown Source)
	at java.base/jdk.internal.reflect.DelegatingMethodAccessorImpl.invoke(DelegatingMethodAccessorImpl.java:43)
	at java.base/java.lang.reflect.Method.invoke(Method.java:569)
	at games.strategy.engine.player.PlayerBridge$GameOverInvocationHandler.invoke(PlayerBridge.java:151)
	at jdk.proxy2/jdk.proxy2.$Proxy16.placeUnits(Unknown Source)
	at games.strategy.triplea.ai.tripleMind.ProPurchaseAi.doPlace(ProPurchaseAi.java:2627)
	at games.strategy.triplea.ai.tripleMind.ProPurchaseAi.placeUnits(ProPurchaseAi.java:2545)
	at games.strategy.triplea.ai.tripleMind.ProPurchaseAi.place(ProPurchaseAi.java:562)
	at games.strategy.triplea.ai.tripleMind.AbstractTripleMindAi.place(AbstractTripleMindAi.java:380)
	at games.strategy.triplea.ai.AbstractAi.start(AbstractAi.java:531)
	at games.strategy.engine.framework.ServerGame.waitForPlayerToFinishStep(ServerGame.java:648)
	at games.strategy.engine.framework.ServerGame.runStep(ServerGame.java:478)
	at games.strategy.engine.framework.ServerGame.runNextStep(ServerGame.java:365)
	at games.strategy.engine.framework.ServerGame.startGame(ServerGame.java:333)
	at games.strategy.engine.framework.startup.launcher.LocalLauncher.launchInternal(LocalLauncher.java:92)
	at games.strategy.engine.framework.startup.launcher.LocalLauncher.lambda$launch$0(LocalLauncher.java:60)
	at java.base/java.lang.Thread.run(Thread.java:840)
255088 18:22:36.779 [Thread-8] INFO  org.triplea.sound.ClipPlayer - Unable to create audio device, is there audio on the system? Cannot create AudioDevice
javazoom.jl.decoder.JavaLayerException: Cannot create AudioDevice
	at javazoom.jl.player.FactoryRegistry.createAudioDevice(FactoryRegistry.java:97)
	at org.triplea.sound.ClipPlayer.hasAudio(ClipPlayer.java:144)
	at org.triplea.sound.ClipPlayer.isSoundEnabled(ClipPlayer.java:251)
	at org.triplea.sound.ClipPlayer.play(ClipPlayer.java:220)
	at org.triplea.sound.DefaultSoundChannel.playSoundForAll(DefaultSoundChannel.java:22)
	at jdk.internal.reflect.GeneratedMethodAccessor55.invoke(Unknown Source)
	at java.base/jdk.internal.reflect.DelegatingMethodAccessorImpl.invoke(DelegatingMethodAccessorImpl.java:43)
	at java.base/java.lang.reflect.Method.invoke(Method.java:569)
	at games.strategy.engine.message.unifiedmessenger.EndPoint.invokeSingle(EndPoint.java:137)
	at games.strategy.engine.message.unifiedmessenger.EndPoint.lambda$invokeMultiple$0(EndPoint.java:121)
	at java.base/java.util.stream.ReferencePipeline$3$1.accept(ReferencePipeline.java:197)
	at java.base/java.util.Spliterators$ArraySpliterator.forEachRemaining(Spliterators.java:992)
	at java.base/java.util.stream.AbstractPipeline.copyInto(AbstractPipeline.java:509)
	at java.base/java.util.stream.AbstractPipeline.wrapAndCopyInto(AbstractPipeline.java:499)
	at java.base/java.util.stream.ReduceOps$ReduceOp.evaluateSequential(ReduceOps.java:921)
	at java.base/java.util.stream.AbstractPipeline.evaluate(AbstractPipeline.java:234)
	at java.base/java.util.stream.ReferencePipeline.collect(ReferencePipeline.java:682)
	at games.strategy.engine.message.unifiedmessenger.EndPoint.invokeMultiple(EndPoint.java:122)
	at games.strategy.engine.message.unifiedmessenger.EndPoint.invokeLocal(EndPoint.java:112)
	at games.strategy.engine.message.unifiedmessenger.UnifiedMessenger.invoke(UnifiedMessenger.java:153)
	at games.strategy.engine.message.UnifiedInvocationHandler.invoke(UnifiedInvocationHandler.java:47)
	at jdk.proxy2/jdk.proxy2.$Proxy25.playSoundForAll(Unknown Source)
	at jdk.internal.reflect.GeneratedMethodAccessor54.invoke(Unknown Source)
	at java.base/jdk.internal.reflect.DelegatingMethodAccessorImpl.invoke(DelegatingMethodAccessorImpl.java:43)
	at java.base/java.lang.reflect.Method.invoke(Method.java:569)
	at games.strategy.engine.delegate.DelegateExecutionManager.lambda$newOutboundImplementation$1(DelegateExecutionManager.java:79)
	at jdk.proxy2/jdk.proxy2.$Proxy25.playSoundForAll(Unknown Source)
	at games.strategy.triplea.delegate.AbstractPlaceDelegate.placeUnits(AbstractPlaceDelegate.java:302)
	at games.strategy.triplea.delegate.AbstractPlaceDelegate.placeUnits(AbstractPlaceDelegate.java:201)
	at jdk.internal.reflect.GeneratedMethodAccessor42.invoke(Unknown Source)
	at java.base/jdk.internal.reflect.DelegatingMethodAccessorImpl.invoke(DelegatingMethodAccessorImpl.java:43)
	at java.base/java.lang.reflect.Method.invoke(Method.java:569)
	at games.strategy.engine.delegate.DelegateExecutionManager$1.invoke(DelegateExecutionManager.java:120)
	at jdk.proxy2/jdk.proxy2.$Proxy16.placeUnits(Unknown Source)
	at jdk.internal.reflect.GeneratedMethodAccessor61.invoke(Unknown Source)
	at java.base/jdk.internal.reflect.DelegatingMethodAccessorImpl.invoke(DelegatingMethodAccessorImpl.java:43)
	at java.base/java.lang.reflect.Method.invoke(Method.java:569)
	at games.strategy.engine.message.unifiedmessenger.EndPoint.invokeSingle(EndPoint.java:137)
	at games.strategy.engine.message.unifiedmessenger.EndPoint.lambda$invokeMultiple$0(EndPoint.java:121)
	at java.base/java.util.stream.ReferencePipeline$3$1.accept(ReferencePipeline.java:197)
	at java.base/java.util.Spliterators$ArraySpliterator.forEachRemaining(Spliterators.java:992)
	at java.base/java.util.stream.AbstractPipeline.copyInto(AbstractPipeline.java:509)
	at java.base/java.util.stream.AbstractPipeline.wrapAndCopyInto(AbstractPipeline.java:499)
	at java.base/java.util.stream.ReduceOps$ReduceOp.evaluateSequential(ReduceOps.java:921)
	at java.base/java.util.stream.AbstractPipeline.evaluate(AbstractPipeline.java:234)
	at java.base/java.util.stream.ReferencePipeline.collect(ReferencePipeline.java:682)
	at games.strategy.engine.message.unifiedmessenger.EndPoint.invokeMultiple(EndPoint.java:122)
	at games.strategy.engine.message.unifiedmessenger.EndPoint.invokeLocal(EndPoint.java:112)
	at games.strategy.engine.message.unifiedmessenger.UnifiedMessenger.invokeAndWait(UnifiedMessenger.java:97)
	at games.strategy.engine.message.UnifiedInvocationHandler.invoke(UnifiedInvocationHandler.java:55)
	at jdk.proxy2/jdk.proxy2.$Proxy16.placeUnits(Unknown Source)
	at jdk.internal.reflect.GeneratedMethodAccessor42.invoke(Unknown Source)
	at java.base/jdk.internal.reflect.DelegatingMethodAccessorImpl.invoke(DelegatingMethodAccessorImpl.java:43)
	at java.base/java.lang.reflect.Method.invoke(Method.java:569)
	at games.strategy.engine.player.PlayerBridge$GameOverInvocationHandler.invoke(PlayerBridge.java:151)
	at jdk.proxy2/jdk.proxy2.$Proxy16.placeUnits(Unknown Source)
	at games.strategy.triplea.ai.tripleMind.ProPurchaseAi.doPlace(ProPurchaseAi.java:2627)
	at games.strategy.triplea.ai.tripleMind.ProPurchaseAi.placeUnits(ProPurchaseAi.java:2545)
	at games.strategy.triplea.ai.tripleMind.ProPurchaseAi.place(ProPurchaseAi.java:562)
	at games.strategy.triplea.ai.tripleMind.AbstractTripleMindAi.place(AbstractTripleMindAi.java:380)
	at games.strategy.triplea.ai.AbstractAi.start(AbstractAi.java:531)
	at games.strategy.engine.framework.ServerGame.waitForPlayerToFinishStep(ServerGame.java:648)
	at games.strategy.engine.framework.ServerGame.runStep(ServerGame.java:478)
	at games.strategy.engine.framework.ServerGame.runNextStep(ServerGame.java:365)
	at games.strategy.engine.framework.ServerGame.startGame(ServerGame.java:333)
	at games.strategy.engine.framework.startup.launcher.LocalLauncher.launchInternal(LocalLauncher.java:92)
	at games.strategy.engine.framework.startup.launcher.LocalLauncher.lambda$launch$0(LocalLauncher.java:60)
	at java.base/java.lang.Thread.run(Thread.java:840)
256170 18:22:37.861 [Thread-8] INFO  org.triplea.sound.ClipPlayer - Unable to create audio device, is there audio on the system? Cannot create AudioDevice
javazoom.jl.decoder.JavaLayerException: Cannot create AudioDevice
	at javazoom.jl.player.FactoryRegistry.createAudioDevice(FactoryRegistry.java:97)
	at org.triplea.sound.ClipPlayer.hasAudio(ClipPlayer.java:144)
	at org.triplea.sound.ClipPlayer.isSoundEnabled(ClipPlayer.java:251)
	at org.triplea.sound.ClipPlayer.play(ClipPlayer.java:220)
	at org.triplea.sound.DefaultSoundChannel.playSoundForAll(DefaultSoundChannel.java:22)
	at jdk.internal.reflect.GeneratedMethodAccessor55.invoke(Unknown Source)
	at java.base/jdk.internal.reflect.DelegatingMethodAccessorImpl.invoke(DelegatingMethodAccessorImpl.java:43)
	at java.base/java.lang.reflect.Method.invoke(Method.java:569)
	at games.strategy.engine.message.unifiedmessenger.EndPoint.invokeSingle(EndPoint.java:137)
	at games.strategy.engine.message.unifiedmessenger.EndPoint.lambda$invokeMultiple$0(EndPoint.java:121)
	at java.base/java.util.stream.ReferencePipeline$3$1.accept(ReferencePipeline.java:197)
	at java.base/java.util.Spliterators$ArraySpliterator.forEachRemaining(Spliterators.java:992)
	at java.base/java.util.stream.AbstractPipeline.copyInto(AbstractPipeline.java:509)
	at java.base/java.util.stream.AbstractPipeline.wrapAndCopyInto(AbstractPipeline.java:499)
	at java.base/java.util.stream.ReduceOps$ReduceOp.evaluateSequential(ReduceOps.java:921)
	at java.base/java.util.stream.AbstractPipeline.evaluate(AbstractPipeline.java:234)
	at java.base/java.util.stream.ReferencePipeline.collect(ReferencePipeline.java:682)
	at games.strategy.engine.message.unifiedmessenger.EndPoint.invokeMultiple(EndPoint.java:122)
	at games.strategy.engine.message.unifiedmessenger.EndPoint.invokeLocal(EndPoint.java:112)
	at games.strategy.engine.message.unifiedmessenger.UnifiedMessenger.invoke(UnifiedMessenger.java:153)
	at games.strategy.engine.message.UnifiedInvocationHandler.invoke(UnifiedInvocationHandler.java:47)
	at jdk.proxy2/jdk.proxy2.$Proxy25.playSoundForAll(Unknown Source)
	at jdk.internal.reflect.GeneratedMethodAccessor54.invoke(Unknown Source)
	at java.base/jdk.internal.reflect.DelegatingMethodAccessorImpl.invoke(DelegatingMethodAccessorImpl.java:43)
	at java.base/java.lang.reflect.Method.invoke(Method.java:569)
	at games.strategy.engine.delegate.DelegateExecutionManager.lambda$newOutboundImplementation$1(DelegateExecutionManager.java:79)
	at jdk.proxy2/jdk.proxy2.$Proxy25.playSoundForAll(Unknown Source)
	at games.strategy.triplea.delegate.battle.BattleTracker.takeOver(BattleTracker.java:794)
	at games.strategy.triplea.delegate.battle.BattleTracker.addEmptyBattle(BattleTracker.java:523)
	at games.strategy.triplea.delegate.battle.BattleTracker.addBattle(BattleTracker.java:345)
	at games.strategy.triplea.delegate.battle.BattleTracker.addBattle(BattleTracker.java:293)
	at games.strategy.triplea.delegate.MovePerformer$3.execute(MovePerformer.java:267)
	at games.strategy.triplea.delegate.ExecutionStack.execute(ExecutionStack.java:34)
	at games.strategy.triplea.delegate.MovePerformer.populateStack(MovePerformer.java:324)
	at games.strategy.triplea.delegate.MovePerformer.moveUnits(MovePerformer.java:81)
	at games.strategy.triplea.delegate.MoveDelegate.performMove(MoveDelegate.java:675)
	at jdk.internal.reflect.GeneratedMethodAccessor45.invoke(Unknown Source)
	at java.base/jdk.internal.reflect.DelegatingMethodAccessorImpl.invoke(DelegatingMethodAccessorImpl.java:43)
	at java.base/java.lang.reflect.Method.invoke(Method.java:569)
	at games.strategy.engine.delegate.DelegateExecutionManager$1.invoke(DelegateExecutionManager.java:120)
	at jdk.proxy2/jdk.proxy2.$Proxy14.performMove(Unknown Source)
	at jdk.internal.reflect.GeneratedMethodAccessor56.invoke(Unknown Source)
	at java.base/jdk.internal.reflect.DelegatingMethodAccessorImpl.invoke(DelegatingMethodAccessorImpl.java:43)
	at java.base/java.lang.reflect.Method.invoke(Method.java:569)
	at games.strategy.engine.message.unifiedmessenger.EndPoint.invokeSingle(EndPoint.java:137)
	at games.strategy.engine.message.unifiedmessenger.EndPoint.lambda$invokeMultiple$0(EndPoint.java:121)
	at java.base/java.util.stream.ReferencePipeline$3$1.accept(ReferencePipeline.java:197)
	at java.base/java.util.Spliterators$ArraySpliterator.forEachRemaining(Spliterators.java:992)
	at java.base/java.util.stream.AbstractPipeline.copyInto(AbstractPipeline.java:509)
	at java.base/java.util.stream.AbstractPipeline.wrapAndCopyInto(AbstractPipeline.java:499)
	at java.base/java.util.stream.ReduceOps$ReduceOp.evaluateSequential(ReduceOps.java:921)
	at java.base/java.util.stream.AbstractPipeline.evaluate(AbstractPipeline.java:234)
	at java.base/java.util.stream.ReferencePipeline.collect(ReferencePipeline.java:682)
	at games.strategy.engine.message.unifiedmessenger.EndPoint.invokeMultiple(EndPoint.java:122)
	at games.strategy.engine.message.unifiedmessenger.EndPoint.invokeLocal(EndPoint.java:112)
	at games.strategy.engine.message.unifiedmessenger.UnifiedMessenger.invokeAndWait(UnifiedMessenger.java:97)
	at games.strategy.engine.message.UnifiedInvocationHandler.invoke(UnifiedInvocationHandler.java:55)
	at jdk.proxy2/jdk.proxy2.$Proxy14.performMove(Unknown Source)
	at jdk.internal.reflect.GeneratedMethodAccessor45.invoke(Unknown Source)
	at java.base/jdk.internal.reflect.DelegatingMethodAccessorImpl.invoke(DelegatingMethodAccessorImpl.java:43)
	at java.base/java.lang.reflect.Method.invoke(Method.java:569)
	at games.strategy.engine.player.PlayerBridge$GameOverInvocationHandler.invoke(PlayerBridge.java:151)
	at jdk.proxy2/jdk.proxy2.$Proxy14.performMove(Unknown Source)
	at games.strategy.triplea.ai.weak.WeakAi.doMove(WeakAi.java:237)
	at games.strategy.triplea.ai.weak.WeakAi.doCombatMove(WeakAi.java:152)
	at games.strategy.triplea.ai.weak.WeakAi.move(WeakAi.java:124)
	at games.strategy.triplea.ai.AbstractAi.start(AbstractAi.java:521)
	at games.strategy.engine.framework.ServerGame.waitForPlayerToFinishStep(ServerGame.java:648)
	at games.strategy.engine.framework.ServerGame.runStep(ServerGame.java:478)
	at games.strategy.engine.framework.ServerGame.runNextStep(ServerGame.java:365)
	at games.strategy.engine.framework.ServerGame.startGame(ServerGame.java:333)
	at games.strategy.engine.framework.startup.launcher.LocalLauncher.launchInternal(LocalLauncher.java:92)
	at games.strategy.engine.framework.startup.launcher.LocalLauncher.lambda$launch$0(LocalLauncher.java:60)
	at java.base/java.lang.Thread.run(Thread.java:840)
257549 18:22:39.240 [Thread-8] INFO  org.triplea.sound.ClipPlayer - Unable to create audio device, is there audio on the system? Cannot create AudioDevice
javazoom.jl.decoder.JavaLayerException: Cannot create AudioDevice
	at javazoom.jl.player.FactoryRegistry.createAudioDevice(FactoryRegistry.java:97)
	at org.triplea.sound.ClipPlayer.hasAudio(ClipPlayer.java:144)
	at org.triplea.sound.ClipPlayer.isSoundEnabled(ClipPlayer.java:251)
	at org.triplea.sound.ClipPlayer.play(ClipPlayer.java:220)
	at org.triplea.sound.DefaultSoundChannel.playSoundForAll(DefaultSoundChannel.java:22)
	at jdk.internal.reflect.GeneratedMethodAccessor55.invoke(Unknown Source)
	at java.base/jdk.internal.reflect.DelegatingMethodAccessorImpl.invoke(DelegatingMethodAccessorImpl.java:43)
	at java.base/java.lang.reflect.Method.invoke(Method.java:569)
	at games.strategy.engine.message.unifiedmessenger.EndPoint.invokeSingle(EndPoint.java:137)
	at games.strategy.engine.message.unifiedmessenger.EndPoint.lambda$invokeMultiple$0(EndPoint.java:121)
	at java.base/java.util.stream.ReferencePipeline$3$1.accept(ReferencePipeline.java:197)
	at java.base/java.util.Spliterators$ArraySpliterator.forEachRemaining(Spliterators.java:992)
	at java.base/java.util.stream.AbstractPipeline.copyInto(AbstractPipeline.java:509)
	at java.base/java.util.stream.AbstractPipeline.wrapAndCopyInto(AbstractPipeline.java:499)
	at java.base/java.util.stream.ReduceOps$ReduceOp.evaluateSequential(ReduceOps.java:921)
	at java.base/java.util.stream.AbstractPipeline.evaluate(AbstractPipeline.java:234)
	at java.base/java.util.stream.ReferencePipeline.collect(ReferencePipeline.java:682)
	at games.strategy.engine.message.unifiedmessenger.EndPoint.invokeMultiple(EndPoint.java:122)
	at games.strategy.engine.message.unifiedmessenger.EndPoint.invokeLocal(EndPoint.java:112)
	at games.strategy.engine.message.unifiedmessenger.UnifiedMessenger.invoke(UnifiedMessenger.java:153)
	at games.strategy.engine.message.UnifiedInvocationHandler.invoke(UnifiedInvocationHandler.java:47)
	at jdk.proxy2/jdk.proxy2.$Proxy25.playSoundForAll(Unknown Source)
	at jdk.internal.reflect.GeneratedMethodAccessor54.invoke(Unknown Source)
	at java.base/jdk.internal.reflect.DelegatingMethodAccessorImpl.invoke(DelegatingMethodAccessorImpl.java:43)
	at java.base/java.lang.reflect.Method.invoke(Method.java:569)
	at games.strategy.engine.delegate.DelegateExecutionManager.lambda$newOutboundImplementation$1(DelegateExecutionManager.java:79)
	at jdk.proxy2/jdk.proxy2.$Proxy25.playSoundForAll(Unknown Source)
	at org.triplea.sound.SoundUtils.playBattleType(SoundUtils.java:42)
	at games.strategy.triplea.delegate.battle.MustFightBattle.fight(MustFightBattle.java:686)
	at games.strategy.triplea.delegate.battle.BattleTracker.fightBattleIfOnlyOne(BattleTracker.java:1300)
	at games.strategy.triplea.delegate.battle.BattleDelegate.start(BattleDelegate.java:125)
	at games.strategy.engine.framework.ServerGame.startStep(ServerGame.java:611)
	at games.strategy.engine.framework.ServerGame.runStep(ServerGame.java:471)
	at games.strategy.engine.framework.ServerGame.runNextStep(ServerGame.java:365)
	at games.strategy.engine.framework.ServerGame.startGame(ServerGame.java:333)
	at games.strategy.engine.framework.startup.launcher.LocalLauncher.launchInternal(LocalLauncher.java:92)
	at games.strategy.engine.framework.startup.launcher.LocalLauncher.lambda$launch$0(LocalLauncher.java:60)
	at java.base/java.lang.Thread.run(Thread.java:840)
263858 18:22:45.549 [Thread-8] INFO  org.triplea.sound.ClipPlayer - Unable to create audio device, is there audio on the system? Cannot create AudioDevice
javazoom.jl.decoder.JavaLayerException: Cannot create AudioDevice
	at javazoom.jl.player.FactoryRegistry.createAudioDevice(FactoryRegistry.java:97)
	at org.triplea.sound.ClipPlayer.hasAudio(ClipPlayer.java:144)
	at org.triplea.sound.ClipPlayer.isSoundEnabled(ClipPlayer.java:251)
	at org.triplea.sound.ClipPlayer.play(ClipPlayer.java:220)
	at org.triplea.sound.DefaultSoundChannel.playSoundForAll(DefaultSoundChannel.java:22)
	at jdk.internal.reflect.GeneratedMethodAccessor55.invoke(Unknown Source)
	at java.base/jdk.internal.reflect.DelegatingMethodAccessorImpl.invoke(DelegatingMethodAccessorImpl.java:43)
	at java.base/java.lang.reflect.Method.invoke(Method.java:569)
	at games.strategy.engine.message.unifiedmessenger.EndPoint.invokeSingle(EndPoint.java:137)
	at games.strategy.engine.message.unifiedmessenger.EndPoint.lambda$invokeMultiple$0(EndPoint.java:121)
	at java.base/java.util.stream.ReferencePipeline$3$1.accept(ReferencePipeline.java:197)
	at java.base/java.util.Spliterators$ArraySpliterator.forEachRemaining(Spliterators.java:992)
	at java.base/java.util.stream.AbstractPipeline.copyInto(AbstractPipeline.java:509)
	at java.base/java.util.stream.AbstractPipeline.wrapAndCopyInto(AbstractPipeline.java:499)
	at java.base/java.util.stream.ReduceOps$ReduceOp.evaluateSequential(ReduceOps.java:921)
	at java.base/java.util.stream.AbstractPipeline.evaluate(AbstractPipeline.java:234)
	at java.base/java.util.stream.ReferencePipeline.collect(ReferencePipeline.java:682)
	at games.strategy.engine.message.unifiedmessenger.EndPoint.invokeMultiple(EndPoint.java:122)
	at games.strategy.engine.message.unifiedmessenger.EndPoint.invokeLocal(EndPoint.java:112)
	at games.strategy.engine.message.unifiedmessenger.UnifiedMessenger.invoke(UnifiedMessenger.java:153)
	at games.strategy.engine.message.UnifiedInvocationHandler.invoke(UnifiedInvocationHandler.java:47)
	at jdk.proxy2/jdk.proxy2.$Proxy25.playSoundForAll(Unknown Source)
	at jdk.internal.reflect.GeneratedMethodAccessor54.invoke(Unknown Source)
	at java.base/jdk.internal.reflect.DelegatingMethodAccessorImpl.invoke(DelegatingMethodAccessorImpl.java:43)
	at java.base/java.lang.reflect.Method.invoke(Method.java:569)
	at games.strategy.engine.delegate.DelegateExecutionManager.lambda$newOutboundImplementation$1(DelegateExecutionManager.java:79)
	at jdk.proxy2/jdk.proxy2.$Proxy25.playSoundForAll(Unknown Source)
	at games.strategy.triplea.delegate.battle.BattleTracker.takeOver(BattleTracker.java:794)
	at games.strategy.triplea.delegate.battle.MustFightBattle.attackerWins(MustFightBattle.java:1430)
	at games.strategy.triplea.delegate.battle.MustFightBattle.endBattle(MustFightBattle.java:462)
	at games.strategy.triplea.delegate.battle.steps.change.CheckGeneralBattleEnd.execute(CheckGeneralBattleEnd.java:64)
	at games.strategy.triplea.delegate.ExecutionStack.execute(ExecutionStack.java:34)
	at games.strategy.triplea.delegate.battle.MustFightBattle.fight(MustFightBattle.java:690)
	at games.strategy.triplea.delegate.battle.BattleTracker.fightBattleIfOnlyOne(BattleTracker.java:1300)
	at games.strategy.triplea.delegate.battle.BattleDelegate.start(BattleDelegate.java:125)
	at games.strategy.engine.framework.ServerGame.startStep(ServerGame.java:611)
	at games.strategy.engine.framework.ServerGame.runStep(ServerGame.java:471)
	at games.strategy.engine.framework.ServerGame.runNextStep(ServerGame.java:365)
	at games.strategy.engine.framework.ServerGame.startGame(ServerGame.java:333)
	at games.strategy.engine.framework.startup.launcher.LocalLauncher.launchInternal(LocalLauncher.java:92)
	at games.strategy.engine.framework.startup.launcher.LocalLauncher.lambda$launch$0(LocalLauncher.java:60)
	at java.base/java.lang.Thread.run(Thread.java:840)
265530 18:22:47.221 [Thread-8] INFO  org.triplea.sound.ClipPlayer - Unable to create audio device, is there audio on the system? Cannot create AudioDevice
javazoom.jl.decoder.JavaLayerException: Cannot create AudioDevice
	at javazoom.jl.player.FactoryRegistry.createAudioDevice(FactoryRegistry.java:97)
	at org.triplea.sound.ClipPlayer.hasAudio(ClipPlayer.java:144)
	at org.triplea.sound.ClipPlayer.isSoundEnabled(ClipPlayer.java:251)
	at org.triplea.sound.ClipPlayer.play(ClipPlayer.java:220)
	at org.triplea.sound.DefaultSoundChannel.playSoundForAll(DefaultSoundChannel.java:22)
	at jdk.internal.reflect.GeneratedMethodAccessor55.invoke(Unknown Source)
	at java.base/jdk.internal.reflect.DelegatingMethodAccessorImpl.invoke(DelegatingMethodAccessorImpl.java:43)
	at java.base/java.lang.reflect.Method.invoke(Method.java:569)
	at games.strategy.engine.message.unifiedmessenger.EndPoint.invokeSingle(EndPoint.java:137)
	at games.strategy.engine.message.unifiedmessenger.EndPoint.lambda$invokeMultiple$0(EndPoint.java:121)
	at java.base/java.util.stream.ReferencePipeline$3$1.accept(ReferencePipeline.java:197)
	at java.base/java.util.Spliterators$ArraySpliterator.forEachRemaining(Spliterators.java:992)
	at java.base/java.util.stream.AbstractPipeline.copyInto(AbstractPipeline.java:509)
	at java.base/java.util.stream.AbstractPipeline.wrapAndCopyInto(AbstractPipeline.java:499)
	at java.base/java.util.stream.ReduceOps$ReduceOp.evaluateSequential(ReduceOps.java:921)
	at java.base/java.util.stream.AbstractPipeline.evaluate(AbstractPipeline.java:234)
	at java.base/java.util.stream.ReferencePipeline.collect(ReferencePipeline.java:682)
	at games.strategy.engine.message.unifiedmessenger.EndPoint.invokeMultiple(EndPoint.java:122)
	at games.strategy.engine.message.unifiedmessenger.EndPoint.invokeLocal(EndPoint.java:112)
	at games.strategy.engine.message.unifiedmessenger.UnifiedMessenger.invoke(UnifiedMessenger.java:153)
	at games.strategy.engine.message.UnifiedInvocationHandler.invoke(UnifiedInvocationHandler.java:47)
	at jdk.proxy2/jdk.proxy2.$Proxy25.playSoundForAll(Unknown Source)
	at jdk.internal.reflect.GeneratedMethodAccessor54.invoke(Unknown Source)
	at java.base/jdk.internal.reflect.DelegatingMethodAccessorImpl.invoke(DelegatingMethodAccessorImpl.java:43)
	at java.base/java.lang.reflect.Method.invoke(Method.java:569)
	at games.strategy.engine.delegate.DelegateExecutionManager.lambda$newOutboundImplementation$1(DelegateExecutionManager.java:79)
	at jdk.proxy2/jdk.proxy2.$Proxy25.playSoundForAll(Unknown Source)
	at games.strategy.triplea.delegate.AbstractPlaceDelegate.placeUnits(AbstractPlaceDelegate.java:302)
	at games.strategy.triplea.delegate.AbstractPlaceDelegate.placeUnits(AbstractPlaceDelegate.java:201)
	at jdk.internal.reflect.GeneratedMethodAccessor42.invoke(Unknown Source)
	at java.base/jdk.internal.reflect.DelegatingMethodAccessorImpl.invoke(DelegatingMethodAccessorImpl.java:43)
	at java.base/java.lang.reflect.Method.invoke(Method.java:569)
	at games.strategy.engine.delegate.DelegateExecutionManager$1.invoke(DelegateExecutionManager.java:120)
	at jdk.proxy2/jdk.proxy2.$Proxy16.placeUnits(Unknown Source)
	at jdk.internal.reflect.GeneratedMethodAccessor61.invoke(Unknown Source)
	at java.base/jdk.internal.reflect.DelegatingMethodAccessorImpl.invoke(DelegatingMethodAccessorImpl.java:43)
	at java.base/java.lang.reflect.Method.invoke(Method.java:569)
	at games.strategy.engine.message.unifiedmessenger.EndPoint.invokeSingle(EndPoint.java:137)
	at games.strategy.engine.message.unifiedmessenger.EndPoint.lambda$invokeMultiple$0(EndPoint.java:121)
	at java.base/java.util.stream.ReferencePipeline$3$1.accept(ReferencePipeline.java:197)
	at java.base/java.util.Spliterators$ArraySpliterator.forEachRemaining(Spliterators.java:992)
	at java.base/java.util.stream.AbstractPipeline.copyInto(AbstractPipeline.java:509)
	at java.base/java.util.stream.AbstractPipeline.wrapAndCopyInto(AbstractPipeline.java:499)
	at java.base/java.util.stream.ReduceOps$ReduceOp.evaluateSequential(ReduceOps.java:921)
	at java.base/java.util.stream.AbstractPipeline.evaluate(AbstractPipeline.java:234)
	at java.base/java.util.stream.ReferencePipeline.collect(ReferencePipeline.java:682)
	at games.strategy.engine.message.unifiedmessenger.EndPoint.invokeMultiple(EndPoint.java:122)
	at games.strategy.engine.message.unifiedmessenger.EndPoint.invokeLocal(EndPoint.java:112)
	at games.strategy.engine.message.unifiedmessenger.UnifiedMessenger.invokeAndWait(UnifiedMessenger.java:97)
	at games.strategy.engine.message.UnifiedInvocationHandler.invoke(UnifiedInvocationHandler.java:55)
	at jdk.proxy2/jdk.proxy2.$Proxy16.placeUnits(Unknown Source)
	at jdk.internal.reflect.GeneratedMethodAccessor42.invoke(Unknown Source)
	at java.base/jdk.internal.reflect.DelegatingMethodAccessorImpl.invoke(DelegatingMethodAccessorImpl.java:43)
	at java.base/java.lang.reflect.Method.invoke(Method.java:569)
	at games.strategy.engine.player.PlayerBridge$GameOverInvocationHandler.invoke(PlayerBridge.java:151)
	at jdk.proxy2/jdk.proxy2.$Proxy16.placeUnits(Unknown Source)
	at games.strategy.triplea.ai.weak.WeakAi.doPlace(WeakAi.java:1110)
	at games.strategy.triplea.ai.weak.WeakAi.placeAllWeCanOn(WeakAi.java:1104)
	at games.strategy.triplea.ai.weak.WeakAi.lambda$place$15(WeakAi.java:1054)
	at java.base/java.util.Optional.ifPresent(Optional.java:178)
	at games.strategy.triplea.ai.weak.WeakAi.place(WeakAi.java:1054)
	at games.strategy.triplea.ai.AbstractAi.start(AbstractAi.java:531)
	at games.strategy.engine.framework.ServerGame.waitForPlayerToFinishStep(ServerGame.java:648)
	at games.strategy.engine.framework.ServerGame.runStep(ServerGame.java:478)
	at games.strategy.engine.framework.ServerGame.runNextStep(ServerGame.java:365)
	at games.strategy.engine.framework.ServerGame.startGame(ServerGame.java:333)
	at games.strategy.engine.framework.startup.launcher.LocalLauncher.launchInternal(LocalLauncher.java:92)
	at games.strategy.engine.framework.startup.launcher.LocalLauncher.lambda$launch$0(LocalLauncher.java:60)
	at java.base/java.lang.Thread.run(Thread.java:840)
266300 18:22:47.991 [Thread-8] INFO  org.triplea.sound.ClipPlayer - Unable to create audio device, is there audio on the system? Cannot create AudioDevice
javazoom.jl.decoder.JavaLayerException: Cannot create AudioDevice
	at javazoom.jl.player.FactoryRegistry.createAudioDevice(FactoryRegistry.java:97)
	at org.triplea.sound.ClipPlayer.hasAudio(ClipPlayer.java:144)
	at org.triplea.sound.ClipPlayer.isSoundEnabled(ClipPlayer.java:251)
	at org.triplea.sound.ClipPlayer.play(ClipPlayer.java:220)
	at org.triplea.sound.DefaultSoundChannel.playSoundForAll(DefaultSoundChannel.java:22)
	at jdk.internal.reflect.GeneratedMethodAccessor55.invoke(Unknown Source)
	at java.base/jdk.internal.reflect.DelegatingMethodAccessorImpl.invoke(DelegatingMethodAccessorImpl.java:43)
	at java.base/java.lang.reflect.Method.invoke(Method.java:569)
	at games.strategy.engine.message.unifiedmessenger.EndPoint.invokeSingle(EndPoint.java:137)
	at games.strategy.engine.message.unifiedmessenger.EndPoint.lambda$invokeMultiple$0(EndPoint.java:121)
	at java.base/java.util.stream.ReferencePipeline$3$1.accept(ReferencePipeline.java:197)
	at java.base/java.util.Spliterators$ArraySpliterator.forEachRemaining(Spliterators.java:992)
	at java.base/java.util.stream.AbstractPipeline.copyInto(AbstractPipeline.java:509)
	at java.base/java.util.stream.AbstractPipeline.wrapAndCopyInto(AbstractPipeline.java:499)
	at java.base/java.util.stream.ReduceOps$ReduceOp.evaluateSequential(ReduceOps.java:921)
	at java.base/java.util.stream.AbstractPipeline.evaluate(AbstractPipeline.java:234)
	at java.base/java.util.stream.ReferencePipeline.collect(ReferencePipeline.java:682)
	at games.strategy.engine.message.unifiedmessenger.EndPoint.invokeMultiple(EndPoint.java:122)
	at games.strategy.engine.message.unifiedmessenger.EndPoint.invokeLocal(EndPoint.java:112)
	at games.strategy.engine.message.unifiedmessenger.UnifiedMessenger.invoke(UnifiedMessenger.java:153)
	at games.strategy.engine.message.UnifiedInvocationHandler.invoke(UnifiedInvocationHandler.java:47)
	at jdk.proxy2/jdk.proxy2.$Proxy25.playSoundForAll(Unknown Source)
	at jdk.internal.reflect.GeneratedMethodAccessor54.invoke(Unknown Source)
	at java.base/jdk.internal.reflect.DelegatingMethodAccessorImpl.invoke(DelegatingMethodAccessorImpl.java:43)
	at java.base/java.lang.reflect.Method.invoke(Method.java:569)
	at games.strategy.engine.delegate.DelegateExecutionManager.lambda$newOutboundImplementation$1(DelegateExecutionManager.java:79)
	at jdk.proxy2/jdk.proxy2.$Proxy25.playSoundForAll(Unknown Source)
	at games.strategy.triplea.delegate.battle.BattleTracker.takeOver(BattleTracker.java:794)
	at games.strategy.triplea.delegate.battle.BattleTracker.addEmptyBattle(BattleTracker.java:523)
	at games.strategy.triplea.delegate.battle.BattleTracker.addBattle(BattleTracker.java:345)
	at games.strategy.triplea.delegate.battle.BattleTracker.addBattle(BattleTracker.java:293)
	at games.strategy.triplea.delegate.MovePerformer$3.execute(MovePerformer.java:267)
	at games.strategy.triplea.delegate.ExecutionStack.execute(ExecutionStack.java:34)
	at games.strategy.triplea.delegate.MovePerformer.populateStack(MovePerformer.java:324)
	at games.strategy.triplea.delegate.MovePerformer.moveUnits(MovePerformer.java:81)
	at games.strategy.triplea.delegate.MoveDelegate.performMove(MoveDelegate.java:675)
	at jdk.internal.reflect.GeneratedMethodAccessor45.invoke(Unknown Source)
	at java.base/jdk.internal.reflect.DelegatingMethodAccessorImpl.invoke(DelegatingMethodAccessorImpl.java:43)
	at java.base/java.lang.reflect.Method.invoke(Method.java:569)
	at games.strategy.engine.delegate.DelegateExecutionManager$1.invoke(DelegateExecutionManager.java:120)
	at jdk.proxy2/jdk.proxy2.$Proxy14.performMove(Unknown Source)
	at jdk.internal.reflect.GeneratedMethodAccessor56.invoke(Unknown Source)
	at java.base/jdk.internal.reflect.DelegatingMethodAccessorImpl.invoke(DelegatingMethodAccessorImpl.java:43)
	at java.base/java.lang.reflect.Method.invoke(Method.java:569)
	at games.strategy.engine.message.unifiedmessenger.EndPoint.invokeSingle(EndPoint.java:137)
	at games.strategy.engine.message.unifiedmessenger.EndPoint.lambda$invokeMultiple$0(EndPoint.java:121)
	at java.base/java.util.stream.ReferencePipeline$3$1.accept(ReferencePipeline.java:197)
	at java.base/java.util.Spliterators$ArraySpliterator.forEachRemaining(Spliterators.java:992)
	at java.base/java.util.stream.AbstractPipeline.copyInto(AbstractPipeline.java:509)
	at java.base/java.util.stream.AbstractPipeline.wrapAndCopyInto(AbstractPipeline.java:499)
	at java.base/java.util.stream.ReduceOps$ReduceOp.evaluateSequential(ReduceOps.java:921)
	at java.base/java.util.stream.AbstractPipeline.evaluate(AbstractPipeline.java:234)
	at java.base/java.util.stream.ReferencePipeline.collect(ReferencePipeline.java:682)
	at games.strategy.engine.message.unifiedmessenger.EndPoint.invokeMultiple(EndPoint.java:122)
	at games.strategy.engine.message.unifiedmessenger.EndPoint.invokeLocal(EndPoint.java:112)
	at games.strategy.engine.message.unifiedmessenger.UnifiedMessenger.invokeAndWait(UnifiedMessenger.java:97)
	at games.strategy.engine.message.UnifiedInvocationHandler.invoke(UnifiedInvocationHandler.java:55)
	at jdk.proxy2/jdk.proxy2.$Proxy14.performMove(Unknown Source)
	at jdk.internal.reflect.GeneratedMethodAccessor45.invoke(Unknown Source)
	at java.base/jdk.internal.reflect.DelegatingMethodAccessorImpl.invoke(DelegatingMethodAccessorImpl.java:43)
	at java.base/java.lang.reflect.Method.invoke(Method.java:569)
	at games.strategy.engine.player.PlayerBridge$GameOverInvocationHandler.invoke(PlayerBridge.java:151)
	at jdk.proxy2/jdk.proxy2.$Proxy14.performMove(Unknown Source)
	at games.strategy.triplea.ai.weak.WeakAi.doMove(WeakAi.java:237)
	at games.strategy.triplea.ai.weak.WeakAi.doCombatMove(WeakAi.java:152)
	at games.strategy.triplea.ai.weak.WeakAi.move(WeakAi.java:124)
	at games.strategy.triplea.ai.AbstractAi.start(AbstractAi.java:521)
	at games.strategy.engine.framework.ServerGame.waitForPlayerToFinishStep(ServerGame.java:648)
	at games.strategy.engine.framework.ServerGame.runStep(ServerGame.java:478)
	at games.strategy.engine.framework.ServerGame.runNextStep(ServerGame.java:365)
	at games.strategy.engine.framework.ServerGame.startGame(ServerGame.java:333)
	at games.strategy.engine.framework.startup.launcher.LocalLauncher.launchInternal(LocalLauncher.java:92)
	at games.strategy.engine.framework.startup.launcher.LocalLauncher.lambda$launch$0(LocalLauncher.java:60)
	at java.base/java.lang.Thread.run(Thread.java:840)
270340 18:22:52.031 [Thread-8] INFO  org.triplea.sound.ClipPlayer - Unable to create audio device, is there audio on the system? Cannot create AudioDevice
javazoom.jl.decoder.JavaLayerException: Cannot create AudioDevice
	at javazoom.jl.player.FactoryRegistry.createAudioDevice(FactoryRegistry.java:97)
	at org.triplea.sound.ClipPlayer.hasAudio(ClipPlayer.java:144)
	at org.triplea.sound.ClipPlayer.isSoundEnabled(ClipPlayer.java:251)
	at org.triplea.sound.ClipPlayer.play(ClipPlayer.java:220)
	at org.triplea.sound.DefaultSoundChannel.playSoundForAll(DefaultSoundChannel.java:22)
	at jdk.internal.reflect.GeneratedMethodAccessor55.invoke(Unknown Source)
	at java.base/jdk.internal.reflect.DelegatingMethodAccessorImpl.invoke(DelegatingMethodAccessorImpl.java:43)
	at java.base/java.lang.reflect.Method.invoke(Method.java:569)
	at games.strategy.engine.message.unifiedmessenger.EndPoint.invokeSingle(EndPoint.java:137)
	at games.strategy.engine.message.unifiedmessenger.EndPoint.lambda$invokeMultiple$0(EndPoint.java:121)
	at java.base/java.util.stream.ReferencePipeline$3$1.accept(ReferencePipeline.java:197)
	at java.base/java.util.Spliterators$ArraySpliterator.forEachRemaining(Spliterators.java:992)
	at java.base/java.util.stream.AbstractPipeline.copyInto(AbstractPipeline.java:509)
	at java.base/java.util.stream.AbstractPipeline.wrapAndCopyInto(AbstractPipeline.java:499)
	at java.base/java.util.stream.ReduceOps$ReduceOp.evaluateSequential(ReduceOps.java:921)
	at java.base/java.util.stream.AbstractPipeline.evaluate(AbstractPipeline.java:234)
	at java.base/java.util.stream.ReferencePipeline.collect(ReferencePipeline.java:682)
	at games.strategy.engine.message.unifiedmessenger.EndPoint.invokeMultiple(EndPoint.java:122)
	at games.strategy.engine.message.unifiedmessenger.EndPoint.invokeLocal(EndPoint.java:112)
	at games.strategy.engine.message.unifiedmessenger.UnifiedMessenger.invoke(UnifiedMessenger.java:153)
	at games.strategy.engine.message.UnifiedInvocationHandler.invoke(UnifiedInvocationHandler.java:47)
	at jdk.proxy2/jdk.proxy2.$Proxy25.playSoundForAll(Unknown Source)
	at jdk.internal.reflect.GeneratedMethodAccessor54.invoke(Unknown Source)
	at java.base/jdk.internal.reflect.DelegatingMethodAccessorImpl.invoke(DelegatingMethodAccessorImpl.java:43)
	at java.base/java.lang.reflect.Method.invoke(Method.java:569)
	at games.strategy.engine.delegate.DelegateExecutionManager.lambda$newOutboundImplementation$1(DelegateExecutionManager.java:79)
	at jdk.proxy2/jdk.proxy2.$Proxy25.playSoundForAll(Unknown Source)
	at games.strategy.triplea.delegate.AbstractPlaceDelegate.placeUnits(AbstractPlaceDelegate.java:302)
	at games.strategy.triplea.delegate.AbstractPlaceDelegate.placeUnits(AbstractPlaceDelegate.java:201)
	at jdk.internal.reflect.GeneratedMethodAccessor42.invoke(Unknown Source)
	at java.base/jdk.internal.reflect.DelegatingMethodAccessorImpl.invoke(DelegatingMethodAccessorImpl.java:43)
	at java.base/java.lang.reflect.Method.invoke(Method.java:569)
	at games.strategy.engine.delegate.DelegateExecutionManager$1.invoke(DelegateExecutionManager.java:120)
	at jdk.proxy2/jdk.proxy2.$Proxy16.placeUnits(Unknown Source)
	at jdk.internal.reflect.GeneratedMethodAccessor61.invoke(Unknown Source)
	at java.base/jdk.internal.reflect.DelegatingMethodAccessorImpl.invoke(DelegatingMethodAccessorImpl.java:43)
	at java.base/java.lang.reflect.Method.invoke(Method.java:569)
	at games.strategy.engine.message.unifiedmessenger.EndPoint.invokeSingle(EndPoint.java:137)
	at games.strategy.engine.message.unifiedmessenger.EndPoint.lambda$invokeMultiple$0(EndPoint.java:121)
	at java.base/java.util.stream.ReferencePipeline$3$1.accept(ReferencePipeline.java:197)
	at java.base/java.util.Spliterators$ArraySpliterator.forEachRemaining(Spliterators.java:992)
	at java.base/java.util.stream.AbstractPipeline.copyInto(AbstractPipeline.java:509)
	at java.base/java.util.stream.AbstractPipeline.wrapAndCopyInto(AbstractPipeline.java:499)
	at java.base/java.util.stream.ReduceOps$ReduceOp.evaluateSequential(ReduceOps.java:921)
	at java.base/java.util.stream.AbstractPipeline.evaluate(AbstractPipeline.java:234)
	at java.base/java.util.stream.ReferencePipeline.collect(ReferencePipeline.java:682)
	at games.strategy.engine.message.unifiedmessenger.EndPoint.invokeMultiple(EndPoint.java:122)
	at games.strategy.engine.message.unifiedmessenger.EndPoint.invokeLocal(EndPoint.java:112)
	at games.strategy.engine.message.unifiedmessenger.UnifiedMessenger.invokeAndWait(UnifiedMessenger.java:97)
	at games.strategy.engine.message.UnifiedInvocationHandler.invoke(UnifiedInvocationHandler.java:55)
	at jdk.proxy2/jdk.proxy2.$Proxy16.placeUnits(Unknown Source)
	at jdk.internal.reflect.GeneratedMethodAccessor42.invoke(Unknown Source)
	at java.base/jdk.internal.reflect.DelegatingMethodAccessorImpl.invoke(DelegatingMethodAccessorImpl.java:43)
	at java.base/java.lang.reflect.Method.invoke(Method.java:569)
	at games.strategy.engine.player.PlayerBridge$GameOverInvocationHandler.invoke(PlayerBridge.java:151)
	at jdk.proxy2/jdk.proxy2.$Proxy16.placeUnits(Unknown Source)
	at games.strategy.triplea.ai.weak.WeakAi.doPlace(WeakAi.java:1110)
	at games.strategy.triplea.ai.weak.WeakAi.placeAllWeCanOn(WeakAi.java:1104)
	at games.strategy.triplea.ai.weak.WeakAi.lambda$place$15(WeakAi.java:1054)
	at java.base/java.util.Optional.ifPresent(Optional.java:178)
	at games.strategy.triplea.ai.weak.WeakAi.place(WeakAi.java:1054)
	at games.strategy.triplea.ai.AbstractAi.start(AbstractAi.java:531)
	at games.strategy.engine.framework.ServerGame.waitForPlayerToFinishStep(ServerGame.java:648)
	at games.strategy.engine.framework.ServerGame.runStep(ServerGame.java:478)
	at games.strategy.engine.framework.ServerGame.runNextStep(ServerGame.java:365)
	at games.strategy.engine.framework.ServerGame.startGame(ServerGame.java:333)
	at games.strategy.engine.framework.startup.launcher.LocalLauncher.launchInternal(LocalLauncher.java:92)
	at games.strategy.engine.framework.startup.launcher.LocalLauncher.lambda$launch$0(LocalLauncher.java:60)
	at java.base/java.lang.Thread.run(Thread.java:840)
273488 18:22:55.179 [Thread-8] INFO  org.triplea.sound.ClipPlayer - Unable to create audio device, is there audio on the system? Cannot create AudioDevice
javazoom.jl.decoder.JavaLayerException: Cannot create AudioDevice
	at javazoom.jl.player.FactoryRegistry.createAudioDevice(FactoryRegistry.java:97)
	at org.triplea.sound.ClipPlayer.hasAudio(ClipPlayer.java:144)
	at org.triplea.sound.ClipPlayer.isSoundEnabled(ClipPlayer.java:251)
	at org.triplea.sound.ClipPlayer.play(ClipPlayer.java:220)
	at org.triplea.sound.DefaultSoundChannel.playSoundForAll(DefaultSoundChannel.java:22)
	at jdk.internal.reflect.GeneratedMethodAccessor55.invoke(Unknown Source)
	at java.base/jdk.internal.reflect.DelegatingMethodAccessorImpl.invoke(DelegatingMethodAccessorImpl.java:43)
	at java.base/java.lang.reflect.Method.invoke(Method.java:569)
	at games.strategy.engine.message.unifiedmessenger.EndPoint.invokeSingle(EndPoint.java:137)
	at games.strategy.engine.message.unifiedmessenger.EndPoint.lambda$invokeMultiple$0(EndPoint.java:121)
	at java.base/java.util.stream.ReferencePipeline$3$1.accept(ReferencePipeline.java:197)
	at java.base/java.util.Spliterators$ArraySpliterator.forEachRemaining(Spliterators.java:992)
	at java.base/java.util.stream.AbstractPipeline.copyInto(AbstractPipeline.java:509)
	at java.base/java.util.stream.AbstractPipeline.wrapAndCopyInto(AbstractPipeline.java:499)
	at java.base/java.util.stream.ReduceOps$ReduceOp.evaluateSequential(ReduceOps.java:921)
	at java.base/java.util.stream.AbstractPipeline.evaluate(AbstractPipeline.java:234)
	at java.base/java.util.stream.ReferencePipeline.collect(ReferencePipeline.java:682)
	at games.strategy.engine.message.unifiedmessenger.EndPoint.invokeMultiple(EndPoint.java:122)
	at games.strategy.engine.message.unifiedmessenger.EndPoint.invokeLocal(EndPoint.java:112)
	at games.strategy.engine.message.unifiedmessenger.UnifiedMessenger.invoke(UnifiedMessenger.java:153)
	at games.strategy.engine.message.UnifiedInvocationHandler.invoke(UnifiedInvocationHandler.java:47)
	at jdk.proxy2/jdk.proxy2.$Proxy25.playSoundForAll(Unknown Source)
	at jdk.internal.reflect.GeneratedMethodAccessor54.invoke(Unknown Source)
	at java.base/jdk.internal.reflect.DelegatingMethodAccessorImpl.invoke(DelegatingMethodAccessorImpl.java:43)
	at java.base/java.lang.reflect.Method.invoke(Method.java:569)
	at games.strategy.engine.delegate.DelegateExecutionManager.lambda$newOutboundImplementation$1(DelegateExecutionManager.java:79)
	at jdk.proxy2/jdk.proxy2.$Proxy25.playSoundForAll(Unknown Source)
	at games.strategy.triplea.delegate.AbstractPlaceDelegate.placeUnits(AbstractPlaceDelegate.java:302)
	at games.strategy.triplea.delegate.AbstractPlaceDelegate.placeUnits(AbstractPlaceDelegate.java:201)
	at jdk.internal.reflect.GeneratedMethodAccessor42.invoke(Unknown Source)
	at java.base/jdk.internal.reflect.DelegatingMethodAccessorImpl.invoke(DelegatingMethodAccessorImpl.java:43)
	at java.base/java.lang.reflect.Method.invoke(Method.java:569)
	at games.strategy.engine.delegate.DelegateExecutionManager$1.invoke(DelegateExecutionManager.java:120)
	at jdk.proxy2/jdk.proxy2.$Proxy16.placeUnits(Unknown Source)
	at jdk.internal.reflect.GeneratedMethodAccessor61.invoke(Unknown Source)
	at java.base/jdk.internal.reflect.DelegatingMethodAccessorImpl.invoke(DelegatingMethodAccessorImpl.java:43)
	at java.base/java.lang.reflect.Method.invoke(Method.java:569)
	at games.strategy.engine.message.unifiedmessenger.EndPoint.invokeSingle(EndPoint.java:137)
	at games.strategy.engine.message.unifiedmessenger.EndPoint.lambda$invokeMultiple$0(EndPoint.java:121)
	at java.base/java.util.stream.ReferencePipeline$3$1.accept(ReferencePipeline.java:197)
	at java.base/java.util.Spliterators$ArraySpliterator.forEachRemaining(Spliterators.java:992)
	at java.base/java.util.stream.AbstractPipeline.copyInto(AbstractPipeline.java:509)
	at java.base/java.util.stream.AbstractPipeline.wrapAndCopyInto(AbstractPipeline.java:499)
	at java.base/java.util.stream.ReduceOps$ReduceOp.evaluateSequential(ReduceOps.java:921)
	at java.base/java.util.stream.AbstractPipeline.evaluate(AbstractPipeline.java:234)
	at java.base/java.util.stream.ReferencePipeline.collect(ReferencePipeline.java:682)
	at games.strategy.engine.message.unifiedmessenger.EndPoint.invokeMultiple(EndPoint.java:122)
	at games.strategy.engine.message.unifiedmessenger.EndPoint.invokeLocal(EndPoint.java:112)
	at games.strategy.engine.message.unifiedmessenger.UnifiedMessenger.invokeAndWait(UnifiedMessenger.java:97)
	at games.strategy.engine.message.UnifiedInvocationHandler.invoke(UnifiedInvocationHandler.java:55)
	at jdk.proxy2/jdk.proxy2.$Proxy16.placeUnits(Unknown Source)
	at jdk.internal.reflect.GeneratedMethodAccessor42.invoke(Unknown Source)
	at java.base/jdk.internal.reflect.DelegatingMethodAccessorImpl.invoke(DelegatingMethodAccessorImpl.java:43)
	at java.base/java.lang.reflect.Method.invoke(Method.java:569)
	at games.strategy.engine.player.PlayerBridge$GameOverInvocationHandler.invoke(PlayerBridge.java:151)
	at jdk.proxy2/jdk.proxy2.$Proxy16.placeUnits(Unknown Source)
	at games.strategy.triplea.ai.weak.WeakAi.doPlace(WeakAi.java:1110)
	at games.strategy.triplea.ai.weak.WeakAi.placeAllWeCanOn(WeakAi.java:1104)
	at games.strategy.triplea.ai.weak.WeakAi.lambda$place$15(WeakAi.java:1054)
	at java.base/java.util.Optional.ifPresent(Optional.java:178)
	at games.strategy.triplea.ai.weak.WeakAi.place(WeakAi.java:1054)
	at games.strategy.triplea.ai.AbstractAi.start(AbstractAi.java:531)
	at games.strategy.engine.framework.ServerGame.waitForPlayerToFinishStep(ServerGame.java:648)
	at games.strategy.engine.framework.ServerGame.runStep(ServerGame.java:478)
	at games.strategy.engine.framework.ServerGame.runNextStep(ServerGame.java:365)
	at games.strategy.engine.framework.ServerGame.startGame(ServerGame.java:333)
	at games.strategy.engine.framework.startup.launcher.LocalLauncher.launchInternal(LocalLauncher.java:92)
	at games.strategy.engine.framework.startup.launcher.LocalLauncher.lambda$launch$0(LocalLauncher.java:60)
	at java.base/java.lang.Thread.run(Thread.java:840)
276994 18:22:58.685 [Thread-8] INFO  org.triplea.sound.ClipPlayer - Unable to create audio device, is there audio on the system? Cannot create AudioDevice
javazoom.jl.decoder.JavaLayerException: Cannot create AudioDevice
	at javazoom.jl.player.FactoryRegistry.createAudioDevice(FactoryRegistry.java:97)
	at org.triplea.sound.ClipPlayer.hasAudio(ClipPlayer.java:144)
	at org.triplea.sound.ClipPlayer.isSoundEnabled(ClipPlayer.java:251)
	at org.triplea.sound.ClipPlayer.play(ClipPlayer.java:220)
	at org.triplea.sound.DefaultSoundChannel.playSoundForAll(DefaultSoundChannel.java:22)
	at jdk.internal.reflect.GeneratedMethodAccessor55.invoke(Unknown Source)
	at java.base/jdk.internal.reflect.DelegatingMethodAccessorImpl.invoke(DelegatingMethodAccessorImpl.java:43)
	at java.base/java.lang.reflect.Method.invoke(Method.java:569)
	at games.strategy.engine.message.unifiedmessenger.EndPoint.invokeSingle(EndPoint.java:137)
	at games.strategy.engine.message.unifiedmessenger.EndPoint.lambda$invokeMultiple$0(EndPoint.java:121)
	at java.base/java.util.stream.ReferencePipeline$3$1.accept(ReferencePipeline.java:197)
	at java.base/java.util.Spliterators$ArraySpliterator.forEachRemaining(Spliterators.java:992)
	at java.base/java.util.stream.AbstractPipeline.copyInto(AbstractPipeline.java:509)
	at java.base/java.util.stream.AbstractPipeline.wrapAndCopyInto(AbstractPipeline.java:499)
	at java.base/java.util.stream.ReduceOps$ReduceOp.evaluateSequential(ReduceOps.java:921)
	at java.base/java.util.stream.AbstractPipeline.evaluate(AbstractPipeline.java:234)
	at java.base/java.util.stream.ReferencePipeline.collect(ReferencePipeline.java:682)
	at games.strategy.engine.message.unifiedmessenger.EndPoint.invokeMultiple(EndPoint.java:122)
	at games.strategy.engine.message.unifiedmessenger.EndPoint.invokeLocal(EndPoint.java:112)
	at games.strategy.engine.message.unifiedmessenger.UnifiedMessenger.invoke(UnifiedMessenger.java:153)
	at games.strategy.engine.message.UnifiedInvocationHandler.invoke(UnifiedInvocationHandler.java:47)
	at jdk.proxy2/jdk.proxy2.$Proxy25.playSoundForAll(Unknown Source)
	at jdk.internal.reflect.GeneratedMethodAccessor54.invoke(Unknown Source)
	at java.base/jdk.internal.reflect.DelegatingMethodAccessorImpl.invoke(DelegatingMethodAccessorImpl.java:43)
	at java.base/java.lang.reflect.Method.invoke(Method.java:569)
	at games.strategy.engine.delegate.DelegateExecutionManager.lambda$newOutboundImplementation$1(DelegateExecutionManager.java:79)
	at jdk.proxy2/jdk.proxy2.$Proxy25.playSoundForAll(Unknown Source)
	at org.triplea.sound.SoundUtils.playBattleType(SoundUtils.java:42)
	at games.strategy.triplea.delegate.battle.MustFightBattle.fight(MustFightBattle.java:686)
	at games.strategy.triplea.delegate.battle.BattleTracker.fightBattleIfOnlyOne(BattleTracker.java:1300)
	at games.strategy.triplea.delegate.battle.BattleDelegate.start(BattleDelegate.java:125)
	at games.strategy.engine.framework.ServerGame.startStep(ServerGame.java:611)
	at games.strategy.engine.framework.ServerGame.runStep(ServerGame.java:471)
	at games.strategy.engine.framework.ServerGame.runNextStep(ServerGame.java:365)
	at games.strategy.engine.framework.ServerGame.startGame(ServerGame.java:333)
	at games.strategy.engine.framework.startup.launcher.LocalLauncher.launchInternal(LocalLauncher.java:92)
	at games.strategy.engine.framework.startup.launcher.LocalLauncher.lambda$launch$0(LocalLauncher.java:60)
	at java.base/java.lang.Thread.run(Thread.java:840)
281440 18:23:03.131 [Thread-8] INFO  org.triplea.sound.ClipPlayer - Unable to create audio device, is there audio on the system? Cannot create AudioDevice
javazoom.jl.decoder.JavaLayerException: Cannot create AudioDevice
	at javazoom.jl.player.FactoryRegistry.createAudioDevice(FactoryRegistry.java:97)
	at org.triplea.sound.ClipPlayer.hasAudio(ClipPlayer.java:144)
	at org.triplea.sound.ClipPlayer.isSoundEnabled(ClipPlayer.java:251)
	at org.triplea.sound.ClipPlayer.play(ClipPlayer.java:220)
	at org.triplea.sound.DefaultSoundChannel.playSoundForAll(DefaultSoundChannel.java:22)
	at jdk.internal.reflect.GeneratedMethodAccessor55.invoke(Unknown Source)
	at java.base/jdk.internal.reflect.DelegatingMethodAccessorImpl.invoke(DelegatingMethodAccessorImpl.java:43)
	at java.base/java.lang.reflect.Method.invoke(Method.java:569)
	at games.strategy.engine.message.unifiedmessenger.EndPoint.invokeSingle(EndPoint.java:137)
	at games.strategy.engine.message.unifiedmessenger.EndPoint.lambda$invokeMultiple$0(EndPoint.java:121)
	at java.base/java.util.stream.ReferencePipeline$3$1.accept(ReferencePipeline.java:197)
	at java.base/java.util.Spliterators$ArraySpliterator.forEachRemaining(Spliterators.java:992)
	at java.base/java.util.stream.AbstractPipeline.copyInto(AbstractPipeline.java:509)
	at java.base/java.util.stream.AbstractPipeline.wrapAndCopyInto(AbstractPipeline.java:499)
	at java.base/java.util.stream.ReduceOps$ReduceOp.evaluateSequential(ReduceOps.java:921)
	at java.base/java.util.stream.AbstractPipeline.evaluate(AbstractPipeline.java:234)
	at java.base/java.util.stream.ReferencePipeline.collect(ReferencePipeline.java:682)
	at games.strategy.engine.message.unifiedmessenger.EndPoint.invokeMultiple(EndPoint.java:122)
	at games.strategy.engine.message.unifiedmessenger.EndPoint.invokeLocal(EndPoint.java:112)
	at games.strategy.engine.message.unifiedmessenger.UnifiedMessenger.invoke(UnifiedMessenger.java:153)
	at games.strategy.engine.message.UnifiedInvocationHandler.invoke(UnifiedInvocationHandler.java:47)
	at jdk.proxy2/jdk.proxy2.$Proxy25.playSoundForAll(Unknown Source)
	at jdk.internal.reflect.GeneratedMethodAccessor54.invoke(Unknown Source)
	at java.base/jdk.internal.reflect.DelegatingMethodAccessorImpl.invoke(DelegatingMethodAccessorImpl.java:43)
	at java.base/java.lang.reflect.Method.invoke(Method.java:569)
	at games.strategy.engine.delegate.DelegateExecutionManager.lambda$newOutboundImplementation$1(DelegateExecutionManager.java:79)
	at jdk.proxy2/jdk.proxy2.$Proxy25.playSoundForAll(Unknown Source)
	at games.strategy.triplea.delegate.battle.BattleTracker.takeOver(BattleTracker.java:794)
	at games.strategy.triplea.delegate.battle.MustFightBattle.attackerWins(MustFightBattle.java:1430)
	at games.strategy.triplea.delegate.battle.MustFightBattle.endBattle(MustFightBattle.java:462)
	at games.strategy.triplea.delegate.battle.steps.change.CheckGeneralBattleEnd.execute(CheckGeneralBattleEnd.java:64)
	at games.strategy.triplea.delegate.ExecutionStack.execute(ExecutionStack.java:34)
	at games.strategy.triplea.delegate.battle.MustFightBattle.fight(MustFightBattle.java:690)
	at games.strategy.triplea.delegate.battle.BattleTracker.fightBattleIfOnlyOne(BattleTracker.java:1300)
	at games.strategy.triplea.delegate.battle.BattleDelegate.start(BattleDelegate.java:125)
	at games.strategy.engine.framework.ServerGame.startStep(ServerGame.java:611)
	at games.strategy.engine.framework.ServerGame.runStep(ServerGame.java:471)
	at games.strategy.engine.framework.ServerGame.runNextStep(ServerGame.java:365)
	at games.strategy.engine.framework.ServerGame.startGame(ServerGame.java:333)
	at games.strategy.engine.framework.startup.launcher.LocalLauncher.launchInternal(LocalLauncher.java:92)
	at games.strategy.engine.framework.startup.launcher.LocalLauncher.lambda$launch$0(LocalLauncher.java:60)
	at java.base/java.lang.Thread.run(Thread.java:840)
283032 18:23:04.723 [Thread-8] INFO  org.triplea.sound.ClipPlayer - Unable to create audio device, is there audio on the system? Cannot create AudioDevice
javazoom.jl.decoder.JavaLayerException: Cannot create AudioDevice
	at javazoom.jl.player.FactoryRegistry.createAudioDevice(FactoryRegistry.java:97)
	at org.triplea.sound.ClipPlayer.hasAudio(ClipPlayer.java:144)
	at org.triplea.sound.ClipPlayer.isSoundEnabled(ClipPlayer.java:251)
	at org.triplea.sound.ClipPlayer.play(ClipPlayer.java:220)
	at org.triplea.sound.DefaultSoundChannel.playSoundForAll(DefaultSoundChannel.java:22)
	at jdk.internal.reflect.GeneratedMethodAccessor55.invoke(Unknown Source)
	at java.base/jdk.internal.reflect.DelegatingMethodAccessorImpl.invoke(DelegatingMethodAccessorImpl.java:43)
	at java.base/java.lang.reflect.Method.invoke(Method.java:569)
	at games.strategy.engine.message.unifiedmessenger.EndPoint.invokeSingle(EndPoint.java:137)
	at games.strategy.engine.message.unifiedmessenger.EndPoint.lambda$invokeMultiple$0(EndPoint.java:121)
	at java.base/java.util.stream.ReferencePipeline$3$1.accept(ReferencePipeline.java:197)
	at java.base/java.util.Spliterators$ArraySpliterator.forEachRemaining(Spliterators.java:992)
	at java.base/java.util.stream.AbstractPipeline.copyInto(AbstractPipeline.java:509)
	at java.base/java.util.stream.AbstractPipeline.wrapAndCopyInto(AbstractPipeline.java:499)
	at java.base/java.util.stream.ReduceOps$ReduceOp.evaluateSequential(ReduceOps.java:921)
	at java.base/java.util.stream.AbstractPipeline.evaluate(AbstractPipeline.java:234)
	at java.base/java.util.stream.ReferencePipeline.collect(ReferencePipeline.java:682)
	at games.strategy.engine.message.unifiedmessenger.EndPoint.invokeMultiple(EndPoint.java:122)
	at games.strategy.engine.message.unifiedmessenger.EndPoint.invokeLocal(EndPoint.java:112)
	at games.strategy.engine.message.unifiedmessenger.UnifiedMessenger.invoke(UnifiedMessenger.java:153)
	at games.strategy.engine.message.UnifiedInvocationHandler.invoke(UnifiedInvocationHandler.java:47)
	at jdk.proxy2/jdk.proxy2.$Proxy25.playSoundForAll(Unknown Source)
	at jdk.internal.reflect.GeneratedMethodAccessor54.invoke(Unknown Source)
	at java.base/jdk.internal.reflect.DelegatingMethodAccessorImpl.invoke(DelegatingMethodAccessorImpl.java:43)
	at java.base/java.lang.reflect.Method.invoke(Method.java:569)
	at games.strategy.engine.delegate.DelegateExecutionManager.lambda$newOutboundImplementation$1(DelegateExecutionManager.java:79)
	at jdk.proxy2/jdk.proxy2.$Proxy25.playSoundForAll(Unknown Source)
	at games.strategy.triplea.delegate.AbstractPlaceDelegate.placeUnits(AbstractPlaceDelegate.java:302)
	at games.strategy.triplea.delegate.AbstractPlaceDelegate.placeUnits(AbstractPlaceDelegate.java:201)
	at jdk.internal.reflect.GeneratedMethodAccessor42.invoke(Unknown Source)
	at java.base/jdk.internal.reflect.DelegatingMethodAccessorImpl.invoke(DelegatingMethodAccessorImpl.java:43)
	at java.base/java.lang.reflect.Method.invoke(Method.java:569)
	at games.strategy.engine.delegate.DelegateExecutionManager$1.invoke(DelegateExecutionManager.java:120)
	at jdk.proxy2/jdk.proxy2.$Proxy16.placeUnits(Unknown Source)
	at jdk.internal.reflect.GeneratedMethodAccessor61.invoke(Unknown Source)
	at java.base/jdk.internal.reflect.DelegatingMethodAccessorImpl.invoke(DelegatingMethodAccessorImpl.java:43)
	at java.base/java.lang.reflect.Method.invoke(Method.java:569)
	at games.strategy.engine.message.unifiedmessenger.EndPoint.invokeSingle(EndPoint.java:137)
	at games.strategy.engine.message.unifiedmessenger.EndPoint.lambda$invokeMultiple$0(EndPoint.java:121)
	at java.base/java.util.stream.ReferencePipeline$3$1.accept(ReferencePipeline.java:197)
	at java.base/java.util.Spliterators$ArraySpliterator.forEachRemaining(Spliterators.java:992)
	at java.base/java.util.stream.AbstractPipeline.copyInto(AbstractPipeline.java:509)
	at java.base/java.util.stream.AbstractPipeline.wrapAndCopyInto(AbstractPipeline.java:499)
	at java.base/java.util.stream.ReduceOps$ReduceOp.evaluateSequential(ReduceOps.java:921)
	at java.base/java.util.stream.AbstractPipeline.evaluate(AbstractPipeline.java:234)
	at java.base/java.util.stream.ReferencePipeline.collect(ReferencePipeline.java:682)
	at games.strategy.engine.message.unifiedmessenger.EndPoint.invokeMultiple(EndPoint.java:122)
	at games.strategy.engine.message.unifiedmessenger.EndPoint.invokeLocal(EndPoint.java:112)
	at games.strategy.engine.message.unifiedmessenger.UnifiedMessenger.invokeAndWait(UnifiedMessenger.java:97)
	at games.strategy.engine.message.UnifiedInvocationHandler.invoke(UnifiedInvocationHandler.java:55)
	at jdk.proxy2/jdk.proxy2.$Proxy16.placeUnits(Unknown Source)
	at jdk.internal.reflect.GeneratedMethodAccessor42.invoke(Unknown Source)
	at java.base/jdk.internal.reflect.DelegatingMethodAccessorImpl.invoke(DelegatingMethodAccessorImpl.java:43)
	at java.base/java.lang.reflect.Method.invoke(Method.java:569)
	at games.strategy.engine.player.PlayerBridge$GameOverInvocationHandler.invoke(PlayerBridge.java:151)
	at jdk.proxy2/jdk.proxy2.$Proxy16.placeUnits(Unknown Source)
	at games.strategy.triplea.ai.tripleMind.ProPurchaseAi.doPlace(ProPurchaseAi.java:2627)
	at games.strategy.triplea.ai.tripleMind.ProPurchaseAi.placeUnits(ProPurchaseAi.java:2545)
	at games.strategy.triplea.ai.tripleMind.ProPurchaseAi.place(ProPurchaseAi.java:562)
	at games.strategy.triplea.ai.tripleMind.AbstractTripleMindAi.place(AbstractTripleMindAi.java:380)
	at games.strategy.triplea.ai.AbstractAi.start(AbstractAi.java:531)
	at games.strategy.engine.framework.ServerGame.waitForPlayerToFinishStep(ServerGame.java:648)
	at games.strategy.engine.framework.ServerGame.runStep(ServerGame.java:478)
	at games.strategy.engine.framework.ServerGame.runNextStep(ServerGame.java:365)
	at games.strategy.engine.framework.ServerGame.startGame(ServerGame.java:333)
	at games.strategy.engine.framework.startup.launcher.LocalLauncher.launchInternal(LocalLauncher.java:92)
	at games.strategy.engine.framework.startup.launcher.LocalLauncher.lambda$launch$0(LocalLauncher.java:60)
	at java.base/java.lang.Thread.run(Thread.java:840)
283161 18:23:04.852 [Thread-8] INFO  org.triplea.sound.ClipPlayer - Unable to create audio device, is there audio on the system? Cannot create AudioDevice
javazoom.jl.decoder.JavaLayerException: Cannot create AudioDevice
	at javazoom.jl.player.FactoryRegistry.createAudioDevice(FactoryRegistry.java:97)
	at org.triplea.sound.ClipPlayer.hasAudio(ClipPlayer.java:144)
	at org.triplea.sound.ClipPlayer.isSoundEnabled(ClipPlayer.java:251)
	at org.triplea.sound.ClipPlayer.play(ClipPlayer.java:220)
	at org.triplea.sound.DefaultSoundChannel.playSoundForAll(DefaultSoundChannel.java:22)
	at jdk.internal.reflect.GeneratedMethodAccessor55.invoke(Unknown Source)
	at java.base/jdk.internal.reflect.DelegatingMethodAccessorImpl.invoke(DelegatingMethodAccessorImpl.java:43)
	at java.base/java.lang.reflect.Method.invoke(Method.java:569)
	at games.strategy.engine.message.unifiedmessenger.EndPoint.invokeSingle(EndPoint.java:137)
	at games.strategy.engine.message.unifiedmessenger.EndPoint.lambda$invokeMultiple$0(EndPoint.java:121)
	at java.base/java.util.stream.ReferencePipeline$3$1.accept(ReferencePipeline.java:197)
	at java.base/java.util.Spliterators$ArraySpliterator.forEachRemaining(Spliterators.java:992)
	at java.base/java.util.stream.AbstractPipeline.copyInto(AbstractPipeline.java:509)
	at java.base/java.util.stream.AbstractPipeline.wrapAndCopyInto(AbstractPipeline.java:499)
	at java.base/java.util.stream.ReduceOps$ReduceOp.evaluateSequential(ReduceOps.java:921)
	at java.base/java.util.stream.AbstractPipeline.evaluate(AbstractPipeline.java:234)
	at java.base/java.util.stream.ReferencePipeline.collect(ReferencePipeline.java:682)
	at games.strategy.engine.message.unifiedmessenger.EndPoint.invokeMultiple(EndPoint.java:122)
	at games.strategy.engine.message.unifiedmessenger.EndPoint.invokeLocal(EndPoint.java:112)
	at games.strategy.engine.message.unifiedmessenger.UnifiedMessenger.invoke(UnifiedMessenger.java:153)
	at games.strategy.engine.message.UnifiedInvocationHandler.invoke(UnifiedInvocationHandler.java:47)
	at jdk.proxy2/jdk.proxy2.$Proxy25.playSoundForAll(Unknown Source)
	at jdk.internal.reflect.GeneratedMethodAccessor54.invoke(Unknown Source)
	at java.base/jdk.internal.reflect.DelegatingMethodAccessorImpl.invoke(DelegatingMethodAccessorImpl.java:43)
	at java.base/java.lang.reflect.Method.invoke(Method.java:569)
	at games.strategy.engine.delegate.DelegateExecutionManager.lambda$newOutboundImplementation$1(DelegateExecutionManager.java:79)
	at jdk.proxy2/jdk.proxy2.$Proxy25.playSoundForAll(Unknown Source)
	at games.strategy.triplea.delegate.AbstractPlaceDelegate.placeUnits(AbstractPlaceDelegate.java:302)
	at games.strategy.triplea.delegate.AbstractPlaceDelegate.placeUnits(AbstractPlaceDelegate.java:201)
	at jdk.internal.reflect.GeneratedMethodAccessor42.invoke(Unknown Source)
	at java.base/jdk.internal.reflect.DelegatingMethodAccessorImpl.invoke(DelegatingMethodAccessorImpl.java:43)
	at java.base/java.lang.reflect.Method.invoke(Method.java:569)
	at games.strategy.engine.delegate.DelegateExecutionManager$1.invoke(DelegateExecutionManager.java:120)
	at jdk.proxy2/jdk.proxy2.$Proxy16.placeUnits(Unknown Source)
	at jdk.internal.reflect.GeneratedMethodAccessor61.invoke(Unknown Source)
	at java.base/jdk.internal.reflect.DelegatingMethodAccessorImpl.invoke(DelegatingMethodAccessorImpl.java:43)
	at java.base/java.lang.reflect.Method.invoke(Method.java:569)
	at games.strategy.engine.message.unifiedmessenger.EndPoint.invokeSingle(EndPoint.java:137)
	at games.strategy.engine.message.unifiedmessenger.EndPoint.lambda$invokeMultiple$0(EndPoint.java:121)
	at java.base/java.util.stream.ReferencePipeline$3$1.accept(ReferencePipeline.java:197)
	at java.base/java.util.Spliterators$ArraySpliterator.forEachRemaining(Spliterators.java:992)
	at java.base/java.util.stream.AbstractPipeline.copyInto(AbstractPipeline.java:509)
	at java.base/java.util.stream.AbstractPipeline.wrapAndCopyInto(AbstractPipeline.java:499)
	at java.base/java.util.stream.ReduceOps$ReduceOp.evaluateSequential(ReduceOps.java:921)
	at java.base/java.util.stream.AbstractPipeline.evaluate(AbstractPipeline.java:234)
	at java.base/java.util.stream.ReferencePipeline.collect(ReferencePipeline.java:682)
	at games.strategy.engine.message.unifiedmessenger.EndPoint.invokeMultiple(EndPoint.java:122)
	at games.strategy.engine.message.unifiedmessenger.EndPoint.invokeLocal(EndPoint.java:112)
	at games.strategy.engine.message.unifiedmessenger.UnifiedMessenger.invokeAndWait(UnifiedMessenger.java:97)
	at games.strategy.engine.message.UnifiedInvocationHandler.invoke(UnifiedInvocationHandler.java:55)
	at jdk.proxy2/jdk.proxy2.$Proxy16.placeUnits(Unknown Source)
	at jdk.internal.reflect.GeneratedMethodAccessor42.invoke(Unknown Source)
	at java.base/jdk.internal.reflect.DelegatingMethodAccessorImpl.invoke(DelegatingMethodAccessorImpl.java:43)
	at java.base/java.lang.reflect.Method.invoke(Method.java:569)
	at games.strategy.engine.player.PlayerBridge$GameOverInvocationHandler.invoke(PlayerBridge.java:151)
	at jdk.proxy2/jdk.proxy2.$Proxy16.placeUnits(Unknown Source)
	at games.strategy.triplea.ai.tripleMind.ProPurchaseAi.doPlace(ProPurchaseAi.java:2627)
	at games.strategy.triplea.ai.tripleMind.ProPurchaseAi.placeUnits(ProPurchaseAi.java:2545)
	at games.strategy.triplea.ai.tripleMind.ProPurchaseAi.place(ProPurchaseAi.java:562)
	at games.strategy.triplea.ai.tripleMind.AbstractTripleMindAi.place(AbstractTripleMindAi.java:380)
	at games.strategy.triplea.ai.AbstractAi.start(AbstractAi.java:531)
	at games.strategy.engine.framework.ServerGame.waitForPlayerToFinishStep(ServerGame.java:648)
	at games.strategy.engine.framework.ServerGame.runStep(ServerGame.java:478)
	at games.strategy.engine.framework.ServerGame.runNextStep(ServerGame.java:365)
	at games.strategy.engine.framework.ServerGame.startGame(ServerGame.java:333)
	at games.strategy.engine.framework.startup.launcher.LocalLauncher.launchInternal(LocalLauncher.java:92)
	at games.strategy.engine.framework.startup.launcher.LocalLauncher.lambda$launch$0(LocalLauncher.java:60)
	at java.base/java.lang.Thread.run(Thread.java:840)
283291 18:23:04.982 [Thread-8] INFO  org.triplea.sound.ClipPlayer - Unable to create audio device, is there audio on the system? Cannot create AudioDevice
javazoom.jl.decoder.JavaLayerException: Cannot create AudioDevice
	at javazoom.jl.player.FactoryRegistry.createAudioDevice(FactoryRegistry.java:97)
	at org.triplea.sound.ClipPlayer.hasAudio(ClipPlayer.java:144)
	at org.triplea.sound.ClipPlayer.isSoundEnabled(ClipPlayer.java:251)
	at org.triplea.sound.ClipPlayer.play(ClipPlayer.java:220)
	at org.triplea.sound.DefaultSoundChannel.playSoundForAll(DefaultSoundChannel.java:22)
	at jdk.internal.reflect.GeneratedMethodAccessor55.invoke(Unknown Source)
	at java.base/jdk.internal.reflect.DelegatingMethodAccessorImpl.invoke(DelegatingMethodAccessorImpl.java:43)
	at java.base/java.lang.reflect.Method.invoke(Method.java:569)
	at games.strategy.engine.message.unifiedmessenger.EndPoint.invokeSingle(EndPoint.java:137)
	at games.strategy.engine.message.unifiedmessenger.EndPoint.lambda$invokeMultiple$0(EndPoint.java:121)
	at java.base/java.util.stream.ReferencePipeline$3$1.accept(ReferencePipeline.java:197)
	at java.base/java.util.Spliterators$ArraySpliterator.forEachRemaining(Spliterators.java:992)
	at java.base/java.util.stream.AbstractPipeline.copyInto(AbstractPipeline.java:509)
	at java.base/java.util.stream.AbstractPipeline.wrapAndCopyInto(AbstractPipeline.java:499)
	at java.base/java.util.stream.ReduceOps$ReduceOp.evaluateSequential(ReduceOps.java:921)
	at java.base/java.util.stream.AbstractPipeline.evaluate(AbstractPipeline.java:234)
	at java.base/java.util.stream.ReferencePipeline.collect(ReferencePipeline.java:682)
	at games.strategy.engine.message.unifiedmessenger.EndPoint.invokeMultiple(EndPoint.java:122)
	at games.strategy.engine.message.unifiedmessenger.EndPoint.invokeLocal(EndPoint.java:112)
	at games.strategy.engine.message.unifiedmessenger.UnifiedMessenger.invoke(UnifiedMessenger.java:153)
	at games.strategy.engine.message.UnifiedInvocationHandler.invoke(UnifiedInvocationHandler.java:47)
	at jdk.proxy2/jdk.proxy2.$Proxy25.playSoundForAll(Unknown Source)
	at jdk.internal.reflect.GeneratedMethodAccessor54.invoke(Unknown Source)
	at java.base/jdk.internal.reflect.DelegatingMethodAccessorImpl.invoke(DelegatingMethodAccessorImpl.java:43)
	at java.base/java.lang.reflect.Method.invoke(Method.java:569)
	at games.strategy.engine.delegate.DelegateExecutionManager.lambda$newOutboundImplementation$1(DelegateExecutionManager.java:79)
	at jdk.proxy2/jdk.proxy2.$Proxy25.playSoundForAll(Unknown Source)
	at games.strategy.triplea.delegate.AbstractPlaceDelegate.placeUnits(AbstractPlaceDelegate.java:302)
	at games.strategy.triplea.delegate.AbstractPlaceDelegate.placeUnits(AbstractPlaceDelegate.java:201)
	at jdk.internal.reflect.GeneratedMethodAccessor42.invoke(Unknown Source)
	at java.base/jdk.internal.reflect.DelegatingMethodAccessorImpl.invoke(DelegatingMethodAccessorImpl.java:43)
	at java.base/java.lang.reflect.Method.invoke(Method.java:569)
	at games.strategy.engine.delegate.DelegateExecutionManager$1.invoke(DelegateExecutionManager.java:120)
	at jdk.proxy2/jdk.proxy2.$Proxy16.placeUnits(Unknown Source)
	at jdk.internal.reflect.GeneratedMethodAccessor61.invoke(Unknown Source)
	at java.base/jdk.internal.reflect.DelegatingMethodAccessorImpl.invoke(DelegatingMethodAccessorImpl.java:43)
	at java.base/java.lang.reflect.Method.invoke(Method.java:569)
	at games.strategy.engine.message.unifiedmessenger.EndPoint.invokeSingle(EndPoint.java:137)
	at games.strategy.engine.message.unifiedmessenger.EndPoint.lambda$invokeMultiple$0(EndPoint.java:121)
	at java.base/java.util.stream.ReferencePipeline$3$1.accept(ReferencePipeline.java:197)
	at java.base/java.util.Spliterators$ArraySpliterator.forEachRemaining(Spliterators.java:992)
	at java.base/java.util.stream.AbstractPipeline.copyInto(AbstractPipeline.java:509)
	at java.base/java.util.stream.AbstractPipeline.wrapAndCopyInto(AbstractPipeline.java:499)
	at java.base/java.util.stream.ReduceOps$ReduceOp.evaluateSequential(ReduceOps.java:921)
	at java.base/java.util.stream.AbstractPipeline.evaluate(AbstractPipeline.java:234)
	at java.base/java.util.stream.ReferencePipeline.collect(ReferencePipeline.java:682)
	at games.strategy.engine.message.unifiedmessenger.EndPoint.invokeMultiple(EndPoint.java:122)
	at games.strategy.engine.message.unifiedmessenger.EndPoint.invokeLocal(EndPoint.java:112)
	at games.strategy.engine.message.unifiedmessenger.UnifiedMessenger.invokeAndWait(UnifiedMessenger.java:97)
	at games.strategy.engine.message.UnifiedInvocationHandler.invoke(UnifiedInvocationHandler.java:55)
	at jdk.proxy2/jdk.proxy2.$Proxy16.placeUnits(Unknown Source)
	at jdk.internal.reflect.GeneratedMethodAccessor42.invoke(Unknown Source)
	at java.base/jdk.internal.reflect.DelegatingMethodAccessorImpl.invoke(DelegatingMethodAccessorImpl.java:43)
	at java.base/java.lang.reflect.Method.invoke(Method.java:569)
	at games.strategy.engine.player.PlayerBridge$GameOverInvocationHandler.invoke(PlayerBridge.java:151)
	at jdk.proxy2/jdk.proxy2.$Proxy16.placeUnits(Unknown Source)
	at games.strategy.triplea.ai.tripleMind.ProPurchaseAi.doPlace(ProPurchaseAi.java:2627)
	at games.strategy.triplea.ai.tripleMind.ProPurchaseAi.placeUnits(ProPurchaseAi.java:2545)
	at games.strategy.triplea.ai.tripleMind.ProPurchaseAi.place(ProPurchaseAi.java:562)
	at games.strategy.triplea.ai.tripleMind.AbstractTripleMindAi.place(AbstractTripleMindAi.java:380)
	at games.strategy.triplea.ai.AbstractAi.start(AbstractAi.java:531)
	at games.strategy.engine.framework.ServerGame.waitForPlayerToFinishStep(ServerGame.java:648)
	at games.strategy.engine.framework.ServerGame.runStep(ServerGame.java:478)
	at games.strategy.engine.framework.ServerGame.runNextStep(ServerGame.java:365)
	at games.strategy.engine.framework.ServerGame.startGame(ServerGame.java:333)
	at games.strategy.engine.framework.startup.launcher.LocalLauncher.launchInternal(LocalLauncher.java:92)
	at games.strategy.engine.framework.startup.launcher.LocalLauncher.lambda$launch$0(LocalLauncher.java:60)
	at java.base/java.lang.Thread.run(Thread.java:840)
283420 18:23:05.111 [Thread-8] INFO  org.triplea.sound.ClipPlayer - Unable to create audio device, is there audio on the system? Cannot create AudioDevice
javazoom.jl.decoder.JavaLayerException: Cannot create AudioDevice
	at javazoom.jl.player.FactoryRegistry.createAudioDevice(FactoryRegistry.java:97)
	at org.triplea.sound.ClipPlayer.hasAudio(ClipPlayer.java:144)
	at org.triplea.sound.ClipPlayer.isSoundEnabled(ClipPlayer.java:251)
	at org.triplea.sound.ClipPlayer.play(ClipPlayer.java:220)
	at org.triplea.sound.DefaultSoundChannel.playSoundForAll(DefaultSoundChannel.java:22)
	at jdk.internal.reflect.GeneratedMethodAccessor55.invoke(Unknown Source)
	at java.base/jdk.internal.reflect.DelegatingMethodAccessorImpl.invoke(DelegatingMethodAccessorImpl.java:43)
	at java.base/java.lang.reflect.Method.invoke(Method.java:569)
	at games.strategy.engine.message.unifiedmessenger.EndPoint.invokeSingle(EndPoint.java:137)
	at games.strategy.engine.message.unifiedmessenger.EndPoint.lambda$invokeMultiple$0(EndPoint.java:121)
	at java.base/java.util.stream.ReferencePipeline$3$1.accept(ReferencePipeline.java:197)
	at java.base/java.util.Spliterators$ArraySpliterator.forEachRemaining(Spliterators.java:992)
	at java.base/java.util.stream.AbstractPipeline.copyInto(AbstractPipeline.java:509)
	at java.base/java.util.stream.AbstractPipeline.wrapAndCopyInto(AbstractPipeline.java:499)
	at java.base/java.util.stream.ReduceOps$ReduceOp.evaluateSequential(ReduceOps.java:921)
	at java.base/java.util.stream.AbstractPipeline.evaluate(AbstractPipeline.java:234)
	at java.base/java.util.stream.ReferencePipeline.collect(ReferencePipeline.java:682)
	at games.strategy.engine.message.unifiedmessenger.EndPoint.invokeMultiple(EndPoint.java:122)
	at games.strategy.engine.message.unifiedmessenger.EndPoint.invokeLocal(EndPoint.java:112)
	at games.strategy.engine.message.unifiedmessenger.UnifiedMessenger.invoke(UnifiedMessenger.java:153)
	at games.strategy.engine.message.UnifiedInvocationHandler.invoke(UnifiedInvocationHandler.java:47)
	at jdk.proxy2/jdk.proxy2.$Proxy25.playSoundForAll(Unknown Source)
	at jdk.internal.reflect.GeneratedMethodAccessor54.invoke(Unknown Source)
	at java.base/jdk.internal.reflect.DelegatingMethodAccessorImpl.invoke(DelegatingMethodAccessorImpl.java:43)
	at java.base/java.lang.reflect.Method.invoke(Method.java:569)
	at games.strategy.engine.delegate.DelegateExecutionManager.lambda$newOutboundImplementation$1(DelegateExecutionManager.java:79)
	at jdk.proxy2/jdk.proxy2.$Proxy25.playSoundForAll(Unknown Source)
	at games.strategy.triplea.delegate.AbstractPlaceDelegate.placeUnits(AbstractPlaceDelegate.java:302)
	at games.strategy.triplea.delegate.AbstractPlaceDelegate.placeUnits(AbstractPlaceDelegate.java:201)
	at jdk.internal.reflect.GeneratedMethodAccessor42.invoke(Unknown Source)
	at java.base/jdk.internal.reflect.DelegatingMethodAccessorImpl.invoke(DelegatingMethodAccessorImpl.java:43)
	at java.base/java.lang.reflect.Method.invoke(Method.java:569)
	at games.strategy.engine.delegate.DelegateExecutionManager$1.invoke(DelegateExecutionManager.java:120)
	at jdk.proxy2/jdk.proxy2.$Proxy16.placeUnits(Unknown Source)
	at jdk.internal.reflect.GeneratedMethodAccessor61.invoke(Unknown Source)
	at java.base/jdk.internal.reflect.DelegatingMethodAccessorImpl.invoke(DelegatingMethodAccessorImpl.java:43)
	at java.base/java.lang.reflect.Method.invoke(Method.java:569)
	at games.strategy.engine.message.unifiedmessenger.EndPoint.invokeSingle(EndPoint.java:137)
	at games.strategy.engine.message.unifiedmessenger.EndPoint.lambda$invokeMultiple$0(EndPoint.java:121)
	at java.base/java.util.stream.ReferencePipeline$3$1.accept(ReferencePipeline.java:197)
	at java.base/java.util.Spliterators$ArraySpliterator.forEachRemaining(Spliterators.java:992)
	at java.base/java.util.stream.AbstractPipeline.copyInto(AbstractPipeline.java:509)
	at java.base/java.util.stream.AbstractPipeline.wrapAndCopyInto(AbstractPipeline.java:499)
	at java.base/java.util.stream.ReduceOps$ReduceOp.evaluateSequential(ReduceOps.java:921)
	at java.base/java.util.stream.AbstractPipeline.evaluate(AbstractPipeline.java:234)
	at java.base/java.util.stream.ReferencePipeline.collect(ReferencePipeline.java:682)
	at games.strategy.engine.message.unifiedmessenger.EndPoint.invokeMultiple(EndPoint.java:122)
	at games.strategy.engine.message.unifiedmessenger.EndPoint.invokeLocal(EndPoint.java:112)
	at games.strategy.engine.message.unifiedmessenger.UnifiedMessenger.invokeAndWait(UnifiedMessenger.java:97)
	at games.strategy.engine.message.UnifiedInvocationHandler.invoke(UnifiedInvocationHandler.java:55)
	at jdk.proxy2/jdk.proxy2.$Proxy16.placeUnits(Unknown Source)
	at jdk.internal.reflect.GeneratedMethodAccessor42.invoke(Unknown Source)
	at java.base/jdk.internal.reflect.DelegatingMethodAccessorImpl.invoke(DelegatingMethodAccessorImpl.java:43)
	at java.base/java.lang.reflect.Method.invoke(Method.java:569)
	at games.strategy.engine.player.PlayerBridge$GameOverInvocationHandler.invoke(PlayerBridge.java:151)
	at jdk.proxy2/jdk.proxy2.$Proxy16.placeUnits(Unknown Source)
	at games.strategy.triplea.ai.tripleMind.ProPurchaseAi.doPlace(ProPurchaseAi.java:2627)
	at games.strategy.triplea.ai.tripleMind.ProPurchaseAi.placeUnits(ProPurchaseAi.java:2545)
	at games.strategy.triplea.ai.tripleMind.ProPurchaseAi.place(ProPurchaseAi.java:562)
	at games.strategy.triplea.ai.tripleMind.AbstractTripleMindAi.place(AbstractTripleMindAi.java:380)
	at games.strategy.triplea.ai.AbstractAi.start(AbstractAi.java:531)
	at games.strategy.engine.framework.ServerGame.waitForPlayerToFinishStep(ServerGame.java:648)
	at games.strategy.engine.framework.ServerGame.runStep(ServerGame.java:478)
	at games.strategy.engine.framework.ServerGame.runNextStep(ServerGame.java:365)
	at games.strategy.engine.framework.ServerGame.startGame(ServerGame.java:333)
	at games.strategy.engine.framework.startup.launcher.LocalLauncher.launchInternal(LocalLauncher.java:92)
	at games.strategy.engine.framework.startup.launcher.LocalLauncher.lambda$launch$0(LocalLauncher.java:60)
	at java.base/java.lang.Thread.run(Thread.java:840)
283548 18:23:05.239 [Thread-8] INFO  org.triplea.sound.ClipPlayer - Unable to create audio device, is there audio on the system? Cannot create AudioDevice
javazoom.jl.decoder.JavaLayerException: Cannot create AudioDevice
	at javazoom.jl.player.FactoryRegistry.createAudioDevice(FactoryRegistry.java:97)
	at org.triplea.sound.ClipPlayer.hasAudio(ClipPlayer.java:144)
	at org.triplea.sound.ClipPlayer.isSoundEnabled(ClipPlayer.java:251)
	at org.triplea.sound.ClipPlayer.play(ClipPlayer.java:220)
	at org.triplea.sound.DefaultSoundChannel.playSoundForAll(DefaultSoundChannel.java:22)
	at jdk.internal.reflect.GeneratedMethodAccessor55.invoke(Unknown Source)
	at java.base/jdk.internal.reflect.DelegatingMethodAccessorImpl.invoke(DelegatingMethodAccessorImpl.java:43)
	at java.base/java.lang.reflect.Method.invoke(Method.java:569)
	at games.strategy.engine.message.unifiedmessenger.EndPoint.invokeSingle(EndPoint.java:137)
	at games.strategy.engine.message.unifiedmessenger.EndPoint.lambda$invokeMultiple$0(EndPoint.java:121)
	at java.base/java.util.stream.ReferencePipeline$3$1.accept(ReferencePipeline.java:197)
	at java.base/java.util.Spliterators$ArraySpliterator.forEachRemaining(Spliterators.java:992)
	at java.base/java.util.stream.AbstractPipeline.copyInto(AbstractPipeline.java:509)
	at java.base/java.util.stream.AbstractPipeline.wrapAndCopyInto(AbstractPipeline.java:499)
	at java.base/java.util.stream.ReduceOps$ReduceOp.evaluateSequential(ReduceOps.java:921)
	at java.base/java.util.stream.AbstractPipeline.evaluate(AbstractPipeline.java:234)
	at java.base/java.util.stream.ReferencePipeline.collect(ReferencePipeline.java:682)
	at games.strategy.engine.message.unifiedmessenger.EndPoint.invokeMultiple(EndPoint.java:122)
	at games.strategy.engine.message.unifiedmessenger.EndPoint.invokeLocal(EndPoint.java:112)
	at games.strategy.engine.message.unifiedmessenger.UnifiedMessenger.invoke(UnifiedMessenger.java:153)
	at games.strategy.engine.message.UnifiedInvocationHandler.invoke(UnifiedInvocationHandler.java:47)
	at jdk.proxy2/jdk.proxy2.$Proxy25.playSoundForAll(Unknown Source)
	at jdk.internal.reflect.GeneratedMethodAccessor54.invoke(Unknown Source)
	at java.base/jdk.internal.reflect.DelegatingMethodAccessorImpl.invoke(DelegatingMethodAccessorImpl.java:43)
	at java.base/java.lang.reflect.Method.invoke(Method.java:569)
	at games.strategy.engine.delegate.DelegateExecutionManager.lambda$newOutboundImplementation$1(DelegateExecutionManager.java:79)
	at jdk.proxy2/jdk.proxy2.$Proxy25.playSoundForAll(Unknown Source)
	at games.strategy.triplea.delegate.AbstractPlaceDelegate.placeUnits(AbstractPlaceDelegate.java:302)
	at games.strategy.triplea.delegate.AbstractPlaceDelegate.placeUnits(AbstractPlaceDelegate.java:201)
	at jdk.internal.reflect.GeneratedMethodAccessor42.invoke(Unknown Source)
	at java.base/jdk.internal.reflect.DelegatingMethodAccessorImpl.invoke(DelegatingMethodAccessorImpl.java:43)
	at java.base/java.lang.reflect.Method.invoke(Method.java:569)
	at games.strategy.engine.delegate.DelegateExecutionManager$1.invoke(DelegateExecutionManager.java:120)
	at jdk.proxy2/jdk.proxy2.$Proxy16.placeUnits(Unknown Source)
	at jdk.internal.reflect.GeneratedMethodAccessor61.invoke(Unknown Source)
	at java.base/jdk.internal.reflect.DelegatingMethodAccessorImpl.invoke(DelegatingMethodAccessorImpl.java:43)
	at java.base/java.lang.reflect.Method.invoke(Method.java:569)
	at games.strategy.engine.message.unifiedmessenger.EndPoint.invokeSingle(EndPoint.java:137)
	at games.strategy.engine.message.unifiedmessenger.EndPoint.lambda$invokeMultiple$0(EndPoint.java:121)
	at java.base/java.util.stream.ReferencePipeline$3$1.accept(ReferencePipeline.java:197)
	at java.base/java.util.Spliterators$ArraySpliterator.forEachRemaining(Spliterators.java:992)
	at java.base/java.util.stream.AbstractPipeline.copyInto(AbstractPipeline.java:509)
	at java.base/java.util.stream.AbstractPipeline.wrapAndCopyInto(AbstractPipeline.java:499)
	at java.base/java.util.stream.ReduceOps$ReduceOp.evaluateSequential(ReduceOps.java:921)
	at java.base/java.util.stream.AbstractPipeline.evaluate(AbstractPipeline.java:234)
	at java.base/java.util.stream.ReferencePipeline.collect(ReferencePipeline.java:682)
	at games.strategy.engine.message.unifiedmessenger.EndPoint.invokeMultiple(EndPoint.java:122)
	at games.strategy.engine.message.unifiedmessenger.EndPoint.invokeLocal(EndPoint.java:112)
	at games.strategy.engine.message.unifiedmessenger.UnifiedMessenger.invokeAndWait(UnifiedMessenger.java:97)
	at games.strategy.engine.message.UnifiedInvocationHandler.invoke(UnifiedInvocationHandler.java:55)
	at jdk.proxy2/jdk.proxy2.$Proxy16.placeUnits(Unknown Source)
	at jdk.internal.reflect.GeneratedMethodAccessor42.invoke(Unknown Source)
	at java.base/jdk.internal.reflect.DelegatingMethodAccessorImpl.invoke(DelegatingMethodAccessorImpl.java:43)
	at java.base/java.lang.reflect.Method.invoke(Method.java:569)
	at games.strategy.engine.player.PlayerBridge$GameOverInvocationHandler.invoke(PlayerBridge.java:151)
	at jdk.proxy2/jdk.proxy2.$Proxy16.placeUnits(Unknown Source)
	at games.strategy.triplea.ai.tripleMind.ProPurchaseAi.doPlace(ProPurchaseAi.java:2627)
	at games.strategy.triplea.ai.tripleMind.ProPurchaseAi.placeUnits(ProPurchaseAi.java:2545)
	at games.strategy.triplea.ai.tripleMind.ProPurchaseAi.place(ProPurchaseAi.java:562)
	at games.strategy.triplea.ai.tripleMind.AbstractTripleMindAi.place(AbstractTripleMindAi.java:380)
	at games.strategy.triplea.ai.AbstractAi.start(AbstractAi.java:531)
	at games.strategy.engine.framework.ServerGame.waitForPlayerToFinishStep(ServerGame.java:648)
	at games.strategy.engine.framework.ServerGame.runStep(ServerGame.java:478)
	at games.strategy.engine.framework.ServerGame.runNextStep(ServerGame.java:365)
	at games.strategy.engine.framework.ServerGame.startGame(ServerGame.java:333)
	at games.strategy.engine.framework.startup.launcher.LocalLauncher.launchInternal(LocalLauncher.java:92)
	at games.strategy.engine.framework.startup.launcher.LocalLauncher.lambda$launch$0(LocalLauncher.java:60)
	at java.base/java.lang.Thread.run(Thread.java:840)
284617 18:23:06.308 [Thread-8] INFO  org.triplea.sound.ClipPlayer - Unable to create audio device, is there audio on the system? Cannot create AudioDevice
javazoom.jl.decoder.JavaLayerException: Cannot create AudioDevice
	at javazoom.jl.player.FactoryRegistry.createAudioDevice(FactoryRegistry.java:97)
	at org.triplea.sound.ClipPlayer.hasAudio(ClipPlayer.java:144)
	at org.triplea.sound.ClipPlayer.isSoundEnabled(ClipPlayer.java:251)
	at org.triplea.sound.ClipPlayer.play(ClipPlayer.java:220)
	at org.triplea.sound.DefaultSoundChannel.playSoundForAll(DefaultSoundChannel.java:22)
	at jdk.internal.reflect.GeneratedMethodAccessor55.invoke(Unknown Source)
	at java.base/jdk.internal.reflect.DelegatingMethodAccessorImpl.invoke(DelegatingMethodAccessorImpl.java:43)
	at java.base/java.lang.reflect.Method.invoke(Method.java:569)
	at games.strategy.engine.message.unifiedmessenger.EndPoint.invokeSingle(EndPoint.java:137)
	at games.strategy.engine.message.unifiedmessenger.EndPoint.lambda$invokeMultiple$0(EndPoint.java:121)
	at java.base/java.util.stream.ReferencePipeline$3$1.accept(ReferencePipeline.java:197)
	at java.base/java.util.Spliterators$ArraySpliterator.forEachRemaining(Spliterators.java:992)
	at java.base/java.util.stream.AbstractPipeline.copyInto(AbstractPipeline.java:509)
	at java.base/java.util.stream.AbstractPipeline.wrapAndCopyInto(AbstractPipeline.java:499)
	at java.base/java.util.stream.ReduceOps$ReduceOp.evaluateSequential(ReduceOps.java:921)
	at java.base/java.util.stream.AbstractPipeline.evaluate(AbstractPipeline.java:234)
	at java.base/java.util.stream.ReferencePipeline.collect(ReferencePipeline.java:682)
	at games.strategy.engine.message.unifiedmessenger.EndPoint.invokeMultiple(EndPoint.java:122)
	at games.strategy.engine.message.unifiedmessenger.EndPoint.invokeLocal(EndPoint.java:112)
	at games.strategy.engine.message.unifiedmessenger.UnifiedMessenger.invoke(UnifiedMessenger.java:153)
	at games.strategy.engine.message.UnifiedInvocationHandler.invoke(UnifiedInvocationHandler.java:47)
	at jdk.proxy2/jdk.proxy2.$Proxy25.playSoundForAll(Unknown Source)
	at jdk.internal.reflect.GeneratedMethodAccessor54.invoke(Unknown Source)
	at java.base/jdk.internal.reflect.DelegatingMethodAccessorImpl.invoke(DelegatingMethodAccessorImpl.java:43)
	at java.base/java.lang.reflect.Method.invoke(Method.java:569)
	at games.strategy.engine.delegate.DelegateExecutionManager.lambda$newOutboundImplementation$1(DelegateExecutionManager.java:79)
	at jdk.proxy2/jdk.proxy2.$Proxy25.playSoundForAll(Unknown Source)
	at games.strategy.triplea.delegate.battle.BattleTracker.takeOver(BattleTracker.java:794)
	at games.strategy.triplea.delegate.battle.BattleTracker.addEmptyBattle(BattleTracker.java:523)
	at games.strategy.triplea.delegate.battle.BattleTracker.addBattle(BattleTracker.java:345)
	at games.strategy.triplea.delegate.battle.BattleTracker.addBattle(BattleTracker.java:293)
	at games.strategy.triplea.delegate.MovePerformer$3.execute(MovePerformer.java:267)
	at games.strategy.triplea.delegate.ExecutionStack.execute(ExecutionStack.java:34)
	at games.strategy.triplea.delegate.MovePerformer.populateStack(MovePerformer.java:324)
	at games.strategy.triplea.delegate.MovePerformer.moveUnits(MovePerformer.java:81)
	at games.strategy.triplea.delegate.MoveDelegate.performMove(MoveDelegate.java:675)
	at jdk.internal.reflect.GeneratedMethodAccessor45.invoke(Unknown Source)
	at java.base/jdk.internal.reflect.DelegatingMethodAccessorImpl.invoke(DelegatingMethodAccessorImpl.java:43)
	at java.base/java.lang.reflect.Method.invoke(Method.java:569)
	at games.strategy.engine.delegate.DelegateExecutionManager$1.invoke(DelegateExecutionManager.java:120)
	at jdk.proxy2/jdk.proxy2.$Proxy14.performMove(Unknown Source)
	at jdk.internal.reflect.GeneratedMethodAccessor56.invoke(Unknown Source)
	at java.base/jdk.internal.reflect.DelegatingMethodAccessorImpl.invoke(DelegatingMethodAccessorImpl.java:43)
	at java.base/java.lang.reflect.Method.invoke(Method.java:569)
	at games.strategy.engine.message.unifiedmessenger.EndPoint.invokeSingle(EndPoint.java:137)
	at games.strategy.engine.message.unifiedmessenger.EndPoint.lambda$invokeMultiple$0(EndPoint.java:121)
	at java.base/java.util.stream.ReferencePipeline$3$1.accept(ReferencePipeline.java:197)
	at java.base/java.util.Spliterators$ArraySpliterator.forEachRemaining(Spliterators.java:992)
	at java.base/java.util.stream.AbstractPipeline.copyInto(AbstractPipeline.java:509)
	at java.base/java.util.stream.AbstractPipeline.wrapAndCopyInto(AbstractPipeline.java:499)
	at java.base/java.util.stream.ReduceOps$ReduceOp.evaluateSequential(ReduceOps.java:921)
	at java.base/java.util.stream.AbstractPipeline.evaluate(AbstractPipeline.java:234)
	at java.base/java.util.stream.ReferencePipeline.collect(ReferencePipeline.java:682)
	at games.strategy.engine.message.unifiedmessenger.EndPoint.invokeMultiple(EndPoint.java:122)
	at games.strategy.engine.message.unifiedmessenger.EndPoint.invokeLocal(EndPoint.java:112)
	at games.strategy.engine.message.unifiedmessenger.UnifiedMessenger.invokeAndWait(UnifiedMessenger.java:97)
	at games.strategy.engine.message.UnifiedInvocationHandler.invoke(UnifiedInvocationHandler.java:55)
	at jdk.proxy2/jdk.proxy2.$Proxy14.performMove(Unknown Source)
	at jdk.internal.reflect.GeneratedMethodAccessor45.invoke(Unknown Source)
	at java.base/jdk.internal.reflect.DelegatingMethodAccessorImpl.invoke(DelegatingMethodAccessorImpl.java:43)
	at java.base/java.lang.reflect.Method.invoke(Method.java:569)
	at games.strategy.engine.player.PlayerBridge$GameOverInvocationHandler.invoke(PlayerBridge.java:151)
	at jdk.proxy2/jdk.proxy2.$Proxy14.performMove(Unknown Source)
	at games.strategy.triplea.ai.weak.WeakAi.doMove(WeakAi.java:237)
	at games.strategy.triplea.ai.weak.WeakAi.doCombatMove(WeakAi.java:152)
	at games.strategy.triplea.ai.weak.WeakAi.move(WeakAi.java:124)
	at games.strategy.triplea.ai.AbstractAi.start(AbstractAi.java:521)
	at games.strategy.engine.framework.ServerGame.waitForPlayerToFinishStep(ServerGame.java:648)
	at games.strategy.engine.framework.ServerGame.runStep(ServerGame.java:478)
	at games.strategy.engine.framework.ServerGame.runNextStep(ServerGame.java:365)
	at games.strategy.engine.framework.ServerGame.startGame(ServerGame.java:333)
	at games.strategy.engine.framework.startup.launcher.LocalLauncher.launchInternal(LocalLauncher.java:92)
	at games.strategy.engine.framework.startup.launcher.LocalLauncher.lambda$launch$0(LocalLauncher.java:60)
	at java.base/java.lang.Thread.run(Thread.java:840)
285189 18:23:06.880 [Thread-8] INFO  org.triplea.sound.ClipPlayer - Unable to create audio device, is there audio on the system? Cannot create AudioDevice
javazoom.jl.decoder.JavaLayerException: Cannot create AudioDevice
	at javazoom.jl.player.FactoryRegistry.createAudioDevice(FactoryRegistry.java:97)
	at org.triplea.sound.ClipPlayer.hasAudio(ClipPlayer.java:144)
	at org.triplea.sound.ClipPlayer.isSoundEnabled(ClipPlayer.java:251)
	at org.triplea.sound.ClipPlayer.play(ClipPlayer.java:220)
	at org.triplea.sound.DefaultSoundChannel.playSoundForAll(DefaultSoundChannel.java:22)
	at jdk.internal.reflect.GeneratedMethodAccessor55.invoke(Unknown Source)
	at java.base/jdk.internal.reflect.DelegatingMethodAccessorImpl.invoke(DelegatingMethodAccessorImpl.java:43)
	at java.base/java.lang.reflect.Method.invoke(Method.java:569)
	at games.strategy.engine.message.unifiedmessenger.EndPoint.invokeSingle(EndPoint.java:137)
	at games.strategy.engine.message.unifiedmessenger.EndPoint.lambda$invokeMultiple$0(EndPoint.java:121)
	at java.base/java.util.stream.ReferencePipeline$3$1.accept(ReferencePipeline.java:197)
	at java.base/java.util.Spliterators$ArraySpliterator.forEachRemaining(Spliterators.java:992)
	at java.base/java.util.stream.AbstractPipeline.copyInto(AbstractPipeline.java:509)
	at java.base/java.util.stream.AbstractPipeline.wrapAndCopyInto(AbstractPipeline.java:499)
	at java.base/java.util.stream.ReduceOps$ReduceOp.evaluateSequential(ReduceOps.java:921)
	at java.base/java.util.stream.AbstractPipeline.evaluate(AbstractPipeline.java:234)
	at java.base/java.util.stream.ReferencePipeline.collect(ReferencePipeline.java:682)
	at games.strategy.engine.message.unifiedmessenger.EndPoint.invokeMultiple(EndPoint.java:122)
	at games.strategy.engine.message.unifiedmessenger.EndPoint.invokeLocal(EndPoint.java:112)
	at games.strategy.engine.message.unifiedmessenger.UnifiedMessenger.invoke(UnifiedMessenger.java:153)
	at games.strategy.engine.message.UnifiedInvocationHandler.invoke(UnifiedInvocationHandler.java:47)
	at jdk.proxy2/jdk.proxy2.$Proxy25.playSoundForAll(Unknown Source)
	at jdk.internal.reflect.GeneratedMethodAccessor54.invoke(Unknown Source)
	at java.base/jdk.internal.reflect.DelegatingMethodAccessorImpl.invoke(DelegatingMethodAccessorImpl.java:43)
	at java.base/java.lang.reflect.Method.invoke(Method.java:569)
	at games.strategy.engine.delegate.DelegateExecutionManager.lambda$newOutboundImplementation$1(DelegateExecutionManager.java:79)
	at jdk.proxy2/jdk.proxy2.$Proxy25.playSoundForAll(Unknown Source)
	at games.strategy.triplea.delegate.battle.BattleTracker.takeOver(BattleTracker.java:794)
	at games.strategy.triplea.delegate.battle.BattleTracker.addEmptyBattle(BattleTracker.java:523)
	at games.strategy.triplea.delegate.battle.BattleTracker.addBattle(BattleTracker.java:345)
	at games.strategy.triplea.delegate.battle.BattleTracker.addBattle(BattleTracker.java:293)
	at games.strategy.triplea.delegate.MovePerformer$3.execute(MovePerformer.java:267)
	at games.strategy.triplea.delegate.ExecutionStack.execute(ExecutionStack.java:34)
	at games.strategy.triplea.delegate.MovePerformer.populateStack(MovePerformer.java:324)
	at games.strategy.triplea.delegate.MovePerformer.moveUnits(MovePerformer.java:81)
	at games.strategy.triplea.delegate.MoveDelegate.performMove(MoveDelegate.java:675)
	at jdk.internal.reflect.GeneratedMethodAccessor45.invoke(Unknown Source)
	at java.base/jdk.internal.reflect.DelegatingMethodAccessorImpl.invoke(DelegatingMethodAccessorImpl.java:43)
	at java.base/java.lang.reflect.Method.invoke(Method.java:569)
	at games.strategy.engine.delegate.DelegateExecutionManager$1.invoke(DelegateExecutionManager.java:120)
	at jdk.proxy2/jdk.proxy2.$Proxy14.performMove(Unknown Source)
	at jdk.internal.reflect.GeneratedMethodAccessor56.invoke(Unknown Source)
	at java.base/jdk.internal.reflect.DelegatingMethodAccessorImpl.invoke(DelegatingMethodAccessorImpl.java:43)
	at java.base/java.lang.reflect.Method.invoke(Method.java:569)
	at games.strategy.engine.message.unifiedmessenger.EndPoint.invokeSingle(EndPoint.java:137)
	at games.strategy.engine.message.unifiedmessenger.EndPoint.lambda$invokeMultiple$0(EndPoint.java:121)
	at java.base/java.util.stream.ReferencePipeline$3$1.accept(ReferencePipeline.java:197)
	at java.base/java.util.Spliterators$ArraySpliterator.forEachRemaining(Spliterators.java:992)
	at java.base/java.util.stream.AbstractPipeline.copyInto(AbstractPipeline.java:509)
	at java.base/java.util.stream.AbstractPipeline.wrapAndCopyInto(AbstractPipeline.java:499)
	at java.base/java.util.stream.ReduceOps$ReduceOp.evaluateSequential(ReduceOps.java:921)
	at java.base/java.util.stream.AbstractPipeline.evaluate(AbstractPipeline.java:234)
	at java.base/java.util.stream.ReferencePipeline.collect(ReferencePipeline.java:682)
	at games.strategy.engine.message.unifiedmessenger.EndPoint.invokeMultiple(EndPoint.java:122)
	at games.strategy.engine.message.unifiedmessenger.EndPoint.invokeLocal(EndPoint.java:112)
	at games.strategy.engine.message.unifiedmessenger.UnifiedMessenger.invokeAndWait(UnifiedMessenger.java:97)
	at games.strategy.engine.message.UnifiedInvocationHandler.invoke(UnifiedInvocationHandler.java:55)
	at jdk.proxy2/jdk.proxy2.$Proxy14.performMove(Unknown Source)
	at jdk.internal.reflect.GeneratedMethodAccessor45.invoke(Unknown Source)
	at java.base/jdk.internal.reflect.DelegatingMethodAccessorImpl.invoke(DelegatingMethodAccessorImpl.java:43)
	at java.base/java.lang.reflect.Method.invoke(Method.java:569)
	at games.strategy.engine.player.PlayerBridge$GameOverInvocationHandler.invoke(PlayerBridge.java:151)
	at jdk.proxy2/jdk.proxy2.$Proxy14.performMove(Unknown Source)
	at games.strategy.triplea.ai.weak.WeakAi.doMove(WeakAi.java:237)
	at games.strategy.triplea.ai.weak.WeakAi.doCombatMove(WeakAi.java:152)
	at games.strategy.triplea.ai.weak.WeakAi.move(WeakAi.java:124)
	at games.strategy.triplea.ai.AbstractAi.start(AbstractAi.java:521)
	at games.strategy.engine.framework.ServerGame.waitForPlayerToFinishStep(ServerGame.java:648)
	at games.strategy.engine.framework.ServerGame.runStep(ServerGame.java:478)
	at games.strategy.engine.framework.ServerGame.runNextStep(ServerGame.java:365)
	at games.strategy.engine.framework.ServerGame.startGame(ServerGame.java:333)
	at games.strategy.engine.framework.startup.launcher.LocalLauncher.launchInternal(LocalLauncher.java:92)
	at games.strategy.engine.framework.startup.launcher.LocalLauncher.lambda$launch$0(LocalLauncher.java:60)
	at java.base/java.lang.Thread.run(Thread.java:840)
287638 18:23:09.329 [Thread-8] INFO  org.triplea.sound.ClipPlayer - Unable to create audio device, is there audio on the system? Cannot create AudioDevice
javazoom.jl.decoder.JavaLayerException: Cannot create AudioDevice
	at javazoom.jl.player.FactoryRegistry.createAudioDevice(FactoryRegistry.java:97)
	at org.triplea.sound.ClipPlayer.hasAudio(ClipPlayer.java:144)
	at org.triplea.sound.ClipPlayer.isSoundEnabled(ClipPlayer.java:251)
	at org.triplea.sound.ClipPlayer.play(ClipPlayer.java:220)
	at org.triplea.sound.DefaultSoundChannel.playSoundForAll(DefaultSoundChannel.java:22)
	at jdk.internal.reflect.GeneratedMethodAccessor55.invoke(Unknown Source)
	at java.base/jdk.internal.reflect.DelegatingMethodAccessorImpl.invoke(DelegatingMethodAccessorImpl.java:43)
	at java.base/java.lang.reflect.Method.invoke(Method.java:569)
	at games.strategy.engine.message.unifiedmessenger.EndPoint.invokeSingle(EndPoint.java:137)
	at games.strategy.engine.message.unifiedmessenger.EndPoint.lambda$invokeMultiple$0(EndPoint.java:121)
	at java.base/java.util.stream.ReferencePipeline$3$1.accept(ReferencePipeline.java:197)
	at java.base/java.util.Spliterators$ArraySpliterator.forEachRemaining(Spliterators.java:992)
	at java.base/java.util.stream.AbstractPipeline.copyInto(AbstractPipeline.java:509)
	at java.base/java.util.stream.AbstractPipeline.wrapAndCopyInto(AbstractPipeline.java:499)
	at java.base/java.util.stream.ReduceOps$ReduceOp.evaluateSequential(ReduceOps.java:921)
	at java.base/java.util.stream.AbstractPipeline.evaluate(AbstractPipeline.java:234)
	at java.base/java.util.stream.ReferencePipeline.collect(ReferencePipeline.java:682)
	at games.strategy.engine.message.unifiedmessenger.EndPoint.invokeMultiple(EndPoint.java:122)
	at games.strategy.engine.message.unifiedmessenger.EndPoint.invokeLocal(EndPoint.java:112)
	at games.strategy.engine.message.unifiedmessenger.UnifiedMessenger.invoke(UnifiedMessenger.java:153)
	at games.strategy.engine.message.UnifiedInvocationHandler.invoke(UnifiedInvocationHandler.java:47)
	at jdk.proxy2/jdk.proxy2.$Proxy25.playSoundForAll(Unknown Source)
	at jdk.internal.reflect.GeneratedMethodAccessor54.invoke(Unknown Source)
	at java.base/jdk.internal.reflect.DelegatingMethodAccessorImpl.invoke(DelegatingMethodAccessorImpl.java:43)
	at java.base/java.lang.reflect.Method.invoke(Method.java:569)
	at games.strategy.engine.delegate.DelegateExecutionManager.lambda$newOutboundImplementation$1(DelegateExecutionManager.java:79)
	at jdk.proxy2/jdk.proxy2.$Proxy25.playSoundForAll(Unknown Source)
	at games.strategy.triplea.delegate.AbstractPlaceDelegate.placeUnits(AbstractPlaceDelegate.java:302)
	at games.strategy.triplea.delegate.AbstractPlaceDelegate.placeUnits(AbstractPlaceDelegate.java:201)
	at jdk.internal.reflect.GeneratedMethodAccessor42.invoke(Unknown Source)
	at java.base/jdk.internal.reflect.DelegatingMethodAccessorImpl.invoke(DelegatingMethodAccessorImpl.java:43)
	at java.base/java.lang.reflect.Method.invoke(Method.java:569)
	at games.strategy.engine.delegate.DelegateExecutionManager$1.invoke(DelegateExecutionManager.java:120)
	at jdk.proxy2/jdk.proxy2.$Proxy16.placeUnits(Unknown Source)
	at jdk.internal.reflect.GeneratedMethodAccessor61.invoke(Unknown Source)
	at java.base/jdk.internal.reflect.DelegatingMethodAccessorImpl.invoke(DelegatingMethodAccessorImpl.java:43)
	at java.base/java.lang.reflect.Method.invoke(Method.java:569)
	at games.strategy.engine.message.unifiedmessenger.EndPoint.invokeSingle(EndPoint.java:137)
	at games.strategy.engine.message.unifiedmessenger.EndPoint.lambda$invokeMultiple$0(EndPoint.java:121)
	at java.base/java.util.stream.ReferencePipeline$3$1.accept(ReferencePipeline.java:197)
	at java.base/java.util.Spliterators$ArraySpliterator.forEachRemaining(Spliterators.java:992)
	at java.base/java.util.stream.AbstractPipeline.copyInto(AbstractPipeline.java:509)
	at java.base/java.util.stream.AbstractPipeline.wrapAndCopyInto(AbstractPipeline.java:499)
	at java.base/java.util.stream.ReduceOps$ReduceOp.evaluateSequential(ReduceOps.java:921)
	at java.base/java.util.stream.AbstractPipeline.evaluate(AbstractPipeline.java:234)
	at java.base/java.util.stream.ReferencePipeline.collect(ReferencePipeline.java:682)
	at games.strategy.engine.message.unifiedmessenger.EndPoint.invokeMultiple(EndPoint.java:122)
	at games.strategy.engine.message.unifiedmessenger.EndPoint.invokeLocal(EndPoint.java:112)
	at games.strategy.engine.message.unifiedmessenger.UnifiedMessenger.invokeAndWait(UnifiedMessenger.java:97)
	at games.strategy.engine.message.UnifiedInvocationHandler.invoke(UnifiedInvocationHandler.java:55)
	at jdk.proxy2/jdk.proxy2.$Proxy16.placeUnits(Unknown Source)
	at jdk.internal.reflect.GeneratedMethodAccessor42.invoke(Unknown Source)
	at java.base/jdk.internal.reflect.DelegatingMethodAccessorImpl.invoke(DelegatingMethodAccessorImpl.java:43)
	at java.base/java.lang.reflect.Method.invoke(Method.java:569)
	at games.strategy.engine.player.PlayerBridge$GameOverInvocationHandler.invoke(PlayerBridge.java:151)
	at jdk.proxy2/jdk.proxy2.$Proxy16.placeUnits(Unknown Source)
	at games.strategy.triplea.ai.weak.WeakAi.doPlace(WeakAi.java:1110)
	at games.strategy.triplea.ai.weak.WeakAi.placeAllWeCanOn(WeakAi.java:1104)
	at games.strategy.triplea.ai.weak.WeakAi.lambda$place$15(WeakAi.java:1054)
	at java.base/java.util.Optional.ifPresent(Optional.java:178)
	at games.strategy.triplea.ai.weak.WeakAi.place(WeakAi.java:1054)
	at games.strategy.triplea.ai.AbstractAi.start(AbstractAi.java:531)
	at games.strategy.engine.framework.ServerGame.waitForPlayerToFinishStep(ServerGame.java:648)
	at games.strategy.engine.framework.ServerGame.runStep(ServerGame.java:478)
	at games.strategy.engine.framework.ServerGame.runNextStep(ServerGame.java:365)
	at games.strategy.engine.framework.ServerGame.startGame(ServerGame.java:333)
	at games.strategy.engine.framework.startup.launcher.LocalLauncher.launchInternal(LocalLauncher.java:92)
	at games.strategy.engine.framework.startup.launcher.LocalLauncher.lambda$launch$0(LocalLauncher.java:60)
	at java.base/java.lang.Thread.run(Thread.java:840)
288438 18:23:10.129 [Thread-8] INFO  org.triplea.sound.ClipPlayer - Unable to create audio device, is there audio on the system? Cannot create AudioDevice
javazoom.jl.decoder.JavaLayerException: Cannot create AudioDevice
	at javazoom.jl.player.FactoryRegistry.createAudioDevice(FactoryRegistry.java:97)
	at org.triplea.sound.ClipPlayer.hasAudio(ClipPlayer.java:144)
	at org.triplea.sound.ClipPlayer.isSoundEnabled(ClipPlayer.java:251)
	at org.triplea.sound.ClipPlayer.play(ClipPlayer.java:220)
	at org.triplea.sound.DefaultSoundChannel.playSoundForAll(DefaultSoundChannel.java:22)
	at jdk.internal.reflect.GeneratedMethodAccessor55.invoke(Unknown Source)
	at java.base/jdk.internal.reflect.DelegatingMethodAccessorImpl.invoke(DelegatingMethodAccessorImpl.java:43)
	at java.base/java.lang.reflect.Method.invoke(Method.java:569)
	at games.strategy.engine.message.unifiedmessenger.EndPoint.invokeSingle(EndPoint.java:137)
	at games.strategy.engine.message.unifiedmessenger.EndPoint.lambda$invokeMultiple$0(EndPoint.java:121)
	at java.base/java.util.stream.ReferencePipeline$3$1.accept(ReferencePipeline.java:197)
	at java.base/java.util.Spliterators$ArraySpliterator.forEachRemaining(Spliterators.java:992)
	at java.base/java.util.stream.AbstractPipeline.copyInto(AbstractPipeline.java:509)
	at java.base/java.util.stream.AbstractPipeline.wrapAndCopyInto(AbstractPipeline.java:499)
	at java.base/java.util.stream.ReduceOps$ReduceOp.evaluateSequential(ReduceOps.java:921)
	at java.base/java.util.stream.AbstractPipeline.evaluate(AbstractPipeline.java:234)
	at java.base/java.util.stream.ReferencePipeline.collect(ReferencePipeline.java:682)
	at games.strategy.engine.message.unifiedmessenger.EndPoint.invokeMultiple(EndPoint.java:122)
	at games.strategy.engine.message.unifiedmessenger.EndPoint.invokeLocal(EndPoint.java:112)
	at games.strategy.engine.message.unifiedmessenger.UnifiedMessenger.invoke(UnifiedMessenger.java:153)
	at games.strategy.engine.message.UnifiedInvocationHandler.invoke(UnifiedInvocationHandler.java:47)
	at jdk.proxy2/jdk.proxy2.$Proxy25.playSoundForAll(Unknown Source)
	at jdk.internal.reflect.GeneratedMethodAccessor54.invoke(Unknown Source)
	at java.base/jdk.internal.reflect.DelegatingMethodAccessorImpl.invoke(DelegatingMethodAccessorImpl.java:43)
	at java.base/java.lang.reflect.Method.invoke(Method.java:569)
	at games.strategy.engine.delegate.DelegateExecutionManager.lambda$newOutboundImplementation$1(DelegateExecutionManager.java:79)
	at jdk.proxy2/jdk.proxy2.$Proxy25.playSoundForAll(Unknown Source)
	at games.strategy.triplea.delegate.battle.BattleTracker.takeOver(BattleTracker.java:794)
	at games.strategy.triplea.delegate.battle.BattleTracker.addEmptyBattle(BattleTracker.java:523)
	at games.strategy.triplea.delegate.battle.BattleTracker.addBattle(BattleTracker.java:345)
	at games.strategy.triplea.delegate.battle.BattleTracker.addBattle(BattleTracker.java:293)
	at games.strategy.triplea.delegate.MovePerformer$3.execute(MovePerformer.java:267)
	at games.strategy.triplea.delegate.ExecutionStack.execute(ExecutionStack.java:34)
	at games.strategy.triplea.delegate.MovePerformer.populateStack(MovePerformer.java:324)
	at games.strategy.triplea.delegate.MovePerformer.moveUnits(MovePerformer.java:81)
	at games.strategy.triplea.delegate.MoveDelegate.performMove(MoveDelegate.java:675)
	at jdk.internal.reflect.GeneratedMethodAccessor45.invoke(Unknown Source)
	at java.base/jdk.internal.reflect.DelegatingMethodAccessorImpl.invoke(DelegatingMethodAccessorImpl.java:43)
	at java.base/java.lang.reflect.Method.invoke(Method.java:569)
	at games.strategy.engine.delegate.DelegateExecutionManager$1.invoke(DelegateExecutionManager.java:120)
	at jdk.proxy2/jdk.proxy2.$Proxy14.performMove(Unknown Source)
	at jdk.internal.reflect.GeneratedMethodAccessor56.invoke(Unknown Source)
	at java.base/jdk.internal.reflect.DelegatingMethodAccessorImpl.invoke(DelegatingMethodAccessorImpl.java:43)
	at java.base/java.lang.reflect.Method.invoke(Method.java:569)
	at games.strategy.engine.message.unifiedmessenger.EndPoint.invokeSingle(EndPoint.java:137)
	at games.strategy.engine.message.unifiedmessenger.EndPoint.lambda$invokeMultiple$0(EndPoint.java:121)
	at java.base/java.util.stream.ReferencePipeline$3$1.accept(ReferencePipeline.java:197)
	at java.base/java.util.Spliterators$ArraySpliterator.forEachRemaining(Spliterators.java:992)
	at java.base/java.util.stream.AbstractPipeline.copyInto(AbstractPipeline.java:509)
	at java.base/java.util.stream.AbstractPipeline.wrapAndCopyInto(AbstractPipeline.java:499)
	at java.base/java.util.stream.ReduceOps$ReduceOp.evaluateSequential(ReduceOps.java:921)
	at java.base/java.util.stream.AbstractPipeline.evaluate(AbstractPipeline.java:234)
	at java.base/java.util.stream.ReferencePipeline.collect(ReferencePipeline.java:682)
	at games.strategy.engine.message.unifiedmessenger.EndPoint.invokeMultiple(EndPoint.java:122)
	at games.strategy.engine.message.unifiedmessenger.EndPoint.invokeLocal(EndPoint.java:112)
	at games.strategy.engine.message.unifiedmessenger.UnifiedMessenger.invokeAndWait(UnifiedMessenger.java:97)
	at games.strategy.engine.message.UnifiedInvocationHandler.invoke(UnifiedInvocationHandler.java:55)
	at jdk.proxy2/jdk.proxy2.$Proxy14.performMove(Unknown Source)
	at jdk.internal.reflect.GeneratedMethodAccessor45.invoke(Unknown Source)
	at java.base/jdk.internal.reflect.DelegatingMethodAccessorImpl.invoke(DelegatingMethodAccessorImpl.java:43)
	at java.base/java.lang.reflect.Method.invoke(Method.java:569)
	at games.strategy.engine.player.PlayerBridge$GameOverInvocationHandler.invoke(PlayerBridge.java:151)
	at jdk.proxy2/jdk.proxy2.$Proxy14.performMove(Unknown Source)
	at games.strategy.triplea.ai.weak.WeakAi.doMove(WeakAi.java:237)
	at games.strategy.triplea.ai.weak.WeakAi.doCombatMove(WeakAi.java:152)
	at games.strategy.triplea.ai.weak.WeakAi.move(WeakAi.java:124)
	at games.strategy.triplea.ai.AbstractAi.start(AbstractAi.java:521)
	at games.strategy.engine.framework.ServerGame.waitForPlayerToFinishStep(ServerGame.java:648)
	at games.strategy.engine.framework.ServerGame.runStep(ServerGame.java:478)
	at games.strategy.engine.framework.ServerGame.runNextStep(ServerGame.java:365)
	at games.strategy.engine.framework.ServerGame.startGame(ServerGame.java:333)
	at games.strategy.engine.framework.startup.launcher.LocalLauncher.launchInternal(LocalLauncher.java:92)
	at games.strategy.engine.framework.startup.launcher.LocalLauncher.lambda$launch$0(LocalLauncher.java:60)
	at java.base/java.lang.Thread.run(Thread.java:840)
289812 18:23:11.503 [Thread-8] INFO  org.triplea.sound.ClipPlayer - Unable to create audio device, is there audio on the system? Cannot create AudioDevice
javazoom.jl.decoder.JavaLayerException: Cannot create AudioDevice
	at javazoom.jl.player.FactoryRegistry.createAudioDevice(FactoryRegistry.java:97)
	at org.triplea.sound.ClipPlayer.hasAudio(ClipPlayer.java:144)
	at org.triplea.sound.ClipPlayer.isSoundEnabled(ClipPlayer.java:251)
	at org.triplea.sound.ClipPlayer.play(ClipPlayer.java:220)
	at org.triplea.sound.DefaultSoundChannel.playSoundForAll(DefaultSoundChannel.java:22)
	at jdk.internal.reflect.GeneratedMethodAccessor55.invoke(Unknown Source)
	at java.base/jdk.internal.reflect.DelegatingMethodAccessorImpl.invoke(DelegatingMethodAccessorImpl.java:43)
	at java.base/java.lang.reflect.Method.invoke(Method.java:569)
	at games.strategy.engine.message.unifiedmessenger.EndPoint.invokeSingle(EndPoint.java:137)
	at games.strategy.engine.message.unifiedmessenger.EndPoint.lambda$invokeMultiple$0(EndPoint.java:121)
	at java.base/java.util.stream.ReferencePipeline$3$1.accept(ReferencePipeline.java:197)
	at java.base/java.util.Spliterators$ArraySpliterator.forEachRemaining(Spliterators.java:992)
	at java.base/java.util.stream.AbstractPipeline.copyInto(AbstractPipeline.java:509)
	at java.base/java.util.stream.AbstractPipeline.wrapAndCopyInto(AbstractPipeline.java:499)
	at java.base/java.util.stream.ReduceOps$ReduceOp.evaluateSequential(ReduceOps.java:921)
	at java.base/java.util.stream.AbstractPipeline.evaluate(AbstractPipeline.java:234)
	at java.base/java.util.stream.ReferencePipeline.collect(ReferencePipeline.java:682)
	at games.strategy.engine.message.unifiedmessenger.EndPoint.invokeMultiple(EndPoint.java:122)
	at games.strategy.engine.message.unifiedmessenger.EndPoint.invokeLocal(EndPoint.java:112)
	at games.strategy.engine.message.unifiedmessenger.UnifiedMessenger.invoke(UnifiedMessenger.java:153)
	at games.strategy.engine.message.UnifiedInvocationHandler.invoke(UnifiedInvocationHandler.java:47)
	at jdk.proxy2/jdk.proxy2.$Proxy25.playSoundForAll(Unknown Source)
	at jdk.internal.reflect.GeneratedMethodAccessor54.invoke(Unknown Source)
	at java.base/jdk.internal.reflect.DelegatingMethodAccessorImpl.invoke(DelegatingMethodAccessorImpl.java:43)
	at java.base/java.lang.reflect.Method.invoke(Method.java:569)
	at games.strategy.engine.delegate.DelegateExecutionManager.lambda$newOutboundImplementation$1(DelegateExecutionManager.java:79)
	at jdk.proxy2/jdk.proxy2.$Proxy25.playSoundForAll(Unknown Source)
	at org.triplea.sound.SoundUtils.playBattleType(SoundUtils.java:42)
	at games.strategy.triplea.delegate.battle.MustFightBattle.fight(MustFightBattle.java:686)
	at games.strategy.triplea.delegate.battle.BattleTracker.fightBattleIfOnlyOne(BattleTracker.java:1300)
	at games.strategy.triplea.delegate.battle.BattleDelegate.start(BattleDelegate.java:125)
	at games.strategy.engine.framework.ServerGame.startStep(ServerGame.java:611)
	at games.strategy.engine.framework.ServerGame.runStep(ServerGame.java:471)
	at games.strategy.engine.framework.ServerGame.runNextStep(ServerGame.java:365)
	at games.strategy.engine.framework.ServerGame.startGame(ServerGame.java:333)
	at games.strategy.engine.framework.startup.launcher.LocalLauncher.launchInternal(LocalLauncher.java:92)
	at games.strategy.engine.framework.startup.launcher.LocalLauncher.lambda$launch$0(LocalLauncher.java:60)
	at java.base/java.lang.Thread.run(Thread.java:840)
293991 18:23:15.682 [Thread-8] INFO  org.triplea.sound.ClipPlayer - Unable to create audio device, is there audio on the system? Cannot create AudioDevice
javazoom.jl.decoder.JavaLayerException: Cannot create AudioDevice
	at javazoom.jl.player.FactoryRegistry.createAudioDevice(FactoryRegistry.java:97)
	at org.triplea.sound.ClipPlayer.hasAudio(ClipPlayer.java:144)
	at org.triplea.sound.ClipPlayer.isSoundEnabled(ClipPlayer.java:251)
	at org.triplea.sound.ClipPlayer.play(ClipPlayer.java:220)
	at org.triplea.sound.DefaultSoundChannel.playSoundForAll(DefaultSoundChannel.java:22)
	at jdk.internal.reflect.GeneratedMethodAccessor55.invoke(Unknown Source)
	at java.base/jdk.internal.reflect.DelegatingMethodAccessorImpl.invoke(DelegatingMethodAccessorImpl.java:43)
	at java.base/java.lang.reflect.Method.invoke(Method.java:569)
	at games.strategy.engine.message.unifiedmessenger.EndPoint.invokeSingle(EndPoint.java:137)
	at games.strategy.engine.message.unifiedmessenger.EndPoint.lambda$invokeMultiple$0(EndPoint.java:121)
	at java.base/java.util.stream.ReferencePipeline$3$1.accept(ReferencePipeline.java:197)
	at java.base/java.util.Spliterators$ArraySpliterator.forEachRemaining(Spliterators.java:992)
	at java.base/java.util.stream.AbstractPipeline.copyInto(AbstractPipeline.java:509)
	at java.base/java.util.stream.AbstractPipeline.wrapAndCopyInto(AbstractPipeline.java:499)
	at java.base/java.util.stream.ReduceOps$ReduceOp.evaluateSequential(ReduceOps.java:921)
	at java.base/java.util.stream.AbstractPipeline.evaluate(AbstractPipeline.java:234)
	at java.base/java.util.stream.ReferencePipeline.collect(ReferencePipeline.java:682)
	at games.strategy.engine.message.unifiedmessenger.EndPoint.invokeMultiple(EndPoint.java:122)
	at games.strategy.engine.message.unifiedmessenger.EndPoint.invokeLocal(EndPoint.java:112)
	at games.strategy.engine.message.unifiedmessenger.UnifiedMessenger.invoke(UnifiedMessenger.java:153)
	at games.strategy.engine.message.UnifiedInvocationHandler.invoke(UnifiedInvocationHandler.java:47)
	at jdk.proxy2/jdk.proxy2.$Proxy25.playSoundForAll(Unknown Source)
	at jdk.internal.reflect.GeneratedMethodAccessor54.invoke(Unknown Source)
	at java.base/jdk.internal.reflect.DelegatingMethodAccessorImpl.invoke(DelegatingMethodAccessorImpl.java:43)
	at java.base/java.lang.reflect.Method.invoke(Method.java:569)
	at games.strategy.engine.delegate.DelegateExecutionManager.lambda$newOutboundImplementation$1(DelegateExecutionManager.java:79)
	at jdk.proxy2/jdk.proxy2.$Proxy25.playSoundForAll(Unknown Source)
	at games.strategy.triplea.delegate.battle.BattleTracker.takeOver(BattleTracker.java:794)
	at games.strategy.triplea.delegate.battle.MustFightBattle.attackerWins(MustFightBattle.java:1430)
	at games.strategy.triplea.delegate.battle.MustFightBattle.endBattle(MustFightBattle.java:462)
	at games.strategy.triplea.delegate.battle.steps.change.CheckGeneralBattleEnd.execute(CheckGeneralBattleEnd.java:64)
	at games.strategy.triplea.delegate.ExecutionStack.execute(ExecutionStack.java:34)
	at games.strategy.triplea.delegate.battle.MustFightBattle.fight(MustFightBattle.java:690)
	at games.strategy.triplea.delegate.battle.BattleTracker.fightBattleIfOnlyOne(BattleTracker.java:1300)
	at games.strategy.triplea.delegate.battle.BattleDelegate.start(BattleDelegate.java:125)
	at games.strategy.engine.framework.ServerGame.startStep(ServerGame.java:611)
	at games.strategy.engine.framework.ServerGame.runStep(ServerGame.java:471)
	at games.strategy.engine.framework.ServerGame.runNextStep(ServerGame.java:365)
	at games.strategy.engine.framework.ServerGame.startGame(ServerGame.java:333)
	at games.strategy.engine.framework.startup.launcher.LocalLauncher.launchInternal(LocalLauncher.java:92)
	at games.strategy.engine.framework.startup.launcher.LocalLauncher.lambda$launch$0(LocalLauncher.java:60)
	at java.base/java.lang.Thread.run(Thread.java:840)
297575 18:23:19.266 [Thread-8] INFO  org.triplea.sound.ClipPlayer - Unable to create audio device, is there audio on the system? Cannot create AudioDevice
javazoom.jl.decoder.JavaLayerException: Cannot create AudioDevice
	at javazoom.jl.player.FactoryRegistry.createAudioDevice(FactoryRegistry.java:97)
	at org.triplea.sound.ClipPlayer.hasAudio(ClipPlayer.java:144)
	at org.triplea.sound.ClipPlayer.isSoundEnabled(ClipPlayer.java:251)
	at org.triplea.sound.ClipPlayer.play(ClipPlayer.java:220)
	at org.triplea.sound.DefaultSoundChannel.playSoundForAll(DefaultSoundChannel.java:22)
	at jdk.internal.reflect.GeneratedMethodAccessor55.invoke(Unknown Source)
	at java.base/jdk.internal.reflect.DelegatingMethodAccessorImpl.invoke(DelegatingMethodAccessorImpl.java:43)
	at java.base/java.lang.reflect.Method.invoke(Method.java:569)
	at games.strategy.engine.message.unifiedmessenger.EndPoint.invokeSingle(EndPoint.java:137)
	at games.strategy.engine.message.unifiedmessenger.EndPoint.lambda$invokeMultiple$0(EndPoint.java:121)
	at java.base/java.util.stream.ReferencePipeline$3$1.accept(ReferencePipeline.java:197)
	at java.base/java.util.Spliterators$ArraySpliterator.forEachRemaining(Spliterators.java:992)
	at java.base/java.util.stream.AbstractPipeline.copyInto(AbstractPipeline.java:509)
	at java.base/java.util.stream.AbstractPipeline.wrapAndCopyInto(AbstractPipeline.java:499)
	at java.base/java.util.stream.ReduceOps$ReduceOp.evaluateSequential(ReduceOps.java:921)
	at java.base/java.util.stream.AbstractPipeline.evaluate(AbstractPipeline.java:234)
	at java.base/java.util.stream.ReferencePipeline.collect(ReferencePipeline.java:682)
	at games.strategy.engine.message.unifiedmessenger.EndPoint.invokeMultiple(EndPoint.java:122)
	at games.strategy.engine.message.unifiedmessenger.EndPoint.invokeLocal(EndPoint.java:112)
	at games.strategy.engine.message.unifiedmessenger.UnifiedMessenger.invoke(UnifiedMessenger.java:153)
	at games.strategy.engine.message.UnifiedInvocationHandler.invoke(UnifiedInvocationHandler.java:47)
	at jdk.proxy2/jdk.proxy2.$Proxy25.playSoundForAll(Unknown Source)
	at jdk.internal.reflect.GeneratedMethodAccessor54.invoke(Unknown Source)
	at java.base/jdk.internal.reflect.DelegatingMethodAccessorImpl.invoke(DelegatingMethodAccessorImpl.java:43)
	at java.base/java.lang.reflect.Method.invoke(Method.java:569)
	at games.strategy.engine.delegate.DelegateExecutionManager.lambda$newOutboundImplementation$1(DelegateExecutionManager.java:79)
	at jdk.proxy2/jdk.proxy2.$Proxy25.playSoundForAll(Unknown Source)
	at games.strategy.triplea.delegate.AbstractPlaceDelegate.placeUnits(AbstractPlaceDelegate.java:302)
	at games.strategy.triplea.delegate.AbstractPlaceDelegate.placeUnits(AbstractPlaceDelegate.java:201)
	at jdk.internal.reflect.GeneratedMethodAccessor42.invoke(Unknown Source)
	at java.base/jdk.internal.reflect.DelegatingMethodAccessorImpl.invoke(DelegatingMethodAccessorImpl.java:43)
	at java.base/java.lang.reflect.Method.invoke(Method.java:569)
	at games.strategy.engine.delegate.DelegateExecutionManager$1.invoke(DelegateExecutionManager.java:120)
	at jdk.proxy2/jdk.proxy2.$Proxy16.placeUnits(Unknown Source)
	at jdk.internal.reflect.GeneratedMethodAccessor61.invoke(Unknown Source)
	at java.base/jdk.internal.reflect.DelegatingMethodAccessorImpl.invoke(DelegatingMethodAccessorImpl.java:43)
	at java.base/java.lang.reflect.Method.invoke(Method.java:569)
	at games.strategy.engine.message.unifiedmessenger.EndPoint.invokeSingle(EndPoint.java:137)
	at games.strategy.engine.message.unifiedmessenger.EndPoint.lambda$invokeMultiple$0(EndPoint.java:121)
	at java.base/java.util.stream.ReferencePipeline$3$1.accept(ReferencePipeline.java:197)
	at java.base/java.util.Spliterators$ArraySpliterator.forEachRemaining(Spliterators.java:992)
	at java.base/java.util.stream.AbstractPipeline.copyInto(AbstractPipeline.java:509)
	at java.base/java.util.stream.AbstractPipeline.wrapAndCopyInto(AbstractPipeline.java:499)
	at java.base/java.util.stream.ReduceOps$ReduceOp.evaluateSequential(ReduceOps.java:921)
	at java.base/java.util.stream.AbstractPipeline.evaluate(AbstractPipeline.java:234)
	at java.base/java.util.stream.ReferencePipeline.collect(ReferencePipeline.java:682)
	at games.strategy.engine.message.unifiedmessenger.EndPoint.invokeMultiple(EndPoint.java:122)
	at games.strategy.engine.message.unifiedmessenger.EndPoint.invokeLocal(EndPoint.java:112)
	at games.strategy.engine.message.unifiedmessenger.UnifiedMessenger.invokeAndWait(UnifiedMessenger.java:97)
	at games.strategy.engine.message.UnifiedInvocationHandler.invoke(UnifiedInvocationHandler.java:55)
	at jdk.proxy2/jdk.proxy2.$Proxy16.placeUnits(Unknown Source)
	at jdk.internal.reflect.GeneratedMethodAccessor42.invoke(Unknown Source)
	at java.base/jdk.internal.reflect.DelegatingMethodAccessorImpl.invoke(DelegatingMethodAccessorImpl.java:43)
	at java.base/java.lang.reflect.Method.invoke(Method.java:569)
	at games.strategy.engine.player.PlayerBridge$GameOverInvocationHandler.invoke(PlayerBridge.java:151)
	at jdk.proxy2/jdk.proxy2.$Proxy16.placeUnits(Unknown Source)
	at games.strategy.triplea.ai.weak.WeakAi.doPlace(WeakAi.java:1110)
	at games.strategy.triplea.ai.weak.WeakAi.placeAllWeCanOn(WeakAi.java:1104)
	at games.strategy.triplea.ai.weak.WeakAi.lambda$place$15(WeakAi.java:1054)
	at java.base/java.util.Optional.ifPresent(Optional.java:178)
	at games.strategy.triplea.ai.weak.WeakAi.place(WeakAi.java:1054)
	at games.strategy.triplea.ai.AbstractAi.start(AbstractAi.java:531)
	at games.strategy.engine.framework.ServerGame.waitForPlayerToFinishStep(ServerGame.java:648)
	at games.strategy.engine.framework.ServerGame.runStep(ServerGame.java:478)
	at games.strategy.engine.framework.ServerGame.runNextStep(ServerGame.java:365)
	at games.strategy.engine.framework.ServerGame.startGame(ServerGame.java:333)
	at games.strategy.engine.framework.startup.launcher.LocalLauncher.launchInternal(LocalLauncher.java:92)
	at games.strategy.engine.framework.startup.launcher.LocalLauncher.lambda$launch$0(LocalLauncher.java:60)
	at java.base/java.lang.Thread.run(Thread.java:840)
299589 18:23:21.280 [Thread-8] INFO  org.triplea.sound.ClipPlayer - Unable to create audio device, is there audio on the system? Cannot create AudioDevice
javazoom.jl.decoder.JavaLayerException: Cannot create AudioDevice
	at javazoom.jl.player.FactoryRegistry.createAudioDevice(FactoryRegistry.java:97)
	at org.triplea.sound.ClipPlayer.hasAudio(ClipPlayer.java:144)
	at org.triplea.sound.ClipPlayer.isSoundEnabled(ClipPlayer.java:251)
	at org.triplea.sound.ClipPlayer.play(ClipPlayer.java:220)
	at org.triplea.sound.DefaultSoundChannel.playSoundForAll(DefaultSoundChannel.java:22)
	at jdk.internal.reflect.GeneratedMethodAccessor55.invoke(Unknown Source)
	at java.base/jdk.internal.reflect.DelegatingMethodAccessorImpl.invoke(DelegatingMethodAccessorImpl.java:43)
	at java.base/java.lang.reflect.Method.invoke(Method.java:569)
	at games.strategy.engine.message.unifiedmessenger.EndPoint.invokeSingle(EndPoint.java:137)
	at games.strategy.engine.message.unifiedmessenger.EndPoint.lambda$invokeMultiple$0(EndPoint.java:121)
	at java.base/java.util.stream.ReferencePipeline$3$1.accept(ReferencePipeline.java:197)
	at java.base/java.util.Spliterators$ArraySpliterator.forEachRemaining(Spliterators.java:992)
	at java.base/java.util.stream.AbstractPipeline.copyInto(AbstractPipeline.java:509)
	at java.base/java.util.stream.AbstractPipeline.wrapAndCopyInto(AbstractPipeline.java:499)
	at java.base/java.util.stream.ReduceOps$ReduceOp.evaluateSequential(ReduceOps.java:921)
	at java.base/java.util.stream.AbstractPipeline.evaluate(AbstractPipeline.java:234)
	at java.base/java.util.stream.ReferencePipeline.collect(ReferencePipeline.java:682)
	at games.strategy.engine.message.unifiedmessenger.EndPoint.invokeMultiple(EndPoint.java:122)
	at games.strategy.engine.message.unifiedmessenger.EndPoint.invokeLocal(EndPoint.java:112)
	at games.strategy.engine.message.unifiedmessenger.UnifiedMessenger.invoke(UnifiedMessenger.java:153)
	at games.strategy.engine.message.UnifiedInvocationHandler.invoke(UnifiedInvocationHandler.java:47)
	at jdk.proxy2/jdk.proxy2.$Proxy25.playSoundForAll(Unknown Source)
	at jdk.internal.reflect.GeneratedMethodAccessor54.invoke(Unknown Source)
	at java.base/jdk.internal.reflect.DelegatingMethodAccessorImpl.invoke(DelegatingMethodAccessorImpl.java:43)
	at java.base/java.lang.reflect.Method.invoke(Method.java:569)
	at games.strategy.engine.delegate.DelegateExecutionManager.lambda$newOutboundImplementation$1(DelegateExecutionManager.java:79)
	at jdk.proxy2/jdk.proxy2.$Proxy25.playSoundForAll(Unknown Source)
	at org.triplea.sound.SoundUtils.playBattleType(SoundUtils.java:42)
	at games.strategy.triplea.delegate.battle.MustFightBattle.fight(MustFightBattle.java:686)
	at games.strategy.triplea.delegate.battle.BattleDelegate.fightBattle(BattleDelegate.java:243)
	at java.base/jdk.internal.reflect.NativeMethodAccessorImpl.invoke0(Native Method)
	at java.base/jdk.internal.reflect.NativeMethodAccessorImpl.invoke(NativeMethodAccessorImpl.java:77)
	at java.base/jdk.internal.reflect.DelegatingMethodAccessorImpl.invoke(DelegatingMethodAccessorImpl.java:43)
	at java.base/java.lang.reflect.Method.invoke(Method.java:569)
	at games.strategy.engine.delegate.DelegateExecutionManager$1.invoke(DelegateExecutionManager.java:120)
	at jdk.proxy2/jdk.proxy2.$Proxy13.fightBattle(Unknown Source)
	at java.base/jdk.internal.reflect.NativeMethodAccessorImpl.invoke0(Native Method)
	at java.base/jdk.internal.reflect.NativeMethodAccessorImpl.invoke(NativeMethodAccessorImpl.java:77)
	at java.base/jdk.internal.reflect.DelegatingMethodAccessorImpl.invoke(DelegatingMethodAccessorImpl.java:43)
	at java.base/java.lang.reflect.Method.invoke(Method.java:569)
	at games.strategy.engine.message.unifiedmessenger.EndPoint.invokeSingle(EndPoint.java:137)
	at games.strategy.engine.message.unifiedmessenger.EndPoint.lambda$invokeMultiple$0(EndPoint.java:121)
	at java.base/java.util.stream.ReferencePipeline$3$1.accept(ReferencePipeline.java:197)
	at java.base/java.util.Spliterators$ArraySpliterator.forEachRemaining(Spliterators.java:992)
	at java.base/java.util.stream.AbstractPipeline.copyInto(AbstractPipeline.java:509)
	at java.base/java.util.stream.AbstractPipeline.wrapAndCopyInto(AbstractPipeline.java:499)
	at java.base/java.util.stream.ReduceOps$ReduceOp.evaluateSequential(ReduceOps.java:921)
	at java.base/java.util.stream.AbstractPipeline.evaluate(AbstractPipeline.java:234)
	at java.base/java.util.stream.ReferencePipeline.collect(ReferencePipeline.java:682)
	at games.strategy.engine.message.unifiedmessenger.EndPoint.invokeMultiple(EndPoint.java:122)
	at games.strategy.engine.message.unifiedmessenger.EndPoint.invokeLocal(EndPoint.java:112)
	at games.strategy.engine.message.unifiedmessenger.UnifiedMessenger.invokeAndWait(UnifiedMessenger.java:97)
	at games.strategy.engine.message.UnifiedInvocationHandler.invoke(UnifiedInvocationHandler.java:55)
	at jdk.proxy2/jdk.proxy2.$Proxy13.fightBattle(Unknown Source)
	at java.base/jdk.internal.reflect.NativeMethodAccessorImpl.invoke0(Native Method)
	at java.base/jdk.internal.reflect.NativeMethodAccessorImpl.invoke(NativeMethodAccessorImpl.java:77)
	at java.base/jdk.internal.reflect.DelegatingMethodAccessorImpl.invoke(DelegatingMethodAccessorImpl.java:43)
	at java.base/java.lang.reflect.Method.invoke(Method.java:569)
	at games.strategy.engine.player.PlayerBridge$GameOverInvocationHandler.invoke(PlayerBridge.java:151)
	at jdk.proxy2/jdk.proxy2.$Proxy13.fightBattle(Unknown Source)
	at games.strategy.triplea.ai.AbstractAi.battle(AbstractAi.java:618)
	at games.strategy.triplea.ai.AbstractAi.start(AbstractAi.java:525)
	at games.strategy.engine.framework.ServerGame.waitForPlayerToFinishStep(ServerGame.java:648)
	at games.strategy.engine.framework.ServerGame.runStep(ServerGame.java:478)
	at games.strategy.engine.framework.ServerGame.runNextStep(ServerGame.java:365)
	at games.strategy.engine.framework.ServerGame.startGame(ServerGame.java:333)
	at games.strategy.engine.framework.startup.launcher.LocalLauncher.launchInternal(LocalLauncher.java:92)
	at games.strategy.engine.framework.startup.launcher.LocalLauncher.lambda$launch$0(LocalLauncher.java:60)
	at java.base/java.lang.Thread.run(Thread.java:840)
306039 18:23:27.730 [Thread-8] INFO  org.triplea.sound.ClipPlayer - Unable to create audio device, is there audio on the system? Cannot create AudioDevice
javazoom.jl.decoder.JavaLayerException: Cannot create AudioDevice
	at javazoom.jl.player.FactoryRegistry.createAudioDevice(FactoryRegistry.java:97)
	at org.triplea.sound.ClipPlayer.hasAudio(ClipPlayer.java:144)
	at org.triplea.sound.ClipPlayer.isSoundEnabled(ClipPlayer.java:251)
	at org.triplea.sound.ClipPlayer.play(ClipPlayer.java:220)
	at org.triplea.sound.DefaultSoundChannel.playSoundForAll(DefaultSoundChannel.java:22)
	at jdk.internal.reflect.GeneratedMethodAccessor55.invoke(Unknown Source)
	at java.base/jdk.internal.reflect.DelegatingMethodAccessorImpl.invoke(DelegatingMethodAccessorImpl.java:43)
	at java.base/java.lang.reflect.Method.invoke(Method.java:569)
	at games.strategy.engine.message.unifiedmessenger.EndPoint.invokeSingle(EndPoint.java:137)
	at games.strategy.engine.message.unifiedmessenger.EndPoint.lambda$invokeMultiple$0(EndPoint.java:121)
	at java.base/java.util.stream.ReferencePipeline$3$1.accept(ReferencePipeline.java:197)
	at java.base/java.util.Spliterators$ArraySpliterator.forEachRemaining(Spliterators.java:992)
	at java.base/java.util.stream.AbstractPipeline.copyInto(AbstractPipeline.java:509)
	at java.base/java.util.stream.AbstractPipeline.wrapAndCopyInto(AbstractPipeline.java:499)
	at java.base/java.util.stream.ReduceOps$ReduceOp.evaluateSequential(ReduceOps.java:921)
	at java.base/java.util.stream.AbstractPipeline.evaluate(AbstractPipeline.java:234)
	at java.base/java.util.stream.ReferencePipeline.collect(ReferencePipeline.java:682)
	at games.strategy.engine.message.unifiedmessenger.EndPoint.invokeMultiple(EndPoint.java:122)
	at games.strategy.engine.message.unifiedmessenger.EndPoint.invokeLocal(EndPoint.java:112)
	at games.strategy.engine.message.unifiedmessenger.UnifiedMessenger.invoke(UnifiedMessenger.java:153)
	at games.strategy.engine.message.UnifiedInvocationHandler.invoke(UnifiedInvocationHandler.java:47)
	at jdk.proxy2/jdk.proxy2.$Proxy25.playSoundForAll(Unknown Source)
	at jdk.internal.reflect.GeneratedMethodAccessor54.invoke(Unknown Source)
	at java.base/jdk.internal.reflect.DelegatingMethodAccessorImpl.invoke(DelegatingMethodAccessorImpl.java:43)
	at java.base/java.lang.reflect.Method.invoke(Method.java:569)
	at games.strategy.engine.delegate.DelegateExecutionManager.lambda$newOutboundImplementation$1(DelegateExecutionManager.java:79)
	at jdk.proxy2/jdk.proxy2.$Proxy25.playSoundForAll(Unknown Source)
	at games.strategy.triplea.delegate.battle.BattleTracker.takeOver(BattleTracker.java:794)
	at games.strategy.triplea.delegate.battle.MustFightBattle.attackerWins(MustFightBattle.java:1430)
	at games.strategy.triplea.delegate.battle.MustFightBattle.endBattle(MustFightBattle.java:462)
	at games.strategy.triplea.delegate.battle.steps.change.CheckGeneralBattleEnd.execute(CheckGeneralBattleEnd.java:64)
	at games.strategy.triplea.delegate.ExecutionStack.execute(ExecutionStack.java:34)
	at games.strategy.triplea.delegate.battle.MustFightBattle.fight(MustFightBattle.java:690)
	at games.strategy.triplea.delegate.battle.BattleDelegate.fightBattle(BattleDelegate.java:243)
	at java.base/jdk.internal.reflect.NativeMethodAccessorImpl.invoke0(Native Method)
	at java.base/jdk.internal.reflect.NativeMethodAccessorImpl.invoke(NativeMethodAccessorImpl.java:77)
	at java.base/jdk.internal.reflect.DelegatingMethodAccessorImpl.invoke(DelegatingMethodAccessorImpl.java:43)
	at java.base/java.lang.reflect.Method.invoke(Method.java:569)
	at games.strategy.engine.delegate.DelegateExecutionManager$1.invoke(DelegateExecutionManager.java:120)
	at jdk.proxy2/jdk.proxy2.$Proxy13.fightBattle(Unknown Source)
	at java.base/jdk.internal.reflect.NativeMethodAccessorImpl.invoke0(Native Method)
	at java.base/jdk.internal.reflect.NativeMethodAccessorImpl.invoke(NativeMethodAccessorImpl.java:77)
	at java.base/jdk.internal.reflect.DelegatingMethodAccessorImpl.invoke(DelegatingMethodAccessorImpl.java:43)
	at java.base/java.lang.reflect.Method.invoke(Method.java:569)
	at games.strategy.engine.message.unifiedmessenger.EndPoint.invokeSingle(EndPoint.java:137)
	at games.strategy.engine.message.unifiedmessenger.EndPoint.lambda$invokeMultiple$0(EndPoint.java:121)
	at java.base/java.util.stream.ReferencePipeline$3$1.accept(ReferencePipeline.java:197)
	at java.base/java.util.Spliterators$ArraySpliterator.forEachRemaining(Spliterators.java:992)
	at java.base/java.util.stream.AbstractPipeline.copyInto(AbstractPipeline.java:509)
	at java.base/java.util.stream.AbstractPipeline.wrapAndCopyInto(AbstractPipeline.java:499)
	at java.base/java.util.stream.ReduceOps$ReduceOp.evaluateSequential(ReduceOps.java:921)
	at java.base/java.util.stream.AbstractPipeline.evaluate(AbstractPipeline.java:234)
	at java.base/java.util.stream.ReferencePipeline.collect(ReferencePipeline.java:682)
	at games.strategy.engine.message.unifiedmessenger.EndPoint.invokeMultiple(EndPoint.java:122)
	at games.strategy.engine.message.unifiedmessenger.EndPoint.invokeLocal(EndPoint.java:112)
	at games.strategy.engine.message.unifiedmessenger.UnifiedMessenger.invokeAndWait(UnifiedMessenger.java:97)
	at games.strategy.engine.message.UnifiedInvocationHandler.invoke(UnifiedInvocationHandler.java:55)
	at jdk.proxy2/jdk.proxy2.$Proxy13.fightBattle(Unknown Source)
	at java.base/jdk.internal.reflect.NativeMethodAccessorImpl.invoke0(Native Method)
	at java.base/jdk.internal.reflect.NativeMethodAccessorImpl.invoke(NativeMethodAccessorImpl.java:77)
	at java.base/jdk.internal.reflect.DelegatingMethodAccessorImpl.invoke(DelegatingMethodAccessorImpl.java:43)
	at java.base/java.lang.reflect.Method.invoke(Method.java:569)
	at games.strategy.engine.player.PlayerBridge$GameOverInvocationHandler.invoke(PlayerBridge.java:151)
	at jdk.proxy2/jdk.proxy2.$Proxy13.fightBattle(Unknown Source)
	at games.strategy.triplea.ai.AbstractAi.battle(AbstractAi.java:618)
	at games.strategy.triplea.ai.AbstractAi.start(AbstractAi.java:525)
	at games.strategy.engine.framework.ServerGame.waitForPlayerToFinishStep(ServerGame.java:648)
	at games.strategy.engine.framework.ServerGame.runStep(ServerGame.java:478)
	at games.strategy.engine.framework.ServerGame.runNextStep(ServerGame.java:365)
	at games.strategy.engine.framework.ServerGame.startGame(ServerGame.java:333)
	at games.strategy.engine.framework.startup.launcher.LocalLauncher.launchInternal(LocalLauncher.java:92)
	at games.strategy.engine.framework.startup.launcher.LocalLauncher.lambda$launch$0(LocalLauncher.java:60)
	at java.base/java.lang.Thread.run(Thread.java:840)
306171 18:23:27.862 [Thread-8] INFO  org.triplea.sound.ClipPlayer - Unable to create audio device, is there audio on the system? Cannot create AudioDevice
javazoom.jl.decoder.JavaLayerException: Cannot create AudioDevice
	at javazoom.jl.player.FactoryRegistry.createAudioDevice(FactoryRegistry.java:97)
	at org.triplea.sound.ClipPlayer.hasAudio(ClipPlayer.java:144)
	at org.triplea.sound.ClipPlayer.isSoundEnabled(ClipPlayer.java:251)
	at org.triplea.sound.ClipPlayer.play(ClipPlayer.java:220)
	at org.triplea.sound.DefaultSoundChannel.playSoundForAll(DefaultSoundChannel.java:22)
	at jdk.internal.reflect.GeneratedMethodAccessor55.invoke(Unknown Source)
	at java.base/jdk.internal.reflect.DelegatingMethodAccessorImpl.invoke(DelegatingMethodAccessorImpl.java:43)
	at java.base/java.lang.reflect.Method.invoke(Method.java:569)
	at games.strategy.engine.message.unifiedmessenger.EndPoint.invokeSingle(EndPoint.java:137)
	at games.strategy.engine.message.unifiedmessenger.EndPoint.lambda$invokeMultiple$0(EndPoint.java:121)
	at java.base/java.util.stream.ReferencePipeline$3$1.accept(ReferencePipeline.java:197)
	at java.base/java.util.Spliterators$ArraySpliterator.forEachRemaining(Spliterators.java:992)
	at java.base/java.util.stream.AbstractPipeline.copyInto(AbstractPipeline.java:509)
	at java.base/java.util.stream.AbstractPipeline.wrapAndCopyInto(AbstractPipeline.java:499)
	at java.base/java.util.stream.ReduceOps$ReduceOp.evaluateSequential(ReduceOps.java:921)
	at java.base/java.util.stream.AbstractPipeline.evaluate(AbstractPipeline.java:234)
	at java.base/java.util.stream.ReferencePipeline.collect(ReferencePipeline.java:682)
	at games.strategy.engine.message.unifiedmessenger.EndPoint.invokeMultiple(EndPoint.java:122)
	at games.strategy.engine.message.unifiedmessenger.EndPoint.invokeLocal(EndPoint.java:112)
	at games.strategy.engine.message.unifiedmessenger.UnifiedMessenger.invoke(UnifiedMessenger.java:153)
	at games.strategy.engine.message.UnifiedInvocationHandler.invoke(UnifiedInvocationHandler.java:47)
	at jdk.proxy2/jdk.proxy2.$Proxy25.playSoundForAll(Unknown Source)
	at jdk.internal.reflect.GeneratedMethodAccessor54.invoke(Unknown Source)
	at java.base/jdk.internal.reflect.DelegatingMethodAccessorImpl.invoke(DelegatingMethodAccessorImpl.java:43)
	at java.base/java.lang.reflect.Method.invoke(Method.java:569)
	at games.strategy.engine.delegate.DelegateExecutionManager.lambda$newOutboundImplementation$1(DelegateExecutionManager.java:79)
	at jdk.proxy2/jdk.proxy2.$Proxy25.playSoundForAll(Unknown Source)
	at org.triplea.sound.SoundUtils.playBattleType(SoundUtils.java:42)
	at games.strategy.triplea.delegate.battle.MustFightBattle.fight(MustFightBattle.java:686)
	at games.strategy.triplea.delegate.battle.BattleDelegate.fightBattle(BattleDelegate.java:243)
	at java.base/jdk.internal.reflect.NativeMethodAccessorImpl.invoke0(Native Method)
	at java.base/jdk.internal.reflect.NativeMethodAccessorImpl.invoke(NativeMethodAccessorImpl.java:77)
	at java.base/jdk.internal.reflect.DelegatingMethodAccessorImpl.invoke(DelegatingMethodAccessorImpl.java:43)
	at java.base/java.lang.reflect.Method.invoke(Method.java:569)
	at games.strategy.engine.delegate.DelegateExecutionManager$1.invoke(DelegateExecutionManager.java:120)
	at jdk.proxy2/jdk.proxy2.$Proxy13.fightBattle(Unknown Source)
	at java.base/jdk.internal.reflect.NativeMethodAccessorImpl.invoke0(Native Method)
	at java.base/jdk.internal.reflect.NativeMethodAccessorImpl.invoke(NativeMethodAccessorImpl.java:77)
	at java.base/jdk.internal.reflect.DelegatingMethodAccessorImpl.invoke(DelegatingMethodAccessorImpl.java:43)
	at java.base/java.lang.reflect.Method.invoke(Method.java:569)
	at games.strategy.engine.message.unifiedmessenger.EndPoint.invokeSingle(EndPoint.java:137)
	at games.strategy.engine.message.unifiedmessenger.EndPoint.lambda$invokeMultiple$0(EndPoint.java:121)
	at java.base/java.util.stream.ReferencePipeline$3$1.accept(ReferencePipeline.java:197)
	at java.base/java.util.Spliterators$ArraySpliterator.forEachRemaining(Spliterators.java:992)
	at java.base/java.util.stream.AbstractPipeline.copyInto(AbstractPipeline.java:509)
	at java.base/java.util.stream.AbstractPipeline.wrapAndCopyInto(AbstractPipeline.java:499)
	at java.base/java.util.stream.ReduceOps$ReduceOp.evaluateSequential(ReduceOps.java:921)
	at java.base/java.util.stream.AbstractPipeline.evaluate(AbstractPipeline.java:234)
	at java.base/java.util.stream.ReferencePipeline.collect(ReferencePipeline.java:682)
	at games.strategy.engine.message.unifiedmessenger.EndPoint.invokeMultiple(EndPoint.java:122)
	at games.strategy.engine.message.unifiedmessenger.EndPoint.invokeLocal(EndPoint.java:112)
	at games.strategy.engine.message.unifiedmessenger.UnifiedMessenger.invokeAndWait(UnifiedMessenger.java:97)
	at games.strategy.engine.message.UnifiedInvocationHandler.invoke(UnifiedInvocationHandler.java:55)
	at jdk.proxy2/jdk.proxy2.$Proxy13.fightBattle(Unknown Source)
	at java.base/jdk.internal.reflect.NativeMethodAccessorImpl.invoke0(Native Method)
	at java.base/jdk.internal.reflect.NativeMethodAccessorImpl.invoke(NativeMethodAccessorImpl.java:77)
	at java.base/jdk.internal.reflect.DelegatingMethodAccessorImpl.invoke(DelegatingMethodAccessorImpl.java:43)
	at java.base/java.lang.reflect.Method.invoke(Method.java:569)
	at games.strategy.engine.player.PlayerBridge$GameOverInvocationHandler.invoke(PlayerBridge.java:151)
	at jdk.proxy2/jdk.proxy2.$Proxy13.fightBattle(Unknown Source)
	at games.strategy.triplea.ai.AbstractAi.battle(AbstractAi.java:618)
	at games.strategy.triplea.ai.AbstractAi.start(AbstractAi.java:525)
	at games.strategy.engine.framework.ServerGame.waitForPlayerToFinishStep(ServerGame.java:648)
	at games.strategy.engine.framework.ServerGame.runStep(ServerGame.java:478)
	at games.strategy.engine.framework.ServerGame.runNextStep(ServerGame.java:365)
	at games.strategy.engine.framework.ServerGame.startGame(ServerGame.java:333)
	at games.strategy.engine.framework.startup.launcher.LocalLauncher.launchInternal(LocalLauncher.java:92)
	at games.strategy.engine.framework.startup.launcher.LocalLauncher.lambda$launch$0(LocalLauncher.java:60)
	at java.base/java.lang.Thread.run(Thread.java:840)
308347 18:23:30.038 [Thread-8] INFO  org.triplea.sound.ClipPlayer - Unable to create audio device, is there audio on the system? Cannot create AudioDevice
javazoom.jl.decoder.JavaLayerException: Cannot create AudioDevice
	at javazoom.jl.player.FactoryRegistry.createAudioDevice(FactoryRegistry.java:97)
	at org.triplea.sound.ClipPlayer.hasAudio(ClipPlayer.java:144)
	at org.triplea.sound.ClipPlayer.isSoundEnabled(ClipPlayer.java:251)
	at org.triplea.sound.ClipPlayer.play(ClipPlayer.java:220)
	at org.triplea.sound.DefaultSoundChannel.playSoundForAll(DefaultSoundChannel.java:22)
	at jdk.internal.reflect.GeneratedMethodAccessor55.invoke(Unknown Source)
	at java.base/jdk.internal.reflect.DelegatingMethodAccessorImpl.invoke(DelegatingMethodAccessorImpl.java:43)
	at java.base/java.lang.reflect.Method.invoke(Method.java:569)
	at games.strategy.engine.message.unifiedmessenger.EndPoint.invokeSingle(EndPoint.java:137)
	at games.strategy.engine.message.unifiedmessenger.EndPoint.lambda$invokeMultiple$0(EndPoint.java:121)
	at java.base/java.util.stream.ReferencePipeline$3$1.accept(ReferencePipeline.java:197)
	at java.base/java.util.Spliterators$ArraySpliterator.forEachRemaining(Spliterators.java:992)
	at java.base/java.util.stream.AbstractPipeline.copyInto(AbstractPipeline.java:509)
	at java.base/java.util.stream.AbstractPipeline.wrapAndCopyInto(AbstractPipeline.java:499)
	at java.base/java.util.stream.ReduceOps$ReduceOp.evaluateSequential(ReduceOps.java:921)
	at java.base/java.util.stream.AbstractPipeline.evaluate(AbstractPipeline.java:234)
	at java.base/java.util.stream.ReferencePipeline.collect(ReferencePipeline.java:682)
	at games.strategy.engine.message.unifiedmessenger.EndPoint.invokeMultiple(EndPoint.java:122)
	at games.strategy.engine.message.unifiedmessenger.EndPoint.invokeLocal(EndPoint.java:112)
	at games.strategy.engine.message.unifiedmessenger.UnifiedMessenger.invoke(UnifiedMessenger.java:153)
	at games.strategy.engine.message.UnifiedInvocationHandler.invoke(UnifiedInvocationHandler.java:47)
	at jdk.proxy2/jdk.proxy2.$Proxy25.playSoundForAll(Unknown Source)
	at jdk.internal.reflect.GeneratedMethodAccessor54.invoke(Unknown Source)
	at java.base/jdk.internal.reflect.DelegatingMethodAccessorImpl.invoke(DelegatingMethodAccessorImpl.java:43)
	at java.base/java.lang.reflect.Method.invoke(Method.java:569)
	at games.strategy.engine.delegate.DelegateExecutionManager.lambda$newOutboundImplementation$1(DelegateExecutionManager.java:79)
	at jdk.proxy2/jdk.proxy2.$Proxy25.playSoundForAll(Unknown Source)
	at games.strategy.triplea.delegate.battle.BattleTracker.takeOver(BattleTracker.java:794)
	at games.strategy.triplea.delegate.battle.MustFightBattle.attackerWins(MustFightBattle.java:1430)
	at games.strategy.triplea.delegate.battle.MustFightBattle.endBattle(MustFightBattle.java:462)
	at games.strategy.triplea.delegate.battle.steps.change.CheckGeneralBattleEnd.execute(CheckGeneralBattleEnd.java:64)
	at games.strategy.triplea.delegate.ExecutionStack.execute(ExecutionStack.java:34)
	at games.strategy.triplea.delegate.battle.MustFightBattle.fight(MustFightBattle.java:690)
	at games.strategy.triplea.delegate.battle.BattleDelegate.fightBattle(BattleDelegate.java:243)
	at java.base/jdk.internal.reflect.NativeMethodAccessorImpl.invoke0(Native Method)
	at java.base/jdk.internal.reflect.NativeMethodAccessorImpl.invoke(NativeMethodAccessorImpl.java:77)
	at java.base/jdk.internal.reflect.DelegatingMethodAccessorImpl.invoke(DelegatingMethodAccessorImpl.java:43)
	at java.base/java.lang.reflect.Method.invoke(Method.java:569)
	at games.strategy.engine.delegate.DelegateExecutionManager$1.invoke(DelegateExecutionManager.java:120)
	at jdk.proxy2/jdk.proxy2.$Proxy13.fightBattle(Unknown Source)
	at java.base/jdk.internal.reflect.NativeMethodAccessorImpl.invoke0(Native Method)
	at java.base/jdk.internal.reflect.NativeMethodAccessorImpl.invoke(NativeMethodAccessorImpl.java:77)
	at java.base/jdk.internal.reflect.DelegatingMethodAccessorImpl.invoke(DelegatingMethodAccessorImpl.java:43)
	at java.base/java.lang.reflect.Method.invoke(Method.java:569)
	at games.strategy.engine.message.unifiedmessenger.EndPoint.invokeSingle(EndPoint.java:137)
	at games.strategy.engine.message.unifiedmessenger.EndPoint.lambda$invokeMultiple$0(EndPoint.java:121)
	at java.base/java.util.stream.ReferencePipeline$3$1.accept(ReferencePipeline.java:197)
	at java.base/java.util.Spliterators$ArraySpliterator.forEachRemaining(Spliterators.java:992)
	at java.base/java.util.stream.AbstractPipeline.copyInto(AbstractPipeline.java:509)
	at java.base/java.util.stream.AbstractPipeline.wrapAndCopyInto(AbstractPipeline.java:499)
	at java.base/java.util.stream.ReduceOps$ReduceOp.evaluateSequential(ReduceOps.java:921)
	at java.base/java.util.stream.AbstractPipeline.evaluate(AbstractPipeline.java:234)
	at java.base/java.util.stream.ReferencePipeline.collect(ReferencePipeline.java:682)
	at games.strategy.engine.message.unifiedmessenger.EndPoint.invokeMultiple(EndPoint.java:122)
	at games.strategy.engine.message.unifiedmessenger.EndPoint.invokeLocal(EndPoint.java:112)
	at games.strategy.engine.message.unifiedmessenger.UnifiedMessenger.invokeAndWait(UnifiedMessenger.java:97)
	at games.strategy.engine.message.UnifiedInvocationHandler.invoke(UnifiedInvocationHandler.java:55)
	at jdk.proxy2/jdk.proxy2.$Proxy13.fightBattle(Unknown Source)
	at java.base/jdk.internal.reflect.NativeMethodAccessorImpl.invoke0(Native Method)
	at java.base/jdk.internal.reflect.NativeMethodAccessorImpl.invoke(NativeMethodAccessorImpl.java:77)
	at java.base/jdk.internal.reflect.DelegatingMethodAccessorImpl.invoke(DelegatingMethodAccessorImpl.java:43)
	at java.base/java.lang.reflect.Method.invoke(Method.java:569)
	at games.strategy.engine.player.PlayerBridge$GameOverInvocationHandler.invoke(PlayerBridge.java:151)
	at jdk.proxy2/jdk.proxy2.$Proxy13.fightBattle(Unknown Source)
	at games.strategy.triplea.ai.AbstractAi.battle(AbstractAi.java:618)
	at games.strategy.triplea.ai.AbstractAi.start(AbstractAi.java:525)
	at games.strategy.engine.framework.ServerGame.waitForPlayerToFinishStep(ServerGame.java:648)
	at games.strategy.engine.framework.ServerGame.runStep(ServerGame.java:478)
	at games.strategy.engine.framework.ServerGame.runNextStep(ServerGame.java:365)
	at games.strategy.engine.framework.ServerGame.startGame(ServerGame.java:333)
	at games.strategy.engine.framework.startup.launcher.LocalLauncher.launchInternal(LocalLauncher.java:92)
	at games.strategy.engine.framework.startup.launcher.LocalLauncher.lambda$launch$0(LocalLauncher.java:60)
	at java.base/java.lang.Thread.run(Thread.java:840)
310730 18:23:32.421 [Thread-8] INFO  org.triplea.sound.ClipPlayer - Unable to create audio device, is there audio on the system? Cannot create AudioDevice
javazoom.jl.decoder.JavaLayerException: Cannot create AudioDevice
	at javazoom.jl.player.FactoryRegistry.createAudioDevice(FactoryRegistry.java:97)
	at org.triplea.sound.ClipPlayer.hasAudio(ClipPlayer.java:144)
	at org.triplea.sound.ClipPlayer.isSoundEnabled(ClipPlayer.java:251)
	at org.triplea.sound.ClipPlayer.play(ClipPlayer.java:220)
	at org.triplea.sound.DefaultSoundChannel.playSoundForAll(DefaultSoundChannel.java:22)
	at jdk.internal.reflect.GeneratedMethodAccessor55.invoke(Unknown Source)
	at java.base/jdk.internal.reflect.DelegatingMethodAccessorImpl.invoke(DelegatingMethodAccessorImpl.java:43)
	at java.base/java.lang.reflect.Method.invoke(Method.java:569)
	at games.strategy.engine.message.unifiedmessenger.EndPoint.invokeSingle(EndPoint.java:137)
	at games.strategy.engine.message.unifiedmessenger.EndPoint.lambda$invokeMultiple$0(EndPoint.java:121)
	at java.base/java.util.stream.ReferencePipeline$3$1.accept(ReferencePipeline.java:197)
	at java.base/java.util.Spliterators$ArraySpliterator.forEachRemaining(Spliterators.java:992)
	at java.base/java.util.stream.AbstractPipeline.copyInto(AbstractPipeline.java:509)
	at java.base/java.util.stream.AbstractPipeline.wrapAndCopyInto(AbstractPipeline.java:499)
	at java.base/java.util.stream.ReduceOps$ReduceOp.evaluateSequential(ReduceOps.java:921)
	at java.base/java.util.stream.AbstractPipeline.evaluate(AbstractPipeline.java:234)
	at java.base/java.util.stream.ReferencePipeline.collect(ReferencePipeline.java:682)
	at games.strategy.engine.message.unifiedmessenger.EndPoint.invokeMultiple(EndPoint.java:122)
	at games.strategy.engine.message.unifiedmessenger.EndPoint.invokeLocal(EndPoint.java:112)
	at games.strategy.engine.message.unifiedmessenger.UnifiedMessenger.invoke(UnifiedMessenger.java:153)
	at games.strategy.engine.message.UnifiedInvocationHandler.invoke(UnifiedInvocationHandler.java:47)
	at jdk.proxy2/jdk.proxy2.$Proxy25.playSoundForAll(Unknown Source)
	at jdk.internal.reflect.GeneratedMethodAccessor54.invoke(Unknown Source)
	at java.base/jdk.internal.reflect.DelegatingMethodAccessorImpl.invoke(DelegatingMethodAccessorImpl.java:43)
	at java.base/java.lang.reflect.Method.invoke(Method.java:569)
	at games.strategy.engine.delegate.DelegateExecutionManager.lambda$newOutboundImplementation$1(DelegateExecutionManager.java:79)
	at jdk.proxy2/jdk.proxy2.$Proxy25.playSoundForAll(Unknown Source)
	at games.strategy.triplea.delegate.AbstractPlaceDelegate.placeUnits(AbstractPlaceDelegate.java:302)
	at games.strategy.triplea.delegate.AbstractPlaceDelegate.placeUnits(AbstractPlaceDelegate.java:201)
	at jdk.internal.reflect.GeneratedMethodAccessor42.invoke(Unknown Source)
	at java.base/jdk.internal.reflect.DelegatingMethodAccessorImpl.invoke(DelegatingMethodAccessorImpl.java:43)
	at java.base/java.lang.reflect.Method.invoke(Method.java:569)
	at games.strategy.engine.delegate.DelegateExecutionManager$1.invoke(DelegateExecutionManager.java:120)
	at jdk.proxy2/jdk.proxy2.$Proxy16.placeUnits(Unknown Source)
	at jdk.internal.reflect.GeneratedMethodAccessor61.invoke(Unknown Source)
	at java.base/jdk.internal.reflect.DelegatingMethodAccessorImpl.invoke(DelegatingMethodAccessorImpl.java:43)
	at java.base/java.lang.reflect.Method.invoke(Method.java:569)
	at games.strategy.engine.message.unifiedmessenger.EndPoint.invokeSingle(EndPoint.java:137)
	at games.strategy.engine.message.unifiedmessenger.EndPoint.lambda$invokeMultiple$0(EndPoint.java:121)
	at java.base/java.util.stream.ReferencePipeline$3$1.accept(ReferencePipeline.java:197)
	at java.base/java.util.Spliterators$ArraySpliterator.forEachRemaining(Spliterators.java:992)
	at java.base/java.util.stream.AbstractPipeline.copyInto(AbstractPipeline.java:509)
	at java.base/java.util.stream.AbstractPipeline.wrapAndCopyInto(AbstractPipeline.java:499)
	at java.base/java.util.stream.ReduceOps$ReduceOp.evaluateSequential(ReduceOps.java:921)
	at java.base/java.util.stream.AbstractPipeline.evaluate(AbstractPipeline.java:234)
	at java.base/java.util.stream.ReferencePipeline.collect(ReferencePipeline.java:682)
	at games.strategy.engine.message.unifiedmessenger.EndPoint.invokeMultiple(EndPoint.java:122)
	at games.strategy.engine.message.unifiedmessenger.EndPoint.invokeLocal(EndPoint.java:112)
	at games.strategy.engine.message.unifiedmessenger.UnifiedMessenger.invokeAndWait(UnifiedMessenger.java:97)
	at games.strategy.engine.message.UnifiedInvocationHandler.invoke(UnifiedInvocationHandler.java:55)
	at jdk.proxy2/jdk.proxy2.$Proxy16.placeUnits(Unknown Source)
	at jdk.internal.reflect.GeneratedMethodAccessor42.invoke(Unknown Source)
	at java.base/jdk.internal.reflect.DelegatingMethodAccessorImpl.invoke(DelegatingMethodAccessorImpl.java:43)
	at java.base/java.lang.reflect.Method.invoke(Method.java:569)
	at games.strategy.engine.player.PlayerBridge$GameOverInvocationHandler.invoke(PlayerBridge.java:151)
	at jdk.proxy2/jdk.proxy2.$Proxy16.placeUnits(Unknown Source)
	at games.strategy.triplea.ai.weak.WeakAi.doPlace(WeakAi.java:1110)
	at games.strategy.triplea.ai.weak.WeakAi.placeAllWeCanOn(WeakAi.java:1104)
	at games.strategy.triplea.ai.weak.WeakAi.lambda$place$15(WeakAi.java:1054)
	at java.base/java.util.Optional.ifPresent(Optional.java:178)
	at games.strategy.triplea.ai.weak.WeakAi.place(WeakAi.java:1054)
	at games.strategy.triplea.ai.AbstractAi.start(AbstractAi.java:531)
	at games.strategy.engine.framework.ServerGame.waitForPlayerToFinishStep(ServerGame.java:648)
	at games.strategy.engine.framework.ServerGame.runStep(ServerGame.java:478)
	at games.strategy.engine.framework.ServerGame.runNextStep(ServerGame.java:365)
	at games.strategy.engine.framework.ServerGame.startGame(ServerGame.java:333)
	at games.strategy.engine.framework.startup.launcher.LocalLauncher.launchInternal(LocalLauncher.java:92)
	at games.strategy.engine.framework.startup.launcher.LocalLauncher.lambda$launch$0(LocalLauncher.java:60)
	at java.base/java.lang.Thread.run(Thread.java:840)
314655 18:23:36.346 [Thread-8] INFO  org.triplea.sound.ClipPlayer - Unable to create audio device, is there audio on the system? Cannot create AudioDevice
javazoom.jl.decoder.JavaLayerException: Cannot create AudioDevice
	at javazoom.jl.player.FactoryRegistry.createAudioDevice(FactoryRegistry.java:97)
	at org.triplea.sound.ClipPlayer.hasAudio(ClipPlayer.java:144)
	at org.triplea.sound.ClipPlayer.isSoundEnabled(ClipPlayer.java:251)
	at org.triplea.sound.ClipPlayer.play(ClipPlayer.java:220)
	at org.triplea.sound.DefaultSoundChannel.playSoundForAll(DefaultSoundChannel.java:22)
	at jdk.internal.reflect.GeneratedMethodAccessor55.invoke(Unknown Source)
	at java.base/jdk.internal.reflect.DelegatingMethodAccessorImpl.invoke(DelegatingMethodAccessorImpl.java:43)
	at java.base/java.lang.reflect.Method.invoke(Method.java:569)
	at games.strategy.engine.message.unifiedmessenger.EndPoint.invokeSingle(EndPoint.java:137)
	at games.strategy.engine.message.unifiedmessenger.EndPoint.lambda$invokeMultiple$0(EndPoint.java:121)
	at java.base/java.util.stream.ReferencePipeline$3$1.accept(ReferencePipeline.java:197)
	at java.base/java.util.Spliterators$ArraySpliterator.forEachRemaining(Spliterators.java:992)
	at java.base/java.util.stream.AbstractPipeline.copyInto(AbstractPipeline.java:509)
	at java.base/java.util.stream.AbstractPipeline.wrapAndCopyInto(AbstractPipeline.java:499)
	at java.base/java.util.stream.ReduceOps$ReduceOp.evaluateSequential(ReduceOps.java:921)
	at java.base/java.util.stream.AbstractPipeline.evaluate(AbstractPipeline.java:234)
	at java.base/java.util.stream.ReferencePipeline.collect(ReferencePipeline.java:682)
	at games.strategy.engine.message.unifiedmessenger.EndPoint.invokeMultiple(EndPoint.java:122)
	at games.strategy.engine.message.unifiedmessenger.EndPoint.invokeLocal(EndPoint.java:112)
	at games.strategy.engine.message.unifiedmessenger.UnifiedMessenger.invoke(UnifiedMessenger.java:153)
	at games.strategy.engine.message.UnifiedInvocationHandler.invoke(UnifiedInvocationHandler.java:47)
	at jdk.proxy2/jdk.proxy2.$Proxy25.playSoundForAll(Unknown Source)
	at jdk.internal.reflect.GeneratedMethodAccessor54.invoke(Unknown Source)
	at java.base/jdk.internal.reflect.DelegatingMethodAccessorImpl.invoke(DelegatingMethodAccessorImpl.java:43)
	at java.base/java.lang.reflect.Method.invoke(Method.java:569)
	at games.strategy.engine.delegate.DelegateExecutionManager.lambda$newOutboundImplementation$1(DelegateExecutionManager.java:79)
	at jdk.proxy2/jdk.proxy2.$Proxy25.playSoundForAll(Unknown Source)
	at org.triplea.sound.SoundUtils.playBattleType(SoundUtils.java:42)
	at games.strategy.triplea.delegate.battle.MustFightBattle.fight(MustFightBattle.java:686)
	at games.strategy.triplea.delegate.battle.BattleTracker.fightBattleIfOnlyOne(BattleTracker.java:1300)
	at games.strategy.triplea.delegate.battle.BattleDelegate.start(BattleDelegate.java:125)
	at games.strategy.engine.framework.ServerGame.startStep(ServerGame.java:611)
	at games.strategy.engine.framework.ServerGame.runStep(ServerGame.java:471)
	at games.strategy.engine.framework.ServerGame.runNextStep(ServerGame.java:365)
	at games.strategy.engine.framework.ServerGame.startGame(ServerGame.java:333)
	at games.strategy.engine.framework.startup.launcher.LocalLauncher.launchInternal(LocalLauncher.java:92)
	at games.strategy.engine.framework.startup.launcher.LocalLauncher.lambda$launch$0(LocalLauncher.java:60)
	at java.base/java.lang.Thread.run(Thread.java:840)
319103 18:23:40.794 [Thread-8] INFO  org.triplea.sound.ClipPlayer - Unable to create audio device, is there audio on the system? Cannot create AudioDevice
javazoom.jl.decoder.JavaLayerException: Cannot create AudioDevice
	at javazoom.jl.player.FactoryRegistry.createAudioDevice(FactoryRegistry.java:97)
	at org.triplea.sound.ClipPlayer.hasAudio(ClipPlayer.java:144)
	at org.triplea.sound.ClipPlayer.isSoundEnabled(ClipPlayer.java:251)
	at org.triplea.sound.ClipPlayer.play(ClipPlayer.java:220)
	at org.triplea.sound.DefaultSoundChannel.playSoundForAll(DefaultSoundChannel.java:22)
	at jdk.internal.reflect.GeneratedMethodAccessor55.invoke(Unknown Source)
	at java.base/jdk.internal.reflect.DelegatingMethodAccessorImpl.invoke(DelegatingMethodAccessorImpl.java:43)
	at java.base/java.lang.reflect.Method.invoke(Method.java:569)
	at games.strategy.engine.message.unifiedmessenger.EndPoint.invokeSingle(EndPoint.java:137)
	at games.strategy.engine.message.unifiedmessenger.EndPoint.lambda$invokeMultiple$0(EndPoint.java:121)
	at java.base/java.util.stream.ReferencePipeline$3$1.accept(ReferencePipeline.java:197)
	at java.base/java.util.Spliterators$ArraySpliterator.forEachRemaining(Spliterators.java:992)
	at java.base/java.util.stream.AbstractPipeline.copyInto(AbstractPipeline.java:509)
	at java.base/java.util.stream.AbstractPipeline.wrapAndCopyInto(AbstractPipeline.java:499)
	at java.base/java.util.stream.ReduceOps$ReduceOp.evaluateSequential(ReduceOps.java:921)
	at java.base/java.util.stream.AbstractPipeline.evaluate(AbstractPipeline.java:234)
	at java.base/java.util.stream.ReferencePipeline.collect(ReferencePipeline.java:682)
	at games.strategy.engine.message.unifiedmessenger.EndPoint.invokeMultiple(EndPoint.java:122)
	at games.strategy.engine.message.unifiedmessenger.EndPoint.invokeLocal(EndPoint.java:112)
	at games.strategy.engine.message.unifiedmessenger.UnifiedMessenger.invoke(UnifiedMessenger.java:153)
	at games.strategy.engine.message.UnifiedInvocationHandler.invoke(UnifiedInvocationHandler.java:47)
	at jdk.proxy2/jdk.proxy2.$Proxy25.playSoundForAll(Unknown Source)
	at jdk.internal.reflect.GeneratedMethodAccessor54.invoke(Unknown Source)
	at java.base/jdk.internal.reflect.DelegatingMethodAccessorImpl.invoke(DelegatingMethodAccessorImpl.java:43)
	at java.base/java.lang.reflect.Method.invoke(Method.java:569)
	at games.strategy.engine.delegate.DelegateExecutionManager.lambda$newOutboundImplementation$1(DelegateExecutionManager.java:79)
	at jdk.proxy2/jdk.proxy2.$Proxy25.playSoundForAll(Unknown Source)
	at games.strategy.triplea.delegate.battle.BattleTracker.takeOver(BattleTracker.java:794)
	at games.strategy.triplea.delegate.battle.MustFightBattle.attackerWins(MustFightBattle.java:1430)
	at games.strategy.triplea.delegate.battle.MustFightBattle.endBattle(MustFightBattle.java:462)
	at games.strategy.triplea.delegate.battle.steps.change.CheckGeneralBattleEnd.execute(CheckGeneralBattleEnd.java:64)
	at games.strategy.triplea.delegate.ExecutionStack.execute(ExecutionStack.java:34)
	at games.strategy.triplea.delegate.battle.MustFightBattle.fight(MustFightBattle.java:690)
	at games.strategy.triplea.delegate.battle.BattleTracker.fightBattleIfOnlyOne(BattleTracker.java:1300)
	at games.strategy.triplea.delegate.battle.BattleDelegate.start(BattleDelegate.java:125)
	at games.strategy.engine.framework.ServerGame.startStep(ServerGame.java:611)
	at games.strategy.engine.framework.ServerGame.runStep(ServerGame.java:471)
	at games.strategy.engine.framework.ServerGame.runNextStep(ServerGame.java:365)
	at games.strategy.engine.framework.ServerGame.startGame(ServerGame.java:333)
	at games.strategy.engine.framework.startup.launcher.LocalLauncher.launchInternal(LocalLauncher.java:92)
	at games.strategy.engine.framework.startup.launcher.LocalLauncher.lambda$launch$0(LocalLauncher.java:60)
	at java.base/java.lang.Thread.run(Thread.java:840)
320403 18:23:42.094 [Thread-8] INFO  org.triplea.sound.ClipPlayer - Unable to create audio device, is there audio on the system? Cannot create AudioDevice
javazoom.jl.decoder.JavaLayerException: Cannot create AudioDevice
	at javazoom.jl.player.FactoryRegistry.createAudioDevice(FactoryRegistry.java:97)
	at org.triplea.sound.ClipPlayer.hasAudio(ClipPlayer.java:144)
	at org.triplea.sound.ClipPlayer.isSoundEnabled(ClipPlayer.java:251)
	at org.triplea.sound.ClipPlayer.play(ClipPlayer.java:220)
	at org.triplea.sound.DefaultSoundChannel.playSoundForAll(DefaultSoundChannel.java:22)
	at jdk.internal.reflect.GeneratedMethodAccessor55.invoke(Unknown Source)
	at java.base/jdk.internal.reflect.DelegatingMethodAccessorImpl.invoke(DelegatingMethodAccessorImpl.java:43)
	at java.base/java.lang.reflect.Method.invoke(Method.java:569)
	at games.strategy.engine.message.unifiedmessenger.EndPoint.invokeSingle(EndPoint.java:137)
	at games.strategy.engine.message.unifiedmessenger.EndPoint.lambda$invokeMultiple$0(EndPoint.java:121)
	at java.base/java.util.stream.ReferencePipeline$3$1.accept(ReferencePipeline.java:197)
	at java.base/java.util.Spliterators$ArraySpliterator.forEachRemaining(Spliterators.java:992)
	at java.base/java.util.stream.AbstractPipeline.copyInto(AbstractPipeline.java:509)
	at java.base/java.util.stream.AbstractPipeline.wrapAndCopyInto(AbstractPipeline.java:499)
	at java.base/java.util.stream.ReduceOps$ReduceOp.evaluateSequential(ReduceOps.java:921)
	at java.base/java.util.stream.AbstractPipeline.evaluate(AbstractPipeline.java:234)
	at java.base/java.util.stream.ReferencePipeline.collect(ReferencePipeline.java:682)
	at games.strategy.engine.message.unifiedmessenger.EndPoint.invokeMultiple(EndPoint.java:122)
	at games.strategy.engine.message.unifiedmessenger.EndPoint.invokeLocal(EndPoint.java:112)
	at games.strategy.engine.message.unifiedmessenger.UnifiedMessenger.invoke(UnifiedMessenger.java:153)
	at games.strategy.engine.message.UnifiedInvocationHandler.invoke(UnifiedInvocationHandler.java:47)
	at jdk.proxy2/jdk.proxy2.$Proxy25.playSoundForAll(Unknown Source)
	at jdk.internal.reflect.GeneratedMethodAccessor54.invoke(Unknown Source)
	at java.base/jdk.internal.reflect.DelegatingMethodAccessorImpl.invoke(DelegatingMethodAccessorImpl.java:43)
	at java.base/java.lang.reflect.Method.invoke(Method.java:569)
	at games.strategy.engine.delegate.DelegateExecutionManager.lambda$newOutboundImplementation$1(DelegateExecutionManager.java:79)
	at jdk.proxy2/jdk.proxy2.$Proxy25.playSoundForAll(Unknown Source)
	at games.strategy.triplea.delegate.AbstractPlaceDelegate.placeUnits(AbstractPlaceDelegate.java:302)
	at games.strategy.triplea.delegate.AbstractPlaceDelegate.placeUnits(AbstractPlaceDelegate.java:201)
	at jdk.internal.reflect.GeneratedMethodAccessor42.invoke(Unknown Source)
	at java.base/jdk.internal.reflect.DelegatingMethodAccessorImpl.invoke(DelegatingMethodAccessorImpl.java:43)
	at java.base/java.lang.reflect.Method.invoke(Method.java:569)
	at games.strategy.engine.delegate.DelegateExecutionManager$1.invoke(DelegateExecutionManager.java:120)
	at jdk.proxy2/jdk.proxy2.$Proxy16.placeUnits(Unknown Source)
	at jdk.internal.reflect.GeneratedMethodAccessor61.invoke(Unknown Source)
	at java.base/jdk.internal.reflect.DelegatingMethodAccessorImpl.invoke(DelegatingMethodAccessorImpl.java:43)
	at java.base/java.lang.reflect.Method.invoke(Method.java:569)
	at games.strategy.engine.message.unifiedmessenger.EndPoint.invokeSingle(EndPoint.java:137)
	at games.strategy.engine.message.unifiedmessenger.EndPoint.lambda$invokeMultiple$0(EndPoint.java:121)
	at java.base/java.util.stream.ReferencePipeline$3$1.accept(ReferencePipeline.java:197)
	at java.base/java.util.Spliterators$ArraySpliterator.forEachRemaining(Spliterators.java:992)
	at java.base/java.util.stream.AbstractPipeline.copyInto(AbstractPipeline.java:509)
	at java.base/java.util.stream.AbstractPipeline.wrapAndCopyInto(AbstractPipeline.java:499)
	at java.base/java.util.stream.ReduceOps$ReduceOp.evaluateSequential(ReduceOps.java:921)
	at java.base/java.util.stream.AbstractPipeline.evaluate(AbstractPipeline.java:234)
	at java.base/java.util.stream.ReferencePipeline.collect(ReferencePipeline.java:682)
	at games.strategy.engine.message.unifiedmessenger.EndPoint.invokeMultiple(EndPoint.java:122)
	at games.strategy.engine.message.unifiedmessenger.EndPoint.invokeLocal(EndPoint.java:112)
	at games.strategy.engine.message.unifiedmessenger.UnifiedMessenger.invokeAndWait(UnifiedMessenger.java:97)
	at games.strategy.engine.message.UnifiedInvocationHandler.invoke(UnifiedInvocationHandler.java:55)
	at jdk.proxy2/jdk.proxy2.$Proxy16.placeUnits(Unknown Source)
	at jdk.internal.reflect.GeneratedMethodAccessor42.invoke(Unknown Source)
	at java.base/jdk.internal.reflect.DelegatingMethodAccessorImpl.invoke(DelegatingMethodAccessorImpl.java:43)
	at java.base/java.lang.reflect.Method.invoke(Method.java:569)
	at games.strategy.engine.player.PlayerBridge$GameOverInvocationHandler.invoke(PlayerBridge.java:151)
	at jdk.proxy2/jdk.proxy2.$Proxy16.placeUnits(Unknown Source)
	at games.strategy.triplea.ai.tripleMind.ProPurchaseAi.doPlace(ProPurchaseAi.java:2627)
	at games.strategy.triplea.ai.tripleMind.ProPurchaseAi.placeUnits(ProPurchaseAi.java:2545)
	at games.strategy.triplea.ai.tripleMind.ProPurchaseAi.place(ProPurchaseAi.java:562)
	at games.strategy.triplea.ai.tripleMind.AbstractTripleMindAi.place(AbstractTripleMindAi.java:380)
	at games.strategy.triplea.ai.AbstractAi.start(AbstractAi.java:531)
	at games.strategy.engine.framework.ServerGame.waitForPlayerToFinishStep(ServerGame.java:648)
	at games.strategy.engine.framework.ServerGame.runStep(ServerGame.java:478)
	at games.strategy.engine.framework.ServerGame.runNextStep(ServerGame.java:365)
	at games.strategy.engine.framework.ServerGame.startGame(ServerGame.java:333)
	at games.strategy.engine.framework.startup.launcher.LocalLauncher.launchInternal(LocalLauncher.java:92)
	at games.strategy.engine.framework.startup.launcher.LocalLauncher.lambda$launch$0(LocalLauncher.java:60)
	at java.base/java.lang.Thread.run(Thread.java:840)
320539 18:23:42.230 [Thread-8] INFO  org.triplea.sound.ClipPlayer - Unable to create audio device, is there audio on the system? Cannot create AudioDevice
javazoom.jl.decoder.JavaLayerException: Cannot create AudioDevice
	at javazoom.jl.player.FactoryRegistry.createAudioDevice(FactoryRegistry.java:97)
	at org.triplea.sound.ClipPlayer.hasAudio(ClipPlayer.java:144)
	at org.triplea.sound.ClipPlayer.isSoundEnabled(ClipPlayer.java:251)
	at org.triplea.sound.ClipPlayer.play(ClipPlayer.java:220)
	at org.triplea.sound.DefaultSoundChannel.playSoundForAll(DefaultSoundChannel.java:22)
	at jdk.internal.reflect.GeneratedMethodAccessor55.invoke(Unknown Source)
	at java.base/jdk.internal.reflect.DelegatingMethodAccessorImpl.invoke(DelegatingMethodAccessorImpl.java:43)
	at java.base/java.lang.reflect.Method.invoke(Method.java:569)
	at games.strategy.engine.message.unifiedmessenger.EndPoint.invokeSingle(EndPoint.java:137)
	at games.strategy.engine.message.unifiedmessenger.EndPoint.lambda$invokeMultiple$0(EndPoint.java:121)
	at java.base/java.util.stream.ReferencePipeline$3$1.accept(ReferencePipeline.java:197)
	at java.base/java.util.Spliterators$ArraySpliterator.forEachRemaining(Spliterators.java:992)
	at java.base/java.util.stream.AbstractPipeline.copyInto(AbstractPipeline.java:509)
	at java.base/java.util.stream.AbstractPipeline.wrapAndCopyInto(AbstractPipeline.java:499)
	at java.base/java.util.stream.ReduceOps$ReduceOp.evaluateSequential(ReduceOps.java:921)
	at java.base/java.util.stream.AbstractPipeline.evaluate(AbstractPipeline.java:234)
	at java.base/java.util.stream.ReferencePipeline.collect(ReferencePipeline.java:682)
	at games.strategy.engine.message.unifiedmessenger.EndPoint.invokeMultiple(EndPoint.java:122)
	at games.strategy.engine.message.unifiedmessenger.EndPoint.invokeLocal(EndPoint.java:112)
	at games.strategy.engine.message.unifiedmessenger.UnifiedMessenger.invoke(UnifiedMessenger.java:153)
	at games.strategy.engine.message.UnifiedInvocationHandler.invoke(UnifiedInvocationHandler.java:47)
	at jdk.proxy2/jdk.proxy2.$Proxy25.playSoundForAll(Unknown Source)
	at jdk.internal.reflect.GeneratedMethodAccessor54.invoke(Unknown Source)
	at java.base/jdk.internal.reflect.DelegatingMethodAccessorImpl.invoke(DelegatingMethodAccessorImpl.java:43)
	at java.base/java.lang.reflect.Method.invoke(Method.java:569)
	at games.strategy.engine.delegate.DelegateExecutionManager.lambda$newOutboundImplementation$1(DelegateExecutionManager.java:79)
	at jdk.proxy2/jdk.proxy2.$Proxy25.playSoundForAll(Unknown Source)
	at games.strategy.triplea.delegate.AbstractPlaceDelegate.placeUnits(AbstractPlaceDelegate.java:302)
	at games.strategy.triplea.delegate.AbstractPlaceDelegate.placeUnits(AbstractPlaceDelegate.java:201)
	at jdk.internal.reflect.GeneratedMethodAccessor42.invoke(Unknown Source)
	at java.base/jdk.internal.reflect.DelegatingMethodAccessorImpl.invoke(DelegatingMethodAccessorImpl.java:43)
	at java.base/java.lang.reflect.Method.invoke(Method.java:569)
	at games.strategy.engine.delegate.DelegateExecutionManager$1.invoke(DelegateExecutionManager.java:120)
	at jdk.proxy2/jdk.proxy2.$Proxy16.placeUnits(Unknown Source)
	at jdk.internal.reflect.GeneratedMethodAccessor61.invoke(Unknown Source)
	at java.base/jdk.internal.reflect.DelegatingMethodAccessorImpl.invoke(DelegatingMethodAccessorImpl.java:43)
	at java.base/java.lang.reflect.Method.invoke(Method.java:569)
	at games.strategy.engine.message.unifiedmessenger.EndPoint.invokeSingle(EndPoint.java:137)
	at games.strategy.engine.message.unifiedmessenger.EndPoint.lambda$invokeMultiple$0(EndPoint.java:121)
	at java.base/java.util.stream.ReferencePipeline$3$1.accept(ReferencePipeline.java:197)
	at java.base/java.util.Spliterators$ArraySpliterator.forEachRemaining(Spliterators.java:992)
	at java.base/java.util.stream.AbstractPipeline.copyInto(AbstractPipeline.java:509)
	at java.base/java.util.stream.AbstractPipeline.wrapAndCopyInto(AbstractPipeline.java:499)
	at java.base/java.util.stream.ReduceOps$ReduceOp.evaluateSequential(ReduceOps.java:921)
	at java.base/java.util.stream.AbstractPipeline.evaluate(AbstractPipeline.java:234)
	at java.base/java.util.stream.ReferencePipeline.collect(ReferencePipeline.java:682)
	at games.strategy.engine.message.unifiedmessenger.EndPoint.invokeMultiple(EndPoint.java:122)
	at games.strategy.engine.message.unifiedmessenger.EndPoint.invokeLocal(EndPoint.java:112)
	at games.strategy.engine.message.unifiedmessenger.UnifiedMessenger.invokeAndWait(UnifiedMessenger.java:97)
	at games.strategy.engine.message.UnifiedInvocationHandler.invoke(UnifiedInvocationHandler.java:55)
	at jdk.proxy2/jdk.proxy2.$Proxy16.placeUnits(Unknown Source)
	at jdk.internal.reflect.GeneratedMethodAccessor42.invoke(Unknown Source)
	at java.base/jdk.internal.reflect.DelegatingMethodAccessorImpl.invoke(DelegatingMethodAccessorImpl.java:43)
	at java.base/java.lang.reflect.Method.invoke(Method.java:569)
	at games.strategy.engine.player.PlayerBridge$GameOverInvocationHandler.invoke(PlayerBridge.java:151)
	at jdk.proxy2/jdk.proxy2.$Proxy16.placeUnits(Unknown Source)
	at games.strategy.triplea.ai.tripleMind.ProPurchaseAi.doPlace(ProPurchaseAi.java:2627)
	at games.strategy.triplea.ai.tripleMind.ProPurchaseAi.placeUnits(ProPurchaseAi.java:2545)
	at games.strategy.triplea.ai.tripleMind.ProPurchaseAi.place(ProPurchaseAi.java:562)
	at games.strategy.triplea.ai.tripleMind.AbstractTripleMindAi.place(AbstractTripleMindAi.java:380)
	at games.strategy.triplea.ai.AbstractAi.start(AbstractAi.java:531)
	at games.strategy.engine.framework.ServerGame.waitForPlayerToFinishStep(ServerGame.java:648)
	at games.strategy.engine.framework.ServerGame.runStep(ServerGame.java:478)
	at games.strategy.engine.framework.ServerGame.runNextStep(ServerGame.java:365)
	at games.strategy.engine.framework.ServerGame.startGame(ServerGame.java:333)
	at games.strategy.engine.framework.startup.launcher.LocalLauncher.launchInternal(LocalLauncher.java:92)
	at games.strategy.engine.framework.startup.launcher.LocalLauncher.lambda$launch$0(LocalLauncher.java:60)
	at java.base/java.lang.Thread.run(Thread.java:840)
320665 18:23:42.356 [Thread-8] INFO  org.triplea.sound.ClipPlayer - Unable to create audio device, is there audio on the system? Cannot create AudioDevice
javazoom.jl.decoder.JavaLayerException: Cannot create AudioDevice
	at javazoom.jl.player.FactoryRegistry.createAudioDevice(FactoryRegistry.java:97)
	at org.triplea.sound.ClipPlayer.hasAudio(ClipPlayer.java:144)
	at org.triplea.sound.ClipPlayer.isSoundEnabled(ClipPlayer.java:251)
	at org.triplea.sound.ClipPlayer.play(ClipPlayer.java:220)
	at org.triplea.sound.DefaultSoundChannel.playSoundForAll(DefaultSoundChannel.java:22)
	at jdk.internal.reflect.GeneratedMethodAccessor55.invoke(Unknown Source)
	at java.base/jdk.internal.reflect.DelegatingMethodAccessorImpl.invoke(DelegatingMethodAccessorImpl.java:43)
	at java.base/java.lang.reflect.Method.invoke(Method.java:569)
	at games.strategy.engine.message.unifiedmessenger.EndPoint.invokeSingle(EndPoint.java:137)
	at games.strategy.engine.message.unifiedmessenger.EndPoint.lambda$invokeMultiple$0(EndPoint.java:121)
	at java.base/java.util.stream.ReferencePipeline$3$1.accept(ReferencePipeline.java:197)
	at java.base/java.util.Spliterators$ArraySpliterator.forEachRemaining(Spliterators.java:992)
	at java.base/java.util.stream.AbstractPipeline.copyInto(AbstractPipeline.java:509)
	at java.base/java.util.stream.AbstractPipeline.wrapAndCopyInto(AbstractPipeline.java:499)
	at java.base/java.util.stream.ReduceOps$ReduceOp.evaluateSequential(ReduceOps.java:921)
	at java.base/java.util.stream.AbstractPipeline.evaluate(AbstractPipeline.java:234)
	at java.base/java.util.stream.ReferencePipeline.collect(ReferencePipeline.java:682)
	at games.strategy.engine.message.unifiedmessenger.EndPoint.invokeMultiple(EndPoint.java:122)
	at games.strategy.engine.message.unifiedmessenger.EndPoint.invokeLocal(EndPoint.java:112)
	at games.strategy.engine.message.unifiedmessenger.UnifiedMessenger.invoke(UnifiedMessenger.java:153)
	at games.strategy.engine.message.UnifiedInvocationHandler.invoke(UnifiedInvocationHandler.java:47)
	at jdk.proxy2/jdk.proxy2.$Proxy25.playSoundForAll(Unknown Source)
	at jdk.internal.reflect.GeneratedMethodAccessor54.invoke(Unknown Source)
	at java.base/jdk.internal.reflect.DelegatingMethodAccessorImpl.invoke(DelegatingMethodAccessorImpl.java:43)
	at java.base/java.lang.reflect.Method.invoke(Method.java:569)
	at games.strategy.engine.delegate.DelegateExecutionManager.lambda$newOutboundImplementation$1(DelegateExecutionManager.java:79)
	at jdk.proxy2/jdk.proxy2.$Proxy25.playSoundForAll(Unknown Source)
	at games.strategy.triplea.delegate.AbstractPlaceDelegate.placeUnits(AbstractPlaceDelegate.java:302)
	at games.strategy.triplea.delegate.AbstractPlaceDelegate.placeUnits(AbstractPlaceDelegate.java:201)
	at jdk.internal.reflect.GeneratedMethodAccessor42.invoke(Unknown Source)
	at java.base/jdk.internal.reflect.DelegatingMethodAccessorImpl.invoke(DelegatingMethodAccessorImpl.java:43)
	at java.base/java.lang.reflect.Method.invoke(Method.java:569)
	at games.strategy.engine.delegate.DelegateExecutionManager$1.invoke(DelegateExecutionManager.java:120)
	at jdk.proxy2/jdk.proxy2.$Proxy16.placeUnits(Unknown Source)
	at jdk.internal.reflect.GeneratedMethodAccessor61.invoke(Unknown Source)
	at java.base/jdk.internal.reflect.DelegatingMethodAccessorImpl.invoke(DelegatingMethodAccessorImpl.java:43)
	at java.base/java.lang.reflect.Method.invoke(Method.java:569)
	at games.strategy.engine.message.unifiedmessenger.EndPoint.invokeSingle(EndPoint.java:137)
	at games.strategy.engine.message.unifiedmessenger.EndPoint.lambda$invokeMultiple$0(EndPoint.java:121)
	at java.base/java.util.stream.ReferencePipeline$3$1.accept(ReferencePipeline.java:197)
	at java.base/java.util.Spliterators$ArraySpliterator.forEachRemaining(Spliterators.java:992)
	at java.base/java.util.stream.AbstractPipeline.copyInto(AbstractPipeline.java:509)
	at java.base/java.util.stream.AbstractPipeline.wrapAndCopyInto(AbstractPipeline.java:499)
	at java.base/java.util.stream.ReduceOps$ReduceOp.evaluateSequential(ReduceOps.java:921)
	at java.base/java.util.stream.AbstractPipeline.evaluate(AbstractPipeline.java:234)
	at java.base/java.util.stream.ReferencePipeline.collect(ReferencePipeline.java:682)
	at games.strategy.engine.message.unifiedmessenger.EndPoint.invokeMultiple(EndPoint.java:122)
	at games.strategy.engine.message.unifiedmessenger.EndPoint.invokeLocal(EndPoint.java:112)
	at games.strategy.engine.message.unifiedmessenger.UnifiedMessenger.invokeAndWait(UnifiedMessenger.java:97)
	at games.strategy.engine.message.UnifiedInvocationHandler.invoke(UnifiedInvocationHandler.java:55)
	at jdk.proxy2/jdk.proxy2.$Proxy16.placeUnits(Unknown Source)
	at jdk.internal.reflect.GeneratedMethodAccessor42.invoke(Unknown Source)
	at java.base/jdk.internal.reflect.DelegatingMethodAccessorImpl.invoke(DelegatingMethodAccessorImpl.java:43)
	at java.base/java.lang.reflect.Method.invoke(Method.java:569)
	at games.strategy.engine.player.PlayerBridge$GameOverInvocationHandler.invoke(PlayerBridge.java:151)
	at jdk.proxy2/jdk.proxy2.$Proxy16.placeUnits(Unknown Source)
	at games.strategy.triplea.ai.tripleMind.ProPurchaseAi.doPlace(ProPurchaseAi.java:2627)
	at games.strategy.triplea.ai.tripleMind.ProPurchaseAi.placeUnits(ProPurchaseAi.java:2545)
	at games.strategy.triplea.ai.tripleMind.ProPurchaseAi.place(ProPurchaseAi.java:562)
	at games.strategy.triplea.ai.tripleMind.AbstractTripleMindAi.place(AbstractTripleMindAi.java:380)
	at games.strategy.triplea.ai.AbstractAi.start(AbstractAi.java:531)
	at games.strategy.engine.framework.ServerGame.waitForPlayerToFinishStep(ServerGame.java:648)
	at games.strategy.engine.framework.ServerGame.runStep(ServerGame.java:478)
	at games.strategy.engine.framework.ServerGame.runNextStep(ServerGame.java:365)
	at games.strategy.engine.framework.ServerGame.startGame(ServerGame.java:333)
	at games.strategy.engine.framework.startup.launcher.LocalLauncher.launchInternal(LocalLauncher.java:92)
	at games.strategy.engine.framework.startup.launcher.LocalLauncher.lambda$launch$0(LocalLauncher.java:60)
	at java.base/java.lang.Thread.run(Thread.java:840)
320800 18:23:42.491 [Thread-8] INFO  org.triplea.sound.ClipPlayer - Unable to create audio device, is there audio on the system? Cannot create AudioDevice
javazoom.jl.decoder.JavaLayerException: Cannot create AudioDevice
	at javazoom.jl.player.FactoryRegistry.createAudioDevice(FactoryRegistry.java:97)
	at org.triplea.sound.ClipPlayer.hasAudio(ClipPlayer.java:144)
	at org.triplea.sound.ClipPlayer.isSoundEnabled(ClipPlayer.java:251)
	at org.triplea.sound.ClipPlayer.play(ClipPlayer.java:220)
	at org.triplea.sound.DefaultSoundChannel.playSoundForAll(DefaultSoundChannel.java:22)
	at jdk.internal.reflect.GeneratedMethodAccessor55.invoke(Unknown Source)
	at java.base/jdk.internal.reflect.DelegatingMethodAccessorImpl.invoke(DelegatingMethodAccessorImpl.java:43)
	at java.base/java.lang.reflect.Method.invoke(Method.java:569)
	at games.strategy.engine.message.unifiedmessenger.EndPoint.invokeSingle(EndPoint.java:137)
	at games.strategy.engine.message.unifiedmessenger.EndPoint.lambda$invokeMultiple$0(EndPoint.java:121)
	at java.base/java.util.stream.ReferencePipeline$3$1.accept(ReferencePipeline.java:197)
	at java.base/java.util.Spliterators$ArraySpliterator.forEachRemaining(Spliterators.java:992)
	at java.base/java.util.stream.AbstractPipeline.copyInto(AbstractPipeline.java:509)
	at java.base/java.util.stream.AbstractPipeline.wrapAndCopyInto(AbstractPipeline.java:499)
	at java.base/java.util.stream.ReduceOps$ReduceOp.evaluateSequential(ReduceOps.java:921)
	at java.base/java.util.stream.AbstractPipeline.evaluate(AbstractPipeline.java:234)
	at java.base/java.util.stream.ReferencePipeline.collect(ReferencePipeline.java:682)
	at games.strategy.engine.message.unifiedmessenger.EndPoint.invokeMultiple(EndPoint.java:122)
	at games.strategy.engine.message.unifiedmessenger.EndPoint.invokeLocal(EndPoint.java:112)
	at games.strategy.engine.message.unifiedmessenger.UnifiedMessenger.invoke(UnifiedMessenger.java:153)
	at games.strategy.engine.message.UnifiedInvocationHandler.invoke(UnifiedInvocationHandler.java:47)
	at jdk.proxy2/jdk.proxy2.$Proxy25.playSoundForAll(Unknown Source)
	at jdk.internal.reflect.GeneratedMethodAccessor54.invoke(Unknown Source)
	at java.base/jdk.internal.reflect.DelegatingMethodAccessorImpl.invoke(DelegatingMethodAccessorImpl.java:43)
	at java.base/java.lang.reflect.Method.invoke(Method.java:569)
	at games.strategy.engine.delegate.DelegateExecutionManager.lambda$newOutboundImplementation$1(DelegateExecutionManager.java:79)
	at jdk.proxy2/jdk.proxy2.$Proxy25.playSoundForAll(Unknown Source)
	at games.strategy.triplea.delegate.AbstractPlaceDelegate.placeUnits(AbstractPlaceDelegate.java:302)
	at games.strategy.triplea.delegate.AbstractPlaceDelegate.placeUnits(AbstractPlaceDelegate.java:201)
	at jdk.internal.reflect.GeneratedMethodAccessor42.invoke(Unknown Source)
	at java.base/jdk.internal.reflect.DelegatingMethodAccessorImpl.invoke(DelegatingMethodAccessorImpl.java:43)
	at java.base/java.lang.reflect.Method.invoke(Method.java:569)
	at games.strategy.engine.delegate.DelegateExecutionManager$1.invoke(DelegateExecutionManager.java:120)
	at jdk.proxy2/jdk.proxy2.$Proxy16.placeUnits(Unknown Source)
	at jdk.internal.reflect.GeneratedMethodAccessor61.invoke(Unknown Source)
	at java.base/jdk.internal.reflect.DelegatingMethodAccessorImpl.invoke(DelegatingMethodAccessorImpl.java:43)
	at java.base/java.lang.reflect.Method.invoke(Method.java:569)
	at games.strategy.engine.message.unifiedmessenger.EndPoint.invokeSingle(EndPoint.java:137)
	at games.strategy.engine.message.unifiedmessenger.EndPoint.lambda$invokeMultiple$0(EndPoint.java:121)
	at java.base/java.util.stream.ReferencePipeline$3$1.accept(ReferencePipeline.java:197)
	at java.base/java.util.Spliterators$ArraySpliterator.forEachRemaining(Spliterators.java:992)
	at java.base/java.util.stream.AbstractPipeline.copyInto(AbstractPipeline.java:509)
	at java.base/java.util.stream.AbstractPipeline.wrapAndCopyInto(AbstractPipeline.java:499)
	at java.base/java.util.stream.ReduceOps$ReduceOp.evaluateSequential(ReduceOps.java:921)
	at java.base/java.util.stream.AbstractPipeline.evaluate(AbstractPipeline.java:234)
	at java.base/java.util.stream.ReferencePipeline.collect(ReferencePipeline.java:682)
	at games.strategy.engine.message.unifiedmessenger.EndPoint.invokeMultiple(EndPoint.java:122)
	at games.strategy.engine.message.unifiedmessenger.EndPoint.invokeLocal(EndPoint.java:112)
	at games.strategy.engine.message.unifiedmessenger.UnifiedMessenger.invokeAndWait(UnifiedMessenger.java:97)
	at games.strategy.engine.message.UnifiedInvocationHandler.invoke(UnifiedInvocationHandler.java:55)
	at jdk.proxy2/jdk.proxy2.$Proxy16.placeUnits(Unknown Source)
	at jdk.internal.reflect.GeneratedMethodAccessor42.invoke(Unknown Source)
	at java.base/jdk.internal.reflect.DelegatingMethodAccessorImpl.invoke(DelegatingMethodAccessorImpl.java:43)
	at java.base/java.lang.reflect.Method.invoke(Method.java:569)
	at games.strategy.engine.player.PlayerBridge$GameOverInvocationHandler.invoke(PlayerBridge.java:151)
	at jdk.proxy2/jdk.proxy2.$Proxy16.placeUnits(Unknown Source)
	at games.strategy.triplea.ai.tripleMind.ProPurchaseAi.doPlace(ProPurchaseAi.java:2627)
	at games.strategy.triplea.ai.tripleMind.ProPurchaseAi.placeUnits(ProPurchaseAi.java:2545)
	at games.strategy.triplea.ai.tripleMind.ProPurchaseAi.place(ProPurchaseAi.java:562)
	at games.strategy.triplea.ai.tripleMind.AbstractTripleMindAi.place(AbstractTripleMindAi.java:380)
	at games.strategy.triplea.ai.AbstractAi.start(AbstractAi.java:531)
	at games.strategy.engine.framework.ServerGame.waitForPlayerToFinishStep(ServerGame.java:648)
	at games.strategy.engine.framework.ServerGame.runStep(ServerGame.java:478)
	at games.strategy.engine.framework.ServerGame.runNextStep(ServerGame.java:365)
	at games.strategy.engine.framework.ServerGame.startGame(ServerGame.java:333)
	at games.strategy.engine.framework.startup.launcher.LocalLauncher.launchInternal(LocalLauncher.java:92)
	at games.strategy.engine.framework.startup.launcher.LocalLauncher.lambda$launch$0(LocalLauncher.java:60)
	at java.base/java.lang.Thread.run(Thread.java:840)
322921 18:23:44.612 [Thread-8] INFO  org.triplea.sound.ClipPlayer - Unable to create audio device, is there audio on the system? Cannot create AudioDevice
javazoom.jl.decoder.JavaLayerException: Cannot create AudioDevice
	at javazoom.jl.player.FactoryRegistry.createAudioDevice(FactoryRegistry.java:97)
	at org.triplea.sound.ClipPlayer.hasAudio(ClipPlayer.java:144)
	at org.triplea.sound.ClipPlayer.isSoundEnabled(ClipPlayer.java:251)
	at org.triplea.sound.ClipPlayer.play(ClipPlayer.java:220)
	at org.triplea.sound.DefaultSoundChannel.playSoundForAll(DefaultSoundChannel.java:22)
	at jdk.internal.reflect.GeneratedMethodAccessor55.invoke(Unknown Source)
	at java.base/jdk.internal.reflect.DelegatingMethodAccessorImpl.invoke(DelegatingMethodAccessorImpl.java:43)
	at java.base/java.lang.reflect.Method.invoke(Method.java:569)
	at games.strategy.engine.message.unifiedmessenger.EndPoint.invokeSingle(EndPoint.java:137)
	at games.strategy.engine.message.unifiedmessenger.EndPoint.lambda$invokeMultiple$0(EndPoint.java:121)
	at java.base/java.util.stream.ReferencePipeline$3$1.accept(ReferencePipeline.java:197)
	at java.base/java.util.Spliterators$ArraySpliterator.forEachRemaining(Spliterators.java:992)
	at java.base/java.util.stream.AbstractPipeline.copyInto(AbstractPipeline.java:509)
	at java.base/java.util.stream.AbstractPipeline.wrapAndCopyInto(AbstractPipeline.java:499)
	at java.base/java.util.stream.ReduceOps$ReduceOp.evaluateSequential(ReduceOps.java:921)
	at java.base/java.util.stream.AbstractPipeline.evaluate(AbstractPipeline.java:234)
	at java.base/java.util.stream.ReferencePipeline.collect(ReferencePipeline.java:682)
	at games.strategy.engine.message.unifiedmessenger.EndPoint.invokeMultiple(EndPoint.java:122)
	at games.strategy.engine.message.unifiedmessenger.EndPoint.invokeLocal(EndPoint.java:112)
	at games.strategy.engine.message.unifiedmessenger.UnifiedMessenger.invoke(UnifiedMessenger.java:153)
	at games.strategy.engine.message.UnifiedInvocationHandler.invoke(UnifiedInvocationHandler.java:47)
	at jdk.proxy2/jdk.proxy2.$Proxy25.playSoundForAll(Unknown Source)
	at jdk.internal.reflect.GeneratedMethodAccessor54.invoke(Unknown Source)
	at java.base/jdk.internal.reflect.DelegatingMethodAccessorImpl.invoke(DelegatingMethodAccessorImpl.java:43)
	at java.base/java.lang.reflect.Method.invoke(Method.java:569)
	at games.strategy.engine.delegate.DelegateExecutionManager.lambda$newOutboundImplementation$1(DelegateExecutionManager.java:79)
	at jdk.proxy2/jdk.proxy2.$Proxy25.playSoundForAll(Unknown Source)
	at games.strategy.triplea.delegate.AbstractPlaceDelegate.placeUnits(AbstractPlaceDelegate.java:302)
	at games.strategy.triplea.delegate.AbstractPlaceDelegate.placeUnits(AbstractPlaceDelegate.java:201)
	at jdk.internal.reflect.GeneratedMethodAccessor42.invoke(Unknown Source)
	at java.base/jdk.internal.reflect.DelegatingMethodAccessorImpl.invoke(DelegatingMethodAccessorImpl.java:43)
	at java.base/java.lang.reflect.Method.invoke(Method.java:569)
	at games.strategy.engine.delegate.DelegateExecutionManager$1.invoke(DelegateExecutionManager.java:120)
	at jdk.proxy2/jdk.proxy2.$Proxy16.placeUnits(Unknown Source)
	at jdk.internal.reflect.GeneratedMethodAccessor61.invoke(Unknown Source)
	at java.base/jdk.internal.reflect.DelegatingMethodAccessorImpl.invoke(DelegatingMethodAccessorImpl.java:43)
	at java.base/java.lang.reflect.Method.invoke(Method.java:569)
	at games.strategy.engine.message.unifiedmessenger.EndPoint.invokeSingle(EndPoint.java:137)
	at games.strategy.engine.message.unifiedmessenger.EndPoint.lambda$invokeMultiple$0(EndPoint.java:121)
	at java.base/java.util.stream.ReferencePipeline$3$1.accept(ReferencePipeline.java:197)
	at java.base/java.util.Spliterators$ArraySpliterator.forEachRemaining(Spliterators.java:992)
	at java.base/java.util.stream.AbstractPipeline.copyInto(AbstractPipeline.java:509)
	at java.base/java.util.stream.AbstractPipeline.wrapAndCopyInto(AbstractPipeline.java:499)
	at java.base/java.util.stream.ReduceOps$ReduceOp.evaluateSequential(ReduceOps.java:921)
	at java.base/java.util.stream.AbstractPipeline.evaluate(AbstractPipeline.java:234)
	at java.base/java.util.stream.ReferencePipeline.collect(ReferencePipeline.java:682)
	at games.strategy.engine.message.unifiedmessenger.EndPoint.invokeMultiple(EndPoint.java:122)
	at games.strategy.engine.message.unifiedmessenger.EndPoint.invokeLocal(EndPoint.java:112)
	at games.strategy.engine.message.unifiedmessenger.UnifiedMessenger.invokeAndWait(UnifiedMessenger.java:97)
	at games.strategy.engine.message.UnifiedInvocationHandler.invoke(UnifiedInvocationHandler.java:55)
	at jdk.proxy2/jdk.proxy2.$Proxy16.placeUnits(Unknown Source)
	at jdk.internal.reflect.GeneratedMethodAccessor42.invoke(Unknown Source)
	at java.base/jdk.internal.reflect.DelegatingMethodAccessorImpl.invoke(DelegatingMethodAccessorImpl.java:43)
	at java.base/java.lang.reflect.Method.invoke(Method.java:569)
	at games.strategy.engine.player.PlayerBridge$GameOverInvocationHandler.invoke(PlayerBridge.java:151)
	at jdk.proxy2/jdk.proxy2.$Proxy16.placeUnits(Unknown Source)
	at games.strategy.triplea.ai.weak.WeakAi.doPlace(WeakAi.java:1110)
	at games.strategy.triplea.ai.weak.WeakAi.placeAllWeCanOn(WeakAi.java:1104)
	at games.strategy.triplea.ai.weak.WeakAi.lambda$place$15(WeakAi.java:1054)
	at java.base/java.util.Optional.ifPresent(Optional.java:178)
	at games.strategy.triplea.ai.weak.WeakAi.place(WeakAi.java:1054)
	at games.strategy.triplea.ai.AbstractAi.start(AbstractAi.java:531)
	at games.strategy.engine.framework.ServerGame.waitForPlayerToFinishStep(ServerGame.java:648)
	at games.strategy.engine.framework.ServerGame.runStep(ServerGame.java:478)
	at games.strategy.engine.framework.ServerGame.runNextStep(ServerGame.java:365)
	at games.strategy.engine.framework.ServerGame.startGame(ServerGame.java:333)
	at games.strategy.engine.framework.startup.launcher.LocalLauncher.launchInternal(LocalLauncher.java:92)
	at games.strategy.engine.framework.startup.launcher.LocalLauncher.lambda$launch$0(LocalLauncher.java:60)
	at java.base/java.lang.Thread.run(Thread.java:840)
324485 18:23:46.176 [Thread-8] INFO  org.triplea.sound.ClipPlayer - Unable to create audio device, is there audio on the system? Cannot create AudioDevice
javazoom.jl.decoder.JavaLayerException: Cannot create AudioDevice
	at javazoom.jl.player.FactoryRegistry.createAudioDevice(FactoryRegistry.java:97)
	at org.triplea.sound.ClipPlayer.hasAudio(ClipPlayer.java:144)
	at org.triplea.sound.ClipPlayer.isSoundEnabled(ClipPlayer.java:251)
	at org.triplea.sound.ClipPlayer.play(ClipPlayer.java:220)
	at org.triplea.sound.DefaultSoundChannel.playSoundForAll(DefaultSoundChannel.java:22)
	at jdk.internal.reflect.GeneratedMethodAccessor55.invoke(Unknown Source)
	at java.base/jdk.internal.reflect.DelegatingMethodAccessorImpl.invoke(DelegatingMethodAccessorImpl.java:43)
	at java.base/java.lang.reflect.Method.invoke(Method.java:569)
	at games.strategy.engine.message.unifiedmessenger.EndPoint.invokeSingle(EndPoint.java:137)
	at games.strategy.engine.message.unifiedmessenger.EndPoint.lambda$invokeMultiple$0(EndPoint.java:121)
	at java.base/java.util.stream.ReferencePipeline$3$1.accept(ReferencePipeline.java:197)
	at java.base/java.util.Spliterators$ArraySpliterator.forEachRemaining(Spliterators.java:992)
	at java.base/java.util.stream.AbstractPipeline.copyInto(AbstractPipeline.java:509)
	at java.base/java.util.stream.AbstractPipeline.wrapAndCopyInto(AbstractPipeline.java:499)
	at java.base/java.util.stream.ReduceOps$ReduceOp.evaluateSequential(ReduceOps.java:921)
	at java.base/java.util.stream.AbstractPipeline.evaluate(AbstractPipeline.java:234)
	at java.base/java.util.stream.ReferencePipeline.collect(ReferencePipeline.java:682)
	at games.strategy.engine.message.unifiedmessenger.EndPoint.invokeMultiple(EndPoint.java:122)
	at games.strategy.engine.message.unifiedmessenger.EndPoint.invokeLocal(EndPoint.java:112)
	at games.strategy.engine.message.unifiedmessenger.UnifiedMessenger.invoke(UnifiedMessenger.java:153)
	at games.strategy.engine.message.UnifiedInvocationHandler.invoke(UnifiedInvocationHandler.java:47)
	at jdk.proxy2/jdk.proxy2.$Proxy25.playSoundForAll(Unknown Source)
	at jdk.internal.reflect.GeneratedMethodAccessor54.invoke(Unknown Source)
	at java.base/jdk.internal.reflect.DelegatingMethodAccessorImpl.invoke(DelegatingMethodAccessorImpl.java:43)
	at java.base/java.lang.reflect.Method.invoke(Method.java:569)
	at games.strategy.engine.delegate.DelegateExecutionManager.lambda$newOutboundImplementation$1(DelegateExecutionManager.java:79)
	at jdk.proxy2/jdk.proxy2.$Proxy25.playSoundForAll(Unknown Source)
	at org.triplea.sound.SoundUtils.playBattleType(SoundUtils.java:42)
	at games.strategy.triplea.delegate.battle.MustFightBattle.fight(MustFightBattle.java:686)
	at games.strategy.triplea.delegate.battle.BattleTracker.fightBattleIfOnlyOne(BattleTracker.java:1300)
	at games.strategy.triplea.delegate.battle.BattleDelegate.start(BattleDelegate.java:125)
	at games.strategy.engine.framework.ServerGame.startStep(ServerGame.java:611)
	at games.strategy.engine.framework.ServerGame.runStep(ServerGame.java:471)
	at games.strategy.engine.framework.ServerGame.runNextStep(ServerGame.java:365)
	at games.strategy.engine.framework.ServerGame.startGame(ServerGame.java:333)
	at games.strategy.engine.framework.startup.launcher.LocalLauncher.launchInternal(LocalLauncher.java:92)
	at games.strategy.engine.framework.startup.launcher.LocalLauncher.lambda$launch$0(LocalLauncher.java:60)
	at java.base/java.lang.Thread.run(Thread.java:840)
326792 18:23:48.483 [Thread-8] INFO  org.triplea.sound.ClipPlayer - Unable to create audio device, is there audio on the system? Cannot create AudioDevice
javazoom.jl.decoder.JavaLayerException: Cannot create AudioDevice
	at javazoom.jl.player.FactoryRegistry.createAudioDevice(FactoryRegistry.java:97)
	at org.triplea.sound.ClipPlayer.hasAudio(ClipPlayer.java:144)
	at org.triplea.sound.ClipPlayer.isSoundEnabled(ClipPlayer.java:251)
	at org.triplea.sound.ClipPlayer.play(ClipPlayer.java:220)
	at org.triplea.sound.DefaultSoundChannel.playSoundForAll(DefaultSoundChannel.java:22)
	at jdk.internal.reflect.GeneratedMethodAccessor55.invoke(Unknown Source)
	at java.base/jdk.internal.reflect.DelegatingMethodAccessorImpl.invoke(DelegatingMethodAccessorImpl.java:43)
	at java.base/java.lang.reflect.Method.invoke(Method.java:569)
	at games.strategy.engine.message.unifiedmessenger.EndPoint.invokeSingle(EndPoint.java:137)
	at games.strategy.engine.message.unifiedmessenger.EndPoint.lambda$invokeMultiple$0(EndPoint.java:121)
	at java.base/java.util.stream.ReferencePipeline$3$1.accept(ReferencePipeline.java:197)
	at java.base/java.util.Spliterators$ArraySpliterator.forEachRemaining(Spliterators.java:992)
	at java.base/java.util.stream.AbstractPipeline.copyInto(AbstractPipeline.java:509)
	at java.base/java.util.stream.AbstractPipeline.wrapAndCopyInto(AbstractPipeline.java:499)
	at java.base/java.util.stream.ReduceOps$ReduceOp.evaluateSequential(ReduceOps.java:921)
	at java.base/java.util.stream.AbstractPipeline.evaluate(AbstractPipeline.java:234)
	at java.base/java.util.stream.ReferencePipeline.collect(ReferencePipeline.java:682)
	at games.strategy.engine.message.unifiedmessenger.EndPoint.invokeMultiple(EndPoint.java:122)
	at games.strategy.engine.message.unifiedmessenger.EndPoint.invokeLocal(EndPoint.java:112)
	at games.strategy.engine.message.unifiedmessenger.UnifiedMessenger.invoke(UnifiedMessenger.java:153)
	at games.strategy.engine.message.UnifiedInvocationHandler.invoke(UnifiedInvocationHandler.java:47)
	at jdk.proxy2/jdk.proxy2.$Proxy25.playSoundForAll(Unknown Source)
	at jdk.internal.reflect.GeneratedMethodAccessor54.invoke(Unknown Source)
	at java.base/jdk.internal.reflect.DelegatingMethodAccessorImpl.invoke(DelegatingMethodAccessorImpl.java:43)
	at java.base/java.lang.reflect.Method.invoke(Method.java:569)
	at games.strategy.engine.delegate.DelegateExecutionManager.lambda$newOutboundImplementation$1(DelegateExecutionManager.java:79)
	at jdk.proxy2/jdk.proxy2.$Proxy25.playSoundForAll(Unknown Source)
	at games.strategy.triplea.delegate.battle.BattleTracker.takeOver(BattleTracker.java:794)
	at games.strategy.triplea.delegate.battle.MustFightBattle.attackerWins(MustFightBattle.java:1430)
	at games.strategy.triplea.delegate.battle.MustFightBattle.endBattle(MustFightBattle.java:462)
	at games.strategy.triplea.delegate.battle.steps.change.CheckGeneralBattleEnd.execute(CheckGeneralBattleEnd.java:64)
	at games.strategy.triplea.delegate.ExecutionStack.execute(ExecutionStack.java:34)
	at games.strategy.triplea.delegate.battle.MustFightBattle.fight(MustFightBattle.java:690)
	at games.strategy.triplea.delegate.battle.BattleTracker.fightBattleIfOnlyOne(BattleTracker.java:1300)
	at games.strategy.triplea.delegate.battle.BattleDelegate.start(BattleDelegate.java:125)
	at games.strategy.engine.framework.ServerGame.startStep(ServerGame.java:611)
	at games.strategy.engine.framework.ServerGame.runStep(ServerGame.java:471)
	at games.strategy.engine.framework.ServerGame.runNextStep(ServerGame.java:365)
	at games.strategy.engine.framework.ServerGame.startGame(ServerGame.java:333)
	at games.strategy.engine.framework.startup.launcher.LocalLauncher.launchInternal(LocalLauncher.java:92)
	at games.strategy.engine.framework.startup.launcher.LocalLauncher.lambda$launch$0(LocalLauncher.java:60)
	at java.base/java.lang.Thread.run(Thread.java:840)
330355 18:23:52.046 [Thread-8] INFO  org.triplea.sound.ClipPlayer - Unable to create audio device, is there audio on the system? Cannot create AudioDevice
javazoom.jl.decoder.JavaLayerException: Cannot create AudioDevice
	at javazoom.jl.player.FactoryRegistry.createAudioDevice(FactoryRegistry.java:97)
	at org.triplea.sound.ClipPlayer.hasAudio(ClipPlayer.java:144)
	at org.triplea.sound.ClipPlayer.isSoundEnabled(ClipPlayer.java:251)
	at org.triplea.sound.ClipPlayer.play(ClipPlayer.java:220)
	at org.triplea.sound.DefaultSoundChannel.playSoundForAll(DefaultSoundChannel.java:22)
	at jdk.internal.reflect.GeneratedMethodAccessor55.invoke(Unknown Source)
	at java.base/jdk.internal.reflect.DelegatingMethodAccessorImpl.invoke(DelegatingMethodAccessorImpl.java:43)
	at java.base/java.lang.reflect.Method.invoke(Method.java:569)
	at games.strategy.engine.message.unifiedmessenger.EndPoint.invokeSingle(EndPoint.java:137)
	at games.strategy.engine.message.unifiedmessenger.EndPoint.lambda$invokeMultiple$0(EndPoint.java:121)
	at java.base/java.util.stream.ReferencePipeline$3$1.accept(ReferencePipeline.java:197)
	at java.base/java.util.Spliterators$ArraySpliterator.forEachRemaining(Spliterators.java:992)
	at java.base/java.util.stream.AbstractPipeline.copyInto(AbstractPipeline.java:509)
	at java.base/java.util.stream.AbstractPipeline.wrapAndCopyInto(AbstractPipeline.java:499)
	at java.base/java.util.stream.ReduceOps$ReduceOp.evaluateSequential(ReduceOps.java:921)
	at java.base/java.util.stream.AbstractPipeline.evaluate(AbstractPipeline.java:234)
	at java.base/java.util.stream.ReferencePipeline.collect(ReferencePipeline.java:682)
	at games.strategy.engine.message.unifiedmessenger.EndPoint.invokeMultiple(EndPoint.java:122)
	at games.strategy.engine.message.unifiedmessenger.EndPoint.invokeLocal(EndPoint.java:112)
	at games.strategy.engine.message.unifiedmessenger.UnifiedMessenger.invoke(UnifiedMessenger.java:153)
	at games.strategy.engine.message.UnifiedInvocationHandler.invoke(UnifiedInvocationHandler.java:47)
	at jdk.proxy2/jdk.proxy2.$Proxy25.playSoundForAll(Unknown Source)
	at jdk.internal.reflect.GeneratedMethodAccessor54.invoke(Unknown Source)
	at java.base/jdk.internal.reflect.DelegatingMethodAccessorImpl.invoke(DelegatingMethodAccessorImpl.java:43)
	at java.base/java.lang.reflect.Method.invoke(Method.java:569)
	at games.strategy.engine.delegate.DelegateExecutionManager.lambda$newOutboundImplementation$1(DelegateExecutionManager.java:79)
	at jdk.proxy2/jdk.proxy2.$Proxy25.playSoundForAll(Unknown Source)
	at games.strategy.triplea.delegate.AbstractPlaceDelegate.placeUnits(AbstractPlaceDelegate.java:302)
	at games.strategy.triplea.delegate.AbstractPlaceDelegate.placeUnits(AbstractPlaceDelegate.java:201)
	at jdk.internal.reflect.GeneratedMethodAccessor42.invoke(Unknown Source)
	at java.base/jdk.internal.reflect.DelegatingMethodAccessorImpl.invoke(DelegatingMethodAccessorImpl.java:43)
	at java.base/java.lang.reflect.Method.invoke(Method.java:569)
	at games.strategy.engine.delegate.DelegateExecutionManager$1.invoke(DelegateExecutionManager.java:120)
	at jdk.proxy2/jdk.proxy2.$Proxy16.placeUnits(Unknown Source)
	at jdk.internal.reflect.GeneratedMethodAccessor61.invoke(Unknown Source)
	at java.base/jdk.internal.reflect.DelegatingMethodAccessorImpl.invoke(DelegatingMethodAccessorImpl.java:43)
	at java.base/java.lang.reflect.Method.invoke(Method.java:569)
	at games.strategy.engine.message.unifiedmessenger.EndPoint.invokeSingle(EndPoint.java:137)
	at games.strategy.engine.message.unifiedmessenger.EndPoint.lambda$invokeMultiple$0(EndPoint.java:121)
	at java.base/java.util.stream.ReferencePipeline$3$1.accept(ReferencePipeline.java:197)
	at java.base/java.util.Spliterators$ArraySpliterator.forEachRemaining(Spliterators.java:992)
	at java.base/java.util.stream.AbstractPipeline.copyInto(AbstractPipeline.java:509)
	at java.base/java.util.stream.AbstractPipeline.wrapAndCopyInto(AbstractPipeline.java:499)
	at java.base/java.util.stream.ReduceOps$ReduceOp.evaluateSequential(ReduceOps.java:921)
	at java.base/java.util.stream.AbstractPipeline.evaluate(AbstractPipeline.java:234)
	at java.base/java.util.stream.ReferencePipeline.collect(ReferencePipeline.java:682)
	at games.strategy.engine.message.unifiedmessenger.EndPoint.invokeMultiple(EndPoint.java:122)
	at games.strategy.engine.message.unifiedmessenger.EndPoint.invokeLocal(EndPoint.java:112)
	at games.strategy.engine.message.unifiedmessenger.UnifiedMessenger.invokeAndWait(UnifiedMessenger.java:97)
	at games.strategy.engine.message.UnifiedInvocationHandler.invoke(UnifiedInvocationHandler.java:55)
	at jdk.proxy2/jdk.proxy2.$Proxy16.placeUnits(Unknown Source)
	at jdk.internal.reflect.GeneratedMethodAccessor42.invoke(Unknown Source)
	at java.base/jdk.internal.reflect.DelegatingMethodAccessorImpl.invoke(DelegatingMethodAccessorImpl.java:43)
	at java.base/java.lang.reflect.Method.invoke(Method.java:569)
	at games.strategy.engine.player.PlayerBridge$GameOverInvocationHandler.invoke(PlayerBridge.java:151)
	at jdk.proxy2/jdk.proxy2.$Proxy16.placeUnits(Unknown Source)
	at games.strategy.triplea.ai.weak.WeakAi.doPlace(WeakAi.java:1110)
	at games.strategy.triplea.ai.weak.WeakAi.placeAllWeCanOn(WeakAi.java:1104)
	at games.strategy.triplea.ai.weak.WeakAi.lambda$place$15(WeakAi.java:1054)
	at java.base/java.util.Optional.ifPresent(Optional.java:178)
	at games.strategy.triplea.ai.weak.WeakAi.place(WeakAi.java:1054)
	at games.strategy.triplea.ai.AbstractAi.start(AbstractAi.java:531)
	at games.strategy.engine.framework.ServerGame.waitForPlayerToFinishStep(ServerGame.java:648)
	at games.strategy.engine.framework.ServerGame.runStep(ServerGame.java:478)
	at games.strategy.engine.framework.ServerGame.runNextStep(ServerGame.java:365)
	at games.strategy.engine.framework.ServerGame.startGame(ServerGame.java:333)
	at games.strategy.engine.framework.startup.launcher.LocalLauncher.launchInternal(LocalLauncher.java:92)
	at games.strategy.engine.framework.startup.launcher.LocalLauncher.lambda$launch$0(LocalLauncher.java:60)
	at java.base/java.lang.Thread.run(Thread.java:840)
331937 18:23:53.628 [Thread-8] INFO  org.triplea.sound.ClipPlayer - Unable to create audio device, is there audio on the system? Cannot create AudioDevice
javazoom.jl.decoder.JavaLayerException: Cannot create AudioDevice
	at javazoom.jl.player.FactoryRegistry.createAudioDevice(FactoryRegistry.java:97)
	at org.triplea.sound.ClipPlayer.hasAudio(ClipPlayer.java:144)
	at org.triplea.sound.ClipPlayer.isSoundEnabled(ClipPlayer.java:251)
	at org.triplea.sound.ClipPlayer.play(ClipPlayer.java:220)
	at org.triplea.sound.DefaultSoundChannel.playSoundForAll(DefaultSoundChannel.java:22)
	at jdk.internal.reflect.GeneratedMethodAccessor55.invoke(Unknown Source)
	at java.base/jdk.internal.reflect.DelegatingMethodAccessorImpl.invoke(DelegatingMethodAccessorImpl.java:43)
	at java.base/java.lang.reflect.Method.invoke(Method.java:569)
	at games.strategy.engine.message.unifiedmessenger.EndPoint.invokeSingle(EndPoint.java:137)
	at games.strategy.engine.message.unifiedmessenger.EndPoint.lambda$invokeMultiple$0(EndPoint.java:121)
	at java.base/java.util.stream.ReferencePipeline$3$1.accept(ReferencePipeline.java:197)
	at java.base/java.util.Spliterators$ArraySpliterator.forEachRemaining(Spliterators.java:992)
	at java.base/java.util.stream.AbstractPipeline.copyInto(AbstractPipeline.java:509)
	at java.base/java.util.stream.AbstractPipeline.wrapAndCopyInto(AbstractPipeline.java:499)
	at java.base/java.util.stream.ReduceOps$ReduceOp.evaluateSequential(ReduceOps.java:921)
	at java.base/java.util.stream.AbstractPipeline.evaluate(AbstractPipeline.java:234)
	at java.base/java.util.stream.ReferencePipeline.collect(ReferencePipeline.java:682)
	at games.strategy.engine.message.unifiedmessenger.EndPoint.invokeMultiple(EndPoint.java:122)
	at games.strategy.engine.message.unifiedmessenger.EndPoint.invokeLocal(EndPoint.java:112)
	at games.strategy.engine.message.unifiedmessenger.UnifiedMessenger.invoke(UnifiedMessenger.java:153)
	at games.strategy.engine.message.UnifiedInvocationHandler.invoke(UnifiedInvocationHandler.java:47)
	at jdk.proxy2/jdk.proxy2.$Proxy25.playSoundForAll(Unknown Source)
	at jdk.internal.reflect.GeneratedMethodAccessor54.invoke(Unknown Source)
	at java.base/jdk.internal.reflect.DelegatingMethodAccessorImpl.invoke(DelegatingMethodAccessorImpl.java:43)
	at java.base/java.lang.reflect.Method.invoke(Method.java:569)
	at games.strategy.engine.delegate.DelegateExecutionManager.lambda$newOutboundImplementation$1(DelegateExecutionManager.java:79)
	at jdk.proxy2/jdk.proxy2.$Proxy25.playSoundForAll(Unknown Source)
	at org.triplea.sound.SoundUtils.playBattleType(SoundUtils.java:42)
	at games.strategy.triplea.delegate.battle.MustFightBattle.fight(MustFightBattle.java:686)
	at games.strategy.triplea.delegate.battle.BattleTracker.fightBattleIfOnlyOne(BattleTracker.java:1300)
	at games.strategy.triplea.delegate.battle.BattleDelegate.start(BattleDelegate.java:125)
	at games.strategy.engine.framework.ServerGame.startStep(ServerGame.java:611)
	at games.strategy.engine.framework.ServerGame.runStep(ServerGame.java:471)
	at games.strategy.engine.framework.ServerGame.runNextStep(ServerGame.java:365)
	at games.strategy.engine.framework.ServerGame.startGame(ServerGame.java:333)
	at games.strategy.engine.framework.startup.launcher.LocalLauncher.launchInternal(LocalLauncher.java:92)
	at games.strategy.engine.framework.startup.launcher.LocalLauncher.lambda$launch$0(LocalLauncher.java:60)
	at java.base/java.lang.Thread.run(Thread.java:840)
334113 18:23:55.804 [Thread-8] INFO  org.triplea.sound.ClipPlayer - Unable to create audio device, is there audio on the system? Cannot create AudioDevice
javazoom.jl.decoder.JavaLayerException: Cannot create AudioDevice
	at javazoom.jl.player.FactoryRegistry.createAudioDevice(FactoryRegistry.java:97)
	at org.triplea.sound.ClipPlayer.hasAudio(ClipPlayer.java:144)
	at org.triplea.sound.ClipPlayer.isSoundEnabled(ClipPlayer.java:251)
	at org.triplea.sound.ClipPlayer.play(ClipPlayer.java:220)
	at org.triplea.sound.DefaultSoundChannel.playSoundForAll(DefaultSoundChannel.java:22)
	at jdk.internal.reflect.GeneratedMethodAccessor55.invoke(Unknown Source)
	at java.base/jdk.internal.reflect.DelegatingMethodAccessorImpl.invoke(DelegatingMethodAccessorImpl.java:43)
	at java.base/java.lang.reflect.Method.invoke(Method.java:569)
	at games.strategy.engine.message.unifiedmessenger.EndPoint.invokeSingle(EndPoint.java:137)
	at games.strategy.engine.message.unifiedmessenger.EndPoint.lambda$invokeMultiple$0(EndPoint.java:121)
	at java.base/java.util.stream.ReferencePipeline$3$1.accept(ReferencePipeline.java:197)
	at java.base/java.util.Spliterators$ArraySpliterator.forEachRemaining(Spliterators.java:992)
	at java.base/java.util.stream.AbstractPipeline.copyInto(AbstractPipeline.java:509)
	at java.base/java.util.stream.AbstractPipeline.wrapAndCopyInto(AbstractPipeline.java:499)
	at java.base/java.util.stream.ReduceOps$ReduceOp.evaluateSequential(ReduceOps.java:921)
	at java.base/java.util.stream.AbstractPipeline.evaluate(AbstractPipeline.java:234)
	at java.base/java.util.stream.ReferencePipeline.collect(ReferencePipeline.java:682)
	at games.strategy.engine.message.unifiedmessenger.EndPoint.invokeMultiple(EndPoint.java:122)
	at games.strategy.engine.message.unifiedmessenger.EndPoint.invokeLocal(EndPoint.java:112)
	at games.strategy.engine.message.unifiedmessenger.UnifiedMessenger.invoke(UnifiedMessenger.java:153)
	at games.strategy.engine.message.UnifiedInvocationHandler.invoke(UnifiedInvocationHandler.java:47)
	at jdk.proxy2/jdk.proxy2.$Proxy25.playSoundForAll(Unknown Source)
	at jdk.internal.reflect.GeneratedMethodAccessor54.invoke(Unknown Source)
	at java.base/jdk.internal.reflect.DelegatingMethodAccessorImpl.invoke(DelegatingMethodAccessorImpl.java:43)
	at java.base/java.lang.reflect.Method.invoke(Method.java:569)
	at games.strategy.engine.delegate.DelegateExecutionManager.lambda$newOutboundImplementation$1(DelegateExecutionManager.java:79)
	at jdk.proxy2/jdk.proxy2.$Proxy25.playSoundForAll(Unknown Source)
	at games.strategy.triplea.delegate.battle.BattleTracker.takeOver(BattleTracker.java:794)
	at games.strategy.triplea.delegate.battle.MustFightBattle.attackerWins(MustFightBattle.java:1430)
	at games.strategy.triplea.delegate.battle.MustFightBattle.endBattle(MustFightBattle.java:462)
	at games.strategy.triplea.delegate.battle.steps.change.CheckGeneralBattleEnd.execute(CheckGeneralBattleEnd.java:64)
	at games.strategy.triplea.delegate.ExecutionStack.execute(ExecutionStack.java:34)
	at games.strategy.triplea.delegate.battle.MustFightBattle.fight(MustFightBattle.java:690)
	at games.strategy.triplea.delegate.battle.BattleTracker.fightBattleIfOnlyOne(BattleTracker.java:1300)
	at games.strategy.triplea.delegate.battle.BattleDelegate.start(BattleDelegate.java:125)
	at games.strategy.engine.framework.ServerGame.startStep(ServerGame.java:611)
	at games.strategy.engine.framework.ServerGame.runStep(ServerGame.java:471)
	at games.strategy.engine.framework.ServerGame.runNextStep(ServerGame.java:365)
	at games.strategy.engine.framework.ServerGame.startGame(ServerGame.java:333)
	at games.strategy.engine.framework.startup.launcher.LocalLauncher.launchInternal(LocalLauncher.java:92)
	at games.strategy.engine.framework.startup.launcher.LocalLauncher.lambda$launch$0(LocalLauncher.java:60)
	at java.base/java.lang.Thread.run(Thread.java:840)
336465 18:23:58.156 [Thread-8] INFO  org.triplea.sound.ClipPlayer - Unable to create audio device, is there audio on the system? Cannot create AudioDevice
javazoom.jl.decoder.JavaLayerException: Cannot create AudioDevice
	at javazoom.jl.player.FactoryRegistry.createAudioDevice(FactoryRegistry.java:97)
	at org.triplea.sound.ClipPlayer.hasAudio(ClipPlayer.java:144)
	at org.triplea.sound.ClipPlayer.isSoundEnabled(ClipPlayer.java:251)
	at org.triplea.sound.ClipPlayer.play(ClipPlayer.java:220)
	at org.triplea.sound.DefaultSoundChannel.playSoundForAll(DefaultSoundChannel.java:22)
	at jdk.internal.reflect.GeneratedMethodAccessor55.invoke(Unknown Source)
	at java.base/jdk.internal.reflect.DelegatingMethodAccessorImpl.invoke(DelegatingMethodAccessorImpl.java:43)
	at java.base/java.lang.reflect.Method.invoke(Method.java:569)
	at games.strategy.engine.message.unifiedmessenger.EndPoint.invokeSingle(EndPoint.java:137)
	at games.strategy.engine.message.unifiedmessenger.EndPoint.lambda$invokeMultiple$0(EndPoint.java:121)
	at java.base/java.util.stream.ReferencePipeline$3$1.accept(ReferencePipeline.java:197)
	at java.base/java.util.Spliterators$ArraySpliterator.forEachRemaining(Spliterators.java:992)
	at java.base/java.util.stream.AbstractPipeline.copyInto(AbstractPipeline.java:509)
	at java.base/java.util.stream.AbstractPipeline.wrapAndCopyInto(AbstractPipeline.java:499)
	at java.base/java.util.stream.ReduceOps$ReduceOp.evaluateSequential(ReduceOps.java:921)
	at java.base/java.util.stream.AbstractPipeline.evaluate(AbstractPipeline.java:234)
	at java.base/java.util.stream.ReferencePipeline.collect(ReferencePipeline.java:682)
	at games.strategy.engine.message.unifiedmessenger.EndPoint.invokeMultiple(EndPoint.java:122)
	at games.strategy.engine.message.unifiedmessenger.EndPoint.invokeLocal(EndPoint.java:112)
	at games.strategy.engine.message.unifiedmessenger.UnifiedMessenger.invoke(UnifiedMessenger.java:153)
	at games.strategy.engine.message.UnifiedInvocationHandler.invoke(UnifiedInvocationHandler.java:47)
	at jdk.proxy2/jdk.proxy2.$Proxy25.playSoundForAll(Unknown Source)
	at jdk.internal.reflect.GeneratedMethodAccessor54.invoke(Unknown Source)
	at java.base/jdk.internal.reflect.DelegatingMethodAccessorImpl.invoke(DelegatingMethodAccessorImpl.java:43)
	at java.base/java.lang.reflect.Method.invoke(Method.java:569)
	at games.strategy.engine.delegate.DelegateExecutionManager.lambda$newOutboundImplementation$1(DelegateExecutionManager.java:79)
	at jdk.proxy2/jdk.proxy2.$Proxy25.playSoundForAll(Unknown Source)
	at games.strategy.triplea.delegate.AbstractPlaceDelegate.placeUnits(AbstractPlaceDelegate.java:302)
	at games.strategy.triplea.delegate.AbstractPlaceDelegate.placeUnits(AbstractPlaceDelegate.java:201)
	at jdk.internal.reflect.GeneratedMethodAccessor42.invoke(Unknown Source)
	at java.base/jdk.internal.reflect.DelegatingMethodAccessorImpl.invoke(DelegatingMethodAccessorImpl.java:43)
	at java.base/java.lang.reflect.Method.invoke(Method.java:569)
	at games.strategy.engine.delegate.DelegateExecutionManager$1.invoke(DelegateExecutionManager.java:120)
	at jdk.proxy2/jdk.proxy2.$Proxy16.placeUnits(Unknown Source)
	at jdk.internal.reflect.GeneratedMethodAccessor61.invoke(Unknown Source)
	at java.base/jdk.internal.reflect.DelegatingMethodAccessorImpl.invoke(DelegatingMethodAccessorImpl.java:43)
	at java.base/java.lang.reflect.Method.invoke(Method.java:569)
	at games.strategy.engine.message.unifiedmessenger.EndPoint.invokeSingle(EndPoint.java:137)
	at games.strategy.engine.message.unifiedmessenger.EndPoint.lambda$invokeMultiple$0(EndPoint.java:121)
	at java.base/java.util.stream.ReferencePipeline$3$1.accept(ReferencePipeline.java:197)
	at java.base/java.util.Spliterators$ArraySpliterator.forEachRemaining(Spliterators.java:992)
	at java.base/java.util.stream.AbstractPipeline.copyInto(AbstractPipeline.java:509)
	at java.base/java.util.stream.AbstractPipeline.wrapAndCopyInto(AbstractPipeline.java:499)
	at java.base/java.util.stream.ReduceOps$ReduceOp.evaluateSequential(ReduceOps.java:921)
	at java.base/java.util.stream.AbstractPipeline.evaluate(AbstractPipeline.java:234)
	at java.base/java.util.stream.ReferencePipeline.collect(ReferencePipeline.java:682)
	at games.strategy.engine.message.unifiedmessenger.EndPoint.invokeMultiple(EndPoint.java:122)
	at games.strategy.engine.message.unifiedmessenger.EndPoint.invokeLocal(EndPoint.java:112)
	at games.strategy.engine.message.unifiedmessenger.UnifiedMessenger.invokeAndWait(UnifiedMessenger.java:97)
	at games.strategy.engine.message.UnifiedInvocationHandler.invoke(UnifiedInvocationHandler.java:55)
	at jdk.proxy2/jdk.proxy2.$Proxy16.placeUnits(Unknown Source)
	at jdk.internal.reflect.GeneratedMethodAccessor42.invoke(Unknown Source)
	at java.base/jdk.internal.reflect.DelegatingMethodAccessorImpl.invoke(DelegatingMethodAccessorImpl.java:43)
	at java.base/java.lang.reflect.Method.invoke(Method.java:569)
	at games.strategy.engine.player.PlayerBridge$GameOverInvocationHandler.invoke(PlayerBridge.java:151)
	at jdk.proxy2/jdk.proxy2.$Proxy16.placeUnits(Unknown Source)
	at games.strategy.triplea.ai.weak.WeakAi.doPlace(WeakAi.java:1110)
	at games.strategy.triplea.ai.weak.WeakAi.placeAllWeCanOn(WeakAi.java:1104)
	at games.strategy.triplea.ai.weak.WeakAi.lambda$place$15(WeakAi.java:1054)
	at java.base/java.util.Optional.ifPresent(Optional.java:178)
	at games.strategy.triplea.ai.weak.WeakAi.place(WeakAi.java:1054)
	at games.strategy.triplea.ai.AbstractAi.start(AbstractAi.java:531)
	at games.strategy.engine.framework.ServerGame.waitForPlayerToFinishStep(ServerGame.java:648)
	at games.strategy.engine.framework.ServerGame.runStep(ServerGame.java:478)
	at games.strategy.engine.framework.ServerGame.runNextStep(ServerGame.java:365)
	at games.strategy.engine.framework.ServerGame.startGame(ServerGame.java:333)
	at games.strategy.engine.framework.startup.launcher.LocalLauncher.launchInternal(LocalLauncher.java:92)
	at games.strategy.engine.framework.startup.launcher.LocalLauncher.lambda$launch$0(LocalLauncher.java:60)
	at java.base/java.lang.Thread.run(Thread.java:840)
339508 18:24:01.199 [Thread-8] INFO  org.triplea.sound.ClipPlayer - Unable to create audio device, is there audio on the system? Cannot create AudioDevice
javazoom.jl.decoder.JavaLayerException: Cannot create AudioDevice
	at javazoom.jl.player.FactoryRegistry.createAudioDevice(FactoryRegistry.java:97)
	at org.triplea.sound.ClipPlayer.hasAudio(ClipPlayer.java:144)
	at org.triplea.sound.ClipPlayer.isSoundEnabled(ClipPlayer.java:251)
	at org.triplea.sound.ClipPlayer.play(ClipPlayer.java:220)
	at org.triplea.sound.DefaultSoundChannel.playSoundForAll(DefaultSoundChannel.java:22)
	at jdk.internal.reflect.GeneratedMethodAccessor55.invoke(Unknown Source)
	at java.base/jdk.internal.reflect.DelegatingMethodAccessorImpl.invoke(DelegatingMethodAccessorImpl.java:43)
	at java.base/java.lang.reflect.Method.invoke(Method.java:569)
	at games.strategy.engine.message.unifiedmessenger.EndPoint.invokeSingle(EndPoint.java:137)
	at games.strategy.engine.message.unifiedmessenger.EndPoint.lambda$invokeMultiple$0(EndPoint.java:121)
	at java.base/java.util.stream.ReferencePipeline$3$1.accept(ReferencePipeline.java:197)
	at java.base/java.util.Spliterators$ArraySpliterator.forEachRemaining(Spliterators.java:992)
	at java.base/java.util.stream.AbstractPipeline.copyInto(AbstractPipeline.java:509)
	at java.base/java.util.stream.AbstractPipeline.wrapAndCopyInto(AbstractPipeline.java:499)
	at java.base/java.util.stream.ReduceOps$ReduceOp.evaluateSequential(ReduceOps.java:921)
	at java.base/java.util.stream.AbstractPipeline.evaluate(AbstractPipeline.java:234)
	at java.base/java.util.stream.ReferencePipeline.collect(ReferencePipeline.java:682)
	at games.strategy.engine.message.unifiedmessenger.EndPoint.invokeMultiple(EndPoint.java:122)
	at games.strategy.engine.message.unifiedmessenger.EndPoint.invokeLocal(EndPoint.java:112)
	at games.strategy.engine.message.unifiedmessenger.UnifiedMessenger.invoke(UnifiedMessenger.java:153)
	at games.strategy.engine.message.UnifiedInvocationHandler.invoke(UnifiedInvocationHandler.java:47)
	at jdk.proxy2/jdk.proxy2.$Proxy25.playSoundForAll(Unknown Source)
	at jdk.internal.reflect.GeneratedMethodAccessor54.invoke(Unknown Source)
	at java.base/jdk.internal.reflect.DelegatingMethodAccessorImpl.invoke(DelegatingMethodAccessorImpl.java:43)
	at java.base/java.lang.reflect.Method.invoke(Method.java:569)
	at games.strategy.engine.delegate.DelegateExecutionManager.lambda$newOutboundImplementation$1(DelegateExecutionManager.java:79)
	at jdk.proxy2/jdk.proxy2.$Proxy25.playSoundForAll(Unknown Source)
	at org.triplea.sound.SoundUtils.playBattleType(SoundUtils.java:42)
	at games.strategy.triplea.delegate.battle.MustFightBattle.fight(MustFightBattle.java:686)
	at games.strategy.triplea.delegate.battle.BattleTracker.fightBattleIfOnlyOne(BattleTracker.java:1300)
	at games.strategy.triplea.delegate.battle.BattleDelegate.start(BattleDelegate.java:125)
	at games.strategy.engine.framework.ServerGame.startStep(ServerGame.java:611)
	at games.strategy.engine.framework.ServerGame.runStep(ServerGame.java:471)
	at games.strategy.engine.framework.ServerGame.runNextStep(ServerGame.java:365)
	at games.strategy.engine.framework.ServerGame.startGame(ServerGame.java:333)
	at games.strategy.engine.framework.startup.launcher.LocalLauncher.launchInternal(LocalLauncher.java:92)
	at games.strategy.engine.framework.startup.launcher.LocalLauncher.lambda$launch$0(LocalLauncher.java:60)
	at java.base/java.lang.Thread.run(Thread.java:840)
345970 18:24:07.661 [Thread-8] INFO  org.triplea.sound.ClipPlayer - Unable to create audio device, is there audio on the system? Cannot create AudioDevice
javazoom.jl.decoder.JavaLayerException: Cannot create AudioDevice
	at javazoom.jl.player.FactoryRegistry.createAudioDevice(FactoryRegistry.java:97)
	at org.triplea.sound.ClipPlayer.hasAudio(ClipPlayer.java:144)
	at org.triplea.sound.ClipPlayer.isSoundEnabled(ClipPlayer.java:251)
	at org.triplea.sound.ClipPlayer.play(ClipPlayer.java:220)
	at org.triplea.sound.DefaultSoundChannel.playSoundForAll(DefaultSoundChannel.java:22)
	at jdk.internal.reflect.GeneratedMethodAccessor55.invoke(Unknown Source)
	at java.base/jdk.internal.reflect.DelegatingMethodAccessorImpl.invoke(DelegatingMethodAccessorImpl.java:43)
	at java.base/java.lang.reflect.Method.invoke(Method.java:569)
	at games.strategy.engine.message.unifiedmessenger.EndPoint.invokeSingle(EndPoint.java:137)
	at games.strategy.engine.message.unifiedmessenger.EndPoint.lambda$invokeMultiple$0(EndPoint.java:121)
	at java.base/java.util.stream.ReferencePipeline$3$1.accept(ReferencePipeline.java:197)
	at java.base/java.util.Spliterators$ArraySpliterator.forEachRemaining(Spliterators.java:992)
	at java.base/java.util.stream.AbstractPipeline.copyInto(AbstractPipeline.java:509)
	at java.base/java.util.stream.AbstractPipeline.wrapAndCopyInto(AbstractPipeline.java:499)
	at java.base/java.util.stream.ReduceOps$ReduceOp.evaluateSequential(ReduceOps.java:921)
	at java.base/java.util.stream.AbstractPipeline.evaluate(AbstractPipeline.java:234)
	at java.base/java.util.stream.ReferencePipeline.collect(ReferencePipeline.java:682)
	at games.strategy.engine.message.unifiedmessenger.EndPoint.invokeMultiple(EndPoint.java:122)
	at games.strategy.engine.message.unifiedmessenger.EndPoint.invokeLocal(EndPoint.java:112)
	at games.strategy.engine.message.unifiedmessenger.UnifiedMessenger.invoke(UnifiedMessenger.java:153)
	at games.strategy.engine.message.UnifiedInvocationHandler.invoke(UnifiedInvocationHandler.java:47)
	at jdk.proxy2/jdk.proxy2.$Proxy25.playSoundForAll(Unknown Source)
	at jdk.internal.reflect.GeneratedMethodAccessor54.invoke(Unknown Source)
	at java.base/jdk.internal.reflect.DelegatingMethodAccessorImpl.invoke(DelegatingMethodAccessorImpl.java:43)
	at java.base/java.lang.reflect.Method.invoke(Method.java:569)
	at games.strategy.engine.delegate.DelegateExecutionManager.lambda$newOutboundImplementation$1(DelegateExecutionManager.java:79)
	at jdk.proxy2/jdk.proxy2.$Proxy25.playSoundForAll(Unknown Source)
	at games.strategy.triplea.delegate.battle.BattleTracker.takeOver(BattleTracker.java:794)
	at games.strategy.triplea.delegate.battle.MustFightBattle.attackerWins(MustFightBattle.java:1430)
	at games.strategy.triplea.delegate.battle.MustFightBattle.endBattle(MustFightBattle.java:462)
	at games.strategy.triplea.delegate.battle.steps.change.CheckGeneralBattleEnd.execute(CheckGeneralBattleEnd.java:64)
	at games.strategy.triplea.delegate.ExecutionStack.execute(ExecutionStack.java:34)
	at games.strategy.triplea.delegate.battle.MustFightBattle.fight(MustFightBattle.java:690)
	at games.strategy.triplea.delegate.battle.BattleTracker.fightBattleIfOnlyOne(BattleTracker.java:1300)
	at games.strategy.triplea.delegate.battle.BattleDelegate.start(BattleDelegate.java:125)
	at games.strategy.engine.framework.ServerGame.startStep(ServerGame.java:611)
	at games.strategy.engine.framework.ServerGame.runStep(ServerGame.java:471)
	at games.strategy.engine.framework.ServerGame.runNextStep(ServerGame.java:365)
	at games.strategy.engine.framework.ServerGame.startGame(ServerGame.java:333)
	at games.strategy.engine.framework.startup.launcher.LocalLauncher.launchInternal(LocalLauncher.java:92)
	at games.strategy.engine.framework.startup.launcher.LocalLauncher.lambda$launch$0(LocalLauncher.java:60)
	at java.base/java.lang.Thread.run(Thread.java:840)
347857 18:24:09.548 [Thread-8] INFO  org.triplea.sound.ClipPlayer - Unable to create audio device, is there audio on the system? Cannot create AudioDevice
javazoom.jl.decoder.JavaLayerException: Cannot create AudioDevice
	at javazoom.jl.player.FactoryRegistry.createAudioDevice(FactoryRegistry.java:97)
	at org.triplea.sound.ClipPlayer.hasAudio(ClipPlayer.java:144)
	at org.triplea.sound.ClipPlayer.isSoundEnabled(ClipPlayer.java:251)
	at org.triplea.sound.ClipPlayer.play(ClipPlayer.java:220)
	at org.triplea.sound.DefaultSoundChannel.playSoundForAll(DefaultSoundChannel.java:22)
	at jdk.internal.reflect.GeneratedMethodAccessor55.invoke(Unknown Source)
	at java.base/jdk.internal.reflect.DelegatingMethodAccessorImpl.invoke(DelegatingMethodAccessorImpl.java:43)
	at java.base/java.lang.reflect.Method.invoke(Method.java:569)
	at games.strategy.engine.message.unifiedmessenger.EndPoint.invokeSingle(EndPoint.java:137)
	at games.strategy.engine.message.unifiedmessenger.EndPoint.lambda$invokeMultiple$0(EndPoint.java:121)
	at java.base/java.util.stream.ReferencePipeline$3$1.accept(ReferencePipeline.java:197)
	at java.base/java.util.Spliterators$ArraySpliterator.forEachRemaining(Spliterators.java:992)
	at java.base/java.util.stream.AbstractPipeline.copyInto(AbstractPipeline.java:509)
	at java.base/java.util.stream.AbstractPipeline.wrapAndCopyInto(AbstractPipeline.java:499)
	at java.base/java.util.stream.ReduceOps$ReduceOp.evaluateSequential(ReduceOps.java:921)
	at java.base/java.util.stream.AbstractPipeline.evaluate(AbstractPipeline.java:234)
	at java.base/java.util.stream.ReferencePipeline.collect(ReferencePipeline.java:682)
	at games.strategy.engine.message.unifiedmessenger.EndPoint.invokeMultiple(EndPoint.java:122)
	at games.strategy.engine.message.unifiedmessenger.EndPoint.invokeLocal(EndPoint.java:112)
	at games.strategy.engine.message.unifiedmessenger.UnifiedMessenger.invoke(UnifiedMessenger.java:153)
	at games.strategy.engine.message.UnifiedInvocationHandler.invoke(UnifiedInvocationHandler.java:47)
	at jdk.proxy2/jdk.proxy2.$Proxy25.playSoundForAll(Unknown Source)
	at jdk.internal.reflect.GeneratedMethodAccessor54.invoke(Unknown Source)
	at java.base/jdk.internal.reflect.DelegatingMethodAccessorImpl.invoke(DelegatingMethodAccessorImpl.java:43)
	at java.base/java.lang.reflect.Method.invoke(Method.java:569)
	at games.strategy.engine.delegate.DelegateExecutionManager.lambda$newOutboundImplementation$1(DelegateExecutionManager.java:79)
	at jdk.proxy2/jdk.proxy2.$Proxy25.playSoundForAll(Unknown Source)
	at games.strategy.triplea.delegate.AbstractPlaceDelegate.placeUnits(AbstractPlaceDelegate.java:302)
	at games.strategy.triplea.delegate.AbstractPlaceDelegate.placeUnits(AbstractPlaceDelegate.java:201)
	at jdk.internal.reflect.GeneratedMethodAccessor42.invoke(Unknown Source)
	at java.base/jdk.internal.reflect.DelegatingMethodAccessorImpl.invoke(DelegatingMethodAccessorImpl.java:43)
	at java.base/java.lang.reflect.Method.invoke(Method.java:569)
	at games.strategy.engine.delegate.DelegateExecutionManager$1.invoke(DelegateExecutionManager.java:120)
	at jdk.proxy2/jdk.proxy2.$Proxy16.placeUnits(Unknown Source)
	at jdk.internal.reflect.GeneratedMethodAccessor61.invoke(Unknown Source)
	at java.base/jdk.internal.reflect.DelegatingMethodAccessorImpl.invoke(DelegatingMethodAccessorImpl.java:43)
	at java.base/java.lang.reflect.Method.invoke(Method.java:569)
	at games.strategy.engine.message.unifiedmessenger.EndPoint.invokeSingle(EndPoint.java:137)
	at games.strategy.engine.message.unifiedmessenger.EndPoint.lambda$invokeMultiple$0(EndPoint.java:121)
	at java.base/java.util.stream.ReferencePipeline$3$1.accept(ReferencePipeline.java:197)
	at java.base/java.util.Spliterators$ArraySpliterator.forEachRemaining(Spliterators.java:992)
	at java.base/java.util.stream.AbstractPipeline.copyInto(AbstractPipeline.java:509)
	at java.base/java.util.stream.AbstractPipeline.wrapAndCopyInto(AbstractPipeline.java:499)
	at java.base/java.util.stream.ReduceOps$ReduceOp.evaluateSequential(ReduceOps.java:921)
	at java.base/java.util.stream.AbstractPipeline.evaluate(AbstractPipeline.java:234)
	at java.base/java.util.stream.ReferencePipeline.collect(ReferencePipeline.java:682)
	at games.strategy.engine.message.unifiedmessenger.EndPoint.invokeMultiple(EndPoint.java:122)
	at games.strategy.engine.message.unifiedmessenger.EndPoint.invokeLocal(EndPoint.java:112)
	at games.strategy.engine.message.unifiedmessenger.UnifiedMessenger.invokeAndWait(UnifiedMessenger.java:97)
	at games.strategy.engine.message.UnifiedInvocationHandler.invoke(UnifiedInvocationHandler.java:55)
	at jdk.proxy2/jdk.proxy2.$Proxy16.placeUnits(Unknown Source)
	at jdk.internal.reflect.GeneratedMethodAccessor42.invoke(Unknown Source)
	at java.base/jdk.internal.reflect.DelegatingMethodAccessorImpl.invoke(DelegatingMethodAccessorImpl.java:43)
	at java.base/java.lang.reflect.Method.invoke(Method.java:569)
	at games.strategy.engine.player.PlayerBridge$GameOverInvocationHandler.invoke(PlayerBridge.java:151)
	at jdk.proxy2/jdk.proxy2.$Proxy16.placeUnits(Unknown Source)
	at games.strategy.triplea.ai.tripleMind.ProPurchaseAi.doPlace(ProPurchaseAi.java:2627)
	at games.strategy.triplea.ai.tripleMind.ProPurchaseAi.placeUnits(ProPurchaseAi.java:2545)
	at games.strategy.triplea.ai.tripleMind.ProPurchaseAi.place(ProPurchaseAi.java:562)
	at games.strategy.triplea.ai.tripleMind.AbstractTripleMindAi.place(AbstractTripleMindAi.java:380)
	at games.strategy.triplea.ai.AbstractAi.start(AbstractAi.java:531)
	at games.strategy.engine.framework.ServerGame.waitForPlayerToFinishStep(ServerGame.java:648)
	at games.strategy.engine.framework.ServerGame.runStep(ServerGame.java:478)
	at games.strategy.engine.framework.ServerGame.runNextStep(ServerGame.java:365)
	at games.strategy.engine.framework.ServerGame.startGame(ServerGame.java:333)
	at games.strategy.engine.framework.startup.launcher.LocalLauncher.launchInternal(LocalLauncher.java:92)
	at games.strategy.engine.framework.startup.launcher.LocalLauncher.lambda$launch$0(LocalLauncher.java:60)
	at java.base/java.lang.Thread.run(Thread.java:840)
347981 18:24:09.672 [Thread-8] INFO  org.triplea.sound.ClipPlayer - Unable to create audio device, is there audio on the system? Cannot create AudioDevice
javazoom.jl.decoder.JavaLayerException: Cannot create AudioDevice
	at javazoom.jl.player.FactoryRegistry.createAudioDevice(FactoryRegistry.java:97)
	at org.triplea.sound.ClipPlayer.hasAudio(ClipPlayer.java:144)
	at org.triplea.sound.ClipPlayer.isSoundEnabled(ClipPlayer.java:251)
	at org.triplea.sound.ClipPlayer.play(ClipPlayer.java:220)
	at org.triplea.sound.DefaultSoundChannel.playSoundForAll(DefaultSoundChannel.java:22)
	at jdk.internal.reflect.GeneratedMethodAccessor55.invoke(Unknown Source)
	at java.base/jdk.internal.reflect.DelegatingMethodAccessorImpl.invoke(DelegatingMethodAccessorImpl.java:43)
	at java.base/java.lang.reflect.Method.invoke(Method.java:569)
	at games.strategy.engine.message.unifiedmessenger.EndPoint.invokeSingle(EndPoint.java:137)
	at games.strategy.engine.message.unifiedmessenger.EndPoint.lambda$invokeMultiple$0(EndPoint.java:121)
	at java.base/java.util.stream.ReferencePipeline$3$1.accept(ReferencePipeline.java:197)
	at java.base/java.util.Spliterators$ArraySpliterator.forEachRemaining(Spliterators.java:992)
	at java.base/java.util.stream.AbstractPipeline.copyInto(AbstractPipeline.java:509)
	at java.base/java.util.stream.AbstractPipeline.wrapAndCopyInto(AbstractPipeline.java:499)
	at java.base/java.util.stream.ReduceOps$ReduceOp.evaluateSequential(ReduceOps.java:921)
	at java.base/java.util.stream.AbstractPipeline.evaluate(AbstractPipeline.java:234)
	at java.base/java.util.stream.ReferencePipeline.collect(ReferencePipeline.java:682)
	at games.strategy.engine.message.unifiedmessenger.EndPoint.invokeMultiple(EndPoint.java:122)
	at games.strategy.engine.message.unifiedmessenger.EndPoint.invokeLocal(EndPoint.java:112)
	at games.strategy.engine.message.unifiedmessenger.UnifiedMessenger.invoke(UnifiedMessenger.java:153)
	at games.strategy.engine.message.UnifiedInvocationHandler.invoke(UnifiedInvocationHandler.java:47)
	at jdk.proxy2/jdk.proxy2.$Proxy25.playSoundForAll(Unknown Source)
	at jdk.internal.reflect.GeneratedMethodAccessor54.invoke(Unknown Source)
	at java.base/jdk.internal.reflect.DelegatingMethodAccessorImpl.invoke(DelegatingMethodAccessorImpl.java:43)
	at java.base/java.lang.reflect.Method.invoke(Method.java:569)
	at games.strategy.engine.delegate.DelegateExecutionManager.lambda$newOutboundImplementation$1(DelegateExecutionManager.java:79)
	at jdk.proxy2/jdk.proxy2.$Proxy25.playSoundForAll(Unknown Source)
	at games.strategy.triplea.delegate.AbstractPlaceDelegate.placeUnits(AbstractPlaceDelegate.java:302)
	at games.strategy.triplea.delegate.AbstractPlaceDelegate.placeUnits(AbstractPlaceDelegate.java:201)
	at jdk.internal.reflect.GeneratedMethodAccessor42.invoke(Unknown Source)
	at java.base/jdk.internal.reflect.DelegatingMethodAccessorImpl.invoke(DelegatingMethodAccessorImpl.java:43)
	at java.base/java.lang.reflect.Method.invoke(Method.java:569)
	at games.strategy.engine.delegate.DelegateExecutionManager$1.invoke(DelegateExecutionManager.java:120)
	at jdk.proxy2/jdk.proxy2.$Proxy16.placeUnits(Unknown Source)
	at jdk.internal.reflect.GeneratedMethodAccessor61.invoke(Unknown Source)
	at java.base/jdk.internal.reflect.DelegatingMethodAccessorImpl.invoke(DelegatingMethodAccessorImpl.java:43)
	at java.base/java.lang.reflect.Method.invoke(Method.java:569)
	at games.strategy.engine.message.unifiedmessenger.EndPoint.invokeSingle(EndPoint.java:137)
	at games.strategy.engine.message.unifiedmessenger.EndPoint.lambda$invokeMultiple$0(EndPoint.java:121)
	at java.base/java.util.stream.ReferencePipeline$3$1.accept(ReferencePipeline.java:197)
	at java.base/java.util.Spliterators$ArraySpliterator.forEachRemaining(Spliterators.java:992)
	at java.base/java.util.stream.AbstractPipeline.copyInto(AbstractPipeline.java:509)
	at java.base/java.util.stream.AbstractPipeline.wrapAndCopyInto(AbstractPipeline.java:499)
	at java.base/java.util.stream.ReduceOps$ReduceOp.evaluateSequential(ReduceOps.java:921)
	at java.base/java.util.stream.AbstractPipeline.evaluate(AbstractPipeline.java:234)
	at java.base/java.util.stream.ReferencePipeline.collect(ReferencePipeline.java:682)
	at games.strategy.engine.message.unifiedmessenger.EndPoint.invokeMultiple(EndPoint.java:122)
	at games.strategy.engine.message.unifiedmessenger.EndPoint.invokeLocal(EndPoint.java:112)
	at games.strategy.engine.message.unifiedmessenger.UnifiedMessenger.invokeAndWait(UnifiedMessenger.java:97)
	at games.strategy.engine.message.UnifiedInvocationHandler.invoke(UnifiedInvocationHandler.java:55)
	at jdk.proxy2/jdk.proxy2.$Proxy16.placeUnits(Unknown Source)
	at jdk.internal.reflect.GeneratedMethodAccessor42.invoke(Unknown Source)
	at java.base/jdk.internal.reflect.DelegatingMethodAccessorImpl.invoke(DelegatingMethodAccessorImpl.java:43)
	at java.base/java.lang.reflect.Method.invoke(Method.java:569)
	at games.strategy.engine.player.PlayerBridge$GameOverInvocationHandler.invoke(PlayerBridge.java:151)
	at jdk.proxy2/jdk.proxy2.$Proxy16.placeUnits(Unknown Source)
	at games.strategy.triplea.ai.tripleMind.ProPurchaseAi.doPlace(ProPurchaseAi.java:2627)
	at games.strategy.triplea.ai.tripleMind.ProPurchaseAi.placeUnits(ProPurchaseAi.java:2545)
	at games.strategy.triplea.ai.tripleMind.ProPurchaseAi.place(ProPurchaseAi.java:562)
	at games.strategy.triplea.ai.tripleMind.AbstractTripleMindAi.place(AbstractTripleMindAi.java:380)
	at games.strategy.triplea.ai.AbstractAi.start(AbstractAi.java:531)
	at games.strategy.engine.framework.ServerGame.waitForPlayerToFinishStep(ServerGame.java:648)
	at games.strategy.engine.framework.ServerGame.runStep(ServerGame.java:478)
	at games.strategy.engine.framework.ServerGame.runNextStep(ServerGame.java:365)
	at games.strategy.engine.framework.ServerGame.startGame(ServerGame.java:333)
	at games.strategy.engine.framework.startup.launcher.LocalLauncher.launchInternal(LocalLauncher.java:92)
	at games.strategy.engine.framework.startup.launcher.LocalLauncher.lambda$launch$0(LocalLauncher.java:60)
	at java.base/java.lang.Thread.run(Thread.java:840)
348105 18:24:09.796 [Thread-8] INFO  org.triplea.sound.ClipPlayer - Unable to create audio device, is there audio on the system? Cannot create AudioDevice
javazoom.jl.decoder.JavaLayerException: Cannot create AudioDevice
	at javazoom.jl.player.FactoryRegistry.createAudioDevice(FactoryRegistry.java:97)
	at org.triplea.sound.ClipPlayer.hasAudio(ClipPlayer.java:144)
	at org.triplea.sound.ClipPlayer.isSoundEnabled(ClipPlayer.java:251)
	at org.triplea.sound.ClipPlayer.play(ClipPlayer.java:220)
	at org.triplea.sound.DefaultSoundChannel.playSoundForAll(DefaultSoundChannel.java:22)
	at jdk.internal.reflect.GeneratedMethodAccessor55.invoke(Unknown Source)
	at java.base/jdk.internal.reflect.DelegatingMethodAccessorImpl.invoke(DelegatingMethodAccessorImpl.java:43)
	at java.base/java.lang.reflect.Method.invoke(Method.java:569)
	at games.strategy.engine.message.unifiedmessenger.EndPoint.invokeSingle(EndPoint.java:137)
	at games.strategy.engine.message.unifiedmessenger.EndPoint.lambda$invokeMultiple$0(EndPoint.java:121)
	at java.base/java.util.stream.ReferencePipeline$3$1.accept(ReferencePipeline.java:197)
	at java.base/java.util.Spliterators$ArraySpliterator.forEachRemaining(Spliterators.java:992)
	at java.base/java.util.stream.AbstractPipeline.copyInto(AbstractPipeline.java:509)
	at java.base/java.util.stream.AbstractPipeline.wrapAndCopyInto(AbstractPipeline.java:499)
	at java.base/java.util.stream.ReduceOps$ReduceOp.evaluateSequential(ReduceOps.java:921)
	at java.base/java.util.stream.AbstractPipeline.evaluate(AbstractPipeline.java:234)
	at java.base/java.util.stream.ReferencePipeline.collect(ReferencePipeline.java:682)
	at games.strategy.engine.message.unifiedmessenger.EndPoint.invokeMultiple(EndPoint.java:122)
	at games.strategy.engine.message.unifiedmessenger.EndPoint.invokeLocal(EndPoint.java:112)
	at games.strategy.engine.message.unifiedmessenger.UnifiedMessenger.invoke(UnifiedMessenger.java:153)
	at games.strategy.engine.message.UnifiedInvocationHandler.invoke(UnifiedInvocationHandler.java:47)
	at jdk.proxy2/jdk.proxy2.$Proxy25.playSoundForAll(Unknown Source)
	at jdk.internal.reflect.GeneratedMethodAccessor54.invoke(Unknown Source)
	at java.base/jdk.internal.reflect.DelegatingMethodAccessorImpl.invoke(DelegatingMethodAccessorImpl.java:43)
	at java.base/java.lang.reflect.Method.invoke(Method.java:569)
	at games.strategy.engine.delegate.DelegateExecutionManager.lambda$newOutboundImplementation$1(DelegateExecutionManager.java:79)
	at jdk.proxy2/jdk.proxy2.$Proxy25.playSoundForAll(Unknown Source)
	at games.strategy.triplea.delegate.AbstractPlaceDelegate.placeUnits(AbstractPlaceDelegate.java:302)
	at games.strategy.triplea.delegate.AbstractPlaceDelegate.placeUnits(AbstractPlaceDelegate.java:201)
	at jdk.internal.reflect.GeneratedMethodAccessor42.invoke(Unknown Source)
	at java.base/jdk.internal.reflect.DelegatingMethodAccessorImpl.invoke(DelegatingMethodAccessorImpl.java:43)
	at java.base/java.lang.reflect.Method.invoke(Method.java:569)
	at games.strategy.engine.delegate.DelegateExecutionManager$1.invoke(DelegateExecutionManager.java:120)
	at jdk.proxy2/jdk.proxy2.$Proxy16.placeUnits(Unknown Source)
	at jdk.internal.reflect.GeneratedMethodAccessor61.invoke(Unknown Source)
	at java.base/jdk.internal.reflect.DelegatingMethodAccessorImpl.invoke(DelegatingMethodAccessorImpl.java:43)
	at java.base/java.lang.reflect.Method.invoke(Method.java:569)
	at games.strategy.engine.message.unifiedmessenger.EndPoint.invokeSingle(EndPoint.java:137)
	at games.strategy.engine.message.unifiedmessenger.EndPoint.lambda$invokeMultiple$0(EndPoint.java:121)
	at java.base/java.util.stream.ReferencePipeline$3$1.accept(ReferencePipeline.java:197)
	at java.base/java.util.Spliterators$ArraySpliterator.forEachRemaining(Spliterators.java:992)
	at java.base/java.util.stream.AbstractPipeline.copyInto(AbstractPipeline.java:509)
	at java.base/java.util.stream.AbstractPipeline.wrapAndCopyInto(AbstractPipeline.java:499)
	at java.base/java.util.stream.ReduceOps$ReduceOp.evaluateSequential(ReduceOps.java:921)
	at java.base/java.util.stream.AbstractPipeline.evaluate(AbstractPipeline.java:234)
	at java.base/java.util.stream.ReferencePipeline.collect(ReferencePipeline.java:682)
	at games.strategy.engine.message.unifiedmessenger.EndPoint.invokeMultiple(EndPoint.java:122)
	at games.strategy.engine.message.unifiedmessenger.EndPoint.invokeLocal(EndPoint.java:112)
	at games.strategy.engine.message.unifiedmessenger.UnifiedMessenger.invokeAndWait(UnifiedMessenger.java:97)
	at games.strategy.engine.message.UnifiedInvocationHandler.invoke(UnifiedInvocationHandler.java:55)
	at jdk.proxy2/jdk.proxy2.$Proxy16.placeUnits(Unknown Source)
	at jdk.internal.reflect.GeneratedMethodAccessor42.invoke(Unknown Source)
	at java.base/jdk.internal.reflect.DelegatingMethodAccessorImpl.invoke(DelegatingMethodAccessorImpl.java:43)
	at java.base/java.lang.reflect.Method.invoke(Method.java:569)
	at games.strategy.engine.player.PlayerBridge$GameOverInvocationHandler.invoke(PlayerBridge.java:151)
	at jdk.proxy2/jdk.proxy2.$Proxy16.placeUnits(Unknown Source)
	at games.strategy.triplea.ai.tripleMind.ProPurchaseAi.doPlace(ProPurchaseAi.java:2627)
	at games.strategy.triplea.ai.tripleMind.ProPurchaseAi.placeUnits(ProPurchaseAi.java:2545)
	at games.strategy.triplea.ai.tripleMind.ProPurchaseAi.place(ProPurchaseAi.java:562)
	at games.strategy.triplea.ai.tripleMind.AbstractTripleMindAi.place(AbstractTripleMindAi.java:380)
	at games.strategy.triplea.ai.AbstractAi.start(AbstractAi.java:531)
	at games.strategy.engine.framework.ServerGame.waitForPlayerToFinishStep(ServerGame.java:648)
	at games.strategy.engine.framework.ServerGame.runStep(ServerGame.java:478)
	at games.strategy.engine.framework.ServerGame.runNextStep(ServerGame.java:365)
	at games.strategy.engine.framework.ServerGame.startGame(ServerGame.java:333)
	at games.strategy.engine.framework.startup.launcher.LocalLauncher.launchInternal(LocalLauncher.java:92)
	at games.strategy.engine.framework.startup.launcher.LocalLauncher.lambda$launch$0(LocalLauncher.java:60)
	at java.base/java.lang.Thread.run(Thread.java:840)
348234 18:24:09.925 [Thread-8] INFO  org.triplea.sound.ClipPlayer - Unable to create audio device, is there audio on the system? Cannot create AudioDevice
javazoom.jl.decoder.JavaLayerException: Cannot create AudioDevice
	at javazoom.jl.player.FactoryRegistry.createAudioDevice(FactoryRegistry.java:97)
	at org.triplea.sound.ClipPlayer.hasAudio(ClipPlayer.java:144)
	at org.triplea.sound.ClipPlayer.isSoundEnabled(ClipPlayer.java:251)
	at org.triplea.sound.ClipPlayer.play(ClipPlayer.java:220)
	at org.triplea.sound.DefaultSoundChannel.playSoundForAll(DefaultSoundChannel.java:22)
	at jdk.internal.reflect.GeneratedMethodAccessor55.invoke(Unknown Source)
	at java.base/jdk.internal.reflect.DelegatingMethodAccessorImpl.invoke(DelegatingMethodAccessorImpl.java:43)
	at java.base/java.lang.reflect.Method.invoke(Method.java:569)
	at games.strategy.engine.message.unifiedmessenger.EndPoint.invokeSingle(EndPoint.java:137)
	at games.strategy.engine.message.unifiedmessenger.EndPoint.lambda$invokeMultiple$0(EndPoint.java:121)
	at java.base/java.util.stream.ReferencePipeline$3$1.accept(ReferencePipeline.java:197)
	at java.base/java.util.Spliterators$ArraySpliterator.forEachRemaining(Spliterators.java:992)
	at java.base/java.util.stream.AbstractPipeline.copyInto(AbstractPipeline.java:509)
	at java.base/java.util.stream.AbstractPipeline.wrapAndCopyInto(AbstractPipeline.java:499)
	at java.base/java.util.stream.ReduceOps$ReduceOp.evaluateSequential(ReduceOps.java:921)
	at java.base/java.util.stream.AbstractPipeline.evaluate(AbstractPipeline.java:234)
	at java.base/java.util.stream.ReferencePipeline.collect(ReferencePipeline.java:682)
	at games.strategy.engine.message.unifiedmessenger.EndPoint.invokeMultiple(EndPoint.java:122)
	at games.strategy.engine.message.unifiedmessenger.EndPoint.invokeLocal(EndPoint.java:112)
	at games.strategy.engine.message.unifiedmessenger.UnifiedMessenger.invoke(UnifiedMessenger.java:153)
	at games.strategy.engine.message.UnifiedInvocationHandler.invoke(UnifiedInvocationHandler.java:47)
	at jdk.proxy2/jdk.proxy2.$Proxy25.playSoundForAll(Unknown Source)
	at jdk.internal.reflect.GeneratedMethodAccessor54.invoke(Unknown Source)
	at java.base/jdk.internal.reflect.DelegatingMethodAccessorImpl.invoke(DelegatingMethodAccessorImpl.java:43)
	at java.base/java.lang.reflect.Method.invoke(Method.java:569)
	at games.strategy.engine.delegate.DelegateExecutionManager.lambda$newOutboundImplementation$1(DelegateExecutionManager.java:79)
	at jdk.proxy2/jdk.proxy2.$Proxy25.playSoundForAll(Unknown Source)
	at games.strategy.triplea.delegate.AbstractPlaceDelegate.placeUnits(AbstractPlaceDelegate.java:302)
	at games.strategy.triplea.delegate.AbstractPlaceDelegate.placeUnits(AbstractPlaceDelegate.java:201)
	at jdk.internal.reflect.GeneratedMethodAccessor42.invoke(Unknown Source)
	at java.base/jdk.internal.reflect.DelegatingMethodAccessorImpl.invoke(DelegatingMethodAccessorImpl.java:43)
	at java.base/java.lang.reflect.Method.invoke(Method.java:569)
	at games.strategy.engine.delegate.DelegateExecutionManager$1.invoke(DelegateExecutionManager.java:120)
	at jdk.proxy2/jdk.proxy2.$Proxy16.placeUnits(Unknown Source)
	at jdk.internal.reflect.GeneratedMethodAccessor61.invoke(Unknown Source)
	at java.base/jdk.internal.reflect.DelegatingMethodAccessorImpl.invoke(DelegatingMethodAccessorImpl.java:43)
	at java.base/java.lang.reflect.Method.invoke(Method.java:569)
	at games.strategy.engine.message.unifiedmessenger.EndPoint.invokeSingle(EndPoint.java:137)
	at games.strategy.engine.message.unifiedmessenger.EndPoint.lambda$invokeMultiple$0(EndPoint.java:121)
	at java.base/java.util.stream.ReferencePipeline$3$1.accept(ReferencePipeline.java:197)
	at java.base/java.util.Spliterators$ArraySpliterator.forEachRemaining(Spliterators.java:992)
	at java.base/java.util.stream.AbstractPipeline.copyInto(AbstractPipeline.java:509)
	at java.base/java.util.stream.AbstractPipeline.wrapAndCopyInto(AbstractPipeline.java:499)
	at java.base/java.util.stream.ReduceOps$ReduceOp.evaluateSequential(ReduceOps.java:921)
	at java.base/java.util.stream.AbstractPipeline.evaluate(AbstractPipeline.java:234)
	at java.base/java.util.stream.ReferencePipeline.collect(ReferencePipeline.java:682)
	at games.strategy.engine.message.unifiedmessenger.EndPoint.invokeMultiple(EndPoint.java:122)
	at games.strategy.engine.message.unifiedmessenger.EndPoint.invokeLocal(EndPoint.java:112)
	at games.strategy.engine.message.unifiedmessenger.UnifiedMessenger.invokeAndWait(UnifiedMessenger.java:97)
	at games.strategy.engine.message.UnifiedInvocationHandler.invoke(UnifiedInvocationHandler.java:55)
	at jdk.proxy2/jdk.proxy2.$Proxy16.placeUnits(Unknown Source)
	at jdk.internal.reflect.GeneratedMethodAccessor42.invoke(Unknown Source)
	at java.base/jdk.internal.reflect.DelegatingMethodAccessorImpl.invoke(DelegatingMethodAccessorImpl.java:43)
	at java.base/java.lang.reflect.Method.invoke(Method.java:569)
	at games.strategy.engine.player.PlayerBridge$GameOverInvocationHandler.invoke(PlayerBridge.java:151)
	at jdk.proxy2/jdk.proxy2.$Proxy16.placeUnits(Unknown Source)
	at games.strategy.triplea.ai.tripleMind.ProPurchaseAi.doPlace(ProPurchaseAi.java:2627)
	at games.strategy.triplea.ai.tripleMind.ProPurchaseAi.placeUnits(ProPurchaseAi.java:2545)
	at games.strategy.triplea.ai.tripleMind.ProPurchaseAi.place(ProPurchaseAi.java:562)
	at games.strategy.triplea.ai.tripleMind.AbstractTripleMindAi.place(AbstractTripleMindAi.java:380)
	at games.strategy.triplea.ai.AbstractAi.start(AbstractAi.java:531)
	at games.strategy.engine.framework.ServerGame.waitForPlayerToFinishStep(ServerGame.java:648)
	at games.strategy.engine.framework.ServerGame.runStep(ServerGame.java:478)
	at games.strategy.engine.framework.ServerGame.runNextStep(ServerGame.java:365)
	at games.strategy.engine.framework.ServerGame.startGame(ServerGame.java:333)
	at games.strategy.engine.framework.startup.launcher.LocalLauncher.launchInternal(LocalLauncher.java:92)
	at games.strategy.engine.framework.startup.launcher.LocalLauncher.lambda$launch$0(LocalLauncher.java:60)
	at java.base/java.lang.Thread.run(Thread.java:840)
348359 18:24:10.050 [Thread-8] INFO  org.triplea.sound.ClipPlayer - Unable to create audio device, is there audio on the system? Cannot create AudioDevice
javazoom.jl.decoder.JavaLayerException: Cannot create AudioDevice
	at javazoom.jl.player.FactoryRegistry.createAudioDevice(FactoryRegistry.java:97)
	at org.triplea.sound.ClipPlayer.hasAudio(ClipPlayer.java:144)
	at org.triplea.sound.ClipPlayer.isSoundEnabled(ClipPlayer.java:251)
	at org.triplea.sound.ClipPlayer.play(ClipPlayer.java:220)
	at org.triplea.sound.DefaultSoundChannel.playSoundForAll(DefaultSoundChannel.java:22)
	at jdk.internal.reflect.GeneratedMethodAccessor55.invoke(Unknown Source)
	at java.base/jdk.internal.reflect.DelegatingMethodAccessorImpl.invoke(DelegatingMethodAccessorImpl.java:43)
	at java.base/java.lang.reflect.Method.invoke(Method.java:569)
	at games.strategy.engine.message.unifiedmessenger.EndPoint.invokeSingle(EndPoint.java:137)
	at games.strategy.engine.message.unifiedmessenger.EndPoint.lambda$invokeMultiple$0(EndPoint.java:121)
	at java.base/java.util.stream.ReferencePipeline$3$1.accept(ReferencePipeline.java:197)
	at java.base/java.util.Spliterators$ArraySpliterator.forEachRemaining(Spliterators.java:992)
	at java.base/java.util.stream.AbstractPipeline.copyInto(AbstractPipeline.java:509)
	at java.base/java.util.stream.AbstractPipeline.wrapAndCopyInto(AbstractPipeline.java:499)
	at java.base/java.util.stream.ReduceOps$ReduceOp.evaluateSequential(ReduceOps.java:921)
	at java.base/java.util.stream.AbstractPipeline.evaluate(AbstractPipeline.java:234)
	at java.base/java.util.stream.ReferencePipeline.collect(ReferencePipeline.java:682)
	at games.strategy.engine.message.unifiedmessenger.EndPoint.invokeMultiple(EndPoint.java:122)
	at games.strategy.engine.message.unifiedmessenger.EndPoint.invokeLocal(EndPoint.java:112)
	at games.strategy.engine.message.unifiedmessenger.UnifiedMessenger.invoke(UnifiedMessenger.java:153)
	at games.strategy.engine.message.UnifiedInvocationHandler.invoke(UnifiedInvocationHandler.java:47)
	at jdk.proxy2/jdk.proxy2.$Proxy25.playSoundForAll(Unknown Source)
	at jdk.internal.reflect.GeneratedMethodAccessor54.invoke(Unknown Source)
	at java.base/jdk.internal.reflect.DelegatingMethodAccessorImpl.invoke(DelegatingMethodAccessorImpl.java:43)
	at java.base/java.lang.reflect.Method.invoke(Method.java:569)
	at games.strategy.engine.delegate.DelegateExecutionManager.lambda$newOutboundImplementation$1(DelegateExecutionManager.java:79)
	at jdk.proxy2/jdk.proxy2.$Proxy25.playSoundForAll(Unknown Source)
	at games.strategy.triplea.delegate.AbstractPlaceDelegate.placeUnits(AbstractPlaceDelegate.java:302)
	at games.strategy.triplea.delegate.AbstractPlaceDelegate.placeUnits(AbstractPlaceDelegate.java:201)
	at jdk.internal.reflect.GeneratedMethodAccessor42.invoke(Unknown Source)
	at java.base/jdk.internal.reflect.DelegatingMethodAccessorImpl.invoke(DelegatingMethodAccessorImpl.java:43)
	at java.base/java.lang.reflect.Method.invoke(Method.java:569)
	at games.strategy.engine.delegate.DelegateExecutionManager$1.invoke(DelegateExecutionManager.java:120)
	at jdk.proxy2/jdk.proxy2.$Proxy16.placeUnits(Unknown Source)
	at jdk.internal.reflect.GeneratedMethodAccessor61.invoke(Unknown Source)
	at java.base/jdk.internal.reflect.DelegatingMethodAccessorImpl.invoke(DelegatingMethodAccessorImpl.java:43)
	at java.base/java.lang.reflect.Method.invoke(Method.java:569)
	at games.strategy.engine.message.unifiedmessenger.EndPoint.invokeSingle(EndPoint.java:137)
	at games.strategy.engine.message.unifiedmessenger.EndPoint.lambda$invokeMultiple$0(EndPoint.java:121)
	at java.base/java.util.stream.ReferencePipeline$3$1.accept(ReferencePipeline.java:197)
	at java.base/java.util.Spliterators$ArraySpliterator.forEachRemaining(Spliterators.java:992)
	at java.base/java.util.stream.AbstractPipeline.copyInto(AbstractPipeline.java:509)
	at java.base/java.util.stream.AbstractPipeline.wrapAndCopyInto(AbstractPipeline.java:499)
	at java.base/java.util.stream.ReduceOps$ReduceOp.evaluateSequential(ReduceOps.java:921)
	at java.base/java.util.stream.AbstractPipeline.evaluate(AbstractPipeline.java:234)
	at java.base/java.util.stream.ReferencePipeline.collect(ReferencePipeline.java:682)
	at games.strategy.engine.message.unifiedmessenger.EndPoint.invokeMultiple(EndPoint.java:122)
	at games.strategy.engine.message.unifiedmessenger.EndPoint.invokeLocal(EndPoint.java:112)
	at games.strategy.engine.message.unifiedmessenger.UnifiedMessenger.invokeAndWait(UnifiedMessenger.java:97)
	at games.strategy.engine.message.UnifiedInvocationHandler.invoke(UnifiedInvocationHandler.java:55)
	at jdk.proxy2/jdk.proxy2.$Proxy16.placeUnits(Unknown Source)
	at jdk.internal.reflect.GeneratedMethodAccessor42.invoke(Unknown Source)
	at java.base/jdk.internal.reflect.DelegatingMethodAccessorImpl.invoke(DelegatingMethodAccessorImpl.java:43)
	at java.base/java.lang.reflect.Method.invoke(Method.java:569)
	at games.strategy.engine.player.PlayerBridge$GameOverInvocationHandler.invoke(PlayerBridge.java:151)
	at jdk.proxy2/jdk.proxy2.$Proxy16.placeUnits(Unknown Source)
	at games.strategy.triplea.ai.tripleMind.ProPurchaseAi.doPlace(ProPurchaseAi.java:2627)
	at games.strategy.triplea.ai.tripleMind.ProPurchaseAi.placeUnits(ProPurchaseAi.java:2545)
	at games.strategy.triplea.ai.tripleMind.ProPurchaseAi.place(ProPurchaseAi.java:562)
	at games.strategy.triplea.ai.tripleMind.AbstractTripleMindAi.place(AbstractTripleMindAi.java:380)
	at games.strategy.triplea.ai.AbstractAi.start(AbstractAi.java:531)
	at games.strategy.engine.framework.ServerGame.waitForPlayerToFinishStep(ServerGame.java:648)
	at games.strategy.engine.framework.ServerGame.runStep(ServerGame.java:478)
	at games.strategy.engine.framework.ServerGame.runNextStep(ServerGame.java:365)
	at games.strategy.engine.framework.ServerGame.startGame(ServerGame.java:333)
	at games.strategy.engine.framework.startup.launcher.LocalLauncher.launchInternal(LocalLauncher.java:92)
	at games.strategy.engine.framework.startup.launcher.LocalLauncher.lambda$launch$0(LocalLauncher.java:60)
	at java.base/java.lang.Thread.run(Thread.java:840)
350185 18:24:11.876 [Thread-8] INFO  org.triplea.sound.ClipPlayer - Unable to create audio device, is there audio on the system? Cannot create AudioDevice
javazoom.jl.decoder.JavaLayerException: Cannot create AudioDevice
	at javazoom.jl.player.FactoryRegistry.createAudioDevice(FactoryRegistry.java:97)
	at org.triplea.sound.ClipPlayer.hasAudio(ClipPlayer.java:144)
	at org.triplea.sound.ClipPlayer.isSoundEnabled(ClipPlayer.java:251)
	at org.triplea.sound.ClipPlayer.play(ClipPlayer.java:220)
	at org.triplea.sound.DefaultSoundChannel.playSoundForAll(DefaultSoundChannel.java:22)
	at jdk.internal.reflect.GeneratedMethodAccessor55.invoke(Unknown Source)
	at java.base/jdk.internal.reflect.DelegatingMethodAccessorImpl.invoke(DelegatingMethodAccessorImpl.java:43)
	at java.base/java.lang.reflect.Method.invoke(Method.java:569)
	at games.strategy.engine.message.unifiedmessenger.EndPoint.invokeSingle(EndPoint.java:137)
	at games.strategy.engine.message.unifiedmessenger.EndPoint.lambda$invokeMultiple$0(EndPoint.java:121)
	at java.base/java.util.stream.ReferencePipeline$3$1.accept(ReferencePipeline.java:197)
	at java.base/java.util.Spliterators$ArraySpliterator.forEachRemaining(Spliterators.java:992)
	at java.base/java.util.stream.AbstractPipeline.copyInto(AbstractPipeline.java:509)
	at java.base/java.util.stream.AbstractPipeline.wrapAndCopyInto(AbstractPipeline.java:499)
	at java.base/java.util.stream.ReduceOps$ReduceOp.evaluateSequential(ReduceOps.java:921)
	at java.base/java.util.stream.AbstractPipeline.evaluate(AbstractPipeline.java:234)
	at java.base/java.util.stream.ReferencePipeline.collect(ReferencePipeline.java:682)
	at games.strategy.engine.message.unifiedmessenger.EndPoint.invokeMultiple(EndPoint.java:122)
	at games.strategy.engine.message.unifiedmessenger.EndPoint.invokeLocal(EndPoint.java:112)
	at games.strategy.engine.message.unifiedmessenger.UnifiedMessenger.invoke(UnifiedMessenger.java:153)
	at games.strategy.engine.message.UnifiedInvocationHandler.invoke(UnifiedInvocationHandler.java:47)
	at jdk.proxy2/jdk.proxy2.$Proxy25.playSoundForAll(Unknown Source)
	at jdk.internal.reflect.GeneratedMethodAccessor54.invoke(Unknown Source)
	at java.base/jdk.internal.reflect.DelegatingMethodAccessorImpl.invoke(DelegatingMethodAccessorImpl.java:43)
	at java.base/java.lang.reflect.Method.invoke(Method.java:569)
	at games.strategy.engine.delegate.DelegateExecutionManager.lambda$newOutboundImplementation$1(DelegateExecutionManager.java:79)
	at jdk.proxy2/jdk.proxy2.$Proxy25.playSoundForAll(Unknown Source)
	at games.strategy.triplea.delegate.AbstractPlaceDelegate.placeUnits(AbstractPlaceDelegate.java:302)
	at games.strategy.triplea.delegate.AbstractPlaceDelegate.placeUnits(AbstractPlaceDelegate.java:201)
	at jdk.internal.reflect.GeneratedMethodAccessor42.invoke(Unknown Source)
	at java.base/jdk.internal.reflect.DelegatingMethodAccessorImpl.invoke(DelegatingMethodAccessorImpl.java:43)
	at java.base/java.lang.reflect.Method.invoke(Method.java:569)
	at games.strategy.engine.delegate.DelegateExecutionManager$1.invoke(DelegateExecutionManager.java:120)
	at jdk.proxy2/jdk.proxy2.$Proxy16.placeUnits(Unknown Source)
	at jdk.internal.reflect.GeneratedMethodAccessor61.invoke(Unknown Source)
	at java.base/jdk.internal.reflect.DelegatingMethodAccessorImpl.invoke(DelegatingMethodAccessorImpl.java:43)
	at java.base/java.lang.reflect.Method.invoke(Method.java:569)
	at games.strategy.engine.message.unifiedmessenger.EndPoint.invokeSingle(EndPoint.java:137)
	at games.strategy.engine.message.unifiedmessenger.EndPoint.lambda$invokeMultiple$0(EndPoint.java:121)
	at java.base/java.util.stream.ReferencePipeline$3$1.accept(ReferencePipeline.java:197)
	at java.base/java.util.Spliterators$ArraySpliterator.forEachRemaining(Spliterators.java:992)
	at java.base/java.util.stream.AbstractPipeline.copyInto(AbstractPipeline.java:509)
	at java.base/java.util.stream.AbstractPipeline.wrapAndCopyInto(AbstractPipeline.java:499)
	at java.base/java.util.stream.ReduceOps$ReduceOp.evaluateSequential(ReduceOps.java:921)
	at java.base/java.util.stream.AbstractPipeline.evaluate(AbstractPipeline.java:234)
	at java.base/java.util.stream.ReferencePipeline.collect(ReferencePipeline.java:682)
	at games.strategy.engine.message.unifiedmessenger.EndPoint.invokeMultiple(EndPoint.java:122)
	at games.strategy.engine.message.unifiedmessenger.EndPoint.invokeLocal(EndPoint.java:112)
	at games.strategy.engine.message.unifiedmessenger.UnifiedMessenger.invokeAndWait(UnifiedMessenger.java:97)
	at games.strategy.engine.message.UnifiedInvocationHandler.invoke(UnifiedInvocationHandler.java:55)
	at jdk.proxy2/jdk.proxy2.$Proxy16.placeUnits(Unknown Source)
	at jdk.internal.reflect.GeneratedMethodAccessor42.invoke(Unknown Source)
	at java.base/jdk.internal.reflect.DelegatingMethodAccessorImpl.invoke(DelegatingMethodAccessorImpl.java:43)
	at java.base/java.lang.reflect.Method.invoke(Method.java:569)
	at games.strategy.engine.player.PlayerBridge$GameOverInvocationHandler.invoke(PlayerBridge.java:151)
	at jdk.proxy2/jdk.proxy2.$Proxy16.placeUnits(Unknown Source)
	at games.strategy.triplea.ai.weak.WeakAi.doPlace(WeakAi.java:1110)
	at games.strategy.triplea.ai.weak.WeakAi.placeAllWeCanOn(WeakAi.java:1104)
	at games.strategy.triplea.ai.weak.WeakAi.lambda$place$15(WeakAi.java:1054)
	at java.base/java.util.Optional.ifPresent(Optional.java:178)
	at games.strategy.triplea.ai.weak.WeakAi.place(WeakAi.java:1054)
	at games.strategy.triplea.ai.AbstractAi.start(AbstractAi.java:531)
	at games.strategy.engine.framework.ServerGame.waitForPlayerToFinishStep(ServerGame.java:648)
	at games.strategy.engine.framework.ServerGame.runStep(ServerGame.java:478)
	at games.strategy.engine.framework.ServerGame.runNextStep(ServerGame.java:365)
	at games.strategy.engine.framework.ServerGame.startGame(ServerGame.java:333)
	at games.strategy.engine.framework.startup.launcher.LocalLauncher.launchInternal(LocalLauncher.java:92)
	at games.strategy.engine.framework.startup.launcher.LocalLauncher.lambda$launch$0(LocalLauncher.java:60)
	at java.base/java.lang.Thread.run(Thread.java:840)
354259 18:24:15.950 [Thread-8] INFO  org.triplea.sound.ClipPlayer - Unable to create audio device, is there audio on the system? Cannot create AudioDevice
javazoom.jl.decoder.JavaLayerException: Cannot create AudioDevice
	at javazoom.jl.player.FactoryRegistry.createAudioDevice(FactoryRegistry.java:97)
	at org.triplea.sound.ClipPlayer.hasAudio(ClipPlayer.java:144)
	at org.triplea.sound.ClipPlayer.isSoundEnabled(ClipPlayer.java:251)
	at org.triplea.sound.ClipPlayer.play(ClipPlayer.java:220)
	at org.triplea.sound.DefaultSoundChannel.playSoundForAll(DefaultSoundChannel.java:22)
	at jdk.internal.reflect.GeneratedMethodAccessor55.invoke(Unknown Source)
	at java.base/jdk.internal.reflect.DelegatingMethodAccessorImpl.invoke(DelegatingMethodAccessorImpl.java:43)
	at java.base/java.lang.reflect.Method.invoke(Method.java:569)
	at games.strategy.engine.message.unifiedmessenger.EndPoint.invokeSingle(EndPoint.java:137)
	at games.strategy.engine.message.unifiedmessenger.EndPoint.lambda$invokeMultiple$0(EndPoint.java:121)
	at java.base/java.util.stream.ReferencePipeline$3$1.accept(ReferencePipeline.java:197)
	at java.base/java.util.Spliterators$ArraySpliterator.forEachRemaining(Spliterators.java:992)
	at java.base/java.util.stream.AbstractPipeline.copyInto(AbstractPipeline.java:509)
	at java.base/java.util.stream.AbstractPipeline.wrapAndCopyInto(AbstractPipeline.java:499)
	at java.base/java.util.stream.ReduceOps$ReduceOp.evaluateSequential(ReduceOps.java:921)
	at java.base/java.util.stream.AbstractPipeline.evaluate(AbstractPipeline.java:234)
	at java.base/java.util.stream.ReferencePipeline.collect(ReferencePipeline.java:682)
	at games.strategy.engine.message.unifiedmessenger.EndPoint.invokeMultiple(EndPoint.java:122)
	at games.strategy.engine.message.unifiedmessenger.EndPoint.invokeLocal(EndPoint.java:112)
	at games.strategy.engine.message.unifiedmessenger.UnifiedMessenger.invoke(UnifiedMessenger.java:153)
	at games.strategy.engine.message.UnifiedInvocationHandler.invoke(UnifiedInvocationHandler.java:47)
	at jdk.proxy2/jdk.proxy2.$Proxy25.playSoundForAll(Unknown Source)
	at jdk.internal.reflect.GeneratedMethodAccessor54.invoke(Unknown Source)
	at java.base/jdk.internal.reflect.DelegatingMethodAccessorImpl.invoke(DelegatingMethodAccessorImpl.java:43)
	at java.base/java.lang.reflect.Method.invoke(Method.java:569)
	at games.strategy.engine.delegate.DelegateExecutionManager.lambda$newOutboundImplementation$1(DelegateExecutionManager.java:79)
	at jdk.proxy2/jdk.proxy2.$Proxy25.playSoundForAll(Unknown Source)
	at games.strategy.triplea.delegate.AbstractPlaceDelegate.placeUnits(AbstractPlaceDelegate.java:302)
	at games.strategy.triplea.delegate.AbstractPlaceDelegate.placeUnits(AbstractPlaceDelegate.java:201)
	at jdk.internal.reflect.GeneratedMethodAccessor42.invoke(Unknown Source)
	at java.base/jdk.internal.reflect.DelegatingMethodAccessorImpl.invoke(DelegatingMethodAccessorImpl.java:43)
	at java.base/java.lang.reflect.Method.invoke(Method.java:569)
	at games.strategy.engine.delegate.DelegateExecutionManager$1.invoke(DelegateExecutionManager.java:120)
	at jdk.proxy2/jdk.proxy2.$Proxy16.placeUnits(Unknown Source)
	at jdk.internal.reflect.GeneratedMethodAccessor61.invoke(Unknown Source)
	at java.base/jdk.internal.reflect.DelegatingMethodAccessorImpl.invoke(DelegatingMethodAccessorImpl.java:43)
	at java.base/java.lang.reflect.Method.invoke(Method.java:569)
	at games.strategy.engine.message.unifiedmessenger.EndPoint.invokeSingle(EndPoint.java:137)
	at games.strategy.engine.message.unifiedmessenger.EndPoint.lambda$invokeMultiple$0(EndPoint.java:121)
	at java.base/java.util.stream.ReferencePipeline$3$1.accept(ReferencePipeline.java:197)
	at java.base/java.util.Spliterators$ArraySpliterator.forEachRemaining(Spliterators.java:992)
	at java.base/java.util.stream.AbstractPipeline.copyInto(AbstractPipeline.java:509)
	at java.base/java.util.stream.AbstractPipeline.wrapAndCopyInto(AbstractPipeline.java:499)
	at java.base/java.util.stream.ReduceOps$ReduceOp.evaluateSequential(ReduceOps.java:921)
	at java.base/java.util.stream.AbstractPipeline.evaluate(AbstractPipeline.java:234)
	at java.base/java.util.stream.ReferencePipeline.collect(ReferencePipeline.java:682)
	at games.strategy.engine.message.unifiedmessenger.EndPoint.invokeMultiple(EndPoint.java:122)
	at games.strategy.engine.message.unifiedmessenger.EndPoint.invokeLocal(EndPoint.java:112)
	at games.strategy.engine.message.unifiedmessenger.UnifiedMessenger.invokeAndWait(UnifiedMessenger.java:97)
	at games.strategy.engine.message.UnifiedInvocationHandler.invoke(UnifiedInvocationHandler.java:55)
	at jdk.proxy2/jdk.proxy2.$Proxy16.placeUnits(Unknown Source)
	at jdk.internal.reflect.GeneratedMethodAccessor42.invoke(Unknown Source)
	at java.base/jdk.internal.reflect.DelegatingMethodAccessorImpl.invoke(DelegatingMethodAccessorImpl.java:43)
	at java.base/java.lang.reflect.Method.invoke(Method.java:569)
	at games.strategy.engine.player.PlayerBridge$GameOverInvocationHandler.invoke(PlayerBridge.java:151)
	at jdk.proxy2/jdk.proxy2.$Proxy16.placeUnits(Unknown Source)
	at games.strategy.triplea.ai.weak.WeakAi.doPlace(WeakAi.java:1110)
	at games.strategy.triplea.ai.weak.WeakAi.placeAllWeCanOn(WeakAi.java:1104)
	at games.strategy.triplea.ai.weak.WeakAi.lambda$place$15(WeakAi.java:1054)
	at java.base/java.util.Optional.ifPresent(Optional.java:178)
	at games.strategy.triplea.ai.weak.WeakAi.place(WeakAi.java:1054)
	at games.strategy.triplea.ai.AbstractAi.start(AbstractAi.java:531)
	at games.strategy.engine.framework.ServerGame.waitForPlayerToFinishStep(ServerGame.java:648)
	at games.strategy.engine.framework.ServerGame.runStep(ServerGame.java:478)
	at games.strategy.engine.framework.ServerGame.runNextStep(ServerGame.java:365)
	at games.strategy.engine.framework.ServerGame.startGame(ServerGame.java:333)
	at games.strategy.engine.framework.startup.launcher.LocalLauncher.launchInternal(LocalLauncher.java:92)
	at games.strategy.engine.framework.startup.launcher.LocalLauncher.lambda$launch$0(LocalLauncher.java:60)
	at java.base/java.lang.Thread.run(Thread.java:840)
355020 18:24:16.711 [Thread-8] INFO  org.triplea.sound.ClipPlayer - Unable to create audio device, is there audio on the system? Cannot create AudioDevice
javazoom.jl.decoder.JavaLayerException: Cannot create AudioDevice
	at javazoom.jl.player.FactoryRegistry.createAudioDevice(FactoryRegistry.java:97)
	at org.triplea.sound.ClipPlayer.hasAudio(ClipPlayer.java:144)
	at org.triplea.sound.ClipPlayer.isSoundEnabled(ClipPlayer.java:251)
	at org.triplea.sound.ClipPlayer.play(ClipPlayer.java:220)
	at org.triplea.sound.DefaultSoundChannel.playSoundForAll(DefaultSoundChannel.java:22)
	at jdk.internal.reflect.GeneratedMethodAccessor55.invoke(Unknown Source)
	at java.base/jdk.internal.reflect.DelegatingMethodAccessorImpl.invoke(DelegatingMethodAccessorImpl.java:43)
	at java.base/java.lang.reflect.Method.invoke(Method.java:569)
	at games.strategy.engine.message.unifiedmessenger.EndPoint.invokeSingle(EndPoint.java:137)
	at games.strategy.engine.message.unifiedmessenger.EndPoint.lambda$invokeMultiple$0(EndPoint.java:121)
	at java.base/java.util.stream.ReferencePipeline$3$1.accept(ReferencePipeline.java:197)
	at java.base/java.util.Spliterators$ArraySpliterator.forEachRemaining(Spliterators.java:992)
	at java.base/java.util.stream.AbstractPipeline.copyInto(AbstractPipeline.java:509)
	at java.base/java.util.stream.AbstractPipeline.wrapAndCopyInto(AbstractPipeline.java:499)
	at java.base/java.util.stream.ReduceOps$ReduceOp.evaluateSequential(ReduceOps.java:921)
	at java.base/java.util.stream.AbstractPipeline.evaluate(AbstractPipeline.java:234)
	at java.base/java.util.stream.ReferencePipeline.collect(ReferencePipeline.java:682)
	at games.strategy.engine.message.unifiedmessenger.EndPoint.invokeMultiple(EndPoint.java:122)
	at games.strategy.engine.message.unifiedmessenger.EndPoint.invokeLocal(EndPoint.java:112)
	at games.strategy.engine.message.unifiedmessenger.UnifiedMessenger.invoke(UnifiedMessenger.java:153)
	at games.strategy.engine.message.UnifiedInvocationHandler.invoke(UnifiedInvocationHandler.java:47)
	at jdk.proxy2/jdk.proxy2.$Proxy25.playSoundForAll(Unknown Source)
	at jdk.internal.reflect.GeneratedMethodAccessor54.invoke(Unknown Source)
	at java.base/jdk.internal.reflect.DelegatingMethodAccessorImpl.invoke(DelegatingMethodAccessorImpl.java:43)
	at java.base/java.lang.reflect.Method.invoke(Method.java:569)
	at games.strategy.engine.delegate.DelegateExecutionManager.lambda$newOutboundImplementation$1(DelegateExecutionManager.java:79)
	at jdk.proxy2/jdk.proxy2.$Proxy25.playSoundForAll(Unknown Source)
	at games.strategy.triplea.delegate.battle.BattleTracker.takeOver(BattleTracker.java:794)
	at games.strategy.triplea.delegate.battle.BattleTracker.addEmptyBattle(BattleTracker.java:523)
	at games.strategy.triplea.delegate.battle.BattleTracker.addBattle(BattleTracker.java:345)
	at games.strategy.triplea.delegate.battle.BattleTracker.addBattle(BattleTracker.java:293)
	at games.strategy.triplea.delegate.MovePerformer$3.execute(MovePerformer.java:267)
	at games.strategy.triplea.delegate.ExecutionStack.execute(ExecutionStack.java:34)
	at games.strategy.triplea.delegate.MovePerformer.populateStack(MovePerformer.java:324)
	at games.strategy.triplea.delegate.MovePerformer.moveUnits(MovePerformer.java:81)
	at games.strategy.triplea.delegate.MoveDelegate.performMove(MoveDelegate.java:675)
	at jdk.internal.reflect.GeneratedMethodAccessor45.invoke(Unknown Source)
	at java.base/jdk.internal.reflect.DelegatingMethodAccessorImpl.invoke(DelegatingMethodAccessorImpl.java:43)
	at java.base/java.lang.reflect.Method.invoke(Method.java:569)
	at games.strategy.engine.delegate.DelegateExecutionManager$1.invoke(DelegateExecutionManager.java:120)
	at jdk.proxy2/jdk.proxy2.$Proxy14.performMove(Unknown Source)
	at jdk.internal.reflect.GeneratedMethodAccessor56.invoke(Unknown Source)
	at java.base/jdk.internal.reflect.DelegatingMethodAccessorImpl.invoke(DelegatingMethodAccessorImpl.java:43)
	at java.base/java.lang.reflect.Method.invoke(Method.java:569)
	at games.strategy.engine.message.unifiedmessenger.EndPoint.invokeSingle(EndPoint.java:137)
	at games.strategy.engine.message.unifiedmessenger.EndPoint.lambda$invokeMultiple$0(EndPoint.java:121)
	at java.base/java.util.stream.ReferencePipeline$3$1.accept(ReferencePipeline.java:197)
	at java.base/java.util.Spliterators$ArraySpliterator.forEachRemaining(Spliterators.java:992)
	at java.base/java.util.stream.AbstractPipeline.copyInto(AbstractPipeline.java:509)
	at java.base/java.util.stream.AbstractPipeline.wrapAndCopyInto(AbstractPipeline.java:499)
	at java.base/java.util.stream.ReduceOps$ReduceOp.evaluateSequential(ReduceOps.java:921)
	at java.base/java.util.stream.AbstractPipeline.evaluate(AbstractPipeline.java:234)
	at java.base/java.util.stream.ReferencePipeline.collect(ReferencePipeline.java:682)
	at games.strategy.engine.message.unifiedmessenger.EndPoint.invokeMultiple(EndPoint.java:122)
	at games.strategy.engine.message.unifiedmessenger.EndPoint.invokeLocal(EndPoint.java:112)
	at games.strategy.engine.message.unifiedmessenger.UnifiedMessenger.invokeAndWait(UnifiedMessenger.java:97)
	at games.strategy.engine.message.UnifiedInvocationHandler.invoke(UnifiedInvocationHandler.java:55)
	at jdk.proxy2/jdk.proxy2.$Proxy14.performMove(Unknown Source)
	at jdk.internal.reflect.GeneratedMethodAccessor45.invoke(Unknown Source)
	at java.base/jdk.internal.reflect.DelegatingMethodAccessorImpl.invoke(DelegatingMethodAccessorImpl.java:43)
	at java.base/java.lang.reflect.Method.invoke(Method.java:569)
	at games.strategy.engine.player.PlayerBridge$GameOverInvocationHandler.invoke(PlayerBridge.java:151)
	at jdk.proxy2/jdk.proxy2.$Proxy14.performMove(Unknown Source)
	at games.strategy.triplea.ai.weak.WeakAi.doMove(WeakAi.java:237)
	at games.strategy.triplea.ai.weak.WeakAi.doCombatMove(WeakAi.java:152)
	at games.strategy.triplea.ai.weak.WeakAi.move(WeakAi.java:124)
	at games.strategy.triplea.ai.AbstractAi.start(AbstractAi.java:521)
	at games.strategy.engine.framework.ServerGame.waitForPlayerToFinishStep(ServerGame.java:648)
	at games.strategy.engine.framework.ServerGame.runStep(ServerGame.java:478)
	at games.strategy.engine.framework.ServerGame.runNextStep(ServerGame.java:365)
	at games.strategy.engine.framework.ServerGame.startGame(ServerGame.java:333)
	at games.strategy.engine.framework.startup.launcher.LocalLauncher.launchInternal(LocalLauncher.java:92)
	at games.strategy.engine.framework.startup.launcher.LocalLauncher.lambda$launch$0(LocalLauncher.java:60)
	at java.base/java.lang.Thread.run(Thread.java:840)
356390 18:24:18.081 [Thread-8] INFO  org.triplea.sound.ClipPlayer - Unable to create audio device, is there audio on the system? Cannot create AudioDevice
javazoom.jl.decoder.JavaLayerException: Cannot create AudioDevice
	at javazoom.jl.player.FactoryRegistry.createAudioDevice(FactoryRegistry.java:97)
	at org.triplea.sound.ClipPlayer.hasAudio(ClipPlayer.java:144)
	at org.triplea.sound.ClipPlayer.isSoundEnabled(ClipPlayer.java:251)
	at org.triplea.sound.ClipPlayer.play(ClipPlayer.java:220)
	at org.triplea.sound.DefaultSoundChannel.playSoundForAll(DefaultSoundChannel.java:22)
	at jdk.internal.reflect.GeneratedMethodAccessor55.invoke(Unknown Source)
	at java.base/jdk.internal.reflect.DelegatingMethodAccessorImpl.invoke(DelegatingMethodAccessorImpl.java:43)
	at java.base/java.lang.reflect.Method.invoke(Method.java:569)
	at games.strategy.engine.message.unifiedmessenger.EndPoint.invokeSingle(EndPoint.java:137)
	at games.strategy.engine.message.unifiedmessenger.EndPoint.lambda$invokeMultiple$0(EndPoint.java:121)
	at java.base/java.util.stream.ReferencePipeline$3$1.accept(ReferencePipeline.java:197)
	at java.base/java.util.Spliterators$ArraySpliterator.forEachRemaining(Spliterators.java:992)
	at java.base/java.util.stream.AbstractPipeline.copyInto(AbstractPipeline.java:509)
	at java.base/java.util.stream.AbstractPipeline.wrapAndCopyInto(AbstractPipeline.java:499)
	at java.base/java.util.stream.ReduceOps$ReduceOp.evaluateSequential(ReduceOps.java:921)
	at java.base/java.util.stream.AbstractPipeline.evaluate(AbstractPipeline.java:234)
	at java.base/java.util.stream.ReferencePipeline.collect(ReferencePipeline.java:682)
	at games.strategy.engine.message.unifiedmessenger.EndPoint.invokeMultiple(EndPoint.java:122)
	at games.strategy.engine.message.unifiedmessenger.EndPoint.invokeLocal(EndPoint.java:112)
	at games.strategy.engine.message.unifiedmessenger.UnifiedMessenger.invoke(UnifiedMessenger.java:153)
	at games.strategy.engine.message.UnifiedInvocationHandler.invoke(UnifiedInvocationHandler.java:47)
	at jdk.proxy2/jdk.proxy2.$Proxy25.playSoundForAll(Unknown Source)
	at jdk.internal.reflect.GeneratedMethodAccessor54.invoke(Unknown Source)
	at java.base/jdk.internal.reflect.DelegatingMethodAccessorImpl.invoke(DelegatingMethodAccessorImpl.java:43)
	at java.base/java.lang.reflect.Method.invoke(Method.java:569)
	at games.strategy.engine.delegate.DelegateExecutionManager.lambda$newOutboundImplementation$1(DelegateExecutionManager.java:79)
	at jdk.proxy2/jdk.proxy2.$Proxy25.playSoundForAll(Unknown Source)
	at org.triplea.sound.SoundUtils.playBattleType(SoundUtils.java:42)
	at games.strategy.triplea.delegate.battle.MustFightBattle.fight(MustFightBattle.java:686)
	at games.strategy.triplea.delegate.battle.BattleTracker.fightBattleIfOnlyOne(BattleTracker.java:1300)
	at games.strategy.triplea.delegate.battle.BattleDelegate.start(BattleDelegate.java:125)
	at games.strategy.engine.framework.ServerGame.startStep(ServerGame.java:611)
	at games.strategy.engine.framework.ServerGame.runStep(ServerGame.java:471)
	at games.strategy.engine.framework.ServerGame.runNextStep(ServerGame.java:365)
	at games.strategy.engine.framework.ServerGame.startGame(ServerGame.java:333)
	at games.strategy.engine.framework.startup.launcher.LocalLauncher.launchInternal(LocalLauncher.java:92)
	at games.strategy.engine.framework.startup.launcher.LocalLauncher.lambda$launch$0(LocalLauncher.java:60)
	at java.base/java.lang.Thread.run(Thread.java:840)
362698 18:24:24.389 [Thread-8] INFO  org.triplea.sound.ClipPlayer - Unable to create audio device, is there audio on the system? Cannot create AudioDevice
javazoom.jl.decoder.JavaLayerException: Cannot create AudioDevice
	at javazoom.jl.player.FactoryRegistry.createAudioDevice(FactoryRegistry.java:97)
	at org.triplea.sound.ClipPlayer.hasAudio(ClipPlayer.java:144)
	at org.triplea.sound.ClipPlayer.isSoundEnabled(ClipPlayer.java:251)
	at org.triplea.sound.ClipPlayer.play(ClipPlayer.java:220)
	at org.triplea.sound.DefaultSoundChannel.playSoundForAll(DefaultSoundChannel.java:22)
	at jdk.internal.reflect.GeneratedMethodAccessor55.invoke(Unknown Source)
	at java.base/jdk.internal.reflect.DelegatingMethodAccessorImpl.invoke(DelegatingMethodAccessorImpl.java:43)
	at java.base/java.lang.reflect.Method.invoke(Method.java:569)
	at games.strategy.engine.message.unifiedmessenger.EndPoint.invokeSingle(EndPoint.java:137)
	at games.strategy.engine.message.unifiedmessenger.EndPoint.lambda$invokeMultiple$0(EndPoint.java:121)
	at java.base/java.util.stream.ReferencePipeline$3$1.accept(ReferencePipeline.java:197)
	at java.base/java.util.Spliterators$ArraySpliterator.forEachRemaining(Spliterators.java:992)
	at java.base/java.util.stream.AbstractPipeline.copyInto(AbstractPipeline.java:509)
	at java.base/java.util.stream.AbstractPipeline.wrapAndCopyInto(AbstractPipeline.java:499)
	at java.base/java.util.stream.ReduceOps$ReduceOp.evaluateSequential(ReduceOps.java:921)
	at java.base/java.util.stream.AbstractPipeline.evaluate(AbstractPipeline.java:234)
	at java.base/java.util.stream.ReferencePipeline.collect(ReferencePipeline.java:682)
	at games.strategy.engine.message.unifiedmessenger.EndPoint.invokeMultiple(EndPoint.java:122)
	at games.strategy.engine.message.unifiedmessenger.EndPoint.invokeLocal(EndPoint.java:112)
	at games.strategy.engine.message.unifiedmessenger.UnifiedMessenger.invoke(UnifiedMessenger.java:153)
	at games.strategy.engine.message.UnifiedInvocationHandler.invoke(UnifiedInvocationHandler.java:47)
	at jdk.proxy2/jdk.proxy2.$Proxy25.playSoundForAll(Unknown Source)
	at jdk.internal.reflect.GeneratedMethodAccessor54.invoke(Unknown Source)
	at java.base/jdk.internal.reflect.DelegatingMethodAccessorImpl.invoke(DelegatingMethodAccessorImpl.java:43)
	at java.base/java.lang.reflect.Method.invoke(Method.java:569)
	at games.strategy.engine.delegate.DelegateExecutionManager.lambda$newOutboundImplementation$1(DelegateExecutionManager.java:79)
	at jdk.proxy2/jdk.proxy2.$Proxy25.playSoundForAll(Unknown Source)
	at games.strategy.triplea.delegate.battle.BattleTracker.takeOver(BattleTracker.java:794)
	at games.strategy.triplea.delegate.battle.MustFightBattle.attackerWins(MustFightBattle.java:1430)
	at games.strategy.triplea.delegate.battle.MustFightBattle.endBattle(MustFightBattle.java:462)
	at games.strategy.triplea.delegate.battle.steps.change.CheckGeneralBattleEnd.execute(CheckGeneralBattleEnd.java:64)
	at games.strategy.triplea.delegate.ExecutionStack.execute(ExecutionStack.java:34)
	at games.strategy.triplea.delegate.battle.MustFightBattle.fight(MustFightBattle.java:690)
	at games.strategy.triplea.delegate.battle.BattleTracker.fightBattleIfOnlyOne(BattleTracker.java:1300)
	at games.strategy.triplea.delegate.battle.BattleDelegate.start(BattleDelegate.java:125)
	at games.strategy.engine.framework.ServerGame.startStep(ServerGame.java:611)
	at games.strategy.engine.framework.ServerGame.runStep(ServerGame.java:471)
	at games.strategy.engine.framework.ServerGame.runNextStep(ServerGame.java:365)
	at games.strategy.engine.framework.ServerGame.startGame(ServerGame.java:333)
	at games.strategy.engine.framework.startup.launcher.LocalLauncher.launchInternal(LocalLauncher.java:92)
	at games.strategy.engine.framework.startup.launcher.LocalLauncher.lambda$launch$0(LocalLauncher.java:60)
	at java.base/java.lang.Thread.run(Thread.java:840)
365356 18:24:27.047 [Thread-8] INFO  org.triplea.sound.ClipPlayer - Unable to create audio device, is there audio on the system? Cannot create AudioDevice
javazoom.jl.decoder.JavaLayerException: Cannot create AudioDevice
	at javazoom.jl.player.FactoryRegistry.createAudioDevice(FactoryRegistry.java:97)
	at org.triplea.sound.ClipPlayer.hasAudio(ClipPlayer.java:144)
	at org.triplea.sound.ClipPlayer.isSoundEnabled(ClipPlayer.java:251)
	at org.triplea.sound.ClipPlayer.play(ClipPlayer.java:220)
	at org.triplea.sound.DefaultSoundChannel.playSoundForAll(DefaultSoundChannel.java:22)
	at jdk.internal.reflect.GeneratedMethodAccessor55.invoke(Unknown Source)
	at java.base/jdk.internal.reflect.DelegatingMethodAccessorImpl.invoke(DelegatingMethodAccessorImpl.java:43)
	at java.base/java.lang.reflect.Method.invoke(Method.java:569)
	at games.strategy.engine.message.unifiedmessenger.EndPoint.invokeSingle(EndPoint.java:137)
	at games.strategy.engine.message.unifiedmessenger.EndPoint.lambda$invokeMultiple$0(EndPoint.java:121)
	at java.base/java.util.stream.ReferencePipeline$3$1.accept(ReferencePipeline.java:197)
	at java.base/java.util.Spliterators$ArraySpliterator.forEachRemaining(Spliterators.java:992)
	at java.base/java.util.stream.AbstractPipeline.copyInto(AbstractPipeline.java:509)
	at java.base/java.util.stream.AbstractPipeline.wrapAndCopyInto(AbstractPipeline.java:499)
	at java.base/java.util.stream.ReduceOps$ReduceOp.evaluateSequential(ReduceOps.java:921)
	at java.base/java.util.stream.AbstractPipeline.evaluate(AbstractPipeline.java:234)
	at java.base/java.util.stream.ReferencePipeline.collect(ReferencePipeline.java:682)
	at games.strategy.engine.message.unifiedmessenger.EndPoint.invokeMultiple(EndPoint.java:122)
	at games.strategy.engine.message.unifiedmessenger.EndPoint.invokeLocal(EndPoint.java:112)
	at games.strategy.engine.message.unifiedmessenger.UnifiedMessenger.invoke(UnifiedMessenger.java:153)
	at games.strategy.engine.message.UnifiedInvocationHandler.invoke(UnifiedInvocationHandler.java:47)
	at jdk.proxy2/jdk.proxy2.$Proxy25.playSoundForAll(Unknown Source)
	at jdk.internal.reflect.GeneratedMethodAccessor54.invoke(Unknown Source)
	at java.base/jdk.internal.reflect.DelegatingMethodAccessorImpl.invoke(DelegatingMethodAccessorImpl.java:43)
	at java.base/java.lang.reflect.Method.invoke(Method.java:569)
	at games.strategy.engine.delegate.DelegateExecutionManager.lambda$newOutboundImplementation$1(DelegateExecutionManager.java:79)
	at jdk.proxy2/jdk.proxy2.$Proxy25.playSoundForAll(Unknown Source)
	at games.strategy.triplea.delegate.AbstractPlaceDelegate.placeUnits(AbstractPlaceDelegate.java:302)
	at games.strategy.triplea.delegate.AbstractPlaceDelegate.placeUnits(AbstractPlaceDelegate.java:201)
	at jdk.internal.reflect.GeneratedMethodAccessor42.invoke(Unknown Source)
	at java.base/jdk.internal.reflect.DelegatingMethodAccessorImpl.invoke(DelegatingMethodAccessorImpl.java:43)
	at java.base/java.lang.reflect.Method.invoke(Method.java:569)
	at games.strategy.engine.delegate.DelegateExecutionManager$1.invoke(DelegateExecutionManager.java:120)
	at jdk.proxy2/jdk.proxy2.$Proxy16.placeUnits(Unknown Source)
	at jdk.internal.reflect.GeneratedMethodAccessor61.invoke(Unknown Source)
	at java.base/jdk.internal.reflect.DelegatingMethodAccessorImpl.invoke(DelegatingMethodAccessorImpl.java:43)
	at java.base/java.lang.reflect.Method.invoke(Method.java:569)
	at games.strategy.engine.message.unifiedmessenger.EndPoint.invokeSingle(EndPoint.java:137)
	at games.strategy.engine.message.unifiedmessenger.EndPoint.lambda$invokeMultiple$0(EndPoint.java:121)
	at java.base/java.util.stream.ReferencePipeline$3$1.accept(ReferencePipeline.java:197)
	at java.base/java.util.Spliterators$ArraySpliterator.forEachRemaining(Spliterators.java:992)
	at java.base/java.util.stream.AbstractPipeline.copyInto(AbstractPipeline.java:509)
	at java.base/java.util.stream.AbstractPipeline.wrapAndCopyInto(AbstractPipeline.java:499)
	at java.base/java.util.stream.ReduceOps$ReduceOp.evaluateSequential(ReduceOps.java:921)
	at java.base/java.util.stream.AbstractPipeline.evaluate(AbstractPipeline.java:234)
	at java.base/java.util.stream.ReferencePipeline.collect(ReferencePipeline.java:682)
	at games.strategy.engine.message.unifiedmessenger.EndPoint.invokeMultiple(EndPoint.java:122)
	at games.strategy.engine.message.unifiedmessenger.EndPoint.invokeLocal(EndPoint.java:112)
	at games.strategy.engine.message.unifiedmessenger.UnifiedMessenger.invokeAndWait(UnifiedMessenger.java:97)
	at games.strategy.engine.message.UnifiedInvocationHandler.invoke(UnifiedInvocationHandler.java:55)
	at jdk.proxy2/jdk.proxy2.$Proxy16.placeUnits(Unknown Source)
	at jdk.internal.reflect.GeneratedMethodAccessor42.invoke(Unknown Source)
	at java.base/jdk.internal.reflect.DelegatingMethodAccessorImpl.invoke(DelegatingMethodAccessorImpl.java:43)
	at java.base/java.lang.reflect.Method.invoke(Method.java:569)
	at games.strategy.engine.player.PlayerBridge$GameOverInvocationHandler.invoke(PlayerBridge.java:151)
	at jdk.proxy2/jdk.proxy2.$Proxy16.placeUnits(Unknown Source)
	at games.strategy.triplea.ai.weak.WeakAi.doPlace(WeakAi.java:1110)
	at games.strategy.triplea.ai.weak.WeakAi.placeAllWeCanOn(WeakAi.java:1104)
	at games.strategy.triplea.ai.weak.WeakAi.lambda$place$15(WeakAi.java:1054)
	at java.base/java.util.Optional.ifPresent(Optional.java:178)
	at games.strategy.triplea.ai.weak.WeakAi.place(WeakAi.java:1054)
	at games.strategy.triplea.ai.AbstractAi.start(AbstractAi.java:531)
	at games.strategy.engine.framework.ServerGame.waitForPlayerToFinishStep(ServerGame.java:648)
	at games.strategy.engine.framework.ServerGame.runStep(ServerGame.java:478)
	at games.strategy.engine.framework.ServerGame.runNextStep(ServerGame.java:365)
	at games.strategy.engine.framework.ServerGame.startGame(ServerGame.java:333)
	at games.strategy.engine.framework.startup.launcher.LocalLauncher.launchInternal(LocalLauncher.java:92)
	at games.strategy.engine.framework.startup.launcher.LocalLauncher.lambda$launch$0(LocalLauncher.java:60)
	at java.base/java.lang.Thread.run(Thread.java:840)
368009 18:24:29.700 [Thread-8] INFO  org.triplea.sound.ClipPlayer - Unable to create audio device, is there audio on the system? Cannot create AudioDevice
javazoom.jl.decoder.JavaLayerException: Cannot create AudioDevice
	at javazoom.jl.player.FactoryRegistry.createAudioDevice(FactoryRegistry.java:97)
	at org.triplea.sound.ClipPlayer.hasAudio(ClipPlayer.java:144)
	at org.triplea.sound.ClipPlayer.isSoundEnabled(ClipPlayer.java:251)
	at org.triplea.sound.ClipPlayer.play(ClipPlayer.java:220)
	at org.triplea.sound.DefaultSoundChannel.playSoundForAll(DefaultSoundChannel.java:22)
	at jdk.internal.reflect.GeneratedMethodAccessor55.invoke(Unknown Source)
	at java.base/jdk.internal.reflect.DelegatingMethodAccessorImpl.invoke(DelegatingMethodAccessorImpl.java:43)
	at java.base/java.lang.reflect.Method.invoke(Method.java:569)
	at games.strategy.engine.message.unifiedmessenger.EndPoint.invokeSingle(EndPoint.java:137)
	at games.strategy.engine.message.unifiedmessenger.EndPoint.lambda$invokeMultiple$0(EndPoint.java:121)
	at java.base/java.util.stream.ReferencePipeline$3$1.accept(ReferencePipeline.java:197)
	at java.base/java.util.Spliterators$ArraySpliterator.forEachRemaining(Spliterators.java:992)
	at java.base/java.util.stream.AbstractPipeline.copyInto(AbstractPipeline.java:509)
	at java.base/java.util.stream.AbstractPipeline.wrapAndCopyInto(AbstractPipeline.java:499)
	at java.base/java.util.stream.ReduceOps$ReduceOp.evaluateSequential(ReduceOps.java:921)
	at java.base/java.util.stream.AbstractPipeline.evaluate(AbstractPipeline.java:234)
	at java.base/java.util.stream.ReferencePipeline.collect(ReferencePipeline.java:682)
	at games.strategy.engine.message.unifiedmessenger.EndPoint.invokeMultiple(EndPoint.java:122)
	at games.strategy.engine.message.unifiedmessenger.EndPoint.invokeLocal(EndPoint.java:112)
	at games.strategy.engine.message.unifiedmessenger.UnifiedMessenger.invoke(UnifiedMessenger.java:153)
	at games.strategy.engine.message.UnifiedInvocationHandler.invoke(UnifiedInvocationHandler.java:47)
	at jdk.proxy2/jdk.proxy2.$Proxy25.playSoundForAll(Unknown Source)
	at jdk.internal.reflect.GeneratedMethodAccessor54.invoke(Unknown Source)
	at java.base/jdk.internal.reflect.DelegatingMethodAccessorImpl.invoke(DelegatingMethodAccessorImpl.java:43)
	at java.base/java.lang.reflect.Method.invoke(Method.java:569)
	at games.strategy.engine.delegate.DelegateExecutionManager.lambda$newOutboundImplementation$1(DelegateExecutionManager.java:79)
	at jdk.proxy2/jdk.proxy2.$Proxy25.playSoundForAll(Unknown Source)
	at games.strategy.triplea.delegate.AbstractPlaceDelegate.placeUnits(AbstractPlaceDelegate.java:302)
	at games.strategy.triplea.delegate.AbstractPlaceDelegate.placeUnits(AbstractPlaceDelegate.java:201)
	at jdk.internal.reflect.GeneratedMethodAccessor42.invoke(Unknown Source)
	at java.base/jdk.internal.reflect.DelegatingMethodAccessorImpl.invoke(DelegatingMethodAccessorImpl.java:43)
	at java.base/java.lang.reflect.Method.invoke(Method.java:569)
	at games.strategy.engine.delegate.DelegateExecutionManager$1.invoke(DelegateExecutionManager.java:120)
	at jdk.proxy2/jdk.proxy2.$Proxy16.placeUnits(Unknown Source)
	at jdk.internal.reflect.GeneratedMethodAccessor61.invoke(Unknown Source)
	at java.base/jdk.internal.reflect.DelegatingMethodAccessorImpl.invoke(DelegatingMethodAccessorImpl.java:43)
	at java.base/java.lang.reflect.Method.invoke(Method.java:569)
	at games.strategy.engine.message.unifiedmessenger.EndPoint.invokeSingle(EndPoint.java:137)
	at games.strategy.engine.message.unifiedmessenger.EndPoint.lambda$invokeMultiple$0(EndPoint.java:121)
	at java.base/java.util.stream.ReferencePipeline$3$1.accept(ReferencePipeline.java:197)
	at java.base/java.util.Spliterators$ArraySpliterator.forEachRemaining(Spliterators.java:992)
	at java.base/java.util.stream.AbstractPipeline.copyInto(AbstractPipeline.java:509)
	at java.base/java.util.stream.AbstractPipeline.wrapAndCopyInto(AbstractPipeline.java:499)
	at java.base/java.util.stream.ReduceOps$ReduceOp.evaluateSequential(ReduceOps.java:921)
	at java.base/java.util.stream.AbstractPipeline.evaluate(AbstractPipeline.java:234)
	at java.base/java.util.stream.ReferencePipeline.collect(ReferencePipeline.java:682)
	at games.strategy.engine.message.unifiedmessenger.EndPoint.invokeMultiple(EndPoint.java:122)
	at games.strategy.engine.message.unifiedmessenger.EndPoint.invokeLocal(EndPoint.java:112)
	at games.strategy.engine.message.unifiedmessenger.UnifiedMessenger.invokeAndWait(UnifiedMessenger.java:97)
	at games.strategy.engine.message.UnifiedInvocationHandler.invoke(UnifiedInvocationHandler.java:55)
	at jdk.proxy2/jdk.proxy2.$Proxy16.placeUnits(Unknown Source)
	at jdk.internal.reflect.GeneratedMethodAccessor42.invoke(Unknown Source)
	at java.base/jdk.internal.reflect.DelegatingMethodAccessorImpl.invoke(DelegatingMethodAccessorImpl.java:43)
	at java.base/java.lang.reflect.Method.invoke(Method.java:569)
	at games.strategy.engine.player.PlayerBridge$GameOverInvocationHandler.invoke(PlayerBridge.java:151)
	at jdk.proxy2/jdk.proxy2.$Proxy16.placeUnits(Unknown Source)
	at games.strategy.triplea.ai.tripleMind.ProPurchaseAi.doPlace(ProPurchaseAi.java:2627)
	at games.strategy.triplea.ai.tripleMind.ProPurchaseAi.placeUnits(ProPurchaseAi.java:2545)
	at games.strategy.triplea.ai.tripleMind.ProPurchaseAi.place(ProPurchaseAi.java:562)
	at games.strategy.triplea.ai.tripleMind.AbstractTripleMindAi.place(AbstractTripleMindAi.java:380)
	at games.strategy.triplea.ai.AbstractAi.start(AbstractAi.java:531)
	at games.strategy.engine.framework.ServerGame.waitForPlayerToFinishStep(ServerGame.java:648)
	at games.strategy.engine.framework.ServerGame.runStep(ServerGame.java:478)
	at games.strategy.engine.framework.ServerGame.runNextStep(ServerGame.java:365)
	at games.strategy.engine.framework.ServerGame.startGame(ServerGame.java:333)
	at games.strategy.engine.framework.startup.launcher.LocalLauncher.launchInternal(LocalLauncher.java:92)
	at games.strategy.engine.framework.startup.launcher.LocalLauncher.lambda$launch$0(LocalLauncher.java:60)
	at java.base/java.lang.Thread.run(Thread.java:840)
368134 18:24:29.825 [Thread-8] INFO  org.triplea.sound.ClipPlayer - Unable to create audio device, is there audio on the system? Cannot create AudioDevice
javazoom.jl.decoder.JavaLayerException: Cannot create AudioDevice
	at javazoom.jl.player.FactoryRegistry.createAudioDevice(FactoryRegistry.java:97)
	at org.triplea.sound.ClipPlayer.hasAudio(ClipPlayer.java:144)
	at org.triplea.sound.ClipPlayer.isSoundEnabled(ClipPlayer.java:251)
	at org.triplea.sound.ClipPlayer.play(ClipPlayer.java:220)
	at org.triplea.sound.DefaultSoundChannel.playSoundForAll(DefaultSoundChannel.java:22)
	at jdk.internal.reflect.GeneratedMethodAccessor55.invoke(Unknown Source)
	at java.base/jdk.internal.reflect.DelegatingMethodAccessorImpl.invoke(DelegatingMethodAccessorImpl.java:43)
	at java.base/java.lang.reflect.Method.invoke(Method.java:569)
	at games.strategy.engine.message.unifiedmessenger.EndPoint.invokeSingle(EndPoint.java:137)
	at games.strategy.engine.message.unifiedmessenger.EndPoint.lambda$invokeMultiple$0(EndPoint.java:121)
	at java.base/java.util.stream.ReferencePipeline$3$1.accept(ReferencePipeline.java:197)
	at java.base/java.util.Spliterators$ArraySpliterator.forEachRemaining(Spliterators.java:992)
	at java.base/java.util.stream.AbstractPipeline.copyInto(AbstractPipeline.java:509)
	at java.base/java.util.stream.AbstractPipeline.wrapAndCopyInto(AbstractPipeline.java:499)
	at java.base/java.util.stream.ReduceOps$ReduceOp.evaluateSequential(ReduceOps.java:921)
	at java.base/java.util.stream.AbstractPipeline.evaluate(AbstractPipeline.java:234)
	at java.base/java.util.stream.ReferencePipeline.collect(ReferencePipeline.java:682)
	at games.strategy.engine.message.unifiedmessenger.EndPoint.invokeMultiple(EndPoint.java:122)
	at games.strategy.engine.message.unifiedmessenger.EndPoint.invokeLocal(EndPoint.java:112)
	at games.strategy.engine.message.unifiedmessenger.UnifiedMessenger.invoke(UnifiedMessenger.java:153)
	at games.strategy.engine.message.UnifiedInvocationHandler.invoke(UnifiedInvocationHandler.java:47)
	at jdk.proxy2/jdk.proxy2.$Proxy25.playSoundForAll(Unknown Source)
	at jdk.internal.reflect.GeneratedMethodAccessor54.invoke(Unknown Source)
	at java.base/jdk.internal.reflect.DelegatingMethodAccessorImpl.invoke(DelegatingMethodAccessorImpl.java:43)
	at java.base/java.lang.reflect.Method.invoke(Method.java:569)
	at games.strategy.engine.delegate.DelegateExecutionManager.lambda$newOutboundImplementation$1(DelegateExecutionManager.java:79)
	at jdk.proxy2/jdk.proxy2.$Proxy25.playSoundForAll(Unknown Source)
	at games.strategy.triplea.delegate.AbstractPlaceDelegate.placeUnits(AbstractPlaceDelegate.java:302)
	at games.strategy.triplea.delegate.AbstractPlaceDelegate.placeUnits(AbstractPlaceDelegate.java:201)
	at jdk.internal.reflect.GeneratedMethodAccessor42.invoke(Unknown Source)
	at java.base/jdk.internal.reflect.DelegatingMethodAccessorImpl.invoke(DelegatingMethodAccessorImpl.java:43)
	at java.base/java.lang.reflect.Method.invoke(Method.java:569)
	at games.strategy.engine.delegate.DelegateExecutionManager$1.invoke(DelegateExecutionManager.java:120)
	at jdk.proxy2/jdk.proxy2.$Proxy16.placeUnits(Unknown Source)
	at jdk.internal.reflect.GeneratedMethodAccessor61.invoke(Unknown Source)
	at java.base/jdk.internal.reflect.DelegatingMethodAccessorImpl.invoke(DelegatingMethodAccessorImpl.java:43)
	at java.base/java.lang.reflect.Method.invoke(Method.java:569)
	at games.strategy.engine.message.unifiedmessenger.EndPoint.invokeSingle(EndPoint.java:137)
	at games.strategy.engine.message.unifiedmessenger.EndPoint.lambda$invokeMultiple$0(EndPoint.java:121)
	at java.base/java.util.stream.ReferencePipeline$3$1.accept(ReferencePipeline.java:197)
	at java.base/java.util.Spliterators$ArraySpliterator.forEachRemaining(Spliterators.java:992)
	at java.base/java.util.stream.AbstractPipeline.copyInto(AbstractPipeline.java:509)
	at java.base/java.util.stream.AbstractPipeline.wrapAndCopyInto(AbstractPipeline.java:499)
	at java.base/java.util.stream.ReduceOps$ReduceOp.evaluateSequential(ReduceOps.java:921)
	at java.base/java.util.stream.AbstractPipeline.evaluate(AbstractPipeline.java:234)
	at java.base/java.util.stream.ReferencePipeline.collect(ReferencePipeline.java:682)
	at games.strategy.engine.message.unifiedmessenger.EndPoint.invokeMultiple(EndPoint.java:122)
	at games.strategy.engine.message.unifiedmessenger.EndPoint.invokeLocal(EndPoint.java:112)
	at games.strategy.engine.message.unifiedmessenger.UnifiedMessenger.invokeAndWait(UnifiedMessenger.java:97)
	at games.strategy.engine.message.UnifiedInvocationHandler.invoke(UnifiedInvocationHandler.java:55)
	at jdk.proxy2/jdk.proxy2.$Proxy16.placeUnits(Unknown Source)
	at jdk.internal.reflect.GeneratedMethodAccessor42.invoke(Unknown Source)
	at java.base/jdk.internal.reflect.DelegatingMethodAccessorImpl.invoke(DelegatingMethodAccessorImpl.java:43)
	at java.base/java.lang.reflect.Method.invoke(Method.java:569)
	at games.strategy.engine.player.PlayerBridge$GameOverInvocationHandler.invoke(PlayerBridge.java:151)
	at jdk.proxy2/jdk.proxy2.$Proxy16.placeUnits(Unknown Source)
	at games.strategy.triplea.ai.tripleMind.ProPurchaseAi.doPlace(ProPurchaseAi.java:2627)
	at games.strategy.triplea.ai.tripleMind.ProPurchaseAi.placeUnits(ProPurchaseAi.java:2545)
	at games.strategy.triplea.ai.tripleMind.ProPurchaseAi.place(ProPurchaseAi.java:562)
	at games.strategy.triplea.ai.tripleMind.AbstractTripleMindAi.place(AbstractTripleMindAi.java:380)
	at games.strategy.triplea.ai.AbstractAi.start(AbstractAi.java:531)
	at games.strategy.engine.framework.ServerGame.waitForPlayerToFinishStep(ServerGame.java:648)
	at games.strategy.engine.framework.ServerGame.runStep(ServerGame.java:478)
	at games.strategy.engine.framework.ServerGame.runNextStep(ServerGame.java:365)
	at games.strategy.engine.framework.ServerGame.startGame(ServerGame.java:333)
	at games.strategy.engine.framework.startup.launcher.LocalLauncher.launchInternal(LocalLauncher.java:92)
	at games.strategy.engine.framework.startup.launcher.LocalLauncher.lambda$launch$0(LocalLauncher.java:60)
	at java.base/java.lang.Thread.run(Thread.java:840)
368262 18:24:29.953 [Thread-8] INFO  org.triplea.sound.ClipPlayer - Unable to create audio device, is there audio on the system? Cannot create AudioDevice
javazoom.jl.decoder.JavaLayerException: Cannot create AudioDevice
	at javazoom.jl.player.FactoryRegistry.createAudioDevice(FactoryRegistry.java:97)
	at org.triplea.sound.ClipPlayer.hasAudio(ClipPlayer.java:144)
	at org.triplea.sound.ClipPlayer.isSoundEnabled(ClipPlayer.java:251)
	at org.triplea.sound.ClipPlayer.play(ClipPlayer.java:220)
	at org.triplea.sound.DefaultSoundChannel.playSoundForAll(DefaultSoundChannel.java:22)
	at jdk.internal.reflect.GeneratedMethodAccessor55.invoke(Unknown Source)
	at java.base/jdk.internal.reflect.DelegatingMethodAccessorImpl.invoke(DelegatingMethodAccessorImpl.java:43)
	at java.base/java.lang.reflect.Method.invoke(Method.java:569)
	at games.strategy.engine.message.unifiedmessenger.EndPoint.invokeSingle(EndPoint.java:137)
	at games.strategy.engine.message.unifiedmessenger.EndPoint.lambda$invokeMultiple$0(EndPoint.java:121)
	at java.base/java.util.stream.ReferencePipeline$3$1.accept(ReferencePipeline.java:197)
	at java.base/java.util.Spliterators$ArraySpliterator.forEachRemaining(Spliterators.java:992)
	at java.base/java.util.stream.AbstractPipeline.copyInto(AbstractPipeline.java:509)
	at java.base/java.util.stream.AbstractPipeline.wrapAndCopyInto(AbstractPipeline.java:499)
	at java.base/java.util.stream.ReduceOps$ReduceOp.evaluateSequential(ReduceOps.java:921)
	at java.base/java.util.stream.AbstractPipeline.evaluate(AbstractPipeline.java:234)
	at java.base/java.util.stream.ReferencePipeline.collect(ReferencePipeline.java:682)
	at games.strategy.engine.message.unifiedmessenger.EndPoint.invokeMultiple(EndPoint.java:122)
	at games.strategy.engine.message.unifiedmessenger.EndPoint.invokeLocal(EndPoint.java:112)
	at games.strategy.engine.message.unifiedmessenger.UnifiedMessenger.invoke(UnifiedMessenger.java:153)
	at games.strategy.engine.message.UnifiedInvocationHandler.invoke(UnifiedInvocationHandler.java:47)
	at jdk.proxy2/jdk.proxy2.$Proxy25.playSoundForAll(Unknown Source)
	at jdk.internal.reflect.GeneratedMethodAccessor54.invoke(Unknown Source)
	at java.base/jdk.internal.reflect.DelegatingMethodAccessorImpl.invoke(DelegatingMethodAccessorImpl.java:43)
	at java.base/java.lang.reflect.Method.invoke(Method.java:569)
	at games.strategy.engine.delegate.DelegateExecutionManager.lambda$newOutboundImplementation$1(DelegateExecutionManager.java:79)
	at jdk.proxy2/jdk.proxy2.$Proxy25.playSoundForAll(Unknown Source)
	at games.strategy.triplea.delegate.AbstractPlaceDelegate.placeUnits(AbstractPlaceDelegate.java:302)
	at games.strategy.triplea.delegate.AbstractPlaceDelegate.placeUnits(AbstractPlaceDelegate.java:201)
	at jdk.internal.reflect.GeneratedMethodAccessor42.invoke(Unknown Source)
	at java.base/jdk.internal.reflect.DelegatingMethodAccessorImpl.invoke(DelegatingMethodAccessorImpl.java:43)
	at java.base/java.lang.reflect.Method.invoke(Method.java:569)
	at games.strategy.engine.delegate.DelegateExecutionManager$1.invoke(DelegateExecutionManager.java:120)
	at jdk.proxy2/jdk.proxy2.$Proxy16.placeUnits(Unknown Source)
	at jdk.internal.reflect.GeneratedMethodAccessor61.invoke(Unknown Source)
	at java.base/jdk.internal.reflect.DelegatingMethodAccessorImpl.invoke(DelegatingMethodAccessorImpl.java:43)
	at java.base/java.lang.reflect.Method.invoke(Method.java:569)
	at games.strategy.engine.message.unifiedmessenger.EndPoint.invokeSingle(EndPoint.java:137)
	at games.strategy.engine.message.unifiedmessenger.EndPoint.lambda$invokeMultiple$0(EndPoint.java:121)
	at java.base/java.util.stream.ReferencePipeline$3$1.accept(ReferencePipeline.java:197)
	at java.base/java.util.Spliterators$ArraySpliterator.forEachRemaining(Spliterators.java:992)
	at java.base/java.util.stream.AbstractPipeline.copyInto(AbstractPipeline.java:509)
	at java.base/java.util.stream.AbstractPipeline.wrapAndCopyInto(AbstractPipeline.java:499)
	at java.base/java.util.stream.ReduceOps$ReduceOp.evaluateSequential(ReduceOps.java:921)
	at java.base/java.util.stream.AbstractPipeline.evaluate(AbstractPipeline.java:234)
	at java.base/java.util.stream.ReferencePipeline.collect(ReferencePipeline.java:682)
	at games.strategy.engine.message.unifiedmessenger.EndPoint.invokeMultiple(EndPoint.java:122)
	at games.strategy.engine.message.unifiedmessenger.EndPoint.invokeLocal(EndPoint.java:112)
	at games.strategy.engine.message.unifiedmessenger.UnifiedMessenger.invokeAndWait(UnifiedMessenger.java:97)
	at games.strategy.engine.message.UnifiedInvocationHandler.invoke(UnifiedInvocationHandler.java:55)
	at jdk.proxy2/jdk.proxy2.$Proxy16.placeUnits(Unknown Source)
	at jdk.internal.reflect.GeneratedMethodAccessor42.invoke(Unknown Source)
	at java.base/jdk.internal.reflect.DelegatingMethodAccessorImpl.invoke(DelegatingMethodAccessorImpl.java:43)
	at java.base/java.lang.reflect.Method.invoke(Method.java:569)
	at games.strategy.engine.player.PlayerBridge$GameOverInvocationHandler.invoke(PlayerBridge.java:151)
	at jdk.proxy2/jdk.proxy2.$Proxy16.placeUnits(Unknown Source)
	at games.strategy.triplea.ai.tripleMind.ProPurchaseAi.doPlace(ProPurchaseAi.java:2627)
	at games.strategy.triplea.ai.tripleMind.ProPurchaseAi.placeUnits(ProPurchaseAi.java:2545)
	at games.strategy.triplea.ai.tripleMind.ProPurchaseAi.place(ProPurchaseAi.java:562)
	at games.strategy.triplea.ai.tripleMind.AbstractTripleMindAi.place(AbstractTripleMindAi.java:380)
	at games.strategy.triplea.ai.AbstractAi.start(AbstractAi.java:531)
	at games.strategy.engine.framework.ServerGame.waitForPlayerToFinishStep(ServerGame.java:648)
	at games.strategy.engine.framework.ServerGame.runStep(ServerGame.java:478)
	at games.strategy.engine.framework.ServerGame.runNextStep(ServerGame.java:365)
	at games.strategy.engine.framework.ServerGame.startGame(ServerGame.java:333)
	at games.strategy.engine.framework.startup.launcher.LocalLauncher.launchInternal(LocalLauncher.java:92)
	at games.strategy.engine.framework.startup.launcher.LocalLauncher.lambda$launch$0(LocalLauncher.java:60)
	at java.base/java.lang.Thread.run(Thread.java:840)
368389 18:24:30.080 [Thread-8] INFO  org.triplea.sound.ClipPlayer - Unable to create audio device, is there audio on the system? Cannot create AudioDevice
javazoom.jl.decoder.JavaLayerException: Cannot create AudioDevice
	at javazoom.jl.player.FactoryRegistry.createAudioDevice(FactoryRegistry.java:97)
	at org.triplea.sound.ClipPlayer.hasAudio(ClipPlayer.java:144)
	at org.triplea.sound.ClipPlayer.isSoundEnabled(ClipPlayer.java:251)
	at org.triplea.sound.ClipPlayer.play(ClipPlayer.java:220)
	at org.triplea.sound.DefaultSoundChannel.playSoundForAll(DefaultSoundChannel.java:22)
	at jdk.internal.reflect.GeneratedMethodAccessor55.invoke(Unknown Source)
	at java.base/jdk.internal.reflect.DelegatingMethodAccessorImpl.invoke(DelegatingMethodAccessorImpl.java:43)
	at java.base/java.lang.reflect.Method.invoke(Method.java:569)
	at games.strategy.engine.message.unifiedmessenger.EndPoint.invokeSingle(EndPoint.java:137)
	at games.strategy.engine.message.unifiedmessenger.EndPoint.lambda$invokeMultiple$0(EndPoint.java:121)
	at java.base/java.util.stream.ReferencePipeline$3$1.accept(ReferencePipeline.java:197)
	at java.base/java.util.Spliterators$ArraySpliterator.forEachRemaining(Spliterators.java:992)
	at java.base/java.util.stream.AbstractPipeline.copyInto(AbstractPipeline.java:509)
	at java.base/java.util.stream.AbstractPipeline.wrapAndCopyInto(AbstractPipeline.java:499)
	at java.base/java.util.stream.ReduceOps$ReduceOp.evaluateSequential(ReduceOps.java:921)
	at java.base/java.util.stream.AbstractPipeline.evaluate(AbstractPipeline.java:234)
	at java.base/java.util.stream.ReferencePipeline.collect(ReferencePipeline.java:682)
	at games.strategy.engine.message.unifiedmessenger.EndPoint.invokeMultiple(EndPoint.java:122)
	at games.strategy.engine.message.unifiedmessenger.EndPoint.invokeLocal(EndPoint.java:112)
	at games.strategy.engine.message.unifiedmessenger.UnifiedMessenger.invoke(UnifiedMessenger.java:153)
	at games.strategy.engine.message.UnifiedInvocationHandler.invoke(UnifiedInvocationHandler.java:47)
	at jdk.proxy2/jdk.proxy2.$Proxy25.playSoundForAll(Unknown Source)
	at jdk.internal.reflect.GeneratedMethodAccessor54.invoke(Unknown Source)
	at java.base/jdk.internal.reflect.DelegatingMethodAccessorImpl.invoke(DelegatingMethodAccessorImpl.java:43)
	at java.base/java.lang.reflect.Method.invoke(Method.java:569)
	at games.strategy.engine.delegate.DelegateExecutionManager.lambda$newOutboundImplementation$1(DelegateExecutionManager.java:79)
	at jdk.proxy2/jdk.proxy2.$Proxy25.playSoundForAll(Unknown Source)
	at games.strategy.triplea.delegate.AbstractPlaceDelegate.placeUnits(AbstractPlaceDelegate.java:302)
	at games.strategy.triplea.delegate.AbstractPlaceDelegate.placeUnits(AbstractPlaceDelegate.java:201)
	at jdk.internal.reflect.GeneratedMethodAccessor42.invoke(Unknown Source)
	at java.base/jdk.internal.reflect.DelegatingMethodAccessorImpl.invoke(DelegatingMethodAccessorImpl.java:43)
	at java.base/java.lang.reflect.Method.invoke(Method.java:569)
	at games.strategy.engine.delegate.DelegateExecutionManager$1.invoke(DelegateExecutionManager.java:120)
	at jdk.proxy2/jdk.proxy2.$Proxy16.placeUnits(Unknown Source)
	at jdk.internal.reflect.GeneratedMethodAccessor61.invoke(Unknown Source)
	at java.base/jdk.internal.reflect.DelegatingMethodAccessorImpl.invoke(DelegatingMethodAccessorImpl.java:43)
	at java.base/java.lang.reflect.Method.invoke(Method.java:569)
	at games.strategy.engine.message.unifiedmessenger.EndPoint.invokeSingle(EndPoint.java:137)
	at games.strategy.engine.message.unifiedmessenger.EndPoint.lambda$invokeMultiple$0(EndPoint.java:121)
	at java.base/java.util.stream.ReferencePipeline$3$1.accept(ReferencePipeline.java:197)
	at java.base/java.util.Spliterators$ArraySpliterator.forEachRemaining(Spliterators.java:992)
	at java.base/java.util.stream.AbstractPipeline.copyInto(AbstractPipeline.java:509)
	at java.base/java.util.stream.AbstractPipeline.wrapAndCopyInto(AbstractPipeline.java:499)
	at java.base/java.util.stream.ReduceOps$ReduceOp.evaluateSequential(ReduceOps.java:921)
	at java.base/java.util.stream.AbstractPipeline.evaluate(AbstractPipeline.java:234)
	at java.base/java.util.stream.ReferencePipeline.collect(ReferencePipeline.java:682)
	at games.strategy.engine.message.unifiedmessenger.EndPoint.invokeMultiple(EndPoint.java:122)
	at games.strategy.engine.message.unifiedmessenger.EndPoint.invokeLocal(EndPoint.java:112)
	at games.strategy.engine.message.unifiedmessenger.UnifiedMessenger.invokeAndWait(UnifiedMessenger.java:97)
	at games.strategy.engine.message.UnifiedInvocationHandler.invoke(UnifiedInvocationHandler.java:55)
	at jdk.proxy2/jdk.proxy2.$Proxy16.placeUnits(Unknown Source)
	at jdk.internal.reflect.GeneratedMethodAccessor42.invoke(Unknown Source)
	at java.base/jdk.internal.reflect.DelegatingMethodAccessorImpl.invoke(DelegatingMethodAccessorImpl.java:43)
	at java.base/java.lang.reflect.Method.invoke(Method.java:569)
	at games.strategy.engine.player.PlayerBridge$GameOverInvocationHandler.invoke(PlayerBridge.java:151)
	at jdk.proxy2/jdk.proxy2.$Proxy16.placeUnits(Unknown Source)
	at games.strategy.triplea.ai.tripleMind.ProPurchaseAi.doPlace(ProPurchaseAi.java:2627)
	at games.strategy.triplea.ai.tripleMind.ProPurchaseAi.placeUnits(ProPurchaseAi.java:2545)
	at games.strategy.triplea.ai.tripleMind.ProPurchaseAi.place(ProPurchaseAi.java:562)
	at games.strategy.triplea.ai.tripleMind.AbstractTripleMindAi.place(AbstractTripleMindAi.java:380)
	at games.strategy.triplea.ai.AbstractAi.start(AbstractAi.java:531)
	at games.strategy.engine.framework.ServerGame.waitForPlayerToFinishStep(ServerGame.java:648)
	at games.strategy.engine.framework.ServerGame.runStep(ServerGame.java:478)
	at games.strategy.engine.framework.ServerGame.runNextStep(ServerGame.java:365)
	at games.strategy.engine.framework.ServerGame.startGame(ServerGame.java:333)
	at games.strategy.engine.framework.startup.launcher.LocalLauncher.launchInternal(LocalLauncher.java:92)
	at games.strategy.engine.framework.startup.launcher.LocalLauncher.lambda$launch$0(LocalLauncher.java:60)
	at java.base/java.lang.Thread.run(Thread.java:840)
368517 18:24:30.208 [Thread-8] INFO  org.triplea.sound.ClipPlayer - Unable to create audio device, is there audio on the system? Cannot create AudioDevice
javazoom.jl.decoder.JavaLayerException: Cannot create AudioDevice
	at javazoom.jl.player.FactoryRegistry.createAudioDevice(FactoryRegistry.java:97)
	at org.triplea.sound.ClipPlayer.hasAudio(ClipPlayer.java:144)
	at org.triplea.sound.ClipPlayer.isSoundEnabled(ClipPlayer.java:251)
	at org.triplea.sound.ClipPlayer.play(ClipPlayer.java:220)
	at org.triplea.sound.DefaultSoundChannel.playSoundForAll(DefaultSoundChannel.java:22)
	at jdk.internal.reflect.GeneratedMethodAccessor55.invoke(Unknown Source)
	at java.base/jdk.internal.reflect.DelegatingMethodAccessorImpl.invoke(DelegatingMethodAccessorImpl.java:43)
	at java.base/java.lang.reflect.Method.invoke(Method.java:569)
	at games.strategy.engine.message.unifiedmessenger.EndPoint.invokeSingle(EndPoint.java:137)
	at games.strategy.engine.message.unifiedmessenger.EndPoint.lambda$invokeMultiple$0(EndPoint.java:121)
	at java.base/java.util.stream.ReferencePipeline$3$1.accept(ReferencePipeline.java:197)
	at java.base/java.util.Spliterators$ArraySpliterator.forEachRemaining(Spliterators.java:992)
	at java.base/java.util.stream.AbstractPipeline.copyInto(AbstractPipeline.java:509)
	at java.base/java.util.stream.AbstractPipeline.wrapAndCopyInto(AbstractPipeline.java:499)
	at java.base/java.util.stream.ReduceOps$ReduceOp.evaluateSequential(ReduceOps.java:921)
	at java.base/java.util.stream.AbstractPipeline.evaluate(AbstractPipeline.java:234)
	at java.base/java.util.stream.ReferencePipeline.collect(ReferencePipeline.java:682)
	at games.strategy.engine.message.unifiedmessenger.EndPoint.invokeMultiple(EndPoint.java:122)
	at games.strategy.engine.message.unifiedmessenger.EndPoint.invokeLocal(EndPoint.java:112)
	at games.strategy.engine.message.unifiedmessenger.UnifiedMessenger.invoke(UnifiedMessenger.java:153)
	at games.strategy.engine.message.UnifiedInvocationHandler.invoke(UnifiedInvocationHandler.java:47)
	at jdk.proxy2/jdk.proxy2.$Proxy25.playSoundForAll(Unknown Source)
	at jdk.internal.reflect.GeneratedMethodAccessor54.invoke(Unknown Source)
	at java.base/jdk.internal.reflect.DelegatingMethodAccessorImpl.invoke(DelegatingMethodAccessorImpl.java:43)
	at java.base/java.lang.reflect.Method.invoke(Method.java:569)
	at games.strategy.engine.delegate.DelegateExecutionManager.lambda$newOutboundImplementation$1(DelegateExecutionManager.java:79)
	at jdk.proxy2/jdk.proxy2.$Proxy25.playSoundForAll(Unknown Source)
	at games.strategy.triplea.delegate.AbstractPlaceDelegate.placeUnits(AbstractPlaceDelegate.java:302)
	at games.strategy.triplea.delegate.AbstractPlaceDelegate.placeUnits(AbstractPlaceDelegate.java:201)
	at jdk.internal.reflect.GeneratedMethodAccessor42.invoke(Unknown Source)
	at java.base/jdk.internal.reflect.DelegatingMethodAccessorImpl.invoke(DelegatingMethodAccessorImpl.java:43)
	at java.base/java.lang.reflect.Method.invoke(Method.java:569)
	at games.strategy.engine.delegate.DelegateExecutionManager$1.invoke(DelegateExecutionManager.java:120)
	at jdk.proxy2/jdk.proxy2.$Proxy16.placeUnits(Unknown Source)
	at jdk.internal.reflect.GeneratedMethodAccessor61.invoke(Unknown Source)
	at java.base/jdk.internal.reflect.DelegatingMethodAccessorImpl.invoke(DelegatingMethodAccessorImpl.java:43)
	at java.base/java.lang.reflect.Method.invoke(Method.java:569)
	at games.strategy.engine.message.unifiedmessenger.EndPoint.invokeSingle(EndPoint.java:137)
	at games.strategy.engine.message.unifiedmessenger.EndPoint.lambda$invokeMultiple$0(EndPoint.java:121)
	at java.base/java.util.stream.ReferencePipeline$3$1.accept(ReferencePipeline.java:197)
	at java.base/java.util.Spliterators$ArraySpliterator.forEachRemaining(Spliterators.java:992)
	at java.base/java.util.stream.AbstractPipeline.copyInto(AbstractPipeline.java:509)
	at java.base/java.util.stream.AbstractPipeline.wrapAndCopyInto(AbstractPipeline.java:499)
	at java.base/java.util.stream.ReduceOps$ReduceOp.evaluateSequential(ReduceOps.java:921)
	at java.base/java.util.stream.AbstractPipeline.evaluate(AbstractPipeline.java:234)
	at java.base/java.util.stream.ReferencePipeline.collect(ReferencePipeline.java:682)
	at games.strategy.engine.message.unifiedmessenger.EndPoint.invokeMultiple(EndPoint.java:122)
	at games.strategy.engine.message.unifiedmessenger.EndPoint.invokeLocal(EndPoint.java:112)
	at games.strategy.engine.message.unifiedmessenger.UnifiedMessenger.invokeAndWait(UnifiedMessenger.java:97)
	at games.strategy.engine.message.UnifiedInvocationHandler.invoke(UnifiedInvocationHandler.java:55)
	at jdk.proxy2/jdk.proxy2.$Proxy16.placeUnits(Unknown Source)
	at jdk.internal.reflect.GeneratedMethodAccessor42.invoke(Unknown Source)
	at java.base/jdk.internal.reflect.DelegatingMethodAccessorImpl.invoke(DelegatingMethodAccessorImpl.java:43)
	at java.base/java.lang.reflect.Method.invoke(Method.java:569)
	at games.strategy.engine.player.PlayerBridge$GameOverInvocationHandler.invoke(PlayerBridge.java:151)
	at jdk.proxy2/jdk.proxy2.$Proxy16.placeUnits(Unknown Source)
	at games.strategy.triplea.ai.tripleMind.ProPurchaseAi.doPlace(ProPurchaseAi.java:2627)
	at games.strategy.triplea.ai.tripleMind.ProPurchaseAi.placeUnits(ProPurchaseAi.java:2545)
	at games.strategy.triplea.ai.tripleMind.ProPurchaseAi.place(ProPurchaseAi.java:562)
	at games.strategy.triplea.ai.tripleMind.AbstractTripleMindAi.place(AbstractTripleMindAi.java:380)
	at games.strategy.triplea.ai.AbstractAi.start(AbstractAi.java:531)
	at games.strategy.engine.framework.ServerGame.waitForPlayerToFinishStep(ServerGame.java:648)
	at games.strategy.engine.framework.ServerGame.runStep(ServerGame.java:478)
	at games.strategy.engine.framework.ServerGame.runNextStep(ServerGame.java:365)
	at games.strategy.engine.framework.ServerGame.startGame(ServerGame.java:333)
	at games.strategy.engine.framework.startup.launcher.LocalLauncher.launchInternal(LocalLauncher.java:92)
	at games.strategy.engine.framework.startup.launcher.LocalLauncher.lambda$launch$0(LocalLauncher.java:60)
	at java.base/java.lang.Thread.run(Thread.java:840)
368644 18:24:30.335 [Thread-8] INFO  org.triplea.sound.ClipPlayer - Unable to create audio device, is there audio on the system? Cannot create AudioDevice
javazoom.jl.decoder.JavaLayerException: Cannot create AudioDevice
	at javazoom.jl.player.FactoryRegistry.createAudioDevice(FactoryRegistry.java:97)
	at org.triplea.sound.ClipPlayer.hasAudio(ClipPlayer.java:144)
	at org.triplea.sound.ClipPlayer.isSoundEnabled(ClipPlayer.java:251)
	at org.triplea.sound.ClipPlayer.play(ClipPlayer.java:220)
	at org.triplea.sound.DefaultSoundChannel.playSoundForAll(DefaultSoundChannel.java:22)
	at jdk.internal.reflect.GeneratedMethodAccessor55.invoke(Unknown Source)
	at java.base/jdk.internal.reflect.DelegatingMethodAccessorImpl.invoke(DelegatingMethodAccessorImpl.java:43)
	at java.base/java.lang.reflect.Method.invoke(Method.java:569)
	at games.strategy.engine.message.unifiedmessenger.EndPoint.invokeSingle(EndPoint.java:137)
	at games.strategy.engine.message.unifiedmessenger.EndPoint.lambda$invokeMultiple$0(EndPoint.java:121)
	at java.base/java.util.stream.ReferencePipeline$3$1.accept(ReferencePipeline.java:197)
	at java.base/java.util.Spliterators$ArraySpliterator.forEachRemaining(Spliterators.java:992)
	at java.base/java.util.stream.AbstractPipeline.copyInto(AbstractPipeline.java:509)
	at java.base/java.util.stream.AbstractPipeline.wrapAndCopyInto(AbstractPipeline.java:499)
	at java.base/java.util.stream.ReduceOps$ReduceOp.evaluateSequential(ReduceOps.java:921)
	at java.base/java.util.stream.AbstractPipeline.evaluate(AbstractPipeline.java:234)
	at java.base/java.util.stream.ReferencePipeline.collect(ReferencePipeline.java:682)
	at games.strategy.engine.message.unifiedmessenger.EndPoint.invokeMultiple(EndPoint.java:122)
	at games.strategy.engine.message.unifiedmessenger.EndPoint.invokeLocal(EndPoint.java:112)
	at games.strategy.engine.message.unifiedmessenger.UnifiedMessenger.invoke(UnifiedMessenger.java:153)
	at games.strategy.engine.message.UnifiedInvocationHandler.invoke(UnifiedInvocationHandler.java:47)
	at jdk.proxy2/jdk.proxy2.$Proxy25.playSoundForAll(Unknown Source)
	at jdk.internal.reflect.GeneratedMethodAccessor54.invoke(Unknown Source)
	at java.base/jdk.internal.reflect.DelegatingMethodAccessorImpl.invoke(DelegatingMethodAccessorImpl.java:43)
	at java.base/java.lang.reflect.Method.invoke(Method.java:569)
	at games.strategy.engine.delegate.DelegateExecutionManager.lambda$newOutboundImplementation$1(DelegateExecutionManager.java:79)
	at jdk.proxy2/jdk.proxy2.$Proxy25.playSoundForAll(Unknown Source)
	at games.strategy.triplea.delegate.AbstractPlaceDelegate.placeUnits(AbstractPlaceDelegate.java:302)
	at games.strategy.triplea.delegate.AbstractPlaceDelegate.placeUnits(AbstractPlaceDelegate.java:201)
	at jdk.internal.reflect.GeneratedMethodAccessor42.invoke(Unknown Source)
	at java.base/jdk.internal.reflect.DelegatingMethodAccessorImpl.invoke(DelegatingMethodAccessorImpl.java:43)
	at java.base/java.lang.reflect.Method.invoke(Method.java:569)
	at games.strategy.engine.delegate.DelegateExecutionManager$1.invoke(DelegateExecutionManager.java:120)
	at jdk.proxy2/jdk.proxy2.$Proxy16.placeUnits(Unknown Source)
	at jdk.internal.reflect.GeneratedMethodAccessor61.invoke(Unknown Source)
	at java.base/jdk.internal.reflect.DelegatingMethodAccessorImpl.invoke(DelegatingMethodAccessorImpl.java:43)
	at java.base/java.lang.reflect.Method.invoke(Method.java:569)
	at games.strategy.engine.message.unifiedmessenger.EndPoint.invokeSingle(EndPoint.java:137)
	at games.strategy.engine.message.unifiedmessenger.EndPoint.lambda$invokeMultiple$0(EndPoint.java:121)
	at java.base/java.util.stream.ReferencePipeline$3$1.accept(ReferencePipeline.java:197)
	at java.base/java.util.Spliterators$ArraySpliterator.forEachRemaining(Spliterators.java:992)
	at java.base/java.util.stream.AbstractPipeline.copyInto(AbstractPipeline.java:509)
	at java.base/java.util.stream.AbstractPipeline.wrapAndCopyInto(AbstractPipeline.java:499)
	at java.base/java.util.stream.ReduceOps$ReduceOp.evaluateSequential(ReduceOps.java:921)
	at java.base/java.util.stream.AbstractPipeline.evaluate(AbstractPipeline.java:234)
	at java.base/java.util.stream.ReferencePipeline.collect(ReferencePipeline.java:682)
	at games.strategy.engine.message.unifiedmessenger.EndPoint.invokeMultiple(EndPoint.java:122)
	at games.strategy.engine.message.unifiedmessenger.EndPoint.invokeLocal(EndPoint.java:112)
	at games.strategy.engine.message.unifiedmessenger.UnifiedMessenger.invokeAndWait(UnifiedMessenger.java:97)
	at games.strategy.engine.message.UnifiedInvocationHandler.invoke(UnifiedInvocationHandler.java:55)
	at jdk.proxy2/jdk.proxy2.$Proxy16.placeUnits(Unknown Source)
	at jdk.internal.reflect.GeneratedMethodAccessor42.invoke(Unknown Source)
	at java.base/jdk.internal.reflect.DelegatingMethodAccessorImpl.invoke(DelegatingMethodAccessorImpl.java:43)
	at java.base/java.lang.reflect.Method.invoke(Method.java:569)
	at games.strategy.engine.player.PlayerBridge$GameOverInvocationHandler.invoke(PlayerBridge.java:151)
	at jdk.proxy2/jdk.proxy2.$Proxy16.placeUnits(Unknown Source)
	at games.strategy.triplea.ai.tripleMind.ProPurchaseAi.doPlace(ProPurchaseAi.java:2627)
	at games.strategy.triplea.ai.tripleMind.ProPurchaseAi.placeUnits(ProPurchaseAi.java:2545)
	at games.strategy.triplea.ai.tripleMind.ProPurchaseAi.place(ProPurchaseAi.java:562)
	at games.strategy.triplea.ai.tripleMind.AbstractTripleMindAi.place(AbstractTripleMindAi.java:380)
	at games.strategy.triplea.ai.AbstractAi.start(AbstractAi.java:531)
	at games.strategy.engine.framework.ServerGame.waitForPlayerToFinishStep(ServerGame.java:648)
	at games.strategy.engine.framework.ServerGame.runStep(ServerGame.java:478)
	at games.strategy.engine.framework.ServerGame.runNextStep(ServerGame.java:365)
	at games.strategy.engine.framework.ServerGame.startGame(ServerGame.java:333)
	at games.strategy.engine.framework.startup.launcher.LocalLauncher.launchInternal(LocalLauncher.java:92)
	at games.strategy.engine.framework.startup.launcher.LocalLauncher.lambda$launch$0(LocalLauncher.java:60)
	at java.base/java.lang.Thread.run(Thread.java:840)
370478 18:24:32.169 [Thread-8] INFO  org.triplea.sound.ClipPlayer - Unable to create audio device, is there audio on the system? Cannot create AudioDevice
javazoom.jl.decoder.JavaLayerException: Cannot create AudioDevice
	at javazoom.jl.player.FactoryRegistry.createAudioDevice(FactoryRegistry.java:97)
	at org.triplea.sound.ClipPlayer.hasAudio(ClipPlayer.java:144)
	at org.triplea.sound.ClipPlayer.isSoundEnabled(ClipPlayer.java:251)
	at org.triplea.sound.ClipPlayer.play(ClipPlayer.java:220)
	at org.triplea.sound.DefaultSoundChannel.playSoundForAll(DefaultSoundChannel.java:22)
	at jdk.internal.reflect.GeneratedMethodAccessor55.invoke(Unknown Source)
	at java.base/jdk.internal.reflect.DelegatingMethodAccessorImpl.invoke(DelegatingMethodAccessorImpl.java:43)
	at java.base/java.lang.reflect.Method.invoke(Method.java:569)
	at games.strategy.engine.message.unifiedmessenger.EndPoint.invokeSingle(EndPoint.java:137)
	at games.strategy.engine.message.unifiedmessenger.EndPoint.lambda$invokeMultiple$0(EndPoint.java:121)
	at java.base/java.util.stream.ReferencePipeline$3$1.accept(ReferencePipeline.java:197)
	at java.base/java.util.Spliterators$ArraySpliterator.forEachRemaining(Spliterators.java:992)
	at java.base/java.util.stream.AbstractPipeline.copyInto(AbstractPipeline.java:509)
	at java.base/java.util.stream.AbstractPipeline.wrapAndCopyInto(AbstractPipeline.java:499)
	at java.base/java.util.stream.ReduceOps$ReduceOp.evaluateSequential(ReduceOps.java:921)
	at java.base/java.util.stream.AbstractPipeline.evaluate(AbstractPipeline.java:234)
	at java.base/java.util.stream.ReferencePipeline.collect(ReferencePipeline.java:682)
	at games.strategy.engine.message.unifiedmessenger.EndPoint.invokeMultiple(EndPoint.java:122)
	at games.strategy.engine.message.unifiedmessenger.EndPoint.invokeLocal(EndPoint.java:112)
	at games.strategy.engine.message.unifiedmessenger.UnifiedMessenger.invoke(UnifiedMessenger.java:153)
	at games.strategy.engine.message.UnifiedInvocationHandler.invoke(UnifiedInvocationHandler.java:47)
	at jdk.proxy2/jdk.proxy2.$Proxy25.playSoundForAll(Unknown Source)
	at jdk.internal.reflect.GeneratedMethodAccessor54.invoke(Unknown Source)
	at java.base/jdk.internal.reflect.DelegatingMethodAccessorImpl.invoke(DelegatingMethodAccessorImpl.java:43)
	at java.base/java.lang.reflect.Method.invoke(Method.java:569)
	at games.strategy.engine.delegate.DelegateExecutionManager.lambda$newOutboundImplementation$1(DelegateExecutionManager.java:79)
	at jdk.proxy2/jdk.proxy2.$Proxy25.playSoundForAll(Unknown Source)
	at games.strategy.triplea.delegate.AbstractPlaceDelegate.placeUnits(AbstractPlaceDelegate.java:302)
	at games.strategy.triplea.delegate.AbstractPlaceDelegate.placeUnits(AbstractPlaceDelegate.java:201)
	at jdk.internal.reflect.GeneratedMethodAccessor42.invoke(Unknown Source)
	at java.base/jdk.internal.reflect.DelegatingMethodAccessorImpl.invoke(DelegatingMethodAccessorImpl.java:43)
	at java.base/java.lang.reflect.Method.invoke(Method.java:569)
	at games.strategy.engine.delegate.DelegateExecutionManager$1.invoke(DelegateExecutionManager.java:120)
	at jdk.proxy2/jdk.proxy2.$Proxy16.placeUnits(Unknown Source)
	at jdk.internal.reflect.GeneratedMethodAccessor61.invoke(Unknown Source)
	at java.base/jdk.internal.reflect.DelegatingMethodAccessorImpl.invoke(DelegatingMethodAccessorImpl.java:43)
	at java.base/java.lang.reflect.Method.invoke(Method.java:569)
	at games.strategy.engine.message.unifiedmessenger.EndPoint.invokeSingle(EndPoint.java:137)
	at games.strategy.engine.message.unifiedmessenger.EndPoint.lambda$invokeMultiple$0(EndPoint.java:121)
	at java.base/java.util.stream.ReferencePipeline$3$1.accept(ReferencePipeline.java:197)
	at java.base/java.util.Spliterators$ArraySpliterator.forEachRemaining(Spliterators.java:992)
	at java.base/java.util.stream.AbstractPipeline.copyInto(AbstractPipeline.java:509)
	at java.base/java.util.stream.AbstractPipeline.wrapAndCopyInto(AbstractPipeline.java:499)
	at java.base/java.util.stream.ReduceOps$ReduceOp.evaluateSequential(ReduceOps.java:921)
	at java.base/java.util.stream.AbstractPipeline.evaluate(AbstractPipeline.java:234)
	at java.base/java.util.stream.ReferencePipeline.collect(ReferencePipeline.java:682)
	at games.strategy.engine.message.unifiedmessenger.EndPoint.invokeMultiple(EndPoint.java:122)
	at games.strategy.engine.message.unifiedmessenger.EndPoint.invokeLocal(EndPoint.java:112)
	at games.strategy.engine.message.unifiedmessenger.UnifiedMessenger.invokeAndWait(UnifiedMessenger.java:97)
	at games.strategy.engine.message.UnifiedInvocationHandler.invoke(UnifiedInvocationHandler.java:55)
	at jdk.proxy2/jdk.proxy2.$Proxy16.placeUnits(Unknown Source)
	at jdk.internal.reflect.GeneratedMethodAccessor42.invoke(Unknown Source)
	at java.base/jdk.internal.reflect.DelegatingMethodAccessorImpl.invoke(DelegatingMethodAccessorImpl.java:43)
	at java.base/java.lang.reflect.Method.invoke(Method.java:569)
	at games.strategy.engine.player.PlayerBridge$GameOverInvocationHandler.invoke(PlayerBridge.java:151)
	at jdk.proxy2/jdk.proxy2.$Proxy16.placeUnits(Unknown Source)
	at games.strategy.triplea.ai.weak.WeakAi.doPlace(WeakAi.java:1110)
	at games.strategy.triplea.ai.weak.WeakAi.placeAllWeCanOn(WeakAi.java:1104)
	at games.strategy.triplea.ai.weak.WeakAi.lambda$place$15(WeakAi.java:1054)
	at java.base/java.util.Optional.ifPresent(Optional.java:178)
	at games.strategy.triplea.ai.weak.WeakAi.place(WeakAi.java:1054)
	at games.strategy.triplea.ai.AbstractAi.start(AbstractAi.java:531)
	at games.strategy.engine.framework.ServerGame.waitForPlayerToFinishStep(ServerGame.java:648)
	at games.strategy.engine.framework.ServerGame.runStep(ServerGame.java:478)
	at games.strategy.engine.framework.ServerGame.runNextStep(ServerGame.java:365)
	at games.strategy.engine.framework.ServerGame.startGame(ServerGame.java:333)
	at games.strategy.engine.framework.startup.launcher.LocalLauncher.launchInternal(LocalLauncher.java:92)
	at games.strategy.engine.framework.startup.launcher.LocalLauncher.lambda$launch$0(LocalLauncher.java:60)
	at java.base/java.lang.Thread.run(Thread.java:840)
374576 18:24:36.267 [Thread-8] INFO  org.triplea.sound.ClipPlayer - Unable to create audio device, is there audio on the system? Cannot create AudioDevice
javazoom.jl.decoder.JavaLayerException: Cannot create AudioDevice
	at javazoom.jl.player.FactoryRegistry.createAudioDevice(FactoryRegistry.java:97)
	at org.triplea.sound.ClipPlayer.hasAudio(ClipPlayer.java:144)
	at org.triplea.sound.ClipPlayer.isSoundEnabled(ClipPlayer.java:251)
	at org.triplea.sound.ClipPlayer.play(ClipPlayer.java:220)
	at org.triplea.sound.DefaultSoundChannel.playSoundForAll(DefaultSoundChannel.java:22)
	at jdk.internal.reflect.GeneratedMethodAccessor55.invoke(Unknown Source)
	at java.base/jdk.internal.reflect.DelegatingMethodAccessorImpl.invoke(DelegatingMethodAccessorImpl.java:43)
	at java.base/java.lang.reflect.Method.invoke(Method.java:569)
	at games.strategy.engine.message.unifiedmessenger.EndPoint.invokeSingle(EndPoint.java:137)
	at games.strategy.engine.message.unifiedmessenger.EndPoint.lambda$invokeMultiple$0(EndPoint.java:121)
	at java.base/java.util.stream.ReferencePipeline$3$1.accept(ReferencePipeline.java:197)
	at java.base/java.util.Spliterators$ArraySpliterator.forEachRemaining(Spliterators.java:992)
	at java.base/java.util.stream.AbstractPipeline.copyInto(AbstractPipeline.java:509)
	at java.base/java.util.stream.AbstractPipeline.wrapAndCopyInto(AbstractPipeline.java:499)
	at java.base/java.util.stream.ReduceOps$ReduceOp.evaluateSequential(ReduceOps.java:921)
	at java.base/java.util.stream.AbstractPipeline.evaluate(AbstractPipeline.java:234)
	at java.base/java.util.stream.ReferencePipeline.collect(ReferencePipeline.java:682)
	at games.strategy.engine.message.unifiedmessenger.EndPoint.invokeMultiple(EndPoint.java:122)
	at games.strategy.engine.message.unifiedmessenger.EndPoint.invokeLocal(EndPoint.java:112)
	at games.strategy.engine.message.unifiedmessenger.UnifiedMessenger.invoke(UnifiedMessenger.java:153)
	at games.strategy.engine.message.UnifiedInvocationHandler.invoke(UnifiedInvocationHandler.java:47)
	at jdk.proxy2/jdk.proxy2.$Proxy25.playSoundForAll(Unknown Source)
	at jdk.internal.reflect.GeneratedMethodAccessor54.invoke(Unknown Source)
	at java.base/jdk.internal.reflect.DelegatingMethodAccessorImpl.invoke(DelegatingMethodAccessorImpl.java:43)
	at java.base/java.lang.reflect.Method.invoke(Method.java:569)
	at games.strategy.engine.delegate.DelegateExecutionManager.lambda$newOutboundImplementation$1(DelegateExecutionManager.java:79)
	at jdk.proxy2/jdk.proxy2.$Proxy25.playSoundForAll(Unknown Source)
	at games.strategy.triplea.delegate.AbstractPlaceDelegate.placeUnits(AbstractPlaceDelegate.java:302)
	at games.strategy.triplea.delegate.AbstractPlaceDelegate.placeUnits(AbstractPlaceDelegate.java:201)
	at jdk.internal.reflect.GeneratedMethodAccessor42.invoke(Unknown Source)
	at java.base/jdk.internal.reflect.DelegatingMethodAccessorImpl.invoke(DelegatingMethodAccessorImpl.java:43)
	at java.base/java.lang.reflect.Method.invoke(Method.java:569)
	at games.strategy.engine.delegate.DelegateExecutionManager$1.invoke(DelegateExecutionManager.java:120)
	at jdk.proxy2/jdk.proxy2.$Proxy16.placeUnits(Unknown Source)
	at jdk.internal.reflect.GeneratedMethodAccessor61.invoke(Unknown Source)
	at java.base/jdk.internal.reflect.DelegatingMethodAccessorImpl.invoke(DelegatingMethodAccessorImpl.java:43)
	at java.base/java.lang.reflect.Method.invoke(Method.java:569)
	at games.strategy.engine.message.unifiedmessenger.EndPoint.invokeSingle(EndPoint.java:137)
	at games.strategy.engine.message.unifiedmessenger.EndPoint.lambda$invokeMultiple$0(EndPoint.java:121)
	at java.base/java.util.stream.ReferencePipeline$3$1.accept(ReferencePipeline.java:197)
	at java.base/java.util.Spliterators$ArraySpliterator.forEachRemaining(Spliterators.java:992)
	at java.base/java.util.stream.AbstractPipeline.copyInto(AbstractPipeline.java:509)
	at java.base/java.util.stream.AbstractPipeline.wrapAndCopyInto(AbstractPipeline.java:499)
	at java.base/java.util.stream.ReduceOps$ReduceOp.evaluateSequential(ReduceOps.java:921)
	at java.base/java.util.stream.AbstractPipeline.evaluate(AbstractPipeline.java:234)
	at java.base/java.util.stream.ReferencePipeline.collect(ReferencePipeline.java:682)
	at games.strategy.engine.message.unifiedmessenger.EndPoint.invokeMultiple(EndPoint.java:122)
	at games.strategy.engine.message.unifiedmessenger.EndPoint.invokeLocal(EndPoint.java:112)
	at games.strategy.engine.message.unifiedmessenger.UnifiedMessenger.invokeAndWait(UnifiedMessenger.java:97)
	at games.strategy.engine.message.UnifiedInvocationHandler.invoke(UnifiedInvocationHandler.java:55)
	at jdk.proxy2/jdk.proxy2.$Proxy16.placeUnits(Unknown Source)
	at jdk.internal.reflect.GeneratedMethodAccessor42.invoke(Unknown Source)
	at java.base/jdk.internal.reflect.DelegatingMethodAccessorImpl.invoke(DelegatingMethodAccessorImpl.java:43)
	at java.base/java.lang.reflect.Method.invoke(Method.java:569)
	at games.strategy.engine.player.PlayerBridge$GameOverInvocationHandler.invoke(PlayerBridge.java:151)
	at jdk.proxy2/jdk.proxy2.$Proxy16.placeUnits(Unknown Source)
	at games.strategy.triplea.ai.weak.WeakAi.doPlace(WeakAi.java:1110)
	at games.strategy.triplea.ai.weak.WeakAi.placeAllWeCanOn(WeakAi.java:1104)
	at games.strategy.triplea.ai.weak.WeakAi.lambda$place$15(WeakAi.java:1054)
	at java.base/java.util.Optional.ifPresent(Optional.java:178)
	at games.strategy.triplea.ai.weak.WeakAi.place(WeakAi.java:1054)
	at games.strategy.triplea.ai.AbstractAi.start(AbstractAi.java:531)
	at games.strategy.engine.framework.ServerGame.waitForPlayerToFinishStep(ServerGame.java:648)
	at games.strategy.engine.framework.ServerGame.runStep(ServerGame.java:478)
	at games.strategy.engine.framework.ServerGame.runNextStep(ServerGame.java:365)
	at games.strategy.engine.framework.ServerGame.startGame(ServerGame.java:333)
	at games.strategy.engine.framework.startup.launcher.LocalLauncher.launchInternal(LocalLauncher.java:92)
	at games.strategy.engine.framework.startup.launcher.LocalLauncher.lambda$launch$0(LocalLauncher.java:60)
	at java.base/java.lang.Thread.run(Thread.java:840)
375340 18:24:37.031 [Thread-8] INFO  org.triplea.sound.ClipPlayer - Unable to create audio device, is there audio on the system? Cannot create AudioDevice
javazoom.jl.decoder.JavaLayerException: Cannot create AudioDevice
	at javazoom.jl.player.FactoryRegistry.createAudioDevice(FactoryRegistry.java:97)
	at org.triplea.sound.ClipPlayer.hasAudio(ClipPlayer.java:144)
	at org.triplea.sound.ClipPlayer.isSoundEnabled(ClipPlayer.java:251)
	at org.triplea.sound.ClipPlayer.play(ClipPlayer.java:220)
	at org.triplea.sound.DefaultSoundChannel.playSoundForAll(DefaultSoundChannel.java:22)
	at jdk.internal.reflect.GeneratedMethodAccessor55.invoke(Unknown Source)
	at java.base/jdk.internal.reflect.DelegatingMethodAccessorImpl.invoke(DelegatingMethodAccessorImpl.java:43)
	at java.base/java.lang.reflect.Method.invoke(Method.java:569)
	at games.strategy.engine.message.unifiedmessenger.EndPoint.invokeSingle(EndPoint.java:137)
	at games.strategy.engine.message.unifiedmessenger.EndPoint.lambda$invokeMultiple$0(EndPoint.java:121)
	at java.base/java.util.stream.ReferencePipeline$3$1.accept(ReferencePipeline.java:197)
	at java.base/java.util.Spliterators$ArraySpliterator.forEachRemaining(Spliterators.java:992)
	at java.base/java.util.stream.AbstractPipeline.copyInto(AbstractPipeline.java:509)
	at java.base/java.util.stream.AbstractPipeline.wrapAndCopyInto(AbstractPipeline.java:499)
	at java.base/java.util.stream.ReduceOps$ReduceOp.evaluateSequential(ReduceOps.java:921)
	at java.base/java.util.stream.AbstractPipeline.evaluate(AbstractPipeline.java:234)
	at java.base/java.util.stream.ReferencePipeline.collect(ReferencePipeline.java:682)
	at games.strategy.engine.message.unifiedmessenger.EndPoint.invokeMultiple(EndPoint.java:122)
	at games.strategy.engine.message.unifiedmessenger.EndPoint.invokeLocal(EndPoint.java:112)
	at games.strategy.engine.message.unifiedmessenger.UnifiedMessenger.invoke(UnifiedMessenger.java:153)
	at games.strategy.engine.message.UnifiedInvocationHandler.invoke(UnifiedInvocationHandler.java:47)
	at jdk.proxy2/jdk.proxy2.$Proxy25.playSoundForAll(Unknown Source)
	at jdk.internal.reflect.GeneratedMethodAccessor54.invoke(Unknown Source)
	at java.base/jdk.internal.reflect.DelegatingMethodAccessorImpl.invoke(DelegatingMethodAccessorImpl.java:43)
	at java.base/java.lang.reflect.Method.invoke(Method.java:569)
	at games.strategy.engine.delegate.DelegateExecutionManager.lambda$newOutboundImplementation$1(DelegateExecutionManager.java:79)
	at jdk.proxy2/jdk.proxy2.$Proxy25.playSoundForAll(Unknown Source)
	at games.strategy.triplea.delegate.battle.BattleTracker.takeOver(BattleTracker.java:794)
	at games.strategy.triplea.delegate.battle.BattleTracker.addEmptyBattle(BattleTracker.java:523)
	at games.strategy.triplea.delegate.battle.BattleTracker.addBattle(BattleTracker.java:345)
	at games.strategy.triplea.delegate.battle.BattleTracker.addBattle(BattleTracker.java:293)
	at games.strategy.triplea.delegate.MovePerformer$3.execute(MovePerformer.java:267)
	at games.strategy.triplea.delegate.ExecutionStack.execute(ExecutionStack.java:34)
	at games.strategy.triplea.delegate.MovePerformer.populateStack(MovePerformer.java:324)
	at games.strategy.triplea.delegate.MovePerformer.moveUnits(MovePerformer.java:81)
	at games.strategy.triplea.delegate.MoveDelegate.performMove(MoveDelegate.java:675)
	at jdk.internal.reflect.GeneratedMethodAccessor45.invoke(Unknown Source)
	at java.base/jdk.internal.reflect.DelegatingMethodAccessorImpl.invoke(DelegatingMethodAccessorImpl.java:43)
	at java.base/java.lang.reflect.Method.invoke(Method.java:569)
	at games.strategy.engine.delegate.DelegateExecutionManager$1.invoke(DelegateExecutionManager.java:120)
	at jdk.proxy2/jdk.proxy2.$Proxy14.performMove(Unknown Source)
	at jdk.internal.reflect.GeneratedMethodAccessor56.invoke(Unknown Source)
	at java.base/jdk.internal.reflect.DelegatingMethodAccessorImpl.invoke(DelegatingMethodAccessorImpl.java:43)
	at java.base/java.lang.reflect.Method.invoke(Method.java:569)
	at games.strategy.engine.message.unifiedmessenger.EndPoint.invokeSingle(EndPoint.java:137)
	at games.strategy.engine.message.unifiedmessenger.EndPoint.lambda$invokeMultiple$0(EndPoint.java:121)
	at java.base/java.util.stream.ReferencePipeline$3$1.accept(ReferencePipeline.java:197)
	at java.base/java.util.Spliterators$ArraySpliterator.forEachRemaining(Spliterators.java:992)
	at java.base/java.util.stream.AbstractPipeline.copyInto(AbstractPipeline.java:509)
	at java.base/java.util.stream.AbstractPipeline.wrapAndCopyInto(AbstractPipeline.java:499)
	at java.base/java.util.stream.ReduceOps$ReduceOp.evaluateSequential(ReduceOps.java:921)
	at java.base/java.util.stream.AbstractPipeline.evaluate(AbstractPipeline.java:234)
	at java.base/java.util.stream.ReferencePipeline.collect(ReferencePipeline.java:682)
	at games.strategy.engine.message.unifiedmessenger.EndPoint.invokeMultiple(EndPoint.java:122)
	at games.strategy.engine.message.unifiedmessenger.EndPoint.invokeLocal(EndPoint.java:112)
	at games.strategy.engine.message.unifiedmessenger.UnifiedMessenger.invokeAndWait(UnifiedMessenger.java:97)
	at games.strategy.engine.message.UnifiedInvocationHandler.invoke(UnifiedInvocationHandler.java:55)
	at jdk.proxy2/jdk.proxy2.$Proxy14.performMove(Unknown Source)
	at jdk.internal.reflect.GeneratedMethodAccessor45.invoke(Unknown Source)
	at java.base/jdk.internal.reflect.DelegatingMethodAccessorImpl.invoke(DelegatingMethodAccessorImpl.java:43)
	at java.base/java.lang.reflect.Method.invoke(Method.java:569)
	at games.strategy.engine.player.PlayerBridge$GameOverInvocationHandler.invoke(PlayerBridge.java:151)
	at jdk.proxy2/jdk.proxy2.$Proxy14.performMove(Unknown Source)
	at games.strategy.triplea.ai.weak.WeakAi.doMove(WeakAi.java:237)
	at games.strategy.triplea.ai.weak.WeakAi.doCombatMove(WeakAi.java:152)
	at games.strategy.triplea.ai.weak.WeakAi.move(WeakAi.java:124)
	at games.strategy.triplea.ai.AbstractAi.start(AbstractAi.java:521)
	at games.strategy.engine.framework.ServerGame.waitForPlayerToFinishStep(ServerGame.java:648)
	at games.strategy.engine.framework.ServerGame.runStep(ServerGame.java:478)
	at games.strategy.engine.framework.ServerGame.runNextStep(ServerGame.java:365)
	at games.strategy.engine.framework.ServerGame.startGame(ServerGame.java:333)
	at games.strategy.engine.framework.startup.launcher.LocalLauncher.launchInternal(LocalLauncher.java:92)
	at games.strategy.engine.framework.startup.launcher.LocalLauncher.lambda$launch$0(LocalLauncher.java:60)
	at java.base/java.lang.Thread.run(Thread.java:840)
375906 18:24:37.597 [Thread-8] INFO  org.triplea.sound.ClipPlayer - Unable to create audio device, is there audio on the system? Cannot create AudioDevice
javazoom.jl.decoder.JavaLayerException: Cannot create AudioDevice
	at javazoom.jl.player.FactoryRegistry.createAudioDevice(FactoryRegistry.java:97)
	at org.triplea.sound.ClipPlayer.hasAudio(ClipPlayer.java:144)
	at org.triplea.sound.ClipPlayer.isSoundEnabled(ClipPlayer.java:251)
	at org.triplea.sound.ClipPlayer.play(ClipPlayer.java:220)
	at org.triplea.sound.DefaultSoundChannel.playSoundForAll(DefaultSoundChannel.java:22)
	at jdk.internal.reflect.GeneratedMethodAccessor55.invoke(Unknown Source)
	at java.base/jdk.internal.reflect.DelegatingMethodAccessorImpl.invoke(DelegatingMethodAccessorImpl.java:43)
	at java.base/java.lang.reflect.Method.invoke(Method.java:569)
	at games.strategy.engine.message.unifiedmessenger.EndPoint.invokeSingle(EndPoint.java:137)
	at games.strategy.engine.message.unifiedmessenger.EndPoint.lambda$invokeMultiple$0(EndPoint.java:121)
	at java.base/java.util.stream.ReferencePipeline$3$1.accept(ReferencePipeline.java:197)
	at java.base/java.util.Spliterators$ArraySpliterator.forEachRemaining(Spliterators.java:992)
	at java.base/java.util.stream.AbstractPipeline.copyInto(AbstractPipeline.java:509)
	at java.base/java.util.stream.AbstractPipeline.wrapAndCopyInto(AbstractPipeline.java:499)
	at java.base/java.util.stream.ReduceOps$ReduceOp.evaluateSequential(ReduceOps.java:921)
	at java.base/java.util.stream.AbstractPipeline.evaluate(AbstractPipeline.java:234)
	at java.base/java.util.stream.ReferencePipeline.collect(ReferencePipeline.java:682)
	at games.strategy.engine.message.unifiedmessenger.EndPoint.invokeMultiple(EndPoint.java:122)
	at games.strategy.engine.message.unifiedmessenger.EndPoint.invokeLocal(EndPoint.java:112)
	at games.strategy.engine.message.unifiedmessenger.UnifiedMessenger.invoke(UnifiedMessenger.java:153)
	at games.strategy.engine.message.UnifiedInvocationHandler.invoke(UnifiedInvocationHandler.java:47)
	at jdk.proxy2/jdk.proxy2.$Proxy25.playSoundForAll(Unknown Source)
	at jdk.internal.reflect.GeneratedMethodAccessor54.invoke(Unknown Source)
	at java.base/jdk.internal.reflect.DelegatingMethodAccessorImpl.invoke(DelegatingMethodAccessorImpl.java:43)
	at java.base/java.lang.reflect.Method.invoke(Method.java:569)
	at games.strategy.engine.delegate.DelegateExecutionManager.lambda$newOutboundImplementation$1(DelegateExecutionManager.java:79)
	at jdk.proxy2/jdk.proxy2.$Proxy25.playSoundForAll(Unknown Source)
	at games.strategy.triplea.delegate.battle.BattleTracker.takeOver(BattleTracker.java:794)
	at games.strategy.triplea.delegate.battle.BattleTracker.addEmptyBattle(BattleTracker.java:523)
	at games.strategy.triplea.delegate.battle.BattleTracker.addBattle(BattleTracker.java:345)
	at games.strategy.triplea.delegate.battle.BattleTracker.addBattle(BattleTracker.java:293)
	at games.strategy.triplea.delegate.MovePerformer$3.execute(MovePerformer.java:267)
	at games.strategy.triplea.delegate.ExecutionStack.execute(ExecutionStack.java:34)
	at games.strategy.triplea.delegate.MovePerformer.populateStack(MovePerformer.java:324)
	at games.strategy.triplea.delegate.MovePerformer.moveUnits(MovePerformer.java:81)
	at games.strategy.triplea.delegate.MoveDelegate.performMove(MoveDelegate.java:675)
	at jdk.internal.reflect.GeneratedMethodAccessor45.invoke(Unknown Source)
	at java.base/jdk.internal.reflect.DelegatingMethodAccessorImpl.invoke(DelegatingMethodAccessorImpl.java:43)
	at java.base/java.lang.reflect.Method.invoke(Method.java:569)
	at games.strategy.engine.delegate.DelegateExecutionManager$1.invoke(DelegateExecutionManager.java:120)
	at jdk.proxy2/jdk.proxy2.$Proxy14.performMove(Unknown Source)
	at jdk.internal.reflect.GeneratedMethodAccessor56.invoke(Unknown Source)
	at java.base/jdk.internal.reflect.DelegatingMethodAccessorImpl.invoke(DelegatingMethodAccessorImpl.java:43)
	at java.base/java.lang.reflect.Method.invoke(Method.java:569)
	at games.strategy.engine.message.unifiedmessenger.EndPoint.invokeSingle(EndPoint.java:137)
	at games.strategy.engine.message.unifiedmessenger.EndPoint.lambda$invokeMultiple$0(EndPoint.java:121)
	at java.base/java.util.stream.ReferencePipeline$3$1.accept(ReferencePipeline.java:197)
	at java.base/java.util.Spliterators$ArraySpliterator.forEachRemaining(Spliterators.java:992)
	at java.base/java.util.stream.AbstractPipeline.copyInto(AbstractPipeline.java:509)
	at java.base/java.util.stream.AbstractPipeline.wrapAndCopyInto(AbstractPipeline.java:499)
	at java.base/java.util.stream.ReduceOps$ReduceOp.evaluateSequential(ReduceOps.java:921)
	at java.base/java.util.stream.AbstractPipeline.evaluate(AbstractPipeline.java:234)
	at java.base/java.util.stream.ReferencePipeline.collect(ReferencePipeline.java:682)
	at games.strategy.engine.message.unifiedmessenger.EndPoint.invokeMultiple(EndPoint.java:122)
	at games.strategy.engine.message.unifiedmessenger.EndPoint.invokeLocal(EndPoint.java:112)
	at games.strategy.engine.message.unifiedmessenger.UnifiedMessenger.invokeAndWait(UnifiedMessenger.java:97)
	at games.strategy.engine.message.UnifiedInvocationHandler.invoke(UnifiedInvocationHandler.java:55)
	at jdk.proxy2/jdk.proxy2.$Proxy14.performMove(Unknown Source)
	at jdk.internal.reflect.GeneratedMethodAccessor45.invoke(Unknown Source)
	at java.base/jdk.internal.reflect.DelegatingMethodAccessorImpl.invoke(DelegatingMethodAccessorImpl.java:43)
	at java.base/java.lang.reflect.Method.invoke(Method.java:569)
	at games.strategy.engine.player.PlayerBridge$GameOverInvocationHandler.invoke(PlayerBridge.java:151)
	at jdk.proxy2/jdk.proxy2.$Proxy14.performMove(Unknown Source)
	at games.strategy.triplea.ai.weak.WeakAi.doMove(WeakAi.java:237)
	at games.strategy.triplea.ai.weak.WeakAi.doCombatMove(WeakAi.java:152)
	at games.strategy.triplea.ai.weak.WeakAi.move(WeakAi.java:124)
	at games.strategy.triplea.ai.AbstractAi.start(AbstractAi.java:521)
	at games.strategy.engine.framework.ServerGame.waitForPlayerToFinishStep(ServerGame.java:648)
	at games.strategy.engine.framework.ServerGame.runStep(ServerGame.java:478)
	at games.strategy.engine.framework.ServerGame.runNextStep(ServerGame.java:365)
	at games.strategy.engine.framework.ServerGame.startGame(ServerGame.java:333)
	at games.strategy.engine.framework.startup.launcher.LocalLauncher.launchInternal(LocalLauncher.java:92)
	at games.strategy.engine.framework.startup.launcher.LocalLauncher.lambda$launch$0(LocalLauncher.java:60)
	at java.base/java.lang.Thread.run(Thread.java:840)
376482 18:24:38.173 [Thread-8] INFO  org.triplea.sound.ClipPlayer - Unable to create audio device, is there audio on the system? Cannot create AudioDevice
javazoom.jl.decoder.JavaLayerException: Cannot create AudioDevice
	at javazoom.jl.player.FactoryRegistry.createAudioDevice(FactoryRegistry.java:97)
	at org.triplea.sound.ClipPlayer.hasAudio(ClipPlayer.java:144)
	at org.triplea.sound.ClipPlayer.isSoundEnabled(ClipPlayer.java:251)
	at org.triplea.sound.ClipPlayer.play(ClipPlayer.java:220)
	at org.triplea.sound.DefaultSoundChannel.playSoundForAll(DefaultSoundChannel.java:22)
	at jdk.internal.reflect.GeneratedMethodAccessor55.invoke(Unknown Source)
	at java.base/jdk.internal.reflect.DelegatingMethodAccessorImpl.invoke(DelegatingMethodAccessorImpl.java:43)
	at java.base/java.lang.reflect.Method.invoke(Method.java:569)
	at games.strategy.engine.message.unifiedmessenger.EndPoint.invokeSingle(EndPoint.java:137)
	at games.strategy.engine.message.unifiedmessenger.EndPoint.lambda$invokeMultiple$0(EndPoint.java:121)
	at java.base/java.util.stream.ReferencePipeline$3$1.accept(ReferencePipeline.java:197)
	at java.base/java.util.Spliterators$ArraySpliterator.forEachRemaining(Spliterators.java:992)
	at java.base/java.util.stream.AbstractPipeline.copyInto(AbstractPipeline.java:509)
	at java.base/java.util.stream.AbstractPipeline.wrapAndCopyInto(AbstractPipeline.java:499)
	at java.base/java.util.stream.ReduceOps$ReduceOp.evaluateSequential(ReduceOps.java:921)
	at java.base/java.util.stream.AbstractPipeline.evaluate(AbstractPipeline.java:234)
	at java.base/java.util.stream.ReferencePipeline.collect(ReferencePipeline.java:682)
	at games.strategy.engine.message.unifiedmessenger.EndPoint.invokeMultiple(EndPoint.java:122)
	at games.strategy.engine.message.unifiedmessenger.EndPoint.invokeLocal(EndPoint.java:112)
	at games.strategy.engine.message.unifiedmessenger.UnifiedMessenger.invoke(UnifiedMessenger.java:153)
	at games.strategy.engine.message.UnifiedInvocationHandler.invoke(UnifiedInvocationHandler.java:47)
	at jdk.proxy2/jdk.proxy2.$Proxy25.playSoundForAll(Unknown Source)
	at jdk.internal.reflect.GeneratedMethodAccessor54.invoke(Unknown Source)
	at java.base/jdk.internal.reflect.DelegatingMethodAccessorImpl.invoke(DelegatingMethodAccessorImpl.java:43)
	at java.base/java.lang.reflect.Method.invoke(Method.java:569)
	at games.strategy.engine.delegate.DelegateExecutionManager.lambda$newOutboundImplementation$1(DelegateExecutionManager.java:79)
	at jdk.proxy2/jdk.proxy2.$Proxy25.playSoundForAll(Unknown Source)
	at games.strategy.triplea.delegate.battle.BattleTracker.takeOver(BattleTracker.java:794)
	at games.strategy.triplea.delegate.battle.BattleTracker.addEmptyBattle(BattleTracker.java:523)
	at games.strategy.triplea.delegate.battle.BattleTracker.addBattle(BattleTracker.java:345)
	at games.strategy.triplea.delegate.battle.BattleTracker.addBattle(BattleTracker.java:293)
	at games.strategy.triplea.delegate.MovePerformer$3.execute(MovePerformer.java:267)
	at games.strategy.triplea.delegate.ExecutionStack.execute(ExecutionStack.java:34)
	at games.strategy.triplea.delegate.MovePerformer.populateStack(MovePerformer.java:324)
	at games.strategy.triplea.delegate.MovePerformer.moveUnits(MovePerformer.java:81)
	at games.strategy.triplea.delegate.MoveDelegate.performMove(MoveDelegate.java:675)
	at jdk.internal.reflect.GeneratedMethodAccessor45.invoke(Unknown Source)
	at java.base/jdk.internal.reflect.DelegatingMethodAccessorImpl.invoke(DelegatingMethodAccessorImpl.java:43)
	at java.base/java.lang.reflect.Method.invoke(Method.java:569)
	at games.strategy.engine.delegate.DelegateExecutionManager$1.invoke(DelegateExecutionManager.java:120)
	at jdk.proxy2/jdk.proxy2.$Proxy14.performMove(Unknown Source)
	at jdk.internal.reflect.GeneratedMethodAccessor56.invoke(Unknown Source)
	at java.base/jdk.internal.reflect.DelegatingMethodAccessorImpl.invoke(DelegatingMethodAccessorImpl.java:43)
	at java.base/java.lang.reflect.Method.invoke(Method.java:569)
	at games.strategy.engine.message.unifiedmessenger.EndPoint.invokeSingle(EndPoint.java:137)
	at games.strategy.engine.message.unifiedmessenger.EndPoint.lambda$invokeMultiple$0(EndPoint.java:121)
	at java.base/java.util.stream.ReferencePipeline$3$1.accept(ReferencePipeline.java:197)
	at java.base/java.util.Spliterators$ArraySpliterator.forEachRemaining(Spliterators.java:992)
	at java.base/java.util.stream.AbstractPipeline.copyInto(AbstractPipeline.java:509)
	at java.base/java.util.stream.AbstractPipeline.wrapAndCopyInto(AbstractPipeline.java:499)
	at java.base/java.util.stream.ReduceOps$ReduceOp.evaluateSequential(ReduceOps.java:921)
	at java.base/java.util.stream.AbstractPipeline.evaluate(AbstractPipeline.java:234)
	at java.base/java.util.stream.ReferencePipeline.collect(ReferencePipeline.java:682)
	at games.strategy.engine.message.unifiedmessenger.EndPoint.invokeMultiple(EndPoint.java:122)
	at games.strategy.engine.message.unifiedmessenger.EndPoint.invokeLocal(EndPoint.java:112)
	at games.strategy.engine.message.unifiedmessenger.UnifiedMessenger.invokeAndWait(UnifiedMessenger.java:97)
	at games.strategy.engine.message.UnifiedInvocationHandler.invoke(UnifiedInvocationHandler.java:55)
	at jdk.proxy2/jdk.proxy2.$Proxy14.performMove(Unknown Source)
	at jdk.internal.reflect.GeneratedMethodAccessor45.invoke(Unknown Source)
	at java.base/jdk.internal.reflect.DelegatingMethodAccessorImpl.invoke(DelegatingMethodAccessorImpl.java:43)
	at java.base/java.lang.reflect.Method.invoke(Method.java:569)
	at games.strategy.engine.player.PlayerBridge$GameOverInvocationHandler.invoke(PlayerBridge.java:151)
	at jdk.proxy2/jdk.proxy2.$Proxy14.performMove(Unknown Source)
	at games.strategy.triplea.ai.weak.WeakAi.doMove(WeakAi.java:237)
	at games.strategy.triplea.ai.weak.WeakAi.doCombatMove(WeakAi.java:152)
	at games.strategy.triplea.ai.weak.WeakAi.move(WeakAi.java:124)
	at games.strategy.triplea.ai.AbstractAi.start(AbstractAi.java:521)
	at games.strategy.engine.framework.ServerGame.waitForPlayerToFinishStep(ServerGame.java:648)
	at games.strategy.engine.framework.ServerGame.runStep(ServerGame.java:478)
	at games.strategy.engine.framework.ServerGame.runNextStep(ServerGame.java:365)
	at games.strategy.engine.framework.ServerGame.startGame(ServerGame.java:333)
	at games.strategy.engine.framework.startup.launcher.LocalLauncher.launchInternal(LocalLauncher.java:92)
	at games.strategy.engine.framework.startup.launcher.LocalLauncher.lambda$launch$0(LocalLauncher.java:60)
	at java.base/java.lang.Thread.run(Thread.java:840)
377048 18:24:38.739 [Thread-8] INFO  org.triplea.sound.ClipPlayer - Unable to create audio device, is there audio on the system? Cannot create AudioDevice
javazoom.jl.decoder.JavaLayerException: Cannot create AudioDevice
	at javazoom.jl.player.FactoryRegistry.createAudioDevice(FactoryRegistry.java:97)
	at org.triplea.sound.ClipPlayer.hasAudio(ClipPlayer.java:144)
	at org.triplea.sound.ClipPlayer.isSoundEnabled(ClipPlayer.java:251)
	at org.triplea.sound.ClipPlayer.play(ClipPlayer.java:220)
	at org.triplea.sound.DefaultSoundChannel.playSoundForAll(DefaultSoundChannel.java:22)
	at jdk.internal.reflect.GeneratedMethodAccessor55.invoke(Unknown Source)
	at java.base/jdk.internal.reflect.DelegatingMethodAccessorImpl.invoke(DelegatingMethodAccessorImpl.java:43)
	at java.base/java.lang.reflect.Method.invoke(Method.java:569)
	at games.strategy.engine.message.unifiedmessenger.EndPoint.invokeSingle(EndPoint.java:137)
	at games.strategy.engine.message.unifiedmessenger.EndPoint.lambda$invokeMultiple$0(EndPoint.java:121)
	at java.base/java.util.stream.ReferencePipeline$3$1.accept(ReferencePipeline.java:197)
	at java.base/java.util.Spliterators$ArraySpliterator.forEachRemaining(Spliterators.java:992)
	at java.base/java.util.stream.AbstractPipeline.copyInto(AbstractPipeline.java:509)
	at java.base/java.util.stream.AbstractPipeline.wrapAndCopyInto(AbstractPipeline.java:499)
	at java.base/java.util.stream.ReduceOps$ReduceOp.evaluateSequential(ReduceOps.java:921)
	at java.base/java.util.stream.AbstractPipeline.evaluate(AbstractPipeline.java:234)
	at java.base/java.util.stream.ReferencePipeline.collect(ReferencePipeline.java:682)
	at games.strategy.engine.message.unifiedmessenger.EndPoint.invokeMultiple(EndPoint.java:122)
	at games.strategy.engine.message.unifiedmessenger.EndPoint.invokeLocal(EndPoint.java:112)
	at games.strategy.engine.message.unifiedmessenger.UnifiedMessenger.invoke(UnifiedMessenger.java:153)
	at games.strategy.engine.message.UnifiedInvocationHandler.invoke(UnifiedInvocationHandler.java:47)
	at jdk.proxy2/jdk.proxy2.$Proxy25.playSoundForAll(Unknown Source)
	at jdk.internal.reflect.GeneratedMethodAccessor54.invoke(Unknown Source)
	at java.base/jdk.internal.reflect.DelegatingMethodAccessorImpl.invoke(DelegatingMethodAccessorImpl.java:43)
	at java.base/java.lang.reflect.Method.invoke(Method.java:569)
	at games.strategy.engine.delegate.DelegateExecutionManager.lambda$newOutboundImplementation$1(DelegateExecutionManager.java:79)
	at jdk.proxy2/jdk.proxy2.$Proxy25.playSoundForAll(Unknown Source)
	at games.strategy.triplea.delegate.battle.BattleTracker.takeOver(BattleTracker.java:794)
	at games.strategy.triplea.delegate.battle.BattleTracker.addEmptyBattle(BattleTracker.java:523)
	at games.strategy.triplea.delegate.battle.BattleTracker.addBattle(BattleTracker.java:345)
	at games.strategy.triplea.delegate.battle.BattleTracker.addBattle(BattleTracker.java:293)
	at games.strategy.triplea.delegate.MovePerformer$3.execute(MovePerformer.java:267)
	at games.strategy.triplea.delegate.ExecutionStack.execute(ExecutionStack.java:34)
	at games.strategy.triplea.delegate.MovePerformer.populateStack(MovePerformer.java:324)
	at games.strategy.triplea.delegate.MovePerformer.moveUnits(MovePerformer.java:81)
	at games.strategy.triplea.delegate.MoveDelegate.performMove(MoveDelegate.java:675)
	at jdk.internal.reflect.GeneratedMethodAccessor45.invoke(Unknown Source)
	at java.base/jdk.internal.reflect.DelegatingMethodAccessorImpl.invoke(DelegatingMethodAccessorImpl.java:43)
	at java.base/java.lang.reflect.Method.invoke(Method.java:569)
	at games.strategy.engine.delegate.DelegateExecutionManager$1.invoke(DelegateExecutionManager.java:120)
	at jdk.proxy2/jdk.proxy2.$Proxy14.performMove(Unknown Source)
	at jdk.internal.reflect.GeneratedMethodAccessor56.invoke(Unknown Source)
	at java.base/jdk.internal.reflect.DelegatingMethodAccessorImpl.invoke(DelegatingMethodAccessorImpl.java:43)
	at java.base/java.lang.reflect.Method.invoke(Method.java:569)
	at games.strategy.engine.message.unifiedmessenger.EndPoint.invokeSingle(EndPoint.java:137)
	at games.strategy.engine.message.unifiedmessenger.EndPoint.lambda$invokeMultiple$0(EndPoint.java:121)
	at java.base/java.util.stream.ReferencePipeline$3$1.accept(ReferencePipeline.java:197)
	at java.base/java.util.Spliterators$ArraySpliterator.forEachRemaining(Spliterators.java:992)
	at java.base/java.util.stream.AbstractPipeline.copyInto(AbstractPipeline.java:509)
	at java.base/java.util.stream.AbstractPipeline.wrapAndCopyInto(AbstractPipeline.java:499)
	at java.base/java.util.stream.ReduceOps$ReduceOp.evaluateSequential(ReduceOps.java:921)
	at java.base/java.util.stream.AbstractPipeline.evaluate(AbstractPipeline.java:234)
	at java.base/java.util.stream.ReferencePipeline.collect(ReferencePipeline.java:682)
	at games.strategy.engine.message.unifiedmessenger.EndPoint.invokeMultiple(EndPoint.java:122)
	at games.strategy.engine.message.unifiedmessenger.EndPoint.invokeLocal(EndPoint.java:112)
	at games.strategy.engine.message.unifiedmessenger.UnifiedMessenger.invokeAndWait(UnifiedMessenger.java:97)
	at games.strategy.engine.message.UnifiedInvocationHandler.invoke(UnifiedInvocationHandler.java:55)
	at jdk.proxy2/jdk.proxy2.$Proxy14.performMove(Unknown Source)
	at jdk.internal.reflect.GeneratedMethodAccessor45.invoke(Unknown Source)
	at java.base/jdk.internal.reflect.DelegatingMethodAccessorImpl.invoke(DelegatingMethodAccessorImpl.java:43)
	at java.base/java.lang.reflect.Method.invoke(Method.java:569)
	at games.strategy.engine.player.PlayerBridge$GameOverInvocationHandler.invoke(PlayerBridge.java:151)
	at jdk.proxy2/jdk.proxy2.$Proxy14.performMove(Unknown Source)
	at games.strategy.triplea.ai.weak.WeakAi.doMove(WeakAi.java:237)
	at games.strategy.triplea.ai.weak.WeakAi.doCombatMove(WeakAi.java:152)
	at games.strategy.triplea.ai.weak.WeakAi.move(WeakAi.java:124)
	at games.strategy.triplea.ai.AbstractAi.start(AbstractAi.java:521)
	at games.strategy.engine.framework.ServerGame.waitForPlayerToFinishStep(ServerGame.java:648)
	at games.strategy.engine.framework.ServerGame.runStep(ServerGame.java:478)
	at games.strategy.engine.framework.ServerGame.runNextStep(ServerGame.java:365)
	at games.strategy.engine.framework.ServerGame.startGame(ServerGame.java:333)
	at games.strategy.engine.framework.startup.launcher.LocalLauncher.launchInternal(LocalLauncher.java:92)
	at games.strategy.engine.framework.startup.launcher.LocalLauncher.lambda$launch$0(LocalLauncher.java:60)
	at java.base/java.lang.Thread.run(Thread.java:840)
495  18:25:03.558 [main] INFO  o.t.game.client.HeadedGameRunner - Launching game, version: 2.7+00000 
746  18:25:03.809 [Thread-5] DEBUG g.s.e.data.gameparser.GameParser - Parsing game XML: /storage/home/hcoda1/6/snayak89/triplea/downloadedMaps/capture_the_flag/map/games/capture_the_flag.xml
1688 18:25:04.751 [Thread-6] INFO  org.triplea.sound.ClipPlayer - Unable to create audio device, is there audio on the system? Cannot create AudioDevice
javazoom.jl.decoder.JavaLayerException: Cannot create AudioDevice
	at javazoom.jl.player.FactoryRegistry.createAudioDevice(FactoryRegistry.java:97)
	at org.triplea.sound.ClipPlayer.hasAudio(ClipPlayer.java:144)
	at org.triplea.sound.ClipPlayer.isSoundEnabled(ClipPlayer.java:251)
	at org.triplea.sound.ClipPlayer.play(ClipPlayer.java:220)
	at org.triplea.sound.ClipPlayer.play(ClipPlayer.java:209)
	at games.strategy.engine.framework.startup.mc.HeadedLaunchAction.startGame(HeadedLaunchAction.java:100)
	at games.strategy.triplea.TripleA.startGame(TripleA.java:62)
	at games.strategy.engine.framework.startup.launcher.LocalLauncher.loadGame(LocalLauncher.java:78)
	at games.strategy.engine.framework.startup.launcher.LocalLauncher.launch(LocalLauncher.java:59)
	at games.strategy.engine.framework.startup.ui.panels.main.MainPanelBuilder.lambda$launch$3(MainPanelBuilder.java:65)
	at java.base/java.lang.Thread.run(Thread.java:840)
1719 18:25:04.782 [AWT-EventQueue-0] INFO  org.triplea.sound.ClipPlayer - Unable to create audio device, is there audio on the system? Cannot create AudioDevice
javazoom.jl.decoder.JavaLayerException: Cannot create AudioDevice
	at javazoom.jl.player.FactoryRegistry.createAudioDevice(FactoryRegistry.java:97)
	at org.triplea.sound.ClipPlayer.hasAudio(ClipPlayer.java:144)
	at org.triplea.sound.SoundOptions.buildGlobalSoundSwitchMenuItem(SoundOptions.java:76)
	at games.strategy.triplea.ui.menubar.GameMenu.<init>(GameMenu.java:63)
	at games.strategy.triplea.ui.menubar.TripleAMenuBar.<init>(TripleAMenuBar.java:24)
	at games.strategy.triplea.ui.TripleAFrame.lambda$new$1(TripleAFrame.java:307)
	at java.desktop/java.awt.event.InvocationEvent.dispatch(InvocationEvent.java:318)
	at java.desktop/java.awt.EventQueue.dispatchEventImpl(EventQueue.java:773)
	at java.desktop/java.awt.EventQueue$4.run(EventQueue.java:720)
	at java.desktop/java.awt.EventQueue$4.run(EventQueue.java:714)
	at java.base/java.security.AccessController.doPrivileged(AccessController.java:399)
	at java.base/java.security.ProtectionDomain$JavaSecurityAccessImpl.doIntersectionPrivilege(ProtectionDomain.java:86)
	at java.desktop/java.awt.EventQueue.dispatchEvent(EventQueue.java:742)
	at java.desktop/java.awt.EventDispatchThread.pumpOneEventForFilters(EventDispatchThread.java:203)
	at java.desktop/java.awt.EventDispatchThread.pumpEventsForFilter(EventDispatchThread.java:124)
	at java.desktop/java.awt.EventDispatchThread.pumpEventsForHierarchy(EventDispatchThread.java:113)
	at java.desktop/java.awt.EventDispatchThread.pumpEvents(EventDispatchThread.java:109)
	at java.desktop/java.awt.EventDispatchThread.pumpEvents(EventDispatchThread.java:101)
	at java.desktop/java.awt.EventDispatchThread.run(EventDispatchThread.java:90)
1750 18:25:04.813 [AWT-EventQueue-0] INFO  org.triplea.sound.ClipPlayer - Unable to create audio device, is there audio on the system? Cannot create AudioDevice
javazoom.jl.decoder.JavaLayerException: Cannot create AudioDevice
	at javazoom.jl.player.FactoryRegistry.createAudioDevice(FactoryRegistry.java:97)
	at org.triplea.sound.ClipPlayer.hasAudio(ClipPlayer.java:144)
	at org.triplea.sound.SoundOptions.buildSoundOptionsMenuItem(SoundOptions.java:22)
	at games.strategy.triplea.ui.menubar.GameMenu.<init>(GameMenu.java:64)
	at games.strategy.triplea.ui.menubar.TripleAMenuBar.<init>(TripleAMenuBar.java:24)
	at games.strategy.triplea.ui.TripleAFrame.lambda$new$1(TripleAFrame.java:307)
	at java.desktop/java.awt.event.InvocationEvent.dispatch(InvocationEvent.java:318)
	at java.desktop/java.awt.EventQueue.dispatchEventImpl(EventQueue.java:773)
	at java.desktop/java.awt.EventQueue$4.run(EventQueue.java:720)
	at java.desktop/java.awt.EventQueue$4.run(EventQueue.java:714)
	at java.base/java.security.AccessController.doPrivileged(AccessController.java:399)
	at java.base/java.security.ProtectionDomain$JavaSecurityAccessImpl.doIntersectionPrivilege(ProtectionDomain.java:86)
	at java.desktop/java.awt.EventQueue.dispatchEvent(EventQueue.java:742)
	at java.desktop/java.awt.EventDispatchThread.pumpOneEventForFilters(EventDispatchThread.java:203)
	at java.desktop/java.awt.EventDispatchThread.pumpEventsForFilter(EventDispatchThread.java:124)
	at java.desktop/java.awt.EventDispatchThread.pumpEventsForHierarchy(EventDispatchThread.java:113)
	at java.desktop/java.awt.EventDispatchThread.pumpEvents(EventDispatchThread.java:109)
	at java.desktop/java.awt.EventDispatchThread.pumpEvents(EventDispatchThread.java:101)
	at java.desktop/java.awt.EventDispatchThread.run(EventDispatchThread.java:90)
3745 18:25:06.808 [Thread-8] INFO  org.triplea.sound.ClipPlayer - Unable to create audio device, is there audio on the system? Cannot create AudioDevice
javazoom.jl.decoder.JavaLayerException: Cannot create AudioDevice
	at javazoom.jl.player.FactoryRegistry.createAudioDevice(FactoryRegistry.java:97)
	at org.triplea.sound.ClipPlayer.hasAudio(ClipPlayer.java:144)
	at org.triplea.sound.ClipPlayer.isSoundEnabled(ClipPlayer.java:251)
	at org.triplea.sound.ClipPlayer.play(ClipPlayer.java:220)
	at org.triplea.sound.DefaultSoundChannel.playSoundForAll(DefaultSoundChannel.java:22)
	at java.base/jdk.internal.reflect.NativeMethodAccessorImpl.invoke0(Native Method)
	at java.base/jdk.internal.reflect.NativeMethodAccessorImpl.invoke(NativeMethodAccessorImpl.java:77)
	at java.base/jdk.internal.reflect.DelegatingMethodAccessorImpl.invoke(DelegatingMethodAccessorImpl.java:43)
	at java.base/java.lang.reflect.Method.invoke(Method.java:569)
	at games.strategy.engine.message.unifiedmessenger.EndPoint.invokeSingle(EndPoint.java:137)
	at games.strategy.engine.message.unifiedmessenger.EndPoint.lambda$invokeMultiple$0(EndPoint.java:121)
	at java.base/java.util.stream.ReferencePipeline$3$1.accept(ReferencePipeline.java:197)
	at java.base/java.util.Spliterators$ArraySpliterator.forEachRemaining(Spliterators.java:992)
	at java.base/java.util.stream.AbstractPipeline.copyInto(AbstractPipeline.java:509)
	at java.base/java.util.stream.AbstractPipeline.wrapAndCopyInto(AbstractPipeline.java:499)
	at java.base/java.util.stream.ReduceOps$ReduceOp.evaluateSequential(ReduceOps.java:921)
	at java.base/java.util.stream.AbstractPipeline.evaluate(AbstractPipeline.java:234)
	at java.base/java.util.stream.ReferencePipeline.collect(ReferencePipeline.java:682)
	at games.strategy.engine.message.unifiedmessenger.EndPoint.invokeMultiple(EndPoint.java:122)
	at games.strategy.engine.message.unifiedmessenger.EndPoint.invokeLocal(EndPoint.java:112)
	at games.strategy.engine.message.unifiedmessenger.UnifiedMessenger.invoke(UnifiedMessenger.java:153)
	at games.strategy.engine.message.UnifiedInvocationHandler.invoke(UnifiedInvocationHandler.java:47)
	at jdk.proxy2/jdk.proxy2.$Proxy25.playSoundForAll(Unknown Source)
	at java.base/jdk.internal.reflect.NativeMethodAccessorImpl.invoke0(Native Method)
	at java.base/jdk.internal.reflect.NativeMethodAccessorImpl.invoke(NativeMethodAccessorImpl.java:77)
	at java.base/jdk.internal.reflect.DelegatingMethodAccessorImpl.invoke(DelegatingMethodAccessorImpl.java:43)
	at java.base/java.lang.reflect.Method.invoke(Method.java:569)
	at games.strategy.engine.delegate.DelegateExecutionManager.lambda$newOutboundImplementation$1(DelegateExecutionManager.java:79)
	at jdk.proxy2/jdk.proxy2.$Proxy25.playSoundForAll(Unknown Source)
	at games.strategy.triplea.delegate.battle.BattleTracker.takeOver(BattleTracker.java:794)
	at games.strategy.triplea.delegate.battle.BattleTracker.addEmptyBattle(BattleTracker.java:523)
	at games.strategy.triplea.delegate.battle.BattleTracker.addBattle(BattleTracker.java:345)
	at games.strategy.triplea.delegate.battle.BattleTracker.addBattle(BattleTracker.java:293)
	at games.strategy.triplea.delegate.MovePerformer$3.execute(MovePerformer.java:267)
	at games.strategy.triplea.delegate.ExecutionStack.execute(ExecutionStack.java:34)
	at games.strategy.triplea.delegate.MovePerformer.populateStack(MovePerformer.java:324)
	at games.strategy.triplea.delegate.MovePerformer.moveUnits(MovePerformer.java:81)
	at games.strategy.triplea.delegate.MoveDelegate.performMove(MoveDelegate.java:675)
	at java.base/jdk.internal.reflect.NativeMethodAccessorImpl.invoke0(Native Method)
	at java.base/jdk.internal.reflect.NativeMethodAccessorImpl.invoke(NativeMethodAccessorImpl.java:77)
	at java.base/jdk.internal.reflect.DelegatingMethodAccessorImpl.invoke(DelegatingMethodAccessorImpl.java:43)
	at java.base/java.lang.reflect.Method.invoke(Method.java:569)
	at games.strategy.engine.delegate.DelegateExecutionManager$1.invoke(DelegateExecutionManager.java:120)
	at jdk.proxy2/jdk.proxy2.$Proxy14.performMove(Unknown Source)
	at java.base/jdk.internal.reflect.NativeMethodAccessorImpl.invoke0(Native Method)
	at java.base/jdk.internal.reflect.NativeMethodAccessorImpl.invoke(NativeMethodAccessorImpl.java:77)
	at java.base/jdk.internal.reflect.DelegatingMethodAccessorImpl.invoke(DelegatingMethodAccessorImpl.java:43)
	at java.base/java.lang.reflect.Method.invoke(Method.java:569)
	at games.strategy.engine.message.unifiedmessenger.EndPoint.invokeSingle(EndPoint.java:137)
	at games.strategy.engine.message.unifiedmessenger.EndPoint.lambda$invokeMultiple$0(EndPoint.java:121)
	at java.base/java.util.stream.ReferencePipeline$3$1.accept(ReferencePipeline.java:197)
	at java.base/java.util.Spliterators$ArraySpliterator.forEachRemaining(Spliterators.java:992)
	at java.base/java.util.stream.AbstractPipeline.copyInto(AbstractPipeline.java:509)
	at java.base/java.util.stream.AbstractPipeline.wrapAndCopyInto(AbstractPipeline.java:499)
	at java.base/java.util.stream.ReduceOps$ReduceOp.evaluateSequential(ReduceOps.java:921)
	at java.base/java.util.stream.AbstractPipeline.evaluate(AbstractPipeline.java:234)
	at java.base/java.util.stream.ReferencePipeline.collect(ReferencePipeline.java:682)
	at games.strategy.engine.message.unifiedmessenger.EndPoint.invokeMultiple(EndPoint.java:122)
	at games.strategy.engine.message.unifiedmessenger.EndPoint.invokeLocal(EndPoint.java:112)
	at games.strategy.engine.message.unifiedmessenger.UnifiedMessenger.invokeAndWait(UnifiedMessenger.java:97)
	at games.strategy.engine.message.UnifiedInvocationHandler.invoke(UnifiedInvocationHandler.java:55)
	at jdk.proxy2/jdk.proxy2.$Proxy14.performMove(Unknown Source)
	at java.base/jdk.internal.reflect.NativeMethodAccessorImpl.invoke0(Native Method)
	at java.base/jdk.internal.reflect.NativeMethodAccessorImpl.invoke(NativeMethodAccessorImpl.java:77)
	at java.base/jdk.internal.reflect.DelegatingMethodAccessorImpl.invoke(DelegatingMethodAccessorImpl.java:43)
	at java.base/java.lang.reflect.Method.invoke(Method.java:569)
	at games.strategy.engine.player.PlayerBridge$GameOverInvocationHandler.invoke(PlayerBridge.java:151)
	at jdk.proxy2/jdk.proxy2.$Proxy14.performMove(Unknown Source)
	at games.strategy.triplea.ai.tripleMind.util.ProMoveUtils.doMove(ProMoveUtils.java:431)
	at games.strategy.triplea.ai.tripleMind.AbstractTripleMindAi.move(AbstractTripleMindAi.java:222)
	at games.strategy.triplea.ai.AbstractAi.start(AbstractAi.java:521)
	at games.strategy.engine.framework.ServerGame.waitForPlayerToFinishStep(ServerGame.java:648)
	at games.strategy.engine.framework.ServerGame.runStep(ServerGame.java:478)
	at games.strategy.engine.framework.ServerGame.runNextStep(ServerGame.java:365)
	at games.strategy.engine.framework.ServerGame.startGame(ServerGame.java:333)
	at games.strategy.engine.framework.startup.launcher.LocalLauncher.launchInternal(LocalLauncher.java:92)
	at games.strategy.engine.framework.startup.launcher.LocalLauncher.lambda$launch$0(LocalLauncher.java:60)
	at java.base/java.lang.Thread.run(Thread.java:840)
4399 18:25:07.462 [Thread-8] INFO  org.triplea.sound.ClipPlayer - Unable to create audio device, is there audio on the system? Cannot create AudioDevice
javazoom.jl.decoder.JavaLayerException: Cannot create AudioDevice
	at javazoom.jl.player.FactoryRegistry.createAudioDevice(FactoryRegistry.java:97)
	at org.triplea.sound.ClipPlayer.hasAudio(ClipPlayer.java:144)
	at org.triplea.sound.ClipPlayer.isSoundEnabled(ClipPlayer.java:251)
	at org.triplea.sound.ClipPlayer.play(ClipPlayer.java:220)
	at org.triplea.sound.DefaultSoundChannel.playSoundForAll(DefaultSoundChannel.java:22)
	at java.base/jdk.internal.reflect.NativeMethodAccessorImpl.invoke0(Native Method)
	at java.base/jdk.internal.reflect.NativeMethodAccessorImpl.invoke(NativeMethodAccessorImpl.java:77)
	at java.base/jdk.internal.reflect.DelegatingMethodAccessorImpl.invoke(DelegatingMethodAccessorImpl.java:43)
	at java.base/java.lang.reflect.Method.invoke(Method.java:569)
	at games.strategy.engine.message.unifiedmessenger.EndPoint.invokeSingle(EndPoint.java:137)
	at games.strategy.engine.message.unifiedmessenger.EndPoint.lambda$invokeMultiple$0(EndPoint.java:121)
	at java.base/java.util.stream.ReferencePipeline$3$1.accept(ReferencePipeline.java:197)
	at java.base/java.util.Spliterators$ArraySpliterator.forEachRemaining(Spliterators.java:992)
	at java.base/java.util.stream.AbstractPipeline.copyInto(AbstractPipeline.java:509)
	at java.base/java.util.stream.AbstractPipeline.wrapAndCopyInto(AbstractPipeline.java:499)
	at java.base/java.util.stream.ReduceOps$ReduceOp.evaluateSequential(ReduceOps.java:921)
	at java.base/java.util.stream.AbstractPipeline.evaluate(AbstractPipeline.java:234)
	at java.base/java.util.stream.ReferencePipeline.collect(ReferencePipeline.java:682)
	at games.strategy.engine.message.unifiedmessenger.EndPoint.invokeMultiple(EndPoint.java:122)
	at games.strategy.engine.message.unifiedmessenger.EndPoint.invokeLocal(EndPoint.java:112)
	at games.strategy.engine.message.unifiedmessenger.UnifiedMessenger.invoke(UnifiedMessenger.java:153)
	at games.strategy.engine.message.UnifiedInvocationHandler.invoke(UnifiedInvocationHandler.java:47)
	at jdk.proxy2/jdk.proxy2.$Proxy25.playSoundForAll(Unknown Source)
	at java.base/jdk.internal.reflect.NativeMethodAccessorImpl.invoke0(Native Method)
	at java.base/jdk.internal.reflect.NativeMethodAccessorImpl.invoke(NativeMethodAccessorImpl.java:77)
	at java.base/jdk.internal.reflect.DelegatingMethodAccessorImpl.invoke(DelegatingMethodAccessorImpl.java:43)
	at java.base/java.lang.reflect.Method.invoke(Method.java:569)
	at games.strategy.engine.delegate.DelegateExecutionManager.lambda$newOutboundImplementation$1(DelegateExecutionManager.java:79)
	at jdk.proxy2/jdk.proxy2.$Proxy25.playSoundForAll(Unknown Source)
	at games.strategy.triplea.delegate.battle.BattleTracker.takeOver(BattleTracker.java:794)
	at games.strategy.triplea.delegate.battle.BattleTracker.addEmptyBattle(BattleTracker.java:523)
	at games.strategy.triplea.delegate.battle.BattleTracker.addBattle(BattleTracker.java:345)
	at games.strategy.triplea.delegate.battle.BattleTracker.addBattle(BattleTracker.java:293)
	at games.strategy.triplea.delegate.MovePerformer$3.execute(MovePerformer.java:267)
	at games.strategy.triplea.delegate.ExecutionStack.execute(ExecutionStack.java:34)
	at games.strategy.triplea.delegate.MovePerformer.populateStack(MovePerformer.java:324)
	at games.strategy.triplea.delegate.MovePerformer.moveUnits(MovePerformer.java:81)
	at games.strategy.triplea.delegate.MoveDelegate.performMove(MoveDelegate.java:675)
	at java.base/jdk.internal.reflect.NativeMethodAccessorImpl.invoke0(Native Method)
	at java.base/jdk.internal.reflect.NativeMethodAccessorImpl.invoke(NativeMethodAccessorImpl.java:77)
	at java.base/jdk.internal.reflect.DelegatingMethodAccessorImpl.invoke(DelegatingMethodAccessorImpl.java:43)
	at java.base/java.lang.reflect.Method.invoke(Method.java:569)
	at games.strategy.engine.delegate.DelegateExecutionManager$1.invoke(DelegateExecutionManager.java:120)
	at jdk.proxy2/jdk.proxy2.$Proxy14.performMove(Unknown Source)
	at java.base/jdk.internal.reflect.NativeMethodAccessorImpl.invoke0(Native Method)
	at java.base/jdk.internal.reflect.NativeMethodAccessorImpl.invoke(NativeMethodAccessorImpl.java:77)
	at java.base/jdk.internal.reflect.DelegatingMethodAccessorImpl.invoke(DelegatingMethodAccessorImpl.java:43)
	at java.base/java.lang.reflect.Method.invoke(Method.java:569)
	at games.strategy.engine.message.unifiedmessenger.EndPoint.invokeSingle(EndPoint.java:137)
	at games.strategy.engine.message.unifiedmessenger.EndPoint.lambda$invokeMultiple$0(EndPoint.java:121)
	at java.base/java.util.stream.ReferencePipeline$3$1.accept(ReferencePipeline.java:197)
	at java.base/java.util.Spliterators$ArraySpliterator.forEachRemaining(Spliterators.java:992)
	at java.base/java.util.stream.AbstractPipeline.copyInto(AbstractPipeline.java:509)
	at java.base/java.util.stream.AbstractPipeline.wrapAndCopyInto(AbstractPipeline.java:499)
	at java.base/java.util.stream.ReduceOps$ReduceOp.evaluateSequential(ReduceOps.java:921)
	at java.base/java.util.stream.AbstractPipeline.evaluate(AbstractPipeline.java:234)
	at java.base/java.util.stream.ReferencePipeline.collect(ReferencePipeline.java:682)
	at games.strategy.engine.message.unifiedmessenger.EndPoint.invokeMultiple(EndPoint.java:122)
	at games.strategy.engine.message.unifiedmessenger.EndPoint.invokeLocal(EndPoint.java:112)
	at games.strategy.engine.message.unifiedmessenger.UnifiedMessenger.invokeAndWait(UnifiedMessenger.java:97)
	at games.strategy.engine.message.UnifiedInvocationHandler.invoke(UnifiedInvocationHandler.java:55)
	at jdk.proxy2/jdk.proxy2.$Proxy14.performMove(Unknown Source)
	at java.base/jdk.internal.reflect.NativeMethodAccessorImpl.invoke0(Native Method)
	at java.base/jdk.internal.reflect.NativeMethodAccessorImpl.invoke(NativeMethodAccessorImpl.java:77)
	at java.base/jdk.internal.reflect.DelegatingMethodAccessorImpl.invoke(DelegatingMethodAccessorImpl.java:43)
	at java.base/java.lang.reflect.Method.invoke(Method.java:569)
	at games.strategy.engine.player.PlayerBridge$GameOverInvocationHandler.invoke(PlayerBridge.java:151)
	at jdk.proxy2/jdk.proxy2.$Proxy14.performMove(Unknown Source)
	at games.strategy.triplea.ai.tripleMind.util.ProMoveUtils.doMove(ProMoveUtils.java:431)
	at games.strategy.triplea.ai.tripleMind.AbstractTripleMindAi.move(AbstractTripleMindAi.java:222)
	at games.strategy.triplea.ai.AbstractAi.start(AbstractAi.java:521)
	at games.strategy.engine.framework.ServerGame.waitForPlayerToFinishStep(ServerGame.java:648)
	at games.strategy.engine.framework.ServerGame.runStep(ServerGame.java:478)
	at games.strategy.engine.framework.ServerGame.runNextStep(ServerGame.java:365)
	at games.strategy.engine.framework.ServerGame.startGame(ServerGame.java:333)
	at games.strategy.engine.framework.startup.launcher.LocalLauncher.launchInternal(LocalLauncher.java:92)
	at games.strategy.engine.framework.startup.launcher.LocalLauncher.lambda$launch$0(LocalLauncher.java:60)
	at java.base/java.lang.Thread.run(Thread.java:840)
5174 18:25:08.237 [Thread-8] INFO  org.triplea.sound.ClipPlayer - Unable to create audio device, is there audio on the system? Cannot create AudioDevice
javazoom.jl.decoder.JavaLayerException: Cannot create AudioDevice
	at javazoom.jl.player.FactoryRegistry.createAudioDevice(FactoryRegistry.java:97)
	at org.triplea.sound.ClipPlayer.hasAudio(ClipPlayer.java:144)
	at org.triplea.sound.ClipPlayer.isSoundEnabled(ClipPlayer.java:251)
	at org.triplea.sound.ClipPlayer.play(ClipPlayer.java:220)
	at org.triplea.sound.DefaultSoundChannel.playSoundForAll(DefaultSoundChannel.java:22)
	at java.base/jdk.internal.reflect.NativeMethodAccessorImpl.invoke0(Native Method)
	at java.base/jdk.internal.reflect.NativeMethodAccessorImpl.invoke(NativeMethodAccessorImpl.java:77)
	at java.base/jdk.internal.reflect.DelegatingMethodAccessorImpl.invoke(DelegatingMethodAccessorImpl.java:43)
	at java.base/java.lang.reflect.Method.invoke(Method.java:569)
	at games.strategy.engine.message.unifiedmessenger.EndPoint.invokeSingle(EndPoint.java:137)
	at games.strategy.engine.message.unifiedmessenger.EndPoint.lambda$invokeMultiple$0(EndPoint.java:121)
	at java.base/java.util.stream.ReferencePipeline$3$1.accept(ReferencePipeline.java:197)
	at java.base/java.util.Spliterators$ArraySpliterator.forEachRemaining(Spliterators.java:992)
	at java.base/java.util.stream.AbstractPipeline.copyInto(AbstractPipeline.java:509)
	at java.base/java.util.stream.AbstractPipeline.wrapAndCopyInto(AbstractPipeline.java:499)
	at java.base/java.util.stream.ReduceOps$ReduceOp.evaluateSequential(ReduceOps.java:921)
	at java.base/java.util.stream.AbstractPipeline.evaluate(AbstractPipeline.java:234)
	at java.base/java.util.stream.ReferencePipeline.collect(ReferencePipeline.java:682)
	at games.strategy.engine.message.unifiedmessenger.EndPoint.invokeMultiple(EndPoint.java:122)
	at games.strategy.engine.message.unifiedmessenger.EndPoint.invokeLocal(EndPoint.java:112)
	at games.strategy.engine.message.unifiedmessenger.UnifiedMessenger.invoke(UnifiedMessenger.java:153)
	at games.strategy.engine.message.UnifiedInvocationHandler.invoke(UnifiedInvocationHandler.java:47)
	at jdk.proxy2/jdk.proxy2.$Proxy25.playSoundForAll(Unknown Source)
	at java.base/jdk.internal.reflect.NativeMethodAccessorImpl.invoke0(Native Method)
	at java.base/jdk.internal.reflect.NativeMethodAccessorImpl.invoke(NativeMethodAccessorImpl.java:77)
	at java.base/jdk.internal.reflect.DelegatingMethodAccessorImpl.invoke(DelegatingMethodAccessorImpl.java:43)
	at java.base/java.lang.reflect.Method.invoke(Method.java:569)
	at games.strategy.engine.delegate.DelegateExecutionManager.lambda$newOutboundImplementation$1(DelegateExecutionManager.java:79)
	at jdk.proxy2/jdk.proxy2.$Proxy25.playSoundForAll(Unknown Source)
	at games.strategy.triplea.delegate.AbstractPlaceDelegate.placeUnits(AbstractPlaceDelegate.java:302)
	at games.strategy.triplea.delegate.AbstractPlaceDelegate.placeUnits(AbstractPlaceDelegate.java:201)
	at java.base/jdk.internal.reflect.NativeMethodAccessorImpl.invoke0(Native Method)
	at java.base/jdk.internal.reflect.NativeMethodAccessorImpl.invoke(NativeMethodAccessorImpl.java:77)
	at java.base/jdk.internal.reflect.DelegatingMethodAccessorImpl.invoke(DelegatingMethodAccessorImpl.java:43)
	at java.base/java.lang.reflect.Method.invoke(Method.java:569)
	at games.strategy.engine.delegate.DelegateExecutionManager$1.invoke(DelegateExecutionManager.java:120)
	at jdk.proxy2/jdk.proxy2.$Proxy16.placeUnits(Unknown Source)
	at java.base/jdk.internal.reflect.NativeMethodAccessorImpl.invoke0(Native Method)
	at java.base/jdk.internal.reflect.NativeMethodAccessorImpl.invoke(NativeMethodAccessorImpl.java:77)
	at java.base/jdk.internal.reflect.DelegatingMethodAccessorImpl.invoke(DelegatingMethodAccessorImpl.java:43)
	at java.base/java.lang.reflect.Method.invoke(Method.java:569)
	at games.strategy.engine.message.unifiedmessenger.EndPoint.invokeSingle(EndPoint.java:137)
	at games.strategy.engine.message.unifiedmessenger.EndPoint.lambda$invokeMultiple$0(EndPoint.java:121)
	at java.base/java.util.stream.ReferencePipeline$3$1.accept(ReferencePipeline.java:197)
	at java.base/java.util.Spliterators$ArraySpliterator.forEachRemaining(Spliterators.java:992)
	at java.base/java.util.stream.AbstractPipeline.copyInto(AbstractPipeline.java:509)
	at java.base/java.util.stream.AbstractPipeline.wrapAndCopyInto(AbstractPipeline.java:499)
	at java.base/java.util.stream.ReduceOps$ReduceOp.evaluateSequential(ReduceOps.java:921)
	at java.base/java.util.stream.AbstractPipeline.evaluate(AbstractPipeline.java:234)
	at java.base/java.util.stream.ReferencePipeline.collect(ReferencePipeline.java:682)
	at games.strategy.engine.message.unifiedmessenger.EndPoint.invokeMultiple(EndPoint.java:122)
	at games.strategy.engine.message.unifiedmessenger.EndPoint.invokeLocal(EndPoint.java:112)
	at games.strategy.engine.message.unifiedmessenger.UnifiedMessenger.invokeAndWait(UnifiedMessenger.java:97)
	at games.strategy.engine.message.UnifiedInvocationHandler.invoke(UnifiedInvocationHandler.java:55)
	at jdk.proxy2/jdk.proxy2.$Proxy16.placeUnits(Unknown Source)
	at java.base/jdk.internal.reflect.NativeMethodAccessorImpl.invoke0(Native Method)
	at java.base/jdk.internal.reflect.NativeMethodAccessorImpl.invoke(NativeMethodAccessorImpl.java:77)
	at java.base/jdk.internal.reflect.DelegatingMethodAccessorImpl.invoke(DelegatingMethodAccessorImpl.java:43)
	at java.base/java.lang.reflect.Method.invoke(Method.java:569)
	at games.strategy.engine.player.PlayerBridge$GameOverInvocationHandler.invoke(PlayerBridge.java:151)
	at jdk.proxy2/jdk.proxy2.$Proxy16.placeUnits(Unknown Source)
	at games.strategy.triplea.ai.tripleMind.ProPurchaseAi.doPlace(ProPurchaseAi.java:2627)
	at games.strategy.triplea.ai.tripleMind.ProPurchaseAi.placeUnits(ProPurchaseAi.java:2545)
	at games.strategy.triplea.ai.tripleMind.ProPurchaseAi.place(ProPurchaseAi.java:562)
	at games.strategy.triplea.ai.tripleMind.AbstractTripleMindAi.place(AbstractTripleMindAi.java:380)
	at games.strategy.triplea.ai.AbstractAi.start(AbstractAi.java:531)
	at games.strategy.engine.framework.ServerGame.waitForPlayerToFinishStep(ServerGame.java:648)
	at games.strategy.engine.framework.ServerGame.runStep(ServerGame.java:478)
	at games.strategy.engine.framework.ServerGame.runNextStep(ServerGame.java:365)
	at games.strategy.engine.framework.ServerGame.startGame(ServerGame.java:333)
	at games.strategy.engine.framework.startup.launcher.LocalLauncher.launchInternal(LocalLauncher.java:92)
	at games.strategy.engine.framework.startup.launcher.LocalLauncher.lambda$launch$0(LocalLauncher.java:60)
	at java.base/java.lang.Thread.run(Thread.java:840)
5280 18:25:08.343 [Thread-8] INFO  org.triplea.sound.ClipPlayer - Unable to create audio device, is there audio on the system? Cannot create AudioDevice
javazoom.jl.decoder.JavaLayerException: Cannot create AudioDevice
	at javazoom.jl.player.FactoryRegistry.createAudioDevice(FactoryRegistry.java:97)
	at org.triplea.sound.ClipPlayer.hasAudio(ClipPlayer.java:144)
	at org.triplea.sound.ClipPlayer.isSoundEnabled(ClipPlayer.java:251)
	at org.triplea.sound.ClipPlayer.play(ClipPlayer.java:220)
	at org.triplea.sound.DefaultSoundChannel.playSoundForAll(DefaultSoundChannel.java:22)
	at java.base/jdk.internal.reflect.NativeMethodAccessorImpl.invoke0(Native Method)
	at java.base/jdk.internal.reflect.NativeMethodAccessorImpl.invoke(NativeMethodAccessorImpl.java:77)
	at java.base/jdk.internal.reflect.DelegatingMethodAccessorImpl.invoke(DelegatingMethodAccessorImpl.java:43)
	at java.base/java.lang.reflect.Method.invoke(Method.java:569)
	at games.strategy.engine.message.unifiedmessenger.EndPoint.invokeSingle(EndPoint.java:137)
	at games.strategy.engine.message.unifiedmessenger.EndPoint.lambda$invokeMultiple$0(EndPoint.java:121)
	at java.base/java.util.stream.ReferencePipeline$3$1.accept(ReferencePipeline.java:197)
	at java.base/java.util.Spliterators$ArraySpliterator.forEachRemaining(Spliterators.java:992)
	at java.base/java.util.stream.AbstractPipeline.copyInto(AbstractPipeline.java:509)
	at java.base/java.util.stream.AbstractPipeline.wrapAndCopyInto(AbstractPipeline.java:499)
	at java.base/java.util.stream.ReduceOps$ReduceOp.evaluateSequential(ReduceOps.java:921)
	at java.base/java.util.stream.AbstractPipeline.evaluate(AbstractPipeline.java:234)
	at java.base/java.util.stream.ReferencePipeline.collect(ReferencePipeline.java:682)
	at games.strategy.engine.message.unifiedmessenger.EndPoint.invokeMultiple(EndPoint.java:122)
	at games.strategy.engine.message.unifiedmessenger.EndPoint.invokeLocal(EndPoint.java:112)
	at games.strategy.engine.message.unifiedmessenger.UnifiedMessenger.invoke(UnifiedMessenger.java:153)
	at games.strategy.engine.message.UnifiedInvocationHandler.invoke(UnifiedInvocationHandler.java:47)
	at jdk.proxy2/jdk.proxy2.$Proxy25.playSoundForAll(Unknown Source)
	at java.base/jdk.internal.reflect.NativeMethodAccessorImpl.invoke0(Native Method)
	at java.base/jdk.internal.reflect.NativeMethodAccessorImpl.invoke(NativeMethodAccessorImpl.java:77)
	at java.base/jdk.internal.reflect.DelegatingMethodAccessorImpl.invoke(DelegatingMethodAccessorImpl.java:43)
	at java.base/java.lang.reflect.Method.invoke(Method.java:569)
	at games.strategy.engine.delegate.DelegateExecutionManager.lambda$newOutboundImplementation$1(DelegateExecutionManager.java:79)
	at jdk.proxy2/jdk.proxy2.$Proxy25.playSoundForAll(Unknown Source)
	at games.strategy.triplea.delegate.AbstractPlaceDelegate.placeUnits(AbstractPlaceDelegate.java:302)
	at games.strategy.triplea.delegate.AbstractPlaceDelegate.placeUnits(AbstractPlaceDelegate.java:201)
	at java.base/jdk.internal.reflect.NativeMethodAccessorImpl.invoke0(Native Method)
	at java.base/jdk.internal.reflect.NativeMethodAccessorImpl.invoke(NativeMethodAccessorImpl.java:77)
	at java.base/jdk.internal.reflect.DelegatingMethodAccessorImpl.invoke(DelegatingMethodAccessorImpl.java:43)
	at java.base/java.lang.reflect.Method.invoke(Method.java:569)
	at games.strategy.engine.delegate.DelegateExecutionManager$1.invoke(DelegateExecutionManager.java:120)
	at jdk.proxy2/jdk.proxy2.$Proxy16.placeUnits(Unknown Source)
	at java.base/jdk.internal.reflect.NativeMethodAccessorImpl.invoke0(Native Method)
	at java.base/jdk.internal.reflect.NativeMethodAccessorImpl.invoke(NativeMethodAccessorImpl.java:77)
	at java.base/jdk.internal.reflect.DelegatingMethodAccessorImpl.invoke(DelegatingMethodAccessorImpl.java:43)
	at java.base/java.lang.reflect.Method.invoke(Method.java:569)
	at games.strategy.engine.message.unifiedmessenger.EndPoint.invokeSingle(EndPoint.java:137)
	at games.strategy.engine.message.unifiedmessenger.EndPoint.lambda$invokeMultiple$0(EndPoint.java:121)
	at java.base/java.util.stream.ReferencePipeline$3$1.accept(ReferencePipeline.java:197)
	at java.base/java.util.Spliterators$ArraySpliterator.forEachRemaining(Spliterators.java:992)
	at java.base/java.util.stream.AbstractPipeline.copyInto(AbstractPipeline.java:509)
	at java.base/java.util.stream.AbstractPipeline.wrapAndCopyInto(AbstractPipeline.java:499)
	at java.base/java.util.stream.ReduceOps$ReduceOp.evaluateSequential(ReduceOps.java:921)
	at java.base/java.util.stream.AbstractPipeline.evaluate(AbstractPipeline.java:234)
	at java.base/java.util.stream.ReferencePipeline.collect(ReferencePipeline.java:682)
	at games.strategy.engine.message.unifiedmessenger.EndPoint.invokeMultiple(EndPoint.java:122)
	at games.strategy.engine.message.unifiedmessenger.EndPoint.invokeLocal(EndPoint.java:112)
	at games.strategy.engine.message.unifiedmessenger.UnifiedMessenger.invokeAndWait(UnifiedMessenger.java:97)
	at games.strategy.engine.message.UnifiedInvocationHandler.invoke(UnifiedInvocationHandler.java:55)
	at jdk.proxy2/jdk.proxy2.$Proxy16.placeUnits(Unknown Source)
	at java.base/jdk.internal.reflect.NativeMethodAccessorImpl.invoke0(Native Method)
	at java.base/jdk.internal.reflect.NativeMethodAccessorImpl.invoke(NativeMethodAccessorImpl.java:77)
	at java.base/jdk.internal.reflect.DelegatingMethodAccessorImpl.invoke(DelegatingMethodAccessorImpl.java:43)
	at java.base/java.lang.reflect.Method.invoke(Method.java:569)
	at games.strategy.engine.player.PlayerBridge$GameOverInvocationHandler.invoke(PlayerBridge.java:151)
	at jdk.proxy2/jdk.proxy2.$Proxy16.placeUnits(Unknown Source)
	at games.strategy.triplea.ai.tripleMind.ProPurchaseAi.doPlace(ProPurchaseAi.java:2627)
	at games.strategy.triplea.ai.tripleMind.ProPurchaseAi.placeUnits(ProPurchaseAi.java:2545)
	at games.strategy.triplea.ai.tripleMind.ProPurchaseAi.place(ProPurchaseAi.java:562)
	at games.strategy.triplea.ai.tripleMind.AbstractTripleMindAi.place(AbstractTripleMindAi.java:380)
	at games.strategy.triplea.ai.AbstractAi.start(AbstractAi.java:531)
	at games.strategy.engine.framework.ServerGame.waitForPlayerToFinishStep(ServerGame.java:648)
	at games.strategy.engine.framework.ServerGame.runStep(ServerGame.java:478)
	at games.strategy.engine.framework.ServerGame.runNextStep(ServerGame.java:365)
	at games.strategy.engine.framework.ServerGame.startGame(ServerGame.java:333)
	at games.strategy.engine.framework.startup.launcher.LocalLauncher.launchInternal(LocalLauncher.java:92)
	at games.strategy.engine.framework.startup.launcher.LocalLauncher.lambda$launch$0(LocalLauncher.java:60)
	at java.base/java.lang.Thread.run(Thread.java:840)
5384 18:25:08.447 [Thread-8] INFO  org.triplea.sound.ClipPlayer - Unable to create audio device, is there audio on the system? Cannot create AudioDevice
javazoom.jl.decoder.JavaLayerException: Cannot create AudioDevice
	at javazoom.jl.player.FactoryRegistry.createAudioDevice(FactoryRegistry.java:97)
	at org.triplea.sound.ClipPlayer.hasAudio(ClipPlayer.java:144)
	at org.triplea.sound.ClipPlayer.isSoundEnabled(ClipPlayer.java:251)
	at org.triplea.sound.ClipPlayer.play(ClipPlayer.java:220)
	at org.triplea.sound.DefaultSoundChannel.playSoundForAll(DefaultSoundChannel.java:22)
	at java.base/jdk.internal.reflect.NativeMethodAccessorImpl.invoke0(Native Method)
	at java.base/jdk.internal.reflect.NativeMethodAccessorImpl.invoke(NativeMethodAccessorImpl.java:77)
	at java.base/jdk.internal.reflect.DelegatingMethodAccessorImpl.invoke(DelegatingMethodAccessorImpl.java:43)
	at java.base/java.lang.reflect.Method.invoke(Method.java:569)
	at games.strategy.engine.message.unifiedmessenger.EndPoint.invokeSingle(EndPoint.java:137)
	at games.strategy.engine.message.unifiedmessenger.EndPoint.lambda$invokeMultiple$0(EndPoint.java:121)
	at java.base/java.util.stream.ReferencePipeline$3$1.accept(ReferencePipeline.java:197)
	at java.base/java.util.Spliterators$ArraySpliterator.forEachRemaining(Spliterators.java:992)
	at java.base/java.util.stream.AbstractPipeline.copyInto(AbstractPipeline.java:509)
	at java.base/java.util.stream.AbstractPipeline.wrapAndCopyInto(AbstractPipeline.java:499)
	at java.base/java.util.stream.ReduceOps$ReduceOp.evaluateSequential(ReduceOps.java:921)
	at java.base/java.util.stream.AbstractPipeline.evaluate(AbstractPipeline.java:234)
	at java.base/java.util.stream.ReferencePipeline.collect(ReferencePipeline.java:682)
	at games.strategy.engine.message.unifiedmessenger.EndPoint.invokeMultiple(EndPoint.java:122)
	at games.strategy.engine.message.unifiedmessenger.EndPoint.invokeLocal(EndPoint.java:112)
	at games.strategy.engine.message.unifiedmessenger.UnifiedMessenger.invoke(UnifiedMessenger.java:153)
	at games.strategy.engine.message.UnifiedInvocationHandler.invoke(UnifiedInvocationHandler.java:47)
	at jdk.proxy2/jdk.proxy2.$Proxy25.playSoundForAll(Unknown Source)
	at java.base/jdk.internal.reflect.NativeMethodAccessorImpl.invoke0(Native Method)
	at java.base/jdk.internal.reflect.NativeMethodAccessorImpl.invoke(NativeMethodAccessorImpl.java:77)
	at java.base/jdk.internal.reflect.DelegatingMethodAccessorImpl.invoke(DelegatingMethodAccessorImpl.java:43)
	at java.base/java.lang.reflect.Method.invoke(Method.java:569)
	at games.strategy.engine.delegate.DelegateExecutionManager.lambda$newOutboundImplementation$1(DelegateExecutionManager.java:79)
	at jdk.proxy2/jdk.proxy2.$Proxy25.playSoundForAll(Unknown Source)
	at games.strategy.triplea.delegate.AbstractPlaceDelegate.placeUnits(AbstractPlaceDelegate.java:302)
	at games.strategy.triplea.delegate.AbstractPlaceDelegate.placeUnits(AbstractPlaceDelegate.java:201)
	at java.base/jdk.internal.reflect.NativeMethodAccessorImpl.invoke0(Native Method)
	at java.base/jdk.internal.reflect.NativeMethodAccessorImpl.invoke(NativeMethodAccessorImpl.java:77)
	at java.base/jdk.internal.reflect.DelegatingMethodAccessorImpl.invoke(DelegatingMethodAccessorImpl.java:43)
	at java.base/java.lang.reflect.Method.invoke(Method.java:569)
	at games.strategy.engine.delegate.DelegateExecutionManager$1.invoke(DelegateExecutionManager.java:120)
	at jdk.proxy2/jdk.proxy2.$Proxy16.placeUnits(Unknown Source)
	at java.base/jdk.internal.reflect.NativeMethodAccessorImpl.invoke0(Native Method)
	at java.base/jdk.internal.reflect.NativeMethodAccessorImpl.invoke(NativeMethodAccessorImpl.java:77)
	at java.base/jdk.internal.reflect.DelegatingMethodAccessorImpl.invoke(DelegatingMethodAccessorImpl.java:43)
	at java.base/java.lang.reflect.Method.invoke(Method.java:569)
	at games.strategy.engine.message.unifiedmessenger.EndPoint.invokeSingle(EndPoint.java:137)
	at games.strategy.engine.message.unifiedmessenger.EndPoint.lambda$invokeMultiple$0(EndPoint.java:121)
	at java.base/java.util.stream.ReferencePipeline$3$1.accept(ReferencePipeline.java:197)
	at java.base/java.util.Spliterators$ArraySpliterator.forEachRemaining(Spliterators.java:992)
	at java.base/java.util.stream.AbstractPipeline.copyInto(AbstractPipeline.java:509)
	at java.base/java.util.stream.AbstractPipeline.wrapAndCopyInto(AbstractPipeline.java:499)
	at java.base/java.util.stream.ReduceOps$ReduceOp.evaluateSequential(ReduceOps.java:921)
	at java.base/java.util.stream.AbstractPipeline.evaluate(AbstractPipeline.java:234)
	at java.base/java.util.stream.ReferencePipeline.collect(ReferencePipeline.java:682)
	at games.strategy.engine.message.unifiedmessenger.EndPoint.invokeMultiple(EndPoint.java:122)
	at games.strategy.engine.message.unifiedmessenger.EndPoint.invokeLocal(EndPoint.java:112)
	at games.strategy.engine.message.unifiedmessenger.UnifiedMessenger.invokeAndWait(UnifiedMessenger.java:97)
	at games.strategy.engine.message.UnifiedInvocationHandler.invoke(UnifiedInvocationHandler.java:55)
	at jdk.proxy2/jdk.proxy2.$Proxy16.placeUnits(Unknown Source)
	at java.base/jdk.internal.reflect.NativeMethodAccessorImpl.invoke0(Native Method)
	at java.base/jdk.internal.reflect.NativeMethodAccessorImpl.invoke(NativeMethodAccessorImpl.java:77)
	at java.base/jdk.internal.reflect.DelegatingMethodAccessorImpl.invoke(DelegatingMethodAccessorImpl.java:43)
	at java.base/java.lang.reflect.Method.invoke(Method.java:569)
	at games.strategy.engine.player.PlayerBridge$GameOverInvocationHandler.invoke(PlayerBridge.java:151)
	at jdk.proxy2/jdk.proxy2.$Proxy16.placeUnits(Unknown Source)
	at games.strategy.triplea.ai.tripleMind.ProPurchaseAi.doPlace(ProPurchaseAi.java:2627)
	at games.strategy.triplea.ai.tripleMind.ProPurchaseAi.placeUnits(ProPurchaseAi.java:2545)
	at games.strategy.triplea.ai.tripleMind.ProPurchaseAi.place(ProPurchaseAi.java:562)
	at games.strategy.triplea.ai.tripleMind.AbstractTripleMindAi.place(AbstractTripleMindAi.java:380)
	at games.strategy.triplea.ai.AbstractAi.start(AbstractAi.java:531)
	at games.strategy.engine.framework.ServerGame.waitForPlayerToFinishStep(ServerGame.java:648)
	at games.strategy.engine.framework.ServerGame.runStep(ServerGame.java:478)
	at games.strategy.engine.framework.ServerGame.runNextStep(ServerGame.java:365)
	at games.strategy.engine.framework.ServerGame.startGame(ServerGame.java:333)
	at games.strategy.engine.framework.startup.launcher.LocalLauncher.launchInternal(LocalLauncher.java:92)
	at games.strategy.engine.framework.startup.launcher.LocalLauncher.lambda$launch$0(LocalLauncher.java:60)
	at java.base/java.lang.Thread.run(Thread.java:840)
6566 18:25:09.629 [Thread-8] INFO  org.triplea.sound.ClipPlayer - Unable to create audio device, is there audio on the system? Cannot create AudioDevice
javazoom.jl.decoder.JavaLayerException: Cannot create AudioDevice
	at javazoom.jl.player.FactoryRegistry.createAudioDevice(FactoryRegistry.java:97)
	at org.triplea.sound.ClipPlayer.hasAudio(ClipPlayer.java:144)
	at org.triplea.sound.ClipPlayer.isSoundEnabled(ClipPlayer.java:251)
	at org.triplea.sound.ClipPlayer.play(ClipPlayer.java:220)
	at org.triplea.sound.DefaultSoundChannel.playSoundForAll(DefaultSoundChannel.java:22)
	at java.base/jdk.internal.reflect.NativeMethodAccessorImpl.invoke0(Native Method)
	at java.base/jdk.internal.reflect.NativeMethodAccessorImpl.invoke(NativeMethodAccessorImpl.java:77)
	at java.base/jdk.internal.reflect.DelegatingMethodAccessorImpl.invoke(DelegatingMethodAccessorImpl.java:43)
	at java.base/java.lang.reflect.Method.invoke(Method.java:569)
	at games.strategy.engine.message.unifiedmessenger.EndPoint.invokeSingle(EndPoint.java:137)
	at games.strategy.engine.message.unifiedmessenger.EndPoint.lambda$invokeMultiple$0(EndPoint.java:121)
	at java.base/java.util.stream.ReferencePipeline$3$1.accept(ReferencePipeline.java:197)
	at java.base/java.util.Spliterators$ArraySpliterator.forEachRemaining(Spliterators.java:992)
	at java.base/java.util.stream.AbstractPipeline.copyInto(AbstractPipeline.java:509)
	at java.base/java.util.stream.AbstractPipeline.wrapAndCopyInto(AbstractPipeline.java:499)
	at java.base/java.util.stream.ReduceOps$ReduceOp.evaluateSequential(ReduceOps.java:921)
	at java.base/java.util.stream.AbstractPipeline.evaluate(AbstractPipeline.java:234)
	at java.base/java.util.stream.ReferencePipeline.collect(ReferencePipeline.java:682)
	at games.strategy.engine.message.unifiedmessenger.EndPoint.invokeMultiple(EndPoint.java:122)
	at games.strategy.engine.message.unifiedmessenger.EndPoint.invokeLocal(EndPoint.java:112)
	at games.strategy.engine.message.unifiedmessenger.UnifiedMessenger.invoke(UnifiedMessenger.java:153)
	at games.strategy.engine.message.UnifiedInvocationHandler.invoke(UnifiedInvocationHandler.java:47)
	at jdk.proxy2/jdk.proxy2.$Proxy25.playSoundForAll(Unknown Source)
	at java.base/jdk.internal.reflect.NativeMethodAccessorImpl.invoke0(Native Method)
	at java.base/jdk.internal.reflect.NativeMethodAccessorImpl.invoke(NativeMethodAccessorImpl.java:77)
	at java.base/jdk.internal.reflect.DelegatingMethodAccessorImpl.invoke(DelegatingMethodAccessorImpl.java:43)
	at java.base/java.lang.reflect.Method.invoke(Method.java:569)
	at games.strategy.engine.delegate.DelegateExecutionManager.lambda$newOutboundImplementation$1(DelegateExecutionManager.java:79)
	at jdk.proxy2/jdk.proxy2.$Proxy25.playSoundForAll(Unknown Source)
	at games.strategy.triplea.delegate.battle.BattleTracker.takeOver(BattleTracker.java:794)
	at games.strategy.triplea.delegate.battle.BattleTracker.addEmptyBattle(BattleTracker.java:523)
	at games.strategy.triplea.delegate.battle.BattleTracker.addBattle(BattleTracker.java:345)
	at games.strategy.triplea.delegate.battle.BattleTracker.addBattle(BattleTracker.java:293)
	at games.strategy.triplea.delegate.MovePerformer$3.execute(MovePerformer.java:267)
	at games.strategy.triplea.delegate.ExecutionStack.execute(ExecutionStack.java:34)
	at games.strategy.triplea.delegate.MovePerformer.populateStack(MovePerformer.java:324)
	at games.strategy.triplea.delegate.MovePerformer.moveUnits(MovePerformer.java:81)
	at games.strategy.triplea.delegate.MoveDelegate.performMove(MoveDelegate.java:675)
	at java.base/jdk.internal.reflect.NativeMethodAccessorImpl.invoke0(Native Method)
	at java.base/jdk.internal.reflect.NativeMethodAccessorImpl.invoke(NativeMethodAccessorImpl.java:77)
	at java.base/jdk.internal.reflect.DelegatingMethodAccessorImpl.invoke(DelegatingMethodAccessorImpl.java:43)
	at java.base/java.lang.reflect.Method.invoke(Method.java:569)
	at games.strategy.engine.delegate.DelegateExecutionManager$1.invoke(DelegateExecutionManager.java:120)
	at jdk.proxy2/jdk.proxy2.$Proxy14.performMove(Unknown Source)
	at java.base/jdk.internal.reflect.NativeMethodAccessorImpl.invoke0(Native Method)
	at java.base/jdk.internal.reflect.NativeMethodAccessorImpl.invoke(NativeMethodAccessorImpl.java:77)
	at java.base/jdk.internal.reflect.DelegatingMethodAccessorImpl.invoke(DelegatingMethodAccessorImpl.java:43)
	at java.base/java.lang.reflect.Method.invoke(Method.java:569)
	at games.strategy.engine.message.unifiedmessenger.EndPoint.invokeSingle(EndPoint.java:137)
	at games.strategy.engine.message.unifiedmessenger.EndPoint.lambda$invokeMultiple$0(EndPoint.java:121)
	at java.base/java.util.stream.ReferencePipeline$3$1.accept(ReferencePipeline.java:197)
	at java.base/java.util.Spliterators$ArraySpliterator.forEachRemaining(Spliterators.java:992)
	at java.base/java.util.stream.AbstractPipeline.copyInto(AbstractPipeline.java:509)
	at java.base/java.util.stream.AbstractPipeline.wrapAndCopyInto(AbstractPipeline.java:499)
	at java.base/java.util.stream.ReduceOps$ReduceOp.evaluateSequential(ReduceOps.java:921)
	at java.base/java.util.stream.AbstractPipeline.evaluate(AbstractPipeline.java:234)
	at java.base/java.util.stream.ReferencePipeline.collect(ReferencePipeline.java:682)
	at games.strategy.engine.message.unifiedmessenger.EndPoint.invokeMultiple(EndPoint.java:122)
	at games.strategy.engine.message.unifiedmessenger.EndPoint.invokeLocal(EndPoint.java:112)
	at games.strategy.engine.message.unifiedmessenger.UnifiedMessenger.invokeAndWait(UnifiedMessenger.java:97)
	at games.strategy.engine.message.UnifiedInvocationHandler.invoke(UnifiedInvocationHandler.java:55)
	at jdk.proxy2/jdk.proxy2.$Proxy14.performMove(Unknown Source)
	at java.base/jdk.internal.reflect.NativeMethodAccessorImpl.invoke0(Native Method)
	at java.base/jdk.internal.reflect.NativeMethodAccessorImpl.invoke(NativeMethodAccessorImpl.java:77)
	at java.base/jdk.internal.reflect.DelegatingMethodAccessorImpl.invoke(DelegatingMethodAccessorImpl.java:43)
	at java.base/java.lang.reflect.Method.invoke(Method.java:569)
	at games.strategy.engine.player.PlayerBridge$GameOverInvocationHandler.invoke(PlayerBridge.java:151)
	at jdk.proxy2/jdk.proxy2.$Proxy14.performMove(Unknown Source)
	at games.strategy.triplea.ai.weak.WeakAi.doMove(WeakAi.java:237)
	at games.strategy.triplea.ai.weak.WeakAi.doCombatMove(WeakAi.java:152)
	at games.strategy.triplea.ai.weak.WeakAi.move(WeakAi.java:124)
	at games.strategy.triplea.ai.AbstractAi.start(AbstractAi.java:521)
	at games.strategy.engine.framework.ServerGame.waitForPlayerToFinishStep(ServerGame.java:648)
	at games.strategy.engine.framework.ServerGame.runStep(ServerGame.java:478)
	at games.strategy.engine.framework.ServerGame.runNextStep(ServerGame.java:365)
	at games.strategy.engine.framework.ServerGame.startGame(ServerGame.java:333)
	at games.strategy.engine.framework.startup.launcher.LocalLauncher.launchInternal(LocalLauncher.java:92)
	at games.strategy.engine.framework.startup.launcher.LocalLauncher.lambda$launch$0(LocalLauncher.java:60)
	at java.base/java.lang.Thread.run(Thread.java:840)
7195 18:25:10.258 [Thread-8] INFO  org.triplea.sound.ClipPlayer - Unable to create audio device, is there audio on the system? Cannot create AudioDevice
javazoom.jl.decoder.JavaLayerException: Cannot create AudioDevice
	at javazoom.jl.player.FactoryRegistry.createAudioDevice(FactoryRegistry.java:97)
	at org.triplea.sound.ClipPlayer.hasAudio(ClipPlayer.java:144)
	at org.triplea.sound.ClipPlayer.isSoundEnabled(ClipPlayer.java:251)
	at org.triplea.sound.ClipPlayer.play(ClipPlayer.java:220)
	at org.triplea.sound.DefaultSoundChannel.playSoundForAll(DefaultSoundChannel.java:22)
	at java.base/jdk.internal.reflect.NativeMethodAccessorImpl.invoke0(Native Method)
	at java.base/jdk.internal.reflect.NativeMethodAccessorImpl.invoke(NativeMethodAccessorImpl.java:77)
	at java.base/jdk.internal.reflect.DelegatingMethodAccessorImpl.invoke(DelegatingMethodAccessorImpl.java:43)
	at java.base/java.lang.reflect.Method.invoke(Method.java:569)
	at games.strategy.engine.message.unifiedmessenger.EndPoint.invokeSingle(EndPoint.java:137)
	at games.strategy.engine.message.unifiedmessenger.EndPoint.lambda$invokeMultiple$0(EndPoint.java:121)
	at java.base/java.util.stream.ReferencePipeline$3$1.accept(ReferencePipeline.java:197)
	at java.base/java.util.Spliterators$ArraySpliterator.forEachRemaining(Spliterators.java:992)
	at java.base/java.util.stream.AbstractPipeline.copyInto(AbstractPipeline.java:509)
	at java.base/java.util.stream.AbstractPipeline.wrapAndCopyInto(AbstractPipeline.java:499)
	at java.base/java.util.stream.ReduceOps$ReduceOp.evaluateSequential(ReduceOps.java:921)
	at java.base/java.util.stream.AbstractPipeline.evaluate(AbstractPipeline.java:234)
	at java.base/java.util.stream.ReferencePipeline.collect(ReferencePipeline.java:682)
	at games.strategy.engine.message.unifiedmessenger.EndPoint.invokeMultiple(EndPoint.java:122)
	at games.strategy.engine.message.unifiedmessenger.EndPoint.invokeLocal(EndPoint.java:112)
	at games.strategy.engine.message.unifiedmessenger.UnifiedMessenger.invoke(UnifiedMessenger.java:153)
	at games.strategy.engine.message.UnifiedInvocationHandler.invoke(UnifiedInvocationHandler.java:47)
	at jdk.proxy2/jdk.proxy2.$Proxy25.playSoundForAll(Unknown Source)
	at java.base/jdk.internal.reflect.NativeMethodAccessorImpl.invoke0(Native Method)
	at java.base/jdk.internal.reflect.NativeMethodAccessorImpl.invoke(NativeMethodAccessorImpl.java:77)
	at java.base/jdk.internal.reflect.DelegatingMethodAccessorImpl.invoke(DelegatingMethodAccessorImpl.java:43)
	at java.base/java.lang.reflect.Method.invoke(Method.java:569)
	at games.strategy.engine.delegate.DelegateExecutionManager.lambda$newOutboundImplementation$1(DelegateExecutionManager.java:79)
	at jdk.proxy2/jdk.proxy2.$Proxy25.playSoundForAll(Unknown Source)
	at games.strategy.triplea.delegate.battle.BattleTracker.takeOver(BattleTracker.java:794)
	at games.strategy.triplea.delegate.battle.BattleTracker.addEmptyBattle(BattleTracker.java:523)
	at games.strategy.triplea.delegate.battle.BattleTracker.addBattle(BattleTracker.java:345)
	at games.strategy.triplea.delegate.battle.BattleTracker.addBattle(BattleTracker.java:293)
	at games.strategy.triplea.delegate.MovePerformer$3.execute(MovePerformer.java:267)
	at games.strategy.triplea.delegate.ExecutionStack.execute(ExecutionStack.java:34)
	at games.strategy.triplea.delegate.MovePerformer.populateStack(MovePerformer.java:324)
	at games.strategy.triplea.delegate.MovePerformer.moveUnits(MovePerformer.java:81)
	at games.strategy.triplea.delegate.MoveDelegate.performMove(MoveDelegate.java:675)
	at java.base/jdk.internal.reflect.NativeMethodAccessorImpl.invoke0(Native Method)
	at java.base/jdk.internal.reflect.NativeMethodAccessorImpl.invoke(NativeMethodAccessorImpl.java:77)
	at java.base/jdk.internal.reflect.DelegatingMethodAccessorImpl.invoke(DelegatingMethodAccessorImpl.java:43)
	at java.base/java.lang.reflect.Method.invoke(Method.java:569)
	at games.strategy.engine.delegate.DelegateExecutionManager$1.invoke(DelegateExecutionManager.java:120)
	at jdk.proxy2/jdk.proxy2.$Proxy14.performMove(Unknown Source)
	at java.base/jdk.internal.reflect.NativeMethodAccessorImpl.invoke0(Native Method)
	at java.base/jdk.internal.reflect.NativeMethodAccessorImpl.invoke(NativeMethodAccessorImpl.java:77)
	at java.base/jdk.internal.reflect.DelegatingMethodAccessorImpl.invoke(DelegatingMethodAccessorImpl.java:43)
	at java.base/java.lang.reflect.Method.invoke(Method.java:569)
	at games.strategy.engine.message.unifiedmessenger.EndPoint.invokeSingle(EndPoint.java:137)
	at games.strategy.engine.message.unifiedmessenger.EndPoint.lambda$invokeMultiple$0(EndPoint.java:121)
	at java.base/java.util.stream.ReferencePipeline$3$1.accept(ReferencePipeline.java:197)
	at java.base/java.util.Spliterators$ArraySpliterator.forEachRemaining(Spliterators.java:992)
	at java.base/java.util.stream.AbstractPipeline.copyInto(AbstractPipeline.java:509)
	at java.base/java.util.stream.AbstractPipeline.wrapAndCopyInto(AbstractPipeline.java:499)
	at java.base/java.util.stream.ReduceOps$ReduceOp.evaluateSequential(ReduceOps.java:921)
	at java.base/java.util.stream.AbstractPipeline.evaluate(AbstractPipeline.java:234)
	at java.base/java.util.stream.ReferencePipeline.collect(ReferencePipeline.java:682)
	at games.strategy.engine.message.unifiedmessenger.EndPoint.invokeMultiple(EndPoint.java:122)
	at games.strategy.engine.message.unifiedmessenger.EndPoint.invokeLocal(EndPoint.java:112)
	at games.strategy.engine.message.unifiedmessenger.UnifiedMessenger.invokeAndWait(UnifiedMessenger.java:97)
	at games.strategy.engine.message.UnifiedInvocationHandler.invoke(UnifiedInvocationHandler.java:55)
	at jdk.proxy2/jdk.proxy2.$Proxy14.performMove(Unknown Source)
	at java.base/jdk.internal.reflect.NativeMethodAccessorImpl.invoke0(Native Method)
	at java.base/jdk.internal.reflect.NativeMethodAccessorImpl.invoke(NativeMethodAccessorImpl.java:77)
	at java.base/jdk.internal.reflect.DelegatingMethodAccessorImpl.invoke(DelegatingMethodAccessorImpl.java:43)
	at java.base/java.lang.reflect.Method.invoke(Method.java:569)
	at games.strategy.engine.player.PlayerBridge$GameOverInvocationHandler.invoke(PlayerBridge.java:151)
	at jdk.proxy2/jdk.proxy2.$Proxy14.performMove(Unknown Source)
	at games.strategy.triplea.ai.weak.WeakAi.doMove(WeakAi.java:237)
	at games.strategy.triplea.ai.weak.WeakAi.doCombatMove(WeakAi.java:152)
	at games.strategy.triplea.ai.weak.WeakAi.move(WeakAi.java:124)
	at games.strategy.triplea.ai.AbstractAi.start(AbstractAi.java:521)
	at games.strategy.engine.framework.ServerGame.waitForPlayerToFinishStep(ServerGame.java:648)
	at games.strategy.engine.framework.ServerGame.runStep(ServerGame.java:478)
	at games.strategy.engine.framework.ServerGame.runNextStep(ServerGame.java:365)
	at games.strategy.engine.framework.ServerGame.startGame(ServerGame.java:333)
	at games.strategy.engine.framework.startup.launcher.LocalLauncher.launchInternal(LocalLauncher.java:92)
	at games.strategy.engine.framework.startup.launcher.LocalLauncher.lambda$launch$0(LocalLauncher.java:60)
	at java.base/java.lang.Thread.run(Thread.java:840)
9465 18:25:12.528 [Thread-8] INFO  org.triplea.sound.ClipPlayer - Unable to create audio device, is there audio on the system? Cannot create AudioDevice
javazoom.jl.decoder.JavaLayerException: Cannot create AudioDevice
	at javazoom.jl.player.FactoryRegistry.createAudioDevice(FactoryRegistry.java:97)
	at org.triplea.sound.ClipPlayer.hasAudio(ClipPlayer.java:144)
	at org.triplea.sound.ClipPlayer.isSoundEnabled(ClipPlayer.java:251)
	at org.triplea.sound.ClipPlayer.play(ClipPlayer.java:220)
	at org.triplea.sound.DefaultSoundChannel.playSoundForAll(DefaultSoundChannel.java:22)
	at java.base/jdk.internal.reflect.NativeMethodAccessorImpl.invoke0(Native Method)
	at java.base/jdk.internal.reflect.NativeMethodAccessorImpl.invoke(NativeMethodAccessorImpl.java:77)
	at java.base/jdk.internal.reflect.DelegatingMethodAccessorImpl.invoke(DelegatingMethodAccessorImpl.java:43)
	at java.base/java.lang.reflect.Method.invoke(Method.java:569)
	at games.strategy.engine.message.unifiedmessenger.EndPoint.invokeSingle(EndPoint.java:137)
	at games.strategy.engine.message.unifiedmessenger.EndPoint.lambda$invokeMultiple$0(EndPoint.java:121)
	at java.base/java.util.stream.ReferencePipeline$3$1.accept(ReferencePipeline.java:197)
	at java.base/java.util.Spliterators$ArraySpliterator.forEachRemaining(Spliterators.java:992)
	at java.base/java.util.stream.AbstractPipeline.copyInto(AbstractPipeline.java:509)
	at java.base/java.util.stream.AbstractPipeline.wrapAndCopyInto(AbstractPipeline.java:499)
	at java.base/java.util.stream.ReduceOps$ReduceOp.evaluateSequential(ReduceOps.java:921)
	at java.base/java.util.stream.AbstractPipeline.evaluate(AbstractPipeline.java:234)
	at java.base/java.util.stream.ReferencePipeline.collect(ReferencePipeline.java:682)
	at games.strategy.engine.message.unifiedmessenger.EndPoint.invokeMultiple(EndPoint.java:122)
	at games.strategy.engine.message.unifiedmessenger.EndPoint.invokeLocal(EndPoint.java:112)
	at games.strategy.engine.message.unifiedmessenger.UnifiedMessenger.invoke(UnifiedMessenger.java:153)
	at games.strategy.engine.message.UnifiedInvocationHandler.invoke(UnifiedInvocationHandler.java:47)
	at jdk.proxy2/jdk.proxy2.$Proxy25.playSoundForAll(Unknown Source)
	at java.base/jdk.internal.reflect.NativeMethodAccessorImpl.invoke0(Native Method)
	at java.base/jdk.internal.reflect.NativeMethodAccessorImpl.invoke(NativeMethodAccessorImpl.java:77)
	at java.base/jdk.internal.reflect.DelegatingMethodAccessorImpl.invoke(DelegatingMethodAccessorImpl.java:43)
	at java.base/java.lang.reflect.Method.invoke(Method.java:569)
	at games.strategy.engine.delegate.DelegateExecutionManager.lambda$newOutboundImplementation$1(DelegateExecutionManager.java:79)
	at jdk.proxy2/jdk.proxy2.$Proxy25.playSoundForAll(Unknown Source)
	at games.strategy.triplea.delegate.AbstractPlaceDelegate.placeUnits(AbstractPlaceDelegate.java:302)
	at games.strategy.triplea.delegate.AbstractPlaceDelegate.placeUnits(AbstractPlaceDelegate.java:201)
	at java.base/jdk.internal.reflect.NativeMethodAccessorImpl.invoke0(Native Method)
	at java.base/jdk.internal.reflect.NativeMethodAccessorImpl.invoke(NativeMethodAccessorImpl.java:77)
	at java.base/jdk.internal.reflect.DelegatingMethodAccessorImpl.invoke(DelegatingMethodAccessorImpl.java:43)
	at java.base/java.lang.reflect.Method.invoke(Method.java:569)
	at games.strategy.engine.delegate.DelegateExecutionManager$1.invoke(DelegateExecutionManager.java:120)
	at jdk.proxy2/jdk.proxy2.$Proxy16.placeUnits(Unknown Source)
	at java.base/jdk.internal.reflect.NativeMethodAccessorImpl.invoke0(Native Method)
	at java.base/jdk.internal.reflect.NativeMethodAccessorImpl.invoke(NativeMethodAccessorImpl.java:77)
	at java.base/jdk.internal.reflect.DelegatingMethodAccessorImpl.invoke(DelegatingMethodAccessorImpl.java:43)
	at java.base/java.lang.reflect.Method.invoke(Method.java:569)
	at games.strategy.engine.message.unifiedmessenger.EndPoint.invokeSingle(EndPoint.java:137)
	at games.strategy.engine.message.unifiedmessenger.EndPoint.lambda$invokeMultiple$0(EndPoint.java:121)
	at java.base/java.util.stream.ReferencePipeline$3$1.accept(ReferencePipeline.java:197)
	at java.base/java.util.Spliterators$ArraySpliterator.forEachRemaining(Spliterators.java:992)
	at java.base/java.util.stream.AbstractPipeline.copyInto(AbstractPipeline.java:509)
	at java.base/java.util.stream.AbstractPipeline.wrapAndCopyInto(AbstractPipeline.java:499)
	at java.base/java.util.stream.ReduceOps$ReduceOp.evaluateSequential(ReduceOps.java:921)
	at java.base/java.util.stream.AbstractPipeline.evaluate(AbstractPipeline.java:234)
	at java.base/java.util.stream.ReferencePipeline.collect(ReferencePipeline.java:682)
	at games.strategy.engine.message.unifiedmessenger.EndPoint.invokeMultiple(EndPoint.java:122)
	at games.strategy.engine.message.unifiedmessenger.EndPoint.invokeLocal(EndPoint.java:112)
	at games.strategy.engine.message.unifiedmessenger.UnifiedMessenger.invokeAndWait(UnifiedMessenger.java:97)
	at games.strategy.engine.message.UnifiedInvocationHandler.invoke(UnifiedInvocationHandler.java:55)
	at jdk.proxy2/jdk.proxy2.$Proxy16.placeUnits(Unknown Source)
	at java.base/jdk.internal.reflect.NativeMethodAccessorImpl.invoke0(Native Method)
	at java.base/jdk.internal.reflect.NativeMethodAccessorImpl.invoke(NativeMethodAccessorImpl.java:77)
	at java.base/jdk.internal.reflect.DelegatingMethodAccessorImpl.invoke(DelegatingMethodAccessorImpl.java:43)
	at java.base/java.lang.reflect.Method.invoke(Method.java:569)
	at games.strategy.engine.player.PlayerBridge$GameOverInvocationHandler.invoke(PlayerBridge.java:151)
	at jdk.proxy2/jdk.proxy2.$Proxy16.placeUnits(Unknown Source)
	at games.strategy.triplea.ai.weak.WeakAi.doPlace(WeakAi.java:1110)
	at games.strategy.triplea.ai.weak.WeakAi.placeAllWeCanOn(WeakAi.java:1104)
	at games.strategy.triplea.ai.weak.WeakAi.lambda$place$15(WeakAi.java:1054)
	at java.base/java.util.Optional.ifPresent(Optional.java:178)
	at games.strategy.triplea.ai.weak.WeakAi.place(WeakAi.java:1054)
	at games.strategy.triplea.ai.AbstractAi.start(AbstractAi.java:531)
	at games.strategy.engine.framework.ServerGame.waitForPlayerToFinishStep(ServerGame.java:648)
	at games.strategy.engine.framework.ServerGame.runStep(ServerGame.java:478)
	at games.strategy.engine.framework.ServerGame.runNextStep(ServerGame.java:365)
	at games.strategy.engine.framework.ServerGame.startGame(ServerGame.java:333)
	at games.strategy.engine.framework.startup.launcher.LocalLauncher.launchInternal(LocalLauncher.java:92)
	at games.strategy.engine.framework.startup.launcher.LocalLauncher.lambda$launch$0(LocalLauncher.java:60)
	at java.base/java.lang.Thread.run(Thread.java:840)
10340 18:25:13.403 [Thread-8] INFO  org.triplea.sound.ClipPlayer - Unable to create audio device, is there audio on the system? Cannot create AudioDevice
javazoom.jl.decoder.JavaLayerException: Cannot create AudioDevice
	at javazoom.jl.player.FactoryRegistry.createAudioDevice(FactoryRegistry.java:97)
	at org.triplea.sound.ClipPlayer.hasAudio(ClipPlayer.java:144)
	at org.triplea.sound.ClipPlayer.isSoundEnabled(ClipPlayer.java:251)
	at org.triplea.sound.ClipPlayer.play(ClipPlayer.java:220)
	at org.triplea.sound.DefaultSoundChannel.playSoundForAll(DefaultSoundChannel.java:22)
	at java.base/jdk.internal.reflect.NativeMethodAccessorImpl.invoke0(Native Method)
	at java.base/jdk.internal.reflect.NativeMethodAccessorImpl.invoke(NativeMethodAccessorImpl.java:77)
	at java.base/jdk.internal.reflect.DelegatingMethodAccessorImpl.invoke(DelegatingMethodAccessorImpl.java:43)
	at java.base/java.lang.reflect.Method.invoke(Method.java:569)
	at games.strategy.engine.message.unifiedmessenger.EndPoint.invokeSingle(EndPoint.java:137)
	at games.strategy.engine.message.unifiedmessenger.EndPoint.lambda$invokeMultiple$0(EndPoint.java:121)
	at java.base/java.util.stream.ReferencePipeline$3$1.accept(ReferencePipeline.java:197)
	at java.base/java.util.Spliterators$ArraySpliterator.forEachRemaining(Spliterators.java:992)
	at java.base/java.util.stream.AbstractPipeline.copyInto(AbstractPipeline.java:509)
	at java.base/java.util.stream.AbstractPipeline.wrapAndCopyInto(AbstractPipeline.java:499)
	at java.base/java.util.stream.ReduceOps$ReduceOp.evaluateSequential(ReduceOps.java:921)
	at java.base/java.util.stream.AbstractPipeline.evaluate(AbstractPipeline.java:234)
	at java.base/java.util.stream.ReferencePipeline.collect(ReferencePipeline.java:682)
	at games.strategy.engine.message.unifiedmessenger.EndPoint.invokeMultiple(EndPoint.java:122)
	at games.strategy.engine.message.unifiedmessenger.EndPoint.invokeLocal(EndPoint.java:112)
	at games.strategy.engine.message.unifiedmessenger.UnifiedMessenger.invoke(UnifiedMessenger.java:153)
	at games.strategy.engine.message.UnifiedInvocationHandler.invoke(UnifiedInvocationHandler.java:47)
	at jdk.proxy2/jdk.proxy2.$Proxy25.playSoundForAll(Unknown Source)
	at java.base/jdk.internal.reflect.NativeMethodAccessorImpl.invoke0(Native Method)
	at java.base/jdk.internal.reflect.NativeMethodAccessorImpl.invoke(NativeMethodAccessorImpl.java:77)
	at java.base/jdk.internal.reflect.DelegatingMethodAccessorImpl.invoke(DelegatingMethodAccessorImpl.java:43)
	at java.base/java.lang.reflect.Method.invoke(Method.java:569)
	at games.strategy.engine.delegate.DelegateExecutionManager.lambda$newOutboundImplementation$1(DelegateExecutionManager.java:79)
	at jdk.proxy2/jdk.proxy2.$Proxy25.playSoundForAll(Unknown Source)
	at games.strategy.triplea.delegate.battle.BattleTracker.takeOver(BattleTracker.java:794)
	at games.strategy.triplea.delegate.battle.BattleTracker.addEmptyBattle(BattleTracker.java:523)
	at games.strategy.triplea.delegate.battle.BattleTracker.addBattle(BattleTracker.java:345)
	at games.strategy.triplea.delegate.battle.BattleTracker.addBattle(BattleTracker.java:293)
	at games.strategy.triplea.delegate.MovePerformer$3.execute(MovePerformer.java:267)
	at games.strategy.triplea.delegate.ExecutionStack.execute(ExecutionStack.java:34)
	at games.strategy.triplea.delegate.MovePerformer.populateStack(MovePerformer.java:324)
	at games.strategy.triplea.delegate.MovePerformer.moveUnits(MovePerformer.java:81)
	at games.strategy.triplea.delegate.MoveDelegate.performMove(MoveDelegate.java:675)
	at java.base/jdk.internal.reflect.NativeMethodAccessorImpl.invoke0(Native Method)
	at java.base/jdk.internal.reflect.NativeMethodAccessorImpl.invoke(NativeMethodAccessorImpl.java:77)
	at java.base/jdk.internal.reflect.DelegatingMethodAccessorImpl.invoke(DelegatingMethodAccessorImpl.java:43)
	at java.base/java.lang.reflect.Method.invoke(Method.java:569)
	at games.strategy.engine.delegate.DelegateExecutionManager$1.invoke(DelegateExecutionManager.java:120)
	at jdk.proxy2/jdk.proxy2.$Proxy14.performMove(Unknown Source)
	at java.base/jdk.internal.reflect.NativeMethodAccessorImpl.invoke0(Native Method)
	at java.base/jdk.internal.reflect.NativeMethodAccessorImpl.invoke(NativeMethodAccessorImpl.java:77)
	at java.base/jdk.internal.reflect.DelegatingMethodAccessorImpl.invoke(DelegatingMethodAccessorImpl.java:43)
	at java.base/java.lang.reflect.Method.invoke(Method.java:569)
	at games.strategy.engine.message.unifiedmessenger.EndPoint.invokeSingle(EndPoint.java:137)
	at games.strategy.engine.message.unifiedmessenger.EndPoint.lambda$invokeMultiple$0(EndPoint.java:121)
	at java.base/java.util.stream.ReferencePipeline$3$1.accept(ReferencePipeline.java:197)
	at java.base/java.util.Spliterators$ArraySpliterator.forEachRemaining(Spliterators.java:992)
	at java.base/java.util.stream.AbstractPipeline.copyInto(AbstractPipeline.java:509)
	at java.base/java.util.stream.AbstractPipeline.wrapAndCopyInto(AbstractPipeline.java:499)
	at java.base/java.util.stream.ReduceOps$ReduceOp.evaluateSequential(ReduceOps.java:921)
	at java.base/java.util.stream.AbstractPipeline.evaluate(AbstractPipeline.java:234)
	at java.base/java.util.stream.ReferencePipeline.collect(ReferencePipeline.java:682)
	at games.strategy.engine.message.unifiedmessenger.EndPoint.invokeMultiple(EndPoint.java:122)
	at games.strategy.engine.message.unifiedmessenger.EndPoint.invokeLocal(EndPoint.java:112)
	at games.strategy.engine.message.unifiedmessenger.UnifiedMessenger.invokeAndWait(UnifiedMessenger.java:97)
	at games.strategy.engine.message.UnifiedInvocationHandler.invoke(UnifiedInvocationHandler.java:55)
	at jdk.proxy2/jdk.proxy2.$Proxy14.performMove(Unknown Source)
	at java.base/jdk.internal.reflect.NativeMethodAccessorImpl.invoke0(Native Method)
	at java.base/jdk.internal.reflect.NativeMethodAccessorImpl.invoke(NativeMethodAccessorImpl.java:77)
	at java.base/jdk.internal.reflect.DelegatingMethodAccessorImpl.invoke(DelegatingMethodAccessorImpl.java:43)
	at java.base/java.lang.reflect.Method.invoke(Method.java:569)
	at games.strategy.engine.player.PlayerBridge$GameOverInvocationHandler.invoke(PlayerBridge.java:151)
	at jdk.proxy2/jdk.proxy2.$Proxy14.performMove(Unknown Source)
	at games.strategy.triplea.ai.weak.WeakAi.doMove(WeakAi.java:237)
	at games.strategy.triplea.ai.weak.WeakAi.doCombatMove(WeakAi.java:152)
	at games.strategy.triplea.ai.weak.WeakAi.move(WeakAi.java:124)
	at games.strategy.triplea.ai.AbstractAi.start(AbstractAi.java:521)
	at games.strategy.engine.framework.ServerGame.waitForPlayerToFinishStep(ServerGame.java:648)
	at games.strategy.engine.framework.ServerGame.runStep(ServerGame.java:478)
	at games.strategy.engine.framework.ServerGame.runNextStep(ServerGame.java:365)
	at games.strategy.engine.framework.ServerGame.startGame(ServerGame.java:333)
	at games.strategy.engine.framework.startup.launcher.LocalLauncher.launchInternal(LocalLauncher.java:92)
	at games.strategy.engine.framework.startup.launcher.LocalLauncher.lambda$launch$0(LocalLauncher.java:60)
	at java.base/java.lang.Thread.run(Thread.java:840)
10966 18:25:14.029 [Thread-8] INFO  org.triplea.sound.ClipPlayer - Unable to create audio device, is there audio on the system? Cannot create AudioDevice
javazoom.jl.decoder.JavaLayerException: Cannot create AudioDevice
	at javazoom.jl.player.FactoryRegistry.createAudioDevice(FactoryRegistry.java:97)
	at org.triplea.sound.ClipPlayer.hasAudio(ClipPlayer.java:144)
	at org.triplea.sound.ClipPlayer.isSoundEnabled(ClipPlayer.java:251)
	at org.triplea.sound.ClipPlayer.play(ClipPlayer.java:220)
	at org.triplea.sound.DefaultSoundChannel.playSoundForAll(DefaultSoundChannel.java:22)
	at java.base/jdk.internal.reflect.NativeMethodAccessorImpl.invoke0(Native Method)
	at java.base/jdk.internal.reflect.NativeMethodAccessorImpl.invoke(NativeMethodAccessorImpl.java:77)
	at java.base/jdk.internal.reflect.DelegatingMethodAccessorImpl.invoke(DelegatingMethodAccessorImpl.java:43)
	at java.base/java.lang.reflect.Method.invoke(Method.java:569)
	at games.strategy.engine.message.unifiedmessenger.EndPoint.invokeSingle(EndPoint.java:137)
	at games.strategy.engine.message.unifiedmessenger.EndPoint.lambda$invokeMultiple$0(EndPoint.java:121)
	at java.base/java.util.stream.ReferencePipeline$3$1.accept(ReferencePipeline.java:197)
	at java.base/java.util.Spliterators$ArraySpliterator.forEachRemaining(Spliterators.java:992)
	at java.base/java.util.stream.AbstractPipeline.copyInto(AbstractPipeline.java:509)
	at java.base/java.util.stream.AbstractPipeline.wrapAndCopyInto(AbstractPipeline.java:499)
	at java.base/java.util.stream.ReduceOps$ReduceOp.evaluateSequential(ReduceOps.java:921)
	at java.base/java.util.stream.AbstractPipeline.evaluate(AbstractPipeline.java:234)
	at java.base/java.util.stream.ReferencePipeline.collect(ReferencePipeline.java:682)
	at games.strategy.engine.message.unifiedmessenger.EndPoint.invokeMultiple(EndPoint.java:122)
	at games.strategy.engine.message.unifiedmessenger.EndPoint.invokeLocal(EndPoint.java:112)
	at games.strategy.engine.message.unifiedmessenger.UnifiedMessenger.invoke(UnifiedMessenger.java:153)
	at games.strategy.engine.message.UnifiedInvocationHandler.invoke(UnifiedInvocationHandler.java:47)
	at jdk.proxy2/jdk.proxy2.$Proxy25.playSoundForAll(Unknown Source)
	at java.base/jdk.internal.reflect.NativeMethodAccessorImpl.invoke0(Native Method)
	at java.base/jdk.internal.reflect.NativeMethodAccessorImpl.invoke(NativeMethodAccessorImpl.java:77)
	at java.base/jdk.internal.reflect.DelegatingMethodAccessorImpl.invoke(DelegatingMethodAccessorImpl.java:43)
	at java.base/java.lang.reflect.Method.invoke(Method.java:569)
	at games.strategy.engine.delegate.DelegateExecutionManager.lambda$newOutboundImplementation$1(DelegateExecutionManager.java:79)
	at jdk.proxy2/jdk.proxy2.$Proxy25.playSoundForAll(Unknown Source)
	at games.strategy.triplea.delegate.battle.BattleTracker.takeOver(BattleTracker.java:794)
	at games.strategy.triplea.delegate.battle.BattleTracker.addEmptyBattle(BattleTracker.java:523)
	at games.strategy.triplea.delegate.battle.BattleTracker.addBattle(BattleTracker.java:345)
	at games.strategy.triplea.delegate.battle.BattleTracker.addBattle(BattleTracker.java:293)
	at games.strategy.triplea.delegate.MovePerformer$3.execute(MovePerformer.java:267)
	at games.strategy.triplea.delegate.ExecutionStack.execute(ExecutionStack.java:34)
	at games.strategy.triplea.delegate.MovePerformer.populateStack(MovePerformer.java:324)
	at games.strategy.triplea.delegate.MovePerformer.moveUnits(MovePerformer.java:81)
	at games.strategy.triplea.delegate.MoveDelegate.performMove(MoveDelegate.java:675)
	at jdk.internal.reflect.GeneratedMethodAccessor41.invoke(Unknown Source)
	at java.base/jdk.internal.reflect.DelegatingMethodAccessorImpl.invoke(DelegatingMethodAccessorImpl.java:43)
	at java.base/java.lang.reflect.Method.invoke(Method.java:569)
	at games.strategy.engine.delegate.DelegateExecutionManager$1.invoke(DelegateExecutionManager.java:120)
	at jdk.proxy2/jdk.proxy2.$Proxy14.performMove(Unknown Source)
	at java.base/jdk.internal.reflect.NativeMethodAccessorImpl.invoke0(Native Method)
	at java.base/jdk.internal.reflect.NativeMethodAccessorImpl.invoke(NativeMethodAccessorImpl.java:77)
	at java.base/jdk.internal.reflect.DelegatingMethodAccessorImpl.invoke(DelegatingMethodAccessorImpl.java:43)
	at java.base/java.lang.reflect.Method.invoke(Method.java:569)
	at games.strategy.engine.message.unifiedmessenger.EndPoint.invokeSingle(EndPoint.java:137)
	at games.strategy.engine.message.unifiedmessenger.EndPoint.lambda$invokeMultiple$0(EndPoint.java:121)
	at java.base/java.util.stream.ReferencePipeline$3$1.accept(ReferencePipeline.java:197)
	at java.base/java.util.Spliterators$ArraySpliterator.forEachRemaining(Spliterators.java:992)
	at java.base/java.util.stream.AbstractPipeline.copyInto(AbstractPipeline.java:509)
	at java.base/java.util.stream.AbstractPipeline.wrapAndCopyInto(AbstractPipeline.java:499)
	at java.base/java.util.stream.ReduceOps$ReduceOp.evaluateSequential(ReduceOps.java:921)
	at java.base/java.util.stream.AbstractPipeline.evaluate(AbstractPipeline.java:234)
	at java.base/java.util.stream.ReferencePipeline.collect(ReferencePipeline.java:682)
	at games.strategy.engine.message.unifiedmessenger.EndPoint.invokeMultiple(EndPoint.java:122)
	at games.strategy.engine.message.unifiedmessenger.EndPoint.invokeLocal(EndPoint.java:112)
	at games.strategy.engine.message.unifiedmessenger.UnifiedMessenger.invokeAndWait(UnifiedMessenger.java:97)
	at games.strategy.engine.message.UnifiedInvocationHandler.invoke(UnifiedInvocationHandler.java:55)
	at jdk.proxy2/jdk.proxy2.$Proxy14.performMove(Unknown Source)
	at jdk.internal.reflect.GeneratedMethodAccessor41.invoke(Unknown Source)
	at java.base/jdk.internal.reflect.DelegatingMethodAccessorImpl.invoke(DelegatingMethodAccessorImpl.java:43)
	at java.base/java.lang.reflect.Method.invoke(Method.java:569)
	at games.strategy.engine.player.PlayerBridge$GameOverInvocationHandler.invoke(PlayerBridge.java:151)
	at jdk.proxy2/jdk.proxy2.$Proxy14.performMove(Unknown Source)
	at games.strategy.triplea.ai.weak.WeakAi.doMove(WeakAi.java:237)
	at games.strategy.triplea.ai.weak.WeakAi.doCombatMove(WeakAi.java:152)
	at games.strategy.triplea.ai.weak.WeakAi.move(WeakAi.java:124)
	at games.strategy.triplea.ai.AbstractAi.start(AbstractAi.java:521)
	at games.strategy.engine.framework.ServerGame.waitForPlayerToFinishStep(ServerGame.java:648)
	at games.strategy.engine.framework.ServerGame.runStep(ServerGame.java:478)
	at games.strategy.engine.framework.ServerGame.runNextStep(ServerGame.java:365)
	at games.strategy.engine.framework.ServerGame.startGame(ServerGame.java:333)
	at games.strategy.engine.framework.startup.launcher.LocalLauncher.launchInternal(LocalLauncher.java:92)
	at games.strategy.engine.framework.startup.launcher.LocalLauncher.lambda$launch$0(LocalLauncher.java:60)
	at java.base/java.lang.Thread.run(Thread.java:840)
13236 18:25:16.299 [Thread-8] INFO  org.triplea.sound.ClipPlayer - Unable to create audio device, is there audio on the system? Cannot create AudioDevice
javazoom.jl.decoder.JavaLayerException: Cannot create AudioDevice
	at javazoom.jl.player.FactoryRegistry.createAudioDevice(FactoryRegistry.java:97)
	at org.triplea.sound.ClipPlayer.hasAudio(ClipPlayer.java:144)
	at org.triplea.sound.ClipPlayer.isSoundEnabled(ClipPlayer.java:251)
	at org.triplea.sound.ClipPlayer.play(ClipPlayer.java:220)
	at org.triplea.sound.DefaultSoundChannel.playSoundForAll(DefaultSoundChannel.java:22)
	at java.base/jdk.internal.reflect.NativeMethodAccessorImpl.invoke0(Native Method)
	at java.base/jdk.internal.reflect.NativeMethodAccessorImpl.invoke(NativeMethodAccessorImpl.java:77)
	at java.base/jdk.internal.reflect.DelegatingMethodAccessorImpl.invoke(DelegatingMethodAccessorImpl.java:43)
	at java.base/java.lang.reflect.Method.invoke(Method.java:569)
	at games.strategy.engine.message.unifiedmessenger.EndPoint.invokeSingle(EndPoint.java:137)
	at games.strategy.engine.message.unifiedmessenger.EndPoint.lambda$invokeMultiple$0(EndPoint.java:121)
	at java.base/java.util.stream.ReferencePipeline$3$1.accept(ReferencePipeline.java:197)
	at java.base/java.util.Spliterators$ArraySpliterator.forEachRemaining(Spliterators.java:992)
	at java.base/java.util.stream.AbstractPipeline.copyInto(AbstractPipeline.java:509)
	at java.base/java.util.stream.AbstractPipeline.wrapAndCopyInto(AbstractPipeline.java:499)
	at java.base/java.util.stream.ReduceOps$ReduceOp.evaluateSequential(ReduceOps.java:921)
	at java.base/java.util.stream.AbstractPipeline.evaluate(AbstractPipeline.java:234)
	at java.base/java.util.stream.ReferencePipeline.collect(ReferencePipeline.java:682)
	at games.strategy.engine.message.unifiedmessenger.EndPoint.invokeMultiple(EndPoint.java:122)
	at games.strategy.engine.message.unifiedmessenger.EndPoint.invokeLocal(EndPoint.java:112)
	at games.strategy.engine.message.unifiedmessenger.UnifiedMessenger.invoke(UnifiedMessenger.java:153)
	at games.strategy.engine.message.UnifiedInvocationHandler.invoke(UnifiedInvocationHandler.java:47)
	at jdk.proxy2/jdk.proxy2.$Proxy25.playSoundForAll(Unknown Source)
	at java.base/jdk.internal.reflect.NativeMethodAccessorImpl.invoke0(Native Method)
	at java.base/jdk.internal.reflect.NativeMethodAccessorImpl.invoke(NativeMethodAccessorImpl.java:77)
	at java.base/jdk.internal.reflect.DelegatingMethodAccessorImpl.invoke(DelegatingMethodAccessorImpl.java:43)
	at java.base/java.lang.reflect.Method.invoke(Method.java:569)
	at games.strategy.engine.delegate.DelegateExecutionManager.lambda$newOutboundImplementation$1(DelegateExecutionManager.java:79)
	at jdk.proxy2/jdk.proxy2.$Proxy25.playSoundForAll(Unknown Source)
	at games.strategy.triplea.delegate.AbstractPlaceDelegate.placeUnits(AbstractPlaceDelegate.java:302)
	at games.strategy.triplea.delegate.AbstractPlaceDelegate.placeUnits(AbstractPlaceDelegate.java:201)
	at java.base/jdk.internal.reflect.NativeMethodAccessorImpl.invoke0(Native Method)
	at java.base/jdk.internal.reflect.NativeMethodAccessorImpl.invoke(NativeMethodAccessorImpl.java:77)
	at java.base/jdk.internal.reflect.DelegatingMethodAccessorImpl.invoke(DelegatingMethodAccessorImpl.java:43)
	at java.base/java.lang.reflect.Method.invoke(Method.java:569)
	at games.strategy.engine.delegate.DelegateExecutionManager$1.invoke(DelegateExecutionManager.java:120)
	at jdk.proxy2/jdk.proxy2.$Proxy16.placeUnits(Unknown Source)
	at java.base/jdk.internal.reflect.NativeMethodAccessorImpl.invoke0(Native Method)
	at java.base/jdk.internal.reflect.NativeMethodAccessorImpl.invoke(NativeMethodAccessorImpl.java:77)
	at java.base/jdk.internal.reflect.DelegatingMethodAccessorImpl.invoke(DelegatingMethodAccessorImpl.java:43)
	at java.base/java.lang.reflect.Method.invoke(Method.java:569)
	at games.strategy.engine.message.unifiedmessenger.EndPoint.invokeSingle(EndPoint.java:137)
	at games.strategy.engine.message.unifiedmessenger.EndPoint.lambda$invokeMultiple$0(EndPoint.java:121)
	at java.base/java.util.stream.ReferencePipeline$3$1.accept(ReferencePipeline.java:197)
	at java.base/java.util.Spliterators$ArraySpliterator.forEachRemaining(Spliterators.java:992)
	at java.base/java.util.stream.AbstractPipeline.copyInto(AbstractPipeline.java:509)
	at java.base/java.util.stream.AbstractPipeline.wrapAndCopyInto(AbstractPipeline.java:499)
	at java.base/java.util.stream.ReduceOps$ReduceOp.evaluateSequential(ReduceOps.java:921)
	at java.base/java.util.stream.AbstractPipeline.evaluate(AbstractPipeline.java:234)
	at java.base/java.util.stream.ReferencePipeline.collect(ReferencePipeline.java:682)
	at games.strategy.engine.message.unifiedmessenger.EndPoint.invokeMultiple(EndPoint.java:122)
	at games.strategy.engine.message.unifiedmessenger.EndPoint.invokeLocal(EndPoint.java:112)
	at games.strategy.engine.message.unifiedmessenger.UnifiedMessenger.invokeAndWait(UnifiedMessenger.java:97)
	at games.strategy.engine.message.UnifiedInvocationHandler.invoke(UnifiedInvocationHandler.java:55)
	at jdk.proxy2/jdk.proxy2.$Proxy16.placeUnits(Unknown Source)
	at java.base/jdk.internal.reflect.NativeMethodAccessorImpl.invoke0(Native Method)
	at java.base/jdk.internal.reflect.NativeMethodAccessorImpl.invoke(NativeMethodAccessorImpl.java:77)
	at java.base/jdk.internal.reflect.DelegatingMethodAccessorImpl.invoke(DelegatingMethodAccessorImpl.java:43)
	at java.base/java.lang.reflect.Method.invoke(Method.java:569)
	at games.strategy.engine.player.PlayerBridge$GameOverInvocationHandler.invoke(PlayerBridge.java:151)
	at jdk.proxy2/jdk.proxy2.$Proxy16.placeUnits(Unknown Source)
	at games.strategy.triplea.ai.weak.WeakAi.doPlace(WeakAi.java:1110)
	at games.strategy.triplea.ai.weak.WeakAi.placeAllWeCanOn(WeakAi.java:1104)
	at games.strategy.triplea.ai.weak.WeakAi.lambda$place$15(WeakAi.java:1054)
	at java.base/java.util.Optional.ifPresent(Optional.java:178)
	at games.strategy.triplea.ai.weak.WeakAi.place(WeakAi.java:1054)
	at games.strategy.triplea.ai.AbstractAi.start(AbstractAi.java:531)
	at games.strategy.engine.framework.ServerGame.waitForPlayerToFinishStep(ServerGame.java:648)
	at games.strategy.engine.framework.ServerGame.runStep(ServerGame.java:478)
	at games.strategy.engine.framework.ServerGame.runNextStep(ServerGame.java:365)
	at games.strategy.engine.framework.ServerGame.startGame(ServerGame.java:333)
	at games.strategy.engine.framework.startup.launcher.LocalLauncher.launchInternal(LocalLauncher.java:92)
	at games.strategy.engine.framework.startup.launcher.LocalLauncher.lambda$launch$0(LocalLauncher.java:60)
	at java.base/java.lang.Thread.run(Thread.java:840)
14102 18:25:17.165 [Thread-8] INFO  org.triplea.sound.ClipPlayer - Unable to create audio device, is there audio on the system? Cannot create AudioDevice
javazoom.jl.decoder.JavaLayerException: Cannot create AudioDevice
	at javazoom.jl.player.FactoryRegistry.createAudioDevice(FactoryRegistry.java:97)
	at org.triplea.sound.ClipPlayer.hasAudio(ClipPlayer.java:144)
	at org.triplea.sound.ClipPlayer.isSoundEnabled(ClipPlayer.java:251)
	at org.triplea.sound.ClipPlayer.play(ClipPlayer.java:220)
	at org.triplea.sound.DefaultSoundChannel.playSoundForAll(DefaultSoundChannel.java:22)
	at java.base/jdk.internal.reflect.NativeMethodAccessorImpl.invoke0(Native Method)
	at java.base/jdk.internal.reflect.NativeMethodAccessorImpl.invoke(NativeMethodAccessorImpl.java:77)
	at java.base/jdk.internal.reflect.DelegatingMethodAccessorImpl.invoke(DelegatingMethodAccessorImpl.java:43)
	at java.base/java.lang.reflect.Method.invoke(Method.java:569)
	at games.strategy.engine.message.unifiedmessenger.EndPoint.invokeSingle(EndPoint.java:137)
	at games.strategy.engine.message.unifiedmessenger.EndPoint.lambda$invokeMultiple$0(EndPoint.java:121)
	at java.base/java.util.stream.ReferencePipeline$3$1.accept(ReferencePipeline.java:197)
	at java.base/java.util.Spliterators$ArraySpliterator.forEachRemaining(Spliterators.java:992)
	at java.base/java.util.stream.AbstractPipeline.copyInto(AbstractPipeline.java:509)
	at java.base/java.util.stream.AbstractPipeline.wrapAndCopyInto(AbstractPipeline.java:499)
	at java.base/java.util.stream.ReduceOps$ReduceOp.evaluateSequential(ReduceOps.java:921)
	at java.base/java.util.stream.AbstractPipeline.evaluate(AbstractPipeline.java:234)
	at java.base/java.util.stream.ReferencePipeline.collect(ReferencePipeline.java:682)
	at games.strategy.engine.message.unifiedmessenger.EndPoint.invokeMultiple(EndPoint.java:122)
	at games.strategy.engine.message.unifiedmessenger.EndPoint.invokeLocal(EndPoint.java:112)
	at games.strategy.engine.message.unifiedmessenger.UnifiedMessenger.invoke(UnifiedMessenger.java:153)
	at games.strategy.engine.message.UnifiedInvocationHandler.invoke(UnifiedInvocationHandler.java:47)
	at jdk.proxy2/jdk.proxy2.$Proxy25.playSoundForAll(Unknown Source)
	at java.base/jdk.internal.reflect.NativeMethodAccessorImpl.invoke0(Native Method)
	at java.base/jdk.internal.reflect.NativeMethodAccessorImpl.invoke(NativeMethodAccessorImpl.java:77)
	at java.base/jdk.internal.reflect.DelegatingMethodAccessorImpl.invoke(DelegatingMethodAccessorImpl.java:43)
	at java.base/java.lang.reflect.Method.invoke(Method.java:569)
	at games.strategy.engine.delegate.DelegateExecutionManager.lambda$newOutboundImplementation$1(DelegateExecutionManager.java:79)
	at jdk.proxy2/jdk.proxy2.$Proxy25.playSoundForAll(Unknown Source)
	at games.strategy.triplea.delegate.battle.BattleTracker.takeOver(BattleTracker.java:794)
	at games.strategy.triplea.delegate.battle.BattleTracker.addEmptyBattle(BattleTracker.java:523)
	at games.strategy.triplea.delegate.battle.BattleTracker.addBattle(BattleTracker.java:345)
	at games.strategy.triplea.delegate.battle.BattleTracker.addBattle(BattleTracker.java:293)
	at games.strategy.triplea.delegate.MovePerformer$3.execute(MovePerformer.java:267)
	at games.strategy.triplea.delegate.ExecutionStack.execute(ExecutionStack.java:34)
	at games.strategy.triplea.delegate.MovePerformer.populateStack(MovePerformer.java:324)
	at games.strategy.triplea.delegate.MovePerformer.moveUnits(MovePerformer.java:81)
	at games.strategy.triplea.delegate.MoveDelegate.performMove(MoveDelegate.java:675)
	at jdk.internal.reflect.GeneratedMethodAccessor41.invoke(Unknown Source)
	at java.base/jdk.internal.reflect.DelegatingMethodAccessorImpl.invoke(DelegatingMethodAccessorImpl.java:43)
	at java.base/java.lang.reflect.Method.invoke(Method.java:569)
	at games.strategy.engine.delegate.DelegateExecutionManager$1.invoke(DelegateExecutionManager.java:120)
	at jdk.proxy2/jdk.proxy2.$Proxy14.performMove(Unknown Source)
	at java.base/jdk.internal.reflect.NativeMethodAccessorImpl.invoke0(Native Method)
	at java.base/jdk.internal.reflect.NativeMethodAccessorImpl.invoke(NativeMethodAccessorImpl.java:77)
	at java.base/jdk.internal.reflect.DelegatingMethodAccessorImpl.invoke(DelegatingMethodAccessorImpl.java:43)
	at java.base/java.lang.reflect.Method.invoke(Method.java:569)
	at games.strategy.engine.message.unifiedmessenger.EndPoint.invokeSingle(EndPoint.java:137)
	at games.strategy.engine.message.unifiedmessenger.EndPoint.lambda$invokeMultiple$0(EndPoint.java:121)
	at java.base/java.util.stream.ReferencePipeline$3$1.accept(ReferencePipeline.java:197)
	at java.base/java.util.Spliterators$ArraySpliterator.forEachRemaining(Spliterators.java:992)
	at java.base/java.util.stream.AbstractPipeline.copyInto(AbstractPipeline.java:509)
	at java.base/java.util.stream.AbstractPipeline.wrapAndCopyInto(AbstractPipeline.java:499)
	at java.base/java.util.stream.ReduceOps$ReduceOp.evaluateSequential(ReduceOps.java:921)
	at java.base/java.util.stream.AbstractPipeline.evaluate(AbstractPipeline.java:234)
	at java.base/java.util.stream.ReferencePipeline.collect(ReferencePipeline.java:682)
	at games.strategy.engine.message.unifiedmessenger.EndPoint.invokeMultiple(EndPoint.java:122)
	at games.strategy.engine.message.unifiedmessenger.EndPoint.invokeLocal(EndPoint.java:112)
	at games.strategy.engine.message.unifiedmessenger.UnifiedMessenger.invokeAndWait(UnifiedMessenger.java:97)
	at games.strategy.engine.message.UnifiedInvocationHandler.invoke(UnifiedInvocationHandler.java:55)
	at jdk.proxy2/jdk.proxy2.$Proxy14.performMove(Unknown Source)
	at jdk.internal.reflect.GeneratedMethodAccessor41.invoke(Unknown Source)
	at java.base/jdk.internal.reflect.DelegatingMethodAccessorImpl.invoke(DelegatingMethodAccessorImpl.java:43)
	at java.base/java.lang.reflect.Method.invoke(Method.java:569)
	at games.strategy.engine.player.PlayerBridge$GameOverInvocationHandler.invoke(PlayerBridge.java:151)
	at jdk.proxy2/jdk.proxy2.$Proxy14.performMove(Unknown Source)
	at games.strategy.triplea.ai.weak.WeakAi.doMove(WeakAi.java:237)
	at games.strategy.triplea.ai.weak.WeakAi.doCombatMove(WeakAi.java:152)
	at games.strategy.triplea.ai.weak.WeakAi.move(WeakAi.java:124)
	at games.strategy.triplea.ai.AbstractAi.start(AbstractAi.java:521)
	at games.strategy.engine.framework.ServerGame.waitForPlayerToFinishStep(ServerGame.java:648)
	at games.strategy.engine.framework.ServerGame.runStep(ServerGame.java:478)
	at games.strategy.engine.framework.ServerGame.runNextStep(ServerGame.java:365)
	at games.strategy.engine.framework.ServerGame.startGame(ServerGame.java:333)
	at games.strategy.engine.framework.startup.launcher.LocalLauncher.launchInternal(LocalLauncher.java:92)
	at games.strategy.engine.framework.startup.launcher.LocalLauncher.lambda$launch$0(LocalLauncher.java:60)
	at java.base/java.lang.Thread.run(Thread.java:840)
14742 18:25:17.805 [Thread-8] INFO  org.triplea.sound.ClipPlayer - Unable to create audio device, is there audio on the system? Cannot create AudioDevice
javazoom.jl.decoder.JavaLayerException: Cannot create AudioDevice
	at javazoom.jl.player.FactoryRegistry.createAudioDevice(FactoryRegistry.java:97)
	at org.triplea.sound.ClipPlayer.hasAudio(ClipPlayer.java:144)
	at org.triplea.sound.ClipPlayer.isSoundEnabled(ClipPlayer.java:251)
	at org.triplea.sound.ClipPlayer.play(ClipPlayer.java:220)
	at org.triplea.sound.DefaultSoundChannel.playSoundForAll(DefaultSoundChannel.java:22)
	at java.base/jdk.internal.reflect.NativeMethodAccessorImpl.invoke0(Native Method)
	at java.base/jdk.internal.reflect.NativeMethodAccessorImpl.invoke(NativeMethodAccessorImpl.java:77)
	at java.base/jdk.internal.reflect.DelegatingMethodAccessorImpl.invoke(DelegatingMethodAccessorImpl.java:43)
	at java.base/java.lang.reflect.Method.invoke(Method.java:569)
	at games.strategy.engine.message.unifiedmessenger.EndPoint.invokeSingle(EndPoint.java:137)
	at games.strategy.engine.message.unifiedmessenger.EndPoint.lambda$invokeMultiple$0(EndPoint.java:121)
	at java.base/java.util.stream.ReferencePipeline$3$1.accept(ReferencePipeline.java:197)
	at java.base/java.util.Spliterators$ArraySpliterator.forEachRemaining(Spliterators.java:992)
	at java.base/java.util.stream.AbstractPipeline.copyInto(AbstractPipeline.java:509)
	at java.base/java.util.stream.AbstractPipeline.wrapAndCopyInto(AbstractPipeline.java:499)
	at java.base/java.util.stream.ReduceOps$ReduceOp.evaluateSequential(ReduceOps.java:921)
	at java.base/java.util.stream.AbstractPipeline.evaluate(AbstractPipeline.java:234)
	at java.base/java.util.stream.ReferencePipeline.collect(ReferencePipeline.java:682)
	at games.strategy.engine.message.unifiedmessenger.EndPoint.invokeMultiple(EndPoint.java:122)
	at games.strategy.engine.message.unifiedmessenger.EndPoint.invokeLocal(EndPoint.java:112)
	at games.strategy.engine.message.unifiedmessenger.UnifiedMessenger.invoke(UnifiedMessenger.java:153)
	at games.strategy.engine.message.UnifiedInvocationHandler.invoke(UnifiedInvocationHandler.java:47)
	at jdk.proxy2/jdk.proxy2.$Proxy25.playSoundForAll(Unknown Source)
	at java.base/jdk.internal.reflect.NativeMethodAccessorImpl.invoke0(Native Method)
	at java.base/jdk.internal.reflect.NativeMethodAccessorImpl.invoke(NativeMethodAccessorImpl.java:77)
	at java.base/jdk.internal.reflect.DelegatingMethodAccessorImpl.invoke(DelegatingMethodAccessorImpl.java:43)
	at java.base/java.lang.reflect.Method.invoke(Method.java:569)
	at games.strategy.engine.delegate.DelegateExecutionManager.lambda$newOutboundImplementation$1(DelegateExecutionManager.java:79)
	at jdk.proxy2/jdk.proxy2.$Proxy25.playSoundForAll(Unknown Source)
	at games.strategy.triplea.delegate.battle.BattleTracker.takeOver(BattleTracker.java:794)
	at games.strategy.triplea.delegate.battle.BattleTracker.addEmptyBattle(BattleTracker.java:523)
	at games.strategy.triplea.delegate.battle.BattleTracker.addBattle(BattleTracker.java:345)
	at games.strategy.triplea.delegate.battle.BattleTracker.addBattle(BattleTracker.java:293)
	at games.strategy.triplea.delegate.MovePerformer$3.execute(MovePerformer.java:267)
	at games.strategy.triplea.delegate.ExecutionStack.execute(ExecutionStack.java:34)
	at games.strategy.triplea.delegate.MovePerformer.populateStack(MovePerformer.java:324)
	at games.strategy.triplea.delegate.MovePerformer.moveUnits(MovePerformer.java:81)
	at games.strategy.triplea.delegate.MoveDelegate.performMove(MoveDelegate.java:675)
	at jdk.internal.reflect.GeneratedMethodAccessor41.invoke(Unknown Source)
	at java.base/jdk.internal.reflect.DelegatingMethodAccessorImpl.invoke(DelegatingMethodAccessorImpl.java:43)
	at java.base/java.lang.reflect.Method.invoke(Method.java:569)
	at games.strategy.engine.delegate.DelegateExecutionManager$1.invoke(DelegateExecutionManager.java:120)
	at jdk.proxy2/jdk.proxy2.$Proxy14.performMove(Unknown Source)
	at java.base/jdk.internal.reflect.NativeMethodAccessorImpl.invoke0(Native Method)
	at java.base/jdk.internal.reflect.NativeMethodAccessorImpl.invoke(NativeMethodAccessorImpl.java:77)
	at java.base/jdk.internal.reflect.DelegatingMethodAccessorImpl.invoke(DelegatingMethodAccessorImpl.java:43)
	at java.base/java.lang.reflect.Method.invoke(Method.java:569)
	at games.strategy.engine.message.unifiedmessenger.EndPoint.invokeSingle(EndPoint.java:137)
	at games.strategy.engine.message.unifiedmessenger.EndPoint.lambda$invokeMultiple$0(EndPoint.java:121)
	at java.base/java.util.stream.ReferencePipeline$3$1.accept(ReferencePipeline.java:197)
	at java.base/java.util.Spliterators$ArraySpliterator.forEachRemaining(Spliterators.java:992)
	at java.base/java.util.stream.AbstractPipeline.copyInto(AbstractPipeline.java:509)
	at java.base/java.util.stream.AbstractPipeline.wrapAndCopyInto(AbstractPipeline.java:499)
	at java.base/java.util.stream.ReduceOps$ReduceOp.evaluateSequential(ReduceOps.java:921)
	at java.base/java.util.stream.AbstractPipeline.evaluate(AbstractPipeline.java:234)
	at java.base/java.util.stream.ReferencePipeline.collect(ReferencePipeline.java:682)
	at games.strategy.engine.message.unifiedmessenger.EndPoint.invokeMultiple(EndPoint.java:122)
	at games.strategy.engine.message.unifiedmessenger.EndPoint.invokeLocal(EndPoint.java:112)
	at games.strategy.engine.message.unifiedmessenger.UnifiedMessenger.invokeAndWait(UnifiedMessenger.java:97)
	at games.strategy.engine.message.UnifiedInvocationHandler.invoke(UnifiedInvocationHandler.java:55)
	at jdk.proxy2/jdk.proxy2.$Proxy14.performMove(Unknown Source)
	at jdk.internal.reflect.GeneratedMethodAccessor41.invoke(Unknown Source)
	at java.base/jdk.internal.reflect.DelegatingMethodAccessorImpl.invoke(DelegatingMethodAccessorImpl.java:43)
	at java.base/java.lang.reflect.Method.invoke(Method.java:569)
	at games.strategy.engine.player.PlayerBridge$GameOverInvocationHandler.invoke(PlayerBridge.java:151)
	at jdk.proxy2/jdk.proxy2.$Proxy14.performMove(Unknown Source)
	at games.strategy.triplea.ai.weak.WeakAi.doMove(WeakAi.java:237)
	at games.strategy.triplea.ai.weak.WeakAi.doCombatMove(WeakAi.java:152)
	at games.strategy.triplea.ai.weak.WeakAi.move(WeakAi.java:124)
	at games.strategy.triplea.ai.AbstractAi.start(AbstractAi.java:521)
	at games.strategy.engine.framework.ServerGame.waitForPlayerToFinishStep(ServerGame.java:648)
	at games.strategy.engine.framework.ServerGame.runStep(ServerGame.java:478)
	at games.strategy.engine.framework.ServerGame.runNextStep(ServerGame.java:365)
	at games.strategy.engine.framework.ServerGame.startGame(ServerGame.java:333)
	at games.strategy.engine.framework.startup.launcher.LocalLauncher.launchInternal(LocalLauncher.java:92)
	at games.strategy.engine.framework.startup.launcher.LocalLauncher.lambda$launch$0(LocalLauncher.java:60)
	at java.base/java.lang.Thread.run(Thread.java:840)
17037 18:25:20.100 [Thread-8] INFO  org.triplea.sound.ClipPlayer - Unable to create audio device, is there audio on the system? Cannot create AudioDevice
javazoom.jl.decoder.JavaLayerException: Cannot create AudioDevice
	at javazoom.jl.player.FactoryRegistry.createAudioDevice(FactoryRegistry.java:97)
	at org.triplea.sound.ClipPlayer.hasAudio(ClipPlayer.java:144)
	at org.triplea.sound.ClipPlayer.isSoundEnabled(ClipPlayer.java:251)
	at org.triplea.sound.ClipPlayer.play(ClipPlayer.java:220)
	at org.triplea.sound.DefaultSoundChannel.playSoundForAll(DefaultSoundChannel.java:22)
	at java.base/jdk.internal.reflect.NativeMethodAccessorImpl.invoke0(Native Method)
	at java.base/jdk.internal.reflect.NativeMethodAccessorImpl.invoke(NativeMethodAccessorImpl.java:77)
	at java.base/jdk.internal.reflect.DelegatingMethodAccessorImpl.invoke(DelegatingMethodAccessorImpl.java:43)
	at java.base/java.lang.reflect.Method.invoke(Method.java:569)
	at games.strategy.engine.message.unifiedmessenger.EndPoint.invokeSingle(EndPoint.java:137)
	at games.strategy.engine.message.unifiedmessenger.EndPoint.lambda$invokeMultiple$0(EndPoint.java:121)
	at java.base/java.util.stream.ReferencePipeline$3$1.accept(ReferencePipeline.java:197)
	at java.base/java.util.Spliterators$ArraySpliterator.forEachRemaining(Spliterators.java:992)
	at java.base/java.util.stream.AbstractPipeline.copyInto(AbstractPipeline.java:509)
	at java.base/java.util.stream.AbstractPipeline.wrapAndCopyInto(AbstractPipeline.java:499)
	at java.base/java.util.stream.ReduceOps$ReduceOp.evaluateSequential(ReduceOps.java:921)
	at java.base/java.util.stream.AbstractPipeline.evaluate(AbstractPipeline.java:234)
	at java.base/java.util.stream.ReferencePipeline.collect(ReferencePipeline.java:682)
	at games.strategy.engine.message.unifiedmessenger.EndPoint.invokeMultiple(EndPoint.java:122)
	at games.strategy.engine.message.unifiedmessenger.EndPoint.invokeLocal(EndPoint.java:112)
	at games.strategy.engine.message.unifiedmessenger.UnifiedMessenger.invoke(UnifiedMessenger.java:153)
	at games.strategy.engine.message.UnifiedInvocationHandler.invoke(UnifiedInvocationHandler.java:47)
	at jdk.proxy2/jdk.proxy2.$Proxy25.playSoundForAll(Unknown Source)
	at java.base/jdk.internal.reflect.NativeMethodAccessorImpl.invoke0(Native Method)
	at java.base/jdk.internal.reflect.NativeMethodAccessorImpl.invoke(NativeMethodAccessorImpl.java:77)
	at java.base/jdk.internal.reflect.DelegatingMethodAccessorImpl.invoke(DelegatingMethodAccessorImpl.java:43)
	at java.base/java.lang.reflect.Method.invoke(Method.java:569)
	at games.strategy.engine.delegate.DelegateExecutionManager.lambda$newOutboundImplementation$1(DelegateExecutionManager.java:79)
	at jdk.proxy2/jdk.proxy2.$Proxy25.playSoundForAll(Unknown Source)
	at games.strategy.triplea.delegate.AbstractPlaceDelegate.placeUnits(AbstractPlaceDelegate.java:302)
	at games.strategy.triplea.delegate.AbstractPlaceDelegate.placeUnits(AbstractPlaceDelegate.java:201)
	at java.base/jdk.internal.reflect.NativeMethodAccessorImpl.invoke0(Native Method)
	at java.base/jdk.internal.reflect.NativeMethodAccessorImpl.invoke(NativeMethodAccessorImpl.java:77)
	at java.base/jdk.internal.reflect.DelegatingMethodAccessorImpl.invoke(DelegatingMethodAccessorImpl.java:43)
	at java.base/java.lang.reflect.Method.invoke(Method.java:569)
	at games.strategy.engine.delegate.DelegateExecutionManager$1.invoke(DelegateExecutionManager.java:120)
	at jdk.proxy2/jdk.proxy2.$Proxy16.placeUnits(Unknown Source)
	at java.base/jdk.internal.reflect.NativeMethodAccessorImpl.invoke0(Native Method)
	at java.base/jdk.internal.reflect.NativeMethodAccessorImpl.invoke(NativeMethodAccessorImpl.java:77)
	at java.base/jdk.internal.reflect.DelegatingMethodAccessorImpl.invoke(DelegatingMethodAccessorImpl.java:43)
	at java.base/java.lang.reflect.Method.invoke(Method.java:569)
	at games.strategy.engine.message.unifiedmessenger.EndPoint.invokeSingle(EndPoint.java:137)
	at games.strategy.engine.message.unifiedmessenger.EndPoint.lambda$invokeMultiple$0(EndPoint.java:121)
	at java.base/java.util.stream.ReferencePipeline$3$1.accept(ReferencePipeline.java:197)
	at java.base/java.util.Spliterators$ArraySpliterator.forEachRemaining(Spliterators.java:992)
	at java.base/java.util.stream.AbstractPipeline.copyInto(AbstractPipeline.java:509)
	at java.base/java.util.stream.AbstractPipeline.wrapAndCopyInto(AbstractPipeline.java:499)
	at java.base/java.util.stream.ReduceOps$ReduceOp.evaluateSequential(ReduceOps.java:921)
	at java.base/java.util.stream.AbstractPipeline.evaluate(AbstractPipeline.java:234)
	at java.base/java.util.stream.ReferencePipeline.collect(ReferencePipeline.java:682)
	at games.strategy.engine.message.unifiedmessenger.EndPoint.invokeMultiple(EndPoint.java:122)
	at games.strategy.engine.message.unifiedmessenger.EndPoint.invokeLocal(EndPoint.java:112)
	at games.strategy.engine.message.unifiedmessenger.UnifiedMessenger.invokeAndWait(UnifiedMessenger.java:97)
	at games.strategy.engine.message.UnifiedInvocationHandler.invoke(UnifiedInvocationHandler.java:55)
	at jdk.proxy2/jdk.proxy2.$Proxy16.placeUnits(Unknown Source)
	at java.base/jdk.internal.reflect.NativeMethodAccessorImpl.invoke0(Native Method)
	at java.base/jdk.internal.reflect.NativeMethodAccessorImpl.invoke(NativeMethodAccessorImpl.java:77)
	at java.base/jdk.internal.reflect.DelegatingMethodAccessorImpl.invoke(DelegatingMethodAccessorImpl.java:43)
	at java.base/java.lang.reflect.Method.invoke(Method.java:569)
	at games.strategy.engine.player.PlayerBridge$GameOverInvocationHandler.invoke(PlayerBridge.java:151)
	at jdk.proxy2/jdk.proxy2.$Proxy16.placeUnits(Unknown Source)
	at games.strategy.triplea.ai.weak.WeakAi.doPlace(WeakAi.java:1110)
	at games.strategy.triplea.ai.weak.WeakAi.placeAllWeCanOn(WeakAi.java:1104)
	at games.strategy.triplea.ai.weak.WeakAi.lambda$place$15(WeakAi.java:1054)
	at java.base/java.util.Optional.ifPresent(Optional.java:178)
	at games.strategy.triplea.ai.weak.WeakAi.place(WeakAi.java:1054)
	at games.strategy.triplea.ai.AbstractAi.start(AbstractAi.java:531)
	at games.strategy.engine.framework.ServerGame.waitForPlayerToFinishStep(ServerGame.java:648)
	at games.strategy.engine.framework.ServerGame.runStep(ServerGame.java:478)
	at games.strategy.engine.framework.ServerGame.runNextStep(ServerGame.java:365)
	at games.strategy.engine.framework.ServerGame.startGame(ServerGame.java:333)
	at games.strategy.engine.framework.startup.launcher.LocalLauncher.launchInternal(LocalLauncher.java:92)
	at games.strategy.engine.framework.startup.launcher.LocalLauncher.lambda$launch$0(LocalLauncher.java:60)
	at java.base/java.lang.Thread.run(Thread.java:840)
19182 18:25:22.245 [Thread-8] INFO  org.triplea.sound.ClipPlayer - Unable to create audio device, is there audio on the system? Cannot create AudioDevice
javazoom.jl.decoder.JavaLayerException: Cannot create AudioDevice
	at javazoom.jl.player.FactoryRegistry.createAudioDevice(FactoryRegistry.java:97)
	at org.triplea.sound.ClipPlayer.hasAudio(ClipPlayer.java:144)
	at org.triplea.sound.ClipPlayer.isSoundEnabled(ClipPlayer.java:251)
	at org.triplea.sound.ClipPlayer.play(ClipPlayer.java:220)
	at org.triplea.sound.DefaultSoundChannel.playSoundForAll(DefaultSoundChannel.java:22)
	at java.base/jdk.internal.reflect.NativeMethodAccessorImpl.invoke0(Native Method)
	at java.base/jdk.internal.reflect.NativeMethodAccessorImpl.invoke(NativeMethodAccessorImpl.java:77)
	at java.base/jdk.internal.reflect.DelegatingMethodAccessorImpl.invoke(DelegatingMethodAccessorImpl.java:43)
	at java.base/java.lang.reflect.Method.invoke(Method.java:569)
	at games.strategy.engine.message.unifiedmessenger.EndPoint.invokeSingle(EndPoint.java:137)
	at games.strategy.engine.message.unifiedmessenger.EndPoint.lambda$invokeMultiple$0(EndPoint.java:121)
	at java.base/java.util.stream.ReferencePipeline$3$1.accept(ReferencePipeline.java:197)
	at java.base/java.util.Spliterators$ArraySpliterator.forEachRemaining(Spliterators.java:992)
	at java.base/java.util.stream.AbstractPipeline.copyInto(AbstractPipeline.java:509)
	at java.base/java.util.stream.AbstractPipeline.wrapAndCopyInto(AbstractPipeline.java:499)
	at java.base/java.util.stream.ReduceOps$ReduceOp.evaluateSequential(ReduceOps.java:921)
	at java.base/java.util.stream.AbstractPipeline.evaluate(AbstractPipeline.java:234)
	at java.base/java.util.stream.ReferencePipeline.collect(ReferencePipeline.java:682)
	at games.strategy.engine.message.unifiedmessenger.EndPoint.invokeMultiple(EndPoint.java:122)
	at games.strategy.engine.message.unifiedmessenger.EndPoint.invokeLocal(EndPoint.java:112)
	at games.strategy.engine.message.unifiedmessenger.UnifiedMessenger.invoke(UnifiedMessenger.java:153)
	at games.strategy.engine.message.UnifiedInvocationHandler.invoke(UnifiedInvocationHandler.java:47)
	at jdk.proxy2/jdk.proxy2.$Proxy25.playSoundForAll(Unknown Source)
	at java.base/jdk.internal.reflect.NativeMethodAccessorImpl.invoke0(Native Method)
	at java.base/jdk.internal.reflect.NativeMethodAccessorImpl.invoke(NativeMethodAccessorImpl.java:77)
	at java.base/jdk.internal.reflect.DelegatingMethodAccessorImpl.invoke(DelegatingMethodAccessorImpl.java:43)
	at java.base/java.lang.reflect.Method.invoke(Method.java:569)
	at games.strategy.engine.delegate.DelegateExecutionManager.lambda$newOutboundImplementation$1(DelegateExecutionManager.java:79)
	at jdk.proxy2/jdk.proxy2.$Proxy25.playSoundForAll(Unknown Source)
	at games.strategy.triplea.delegate.battle.BattleTracker.takeOver(BattleTracker.java:794)
	at games.strategy.triplea.delegate.battle.BattleTracker.addEmptyBattle(BattleTracker.java:523)
	at games.strategy.triplea.delegate.battle.BattleTracker.addBattle(BattleTracker.java:345)
	at games.strategy.triplea.delegate.battle.BattleTracker.addBattle(BattleTracker.java:293)
	at games.strategy.triplea.delegate.MovePerformer$3.execute(MovePerformer.java:267)
	at games.strategy.triplea.delegate.ExecutionStack.execute(ExecutionStack.java:34)
	at games.strategy.triplea.delegate.MovePerformer.populateStack(MovePerformer.java:324)
	at games.strategy.triplea.delegate.MovePerformer.moveUnits(MovePerformer.java:81)
	at games.strategy.triplea.delegate.MoveDelegate.performMove(MoveDelegate.java:675)
	at jdk.internal.reflect.GeneratedMethodAccessor41.invoke(Unknown Source)
	at java.base/jdk.internal.reflect.DelegatingMethodAccessorImpl.invoke(DelegatingMethodAccessorImpl.java:43)
	at java.base/java.lang.reflect.Method.invoke(Method.java:569)
	at games.strategy.engine.delegate.DelegateExecutionManager$1.invoke(DelegateExecutionManager.java:120)
	at jdk.proxy2/jdk.proxy2.$Proxy14.performMove(Unknown Source)
	at jdk.internal.reflect.GeneratedMethodAccessor53.invoke(Unknown Source)
	at java.base/jdk.internal.reflect.DelegatingMethodAccessorImpl.invoke(DelegatingMethodAccessorImpl.java:43)
	at java.base/java.lang.reflect.Method.invoke(Method.java:569)
	at games.strategy.engine.message.unifiedmessenger.EndPoint.invokeSingle(EndPoint.java:137)
	at games.strategy.engine.message.unifiedmessenger.EndPoint.lambda$invokeMultiple$0(EndPoint.java:121)
	at java.base/java.util.stream.ReferencePipeline$3$1.accept(ReferencePipeline.java:197)
	at java.base/java.util.Spliterators$ArraySpliterator.forEachRemaining(Spliterators.java:992)
	at java.base/java.util.stream.AbstractPipeline.copyInto(AbstractPipeline.java:509)
	at java.base/java.util.stream.AbstractPipeline.wrapAndCopyInto(AbstractPipeline.java:499)
	at java.base/java.util.stream.ReduceOps$ReduceOp.evaluateSequential(ReduceOps.java:921)
	at java.base/java.util.stream.AbstractPipeline.evaluate(AbstractPipeline.java:234)
	at java.base/java.util.stream.ReferencePipeline.collect(ReferencePipeline.java:682)
	at games.strategy.engine.message.unifiedmessenger.EndPoint.invokeMultiple(EndPoint.java:122)
	at games.strategy.engine.message.unifiedmessenger.EndPoint.invokeLocal(EndPoint.java:112)
	at games.strategy.engine.message.unifiedmessenger.UnifiedMessenger.invokeAndWait(UnifiedMessenger.java:97)
	at games.strategy.engine.message.UnifiedInvocationHandler.invoke(UnifiedInvocationHandler.java:55)
	at jdk.proxy2/jdk.proxy2.$Proxy14.performMove(Unknown Source)
	at jdk.internal.reflect.GeneratedMethodAccessor41.invoke(Unknown Source)
	at java.base/jdk.internal.reflect.DelegatingMethodAccessorImpl.invoke(DelegatingMethodAccessorImpl.java:43)
	at java.base/java.lang.reflect.Method.invoke(Method.java:569)
	at games.strategy.engine.player.PlayerBridge$GameOverInvocationHandler.invoke(PlayerBridge.java:151)
	at jdk.proxy2/jdk.proxy2.$Proxy14.performMove(Unknown Source)
	at games.strategy.triplea.ai.tripleMind.util.ProMoveUtils.doMove(ProMoveUtils.java:431)
	at games.strategy.triplea.ai.tripleMind.AbstractTripleMindAi.move(AbstractTripleMindAi.java:222)
	at games.strategy.triplea.ai.AbstractAi.start(AbstractAi.java:521)
	at games.strategy.engine.framework.ServerGame.waitForPlayerToFinishStep(ServerGame.java:648)
	at games.strategy.engine.framework.ServerGame.runStep(ServerGame.java:478)
	at games.strategy.engine.framework.ServerGame.runNextStep(ServerGame.java:365)
	at games.strategy.engine.framework.ServerGame.startGame(ServerGame.java:333)
	at games.strategy.engine.framework.startup.launcher.LocalLauncher.launchInternal(LocalLauncher.java:92)
	at games.strategy.engine.framework.startup.launcher.LocalLauncher.lambda$launch$0(LocalLauncher.java:60)
	at java.base/java.lang.Thread.run(Thread.java:840)
502  18:26:04.090 [main] INFO  o.t.game.client.HeadedGameRunner - Launching game, version: 2.7+00000 
755  18:26:04.343 [Thread-5] DEBUG g.s.e.data.gameparser.GameParser - Parsing game XML: /storage/home/hcoda1/6/snayak89/triplea/downloadedMaps/capture_the_flag/map/games/capture_the_flag.xml
1702 18:26:05.290 [Thread-6] INFO  org.triplea.sound.ClipPlayer - Unable to create audio device, is there audio on the system? Cannot create AudioDevice
javazoom.jl.decoder.JavaLayerException: Cannot create AudioDevice
	at javazoom.jl.player.FactoryRegistry.createAudioDevice(FactoryRegistry.java:97)
	at org.triplea.sound.ClipPlayer.hasAudio(ClipPlayer.java:144)
	at org.triplea.sound.ClipPlayer.isSoundEnabled(ClipPlayer.java:251)
	at org.triplea.sound.ClipPlayer.play(ClipPlayer.java:220)
	at org.triplea.sound.ClipPlayer.play(ClipPlayer.java:209)
	at games.strategy.engine.framework.startup.mc.HeadedLaunchAction.startGame(HeadedLaunchAction.java:100)
	at games.strategy.triplea.TripleA.startGame(TripleA.java:62)
	at games.strategy.engine.framework.startup.launcher.LocalLauncher.loadGame(LocalLauncher.java:78)
	at games.strategy.engine.framework.startup.launcher.LocalLauncher.launch(LocalLauncher.java:59)
	at games.strategy.engine.framework.startup.ui.panels.main.MainPanelBuilder.lambda$launch$3(MainPanelBuilder.java:65)
	at java.base/java.lang.Thread.run(Thread.java:840)
1736 18:26:05.324 [AWT-EventQueue-0] INFO  org.triplea.sound.ClipPlayer - Unable to create audio device, is there audio on the system? Cannot create AudioDevice
javazoom.jl.decoder.JavaLayerException: Cannot create AudioDevice
	at javazoom.jl.player.FactoryRegistry.createAudioDevice(FactoryRegistry.java:97)
	at org.triplea.sound.ClipPlayer.hasAudio(ClipPlayer.java:144)
	at org.triplea.sound.SoundOptions.buildGlobalSoundSwitchMenuItem(SoundOptions.java:76)
	at games.strategy.triplea.ui.menubar.GameMenu.<init>(GameMenu.java:63)
	at games.strategy.triplea.ui.menubar.TripleAMenuBar.<init>(TripleAMenuBar.java:24)
	at games.strategy.triplea.ui.TripleAFrame.lambda$new$1(TripleAFrame.java:307)
	at java.desktop/java.awt.event.InvocationEvent.dispatch(InvocationEvent.java:318)
	at java.desktop/java.awt.EventQueue.dispatchEventImpl(EventQueue.java:773)
	at java.desktop/java.awt.EventQueue$4.run(EventQueue.java:720)
	at java.desktop/java.awt.EventQueue$4.run(EventQueue.java:714)
	at java.base/java.security.AccessController.doPrivileged(AccessController.java:399)
	at java.base/java.security.ProtectionDomain$JavaSecurityAccessImpl.doIntersectionPrivilege(ProtectionDomain.java:86)
	at java.desktop/java.awt.EventQueue.dispatchEvent(EventQueue.java:742)
	at java.desktop/java.awt.EventDispatchThread.pumpOneEventForFilters(EventDispatchThread.java:203)
	at java.desktop/java.awt.EventDispatchThread.pumpEventsForFilter(EventDispatchThread.java:124)
	at java.desktop/java.awt.EventDispatchThread.pumpEventsForHierarchy(EventDispatchThread.java:113)
	at java.desktop/java.awt.EventDispatchThread.pumpEvents(EventDispatchThread.java:109)
	at java.desktop/java.awt.EventDispatchThread.pumpEvents(EventDispatchThread.java:101)
	at java.desktop/java.awt.EventDispatchThread.run(EventDispatchThread.java:90)
1770 18:26:05.358 [AWT-EventQueue-0] INFO  org.triplea.sound.ClipPlayer - Unable to create audio device, is there audio on the system? Cannot create AudioDevice
javazoom.jl.decoder.JavaLayerException: Cannot create AudioDevice
	at javazoom.jl.player.FactoryRegistry.createAudioDevice(FactoryRegistry.java:97)
	at org.triplea.sound.ClipPlayer.hasAudio(ClipPlayer.java:144)
	at org.triplea.sound.SoundOptions.buildSoundOptionsMenuItem(SoundOptions.java:22)
	at games.strategy.triplea.ui.menubar.GameMenu.<init>(GameMenu.java:64)
	at games.strategy.triplea.ui.menubar.TripleAMenuBar.<init>(TripleAMenuBar.java:24)
	at games.strategy.triplea.ui.TripleAFrame.lambda$new$1(TripleAFrame.java:307)
	at java.desktop/java.awt.event.InvocationEvent.dispatch(InvocationEvent.java:318)
	at java.desktop/java.awt.EventQueue.dispatchEventImpl(EventQueue.java:773)
	at java.desktop/java.awt.EventQueue$4.run(EventQueue.java:720)
	at java.desktop/java.awt.EventQueue$4.run(EventQueue.java:714)
	at java.base/java.security.AccessController.doPrivileged(AccessController.java:399)
	at java.base/java.security.ProtectionDomain$JavaSecurityAccessImpl.doIntersectionPrivilege(ProtectionDomain.java:86)
	at java.desktop/java.awt.EventQueue.dispatchEvent(EventQueue.java:742)
	at java.desktop/java.awt.EventDispatchThread.pumpOneEventForFilters(EventDispatchThread.java:203)
	at java.desktop/java.awt.EventDispatchThread.pumpEventsForFilter(EventDispatchThread.java:124)
	at java.desktop/java.awt.EventDispatchThread.pumpEventsForHierarchy(EventDispatchThread.java:113)
	at java.desktop/java.awt.EventDispatchThread.pumpEvents(EventDispatchThread.java:109)
	at java.desktop/java.awt.EventDispatchThread.pumpEvents(EventDispatchThread.java:101)
	at java.desktop/java.awt.EventDispatchThread.run(EventDispatchThread.java:90)
3746 18:26:07.334 [Thread-8] INFO  org.triplea.sound.ClipPlayer - Unable to create audio device, is there audio on the system? Cannot create AudioDevice
javazoom.jl.decoder.JavaLayerException: Cannot create AudioDevice
	at javazoom.jl.player.FactoryRegistry.createAudioDevice(FactoryRegistry.java:97)
	at org.triplea.sound.ClipPlayer.hasAudio(ClipPlayer.java:144)
	at org.triplea.sound.ClipPlayer.isSoundEnabled(ClipPlayer.java:251)
	at org.triplea.sound.ClipPlayer.play(ClipPlayer.java:220)
	at org.triplea.sound.DefaultSoundChannel.playSoundForAll(DefaultSoundChannel.java:22)
	at java.base/jdk.internal.reflect.NativeMethodAccessorImpl.invoke0(Native Method)
	at java.base/jdk.internal.reflect.NativeMethodAccessorImpl.invoke(NativeMethodAccessorImpl.java:77)
	at java.base/jdk.internal.reflect.DelegatingMethodAccessorImpl.invoke(DelegatingMethodAccessorImpl.java:43)
	at java.base/java.lang.reflect.Method.invoke(Method.java:569)
	at games.strategy.engine.message.unifiedmessenger.EndPoint.invokeSingle(EndPoint.java:137)
	at games.strategy.engine.message.unifiedmessenger.EndPoint.lambda$invokeMultiple$0(EndPoint.java:121)
	at java.base/java.util.stream.ReferencePipeline$3$1.accept(ReferencePipeline.java:197)
	at java.base/java.util.Spliterators$ArraySpliterator.forEachRemaining(Spliterators.java:992)
	at java.base/java.util.stream.AbstractPipeline.copyInto(AbstractPipeline.java:509)
	at java.base/java.util.stream.AbstractPipeline.wrapAndCopyInto(AbstractPipeline.java:499)
	at java.base/java.util.stream.ReduceOps$ReduceOp.evaluateSequential(ReduceOps.java:921)
	at java.base/java.util.stream.AbstractPipeline.evaluate(AbstractPipeline.java:234)
	at java.base/java.util.stream.ReferencePipeline.collect(ReferencePipeline.java:682)
	at games.strategy.engine.message.unifiedmessenger.EndPoint.invokeMultiple(EndPoint.java:122)
	at games.strategy.engine.message.unifiedmessenger.EndPoint.invokeLocal(EndPoint.java:112)
	at games.strategy.engine.message.unifiedmessenger.UnifiedMessenger.invoke(UnifiedMessenger.java:153)
	at games.strategy.engine.message.UnifiedInvocationHandler.invoke(UnifiedInvocationHandler.java:47)
	at jdk.proxy2/jdk.proxy2.$Proxy25.playSoundForAll(Unknown Source)
	at java.base/jdk.internal.reflect.NativeMethodAccessorImpl.invoke0(Native Method)
	at java.base/jdk.internal.reflect.NativeMethodAccessorImpl.invoke(NativeMethodAccessorImpl.java:77)
	at java.base/jdk.internal.reflect.DelegatingMethodAccessorImpl.invoke(DelegatingMethodAccessorImpl.java:43)
	at java.base/java.lang.reflect.Method.invoke(Method.java:569)
	at games.strategy.engine.delegate.DelegateExecutionManager.lambda$newOutboundImplementation$1(DelegateExecutionManager.java:79)
	at jdk.proxy2/jdk.proxy2.$Proxy25.playSoundForAll(Unknown Source)
	at games.strategy.triplea.delegate.battle.BattleTracker.takeOver(BattleTracker.java:794)
	at games.strategy.triplea.delegate.battle.BattleTracker.addEmptyBattle(BattleTracker.java:523)
	at games.strategy.triplea.delegate.battle.BattleTracker.addBattle(BattleTracker.java:345)
	at games.strategy.triplea.delegate.battle.BattleTracker.addBattle(BattleTracker.java:293)
	at games.strategy.triplea.delegate.MovePerformer$3.execute(MovePerformer.java:267)
	at games.strategy.triplea.delegate.ExecutionStack.execute(ExecutionStack.java:34)
	at games.strategy.triplea.delegate.MovePerformer.populateStack(MovePerformer.java:324)
	at games.strategy.triplea.delegate.MovePerformer.moveUnits(MovePerformer.java:81)
	at games.strategy.triplea.delegate.MoveDelegate.performMove(MoveDelegate.java:675)
	at java.base/jdk.internal.reflect.NativeMethodAccessorImpl.invoke0(Native Method)
	at java.base/jdk.internal.reflect.NativeMethodAccessorImpl.invoke(NativeMethodAccessorImpl.java:77)
	at java.base/jdk.internal.reflect.DelegatingMethodAccessorImpl.invoke(DelegatingMethodAccessorImpl.java:43)
	at java.base/java.lang.reflect.Method.invoke(Method.java:569)
	at games.strategy.engine.delegate.DelegateExecutionManager$1.invoke(DelegateExecutionManager.java:120)
	at jdk.proxy2/jdk.proxy2.$Proxy14.performMove(Unknown Source)
	at java.base/jdk.internal.reflect.NativeMethodAccessorImpl.invoke0(Native Method)
	at java.base/jdk.internal.reflect.NativeMethodAccessorImpl.invoke(NativeMethodAccessorImpl.java:77)
	at java.base/jdk.internal.reflect.DelegatingMethodAccessorImpl.invoke(DelegatingMethodAccessorImpl.java:43)
	at java.base/java.lang.reflect.Method.invoke(Method.java:569)
	at games.strategy.engine.message.unifiedmessenger.EndPoint.invokeSingle(EndPoint.java:137)
	at games.strategy.engine.message.unifiedmessenger.EndPoint.lambda$invokeMultiple$0(EndPoint.java:121)
	at java.base/java.util.stream.ReferencePipeline$3$1.accept(ReferencePipeline.java:197)
	at java.base/java.util.Spliterators$ArraySpliterator.forEachRemaining(Spliterators.java:992)
	at java.base/java.util.stream.AbstractPipeline.copyInto(AbstractPipeline.java:509)
	at java.base/java.util.stream.AbstractPipeline.wrapAndCopyInto(AbstractPipeline.java:499)
	at java.base/java.util.stream.ReduceOps$ReduceOp.evaluateSequential(ReduceOps.java:921)
	at java.base/java.util.stream.AbstractPipeline.evaluate(AbstractPipeline.java:234)
	at java.base/java.util.stream.ReferencePipeline.collect(ReferencePipeline.java:682)
	at games.strategy.engine.message.unifiedmessenger.EndPoint.invokeMultiple(EndPoint.java:122)
	at games.strategy.engine.message.unifiedmessenger.EndPoint.invokeLocal(EndPoint.java:112)
	at games.strategy.engine.message.unifiedmessenger.UnifiedMessenger.invokeAndWait(UnifiedMessenger.java:97)
	at games.strategy.engine.message.UnifiedInvocationHandler.invoke(UnifiedInvocationHandler.java:55)
	at jdk.proxy2/jdk.proxy2.$Proxy14.performMove(Unknown Source)
	at java.base/jdk.internal.reflect.NativeMethodAccessorImpl.invoke0(Native Method)
	at java.base/jdk.internal.reflect.NativeMethodAccessorImpl.invoke(NativeMethodAccessorImpl.java:77)
	at java.base/jdk.internal.reflect.DelegatingMethodAccessorImpl.invoke(DelegatingMethodAccessorImpl.java:43)
	at java.base/java.lang.reflect.Method.invoke(Method.java:569)
	at games.strategy.engine.player.PlayerBridge$GameOverInvocationHandler.invoke(PlayerBridge.java:151)
	at jdk.proxy2/jdk.proxy2.$Proxy14.performMove(Unknown Source)
	at games.strategy.triplea.ai.tripleMind.util.ProMoveUtils.doMove(ProMoveUtils.java:431)
	at games.strategy.triplea.ai.tripleMind.AbstractTripleMindAi.move(AbstractTripleMindAi.java:222)
	at games.strategy.triplea.ai.AbstractAi.start(AbstractAi.java:521)
	at games.strategy.engine.framework.ServerGame.waitForPlayerToFinishStep(ServerGame.java:648)
	at games.strategy.engine.framework.ServerGame.runStep(ServerGame.java:478)
	at games.strategy.engine.framework.ServerGame.runNextStep(ServerGame.java:365)
	at games.strategy.engine.framework.ServerGame.startGame(ServerGame.java:333)
	at games.strategy.engine.framework.startup.launcher.LocalLauncher.launchInternal(LocalLauncher.java:92)
	at games.strategy.engine.framework.startup.launcher.LocalLauncher.lambda$launch$0(LocalLauncher.java:60)
	at java.base/java.lang.Thread.run(Thread.java:840)
4400 18:26:07.988 [Thread-8] INFO  org.triplea.sound.ClipPlayer - Unable to create audio device, is there audio on the system? Cannot create AudioDevice
javazoom.jl.decoder.JavaLayerException: Cannot create AudioDevice
	at javazoom.jl.player.FactoryRegistry.createAudioDevice(FactoryRegistry.java:97)
	at org.triplea.sound.ClipPlayer.hasAudio(ClipPlayer.java:144)
	at org.triplea.sound.ClipPlayer.isSoundEnabled(ClipPlayer.java:251)
	at org.triplea.sound.ClipPlayer.play(ClipPlayer.java:220)
	at org.triplea.sound.DefaultSoundChannel.playSoundForAll(DefaultSoundChannel.java:22)
	at java.base/jdk.internal.reflect.NativeMethodAccessorImpl.invoke0(Native Method)
	at java.base/jdk.internal.reflect.NativeMethodAccessorImpl.invoke(NativeMethodAccessorImpl.java:77)
	at java.base/jdk.internal.reflect.DelegatingMethodAccessorImpl.invoke(DelegatingMethodAccessorImpl.java:43)
	at java.base/java.lang.reflect.Method.invoke(Method.java:569)
	at games.strategy.engine.message.unifiedmessenger.EndPoint.invokeSingle(EndPoint.java:137)
	at games.strategy.engine.message.unifiedmessenger.EndPoint.lambda$invokeMultiple$0(EndPoint.java:121)
	at java.base/java.util.stream.ReferencePipeline$3$1.accept(ReferencePipeline.java:197)
	at java.base/java.util.Spliterators$ArraySpliterator.forEachRemaining(Spliterators.java:992)
	at java.base/java.util.stream.AbstractPipeline.copyInto(AbstractPipeline.java:509)
	at java.base/java.util.stream.AbstractPipeline.wrapAndCopyInto(AbstractPipeline.java:499)
	at java.base/java.util.stream.ReduceOps$ReduceOp.evaluateSequential(ReduceOps.java:921)
	at java.base/java.util.stream.AbstractPipeline.evaluate(AbstractPipeline.java:234)
	at java.base/java.util.stream.ReferencePipeline.collect(ReferencePipeline.java:682)
	at games.strategy.engine.message.unifiedmessenger.EndPoint.invokeMultiple(EndPoint.java:122)
	at games.strategy.engine.message.unifiedmessenger.EndPoint.invokeLocal(EndPoint.java:112)
	at games.strategy.engine.message.unifiedmessenger.UnifiedMessenger.invoke(UnifiedMessenger.java:153)
	at games.strategy.engine.message.UnifiedInvocationHandler.invoke(UnifiedInvocationHandler.java:47)
	at jdk.proxy2/jdk.proxy2.$Proxy25.playSoundForAll(Unknown Source)
	at java.base/jdk.internal.reflect.NativeMethodAccessorImpl.invoke0(Native Method)
	at java.base/jdk.internal.reflect.NativeMethodAccessorImpl.invoke(NativeMethodAccessorImpl.java:77)
	at java.base/jdk.internal.reflect.DelegatingMethodAccessorImpl.invoke(DelegatingMethodAccessorImpl.java:43)
	at java.base/java.lang.reflect.Method.invoke(Method.java:569)
	at games.strategy.engine.delegate.DelegateExecutionManager.lambda$newOutboundImplementation$1(DelegateExecutionManager.java:79)
	at jdk.proxy2/jdk.proxy2.$Proxy25.playSoundForAll(Unknown Source)
	at games.strategy.triplea.delegate.battle.BattleTracker.takeOver(BattleTracker.java:794)
	at games.strategy.triplea.delegate.battle.BattleTracker.addEmptyBattle(BattleTracker.java:523)
	at games.strategy.triplea.delegate.battle.BattleTracker.addBattle(BattleTracker.java:345)
	at games.strategy.triplea.delegate.battle.BattleTracker.addBattle(BattleTracker.java:293)
	at games.strategy.triplea.delegate.MovePerformer$3.execute(MovePerformer.java:267)
	at games.strategy.triplea.delegate.ExecutionStack.execute(ExecutionStack.java:34)
	at games.strategy.triplea.delegate.MovePerformer.populateStack(MovePerformer.java:324)
	at games.strategy.triplea.delegate.MovePerformer.moveUnits(MovePerformer.java:81)
	at games.strategy.triplea.delegate.MoveDelegate.performMove(MoveDelegate.java:675)
	at java.base/jdk.internal.reflect.NativeMethodAccessorImpl.invoke0(Native Method)
	at java.base/jdk.internal.reflect.NativeMethodAccessorImpl.invoke(NativeMethodAccessorImpl.java:77)
	at java.base/jdk.internal.reflect.DelegatingMethodAccessorImpl.invoke(DelegatingMethodAccessorImpl.java:43)
	at java.base/java.lang.reflect.Method.invoke(Method.java:569)
	at games.strategy.engine.delegate.DelegateExecutionManager$1.invoke(DelegateExecutionManager.java:120)
	at jdk.proxy2/jdk.proxy2.$Proxy14.performMove(Unknown Source)
	at java.base/jdk.internal.reflect.NativeMethodAccessorImpl.invoke0(Native Method)
	at java.base/jdk.internal.reflect.NativeMethodAccessorImpl.invoke(NativeMethodAccessorImpl.java:77)
	at java.base/jdk.internal.reflect.DelegatingMethodAccessorImpl.invoke(DelegatingMethodAccessorImpl.java:43)
	at java.base/java.lang.reflect.Method.invoke(Method.java:569)
	at games.strategy.engine.message.unifiedmessenger.EndPoint.invokeSingle(EndPoint.java:137)
	at games.strategy.engine.message.unifiedmessenger.EndPoint.lambda$invokeMultiple$0(EndPoint.java:121)
	at java.base/java.util.stream.ReferencePipeline$3$1.accept(ReferencePipeline.java:197)
	at java.base/java.util.Spliterators$ArraySpliterator.forEachRemaining(Spliterators.java:992)
	at java.base/java.util.stream.AbstractPipeline.copyInto(AbstractPipeline.java:509)
	at java.base/java.util.stream.AbstractPipeline.wrapAndCopyInto(AbstractPipeline.java:499)
	at java.base/java.util.stream.ReduceOps$ReduceOp.evaluateSequential(ReduceOps.java:921)
	at java.base/java.util.stream.AbstractPipeline.evaluate(AbstractPipeline.java:234)
	at java.base/java.util.stream.ReferencePipeline.collect(ReferencePipeline.java:682)
	at games.strategy.engine.message.unifiedmessenger.EndPoint.invokeMultiple(EndPoint.java:122)
	at games.strategy.engine.message.unifiedmessenger.EndPoint.invokeLocal(EndPoint.java:112)
	at games.strategy.engine.message.unifiedmessenger.UnifiedMessenger.invokeAndWait(UnifiedMessenger.java:97)
	at games.strategy.engine.message.UnifiedInvocationHandler.invoke(UnifiedInvocationHandler.java:55)
	at jdk.proxy2/jdk.proxy2.$Proxy14.performMove(Unknown Source)
	at java.base/jdk.internal.reflect.NativeMethodAccessorImpl.invoke0(Native Method)
	at java.base/jdk.internal.reflect.NativeMethodAccessorImpl.invoke(NativeMethodAccessorImpl.java:77)
	at java.base/jdk.internal.reflect.DelegatingMethodAccessorImpl.invoke(DelegatingMethodAccessorImpl.java:43)
	at java.base/java.lang.reflect.Method.invoke(Method.java:569)
	at games.strategy.engine.player.PlayerBridge$GameOverInvocationHandler.invoke(PlayerBridge.java:151)
	at jdk.proxy2/jdk.proxy2.$Proxy14.performMove(Unknown Source)
	at games.strategy.triplea.ai.tripleMind.util.ProMoveUtils.doMove(ProMoveUtils.java:431)
	at games.strategy.triplea.ai.tripleMind.AbstractTripleMindAi.move(AbstractTripleMindAi.java:222)
	at games.strategy.triplea.ai.AbstractAi.start(AbstractAi.java:521)
	at games.strategy.engine.framework.ServerGame.waitForPlayerToFinishStep(ServerGame.java:648)
	at games.strategy.engine.framework.ServerGame.runStep(ServerGame.java:478)
	at games.strategy.engine.framework.ServerGame.runNextStep(ServerGame.java:365)
	at games.strategy.engine.framework.ServerGame.startGame(ServerGame.java:333)
	at games.strategy.engine.framework.startup.launcher.LocalLauncher.launchInternal(LocalLauncher.java:92)
	at games.strategy.engine.framework.startup.launcher.LocalLauncher.lambda$launch$0(LocalLauncher.java:60)
	at java.base/java.lang.Thread.run(Thread.java:840)
5170 18:26:08.758 [Thread-8] INFO  org.triplea.sound.ClipPlayer - Unable to create audio device, is there audio on the system? Cannot create AudioDevice
javazoom.jl.decoder.JavaLayerException: Cannot create AudioDevice
	at javazoom.jl.player.FactoryRegistry.createAudioDevice(FactoryRegistry.java:97)
	at org.triplea.sound.ClipPlayer.hasAudio(ClipPlayer.java:144)
	at org.triplea.sound.ClipPlayer.isSoundEnabled(ClipPlayer.java:251)
	at org.triplea.sound.ClipPlayer.play(ClipPlayer.java:220)
	at org.triplea.sound.DefaultSoundChannel.playSoundForAll(DefaultSoundChannel.java:22)
	at java.base/jdk.internal.reflect.NativeMethodAccessorImpl.invoke0(Native Method)
	at java.base/jdk.internal.reflect.NativeMethodAccessorImpl.invoke(NativeMethodAccessorImpl.java:77)
	at java.base/jdk.internal.reflect.DelegatingMethodAccessorImpl.invoke(DelegatingMethodAccessorImpl.java:43)
	at java.base/java.lang.reflect.Method.invoke(Method.java:569)
	at games.strategy.engine.message.unifiedmessenger.EndPoint.invokeSingle(EndPoint.java:137)
	at games.strategy.engine.message.unifiedmessenger.EndPoint.lambda$invokeMultiple$0(EndPoint.java:121)
	at java.base/java.util.stream.ReferencePipeline$3$1.accept(ReferencePipeline.java:197)
	at java.base/java.util.Spliterators$ArraySpliterator.forEachRemaining(Spliterators.java:992)
	at java.base/java.util.stream.AbstractPipeline.copyInto(AbstractPipeline.java:509)
	at java.base/java.util.stream.AbstractPipeline.wrapAndCopyInto(AbstractPipeline.java:499)
	at java.base/java.util.stream.ReduceOps$ReduceOp.evaluateSequential(ReduceOps.java:921)
	at java.base/java.util.stream.AbstractPipeline.evaluate(AbstractPipeline.java:234)
	at java.base/java.util.stream.ReferencePipeline.collect(ReferencePipeline.java:682)
	at games.strategy.engine.message.unifiedmessenger.EndPoint.invokeMultiple(EndPoint.java:122)
	at games.strategy.engine.message.unifiedmessenger.EndPoint.invokeLocal(EndPoint.java:112)
	at games.strategy.engine.message.unifiedmessenger.UnifiedMessenger.invoke(UnifiedMessenger.java:153)
	at games.strategy.engine.message.UnifiedInvocationHandler.invoke(UnifiedInvocationHandler.java:47)
	at jdk.proxy2/jdk.proxy2.$Proxy25.playSoundForAll(Unknown Source)
	at java.base/jdk.internal.reflect.NativeMethodAccessorImpl.invoke0(Native Method)
	at java.base/jdk.internal.reflect.NativeMethodAccessorImpl.invoke(NativeMethodAccessorImpl.java:77)
	at java.base/jdk.internal.reflect.DelegatingMethodAccessorImpl.invoke(DelegatingMethodAccessorImpl.java:43)
	at java.base/java.lang.reflect.Method.invoke(Method.java:569)
	at games.strategy.engine.delegate.DelegateExecutionManager.lambda$newOutboundImplementation$1(DelegateExecutionManager.java:79)
	at jdk.proxy2/jdk.proxy2.$Proxy25.playSoundForAll(Unknown Source)
	at games.strategy.triplea.delegate.AbstractPlaceDelegate.placeUnits(AbstractPlaceDelegate.java:302)
	at games.strategy.triplea.delegate.AbstractPlaceDelegate.placeUnits(AbstractPlaceDelegate.java:201)
	at java.base/jdk.internal.reflect.NativeMethodAccessorImpl.invoke0(Native Method)
	at java.base/jdk.internal.reflect.NativeMethodAccessorImpl.invoke(NativeMethodAccessorImpl.java:77)
	at java.base/jdk.internal.reflect.DelegatingMethodAccessorImpl.invoke(DelegatingMethodAccessorImpl.java:43)
	at java.base/java.lang.reflect.Method.invoke(Method.java:569)
	at games.strategy.engine.delegate.DelegateExecutionManager$1.invoke(DelegateExecutionManager.java:120)
	at jdk.proxy2/jdk.proxy2.$Proxy16.placeUnits(Unknown Source)
	at java.base/jdk.internal.reflect.NativeMethodAccessorImpl.invoke0(Native Method)
	at java.base/jdk.internal.reflect.NativeMethodAccessorImpl.invoke(NativeMethodAccessorImpl.java:77)
	at java.base/jdk.internal.reflect.DelegatingMethodAccessorImpl.invoke(DelegatingMethodAccessorImpl.java:43)
	at java.base/java.lang.reflect.Method.invoke(Method.java:569)
	at games.strategy.engine.message.unifiedmessenger.EndPoint.invokeSingle(EndPoint.java:137)
	at games.strategy.engine.message.unifiedmessenger.EndPoint.lambda$invokeMultiple$0(EndPoint.java:121)
	at java.base/java.util.stream.ReferencePipeline$3$1.accept(ReferencePipeline.java:197)
	at java.base/java.util.Spliterators$ArraySpliterator.forEachRemaining(Spliterators.java:992)
	at java.base/java.util.stream.AbstractPipeline.copyInto(AbstractPipeline.java:509)
	at java.base/java.util.stream.AbstractPipeline.wrapAndCopyInto(AbstractPipeline.java:499)
	at java.base/java.util.stream.ReduceOps$ReduceOp.evaluateSequential(ReduceOps.java:921)
	at java.base/java.util.stream.AbstractPipeline.evaluate(AbstractPipeline.java:234)
	at java.base/java.util.stream.ReferencePipeline.collect(ReferencePipeline.java:682)
	at games.strategy.engine.message.unifiedmessenger.EndPoint.invokeMultiple(EndPoint.java:122)
	at games.strategy.engine.message.unifiedmessenger.EndPoint.invokeLocal(EndPoint.java:112)
	at games.strategy.engine.message.unifiedmessenger.UnifiedMessenger.invokeAndWait(UnifiedMessenger.java:97)
	at games.strategy.engine.message.UnifiedInvocationHandler.invoke(UnifiedInvocationHandler.java:55)
	at jdk.proxy2/jdk.proxy2.$Proxy16.placeUnits(Unknown Source)
	at java.base/jdk.internal.reflect.NativeMethodAccessorImpl.invoke0(Native Method)
	at java.base/jdk.internal.reflect.NativeMethodAccessorImpl.invoke(NativeMethodAccessorImpl.java:77)
	at java.base/jdk.internal.reflect.DelegatingMethodAccessorImpl.invoke(DelegatingMethodAccessorImpl.java:43)
	at java.base/java.lang.reflect.Method.invoke(Method.java:569)
	at games.strategy.engine.player.PlayerBridge$GameOverInvocationHandler.invoke(PlayerBridge.java:151)
	at jdk.proxy2/jdk.proxy2.$Proxy16.placeUnits(Unknown Source)
	at games.strategy.triplea.ai.tripleMind.ProPurchaseAi.doPlace(ProPurchaseAi.java:2627)
	at games.strategy.triplea.ai.tripleMind.ProPurchaseAi.placeUnits(ProPurchaseAi.java:2545)
	at games.strategy.triplea.ai.tripleMind.ProPurchaseAi.place(ProPurchaseAi.java:562)
	at games.strategy.triplea.ai.tripleMind.AbstractTripleMindAi.place(AbstractTripleMindAi.java:380)
	at games.strategy.triplea.ai.AbstractAi.start(AbstractAi.java:531)
	at games.strategy.engine.framework.ServerGame.waitForPlayerToFinishStep(ServerGame.java:648)
	at games.strategy.engine.framework.ServerGame.runStep(ServerGame.java:478)
	at games.strategy.engine.framework.ServerGame.runNextStep(ServerGame.java:365)
	at games.strategy.engine.framework.ServerGame.startGame(ServerGame.java:333)
	at games.strategy.engine.framework.startup.launcher.LocalLauncher.launchInternal(LocalLauncher.java:92)
	at games.strategy.engine.framework.startup.launcher.LocalLauncher.lambda$launch$0(LocalLauncher.java:60)
	at java.base/java.lang.Thread.run(Thread.java:840)
5280 18:26:08.868 [Thread-8] INFO  org.triplea.sound.ClipPlayer - Unable to create audio device, is there audio on the system? Cannot create AudioDevice
javazoom.jl.decoder.JavaLayerException: Cannot create AudioDevice
	at javazoom.jl.player.FactoryRegistry.createAudioDevice(FactoryRegistry.java:97)
	at org.triplea.sound.ClipPlayer.hasAudio(ClipPlayer.java:144)
	at org.triplea.sound.ClipPlayer.isSoundEnabled(ClipPlayer.java:251)
	at org.triplea.sound.ClipPlayer.play(ClipPlayer.java:220)
	at org.triplea.sound.DefaultSoundChannel.playSoundForAll(DefaultSoundChannel.java:22)
	at java.base/jdk.internal.reflect.NativeMethodAccessorImpl.invoke0(Native Method)
	at java.base/jdk.internal.reflect.NativeMethodAccessorImpl.invoke(NativeMethodAccessorImpl.java:77)
	at java.base/jdk.internal.reflect.DelegatingMethodAccessorImpl.invoke(DelegatingMethodAccessorImpl.java:43)
	at java.base/java.lang.reflect.Method.invoke(Method.java:569)
	at games.strategy.engine.message.unifiedmessenger.EndPoint.invokeSingle(EndPoint.java:137)
	at games.strategy.engine.message.unifiedmessenger.EndPoint.lambda$invokeMultiple$0(EndPoint.java:121)
	at java.base/java.util.stream.ReferencePipeline$3$1.accept(ReferencePipeline.java:197)
	at java.base/java.util.Spliterators$ArraySpliterator.forEachRemaining(Spliterators.java:992)
	at java.base/java.util.stream.AbstractPipeline.copyInto(AbstractPipeline.java:509)
	at java.base/java.util.stream.AbstractPipeline.wrapAndCopyInto(AbstractPipeline.java:499)
	at java.base/java.util.stream.ReduceOps$ReduceOp.evaluateSequential(ReduceOps.java:921)
	at java.base/java.util.stream.AbstractPipeline.evaluate(AbstractPipeline.java:234)
	at java.base/java.util.stream.ReferencePipeline.collect(ReferencePipeline.java:682)
	at games.strategy.engine.message.unifiedmessenger.EndPoint.invokeMultiple(EndPoint.java:122)
	at games.strategy.engine.message.unifiedmessenger.EndPoint.invokeLocal(EndPoint.java:112)
	at games.strategy.engine.message.unifiedmessenger.UnifiedMessenger.invoke(UnifiedMessenger.java:153)
	at games.strategy.engine.message.UnifiedInvocationHandler.invoke(UnifiedInvocationHandler.java:47)
	at jdk.proxy2/jdk.proxy2.$Proxy25.playSoundForAll(Unknown Source)
	at java.base/jdk.internal.reflect.NativeMethodAccessorImpl.invoke0(Native Method)
	at java.base/jdk.internal.reflect.NativeMethodAccessorImpl.invoke(NativeMethodAccessorImpl.java:77)
	at java.base/jdk.internal.reflect.DelegatingMethodAccessorImpl.invoke(DelegatingMethodAccessorImpl.java:43)
	at java.base/java.lang.reflect.Method.invoke(Method.java:569)
	at games.strategy.engine.delegate.DelegateExecutionManager.lambda$newOutboundImplementation$1(DelegateExecutionManager.java:79)
	at jdk.proxy2/jdk.proxy2.$Proxy25.playSoundForAll(Unknown Source)
	at games.strategy.triplea.delegate.AbstractPlaceDelegate.placeUnits(AbstractPlaceDelegate.java:302)
	at games.strategy.triplea.delegate.AbstractPlaceDelegate.placeUnits(AbstractPlaceDelegate.java:201)
	at java.base/jdk.internal.reflect.NativeMethodAccessorImpl.invoke0(Native Method)
	at java.base/jdk.internal.reflect.NativeMethodAccessorImpl.invoke(NativeMethodAccessorImpl.java:77)
	at java.base/jdk.internal.reflect.DelegatingMethodAccessorImpl.invoke(DelegatingMethodAccessorImpl.java:43)
	at java.base/java.lang.reflect.Method.invoke(Method.java:569)
	at games.strategy.engine.delegate.DelegateExecutionManager$1.invoke(DelegateExecutionManager.java:120)
	at jdk.proxy2/jdk.proxy2.$Proxy16.placeUnits(Unknown Source)
	at java.base/jdk.internal.reflect.NativeMethodAccessorImpl.invoke0(Native Method)
	at java.base/jdk.internal.reflect.NativeMethodAccessorImpl.invoke(NativeMethodAccessorImpl.java:77)
	at java.base/jdk.internal.reflect.DelegatingMethodAccessorImpl.invoke(DelegatingMethodAccessorImpl.java:43)
	at java.base/java.lang.reflect.Method.invoke(Method.java:569)
	at games.strategy.engine.message.unifiedmessenger.EndPoint.invokeSingle(EndPoint.java:137)
	at games.strategy.engine.message.unifiedmessenger.EndPoint.lambda$invokeMultiple$0(EndPoint.java:121)
	at java.base/java.util.stream.ReferencePipeline$3$1.accept(ReferencePipeline.java:197)
	at java.base/java.util.Spliterators$ArraySpliterator.forEachRemaining(Spliterators.java:992)
	at java.base/java.util.stream.AbstractPipeline.copyInto(AbstractPipeline.java:509)
	at java.base/java.util.stream.AbstractPipeline.wrapAndCopyInto(AbstractPipeline.java:499)
	at java.base/java.util.stream.ReduceOps$ReduceOp.evaluateSequential(ReduceOps.java:921)
	at java.base/java.util.stream.AbstractPipeline.evaluate(AbstractPipeline.java:234)
	at java.base/java.util.stream.ReferencePipeline.collect(ReferencePipeline.java:682)
	at games.strategy.engine.message.unifiedmessenger.EndPoint.invokeMultiple(EndPoint.java:122)
	at games.strategy.engine.message.unifiedmessenger.EndPoint.invokeLocal(EndPoint.java:112)
	at games.strategy.engine.message.unifiedmessenger.UnifiedMessenger.invokeAndWait(UnifiedMessenger.java:97)
	at games.strategy.engine.message.UnifiedInvocationHandler.invoke(UnifiedInvocationHandler.java:55)
	at jdk.proxy2/jdk.proxy2.$Proxy16.placeUnits(Unknown Source)
	at java.base/jdk.internal.reflect.NativeMethodAccessorImpl.invoke0(Native Method)
	at java.base/jdk.internal.reflect.NativeMethodAccessorImpl.invoke(NativeMethodAccessorImpl.java:77)
	at java.base/jdk.internal.reflect.DelegatingMethodAccessorImpl.invoke(DelegatingMethodAccessorImpl.java:43)
	at java.base/java.lang.reflect.Method.invoke(Method.java:569)
	at games.strategy.engine.player.PlayerBridge$GameOverInvocationHandler.invoke(PlayerBridge.java:151)
	at jdk.proxy2/jdk.proxy2.$Proxy16.placeUnits(Unknown Source)
	at games.strategy.triplea.ai.tripleMind.ProPurchaseAi.doPlace(ProPurchaseAi.java:2627)
	at games.strategy.triplea.ai.tripleMind.ProPurchaseAi.placeUnits(ProPurchaseAi.java:2545)
	at games.strategy.triplea.ai.tripleMind.ProPurchaseAi.place(ProPurchaseAi.java:562)
	at games.strategy.triplea.ai.tripleMind.AbstractTripleMindAi.place(AbstractTripleMindAi.java:380)
	at games.strategy.triplea.ai.AbstractAi.start(AbstractAi.java:531)
	at games.strategy.engine.framework.ServerGame.waitForPlayerToFinishStep(ServerGame.java:648)
	at games.strategy.engine.framework.ServerGame.runStep(ServerGame.java:478)
	at games.strategy.engine.framework.ServerGame.runNextStep(ServerGame.java:365)
	at games.strategy.engine.framework.ServerGame.startGame(ServerGame.java:333)
	at games.strategy.engine.framework.startup.launcher.LocalLauncher.launchInternal(LocalLauncher.java:92)
	at games.strategy.engine.framework.startup.launcher.LocalLauncher.lambda$launch$0(LocalLauncher.java:60)
	at java.base/java.lang.Thread.run(Thread.java:840)
5387 18:26:08.975 [Thread-8] INFO  org.triplea.sound.ClipPlayer - Unable to create audio device, is there audio on the system? Cannot create AudioDevice
javazoom.jl.decoder.JavaLayerException: Cannot create AudioDevice
	at javazoom.jl.player.FactoryRegistry.createAudioDevice(FactoryRegistry.java:97)
	at org.triplea.sound.ClipPlayer.hasAudio(ClipPlayer.java:144)
	at org.triplea.sound.ClipPlayer.isSoundEnabled(ClipPlayer.java:251)
	at org.triplea.sound.ClipPlayer.play(ClipPlayer.java:220)
	at org.triplea.sound.DefaultSoundChannel.playSoundForAll(DefaultSoundChannel.java:22)
	at java.base/jdk.internal.reflect.NativeMethodAccessorImpl.invoke0(Native Method)
	at java.base/jdk.internal.reflect.NativeMethodAccessorImpl.invoke(NativeMethodAccessorImpl.java:77)
	at java.base/jdk.internal.reflect.DelegatingMethodAccessorImpl.invoke(DelegatingMethodAccessorImpl.java:43)
	at java.base/java.lang.reflect.Method.invoke(Method.java:569)
	at games.strategy.engine.message.unifiedmessenger.EndPoint.invokeSingle(EndPoint.java:137)
	at games.strategy.engine.message.unifiedmessenger.EndPoint.lambda$invokeMultiple$0(EndPoint.java:121)
	at java.base/java.util.stream.ReferencePipeline$3$1.accept(ReferencePipeline.java:197)
	at java.base/java.util.Spliterators$ArraySpliterator.forEachRemaining(Spliterators.java:992)
	at java.base/java.util.stream.AbstractPipeline.copyInto(AbstractPipeline.java:509)
	at java.base/java.util.stream.AbstractPipeline.wrapAndCopyInto(AbstractPipeline.java:499)
	at java.base/java.util.stream.ReduceOps$ReduceOp.evaluateSequential(ReduceOps.java:921)
	at java.base/java.util.stream.AbstractPipeline.evaluate(AbstractPipeline.java:234)
	at java.base/java.util.stream.ReferencePipeline.collect(ReferencePipeline.java:682)
	at games.strategy.engine.message.unifiedmessenger.EndPoint.invokeMultiple(EndPoint.java:122)
	at games.strategy.engine.message.unifiedmessenger.EndPoint.invokeLocal(EndPoint.java:112)
	at games.strategy.engine.message.unifiedmessenger.UnifiedMessenger.invoke(UnifiedMessenger.java:153)
	at games.strategy.engine.message.UnifiedInvocationHandler.invoke(UnifiedInvocationHandler.java:47)
	at jdk.proxy2/jdk.proxy2.$Proxy25.playSoundForAll(Unknown Source)
	at java.base/jdk.internal.reflect.NativeMethodAccessorImpl.invoke0(Native Method)
	at java.base/jdk.internal.reflect.NativeMethodAccessorImpl.invoke(NativeMethodAccessorImpl.java:77)
	at java.base/jdk.internal.reflect.DelegatingMethodAccessorImpl.invoke(DelegatingMethodAccessorImpl.java:43)
	at java.base/java.lang.reflect.Method.invoke(Method.java:569)
	at games.strategy.engine.delegate.DelegateExecutionManager.lambda$newOutboundImplementation$1(DelegateExecutionManager.java:79)
	at jdk.proxy2/jdk.proxy2.$Proxy25.playSoundForAll(Unknown Source)
	at games.strategy.triplea.delegate.AbstractPlaceDelegate.placeUnits(AbstractPlaceDelegate.java:302)
	at games.strategy.triplea.delegate.AbstractPlaceDelegate.placeUnits(AbstractPlaceDelegate.java:201)
	at java.base/jdk.internal.reflect.NativeMethodAccessorImpl.invoke0(Native Method)
	at java.base/jdk.internal.reflect.NativeMethodAccessorImpl.invoke(NativeMethodAccessorImpl.java:77)
	at java.base/jdk.internal.reflect.DelegatingMethodAccessorImpl.invoke(DelegatingMethodAccessorImpl.java:43)
	at java.base/java.lang.reflect.Method.invoke(Method.java:569)
	at games.strategy.engine.delegate.DelegateExecutionManager$1.invoke(DelegateExecutionManager.java:120)
	at jdk.proxy2/jdk.proxy2.$Proxy16.placeUnits(Unknown Source)
	at java.base/jdk.internal.reflect.NativeMethodAccessorImpl.invoke0(Native Method)
	at java.base/jdk.internal.reflect.NativeMethodAccessorImpl.invoke(NativeMethodAccessorImpl.java:77)
	at java.base/jdk.internal.reflect.DelegatingMethodAccessorImpl.invoke(DelegatingMethodAccessorImpl.java:43)
	at java.base/java.lang.reflect.Method.invoke(Method.java:569)
	at games.strategy.engine.message.unifiedmessenger.EndPoint.invokeSingle(EndPoint.java:137)
	at games.strategy.engine.message.unifiedmessenger.EndPoint.lambda$invokeMultiple$0(EndPoint.java:121)
	at java.base/java.util.stream.ReferencePipeline$3$1.accept(ReferencePipeline.java:197)
	at java.base/java.util.Spliterators$ArraySpliterator.forEachRemaining(Spliterators.java:992)
	at java.base/java.util.stream.AbstractPipeline.copyInto(AbstractPipeline.java:509)
	at java.base/java.util.stream.AbstractPipeline.wrapAndCopyInto(AbstractPipeline.java:499)
	at java.base/java.util.stream.ReduceOps$ReduceOp.evaluateSequential(ReduceOps.java:921)
	at java.base/java.util.stream.AbstractPipeline.evaluate(AbstractPipeline.java:234)
	at java.base/java.util.stream.ReferencePipeline.collect(ReferencePipeline.java:682)
	at games.strategy.engine.message.unifiedmessenger.EndPoint.invokeMultiple(EndPoint.java:122)
	at games.strategy.engine.message.unifiedmessenger.EndPoint.invokeLocal(EndPoint.java:112)
	at games.strategy.engine.message.unifiedmessenger.UnifiedMessenger.invokeAndWait(UnifiedMessenger.java:97)
	at games.strategy.engine.message.UnifiedInvocationHandler.invoke(UnifiedInvocationHandler.java:55)
	at jdk.proxy2/jdk.proxy2.$Proxy16.placeUnits(Unknown Source)
	at java.base/jdk.internal.reflect.NativeMethodAccessorImpl.invoke0(Native Method)
	at java.base/jdk.internal.reflect.NativeMethodAccessorImpl.invoke(NativeMethodAccessorImpl.java:77)
	at java.base/jdk.internal.reflect.DelegatingMethodAccessorImpl.invoke(DelegatingMethodAccessorImpl.java:43)
	at java.base/java.lang.reflect.Method.invoke(Method.java:569)
	at games.strategy.engine.player.PlayerBridge$GameOverInvocationHandler.invoke(PlayerBridge.java:151)
	at jdk.proxy2/jdk.proxy2.$Proxy16.placeUnits(Unknown Source)
	at games.strategy.triplea.ai.tripleMind.ProPurchaseAi.doPlace(ProPurchaseAi.java:2627)
	at games.strategy.triplea.ai.tripleMind.ProPurchaseAi.placeUnits(ProPurchaseAi.java:2545)
	at games.strategy.triplea.ai.tripleMind.ProPurchaseAi.place(ProPurchaseAi.java:562)
	at games.strategy.triplea.ai.tripleMind.AbstractTripleMindAi.place(AbstractTripleMindAi.java:380)
	at games.strategy.triplea.ai.AbstractAi.start(AbstractAi.java:531)
	at games.strategy.engine.framework.ServerGame.waitForPlayerToFinishStep(ServerGame.java:648)
	at games.strategy.engine.framework.ServerGame.runStep(ServerGame.java:478)
	at games.strategy.engine.framework.ServerGame.runNextStep(ServerGame.java:365)
	at games.strategy.engine.framework.ServerGame.startGame(ServerGame.java:333)
	at games.strategy.engine.framework.startup.launcher.LocalLauncher.launchInternal(LocalLauncher.java:92)
	at games.strategy.engine.framework.startup.launcher.LocalLauncher.lambda$launch$0(LocalLauncher.java:60)
	at java.base/java.lang.Thread.run(Thread.java:840)
6553 18:26:10.141 [Thread-8] INFO  org.triplea.sound.ClipPlayer - Unable to create audio device, is there audio on the system? Cannot create AudioDevice
javazoom.jl.decoder.JavaLayerException: Cannot create AudioDevice
	at javazoom.jl.player.FactoryRegistry.createAudioDevice(FactoryRegistry.java:97)
	at org.triplea.sound.ClipPlayer.hasAudio(ClipPlayer.java:144)
	at org.triplea.sound.ClipPlayer.isSoundEnabled(ClipPlayer.java:251)
	at org.triplea.sound.ClipPlayer.play(ClipPlayer.java:220)
	at org.triplea.sound.DefaultSoundChannel.playSoundForAll(DefaultSoundChannel.java:22)
	at java.base/jdk.internal.reflect.NativeMethodAccessorImpl.invoke0(Native Method)
	at java.base/jdk.internal.reflect.NativeMethodAccessorImpl.invoke(NativeMethodAccessorImpl.java:77)
	at java.base/jdk.internal.reflect.DelegatingMethodAccessorImpl.invoke(DelegatingMethodAccessorImpl.java:43)
	at java.base/java.lang.reflect.Method.invoke(Method.java:569)
	at games.strategy.engine.message.unifiedmessenger.EndPoint.invokeSingle(EndPoint.java:137)
	at games.strategy.engine.message.unifiedmessenger.EndPoint.lambda$invokeMultiple$0(EndPoint.java:121)
	at java.base/java.util.stream.ReferencePipeline$3$1.accept(ReferencePipeline.java:197)
	at java.base/java.util.Spliterators$ArraySpliterator.forEachRemaining(Spliterators.java:992)
	at java.base/java.util.stream.AbstractPipeline.copyInto(AbstractPipeline.java:509)
	at java.base/java.util.stream.AbstractPipeline.wrapAndCopyInto(AbstractPipeline.java:499)
	at java.base/java.util.stream.ReduceOps$ReduceOp.evaluateSequential(ReduceOps.java:921)
	at java.base/java.util.stream.AbstractPipeline.evaluate(AbstractPipeline.java:234)
	at java.base/java.util.stream.ReferencePipeline.collect(ReferencePipeline.java:682)
	at games.strategy.engine.message.unifiedmessenger.EndPoint.invokeMultiple(EndPoint.java:122)
	at games.strategy.engine.message.unifiedmessenger.EndPoint.invokeLocal(EndPoint.java:112)
	at games.strategy.engine.message.unifiedmessenger.UnifiedMessenger.invoke(UnifiedMessenger.java:153)
	at games.strategy.engine.message.UnifiedInvocationHandler.invoke(UnifiedInvocationHandler.java:47)
	at jdk.proxy2/jdk.proxy2.$Proxy25.playSoundForAll(Unknown Source)
	at java.base/jdk.internal.reflect.NativeMethodAccessorImpl.invoke0(Native Method)
	at java.base/jdk.internal.reflect.NativeMethodAccessorImpl.invoke(NativeMethodAccessorImpl.java:77)
	at java.base/jdk.internal.reflect.DelegatingMethodAccessorImpl.invoke(DelegatingMethodAccessorImpl.java:43)
	at java.base/java.lang.reflect.Method.invoke(Method.java:569)
	at games.strategy.engine.delegate.DelegateExecutionManager.lambda$newOutboundImplementation$1(DelegateExecutionManager.java:79)
	at jdk.proxy2/jdk.proxy2.$Proxy25.playSoundForAll(Unknown Source)
	at games.strategy.triplea.delegate.battle.BattleTracker.takeOver(BattleTracker.java:794)
	at games.strategy.triplea.delegate.battle.BattleTracker.addEmptyBattle(BattleTracker.java:523)
	at games.strategy.triplea.delegate.battle.BattleTracker.addBattle(BattleTracker.java:345)
	at games.strategy.triplea.delegate.battle.BattleTracker.addBattle(BattleTracker.java:293)
	at games.strategy.triplea.delegate.MovePerformer$3.execute(MovePerformer.java:267)
	at games.strategy.triplea.delegate.ExecutionStack.execute(ExecutionStack.java:34)
	at games.strategy.triplea.delegate.MovePerformer.populateStack(MovePerformer.java:324)
	at games.strategy.triplea.delegate.MovePerformer.moveUnits(MovePerformer.java:81)
	at games.strategy.triplea.delegate.MoveDelegate.performMove(MoveDelegate.java:675)
	at java.base/jdk.internal.reflect.NativeMethodAccessorImpl.invoke0(Native Method)
	at java.base/jdk.internal.reflect.NativeMethodAccessorImpl.invoke(NativeMethodAccessorImpl.java:77)
	at java.base/jdk.internal.reflect.DelegatingMethodAccessorImpl.invoke(DelegatingMethodAccessorImpl.java:43)
	at java.base/java.lang.reflect.Method.invoke(Method.java:569)
	at games.strategy.engine.delegate.DelegateExecutionManager$1.invoke(DelegateExecutionManager.java:120)
	at jdk.proxy2/jdk.proxy2.$Proxy14.performMove(Unknown Source)
	at java.base/jdk.internal.reflect.NativeMethodAccessorImpl.invoke0(Native Method)
	at java.base/jdk.internal.reflect.NativeMethodAccessorImpl.invoke(NativeMethodAccessorImpl.java:77)
	at java.base/jdk.internal.reflect.DelegatingMethodAccessorImpl.invoke(DelegatingMethodAccessorImpl.java:43)
	at java.base/java.lang.reflect.Method.invoke(Method.java:569)
	at games.strategy.engine.message.unifiedmessenger.EndPoint.invokeSingle(EndPoint.java:137)
	at games.strategy.engine.message.unifiedmessenger.EndPoint.lambda$invokeMultiple$0(EndPoint.java:121)
	at java.base/java.util.stream.ReferencePipeline$3$1.accept(ReferencePipeline.java:197)
	at java.base/java.util.Spliterators$ArraySpliterator.forEachRemaining(Spliterators.java:992)
	at java.base/java.util.stream.AbstractPipeline.copyInto(AbstractPipeline.java:509)
	at java.base/java.util.stream.AbstractPipeline.wrapAndCopyInto(AbstractPipeline.java:499)
	at java.base/java.util.stream.ReduceOps$ReduceOp.evaluateSequential(ReduceOps.java:921)
	at java.base/java.util.stream.AbstractPipeline.evaluate(AbstractPipeline.java:234)
	at java.base/java.util.stream.ReferencePipeline.collect(ReferencePipeline.java:682)
	at games.strategy.engine.message.unifiedmessenger.EndPoint.invokeMultiple(EndPoint.java:122)
	at games.strategy.engine.message.unifiedmessenger.EndPoint.invokeLocal(EndPoint.java:112)
	at games.strategy.engine.message.unifiedmessenger.UnifiedMessenger.invokeAndWait(UnifiedMessenger.java:97)
	at games.strategy.engine.message.UnifiedInvocationHandler.invoke(UnifiedInvocationHandler.java:55)
	at jdk.proxy2/jdk.proxy2.$Proxy14.performMove(Unknown Source)
	at java.base/jdk.internal.reflect.NativeMethodAccessorImpl.invoke0(Native Method)
	at java.base/jdk.internal.reflect.NativeMethodAccessorImpl.invoke(NativeMethodAccessorImpl.java:77)
	at java.base/jdk.internal.reflect.DelegatingMethodAccessorImpl.invoke(DelegatingMethodAccessorImpl.java:43)
	at java.base/java.lang.reflect.Method.invoke(Method.java:569)
	at games.strategy.engine.player.PlayerBridge$GameOverInvocationHandler.invoke(PlayerBridge.java:151)
	at jdk.proxy2/jdk.proxy2.$Proxy14.performMove(Unknown Source)
	at games.strategy.triplea.ai.weak.WeakAi.doMove(WeakAi.java:237)
	at games.strategy.triplea.ai.weak.WeakAi.doCombatMove(WeakAi.java:152)
	at games.strategy.triplea.ai.weak.WeakAi.move(WeakAi.java:124)
	at games.strategy.triplea.ai.AbstractAi.start(AbstractAi.java:521)
	at games.strategy.engine.framework.ServerGame.waitForPlayerToFinishStep(ServerGame.java:648)
	at games.strategy.engine.framework.ServerGame.runStep(ServerGame.java:478)
	at games.strategy.engine.framework.ServerGame.runNextStep(ServerGame.java:365)
	at games.strategy.engine.framework.ServerGame.startGame(ServerGame.java:333)
	at games.strategy.engine.framework.startup.launcher.LocalLauncher.launchInternal(LocalLauncher.java:92)
	at games.strategy.engine.framework.startup.launcher.LocalLauncher.lambda$launch$0(LocalLauncher.java:60)
	at java.base/java.lang.Thread.run(Thread.java:840)
7172 18:26:10.760 [Thread-8] INFO  org.triplea.sound.ClipPlayer - Unable to create audio device, is there audio on the system? Cannot create AudioDevice
javazoom.jl.decoder.JavaLayerException: Cannot create AudioDevice
	at javazoom.jl.player.FactoryRegistry.createAudioDevice(FactoryRegistry.java:97)
	at org.triplea.sound.ClipPlayer.hasAudio(ClipPlayer.java:144)
	at org.triplea.sound.ClipPlayer.isSoundEnabled(ClipPlayer.java:251)
	at org.triplea.sound.ClipPlayer.play(ClipPlayer.java:220)
	at org.triplea.sound.DefaultSoundChannel.playSoundForAll(DefaultSoundChannel.java:22)
	at java.base/jdk.internal.reflect.NativeMethodAccessorImpl.invoke0(Native Method)
	at java.base/jdk.internal.reflect.NativeMethodAccessorImpl.invoke(NativeMethodAccessorImpl.java:77)
	at java.base/jdk.internal.reflect.DelegatingMethodAccessorImpl.invoke(DelegatingMethodAccessorImpl.java:43)
	at java.base/java.lang.reflect.Method.invoke(Method.java:569)
	at games.strategy.engine.message.unifiedmessenger.EndPoint.invokeSingle(EndPoint.java:137)
	at games.strategy.engine.message.unifiedmessenger.EndPoint.lambda$invokeMultiple$0(EndPoint.java:121)
	at java.base/java.util.stream.ReferencePipeline$3$1.accept(ReferencePipeline.java:197)
	at java.base/java.util.Spliterators$ArraySpliterator.forEachRemaining(Spliterators.java:992)
	at java.base/java.util.stream.AbstractPipeline.copyInto(AbstractPipeline.java:509)
	at java.base/java.util.stream.AbstractPipeline.wrapAndCopyInto(AbstractPipeline.java:499)
	at java.base/java.util.stream.ReduceOps$ReduceOp.evaluateSequential(ReduceOps.java:921)
	at java.base/java.util.stream.AbstractPipeline.evaluate(AbstractPipeline.java:234)
	at java.base/java.util.stream.ReferencePipeline.collect(ReferencePipeline.java:682)
	at games.strategy.engine.message.unifiedmessenger.EndPoint.invokeMultiple(EndPoint.java:122)
	at games.strategy.engine.message.unifiedmessenger.EndPoint.invokeLocal(EndPoint.java:112)
	at games.strategy.engine.message.unifiedmessenger.UnifiedMessenger.invoke(UnifiedMessenger.java:153)
	at games.strategy.engine.message.UnifiedInvocationHandler.invoke(UnifiedInvocationHandler.java:47)
	at jdk.proxy2/jdk.proxy2.$Proxy25.playSoundForAll(Unknown Source)
	at java.base/jdk.internal.reflect.NativeMethodAccessorImpl.invoke0(Native Method)
	at java.base/jdk.internal.reflect.NativeMethodAccessorImpl.invoke(NativeMethodAccessorImpl.java:77)
	at java.base/jdk.internal.reflect.DelegatingMethodAccessorImpl.invoke(DelegatingMethodAccessorImpl.java:43)
	at java.base/java.lang.reflect.Method.invoke(Method.java:569)
	at games.strategy.engine.delegate.DelegateExecutionManager.lambda$newOutboundImplementation$1(DelegateExecutionManager.java:79)
	at jdk.proxy2/jdk.proxy2.$Proxy25.playSoundForAll(Unknown Source)
	at games.strategy.triplea.delegate.battle.BattleTracker.takeOver(BattleTracker.java:794)
	at games.strategy.triplea.delegate.battle.BattleTracker.addEmptyBattle(BattleTracker.java:523)
	at games.strategy.triplea.delegate.battle.BattleTracker.addBattle(BattleTracker.java:345)
	at games.strategy.triplea.delegate.battle.BattleTracker.addBattle(BattleTracker.java:293)
	at games.strategy.triplea.delegate.MovePerformer$3.execute(MovePerformer.java:267)
	at games.strategy.triplea.delegate.ExecutionStack.execute(ExecutionStack.java:34)
	at games.strategy.triplea.delegate.MovePerformer.populateStack(MovePerformer.java:324)
	at games.strategy.triplea.delegate.MovePerformer.moveUnits(MovePerformer.java:81)
	at games.strategy.triplea.delegate.MoveDelegate.performMove(MoveDelegate.java:675)
	at java.base/jdk.internal.reflect.NativeMethodAccessorImpl.invoke0(Native Method)
	at java.base/jdk.internal.reflect.NativeMethodAccessorImpl.invoke(NativeMethodAccessorImpl.java:77)
	at java.base/jdk.internal.reflect.DelegatingMethodAccessorImpl.invoke(DelegatingMethodAccessorImpl.java:43)
	at java.base/java.lang.reflect.Method.invoke(Method.java:569)
	at games.strategy.engine.delegate.DelegateExecutionManager$1.invoke(DelegateExecutionManager.java:120)
	at jdk.proxy2/jdk.proxy2.$Proxy14.performMove(Unknown Source)
	at java.base/jdk.internal.reflect.NativeMethodAccessorImpl.invoke0(Native Method)
	at java.base/jdk.internal.reflect.NativeMethodAccessorImpl.invoke(NativeMethodAccessorImpl.java:77)
	at java.base/jdk.internal.reflect.DelegatingMethodAccessorImpl.invoke(DelegatingMethodAccessorImpl.java:43)
	at java.base/java.lang.reflect.Method.invoke(Method.java:569)
	at games.strategy.engine.message.unifiedmessenger.EndPoint.invokeSingle(EndPoint.java:137)
	at games.strategy.engine.message.unifiedmessenger.EndPoint.lambda$invokeMultiple$0(EndPoint.java:121)
	at java.base/java.util.stream.ReferencePipeline$3$1.accept(ReferencePipeline.java:197)
	at java.base/java.util.Spliterators$ArraySpliterator.forEachRemaining(Spliterators.java:992)
	at java.base/java.util.stream.AbstractPipeline.copyInto(AbstractPipeline.java:509)
	at java.base/java.util.stream.AbstractPipeline.wrapAndCopyInto(AbstractPipeline.java:499)
	at java.base/java.util.stream.ReduceOps$ReduceOp.evaluateSequential(ReduceOps.java:921)
	at java.base/java.util.stream.AbstractPipeline.evaluate(AbstractPipeline.java:234)
	at java.base/java.util.stream.ReferencePipeline.collect(ReferencePipeline.java:682)
	at games.strategy.engine.message.unifiedmessenger.EndPoint.invokeMultiple(EndPoint.java:122)
	at games.strategy.engine.message.unifiedmessenger.EndPoint.invokeLocal(EndPoint.java:112)
	at games.strategy.engine.message.unifiedmessenger.UnifiedMessenger.invokeAndWait(UnifiedMessenger.java:97)
	at games.strategy.engine.message.UnifiedInvocationHandler.invoke(UnifiedInvocationHandler.java:55)
	at jdk.proxy2/jdk.proxy2.$Proxy14.performMove(Unknown Source)
	at java.base/jdk.internal.reflect.NativeMethodAccessorImpl.invoke0(Native Method)
	at java.base/jdk.internal.reflect.NativeMethodAccessorImpl.invoke(NativeMethodAccessorImpl.java:77)
	at java.base/jdk.internal.reflect.DelegatingMethodAccessorImpl.invoke(DelegatingMethodAccessorImpl.java:43)
	at java.base/java.lang.reflect.Method.invoke(Method.java:569)
	at games.strategy.engine.player.PlayerBridge$GameOverInvocationHandler.invoke(PlayerBridge.java:151)
	at jdk.proxy2/jdk.proxy2.$Proxy14.performMove(Unknown Source)
	at games.strategy.triplea.ai.weak.WeakAi.doMove(WeakAi.java:237)
	at games.strategy.triplea.ai.weak.WeakAi.doCombatMove(WeakAi.java:152)
	at games.strategy.triplea.ai.weak.WeakAi.move(WeakAi.java:124)
	at games.strategy.triplea.ai.AbstractAi.start(AbstractAi.java:521)
	at games.strategy.engine.framework.ServerGame.waitForPlayerToFinishStep(ServerGame.java:648)
	at games.strategy.engine.framework.ServerGame.runStep(ServerGame.java:478)
	at games.strategy.engine.framework.ServerGame.runNextStep(ServerGame.java:365)
	at games.strategy.engine.framework.ServerGame.startGame(ServerGame.java:333)
	at games.strategy.engine.framework.startup.launcher.LocalLauncher.launchInternal(LocalLauncher.java:92)
	at games.strategy.engine.framework.startup.launcher.LocalLauncher.lambda$launch$0(LocalLauncher.java:60)
	at java.base/java.lang.Thread.run(Thread.java:840)
9410 18:26:12.998 [Thread-8] INFO  org.triplea.sound.ClipPlayer - Unable to create audio device, is there audio on the system? Cannot create AudioDevice
javazoom.jl.decoder.JavaLayerException: Cannot create AudioDevice
	at javazoom.jl.player.FactoryRegistry.createAudioDevice(FactoryRegistry.java:97)
	at org.triplea.sound.ClipPlayer.hasAudio(ClipPlayer.java:144)
	at org.triplea.sound.ClipPlayer.isSoundEnabled(ClipPlayer.java:251)
	at org.triplea.sound.ClipPlayer.play(ClipPlayer.java:220)
	at org.triplea.sound.DefaultSoundChannel.playSoundForAll(DefaultSoundChannel.java:22)
	at java.base/jdk.internal.reflect.NativeMethodAccessorImpl.invoke0(Native Method)
	at java.base/jdk.internal.reflect.NativeMethodAccessorImpl.invoke(NativeMethodAccessorImpl.java:77)
	at java.base/jdk.internal.reflect.DelegatingMethodAccessorImpl.invoke(DelegatingMethodAccessorImpl.java:43)
	at java.base/java.lang.reflect.Method.invoke(Method.java:569)
	at games.strategy.engine.message.unifiedmessenger.EndPoint.invokeSingle(EndPoint.java:137)
	at games.strategy.engine.message.unifiedmessenger.EndPoint.lambda$invokeMultiple$0(EndPoint.java:121)
	at java.base/java.util.stream.ReferencePipeline$3$1.accept(ReferencePipeline.java:197)
	at java.base/java.util.Spliterators$ArraySpliterator.forEachRemaining(Spliterators.java:992)
	at java.base/java.util.stream.AbstractPipeline.copyInto(AbstractPipeline.java:509)
	at java.base/java.util.stream.AbstractPipeline.wrapAndCopyInto(AbstractPipeline.java:499)
	at java.base/java.util.stream.ReduceOps$ReduceOp.evaluateSequential(ReduceOps.java:921)
	at java.base/java.util.stream.AbstractPipeline.evaluate(AbstractPipeline.java:234)
	at java.base/java.util.stream.ReferencePipeline.collect(ReferencePipeline.java:682)
	at games.strategy.engine.message.unifiedmessenger.EndPoint.invokeMultiple(EndPoint.java:122)
	at games.strategy.engine.message.unifiedmessenger.EndPoint.invokeLocal(EndPoint.java:112)
	at games.strategy.engine.message.unifiedmessenger.UnifiedMessenger.invoke(UnifiedMessenger.java:153)
	at games.strategy.engine.message.UnifiedInvocationHandler.invoke(UnifiedInvocationHandler.java:47)
	at jdk.proxy2/jdk.proxy2.$Proxy25.playSoundForAll(Unknown Source)
	at java.base/jdk.internal.reflect.NativeMethodAccessorImpl.invoke0(Native Method)
	at java.base/jdk.internal.reflect.NativeMethodAccessorImpl.invoke(NativeMethodAccessorImpl.java:77)
	at java.base/jdk.internal.reflect.DelegatingMethodAccessorImpl.invoke(DelegatingMethodAccessorImpl.java:43)
	at java.base/java.lang.reflect.Method.invoke(Method.java:569)
	at games.strategy.engine.delegate.DelegateExecutionManager.lambda$newOutboundImplementation$1(DelegateExecutionManager.java:79)
	at jdk.proxy2/jdk.proxy2.$Proxy25.playSoundForAll(Unknown Source)
	at games.strategy.triplea.delegate.AbstractPlaceDelegate.placeUnits(AbstractPlaceDelegate.java:302)
	at games.strategy.triplea.delegate.AbstractPlaceDelegate.placeUnits(AbstractPlaceDelegate.java:201)
	at java.base/jdk.internal.reflect.NativeMethodAccessorImpl.invoke0(Native Method)
	at java.base/jdk.internal.reflect.NativeMethodAccessorImpl.invoke(NativeMethodAccessorImpl.java:77)
	at java.base/jdk.internal.reflect.DelegatingMethodAccessorImpl.invoke(DelegatingMethodAccessorImpl.java:43)
	at java.base/java.lang.reflect.Method.invoke(Method.java:569)
	at games.strategy.engine.delegate.DelegateExecutionManager$1.invoke(DelegateExecutionManager.java:120)
	at jdk.proxy2/jdk.proxy2.$Proxy16.placeUnits(Unknown Source)
	at java.base/jdk.internal.reflect.NativeMethodAccessorImpl.invoke0(Native Method)
	at java.base/jdk.internal.reflect.NativeMethodAccessorImpl.invoke(NativeMethodAccessorImpl.java:77)
	at java.base/jdk.internal.reflect.DelegatingMethodAccessorImpl.invoke(DelegatingMethodAccessorImpl.java:43)
	at java.base/java.lang.reflect.Method.invoke(Method.java:569)
	at games.strategy.engine.message.unifiedmessenger.EndPoint.invokeSingle(EndPoint.java:137)
	at games.strategy.engine.message.unifiedmessenger.EndPoint.lambda$invokeMultiple$0(EndPoint.java:121)
	at java.base/java.util.stream.ReferencePipeline$3$1.accept(ReferencePipeline.java:197)
	at java.base/java.util.Spliterators$ArraySpliterator.forEachRemaining(Spliterators.java:992)
	at java.base/java.util.stream.AbstractPipeline.copyInto(AbstractPipeline.java:509)
	at java.base/java.util.stream.AbstractPipeline.wrapAndCopyInto(AbstractPipeline.java:499)
	at java.base/java.util.stream.ReduceOps$ReduceOp.evaluateSequential(ReduceOps.java:921)
	at java.base/java.util.stream.AbstractPipeline.evaluate(AbstractPipeline.java:234)
	at java.base/java.util.stream.ReferencePipeline.collect(ReferencePipeline.java:682)
	at games.strategy.engine.message.unifiedmessenger.EndPoint.invokeMultiple(EndPoint.java:122)
	at games.strategy.engine.message.unifiedmessenger.EndPoint.invokeLocal(EndPoint.java:112)
	at games.strategy.engine.message.unifiedmessenger.UnifiedMessenger.invokeAndWait(UnifiedMessenger.java:97)
	at games.strategy.engine.message.UnifiedInvocationHandler.invoke(UnifiedInvocationHandler.java:55)
	at jdk.proxy2/jdk.proxy2.$Proxy16.placeUnits(Unknown Source)
	at java.base/jdk.internal.reflect.NativeMethodAccessorImpl.invoke0(Native Method)
	at java.base/jdk.internal.reflect.NativeMethodAccessorImpl.invoke(NativeMethodAccessorImpl.java:77)
	at java.base/jdk.internal.reflect.DelegatingMethodAccessorImpl.invoke(DelegatingMethodAccessorImpl.java:43)
	at java.base/java.lang.reflect.Method.invoke(Method.java:569)
	at games.strategy.engine.player.PlayerBridge$GameOverInvocationHandler.invoke(PlayerBridge.java:151)
	at jdk.proxy2/jdk.proxy2.$Proxy16.placeUnits(Unknown Source)
	at games.strategy.triplea.ai.weak.WeakAi.doPlace(WeakAi.java:1110)
	at games.strategy.triplea.ai.weak.WeakAi.placeAllWeCanOn(WeakAi.java:1104)
	at games.strategy.triplea.ai.weak.WeakAi.lambda$place$15(WeakAi.java:1054)
	at java.base/java.util.Optional.ifPresent(Optional.java:178)
	at games.strategy.triplea.ai.weak.WeakAi.place(WeakAi.java:1054)
	at games.strategy.triplea.ai.AbstractAi.start(AbstractAi.java:531)
	at games.strategy.engine.framework.ServerGame.waitForPlayerToFinishStep(ServerGame.java:648)
	at games.strategy.engine.framework.ServerGame.runStep(ServerGame.java:478)
	at games.strategy.engine.framework.ServerGame.runNextStep(ServerGame.java:365)
	at games.strategy.engine.framework.ServerGame.startGame(ServerGame.java:333)
	at games.strategy.engine.framework.startup.launcher.LocalLauncher.launchInternal(LocalLauncher.java:92)
	at games.strategy.engine.framework.startup.launcher.LocalLauncher.lambda$launch$0(LocalLauncher.java:60)
	at java.base/java.lang.Thread.run(Thread.java:840)
10270 18:26:13.858 [Thread-8] INFO  org.triplea.sound.ClipPlayer - Unable to create audio device, is there audio on the system? Cannot create AudioDevice
javazoom.jl.decoder.JavaLayerException: Cannot create AudioDevice
	at javazoom.jl.player.FactoryRegistry.createAudioDevice(FactoryRegistry.java:97)
	at org.triplea.sound.ClipPlayer.hasAudio(ClipPlayer.java:144)
	at org.triplea.sound.ClipPlayer.isSoundEnabled(ClipPlayer.java:251)
	at org.triplea.sound.ClipPlayer.play(ClipPlayer.java:220)
	at org.triplea.sound.DefaultSoundChannel.playSoundForAll(DefaultSoundChannel.java:22)
	at java.base/jdk.internal.reflect.NativeMethodAccessorImpl.invoke0(Native Method)
	at java.base/jdk.internal.reflect.NativeMethodAccessorImpl.invoke(NativeMethodAccessorImpl.java:77)
	at java.base/jdk.internal.reflect.DelegatingMethodAccessorImpl.invoke(DelegatingMethodAccessorImpl.java:43)
	at java.base/java.lang.reflect.Method.invoke(Method.java:569)
	at games.strategy.engine.message.unifiedmessenger.EndPoint.invokeSingle(EndPoint.java:137)
	at games.strategy.engine.message.unifiedmessenger.EndPoint.lambda$invokeMultiple$0(EndPoint.java:121)
	at java.base/java.util.stream.ReferencePipeline$3$1.accept(ReferencePipeline.java:197)
	at java.base/java.util.Spliterators$ArraySpliterator.forEachRemaining(Spliterators.java:992)
	at java.base/java.util.stream.AbstractPipeline.copyInto(AbstractPipeline.java:509)
	at java.base/java.util.stream.AbstractPipeline.wrapAndCopyInto(AbstractPipeline.java:499)
	at java.base/java.util.stream.ReduceOps$ReduceOp.evaluateSequential(ReduceOps.java:921)
	at java.base/java.util.stream.AbstractPipeline.evaluate(AbstractPipeline.java:234)
	at java.base/java.util.stream.ReferencePipeline.collect(ReferencePipeline.java:682)
	at games.strategy.engine.message.unifiedmessenger.EndPoint.invokeMultiple(EndPoint.java:122)
	at games.strategy.engine.message.unifiedmessenger.EndPoint.invokeLocal(EndPoint.java:112)
	at games.strategy.engine.message.unifiedmessenger.UnifiedMessenger.invoke(UnifiedMessenger.java:153)
	at games.strategy.engine.message.UnifiedInvocationHandler.invoke(UnifiedInvocationHandler.java:47)
	at jdk.proxy2/jdk.proxy2.$Proxy25.playSoundForAll(Unknown Source)
	at java.base/jdk.internal.reflect.NativeMethodAccessorImpl.invoke0(Native Method)
	at java.base/jdk.internal.reflect.NativeMethodAccessorImpl.invoke(NativeMethodAccessorImpl.java:77)
	at java.base/jdk.internal.reflect.DelegatingMethodAccessorImpl.invoke(DelegatingMethodAccessorImpl.java:43)
	at java.base/java.lang.reflect.Method.invoke(Method.java:569)
	at games.strategy.engine.delegate.DelegateExecutionManager.lambda$newOutboundImplementation$1(DelegateExecutionManager.java:79)
	at jdk.proxy2/jdk.proxy2.$Proxy25.playSoundForAll(Unknown Source)
	at games.strategy.triplea.delegate.battle.BattleTracker.takeOver(BattleTracker.java:794)
	at games.strategy.triplea.delegate.battle.BattleTracker.addEmptyBattle(BattleTracker.java:523)
	at games.strategy.triplea.delegate.battle.BattleTracker.addBattle(BattleTracker.java:345)
	at games.strategy.triplea.delegate.battle.BattleTracker.addBattle(BattleTracker.java:293)
	at games.strategy.triplea.delegate.MovePerformer$3.execute(MovePerformer.java:267)
	at games.strategy.triplea.delegate.ExecutionStack.execute(ExecutionStack.java:34)
	at games.strategy.triplea.delegate.MovePerformer.populateStack(MovePerformer.java:324)
	at games.strategy.triplea.delegate.MovePerformer.moveUnits(MovePerformer.java:81)
	at games.strategy.triplea.delegate.MoveDelegate.performMove(MoveDelegate.java:675)
	at java.base/jdk.internal.reflect.NativeMethodAccessorImpl.invoke0(Native Method)
	at java.base/jdk.internal.reflect.NativeMethodAccessorImpl.invoke(NativeMethodAccessorImpl.java:77)
	at java.base/jdk.internal.reflect.DelegatingMethodAccessorImpl.invoke(DelegatingMethodAccessorImpl.java:43)
	at java.base/java.lang.reflect.Method.invoke(Method.java:569)
	at games.strategy.engine.delegate.DelegateExecutionManager$1.invoke(DelegateExecutionManager.java:120)
	at jdk.proxy2/jdk.proxy2.$Proxy14.performMove(Unknown Source)
	at java.base/jdk.internal.reflect.NativeMethodAccessorImpl.invoke0(Native Method)
	at java.base/jdk.internal.reflect.NativeMethodAccessorImpl.invoke(NativeMethodAccessorImpl.java:77)
	at java.base/jdk.internal.reflect.DelegatingMethodAccessorImpl.invoke(DelegatingMethodAccessorImpl.java:43)
	at java.base/java.lang.reflect.Method.invoke(Method.java:569)
	at games.strategy.engine.message.unifiedmessenger.EndPoint.invokeSingle(EndPoint.java:137)
	at games.strategy.engine.message.unifiedmessenger.EndPoint.lambda$invokeMultiple$0(EndPoint.java:121)
	at java.base/java.util.stream.ReferencePipeline$3$1.accept(ReferencePipeline.java:197)
	at java.base/java.util.Spliterators$ArraySpliterator.forEachRemaining(Spliterators.java:992)
	at java.base/java.util.stream.AbstractPipeline.copyInto(AbstractPipeline.java:509)
	at java.base/java.util.stream.AbstractPipeline.wrapAndCopyInto(AbstractPipeline.java:499)
	at java.base/java.util.stream.ReduceOps$ReduceOp.evaluateSequential(ReduceOps.java:921)
	at java.base/java.util.stream.AbstractPipeline.evaluate(AbstractPipeline.java:234)
	at java.base/java.util.stream.ReferencePipeline.collect(ReferencePipeline.java:682)
	at games.strategy.engine.message.unifiedmessenger.EndPoint.invokeMultiple(EndPoint.java:122)
	at games.strategy.engine.message.unifiedmessenger.EndPoint.invokeLocal(EndPoint.java:112)
	at games.strategy.engine.message.unifiedmessenger.UnifiedMessenger.invokeAndWait(UnifiedMessenger.java:97)
	at games.strategy.engine.message.UnifiedInvocationHandler.invoke(UnifiedInvocationHandler.java:55)
	at jdk.proxy2/jdk.proxy2.$Proxy14.performMove(Unknown Source)
	at java.base/jdk.internal.reflect.NativeMethodAccessorImpl.invoke0(Native Method)
	at java.base/jdk.internal.reflect.NativeMethodAccessorImpl.invoke(NativeMethodAccessorImpl.java:77)
	at java.base/jdk.internal.reflect.DelegatingMethodAccessorImpl.invoke(DelegatingMethodAccessorImpl.java:43)
	at java.base/java.lang.reflect.Method.invoke(Method.java:569)
	at games.strategy.engine.player.PlayerBridge$GameOverInvocationHandler.invoke(PlayerBridge.java:151)
	at jdk.proxy2/jdk.proxy2.$Proxy14.performMove(Unknown Source)
	at games.strategy.triplea.ai.weak.WeakAi.doMove(WeakAi.java:237)
	at games.strategy.triplea.ai.weak.WeakAi.doCombatMove(WeakAi.java:152)
	at games.strategy.triplea.ai.weak.WeakAi.move(WeakAi.java:124)
	at games.strategy.triplea.ai.AbstractAi.start(AbstractAi.java:521)
	at games.strategy.engine.framework.ServerGame.waitForPlayerToFinishStep(ServerGame.java:648)
	at games.strategy.engine.framework.ServerGame.runStep(ServerGame.java:478)
	at games.strategy.engine.framework.ServerGame.runNextStep(ServerGame.java:365)
	at games.strategy.engine.framework.ServerGame.startGame(ServerGame.java:333)
	at games.strategy.engine.framework.startup.launcher.LocalLauncher.launchInternal(LocalLauncher.java:92)
	at games.strategy.engine.framework.startup.launcher.LocalLauncher.lambda$launch$0(LocalLauncher.java:60)
	at java.base/java.lang.Thread.run(Thread.java:840)
10894 18:26:14.482 [Thread-8] INFO  org.triplea.sound.ClipPlayer - Unable to create audio device, is there audio on the system? Cannot create AudioDevice
javazoom.jl.decoder.JavaLayerException: Cannot create AudioDevice
	at javazoom.jl.player.FactoryRegistry.createAudioDevice(FactoryRegistry.java:97)
	at org.triplea.sound.ClipPlayer.hasAudio(ClipPlayer.java:144)
	at org.triplea.sound.ClipPlayer.isSoundEnabled(ClipPlayer.java:251)
	at org.triplea.sound.ClipPlayer.play(ClipPlayer.java:220)
	at org.triplea.sound.DefaultSoundChannel.playSoundForAll(DefaultSoundChannel.java:22)
	at java.base/jdk.internal.reflect.NativeMethodAccessorImpl.invoke0(Native Method)
	at java.base/jdk.internal.reflect.NativeMethodAccessorImpl.invoke(NativeMethodAccessorImpl.java:77)
	at java.base/jdk.internal.reflect.DelegatingMethodAccessorImpl.invoke(DelegatingMethodAccessorImpl.java:43)
	at java.base/java.lang.reflect.Method.invoke(Method.java:569)
	at games.strategy.engine.message.unifiedmessenger.EndPoint.invokeSingle(EndPoint.java:137)
	at games.strategy.engine.message.unifiedmessenger.EndPoint.lambda$invokeMultiple$0(EndPoint.java:121)
	at java.base/java.util.stream.ReferencePipeline$3$1.accept(ReferencePipeline.java:197)
	at java.base/java.util.Spliterators$ArraySpliterator.forEachRemaining(Spliterators.java:992)
	at java.base/java.util.stream.AbstractPipeline.copyInto(AbstractPipeline.java:509)
	at java.base/java.util.stream.AbstractPipeline.wrapAndCopyInto(AbstractPipeline.java:499)
	at java.base/java.util.stream.ReduceOps$ReduceOp.evaluateSequential(ReduceOps.java:921)
	at java.base/java.util.stream.AbstractPipeline.evaluate(AbstractPipeline.java:234)
	at java.base/java.util.stream.ReferencePipeline.collect(ReferencePipeline.java:682)
	at games.strategy.engine.message.unifiedmessenger.EndPoint.invokeMultiple(EndPoint.java:122)
	at games.strategy.engine.message.unifiedmessenger.EndPoint.invokeLocal(EndPoint.java:112)
	at games.strategy.engine.message.unifiedmessenger.UnifiedMessenger.invoke(UnifiedMessenger.java:153)
	at games.strategy.engine.message.UnifiedInvocationHandler.invoke(UnifiedInvocationHandler.java:47)
	at jdk.proxy2/jdk.proxy2.$Proxy25.playSoundForAll(Unknown Source)
	at java.base/jdk.internal.reflect.NativeMethodAccessorImpl.invoke0(Native Method)
	at java.base/jdk.internal.reflect.NativeMethodAccessorImpl.invoke(NativeMethodAccessorImpl.java:77)
	at java.base/jdk.internal.reflect.DelegatingMethodAccessorImpl.invoke(DelegatingMethodAccessorImpl.java:43)
	at java.base/java.lang.reflect.Method.invoke(Method.java:569)
	at games.strategy.engine.delegate.DelegateExecutionManager.lambda$newOutboundImplementation$1(DelegateExecutionManager.java:79)
	at jdk.proxy2/jdk.proxy2.$Proxy25.playSoundForAll(Unknown Source)
	at games.strategy.triplea.delegate.battle.BattleTracker.takeOver(BattleTracker.java:794)
	at games.strategy.triplea.delegate.battle.BattleTracker.addEmptyBattle(BattleTracker.java:523)
	at games.strategy.triplea.delegate.battle.BattleTracker.addBattle(BattleTracker.java:345)
	at games.strategy.triplea.delegate.battle.BattleTracker.addBattle(BattleTracker.java:293)
	at games.strategy.triplea.delegate.MovePerformer$3.execute(MovePerformer.java:267)
	at games.strategy.triplea.delegate.ExecutionStack.execute(ExecutionStack.java:34)
	at games.strategy.triplea.delegate.MovePerformer.populateStack(MovePerformer.java:324)
	at games.strategy.triplea.delegate.MovePerformer.moveUnits(MovePerformer.java:81)
	at games.strategy.triplea.delegate.MoveDelegate.performMove(MoveDelegate.java:675)
	at jdk.internal.reflect.GeneratedMethodAccessor41.invoke(Unknown Source)
	at java.base/jdk.internal.reflect.DelegatingMethodAccessorImpl.invoke(DelegatingMethodAccessorImpl.java:43)
	at java.base/java.lang.reflect.Method.invoke(Method.java:569)
	at games.strategy.engine.delegate.DelegateExecutionManager$1.invoke(DelegateExecutionManager.java:120)
	at jdk.proxy2/jdk.proxy2.$Proxy14.performMove(Unknown Source)
	at java.base/jdk.internal.reflect.NativeMethodAccessorImpl.invoke0(Native Method)
	at java.base/jdk.internal.reflect.NativeMethodAccessorImpl.invoke(NativeMethodAccessorImpl.java:77)
	at java.base/jdk.internal.reflect.DelegatingMethodAccessorImpl.invoke(DelegatingMethodAccessorImpl.java:43)
	at java.base/java.lang.reflect.Method.invoke(Method.java:569)
	at games.strategy.engine.message.unifiedmessenger.EndPoint.invokeSingle(EndPoint.java:137)
	at games.strategy.engine.message.unifiedmessenger.EndPoint.lambda$invokeMultiple$0(EndPoint.java:121)
	at java.base/java.util.stream.ReferencePipeline$3$1.accept(ReferencePipeline.java:197)
	at java.base/java.util.Spliterators$ArraySpliterator.forEachRemaining(Spliterators.java:992)
	at java.base/java.util.stream.AbstractPipeline.copyInto(AbstractPipeline.java:509)
	at java.base/java.util.stream.AbstractPipeline.wrapAndCopyInto(AbstractPipeline.java:499)
	at java.base/java.util.stream.ReduceOps$ReduceOp.evaluateSequential(ReduceOps.java:921)
	at java.base/java.util.stream.AbstractPipeline.evaluate(AbstractPipeline.java:234)
	at java.base/java.util.stream.ReferencePipeline.collect(ReferencePipeline.java:682)
	at games.strategy.engine.message.unifiedmessenger.EndPoint.invokeMultiple(EndPoint.java:122)
	at games.strategy.engine.message.unifiedmessenger.EndPoint.invokeLocal(EndPoint.java:112)
	at games.strategy.engine.message.unifiedmessenger.UnifiedMessenger.invokeAndWait(UnifiedMessenger.java:97)
	at games.strategy.engine.message.UnifiedInvocationHandler.invoke(UnifiedInvocationHandler.java:55)
	at jdk.proxy2/jdk.proxy2.$Proxy14.performMove(Unknown Source)
	at jdk.internal.reflect.GeneratedMethodAccessor41.invoke(Unknown Source)
	at java.base/jdk.internal.reflect.DelegatingMethodAccessorImpl.invoke(DelegatingMethodAccessorImpl.java:43)
	at java.base/java.lang.reflect.Method.invoke(Method.java:569)
	at games.strategy.engine.player.PlayerBridge$GameOverInvocationHandler.invoke(PlayerBridge.java:151)
	at jdk.proxy2/jdk.proxy2.$Proxy14.performMove(Unknown Source)
	at games.strategy.triplea.ai.weak.WeakAi.doMove(WeakAi.java:237)
	at games.strategy.triplea.ai.weak.WeakAi.doCombatMove(WeakAi.java:152)
	at games.strategy.triplea.ai.weak.WeakAi.move(WeakAi.java:124)
	at games.strategy.triplea.ai.AbstractAi.start(AbstractAi.java:521)
	at games.strategy.engine.framework.ServerGame.waitForPlayerToFinishStep(ServerGame.java:648)
	at games.strategy.engine.framework.ServerGame.runStep(ServerGame.java:478)
	at games.strategy.engine.framework.ServerGame.runNextStep(ServerGame.java:365)
	at games.strategy.engine.framework.ServerGame.startGame(ServerGame.java:333)
	at games.strategy.engine.framework.startup.launcher.LocalLauncher.launchInternal(LocalLauncher.java:92)
	at games.strategy.engine.framework.startup.launcher.LocalLauncher.lambda$launch$0(LocalLauncher.java:60)
	at java.base/java.lang.Thread.run(Thread.java:840)
13159 18:26:16.747 [Thread-8] INFO  org.triplea.sound.ClipPlayer - Unable to create audio device, is there audio on the system? Cannot create AudioDevice
javazoom.jl.decoder.JavaLayerException: Cannot create AudioDevice
	at javazoom.jl.player.FactoryRegistry.createAudioDevice(FactoryRegistry.java:97)
	at org.triplea.sound.ClipPlayer.hasAudio(ClipPlayer.java:144)
	at org.triplea.sound.ClipPlayer.isSoundEnabled(ClipPlayer.java:251)
	at org.triplea.sound.ClipPlayer.play(ClipPlayer.java:220)
	at org.triplea.sound.DefaultSoundChannel.playSoundForAll(DefaultSoundChannel.java:22)
	at java.base/jdk.internal.reflect.NativeMethodAccessorImpl.invoke0(Native Method)
	at java.base/jdk.internal.reflect.NativeMethodAccessorImpl.invoke(NativeMethodAccessorImpl.java:77)
	at java.base/jdk.internal.reflect.DelegatingMethodAccessorImpl.invoke(DelegatingMethodAccessorImpl.java:43)
	at java.base/java.lang.reflect.Method.invoke(Method.java:569)
	at games.strategy.engine.message.unifiedmessenger.EndPoint.invokeSingle(EndPoint.java:137)
	at games.strategy.engine.message.unifiedmessenger.EndPoint.lambda$invokeMultiple$0(EndPoint.java:121)
	at java.base/java.util.stream.ReferencePipeline$3$1.accept(ReferencePipeline.java:197)
	at java.base/java.util.Spliterators$ArraySpliterator.forEachRemaining(Spliterators.java:992)
	at java.base/java.util.stream.AbstractPipeline.copyInto(AbstractPipeline.java:509)
	at java.base/java.util.stream.AbstractPipeline.wrapAndCopyInto(AbstractPipeline.java:499)
	at java.base/java.util.stream.ReduceOps$ReduceOp.evaluateSequential(ReduceOps.java:921)
	at java.base/java.util.stream.AbstractPipeline.evaluate(AbstractPipeline.java:234)
	at java.base/java.util.stream.ReferencePipeline.collect(ReferencePipeline.java:682)
	at games.strategy.engine.message.unifiedmessenger.EndPoint.invokeMultiple(EndPoint.java:122)
	at games.strategy.engine.message.unifiedmessenger.EndPoint.invokeLocal(EndPoint.java:112)
	at games.strategy.engine.message.unifiedmessenger.UnifiedMessenger.invoke(UnifiedMessenger.java:153)
	at games.strategy.engine.message.UnifiedInvocationHandler.invoke(UnifiedInvocationHandler.java:47)
	at jdk.proxy2/jdk.proxy2.$Proxy25.playSoundForAll(Unknown Source)
	at java.base/jdk.internal.reflect.NativeMethodAccessorImpl.invoke0(Native Method)
	at java.base/jdk.internal.reflect.NativeMethodAccessorImpl.invoke(NativeMethodAccessorImpl.java:77)
	at java.base/jdk.internal.reflect.DelegatingMethodAccessorImpl.invoke(DelegatingMethodAccessorImpl.java:43)
	at java.base/java.lang.reflect.Method.invoke(Method.java:569)
	at games.strategy.engine.delegate.DelegateExecutionManager.lambda$newOutboundImplementation$1(DelegateExecutionManager.java:79)
	at jdk.proxy2/jdk.proxy2.$Proxy25.playSoundForAll(Unknown Source)
	at games.strategy.triplea.delegate.AbstractPlaceDelegate.placeUnits(AbstractPlaceDelegate.java:302)
	at games.strategy.triplea.delegate.AbstractPlaceDelegate.placeUnits(AbstractPlaceDelegate.java:201)
	at java.base/jdk.internal.reflect.NativeMethodAccessorImpl.invoke0(Native Method)
	at java.base/jdk.internal.reflect.NativeMethodAccessorImpl.invoke(NativeMethodAccessorImpl.java:77)
	at java.base/jdk.internal.reflect.DelegatingMethodAccessorImpl.invoke(DelegatingMethodAccessorImpl.java:43)
	at java.base/java.lang.reflect.Method.invoke(Method.java:569)
	at games.strategy.engine.delegate.DelegateExecutionManager$1.invoke(DelegateExecutionManager.java:120)
	at jdk.proxy2/jdk.proxy2.$Proxy16.placeUnits(Unknown Source)
	at java.base/jdk.internal.reflect.NativeMethodAccessorImpl.invoke0(Native Method)
	at java.base/jdk.internal.reflect.NativeMethodAccessorImpl.invoke(NativeMethodAccessorImpl.java:77)
	at java.base/jdk.internal.reflect.DelegatingMethodAccessorImpl.invoke(DelegatingMethodAccessorImpl.java:43)
	at java.base/java.lang.reflect.Method.invoke(Method.java:569)
	at games.strategy.engine.message.unifiedmessenger.EndPoint.invokeSingle(EndPoint.java:137)
	at games.strategy.engine.message.unifiedmessenger.EndPoint.lambda$invokeMultiple$0(EndPoint.java:121)
	at java.base/java.util.stream.ReferencePipeline$3$1.accept(ReferencePipeline.java:197)
	at java.base/java.util.Spliterators$ArraySpliterator.forEachRemaining(Spliterators.java:992)
	at java.base/java.util.stream.AbstractPipeline.copyInto(AbstractPipeline.java:509)
	at java.base/java.util.stream.AbstractPipeline.wrapAndCopyInto(AbstractPipeline.java:499)
	at java.base/java.util.stream.ReduceOps$ReduceOp.evaluateSequential(ReduceOps.java:921)
	at java.base/java.util.stream.AbstractPipeline.evaluate(AbstractPipeline.java:234)
	at java.base/java.util.stream.ReferencePipeline.collect(ReferencePipeline.java:682)
	at games.strategy.engine.message.unifiedmessenger.EndPoint.invokeMultiple(EndPoint.java:122)
	at games.strategy.engine.message.unifiedmessenger.EndPoint.invokeLocal(EndPoint.java:112)
	at games.strategy.engine.message.unifiedmessenger.UnifiedMessenger.invokeAndWait(UnifiedMessenger.java:97)
	at games.strategy.engine.message.UnifiedInvocationHandler.invoke(UnifiedInvocationHandler.java:55)
	at jdk.proxy2/jdk.proxy2.$Proxy16.placeUnits(Unknown Source)
	at java.base/jdk.internal.reflect.NativeMethodAccessorImpl.invoke0(Native Method)
	at java.base/jdk.internal.reflect.NativeMethodAccessorImpl.invoke(NativeMethodAccessorImpl.java:77)
	at java.base/jdk.internal.reflect.DelegatingMethodAccessorImpl.invoke(DelegatingMethodAccessorImpl.java:43)
	at java.base/java.lang.reflect.Method.invoke(Method.java:569)
	at games.strategy.engine.player.PlayerBridge$GameOverInvocationHandler.invoke(PlayerBridge.java:151)
	at jdk.proxy2/jdk.proxy2.$Proxy16.placeUnits(Unknown Source)
	at games.strategy.triplea.ai.weak.WeakAi.doPlace(WeakAi.java:1110)
	at games.strategy.triplea.ai.weak.WeakAi.placeAllWeCanOn(WeakAi.java:1104)
	at games.strategy.triplea.ai.weak.WeakAi.lambda$place$15(WeakAi.java:1054)
	at java.base/java.util.Optional.ifPresent(Optional.java:178)
	at games.strategy.triplea.ai.weak.WeakAi.place(WeakAi.java:1054)
	at games.strategy.triplea.ai.AbstractAi.start(AbstractAi.java:531)
	at games.strategy.engine.framework.ServerGame.waitForPlayerToFinishStep(ServerGame.java:648)
	at games.strategy.engine.framework.ServerGame.runStep(ServerGame.java:478)
	at games.strategy.engine.framework.ServerGame.runNextStep(ServerGame.java:365)
	at games.strategy.engine.framework.ServerGame.startGame(ServerGame.java:333)
	at games.strategy.engine.framework.startup.launcher.LocalLauncher.launchInternal(LocalLauncher.java:92)
	at games.strategy.engine.framework.startup.launcher.LocalLauncher.lambda$launch$0(LocalLauncher.java:60)
	at java.base/java.lang.Thread.run(Thread.java:840)
14023 18:26:17.611 [Thread-8] INFO  org.triplea.sound.ClipPlayer - Unable to create audio device, is there audio on the system? Cannot create AudioDevice
javazoom.jl.decoder.JavaLayerException: Cannot create AudioDevice
	at javazoom.jl.player.FactoryRegistry.createAudioDevice(FactoryRegistry.java:97)
	at org.triplea.sound.ClipPlayer.hasAudio(ClipPlayer.java:144)
	at org.triplea.sound.ClipPlayer.isSoundEnabled(ClipPlayer.java:251)
	at org.triplea.sound.ClipPlayer.play(ClipPlayer.java:220)
	at org.triplea.sound.DefaultSoundChannel.playSoundForAll(DefaultSoundChannel.java:22)
	at java.base/jdk.internal.reflect.NativeMethodAccessorImpl.invoke0(Native Method)
	at java.base/jdk.internal.reflect.NativeMethodAccessorImpl.invoke(NativeMethodAccessorImpl.java:77)
	at java.base/jdk.internal.reflect.DelegatingMethodAccessorImpl.invoke(DelegatingMethodAccessorImpl.java:43)
	at java.base/java.lang.reflect.Method.invoke(Method.java:569)
	at games.strategy.engine.message.unifiedmessenger.EndPoint.invokeSingle(EndPoint.java:137)
	at games.strategy.engine.message.unifiedmessenger.EndPoint.lambda$invokeMultiple$0(EndPoint.java:121)
	at java.base/java.util.stream.ReferencePipeline$3$1.accept(ReferencePipeline.java:197)
	at java.base/java.util.Spliterators$ArraySpliterator.forEachRemaining(Spliterators.java:992)
	at java.base/java.util.stream.AbstractPipeline.copyInto(AbstractPipeline.java:509)
	at java.base/java.util.stream.AbstractPipeline.wrapAndCopyInto(AbstractPipeline.java:499)
	at java.base/java.util.stream.ReduceOps$ReduceOp.evaluateSequential(ReduceOps.java:921)
	at java.base/java.util.stream.AbstractPipeline.evaluate(AbstractPipeline.java:234)
	at java.base/java.util.stream.ReferencePipeline.collect(ReferencePipeline.java:682)
	at games.strategy.engine.message.unifiedmessenger.EndPoint.invokeMultiple(EndPoint.java:122)
	at games.strategy.engine.message.unifiedmessenger.EndPoint.invokeLocal(EndPoint.java:112)
	at games.strategy.engine.message.unifiedmessenger.UnifiedMessenger.invoke(UnifiedMessenger.java:153)
	at games.strategy.engine.message.UnifiedInvocationHandler.invoke(UnifiedInvocationHandler.java:47)
	at jdk.proxy2/jdk.proxy2.$Proxy25.playSoundForAll(Unknown Source)
	at java.base/jdk.internal.reflect.NativeMethodAccessorImpl.invoke0(Native Method)
	at java.base/jdk.internal.reflect.NativeMethodAccessorImpl.invoke(NativeMethodAccessorImpl.java:77)
	at java.base/jdk.internal.reflect.DelegatingMethodAccessorImpl.invoke(DelegatingMethodAccessorImpl.java:43)
	at java.base/java.lang.reflect.Method.invoke(Method.java:569)
	at games.strategy.engine.delegate.DelegateExecutionManager.lambda$newOutboundImplementation$1(DelegateExecutionManager.java:79)
	at jdk.proxy2/jdk.proxy2.$Proxy25.playSoundForAll(Unknown Source)
	at games.strategy.triplea.delegate.battle.BattleTracker.takeOver(BattleTracker.java:794)
	at games.strategy.triplea.delegate.battle.BattleTracker.addEmptyBattle(BattleTracker.java:523)
	at games.strategy.triplea.delegate.battle.BattleTracker.addBattle(BattleTracker.java:345)
	at games.strategy.triplea.delegate.battle.BattleTracker.addBattle(BattleTracker.java:293)
	at games.strategy.triplea.delegate.MovePerformer$3.execute(MovePerformer.java:267)
	at games.strategy.triplea.delegate.ExecutionStack.execute(ExecutionStack.java:34)
	at games.strategy.triplea.delegate.MovePerformer.populateStack(MovePerformer.java:324)
	at games.strategy.triplea.delegate.MovePerformer.moveUnits(MovePerformer.java:81)
	at games.strategy.triplea.delegate.MoveDelegate.performMove(MoveDelegate.java:675)
	at jdk.internal.reflect.GeneratedMethodAccessor41.invoke(Unknown Source)
	at java.base/jdk.internal.reflect.DelegatingMethodAccessorImpl.invoke(DelegatingMethodAccessorImpl.java:43)
	at java.base/java.lang.reflect.Method.invoke(Method.java:569)
	at games.strategy.engine.delegate.DelegateExecutionManager$1.invoke(DelegateExecutionManager.java:120)
	at jdk.proxy2/jdk.proxy2.$Proxy14.performMove(Unknown Source)
	at java.base/jdk.internal.reflect.NativeMethodAccessorImpl.invoke0(Native Method)
	at java.base/jdk.internal.reflect.NativeMethodAccessorImpl.invoke(NativeMethodAccessorImpl.java:77)
	at java.base/jdk.internal.reflect.DelegatingMethodAccessorImpl.invoke(DelegatingMethodAccessorImpl.java:43)
	at java.base/java.lang.reflect.Method.invoke(Method.java:569)
	at games.strategy.engine.message.unifiedmessenger.EndPoint.invokeSingle(EndPoint.java:137)
	at games.strategy.engine.message.unifiedmessenger.EndPoint.lambda$invokeMultiple$0(EndPoint.java:121)
	at java.base/java.util.stream.ReferencePipeline$3$1.accept(ReferencePipeline.java:197)
	at java.base/java.util.Spliterators$ArraySpliterator.forEachRemaining(Spliterators.java:992)
	at java.base/java.util.stream.AbstractPipeline.copyInto(AbstractPipeline.java:509)
	at java.base/java.util.stream.AbstractPipeline.wrapAndCopyInto(AbstractPipeline.java:499)
	at java.base/java.util.stream.ReduceOps$ReduceOp.evaluateSequential(ReduceOps.java:921)
	at java.base/java.util.stream.AbstractPipeline.evaluate(AbstractPipeline.java:234)
	at java.base/java.util.stream.ReferencePipeline.collect(ReferencePipeline.java:682)
	at games.strategy.engine.message.unifiedmessenger.EndPoint.invokeMultiple(EndPoint.java:122)
	at games.strategy.engine.message.unifiedmessenger.EndPoint.invokeLocal(EndPoint.java:112)
	at games.strategy.engine.message.unifiedmessenger.UnifiedMessenger.invokeAndWait(UnifiedMessenger.java:97)
	at games.strategy.engine.message.UnifiedInvocationHandler.invoke(UnifiedInvocationHandler.java:55)
	at jdk.proxy2/jdk.proxy2.$Proxy14.performMove(Unknown Source)
	at jdk.internal.reflect.GeneratedMethodAccessor41.invoke(Unknown Source)
	at java.base/jdk.internal.reflect.DelegatingMethodAccessorImpl.invoke(DelegatingMethodAccessorImpl.java:43)
	at java.base/java.lang.reflect.Method.invoke(Method.java:569)
	at games.strategy.engine.player.PlayerBridge$GameOverInvocationHandler.invoke(PlayerBridge.java:151)
	at jdk.proxy2/jdk.proxy2.$Proxy14.performMove(Unknown Source)
	at games.strategy.triplea.ai.weak.WeakAi.doMove(WeakAi.java:237)
	at games.strategy.triplea.ai.weak.WeakAi.doCombatMove(WeakAi.java:152)
	at games.strategy.triplea.ai.weak.WeakAi.move(WeakAi.java:124)
	at games.strategy.triplea.ai.AbstractAi.start(AbstractAi.java:521)
	at games.strategy.engine.framework.ServerGame.waitForPlayerToFinishStep(ServerGame.java:648)
	at games.strategy.engine.framework.ServerGame.runStep(ServerGame.java:478)
	at games.strategy.engine.framework.ServerGame.runNextStep(ServerGame.java:365)
	at games.strategy.engine.framework.ServerGame.startGame(ServerGame.java:333)
	at games.strategy.engine.framework.startup.launcher.LocalLauncher.launchInternal(LocalLauncher.java:92)
	at games.strategy.engine.framework.startup.launcher.LocalLauncher.lambda$launch$0(LocalLauncher.java:60)
	at java.base/java.lang.Thread.run(Thread.java:840)
14657 18:26:18.245 [Thread-8] INFO  org.triplea.sound.ClipPlayer - Unable to create audio device, is there audio on the system? Cannot create AudioDevice
javazoom.jl.decoder.JavaLayerException: Cannot create AudioDevice
	at javazoom.jl.player.FactoryRegistry.createAudioDevice(FactoryRegistry.java:97)
	at org.triplea.sound.ClipPlayer.hasAudio(ClipPlayer.java:144)
	at org.triplea.sound.ClipPlayer.isSoundEnabled(ClipPlayer.java:251)
	at org.triplea.sound.ClipPlayer.play(ClipPlayer.java:220)
	at org.triplea.sound.DefaultSoundChannel.playSoundForAll(DefaultSoundChannel.java:22)
	at java.base/jdk.internal.reflect.NativeMethodAccessorImpl.invoke0(Native Method)
	at java.base/jdk.internal.reflect.NativeMethodAccessorImpl.invoke(NativeMethodAccessorImpl.java:77)
	at java.base/jdk.internal.reflect.DelegatingMethodAccessorImpl.invoke(DelegatingMethodAccessorImpl.java:43)
	at java.base/java.lang.reflect.Method.invoke(Method.java:569)
	at games.strategy.engine.message.unifiedmessenger.EndPoint.invokeSingle(EndPoint.java:137)
	at games.strategy.engine.message.unifiedmessenger.EndPoint.lambda$invokeMultiple$0(EndPoint.java:121)
	at java.base/java.util.stream.ReferencePipeline$3$1.accept(ReferencePipeline.java:197)
	at java.base/java.util.Spliterators$ArraySpliterator.forEachRemaining(Spliterators.java:992)
	at java.base/java.util.stream.AbstractPipeline.copyInto(AbstractPipeline.java:509)
	at java.base/java.util.stream.AbstractPipeline.wrapAndCopyInto(AbstractPipeline.java:499)
	at java.base/java.util.stream.ReduceOps$ReduceOp.evaluateSequential(ReduceOps.java:921)
	at java.base/java.util.stream.AbstractPipeline.evaluate(AbstractPipeline.java:234)
	at java.base/java.util.stream.ReferencePipeline.collect(ReferencePipeline.java:682)
	at games.strategy.engine.message.unifiedmessenger.EndPoint.invokeMultiple(EndPoint.java:122)
	at games.strategy.engine.message.unifiedmessenger.EndPoint.invokeLocal(EndPoint.java:112)
	at games.strategy.engine.message.unifiedmessenger.UnifiedMessenger.invoke(UnifiedMessenger.java:153)
	at games.strategy.engine.message.UnifiedInvocationHandler.invoke(UnifiedInvocationHandler.java:47)
	at jdk.proxy2/jdk.proxy2.$Proxy25.playSoundForAll(Unknown Source)
	at java.base/jdk.internal.reflect.NativeMethodAccessorImpl.invoke0(Native Method)
	at java.base/jdk.internal.reflect.NativeMethodAccessorImpl.invoke(NativeMethodAccessorImpl.java:77)
	at java.base/jdk.internal.reflect.DelegatingMethodAccessorImpl.invoke(DelegatingMethodAccessorImpl.java:43)
	at java.base/java.lang.reflect.Method.invoke(Method.java:569)
	at games.strategy.engine.delegate.DelegateExecutionManager.lambda$newOutboundImplementation$1(DelegateExecutionManager.java:79)
	at jdk.proxy2/jdk.proxy2.$Proxy25.playSoundForAll(Unknown Source)
	at games.strategy.triplea.delegate.battle.BattleTracker.takeOver(BattleTracker.java:794)
	at games.strategy.triplea.delegate.battle.BattleTracker.addEmptyBattle(BattleTracker.java:523)
	at games.strategy.triplea.delegate.battle.BattleTracker.addBattle(BattleTracker.java:345)
	at games.strategy.triplea.delegate.battle.BattleTracker.addBattle(BattleTracker.java:293)
	at games.strategy.triplea.delegate.MovePerformer$3.execute(MovePerformer.java:267)
	at games.strategy.triplea.delegate.ExecutionStack.execute(ExecutionStack.java:34)
	at games.strategy.triplea.delegate.MovePerformer.populateStack(MovePerformer.java:324)
	at games.strategy.triplea.delegate.MovePerformer.moveUnits(MovePerformer.java:81)
	at games.strategy.triplea.delegate.MoveDelegate.performMove(MoveDelegate.java:675)
	at jdk.internal.reflect.GeneratedMethodAccessor41.invoke(Unknown Source)
	at java.base/jdk.internal.reflect.DelegatingMethodAccessorImpl.invoke(DelegatingMethodAccessorImpl.java:43)
	at java.base/java.lang.reflect.Method.invoke(Method.java:569)
	at games.strategy.engine.delegate.DelegateExecutionManager$1.invoke(DelegateExecutionManager.java:120)
	at jdk.proxy2/jdk.proxy2.$Proxy14.performMove(Unknown Source)
	at java.base/jdk.internal.reflect.NativeMethodAccessorImpl.invoke0(Native Method)
	at java.base/jdk.internal.reflect.NativeMethodAccessorImpl.invoke(NativeMethodAccessorImpl.java:77)
	at java.base/jdk.internal.reflect.DelegatingMethodAccessorImpl.invoke(DelegatingMethodAccessorImpl.java:43)
	at java.base/java.lang.reflect.Method.invoke(Method.java:569)
	at games.strategy.engine.message.unifiedmessenger.EndPoint.invokeSingle(EndPoint.java:137)
	at games.strategy.engine.message.unifiedmessenger.EndPoint.lambda$invokeMultiple$0(EndPoint.java:121)
	at java.base/java.util.stream.ReferencePipeline$3$1.accept(ReferencePipeline.java:197)
	at java.base/java.util.Spliterators$ArraySpliterator.forEachRemaining(Spliterators.java:992)
	at java.base/java.util.stream.AbstractPipeline.copyInto(AbstractPipeline.java:509)
	at java.base/java.util.stream.AbstractPipeline.wrapAndCopyInto(AbstractPipeline.java:499)
	at java.base/java.util.stream.ReduceOps$ReduceOp.evaluateSequential(ReduceOps.java:921)
	at java.base/java.util.stream.AbstractPipeline.evaluate(AbstractPipeline.java:234)
	at java.base/java.util.stream.ReferencePipeline.collect(ReferencePipeline.java:682)
	at games.strategy.engine.message.unifiedmessenger.EndPoint.invokeMultiple(EndPoint.java:122)
	at games.strategy.engine.message.unifiedmessenger.EndPoint.invokeLocal(EndPoint.java:112)
	at games.strategy.engine.message.unifiedmessenger.UnifiedMessenger.invokeAndWait(UnifiedMessenger.java:97)
	at games.strategy.engine.message.UnifiedInvocationHandler.invoke(UnifiedInvocationHandler.java:55)
	at jdk.proxy2/jdk.proxy2.$Proxy14.performMove(Unknown Source)
	at jdk.internal.reflect.GeneratedMethodAccessor41.invoke(Unknown Source)
	at java.base/jdk.internal.reflect.DelegatingMethodAccessorImpl.invoke(DelegatingMethodAccessorImpl.java:43)
	at java.base/java.lang.reflect.Method.invoke(Method.java:569)
	at games.strategy.engine.player.PlayerBridge$GameOverInvocationHandler.invoke(PlayerBridge.java:151)
	at jdk.proxy2/jdk.proxy2.$Proxy14.performMove(Unknown Source)
	at games.strategy.triplea.ai.weak.WeakAi.doMove(WeakAi.java:237)
	at games.strategy.triplea.ai.weak.WeakAi.doCombatMove(WeakAi.java:152)
	at games.strategy.triplea.ai.weak.WeakAi.move(WeakAi.java:124)
	at games.strategy.triplea.ai.AbstractAi.start(AbstractAi.java:521)
	at games.strategy.engine.framework.ServerGame.waitForPlayerToFinishStep(ServerGame.java:648)
	at games.strategy.engine.framework.ServerGame.runStep(ServerGame.java:478)
	at games.strategy.engine.framework.ServerGame.runNextStep(ServerGame.java:365)
	at games.strategy.engine.framework.ServerGame.startGame(ServerGame.java:333)
	at games.strategy.engine.framework.startup.launcher.LocalLauncher.launchInternal(LocalLauncher.java:92)
	at games.strategy.engine.framework.startup.launcher.LocalLauncher.lambda$launch$0(LocalLauncher.java:60)
	at java.base/java.lang.Thread.run(Thread.java:840)
16938 18:26:20.526 [Thread-8] INFO  org.triplea.sound.ClipPlayer - Unable to create audio device, is there audio on the system? Cannot create AudioDevice
javazoom.jl.decoder.JavaLayerException: Cannot create AudioDevice
	at javazoom.jl.player.FactoryRegistry.createAudioDevice(FactoryRegistry.java:97)
	at org.triplea.sound.ClipPlayer.hasAudio(ClipPlayer.java:144)
	at org.triplea.sound.ClipPlayer.isSoundEnabled(ClipPlayer.java:251)
	at org.triplea.sound.ClipPlayer.play(ClipPlayer.java:220)
	at org.triplea.sound.DefaultSoundChannel.playSoundForAll(DefaultSoundChannel.java:22)
	at java.base/jdk.internal.reflect.NativeMethodAccessorImpl.invoke0(Native Method)
	at java.base/jdk.internal.reflect.NativeMethodAccessorImpl.invoke(NativeMethodAccessorImpl.java:77)
	at java.base/jdk.internal.reflect.DelegatingMethodAccessorImpl.invoke(DelegatingMethodAccessorImpl.java:43)
	at java.base/java.lang.reflect.Method.invoke(Method.java:569)
	at games.strategy.engine.message.unifiedmessenger.EndPoint.invokeSingle(EndPoint.java:137)
	at games.strategy.engine.message.unifiedmessenger.EndPoint.lambda$invokeMultiple$0(EndPoint.java:121)
	at java.base/java.util.stream.ReferencePipeline$3$1.accept(ReferencePipeline.java:197)
	at java.base/java.util.Spliterators$ArraySpliterator.forEachRemaining(Spliterators.java:992)
	at java.base/java.util.stream.AbstractPipeline.copyInto(AbstractPipeline.java:509)
	at java.base/java.util.stream.AbstractPipeline.wrapAndCopyInto(AbstractPipeline.java:499)
	at java.base/java.util.stream.ReduceOps$ReduceOp.evaluateSequential(ReduceOps.java:921)
	at java.base/java.util.stream.AbstractPipeline.evaluate(AbstractPipeline.java:234)
	at java.base/java.util.stream.ReferencePipeline.collect(ReferencePipeline.java:682)
	at games.strategy.engine.message.unifiedmessenger.EndPoint.invokeMultiple(EndPoint.java:122)
	at games.strategy.engine.message.unifiedmessenger.EndPoint.invokeLocal(EndPoint.java:112)
	at games.strategy.engine.message.unifiedmessenger.UnifiedMessenger.invoke(UnifiedMessenger.java:153)
	at games.strategy.engine.message.UnifiedInvocationHandler.invoke(UnifiedInvocationHandler.java:47)
	at jdk.proxy2/jdk.proxy2.$Proxy25.playSoundForAll(Unknown Source)
	at java.base/jdk.internal.reflect.NativeMethodAccessorImpl.invoke0(Native Method)
	at java.base/jdk.internal.reflect.NativeMethodAccessorImpl.invoke(NativeMethodAccessorImpl.java:77)
	at java.base/jdk.internal.reflect.DelegatingMethodAccessorImpl.invoke(DelegatingMethodAccessorImpl.java:43)
	at java.base/java.lang.reflect.Method.invoke(Method.java:569)
	at games.strategy.engine.delegate.DelegateExecutionManager.lambda$newOutboundImplementation$1(DelegateExecutionManager.java:79)
	at jdk.proxy2/jdk.proxy2.$Proxy25.playSoundForAll(Unknown Source)
	at games.strategy.triplea.delegate.AbstractPlaceDelegate.placeUnits(AbstractPlaceDelegate.java:302)
	at games.strategy.triplea.delegate.AbstractPlaceDelegate.placeUnits(AbstractPlaceDelegate.java:201)
	at java.base/jdk.internal.reflect.NativeMethodAccessorImpl.invoke0(Native Method)
	at java.base/jdk.internal.reflect.NativeMethodAccessorImpl.invoke(NativeMethodAccessorImpl.java:77)
	at java.base/jdk.internal.reflect.DelegatingMethodAccessorImpl.invoke(DelegatingMethodAccessorImpl.java:43)
	at java.base/java.lang.reflect.Method.invoke(Method.java:569)
	at games.strategy.engine.delegate.DelegateExecutionManager$1.invoke(DelegateExecutionManager.java:120)
	at jdk.proxy2/jdk.proxy2.$Proxy16.placeUnits(Unknown Source)
	at java.base/jdk.internal.reflect.NativeMethodAccessorImpl.invoke0(Native Method)
	at java.base/jdk.internal.reflect.NativeMethodAccessorImpl.invoke(NativeMethodAccessorImpl.java:77)
	at java.base/jdk.internal.reflect.DelegatingMethodAccessorImpl.invoke(DelegatingMethodAccessorImpl.java:43)
	at java.base/java.lang.reflect.Method.invoke(Method.java:569)
	at games.strategy.engine.message.unifiedmessenger.EndPoint.invokeSingle(EndPoint.java:137)
	at games.strategy.engine.message.unifiedmessenger.EndPoint.lambda$invokeMultiple$0(EndPoint.java:121)
	at java.base/java.util.stream.ReferencePipeline$3$1.accept(ReferencePipeline.java:197)
	at java.base/java.util.Spliterators$ArraySpliterator.forEachRemaining(Spliterators.java:992)
	at java.base/java.util.stream.AbstractPipeline.copyInto(AbstractPipeline.java:509)
	at java.base/java.util.stream.AbstractPipeline.wrapAndCopyInto(AbstractPipeline.java:499)
	at java.base/java.util.stream.ReduceOps$ReduceOp.evaluateSequential(ReduceOps.java:921)
	at java.base/java.util.stream.AbstractPipeline.evaluate(AbstractPipeline.java:234)
	at java.base/java.util.stream.ReferencePipeline.collect(ReferencePipeline.java:682)
	at games.strategy.engine.message.unifiedmessenger.EndPoint.invokeMultiple(EndPoint.java:122)
	at games.strategy.engine.message.unifiedmessenger.EndPoint.invokeLocal(EndPoint.java:112)
	at games.strategy.engine.message.unifiedmessenger.UnifiedMessenger.invokeAndWait(UnifiedMessenger.java:97)
	at games.strategy.engine.message.UnifiedInvocationHandler.invoke(UnifiedInvocationHandler.java:55)
	at jdk.proxy2/jdk.proxy2.$Proxy16.placeUnits(Unknown Source)
	at java.base/jdk.internal.reflect.NativeMethodAccessorImpl.invoke0(Native Method)
	at java.base/jdk.internal.reflect.NativeMethodAccessorImpl.invoke(NativeMethodAccessorImpl.java:77)
	at java.base/jdk.internal.reflect.DelegatingMethodAccessorImpl.invoke(DelegatingMethodAccessorImpl.java:43)
	at java.base/java.lang.reflect.Method.invoke(Method.java:569)
	at games.strategy.engine.player.PlayerBridge$GameOverInvocationHandler.invoke(PlayerBridge.java:151)
	at jdk.proxy2/jdk.proxy2.$Proxy16.placeUnits(Unknown Source)
	at games.strategy.triplea.ai.weak.WeakAi.doPlace(WeakAi.java:1110)
	at games.strategy.triplea.ai.weak.WeakAi.placeAllWeCanOn(WeakAi.java:1104)
	at games.strategy.triplea.ai.weak.WeakAi.lambda$place$15(WeakAi.java:1054)
	at java.base/java.util.Optional.ifPresent(Optional.java:178)
	at games.strategy.triplea.ai.weak.WeakAi.place(WeakAi.java:1054)
	at games.strategy.triplea.ai.AbstractAi.start(AbstractAi.java:531)
	at games.strategy.engine.framework.ServerGame.waitForPlayerToFinishStep(ServerGame.java:648)
	at games.strategy.engine.framework.ServerGame.runStep(ServerGame.java:478)
	at games.strategy.engine.framework.ServerGame.runNextStep(ServerGame.java:365)
	at games.strategy.engine.framework.ServerGame.startGame(ServerGame.java:333)
	at games.strategy.engine.framework.startup.launcher.LocalLauncher.launchInternal(LocalLauncher.java:92)
	at games.strategy.engine.framework.startup.launcher.LocalLauncher.lambda$launch$0(LocalLauncher.java:60)
	at java.base/java.lang.Thread.run(Thread.java:840)
