590525 23:54:03.096 [Thread-8] INFO  org.triplea.sound.ClipPlayer - Unable to create audio device, is there audio on the system? Cannot create AudioDevice
javazoom.jl.decoder.JavaLayerException: Cannot create AudioDevice
	at javazoom.jl.player.FactoryRegistry.createAudioDevice(FactoryRegistry.java:97)
	at org.triplea.sound.ClipPlayer.hasAudio(ClipPlayer.java:144)
	at org.triplea.sound.ClipPlayer.isSoundEnabled(ClipPlayer.java:251)
	at org.triplea.sound.ClipPlayer.play(ClipPlayer.java:220)
	at org.triplea.sound.DefaultSoundChannel.playSoundForAll(DefaultSoundChannel.java:22)
	at jdk.internal.reflect.GeneratedMethodAccessor57.invoke(Unknown Source)
	at java.base/jdk.internal.reflect.DelegatingMethodAccessorImpl.invoke(DelegatingMethodAccessorImpl.java:43)
	at java.base/java.lang.reflect.Method.invoke(Method.java:569)
	at games.strategy.engine.message.unifiedmessenger.EndPoint.invokeSingle(EndPoint.java:137)
	at games.strategy.engine.message.unifiedmessenger.EndPoint.lambda$invokeMultiple$0(EndPoint.java:121)
	at java.base/java.util.stream.ReferencePipeline$3$1.accept(ReferencePipeline.java:197)
	at java.base/java.util.Spliterators$ArraySpliterator.forEachRemaining(Spliterators.java:992)
	at java.base/java.util.stream.AbstractPipeline.copyInto(AbstractPipeline.java:509)
	at java.base/java.util.stream.AbstractPipeline.wrapAndCopyInto(AbstractPipeline.java:499)
	at java.base/java.util.stream.ReduceOps$ReduceOp.evaluateSequential(ReduceOps.java:921)
	at java.base/java.util.stream.AbstractPipeline.evaluate(AbstractPipeline.java:234)
	at java.base/java.util.stream.ReferencePipeline.collect(ReferencePipeline.java:682)
	at games.strategy.engine.message.unifiedmessenger.EndPoint.invokeMultiple(EndPoint.java:122)
	at games.strategy.engine.message.unifiedmessenger.EndPoint.invokeLocal(EndPoint.java:112)
	at games.strategy.engine.message.unifiedmessenger.UnifiedMessenger.invoke(UnifiedMessenger.java:153)
	at games.strategy.engine.message.UnifiedInvocationHandler.invoke(UnifiedInvocationHandler.java:47)
	at jdk.proxy2/jdk.proxy2.$Proxy25.playSoundForAll(Unknown Source)
	at jdk.internal.reflect.GeneratedMethodAccessor56.invoke(Unknown Source)
	at java.base/jdk.internal.reflect.DelegatingMethodAccessorImpl.invoke(DelegatingMethodAccessorImpl.java:43)
	at java.base/java.lang.reflect.Method.invoke(Method.java:569)
	at games.strategy.engine.delegate.DelegateExecutionManager.lambda$newOutboundImplementation$1(DelegateExecutionManager.java:79)
	at jdk.proxy2/jdk.proxy2.$Proxy25.playSoundForAll(Unknown Source)
	at games.strategy.triplea.delegate.AbstractPlaceDelegate.placeUnits(AbstractPlaceDelegate.java:302)
	at games.strategy.triplea.delegate.AbstractPlaceDelegate.placeUnits(AbstractPlaceDelegate.java:201)
	at jdk.internal.reflect.GeneratedMethodAccessor54.invoke(Unknown Source)
	at java.base/jdk.internal.reflect.DelegatingMethodAccessorImpl.invoke(DelegatingMethodAccessorImpl.java:43)
	at java.base/java.lang.reflect.Method.invoke(Method.java:569)
	at games.strategy.engine.delegate.DelegateExecutionManager$1.invoke(DelegateExecutionManager.java:120)
	at jdk.proxy2/jdk.proxy2.$Proxy16.placeUnits(Unknown Source)
	at jdk.internal.reflect.GeneratedMethodAccessor67.invoke(Unknown Source)
	at java.base/jdk.internal.reflect.DelegatingMethodAccessorImpl.invoke(DelegatingMethodAccessorImpl.java:43)
	at java.base/java.lang.reflect.Method.invoke(Method.java:569)
	at games.strategy.engine.message.unifiedmessenger.EndPoint.invokeSingle(EndPoint.java:137)
	at games.strategy.engine.message.unifiedmessenger.EndPoint.lambda$invokeMultiple$0(EndPoint.java:121)
	at java.base/java.util.stream.ReferencePipeline$3$1.accept(ReferencePipeline.java:197)
	at java.base/java.util.Spliterators$ArraySpliterator.forEachRemaining(Spliterators.java:992)
	at java.base/java.util.stream.AbstractPipeline.copyInto(AbstractPipeline.java:509)
	at java.base/java.util.stream.AbstractPipeline.wrapAndCopyInto(AbstractPipeline.java:499)
	at java.base/java.util.stream.ReduceOps$ReduceOp.evaluateSequential(ReduceOps.java:921)
	at java.base/java.util.stream.AbstractPipeline.evaluate(AbstractPipeline.java:234)
	at java.base/java.util.stream.ReferencePipeline.collect(ReferencePipeline.java:682)
	at games.strategy.engine.message.unifiedmessenger.EndPoint.invokeMultiple(EndPoint.java:122)
	at games.strategy.engine.message.unifiedmessenger.EndPoint.invokeLocal(EndPoint.java:112)
	at games.strategy.engine.message.unifiedmessenger.UnifiedMessenger.invokeAndWait(UnifiedMessenger.java:97)
	at games.strategy.engine.message.UnifiedInvocationHandler.invoke(UnifiedInvocationHandler.java:55)
	at jdk.proxy2/jdk.proxy2.$Proxy16.placeUnits(Unknown Source)
	at jdk.internal.reflect.GeneratedMethodAccessor54.invoke(Unknown Source)
	at java.base/jdk.internal.reflect.DelegatingMethodAccessorImpl.invoke(DelegatingMethodAccessorImpl.java:43)
	at java.base/java.lang.reflect.Method.invoke(Method.java:569)
	at games.strategy.engine.player.PlayerBridge$GameOverInvocationHandler.invoke(PlayerBridge.java:151)
	at jdk.proxy2/jdk.proxy2.$Proxy16.placeUnits(Unknown Source)
	at games.strategy.triplea.ai.tripleMind.ProPurchaseAi.doPlace(ProPurchaseAi.java:2627)
	at games.strategy.triplea.ai.tripleMind.ProPurchaseAi.placeUnits(ProPurchaseAi.java:2545)
	at games.strategy.triplea.ai.tripleMind.ProPurchaseAi.place(ProPurchaseAi.java:562)
	at games.strategy.triplea.ai.tripleMind.AbstractTripleMindAi.place(AbstractTripleMindAi.java:380)
	at games.strategy.triplea.ai.AbstractAi.start(AbstractAi.java:531)
	at games.strategy.engine.framework.ServerGame.waitForPlayerToFinishStep(ServerGame.java:648)
	at games.strategy.engine.framework.ServerGame.runStep(ServerGame.java:478)
	at games.strategy.engine.framework.ServerGame.runNextStep(ServerGame.java:365)
	at games.strategy.engine.framework.ServerGame.startGame(ServerGame.java:333)
	at games.strategy.engine.framework.startup.launcher.LocalLauncher.launchInternal(LocalLauncher.java:92)
	at games.strategy.engine.framework.startup.launcher.LocalLauncher.lambda$launch$0(LocalLauncher.java:60)
	at java.base/java.lang.Thread.run(Thread.java:840)
590638 23:54:03.209 [Thread-8] INFO  org.triplea.sound.ClipPlayer - Unable to create audio device, is there audio on the system? Cannot create AudioDevice
javazoom.jl.decoder.JavaLayerException: Cannot create AudioDevice
	at javazoom.jl.player.FactoryRegistry.createAudioDevice(FactoryRegistry.java:97)
	at org.triplea.sound.ClipPlayer.hasAudio(ClipPlayer.java:144)
	at org.triplea.sound.ClipPlayer.isSoundEnabled(ClipPlayer.java:251)
	at org.triplea.sound.ClipPlayer.play(ClipPlayer.java:220)
	at org.triplea.sound.DefaultSoundChannel.playSoundForAll(DefaultSoundChannel.java:22)
	at jdk.internal.reflect.GeneratedMethodAccessor57.invoke(Unknown Source)
	at java.base/jdk.internal.reflect.DelegatingMethodAccessorImpl.invoke(DelegatingMethodAccessorImpl.java:43)
	at java.base/java.lang.reflect.Method.invoke(Method.java:569)
	at games.strategy.engine.message.unifiedmessenger.EndPoint.invokeSingle(EndPoint.java:137)
	at games.strategy.engine.message.unifiedmessenger.EndPoint.lambda$invokeMultiple$0(EndPoint.java:121)
	at java.base/java.util.stream.ReferencePipeline$3$1.accept(ReferencePipeline.java:197)
	at java.base/java.util.Spliterators$ArraySpliterator.forEachRemaining(Spliterators.java:992)
	at java.base/java.util.stream.AbstractPipeline.copyInto(AbstractPipeline.java:509)
	at java.base/java.util.stream.AbstractPipeline.wrapAndCopyInto(AbstractPipeline.java:499)
	at java.base/java.util.stream.ReduceOps$ReduceOp.evaluateSequential(ReduceOps.java:921)
	at java.base/java.util.stream.AbstractPipeline.evaluate(AbstractPipeline.java:234)
	at java.base/java.util.stream.ReferencePipeline.collect(ReferencePipeline.java:682)
	at games.strategy.engine.message.unifiedmessenger.EndPoint.invokeMultiple(EndPoint.java:122)
	at games.strategy.engine.message.unifiedmessenger.EndPoint.invokeLocal(EndPoint.java:112)
	at games.strategy.engine.message.unifiedmessenger.UnifiedMessenger.invoke(UnifiedMessenger.java:153)
	at games.strategy.engine.message.UnifiedInvocationHandler.invoke(UnifiedInvocationHandler.java:47)
	at jdk.proxy2/jdk.proxy2.$Proxy25.playSoundForAll(Unknown Source)
	at jdk.internal.reflect.GeneratedMethodAccessor56.invoke(Unknown Source)
	at java.base/jdk.internal.reflect.DelegatingMethodAccessorImpl.invoke(DelegatingMethodAccessorImpl.java:43)
	at java.base/java.lang.reflect.Method.invoke(Method.java:569)
	at games.strategy.engine.delegate.DelegateExecutionManager.lambda$newOutboundImplementation$1(DelegateExecutionManager.java:79)
	at jdk.proxy2/jdk.proxy2.$Proxy25.playSoundForAll(Unknown Source)
	at games.strategy.triplea.delegate.AbstractPlaceDelegate.placeUnits(AbstractPlaceDelegate.java:302)
	at games.strategy.triplea.delegate.AbstractPlaceDelegate.placeUnits(AbstractPlaceDelegate.java:201)
	at jdk.internal.reflect.GeneratedMethodAccessor54.invoke(Unknown Source)
	at java.base/jdk.internal.reflect.DelegatingMethodAccessorImpl.invoke(DelegatingMethodAccessorImpl.java:43)
	at java.base/java.lang.reflect.Method.invoke(Method.java:569)
	at games.strategy.engine.delegate.DelegateExecutionManager$1.invoke(DelegateExecutionManager.java:120)
	at jdk.proxy2/jdk.proxy2.$Proxy16.placeUnits(Unknown Source)
	at jdk.internal.reflect.GeneratedMethodAccessor67.invoke(Unknown Source)
	at java.base/jdk.internal.reflect.DelegatingMethodAccessorImpl.invoke(DelegatingMethodAccessorImpl.java:43)
	at java.base/java.lang.reflect.Method.invoke(Method.java:569)
	at games.strategy.engine.message.unifiedmessenger.EndPoint.invokeSingle(EndPoint.java:137)
	at games.strategy.engine.message.unifiedmessenger.EndPoint.lambda$invokeMultiple$0(EndPoint.java:121)
	at java.base/java.util.stream.ReferencePipeline$3$1.accept(ReferencePipeline.java:197)
	at java.base/java.util.Spliterators$ArraySpliterator.forEachRemaining(Spliterators.java:992)
	at java.base/java.util.stream.AbstractPipeline.copyInto(AbstractPipeline.java:509)
	at java.base/java.util.stream.AbstractPipeline.wrapAndCopyInto(AbstractPipeline.java:499)
	at java.base/java.util.stream.ReduceOps$ReduceOp.evaluateSequential(ReduceOps.java:921)
	at java.base/java.util.stream.AbstractPipeline.evaluate(AbstractPipeline.java:234)
	at java.base/java.util.stream.ReferencePipeline.collect(ReferencePipeline.java:682)
	at games.strategy.engine.message.unifiedmessenger.EndPoint.invokeMultiple(EndPoint.java:122)
	at games.strategy.engine.message.unifiedmessenger.EndPoint.invokeLocal(EndPoint.java:112)
	at games.strategy.engine.message.unifiedmessenger.UnifiedMessenger.invokeAndWait(UnifiedMessenger.java:97)
	at games.strategy.engine.message.UnifiedInvocationHandler.invoke(UnifiedInvocationHandler.java:55)
	at jdk.proxy2/jdk.proxy2.$Proxy16.placeUnits(Unknown Source)
	at jdk.internal.reflect.GeneratedMethodAccessor54.invoke(Unknown Source)
	at java.base/jdk.internal.reflect.DelegatingMethodAccessorImpl.invoke(DelegatingMethodAccessorImpl.java:43)
	at java.base/java.lang.reflect.Method.invoke(Method.java:569)
	at games.strategy.engine.player.PlayerBridge$GameOverInvocationHandler.invoke(PlayerBridge.java:151)
	at jdk.proxy2/jdk.proxy2.$Proxy16.placeUnits(Unknown Source)
	at games.strategy.triplea.ai.tripleMind.ProPurchaseAi.doPlace(ProPurchaseAi.java:2627)
	at games.strategy.triplea.ai.tripleMind.ProPurchaseAi.placeUnits(ProPurchaseAi.java:2545)
	at games.strategy.triplea.ai.tripleMind.ProPurchaseAi.place(ProPurchaseAi.java:562)
	at games.strategy.triplea.ai.tripleMind.AbstractTripleMindAi.place(AbstractTripleMindAi.java:380)
	at games.strategy.triplea.ai.AbstractAi.start(AbstractAi.java:531)
	at games.strategy.engine.framework.ServerGame.waitForPlayerToFinishStep(ServerGame.java:648)
	at games.strategy.engine.framework.ServerGame.runStep(ServerGame.java:478)
	at games.strategy.engine.framework.ServerGame.runNextStep(ServerGame.java:365)
	at games.strategy.engine.framework.ServerGame.startGame(ServerGame.java:333)
	at games.strategy.engine.framework.startup.launcher.LocalLauncher.launchInternal(LocalLauncher.java:92)
	at games.strategy.engine.framework.startup.launcher.LocalLauncher.lambda$launch$0(LocalLauncher.java:60)
	at java.base/java.lang.Thread.run(Thread.java:840)
590757 23:54:03.328 [Thread-8] INFO  org.triplea.sound.ClipPlayer - Unable to create audio device, is there audio on the system? Cannot create AudioDevice
javazoom.jl.decoder.JavaLayerException: Cannot create AudioDevice
	at javazoom.jl.player.FactoryRegistry.createAudioDevice(FactoryRegistry.java:97)
	at org.triplea.sound.ClipPlayer.hasAudio(ClipPlayer.java:144)
	at org.triplea.sound.ClipPlayer.isSoundEnabled(ClipPlayer.java:251)
	at org.triplea.sound.ClipPlayer.play(ClipPlayer.java:220)
	at org.triplea.sound.DefaultSoundChannel.playSoundForAll(DefaultSoundChannel.java:22)
	at jdk.internal.reflect.GeneratedMethodAccessor57.invoke(Unknown Source)
	at java.base/jdk.internal.reflect.DelegatingMethodAccessorImpl.invoke(DelegatingMethodAccessorImpl.java:43)
	at java.base/java.lang.reflect.Method.invoke(Method.java:569)
	at games.strategy.engine.message.unifiedmessenger.EndPoint.invokeSingle(EndPoint.java:137)
	at games.strategy.engine.message.unifiedmessenger.EndPoint.lambda$invokeMultiple$0(EndPoint.java:121)
	at java.base/java.util.stream.ReferencePipeline$3$1.accept(ReferencePipeline.java:197)
	at java.base/java.util.Spliterators$ArraySpliterator.forEachRemaining(Spliterators.java:992)
	at java.base/java.util.stream.AbstractPipeline.copyInto(AbstractPipeline.java:509)
	at java.base/java.util.stream.AbstractPipeline.wrapAndCopyInto(AbstractPipeline.java:499)
	at java.base/java.util.stream.ReduceOps$ReduceOp.evaluateSequential(ReduceOps.java:921)
	at java.base/java.util.stream.AbstractPipeline.evaluate(AbstractPipeline.java:234)
	at java.base/java.util.stream.ReferencePipeline.collect(ReferencePipeline.java:682)
	at games.strategy.engine.message.unifiedmessenger.EndPoint.invokeMultiple(EndPoint.java:122)
	at games.strategy.engine.message.unifiedmessenger.EndPoint.invokeLocal(EndPoint.java:112)
	at games.strategy.engine.message.unifiedmessenger.UnifiedMessenger.invoke(UnifiedMessenger.java:153)
	at games.strategy.engine.message.UnifiedInvocationHandler.invoke(UnifiedInvocationHandler.java:47)
	at jdk.proxy2/jdk.proxy2.$Proxy25.playSoundForAll(Unknown Source)
	at jdk.internal.reflect.GeneratedMethodAccessor56.invoke(Unknown Source)
	at java.base/jdk.internal.reflect.DelegatingMethodAccessorImpl.invoke(DelegatingMethodAccessorImpl.java:43)
	at java.base/java.lang.reflect.Method.invoke(Method.java:569)
	at games.strategy.engine.delegate.DelegateExecutionManager.lambda$newOutboundImplementation$1(DelegateExecutionManager.java:79)
	at jdk.proxy2/jdk.proxy2.$Proxy25.playSoundForAll(Unknown Source)
	at games.strategy.triplea.delegate.AbstractPlaceDelegate.placeUnits(AbstractPlaceDelegate.java:302)
	at games.strategy.triplea.delegate.AbstractPlaceDelegate.placeUnits(AbstractPlaceDelegate.java:201)
	at jdk.internal.reflect.GeneratedMethodAccessor54.invoke(Unknown Source)
	at java.base/jdk.internal.reflect.DelegatingMethodAccessorImpl.invoke(DelegatingMethodAccessorImpl.java:43)
	at java.base/java.lang.reflect.Method.invoke(Method.java:569)
	at games.strategy.engine.delegate.DelegateExecutionManager$1.invoke(DelegateExecutionManager.java:120)
	at jdk.proxy2/jdk.proxy2.$Proxy16.placeUnits(Unknown Source)
	at jdk.internal.reflect.GeneratedMethodAccessor67.invoke(Unknown Source)
	at java.base/jdk.internal.reflect.DelegatingMethodAccessorImpl.invoke(DelegatingMethodAccessorImpl.java:43)
	at java.base/java.lang.reflect.Method.invoke(Method.java:569)
	at games.strategy.engine.message.unifiedmessenger.EndPoint.invokeSingle(EndPoint.java:137)
	at games.strategy.engine.message.unifiedmessenger.EndPoint.lambda$invokeMultiple$0(EndPoint.java:121)
	at java.base/java.util.stream.ReferencePipeline$3$1.accept(ReferencePipeline.java:197)
	at java.base/java.util.Spliterators$ArraySpliterator.forEachRemaining(Spliterators.java:992)
	at java.base/java.util.stream.AbstractPipeline.copyInto(AbstractPipeline.java:509)
	at java.base/java.util.stream.AbstractPipeline.wrapAndCopyInto(AbstractPipeline.java:499)
	at java.base/java.util.stream.ReduceOps$ReduceOp.evaluateSequential(ReduceOps.java:921)
	at java.base/java.util.stream.AbstractPipeline.evaluate(AbstractPipeline.java:234)
	at java.base/java.util.stream.ReferencePipeline.collect(ReferencePipeline.java:682)
	at games.strategy.engine.message.unifiedmessenger.EndPoint.invokeMultiple(EndPoint.java:122)
	at games.strategy.engine.message.unifiedmessenger.EndPoint.invokeLocal(EndPoint.java:112)
	at games.strategy.engine.message.unifiedmessenger.UnifiedMessenger.invokeAndWait(UnifiedMessenger.java:97)
	at games.strategy.engine.message.UnifiedInvocationHandler.invoke(UnifiedInvocationHandler.java:55)
	at jdk.proxy2/jdk.proxy2.$Proxy16.placeUnits(Unknown Source)
	at jdk.internal.reflect.GeneratedMethodAccessor54.invoke(Unknown Source)
	at java.base/jdk.internal.reflect.DelegatingMethodAccessorImpl.invoke(DelegatingMethodAccessorImpl.java:43)
	at java.base/java.lang.reflect.Method.invoke(Method.java:569)
	at games.strategy.engine.player.PlayerBridge$GameOverInvocationHandler.invoke(PlayerBridge.java:151)
	at jdk.proxy2/jdk.proxy2.$Proxy16.placeUnits(Unknown Source)
	at games.strategy.triplea.ai.tripleMind.ProPurchaseAi.doPlace(ProPurchaseAi.java:2627)
	at games.strategy.triplea.ai.tripleMind.ProPurchaseAi.placeUnits(ProPurchaseAi.java:2545)
	at games.strategy.triplea.ai.tripleMind.ProPurchaseAi.place(ProPurchaseAi.java:562)
	at games.strategy.triplea.ai.tripleMind.AbstractTripleMindAi.place(AbstractTripleMindAi.java:380)
	at games.strategy.triplea.ai.AbstractAi.start(AbstractAi.java:531)
	at games.strategy.engine.framework.ServerGame.waitForPlayerToFinishStep(ServerGame.java:648)
	at games.strategy.engine.framework.ServerGame.runStep(ServerGame.java:478)
	at games.strategy.engine.framework.ServerGame.runNextStep(ServerGame.java:365)
	at games.strategy.engine.framework.ServerGame.startGame(ServerGame.java:333)
	at games.strategy.engine.framework.startup.launcher.LocalLauncher.launchInternal(LocalLauncher.java:92)
	at games.strategy.engine.framework.startup.launcher.LocalLauncher.lambda$launch$0(LocalLauncher.java:60)
	at java.base/java.lang.Thread.run(Thread.java:840)
590874 23:54:03.445 [Thread-8] INFO  org.triplea.sound.ClipPlayer - Unable to create audio device, is there audio on the system? Cannot create AudioDevice
javazoom.jl.decoder.JavaLayerException: Cannot create AudioDevice
	at javazoom.jl.player.FactoryRegistry.createAudioDevice(FactoryRegistry.java:97)
	at org.triplea.sound.ClipPlayer.hasAudio(ClipPlayer.java:144)
	at org.triplea.sound.ClipPlayer.isSoundEnabled(ClipPlayer.java:251)
	at org.triplea.sound.ClipPlayer.play(ClipPlayer.java:220)
	at org.triplea.sound.DefaultSoundChannel.playSoundForAll(DefaultSoundChannel.java:22)
	at jdk.internal.reflect.GeneratedMethodAccessor57.invoke(Unknown Source)
	at java.base/jdk.internal.reflect.DelegatingMethodAccessorImpl.invoke(DelegatingMethodAccessorImpl.java:43)
	at java.base/java.lang.reflect.Method.invoke(Method.java:569)
	at games.strategy.engine.message.unifiedmessenger.EndPoint.invokeSingle(EndPoint.java:137)
	at games.strategy.engine.message.unifiedmessenger.EndPoint.lambda$invokeMultiple$0(EndPoint.java:121)
	at java.base/java.util.stream.ReferencePipeline$3$1.accept(ReferencePipeline.java:197)
	at java.base/java.util.Spliterators$ArraySpliterator.forEachRemaining(Spliterators.java:992)
	at java.base/java.util.stream.AbstractPipeline.copyInto(AbstractPipeline.java:509)
	at java.base/java.util.stream.AbstractPipeline.wrapAndCopyInto(AbstractPipeline.java:499)
	at java.base/java.util.stream.ReduceOps$ReduceOp.evaluateSequential(ReduceOps.java:921)
	at java.base/java.util.stream.AbstractPipeline.evaluate(AbstractPipeline.java:234)
	at java.base/java.util.stream.ReferencePipeline.collect(ReferencePipeline.java:682)
	at games.strategy.engine.message.unifiedmessenger.EndPoint.invokeMultiple(EndPoint.java:122)
	at games.strategy.engine.message.unifiedmessenger.EndPoint.invokeLocal(EndPoint.java:112)
	at games.strategy.engine.message.unifiedmessenger.UnifiedMessenger.invoke(UnifiedMessenger.java:153)
	at games.strategy.engine.message.UnifiedInvocationHandler.invoke(UnifiedInvocationHandler.java:47)
	at jdk.proxy2/jdk.proxy2.$Proxy25.playSoundForAll(Unknown Source)
	at jdk.internal.reflect.GeneratedMethodAccessor56.invoke(Unknown Source)
	at java.base/jdk.internal.reflect.DelegatingMethodAccessorImpl.invoke(DelegatingMethodAccessorImpl.java:43)
	at java.base/java.lang.reflect.Method.invoke(Method.java:569)
	at games.strategy.engine.delegate.DelegateExecutionManager.lambda$newOutboundImplementation$1(DelegateExecutionManager.java:79)
	at jdk.proxy2/jdk.proxy2.$Proxy25.playSoundForAll(Unknown Source)
	at games.strategy.triplea.delegate.AbstractPlaceDelegate.placeUnits(AbstractPlaceDelegate.java:302)
	at games.strategy.triplea.delegate.AbstractPlaceDelegate.placeUnits(AbstractPlaceDelegate.java:201)
	at jdk.internal.reflect.GeneratedMethodAccessor54.invoke(Unknown Source)
	at java.base/jdk.internal.reflect.DelegatingMethodAccessorImpl.invoke(DelegatingMethodAccessorImpl.java:43)
	at java.base/java.lang.reflect.Method.invoke(Method.java:569)
	at games.strategy.engine.delegate.DelegateExecutionManager$1.invoke(DelegateExecutionManager.java:120)
	at jdk.proxy2/jdk.proxy2.$Proxy16.placeUnits(Unknown Source)
	at jdk.internal.reflect.GeneratedMethodAccessor67.invoke(Unknown Source)
	at java.base/jdk.internal.reflect.DelegatingMethodAccessorImpl.invoke(DelegatingMethodAccessorImpl.java:43)
	at java.base/java.lang.reflect.Method.invoke(Method.java:569)
	at games.strategy.engine.message.unifiedmessenger.EndPoint.invokeSingle(EndPoint.java:137)
	at games.strategy.engine.message.unifiedmessenger.EndPoint.lambda$invokeMultiple$0(EndPoint.java:121)
	at java.base/java.util.stream.ReferencePipeline$3$1.accept(ReferencePipeline.java:197)
	at java.base/java.util.Spliterators$ArraySpliterator.forEachRemaining(Spliterators.java:992)
	at java.base/java.util.stream.AbstractPipeline.copyInto(AbstractPipeline.java:509)
	at java.base/java.util.stream.AbstractPipeline.wrapAndCopyInto(AbstractPipeline.java:499)
	at java.base/java.util.stream.ReduceOps$ReduceOp.evaluateSequential(ReduceOps.java:921)
	at java.base/java.util.stream.AbstractPipeline.evaluate(AbstractPipeline.java:234)
	at java.base/java.util.stream.ReferencePipeline.collect(ReferencePipeline.java:682)
	at games.strategy.engine.message.unifiedmessenger.EndPoint.invokeMultiple(EndPoint.java:122)
	at games.strategy.engine.message.unifiedmessenger.EndPoint.invokeLocal(EndPoint.java:112)
	at games.strategy.engine.message.unifiedmessenger.UnifiedMessenger.invokeAndWait(UnifiedMessenger.java:97)
	at games.strategy.engine.message.UnifiedInvocationHandler.invoke(UnifiedInvocationHandler.java:55)
	at jdk.proxy2/jdk.proxy2.$Proxy16.placeUnits(Unknown Source)
	at jdk.internal.reflect.GeneratedMethodAccessor54.invoke(Unknown Source)
	at java.base/jdk.internal.reflect.DelegatingMethodAccessorImpl.invoke(DelegatingMethodAccessorImpl.java:43)
	at java.base/java.lang.reflect.Method.invoke(Method.java:569)
	at games.strategy.engine.player.PlayerBridge$GameOverInvocationHandler.invoke(PlayerBridge.java:151)
	at jdk.proxy2/jdk.proxy2.$Proxy16.placeUnits(Unknown Source)
	at games.strategy.triplea.ai.tripleMind.ProPurchaseAi.doPlace(ProPurchaseAi.java:2627)
	at games.strategy.triplea.ai.tripleMind.ProPurchaseAi.placeUnits(ProPurchaseAi.java:2545)
	at games.strategy.triplea.ai.tripleMind.ProPurchaseAi.place(ProPurchaseAi.java:562)
	at games.strategy.triplea.ai.tripleMind.AbstractTripleMindAi.place(AbstractTripleMindAi.java:380)
	at games.strategy.triplea.ai.AbstractAi.start(AbstractAi.java:531)
	at games.strategy.engine.framework.ServerGame.waitForPlayerToFinishStep(ServerGame.java:648)
	at games.strategy.engine.framework.ServerGame.runStep(ServerGame.java:478)
	at games.strategy.engine.framework.ServerGame.runNextStep(ServerGame.java:365)
	at games.strategy.engine.framework.ServerGame.startGame(ServerGame.java:333)
	at games.strategy.engine.framework.startup.launcher.LocalLauncher.launchInternal(LocalLauncher.java:92)
	at games.strategy.engine.framework.startup.launcher.LocalLauncher.lambda$launch$0(LocalLauncher.java:60)
	at java.base/java.lang.Thread.run(Thread.java:840)
592487 23:54:05.058 [Thread-8] INFO  org.triplea.sound.ClipPlayer - Unable to create audio device, is there audio on the system? Cannot create AudioDevice
javazoom.jl.decoder.JavaLayerException: Cannot create AudioDevice
	at javazoom.jl.player.FactoryRegistry.createAudioDevice(FactoryRegistry.java:97)
	at org.triplea.sound.ClipPlayer.hasAudio(ClipPlayer.java:144)
	at org.triplea.sound.ClipPlayer.isSoundEnabled(ClipPlayer.java:251)
	at org.triplea.sound.ClipPlayer.play(ClipPlayer.java:220)
	at org.triplea.sound.DefaultSoundChannel.playSoundForAll(DefaultSoundChannel.java:22)
	at jdk.internal.reflect.GeneratedMethodAccessor57.invoke(Unknown Source)
	at java.base/jdk.internal.reflect.DelegatingMethodAccessorImpl.invoke(DelegatingMethodAccessorImpl.java:43)
	at java.base/java.lang.reflect.Method.invoke(Method.java:569)
	at games.strategy.engine.message.unifiedmessenger.EndPoint.invokeSingle(EndPoint.java:137)
	at games.strategy.engine.message.unifiedmessenger.EndPoint.lambda$invokeMultiple$0(EndPoint.java:121)
	at java.base/java.util.stream.ReferencePipeline$3$1.accept(ReferencePipeline.java:197)
	at java.base/java.util.Spliterators$ArraySpliterator.forEachRemaining(Spliterators.java:992)
	at java.base/java.util.stream.AbstractPipeline.copyInto(AbstractPipeline.java:509)
	at java.base/java.util.stream.AbstractPipeline.wrapAndCopyInto(AbstractPipeline.java:499)
	at java.base/java.util.stream.ReduceOps$ReduceOp.evaluateSequential(ReduceOps.java:921)
	at java.base/java.util.stream.AbstractPipeline.evaluate(AbstractPipeline.java:234)
	at java.base/java.util.stream.ReferencePipeline.collect(ReferencePipeline.java:682)
	at games.strategy.engine.message.unifiedmessenger.EndPoint.invokeMultiple(EndPoint.java:122)
	at games.strategy.engine.message.unifiedmessenger.EndPoint.invokeLocal(EndPoint.java:112)
	at games.strategy.engine.message.unifiedmessenger.UnifiedMessenger.invoke(UnifiedMessenger.java:153)
	at games.strategy.engine.message.UnifiedInvocationHandler.invoke(UnifiedInvocationHandler.java:47)
	at jdk.proxy2/jdk.proxy2.$Proxy25.playSoundForAll(Unknown Source)
	at jdk.internal.reflect.GeneratedMethodAccessor56.invoke(Unknown Source)
	at java.base/jdk.internal.reflect.DelegatingMethodAccessorImpl.invoke(DelegatingMethodAccessorImpl.java:43)
	at java.base/java.lang.reflect.Method.invoke(Method.java:569)
	at games.strategy.engine.delegate.DelegateExecutionManager.lambda$newOutboundImplementation$1(DelegateExecutionManager.java:79)
	at jdk.proxy2/jdk.proxy2.$Proxy25.playSoundForAll(Unknown Source)
	at games.strategy.triplea.delegate.EndRoundDelegate.signalGameOver(EndRoundDelegate.java:300)
	at games.strategy.triplea.delegate.EndRoundDelegate.checkVictoryCities(EndRoundDelegate.java:257)
	at games.strategy.triplea.delegate.EndRoundDelegate.start(EndRoundDelegate.java:66)
	at games.strategy.engine.framework.ServerGame.startStep(ServerGame.java:611)
	at games.strategy.engine.framework.ServerGame.runStep(ServerGame.java:471)
	at games.strategy.engine.framework.ServerGame.runNextStep(ServerGame.java:365)
	at games.strategy.engine.framework.ServerGame.startGame(ServerGame.java:333)
	at games.strategy.engine.framework.startup.launcher.LocalLauncher.launchInternal(LocalLauncher.java:92)
	at games.strategy.engine.framework.startup.launcher.LocalLauncher.lambda$launch$0(LocalLauncher.java:60)
	at java.base/java.lang.Thread.run(Thread.java:840)
507  23:56:09.671 [main] INFO  o.t.game.client.HeadedGameRunner - Launching game, version: 2.7+00000 
752  23:56:09.916 [Thread-5] DEBUG g.s.e.data.gameparser.GameParser - Parsing game XML: /storage/home/hcoda1/6/snayak89/triplea/downloadedMaps/capture_the_flag/map/games/capture_the_flag.xml
1726 23:56:10.890 [Thread-6] INFO  org.triplea.sound.ClipPlayer - Unable to create audio device, is there audio on the system? Cannot create AudioDevice
javazoom.jl.decoder.JavaLayerException: Cannot create AudioDevice
	at javazoom.jl.player.FactoryRegistry.createAudioDevice(FactoryRegistry.java:97)
	at org.triplea.sound.ClipPlayer.hasAudio(ClipPlayer.java:144)
	at org.triplea.sound.ClipPlayer.isSoundEnabled(ClipPlayer.java:251)
	at org.triplea.sound.ClipPlayer.play(ClipPlayer.java:220)
	at org.triplea.sound.ClipPlayer.play(ClipPlayer.java:209)
	at games.strategy.engine.framework.startup.mc.HeadedLaunchAction.startGame(HeadedLaunchAction.java:100)
	at games.strategy.triplea.TripleA.startGame(TripleA.java:62)
	at games.strategy.engine.framework.startup.launcher.LocalLauncher.loadGame(LocalLauncher.java:78)
	at games.strategy.engine.framework.startup.launcher.LocalLauncher.launch(LocalLauncher.java:59)
	at games.strategy.engine.framework.startup.ui.panels.main.MainPanelBuilder.lambda$launch$3(MainPanelBuilder.java:65)
	at java.base/java.lang.Thread.run(Thread.java:840)
1757 23:56:10.921 [AWT-EventQueue-0] INFO  org.triplea.sound.ClipPlayer - Unable to create audio device, is there audio on the system? Cannot create AudioDevice
javazoom.jl.decoder.JavaLayerException: Cannot create AudioDevice
	at javazoom.jl.player.FactoryRegistry.createAudioDevice(FactoryRegistry.java:97)
	at org.triplea.sound.ClipPlayer.hasAudio(ClipPlayer.java:144)
	at org.triplea.sound.SoundOptions.buildGlobalSoundSwitchMenuItem(SoundOptions.java:76)
	at games.strategy.triplea.ui.menubar.GameMenu.<init>(GameMenu.java:63)
	at games.strategy.triplea.ui.menubar.TripleAMenuBar.<init>(TripleAMenuBar.java:24)
	at games.strategy.triplea.ui.TripleAFrame.lambda$new$1(TripleAFrame.java:307)
	at java.desktop/java.awt.event.InvocationEvent.dispatch(InvocationEvent.java:318)
	at java.desktop/java.awt.EventQueue.dispatchEventImpl(EventQueue.java:773)
	at java.desktop/java.awt.EventQueue$4.run(EventQueue.java:720)
	at java.desktop/java.awt.EventQueue$4.run(EventQueue.java:714)
	at java.base/java.security.AccessController.doPrivileged(AccessController.java:399)
	at java.base/java.security.ProtectionDomain$JavaSecurityAccessImpl.doIntersectionPrivilege(ProtectionDomain.java:86)
	at java.desktop/java.awt.EventQueue.dispatchEvent(EventQueue.java:742)
	at java.desktop/java.awt.EventDispatchThread.pumpOneEventForFilters(EventDispatchThread.java:203)
	at java.desktop/java.awt.EventDispatchThread.pumpEventsForFilter(EventDispatchThread.java:124)
	at java.desktop/java.awt.EventDispatchThread.pumpEventsForHierarchy(EventDispatchThread.java:113)
	at java.desktop/java.awt.EventDispatchThread.pumpEvents(EventDispatchThread.java:109)
	at java.desktop/java.awt.EventDispatchThread.pumpEvents(EventDispatchThread.java:101)
	at java.desktop/java.awt.EventDispatchThread.run(EventDispatchThread.java:90)
1791 23:56:10.955 [AWT-EventQueue-0] INFO  org.triplea.sound.ClipPlayer - Unable to create audio device, is there audio on the system? Cannot create AudioDevice
javazoom.jl.decoder.JavaLayerException: Cannot create AudioDevice
	at javazoom.jl.player.FactoryRegistry.createAudioDevice(FactoryRegistry.java:97)
	at org.triplea.sound.ClipPlayer.hasAudio(ClipPlayer.java:144)
	at org.triplea.sound.SoundOptions.buildSoundOptionsMenuItem(SoundOptions.java:22)
	at games.strategy.triplea.ui.menubar.GameMenu.<init>(GameMenu.java:64)
	at games.strategy.triplea.ui.menubar.TripleAMenuBar.<init>(TripleAMenuBar.java:24)
	at games.strategy.triplea.ui.TripleAFrame.lambda$new$1(TripleAFrame.java:307)
	at java.desktop/java.awt.event.InvocationEvent.dispatch(InvocationEvent.java:318)
	at java.desktop/java.awt.EventQueue.dispatchEventImpl(EventQueue.java:773)
	at java.desktop/java.awt.EventQueue$4.run(EventQueue.java:720)
	at java.desktop/java.awt.EventQueue$4.run(EventQueue.java:714)
	at java.base/java.security.AccessController.doPrivileged(AccessController.java:399)
	at java.base/java.security.ProtectionDomain$JavaSecurityAccessImpl.doIntersectionPrivilege(ProtectionDomain.java:86)
	at java.desktop/java.awt.EventQueue.dispatchEvent(EventQueue.java:742)
	at java.desktop/java.awt.EventDispatchThread.pumpOneEventForFilters(EventDispatchThread.java:203)
	at java.desktop/java.awt.EventDispatchThread.pumpEventsForFilter(EventDispatchThread.java:124)
	at java.desktop/java.awt.EventDispatchThread.pumpEventsForHierarchy(EventDispatchThread.java:113)
	at java.desktop/java.awt.EventDispatchThread.pumpEvents(EventDispatchThread.java:109)
	at java.desktop/java.awt.EventDispatchThread.pumpEvents(EventDispatchThread.java:101)
	at java.desktop/java.awt.EventDispatchThread.run(EventDispatchThread.java:90)
2667 23:56:11.831 [Thread-8] INFO  org.triplea.sound.ClipPlayer - Unable to create audio device, is there audio on the system? Cannot create AudioDevice
javazoom.jl.decoder.JavaLayerException: Cannot create AudioDevice
	at javazoom.jl.player.FactoryRegistry.createAudioDevice(FactoryRegistry.java:97)
	at org.triplea.sound.ClipPlayer.hasAudio(ClipPlayer.java:144)
	at org.triplea.sound.ClipPlayer.isSoundEnabled(ClipPlayer.java:251)
	at org.triplea.sound.ClipPlayer.play(ClipPlayer.java:220)
	at org.triplea.sound.DefaultSoundChannel.playSoundForAll(DefaultSoundChannel.java:22)
	at java.base/jdk.internal.reflect.NativeMethodAccessorImpl.invoke0(Native Method)
	at java.base/jdk.internal.reflect.NativeMethodAccessorImpl.invoke(NativeMethodAccessorImpl.java:77)
	at java.base/jdk.internal.reflect.DelegatingMethodAccessorImpl.invoke(DelegatingMethodAccessorImpl.java:43)
	at java.base/java.lang.reflect.Method.invoke(Method.java:569)
	at games.strategy.engine.message.unifiedmessenger.EndPoint.invokeSingle(EndPoint.java:137)
	at games.strategy.engine.message.unifiedmessenger.EndPoint.lambda$invokeMultiple$0(EndPoint.java:121)
	at java.base/java.util.stream.ReferencePipeline$3$1.accept(ReferencePipeline.java:197)
	at java.base/java.util.Spliterators$ArraySpliterator.forEachRemaining(Spliterators.java:992)
	at java.base/java.util.stream.AbstractPipeline.copyInto(AbstractPipeline.java:509)
	at java.base/java.util.stream.AbstractPipeline.wrapAndCopyInto(AbstractPipeline.java:499)
	at java.base/java.util.stream.ReduceOps$ReduceOp.evaluateSequential(ReduceOps.java:921)
	at java.base/java.util.stream.AbstractPipeline.evaluate(AbstractPipeline.java:234)
	at java.base/java.util.stream.ReferencePipeline.collect(ReferencePipeline.java:682)
	at games.strategy.engine.message.unifiedmessenger.EndPoint.invokeMultiple(EndPoint.java:122)
	at games.strategy.engine.message.unifiedmessenger.EndPoint.invokeLocal(EndPoint.java:112)
	at games.strategy.engine.message.unifiedmessenger.UnifiedMessenger.invoke(UnifiedMessenger.java:153)
	at games.strategy.engine.message.UnifiedInvocationHandler.invoke(UnifiedInvocationHandler.java:47)
	at jdk.proxy2/jdk.proxy2.$Proxy25.playSoundForAll(Unknown Source)
	at java.base/jdk.internal.reflect.NativeMethodAccessorImpl.invoke0(Native Method)
	at java.base/jdk.internal.reflect.NativeMethodAccessorImpl.invoke(NativeMethodAccessorImpl.java:77)
	at java.base/jdk.internal.reflect.DelegatingMethodAccessorImpl.invoke(DelegatingMethodAccessorImpl.java:43)
	at java.base/java.lang.reflect.Method.invoke(Method.java:569)
	at games.strategy.engine.delegate.DelegateExecutionManager.lambda$newOutboundImplementation$1(DelegateExecutionManager.java:79)
	at jdk.proxy2/jdk.proxy2.$Proxy25.playSoundForAll(Unknown Source)
	at games.strategy.triplea.delegate.battle.BattleTracker.takeOver(BattleTracker.java:794)
	at games.strategy.triplea.delegate.battle.BattleTracker.addEmptyBattle(BattleTracker.java:523)
	at games.strategy.triplea.delegate.battle.BattleTracker.addBattle(BattleTracker.java:345)
	at games.strategy.triplea.delegate.battle.BattleTracker.addBattle(BattleTracker.java:293)
	at games.strategy.triplea.delegate.MovePerformer$3.execute(MovePerformer.java:267)
	at games.strategy.triplea.delegate.ExecutionStack.execute(ExecutionStack.java:34)
	at games.strategy.triplea.delegate.MovePerformer.populateStack(MovePerformer.java:324)
	at games.strategy.triplea.delegate.MovePerformer.moveUnits(MovePerformer.java:81)
	at games.strategy.triplea.delegate.MoveDelegate.performMove(MoveDelegate.java:675)
	at java.base/jdk.internal.reflect.NativeMethodAccessorImpl.invoke0(Native Method)
	at java.base/jdk.internal.reflect.NativeMethodAccessorImpl.invoke(NativeMethodAccessorImpl.java:77)
	at java.base/jdk.internal.reflect.DelegatingMethodAccessorImpl.invoke(DelegatingMethodAccessorImpl.java:43)
	at java.base/java.lang.reflect.Method.invoke(Method.java:569)
	at games.strategy.engine.delegate.DelegateExecutionManager$1.invoke(DelegateExecutionManager.java:120)
	at jdk.proxy2/jdk.proxy2.$Proxy14.performMove(Unknown Source)
	at java.base/jdk.internal.reflect.NativeMethodAccessorImpl.invoke0(Native Method)
	at java.base/jdk.internal.reflect.NativeMethodAccessorImpl.invoke(NativeMethodAccessorImpl.java:77)
	at java.base/jdk.internal.reflect.DelegatingMethodAccessorImpl.invoke(DelegatingMethodAccessorImpl.java:43)
	at java.base/java.lang.reflect.Method.invoke(Method.java:569)
	at games.strategy.engine.message.unifiedmessenger.EndPoint.invokeSingle(EndPoint.java:137)
	at games.strategy.engine.message.unifiedmessenger.EndPoint.lambda$invokeMultiple$0(EndPoint.java:121)
	at java.base/java.util.stream.ReferencePipeline$3$1.accept(ReferencePipeline.java:197)
	at java.base/java.util.Spliterators$ArraySpliterator.forEachRemaining(Spliterators.java:992)
	at java.base/java.util.stream.AbstractPipeline.copyInto(AbstractPipeline.java:509)
	at java.base/java.util.stream.AbstractPipeline.wrapAndCopyInto(AbstractPipeline.java:499)
	at java.base/java.util.stream.ReduceOps$ReduceOp.evaluateSequential(ReduceOps.java:921)
	at java.base/java.util.stream.AbstractPipeline.evaluate(AbstractPipeline.java:234)
	at java.base/java.util.stream.ReferencePipeline.collect(ReferencePipeline.java:682)
	at games.strategy.engine.message.unifiedmessenger.EndPoint.invokeMultiple(EndPoint.java:122)
	at games.strategy.engine.message.unifiedmessenger.EndPoint.invokeLocal(EndPoint.java:112)
	at games.strategy.engine.message.unifiedmessenger.UnifiedMessenger.invokeAndWait(UnifiedMessenger.java:97)
	at games.strategy.engine.message.UnifiedInvocationHandler.invoke(UnifiedInvocationHandler.java:55)
	at jdk.proxy2/jdk.proxy2.$Proxy14.performMove(Unknown Source)
	at java.base/jdk.internal.reflect.NativeMethodAccessorImpl.invoke0(Native Method)
	at java.base/jdk.internal.reflect.NativeMethodAccessorImpl.invoke(NativeMethodAccessorImpl.java:77)
	at java.base/jdk.internal.reflect.DelegatingMethodAccessorImpl.invoke(DelegatingMethodAccessorImpl.java:43)
	at java.base/java.lang.reflect.Method.invoke(Method.java:569)
	at games.strategy.engine.player.PlayerBridge$GameOverInvocationHandler.invoke(PlayerBridge.java:151)
	at jdk.proxy2/jdk.proxy2.$Proxy14.performMove(Unknown Source)
	at games.strategy.triplea.ai.weak.WeakAi.doMove(WeakAi.java:237)
	at games.strategy.triplea.ai.weak.WeakAi.doCombatMove(WeakAi.java:152)
	at games.strategy.triplea.ai.weak.WeakAi.move(WeakAi.java:124)
	at games.strategy.triplea.ai.AbstractAi.start(AbstractAi.java:521)
	at games.strategy.engine.framework.ServerGame.waitForPlayerToFinishStep(ServerGame.java:648)
	at games.strategy.engine.framework.ServerGame.runStep(ServerGame.java:478)
	at games.strategy.engine.framework.ServerGame.runNextStep(ServerGame.java:365)
	at games.strategy.engine.framework.ServerGame.startGame(ServerGame.java:333)
	at games.strategy.engine.framework.startup.launcher.LocalLauncher.launchInternal(LocalLauncher.java:92)
	at games.strategy.engine.framework.startup.launcher.LocalLauncher.lambda$launch$0(LocalLauncher.java:60)
	at java.base/java.lang.Thread.run(Thread.java:840)
3273 23:56:12.437 [Thread-8] INFO  org.triplea.sound.ClipPlayer - Unable to create audio device, is there audio on the system? Cannot create AudioDevice
javazoom.jl.decoder.JavaLayerException: Cannot create AudioDevice
	at javazoom.jl.player.FactoryRegistry.createAudioDevice(FactoryRegistry.java:97)
	at org.triplea.sound.ClipPlayer.hasAudio(ClipPlayer.java:144)
	at org.triplea.sound.ClipPlayer.isSoundEnabled(ClipPlayer.java:251)
	at org.triplea.sound.ClipPlayer.play(ClipPlayer.java:220)
	at org.triplea.sound.DefaultSoundChannel.playSoundForAll(DefaultSoundChannel.java:22)
	at java.base/jdk.internal.reflect.NativeMethodAccessorImpl.invoke0(Native Method)
	at java.base/jdk.internal.reflect.NativeMethodAccessorImpl.invoke(NativeMethodAccessorImpl.java:77)
	at java.base/jdk.internal.reflect.DelegatingMethodAccessorImpl.invoke(DelegatingMethodAccessorImpl.java:43)
	at java.base/java.lang.reflect.Method.invoke(Method.java:569)
	at games.strategy.engine.message.unifiedmessenger.EndPoint.invokeSingle(EndPoint.java:137)
	at games.strategy.engine.message.unifiedmessenger.EndPoint.lambda$invokeMultiple$0(EndPoint.java:121)
	at java.base/java.util.stream.ReferencePipeline$3$1.accept(ReferencePipeline.java:197)
	at java.base/java.util.Spliterators$ArraySpliterator.forEachRemaining(Spliterators.java:992)
	at java.base/java.util.stream.AbstractPipeline.copyInto(AbstractPipeline.java:509)
	at java.base/java.util.stream.AbstractPipeline.wrapAndCopyInto(AbstractPipeline.java:499)
	at java.base/java.util.stream.ReduceOps$ReduceOp.evaluateSequential(ReduceOps.java:921)
	at java.base/java.util.stream.AbstractPipeline.evaluate(AbstractPipeline.java:234)
	at java.base/java.util.stream.ReferencePipeline.collect(ReferencePipeline.java:682)
	at games.strategy.engine.message.unifiedmessenger.EndPoint.invokeMultiple(EndPoint.java:122)
	at games.strategy.engine.message.unifiedmessenger.EndPoint.invokeLocal(EndPoint.java:112)
	at games.strategy.engine.message.unifiedmessenger.UnifiedMessenger.invoke(UnifiedMessenger.java:153)
	at games.strategy.engine.message.UnifiedInvocationHandler.invoke(UnifiedInvocationHandler.java:47)
	at jdk.proxy2/jdk.proxy2.$Proxy25.playSoundForAll(Unknown Source)
	at java.base/jdk.internal.reflect.NativeMethodAccessorImpl.invoke0(Native Method)
	at java.base/jdk.internal.reflect.NativeMethodAccessorImpl.invoke(NativeMethodAccessorImpl.java:77)
	at java.base/jdk.internal.reflect.DelegatingMethodAccessorImpl.invoke(DelegatingMethodAccessorImpl.java:43)
	at java.base/java.lang.reflect.Method.invoke(Method.java:569)
	at games.strategy.engine.delegate.DelegateExecutionManager.lambda$newOutboundImplementation$1(DelegateExecutionManager.java:79)
	at jdk.proxy2/jdk.proxy2.$Proxy25.playSoundForAll(Unknown Source)
	at games.strategy.triplea.delegate.battle.BattleTracker.takeOver(BattleTracker.java:794)
	at games.strategy.triplea.delegate.battle.BattleTracker.addEmptyBattle(BattleTracker.java:523)
	at games.strategy.triplea.delegate.battle.BattleTracker.addBattle(BattleTracker.java:345)
	at games.strategy.triplea.delegate.battle.BattleTracker.addBattle(BattleTracker.java:293)
	at games.strategy.triplea.delegate.MovePerformer$3.execute(MovePerformer.java:267)
	at games.strategy.triplea.delegate.ExecutionStack.execute(ExecutionStack.java:34)
	at games.strategy.triplea.delegate.MovePerformer.populateStack(MovePerformer.java:324)
	at games.strategy.triplea.delegate.MovePerformer.moveUnits(MovePerformer.java:81)
	at games.strategy.triplea.delegate.MoveDelegate.performMove(MoveDelegate.java:675)
	at java.base/jdk.internal.reflect.NativeMethodAccessorImpl.invoke0(Native Method)
	at java.base/jdk.internal.reflect.NativeMethodAccessorImpl.invoke(NativeMethodAccessorImpl.java:77)
	at java.base/jdk.internal.reflect.DelegatingMethodAccessorImpl.invoke(DelegatingMethodAccessorImpl.java:43)
	at java.base/java.lang.reflect.Method.invoke(Method.java:569)
	at games.strategy.engine.delegate.DelegateExecutionManager$1.invoke(DelegateExecutionManager.java:120)
	at jdk.proxy2/jdk.proxy2.$Proxy14.performMove(Unknown Source)
	at java.base/jdk.internal.reflect.NativeMethodAccessorImpl.invoke0(Native Method)
	at java.base/jdk.internal.reflect.NativeMethodAccessorImpl.invoke(NativeMethodAccessorImpl.java:77)
	at java.base/jdk.internal.reflect.DelegatingMethodAccessorImpl.invoke(DelegatingMethodAccessorImpl.java:43)
	at java.base/java.lang.reflect.Method.invoke(Method.java:569)
	at games.strategy.engine.message.unifiedmessenger.EndPoint.invokeSingle(EndPoint.java:137)
	at games.strategy.engine.message.unifiedmessenger.EndPoint.lambda$invokeMultiple$0(EndPoint.java:121)
	at java.base/java.util.stream.ReferencePipeline$3$1.accept(ReferencePipeline.java:197)
	at java.base/java.util.Spliterators$ArraySpliterator.forEachRemaining(Spliterators.java:992)
	at java.base/java.util.stream.AbstractPipeline.copyInto(AbstractPipeline.java:509)
	at java.base/java.util.stream.AbstractPipeline.wrapAndCopyInto(AbstractPipeline.java:499)
	at java.base/java.util.stream.ReduceOps$ReduceOp.evaluateSequential(ReduceOps.java:921)
	at java.base/java.util.stream.AbstractPipeline.evaluate(AbstractPipeline.java:234)
	at java.base/java.util.stream.ReferencePipeline.collect(ReferencePipeline.java:682)
	at games.strategy.engine.message.unifiedmessenger.EndPoint.invokeMultiple(EndPoint.java:122)
	at games.strategy.engine.message.unifiedmessenger.EndPoint.invokeLocal(EndPoint.java:112)
	at games.strategy.engine.message.unifiedmessenger.UnifiedMessenger.invokeAndWait(UnifiedMessenger.java:97)
	at games.strategy.engine.message.UnifiedInvocationHandler.invoke(UnifiedInvocationHandler.java:55)
	at jdk.proxy2/jdk.proxy2.$Proxy14.performMove(Unknown Source)
	at java.base/jdk.internal.reflect.NativeMethodAccessorImpl.invoke0(Native Method)
	at java.base/jdk.internal.reflect.NativeMethodAccessorImpl.invoke(NativeMethodAccessorImpl.java:77)
	at java.base/jdk.internal.reflect.DelegatingMethodAccessorImpl.invoke(DelegatingMethodAccessorImpl.java:43)
	at java.base/java.lang.reflect.Method.invoke(Method.java:569)
	at games.strategy.engine.player.PlayerBridge$GameOverInvocationHandler.invoke(PlayerBridge.java:151)
	at jdk.proxy2/jdk.proxy2.$Proxy14.performMove(Unknown Source)
	at games.strategy.triplea.ai.weak.WeakAi.doMove(WeakAi.java:237)
	at games.strategy.triplea.ai.weak.WeakAi.doCombatMove(WeakAi.java:152)
	at games.strategy.triplea.ai.weak.WeakAi.move(WeakAi.java:124)
	at games.strategy.triplea.ai.AbstractAi.start(AbstractAi.java:521)
	at games.strategy.engine.framework.ServerGame.waitForPlayerToFinishStep(ServerGame.java:648)
	at games.strategy.engine.framework.ServerGame.runStep(ServerGame.java:478)
	at games.strategy.engine.framework.ServerGame.runNextStep(ServerGame.java:365)
	at games.strategy.engine.framework.ServerGame.startGame(ServerGame.java:333)
	at games.strategy.engine.framework.startup.launcher.LocalLauncher.launchInternal(LocalLauncher.java:92)
	at games.strategy.engine.framework.startup.launcher.LocalLauncher.lambda$launch$0(LocalLauncher.java:60)
	at java.base/java.lang.Thread.run(Thread.java:840)
5547 23:56:14.711 [Thread-8] INFO  org.triplea.sound.ClipPlayer - Unable to create audio device, is there audio on the system? Cannot create AudioDevice
javazoom.jl.decoder.JavaLayerException: Cannot create AudioDevice
	at javazoom.jl.player.FactoryRegistry.createAudioDevice(FactoryRegistry.java:97)
	at org.triplea.sound.ClipPlayer.hasAudio(ClipPlayer.java:144)
	at org.triplea.sound.ClipPlayer.isSoundEnabled(ClipPlayer.java:251)
	at org.triplea.sound.ClipPlayer.play(ClipPlayer.java:220)
	at org.triplea.sound.DefaultSoundChannel.playSoundForAll(DefaultSoundChannel.java:22)
	at java.base/jdk.internal.reflect.NativeMethodAccessorImpl.invoke0(Native Method)
	at java.base/jdk.internal.reflect.NativeMethodAccessorImpl.invoke(NativeMethodAccessorImpl.java:77)
	at java.base/jdk.internal.reflect.DelegatingMethodAccessorImpl.invoke(DelegatingMethodAccessorImpl.java:43)
	at java.base/java.lang.reflect.Method.invoke(Method.java:569)
	at games.strategy.engine.message.unifiedmessenger.EndPoint.invokeSingle(EndPoint.java:137)
	at games.strategy.engine.message.unifiedmessenger.EndPoint.lambda$invokeMultiple$0(EndPoint.java:121)
	at java.base/java.util.stream.ReferencePipeline$3$1.accept(ReferencePipeline.java:197)
	at java.base/java.util.Spliterators$ArraySpliterator.forEachRemaining(Spliterators.java:992)
	at java.base/java.util.stream.AbstractPipeline.copyInto(AbstractPipeline.java:509)
	at java.base/java.util.stream.AbstractPipeline.wrapAndCopyInto(AbstractPipeline.java:499)
	at java.base/java.util.stream.ReduceOps$ReduceOp.evaluateSequential(ReduceOps.java:921)
	at java.base/java.util.stream.AbstractPipeline.evaluate(AbstractPipeline.java:234)
	at java.base/java.util.stream.ReferencePipeline.collect(ReferencePipeline.java:682)
	at games.strategy.engine.message.unifiedmessenger.EndPoint.invokeMultiple(EndPoint.java:122)
	at games.strategy.engine.message.unifiedmessenger.EndPoint.invokeLocal(EndPoint.java:112)
	at games.strategy.engine.message.unifiedmessenger.UnifiedMessenger.invoke(UnifiedMessenger.java:153)
	at games.strategy.engine.message.UnifiedInvocationHandler.invoke(UnifiedInvocationHandler.java:47)
	at jdk.proxy2/jdk.proxy2.$Proxy25.playSoundForAll(Unknown Source)
	at java.base/jdk.internal.reflect.NativeMethodAccessorImpl.invoke0(Native Method)
	at java.base/jdk.internal.reflect.NativeMethodAccessorImpl.invoke(NativeMethodAccessorImpl.java:77)
	at java.base/jdk.internal.reflect.DelegatingMethodAccessorImpl.invoke(DelegatingMethodAccessorImpl.java:43)
	at java.base/java.lang.reflect.Method.invoke(Method.java:569)
	at games.strategy.engine.delegate.DelegateExecutionManager.lambda$newOutboundImplementation$1(DelegateExecutionManager.java:79)
	at jdk.proxy2/jdk.proxy2.$Proxy25.playSoundForAll(Unknown Source)
	at games.strategy.triplea.delegate.AbstractPlaceDelegate.placeUnits(AbstractPlaceDelegate.java:302)
	at games.strategy.triplea.delegate.AbstractPlaceDelegate.placeUnits(AbstractPlaceDelegate.java:201)
	at java.base/jdk.internal.reflect.NativeMethodAccessorImpl.invoke0(Native Method)
	at java.base/jdk.internal.reflect.NativeMethodAccessorImpl.invoke(NativeMethodAccessorImpl.java:77)
	at java.base/jdk.internal.reflect.DelegatingMethodAccessorImpl.invoke(DelegatingMethodAccessorImpl.java:43)
	at java.base/java.lang.reflect.Method.invoke(Method.java:569)
	at games.strategy.engine.delegate.DelegateExecutionManager$1.invoke(DelegateExecutionManager.java:120)
	at jdk.proxy2/jdk.proxy2.$Proxy16.placeUnits(Unknown Source)
	at java.base/jdk.internal.reflect.NativeMethodAccessorImpl.invoke0(Native Method)
	at java.base/jdk.internal.reflect.NativeMethodAccessorImpl.invoke(NativeMethodAccessorImpl.java:77)
	at java.base/jdk.internal.reflect.DelegatingMethodAccessorImpl.invoke(DelegatingMethodAccessorImpl.java:43)
	at java.base/java.lang.reflect.Method.invoke(Method.java:569)
	at games.strategy.engine.message.unifiedmessenger.EndPoint.invokeSingle(EndPoint.java:137)
	at games.strategy.engine.message.unifiedmessenger.EndPoint.lambda$invokeMultiple$0(EndPoint.java:121)
	at java.base/java.util.stream.ReferencePipeline$3$1.accept(ReferencePipeline.java:197)
	at java.base/java.util.Spliterators$ArraySpliterator.forEachRemaining(Spliterators.java:992)
	at java.base/java.util.stream.AbstractPipeline.copyInto(AbstractPipeline.java:509)
	at java.base/java.util.stream.AbstractPipeline.wrapAndCopyInto(AbstractPipeline.java:499)
	at java.base/java.util.stream.ReduceOps$ReduceOp.evaluateSequential(ReduceOps.java:921)
	at java.base/java.util.stream.AbstractPipeline.evaluate(AbstractPipeline.java:234)
	at java.base/java.util.stream.ReferencePipeline.collect(ReferencePipeline.java:682)
	at games.strategy.engine.message.unifiedmessenger.EndPoint.invokeMultiple(EndPoint.java:122)
	at games.strategy.engine.message.unifiedmessenger.EndPoint.invokeLocal(EndPoint.java:112)
	at games.strategy.engine.message.unifiedmessenger.UnifiedMessenger.invokeAndWait(UnifiedMessenger.java:97)
	at games.strategy.engine.message.UnifiedInvocationHandler.invoke(UnifiedInvocationHandler.java:55)
	at jdk.proxy2/jdk.proxy2.$Proxy16.placeUnits(Unknown Source)
	at java.base/jdk.internal.reflect.NativeMethodAccessorImpl.invoke0(Native Method)
	at java.base/jdk.internal.reflect.NativeMethodAccessorImpl.invoke(NativeMethodAccessorImpl.java:77)
	at java.base/jdk.internal.reflect.DelegatingMethodAccessorImpl.invoke(DelegatingMethodAccessorImpl.java:43)
	at java.base/java.lang.reflect.Method.invoke(Method.java:569)
	at games.strategy.engine.player.PlayerBridge$GameOverInvocationHandler.invoke(PlayerBridge.java:151)
	at jdk.proxy2/jdk.proxy2.$Proxy16.placeUnits(Unknown Source)
	at games.strategy.triplea.ai.weak.WeakAi.doPlace(WeakAi.java:1110)
	at games.strategy.triplea.ai.weak.WeakAi.placeAllWeCanOn(WeakAi.java:1104)
	at games.strategy.triplea.ai.weak.WeakAi.lambda$place$15(WeakAi.java:1054)
	at java.base/java.util.Optional.ifPresent(Optional.java:178)
	at games.strategy.triplea.ai.weak.WeakAi.place(WeakAi.java:1054)
	at games.strategy.triplea.ai.AbstractAi.start(AbstractAi.java:531)
	at games.strategy.engine.framework.ServerGame.waitForPlayerToFinishStep(ServerGame.java:648)
	at games.strategy.engine.framework.ServerGame.runStep(ServerGame.java:478)
	at games.strategy.engine.framework.ServerGame.runNextStep(ServerGame.java:365)
	at games.strategy.engine.framework.ServerGame.startGame(ServerGame.java:333)
	at games.strategy.engine.framework.startup.launcher.LocalLauncher.launchInternal(LocalLauncher.java:92)
	at games.strategy.engine.framework.startup.launcher.LocalLauncher.lambda$launch$0(LocalLauncher.java:60)
	at java.base/java.lang.Thread.run(Thread.java:840)
6404 23:56:15.568 [Thread-8] INFO  org.triplea.sound.ClipPlayer - Unable to create audio device, is there audio on the system? Cannot create AudioDevice
javazoom.jl.decoder.JavaLayerException: Cannot create AudioDevice
	at javazoom.jl.player.FactoryRegistry.createAudioDevice(FactoryRegistry.java:97)
	at org.triplea.sound.ClipPlayer.hasAudio(ClipPlayer.java:144)
	at org.triplea.sound.ClipPlayer.isSoundEnabled(ClipPlayer.java:251)
	at org.triplea.sound.ClipPlayer.play(ClipPlayer.java:220)
	at org.triplea.sound.DefaultSoundChannel.playSoundForAll(DefaultSoundChannel.java:22)
	at java.base/jdk.internal.reflect.NativeMethodAccessorImpl.invoke0(Native Method)
	at java.base/jdk.internal.reflect.NativeMethodAccessorImpl.invoke(NativeMethodAccessorImpl.java:77)
	at java.base/jdk.internal.reflect.DelegatingMethodAccessorImpl.invoke(DelegatingMethodAccessorImpl.java:43)
	at java.base/java.lang.reflect.Method.invoke(Method.java:569)
	at games.strategy.engine.message.unifiedmessenger.EndPoint.invokeSingle(EndPoint.java:137)
	at games.strategy.engine.message.unifiedmessenger.EndPoint.lambda$invokeMultiple$0(EndPoint.java:121)
	at java.base/java.util.stream.ReferencePipeline$3$1.accept(ReferencePipeline.java:197)
	at java.base/java.util.Spliterators$ArraySpliterator.forEachRemaining(Spliterators.java:992)
	at java.base/java.util.stream.AbstractPipeline.copyInto(AbstractPipeline.java:509)
	at java.base/java.util.stream.AbstractPipeline.wrapAndCopyInto(AbstractPipeline.java:499)
	at java.base/java.util.stream.ReduceOps$ReduceOp.evaluateSequential(ReduceOps.java:921)
	at java.base/java.util.stream.AbstractPipeline.evaluate(AbstractPipeline.java:234)
	at java.base/java.util.stream.ReferencePipeline.collect(ReferencePipeline.java:682)
	at games.strategy.engine.message.unifiedmessenger.EndPoint.invokeMultiple(EndPoint.java:122)
	at games.strategy.engine.message.unifiedmessenger.EndPoint.invokeLocal(EndPoint.java:112)
	at games.strategy.engine.message.unifiedmessenger.UnifiedMessenger.invoke(UnifiedMessenger.java:153)
	at games.strategy.engine.message.UnifiedInvocationHandler.invoke(UnifiedInvocationHandler.java:47)
	at jdk.proxy2/jdk.proxy2.$Proxy25.playSoundForAll(Unknown Source)
	at java.base/jdk.internal.reflect.NativeMethodAccessorImpl.invoke0(Native Method)
	at java.base/jdk.internal.reflect.NativeMethodAccessorImpl.invoke(NativeMethodAccessorImpl.java:77)
	at java.base/jdk.internal.reflect.DelegatingMethodAccessorImpl.invoke(DelegatingMethodAccessorImpl.java:43)
	at java.base/java.lang.reflect.Method.invoke(Method.java:569)
	at games.strategy.engine.delegate.DelegateExecutionManager.lambda$newOutboundImplementation$1(DelegateExecutionManager.java:79)
	at jdk.proxy2/jdk.proxy2.$Proxy25.playSoundForAll(Unknown Source)
	at games.strategy.triplea.delegate.battle.BattleTracker.takeOver(BattleTracker.java:794)
	at games.strategy.triplea.delegate.battle.BattleTracker.addEmptyBattle(BattleTracker.java:523)
	at games.strategy.triplea.delegate.battle.BattleTracker.addBattle(BattleTracker.java:345)
	at games.strategy.triplea.delegate.battle.BattleTracker.addBattle(BattleTracker.java:293)
	at games.strategy.triplea.delegate.MovePerformer$3.execute(MovePerformer.java:267)
	at games.strategy.triplea.delegate.ExecutionStack.execute(ExecutionStack.java:34)
	at games.strategy.triplea.delegate.MovePerformer.populateStack(MovePerformer.java:324)
	at games.strategy.triplea.delegate.MovePerformer.moveUnits(MovePerformer.java:81)
	at games.strategy.triplea.delegate.MoveDelegate.performMove(MoveDelegate.java:675)
	at java.base/jdk.internal.reflect.NativeMethodAccessorImpl.invoke0(Native Method)
	at java.base/jdk.internal.reflect.NativeMethodAccessorImpl.invoke(NativeMethodAccessorImpl.java:77)
	at java.base/jdk.internal.reflect.DelegatingMethodAccessorImpl.invoke(DelegatingMethodAccessorImpl.java:43)
	at java.base/java.lang.reflect.Method.invoke(Method.java:569)
	at games.strategy.engine.delegate.DelegateExecutionManager$1.invoke(DelegateExecutionManager.java:120)
	at jdk.proxy2/jdk.proxy2.$Proxy14.performMove(Unknown Source)
	at java.base/jdk.internal.reflect.NativeMethodAccessorImpl.invoke0(Native Method)
	at java.base/jdk.internal.reflect.NativeMethodAccessorImpl.invoke(NativeMethodAccessorImpl.java:77)
	at java.base/jdk.internal.reflect.DelegatingMethodAccessorImpl.invoke(DelegatingMethodAccessorImpl.java:43)
	at java.base/java.lang.reflect.Method.invoke(Method.java:569)
	at games.strategy.engine.message.unifiedmessenger.EndPoint.invokeSingle(EndPoint.java:137)
	at games.strategy.engine.message.unifiedmessenger.EndPoint.lambda$invokeMultiple$0(EndPoint.java:121)
	at java.base/java.util.stream.ReferencePipeline$3$1.accept(ReferencePipeline.java:197)
	at java.base/java.util.Spliterators$ArraySpliterator.forEachRemaining(Spliterators.java:992)
	at java.base/java.util.stream.AbstractPipeline.copyInto(AbstractPipeline.java:509)
	at java.base/java.util.stream.AbstractPipeline.wrapAndCopyInto(AbstractPipeline.java:499)
	at java.base/java.util.stream.ReduceOps$ReduceOp.evaluateSequential(ReduceOps.java:921)
	at java.base/java.util.stream.AbstractPipeline.evaluate(AbstractPipeline.java:234)
	at java.base/java.util.stream.ReferencePipeline.collect(ReferencePipeline.java:682)
	at games.strategy.engine.message.unifiedmessenger.EndPoint.invokeMultiple(EndPoint.java:122)
	at games.strategy.engine.message.unifiedmessenger.EndPoint.invokeLocal(EndPoint.java:112)
	at games.strategy.engine.message.unifiedmessenger.UnifiedMessenger.invokeAndWait(UnifiedMessenger.java:97)
	at games.strategy.engine.message.UnifiedInvocationHandler.invoke(UnifiedInvocationHandler.java:55)
	at jdk.proxy2/jdk.proxy2.$Proxy14.performMove(Unknown Source)
	at java.base/jdk.internal.reflect.NativeMethodAccessorImpl.invoke0(Native Method)
	at java.base/jdk.internal.reflect.NativeMethodAccessorImpl.invoke(NativeMethodAccessorImpl.java:77)
	at java.base/jdk.internal.reflect.DelegatingMethodAccessorImpl.invoke(DelegatingMethodAccessorImpl.java:43)
	at java.base/java.lang.reflect.Method.invoke(Method.java:569)
	at games.strategy.engine.player.PlayerBridge$GameOverInvocationHandler.invoke(PlayerBridge.java:151)
	at jdk.proxy2/jdk.proxy2.$Proxy14.performMove(Unknown Source)
	at games.strategy.triplea.ai.weak.WeakAi.doMove(WeakAi.java:237)
	at games.strategy.triplea.ai.weak.WeakAi.doCombatMove(WeakAi.java:152)
	at games.strategy.triplea.ai.weak.WeakAi.move(WeakAi.java:124)
	at games.strategy.triplea.ai.AbstractAi.start(AbstractAi.java:521)
	at games.strategy.engine.framework.ServerGame.waitForPlayerToFinishStep(ServerGame.java:648)
	at games.strategy.engine.framework.ServerGame.runStep(ServerGame.java:478)
	at games.strategy.engine.framework.ServerGame.runNextStep(ServerGame.java:365)
	at games.strategy.engine.framework.ServerGame.startGame(ServerGame.java:333)
	at games.strategy.engine.framework.startup.launcher.LocalLauncher.launchInternal(LocalLauncher.java:92)
	at games.strategy.engine.framework.startup.launcher.LocalLauncher.lambda$launch$0(LocalLauncher.java:60)
	at java.base/java.lang.Thread.run(Thread.java:840)
7024 23:56:16.188 [Thread-8] INFO  org.triplea.sound.ClipPlayer - Unable to create audio device, is there audio on the system? Cannot create AudioDevice
javazoom.jl.decoder.JavaLayerException: Cannot create AudioDevice
	at javazoom.jl.player.FactoryRegistry.createAudioDevice(FactoryRegistry.java:97)
	at org.triplea.sound.ClipPlayer.hasAudio(ClipPlayer.java:144)
	at org.triplea.sound.ClipPlayer.isSoundEnabled(ClipPlayer.java:251)
	at org.triplea.sound.ClipPlayer.play(ClipPlayer.java:220)
	at org.triplea.sound.DefaultSoundChannel.playSoundForAll(DefaultSoundChannel.java:22)
	at java.base/jdk.internal.reflect.NativeMethodAccessorImpl.invoke0(Native Method)
	at java.base/jdk.internal.reflect.NativeMethodAccessorImpl.invoke(NativeMethodAccessorImpl.java:77)
	at java.base/jdk.internal.reflect.DelegatingMethodAccessorImpl.invoke(DelegatingMethodAccessorImpl.java:43)
	at java.base/java.lang.reflect.Method.invoke(Method.java:569)
	at games.strategy.engine.message.unifiedmessenger.EndPoint.invokeSingle(EndPoint.java:137)
	at games.strategy.engine.message.unifiedmessenger.EndPoint.lambda$invokeMultiple$0(EndPoint.java:121)
	at java.base/java.util.stream.ReferencePipeline$3$1.accept(ReferencePipeline.java:197)
	at java.base/java.util.Spliterators$ArraySpliterator.forEachRemaining(Spliterators.java:992)
	at java.base/java.util.stream.AbstractPipeline.copyInto(AbstractPipeline.java:509)
	at java.base/java.util.stream.AbstractPipeline.wrapAndCopyInto(AbstractPipeline.java:499)
	at java.base/java.util.stream.ReduceOps$ReduceOp.evaluateSequential(ReduceOps.java:921)
	at java.base/java.util.stream.AbstractPipeline.evaluate(AbstractPipeline.java:234)
	at java.base/java.util.stream.ReferencePipeline.collect(ReferencePipeline.java:682)
	at games.strategy.engine.message.unifiedmessenger.EndPoint.invokeMultiple(EndPoint.java:122)
	at games.strategy.engine.message.unifiedmessenger.EndPoint.invokeLocal(EndPoint.java:112)
	at games.strategy.engine.message.unifiedmessenger.UnifiedMessenger.invoke(UnifiedMessenger.java:153)
	at games.strategy.engine.message.UnifiedInvocationHandler.invoke(UnifiedInvocationHandler.java:47)
	at jdk.proxy2/jdk.proxy2.$Proxy25.playSoundForAll(Unknown Source)
	at java.base/jdk.internal.reflect.NativeMethodAccessorImpl.invoke0(Native Method)
	at java.base/jdk.internal.reflect.NativeMethodAccessorImpl.invoke(NativeMethodAccessorImpl.java:77)
	at java.base/jdk.internal.reflect.DelegatingMethodAccessorImpl.invoke(DelegatingMethodAccessorImpl.java:43)
	at java.base/java.lang.reflect.Method.invoke(Method.java:569)
	at games.strategy.engine.delegate.DelegateExecutionManager.lambda$newOutboundImplementation$1(DelegateExecutionManager.java:79)
	at jdk.proxy2/jdk.proxy2.$Proxy25.playSoundForAll(Unknown Source)
	at games.strategy.triplea.delegate.battle.BattleTracker.takeOver(BattleTracker.java:794)
	at games.strategy.triplea.delegate.battle.BattleTracker.addEmptyBattle(BattleTracker.java:523)
	at games.strategy.triplea.delegate.battle.BattleTracker.addBattle(BattleTracker.java:345)
	at games.strategy.triplea.delegate.battle.BattleTracker.addBattle(BattleTracker.java:293)
	at games.strategy.triplea.delegate.MovePerformer$3.execute(MovePerformer.java:267)
	at games.strategy.triplea.delegate.ExecutionStack.execute(ExecutionStack.java:34)
	at games.strategy.triplea.delegate.MovePerformer.populateStack(MovePerformer.java:324)
	at games.strategy.triplea.delegate.MovePerformer.moveUnits(MovePerformer.java:81)
	at games.strategy.triplea.delegate.MoveDelegate.performMove(MoveDelegate.java:675)
	at java.base/jdk.internal.reflect.NativeMethodAccessorImpl.invoke0(Native Method)
	at java.base/jdk.internal.reflect.NativeMethodAccessorImpl.invoke(NativeMethodAccessorImpl.java:77)
	at java.base/jdk.internal.reflect.DelegatingMethodAccessorImpl.invoke(DelegatingMethodAccessorImpl.java:43)
	at java.base/java.lang.reflect.Method.invoke(Method.java:569)
	at games.strategy.engine.delegate.DelegateExecutionManager$1.invoke(DelegateExecutionManager.java:120)
	at jdk.proxy2/jdk.proxy2.$Proxy14.performMove(Unknown Source)
	at java.base/jdk.internal.reflect.NativeMethodAccessorImpl.invoke0(Native Method)
	at java.base/jdk.internal.reflect.NativeMethodAccessorImpl.invoke(NativeMethodAccessorImpl.java:77)
	at java.base/jdk.internal.reflect.DelegatingMethodAccessorImpl.invoke(DelegatingMethodAccessorImpl.java:43)
	at java.base/java.lang.reflect.Method.invoke(Method.java:569)
	at games.strategy.engine.message.unifiedmessenger.EndPoint.invokeSingle(EndPoint.java:137)
	at games.strategy.engine.message.unifiedmessenger.EndPoint.lambda$invokeMultiple$0(EndPoint.java:121)
	at java.base/java.util.stream.ReferencePipeline$3$1.accept(ReferencePipeline.java:197)
	at java.base/java.util.Spliterators$ArraySpliterator.forEachRemaining(Spliterators.java:992)
	at java.base/java.util.stream.AbstractPipeline.copyInto(AbstractPipeline.java:509)
	at java.base/java.util.stream.AbstractPipeline.wrapAndCopyInto(AbstractPipeline.java:499)
	at java.base/java.util.stream.ReduceOps$ReduceOp.evaluateSequential(ReduceOps.java:921)
	at java.base/java.util.stream.AbstractPipeline.evaluate(AbstractPipeline.java:234)
	at java.base/java.util.stream.ReferencePipeline.collect(ReferencePipeline.java:682)
	at games.strategy.engine.message.unifiedmessenger.EndPoint.invokeMultiple(EndPoint.java:122)
	at games.strategy.engine.message.unifiedmessenger.EndPoint.invokeLocal(EndPoint.java:112)
	at games.strategy.engine.message.unifiedmessenger.UnifiedMessenger.invokeAndWait(UnifiedMessenger.java:97)
	at games.strategy.engine.message.UnifiedInvocationHandler.invoke(UnifiedInvocationHandler.java:55)
	at jdk.proxy2/jdk.proxy2.$Proxy14.performMove(Unknown Source)
	at java.base/jdk.internal.reflect.NativeMethodAccessorImpl.invoke0(Native Method)
	at java.base/jdk.internal.reflect.NativeMethodAccessorImpl.invoke(NativeMethodAccessorImpl.java:77)
	at java.base/jdk.internal.reflect.DelegatingMethodAccessorImpl.invoke(DelegatingMethodAccessorImpl.java:43)
	at java.base/java.lang.reflect.Method.invoke(Method.java:569)
	at games.strategy.engine.player.PlayerBridge$GameOverInvocationHandler.invoke(PlayerBridge.java:151)
	at jdk.proxy2/jdk.proxy2.$Proxy14.performMove(Unknown Source)
	at games.strategy.triplea.ai.weak.WeakAi.doMove(WeakAi.java:237)
	at games.strategy.triplea.ai.weak.WeakAi.doCombatMove(WeakAi.java:152)
	at games.strategy.triplea.ai.weak.WeakAi.move(WeakAi.java:124)
	at games.strategy.triplea.ai.AbstractAi.start(AbstractAi.java:521)
	at games.strategy.engine.framework.ServerGame.waitForPlayerToFinishStep(ServerGame.java:648)
	at games.strategy.engine.framework.ServerGame.runStep(ServerGame.java:478)
	at games.strategy.engine.framework.ServerGame.runNextStep(ServerGame.java:365)
	at games.strategy.engine.framework.ServerGame.startGame(ServerGame.java:333)
	at games.strategy.engine.framework.startup.launcher.LocalLauncher.launchInternal(LocalLauncher.java:92)
	at games.strategy.engine.framework.startup.launcher.LocalLauncher.lambda$launch$0(LocalLauncher.java:60)
	at java.base/java.lang.Thread.run(Thread.java:840)
9275 23:56:18.439 [Thread-8] INFO  org.triplea.sound.ClipPlayer - Unable to create audio device, is there audio on the system? Cannot create AudioDevice
javazoom.jl.decoder.JavaLayerException: Cannot create AudioDevice
	at javazoom.jl.player.FactoryRegistry.createAudioDevice(FactoryRegistry.java:97)
	at org.triplea.sound.ClipPlayer.hasAudio(ClipPlayer.java:144)
	at org.triplea.sound.ClipPlayer.isSoundEnabled(ClipPlayer.java:251)
	at org.triplea.sound.ClipPlayer.play(ClipPlayer.java:220)
	at org.triplea.sound.DefaultSoundChannel.playSoundForAll(DefaultSoundChannel.java:22)
	at java.base/jdk.internal.reflect.NativeMethodAccessorImpl.invoke0(Native Method)
	at java.base/jdk.internal.reflect.NativeMethodAccessorImpl.invoke(NativeMethodAccessorImpl.java:77)
	at java.base/jdk.internal.reflect.DelegatingMethodAccessorImpl.invoke(DelegatingMethodAccessorImpl.java:43)
	at java.base/java.lang.reflect.Method.invoke(Method.java:569)
	at games.strategy.engine.message.unifiedmessenger.EndPoint.invokeSingle(EndPoint.java:137)
	at games.strategy.engine.message.unifiedmessenger.EndPoint.lambda$invokeMultiple$0(EndPoint.java:121)
	at java.base/java.util.stream.ReferencePipeline$3$1.accept(ReferencePipeline.java:197)
	at java.base/java.util.Spliterators$ArraySpliterator.forEachRemaining(Spliterators.java:992)
	at java.base/java.util.stream.AbstractPipeline.copyInto(AbstractPipeline.java:509)
	at java.base/java.util.stream.AbstractPipeline.wrapAndCopyInto(AbstractPipeline.java:499)
	at java.base/java.util.stream.ReduceOps$ReduceOp.evaluateSequential(ReduceOps.java:921)
	at java.base/java.util.stream.AbstractPipeline.evaluate(AbstractPipeline.java:234)
	at java.base/java.util.stream.ReferencePipeline.collect(ReferencePipeline.java:682)
	at games.strategy.engine.message.unifiedmessenger.EndPoint.invokeMultiple(EndPoint.java:122)
	at games.strategy.engine.message.unifiedmessenger.EndPoint.invokeLocal(EndPoint.java:112)
	at games.strategy.engine.message.unifiedmessenger.UnifiedMessenger.invoke(UnifiedMessenger.java:153)
	at games.strategy.engine.message.UnifiedInvocationHandler.invoke(UnifiedInvocationHandler.java:47)
	at jdk.proxy2/jdk.proxy2.$Proxy25.playSoundForAll(Unknown Source)
	at java.base/jdk.internal.reflect.NativeMethodAccessorImpl.invoke0(Native Method)
	at java.base/jdk.internal.reflect.NativeMethodAccessorImpl.invoke(NativeMethodAccessorImpl.java:77)
	at java.base/jdk.internal.reflect.DelegatingMethodAccessorImpl.invoke(DelegatingMethodAccessorImpl.java:43)
	at java.base/java.lang.reflect.Method.invoke(Method.java:569)
	at games.strategy.engine.delegate.DelegateExecutionManager.lambda$newOutboundImplementation$1(DelegateExecutionManager.java:79)
	at jdk.proxy2/jdk.proxy2.$Proxy25.playSoundForAll(Unknown Source)
	at games.strategy.triplea.delegate.AbstractPlaceDelegate.placeUnits(AbstractPlaceDelegate.java:302)
	at games.strategy.triplea.delegate.AbstractPlaceDelegate.placeUnits(AbstractPlaceDelegate.java:201)
	at java.base/jdk.internal.reflect.NativeMethodAccessorImpl.invoke0(Native Method)
	at java.base/jdk.internal.reflect.NativeMethodAccessorImpl.invoke(NativeMethodAccessorImpl.java:77)
	at java.base/jdk.internal.reflect.DelegatingMethodAccessorImpl.invoke(DelegatingMethodAccessorImpl.java:43)
	at java.base/java.lang.reflect.Method.invoke(Method.java:569)
	at games.strategy.engine.delegate.DelegateExecutionManager$1.invoke(DelegateExecutionManager.java:120)
	at jdk.proxy2/jdk.proxy2.$Proxy16.placeUnits(Unknown Source)
	at java.base/jdk.internal.reflect.NativeMethodAccessorImpl.invoke0(Native Method)
	at java.base/jdk.internal.reflect.NativeMethodAccessorImpl.invoke(NativeMethodAccessorImpl.java:77)
	at java.base/jdk.internal.reflect.DelegatingMethodAccessorImpl.invoke(DelegatingMethodAccessorImpl.java:43)
	at java.base/java.lang.reflect.Method.invoke(Method.java:569)
	at games.strategy.engine.message.unifiedmessenger.EndPoint.invokeSingle(EndPoint.java:137)
	at games.strategy.engine.message.unifiedmessenger.EndPoint.lambda$invokeMultiple$0(EndPoint.java:121)
	at java.base/java.util.stream.ReferencePipeline$3$1.accept(ReferencePipeline.java:197)
	at java.base/java.util.Spliterators$ArraySpliterator.forEachRemaining(Spliterators.java:992)
	at java.base/java.util.stream.AbstractPipeline.copyInto(AbstractPipeline.java:509)
	at java.base/java.util.stream.AbstractPipeline.wrapAndCopyInto(AbstractPipeline.java:499)
	at java.base/java.util.stream.ReduceOps$ReduceOp.evaluateSequential(ReduceOps.java:921)
	at java.base/java.util.stream.AbstractPipeline.evaluate(AbstractPipeline.java:234)
	at java.base/java.util.stream.ReferencePipeline.collect(ReferencePipeline.java:682)
	at games.strategy.engine.message.unifiedmessenger.EndPoint.invokeMultiple(EndPoint.java:122)
	at games.strategy.engine.message.unifiedmessenger.EndPoint.invokeLocal(EndPoint.java:112)
	at games.strategy.engine.message.unifiedmessenger.UnifiedMessenger.invokeAndWait(UnifiedMessenger.java:97)
	at games.strategy.engine.message.UnifiedInvocationHandler.invoke(UnifiedInvocationHandler.java:55)
	at jdk.proxy2/jdk.proxy2.$Proxy16.placeUnits(Unknown Source)
	at java.base/jdk.internal.reflect.NativeMethodAccessorImpl.invoke0(Native Method)
	at java.base/jdk.internal.reflect.NativeMethodAccessorImpl.invoke(NativeMethodAccessorImpl.java:77)
	at java.base/jdk.internal.reflect.DelegatingMethodAccessorImpl.invoke(DelegatingMethodAccessorImpl.java:43)
	at java.base/java.lang.reflect.Method.invoke(Method.java:569)
	at games.strategy.engine.player.PlayerBridge$GameOverInvocationHandler.invoke(PlayerBridge.java:151)
	at jdk.proxy2/jdk.proxy2.$Proxy16.placeUnits(Unknown Source)
	at games.strategy.triplea.ai.weak.WeakAi.doPlace(WeakAi.java:1110)
	at games.strategy.triplea.ai.weak.WeakAi.placeAllWeCanOn(WeakAi.java:1104)
	at games.strategy.triplea.ai.weak.WeakAi.lambda$place$15(WeakAi.java:1054)
	at java.base/java.util.Optional.ifPresent(Optional.java:178)
	at games.strategy.triplea.ai.weak.WeakAi.place(WeakAi.java:1054)
	at games.strategy.triplea.ai.AbstractAi.start(AbstractAi.java:531)
	at games.strategy.engine.framework.ServerGame.waitForPlayerToFinishStep(ServerGame.java:648)
	at games.strategy.engine.framework.ServerGame.runStep(ServerGame.java:478)
	at games.strategy.engine.framework.ServerGame.runNextStep(ServerGame.java:365)
	at games.strategy.engine.framework.ServerGame.startGame(ServerGame.java:333)
	at games.strategy.engine.framework.startup.launcher.LocalLauncher.launchInternal(LocalLauncher.java:92)
	at games.strategy.engine.framework.startup.launcher.LocalLauncher.lambda$launch$0(LocalLauncher.java:60)
	at java.base/java.lang.Thread.run(Thread.java:840)
10130 23:56:19.294 [Thread-8] INFO  org.triplea.sound.ClipPlayer - Unable to create audio device, is there audio on the system? Cannot create AudioDevice
javazoom.jl.decoder.JavaLayerException: Cannot create AudioDevice
	at javazoom.jl.player.FactoryRegistry.createAudioDevice(FactoryRegistry.java:97)
	at org.triplea.sound.ClipPlayer.hasAudio(ClipPlayer.java:144)
	at org.triplea.sound.ClipPlayer.isSoundEnabled(ClipPlayer.java:251)
	at org.triplea.sound.ClipPlayer.play(ClipPlayer.java:220)
	at org.triplea.sound.DefaultSoundChannel.playSoundForAll(DefaultSoundChannel.java:22)
	at java.base/jdk.internal.reflect.NativeMethodAccessorImpl.invoke0(Native Method)
	at java.base/jdk.internal.reflect.NativeMethodAccessorImpl.invoke(NativeMethodAccessorImpl.java:77)
	at java.base/jdk.internal.reflect.DelegatingMethodAccessorImpl.invoke(DelegatingMethodAccessorImpl.java:43)
	at java.base/java.lang.reflect.Method.invoke(Method.java:569)
	at games.strategy.engine.message.unifiedmessenger.EndPoint.invokeSingle(EndPoint.java:137)
	at games.strategy.engine.message.unifiedmessenger.EndPoint.lambda$invokeMultiple$0(EndPoint.java:121)
	at java.base/java.util.stream.ReferencePipeline$3$1.accept(ReferencePipeline.java:197)
	at java.base/java.util.Spliterators$ArraySpliterator.forEachRemaining(Spliterators.java:992)
	at java.base/java.util.stream.AbstractPipeline.copyInto(AbstractPipeline.java:509)
	at java.base/java.util.stream.AbstractPipeline.wrapAndCopyInto(AbstractPipeline.java:499)
	at java.base/java.util.stream.ReduceOps$ReduceOp.evaluateSequential(ReduceOps.java:921)
	at java.base/java.util.stream.AbstractPipeline.evaluate(AbstractPipeline.java:234)
	at java.base/java.util.stream.ReferencePipeline.collect(ReferencePipeline.java:682)
	at games.strategy.engine.message.unifiedmessenger.EndPoint.invokeMultiple(EndPoint.java:122)
	at games.strategy.engine.message.unifiedmessenger.EndPoint.invokeLocal(EndPoint.java:112)
	at games.strategy.engine.message.unifiedmessenger.UnifiedMessenger.invoke(UnifiedMessenger.java:153)
	at games.strategy.engine.message.UnifiedInvocationHandler.invoke(UnifiedInvocationHandler.java:47)
	at jdk.proxy2/jdk.proxy2.$Proxy25.playSoundForAll(Unknown Source)
	at java.base/jdk.internal.reflect.NativeMethodAccessorImpl.invoke0(Native Method)
	at java.base/jdk.internal.reflect.NativeMethodAccessorImpl.invoke(NativeMethodAccessorImpl.java:77)
	at java.base/jdk.internal.reflect.DelegatingMethodAccessorImpl.invoke(DelegatingMethodAccessorImpl.java:43)
	at java.base/java.lang.reflect.Method.invoke(Method.java:569)
	at games.strategy.engine.delegate.DelegateExecutionManager.lambda$newOutboundImplementation$1(DelegateExecutionManager.java:79)
	at jdk.proxy2/jdk.proxy2.$Proxy25.playSoundForAll(Unknown Source)
	at games.strategy.triplea.delegate.battle.BattleTracker.takeOver(BattleTracker.java:794)
	at games.strategy.triplea.delegate.battle.BattleTracker.addEmptyBattle(BattleTracker.java:523)
	at games.strategy.triplea.delegate.battle.BattleTracker.addBattle(BattleTracker.java:345)
	at games.strategy.triplea.delegate.battle.BattleTracker.addBattle(BattleTracker.java:293)
	at games.strategy.triplea.delegate.MovePerformer$3.execute(MovePerformer.java:267)
	at games.strategy.triplea.delegate.ExecutionStack.execute(ExecutionStack.java:34)
	at games.strategy.triplea.delegate.MovePerformer.populateStack(MovePerformer.java:324)
	at games.strategy.triplea.delegate.MovePerformer.moveUnits(MovePerformer.java:81)
	at games.strategy.triplea.delegate.MoveDelegate.performMove(MoveDelegate.java:675)
	at jdk.internal.reflect.GeneratedMethodAccessor35.invoke(Unknown Source)
	at java.base/jdk.internal.reflect.DelegatingMethodAccessorImpl.invoke(DelegatingMethodAccessorImpl.java:43)
	at java.base/java.lang.reflect.Method.invoke(Method.java:569)
	at games.strategy.engine.delegate.DelegateExecutionManager$1.invoke(DelegateExecutionManager.java:120)
	at jdk.proxy2/jdk.proxy2.$Proxy14.performMove(Unknown Source)
	at java.base/jdk.internal.reflect.NativeMethodAccessorImpl.invoke0(Native Method)
	at java.base/jdk.internal.reflect.NativeMethodAccessorImpl.invoke(NativeMethodAccessorImpl.java:77)
	at java.base/jdk.internal.reflect.DelegatingMethodAccessorImpl.invoke(DelegatingMethodAccessorImpl.java:43)
	at java.base/java.lang.reflect.Method.invoke(Method.java:569)
	at games.strategy.engine.message.unifiedmessenger.EndPoint.invokeSingle(EndPoint.java:137)
	at games.strategy.engine.message.unifiedmessenger.EndPoint.lambda$invokeMultiple$0(EndPoint.java:121)
	at java.base/java.util.stream.ReferencePipeline$3$1.accept(ReferencePipeline.java:197)
	at java.base/java.util.Spliterators$ArraySpliterator.forEachRemaining(Spliterators.java:992)
	at java.base/java.util.stream.AbstractPipeline.copyInto(AbstractPipeline.java:509)
	at java.base/java.util.stream.AbstractPipeline.wrapAndCopyInto(AbstractPipeline.java:499)
	at java.base/java.util.stream.ReduceOps$ReduceOp.evaluateSequential(ReduceOps.java:921)
	at java.base/java.util.stream.AbstractPipeline.evaluate(AbstractPipeline.java:234)
	at java.base/java.util.stream.ReferencePipeline.collect(ReferencePipeline.java:682)
	at games.strategy.engine.message.unifiedmessenger.EndPoint.invokeMultiple(EndPoint.java:122)
	at games.strategy.engine.message.unifiedmessenger.EndPoint.invokeLocal(EndPoint.java:112)
	at games.strategy.engine.message.unifiedmessenger.UnifiedMessenger.invokeAndWait(UnifiedMessenger.java:97)
	at games.strategy.engine.message.UnifiedInvocationHandler.invoke(UnifiedInvocationHandler.java:55)
	at jdk.proxy2/jdk.proxy2.$Proxy14.performMove(Unknown Source)
	at jdk.internal.reflect.GeneratedMethodAccessor35.invoke(Unknown Source)
	at java.base/jdk.internal.reflect.DelegatingMethodAccessorImpl.invoke(DelegatingMethodAccessorImpl.java:43)
	at java.base/java.lang.reflect.Method.invoke(Method.java:569)
	at games.strategy.engine.player.PlayerBridge$GameOverInvocationHandler.invoke(PlayerBridge.java:151)
	at jdk.proxy2/jdk.proxy2.$Proxy14.performMove(Unknown Source)
	at games.strategy.triplea.ai.weak.WeakAi.doMove(WeakAi.java:237)
	at games.strategy.triplea.ai.weak.WeakAi.doCombatMove(WeakAi.java:152)
	at games.strategy.triplea.ai.weak.WeakAi.move(WeakAi.java:124)
	at games.strategy.triplea.ai.AbstractAi.start(AbstractAi.java:521)
	at games.strategy.engine.framework.ServerGame.waitForPlayerToFinishStep(ServerGame.java:648)
	at games.strategy.engine.framework.ServerGame.runStep(ServerGame.java:478)
	at games.strategy.engine.framework.ServerGame.runNextStep(ServerGame.java:365)
	at games.strategy.engine.framework.ServerGame.startGame(ServerGame.java:333)
	at games.strategy.engine.framework.startup.launcher.LocalLauncher.launchInternal(LocalLauncher.java:92)
	at games.strategy.engine.framework.startup.launcher.LocalLauncher.lambda$launch$0(LocalLauncher.java:60)
	at java.base/java.lang.Thread.run(Thread.java:840)
10764 23:56:19.928 [Thread-8] INFO  org.triplea.sound.ClipPlayer - Unable to create audio device, is there audio on the system? Cannot create AudioDevice
javazoom.jl.decoder.JavaLayerException: Cannot create AudioDevice
	at javazoom.jl.player.FactoryRegistry.createAudioDevice(FactoryRegistry.java:97)
	at org.triplea.sound.ClipPlayer.hasAudio(ClipPlayer.java:144)
	at org.triplea.sound.ClipPlayer.isSoundEnabled(ClipPlayer.java:251)
	at org.triplea.sound.ClipPlayer.play(ClipPlayer.java:220)
	at org.triplea.sound.DefaultSoundChannel.playSoundForAll(DefaultSoundChannel.java:22)
	at java.base/jdk.internal.reflect.NativeMethodAccessorImpl.invoke0(Native Method)
	at java.base/jdk.internal.reflect.NativeMethodAccessorImpl.invoke(NativeMethodAccessorImpl.java:77)
	at java.base/jdk.internal.reflect.DelegatingMethodAccessorImpl.invoke(DelegatingMethodAccessorImpl.java:43)
	at java.base/java.lang.reflect.Method.invoke(Method.java:569)
	at games.strategy.engine.message.unifiedmessenger.EndPoint.invokeSingle(EndPoint.java:137)
	at games.strategy.engine.message.unifiedmessenger.EndPoint.lambda$invokeMultiple$0(EndPoint.java:121)
	at java.base/java.util.stream.ReferencePipeline$3$1.accept(ReferencePipeline.java:197)
	at java.base/java.util.Spliterators$ArraySpliterator.forEachRemaining(Spliterators.java:992)
	at java.base/java.util.stream.AbstractPipeline.copyInto(AbstractPipeline.java:509)
	at java.base/java.util.stream.AbstractPipeline.wrapAndCopyInto(AbstractPipeline.java:499)
	at java.base/java.util.stream.ReduceOps$ReduceOp.evaluateSequential(ReduceOps.java:921)
	at java.base/java.util.stream.AbstractPipeline.evaluate(AbstractPipeline.java:234)
	at java.base/java.util.stream.ReferencePipeline.collect(ReferencePipeline.java:682)
	at games.strategy.engine.message.unifiedmessenger.EndPoint.invokeMultiple(EndPoint.java:122)
	at games.strategy.engine.message.unifiedmessenger.EndPoint.invokeLocal(EndPoint.java:112)
	at games.strategy.engine.message.unifiedmessenger.UnifiedMessenger.invoke(UnifiedMessenger.java:153)
	at games.strategy.engine.message.UnifiedInvocationHandler.invoke(UnifiedInvocationHandler.java:47)
	at jdk.proxy2/jdk.proxy2.$Proxy25.playSoundForAll(Unknown Source)
	at java.base/jdk.internal.reflect.NativeMethodAccessorImpl.invoke0(Native Method)
	at java.base/jdk.internal.reflect.NativeMethodAccessorImpl.invoke(NativeMethodAccessorImpl.java:77)
	at java.base/jdk.internal.reflect.DelegatingMethodAccessorImpl.invoke(DelegatingMethodAccessorImpl.java:43)
	at java.base/java.lang.reflect.Method.invoke(Method.java:569)
	at games.strategy.engine.delegate.DelegateExecutionManager.lambda$newOutboundImplementation$1(DelegateExecutionManager.java:79)
	at jdk.proxy2/jdk.proxy2.$Proxy25.playSoundForAll(Unknown Source)
	at games.strategy.triplea.delegate.battle.BattleTracker.takeOver(BattleTracker.java:794)
	at games.strategy.triplea.delegate.battle.BattleTracker.addEmptyBattle(BattleTracker.java:523)
	at games.strategy.triplea.delegate.battle.BattleTracker.addBattle(BattleTracker.java:345)
	at games.strategy.triplea.delegate.battle.BattleTracker.addBattle(BattleTracker.java:293)
	at games.strategy.triplea.delegate.MovePerformer$3.execute(MovePerformer.java:267)
	at games.strategy.triplea.delegate.ExecutionStack.execute(ExecutionStack.java:34)
	at games.strategy.triplea.delegate.MovePerformer.populateStack(MovePerformer.java:324)
	at games.strategy.triplea.delegate.MovePerformer.moveUnits(MovePerformer.java:81)
	at games.strategy.triplea.delegate.MoveDelegate.performMove(MoveDelegate.java:675)
	at jdk.internal.reflect.GeneratedMethodAccessor35.invoke(Unknown Source)
	at java.base/jdk.internal.reflect.DelegatingMethodAccessorImpl.invoke(DelegatingMethodAccessorImpl.java:43)
	at java.base/java.lang.reflect.Method.invoke(Method.java:569)
	at games.strategy.engine.delegate.DelegateExecutionManager$1.invoke(DelegateExecutionManager.java:120)
	at jdk.proxy2/jdk.proxy2.$Proxy14.performMove(Unknown Source)
	at java.base/jdk.internal.reflect.NativeMethodAccessorImpl.invoke0(Native Method)
	at java.base/jdk.internal.reflect.NativeMethodAccessorImpl.invoke(NativeMethodAccessorImpl.java:77)
	at java.base/jdk.internal.reflect.DelegatingMethodAccessorImpl.invoke(DelegatingMethodAccessorImpl.java:43)
	at java.base/java.lang.reflect.Method.invoke(Method.java:569)
	at games.strategy.engine.message.unifiedmessenger.EndPoint.invokeSingle(EndPoint.java:137)
	at games.strategy.engine.message.unifiedmessenger.EndPoint.lambda$invokeMultiple$0(EndPoint.java:121)
	at java.base/java.util.stream.ReferencePipeline$3$1.accept(ReferencePipeline.java:197)
	at java.base/java.util.Spliterators$ArraySpliterator.forEachRemaining(Spliterators.java:992)
	at java.base/java.util.stream.AbstractPipeline.copyInto(AbstractPipeline.java:509)
	at java.base/java.util.stream.AbstractPipeline.wrapAndCopyInto(AbstractPipeline.java:499)
	at java.base/java.util.stream.ReduceOps$ReduceOp.evaluateSequential(ReduceOps.java:921)
	at java.base/java.util.stream.AbstractPipeline.evaluate(AbstractPipeline.java:234)
	at java.base/java.util.stream.ReferencePipeline.collect(ReferencePipeline.java:682)
	at games.strategy.engine.message.unifiedmessenger.EndPoint.invokeMultiple(EndPoint.java:122)
	at games.strategy.engine.message.unifiedmessenger.EndPoint.invokeLocal(EndPoint.java:112)
	at games.strategy.engine.message.unifiedmessenger.UnifiedMessenger.invokeAndWait(UnifiedMessenger.java:97)
	at games.strategy.engine.message.UnifiedInvocationHandler.invoke(UnifiedInvocationHandler.java:55)
	at jdk.proxy2/jdk.proxy2.$Proxy14.performMove(Unknown Source)
	at jdk.internal.reflect.GeneratedMethodAccessor35.invoke(Unknown Source)
	at java.base/jdk.internal.reflect.DelegatingMethodAccessorImpl.invoke(DelegatingMethodAccessorImpl.java:43)
	at java.base/java.lang.reflect.Method.invoke(Method.java:569)
	at games.strategy.engine.player.PlayerBridge$GameOverInvocationHandler.invoke(PlayerBridge.java:151)
	at jdk.proxy2/jdk.proxy2.$Proxy14.performMove(Unknown Source)
	at games.strategy.triplea.ai.weak.WeakAi.doMove(WeakAi.java:237)
	at games.strategy.triplea.ai.weak.WeakAi.doCombatMove(WeakAi.java:152)
	at games.strategy.triplea.ai.weak.WeakAi.move(WeakAi.java:124)
	at games.strategy.triplea.ai.AbstractAi.start(AbstractAi.java:521)
	at games.strategy.engine.framework.ServerGame.waitForPlayerToFinishStep(ServerGame.java:648)
	at games.strategy.engine.framework.ServerGame.runStep(ServerGame.java:478)
	at games.strategy.engine.framework.ServerGame.runNextStep(ServerGame.java:365)
	at games.strategy.engine.framework.ServerGame.startGame(ServerGame.java:333)
	at games.strategy.engine.framework.startup.launcher.LocalLauncher.launchInternal(LocalLauncher.java:92)
	at games.strategy.engine.framework.startup.launcher.LocalLauncher.lambda$launch$0(LocalLauncher.java:60)
	at java.base/java.lang.Thread.run(Thread.java:840)
13022 23:56:22.186 [Thread-8] INFO  org.triplea.sound.ClipPlayer - Unable to create audio device, is there audio on the system? Cannot create AudioDevice
javazoom.jl.decoder.JavaLayerException: Cannot create AudioDevice
	at javazoom.jl.player.FactoryRegistry.createAudioDevice(FactoryRegistry.java:97)
	at org.triplea.sound.ClipPlayer.hasAudio(ClipPlayer.java:144)
	at org.triplea.sound.ClipPlayer.isSoundEnabled(ClipPlayer.java:251)
	at org.triplea.sound.ClipPlayer.play(ClipPlayer.java:220)
	at org.triplea.sound.DefaultSoundChannel.playSoundForAll(DefaultSoundChannel.java:22)
	at java.base/jdk.internal.reflect.NativeMethodAccessorImpl.invoke0(Native Method)
	at java.base/jdk.internal.reflect.NativeMethodAccessorImpl.invoke(NativeMethodAccessorImpl.java:77)
	at java.base/jdk.internal.reflect.DelegatingMethodAccessorImpl.invoke(DelegatingMethodAccessorImpl.java:43)
	at java.base/java.lang.reflect.Method.invoke(Method.java:569)
	at games.strategy.engine.message.unifiedmessenger.EndPoint.invokeSingle(EndPoint.java:137)
	at games.strategy.engine.message.unifiedmessenger.EndPoint.lambda$invokeMultiple$0(EndPoint.java:121)
	at java.base/java.util.stream.ReferencePipeline$3$1.accept(ReferencePipeline.java:197)
	at java.base/java.util.Spliterators$ArraySpliterator.forEachRemaining(Spliterators.java:992)
	at java.base/java.util.stream.AbstractPipeline.copyInto(AbstractPipeline.java:509)
	at java.base/java.util.stream.AbstractPipeline.wrapAndCopyInto(AbstractPipeline.java:499)
	at java.base/java.util.stream.ReduceOps$ReduceOp.evaluateSequential(ReduceOps.java:921)
	at java.base/java.util.stream.AbstractPipeline.evaluate(AbstractPipeline.java:234)
	at java.base/java.util.stream.ReferencePipeline.collect(ReferencePipeline.java:682)
	at games.strategy.engine.message.unifiedmessenger.EndPoint.invokeMultiple(EndPoint.java:122)
	at games.strategy.engine.message.unifiedmessenger.EndPoint.invokeLocal(EndPoint.java:112)
	at games.strategy.engine.message.unifiedmessenger.UnifiedMessenger.invoke(UnifiedMessenger.java:153)
	at games.strategy.engine.message.UnifiedInvocationHandler.invoke(UnifiedInvocationHandler.java:47)
	at jdk.proxy2/jdk.proxy2.$Proxy25.playSoundForAll(Unknown Source)
	at java.base/jdk.internal.reflect.NativeMethodAccessorImpl.invoke0(Native Method)
	at java.base/jdk.internal.reflect.NativeMethodAccessorImpl.invoke(NativeMethodAccessorImpl.java:77)
	at java.base/jdk.internal.reflect.DelegatingMethodAccessorImpl.invoke(DelegatingMethodAccessorImpl.java:43)
	at java.base/java.lang.reflect.Method.invoke(Method.java:569)
	at games.strategy.engine.delegate.DelegateExecutionManager.lambda$newOutboundImplementation$1(DelegateExecutionManager.java:79)
	at jdk.proxy2/jdk.proxy2.$Proxy25.playSoundForAll(Unknown Source)
	at games.strategy.triplea.delegate.AbstractPlaceDelegate.placeUnits(AbstractPlaceDelegate.java:302)
	at games.strategy.triplea.delegate.AbstractPlaceDelegate.placeUnits(AbstractPlaceDelegate.java:201)
	at java.base/jdk.internal.reflect.NativeMethodAccessorImpl.invoke0(Native Method)
	at java.base/jdk.internal.reflect.NativeMethodAccessorImpl.invoke(NativeMethodAccessorImpl.java:77)
	at java.base/jdk.internal.reflect.DelegatingMethodAccessorImpl.invoke(DelegatingMethodAccessorImpl.java:43)
	at java.base/java.lang.reflect.Method.invoke(Method.java:569)
	at games.strategy.engine.delegate.DelegateExecutionManager$1.invoke(DelegateExecutionManager.java:120)
	at jdk.proxy2/jdk.proxy2.$Proxy16.placeUnits(Unknown Source)
	at java.base/jdk.internal.reflect.NativeMethodAccessorImpl.invoke0(Native Method)
	at java.base/jdk.internal.reflect.NativeMethodAccessorImpl.invoke(NativeMethodAccessorImpl.java:77)
	at java.base/jdk.internal.reflect.DelegatingMethodAccessorImpl.invoke(DelegatingMethodAccessorImpl.java:43)
	at java.base/java.lang.reflect.Method.invoke(Method.java:569)
	at games.strategy.engine.message.unifiedmessenger.EndPoint.invokeSingle(EndPoint.java:137)
	at games.strategy.engine.message.unifiedmessenger.EndPoint.lambda$invokeMultiple$0(EndPoint.java:121)
	at java.base/java.util.stream.ReferencePipeline$3$1.accept(ReferencePipeline.java:197)
	at java.base/java.util.Spliterators$ArraySpliterator.forEachRemaining(Spliterators.java:992)
	at java.base/java.util.stream.AbstractPipeline.copyInto(AbstractPipeline.java:509)
	at java.base/java.util.stream.AbstractPipeline.wrapAndCopyInto(AbstractPipeline.java:499)
	at java.base/java.util.stream.ReduceOps$ReduceOp.evaluateSequential(ReduceOps.java:921)
	at java.base/java.util.stream.AbstractPipeline.evaluate(AbstractPipeline.java:234)
	at java.base/java.util.stream.ReferencePipeline.collect(ReferencePipeline.java:682)
	at games.strategy.engine.message.unifiedmessenger.EndPoint.invokeMultiple(EndPoint.java:122)
	at games.strategy.engine.message.unifiedmessenger.EndPoint.invokeLocal(EndPoint.java:112)
	at games.strategy.engine.message.unifiedmessenger.UnifiedMessenger.invokeAndWait(UnifiedMessenger.java:97)
	at games.strategy.engine.message.UnifiedInvocationHandler.invoke(UnifiedInvocationHandler.java:55)
	at jdk.proxy2/jdk.proxy2.$Proxy16.placeUnits(Unknown Source)
	at java.base/jdk.internal.reflect.NativeMethodAccessorImpl.invoke0(Native Method)
	at java.base/jdk.internal.reflect.NativeMethodAccessorImpl.invoke(NativeMethodAccessorImpl.java:77)
	at java.base/jdk.internal.reflect.DelegatingMethodAccessorImpl.invoke(DelegatingMethodAccessorImpl.java:43)
	at java.base/java.lang.reflect.Method.invoke(Method.java:569)
	at games.strategy.engine.player.PlayerBridge$GameOverInvocationHandler.invoke(PlayerBridge.java:151)
	at jdk.proxy2/jdk.proxy2.$Proxy16.placeUnits(Unknown Source)
	at games.strategy.triplea.ai.weak.WeakAi.doPlace(WeakAi.java:1110)
	at games.strategy.triplea.ai.weak.WeakAi.placeAllWeCanOn(WeakAi.java:1104)
	at games.strategy.triplea.ai.weak.WeakAi.lambda$place$15(WeakAi.java:1054)
	at java.base/java.util.Optional.ifPresent(Optional.java:178)
	at games.strategy.triplea.ai.weak.WeakAi.place(WeakAi.java:1054)
	at games.strategy.triplea.ai.AbstractAi.start(AbstractAi.java:531)
	at games.strategy.engine.framework.ServerGame.waitForPlayerToFinishStep(ServerGame.java:648)
	at games.strategy.engine.framework.ServerGame.runStep(ServerGame.java:478)
	at games.strategy.engine.framework.ServerGame.runNextStep(ServerGame.java:365)
	at games.strategy.engine.framework.ServerGame.startGame(ServerGame.java:333)
	at games.strategy.engine.framework.startup.launcher.LocalLauncher.launchInternal(LocalLauncher.java:92)
	at games.strategy.engine.framework.startup.launcher.LocalLauncher.lambda$launch$0(LocalLauncher.java:60)
	at java.base/java.lang.Thread.run(Thread.java:840)
16642 23:56:25.806 [Thread-8] INFO  org.triplea.sound.ClipPlayer - Unable to create audio device, is there audio on the system? Cannot create AudioDevice
javazoom.jl.decoder.JavaLayerException: Cannot create AudioDevice
	at javazoom.jl.player.FactoryRegistry.createAudioDevice(FactoryRegistry.java:97)
	at org.triplea.sound.ClipPlayer.hasAudio(ClipPlayer.java:144)
	at org.triplea.sound.ClipPlayer.isSoundEnabled(ClipPlayer.java:251)
	at org.triplea.sound.ClipPlayer.play(ClipPlayer.java:220)
	at org.triplea.sound.DefaultSoundChannel.playSoundForAll(DefaultSoundChannel.java:22)
	at java.base/jdk.internal.reflect.NativeMethodAccessorImpl.invoke0(Native Method)
	at java.base/jdk.internal.reflect.NativeMethodAccessorImpl.invoke(NativeMethodAccessorImpl.java:77)
	at java.base/jdk.internal.reflect.DelegatingMethodAccessorImpl.invoke(DelegatingMethodAccessorImpl.java:43)
	at java.base/java.lang.reflect.Method.invoke(Method.java:569)
	at games.strategy.engine.message.unifiedmessenger.EndPoint.invokeSingle(EndPoint.java:137)
	at games.strategy.engine.message.unifiedmessenger.EndPoint.lambda$invokeMultiple$0(EndPoint.java:121)
	at java.base/java.util.stream.ReferencePipeline$3$1.accept(ReferencePipeline.java:197)
	at java.base/java.util.Spliterators$ArraySpliterator.forEachRemaining(Spliterators.java:992)
	at java.base/java.util.stream.AbstractPipeline.copyInto(AbstractPipeline.java:509)
	at java.base/java.util.stream.AbstractPipeline.wrapAndCopyInto(AbstractPipeline.java:499)
	at java.base/java.util.stream.ReduceOps$ReduceOp.evaluateSequential(ReduceOps.java:921)
	at java.base/java.util.stream.AbstractPipeline.evaluate(AbstractPipeline.java:234)
	at java.base/java.util.stream.ReferencePipeline.collect(ReferencePipeline.java:682)
	at games.strategy.engine.message.unifiedmessenger.EndPoint.invokeMultiple(EndPoint.java:122)
	at games.strategy.engine.message.unifiedmessenger.EndPoint.invokeLocal(EndPoint.java:112)
	at games.strategy.engine.message.unifiedmessenger.UnifiedMessenger.invoke(UnifiedMessenger.java:153)
	at games.strategy.engine.message.UnifiedInvocationHandler.invoke(UnifiedInvocationHandler.java:47)
	at jdk.proxy2/jdk.proxy2.$Proxy25.playSoundForAll(Unknown Source)
	at java.base/jdk.internal.reflect.NativeMethodAccessorImpl.invoke0(Native Method)
	at java.base/jdk.internal.reflect.NativeMethodAccessorImpl.invoke(NativeMethodAccessorImpl.java:77)
	at java.base/jdk.internal.reflect.DelegatingMethodAccessorImpl.invoke(DelegatingMethodAccessorImpl.java:43)
	at java.base/java.lang.reflect.Method.invoke(Method.java:569)
	at games.strategy.engine.delegate.DelegateExecutionManager.lambda$newOutboundImplementation$1(DelegateExecutionManager.java:79)
	at jdk.proxy2/jdk.proxy2.$Proxy25.playSoundForAll(Unknown Source)
	at games.strategy.triplea.delegate.battle.BattleTracker.takeOver(BattleTracker.java:794)
	at games.strategy.triplea.delegate.battle.BattleTracker.addEmptyBattle(BattleTracker.java:523)
	at games.strategy.triplea.delegate.battle.BattleTracker.addBattle(BattleTracker.java:345)
	at games.strategy.triplea.delegate.battle.BattleTracker.addBattle(BattleTracker.java:293)
	at games.strategy.triplea.delegate.MovePerformer$3.execute(MovePerformer.java:267)
	at games.strategy.triplea.delegate.ExecutionStack.execute(ExecutionStack.java:34)
	at games.strategy.triplea.delegate.MovePerformer.populateStack(MovePerformer.java:324)
	at games.strategy.triplea.delegate.MovePerformer.moveUnits(MovePerformer.java:81)
	at games.strategy.triplea.delegate.MoveDelegate.performMove(MoveDelegate.java:675)
	at jdk.internal.reflect.GeneratedMethodAccessor35.invoke(Unknown Source)
	at java.base/jdk.internal.reflect.DelegatingMethodAccessorImpl.invoke(DelegatingMethodAccessorImpl.java:43)
	at java.base/java.lang.reflect.Method.invoke(Method.java:569)
	at games.strategy.engine.delegate.DelegateExecutionManager$1.invoke(DelegateExecutionManager.java:120)
	at jdk.proxy2/jdk.proxy2.$Proxy14.performMove(Unknown Source)
	at java.base/jdk.internal.reflect.NativeMethodAccessorImpl.invoke0(Native Method)
	at java.base/jdk.internal.reflect.NativeMethodAccessorImpl.invoke(NativeMethodAccessorImpl.java:77)
	at java.base/jdk.internal.reflect.DelegatingMethodAccessorImpl.invoke(DelegatingMethodAccessorImpl.java:43)
	at java.base/java.lang.reflect.Method.invoke(Method.java:569)
	at games.strategy.engine.message.unifiedmessenger.EndPoint.invokeSingle(EndPoint.java:137)
	at games.strategy.engine.message.unifiedmessenger.EndPoint.lambda$invokeMultiple$0(EndPoint.java:121)
	at java.base/java.util.stream.ReferencePipeline$3$1.accept(ReferencePipeline.java:197)
	at java.base/java.util.Spliterators$ArraySpliterator.forEachRemaining(Spliterators.java:992)
	at java.base/java.util.stream.AbstractPipeline.copyInto(AbstractPipeline.java:509)
	at java.base/java.util.stream.AbstractPipeline.wrapAndCopyInto(AbstractPipeline.java:499)
	at java.base/java.util.stream.ReduceOps$ReduceOp.evaluateSequential(ReduceOps.java:921)
	at java.base/java.util.stream.AbstractPipeline.evaluate(AbstractPipeline.java:234)
	at java.base/java.util.stream.ReferencePipeline.collect(ReferencePipeline.java:682)
	at games.strategy.engine.message.unifiedmessenger.EndPoint.invokeMultiple(EndPoint.java:122)
	at games.strategy.engine.message.unifiedmessenger.EndPoint.invokeLocal(EndPoint.java:112)
	at games.strategy.engine.message.unifiedmessenger.UnifiedMessenger.invokeAndWait(UnifiedMessenger.java:97)
	at games.strategy.engine.message.UnifiedInvocationHandler.invoke(UnifiedInvocationHandler.java:55)
	at jdk.proxy2/jdk.proxy2.$Proxy14.performMove(Unknown Source)
	at jdk.internal.reflect.GeneratedMethodAccessor35.invoke(Unknown Source)
	at java.base/jdk.internal.reflect.DelegatingMethodAccessorImpl.invoke(DelegatingMethodAccessorImpl.java:43)
	at java.base/java.lang.reflect.Method.invoke(Method.java:569)
	at games.strategy.engine.player.PlayerBridge$GameOverInvocationHandler.invoke(PlayerBridge.java:151)
	at jdk.proxy2/jdk.proxy2.$Proxy14.performMove(Unknown Source)
	at games.strategy.triplea.ai.tripleMind.util.ProMoveUtils.doMove(ProMoveUtils.java:431)
	at games.strategy.triplea.ai.tripleMind.AbstractTripleMindAi.move(AbstractTripleMindAi.java:222)
	at games.strategy.triplea.ai.AbstractAi.start(AbstractAi.java:521)
	at games.strategy.engine.framework.ServerGame.waitForPlayerToFinishStep(ServerGame.java:648)
	at games.strategy.engine.framework.ServerGame.runStep(ServerGame.java:478)
	at games.strategy.engine.framework.ServerGame.runNextStep(ServerGame.java:365)
	at games.strategy.engine.framework.ServerGame.startGame(ServerGame.java:333)
	at games.strategy.engine.framework.startup.launcher.LocalLauncher.launchInternal(LocalLauncher.java:92)
	at games.strategy.engine.framework.startup.launcher.LocalLauncher.lambda$launch$0(LocalLauncher.java:60)
	at java.base/java.lang.Thread.run(Thread.java:840)
17708 23:56:26.872 [Thread-8] INFO  org.triplea.sound.ClipPlayer - Unable to create audio device, is there audio on the system? Cannot create AudioDevice
javazoom.jl.decoder.JavaLayerException: Cannot create AudioDevice
	at javazoom.jl.player.FactoryRegistry.createAudioDevice(FactoryRegistry.java:97)
	at org.triplea.sound.ClipPlayer.hasAudio(ClipPlayer.java:144)
	at org.triplea.sound.ClipPlayer.isSoundEnabled(ClipPlayer.java:251)
	at org.triplea.sound.ClipPlayer.play(ClipPlayer.java:220)
	at org.triplea.sound.DefaultSoundChannel.playSoundForAll(DefaultSoundChannel.java:22)
	at java.base/jdk.internal.reflect.NativeMethodAccessorImpl.invoke0(Native Method)
	at java.base/jdk.internal.reflect.NativeMethodAccessorImpl.invoke(NativeMethodAccessorImpl.java:77)
	at java.base/jdk.internal.reflect.DelegatingMethodAccessorImpl.invoke(DelegatingMethodAccessorImpl.java:43)
	at java.base/java.lang.reflect.Method.invoke(Method.java:569)
	at games.strategy.engine.message.unifiedmessenger.EndPoint.invokeSingle(EndPoint.java:137)
	at games.strategy.engine.message.unifiedmessenger.EndPoint.lambda$invokeMultiple$0(EndPoint.java:121)
	at java.base/java.util.stream.ReferencePipeline$3$1.accept(ReferencePipeline.java:197)
	at java.base/java.util.Spliterators$ArraySpliterator.forEachRemaining(Spliterators.java:992)
	at java.base/java.util.stream.AbstractPipeline.copyInto(AbstractPipeline.java:509)
	at java.base/java.util.stream.AbstractPipeline.wrapAndCopyInto(AbstractPipeline.java:499)
	at java.base/java.util.stream.ReduceOps$ReduceOp.evaluateSequential(ReduceOps.java:921)
	at java.base/java.util.stream.AbstractPipeline.evaluate(AbstractPipeline.java:234)
	at java.base/java.util.stream.ReferencePipeline.collect(ReferencePipeline.java:682)
	at games.strategy.engine.message.unifiedmessenger.EndPoint.invokeMultiple(EndPoint.java:122)
	at games.strategy.engine.message.unifiedmessenger.EndPoint.invokeLocal(EndPoint.java:112)
	at games.strategy.engine.message.unifiedmessenger.UnifiedMessenger.invoke(UnifiedMessenger.java:153)
	at games.strategy.engine.message.UnifiedInvocationHandler.invoke(UnifiedInvocationHandler.java:47)
	at jdk.proxy2/jdk.proxy2.$Proxy25.playSoundForAll(Unknown Source)
	at java.base/jdk.internal.reflect.NativeMethodAccessorImpl.invoke0(Native Method)
	at java.base/jdk.internal.reflect.NativeMethodAccessorImpl.invoke(NativeMethodAccessorImpl.java:77)
	at java.base/jdk.internal.reflect.DelegatingMethodAccessorImpl.invoke(DelegatingMethodAccessorImpl.java:43)
	at java.base/java.lang.reflect.Method.invoke(Method.java:569)
	at games.strategy.engine.delegate.DelegateExecutionManager.lambda$newOutboundImplementation$1(DelegateExecutionManager.java:79)
	at jdk.proxy2/jdk.proxy2.$Proxy25.playSoundForAll(Unknown Source)
	at games.strategy.triplea.delegate.AbstractPlaceDelegate.placeUnits(AbstractPlaceDelegate.java:302)
	at games.strategy.triplea.delegate.AbstractPlaceDelegate.placeUnits(AbstractPlaceDelegate.java:201)
	at java.base/jdk.internal.reflect.NativeMethodAccessorImpl.invoke0(Native Method)
	at java.base/jdk.internal.reflect.NativeMethodAccessorImpl.invoke(NativeMethodAccessorImpl.java:77)
	at java.base/jdk.internal.reflect.DelegatingMethodAccessorImpl.invoke(DelegatingMethodAccessorImpl.java:43)
	at java.base/java.lang.reflect.Method.invoke(Method.java:569)
	at games.strategy.engine.delegate.DelegateExecutionManager$1.invoke(DelegateExecutionManager.java:120)
	at jdk.proxy2/jdk.proxy2.$Proxy16.placeUnits(Unknown Source)
	at java.base/jdk.internal.reflect.NativeMethodAccessorImpl.invoke0(Native Method)
	at java.base/jdk.internal.reflect.NativeMethodAccessorImpl.invoke(NativeMethodAccessorImpl.java:77)
	at java.base/jdk.internal.reflect.DelegatingMethodAccessorImpl.invoke(DelegatingMethodAccessorImpl.java:43)
	at java.base/java.lang.reflect.Method.invoke(Method.java:569)
	at games.strategy.engine.message.unifiedmessenger.EndPoint.invokeSingle(EndPoint.java:137)
	at games.strategy.engine.message.unifiedmessenger.EndPoint.lambda$invokeMultiple$0(EndPoint.java:121)
	at java.base/java.util.stream.ReferencePipeline$3$1.accept(ReferencePipeline.java:197)
	at java.base/java.util.Spliterators$ArraySpliterator.forEachRemaining(Spliterators.java:992)
	at java.base/java.util.stream.AbstractPipeline.copyInto(AbstractPipeline.java:509)
	at java.base/java.util.stream.AbstractPipeline.wrapAndCopyInto(AbstractPipeline.java:499)
	at java.base/java.util.stream.ReduceOps$ReduceOp.evaluateSequential(ReduceOps.java:921)
	at java.base/java.util.stream.AbstractPipeline.evaluate(AbstractPipeline.java:234)
	at java.base/java.util.stream.ReferencePipeline.collect(ReferencePipeline.java:682)
	at games.strategy.engine.message.unifiedmessenger.EndPoint.invokeMultiple(EndPoint.java:122)
	at games.strategy.engine.message.unifiedmessenger.EndPoint.invokeLocal(EndPoint.java:112)
	at games.strategy.engine.message.unifiedmessenger.UnifiedMessenger.invokeAndWait(UnifiedMessenger.java:97)
	at games.strategy.engine.message.UnifiedInvocationHandler.invoke(UnifiedInvocationHandler.java:55)
	at jdk.proxy2/jdk.proxy2.$Proxy16.placeUnits(Unknown Source)
	at java.base/jdk.internal.reflect.NativeMethodAccessorImpl.invoke0(Native Method)
	at java.base/jdk.internal.reflect.NativeMethodAccessorImpl.invoke(NativeMethodAccessorImpl.java:77)
	at java.base/jdk.internal.reflect.DelegatingMethodAccessorImpl.invoke(DelegatingMethodAccessorImpl.java:43)
	at java.base/java.lang.reflect.Method.invoke(Method.java:569)
	at games.strategy.engine.player.PlayerBridge$GameOverInvocationHandler.invoke(PlayerBridge.java:151)
	at jdk.proxy2/jdk.proxy2.$Proxy16.placeUnits(Unknown Source)
	at games.strategy.triplea.ai.tripleMind.ProPurchaseAi.doPlace(ProPurchaseAi.java:2627)
	at games.strategy.triplea.ai.tripleMind.ProPurchaseAi.placeUnits(ProPurchaseAi.java:2545)
	at games.strategy.triplea.ai.tripleMind.ProPurchaseAi.place(ProPurchaseAi.java:562)
	at games.strategy.triplea.ai.tripleMind.AbstractTripleMindAi.place(AbstractTripleMindAi.java:380)
	at games.strategy.triplea.ai.AbstractAi.start(AbstractAi.java:531)
	at games.strategy.engine.framework.ServerGame.waitForPlayerToFinishStep(ServerGame.java:648)
	at games.strategy.engine.framework.ServerGame.runStep(ServerGame.java:478)
	at games.strategy.engine.framework.ServerGame.runNextStep(ServerGame.java:365)
	at games.strategy.engine.framework.ServerGame.startGame(ServerGame.java:333)
	at games.strategy.engine.framework.startup.launcher.LocalLauncher.launchInternal(LocalLauncher.java:92)
	at games.strategy.engine.framework.startup.launcher.LocalLauncher.lambda$launch$0(LocalLauncher.java:60)
	at java.base/java.lang.Thread.run(Thread.java:840)
17819 23:56:26.983 [Thread-8] INFO  org.triplea.sound.ClipPlayer - Unable to create audio device, is there audio on the system? Cannot create AudioDevice
javazoom.jl.decoder.JavaLayerException: Cannot create AudioDevice
	at javazoom.jl.player.FactoryRegistry.createAudioDevice(FactoryRegistry.java:97)
	at org.triplea.sound.ClipPlayer.hasAudio(ClipPlayer.java:144)
	at org.triplea.sound.ClipPlayer.isSoundEnabled(ClipPlayer.java:251)
	at org.triplea.sound.ClipPlayer.play(ClipPlayer.java:220)
	at org.triplea.sound.DefaultSoundChannel.playSoundForAll(DefaultSoundChannel.java:22)
	at java.base/jdk.internal.reflect.NativeMethodAccessorImpl.invoke0(Native Method)
	at java.base/jdk.internal.reflect.NativeMethodAccessorImpl.invoke(NativeMethodAccessorImpl.java:77)
	at java.base/jdk.internal.reflect.DelegatingMethodAccessorImpl.invoke(DelegatingMethodAccessorImpl.java:43)
	at java.base/java.lang.reflect.Method.invoke(Method.java:569)
	at games.strategy.engine.message.unifiedmessenger.EndPoint.invokeSingle(EndPoint.java:137)
	at games.strategy.engine.message.unifiedmessenger.EndPoint.lambda$invokeMultiple$0(EndPoint.java:121)
	at java.base/java.util.stream.ReferencePipeline$3$1.accept(ReferencePipeline.java:197)
	at java.base/java.util.Spliterators$ArraySpliterator.forEachRemaining(Spliterators.java:992)
	at java.base/java.util.stream.AbstractPipeline.copyInto(AbstractPipeline.java:509)
	at java.base/java.util.stream.AbstractPipeline.wrapAndCopyInto(AbstractPipeline.java:499)
	at java.base/java.util.stream.ReduceOps$ReduceOp.evaluateSequential(ReduceOps.java:921)
	at java.base/java.util.stream.AbstractPipeline.evaluate(AbstractPipeline.java:234)
	at java.base/java.util.stream.ReferencePipeline.collect(ReferencePipeline.java:682)
	at games.strategy.engine.message.unifiedmessenger.EndPoint.invokeMultiple(EndPoint.java:122)
	at games.strategy.engine.message.unifiedmessenger.EndPoint.invokeLocal(EndPoint.java:112)
	at games.strategy.engine.message.unifiedmessenger.UnifiedMessenger.invoke(UnifiedMessenger.java:153)
	at games.strategy.engine.message.UnifiedInvocationHandler.invoke(UnifiedInvocationHandler.java:47)
	at jdk.proxy2/jdk.proxy2.$Proxy25.playSoundForAll(Unknown Source)
	at java.base/jdk.internal.reflect.NativeMethodAccessorImpl.invoke0(Native Method)
	at java.base/jdk.internal.reflect.NativeMethodAccessorImpl.invoke(NativeMethodAccessorImpl.java:77)
	at java.base/jdk.internal.reflect.DelegatingMethodAccessorImpl.invoke(DelegatingMethodAccessorImpl.java:43)
	at java.base/java.lang.reflect.Method.invoke(Method.java:569)
	at games.strategy.engine.delegate.DelegateExecutionManager.lambda$newOutboundImplementation$1(DelegateExecutionManager.java:79)
	at jdk.proxy2/jdk.proxy2.$Proxy25.playSoundForAll(Unknown Source)
	at games.strategy.triplea.delegate.AbstractPlaceDelegate.placeUnits(AbstractPlaceDelegate.java:302)
	at games.strategy.triplea.delegate.AbstractPlaceDelegate.placeUnits(AbstractPlaceDelegate.java:201)
	at java.base/jdk.internal.reflect.NativeMethodAccessorImpl.invoke0(Native Method)
	at java.base/jdk.internal.reflect.NativeMethodAccessorImpl.invoke(NativeMethodAccessorImpl.java:77)
	at java.base/jdk.internal.reflect.DelegatingMethodAccessorImpl.invoke(DelegatingMethodAccessorImpl.java:43)
	at java.base/java.lang.reflect.Method.invoke(Method.java:569)
	at games.strategy.engine.delegate.DelegateExecutionManager$1.invoke(DelegateExecutionManager.java:120)
	at jdk.proxy2/jdk.proxy2.$Proxy16.placeUnits(Unknown Source)
	at java.base/jdk.internal.reflect.NativeMethodAccessorImpl.invoke0(Native Method)
	at java.base/jdk.internal.reflect.NativeMethodAccessorImpl.invoke(NativeMethodAccessorImpl.java:77)
	at java.base/jdk.internal.reflect.DelegatingMethodAccessorImpl.invoke(DelegatingMethodAccessorImpl.java:43)
	at java.base/java.lang.reflect.Method.invoke(Method.java:569)
	at games.strategy.engine.message.unifiedmessenger.EndPoint.invokeSingle(EndPoint.java:137)
	at games.strategy.engine.message.unifiedmessenger.EndPoint.lambda$invokeMultiple$0(EndPoint.java:121)
	at java.base/java.util.stream.ReferencePipeline$3$1.accept(ReferencePipeline.java:197)
	at java.base/java.util.Spliterators$ArraySpliterator.forEachRemaining(Spliterators.java:992)
	at java.base/java.util.stream.AbstractPipeline.copyInto(AbstractPipeline.java:509)
	at java.base/java.util.stream.AbstractPipeline.wrapAndCopyInto(AbstractPipeline.java:499)
	at java.base/java.util.stream.ReduceOps$ReduceOp.evaluateSequential(ReduceOps.java:921)
	at java.base/java.util.stream.AbstractPipeline.evaluate(AbstractPipeline.java:234)
	at java.base/java.util.stream.ReferencePipeline.collect(ReferencePipeline.java:682)
	at games.strategy.engine.message.unifiedmessenger.EndPoint.invokeMultiple(EndPoint.java:122)
	at games.strategy.engine.message.unifiedmessenger.EndPoint.invokeLocal(EndPoint.java:112)
	at games.strategy.engine.message.unifiedmessenger.UnifiedMessenger.invokeAndWait(UnifiedMessenger.java:97)
	at games.strategy.engine.message.UnifiedInvocationHandler.invoke(UnifiedInvocationHandler.java:55)
	at jdk.proxy2/jdk.proxy2.$Proxy16.placeUnits(Unknown Source)
	at java.base/jdk.internal.reflect.NativeMethodAccessorImpl.invoke0(Native Method)
	at java.base/jdk.internal.reflect.NativeMethodAccessorImpl.invoke(NativeMethodAccessorImpl.java:77)
	at java.base/jdk.internal.reflect.DelegatingMethodAccessorImpl.invoke(DelegatingMethodAccessorImpl.java:43)
	at java.base/java.lang.reflect.Method.invoke(Method.java:569)
	at games.strategy.engine.player.PlayerBridge$GameOverInvocationHandler.invoke(PlayerBridge.java:151)
	at jdk.proxy2/jdk.proxy2.$Proxy16.placeUnits(Unknown Source)
	at games.strategy.triplea.ai.tripleMind.ProPurchaseAi.doPlace(ProPurchaseAi.java:2627)
	at games.strategy.triplea.ai.tripleMind.ProPurchaseAi.placeUnits(ProPurchaseAi.java:2545)
	at games.strategy.triplea.ai.tripleMind.ProPurchaseAi.place(ProPurchaseAi.java:562)
	at games.strategy.triplea.ai.tripleMind.AbstractTripleMindAi.place(AbstractTripleMindAi.java:380)
	at games.strategy.triplea.ai.AbstractAi.start(AbstractAi.java:531)
	at games.strategy.engine.framework.ServerGame.waitForPlayerToFinishStep(ServerGame.java:648)
	at games.strategy.engine.framework.ServerGame.runStep(ServerGame.java:478)
	at games.strategy.engine.framework.ServerGame.runNextStep(ServerGame.java:365)
	at games.strategy.engine.framework.ServerGame.startGame(ServerGame.java:333)
	at games.strategy.engine.framework.startup.launcher.LocalLauncher.launchInternal(LocalLauncher.java:92)
	at games.strategy.engine.framework.startup.launcher.LocalLauncher.lambda$launch$0(LocalLauncher.java:60)
	at java.base/java.lang.Thread.run(Thread.java:840)
17931 23:56:27.095 [Thread-8] INFO  org.triplea.sound.ClipPlayer - Unable to create audio device, is there audio on the system? Cannot create AudioDevice
javazoom.jl.decoder.JavaLayerException: Cannot create AudioDevice
	at javazoom.jl.player.FactoryRegistry.createAudioDevice(FactoryRegistry.java:97)
	at org.triplea.sound.ClipPlayer.hasAudio(ClipPlayer.java:144)
	at org.triplea.sound.ClipPlayer.isSoundEnabled(ClipPlayer.java:251)
	at org.triplea.sound.ClipPlayer.play(ClipPlayer.java:220)
	at org.triplea.sound.DefaultSoundChannel.playSoundForAll(DefaultSoundChannel.java:22)
	at java.base/jdk.internal.reflect.NativeMethodAccessorImpl.invoke0(Native Method)
	at java.base/jdk.internal.reflect.NativeMethodAccessorImpl.invoke(NativeMethodAccessorImpl.java:77)
	at java.base/jdk.internal.reflect.DelegatingMethodAccessorImpl.invoke(DelegatingMethodAccessorImpl.java:43)
	at java.base/java.lang.reflect.Method.invoke(Method.java:569)
	at games.strategy.engine.message.unifiedmessenger.EndPoint.invokeSingle(EndPoint.java:137)
	at games.strategy.engine.message.unifiedmessenger.EndPoint.lambda$invokeMultiple$0(EndPoint.java:121)
	at java.base/java.util.stream.ReferencePipeline$3$1.accept(ReferencePipeline.java:197)
	at java.base/java.util.Spliterators$ArraySpliterator.forEachRemaining(Spliterators.java:992)
	at java.base/java.util.stream.AbstractPipeline.copyInto(AbstractPipeline.java:509)
	at java.base/java.util.stream.AbstractPipeline.wrapAndCopyInto(AbstractPipeline.java:499)
	at java.base/java.util.stream.ReduceOps$ReduceOp.evaluateSequential(ReduceOps.java:921)
	at java.base/java.util.stream.AbstractPipeline.evaluate(AbstractPipeline.java:234)
	at java.base/java.util.stream.ReferencePipeline.collect(ReferencePipeline.java:682)
	at games.strategy.engine.message.unifiedmessenger.EndPoint.invokeMultiple(EndPoint.java:122)
	at games.strategy.engine.message.unifiedmessenger.EndPoint.invokeLocal(EndPoint.java:112)
	at games.strategy.engine.message.unifiedmessenger.UnifiedMessenger.invoke(UnifiedMessenger.java:153)
	at games.strategy.engine.message.UnifiedInvocationHandler.invoke(UnifiedInvocationHandler.java:47)
	at jdk.proxy2/jdk.proxy2.$Proxy25.playSoundForAll(Unknown Source)
	at java.base/jdk.internal.reflect.NativeMethodAccessorImpl.invoke0(Native Method)
	at java.base/jdk.internal.reflect.NativeMethodAccessorImpl.invoke(NativeMethodAccessorImpl.java:77)
	at java.base/jdk.internal.reflect.DelegatingMethodAccessorImpl.invoke(DelegatingMethodAccessorImpl.java:43)
	at java.base/java.lang.reflect.Method.invoke(Method.java:569)
	at games.strategy.engine.delegate.DelegateExecutionManager.lambda$newOutboundImplementation$1(DelegateExecutionManager.java:79)
	at jdk.proxy2/jdk.proxy2.$Proxy25.playSoundForAll(Unknown Source)
	at games.strategy.triplea.delegate.AbstractPlaceDelegate.placeUnits(AbstractPlaceDelegate.java:302)
	at games.strategy.triplea.delegate.AbstractPlaceDelegate.placeUnits(AbstractPlaceDelegate.java:201)
	at java.base/jdk.internal.reflect.NativeMethodAccessorImpl.invoke0(Native Method)
	at java.base/jdk.internal.reflect.NativeMethodAccessorImpl.invoke(NativeMethodAccessorImpl.java:77)
	at java.base/jdk.internal.reflect.DelegatingMethodAccessorImpl.invoke(DelegatingMethodAccessorImpl.java:43)
	at java.base/java.lang.reflect.Method.invoke(Method.java:569)
	at games.strategy.engine.delegate.DelegateExecutionManager$1.invoke(DelegateExecutionManager.java:120)
	at jdk.proxy2/jdk.proxy2.$Proxy16.placeUnits(Unknown Source)
	at java.base/jdk.internal.reflect.NativeMethodAccessorImpl.invoke0(Native Method)
	at java.base/jdk.internal.reflect.NativeMethodAccessorImpl.invoke(NativeMethodAccessorImpl.java:77)
	at java.base/jdk.internal.reflect.DelegatingMethodAccessorImpl.invoke(DelegatingMethodAccessorImpl.java:43)
	at java.base/java.lang.reflect.Method.invoke(Method.java:569)
	at games.strategy.engine.message.unifiedmessenger.EndPoint.invokeSingle(EndPoint.java:137)
	at games.strategy.engine.message.unifiedmessenger.EndPoint.lambda$invokeMultiple$0(EndPoint.java:121)
	at java.base/java.util.stream.ReferencePipeline$3$1.accept(ReferencePipeline.java:197)
	at java.base/java.util.Spliterators$ArraySpliterator.forEachRemaining(Spliterators.java:992)
	at java.base/java.util.stream.AbstractPipeline.copyInto(AbstractPipeline.java:509)
	at java.base/java.util.stream.AbstractPipeline.wrapAndCopyInto(AbstractPipeline.java:499)
	at java.base/java.util.stream.ReduceOps$ReduceOp.evaluateSequential(ReduceOps.java:921)
	at java.base/java.util.stream.AbstractPipeline.evaluate(AbstractPipeline.java:234)
	at java.base/java.util.stream.ReferencePipeline.collect(ReferencePipeline.java:682)
	at games.strategy.engine.message.unifiedmessenger.EndPoint.invokeMultiple(EndPoint.java:122)
	at games.strategy.engine.message.unifiedmessenger.EndPoint.invokeLocal(EndPoint.java:112)
	at games.strategy.engine.message.unifiedmessenger.UnifiedMessenger.invokeAndWait(UnifiedMessenger.java:97)
	at games.strategy.engine.message.UnifiedInvocationHandler.invoke(UnifiedInvocationHandler.java:55)
	at jdk.proxy2/jdk.proxy2.$Proxy16.placeUnits(Unknown Source)
	at java.base/jdk.internal.reflect.NativeMethodAccessorImpl.invoke0(Native Method)
	at java.base/jdk.internal.reflect.NativeMethodAccessorImpl.invoke(NativeMethodAccessorImpl.java:77)
	at java.base/jdk.internal.reflect.DelegatingMethodAccessorImpl.invoke(DelegatingMethodAccessorImpl.java:43)
	at java.base/java.lang.reflect.Method.invoke(Method.java:569)
	at games.strategy.engine.player.PlayerBridge$GameOverInvocationHandler.invoke(PlayerBridge.java:151)
	at jdk.proxy2/jdk.proxy2.$Proxy16.placeUnits(Unknown Source)
	at games.strategy.triplea.ai.tripleMind.ProPurchaseAi.doPlace(ProPurchaseAi.java:2627)
	at games.strategy.triplea.ai.tripleMind.ProPurchaseAi.placeUnits(ProPurchaseAi.java:2545)
	at games.strategy.triplea.ai.tripleMind.ProPurchaseAi.place(ProPurchaseAi.java:562)
	at games.strategy.triplea.ai.tripleMind.AbstractTripleMindAi.place(AbstractTripleMindAi.java:380)
	at games.strategy.triplea.ai.AbstractAi.start(AbstractAi.java:531)
	at games.strategy.engine.framework.ServerGame.waitForPlayerToFinishStep(ServerGame.java:648)
	at games.strategy.engine.framework.ServerGame.runStep(ServerGame.java:478)
	at games.strategy.engine.framework.ServerGame.runNextStep(ServerGame.java:365)
	at games.strategy.engine.framework.ServerGame.startGame(ServerGame.java:333)
	at games.strategy.engine.framework.startup.launcher.LocalLauncher.launchInternal(LocalLauncher.java:92)
	at games.strategy.engine.framework.startup.launcher.LocalLauncher.lambda$launch$0(LocalLauncher.java:60)
	at java.base/java.lang.Thread.run(Thread.java:840)
18042 23:56:27.206 [Thread-8] INFO  org.triplea.sound.ClipPlayer - Unable to create audio device, is there audio on the system? Cannot create AudioDevice
javazoom.jl.decoder.JavaLayerException: Cannot create AudioDevice
	at javazoom.jl.player.FactoryRegistry.createAudioDevice(FactoryRegistry.java:97)
	at org.triplea.sound.ClipPlayer.hasAudio(ClipPlayer.java:144)
	at org.triplea.sound.ClipPlayer.isSoundEnabled(ClipPlayer.java:251)
	at org.triplea.sound.ClipPlayer.play(ClipPlayer.java:220)
	at org.triplea.sound.DefaultSoundChannel.playSoundForAll(DefaultSoundChannel.java:22)
	at java.base/jdk.internal.reflect.NativeMethodAccessorImpl.invoke0(Native Method)
	at java.base/jdk.internal.reflect.NativeMethodAccessorImpl.invoke(NativeMethodAccessorImpl.java:77)
	at java.base/jdk.internal.reflect.DelegatingMethodAccessorImpl.invoke(DelegatingMethodAccessorImpl.java:43)
	at java.base/java.lang.reflect.Method.invoke(Method.java:569)
	at games.strategy.engine.message.unifiedmessenger.EndPoint.invokeSingle(EndPoint.java:137)
	at games.strategy.engine.message.unifiedmessenger.EndPoint.lambda$invokeMultiple$0(EndPoint.java:121)
	at java.base/java.util.stream.ReferencePipeline$3$1.accept(ReferencePipeline.java:197)
	at java.base/java.util.Spliterators$ArraySpliterator.forEachRemaining(Spliterators.java:992)
	at java.base/java.util.stream.AbstractPipeline.copyInto(AbstractPipeline.java:509)
	at java.base/java.util.stream.AbstractPipeline.wrapAndCopyInto(AbstractPipeline.java:499)
	at java.base/java.util.stream.ReduceOps$ReduceOp.evaluateSequential(ReduceOps.java:921)
	at java.base/java.util.stream.AbstractPipeline.evaluate(AbstractPipeline.java:234)
	at java.base/java.util.stream.ReferencePipeline.collect(ReferencePipeline.java:682)
	at games.strategy.engine.message.unifiedmessenger.EndPoint.invokeMultiple(EndPoint.java:122)
	at games.strategy.engine.message.unifiedmessenger.EndPoint.invokeLocal(EndPoint.java:112)
	at games.strategy.engine.message.unifiedmessenger.UnifiedMessenger.invoke(UnifiedMessenger.java:153)
	at games.strategy.engine.message.UnifiedInvocationHandler.invoke(UnifiedInvocationHandler.java:47)
	at jdk.proxy2/jdk.proxy2.$Proxy25.playSoundForAll(Unknown Source)
	at java.base/jdk.internal.reflect.NativeMethodAccessorImpl.invoke0(Native Method)
	at java.base/jdk.internal.reflect.NativeMethodAccessorImpl.invoke(NativeMethodAccessorImpl.java:77)
	at java.base/jdk.internal.reflect.DelegatingMethodAccessorImpl.invoke(DelegatingMethodAccessorImpl.java:43)
	at java.base/java.lang.reflect.Method.invoke(Method.java:569)
	at games.strategy.engine.delegate.DelegateExecutionManager.lambda$newOutboundImplementation$1(DelegateExecutionManager.java:79)
	at jdk.proxy2/jdk.proxy2.$Proxy25.playSoundForAll(Unknown Source)
	at games.strategy.triplea.delegate.AbstractPlaceDelegate.placeUnits(AbstractPlaceDelegate.java:302)
	at games.strategy.triplea.delegate.AbstractPlaceDelegate.placeUnits(AbstractPlaceDelegate.java:201)
	at java.base/jdk.internal.reflect.NativeMethodAccessorImpl.invoke0(Native Method)
	at java.base/jdk.internal.reflect.NativeMethodAccessorImpl.invoke(NativeMethodAccessorImpl.java:77)
	at java.base/jdk.internal.reflect.DelegatingMethodAccessorImpl.invoke(DelegatingMethodAccessorImpl.java:43)
	at java.base/java.lang.reflect.Method.invoke(Method.java:569)
	at games.strategy.engine.delegate.DelegateExecutionManager$1.invoke(DelegateExecutionManager.java:120)
	at jdk.proxy2/jdk.proxy2.$Proxy16.placeUnits(Unknown Source)
	at java.base/jdk.internal.reflect.NativeMethodAccessorImpl.invoke0(Native Method)
	at java.base/jdk.internal.reflect.NativeMethodAccessorImpl.invoke(NativeMethodAccessorImpl.java:77)
	at java.base/jdk.internal.reflect.DelegatingMethodAccessorImpl.invoke(DelegatingMethodAccessorImpl.java:43)
	at java.base/java.lang.reflect.Method.invoke(Method.java:569)
	at games.strategy.engine.message.unifiedmessenger.EndPoint.invokeSingle(EndPoint.java:137)
	at games.strategy.engine.message.unifiedmessenger.EndPoint.lambda$invokeMultiple$0(EndPoint.java:121)
	at java.base/java.util.stream.ReferencePipeline$3$1.accept(ReferencePipeline.java:197)
	at java.base/java.util.Spliterators$ArraySpliterator.forEachRemaining(Spliterators.java:992)
	at java.base/java.util.stream.AbstractPipeline.copyInto(AbstractPipeline.java:509)
	at java.base/java.util.stream.AbstractPipeline.wrapAndCopyInto(AbstractPipeline.java:499)
	at java.base/java.util.stream.ReduceOps$ReduceOp.evaluateSequential(ReduceOps.java:921)
	at java.base/java.util.stream.AbstractPipeline.evaluate(AbstractPipeline.java:234)
	at java.base/java.util.stream.ReferencePipeline.collect(ReferencePipeline.java:682)
	at games.strategy.engine.message.unifiedmessenger.EndPoint.invokeMultiple(EndPoint.java:122)
	at games.strategy.engine.message.unifiedmessenger.EndPoint.invokeLocal(EndPoint.java:112)
	at games.strategy.engine.message.unifiedmessenger.UnifiedMessenger.invokeAndWait(UnifiedMessenger.java:97)
	at games.strategy.engine.message.UnifiedInvocationHandler.invoke(UnifiedInvocationHandler.java:55)
	at jdk.proxy2/jdk.proxy2.$Proxy16.placeUnits(Unknown Source)
	at java.base/jdk.internal.reflect.NativeMethodAccessorImpl.invoke0(Native Method)
	at java.base/jdk.internal.reflect.NativeMethodAccessorImpl.invoke(NativeMethodAccessorImpl.java:77)
	at java.base/jdk.internal.reflect.DelegatingMethodAccessorImpl.invoke(DelegatingMethodAccessorImpl.java:43)
	at java.base/java.lang.reflect.Method.invoke(Method.java:569)
	at games.strategy.engine.player.PlayerBridge$GameOverInvocationHandler.invoke(PlayerBridge.java:151)
	at jdk.proxy2/jdk.proxy2.$Proxy16.placeUnits(Unknown Source)
	at games.strategy.triplea.ai.tripleMind.ProPurchaseAi.doPlace(ProPurchaseAi.java:2627)
	at games.strategy.triplea.ai.tripleMind.ProPurchaseAi.placeUnits(ProPurchaseAi.java:2545)
	at games.strategy.triplea.ai.tripleMind.ProPurchaseAi.place(ProPurchaseAi.java:562)
	at games.strategy.triplea.ai.tripleMind.AbstractTripleMindAi.place(AbstractTripleMindAi.java:380)
	at games.strategy.triplea.ai.AbstractAi.start(AbstractAi.java:531)
	at games.strategy.engine.framework.ServerGame.waitForPlayerToFinishStep(ServerGame.java:648)
	at games.strategy.engine.framework.ServerGame.runStep(ServerGame.java:478)
	at games.strategy.engine.framework.ServerGame.runNextStep(ServerGame.java:365)
	at games.strategy.engine.framework.ServerGame.startGame(ServerGame.java:333)
	at games.strategy.engine.framework.startup.launcher.LocalLauncher.launchInternal(LocalLauncher.java:92)
	at games.strategy.engine.framework.startup.launcher.LocalLauncher.lambda$launch$0(LocalLauncher.java:60)
	at java.base/java.lang.Thread.run(Thread.java:840)
18152 23:56:27.316 [Thread-8] INFO  org.triplea.sound.ClipPlayer - Unable to create audio device, is there audio on the system? Cannot create AudioDevice
javazoom.jl.decoder.JavaLayerException: Cannot create AudioDevice
	at javazoom.jl.player.FactoryRegistry.createAudioDevice(FactoryRegistry.java:97)
	at org.triplea.sound.ClipPlayer.hasAudio(ClipPlayer.java:144)
	at org.triplea.sound.ClipPlayer.isSoundEnabled(ClipPlayer.java:251)
	at org.triplea.sound.ClipPlayer.play(ClipPlayer.java:220)
	at org.triplea.sound.DefaultSoundChannel.playSoundForAll(DefaultSoundChannel.java:22)
	at java.base/jdk.internal.reflect.NativeMethodAccessorImpl.invoke0(Native Method)
	at java.base/jdk.internal.reflect.NativeMethodAccessorImpl.invoke(NativeMethodAccessorImpl.java:77)
	at java.base/jdk.internal.reflect.DelegatingMethodAccessorImpl.invoke(DelegatingMethodAccessorImpl.java:43)
	at java.base/java.lang.reflect.Method.invoke(Method.java:569)
	at games.strategy.engine.message.unifiedmessenger.EndPoint.invokeSingle(EndPoint.java:137)
	at games.strategy.engine.message.unifiedmessenger.EndPoint.lambda$invokeMultiple$0(EndPoint.java:121)
	at java.base/java.util.stream.ReferencePipeline$3$1.accept(ReferencePipeline.java:197)
	at java.base/java.util.Spliterators$ArraySpliterator.forEachRemaining(Spliterators.java:992)
	at java.base/java.util.stream.AbstractPipeline.copyInto(AbstractPipeline.java:509)
	at java.base/java.util.stream.AbstractPipeline.wrapAndCopyInto(AbstractPipeline.java:499)
	at java.base/java.util.stream.ReduceOps$ReduceOp.evaluateSequential(ReduceOps.java:921)
	at java.base/java.util.stream.AbstractPipeline.evaluate(AbstractPipeline.java:234)
	at java.base/java.util.stream.ReferencePipeline.collect(ReferencePipeline.java:682)
	at games.strategy.engine.message.unifiedmessenger.EndPoint.invokeMultiple(EndPoint.java:122)
	at games.strategy.engine.message.unifiedmessenger.EndPoint.invokeLocal(EndPoint.java:112)
	at games.strategy.engine.message.unifiedmessenger.UnifiedMessenger.invoke(UnifiedMessenger.java:153)
	at games.strategy.engine.message.UnifiedInvocationHandler.invoke(UnifiedInvocationHandler.java:47)
	at jdk.proxy2/jdk.proxy2.$Proxy25.playSoundForAll(Unknown Source)
	at java.base/jdk.internal.reflect.NativeMethodAccessorImpl.invoke0(Native Method)
	at java.base/jdk.internal.reflect.NativeMethodAccessorImpl.invoke(NativeMethodAccessorImpl.java:77)
	at java.base/jdk.internal.reflect.DelegatingMethodAccessorImpl.invoke(DelegatingMethodAccessorImpl.java:43)
	at java.base/java.lang.reflect.Method.invoke(Method.java:569)
	at games.strategy.engine.delegate.DelegateExecutionManager.lambda$newOutboundImplementation$1(DelegateExecutionManager.java:79)
	at jdk.proxy2/jdk.proxy2.$Proxy25.playSoundForAll(Unknown Source)
	at games.strategy.triplea.delegate.AbstractPlaceDelegate.placeUnits(AbstractPlaceDelegate.java:302)
	at games.strategy.triplea.delegate.AbstractPlaceDelegate.placeUnits(AbstractPlaceDelegate.java:201)
	at java.base/jdk.internal.reflect.NativeMethodAccessorImpl.invoke0(Native Method)
	at java.base/jdk.internal.reflect.NativeMethodAccessorImpl.invoke(NativeMethodAccessorImpl.java:77)
	at java.base/jdk.internal.reflect.DelegatingMethodAccessorImpl.invoke(DelegatingMethodAccessorImpl.java:43)
	at java.base/java.lang.reflect.Method.invoke(Method.java:569)
	at games.strategy.engine.delegate.DelegateExecutionManager$1.invoke(DelegateExecutionManager.java:120)
	at jdk.proxy2/jdk.proxy2.$Proxy16.placeUnits(Unknown Source)
	at java.base/jdk.internal.reflect.NativeMethodAccessorImpl.invoke0(Native Method)
	at java.base/jdk.internal.reflect.NativeMethodAccessorImpl.invoke(NativeMethodAccessorImpl.java:77)
	at java.base/jdk.internal.reflect.DelegatingMethodAccessorImpl.invoke(DelegatingMethodAccessorImpl.java:43)
	at java.base/java.lang.reflect.Method.invoke(Method.java:569)
	at games.strategy.engine.message.unifiedmessenger.EndPoint.invokeSingle(EndPoint.java:137)
	at games.strategy.engine.message.unifiedmessenger.EndPoint.lambda$invokeMultiple$0(EndPoint.java:121)
	at java.base/java.util.stream.ReferencePipeline$3$1.accept(ReferencePipeline.java:197)
	at java.base/java.util.Spliterators$ArraySpliterator.forEachRemaining(Spliterators.java:992)
	at java.base/java.util.stream.AbstractPipeline.copyInto(AbstractPipeline.java:509)
	at java.base/java.util.stream.AbstractPipeline.wrapAndCopyInto(AbstractPipeline.java:499)
	at java.base/java.util.stream.ReduceOps$ReduceOp.evaluateSequential(ReduceOps.java:921)
	at java.base/java.util.stream.AbstractPipeline.evaluate(AbstractPipeline.java:234)
	at java.base/java.util.stream.ReferencePipeline.collect(ReferencePipeline.java:682)
	at games.strategy.engine.message.unifiedmessenger.EndPoint.invokeMultiple(EndPoint.java:122)
	at games.strategy.engine.message.unifiedmessenger.EndPoint.invokeLocal(EndPoint.java:112)
	at games.strategy.engine.message.unifiedmessenger.UnifiedMessenger.invokeAndWait(UnifiedMessenger.java:97)
	at games.strategy.engine.message.UnifiedInvocationHandler.invoke(UnifiedInvocationHandler.java:55)
	at jdk.proxy2/jdk.proxy2.$Proxy16.placeUnits(Unknown Source)
	at java.base/jdk.internal.reflect.NativeMethodAccessorImpl.invoke0(Native Method)
	at java.base/jdk.internal.reflect.NativeMethodAccessorImpl.invoke(NativeMethodAccessorImpl.java:77)
	at java.base/jdk.internal.reflect.DelegatingMethodAccessorImpl.invoke(DelegatingMethodAccessorImpl.java:43)
	at java.base/java.lang.reflect.Method.invoke(Method.java:569)
	at games.strategy.engine.player.PlayerBridge$GameOverInvocationHandler.invoke(PlayerBridge.java:151)
	at jdk.proxy2/jdk.proxy2.$Proxy16.placeUnits(Unknown Source)
	at games.strategy.triplea.ai.tripleMind.ProPurchaseAi.doPlace(ProPurchaseAi.java:2627)
	at games.strategy.triplea.ai.tripleMind.ProPurchaseAi.placeUnits(ProPurchaseAi.java:2545)
	at games.strategy.triplea.ai.tripleMind.ProPurchaseAi.place(ProPurchaseAi.java:562)
	at games.strategy.triplea.ai.tripleMind.AbstractTripleMindAi.place(AbstractTripleMindAi.java:380)
	at games.strategy.triplea.ai.AbstractAi.start(AbstractAi.java:531)
	at games.strategy.engine.framework.ServerGame.waitForPlayerToFinishStep(ServerGame.java:648)
	at games.strategy.engine.framework.ServerGame.runStep(ServerGame.java:478)
	at games.strategy.engine.framework.ServerGame.runNextStep(ServerGame.java:365)
	at games.strategy.engine.framework.ServerGame.startGame(ServerGame.java:333)
	at games.strategy.engine.framework.startup.launcher.LocalLauncher.launchInternal(LocalLauncher.java:92)
	at games.strategy.engine.framework.startup.launcher.LocalLauncher.lambda$launch$0(LocalLauncher.java:60)
	at java.base/java.lang.Thread.run(Thread.java:840)
18267 23:56:27.431 [Thread-8] INFO  org.triplea.sound.ClipPlayer - Unable to create audio device, is there audio on the system? Cannot create AudioDevice
javazoom.jl.decoder.JavaLayerException: Cannot create AudioDevice
	at javazoom.jl.player.FactoryRegistry.createAudioDevice(FactoryRegistry.java:97)
	at org.triplea.sound.ClipPlayer.hasAudio(ClipPlayer.java:144)
	at org.triplea.sound.ClipPlayer.isSoundEnabled(ClipPlayer.java:251)
	at org.triplea.sound.ClipPlayer.play(ClipPlayer.java:220)
	at org.triplea.sound.DefaultSoundChannel.playSoundForAll(DefaultSoundChannel.java:22)
	at java.base/jdk.internal.reflect.NativeMethodAccessorImpl.invoke0(Native Method)
	at java.base/jdk.internal.reflect.NativeMethodAccessorImpl.invoke(NativeMethodAccessorImpl.java:77)
	at java.base/jdk.internal.reflect.DelegatingMethodAccessorImpl.invoke(DelegatingMethodAccessorImpl.java:43)
	at java.base/java.lang.reflect.Method.invoke(Method.java:569)
	at games.strategy.engine.message.unifiedmessenger.EndPoint.invokeSingle(EndPoint.java:137)
	at games.strategy.engine.message.unifiedmessenger.EndPoint.lambda$invokeMultiple$0(EndPoint.java:121)
	at java.base/java.util.stream.ReferencePipeline$3$1.accept(ReferencePipeline.java:197)
	at java.base/java.util.Spliterators$ArraySpliterator.forEachRemaining(Spliterators.java:992)
	at java.base/java.util.stream.AbstractPipeline.copyInto(AbstractPipeline.java:509)
	at java.base/java.util.stream.AbstractPipeline.wrapAndCopyInto(AbstractPipeline.java:499)
	at java.base/java.util.stream.ReduceOps$ReduceOp.evaluateSequential(ReduceOps.java:921)
	at java.base/java.util.stream.AbstractPipeline.evaluate(AbstractPipeline.java:234)
	at java.base/java.util.stream.ReferencePipeline.collect(ReferencePipeline.java:682)
	at games.strategy.engine.message.unifiedmessenger.EndPoint.invokeMultiple(EndPoint.java:122)
	at games.strategy.engine.message.unifiedmessenger.EndPoint.invokeLocal(EndPoint.java:112)
	at games.strategy.engine.message.unifiedmessenger.UnifiedMessenger.invoke(UnifiedMessenger.java:153)
	at games.strategy.engine.message.UnifiedInvocationHandler.invoke(UnifiedInvocationHandler.java:47)
	at jdk.proxy2/jdk.proxy2.$Proxy25.playSoundForAll(Unknown Source)
	at java.base/jdk.internal.reflect.NativeMethodAccessorImpl.invoke0(Native Method)
	at java.base/jdk.internal.reflect.NativeMethodAccessorImpl.invoke(NativeMethodAccessorImpl.java:77)
	at java.base/jdk.internal.reflect.DelegatingMethodAccessorImpl.invoke(DelegatingMethodAccessorImpl.java:43)
	at java.base/java.lang.reflect.Method.invoke(Method.java:569)
	at games.strategy.engine.delegate.DelegateExecutionManager.lambda$newOutboundImplementation$1(DelegateExecutionManager.java:79)
	at jdk.proxy2/jdk.proxy2.$Proxy25.playSoundForAll(Unknown Source)
	at games.strategy.triplea.delegate.AbstractPlaceDelegate.placeUnits(AbstractPlaceDelegate.java:302)
	at games.strategy.triplea.delegate.AbstractPlaceDelegate.placeUnits(AbstractPlaceDelegate.java:201)
	at jdk.internal.reflect.GeneratedMethodAccessor54.invoke(Unknown Source)
	at java.base/jdk.internal.reflect.DelegatingMethodAccessorImpl.invoke(DelegatingMethodAccessorImpl.java:43)
	at java.base/java.lang.reflect.Method.invoke(Method.java:569)
	at games.strategy.engine.delegate.DelegateExecutionManager$1.invoke(DelegateExecutionManager.java:120)
	at jdk.proxy2/jdk.proxy2.$Proxy16.placeUnits(Unknown Source)
	at java.base/jdk.internal.reflect.NativeMethodAccessorImpl.invoke0(Native Method)
	at java.base/jdk.internal.reflect.NativeMethodAccessorImpl.invoke(NativeMethodAccessorImpl.java:77)
	at java.base/jdk.internal.reflect.DelegatingMethodAccessorImpl.invoke(DelegatingMethodAccessorImpl.java:43)
	at java.base/java.lang.reflect.Method.invoke(Method.java:569)
	at games.strategy.engine.message.unifiedmessenger.EndPoint.invokeSingle(EndPoint.java:137)
	at games.strategy.engine.message.unifiedmessenger.EndPoint.lambda$invokeMultiple$0(EndPoint.java:121)
	at java.base/java.util.stream.ReferencePipeline$3$1.accept(ReferencePipeline.java:197)
	at java.base/java.util.Spliterators$ArraySpliterator.forEachRemaining(Spliterators.java:992)
	at java.base/java.util.stream.AbstractPipeline.copyInto(AbstractPipeline.java:509)
	at java.base/java.util.stream.AbstractPipeline.wrapAndCopyInto(AbstractPipeline.java:499)
	at java.base/java.util.stream.ReduceOps$ReduceOp.evaluateSequential(ReduceOps.java:921)
	at java.base/java.util.stream.AbstractPipeline.evaluate(AbstractPipeline.java:234)
	at java.base/java.util.stream.ReferencePipeline.collect(ReferencePipeline.java:682)
	at games.strategy.engine.message.unifiedmessenger.EndPoint.invokeMultiple(EndPoint.java:122)
	at games.strategy.engine.message.unifiedmessenger.EndPoint.invokeLocal(EndPoint.java:112)
	at games.strategy.engine.message.unifiedmessenger.UnifiedMessenger.invokeAndWait(UnifiedMessenger.java:97)
	at games.strategy.engine.message.UnifiedInvocationHandler.invoke(UnifiedInvocationHandler.java:55)
	at jdk.proxy2/jdk.proxy2.$Proxy16.placeUnits(Unknown Source)
	at jdk.internal.reflect.GeneratedMethodAccessor54.invoke(Unknown Source)
	at java.base/jdk.internal.reflect.DelegatingMethodAccessorImpl.invoke(DelegatingMethodAccessorImpl.java:43)
	at java.base/java.lang.reflect.Method.invoke(Method.java:569)
	at games.strategy.engine.player.PlayerBridge$GameOverInvocationHandler.invoke(PlayerBridge.java:151)
	at jdk.proxy2/jdk.proxy2.$Proxy16.placeUnits(Unknown Source)
	at games.strategy.triplea.ai.tripleMind.ProPurchaseAi.doPlace(ProPurchaseAi.java:2627)
	at games.strategy.triplea.ai.tripleMind.ProPurchaseAi.placeUnits(ProPurchaseAi.java:2545)
	at games.strategy.triplea.ai.tripleMind.ProPurchaseAi.place(ProPurchaseAi.java:562)
	at games.strategy.triplea.ai.tripleMind.AbstractTripleMindAi.place(AbstractTripleMindAi.java:380)
	at games.strategy.triplea.ai.AbstractAi.start(AbstractAi.java:531)
	at games.strategy.engine.framework.ServerGame.waitForPlayerToFinishStep(ServerGame.java:648)
	at games.strategy.engine.framework.ServerGame.runStep(ServerGame.java:478)
	at games.strategy.engine.framework.ServerGame.runNextStep(ServerGame.java:365)
	at games.strategy.engine.framework.ServerGame.startGame(ServerGame.java:333)
	at games.strategy.engine.framework.startup.launcher.LocalLauncher.launchInternal(LocalLauncher.java:92)
	at games.strategy.engine.framework.startup.launcher.LocalLauncher.lambda$launch$0(LocalLauncher.java:60)
	at java.base/java.lang.Thread.run(Thread.java:840)
19547 23:56:28.711 [Thread-8] INFO  org.triplea.sound.ClipPlayer - Unable to create audio device, is there audio on the system? Cannot create AudioDevice
javazoom.jl.decoder.JavaLayerException: Cannot create AudioDevice
	at javazoom.jl.player.FactoryRegistry.createAudioDevice(FactoryRegistry.java:97)
	at org.triplea.sound.ClipPlayer.hasAudio(ClipPlayer.java:144)
	at org.triplea.sound.ClipPlayer.isSoundEnabled(ClipPlayer.java:251)
	at org.triplea.sound.ClipPlayer.play(ClipPlayer.java:220)
	at org.triplea.sound.DefaultSoundChannel.playSoundForAll(DefaultSoundChannel.java:22)
	at jdk.internal.reflect.GeneratedMethodAccessor56.invoke(Unknown Source)
	at java.base/jdk.internal.reflect.DelegatingMethodAccessorImpl.invoke(DelegatingMethodAccessorImpl.java:43)
	at java.base/java.lang.reflect.Method.invoke(Method.java:569)
	at games.strategy.engine.message.unifiedmessenger.EndPoint.invokeSingle(EndPoint.java:137)
	at games.strategy.engine.message.unifiedmessenger.EndPoint.lambda$invokeMultiple$0(EndPoint.java:121)
	at java.base/java.util.stream.ReferencePipeline$3$1.accept(ReferencePipeline.java:197)
	at java.base/java.util.Spliterators$ArraySpliterator.forEachRemaining(Spliterators.java:992)
	at java.base/java.util.stream.AbstractPipeline.copyInto(AbstractPipeline.java:509)
	at java.base/java.util.stream.AbstractPipeline.wrapAndCopyInto(AbstractPipeline.java:499)
	at java.base/java.util.stream.ReduceOps$ReduceOp.evaluateSequential(ReduceOps.java:921)
	at java.base/java.util.stream.AbstractPipeline.evaluate(AbstractPipeline.java:234)
	at java.base/java.util.stream.ReferencePipeline.collect(ReferencePipeline.java:682)
	at games.strategy.engine.message.unifiedmessenger.EndPoint.invokeMultiple(EndPoint.java:122)
	at games.strategy.engine.message.unifiedmessenger.EndPoint.invokeLocal(EndPoint.java:112)
	at games.strategy.engine.message.unifiedmessenger.UnifiedMessenger.invoke(UnifiedMessenger.java:153)
	at games.strategy.engine.message.UnifiedInvocationHandler.invoke(UnifiedInvocationHandler.java:47)
	at jdk.proxy2/jdk.proxy2.$Proxy25.playSoundForAll(Unknown Source)
	at jdk.internal.reflect.GeneratedMethodAccessor55.invoke(Unknown Source)
	at java.base/jdk.internal.reflect.DelegatingMethodAccessorImpl.invoke(DelegatingMethodAccessorImpl.java:43)
	at java.base/java.lang.reflect.Method.invoke(Method.java:569)
	at games.strategy.engine.delegate.DelegateExecutionManager.lambda$newOutboundImplementation$1(DelegateExecutionManager.java:79)
	at jdk.proxy2/jdk.proxy2.$Proxy25.playSoundForAll(Unknown Source)
	at games.strategy.triplea.delegate.battle.BattleTracker.takeOver(BattleTracker.java:794)
	at games.strategy.triplea.delegate.battle.BattleTracker.addEmptyBattle(BattleTracker.java:523)
	at games.strategy.triplea.delegate.battle.BattleTracker.addBattle(BattleTracker.java:345)
	at games.strategy.triplea.delegate.battle.BattleTracker.addBattle(BattleTracker.java:293)
	at games.strategy.triplea.delegate.MovePerformer$3.execute(MovePerformer.java:267)
	at games.strategy.triplea.delegate.ExecutionStack.execute(ExecutionStack.java:34)
	at games.strategy.triplea.delegate.MovePerformer.populateStack(MovePerformer.java:324)
	at games.strategy.triplea.delegate.MovePerformer.moveUnits(MovePerformer.java:81)
	at games.strategy.triplea.delegate.MoveDelegate.performMove(MoveDelegate.java:675)
	at jdk.internal.reflect.GeneratedMethodAccessor35.invoke(Unknown Source)
	at java.base/jdk.internal.reflect.DelegatingMethodAccessorImpl.invoke(DelegatingMethodAccessorImpl.java:43)
	at java.base/java.lang.reflect.Method.invoke(Method.java:569)
	at games.strategy.engine.delegate.DelegateExecutionManager$1.invoke(DelegateExecutionManager.java:120)
	at jdk.proxy2/jdk.proxy2.$Proxy14.performMove(Unknown Source)
	at jdk.internal.reflect.GeneratedMethodAccessor46.invoke(Unknown Source)
	at java.base/jdk.internal.reflect.DelegatingMethodAccessorImpl.invoke(DelegatingMethodAccessorImpl.java:43)
	at java.base/java.lang.reflect.Method.invoke(Method.java:569)
	at games.strategy.engine.message.unifiedmessenger.EndPoint.invokeSingle(EndPoint.java:137)
	at games.strategy.engine.message.unifiedmessenger.EndPoint.lambda$invokeMultiple$0(EndPoint.java:121)
	at java.base/java.util.stream.ReferencePipeline$3$1.accept(ReferencePipeline.java:197)
	at java.base/java.util.Spliterators$ArraySpliterator.forEachRemaining(Spliterators.java:992)
	at java.base/java.util.stream.AbstractPipeline.copyInto(AbstractPipeline.java:509)
	at java.base/java.util.stream.AbstractPipeline.wrapAndCopyInto(AbstractPipeline.java:499)
	at java.base/java.util.stream.ReduceOps$ReduceOp.evaluateSequential(ReduceOps.java:921)
	at java.base/java.util.stream.AbstractPipeline.evaluate(AbstractPipeline.java:234)
	at java.base/java.util.stream.ReferencePipeline.collect(ReferencePipeline.java:682)
	at games.strategy.engine.message.unifiedmessenger.EndPoint.invokeMultiple(EndPoint.java:122)
	at games.strategy.engine.message.unifiedmessenger.EndPoint.invokeLocal(EndPoint.java:112)
	at games.strategy.engine.message.unifiedmessenger.UnifiedMessenger.invokeAndWait(UnifiedMessenger.java:97)
	at games.strategy.engine.message.UnifiedInvocationHandler.invoke(UnifiedInvocationHandler.java:55)
	at jdk.proxy2/jdk.proxy2.$Proxy14.performMove(Unknown Source)
	at jdk.internal.reflect.GeneratedMethodAccessor35.invoke(Unknown Source)
	at java.base/jdk.internal.reflect.DelegatingMethodAccessorImpl.invoke(DelegatingMethodAccessorImpl.java:43)
	at java.base/java.lang.reflect.Method.invoke(Method.java:569)
	at games.strategy.engine.player.PlayerBridge$GameOverInvocationHandler.invoke(PlayerBridge.java:151)
	at jdk.proxy2/jdk.proxy2.$Proxy14.performMove(Unknown Source)
	at games.strategy.triplea.ai.weak.WeakAi.doMove(WeakAi.java:237)
	at games.strategy.triplea.ai.weak.WeakAi.doCombatMove(WeakAi.java:152)
	at games.strategy.triplea.ai.weak.WeakAi.move(WeakAi.java:124)
	at games.strategy.triplea.ai.AbstractAi.start(AbstractAi.java:521)
	at games.strategy.engine.framework.ServerGame.waitForPlayerToFinishStep(ServerGame.java:648)
	at games.strategy.engine.framework.ServerGame.runStep(ServerGame.java:478)
	at games.strategy.engine.framework.ServerGame.runNextStep(ServerGame.java:365)
	at games.strategy.engine.framework.ServerGame.startGame(ServerGame.java:333)
	at games.strategy.engine.framework.startup.launcher.LocalLauncher.launchInternal(LocalLauncher.java:92)
	at games.strategy.engine.framework.startup.launcher.LocalLauncher.lambda$launch$0(LocalLauncher.java:60)
	at java.base/java.lang.Thread.run(Thread.java:840)
20179 23:56:29.343 [Thread-8] INFO  org.triplea.sound.ClipPlayer - Unable to create audio device, is there audio on the system? Cannot create AudioDevice
javazoom.jl.decoder.JavaLayerException: Cannot create AudioDevice
	at javazoom.jl.player.FactoryRegistry.createAudioDevice(FactoryRegistry.java:97)
	at org.triplea.sound.ClipPlayer.hasAudio(ClipPlayer.java:144)
	at org.triplea.sound.ClipPlayer.isSoundEnabled(ClipPlayer.java:251)
	at org.triplea.sound.ClipPlayer.play(ClipPlayer.java:220)
	at org.triplea.sound.DefaultSoundChannel.playSoundForAll(DefaultSoundChannel.java:22)
	at jdk.internal.reflect.GeneratedMethodAccessor56.invoke(Unknown Source)
	at java.base/jdk.internal.reflect.DelegatingMethodAccessorImpl.invoke(DelegatingMethodAccessorImpl.java:43)
	at java.base/java.lang.reflect.Method.invoke(Method.java:569)
	at games.strategy.engine.message.unifiedmessenger.EndPoint.invokeSingle(EndPoint.java:137)
	at games.strategy.engine.message.unifiedmessenger.EndPoint.lambda$invokeMultiple$0(EndPoint.java:121)
	at java.base/java.util.stream.ReferencePipeline$3$1.accept(ReferencePipeline.java:197)
	at java.base/java.util.Spliterators$ArraySpliterator.forEachRemaining(Spliterators.java:992)
	at java.base/java.util.stream.AbstractPipeline.copyInto(AbstractPipeline.java:509)
	at java.base/java.util.stream.AbstractPipeline.wrapAndCopyInto(AbstractPipeline.java:499)
	at java.base/java.util.stream.ReduceOps$ReduceOp.evaluateSequential(ReduceOps.java:921)
	at java.base/java.util.stream.AbstractPipeline.evaluate(AbstractPipeline.java:234)
	at java.base/java.util.stream.ReferencePipeline.collect(ReferencePipeline.java:682)
	at games.strategy.engine.message.unifiedmessenger.EndPoint.invokeMultiple(EndPoint.java:122)
	at games.strategy.engine.message.unifiedmessenger.EndPoint.invokeLocal(EndPoint.java:112)
	at games.strategy.engine.message.unifiedmessenger.UnifiedMessenger.invoke(UnifiedMessenger.java:153)
	at games.strategy.engine.message.UnifiedInvocationHandler.invoke(UnifiedInvocationHandler.java:47)
	at jdk.proxy2/jdk.proxy2.$Proxy25.playSoundForAll(Unknown Source)
	at jdk.internal.reflect.GeneratedMethodAccessor55.invoke(Unknown Source)
	at java.base/jdk.internal.reflect.DelegatingMethodAccessorImpl.invoke(DelegatingMethodAccessorImpl.java:43)
	at java.base/java.lang.reflect.Method.invoke(Method.java:569)
	at games.strategy.engine.delegate.DelegateExecutionManager.lambda$newOutboundImplementation$1(DelegateExecutionManager.java:79)
	at jdk.proxy2/jdk.proxy2.$Proxy25.playSoundForAll(Unknown Source)
	at games.strategy.triplea.delegate.battle.BattleTracker.takeOver(BattleTracker.java:794)
	at games.strategy.triplea.delegate.battle.BattleTracker.addEmptyBattle(BattleTracker.java:523)
	at games.strategy.triplea.delegate.battle.BattleTracker.addBattle(BattleTracker.java:345)
	at games.strategy.triplea.delegate.battle.BattleTracker.addBattle(BattleTracker.java:293)
	at games.strategy.triplea.delegate.MovePerformer$3.execute(MovePerformer.java:267)
	at games.strategy.triplea.delegate.ExecutionStack.execute(ExecutionStack.java:34)
	at games.strategy.triplea.delegate.MovePerformer.populateStack(MovePerformer.java:324)
	at games.strategy.triplea.delegate.MovePerformer.moveUnits(MovePerformer.java:81)
	at games.strategy.triplea.delegate.MoveDelegate.performMove(MoveDelegate.java:675)
	at jdk.internal.reflect.GeneratedMethodAccessor35.invoke(Unknown Source)
	at java.base/jdk.internal.reflect.DelegatingMethodAccessorImpl.invoke(DelegatingMethodAccessorImpl.java:43)
	at java.base/java.lang.reflect.Method.invoke(Method.java:569)
	at games.strategy.engine.delegate.DelegateExecutionManager$1.invoke(DelegateExecutionManager.java:120)
	at jdk.proxy2/jdk.proxy2.$Proxy14.performMove(Unknown Source)
	at jdk.internal.reflect.GeneratedMethodAccessor46.invoke(Unknown Source)
	at java.base/jdk.internal.reflect.DelegatingMethodAccessorImpl.invoke(DelegatingMethodAccessorImpl.java:43)
	at java.base/java.lang.reflect.Method.invoke(Method.java:569)
	at games.strategy.engine.message.unifiedmessenger.EndPoint.invokeSingle(EndPoint.java:137)
	at games.strategy.engine.message.unifiedmessenger.EndPoint.lambda$invokeMultiple$0(EndPoint.java:121)
	at java.base/java.util.stream.ReferencePipeline$3$1.accept(ReferencePipeline.java:197)
	at java.base/java.util.Spliterators$ArraySpliterator.forEachRemaining(Spliterators.java:992)
	at java.base/java.util.stream.AbstractPipeline.copyInto(AbstractPipeline.java:509)
	at java.base/java.util.stream.AbstractPipeline.wrapAndCopyInto(AbstractPipeline.java:499)
	at java.base/java.util.stream.ReduceOps$ReduceOp.evaluateSequential(ReduceOps.java:921)
	at java.base/java.util.stream.AbstractPipeline.evaluate(AbstractPipeline.java:234)
	at java.base/java.util.stream.ReferencePipeline.collect(ReferencePipeline.java:682)
	at games.strategy.engine.message.unifiedmessenger.EndPoint.invokeMultiple(EndPoint.java:122)
	at games.strategy.engine.message.unifiedmessenger.EndPoint.invokeLocal(EndPoint.java:112)
	at games.strategy.engine.message.unifiedmessenger.UnifiedMessenger.invokeAndWait(UnifiedMessenger.java:97)
	at games.strategy.engine.message.UnifiedInvocationHandler.invoke(UnifiedInvocationHandler.java:55)
	at jdk.proxy2/jdk.proxy2.$Proxy14.performMove(Unknown Source)
	at jdk.internal.reflect.GeneratedMethodAccessor35.invoke(Unknown Source)
	at java.base/jdk.internal.reflect.DelegatingMethodAccessorImpl.invoke(DelegatingMethodAccessorImpl.java:43)
	at java.base/java.lang.reflect.Method.invoke(Method.java:569)
	at games.strategy.engine.player.PlayerBridge$GameOverInvocationHandler.invoke(PlayerBridge.java:151)
	at jdk.proxy2/jdk.proxy2.$Proxy14.performMove(Unknown Source)
	at games.strategy.triplea.ai.weak.WeakAi.doMove(WeakAi.java:237)
	at games.strategy.triplea.ai.weak.WeakAi.doCombatMove(WeakAi.java:152)
	at games.strategy.triplea.ai.weak.WeakAi.move(WeakAi.java:124)
	at games.strategy.triplea.ai.AbstractAi.start(AbstractAi.java:521)
	at games.strategy.engine.framework.ServerGame.waitForPlayerToFinishStep(ServerGame.java:648)
	at games.strategy.engine.framework.ServerGame.runStep(ServerGame.java:478)
	at games.strategy.engine.framework.ServerGame.runNextStep(ServerGame.java:365)
	at games.strategy.engine.framework.ServerGame.startGame(ServerGame.java:333)
	at games.strategy.engine.framework.startup.launcher.LocalLauncher.launchInternal(LocalLauncher.java:92)
	at games.strategy.engine.framework.startup.launcher.LocalLauncher.lambda$launch$0(LocalLauncher.java:60)
	at java.base/java.lang.Thread.run(Thread.java:840)
20814 23:56:29.978 [Thread-8] INFO  org.triplea.sound.ClipPlayer - Unable to create audio device, is there audio on the system? Cannot create AudioDevice
javazoom.jl.decoder.JavaLayerException: Cannot create AudioDevice
	at javazoom.jl.player.FactoryRegistry.createAudioDevice(FactoryRegistry.java:97)
	at org.triplea.sound.ClipPlayer.hasAudio(ClipPlayer.java:144)
	at org.triplea.sound.ClipPlayer.isSoundEnabled(ClipPlayer.java:251)
	at org.triplea.sound.ClipPlayer.play(ClipPlayer.java:220)
	at org.triplea.sound.DefaultSoundChannel.playSoundForAll(DefaultSoundChannel.java:22)
	at jdk.internal.reflect.GeneratedMethodAccessor56.invoke(Unknown Source)
	at java.base/jdk.internal.reflect.DelegatingMethodAccessorImpl.invoke(DelegatingMethodAccessorImpl.java:43)
	at java.base/java.lang.reflect.Method.invoke(Method.java:569)
	at games.strategy.engine.message.unifiedmessenger.EndPoint.invokeSingle(EndPoint.java:137)
	at games.strategy.engine.message.unifiedmessenger.EndPoint.lambda$invokeMultiple$0(EndPoint.java:121)
	at java.base/java.util.stream.ReferencePipeline$3$1.accept(ReferencePipeline.java:197)
	at java.base/java.util.Spliterators$ArraySpliterator.forEachRemaining(Spliterators.java:992)
	at java.base/java.util.stream.AbstractPipeline.copyInto(AbstractPipeline.java:509)
	at java.base/java.util.stream.AbstractPipeline.wrapAndCopyInto(AbstractPipeline.java:499)
	at java.base/java.util.stream.ReduceOps$ReduceOp.evaluateSequential(ReduceOps.java:921)
	at java.base/java.util.stream.AbstractPipeline.evaluate(AbstractPipeline.java:234)
	at java.base/java.util.stream.ReferencePipeline.collect(ReferencePipeline.java:682)
	at games.strategy.engine.message.unifiedmessenger.EndPoint.invokeMultiple(EndPoint.java:122)
	at games.strategy.engine.message.unifiedmessenger.EndPoint.invokeLocal(EndPoint.java:112)
	at games.strategy.engine.message.unifiedmessenger.UnifiedMessenger.invoke(UnifiedMessenger.java:153)
	at games.strategy.engine.message.UnifiedInvocationHandler.invoke(UnifiedInvocationHandler.java:47)
	at jdk.proxy2/jdk.proxy2.$Proxy25.playSoundForAll(Unknown Source)
	at jdk.internal.reflect.GeneratedMethodAccessor55.invoke(Unknown Source)
	at java.base/jdk.internal.reflect.DelegatingMethodAccessorImpl.invoke(DelegatingMethodAccessorImpl.java:43)
	at java.base/java.lang.reflect.Method.invoke(Method.java:569)
	at games.strategy.engine.delegate.DelegateExecutionManager.lambda$newOutboundImplementation$1(DelegateExecutionManager.java:79)
	at jdk.proxy2/jdk.proxy2.$Proxy25.playSoundForAll(Unknown Source)
	at games.strategy.triplea.delegate.battle.BattleTracker.takeOver(BattleTracker.java:794)
	at games.strategy.triplea.delegate.battle.BattleTracker.addEmptyBattle(BattleTracker.java:523)
	at games.strategy.triplea.delegate.battle.BattleTracker.addBattle(BattleTracker.java:345)
	at games.strategy.triplea.delegate.battle.BattleTracker.addBattle(BattleTracker.java:293)
	at games.strategy.triplea.delegate.MovePerformer$3.execute(MovePerformer.java:267)
	at games.strategy.triplea.delegate.ExecutionStack.execute(ExecutionStack.java:34)
	at games.strategy.triplea.delegate.MovePerformer.populateStack(MovePerformer.java:324)
	at games.strategy.triplea.delegate.MovePerformer.moveUnits(MovePerformer.java:81)
	at games.strategy.triplea.delegate.MoveDelegate.performMove(MoveDelegate.java:675)
	at jdk.internal.reflect.GeneratedMethodAccessor35.invoke(Unknown Source)
	at java.base/jdk.internal.reflect.DelegatingMethodAccessorImpl.invoke(DelegatingMethodAccessorImpl.java:43)
	at java.base/java.lang.reflect.Method.invoke(Method.java:569)
	at games.strategy.engine.delegate.DelegateExecutionManager$1.invoke(DelegateExecutionManager.java:120)
	at jdk.proxy2/jdk.proxy2.$Proxy14.performMove(Unknown Source)
	at jdk.internal.reflect.GeneratedMethodAccessor46.invoke(Unknown Source)
	at java.base/jdk.internal.reflect.DelegatingMethodAccessorImpl.invoke(DelegatingMethodAccessorImpl.java:43)
	at java.base/java.lang.reflect.Method.invoke(Method.java:569)
	at games.strategy.engine.message.unifiedmessenger.EndPoint.invokeSingle(EndPoint.java:137)
	at games.strategy.engine.message.unifiedmessenger.EndPoint.lambda$invokeMultiple$0(EndPoint.java:121)
	at java.base/java.util.stream.ReferencePipeline$3$1.accept(ReferencePipeline.java:197)
	at java.base/java.util.Spliterators$ArraySpliterator.forEachRemaining(Spliterators.java:992)
	at java.base/java.util.stream.AbstractPipeline.copyInto(AbstractPipeline.java:509)
	at java.base/java.util.stream.AbstractPipeline.wrapAndCopyInto(AbstractPipeline.java:499)
	at java.base/java.util.stream.ReduceOps$ReduceOp.evaluateSequential(ReduceOps.java:921)
	at java.base/java.util.stream.AbstractPipeline.evaluate(AbstractPipeline.java:234)
	at java.base/java.util.stream.ReferencePipeline.collect(ReferencePipeline.java:682)
	at games.strategy.engine.message.unifiedmessenger.EndPoint.invokeMultiple(EndPoint.java:122)
	at games.strategy.engine.message.unifiedmessenger.EndPoint.invokeLocal(EndPoint.java:112)
	at games.strategy.engine.message.unifiedmessenger.UnifiedMessenger.invokeAndWait(UnifiedMessenger.java:97)
	at games.strategy.engine.message.UnifiedInvocationHandler.invoke(UnifiedInvocationHandler.java:55)
	at jdk.proxy2/jdk.proxy2.$Proxy14.performMove(Unknown Source)
	at jdk.internal.reflect.GeneratedMethodAccessor35.invoke(Unknown Source)
	at java.base/jdk.internal.reflect.DelegatingMethodAccessorImpl.invoke(DelegatingMethodAccessorImpl.java:43)
	at java.base/java.lang.reflect.Method.invoke(Method.java:569)
	at games.strategy.engine.player.PlayerBridge$GameOverInvocationHandler.invoke(PlayerBridge.java:151)
	at jdk.proxy2/jdk.proxy2.$Proxy14.performMove(Unknown Source)
	at games.strategy.triplea.ai.weak.WeakAi.doMove(WeakAi.java:237)
	at games.strategy.triplea.ai.weak.WeakAi.doCombatMove(WeakAi.java:152)
	at games.strategy.triplea.ai.weak.WeakAi.move(WeakAi.java:124)
	at games.strategy.triplea.ai.AbstractAi.start(AbstractAi.java:521)
	at games.strategy.engine.framework.ServerGame.waitForPlayerToFinishStep(ServerGame.java:648)
	at games.strategy.engine.framework.ServerGame.runStep(ServerGame.java:478)
	at games.strategy.engine.framework.ServerGame.runNextStep(ServerGame.java:365)
	at games.strategy.engine.framework.ServerGame.startGame(ServerGame.java:333)
	at games.strategy.engine.framework.startup.launcher.LocalLauncher.launchInternal(LocalLauncher.java:92)
	at games.strategy.engine.framework.startup.launcher.LocalLauncher.lambda$launch$0(LocalLauncher.java:60)
	at java.base/java.lang.Thread.run(Thread.java:840)
23397 23:56:32.561 [Thread-8] INFO  org.triplea.sound.ClipPlayer - Unable to create audio device, is there audio on the system? Cannot create AudioDevice
javazoom.jl.decoder.JavaLayerException: Cannot create AudioDevice
	at javazoom.jl.player.FactoryRegistry.createAudioDevice(FactoryRegistry.java:97)
	at org.triplea.sound.ClipPlayer.hasAudio(ClipPlayer.java:144)
	at org.triplea.sound.ClipPlayer.isSoundEnabled(ClipPlayer.java:251)
	at org.triplea.sound.ClipPlayer.play(ClipPlayer.java:220)
	at org.triplea.sound.DefaultSoundChannel.playSoundForAll(DefaultSoundChannel.java:22)
	at jdk.internal.reflect.GeneratedMethodAccessor56.invoke(Unknown Source)
	at java.base/jdk.internal.reflect.DelegatingMethodAccessorImpl.invoke(DelegatingMethodAccessorImpl.java:43)
	at java.base/java.lang.reflect.Method.invoke(Method.java:569)
	at games.strategy.engine.message.unifiedmessenger.EndPoint.invokeSingle(EndPoint.java:137)
	at games.strategy.engine.message.unifiedmessenger.EndPoint.lambda$invokeMultiple$0(EndPoint.java:121)
	at java.base/java.util.stream.ReferencePipeline$3$1.accept(ReferencePipeline.java:197)
	at java.base/java.util.Spliterators$ArraySpliterator.forEachRemaining(Spliterators.java:992)
	at java.base/java.util.stream.AbstractPipeline.copyInto(AbstractPipeline.java:509)
	at java.base/java.util.stream.AbstractPipeline.wrapAndCopyInto(AbstractPipeline.java:499)
	at java.base/java.util.stream.ReduceOps$ReduceOp.evaluateSequential(ReduceOps.java:921)
	at java.base/java.util.stream.AbstractPipeline.evaluate(AbstractPipeline.java:234)
	at java.base/java.util.stream.ReferencePipeline.collect(ReferencePipeline.java:682)
	at games.strategy.engine.message.unifiedmessenger.EndPoint.invokeMultiple(EndPoint.java:122)
	at games.strategy.engine.message.unifiedmessenger.EndPoint.invokeLocal(EndPoint.java:112)
	at games.strategy.engine.message.unifiedmessenger.UnifiedMessenger.invoke(UnifiedMessenger.java:153)
	at games.strategy.engine.message.UnifiedInvocationHandler.invoke(UnifiedInvocationHandler.java:47)
	at jdk.proxy2/jdk.proxy2.$Proxy25.playSoundForAll(Unknown Source)
	at jdk.internal.reflect.GeneratedMethodAccessor55.invoke(Unknown Source)
	at java.base/jdk.internal.reflect.DelegatingMethodAccessorImpl.invoke(DelegatingMethodAccessorImpl.java:43)
	at java.base/java.lang.reflect.Method.invoke(Method.java:569)
	at games.strategy.engine.delegate.DelegateExecutionManager.lambda$newOutboundImplementation$1(DelegateExecutionManager.java:79)
	at jdk.proxy2/jdk.proxy2.$Proxy25.playSoundForAll(Unknown Source)
	at games.strategy.triplea.delegate.AbstractPlaceDelegate.placeUnits(AbstractPlaceDelegate.java:302)
	at games.strategy.triplea.delegate.AbstractPlaceDelegate.placeUnits(AbstractPlaceDelegate.java:201)
	at jdk.internal.reflect.GeneratedMethodAccessor54.invoke(Unknown Source)
	at java.base/jdk.internal.reflect.DelegatingMethodAccessorImpl.invoke(DelegatingMethodAccessorImpl.java:43)
	at java.base/java.lang.reflect.Method.invoke(Method.java:569)
	at games.strategy.engine.delegate.DelegateExecutionManager$1.invoke(DelegateExecutionManager.java:120)
	at jdk.proxy2/jdk.proxy2.$Proxy16.placeUnits(Unknown Source)
	at java.base/jdk.internal.reflect.NativeMethodAccessorImpl.invoke0(Native Method)
	at java.base/jdk.internal.reflect.NativeMethodAccessorImpl.invoke(NativeMethodAccessorImpl.java:77)
	at java.base/jdk.internal.reflect.DelegatingMethodAccessorImpl.invoke(DelegatingMethodAccessorImpl.java:43)
	at java.base/java.lang.reflect.Method.invoke(Method.java:569)
	at games.strategy.engine.message.unifiedmessenger.EndPoint.invokeSingle(EndPoint.java:137)
	at games.strategy.engine.message.unifiedmessenger.EndPoint.lambda$invokeMultiple$0(EndPoint.java:121)
	at java.base/java.util.stream.ReferencePipeline$3$1.accept(ReferencePipeline.java:197)
	at java.base/java.util.Spliterators$ArraySpliterator.forEachRemaining(Spliterators.java:992)
	at java.base/java.util.stream.AbstractPipeline.copyInto(AbstractPipeline.java:509)
	at java.base/java.util.stream.AbstractPipeline.wrapAndCopyInto(AbstractPipeline.java:499)
	at java.base/java.util.stream.ReduceOps$ReduceOp.evaluateSequential(ReduceOps.java:921)
	at java.base/java.util.stream.AbstractPipeline.evaluate(AbstractPipeline.java:234)
	at java.base/java.util.stream.ReferencePipeline.collect(ReferencePipeline.java:682)
	at games.strategy.engine.message.unifiedmessenger.EndPoint.invokeMultiple(EndPoint.java:122)
	at games.strategy.engine.message.unifiedmessenger.EndPoint.invokeLocal(EndPoint.java:112)
	at games.strategy.engine.message.unifiedmessenger.UnifiedMessenger.invokeAndWait(UnifiedMessenger.java:97)
	at games.strategy.engine.message.UnifiedInvocationHandler.invoke(UnifiedInvocationHandler.java:55)
	at jdk.proxy2/jdk.proxy2.$Proxy16.placeUnits(Unknown Source)
	at jdk.internal.reflect.GeneratedMethodAccessor54.invoke(Unknown Source)
	at java.base/jdk.internal.reflect.DelegatingMethodAccessorImpl.invoke(DelegatingMethodAccessorImpl.java:43)
	at java.base/java.lang.reflect.Method.invoke(Method.java:569)
	at games.strategy.engine.player.PlayerBridge$GameOverInvocationHandler.invoke(PlayerBridge.java:151)
	at jdk.proxy2/jdk.proxy2.$Proxy16.placeUnits(Unknown Source)
	at games.strategy.triplea.ai.weak.WeakAi.doPlace(WeakAi.java:1110)
	at games.strategy.triplea.ai.weak.WeakAi.placeAllWeCanOn(WeakAi.java:1104)
	at games.strategy.triplea.ai.weak.WeakAi.lambda$place$15(WeakAi.java:1054)
	at java.base/java.util.Optional.ifPresent(Optional.java:178)
	at games.strategy.triplea.ai.weak.WeakAi.place(WeakAi.java:1054)
	at games.strategy.triplea.ai.AbstractAi.start(AbstractAi.java:531)
	at games.strategy.engine.framework.ServerGame.waitForPlayerToFinishStep(ServerGame.java:648)
	at games.strategy.engine.framework.ServerGame.runStep(ServerGame.java:478)
	at games.strategy.engine.framework.ServerGame.runNextStep(ServerGame.java:365)
	at games.strategy.engine.framework.ServerGame.startGame(ServerGame.java:333)
	at games.strategy.engine.framework.startup.launcher.LocalLauncher.launchInternal(LocalLauncher.java:92)
	at games.strategy.engine.framework.startup.launcher.LocalLauncher.lambda$launch$0(LocalLauncher.java:60)
	at java.base/java.lang.Thread.run(Thread.java:840)
24266 23:56:33.430 [Thread-8] INFO  org.triplea.sound.ClipPlayer - Unable to create audio device, is there audio on the system? Cannot create AudioDevice
javazoom.jl.decoder.JavaLayerException: Cannot create AudioDevice
	at javazoom.jl.player.FactoryRegistry.createAudioDevice(FactoryRegistry.java:97)
	at org.triplea.sound.ClipPlayer.hasAudio(ClipPlayer.java:144)
	at org.triplea.sound.ClipPlayer.isSoundEnabled(ClipPlayer.java:251)
	at org.triplea.sound.ClipPlayer.play(ClipPlayer.java:220)
	at org.triplea.sound.DefaultSoundChannel.playSoundForAll(DefaultSoundChannel.java:22)
	at jdk.internal.reflect.GeneratedMethodAccessor56.invoke(Unknown Source)
	at java.base/jdk.internal.reflect.DelegatingMethodAccessorImpl.invoke(DelegatingMethodAccessorImpl.java:43)
	at java.base/java.lang.reflect.Method.invoke(Method.java:569)
	at games.strategy.engine.message.unifiedmessenger.EndPoint.invokeSingle(EndPoint.java:137)
	at games.strategy.engine.message.unifiedmessenger.EndPoint.lambda$invokeMultiple$0(EndPoint.java:121)
	at java.base/java.util.stream.ReferencePipeline$3$1.accept(ReferencePipeline.java:197)
	at java.base/java.util.Spliterators$ArraySpliterator.forEachRemaining(Spliterators.java:992)
	at java.base/java.util.stream.AbstractPipeline.copyInto(AbstractPipeline.java:509)
	at java.base/java.util.stream.AbstractPipeline.wrapAndCopyInto(AbstractPipeline.java:499)
	at java.base/java.util.stream.ReduceOps$ReduceOp.evaluateSequential(ReduceOps.java:921)
	at java.base/java.util.stream.AbstractPipeline.evaluate(AbstractPipeline.java:234)
	at java.base/java.util.stream.ReferencePipeline.collect(ReferencePipeline.java:682)
	at games.strategy.engine.message.unifiedmessenger.EndPoint.invokeMultiple(EndPoint.java:122)
	at games.strategy.engine.message.unifiedmessenger.EndPoint.invokeLocal(EndPoint.java:112)
	at games.strategy.engine.message.unifiedmessenger.UnifiedMessenger.invoke(UnifiedMessenger.java:153)
	at games.strategy.engine.message.UnifiedInvocationHandler.invoke(UnifiedInvocationHandler.java:47)
	at jdk.proxy2/jdk.proxy2.$Proxy25.playSoundForAll(Unknown Source)
	at jdk.internal.reflect.GeneratedMethodAccessor55.invoke(Unknown Source)
	at java.base/jdk.internal.reflect.DelegatingMethodAccessorImpl.invoke(DelegatingMethodAccessorImpl.java:43)
	at java.base/java.lang.reflect.Method.invoke(Method.java:569)
	at games.strategy.engine.delegate.DelegateExecutionManager.lambda$newOutboundImplementation$1(DelegateExecutionManager.java:79)
	at jdk.proxy2/jdk.proxy2.$Proxy25.playSoundForAll(Unknown Source)
	at games.strategy.triplea.delegate.battle.BattleTracker.takeOver(BattleTracker.java:794)
	at games.strategy.triplea.delegate.battle.BattleTracker.addEmptyBattle(BattleTracker.java:523)
	at games.strategy.triplea.delegate.battle.BattleTracker.addBattle(BattleTracker.java:345)
	at games.strategy.triplea.delegate.battle.BattleTracker.addBattle(BattleTracker.java:293)
	at games.strategy.triplea.delegate.MovePerformer$3.execute(MovePerformer.java:267)
	at games.strategy.triplea.delegate.ExecutionStack.execute(ExecutionStack.java:34)
	at games.strategy.triplea.delegate.MovePerformer.populateStack(MovePerformer.java:324)
	at games.strategy.triplea.delegate.MovePerformer.moveUnits(MovePerformer.java:81)
	at games.strategy.triplea.delegate.MoveDelegate.performMove(MoveDelegate.java:675)
	at jdk.internal.reflect.GeneratedMethodAccessor35.invoke(Unknown Source)
	at java.base/jdk.internal.reflect.DelegatingMethodAccessorImpl.invoke(DelegatingMethodAccessorImpl.java:43)
	at java.base/java.lang.reflect.Method.invoke(Method.java:569)
	at games.strategy.engine.delegate.DelegateExecutionManager$1.invoke(DelegateExecutionManager.java:120)
	at jdk.proxy2/jdk.proxy2.$Proxy14.performMove(Unknown Source)
	at jdk.internal.reflect.GeneratedMethodAccessor46.invoke(Unknown Source)
	at java.base/jdk.internal.reflect.DelegatingMethodAccessorImpl.invoke(DelegatingMethodAccessorImpl.java:43)
	at java.base/java.lang.reflect.Method.invoke(Method.java:569)
	at games.strategy.engine.message.unifiedmessenger.EndPoint.invokeSingle(EndPoint.java:137)
	at games.strategy.engine.message.unifiedmessenger.EndPoint.lambda$invokeMultiple$0(EndPoint.java:121)
	at java.base/java.util.stream.ReferencePipeline$3$1.accept(ReferencePipeline.java:197)
	at java.base/java.util.Spliterators$ArraySpliterator.forEachRemaining(Spliterators.java:992)
	at java.base/java.util.stream.AbstractPipeline.copyInto(AbstractPipeline.java:509)
	at java.base/java.util.stream.AbstractPipeline.wrapAndCopyInto(AbstractPipeline.java:499)
	at java.base/java.util.stream.ReduceOps$ReduceOp.evaluateSequential(ReduceOps.java:921)
	at java.base/java.util.stream.AbstractPipeline.evaluate(AbstractPipeline.java:234)
	at java.base/java.util.stream.ReferencePipeline.collect(ReferencePipeline.java:682)
	at games.strategy.engine.message.unifiedmessenger.EndPoint.invokeMultiple(EndPoint.java:122)
	at games.strategy.engine.message.unifiedmessenger.EndPoint.invokeLocal(EndPoint.java:112)
	at games.strategy.engine.message.unifiedmessenger.UnifiedMessenger.invokeAndWait(UnifiedMessenger.java:97)
	at games.strategy.engine.message.UnifiedInvocationHandler.invoke(UnifiedInvocationHandler.java:55)
	at jdk.proxy2/jdk.proxy2.$Proxy14.performMove(Unknown Source)
	at jdk.internal.reflect.GeneratedMethodAccessor35.invoke(Unknown Source)
	at java.base/jdk.internal.reflect.DelegatingMethodAccessorImpl.invoke(DelegatingMethodAccessorImpl.java:43)
	at java.base/java.lang.reflect.Method.invoke(Method.java:569)
	at games.strategy.engine.player.PlayerBridge$GameOverInvocationHandler.invoke(PlayerBridge.java:151)
	at jdk.proxy2/jdk.proxy2.$Proxy14.performMove(Unknown Source)
	at games.strategy.triplea.ai.weak.WeakAi.doMove(WeakAi.java:237)
	at games.strategy.triplea.ai.weak.WeakAi.doCombatMove(WeakAi.java:152)
	at games.strategy.triplea.ai.weak.WeakAi.move(WeakAi.java:124)
	at games.strategy.triplea.ai.AbstractAi.start(AbstractAi.java:521)
	at games.strategy.engine.framework.ServerGame.waitForPlayerToFinishStep(ServerGame.java:648)
	at games.strategy.engine.framework.ServerGame.runStep(ServerGame.java:478)
	at games.strategy.engine.framework.ServerGame.runNextStep(ServerGame.java:365)
	at games.strategy.engine.framework.ServerGame.startGame(ServerGame.java:333)
	at games.strategy.engine.framework.startup.launcher.LocalLauncher.launchInternal(LocalLauncher.java:92)
	at games.strategy.engine.framework.startup.launcher.LocalLauncher.lambda$launch$0(LocalLauncher.java:60)
	at java.base/java.lang.Thread.run(Thread.java:840)
24908 23:56:34.072 [Thread-8] INFO  org.triplea.sound.ClipPlayer - Unable to create audio device, is there audio on the system? Cannot create AudioDevice
javazoom.jl.decoder.JavaLayerException: Cannot create AudioDevice
	at javazoom.jl.player.FactoryRegistry.createAudioDevice(FactoryRegistry.java:97)
	at org.triplea.sound.ClipPlayer.hasAudio(ClipPlayer.java:144)
	at org.triplea.sound.ClipPlayer.isSoundEnabled(ClipPlayer.java:251)
	at org.triplea.sound.ClipPlayer.play(ClipPlayer.java:220)
	at org.triplea.sound.DefaultSoundChannel.playSoundForAll(DefaultSoundChannel.java:22)
	at jdk.internal.reflect.GeneratedMethodAccessor56.invoke(Unknown Source)
	at java.base/jdk.internal.reflect.DelegatingMethodAccessorImpl.invoke(DelegatingMethodAccessorImpl.java:43)
	at java.base/java.lang.reflect.Method.invoke(Method.java:569)
	at games.strategy.engine.message.unifiedmessenger.EndPoint.invokeSingle(EndPoint.java:137)
	at games.strategy.engine.message.unifiedmessenger.EndPoint.lambda$invokeMultiple$0(EndPoint.java:121)
	at java.base/java.util.stream.ReferencePipeline$3$1.accept(ReferencePipeline.java:197)
	at java.base/java.util.Spliterators$ArraySpliterator.forEachRemaining(Spliterators.java:992)
	at java.base/java.util.stream.AbstractPipeline.copyInto(AbstractPipeline.java:509)
	at java.base/java.util.stream.AbstractPipeline.wrapAndCopyInto(AbstractPipeline.java:499)
	at java.base/java.util.stream.ReduceOps$ReduceOp.evaluateSequential(ReduceOps.java:921)
	at java.base/java.util.stream.AbstractPipeline.evaluate(AbstractPipeline.java:234)
	at java.base/java.util.stream.ReferencePipeline.collect(ReferencePipeline.java:682)
	at games.strategy.engine.message.unifiedmessenger.EndPoint.invokeMultiple(EndPoint.java:122)
	at games.strategy.engine.message.unifiedmessenger.EndPoint.invokeLocal(EndPoint.java:112)
	at games.strategy.engine.message.unifiedmessenger.UnifiedMessenger.invoke(UnifiedMessenger.java:153)
	at games.strategy.engine.message.UnifiedInvocationHandler.invoke(UnifiedInvocationHandler.java:47)
	at jdk.proxy2/jdk.proxy2.$Proxy25.playSoundForAll(Unknown Source)
	at jdk.internal.reflect.GeneratedMethodAccessor55.invoke(Unknown Source)
	at java.base/jdk.internal.reflect.DelegatingMethodAccessorImpl.invoke(DelegatingMethodAccessorImpl.java:43)
	at java.base/java.lang.reflect.Method.invoke(Method.java:569)
	at games.strategy.engine.delegate.DelegateExecutionManager.lambda$newOutboundImplementation$1(DelegateExecutionManager.java:79)
	at jdk.proxy2/jdk.proxy2.$Proxy25.playSoundForAll(Unknown Source)
	at games.strategy.triplea.delegate.battle.BattleTracker.takeOver(BattleTracker.java:794)
	at games.strategy.triplea.delegate.battle.BattleTracker.addEmptyBattle(BattleTracker.java:523)
	at games.strategy.triplea.delegate.battle.BattleTracker.addBattle(BattleTracker.java:345)
	at games.strategy.triplea.delegate.battle.BattleTracker.addBattle(BattleTracker.java:293)
	at games.strategy.triplea.delegate.MovePerformer$3.execute(MovePerformer.java:267)
	at games.strategy.triplea.delegate.ExecutionStack.execute(ExecutionStack.java:34)
	at games.strategy.triplea.delegate.MovePerformer.populateStack(MovePerformer.java:324)
	at games.strategy.triplea.delegate.MovePerformer.moveUnits(MovePerformer.java:81)
	at games.strategy.triplea.delegate.MoveDelegate.performMove(MoveDelegate.java:675)
	at jdk.internal.reflect.GeneratedMethodAccessor35.invoke(Unknown Source)
	at java.base/jdk.internal.reflect.DelegatingMethodAccessorImpl.invoke(DelegatingMethodAccessorImpl.java:43)
	at java.base/java.lang.reflect.Method.invoke(Method.java:569)
	at games.strategy.engine.delegate.DelegateExecutionManager$1.invoke(DelegateExecutionManager.java:120)
	at jdk.proxy2/jdk.proxy2.$Proxy14.performMove(Unknown Source)
	at jdk.internal.reflect.GeneratedMethodAccessor46.invoke(Unknown Source)
	at java.base/jdk.internal.reflect.DelegatingMethodAccessorImpl.invoke(DelegatingMethodAccessorImpl.java:43)
	at java.base/java.lang.reflect.Method.invoke(Method.java:569)
	at games.strategy.engine.message.unifiedmessenger.EndPoint.invokeSingle(EndPoint.java:137)
	at games.strategy.engine.message.unifiedmessenger.EndPoint.lambda$invokeMultiple$0(EndPoint.java:121)
	at java.base/java.util.stream.ReferencePipeline$3$1.accept(ReferencePipeline.java:197)
	at java.base/java.util.Spliterators$ArraySpliterator.forEachRemaining(Spliterators.java:992)
	at java.base/java.util.stream.AbstractPipeline.copyInto(AbstractPipeline.java:509)
	at java.base/java.util.stream.AbstractPipeline.wrapAndCopyInto(AbstractPipeline.java:499)
	at java.base/java.util.stream.ReduceOps$ReduceOp.evaluateSequential(ReduceOps.java:921)
	at java.base/java.util.stream.AbstractPipeline.evaluate(AbstractPipeline.java:234)
	at java.base/java.util.stream.ReferencePipeline.collect(ReferencePipeline.java:682)
	at games.strategy.engine.message.unifiedmessenger.EndPoint.invokeMultiple(EndPoint.java:122)
	at games.strategy.engine.message.unifiedmessenger.EndPoint.invokeLocal(EndPoint.java:112)
	at games.strategy.engine.message.unifiedmessenger.UnifiedMessenger.invokeAndWait(UnifiedMessenger.java:97)
	at games.strategy.engine.message.UnifiedInvocationHandler.invoke(UnifiedInvocationHandler.java:55)
	at jdk.proxy2/jdk.proxy2.$Proxy14.performMove(Unknown Source)
	at jdk.internal.reflect.GeneratedMethodAccessor35.invoke(Unknown Source)
	at java.base/jdk.internal.reflect.DelegatingMethodAccessorImpl.invoke(DelegatingMethodAccessorImpl.java:43)
	at java.base/java.lang.reflect.Method.invoke(Method.java:569)
	at games.strategy.engine.player.PlayerBridge$GameOverInvocationHandler.invoke(PlayerBridge.java:151)
	at jdk.proxy2/jdk.proxy2.$Proxy14.performMove(Unknown Source)
	at games.strategy.triplea.ai.weak.WeakAi.doMove(WeakAi.java:237)
	at games.strategy.triplea.ai.weak.WeakAi.doCombatMove(WeakAi.java:152)
	at games.strategy.triplea.ai.weak.WeakAi.move(WeakAi.java:124)
	at games.strategy.triplea.ai.AbstractAi.start(AbstractAi.java:521)
	at games.strategy.engine.framework.ServerGame.waitForPlayerToFinishStep(ServerGame.java:648)
	at games.strategy.engine.framework.ServerGame.runStep(ServerGame.java:478)
	at games.strategy.engine.framework.ServerGame.runNextStep(ServerGame.java:365)
	at games.strategy.engine.framework.ServerGame.startGame(ServerGame.java:333)
	at games.strategy.engine.framework.startup.launcher.LocalLauncher.launchInternal(LocalLauncher.java:92)
	at games.strategy.engine.framework.startup.launcher.LocalLauncher.lambda$launch$0(LocalLauncher.java:60)
	at java.base/java.lang.Thread.run(Thread.java:840)
25561 23:56:34.725 [Thread-8] INFO  org.triplea.sound.ClipPlayer - Unable to create audio device, is there audio on the system? Cannot create AudioDevice
javazoom.jl.decoder.JavaLayerException: Cannot create AudioDevice
	at javazoom.jl.player.FactoryRegistry.createAudioDevice(FactoryRegistry.java:97)
	at org.triplea.sound.ClipPlayer.hasAudio(ClipPlayer.java:144)
	at org.triplea.sound.ClipPlayer.isSoundEnabled(ClipPlayer.java:251)
	at org.triplea.sound.ClipPlayer.play(ClipPlayer.java:220)
	at org.triplea.sound.DefaultSoundChannel.playSoundForAll(DefaultSoundChannel.java:22)
	at jdk.internal.reflect.GeneratedMethodAccessor56.invoke(Unknown Source)
	at java.base/jdk.internal.reflect.DelegatingMethodAccessorImpl.invoke(DelegatingMethodAccessorImpl.java:43)
	at java.base/java.lang.reflect.Method.invoke(Method.java:569)
	at games.strategy.engine.message.unifiedmessenger.EndPoint.invokeSingle(EndPoint.java:137)
	at games.strategy.engine.message.unifiedmessenger.EndPoint.lambda$invokeMultiple$0(EndPoint.java:121)
	at java.base/java.util.stream.ReferencePipeline$3$1.accept(ReferencePipeline.java:197)
	at java.base/java.util.Spliterators$ArraySpliterator.forEachRemaining(Spliterators.java:992)
	at java.base/java.util.stream.AbstractPipeline.copyInto(AbstractPipeline.java:509)
	at java.base/java.util.stream.AbstractPipeline.wrapAndCopyInto(AbstractPipeline.java:499)
	at java.base/java.util.stream.ReduceOps$ReduceOp.evaluateSequential(ReduceOps.java:921)
	at java.base/java.util.stream.AbstractPipeline.evaluate(AbstractPipeline.java:234)
	at java.base/java.util.stream.ReferencePipeline.collect(ReferencePipeline.java:682)
	at games.strategy.engine.message.unifiedmessenger.EndPoint.invokeMultiple(EndPoint.java:122)
	at games.strategy.engine.message.unifiedmessenger.EndPoint.invokeLocal(EndPoint.java:112)
	at games.strategy.engine.message.unifiedmessenger.UnifiedMessenger.invoke(UnifiedMessenger.java:153)
	at games.strategy.engine.message.UnifiedInvocationHandler.invoke(UnifiedInvocationHandler.java:47)
	at jdk.proxy2/jdk.proxy2.$Proxy25.playSoundForAll(Unknown Source)
	at jdk.internal.reflect.GeneratedMethodAccessor55.invoke(Unknown Source)
	at java.base/jdk.internal.reflect.DelegatingMethodAccessorImpl.invoke(DelegatingMethodAccessorImpl.java:43)
	at java.base/java.lang.reflect.Method.invoke(Method.java:569)
	at games.strategy.engine.delegate.DelegateExecutionManager.lambda$newOutboundImplementation$1(DelegateExecutionManager.java:79)
	at jdk.proxy2/jdk.proxy2.$Proxy25.playSoundForAll(Unknown Source)
	at games.strategy.triplea.delegate.battle.BattleTracker.takeOver(BattleTracker.java:794)
	at games.strategy.triplea.delegate.battle.BattleTracker.addEmptyBattle(BattleTracker.java:523)
	at games.strategy.triplea.delegate.battle.BattleTracker.addBattle(BattleTracker.java:345)
	at games.strategy.triplea.delegate.battle.BattleTracker.addBattle(BattleTracker.java:293)
	at games.strategy.triplea.delegate.MovePerformer$3.execute(MovePerformer.java:267)
	at games.strategy.triplea.delegate.ExecutionStack.execute(ExecutionStack.java:34)
	at games.strategy.triplea.delegate.MovePerformer.populateStack(MovePerformer.java:324)
	at games.strategy.triplea.delegate.MovePerformer.moveUnits(MovePerformer.java:81)
	at games.strategy.triplea.delegate.MoveDelegate.performMove(MoveDelegate.java:675)
	at jdk.internal.reflect.GeneratedMethodAccessor35.invoke(Unknown Source)
	at java.base/jdk.internal.reflect.DelegatingMethodAccessorImpl.invoke(DelegatingMethodAccessorImpl.java:43)
	at java.base/java.lang.reflect.Method.invoke(Method.java:569)
	at games.strategy.engine.delegate.DelegateExecutionManager$1.invoke(DelegateExecutionManager.java:120)
	at jdk.proxy2/jdk.proxy2.$Proxy14.performMove(Unknown Source)
	at jdk.internal.reflect.GeneratedMethodAccessor46.invoke(Unknown Source)
	at java.base/jdk.internal.reflect.DelegatingMethodAccessorImpl.invoke(DelegatingMethodAccessorImpl.java:43)
	at java.base/java.lang.reflect.Method.invoke(Method.java:569)
	at games.strategy.engine.message.unifiedmessenger.EndPoint.invokeSingle(EndPoint.java:137)
	at games.strategy.engine.message.unifiedmessenger.EndPoint.lambda$invokeMultiple$0(EndPoint.java:121)
	at java.base/java.util.stream.ReferencePipeline$3$1.accept(ReferencePipeline.java:197)
	at java.base/java.util.Spliterators$ArraySpliterator.forEachRemaining(Spliterators.java:992)
	at java.base/java.util.stream.AbstractPipeline.copyInto(AbstractPipeline.java:509)
	at java.base/java.util.stream.AbstractPipeline.wrapAndCopyInto(AbstractPipeline.java:499)
	at java.base/java.util.stream.ReduceOps$ReduceOp.evaluateSequential(ReduceOps.java:921)
	at java.base/java.util.stream.AbstractPipeline.evaluate(AbstractPipeline.java:234)
	at java.base/java.util.stream.ReferencePipeline.collect(ReferencePipeline.java:682)
	at games.strategy.engine.message.unifiedmessenger.EndPoint.invokeMultiple(EndPoint.java:122)
	at games.strategy.engine.message.unifiedmessenger.EndPoint.invokeLocal(EndPoint.java:112)
	at games.strategy.engine.message.unifiedmessenger.UnifiedMessenger.invokeAndWait(UnifiedMessenger.java:97)
	at games.strategy.engine.message.UnifiedInvocationHandler.invoke(UnifiedInvocationHandler.java:55)
	at jdk.proxy2/jdk.proxy2.$Proxy14.performMove(Unknown Source)
	at jdk.internal.reflect.GeneratedMethodAccessor35.invoke(Unknown Source)
	at java.base/jdk.internal.reflect.DelegatingMethodAccessorImpl.invoke(DelegatingMethodAccessorImpl.java:43)
	at java.base/java.lang.reflect.Method.invoke(Method.java:569)
	at games.strategy.engine.player.PlayerBridge$GameOverInvocationHandler.invoke(PlayerBridge.java:151)
	at jdk.proxy2/jdk.proxy2.$Proxy14.performMove(Unknown Source)
	at games.strategy.triplea.ai.weak.WeakAi.doMove(WeakAi.java:237)
	at games.strategy.triplea.ai.weak.WeakAi.doCombatMove(WeakAi.java:152)
	at games.strategy.triplea.ai.weak.WeakAi.move(WeakAi.java:124)
	at games.strategy.triplea.ai.AbstractAi.start(AbstractAi.java:521)
	at games.strategy.engine.framework.ServerGame.waitForPlayerToFinishStep(ServerGame.java:648)
	at games.strategy.engine.framework.ServerGame.runStep(ServerGame.java:478)
	at games.strategy.engine.framework.ServerGame.runNextStep(ServerGame.java:365)
	at games.strategy.engine.framework.ServerGame.startGame(ServerGame.java:333)
	at games.strategy.engine.framework.startup.launcher.LocalLauncher.launchInternal(LocalLauncher.java:92)
	at games.strategy.engine.framework.startup.launcher.LocalLauncher.lambda$launch$0(LocalLauncher.java:60)
	at java.base/java.lang.Thread.run(Thread.java:840)
28181 23:56:37.345 [Thread-8] INFO  org.triplea.sound.ClipPlayer - Unable to create audio device, is there audio on the system? Cannot create AudioDevice
javazoom.jl.decoder.JavaLayerException: Cannot create AudioDevice
	at javazoom.jl.player.FactoryRegistry.createAudioDevice(FactoryRegistry.java:97)
	at org.triplea.sound.ClipPlayer.hasAudio(ClipPlayer.java:144)
	at org.triplea.sound.ClipPlayer.isSoundEnabled(ClipPlayer.java:251)
	at org.triplea.sound.ClipPlayer.play(ClipPlayer.java:220)
	at org.triplea.sound.DefaultSoundChannel.playSoundForAll(DefaultSoundChannel.java:22)
	at jdk.internal.reflect.GeneratedMethodAccessor56.invoke(Unknown Source)
	at java.base/jdk.internal.reflect.DelegatingMethodAccessorImpl.invoke(DelegatingMethodAccessorImpl.java:43)
	at java.base/java.lang.reflect.Method.invoke(Method.java:569)
	at games.strategy.engine.message.unifiedmessenger.EndPoint.invokeSingle(EndPoint.java:137)
	at games.strategy.engine.message.unifiedmessenger.EndPoint.lambda$invokeMultiple$0(EndPoint.java:121)
	at java.base/java.util.stream.ReferencePipeline$3$1.accept(ReferencePipeline.java:197)
	at java.base/java.util.Spliterators$ArraySpliterator.forEachRemaining(Spliterators.java:992)
	at java.base/java.util.stream.AbstractPipeline.copyInto(AbstractPipeline.java:509)
	at java.base/java.util.stream.AbstractPipeline.wrapAndCopyInto(AbstractPipeline.java:499)
	at java.base/java.util.stream.ReduceOps$ReduceOp.evaluateSequential(ReduceOps.java:921)
	at java.base/java.util.stream.AbstractPipeline.evaluate(AbstractPipeline.java:234)
	at java.base/java.util.stream.ReferencePipeline.collect(ReferencePipeline.java:682)
	at games.strategy.engine.message.unifiedmessenger.EndPoint.invokeMultiple(EndPoint.java:122)
	at games.strategy.engine.message.unifiedmessenger.EndPoint.invokeLocal(EndPoint.java:112)
	at games.strategy.engine.message.unifiedmessenger.UnifiedMessenger.invoke(UnifiedMessenger.java:153)
	at games.strategy.engine.message.UnifiedInvocationHandler.invoke(UnifiedInvocationHandler.java:47)
	at jdk.proxy2/jdk.proxy2.$Proxy25.playSoundForAll(Unknown Source)
	at jdk.internal.reflect.GeneratedMethodAccessor55.invoke(Unknown Source)
	at java.base/jdk.internal.reflect.DelegatingMethodAccessorImpl.invoke(DelegatingMethodAccessorImpl.java:43)
	at java.base/java.lang.reflect.Method.invoke(Method.java:569)
	at games.strategy.engine.delegate.DelegateExecutionManager.lambda$newOutboundImplementation$1(DelegateExecutionManager.java:79)
	at jdk.proxy2/jdk.proxy2.$Proxy25.playSoundForAll(Unknown Source)
	at games.strategy.triplea.delegate.AbstractPlaceDelegate.placeUnits(AbstractPlaceDelegate.java:302)
	at games.strategy.triplea.delegate.AbstractPlaceDelegate.placeUnits(AbstractPlaceDelegate.java:201)
	at jdk.internal.reflect.GeneratedMethodAccessor54.invoke(Unknown Source)
	at java.base/jdk.internal.reflect.DelegatingMethodAccessorImpl.invoke(DelegatingMethodAccessorImpl.java:43)
	at java.base/java.lang.reflect.Method.invoke(Method.java:569)
	at games.strategy.engine.delegate.DelegateExecutionManager$1.invoke(DelegateExecutionManager.java:120)
	at jdk.proxy2/jdk.proxy2.$Proxy16.placeUnits(Unknown Source)
	at java.base/jdk.internal.reflect.NativeMethodAccessorImpl.invoke0(Native Method)
	at java.base/jdk.internal.reflect.NativeMethodAccessorImpl.invoke(NativeMethodAccessorImpl.java:77)
	at java.base/jdk.internal.reflect.DelegatingMethodAccessorImpl.invoke(DelegatingMethodAccessorImpl.java:43)
	at java.base/java.lang.reflect.Method.invoke(Method.java:569)
	at games.strategy.engine.message.unifiedmessenger.EndPoint.invokeSingle(EndPoint.java:137)
	at games.strategy.engine.message.unifiedmessenger.EndPoint.lambda$invokeMultiple$0(EndPoint.java:121)
	at java.base/java.util.stream.ReferencePipeline$3$1.accept(ReferencePipeline.java:197)
	at java.base/java.util.Spliterators$ArraySpliterator.forEachRemaining(Spliterators.java:992)
	at java.base/java.util.stream.AbstractPipeline.copyInto(AbstractPipeline.java:509)
	at java.base/java.util.stream.AbstractPipeline.wrapAndCopyInto(AbstractPipeline.java:499)
	at java.base/java.util.stream.ReduceOps$ReduceOp.evaluateSequential(ReduceOps.java:921)
	at java.base/java.util.stream.AbstractPipeline.evaluate(AbstractPipeline.java:234)
	at java.base/java.util.stream.ReferencePipeline.collect(ReferencePipeline.java:682)
	at games.strategy.engine.message.unifiedmessenger.EndPoint.invokeMultiple(EndPoint.java:122)
	at games.strategy.engine.message.unifiedmessenger.EndPoint.invokeLocal(EndPoint.java:112)
	at games.strategy.engine.message.unifiedmessenger.UnifiedMessenger.invokeAndWait(UnifiedMessenger.java:97)
	at games.strategy.engine.message.UnifiedInvocationHandler.invoke(UnifiedInvocationHandler.java:55)
	at jdk.proxy2/jdk.proxy2.$Proxy16.placeUnits(Unknown Source)
	at jdk.internal.reflect.GeneratedMethodAccessor54.invoke(Unknown Source)
	at java.base/jdk.internal.reflect.DelegatingMethodAccessorImpl.invoke(DelegatingMethodAccessorImpl.java:43)
	at java.base/java.lang.reflect.Method.invoke(Method.java:569)
	at games.strategy.engine.player.PlayerBridge$GameOverInvocationHandler.invoke(PlayerBridge.java:151)
	at jdk.proxy2/jdk.proxy2.$Proxy16.placeUnits(Unknown Source)
	at games.strategy.triplea.ai.weak.WeakAi.doPlace(WeakAi.java:1110)
	at games.strategy.triplea.ai.weak.WeakAi.placeAllWeCanOn(WeakAi.java:1104)
	at games.strategy.triplea.ai.weak.WeakAi.lambda$place$15(WeakAi.java:1054)
	at java.base/java.util.Optional.ifPresent(Optional.java:178)
	at games.strategy.triplea.ai.weak.WeakAi.place(WeakAi.java:1054)
	at games.strategy.triplea.ai.AbstractAi.start(AbstractAi.java:531)
	at games.strategy.engine.framework.ServerGame.waitForPlayerToFinishStep(ServerGame.java:648)
	at games.strategy.engine.framework.ServerGame.runStep(ServerGame.java:478)
	at games.strategy.engine.framework.ServerGame.runNextStep(ServerGame.java:365)
	at games.strategy.engine.framework.ServerGame.startGame(ServerGame.java:333)
	at games.strategy.engine.framework.startup.launcher.LocalLauncher.launchInternal(LocalLauncher.java:92)
	at games.strategy.engine.framework.startup.launcher.LocalLauncher.lambda$launch$0(LocalLauncher.java:60)
	at java.base/java.lang.Thread.run(Thread.java:840)
29055 23:56:38.219 [Thread-8] INFO  org.triplea.sound.ClipPlayer - Unable to create audio device, is there audio on the system? Cannot create AudioDevice
javazoom.jl.decoder.JavaLayerException: Cannot create AudioDevice
	at javazoom.jl.player.FactoryRegistry.createAudioDevice(FactoryRegistry.java:97)
	at org.triplea.sound.ClipPlayer.hasAudio(ClipPlayer.java:144)
	at org.triplea.sound.ClipPlayer.isSoundEnabled(ClipPlayer.java:251)
	at org.triplea.sound.ClipPlayer.play(ClipPlayer.java:220)
	at org.triplea.sound.DefaultSoundChannel.playSoundForAll(DefaultSoundChannel.java:22)
	at jdk.internal.reflect.GeneratedMethodAccessor56.invoke(Unknown Source)
	at java.base/jdk.internal.reflect.DelegatingMethodAccessorImpl.invoke(DelegatingMethodAccessorImpl.java:43)
	at java.base/java.lang.reflect.Method.invoke(Method.java:569)
	at games.strategy.engine.message.unifiedmessenger.EndPoint.invokeSingle(EndPoint.java:137)
	at games.strategy.engine.message.unifiedmessenger.EndPoint.lambda$invokeMultiple$0(EndPoint.java:121)
	at java.base/java.util.stream.ReferencePipeline$3$1.accept(ReferencePipeline.java:197)
	at java.base/java.util.Spliterators$ArraySpliterator.forEachRemaining(Spliterators.java:992)
	at java.base/java.util.stream.AbstractPipeline.copyInto(AbstractPipeline.java:509)
	at java.base/java.util.stream.AbstractPipeline.wrapAndCopyInto(AbstractPipeline.java:499)
	at java.base/java.util.stream.ReduceOps$ReduceOp.evaluateSequential(ReduceOps.java:921)
	at java.base/java.util.stream.AbstractPipeline.evaluate(AbstractPipeline.java:234)
	at java.base/java.util.stream.ReferencePipeline.collect(ReferencePipeline.java:682)
	at games.strategy.engine.message.unifiedmessenger.EndPoint.invokeMultiple(EndPoint.java:122)
	at games.strategy.engine.message.unifiedmessenger.EndPoint.invokeLocal(EndPoint.java:112)
	at games.strategy.engine.message.unifiedmessenger.UnifiedMessenger.invoke(UnifiedMessenger.java:153)
	at games.strategy.engine.message.UnifiedInvocationHandler.invoke(UnifiedInvocationHandler.java:47)
	at jdk.proxy2/jdk.proxy2.$Proxy25.playSoundForAll(Unknown Source)
	at jdk.internal.reflect.GeneratedMethodAccessor55.invoke(Unknown Source)
	at java.base/jdk.internal.reflect.DelegatingMethodAccessorImpl.invoke(DelegatingMethodAccessorImpl.java:43)
	at java.base/java.lang.reflect.Method.invoke(Method.java:569)
	at games.strategy.engine.delegate.DelegateExecutionManager.lambda$newOutboundImplementation$1(DelegateExecutionManager.java:79)
	at jdk.proxy2/jdk.proxy2.$Proxy25.playSoundForAll(Unknown Source)
	at games.strategy.triplea.delegate.battle.BattleTracker.takeOver(BattleTracker.java:794)
	at games.strategy.triplea.delegate.battle.BattleTracker.addEmptyBattle(BattleTracker.java:523)
	at games.strategy.triplea.delegate.battle.BattleTracker.addBattle(BattleTracker.java:345)
	at games.strategy.triplea.delegate.battle.BattleTracker.addBattle(BattleTracker.java:293)
	at games.strategy.triplea.delegate.MovePerformer$3.execute(MovePerformer.java:267)
	at games.strategy.triplea.delegate.ExecutionStack.execute(ExecutionStack.java:34)
	at games.strategy.triplea.delegate.MovePerformer.populateStack(MovePerformer.java:324)
	at games.strategy.triplea.delegate.MovePerformer.moveUnits(MovePerformer.java:81)
	at games.strategy.triplea.delegate.MoveDelegate.performMove(MoveDelegate.java:675)
	at jdk.internal.reflect.GeneratedMethodAccessor35.invoke(Unknown Source)
	at java.base/jdk.internal.reflect.DelegatingMethodAccessorImpl.invoke(DelegatingMethodAccessorImpl.java:43)
	at java.base/java.lang.reflect.Method.invoke(Method.java:569)
	at games.strategy.engine.delegate.DelegateExecutionManager$1.invoke(DelegateExecutionManager.java:120)
	at jdk.proxy2/jdk.proxy2.$Proxy14.performMove(Unknown Source)
	at jdk.internal.reflect.GeneratedMethodAccessor46.invoke(Unknown Source)
	at java.base/jdk.internal.reflect.DelegatingMethodAccessorImpl.invoke(DelegatingMethodAccessorImpl.java:43)
	at java.base/java.lang.reflect.Method.invoke(Method.java:569)
	at games.strategy.engine.message.unifiedmessenger.EndPoint.invokeSingle(EndPoint.java:137)
	at games.strategy.engine.message.unifiedmessenger.EndPoint.lambda$invokeMultiple$0(EndPoint.java:121)
	at java.base/java.util.stream.ReferencePipeline$3$1.accept(ReferencePipeline.java:197)
	at java.base/java.util.Spliterators$ArraySpliterator.forEachRemaining(Spliterators.java:992)
	at java.base/java.util.stream.AbstractPipeline.copyInto(AbstractPipeline.java:509)
	at java.base/java.util.stream.AbstractPipeline.wrapAndCopyInto(AbstractPipeline.java:499)
	at java.base/java.util.stream.ReduceOps$ReduceOp.evaluateSequential(ReduceOps.java:921)
	at java.base/java.util.stream.AbstractPipeline.evaluate(AbstractPipeline.java:234)
	at java.base/java.util.stream.ReferencePipeline.collect(ReferencePipeline.java:682)
	at games.strategy.engine.message.unifiedmessenger.EndPoint.invokeMultiple(EndPoint.java:122)
	at games.strategy.engine.message.unifiedmessenger.EndPoint.invokeLocal(EndPoint.java:112)
	at games.strategy.engine.message.unifiedmessenger.UnifiedMessenger.invokeAndWait(UnifiedMessenger.java:97)
	at games.strategy.engine.message.UnifiedInvocationHandler.invoke(UnifiedInvocationHandler.java:55)
	at jdk.proxy2/jdk.proxy2.$Proxy14.performMove(Unknown Source)
	at jdk.internal.reflect.GeneratedMethodAccessor35.invoke(Unknown Source)
	at java.base/jdk.internal.reflect.DelegatingMethodAccessorImpl.invoke(DelegatingMethodAccessorImpl.java:43)
	at java.base/java.lang.reflect.Method.invoke(Method.java:569)
	at games.strategy.engine.player.PlayerBridge$GameOverInvocationHandler.invoke(PlayerBridge.java:151)
	at jdk.proxy2/jdk.proxy2.$Proxy14.performMove(Unknown Source)
	at games.strategy.triplea.ai.weak.WeakAi.doMove(WeakAi.java:237)
	at games.strategy.triplea.ai.weak.WeakAi.doCombatMove(WeakAi.java:152)
	at games.strategy.triplea.ai.weak.WeakAi.move(WeakAi.java:124)
	at games.strategy.triplea.ai.AbstractAi.start(AbstractAi.java:521)
	at games.strategy.engine.framework.ServerGame.waitForPlayerToFinishStep(ServerGame.java:648)
	at games.strategy.engine.framework.ServerGame.runStep(ServerGame.java:478)
	at games.strategy.engine.framework.ServerGame.runNextStep(ServerGame.java:365)
	at games.strategy.engine.framework.ServerGame.startGame(ServerGame.java:333)
	at games.strategy.engine.framework.startup.launcher.LocalLauncher.launchInternal(LocalLauncher.java:92)
	at games.strategy.engine.framework.startup.launcher.LocalLauncher.lambda$launch$0(LocalLauncher.java:60)
	at java.base/java.lang.Thread.run(Thread.java:840)
29703 23:56:38.867 [Thread-8] INFO  org.triplea.sound.ClipPlayer - Unable to create audio device, is there audio on the system? Cannot create AudioDevice
javazoom.jl.decoder.JavaLayerException: Cannot create AudioDevice
	at javazoom.jl.player.FactoryRegistry.createAudioDevice(FactoryRegistry.java:97)
	at org.triplea.sound.ClipPlayer.hasAudio(ClipPlayer.java:144)
	at org.triplea.sound.ClipPlayer.isSoundEnabled(ClipPlayer.java:251)
	at org.triplea.sound.ClipPlayer.play(ClipPlayer.java:220)
	at org.triplea.sound.DefaultSoundChannel.playSoundForAll(DefaultSoundChannel.java:22)
	at jdk.internal.reflect.GeneratedMethodAccessor56.invoke(Unknown Source)
	at java.base/jdk.internal.reflect.DelegatingMethodAccessorImpl.invoke(DelegatingMethodAccessorImpl.java:43)
	at java.base/java.lang.reflect.Method.invoke(Method.java:569)
	at games.strategy.engine.message.unifiedmessenger.EndPoint.invokeSingle(EndPoint.java:137)
	at games.strategy.engine.message.unifiedmessenger.EndPoint.lambda$invokeMultiple$0(EndPoint.java:121)
	at java.base/java.util.stream.ReferencePipeline$3$1.accept(ReferencePipeline.java:197)
	at java.base/java.util.Spliterators$ArraySpliterator.forEachRemaining(Spliterators.java:992)
	at java.base/java.util.stream.AbstractPipeline.copyInto(AbstractPipeline.java:509)
	at java.base/java.util.stream.AbstractPipeline.wrapAndCopyInto(AbstractPipeline.java:499)
	at java.base/java.util.stream.ReduceOps$ReduceOp.evaluateSequential(ReduceOps.java:921)
	at java.base/java.util.stream.AbstractPipeline.evaluate(AbstractPipeline.java:234)
	at java.base/java.util.stream.ReferencePipeline.collect(ReferencePipeline.java:682)
	at games.strategy.engine.message.unifiedmessenger.EndPoint.invokeMultiple(EndPoint.java:122)
	at games.strategy.engine.message.unifiedmessenger.EndPoint.invokeLocal(EndPoint.java:112)
	at games.strategy.engine.message.unifiedmessenger.UnifiedMessenger.invoke(UnifiedMessenger.java:153)
	at games.strategy.engine.message.UnifiedInvocationHandler.invoke(UnifiedInvocationHandler.java:47)
	at jdk.proxy2/jdk.proxy2.$Proxy25.playSoundForAll(Unknown Source)
	at jdk.internal.reflect.GeneratedMethodAccessor55.invoke(Unknown Source)
	at java.base/jdk.internal.reflect.DelegatingMethodAccessorImpl.invoke(DelegatingMethodAccessorImpl.java:43)
	at java.base/java.lang.reflect.Method.invoke(Method.java:569)
	at games.strategy.engine.delegate.DelegateExecutionManager.lambda$newOutboundImplementation$1(DelegateExecutionManager.java:79)
	at jdk.proxy2/jdk.proxy2.$Proxy25.playSoundForAll(Unknown Source)
	at games.strategy.triplea.delegate.battle.BattleTracker.takeOver(BattleTracker.java:794)
	at games.strategy.triplea.delegate.battle.BattleTracker.addEmptyBattle(BattleTracker.java:523)
	at games.strategy.triplea.delegate.battle.BattleTracker.addBattle(BattleTracker.java:345)
	at games.strategy.triplea.delegate.battle.BattleTracker.addBattle(BattleTracker.java:293)
	at games.strategy.triplea.delegate.MovePerformer$3.execute(MovePerformer.java:267)
	at games.strategy.triplea.delegate.ExecutionStack.execute(ExecutionStack.java:34)
	at games.strategy.triplea.delegate.MovePerformer.populateStack(MovePerformer.java:324)
	at games.strategy.triplea.delegate.MovePerformer.moveUnits(MovePerformer.java:81)
	at games.strategy.triplea.delegate.MoveDelegate.performMove(MoveDelegate.java:675)
	at jdk.internal.reflect.GeneratedMethodAccessor35.invoke(Unknown Source)
	at java.base/jdk.internal.reflect.DelegatingMethodAccessorImpl.invoke(DelegatingMethodAccessorImpl.java:43)
	at java.base/java.lang.reflect.Method.invoke(Method.java:569)
	at games.strategy.engine.delegate.DelegateExecutionManager$1.invoke(DelegateExecutionManager.java:120)
	at jdk.proxy2/jdk.proxy2.$Proxy14.performMove(Unknown Source)
	at jdk.internal.reflect.GeneratedMethodAccessor46.invoke(Unknown Source)
	at java.base/jdk.internal.reflect.DelegatingMethodAccessorImpl.invoke(DelegatingMethodAccessorImpl.java:43)
	at java.base/java.lang.reflect.Method.invoke(Method.java:569)
	at games.strategy.engine.message.unifiedmessenger.EndPoint.invokeSingle(EndPoint.java:137)
	at games.strategy.engine.message.unifiedmessenger.EndPoint.lambda$invokeMultiple$0(EndPoint.java:121)
	at java.base/java.util.stream.ReferencePipeline$3$1.accept(ReferencePipeline.java:197)
	at java.base/java.util.Spliterators$ArraySpliterator.forEachRemaining(Spliterators.java:992)
	at java.base/java.util.stream.AbstractPipeline.copyInto(AbstractPipeline.java:509)
	at java.base/java.util.stream.AbstractPipeline.wrapAndCopyInto(AbstractPipeline.java:499)
	at java.base/java.util.stream.ReduceOps$ReduceOp.evaluateSequential(ReduceOps.java:921)
	at java.base/java.util.stream.AbstractPipeline.evaluate(AbstractPipeline.java:234)
	at java.base/java.util.stream.ReferencePipeline.collect(ReferencePipeline.java:682)
	at games.strategy.engine.message.unifiedmessenger.EndPoint.invokeMultiple(EndPoint.java:122)
	at games.strategy.engine.message.unifiedmessenger.EndPoint.invokeLocal(EndPoint.java:112)
	at games.strategy.engine.message.unifiedmessenger.UnifiedMessenger.invokeAndWait(UnifiedMessenger.java:97)
	at games.strategy.engine.message.UnifiedInvocationHandler.invoke(UnifiedInvocationHandler.java:55)
	at jdk.proxy2/jdk.proxy2.$Proxy14.performMove(Unknown Source)
	at jdk.internal.reflect.GeneratedMethodAccessor35.invoke(Unknown Source)
	at java.base/jdk.internal.reflect.DelegatingMethodAccessorImpl.invoke(DelegatingMethodAccessorImpl.java:43)
	at java.base/java.lang.reflect.Method.invoke(Method.java:569)
	at games.strategy.engine.player.PlayerBridge$GameOverInvocationHandler.invoke(PlayerBridge.java:151)
	at jdk.proxy2/jdk.proxy2.$Proxy14.performMove(Unknown Source)
	at games.strategy.triplea.ai.weak.WeakAi.doMove(WeakAi.java:237)
	at games.strategy.triplea.ai.weak.WeakAi.doCombatMove(WeakAi.java:152)
	at games.strategy.triplea.ai.weak.WeakAi.move(WeakAi.java:124)
	at games.strategy.triplea.ai.AbstractAi.start(AbstractAi.java:521)
	at games.strategy.engine.framework.ServerGame.waitForPlayerToFinishStep(ServerGame.java:648)
	at games.strategy.engine.framework.ServerGame.runStep(ServerGame.java:478)
	at games.strategy.engine.framework.ServerGame.runNextStep(ServerGame.java:365)
	at games.strategy.engine.framework.ServerGame.startGame(ServerGame.java:333)
	at games.strategy.engine.framework.startup.launcher.LocalLauncher.launchInternal(LocalLauncher.java:92)
	at games.strategy.engine.framework.startup.launcher.LocalLauncher.lambda$launch$0(LocalLauncher.java:60)
	at java.base/java.lang.Thread.run(Thread.java:840)
30362 23:56:39.526 [Thread-8] INFO  org.triplea.sound.ClipPlayer - Unable to create audio device, is there audio on the system? Cannot create AudioDevice
javazoom.jl.decoder.JavaLayerException: Cannot create AudioDevice
	at javazoom.jl.player.FactoryRegistry.createAudioDevice(FactoryRegistry.java:97)
	at org.triplea.sound.ClipPlayer.hasAudio(ClipPlayer.java:144)
	at org.triplea.sound.ClipPlayer.isSoundEnabled(ClipPlayer.java:251)
	at org.triplea.sound.ClipPlayer.play(ClipPlayer.java:220)
	at org.triplea.sound.DefaultSoundChannel.playSoundForAll(DefaultSoundChannel.java:22)
	at jdk.internal.reflect.GeneratedMethodAccessor56.invoke(Unknown Source)
	at java.base/jdk.internal.reflect.DelegatingMethodAccessorImpl.invoke(DelegatingMethodAccessorImpl.java:43)
	at java.base/java.lang.reflect.Method.invoke(Method.java:569)
	at games.strategy.engine.message.unifiedmessenger.EndPoint.invokeSingle(EndPoint.java:137)
	at games.strategy.engine.message.unifiedmessenger.EndPoint.lambda$invokeMultiple$0(EndPoint.java:121)
	at java.base/java.util.stream.ReferencePipeline$3$1.accept(ReferencePipeline.java:197)
	at java.base/java.util.Spliterators$ArraySpliterator.forEachRemaining(Spliterators.java:992)
	at java.base/java.util.stream.AbstractPipeline.copyInto(AbstractPipeline.java:509)
	at java.base/java.util.stream.AbstractPipeline.wrapAndCopyInto(AbstractPipeline.java:499)
	at java.base/java.util.stream.ReduceOps$ReduceOp.evaluateSequential(ReduceOps.java:921)
	at java.base/java.util.stream.AbstractPipeline.evaluate(AbstractPipeline.java:234)
	at java.base/java.util.stream.ReferencePipeline.collect(ReferencePipeline.java:682)
	at games.strategy.engine.message.unifiedmessenger.EndPoint.invokeMultiple(EndPoint.java:122)
	at games.strategy.engine.message.unifiedmessenger.EndPoint.invokeLocal(EndPoint.java:112)
	at games.strategy.engine.message.unifiedmessenger.UnifiedMessenger.invoke(UnifiedMessenger.java:153)
	at games.strategy.engine.message.UnifiedInvocationHandler.invoke(UnifiedInvocationHandler.java:47)
	at jdk.proxy2/jdk.proxy2.$Proxy25.playSoundForAll(Unknown Source)
	at jdk.internal.reflect.GeneratedMethodAccessor55.invoke(Unknown Source)
	at java.base/jdk.internal.reflect.DelegatingMethodAccessorImpl.invoke(DelegatingMethodAccessorImpl.java:43)
	at java.base/java.lang.reflect.Method.invoke(Method.java:569)
	at games.strategy.engine.delegate.DelegateExecutionManager.lambda$newOutboundImplementation$1(DelegateExecutionManager.java:79)
	at jdk.proxy2/jdk.proxy2.$Proxy25.playSoundForAll(Unknown Source)
	at games.strategy.triplea.delegate.battle.BattleTracker.takeOver(BattleTracker.java:794)
	at games.strategy.triplea.delegate.battle.BattleTracker.addEmptyBattle(BattleTracker.java:523)
	at games.strategy.triplea.delegate.battle.BattleTracker.addBattle(BattleTracker.java:345)
	at games.strategy.triplea.delegate.battle.BattleTracker.addBattle(BattleTracker.java:293)
	at games.strategy.triplea.delegate.MovePerformer$3.execute(MovePerformer.java:267)
	at games.strategy.triplea.delegate.ExecutionStack.execute(ExecutionStack.java:34)
	at games.strategy.triplea.delegate.MovePerformer.populateStack(MovePerformer.java:324)
	at games.strategy.triplea.delegate.MovePerformer.moveUnits(MovePerformer.java:81)
	at games.strategy.triplea.delegate.MoveDelegate.performMove(MoveDelegate.java:675)
	at jdk.internal.reflect.GeneratedMethodAccessor35.invoke(Unknown Source)
	at java.base/jdk.internal.reflect.DelegatingMethodAccessorImpl.invoke(DelegatingMethodAccessorImpl.java:43)
	at java.base/java.lang.reflect.Method.invoke(Method.java:569)
	at games.strategy.engine.delegate.DelegateExecutionManager$1.invoke(DelegateExecutionManager.java:120)
	at jdk.proxy2/jdk.proxy2.$Proxy14.performMove(Unknown Source)
	at jdk.internal.reflect.GeneratedMethodAccessor46.invoke(Unknown Source)
	at java.base/jdk.internal.reflect.DelegatingMethodAccessorImpl.invoke(DelegatingMethodAccessorImpl.java:43)
	at java.base/java.lang.reflect.Method.invoke(Method.java:569)
	at games.strategy.engine.message.unifiedmessenger.EndPoint.invokeSingle(EndPoint.java:137)
	at games.strategy.engine.message.unifiedmessenger.EndPoint.lambda$invokeMultiple$0(EndPoint.java:121)
	at java.base/java.util.stream.ReferencePipeline$3$1.accept(ReferencePipeline.java:197)
	at java.base/java.util.Spliterators$ArraySpliterator.forEachRemaining(Spliterators.java:992)
	at java.base/java.util.stream.AbstractPipeline.copyInto(AbstractPipeline.java:509)
	at java.base/java.util.stream.AbstractPipeline.wrapAndCopyInto(AbstractPipeline.java:499)
	at java.base/java.util.stream.ReduceOps$ReduceOp.evaluateSequential(ReduceOps.java:921)
	at java.base/java.util.stream.AbstractPipeline.evaluate(AbstractPipeline.java:234)
	at java.base/java.util.stream.ReferencePipeline.collect(ReferencePipeline.java:682)
	at games.strategy.engine.message.unifiedmessenger.EndPoint.invokeMultiple(EndPoint.java:122)
	at games.strategy.engine.message.unifiedmessenger.EndPoint.invokeLocal(EndPoint.java:112)
	at games.strategy.engine.message.unifiedmessenger.UnifiedMessenger.invokeAndWait(UnifiedMessenger.java:97)
	at games.strategy.engine.message.UnifiedInvocationHandler.invoke(UnifiedInvocationHandler.java:55)
	at jdk.proxy2/jdk.proxy2.$Proxy14.performMove(Unknown Source)
	at jdk.internal.reflect.GeneratedMethodAccessor35.invoke(Unknown Source)
	at java.base/jdk.internal.reflect.DelegatingMethodAccessorImpl.invoke(DelegatingMethodAccessorImpl.java:43)
	at java.base/java.lang.reflect.Method.invoke(Method.java:569)
	at games.strategy.engine.player.PlayerBridge$GameOverInvocationHandler.invoke(PlayerBridge.java:151)
	at jdk.proxy2/jdk.proxy2.$Proxy14.performMove(Unknown Source)
	at games.strategy.triplea.ai.weak.WeakAi.doMove(WeakAi.java:237)
	at games.strategy.triplea.ai.weak.WeakAi.doCombatMove(WeakAi.java:152)
	at games.strategy.triplea.ai.weak.WeakAi.move(WeakAi.java:124)
	at games.strategy.triplea.ai.AbstractAi.start(AbstractAi.java:521)
	at games.strategy.engine.framework.ServerGame.waitForPlayerToFinishStep(ServerGame.java:648)
	at games.strategy.engine.framework.ServerGame.runStep(ServerGame.java:478)
	at games.strategy.engine.framework.ServerGame.runNextStep(ServerGame.java:365)
	at games.strategy.engine.framework.ServerGame.startGame(ServerGame.java:333)
	at games.strategy.engine.framework.startup.launcher.LocalLauncher.launchInternal(LocalLauncher.java:92)
	at games.strategy.engine.framework.startup.launcher.LocalLauncher.lambda$launch$0(LocalLauncher.java:60)
	at java.base/java.lang.Thread.run(Thread.java:840)
32988 23:56:42.152 [Thread-8] INFO  org.triplea.sound.ClipPlayer - Unable to create audio device, is there audio on the system? Cannot create AudioDevice
javazoom.jl.decoder.JavaLayerException: Cannot create AudioDevice
	at javazoom.jl.player.FactoryRegistry.createAudioDevice(FactoryRegistry.java:97)
	at org.triplea.sound.ClipPlayer.hasAudio(ClipPlayer.java:144)
	at org.triplea.sound.ClipPlayer.isSoundEnabled(ClipPlayer.java:251)
	at org.triplea.sound.ClipPlayer.play(ClipPlayer.java:220)
	at org.triplea.sound.DefaultSoundChannel.playSoundForAll(DefaultSoundChannel.java:22)
	at jdk.internal.reflect.GeneratedMethodAccessor56.invoke(Unknown Source)
	at java.base/jdk.internal.reflect.DelegatingMethodAccessorImpl.invoke(DelegatingMethodAccessorImpl.java:43)
	at java.base/java.lang.reflect.Method.invoke(Method.java:569)
	at games.strategy.engine.message.unifiedmessenger.EndPoint.invokeSingle(EndPoint.java:137)
	at games.strategy.engine.message.unifiedmessenger.EndPoint.lambda$invokeMultiple$0(EndPoint.java:121)
	at java.base/java.util.stream.ReferencePipeline$3$1.accept(ReferencePipeline.java:197)
	at java.base/java.util.Spliterators$ArraySpliterator.forEachRemaining(Spliterators.java:992)
	at java.base/java.util.stream.AbstractPipeline.copyInto(AbstractPipeline.java:509)
	at java.base/java.util.stream.AbstractPipeline.wrapAndCopyInto(AbstractPipeline.java:499)
	at java.base/java.util.stream.ReduceOps$ReduceOp.evaluateSequential(ReduceOps.java:921)
	at java.base/java.util.stream.AbstractPipeline.evaluate(AbstractPipeline.java:234)
	at java.base/java.util.stream.ReferencePipeline.collect(ReferencePipeline.java:682)
	at games.strategy.engine.message.unifiedmessenger.EndPoint.invokeMultiple(EndPoint.java:122)
	at games.strategy.engine.message.unifiedmessenger.EndPoint.invokeLocal(EndPoint.java:112)
	at games.strategy.engine.message.unifiedmessenger.UnifiedMessenger.invoke(UnifiedMessenger.java:153)
	at games.strategy.engine.message.UnifiedInvocationHandler.invoke(UnifiedInvocationHandler.java:47)
	at jdk.proxy2/jdk.proxy2.$Proxy25.playSoundForAll(Unknown Source)
	at jdk.internal.reflect.GeneratedMethodAccessor55.invoke(Unknown Source)
	at java.base/jdk.internal.reflect.DelegatingMethodAccessorImpl.invoke(DelegatingMethodAccessorImpl.java:43)
	at java.base/java.lang.reflect.Method.invoke(Method.java:569)
	at games.strategy.engine.delegate.DelegateExecutionManager.lambda$newOutboundImplementation$1(DelegateExecutionManager.java:79)
	at jdk.proxy2/jdk.proxy2.$Proxy25.playSoundForAll(Unknown Source)
	at games.strategy.triplea.delegate.AbstractPlaceDelegate.placeUnits(AbstractPlaceDelegate.java:302)
	at games.strategy.triplea.delegate.AbstractPlaceDelegate.placeUnits(AbstractPlaceDelegate.java:201)
	at jdk.internal.reflect.GeneratedMethodAccessor54.invoke(Unknown Source)
	at java.base/jdk.internal.reflect.DelegatingMethodAccessorImpl.invoke(DelegatingMethodAccessorImpl.java:43)
	at java.base/java.lang.reflect.Method.invoke(Method.java:569)
	at games.strategy.engine.delegate.DelegateExecutionManager$1.invoke(DelegateExecutionManager.java:120)
	at jdk.proxy2/jdk.proxy2.$Proxy16.placeUnits(Unknown Source)
	at java.base/jdk.internal.reflect.NativeMethodAccessorImpl.invoke0(Native Method)
	at java.base/jdk.internal.reflect.NativeMethodAccessorImpl.invoke(NativeMethodAccessorImpl.java:77)
	at java.base/jdk.internal.reflect.DelegatingMethodAccessorImpl.invoke(DelegatingMethodAccessorImpl.java:43)
	at java.base/java.lang.reflect.Method.invoke(Method.java:569)
	at games.strategy.engine.message.unifiedmessenger.EndPoint.invokeSingle(EndPoint.java:137)
	at games.strategy.engine.message.unifiedmessenger.EndPoint.lambda$invokeMultiple$0(EndPoint.java:121)
	at java.base/java.util.stream.ReferencePipeline$3$1.accept(ReferencePipeline.java:197)
	at java.base/java.util.Spliterators$ArraySpliterator.forEachRemaining(Spliterators.java:992)
	at java.base/java.util.stream.AbstractPipeline.copyInto(AbstractPipeline.java:509)
	at java.base/java.util.stream.AbstractPipeline.wrapAndCopyInto(AbstractPipeline.java:499)
	at java.base/java.util.stream.ReduceOps$ReduceOp.evaluateSequential(ReduceOps.java:921)
	at java.base/java.util.stream.AbstractPipeline.evaluate(AbstractPipeline.java:234)
	at java.base/java.util.stream.ReferencePipeline.collect(ReferencePipeline.java:682)
	at games.strategy.engine.message.unifiedmessenger.EndPoint.invokeMultiple(EndPoint.java:122)
	at games.strategy.engine.message.unifiedmessenger.EndPoint.invokeLocal(EndPoint.java:112)
	at games.strategy.engine.message.unifiedmessenger.UnifiedMessenger.invokeAndWait(UnifiedMessenger.java:97)
	at games.strategy.engine.message.UnifiedInvocationHandler.invoke(UnifiedInvocationHandler.java:55)
	at jdk.proxy2/jdk.proxy2.$Proxy16.placeUnits(Unknown Source)
	at jdk.internal.reflect.GeneratedMethodAccessor54.invoke(Unknown Source)
	at java.base/jdk.internal.reflect.DelegatingMethodAccessorImpl.invoke(DelegatingMethodAccessorImpl.java:43)
	at java.base/java.lang.reflect.Method.invoke(Method.java:569)
	at games.strategy.engine.player.PlayerBridge$GameOverInvocationHandler.invoke(PlayerBridge.java:151)
	at jdk.proxy2/jdk.proxy2.$Proxy16.placeUnits(Unknown Source)
	at games.strategy.triplea.ai.weak.WeakAi.doPlace(WeakAi.java:1110)
	at games.strategy.triplea.ai.weak.WeakAi.placeAllWeCanOn(WeakAi.java:1104)
	at games.strategy.triplea.ai.weak.WeakAi.lambda$place$15(WeakAi.java:1054)
	at java.base/java.util.Optional.ifPresent(Optional.java:178)
	at games.strategy.triplea.ai.weak.WeakAi.place(WeakAi.java:1054)
	at games.strategy.triplea.ai.AbstractAi.start(AbstractAi.java:531)
	at games.strategy.engine.framework.ServerGame.waitForPlayerToFinishStep(ServerGame.java:648)
	at games.strategy.engine.framework.ServerGame.runStep(ServerGame.java:478)
	at games.strategy.engine.framework.ServerGame.runNextStep(ServerGame.java:365)
	at games.strategy.engine.framework.ServerGame.startGame(ServerGame.java:333)
	at games.strategy.engine.framework.startup.launcher.LocalLauncher.launchInternal(LocalLauncher.java:92)
	at games.strategy.engine.framework.startup.launcher.LocalLauncher.lambda$launch$0(LocalLauncher.java:60)
	at java.base/java.lang.Thread.run(Thread.java:840)
37028 23:56:46.192 [Thread-8] INFO  org.triplea.sound.ClipPlayer - Unable to create audio device, is there audio on the system? Cannot create AudioDevice
javazoom.jl.decoder.JavaLayerException: Cannot create AudioDevice
	at javazoom.jl.player.FactoryRegistry.createAudioDevice(FactoryRegistry.java:97)
	at org.triplea.sound.ClipPlayer.hasAudio(ClipPlayer.java:144)
	at org.triplea.sound.ClipPlayer.isSoundEnabled(ClipPlayer.java:251)
	at org.triplea.sound.ClipPlayer.play(ClipPlayer.java:220)
	at org.triplea.sound.DefaultSoundChannel.playSoundForAll(DefaultSoundChannel.java:22)
	at jdk.internal.reflect.GeneratedMethodAccessor56.invoke(Unknown Source)
	at java.base/jdk.internal.reflect.DelegatingMethodAccessorImpl.invoke(DelegatingMethodAccessorImpl.java:43)
	at java.base/java.lang.reflect.Method.invoke(Method.java:569)
	at games.strategy.engine.message.unifiedmessenger.EndPoint.invokeSingle(EndPoint.java:137)
	at games.strategy.engine.message.unifiedmessenger.EndPoint.lambda$invokeMultiple$0(EndPoint.java:121)
	at java.base/java.util.stream.ReferencePipeline$3$1.accept(ReferencePipeline.java:197)
	at java.base/java.util.Spliterators$ArraySpliterator.forEachRemaining(Spliterators.java:992)
	at java.base/java.util.stream.AbstractPipeline.copyInto(AbstractPipeline.java:509)
	at java.base/java.util.stream.AbstractPipeline.wrapAndCopyInto(AbstractPipeline.java:499)
	at java.base/java.util.stream.ReduceOps$ReduceOp.evaluateSequential(ReduceOps.java:921)
	at java.base/java.util.stream.AbstractPipeline.evaluate(AbstractPipeline.java:234)
	at java.base/java.util.stream.ReferencePipeline.collect(ReferencePipeline.java:682)
	at games.strategy.engine.message.unifiedmessenger.EndPoint.invokeMultiple(EndPoint.java:122)
	at games.strategy.engine.message.unifiedmessenger.EndPoint.invokeLocal(EndPoint.java:112)
	at games.strategy.engine.message.unifiedmessenger.UnifiedMessenger.invoke(UnifiedMessenger.java:153)
	at games.strategy.engine.message.UnifiedInvocationHandler.invoke(UnifiedInvocationHandler.java:47)
	at jdk.proxy2/jdk.proxy2.$Proxy25.playSoundForAll(Unknown Source)
	at jdk.internal.reflect.GeneratedMethodAccessor55.invoke(Unknown Source)
	at java.base/jdk.internal.reflect.DelegatingMethodAccessorImpl.invoke(DelegatingMethodAccessorImpl.java:43)
	at java.base/java.lang.reflect.Method.invoke(Method.java:569)
	at games.strategy.engine.delegate.DelegateExecutionManager.lambda$newOutboundImplementation$1(DelegateExecutionManager.java:79)
	at jdk.proxy2/jdk.proxy2.$Proxy25.playSoundForAll(Unknown Source)
	at org.triplea.sound.SoundUtils.playBattleType(SoundUtils.java:42)
	at games.strategy.triplea.delegate.battle.MustFightBattle.fight(MustFightBattle.java:686)
	at games.strategy.triplea.delegate.battle.BattleTracker.fightBattleIfOnlyOne(BattleTracker.java:1300)
	at games.strategy.triplea.delegate.battle.BattleDelegate.start(BattleDelegate.java:125)
	at games.strategy.engine.framework.ServerGame.startStep(ServerGame.java:611)
	at games.strategy.engine.framework.ServerGame.runStep(ServerGame.java:471)
	at games.strategy.engine.framework.ServerGame.runNextStep(ServerGame.java:365)
	at games.strategy.engine.framework.ServerGame.startGame(ServerGame.java:333)
	at games.strategy.engine.framework.startup.launcher.LocalLauncher.launchInternal(LocalLauncher.java:92)
	at games.strategy.engine.framework.startup.launcher.LocalLauncher.lambda$launch$0(LocalLauncher.java:60)
	at java.base/java.lang.Thread.run(Thread.java:840)
39102 23:56:48.266 [Thread-8] INFO  org.triplea.sound.ClipPlayer - Unable to create audio device, is there audio on the system? Cannot create AudioDevice
javazoom.jl.decoder.JavaLayerException: Cannot create AudioDevice
	at javazoom.jl.player.FactoryRegistry.createAudioDevice(FactoryRegistry.java:97)
	at org.triplea.sound.ClipPlayer.hasAudio(ClipPlayer.java:144)
	at org.triplea.sound.ClipPlayer.isSoundEnabled(ClipPlayer.java:251)
	at org.triplea.sound.ClipPlayer.play(ClipPlayer.java:220)
	at org.triplea.sound.DefaultSoundChannel.playSoundForAll(DefaultSoundChannel.java:22)
	at jdk.internal.reflect.GeneratedMethodAccessor56.invoke(Unknown Source)
	at java.base/jdk.internal.reflect.DelegatingMethodAccessorImpl.invoke(DelegatingMethodAccessorImpl.java:43)
	at java.base/java.lang.reflect.Method.invoke(Method.java:569)
	at games.strategy.engine.message.unifiedmessenger.EndPoint.invokeSingle(EndPoint.java:137)
	at games.strategy.engine.message.unifiedmessenger.EndPoint.lambda$invokeMultiple$0(EndPoint.java:121)
	at java.base/java.util.stream.ReferencePipeline$3$1.accept(ReferencePipeline.java:197)
	at java.base/java.util.Spliterators$ArraySpliterator.forEachRemaining(Spliterators.java:992)
	at java.base/java.util.stream.AbstractPipeline.copyInto(AbstractPipeline.java:509)
	at java.base/java.util.stream.AbstractPipeline.wrapAndCopyInto(AbstractPipeline.java:499)
	at java.base/java.util.stream.ReduceOps$ReduceOp.evaluateSequential(ReduceOps.java:921)
	at java.base/java.util.stream.AbstractPipeline.evaluate(AbstractPipeline.java:234)
	at java.base/java.util.stream.ReferencePipeline.collect(ReferencePipeline.java:682)
	at games.strategy.engine.message.unifiedmessenger.EndPoint.invokeMultiple(EndPoint.java:122)
	at games.strategy.engine.message.unifiedmessenger.EndPoint.invokeLocal(EndPoint.java:112)
	at games.strategy.engine.message.unifiedmessenger.UnifiedMessenger.invoke(UnifiedMessenger.java:153)
	at games.strategy.engine.message.UnifiedInvocationHandler.invoke(UnifiedInvocationHandler.java:47)
	at jdk.proxy2/jdk.proxy2.$Proxy25.playSoundForAll(Unknown Source)
	at jdk.internal.reflect.GeneratedMethodAccessor55.invoke(Unknown Source)
	at java.base/jdk.internal.reflect.DelegatingMethodAccessorImpl.invoke(DelegatingMethodAccessorImpl.java:43)
	at java.base/java.lang.reflect.Method.invoke(Method.java:569)
	at games.strategy.engine.delegate.DelegateExecutionManager.lambda$newOutboundImplementation$1(DelegateExecutionManager.java:79)
	at jdk.proxy2/jdk.proxy2.$Proxy25.playSoundForAll(Unknown Source)
	at games.strategy.triplea.delegate.battle.MustFightBattle.defenderWins(MustFightBattle.java:1386)
	at games.strategy.triplea.delegate.battle.MustFightBattle.endBattle(MustFightBattle.java:465)
	at games.strategy.triplea.delegate.battle.steps.change.CheckGeneralBattleEnd.execute(CheckGeneralBattleEnd.java:62)
	at games.strategy.triplea.delegate.ExecutionStack.execute(ExecutionStack.java:34)
	at games.strategy.triplea.delegate.battle.MustFightBattle.fight(MustFightBattle.java:690)
	at games.strategy.triplea.delegate.battle.BattleTracker.fightBattleIfOnlyOne(BattleTracker.java:1300)
	at games.strategy.triplea.delegate.battle.BattleDelegate.start(BattleDelegate.java:125)
	at games.strategy.engine.framework.ServerGame.startStep(ServerGame.java:611)
	at games.strategy.engine.framework.ServerGame.runStep(ServerGame.java:471)
	at games.strategy.engine.framework.ServerGame.runNextStep(ServerGame.java:365)
	at games.strategy.engine.framework.ServerGame.startGame(ServerGame.java:333)
	at games.strategy.engine.framework.startup.launcher.LocalLauncher.launchInternal(LocalLauncher.java:92)
	at games.strategy.engine.framework.startup.launcher.LocalLauncher.lambda$launch$0(LocalLauncher.java:60)
	at java.base/java.lang.Thread.run(Thread.java:840)
40188 23:56:49.352 [Thread-8] INFO  org.triplea.sound.ClipPlayer - Unable to create audio device, is there audio on the system? Cannot create AudioDevice
javazoom.jl.decoder.JavaLayerException: Cannot create AudioDevice
	at javazoom.jl.player.FactoryRegistry.createAudioDevice(FactoryRegistry.java:97)
	at org.triplea.sound.ClipPlayer.hasAudio(ClipPlayer.java:144)
	at org.triplea.sound.ClipPlayer.isSoundEnabled(ClipPlayer.java:251)
	at org.triplea.sound.ClipPlayer.play(ClipPlayer.java:220)
	at org.triplea.sound.DefaultSoundChannel.playSoundForAll(DefaultSoundChannel.java:22)
	at jdk.internal.reflect.GeneratedMethodAccessor56.invoke(Unknown Source)
	at java.base/jdk.internal.reflect.DelegatingMethodAccessorImpl.invoke(DelegatingMethodAccessorImpl.java:43)
	at java.base/java.lang.reflect.Method.invoke(Method.java:569)
	at games.strategy.engine.message.unifiedmessenger.EndPoint.invokeSingle(EndPoint.java:137)
	at games.strategy.engine.message.unifiedmessenger.EndPoint.lambda$invokeMultiple$0(EndPoint.java:121)
	at java.base/java.util.stream.ReferencePipeline$3$1.accept(ReferencePipeline.java:197)
	at java.base/java.util.Spliterators$ArraySpliterator.forEachRemaining(Spliterators.java:992)
	at java.base/java.util.stream.AbstractPipeline.copyInto(AbstractPipeline.java:509)
	at java.base/java.util.stream.AbstractPipeline.wrapAndCopyInto(AbstractPipeline.java:499)
	at java.base/java.util.stream.ReduceOps$ReduceOp.evaluateSequential(ReduceOps.java:921)
	at java.base/java.util.stream.AbstractPipeline.evaluate(AbstractPipeline.java:234)
	at java.base/java.util.stream.ReferencePipeline.collect(ReferencePipeline.java:682)
	at games.strategy.engine.message.unifiedmessenger.EndPoint.invokeMultiple(EndPoint.java:122)
	at games.strategy.engine.message.unifiedmessenger.EndPoint.invokeLocal(EndPoint.java:112)
	at games.strategy.engine.message.unifiedmessenger.UnifiedMessenger.invoke(UnifiedMessenger.java:153)
	at games.strategy.engine.message.UnifiedInvocationHandler.invoke(UnifiedInvocationHandler.java:47)
	at jdk.proxy2/jdk.proxy2.$Proxy25.playSoundForAll(Unknown Source)
	at jdk.internal.reflect.GeneratedMethodAccessor55.invoke(Unknown Source)
	at java.base/jdk.internal.reflect.DelegatingMethodAccessorImpl.invoke(DelegatingMethodAccessorImpl.java:43)
	at java.base/java.lang.reflect.Method.invoke(Method.java:569)
	at games.strategy.engine.delegate.DelegateExecutionManager.lambda$newOutboundImplementation$1(DelegateExecutionManager.java:79)
	at jdk.proxy2/jdk.proxy2.$Proxy25.playSoundForAll(Unknown Source)
	at games.strategy.triplea.delegate.AbstractPlaceDelegate.placeUnits(AbstractPlaceDelegate.java:302)
	at games.strategy.triplea.delegate.AbstractPlaceDelegate.placeUnits(AbstractPlaceDelegate.java:201)
	at jdk.internal.reflect.GeneratedMethodAccessor54.invoke(Unknown Source)
	at java.base/jdk.internal.reflect.DelegatingMethodAccessorImpl.invoke(DelegatingMethodAccessorImpl.java:43)
	at java.base/java.lang.reflect.Method.invoke(Method.java:569)
	at games.strategy.engine.delegate.DelegateExecutionManager$1.invoke(DelegateExecutionManager.java:120)
	at jdk.proxy2/jdk.proxy2.$Proxy16.placeUnits(Unknown Source)
	at java.base/jdk.internal.reflect.NativeMethodAccessorImpl.invoke0(Native Method)
	at java.base/jdk.internal.reflect.NativeMethodAccessorImpl.invoke(NativeMethodAccessorImpl.java:77)
	at java.base/jdk.internal.reflect.DelegatingMethodAccessorImpl.invoke(DelegatingMethodAccessorImpl.java:43)
	at java.base/java.lang.reflect.Method.invoke(Method.java:569)
	at games.strategy.engine.message.unifiedmessenger.EndPoint.invokeSingle(EndPoint.java:137)
	at games.strategy.engine.message.unifiedmessenger.EndPoint.lambda$invokeMultiple$0(EndPoint.java:121)
	at java.base/java.util.stream.ReferencePipeline$3$1.accept(ReferencePipeline.java:197)
	at java.base/java.util.Spliterators$ArraySpliterator.forEachRemaining(Spliterators.java:992)
	at java.base/java.util.stream.AbstractPipeline.copyInto(AbstractPipeline.java:509)
	at java.base/java.util.stream.AbstractPipeline.wrapAndCopyInto(AbstractPipeline.java:499)
	at java.base/java.util.stream.ReduceOps$ReduceOp.evaluateSequential(ReduceOps.java:921)
	at java.base/java.util.stream.AbstractPipeline.evaluate(AbstractPipeline.java:234)
	at java.base/java.util.stream.ReferencePipeline.collect(ReferencePipeline.java:682)
	at games.strategy.engine.message.unifiedmessenger.EndPoint.invokeMultiple(EndPoint.java:122)
	at games.strategy.engine.message.unifiedmessenger.EndPoint.invokeLocal(EndPoint.java:112)
	at games.strategy.engine.message.unifiedmessenger.UnifiedMessenger.invokeAndWait(UnifiedMessenger.java:97)
	at games.strategy.engine.message.UnifiedInvocationHandler.invoke(UnifiedInvocationHandler.java:55)
	at jdk.proxy2/jdk.proxy2.$Proxy16.placeUnits(Unknown Source)
	at jdk.internal.reflect.GeneratedMethodAccessor54.invoke(Unknown Source)
	at java.base/jdk.internal.reflect.DelegatingMethodAccessorImpl.invoke(DelegatingMethodAccessorImpl.java:43)
	at java.base/java.lang.reflect.Method.invoke(Method.java:569)
	at games.strategy.engine.player.PlayerBridge$GameOverInvocationHandler.invoke(PlayerBridge.java:151)
	at jdk.proxy2/jdk.proxy2.$Proxy16.placeUnits(Unknown Source)
	at games.strategy.triplea.ai.tripleMind.ProPurchaseAi.doPlace(ProPurchaseAi.java:2627)
	at games.strategy.triplea.ai.tripleMind.ProPurchaseAi.placeUnits(ProPurchaseAi.java:2545)
	at games.strategy.triplea.ai.tripleMind.ProPurchaseAi.place(ProPurchaseAi.java:562)
	at games.strategy.triplea.ai.tripleMind.AbstractTripleMindAi.place(AbstractTripleMindAi.java:380)
	at games.strategy.triplea.ai.AbstractAi.start(AbstractAi.java:531)
	at games.strategy.engine.framework.ServerGame.waitForPlayerToFinishStep(ServerGame.java:648)
	at games.strategy.engine.framework.ServerGame.runStep(ServerGame.java:478)
	at games.strategy.engine.framework.ServerGame.runNextStep(ServerGame.java:365)
	at games.strategy.engine.framework.ServerGame.startGame(ServerGame.java:333)
	at games.strategy.engine.framework.startup.launcher.LocalLauncher.launchInternal(LocalLauncher.java:92)
	at games.strategy.engine.framework.startup.launcher.LocalLauncher.lambda$launch$0(LocalLauncher.java:60)
	at java.base/java.lang.Thread.run(Thread.java:840)
40308 23:56:49.472 [Thread-8] INFO  org.triplea.sound.ClipPlayer - Unable to create audio device, is there audio on the system? Cannot create AudioDevice
javazoom.jl.decoder.JavaLayerException: Cannot create AudioDevice
	at javazoom.jl.player.FactoryRegistry.createAudioDevice(FactoryRegistry.java:97)
	at org.triplea.sound.ClipPlayer.hasAudio(ClipPlayer.java:144)
	at org.triplea.sound.ClipPlayer.isSoundEnabled(ClipPlayer.java:251)
	at org.triplea.sound.ClipPlayer.play(ClipPlayer.java:220)
	at org.triplea.sound.DefaultSoundChannel.playSoundForAll(DefaultSoundChannel.java:22)
	at jdk.internal.reflect.GeneratedMethodAccessor56.invoke(Unknown Source)
	at java.base/jdk.internal.reflect.DelegatingMethodAccessorImpl.invoke(DelegatingMethodAccessorImpl.java:43)
	at java.base/java.lang.reflect.Method.invoke(Method.java:569)
	at games.strategy.engine.message.unifiedmessenger.EndPoint.invokeSingle(EndPoint.java:137)
	at games.strategy.engine.message.unifiedmessenger.EndPoint.lambda$invokeMultiple$0(EndPoint.java:121)
	at java.base/java.util.stream.ReferencePipeline$3$1.accept(ReferencePipeline.java:197)
	at java.base/java.util.Spliterators$ArraySpliterator.forEachRemaining(Spliterators.java:992)
	at java.base/java.util.stream.AbstractPipeline.copyInto(AbstractPipeline.java:509)
	at java.base/java.util.stream.AbstractPipeline.wrapAndCopyInto(AbstractPipeline.java:499)
	at java.base/java.util.stream.ReduceOps$ReduceOp.evaluateSequential(ReduceOps.java:921)
	at java.base/java.util.stream.AbstractPipeline.evaluate(AbstractPipeline.java:234)
	at java.base/java.util.stream.ReferencePipeline.collect(ReferencePipeline.java:682)
	at games.strategy.engine.message.unifiedmessenger.EndPoint.invokeMultiple(EndPoint.java:122)
	at games.strategy.engine.message.unifiedmessenger.EndPoint.invokeLocal(EndPoint.java:112)
	at games.strategy.engine.message.unifiedmessenger.UnifiedMessenger.invoke(UnifiedMessenger.java:153)
	at games.strategy.engine.message.UnifiedInvocationHandler.invoke(UnifiedInvocationHandler.java:47)
	at jdk.proxy2/jdk.proxy2.$Proxy25.playSoundForAll(Unknown Source)
	at jdk.internal.reflect.GeneratedMethodAccessor55.invoke(Unknown Source)
	at java.base/jdk.internal.reflect.DelegatingMethodAccessorImpl.invoke(DelegatingMethodAccessorImpl.java:43)
	at java.base/java.lang.reflect.Method.invoke(Method.java:569)
	at games.strategy.engine.delegate.DelegateExecutionManager.lambda$newOutboundImplementation$1(DelegateExecutionManager.java:79)
	at jdk.proxy2/jdk.proxy2.$Proxy25.playSoundForAll(Unknown Source)
	at games.strategy.triplea.delegate.AbstractPlaceDelegate.placeUnits(AbstractPlaceDelegate.java:302)
	at games.strategy.triplea.delegate.AbstractPlaceDelegate.placeUnits(AbstractPlaceDelegate.java:201)
	at jdk.internal.reflect.GeneratedMethodAccessor54.invoke(Unknown Source)
	at java.base/jdk.internal.reflect.DelegatingMethodAccessorImpl.invoke(DelegatingMethodAccessorImpl.java:43)
	at java.base/java.lang.reflect.Method.invoke(Method.java:569)
	at games.strategy.engine.delegate.DelegateExecutionManager$1.invoke(DelegateExecutionManager.java:120)
	at jdk.proxy2/jdk.proxy2.$Proxy16.placeUnits(Unknown Source)
	at java.base/jdk.internal.reflect.NativeMethodAccessorImpl.invoke0(Native Method)
	at java.base/jdk.internal.reflect.NativeMethodAccessorImpl.invoke(NativeMethodAccessorImpl.java:77)
	at java.base/jdk.internal.reflect.DelegatingMethodAccessorImpl.invoke(DelegatingMethodAccessorImpl.java:43)
	at java.base/java.lang.reflect.Method.invoke(Method.java:569)
	at games.strategy.engine.message.unifiedmessenger.EndPoint.invokeSingle(EndPoint.java:137)
	at games.strategy.engine.message.unifiedmessenger.EndPoint.lambda$invokeMultiple$0(EndPoint.java:121)
	at java.base/java.util.stream.ReferencePipeline$3$1.accept(ReferencePipeline.java:197)
	at java.base/java.util.Spliterators$ArraySpliterator.forEachRemaining(Spliterators.java:992)
	at java.base/java.util.stream.AbstractPipeline.copyInto(AbstractPipeline.java:509)
	at java.base/java.util.stream.AbstractPipeline.wrapAndCopyInto(AbstractPipeline.java:499)
	at java.base/java.util.stream.ReduceOps$ReduceOp.evaluateSequential(ReduceOps.java:921)
	at java.base/java.util.stream.AbstractPipeline.evaluate(AbstractPipeline.java:234)
	at java.base/java.util.stream.ReferencePipeline.collect(ReferencePipeline.java:682)
	at games.strategy.engine.message.unifiedmessenger.EndPoint.invokeMultiple(EndPoint.java:122)
	at games.strategy.engine.message.unifiedmessenger.EndPoint.invokeLocal(EndPoint.java:112)
	at games.strategy.engine.message.unifiedmessenger.UnifiedMessenger.invokeAndWait(UnifiedMessenger.java:97)
	at games.strategy.engine.message.UnifiedInvocationHandler.invoke(UnifiedInvocationHandler.java:55)
	at jdk.proxy2/jdk.proxy2.$Proxy16.placeUnits(Unknown Source)
	at jdk.internal.reflect.GeneratedMethodAccessor54.invoke(Unknown Source)
	at java.base/jdk.internal.reflect.DelegatingMethodAccessorImpl.invoke(DelegatingMethodAccessorImpl.java:43)
	at java.base/java.lang.reflect.Method.invoke(Method.java:569)
	at games.strategy.engine.player.PlayerBridge$GameOverInvocationHandler.invoke(PlayerBridge.java:151)
	at jdk.proxy2/jdk.proxy2.$Proxy16.placeUnits(Unknown Source)
	at games.strategy.triplea.ai.tripleMind.ProPurchaseAi.doPlace(ProPurchaseAi.java:2627)
	at games.strategy.triplea.ai.tripleMind.ProPurchaseAi.placeUnits(ProPurchaseAi.java:2545)
	at games.strategy.triplea.ai.tripleMind.ProPurchaseAi.place(ProPurchaseAi.java:562)
	at games.strategy.triplea.ai.tripleMind.AbstractTripleMindAi.place(AbstractTripleMindAi.java:380)
	at games.strategy.triplea.ai.AbstractAi.start(AbstractAi.java:531)
	at games.strategy.engine.framework.ServerGame.waitForPlayerToFinishStep(ServerGame.java:648)
	at games.strategy.engine.framework.ServerGame.runStep(ServerGame.java:478)
	at games.strategy.engine.framework.ServerGame.runNextStep(ServerGame.java:365)
	at games.strategy.engine.framework.ServerGame.startGame(ServerGame.java:333)
	at games.strategy.engine.framework.startup.launcher.LocalLauncher.launchInternal(LocalLauncher.java:92)
	at games.strategy.engine.framework.startup.launcher.LocalLauncher.lambda$launch$0(LocalLauncher.java:60)
	at java.base/java.lang.Thread.run(Thread.java:840)
40422 23:56:49.586 [Thread-8] INFO  org.triplea.sound.ClipPlayer - Unable to create audio device, is there audio on the system? Cannot create AudioDevice
javazoom.jl.decoder.JavaLayerException: Cannot create AudioDevice
	at javazoom.jl.player.FactoryRegistry.createAudioDevice(FactoryRegistry.java:97)
	at org.triplea.sound.ClipPlayer.hasAudio(ClipPlayer.java:144)
	at org.triplea.sound.ClipPlayer.isSoundEnabled(ClipPlayer.java:251)
	at org.triplea.sound.ClipPlayer.play(ClipPlayer.java:220)
	at org.triplea.sound.DefaultSoundChannel.playSoundForAll(DefaultSoundChannel.java:22)
	at jdk.internal.reflect.GeneratedMethodAccessor56.invoke(Unknown Source)
	at java.base/jdk.internal.reflect.DelegatingMethodAccessorImpl.invoke(DelegatingMethodAccessorImpl.java:43)
	at java.base/java.lang.reflect.Method.invoke(Method.java:569)
	at games.strategy.engine.message.unifiedmessenger.EndPoint.invokeSingle(EndPoint.java:137)
	at games.strategy.engine.message.unifiedmessenger.EndPoint.lambda$invokeMultiple$0(EndPoint.java:121)
	at java.base/java.util.stream.ReferencePipeline$3$1.accept(ReferencePipeline.java:197)
	at java.base/java.util.Spliterators$ArraySpliterator.forEachRemaining(Spliterators.java:992)
	at java.base/java.util.stream.AbstractPipeline.copyInto(AbstractPipeline.java:509)
	at java.base/java.util.stream.AbstractPipeline.wrapAndCopyInto(AbstractPipeline.java:499)
	at java.base/java.util.stream.ReduceOps$ReduceOp.evaluateSequential(ReduceOps.java:921)
	at java.base/java.util.stream.AbstractPipeline.evaluate(AbstractPipeline.java:234)
	at java.base/java.util.stream.ReferencePipeline.collect(ReferencePipeline.java:682)
	at games.strategy.engine.message.unifiedmessenger.EndPoint.invokeMultiple(EndPoint.java:122)
	at games.strategy.engine.message.unifiedmessenger.EndPoint.invokeLocal(EndPoint.java:112)
	at games.strategy.engine.message.unifiedmessenger.UnifiedMessenger.invoke(UnifiedMessenger.java:153)
	at games.strategy.engine.message.UnifiedInvocationHandler.invoke(UnifiedInvocationHandler.java:47)
	at jdk.proxy2/jdk.proxy2.$Proxy25.playSoundForAll(Unknown Source)
	at jdk.internal.reflect.GeneratedMethodAccessor55.invoke(Unknown Source)
	at java.base/jdk.internal.reflect.DelegatingMethodAccessorImpl.invoke(DelegatingMethodAccessorImpl.java:43)
	at java.base/java.lang.reflect.Method.invoke(Method.java:569)
	at games.strategy.engine.delegate.DelegateExecutionManager.lambda$newOutboundImplementation$1(DelegateExecutionManager.java:79)
	at jdk.proxy2/jdk.proxy2.$Proxy25.playSoundForAll(Unknown Source)
	at games.strategy.triplea.delegate.AbstractPlaceDelegate.placeUnits(AbstractPlaceDelegate.java:302)
	at games.strategy.triplea.delegate.AbstractPlaceDelegate.placeUnits(AbstractPlaceDelegate.java:201)
	at jdk.internal.reflect.GeneratedMethodAccessor54.invoke(Unknown Source)
	at java.base/jdk.internal.reflect.DelegatingMethodAccessorImpl.invoke(DelegatingMethodAccessorImpl.java:43)
	at java.base/java.lang.reflect.Method.invoke(Method.java:569)
	at games.strategy.engine.delegate.DelegateExecutionManager$1.invoke(DelegateExecutionManager.java:120)
	at jdk.proxy2/jdk.proxy2.$Proxy16.placeUnits(Unknown Source)
	at java.base/jdk.internal.reflect.NativeMethodAccessorImpl.invoke0(Native Method)
	at java.base/jdk.internal.reflect.NativeMethodAccessorImpl.invoke(NativeMethodAccessorImpl.java:77)
	at java.base/jdk.internal.reflect.DelegatingMethodAccessorImpl.invoke(DelegatingMethodAccessorImpl.java:43)
	at java.base/java.lang.reflect.Method.invoke(Method.java:569)
	at games.strategy.engine.message.unifiedmessenger.EndPoint.invokeSingle(EndPoint.java:137)
	at games.strategy.engine.message.unifiedmessenger.EndPoint.lambda$invokeMultiple$0(EndPoint.java:121)
	at java.base/java.util.stream.ReferencePipeline$3$1.accept(ReferencePipeline.java:197)
	at java.base/java.util.Spliterators$ArraySpliterator.forEachRemaining(Spliterators.java:992)
	at java.base/java.util.stream.AbstractPipeline.copyInto(AbstractPipeline.java:509)
	at java.base/java.util.stream.AbstractPipeline.wrapAndCopyInto(AbstractPipeline.java:499)
	at java.base/java.util.stream.ReduceOps$ReduceOp.evaluateSequential(ReduceOps.java:921)
	at java.base/java.util.stream.AbstractPipeline.evaluate(AbstractPipeline.java:234)
	at java.base/java.util.stream.ReferencePipeline.collect(ReferencePipeline.java:682)
	at games.strategy.engine.message.unifiedmessenger.EndPoint.invokeMultiple(EndPoint.java:122)
	at games.strategy.engine.message.unifiedmessenger.EndPoint.invokeLocal(EndPoint.java:112)
	at games.strategy.engine.message.unifiedmessenger.UnifiedMessenger.invokeAndWait(UnifiedMessenger.java:97)
	at games.strategy.engine.message.UnifiedInvocationHandler.invoke(UnifiedInvocationHandler.java:55)
	at jdk.proxy2/jdk.proxy2.$Proxy16.placeUnits(Unknown Source)
	at jdk.internal.reflect.GeneratedMethodAccessor54.invoke(Unknown Source)
	at java.base/jdk.internal.reflect.DelegatingMethodAccessorImpl.invoke(DelegatingMethodAccessorImpl.java:43)
	at java.base/java.lang.reflect.Method.invoke(Method.java:569)
	at games.strategy.engine.player.PlayerBridge$GameOverInvocationHandler.invoke(PlayerBridge.java:151)
	at jdk.proxy2/jdk.proxy2.$Proxy16.placeUnits(Unknown Source)
	at games.strategy.triplea.ai.tripleMind.ProPurchaseAi.doPlace(ProPurchaseAi.java:2627)
	at games.strategy.triplea.ai.tripleMind.ProPurchaseAi.placeUnits(ProPurchaseAi.java:2545)
	at games.strategy.triplea.ai.tripleMind.ProPurchaseAi.place(ProPurchaseAi.java:562)
	at games.strategy.triplea.ai.tripleMind.AbstractTripleMindAi.place(AbstractTripleMindAi.java:380)
	at games.strategy.triplea.ai.AbstractAi.start(AbstractAi.java:531)
	at games.strategy.engine.framework.ServerGame.waitForPlayerToFinishStep(ServerGame.java:648)
	at games.strategy.engine.framework.ServerGame.runStep(ServerGame.java:478)
	at games.strategy.engine.framework.ServerGame.runNextStep(ServerGame.java:365)
	at games.strategy.engine.framework.ServerGame.startGame(ServerGame.java:333)
	at games.strategy.engine.framework.startup.launcher.LocalLauncher.launchInternal(LocalLauncher.java:92)
	at games.strategy.engine.framework.startup.launcher.LocalLauncher.lambda$launch$0(LocalLauncher.java:60)
	at java.base/java.lang.Thread.run(Thread.java:840)
40542 23:56:49.706 [Thread-8] INFO  org.triplea.sound.ClipPlayer - Unable to create audio device, is there audio on the system? Cannot create AudioDevice
javazoom.jl.decoder.JavaLayerException: Cannot create AudioDevice
	at javazoom.jl.player.FactoryRegistry.createAudioDevice(FactoryRegistry.java:97)
	at org.triplea.sound.ClipPlayer.hasAudio(ClipPlayer.java:144)
	at org.triplea.sound.ClipPlayer.isSoundEnabled(ClipPlayer.java:251)
	at org.triplea.sound.ClipPlayer.play(ClipPlayer.java:220)
	at org.triplea.sound.DefaultSoundChannel.playSoundForAll(DefaultSoundChannel.java:22)
	at jdk.internal.reflect.GeneratedMethodAccessor56.invoke(Unknown Source)
	at java.base/jdk.internal.reflect.DelegatingMethodAccessorImpl.invoke(DelegatingMethodAccessorImpl.java:43)
	at java.base/java.lang.reflect.Method.invoke(Method.java:569)
	at games.strategy.engine.message.unifiedmessenger.EndPoint.invokeSingle(EndPoint.java:137)
	at games.strategy.engine.message.unifiedmessenger.EndPoint.lambda$invokeMultiple$0(EndPoint.java:121)
	at java.base/java.util.stream.ReferencePipeline$3$1.accept(ReferencePipeline.java:197)
	at java.base/java.util.Spliterators$ArraySpliterator.forEachRemaining(Spliterators.java:992)
	at java.base/java.util.stream.AbstractPipeline.copyInto(AbstractPipeline.java:509)
	at java.base/java.util.stream.AbstractPipeline.wrapAndCopyInto(AbstractPipeline.java:499)
	at java.base/java.util.stream.ReduceOps$ReduceOp.evaluateSequential(ReduceOps.java:921)
	at java.base/java.util.stream.AbstractPipeline.evaluate(AbstractPipeline.java:234)
	at java.base/java.util.stream.ReferencePipeline.collect(ReferencePipeline.java:682)
	at games.strategy.engine.message.unifiedmessenger.EndPoint.invokeMultiple(EndPoint.java:122)
	at games.strategy.engine.message.unifiedmessenger.EndPoint.invokeLocal(EndPoint.java:112)
	at games.strategy.engine.message.unifiedmessenger.UnifiedMessenger.invoke(UnifiedMessenger.java:153)
	at games.strategy.engine.message.UnifiedInvocationHandler.invoke(UnifiedInvocationHandler.java:47)
	at jdk.proxy2/jdk.proxy2.$Proxy25.playSoundForAll(Unknown Source)
	at jdk.internal.reflect.GeneratedMethodAccessor55.invoke(Unknown Source)
	at java.base/jdk.internal.reflect.DelegatingMethodAccessorImpl.invoke(DelegatingMethodAccessorImpl.java:43)
	at java.base/java.lang.reflect.Method.invoke(Method.java:569)
	at games.strategy.engine.delegate.DelegateExecutionManager.lambda$newOutboundImplementation$1(DelegateExecutionManager.java:79)
	at jdk.proxy2/jdk.proxy2.$Proxy25.playSoundForAll(Unknown Source)
	at games.strategy.triplea.delegate.AbstractPlaceDelegate.placeUnits(AbstractPlaceDelegate.java:302)
	at games.strategy.triplea.delegate.AbstractPlaceDelegate.placeUnits(AbstractPlaceDelegate.java:201)
	at jdk.internal.reflect.GeneratedMethodAccessor54.invoke(Unknown Source)
	at java.base/jdk.internal.reflect.DelegatingMethodAccessorImpl.invoke(DelegatingMethodAccessorImpl.java:43)
	at java.base/java.lang.reflect.Method.invoke(Method.java:569)
	at games.strategy.engine.delegate.DelegateExecutionManager$1.invoke(DelegateExecutionManager.java:120)
	at jdk.proxy2/jdk.proxy2.$Proxy16.placeUnits(Unknown Source)
	at java.base/jdk.internal.reflect.NativeMethodAccessorImpl.invoke0(Native Method)
	at java.base/jdk.internal.reflect.NativeMethodAccessorImpl.invoke(NativeMethodAccessorImpl.java:77)
	at java.base/jdk.internal.reflect.DelegatingMethodAccessorImpl.invoke(DelegatingMethodAccessorImpl.java:43)
	at java.base/java.lang.reflect.Method.invoke(Method.java:569)
	at games.strategy.engine.message.unifiedmessenger.EndPoint.invokeSingle(EndPoint.java:137)
	at games.strategy.engine.message.unifiedmessenger.EndPoint.lambda$invokeMultiple$0(EndPoint.java:121)
	at java.base/java.util.stream.ReferencePipeline$3$1.accept(ReferencePipeline.java:197)
	at java.base/java.util.Spliterators$ArraySpliterator.forEachRemaining(Spliterators.java:992)
	at java.base/java.util.stream.AbstractPipeline.copyInto(AbstractPipeline.java:509)
	at java.base/java.util.stream.AbstractPipeline.wrapAndCopyInto(AbstractPipeline.java:499)
	at java.base/java.util.stream.ReduceOps$ReduceOp.evaluateSequential(ReduceOps.java:921)
	at java.base/java.util.stream.AbstractPipeline.evaluate(AbstractPipeline.java:234)
	at java.base/java.util.stream.ReferencePipeline.collect(ReferencePipeline.java:682)
	at games.strategy.engine.message.unifiedmessenger.EndPoint.invokeMultiple(EndPoint.java:122)
	at games.strategy.engine.message.unifiedmessenger.EndPoint.invokeLocal(EndPoint.java:112)
	at games.strategy.engine.message.unifiedmessenger.UnifiedMessenger.invokeAndWait(UnifiedMessenger.java:97)
	at games.strategy.engine.message.UnifiedInvocationHandler.invoke(UnifiedInvocationHandler.java:55)
	at jdk.proxy2/jdk.proxy2.$Proxy16.placeUnits(Unknown Source)
	at jdk.internal.reflect.GeneratedMethodAccessor54.invoke(Unknown Source)
	at java.base/jdk.internal.reflect.DelegatingMethodAccessorImpl.invoke(DelegatingMethodAccessorImpl.java:43)
	at java.base/java.lang.reflect.Method.invoke(Method.java:569)
	at games.strategy.engine.player.PlayerBridge$GameOverInvocationHandler.invoke(PlayerBridge.java:151)
	at jdk.proxy2/jdk.proxy2.$Proxy16.placeUnits(Unknown Source)
	at games.strategy.triplea.ai.tripleMind.ProPurchaseAi.doPlace(ProPurchaseAi.java:2627)
	at games.strategy.triplea.ai.tripleMind.ProPurchaseAi.placeUnits(ProPurchaseAi.java:2545)
	at games.strategy.triplea.ai.tripleMind.ProPurchaseAi.place(ProPurchaseAi.java:562)
	at games.strategy.triplea.ai.tripleMind.AbstractTripleMindAi.place(AbstractTripleMindAi.java:380)
	at games.strategy.triplea.ai.AbstractAi.start(AbstractAi.java:531)
	at games.strategy.engine.framework.ServerGame.waitForPlayerToFinishStep(ServerGame.java:648)
	at games.strategy.engine.framework.ServerGame.runStep(ServerGame.java:478)
	at games.strategy.engine.framework.ServerGame.runNextStep(ServerGame.java:365)
	at games.strategy.engine.framework.ServerGame.startGame(ServerGame.java:333)
	at games.strategy.engine.framework.startup.launcher.LocalLauncher.launchInternal(LocalLauncher.java:92)
	at games.strategy.engine.framework.startup.launcher.LocalLauncher.lambda$launch$0(LocalLauncher.java:60)
	at java.base/java.lang.Thread.run(Thread.java:840)
43988 23:56:53.152 [Thread-8] INFO  org.triplea.sound.ClipPlayer - Unable to create audio device, is there audio on the system? Cannot create AudioDevice
javazoom.jl.decoder.JavaLayerException: Cannot create AudioDevice
	at javazoom.jl.player.FactoryRegistry.createAudioDevice(FactoryRegistry.java:97)
	at org.triplea.sound.ClipPlayer.hasAudio(ClipPlayer.java:144)
	at org.triplea.sound.ClipPlayer.isSoundEnabled(ClipPlayer.java:251)
	at org.triplea.sound.ClipPlayer.play(ClipPlayer.java:220)
	at org.triplea.sound.DefaultSoundChannel.playSoundForAll(DefaultSoundChannel.java:22)
	at jdk.internal.reflect.GeneratedMethodAccessor56.invoke(Unknown Source)
	at java.base/jdk.internal.reflect.DelegatingMethodAccessorImpl.invoke(DelegatingMethodAccessorImpl.java:43)
	at java.base/java.lang.reflect.Method.invoke(Method.java:569)
	at games.strategy.engine.message.unifiedmessenger.EndPoint.invokeSingle(EndPoint.java:137)
	at games.strategy.engine.message.unifiedmessenger.EndPoint.lambda$invokeMultiple$0(EndPoint.java:121)
	at java.base/java.util.stream.ReferencePipeline$3$1.accept(ReferencePipeline.java:197)
	at java.base/java.util.Spliterators$ArraySpliterator.forEachRemaining(Spliterators.java:992)
	at java.base/java.util.stream.AbstractPipeline.copyInto(AbstractPipeline.java:509)
	at java.base/java.util.stream.AbstractPipeline.wrapAndCopyInto(AbstractPipeline.java:499)
	at java.base/java.util.stream.ReduceOps$ReduceOp.evaluateSequential(ReduceOps.java:921)
	at java.base/java.util.stream.AbstractPipeline.evaluate(AbstractPipeline.java:234)
	at java.base/java.util.stream.ReferencePipeline.collect(ReferencePipeline.java:682)
	at games.strategy.engine.message.unifiedmessenger.EndPoint.invokeMultiple(EndPoint.java:122)
	at games.strategy.engine.message.unifiedmessenger.EndPoint.invokeLocal(EndPoint.java:112)
	at games.strategy.engine.message.unifiedmessenger.UnifiedMessenger.invoke(UnifiedMessenger.java:153)
	at games.strategy.engine.message.UnifiedInvocationHandler.invoke(UnifiedInvocationHandler.java:47)
	at jdk.proxy2/jdk.proxy2.$Proxy25.playSoundForAll(Unknown Source)
	at jdk.internal.reflect.GeneratedMethodAccessor55.invoke(Unknown Source)
	at java.base/jdk.internal.reflect.DelegatingMethodAccessorImpl.invoke(DelegatingMethodAccessorImpl.java:43)
	at java.base/java.lang.reflect.Method.invoke(Method.java:569)
	at games.strategy.engine.delegate.DelegateExecutionManager.lambda$newOutboundImplementation$1(DelegateExecutionManager.java:79)
	at jdk.proxy2/jdk.proxy2.$Proxy25.playSoundForAll(Unknown Source)
	at games.strategy.triplea.delegate.AbstractPlaceDelegate.placeUnits(AbstractPlaceDelegate.java:302)
	at games.strategy.triplea.delegate.AbstractPlaceDelegate.placeUnits(AbstractPlaceDelegate.java:201)
	at jdk.internal.reflect.GeneratedMethodAccessor54.invoke(Unknown Source)
	at java.base/jdk.internal.reflect.DelegatingMethodAccessorImpl.invoke(DelegatingMethodAccessorImpl.java:43)
	at java.base/java.lang.reflect.Method.invoke(Method.java:569)
	at games.strategy.engine.delegate.DelegateExecutionManager$1.invoke(DelegateExecutionManager.java:120)
	at jdk.proxy2/jdk.proxy2.$Proxy16.placeUnits(Unknown Source)
	at jdk.internal.reflect.GeneratedMethodAccessor62.invoke(Unknown Source)
	at java.base/jdk.internal.reflect.DelegatingMethodAccessorImpl.invoke(DelegatingMethodAccessorImpl.java:43)
	at java.base/java.lang.reflect.Method.invoke(Method.java:569)
	at games.strategy.engine.message.unifiedmessenger.EndPoint.invokeSingle(EndPoint.java:137)
	at games.strategy.engine.message.unifiedmessenger.EndPoint.lambda$invokeMultiple$0(EndPoint.java:121)
	at java.base/java.util.stream.ReferencePipeline$3$1.accept(ReferencePipeline.java:197)
	at java.base/java.util.Spliterators$ArraySpliterator.forEachRemaining(Spliterators.java:992)
	at java.base/java.util.stream.AbstractPipeline.copyInto(AbstractPipeline.java:509)
	at java.base/java.util.stream.AbstractPipeline.wrapAndCopyInto(AbstractPipeline.java:499)
	at java.base/java.util.stream.ReduceOps$ReduceOp.evaluateSequential(ReduceOps.java:921)
	at java.base/java.util.stream.AbstractPipeline.evaluate(AbstractPipeline.java:234)
	at java.base/java.util.stream.ReferencePipeline.collect(ReferencePipeline.java:682)
	at games.strategy.engine.message.unifiedmessenger.EndPoint.invokeMultiple(EndPoint.java:122)
	at games.strategy.engine.message.unifiedmessenger.EndPoint.invokeLocal(EndPoint.java:112)
	at games.strategy.engine.message.unifiedmessenger.UnifiedMessenger.invokeAndWait(UnifiedMessenger.java:97)
	at games.strategy.engine.message.UnifiedInvocationHandler.invoke(UnifiedInvocationHandler.java:55)
	at jdk.proxy2/jdk.proxy2.$Proxy16.placeUnits(Unknown Source)
	at jdk.internal.reflect.GeneratedMethodAccessor54.invoke(Unknown Source)
	at java.base/jdk.internal.reflect.DelegatingMethodAccessorImpl.invoke(DelegatingMethodAccessorImpl.java:43)
	at java.base/java.lang.reflect.Method.invoke(Method.java:569)
	at games.strategy.engine.player.PlayerBridge$GameOverInvocationHandler.invoke(PlayerBridge.java:151)
	at jdk.proxy2/jdk.proxy2.$Proxy16.placeUnits(Unknown Source)
	at games.strategy.triplea.ai.weak.WeakAi.doPlace(WeakAi.java:1110)
	at games.strategy.triplea.ai.weak.WeakAi.placeAllWeCanOn(WeakAi.java:1104)
	at games.strategy.triplea.ai.weak.WeakAi.lambda$place$15(WeakAi.java:1054)
	at java.base/java.util.Optional.ifPresent(Optional.java:178)
	at games.strategy.triplea.ai.weak.WeakAi.place(WeakAi.java:1054)
	at games.strategy.triplea.ai.AbstractAi.start(AbstractAi.java:531)
	at games.strategy.engine.framework.ServerGame.waitForPlayerToFinishStep(ServerGame.java:648)
	at games.strategy.engine.framework.ServerGame.runStep(ServerGame.java:478)
	at games.strategy.engine.framework.ServerGame.runNextStep(ServerGame.java:365)
	at games.strategy.engine.framework.ServerGame.startGame(ServerGame.java:333)
	at games.strategy.engine.framework.startup.launcher.LocalLauncher.launchInternal(LocalLauncher.java:92)
	at games.strategy.engine.framework.startup.launcher.LocalLauncher.lambda$launch$0(LocalLauncher.java:60)
	at java.base/java.lang.Thread.run(Thread.java:840)
47018 23:56:56.182 [Thread-8] INFO  org.triplea.sound.ClipPlayer - Unable to create audio device, is there audio on the system? Cannot create AudioDevice
javazoom.jl.decoder.JavaLayerException: Cannot create AudioDevice
	at javazoom.jl.player.FactoryRegistry.createAudioDevice(FactoryRegistry.java:97)
	at org.triplea.sound.ClipPlayer.hasAudio(ClipPlayer.java:144)
	at org.triplea.sound.ClipPlayer.isSoundEnabled(ClipPlayer.java:251)
	at org.triplea.sound.ClipPlayer.play(ClipPlayer.java:220)
	at org.triplea.sound.DefaultSoundChannel.playSoundForAll(DefaultSoundChannel.java:22)
	at jdk.internal.reflect.GeneratedMethodAccessor56.invoke(Unknown Source)
	at java.base/jdk.internal.reflect.DelegatingMethodAccessorImpl.invoke(DelegatingMethodAccessorImpl.java:43)
	at java.base/java.lang.reflect.Method.invoke(Method.java:569)
	at games.strategy.engine.message.unifiedmessenger.EndPoint.invokeSingle(EndPoint.java:137)
	at games.strategy.engine.message.unifiedmessenger.EndPoint.lambda$invokeMultiple$0(EndPoint.java:121)
	at java.base/java.util.stream.ReferencePipeline$3$1.accept(ReferencePipeline.java:197)
	at java.base/java.util.Spliterators$ArraySpliterator.forEachRemaining(Spliterators.java:992)
	at java.base/java.util.stream.AbstractPipeline.copyInto(AbstractPipeline.java:509)
	at java.base/java.util.stream.AbstractPipeline.wrapAndCopyInto(AbstractPipeline.java:499)
	at java.base/java.util.stream.ReduceOps$ReduceOp.evaluateSequential(ReduceOps.java:921)
	at java.base/java.util.stream.AbstractPipeline.evaluate(AbstractPipeline.java:234)
	at java.base/java.util.stream.ReferencePipeline.collect(ReferencePipeline.java:682)
	at games.strategy.engine.message.unifiedmessenger.EndPoint.invokeMultiple(EndPoint.java:122)
	at games.strategy.engine.message.unifiedmessenger.EndPoint.invokeLocal(EndPoint.java:112)
	at games.strategy.engine.message.unifiedmessenger.UnifiedMessenger.invoke(UnifiedMessenger.java:153)
	at games.strategy.engine.message.UnifiedInvocationHandler.invoke(UnifiedInvocationHandler.java:47)
	at jdk.proxy2/jdk.proxy2.$Proxy25.playSoundForAll(Unknown Source)
	at jdk.internal.reflect.GeneratedMethodAccessor55.invoke(Unknown Source)
	at java.base/jdk.internal.reflect.DelegatingMethodAccessorImpl.invoke(DelegatingMethodAccessorImpl.java:43)
	at java.base/java.lang.reflect.Method.invoke(Method.java:569)
	at games.strategy.engine.delegate.DelegateExecutionManager.lambda$newOutboundImplementation$1(DelegateExecutionManager.java:79)
	at jdk.proxy2/jdk.proxy2.$Proxy25.playSoundForAll(Unknown Source)
	at games.strategy.triplea.delegate.AbstractPlaceDelegate.placeUnits(AbstractPlaceDelegate.java:302)
	at games.strategy.triplea.delegate.AbstractPlaceDelegate.placeUnits(AbstractPlaceDelegate.java:201)
	at jdk.internal.reflect.GeneratedMethodAccessor54.invoke(Unknown Source)
	at java.base/jdk.internal.reflect.DelegatingMethodAccessorImpl.invoke(DelegatingMethodAccessorImpl.java:43)
	at java.base/java.lang.reflect.Method.invoke(Method.java:569)
	at games.strategy.engine.delegate.DelegateExecutionManager$1.invoke(DelegateExecutionManager.java:120)
	at jdk.proxy2/jdk.proxy2.$Proxy16.placeUnits(Unknown Source)
	at jdk.internal.reflect.GeneratedMethodAccessor62.invoke(Unknown Source)
	at java.base/jdk.internal.reflect.DelegatingMethodAccessorImpl.invoke(DelegatingMethodAccessorImpl.java:43)
	at java.base/java.lang.reflect.Method.invoke(Method.java:569)
	at games.strategy.engine.message.unifiedmessenger.EndPoint.invokeSingle(EndPoint.java:137)
	at games.strategy.engine.message.unifiedmessenger.EndPoint.lambda$invokeMultiple$0(EndPoint.java:121)
	at java.base/java.util.stream.ReferencePipeline$3$1.accept(ReferencePipeline.java:197)
	at java.base/java.util.Spliterators$ArraySpliterator.forEachRemaining(Spliterators.java:992)
	at java.base/java.util.stream.AbstractPipeline.copyInto(AbstractPipeline.java:509)
	at java.base/java.util.stream.AbstractPipeline.wrapAndCopyInto(AbstractPipeline.java:499)
	at java.base/java.util.stream.ReduceOps$ReduceOp.evaluateSequential(ReduceOps.java:921)
	at java.base/java.util.stream.AbstractPipeline.evaluate(AbstractPipeline.java:234)
	at java.base/java.util.stream.ReferencePipeline.collect(ReferencePipeline.java:682)
	at games.strategy.engine.message.unifiedmessenger.EndPoint.invokeMultiple(EndPoint.java:122)
	at games.strategy.engine.message.unifiedmessenger.EndPoint.invokeLocal(EndPoint.java:112)
	at games.strategy.engine.message.unifiedmessenger.UnifiedMessenger.invokeAndWait(UnifiedMessenger.java:97)
	at games.strategy.engine.message.UnifiedInvocationHandler.invoke(UnifiedInvocationHandler.java:55)
	at jdk.proxy2/jdk.proxy2.$Proxy16.placeUnits(Unknown Source)
	at jdk.internal.reflect.GeneratedMethodAccessor54.invoke(Unknown Source)
	at java.base/jdk.internal.reflect.DelegatingMethodAccessorImpl.invoke(DelegatingMethodAccessorImpl.java:43)
	at java.base/java.lang.reflect.Method.invoke(Method.java:569)
	at games.strategy.engine.player.PlayerBridge$GameOverInvocationHandler.invoke(PlayerBridge.java:151)
	at jdk.proxy2/jdk.proxy2.$Proxy16.placeUnits(Unknown Source)
	at games.strategy.triplea.ai.weak.WeakAi.doPlace(WeakAi.java:1110)
	at games.strategy.triplea.ai.weak.WeakAi.placeAllWeCanOn(WeakAi.java:1104)
	at games.strategy.triplea.ai.weak.WeakAi.lambda$place$15(WeakAi.java:1054)
	at java.base/java.util.Optional.ifPresent(Optional.java:178)
	at games.strategy.triplea.ai.weak.WeakAi.place(WeakAi.java:1054)
	at games.strategy.triplea.ai.AbstractAi.start(AbstractAi.java:531)
	at games.strategy.engine.framework.ServerGame.waitForPlayerToFinishStep(ServerGame.java:648)
	at games.strategy.engine.framework.ServerGame.runStep(ServerGame.java:478)
	at games.strategy.engine.framework.ServerGame.runNextStep(ServerGame.java:365)
	at games.strategy.engine.framework.ServerGame.startGame(ServerGame.java:333)
	at games.strategy.engine.framework.startup.launcher.LocalLauncher.launchInternal(LocalLauncher.java:92)
	at games.strategy.engine.framework.startup.launcher.LocalLauncher.lambda$launch$0(LocalLauncher.java:60)
	at java.base/java.lang.Thread.run(Thread.java:840)
47900 23:56:57.064 [Thread-8] INFO  org.triplea.sound.ClipPlayer - Unable to create audio device, is there audio on the system? Cannot create AudioDevice
javazoom.jl.decoder.JavaLayerException: Cannot create AudioDevice
	at javazoom.jl.player.FactoryRegistry.createAudioDevice(FactoryRegistry.java:97)
	at org.triplea.sound.ClipPlayer.hasAudio(ClipPlayer.java:144)
	at org.triplea.sound.ClipPlayer.isSoundEnabled(ClipPlayer.java:251)
	at org.triplea.sound.ClipPlayer.play(ClipPlayer.java:220)
	at org.triplea.sound.DefaultSoundChannel.playSoundForAll(DefaultSoundChannel.java:22)
	at jdk.internal.reflect.GeneratedMethodAccessor56.invoke(Unknown Source)
	at java.base/jdk.internal.reflect.DelegatingMethodAccessorImpl.invoke(DelegatingMethodAccessorImpl.java:43)
	at java.base/java.lang.reflect.Method.invoke(Method.java:569)
	at games.strategy.engine.message.unifiedmessenger.EndPoint.invokeSingle(EndPoint.java:137)
	at games.strategy.engine.message.unifiedmessenger.EndPoint.lambda$invokeMultiple$0(EndPoint.java:121)
	at java.base/java.util.stream.ReferencePipeline$3$1.accept(ReferencePipeline.java:197)
	at java.base/java.util.Spliterators$ArraySpliterator.forEachRemaining(Spliterators.java:992)
	at java.base/java.util.stream.AbstractPipeline.copyInto(AbstractPipeline.java:509)
	at java.base/java.util.stream.AbstractPipeline.wrapAndCopyInto(AbstractPipeline.java:499)
	at java.base/java.util.stream.ReduceOps$ReduceOp.evaluateSequential(ReduceOps.java:921)
	at java.base/java.util.stream.AbstractPipeline.evaluate(AbstractPipeline.java:234)
	at java.base/java.util.stream.ReferencePipeline.collect(ReferencePipeline.java:682)
	at games.strategy.engine.message.unifiedmessenger.EndPoint.invokeMultiple(EndPoint.java:122)
	at games.strategy.engine.message.unifiedmessenger.EndPoint.invokeLocal(EndPoint.java:112)
	at games.strategy.engine.message.unifiedmessenger.UnifiedMessenger.invoke(UnifiedMessenger.java:153)
	at games.strategy.engine.message.UnifiedInvocationHandler.invoke(UnifiedInvocationHandler.java:47)
	at jdk.proxy2/jdk.proxy2.$Proxy25.playSoundForAll(Unknown Source)
	at jdk.internal.reflect.GeneratedMethodAccessor55.invoke(Unknown Source)
	at java.base/jdk.internal.reflect.DelegatingMethodAccessorImpl.invoke(DelegatingMethodAccessorImpl.java:43)
	at java.base/java.lang.reflect.Method.invoke(Method.java:569)
	at games.strategy.engine.delegate.DelegateExecutionManager.lambda$newOutboundImplementation$1(DelegateExecutionManager.java:79)
	at jdk.proxy2/jdk.proxy2.$Proxy25.playSoundForAll(Unknown Source)
	at games.strategy.triplea.delegate.battle.BattleTracker.takeOver(BattleTracker.java:794)
	at games.strategy.triplea.delegate.battle.BattleTracker.addEmptyBattle(BattleTracker.java:523)
	at games.strategy.triplea.delegate.battle.BattleTracker.addBattle(BattleTracker.java:345)
	at games.strategy.triplea.delegate.battle.BattleTracker.addBattle(BattleTracker.java:293)
	at games.strategy.triplea.delegate.MovePerformer$3.execute(MovePerformer.java:267)
	at games.strategy.triplea.delegate.ExecutionStack.execute(ExecutionStack.java:34)
	at games.strategy.triplea.delegate.MovePerformer.populateStack(MovePerformer.java:324)
	at games.strategy.triplea.delegate.MovePerformer.moveUnits(MovePerformer.java:81)
	at games.strategy.triplea.delegate.MoveDelegate.performMove(MoveDelegate.java:675)
	at jdk.internal.reflect.GeneratedMethodAccessor35.invoke(Unknown Source)
	at java.base/jdk.internal.reflect.DelegatingMethodAccessorImpl.invoke(DelegatingMethodAccessorImpl.java:43)
	at java.base/java.lang.reflect.Method.invoke(Method.java:569)
	at games.strategy.engine.delegate.DelegateExecutionManager$1.invoke(DelegateExecutionManager.java:120)
	at jdk.proxy2/jdk.proxy2.$Proxy14.performMove(Unknown Source)
	at jdk.internal.reflect.GeneratedMethodAccessor46.invoke(Unknown Source)
	at java.base/jdk.internal.reflect.DelegatingMethodAccessorImpl.invoke(DelegatingMethodAccessorImpl.java:43)
	at java.base/java.lang.reflect.Method.invoke(Method.java:569)
	at games.strategy.engine.message.unifiedmessenger.EndPoint.invokeSingle(EndPoint.java:137)
	at games.strategy.engine.message.unifiedmessenger.EndPoint.lambda$invokeMultiple$0(EndPoint.java:121)
	at java.base/java.util.stream.ReferencePipeline$3$1.accept(ReferencePipeline.java:197)
	at java.base/java.util.Spliterators$ArraySpliterator.forEachRemaining(Spliterators.java:992)
	at java.base/java.util.stream.AbstractPipeline.copyInto(AbstractPipeline.java:509)
	at java.base/java.util.stream.AbstractPipeline.wrapAndCopyInto(AbstractPipeline.java:499)
	at java.base/java.util.stream.ReduceOps$ReduceOp.evaluateSequential(ReduceOps.java:921)
	at java.base/java.util.stream.AbstractPipeline.evaluate(AbstractPipeline.java:234)
	at java.base/java.util.stream.ReferencePipeline.collect(ReferencePipeline.java:682)
	at games.strategy.engine.message.unifiedmessenger.EndPoint.invokeMultiple(EndPoint.java:122)
	at games.strategy.engine.message.unifiedmessenger.EndPoint.invokeLocal(EndPoint.java:112)
	at games.strategy.engine.message.unifiedmessenger.UnifiedMessenger.invokeAndWait(UnifiedMessenger.java:97)
	at games.strategy.engine.message.UnifiedInvocationHandler.invoke(UnifiedInvocationHandler.java:55)
	at jdk.proxy2/jdk.proxy2.$Proxy14.performMove(Unknown Source)
	at jdk.internal.reflect.GeneratedMethodAccessor35.invoke(Unknown Source)
	at java.base/jdk.internal.reflect.DelegatingMethodAccessorImpl.invoke(DelegatingMethodAccessorImpl.java:43)
	at java.base/java.lang.reflect.Method.invoke(Method.java:569)
	at games.strategy.engine.player.PlayerBridge$GameOverInvocationHandler.invoke(PlayerBridge.java:151)
	at jdk.proxy2/jdk.proxy2.$Proxy14.performMove(Unknown Source)
	at games.strategy.triplea.ai.weak.WeakAi.doMove(WeakAi.java:237)
	at games.strategy.triplea.ai.weak.WeakAi.doCombatMove(WeakAi.java:152)
	at games.strategy.triplea.ai.weak.WeakAi.move(WeakAi.java:124)
	at games.strategy.triplea.ai.AbstractAi.start(AbstractAi.java:521)
	at games.strategy.engine.framework.ServerGame.waitForPlayerToFinishStep(ServerGame.java:648)
	at games.strategy.engine.framework.ServerGame.runStep(ServerGame.java:478)
	at games.strategy.engine.framework.ServerGame.runNextStep(ServerGame.java:365)
	at games.strategy.engine.framework.ServerGame.startGame(ServerGame.java:333)
	at games.strategy.engine.framework.startup.launcher.LocalLauncher.launchInternal(LocalLauncher.java:92)
	at games.strategy.engine.framework.startup.launcher.LocalLauncher.lambda$launch$0(LocalLauncher.java:60)
	at java.base/java.lang.Thread.run(Thread.java:840)
50834 23:56:59.998 [Thread-8] INFO  org.triplea.sound.ClipPlayer - Unable to create audio device, is there audio on the system? Cannot create AudioDevice
javazoom.jl.decoder.JavaLayerException: Cannot create AudioDevice
	at javazoom.jl.player.FactoryRegistry.createAudioDevice(FactoryRegistry.java:97)
	at org.triplea.sound.ClipPlayer.hasAudio(ClipPlayer.java:144)
	at org.triplea.sound.ClipPlayer.isSoundEnabled(ClipPlayer.java:251)
	at org.triplea.sound.ClipPlayer.play(ClipPlayer.java:220)
	at org.triplea.sound.DefaultSoundChannel.playSoundForAll(DefaultSoundChannel.java:22)
	at jdk.internal.reflect.GeneratedMethodAccessor56.invoke(Unknown Source)
	at java.base/jdk.internal.reflect.DelegatingMethodAccessorImpl.invoke(DelegatingMethodAccessorImpl.java:43)
	at java.base/java.lang.reflect.Method.invoke(Method.java:569)
	at games.strategy.engine.message.unifiedmessenger.EndPoint.invokeSingle(EndPoint.java:137)
	at games.strategy.engine.message.unifiedmessenger.EndPoint.lambda$invokeMultiple$0(EndPoint.java:121)
	at java.base/java.util.stream.ReferencePipeline$3$1.accept(ReferencePipeline.java:197)
	at java.base/java.util.Spliterators$ArraySpliterator.forEachRemaining(Spliterators.java:992)
	at java.base/java.util.stream.AbstractPipeline.copyInto(AbstractPipeline.java:509)
	at java.base/java.util.stream.AbstractPipeline.wrapAndCopyInto(AbstractPipeline.java:499)
	at java.base/java.util.stream.ReduceOps$ReduceOp.evaluateSequential(ReduceOps.java:921)
	at java.base/java.util.stream.AbstractPipeline.evaluate(AbstractPipeline.java:234)
	at java.base/java.util.stream.ReferencePipeline.collect(ReferencePipeline.java:682)
	at games.strategy.engine.message.unifiedmessenger.EndPoint.invokeMultiple(EndPoint.java:122)
	at games.strategy.engine.message.unifiedmessenger.EndPoint.invokeLocal(EndPoint.java:112)
	at games.strategy.engine.message.unifiedmessenger.UnifiedMessenger.invoke(UnifiedMessenger.java:153)
	at games.strategy.engine.message.UnifiedInvocationHandler.invoke(UnifiedInvocationHandler.java:47)
	at jdk.proxy2/jdk.proxy2.$Proxy25.playSoundForAll(Unknown Source)
	at jdk.internal.reflect.GeneratedMethodAccessor55.invoke(Unknown Source)
	at java.base/jdk.internal.reflect.DelegatingMethodAccessorImpl.invoke(DelegatingMethodAccessorImpl.java:43)
	at java.base/java.lang.reflect.Method.invoke(Method.java:569)
	at games.strategy.engine.delegate.DelegateExecutionManager.lambda$newOutboundImplementation$1(DelegateExecutionManager.java:79)
	at jdk.proxy2/jdk.proxy2.$Proxy25.playSoundForAll(Unknown Source)
	at games.strategy.triplea.delegate.AbstractPlaceDelegate.placeUnits(AbstractPlaceDelegate.java:302)
	at games.strategy.triplea.delegate.AbstractPlaceDelegate.placeUnits(AbstractPlaceDelegate.java:201)
	at jdk.internal.reflect.GeneratedMethodAccessor54.invoke(Unknown Source)
	at java.base/jdk.internal.reflect.DelegatingMethodAccessorImpl.invoke(DelegatingMethodAccessorImpl.java:43)
	at java.base/java.lang.reflect.Method.invoke(Method.java:569)
	at games.strategy.engine.delegate.DelegateExecutionManager$1.invoke(DelegateExecutionManager.java:120)
	at jdk.proxy2/jdk.proxy2.$Proxy16.placeUnits(Unknown Source)
	at jdk.internal.reflect.GeneratedMethodAccessor62.invoke(Unknown Source)
	at java.base/jdk.internal.reflect.DelegatingMethodAccessorImpl.invoke(DelegatingMethodAccessorImpl.java:43)
	at java.base/java.lang.reflect.Method.invoke(Method.java:569)
	at games.strategy.engine.message.unifiedmessenger.EndPoint.invokeSingle(EndPoint.java:137)
	at games.strategy.engine.message.unifiedmessenger.EndPoint.lambda$invokeMultiple$0(EndPoint.java:121)
	at java.base/java.util.stream.ReferencePipeline$3$1.accept(ReferencePipeline.java:197)
	at java.base/java.util.Spliterators$ArraySpliterator.forEachRemaining(Spliterators.java:992)
	at java.base/java.util.stream.AbstractPipeline.copyInto(AbstractPipeline.java:509)
	at java.base/java.util.stream.AbstractPipeline.wrapAndCopyInto(AbstractPipeline.java:499)
	at java.base/java.util.stream.ReduceOps$ReduceOp.evaluateSequential(ReduceOps.java:921)
	at java.base/java.util.stream.AbstractPipeline.evaluate(AbstractPipeline.java:234)
	at java.base/java.util.stream.ReferencePipeline.collect(ReferencePipeline.java:682)
	at games.strategy.engine.message.unifiedmessenger.EndPoint.invokeMultiple(EndPoint.java:122)
	at games.strategy.engine.message.unifiedmessenger.EndPoint.invokeLocal(EndPoint.java:112)
	at games.strategy.engine.message.unifiedmessenger.UnifiedMessenger.invokeAndWait(UnifiedMessenger.java:97)
	at games.strategy.engine.message.UnifiedInvocationHandler.invoke(UnifiedInvocationHandler.java:55)
	at jdk.proxy2/jdk.proxy2.$Proxy16.placeUnits(Unknown Source)
	at jdk.internal.reflect.GeneratedMethodAccessor54.invoke(Unknown Source)
	at java.base/jdk.internal.reflect.DelegatingMethodAccessorImpl.invoke(DelegatingMethodAccessorImpl.java:43)
	at java.base/java.lang.reflect.Method.invoke(Method.java:569)
	at games.strategy.engine.player.PlayerBridge$GameOverInvocationHandler.invoke(PlayerBridge.java:151)
	at jdk.proxy2/jdk.proxy2.$Proxy16.placeUnits(Unknown Source)
	at games.strategy.triplea.ai.weak.WeakAi.doPlace(WeakAi.java:1110)
	at games.strategy.triplea.ai.weak.WeakAi.placeAllWeCanOn(WeakAi.java:1104)
	at games.strategy.triplea.ai.weak.WeakAi.lambda$place$15(WeakAi.java:1054)
	at java.base/java.util.Optional.ifPresent(Optional.java:178)
	at games.strategy.triplea.ai.weak.WeakAi.place(WeakAi.java:1054)
	at games.strategy.triplea.ai.AbstractAi.start(AbstractAi.java:531)
	at games.strategy.engine.framework.ServerGame.waitForPlayerToFinishStep(ServerGame.java:648)
	at games.strategy.engine.framework.ServerGame.runStep(ServerGame.java:478)
	at games.strategy.engine.framework.ServerGame.runNextStep(ServerGame.java:365)
	at games.strategy.engine.framework.ServerGame.startGame(ServerGame.java:333)
	at games.strategy.engine.framework.startup.launcher.LocalLauncher.launchInternal(LocalLauncher.java:92)
	at games.strategy.engine.framework.startup.launcher.LocalLauncher.lambda$launch$0(LocalLauncher.java:60)
	at java.base/java.lang.Thread.run(Thread.java:840)
54970 23:57:04.134 [Thread-8] INFO  org.triplea.sound.ClipPlayer - Unable to create audio device, is there audio on the system? Cannot create AudioDevice
javazoom.jl.decoder.JavaLayerException: Cannot create AudioDevice
	at javazoom.jl.player.FactoryRegistry.createAudioDevice(FactoryRegistry.java:97)
	at org.triplea.sound.ClipPlayer.hasAudio(ClipPlayer.java:144)
	at org.triplea.sound.ClipPlayer.isSoundEnabled(ClipPlayer.java:251)
	at org.triplea.sound.ClipPlayer.play(ClipPlayer.java:220)
	at org.triplea.sound.DefaultSoundChannel.playSoundForAll(DefaultSoundChannel.java:22)
	at jdk.internal.reflect.GeneratedMethodAccessor56.invoke(Unknown Source)
	at java.base/jdk.internal.reflect.DelegatingMethodAccessorImpl.invoke(DelegatingMethodAccessorImpl.java:43)
	at java.base/java.lang.reflect.Method.invoke(Method.java:569)
	at games.strategy.engine.message.unifiedmessenger.EndPoint.invokeSingle(EndPoint.java:137)
	at games.strategy.engine.message.unifiedmessenger.EndPoint.lambda$invokeMultiple$0(EndPoint.java:121)
	at java.base/java.util.stream.ReferencePipeline$3$1.accept(ReferencePipeline.java:197)
	at java.base/java.util.Spliterators$ArraySpliterator.forEachRemaining(Spliterators.java:992)
	at java.base/java.util.stream.AbstractPipeline.copyInto(AbstractPipeline.java:509)
	at java.base/java.util.stream.AbstractPipeline.wrapAndCopyInto(AbstractPipeline.java:499)
	at java.base/java.util.stream.ReduceOps$ReduceOp.evaluateSequential(ReduceOps.java:921)
	at java.base/java.util.stream.AbstractPipeline.evaluate(AbstractPipeline.java:234)
	at java.base/java.util.stream.ReferencePipeline.collect(ReferencePipeline.java:682)
	at games.strategy.engine.message.unifiedmessenger.EndPoint.invokeMultiple(EndPoint.java:122)
	at games.strategy.engine.message.unifiedmessenger.EndPoint.invokeLocal(EndPoint.java:112)
	at games.strategy.engine.message.unifiedmessenger.UnifiedMessenger.invoke(UnifiedMessenger.java:153)
	at games.strategy.engine.message.UnifiedInvocationHandler.invoke(UnifiedInvocationHandler.java:47)
	at jdk.proxy2/jdk.proxy2.$Proxy25.playSoundForAll(Unknown Source)
	at jdk.internal.reflect.GeneratedMethodAccessor55.invoke(Unknown Source)
	at java.base/jdk.internal.reflect.DelegatingMethodAccessorImpl.invoke(DelegatingMethodAccessorImpl.java:43)
	at java.base/java.lang.reflect.Method.invoke(Method.java:569)
	at games.strategy.engine.delegate.DelegateExecutionManager.lambda$newOutboundImplementation$1(DelegateExecutionManager.java:79)
	at jdk.proxy2/jdk.proxy2.$Proxy25.playSoundForAll(Unknown Source)
	at org.triplea.sound.SoundUtils.playBattleType(SoundUtils.java:42)
	at games.strategy.triplea.delegate.battle.MustFightBattle.fight(MustFightBattle.java:686)
	at games.strategy.triplea.delegate.battle.BattleTracker.fightBattleIfOnlyOne(BattleTracker.java:1300)
	at games.strategy.triplea.delegate.battle.BattleDelegate.start(BattleDelegate.java:125)
	at games.strategy.engine.framework.ServerGame.startStep(ServerGame.java:611)
	at games.strategy.engine.framework.ServerGame.runStep(ServerGame.java:471)
	at games.strategy.engine.framework.ServerGame.runNextStep(ServerGame.java:365)
	at games.strategy.engine.framework.ServerGame.startGame(ServerGame.java:333)
	at games.strategy.engine.framework.startup.launcher.LocalLauncher.launchInternal(LocalLauncher.java:92)
	at games.strategy.engine.framework.startup.launcher.LocalLauncher.lambda$launch$0(LocalLauncher.java:60)
	at java.base/java.lang.Thread.run(Thread.java:840)
63139 23:57:12.303 [Thread-8] INFO  org.triplea.sound.ClipPlayer - Unable to create audio device, is there audio on the system? Cannot create AudioDevice
javazoom.jl.decoder.JavaLayerException: Cannot create AudioDevice
	at javazoom.jl.player.FactoryRegistry.createAudioDevice(FactoryRegistry.java:97)
	at org.triplea.sound.ClipPlayer.hasAudio(ClipPlayer.java:144)
	at org.triplea.sound.ClipPlayer.isSoundEnabled(ClipPlayer.java:251)
	at org.triplea.sound.ClipPlayer.play(ClipPlayer.java:220)
	at org.triplea.sound.DefaultSoundChannel.playSoundForAll(DefaultSoundChannel.java:22)
	at jdk.internal.reflect.GeneratedMethodAccessor56.invoke(Unknown Source)
	at java.base/jdk.internal.reflect.DelegatingMethodAccessorImpl.invoke(DelegatingMethodAccessorImpl.java:43)
	at java.base/java.lang.reflect.Method.invoke(Method.java:569)
	at games.strategy.engine.message.unifiedmessenger.EndPoint.invokeSingle(EndPoint.java:137)
	at games.strategy.engine.message.unifiedmessenger.EndPoint.lambda$invokeMultiple$0(EndPoint.java:121)
	at java.base/java.util.stream.ReferencePipeline$3$1.accept(ReferencePipeline.java:197)
	at java.base/java.util.Spliterators$ArraySpliterator.forEachRemaining(Spliterators.java:992)
	at java.base/java.util.stream.AbstractPipeline.copyInto(AbstractPipeline.java:509)
	at java.base/java.util.stream.AbstractPipeline.wrapAndCopyInto(AbstractPipeline.java:499)
	at java.base/java.util.stream.ReduceOps$ReduceOp.evaluateSequential(ReduceOps.java:921)
	at java.base/java.util.stream.AbstractPipeline.evaluate(AbstractPipeline.java:234)
	at java.base/java.util.stream.ReferencePipeline.collect(ReferencePipeline.java:682)
	at games.strategy.engine.message.unifiedmessenger.EndPoint.invokeMultiple(EndPoint.java:122)
	at games.strategy.engine.message.unifiedmessenger.EndPoint.invokeLocal(EndPoint.java:112)
	at games.strategy.engine.message.unifiedmessenger.UnifiedMessenger.invoke(UnifiedMessenger.java:153)
	at games.strategy.engine.message.UnifiedInvocationHandler.invoke(UnifiedInvocationHandler.java:47)
	at jdk.proxy2/jdk.proxy2.$Proxy25.playSoundForAll(Unknown Source)
	at jdk.internal.reflect.GeneratedMethodAccessor55.invoke(Unknown Source)
	at java.base/jdk.internal.reflect.DelegatingMethodAccessorImpl.invoke(DelegatingMethodAccessorImpl.java:43)
	at java.base/java.lang.reflect.Method.invoke(Method.java:569)
	at games.strategy.engine.delegate.DelegateExecutionManager.lambda$newOutboundImplementation$1(DelegateExecutionManager.java:79)
	at jdk.proxy2/jdk.proxy2.$Proxy25.playSoundForAll(Unknown Source)
	at games.strategy.triplea.delegate.battle.BattleTracker.takeOver(BattleTracker.java:794)
	at games.strategy.triplea.delegate.battle.MustFightBattle.attackerWins(MustFightBattle.java:1430)
	at games.strategy.triplea.delegate.battle.MustFightBattle.endBattle(MustFightBattle.java:462)
	at games.strategy.triplea.delegate.battle.steps.change.CheckGeneralBattleEnd.execute(CheckGeneralBattleEnd.java:64)
	at games.strategy.triplea.delegate.ExecutionStack.execute(ExecutionStack.java:34)
	at games.strategy.triplea.delegate.battle.MustFightBattle.fight(MustFightBattle.java:690)
	at games.strategy.triplea.delegate.battle.BattleTracker.fightBattleIfOnlyOne(BattleTracker.java:1300)
	at games.strategy.triplea.delegate.battle.BattleDelegate.start(BattleDelegate.java:125)
	at games.strategy.engine.framework.ServerGame.startStep(ServerGame.java:611)
	at games.strategy.engine.framework.ServerGame.runStep(ServerGame.java:471)
	at games.strategy.engine.framework.ServerGame.runNextStep(ServerGame.java:365)
	at games.strategy.engine.framework.ServerGame.startGame(ServerGame.java:333)
	at games.strategy.engine.framework.startup.launcher.LocalLauncher.launchInternal(LocalLauncher.java:92)
	at games.strategy.engine.framework.startup.launcher.LocalLauncher.lambda$launch$0(LocalLauncher.java:60)
	at java.base/java.lang.Thread.run(Thread.java:840)
64410 23:57:13.574 [Thread-8] INFO  org.triplea.sound.ClipPlayer - Unable to create audio device, is there audio on the system? Cannot create AudioDevice
javazoom.jl.decoder.JavaLayerException: Cannot create AudioDevice
	at javazoom.jl.player.FactoryRegistry.createAudioDevice(FactoryRegistry.java:97)
	at org.triplea.sound.ClipPlayer.hasAudio(ClipPlayer.java:144)
	at org.triplea.sound.ClipPlayer.isSoundEnabled(ClipPlayer.java:251)
	at org.triplea.sound.ClipPlayer.play(ClipPlayer.java:220)
	at org.triplea.sound.DefaultSoundChannel.playSoundForAll(DefaultSoundChannel.java:22)
	at jdk.internal.reflect.GeneratedMethodAccessor56.invoke(Unknown Source)
	at java.base/jdk.internal.reflect.DelegatingMethodAccessorImpl.invoke(DelegatingMethodAccessorImpl.java:43)
	at java.base/java.lang.reflect.Method.invoke(Method.java:569)
	at games.strategy.engine.message.unifiedmessenger.EndPoint.invokeSingle(EndPoint.java:137)
	at games.strategy.engine.message.unifiedmessenger.EndPoint.lambda$invokeMultiple$0(EndPoint.java:121)
	at java.base/java.util.stream.ReferencePipeline$3$1.accept(ReferencePipeline.java:197)
	at java.base/java.util.Spliterators$ArraySpliterator.forEachRemaining(Spliterators.java:992)
	at java.base/java.util.stream.AbstractPipeline.copyInto(AbstractPipeline.java:509)
	at java.base/java.util.stream.AbstractPipeline.wrapAndCopyInto(AbstractPipeline.java:499)
	at java.base/java.util.stream.ReduceOps$ReduceOp.evaluateSequential(ReduceOps.java:921)
	at java.base/java.util.stream.AbstractPipeline.evaluate(AbstractPipeline.java:234)
	at java.base/java.util.stream.ReferencePipeline.collect(ReferencePipeline.java:682)
	at games.strategy.engine.message.unifiedmessenger.EndPoint.invokeMultiple(EndPoint.java:122)
	at games.strategy.engine.message.unifiedmessenger.EndPoint.invokeLocal(EndPoint.java:112)
	at games.strategy.engine.message.unifiedmessenger.UnifiedMessenger.invoke(UnifiedMessenger.java:153)
	at games.strategy.engine.message.UnifiedInvocationHandler.invoke(UnifiedInvocationHandler.java:47)
	at jdk.proxy2/jdk.proxy2.$Proxy25.playSoundForAll(Unknown Source)
	at jdk.internal.reflect.GeneratedMethodAccessor55.invoke(Unknown Source)
	at java.base/jdk.internal.reflect.DelegatingMethodAccessorImpl.invoke(DelegatingMethodAccessorImpl.java:43)
	at java.base/java.lang.reflect.Method.invoke(Method.java:569)
	at games.strategy.engine.delegate.DelegateExecutionManager.lambda$newOutboundImplementation$1(DelegateExecutionManager.java:79)
	at jdk.proxy2/jdk.proxy2.$Proxy25.playSoundForAll(Unknown Source)
	at games.strategy.triplea.delegate.AbstractPlaceDelegate.placeUnits(AbstractPlaceDelegate.java:302)
	at games.strategy.triplea.delegate.AbstractPlaceDelegate.placeUnits(AbstractPlaceDelegate.java:201)
	at jdk.internal.reflect.GeneratedMethodAccessor54.invoke(Unknown Source)
	at java.base/jdk.internal.reflect.DelegatingMethodAccessorImpl.invoke(DelegatingMethodAccessorImpl.java:43)
	at java.base/java.lang.reflect.Method.invoke(Method.java:569)
	at games.strategy.engine.delegate.DelegateExecutionManager$1.invoke(DelegateExecutionManager.java:120)
	at jdk.proxy2/jdk.proxy2.$Proxy16.placeUnits(Unknown Source)
	at jdk.internal.reflect.GeneratedMethodAccessor62.invoke(Unknown Source)
	at java.base/jdk.internal.reflect.DelegatingMethodAccessorImpl.invoke(DelegatingMethodAccessorImpl.java:43)
	at java.base/java.lang.reflect.Method.invoke(Method.java:569)
	at games.strategy.engine.message.unifiedmessenger.EndPoint.invokeSingle(EndPoint.java:137)
	at games.strategy.engine.message.unifiedmessenger.EndPoint.lambda$invokeMultiple$0(EndPoint.java:121)
	at java.base/java.util.stream.ReferencePipeline$3$1.accept(ReferencePipeline.java:197)
	at java.base/java.util.Spliterators$ArraySpliterator.forEachRemaining(Spliterators.java:992)
	at java.base/java.util.stream.AbstractPipeline.copyInto(AbstractPipeline.java:509)
	at java.base/java.util.stream.AbstractPipeline.wrapAndCopyInto(AbstractPipeline.java:499)
	at java.base/java.util.stream.ReduceOps$ReduceOp.evaluateSequential(ReduceOps.java:921)
	at java.base/java.util.stream.AbstractPipeline.evaluate(AbstractPipeline.java:234)
	at java.base/java.util.stream.ReferencePipeline.collect(ReferencePipeline.java:682)
	at games.strategy.engine.message.unifiedmessenger.EndPoint.invokeMultiple(EndPoint.java:122)
	at games.strategy.engine.message.unifiedmessenger.EndPoint.invokeLocal(EndPoint.java:112)
	at games.strategy.engine.message.unifiedmessenger.UnifiedMessenger.invokeAndWait(UnifiedMessenger.java:97)
	at games.strategy.engine.message.UnifiedInvocationHandler.invoke(UnifiedInvocationHandler.java:55)
	at jdk.proxy2/jdk.proxy2.$Proxy16.placeUnits(Unknown Source)
	at jdk.internal.reflect.GeneratedMethodAccessor54.invoke(Unknown Source)
	at java.base/jdk.internal.reflect.DelegatingMethodAccessorImpl.invoke(DelegatingMethodAccessorImpl.java:43)
	at java.base/java.lang.reflect.Method.invoke(Method.java:569)
	at games.strategy.engine.player.PlayerBridge$GameOverInvocationHandler.invoke(PlayerBridge.java:151)
	at jdk.proxy2/jdk.proxy2.$Proxy16.placeUnits(Unknown Source)
	at games.strategy.triplea.ai.tripleMind.ProPurchaseAi.doPlace(ProPurchaseAi.java:2627)
	at games.strategy.triplea.ai.tripleMind.ProPurchaseAi.placeUnits(ProPurchaseAi.java:2545)
	at games.strategy.triplea.ai.tripleMind.ProPurchaseAi.place(ProPurchaseAi.java:562)
	at games.strategy.triplea.ai.tripleMind.AbstractTripleMindAi.place(AbstractTripleMindAi.java:380)
	at games.strategy.triplea.ai.AbstractAi.start(AbstractAi.java:531)
	at games.strategy.engine.framework.ServerGame.waitForPlayerToFinishStep(ServerGame.java:648)
	at games.strategy.engine.framework.ServerGame.runStep(ServerGame.java:478)
	at games.strategy.engine.framework.ServerGame.runNextStep(ServerGame.java:365)
	at games.strategy.engine.framework.ServerGame.startGame(ServerGame.java:333)
	at games.strategy.engine.framework.startup.launcher.LocalLauncher.launchInternal(LocalLauncher.java:92)
	at games.strategy.engine.framework.startup.launcher.LocalLauncher.lambda$launch$0(LocalLauncher.java:60)
	at java.base/java.lang.Thread.run(Thread.java:840)
64539 23:57:13.703 [Thread-8] INFO  org.triplea.sound.ClipPlayer - Unable to create audio device, is there audio on the system? Cannot create AudioDevice
javazoom.jl.decoder.JavaLayerException: Cannot create AudioDevice
	at javazoom.jl.player.FactoryRegistry.createAudioDevice(FactoryRegistry.java:97)
	at org.triplea.sound.ClipPlayer.hasAudio(ClipPlayer.java:144)
	at org.triplea.sound.ClipPlayer.isSoundEnabled(ClipPlayer.java:251)
	at org.triplea.sound.ClipPlayer.play(ClipPlayer.java:220)
	at org.triplea.sound.DefaultSoundChannel.playSoundForAll(DefaultSoundChannel.java:22)
	at jdk.internal.reflect.GeneratedMethodAccessor56.invoke(Unknown Source)
	at java.base/jdk.internal.reflect.DelegatingMethodAccessorImpl.invoke(DelegatingMethodAccessorImpl.java:43)
	at java.base/java.lang.reflect.Method.invoke(Method.java:569)
	at games.strategy.engine.message.unifiedmessenger.EndPoint.invokeSingle(EndPoint.java:137)
	at games.strategy.engine.message.unifiedmessenger.EndPoint.lambda$invokeMultiple$0(EndPoint.java:121)
	at java.base/java.util.stream.ReferencePipeline$3$1.accept(ReferencePipeline.java:197)
	at java.base/java.util.Spliterators$ArraySpliterator.forEachRemaining(Spliterators.java:992)
	at java.base/java.util.stream.AbstractPipeline.copyInto(AbstractPipeline.java:509)
	at java.base/java.util.stream.AbstractPipeline.wrapAndCopyInto(AbstractPipeline.java:499)
	at java.base/java.util.stream.ReduceOps$ReduceOp.evaluateSequential(ReduceOps.java:921)
	at java.base/java.util.stream.AbstractPipeline.evaluate(AbstractPipeline.java:234)
	at java.base/java.util.stream.ReferencePipeline.collect(ReferencePipeline.java:682)
	at games.strategy.engine.message.unifiedmessenger.EndPoint.invokeMultiple(EndPoint.java:122)
	at games.strategy.engine.message.unifiedmessenger.EndPoint.invokeLocal(EndPoint.java:112)
	at games.strategy.engine.message.unifiedmessenger.UnifiedMessenger.invoke(UnifiedMessenger.java:153)
	at games.strategy.engine.message.UnifiedInvocationHandler.invoke(UnifiedInvocationHandler.java:47)
	at jdk.proxy2/jdk.proxy2.$Proxy25.playSoundForAll(Unknown Source)
	at jdk.internal.reflect.GeneratedMethodAccessor55.invoke(Unknown Source)
	at java.base/jdk.internal.reflect.DelegatingMethodAccessorImpl.invoke(DelegatingMethodAccessorImpl.java:43)
	at java.base/java.lang.reflect.Method.invoke(Method.java:569)
	at games.strategy.engine.delegate.DelegateExecutionManager.lambda$newOutboundImplementation$1(DelegateExecutionManager.java:79)
	at jdk.proxy2/jdk.proxy2.$Proxy25.playSoundForAll(Unknown Source)
	at games.strategy.triplea.delegate.AbstractPlaceDelegate.placeUnits(AbstractPlaceDelegate.java:302)
	at games.strategy.triplea.delegate.AbstractPlaceDelegate.placeUnits(AbstractPlaceDelegate.java:201)
	at jdk.internal.reflect.GeneratedMethodAccessor54.invoke(Unknown Source)
	at java.base/jdk.internal.reflect.DelegatingMethodAccessorImpl.invoke(DelegatingMethodAccessorImpl.java:43)
	at java.base/java.lang.reflect.Method.invoke(Method.java:569)
	at games.strategy.engine.delegate.DelegateExecutionManager$1.invoke(DelegateExecutionManager.java:120)
	at jdk.proxy2/jdk.proxy2.$Proxy16.placeUnits(Unknown Source)
	at jdk.internal.reflect.GeneratedMethodAccessor62.invoke(Unknown Source)
	at java.base/jdk.internal.reflect.DelegatingMethodAccessorImpl.invoke(DelegatingMethodAccessorImpl.java:43)
	at java.base/java.lang.reflect.Method.invoke(Method.java:569)
	at games.strategy.engine.message.unifiedmessenger.EndPoint.invokeSingle(EndPoint.java:137)
	at games.strategy.engine.message.unifiedmessenger.EndPoint.lambda$invokeMultiple$0(EndPoint.java:121)
	at java.base/java.util.stream.ReferencePipeline$3$1.accept(ReferencePipeline.java:197)
	at java.base/java.util.Spliterators$ArraySpliterator.forEachRemaining(Spliterators.java:992)
	at java.base/java.util.stream.AbstractPipeline.copyInto(AbstractPipeline.java:509)
	at java.base/java.util.stream.AbstractPipeline.wrapAndCopyInto(AbstractPipeline.java:499)
	at java.base/java.util.stream.ReduceOps$ReduceOp.evaluateSequential(ReduceOps.java:921)
	at java.base/java.util.stream.AbstractPipeline.evaluate(AbstractPipeline.java:234)
	at java.base/java.util.stream.ReferencePipeline.collect(ReferencePipeline.java:682)
	at games.strategy.engine.message.unifiedmessenger.EndPoint.invokeMultiple(EndPoint.java:122)
	at games.strategy.engine.message.unifiedmessenger.EndPoint.invokeLocal(EndPoint.java:112)
	at games.strategy.engine.message.unifiedmessenger.UnifiedMessenger.invokeAndWait(UnifiedMessenger.java:97)
	at games.strategy.engine.message.UnifiedInvocationHandler.invoke(UnifiedInvocationHandler.java:55)
	at jdk.proxy2/jdk.proxy2.$Proxy16.placeUnits(Unknown Source)
	at jdk.internal.reflect.GeneratedMethodAccessor54.invoke(Unknown Source)
	at java.base/jdk.internal.reflect.DelegatingMethodAccessorImpl.invoke(DelegatingMethodAccessorImpl.java:43)
	at java.base/java.lang.reflect.Method.invoke(Method.java:569)
	at games.strategy.engine.player.PlayerBridge$GameOverInvocationHandler.invoke(PlayerBridge.java:151)
	at jdk.proxy2/jdk.proxy2.$Proxy16.placeUnits(Unknown Source)
	at games.strategy.triplea.ai.tripleMind.ProPurchaseAi.doPlace(ProPurchaseAi.java:2627)
	at games.strategy.triplea.ai.tripleMind.ProPurchaseAi.placeUnits(ProPurchaseAi.java:2545)
	at games.strategy.triplea.ai.tripleMind.ProPurchaseAi.place(ProPurchaseAi.java:562)
	at games.strategy.triplea.ai.tripleMind.AbstractTripleMindAi.place(AbstractTripleMindAi.java:380)
	at games.strategy.triplea.ai.AbstractAi.start(AbstractAi.java:531)
	at games.strategy.engine.framework.ServerGame.waitForPlayerToFinishStep(ServerGame.java:648)
	at games.strategy.engine.framework.ServerGame.runStep(ServerGame.java:478)
	at games.strategy.engine.framework.ServerGame.runNextStep(ServerGame.java:365)
	at games.strategy.engine.framework.ServerGame.startGame(ServerGame.java:333)
	at games.strategy.engine.framework.startup.launcher.LocalLauncher.launchInternal(LocalLauncher.java:92)
	at games.strategy.engine.framework.startup.launcher.LocalLauncher.lambda$launch$0(LocalLauncher.java:60)
	at java.base/java.lang.Thread.run(Thread.java:840)
64671 23:57:13.835 [Thread-8] INFO  org.triplea.sound.ClipPlayer - Unable to create audio device, is there audio on the system? Cannot create AudioDevice
javazoom.jl.decoder.JavaLayerException: Cannot create AudioDevice
	at javazoom.jl.player.FactoryRegistry.createAudioDevice(FactoryRegistry.java:97)
	at org.triplea.sound.ClipPlayer.hasAudio(ClipPlayer.java:144)
	at org.triplea.sound.ClipPlayer.isSoundEnabled(ClipPlayer.java:251)
	at org.triplea.sound.ClipPlayer.play(ClipPlayer.java:220)
	at org.triplea.sound.DefaultSoundChannel.playSoundForAll(DefaultSoundChannel.java:22)
	at jdk.internal.reflect.GeneratedMethodAccessor56.invoke(Unknown Source)
	at java.base/jdk.internal.reflect.DelegatingMethodAccessorImpl.invoke(DelegatingMethodAccessorImpl.java:43)
	at java.base/java.lang.reflect.Method.invoke(Method.java:569)
	at games.strategy.engine.message.unifiedmessenger.EndPoint.invokeSingle(EndPoint.java:137)
	at games.strategy.engine.message.unifiedmessenger.EndPoint.lambda$invokeMultiple$0(EndPoint.java:121)
	at java.base/java.util.stream.ReferencePipeline$3$1.accept(ReferencePipeline.java:197)
	at java.base/java.util.Spliterators$ArraySpliterator.forEachRemaining(Spliterators.java:992)
	at java.base/java.util.stream.AbstractPipeline.copyInto(AbstractPipeline.java:509)
	at java.base/java.util.stream.AbstractPipeline.wrapAndCopyInto(AbstractPipeline.java:499)
	at java.base/java.util.stream.ReduceOps$ReduceOp.evaluateSequential(ReduceOps.java:921)
	at java.base/java.util.stream.AbstractPipeline.evaluate(AbstractPipeline.java:234)
	at java.base/java.util.stream.ReferencePipeline.collect(ReferencePipeline.java:682)
	at games.strategy.engine.message.unifiedmessenger.EndPoint.invokeMultiple(EndPoint.java:122)
	at games.strategy.engine.message.unifiedmessenger.EndPoint.invokeLocal(EndPoint.java:112)
	at games.strategy.engine.message.unifiedmessenger.UnifiedMessenger.invoke(UnifiedMessenger.java:153)
	at games.strategy.engine.message.UnifiedInvocationHandler.invoke(UnifiedInvocationHandler.java:47)
	at jdk.proxy2/jdk.proxy2.$Proxy25.playSoundForAll(Unknown Source)
	at jdk.internal.reflect.GeneratedMethodAccessor55.invoke(Unknown Source)
	at java.base/jdk.internal.reflect.DelegatingMethodAccessorImpl.invoke(DelegatingMethodAccessorImpl.java:43)
	at java.base/java.lang.reflect.Method.invoke(Method.java:569)
	at games.strategy.engine.delegate.DelegateExecutionManager.lambda$newOutboundImplementation$1(DelegateExecutionManager.java:79)
	at jdk.proxy2/jdk.proxy2.$Proxy25.playSoundForAll(Unknown Source)
	at games.strategy.triplea.delegate.AbstractPlaceDelegate.placeUnits(AbstractPlaceDelegate.java:302)
	at games.strategy.triplea.delegate.AbstractPlaceDelegate.placeUnits(AbstractPlaceDelegate.java:201)
	at jdk.internal.reflect.GeneratedMethodAccessor54.invoke(Unknown Source)
	at java.base/jdk.internal.reflect.DelegatingMethodAccessorImpl.invoke(DelegatingMethodAccessorImpl.java:43)
	at java.base/java.lang.reflect.Method.invoke(Method.java:569)
	at games.strategy.engine.delegate.DelegateExecutionManager$1.invoke(DelegateExecutionManager.java:120)
	at jdk.proxy2/jdk.proxy2.$Proxy16.placeUnits(Unknown Source)
	at jdk.internal.reflect.GeneratedMethodAccessor62.invoke(Unknown Source)
	at java.base/jdk.internal.reflect.DelegatingMethodAccessorImpl.invoke(DelegatingMethodAccessorImpl.java:43)
	at java.base/java.lang.reflect.Method.invoke(Method.java:569)
	at games.strategy.engine.message.unifiedmessenger.EndPoint.invokeSingle(EndPoint.java:137)
	at games.strategy.engine.message.unifiedmessenger.EndPoint.lambda$invokeMultiple$0(EndPoint.java:121)
	at java.base/java.util.stream.ReferencePipeline$3$1.accept(ReferencePipeline.java:197)
	at java.base/java.util.Spliterators$ArraySpliterator.forEachRemaining(Spliterators.java:992)
	at java.base/java.util.stream.AbstractPipeline.copyInto(AbstractPipeline.java:509)
	at java.base/java.util.stream.AbstractPipeline.wrapAndCopyInto(AbstractPipeline.java:499)
	at java.base/java.util.stream.ReduceOps$ReduceOp.evaluateSequential(ReduceOps.java:921)
	at java.base/java.util.stream.AbstractPipeline.evaluate(AbstractPipeline.java:234)
	at java.base/java.util.stream.ReferencePipeline.collect(ReferencePipeline.java:682)
	at games.strategy.engine.message.unifiedmessenger.EndPoint.invokeMultiple(EndPoint.java:122)
	at games.strategy.engine.message.unifiedmessenger.EndPoint.invokeLocal(EndPoint.java:112)
	at games.strategy.engine.message.unifiedmessenger.UnifiedMessenger.invokeAndWait(UnifiedMessenger.java:97)
	at games.strategy.engine.message.UnifiedInvocationHandler.invoke(UnifiedInvocationHandler.java:55)
	at jdk.proxy2/jdk.proxy2.$Proxy16.placeUnits(Unknown Source)
	at jdk.internal.reflect.GeneratedMethodAccessor54.invoke(Unknown Source)
	at java.base/jdk.internal.reflect.DelegatingMethodAccessorImpl.invoke(DelegatingMethodAccessorImpl.java:43)
	at java.base/java.lang.reflect.Method.invoke(Method.java:569)
	at games.strategy.engine.player.PlayerBridge$GameOverInvocationHandler.invoke(PlayerBridge.java:151)
	at jdk.proxy2/jdk.proxy2.$Proxy16.placeUnits(Unknown Source)
	at games.strategy.triplea.ai.tripleMind.ProPurchaseAi.doPlace(ProPurchaseAi.java:2627)
	at games.strategy.triplea.ai.tripleMind.ProPurchaseAi.placeUnits(ProPurchaseAi.java:2545)
	at games.strategy.triplea.ai.tripleMind.ProPurchaseAi.place(ProPurchaseAi.java:562)
	at games.strategy.triplea.ai.tripleMind.AbstractTripleMindAi.place(AbstractTripleMindAi.java:380)
	at games.strategy.triplea.ai.AbstractAi.start(AbstractAi.java:531)
	at games.strategy.engine.framework.ServerGame.waitForPlayerToFinishStep(ServerGame.java:648)
	at games.strategy.engine.framework.ServerGame.runStep(ServerGame.java:478)
	at games.strategy.engine.framework.ServerGame.runNextStep(ServerGame.java:365)
	at games.strategy.engine.framework.ServerGame.startGame(ServerGame.java:333)
	at games.strategy.engine.framework.startup.launcher.LocalLauncher.launchInternal(LocalLauncher.java:92)
	at games.strategy.engine.framework.startup.launcher.LocalLauncher.lambda$launch$0(LocalLauncher.java:60)
	at java.base/java.lang.Thread.run(Thread.java:840)
66634 23:57:15.798 [Thread-8] INFO  org.triplea.sound.ClipPlayer - Unable to create audio device, is there audio on the system? Cannot create AudioDevice
javazoom.jl.decoder.JavaLayerException: Cannot create AudioDevice
	at javazoom.jl.player.FactoryRegistry.createAudioDevice(FactoryRegistry.java:97)
	at org.triplea.sound.ClipPlayer.hasAudio(ClipPlayer.java:144)
	at org.triplea.sound.ClipPlayer.isSoundEnabled(ClipPlayer.java:251)
	at org.triplea.sound.ClipPlayer.play(ClipPlayer.java:220)
	at org.triplea.sound.DefaultSoundChannel.playSoundForAll(DefaultSoundChannel.java:22)
	at jdk.internal.reflect.GeneratedMethodAccessor56.invoke(Unknown Source)
	at java.base/jdk.internal.reflect.DelegatingMethodAccessorImpl.invoke(DelegatingMethodAccessorImpl.java:43)
	at java.base/java.lang.reflect.Method.invoke(Method.java:569)
	at games.strategy.engine.message.unifiedmessenger.EndPoint.invokeSingle(EndPoint.java:137)
	at games.strategy.engine.message.unifiedmessenger.EndPoint.lambda$invokeMultiple$0(EndPoint.java:121)
	at java.base/java.util.stream.ReferencePipeline$3$1.accept(ReferencePipeline.java:197)
	at java.base/java.util.Spliterators$ArraySpliterator.forEachRemaining(Spliterators.java:992)
	at java.base/java.util.stream.AbstractPipeline.copyInto(AbstractPipeline.java:509)
	at java.base/java.util.stream.AbstractPipeline.wrapAndCopyInto(AbstractPipeline.java:499)
	at java.base/java.util.stream.ReduceOps$ReduceOp.evaluateSequential(ReduceOps.java:921)
	at java.base/java.util.stream.AbstractPipeline.evaluate(AbstractPipeline.java:234)
	at java.base/java.util.stream.ReferencePipeline.collect(ReferencePipeline.java:682)
	at games.strategy.engine.message.unifiedmessenger.EndPoint.invokeMultiple(EndPoint.java:122)
	at games.strategy.engine.message.unifiedmessenger.EndPoint.invokeLocal(EndPoint.java:112)
	at games.strategy.engine.message.unifiedmessenger.UnifiedMessenger.invoke(UnifiedMessenger.java:153)
	at games.strategy.engine.message.UnifiedInvocationHandler.invoke(UnifiedInvocationHandler.java:47)
	at jdk.proxy2/jdk.proxy2.$Proxy25.playSoundForAll(Unknown Source)
	at jdk.internal.reflect.GeneratedMethodAccessor55.invoke(Unknown Source)
	at java.base/jdk.internal.reflect.DelegatingMethodAccessorImpl.invoke(DelegatingMethodAccessorImpl.java:43)
	at java.base/java.lang.reflect.Method.invoke(Method.java:569)
	at games.strategy.engine.delegate.DelegateExecutionManager.lambda$newOutboundImplementation$1(DelegateExecutionManager.java:79)
	at jdk.proxy2/jdk.proxy2.$Proxy25.playSoundForAll(Unknown Source)
	at org.triplea.sound.SoundUtils.playBattleType(SoundUtils.java:42)
	at games.strategy.triplea.delegate.battle.MustFightBattle.fight(MustFightBattle.java:686)
	at games.strategy.triplea.delegate.battle.BattleTracker.fightBattleIfOnlyOne(BattleTracker.java:1300)
	at games.strategy.triplea.delegate.battle.BattleDelegate.start(BattleDelegate.java:125)
	at games.strategy.engine.framework.ServerGame.startStep(ServerGame.java:611)
	at games.strategy.engine.framework.ServerGame.runStep(ServerGame.java:471)
	at games.strategy.engine.framework.ServerGame.runNextStep(ServerGame.java:365)
	at games.strategy.engine.framework.ServerGame.startGame(ServerGame.java:333)
	at games.strategy.engine.framework.startup.launcher.LocalLauncher.launchInternal(LocalLauncher.java:92)
	at games.strategy.engine.framework.startup.launcher.LocalLauncher.lambda$launch$0(LocalLauncher.java:60)
	at java.base/java.lang.Thread.run(Thread.java:840)
72942 23:57:22.106 [Thread-8] INFO  org.triplea.sound.ClipPlayer - Unable to create audio device, is there audio on the system? Cannot create AudioDevice
javazoom.jl.decoder.JavaLayerException: Cannot create AudioDevice
	at javazoom.jl.player.FactoryRegistry.createAudioDevice(FactoryRegistry.java:97)
	at org.triplea.sound.ClipPlayer.hasAudio(ClipPlayer.java:144)
	at org.triplea.sound.ClipPlayer.isSoundEnabled(ClipPlayer.java:251)
	at org.triplea.sound.ClipPlayer.play(ClipPlayer.java:220)
	at org.triplea.sound.DefaultSoundChannel.playSoundForAll(DefaultSoundChannel.java:22)
	at jdk.internal.reflect.GeneratedMethodAccessor56.invoke(Unknown Source)
	at java.base/jdk.internal.reflect.DelegatingMethodAccessorImpl.invoke(DelegatingMethodAccessorImpl.java:43)
	at java.base/java.lang.reflect.Method.invoke(Method.java:569)
	at games.strategy.engine.message.unifiedmessenger.EndPoint.invokeSingle(EndPoint.java:137)
	at games.strategy.engine.message.unifiedmessenger.EndPoint.lambda$invokeMultiple$0(EndPoint.java:121)
	at java.base/java.util.stream.ReferencePipeline$3$1.accept(ReferencePipeline.java:197)
	at java.base/java.util.Spliterators$ArraySpliterator.forEachRemaining(Spliterators.java:992)
	at java.base/java.util.stream.AbstractPipeline.copyInto(AbstractPipeline.java:509)
	at java.base/java.util.stream.AbstractPipeline.wrapAndCopyInto(AbstractPipeline.java:499)
	at java.base/java.util.stream.ReduceOps$ReduceOp.evaluateSequential(ReduceOps.java:921)
	at java.base/java.util.stream.AbstractPipeline.evaluate(AbstractPipeline.java:234)
	at java.base/java.util.stream.ReferencePipeline.collect(ReferencePipeline.java:682)
	at games.strategy.engine.message.unifiedmessenger.EndPoint.invokeMultiple(EndPoint.java:122)
	at games.strategy.engine.message.unifiedmessenger.EndPoint.invokeLocal(EndPoint.java:112)
	at games.strategy.engine.message.unifiedmessenger.UnifiedMessenger.invoke(UnifiedMessenger.java:153)
	at games.strategy.engine.message.UnifiedInvocationHandler.invoke(UnifiedInvocationHandler.java:47)
	at jdk.proxy2/jdk.proxy2.$Proxy25.playSoundForAll(Unknown Source)
	at jdk.internal.reflect.GeneratedMethodAccessor55.invoke(Unknown Source)
	at java.base/jdk.internal.reflect.DelegatingMethodAccessorImpl.invoke(DelegatingMethodAccessorImpl.java:43)
	at java.base/java.lang.reflect.Method.invoke(Method.java:569)
	at games.strategy.engine.delegate.DelegateExecutionManager.lambda$newOutboundImplementation$1(DelegateExecutionManager.java:79)
	at jdk.proxy2/jdk.proxy2.$Proxy25.playSoundForAll(Unknown Source)
	at games.strategy.triplea.delegate.battle.BattleTracker.takeOver(BattleTracker.java:794)
	at games.strategy.triplea.delegate.battle.MustFightBattle.attackerWins(MustFightBattle.java:1430)
	at games.strategy.triplea.delegate.battle.MustFightBattle.endBattle(MustFightBattle.java:462)
	at games.strategy.triplea.delegate.battle.steps.change.CheckGeneralBattleEnd.execute(CheckGeneralBattleEnd.java:64)
	at games.strategy.triplea.delegate.ExecutionStack.execute(ExecutionStack.java:34)
	at games.strategy.triplea.delegate.battle.MustFightBattle.fight(MustFightBattle.java:690)
	at games.strategy.triplea.delegate.battle.BattleTracker.fightBattleIfOnlyOne(BattleTracker.java:1300)
	at games.strategy.triplea.delegate.battle.BattleDelegate.start(BattleDelegate.java:125)
	at games.strategy.engine.framework.ServerGame.startStep(ServerGame.java:611)
	at games.strategy.engine.framework.ServerGame.runStep(ServerGame.java:471)
	at games.strategy.engine.framework.ServerGame.runNextStep(ServerGame.java:365)
	at games.strategy.engine.framework.ServerGame.startGame(ServerGame.java:333)
	at games.strategy.engine.framework.startup.launcher.LocalLauncher.launchInternal(LocalLauncher.java:92)
	at games.strategy.engine.framework.startup.launcher.LocalLauncher.lambda$launch$0(LocalLauncher.java:60)
	at java.base/java.lang.Thread.run(Thread.java:840)
75256 23:57:24.420 [Thread-8] INFO  org.triplea.sound.ClipPlayer - Unable to create audio device, is there audio on the system? Cannot create AudioDevice
javazoom.jl.decoder.JavaLayerException: Cannot create AudioDevice
	at javazoom.jl.player.FactoryRegistry.createAudioDevice(FactoryRegistry.java:97)
	at org.triplea.sound.ClipPlayer.hasAudio(ClipPlayer.java:144)
	at org.triplea.sound.ClipPlayer.isSoundEnabled(ClipPlayer.java:251)
	at org.triplea.sound.ClipPlayer.play(ClipPlayer.java:220)
	at org.triplea.sound.DefaultSoundChannel.playSoundForAll(DefaultSoundChannel.java:22)
	at jdk.internal.reflect.GeneratedMethodAccessor56.invoke(Unknown Source)
	at java.base/jdk.internal.reflect.DelegatingMethodAccessorImpl.invoke(DelegatingMethodAccessorImpl.java:43)
	at java.base/java.lang.reflect.Method.invoke(Method.java:569)
	at games.strategy.engine.message.unifiedmessenger.EndPoint.invokeSingle(EndPoint.java:137)
	at games.strategy.engine.message.unifiedmessenger.EndPoint.lambda$invokeMultiple$0(EndPoint.java:121)
	at java.base/java.util.stream.ReferencePipeline$3$1.accept(ReferencePipeline.java:197)
	at java.base/java.util.Spliterators$ArraySpliterator.forEachRemaining(Spliterators.java:992)
	at java.base/java.util.stream.AbstractPipeline.copyInto(AbstractPipeline.java:509)
	at java.base/java.util.stream.AbstractPipeline.wrapAndCopyInto(AbstractPipeline.java:499)
	at java.base/java.util.stream.ReduceOps$ReduceOp.evaluateSequential(ReduceOps.java:921)
	at java.base/java.util.stream.AbstractPipeline.evaluate(AbstractPipeline.java:234)
	at java.base/java.util.stream.ReferencePipeline.collect(ReferencePipeline.java:682)
	at games.strategy.engine.message.unifiedmessenger.EndPoint.invokeMultiple(EndPoint.java:122)
	at games.strategy.engine.message.unifiedmessenger.EndPoint.invokeLocal(EndPoint.java:112)
	at games.strategy.engine.message.unifiedmessenger.UnifiedMessenger.invoke(UnifiedMessenger.java:153)
	at games.strategy.engine.message.UnifiedInvocationHandler.invoke(UnifiedInvocationHandler.java:47)
	at jdk.proxy2/jdk.proxy2.$Proxy25.playSoundForAll(Unknown Source)
	at jdk.internal.reflect.GeneratedMethodAccessor55.invoke(Unknown Source)
	at java.base/jdk.internal.reflect.DelegatingMethodAccessorImpl.invoke(DelegatingMethodAccessorImpl.java:43)
	at java.base/java.lang.reflect.Method.invoke(Method.java:569)
	at games.strategy.engine.delegate.DelegateExecutionManager.lambda$newOutboundImplementation$1(DelegateExecutionManager.java:79)
	at jdk.proxy2/jdk.proxy2.$Proxy25.playSoundForAll(Unknown Source)
	at games.strategy.triplea.delegate.AbstractPlaceDelegate.placeUnits(AbstractPlaceDelegate.java:302)
	at games.strategy.triplea.delegate.AbstractPlaceDelegate.placeUnits(AbstractPlaceDelegate.java:201)
	at jdk.internal.reflect.GeneratedMethodAccessor54.invoke(Unknown Source)
	at java.base/jdk.internal.reflect.DelegatingMethodAccessorImpl.invoke(DelegatingMethodAccessorImpl.java:43)
	at java.base/java.lang.reflect.Method.invoke(Method.java:569)
	at games.strategy.engine.delegate.DelegateExecutionManager$1.invoke(DelegateExecutionManager.java:120)
	at jdk.proxy2/jdk.proxy2.$Proxy16.placeUnits(Unknown Source)
	at jdk.internal.reflect.GeneratedMethodAccessor62.invoke(Unknown Source)
	at java.base/jdk.internal.reflect.DelegatingMethodAccessorImpl.invoke(DelegatingMethodAccessorImpl.java:43)
	at java.base/java.lang.reflect.Method.invoke(Method.java:569)
	at games.strategy.engine.message.unifiedmessenger.EndPoint.invokeSingle(EndPoint.java:137)
	at games.strategy.engine.message.unifiedmessenger.EndPoint.lambda$invokeMultiple$0(EndPoint.java:121)
	at java.base/java.util.stream.ReferencePipeline$3$1.accept(ReferencePipeline.java:197)
	at java.base/java.util.Spliterators$ArraySpliterator.forEachRemaining(Spliterators.java:992)
	at java.base/java.util.stream.AbstractPipeline.copyInto(AbstractPipeline.java:509)
	at java.base/java.util.stream.AbstractPipeline.wrapAndCopyInto(AbstractPipeline.java:499)
	at java.base/java.util.stream.ReduceOps$ReduceOp.evaluateSequential(ReduceOps.java:921)
	at java.base/java.util.stream.AbstractPipeline.evaluate(AbstractPipeline.java:234)
	at java.base/java.util.stream.ReferencePipeline.collect(ReferencePipeline.java:682)
	at games.strategy.engine.message.unifiedmessenger.EndPoint.invokeMultiple(EndPoint.java:122)
	at games.strategy.engine.message.unifiedmessenger.EndPoint.invokeLocal(EndPoint.java:112)
	at games.strategy.engine.message.unifiedmessenger.UnifiedMessenger.invokeAndWait(UnifiedMessenger.java:97)
	at games.strategy.engine.message.UnifiedInvocationHandler.invoke(UnifiedInvocationHandler.java:55)
	at jdk.proxy2/jdk.proxy2.$Proxy16.placeUnits(Unknown Source)
	at jdk.internal.reflect.GeneratedMethodAccessor54.invoke(Unknown Source)
	at java.base/jdk.internal.reflect.DelegatingMethodAccessorImpl.invoke(DelegatingMethodAccessorImpl.java:43)
	at java.base/java.lang.reflect.Method.invoke(Method.java:569)
	at games.strategy.engine.player.PlayerBridge$GameOverInvocationHandler.invoke(PlayerBridge.java:151)
	at jdk.proxy2/jdk.proxy2.$Proxy16.placeUnits(Unknown Source)
	at games.strategy.triplea.ai.weak.WeakAi.doPlace(WeakAi.java:1110)
	at games.strategy.triplea.ai.weak.WeakAi.placeAllWeCanOn(WeakAi.java:1104)
	at games.strategy.triplea.ai.weak.WeakAi.lambda$place$15(WeakAi.java:1054)
	at java.base/java.util.Optional.ifPresent(Optional.java:178)
	at games.strategy.triplea.ai.weak.WeakAi.place(WeakAi.java:1054)
	at games.strategy.triplea.ai.AbstractAi.start(AbstractAi.java:531)
	at games.strategy.engine.framework.ServerGame.waitForPlayerToFinishStep(ServerGame.java:648)
	at games.strategy.engine.framework.ServerGame.runStep(ServerGame.java:478)
	at games.strategy.engine.framework.ServerGame.runNextStep(ServerGame.java:365)
	at games.strategy.engine.framework.ServerGame.startGame(ServerGame.java:333)
	at games.strategy.engine.framework.startup.launcher.LocalLauncher.launchInternal(LocalLauncher.java:92)
	at games.strategy.engine.framework.startup.launcher.LocalLauncher.lambda$launch$0(LocalLauncher.java:60)
	at java.base/java.lang.Thread.run(Thread.java:840)
78608 23:57:27.772 [Thread-8] INFO  org.triplea.sound.ClipPlayer - Unable to create audio device, is there audio on the system? Cannot create AudioDevice
javazoom.jl.decoder.JavaLayerException: Cannot create AudioDevice
	at javazoom.jl.player.FactoryRegistry.createAudioDevice(FactoryRegistry.java:97)
	at org.triplea.sound.ClipPlayer.hasAudio(ClipPlayer.java:144)
	at org.triplea.sound.ClipPlayer.isSoundEnabled(ClipPlayer.java:251)
	at org.triplea.sound.ClipPlayer.play(ClipPlayer.java:220)
	at org.triplea.sound.DefaultSoundChannel.playSoundForAll(DefaultSoundChannel.java:22)
	at jdk.internal.reflect.GeneratedMethodAccessor56.invoke(Unknown Source)
	at java.base/jdk.internal.reflect.DelegatingMethodAccessorImpl.invoke(DelegatingMethodAccessorImpl.java:43)
	at java.base/java.lang.reflect.Method.invoke(Method.java:569)
	at games.strategy.engine.message.unifiedmessenger.EndPoint.invokeSingle(EndPoint.java:137)
	at games.strategy.engine.message.unifiedmessenger.EndPoint.lambda$invokeMultiple$0(EndPoint.java:121)
	at java.base/java.util.stream.ReferencePipeline$3$1.accept(ReferencePipeline.java:197)
	at java.base/java.util.Spliterators$ArraySpliterator.forEachRemaining(Spliterators.java:992)
	at java.base/java.util.stream.AbstractPipeline.copyInto(AbstractPipeline.java:509)
	at java.base/java.util.stream.AbstractPipeline.wrapAndCopyInto(AbstractPipeline.java:499)
	at java.base/java.util.stream.ReduceOps$ReduceOp.evaluateSequential(ReduceOps.java:921)
	at java.base/java.util.stream.AbstractPipeline.evaluate(AbstractPipeline.java:234)
	at java.base/java.util.stream.ReferencePipeline.collect(ReferencePipeline.java:682)
	at games.strategy.engine.message.unifiedmessenger.EndPoint.invokeMultiple(EndPoint.java:122)
	at games.strategy.engine.message.unifiedmessenger.EndPoint.invokeLocal(EndPoint.java:112)
	at games.strategy.engine.message.unifiedmessenger.UnifiedMessenger.invoke(UnifiedMessenger.java:153)
	at games.strategy.engine.message.UnifiedInvocationHandler.invoke(UnifiedInvocationHandler.java:47)
	at jdk.proxy2/jdk.proxy2.$Proxy25.playSoundForAll(Unknown Source)
	at jdk.internal.reflect.GeneratedMethodAccessor55.invoke(Unknown Source)
	at java.base/jdk.internal.reflect.DelegatingMethodAccessorImpl.invoke(DelegatingMethodAccessorImpl.java:43)
	at java.base/java.lang.reflect.Method.invoke(Method.java:569)
	at games.strategy.engine.delegate.DelegateExecutionManager.lambda$newOutboundImplementation$1(DelegateExecutionManager.java:79)
	at jdk.proxy2/jdk.proxy2.$Proxy25.playSoundForAll(Unknown Source)
	at games.strategy.triplea.delegate.AbstractPlaceDelegate.placeUnits(AbstractPlaceDelegate.java:302)
	at games.strategy.triplea.delegate.AbstractPlaceDelegate.placeUnits(AbstractPlaceDelegate.java:201)
	at jdk.internal.reflect.GeneratedMethodAccessor54.invoke(Unknown Source)
	at java.base/jdk.internal.reflect.DelegatingMethodAccessorImpl.invoke(DelegatingMethodAccessorImpl.java:43)
	at java.base/java.lang.reflect.Method.invoke(Method.java:569)
	at games.strategy.engine.delegate.DelegateExecutionManager$1.invoke(DelegateExecutionManager.java:120)
	at jdk.proxy2/jdk.proxy2.$Proxy16.placeUnits(Unknown Source)
	at jdk.internal.reflect.GeneratedMethodAccessor62.invoke(Unknown Source)
	at java.base/jdk.internal.reflect.DelegatingMethodAccessorImpl.invoke(DelegatingMethodAccessorImpl.java:43)
	at java.base/java.lang.reflect.Method.invoke(Method.java:569)
	at games.strategy.engine.message.unifiedmessenger.EndPoint.invokeSingle(EndPoint.java:137)
	at games.strategy.engine.message.unifiedmessenger.EndPoint.lambda$invokeMultiple$0(EndPoint.java:121)
	at java.base/java.util.stream.ReferencePipeline$3$1.accept(ReferencePipeline.java:197)
	at java.base/java.util.Spliterators$ArraySpliterator.forEachRemaining(Spliterators.java:992)
	at java.base/java.util.stream.AbstractPipeline.copyInto(AbstractPipeline.java:509)
	at java.base/java.util.stream.AbstractPipeline.wrapAndCopyInto(AbstractPipeline.java:499)
	at java.base/java.util.stream.ReduceOps$ReduceOp.evaluateSequential(ReduceOps.java:921)
	at java.base/java.util.stream.AbstractPipeline.evaluate(AbstractPipeline.java:234)
	at java.base/java.util.stream.ReferencePipeline.collect(ReferencePipeline.java:682)
	at games.strategy.engine.message.unifiedmessenger.EndPoint.invokeMultiple(EndPoint.java:122)
	at games.strategy.engine.message.unifiedmessenger.EndPoint.invokeLocal(EndPoint.java:112)
	at games.strategy.engine.message.unifiedmessenger.UnifiedMessenger.invokeAndWait(UnifiedMessenger.java:97)
	at games.strategy.engine.message.UnifiedInvocationHandler.invoke(UnifiedInvocationHandler.java:55)
	at jdk.proxy2/jdk.proxy2.$Proxy16.placeUnits(Unknown Source)
	at jdk.internal.reflect.GeneratedMethodAccessor54.invoke(Unknown Source)
	at java.base/jdk.internal.reflect.DelegatingMethodAccessorImpl.invoke(DelegatingMethodAccessorImpl.java:43)
	at java.base/java.lang.reflect.Method.invoke(Method.java:569)
	at games.strategy.engine.player.PlayerBridge$GameOverInvocationHandler.invoke(PlayerBridge.java:151)
	at jdk.proxy2/jdk.proxy2.$Proxy16.placeUnits(Unknown Source)
	at games.strategy.triplea.ai.weak.WeakAi.doPlace(WeakAi.java:1110)
	at games.strategy.triplea.ai.weak.WeakAi.placeAllWeCanOn(WeakAi.java:1104)
	at games.strategy.triplea.ai.weak.WeakAi.lambda$place$15(WeakAi.java:1054)
	at java.base/java.util.Optional.ifPresent(Optional.java:178)
	at games.strategy.triplea.ai.weak.WeakAi.place(WeakAi.java:1054)
	at games.strategy.triplea.ai.AbstractAi.start(AbstractAi.java:531)
	at games.strategy.engine.framework.ServerGame.waitForPlayerToFinishStep(ServerGame.java:648)
	at games.strategy.engine.framework.ServerGame.runStep(ServerGame.java:478)
	at games.strategy.engine.framework.ServerGame.runNextStep(ServerGame.java:365)
	at games.strategy.engine.framework.ServerGame.startGame(ServerGame.java:333)
	at games.strategy.engine.framework.startup.launcher.LocalLauncher.launchInternal(LocalLauncher.java:92)
	at games.strategy.engine.framework.startup.launcher.LocalLauncher.lambda$launch$0(LocalLauncher.java:60)
	at java.base/java.lang.Thread.run(Thread.java:840)
79497 23:57:28.661 [Thread-8] INFO  org.triplea.sound.ClipPlayer - Unable to create audio device, is there audio on the system? Cannot create AudioDevice
javazoom.jl.decoder.JavaLayerException: Cannot create AudioDevice
	at javazoom.jl.player.FactoryRegistry.createAudioDevice(FactoryRegistry.java:97)
	at org.triplea.sound.ClipPlayer.hasAudio(ClipPlayer.java:144)
	at org.triplea.sound.ClipPlayer.isSoundEnabled(ClipPlayer.java:251)
	at org.triplea.sound.ClipPlayer.play(ClipPlayer.java:220)
	at org.triplea.sound.DefaultSoundChannel.playSoundForAll(DefaultSoundChannel.java:22)
	at jdk.internal.reflect.GeneratedMethodAccessor56.invoke(Unknown Source)
	at java.base/jdk.internal.reflect.DelegatingMethodAccessorImpl.invoke(DelegatingMethodAccessorImpl.java:43)
	at java.base/java.lang.reflect.Method.invoke(Method.java:569)
	at games.strategy.engine.message.unifiedmessenger.EndPoint.invokeSingle(EndPoint.java:137)
	at games.strategy.engine.message.unifiedmessenger.EndPoint.lambda$invokeMultiple$0(EndPoint.java:121)
	at java.base/java.util.stream.ReferencePipeline$3$1.accept(ReferencePipeline.java:197)
	at java.base/java.util.Spliterators$ArraySpliterator.forEachRemaining(Spliterators.java:992)
	at java.base/java.util.stream.AbstractPipeline.copyInto(AbstractPipeline.java:509)
	at java.base/java.util.stream.AbstractPipeline.wrapAndCopyInto(AbstractPipeline.java:499)
	at java.base/java.util.stream.ReduceOps$ReduceOp.evaluateSequential(ReduceOps.java:921)
	at java.base/java.util.stream.AbstractPipeline.evaluate(AbstractPipeline.java:234)
	at java.base/java.util.stream.ReferencePipeline.collect(ReferencePipeline.java:682)
	at games.strategy.engine.message.unifiedmessenger.EndPoint.invokeMultiple(EndPoint.java:122)
	at games.strategy.engine.message.unifiedmessenger.EndPoint.invokeLocal(EndPoint.java:112)
	at games.strategy.engine.message.unifiedmessenger.UnifiedMessenger.invoke(UnifiedMessenger.java:153)
	at games.strategy.engine.message.UnifiedInvocationHandler.invoke(UnifiedInvocationHandler.java:47)
	at jdk.proxy2/jdk.proxy2.$Proxy25.playSoundForAll(Unknown Source)
	at jdk.internal.reflect.GeneratedMethodAccessor55.invoke(Unknown Source)
	at java.base/jdk.internal.reflect.DelegatingMethodAccessorImpl.invoke(DelegatingMethodAccessorImpl.java:43)
	at java.base/java.lang.reflect.Method.invoke(Method.java:569)
	at games.strategy.engine.delegate.DelegateExecutionManager.lambda$newOutboundImplementation$1(DelegateExecutionManager.java:79)
	at jdk.proxy2/jdk.proxy2.$Proxy25.playSoundForAll(Unknown Source)
	at games.strategy.triplea.delegate.battle.BattleTracker.takeOver(BattleTracker.java:794)
	at games.strategy.triplea.delegate.battle.BattleTracker.addEmptyBattle(BattleTracker.java:523)
	at games.strategy.triplea.delegate.battle.BattleTracker.addBattle(BattleTracker.java:345)
	at games.strategy.triplea.delegate.battle.BattleTracker.addBattle(BattleTracker.java:293)
	at games.strategy.triplea.delegate.MovePerformer$3.execute(MovePerformer.java:267)
	at games.strategy.triplea.delegate.ExecutionStack.execute(ExecutionStack.java:34)
	at games.strategy.triplea.delegate.MovePerformer.populateStack(MovePerformer.java:324)
	at games.strategy.triplea.delegate.MovePerformer.moveUnits(MovePerformer.java:81)
	at games.strategy.triplea.delegate.MoveDelegate.performMove(MoveDelegate.java:675)
	at jdk.internal.reflect.GeneratedMethodAccessor35.invoke(Unknown Source)
	at java.base/jdk.internal.reflect.DelegatingMethodAccessorImpl.invoke(DelegatingMethodAccessorImpl.java:43)
	at java.base/java.lang.reflect.Method.invoke(Method.java:569)
	at games.strategy.engine.delegate.DelegateExecutionManager$1.invoke(DelegateExecutionManager.java:120)
	at jdk.proxy2/jdk.proxy2.$Proxy14.performMove(Unknown Source)
	at jdk.internal.reflect.GeneratedMethodAccessor46.invoke(Unknown Source)
	at java.base/jdk.internal.reflect.DelegatingMethodAccessorImpl.invoke(DelegatingMethodAccessorImpl.java:43)
	at java.base/java.lang.reflect.Method.invoke(Method.java:569)
	at games.strategy.engine.message.unifiedmessenger.EndPoint.invokeSingle(EndPoint.java:137)
	at games.strategy.engine.message.unifiedmessenger.EndPoint.lambda$invokeMultiple$0(EndPoint.java:121)
	at java.base/java.util.stream.ReferencePipeline$3$1.accept(ReferencePipeline.java:197)
	at java.base/java.util.Spliterators$ArraySpliterator.forEachRemaining(Spliterators.java:992)
	at java.base/java.util.stream.AbstractPipeline.copyInto(AbstractPipeline.java:509)
	at java.base/java.util.stream.AbstractPipeline.wrapAndCopyInto(AbstractPipeline.java:499)
	at java.base/java.util.stream.ReduceOps$ReduceOp.evaluateSequential(ReduceOps.java:921)
	at java.base/java.util.stream.AbstractPipeline.evaluate(AbstractPipeline.java:234)
	at java.base/java.util.stream.ReferencePipeline.collect(ReferencePipeline.java:682)
	at games.strategy.engine.message.unifiedmessenger.EndPoint.invokeMultiple(EndPoint.java:122)
	at games.strategy.engine.message.unifiedmessenger.EndPoint.invokeLocal(EndPoint.java:112)
	at games.strategy.engine.message.unifiedmessenger.UnifiedMessenger.invokeAndWait(UnifiedMessenger.java:97)
	at games.strategy.engine.message.UnifiedInvocationHandler.invoke(UnifiedInvocationHandler.java:55)
	at jdk.proxy2/jdk.proxy2.$Proxy14.performMove(Unknown Source)
	at jdk.internal.reflect.GeneratedMethodAccessor35.invoke(Unknown Source)
	at java.base/jdk.internal.reflect.DelegatingMethodAccessorImpl.invoke(DelegatingMethodAccessorImpl.java:43)
	at java.base/java.lang.reflect.Method.invoke(Method.java:569)
	at games.strategy.engine.player.PlayerBridge$GameOverInvocationHandler.invoke(PlayerBridge.java:151)
	at jdk.proxy2/jdk.proxy2.$Proxy14.performMove(Unknown Source)
	at games.strategy.triplea.ai.weak.WeakAi.doMove(WeakAi.java:237)
	at games.strategy.triplea.ai.weak.WeakAi.doCombatMove(WeakAi.java:152)
	at games.strategy.triplea.ai.weak.WeakAi.move(WeakAi.java:124)
	at games.strategy.triplea.ai.AbstractAi.start(AbstractAi.java:521)
	at games.strategy.engine.framework.ServerGame.waitForPlayerToFinishStep(ServerGame.java:648)
	at games.strategy.engine.framework.ServerGame.runStep(ServerGame.java:478)
	at games.strategy.engine.framework.ServerGame.runNextStep(ServerGame.java:365)
	at games.strategy.engine.framework.ServerGame.startGame(ServerGame.java:333)
	at games.strategy.engine.framework.startup.launcher.LocalLauncher.launchInternal(LocalLauncher.java:92)
	at games.strategy.engine.framework.startup.launcher.LocalLauncher.lambda$launch$0(LocalLauncher.java:60)
	at java.base/java.lang.Thread.run(Thread.java:840)
82734 23:57:31.898 [Thread-8] INFO  org.triplea.sound.ClipPlayer - Unable to create audio device, is there audio on the system? Cannot create AudioDevice
javazoom.jl.decoder.JavaLayerException: Cannot create AudioDevice
	at javazoom.jl.player.FactoryRegistry.createAudioDevice(FactoryRegistry.java:97)
	at org.triplea.sound.ClipPlayer.hasAudio(ClipPlayer.java:144)
	at org.triplea.sound.ClipPlayer.isSoundEnabled(ClipPlayer.java:251)
	at org.triplea.sound.ClipPlayer.play(ClipPlayer.java:220)
	at org.triplea.sound.DefaultSoundChannel.playSoundForAll(DefaultSoundChannel.java:22)
	at jdk.internal.reflect.GeneratedMethodAccessor56.invoke(Unknown Source)
	at java.base/jdk.internal.reflect.DelegatingMethodAccessorImpl.invoke(DelegatingMethodAccessorImpl.java:43)
	at java.base/java.lang.reflect.Method.invoke(Method.java:569)
	at games.strategy.engine.message.unifiedmessenger.EndPoint.invokeSingle(EndPoint.java:137)
	at games.strategy.engine.message.unifiedmessenger.EndPoint.lambda$invokeMultiple$0(EndPoint.java:121)
	at java.base/java.util.stream.ReferencePipeline$3$1.accept(ReferencePipeline.java:197)
	at java.base/java.util.Spliterators$ArraySpliterator.forEachRemaining(Spliterators.java:992)
	at java.base/java.util.stream.AbstractPipeline.copyInto(AbstractPipeline.java:509)
	at java.base/java.util.stream.AbstractPipeline.wrapAndCopyInto(AbstractPipeline.java:499)
	at java.base/java.util.stream.ReduceOps$ReduceOp.evaluateSequential(ReduceOps.java:921)
	at java.base/java.util.stream.AbstractPipeline.evaluate(AbstractPipeline.java:234)
	at java.base/java.util.stream.ReferencePipeline.collect(ReferencePipeline.java:682)
	at games.strategy.engine.message.unifiedmessenger.EndPoint.invokeMultiple(EndPoint.java:122)
	at games.strategy.engine.message.unifiedmessenger.EndPoint.invokeLocal(EndPoint.java:112)
	at games.strategy.engine.message.unifiedmessenger.UnifiedMessenger.invoke(UnifiedMessenger.java:153)
	at games.strategy.engine.message.UnifiedInvocationHandler.invoke(UnifiedInvocationHandler.java:47)
	at jdk.proxy2/jdk.proxy2.$Proxy25.playSoundForAll(Unknown Source)
	at jdk.internal.reflect.GeneratedMethodAccessor55.invoke(Unknown Source)
	at java.base/jdk.internal.reflect.DelegatingMethodAccessorImpl.invoke(DelegatingMethodAccessorImpl.java:43)
	at java.base/java.lang.reflect.Method.invoke(Method.java:569)
	at games.strategy.engine.delegate.DelegateExecutionManager.lambda$newOutboundImplementation$1(DelegateExecutionManager.java:79)
	at jdk.proxy2/jdk.proxy2.$Proxy25.playSoundForAll(Unknown Source)
	at games.strategy.triplea.delegate.AbstractPlaceDelegate.placeUnits(AbstractPlaceDelegate.java:302)
	at games.strategy.triplea.delegate.AbstractPlaceDelegate.placeUnits(AbstractPlaceDelegate.java:201)
	at jdk.internal.reflect.GeneratedMethodAccessor54.invoke(Unknown Source)
	at java.base/jdk.internal.reflect.DelegatingMethodAccessorImpl.invoke(DelegatingMethodAccessorImpl.java:43)
	at java.base/java.lang.reflect.Method.invoke(Method.java:569)
	at games.strategy.engine.delegate.DelegateExecutionManager$1.invoke(DelegateExecutionManager.java:120)
	at jdk.proxy2/jdk.proxy2.$Proxy16.placeUnits(Unknown Source)
	at jdk.internal.reflect.GeneratedMethodAccessor62.invoke(Unknown Source)
	at java.base/jdk.internal.reflect.DelegatingMethodAccessorImpl.invoke(DelegatingMethodAccessorImpl.java:43)
	at java.base/java.lang.reflect.Method.invoke(Method.java:569)
	at games.strategy.engine.message.unifiedmessenger.EndPoint.invokeSingle(EndPoint.java:137)
	at games.strategy.engine.message.unifiedmessenger.EndPoint.lambda$invokeMultiple$0(EndPoint.java:121)
	at java.base/java.util.stream.ReferencePipeline$3$1.accept(ReferencePipeline.java:197)
	at java.base/java.util.Spliterators$ArraySpliterator.forEachRemaining(Spliterators.java:992)
	at java.base/java.util.stream.AbstractPipeline.copyInto(AbstractPipeline.java:509)
	at java.base/java.util.stream.AbstractPipeline.wrapAndCopyInto(AbstractPipeline.java:499)
	at java.base/java.util.stream.ReduceOps$ReduceOp.evaluateSequential(ReduceOps.java:921)
	at java.base/java.util.stream.AbstractPipeline.evaluate(AbstractPipeline.java:234)
	at java.base/java.util.stream.ReferencePipeline.collect(ReferencePipeline.java:682)
	at games.strategy.engine.message.unifiedmessenger.EndPoint.invokeMultiple(EndPoint.java:122)
	at games.strategy.engine.message.unifiedmessenger.EndPoint.invokeLocal(EndPoint.java:112)
	at games.strategy.engine.message.unifiedmessenger.UnifiedMessenger.invokeAndWait(UnifiedMessenger.java:97)
	at games.strategy.engine.message.UnifiedInvocationHandler.invoke(UnifiedInvocationHandler.java:55)
	at jdk.proxy2/jdk.proxy2.$Proxy16.placeUnits(Unknown Source)
	at jdk.internal.reflect.GeneratedMethodAccessor54.invoke(Unknown Source)
	at java.base/jdk.internal.reflect.DelegatingMethodAccessorImpl.invoke(DelegatingMethodAccessorImpl.java:43)
	at java.base/java.lang.reflect.Method.invoke(Method.java:569)
	at games.strategy.engine.player.PlayerBridge$GameOverInvocationHandler.invoke(PlayerBridge.java:151)
	at jdk.proxy2/jdk.proxy2.$Proxy16.placeUnits(Unknown Source)
	at games.strategy.triplea.ai.weak.WeakAi.doPlace(WeakAi.java:1110)
	at games.strategy.triplea.ai.weak.WeakAi.placeAllWeCanOn(WeakAi.java:1104)
	at games.strategy.triplea.ai.weak.WeakAi.lambda$place$15(WeakAi.java:1054)
	at java.base/java.util.Optional.ifPresent(Optional.java:178)
	at games.strategy.triplea.ai.weak.WeakAi.place(WeakAi.java:1054)
	at games.strategy.triplea.ai.AbstractAi.start(AbstractAi.java:531)
	at games.strategy.engine.framework.ServerGame.waitForPlayerToFinishStep(ServerGame.java:648)
	at games.strategy.engine.framework.ServerGame.runStep(ServerGame.java:478)
	at games.strategy.engine.framework.ServerGame.runNextStep(ServerGame.java:365)
	at games.strategy.engine.framework.ServerGame.startGame(ServerGame.java:333)
	at games.strategy.engine.framework.startup.launcher.LocalLauncher.launchInternal(LocalLauncher.java:92)
	at games.strategy.engine.framework.startup.launcher.LocalLauncher.lambda$launch$0(LocalLauncher.java:60)
	at java.base/java.lang.Thread.run(Thread.java:840)
87699 23:57:36.863 [Thread-8] INFO  org.triplea.sound.ClipPlayer - Unable to create audio device, is there audio on the system? Cannot create AudioDevice
javazoom.jl.decoder.JavaLayerException: Cannot create AudioDevice
	at javazoom.jl.player.FactoryRegistry.createAudioDevice(FactoryRegistry.java:97)
	at org.triplea.sound.ClipPlayer.hasAudio(ClipPlayer.java:144)
	at org.triplea.sound.ClipPlayer.isSoundEnabled(ClipPlayer.java:251)
	at org.triplea.sound.ClipPlayer.play(ClipPlayer.java:220)
	at org.triplea.sound.DefaultSoundChannel.playSoundForAll(DefaultSoundChannel.java:22)
	at jdk.internal.reflect.GeneratedMethodAccessor56.invoke(Unknown Source)
	at java.base/jdk.internal.reflect.DelegatingMethodAccessorImpl.invoke(DelegatingMethodAccessorImpl.java:43)
	at java.base/java.lang.reflect.Method.invoke(Method.java:569)
	at games.strategy.engine.message.unifiedmessenger.EndPoint.invokeSingle(EndPoint.java:137)
	at games.strategy.engine.message.unifiedmessenger.EndPoint.lambda$invokeMultiple$0(EndPoint.java:121)
	at java.base/java.util.stream.ReferencePipeline$3$1.accept(ReferencePipeline.java:197)
	at java.base/java.util.Spliterators$ArraySpliterator.forEachRemaining(Spliterators.java:992)
	at java.base/java.util.stream.AbstractPipeline.copyInto(AbstractPipeline.java:509)
	at java.base/java.util.stream.AbstractPipeline.wrapAndCopyInto(AbstractPipeline.java:499)
	at java.base/java.util.stream.ReduceOps$ReduceOp.evaluateSequential(ReduceOps.java:921)
	at java.base/java.util.stream.AbstractPipeline.evaluate(AbstractPipeline.java:234)
	at java.base/java.util.stream.ReferencePipeline.collect(ReferencePipeline.java:682)
	at games.strategy.engine.message.unifiedmessenger.EndPoint.invokeMultiple(EndPoint.java:122)
	at games.strategy.engine.message.unifiedmessenger.EndPoint.invokeLocal(EndPoint.java:112)
	at games.strategy.engine.message.unifiedmessenger.UnifiedMessenger.invoke(UnifiedMessenger.java:153)
	at games.strategy.engine.message.UnifiedInvocationHandler.invoke(UnifiedInvocationHandler.java:47)
	at jdk.proxy2/jdk.proxy2.$Proxy25.playSoundForAll(Unknown Source)
	at jdk.internal.reflect.GeneratedMethodAccessor55.invoke(Unknown Source)
	at java.base/jdk.internal.reflect.DelegatingMethodAccessorImpl.invoke(DelegatingMethodAccessorImpl.java:43)
	at java.base/java.lang.reflect.Method.invoke(Method.java:569)
	at games.strategy.engine.delegate.DelegateExecutionManager.lambda$newOutboundImplementation$1(DelegateExecutionManager.java:79)
	at jdk.proxy2/jdk.proxy2.$Proxy25.playSoundForAll(Unknown Source)
	at org.triplea.sound.SoundUtils.playBattleType(SoundUtils.java:42)
	at games.strategy.triplea.delegate.battle.MustFightBattle.fight(MustFightBattle.java:686)
	at games.strategy.triplea.delegate.battle.BattleTracker.fightBattleIfOnlyOne(BattleTracker.java:1300)
	at games.strategy.triplea.delegate.battle.BattleDelegate.start(BattleDelegate.java:125)
	at games.strategy.engine.framework.ServerGame.startStep(ServerGame.java:611)
	at games.strategy.engine.framework.ServerGame.runStep(ServerGame.java:471)
	at games.strategy.engine.framework.ServerGame.runNextStep(ServerGame.java:365)
	at games.strategy.engine.framework.ServerGame.startGame(ServerGame.java:333)
	at games.strategy.engine.framework.startup.launcher.LocalLauncher.launchInternal(LocalLauncher.java:92)
	at games.strategy.engine.framework.startup.launcher.LocalLauncher.lambda$launch$0(LocalLauncher.java:60)
	at java.base/java.lang.Thread.run(Thread.java:840)
89999 23:57:39.163 [Thread-8] INFO  org.triplea.sound.ClipPlayer - Unable to create audio device, is there audio on the system? Cannot create AudioDevice
javazoom.jl.decoder.JavaLayerException: Cannot create AudioDevice
	at javazoom.jl.player.FactoryRegistry.createAudioDevice(FactoryRegistry.java:97)
	at org.triplea.sound.ClipPlayer.hasAudio(ClipPlayer.java:144)
	at org.triplea.sound.ClipPlayer.isSoundEnabled(ClipPlayer.java:251)
	at org.triplea.sound.ClipPlayer.play(ClipPlayer.java:220)
	at org.triplea.sound.DefaultSoundChannel.playSoundForAll(DefaultSoundChannel.java:22)
	at jdk.internal.reflect.GeneratedMethodAccessor56.invoke(Unknown Source)
	at java.base/jdk.internal.reflect.DelegatingMethodAccessorImpl.invoke(DelegatingMethodAccessorImpl.java:43)
	at java.base/java.lang.reflect.Method.invoke(Method.java:569)
	at games.strategy.engine.message.unifiedmessenger.EndPoint.invokeSingle(EndPoint.java:137)
	at games.strategy.engine.message.unifiedmessenger.EndPoint.lambda$invokeMultiple$0(EndPoint.java:121)
	at java.base/java.util.stream.ReferencePipeline$3$1.accept(ReferencePipeline.java:197)
	at java.base/java.util.Spliterators$ArraySpliterator.forEachRemaining(Spliterators.java:992)
	at java.base/java.util.stream.AbstractPipeline.copyInto(AbstractPipeline.java:509)
	at java.base/java.util.stream.AbstractPipeline.wrapAndCopyInto(AbstractPipeline.java:499)
	at java.base/java.util.stream.ReduceOps$ReduceOp.evaluateSequential(ReduceOps.java:921)
	at java.base/java.util.stream.AbstractPipeline.evaluate(AbstractPipeline.java:234)
	at java.base/java.util.stream.ReferencePipeline.collect(ReferencePipeline.java:682)
	at games.strategy.engine.message.unifiedmessenger.EndPoint.invokeMultiple(EndPoint.java:122)
	at games.strategy.engine.message.unifiedmessenger.EndPoint.invokeLocal(EndPoint.java:112)
	at games.strategy.engine.message.unifiedmessenger.UnifiedMessenger.invoke(UnifiedMessenger.java:153)
	at games.strategy.engine.message.UnifiedInvocationHandler.invoke(UnifiedInvocationHandler.java:47)
	at jdk.proxy2/jdk.proxy2.$Proxy25.playSoundForAll(Unknown Source)
	at jdk.internal.reflect.GeneratedMethodAccessor55.invoke(Unknown Source)
	at java.base/jdk.internal.reflect.DelegatingMethodAccessorImpl.invoke(DelegatingMethodAccessorImpl.java:43)
	at java.base/java.lang.reflect.Method.invoke(Method.java:569)
	at games.strategy.engine.delegate.DelegateExecutionManager.lambda$newOutboundImplementation$1(DelegateExecutionManager.java:79)
	at jdk.proxy2/jdk.proxy2.$Proxy25.playSoundForAll(Unknown Source)
	at games.strategy.triplea.delegate.battle.BattleTracker.takeOver(BattleTracker.java:794)
	at games.strategy.triplea.delegate.battle.MustFightBattle.attackerWins(MustFightBattle.java:1430)
	at games.strategy.triplea.delegate.battle.MustFightBattle.endBattle(MustFightBattle.java:462)
	at games.strategy.triplea.delegate.battle.steps.change.CheckGeneralBattleEnd.execute(CheckGeneralBattleEnd.java:64)
	at games.strategy.triplea.delegate.ExecutionStack.execute(ExecutionStack.java:34)
	at games.strategy.triplea.delegate.battle.MustFightBattle.fight(MustFightBattle.java:690)
	at games.strategy.triplea.delegate.battle.BattleTracker.fightBattleIfOnlyOne(BattleTracker.java:1300)
	at games.strategy.triplea.delegate.battle.BattleDelegate.start(BattleDelegate.java:125)
	at games.strategy.engine.framework.ServerGame.startStep(ServerGame.java:611)
	at games.strategy.engine.framework.ServerGame.runStep(ServerGame.java:471)
	at games.strategy.engine.framework.ServerGame.runNextStep(ServerGame.java:365)
	at games.strategy.engine.framework.ServerGame.startGame(ServerGame.java:333)
	at games.strategy.engine.framework.startup.launcher.LocalLauncher.launchInternal(LocalLauncher.java:92)
	at games.strategy.engine.framework.startup.launcher.LocalLauncher.lambda$launch$0(LocalLauncher.java:60)
	at java.base/java.lang.Thread.run(Thread.java:840)
91254 23:57:40.418 [Thread-8] INFO  org.triplea.sound.ClipPlayer - Unable to create audio device, is there audio on the system? Cannot create AudioDevice
javazoom.jl.decoder.JavaLayerException: Cannot create AudioDevice
	at javazoom.jl.player.FactoryRegistry.createAudioDevice(FactoryRegistry.java:97)
	at org.triplea.sound.ClipPlayer.hasAudio(ClipPlayer.java:144)
	at org.triplea.sound.ClipPlayer.isSoundEnabled(ClipPlayer.java:251)
	at org.triplea.sound.ClipPlayer.play(ClipPlayer.java:220)
	at org.triplea.sound.DefaultSoundChannel.playSoundForAll(DefaultSoundChannel.java:22)
	at jdk.internal.reflect.GeneratedMethodAccessor56.invoke(Unknown Source)
	at java.base/jdk.internal.reflect.DelegatingMethodAccessorImpl.invoke(DelegatingMethodAccessorImpl.java:43)
	at java.base/java.lang.reflect.Method.invoke(Method.java:569)
	at games.strategy.engine.message.unifiedmessenger.EndPoint.invokeSingle(EndPoint.java:137)
	at games.strategy.engine.message.unifiedmessenger.EndPoint.lambda$invokeMultiple$0(EndPoint.java:121)
	at java.base/java.util.stream.ReferencePipeline$3$1.accept(ReferencePipeline.java:197)
	at java.base/java.util.Spliterators$ArraySpliterator.forEachRemaining(Spliterators.java:992)
	at java.base/java.util.stream.AbstractPipeline.copyInto(AbstractPipeline.java:509)
	at java.base/java.util.stream.AbstractPipeline.wrapAndCopyInto(AbstractPipeline.java:499)
	at java.base/java.util.stream.ReduceOps$ReduceOp.evaluateSequential(ReduceOps.java:921)
	at java.base/java.util.stream.AbstractPipeline.evaluate(AbstractPipeline.java:234)
	at java.base/java.util.stream.ReferencePipeline.collect(ReferencePipeline.java:682)
	at games.strategy.engine.message.unifiedmessenger.EndPoint.invokeMultiple(EndPoint.java:122)
	at games.strategy.engine.message.unifiedmessenger.EndPoint.invokeLocal(EndPoint.java:112)
	at games.strategy.engine.message.unifiedmessenger.UnifiedMessenger.invoke(UnifiedMessenger.java:153)
	at games.strategy.engine.message.UnifiedInvocationHandler.invoke(UnifiedInvocationHandler.java:47)
	at jdk.proxy2/jdk.proxy2.$Proxy25.playSoundForAll(Unknown Source)
	at jdk.internal.reflect.GeneratedMethodAccessor55.invoke(Unknown Source)
	at java.base/jdk.internal.reflect.DelegatingMethodAccessorImpl.invoke(DelegatingMethodAccessorImpl.java:43)
	at java.base/java.lang.reflect.Method.invoke(Method.java:569)
	at games.strategy.engine.delegate.DelegateExecutionManager.lambda$newOutboundImplementation$1(DelegateExecutionManager.java:79)
	at jdk.proxy2/jdk.proxy2.$Proxy25.playSoundForAll(Unknown Source)
	at games.strategy.triplea.delegate.AbstractPlaceDelegate.placeUnits(AbstractPlaceDelegate.java:302)
	at games.strategy.triplea.delegate.AbstractPlaceDelegate.placeUnits(AbstractPlaceDelegate.java:201)
	at jdk.internal.reflect.GeneratedMethodAccessor54.invoke(Unknown Source)
	at java.base/jdk.internal.reflect.DelegatingMethodAccessorImpl.invoke(DelegatingMethodAccessorImpl.java:43)
	at java.base/java.lang.reflect.Method.invoke(Method.java:569)
	at games.strategy.engine.delegate.DelegateExecutionManager$1.invoke(DelegateExecutionManager.java:120)
	at jdk.proxy2/jdk.proxy2.$Proxy16.placeUnits(Unknown Source)
	at jdk.internal.reflect.GeneratedMethodAccessor62.invoke(Unknown Source)
	at java.base/jdk.internal.reflect.DelegatingMethodAccessorImpl.invoke(DelegatingMethodAccessorImpl.java:43)
	at java.base/java.lang.reflect.Method.invoke(Method.java:569)
	at games.strategy.engine.message.unifiedmessenger.EndPoint.invokeSingle(EndPoint.java:137)
	at games.strategy.engine.message.unifiedmessenger.EndPoint.lambda$invokeMultiple$0(EndPoint.java:121)
	at java.base/java.util.stream.ReferencePipeline$3$1.accept(ReferencePipeline.java:197)
	at java.base/java.util.Spliterators$ArraySpliterator.forEachRemaining(Spliterators.java:992)
	at java.base/java.util.stream.AbstractPipeline.copyInto(AbstractPipeline.java:509)
	at java.base/java.util.stream.AbstractPipeline.wrapAndCopyInto(AbstractPipeline.java:499)
	at java.base/java.util.stream.ReduceOps$ReduceOp.evaluateSequential(ReduceOps.java:921)
	at java.base/java.util.stream.AbstractPipeline.evaluate(AbstractPipeline.java:234)
	at java.base/java.util.stream.ReferencePipeline.collect(ReferencePipeline.java:682)
	at games.strategy.engine.message.unifiedmessenger.EndPoint.invokeMultiple(EndPoint.java:122)
	at games.strategy.engine.message.unifiedmessenger.EndPoint.invokeLocal(EndPoint.java:112)
	at games.strategy.engine.message.unifiedmessenger.UnifiedMessenger.invokeAndWait(UnifiedMessenger.java:97)
	at games.strategy.engine.message.UnifiedInvocationHandler.invoke(UnifiedInvocationHandler.java:55)
	at jdk.proxy2/jdk.proxy2.$Proxy16.placeUnits(Unknown Source)
	at jdk.internal.reflect.GeneratedMethodAccessor54.invoke(Unknown Source)
	at java.base/jdk.internal.reflect.DelegatingMethodAccessorImpl.invoke(DelegatingMethodAccessorImpl.java:43)
	at java.base/java.lang.reflect.Method.invoke(Method.java:569)
	at games.strategy.engine.player.PlayerBridge$GameOverInvocationHandler.invoke(PlayerBridge.java:151)
	at jdk.proxy2/jdk.proxy2.$Proxy16.placeUnits(Unknown Source)
	at games.strategy.triplea.ai.tripleMind.ProPurchaseAi.doPlace(ProPurchaseAi.java:2627)
	at games.strategy.triplea.ai.tripleMind.ProPurchaseAi.placeUnits(ProPurchaseAi.java:2545)
	at games.strategy.triplea.ai.tripleMind.ProPurchaseAi.place(ProPurchaseAi.java:562)
	at games.strategy.triplea.ai.tripleMind.AbstractTripleMindAi.place(AbstractTripleMindAi.java:380)
	at games.strategy.triplea.ai.AbstractAi.start(AbstractAi.java:531)
	at games.strategy.engine.framework.ServerGame.waitForPlayerToFinishStep(ServerGame.java:648)
	at games.strategy.engine.framework.ServerGame.runStep(ServerGame.java:478)
	at games.strategy.engine.framework.ServerGame.runNextStep(ServerGame.java:365)
	at games.strategy.engine.framework.ServerGame.startGame(ServerGame.java:333)
	at games.strategy.engine.framework.startup.launcher.LocalLauncher.launchInternal(LocalLauncher.java:92)
	at games.strategy.engine.framework.startup.launcher.LocalLauncher.lambda$launch$0(LocalLauncher.java:60)
	at java.base/java.lang.Thread.run(Thread.java:840)
91379 23:57:40.543 [Thread-8] INFO  org.triplea.sound.ClipPlayer - Unable to create audio device, is there audio on the system? Cannot create AudioDevice
javazoom.jl.decoder.JavaLayerException: Cannot create AudioDevice
	at javazoom.jl.player.FactoryRegistry.createAudioDevice(FactoryRegistry.java:97)
	at org.triplea.sound.ClipPlayer.hasAudio(ClipPlayer.java:144)
	at org.triplea.sound.ClipPlayer.isSoundEnabled(ClipPlayer.java:251)
	at org.triplea.sound.ClipPlayer.play(ClipPlayer.java:220)
	at org.triplea.sound.DefaultSoundChannel.playSoundForAll(DefaultSoundChannel.java:22)
	at jdk.internal.reflect.GeneratedMethodAccessor56.invoke(Unknown Source)
	at java.base/jdk.internal.reflect.DelegatingMethodAccessorImpl.invoke(DelegatingMethodAccessorImpl.java:43)
	at java.base/java.lang.reflect.Method.invoke(Method.java:569)
	at games.strategy.engine.message.unifiedmessenger.EndPoint.invokeSingle(EndPoint.java:137)
	at games.strategy.engine.message.unifiedmessenger.EndPoint.lambda$invokeMultiple$0(EndPoint.java:121)
	at java.base/java.util.stream.ReferencePipeline$3$1.accept(ReferencePipeline.java:197)
	at java.base/java.util.Spliterators$ArraySpliterator.forEachRemaining(Spliterators.java:992)
	at java.base/java.util.stream.AbstractPipeline.copyInto(AbstractPipeline.java:509)
	at java.base/java.util.stream.AbstractPipeline.wrapAndCopyInto(AbstractPipeline.java:499)
	at java.base/java.util.stream.ReduceOps$ReduceOp.evaluateSequential(ReduceOps.java:921)
	at java.base/java.util.stream.AbstractPipeline.evaluate(AbstractPipeline.java:234)
	at java.base/java.util.stream.ReferencePipeline.collect(ReferencePipeline.java:682)
	at games.strategy.engine.message.unifiedmessenger.EndPoint.invokeMultiple(EndPoint.java:122)
	at games.strategy.engine.message.unifiedmessenger.EndPoint.invokeLocal(EndPoint.java:112)
	at games.strategy.engine.message.unifiedmessenger.UnifiedMessenger.invoke(UnifiedMessenger.java:153)
	at games.strategy.engine.message.UnifiedInvocationHandler.invoke(UnifiedInvocationHandler.java:47)
	at jdk.proxy2/jdk.proxy2.$Proxy25.playSoundForAll(Unknown Source)
	at jdk.internal.reflect.GeneratedMethodAccessor55.invoke(Unknown Source)
	at java.base/jdk.internal.reflect.DelegatingMethodAccessorImpl.invoke(DelegatingMethodAccessorImpl.java:43)
	at java.base/java.lang.reflect.Method.invoke(Method.java:569)
	at games.strategy.engine.delegate.DelegateExecutionManager.lambda$newOutboundImplementation$1(DelegateExecutionManager.java:79)
	at jdk.proxy2/jdk.proxy2.$Proxy25.playSoundForAll(Unknown Source)
	at games.strategy.triplea.delegate.AbstractPlaceDelegate.placeUnits(AbstractPlaceDelegate.java:302)
	at games.strategy.triplea.delegate.AbstractPlaceDelegate.placeUnits(AbstractPlaceDelegate.java:201)
	at jdk.internal.reflect.GeneratedMethodAccessor54.invoke(Unknown Source)
	at java.base/jdk.internal.reflect.DelegatingMethodAccessorImpl.invoke(DelegatingMethodAccessorImpl.java:43)
	at java.base/java.lang.reflect.Method.invoke(Method.java:569)
	at games.strategy.engine.delegate.DelegateExecutionManager$1.invoke(DelegateExecutionManager.java:120)
	at jdk.proxy2/jdk.proxy2.$Proxy16.placeUnits(Unknown Source)
	at jdk.internal.reflect.GeneratedMethodAccessor62.invoke(Unknown Source)
	at java.base/jdk.internal.reflect.DelegatingMethodAccessorImpl.invoke(DelegatingMethodAccessorImpl.java:43)
	at java.base/java.lang.reflect.Method.invoke(Method.java:569)
	at games.strategy.engine.message.unifiedmessenger.EndPoint.invokeSingle(EndPoint.java:137)
	at games.strategy.engine.message.unifiedmessenger.EndPoint.lambda$invokeMultiple$0(EndPoint.java:121)
	at java.base/java.util.stream.ReferencePipeline$3$1.accept(ReferencePipeline.java:197)
	at java.base/java.util.Spliterators$ArraySpliterator.forEachRemaining(Spliterators.java:992)
	at java.base/java.util.stream.AbstractPipeline.copyInto(AbstractPipeline.java:509)
	at java.base/java.util.stream.AbstractPipeline.wrapAndCopyInto(AbstractPipeline.java:499)
	at java.base/java.util.stream.ReduceOps$ReduceOp.evaluateSequential(ReduceOps.java:921)
	at java.base/java.util.stream.AbstractPipeline.evaluate(AbstractPipeline.java:234)
	at java.base/java.util.stream.ReferencePipeline.collect(ReferencePipeline.java:682)
	at games.strategy.engine.message.unifiedmessenger.EndPoint.invokeMultiple(EndPoint.java:122)
	at games.strategy.engine.message.unifiedmessenger.EndPoint.invokeLocal(EndPoint.java:112)
	at games.strategy.engine.message.unifiedmessenger.UnifiedMessenger.invokeAndWait(UnifiedMessenger.java:97)
	at games.strategy.engine.message.UnifiedInvocationHandler.invoke(UnifiedInvocationHandler.java:55)
	at jdk.proxy2/jdk.proxy2.$Proxy16.placeUnits(Unknown Source)
	at jdk.internal.reflect.GeneratedMethodAccessor54.invoke(Unknown Source)
	at java.base/jdk.internal.reflect.DelegatingMethodAccessorImpl.invoke(DelegatingMethodAccessorImpl.java:43)
	at java.base/java.lang.reflect.Method.invoke(Method.java:569)
	at games.strategy.engine.player.PlayerBridge$GameOverInvocationHandler.invoke(PlayerBridge.java:151)
	at jdk.proxy2/jdk.proxy2.$Proxy16.placeUnits(Unknown Source)
	at games.strategy.triplea.ai.tripleMind.ProPurchaseAi.doPlace(ProPurchaseAi.java:2627)
	at games.strategy.triplea.ai.tripleMind.ProPurchaseAi.placeUnits(ProPurchaseAi.java:2545)
	at games.strategy.triplea.ai.tripleMind.ProPurchaseAi.place(ProPurchaseAi.java:562)
	at games.strategy.triplea.ai.tripleMind.AbstractTripleMindAi.place(AbstractTripleMindAi.java:380)
	at games.strategy.triplea.ai.AbstractAi.start(AbstractAi.java:531)
	at games.strategy.engine.framework.ServerGame.waitForPlayerToFinishStep(ServerGame.java:648)
	at games.strategy.engine.framework.ServerGame.runStep(ServerGame.java:478)
	at games.strategy.engine.framework.ServerGame.runNextStep(ServerGame.java:365)
	at games.strategy.engine.framework.ServerGame.startGame(ServerGame.java:333)
	at games.strategy.engine.framework.startup.launcher.LocalLauncher.launchInternal(LocalLauncher.java:92)
	at games.strategy.engine.framework.startup.launcher.LocalLauncher.lambda$launch$0(LocalLauncher.java:60)
	at java.base/java.lang.Thread.run(Thread.java:840)
91503 23:57:40.667 [Thread-8] INFO  org.triplea.sound.ClipPlayer - Unable to create audio device, is there audio on the system? Cannot create AudioDevice
javazoom.jl.decoder.JavaLayerException: Cannot create AudioDevice
	at javazoom.jl.player.FactoryRegistry.createAudioDevice(FactoryRegistry.java:97)
	at org.triplea.sound.ClipPlayer.hasAudio(ClipPlayer.java:144)
	at org.triplea.sound.ClipPlayer.isSoundEnabled(ClipPlayer.java:251)
	at org.triplea.sound.ClipPlayer.play(ClipPlayer.java:220)
	at org.triplea.sound.DefaultSoundChannel.playSoundForAll(DefaultSoundChannel.java:22)
	at jdk.internal.reflect.GeneratedMethodAccessor56.invoke(Unknown Source)
	at java.base/jdk.internal.reflect.DelegatingMethodAccessorImpl.invoke(DelegatingMethodAccessorImpl.java:43)
	at java.base/java.lang.reflect.Method.invoke(Method.java:569)
	at games.strategy.engine.message.unifiedmessenger.EndPoint.invokeSingle(EndPoint.java:137)
	at games.strategy.engine.message.unifiedmessenger.EndPoint.lambda$invokeMultiple$0(EndPoint.java:121)
	at java.base/java.util.stream.ReferencePipeline$3$1.accept(ReferencePipeline.java:197)
	at java.base/java.util.Spliterators$ArraySpliterator.forEachRemaining(Spliterators.java:992)
	at java.base/java.util.stream.AbstractPipeline.copyInto(AbstractPipeline.java:509)
	at java.base/java.util.stream.AbstractPipeline.wrapAndCopyInto(AbstractPipeline.java:499)
	at java.base/java.util.stream.ReduceOps$ReduceOp.evaluateSequential(ReduceOps.java:921)
	at java.base/java.util.stream.AbstractPipeline.evaluate(AbstractPipeline.java:234)
	at java.base/java.util.stream.ReferencePipeline.collect(ReferencePipeline.java:682)
	at games.strategy.engine.message.unifiedmessenger.EndPoint.invokeMultiple(EndPoint.java:122)
	at games.strategy.engine.message.unifiedmessenger.EndPoint.invokeLocal(EndPoint.java:112)
	at games.strategy.engine.message.unifiedmessenger.UnifiedMessenger.invoke(UnifiedMessenger.java:153)
	at games.strategy.engine.message.UnifiedInvocationHandler.invoke(UnifiedInvocationHandler.java:47)
	at jdk.proxy2/jdk.proxy2.$Proxy25.playSoundForAll(Unknown Source)
	at jdk.internal.reflect.GeneratedMethodAccessor55.invoke(Unknown Source)
	at java.base/jdk.internal.reflect.DelegatingMethodAccessorImpl.invoke(DelegatingMethodAccessorImpl.java:43)
	at java.base/java.lang.reflect.Method.invoke(Method.java:569)
	at games.strategy.engine.delegate.DelegateExecutionManager.lambda$newOutboundImplementation$1(DelegateExecutionManager.java:79)
	at jdk.proxy2/jdk.proxy2.$Proxy25.playSoundForAll(Unknown Source)
	at games.strategy.triplea.delegate.AbstractPlaceDelegate.placeUnits(AbstractPlaceDelegate.java:302)
	at games.strategy.triplea.delegate.AbstractPlaceDelegate.placeUnits(AbstractPlaceDelegate.java:201)
	at jdk.internal.reflect.GeneratedMethodAccessor54.invoke(Unknown Source)
	at java.base/jdk.internal.reflect.DelegatingMethodAccessorImpl.invoke(DelegatingMethodAccessorImpl.java:43)
	at java.base/java.lang.reflect.Method.invoke(Method.java:569)
	at games.strategy.engine.delegate.DelegateExecutionManager$1.invoke(DelegateExecutionManager.java:120)
	at jdk.proxy2/jdk.proxy2.$Proxy16.placeUnits(Unknown Source)
	at jdk.internal.reflect.GeneratedMethodAccessor62.invoke(Unknown Source)
	at java.base/jdk.internal.reflect.DelegatingMethodAccessorImpl.invoke(DelegatingMethodAccessorImpl.java:43)
	at java.base/java.lang.reflect.Method.invoke(Method.java:569)
	at games.strategy.engine.message.unifiedmessenger.EndPoint.invokeSingle(EndPoint.java:137)
	at games.strategy.engine.message.unifiedmessenger.EndPoint.lambda$invokeMultiple$0(EndPoint.java:121)
	at java.base/java.util.stream.ReferencePipeline$3$1.accept(ReferencePipeline.java:197)
	at java.base/java.util.Spliterators$ArraySpliterator.forEachRemaining(Spliterators.java:992)
	at java.base/java.util.stream.AbstractPipeline.copyInto(AbstractPipeline.java:509)
	at java.base/java.util.stream.AbstractPipeline.wrapAndCopyInto(AbstractPipeline.java:499)
	at java.base/java.util.stream.ReduceOps$ReduceOp.evaluateSequential(ReduceOps.java:921)
	at java.base/java.util.stream.AbstractPipeline.evaluate(AbstractPipeline.java:234)
	at java.base/java.util.stream.ReferencePipeline.collect(ReferencePipeline.java:682)
	at games.strategy.engine.message.unifiedmessenger.EndPoint.invokeMultiple(EndPoint.java:122)
	at games.strategy.engine.message.unifiedmessenger.EndPoint.invokeLocal(EndPoint.java:112)
	at games.strategy.engine.message.unifiedmessenger.UnifiedMessenger.invokeAndWait(UnifiedMessenger.java:97)
	at games.strategy.engine.message.UnifiedInvocationHandler.invoke(UnifiedInvocationHandler.java:55)
	at jdk.proxy2/jdk.proxy2.$Proxy16.placeUnits(Unknown Source)
	at jdk.internal.reflect.GeneratedMethodAccessor54.invoke(Unknown Source)
	at java.base/jdk.internal.reflect.DelegatingMethodAccessorImpl.invoke(DelegatingMethodAccessorImpl.java:43)
	at java.base/java.lang.reflect.Method.invoke(Method.java:569)
	at games.strategy.engine.player.PlayerBridge$GameOverInvocationHandler.invoke(PlayerBridge.java:151)
	at jdk.proxy2/jdk.proxy2.$Proxy16.placeUnits(Unknown Source)
	at games.strategy.triplea.ai.tripleMind.ProPurchaseAi.doPlace(ProPurchaseAi.java:2627)
	at games.strategy.triplea.ai.tripleMind.ProPurchaseAi.placeUnits(ProPurchaseAi.java:2545)
	at games.strategy.triplea.ai.tripleMind.ProPurchaseAi.place(ProPurchaseAi.java:562)
	at games.strategy.triplea.ai.tripleMind.AbstractTripleMindAi.place(AbstractTripleMindAi.java:380)
	at games.strategy.triplea.ai.AbstractAi.start(AbstractAi.java:531)
	at games.strategy.engine.framework.ServerGame.waitForPlayerToFinishStep(ServerGame.java:648)
	at games.strategy.engine.framework.ServerGame.runStep(ServerGame.java:478)
	at games.strategy.engine.framework.ServerGame.runNextStep(ServerGame.java:365)
	at games.strategy.engine.framework.ServerGame.startGame(ServerGame.java:333)
	at games.strategy.engine.framework.startup.launcher.LocalLauncher.launchInternal(LocalLauncher.java:92)
	at games.strategy.engine.framework.startup.launcher.LocalLauncher.lambda$launch$0(LocalLauncher.java:60)
	at java.base/java.lang.Thread.run(Thread.java:840)
91626 23:57:40.790 [Thread-8] INFO  org.triplea.sound.ClipPlayer - Unable to create audio device, is there audio on the system? Cannot create AudioDevice
javazoom.jl.decoder.JavaLayerException: Cannot create AudioDevice
	at javazoom.jl.player.FactoryRegistry.createAudioDevice(FactoryRegistry.java:97)
	at org.triplea.sound.ClipPlayer.hasAudio(ClipPlayer.java:144)
	at org.triplea.sound.ClipPlayer.isSoundEnabled(ClipPlayer.java:251)
	at org.triplea.sound.ClipPlayer.play(ClipPlayer.java:220)
	at org.triplea.sound.DefaultSoundChannel.playSoundForAll(DefaultSoundChannel.java:22)
	at jdk.internal.reflect.GeneratedMethodAccessor56.invoke(Unknown Source)
	at java.base/jdk.internal.reflect.DelegatingMethodAccessorImpl.invoke(DelegatingMethodAccessorImpl.java:43)
	at java.base/java.lang.reflect.Method.invoke(Method.java:569)
	at games.strategy.engine.message.unifiedmessenger.EndPoint.invokeSingle(EndPoint.java:137)
	at games.strategy.engine.message.unifiedmessenger.EndPoint.lambda$invokeMultiple$0(EndPoint.java:121)
	at java.base/java.util.stream.ReferencePipeline$3$1.accept(ReferencePipeline.java:197)
	at java.base/java.util.Spliterators$ArraySpliterator.forEachRemaining(Spliterators.java:992)
	at java.base/java.util.stream.AbstractPipeline.copyInto(AbstractPipeline.java:509)
	at java.base/java.util.stream.AbstractPipeline.wrapAndCopyInto(AbstractPipeline.java:499)
	at java.base/java.util.stream.ReduceOps$ReduceOp.evaluateSequential(ReduceOps.java:921)
	at java.base/java.util.stream.AbstractPipeline.evaluate(AbstractPipeline.java:234)
	at java.base/java.util.stream.ReferencePipeline.collect(ReferencePipeline.java:682)
	at games.strategy.engine.message.unifiedmessenger.EndPoint.invokeMultiple(EndPoint.java:122)
	at games.strategy.engine.message.unifiedmessenger.EndPoint.invokeLocal(EndPoint.java:112)
	at games.strategy.engine.message.unifiedmessenger.UnifiedMessenger.invoke(UnifiedMessenger.java:153)
	at games.strategy.engine.message.UnifiedInvocationHandler.invoke(UnifiedInvocationHandler.java:47)
	at jdk.proxy2/jdk.proxy2.$Proxy25.playSoundForAll(Unknown Source)
	at jdk.internal.reflect.GeneratedMethodAccessor55.invoke(Unknown Source)
	at java.base/jdk.internal.reflect.DelegatingMethodAccessorImpl.invoke(DelegatingMethodAccessorImpl.java:43)
	at java.base/java.lang.reflect.Method.invoke(Method.java:569)
	at games.strategy.engine.delegate.DelegateExecutionManager.lambda$newOutboundImplementation$1(DelegateExecutionManager.java:79)
	at jdk.proxy2/jdk.proxy2.$Proxy25.playSoundForAll(Unknown Source)
	at games.strategy.triplea.delegate.AbstractPlaceDelegate.placeUnits(AbstractPlaceDelegate.java:302)
	at games.strategy.triplea.delegate.AbstractPlaceDelegate.placeUnits(AbstractPlaceDelegate.java:201)
	at jdk.internal.reflect.GeneratedMethodAccessor54.invoke(Unknown Source)
	at java.base/jdk.internal.reflect.DelegatingMethodAccessorImpl.invoke(DelegatingMethodAccessorImpl.java:43)
	at java.base/java.lang.reflect.Method.invoke(Method.java:569)
	at games.strategy.engine.delegate.DelegateExecutionManager$1.invoke(DelegateExecutionManager.java:120)
	at jdk.proxy2/jdk.proxy2.$Proxy16.placeUnits(Unknown Source)
	at jdk.internal.reflect.GeneratedMethodAccessor62.invoke(Unknown Source)
	at java.base/jdk.internal.reflect.DelegatingMethodAccessorImpl.invoke(DelegatingMethodAccessorImpl.java:43)
	at java.base/java.lang.reflect.Method.invoke(Method.java:569)
	at games.strategy.engine.message.unifiedmessenger.EndPoint.invokeSingle(EndPoint.java:137)
	at games.strategy.engine.message.unifiedmessenger.EndPoint.lambda$invokeMultiple$0(EndPoint.java:121)
	at java.base/java.util.stream.ReferencePipeline$3$1.accept(ReferencePipeline.java:197)
	at java.base/java.util.Spliterators$ArraySpliterator.forEachRemaining(Spliterators.java:992)
	at java.base/java.util.stream.AbstractPipeline.copyInto(AbstractPipeline.java:509)
	at java.base/java.util.stream.AbstractPipeline.wrapAndCopyInto(AbstractPipeline.java:499)
	at java.base/java.util.stream.ReduceOps$ReduceOp.evaluateSequential(ReduceOps.java:921)
	at java.base/java.util.stream.AbstractPipeline.evaluate(AbstractPipeline.java:234)
	at java.base/java.util.stream.ReferencePipeline.collect(ReferencePipeline.java:682)
	at games.strategy.engine.message.unifiedmessenger.EndPoint.invokeMultiple(EndPoint.java:122)
	at games.strategy.engine.message.unifiedmessenger.EndPoint.invokeLocal(EndPoint.java:112)
	at games.strategy.engine.message.unifiedmessenger.UnifiedMessenger.invokeAndWait(UnifiedMessenger.java:97)
	at games.strategy.engine.message.UnifiedInvocationHandler.invoke(UnifiedInvocationHandler.java:55)
	at jdk.proxy2/jdk.proxy2.$Proxy16.placeUnits(Unknown Source)
	at jdk.internal.reflect.GeneratedMethodAccessor54.invoke(Unknown Source)
	at java.base/jdk.internal.reflect.DelegatingMethodAccessorImpl.invoke(DelegatingMethodAccessorImpl.java:43)
	at java.base/java.lang.reflect.Method.invoke(Method.java:569)
	at games.strategy.engine.player.PlayerBridge$GameOverInvocationHandler.invoke(PlayerBridge.java:151)
	at jdk.proxy2/jdk.proxy2.$Proxy16.placeUnits(Unknown Source)
	at games.strategy.triplea.ai.tripleMind.ProPurchaseAi.doPlace(ProPurchaseAi.java:2627)
	at games.strategy.triplea.ai.tripleMind.ProPurchaseAi.placeUnits(ProPurchaseAi.java:2545)
	at games.strategy.triplea.ai.tripleMind.ProPurchaseAi.place(ProPurchaseAi.java:562)
	at games.strategy.triplea.ai.tripleMind.AbstractTripleMindAi.place(AbstractTripleMindAi.java:380)
	at games.strategy.triplea.ai.AbstractAi.start(AbstractAi.java:531)
	at games.strategy.engine.framework.ServerGame.waitForPlayerToFinishStep(ServerGame.java:648)
	at games.strategy.engine.framework.ServerGame.runStep(ServerGame.java:478)
	at games.strategy.engine.framework.ServerGame.runNextStep(ServerGame.java:365)
	at games.strategy.engine.framework.ServerGame.startGame(ServerGame.java:333)
	at games.strategy.engine.framework.startup.launcher.LocalLauncher.launchInternal(LocalLauncher.java:92)
	at games.strategy.engine.framework.startup.launcher.LocalLauncher.lambda$launch$0(LocalLauncher.java:60)
	at java.base/java.lang.Thread.run(Thread.java:840)
92810 23:57:41.974 [Thread-8] INFO  org.triplea.sound.ClipPlayer - Unable to create audio device, is there audio on the system? Cannot create AudioDevice
javazoom.jl.decoder.JavaLayerException: Cannot create AudioDevice
	at javazoom.jl.player.FactoryRegistry.createAudioDevice(FactoryRegistry.java:97)
	at org.triplea.sound.ClipPlayer.hasAudio(ClipPlayer.java:144)
	at org.triplea.sound.ClipPlayer.isSoundEnabled(ClipPlayer.java:251)
	at org.triplea.sound.ClipPlayer.play(ClipPlayer.java:220)
	at org.triplea.sound.DefaultSoundChannel.playSoundForAll(DefaultSoundChannel.java:22)
	at jdk.internal.reflect.GeneratedMethodAccessor56.invoke(Unknown Source)
	at java.base/jdk.internal.reflect.DelegatingMethodAccessorImpl.invoke(DelegatingMethodAccessorImpl.java:43)
	at java.base/java.lang.reflect.Method.invoke(Method.java:569)
	at games.strategy.engine.message.unifiedmessenger.EndPoint.invokeSingle(EndPoint.java:137)
	at games.strategy.engine.message.unifiedmessenger.EndPoint.lambda$invokeMultiple$0(EndPoint.java:121)
	at java.base/java.util.stream.ReferencePipeline$3$1.accept(ReferencePipeline.java:197)
	at java.base/java.util.Spliterators$ArraySpliterator.forEachRemaining(Spliterators.java:992)
	at java.base/java.util.stream.AbstractPipeline.copyInto(AbstractPipeline.java:509)
	at java.base/java.util.stream.AbstractPipeline.wrapAndCopyInto(AbstractPipeline.java:499)
	at java.base/java.util.stream.ReduceOps$ReduceOp.evaluateSequential(ReduceOps.java:921)
	at java.base/java.util.stream.AbstractPipeline.evaluate(AbstractPipeline.java:234)
	at java.base/java.util.stream.ReferencePipeline.collect(ReferencePipeline.java:682)
	at games.strategy.engine.message.unifiedmessenger.EndPoint.invokeMultiple(EndPoint.java:122)
	at games.strategy.engine.message.unifiedmessenger.EndPoint.invokeLocal(EndPoint.java:112)
	at games.strategy.engine.message.unifiedmessenger.UnifiedMessenger.invoke(UnifiedMessenger.java:153)
	at games.strategy.engine.message.UnifiedInvocationHandler.invoke(UnifiedInvocationHandler.java:47)
	at jdk.proxy2/jdk.proxy2.$Proxy25.playSoundForAll(Unknown Source)
	at jdk.internal.reflect.GeneratedMethodAccessor55.invoke(Unknown Source)
	at java.base/jdk.internal.reflect.DelegatingMethodAccessorImpl.invoke(DelegatingMethodAccessorImpl.java:43)
	at java.base/java.lang.reflect.Method.invoke(Method.java:569)
	at games.strategy.engine.delegate.DelegateExecutionManager.lambda$newOutboundImplementation$1(DelegateExecutionManager.java:79)
	at jdk.proxy2/jdk.proxy2.$Proxy25.playSoundForAll(Unknown Source)
	at games.strategy.triplea.delegate.battle.BattleTracker.takeOver(BattleTracker.java:794)
	at games.strategy.triplea.delegate.battle.BattleTracker.addEmptyBattle(BattleTracker.java:523)
	at games.strategy.triplea.delegate.battle.BattleTracker.addBattle(BattleTracker.java:345)
	at games.strategy.triplea.delegate.battle.BattleTracker.addBattle(BattleTracker.java:293)
	at games.strategy.triplea.delegate.MovePerformer$3.execute(MovePerformer.java:267)
	at games.strategy.triplea.delegate.ExecutionStack.execute(ExecutionStack.java:34)
	at games.strategy.triplea.delegate.MovePerformer.populateStack(MovePerformer.java:324)
	at games.strategy.triplea.delegate.MovePerformer.moveUnits(MovePerformer.java:81)
	at games.strategy.triplea.delegate.MoveDelegate.performMove(MoveDelegate.java:675)
	at jdk.internal.reflect.GeneratedMethodAccessor35.invoke(Unknown Source)
	at java.base/jdk.internal.reflect.DelegatingMethodAccessorImpl.invoke(DelegatingMethodAccessorImpl.java:43)
	at java.base/java.lang.reflect.Method.invoke(Method.java:569)
	at games.strategy.engine.delegate.DelegateExecutionManager$1.invoke(DelegateExecutionManager.java:120)
	at jdk.proxy2/jdk.proxy2.$Proxy14.performMove(Unknown Source)
	at jdk.internal.reflect.GeneratedMethodAccessor46.invoke(Unknown Source)
	at java.base/jdk.internal.reflect.DelegatingMethodAccessorImpl.invoke(DelegatingMethodAccessorImpl.java:43)
	at java.base/java.lang.reflect.Method.invoke(Method.java:569)
	at games.strategy.engine.message.unifiedmessenger.EndPoint.invokeSingle(EndPoint.java:137)
	at games.strategy.engine.message.unifiedmessenger.EndPoint.lambda$invokeMultiple$0(EndPoint.java:121)
	at java.base/java.util.stream.ReferencePipeline$3$1.accept(ReferencePipeline.java:197)
	at java.base/java.util.Spliterators$ArraySpliterator.forEachRemaining(Spliterators.java:992)
	at java.base/java.util.stream.AbstractPipeline.copyInto(AbstractPipeline.java:509)
	at java.base/java.util.stream.AbstractPipeline.wrapAndCopyInto(AbstractPipeline.java:499)
	at java.base/java.util.stream.ReduceOps$ReduceOp.evaluateSequential(ReduceOps.java:921)
	at java.base/java.util.stream.AbstractPipeline.evaluate(AbstractPipeline.java:234)
	at java.base/java.util.stream.ReferencePipeline.collect(ReferencePipeline.java:682)
	at games.strategy.engine.message.unifiedmessenger.EndPoint.invokeMultiple(EndPoint.java:122)
	at games.strategy.engine.message.unifiedmessenger.EndPoint.invokeLocal(EndPoint.java:112)
	at games.strategy.engine.message.unifiedmessenger.UnifiedMessenger.invokeAndWait(UnifiedMessenger.java:97)
	at games.strategy.engine.message.UnifiedInvocationHandler.invoke(UnifiedInvocationHandler.java:55)
	at jdk.proxy2/jdk.proxy2.$Proxy14.performMove(Unknown Source)
	at jdk.internal.reflect.GeneratedMethodAccessor35.invoke(Unknown Source)
	at java.base/jdk.internal.reflect.DelegatingMethodAccessorImpl.invoke(DelegatingMethodAccessorImpl.java:43)
	at java.base/java.lang.reflect.Method.invoke(Method.java:569)
	at games.strategy.engine.player.PlayerBridge$GameOverInvocationHandler.invoke(PlayerBridge.java:151)
	at jdk.proxy2/jdk.proxy2.$Proxy14.performMove(Unknown Source)
	at games.strategy.triplea.ai.weak.WeakAi.doMove(WeakAi.java:237)
	at games.strategy.triplea.ai.weak.WeakAi.doCombatMove(WeakAi.java:152)
	at games.strategy.triplea.ai.weak.WeakAi.move(WeakAi.java:124)
	at games.strategy.triplea.ai.AbstractAi.start(AbstractAi.java:521)
	at games.strategy.engine.framework.ServerGame.waitForPlayerToFinishStep(ServerGame.java:648)
	at games.strategy.engine.framework.ServerGame.runStep(ServerGame.java:478)
	at games.strategy.engine.framework.ServerGame.runNextStep(ServerGame.java:365)
	at games.strategy.engine.framework.ServerGame.startGame(ServerGame.java:333)
	at games.strategy.engine.framework.startup.launcher.LocalLauncher.launchInternal(LocalLauncher.java:92)
	at games.strategy.engine.framework.startup.launcher.LocalLauncher.lambda$launch$0(LocalLauncher.java:60)
	at java.base/java.lang.Thread.run(Thread.java:840)
96167 23:57:45.331 [Thread-8] INFO  org.triplea.sound.ClipPlayer - Unable to create audio device, is there audio on the system? Cannot create AudioDevice
javazoom.jl.decoder.JavaLayerException: Cannot create AudioDevice
	at javazoom.jl.player.FactoryRegistry.createAudioDevice(FactoryRegistry.java:97)
	at org.triplea.sound.ClipPlayer.hasAudio(ClipPlayer.java:144)
	at org.triplea.sound.ClipPlayer.isSoundEnabled(ClipPlayer.java:251)
	at org.triplea.sound.ClipPlayer.play(ClipPlayer.java:220)
	at org.triplea.sound.DefaultSoundChannel.playSoundForAll(DefaultSoundChannel.java:22)
	at jdk.internal.reflect.GeneratedMethodAccessor56.invoke(Unknown Source)
	at java.base/jdk.internal.reflect.DelegatingMethodAccessorImpl.invoke(DelegatingMethodAccessorImpl.java:43)
	at java.base/java.lang.reflect.Method.invoke(Method.java:569)
	at games.strategy.engine.message.unifiedmessenger.EndPoint.invokeSingle(EndPoint.java:137)
	at games.strategy.engine.message.unifiedmessenger.EndPoint.lambda$invokeMultiple$0(EndPoint.java:121)
	at java.base/java.util.stream.ReferencePipeline$3$1.accept(ReferencePipeline.java:197)
	at java.base/java.util.Spliterators$ArraySpliterator.forEachRemaining(Spliterators.java:992)
	at java.base/java.util.stream.AbstractPipeline.copyInto(AbstractPipeline.java:509)
	at java.base/java.util.stream.AbstractPipeline.wrapAndCopyInto(AbstractPipeline.java:499)
	at java.base/java.util.stream.ReduceOps$ReduceOp.evaluateSequential(ReduceOps.java:921)
	at java.base/java.util.stream.AbstractPipeline.evaluate(AbstractPipeline.java:234)
	at java.base/java.util.stream.ReferencePipeline.collect(ReferencePipeline.java:682)
	at games.strategy.engine.message.unifiedmessenger.EndPoint.invokeMultiple(EndPoint.java:122)
	at games.strategy.engine.message.unifiedmessenger.EndPoint.invokeLocal(EndPoint.java:112)
	at games.strategy.engine.message.unifiedmessenger.UnifiedMessenger.invoke(UnifiedMessenger.java:153)
	at games.strategy.engine.message.UnifiedInvocationHandler.invoke(UnifiedInvocationHandler.java:47)
	at jdk.proxy2/jdk.proxy2.$Proxy25.playSoundForAll(Unknown Source)
	at jdk.internal.reflect.GeneratedMethodAccessor55.invoke(Unknown Source)
	at java.base/jdk.internal.reflect.DelegatingMethodAccessorImpl.invoke(DelegatingMethodAccessorImpl.java:43)
	at java.base/java.lang.reflect.Method.invoke(Method.java:569)
	at games.strategy.engine.delegate.DelegateExecutionManager.lambda$newOutboundImplementation$1(DelegateExecutionManager.java:79)
	at jdk.proxy2/jdk.proxy2.$Proxy25.playSoundForAll(Unknown Source)
	at games.strategy.triplea.delegate.AbstractPlaceDelegate.placeUnits(AbstractPlaceDelegate.java:302)
	at games.strategy.triplea.delegate.AbstractPlaceDelegate.placeUnits(AbstractPlaceDelegate.java:201)
	at jdk.internal.reflect.GeneratedMethodAccessor54.invoke(Unknown Source)
	at java.base/jdk.internal.reflect.DelegatingMethodAccessorImpl.invoke(DelegatingMethodAccessorImpl.java:43)
	at java.base/java.lang.reflect.Method.invoke(Method.java:569)
	at games.strategy.engine.delegate.DelegateExecutionManager$1.invoke(DelegateExecutionManager.java:120)
	at jdk.proxy2/jdk.proxy2.$Proxy16.placeUnits(Unknown Source)
	at jdk.internal.reflect.GeneratedMethodAccessor62.invoke(Unknown Source)
	at java.base/jdk.internal.reflect.DelegatingMethodAccessorImpl.invoke(DelegatingMethodAccessorImpl.java:43)
	at java.base/java.lang.reflect.Method.invoke(Method.java:569)
	at games.strategy.engine.message.unifiedmessenger.EndPoint.invokeSingle(EndPoint.java:137)
	at games.strategy.engine.message.unifiedmessenger.EndPoint.lambda$invokeMultiple$0(EndPoint.java:121)
	at java.base/java.util.stream.ReferencePipeline$3$1.accept(ReferencePipeline.java:197)
	at java.base/java.util.Spliterators$ArraySpliterator.forEachRemaining(Spliterators.java:992)
	at java.base/java.util.stream.AbstractPipeline.copyInto(AbstractPipeline.java:509)
	at java.base/java.util.stream.AbstractPipeline.wrapAndCopyInto(AbstractPipeline.java:499)
	at java.base/java.util.stream.ReduceOps$ReduceOp.evaluateSequential(ReduceOps.java:921)
	at java.base/java.util.stream.AbstractPipeline.evaluate(AbstractPipeline.java:234)
	at java.base/java.util.stream.ReferencePipeline.collect(ReferencePipeline.java:682)
	at games.strategy.engine.message.unifiedmessenger.EndPoint.invokeMultiple(EndPoint.java:122)
	at games.strategy.engine.message.unifiedmessenger.EndPoint.invokeLocal(EndPoint.java:112)
	at games.strategy.engine.message.unifiedmessenger.UnifiedMessenger.invokeAndWait(UnifiedMessenger.java:97)
	at games.strategy.engine.message.UnifiedInvocationHandler.invoke(UnifiedInvocationHandler.java:55)
	at jdk.proxy2/jdk.proxy2.$Proxy16.placeUnits(Unknown Source)
	at jdk.internal.reflect.GeneratedMethodAccessor54.invoke(Unknown Source)
	at java.base/jdk.internal.reflect.DelegatingMethodAccessorImpl.invoke(DelegatingMethodAccessorImpl.java:43)
	at java.base/java.lang.reflect.Method.invoke(Method.java:569)
	at games.strategy.engine.player.PlayerBridge$GameOverInvocationHandler.invoke(PlayerBridge.java:151)
	at jdk.proxy2/jdk.proxy2.$Proxy16.placeUnits(Unknown Source)
	at games.strategy.triplea.ai.weak.WeakAi.doPlace(WeakAi.java:1110)
	at games.strategy.triplea.ai.weak.WeakAi.placeAllWeCanOn(WeakAi.java:1104)
	at games.strategy.triplea.ai.weak.WeakAi.lambda$place$15(WeakAi.java:1054)
	at java.base/java.util.Optional.ifPresent(Optional.java:178)
	at games.strategy.triplea.ai.weak.WeakAi.place(WeakAi.java:1054)
	at games.strategy.triplea.ai.AbstractAi.start(AbstractAi.java:531)
	at games.strategy.engine.framework.ServerGame.waitForPlayerToFinishStep(ServerGame.java:648)
	at games.strategy.engine.framework.ServerGame.runStep(ServerGame.java:478)
	at games.strategy.engine.framework.ServerGame.runNextStep(ServerGame.java:365)
	at games.strategy.engine.framework.ServerGame.startGame(ServerGame.java:333)
	at games.strategy.engine.framework.startup.launcher.LocalLauncher.launchInternal(LocalLauncher.java:92)
	at games.strategy.engine.framework.startup.launcher.LocalLauncher.lambda$launch$0(LocalLauncher.java:60)
	at java.base/java.lang.Thread.run(Thread.java:840)
97690 23:57:46.854 [Thread-8] INFO  org.triplea.sound.ClipPlayer - Unable to create audio device, is there audio on the system? Cannot create AudioDevice
javazoom.jl.decoder.JavaLayerException: Cannot create AudioDevice
	at javazoom.jl.player.FactoryRegistry.createAudioDevice(FactoryRegistry.java:97)
	at org.triplea.sound.ClipPlayer.hasAudio(ClipPlayer.java:144)
	at org.triplea.sound.ClipPlayer.isSoundEnabled(ClipPlayer.java:251)
	at org.triplea.sound.ClipPlayer.play(ClipPlayer.java:220)
	at org.triplea.sound.DefaultSoundChannel.playSoundForAll(DefaultSoundChannel.java:22)
	at jdk.internal.reflect.GeneratedMethodAccessor56.invoke(Unknown Source)
	at java.base/jdk.internal.reflect.DelegatingMethodAccessorImpl.invoke(DelegatingMethodAccessorImpl.java:43)
	at java.base/java.lang.reflect.Method.invoke(Method.java:569)
	at games.strategy.engine.message.unifiedmessenger.EndPoint.invokeSingle(EndPoint.java:137)
	at games.strategy.engine.message.unifiedmessenger.EndPoint.lambda$invokeMultiple$0(EndPoint.java:121)
	at java.base/java.util.stream.ReferencePipeline$3$1.accept(ReferencePipeline.java:197)
	at java.base/java.util.Spliterators$ArraySpliterator.forEachRemaining(Spliterators.java:992)
	at java.base/java.util.stream.AbstractPipeline.copyInto(AbstractPipeline.java:509)
	at java.base/java.util.stream.AbstractPipeline.wrapAndCopyInto(AbstractPipeline.java:499)
	at java.base/java.util.stream.ReduceOps$ReduceOp.evaluateSequential(ReduceOps.java:921)
	at java.base/java.util.stream.AbstractPipeline.evaluate(AbstractPipeline.java:234)
	at java.base/java.util.stream.ReferencePipeline.collect(ReferencePipeline.java:682)
	at games.strategy.engine.message.unifiedmessenger.EndPoint.invokeMultiple(EndPoint.java:122)
	at games.strategy.engine.message.unifiedmessenger.EndPoint.invokeLocal(EndPoint.java:112)
	at games.strategy.engine.message.unifiedmessenger.UnifiedMessenger.invoke(UnifiedMessenger.java:153)
	at games.strategy.engine.message.UnifiedInvocationHandler.invoke(UnifiedInvocationHandler.java:47)
	at jdk.proxy2/jdk.proxy2.$Proxy25.playSoundForAll(Unknown Source)
	at jdk.internal.reflect.GeneratedMethodAccessor55.invoke(Unknown Source)
	at java.base/jdk.internal.reflect.DelegatingMethodAccessorImpl.invoke(DelegatingMethodAccessorImpl.java:43)
	at java.base/java.lang.reflect.Method.invoke(Method.java:569)
	at games.strategy.engine.delegate.DelegateExecutionManager.lambda$newOutboundImplementation$1(DelegateExecutionManager.java:79)
	at jdk.proxy2/jdk.proxy2.$Proxy25.playSoundForAll(Unknown Source)
	at org.triplea.sound.SoundUtils.playBattleType(SoundUtils.java:42)
	at games.strategy.triplea.delegate.battle.MustFightBattle.fight(MustFightBattle.java:686)
	at games.strategy.triplea.delegate.battle.BattleTracker.fightBattleIfOnlyOne(BattleTracker.java:1300)
	at games.strategy.triplea.delegate.battle.BattleDelegate.start(BattleDelegate.java:125)
	at games.strategy.engine.framework.ServerGame.startStep(ServerGame.java:611)
	at games.strategy.engine.framework.ServerGame.runStep(ServerGame.java:471)
	at games.strategy.engine.framework.ServerGame.runNextStep(ServerGame.java:365)
	at games.strategy.engine.framework.ServerGame.startGame(ServerGame.java:333)
	at games.strategy.engine.framework.startup.launcher.LocalLauncher.launchInternal(LocalLauncher.java:92)
	at games.strategy.engine.framework.startup.launcher.LocalLauncher.lambda$launch$0(LocalLauncher.java:60)
	at java.base/java.lang.Thread.run(Thread.java:840)
99980 23:57:49.144 [Thread-8] INFO  org.triplea.sound.ClipPlayer - Unable to create audio device, is there audio on the system? Cannot create AudioDevice
javazoom.jl.decoder.JavaLayerException: Cannot create AudioDevice
	at javazoom.jl.player.FactoryRegistry.createAudioDevice(FactoryRegistry.java:97)
	at org.triplea.sound.ClipPlayer.hasAudio(ClipPlayer.java:144)
	at org.triplea.sound.ClipPlayer.isSoundEnabled(ClipPlayer.java:251)
	at org.triplea.sound.ClipPlayer.play(ClipPlayer.java:220)
	at org.triplea.sound.DefaultSoundChannel.playSoundForAll(DefaultSoundChannel.java:22)
	at jdk.internal.reflect.GeneratedMethodAccessor56.invoke(Unknown Source)
	at java.base/jdk.internal.reflect.DelegatingMethodAccessorImpl.invoke(DelegatingMethodAccessorImpl.java:43)
	at java.base/java.lang.reflect.Method.invoke(Method.java:569)
	at games.strategy.engine.message.unifiedmessenger.EndPoint.invokeSingle(EndPoint.java:137)
	at games.strategy.engine.message.unifiedmessenger.EndPoint.lambda$invokeMultiple$0(EndPoint.java:121)
	at java.base/java.util.stream.ReferencePipeline$3$1.accept(ReferencePipeline.java:197)
	at java.base/java.util.Spliterators$ArraySpliterator.forEachRemaining(Spliterators.java:992)
	at java.base/java.util.stream.AbstractPipeline.copyInto(AbstractPipeline.java:509)
	at java.base/java.util.stream.AbstractPipeline.wrapAndCopyInto(AbstractPipeline.java:499)
	at java.base/java.util.stream.ReduceOps$ReduceOp.evaluateSequential(ReduceOps.java:921)
	at java.base/java.util.stream.AbstractPipeline.evaluate(AbstractPipeline.java:234)
	at java.base/java.util.stream.ReferencePipeline.collect(ReferencePipeline.java:682)
	at games.strategy.engine.message.unifiedmessenger.EndPoint.invokeMultiple(EndPoint.java:122)
	at games.strategy.engine.message.unifiedmessenger.EndPoint.invokeLocal(EndPoint.java:112)
	at games.strategy.engine.message.unifiedmessenger.UnifiedMessenger.invoke(UnifiedMessenger.java:153)
	at games.strategy.engine.message.UnifiedInvocationHandler.invoke(UnifiedInvocationHandler.java:47)
	at jdk.proxy2/jdk.proxy2.$Proxy25.playSoundForAll(Unknown Source)
	at jdk.internal.reflect.GeneratedMethodAccessor55.invoke(Unknown Source)
	at java.base/jdk.internal.reflect.DelegatingMethodAccessorImpl.invoke(DelegatingMethodAccessorImpl.java:43)
	at java.base/java.lang.reflect.Method.invoke(Method.java:569)
	at games.strategy.engine.delegate.DelegateExecutionManager.lambda$newOutboundImplementation$1(DelegateExecutionManager.java:79)
	at jdk.proxy2/jdk.proxy2.$Proxy25.playSoundForAll(Unknown Source)
	at games.strategy.triplea.delegate.battle.BattleTracker.takeOver(BattleTracker.java:794)
	at games.strategy.triplea.delegate.battle.MustFightBattle.attackerWins(MustFightBattle.java:1430)
	at games.strategy.triplea.delegate.battle.MustFightBattle.endBattle(MustFightBattle.java:462)
	at games.strategy.triplea.delegate.battle.steps.change.CheckGeneralBattleEnd.execute(CheckGeneralBattleEnd.java:64)
	at games.strategy.triplea.delegate.ExecutionStack.execute(ExecutionStack.java:34)
	at games.strategy.triplea.delegate.battle.MustFightBattle.fight(MustFightBattle.java:690)
	at games.strategy.triplea.delegate.battle.BattleTracker.fightBattleIfOnlyOne(BattleTracker.java:1300)
	at games.strategy.triplea.delegate.battle.BattleDelegate.start(BattleDelegate.java:125)
	at games.strategy.engine.framework.ServerGame.startStep(ServerGame.java:611)
	at games.strategy.engine.framework.ServerGame.runStep(ServerGame.java:471)
	at games.strategy.engine.framework.ServerGame.runNextStep(ServerGame.java:365)
	at games.strategy.engine.framework.ServerGame.startGame(ServerGame.java:333)
	at games.strategy.engine.framework.startup.launcher.LocalLauncher.launchInternal(LocalLauncher.java:92)
	at games.strategy.engine.framework.startup.launcher.LocalLauncher.lambda$launch$0(LocalLauncher.java:60)
	at java.base/java.lang.Thread.run(Thread.java:840)
102308 23:57:51.472 [Thread-8] INFO  org.triplea.sound.ClipPlayer - Unable to create audio device, is there audio on the system? Cannot create AudioDevice
javazoom.jl.decoder.JavaLayerException: Cannot create AudioDevice
	at javazoom.jl.player.FactoryRegistry.createAudioDevice(FactoryRegistry.java:97)
	at org.triplea.sound.ClipPlayer.hasAudio(ClipPlayer.java:144)
	at org.triplea.sound.ClipPlayer.isSoundEnabled(ClipPlayer.java:251)
	at org.triplea.sound.ClipPlayer.play(ClipPlayer.java:220)
	at org.triplea.sound.DefaultSoundChannel.playSoundForAll(DefaultSoundChannel.java:22)
	at jdk.internal.reflect.GeneratedMethodAccessor56.invoke(Unknown Source)
	at java.base/jdk.internal.reflect.DelegatingMethodAccessorImpl.invoke(DelegatingMethodAccessorImpl.java:43)
	at java.base/java.lang.reflect.Method.invoke(Method.java:569)
	at games.strategy.engine.message.unifiedmessenger.EndPoint.invokeSingle(EndPoint.java:137)
	at games.strategy.engine.message.unifiedmessenger.EndPoint.lambda$invokeMultiple$0(EndPoint.java:121)
	at java.base/java.util.stream.ReferencePipeline$3$1.accept(ReferencePipeline.java:197)
	at java.base/java.util.Spliterators$ArraySpliterator.forEachRemaining(Spliterators.java:992)
	at java.base/java.util.stream.AbstractPipeline.copyInto(AbstractPipeline.java:509)
	at java.base/java.util.stream.AbstractPipeline.wrapAndCopyInto(AbstractPipeline.java:499)
	at java.base/java.util.stream.ReduceOps$ReduceOp.evaluateSequential(ReduceOps.java:921)
	at java.base/java.util.stream.AbstractPipeline.evaluate(AbstractPipeline.java:234)
	at java.base/java.util.stream.ReferencePipeline.collect(ReferencePipeline.java:682)
	at games.strategy.engine.message.unifiedmessenger.EndPoint.invokeMultiple(EndPoint.java:122)
	at games.strategy.engine.message.unifiedmessenger.EndPoint.invokeLocal(EndPoint.java:112)
	at games.strategy.engine.message.unifiedmessenger.UnifiedMessenger.invoke(UnifiedMessenger.java:153)
	at games.strategy.engine.message.UnifiedInvocationHandler.invoke(UnifiedInvocationHandler.java:47)
	at jdk.proxy2/jdk.proxy2.$Proxy25.playSoundForAll(Unknown Source)
	at jdk.internal.reflect.GeneratedMethodAccessor55.invoke(Unknown Source)
	at java.base/jdk.internal.reflect.DelegatingMethodAccessorImpl.invoke(DelegatingMethodAccessorImpl.java:43)
	at java.base/java.lang.reflect.Method.invoke(Method.java:569)
	at games.strategy.engine.delegate.DelegateExecutionManager.lambda$newOutboundImplementation$1(DelegateExecutionManager.java:79)
	at jdk.proxy2/jdk.proxy2.$Proxy25.playSoundForAll(Unknown Source)
	at games.strategy.triplea.delegate.AbstractPlaceDelegate.placeUnits(AbstractPlaceDelegate.java:302)
	at games.strategy.triplea.delegate.AbstractPlaceDelegate.placeUnits(AbstractPlaceDelegate.java:201)
	at jdk.internal.reflect.GeneratedMethodAccessor54.invoke(Unknown Source)
	at java.base/jdk.internal.reflect.DelegatingMethodAccessorImpl.invoke(DelegatingMethodAccessorImpl.java:43)
	at java.base/java.lang.reflect.Method.invoke(Method.java:569)
	at games.strategy.engine.delegate.DelegateExecutionManager$1.invoke(DelegateExecutionManager.java:120)
	at jdk.proxy2/jdk.proxy2.$Proxy16.placeUnits(Unknown Source)
	at jdk.internal.reflect.GeneratedMethodAccessor62.invoke(Unknown Source)
	at java.base/jdk.internal.reflect.DelegatingMethodAccessorImpl.invoke(DelegatingMethodAccessorImpl.java:43)
	at java.base/java.lang.reflect.Method.invoke(Method.java:569)
	at games.strategy.engine.message.unifiedmessenger.EndPoint.invokeSingle(EndPoint.java:137)
	at games.strategy.engine.message.unifiedmessenger.EndPoint.lambda$invokeMultiple$0(EndPoint.java:121)
	at java.base/java.util.stream.ReferencePipeline$3$1.accept(ReferencePipeline.java:197)
	at java.base/java.util.Spliterators$ArraySpliterator.forEachRemaining(Spliterators.java:992)
	at java.base/java.util.stream.AbstractPipeline.copyInto(AbstractPipeline.java:509)
	at java.base/java.util.stream.AbstractPipeline.wrapAndCopyInto(AbstractPipeline.java:499)
	at java.base/java.util.stream.ReduceOps$ReduceOp.evaluateSequential(ReduceOps.java:921)
	at java.base/java.util.stream.AbstractPipeline.evaluate(AbstractPipeline.java:234)
	at java.base/java.util.stream.ReferencePipeline.collect(ReferencePipeline.java:682)
	at games.strategy.engine.message.unifiedmessenger.EndPoint.invokeMultiple(EndPoint.java:122)
	at games.strategy.engine.message.unifiedmessenger.EndPoint.invokeLocal(EndPoint.java:112)
	at games.strategy.engine.message.unifiedmessenger.UnifiedMessenger.invokeAndWait(UnifiedMessenger.java:97)
	at games.strategy.engine.message.UnifiedInvocationHandler.invoke(UnifiedInvocationHandler.java:55)
	at jdk.proxy2/jdk.proxy2.$Proxy16.placeUnits(Unknown Source)
	at jdk.internal.reflect.GeneratedMethodAccessor54.invoke(Unknown Source)
	at java.base/jdk.internal.reflect.DelegatingMethodAccessorImpl.invoke(DelegatingMethodAccessorImpl.java:43)
	at java.base/java.lang.reflect.Method.invoke(Method.java:569)
	at games.strategy.engine.player.PlayerBridge$GameOverInvocationHandler.invoke(PlayerBridge.java:151)
	at jdk.proxy2/jdk.proxy2.$Proxy16.placeUnits(Unknown Source)
	at games.strategy.triplea.ai.weak.WeakAi.doPlace(WeakAi.java:1110)
	at games.strategy.triplea.ai.weak.WeakAi.placeAllWeCanOn(WeakAi.java:1104)
	at games.strategy.triplea.ai.weak.WeakAi.lambda$place$15(WeakAi.java:1054)
	at java.base/java.util.Optional.ifPresent(Optional.java:178)
	at games.strategy.triplea.ai.weak.WeakAi.place(WeakAi.java:1054)
	at games.strategy.triplea.ai.AbstractAi.start(AbstractAi.java:531)
	at games.strategy.engine.framework.ServerGame.waitForPlayerToFinishStep(ServerGame.java:648)
	at games.strategy.engine.framework.ServerGame.runStep(ServerGame.java:478)
	at games.strategy.engine.framework.ServerGame.runNextStep(ServerGame.java:365)
	at games.strategy.engine.framework.ServerGame.startGame(ServerGame.java:333)
	at games.strategy.engine.framework.startup.launcher.LocalLauncher.launchInternal(LocalLauncher.java:92)
	at games.strategy.engine.framework.startup.launcher.LocalLauncher.lambda$launch$0(LocalLauncher.java:60)
	at java.base/java.lang.Thread.run(Thread.java:840)
103831 23:57:52.995 [Thread-8] INFO  org.triplea.sound.ClipPlayer - Unable to create audio device, is there audio on the system? Cannot create AudioDevice
javazoom.jl.decoder.JavaLayerException: Cannot create AudioDevice
	at javazoom.jl.player.FactoryRegistry.createAudioDevice(FactoryRegistry.java:97)
	at org.triplea.sound.ClipPlayer.hasAudio(ClipPlayer.java:144)
	at org.triplea.sound.ClipPlayer.isSoundEnabled(ClipPlayer.java:251)
	at org.triplea.sound.ClipPlayer.play(ClipPlayer.java:220)
	at org.triplea.sound.DefaultSoundChannel.playSoundForAll(DefaultSoundChannel.java:22)
	at jdk.internal.reflect.GeneratedMethodAccessor56.invoke(Unknown Source)
	at java.base/jdk.internal.reflect.DelegatingMethodAccessorImpl.invoke(DelegatingMethodAccessorImpl.java:43)
	at java.base/java.lang.reflect.Method.invoke(Method.java:569)
	at games.strategy.engine.message.unifiedmessenger.EndPoint.invokeSingle(EndPoint.java:137)
	at games.strategy.engine.message.unifiedmessenger.EndPoint.lambda$invokeMultiple$0(EndPoint.java:121)
	at java.base/java.util.stream.ReferencePipeline$3$1.accept(ReferencePipeline.java:197)
	at java.base/java.util.Spliterators$ArraySpliterator.forEachRemaining(Spliterators.java:992)
	at java.base/java.util.stream.AbstractPipeline.copyInto(AbstractPipeline.java:509)
	at java.base/java.util.stream.AbstractPipeline.wrapAndCopyInto(AbstractPipeline.java:499)
	at java.base/java.util.stream.ReduceOps$ReduceOp.evaluateSequential(ReduceOps.java:921)
	at java.base/java.util.stream.AbstractPipeline.evaluate(AbstractPipeline.java:234)
	at java.base/java.util.stream.ReferencePipeline.collect(ReferencePipeline.java:682)
	at games.strategy.engine.message.unifiedmessenger.EndPoint.invokeMultiple(EndPoint.java:122)
	at games.strategy.engine.message.unifiedmessenger.EndPoint.invokeLocal(EndPoint.java:112)
	at games.strategy.engine.message.unifiedmessenger.UnifiedMessenger.invoke(UnifiedMessenger.java:153)
	at games.strategy.engine.message.UnifiedInvocationHandler.invoke(UnifiedInvocationHandler.java:47)
	at jdk.proxy2/jdk.proxy2.$Proxy25.playSoundForAll(Unknown Source)
	at jdk.internal.reflect.GeneratedMethodAccessor55.invoke(Unknown Source)
	at java.base/jdk.internal.reflect.DelegatingMethodAccessorImpl.invoke(DelegatingMethodAccessorImpl.java:43)
	at java.base/java.lang.reflect.Method.invoke(Method.java:569)
	at games.strategy.engine.delegate.DelegateExecutionManager.lambda$newOutboundImplementation$1(DelegateExecutionManager.java:79)
	at jdk.proxy2/jdk.proxy2.$Proxy25.playSoundForAll(Unknown Source)
	at org.triplea.sound.SoundUtils.playBattleType(SoundUtils.java:42)
	at games.strategy.triplea.delegate.battle.MustFightBattle.fight(MustFightBattle.java:686)
	at games.strategy.triplea.delegate.battle.BattleTracker.fightBattleIfOnlyOne(BattleTracker.java:1300)
	at games.strategy.triplea.delegate.battle.BattleDelegate.start(BattleDelegate.java:125)
	at games.strategy.engine.framework.ServerGame.startStep(ServerGame.java:611)
	at games.strategy.engine.framework.ServerGame.runStep(ServerGame.java:471)
	at games.strategy.engine.framework.ServerGame.runNextStep(ServerGame.java:365)
	at games.strategy.engine.framework.ServerGame.startGame(ServerGame.java:333)
	at games.strategy.engine.framework.startup.launcher.LocalLauncher.launchInternal(LocalLauncher.java:92)
	at games.strategy.engine.framework.startup.launcher.LocalLauncher.lambda$launch$0(LocalLauncher.java:60)
	at java.base/java.lang.Thread.run(Thread.java:840)
106004 23:57:55.168 [Thread-8] INFO  org.triplea.sound.ClipPlayer - Unable to create audio device, is there audio on the system? Cannot create AudioDevice
javazoom.jl.decoder.JavaLayerException: Cannot create AudioDevice
	at javazoom.jl.player.FactoryRegistry.createAudioDevice(FactoryRegistry.java:97)
	at org.triplea.sound.ClipPlayer.hasAudio(ClipPlayer.java:144)
	at org.triplea.sound.ClipPlayer.isSoundEnabled(ClipPlayer.java:251)
	at org.triplea.sound.ClipPlayer.play(ClipPlayer.java:220)
	at org.triplea.sound.DefaultSoundChannel.playSoundForAll(DefaultSoundChannel.java:22)
	at jdk.internal.reflect.GeneratedMethodAccessor56.invoke(Unknown Source)
	at java.base/jdk.internal.reflect.DelegatingMethodAccessorImpl.invoke(DelegatingMethodAccessorImpl.java:43)
	at java.base/java.lang.reflect.Method.invoke(Method.java:569)
	at games.strategy.engine.message.unifiedmessenger.EndPoint.invokeSingle(EndPoint.java:137)
	at games.strategy.engine.message.unifiedmessenger.EndPoint.lambda$invokeMultiple$0(EndPoint.java:121)
	at java.base/java.util.stream.ReferencePipeline$3$1.accept(ReferencePipeline.java:197)
	at java.base/java.util.Spliterators$ArraySpliterator.forEachRemaining(Spliterators.java:992)
	at java.base/java.util.stream.AbstractPipeline.copyInto(AbstractPipeline.java:509)
	at java.base/java.util.stream.AbstractPipeline.wrapAndCopyInto(AbstractPipeline.java:499)
	at java.base/java.util.stream.ReduceOps$ReduceOp.evaluateSequential(ReduceOps.java:921)
	at java.base/java.util.stream.AbstractPipeline.evaluate(AbstractPipeline.java:234)
	at java.base/java.util.stream.ReferencePipeline.collect(ReferencePipeline.java:682)
	at games.strategy.engine.message.unifiedmessenger.EndPoint.invokeMultiple(EndPoint.java:122)
	at games.strategy.engine.message.unifiedmessenger.EndPoint.invokeLocal(EndPoint.java:112)
	at games.strategy.engine.message.unifiedmessenger.UnifiedMessenger.invoke(UnifiedMessenger.java:153)
	at games.strategy.engine.message.UnifiedInvocationHandler.invoke(UnifiedInvocationHandler.java:47)
	at jdk.proxy2/jdk.proxy2.$Proxy25.playSoundForAll(Unknown Source)
	at jdk.internal.reflect.GeneratedMethodAccessor55.invoke(Unknown Source)
	at java.base/jdk.internal.reflect.DelegatingMethodAccessorImpl.invoke(DelegatingMethodAccessorImpl.java:43)
	at java.base/java.lang.reflect.Method.invoke(Method.java:569)
	at games.strategy.engine.delegate.DelegateExecutionManager.lambda$newOutboundImplementation$1(DelegateExecutionManager.java:79)
	at jdk.proxy2/jdk.proxy2.$Proxy25.playSoundForAll(Unknown Source)
	at games.strategy.triplea.delegate.battle.BattleTracker.takeOver(BattleTracker.java:794)
	at games.strategy.triplea.delegate.battle.MustFightBattle.attackerWins(MustFightBattle.java:1430)
	at games.strategy.triplea.delegate.battle.MustFightBattle.endBattle(MustFightBattle.java:462)
	at games.strategy.triplea.delegate.battle.steps.change.CheckGeneralBattleEnd.execute(CheckGeneralBattleEnd.java:64)
	at games.strategy.triplea.delegate.ExecutionStack.execute(ExecutionStack.java:34)
	at games.strategy.triplea.delegate.battle.MustFightBattle.fight(MustFightBattle.java:690)
	at games.strategy.triplea.delegate.battle.BattleTracker.fightBattleIfOnlyOne(BattleTracker.java:1300)
	at games.strategy.triplea.delegate.battle.BattleDelegate.start(BattleDelegate.java:125)
	at games.strategy.engine.framework.ServerGame.startStep(ServerGame.java:611)
	at games.strategy.engine.framework.ServerGame.runStep(ServerGame.java:471)
	at games.strategy.engine.framework.ServerGame.runNextStep(ServerGame.java:365)
	at games.strategy.engine.framework.ServerGame.startGame(ServerGame.java:333)
	at games.strategy.engine.framework.startup.launcher.LocalLauncher.launchInternal(LocalLauncher.java:92)
	at games.strategy.engine.framework.startup.launcher.LocalLauncher.lambda$launch$0(LocalLauncher.java:60)
	at java.base/java.lang.Thread.run(Thread.java:840)
108029 23:57:57.193 [Thread-8] INFO  org.triplea.sound.ClipPlayer - Unable to create audio device, is there audio on the system? Cannot create AudioDevice
javazoom.jl.decoder.JavaLayerException: Cannot create AudioDevice
	at javazoom.jl.player.FactoryRegistry.createAudioDevice(FactoryRegistry.java:97)
	at org.triplea.sound.ClipPlayer.hasAudio(ClipPlayer.java:144)
	at org.triplea.sound.ClipPlayer.isSoundEnabled(ClipPlayer.java:251)
	at org.triplea.sound.ClipPlayer.play(ClipPlayer.java:220)
	at org.triplea.sound.DefaultSoundChannel.playSoundForAll(DefaultSoundChannel.java:22)
	at jdk.internal.reflect.GeneratedMethodAccessor56.invoke(Unknown Source)
	at java.base/jdk.internal.reflect.DelegatingMethodAccessorImpl.invoke(DelegatingMethodAccessorImpl.java:43)
	at java.base/java.lang.reflect.Method.invoke(Method.java:569)
	at games.strategy.engine.message.unifiedmessenger.EndPoint.invokeSingle(EndPoint.java:137)
	at games.strategy.engine.message.unifiedmessenger.EndPoint.lambda$invokeMultiple$0(EndPoint.java:121)
	at java.base/java.util.stream.ReferencePipeline$3$1.accept(ReferencePipeline.java:197)
	at java.base/java.util.Spliterators$ArraySpliterator.forEachRemaining(Spliterators.java:992)
	at java.base/java.util.stream.AbstractPipeline.copyInto(AbstractPipeline.java:509)
	at java.base/java.util.stream.AbstractPipeline.wrapAndCopyInto(AbstractPipeline.java:499)
	at java.base/java.util.stream.ReduceOps$ReduceOp.evaluateSequential(ReduceOps.java:921)
	at java.base/java.util.stream.AbstractPipeline.evaluate(AbstractPipeline.java:234)
	at java.base/java.util.stream.ReferencePipeline.collect(ReferencePipeline.java:682)
	at games.strategy.engine.message.unifiedmessenger.EndPoint.invokeMultiple(EndPoint.java:122)
	at games.strategy.engine.message.unifiedmessenger.EndPoint.invokeLocal(EndPoint.java:112)
	at games.strategy.engine.message.unifiedmessenger.UnifiedMessenger.invoke(UnifiedMessenger.java:153)
	at games.strategy.engine.message.UnifiedInvocationHandler.invoke(UnifiedInvocationHandler.java:47)
	at jdk.proxy2/jdk.proxy2.$Proxy25.playSoundForAll(Unknown Source)
	at jdk.internal.reflect.GeneratedMethodAccessor55.invoke(Unknown Source)
	at java.base/jdk.internal.reflect.DelegatingMethodAccessorImpl.invoke(DelegatingMethodAccessorImpl.java:43)
	at java.base/java.lang.reflect.Method.invoke(Method.java:569)
	at games.strategy.engine.delegate.DelegateExecutionManager.lambda$newOutboundImplementation$1(DelegateExecutionManager.java:79)
	at jdk.proxy2/jdk.proxy2.$Proxy25.playSoundForAll(Unknown Source)
	at games.strategy.triplea.delegate.AbstractPlaceDelegate.placeUnits(AbstractPlaceDelegate.java:302)
	at games.strategy.triplea.delegate.AbstractPlaceDelegate.placeUnits(AbstractPlaceDelegate.java:201)
	at jdk.internal.reflect.GeneratedMethodAccessor54.invoke(Unknown Source)
	at java.base/jdk.internal.reflect.DelegatingMethodAccessorImpl.invoke(DelegatingMethodAccessorImpl.java:43)
	at java.base/java.lang.reflect.Method.invoke(Method.java:569)
	at games.strategy.engine.delegate.DelegateExecutionManager$1.invoke(DelegateExecutionManager.java:120)
	at jdk.proxy2/jdk.proxy2.$Proxy16.placeUnits(Unknown Source)
	at jdk.internal.reflect.GeneratedMethodAccessor62.invoke(Unknown Source)
	at java.base/jdk.internal.reflect.DelegatingMethodAccessorImpl.invoke(DelegatingMethodAccessorImpl.java:43)
	at java.base/java.lang.reflect.Method.invoke(Method.java:569)
	at games.strategy.engine.message.unifiedmessenger.EndPoint.invokeSingle(EndPoint.java:137)
	at games.strategy.engine.message.unifiedmessenger.EndPoint.lambda$invokeMultiple$0(EndPoint.java:121)
	at java.base/java.util.stream.ReferencePipeline$3$1.accept(ReferencePipeline.java:197)
	at java.base/java.util.Spliterators$ArraySpliterator.forEachRemaining(Spliterators.java:992)
	at java.base/java.util.stream.AbstractPipeline.copyInto(AbstractPipeline.java:509)
	at java.base/java.util.stream.AbstractPipeline.wrapAndCopyInto(AbstractPipeline.java:499)
	at java.base/java.util.stream.ReduceOps$ReduceOp.evaluateSequential(ReduceOps.java:921)
	at java.base/java.util.stream.AbstractPipeline.evaluate(AbstractPipeline.java:234)
	at java.base/java.util.stream.ReferencePipeline.collect(ReferencePipeline.java:682)
	at games.strategy.engine.message.unifiedmessenger.EndPoint.invokeMultiple(EndPoint.java:122)
	at games.strategy.engine.message.unifiedmessenger.EndPoint.invokeLocal(EndPoint.java:112)
	at games.strategy.engine.message.unifiedmessenger.UnifiedMessenger.invokeAndWait(UnifiedMessenger.java:97)
	at games.strategy.engine.message.UnifiedInvocationHandler.invoke(UnifiedInvocationHandler.java:55)
	at jdk.proxy2/jdk.proxy2.$Proxy16.placeUnits(Unknown Source)
	at jdk.internal.reflect.GeneratedMethodAccessor54.invoke(Unknown Source)
	at java.base/jdk.internal.reflect.DelegatingMethodAccessorImpl.invoke(DelegatingMethodAccessorImpl.java:43)
	at java.base/java.lang.reflect.Method.invoke(Method.java:569)
	at games.strategy.engine.player.PlayerBridge$GameOverInvocationHandler.invoke(PlayerBridge.java:151)
	at jdk.proxy2/jdk.proxy2.$Proxy16.placeUnits(Unknown Source)
	at games.strategy.triplea.ai.weak.WeakAi.doPlace(WeakAi.java:1110)
	at games.strategy.triplea.ai.weak.WeakAi.placeAllWeCanOn(WeakAi.java:1104)
	at games.strategy.triplea.ai.weak.WeakAi.lambda$place$15(WeakAi.java:1054)
	at java.base/java.util.Optional.ifPresent(Optional.java:178)
	at games.strategy.triplea.ai.weak.WeakAi.place(WeakAi.java:1054)
	at games.strategy.triplea.ai.AbstractAi.start(AbstractAi.java:531)
	at games.strategy.engine.framework.ServerGame.waitForPlayerToFinishStep(ServerGame.java:648)
	at games.strategy.engine.framework.ServerGame.runStep(ServerGame.java:478)
	at games.strategy.engine.framework.ServerGame.runNextStep(ServerGame.java:365)
	at games.strategy.engine.framework.ServerGame.startGame(ServerGame.java:333)
	at games.strategy.engine.framework.startup.launcher.LocalLauncher.launchInternal(LocalLauncher.java:92)
	at games.strategy.engine.framework.startup.launcher.LocalLauncher.lambda$launch$0(LocalLauncher.java:60)
	at java.base/java.lang.Thread.run(Thread.java:840)
114031 23:58:03.195 [Thread-8] INFO  org.triplea.sound.ClipPlayer - Unable to create audio device, is there audio on the system? Cannot create AudioDevice
javazoom.jl.decoder.JavaLayerException: Cannot create AudioDevice
	at javazoom.jl.player.FactoryRegistry.createAudioDevice(FactoryRegistry.java:97)
	at org.triplea.sound.ClipPlayer.hasAudio(ClipPlayer.java:144)
	at org.triplea.sound.ClipPlayer.isSoundEnabled(ClipPlayer.java:251)
	at org.triplea.sound.ClipPlayer.play(ClipPlayer.java:220)
	at org.triplea.sound.DefaultSoundChannel.playSoundForAll(DefaultSoundChannel.java:22)
	at jdk.internal.reflect.GeneratedMethodAccessor56.invoke(Unknown Source)
	at java.base/jdk.internal.reflect.DelegatingMethodAccessorImpl.invoke(DelegatingMethodAccessorImpl.java:43)
	at java.base/java.lang.reflect.Method.invoke(Method.java:569)
	at games.strategy.engine.message.unifiedmessenger.EndPoint.invokeSingle(EndPoint.java:137)
	at games.strategy.engine.message.unifiedmessenger.EndPoint.lambda$invokeMultiple$0(EndPoint.java:121)
	at java.base/java.util.stream.ReferencePipeline$3$1.accept(ReferencePipeline.java:197)
	at java.base/java.util.Spliterators$ArraySpliterator.forEachRemaining(Spliterators.java:992)
	at java.base/java.util.stream.AbstractPipeline.copyInto(AbstractPipeline.java:509)
	at java.base/java.util.stream.AbstractPipeline.wrapAndCopyInto(AbstractPipeline.java:499)
	at java.base/java.util.stream.ReduceOps$ReduceOp.evaluateSequential(ReduceOps.java:921)
	at java.base/java.util.stream.AbstractPipeline.evaluate(AbstractPipeline.java:234)
	at java.base/java.util.stream.ReferencePipeline.collect(ReferencePipeline.java:682)
	at games.strategy.engine.message.unifiedmessenger.EndPoint.invokeMultiple(EndPoint.java:122)
	at games.strategy.engine.message.unifiedmessenger.EndPoint.invokeLocal(EndPoint.java:112)
	at games.strategy.engine.message.unifiedmessenger.UnifiedMessenger.invoke(UnifiedMessenger.java:153)
	at games.strategy.engine.message.UnifiedInvocationHandler.invoke(UnifiedInvocationHandler.java:47)
	at jdk.proxy2/jdk.proxy2.$Proxy25.playSoundForAll(Unknown Source)
	at jdk.internal.reflect.GeneratedMethodAccessor55.invoke(Unknown Source)
	at java.base/jdk.internal.reflect.DelegatingMethodAccessorImpl.invoke(DelegatingMethodAccessorImpl.java:43)
	at java.base/java.lang.reflect.Method.invoke(Method.java:569)
	at games.strategy.engine.delegate.DelegateExecutionManager.lambda$newOutboundImplementation$1(DelegateExecutionManager.java:79)
	at jdk.proxy2/jdk.proxy2.$Proxy25.playSoundForAll(Unknown Source)
	at games.strategy.triplea.delegate.battle.BattleTracker.takeOver(BattleTracker.java:794)
	at games.strategy.triplea.delegate.battle.BattleTracker.addEmptyBattle(BattleTracker.java:523)
	at games.strategy.triplea.delegate.battle.BattleTracker.addBattle(BattleTracker.java:345)
	at games.strategy.triplea.delegate.battle.BattleTracker.addBattle(BattleTracker.java:293)
	at games.strategy.triplea.delegate.MovePerformer$3.execute(MovePerformer.java:267)
	at games.strategy.triplea.delegate.ExecutionStack.execute(ExecutionStack.java:34)
	at games.strategy.triplea.delegate.MovePerformer.populateStack(MovePerformer.java:324)
	at games.strategy.triplea.delegate.MovePerformer.moveUnits(MovePerformer.java:81)
	at games.strategy.triplea.delegate.MoveDelegate.performMove(MoveDelegate.java:675)
	at jdk.internal.reflect.GeneratedMethodAccessor35.invoke(Unknown Source)
	at java.base/jdk.internal.reflect.DelegatingMethodAccessorImpl.invoke(DelegatingMethodAccessorImpl.java:43)
	at java.base/java.lang.reflect.Method.invoke(Method.java:569)
	at games.strategy.engine.delegate.DelegateExecutionManager$1.invoke(DelegateExecutionManager.java:120)
	at jdk.proxy2/jdk.proxy2.$Proxy14.performMove(Unknown Source)
	at jdk.internal.reflect.GeneratedMethodAccessor46.invoke(Unknown Source)
	at java.base/jdk.internal.reflect.DelegatingMethodAccessorImpl.invoke(DelegatingMethodAccessorImpl.java:43)
	at java.base/java.lang.reflect.Method.invoke(Method.java:569)
	at games.strategy.engine.message.unifiedmessenger.EndPoint.invokeSingle(EndPoint.java:137)
	at games.strategy.engine.message.unifiedmessenger.EndPoint.lambda$invokeMultiple$0(EndPoint.java:121)
	at java.base/java.util.stream.ReferencePipeline$3$1.accept(ReferencePipeline.java:197)
	at java.base/java.util.Spliterators$ArraySpliterator.forEachRemaining(Spliterators.java:992)
	at java.base/java.util.stream.AbstractPipeline.copyInto(AbstractPipeline.java:509)
	at java.base/java.util.stream.AbstractPipeline.wrapAndCopyInto(AbstractPipeline.java:499)
	at java.base/java.util.stream.ReduceOps$ReduceOp.evaluateSequential(ReduceOps.java:921)
	at java.base/java.util.stream.AbstractPipeline.evaluate(AbstractPipeline.java:234)
	at java.base/java.util.stream.ReferencePipeline.collect(ReferencePipeline.java:682)
	at games.strategy.engine.message.unifiedmessenger.EndPoint.invokeMultiple(EndPoint.java:122)
	at games.strategy.engine.message.unifiedmessenger.EndPoint.invokeLocal(EndPoint.java:112)
	at games.strategy.engine.message.unifiedmessenger.UnifiedMessenger.invokeAndWait(UnifiedMessenger.java:97)
	at games.strategy.engine.message.UnifiedInvocationHandler.invoke(UnifiedInvocationHandler.java:55)
	at jdk.proxy2/jdk.proxy2.$Proxy14.performMove(Unknown Source)
	at jdk.internal.reflect.GeneratedMethodAccessor35.invoke(Unknown Source)
	at java.base/jdk.internal.reflect.DelegatingMethodAccessorImpl.invoke(DelegatingMethodAccessorImpl.java:43)
	at java.base/java.lang.reflect.Method.invoke(Method.java:569)
	at games.strategy.engine.player.PlayerBridge$GameOverInvocationHandler.invoke(PlayerBridge.java:151)
	at jdk.proxy2/jdk.proxy2.$Proxy14.performMove(Unknown Source)
	at games.strategy.triplea.ai.tripleMind.util.ProMoveUtils.doMove(ProMoveUtils.java:431)
	at games.strategy.triplea.ai.tripleMind.AbstractTripleMindAi.move(AbstractTripleMindAi.java:222)
	at games.strategy.triplea.ai.AbstractAi.start(AbstractAi.java:521)
	at games.strategy.engine.framework.ServerGame.waitForPlayerToFinishStep(ServerGame.java:648)
	at games.strategy.engine.framework.ServerGame.runStep(ServerGame.java:478)
	at games.strategy.engine.framework.ServerGame.runNextStep(ServerGame.java:365)
	at games.strategy.engine.framework.ServerGame.startGame(ServerGame.java:333)
	at games.strategy.engine.framework.startup.launcher.LocalLauncher.launchInternal(LocalLauncher.java:92)
	at games.strategy.engine.framework.startup.launcher.LocalLauncher.lambda$launch$0(LocalLauncher.java:60)
	at java.base/java.lang.Thread.run(Thread.java:840)
114611 23:58:03.775 [Thread-8] INFO  org.triplea.sound.ClipPlayer - Unable to create audio device, is there audio on the system? Cannot create AudioDevice
javazoom.jl.decoder.JavaLayerException: Cannot create AudioDevice
	at javazoom.jl.player.FactoryRegistry.createAudioDevice(FactoryRegistry.java:97)
	at org.triplea.sound.ClipPlayer.hasAudio(ClipPlayer.java:144)
	at org.triplea.sound.ClipPlayer.isSoundEnabled(ClipPlayer.java:251)
	at org.triplea.sound.ClipPlayer.play(ClipPlayer.java:220)
	at org.triplea.sound.DefaultSoundChannel.playSoundForAll(DefaultSoundChannel.java:22)
	at jdk.internal.reflect.GeneratedMethodAccessor56.invoke(Unknown Source)
	at java.base/jdk.internal.reflect.DelegatingMethodAccessorImpl.invoke(DelegatingMethodAccessorImpl.java:43)
	at java.base/java.lang.reflect.Method.invoke(Method.java:569)
	at games.strategy.engine.message.unifiedmessenger.EndPoint.invokeSingle(EndPoint.java:137)
	at games.strategy.engine.message.unifiedmessenger.EndPoint.lambda$invokeMultiple$0(EndPoint.java:121)
	at java.base/java.util.stream.ReferencePipeline$3$1.accept(ReferencePipeline.java:197)
	at java.base/java.util.Spliterators$ArraySpliterator.forEachRemaining(Spliterators.java:992)
	at java.base/java.util.stream.AbstractPipeline.copyInto(AbstractPipeline.java:509)
	at java.base/java.util.stream.AbstractPipeline.wrapAndCopyInto(AbstractPipeline.java:499)
	at java.base/java.util.stream.ReduceOps$ReduceOp.evaluateSequential(ReduceOps.java:921)
	at java.base/java.util.stream.AbstractPipeline.evaluate(AbstractPipeline.java:234)
	at java.base/java.util.stream.ReferencePipeline.collect(ReferencePipeline.java:682)
	at games.strategy.engine.message.unifiedmessenger.EndPoint.invokeMultiple(EndPoint.java:122)
	at games.strategy.engine.message.unifiedmessenger.EndPoint.invokeLocal(EndPoint.java:112)
	at games.strategy.engine.message.unifiedmessenger.UnifiedMessenger.invoke(UnifiedMessenger.java:153)
	at games.strategy.engine.message.UnifiedInvocationHandler.invoke(UnifiedInvocationHandler.java:47)
	at jdk.proxy2/jdk.proxy2.$Proxy25.playSoundForAll(Unknown Source)
	at jdk.internal.reflect.GeneratedMethodAccessor55.invoke(Unknown Source)
	at java.base/jdk.internal.reflect.DelegatingMethodAccessorImpl.invoke(DelegatingMethodAccessorImpl.java:43)
	at java.base/java.lang.reflect.Method.invoke(Method.java:569)
	at games.strategy.engine.delegate.DelegateExecutionManager.lambda$newOutboundImplementation$1(DelegateExecutionManager.java:79)
	at jdk.proxy2/jdk.proxy2.$Proxy25.playSoundForAll(Unknown Source)
	at org.triplea.sound.SoundUtils.playBattleType(SoundUtils.java:42)
	at games.strategy.triplea.delegate.battle.MustFightBattle.fight(MustFightBattle.java:686)
	at games.strategy.triplea.delegate.battle.BattleDelegate.fightBattle(BattleDelegate.java:243)
	at java.base/jdk.internal.reflect.NativeMethodAccessorImpl.invoke0(Native Method)
	at java.base/jdk.internal.reflect.NativeMethodAccessorImpl.invoke(NativeMethodAccessorImpl.java:77)
	at java.base/jdk.internal.reflect.DelegatingMethodAccessorImpl.invoke(DelegatingMethodAccessorImpl.java:43)
	at java.base/java.lang.reflect.Method.invoke(Method.java:569)
	at games.strategy.engine.delegate.DelegateExecutionManager$1.invoke(DelegateExecutionManager.java:120)
	at jdk.proxy2/jdk.proxy2.$Proxy13.fightBattle(Unknown Source)
	at java.base/jdk.internal.reflect.NativeMethodAccessorImpl.invoke0(Native Method)
	at java.base/jdk.internal.reflect.NativeMethodAccessorImpl.invoke(NativeMethodAccessorImpl.java:77)
	at java.base/jdk.internal.reflect.DelegatingMethodAccessorImpl.invoke(DelegatingMethodAccessorImpl.java:43)
	at java.base/java.lang.reflect.Method.invoke(Method.java:569)
	at games.strategy.engine.message.unifiedmessenger.EndPoint.invokeSingle(EndPoint.java:137)
	at games.strategy.engine.message.unifiedmessenger.EndPoint.lambda$invokeMultiple$0(EndPoint.java:121)
	at java.base/java.util.stream.ReferencePipeline$3$1.accept(ReferencePipeline.java:197)
	at java.base/java.util.Spliterators$ArraySpliterator.forEachRemaining(Spliterators.java:992)
	at java.base/java.util.stream.AbstractPipeline.copyInto(AbstractPipeline.java:509)
	at java.base/java.util.stream.AbstractPipeline.wrapAndCopyInto(AbstractPipeline.java:499)
	at java.base/java.util.stream.ReduceOps$ReduceOp.evaluateSequential(ReduceOps.java:921)
	at java.base/java.util.stream.AbstractPipeline.evaluate(AbstractPipeline.java:234)
	at java.base/java.util.stream.ReferencePipeline.collect(ReferencePipeline.java:682)
	at games.strategy.engine.message.unifiedmessenger.EndPoint.invokeMultiple(EndPoint.java:122)
	at games.strategy.engine.message.unifiedmessenger.EndPoint.invokeLocal(EndPoint.java:112)
	at games.strategy.engine.message.unifiedmessenger.UnifiedMessenger.invokeAndWait(UnifiedMessenger.java:97)
	at games.strategy.engine.message.UnifiedInvocationHandler.invoke(UnifiedInvocationHandler.java:55)
	at jdk.proxy2/jdk.proxy2.$Proxy13.fightBattle(Unknown Source)
	at java.base/jdk.internal.reflect.NativeMethodAccessorImpl.invoke0(Native Method)
	at java.base/jdk.internal.reflect.NativeMethodAccessorImpl.invoke(NativeMethodAccessorImpl.java:77)
	at java.base/jdk.internal.reflect.DelegatingMethodAccessorImpl.invoke(DelegatingMethodAccessorImpl.java:43)
	at java.base/java.lang.reflect.Method.invoke(Method.java:569)
	at games.strategy.engine.player.PlayerBridge$GameOverInvocationHandler.invoke(PlayerBridge.java:151)
	at jdk.proxy2/jdk.proxy2.$Proxy13.fightBattle(Unknown Source)
	at games.strategy.triplea.ai.AbstractAi.battle(AbstractAi.java:618)
	at games.strategy.triplea.ai.AbstractAi.start(AbstractAi.java:525)
	at games.strategy.engine.framework.ServerGame.waitForPlayerToFinishStep(ServerGame.java:648)
	at games.strategy.engine.framework.ServerGame.runStep(ServerGame.java:478)
	at games.strategy.engine.framework.ServerGame.runNextStep(ServerGame.java:365)
	at games.strategy.engine.framework.ServerGame.startGame(ServerGame.java:333)
	at games.strategy.engine.framework.startup.launcher.LocalLauncher.launchInternal(LocalLauncher.java:92)
	at games.strategy.engine.framework.startup.launcher.LocalLauncher.lambda$launch$0(LocalLauncher.java:60)
	at java.base/java.lang.Thread.run(Thread.java:840)
119033 23:58:08.197 [Thread-8] INFO  org.triplea.sound.ClipPlayer - Unable to create audio device, is there audio on the system? Cannot create AudioDevice
javazoom.jl.decoder.JavaLayerException: Cannot create AudioDevice
	at javazoom.jl.player.FactoryRegistry.createAudioDevice(FactoryRegistry.java:97)
	at org.triplea.sound.ClipPlayer.hasAudio(ClipPlayer.java:144)
	at org.triplea.sound.ClipPlayer.isSoundEnabled(ClipPlayer.java:251)
	at org.triplea.sound.ClipPlayer.play(ClipPlayer.java:220)
	at org.triplea.sound.DefaultSoundChannel.playSoundForAll(DefaultSoundChannel.java:22)
	at jdk.internal.reflect.GeneratedMethodAccessor56.invoke(Unknown Source)
	at java.base/jdk.internal.reflect.DelegatingMethodAccessorImpl.invoke(DelegatingMethodAccessorImpl.java:43)
	at java.base/java.lang.reflect.Method.invoke(Method.java:569)
	at games.strategy.engine.message.unifiedmessenger.EndPoint.invokeSingle(EndPoint.java:137)
	at games.strategy.engine.message.unifiedmessenger.EndPoint.lambda$invokeMultiple$0(EndPoint.java:121)
	at java.base/java.util.stream.ReferencePipeline$3$1.accept(ReferencePipeline.java:197)
	at java.base/java.util.Spliterators$ArraySpliterator.forEachRemaining(Spliterators.java:992)
	at java.base/java.util.stream.AbstractPipeline.copyInto(AbstractPipeline.java:509)
	at java.base/java.util.stream.AbstractPipeline.wrapAndCopyInto(AbstractPipeline.java:499)
	at java.base/java.util.stream.ReduceOps$ReduceOp.evaluateSequential(ReduceOps.java:921)
	at java.base/java.util.stream.AbstractPipeline.evaluate(AbstractPipeline.java:234)
	at java.base/java.util.stream.ReferencePipeline.collect(ReferencePipeline.java:682)
	at games.strategy.engine.message.unifiedmessenger.EndPoint.invokeMultiple(EndPoint.java:122)
	at games.strategy.engine.message.unifiedmessenger.EndPoint.invokeLocal(EndPoint.java:112)
	at games.strategy.engine.message.unifiedmessenger.UnifiedMessenger.invoke(UnifiedMessenger.java:153)
	at games.strategy.engine.message.UnifiedInvocationHandler.invoke(UnifiedInvocationHandler.java:47)
	at jdk.proxy2/jdk.proxy2.$Proxy25.playSoundForAll(Unknown Source)
	at jdk.internal.reflect.GeneratedMethodAccessor55.invoke(Unknown Source)
	at java.base/jdk.internal.reflect.DelegatingMethodAccessorImpl.invoke(DelegatingMethodAccessorImpl.java:43)
	at java.base/java.lang.reflect.Method.invoke(Method.java:569)
	at games.strategy.engine.delegate.DelegateExecutionManager.lambda$newOutboundImplementation$1(DelegateExecutionManager.java:79)
	at jdk.proxy2/jdk.proxy2.$Proxy25.playSoundForAll(Unknown Source)
	at games.strategy.triplea.delegate.battle.BattleTracker.takeOver(BattleTracker.java:794)
	at games.strategy.triplea.delegate.battle.MustFightBattle.attackerWins(MustFightBattle.java:1430)
	at games.strategy.triplea.delegate.battle.MustFightBattle.endBattle(MustFightBattle.java:462)
	at games.strategy.triplea.delegate.battle.steps.change.CheckGeneralBattleEnd.execute(CheckGeneralBattleEnd.java:64)
	at games.strategy.triplea.delegate.ExecutionStack.execute(ExecutionStack.java:34)
	at games.strategy.triplea.delegate.battle.MustFightBattle.fight(MustFightBattle.java:690)
	at games.strategy.triplea.delegate.battle.BattleDelegate.fightBattle(BattleDelegate.java:243)
	at java.base/jdk.internal.reflect.NativeMethodAccessorImpl.invoke0(Native Method)
	at java.base/jdk.internal.reflect.NativeMethodAccessorImpl.invoke(NativeMethodAccessorImpl.java:77)
	at java.base/jdk.internal.reflect.DelegatingMethodAccessorImpl.invoke(DelegatingMethodAccessorImpl.java:43)
	at java.base/java.lang.reflect.Method.invoke(Method.java:569)
	at games.strategy.engine.delegate.DelegateExecutionManager$1.invoke(DelegateExecutionManager.java:120)
	at jdk.proxy2/jdk.proxy2.$Proxy13.fightBattle(Unknown Source)
	at java.base/jdk.internal.reflect.NativeMethodAccessorImpl.invoke0(Native Method)
	at java.base/jdk.internal.reflect.NativeMethodAccessorImpl.invoke(NativeMethodAccessorImpl.java:77)
	at java.base/jdk.internal.reflect.DelegatingMethodAccessorImpl.invoke(DelegatingMethodAccessorImpl.java:43)
	at java.base/java.lang.reflect.Method.invoke(Method.java:569)
	at games.strategy.engine.message.unifiedmessenger.EndPoint.invokeSingle(EndPoint.java:137)
	at games.strategy.engine.message.unifiedmessenger.EndPoint.lambda$invokeMultiple$0(EndPoint.java:121)
	at java.base/java.util.stream.ReferencePipeline$3$1.accept(ReferencePipeline.java:197)
	at java.base/java.util.Spliterators$ArraySpliterator.forEachRemaining(Spliterators.java:992)
	at java.base/java.util.stream.AbstractPipeline.copyInto(AbstractPipeline.java:509)
	at java.base/java.util.stream.AbstractPipeline.wrapAndCopyInto(AbstractPipeline.java:499)
	at java.base/java.util.stream.ReduceOps$ReduceOp.evaluateSequential(ReduceOps.java:921)
	at java.base/java.util.stream.AbstractPipeline.evaluate(AbstractPipeline.java:234)
	at java.base/java.util.stream.ReferencePipeline.collect(ReferencePipeline.java:682)
	at games.strategy.engine.message.unifiedmessenger.EndPoint.invokeMultiple(EndPoint.java:122)
	at games.strategy.engine.message.unifiedmessenger.EndPoint.invokeLocal(EndPoint.java:112)
	at games.strategy.engine.message.unifiedmessenger.UnifiedMessenger.invokeAndWait(UnifiedMessenger.java:97)
	at games.strategy.engine.message.UnifiedInvocationHandler.invoke(UnifiedInvocationHandler.java:55)
	at jdk.proxy2/jdk.proxy2.$Proxy13.fightBattle(Unknown Source)
	at java.base/jdk.internal.reflect.NativeMethodAccessorImpl.invoke0(Native Method)
	at java.base/jdk.internal.reflect.NativeMethodAccessorImpl.invoke(NativeMethodAccessorImpl.java:77)
	at java.base/jdk.internal.reflect.DelegatingMethodAccessorImpl.invoke(DelegatingMethodAccessorImpl.java:43)
	at java.base/java.lang.reflect.Method.invoke(Method.java:569)
	at games.strategy.engine.player.PlayerBridge$GameOverInvocationHandler.invoke(PlayerBridge.java:151)
	at jdk.proxy2/jdk.proxy2.$Proxy13.fightBattle(Unknown Source)
	at games.strategy.triplea.ai.AbstractAi.battle(AbstractAi.java:618)
	at games.strategy.triplea.ai.AbstractAi.start(AbstractAi.java:525)
	at games.strategy.engine.framework.ServerGame.waitForPlayerToFinishStep(ServerGame.java:648)
	at games.strategy.engine.framework.ServerGame.runStep(ServerGame.java:478)
	at games.strategy.engine.framework.ServerGame.runNextStep(ServerGame.java:365)
	at games.strategy.engine.framework.ServerGame.startGame(ServerGame.java:333)
	at games.strategy.engine.framework.startup.launcher.LocalLauncher.launchInternal(LocalLauncher.java:92)
	at games.strategy.engine.framework.startup.launcher.LocalLauncher.lambda$launch$0(LocalLauncher.java:60)
	at java.base/java.lang.Thread.run(Thread.java:840)
119151 23:58:08.315 [Thread-8] INFO  org.triplea.sound.ClipPlayer - Unable to create audio device, is there audio on the system? Cannot create AudioDevice
javazoom.jl.decoder.JavaLayerException: Cannot create AudioDevice
	at javazoom.jl.player.FactoryRegistry.createAudioDevice(FactoryRegistry.java:97)
	at org.triplea.sound.ClipPlayer.hasAudio(ClipPlayer.java:144)
	at org.triplea.sound.ClipPlayer.isSoundEnabled(ClipPlayer.java:251)
	at org.triplea.sound.ClipPlayer.play(ClipPlayer.java:220)
	at org.triplea.sound.DefaultSoundChannel.playSoundForAll(DefaultSoundChannel.java:22)
	at jdk.internal.reflect.GeneratedMethodAccessor56.invoke(Unknown Source)
	at java.base/jdk.internal.reflect.DelegatingMethodAccessorImpl.invoke(DelegatingMethodAccessorImpl.java:43)
	at java.base/java.lang.reflect.Method.invoke(Method.java:569)
	at games.strategy.engine.message.unifiedmessenger.EndPoint.invokeSingle(EndPoint.java:137)
	at games.strategy.engine.message.unifiedmessenger.EndPoint.lambda$invokeMultiple$0(EndPoint.java:121)
	at java.base/java.util.stream.ReferencePipeline$3$1.accept(ReferencePipeline.java:197)
	at java.base/java.util.Spliterators$ArraySpliterator.forEachRemaining(Spliterators.java:992)
	at java.base/java.util.stream.AbstractPipeline.copyInto(AbstractPipeline.java:509)
	at java.base/java.util.stream.AbstractPipeline.wrapAndCopyInto(AbstractPipeline.java:499)
	at java.base/java.util.stream.ReduceOps$ReduceOp.evaluateSequential(ReduceOps.java:921)
	at java.base/java.util.stream.AbstractPipeline.evaluate(AbstractPipeline.java:234)
	at java.base/java.util.stream.ReferencePipeline.collect(ReferencePipeline.java:682)
	at games.strategy.engine.message.unifiedmessenger.EndPoint.invokeMultiple(EndPoint.java:122)
	at games.strategy.engine.message.unifiedmessenger.EndPoint.invokeLocal(EndPoint.java:112)
	at games.strategy.engine.message.unifiedmessenger.UnifiedMessenger.invoke(UnifiedMessenger.java:153)
	at games.strategy.engine.message.UnifiedInvocationHandler.invoke(UnifiedInvocationHandler.java:47)
	at jdk.proxy2/jdk.proxy2.$Proxy25.playSoundForAll(Unknown Source)
	at jdk.internal.reflect.GeneratedMethodAccessor55.invoke(Unknown Source)
	at java.base/jdk.internal.reflect.DelegatingMethodAccessorImpl.invoke(DelegatingMethodAccessorImpl.java:43)
	at java.base/java.lang.reflect.Method.invoke(Method.java:569)
	at games.strategy.engine.delegate.DelegateExecutionManager.lambda$newOutboundImplementation$1(DelegateExecutionManager.java:79)
	at jdk.proxy2/jdk.proxy2.$Proxy25.playSoundForAll(Unknown Source)
	at org.triplea.sound.SoundUtils.playBattleType(SoundUtils.java:42)
	at games.strategy.triplea.delegate.battle.MustFightBattle.fight(MustFightBattle.java:686)
	at games.strategy.triplea.delegate.battle.BattleDelegate.fightBattle(BattleDelegate.java:243)
	at java.base/jdk.internal.reflect.NativeMethodAccessorImpl.invoke0(Native Method)
	at java.base/jdk.internal.reflect.NativeMethodAccessorImpl.invoke(NativeMethodAccessorImpl.java:77)
	at java.base/jdk.internal.reflect.DelegatingMethodAccessorImpl.invoke(DelegatingMethodAccessorImpl.java:43)
	at java.base/java.lang.reflect.Method.invoke(Method.java:569)
	at games.strategy.engine.delegate.DelegateExecutionManager$1.invoke(DelegateExecutionManager.java:120)
	at jdk.proxy2/jdk.proxy2.$Proxy13.fightBattle(Unknown Source)
	at java.base/jdk.internal.reflect.NativeMethodAccessorImpl.invoke0(Native Method)
	at java.base/jdk.internal.reflect.NativeMethodAccessorImpl.invoke(NativeMethodAccessorImpl.java:77)
	at java.base/jdk.internal.reflect.DelegatingMethodAccessorImpl.invoke(DelegatingMethodAccessorImpl.java:43)
	at java.base/java.lang.reflect.Method.invoke(Method.java:569)
	at games.strategy.engine.message.unifiedmessenger.EndPoint.invokeSingle(EndPoint.java:137)
	at games.strategy.engine.message.unifiedmessenger.EndPoint.lambda$invokeMultiple$0(EndPoint.java:121)
	at java.base/java.util.stream.ReferencePipeline$3$1.accept(ReferencePipeline.java:197)
	at java.base/java.util.Spliterators$ArraySpliterator.forEachRemaining(Spliterators.java:992)
	at java.base/java.util.stream.AbstractPipeline.copyInto(AbstractPipeline.java:509)
	at java.base/java.util.stream.AbstractPipeline.wrapAndCopyInto(AbstractPipeline.java:499)
	at java.base/java.util.stream.ReduceOps$ReduceOp.evaluateSequential(ReduceOps.java:921)
	at java.base/java.util.stream.AbstractPipeline.evaluate(AbstractPipeline.java:234)
	at java.base/java.util.stream.ReferencePipeline.collect(ReferencePipeline.java:682)
	at games.strategy.engine.message.unifiedmessenger.EndPoint.invokeMultiple(EndPoint.java:122)
	at games.strategy.engine.message.unifiedmessenger.EndPoint.invokeLocal(EndPoint.java:112)
	at games.strategy.engine.message.unifiedmessenger.UnifiedMessenger.invokeAndWait(UnifiedMessenger.java:97)
	at games.strategy.engine.message.UnifiedInvocationHandler.invoke(UnifiedInvocationHandler.java:55)
	at jdk.proxy2/jdk.proxy2.$Proxy13.fightBattle(Unknown Source)
	at java.base/jdk.internal.reflect.NativeMethodAccessorImpl.invoke0(Native Method)
	at java.base/jdk.internal.reflect.NativeMethodAccessorImpl.invoke(NativeMethodAccessorImpl.java:77)
	at java.base/jdk.internal.reflect.DelegatingMethodAccessorImpl.invoke(DelegatingMethodAccessorImpl.java:43)
	at java.base/java.lang.reflect.Method.invoke(Method.java:569)
	at games.strategy.engine.player.PlayerBridge$GameOverInvocationHandler.invoke(PlayerBridge.java:151)
	at jdk.proxy2/jdk.proxy2.$Proxy13.fightBattle(Unknown Source)
	at games.strategy.triplea.ai.AbstractAi.battle(AbstractAi.java:618)
	at games.strategy.triplea.ai.AbstractAi.start(AbstractAi.java:525)
	at games.strategy.engine.framework.ServerGame.waitForPlayerToFinishStep(ServerGame.java:648)
	at games.strategy.engine.framework.ServerGame.runStep(ServerGame.java:478)
	at games.strategy.engine.framework.ServerGame.runNextStep(ServerGame.java:365)
	at games.strategy.engine.framework.ServerGame.startGame(ServerGame.java:333)
	at games.strategy.engine.framework.startup.launcher.LocalLauncher.launchInternal(LocalLauncher.java:92)
	at games.strategy.engine.framework.startup.launcher.LocalLauncher.lambda$launch$0(LocalLauncher.java:60)
	at java.base/java.lang.Thread.run(Thread.java:840)
123459 23:58:12.623 [Thread-8] INFO  org.triplea.sound.ClipPlayer - Unable to create audio device, is there audio on the system? Cannot create AudioDevice
javazoom.jl.decoder.JavaLayerException: Cannot create AudioDevice
	at javazoom.jl.player.FactoryRegistry.createAudioDevice(FactoryRegistry.java:97)
	at org.triplea.sound.ClipPlayer.hasAudio(ClipPlayer.java:144)
	at org.triplea.sound.ClipPlayer.isSoundEnabled(ClipPlayer.java:251)
	at org.triplea.sound.ClipPlayer.play(ClipPlayer.java:220)
	at org.triplea.sound.DefaultSoundChannel.playSoundForAll(DefaultSoundChannel.java:22)
	at jdk.internal.reflect.GeneratedMethodAccessor56.invoke(Unknown Source)
	at java.base/jdk.internal.reflect.DelegatingMethodAccessorImpl.invoke(DelegatingMethodAccessorImpl.java:43)
	at java.base/java.lang.reflect.Method.invoke(Method.java:569)
	at games.strategy.engine.message.unifiedmessenger.EndPoint.invokeSingle(EndPoint.java:137)
	at games.strategy.engine.message.unifiedmessenger.EndPoint.lambda$invokeMultiple$0(EndPoint.java:121)
	at java.base/java.util.stream.ReferencePipeline$3$1.accept(ReferencePipeline.java:197)
	at java.base/java.util.Spliterators$ArraySpliterator.forEachRemaining(Spliterators.java:992)
	at java.base/java.util.stream.AbstractPipeline.copyInto(AbstractPipeline.java:509)
	at java.base/java.util.stream.AbstractPipeline.wrapAndCopyInto(AbstractPipeline.java:499)
	at java.base/java.util.stream.ReduceOps$ReduceOp.evaluateSequential(ReduceOps.java:921)
	at java.base/java.util.stream.AbstractPipeline.evaluate(AbstractPipeline.java:234)
	at java.base/java.util.stream.ReferencePipeline.collect(ReferencePipeline.java:682)
	at games.strategy.engine.message.unifiedmessenger.EndPoint.invokeMultiple(EndPoint.java:122)
	at games.strategy.engine.message.unifiedmessenger.EndPoint.invokeLocal(EndPoint.java:112)
	at games.strategy.engine.message.unifiedmessenger.UnifiedMessenger.invoke(UnifiedMessenger.java:153)
	at games.strategy.engine.message.UnifiedInvocationHandler.invoke(UnifiedInvocationHandler.java:47)
	at jdk.proxy2/jdk.proxy2.$Proxy25.playSoundForAll(Unknown Source)
	at jdk.internal.reflect.GeneratedMethodAccessor55.invoke(Unknown Source)
	at java.base/jdk.internal.reflect.DelegatingMethodAccessorImpl.invoke(DelegatingMethodAccessorImpl.java:43)
	at java.base/java.lang.reflect.Method.invoke(Method.java:569)
	at games.strategy.engine.delegate.DelegateExecutionManager.lambda$newOutboundImplementation$1(DelegateExecutionManager.java:79)
	at jdk.proxy2/jdk.proxy2.$Proxy25.playSoundForAll(Unknown Source)
	at games.strategy.triplea.delegate.battle.BattleTracker.takeOver(BattleTracker.java:794)
	at games.strategy.triplea.delegate.battle.MustFightBattle.attackerWins(MustFightBattle.java:1430)
	at games.strategy.triplea.delegate.battle.MustFightBattle.endBattle(MustFightBattle.java:462)
	at games.strategy.triplea.delegate.battle.steps.change.CheckGeneralBattleEnd.execute(CheckGeneralBattleEnd.java:64)
	at games.strategy.triplea.delegate.ExecutionStack.execute(ExecutionStack.java:34)
	at games.strategy.triplea.delegate.battle.MustFightBattle.fight(MustFightBattle.java:690)
	at games.strategy.triplea.delegate.battle.BattleDelegate.fightBattle(BattleDelegate.java:243)
	at java.base/jdk.internal.reflect.NativeMethodAccessorImpl.invoke0(Native Method)
	at java.base/jdk.internal.reflect.NativeMethodAccessorImpl.invoke(NativeMethodAccessorImpl.java:77)
	at java.base/jdk.internal.reflect.DelegatingMethodAccessorImpl.invoke(DelegatingMethodAccessorImpl.java:43)
	at java.base/java.lang.reflect.Method.invoke(Method.java:569)
	at games.strategy.engine.delegate.DelegateExecutionManager$1.invoke(DelegateExecutionManager.java:120)
	at jdk.proxy2/jdk.proxy2.$Proxy13.fightBattle(Unknown Source)
	at java.base/jdk.internal.reflect.NativeMethodAccessorImpl.invoke0(Native Method)
	at java.base/jdk.internal.reflect.NativeMethodAccessorImpl.invoke(NativeMethodAccessorImpl.java:77)
	at java.base/jdk.internal.reflect.DelegatingMethodAccessorImpl.invoke(DelegatingMethodAccessorImpl.java:43)
	at java.base/java.lang.reflect.Method.invoke(Method.java:569)
	at games.strategy.engine.message.unifiedmessenger.EndPoint.invokeSingle(EndPoint.java:137)
	at games.strategy.engine.message.unifiedmessenger.EndPoint.lambda$invokeMultiple$0(EndPoint.java:121)
	at java.base/java.util.stream.ReferencePipeline$3$1.accept(ReferencePipeline.java:197)
	at java.base/java.util.Spliterators$ArraySpliterator.forEachRemaining(Spliterators.java:992)
	at java.base/java.util.stream.AbstractPipeline.copyInto(AbstractPipeline.java:509)
	at java.base/java.util.stream.AbstractPipeline.wrapAndCopyInto(AbstractPipeline.java:499)
	at java.base/java.util.stream.ReduceOps$ReduceOp.evaluateSequential(ReduceOps.java:921)
	at java.base/java.util.stream.AbstractPipeline.evaluate(AbstractPipeline.java:234)
	at java.base/java.util.stream.ReferencePipeline.collect(ReferencePipeline.java:682)
	at games.strategy.engine.message.unifiedmessenger.EndPoint.invokeMultiple(EndPoint.java:122)
	at games.strategy.engine.message.unifiedmessenger.EndPoint.invokeLocal(EndPoint.java:112)
	at games.strategy.engine.message.unifiedmessenger.UnifiedMessenger.invokeAndWait(UnifiedMessenger.java:97)
	at games.strategy.engine.message.UnifiedInvocationHandler.invoke(UnifiedInvocationHandler.java:55)
	at jdk.proxy2/jdk.proxy2.$Proxy13.fightBattle(Unknown Source)
	at java.base/jdk.internal.reflect.NativeMethodAccessorImpl.invoke0(Native Method)
	at java.base/jdk.internal.reflect.NativeMethodAccessorImpl.invoke(NativeMethodAccessorImpl.java:77)
	at java.base/jdk.internal.reflect.DelegatingMethodAccessorImpl.invoke(DelegatingMethodAccessorImpl.java:43)
	at java.base/java.lang.reflect.Method.invoke(Method.java:569)
	at games.strategy.engine.player.PlayerBridge$GameOverInvocationHandler.invoke(PlayerBridge.java:151)
	at jdk.proxy2/jdk.proxy2.$Proxy13.fightBattle(Unknown Source)
	at games.strategy.triplea.ai.AbstractAi.battle(AbstractAi.java:618)
	at games.strategy.triplea.ai.AbstractAi.start(AbstractAi.java:525)
	at games.strategy.engine.framework.ServerGame.waitForPlayerToFinishStep(ServerGame.java:648)
	at games.strategy.engine.framework.ServerGame.runStep(ServerGame.java:478)
	at games.strategy.engine.framework.ServerGame.runNextStep(ServerGame.java:365)
	at games.strategy.engine.framework.ServerGame.startGame(ServerGame.java:333)
	at games.strategy.engine.framework.startup.launcher.LocalLauncher.launchInternal(LocalLauncher.java:92)
	at games.strategy.engine.framework.startup.launcher.LocalLauncher.lambda$launch$0(LocalLauncher.java:60)
	at java.base/java.lang.Thread.run(Thread.java:840)
124397 23:58:13.561 [Thread-8] INFO  org.triplea.sound.ClipPlayer - Unable to create audio device, is there audio on the system? Cannot create AudioDevice
javazoom.jl.decoder.JavaLayerException: Cannot create AudioDevice
	at javazoom.jl.player.FactoryRegistry.createAudioDevice(FactoryRegistry.java:97)
	at org.triplea.sound.ClipPlayer.hasAudio(ClipPlayer.java:144)
	at org.triplea.sound.ClipPlayer.isSoundEnabled(ClipPlayer.java:251)
	at org.triplea.sound.ClipPlayer.play(ClipPlayer.java:220)
	at org.triplea.sound.DefaultSoundChannel.playSoundForAll(DefaultSoundChannel.java:22)
	at jdk.internal.reflect.GeneratedMethodAccessor56.invoke(Unknown Source)
	at java.base/jdk.internal.reflect.DelegatingMethodAccessorImpl.invoke(DelegatingMethodAccessorImpl.java:43)
	at java.base/java.lang.reflect.Method.invoke(Method.java:569)
	at games.strategy.engine.message.unifiedmessenger.EndPoint.invokeSingle(EndPoint.java:137)
	at games.strategy.engine.message.unifiedmessenger.EndPoint.lambda$invokeMultiple$0(EndPoint.java:121)
	at java.base/java.util.stream.ReferencePipeline$3$1.accept(ReferencePipeline.java:197)
	at java.base/java.util.Spliterators$ArraySpliterator.forEachRemaining(Spliterators.java:992)
	at java.base/java.util.stream.AbstractPipeline.copyInto(AbstractPipeline.java:509)
	at java.base/java.util.stream.AbstractPipeline.wrapAndCopyInto(AbstractPipeline.java:499)
	at java.base/java.util.stream.ReduceOps$ReduceOp.evaluateSequential(ReduceOps.java:921)
	at java.base/java.util.stream.AbstractPipeline.evaluate(AbstractPipeline.java:234)
	at java.base/java.util.stream.ReferencePipeline.collect(ReferencePipeline.java:682)
	at games.strategy.engine.message.unifiedmessenger.EndPoint.invokeMultiple(EndPoint.java:122)
	at games.strategy.engine.message.unifiedmessenger.EndPoint.invokeLocal(EndPoint.java:112)
	at games.strategy.engine.message.unifiedmessenger.UnifiedMessenger.invoke(UnifiedMessenger.java:153)
	at games.strategy.engine.message.UnifiedInvocationHandler.invoke(UnifiedInvocationHandler.java:47)
	at jdk.proxy2/jdk.proxy2.$Proxy25.playSoundForAll(Unknown Source)
	at jdk.internal.reflect.GeneratedMethodAccessor55.invoke(Unknown Source)
	at java.base/jdk.internal.reflect.DelegatingMethodAccessorImpl.invoke(DelegatingMethodAccessorImpl.java:43)
	at java.base/java.lang.reflect.Method.invoke(Method.java:569)
	at games.strategy.engine.delegate.DelegateExecutionManager.lambda$newOutboundImplementation$1(DelegateExecutionManager.java:79)
	at jdk.proxy2/jdk.proxy2.$Proxy25.playSoundForAll(Unknown Source)
	at games.strategy.triplea.delegate.AbstractPlaceDelegate.placeUnits(AbstractPlaceDelegate.java:302)
	at games.strategy.triplea.delegate.AbstractPlaceDelegate.placeUnits(AbstractPlaceDelegate.java:201)
	at jdk.internal.reflect.GeneratedMethodAccessor54.invoke(Unknown Source)
	at java.base/jdk.internal.reflect.DelegatingMethodAccessorImpl.invoke(DelegatingMethodAccessorImpl.java:43)
	at java.base/java.lang.reflect.Method.invoke(Method.java:569)
	at games.strategy.engine.delegate.DelegateExecutionManager$1.invoke(DelegateExecutionManager.java:120)
	at jdk.proxy2/jdk.proxy2.$Proxy16.placeUnits(Unknown Source)
	at jdk.internal.reflect.GeneratedMethodAccessor62.invoke(Unknown Source)
	at java.base/jdk.internal.reflect.DelegatingMethodAccessorImpl.invoke(DelegatingMethodAccessorImpl.java:43)
	at java.base/java.lang.reflect.Method.invoke(Method.java:569)
	at games.strategy.engine.message.unifiedmessenger.EndPoint.invokeSingle(EndPoint.java:137)
	at games.strategy.engine.message.unifiedmessenger.EndPoint.lambda$invokeMultiple$0(EndPoint.java:121)
	at java.base/java.util.stream.ReferencePipeline$3$1.accept(ReferencePipeline.java:197)
	at java.base/java.util.Spliterators$ArraySpliterator.forEachRemaining(Spliterators.java:992)
	at java.base/java.util.stream.AbstractPipeline.copyInto(AbstractPipeline.java:509)
	at java.base/java.util.stream.AbstractPipeline.wrapAndCopyInto(AbstractPipeline.java:499)
	at java.base/java.util.stream.ReduceOps$ReduceOp.evaluateSequential(ReduceOps.java:921)
	at java.base/java.util.stream.AbstractPipeline.evaluate(AbstractPipeline.java:234)
	at java.base/java.util.stream.ReferencePipeline.collect(ReferencePipeline.java:682)
	at games.strategy.engine.message.unifiedmessenger.EndPoint.invokeMultiple(EndPoint.java:122)
	at games.strategy.engine.message.unifiedmessenger.EndPoint.invokeLocal(EndPoint.java:112)
	at games.strategy.engine.message.unifiedmessenger.UnifiedMessenger.invokeAndWait(UnifiedMessenger.java:97)
	at games.strategy.engine.message.UnifiedInvocationHandler.invoke(UnifiedInvocationHandler.java:55)
	at jdk.proxy2/jdk.proxy2.$Proxy16.placeUnits(Unknown Source)
	at jdk.internal.reflect.GeneratedMethodAccessor54.invoke(Unknown Source)
	at java.base/jdk.internal.reflect.DelegatingMethodAccessorImpl.invoke(DelegatingMethodAccessorImpl.java:43)
	at java.base/java.lang.reflect.Method.invoke(Method.java:569)
	at games.strategy.engine.player.PlayerBridge$GameOverInvocationHandler.invoke(PlayerBridge.java:151)
	at jdk.proxy2/jdk.proxy2.$Proxy16.placeUnits(Unknown Source)
	at games.strategy.triplea.ai.tripleMind.ProPurchaseAi.doPlace(ProPurchaseAi.java:2627)
	at games.strategy.triplea.ai.tripleMind.ProPurchaseAi.placeUnits(ProPurchaseAi.java:2545)
	at games.strategy.triplea.ai.tripleMind.ProPurchaseAi.place(ProPurchaseAi.java:562)
	at games.strategy.triplea.ai.tripleMind.AbstractTripleMindAi.place(AbstractTripleMindAi.java:380)
	at games.strategy.triplea.ai.AbstractAi.start(AbstractAi.java:531)
	at games.strategy.engine.framework.ServerGame.waitForPlayerToFinishStep(ServerGame.java:648)
	at games.strategy.engine.framework.ServerGame.runStep(ServerGame.java:478)
	at games.strategy.engine.framework.ServerGame.runNextStep(ServerGame.java:365)
	at games.strategy.engine.framework.ServerGame.startGame(ServerGame.java:333)
	at games.strategy.engine.framework.startup.launcher.LocalLauncher.launchInternal(LocalLauncher.java:92)
	at games.strategy.engine.framework.startup.launcher.LocalLauncher.lambda$launch$0(LocalLauncher.java:60)
	at java.base/java.lang.Thread.run(Thread.java:840)
124525 23:58:13.689 [Thread-8] INFO  org.triplea.sound.ClipPlayer - Unable to create audio device, is there audio on the system? Cannot create AudioDevice
javazoom.jl.decoder.JavaLayerException: Cannot create AudioDevice
	at javazoom.jl.player.FactoryRegistry.createAudioDevice(FactoryRegistry.java:97)
	at org.triplea.sound.ClipPlayer.hasAudio(ClipPlayer.java:144)
	at org.triplea.sound.ClipPlayer.isSoundEnabled(ClipPlayer.java:251)
	at org.triplea.sound.ClipPlayer.play(ClipPlayer.java:220)
	at org.triplea.sound.DefaultSoundChannel.playSoundForAll(DefaultSoundChannel.java:22)
	at jdk.internal.reflect.GeneratedMethodAccessor56.invoke(Unknown Source)
	at java.base/jdk.internal.reflect.DelegatingMethodAccessorImpl.invoke(DelegatingMethodAccessorImpl.java:43)
	at java.base/java.lang.reflect.Method.invoke(Method.java:569)
	at games.strategy.engine.message.unifiedmessenger.EndPoint.invokeSingle(EndPoint.java:137)
	at games.strategy.engine.message.unifiedmessenger.EndPoint.lambda$invokeMultiple$0(EndPoint.java:121)
	at java.base/java.util.stream.ReferencePipeline$3$1.accept(ReferencePipeline.java:197)
	at java.base/java.util.Spliterators$ArraySpliterator.forEachRemaining(Spliterators.java:992)
	at java.base/java.util.stream.AbstractPipeline.copyInto(AbstractPipeline.java:509)
	at java.base/java.util.stream.AbstractPipeline.wrapAndCopyInto(AbstractPipeline.java:499)
	at java.base/java.util.stream.ReduceOps$ReduceOp.evaluateSequential(ReduceOps.java:921)
	at java.base/java.util.stream.AbstractPipeline.evaluate(AbstractPipeline.java:234)
	at java.base/java.util.stream.ReferencePipeline.collect(ReferencePipeline.java:682)
	at games.strategy.engine.message.unifiedmessenger.EndPoint.invokeMultiple(EndPoint.java:122)
	at games.strategy.engine.message.unifiedmessenger.EndPoint.invokeLocal(EndPoint.java:112)
	at games.strategy.engine.message.unifiedmessenger.UnifiedMessenger.invoke(UnifiedMessenger.java:153)
	at games.strategy.engine.message.UnifiedInvocationHandler.invoke(UnifiedInvocationHandler.java:47)
	at jdk.proxy2/jdk.proxy2.$Proxy25.playSoundForAll(Unknown Source)
	at jdk.internal.reflect.GeneratedMethodAccessor55.invoke(Unknown Source)
	at java.base/jdk.internal.reflect.DelegatingMethodAccessorImpl.invoke(DelegatingMethodAccessorImpl.java:43)
	at java.base/java.lang.reflect.Method.invoke(Method.java:569)
	at games.strategy.engine.delegate.DelegateExecutionManager.lambda$newOutboundImplementation$1(DelegateExecutionManager.java:79)
	at jdk.proxy2/jdk.proxy2.$Proxy25.playSoundForAll(Unknown Source)
	at games.strategy.triplea.delegate.AbstractPlaceDelegate.placeUnits(AbstractPlaceDelegate.java:302)
	at games.strategy.triplea.delegate.AbstractPlaceDelegate.placeUnits(AbstractPlaceDelegate.java:201)
	at jdk.internal.reflect.GeneratedMethodAccessor54.invoke(Unknown Source)
	at java.base/jdk.internal.reflect.DelegatingMethodAccessorImpl.invoke(DelegatingMethodAccessorImpl.java:43)
	at java.base/java.lang.reflect.Method.invoke(Method.java:569)
	at games.strategy.engine.delegate.DelegateExecutionManager$1.invoke(DelegateExecutionManager.java:120)
	at jdk.proxy2/jdk.proxy2.$Proxy16.placeUnits(Unknown Source)
	at jdk.internal.reflect.GeneratedMethodAccessor62.invoke(Unknown Source)
	at java.base/jdk.internal.reflect.DelegatingMethodAccessorImpl.invoke(DelegatingMethodAccessorImpl.java:43)
	at java.base/java.lang.reflect.Method.invoke(Method.java:569)
	at games.strategy.engine.message.unifiedmessenger.EndPoint.invokeSingle(EndPoint.java:137)
	at games.strategy.engine.message.unifiedmessenger.EndPoint.lambda$invokeMultiple$0(EndPoint.java:121)
	at java.base/java.util.stream.ReferencePipeline$3$1.accept(ReferencePipeline.java:197)
	at java.base/java.util.Spliterators$ArraySpliterator.forEachRemaining(Spliterators.java:992)
	at java.base/java.util.stream.AbstractPipeline.copyInto(AbstractPipeline.java:509)
	at java.base/java.util.stream.AbstractPipeline.wrapAndCopyInto(AbstractPipeline.java:499)
	at java.base/java.util.stream.ReduceOps$ReduceOp.evaluateSequential(ReduceOps.java:921)
	at java.base/java.util.stream.AbstractPipeline.evaluate(AbstractPipeline.java:234)
	at java.base/java.util.stream.ReferencePipeline.collect(ReferencePipeline.java:682)
	at games.strategy.engine.message.unifiedmessenger.EndPoint.invokeMultiple(EndPoint.java:122)
	at games.strategy.engine.message.unifiedmessenger.EndPoint.invokeLocal(EndPoint.java:112)
	at games.strategy.engine.message.unifiedmessenger.UnifiedMessenger.invokeAndWait(UnifiedMessenger.java:97)
	at games.strategy.engine.message.UnifiedInvocationHandler.invoke(UnifiedInvocationHandler.java:55)
	at jdk.proxy2/jdk.proxy2.$Proxy16.placeUnits(Unknown Source)
	at jdk.internal.reflect.GeneratedMethodAccessor54.invoke(Unknown Source)
	at java.base/jdk.internal.reflect.DelegatingMethodAccessorImpl.invoke(DelegatingMethodAccessorImpl.java:43)
	at java.base/java.lang.reflect.Method.invoke(Method.java:569)
	at games.strategy.engine.player.PlayerBridge$GameOverInvocationHandler.invoke(PlayerBridge.java:151)
	at jdk.proxy2/jdk.proxy2.$Proxy16.placeUnits(Unknown Source)
	at games.strategy.triplea.ai.tripleMind.ProPurchaseAi.doPlace(ProPurchaseAi.java:2627)
	at games.strategy.triplea.ai.tripleMind.ProPurchaseAi.placeUnits(ProPurchaseAi.java:2545)
	at games.strategy.triplea.ai.tripleMind.ProPurchaseAi.place(ProPurchaseAi.java:562)
	at games.strategy.triplea.ai.tripleMind.AbstractTripleMindAi.place(AbstractTripleMindAi.java:380)
	at games.strategy.triplea.ai.AbstractAi.start(AbstractAi.java:531)
	at games.strategy.engine.framework.ServerGame.waitForPlayerToFinishStep(ServerGame.java:648)
	at games.strategy.engine.framework.ServerGame.runStep(ServerGame.java:478)
	at games.strategy.engine.framework.ServerGame.runNextStep(ServerGame.java:365)
	at games.strategy.engine.framework.ServerGame.startGame(ServerGame.java:333)
	at games.strategy.engine.framework.startup.launcher.LocalLauncher.launchInternal(LocalLauncher.java:92)
	at games.strategy.engine.framework.startup.launcher.LocalLauncher.lambda$launch$0(LocalLauncher.java:60)
	at java.base/java.lang.Thread.run(Thread.java:840)
124651 23:58:13.815 [Thread-8] INFO  org.triplea.sound.ClipPlayer - Unable to create audio device, is there audio on the system? Cannot create AudioDevice
javazoom.jl.decoder.JavaLayerException: Cannot create AudioDevice
	at javazoom.jl.player.FactoryRegistry.createAudioDevice(FactoryRegistry.java:97)
	at org.triplea.sound.ClipPlayer.hasAudio(ClipPlayer.java:144)
	at org.triplea.sound.ClipPlayer.isSoundEnabled(ClipPlayer.java:251)
	at org.triplea.sound.ClipPlayer.play(ClipPlayer.java:220)
	at org.triplea.sound.DefaultSoundChannel.playSoundForAll(DefaultSoundChannel.java:22)
	at jdk.internal.reflect.GeneratedMethodAccessor56.invoke(Unknown Source)
	at java.base/jdk.internal.reflect.DelegatingMethodAccessorImpl.invoke(DelegatingMethodAccessorImpl.java:43)
	at java.base/java.lang.reflect.Method.invoke(Method.java:569)
	at games.strategy.engine.message.unifiedmessenger.EndPoint.invokeSingle(EndPoint.java:137)
	at games.strategy.engine.message.unifiedmessenger.EndPoint.lambda$invokeMultiple$0(EndPoint.java:121)
	at java.base/java.util.stream.ReferencePipeline$3$1.accept(ReferencePipeline.java:197)
	at java.base/java.util.Spliterators$ArraySpliterator.forEachRemaining(Spliterators.java:992)
	at java.base/java.util.stream.AbstractPipeline.copyInto(AbstractPipeline.java:509)
	at java.base/java.util.stream.AbstractPipeline.wrapAndCopyInto(AbstractPipeline.java:499)
	at java.base/java.util.stream.ReduceOps$ReduceOp.evaluateSequential(ReduceOps.java:921)
	at java.base/java.util.stream.AbstractPipeline.evaluate(AbstractPipeline.java:234)
	at java.base/java.util.stream.ReferencePipeline.collect(ReferencePipeline.java:682)
	at games.strategy.engine.message.unifiedmessenger.EndPoint.invokeMultiple(EndPoint.java:122)
	at games.strategy.engine.message.unifiedmessenger.EndPoint.invokeLocal(EndPoint.java:112)
	at games.strategy.engine.message.unifiedmessenger.UnifiedMessenger.invoke(UnifiedMessenger.java:153)
	at games.strategy.engine.message.UnifiedInvocationHandler.invoke(UnifiedInvocationHandler.java:47)
	at jdk.proxy2/jdk.proxy2.$Proxy25.playSoundForAll(Unknown Source)
	at jdk.internal.reflect.GeneratedMethodAccessor55.invoke(Unknown Source)
	at java.base/jdk.internal.reflect.DelegatingMethodAccessorImpl.invoke(DelegatingMethodAccessorImpl.java:43)
	at java.base/java.lang.reflect.Method.invoke(Method.java:569)
	at games.strategy.engine.delegate.DelegateExecutionManager.lambda$newOutboundImplementation$1(DelegateExecutionManager.java:79)
	at jdk.proxy2/jdk.proxy2.$Proxy25.playSoundForAll(Unknown Source)
	at games.strategy.triplea.delegate.AbstractPlaceDelegate.placeUnits(AbstractPlaceDelegate.java:302)
	at games.strategy.triplea.delegate.AbstractPlaceDelegate.placeUnits(AbstractPlaceDelegate.java:201)
	at jdk.internal.reflect.GeneratedMethodAccessor54.invoke(Unknown Source)
	at java.base/jdk.internal.reflect.DelegatingMethodAccessorImpl.invoke(DelegatingMethodAccessorImpl.java:43)
	at java.base/java.lang.reflect.Method.invoke(Method.java:569)
	at games.strategy.engine.delegate.DelegateExecutionManager$1.invoke(DelegateExecutionManager.java:120)
	at jdk.proxy2/jdk.proxy2.$Proxy16.placeUnits(Unknown Source)
	at jdk.internal.reflect.GeneratedMethodAccessor62.invoke(Unknown Source)
	at java.base/jdk.internal.reflect.DelegatingMethodAccessorImpl.invoke(DelegatingMethodAccessorImpl.java:43)
	at java.base/java.lang.reflect.Method.invoke(Method.java:569)
	at games.strategy.engine.message.unifiedmessenger.EndPoint.invokeSingle(EndPoint.java:137)
	at games.strategy.engine.message.unifiedmessenger.EndPoint.lambda$invokeMultiple$0(EndPoint.java:121)
	at java.base/java.util.stream.ReferencePipeline$3$1.accept(ReferencePipeline.java:197)
	at java.base/java.util.Spliterators$ArraySpliterator.forEachRemaining(Spliterators.java:992)
	at java.base/java.util.stream.AbstractPipeline.copyInto(AbstractPipeline.java:509)
	at java.base/java.util.stream.AbstractPipeline.wrapAndCopyInto(AbstractPipeline.java:499)
	at java.base/java.util.stream.ReduceOps$ReduceOp.evaluateSequential(ReduceOps.java:921)
	at java.base/java.util.stream.AbstractPipeline.evaluate(AbstractPipeline.java:234)
	at java.base/java.util.stream.ReferencePipeline.collect(ReferencePipeline.java:682)
	at games.strategy.engine.message.unifiedmessenger.EndPoint.invokeMultiple(EndPoint.java:122)
	at games.strategy.engine.message.unifiedmessenger.EndPoint.invokeLocal(EndPoint.java:112)
	at games.strategy.engine.message.unifiedmessenger.UnifiedMessenger.invokeAndWait(UnifiedMessenger.java:97)
	at games.strategy.engine.message.UnifiedInvocationHandler.invoke(UnifiedInvocationHandler.java:55)
	at jdk.proxy2/jdk.proxy2.$Proxy16.placeUnits(Unknown Source)
	at jdk.internal.reflect.GeneratedMethodAccessor54.invoke(Unknown Source)
	at java.base/jdk.internal.reflect.DelegatingMethodAccessorImpl.invoke(DelegatingMethodAccessorImpl.java:43)
	at java.base/java.lang.reflect.Method.invoke(Method.java:569)
	at games.strategy.engine.player.PlayerBridge$GameOverInvocationHandler.invoke(PlayerBridge.java:151)
	at jdk.proxy2/jdk.proxy2.$Proxy16.placeUnits(Unknown Source)
	at games.strategy.triplea.ai.tripleMind.ProPurchaseAi.doPlace(ProPurchaseAi.java:2627)
	at games.strategy.triplea.ai.tripleMind.ProPurchaseAi.placeUnits(ProPurchaseAi.java:2545)
	at games.strategy.triplea.ai.tripleMind.ProPurchaseAi.place(ProPurchaseAi.java:562)
	at games.strategy.triplea.ai.tripleMind.AbstractTripleMindAi.place(AbstractTripleMindAi.java:380)
	at games.strategy.triplea.ai.AbstractAi.start(AbstractAi.java:531)
	at games.strategy.engine.framework.ServerGame.waitForPlayerToFinishStep(ServerGame.java:648)
	at games.strategy.engine.framework.ServerGame.runStep(ServerGame.java:478)
	at games.strategy.engine.framework.ServerGame.runNextStep(ServerGame.java:365)
	at games.strategy.engine.framework.ServerGame.startGame(ServerGame.java:333)
	at games.strategy.engine.framework.startup.launcher.LocalLauncher.launchInternal(LocalLauncher.java:92)
	at games.strategy.engine.framework.startup.launcher.LocalLauncher.lambda$launch$0(LocalLauncher.java:60)
	at java.base/java.lang.Thread.run(Thread.java:840)
124776 23:58:13.940 [Thread-8] INFO  org.triplea.sound.ClipPlayer - Unable to create audio device, is there audio on the system? Cannot create AudioDevice
javazoom.jl.decoder.JavaLayerException: Cannot create AudioDevice
	at javazoom.jl.player.FactoryRegistry.createAudioDevice(FactoryRegistry.java:97)
	at org.triplea.sound.ClipPlayer.hasAudio(ClipPlayer.java:144)
	at org.triplea.sound.ClipPlayer.isSoundEnabled(ClipPlayer.java:251)
	at org.triplea.sound.ClipPlayer.play(ClipPlayer.java:220)
	at org.triplea.sound.DefaultSoundChannel.playSoundForAll(DefaultSoundChannel.java:22)
	at jdk.internal.reflect.GeneratedMethodAccessor56.invoke(Unknown Source)
	at java.base/jdk.internal.reflect.DelegatingMethodAccessorImpl.invoke(DelegatingMethodAccessorImpl.java:43)
	at java.base/java.lang.reflect.Method.invoke(Method.java:569)
	at games.strategy.engine.message.unifiedmessenger.EndPoint.invokeSingle(EndPoint.java:137)
	at games.strategy.engine.message.unifiedmessenger.EndPoint.lambda$invokeMultiple$0(EndPoint.java:121)
	at java.base/java.util.stream.ReferencePipeline$3$1.accept(ReferencePipeline.java:197)
	at java.base/java.util.Spliterators$ArraySpliterator.forEachRemaining(Spliterators.java:992)
	at java.base/java.util.stream.AbstractPipeline.copyInto(AbstractPipeline.java:509)
	at java.base/java.util.stream.AbstractPipeline.wrapAndCopyInto(AbstractPipeline.java:499)
	at java.base/java.util.stream.ReduceOps$ReduceOp.evaluateSequential(ReduceOps.java:921)
	at java.base/java.util.stream.AbstractPipeline.evaluate(AbstractPipeline.java:234)
	at java.base/java.util.stream.ReferencePipeline.collect(ReferencePipeline.java:682)
	at games.strategy.engine.message.unifiedmessenger.EndPoint.invokeMultiple(EndPoint.java:122)
	at games.strategy.engine.message.unifiedmessenger.EndPoint.invokeLocal(EndPoint.java:112)
	at games.strategy.engine.message.unifiedmessenger.UnifiedMessenger.invoke(UnifiedMessenger.java:153)
	at games.strategy.engine.message.UnifiedInvocationHandler.invoke(UnifiedInvocationHandler.java:47)
	at jdk.proxy2/jdk.proxy2.$Proxy25.playSoundForAll(Unknown Source)
	at jdk.internal.reflect.GeneratedMethodAccessor55.invoke(Unknown Source)
	at java.base/jdk.internal.reflect.DelegatingMethodAccessorImpl.invoke(DelegatingMethodAccessorImpl.java:43)
	at java.base/java.lang.reflect.Method.invoke(Method.java:569)
	at games.strategy.engine.delegate.DelegateExecutionManager.lambda$newOutboundImplementation$1(DelegateExecutionManager.java:79)
	at jdk.proxy2/jdk.proxy2.$Proxy25.playSoundForAll(Unknown Source)
	at games.strategy.triplea.delegate.AbstractPlaceDelegate.placeUnits(AbstractPlaceDelegate.java:302)
	at games.strategy.triplea.delegate.AbstractPlaceDelegate.placeUnits(AbstractPlaceDelegate.java:201)
	at jdk.internal.reflect.GeneratedMethodAccessor54.invoke(Unknown Source)
	at java.base/jdk.internal.reflect.DelegatingMethodAccessorImpl.invoke(DelegatingMethodAccessorImpl.java:43)
	at java.base/java.lang.reflect.Method.invoke(Method.java:569)
	at games.strategy.engine.delegate.DelegateExecutionManager$1.invoke(DelegateExecutionManager.java:120)
	at jdk.proxy2/jdk.proxy2.$Proxy16.placeUnits(Unknown Source)
	at jdk.internal.reflect.GeneratedMethodAccessor62.invoke(Unknown Source)
	at java.base/jdk.internal.reflect.DelegatingMethodAccessorImpl.invoke(DelegatingMethodAccessorImpl.java:43)
	at java.base/java.lang.reflect.Method.invoke(Method.java:569)
	at games.strategy.engine.message.unifiedmessenger.EndPoint.invokeSingle(EndPoint.java:137)
	at games.strategy.engine.message.unifiedmessenger.EndPoint.lambda$invokeMultiple$0(EndPoint.java:121)
	at java.base/java.util.stream.ReferencePipeline$3$1.accept(ReferencePipeline.java:197)
	at java.base/java.util.Spliterators$ArraySpliterator.forEachRemaining(Spliterators.java:992)
	at java.base/java.util.stream.AbstractPipeline.copyInto(AbstractPipeline.java:509)
	at java.base/java.util.stream.AbstractPipeline.wrapAndCopyInto(AbstractPipeline.java:499)
	at java.base/java.util.stream.ReduceOps$ReduceOp.evaluateSequential(ReduceOps.java:921)
	at java.base/java.util.stream.AbstractPipeline.evaluate(AbstractPipeline.java:234)
	at java.base/java.util.stream.ReferencePipeline.collect(ReferencePipeline.java:682)
	at games.strategy.engine.message.unifiedmessenger.EndPoint.invokeMultiple(EndPoint.java:122)
	at games.strategy.engine.message.unifiedmessenger.EndPoint.invokeLocal(EndPoint.java:112)
	at games.strategy.engine.message.unifiedmessenger.UnifiedMessenger.invokeAndWait(UnifiedMessenger.java:97)
	at games.strategy.engine.message.UnifiedInvocationHandler.invoke(UnifiedInvocationHandler.java:55)
	at jdk.proxy2/jdk.proxy2.$Proxy16.placeUnits(Unknown Source)
	at jdk.internal.reflect.GeneratedMethodAccessor54.invoke(Unknown Source)
	at java.base/jdk.internal.reflect.DelegatingMethodAccessorImpl.invoke(DelegatingMethodAccessorImpl.java:43)
	at java.base/java.lang.reflect.Method.invoke(Method.java:569)
	at games.strategy.engine.player.PlayerBridge$GameOverInvocationHandler.invoke(PlayerBridge.java:151)
	at jdk.proxy2/jdk.proxy2.$Proxy16.placeUnits(Unknown Source)
	at games.strategy.triplea.ai.tripleMind.ProPurchaseAi.doPlace(ProPurchaseAi.java:2627)
	at games.strategy.triplea.ai.tripleMind.ProPurchaseAi.placeUnits(ProPurchaseAi.java:2545)
	at games.strategy.triplea.ai.tripleMind.ProPurchaseAi.place(ProPurchaseAi.java:562)
	at games.strategy.triplea.ai.tripleMind.AbstractTripleMindAi.place(AbstractTripleMindAi.java:380)
	at games.strategy.triplea.ai.AbstractAi.start(AbstractAi.java:531)
	at games.strategy.engine.framework.ServerGame.waitForPlayerToFinishStep(ServerGame.java:648)
	at games.strategy.engine.framework.ServerGame.runStep(ServerGame.java:478)
	at games.strategy.engine.framework.ServerGame.runNextStep(ServerGame.java:365)
	at games.strategy.engine.framework.ServerGame.startGame(ServerGame.java:333)
	at games.strategy.engine.framework.startup.launcher.LocalLauncher.launchInternal(LocalLauncher.java:92)
	at games.strategy.engine.framework.startup.launcher.LocalLauncher.lambda$launch$0(LocalLauncher.java:60)
	at java.base/java.lang.Thread.run(Thread.java:840)
124904 23:58:14.068 [Thread-8] INFO  org.triplea.sound.ClipPlayer - Unable to create audio device, is there audio on the system? Cannot create AudioDevice
javazoom.jl.decoder.JavaLayerException: Cannot create AudioDevice
	at javazoom.jl.player.FactoryRegistry.createAudioDevice(FactoryRegistry.java:97)
	at org.triplea.sound.ClipPlayer.hasAudio(ClipPlayer.java:144)
	at org.triplea.sound.ClipPlayer.isSoundEnabled(ClipPlayer.java:251)
	at org.triplea.sound.ClipPlayer.play(ClipPlayer.java:220)
	at org.triplea.sound.DefaultSoundChannel.playSoundForAll(DefaultSoundChannel.java:22)
	at jdk.internal.reflect.GeneratedMethodAccessor56.invoke(Unknown Source)
	at java.base/jdk.internal.reflect.DelegatingMethodAccessorImpl.invoke(DelegatingMethodAccessorImpl.java:43)
	at java.base/java.lang.reflect.Method.invoke(Method.java:569)
	at games.strategy.engine.message.unifiedmessenger.EndPoint.invokeSingle(EndPoint.java:137)
	at games.strategy.engine.message.unifiedmessenger.EndPoint.lambda$invokeMultiple$0(EndPoint.java:121)
	at java.base/java.util.stream.ReferencePipeline$3$1.accept(ReferencePipeline.java:197)
	at java.base/java.util.Spliterators$ArraySpliterator.forEachRemaining(Spliterators.java:992)
	at java.base/java.util.stream.AbstractPipeline.copyInto(AbstractPipeline.java:509)
	at java.base/java.util.stream.AbstractPipeline.wrapAndCopyInto(AbstractPipeline.java:499)
	at java.base/java.util.stream.ReduceOps$ReduceOp.evaluateSequential(ReduceOps.java:921)
	at java.base/java.util.stream.AbstractPipeline.evaluate(AbstractPipeline.java:234)
	at java.base/java.util.stream.ReferencePipeline.collect(ReferencePipeline.java:682)
	at games.strategy.engine.message.unifiedmessenger.EndPoint.invokeMultiple(EndPoint.java:122)
	at games.strategy.engine.message.unifiedmessenger.EndPoint.invokeLocal(EndPoint.java:112)
	at games.strategy.engine.message.unifiedmessenger.UnifiedMessenger.invoke(UnifiedMessenger.java:153)
	at games.strategy.engine.message.UnifiedInvocationHandler.invoke(UnifiedInvocationHandler.java:47)
	at jdk.proxy2/jdk.proxy2.$Proxy25.playSoundForAll(Unknown Source)
	at jdk.internal.reflect.GeneratedMethodAccessor55.invoke(Unknown Source)
	at java.base/jdk.internal.reflect.DelegatingMethodAccessorImpl.invoke(DelegatingMethodAccessorImpl.java:43)
	at java.base/java.lang.reflect.Method.invoke(Method.java:569)
	at games.strategy.engine.delegate.DelegateExecutionManager.lambda$newOutboundImplementation$1(DelegateExecutionManager.java:79)
	at jdk.proxy2/jdk.proxy2.$Proxy25.playSoundForAll(Unknown Source)
	at games.strategy.triplea.delegate.AbstractPlaceDelegate.placeUnits(AbstractPlaceDelegate.java:302)
	at games.strategy.triplea.delegate.AbstractPlaceDelegate.placeUnits(AbstractPlaceDelegate.java:201)
	at jdk.internal.reflect.GeneratedMethodAccessor54.invoke(Unknown Source)
	at java.base/jdk.internal.reflect.DelegatingMethodAccessorImpl.invoke(DelegatingMethodAccessorImpl.java:43)
	at java.base/java.lang.reflect.Method.invoke(Method.java:569)
	at games.strategy.engine.delegate.DelegateExecutionManager$1.invoke(DelegateExecutionManager.java:120)
	at jdk.proxy2/jdk.proxy2.$Proxy16.placeUnits(Unknown Source)
	at jdk.internal.reflect.GeneratedMethodAccessor62.invoke(Unknown Source)
	at java.base/jdk.internal.reflect.DelegatingMethodAccessorImpl.invoke(DelegatingMethodAccessorImpl.java:43)
	at java.base/java.lang.reflect.Method.invoke(Method.java:569)
	at games.strategy.engine.message.unifiedmessenger.EndPoint.invokeSingle(EndPoint.java:137)
	at games.strategy.engine.message.unifiedmessenger.EndPoint.lambda$invokeMultiple$0(EndPoint.java:121)
	at java.base/java.util.stream.ReferencePipeline$3$1.accept(ReferencePipeline.java:197)
	at java.base/java.util.Spliterators$ArraySpliterator.forEachRemaining(Spliterators.java:992)
	at java.base/java.util.stream.AbstractPipeline.copyInto(AbstractPipeline.java:509)
	at java.base/java.util.stream.AbstractPipeline.wrapAndCopyInto(AbstractPipeline.java:499)
	at java.base/java.util.stream.ReduceOps$ReduceOp.evaluateSequential(ReduceOps.java:921)
	at java.base/java.util.stream.AbstractPipeline.evaluate(AbstractPipeline.java:234)
	at java.base/java.util.stream.ReferencePipeline.collect(ReferencePipeline.java:682)
	at games.strategy.engine.message.unifiedmessenger.EndPoint.invokeMultiple(EndPoint.java:122)
	at games.strategy.engine.message.unifiedmessenger.EndPoint.invokeLocal(EndPoint.java:112)
	at games.strategy.engine.message.unifiedmessenger.UnifiedMessenger.invokeAndWait(UnifiedMessenger.java:97)
	at games.strategy.engine.message.UnifiedInvocationHandler.invoke(UnifiedInvocationHandler.java:55)
	at jdk.proxy2/jdk.proxy2.$Proxy16.placeUnits(Unknown Source)
	at jdk.internal.reflect.GeneratedMethodAccessor54.invoke(Unknown Source)
	at java.base/jdk.internal.reflect.DelegatingMethodAccessorImpl.invoke(DelegatingMethodAccessorImpl.java:43)
	at java.base/java.lang.reflect.Method.invoke(Method.java:569)
	at games.strategy.engine.player.PlayerBridge$GameOverInvocationHandler.invoke(PlayerBridge.java:151)
	at jdk.proxy2/jdk.proxy2.$Proxy16.placeUnits(Unknown Source)
	at games.strategy.triplea.ai.tripleMind.ProPurchaseAi.doPlace(ProPurchaseAi.java:2627)
	at games.strategy.triplea.ai.tripleMind.ProPurchaseAi.placeUnits(ProPurchaseAi.java:2545)
	at games.strategy.triplea.ai.tripleMind.ProPurchaseAi.place(ProPurchaseAi.java:562)
	at games.strategy.triplea.ai.tripleMind.AbstractTripleMindAi.place(AbstractTripleMindAi.java:380)
	at games.strategy.triplea.ai.AbstractAi.start(AbstractAi.java:531)
	at games.strategy.engine.framework.ServerGame.waitForPlayerToFinishStep(ServerGame.java:648)
	at games.strategy.engine.framework.ServerGame.runStep(ServerGame.java:478)
	at games.strategy.engine.framework.ServerGame.runNextStep(ServerGame.java:365)
	at games.strategy.engine.framework.ServerGame.startGame(ServerGame.java:333)
	at games.strategy.engine.framework.startup.launcher.LocalLauncher.launchInternal(LocalLauncher.java:92)
	at games.strategy.engine.framework.startup.launcher.LocalLauncher.lambda$launch$0(LocalLauncher.java:60)
	at java.base/java.lang.Thread.run(Thread.java:840)
127277 23:58:16.441 [Thread-8] INFO  org.triplea.sound.ClipPlayer - Unable to create audio device, is there audio on the system? Cannot create AudioDevice
javazoom.jl.decoder.JavaLayerException: Cannot create AudioDevice
	at javazoom.jl.player.FactoryRegistry.createAudioDevice(FactoryRegistry.java:97)
	at org.triplea.sound.ClipPlayer.hasAudio(ClipPlayer.java:144)
	at org.triplea.sound.ClipPlayer.isSoundEnabled(ClipPlayer.java:251)
	at org.triplea.sound.ClipPlayer.play(ClipPlayer.java:220)
	at org.triplea.sound.DefaultSoundChannel.playSoundForAll(DefaultSoundChannel.java:22)
	at jdk.internal.reflect.GeneratedMethodAccessor56.invoke(Unknown Source)
	at java.base/jdk.internal.reflect.DelegatingMethodAccessorImpl.invoke(DelegatingMethodAccessorImpl.java:43)
	at java.base/java.lang.reflect.Method.invoke(Method.java:569)
	at games.strategy.engine.message.unifiedmessenger.EndPoint.invokeSingle(EndPoint.java:137)
	at games.strategy.engine.message.unifiedmessenger.EndPoint.lambda$invokeMultiple$0(EndPoint.java:121)
	at java.base/java.util.stream.ReferencePipeline$3$1.accept(ReferencePipeline.java:197)
	at java.base/java.util.Spliterators$ArraySpliterator.forEachRemaining(Spliterators.java:992)
	at java.base/java.util.stream.AbstractPipeline.copyInto(AbstractPipeline.java:509)
	at java.base/java.util.stream.AbstractPipeline.wrapAndCopyInto(AbstractPipeline.java:499)
	at java.base/java.util.stream.ReduceOps$ReduceOp.evaluateSequential(ReduceOps.java:921)
	at java.base/java.util.stream.AbstractPipeline.evaluate(AbstractPipeline.java:234)
	at java.base/java.util.stream.ReferencePipeline.collect(ReferencePipeline.java:682)
	at games.strategy.engine.message.unifiedmessenger.EndPoint.invokeMultiple(EndPoint.java:122)
	at games.strategy.engine.message.unifiedmessenger.EndPoint.invokeLocal(EndPoint.java:112)
	at games.strategy.engine.message.unifiedmessenger.UnifiedMessenger.invoke(UnifiedMessenger.java:153)
	at games.strategy.engine.message.UnifiedInvocationHandler.invoke(UnifiedInvocationHandler.java:47)
	at jdk.proxy2/jdk.proxy2.$Proxy25.playSoundForAll(Unknown Source)
	at jdk.internal.reflect.GeneratedMethodAccessor55.invoke(Unknown Source)
	at java.base/jdk.internal.reflect.DelegatingMethodAccessorImpl.invoke(DelegatingMethodAccessorImpl.java:43)
	at java.base/java.lang.reflect.Method.invoke(Method.java:569)
	at games.strategy.engine.delegate.DelegateExecutionManager.lambda$newOutboundImplementation$1(DelegateExecutionManager.java:79)
	at jdk.proxy2/jdk.proxy2.$Proxy25.playSoundForAll(Unknown Source)
	at org.triplea.sound.SoundUtils.playBattleType(SoundUtils.java:42)
	at games.strategy.triplea.delegate.battle.MustFightBattle.fight(MustFightBattle.java:686)
	at games.strategy.triplea.delegate.battle.BattleDelegate.fightBattle(BattleDelegate.java:243)
	at java.base/jdk.internal.reflect.NativeMethodAccessorImpl.invoke0(Native Method)
	at java.base/jdk.internal.reflect.NativeMethodAccessorImpl.invoke(NativeMethodAccessorImpl.java:77)
	at java.base/jdk.internal.reflect.DelegatingMethodAccessorImpl.invoke(DelegatingMethodAccessorImpl.java:43)
	at java.base/java.lang.reflect.Method.invoke(Method.java:569)
	at games.strategy.engine.delegate.DelegateExecutionManager$1.invoke(DelegateExecutionManager.java:120)
	at jdk.proxy2/jdk.proxy2.$Proxy13.fightBattle(Unknown Source)
	at java.base/jdk.internal.reflect.NativeMethodAccessorImpl.invoke0(Native Method)
	at java.base/jdk.internal.reflect.NativeMethodAccessorImpl.invoke(NativeMethodAccessorImpl.java:77)
	at java.base/jdk.internal.reflect.DelegatingMethodAccessorImpl.invoke(DelegatingMethodAccessorImpl.java:43)
	at java.base/java.lang.reflect.Method.invoke(Method.java:569)
	at games.strategy.engine.message.unifiedmessenger.EndPoint.invokeSingle(EndPoint.java:137)
	at games.strategy.engine.message.unifiedmessenger.EndPoint.lambda$invokeMultiple$0(EndPoint.java:121)
	at java.base/java.util.stream.ReferencePipeline$3$1.accept(ReferencePipeline.java:197)
	at java.base/java.util.Spliterators$ArraySpliterator.forEachRemaining(Spliterators.java:992)
	at java.base/java.util.stream.AbstractPipeline.copyInto(AbstractPipeline.java:509)
	at java.base/java.util.stream.AbstractPipeline.wrapAndCopyInto(AbstractPipeline.java:499)
	at java.base/java.util.stream.ReduceOps$ReduceOp.evaluateSequential(ReduceOps.java:921)
	at java.base/java.util.stream.AbstractPipeline.evaluate(AbstractPipeline.java:234)
	at java.base/java.util.stream.ReferencePipeline.collect(ReferencePipeline.java:682)
	at games.strategy.engine.message.unifiedmessenger.EndPoint.invokeMultiple(EndPoint.java:122)
	at games.strategy.engine.message.unifiedmessenger.EndPoint.invokeLocal(EndPoint.java:112)
	at games.strategy.engine.message.unifiedmessenger.UnifiedMessenger.invokeAndWait(UnifiedMessenger.java:97)
	at games.strategy.engine.message.UnifiedInvocationHandler.invoke(UnifiedInvocationHandler.java:55)
	at jdk.proxy2/jdk.proxy2.$Proxy13.fightBattle(Unknown Source)
	at java.base/jdk.internal.reflect.NativeMethodAccessorImpl.invoke0(Native Method)
	at java.base/jdk.internal.reflect.NativeMethodAccessorImpl.invoke(NativeMethodAccessorImpl.java:77)
	at java.base/jdk.internal.reflect.DelegatingMethodAccessorImpl.invoke(DelegatingMethodAccessorImpl.java:43)
	at java.base/java.lang.reflect.Method.invoke(Method.java:569)
	at games.strategy.engine.player.PlayerBridge$GameOverInvocationHandler.invoke(PlayerBridge.java:151)
	at jdk.proxy2/jdk.proxy2.$Proxy13.fightBattle(Unknown Source)
	at games.strategy.triplea.ai.AbstractAi.battle(AbstractAi.java:618)
	at games.strategy.triplea.ai.AbstractAi.start(AbstractAi.java:525)
	at games.strategy.engine.framework.ServerGame.waitForPlayerToFinishStep(ServerGame.java:648)
	at games.strategy.engine.framework.ServerGame.runStep(ServerGame.java:478)
	at games.strategy.engine.framework.ServerGame.runNextStep(ServerGame.java:365)
	at games.strategy.engine.framework.ServerGame.startGame(ServerGame.java:333)
	at games.strategy.engine.framework.startup.launcher.LocalLauncher.launchInternal(LocalLauncher.java:92)
	at games.strategy.engine.framework.startup.launcher.LocalLauncher.lambda$launch$0(LocalLauncher.java:60)
	at java.base/java.lang.Thread.run(Thread.java:840)
135717 23:58:24.881 [Thread-8] INFO  org.triplea.sound.ClipPlayer - Unable to create audio device, is there audio on the system? Cannot create AudioDevice
javazoom.jl.decoder.JavaLayerException: Cannot create AudioDevice
	at javazoom.jl.player.FactoryRegistry.createAudioDevice(FactoryRegistry.java:97)
	at org.triplea.sound.ClipPlayer.hasAudio(ClipPlayer.java:144)
	at org.triplea.sound.ClipPlayer.isSoundEnabled(ClipPlayer.java:251)
	at org.triplea.sound.ClipPlayer.play(ClipPlayer.java:220)
	at org.triplea.sound.DefaultSoundChannel.playSoundForAll(DefaultSoundChannel.java:22)
	at jdk.internal.reflect.GeneratedMethodAccessor56.invoke(Unknown Source)
	at java.base/jdk.internal.reflect.DelegatingMethodAccessorImpl.invoke(DelegatingMethodAccessorImpl.java:43)
	at java.base/java.lang.reflect.Method.invoke(Method.java:569)
	at games.strategy.engine.message.unifiedmessenger.EndPoint.invokeSingle(EndPoint.java:137)
	at games.strategy.engine.message.unifiedmessenger.EndPoint.lambda$invokeMultiple$0(EndPoint.java:121)
	at java.base/java.util.stream.ReferencePipeline$3$1.accept(ReferencePipeline.java:197)
	at java.base/java.util.Spliterators$ArraySpliterator.forEachRemaining(Spliterators.java:992)
	at java.base/java.util.stream.AbstractPipeline.copyInto(AbstractPipeline.java:509)
	at java.base/java.util.stream.AbstractPipeline.wrapAndCopyInto(AbstractPipeline.java:499)
	at java.base/java.util.stream.ReduceOps$ReduceOp.evaluateSequential(ReduceOps.java:921)
	at java.base/java.util.stream.AbstractPipeline.evaluate(AbstractPipeline.java:234)
	at java.base/java.util.stream.ReferencePipeline.collect(ReferencePipeline.java:682)
	at games.strategy.engine.message.unifiedmessenger.EndPoint.invokeMultiple(EndPoint.java:122)
	at games.strategy.engine.message.unifiedmessenger.EndPoint.invokeLocal(EndPoint.java:112)
	at games.strategy.engine.message.unifiedmessenger.UnifiedMessenger.invoke(UnifiedMessenger.java:153)
	at games.strategy.engine.message.UnifiedInvocationHandler.invoke(UnifiedInvocationHandler.java:47)
	at jdk.proxy2/jdk.proxy2.$Proxy25.playSoundForAll(Unknown Source)
	at jdk.internal.reflect.GeneratedMethodAccessor55.invoke(Unknown Source)
	at java.base/jdk.internal.reflect.DelegatingMethodAccessorImpl.invoke(DelegatingMethodAccessorImpl.java:43)
	at java.base/java.lang.reflect.Method.invoke(Method.java:569)
	at games.strategy.engine.delegate.DelegateExecutionManager.lambda$newOutboundImplementation$1(DelegateExecutionManager.java:79)
	at jdk.proxy2/jdk.proxy2.$Proxy25.playSoundForAll(Unknown Source)
	at games.strategy.triplea.delegate.battle.BattleTracker.takeOver(BattleTracker.java:794)
	at games.strategy.triplea.delegate.battle.MustFightBattle.attackerWins(MustFightBattle.java:1430)
	at games.strategy.triplea.delegate.battle.MustFightBattle.endBattle(MustFightBattle.java:462)
	at games.strategy.triplea.delegate.battle.steps.change.CheckGeneralBattleEnd.execute(CheckGeneralBattleEnd.java:64)
	at games.strategy.triplea.delegate.ExecutionStack.execute(ExecutionStack.java:34)
	at games.strategy.triplea.delegate.battle.MustFightBattle.fight(MustFightBattle.java:690)
	at games.strategy.triplea.delegate.battle.BattleDelegate.fightBattle(BattleDelegate.java:243)
	at java.base/jdk.internal.reflect.NativeMethodAccessorImpl.invoke0(Native Method)
	at java.base/jdk.internal.reflect.NativeMethodAccessorImpl.invoke(NativeMethodAccessorImpl.java:77)
	at java.base/jdk.internal.reflect.DelegatingMethodAccessorImpl.invoke(DelegatingMethodAccessorImpl.java:43)
	at java.base/java.lang.reflect.Method.invoke(Method.java:569)
	at games.strategy.engine.delegate.DelegateExecutionManager$1.invoke(DelegateExecutionManager.java:120)
	at jdk.proxy2/jdk.proxy2.$Proxy13.fightBattle(Unknown Source)
	at java.base/jdk.internal.reflect.NativeMethodAccessorImpl.invoke0(Native Method)
	at java.base/jdk.internal.reflect.NativeMethodAccessorImpl.invoke(NativeMethodAccessorImpl.java:77)
	at java.base/jdk.internal.reflect.DelegatingMethodAccessorImpl.invoke(DelegatingMethodAccessorImpl.java:43)
	at java.base/java.lang.reflect.Method.invoke(Method.java:569)
	at games.strategy.engine.message.unifiedmessenger.EndPoint.invokeSingle(EndPoint.java:137)
	at games.strategy.engine.message.unifiedmessenger.EndPoint.lambda$invokeMultiple$0(EndPoint.java:121)
	at java.base/java.util.stream.ReferencePipeline$3$1.accept(ReferencePipeline.java:197)
	at java.base/java.util.Spliterators$ArraySpliterator.forEachRemaining(Spliterators.java:992)
	at java.base/java.util.stream.AbstractPipeline.copyInto(AbstractPipeline.java:509)
	at java.base/java.util.stream.AbstractPipeline.wrapAndCopyInto(AbstractPipeline.java:499)
	at java.base/java.util.stream.ReduceOps$ReduceOp.evaluateSequential(ReduceOps.java:921)
	at java.base/java.util.stream.AbstractPipeline.evaluate(AbstractPipeline.java:234)
	at java.base/java.util.stream.ReferencePipeline.collect(ReferencePipeline.java:682)
	at games.strategy.engine.message.unifiedmessenger.EndPoint.invokeMultiple(EndPoint.java:122)
	at games.strategy.engine.message.unifiedmessenger.EndPoint.invokeLocal(EndPoint.java:112)
	at games.strategy.engine.message.unifiedmessenger.UnifiedMessenger.invokeAndWait(UnifiedMessenger.java:97)
	at games.strategy.engine.message.UnifiedInvocationHandler.invoke(UnifiedInvocationHandler.java:55)
	at jdk.proxy2/jdk.proxy2.$Proxy13.fightBattle(Unknown Source)
	at java.base/jdk.internal.reflect.NativeMethodAccessorImpl.invoke0(Native Method)
	at java.base/jdk.internal.reflect.NativeMethodAccessorImpl.invoke(NativeMethodAccessorImpl.java:77)
	at java.base/jdk.internal.reflect.DelegatingMethodAccessorImpl.invoke(DelegatingMethodAccessorImpl.java:43)
	at java.base/java.lang.reflect.Method.invoke(Method.java:569)
	at games.strategy.engine.player.PlayerBridge$GameOverInvocationHandler.invoke(PlayerBridge.java:151)
	at jdk.proxy2/jdk.proxy2.$Proxy13.fightBattle(Unknown Source)
	at games.strategy.triplea.ai.AbstractAi.battle(AbstractAi.java:618)
	at games.strategy.triplea.ai.AbstractAi.start(AbstractAi.java:525)
	at games.strategy.engine.framework.ServerGame.waitForPlayerToFinishStep(ServerGame.java:648)
	at games.strategy.engine.framework.ServerGame.runStep(ServerGame.java:478)
	at games.strategy.engine.framework.ServerGame.runNextStep(ServerGame.java:365)
	at games.strategy.engine.framework.ServerGame.startGame(ServerGame.java:333)
	at games.strategy.engine.framework.startup.launcher.LocalLauncher.launchInternal(LocalLauncher.java:92)
	at games.strategy.engine.framework.startup.launcher.LocalLauncher.lambda$launch$0(LocalLauncher.java:60)
	at java.base/java.lang.Thread.run(Thread.java:840)
135845 23:58:25.009 [Thread-8] INFO  org.triplea.sound.ClipPlayer - Unable to create audio device, is there audio on the system? Cannot create AudioDevice
javazoom.jl.decoder.JavaLayerException: Cannot create AudioDevice
	at javazoom.jl.player.FactoryRegistry.createAudioDevice(FactoryRegistry.java:97)
	at org.triplea.sound.ClipPlayer.hasAudio(ClipPlayer.java:144)
	at org.triplea.sound.ClipPlayer.isSoundEnabled(ClipPlayer.java:251)
	at org.triplea.sound.ClipPlayer.play(ClipPlayer.java:220)
	at org.triplea.sound.DefaultSoundChannel.playSoundForAll(DefaultSoundChannel.java:22)
	at jdk.internal.reflect.GeneratedMethodAccessor56.invoke(Unknown Source)
	at java.base/jdk.internal.reflect.DelegatingMethodAccessorImpl.invoke(DelegatingMethodAccessorImpl.java:43)
	at java.base/java.lang.reflect.Method.invoke(Method.java:569)
	at games.strategy.engine.message.unifiedmessenger.EndPoint.invokeSingle(EndPoint.java:137)
	at games.strategy.engine.message.unifiedmessenger.EndPoint.lambda$invokeMultiple$0(EndPoint.java:121)
	at java.base/java.util.stream.ReferencePipeline$3$1.accept(ReferencePipeline.java:197)
	at java.base/java.util.Spliterators$ArraySpliterator.forEachRemaining(Spliterators.java:992)
	at java.base/java.util.stream.AbstractPipeline.copyInto(AbstractPipeline.java:509)
	at java.base/java.util.stream.AbstractPipeline.wrapAndCopyInto(AbstractPipeline.java:499)
	at java.base/java.util.stream.ReduceOps$ReduceOp.evaluateSequential(ReduceOps.java:921)
	at java.base/java.util.stream.AbstractPipeline.evaluate(AbstractPipeline.java:234)
	at java.base/java.util.stream.ReferencePipeline.collect(ReferencePipeline.java:682)
	at games.strategy.engine.message.unifiedmessenger.EndPoint.invokeMultiple(EndPoint.java:122)
	at games.strategy.engine.message.unifiedmessenger.EndPoint.invokeLocal(EndPoint.java:112)
	at games.strategy.engine.message.unifiedmessenger.UnifiedMessenger.invoke(UnifiedMessenger.java:153)
	at games.strategy.engine.message.UnifiedInvocationHandler.invoke(UnifiedInvocationHandler.java:47)
	at jdk.proxy2/jdk.proxy2.$Proxy25.playSoundForAll(Unknown Source)
	at jdk.internal.reflect.GeneratedMethodAccessor55.invoke(Unknown Source)
	at java.base/jdk.internal.reflect.DelegatingMethodAccessorImpl.invoke(DelegatingMethodAccessorImpl.java:43)
	at java.base/java.lang.reflect.Method.invoke(Method.java:569)
	at games.strategy.engine.delegate.DelegateExecutionManager.lambda$newOutboundImplementation$1(DelegateExecutionManager.java:79)
	at jdk.proxy2/jdk.proxy2.$Proxy25.playSoundForAll(Unknown Source)
	at org.triplea.sound.SoundUtils.playBattleType(SoundUtils.java:42)
	at games.strategy.triplea.delegate.battle.MustFightBattle.fight(MustFightBattle.java:686)
	at games.strategy.triplea.delegate.battle.BattleDelegate.fightBattle(BattleDelegate.java:243)
	at java.base/jdk.internal.reflect.NativeMethodAccessorImpl.invoke0(Native Method)
	at java.base/jdk.internal.reflect.NativeMethodAccessorImpl.invoke(NativeMethodAccessorImpl.java:77)
	at java.base/jdk.internal.reflect.DelegatingMethodAccessorImpl.invoke(DelegatingMethodAccessorImpl.java:43)
	at java.base/java.lang.reflect.Method.invoke(Method.java:569)
	at games.strategy.engine.delegate.DelegateExecutionManager$1.invoke(DelegateExecutionManager.java:120)
	at jdk.proxy2/jdk.proxy2.$Proxy13.fightBattle(Unknown Source)
	at java.base/jdk.internal.reflect.NativeMethodAccessorImpl.invoke0(Native Method)
	at java.base/jdk.internal.reflect.NativeMethodAccessorImpl.invoke(NativeMethodAccessorImpl.java:77)
	at java.base/jdk.internal.reflect.DelegatingMethodAccessorImpl.invoke(DelegatingMethodAccessorImpl.java:43)
	at java.base/java.lang.reflect.Method.invoke(Method.java:569)
	at games.strategy.engine.message.unifiedmessenger.EndPoint.invokeSingle(EndPoint.java:137)
	at games.strategy.engine.message.unifiedmessenger.EndPoint.lambda$invokeMultiple$0(EndPoint.java:121)
	at java.base/java.util.stream.ReferencePipeline$3$1.accept(ReferencePipeline.java:197)
	at java.base/java.util.Spliterators$ArraySpliterator.forEachRemaining(Spliterators.java:992)
	at java.base/java.util.stream.AbstractPipeline.copyInto(AbstractPipeline.java:509)
	at java.base/java.util.stream.AbstractPipeline.wrapAndCopyInto(AbstractPipeline.java:499)
	at java.base/java.util.stream.ReduceOps$ReduceOp.evaluateSequential(ReduceOps.java:921)
	at java.base/java.util.stream.AbstractPipeline.evaluate(AbstractPipeline.java:234)
	at java.base/java.util.stream.ReferencePipeline.collect(ReferencePipeline.java:682)
	at games.strategy.engine.message.unifiedmessenger.EndPoint.invokeMultiple(EndPoint.java:122)
	at games.strategy.engine.message.unifiedmessenger.EndPoint.invokeLocal(EndPoint.java:112)
	at games.strategy.engine.message.unifiedmessenger.UnifiedMessenger.invokeAndWait(UnifiedMessenger.java:97)
	at games.strategy.engine.message.UnifiedInvocationHandler.invoke(UnifiedInvocationHandler.java:55)
	at jdk.proxy2/jdk.proxy2.$Proxy13.fightBattle(Unknown Source)
	at java.base/jdk.internal.reflect.NativeMethodAccessorImpl.invoke0(Native Method)
	at java.base/jdk.internal.reflect.NativeMethodAccessorImpl.invoke(NativeMethodAccessorImpl.java:77)
	at java.base/jdk.internal.reflect.DelegatingMethodAccessorImpl.invoke(DelegatingMethodAccessorImpl.java:43)
	at java.base/java.lang.reflect.Method.invoke(Method.java:569)
	at games.strategy.engine.player.PlayerBridge$GameOverInvocationHandler.invoke(PlayerBridge.java:151)
	at jdk.proxy2/jdk.proxy2.$Proxy13.fightBattle(Unknown Source)
	at games.strategy.triplea.ai.AbstractAi.battle(AbstractAi.java:618)
	at games.strategy.triplea.ai.AbstractAi.start(AbstractAi.java:525)
	at games.strategy.engine.framework.ServerGame.waitForPlayerToFinishStep(ServerGame.java:648)
	at games.strategy.engine.framework.ServerGame.runStep(ServerGame.java:478)
	at games.strategy.engine.framework.ServerGame.runNextStep(ServerGame.java:365)
	at games.strategy.engine.framework.ServerGame.startGame(ServerGame.java:333)
	at games.strategy.engine.framework.startup.launcher.LocalLauncher.launchInternal(LocalLauncher.java:92)
	at games.strategy.engine.framework.startup.launcher.LocalLauncher.lambda$launch$0(LocalLauncher.java:60)
	at java.base/java.lang.Thread.run(Thread.java:840)
138128 23:58:27.292 [Thread-8] INFO  org.triplea.sound.ClipPlayer - Unable to create audio device, is there audio on the system? Cannot create AudioDevice
javazoom.jl.decoder.JavaLayerException: Cannot create AudioDevice
	at javazoom.jl.player.FactoryRegistry.createAudioDevice(FactoryRegistry.java:97)
	at org.triplea.sound.ClipPlayer.hasAudio(ClipPlayer.java:144)
	at org.triplea.sound.ClipPlayer.isSoundEnabled(ClipPlayer.java:251)
	at org.triplea.sound.ClipPlayer.play(ClipPlayer.java:220)
	at org.triplea.sound.DefaultSoundChannel.playSoundForAll(DefaultSoundChannel.java:22)
	at jdk.internal.reflect.GeneratedMethodAccessor56.invoke(Unknown Source)
	at java.base/jdk.internal.reflect.DelegatingMethodAccessorImpl.invoke(DelegatingMethodAccessorImpl.java:43)
	at java.base/java.lang.reflect.Method.invoke(Method.java:569)
	at games.strategy.engine.message.unifiedmessenger.EndPoint.invokeSingle(EndPoint.java:137)
	at games.strategy.engine.message.unifiedmessenger.EndPoint.lambda$invokeMultiple$0(EndPoint.java:121)
	at java.base/java.util.stream.ReferencePipeline$3$1.accept(ReferencePipeline.java:197)
	at java.base/java.util.Spliterators$ArraySpliterator.forEachRemaining(Spliterators.java:992)
	at java.base/java.util.stream.AbstractPipeline.copyInto(AbstractPipeline.java:509)
	at java.base/java.util.stream.AbstractPipeline.wrapAndCopyInto(AbstractPipeline.java:499)
	at java.base/java.util.stream.ReduceOps$ReduceOp.evaluateSequential(ReduceOps.java:921)
	at java.base/java.util.stream.AbstractPipeline.evaluate(AbstractPipeline.java:234)
	at java.base/java.util.stream.ReferencePipeline.collect(ReferencePipeline.java:682)
	at games.strategy.engine.message.unifiedmessenger.EndPoint.invokeMultiple(EndPoint.java:122)
	at games.strategy.engine.message.unifiedmessenger.EndPoint.invokeLocal(EndPoint.java:112)
	at games.strategy.engine.message.unifiedmessenger.UnifiedMessenger.invoke(UnifiedMessenger.java:153)
	at games.strategy.engine.message.UnifiedInvocationHandler.invoke(UnifiedInvocationHandler.java:47)
	at jdk.proxy2/jdk.proxy2.$Proxy25.playSoundForAll(Unknown Source)
	at jdk.internal.reflect.GeneratedMethodAccessor55.invoke(Unknown Source)
	at java.base/jdk.internal.reflect.DelegatingMethodAccessorImpl.invoke(DelegatingMethodAccessorImpl.java:43)
	at java.base/java.lang.reflect.Method.invoke(Method.java:569)
	at games.strategy.engine.delegate.DelegateExecutionManager.lambda$newOutboundImplementation$1(DelegateExecutionManager.java:79)
	at jdk.proxy2/jdk.proxy2.$Proxy25.playSoundForAll(Unknown Source)
	at games.strategy.triplea.delegate.battle.BattleTracker.takeOver(BattleTracker.java:794)
	at games.strategy.triplea.delegate.battle.MustFightBattle.attackerWins(MustFightBattle.java:1430)
	at games.strategy.triplea.delegate.battle.MustFightBattle.endBattle(MustFightBattle.java:462)
	at games.strategy.triplea.delegate.battle.steps.change.CheckGeneralBattleEnd.execute(CheckGeneralBattleEnd.java:64)
	at games.strategy.triplea.delegate.ExecutionStack.execute(ExecutionStack.java:34)
	at games.strategy.triplea.delegate.battle.MustFightBattle.fight(MustFightBattle.java:690)
	at games.strategy.triplea.delegate.battle.BattleDelegate.fightBattle(BattleDelegate.java:243)
	at java.base/jdk.internal.reflect.NativeMethodAccessorImpl.invoke0(Native Method)
	at java.base/jdk.internal.reflect.NativeMethodAccessorImpl.invoke(NativeMethodAccessorImpl.java:77)
	at java.base/jdk.internal.reflect.DelegatingMethodAccessorImpl.invoke(DelegatingMethodAccessorImpl.java:43)
	at java.base/java.lang.reflect.Method.invoke(Method.java:569)
	at games.strategy.engine.delegate.DelegateExecutionManager$1.invoke(DelegateExecutionManager.java:120)
	at jdk.proxy2/jdk.proxy2.$Proxy13.fightBattle(Unknown Source)
	at java.base/jdk.internal.reflect.NativeMethodAccessorImpl.invoke0(Native Method)
	at java.base/jdk.internal.reflect.NativeMethodAccessorImpl.invoke(NativeMethodAccessorImpl.java:77)
	at java.base/jdk.internal.reflect.DelegatingMethodAccessorImpl.invoke(DelegatingMethodAccessorImpl.java:43)
	at java.base/java.lang.reflect.Method.invoke(Method.java:569)
	at games.strategy.engine.message.unifiedmessenger.EndPoint.invokeSingle(EndPoint.java:137)
	at games.strategy.engine.message.unifiedmessenger.EndPoint.lambda$invokeMultiple$0(EndPoint.java:121)
	at java.base/java.util.stream.ReferencePipeline$3$1.accept(ReferencePipeline.java:197)
	at java.base/java.util.Spliterators$ArraySpliterator.forEachRemaining(Spliterators.java:992)
	at java.base/java.util.stream.AbstractPipeline.copyInto(AbstractPipeline.java:509)
	at java.base/java.util.stream.AbstractPipeline.wrapAndCopyInto(AbstractPipeline.java:499)
	at java.base/java.util.stream.ReduceOps$ReduceOp.evaluateSequential(ReduceOps.java:921)
	at java.base/java.util.stream.AbstractPipeline.evaluate(AbstractPipeline.java:234)
	at java.base/java.util.stream.ReferencePipeline.collect(ReferencePipeline.java:682)
	at games.strategy.engine.message.unifiedmessenger.EndPoint.invokeMultiple(EndPoint.java:122)
	at games.strategy.engine.message.unifiedmessenger.EndPoint.invokeLocal(EndPoint.java:112)
	at games.strategy.engine.message.unifiedmessenger.UnifiedMessenger.invokeAndWait(UnifiedMessenger.java:97)
	at games.strategy.engine.message.UnifiedInvocationHandler.invoke(UnifiedInvocationHandler.java:55)
	at jdk.proxy2/jdk.proxy2.$Proxy13.fightBattle(Unknown Source)
	at java.base/jdk.internal.reflect.NativeMethodAccessorImpl.invoke0(Native Method)
	at java.base/jdk.internal.reflect.NativeMethodAccessorImpl.invoke(NativeMethodAccessorImpl.java:77)
	at java.base/jdk.internal.reflect.DelegatingMethodAccessorImpl.invoke(DelegatingMethodAccessorImpl.java:43)
	at java.base/java.lang.reflect.Method.invoke(Method.java:569)
	at games.strategy.engine.player.PlayerBridge$GameOverInvocationHandler.invoke(PlayerBridge.java:151)
	at jdk.proxy2/jdk.proxy2.$Proxy13.fightBattle(Unknown Source)
	at games.strategy.triplea.ai.AbstractAi.battle(AbstractAi.java:618)
	at games.strategy.triplea.ai.AbstractAi.start(AbstractAi.java:525)
	at games.strategy.engine.framework.ServerGame.waitForPlayerToFinishStep(ServerGame.java:648)
	at games.strategy.engine.framework.ServerGame.runStep(ServerGame.java:478)
	at games.strategy.engine.framework.ServerGame.runNextStep(ServerGame.java:365)
	at games.strategy.engine.framework.ServerGame.startGame(ServerGame.java:333)
	at games.strategy.engine.framework.startup.launcher.LocalLauncher.launchInternal(LocalLauncher.java:92)
	at games.strategy.engine.framework.startup.launcher.LocalLauncher.lambda$launch$0(LocalLauncher.java:60)
	at java.base/java.lang.Thread.run(Thread.java:840)
140138 23:58:29.302 [Thread-8] INFO  org.triplea.sound.ClipPlayer - Unable to create audio device, is there audio on the system? Cannot create AudioDevice
javazoom.jl.decoder.JavaLayerException: Cannot create AudioDevice
	at javazoom.jl.player.FactoryRegistry.createAudioDevice(FactoryRegistry.java:97)
	at org.triplea.sound.ClipPlayer.hasAudio(ClipPlayer.java:144)
	at org.triplea.sound.ClipPlayer.isSoundEnabled(ClipPlayer.java:251)
	at org.triplea.sound.ClipPlayer.play(ClipPlayer.java:220)
	at org.triplea.sound.DefaultSoundChannel.playSoundForAll(DefaultSoundChannel.java:22)
	at jdk.internal.reflect.GeneratedMethodAccessor56.invoke(Unknown Source)
	at java.base/jdk.internal.reflect.DelegatingMethodAccessorImpl.invoke(DelegatingMethodAccessorImpl.java:43)
	at java.base/java.lang.reflect.Method.invoke(Method.java:569)
	at games.strategy.engine.message.unifiedmessenger.EndPoint.invokeSingle(EndPoint.java:137)
	at games.strategy.engine.message.unifiedmessenger.EndPoint.lambda$invokeMultiple$0(EndPoint.java:121)
	at java.base/java.util.stream.ReferencePipeline$3$1.accept(ReferencePipeline.java:197)
	at java.base/java.util.Spliterators$ArraySpliterator.forEachRemaining(Spliterators.java:992)
	at java.base/java.util.stream.AbstractPipeline.copyInto(AbstractPipeline.java:509)
	at java.base/java.util.stream.AbstractPipeline.wrapAndCopyInto(AbstractPipeline.java:499)
	at java.base/java.util.stream.ReduceOps$ReduceOp.evaluateSequential(ReduceOps.java:921)
	at java.base/java.util.stream.AbstractPipeline.evaluate(AbstractPipeline.java:234)
	at java.base/java.util.stream.ReferencePipeline.collect(ReferencePipeline.java:682)
	at games.strategy.engine.message.unifiedmessenger.EndPoint.invokeMultiple(EndPoint.java:122)
	at games.strategy.engine.message.unifiedmessenger.EndPoint.invokeLocal(EndPoint.java:112)
	at games.strategy.engine.message.unifiedmessenger.UnifiedMessenger.invoke(UnifiedMessenger.java:153)
	at games.strategy.engine.message.UnifiedInvocationHandler.invoke(UnifiedInvocationHandler.java:47)
	at jdk.proxy2/jdk.proxy2.$Proxy25.playSoundForAll(Unknown Source)
	at jdk.internal.reflect.GeneratedMethodAccessor55.invoke(Unknown Source)
	at java.base/jdk.internal.reflect.DelegatingMethodAccessorImpl.invoke(DelegatingMethodAccessorImpl.java:43)
	at java.base/java.lang.reflect.Method.invoke(Method.java:569)
	at games.strategy.engine.delegate.DelegateExecutionManager.lambda$newOutboundImplementation$1(DelegateExecutionManager.java:79)
	at jdk.proxy2/jdk.proxy2.$Proxy25.playSoundForAll(Unknown Source)
	at games.strategy.triplea.delegate.AbstractPlaceDelegate.placeUnits(AbstractPlaceDelegate.java:302)
	at games.strategy.triplea.delegate.AbstractPlaceDelegate.placeUnits(AbstractPlaceDelegate.java:201)
	at jdk.internal.reflect.GeneratedMethodAccessor54.invoke(Unknown Source)
	at java.base/jdk.internal.reflect.DelegatingMethodAccessorImpl.invoke(DelegatingMethodAccessorImpl.java:43)
	at java.base/java.lang.reflect.Method.invoke(Method.java:569)
	at games.strategy.engine.delegate.DelegateExecutionManager$1.invoke(DelegateExecutionManager.java:120)
	at jdk.proxy2/jdk.proxy2.$Proxy16.placeUnits(Unknown Source)
	at jdk.internal.reflect.GeneratedMethodAccessor62.invoke(Unknown Source)
	at java.base/jdk.internal.reflect.DelegatingMethodAccessorImpl.invoke(DelegatingMethodAccessorImpl.java:43)
	at java.base/java.lang.reflect.Method.invoke(Method.java:569)
	at games.strategy.engine.message.unifiedmessenger.EndPoint.invokeSingle(EndPoint.java:137)
	at games.strategy.engine.message.unifiedmessenger.EndPoint.lambda$invokeMultiple$0(EndPoint.java:121)
	at java.base/java.util.stream.ReferencePipeline$3$1.accept(ReferencePipeline.java:197)
	at java.base/java.util.Spliterators$ArraySpliterator.forEachRemaining(Spliterators.java:992)
	at java.base/java.util.stream.AbstractPipeline.copyInto(AbstractPipeline.java:509)
	at java.base/java.util.stream.AbstractPipeline.wrapAndCopyInto(AbstractPipeline.java:499)
	at java.base/java.util.stream.ReduceOps$ReduceOp.evaluateSequential(ReduceOps.java:921)
	at java.base/java.util.stream.AbstractPipeline.evaluate(AbstractPipeline.java:234)
	at java.base/java.util.stream.ReferencePipeline.collect(ReferencePipeline.java:682)
	at games.strategy.engine.message.unifiedmessenger.EndPoint.invokeMultiple(EndPoint.java:122)
	at games.strategy.engine.message.unifiedmessenger.EndPoint.invokeLocal(EndPoint.java:112)
	at games.strategy.engine.message.unifiedmessenger.UnifiedMessenger.invokeAndWait(UnifiedMessenger.java:97)
	at games.strategy.engine.message.UnifiedInvocationHandler.invoke(UnifiedInvocationHandler.java:55)
	at jdk.proxy2/jdk.proxy2.$Proxy16.placeUnits(Unknown Source)
	at jdk.internal.reflect.GeneratedMethodAccessor54.invoke(Unknown Source)
	at java.base/jdk.internal.reflect.DelegatingMethodAccessorImpl.invoke(DelegatingMethodAccessorImpl.java:43)
	at java.base/java.lang.reflect.Method.invoke(Method.java:569)
	at games.strategy.engine.player.PlayerBridge$GameOverInvocationHandler.invoke(PlayerBridge.java:151)
	at jdk.proxy2/jdk.proxy2.$Proxy16.placeUnits(Unknown Source)
	at games.strategy.triplea.ai.weak.WeakAi.doPlace(WeakAi.java:1110)
	at games.strategy.triplea.ai.weak.WeakAi.placeAllWeCanOn(WeakAi.java:1104)
	at games.strategy.triplea.ai.weak.WeakAi.lambda$place$15(WeakAi.java:1054)
	at java.base/java.util.Optional.ifPresent(Optional.java:178)
	at games.strategy.triplea.ai.weak.WeakAi.place(WeakAi.java:1054)
	at games.strategy.triplea.ai.AbstractAi.start(AbstractAi.java:531)
	at games.strategy.engine.framework.ServerGame.waitForPlayerToFinishStep(ServerGame.java:648)
	at games.strategy.engine.framework.ServerGame.runStep(ServerGame.java:478)
	at games.strategy.engine.framework.ServerGame.runNextStep(ServerGame.java:365)
	at games.strategy.engine.framework.ServerGame.startGame(ServerGame.java:333)
	at games.strategy.engine.framework.startup.launcher.LocalLauncher.launchInternal(LocalLauncher.java:92)
	at games.strategy.engine.framework.startup.launcher.LocalLauncher.lambda$launch$0(LocalLauncher.java:60)
	at java.base/java.lang.Thread.run(Thread.java:840)
141661 23:58:30.825 [Thread-8] INFO  org.triplea.sound.ClipPlayer - Unable to create audio device, is there audio on the system? Cannot create AudioDevice
javazoom.jl.decoder.JavaLayerException: Cannot create AudioDevice
	at javazoom.jl.player.FactoryRegistry.createAudioDevice(FactoryRegistry.java:97)
	at org.triplea.sound.ClipPlayer.hasAudio(ClipPlayer.java:144)
	at org.triplea.sound.ClipPlayer.isSoundEnabled(ClipPlayer.java:251)
	at org.triplea.sound.ClipPlayer.play(ClipPlayer.java:220)
	at org.triplea.sound.DefaultSoundChannel.playSoundForAll(DefaultSoundChannel.java:22)
	at jdk.internal.reflect.GeneratedMethodAccessor56.invoke(Unknown Source)
	at java.base/jdk.internal.reflect.DelegatingMethodAccessorImpl.invoke(DelegatingMethodAccessorImpl.java:43)
	at java.base/java.lang.reflect.Method.invoke(Method.java:569)
	at games.strategy.engine.message.unifiedmessenger.EndPoint.invokeSingle(EndPoint.java:137)
	at games.strategy.engine.message.unifiedmessenger.EndPoint.lambda$invokeMultiple$0(EndPoint.java:121)
	at java.base/java.util.stream.ReferencePipeline$3$1.accept(ReferencePipeline.java:197)
	at java.base/java.util.Spliterators$ArraySpliterator.forEachRemaining(Spliterators.java:992)
	at java.base/java.util.stream.AbstractPipeline.copyInto(AbstractPipeline.java:509)
	at java.base/java.util.stream.AbstractPipeline.wrapAndCopyInto(AbstractPipeline.java:499)
	at java.base/java.util.stream.ReduceOps$ReduceOp.evaluateSequential(ReduceOps.java:921)
	at java.base/java.util.stream.AbstractPipeline.evaluate(AbstractPipeline.java:234)
	at java.base/java.util.stream.ReferencePipeline.collect(ReferencePipeline.java:682)
	at games.strategy.engine.message.unifiedmessenger.EndPoint.invokeMultiple(EndPoint.java:122)
	at games.strategy.engine.message.unifiedmessenger.EndPoint.invokeLocal(EndPoint.java:112)
	at games.strategy.engine.message.unifiedmessenger.UnifiedMessenger.invoke(UnifiedMessenger.java:153)
	at games.strategy.engine.message.UnifiedInvocationHandler.invoke(UnifiedInvocationHandler.java:47)
	at jdk.proxy2/jdk.proxy2.$Proxy25.playSoundForAll(Unknown Source)
	at jdk.internal.reflect.GeneratedMethodAccessor55.invoke(Unknown Source)
	at java.base/jdk.internal.reflect.DelegatingMethodAccessorImpl.invoke(DelegatingMethodAccessorImpl.java:43)
	at java.base/java.lang.reflect.Method.invoke(Method.java:569)
	at games.strategy.engine.delegate.DelegateExecutionManager.lambda$newOutboundImplementation$1(DelegateExecutionManager.java:79)
	at jdk.proxy2/jdk.proxy2.$Proxy25.playSoundForAll(Unknown Source)
	at org.triplea.sound.SoundUtils.playBattleType(SoundUtils.java:42)
	at games.strategy.triplea.delegate.battle.MustFightBattle.fight(MustFightBattle.java:686)
	at games.strategy.triplea.delegate.battle.BattleTracker.fightBattleIfOnlyOne(BattleTracker.java:1300)
	at games.strategy.triplea.delegate.battle.BattleDelegate.start(BattleDelegate.java:125)
	at games.strategy.engine.framework.ServerGame.startStep(ServerGame.java:611)
	at games.strategy.engine.framework.ServerGame.runStep(ServerGame.java:471)
	at games.strategy.engine.framework.ServerGame.runNextStep(ServerGame.java:365)
	at games.strategy.engine.framework.ServerGame.startGame(ServerGame.java:333)
	at games.strategy.engine.framework.startup.launcher.LocalLauncher.launchInternal(LocalLauncher.java:92)
	at games.strategy.engine.framework.startup.launcher.LocalLauncher.lambda$launch$0(LocalLauncher.java:60)
	at java.base/java.lang.Thread.run(Thread.java:840)
143818 23:58:32.982 [Thread-8] INFO  org.triplea.sound.ClipPlayer - Unable to create audio device, is there audio on the system? Cannot create AudioDevice
javazoom.jl.decoder.JavaLayerException: Cannot create AudioDevice
	at javazoom.jl.player.FactoryRegistry.createAudioDevice(FactoryRegistry.java:97)
	at org.triplea.sound.ClipPlayer.hasAudio(ClipPlayer.java:144)
	at org.triplea.sound.ClipPlayer.isSoundEnabled(ClipPlayer.java:251)
	at org.triplea.sound.ClipPlayer.play(ClipPlayer.java:220)
	at org.triplea.sound.DefaultSoundChannel.playSoundForAll(DefaultSoundChannel.java:22)
	at jdk.internal.reflect.GeneratedMethodAccessor56.invoke(Unknown Source)
	at java.base/jdk.internal.reflect.DelegatingMethodAccessorImpl.invoke(DelegatingMethodAccessorImpl.java:43)
	at java.base/java.lang.reflect.Method.invoke(Method.java:569)
	at games.strategy.engine.message.unifiedmessenger.EndPoint.invokeSingle(EndPoint.java:137)
	at games.strategy.engine.message.unifiedmessenger.EndPoint.lambda$invokeMultiple$0(EndPoint.java:121)
	at java.base/java.util.stream.ReferencePipeline$3$1.accept(ReferencePipeline.java:197)
	at java.base/java.util.Spliterators$ArraySpliterator.forEachRemaining(Spliterators.java:992)
	at java.base/java.util.stream.AbstractPipeline.copyInto(AbstractPipeline.java:509)
	at java.base/java.util.stream.AbstractPipeline.wrapAndCopyInto(AbstractPipeline.java:499)
	at java.base/java.util.stream.ReduceOps$ReduceOp.evaluateSequential(ReduceOps.java:921)
	at java.base/java.util.stream.AbstractPipeline.evaluate(AbstractPipeline.java:234)
	at java.base/java.util.stream.ReferencePipeline.collect(ReferencePipeline.java:682)
	at games.strategy.engine.message.unifiedmessenger.EndPoint.invokeMultiple(EndPoint.java:122)
	at games.strategy.engine.message.unifiedmessenger.EndPoint.invokeLocal(EndPoint.java:112)
	at games.strategy.engine.message.unifiedmessenger.UnifiedMessenger.invoke(UnifiedMessenger.java:153)
	at games.strategy.engine.message.UnifiedInvocationHandler.invoke(UnifiedInvocationHandler.java:47)
	at jdk.proxy2/jdk.proxy2.$Proxy25.playSoundForAll(Unknown Source)
	at jdk.internal.reflect.GeneratedMethodAccessor55.invoke(Unknown Source)
	at java.base/jdk.internal.reflect.DelegatingMethodAccessorImpl.invoke(DelegatingMethodAccessorImpl.java:43)
	at java.base/java.lang.reflect.Method.invoke(Method.java:569)
	at games.strategy.engine.delegate.DelegateExecutionManager.lambda$newOutboundImplementation$1(DelegateExecutionManager.java:79)
	at jdk.proxy2/jdk.proxy2.$Proxy25.playSoundForAll(Unknown Source)
	at games.strategy.triplea.delegate.battle.BattleTracker.takeOver(BattleTracker.java:794)
	at games.strategy.triplea.delegate.battle.MustFightBattle.attackerWins(MustFightBattle.java:1430)
	at games.strategy.triplea.delegate.battle.MustFightBattle.endBattle(MustFightBattle.java:462)
	at games.strategy.triplea.delegate.battle.steps.change.CheckGeneralBattleEnd.execute(CheckGeneralBattleEnd.java:64)
	at games.strategy.triplea.delegate.ExecutionStack.execute(ExecutionStack.java:34)
	at games.strategy.triplea.delegate.battle.MustFightBattle.fight(MustFightBattle.java:690)
	at games.strategy.triplea.delegate.battle.BattleTracker.fightBattleIfOnlyOne(BattleTracker.java:1300)
	at games.strategy.triplea.delegate.battle.BattleDelegate.start(BattleDelegate.java:125)
	at games.strategy.engine.framework.ServerGame.startStep(ServerGame.java:611)
	at games.strategy.engine.framework.ServerGame.runStep(ServerGame.java:471)
	at games.strategy.engine.framework.ServerGame.runNextStep(ServerGame.java:365)
	at games.strategy.engine.framework.ServerGame.startGame(ServerGame.java:333)
	at games.strategy.engine.framework.startup.launcher.LocalLauncher.launchInternal(LocalLauncher.java:92)
	at games.strategy.engine.framework.startup.launcher.LocalLauncher.lambda$launch$0(LocalLauncher.java:60)
	at java.base/java.lang.Thread.run(Thread.java:840)
145841 23:58:35.005 [Thread-8] INFO  org.triplea.sound.ClipPlayer - Unable to create audio device, is there audio on the system? Cannot create AudioDevice
javazoom.jl.decoder.JavaLayerException: Cannot create AudioDevice
	at javazoom.jl.player.FactoryRegistry.createAudioDevice(FactoryRegistry.java:97)
	at org.triplea.sound.ClipPlayer.hasAudio(ClipPlayer.java:144)
	at org.triplea.sound.ClipPlayer.isSoundEnabled(ClipPlayer.java:251)
	at org.triplea.sound.ClipPlayer.play(ClipPlayer.java:220)
	at org.triplea.sound.DefaultSoundChannel.playSoundForAll(DefaultSoundChannel.java:22)
	at jdk.internal.reflect.GeneratedMethodAccessor56.invoke(Unknown Source)
	at java.base/jdk.internal.reflect.DelegatingMethodAccessorImpl.invoke(DelegatingMethodAccessorImpl.java:43)
	at java.base/java.lang.reflect.Method.invoke(Method.java:569)
	at games.strategy.engine.message.unifiedmessenger.EndPoint.invokeSingle(EndPoint.java:137)
	at games.strategy.engine.message.unifiedmessenger.EndPoint.lambda$invokeMultiple$0(EndPoint.java:121)
	at java.base/java.util.stream.ReferencePipeline$3$1.accept(ReferencePipeline.java:197)
	at java.base/java.util.Spliterators$ArraySpliterator.forEachRemaining(Spliterators.java:992)
	at java.base/java.util.stream.AbstractPipeline.copyInto(AbstractPipeline.java:509)
	at java.base/java.util.stream.AbstractPipeline.wrapAndCopyInto(AbstractPipeline.java:499)
	at java.base/java.util.stream.ReduceOps$ReduceOp.evaluateSequential(ReduceOps.java:921)
	at java.base/java.util.stream.AbstractPipeline.evaluate(AbstractPipeline.java:234)
	at java.base/java.util.stream.ReferencePipeline.collect(ReferencePipeline.java:682)
	at games.strategy.engine.message.unifiedmessenger.EndPoint.invokeMultiple(EndPoint.java:122)
	at games.strategy.engine.message.unifiedmessenger.EndPoint.invokeLocal(EndPoint.java:112)
	at games.strategy.engine.message.unifiedmessenger.UnifiedMessenger.invoke(UnifiedMessenger.java:153)
	at games.strategy.engine.message.UnifiedInvocationHandler.invoke(UnifiedInvocationHandler.java:47)
	at jdk.proxy2/jdk.proxy2.$Proxy25.playSoundForAll(Unknown Source)
	at jdk.internal.reflect.GeneratedMethodAccessor55.invoke(Unknown Source)
	at java.base/jdk.internal.reflect.DelegatingMethodAccessorImpl.invoke(DelegatingMethodAccessorImpl.java:43)
	at java.base/java.lang.reflect.Method.invoke(Method.java:569)
	at games.strategy.engine.delegate.DelegateExecutionManager.lambda$newOutboundImplementation$1(DelegateExecutionManager.java:79)
	at jdk.proxy2/jdk.proxy2.$Proxy25.playSoundForAll(Unknown Source)
	at games.strategy.triplea.delegate.AbstractPlaceDelegate.placeUnits(AbstractPlaceDelegate.java:302)
	at games.strategy.triplea.delegate.AbstractPlaceDelegate.placeUnits(AbstractPlaceDelegate.java:201)
	at jdk.internal.reflect.GeneratedMethodAccessor54.invoke(Unknown Source)
	at java.base/jdk.internal.reflect.DelegatingMethodAccessorImpl.invoke(DelegatingMethodAccessorImpl.java:43)
	at java.base/java.lang.reflect.Method.invoke(Method.java:569)
	at games.strategy.engine.delegate.DelegateExecutionManager$1.invoke(DelegateExecutionManager.java:120)
	at jdk.proxy2/jdk.proxy2.$Proxy16.placeUnits(Unknown Source)
	at jdk.internal.reflect.GeneratedMethodAccessor62.invoke(Unknown Source)
	at java.base/jdk.internal.reflect.DelegatingMethodAccessorImpl.invoke(DelegatingMethodAccessorImpl.java:43)
	at java.base/java.lang.reflect.Method.invoke(Method.java:569)
	at games.strategy.engine.message.unifiedmessenger.EndPoint.invokeSingle(EndPoint.java:137)
	at games.strategy.engine.message.unifiedmessenger.EndPoint.lambda$invokeMultiple$0(EndPoint.java:121)
	at java.base/java.util.stream.ReferencePipeline$3$1.accept(ReferencePipeline.java:197)
	at java.base/java.util.Spliterators$ArraySpliterator.forEachRemaining(Spliterators.java:992)
	at java.base/java.util.stream.AbstractPipeline.copyInto(AbstractPipeline.java:509)
	at java.base/java.util.stream.AbstractPipeline.wrapAndCopyInto(AbstractPipeline.java:499)
	at java.base/java.util.stream.ReduceOps$ReduceOp.evaluateSequential(ReduceOps.java:921)
	at java.base/java.util.stream.AbstractPipeline.evaluate(AbstractPipeline.java:234)
	at java.base/java.util.stream.ReferencePipeline.collect(ReferencePipeline.java:682)
	at games.strategy.engine.message.unifiedmessenger.EndPoint.invokeMultiple(EndPoint.java:122)
	at games.strategy.engine.message.unifiedmessenger.EndPoint.invokeLocal(EndPoint.java:112)
	at games.strategy.engine.message.unifiedmessenger.UnifiedMessenger.invokeAndWait(UnifiedMessenger.java:97)
	at games.strategy.engine.message.UnifiedInvocationHandler.invoke(UnifiedInvocationHandler.java:55)
	at jdk.proxy2/jdk.proxy2.$Proxy16.placeUnits(Unknown Source)
	at jdk.internal.reflect.GeneratedMethodAccessor54.invoke(Unknown Source)
	at java.base/jdk.internal.reflect.DelegatingMethodAccessorImpl.invoke(DelegatingMethodAccessorImpl.java:43)
	at java.base/java.lang.reflect.Method.invoke(Method.java:569)
	at games.strategy.engine.player.PlayerBridge$GameOverInvocationHandler.invoke(PlayerBridge.java:151)
	at jdk.proxy2/jdk.proxy2.$Proxy16.placeUnits(Unknown Source)
	at games.strategy.triplea.ai.weak.WeakAi.doPlace(WeakAi.java:1110)
	at games.strategy.triplea.ai.weak.WeakAi.placeAllWeCanOn(WeakAi.java:1104)
	at games.strategy.triplea.ai.weak.WeakAi.lambda$place$15(WeakAi.java:1054)
	at java.base/java.util.Optional.ifPresent(Optional.java:178)
	at games.strategy.triplea.ai.weak.WeakAi.place(WeakAi.java:1054)
	at games.strategy.triplea.ai.AbstractAi.start(AbstractAi.java:531)
	at games.strategy.engine.framework.ServerGame.waitForPlayerToFinishStep(ServerGame.java:648)
	at games.strategy.engine.framework.ServerGame.runStep(ServerGame.java:478)
	at games.strategy.engine.framework.ServerGame.runNextStep(ServerGame.java:365)
	at games.strategy.engine.framework.ServerGame.startGame(ServerGame.java:333)
	at games.strategy.engine.framework.startup.launcher.LocalLauncher.launchInternal(LocalLauncher.java:92)
	at games.strategy.engine.framework.startup.launcher.LocalLauncher.lambda$launch$0(LocalLauncher.java:60)
	at java.base/java.lang.Thread.run(Thread.java:840)
148611 23:58:37.775 [Thread-8] INFO  org.triplea.sound.ClipPlayer - Unable to create audio device, is there audio on the system? Cannot create AudioDevice
javazoom.jl.decoder.JavaLayerException: Cannot create AudioDevice
	at javazoom.jl.player.FactoryRegistry.createAudioDevice(FactoryRegistry.java:97)
	at org.triplea.sound.ClipPlayer.hasAudio(ClipPlayer.java:144)
	at org.triplea.sound.ClipPlayer.isSoundEnabled(ClipPlayer.java:251)
	at org.triplea.sound.ClipPlayer.play(ClipPlayer.java:220)
	at org.triplea.sound.DefaultSoundChannel.playSoundForAll(DefaultSoundChannel.java:22)
	at jdk.internal.reflect.GeneratedMethodAccessor56.invoke(Unknown Source)
	at java.base/jdk.internal.reflect.DelegatingMethodAccessorImpl.invoke(DelegatingMethodAccessorImpl.java:43)
	at java.base/java.lang.reflect.Method.invoke(Method.java:569)
	at games.strategy.engine.message.unifiedmessenger.EndPoint.invokeSingle(EndPoint.java:137)
	at games.strategy.engine.message.unifiedmessenger.EndPoint.lambda$invokeMultiple$0(EndPoint.java:121)
	at java.base/java.util.stream.ReferencePipeline$3$1.accept(ReferencePipeline.java:197)
	at java.base/java.util.Spliterators$ArraySpliterator.forEachRemaining(Spliterators.java:992)
	at java.base/java.util.stream.AbstractPipeline.copyInto(AbstractPipeline.java:509)
	at java.base/java.util.stream.AbstractPipeline.wrapAndCopyInto(AbstractPipeline.java:499)
	at java.base/java.util.stream.ReduceOps$ReduceOp.evaluateSequential(ReduceOps.java:921)
	at java.base/java.util.stream.AbstractPipeline.evaluate(AbstractPipeline.java:234)
	at java.base/java.util.stream.ReferencePipeline.collect(ReferencePipeline.java:682)
	at games.strategy.engine.message.unifiedmessenger.EndPoint.invokeMultiple(EndPoint.java:122)
	at games.strategy.engine.message.unifiedmessenger.EndPoint.invokeLocal(EndPoint.java:112)
	at games.strategy.engine.message.unifiedmessenger.UnifiedMessenger.invoke(UnifiedMessenger.java:153)
	at games.strategy.engine.message.UnifiedInvocationHandler.invoke(UnifiedInvocationHandler.java:47)
	at jdk.proxy2/jdk.proxy2.$Proxy25.playSoundForAll(Unknown Source)
	at jdk.internal.reflect.GeneratedMethodAccessor55.invoke(Unknown Source)
	at java.base/jdk.internal.reflect.DelegatingMethodAccessorImpl.invoke(DelegatingMethodAccessorImpl.java:43)
	at java.base/java.lang.reflect.Method.invoke(Method.java:569)
	at games.strategy.engine.delegate.DelegateExecutionManager.lambda$newOutboundImplementation$1(DelegateExecutionManager.java:79)
	at jdk.proxy2/jdk.proxy2.$Proxy25.playSoundForAll(Unknown Source)
	at games.strategy.triplea.delegate.AbstractPlaceDelegate.placeUnits(AbstractPlaceDelegate.java:302)
	at games.strategy.triplea.delegate.AbstractPlaceDelegate.placeUnits(AbstractPlaceDelegate.java:201)
	at jdk.internal.reflect.GeneratedMethodAccessor54.invoke(Unknown Source)
	at java.base/jdk.internal.reflect.DelegatingMethodAccessorImpl.invoke(DelegatingMethodAccessorImpl.java:43)
	at java.base/java.lang.reflect.Method.invoke(Method.java:569)
	at games.strategy.engine.delegate.DelegateExecutionManager$1.invoke(DelegateExecutionManager.java:120)
	at jdk.proxy2/jdk.proxy2.$Proxy16.placeUnits(Unknown Source)
	at jdk.internal.reflect.GeneratedMethodAccessor62.invoke(Unknown Source)
	at java.base/jdk.internal.reflect.DelegatingMethodAccessorImpl.invoke(DelegatingMethodAccessorImpl.java:43)
	at java.base/java.lang.reflect.Method.invoke(Method.java:569)
	at games.strategy.engine.message.unifiedmessenger.EndPoint.invokeSingle(EndPoint.java:137)
	at games.strategy.engine.message.unifiedmessenger.EndPoint.lambda$invokeMultiple$0(EndPoint.java:121)
	at java.base/java.util.stream.ReferencePipeline$3$1.accept(ReferencePipeline.java:197)
	at java.base/java.util.Spliterators$ArraySpliterator.forEachRemaining(Spliterators.java:992)
	at java.base/java.util.stream.AbstractPipeline.copyInto(AbstractPipeline.java:509)
	at java.base/java.util.stream.AbstractPipeline.wrapAndCopyInto(AbstractPipeline.java:499)
	at java.base/java.util.stream.ReduceOps$ReduceOp.evaluateSequential(ReduceOps.java:921)
	at java.base/java.util.stream.AbstractPipeline.evaluate(AbstractPipeline.java:234)
	at java.base/java.util.stream.ReferencePipeline.collect(ReferencePipeline.java:682)
	at games.strategy.engine.message.unifiedmessenger.EndPoint.invokeMultiple(EndPoint.java:122)
	at games.strategy.engine.message.unifiedmessenger.EndPoint.invokeLocal(EndPoint.java:112)
	at games.strategy.engine.message.unifiedmessenger.UnifiedMessenger.invokeAndWait(UnifiedMessenger.java:97)
	at games.strategy.engine.message.UnifiedInvocationHandler.invoke(UnifiedInvocationHandler.java:55)
	at jdk.proxy2/jdk.proxy2.$Proxy16.placeUnits(Unknown Source)
	at jdk.internal.reflect.GeneratedMethodAccessor54.invoke(Unknown Source)
	at java.base/jdk.internal.reflect.DelegatingMethodAccessorImpl.invoke(DelegatingMethodAccessorImpl.java:43)
	at java.base/java.lang.reflect.Method.invoke(Method.java:569)
	at games.strategy.engine.player.PlayerBridge$GameOverInvocationHandler.invoke(PlayerBridge.java:151)
	at jdk.proxy2/jdk.proxy2.$Proxy16.placeUnits(Unknown Source)
	at games.strategy.triplea.ai.weak.WeakAi.doPlace(WeakAi.java:1110)
	at games.strategy.triplea.ai.weak.WeakAi.placeAllWeCanOn(WeakAi.java:1104)
	at games.strategy.triplea.ai.weak.WeakAi.lambda$place$15(WeakAi.java:1054)
	at java.base/java.util.Optional.ifPresent(Optional.java:178)
	at games.strategy.triplea.ai.weak.WeakAi.place(WeakAi.java:1054)
	at games.strategy.triplea.ai.AbstractAi.start(AbstractAi.java:531)
	at games.strategy.engine.framework.ServerGame.waitForPlayerToFinishStep(ServerGame.java:648)
	at games.strategy.engine.framework.ServerGame.runStep(ServerGame.java:478)
	at games.strategy.engine.framework.ServerGame.runNextStep(ServerGame.java:365)
	at games.strategy.engine.framework.ServerGame.startGame(ServerGame.java:333)
	at games.strategy.engine.framework.startup.launcher.LocalLauncher.launchInternal(LocalLauncher.java:92)
	at games.strategy.engine.framework.startup.launcher.LocalLauncher.lambda$launch$0(LocalLauncher.java:60)
	at java.base/java.lang.Thread.run(Thread.java:840)
154426 23:58:43.590 [Thread-8] INFO  org.triplea.sound.ClipPlayer - Unable to create audio device, is there audio on the system? Cannot create AudioDevice
javazoom.jl.decoder.JavaLayerException: Cannot create AudioDevice
	at javazoom.jl.player.FactoryRegistry.createAudioDevice(FactoryRegistry.java:97)
	at org.triplea.sound.ClipPlayer.hasAudio(ClipPlayer.java:144)
	at org.triplea.sound.ClipPlayer.isSoundEnabled(ClipPlayer.java:251)
	at org.triplea.sound.ClipPlayer.play(ClipPlayer.java:220)
	at org.triplea.sound.DefaultSoundChannel.playSoundForAll(DefaultSoundChannel.java:22)
	at jdk.internal.reflect.GeneratedMethodAccessor56.invoke(Unknown Source)
	at java.base/jdk.internal.reflect.DelegatingMethodAccessorImpl.invoke(DelegatingMethodAccessorImpl.java:43)
	at java.base/java.lang.reflect.Method.invoke(Method.java:569)
	at games.strategy.engine.message.unifiedmessenger.EndPoint.invokeSingle(EndPoint.java:137)
	at games.strategy.engine.message.unifiedmessenger.EndPoint.lambda$invokeMultiple$0(EndPoint.java:121)
	at java.base/java.util.stream.ReferencePipeline$3$1.accept(ReferencePipeline.java:197)
	at java.base/java.util.Spliterators$ArraySpliterator.forEachRemaining(Spliterators.java:992)
	at java.base/java.util.stream.AbstractPipeline.copyInto(AbstractPipeline.java:509)
	at java.base/java.util.stream.AbstractPipeline.wrapAndCopyInto(AbstractPipeline.java:499)
	at java.base/java.util.stream.ReduceOps$ReduceOp.evaluateSequential(ReduceOps.java:921)
	at java.base/java.util.stream.AbstractPipeline.evaluate(AbstractPipeline.java:234)
	at java.base/java.util.stream.ReferencePipeline.collect(ReferencePipeline.java:682)
	at games.strategy.engine.message.unifiedmessenger.EndPoint.invokeMultiple(EndPoint.java:122)
	at games.strategy.engine.message.unifiedmessenger.EndPoint.invokeLocal(EndPoint.java:112)
	at games.strategy.engine.message.unifiedmessenger.UnifiedMessenger.invoke(UnifiedMessenger.java:153)
	at games.strategy.engine.message.UnifiedInvocationHandler.invoke(UnifiedInvocationHandler.java:47)
	at jdk.proxy2/jdk.proxy2.$Proxy25.playSoundForAll(Unknown Source)
	at jdk.internal.reflect.GeneratedMethodAccessor55.invoke(Unknown Source)
	at java.base/jdk.internal.reflect.DelegatingMethodAccessorImpl.invoke(DelegatingMethodAccessorImpl.java:43)
	at java.base/java.lang.reflect.Method.invoke(Method.java:569)
	at games.strategy.engine.delegate.DelegateExecutionManager.lambda$newOutboundImplementation$1(DelegateExecutionManager.java:79)
	at jdk.proxy2/jdk.proxy2.$Proxy25.playSoundForAll(Unknown Source)
	at org.triplea.sound.SoundUtils.playBattleType(SoundUtils.java:42)
	at games.strategy.triplea.delegate.battle.MustFightBattle.fight(MustFightBattle.java:686)
	at games.strategy.triplea.delegate.battle.BattleDelegate.fightBattle(BattleDelegate.java:243)
	at java.base/jdk.internal.reflect.NativeMethodAccessorImpl.invoke0(Native Method)
	at java.base/jdk.internal.reflect.NativeMethodAccessorImpl.invoke(NativeMethodAccessorImpl.java:77)
	at java.base/jdk.internal.reflect.DelegatingMethodAccessorImpl.invoke(DelegatingMethodAccessorImpl.java:43)
	at java.base/java.lang.reflect.Method.invoke(Method.java:569)
	at games.strategy.engine.delegate.DelegateExecutionManager$1.invoke(DelegateExecutionManager.java:120)
	at jdk.proxy2/jdk.proxy2.$Proxy13.fightBattle(Unknown Source)
	at java.base/jdk.internal.reflect.NativeMethodAccessorImpl.invoke0(Native Method)
	at java.base/jdk.internal.reflect.NativeMethodAccessorImpl.invoke(NativeMethodAccessorImpl.java:77)
	at java.base/jdk.internal.reflect.DelegatingMethodAccessorImpl.invoke(DelegatingMethodAccessorImpl.java:43)
	at java.base/java.lang.reflect.Method.invoke(Method.java:569)
	at games.strategy.engine.message.unifiedmessenger.EndPoint.invokeSingle(EndPoint.java:137)
	at games.strategy.engine.message.unifiedmessenger.EndPoint.lambda$invokeMultiple$0(EndPoint.java:121)
	at java.base/java.util.stream.ReferencePipeline$3$1.accept(ReferencePipeline.java:197)
	at java.base/java.util.Spliterators$ArraySpliterator.forEachRemaining(Spliterators.java:992)
	at java.base/java.util.stream.AbstractPipeline.copyInto(AbstractPipeline.java:509)
	at java.base/java.util.stream.AbstractPipeline.wrapAndCopyInto(AbstractPipeline.java:499)
	at java.base/java.util.stream.ReduceOps$ReduceOp.evaluateSequential(ReduceOps.java:921)
	at java.base/java.util.stream.AbstractPipeline.evaluate(AbstractPipeline.java:234)
	at java.base/java.util.stream.ReferencePipeline.collect(ReferencePipeline.java:682)
	at games.strategy.engine.message.unifiedmessenger.EndPoint.invokeMultiple(EndPoint.java:122)
	at games.strategy.engine.message.unifiedmessenger.EndPoint.invokeLocal(EndPoint.java:112)
	at games.strategy.engine.message.unifiedmessenger.UnifiedMessenger.invokeAndWait(UnifiedMessenger.java:97)
	at games.strategy.engine.message.UnifiedInvocationHandler.invoke(UnifiedInvocationHandler.java:55)
	at jdk.proxy2/jdk.proxy2.$Proxy13.fightBattle(Unknown Source)
	at java.base/jdk.internal.reflect.NativeMethodAccessorImpl.invoke0(Native Method)
	at java.base/jdk.internal.reflect.NativeMethodAccessorImpl.invoke(NativeMethodAccessorImpl.java:77)
	at java.base/jdk.internal.reflect.DelegatingMethodAccessorImpl.invoke(DelegatingMethodAccessorImpl.java:43)
	at java.base/java.lang.reflect.Method.invoke(Method.java:569)
	at games.strategy.engine.player.PlayerBridge$GameOverInvocationHandler.invoke(PlayerBridge.java:151)
	at jdk.proxy2/jdk.proxy2.$Proxy13.fightBattle(Unknown Source)
	at games.strategy.triplea.ai.AbstractAi.battle(AbstractAi.java:618)
	at games.strategy.triplea.ai.AbstractAi.start(AbstractAi.java:525)
	at games.strategy.engine.framework.ServerGame.waitForPlayerToFinishStep(ServerGame.java:648)
	at games.strategy.engine.framework.ServerGame.runStep(ServerGame.java:478)
	at games.strategy.engine.framework.ServerGame.runNextStep(ServerGame.java:365)
	at games.strategy.engine.framework.ServerGame.startGame(ServerGame.java:333)
	at games.strategy.engine.framework.startup.launcher.LocalLauncher.launchInternal(LocalLauncher.java:92)
	at games.strategy.engine.framework.startup.launcher.LocalLauncher.lambda$launch$0(LocalLauncher.java:60)
	at java.base/java.lang.Thread.run(Thread.java:840)
162728 23:58:51.892 [Thread-8] INFO  org.triplea.sound.ClipPlayer - Unable to create audio device, is there audio on the system? Cannot create AudioDevice
javazoom.jl.decoder.JavaLayerException: Cannot create AudioDevice
	at javazoom.jl.player.FactoryRegistry.createAudioDevice(FactoryRegistry.java:97)
	at org.triplea.sound.ClipPlayer.hasAudio(ClipPlayer.java:144)
	at org.triplea.sound.ClipPlayer.isSoundEnabled(ClipPlayer.java:251)
	at org.triplea.sound.ClipPlayer.play(ClipPlayer.java:220)
	at org.triplea.sound.DefaultSoundChannel.playSoundForAll(DefaultSoundChannel.java:22)
	at jdk.internal.reflect.GeneratedMethodAccessor56.invoke(Unknown Source)
	at java.base/jdk.internal.reflect.DelegatingMethodAccessorImpl.invoke(DelegatingMethodAccessorImpl.java:43)
	at java.base/java.lang.reflect.Method.invoke(Method.java:569)
	at games.strategy.engine.message.unifiedmessenger.EndPoint.invokeSingle(EndPoint.java:137)
	at games.strategy.engine.message.unifiedmessenger.EndPoint.lambda$invokeMultiple$0(EndPoint.java:121)
	at java.base/java.util.stream.ReferencePipeline$3$1.accept(ReferencePipeline.java:197)
	at java.base/java.util.Spliterators$ArraySpliterator.forEachRemaining(Spliterators.java:992)
	at java.base/java.util.stream.AbstractPipeline.copyInto(AbstractPipeline.java:509)
	at java.base/java.util.stream.AbstractPipeline.wrapAndCopyInto(AbstractPipeline.java:499)
	at java.base/java.util.stream.ReduceOps$ReduceOp.evaluateSequential(ReduceOps.java:921)
	at java.base/java.util.stream.AbstractPipeline.evaluate(AbstractPipeline.java:234)
	at java.base/java.util.stream.ReferencePipeline.collect(ReferencePipeline.java:682)
	at games.strategy.engine.message.unifiedmessenger.EndPoint.invokeMultiple(EndPoint.java:122)
	at games.strategy.engine.message.unifiedmessenger.EndPoint.invokeLocal(EndPoint.java:112)
	at games.strategy.engine.message.unifiedmessenger.UnifiedMessenger.invoke(UnifiedMessenger.java:153)
	at games.strategy.engine.message.UnifiedInvocationHandler.invoke(UnifiedInvocationHandler.java:47)
	at jdk.proxy2/jdk.proxy2.$Proxy25.playSoundForAll(Unknown Source)
	at jdk.internal.reflect.GeneratedMethodAccessor55.invoke(Unknown Source)
	at java.base/jdk.internal.reflect.DelegatingMethodAccessorImpl.invoke(DelegatingMethodAccessorImpl.java:43)
	at java.base/java.lang.reflect.Method.invoke(Method.java:569)
	at games.strategy.engine.delegate.DelegateExecutionManager.lambda$newOutboundImplementation$1(DelegateExecutionManager.java:79)
	at jdk.proxy2/jdk.proxy2.$Proxy25.playSoundForAll(Unknown Source)
	at games.strategy.triplea.delegate.battle.MustFightBattle.defenderWins(MustFightBattle.java:1386)
	at games.strategy.triplea.delegate.battle.MustFightBattle.endBattle(MustFightBattle.java:465)
	at games.strategy.triplea.delegate.battle.steps.change.CheckGeneralBattleEnd.execute(CheckGeneralBattleEnd.java:62)
	at games.strategy.triplea.delegate.ExecutionStack.execute(ExecutionStack.java:34)
	at games.strategy.triplea.delegate.battle.MustFightBattle.fight(MustFightBattle.java:690)
	at games.strategy.triplea.delegate.battle.BattleDelegate.fightBattle(BattleDelegate.java:243)
	at java.base/jdk.internal.reflect.NativeMethodAccessorImpl.invoke0(Native Method)
	at java.base/jdk.internal.reflect.NativeMethodAccessorImpl.invoke(NativeMethodAccessorImpl.java:77)
	at java.base/jdk.internal.reflect.DelegatingMethodAccessorImpl.invoke(DelegatingMethodAccessorImpl.java:43)
	at java.base/java.lang.reflect.Method.invoke(Method.java:569)
	at games.strategy.engine.delegate.DelegateExecutionManager$1.invoke(DelegateExecutionManager.java:120)
	at jdk.proxy2/jdk.proxy2.$Proxy13.fightBattle(Unknown Source)
	at java.base/jdk.internal.reflect.NativeMethodAccessorImpl.invoke0(Native Method)
	at java.base/jdk.internal.reflect.NativeMethodAccessorImpl.invoke(NativeMethodAccessorImpl.java:77)
	at java.base/jdk.internal.reflect.DelegatingMethodAccessorImpl.invoke(DelegatingMethodAccessorImpl.java:43)
	at java.base/java.lang.reflect.Method.invoke(Method.java:569)
	at games.strategy.engine.message.unifiedmessenger.EndPoint.invokeSingle(EndPoint.java:137)
	at games.strategy.engine.message.unifiedmessenger.EndPoint.lambda$invokeMultiple$0(EndPoint.java:121)
	at java.base/java.util.stream.ReferencePipeline$3$1.accept(ReferencePipeline.java:197)
	at java.base/java.util.Spliterators$ArraySpliterator.forEachRemaining(Spliterators.java:992)
	at java.base/java.util.stream.AbstractPipeline.copyInto(AbstractPipeline.java:509)
	at java.base/java.util.stream.AbstractPipeline.wrapAndCopyInto(AbstractPipeline.java:499)
	at java.base/java.util.stream.ReduceOps$ReduceOp.evaluateSequential(ReduceOps.java:921)
	at java.base/java.util.stream.AbstractPipeline.evaluate(AbstractPipeline.java:234)
	at java.base/java.util.stream.ReferencePipeline.collect(ReferencePipeline.java:682)
	at games.strategy.engine.message.unifiedmessenger.EndPoint.invokeMultiple(EndPoint.java:122)
	at games.strategy.engine.message.unifiedmessenger.EndPoint.invokeLocal(EndPoint.java:112)
	at games.strategy.engine.message.unifiedmessenger.UnifiedMessenger.invokeAndWait(UnifiedMessenger.java:97)
	at games.strategy.engine.message.UnifiedInvocationHandler.invoke(UnifiedInvocationHandler.java:55)
	at jdk.proxy2/jdk.proxy2.$Proxy13.fightBattle(Unknown Source)
	at java.base/jdk.internal.reflect.NativeMethodAccessorImpl.invoke0(Native Method)
	at java.base/jdk.internal.reflect.NativeMethodAccessorImpl.invoke(NativeMethodAccessorImpl.java:77)
	at java.base/jdk.internal.reflect.DelegatingMethodAccessorImpl.invoke(DelegatingMethodAccessorImpl.java:43)
	at java.base/java.lang.reflect.Method.invoke(Method.java:569)
	at games.strategy.engine.player.PlayerBridge$GameOverInvocationHandler.invoke(PlayerBridge.java:151)
	at jdk.proxy2/jdk.proxy2.$Proxy13.fightBattle(Unknown Source)
	at games.strategy.triplea.ai.AbstractAi.battle(AbstractAi.java:618)
	at games.strategy.triplea.ai.AbstractAi.start(AbstractAi.java:525)
	at games.strategy.engine.framework.ServerGame.waitForPlayerToFinishStep(ServerGame.java:648)
	at games.strategy.engine.framework.ServerGame.runStep(ServerGame.java:478)
	at games.strategy.engine.framework.ServerGame.runNextStep(ServerGame.java:365)
	at games.strategy.engine.framework.ServerGame.startGame(ServerGame.java:333)
	at games.strategy.engine.framework.startup.launcher.LocalLauncher.launchInternal(LocalLauncher.java:92)
	at games.strategy.engine.framework.startup.launcher.LocalLauncher.lambda$launch$0(LocalLauncher.java:60)
	at java.base/java.lang.Thread.run(Thread.java:840)
162761 23:58:51.925 [Thread-8] INFO  org.triplea.sound.ClipPlayer - Unable to create audio device, is there audio on the system? Cannot create AudioDevice
javazoom.jl.decoder.JavaLayerException: Cannot create AudioDevice
	at javazoom.jl.player.FactoryRegistry.createAudioDevice(FactoryRegistry.java:97)
	at org.triplea.sound.ClipPlayer.hasAudio(ClipPlayer.java:144)
	at org.triplea.sound.ClipPlayer.isSoundEnabled(ClipPlayer.java:251)
	at org.triplea.sound.ClipPlayer.play(ClipPlayer.java:220)
	at org.triplea.sound.DefaultSoundChannel.playSoundForAll(DefaultSoundChannel.java:22)
	at jdk.internal.reflect.GeneratedMethodAccessor56.invoke(Unknown Source)
	at java.base/jdk.internal.reflect.DelegatingMethodAccessorImpl.invoke(DelegatingMethodAccessorImpl.java:43)
	at java.base/java.lang.reflect.Method.invoke(Method.java:569)
	at games.strategy.engine.message.unifiedmessenger.EndPoint.invokeSingle(EndPoint.java:137)
	at games.strategy.engine.message.unifiedmessenger.EndPoint.lambda$invokeMultiple$0(EndPoint.java:121)
	at java.base/java.util.stream.ReferencePipeline$3$1.accept(ReferencePipeline.java:197)
	at java.base/java.util.Spliterators$ArraySpliterator.forEachRemaining(Spliterators.java:992)
	at java.base/java.util.stream.AbstractPipeline.copyInto(AbstractPipeline.java:509)
	at java.base/java.util.stream.AbstractPipeline.wrapAndCopyInto(AbstractPipeline.java:499)
	at java.base/java.util.stream.ReduceOps$ReduceOp.evaluateSequential(ReduceOps.java:921)
	at java.base/java.util.stream.AbstractPipeline.evaluate(AbstractPipeline.java:234)
	at java.base/java.util.stream.ReferencePipeline.collect(ReferencePipeline.java:682)
	at games.strategy.engine.message.unifiedmessenger.EndPoint.invokeMultiple(EndPoint.java:122)
	at games.strategy.engine.message.unifiedmessenger.EndPoint.invokeLocal(EndPoint.java:112)
	at games.strategy.engine.message.unifiedmessenger.UnifiedMessenger.invoke(UnifiedMessenger.java:153)
	at games.strategy.engine.message.UnifiedInvocationHandler.invoke(UnifiedInvocationHandler.java:47)
	at jdk.proxy2/jdk.proxy2.$Proxy25.playSoundForAll(Unknown Source)
	at jdk.internal.reflect.GeneratedMethodAccessor55.invoke(Unknown Source)
	at java.base/jdk.internal.reflect.DelegatingMethodAccessorImpl.invoke(DelegatingMethodAccessorImpl.java:43)
	at java.base/java.lang.reflect.Method.invoke(Method.java:569)
	at games.strategy.engine.delegate.DelegateExecutionManager.lambda$newOutboundImplementation$1(DelegateExecutionManager.java:79)
	at jdk.proxy2/jdk.proxy2.$Proxy25.playSoundForAll(Unknown Source)
	at org.triplea.sound.SoundUtils.playBattleType(SoundUtils.java:42)
	at games.strategy.triplea.delegate.battle.MustFightBattle.fight(MustFightBattle.java:686)
	at games.strategy.triplea.delegate.battle.BattleDelegate.fightBattle(BattleDelegate.java:243)
	at java.base/jdk.internal.reflect.NativeMethodAccessorImpl.invoke0(Native Method)
	at java.base/jdk.internal.reflect.NativeMethodAccessorImpl.invoke(NativeMethodAccessorImpl.java:77)
	at java.base/jdk.internal.reflect.DelegatingMethodAccessorImpl.invoke(DelegatingMethodAccessorImpl.java:43)
	at java.base/java.lang.reflect.Method.invoke(Method.java:569)
	at games.strategy.engine.delegate.DelegateExecutionManager$1.invoke(DelegateExecutionManager.java:120)
	at jdk.proxy2/jdk.proxy2.$Proxy13.fightBattle(Unknown Source)
	at java.base/jdk.internal.reflect.NativeMethodAccessorImpl.invoke0(Native Method)
	at java.base/jdk.internal.reflect.NativeMethodAccessorImpl.invoke(NativeMethodAccessorImpl.java:77)
	at java.base/jdk.internal.reflect.DelegatingMethodAccessorImpl.invoke(DelegatingMethodAccessorImpl.java:43)
	at java.base/java.lang.reflect.Method.invoke(Method.java:569)
	at games.strategy.engine.message.unifiedmessenger.EndPoint.invokeSingle(EndPoint.java:137)
	at games.strategy.engine.message.unifiedmessenger.EndPoint.lambda$invokeMultiple$0(EndPoint.java:121)
	at java.base/java.util.stream.ReferencePipeline$3$1.accept(ReferencePipeline.java:197)
	at java.base/java.util.Spliterators$ArraySpliterator.forEachRemaining(Spliterators.java:992)
	at java.base/java.util.stream.AbstractPipeline.copyInto(AbstractPipeline.java:509)
	at java.base/java.util.stream.AbstractPipeline.wrapAndCopyInto(AbstractPipeline.java:499)
	at java.base/java.util.stream.ReduceOps$ReduceOp.evaluateSequential(ReduceOps.java:921)
	at java.base/java.util.stream.AbstractPipeline.evaluate(AbstractPipeline.java:234)
	at java.base/java.util.stream.ReferencePipeline.collect(ReferencePipeline.java:682)
	at games.strategy.engine.message.unifiedmessenger.EndPoint.invokeMultiple(EndPoint.java:122)
	at games.strategy.engine.message.unifiedmessenger.EndPoint.invokeLocal(EndPoint.java:112)
	at games.strategy.engine.message.unifiedmessenger.UnifiedMessenger.invokeAndWait(UnifiedMessenger.java:97)
	at games.strategy.engine.message.UnifiedInvocationHandler.invoke(UnifiedInvocationHandler.java:55)
	at jdk.proxy2/jdk.proxy2.$Proxy13.fightBattle(Unknown Source)
	at java.base/jdk.internal.reflect.NativeMethodAccessorImpl.invoke0(Native Method)
	at java.base/jdk.internal.reflect.NativeMethodAccessorImpl.invoke(NativeMethodAccessorImpl.java:77)
	at java.base/jdk.internal.reflect.DelegatingMethodAccessorImpl.invoke(DelegatingMethodAccessorImpl.java:43)
	at java.base/java.lang.reflect.Method.invoke(Method.java:569)
	at games.strategy.engine.player.PlayerBridge$GameOverInvocationHandler.invoke(PlayerBridge.java:151)
	at jdk.proxy2/jdk.proxy2.$Proxy13.fightBattle(Unknown Source)
	at games.strategy.triplea.ai.AbstractAi.battle(AbstractAi.java:618)
	at games.strategy.triplea.ai.AbstractAi.start(AbstractAi.java:525)
	at games.strategy.engine.framework.ServerGame.waitForPlayerToFinishStep(ServerGame.java:648)
	at games.strategy.engine.framework.ServerGame.runStep(ServerGame.java:478)
	at games.strategy.engine.framework.ServerGame.runNextStep(ServerGame.java:365)
	at games.strategy.engine.framework.ServerGame.startGame(ServerGame.java:333)
	at games.strategy.engine.framework.startup.launcher.LocalLauncher.launchInternal(LocalLauncher.java:92)
	at games.strategy.engine.framework.startup.launcher.LocalLauncher.lambda$launch$0(LocalLauncher.java:60)
	at java.base/java.lang.Thread.run(Thread.java:840)
165054 23:58:54.218 [Thread-8] INFO  org.triplea.sound.ClipPlayer - Unable to create audio device, is there audio on the system? Cannot create AudioDevice
javazoom.jl.decoder.JavaLayerException: Cannot create AudioDevice
	at javazoom.jl.player.FactoryRegistry.createAudioDevice(FactoryRegistry.java:97)
	at org.triplea.sound.ClipPlayer.hasAudio(ClipPlayer.java:144)
	at org.triplea.sound.ClipPlayer.isSoundEnabled(ClipPlayer.java:251)
	at org.triplea.sound.ClipPlayer.play(ClipPlayer.java:220)
	at org.triplea.sound.DefaultSoundChannel.playSoundForAll(DefaultSoundChannel.java:22)
	at jdk.internal.reflect.GeneratedMethodAccessor56.invoke(Unknown Source)
	at java.base/jdk.internal.reflect.DelegatingMethodAccessorImpl.invoke(DelegatingMethodAccessorImpl.java:43)
	at java.base/java.lang.reflect.Method.invoke(Method.java:569)
	at games.strategy.engine.message.unifiedmessenger.EndPoint.invokeSingle(EndPoint.java:137)
	at games.strategy.engine.message.unifiedmessenger.EndPoint.lambda$invokeMultiple$0(EndPoint.java:121)
	at java.base/java.util.stream.ReferencePipeline$3$1.accept(ReferencePipeline.java:197)
	at java.base/java.util.Spliterators$ArraySpliterator.forEachRemaining(Spliterators.java:992)
	at java.base/java.util.stream.AbstractPipeline.copyInto(AbstractPipeline.java:509)
	at java.base/java.util.stream.AbstractPipeline.wrapAndCopyInto(AbstractPipeline.java:499)
	at java.base/java.util.stream.ReduceOps$ReduceOp.evaluateSequential(ReduceOps.java:921)
	at java.base/java.util.stream.AbstractPipeline.evaluate(AbstractPipeline.java:234)
	at java.base/java.util.stream.ReferencePipeline.collect(ReferencePipeline.java:682)
	at games.strategy.engine.message.unifiedmessenger.EndPoint.invokeMultiple(EndPoint.java:122)
	at games.strategy.engine.message.unifiedmessenger.EndPoint.invokeLocal(EndPoint.java:112)
	at games.strategy.engine.message.unifiedmessenger.UnifiedMessenger.invoke(UnifiedMessenger.java:153)
	at games.strategy.engine.message.UnifiedInvocationHandler.invoke(UnifiedInvocationHandler.java:47)
	at jdk.proxy2/jdk.proxy2.$Proxy25.playSoundForAll(Unknown Source)
	at jdk.internal.reflect.GeneratedMethodAccessor55.invoke(Unknown Source)
	at java.base/jdk.internal.reflect.DelegatingMethodAccessorImpl.invoke(DelegatingMethodAccessorImpl.java:43)
	at java.base/java.lang.reflect.Method.invoke(Method.java:569)
	at games.strategy.engine.delegate.DelegateExecutionManager.lambda$newOutboundImplementation$1(DelegateExecutionManager.java:79)
	at jdk.proxy2/jdk.proxy2.$Proxy25.playSoundForAll(Unknown Source)
	at org.triplea.sound.SoundUtils.playRetreatType(SoundUtils.java:110)
	at games.strategy.triplea.delegate.battle.steps.retreat.OffensiveGeneralRetreat.retreat(OffensiveGeneralRetreat.java:165)
	at games.strategy.triplea.delegate.battle.steps.retreat.OffensiveGeneralRetreat.lambda$retreatUnits$0(OffensiveGeneralRetreat.java:136)
	at java.base/java.util.Optional.ifPresent(Optional.java:178)
	at games.strategy.triplea.delegate.battle.steps.retreat.OffensiveGeneralRetreat.retreatUnits(OffensiveGeneralRetreat.java:136)
	at games.strategy.triplea.delegate.battle.steps.retreat.OffensiveGeneralRetreat.execute(OffensiveGeneralRetreat.java:93)
	at games.strategy.triplea.delegate.ExecutionStack.execute(ExecutionStack.java:34)
	at games.strategy.triplea.delegate.battle.MustFightBattle.fight(MustFightBattle.java:690)
	at games.strategy.triplea.delegate.battle.BattleDelegate.fightBattle(BattleDelegate.java:243)
	at java.base/jdk.internal.reflect.NativeMethodAccessorImpl.invoke0(Native Method)
	at java.base/jdk.internal.reflect.NativeMethodAccessorImpl.invoke(NativeMethodAccessorImpl.java:77)
	at java.base/jdk.internal.reflect.DelegatingMethodAccessorImpl.invoke(DelegatingMethodAccessorImpl.java:43)
	at java.base/java.lang.reflect.Method.invoke(Method.java:569)
	at games.strategy.engine.delegate.DelegateExecutionManager$1.invoke(DelegateExecutionManager.java:120)
	at jdk.proxy2/jdk.proxy2.$Proxy13.fightBattle(Unknown Source)
	at java.base/jdk.internal.reflect.NativeMethodAccessorImpl.invoke0(Native Method)
	at java.base/jdk.internal.reflect.NativeMethodAccessorImpl.invoke(NativeMethodAccessorImpl.java:77)
	at java.base/jdk.internal.reflect.DelegatingMethodAccessorImpl.invoke(DelegatingMethodAccessorImpl.java:43)
	at java.base/java.lang.reflect.Method.invoke(Method.java:569)
	at games.strategy.engine.message.unifiedmessenger.EndPoint.invokeSingle(EndPoint.java:137)
	at games.strategy.engine.message.unifiedmessenger.EndPoint.lambda$invokeMultiple$0(EndPoint.java:121)
	at java.base/java.util.stream.ReferencePipeline$3$1.accept(ReferencePipeline.java:197)
	at java.base/java.util.Spliterators$ArraySpliterator.forEachRemaining(Spliterators.java:992)
	at java.base/java.util.stream.AbstractPipeline.copyInto(AbstractPipeline.java:509)
	at java.base/java.util.stream.AbstractPipeline.wrapAndCopyInto(AbstractPipeline.java:499)
	at java.base/java.util.stream.ReduceOps$ReduceOp.evaluateSequential(ReduceOps.java:921)
	at java.base/java.util.stream.AbstractPipeline.evaluate(AbstractPipeline.java:234)
	at java.base/java.util.stream.ReferencePipeline.collect(ReferencePipeline.java:682)
	at games.strategy.engine.message.unifiedmessenger.EndPoint.invokeMultiple(EndPoint.java:122)
	at games.strategy.engine.message.unifiedmessenger.EndPoint.invokeLocal(EndPoint.java:112)
	at games.strategy.engine.message.unifiedmessenger.UnifiedMessenger.invokeAndWait(UnifiedMessenger.java:97)
	at games.strategy.engine.message.UnifiedInvocationHandler.invoke(UnifiedInvocationHandler.java:55)
	at jdk.proxy2/jdk.proxy2.$Proxy13.fightBattle(Unknown Source)
	at java.base/jdk.internal.reflect.NativeMethodAccessorImpl.invoke0(Native Method)
	at java.base/jdk.internal.reflect.NativeMethodAccessorImpl.invoke(NativeMethodAccessorImpl.java:77)
	at java.base/jdk.internal.reflect.DelegatingMethodAccessorImpl.invoke(DelegatingMethodAccessorImpl.java:43)
	at java.base/java.lang.reflect.Method.invoke(Method.java:569)
	at games.strategy.engine.player.PlayerBridge$GameOverInvocationHandler.invoke(PlayerBridge.java:151)
	at jdk.proxy2/jdk.proxy2.$Proxy13.fightBattle(Unknown Source)
	at games.strategy.triplea.ai.AbstractAi.battle(AbstractAi.java:618)
	at games.strategy.triplea.ai.AbstractAi.start(AbstractAi.java:525)
	at games.strategy.engine.framework.ServerGame.waitForPlayerToFinishStep(ServerGame.java:648)
	at games.strategy.engine.framework.ServerGame.runStep(ServerGame.java:478)
	at games.strategy.engine.framework.ServerGame.runNextStep(ServerGame.java:365)
	at games.strategy.engine.framework.ServerGame.startGame(ServerGame.java:333)
	at games.strategy.engine.framework.startup.launcher.LocalLauncher.launchInternal(LocalLauncher.java:92)
	at games.strategy.engine.framework.startup.launcher.LocalLauncher.lambda$launch$0(LocalLauncher.java:60)
	at java.base/java.lang.Thread.run(Thread.java:840)
165091 23:58:54.255 [Thread-8] INFO  org.triplea.sound.ClipPlayer - Unable to create audio device, is there audio on the system? Cannot create AudioDevice
javazoom.jl.decoder.JavaLayerException: Cannot create AudioDevice
	at javazoom.jl.player.FactoryRegistry.createAudioDevice(FactoryRegistry.java:97)
	at org.triplea.sound.ClipPlayer.hasAudio(ClipPlayer.java:144)
	at org.triplea.sound.ClipPlayer.isSoundEnabled(ClipPlayer.java:251)
	at org.triplea.sound.ClipPlayer.play(ClipPlayer.java:220)
	at org.triplea.sound.DefaultSoundChannel.playSoundForAll(DefaultSoundChannel.java:22)
	at jdk.internal.reflect.GeneratedMethodAccessor56.invoke(Unknown Source)
	at java.base/jdk.internal.reflect.DelegatingMethodAccessorImpl.invoke(DelegatingMethodAccessorImpl.java:43)
	at java.base/java.lang.reflect.Method.invoke(Method.java:569)
	at games.strategy.engine.message.unifiedmessenger.EndPoint.invokeSingle(EndPoint.java:137)
	at games.strategy.engine.message.unifiedmessenger.EndPoint.lambda$invokeMultiple$0(EndPoint.java:121)
	at java.base/java.util.stream.ReferencePipeline$3$1.accept(ReferencePipeline.java:197)
	at java.base/java.util.Spliterators$ArraySpliterator.forEachRemaining(Spliterators.java:992)
	at java.base/java.util.stream.AbstractPipeline.copyInto(AbstractPipeline.java:509)
	at java.base/java.util.stream.AbstractPipeline.wrapAndCopyInto(AbstractPipeline.java:499)
	at java.base/java.util.stream.ReduceOps$ReduceOp.evaluateSequential(ReduceOps.java:921)
	at java.base/java.util.stream.AbstractPipeline.evaluate(AbstractPipeline.java:234)
	at java.base/java.util.stream.ReferencePipeline.collect(ReferencePipeline.java:682)
	at games.strategy.engine.message.unifiedmessenger.EndPoint.invokeMultiple(EndPoint.java:122)
	at games.strategy.engine.message.unifiedmessenger.EndPoint.invokeLocal(EndPoint.java:112)
	at games.strategy.engine.message.unifiedmessenger.UnifiedMessenger.invoke(UnifiedMessenger.java:153)
	at games.strategy.engine.message.UnifiedInvocationHandler.invoke(UnifiedInvocationHandler.java:47)
	at jdk.proxy2/jdk.proxy2.$Proxy25.playSoundForAll(Unknown Source)
	at jdk.internal.reflect.GeneratedMethodAccessor55.invoke(Unknown Source)
	at java.base/jdk.internal.reflect.DelegatingMethodAccessorImpl.invoke(DelegatingMethodAccessorImpl.java:43)
	at java.base/java.lang.reflect.Method.invoke(Method.java:569)
	at games.strategy.engine.delegate.DelegateExecutionManager.lambda$newOutboundImplementation$1(DelegateExecutionManager.java:79)
	at jdk.proxy2/jdk.proxy2.$Proxy25.playSoundForAll(Unknown Source)
	at games.strategy.triplea.delegate.battle.MustFightBattle.defenderWins(MustFightBattle.java:1386)
	at games.strategy.triplea.delegate.battle.MustFightBattle.endBattle(MustFightBattle.java:465)
	at games.strategy.triplea.delegate.battle.steps.retreat.OffensiveGeneralRetreat.retreat(OffensiveGeneralRetreat.java:180)
	at games.strategy.triplea.delegate.battle.steps.retreat.OffensiveGeneralRetreat.lambda$retreatUnits$0(OffensiveGeneralRetreat.java:136)
	at java.base/java.util.Optional.ifPresent(Optional.java:178)
	at games.strategy.triplea.delegate.battle.steps.retreat.OffensiveGeneralRetreat.retreatUnits(OffensiveGeneralRetreat.java:136)
	at games.strategy.triplea.delegate.battle.steps.retreat.OffensiveGeneralRetreat.execute(OffensiveGeneralRetreat.java:93)
	at games.strategy.triplea.delegate.ExecutionStack.execute(ExecutionStack.java:34)
	at games.strategy.triplea.delegate.battle.MustFightBattle.fight(MustFightBattle.java:690)
	at games.strategy.triplea.delegate.battle.BattleDelegate.fightBattle(BattleDelegate.java:243)
	at java.base/jdk.internal.reflect.NativeMethodAccessorImpl.invoke0(Native Method)
	at java.base/jdk.internal.reflect.NativeMethodAccessorImpl.invoke(NativeMethodAccessorImpl.java:77)
	at java.base/jdk.internal.reflect.DelegatingMethodAccessorImpl.invoke(DelegatingMethodAccessorImpl.java:43)
	at java.base/java.lang.reflect.Method.invoke(Method.java:569)
	at games.strategy.engine.delegate.DelegateExecutionManager$1.invoke(DelegateExecutionManager.java:120)
	at jdk.proxy2/jdk.proxy2.$Proxy13.fightBattle(Unknown Source)
	at java.base/jdk.internal.reflect.NativeMethodAccessorImpl.invoke0(Native Method)
	at java.base/jdk.internal.reflect.NativeMethodAccessorImpl.invoke(NativeMethodAccessorImpl.java:77)
	at java.base/jdk.internal.reflect.DelegatingMethodAccessorImpl.invoke(DelegatingMethodAccessorImpl.java:43)
	at java.base/java.lang.reflect.Method.invoke(Method.java:569)
	at games.strategy.engine.message.unifiedmessenger.EndPoint.invokeSingle(EndPoint.java:137)
	at games.strategy.engine.message.unifiedmessenger.EndPoint.lambda$invokeMultiple$0(EndPoint.java:121)
	at java.base/java.util.stream.ReferencePipeline$3$1.accept(ReferencePipeline.java:197)
	at java.base/java.util.Spliterators$ArraySpliterator.forEachRemaining(Spliterators.java:992)
	at java.base/java.util.stream.AbstractPipeline.copyInto(AbstractPipeline.java:509)
	at java.base/java.util.stream.AbstractPipeline.wrapAndCopyInto(AbstractPipeline.java:499)
	at java.base/java.util.stream.ReduceOps$ReduceOp.evaluateSequential(ReduceOps.java:921)
	at java.base/java.util.stream.AbstractPipeline.evaluate(AbstractPipeline.java:234)
	at java.base/java.util.stream.ReferencePipeline.collect(ReferencePipeline.java:682)
	at games.strategy.engine.message.unifiedmessenger.EndPoint.invokeMultiple(EndPoint.java:122)
	at games.strategy.engine.message.unifiedmessenger.EndPoint.invokeLocal(EndPoint.java:112)
	at games.strategy.engine.message.unifiedmessenger.UnifiedMessenger.invokeAndWait(UnifiedMessenger.java:97)
	at games.strategy.engine.message.UnifiedInvocationHandler.invoke(UnifiedInvocationHandler.java:55)
	at jdk.proxy2/jdk.proxy2.$Proxy13.fightBattle(Unknown Source)
	at java.base/jdk.internal.reflect.NativeMethodAccessorImpl.invoke0(Native Method)
	at java.base/jdk.internal.reflect.NativeMethodAccessorImpl.invoke(NativeMethodAccessorImpl.java:77)
	at java.base/jdk.internal.reflect.DelegatingMethodAccessorImpl.invoke(DelegatingMethodAccessorImpl.java:43)
	at java.base/java.lang.reflect.Method.invoke(Method.java:569)
	at games.strategy.engine.player.PlayerBridge$GameOverInvocationHandler.invoke(PlayerBridge.java:151)
	at jdk.proxy2/jdk.proxy2.$Proxy13.fightBattle(Unknown Source)
	at games.strategy.triplea.ai.AbstractAi.battle(AbstractAi.java:618)
	at games.strategy.triplea.ai.AbstractAi.start(AbstractAi.java:525)
	at games.strategy.engine.framework.ServerGame.waitForPlayerToFinishStep(ServerGame.java:648)
	at games.strategy.engine.framework.ServerGame.runStep(ServerGame.java:478)
	at games.strategy.engine.framework.ServerGame.runNextStep(ServerGame.java:365)
	at games.strategy.engine.framework.ServerGame.startGame(ServerGame.java:333)
	at games.strategy.engine.framework.startup.launcher.LocalLauncher.launchInternal(LocalLauncher.java:92)
	at games.strategy.engine.framework.startup.launcher.LocalLauncher.lambda$launch$0(LocalLauncher.java:60)
	at java.base/java.lang.Thread.run(Thread.java:840)
166218 23:58:55.382 [Thread-8] INFO  org.triplea.sound.ClipPlayer - Unable to create audio device, is there audio on the system? Cannot create AudioDevice
javazoom.jl.decoder.JavaLayerException: Cannot create AudioDevice
	at javazoom.jl.player.FactoryRegistry.createAudioDevice(FactoryRegistry.java:97)
	at org.triplea.sound.ClipPlayer.hasAudio(ClipPlayer.java:144)
	at org.triplea.sound.ClipPlayer.isSoundEnabled(ClipPlayer.java:251)
	at org.triplea.sound.ClipPlayer.play(ClipPlayer.java:220)
	at org.triplea.sound.DefaultSoundChannel.playSoundForAll(DefaultSoundChannel.java:22)
	at jdk.internal.reflect.GeneratedMethodAccessor56.invoke(Unknown Source)
	at java.base/jdk.internal.reflect.DelegatingMethodAccessorImpl.invoke(DelegatingMethodAccessorImpl.java:43)
	at java.base/java.lang.reflect.Method.invoke(Method.java:569)
	at games.strategy.engine.message.unifiedmessenger.EndPoint.invokeSingle(EndPoint.java:137)
	at games.strategy.engine.message.unifiedmessenger.EndPoint.lambda$invokeMultiple$0(EndPoint.java:121)
	at java.base/java.util.stream.ReferencePipeline$3$1.accept(ReferencePipeline.java:197)
	at java.base/java.util.Spliterators$ArraySpliterator.forEachRemaining(Spliterators.java:992)
	at java.base/java.util.stream.AbstractPipeline.copyInto(AbstractPipeline.java:509)
	at java.base/java.util.stream.AbstractPipeline.wrapAndCopyInto(AbstractPipeline.java:499)
	at java.base/java.util.stream.ReduceOps$ReduceOp.evaluateSequential(ReduceOps.java:921)
	at java.base/java.util.stream.AbstractPipeline.evaluate(AbstractPipeline.java:234)
	at java.base/java.util.stream.ReferencePipeline.collect(ReferencePipeline.java:682)
	at games.strategy.engine.message.unifiedmessenger.EndPoint.invokeMultiple(EndPoint.java:122)
	at games.strategy.engine.message.unifiedmessenger.EndPoint.invokeLocal(EndPoint.java:112)
	at games.strategy.engine.message.unifiedmessenger.UnifiedMessenger.invoke(UnifiedMessenger.java:153)
	at games.strategy.engine.message.UnifiedInvocationHandler.invoke(UnifiedInvocationHandler.java:47)
	at jdk.proxy2/jdk.proxy2.$Proxy25.playSoundForAll(Unknown Source)
	at jdk.internal.reflect.GeneratedMethodAccessor55.invoke(Unknown Source)
	at java.base/jdk.internal.reflect.DelegatingMethodAccessorImpl.invoke(DelegatingMethodAccessorImpl.java:43)
	at java.base/java.lang.reflect.Method.invoke(Method.java:569)
	at games.strategy.engine.delegate.DelegateExecutionManager.lambda$newOutboundImplementation$1(DelegateExecutionManager.java:79)
	at jdk.proxy2/jdk.proxy2.$Proxy25.playSoundForAll(Unknown Source)
	at games.strategy.triplea.delegate.AbstractPlaceDelegate.placeUnits(AbstractPlaceDelegate.java:302)
	at games.strategy.triplea.delegate.AbstractPlaceDelegate.placeUnits(AbstractPlaceDelegate.java:201)
	at jdk.internal.reflect.GeneratedMethodAccessor54.invoke(Unknown Source)
	at java.base/jdk.internal.reflect.DelegatingMethodAccessorImpl.invoke(DelegatingMethodAccessorImpl.java:43)
	at java.base/java.lang.reflect.Method.invoke(Method.java:569)
	at games.strategy.engine.delegate.DelegateExecutionManager$1.invoke(DelegateExecutionManager.java:120)
	at jdk.proxy2/jdk.proxy2.$Proxy16.placeUnits(Unknown Source)
	at jdk.internal.reflect.GeneratedMethodAccessor62.invoke(Unknown Source)
	at java.base/jdk.internal.reflect.DelegatingMethodAccessorImpl.invoke(DelegatingMethodAccessorImpl.java:43)
	at java.base/java.lang.reflect.Method.invoke(Method.java:569)
	at games.strategy.engine.message.unifiedmessenger.EndPoint.invokeSingle(EndPoint.java:137)
	at games.strategy.engine.message.unifiedmessenger.EndPoint.lambda$invokeMultiple$0(EndPoint.java:121)
	at java.base/java.util.stream.ReferencePipeline$3$1.accept(ReferencePipeline.java:197)
	at java.base/java.util.Spliterators$ArraySpliterator.forEachRemaining(Spliterators.java:992)
	at java.base/java.util.stream.AbstractPipeline.copyInto(AbstractPipeline.java:509)
	at java.base/java.util.stream.AbstractPipeline.wrapAndCopyInto(AbstractPipeline.java:499)
	at java.base/java.util.stream.ReduceOps$ReduceOp.evaluateSequential(ReduceOps.java:921)
	at java.base/java.util.stream.AbstractPipeline.evaluate(AbstractPipeline.java:234)
	at java.base/java.util.stream.ReferencePipeline.collect(ReferencePipeline.java:682)
	at games.strategy.engine.message.unifiedmessenger.EndPoint.invokeMultiple(EndPoint.java:122)
	at games.strategy.engine.message.unifiedmessenger.EndPoint.invokeLocal(EndPoint.java:112)
	at games.strategy.engine.message.unifiedmessenger.UnifiedMessenger.invokeAndWait(UnifiedMessenger.java:97)
	at games.strategy.engine.message.UnifiedInvocationHandler.invoke(UnifiedInvocationHandler.java:55)
	at jdk.proxy2/jdk.proxy2.$Proxy16.placeUnits(Unknown Source)
	at jdk.internal.reflect.GeneratedMethodAccessor54.invoke(Unknown Source)
	at java.base/jdk.internal.reflect.DelegatingMethodAccessorImpl.invoke(DelegatingMethodAccessorImpl.java:43)
	at java.base/java.lang.reflect.Method.invoke(Method.java:569)
	at games.strategy.engine.player.PlayerBridge$GameOverInvocationHandler.invoke(PlayerBridge.java:151)
	at jdk.proxy2/jdk.proxy2.$Proxy16.placeUnits(Unknown Source)
	at games.strategy.triplea.ai.tripleMind.ProPurchaseAi.doPlace(ProPurchaseAi.java:2627)
	at games.strategy.triplea.ai.tripleMind.ProPurchaseAi.placeUnits(ProPurchaseAi.java:2545)
	at games.strategy.triplea.ai.tripleMind.ProPurchaseAi.place(ProPurchaseAi.java:562)
	at games.strategy.triplea.ai.tripleMind.AbstractTripleMindAi.place(AbstractTripleMindAi.java:380)
	at games.strategy.triplea.ai.AbstractAi.start(AbstractAi.java:531)
	at games.strategy.engine.framework.ServerGame.waitForPlayerToFinishStep(ServerGame.java:648)
	at games.strategy.engine.framework.ServerGame.runStep(ServerGame.java:478)
	at games.strategy.engine.framework.ServerGame.runNextStep(ServerGame.java:365)
	at games.strategy.engine.framework.ServerGame.startGame(ServerGame.java:333)
	at games.strategy.engine.framework.startup.launcher.LocalLauncher.launchInternal(LocalLauncher.java:92)
	at games.strategy.engine.framework.startup.launcher.LocalLauncher.lambda$launch$0(LocalLauncher.java:60)
	at java.base/java.lang.Thread.run(Thread.java:840)
166344 23:58:55.508 [Thread-8] INFO  org.triplea.sound.ClipPlayer - Unable to create audio device, is there audio on the system? Cannot create AudioDevice
javazoom.jl.decoder.JavaLayerException: Cannot create AudioDevice
	at javazoom.jl.player.FactoryRegistry.createAudioDevice(FactoryRegistry.java:97)
	at org.triplea.sound.ClipPlayer.hasAudio(ClipPlayer.java:144)
	at org.triplea.sound.ClipPlayer.isSoundEnabled(ClipPlayer.java:251)
	at org.triplea.sound.ClipPlayer.play(ClipPlayer.java:220)
	at org.triplea.sound.DefaultSoundChannel.playSoundForAll(DefaultSoundChannel.java:22)
	at jdk.internal.reflect.GeneratedMethodAccessor56.invoke(Unknown Source)
	at java.base/jdk.internal.reflect.DelegatingMethodAccessorImpl.invoke(DelegatingMethodAccessorImpl.java:43)
	at java.base/java.lang.reflect.Method.invoke(Method.java:569)
	at games.strategy.engine.message.unifiedmessenger.EndPoint.invokeSingle(EndPoint.java:137)
	at games.strategy.engine.message.unifiedmessenger.EndPoint.lambda$invokeMultiple$0(EndPoint.java:121)
	at java.base/java.util.stream.ReferencePipeline$3$1.accept(ReferencePipeline.java:197)
	at java.base/java.util.Spliterators$ArraySpliterator.forEachRemaining(Spliterators.java:992)
	at java.base/java.util.stream.AbstractPipeline.copyInto(AbstractPipeline.java:509)
	at java.base/java.util.stream.AbstractPipeline.wrapAndCopyInto(AbstractPipeline.java:499)
	at java.base/java.util.stream.ReduceOps$ReduceOp.evaluateSequential(ReduceOps.java:921)
	at java.base/java.util.stream.AbstractPipeline.evaluate(AbstractPipeline.java:234)
	at java.base/java.util.stream.ReferencePipeline.collect(ReferencePipeline.java:682)
	at games.strategy.engine.message.unifiedmessenger.EndPoint.invokeMultiple(EndPoint.java:122)
	at games.strategy.engine.message.unifiedmessenger.EndPoint.invokeLocal(EndPoint.java:112)
	at games.strategy.engine.message.unifiedmessenger.UnifiedMessenger.invoke(UnifiedMessenger.java:153)
	at games.strategy.engine.message.UnifiedInvocationHandler.invoke(UnifiedInvocationHandler.java:47)
	at jdk.proxy2/jdk.proxy2.$Proxy25.playSoundForAll(Unknown Source)
	at jdk.internal.reflect.GeneratedMethodAccessor55.invoke(Unknown Source)
	at java.base/jdk.internal.reflect.DelegatingMethodAccessorImpl.invoke(DelegatingMethodAccessorImpl.java:43)
	at java.base/java.lang.reflect.Method.invoke(Method.java:569)
	at games.strategy.engine.delegate.DelegateExecutionManager.lambda$newOutboundImplementation$1(DelegateExecutionManager.java:79)
	at jdk.proxy2/jdk.proxy2.$Proxy25.playSoundForAll(Unknown Source)
	at games.strategy.triplea.delegate.AbstractPlaceDelegate.placeUnits(AbstractPlaceDelegate.java:302)
	at games.strategy.triplea.delegate.AbstractPlaceDelegate.placeUnits(AbstractPlaceDelegate.java:201)
	at jdk.internal.reflect.GeneratedMethodAccessor54.invoke(Unknown Source)
	at java.base/jdk.internal.reflect.DelegatingMethodAccessorImpl.invoke(DelegatingMethodAccessorImpl.java:43)
	at java.base/java.lang.reflect.Method.invoke(Method.java:569)
	at games.strategy.engine.delegate.DelegateExecutionManager$1.invoke(DelegateExecutionManager.java:120)
	at jdk.proxy2/jdk.proxy2.$Proxy16.placeUnits(Unknown Source)
	at jdk.internal.reflect.GeneratedMethodAccessor62.invoke(Unknown Source)
	at java.base/jdk.internal.reflect.DelegatingMethodAccessorImpl.invoke(DelegatingMethodAccessorImpl.java:43)
	at java.base/java.lang.reflect.Method.invoke(Method.java:569)
	at games.strategy.engine.message.unifiedmessenger.EndPoint.invokeSingle(EndPoint.java:137)
	at games.strategy.engine.message.unifiedmessenger.EndPoint.lambda$invokeMultiple$0(EndPoint.java:121)
	at java.base/java.util.stream.ReferencePipeline$3$1.accept(ReferencePipeline.java:197)
	at java.base/java.util.Spliterators$ArraySpliterator.forEachRemaining(Spliterators.java:992)
	at java.base/java.util.stream.AbstractPipeline.copyInto(AbstractPipeline.java:509)
	at java.base/java.util.stream.AbstractPipeline.wrapAndCopyInto(AbstractPipeline.java:499)
	at java.base/java.util.stream.ReduceOps$ReduceOp.evaluateSequential(ReduceOps.java:921)
	at java.base/java.util.stream.AbstractPipeline.evaluate(AbstractPipeline.java:234)
	at java.base/java.util.stream.ReferencePipeline.collect(ReferencePipeline.java:682)
	at games.strategy.engine.message.unifiedmessenger.EndPoint.invokeMultiple(EndPoint.java:122)
	at games.strategy.engine.message.unifiedmessenger.EndPoint.invokeLocal(EndPoint.java:112)
	at games.strategy.engine.message.unifiedmessenger.UnifiedMessenger.invokeAndWait(UnifiedMessenger.java:97)
	at games.strategy.engine.message.UnifiedInvocationHandler.invoke(UnifiedInvocationHandler.java:55)
	at jdk.proxy2/jdk.proxy2.$Proxy16.placeUnits(Unknown Source)
	at jdk.internal.reflect.GeneratedMethodAccessor54.invoke(Unknown Source)
	at java.base/jdk.internal.reflect.DelegatingMethodAccessorImpl.invoke(DelegatingMethodAccessorImpl.java:43)
	at java.base/java.lang.reflect.Method.invoke(Method.java:569)
	at games.strategy.engine.player.PlayerBridge$GameOverInvocationHandler.invoke(PlayerBridge.java:151)
	at jdk.proxy2/jdk.proxy2.$Proxy16.placeUnits(Unknown Source)
	at games.strategy.triplea.ai.tripleMind.ProPurchaseAi.doPlace(ProPurchaseAi.java:2627)
	at games.strategy.triplea.ai.tripleMind.ProPurchaseAi.placeUnits(ProPurchaseAi.java:2545)
	at games.strategy.triplea.ai.tripleMind.ProPurchaseAi.place(ProPurchaseAi.java:562)
	at games.strategy.triplea.ai.tripleMind.AbstractTripleMindAi.place(AbstractTripleMindAi.java:380)
	at games.strategy.triplea.ai.AbstractAi.start(AbstractAi.java:531)
	at games.strategy.engine.framework.ServerGame.waitForPlayerToFinishStep(ServerGame.java:648)
	at games.strategy.engine.framework.ServerGame.runStep(ServerGame.java:478)
	at games.strategy.engine.framework.ServerGame.runNextStep(ServerGame.java:365)
	at games.strategy.engine.framework.ServerGame.startGame(ServerGame.java:333)
	at games.strategy.engine.framework.startup.launcher.LocalLauncher.launchInternal(LocalLauncher.java:92)
	at games.strategy.engine.framework.startup.launcher.LocalLauncher.lambda$launch$0(LocalLauncher.java:60)
	at java.base/java.lang.Thread.run(Thread.java:840)
166468 23:58:55.632 [Thread-8] INFO  org.triplea.sound.ClipPlayer - Unable to create audio device, is there audio on the system? Cannot create AudioDevice
javazoom.jl.decoder.JavaLayerException: Cannot create AudioDevice
	at javazoom.jl.player.FactoryRegistry.createAudioDevice(FactoryRegistry.java:97)
	at org.triplea.sound.ClipPlayer.hasAudio(ClipPlayer.java:144)
	at org.triplea.sound.ClipPlayer.isSoundEnabled(ClipPlayer.java:251)
	at org.triplea.sound.ClipPlayer.play(ClipPlayer.java:220)
	at org.triplea.sound.DefaultSoundChannel.playSoundForAll(DefaultSoundChannel.java:22)
	at jdk.internal.reflect.GeneratedMethodAccessor56.invoke(Unknown Source)
	at java.base/jdk.internal.reflect.DelegatingMethodAccessorImpl.invoke(DelegatingMethodAccessorImpl.java:43)
	at java.base/java.lang.reflect.Method.invoke(Method.java:569)
	at games.strategy.engine.message.unifiedmessenger.EndPoint.invokeSingle(EndPoint.java:137)
	at games.strategy.engine.message.unifiedmessenger.EndPoint.lambda$invokeMultiple$0(EndPoint.java:121)
	at java.base/java.util.stream.ReferencePipeline$3$1.accept(ReferencePipeline.java:197)
	at java.base/java.util.Spliterators$ArraySpliterator.forEachRemaining(Spliterators.java:992)
	at java.base/java.util.stream.AbstractPipeline.copyInto(AbstractPipeline.java:509)
	at java.base/java.util.stream.AbstractPipeline.wrapAndCopyInto(AbstractPipeline.java:499)
	at java.base/java.util.stream.ReduceOps$ReduceOp.evaluateSequential(ReduceOps.java:921)
	at java.base/java.util.stream.AbstractPipeline.evaluate(AbstractPipeline.java:234)
	at java.base/java.util.stream.ReferencePipeline.collect(ReferencePipeline.java:682)
	at games.strategy.engine.message.unifiedmessenger.EndPoint.invokeMultiple(EndPoint.java:122)
	at games.strategy.engine.message.unifiedmessenger.EndPoint.invokeLocal(EndPoint.java:112)
	at games.strategy.engine.message.unifiedmessenger.UnifiedMessenger.invoke(UnifiedMessenger.java:153)
	at games.strategy.engine.message.UnifiedInvocationHandler.invoke(UnifiedInvocationHandler.java:47)
	at jdk.proxy2/jdk.proxy2.$Proxy25.playSoundForAll(Unknown Source)
	at jdk.internal.reflect.GeneratedMethodAccessor55.invoke(Unknown Source)
	at java.base/jdk.internal.reflect.DelegatingMethodAccessorImpl.invoke(DelegatingMethodAccessorImpl.java:43)
	at java.base/java.lang.reflect.Method.invoke(Method.java:569)
	at games.strategy.engine.delegate.DelegateExecutionManager.lambda$newOutboundImplementation$1(DelegateExecutionManager.java:79)
	at jdk.proxy2/jdk.proxy2.$Proxy25.playSoundForAll(Unknown Source)
	at games.strategy.triplea.delegate.AbstractPlaceDelegate.placeUnits(AbstractPlaceDelegate.java:302)
	at games.strategy.triplea.delegate.AbstractPlaceDelegate.placeUnits(AbstractPlaceDelegate.java:201)
	at jdk.internal.reflect.GeneratedMethodAccessor54.invoke(Unknown Source)
	at java.base/jdk.internal.reflect.DelegatingMethodAccessorImpl.invoke(DelegatingMethodAccessorImpl.java:43)
	at java.base/java.lang.reflect.Method.invoke(Method.java:569)
	at games.strategy.engine.delegate.DelegateExecutionManager$1.invoke(DelegateExecutionManager.java:120)
	at jdk.proxy2/jdk.proxy2.$Proxy16.placeUnits(Unknown Source)
	at jdk.internal.reflect.GeneratedMethodAccessor62.invoke(Unknown Source)
	at java.base/jdk.internal.reflect.DelegatingMethodAccessorImpl.invoke(DelegatingMethodAccessorImpl.java:43)
	at java.base/java.lang.reflect.Method.invoke(Method.java:569)
	at games.strategy.engine.message.unifiedmessenger.EndPoint.invokeSingle(EndPoint.java:137)
	at games.strategy.engine.message.unifiedmessenger.EndPoint.lambda$invokeMultiple$0(EndPoint.java:121)
	at java.base/java.util.stream.ReferencePipeline$3$1.accept(ReferencePipeline.java:197)
	at java.base/java.util.Spliterators$ArraySpliterator.forEachRemaining(Spliterators.java:992)
	at java.base/java.util.stream.AbstractPipeline.copyInto(AbstractPipeline.java:509)
	at java.base/java.util.stream.AbstractPipeline.wrapAndCopyInto(AbstractPipeline.java:499)
	at java.base/java.util.stream.ReduceOps$ReduceOp.evaluateSequential(ReduceOps.java:921)
	at java.base/java.util.stream.AbstractPipeline.evaluate(AbstractPipeline.java:234)
	at java.base/java.util.stream.ReferencePipeline.collect(ReferencePipeline.java:682)
	at games.strategy.engine.message.unifiedmessenger.EndPoint.invokeMultiple(EndPoint.java:122)
	at games.strategy.engine.message.unifiedmessenger.EndPoint.invokeLocal(EndPoint.java:112)
	at games.strategy.engine.message.unifiedmessenger.UnifiedMessenger.invokeAndWait(UnifiedMessenger.java:97)
	at games.strategy.engine.message.UnifiedInvocationHandler.invoke(UnifiedInvocationHandler.java:55)
	at jdk.proxy2/jdk.proxy2.$Proxy16.placeUnits(Unknown Source)
	at jdk.internal.reflect.GeneratedMethodAccessor54.invoke(Unknown Source)
	at java.base/jdk.internal.reflect.DelegatingMethodAccessorImpl.invoke(DelegatingMethodAccessorImpl.java:43)
	at java.base/java.lang.reflect.Method.invoke(Method.java:569)
	at games.strategy.engine.player.PlayerBridge$GameOverInvocationHandler.invoke(PlayerBridge.java:151)
	at jdk.proxy2/jdk.proxy2.$Proxy16.placeUnits(Unknown Source)
	at games.strategy.triplea.ai.tripleMind.ProPurchaseAi.doPlace(ProPurchaseAi.java:2627)
	at games.strategy.triplea.ai.tripleMind.ProPurchaseAi.placeUnits(ProPurchaseAi.java:2545)
	at games.strategy.triplea.ai.tripleMind.ProPurchaseAi.place(ProPurchaseAi.java:562)
	at games.strategy.triplea.ai.tripleMind.AbstractTripleMindAi.place(AbstractTripleMindAi.java:380)
	at games.strategy.triplea.ai.AbstractAi.start(AbstractAi.java:531)
	at games.strategy.engine.framework.ServerGame.waitForPlayerToFinishStep(ServerGame.java:648)
	at games.strategy.engine.framework.ServerGame.runStep(ServerGame.java:478)
	at games.strategy.engine.framework.ServerGame.runNextStep(ServerGame.java:365)
	at games.strategy.engine.framework.ServerGame.startGame(ServerGame.java:333)
	at games.strategy.engine.framework.startup.launcher.LocalLauncher.launchInternal(LocalLauncher.java:92)
	at games.strategy.engine.framework.startup.launcher.LocalLauncher.lambda$launch$0(LocalLauncher.java:60)
	at java.base/java.lang.Thread.run(Thread.java:840)
166591 23:58:55.755 [Thread-8] INFO  org.triplea.sound.ClipPlayer - Unable to create audio device, is there audio on the system? Cannot create AudioDevice
javazoom.jl.decoder.JavaLayerException: Cannot create AudioDevice
	at javazoom.jl.player.FactoryRegistry.createAudioDevice(FactoryRegistry.java:97)
	at org.triplea.sound.ClipPlayer.hasAudio(ClipPlayer.java:144)
	at org.triplea.sound.ClipPlayer.isSoundEnabled(ClipPlayer.java:251)
	at org.triplea.sound.ClipPlayer.play(ClipPlayer.java:220)
	at org.triplea.sound.DefaultSoundChannel.playSoundForAll(DefaultSoundChannel.java:22)
	at jdk.internal.reflect.GeneratedMethodAccessor56.invoke(Unknown Source)
	at java.base/jdk.internal.reflect.DelegatingMethodAccessorImpl.invoke(DelegatingMethodAccessorImpl.java:43)
	at java.base/java.lang.reflect.Method.invoke(Method.java:569)
	at games.strategy.engine.message.unifiedmessenger.EndPoint.invokeSingle(EndPoint.java:137)
	at games.strategy.engine.message.unifiedmessenger.EndPoint.lambda$invokeMultiple$0(EndPoint.java:121)
	at java.base/java.util.stream.ReferencePipeline$3$1.accept(ReferencePipeline.java:197)
	at java.base/java.util.Spliterators$ArraySpliterator.forEachRemaining(Spliterators.java:992)
	at java.base/java.util.stream.AbstractPipeline.copyInto(AbstractPipeline.java:509)
	at java.base/java.util.stream.AbstractPipeline.wrapAndCopyInto(AbstractPipeline.java:499)
	at java.base/java.util.stream.ReduceOps$ReduceOp.evaluateSequential(ReduceOps.java:921)
	at java.base/java.util.stream.AbstractPipeline.evaluate(AbstractPipeline.java:234)
	at java.base/java.util.stream.ReferencePipeline.collect(ReferencePipeline.java:682)
	at games.strategy.engine.message.unifiedmessenger.EndPoint.invokeMultiple(EndPoint.java:122)
	at games.strategy.engine.message.unifiedmessenger.EndPoint.invokeLocal(EndPoint.java:112)
	at games.strategy.engine.message.unifiedmessenger.UnifiedMessenger.invoke(UnifiedMessenger.java:153)
	at games.strategy.engine.message.UnifiedInvocationHandler.invoke(UnifiedInvocationHandler.java:47)
	at jdk.proxy2/jdk.proxy2.$Proxy25.playSoundForAll(Unknown Source)
	at jdk.internal.reflect.GeneratedMethodAccessor55.invoke(Unknown Source)
	at java.base/jdk.internal.reflect.DelegatingMethodAccessorImpl.invoke(DelegatingMethodAccessorImpl.java:43)
	at java.base/java.lang.reflect.Method.invoke(Method.java:569)
	at games.strategy.engine.delegate.DelegateExecutionManager.lambda$newOutboundImplementation$1(DelegateExecutionManager.java:79)
	at jdk.proxy2/jdk.proxy2.$Proxy25.playSoundForAll(Unknown Source)
	at games.strategy.triplea.delegate.AbstractPlaceDelegate.placeUnits(AbstractPlaceDelegate.java:302)
	at games.strategy.triplea.delegate.AbstractPlaceDelegate.placeUnits(AbstractPlaceDelegate.java:201)
	at jdk.internal.reflect.GeneratedMethodAccessor54.invoke(Unknown Source)
	at java.base/jdk.internal.reflect.DelegatingMethodAccessorImpl.invoke(DelegatingMethodAccessorImpl.java:43)
	at java.base/java.lang.reflect.Method.invoke(Method.java:569)
	at games.strategy.engine.delegate.DelegateExecutionManager$1.invoke(DelegateExecutionManager.java:120)
	at jdk.proxy2/jdk.proxy2.$Proxy16.placeUnits(Unknown Source)
	at jdk.internal.reflect.GeneratedMethodAccessor62.invoke(Unknown Source)
	at java.base/jdk.internal.reflect.DelegatingMethodAccessorImpl.invoke(DelegatingMethodAccessorImpl.java:43)
	at java.base/java.lang.reflect.Method.invoke(Method.java:569)
	at games.strategy.engine.message.unifiedmessenger.EndPoint.invokeSingle(EndPoint.java:137)
	at games.strategy.engine.message.unifiedmessenger.EndPoint.lambda$invokeMultiple$0(EndPoint.java:121)
	at java.base/java.util.stream.ReferencePipeline$3$1.accept(ReferencePipeline.java:197)
	at java.base/java.util.Spliterators$ArraySpliterator.forEachRemaining(Spliterators.java:992)
	at java.base/java.util.stream.AbstractPipeline.copyInto(AbstractPipeline.java:509)
	at java.base/java.util.stream.AbstractPipeline.wrapAndCopyInto(AbstractPipeline.java:499)
	at java.base/java.util.stream.ReduceOps$ReduceOp.evaluateSequential(ReduceOps.java:921)
	at java.base/java.util.stream.AbstractPipeline.evaluate(AbstractPipeline.java:234)
	at java.base/java.util.stream.ReferencePipeline.collect(ReferencePipeline.java:682)
	at games.strategy.engine.message.unifiedmessenger.EndPoint.invokeMultiple(EndPoint.java:122)
	at games.strategy.engine.message.unifiedmessenger.EndPoint.invokeLocal(EndPoint.java:112)
	at games.strategy.engine.message.unifiedmessenger.UnifiedMessenger.invokeAndWait(UnifiedMessenger.java:97)
	at games.strategy.engine.message.UnifiedInvocationHandler.invoke(UnifiedInvocationHandler.java:55)
	at jdk.proxy2/jdk.proxy2.$Proxy16.placeUnits(Unknown Source)
	at jdk.internal.reflect.GeneratedMethodAccessor54.invoke(Unknown Source)
	at java.base/jdk.internal.reflect.DelegatingMethodAccessorImpl.invoke(DelegatingMethodAccessorImpl.java:43)
	at java.base/java.lang.reflect.Method.invoke(Method.java:569)
	at games.strategy.engine.player.PlayerBridge$GameOverInvocationHandler.invoke(PlayerBridge.java:151)
	at jdk.proxy2/jdk.proxy2.$Proxy16.placeUnits(Unknown Source)
	at games.strategy.triplea.ai.tripleMind.ProPurchaseAi.doPlace(ProPurchaseAi.java:2627)
	at games.strategy.triplea.ai.tripleMind.ProPurchaseAi.placeUnits(ProPurchaseAi.java:2545)
	at games.strategy.triplea.ai.tripleMind.ProPurchaseAi.place(ProPurchaseAi.java:562)
	at games.strategy.triplea.ai.tripleMind.AbstractTripleMindAi.place(AbstractTripleMindAi.java:380)
	at games.strategy.triplea.ai.AbstractAi.start(AbstractAi.java:531)
	at games.strategy.engine.framework.ServerGame.waitForPlayerToFinishStep(ServerGame.java:648)
	at games.strategy.engine.framework.ServerGame.runStep(ServerGame.java:478)
	at games.strategy.engine.framework.ServerGame.runNextStep(ServerGame.java:365)
	at games.strategy.engine.framework.ServerGame.startGame(ServerGame.java:333)
	at games.strategy.engine.framework.startup.launcher.LocalLauncher.launchInternal(LocalLauncher.java:92)
	at games.strategy.engine.framework.startup.launcher.LocalLauncher.lambda$launch$0(LocalLauncher.java:60)
	at java.base/java.lang.Thread.run(Thread.java:840)
166711 23:58:55.875 [Thread-8] INFO  org.triplea.sound.ClipPlayer - Unable to create audio device, is there audio on the system? Cannot create AudioDevice
javazoom.jl.decoder.JavaLayerException: Cannot create AudioDevice
	at javazoom.jl.player.FactoryRegistry.createAudioDevice(FactoryRegistry.java:97)
	at org.triplea.sound.ClipPlayer.hasAudio(ClipPlayer.java:144)
	at org.triplea.sound.ClipPlayer.isSoundEnabled(ClipPlayer.java:251)
	at org.triplea.sound.ClipPlayer.play(ClipPlayer.java:220)
	at org.triplea.sound.DefaultSoundChannel.playSoundForAll(DefaultSoundChannel.java:22)
	at jdk.internal.reflect.GeneratedMethodAccessor56.invoke(Unknown Source)
	at java.base/jdk.internal.reflect.DelegatingMethodAccessorImpl.invoke(DelegatingMethodAccessorImpl.java:43)
	at java.base/java.lang.reflect.Method.invoke(Method.java:569)
	at games.strategy.engine.message.unifiedmessenger.EndPoint.invokeSingle(EndPoint.java:137)
	at games.strategy.engine.message.unifiedmessenger.EndPoint.lambda$invokeMultiple$0(EndPoint.java:121)
	at java.base/java.util.stream.ReferencePipeline$3$1.accept(ReferencePipeline.java:197)
	at java.base/java.util.Spliterators$ArraySpliterator.forEachRemaining(Spliterators.java:992)
	at java.base/java.util.stream.AbstractPipeline.copyInto(AbstractPipeline.java:509)
	at java.base/java.util.stream.AbstractPipeline.wrapAndCopyInto(AbstractPipeline.java:499)
	at java.base/java.util.stream.ReduceOps$ReduceOp.evaluateSequential(ReduceOps.java:921)
	at java.base/java.util.stream.AbstractPipeline.evaluate(AbstractPipeline.java:234)
	at java.base/java.util.stream.ReferencePipeline.collect(ReferencePipeline.java:682)
	at games.strategy.engine.message.unifiedmessenger.EndPoint.invokeMultiple(EndPoint.java:122)
	at games.strategy.engine.message.unifiedmessenger.EndPoint.invokeLocal(EndPoint.java:112)
	at games.strategy.engine.message.unifiedmessenger.UnifiedMessenger.invoke(UnifiedMessenger.java:153)
	at games.strategy.engine.message.UnifiedInvocationHandler.invoke(UnifiedInvocationHandler.java:47)
	at jdk.proxy2/jdk.proxy2.$Proxy25.playSoundForAll(Unknown Source)
	at jdk.internal.reflect.GeneratedMethodAccessor55.invoke(Unknown Source)
	at java.base/jdk.internal.reflect.DelegatingMethodAccessorImpl.invoke(DelegatingMethodAccessorImpl.java:43)
	at java.base/java.lang.reflect.Method.invoke(Method.java:569)
	at games.strategy.engine.delegate.DelegateExecutionManager.lambda$newOutboundImplementation$1(DelegateExecutionManager.java:79)
	at jdk.proxy2/jdk.proxy2.$Proxy25.playSoundForAll(Unknown Source)
	at games.strategy.triplea.delegate.AbstractPlaceDelegate.placeUnits(AbstractPlaceDelegate.java:302)
	at games.strategy.triplea.delegate.AbstractPlaceDelegate.placeUnits(AbstractPlaceDelegate.java:201)
	at jdk.internal.reflect.GeneratedMethodAccessor54.invoke(Unknown Source)
	at java.base/jdk.internal.reflect.DelegatingMethodAccessorImpl.invoke(DelegatingMethodAccessorImpl.java:43)
	at java.base/java.lang.reflect.Method.invoke(Method.java:569)
	at games.strategy.engine.delegate.DelegateExecutionManager$1.invoke(DelegateExecutionManager.java:120)
	at jdk.proxy2/jdk.proxy2.$Proxy16.placeUnits(Unknown Source)
	at jdk.internal.reflect.GeneratedMethodAccessor62.invoke(Unknown Source)
	at java.base/jdk.internal.reflect.DelegatingMethodAccessorImpl.invoke(DelegatingMethodAccessorImpl.java:43)
	at java.base/java.lang.reflect.Method.invoke(Method.java:569)
	at games.strategy.engine.message.unifiedmessenger.EndPoint.invokeSingle(EndPoint.java:137)
	at games.strategy.engine.message.unifiedmessenger.EndPoint.lambda$invokeMultiple$0(EndPoint.java:121)
	at java.base/java.util.stream.ReferencePipeline$3$1.accept(ReferencePipeline.java:197)
	at java.base/java.util.Spliterators$ArraySpliterator.forEachRemaining(Spliterators.java:992)
	at java.base/java.util.stream.AbstractPipeline.copyInto(AbstractPipeline.java:509)
	at java.base/java.util.stream.AbstractPipeline.wrapAndCopyInto(AbstractPipeline.java:499)
	at java.base/java.util.stream.ReduceOps$ReduceOp.evaluateSequential(ReduceOps.java:921)
	at java.base/java.util.stream.AbstractPipeline.evaluate(AbstractPipeline.java:234)
	at java.base/java.util.stream.ReferencePipeline.collect(ReferencePipeline.java:682)
	at games.strategy.engine.message.unifiedmessenger.EndPoint.invokeMultiple(EndPoint.java:122)
	at games.strategy.engine.message.unifiedmessenger.EndPoint.invokeLocal(EndPoint.java:112)
	at games.strategy.engine.message.unifiedmessenger.UnifiedMessenger.invokeAndWait(UnifiedMessenger.java:97)
	at games.strategy.engine.message.UnifiedInvocationHandler.invoke(UnifiedInvocationHandler.java:55)
	at jdk.proxy2/jdk.proxy2.$Proxy16.placeUnits(Unknown Source)
	at jdk.internal.reflect.GeneratedMethodAccessor54.invoke(Unknown Source)
	at java.base/jdk.internal.reflect.DelegatingMethodAccessorImpl.invoke(DelegatingMethodAccessorImpl.java:43)
	at java.base/java.lang.reflect.Method.invoke(Method.java:569)
	at games.strategy.engine.player.PlayerBridge$GameOverInvocationHandler.invoke(PlayerBridge.java:151)
	at jdk.proxy2/jdk.proxy2.$Proxy16.placeUnits(Unknown Source)
	at games.strategy.triplea.ai.tripleMind.ProPurchaseAi.doPlace(ProPurchaseAi.java:2627)
	at games.strategy.triplea.ai.tripleMind.ProPurchaseAi.placeUnits(ProPurchaseAi.java:2545)
	at games.strategy.triplea.ai.tripleMind.ProPurchaseAi.place(ProPurchaseAi.java:562)
	at games.strategy.triplea.ai.tripleMind.AbstractTripleMindAi.place(AbstractTripleMindAi.java:380)
	at games.strategy.triplea.ai.AbstractAi.start(AbstractAi.java:531)
	at games.strategy.engine.framework.ServerGame.waitForPlayerToFinishStep(ServerGame.java:648)
	at games.strategy.engine.framework.ServerGame.runStep(ServerGame.java:478)
	at games.strategy.engine.framework.ServerGame.runNextStep(ServerGame.java:365)
	at games.strategy.engine.framework.ServerGame.startGame(ServerGame.java:333)
	at games.strategy.engine.framework.startup.launcher.LocalLauncher.launchInternal(LocalLauncher.java:92)
	at games.strategy.engine.framework.startup.launcher.LocalLauncher.lambda$launch$0(LocalLauncher.java:60)
	at java.base/java.lang.Thread.run(Thread.java:840)
169906 23:58:59.070 [Thread-8] INFO  org.triplea.sound.ClipPlayer - Unable to create audio device, is there audio on the system? Cannot create AudioDevice
javazoom.jl.decoder.JavaLayerException: Cannot create AudioDevice
	at javazoom.jl.player.FactoryRegistry.createAudioDevice(FactoryRegistry.java:97)
	at org.triplea.sound.ClipPlayer.hasAudio(ClipPlayer.java:144)
	at org.triplea.sound.ClipPlayer.isSoundEnabled(ClipPlayer.java:251)
	at org.triplea.sound.ClipPlayer.play(ClipPlayer.java:220)
	at org.triplea.sound.DefaultSoundChannel.playSoundForAll(DefaultSoundChannel.java:22)
	at jdk.internal.reflect.GeneratedMethodAccessor56.invoke(Unknown Source)
	at java.base/jdk.internal.reflect.DelegatingMethodAccessorImpl.invoke(DelegatingMethodAccessorImpl.java:43)
	at java.base/java.lang.reflect.Method.invoke(Method.java:569)
	at games.strategy.engine.message.unifiedmessenger.EndPoint.invokeSingle(EndPoint.java:137)
	at games.strategy.engine.message.unifiedmessenger.EndPoint.lambda$invokeMultiple$0(EndPoint.java:121)
	at java.base/java.util.stream.ReferencePipeline$3$1.accept(ReferencePipeline.java:197)
	at java.base/java.util.Spliterators$ArraySpliterator.forEachRemaining(Spliterators.java:992)
	at java.base/java.util.stream.AbstractPipeline.copyInto(AbstractPipeline.java:509)
	at java.base/java.util.stream.AbstractPipeline.wrapAndCopyInto(AbstractPipeline.java:499)
	at java.base/java.util.stream.ReduceOps$ReduceOp.evaluateSequential(ReduceOps.java:921)
	at java.base/java.util.stream.AbstractPipeline.evaluate(AbstractPipeline.java:234)
	at java.base/java.util.stream.ReferencePipeline.collect(ReferencePipeline.java:682)
	at games.strategy.engine.message.unifiedmessenger.EndPoint.invokeMultiple(EndPoint.java:122)
	at games.strategy.engine.message.unifiedmessenger.EndPoint.invokeLocal(EndPoint.java:112)
	at games.strategy.engine.message.unifiedmessenger.UnifiedMessenger.invoke(UnifiedMessenger.java:153)
	at games.strategy.engine.message.UnifiedInvocationHandler.invoke(UnifiedInvocationHandler.java:47)
	at jdk.proxy2/jdk.proxy2.$Proxy25.playSoundForAll(Unknown Source)
	at jdk.internal.reflect.GeneratedMethodAccessor55.invoke(Unknown Source)
	at java.base/jdk.internal.reflect.DelegatingMethodAccessorImpl.invoke(DelegatingMethodAccessorImpl.java:43)
	at java.base/java.lang.reflect.Method.invoke(Method.java:569)
	at games.strategy.engine.delegate.DelegateExecutionManager.lambda$newOutboundImplementation$1(DelegateExecutionManager.java:79)
	at jdk.proxy2/jdk.proxy2.$Proxy25.playSoundForAll(Unknown Source)
	at games.strategy.triplea.delegate.AbstractPlaceDelegate.placeUnits(AbstractPlaceDelegate.java:302)
	at games.strategy.triplea.delegate.AbstractPlaceDelegate.placeUnits(AbstractPlaceDelegate.java:201)
	at jdk.internal.reflect.GeneratedMethodAccessor54.invoke(Unknown Source)
	at java.base/jdk.internal.reflect.DelegatingMethodAccessorImpl.invoke(DelegatingMethodAccessorImpl.java:43)
	at java.base/java.lang.reflect.Method.invoke(Method.java:569)
	at games.strategy.engine.delegate.DelegateExecutionManager$1.invoke(DelegateExecutionManager.java:120)
	at jdk.proxy2/jdk.proxy2.$Proxy16.placeUnits(Unknown Source)
	at jdk.internal.reflect.GeneratedMethodAccessor62.invoke(Unknown Source)
	at java.base/jdk.internal.reflect.DelegatingMethodAccessorImpl.invoke(DelegatingMethodAccessorImpl.java:43)
	at java.base/java.lang.reflect.Method.invoke(Method.java:569)
	at games.strategy.engine.message.unifiedmessenger.EndPoint.invokeSingle(EndPoint.java:137)
	at games.strategy.engine.message.unifiedmessenger.EndPoint.lambda$invokeMultiple$0(EndPoint.java:121)
	at java.base/java.util.stream.ReferencePipeline$3$1.accept(ReferencePipeline.java:197)
	at java.base/java.util.Spliterators$ArraySpliterator.forEachRemaining(Spliterators.java:992)
	at java.base/java.util.stream.AbstractPipeline.copyInto(AbstractPipeline.java:509)
	at java.base/java.util.stream.AbstractPipeline.wrapAndCopyInto(AbstractPipeline.java:499)
	at java.base/java.util.stream.ReduceOps$ReduceOp.evaluateSequential(ReduceOps.java:921)
	at java.base/java.util.stream.AbstractPipeline.evaluate(AbstractPipeline.java:234)
	at java.base/java.util.stream.ReferencePipeline.collect(ReferencePipeline.java:682)
	at games.strategy.engine.message.unifiedmessenger.EndPoint.invokeMultiple(EndPoint.java:122)
	at games.strategy.engine.message.unifiedmessenger.EndPoint.invokeLocal(EndPoint.java:112)
	at games.strategy.engine.message.unifiedmessenger.UnifiedMessenger.invokeAndWait(UnifiedMessenger.java:97)
	at games.strategy.engine.message.UnifiedInvocationHandler.invoke(UnifiedInvocationHandler.java:55)
	at jdk.proxy2/jdk.proxy2.$Proxy16.placeUnits(Unknown Source)
	at jdk.internal.reflect.GeneratedMethodAccessor54.invoke(Unknown Source)
	at java.base/jdk.internal.reflect.DelegatingMethodAccessorImpl.invoke(DelegatingMethodAccessorImpl.java:43)
	at java.base/java.lang.reflect.Method.invoke(Method.java:569)
	at games.strategy.engine.player.PlayerBridge$GameOverInvocationHandler.invoke(PlayerBridge.java:151)
	at jdk.proxy2/jdk.proxy2.$Proxy16.placeUnits(Unknown Source)
	at games.strategy.triplea.ai.weak.WeakAi.doPlace(WeakAi.java:1110)
	at games.strategy.triplea.ai.weak.WeakAi.placeAllWeCanOn(WeakAi.java:1104)
	at games.strategy.triplea.ai.weak.WeakAi.lambda$place$15(WeakAi.java:1054)
	at java.base/java.util.Optional.ifPresent(Optional.java:178)
	at games.strategy.triplea.ai.weak.WeakAi.place(WeakAi.java:1054)
	at games.strategy.triplea.ai.AbstractAi.start(AbstractAi.java:531)
	at games.strategy.engine.framework.ServerGame.waitForPlayerToFinishStep(ServerGame.java:648)
	at games.strategy.engine.framework.ServerGame.runStep(ServerGame.java:478)
	at games.strategy.engine.framework.ServerGame.runNextStep(ServerGame.java:365)
	at games.strategy.engine.framework.ServerGame.startGame(ServerGame.java:333)
	at games.strategy.engine.framework.startup.launcher.LocalLauncher.launchInternal(LocalLauncher.java:92)
	at games.strategy.engine.framework.startup.launcher.LocalLauncher.lambda$launch$0(LocalLauncher.java:60)
	at java.base/java.lang.Thread.run(Thread.java:840)
172988 23:59:02.152 [Thread-8] INFO  org.triplea.sound.ClipPlayer - Unable to create audio device, is there audio on the system? Cannot create AudioDevice
javazoom.jl.decoder.JavaLayerException: Cannot create AudioDevice
	at javazoom.jl.player.FactoryRegistry.createAudioDevice(FactoryRegistry.java:97)
	at org.triplea.sound.ClipPlayer.hasAudio(ClipPlayer.java:144)
	at org.triplea.sound.ClipPlayer.isSoundEnabled(ClipPlayer.java:251)
	at org.triplea.sound.ClipPlayer.play(ClipPlayer.java:220)
	at org.triplea.sound.DefaultSoundChannel.playSoundForAll(DefaultSoundChannel.java:22)
	at jdk.internal.reflect.GeneratedMethodAccessor56.invoke(Unknown Source)
	at java.base/jdk.internal.reflect.DelegatingMethodAccessorImpl.invoke(DelegatingMethodAccessorImpl.java:43)
	at java.base/java.lang.reflect.Method.invoke(Method.java:569)
	at games.strategy.engine.message.unifiedmessenger.EndPoint.invokeSingle(EndPoint.java:137)
	at games.strategy.engine.message.unifiedmessenger.EndPoint.lambda$invokeMultiple$0(EndPoint.java:121)
	at java.base/java.util.stream.ReferencePipeline$3$1.accept(ReferencePipeline.java:197)
	at java.base/java.util.Spliterators$ArraySpliterator.forEachRemaining(Spliterators.java:992)
	at java.base/java.util.stream.AbstractPipeline.copyInto(AbstractPipeline.java:509)
	at java.base/java.util.stream.AbstractPipeline.wrapAndCopyInto(AbstractPipeline.java:499)
	at java.base/java.util.stream.ReduceOps$ReduceOp.evaluateSequential(ReduceOps.java:921)
	at java.base/java.util.stream.AbstractPipeline.evaluate(AbstractPipeline.java:234)
	at java.base/java.util.stream.ReferencePipeline.collect(ReferencePipeline.java:682)
	at games.strategy.engine.message.unifiedmessenger.EndPoint.invokeMultiple(EndPoint.java:122)
	at games.strategy.engine.message.unifiedmessenger.EndPoint.invokeLocal(EndPoint.java:112)
	at games.strategy.engine.message.unifiedmessenger.UnifiedMessenger.invoke(UnifiedMessenger.java:153)
	at games.strategy.engine.message.UnifiedInvocationHandler.invoke(UnifiedInvocationHandler.java:47)
	at jdk.proxy2/jdk.proxy2.$Proxy25.playSoundForAll(Unknown Source)
	at jdk.internal.reflect.GeneratedMethodAccessor55.invoke(Unknown Source)
	at java.base/jdk.internal.reflect.DelegatingMethodAccessorImpl.invoke(DelegatingMethodAccessorImpl.java:43)
	at java.base/java.lang.reflect.Method.invoke(Method.java:569)
	at games.strategy.engine.delegate.DelegateExecutionManager.lambda$newOutboundImplementation$1(DelegateExecutionManager.java:79)
	at jdk.proxy2/jdk.proxy2.$Proxy25.playSoundForAll(Unknown Source)
	at games.strategy.triplea.delegate.AbstractPlaceDelegate.placeUnits(AbstractPlaceDelegate.java:302)
	at games.strategy.triplea.delegate.AbstractPlaceDelegate.placeUnits(AbstractPlaceDelegate.java:201)
	at jdk.internal.reflect.GeneratedMethodAccessor54.invoke(Unknown Source)
	at java.base/jdk.internal.reflect.DelegatingMethodAccessorImpl.invoke(DelegatingMethodAccessorImpl.java:43)
	at java.base/java.lang.reflect.Method.invoke(Method.java:569)
	at games.strategy.engine.delegate.DelegateExecutionManager$1.invoke(DelegateExecutionManager.java:120)
	at jdk.proxy2/jdk.proxy2.$Proxy16.placeUnits(Unknown Source)
	at jdk.internal.reflect.GeneratedMethodAccessor62.invoke(Unknown Source)
	at java.base/jdk.internal.reflect.DelegatingMethodAccessorImpl.invoke(DelegatingMethodAccessorImpl.java:43)
	at java.base/java.lang.reflect.Method.invoke(Method.java:569)
	at games.strategy.engine.message.unifiedmessenger.EndPoint.invokeSingle(EndPoint.java:137)
	at games.strategy.engine.message.unifiedmessenger.EndPoint.lambda$invokeMultiple$0(EndPoint.java:121)
	at java.base/java.util.stream.ReferencePipeline$3$1.accept(ReferencePipeline.java:197)
	at java.base/java.util.Spliterators$ArraySpliterator.forEachRemaining(Spliterators.java:992)
	at java.base/java.util.stream.AbstractPipeline.copyInto(AbstractPipeline.java:509)
	at java.base/java.util.stream.AbstractPipeline.wrapAndCopyInto(AbstractPipeline.java:499)
	at java.base/java.util.stream.ReduceOps$ReduceOp.evaluateSequential(ReduceOps.java:921)
	at java.base/java.util.stream.AbstractPipeline.evaluate(AbstractPipeline.java:234)
	at java.base/java.util.stream.ReferencePipeline.collect(ReferencePipeline.java:682)
	at games.strategy.engine.message.unifiedmessenger.EndPoint.invokeMultiple(EndPoint.java:122)
	at games.strategy.engine.message.unifiedmessenger.EndPoint.invokeLocal(EndPoint.java:112)
	at games.strategy.engine.message.unifiedmessenger.UnifiedMessenger.invokeAndWait(UnifiedMessenger.java:97)
	at games.strategy.engine.message.UnifiedInvocationHandler.invoke(UnifiedInvocationHandler.java:55)
	at jdk.proxy2/jdk.proxy2.$Proxy16.placeUnits(Unknown Source)
	at jdk.internal.reflect.GeneratedMethodAccessor54.invoke(Unknown Source)
	at java.base/jdk.internal.reflect.DelegatingMethodAccessorImpl.invoke(DelegatingMethodAccessorImpl.java:43)
	at java.base/java.lang.reflect.Method.invoke(Method.java:569)
	at games.strategy.engine.player.PlayerBridge$GameOverInvocationHandler.invoke(PlayerBridge.java:151)
	at jdk.proxy2/jdk.proxy2.$Proxy16.placeUnits(Unknown Source)
	at games.strategy.triplea.ai.weak.WeakAi.doPlace(WeakAi.java:1110)
	at games.strategy.triplea.ai.weak.WeakAi.placeAllWeCanOn(WeakAi.java:1104)
	at games.strategy.triplea.ai.weak.WeakAi.lambda$place$15(WeakAi.java:1054)
	at java.base/java.util.Optional.ifPresent(Optional.java:178)
	at games.strategy.triplea.ai.weak.WeakAi.place(WeakAi.java:1054)
	at games.strategy.triplea.ai.AbstractAi.start(AbstractAi.java:531)
	at games.strategy.engine.framework.ServerGame.waitForPlayerToFinishStep(ServerGame.java:648)
	at games.strategy.engine.framework.ServerGame.runStep(ServerGame.java:478)
	at games.strategy.engine.framework.ServerGame.runNextStep(ServerGame.java:365)
	at games.strategy.engine.framework.ServerGame.startGame(ServerGame.java:333)
	at games.strategy.engine.framework.startup.launcher.LocalLauncher.launchInternal(LocalLauncher.java:92)
	at games.strategy.engine.framework.startup.launcher.LocalLauncher.lambda$launch$0(LocalLauncher.java:60)
	at java.base/java.lang.Thread.run(Thread.java:840)
174521 23:59:03.685 [Thread-8] INFO  org.triplea.sound.ClipPlayer - Unable to create audio device, is there audio on the system? Cannot create AudioDevice
javazoom.jl.decoder.JavaLayerException: Cannot create AudioDevice
	at javazoom.jl.player.FactoryRegistry.createAudioDevice(FactoryRegistry.java:97)
	at org.triplea.sound.ClipPlayer.hasAudio(ClipPlayer.java:144)
	at org.triplea.sound.ClipPlayer.isSoundEnabled(ClipPlayer.java:251)
	at org.triplea.sound.ClipPlayer.play(ClipPlayer.java:220)
	at org.triplea.sound.DefaultSoundChannel.playSoundForAll(DefaultSoundChannel.java:22)
	at jdk.internal.reflect.GeneratedMethodAccessor56.invoke(Unknown Source)
	at java.base/jdk.internal.reflect.DelegatingMethodAccessorImpl.invoke(DelegatingMethodAccessorImpl.java:43)
	at java.base/java.lang.reflect.Method.invoke(Method.java:569)
	at games.strategy.engine.message.unifiedmessenger.EndPoint.invokeSingle(EndPoint.java:137)
	at games.strategy.engine.message.unifiedmessenger.EndPoint.lambda$invokeMultiple$0(EndPoint.java:121)
	at java.base/java.util.stream.ReferencePipeline$3$1.accept(ReferencePipeline.java:197)
	at java.base/java.util.Spliterators$ArraySpliterator.forEachRemaining(Spliterators.java:992)
	at java.base/java.util.stream.AbstractPipeline.copyInto(AbstractPipeline.java:509)
	at java.base/java.util.stream.AbstractPipeline.wrapAndCopyInto(AbstractPipeline.java:499)
	at java.base/java.util.stream.ReduceOps$ReduceOp.evaluateSequential(ReduceOps.java:921)
	at java.base/java.util.stream.AbstractPipeline.evaluate(AbstractPipeline.java:234)
	at java.base/java.util.stream.ReferencePipeline.collect(ReferencePipeline.java:682)
	at games.strategy.engine.message.unifiedmessenger.EndPoint.invokeMultiple(EndPoint.java:122)
	at games.strategy.engine.message.unifiedmessenger.EndPoint.invokeLocal(EndPoint.java:112)
	at games.strategy.engine.message.unifiedmessenger.UnifiedMessenger.invoke(UnifiedMessenger.java:153)
	at games.strategy.engine.message.UnifiedInvocationHandler.invoke(UnifiedInvocationHandler.java:47)
	at jdk.proxy2/jdk.proxy2.$Proxy25.playSoundForAll(Unknown Source)
	at jdk.internal.reflect.GeneratedMethodAccessor55.invoke(Unknown Source)
	at java.base/jdk.internal.reflect.DelegatingMethodAccessorImpl.invoke(DelegatingMethodAccessorImpl.java:43)
	at java.base/java.lang.reflect.Method.invoke(Method.java:569)
	at games.strategy.engine.delegate.DelegateExecutionManager.lambda$newOutboundImplementation$1(DelegateExecutionManager.java:79)
	at jdk.proxy2/jdk.proxy2.$Proxy25.playSoundForAll(Unknown Source)
	at org.triplea.sound.SoundUtils.playBattleType(SoundUtils.java:42)
	at games.strategy.triplea.delegate.battle.MustFightBattle.fight(MustFightBattle.java:686)
	at games.strategy.triplea.delegate.battle.BattleTracker.fightBattleIfOnlyOne(BattleTracker.java:1300)
	at games.strategy.triplea.delegate.battle.BattleDelegate.start(BattleDelegate.java:125)
	at games.strategy.engine.framework.ServerGame.startStep(ServerGame.java:611)
	at games.strategy.engine.framework.ServerGame.runStep(ServerGame.java:471)
	at games.strategy.engine.framework.ServerGame.runNextStep(ServerGame.java:365)
	at games.strategy.engine.framework.ServerGame.startGame(ServerGame.java:333)
	at games.strategy.engine.framework.startup.launcher.LocalLauncher.launchInternal(LocalLauncher.java:92)
	at games.strategy.engine.framework.startup.launcher.LocalLauncher.lambda$launch$0(LocalLauncher.java:60)
	at java.base/java.lang.Thread.run(Thread.java:840)
178935 23:59:08.099 [Thread-8] INFO  org.triplea.sound.ClipPlayer - Unable to create audio device, is there audio on the system? Cannot create AudioDevice
javazoom.jl.decoder.JavaLayerException: Cannot create AudioDevice
	at javazoom.jl.player.FactoryRegistry.createAudioDevice(FactoryRegistry.java:97)
	at org.triplea.sound.ClipPlayer.hasAudio(ClipPlayer.java:144)
	at org.triplea.sound.ClipPlayer.isSoundEnabled(ClipPlayer.java:251)
	at org.triplea.sound.ClipPlayer.play(ClipPlayer.java:220)
	at org.triplea.sound.DefaultSoundChannel.playSoundForAll(DefaultSoundChannel.java:22)
	at jdk.internal.reflect.GeneratedMethodAccessor56.invoke(Unknown Source)
	at java.base/jdk.internal.reflect.DelegatingMethodAccessorImpl.invoke(DelegatingMethodAccessorImpl.java:43)
	at java.base/java.lang.reflect.Method.invoke(Method.java:569)
	at games.strategy.engine.message.unifiedmessenger.EndPoint.invokeSingle(EndPoint.java:137)
	at games.strategy.engine.message.unifiedmessenger.EndPoint.lambda$invokeMultiple$0(EndPoint.java:121)
	at java.base/java.util.stream.ReferencePipeline$3$1.accept(ReferencePipeline.java:197)
	at java.base/java.util.Spliterators$ArraySpliterator.forEachRemaining(Spliterators.java:992)
	at java.base/java.util.stream.AbstractPipeline.copyInto(AbstractPipeline.java:509)
	at java.base/java.util.stream.AbstractPipeline.wrapAndCopyInto(AbstractPipeline.java:499)
	at java.base/java.util.stream.ReduceOps$ReduceOp.evaluateSequential(ReduceOps.java:921)
	at java.base/java.util.stream.AbstractPipeline.evaluate(AbstractPipeline.java:234)
	at java.base/java.util.stream.ReferencePipeline.collect(ReferencePipeline.java:682)
	at games.strategy.engine.message.unifiedmessenger.EndPoint.invokeMultiple(EndPoint.java:122)
	at games.strategy.engine.message.unifiedmessenger.EndPoint.invokeLocal(EndPoint.java:112)
	at games.strategy.engine.message.unifiedmessenger.UnifiedMessenger.invoke(UnifiedMessenger.java:153)
	at games.strategy.engine.message.UnifiedInvocationHandler.invoke(UnifiedInvocationHandler.java:47)
	at jdk.proxy2/jdk.proxy2.$Proxy25.playSoundForAll(Unknown Source)
	at jdk.internal.reflect.GeneratedMethodAccessor55.invoke(Unknown Source)
	at java.base/jdk.internal.reflect.DelegatingMethodAccessorImpl.invoke(DelegatingMethodAccessorImpl.java:43)
	at java.base/java.lang.reflect.Method.invoke(Method.java:569)
	at games.strategy.engine.delegate.DelegateExecutionManager.lambda$newOutboundImplementation$1(DelegateExecutionManager.java:79)
	at jdk.proxy2/jdk.proxy2.$Proxy25.playSoundForAll(Unknown Source)
	at games.strategy.triplea.delegate.battle.BattleTracker.takeOver(BattleTracker.java:794)
	at games.strategy.triplea.delegate.battle.MustFightBattle.attackerWins(MustFightBattle.java:1430)
	at games.strategy.triplea.delegate.battle.MustFightBattle.endBattle(MustFightBattle.java:462)
	at games.strategy.triplea.delegate.battle.steps.change.CheckGeneralBattleEnd.execute(CheckGeneralBattleEnd.java:64)
	at games.strategy.triplea.delegate.ExecutionStack.execute(ExecutionStack.java:34)
	at games.strategy.triplea.delegate.battle.MustFightBattle.fight(MustFightBattle.java:690)
	at games.strategy.triplea.delegate.battle.BattleTracker.fightBattleIfOnlyOne(BattleTracker.java:1300)
	at games.strategy.triplea.delegate.battle.BattleDelegate.start(BattleDelegate.java:125)
	at games.strategy.engine.framework.ServerGame.startStep(ServerGame.java:611)
	at games.strategy.engine.framework.ServerGame.runStep(ServerGame.java:471)
	at games.strategy.engine.framework.ServerGame.runNextStep(ServerGame.java:365)
	at games.strategy.engine.framework.ServerGame.startGame(ServerGame.java:333)
	at games.strategy.engine.framework.startup.launcher.LocalLauncher.launchInternal(LocalLauncher.java:92)
	at games.strategy.engine.framework.startup.launcher.LocalLauncher.lambda$launch$0(LocalLauncher.java:60)
	at java.base/java.lang.Thread.run(Thread.java:840)
180952 23:59:10.116 [Thread-8] INFO  org.triplea.sound.ClipPlayer - Unable to create audio device, is there audio on the system? Cannot create AudioDevice
javazoom.jl.decoder.JavaLayerException: Cannot create AudioDevice
	at javazoom.jl.player.FactoryRegistry.createAudioDevice(FactoryRegistry.java:97)
	at org.triplea.sound.ClipPlayer.hasAudio(ClipPlayer.java:144)
	at org.triplea.sound.ClipPlayer.isSoundEnabled(ClipPlayer.java:251)
	at org.triplea.sound.ClipPlayer.play(ClipPlayer.java:220)
	at org.triplea.sound.DefaultSoundChannel.playSoundForAll(DefaultSoundChannel.java:22)
	at jdk.internal.reflect.GeneratedMethodAccessor56.invoke(Unknown Source)
	at java.base/jdk.internal.reflect.DelegatingMethodAccessorImpl.invoke(DelegatingMethodAccessorImpl.java:43)
	at java.base/java.lang.reflect.Method.invoke(Method.java:569)
	at games.strategy.engine.message.unifiedmessenger.EndPoint.invokeSingle(EndPoint.java:137)
	at games.strategy.engine.message.unifiedmessenger.EndPoint.lambda$invokeMultiple$0(EndPoint.java:121)
	at java.base/java.util.stream.ReferencePipeline$3$1.accept(ReferencePipeline.java:197)
	at java.base/java.util.Spliterators$ArraySpliterator.forEachRemaining(Spliterators.java:992)
	at java.base/java.util.stream.AbstractPipeline.copyInto(AbstractPipeline.java:509)
	at java.base/java.util.stream.AbstractPipeline.wrapAndCopyInto(AbstractPipeline.java:499)
	at java.base/java.util.stream.ReduceOps$ReduceOp.evaluateSequential(ReduceOps.java:921)
	at java.base/java.util.stream.AbstractPipeline.evaluate(AbstractPipeline.java:234)
	at java.base/java.util.stream.ReferencePipeline.collect(ReferencePipeline.java:682)
	at games.strategy.engine.message.unifiedmessenger.EndPoint.invokeMultiple(EndPoint.java:122)
	at games.strategy.engine.message.unifiedmessenger.EndPoint.invokeLocal(EndPoint.java:112)
	at games.strategy.engine.message.unifiedmessenger.UnifiedMessenger.invoke(UnifiedMessenger.java:153)
	at games.strategy.engine.message.UnifiedInvocationHandler.invoke(UnifiedInvocationHandler.java:47)
	at jdk.proxy2/jdk.proxy2.$Proxy25.playSoundForAll(Unknown Source)
	at jdk.internal.reflect.GeneratedMethodAccessor55.invoke(Unknown Source)
	at java.base/jdk.internal.reflect.DelegatingMethodAccessorImpl.invoke(DelegatingMethodAccessorImpl.java:43)
	at java.base/java.lang.reflect.Method.invoke(Method.java:569)
	at games.strategy.engine.delegate.DelegateExecutionManager.lambda$newOutboundImplementation$1(DelegateExecutionManager.java:79)
	at jdk.proxy2/jdk.proxy2.$Proxy25.playSoundForAll(Unknown Source)
	at games.strategy.triplea.delegate.AbstractPlaceDelegate.placeUnits(AbstractPlaceDelegate.java:302)
	at games.strategy.triplea.delegate.AbstractPlaceDelegate.placeUnits(AbstractPlaceDelegate.java:201)
	at jdk.internal.reflect.GeneratedMethodAccessor54.invoke(Unknown Source)
	at java.base/jdk.internal.reflect.DelegatingMethodAccessorImpl.invoke(DelegatingMethodAccessorImpl.java:43)
	at java.base/java.lang.reflect.Method.invoke(Method.java:569)
	at games.strategy.engine.delegate.DelegateExecutionManager$1.invoke(DelegateExecutionManager.java:120)
	at jdk.proxy2/jdk.proxy2.$Proxy16.placeUnits(Unknown Source)
	at jdk.internal.reflect.GeneratedMethodAccessor62.invoke(Unknown Source)
	at java.base/jdk.internal.reflect.DelegatingMethodAccessorImpl.invoke(DelegatingMethodAccessorImpl.java:43)
	at java.base/java.lang.reflect.Method.invoke(Method.java:569)
	at games.strategy.engine.message.unifiedmessenger.EndPoint.invokeSingle(EndPoint.java:137)
	at games.strategy.engine.message.unifiedmessenger.EndPoint.lambda$invokeMultiple$0(EndPoint.java:121)
	at java.base/java.util.stream.ReferencePipeline$3$1.accept(ReferencePipeline.java:197)
	at java.base/java.util.Spliterators$ArraySpliterator.forEachRemaining(Spliterators.java:992)
	at java.base/java.util.stream.AbstractPipeline.copyInto(AbstractPipeline.java:509)
	at java.base/java.util.stream.AbstractPipeline.wrapAndCopyInto(AbstractPipeline.java:499)
	at java.base/java.util.stream.ReduceOps$ReduceOp.evaluateSequential(ReduceOps.java:921)
	at java.base/java.util.stream.AbstractPipeline.evaluate(AbstractPipeline.java:234)
	at java.base/java.util.stream.ReferencePipeline.collect(ReferencePipeline.java:682)
	at games.strategy.engine.message.unifiedmessenger.EndPoint.invokeMultiple(EndPoint.java:122)
	at games.strategy.engine.message.unifiedmessenger.EndPoint.invokeLocal(EndPoint.java:112)
	at games.strategy.engine.message.unifiedmessenger.UnifiedMessenger.invokeAndWait(UnifiedMessenger.java:97)
	at games.strategy.engine.message.UnifiedInvocationHandler.invoke(UnifiedInvocationHandler.java:55)
	at jdk.proxy2/jdk.proxy2.$Proxy16.placeUnits(Unknown Source)
	at jdk.internal.reflect.GeneratedMethodAccessor54.invoke(Unknown Source)
	at java.base/jdk.internal.reflect.DelegatingMethodAccessorImpl.invoke(DelegatingMethodAccessorImpl.java:43)
	at java.base/java.lang.reflect.Method.invoke(Method.java:569)
	at games.strategy.engine.player.PlayerBridge$GameOverInvocationHandler.invoke(PlayerBridge.java:151)
	at jdk.proxy2/jdk.proxy2.$Proxy16.placeUnits(Unknown Source)
	at games.strategy.triplea.ai.weak.WeakAi.doPlace(WeakAi.java:1110)
	at games.strategy.triplea.ai.weak.WeakAi.placeAllWeCanOn(WeakAi.java:1104)
	at games.strategy.triplea.ai.weak.WeakAi.lambda$place$15(WeakAi.java:1054)
	at java.base/java.util.Optional.ifPresent(Optional.java:178)
	at games.strategy.triplea.ai.weak.WeakAi.place(WeakAi.java:1054)
	at games.strategy.triplea.ai.AbstractAi.start(AbstractAi.java:531)
	at games.strategy.engine.framework.ServerGame.waitForPlayerToFinishStep(ServerGame.java:648)
	at games.strategy.engine.framework.ServerGame.runStep(ServerGame.java:478)
	at games.strategy.engine.framework.ServerGame.runNextStep(ServerGame.java:365)
	at games.strategy.engine.framework.ServerGame.startGame(ServerGame.java:333)
	at games.strategy.engine.framework.startup.launcher.LocalLauncher.launchInternal(LocalLauncher.java:92)
	at games.strategy.engine.framework.startup.launcher.LocalLauncher.lambda$launch$0(LocalLauncher.java:60)
	at java.base/java.lang.Thread.run(Thread.java:840)
185441 23:59:14.605 [Thread-8] INFO  org.triplea.sound.ClipPlayer - Unable to create audio device, is there audio on the system? Cannot create AudioDevice
javazoom.jl.decoder.JavaLayerException: Cannot create AudioDevice
	at javazoom.jl.player.FactoryRegistry.createAudioDevice(FactoryRegistry.java:97)
	at org.triplea.sound.ClipPlayer.hasAudio(ClipPlayer.java:144)
	at org.triplea.sound.ClipPlayer.isSoundEnabled(ClipPlayer.java:251)
	at org.triplea.sound.ClipPlayer.play(ClipPlayer.java:220)
	at org.triplea.sound.DefaultSoundChannel.playSoundForAll(DefaultSoundChannel.java:22)
	at jdk.internal.reflect.GeneratedMethodAccessor56.invoke(Unknown Source)
	at java.base/jdk.internal.reflect.DelegatingMethodAccessorImpl.invoke(DelegatingMethodAccessorImpl.java:43)
	at java.base/java.lang.reflect.Method.invoke(Method.java:569)
	at games.strategy.engine.message.unifiedmessenger.EndPoint.invokeSingle(EndPoint.java:137)
	at games.strategy.engine.message.unifiedmessenger.EndPoint.lambda$invokeMultiple$0(EndPoint.java:121)
	at java.base/java.util.stream.ReferencePipeline$3$1.accept(ReferencePipeline.java:197)
	at java.base/java.util.Spliterators$ArraySpliterator.forEachRemaining(Spliterators.java:992)
	at java.base/java.util.stream.AbstractPipeline.copyInto(AbstractPipeline.java:509)
	at java.base/java.util.stream.AbstractPipeline.wrapAndCopyInto(AbstractPipeline.java:499)
	at java.base/java.util.stream.ReduceOps$ReduceOp.evaluateSequential(ReduceOps.java:921)
	at java.base/java.util.stream.AbstractPipeline.evaluate(AbstractPipeline.java:234)
	at java.base/java.util.stream.ReferencePipeline.collect(ReferencePipeline.java:682)
	at games.strategy.engine.message.unifiedmessenger.EndPoint.invokeMultiple(EndPoint.java:122)
	at games.strategy.engine.message.unifiedmessenger.EndPoint.invokeLocal(EndPoint.java:112)
	at games.strategy.engine.message.unifiedmessenger.UnifiedMessenger.invoke(UnifiedMessenger.java:153)
	at games.strategy.engine.message.UnifiedInvocationHandler.invoke(UnifiedInvocationHandler.java:47)
	at jdk.proxy2/jdk.proxy2.$Proxy25.playSoundForAll(Unknown Source)
	at jdk.internal.reflect.GeneratedMethodAccessor55.invoke(Unknown Source)
	at java.base/jdk.internal.reflect.DelegatingMethodAccessorImpl.invoke(DelegatingMethodAccessorImpl.java:43)
	at java.base/java.lang.reflect.Method.invoke(Method.java:569)
	at games.strategy.engine.delegate.DelegateExecutionManager.lambda$newOutboundImplementation$1(DelegateExecutionManager.java:79)
	at jdk.proxy2/jdk.proxy2.$Proxy25.playSoundForAll(Unknown Source)
	at org.triplea.sound.SoundUtils.playBattleType(SoundUtils.java:42)
	at games.strategy.triplea.delegate.battle.MustFightBattle.fight(MustFightBattle.java:686)
	at games.strategy.triplea.delegate.battle.BattleTracker.fightBattleIfOnlyOne(BattleTracker.java:1300)
	at games.strategy.triplea.delegate.battle.BattleDelegate.start(BattleDelegate.java:125)
	at games.strategy.engine.framework.ServerGame.startStep(ServerGame.java:611)
	at games.strategy.engine.framework.ServerGame.runStep(ServerGame.java:471)
	at games.strategy.engine.framework.ServerGame.runNextStep(ServerGame.java:365)
	at games.strategy.engine.framework.ServerGame.startGame(ServerGame.java:333)
	at games.strategy.engine.framework.startup.launcher.LocalLauncher.launchInternal(LocalLauncher.java:92)
	at games.strategy.engine.framework.startup.launcher.LocalLauncher.lambda$launch$0(LocalLauncher.java:60)
	at java.base/java.lang.Thread.run(Thread.java:840)
187517 23:59:16.681 [Thread-8] INFO  org.triplea.sound.ClipPlayer - Unable to create audio device, is there audio on the system? Cannot create AudioDevice
javazoom.jl.decoder.JavaLayerException: Cannot create AudioDevice
	at javazoom.jl.player.FactoryRegistry.createAudioDevice(FactoryRegistry.java:97)
	at org.triplea.sound.ClipPlayer.hasAudio(ClipPlayer.java:144)
	at org.triplea.sound.ClipPlayer.isSoundEnabled(ClipPlayer.java:251)
	at org.triplea.sound.ClipPlayer.play(ClipPlayer.java:220)
	at org.triplea.sound.DefaultSoundChannel.playSoundForAll(DefaultSoundChannel.java:22)
	at jdk.internal.reflect.GeneratedMethodAccessor56.invoke(Unknown Source)
	at java.base/jdk.internal.reflect.DelegatingMethodAccessorImpl.invoke(DelegatingMethodAccessorImpl.java:43)
	at java.base/java.lang.reflect.Method.invoke(Method.java:569)
	at games.strategy.engine.message.unifiedmessenger.EndPoint.invokeSingle(EndPoint.java:137)
	at games.strategy.engine.message.unifiedmessenger.EndPoint.lambda$invokeMultiple$0(EndPoint.java:121)
	at java.base/java.util.stream.ReferencePipeline$3$1.accept(ReferencePipeline.java:197)
	at java.base/java.util.Spliterators$ArraySpliterator.forEachRemaining(Spliterators.java:992)
	at java.base/java.util.stream.AbstractPipeline.copyInto(AbstractPipeline.java:509)
	at java.base/java.util.stream.AbstractPipeline.wrapAndCopyInto(AbstractPipeline.java:499)
	at java.base/java.util.stream.ReduceOps$ReduceOp.evaluateSequential(ReduceOps.java:921)
	at java.base/java.util.stream.AbstractPipeline.evaluate(AbstractPipeline.java:234)
	at java.base/java.util.stream.ReferencePipeline.collect(ReferencePipeline.java:682)
	at games.strategy.engine.message.unifiedmessenger.EndPoint.invokeMultiple(EndPoint.java:122)
	at games.strategy.engine.message.unifiedmessenger.EndPoint.invokeLocal(EndPoint.java:112)
	at games.strategy.engine.message.unifiedmessenger.UnifiedMessenger.invoke(UnifiedMessenger.java:153)
	at games.strategy.engine.message.UnifiedInvocationHandler.invoke(UnifiedInvocationHandler.java:47)
	at jdk.proxy2/jdk.proxy2.$Proxy25.playSoundForAll(Unknown Source)
	at jdk.internal.reflect.GeneratedMethodAccessor55.invoke(Unknown Source)
	at java.base/jdk.internal.reflect.DelegatingMethodAccessorImpl.invoke(DelegatingMethodAccessorImpl.java:43)
	at java.base/java.lang.reflect.Method.invoke(Method.java:569)
	at games.strategy.engine.delegate.DelegateExecutionManager.lambda$newOutboundImplementation$1(DelegateExecutionManager.java:79)
	at jdk.proxy2/jdk.proxy2.$Proxy25.playSoundForAll(Unknown Source)
	at org.triplea.sound.SoundUtils.playRetreatType(SoundUtils.java:110)
	at games.strategy.triplea.delegate.battle.steps.retreat.OffensiveGeneralRetreat.retreat(OffensiveGeneralRetreat.java:165)
	at games.strategy.triplea.delegate.battle.steps.retreat.OffensiveGeneralRetreat.lambda$retreatUnits$0(OffensiveGeneralRetreat.java:136)
	at java.base/java.util.Optional.ifPresent(Optional.java:178)
	at games.strategy.triplea.delegate.battle.steps.retreat.OffensiveGeneralRetreat.retreatUnits(OffensiveGeneralRetreat.java:136)
	at games.strategy.triplea.delegate.battle.steps.retreat.OffensiveGeneralRetreat.execute(OffensiveGeneralRetreat.java:93)
	at games.strategy.triplea.delegate.ExecutionStack.execute(ExecutionStack.java:34)
	at games.strategy.triplea.delegate.battle.MustFightBattle.fight(MustFightBattle.java:690)
	at games.strategy.triplea.delegate.battle.BattleTracker.fightBattleIfOnlyOne(BattleTracker.java:1300)
	at games.strategy.triplea.delegate.battle.BattleDelegate.start(BattleDelegate.java:125)
	at games.strategy.engine.framework.ServerGame.startStep(ServerGame.java:611)
	at games.strategy.engine.framework.ServerGame.runStep(ServerGame.java:471)
	at games.strategy.engine.framework.ServerGame.runNextStep(ServerGame.java:365)
	at games.strategy.engine.framework.ServerGame.startGame(ServerGame.java:333)
	at games.strategy.engine.framework.startup.launcher.LocalLauncher.launchInternal(LocalLauncher.java:92)
	at games.strategy.engine.framework.startup.launcher.LocalLauncher.lambda$launch$0(LocalLauncher.java:60)
	at java.base/java.lang.Thread.run(Thread.java:840)
187605 23:59:16.769 [Thread-8] INFO  org.triplea.sound.ClipPlayer - Unable to create audio device, is there audio on the system? Cannot create AudioDevice
javazoom.jl.decoder.JavaLayerException: Cannot create AudioDevice
	at javazoom.jl.player.FactoryRegistry.createAudioDevice(FactoryRegistry.java:97)
	at org.triplea.sound.ClipPlayer.hasAudio(ClipPlayer.java:144)
	at org.triplea.sound.ClipPlayer.isSoundEnabled(ClipPlayer.java:251)
	at org.triplea.sound.ClipPlayer.play(ClipPlayer.java:220)
	at org.triplea.sound.DefaultSoundChannel.playSoundForAll(DefaultSoundChannel.java:22)
	at jdk.internal.reflect.GeneratedMethodAccessor56.invoke(Unknown Source)
	at java.base/jdk.internal.reflect.DelegatingMethodAccessorImpl.invoke(DelegatingMethodAccessorImpl.java:43)
	at java.base/java.lang.reflect.Method.invoke(Method.java:569)
	at games.strategy.engine.message.unifiedmessenger.EndPoint.invokeSingle(EndPoint.java:137)
	at games.strategy.engine.message.unifiedmessenger.EndPoint.lambda$invokeMultiple$0(EndPoint.java:121)
	at java.base/java.util.stream.ReferencePipeline$3$1.accept(ReferencePipeline.java:197)
	at java.base/java.util.Spliterators$ArraySpliterator.forEachRemaining(Spliterators.java:992)
	at java.base/java.util.stream.AbstractPipeline.copyInto(AbstractPipeline.java:509)
	at java.base/java.util.stream.AbstractPipeline.wrapAndCopyInto(AbstractPipeline.java:499)
	at java.base/java.util.stream.ReduceOps$ReduceOp.evaluateSequential(ReduceOps.java:921)
	at java.base/java.util.stream.AbstractPipeline.evaluate(AbstractPipeline.java:234)
	at java.base/java.util.stream.ReferencePipeline.collect(ReferencePipeline.java:682)
	at games.strategy.engine.message.unifiedmessenger.EndPoint.invokeMultiple(EndPoint.java:122)
	at games.strategy.engine.message.unifiedmessenger.EndPoint.invokeLocal(EndPoint.java:112)
	at games.strategy.engine.message.unifiedmessenger.UnifiedMessenger.invoke(UnifiedMessenger.java:153)
	at games.strategy.engine.message.UnifiedInvocationHandler.invoke(UnifiedInvocationHandler.java:47)
	at jdk.proxy2/jdk.proxy2.$Proxy25.playSoundForAll(Unknown Source)
	at jdk.internal.reflect.GeneratedMethodAccessor55.invoke(Unknown Source)
	at java.base/jdk.internal.reflect.DelegatingMethodAccessorImpl.invoke(DelegatingMethodAccessorImpl.java:43)
	at java.base/java.lang.reflect.Method.invoke(Method.java:569)
	at games.strategy.engine.delegate.DelegateExecutionManager.lambda$newOutboundImplementation$1(DelegateExecutionManager.java:79)
	at jdk.proxy2/jdk.proxy2.$Proxy25.playSoundForAll(Unknown Source)
	at games.strategy.triplea.delegate.battle.MustFightBattle.defenderWins(MustFightBattle.java:1386)
	at games.strategy.triplea.delegate.battle.MustFightBattle.endBattle(MustFightBattle.java:465)
	at games.strategy.triplea.delegate.battle.steps.retreat.OffensiveGeneralRetreat.retreat(OffensiveGeneralRetreat.java:180)
	at games.strategy.triplea.delegate.battle.steps.retreat.OffensiveGeneralRetreat.lambda$retreatUnits$0(OffensiveGeneralRetreat.java:136)
	at java.base/java.util.Optional.ifPresent(Optional.java:178)
	at games.strategy.triplea.delegate.battle.steps.retreat.OffensiveGeneralRetreat.retreatUnits(OffensiveGeneralRetreat.java:136)
	at games.strategy.triplea.delegate.battle.steps.retreat.OffensiveGeneralRetreat.execute(OffensiveGeneralRetreat.java:93)
	at games.strategy.triplea.delegate.ExecutionStack.execute(ExecutionStack.java:34)
	at games.strategy.triplea.delegate.battle.MustFightBattle.fight(MustFightBattle.java:690)
	at games.strategy.triplea.delegate.battle.BattleTracker.fightBattleIfOnlyOne(BattleTracker.java:1300)
	at games.strategy.triplea.delegate.battle.BattleDelegate.start(BattleDelegate.java:125)
	at games.strategy.engine.framework.ServerGame.startStep(ServerGame.java:611)
	at games.strategy.engine.framework.ServerGame.runStep(ServerGame.java:471)
	at games.strategy.engine.framework.ServerGame.runNextStep(ServerGame.java:365)
	at games.strategy.engine.framework.ServerGame.startGame(ServerGame.java:333)
	at games.strategy.engine.framework.startup.launcher.LocalLauncher.launchInternal(LocalLauncher.java:92)
	at games.strategy.engine.framework.startup.launcher.LocalLauncher.lambda$launch$0(LocalLauncher.java:60)
	at java.base/java.lang.Thread.run(Thread.java:840)
188438 23:59:17.602 [Thread-8] INFO  org.triplea.sound.ClipPlayer - Unable to create audio device, is there audio on the system? Cannot create AudioDevice
javazoom.jl.decoder.JavaLayerException: Cannot create AudioDevice
	at javazoom.jl.player.FactoryRegistry.createAudioDevice(FactoryRegistry.java:97)
	at org.triplea.sound.ClipPlayer.hasAudio(ClipPlayer.java:144)
	at org.triplea.sound.ClipPlayer.isSoundEnabled(ClipPlayer.java:251)
	at org.triplea.sound.ClipPlayer.play(ClipPlayer.java:220)
	at org.triplea.sound.DefaultSoundChannel.playSoundForAll(DefaultSoundChannel.java:22)
	at jdk.internal.reflect.GeneratedMethodAccessor56.invoke(Unknown Source)
	at java.base/jdk.internal.reflect.DelegatingMethodAccessorImpl.invoke(DelegatingMethodAccessorImpl.java:43)
	at java.base/java.lang.reflect.Method.invoke(Method.java:569)
	at games.strategy.engine.message.unifiedmessenger.EndPoint.invokeSingle(EndPoint.java:137)
	at games.strategy.engine.message.unifiedmessenger.EndPoint.lambda$invokeMultiple$0(EndPoint.java:121)
	at java.base/java.util.stream.ReferencePipeline$3$1.accept(ReferencePipeline.java:197)
	at java.base/java.util.Spliterators$ArraySpliterator.forEachRemaining(Spliterators.java:992)
	at java.base/java.util.stream.AbstractPipeline.copyInto(AbstractPipeline.java:509)
	at java.base/java.util.stream.AbstractPipeline.wrapAndCopyInto(AbstractPipeline.java:499)
	at java.base/java.util.stream.ReduceOps$ReduceOp.evaluateSequential(ReduceOps.java:921)
	at java.base/java.util.stream.AbstractPipeline.evaluate(AbstractPipeline.java:234)
	at java.base/java.util.stream.ReferencePipeline.collect(ReferencePipeline.java:682)
	at games.strategy.engine.message.unifiedmessenger.EndPoint.invokeMultiple(EndPoint.java:122)
	at games.strategy.engine.message.unifiedmessenger.EndPoint.invokeLocal(EndPoint.java:112)
	at games.strategy.engine.message.unifiedmessenger.UnifiedMessenger.invoke(UnifiedMessenger.java:153)
	at games.strategy.engine.message.UnifiedInvocationHandler.invoke(UnifiedInvocationHandler.java:47)
	at jdk.proxy2/jdk.proxy2.$Proxy25.playSoundForAll(Unknown Source)
	at jdk.internal.reflect.GeneratedMethodAccessor55.invoke(Unknown Source)
	at java.base/jdk.internal.reflect.DelegatingMethodAccessorImpl.invoke(DelegatingMethodAccessorImpl.java:43)
	at java.base/java.lang.reflect.Method.invoke(Method.java:569)
	at games.strategy.engine.delegate.DelegateExecutionManager.lambda$newOutboundImplementation$1(DelegateExecutionManager.java:79)
	at jdk.proxy2/jdk.proxy2.$Proxy25.playSoundForAll(Unknown Source)
	at games.strategy.triplea.delegate.AbstractPlaceDelegate.placeUnits(AbstractPlaceDelegate.java:302)
	at games.strategy.triplea.delegate.AbstractPlaceDelegate.placeUnits(AbstractPlaceDelegate.java:201)
	at jdk.internal.reflect.GeneratedMethodAccessor54.invoke(Unknown Source)
	at java.base/jdk.internal.reflect.DelegatingMethodAccessorImpl.invoke(DelegatingMethodAccessorImpl.java:43)
	at java.base/java.lang.reflect.Method.invoke(Method.java:569)
	at games.strategy.engine.delegate.DelegateExecutionManager$1.invoke(DelegateExecutionManager.java:120)
	at jdk.proxy2/jdk.proxy2.$Proxy16.placeUnits(Unknown Source)
	at jdk.internal.reflect.GeneratedMethodAccessor62.invoke(Unknown Source)
	at java.base/jdk.internal.reflect.DelegatingMethodAccessorImpl.invoke(DelegatingMethodAccessorImpl.java:43)
	at java.base/java.lang.reflect.Method.invoke(Method.java:569)
	at games.strategy.engine.message.unifiedmessenger.EndPoint.invokeSingle(EndPoint.java:137)
	at games.strategy.engine.message.unifiedmessenger.EndPoint.lambda$invokeMultiple$0(EndPoint.java:121)
	at java.base/java.util.stream.ReferencePipeline$3$1.accept(ReferencePipeline.java:197)
	at java.base/java.util.Spliterators$ArraySpliterator.forEachRemaining(Spliterators.java:992)
	at java.base/java.util.stream.AbstractPipeline.copyInto(AbstractPipeline.java:509)
	at java.base/java.util.stream.AbstractPipeline.wrapAndCopyInto(AbstractPipeline.java:499)
	at java.base/java.util.stream.ReduceOps$ReduceOp.evaluateSequential(ReduceOps.java:921)
	at java.base/java.util.stream.AbstractPipeline.evaluate(AbstractPipeline.java:234)
	at java.base/java.util.stream.ReferencePipeline.collect(ReferencePipeline.java:682)
	at games.strategy.engine.message.unifiedmessenger.EndPoint.invokeMultiple(EndPoint.java:122)
	at games.strategy.engine.message.unifiedmessenger.EndPoint.invokeLocal(EndPoint.java:112)
	at games.strategy.engine.message.unifiedmessenger.UnifiedMessenger.invokeAndWait(UnifiedMessenger.java:97)
	at games.strategy.engine.message.UnifiedInvocationHandler.invoke(UnifiedInvocationHandler.java:55)
	at jdk.proxy2/jdk.proxy2.$Proxy16.placeUnits(Unknown Source)
	at jdk.internal.reflect.GeneratedMethodAccessor54.invoke(Unknown Source)
	at java.base/jdk.internal.reflect.DelegatingMethodAccessorImpl.invoke(DelegatingMethodAccessorImpl.java:43)
	at java.base/java.lang.reflect.Method.invoke(Method.java:569)
	at games.strategy.engine.player.PlayerBridge$GameOverInvocationHandler.invoke(PlayerBridge.java:151)
	at jdk.proxy2/jdk.proxy2.$Proxy16.placeUnits(Unknown Source)
	at games.strategy.triplea.ai.tripleMind.ProPurchaseAi.doPlace(ProPurchaseAi.java:2627)
	at games.strategy.triplea.ai.tripleMind.ProPurchaseAi.placeUnits(ProPurchaseAi.java:2545)
	at games.strategy.triplea.ai.tripleMind.ProPurchaseAi.place(ProPurchaseAi.java:562)
	at games.strategy.triplea.ai.tripleMind.AbstractTripleMindAi.place(AbstractTripleMindAi.java:380)
	at games.strategy.triplea.ai.AbstractAi.start(AbstractAi.java:531)
	at games.strategy.engine.framework.ServerGame.waitForPlayerToFinishStep(ServerGame.java:648)
	at games.strategy.engine.framework.ServerGame.runStep(ServerGame.java:478)
	at games.strategy.engine.framework.ServerGame.runNextStep(ServerGame.java:365)
	at games.strategy.engine.framework.ServerGame.startGame(ServerGame.java:333)
	at games.strategy.engine.framework.startup.launcher.LocalLauncher.launchInternal(LocalLauncher.java:92)
	at games.strategy.engine.framework.startup.launcher.LocalLauncher.lambda$launch$0(LocalLauncher.java:60)
	at java.base/java.lang.Thread.run(Thread.java:840)
188568 23:59:17.732 [Thread-8] INFO  org.triplea.sound.ClipPlayer - Unable to create audio device, is there audio on the system? Cannot create AudioDevice
javazoom.jl.decoder.JavaLayerException: Cannot create AudioDevice
	at javazoom.jl.player.FactoryRegistry.createAudioDevice(FactoryRegistry.java:97)
	at org.triplea.sound.ClipPlayer.hasAudio(ClipPlayer.java:144)
	at org.triplea.sound.ClipPlayer.isSoundEnabled(ClipPlayer.java:251)
	at org.triplea.sound.ClipPlayer.play(ClipPlayer.java:220)
	at org.triplea.sound.DefaultSoundChannel.playSoundForAll(DefaultSoundChannel.java:22)
	at jdk.internal.reflect.GeneratedMethodAccessor56.invoke(Unknown Source)
	at java.base/jdk.internal.reflect.DelegatingMethodAccessorImpl.invoke(DelegatingMethodAccessorImpl.java:43)
	at java.base/java.lang.reflect.Method.invoke(Method.java:569)
	at games.strategy.engine.message.unifiedmessenger.EndPoint.invokeSingle(EndPoint.java:137)
	at games.strategy.engine.message.unifiedmessenger.EndPoint.lambda$invokeMultiple$0(EndPoint.java:121)
	at java.base/java.util.stream.ReferencePipeline$3$1.accept(ReferencePipeline.java:197)
	at java.base/java.util.Spliterators$ArraySpliterator.forEachRemaining(Spliterators.java:992)
	at java.base/java.util.stream.AbstractPipeline.copyInto(AbstractPipeline.java:509)
	at java.base/java.util.stream.AbstractPipeline.wrapAndCopyInto(AbstractPipeline.java:499)
	at java.base/java.util.stream.ReduceOps$ReduceOp.evaluateSequential(ReduceOps.java:921)
	at java.base/java.util.stream.AbstractPipeline.evaluate(AbstractPipeline.java:234)
	at java.base/java.util.stream.ReferencePipeline.collect(ReferencePipeline.java:682)
	at games.strategy.engine.message.unifiedmessenger.EndPoint.invokeMultiple(EndPoint.java:122)
	at games.strategy.engine.message.unifiedmessenger.EndPoint.invokeLocal(EndPoint.java:112)
	at games.strategy.engine.message.unifiedmessenger.UnifiedMessenger.invoke(UnifiedMessenger.java:153)
	at games.strategy.engine.message.UnifiedInvocationHandler.invoke(UnifiedInvocationHandler.java:47)
	at jdk.proxy2/jdk.proxy2.$Proxy25.playSoundForAll(Unknown Source)
	at jdk.internal.reflect.GeneratedMethodAccessor55.invoke(Unknown Source)
	at java.base/jdk.internal.reflect.DelegatingMethodAccessorImpl.invoke(DelegatingMethodAccessorImpl.java:43)
	at java.base/java.lang.reflect.Method.invoke(Method.java:569)
	at games.strategy.engine.delegate.DelegateExecutionManager.lambda$newOutboundImplementation$1(DelegateExecutionManager.java:79)
	at jdk.proxy2/jdk.proxy2.$Proxy25.playSoundForAll(Unknown Source)
	at games.strategy.triplea.delegate.AbstractPlaceDelegate.placeUnits(AbstractPlaceDelegate.java:302)
	at games.strategy.triplea.delegate.AbstractPlaceDelegate.placeUnits(AbstractPlaceDelegate.java:201)
	at jdk.internal.reflect.GeneratedMethodAccessor54.invoke(Unknown Source)
	at java.base/jdk.internal.reflect.DelegatingMethodAccessorImpl.invoke(DelegatingMethodAccessorImpl.java:43)
	at java.base/java.lang.reflect.Method.invoke(Method.java:569)
	at games.strategy.engine.delegate.DelegateExecutionManager$1.invoke(DelegateExecutionManager.java:120)
	at jdk.proxy2/jdk.proxy2.$Proxy16.placeUnits(Unknown Source)
	at jdk.internal.reflect.GeneratedMethodAccessor62.invoke(Unknown Source)
	at java.base/jdk.internal.reflect.DelegatingMethodAccessorImpl.invoke(DelegatingMethodAccessorImpl.java:43)
	at java.base/java.lang.reflect.Method.invoke(Method.java:569)
	at games.strategy.engine.message.unifiedmessenger.EndPoint.invokeSingle(EndPoint.java:137)
	at games.strategy.engine.message.unifiedmessenger.EndPoint.lambda$invokeMultiple$0(EndPoint.java:121)
	at java.base/java.util.stream.ReferencePipeline$3$1.accept(ReferencePipeline.java:197)
	at java.base/java.util.Spliterators$ArraySpliterator.forEachRemaining(Spliterators.java:992)
	at java.base/java.util.stream.AbstractPipeline.copyInto(AbstractPipeline.java:509)
	at java.base/java.util.stream.AbstractPipeline.wrapAndCopyInto(AbstractPipeline.java:499)
	at java.base/java.util.stream.ReduceOps$ReduceOp.evaluateSequential(ReduceOps.java:921)
	at java.base/java.util.stream.AbstractPipeline.evaluate(AbstractPipeline.java:234)
	at java.base/java.util.stream.ReferencePipeline.collect(ReferencePipeline.java:682)
	at games.strategy.engine.message.unifiedmessenger.EndPoint.invokeMultiple(EndPoint.java:122)
	at games.strategy.engine.message.unifiedmessenger.EndPoint.invokeLocal(EndPoint.java:112)
	at games.strategy.engine.message.unifiedmessenger.UnifiedMessenger.invokeAndWait(UnifiedMessenger.java:97)
	at games.strategy.engine.message.UnifiedInvocationHandler.invoke(UnifiedInvocationHandler.java:55)
	at jdk.proxy2/jdk.proxy2.$Proxy16.placeUnits(Unknown Source)
	at jdk.internal.reflect.GeneratedMethodAccessor54.invoke(Unknown Source)
	at java.base/jdk.internal.reflect.DelegatingMethodAccessorImpl.invoke(DelegatingMethodAccessorImpl.java:43)
	at java.base/java.lang.reflect.Method.invoke(Method.java:569)
	at games.strategy.engine.player.PlayerBridge$GameOverInvocationHandler.invoke(PlayerBridge.java:151)
	at jdk.proxy2/jdk.proxy2.$Proxy16.placeUnits(Unknown Source)
	at games.strategy.triplea.ai.tripleMind.ProPurchaseAi.doPlace(ProPurchaseAi.java:2627)
	at games.strategy.triplea.ai.tripleMind.ProPurchaseAi.placeUnits(ProPurchaseAi.java:2545)
	at games.strategy.triplea.ai.tripleMind.ProPurchaseAi.place(ProPurchaseAi.java:562)
	at games.strategy.triplea.ai.tripleMind.AbstractTripleMindAi.place(AbstractTripleMindAi.java:380)
	at games.strategy.triplea.ai.AbstractAi.start(AbstractAi.java:531)
	at games.strategy.engine.framework.ServerGame.waitForPlayerToFinishStep(ServerGame.java:648)
	at games.strategy.engine.framework.ServerGame.runStep(ServerGame.java:478)
	at games.strategy.engine.framework.ServerGame.runNextStep(ServerGame.java:365)
	at games.strategy.engine.framework.ServerGame.startGame(ServerGame.java:333)
	at games.strategy.engine.framework.startup.launcher.LocalLauncher.launchInternal(LocalLauncher.java:92)
	at games.strategy.engine.framework.startup.launcher.LocalLauncher.lambda$launch$0(LocalLauncher.java:60)
	at java.base/java.lang.Thread.run(Thread.java:840)
188696 23:59:17.860 [Thread-8] INFO  org.triplea.sound.ClipPlayer - Unable to create audio device, is there audio on the system? Cannot create AudioDevice
javazoom.jl.decoder.JavaLayerException: Cannot create AudioDevice
	at javazoom.jl.player.FactoryRegistry.createAudioDevice(FactoryRegistry.java:97)
	at org.triplea.sound.ClipPlayer.hasAudio(ClipPlayer.java:144)
	at org.triplea.sound.ClipPlayer.isSoundEnabled(ClipPlayer.java:251)
	at org.triplea.sound.ClipPlayer.play(ClipPlayer.java:220)
	at org.triplea.sound.DefaultSoundChannel.playSoundForAll(DefaultSoundChannel.java:22)
	at jdk.internal.reflect.GeneratedMethodAccessor56.invoke(Unknown Source)
	at java.base/jdk.internal.reflect.DelegatingMethodAccessorImpl.invoke(DelegatingMethodAccessorImpl.java:43)
	at java.base/java.lang.reflect.Method.invoke(Method.java:569)
	at games.strategy.engine.message.unifiedmessenger.EndPoint.invokeSingle(EndPoint.java:137)
	at games.strategy.engine.message.unifiedmessenger.EndPoint.lambda$invokeMultiple$0(EndPoint.java:121)
	at java.base/java.util.stream.ReferencePipeline$3$1.accept(ReferencePipeline.java:197)
	at java.base/java.util.Spliterators$ArraySpliterator.forEachRemaining(Spliterators.java:992)
	at java.base/java.util.stream.AbstractPipeline.copyInto(AbstractPipeline.java:509)
	at java.base/java.util.stream.AbstractPipeline.wrapAndCopyInto(AbstractPipeline.java:499)
	at java.base/java.util.stream.ReduceOps$ReduceOp.evaluateSequential(ReduceOps.java:921)
	at java.base/java.util.stream.AbstractPipeline.evaluate(AbstractPipeline.java:234)
	at java.base/java.util.stream.ReferencePipeline.collect(ReferencePipeline.java:682)
	at games.strategy.engine.message.unifiedmessenger.EndPoint.invokeMultiple(EndPoint.java:122)
	at games.strategy.engine.message.unifiedmessenger.EndPoint.invokeLocal(EndPoint.java:112)
	at games.strategy.engine.message.unifiedmessenger.UnifiedMessenger.invoke(UnifiedMessenger.java:153)
	at games.strategy.engine.message.UnifiedInvocationHandler.invoke(UnifiedInvocationHandler.java:47)
	at jdk.proxy2/jdk.proxy2.$Proxy25.playSoundForAll(Unknown Source)
	at jdk.internal.reflect.GeneratedMethodAccessor55.invoke(Unknown Source)
	at java.base/jdk.internal.reflect.DelegatingMethodAccessorImpl.invoke(DelegatingMethodAccessorImpl.java:43)
	at java.base/java.lang.reflect.Method.invoke(Method.java:569)
	at games.strategy.engine.delegate.DelegateExecutionManager.lambda$newOutboundImplementation$1(DelegateExecutionManager.java:79)
	at jdk.proxy2/jdk.proxy2.$Proxy25.playSoundForAll(Unknown Source)
	at games.strategy.triplea.delegate.AbstractPlaceDelegate.placeUnits(AbstractPlaceDelegate.java:302)
	at games.strategy.triplea.delegate.AbstractPlaceDelegate.placeUnits(AbstractPlaceDelegate.java:201)
	at jdk.internal.reflect.GeneratedMethodAccessor54.invoke(Unknown Source)
	at java.base/jdk.internal.reflect.DelegatingMethodAccessorImpl.invoke(DelegatingMethodAccessorImpl.java:43)
	at java.base/java.lang.reflect.Method.invoke(Method.java:569)
	at games.strategy.engine.delegate.DelegateExecutionManager$1.invoke(DelegateExecutionManager.java:120)
	at jdk.proxy2/jdk.proxy2.$Proxy16.placeUnits(Unknown Source)
	at jdk.internal.reflect.GeneratedMethodAccessor62.invoke(Unknown Source)
	at java.base/jdk.internal.reflect.DelegatingMethodAccessorImpl.invoke(DelegatingMethodAccessorImpl.java:43)
	at java.base/java.lang.reflect.Method.invoke(Method.java:569)
	at games.strategy.engine.message.unifiedmessenger.EndPoint.invokeSingle(EndPoint.java:137)
	at games.strategy.engine.message.unifiedmessenger.EndPoint.lambda$invokeMultiple$0(EndPoint.java:121)
	at java.base/java.util.stream.ReferencePipeline$3$1.accept(ReferencePipeline.java:197)
	at java.base/java.util.Spliterators$ArraySpliterator.forEachRemaining(Spliterators.java:992)
	at java.base/java.util.stream.AbstractPipeline.copyInto(AbstractPipeline.java:509)
	at java.base/java.util.stream.AbstractPipeline.wrapAndCopyInto(AbstractPipeline.java:499)
	at java.base/java.util.stream.ReduceOps$ReduceOp.evaluateSequential(ReduceOps.java:921)
	at java.base/java.util.stream.AbstractPipeline.evaluate(AbstractPipeline.java:234)
	at java.base/java.util.stream.ReferencePipeline.collect(ReferencePipeline.java:682)
	at games.strategy.engine.message.unifiedmessenger.EndPoint.invokeMultiple(EndPoint.java:122)
	at games.strategy.engine.message.unifiedmessenger.EndPoint.invokeLocal(EndPoint.java:112)
	at games.strategy.engine.message.unifiedmessenger.UnifiedMessenger.invokeAndWait(UnifiedMessenger.java:97)
	at games.strategy.engine.message.UnifiedInvocationHandler.invoke(UnifiedInvocationHandler.java:55)
	at jdk.proxy2/jdk.proxy2.$Proxy16.placeUnits(Unknown Source)
	at jdk.internal.reflect.GeneratedMethodAccessor54.invoke(Unknown Source)
	at java.base/jdk.internal.reflect.DelegatingMethodAccessorImpl.invoke(DelegatingMethodAccessorImpl.java:43)
	at java.base/java.lang.reflect.Method.invoke(Method.java:569)
	at games.strategy.engine.player.PlayerBridge$GameOverInvocationHandler.invoke(PlayerBridge.java:151)
	at jdk.proxy2/jdk.proxy2.$Proxy16.placeUnits(Unknown Source)
	at games.strategy.triplea.ai.tripleMind.ProPurchaseAi.doPlace(ProPurchaseAi.java:2627)
	at games.strategy.triplea.ai.tripleMind.ProPurchaseAi.placeUnits(ProPurchaseAi.java:2545)
	at games.strategy.triplea.ai.tripleMind.ProPurchaseAi.place(ProPurchaseAi.java:562)
	at games.strategy.triplea.ai.tripleMind.AbstractTripleMindAi.place(AbstractTripleMindAi.java:380)
	at games.strategy.triplea.ai.AbstractAi.start(AbstractAi.java:531)
	at games.strategy.engine.framework.ServerGame.waitForPlayerToFinishStep(ServerGame.java:648)
	at games.strategy.engine.framework.ServerGame.runStep(ServerGame.java:478)
	at games.strategy.engine.framework.ServerGame.runNextStep(ServerGame.java:365)
	at games.strategy.engine.framework.ServerGame.startGame(ServerGame.java:333)
	at games.strategy.engine.framework.startup.launcher.LocalLauncher.launchInternal(LocalLauncher.java:92)
	at games.strategy.engine.framework.startup.launcher.LocalLauncher.lambda$launch$0(LocalLauncher.java:60)
	at java.base/java.lang.Thread.run(Thread.java:840)
188825 23:59:17.989 [Thread-8] INFO  org.triplea.sound.ClipPlayer - Unable to create audio device, is there audio on the system? Cannot create AudioDevice
javazoom.jl.decoder.JavaLayerException: Cannot create AudioDevice
	at javazoom.jl.player.FactoryRegistry.createAudioDevice(FactoryRegistry.java:97)
	at org.triplea.sound.ClipPlayer.hasAudio(ClipPlayer.java:144)
	at org.triplea.sound.ClipPlayer.isSoundEnabled(ClipPlayer.java:251)
	at org.triplea.sound.ClipPlayer.play(ClipPlayer.java:220)
	at org.triplea.sound.DefaultSoundChannel.playSoundForAll(DefaultSoundChannel.java:22)
	at jdk.internal.reflect.GeneratedMethodAccessor56.invoke(Unknown Source)
	at java.base/jdk.internal.reflect.DelegatingMethodAccessorImpl.invoke(DelegatingMethodAccessorImpl.java:43)
	at java.base/java.lang.reflect.Method.invoke(Method.java:569)
	at games.strategy.engine.message.unifiedmessenger.EndPoint.invokeSingle(EndPoint.java:137)
	at games.strategy.engine.message.unifiedmessenger.EndPoint.lambda$invokeMultiple$0(EndPoint.java:121)
	at java.base/java.util.stream.ReferencePipeline$3$1.accept(ReferencePipeline.java:197)
	at java.base/java.util.Spliterators$ArraySpliterator.forEachRemaining(Spliterators.java:992)
	at java.base/java.util.stream.AbstractPipeline.copyInto(AbstractPipeline.java:509)
	at java.base/java.util.stream.AbstractPipeline.wrapAndCopyInto(AbstractPipeline.java:499)
	at java.base/java.util.stream.ReduceOps$ReduceOp.evaluateSequential(ReduceOps.java:921)
	at java.base/java.util.stream.AbstractPipeline.evaluate(AbstractPipeline.java:234)
	at java.base/java.util.stream.ReferencePipeline.collect(ReferencePipeline.java:682)
	at games.strategy.engine.message.unifiedmessenger.EndPoint.invokeMultiple(EndPoint.java:122)
	at games.strategy.engine.message.unifiedmessenger.EndPoint.invokeLocal(EndPoint.java:112)
	at games.strategy.engine.message.unifiedmessenger.UnifiedMessenger.invoke(UnifiedMessenger.java:153)
	at games.strategy.engine.message.UnifiedInvocationHandler.invoke(UnifiedInvocationHandler.java:47)
	at jdk.proxy2/jdk.proxy2.$Proxy25.playSoundForAll(Unknown Source)
	at jdk.internal.reflect.GeneratedMethodAccessor55.invoke(Unknown Source)
	at java.base/jdk.internal.reflect.DelegatingMethodAccessorImpl.invoke(DelegatingMethodAccessorImpl.java:43)
	at java.base/java.lang.reflect.Method.invoke(Method.java:569)
	at games.strategy.engine.delegate.DelegateExecutionManager.lambda$newOutboundImplementation$1(DelegateExecutionManager.java:79)
	at jdk.proxy2/jdk.proxy2.$Proxy25.playSoundForAll(Unknown Source)
	at games.strategy.triplea.delegate.AbstractPlaceDelegate.placeUnits(AbstractPlaceDelegate.java:302)
	at games.strategy.triplea.delegate.AbstractPlaceDelegate.placeUnits(AbstractPlaceDelegate.java:201)
	at jdk.internal.reflect.GeneratedMethodAccessor54.invoke(Unknown Source)
	at java.base/jdk.internal.reflect.DelegatingMethodAccessorImpl.invoke(DelegatingMethodAccessorImpl.java:43)
	at java.base/java.lang.reflect.Method.invoke(Method.java:569)
	at games.strategy.engine.delegate.DelegateExecutionManager$1.invoke(DelegateExecutionManager.java:120)
	at jdk.proxy2/jdk.proxy2.$Proxy16.placeUnits(Unknown Source)
	at jdk.internal.reflect.GeneratedMethodAccessor62.invoke(Unknown Source)
	at java.base/jdk.internal.reflect.DelegatingMethodAccessorImpl.invoke(DelegatingMethodAccessorImpl.java:43)
	at java.base/java.lang.reflect.Method.invoke(Method.java:569)
	at games.strategy.engine.message.unifiedmessenger.EndPoint.invokeSingle(EndPoint.java:137)
	at games.strategy.engine.message.unifiedmessenger.EndPoint.lambda$invokeMultiple$0(EndPoint.java:121)
	at java.base/java.util.stream.ReferencePipeline$3$1.accept(ReferencePipeline.java:197)
	at java.base/java.util.Spliterators$ArraySpliterator.forEachRemaining(Spliterators.java:992)
	at java.base/java.util.stream.AbstractPipeline.copyInto(AbstractPipeline.java:509)
	at java.base/java.util.stream.AbstractPipeline.wrapAndCopyInto(AbstractPipeline.java:499)
	at java.base/java.util.stream.ReduceOps$ReduceOp.evaluateSequential(ReduceOps.java:921)
	at java.base/java.util.stream.AbstractPipeline.evaluate(AbstractPipeline.java:234)
	at java.base/java.util.stream.ReferencePipeline.collect(ReferencePipeline.java:682)
	at games.strategy.engine.message.unifiedmessenger.EndPoint.invokeMultiple(EndPoint.java:122)
	at games.strategy.engine.message.unifiedmessenger.EndPoint.invokeLocal(EndPoint.java:112)
	at games.strategy.engine.message.unifiedmessenger.UnifiedMessenger.invokeAndWait(UnifiedMessenger.java:97)
	at games.strategy.engine.message.UnifiedInvocationHandler.invoke(UnifiedInvocationHandler.java:55)
	at jdk.proxy2/jdk.proxy2.$Proxy16.placeUnits(Unknown Source)
	at jdk.internal.reflect.GeneratedMethodAccessor54.invoke(Unknown Source)
	at java.base/jdk.internal.reflect.DelegatingMethodAccessorImpl.invoke(DelegatingMethodAccessorImpl.java:43)
	at java.base/java.lang.reflect.Method.invoke(Method.java:569)
	at games.strategy.engine.player.PlayerBridge$GameOverInvocationHandler.invoke(PlayerBridge.java:151)
	at jdk.proxy2/jdk.proxy2.$Proxy16.placeUnits(Unknown Source)
	at games.strategy.triplea.ai.tripleMind.ProPurchaseAi.doPlace(ProPurchaseAi.java:2627)
	at games.strategy.triplea.ai.tripleMind.ProPurchaseAi.placeUnits(ProPurchaseAi.java:2545)
	at games.strategy.triplea.ai.tripleMind.ProPurchaseAi.place(ProPurchaseAi.java:562)
	at games.strategy.triplea.ai.tripleMind.AbstractTripleMindAi.place(AbstractTripleMindAi.java:380)
	at games.strategy.triplea.ai.AbstractAi.start(AbstractAi.java:531)
	at games.strategy.engine.framework.ServerGame.waitForPlayerToFinishStep(ServerGame.java:648)
	at games.strategy.engine.framework.ServerGame.runStep(ServerGame.java:478)
	at games.strategy.engine.framework.ServerGame.runNextStep(ServerGame.java:365)
	at games.strategy.engine.framework.ServerGame.startGame(ServerGame.java:333)
	at games.strategy.engine.framework.startup.launcher.LocalLauncher.launchInternal(LocalLauncher.java:92)
	at games.strategy.engine.framework.startup.launcher.LocalLauncher.lambda$launch$0(LocalLauncher.java:60)
	at java.base/java.lang.Thread.run(Thread.java:840)
188961 23:59:18.125 [Thread-8] INFO  org.triplea.sound.ClipPlayer - Unable to create audio device, is there audio on the system? Cannot create AudioDevice
javazoom.jl.decoder.JavaLayerException: Cannot create AudioDevice
	at javazoom.jl.player.FactoryRegistry.createAudioDevice(FactoryRegistry.java:97)
	at org.triplea.sound.ClipPlayer.hasAudio(ClipPlayer.java:144)
	at org.triplea.sound.ClipPlayer.isSoundEnabled(ClipPlayer.java:251)
	at org.triplea.sound.ClipPlayer.play(ClipPlayer.java:220)
	at org.triplea.sound.DefaultSoundChannel.playSoundForAll(DefaultSoundChannel.java:22)
	at jdk.internal.reflect.GeneratedMethodAccessor56.invoke(Unknown Source)
	at java.base/jdk.internal.reflect.DelegatingMethodAccessorImpl.invoke(DelegatingMethodAccessorImpl.java:43)
	at java.base/java.lang.reflect.Method.invoke(Method.java:569)
	at games.strategy.engine.message.unifiedmessenger.EndPoint.invokeSingle(EndPoint.java:137)
	at games.strategy.engine.message.unifiedmessenger.EndPoint.lambda$invokeMultiple$0(EndPoint.java:121)
	at java.base/java.util.stream.ReferencePipeline$3$1.accept(ReferencePipeline.java:197)
	at java.base/java.util.Spliterators$ArraySpliterator.forEachRemaining(Spliterators.java:992)
	at java.base/java.util.stream.AbstractPipeline.copyInto(AbstractPipeline.java:509)
	at java.base/java.util.stream.AbstractPipeline.wrapAndCopyInto(AbstractPipeline.java:499)
	at java.base/java.util.stream.ReduceOps$ReduceOp.evaluateSequential(ReduceOps.java:921)
	at java.base/java.util.stream.AbstractPipeline.evaluate(AbstractPipeline.java:234)
	at java.base/java.util.stream.ReferencePipeline.collect(ReferencePipeline.java:682)
	at games.strategy.engine.message.unifiedmessenger.EndPoint.invokeMultiple(EndPoint.java:122)
	at games.strategy.engine.message.unifiedmessenger.EndPoint.invokeLocal(EndPoint.java:112)
	at games.strategy.engine.message.unifiedmessenger.UnifiedMessenger.invoke(UnifiedMessenger.java:153)
	at games.strategy.engine.message.UnifiedInvocationHandler.invoke(UnifiedInvocationHandler.java:47)
	at jdk.proxy2/jdk.proxy2.$Proxy25.playSoundForAll(Unknown Source)
	at jdk.internal.reflect.GeneratedMethodAccessor55.invoke(Unknown Source)
	at java.base/jdk.internal.reflect.DelegatingMethodAccessorImpl.invoke(DelegatingMethodAccessorImpl.java:43)
	at java.base/java.lang.reflect.Method.invoke(Method.java:569)
	at games.strategy.engine.delegate.DelegateExecutionManager.lambda$newOutboundImplementation$1(DelegateExecutionManager.java:79)
	at jdk.proxy2/jdk.proxy2.$Proxy25.playSoundForAll(Unknown Source)
	at games.strategy.triplea.delegate.AbstractPlaceDelegate.placeUnits(AbstractPlaceDelegate.java:302)
	at games.strategy.triplea.delegate.AbstractPlaceDelegate.placeUnits(AbstractPlaceDelegate.java:201)
	at jdk.internal.reflect.GeneratedMethodAccessor54.invoke(Unknown Source)
	at java.base/jdk.internal.reflect.DelegatingMethodAccessorImpl.invoke(DelegatingMethodAccessorImpl.java:43)
	at java.base/java.lang.reflect.Method.invoke(Method.java:569)
	at games.strategy.engine.delegate.DelegateExecutionManager$1.invoke(DelegateExecutionManager.java:120)
	at jdk.proxy2/jdk.proxy2.$Proxy16.placeUnits(Unknown Source)
	at jdk.internal.reflect.GeneratedMethodAccessor62.invoke(Unknown Source)
	at java.base/jdk.internal.reflect.DelegatingMethodAccessorImpl.invoke(DelegatingMethodAccessorImpl.java:43)
	at java.base/java.lang.reflect.Method.invoke(Method.java:569)
	at games.strategy.engine.message.unifiedmessenger.EndPoint.invokeSingle(EndPoint.java:137)
	at games.strategy.engine.message.unifiedmessenger.EndPoint.lambda$invokeMultiple$0(EndPoint.java:121)
	at java.base/java.util.stream.ReferencePipeline$3$1.accept(ReferencePipeline.java:197)
	at java.base/java.util.Spliterators$ArraySpliterator.forEachRemaining(Spliterators.java:992)
	at java.base/java.util.stream.AbstractPipeline.copyInto(AbstractPipeline.java:509)
	at java.base/java.util.stream.AbstractPipeline.wrapAndCopyInto(AbstractPipeline.java:499)
	at java.base/java.util.stream.ReduceOps$ReduceOp.evaluateSequential(ReduceOps.java:921)
	at java.base/java.util.stream.AbstractPipeline.evaluate(AbstractPipeline.java:234)
	at java.base/java.util.stream.ReferencePipeline.collect(ReferencePipeline.java:682)
	at games.strategy.engine.message.unifiedmessenger.EndPoint.invokeMultiple(EndPoint.java:122)
	at games.strategy.engine.message.unifiedmessenger.EndPoint.invokeLocal(EndPoint.java:112)
	at games.strategy.engine.message.unifiedmessenger.UnifiedMessenger.invokeAndWait(UnifiedMessenger.java:97)
	at games.strategy.engine.message.UnifiedInvocationHandler.invoke(UnifiedInvocationHandler.java:55)
	at jdk.proxy2/jdk.proxy2.$Proxy16.placeUnits(Unknown Source)
	at jdk.internal.reflect.GeneratedMethodAccessor54.invoke(Unknown Source)
	at java.base/jdk.internal.reflect.DelegatingMethodAccessorImpl.invoke(DelegatingMethodAccessorImpl.java:43)
	at java.base/java.lang.reflect.Method.invoke(Method.java:569)
	at games.strategy.engine.player.PlayerBridge$GameOverInvocationHandler.invoke(PlayerBridge.java:151)
	at jdk.proxy2/jdk.proxy2.$Proxy16.placeUnits(Unknown Source)
	at games.strategy.triplea.ai.tripleMind.ProPurchaseAi.doPlace(ProPurchaseAi.java:2627)
	at games.strategy.triplea.ai.tripleMind.ProPurchaseAi.placeUnits(ProPurchaseAi.java:2545)
	at games.strategy.triplea.ai.tripleMind.ProPurchaseAi.place(ProPurchaseAi.java:562)
	at games.strategy.triplea.ai.tripleMind.AbstractTripleMindAi.place(AbstractTripleMindAi.java:380)
	at games.strategy.triplea.ai.AbstractAi.start(AbstractAi.java:531)
	at games.strategy.engine.framework.ServerGame.waitForPlayerToFinishStep(ServerGame.java:648)
	at games.strategy.engine.framework.ServerGame.runStep(ServerGame.java:478)
	at games.strategy.engine.framework.ServerGame.runNextStep(ServerGame.java:365)
	at games.strategy.engine.framework.ServerGame.startGame(ServerGame.java:333)
	at games.strategy.engine.framework.startup.launcher.LocalLauncher.launchInternal(LocalLauncher.java:92)
	at games.strategy.engine.framework.startup.launcher.LocalLauncher.lambda$launch$0(LocalLauncher.java:60)
	at java.base/java.lang.Thread.run(Thread.java:840)
192193 23:59:21.357 [Thread-8] INFO  org.triplea.sound.ClipPlayer - Unable to create audio device, is there audio on the system? Cannot create AudioDevice
javazoom.jl.decoder.JavaLayerException: Cannot create AudioDevice
	at javazoom.jl.player.FactoryRegistry.createAudioDevice(FactoryRegistry.java:97)
	at org.triplea.sound.ClipPlayer.hasAudio(ClipPlayer.java:144)
	at org.triplea.sound.ClipPlayer.isSoundEnabled(ClipPlayer.java:251)
	at org.triplea.sound.ClipPlayer.play(ClipPlayer.java:220)
	at org.triplea.sound.DefaultSoundChannel.playSoundForAll(DefaultSoundChannel.java:22)
	at jdk.internal.reflect.GeneratedMethodAccessor56.invoke(Unknown Source)
	at java.base/jdk.internal.reflect.DelegatingMethodAccessorImpl.invoke(DelegatingMethodAccessorImpl.java:43)
	at java.base/java.lang.reflect.Method.invoke(Method.java:569)
	at games.strategy.engine.message.unifiedmessenger.EndPoint.invokeSingle(EndPoint.java:137)
	at games.strategy.engine.message.unifiedmessenger.EndPoint.lambda$invokeMultiple$0(EndPoint.java:121)
	at java.base/java.util.stream.ReferencePipeline$3$1.accept(ReferencePipeline.java:197)
	at java.base/java.util.Spliterators$ArraySpliterator.forEachRemaining(Spliterators.java:992)
	at java.base/java.util.stream.AbstractPipeline.copyInto(AbstractPipeline.java:509)
	at java.base/java.util.stream.AbstractPipeline.wrapAndCopyInto(AbstractPipeline.java:499)
	at java.base/java.util.stream.ReduceOps$ReduceOp.evaluateSequential(ReduceOps.java:921)
	at java.base/java.util.stream.AbstractPipeline.evaluate(AbstractPipeline.java:234)
	at java.base/java.util.stream.ReferencePipeline.collect(ReferencePipeline.java:682)
	at games.strategy.engine.message.unifiedmessenger.EndPoint.invokeMultiple(EndPoint.java:122)
	at games.strategy.engine.message.unifiedmessenger.EndPoint.invokeLocal(EndPoint.java:112)
	at games.strategy.engine.message.unifiedmessenger.UnifiedMessenger.invoke(UnifiedMessenger.java:153)
	at games.strategy.engine.message.UnifiedInvocationHandler.invoke(UnifiedInvocationHandler.java:47)
	at jdk.proxy2/jdk.proxy2.$Proxy25.playSoundForAll(Unknown Source)
	at jdk.internal.reflect.GeneratedMethodAccessor55.invoke(Unknown Source)
	at java.base/jdk.internal.reflect.DelegatingMethodAccessorImpl.invoke(DelegatingMethodAccessorImpl.java:43)
	at java.base/java.lang.reflect.Method.invoke(Method.java:569)
	at games.strategy.engine.delegate.DelegateExecutionManager.lambda$newOutboundImplementation$1(DelegateExecutionManager.java:79)
	at jdk.proxy2/jdk.proxy2.$Proxy25.playSoundForAll(Unknown Source)
	at games.strategy.triplea.delegate.AbstractPlaceDelegate.placeUnits(AbstractPlaceDelegate.java:302)
	at games.strategy.triplea.delegate.AbstractPlaceDelegate.placeUnits(AbstractPlaceDelegate.java:201)
	at jdk.internal.reflect.GeneratedMethodAccessor54.invoke(Unknown Source)
	at java.base/jdk.internal.reflect.DelegatingMethodAccessorImpl.invoke(DelegatingMethodAccessorImpl.java:43)
	at java.base/java.lang.reflect.Method.invoke(Method.java:569)
	at games.strategy.engine.delegate.DelegateExecutionManager$1.invoke(DelegateExecutionManager.java:120)
	at jdk.proxy2/jdk.proxy2.$Proxy16.placeUnits(Unknown Source)
	at jdk.internal.reflect.GeneratedMethodAccessor62.invoke(Unknown Source)
	at java.base/jdk.internal.reflect.DelegatingMethodAccessorImpl.invoke(DelegatingMethodAccessorImpl.java:43)
	at java.base/java.lang.reflect.Method.invoke(Method.java:569)
	at games.strategy.engine.message.unifiedmessenger.EndPoint.invokeSingle(EndPoint.java:137)
	at games.strategy.engine.message.unifiedmessenger.EndPoint.lambda$invokeMultiple$0(EndPoint.java:121)
	at java.base/java.util.stream.ReferencePipeline$3$1.accept(ReferencePipeline.java:197)
	at java.base/java.util.Spliterators$ArraySpliterator.forEachRemaining(Spliterators.java:992)
	at java.base/java.util.stream.AbstractPipeline.copyInto(AbstractPipeline.java:509)
	at java.base/java.util.stream.AbstractPipeline.wrapAndCopyInto(AbstractPipeline.java:499)
	at java.base/java.util.stream.ReduceOps$ReduceOp.evaluateSequential(ReduceOps.java:921)
	at java.base/java.util.stream.AbstractPipeline.evaluate(AbstractPipeline.java:234)
	at java.base/java.util.stream.ReferencePipeline.collect(ReferencePipeline.java:682)
	at games.strategy.engine.message.unifiedmessenger.EndPoint.invokeMultiple(EndPoint.java:122)
	at games.strategy.engine.message.unifiedmessenger.EndPoint.invokeLocal(EndPoint.java:112)
	at games.strategy.engine.message.unifiedmessenger.UnifiedMessenger.invokeAndWait(UnifiedMessenger.java:97)
	at games.strategy.engine.message.UnifiedInvocationHandler.invoke(UnifiedInvocationHandler.java:55)
	at jdk.proxy2/jdk.proxy2.$Proxy16.placeUnits(Unknown Source)
	at jdk.internal.reflect.GeneratedMethodAccessor54.invoke(Unknown Source)
	at java.base/jdk.internal.reflect.DelegatingMethodAccessorImpl.invoke(DelegatingMethodAccessorImpl.java:43)
	at java.base/java.lang.reflect.Method.invoke(Method.java:569)
	at games.strategy.engine.player.PlayerBridge$GameOverInvocationHandler.invoke(PlayerBridge.java:151)
	at jdk.proxy2/jdk.proxy2.$Proxy16.placeUnits(Unknown Source)
	at games.strategy.triplea.ai.weak.WeakAi.doPlace(WeakAi.java:1110)
	at games.strategy.triplea.ai.weak.WeakAi.placeAllWeCanOn(WeakAi.java:1104)
	at games.strategy.triplea.ai.weak.WeakAi.lambda$place$15(WeakAi.java:1054)
	at java.base/java.util.Optional.ifPresent(Optional.java:178)
	at games.strategy.triplea.ai.weak.WeakAi.place(WeakAi.java:1054)
	at games.strategy.triplea.ai.AbstractAi.start(AbstractAi.java:531)
	at games.strategy.engine.framework.ServerGame.waitForPlayerToFinishStep(ServerGame.java:648)
	at games.strategy.engine.framework.ServerGame.runStep(ServerGame.java:478)
	at games.strategy.engine.framework.ServerGame.runNextStep(ServerGame.java:365)
	at games.strategy.engine.framework.ServerGame.startGame(ServerGame.java:333)
	at games.strategy.engine.framework.startup.launcher.LocalLauncher.launchInternal(LocalLauncher.java:92)
	at games.strategy.engine.framework.startup.launcher.LocalLauncher.lambda$launch$0(LocalLauncher.java:60)
	at java.base/java.lang.Thread.run(Thread.java:840)
193745 23:59:22.909 [Thread-8] INFO  org.triplea.sound.ClipPlayer - Unable to create audio device, is there audio on the system? Cannot create AudioDevice
javazoom.jl.decoder.JavaLayerException: Cannot create AudioDevice
	at javazoom.jl.player.FactoryRegistry.createAudioDevice(FactoryRegistry.java:97)
	at org.triplea.sound.ClipPlayer.hasAudio(ClipPlayer.java:144)
	at org.triplea.sound.ClipPlayer.isSoundEnabled(ClipPlayer.java:251)
	at org.triplea.sound.ClipPlayer.play(ClipPlayer.java:220)
	at org.triplea.sound.DefaultSoundChannel.playSoundForAll(DefaultSoundChannel.java:22)
	at jdk.internal.reflect.GeneratedMethodAccessor56.invoke(Unknown Source)
	at java.base/jdk.internal.reflect.DelegatingMethodAccessorImpl.invoke(DelegatingMethodAccessorImpl.java:43)
	at java.base/java.lang.reflect.Method.invoke(Method.java:569)
	at games.strategy.engine.message.unifiedmessenger.EndPoint.invokeSingle(EndPoint.java:137)
	at games.strategy.engine.message.unifiedmessenger.EndPoint.lambda$invokeMultiple$0(EndPoint.java:121)
	at java.base/java.util.stream.ReferencePipeline$3$1.accept(ReferencePipeline.java:197)
	at java.base/java.util.Spliterators$ArraySpliterator.forEachRemaining(Spliterators.java:992)
	at java.base/java.util.stream.AbstractPipeline.copyInto(AbstractPipeline.java:509)
	at java.base/java.util.stream.AbstractPipeline.wrapAndCopyInto(AbstractPipeline.java:499)
	at java.base/java.util.stream.ReduceOps$ReduceOp.evaluateSequential(ReduceOps.java:921)
	at java.base/java.util.stream.AbstractPipeline.evaluate(AbstractPipeline.java:234)
	at java.base/java.util.stream.ReferencePipeline.collect(ReferencePipeline.java:682)
	at games.strategy.engine.message.unifiedmessenger.EndPoint.invokeMultiple(EndPoint.java:122)
	at games.strategy.engine.message.unifiedmessenger.EndPoint.invokeLocal(EndPoint.java:112)
	at games.strategy.engine.message.unifiedmessenger.UnifiedMessenger.invoke(UnifiedMessenger.java:153)
	at games.strategy.engine.message.UnifiedInvocationHandler.invoke(UnifiedInvocationHandler.java:47)
	at jdk.proxy2/jdk.proxy2.$Proxy25.playSoundForAll(Unknown Source)
	at jdk.internal.reflect.GeneratedMethodAccessor55.invoke(Unknown Source)
	at java.base/jdk.internal.reflect.DelegatingMethodAccessorImpl.invoke(DelegatingMethodAccessorImpl.java:43)
	at java.base/java.lang.reflect.Method.invoke(Method.java:569)
	at games.strategy.engine.delegate.DelegateExecutionManager.lambda$newOutboundImplementation$1(DelegateExecutionManager.java:79)
	at jdk.proxy2/jdk.proxy2.$Proxy25.playSoundForAll(Unknown Source)
	at org.triplea.sound.SoundUtils.playBattleType(SoundUtils.java:42)
	at games.strategy.triplea.delegate.battle.MustFightBattle.fight(MustFightBattle.java:686)
	at games.strategy.triplea.delegate.battle.BattleTracker.fightBattleIfOnlyOne(BattleTracker.java:1300)
	at games.strategy.triplea.delegate.battle.BattleDelegate.start(BattleDelegate.java:125)
	at games.strategy.engine.framework.ServerGame.startStep(ServerGame.java:611)
	at games.strategy.engine.framework.ServerGame.runStep(ServerGame.java:471)
	at games.strategy.engine.framework.ServerGame.runNextStep(ServerGame.java:365)
	at games.strategy.engine.framework.ServerGame.startGame(ServerGame.java:333)
	at games.strategy.engine.framework.startup.launcher.LocalLauncher.launchInternal(LocalLauncher.java:92)
	at games.strategy.engine.framework.startup.launcher.LocalLauncher.lambda$launch$0(LocalLauncher.java:60)
	at java.base/java.lang.Thread.run(Thread.java:840)
198048 23:59:27.212 [Thread-8] INFO  org.triplea.sound.ClipPlayer - Unable to create audio device, is there audio on the system? Cannot create AudioDevice
javazoom.jl.decoder.JavaLayerException: Cannot create AudioDevice
	at javazoom.jl.player.FactoryRegistry.createAudioDevice(FactoryRegistry.java:97)
	at org.triplea.sound.ClipPlayer.hasAudio(ClipPlayer.java:144)
	at org.triplea.sound.ClipPlayer.isSoundEnabled(ClipPlayer.java:251)
	at org.triplea.sound.ClipPlayer.play(ClipPlayer.java:220)
	at org.triplea.sound.DefaultSoundChannel.playSoundForAll(DefaultSoundChannel.java:22)
	at jdk.internal.reflect.GeneratedMethodAccessor56.invoke(Unknown Source)
	at java.base/jdk.internal.reflect.DelegatingMethodAccessorImpl.invoke(DelegatingMethodAccessorImpl.java:43)
	at java.base/java.lang.reflect.Method.invoke(Method.java:569)
	at games.strategy.engine.message.unifiedmessenger.EndPoint.invokeSingle(EndPoint.java:137)
	at games.strategy.engine.message.unifiedmessenger.EndPoint.lambda$invokeMultiple$0(EndPoint.java:121)
	at java.base/java.util.stream.ReferencePipeline$3$1.accept(ReferencePipeline.java:197)
	at java.base/java.util.Spliterators$ArraySpliterator.forEachRemaining(Spliterators.java:992)
	at java.base/java.util.stream.AbstractPipeline.copyInto(AbstractPipeline.java:509)
	at java.base/java.util.stream.AbstractPipeline.wrapAndCopyInto(AbstractPipeline.java:499)
	at java.base/java.util.stream.ReduceOps$ReduceOp.evaluateSequential(ReduceOps.java:921)
	at java.base/java.util.stream.AbstractPipeline.evaluate(AbstractPipeline.java:234)
	at java.base/java.util.stream.ReferencePipeline.collect(ReferencePipeline.java:682)
	at games.strategy.engine.message.unifiedmessenger.EndPoint.invokeMultiple(EndPoint.java:122)
	at games.strategy.engine.message.unifiedmessenger.EndPoint.invokeLocal(EndPoint.java:112)
	at games.strategy.engine.message.unifiedmessenger.UnifiedMessenger.invoke(UnifiedMessenger.java:153)
	at games.strategy.engine.message.UnifiedInvocationHandler.invoke(UnifiedInvocationHandler.java:47)
	at jdk.proxy2/jdk.proxy2.$Proxy25.playSoundForAll(Unknown Source)
	at jdk.internal.reflect.GeneratedMethodAccessor55.invoke(Unknown Source)
	at java.base/jdk.internal.reflect.DelegatingMethodAccessorImpl.invoke(DelegatingMethodAccessorImpl.java:43)
	at java.base/java.lang.reflect.Method.invoke(Method.java:569)
	at games.strategy.engine.delegate.DelegateExecutionManager.lambda$newOutboundImplementation$1(DelegateExecutionManager.java:79)
	at jdk.proxy2/jdk.proxy2.$Proxy25.playSoundForAll(Unknown Source)
	at games.strategy.triplea.delegate.battle.BattleTracker.takeOver(BattleTracker.java:794)
	at games.strategy.triplea.delegate.battle.MustFightBattle.attackerWins(MustFightBattle.java:1430)
	at games.strategy.triplea.delegate.battle.MustFightBattle.endBattle(MustFightBattle.java:462)
	at games.strategy.triplea.delegate.battle.steps.change.CheckGeneralBattleEnd.execute(CheckGeneralBattleEnd.java:64)
	at games.strategy.triplea.delegate.ExecutionStack.execute(ExecutionStack.java:34)
	at games.strategy.triplea.delegate.battle.MustFightBattle.fight(MustFightBattle.java:690)
	at games.strategy.triplea.delegate.battle.BattleTracker.fightBattleIfOnlyOne(BattleTracker.java:1300)
	at games.strategy.triplea.delegate.battle.BattleDelegate.start(BattleDelegate.java:125)
	at games.strategy.engine.framework.ServerGame.startStep(ServerGame.java:611)
	at games.strategy.engine.framework.ServerGame.runStep(ServerGame.java:471)
	at games.strategy.engine.framework.ServerGame.runNextStep(ServerGame.java:365)
	at games.strategy.engine.framework.ServerGame.startGame(ServerGame.java:333)
	at games.strategy.engine.framework.startup.launcher.LocalLauncher.launchInternal(LocalLauncher.java:92)
	at games.strategy.engine.framework.startup.launcher.LocalLauncher.lambda$launch$0(LocalLauncher.java:60)
	at java.base/java.lang.Thread.run(Thread.java:840)
200383 23:59:29.547 [Thread-8] INFO  org.triplea.sound.ClipPlayer - Unable to create audio device, is there audio on the system? Cannot create AudioDevice
javazoom.jl.decoder.JavaLayerException: Cannot create AudioDevice
	at javazoom.jl.player.FactoryRegistry.createAudioDevice(FactoryRegistry.java:97)
	at org.triplea.sound.ClipPlayer.hasAudio(ClipPlayer.java:144)
	at org.triplea.sound.ClipPlayer.isSoundEnabled(ClipPlayer.java:251)
	at org.triplea.sound.ClipPlayer.play(ClipPlayer.java:220)
	at org.triplea.sound.DefaultSoundChannel.playSoundForAll(DefaultSoundChannel.java:22)
	at jdk.internal.reflect.GeneratedMethodAccessor56.invoke(Unknown Source)
	at java.base/jdk.internal.reflect.DelegatingMethodAccessorImpl.invoke(DelegatingMethodAccessorImpl.java:43)
	at java.base/java.lang.reflect.Method.invoke(Method.java:569)
	at games.strategy.engine.message.unifiedmessenger.EndPoint.invokeSingle(EndPoint.java:137)
	at games.strategy.engine.message.unifiedmessenger.EndPoint.lambda$invokeMultiple$0(EndPoint.java:121)
	at java.base/java.util.stream.ReferencePipeline$3$1.accept(ReferencePipeline.java:197)
	at java.base/java.util.Spliterators$ArraySpliterator.forEachRemaining(Spliterators.java:992)
	at java.base/java.util.stream.AbstractPipeline.copyInto(AbstractPipeline.java:509)
	at java.base/java.util.stream.AbstractPipeline.wrapAndCopyInto(AbstractPipeline.java:499)
	at java.base/java.util.stream.ReduceOps$ReduceOp.evaluateSequential(ReduceOps.java:921)
	at java.base/java.util.stream.AbstractPipeline.evaluate(AbstractPipeline.java:234)
	at java.base/java.util.stream.ReferencePipeline.collect(ReferencePipeline.java:682)
	at games.strategy.engine.message.unifiedmessenger.EndPoint.invokeMultiple(EndPoint.java:122)
	at games.strategy.engine.message.unifiedmessenger.EndPoint.invokeLocal(EndPoint.java:112)
	at games.strategy.engine.message.unifiedmessenger.UnifiedMessenger.invoke(UnifiedMessenger.java:153)
	at games.strategy.engine.message.UnifiedInvocationHandler.invoke(UnifiedInvocationHandler.java:47)
	at jdk.proxy2/jdk.proxy2.$Proxy25.playSoundForAll(Unknown Source)
	at jdk.internal.reflect.GeneratedMethodAccessor55.invoke(Unknown Source)
	at java.base/jdk.internal.reflect.DelegatingMethodAccessorImpl.invoke(DelegatingMethodAccessorImpl.java:43)
	at java.base/java.lang.reflect.Method.invoke(Method.java:569)
	at games.strategy.engine.delegate.DelegateExecutionManager.lambda$newOutboundImplementation$1(DelegateExecutionManager.java:79)
	at jdk.proxy2/jdk.proxy2.$Proxy25.playSoundForAll(Unknown Source)
	at games.strategy.triplea.delegate.AbstractPlaceDelegate.placeUnits(AbstractPlaceDelegate.java:302)
	at games.strategy.triplea.delegate.AbstractPlaceDelegate.placeUnits(AbstractPlaceDelegate.java:201)
	at jdk.internal.reflect.GeneratedMethodAccessor54.invoke(Unknown Source)
	at java.base/jdk.internal.reflect.DelegatingMethodAccessorImpl.invoke(DelegatingMethodAccessorImpl.java:43)
	at java.base/java.lang.reflect.Method.invoke(Method.java:569)
	at games.strategy.engine.delegate.DelegateExecutionManager$1.invoke(DelegateExecutionManager.java:120)
	at jdk.proxy2/jdk.proxy2.$Proxy16.placeUnits(Unknown Source)
	at jdk.internal.reflect.GeneratedMethodAccessor62.invoke(Unknown Source)
	at java.base/jdk.internal.reflect.DelegatingMethodAccessorImpl.invoke(DelegatingMethodAccessorImpl.java:43)
	at java.base/java.lang.reflect.Method.invoke(Method.java:569)
	at games.strategy.engine.message.unifiedmessenger.EndPoint.invokeSingle(EndPoint.java:137)
	at games.strategy.engine.message.unifiedmessenger.EndPoint.lambda$invokeMultiple$0(EndPoint.java:121)
	at java.base/java.util.stream.ReferencePipeline$3$1.accept(ReferencePipeline.java:197)
	at java.base/java.util.Spliterators$ArraySpliterator.forEachRemaining(Spliterators.java:992)
	at java.base/java.util.stream.AbstractPipeline.copyInto(AbstractPipeline.java:509)
	at java.base/java.util.stream.AbstractPipeline.wrapAndCopyInto(AbstractPipeline.java:499)
	at java.base/java.util.stream.ReduceOps$ReduceOp.evaluateSequential(ReduceOps.java:921)
	at java.base/java.util.stream.AbstractPipeline.evaluate(AbstractPipeline.java:234)
	at java.base/java.util.stream.ReferencePipeline.collect(ReferencePipeline.java:682)
	at games.strategy.engine.message.unifiedmessenger.EndPoint.invokeMultiple(EndPoint.java:122)
	at games.strategy.engine.message.unifiedmessenger.EndPoint.invokeLocal(EndPoint.java:112)
	at games.strategy.engine.message.unifiedmessenger.UnifiedMessenger.invokeAndWait(UnifiedMessenger.java:97)
	at games.strategy.engine.message.UnifiedInvocationHandler.invoke(UnifiedInvocationHandler.java:55)
	at jdk.proxy2/jdk.proxy2.$Proxy16.placeUnits(Unknown Source)
	at jdk.internal.reflect.GeneratedMethodAccessor54.invoke(Unknown Source)
	at java.base/jdk.internal.reflect.DelegatingMethodAccessorImpl.invoke(DelegatingMethodAccessorImpl.java:43)
	at java.base/java.lang.reflect.Method.invoke(Method.java:569)
	at games.strategy.engine.player.PlayerBridge$GameOverInvocationHandler.invoke(PlayerBridge.java:151)
	at jdk.proxy2/jdk.proxy2.$Proxy16.placeUnits(Unknown Source)
	at games.strategy.triplea.ai.weak.WeakAi.doPlace(WeakAi.java:1110)
	at games.strategy.triplea.ai.weak.WeakAi.placeAllWeCanOn(WeakAi.java:1104)
	at games.strategy.triplea.ai.weak.WeakAi.lambda$place$15(WeakAi.java:1054)
	at java.base/java.util.Optional.ifPresent(Optional.java:178)
	at games.strategy.triplea.ai.weak.WeakAi.place(WeakAi.java:1054)
	at games.strategy.triplea.ai.AbstractAi.start(AbstractAi.java:531)
	at games.strategy.engine.framework.ServerGame.waitForPlayerToFinishStep(ServerGame.java:648)
	at games.strategy.engine.framework.ServerGame.runStep(ServerGame.java:478)
	at games.strategy.engine.framework.ServerGame.runNextStep(ServerGame.java:365)
	at games.strategy.engine.framework.ServerGame.startGame(ServerGame.java:333)
	at games.strategy.engine.framework.startup.launcher.LocalLauncher.launchInternal(LocalLauncher.java:92)
	at games.strategy.engine.framework.startup.launcher.LocalLauncher.lambda$launch$0(LocalLauncher.java:60)
	at java.base/java.lang.Thread.run(Thread.java:840)
201151 23:59:30.315 [Thread-8] INFO  org.triplea.sound.ClipPlayer - Unable to create audio device, is there audio on the system? Cannot create AudioDevice
javazoom.jl.decoder.JavaLayerException: Cannot create AudioDevice
	at javazoom.jl.player.FactoryRegistry.createAudioDevice(FactoryRegistry.java:97)
	at org.triplea.sound.ClipPlayer.hasAudio(ClipPlayer.java:144)
	at org.triplea.sound.ClipPlayer.isSoundEnabled(ClipPlayer.java:251)
	at org.triplea.sound.ClipPlayer.play(ClipPlayer.java:220)
	at org.triplea.sound.DefaultSoundChannel.playSoundForAll(DefaultSoundChannel.java:22)
	at jdk.internal.reflect.GeneratedMethodAccessor56.invoke(Unknown Source)
	at java.base/jdk.internal.reflect.DelegatingMethodAccessorImpl.invoke(DelegatingMethodAccessorImpl.java:43)
	at java.base/java.lang.reflect.Method.invoke(Method.java:569)
	at games.strategy.engine.message.unifiedmessenger.EndPoint.invokeSingle(EndPoint.java:137)
	at games.strategy.engine.message.unifiedmessenger.EndPoint.lambda$invokeMultiple$0(EndPoint.java:121)
	at java.base/java.util.stream.ReferencePipeline$3$1.accept(ReferencePipeline.java:197)
	at java.base/java.util.Spliterators$ArraySpliterator.forEachRemaining(Spliterators.java:992)
	at java.base/java.util.stream.AbstractPipeline.copyInto(AbstractPipeline.java:509)
	at java.base/java.util.stream.AbstractPipeline.wrapAndCopyInto(AbstractPipeline.java:499)
	at java.base/java.util.stream.ReduceOps$ReduceOp.evaluateSequential(ReduceOps.java:921)
	at java.base/java.util.stream.AbstractPipeline.evaluate(AbstractPipeline.java:234)
	at java.base/java.util.stream.ReferencePipeline.collect(ReferencePipeline.java:682)
	at games.strategy.engine.message.unifiedmessenger.EndPoint.invokeMultiple(EndPoint.java:122)
	at games.strategy.engine.message.unifiedmessenger.EndPoint.invokeLocal(EndPoint.java:112)
	at games.strategy.engine.message.unifiedmessenger.UnifiedMessenger.invoke(UnifiedMessenger.java:153)
	at games.strategy.engine.message.UnifiedInvocationHandler.invoke(UnifiedInvocationHandler.java:47)
	at jdk.proxy2/jdk.proxy2.$Proxy25.playSoundForAll(Unknown Source)
	at jdk.internal.reflect.GeneratedMethodAccessor55.invoke(Unknown Source)
	at java.base/jdk.internal.reflect.DelegatingMethodAccessorImpl.invoke(DelegatingMethodAccessorImpl.java:43)
	at java.base/java.lang.reflect.Method.invoke(Method.java:569)
	at games.strategy.engine.delegate.DelegateExecutionManager.lambda$newOutboundImplementation$1(DelegateExecutionManager.java:79)
	at jdk.proxy2/jdk.proxy2.$Proxy25.playSoundForAll(Unknown Source)
	at games.strategy.triplea.delegate.battle.BattleTracker.takeOver(BattleTracker.java:794)
	at games.strategy.triplea.delegate.battle.BattleTracker.addEmptyBattle(BattleTracker.java:523)
	at games.strategy.triplea.delegate.battle.BattleTracker.addBattle(BattleTracker.java:345)
	at games.strategy.triplea.delegate.battle.BattleTracker.addBattle(BattleTracker.java:293)
	at games.strategy.triplea.delegate.MovePerformer$3.execute(MovePerformer.java:267)
	at games.strategy.triplea.delegate.ExecutionStack.execute(ExecutionStack.java:34)
	at games.strategy.triplea.delegate.MovePerformer.populateStack(MovePerformer.java:324)
	at games.strategy.triplea.delegate.MovePerformer.moveUnits(MovePerformer.java:81)
	at games.strategy.triplea.delegate.MoveDelegate.performMove(MoveDelegate.java:675)
	at jdk.internal.reflect.GeneratedMethodAccessor35.invoke(Unknown Source)
	at java.base/jdk.internal.reflect.DelegatingMethodAccessorImpl.invoke(DelegatingMethodAccessorImpl.java:43)
	at java.base/java.lang.reflect.Method.invoke(Method.java:569)
	at games.strategy.engine.delegate.DelegateExecutionManager$1.invoke(DelegateExecutionManager.java:120)
	at jdk.proxy2/jdk.proxy2.$Proxy14.performMove(Unknown Source)
	at jdk.internal.reflect.GeneratedMethodAccessor46.invoke(Unknown Source)
	at java.base/jdk.internal.reflect.DelegatingMethodAccessorImpl.invoke(DelegatingMethodAccessorImpl.java:43)
	at java.base/java.lang.reflect.Method.invoke(Method.java:569)
	at games.strategy.engine.message.unifiedmessenger.EndPoint.invokeSingle(EndPoint.java:137)
	at games.strategy.engine.message.unifiedmessenger.EndPoint.lambda$invokeMultiple$0(EndPoint.java:121)
	at java.base/java.util.stream.ReferencePipeline$3$1.accept(ReferencePipeline.java:197)
	at java.base/java.util.Spliterators$ArraySpliterator.forEachRemaining(Spliterators.java:992)
	at java.base/java.util.stream.AbstractPipeline.copyInto(AbstractPipeline.java:509)
	at java.base/java.util.stream.AbstractPipeline.wrapAndCopyInto(AbstractPipeline.java:499)
	at java.base/java.util.stream.ReduceOps$ReduceOp.evaluateSequential(ReduceOps.java:921)
	at java.base/java.util.stream.AbstractPipeline.evaluate(AbstractPipeline.java:234)
	at java.base/java.util.stream.ReferencePipeline.collect(ReferencePipeline.java:682)
	at games.strategy.engine.message.unifiedmessenger.EndPoint.invokeMultiple(EndPoint.java:122)
	at games.strategy.engine.message.unifiedmessenger.EndPoint.invokeLocal(EndPoint.java:112)
	at games.strategy.engine.message.unifiedmessenger.UnifiedMessenger.invokeAndWait(UnifiedMessenger.java:97)
	at games.strategy.engine.message.UnifiedInvocationHandler.invoke(UnifiedInvocationHandler.java:55)
	at jdk.proxy2/jdk.proxy2.$Proxy14.performMove(Unknown Source)
	at jdk.internal.reflect.GeneratedMethodAccessor35.invoke(Unknown Source)
	at java.base/jdk.internal.reflect.DelegatingMethodAccessorImpl.invoke(DelegatingMethodAccessorImpl.java:43)
	at java.base/java.lang.reflect.Method.invoke(Method.java:569)
	at games.strategy.engine.player.PlayerBridge$GameOverInvocationHandler.invoke(PlayerBridge.java:151)
	at jdk.proxy2/jdk.proxy2.$Proxy14.performMove(Unknown Source)
	at games.strategy.triplea.ai.weak.WeakAi.doMove(WeakAi.java:237)
	at games.strategy.triplea.ai.weak.WeakAi.doCombatMove(WeakAi.java:152)
	at games.strategy.triplea.ai.weak.WeakAi.move(WeakAi.java:124)
	at games.strategy.triplea.ai.AbstractAi.start(AbstractAi.java:521)
	at games.strategy.engine.framework.ServerGame.waitForPlayerToFinishStep(ServerGame.java:648)
	at games.strategy.engine.framework.ServerGame.runStep(ServerGame.java:478)
	at games.strategy.engine.framework.ServerGame.runNextStep(ServerGame.java:365)
	at games.strategy.engine.framework.ServerGame.startGame(ServerGame.java:333)
	at games.strategy.engine.framework.startup.launcher.LocalLauncher.launchInternal(LocalLauncher.java:92)
	at games.strategy.engine.framework.startup.launcher.LocalLauncher.lambda$launch$0(LocalLauncher.java:60)
	at java.base/java.lang.Thread.run(Thread.java:840)
204559 23:59:33.723 [Thread-8] INFO  org.triplea.sound.ClipPlayer - Unable to create audio device, is there audio on the system? Cannot create AudioDevice
javazoom.jl.decoder.JavaLayerException: Cannot create AudioDevice
	at javazoom.jl.player.FactoryRegistry.createAudioDevice(FactoryRegistry.java:97)
	at org.triplea.sound.ClipPlayer.hasAudio(ClipPlayer.java:144)
	at org.triplea.sound.ClipPlayer.isSoundEnabled(ClipPlayer.java:251)
	at org.triplea.sound.ClipPlayer.play(ClipPlayer.java:220)
	at org.triplea.sound.DefaultSoundChannel.playSoundForAll(DefaultSoundChannel.java:22)
	at jdk.internal.reflect.GeneratedMethodAccessor56.invoke(Unknown Source)
	at java.base/jdk.internal.reflect.DelegatingMethodAccessorImpl.invoke(DelegatingMethodAccessorImpl.java:43)
	at java.base/java.lang.reflect.Method.invoke(Method.java:569)
	at games.strategy.engine.message.unifiedmessenger.EndPoint.invokeSingle(EndPoint.java:137)
	at games.strategy.engine.message.unifiedmessenger.EndPoint.lambda$invokeMultiple$0(EndPoint.java:121)
	at java.base/java.util.stream.ReferencePipeline$3$1.accept(ReferencePipeline.java:197)
	at java.base/java.util.Spliterators$ArraySpliterator.forEachRemaining(Spliterators.java:992)
	at java.base/java.util.stream.AbstractPipeline.copyInto(AbstractPipeline.java:509)
	at java.base/java.util.stream.AbstractPipeline.wrapAndCopyInto(AbstractPipeline.java:499)
	at java.base/java.util.stream.ReduceOps$ReduceOp.evaluateSequential(ReduceOps.java:921)
	at java.base/java.util.stream.AbstractPipeline.evaluate(AbstractPipeline.java:234)
	at java.base/java.util.stream.ReferencePipeline.collect(ReferencePipeline.java:682)
	at games.strategy.engine.message.unifiedmessenger.EndPoint.invokeMultiple(EndPoint.java:122)
	at games.strategy.engine.message.unifiedmessenger.EndPoint.invokeLocal(EndPoint.java:112)
	at games.strategy.engine.message.unifiedmessenger.UnifiedMessenger.invoke(UnifiedMessenger.java:153)
	at games.strategy.engine.message.UnifiedInvocationHandler.invoke(UnifiedInvocationHandler.java:47)
	at jdk.proxy2/jdk.proxy2.$Proxy25.playSoundForAll(Unknown Source)
	at jdk.internal.reflect.GeneratedMethodAccessor55.invoke(Unknown Source)
	at java.base/jdk.internal.reflect.DelegatingMethodAccessorImpl.invoke(DelegatingMethodAccessorImpl.java:43)
	at java.base/java.lang.reflect.Method.invoke(Method.java:569)
	at games.strategy.engine.delegate.DelegateExecutionManager.lambda$newOutboundImplementation$1(DelegateExecutionManager.java:79)
	at jdk.proxy2/jdk.proxy2.$Proxy25.playSoundForAll(Unknown Source)
	at games.strategy.triplea.delegate.AbstractPlaceDelegate.placeUnits(AbstractPlaceDelegate.java:302)
	at games.strategy.triplea.delegate.AbstractPlaceDelegate.placeUnits(AbstractPlaceDelegate.java:201)
	at jdk.internal.reflect.GeneratedMethodAccessor54.invoke(Unknown Source)
	at java.base/jdk.internal.reflect.DelegatingMethodAccessorImpl.invoke(DelegatingMethodAccessorImpl.java:43)
	at java.base/java.lang.reflect.Method.invoke(Method.java:569)
	at games.strategy.engine.delegate.DelegateExecutionManager$1.invoke(DelegateExecutionManager.java:120)
	at jdk.proxy2/jdk.proxy2.$Proxy16.placeUnits(Unknown Source)
	at jdk.internal.reflect.GeneratedMethodAccessor62.invoke(Unknown Source)
	at java.base/jdk.internal.reflect.DelegatingMethodAccessorImpl.invoke(DelegatingMethodAccessorImpl.java:43)
	at java.base/java.lang.reflect.Method.invoke(Method.java:569)
	at games.strategy.engine.message.unifiedmessenger.EndPoint.invokeSingle(EndPoint.java:137)
	at games.strategy.engine.message.unifiedmessenger.EndPoint.lambda$invokeMultiple$0(EndPoint.java:121)
	at java.base/java.util.stream.ReferencePipeline$3$1.accept(ReferencePipeline.java:197)
	at java.base/java.util.Spliterators$ArraySpliterator.forEachRemaining(Spliterators.java:992)
	at java.base/java.util.stream.AbstractPipeline.copyInto(AbstractPipeline.java:509)
	at java.base/java.util.stream.AbstractPipeline.wrapAndCopyInto(AbstractPipeline.java:499)
	at java.base/java.util.stream.ReduceOps$ReduceOp.evaluateSequential(ReduceOps.java:921)
	at java.base/java.util.stream.AbstractPipeline.evaluate(AbstractPipeline.java:234)
	at java.base/java.util.stream.ReferencePipeline.collect(ReferencePipeline.java:682)
	at games.strategy.engine.message.unifiedmessenger.EndPoint.invokeMultiple(EndPoint.java:122)
	at games.strategy.engine.message.unifiedmessenger.EndPoint.invokeLocal(EndPoint.java:112)
	at games.strategy.engine.message.unifiedmessenger.UnifiedMessenger.invokeAndWait(UnifiedMessenger.java:97)
	at games.strategy.engine.message.UnifiedInvocationHandler.invoke(UnifiedInvocationHandler.java:55)
	at jdk.proxy2/jdk.proxy2.$Proxy16.placeUnits(Unknown Source)
	at jdk.internal.reflect.GeneratedMethodAccessor54.invoke(Unknown Source)
	at java.base/jdk.internal.reflect.DelegatingMethodAccessorImpl.invoke(DelegatingMethodAccessorImpl.java:43)
	at java.base/java.lang.reflect.Method.invoke(Method.java:569)
	at games.strategy.engine.player.PlayerBridge$GameOverInvocationHandler.invoke(PlayerBridge.java:151)
	at jdk.proxy2/jdk.proxy2.$Proxy16.placeUnits(Unknown Source)
	at games.strategy.triplea.ai.weak.WeakAi.doPlace(WeakAi.java:1110)
	at games.strategy.triplea.ai.weak.WeakAi.placeAllWeCanOn(WeakAi.java:1104)
	at games.strategy.triplea.ai.weak.WeakAi.lambda$place$15(WeakAi.java:1054)
	at java.base/java.util.Optional.ifPresent(Optional.java:178)
	at games.strategy.triplea.ai.weak.WeakAi.place(WeakAi.java:1054)
	at games.strategy.triplea.ai.AbstractAi.start(AbstractAi.java:531)
	at games.strategy.engine.framework.ServerGame.waitForPlayerToFinishStep(ServerGame.java:648)
	at games.strategy.engine.framework.ServerGame.runStep(ServerGame.java:478)
	at games.strategy.engine.framework.ServerGame.runNextStep(ServerGame.java:365)
	at games.strategy.engine.framework.ServerGame.startGame(ServerGame.java:333)
	at games.strategy.engine.framework.startup.launcher.LocalLauncher.launchInternal(LocalLauncher.java:92)
	at games.strategy.engine.framework.startup.launcher.LocalLauncher.lambda$launch$0(LocalLauncher.java:60)
	at java.base/java.lang.Thread.run(Thread.java:840)
209544 23:59:38.708 [Thread-8] INFO  org.triplea.sound.ClipPlayer - Unable to create audio device, is there audio on the system? Cannot create AudioDevice
javazoom.jl.decoder.JavaLayerException: Cannot create AudioDevice
	at javazoom.jl.player.FactoryRegistry.createAudioDevice(FactoryRegistry.java:97)
	at org.triplea.sound.ClipPlayer.hasAudio(ClipPlayer.java:144)
	at org.triplea.sound.ClipPlayer.isSoundEnabled(ClipPlayer.java:251)
	at org.triplea.sound.ClipPlayer.play(ClipPlayer.java:220)
	at org.triplea.sound.DefaultSoundChannel.playSoundForAll(DefaultSoundChannel.java:22)
	at jdk.internal.reflect.GeneratedMethodAccessor56.invoke(Unknown Source)
	at java.base/jdk.internal.reflect.DelegatingMethodAccessorImpl.invoke(DelegatingMethodAccessorImpl.java:43)
	at java.base/java.lang.reflect.Method.invoke(Method.java:569)
	at games.strategy.engine.message.unifiedmessenger.EndPoint.invokeSingle(EndPoint.java:137)
	at games.strategy.engine.message.unifiedmessenger.EndPoint.lambda$invokeMultiple$0(EndPoint.java:121)
	at java.base/java.util.stream.ReferencePipeline$3$1.accept(ReferencePipeline.java:197)
	at java.base/java.util.Spliterators$ArraySpliterator.forEachRemaining(Spliterators.java:992)
	at java.base/java.util.stream.AbstractPipeline.copyInto(AbstractPipeline.java:509)
	at java.base/java.util.stream.AbstractPipeline.wrapAndCopyInto(AbstractPipeline.java:499)
	at java.base/java.util.stream.ReduceOps$ReduceOp.evaluateSequential(ReduceOps.java:921)
	at java.base/java.util.stream.AbstractPipeline.evaluate(AbstractPipeline.java:234)
	at java.base/java.util.stream.ReferencePipeline.collect(ReferencePipeline.java:682)
	at games.strategy.engine.message.unifiedmessenger.EndPoint.invokeMultiple(EndPoint.java:122)
	at games.strategy.engine.message.unifiedmessenger.EndPoint.invokeLocal(EndPoint.java:112)
	at games.strategy.engine.message.unifiedmessenger.UnifiedMessenger.invoke(UnifiedMessenger.java:153)
	at games.strategy.engine.message.UnifiedInvocationHandler.invoke(UnifiedInvocationHandler.java:47)
	at jdk.proxy2/jdk.proxy2.$Proxy25.playSoundForAll(Unknown Source)
	at jdk.internal.reflect.GeneratedMethodAccessor55.invoke(Unknown Source)
	at java.base/jdk.internal.reflect.DelegatingMethodAccessorImpl.invoke(DelegatingMethodAccessorImpl.java:43)
	at java.base/java.lang.reflect.Method.invoke(Method.java:569)
	at games.strategy.engine.delegate.DelegateExecutionManager.lambda$newOutboundImplementation$1(DelegateExecutionManager.java:79)
	at jdk.proxy2/jdk.proxy2.$Proxy25.playSoundForAll(Unknown Source)
	at org.triplea.sound.SoundUtils.playBattleType(SoundUtils.java:42)
	at games.strategy.triplea.delegate.battle.MustFightBattle.fight(MustFightBattle.java:686)
	at games.strategy.triplea.delegate.battle.BattleTracker.fightBattleIfOnlyOne(BattleTracker.java:1300)
	at games.strategy.triplea.delegate.battle.BattleDelegate.start(BattleDelegate.java:125)
	at games.strategy.engine.framework.ServerGame.startStep(ServerGame.java:611)
	at games.strategy.engine.framework.ServerGame.runStep(ServerGame.java:471)
	at games.strategy.engine.framework.ServerGame.runNextStep(ServerGame.java:365)
	at games.strategy.engine.framework.ServerGame.startGame(ServerGame.java:333)
	at games.strategy.engine.framework.startup.launcher.LocalLauncher.launchInternal(LocalLauncher.java:92)
	at games.strategy.engine.framework.startup.launcher.LocalLauncher.lambda$launch$0(LocalLauncher.java:60)
	at java.base/java.lang.Thread.run(Thread.java:840)
219995 23:59:49.159 [Thread-8] INFO  org.triplea.sound.ClipPlayer - Unable to create audio device, is there audio on the system? Cannot create AudioDevice
javazoom.jl.decoder.JavaLayerException: Cannot create AudioDevice
	at javazoom.jl.player.FactoryRegistry.createAudioDevice(FactoryRegistry.java:97)
	at org.triplea.sound.ClipPlayer.hasAudio(ClipPlayer.java:144)
	at org.triplea.sound.ClipPlayer.isSoundEnabled(ClipPlayer.java:251)
	at org.triplea.sound.ClipPlayer.play(ClipPlayer.java:220)
	at org.triplea.sound.DefaultSoundChannel.playSoundForAll(DefaultSoundChannel.java:22)
	at jdk.internal.reflect.GeneratedMethodAccessor56.invoke(Unknown Source)
	at java.base/jdk.internal.reflect.DelegatingMethodAccessorImpl.invoke(DelegatingMethodAccessorImpl.java:43)
	at java.base/java.lang.reflect.Method.invoke(Method.java:569)
	at games.strategy.engine.message.unifiedmessenger.EndPoint.invokeSingle(EndPoint.java:137)
	at games.strategy.engine.message.unifiedmessenger.EndPoint.lambda$invokeMultiple$0(EndPoint.java:121)
	at java.base/java.util.stream.ReferencePipeline$3$1.accept(ReferencePipeline.java:197)
	at java.base/java.util.Spliterators$ArraySpliterator.forEachRemaining(Spliterators.java:992)
	at java.base/java.util.stream.AbstractPipeline.copyInto(AbstractPipeline.java:509)
	at java.base/java.util.stream.AbstractPipeline.wrapAndCopyInto(AbstractPipeline.java:499)
	at java.base/java.util.stream.ReduceOps$ReduceOp.evaluateSequential(ReduceOps.java:921)
	at java.base/java.util.stream.AbstractPipeline.evaluate(AbstractPipeline.java:234)
	at java.base/java.util.stream.ReferencePipeline.collect(ReferencePipeline.java:682)
	at games.strategy.engine.message.unifiedmessenger.EndPoint.invokeMultiple(EndPoint.java:122)
	at games.strategy.engine.message.unifiedmessenger.EndPoint.invokeLocal(EndPoint.java:112)
	at games.strategy.engine.message.unifiedmessenger.UnifiedMessenger.invoke(UnifiedMessenger.java:153)
	at games.strategy.engine.message.UnifiedInvocationHandler.invoke(UnifiedInvocationHandler.java:47)
	at jdk.proxy2/jdk.proxy2.$Proxy25.playSoundForAll(Unknown Source)
	at jdk.internal.reflect.GeneratedMethodAccessor55.invoke(Unknown Source)
	at java.base/jdk.internal.reflect.DelegatingMethodAccessorImpl.invoke(DelegatingMethodAccessorImpl.java:43)
	at java.base/java.lang.reflect.Method.invoke(Method.java:569)
	at games.strategy.engine.delegate.DelegateExecutionManager.lambda$newOutboundImplementation$1(DelegateExecutionManager.java:79)
	at jdk.proxy2/jdk.proxy2.$Proxy25.playSoundForAll(Unknown Source)
	at games.strategy.triplea.delegate.battle.BattleTracker.takeOver(BattleTracker.java:794)
	at games.strategy.triplea.delegate.battle.MustFightBattle.attackerWins(MustFightBattle.java:1430)
	at games.strategy.triplea.delegate.battle.MustFightBattle.endBattle(MustFightBattle.java:462)
	at games.strategy.triplea.delegate.battle.steps.change.CheckGeneralBattleEnd.execute(CheckGeneralBattleEnd.java:64)
	at games.strategy.triplea.delegate.ExecutionStack.execute(ExecutionStack.java:34)
	at games.strategy.triplea.delegate.battle.MustFightBattle.fight(MustFightBattle.java:690)
	at games.strategy.triplea.delegate.battle.BattleTracker.fightBattleIfOnlyOne(BattleTracker.java:1300)
	at games.strategy.triplea.delegate.battle.BattleDelegate.start(BattleDelegate.java:125)
	at games.strategy.engine.framework.ServerGame.startStep(ServerGame.java:611)
	at games.strategy.engine.framework.ServerGame.runStep(ServerGame.java:471)
	at games.strategy.engine.framework.ServerGame.runNextStep(ServerGame.java:365)
	at games.strategy.engine.framework.ServerGame.startGame(ServerGame.java:333)
	at games.strategy.engine.framework.startup.launcher.LocalLauncher.launchInternal(LocalLauncher.java:92)
	at games.strategy.engine.framework.startup.launcher.LocalLauncher.lambda$launch$0(LocalLauncher.java:60)
	at java.base/java.lang.Thread.run(Thread.java:840)
221265 23:59:50.429 [Thread-8] INFO  org.triplea.sound.ClipPlayer - Unable to create audio device, is there audio on the system? Cannot create AudioDevice
javazoom.jl.decoder.JavaLayerException: Cannot create AudioDevice
	at javazoom.jl.player.FactoryRegistry.createAudioDevice(FactoryRegistry.java:97)
	at org.triplea.sound.ClipPlayer.hasAudio(ClipPlayer.java:144)
	at org.triplea.sound.ClipPlayer.isSoundEnabled(ClipPlayer.java:251)
	at org.triplea.sound.ClipPlayer.play(ClipPlayer.java:220)
	at org.triplea.sound.DefaultSoundChannel.playSoundForAll(DefaultSoundChannel.java:22)
	at jdk.internal.reflect.GeneratedMethodAccessor56.invoke(Unknown Source)
	at java.base/jdk.internal.reflect.DelegatingMethodAccessorImpl.invoke(DelegatingMethodAccessorImpl.java:43)
	at java.base/java.lang.reflect.Method.invoke(Method.java:569)
	at games.strategy.engine.message.unifiedmessenger.EndPoint.invokeSingle(EndPoint.java:137)
	at games.strategy.engine.message.unifiedmessenger.EndPoint.lambda$invokeMultiple$0(EndPoint.java:121)
	at java.base/java.util.stream.ReferencePipeline$3$1.accept(ReferencePipeline.java:197)
	at java.base/java.util.Spliterators$ArraySpliterator.forEachRemaining(Spliterators.java:992)
	at java.base/java.util.stream.AbstractPipeline.copyInto(AbstractPipeline.java:509)
	at java.base/java.util.stream.AbstractPipeline.wrapAndCopyInto(AbstractPipeline.java:499)
	at java.base/java.util.stream.ReduceOps$ReduceOp.evaluateSequential(ReduceOps.java:921)
	at java.base/java.util.stream.AbstractPipeline.evaluate(AbstractPipeline.java:234)
	at java.base/java.util.stream.ReferencePipeline.collect(ReferencePipeline.java:682)
	at games.strategy.engine.message.unifiedmessenger.EndPoint.invokeMultiple(EndPoint.java:122)
	at games.strategy.engine.message.unifiedmessenger.EndPoint.invokeLocal(EndPoint.java:112)
	at games.strategy.engine.message.unifiedmessenger.UnifiedMessenger.invoke(UnifiedMessenger.java:153)
	at games.strategy.engine.message.UnifiedInvocationHandler.invoke(UnifiedInvocationHandler.java:47)
	at jdk.proxy2/jdk.proxy2.$Proxy25.playSoundForAll(Unknown Source)
	at jdk.internal.reflect.GeneratedMethodAccessor55.invoke(Unknown Source)
	at java.base/jdk.internal.reflect.DelegatingMethodAccessorImpl.invoke(DelegatingMethodAccessorImpl.java:43)
	at java.base/java.lang.reflect.Method.invoke(Method.java:569)
	at games.strategy.engine.delegate.DelegateExecutionManager.lambda$newOutboundImplementation$1(DelegateExecutionManager.java:79)
	at jdk.proxy2/jdk.proxy2.$Proxy25.playSoundForAll(Unknown Source)
	at games.strategy.triplea.delegate.AbstractPlaceDelegate.placeUnits(AbstractPlaceDelegate.java:302)
	at games.strategy.triplea.delegate.AbstractPlaceDelegate.placeUnits(AbstractPlaceDelegate.java:201)
	at jdk.internal.reflect.GeneratedMethodAccessor54.invoke(Unknown Source)
	at java.base/jdk.internal.reflect.DelegatingMethodAccessorImpl.invoke(DelegatingMethodAccessorImpl.java:43)
	at java.base/java.lang.reflect.Method.invoke(Method.java:569)
	at games.strategy.engine.delegate.DelegateExecutionManager$1.invoke(DelegateExecutionManager.java:120)
	at jdk.proxy2/jdk.proxy2.$Proxy16.placeUnits(Unknown Source)
	at jdk.internal.reflect.GeneratedMethodAccessor62.invoke(Unknown Source)
	at java.base/jdk.internal.reflect.DelegatingMethodAccessorImpl.invoke(DelegatingMethodAccessorImpl.java:43)
	at java.base/java.lang.reflect.Method.invoke(Method.java:569)
	at games.strategy.engine.message.unifiedmessenger.EndPoint.invokeSingle(EndPoint.java:137)
	at games.strategy.engine.message.unifiedmessenger.EndPoint.lambda$invokeMultiple$0(EndPoint.java:121)
	at java.base/java.util.stream.ReferencePipeline$3$1.accept(ReferencePipeline.java:197)
	at java.base/java.util.Spliterators$ArraySpliterator.forEachRemaining(Spliterators.java:992)
	at java.base/java.util.stream.AbstractPipeline.copyInto(AbstractPipeline.java:509)
	at java.base/java.util.stream.AbstractPipeline.wrapAndCopyInto(AbstractPipeline.java:499)
	at java.base/java.util.stream.ReduceOps$ReduceOp.evaluateSequential(ReduceOps.java:921)
	at java.base/java.util.stream.AbstractPipeline.evaluate(AbstractPipeline.java:234)
	at java.base/java.util.stream.ReferencePipeline.collect(ReferencePipeline.java:682)
	at games.strategy.engine.message.unifiedmessenger.EndPoint.invokeMultiple(EndPoint.java:122)
	at games.strategy.engine.message.unifiedmessenger.EndPoint.invokeLocal(EndPoint.java:112)
	at games.strategy.engine.message.unifiedmessenger.UnifiedMessenger.invokeAndWait(UnifiedMessenger.java:97)
	at games.strategy.engine.message.UnifiedInvocationHandler.invoke(UnifiedInvocationHandler.java:55)
	at jdk.proxy2/jdk.proxy2.$Proxy16.placeUnits(Unknown Source)
	at jdk.internal.reflect.GeneratedMethodAccessor54.invoke(Unknown Source)
	at java.base/jdk.internal.reflect.DelegatingMethodAccessorImpl.invoke(DelegatingMethodAccessorImpl.java:43)
	at java.base/java.lang.reflect.Method.invoke(Method.java:569)
	at games.strategy.engine.player.PlayerBridge$GameOverInvocationHandler.invoke(PlayerBridge.java:151)
	at jdk.proxy2/jdk.proxy2.$Proxy16.placeUnits(Unknown Source)
	at games.strategy.triplea.ai.tripleMind.ProPurchaseAi.doPlace(ProPurchaseAi.java:2627)
	at games.strategy.triplea.ai.tripleMind.ProPurchaseAi.placeUnits(ProPurchaseAi.java:2545)
	at games.strategy.triplea.ai.tripleMind.ProPurchaseAi.place(ProPurchaseAi.java:562)
	at games.strategy.triplea.ai.tripleMind.AbstractTripleMindAi.place(AbstractTripleMindAi.java:380)
	at games.strategy.triplea.ai.AbstractAi.start(AbstractAi.java:531)
	at games.strategy.engine.framework.ServerGame.waitForPlayerToFinishStep(ServerGame.java:648)
	at games.strategy.engine.framework.ServerGame.runStep(ServerGame.java:478)
	at games.strategy.engine.framework.ServerGame.runNextStep(ServerGame.java:365)
	at games.strategy.engine.framework.ServerGame.startGame(ServerGame.java:333)
	at games.strategy.engine.framework.startup.launcher.LocalLauncher.launchInternal(LocalLauncher.java:92)
	at games.strategy.engine.framework.startup.launcher.LocalLauncher.lambda$launch$0(LocalLauncher.java:60)
	at java.base/java.lang.Thread.run(Thread.java:840)
221394 23:59:50.558 [Thread-8] INFO  org.triplea.sound.ClipPlayer - Unable to create audio device, is there audio on the system? Cannot create AudioDevice
javazoom.jl.decoder.JavaLayerException: Cannot create AudioDevice
	at javazoom.jl.player.FactoryRegistry.createAudioDevice(FactoryRegistry.java:97)
	at org.triplea.sound.ClipPlayer.hasAudio(ClipPlayer.java:144)
	at org.triplea.sound.ClipPlayer.isSoundEnabled(ClipPlayer.java:251)
	at org.triplea.sound.ClipPlayer.play(ClipPlayer.java:220)
	at org.triplea.sound.DefaultSoundChannel.playSoundForAll(DefaultSoundChannel.java:22)
	at jdk.internal.reflect.GeneratedMethodAccessor56.invoke(Unknown Source)
	at java.base/jdk.internal.reflect.DelegatingMethodAccessorImpl.invoke(DelegatingMethodAccessorImpl.java:43)
	at java.base/java.lang.reflect.Method.invoke(Method.java:569)
	at games.strategy.engine.message.unifiedmessenger.EndPoint.invokeSingle(EndPoint.java:137)
	at games.strategy.engine.message.unifiedmessenger.EndPoint.lambda$invokeMultiple$0(EndPoint.java:121)
	at java.base/java.util.stream.ReferencePipeline$3$1.accept(ReferencePipeline.java:197)
	at java.base/java.util.Spliterators$ArraySpliterator.forEachRemaining(Spliterators.java:992)
	at java.base/java.util.stream.AbstractPipeline.copyInto(AbstractPipeline.java:509)
	at java.base/java.util.stream.AbstractPipeline.wrapAndCopyInto(AbstractPipeline.java:499)
	at java.base/java.util.stream.ReduceOps$ReduceOp.evaluateSequential(ReduceOps.java:921)
	at java.base/java.util.stream.AbstractPipeline.evaluate(AbstractPipeline.java:234)
	at java.base/java.util.stream.ReferencePipeline.collect(ReferencePipeline.java:682)
	at games.strategy.engine.message.unifiedmessenger.EndPoint.invokeMultiple(EndPoint.java:122)
	at games.strategy.engine.message.unifiedmessenger.EndPoint.invokeLocal(EndPoint.java:112)
	at games.strategy.engine.message.unifiedmessenger.UnifiedMessenger.invoke(UnifiedMessenger.java:153)
	at games.strategy.engine.message.UnifiedInvocationHandler.invoke(UnifiedInvocationHandler.java:47)
	at jdk.proxy2/jdk.proxy2.$Proxy25.playSoundForAll(Unknown Source)
	at jdk.internal.reflect.GeneratedMethodAccessor55.invoke(Unknown Source)
	at java.base/jdk.internal.reflect.DelegatingMethodAccessorImpl.invoke(DelegatingMethodAccessorImpl.java:43)
	at java.base/java.lang.reflect.Method.invoke(Method.java:569)
	at games.strategy.engine.delegate.DelegateExecutionManager.lambda$newOutboundImplementation$1(DelegateExecutionManager.java:79)
	at jdk.proxy2/jdk.proxy2.$Proxy25.playSoundForAll(Unknown Source)
	at games.strategy.triplea.delegate.AbstractPlaceDelegate.placeUnits(AbstractPlaceDelegate.java:302)
	at games.strategy.triplea.delegate.AbstractPlaceDelegate.placeUnits(AbstractPlaceDelegate.java:201)
	at jdk.internal.reflect.GeneratedMethodAccessor54.invoke(Unknown Source)
	at java.base/jdk.internal.reflect.DelegatingMethodAccessorImpl.invoke(DelegatingMethodAccessorImpl.java:43)
	at java.base/java.lang.reflect.Method.invoke(Method.java:569)
	at games.strategy.engine.delegate.DelegateExecutionManager$1.invoke(DelegateExecutionManager.java:120)
	at jdk.proxy2/jdk.proxy2.$Proxy16.placeUnits(Unknown Source)
	at jdk.internal.reflect.GeneratedMethodAccessor62.invoke(Unknown Source)
	at java.base/jdk.internal.reflect.DelegatingMethodAccessorImpl.invoke(DelegatingMethodAccessorImpl.java:43)
	at java.base/java.lang.reflect.Method.invoke(Method.java:569)
	at games.strategy.engine.message.unifiedmessenger.EndPoint.invokeSingle(EndPoint.java:137)
	at games.strategy.engine.message.unifiedmessenger.EndPoint.lambda$invokeMultiple$0(EndPoint.java:121)
	at java.base/java.util.stream.ReferencePipeline$3$1.accept(ReferencePipeline.java:197)
	at java.base/java.util.Spliterators$ArraySpliterator.forEachRemaining(Spliterators.java:992)
	at java.base/java.util.stream.AbstractPipeline.copyInto(AbstractPipeline.java:509)
	at java.base/java.util.stream.AbstractPipeline.wrapAndCopyInto(AbstractPipeline.java:499)
	at java.base/java.util.stream.ReduceOps$ReduceOp.evaluateSequential(ReduceOps.java:921)
	at java.base/java.util.stream.AbstractPipeline.evaluate(AbstractPipeline.java:234)
	at java.base/java.util.stream.ReferencePipeline.collect(ReferencePipeline.java:682)
	at games.strategy.engine.message.unifiedmessenger.EndPoint.invokeMultiple(EndPoint.java:122)
	at games.strategy.engine.message.unifiedmessenger.EndPoint.invokeLocal(EndPoint.java:112)
	at games.strategy.engine.message.unifiedmessenger.UnifiedMessenger.invokeAndWait(UnifiedMessenger.java:97)
	at games.strategy.engine.message.UnifiedInvocationHandler.invoke(UnifiedInvocationHandler.java:55)
	at jdk.proxy2/jdk.proxy2.$Proxy16.placeUnits(Unknown Source)
	at jdk.internal.reflect.GeneratedMethodAccessor54.invoke(Unknown Source)
	at java.base/jdk.internal.reflect.DelegatingMethodAccessorImpl.invoke(DelegatingMethodAccessorImpl.java:43)
	at java.base/java.lang.reflect.Method.invoke(Method.java:569)
	at games.strategy.engine.player.PlayerBridge$GameOverInvocationHandler.invoke(PlayerBridge.java:151)
	at jdk.proxy2/jdk.proxy2.$Proxy16.placeUnits(Unknown Source)
	at games.strategy.triplea.ai.tripleMind.ProPurchaseAi.doPlace(ProPurchaseAi.java:2627)
	at games.strategy.triplea.ai.tripleMind.ProPurchaseAi.placeUnits(ProPurchaseAi.java:2545)
	at games.strategy.triplea.ai.tripleMind.ProPurchaseAi.place(ProPurchaseAi.java:562)
	at games.strategy.triplea.ai.tripleMind.AbstractTripleMindAi.place(AbstractTripleMindAi.java:380)
	at games.strategy.triplea.ai.AbstractAi.start(AbstractAi.java:531)
	at games.strategy.engine.framework.ServerGame.waitForPlayerToFinishStep(ServerGame.java:648)
	at games.strategy.engine.framework.ServerGame.runStep(ServerGame.java:478)
	at games.strategy.engine.framework.ServerGame.runNextStep(ServerGame.java:365)
	at games.strategy.engine.framework.ServerGame.startGame(ServerGame.java:333)
	at games.strategy.engine.framework.startup.launcher.LocalLauncher.launchInternal(LocalLauncher.java:92)
	at games.strategy.engine.framework.startup.launcher.LocalLauncher.lambda$launch$0(LocalLauncher.java:60)
	at java.base/java.lang.Thread.run(Thread.java:840)
221525 23:59:50.689 [Thread-8] INFO  org.triplea.sound.ClipPlayer - Unable to create audio device, is there audio on the system? Cannot create AudioDevice
javazoom.jl.decoder.JavaLayerException: Cannot create AudioDevice
	at javazoom.jl.player.FactoryRegistry.createAudioDevice(FactoryRegistry.java:97)
	at org.triplea.sound.ClipPlayer.hasAudio(ClipPlayer.java:144)
	at org.triplea.sound.ClipPlayer.isSoundEnabled(ClipPlayer.java:251)
	at org.triplea.sound.ClipPlayer.play(ClipPlayer.java:220)
	at org.triplea.sound.DefaultSoundChannel.playSoundForAll(DefaultSoundChannel.java:22)
	at jdk.internal.reflect.GeneratedMethodAccessor56.invoke(Unknown Source)
	at java.base/jdk.internal.reflect.DelegatingMethodAccessorImpl.invoke(DelegatingMethodAccessorImpl.java:43)
	at java.base/java.lang.reflect.Method.invoke(Method.java:569)
	at games.strategy.engine.message.unifiedmessenger.EndPoint.invokeSingle(EndPoint.java:137)
	at games.strategy.engine.message.unifiedmessenger.EndPoint.lambda$invokeMultiple$0(EndPoint.java:121)
	at java.base/java.util.stream.ReferencePipeline$3$1.accept(ReferencePipeline.java:197)
	at java.base/java.util.Spliterators$ArraySpliterator.forEachRemaining(Spliterators.java:992)
	at java.base/java.util.stream.AbstractPipeline.copyInto(AbstractPipeline.java:509)
	at java.base/java.util.stream.AbstractPipeline.wrapAndCopyInto(AbstractPipeline.java:499)
	at java.base/java.util.stream.ReduceOps$ReduceOp.evaluateSequential(ReduceOps.java:921)
	at java.base/java.util.stream.AbstractPipeline.evaluate(AbstractPipeline.java:234)
	at java.base/java.util.stream.ReferencePipeline.collect(ReferencePipeline.java:682)
	at games.strategy.engine.message.unifiedmessenger.EndPoint.invokeMultiple(EndPoint.java:122)
	at games.strategy.engine.message.unifiedmessenger.EndPoint.invokeLocal(EndPoint.java:112)
	at games.strategy.engine.message.unifiedmessenger.UnifiedMessenger.invoke(UnifiedMessenger.java:153)
	at games.strategy.engine.message.UnifiedInvocationHandler.invoke(UnifiedInvocationHandler.java:47)
	at jdk.proxy2/jdk.proxy2.$Proxy25.playSoundForAll(Unknown Source)
	at jdk.internal.reflect.GeneratedMethodAccessor55.invoke(Unknown Source)
	at java.base/jdk.internal.reflect.DelegatingMethodAccessorImpl.invoke(DelegatingMethodAccessorImpl.java:43)
	at java.base/java.lang.reflect.Method.invoke(Method.java:569)
	at games.strategy.engine.delegate.DelegateExecutionManager.lambda$newOutboundImplementation$1(DelegateExecutionManager.java:79)
	at jdk.proxy2/jdk.proxy2.$Proxy25.playSoundForAll(Unknown Source)
	at games.strategy.triplea.delegate.AbstractPlaceDelegate.placeUnits(AbstractPlaceDelegate.java:302)
	at games.strategy.triplea.delegate.AbstractPlaceDelegate.placeUnits(AbstractPlaceDelegate.java:201)
	at jdk.internal.reflect.GeneratedMethodAccessor54.invoke(Unknown Source)
	at java.base/jdk.internal.reflect.DelegatingMethodAccessorImpl.invoke(DelegatingMethodAccessorImpl.java:43)
	at java.base/java.lang.reflect.Method.invoke(Method.java:569)
	at games.strategy.engine.delegate.DelegateExecutionManager$1.invoke(DelegateExecutionManager.java:120)
	at jdk.proxy2/jdk.proxy2.$Proxy16.placeUnits(Unknown Source)
	at jdk.internal.reflect.GeneratedMethodAccessor62.invoke(Unknown Source)
	at java.base/jdk.internal.reflect.DelegatingMethodAccessorImpl.invoke(DelegatingMethodAccessorImpl.java:43)
	at java.base/java.lang.reflect.Method.invoke(Method.java:569)
	at games.strategy.engine.message.unifiedmessenger.EndPoint.invokeSingle(EndPoint.java:137)
	at games.strategy.engine.message.unifiedmessenger.EndPoint.lambda$invokeMultiple$0(EndPoint.java:121)
	at java.base/java.util.stream.ReferencePipeline$3$1.accept(ReferencePipeline.java:197)
	at java.base/java.util.Spliterators$ArraySpliterator.forEachRemaining(Spliterators.java:992)
	at java.base/java.util.stream.AbstractPipeline.copyInto(AbstractPipeline.java:509)
	at java.base/java.util.stream.AbstractPipeline.wrapAndCopyInto(AbstractPipeline.java:499)
	at java.base/java.util.stream.ReduceOps$ReduceOp.evaluateSequential(ReduceOps.java:921)
	at java.base/java.util.stream.AbstractPipeline.evaluate(AbstractPipeline.java:234)
	at java.base/java.util.stream.ReferencePipeline.collect(ReferencePipeline.java:682)
	at games.strategy.engine.message.unifiedmessenger.EndPoint.invokeMultiple(EndPoint.java:122)
	at games.strategy.engine.message.unifiedmessenger.EndPoint.invokeLocal(EndPoint.java:112)
	at games.strategy.engine.message.unifiedmessenger.UnifiedMessenger.invokeAndWait(UnifiedMessenger.java:97)
	at games.strategy.engine.message.UnifiedInvocationHandler.invoke(UnifiedInvocationHandler.java:55)
	at jdk.proxy2/jdk.proxy2.$Proxy16.placeUnits(Unknown Source)
	at jdk.internal.reflect.GeneratedMethodAccessor54.invoke(Unknown Source)
	at java.base/jdk.internal.reflect.DelegatingMethodAccessorImpl.invoke(DelegatingMethodAccessorImpl.java:43)
	at java.base/java.lang.reflect.Method.invoke(Method.java:569)
	at games.strategy.engine.player.PlayerBridge$GameOverInvocationHandler.invoke(PlayerBridge.java:151)
	at jdk.proxy2/jdk.proxy2.$Proxy16.placeUnits(Unknown Source)
	at games.strategy.triplea.ai.tripleMind.ProPurchaseAi.doPlace(ProPurchaseAi.java:2627)
	at games.strategy.triplea.ai.tripleMind.ProPurchaseAi.placeUnits(ProPurchaseAi.java:2545)
	at games.strategy.triplea.ai.tripleMind.ProPurchaseAi.place(ProPurchaseAi.java:562)
	at games.strategy.triplea.ai.tripleMind.AbstractTripleMindAi.place(AbstractTripleMindAi.java:380)
	at games.strategy.triplea.ai.AbstractAi.start(AbstractAi.java:531)
	at games.strategy.engine.framework.ServerGame.waitForPlayerToFinishStep(ServerGame.java:648)
	at games.strategy.engine.framework.ServerGame.runStep(ServerGame.java:478)
	at games.strategy.engine.framework.ServerGame.runNextStep(ServerGame.java:365)
	at games.strategy.engine.framework.ServerGame.startGame(ServerGame.java:333)
	at games.strategy.engine.framework.startup.launcher.LocalLauncher.launchInternal(LocalLauncher.java:92)
	at games.strategy.engine.framework.startup.launcher.LocalLauncher.lambda$launch$0(LocalLauncher.java:60)
	at java.base/java.lang.Thread.run(Thread.java:840)
221654 23:59:50.818 [Thread-8] INFO  org.triplea.sound.ClipPlayer - Unable to create audio device, is there audio on the system? Cannot create AudioDevice
javazoom.jl.decoder.JavaLayerException: Cannot create AudioDevice
	at javazoom.jl.player.FactoryRegistry.createAudioDevice(FactoryRegistry.java:97)
	at org.triplea.sound.ClipPlayer.hasAudio(ClipPlayer.java:144)
	at org.triplea.sound.ClipPlayer.isSoundEnabled(ClipPlayer.java:251)
	at org.triplea.sound.ClipPlayer.play(ClipPlayer.java:220)
	at org.triplea.sound.DefaultSoundChannel.playSoundForAll(DefaultSoundChannel.java:22)
	at jdk.internal.reflect.GeneratedMethodAccessor56.invoke(Unknown Source)
	at java.base/jdk.internal.reflect.DelegatingMethodAccessorImpl.invoke(DelegatingMethodAccessorImpl.java:43)
	at java.base/java.lang.reflect.Method.invoke(Method.java:569)
	at games.strategy.engine.message.unifiedmessenger.EndPoint.invokeSingle(EndPoint.java:137)
	at games.strategy.engine.message.unifiedmessenger.EndPoint.lambda$invokeMultiple$0(EndPoint.java:121)
	at java.base/java.util.stream.ReferencePipeline$3$1.accept(ReferencePipeline.java:197)
	at java.base/java.util.Spliterators$ArraySpliterator.forEachRemaining(Spliterators.java:992)
	at java.base/java.util.stream.AbstractPipeline.copyInto(AbstractPipeline.java:509)
	at java.base/java.util.stream.AbstractPipeline.wrapAndCopyInto(AbstractPipeline.java:499)
	at java.base/java.util.stream.ReduceOps$ReduceOp.evaluateSequential(ReduceOps.java:921)
	at java.base/java.util.stream.AbstractPipeline.evaluate(AbstractPipeline.java:234)
	at java.base/java.util.stream.ReferencePipeline.collect(ReferencePipeline.java:682)
	at games.strategy.engine.message.unifiedmessenger.EndPoint.invokeMultiple(EndPoint.java:122)
	at games.strategy.engine.message.unifiedmessenger.EndPoint.invokeLocal(EndPoint.java:112)
	at games.strategy.engine.message.unifiedmessenger.UnifiedMessenger.invoke(UnifiedMessenger.java:153)
	at games.strategy.engine.message.UnifiedInvocationHandler.invoke(UnifiedInvocationHandler.java:47)
	at jdk.proxy2/jdk.proxy2.$Proxy25.playSoundForAll(Unknown Source)
	at jdk.internal.reflect.GeneratedMethodAccessor55.invoke(Unknown Source)
	at java.base/jdk.internal.reflect.DelegatingMethodAccessorImpl.invoke(DelegatingMethodAccessorImpl.java:43)
	at java.base/java.lang.reflect.Method.invoke(Method.java:569)
	at games.strategy.engine.delegate.DelegateExecutionManager.lambda$newOutboundImplementation$1(DelegateExecutionManager.java:79)
	at jdk.proxy2/jdk.proxy2.$Proxy25.playSoundForAll(Unknown Source)
	at games.strategy.triplea.delegate.AbstractPlaceDelegate.placeUnits(AbstractPlaceDelegate.java:302)
	at games.strategy.triplea.delegate.AbstractPlaceDelegate.placeUnits(AbstractPlaceDelegate.java:201)
	at jdk.internal.reflect.GeneratedMethodAccessor54.invoke(Unknown Source)
	at java.base/jdk.internal.reflect.DelegatingMethodAccessorImpl.invoke(DelegatingMethodAccessorImpl.java:43)
	at java.base/java.lang.reflect.Method.invoke(Method.java:569)
	at games.strategy.engine.delegate.DelegateExecutionManager$1.invoke(DelegateExecutionManager.java:120)
	at jdk.proxy2/jdk.proxy2.$Proxy16.placeUnits(Unknown Source)
	at jdk.internal.reflect.GeneratedMethodAccessor62.invoke(Unknown Source)
	at java.base/jdk.internal.reflect.DelegatingMethodAccessorImpl.invoke(DelegatingMethodAccessorImpl.java:43)
	at java.base/java.lang.reflect.Method.invoke(Method.java:569)
	at games.strategy.engine.message.unifiedmessenger.EndPoint.invokeSingle(EndPoint.java:137)
	at games.strategy.engine.message.unifiedmessenger.EndPoint.lambda$invokeMultiple$0(EndPoint.java:121)
	at java.base/java.util.stream.ReferencePipeline$3$1.accept(ReferencePipeline.java:197)
	at java.base/java.util.Spliterators$ArraySpliterator.forEachRemaining(Spliterators.java:992)
	at java.base/java.util.stream.AbstractPipeline.copyInto(AbstractPipeline.java:509)
	at java.base/java.util.stream.AbstractPipeline.wrapAndCopyInto(AbstractPipeline.java:499)
	at java.base/java.util.stream.ReduceOps$ReduceOp.evaluateSequential(ReduceOps.java:921)
	at java.base/java.util.stream.AbstractPipeline.evaluate(AbstractPipeline.java:234)
	at java.base/java.util.stream.ReferencePipeline.collect(ReferencePipeline.java:682)
	at games.strategy.engine.message.unifiedmessenger.EndPoint.invokeMultiple(EndPoint.java:122)
	at games.strategy.engine.message.unifiedmessenger.EndPoint.invokeLocal(EndPoint.java:112)
	at games.strategy.engine.message.unifiedmessenger.UnifiedMessenger.invokeAndWait(UnifiedMessenger.java:97)
	at games.strategy.engine.message.UnifiedInvocationHandler.invoke(UnifiedInvocationHandler.java:55)
	at jdk.proxy2/jdk.proxy2.$Proxy16.placeUnits(Unknown Source)
	at jdk.internal.reflect.GeneratedMethodAccessor54.invoke(Unknown Source)
	at java.base/jdk.internal.reflect.DelegatingMethodAccessorImpl.invoke(DelegatingMethodAccessorImpl.java:43)
	at java.base/java.lang.reflect.Method.invoke(Method.java:569)
	at games.strategy.engine.player.PlayerBridge$GameOverInvocationHandler.invoke(PlayerBridge.java:151)
	at jdk.proxy2/jdk.proxy2.$Proxy16.placeUnits(Unknown Source)
	at games.strategy.triplea.ai.tripleMind.ProPurchaseAi.doPlace(ProPurchaseAi.java:2627)
	at games.strategy.triplea.ai.tripleMind.ProPurchaseAi.placeUnits(ProPurchaseAi.java:2545)
	at games.strategy.triplea.ai.tripleMind.ProPurchaseAi.place(ProPurchaseAi.java:562)
	at games.strategy.triplea.ai.tripleMind.AbstractTripleMindAi.place(AbstractTripleMindAi.java:380)
	at games.strategy.triplea.ai.AbstractAi.start(AbstractAi.java:531)
	at games.strategy.engine.framework.ServerGame.waitForPlayerToFinishStep(ServerGame.java:648)
	at games.strategy.engine.framework.ServerGame.runStep(ServerGame.java:478)
	at games.strategy.engine.framework.ServerGame.runNextStep(ServerGame.java:365)
	at games.strategy.engine.framework.ServerGame.startGame(ServerGame.java:333)
	at games.strategy.engine.framework.startup.launcher.LocalLauncher.launchInternal(LocalLauncher.java:92)
	at games.strategy.engine.framework.startup.launcher.LocalLauncher.lambda$launch$0(LocalLauncher.java:60)
	at java.base/java.lang.Thread.run(Thread.java:840)
223627 23:59:52.791 [Thread-8] INFO  org.triplea.sound.ClipPlayer - Unable to create audio device, is there audio on the system? Cannot create AudioDevice
javazoom.jl.decoder.JavaLayerException: Cannot create AudioDevice
	at javazoom.jl.player.FactoryRegistry.createAudioDevice(FactoryRegistry.java:97)
	at org.triplea.sound.ClipPlayer.hasAudio(ClipPlayer.java:144)
	at org.triplea.sound.ClipPlayer.isSoundEnabled(ClipPlayer.java:251)
	at org.triplea.sound.ClipPlayer.play(ClipPlayer.java:220)
	at org.triplea.sound.DefaultSoundChannel.playSoundForAll(DefaultSoundChannel.java:22)
	at jdk.internal.reflect.GeneratedMethodAccessor56.invoke(Unknown Source)
	at java.base/jdk.internal.reflect.DelegatingMethodAccessorImpl.invoke(DelegatingMethodAccessorImpl.java:43)
	at java.base/java.lang.reflect.Method.invoke(Method.java:569)
	at games.strategy.engine.message.unifiedmessenger.EndPoint.invokeSingle(EndPoint.java:137)
	at games.strategy.engine.message.unifiedmessenger.EndPoint.lambda$invokeMultiple$0(EndPoint.java:121)
	at java.base/java.util.stream.ReferencePipeline$3$1.accept(ReferencePipeline.java:197)
	at java.base/java.util.Spliterators$ArraySpliterator.forEachRemaining(Spliterators.java:992)
	at java.base/java.util.stream.AbstractPipeline.copyInto(AbstractPipeline.java:509)
	at java.base/java.util.stream.AbstractPipeline.wrapAndCopyInto(AbstractPipeline.java:499)
	at java.base/java.util.stream.ReduceOps$ReduceOp.evaluateSequential(ReduceOps.java:921)
	at java.base/java.util.stream.AbstractPipeline.evaluate(AbstractPipeline.java:234)
	at java.base/java.util.stream.ReferencePipeline.collect(ReferencePipeline.java:682)
	at games.strategy.engine.message.unifiedmessenger.EndPoint.invokeMultiple(EndPoint.java:122)
	at games.strategy.engine.message.unifiedmessenger.EndPoint.invokeLocal(EndPoint.java:112)
	at games.strategy.engine.message.unifiedmessenger.UnifiedMessenger.invoke(UnifiedMessenger.java:153)
	at games.strategy.engine.message.UnifiedInvocationHandler.invoke(UnifiedInvocationHandler.java:47)
	at jdk.proxy2/jdk.proxy2.$Proxy25.playSoundForAll(Unknown Source)
	at jdk.internal.reflect.GeneratedMethodAccessor55.invoke(Unknown Source)
	at java.base/jdk.internal.reflect.DelegatingMethodAccessorImpl.invoke(DelegatingMethodAccessorImpl.java:43)
	at java.base/java.lang.reflect.Method.invoke(Method.java:569)
	at games.strategy.engine.delegate.DelegateExecutionManager.lambda$newOutboundImplementation$1(DelegateExecutionManager.java:79)
	at jdk.proxy2/jdk.proxy2.$Proxy25.playSoundForAll(Unknown Source)
	at org.triplea.sound.SoundUtils.playBattleType(SoundUtils.java:42)
	at games.strategy.triplea.delegate.battle.MustFightBattle.fight(MustFightBattle.java:686)
	at games.strategy.triplea.delegate.battle.BattleTracker.fightBattleIfOnlyOne(BattleTracker.java:1300)
	at games.strategy.triplea.delegate.battle.BattleDelegate.start(BattleDelegate.java:125)
	at games.strategy.engine.framework.ServerGame.startStep(ServerGame.java:611)
	at games.strategy.engine.framework.ServerGame.runStep(ServerGame.java:471)
	at games.strategy.engine.framework.ServerGame.runNextStep(ServerGame.java:365)
	at games.strategy.engine.framework.ServerGame.startGame(ServerGame.java:333)
	at games.strategy.engine.framework.startup.launcher.LocalLauncher.launchInternal(LocalLauncher.java:92)
	at games.strategy.engine.framework.startup.launcher.LocalLauncher.lambda$launch$0(LocalLauncher.java:60)
	at java.base/java.lang.Thread.run(Thread.java:840)
230054 23:59:59.218 [Thread-8] INFO  org.triplea.sound.ClipPlayer - Unable to create audio device, is there audio on the system? Cannot create AudioDevice
javazoom.jl.decoder.JavaLayerException: Cannot create AudioDevice
	at javazoom.jl.player.FactoryRegistry.createAudioDevice(FactoryRegistry.java:97)
	at org.triplea.sound.ClipPlayer.hasAudio(ClipPlayer.java:144)
	at org.triplea.sound.ClipPlayer.isSoundEnabled(ClipPlayer.java:251)
	at org.triplea.sound.ClipPlayer.play(ClipPlayer.java:220)
	at org.triplea.sound.DefaultSoundChannel.playSoundForAll(DefaultSoundChannel.java:22)
	at jdk.internal.reflect.GeneratedMethodAccessor56.invoke(Unknown Source)
	at java.base/jdk.internal.reflect.DelegatingMethodAccessorImpl.invoke(DelegatingMethodAccessorImpl.java:43)
	at java.base/java.lang.reflect.Method.invoke(Method.java:569)
	at games.strategy.engine.message.unifiedmessenger.EndPoint.invokeSingle(EndPoint.java:137)
	at games.strategy.engine.message.unifiedmessenger.EndPoint.lambda$invokeMultiple$0(EndPoint.java:121)
	at java.base/java.util.stream.ReferencePipeline$3$1.accept(ReferencePipeline.java:197)
	at java.base/java.util.Spliterators$ArraySpliterator.forEachRemaining(Spliterators.java:992)
	at java.base/java.util.stream.AbstractPipeline.copyInto(AbstractPipeline.java:509)
	at java.base/java.util.stream.AbstractPipeline.wrapAndCopyInto(AbstractPipeline.java:499)
	at java.base/java.util.stream.ReduceOps$ReduceOp.evaluateSequential(ReduceOps.java:921)
	at java.base/java.util.stream.AbstractPipeline.evaluate(AbstractPipeline.java:234)
	at java.base/java.util.stream.ReferencePipeline.collect(ReferencePipeline.java:682)
	at games.strategy.engine.message.unifiedmessenger.EndPoint.invokeMultiple(EndPoint.java:122)
	at games.strategy.engine.message.unifiedmessenger.EndPoint.invokeLocal(EndPoint.java:112)
	at games.strategy.engine.message.unifiedmessenger.UnifiedMessenger.invoke(UnifiedMessenger.java:153)
	at games.strategy.engine.message.UnifiedInvocationHandler.invoke(UnifiedInvocationHandler.java:47)
	at jdk.proxy2/jdk.proxy2.$Proxy25.playSoundForAll(Unknown Source)
	at jdk.internal.reflect.GeneratedMethodAccessor55.invoke(Unknown Source)
	at java.base/jdk.internal.reflect.DelegatingMethodAccessorImpl.invoke(DelegatingMethodAccessorImpl.java:43)
	at java.base/java.lang.reflect.Method.invoke(Method.java:569)
	at games.strategy.engine.delegate.DelegateExecutionManager.lambda$newOutboundImplementation$1(DelegateExecutionManager.java:79)
	at jdk.proxy2/jdk.proxy2.$Proxy25.playSoundForAll(Unknown Source)
	at games.strategy.triplea.delegate.battle.BattleTracker.takeOver(BattleTracker.java:794)
	at games.strategy.triplea.delegate.battle.MustFightBattle.attackerWins(MustFightBattle.java:1430)
	at games.strategy.triplea.delegate.battle.MustFightBattle.endBattle(MustFightBattle.java:462)
	at games.strategy.triplea.delegate.battle.steps.change.CheckGeneralBattleEnd.execute(CheckGeneralBattleEnd.java:64)
	at games.strategy.triplea.delegate.ExecutionStack.execute(ExecutionStack.java:34)
	at games.strategy.triplea.delegate.battle.MustFightBattle.fight(MustFightBattle.java:690)
	at games.strategy.triplea.delegate.battle.BattleTracker.fightBattleIfOnlyOne(BattleTracker.java:1300)
	at games.strategy.triplea.delegate.battle.BattleDelegate.start(BattleDelegate.java:125)
	at games.strategy.engine.framework.ServerGame.startStep(ServerGame.java:611)
	at games.strategy.engine.framework.ServerGame.runStep(ServerGame.java:471)
	at games.strategy.engine.framework.ServerGame.runNextStep(ServerGame.java:365)
	at games.strategy.engine.framework.ServerGame.startGame(ServerGame.java:333)
	at games.strategy.engine.framework.startup.launcher.LocalLauncher.launchInternal(LocalLauncher.java:92)
	at games.strategy.engine.framework.startup.launcher.LocalLauncher.lambda$launch$0(LocalLauncher.java:60)
	at java.base/java.lang.Thread.run(Thread.java:840)
